,13.29,0,970.08,102.64,.017,21.09
102,2012,117,1800,13.32,0,863.03,97.311,.383,89.3
102,2012,117,1900,13.33,0,479.26,59.104,.15,87.9
102,2012,117,2000,13.34,0,24.327,3.4093,0,2.763
102,2012,117,2100,13.36,0,0,2.025,0,1.77
102,2012,117,2200,13.38,0,0,2.6498,0,1.848
102,2012,117,2300,13.39,0,0,2.452,0,1.881
101,2012,117,2400,13.24,0,17007,1804.8,5.348
102,2012,117,2400,13.4,0,0,2.2226,0,1.919
102,2012,118,100,13.41,0,0,2.444,0,1.914
102,2012,118,200,13.42,0,0,2.0722,0,1.892
102,2012,118,300,13.42,0,0,2.5309,0,1.903
102,2012,118,400,13.42,0,0,2.61,0,1.925
102,2012,118,500,13.43,0,0,2.3727,0,1.864
102,2012,118,600,13.44,0,0,2.5388,0,1.864
102,2012,118,700,13.45,0,0,1.9536,0,1.903
102,2012,118,800,13.46,0,31.21,5.3783,0,7.55
102,2012,118,900,13.4,0,583.24,56.126,.683,271
102,2012,118,1000,13.33,0,1328.5,140.21,.966,513.6
102,2012,118,1100,13.28,0,2491.8,265.74,1,702
102,2012,118,1200,13.28,0,838.35,221.49,.566,309
102,2012,118,1300,13.23,0,0,362.46,.9,548
102,2012,118,1400,13.23,0,0,156.16,.1,103.3
102,2012,118,1500,13.22,0,0,397.86,.966,531.6
102,2012,118,1600,13.24,0,0,260.83,.716,342.7
102,2012,118,1700,13.28,0,0,291.54,.966,534.5
102,2012,118,1800,13.28,0,0,251.85,1,568.6
102,2012,118,1900,13.3,0,0,99.892,.983,382.5
102,2012,118,2000,13.32,0,0,8.297,.083,25.81
102,2012,118,2100,13.35,0,0,3.8047,0,1.837
102,2012,118,2200,13.37,0,0,3.4961,0,1.77
102,2012,118,2300,13.39,0,0,2.5944,0,1.699
101,2012,118,2400,13.22,0,5273.1,2546.2,8.93
102,2012,118,2400,13.39,0,0,1.9141,0,1.721
102,2012,119,100,13.4,0,0,2.2226,0,1.737
102,2012,119,200,13.4,0,0,2.9344,0,1.671
102,2012,119,300,13.42,0,0,3.9941,0,1.666
102,2012,119,400,13.43,0,0,2.8631,0,1.671
102,2012,119,500,13.43,0,0,2.5704,0,1.682
102,2012,119,600,13.43,0,0,2.6179,0,1.66
102,2012,119,700,13.45,0,0,2.5864,0,1.704
102,2012,119,800,13.46,0,0,7.2054,0,10.1
102,2012,119,900,13.44,0,0,42.078,.183,74.5
102,2012,119,1000,13.37,0,0,137.6,.666,332.3
102,2012,119,1100,13.34,0,0,145.64,1,294
102,2012,119,1200,13.28,0,0,262.4,1,526.5
102,2012,119,1300,13.27,0,0,110.94,.133,81.7
102,2012,119,1400,13.31,0,0,237.63,.45,182.8
102,2012,119,1500,13.27,0,0,355.42,1,657.2
102,2012,119,1600,13.25,0,0,360.71,1,854
102,2012,119,1700,13.25,0,0,327.8,1,917
102,2012,119,1800,13.26,0,0,187.83,1,639.1
102,2012,119,1900,13.28,0,0,35.532,.317,117.1
102,2012,119,2000,13.3,0,0,6.9763,0,12.19
102,2012,119,2100,13.34,0,0,2.4284,0,1.936
102,2012,119,2200,13.37,0,0,3.8679,0,1.803
102,2012,119,2300,13.38,0,0,4.9673,0,1.743
101,2012,119,2400,13.25,0,0,2252.6,7.75
102,2012,119,2400,13.4,0,0,3.8045,0,1.677
102,2012,120,100,13.41,0,0,4.2868,0,1.677
102,2012,120,200,13.43,0,0,3.6778,0,1.677
102,2012,120,300,13.44,0,0,2.8789,0,1.704
102,2012,120,400,13.45,0,0,2.5942,0,1.809
102,2012,120,500,13.46,0,0,2.8552,0,1.831
102,2012,120,600,13.47,0,0,3.1163,0,1.787
102,2012,120,700,13.48,0,0,3.2588,0,1.749
102,2012,120,800,13.48,0,0,4.3509,0,3.47
102,2012,120,900,13.44,0,0,37.81,.75,184.8
102,2012,120,1000,13.37,0,0,125.65,1,426.5
102,2012,120,1100,13.33,0,0,214.28,.933,486.6
102,2012,120,1200,13.28,0,0,236.66,.8,382.2
102,2012,120,1300,13.23,0,0,332.16,.966,641.9
102,2012,120,1400,13.21,0,0,358.39,1,762
102,2012,120,1500,13.19,0,0,377.84,1,835
102,2012,120,1600,13.17,0,0,333.02,1,789
102,2012,120,1700,13.17,0,0,307.21,1,841
102,2012,120,1800,13.19,0,0,193.66,.883,646.9
102,2012,120,1900,13.22,0,0,11.7,0,11.43
102,2012,120,2000,13.27,0,0,3.6387,0,1.985
102,2012,120,2100,13.32,108.98,0,1.4159,0,1.754
102,2012,120,2200,13.34,0,0,2.7686,0,1.803
102,2012,120,2300,13.37,0,0,1.2339,0,2.03
101,2012,120,2400,13.17,108.98,0,2566.5,9.33
102,2012,120,2400,13.39,0,0,2.0169,0,2.096
102,2012,121,100,13.42,0,0,3.496,0,2.079
102,2012,121,200,13.44,0,0,3.2272,0,2.085
102,2012,121,300,13.45,0,0,3.3854,0,2.096
102,2012,121,400,13.45,0,0,3.9786,0,2.14
102,2012,121,500,13.46,0,0,3.6781,0,1.997
102,2012,121,600,13.46,0,0,3.3142,0,1.986
102,2012,121,700,13.47,0,0,3.1164,0,2.03
102,2012,121,800,13.47,0,0,6.7707,0,6.928
102,2012,121,900,13.45,0,0,38.987,.217,77.9
102,2012,121,1000,13.42,0,0,74.592,.283,89.8
102,2012,121,1100,13.4,0,0,71.152,0,6.166
102,2012,121,1200,13.37,0,0,87.584,0,12.34
102,2012,121,1300,13.34,0,0,135.25,.033,8.55
102,2012,121,1400,13.32,0,0,183.44,0,9.09
102,2012,121,1500,13.32,0,0,175.8,0,35.57
102,2012,121,1600,13.32,0,0,149.12,.133,69.6
102,2012,121,1700,13.31,0,0,146.06,.9,259.9
102,2012,121,1800,13.32,0,0,75.029,.45,143.6
102,2012,121,1900,13.32,0,92.785,36.423,.1,66.34
102,2012,121,2000,13.32,0,0,21.65,.3,107
102,2012,121,2100,13.33,0,0,3.2431,0,1.748
102,2012,121,2200,13.33,0,0,3.678,0,1.677
102,2012,121,2300,13.39,0,0,4.5874,0,1.66
101,2012,121,2400,13.31,0,92.785,1241.4,2.416
102,2012,121,2400,13.4,0,0,3.8043,0,1.666
102,2012,122,100,13.4,0,0,3.6619,0,1.66
102,2012,122,200,13.4,0,0,2.9106,0,1.666
102,2012,122,300,13.41,0,0,2.3411,0,1.688
102,2012,122,400,13.4,0,0,2.7602,0,1.655
102,2012,122,500,13.42,0,0,2.7841,0,1.666
102,2012,122,600,13.42,0,0,3.1164,0,1.721
102,2012,122,700,13.42,0,0,2.6101,0,1.765
102,2012,122,800,13.41,0,0,11.145,.267,56.93
102,2012,122,900,13.35,0,0,69.744,1,471.7
102,2012,122,1000,13.28,0,0,155.17,1,641.1
102,2012,122,1100,13.23,0,0,228.35,1,731
102,2012,122,1200,13.21,0,0,264.27,.766,569.6
102,2012,122,1300,13.19,0,0,372.76,1,736
102,2012,122,1400,13.17,0,0,397.86,.966,753
102,2012,122,1500,13.16,0,0,343.95,.966,718
102,2012,122,1600,13.16,0,0,207.44,.433,333.9
102,2012,122,1700,13.2,0,0,205.86,.816,486.8
102,2012,122,1800,13.22,103.62,0,108.01,.183,124.7
102,2012,122,1900,13.24,0,0,76.92,.317,178.7
102,2012,122,2000,13.31,0,0,12.451,0,2.664
102,2012,122,2100,13.34,0,0,9.7845,0,1.93
102,2012,122,2200,13.37,0,0,5.9955,0,1.881
102,2012,122,2300,13.38,0,0,1.5898,0,1.798
101,2012,122,2400,13.16,103.62,0,2492.9,8.71
102,2012,122,2400,13.39,0,0,1.4553,0,1.732
102,2012,123,100,13.4,0,0,1.5107,0,1.677
102,2012,123,200,13.4,0,0,1.6688,0,1.666
102,2012,123,300,13.42,0,9.1175,3.3614,0,1.781
102,2012,123,400,13.43,0,0,3.4803,0,1.886
102,2012,123,500,13.44,0,0,2.3413,0,1.925
102,2012,123,600,13.45,0,0,3.2668,0,2.024
102,2012,123,700,13.45,0,0,3.7335,0,2.008
102,2012,123,800,13.46,0,0,5.4024,0,1.837
102,2012,123,900,13.46,0,0,27.756,.05,34.92
102,2012,123,1000,13.39,0,0,144.26,.417,202.7
102,2012,123,1100,13.33,0,0,200.14,.95,434.7
102,2012,123,1200,13.3,0,0,272.56,1,465.1
102,2012,123,1300,13.27,0,0,315.26,1,354
102,2012,123,1400,13.25,0,0,307.02,.75,280.6
102,2012,123,1500,13.23,0,0,356.97,.95,691.3
102,2012,123,1600,13.21,0,0,363.56,1,851
102,2012,123,1700,13.22,0,0,255.48,.733,475
102,2012,123,1800,13.24,0,0,141.99,.716,274.5
102,2012,123,1900,13.27,0,0,127.21,.95,485.2
102,2012,123,2000,13.3,0,0,12.608,.217,66.7
102,2012,123,2100,13.32,0,0,3.1324,0,1.892
102,2012,123,2200,13.35,0,0,3.7018,0,1.864
102,2012,123,2300,13.37,0,0,3.4249,0,1.875
101,2012,123,2400,13.21,0,9.1175,2562.4,8.73
102,2012,123,2400,13.38,0,0,2.5864,0,1.886
102,2012,124,100,13.39,0,0,2.8474,0,1.809
102,2012,124,200,13.4,0,0,3.0926,0,1.787
102,2012,124,300,13.41,0,0,3.5513,0,1.732
102,2012,124,400,13.41,0,0,3.5117,0,1.732
102,2012,124,500,13.42,0,0,2.7524,0,1.699
102,2012,124,600,13.42,0,0,2.1671,0,1.671
102,2012,124,700,13.42,0,0,2.6733,0,1.677
102,2012,124,800,13.42,0,0,3.7253,0,1.699
102,2012,124,900,13.42,0,0,6.5883,0,2.024
102,2012,124,1000,13.41,0,0,10.748,0,3.436
102,2012,124,1100,13.41,0,0,14.134,0,5.488
102,2012,124,1200,13.41,0,0,17.147,0,1.803
102,2012,124,1300,13.42,0,0,15.265,0,11.36
102,2012,124,1400,13.4,0,0,90.861,0,2.669
102,2012,124,1500,13.38,0,0,140.73,0,9.2
102,2012,124,1600,13.33,0,0,258.18,.766,282
102,2012,124,1700,13.32,0,0,296.62,1,731
102,2012,124,1800,13.31,0,0,178.9,.75,438
102,2012,124,1900,13.32,0,0,53.16,.317,114.1
102,2012,124,2000,13.35,0,0,6.4152,0,5.918
102,2012,124,2100,13.36,0,0,1.7797,0,1.903
102,2012,124,2200,13.39,0,0,2.0249,0,1.809
102,2012,124,2300,13.4,0,0,3.6621,0,1.776
101,2012,124,2400,13.31,0,0,1052.1,2.832
102,2012,124,2400,13.41,0,0,4.5241,0,1.721
102,2012,125,100,13.42,0,0,3.6303,0,1.693
102,2012,125,200,13.43,0,0,2.8552,0,1.721
102,2012,125,300,13.44,0,490.98,2.3806,0,1.726
102,2012,125,400,13.44,0,452.83,3.2981,0,1.704
102,2012,125,500,13.45,0,237.06,2.7921,0,1.737
102,2012,125,600,13.45,0,96.988,3.0373,0,1.743
102,2012,125,700,13.46,0,361.75,2.2147,0,1.76
102,2012,125,800,13.46,0,0,6.0352,0,4.959
102,2012,125,900,13.44,0,0,44.437,.067,48.06
102,2012,125,1000,13.41,0,0,101.1,0,44.44
102,2012,125,1100,13.36,0,0,172.33,.483,114.3
102,2012,125,1200,13.29,0,0,286.52,1,493.6
102,2012,125,1300,13.25,0,0,301.99,.816,459.2
102,2012,125,1400,13.21,0,0,371.57,.95,572.3
102,2012,125,1500,13.2,0,0,186.53,.3,198.4
102,2012,125,1600,12.84,0,0,314.07,.983,599.6
102,2012,125,1700,13.22,0,0,190.68,.95,399.8
102,2012,125,1800,13.25,0,0,133.3,.466,286.2
102,2012,125,1900,13.27,0,0,13.344,0,4.34
102,2012,125,2000,13.35,33.546,0,3.7335,0,2.195
102,2012,125,2100,13.39,0,0,2.4124,0,1.859
102,2012,125,2200,13.4,0,0,.75141,0,1.77
102,2012,125,2300,13.42,0,0,.76725,0,1.936
101,2012,125,2400,12.84,33.546,1639.6,2150.1,6.014
102,2012,125,2400,13.43,0,0,.28475,0,1.93
102,2012,126,100,13.44,0,0,.2373,0,1.787
102,2012,126,200,13.45,0,0,.42714,0,1.864
102,2012,126,300,13.46,0,0,1.4238,0,1.925
102,2012,126,400,13.46,0,0,1.052,0,1.859
102,2012,126,500,13.46,0,0,1.4633,0,1.787
102,2012,126,600,13.46,0,0,2.1594,0,1.677
102,2012,126,700,13.47,0,0,1.3526,0,1.666
102,2012,126,800,13.46,0,0,4.6747,0,2.592
102,2012,126,900,13.43,0,0,47.166,.433,141.9
102,2012,126,1000,13.35,0,0,187.48,1,547.8
102,2012,126,1100,13.28,0,0,259.16,1,682.5
102,2012,126,1200,13.24,0,0,328.97,1,792
102,2012,126,1300,13.23,0,0,238.53,.6,362.2
102,2012,126,1400,13.23,0,0,277.6,.55,295.7
102,2012,126,1500,13.21,17.325,0,264.89,.633,339.8
102,2012,126,1600,13.28,0,0,136.61,.167,114
102,2012,126,1700,13.27,0,156.78,217.73,.6,271.2
102,2012,126,1800,13.3,0,570.25,87.26,.45,89.7
102,2012,126,1900,13.33,0,0,36.821,0,16.35
102,2012,126,2000,13.35,0,0,10.346,0,3.436
102,2012,126,2100,13.39,0,0,5.2836,0,1.787
102,2012,126,2200,13.41,0,0,5.8054,0,1.754
102,2012,126,2300,13.42,0,0,6.7071,0,1.715
101,2012,126,2400,13.21,17.325,727.03,2128.7,6.431
102,2012,126,2400,13.42,0,0,5.5207,0,1.743
102,2012,127,100,13.43,0,0,4.627,0,1.677
102,2012,127,200,13.44,0,0,3.8995,0,1.704
102,2012,127,300,13.44,0,0,4.5324,0,1.671
102,2012,127,400,13.45,0,0,3.6306,0,1.682
102,2012,127,500,13.46,0,0,3.8758,0,1.66
102,2012,127,600,13.46,0,0,4.0973,0,1.677
102,2012,127,700,13.46,0,0,3.2747,0,1.682
102,2012,127,800,13.46,0,0,7.6251,0,1.671
102,2012,127,900,13.44,0,0,16.294,0,1.737
102,2012,127,1000,13.42,0,0,64.817,0,6.166
102,2012,127,1100,13.4,0,0,77.867,0,5.372
102,2012,127,1200,13.36,0,0,164.08,.167,51.83
102,2012,127,1300,13.33,0,0,199.27,.417,129.5
102,2012,127,1400,13.34,0,0,179.08,0,28.07
102,2012,127,1500,13.32,0,0,305.28,.916,217.4
102,2012,127,1600,13.3,0,0,295.6,.983,294.3
102,2012,127,1700,13.3,0,0,147.4,.15,94.5
102,2012,127,1800,13.31,0,0,126,.683,170.4
102,2012,127,1900,13.32,0,0,46.247,.067,47.42
102,2012,127,2000,13.35,0,0,6.2411,0,14.37
102,2012,127,2100,13.39,0,0,2.6339,0,1.732
102,2012,127,2200,13.41,0,0,2.531,0,1.71
102,2012,127,2300,13.42,0,0,3.0609,0,1.704
101,2012,127,2400,13.3,0,0,1675.7,3.382
102,2012,127,2400,13.42,0,0,3.6778,0,1.688
102,2012,128,100,13.41,0,0,2.3017,0,1.677
102,2012,128,200,13.38,0,0,1.9773,0,1.655
102,2012,128,300,13.42,0,0,1.7875,0,1.666
102,2012,128,400,13.43,0,0,1.7164,0,1.655
102,2012,128,500,13.44,0,0,1.8034,0,1.682
102,2012,128,600,13.44,0,0,1.2497,0,1.677
102,2012,128,700,13.45,0,0,1.2181,0,1.638
102,2012,128,800,13.44,0,0,5.5764,0,4.942
102,2012,128,900,13.41,0,0,43.235,0,25.69
102,2012,128,1000,13.37,0,0,117.1,.466,126.2
102,2012,128,1100,13.33,0,0,222.2,.966,394.2
102,2012,128,1200,13.28,0,0,341.28,.866,579.5
102,2012,128,1300,13.27,0,0,252.97,.433,224.5
102,2012,128,1400,13.26,0,0,325.04,.816,308.2
102,2012,128,1500,13.25,0,0,352.54,.733,536.1
102,2012,128,1600,13.25,0,0,306.1,1,554.7
102,2012,128,1700,13.28,0,0,237.14,.933,468.7
102,2012,128,1800,13.3,11.129,0,117.98,.65,259.4
102,2012,128,1900,13.33,0,0,48.078,.133,56.17
102,2012,128,2000,13.35,0,0,11.722,0,2.228
102,2012,128,2100,13.37,0,0,7.166,0,1.743
102,2012,128,2200,13.39,0,0,4.5162,0,1.699
102,2012,128,2300,13.41,0,0,3.6383,0,1.693
101,2012,128,2400,13.25,11.129,0,2412.4,6.997
102,2012,128,2400,13.42,0,0,4.026,0,1.688
102,2012,129,100,13.42,0,0,3.2113,0,1.688
102,2012,129,200,13.43,0,0,3.1797,0,1.682
102,2012,129,300,13.44,0,0,3.4012,0,1.682
102,2012,129,400,13.45,0,0,3.3617,0,1.671
102,2012,129,500,13.45,0,0,3.425,0,1.671
102,2012,129,600,13.45,0,0,2.9504,0,1.666
102,2012,129,700,13.46,0,0,3.1323,0,1.671
102,2012,129,800,13.46,0,0,4.7538,0,1.655
102,2012,129,900,13.44,0,0,45.987,.05,17.03
102,2012,129,1000,13.4,0,0,122.99,.233,84.9
102,2012,129,1100,13.37,0,0,151.36,.217,90.1
102,2012,129,1200,13.38,0,211.66,26.632,0,7.53
102,2012,129,1300,13.4,0,0,110.25,0,30.5
102,2012,129,1400,13.36,0,0,242.04,.1,71.8
102,2012,129,1500,13.3,0,796.06,338.92,.983,458.2
102,2012,129,1600,13.29,0,1825,232.17,.916,278.3
102,2012,129,1700,13.3,0,757.3,152.76,.367,130.6
102,2012,129,1800,13.3,0,0,117.92,.5,208.4
102,2012,129,1900,13.32,0,89.568,13.423,0,11.55
102,2012,129,2000,13.36,0,0,6.5335,0,1.963
102,2012,129,2100,13.39,0,0,5.6948,0,1.715
102,2012,129,2200,13.4,0,1372.2,4.0654,0,1.765
102,2012,129,2300,13.42,0,133.99,4.6032,0,1.737
101,2012,129,2400,13.29,0,5185.8,1606.5,3.365
102,2012,129,2400,13.43,0,0,3.6939,0,1.682
102,2012,130,100,13.44,0,0,3.1007,0,1.682
102,2012,130,200,13.44,0,0,2.7526,0,1.704
102,2012,130,300,13.44,0,0,2.5945,0,1.693
102,2012,130,400,13.44,0,0,2.2464,0,1.693
102,2012,130,500,13.45,0,0,3.4803,0,1.655
102,2012,130,600,13.46,0,0,3.4487,0,1.699
102,2012,130,700,13.46,0,0,3.7967,0,1.682
102,2012,130,800,13.46,0,0,6.8736,0,1.677
102,2012,130,900,13.44,0,0,42.191,0,2.504
102,2012,130,1000,13.38,0,0,155.01,.85,248.4
102,2012,130,1100,13.32,0,0,235.49,1,383.3
102,2012,130,1200,13.28,0,0,289.64,1,292
102,2012,130,1300,13.27,0,0,260.71,.283,114.3
102,2012,130,1400,13.29,0,0,195.01,0,7.88
102,2012,130,1500,13.29,0,0,181.58,.033,13.16
102,2012,130,1600,13.3,0,0,159.08,0,20.38
102,2012,130,1700,12.82,0,0,222.06,.716,305.5
102,2012,130,1800,13.29,0,0,235.79,1,454.9
102,2012,130,1900,13.3,0,0,69.24,.267,93
102,2012,130,2000,13.34,0,0,7.0084,0,4.964
102,2012,130,2100,13.35,0,0,2.2702,0,1.842
102,2012,130,2200,13.37,0,0,1.7718,0,1.837
102,2012,130,2300,13.38,0,0,1.8904,0,1.848
101,2012,130,2400,12.82,0,0,2089.7,5.148
102,2012,130,2400,13.39,0,0,2.626,0,1.826
102,2012,131,100,13.4,0,0,2.4915,0,1.748
102,2012,131,200,13.4,0,0,2.7446,0,1.726
102,2012,131,300,13.41,0,0,2.6971,0,1.71
102,2012,131,400,13.41,0,0,2.3649,0,1.715
102,2012,131,500,13.42,0,0,2.4598,0,1.748
102,2012,131,600,13.42,0,0,2.1514,0,1.688
102,2012,131,700,13.42,0,0,2.5548,0,1.699
102,2012,131,800,13.42,0,0,4.5953,0,1.693
102,2012,131,900,13.43,0,0,12.853,0,2.228
102,2012,131,1000,13.42,0,0,32.325,0,5.46
102,2012,131,1100,13.42,0,0,19.789,0,2.3
102,2012,131,1200,13.41,0,0,72.513,0,2.173
102,2012,131,1300,13.37,0,0,214.85,.017,24.56
102,2012,131,1400,13.32,0,0,350.58,.666,259.8
102,2012,131,1500,13.27,0,0,379.23,.966,516.8
102,2012,131,1600,13.28,0,0,200.37,.916,240.2
102,2012,131,1700,13.29,0,0,130.28,0,28.12
102,2012,131,1800,13.31,0,0,83.437,0,2.035
102,2012,131,1900,13.32,18.808,0,39.096,0,13.99
102,2012,131,2000,13.33,0,0,8.7007,0,10.47
102,2012,131,2100,12.97,0,0,3.7968,0,1.748
102,2012,131,2200,12.8,0,0,4.1684,0,1.759
102,2012,131,2300,12.8,0,0,4.6666,0,1.699
101,2012,131,2400,12.8,18.808,0,1582,2.566
102,2012,131,2400,12.8,0,0,3.2744,0,1.649
102,2012,132,100,12.78,0,0,2.705,0,1.644
102,2012,132,200,12.76,0,0,3.1559,0,1.616
102,2012,132,300,12.76,0,0,4.2712,0,1.539
102,2012,132,400,12.73,0,0,2.8238,0,1.423
102,2012,132,500,12.73,0,0,2.4916,0,1.456
102,2012,132,600,12.73,0,0,2.8792,0,1.445
102,2012,132,700,12.73,0,0,3.33,0,1.412
102,2012,132,800,12.73,0,0,4.8962,0,1.925
102,2012,132,900,12.73,0,0,19.165,0,2.383
102,2012,132,1000,12.73,0,0,83.931,.217,56.59
102,2012,132,1100,12.78,0,0,226.65,.95,348.9
102,2012,132,1200,13.33,0,0,201.98,.4,136.1
102,2012,132,1300,13.32,0,0,313.37,.616,159.8
102,2012,132,1400,13.32,0,0,242.93,0,35.67
102,2012,132,1500,13.32,0,0,207.17,0,40.81
102,2012,132,1600,13.3,0,0,249.33,.75,286.1
102,2012,132,1700,13.3,0,0,332.71,1,826
102,2012,132,1800,13.31,0,0,238.07,1,694.4
102,2012,132,1900,13.33,0,0,123.06,1,463.6
102,2012,132,2000,13.34,276.21,0,14.666,.2,58.87
102,2012,132,2100,13.38,8.7877,0,3.4486,0,1.627
102,2012,132,2200,13.4,0,0,4.8407,0,1.533
102,2012,132,2300,13.43,2.7764,0,4.4769,0,1.445
101,2012,132,2400,12.73,641.8,0,2296.5,6.131
102,2012,132,2400,13.44,354.02,0,4.1211,0,1.473
102,2012,133,100,13.46,1052.5,0,3.4961,0,1.506
102,2012,133,200,13.47,692.02,0,3.5594,0,1.522
102,2012,133,300,13.48,365.15,0,2.9031,0,1.567
102,2012,133,400,13.49,0,0,3.3461,0,1.567
102,2012,133,500,13.49,0,0,2.9902,0,1.572
102,2012,133,600,13.51,0,0,3.3066,0,1.572
102,2012,133,700,13.51,0,0,2.5867,0,1.506
102,2012,133,800,13.51,218.04,18.277,7.2459,0,6.229
102,2012,133,900,13.46,0,0,70.6,.6,171.2
102,2012,133,1000,12.76,0,0,112.3,.35,136.2
102,2012,133,1100,12.75,0,0,156.83,.6,162.2
102,2012,133,1200,12.76,0,0,98.525,0,9.7
102,2012,133,1300,12.75,0,0,194.71,0,11.98
102,2012,133,1400,12.75,0,0,229.76,.033,32.42
102,2012,133,1500,12.75,0,0,198.46,0,7.1
102,2012,133,1600,12.76,0,0,207.06,.217,72
102,2012,133,1700,12.76,0,0,200.07,.433,184.7
102,2012,133,1800,12.77,0,0,241.35,1,541.3
102,2012,133,1900,12.76,0,0,97.356,1,365.7
102,2012,133,2000,12.75,0,0,15.139,.25,74
102,2012,133,2100,12.75,0,0,3.0531,0,1.991
102,2012,133,2200,12.74,106.7,0,3.5514,0,1.991
102,2012,133,2300,13.37,253.55,0,5.0624,0,2.002
101,2012,133,2400,12.74,2791.2,18.277,1868.1,4.482
102,2012,133,2400,13.24,103.28,0,4.8172,0,1.964
102,2012,134,100,13.42,370.55,0,3.6622,0,1.942
102,2012,134,200,13.44,159.73,0,2.9662,0,1.914
102,2012,134,300,13.46,0,0,2.0566,0,1.898
102,2012,134,400,13.48,0,0,2.903,0,1.848
102,2012,134,500,13.49,323.58,0,2.8715,0,1.787
102,2012,134,600,13.5,597.76,.08768,2.5076,0,1.799
102,2012,134,700,13.51,676.24,9.4308,2.4601,0,1.815
102,2012,134,800,13.51,249.21,8.0765,4.6592,0,1.876
102,2012,134,900,12.85,0,11.155,37.583,.017,22.94
102,2012,134,1000,12.82,0,436.64,36.221,0,8.77
102,2012,134,1100,12.8,.05537,0,128.96,.017,17.61
102,2012,134,1200,12.78,0,0,130.87,0,16.54
102,2012,134,1300,12.78,0,0,320.89,.5,177.5
102,2012,134,1400,12.78,0,0,318.12,.516,196.5
102,2012,134,1500,12.79,0,0,284.37,.633,257.8
102,2012,134,1600,12.79,0,0,322.4,.866,491
102,2012,134,1700,12.78,0,0,326.54,1,580.2
102,2012,134,1800,12.77,0,0,166.65,.983,427.5
102,2012,134,1900,12.77,0,0,87.035,.733,333.6
102,2012,134,2000,12.76,0,0,17.061,.25,86.4
102,2012,134,2100,13.32,0,0,3.3537,0,1.985
102,2012,134,2200,13.35,0,0,4.5084,0,1.98
102,2012,134,2300,13.38,0,0,4.9989,0,1.947
101,2012,134,2400,12.76,2377.1,465.39,2217.8,5.514
102,2012,134,2400,13.42,0,0,4.1922,0,1.875
102,2012,135,100,13.44,0,0,3.2589,0,1.831
102,2012,135,200,13.46,0,0,2.7131,0,1.804
102,2012,135,300,13.47,0,0,2.9662,0,1.71
102,2012,135,400,13.48,89.41,0,3.0217,0,1.754
102,2012,135,500,13.49,495.43,0,2.0805,0,1.672
102,2012,135,600,13.5,564.47,0,2.9348,0,1.699
102,2012,135,700,13.51,1037.3,0,2.5155,0,1.732
102,2012,135,800,13.51,354.81,0,3.6546,0,1.76
102,2012,135,900,13.49,61.495,0,12.103,0,2.819
102,2012,135,1000,13.44,0,0,59.466,0,19.49
102,2012,135,1100,13.38,0,0,175.97,.283,110.3
102,2012,135,1200,13.35,0,0,209.52,.2,91
102,2012,135,1300,13.26,0,0,342.26,.983,429
102,2012,135,1400,12.79,0,0,440.7,.916,576.6
102,2012,135,1500,12.82,0,0,368.95,.866,389
102,2012,135,1600,13.22,0,0,403.98,1,809
102,2012,135,1700,13.22,0,0,329.47,.933,660.5
102,2012,135,1800,13.24,7.625,0,156.49,.383,245.9
102,2012,135,1900,13.31,0,0,33.443,.183,73.3
102,2012,135,2000,13.33,28.373,0,9.8161,.083,24.83
102,2012,135,2100,13.36,0,0,4.3346,0,2.316
102,2012,135,2200,13.38,0,0,5.6081,0,2.316
102,2012,135,2300,13.39,0,0,3.781,0,2.338
101,2012,135,2400,12.79,2651.2,0,2582.6,5.831
102,2012,135,2400,13.4,12.229,0,3.5279,0,2.344
102,2012,136,100,13.42,41.868,0,3.7731,0,2.361
102,2012,136,200,13.42,0,0,2.7843,0,2.421
102,2012,136,300,13.42,0,0,2.8318,0,2.306
102,2012,136,400,13.42,0,0,3.6465,0,2.262
102,2012,136,500,13.42,0,0,3.5595,0,2.339
102,2012,136,600,12.76,0,0,3.947,0,2.322
102,2012,136,700,12.75,0,0,1.9933,0,2.317
102,2012,136,800,12.74,38.164,0,1.7402,0,2.317
102,2012,136,900,12.73,2099.6,0,1.3368,0,2.317
102,2012,136,1000,12.73,1631.8,0,26.817,0,7.16
102,2012,136,1100,12.72,345.77,0,52.349,0,8.67
102,2012,136,1200,12.73,122.87,0,55.954,0,3.039
102,2012,136,1300,13.38,0,0,98.762,0,4.545
102,2012,136,1400,13.38,0,0,187.67,0,18.14
102,2012,136,1500,12.93,0,0,204.44,.167,36.5
102,2012,136,1600,12.82,0,0,288.84,.85,187.4
102,2012,136,1700,12.78,0,0,246.81,.8,400.3
102,2012,136,1800,12.77,0,0,185.76,1,466.3
102,2012,136,1900,12.76,0,0,143.65,1,604.4
102,2012,136,2000,12.89,0,0,16.199,.217,87.1
102,2012,136,2100,12.91,0,0,3.1717,0,2.311
102,2012,136,2200,13.42,0,0,3.4013,0,2.305
102,2012,136,2300,13.43,0,0,2.373,0,2.355
101,2012,136,2400,12.72,4280.1,0,1543.2,4.032
102,2012,136,2400,13.45,0,0,1.3842,0,2.35
102,2012,137,100,13.45,0,0,1.2102,0,2.322
102,2012,137,200,13.46,0,0,.63278,0,2.355
102,2012,137,300,13.46,0,0,1.1153,0,2.344
102,2012,137,400,13.46,0,0,2.6102,0,2.344
102,2012,137,500,13.47,0,0,1.5978,0,2.344
102,2012,137,600,13.47,0,0,.87013,0,2.4
102,2012,137,700,13.47,0,0,.53791,0,2.367
102,2012,137,800,13.47,0,0,.79892,0,2.422
102,2012,137,900,13.47,0,0,1.0124,0,1.594
102,2012,137,1000,13.47,0,0,13.873,0,2.951
102,2012,137,1100,13.45,0,0,54.845,0,4.882
102,2012,137,1200,13.43,0,0,86.597,0,13.13
102,2012,137,1300,13.39,0,0,184.87,0,4.633
102,2012,137,1400,13.33,0,0,335.84,.516,151.6
102,2012,137,1500,13.28,0,0,383.84,.933,477
102,2012,137,1600,13.27,13.495,0,220.54,.317,119.8
102,2012,137,1700,13.27,0,0,274.08,1,381.7
102,2012,137,1800,13.29,0,0,216.16,1,631.7
102,2012,137,1900,13.32,0,0,123.71,.85,513.3
102,2012,137,2000,13.34,0,0,2.3651,0,8.69
102,2012,137,2100,13.37,0,0,2.8396,0,1.191
102,2012,137,2200,13.4,0,0,3.4883,0,1.142
102,2012,137,2300,13.42,0,0,3.6703,0,1.219
101,2012,137,2400,12.79,13.495,0,1920.6,4.615
102,2012,137,2400,12.79,0,0,3.4884,0,1.208
102,2012,138,100,12.77,0,0,2.6419,0,1.169
102,2012,138,200,13.43,0,0,2.7369,0,1.12
102,2012,138,300,13.44,0,0,2.7448,0,1.048
102,2012,138,400,13.44,0,0,2.7922,0,1.07
102,2012,138,500,13.45,0,0,2.5153,0,1.081
102,2012,138,600,13.47,0,0,2.191,0,1.026
102,2012,138,700,13.47,0,342.23,2.0961,0,1.037
102,2012,138,800,13.47,0,0,11.549,.233,52.47
102,2012,138,900,13.42,0,1572,75.184,1,293.2
102,2012,138,1000,13.34,0,0,184.19,1,475
102,2012,138,1100,13.01,0,0,271.08,1,619.1
102,2012,138,1200,13.23,0,0,345.83,.966,625.2
102,2012,138,1300,13.22,0,0,380.55,.85,546.4
102,2012,138,1400,13.22,0,0,346.97,.666,484.9
102,2012,138,1500,13.19,0,0,425.58,.883,645.7
102,2012,138,1600,13.2,0,0,393.11,.983,774
102,2012,138,1700,13.21,0,0,267.65,.766,566.4
102,2012,138,1800,13.24,0,0,202.77,.616,442.8
102,2012,138,1900,13.27,0,0,112.89,.616,330.5
102,2012,138,2000,13.3,0,0,4.6747,0,3.309
102,2012,138,2100,13.34,0,0,1.8272,0,1.985
102,2012,138,2200,13.37,0,0,3.6227,0,1.985
102,2012,138,2300,13.39,0,0,3.852,0,1.996
101,2012,138,2400,12.77,0,1914.2,3052.3,9.58
102,2012,138,2400,13.4,0,0,3.2667,0,1.985
102,2012,139,100,13.41,0,0,2.5154,0,1.985
102,2012,139,200,13.41,0,0,2.6578,0,1.985
102,2012,139,300,13.42,0,0,3.0455,0,2.007
102,2012,139,400,13.43,0,0,3.5438,0,1.986
102,2012,139,500,13.44,0,0,2.5392,0,1.991
102,2012,139,600,13.44,0,0,1.9617,0,2.019
102,2012,139,700,13.44,0,0,1.9933,0,1.991
102,2012,139,800,13.45,0,0,10.243,0,13.05
102,2012,139,900,13.44,0,0,62.797,.183,77.2
102,2012,139,1000,13.4,0,0,108.37,.883,186.4
102,2012,139,1100,13.35,0,0,175.97,.6,138.8
102,2012,139,1200,13.33,0,0,245.28,.716,203.5
102,2012,139,1300,13.3,0,0,325.69,.583,297.9
102,2012,139,1400,13.23,0,0,431.74,.983,597.2
102,2012,139,1500,13.22,0,0,392.32,1,636.2
102,2012,139,1600,13.2,0,0,448.49,1,806
102,2012,139,1700,13.22,0,0,368.69,.916,757
102,2012,139,1800,13.23,0,0,276.9,1,732
102,2012,139,1900,13.27,0,0,161.6,1,611.9
102,2012,139,2000,13.29,0,0,13.51,.217,70.7
102,2012,139,2100,13.33,0,0,1.4633,0,2.305
102,2012,139,2200,13.37,0,0,2.7131,0,2.316
102,2012,139,2300,13.39,0,0,3.235,0,2.206
101,2012,139,2400,13.2,0,0,3051.2,9.08
102,2012,139,2400,13.4,0,0,3.9867,0,2.129
102,2012,140,100,13.42,0,0,3.4725,0,2.096
102,2012,140,200,13.44,0,0,2.2228,0,2.052
102,2012,140,300,13.45,0,0,2.6894,0,2.019
102,2012,140,400,13.46,0,0,2.6656,0,1.986
102,2012,140,500,13.47,0,0,1.3605,0,1.997
102,2012,140,600,13.48,0,0,2.3018,0,2.008
102,2012,140,700,13.49,0,184.96,3.2908,0,2.069
102,2012,140,800,13.49,0,5.7385,6.9376,0,16.9
102,2012,140,900,13.44,0,0,66.057,.633,225.5
102,2012,140,1000,13.35,0,0,183.67,1,449.8
102,2012,140,1100,13.28,0,0,278.01,1,585.7
102,2012,140,1200,13.22,0,0,355.35,1,697.7
102,2012,140,1300,13.21,0,0,274.45,.633,405.5
102,2012,140,1400,13.17,0,0,430.32,.95,630.4
102,2012,140,1500,13.16,0,0,442.97,.883,753
102,2012,140,1600,13.16,0,0,348.29,.85,589.6
102,2012,140,1700,13.19,0,0,175.27,.333,259.5
102,2012,140,1800,13.22,45.423,0,126.37,.25,89.7
102,2012,140,1900,13.29,0,428.58,36.053,.033,19.96
102,2012,140,2000,13.33,0,0,9.5711,0,2.46
102,2012,140,2100,13.36,0,0,6.1143,0,2.316
102,2012,140,2200,13.37,0,0,4.7934,0,2.316
102,2012,140,2300,13.39,0,0,3.0532,0,2.316
101,2012,140,2400,13.16,45.423,619.27,2769,7.56
102,2012,140,2400,13.41,0,0,3.7258,0,2.316
102,2012,141,100,13.42,0,0,2.0092,0,2.316
102,2012,141,200,13.44,0,0,2.8003,0,2.317
102,2012,141,300,13.44,0,0,2.0408,0,2.317
102,2012,141,400,13.46,0,0,2.2781,0,2.317
102,2012,141,500,13.46,0,0,2.2227,0,2.317
102,2012,141,600,13.47,0,0,2.3729,0,2.317
102,2012,141,700,13.48,0,364.95,2.8476,0,2.317
102,2012,141,800,13.48,0,3586.5,10.426,.083,33.58
102,2012,141,900,13.42,0,1124.2,73.175,1,269.2
102,2012,141,1000,13.34,0,0,183.33,1,425.6
102,2012,141,1100,13.27,0,0,275.57,1,567.8
102,2012,141,1200,13.22,0,0,354.84,1,690.7
102,2012,141,1300,13.2,0,0,393.89,1,687.8
102,2012,141,1400,13.2,0,0,372.64,.783,504.1
102,2012,141,1500,13.19,0,0,255.44,.417,241.9
102,2012,141,1600,13.22,0,0,192.57,.367,196.6
102,2012,141,1700,13.23,0,0,370.65,.933,747
102,2012,141,1800,13.25,0,0,53.26,.033,30.79
102,2012,141,1900,13.28,0,0,182.7,1,454.9
102,2012,141,2000,13.3,0,0,17.465,.233,66.93
102,2012,141,2100,13.33,0,0,1.1074,0,2.316
102,2012,141,2200,13.37,0,0,3.1481,0,2.316
102,2012,141,2300,13.39,0,0,3.4092,0,2.316
101,2012,141,2400,13.19,0,5075.7,2763.6,8.85
102,2012,141,2400,13.4,0,0,3.4171,0,2.316
102,2012,142,100,13.42,0,0,2.7764,0,2.316
102,2012,142,200,13.42,0,0,3.1166,0,2.316
102,2012,142,300,13.44,0,0,3.0138,0,2.316
102,2012,142,400,13.44,0,0,2.8714,0,2.317
102,2012,142,500,13.46,0,0,1.3131,0,2.317
102,2012,142,600,13.47,0,0,1.9221,0,2.317
102,2012,142,700,13.47,0,0,1.2577,0,2.317
102,2012,142,800,13.46,0,0,1.9616,0,2.317
102,2012,142,900,13.46,0,0,16.88,0,2.604
102,2012,142,1000,13.44,0,0,62.742,0,3.381
102,2012,142,1100,13.42,0,0,108.5,0,3.822
102,2012,142,1200,13.4,0,0,130.15,0,13.4
102,2012,142,1300,13.37,0,0,174.99,0,6.833
102,2012,142,1400,13.35,0,0,165.67,0,11.33
102,2012,142,1500,13.34,0,0,153.22,0,4.451
102,2012,142,1600,13.32,0,0,206.04,.367,98.8
102,2012,142,1700,13.33,0,0,212.96,.783,324.8
102,2012,142,1800,13.34,0,0,266.48,1,759
102,2012,142,1900,13.34,0,0,140.39,.95,558.6
102,2012,142,2000,13.35,0,0,7.4113,.133,43.34
102,2012,142,2100,13.39,0,0,2.8317,0,2.316
102,2012,142,2200,13.4,0,0,3.1957,0,2.316
102,2012,142,2300,13.42,0,0,3.8127,0,2.316
101,2012,142,2400,13.32,0,0,1676.9,3.232
102,2012,142,2400,13.44,0,0,3.3698,0,2.316
102,2012,143,100,13.45,0,0,2.3967,0,2.317
102,2012,143,200,13.46,0,0,3.0927,0,2.317
102,2012,143,300,13.47,0,0,2.4125,0,2.317
102,2012,143,400,13.49,0,0,2.8714,0,2.317
102,2012,143,500,13.49,0,0,3.6072,0,2.317
102,2012,143,600,13.48,0,0,2.9664,0,2.317
102,2012,143,700,13.45,0,0,3.8207,0,2.317
102,2012,143,800,13.49,0,2815.9,10.932,.1,35.14
102,2012,143,900,13.42,0,107.23,73.139,1,258.8
102,2012,143,1000,13.33,0,0,181.61,1,384.8
102,2012,143,1100,13.25,0,0,280.37,1,534.7
102,2012,143,1200,13.22,0,0,389,1,623.8
102,2012,143,1300,13.2,0,0,381.8,.85,591.7
102,2012,143,1400,13.17,0,0,452.12,.9,659.5
102,2012,143,1500,13.15,0,0,397.44,.783,528.9
102,2012,143,1600,13.15,0,0,381.34,.733,584.4
102,2012,143,1700,13.18,22.736,0,355.85,.933,665.3
102,2012,143,1800,13.2,0,0,201.73,.583,378.9
102,2012,143,1900,13.25,0,0,103.43,.433,200.5
102,2012,143,2000,13.27,0,794.87,15.756,0,12.9
102,2012,143,2100,13.32,0,0,5.5291,0,2.151
102,2012,143,2200,13.35,0,0,5.1651,0,2.041
102,2012,143,2300,13.38,0,0,4.2794,0,2.129
101,2012,143,2400,13.15,22.736,3718,3265.9,9.31
102,2012,143,2400,13.4,0,0,5.2684,0,2.134
102,2012,144,100,13.41,0,0,5.0152,0,2.046
102,2012,144,200,13.42,0,0,2.0804,0,2.002
102,2012,144,300,13.43,0,0,1.9538,0,1.997
102,2012,144,400,13.43,0,0,2.3097,0,2.008
102,2012,144,500,13.44,0,0,2.5629,0,2.002
102,2012,144,600,13.44,0,0,1.8272,0,1.986
102,2012,144,700,13.46,0,0,3.156,0,1.986
102,2012,144,800,13.47,0,0,6.9844,0,3.58
102,2012,144,900,13.44,0,0,48.123,0,46.1
102,2012,144,1000,13.4,33.981,0,128.43,.5,140.6
102,2012,144,1100,13.33,0,0,223.8,.816,272.8
102,2012,144,1200,13.32,0,0,220.79,.367,126
102,2012,144,1300,13.31,0,0,224.18,0,4.583
102,2012,144,1400,13.29,0,0,282.84,.083,51.97
102,2012,144,1500,13.3,0,0,210.15,.15,44.14
102,2012,144,1600,13.29,0,0,268.83,.55,162.4
102,2012,144,1700,13.29,0,0,171.05,.317,100.4
102,2012,144,1800,13.3,0,0,123.62,.666,176
102,2012,144,1900,13.32,0,0,40.015,.033,49.26
102,2012,144,2000,13.34,18.32,0,5.7427,0,4.622
102,2012,144,2100,13.37,0,0,3.9153,0,2.007
102,2012,144,2200,13.4,0,0,4.0658,0,2.002
102,2012,144,2300,13.41,0,0,3.2591,0,1.985
101,2012,144,2400,13.29,52.3,0,1986.8,3.482
102,2012,144,2400,13.42,0,0,2.0646,0,1.991
102,2012,145,100,13.44,0,0,2.6895,0,1.997
102,2012,145,200,13.44,0,0,2.7132,0,1.991
102,2012,145,300,13.44,0,0,2.2465,0,1.986
102,2012,145,400,13.46,0,0,2.5312,0,1.986
102,2012,145,500,13.47,0,0,2.2384,0,2.002
102,2012,145,600,13.48,0,550.71,2.3255,0,2.019
102,2012,145,700,13.49,0,185.25,2.4285,0,2.008
102,2012,145,800,13.49,0,0,3.6547,0,1.981
102,2012,145,900,13.45,0,630.71,68.553,.683,181.5
102,2012,145,1000,13.35,0,61.804,187.17,1,392.3
102,2012,145,1100,13.29,0,0,291.42,1,552.3
102,2012,145,1200,13.25,0,0,379.86,.966,648.4
102,2012,145,1300,13.22,0,0,419.14,.95,596.7
102,2012,145,1400,12.81,0,0,412.96,.933,362.1
102,2012,145,1500,13.22,0,0,326.42,.633,233.8
102,2012,145,1600,13.22,0,0,391.7,1,669.1
102,2012,145,1700,13.23,0,0,384.92,1,799
102,2012,145,1800,13.25,29.157,0,119.88,.217,169.1
102,2012,145,1900,13.33,0,988.92,12.3,0,4.34
102,2012,145,2000,13.35,0,292.02,6.1302,0,2.167
102,2012,145,2100,13.39,0,0,4.058,0,1.98
102,2012,145,2200,13.4,0,0,3.2986,0,1.985
102,2012,145,2300,13.42,0,0,3.3857,0,2.002
101,2012,145,2400,12.81,29.157,2709.4,3035,8.38
102,2012,145,2400,13.42,0,0,2.998,0,1.985
102,2012,146,100,13.43,0,0,2.2149,0,1.985
102,2012,146,200,13.43,0,0,2.4047,0,1.98
102,2012,146,300,13.45,0,238.85,2.6815,0,1.958
102,2012,146,400,13.46,0,45.213,3.1798,0,1.936
102,2012,146,500,13.46,0,0,2.4837,0,1.964
102,2012,146,600,13.47,0,0,1.3605,0,1.98
102,2012,146,700,13.47,0,0,1.313,0,1.997
102,2012,146,800,13.47,0,0,4.8645,0,2.113
102,2012,146,900,13.44,0,0,51.042,0,28.9
102,2012,146,1000,13.4,0,0,122.65,.167,63.25
102,2012,146,1100,13.37,0,0,141.95,0,18
102,2012,146,1200,13.36,0,0,120.71,0,7.94
102,2012,146,1300,13.32,0,0,258.82,0,10.51
102,2012,146,1400,13.27,0,0,309.76,.466,179.9
102,2012,146,1500,13.27,0,0,231.05,.333,138.8
102,2012,146,1600,13.24,0,0,361.3,.916,483.7
102,2012,146,1700,13.25,0,0,332.83,.966,616.6
102,2012,146,1800,13.28,0,0,224.36,.883,496.9
102,2012,146,1900,13.3,0,0,139.82,.816,301.3
102,2012,146,2000,12.8,0,0,7.071,0,7.85
102,2012,146,2100,12.77,0,0,1.9538,0,2.217
102,2012,146,2200,13.38,0,0,3.2351,0,1.985
102,2012,146,2300,13.4,0,0,3.8365,0,1.985
101,2012,146,2400,12.77,0,284.06,2333.6,4.548
102,2012,146,2400,13.42,0,0,2.7449,0,1.985
102,2012,147,100,13.43,0,0,2.8635,0,1.986
102,2012,147,200,13.44,0,0,2.0725,0,1.991
102,2012,147,300,13.46,0,0,1.8114,0,1.986
102,2012,147,400,13.46,0,0,1.8588,0,1.986
102,2012,147,500,13.47,0,0,2.895,0,1.986
102,2012,147,600,13.47,0,0,1.8509,0,1.986
102,2012,147,700,13.47,0,0,1.8825,0,1.986
102,2012,147,800,13.47,0,0,3.9391,0,1.986
102,2012,147,900,13.46,0,0,38.45,0,4.258
102,2012,147,1000,12.76,0,0,80.065,0,3.05
102,2012,147,1100,12.75,0,0,75.749,0,5.973
102,2012,147,1200,13.37,0,0,186.02,.083,68.6
102,2012,147,1300,12.95,0,0,405.66,.883,498.6
102,2012,147,1400,12.8,0,0,327.7,.566,319.6
102,2012,147,1500,13.26,0,0,257.64,.167,72.4
102,2012,147,1600,13.26,0,0,247.47,.733,180.4
102,2012,147,1700,13.27,0,0,270.16,1,522.3
102,2012,147,1800,13.28,0,0,271.15,1,724
102,2012,147,1900,13.29,0,0,80.696,.45,264.7
102,2012,147,2000,13.32,0,0,1.5661,0,5.554
102,2012,147,2100,13.34,0,0,.81474,0,2.316
102,2012,147,2200,13.36,0,0,1.6453,0,2.316
102,2012,147,2300,13.38,0,0,1.9063,0,2.316
101,2012,147,2400,12.75,0,0,2268.3,4.881
102,2012,147,2400,13.39,0,0,2.4046,0,2.316
102,2012,148,100,13.39,0,0,2.7685,0,2.311
102,2012,148,200,13.42,0,0,1.9143,0,2.316
102,2012,148,300,13.44,0,0,2.1753,0,2.317
102,2012,148,400,13.45,0,0,3.0375,0,2.317
102,2012,148,500,13.46,0,0,1.93,0,2.317
102,2012,148,600,13.47,.68814,0,1.3605,0,2.306
102,2012,148,700,13.49,108.1,0,2.3177,0,2.3
102,2012,148,800,13.49,0,0,2.5233,0,2.317
102,2012,148,900,13.48,0,0,7.9017,0,2.378
102,2012,148,1000,13.46,0,0,55.502,0,3.47
102,2012,148,1100,13.44,0,0,101.18,0,10.75
102,2012,148,1200,13.4,0,0,176.99,.05,28.9
102,2012,148,1300,13.36,0,0,272.21,.117,53.21
102,2012,148,1400,13.29,0,0,385.58,.6,241.2
102,2012,148,1500,13.27,0,0,360.59,.666,346.7
102,2012,148,1600,13.26,0,0,342.4,1,549.4
102,2012,148,1700,12.88,0,0,345.17,1,669.1
102,2012,148,1800,12.8,0,0,119.15,.183,95.9
102,2012,148,1900,13.29,0,0,45.759,0,19.66
102,2012,148,2000,12.83,0,0,3.0452,0,2.427
102,2012,148,2100,13.36,0,0,3.0216,0,2.068
102,2012,148,2200,13.39,0,0,3.1324,0,2.002
102,2012,148,2300,13.42,0,0,4.1134,0,1.985
101,2012,148,2400,12.8,108.79,0,2245.8,3.615
102,2012,148,2400,13.44,0,0,2.0487,0,1.986
102,2012,149,100,13.45,162.16,0,3.338,0,1.986
102,2012,149,200,13.45,0,0,1.6057,0,1.986
102,2012,149,300,13.45,0,0,1.5108,0,1.986
102,2012,149,400,13.46,0,0,2.2702,0,1.986
102,2012,149,500,13.47,0,0,2.0724,0,1.986
102,2012,149,600,13.47,0,0,2.0328,0,1.986
102,2012,149,700,13.49,0,0,1.8351,0,1.986
102,2012,149,800,13.48,0,0,7.4592,0,11.47
102,2012,149,900,13.42,.68023,0,84.01,.8,193
102,2012,149,1000,13.36,0,0,189.96,.983,353.7
102,2012,149,1100,13.29,0,0,282.28,.983,467.9
102,2012,149,1200,13.24,0,0,382.47,.966,582.2
102,2012,149,1300,12.82,0,0,377.39,.8,525.3
102,2012,149,1400,12.8,0,0,342.26,.6,383.4
102,2012,149,1500,12.8,0,0,291.38,.4,254.4
102,2012,149,1600,12.8,0,0,239.69,.683,323.3
102,2012,149,1700,12.78,0,0,241.66,.666,418.7
102,2012,149,1800,12.78,0,0,235.71,.716,475.8
102,2012,149,1900,12.77,0,0,20.802,0,16.29
102,2012,149,2000,12.76,0,0,2.7369,0,1.555
102,2012,149,2100,13.32,0,0,1.7402,0,1.103
102,2012,149,2200,13.35,0,0,3.3697,0,1.064
102,2012,149,2300,12.86,0,0,3.0455,0,1.086
101,2012,149,2400,12.76,162.84,0,2724.6,7.6
102,2012,149,2400,12.82,0,0,3.9631,0,1.009
102,2012,150,100,13.42,0,0,2.6579,0,.998
102,2012,150,200,13.43,0,0,2.5946,0,.993
102,2012,150,300,13.45,0,0,2.0408,0,.998
102,2012,150,400,13.46,0,0,2.2939,0,.987
102,2012,150,500,13.47,0,0,1.1153,0,.949
102,2012,150,600,13.47,0,0,1.4554,0,.971
102,2012,150,700,13.48,0,0,1.3763,0,1.087
102,2012,150,800,12.8,397.16,0,6.6836,0,2.488
102,2012,150,900,12.76,134.53,0,42.23,.1,61.98
102,2012,150,1000,12.75,0,0,197.28,.966,351
102,2012,150,1100,12.77,0,0,256.4,1,341.7
102,2012,150,1200,12.77,0,0,378.37,1,466.8
102,2012,150,1300,12.79,0,0,295.29,.466,120.9
102,2012,150,1400,12.78,0,0,341.77,.75,271.7
102,2012,150,1500,12.79,0,0,432.29,.85,620.6
102,2012,150,1600,12.8,0,0,350.67,.9,466.2
102,2012,150,1700,12.79,14.903,0,248.94,.55,412.3
102,2012,150,1800,12.88,0,0,72.867,0,17.31
102,2012,150,1900,13.31,0,0,36.434,0,2.884
102,2012,150,2000,13.35,0,0,4.754,0,1.5
102,2012,150,2100,13.39,0,0,2.9427,0,1.153
102,2012,150,2200,13.42,0,0,3.4093,0,1.015
102,2012,150,2300,13.43,0,0,3.7652,0,1.081
101,2012,150,2400,12.75,546.6,0,2689.9,6.581
102,2012,150,2400,13.4,0,0,2.2227,0,.998
102,2012,151,100,13.45,0,0,1.843,0,1.004
102,2012,151,200,13.46,83.315,0,2.571,0,.982
102,2012,151,300,13.47,0,0,2.4207,0,1.054
102,2012,151,400,13.47,0,0,2.7845,0,1.103
102,2012,151,500,13.48,0,0,2.8715,0,1.109
102,2012,151,600,13.49,0,0,2.6974,0,1.098
102,2012,151,700,13.49,0,34.76,2.5313,0,1.081
102,2012,151,800,13.49,0,0,10.528,.033,27.42
102,2012,151,900,13.45,0,0,73.432,1,214.4
102,2012,151,1000,13.36,0,0,184.67,1,351.6
102,2012,151,1100,13.31,0,0,268.44,1,420
102,2012,151,1200,13.3,0,0,226.73,.15,65.4
102,2012,151,1300,13.24,0,0,405.48,.95,617.5
102,2012,151,1400,13.23,0,0,229.76,.25,164
102,2012,151,1500,13.22,0,0,343.52,.683,382.1
102,2012,151,1600,13.22,0,0,376.75,.916,602.4
102,2012,151,1700,13.22,0,0,280.82,.866,541.3
102,2012,151,1800,13.25,0,0,278.15,1,709
102,2012,151,1900,13.26,0,0,146.39,1,520.3
102,2012,151,2000,13.29,0,0,14.744,.233,58.46
102,2012,151,2100,13.32,0,0,1.5503,0,.838
102,2012,151,2200,13.35,0,0,3.4646,0,.772
102,2012,151,2300,13.38,0,0,4.1133,0,.965
101,2012,151,2400,13.22,83.315,34.76,2870,9.08
102,2012,151,2400,13.4,0,0,3.7258,0,.585
102,2012,152,100,13.42,19.776,0,4.6908,0,.734
102,2012,152,200,13.44,0,0,1.8747,0,.667
102,2012,152,300,13.45,0,0,2.7685,0,.496
102,2012,152,400,13.47,0,0,2.3176,0,.342
102,2012,152,500,13.48,59.091,0,2.7133,0,.408
102,2012,152,600,13.49,0,0,2.3653,0,.342
102,2012,152,700,13.5,0,166.87,1.0363,0,.292
102,2012,152,800,13.51,0,390.27,8.2821,0,16.18
102,2012,152,900,13.45,0,0,71.027,.766,184.5
102,2012,152,1000,13.37,0,0,180.61,.983,269.5
102,2012,152,1100,13.27,0,0,287.17,1,461.6
102,2012,152,1200,13.23,0,0,374.47,1,616.5
102,2012,152,1300,13.19,0,0,421.34,1,702
102,2012,152,1400,13.18,0,0,408.2,.766,573.3
102,2012,152,1500,13.18,0,0,383.3,.666,493.2
102,2012,152,1600,13.18,0,0,365.42,.75,551.3
102,2012,152,1700,13.21,0,0,254.54,.816,474
102,2012,152,1800,13.23,0,0,189.9,.55,396.5
102,2012,152,1900,13.28,0,0,121.81,.65,289.5
102,2012,152,2000,13.29,0,0,24.488,.033,34.12
102,2012,152,2100,13.32,0,0,1.3051,0,.91
102,2012,152,2200,13.35,0,0,3.4329,0,.745
102,2012,152,2300,13.37,0,0,3.5911,0,.618
101,2012,152,2400,13.18,78.867,557.14,3119.3,8.98
102,2012,152,2400,13.39,0,0,2.6816,0,.756
102,2012,153,100,13.4,0,0,2.0726,0,.722
102,2012,153,200,13.42,0,0,2.5709,0,.557
102,2012,153,300,13.44,0,0,1.8035,0,.623
102,2012,153,400,13.46,0,0,1.6374,0,.563
102,2012,153,500,13.46,20.969,0,2.0249,0,.485
102,2012,153,600,13.47,298.57,0,1.7955,0,.717
102,2012,153,700,13.48,0,1295.7,1.7481,0,.105
102,2012,153,800,13.48,0,2260.6,6.107,0,8.59
102,2012,153,900,13.44,0,1426.4,69.984,.8,174.6
102,2012,153,1000,13.36,15.337,0,186.44,1,311.9
102,2012,153,1100,13.3,0,0,292.53,1,442.2
102,2012,153,1200,13.25,0,0,369.36,1,564.9
102,2012,153,1300,13.23,0,0,371.07,.816,459.4
102,2012,153,1400,13.23,0,0,404.37,.816,534.2
102,2012,153,1500,12.84,0,0,402.66,.8,529.8
102,2012,153,1600,12.8,0,0,287.48,.716,368.4
102,2012,153,1700,12.8,0,0,258.85,.816,490.7
102,2012,153,1800,12.79,0,0,276.23,1,697.5
102,2012,153,1900,12.77,0,0,86.179,.65,267.3
102,2012,153,2000,12.77,0,0,10.583,.117,37.84
102,2012,153,2100,12.75,0,0,2.4363,0,2.316
102,2012,153,2200,13.32,0,0,4.5561,0,2.322
102,2012,153,2300,13.37,0,0,4.6039,0,2.327
101,2012,153,2400,12.75,334.88,4982.8,3050.6,9.53
102,2012,153,2400,13.4,0,0,3.5518,0,2.316
102,2012,154,100,13.42,0,0,3.0376,0,2.316
102,2012,154,200,13.44,0,0,4.6749,0,2.317
102,2012,154,300,13.45,0,0,1.7956,0,2.317
102,2012,154,400,13.47,0,0,1.7402,0,2.317
102,2012,154,500,13.48,0,0,2.6103,0,2.317
102,2012,154,600,13.49,111.24,0,2.1596,0,2.317
102,2012,154,700,13.5,83.054,0,2.1042,0,2.29
102,2012,154,800,13.5,0,0,6.3126,0,7.21
102,2012,154,900,13.45,0,0,68.631,.75,162
102,2012,154,1000,13.36,113.74,0,172.02,1,296.6
102,2012,154,1100,13.28,0,0,282.88,1,418.6
102,2012,154,1200,13.25,0,0,371.72,1,539.5
102,2012,154,1300,13.22,0,0,397.32,.933,512.5
102,2012,154,1400,13.21,0,0,381.85,.75,452.2
102,2012,154,1500,13.19,0,0,413.45,.933,591.9
102,2012,154,1600,13.19,0,0,362.82,.783,539.4
102,2012,154,1700,13.21,0,0,303.15,.75,497
102,2012,154,1800,13.22,0,0,248.46,.95,519.3
102,2012,154,1900,13.25,0,0,146.57,1,427.8
102,2012,154,2000,13.27,0,0,12.696,.133,38.67
102,2012,154,2100,13.31,0,0,1.0757,0,2.399
102,2012,154,2200,13.34,0,0,3.0612,0,2.294
102,2012,154,2300,13.37,0,0,3.433,0,2.305
101,2012,154,2400,13.19,308.03,0,3196.5,9.98
102,2012,154,2400,13.39,0,0,2.9664,0,2.316
102,2012,155,100,13.4,0,0,2.832,0,2.311
102,2012,155,200,13.42,0,0,2.8636,0,2.283
102,2012,155,300,13.44,0,0,2.6025,0,2.278
102,2012,155,400,13.45,0,0,2.6578,0,2.278
102,2012,155,500,13.46,0,0,2.4679,0,2.256
102,2012,155,600,13.47,0,0,2.3887,0,2.278
102,2012,155,700,12.78,0,0,2.4125,0,2.273
102,2012,155,800,12.74,0,0,9.7846,0,6.499
102,2012,155,900,13.44,0,0,79.763,.75,128.1
102,2012,155,1000,13.35,0,0,195.16,1,247.8
102,2012,155,1100,13.28,0,0,298.62,1,332.8
102,2012,155,1200,13.25,0,0,353.77,.916,375.6
102,2012,155,1300,13.23,0,0,382.9,.966,428.7
102,2012,155,1400,13.2,0,0,472.66,.966,595.2
102,2012,155,1500,13.2,0,0,228.36,.183,96
102,2012,155,1600,13.2,0,0,306.91,.616,375.2
102,2012,155,1700,13.21,0,0,303.03,1,580
102,2012,155,1800,13.23,0,0,95.693,.3,182.8
102,2012,155,1900,13.27,0,0,36.308,.067,59.1
102,2012,155,2000,13.29,0,0,10.773,0,16.43
102,2012,155,2100,12.78,0,0,1.7243,0,1.864
102,2012,155,2200,12.76,0,0,2.2781,0,1.881
102,2012,155,2300,12.75,0,0,2.0487,0,1.82
101,2012,155,2400,12.74,0,0,2800.3,7.76
102,2012,155,2400,13.34,0,0,2.3334,0,2.101
102,2012,156,100,13.39,0,0,1.764,0,2.134
102,2012,156,200,13.39,0,0,1.0521,0,2.096
102,2012,156,300,13.4,0,0,1.3448,0,2.151
102,2012,156,400,13.4,0,0,1.0204,0,2.057
102,2012,156,500,13.42,0,0,1.0363,0,2.129
102,2012,156,600,13.42,0,0,2.4522,0,2.046
102,2012,156,700,13.44,0,0,1.6612,0,2.079
102,2012,156,800,13.44,0,0,5.5925,0,2.102
102,2012,156,900,13.42,0,0,38.008,0,6.652
102,2012,156,1000,13.39,0,0,117.24,.433,84.5
102,2012,156,1100,13.32,0,0,231.65,.783,289.1
102,2012,156,1200,13.27,0,0,311.79,.916,462.7
102,2012,156,1300,13.23,0,0,423.54,.966,591.5
102,2012,156,1400,13.22,0,0,371.2,.816,465.4
102,2012,156,1500,13.22,0,0,329.25,.666,377.7
102,2012,156,1600,13.22,0,0,339.91,.716,510.7
102,2012,156,1700,13.23,0,0,336.22,.916,634.3
102,2012,156,1800,13.26,0,0,259.13,1,651
102,2012,156,1900,13.28,0,0,130.02,1,424.6
102,2012,156,2000,13.3,0,0,13.106,.2,41.04
102,2012,156,2100,13.34,0,0,1.5978,0,1.947
102,2012,156,2200,13.37,0,0,1.0204,0,1.958
102,2012,156,2300,13.37,0,0,1.0441,0,1.892
101,2012,156,2400,13.22,0,0,2922.3,8.41
102,2012,156,2400,13.38,0,0,1.6294,0,1.803
102,2012,157,100,13.4,0,0,3.5516,0,1.693
102,2012,157,200,13.41,0,0,3.9868,0,1.644
102,2012,157,300,13.43,0,0,3.6783,0,1.605
102,2012,157,400,13.44,0,0,2.5154,0,1.544
102,2012,157,500,13.46,92.49,0,2.0091,0,1.539
102,2012,157,600,13.47,119.3,0,2.1119,0,1.484
102,2012,157,700,13.48,0,0,2.4204,0,1.523
102,2012,157,800,13.48,0,0,6.0354,0,1.55
102,2012,157,900,13.45,46.122,0,32.003,0,8.8
102,2012,157,1000,13.39,55.606,0,140.41,.716,192.4
102,2012,157,1100,13.3,0,0,291.93,1,433.6
102,2012,157,1200,13.26,0,0,363.49,1,516.2
102,2012,157,1300,13.22,0,0,432.67,1,543.7
102,2012,157,1400,13.2,0,0,428.6,.95,506.2
102,2012,157,1500,13.2,0,0,416.16,1,687.7
102,2012,157,1600,13.19,0,0,383.82,.966,673.2
102,2012,157,1700,13.2,0,0,223.78,.6,366.4
102,2012,157,1800,13.25,0,0,269.01,1,645.7
102,2012,157,1900,13.27,0,0,66.92,.367,161.3
102,2012,157,2000,13.29,0,0,9.5473,.017,22.09
102,2012,157,2100,13.33,0,0,1.7402,0,1.787
102,2012,157,2200,13.36,0,0,3.52,0,1.682
102,2012,157,2300,13.38,0,0,2.5233,0,1.699
101,2012,157,2400,13.19,313.51,0,3095.8,8.61
102,2012,157,2400,13.4,0,0,3.354,0,1.627
102,2012,158,100,13.42,0,0,3.8603,0,1.594
102,2012,158,200,13.42,0,0,2.4285,0,1.55
102,2012,158,300,13.44,0,0,2.5471,0,1.478
102,2012,158,400,13.46,0,0,3.0058,0,1.511
102,2012,158,500,13.46,0,0,3.1323,0,1.473
102,2012,158,600,13.47,0,0,2.2859,0,1.462
102,2012,158,700,13.47,0,0,2.2622,0,1.517
102,2012,158,800,13.47,0,0,5.8137,0,2.642
102,2012,158,900,13.45,0,0,45.023,.117,46.25
102,2012,158,1000,12.78,0,0,85.161,0,12.57
102,2012,158,1100,12.75,0,0,183.4,.267,86.4
102,2012,158,1200,13.31,0,0,127.74,0,2.807
102,2012,158,1300,13.27,48.905,0,285.83,.633,215.5
102,2012,158,1400,13.22,0,0,366.8,1,334.7
102,2012,158,1500,12.83,0,0,292.04,1,227.6
102,2012,158,1600,13.22,0,0,289.78,.666,281.4
102,2012,158,1700,13.24,0,0,226.51,.916,343.2
102,2012,158,1800,13.25,0,0,131.2,.816,225.6
102,2012,158,1900,13.28,0,0,52.768,.483,97.8
102,2012,158,2000,13.3,0,0,3.5357,0,3.838
102,2012,158,2100,13.32,0,0,1.9458,0,1.985
102,2012,158,2200,13.3,0,0,1.3684,0,1.985
102,2012,158,2300,13.35,0,0,2.8397,0,1.969
101,2012,158,2400,12.75,48.905,0,2123,5.898
102,2012,158,2400,13.37,0,0,1.7402,0,1.985
102,2012,159,100,13.38,0,0,2.3494,0,2.002
102,2012,159,200,13.38,0,0,2.468,0,1.985
102,2012,159,300,13.39,0,0,2.476,0,1.985
102,2012,159,400,13.4,0,0,1.4239,0,1.985
102,2012,159,500,13.4,0,0,2.2465,0,1.991
102,2012,159,600,13.42,0,0,1.669,0,1.986
102,2012,159,700,13.43,0,0,1.6373,0,1.942
102,2012,159,800,13.43,0,0,7.1426,0,1.936
102,2012,159,900,13.4,0,0,43.125,0,21.72
102,2012,159,1000,13.38,0,0,62.871,0,52.52
102,2012,159,1100,13.36,0,1991.6,147.38,.3,87.9
102,2012,159,1200,13.29,0,341.01,295.13,.983,384.8
102,2012,159,1300,13.22,0,0,372.22,.95,487.5
102,2012,159,1400,13.18,0,0,421.78,1,612.1
102,2012,159,1500,13.18,0,0,186.13,.2,114.4
102,2012,159,1600,13.18,0,0,336.62,.766,401.4
102,2012,159,1700,13.18,0,0,252.19,.783,253.6
102,2012,159,1800,13.2,0,0,114.79,.133,52.32
102,2012,159,1900,13.27,0,0,13.937,0,5.559
102,2012,159,2000,13.3,0,1288.2,4.841,0,3.353
102,2012,159,2100,13.33,0,1887.8,5.885,0,3.48
102,2012,159,2200,13.35,0,0,3.6229,0,3.502
102,2012,159,2300,13.36,0,0,2.7528,0,3.469
101,2012,159,2400,13.18,0,5508.7,2287,5.115
102,2012,159,2400,13.36,0,0,2.3336,0,3.447
102,2012,160,100,13.38,0,0,1.4001,0,3.386
102,2012,160,200,13.38,0,0,1.5504,0,3.403
102,2012,160,300,13.4,0,0,1.5029,0,3.398
102,2012,160,400,13.41,0,0,1.669,0,3.392
102,2012,160,500,13.41,0,0,1.7956,0,3.354
102,2012,160,600,13.41,0,0,1.5029,0,3.354
102,2012,160,700,13.41,0,0,1.582,0,3.442
102,2012,160,800,13.41,0,0,5.9641,0,4.876
102,2012,160,900,13.41,0,0,60.456,.283,86.8
102,2012,160,1000,13.35,0,0,149.52,.95,229.4
102,2012,160,1100,13.28,0,0,260.4,1,343.2
102,2012,160,1200,13.27,0,0,257.6,1,347.3
102,2012,160,1300,13.22,0,0,339.44,1,425.8
102,2012,160,1400,13.18,0,0,431.66,.95,514.7
102,2012,160,1500,13.19,0,0,259.45,.483,275.7
102,2012,160,1600,13.2,0,0,295.22,.816,376.5
102,2012,160,1700,13.2,0,0,136.96,.25,98.9
102,2012,160,1800,13.23,0,0,29.949,0,13.01
102,2012,160,1900,13.27,0,0,35.919,0,10.43
102,2012,160,2000,13.29,0,0,11.042,0,11.87
102,2012,160,2100,13.32,0,0,.5537,0,3.309
102,2012,160,2200,13.35,0,0,1.5345,0,3.309
102,2012,160,2300,13.36,0,0,2.3176,0,3.309
101,2012,160,2400,13.18,0,0,2290.9,6.731
102,2012,160,2400,13.37,0,0,1.8668,0,3.309
102,2012,161,100,13.38,0,0,2.0171,0,3.309
102,2012,161,200,13.39,0,0,1.5108,0,3.309
102,2012,161,300,13.39,0,0,1.3131,0,3.304
102,2012,161,400,13.39,0,0,1.495,0,3.304
102,2012,161,500,13.4,0,0,1.1391,0,3.309
102,2012,161,600,13.4,0,0,1.2498,0,3.298
102,2012,161,700,13.4,0,0,1.1154,0,3.309
102,2012,161,800,13.4,0,0,3.1404,0,3.309
102,2012,161,900,13.4,0,0,30.653,0,6.039
102,2012,161,1000,13.37,0,0,80.081,0,20.55
102,2012,161,1100,13.33,0,0,156.74,.117,56.59
102,2012,161,1200,13.28,0,0,284.2,.533,132.4
102,2012,161,1300,13.29,0,0,132.3,.117,39.36
102,2012,161,1400,13.3,0,0,34.019,0,6.872
102,2012,161,1500,13.33,0,0,33.04,0,11.02
102,2012,161,1600,13.34,0,0,98.377,0,20.06
102,2012,161,1700,13.33,0,0,104.07,0,14.4
102,2012,161,1800,13.33,0,0,17.149,0,5.03
102,2012,161,1900,13.35,0,351.93,16.421,0,3.888
102,2012,161,2000,13.38,0,2510.6,5.6713,0,3.408
102,2012,161,2100,13.39,0,0,2.1991,0,3.419
102,2012,161,2200,13.4,0,263.08,2.0487,0,3.447
102,2012,161,2300,13.41,0,87.379,2.381,0,3.381
101,2012,161,2400,13.28,0,4102.5,1014,.766
102,2012,161,2400,13.42,0,889.53,1.7086,0,3.337
102,2012,162,100,13.42,0,1081.9,1.6849,0,3.32
102,2012,162,200,13.44,0,0,3.0374,0,3.271
102,2012,162,300,13.45,0,0,3.3301,0,3.271
102,2012,162,400,13.45,0,0,3.0532,0,3.293
102,2012,162,500,13.46,0,0,2.1594,0,3.238
102,2012,162,600,13.47,0,0,1.4396,0,3.139
102,2012,162,700,13.48,0,0,2.9111,0,3.117
102,2012,162,800,13.49,0,0,6.811,0,6.929
102,2012,162,900,13.47,0,0,59.969,.4,98.1
102,2012,162,1000,13.4,0,0,151.77,1,218.6
102,2012,162,1100,13.32,0,0,239.09,1,340.9
102,2012,162,1200,13.25,0,0,320.42,1,467.9
102,2012,162,1300,13.21,5.4265,0,374.73,1,536.5
102,2012,162,1400,13.19,0,0,406.52,1,594.2
102,2012,162,1500,13.18,0,0,399.5,1,658.8
102,2012,162,1600,13.17,0,0,359.6,1,620.3
102,2012,162,1700,13.18,0,0,312.19,1,625.7
102,2012,162,1800,13.21,0,0,213.62,1,482.4
102,2012,162,1900,13.23,0,0,97.366,.883,247.5
102,2012,162,2000,13.25,0,0,7.2064,0,15.67
102,2012,162,2100,13.3,0,0,2.4282,0,3.353
102,2012,162,2200,13.32,0,0,1.9933,0,3.16
102,2012,162,2300,13.34,0,0,1.5267,0,3.166
101,2012,162,2400,13.17,5.4265,1081.9,2974.3,10.28
102,2012,162,2400,13.36,0,0,1.9617,0,3.177
102,2012,163,100,13.37,0,0,1.8114,0,3.111
102,2012,163,200,13.38,0,0,2.9899,0,3.061
102,2012,163,300,13.39,0,0,2.0645,0,3.094
102,2012,163,400,13.4,0,0,2.0646,0,3.149
102,2012,163,500,13.41,0,0,1.5346,0,3.188
102,2012,163,600,13.42,0,0,1.0916,0,3.237
102,2012,163,700,13.43,0,0,.94133,0,3.254
102,2012,163,800,13.42,0,0,9.8325,0,3.365
102,2012,163,900,13.41,0,0,42.431,0,5.956
102,2012,163,1000,12.8,0,0,42.455,0,13.03
102,2012,163,1100,12.74,0,0,85.731,0,15.69
102,2012,163,1200,12.73,0,0,228.7,.267,124.2
102,2012,163,1300,12.75,0,0,398.39,.75,442.5
102,2012,163,1400,12.77,0,0,368.39,.916,566.4
102,2012,163,1500,12.79,0,0,385.52,.933,451
102,2012,163,1600,12.8,0,0,442.24,.95,598.2
102,2012,163,1700,12.8,0,0,331.34,1,544
102,2012,163,1800,12.78,0,0,110.91,.466,160.9
102,2012,163,1900,12.78,0,0,77.866,.8,163.4
102,2012,163,2000,12.76,0,0,4.6746,0,6.8
102,2012,163,2100,12.75,0,0,2.6578,0,3.111
102,2012,163,2200,12.75,0,0,3.7177,0,3.039
102,2012,163,2300,13.33,0,0,2.1595,0,3.022
101,2012,163,2400,12.73,0,0,2552.9,6.081
102,2012,163,2400,13.35,0,0,3.4173,0,2.978
102,2012,164,100,13.37,0,0,3.8366,0,2.978
102,2012,164,200,13.4,0,0,3.2116,0,2.978
102,2012,164,300,13.43,6.1858,0,1.5346,0,2.978
102,2012,164,400,13.44,63.123,0,2.2307,0,2.99
102,2012,164,500,13.45,134.76,0,2.025,0,2.979
102,2012,164,600,13.45,0,0,1.843,0,2.99
102,2012,164,700,13.47,0,0,2.1673,0,3.095
102,2012,164,800,13.47,0,0,5.1573,0,3.42
102,2012,164,900,13.46,0,798.15,25.992,.017,16.41
102,2012,164,1000,13.44,0,225.28,72.644,.05,47.12
102,2012,164,1100,13.39,0,0,112.97,.067,40.55
102,2012,164,1200,13.3,0,0,328.49,.783,337.5
102,2012,164,1300,13.27,0,0,242.53,.3,152.5
102,2012,164,1400,13.27,0,0,184.88,.183,108.9
102,2012,164,1500,13.23,0,0,338.22,.683,454.6
102,2012,164,1600,13.22,0,0,284.78,.666,440.1
102,2012,164,1700,13.23,0,0,307.94,.933,585.9
102,2012,164,1800,13.25,0,0,206.95,.85,491.1
102,2012,164,1900,13.27,0,0,79.418,.533,228.7
102,2012,164,2000,13.3,0,0,4.8882,0,6.502
102,2012,164,2100,13.33,0,0,1.8034,0,3.033
102,2012,164,2200,13.36,0,0,2.9741,0,2.989
102,2012,164,2300,13.38,0,0,3.4171,0,2.978
101,2012,164,2400,13.22,204.07,1023.4,2222.7,5.065
102,2012,164,2400,13.4,0,0,2.7686,0,2.978
102,2012,165,100,13.41,0,0,2.5392,0,2.978
102,2012,165,200,13.42,0,0,3.2591,0,2.978
102,2012,165,300,13.44,0,0,2.286,0,2.979
102,2012,165,400,13.45,.08701,0,2.1673,0,2.979
102,2012,165,500,13.46,423.52,0,2.2701,0,2.979
102,2012,165,600,13.47,200.37,0,2.0249,0,2.979
102,2012,165,700,13.48,0,0,2.3257,0,2.979
102,2012,165,800,13.49,0,0,6.6686,0,7.54
102,2012,165,900,13.45,0,0,54.24,.466,113.4
102,2012,165,1000,13.37,52.334,606.87,152.63,1,240.7
102,2012,165,1100,13.3,0,2023.3,253.5,1,356.4
102,2012,165,1200,13.24,0,2495.2,333.85,1,474.2
102,2012,165,1300,13.22,0,2226.6,375.55,1,561.6
102,2012,165,1400,13.19,0,650.11,394.96,1,621.4
102,2012,165,1500,13.18,0,410.79,392.09,1,692.5
102,2012,165,1600,13.17,0,120.49,330.05,.966,617.7
102,2012,165,1700,13.19,0,68.359,274.1,.916,542.5
102,2012,165,1800,13.23,0,1130.5,181.05,.75,406.7
102,2012,165,1900,13.25,0,426.17,73.061,.566,197
102,2012,165,2000,13.27,0,27.161,4.3348,0,5.812
102,2012,165,2100,13.31,0,0,1.5107,0,2.984
102,2012,165,2200,13.34,0,0,2.0329,0,2.978
102,2012,165,2300,13.37,0,0,2.3255,0,2.978
101,2012,165,2400,13.17,676.31,10186,2852.7,9.66
102,2012,165,2400,13.39,0,0,3.8601,0,2.978
102,2012,166,100,13.4,0,0,4.2558,0,2.978
102,2012,166,200,13.42,0,0,4.0422,0,2.978
102,2012,166,300,13.43,0,0,2.7212,0,2.978
102,2012,166,400,13.44,0,0,2.6736,0,2.979
102,2012,166,500,13.45,0,0,2.4047,0,2.979
102,2012,166,600,13.46,0,0,2.4442,0,2.973
102,2012,166,700,13.47,0,0,2.2543,0,2.979
102,2012,166,800,13.47,8.0204,23.059,7.1346,0,5.864
102,2012,166,900,13.44,260.9,0,66.198,.283,88.2
102,2012,166,1000,12.83,0,351.97,146.4,1,220.7
102,2012,166,1100,13.29,0,1450.1,236.37,1,314.1
102,2012,166,1200,12.84,0,523.52,328.22,1,417
102,2012,166,1300,13.23,0,338.99,338.1,1,393.2
102,2012,166,1400,13.19,0,391.72,390.47,1,481.1
102,2012,166,1500,13.18,0,222.69,336.34,.85,438.2
102,2012,166,1600,13.16,0,118.74,299.97,.95,436.8
102,2012,166,1700,13.16,0,43.017,290,.866,476.9
102,2012,166,1800,13.22,0,0,178.56,.883,357.6
102,2012,166,1900,13.24,0,0,82.995,.55,147
102,2012,166,2000,13.27,0,8.3489,8.2501,0,9.36
102,2012,166,2100,13.29,0,6.5656,1.4,0,2.984
102,2012,166,2200,13.32,0,153.56,1.9222,0,2.978
102,2012,166,2300,13.34,0,78.822,2.8317,0,2.978
101,2012,166,2400,12.83,268.92,3756.9,2739.5,9.38
102,2012,166,2400,13.35,0,45.817,3.5358,0,2.978
102,2012,167,100,13.37,0,0,3.4409,0,2.978
102,2012,167,200,13.38,0,52.786,2.737,0,2.978
102,2012,167,300,13.4,0,32.423,2.0963,0,2.978
102,2012,167,400,13.42,0,0,2.3098,0,2.973
102,2012,167,500,13.43,0,0,2.5154,0,2.962
102,2012,167,600,13.44,0,0,2.2464,0,2.962
102,2012,167,700,13.44,0,0,2.3255,0,2.885
102,2012,167,800,13.45,0,0,6.4939,0,3.31
102,2012,167,900,13.44,4.9831,42.464,40.981,0,26.28
102,2012,167,1000,13.35,0,123.44,151.98,.866,221.3
102,2012,167,1100,13.28,0,80.771,252,1,342
102,2012,167,1200,13.25,0,84.143,332.39,1,463.2
102,2012,167,1300,13.22,0,232.18,369.32,.983,512
102,2012,167,1400,13.2,0,165.81,340.04,.783,439.4
102,2012,167,1500,13.2,0,274.95,271.73,.75,347.7
102,2012,167,1600,13.21,0,80.364,231.08,.483,254.1
102,2012,167,1700,13.22,0,378.6,132.62,.167,84.5
102,2012,167,1800,13.25,0,134.98,133.41,.5,232.4
102,2012,167,1900,13.27,0,56.668,113.68,1,347.4
102,2012,167,2000,13.29,0,0,8.7639,.067,25.82
102,2012,167,2100,12.83,0,25.057,1.7323,0,2.973
102,2012,167,2200,13.35,0,0,2.8634,0,2.967
102,2012,167,2300,13.37,0,0,2.7606,0,2.967
101,2012,167,2400,12.83,4.9831,1841.2,2412.8,7.6
102,2012,167,2400,13.39,0,76.517,3.3064,0,2.851
102,2012,168,100,13.41,0,97.883,3.267,0,2.862
102,2012,168,200,13.42,0,0,2.5234,0,2.752
102,2012,168,300,13.44,0,0,2.0724,0,2.67
102,2012,168,400,13.44,0,0,3.1165,0,2.764
102,2012,168,500,13.44,0,0,1.1232,0,2.725
102,2012,168,600,13.45,0,0,1.9379,0,2.741
102,2012,168,700,13.45,0,0,2.2939,0,2.764
102,2012,168,800,13.45,0,0,8.9381,0,8.2
102,2012,168,900,13.44,0,0,53.62,.3,83.8
102,2012,168,1000,13.36,0,1.9679,145.7,1,222.3
102,2012,168,1100,13.29,0,247.82,250.25,1,341.5
102,2012,168,1200,13.23,0,265.57,328.82,1,450.1
102,2012,168,1300,13.22,0,697.43,328.12,.9,391.9
102,2012,168,1400,13.2,0,1075.7,387.94,1,566
102,2012,168,1500,13.19,0,817.25,370.44,1,639.1
102,2012,168,1600,13.19,0,679.41,265.9,.883,359.5
102,2012,168,1700,13.2,0,520.14,298.43,1,622.2
102,2012,168,1800,13.23,0,187.49,212.63,.8,442.7
102,2012,168,1900,13.24,0,90.55,118.46,1,360.4
102,2012,168,2000,13.27,0,188.32,10.631,.05,27.78
102,2012,168,2100,13.3,0,135.13,1.7876,0,2.978
102,2012,168,2200,13.34,0,152.78,2.1674,0,2.978
102,2012,168,2300,13.36,0,.13639,1.7085,0,2.978
101,2012,168,2400,13.19,0,5157.5,2805.2,9.93
102,2012,168,2400,13.38,0,0,3.2905,0,2.906
102,2012,169,100,13.4,0,0,4.3349,0,2.851
102,2012,169,200,13.42,0,0,3.4885,0,2.862
102,2012,169,300,13.43,0,0,2.1753,0,2.807
102,2012,169,400,13.43,0,0,2.5154,0,2.835
102,2012,169,500,13.44,0,0,1.8747,0,2.747
102,2012,169,600,13.46,0,0,3.1165,0,2.708
102,2012,169,700,13.47,0,0,2.7052,0,2.703
102,2012,169,800,13.47,0,0,4.7622,0,2.725
102,2012,169,900,13.46,0,0,36.838,0,19.66
102,2012,169,1000,13.4,0,0,129.91,.633,146.9
102,2012,169,1100,13.32,0,0,210.49,1,231.5
102,2012,169,1200,13.28,0,299.42,298.66,1,346.1
102,2012,169,1300,13.23,0,244.7,380.36,1,521.9
102,2012,169,1400,13.22,0,41.779,286.63,.616,313.3
102,2012,169,1500,13.2,0,486.04,343.77,.716,460.2
102,2012,169,1600,13.22,0,186.3,211.42,.616,169.9
102,2012,169,1700,13.22,0,517.78,287.37,1,422.5
102,2012,169,1800,13.22,0,14.674,140.11,.7,204.3
102,2012,169,1900,13.26,0,246.15,76.336,.6,198.2
102,2012,169,2000,13.29,0,0,7.4195,.033,13.4
102,2012,169,2100,13.32,0,0,1.5345,0,2.984
102,2012,169,2200,13.35,0,0,2.7606,0,2.978
102,2012,169,2300,13.37,0,0,2.7606,0,2.934
101,2012,169,2400,13.2,0,2036.8,2445,7.91
102,2012,169,2400,13.39,0,0,3.7019,0,2.873
102,2012,170,100,13.4,0,0,4.1847,0,2.824
102,2012,170,200,13.42,0,0,2.9902,0,2.813
102,2012,170,300,13.44,0,0,3.702,0,2.752
102,2012,170,400,13.45,0,0,3.4409,0,2.73
102,2012,170,500,13.46,0,0,3.3933,0,2.697
102,2012,170,600,13.47,0,0,2.6737,0,2.709
102,2012,170,700,13.48,0,0,2.7845,0,2.764
102,2012,170,800,13.48,0,0,6.5343,0,2.99
102,2012,170,900,13.44,0,0,71.659,.217,67.08
102,2012,170,1000,13.38,0,20.877,133.03,.766,164
102,2012,170,1100,13.3,0,216.65,252.63,1,325.6
102,2012,170,1200,13.25,0,595.56,319.28,.983,414.2
102,2012,170,1300,13.22,0,179.3,360.23,.833,326.1
102,2012,170,1400,13.2,0,766.69,378.84,1,573.2
102,2012,170,1500,12.83,0,659.59,274.1,.683,401.9
102,2012,170,1600,12.81,0,257.77,316.79,.9,532.8
102,2012,170,1700,12.81,0,124.52,284.55,.833,522.4
102,2012,170,1800,13.23,0,342.43,129.79,.25,179.6
102,2012,170,1900,13.27,0,103.56,29.695,0,18.13
102,2012,170,2000,13.3,0,4.3056,7.2928,0,12.16
102,2012,170,2100,13.32,0,94.783,1.3368,0,2.978
102,2012,170,2200,13.35,0,0,1.7798,0,2.94
102,2012,170,2300,13.37,0,53.424,2.1831,0,2.956
101,2012,170,2400,12.81,0,3740.6,2595.4,7.46
102,2012,170,2400,13.39,0,321.18,2.5391,0,2.906
102,2012,171,100,13.4,0,0,4.9915,0,2.868
102,2012,171,200,13.42,0,8.7684,3.267,0,2.829
102,2012,171,300,13.43,0,0,3.3777,0,2.736
102,2012,171,400,13.46,0,0,2.9504,0,2.675
102,2012,171,500,13.47,0,0,3.0216,0,2.659
102,2012,171,600,13.47,0,0,2.6975,0,2.648
102,2012,171,700,13.49,113.67,0,3.4491,0,2.648
102,2012,171,800,13.49,238.62,0,7.1829,0,5.506
102,2012,171,900,13.45,66.307,0,59.881,.3,87.6
102,2012,171,1000,13.37,0,112.47,153.58,1,222.7
102,2012,171,1100,13.31,0,49.136,247.26,1,315.4
102,2012,171,1200,13.29,0,210.3,301.17,.966,312
102,2012,171,1300,13.27,0,263.3,340.6,.933,387.6
102,2012,171,1400,13.23,0,25.846,395.48,.966,512.8
102,2012,171,1500,13.22,0,427.77,337.26,.75,444
102,2012,171,1600,13.22,0,302.17,223.89,.6,237
102,2012,171,1700,13.26,0,0,149.13,.117,75.6
102,2012,171,1800,13.28,0,159.88,108.64,.1,57.04
102,2012,171,1900,13.3,0,8.2025,63.404,.45,123.9
102,2012,171,2000,13.32,0,0,14.925,.15,39.04
102,2012,171,2100,13.34,0,65.098,2.2702,0,2.747
102,2012,171,2200,13.37,0,0,3.1402,0,2.664
102,2012,171,2300,13.39,0,72.336,3.2351,0,2.647
101,2012,171,2400,13.22,418.59,1767.4,2437.8,7.33
102,2012,171,2400,13.41,0,62.095,2.9742,0,2.647
102,2012,172,100,13.42,0,0,3.9788,0,2.647
102,2012,172,200,13.44,0,0,4.224,0,2.648
102,2012,172,300,13.46,0,0,2.9504,0,2.648
102,2012,172,400,13.47,78.236,0,2.9583,0,2.648
102,2012,172,500,13.49,58.104,0,2.5393,0,2.648
102,2012,172,600,13.49,31.619,0,2.6738,0,2.648
102,2012,172,700,13.51,0,0,2.8161,0,2.648
102,2012,172,800,13.51,0,0,7.4199,0,7.55
102,2012,172,900,13.49,0,0,54.771,.217,83.3
102,2012,172,1000,13.4,143,890.87,155.71,1,228.5
102,2012,172,1100,13.31,0,1572.7,259,1,340.7
102,2012,172,1200,13.26,0,1335.4,329.94,1,468.7
102,2012,172,1300,13.22,0,833.93,355.16,.983,557.3
102,2012,172,1400,13.2,0,268.95,358.22,.85,550.9
102,2012,172,1500,13.2,0,532.99,298.83,.7,486.9
102,2012,172,1600,13.22,0,592.77,224.74,.616,234
102,2012,172,1700,13.23,0,1456.6,297,.766,497.6
102,2012,172,1800,13.25,0,883.29,121.82,.383,179.3
102,2012,172,1900,13.28,0,447.68,85.682,.516,254.1
102,2012,172,2000,13.3,0,36.706,14.103,.183,48.93
102,2012,172,2100,13.34,0,66.866,1.843,0,2.785
102,2012,172,2200,13.37,0,49.528,2.9346,0,2.724
102,2012,172,2300,13.39,0,0,4.5801,0,2.669
101,2012,172,2400,13.2,310.96,9050.8,2597.1,8.21
102,2012,172,2400,13.42,0,82.54,3.2196,0,2.669
102,2012,173,100,13.43,0,0,5.0863,0,2.653
102,2012,173,200,13.45,0,0,3.5042,0,2.648
102,2012,173,300,13.46,0,0,3.3933,0,2.648
102,2012,173,400,13.47,0,0,3.0534,0,2.648
102,2012,173,500,13.49,0,0,3.2434,0,2.648
102,2012,173,600,13.51,0,0,3.1009,0,2.648
102,2012,173,700,13.51,0,0,2.7133,0,2.648
102,2012,173,800,13.52,6.6367,0,5.7902,0,3.023
102,2012,173,900,13.52,0,156.5,26.649,0,17.83
102,2012,173,1000,13.45,0,567.83,97.836,.117,41.78
102,2012,173,1100,13.35,0,475.18,222.24,.916,242.6
102,2012,173,1200,13.27,0,458.4,329.32,1,478.5
102,2012,173,1300,13.24,0,789.03,365.35,1,610.6
102,2012,173,1400,13.22,0,1370.2,399.16,1,655.7
102,2012,173,1500,13.21,0,459.65,185.88,.2,102
102,2012,173,1600,13.25,0,27.426,156.82,0,26.32
102,2012,173,1700,13.25,0,127.34,230.15,.983,357.9
102,2012,173,1800,13.27,0,134.71,142.68,.683,277.7
102,2012,173,1900,13.29,0,152.82,135.18,1,489.2
102,2012,173,2000,13.3,0,398.35,18.295,.283,76.7
102,2012,173,2100,13.34,0,179.73,2.0724,0,2.713
102,2012,173,2200,13.37,0,0,3.164,0,2.68
102,2012,173,2300,13.39,0,0,2.5787,0,2.664
101,2012,173,2400,13.21,6.6367,5297.1,2349.5,7.18
102,2012,173,2400,13.41,0,0,2.2386,0,2.658
102,2012,174,100,13.42,0,0,4.0739,0,2.647
102,2012,174,200,13.44,0,0,2.7053,0,2.648
102,2012,174,300,13.44,0,0,2.1357,0,2.648
102,2012,174,400,13.45,0,0,1.4713,0,2.648
102,2012,174,500,13.46,0,0,1.7085,0,2.648
102,2012,174,600,13.46,0,0,2.0724,0,2.648
102,2012,174,700,13.47,0,0,1.0915,0,2.648
102,2012,174,800,13.47,0,0,2.3809,0,2.648
102,2012,174,900,13.47,0,756.62,18.707,0,2.653
102,2012,174,1000,13.43,0,1140.6,78.189,.067,27.68
102,2012,174,1100,13.34,0,2531.8,178.88,.383,136
102,2012,174,1200,13.25,0,942.71,305.65,1,405.5
102,2012,174,1300,13.18,0,3328.7,342.2,.95,526.9
102,2012,174,1400,13.2,0,2879.3,301.61,.65,396.4
102,2012,174,1500,13.2,0,2754.4,179.11,.133,61.71
102,2012,174,1600,13.22,0,1629.9,231,.716,340.6
102,2012,174,1700,13.22,0,1909.3,289.47,1,587.3
102,2012,174,1800,13.23,0,1676.1,160.45,.5,241
102,2012,174,1900,13.25,0,1538.9,90.524,.65,172.7
102,2012,174,2000,13.27,0,999.15,10.939,0,21.25
102,2012,174,2100,13.3,0,58.19,1.5108,0,2.73
102,2012,174,2200,13.33,0,0,2.4916,0,2.697
102,2012,174,2300,13.35,0,0,2.6735,0,2.664
101,2012,174,2400,13.18,0,22146,2213.1,6.048
102,2012,174,2400,13.37,0,0,2.0407,0,2.68
102,2012,175,100,13.39,0,0,2.3889,0,2.697
102,2012,175,200,13.4,0,127.1,2.0408,0,2.752
102,2012,175,300,13.41,0,0,2.6421,0,2.658
102,2012,175,400,13.42,0,0,2.0804,0,2.647
102,2012,175,500,13.42,0,258.49,2.286,0,2.647
102,2012,175,600,13.43,0,499.12,2.1595,0,2.659
102,2012,175,700,13.43,0,158.71,1.1786,0,2.653
102,2012,175,800,13.44,0,403.24,3.2748,0,2.659
102,2012,175,900,13.42,0,1548,21.104,0,3.15
102,2012,175,1000,12.78,0,266.4,40.602,0,3.282
102,2012,175,1100,12.74,0,224.54,72.327,0,11.79
102,2012,175,1200,12.74,0,.37019,145.15,.05,31.79
102,2012,175,1300,12.75,0,0,132.07,0,4.897
102,2012,175,1400,12.75,0,0,163.62,0,9.12
102,2012,175,1500,12.76,0,0,208.87,.117,64.41
102,2012,175,1600,12.77,0,0,150.58,.033,47.04
102,2012,175,1700,12.77,0,0,118.54,0,36.17
102,2012,175,1800,12.77,0,0,68.924,0,10.59
102,2012,175,1900,13.28,0,0,16.404,0,2.956
102,2012,175,2000,13.3,0,0,2.3334,0,2.89
102,2012,175,2100,13.35,0,0,.1582,0,2.78
102,2012,175,2200,13.36,0,0,.46668,0,2.791
102,2012,175,2300,13.37,58.492,0,.29266,0,2.471
101,2012,175,2400,12.74,58.492,3486,1159.6,.2
102,2012,175,2400,13.39,0,0,.10283,0,2.316
102,2012,176,100,13.41,0,0,.6328,0,2.316
102,2012,176,200,13.42,0,625.82,1.5741,0,2.283
102,2012,176,300,13.44,0,131.63,1.5029,0,2.311
102,2012,176,400,13.44,0,2680.5,.98874,0,2.317
102,2012,176,500,13.45,0,2018.9,1.2419,0,2.317
102,2012,176,600,13.45,0,4591.4,1.3605,0,2.317
102,2012,176,700,13.46,0,1636.1,2.5944,0,2.317
102,2012,176,800,13.46,0,1031.7,6.1063,0,2.3
102,2012,176,900,13.45,0,683.87,41.337,0,5.301
102,2012,176,1000,13.44,0,1668.1,52.885,0,6.553
102,2012,176,1100,13.4,0,1232.5,157.64,.117,48.11
102,2012,176,1200,13.38,0,1417.7,180.23,.017,30.24
102,2012,176,1300,13.37,0,1172.6,191.01,0,6.739
102,2012,176,1400,13.35,0,1473.4,211.7,0,9.29
102,2012,176,1500,13.32,0,133.28,232.8,.183,86.3
102,2012,176,1600,13.3,0,142.8,235.5,.616,245.9
102,2012,176,1700,13.3,0,89.885,98.877,.05,24.46
102,2012,176,1800,13.32,0,4.4323,28.846,0,19.2
102,2012,176,1900,13.35,0,2104.6,11.683,0,4.572
102,2012,176,2000,13.39,0,1240.9,6.2011,0,2.873
102,2012,176,2100,13.41,0,155.91,4.4297,0,2.791
102,2012,176,2200,13.43,0,0,4.659,0,2.769
102,2012,176,2300,13.44,0,0,3.5199,0,2.708
101,2012,176,2400,13.3,0,24236,1479.5,.983
102,2012,176,2400,13.46,0,0,2.2147,0,2.697
102,2012,177,100,13.46,0,0,2.3729,0,2.659
102,2012,177,200,13.46,0,0,2.7842,0,2.681
102,2012,177,300,13.46,0,0,2.9187,0,2.697
102,2012,177,400,13.47,0,0,3.0611,0,2.769
102,2012,177,500,13.47,0,0,1.8667,0,2.725
102,2012,177,600,13.47,0,0,1.5978,0,2.72
102,2012,177,700,13.47,0,0,2.1278,0,2.764
102,2012,177,800,13.47,0,0,2.5866,0,2.78
102,2012,177,900,13.48,0,0,16.675,0,2.835
102,2012,177,1000,13.47,0,0,21.579,0,3.144
102,2012,177,1100,13.46,0,0,37.445,0,4.165
102,2012,177,1200,13.44,0,0,96.097,0,23.96
102,2012,177,1300,13.32,0,129.78,289.26,.533,241.4
102,2012,177,1400,13.26,0,308.68,361.52,1,466.5
102,2012,177,1500,13.22,0,626.16,359.94,1,634.1
102,2012,177,1600,13.21,0,451.34,346.37,1,729
102,2012,177,1700,13.22,0,17.753,294.59,1,684.8
102,2012,177,1800,13.24,0,0,197.1,1,505.2
102,2012,177,1900,13.26,0,0,109.34,1,307.7
102,2012,177,2000,13.29,31.093,0,11.912,.067,28.9
102,2012,177,2100,13.33,0,0,1.6848,0,2.879
102,2012,177,2200,13.37,0,0,2.6418,0,2.78
102,2012,177,2300,13.39,0,0,3.5436,0,2.802
101,2012,177,2400,13.21,31.093,1533.7,2172.2,6.597
102,2012,177,2400,13.4,0,0,3.2274,0,2.702
102,2012,178,100,13.43,0,0,3.6625,0,2.675
102,2012,178,200,13.43,0,0,2.2782,0,2.659
102,2012,178,300,13.44,0,0,2.4047,0,2.659
102,2012,178,400,13.45,0,0,3.2194,0,2.648
102,2012,178,500,13.46,0,0,2.5074,0,2.648
102,2012,178,600,13.47,0,0,2.9664,0,2.653
102,2012,178,700,13.47,0,0,1.6532,0,2.681
102,2012,178,800,13.47,0,0,2.5787,0,2.67
102,2012,178,900,13.47,0,0,8.7088,0,2.907
102,2012,178,1000,13.48,0,0,35.78,0,4.32
102,2012,178,1100,13.46,0,0,91.714,0,8.6
102,2012,178,1200,13.44,0,0,85.317,0,15.83
102,2012,178,1300,13.4,0,0,106.7,0,8.38
102,2012,178,1400,13.39,0,0,108.36,0,4.401
102,2012,178,1500,13.36,0,0,149.66,0,13.63
102,2012,178,1600,13.3,0,3.9745,328.89,.966,407.8
102,2012,178,1700,13.3,0,0,196.28,.883,200.7
102,2012,178,1800,13.3,0,0,186.69,.85,419.8
102,2012,178,1900,13.31,0,0,115.56,.683,313
102,2012,178,2000,13.33,0,0,8.4709,0,18.64
102,2012,178,2100,13.37,0,0,2.9424,0,2.796
102,2012,178,2200,13.4,0,0,3.6544,0,2.73
102,2012,178,2300,13.42,0,0,3.0296,0,2.675
101,2012,178,2400,13.3,0,3.9745,1456.4,3.382
102,2012,178,2400,13.45,0,0,3.3776,0,2.653
102,2012,179,100,13.46,0,0,2.4679,0,2.648
102,2012,179,200,13.48,0,712.83,3.9237,0,2.648
102,2012,179,300,13.49,90.197,757.59,2.832,0,2.648
102,2012,179,400,13.5,22.703,1577.2,2.3652,0,2.648
102,2012,179,500,13.51,43.246,2380.4,2.3098,0,2.648
102,2012,179,600,13.51,0,765.43,3.1088,0,2.648
102,2012,179,700,13.51,0,0,2.6421,0,2.659
102,2012,179,800,13.52,0,0,6.0039,0,4.894
102,2012,179,900,13.49,0,0,46.386,.233,84.7
102,2012,179,1000,13.41,6.2336,12.967,145.84,1,236.7
102,2012,179,1100,13.32,0,0,227.43,.983,344.8
102,2012,179,1200,13.25,0,.20459,306.67,1,495.5
102,2012,179,1300,13.23,0,208.15,335.03,.916,608.3
102,2012,179,1400,13.23,0,216.1,249.91,.417,283.4
102,2012,179,1500,13.22,0,202.48,226.26,.5,279.8
102,2012,179,1600,13.24,0,54.005,159.27,.217,146
102,2012,179,1700,13.27,63.29,0,37.794,0,16.38
102,2012,179,1800,13.32,27.224,0,52.379,0,27.73
102,2012,179,1900,13.36,0,0,10.299,0,3.166
102,2012,179,2000,13.4,0,229.8,6.9926,0,2.912
102,2012,179,2100,13.42,0,0,3.0375,0,2.934
102,2012,179,2200,13.44,0,121.38,3.0691,0,2.901
102,2012,179,2300,13.44,0,2228.6,2.6341,0,2.857
101,2012,179,2400,13.22,252.89,9758.2,1841.1,5.265
102,2012,179,2400,13.46,0,291.1,2.4046,0,2.83
102,2012,180,100,13.45,0,1052.5,2.3967,0,2.775
102,2012,180,200,13.46,0,2277.9,1.8035,0,2.813
102,2012,180,300,13.46,0,4373.9,2.0645,0,2.741
102,2012,180,400,13.47,0,2182.7,2.7684,0,2.758
102,2012,180,500,13.47,0,2320.8,3.1165,0,2.769
102,2012,180,600,13.49,0,1428.9,2.9902,0,2.72
102,2012,180,700,13.49,0,490.64,3.5598,0,2.786
102,2012,180,800,13.51,0,0,6.0911,0,5.12
102,2012,180,900,13.47,0,0,60.927,.516,119.6
102,2012,180,1000,13.38,0,0,158.84,1,249.1
102,2012,180,1100,13.33,0,0,215.73,1,309.4
102,2012,180,1200,13.25,0,123.27,310.32,.966,454.4
102,2012,180,1300,13.25,0,527.71,324.36,.783,346.6
102,2012,180,1400,13.24,0,399.14,282.69,.583,408.4
102,2012,180,1500,12.92,0,499.08,287.41,.766,473.8
102,2012,180,1600,13.22,0,650.5,350.95,.85,625.9
102,2012,180,1700,13.24,0,54.767,258.81,.75,514.5
102,2012,180,1800,13.26,0,1.9387,236.74,1,588.1
102,2012,180,1900,13.3,0,0,123.12,1,371.8
102,2012,180,2000,13.32,0,0,19.086,.233,62.21
102,2012,180,2100,13.35,0,0,1.9696,0,2.895
102,2012,180,2200,13.38,0,0,3.1244,0,2.873
102,2012,180,2300,13.4,0,0,2.7765,0,2.796
101,2012,180,2400,12.92,0,16420,2663.8,9.45
102,2012,180,2400,13.42,0,36.387,2.199,0,2.802
102,2012,181,100,13.42,0,125.07,3.7337,0,2.691
102,2012,181,200,13.45,0,0,4.1607,0,2.659
102,2012,181,300,13.47,0,84.1,3.0453,0,2.648
102,2012,181,400,13.48,0,32.45,3.2512,0,2.648
102,2012,181,500,13.5,0,0,2.7925,0,2.648
102,2012,181,600,13.51,0,0,3.1563,0,2.648
102,2012,181,700,13.52,116.01,0,3.6466,0,2.703
102,2012,181,800,12.91,412.68,0,3.2907,0,2.714
102,2012,181,900,13.5,.52999,0,26.729,0,2.896
102,2012,181,1000,13.47,0,0,64.082,0,7.39
102,2012,181,1100,13.37,0,439.21,204.25,.733,270.2
102,2012,181,1200,13.28,0,943.65,322.92,1,516.3
102,2012,181,1300,13.24,0,1373.3,367.22,1,664.5
102,2012,181,1400,13.21,0,1528.2,380.27,1,676.3
102,2012,181,1500,13.2,0,1111.9,351.03,.916,535
102,2012,181,1600,13.21,0,514.88,286.86,.866,370.7
102,2012,181,1700,13.23,0,9.6945,222.74,1,261.1
102,2012,181,1800,13.25,0,0,154.95,1,215
102,2012,181,1900,13.27,0,0,69.585,.483,129.6
102,2012,181,2000,13.3,0,7.316,13.763,.083,35
102,2012,181,2100,13.34,0,0,1.3922,0,2.978
102,2012,181,2200,13.37,0,0,1.4791,0,2.84
102,2012,181,2300,13.39,0,0,1.9062,0,2.785
101,2012,181,2400,12.91,529.22,6169.7,2498.9,8.08
102,2012,181,2400,13.4,0,0,2.6815,0,2.747
102,2012,182,100,13.42,0,43.539,3.0139,0,2.664
102,2012,182,200,13.44,0,494.18,3.8997,0,2.653
102,2012,182,300,13.45,0,1624,2.1594,0,2.648
102,2012,182,400,13.44,0,595.89,2.7605,0,2.648
102,2012,182,500,13.44,0,250.3,2.389,0,2.648
102,2012,182,600,13.46,0,2170.2,1.7957,0,2.648
102,2012,182,700,13.45,0,2345.7,1.9065,0,2.648
102,2012,182,800,13.45,0,540.46,4.0898,0,2.648
102,2012,182,900,13.43,0,355.52,48.173,.267,66.61
102,2012,182,1000,12.79,0,8.4169,154.35,1,262.8
102,2012,182,1100,12.75,0,54.153,249.47,1,375.7
102,2012,182,1200,12.75,0,533.3,317.87,1,515.5
102,2012,182,1300,12.77,0,915.3,354.27,1,671.6
102,2012,182,1400,12.78,0,942.79,364.3,1,721
102,2012,182,1500,12.78,0,793.42,360.98,1,733
102,2012,182,1600,12.79,0,538.81,328.78,.983,635.4
102,2012,182,1700,13.13,0,135.5,213.48,.65,385.3
102,2012,182,1800,13.19,0,0,202.46,1,510.5
102,2012,182,1900,13.22,0,0,119.18,1,372.2
102,2012,182,2000,13.24,0,0,12.269,.117,34.91
102,2012,182,2100,13.29,0,0,1.0758,0,2.675
102,2012,182,2200,13.33,0,0,1.8747,0,2.647
102,2012,182,2300,13.35,0,0,2.4046,0,2.647
101,2012,182,2400,12.75,0,14007,2756.4,10.01
102,2012,182,2400,13.39,0,1665.8,3.4803,0,2.647
102,2012,183,100,13.4,0,55.065,4.1055,0,2.647
102,2012,183,200,13.42,0,0,4.3664,0,2.648
102,2012,183,300,13.43,0,64.024,2.9504,0,2.648
102,2012,183,400,13.45,0,6.4979,4.8251,0,2.648
102,2012,183,500,13.46,0,282.59,2.2229,0,2.648
102,2012,183,600,13.48,0,0,2.2782,0,2.648
102,2012,183,700,13.49,0,0,2.6895,0,2.648
102,2012,183,800,13.5,0,0,8.8754,0,8.09
102,2012,183,900,13.47,0,15.987,63.52,.6,120.6
102,2012,183,1000,13.39,0,5.0756,153.36,1,256.7
102,2012,183,1100,13.32,0,71.242,192.87,1,299.4
102,2012,183,1200,13.25,0,789.37,301.72,1,498.3
102,2012,183,1300,13.22,0,976.19,338.17,.983,573
102,2012,183,1400,13.19,0,1171.3,369.89,1,607.5
102,2012,183,1500,13.19,0,581.4,309.77,.916,437
102,2012,183,1600,13.2,0,347.2,288.93,1,466.3
102,2012,183,1700,13.21,0,32.436,246.17,1,431.9
102,2012,183,1800,13.24,0,0,207.87,1,520.2
102,2012,183,1900,13.25,0,0,103.7,.983,317.7
102,2012,183,2000,13.27,0,0,9.3497,.1,27.44
102,2012,183,2100,13.31,0,0,3.069,0,2.978
102,2012,183,2200,13.34,0,0,2.6815,0,2.978
102,2012,183,2300,13.37,0,0,3.2825,0,2.956
101,2012,183,2400,13.19,0,4405.6,2630.5,10.58
102,2012,183,2400,13.39,0,7.2578,3.7968,0,2.89
102,2012,184,100,13.41,0,0,4.7383,0,2.84
102,2012,184,200,13.43,0,0,3.8127,0,2.78
102,2012,184,300,13.44,0,178.97,3.7493,0,2.769
102,2012,184,400,13.45,0,0,3.156,0,2.736
102,2012,184,500,13.45,0,0,1.6611,0,2.664
102,2012,184,600,13.48,0,0,2.0884,0,2.654
102,2012,184,700,13.49,590.01,232.28,2.5867,0,2.648
102,2012,184,800,13.49,684.62,521.62,4.9203,0,3.067
102,2012,184,900,13.48,3.441,2157.7,38.326,.117,60.26
102,2012,184,1000,13.43,0,1181.1,94.441,.117,61.93
102,2012,184,1100,13.33,0,175.59,190.58,.616,225.6
102,2012,184,1200,13.27,0,481.52,283.74,1,416.5
102,2012,184,1300,13.23,0,744.61,299.97,.816,469.8
102,2012,184,1400,13.21,0,1040.3,355.06,.966,618.2
102,2012,184,1500,13.19,0,945.91,372.16,.983,719
102,2012,184,1600,13.18,0,413.04,286.52,.866,580.5
102,2012,184,1700,13.2,0,30.302,296.8,1,746
102,2012,184,1800,13.22,0,0,211.36,.966,618.5
102,2012,184,1900,13.25,0,0,115.28,.933,410.8
102,2012,184,2000,13.27,0,0,21.808,.35,82.1
102,2012,184,2100,13.31,0,0,1.9063,0,2.978
102,2012,184,2200,13.34,0,0,3.0612,0,2.967
102,2012,184,2300,13.37,0,0,3.3537,0,2.929
101,2012,184,2400,13.18,1278.1,8103,2605.1,8.73
102,2012,184,2400,13.39,0,0,3.9786,0,2.796
102,2012,185,100,13.4,0,0,4.0895,0,2.752
102,2012,185,200,13.42,0,.81835,5.0072,0,2.697
102,2012,185,300,13.44,0,22.806,3.9866,0,2.659
102,2012,185,400,13.46,0,0,2.8714,0,2.648
102,2012,185,500,13.47,0,0,4.2164,0,2.648
102,2012,185,600,13.49,0,0,4.2717,0,2.648
102,2012,185,700,13.5,168.48,134.86,3.3857,0,2.648
102,2012,185,800,13.51,221.1,0,6.8344,0,9.19
102,2012,185,900,13.49,0,0,48.134,.383,88
102,2012,185,1000,13.41,0,0,152.63,1,257.9
102,2012,185,1100,13.32,0,17.506,238.4,1,357.2
102,2012,185,1200,13.25,0,455.72,298.23,1,457.6
102,2012,185,1300,12.85,0,870.15,338.81,1,592.7
102,2012,185,1400,13.2,0,892.38,357.41,1,610.1
102,2012,185,1500,13.19,0,772.76,335.73,.866,608.6
102,2012,185,1600,13.19,0,451.04,334.89,.933,691.9
102,2012,185,1700,13.19,0,77.561,294.93,.966,723
102,2012,185,1800,13.22,0,0,226.23,.933,651
102,2012,185,1900,13.25,0,0,111.95,.883,389.1
102,2012,185,2000,13.27,0,0,10.584,.067,32.07
102,2012,185,2100,13.31,0,0,2.1515,0,2.912
102,2012,185,2200,13.35,0,0,4.6115,0,2.835
102,2012,185,2300,13.38,0,0,4.2477,0,2.835
101,2012,185,2400,12.85,389.58,3695.6,2798.4,10.03
102,2012,185,2400,13.4,0,0,4.7382,0,2.813
102,2012,186,100,13.42,0,649.23,4.7383,0,2.719
102,2012,186,200,13.43,0,1652.6,2.998,0,2.675
102,2012,186,300,13.46,0,493.84,2.903,0,2.648
102,2012,186,400,13.47,0,0,3.1404,0,2.648
102,2012,186,500,13.49,0,0,3.6073,0,2.648
102,2012,186,600,13.5,241.06,279.94,2.9506,0,2.648
102,2012,186,700,13.51,575.77,0,2.2782,0,2.665
102,2012,186,800,13.52,0,104.82,5.3156,0,3.9
102,2012,186,900,13.5,0,1265.1,53.188,.233,69.53
102,2012,186,1000,12.84,252.22,15.724,132.52,.783,200.8
102,2012,186,1100,13.36,0,244.14,200.79,.916,265.9
102,2012,186,1200,13.29,0,446.07,284.82,1,380
102,2012,186,1300,13.25,0,701.55,293.51,.75,375
102,2012,186,1400,13.22,0,628.69,269.26,.65,369.4
102,2012,186,1500,13.22,0,734.52,320.32,.883,515.6
102,2012,186,1600,13.2,0,161.95,254.26,1,386.5
102,2012,186,1700,13.22,0,1.9195,189.06,.666,306.5
102,2012,186,1800,13.25,0,0,97.15,.583,196.5
102,2012,186,1900,13.27,0,0,94.487,.85,262.1
102,2012,186,2000,13.29,0,0,5.355,0,15.05
102,2012,186,2100,13.33,0,0,3.607,0,2.945
102,2012,186,2200,13.37,0,0,3.947,0,2.912
102,2012,186,2300,13.38,0,0,4.121,0,2.818
101,2012,186,2400,12.84,1069,7380.1,2238.8,8.31
102,2012,186,2400,13.4,0,0,4.485,0,2.747
102,2012,187,100,13.42,0,0,4.4456,0,2.658
102,2012,187,200,13.45,0,0,3.9708,0,2.648
102,2012,187,300,13.46,0,0,3.6703,0,2.648
102,2012,187,400,13.48,0,0,2.8558,0,2.648
102,2012,187,500,13.48,0,0,2.8716,0,2.648
102,2012,187,600,13.5,0,0,2.5393,0,2.648
102,2012,187,700,13.51,275.03,0,2.6816,0,2.648
102,2012,187,800,13.52,168.31,0,4.1133,0,2.902
102,2012,187,900,13.51,378.43,0,30.422,0,6.907
102,2012,187,1000,13.47,124.23,0,76.834,.017,23.73
102,2012,187,1100,12.8,0,0,130.33,.033,31.19
102,2012,187,1200,13.35,0,.4676,236.62,.516,209
102,2012,187,1300,13.28,0,174.59,306.46,1,449.9
102,2012,187,1400,13.25,0,393.42,300.39,.833,311
102,2012,187,1500,13.22,0,356.06,319.4,.883,384.7
102,2012,187,1600,13.22,0,6.002,275.91,1,397.2
102,2012,187,1700,13.22,0,0,241.42,1,479.2
102,2012,187,1800,13.25,0,0,173.69,.75,280.6
102,2012,187,1900,13.27,0,0,49.716,.083,80.8
102,2012,187,2000,13.3,0,0,18.137,.133,43.02
102,2012,187,2100,13.33,0,0,2.373,0,2.923
102,2012,187,2200,13.37,0,0,3.243,0,2.879
102,2012,187,2300,13.39,0,0,2.9663,0,2.791
101,2012,187,2400,12.8,945.99,930.54,2198.5,6.248
102,2012,187,2400,13.42,0,0,3.4013,0,2.73
102,2012,188,100,13.43,0,0,3.8839,0,2.703
102,2012,188,200,13.44,0,0,3.5279,0,2.681
102,2012,188,300,13.46,0,0,2.5549,0,2.675
102,2012,188,400,13.45,0,182.07,1.9617,0,2.681
102,2012,188,500,13.46,0,0,2.0249,0,2.653
102,2012,188,600,13.47,0,0,3.4569,0,2.648
102,2012,188,700,13.48,0,0,3.2118,0,2.648
102,2012,188,800,13.5,0,0,4.8808,0,3.9
102,2012,188,900,13.49,0,0,33.62,0,41.13
102,2012,188,1000,12.73,0,0,79.613,0,28.56
102,2012,188,1100,12.73,0,0,219.65,.85,298.2
102,2012,188,1200,12.75,0,591.51,291.64,1,437.7
102,2012,188,1300,13.23,0,0,332.98,1,559.6
102,2012,188,1400,13.19,0,0,350.96,1,631
102,2012,188,1500,13.19,0,0,344.7,1,662
102,2012,188,1600,13.19,0,0,334.3,1,694.9
102,2012,188,1700,13.2,0,0,238,.866,518
102,2012,188,1800,13.23,0,0,190.62,.833,473.4
102,2012,188,1900,13.26,0,0,113.96,.933,354.4
102,2012,188,2000,13.28,0,0,12.996,.117,37.43
102,2012,188,2100,13.32,0,2745.5,2.1199,0,2.978
102,2012,188,2200,13.35,0,1668.5,2.7211,0,2.901
102,2012,188,2300,13.37,0,0,3.7888,0,2.824
101,2012,188,2400,12.73,0,5187.6,2580.9,8.6
102,2012,188,2400,13.41,0,0,3.7257,0,2.724
102,2012,189,100,13.43,0,0,4.8569,0,2.692
102,2012,189,200,13.44,0,0,4.0658,0,2.648
102,2012,189,300,13.46,0,0,4.8093,0,2.648
102,2012,189,400,13.48,0,0,2.8241,0,2.648
102,2012,189,500,13.49,0,0,3.275,0,2.648
102,2012,189,600,13.51,0,0,4.1767,0,2.648
102,2012,189,700,13.52,0,0,3.876,0,2.648
102,2012,189,800,13.53,0,0,5.5766,0,4.634
102,2012,189,900,13.51,0,0,54.437,.367,97.1
102,2012,189,1000,13.44,0,0,140.43,1,235.1
102,2012,189,1100,13.34,0,699.46,238.58,1,359.1
102,2012,189,1200,13.31,0,2085.5,222.26,.367,106.5
102,2012,189,1300,13.25,0,0,310.62,.8,386.4
102,2012,189,1400,13.22,0,0,349.68,1,577.7
102,2012,189,1500,13.19,0,0,354.16,1,655.1
102,2012,189,1600,13.19,0,0,319.64,1,641.4
102,2012,189,1700,13.2,0,0,277.43,1,624.8
102,2012,189,1800,13.22,0,0,191.22,1,441.9
102,2012,189,1900,13.24,0,0,95.055,.816,205
102,2012,189,2000,13.26,0,0,3.5202,0,3.932
102,2012,189,2100,13.3,0,0,.27684,0,2.989
102,2012,189,2200,13.32,0,3482.2,1.5108,0,2.945
102,2012,189,2300,13.36,0,520.57,2.634,0,2.818
101,2012,189,2400,13.19,0,6787.7,2597.7,9.35
102,2012,189,2400,13.39,0,0,2.8238,0,2.758
102,2012,190,100,13.4,0,0,2.5312,0,2.719
102,2012,190,200,13.42,0,0,4.5247,0,2.658
102,2012,190,300,13.4,0,0,3.2906,0,2.648
102,2012,190,400,13.44,0,0,3.9155,0,2.648
102,2012,190,500,13.45,0,0,4.2402,0,2.648
102,2012,190,600,13.47,0,0,3.1405,0,2.648
102,2012,190,700,13.49,0,0,3.3856,0,2.648
102,2012,190,800,13.49,0,0,6.518,0,4.055
102,2012,190,900,13.47,0,0,52.389,.233,81.1
102,2012,190,1000,13.39,0,0,134.79,1,211.7
102,2012,190,1100,13.31,0,1044.5,216.47,1,323.4
102,2012,190,1200,13.26,0,1815.8,278.47,1,428.4
102,2012,190,1300,13.21,0,0,314.93,1,513.7
102,2012,190,1400,13.19,0,0,334.02,1,535.4
102,2012,190,1500,13.16,0,0,333.53,1,603.8
102,2012,190,1600,13.16,0,0,319.59,1,584.1
102,2012,190,1700,13.17,0,0,229.9,1,432.5
102,2012,190,1800,13.2,0,0,114.97,.65,238.5
102,2012,190,1900,13.23,0,0,56.72,.333,119
102,2012,190,2000,13.25,0,0,10.307,0,18.25
102,2012,190,2100,13.29,0,0,1.748,0,2.978
102,2012,190,2200,13.32,0,2201.1,2.2228,0,2.973
102,2012,190,2300,13.34,0,0,2.7448,0,2.884
101,2012,190,2400,13.16,0,5061.4,2437.5,9.21
102,2012,190,2400,13.37,0,0,3.1797,0,2.774
102,2012,191,100,13.39,0,0,3.9311,0,2.735
102,2012,191,200,13.4,0,0,3.2114,0,2.675
102,2012,191,300,13.42,0,0,2.7211,0,2.653
102,2012,191,400,13.44,0,0,3.3143,0,2.648
102,2012,191,500,13.46,0,0,3.2274,0,2.648
102,2012,191,600,13.47,0,0,2.0885,0,2.648
102,2012,191,700,13.49,263.11,0,2.302,0,2.648
102,2012,191,800,13.49,436.09,0,5.3158,0,4.231
102,2012,191,900,13.46,512.35,0,51.181,.15,78
102,2012,191,1000,13.39,0,0,131.91,1,210
102,2012,191,1100,13.31,0,752.92,212.34,1,317
102,2012,191,1200,13.25,0,1578,268.99,1,392.5
102,2012,191,1300,13.21,0,0,288.26,.933,430.1
102,2012,191,1400,13.18,0,0,310.13,.9,442.8
102,2012,191,1500,13.19,0,0,298.05,.85,406.5
102,2012,191,1600,13.18,0,0,289.58,1,474.4
102,2012,191,1700,13.19,0,0,168.41,.833,271.3
102,2012,191,1800,13.22,0,0,166.86,1,376.2
102,2012,191,1900,13.23,0,0,42.915,.25,91.9
102,2012,191,2000,12.84,0,1401.6,7.9102,0,12.47
102,2012,191,2100,12.76,0,49.14,2.6974,0,2.978
102,2012,191,2200,12.75,0,0,2.6735,0,2.978
102,2012,191,2300,12.75,0,0,3.4644,0,2.951
101,2012,191,2400,12.74,1211.5,3781.7,2274.9,8.91
102,2012,191,2400,12.74,0,0,3.417,0,2.796
102,2012,192,100,12.73,0,0,4.1211,0,2.702
102,2012,192,200,12.73,0,0,3.963,0,2.647
102,2012,192,300,12.72,0,0,4.137,0,2.648
102,2012,192,400,12.71,0,0,2.8001,0,2.648
102,2012,192,500,12.71,209.67,0,2.1832,0,2.648
102,2012,192,600,12.71,1040.4,0,3.6785,0,2.648
102,2012,192,700,12.7,0,0,2.8874,0,2.648
102,2012,192,800,12.7,1411.9,0,2.658,0,2.648
102,2012,192,900,12.7,1044.7,0,20.093,0,4.165
102,2012,192,1000,12.7,448.96,0,54.322,.033,20.6
102,2012,192,1100,12.71,0,0,185.51,1,233.6
102,2012,192,1200,12.73,0,1076.7,193.81,.3,88.3
102,2012,192,1300,12.75,0,1587.9,278.54,.716,240.3
102,2012,192,1400,12.76,0,0,320.61,.866,395.8
102,2012,192,1500,12.78,0,0,240.04,.65,323.8
102,2012,192,1600,12.78,0,0,322.8,1,605.6
102,2012,192,1700,12.79,0,0,277.8,1,586.5
102,2012,192,1800,12.78,0,0,162.96,.633,298.2
102,2012,192,1900,12.78,0,0,53.373,.217,103.1
102,2012,192,2000,12.77,0,0,13.542,0,27.1
102,2012,192,2100,12.75,0,2243.8,1.7876,0,2.978
102,2012,192,2200,12.75,0,1928.1,2.1437,0,2.934
102,2012,192,2300,13.32,0,0,1.7955,0,2.868
101,2012,192,2400,12.7,4155.6,6836.6,2158.1,6.414
102,2012,192,2400,13.33,0,0,2.5865,0,2.807
102,2012,193,100,13.35,0,0,3.6621,0,2.791
102,2012,193,200,13.37,0,0,3.8916,0,2.818
102,2012,193,300,13.37,0,0,2.1199,0,2.736
102,2012,193,400,13.4,0,0,3.3539,0,2.758
102,2012,193,500,13.42,0,0,3.0928,0,2.725
102,2012,193,600,13.45,0,0,2.0172,0,2.681
102,2012,193,700,13.47,123.3,0,2.0726,0,2.742
102,2012,193,800,13.49,0,723.02,4.3903,0,4.287
102,2012,193,900,13.47,0,0,47.408,.283,86.9
102,2012,193,1000,13.4,0,0,136.09,1,231.8
102,2012,193,1100,13.31,0,1263.4,222.31,1,357.1
102,2012,193,1200,13.24,0,130.66,284.62,1,462.2
102,2012,193,1300,13.2,0,0,321.88,1,554.9
102,2012,193,1400,13.18,0,0,321.68,.866,497.5
102,2012,193,1500,13.17,0,0,328.03,.883,540.7
102,2012,193,1600,13.16,0,0,305.11,.933,560.6
102,2012,193,1700,13.18,0,0,173.57,.5,325.1
102,2012,193,1800,13.22,0,0,137.52,.633,360.6
102,2012,193,1900,13.23,0,0,112.85,1,360.4
102,2012,193,2000,13.26,0,0,9.0337,.017,17.38
102,2012,193,2100,13.3,0,2577,1.4871,0,3.006
102,2012,193,2200,13.34,0,27.814,2.5075,0,2.89
102,2012,193,2300,13.36,0,0,2.2701,0,2.829
101,2012,193,2400,13.16,123.3,4721.8,2434,9.11
102,2012,193,2400,13.38,0,0,3.0056,0,2.818
102,2012,194,100,13.4,0,0,2.8633,0,2.818
102,2012,194,200,13.42,0,0,2.7843,0,2.818
102,2012,194,300,13.43,0,431.37,2.3098,0,2.736
102,2012,194,400,13.44,0,0,2.8635,0,2.791
102,2012,194,500,13.44,0,0,1.5425,0,2.747
102,2012,194,600,13.44,0,0,1.3764,0,2.802
102,2012,194,700,13.45,0,0,1.5029,0,2.752
102,2012,194,800,13.46,0,602.15,4.3583,0,2.758
102,2012,194,900,13.44,0,0,25.976,0,8.67
102,2012,194,1000,13.4,0,0,84.543,.3,79
102,2012,194,1100,13.33,0,1777.4,193.26,1,268.4
102,2012,194,1200,13.28,0,0,244.4,.65,237.1
102,2012,194,1300,13.27,0,0,240.1,.25,117.5
102,2012,194,1400,13.16,0,0,327.86,.816,328.2
102,2012,194,1500,13.16,0,0,247.44,.766,285.3
102,2012,194,1600,13.2,0,0,258.09,.833,401
102,2012,194,1700,13.21,0,0,195.82,.866,404.7
102,2012,194,1800,13.23,0,0,183.19,.883,366.4
102,2012,194,1900,13.25,0,0,88.725,.7,247.5
102,2012,194,2000,13.29,0,0,6.8185,0,13.65
102,2012,194,2100,13.32,0,4537.3,1.8984,0,2.984
102,2012,194,2200,13.35,0,686.03,2.9742,0,2.879
102,2012,194,2300,13.38,0,0,3.5119,0,2.818
101,2012,194,2400,13.16,0,8034.2,2126.3,7.06
102,2012,194,2400,13.38,0,0,2.1356,0,2.846
102,2012,195,100,13.39,0,0,1.661,0,2.851
102,2012,195,200,13.39,0,0,.63277,0,2.813
102,2012,195,300,13.4,0,0,1.3446,0,2.78
102,2012,195,400,13.42,0,0,1.8034,0,2.735
102,2012,195,500,13.44,0,0,2.3492,0,2.758
102,2012,195,600,13.44,0,0,1.4159,0,2.714
102,2012,195,700,13.45,0,0,2.0961,0,2.67
102,2012,195,800,13.46,0,0,4.477,0,3.249
102,2012,195,900,12.84,0,0,27.004,0,5.698
102,2012,195,1000,12.77,0,0,65.89,.1,30.13
102,2012,195,1100,12.77,75.687,0,217.17,.933,236
102,2012,195,1200,12.79,0,2232.3,265.58,1,368.9
102,2012,195,1300,12.85,0,0,314.22,1,479.4
102,2012,195,1400,12.83,0,0,305.79,.933,359.4
102,2012,195,1500,12.84,0,0,287.81,.933,387.4
102,2012,195,1600,13.16,0,0,193.68,.5,183.5
102,2012,195,1700,13.22,0,0,262.99,1,552.5
102,2012,195,1800,13.24,0,0,198.54,.966,495.9
102,2012,195,1900,12.83,0,0,115.14,.716,267.4
102,2012,195,2000,13.28,0,0,11.011,0,12.2
102,2012,195,2100,13.32,0,2546.3,.81471,0,3.094
102,2012,195,2200,13.34,0,4022.6,1.1628,0,3.006
102,2012,195,2300,13.35,0,803.23,1.4792,0,2.89
101,2012,195,2400,12.77,75.687,9604.4,2285.7,8.08
102,2012,195,2400,13.37,0,0,1.6373,0,2.835
102,2012,196,100,13.38,0,0,2.0565,0,2.835
102,2012,196,200,13.39,0,0,2.6814,0,2.807
102,2012,196,300,13.4,0,0,3.0056,0,2.807
102,2012,196,400,13.42,0,343.65,2.5547,0,2.785
102,2012,196,500,13.43,0,0,2.1593,0,2.752
102,2012,196,600,13.44,0,364.85,2.6577,0,2.697
102,2012,196,700,13.46,0,113.43,3.4171,0,2.714
102,2012,196,800,13.47,0,0,3.251,0,2.708
102,2012,196,900,13.46,0,0,28.848,0,2.791
102,2012,196,1000,13.4,0,0,104.92,.25,86.2
102,2012,196,1100,13.32,0,2431.1,217.19,1,353.3
102,2012,196,1200,13.26,0,354.63,280.52,1,458.2
102,2012,196,1300,13.22,0,0,323.05,1,537
102,2012,196,1400,13.21,0,0,260.14,.65,291.2
102,2012,196,1500,13.2,0,0,315.23,.933,486.3
102,2012,196,1600,13.2,0,0,223.56,.616,308.6
102,2012,196,1700,13.22,0,0,182.55,.766,292.3
102,2012,196,1800,13.24,0,0,128.3,.633,251.6
102,2012,196,1900,13.29,0,0,61.08,.417,122.1
102,2012,196,2000,13.31,2.7288,3769.6,11.588,0,16.29
102,2012,196,2100,13.34,0,2400.1,1.8827,0,2.818
102,2012,196,2200,13.36,0,0,2.7368,0,2.807
102,2012,196,2300,13.38,0,0,3.4012,0,2.802
101,2012,196,2400,13.2,2.7288,9777.3,2170.2,7.26
102,2012,196,2400,13.4,0,0,3.4565,0,2.769
102,2012,197,100,13.41,0,0,4.2474,0,2.708
102,2012,197,200,13.42,0,0,2.6892,0,2.664
102,2012,197,300,13.43,0,0,2.6971,0,2.658
102,2012,197,400,13.44,0,0,3.2272,0,2.647
102,2012,197,500,13.46,0,2.0166,4.3109,0,2.648
102,2012,197,600,13.47,0,0,2.207,0,2.648
102,2012,197,700,13.48,0,0,2.5315,0,2.648
102,2012,197,800,13.48,0,0,7.3096,0,6.333
102,2012,197,900,13.46,0,0,59.212,0,75.8
102,2012,197,1000,13.4,0,0,124.9,.916,171.2
102,2012,197,1100,13.3,0,2954.2,229.08,.95,342.4
102,2012,197,1200,13.25,0,0,267.87,.816,385.3
102,2012,197,1300,13.23,0,0,248.87,.666,335.3
102,2012,197,1400,13.22,0,0,261.66,.516,284.6
102,2012,197,1500,13.2,0,0,309.43,.7,421.8
102,2012,197,1600,13.19,0,0,305.72,.95,473.7
102,2012,197,1700,13.19,0,0,215.6,.916,322.9
102,2012,197,1800,13.21,0,0,101.64,1,197.2
102,2012,197,1900,13.25,0,0,33.193,.35,76.7
102,2012,197,2000,13.29,0,1328.1,6.4388,0,3.287
102,2012,197,2100,13.32,0,4132.6,2.8555,0,3.017
102,2012,197,2200,13.34,0,91.336,2.7765,0,2.912
102,2012,197,2300,13.36,0,0,3.3538,0,2.824
101,2012,197,2400,13.19,0,8508.2,2205,7.78
102,2012,197,2400,13.38,0,0,3.2351,0,2.769
102,2012,198,100,13.39,0,0,3.0689,0,2.747
102,2012,198,200,13.41,0,0,4.0812,0,2.719
102,2012,198,300,13.39,0,0,4.1129,0,2.708
102,2012,198,400,13.42,0,0,2.5469,0,2.653
102,2012,198,500,13.44,0,0,2.5787,0,2.648
102,2012,198,600,13.44,936.99,0,3.3303,0,2.653
102,2012,198,700,13.45,289.35,63.486,3.0298,0,2.725
102,2012,198,800,13.45,0,300.56,4.6911,0,2.742
102,2012,198,900,13.41,409.32,0,71.575,.633,121.6
102,2012,198,1000,13.33,0,0,135.23,1,268.9
102,2012,198,1100,13.25,0,1860.1,206.11,1,370.7
102,2012,198,1200,13.2,0,0,276.76,1,473
102,2012,198,1300,13.19,0,0,230.16,.483,226.6
102,2012,198,1400,13.19,0,0,233.35,.5,235.1
102,2012,198,1500,13.18,0,0,223.54,.417,235.2
102,2012,198,1600,13.19,0,0,175.53,.317,175.6
102,2012,198,1700,13.2,0,0,243.37,.9,506.2
102,2012,198,1800,13.21,0,0,206.83,1,559.9
102,2012,198,1900,12.89,0,0,101.36,.85,328
102,2012,198,2000,13.24,0,0,2.7529,0,8.54
102,2012,198,2100,13.27,0,260.81,1.2893,0,3.072
102,2012,198,2200,13.31,0,4781.1,1.8826,0,2.895
102,2012,198,2300,13.34,0,30.036,2.3493,0,2.796
101,2012,198,2400,12.89,1635.7,7296,2142.3,8.1
102,2012,198,2400,13.35,0,0,2.7526,0,2.785
102,2012,199,100,13.38,0,0,3.8045,0,2.747
102,2012,199,200,13.4,0,0,4.4055,0,2.802
102,2012,199,300,13.4,0,0,3.7964,0,2.724
102,2012,199,400,13.42,0,0,2.6576,0,2.697
102,2012,199,500,13.44,0,0,2.895,0,2.653
102,2012,199,600,13.46,0,0,2.2545,0,2.648
102,2012,199,700,13.47,581.35,0,1.867,0,2.648
102,2012,199,800,13.48,0,0,5.8777,0,5.324
102,2012,199,900,13.46,0,0,42.133,0,34.77
102,2012,199,1000,13.4,34.633,0,118.72,.633,157.9
102,2012,199,1100,13.35,0,0,213.26,1,343.8
102,2012,199,1200,13.28,0,1847.3,255.26,1,418.5
102,2012,199,1300,13.22,0,0,290.66,.983,448.5
102,2012,199,1400,13.2,45.204,110.7,144.04,.3,148.4
102,2012,199,1500,13.27,0,762.26,173.08,.35,203.9
102,2012,199,1600,13.24,0,131.4,323.04,1,657
102,2012,199,1700,13.23,0,0,267.38,1,598.1
102,2012,199,1800,13.24,0,0,204.24,1,483.2
102,2012,199,1900,13.25,0,0,68.283,.533,157.1
102,2012,199,2000,13.28,0,0,2.4205,0,3.188
102,2012,199,2100,13.31,0,0,.35595,0,3.149
102,2012,199,2200,13.33,0,0,.56164,0,3.066
102,2012,199,2300,13.35,0,0,1.9854,0,2.973
101,2012,199,2400,13.2,661.19,2851.7,2135.5,7.8
102,2012,199,2400,13.37,0,0,2.4837,0,2.945
102,2012,200,100,13.37,0,0,1.1548,0,2.929
102,2012,200,200,13.38,0,0,.85424,0,2.895
102,2012,200,300,13.39,0,0,1.4712,0,2.791
102,2012,200,400,13.4,0,0,.83049,0,2.807
102,2012,200,500,13.41,0,1096.8,1.1706,0,2.791
102,2012,200,600,13.42,0,503.74,1.9694,0,2.791
102,2012,200,700,13.42,0,1065.7,2.436,0,2.763
102,2012,200,800,13.43,0,3570.5,3.9151,0,2.774
102,2012,200,900,13.42,0,1438.9,24.02,0,6.387
102,2012,200,1000,13.4,0,0,48.127,0,4.18
102,2012,200,1100,13.39,0,0,41.865,0,8.04
102,2012,200,1200,13.32,0,0,215.23,.533,212.7
102,2012,200,1300,13.26,0,0,312.54,1,396.2
102,2012,200,1400,13.24,0,0,228.31,.516,165.9
102,2012,200,1500,13.25,0,0,131.23,0,12.87
102,2012,200,1600,13.25,0,0,210.23,.6,154.3
102,2012,200,1700,13.25,0,0,108.96,.167,46.05
102,2012,200,1800,13.27,0,0,38.8,0,2.757
102,2012,200,1900,12.84,0,0,35.491,0,5.201
102,2012,200,2000,12.78,0,640.12,7.2452,0,2.702
102,2012,200,2100,12.78,0,6096.1,.71983,0,2.36
102,2012,200,2200,13.35,0,4392.7,.83056,0,2.36
102,2012,200,2300,13.37,0,880.54,1.0125,0,2.333
101,2012,200,2400,12.78,0,22071,1419.1,2.816
102,2012,200,2400,13.38,0,2385.7,.66441,0,2.333
102,2012,201,100,13.39,0,373.63,1.044,0,2.316
102,2012,201,200,13.41,0,0,2.2462,0,2.322
102,2012,201,300,13.42,0,0,2.0564,0,2.327
102,2012,201,400,13.42,0,0,2.7445,0,2.322
102,2012,201,500,13.43,0,0,1.9931,0,2.316
102,2012,201,600,13.44,0,0,1.8112,0,2.316
102,2012,201,700,13.45,0,0,2.4441,0,2.328
102,2012,201,800,13.46,0,0,3.0373,0,2.372
102,2012,201,900,13.45,0,0,28.024,0,9.92
102,2012,201,1000,13.42,0,1790.2,70.433,0,27.58
102,2012,201,1100,13.39,0,3351,130.52,0,22.74
102,2012,201,1200,13.32,0,2761.7,231.5,.5,198.6
102,2012,201,1300,13.26,0,0,299.26,.983,426.1
102,2012,201,1400,13.23,0,0,323.48,.966,427.4
102,2012,201,1500,13.23,0,0,218.68,.433,216.2
102,2012,201,1600,13.24,0,0,69.819,0,6.716
102,2012,201,1700,12.79,0,0,214.65,.566,227.4
102,2012,201,1800,13.3,0,0,152.12,1,328.3
102,2012,201,1900,13.32,60.706,1877.6,77.303,.916,224.2
102,2012,201,2000,13.34,200.35,1973.8,11.557,0,27.55
102,2012,201,2100,13.37,0,0,2.7131,0,2.647
102,2012,201,2200,13.39,0,0,3.2745,0,2.647
102,2012,201,2300,13.4,0,0,3.5117,0,2.647
101,2012,201,2400,12.79,261.06,12128,1857.7,5.365
102,2012,201,2400,13.42,0,0,3.4959,0,2.62
102,2012,202,100,13.43,0,0,3.6778,0,2.614
102,2012,202,200,13.45,0,0,2.5785,0,2.631
102,2012,202,300,13.46,0,0,2.816,0,2.642
102,2012,202,400,13.47,46.729,0,2.8083,0,2.493
102,2012,202,500,13.48,1080.7,0,2.6976,0,2.433
102,2012,202,600,13.49,228.14,0,2.2941,0,2.45
102,2012,202,700,13.5,0,0,2.0409,0,2.461
102,2012,202,800,13.51,0,0,3.9789,0,3.961
102,2012,202,900,13.49,0,0,37.289,0,55.81
102,2012,202,1000,13.45,258.57,0,88.173,.483,128.5
102,2012,202,1100,13.39,31.942,0,166.02,.85,245.4
102,2012,202,1200,13.32,0,2328.1,202.69,.85,279.3
102,2012,202,1300,13.25,0,2477.9,224.38,.6,264.3
102,2012,202,1400,13.2,0,123.99,303.61,1,500.1
102,2012,202,1500,13.19,0,0,256.94,.933,509
102,2012,202,1600,13.18,0,0,213.03,.716,407.8
102,2012,202,1700,13.2,0,0,160.81,.933,300.8
102,2012,202,1800,13.22,0,0,139.12,.833,301.8
102,2012,202,1900,13.24,0,0,49.925,.283,98.3
102,2012,202,2000,13.27,0,0,6.9532,0,7.91
102,2012,202,2100,13.3,0,3552.6,1.5424,0,2.316
102,2012,202,2200,12.81,0,2727.2,1.677,0,2.322
102,2012,202,2300,12.77,0,657.83,1.3922,0,2.316
101,2012,202,2400,12.77,1646,11868,1877.9,7.48
102,2012,202,2400,13.34,0,0,1.5108,0,2.316
102,2012,203,100,13.37,0,0,1.3131,0,2.316
102,2012,203,200,13.39,0,0,1.5661,0,2.316
102,2012,203,300,13.4,0,0,1.7005,0,2.316
102,2012,203,400,13.42,0,0,2.0169,0,2.223
102,2012,203,500,13.44,0,0,1.835,0,2.151
102,2012,203,600,13.46,0,0,2.2385,0,2.168
102,2012,203,700,13.46,0,0,2.2861,0,2.129
102,2012,203,800,13.47,11.502,0,3.7418,0,2.135
102,2012,203,900,13.46,0,0,29.893,0,20.3
102,2012,203,1000,13.39,0,0,119.83,.816,208.7
102,2012,203,1100,13.31,0,750.57,190.14,1,359.2
102,2012,203,1200,13.25,0,1678.3,250.11,1,453.7
102,2012,203,1300,13.23,0,0,254.85,.716,270.2
102,2012,203,1400,13.23,0,20.861,137.3,.217,86.4
102,2012,203,1500,13.25,0,0,179.99,.566,180.1
102,2012,203,1600,13.23,0,0,159.41,.35,99.4
102,2012,203,1700,13.24,0,0,80.183,0,2.972
102,2012,203,1800,13.25,0,0,49.806,0,10.87
102,2012,203,1900,13.3,0,3042,34.354,0,23.82
102,2012,203,2000,13.34,0,95.622,6.4547,0,4.048
102,2012,203,2100,13.37,0,0,2.9108,0,2.316
102,2012,203,2200,13.4,0,0,3.409,0,2.316
102,2012,203,2300,13.42,0,0,4.2472,0,2.316
101,2012,203,2400,13.23,11.502,5587.4,1522.3,4.665
102,2012,203,2400,13.43,0,0,2.7366,0,2.173
102,2012,204,100,13.45,0,0,3.8678,0,2.09
102,2012,204,200,13.46,0,0,2.8951,0,2.091
102,2012,204,300,13.48,0,0,3.0457,0,2.052
102,2012,204,400,13.49,0,0,2.4682,0,2.074
102,2012,204,500,13.5,0,0,3.4332,0,2.102
102,2012,204,600,13.51,6.6448,0,3.0772,0,2.052
102,2012,204,700,13.51,62.136,0,2.6183,0,1.997
102,2012,204,800,13.52,0,0,4.7778,0,2.747
102,2012,204,900,13.5,0,0,37.764,0,43.87
102,2012,204,1000,13.44,0,0,97.418,.317,105.4
102,2012,204,1100,13.37,0,0,191.62,1,350.3
102,2012,204,1200,13.28,0,2889.9,246.87,1,462.9
102,2012,204,1300,13.22,0,132.04,274.62,1,487.1
102,2012,204,1400,13.2,0,0,236.46,.733,296.1
102,2012,204,1500,13.19,0,0,187.3,.466,230.2
102,2012,204,1600,13.21,0,0,178.55,.583,241.2
102,2012,204,1700,13.22,0,0,179.72,.85,346.4
102,2012,204,1800,13.23,0,0,66.53,.35,118.2
102,2012,204,1900,13.25,0,0,10.394,0,15.49
102,2012,204,2000,13.29,0,2860.7,2.3018,0,2.813
102,2012,204,2100,13.32,0,4988.3,.37177,0,2.73
102,2012,204,2200,13.34,0,341.09,.9176,0,2.658
102,2012,204,2300,13.35,0,0,1.8826,0,2.62
101,2012,204,2400,13.19,68.781,11212,1741,6.298
102,2012,204,2400,13.37,0,0,2.1119,0,2.443
102,2012,205,100,13.37,0,0,1.5503,0,2.482
102,2012,205,200,13.39,0,0,1.7085,0,2.449
102,2012,205,300,13.4,0,0,2.6497,0,2.344
102,2012,205,400,13.42,0,0,2.5626,0,2.327
102,2012,205,500,13.42,0,0,3.7489,0,2.333
102,2012,205,600,13.44,0,0,3.0451,0,2.349
102,2012,205,700,13.44,393.69,0,3.1083,0,2.36
102,2012,205,800,13.44,1295.9,0,5.5285,0,3.061
102,2012,205,900,13.44,0,0,28.315,0,13.27
102,2012,205,1000,13.42,0,0,42.835,0,2.338
102,2012,205,1100,13.39,0,0,98.139,0,15.64
102,2012,205,1200,13.3,0,1813.2,248.55,1,383.3
102,2012,205,1300,13.24,0,373.37,263.07,.983,339.6
102,2012,205,1400,13.21,0,0,258.46,.883,260
102,2012,205,1500,13.2,0,0,254.08,.8,337.2
102,2012,205,1600,13.19,0,0,162.21,.45,217.9
102,2012,205,1700,13.21,0,0,143,.633,239
102,2012,205,1800,13.23,0,112.61,24.461,0,8.36
102,2012,205,1900,13.29,0,0,13.218,0,3.998
102,2012,205,2000,13.34,0,0,10.283,0,3.486
102,2012,205,2100,13.39,0,0,3.1875,0,3.48
102,2012,205,2200,13.41,0,0,4.0577,0,3.072
102,2012,205,2300,13.42,0,0,4.6274,0,3.1
101,2012,205,2400,13.19,1689.6,2299.2,1586.4,4.748
102,2012,205,2400,13.4,0,0,3.9867,0,3.133
102,2012,206,100,13.44,0,0,4.1213,0,3.221
102,2012,206,200,13.44,0,0,5.4185,0,3.078
102,2012,206,300,13.45,0,0,3.6548,0,2.94
102,2012,206,400,13.45,0,0,3.8526,0,2.902
102,2012,206,500,13.46,0,0,2.5315,0,2.814
102,2012,206,600,13.46,0,0,2.6026,0,2.803
102,2012,206,700,13.46,0,896.7,2.2862,0,2.863
102,2012,206,800,13.46,0,109.28,3.2513,0,2.896
102,2012,206,900,13.45,0,866.01,19.856,0,18.21
102,2012,206,1000,13.39,0,221.14,111.29,.75,172.7
102,2012,206,1100,13.3,0,0,213.77,1,364.3
102,2012,206,1200,13.25,0,0,217.56,1,383.8
102,2012,206,1300,13.21,0,0,263.43,1,468.7
102,2012,206,1400,13.19,0,0,283.88,.983,493.4
102,2012,206,1500,13.18,0,0,224.8,.75,385.1
102,2012,206,1600,13.19,0,0,170.06,.55,264.4
102,2012,206,1700,13.2,0,0,151.52,.583,327.6
102,2012,206,1800,13.22,0,0,52.795,.033,59.67
102,2012,206,1900,13.25,0,0,24.07,0,19.97
102,2012,206,2000,13.28,3.2907,0,2.9268,0,2.951
102,2012,206,2100,13.32,0,339.61,2.4995,0,2.951
102,2012,206,2200,13.35,0,0,.60903,0,2.978
102,2012,206,2300,13.38,0,0,.56155,0,2.978
101,2012,206,2400,13.18,3.2907,2432.7,1769.1,6.647
102,2012,206,2400,13.39,0,0,1.748,0,3.061
102,2012,207,100,13.41,0,0,2.3254,0,3.017
102,2012,207,200,12.73,0,0,2.8633,0,3.078
102,2012,207,300,12.71,0,0,2.9743,0,3.144
102,2012,207,400,13.42,0,0,3.3938,0,2.979
102,2012,207,500,13.42,0,0,4.9918,0,2.946
102,2012,207,600,13.42,0,0,5.9093,0,2.946
102,2012,207,700,13.42,0,0,5.2923,0,2.918
102,2012,207,800,13.42,0,0,5.9646,0,3.21
102,2012,207,900,13.42,0,0,33.113,.233,68.13
102,2012,207,1000,12.73,0,0,128.4,1,276.3
102,2012,207,1100,12.73,0,0,99.365,.333,139.7
102,2012,207,1200,12.75,0,0,169.26,.417,198.8
102,2012,207,1300,12.75,0,0,201.2,.5,249.1
102,2012,207,1400,12.77,0,0,209,.533,270.2
102,2012,207,1500,12.78,27.955,0,210.03,.35,173.9
102,2012,207,1600,12.78,0,0,181.62,.733,220.4
102,2012,207,1700,13.23,0,0,188.03,.683,314.8
102,2012,207,1800,13.24,0,0,84.41,.3,110.9
102,2012,207,1900,13.29,0,0,73.554,.666,232.9
102,2012,207,2000,13.32,0,0,11.351,0,30.64
102,2012,207,2100,13.35,0,0,1.0995,0,2.846
102,2012,207,2200,13.37,0,0,.69604,0,2.846
102,2012,207,2300,13.38,0,0,1.6689,0,2.813
101,2012,207,2400,12.71,27.955,0,1629.4,5.748
102,2012,207,2400,13.39,0,0,2.9185,0,2.735
102,2012,208,100,13.39,0,0,2.618,0,2.669
102,2012,208,200,13.41,0,0,2.9975,0,2.653
102,2012,208,300,13.43,0,0,3.2664,0,2.653
102,2012,208,400,13.43,0,0,2.531,0,2.647
102,2012,208,500,13.43,0,0,1.661,0,2.647
102,2012,208,600,13.44,0,0,2.1197,0,2.647
102,2012,208,700,13.44,0,0,1.6768,0,2.648
102,2012,208,800,13.45,0,0,3.4013,0,2.648
102,2012,208,900,13.44,674.48,0,41.05,.3,85.9
102,2012,208,1000,13.38,66.804,0,104.55,.483,172.2
102,2012,208,1100,13.3,0,0,226,1,464.4
102,2012,208,1200,13.25,0,0,251.02,1,556.8
102,2012,208,1300,13.22,0,0,275.8,.8,464.7
102,2012,208,1400,13.22,0,0,208.69,.566,233.6
102,2012,208,1500,13.23,0,0,196.01,.8,193.8
102,2012,208,1600,13.24,9.8251,0,225.95,.75,357.5
102,2012,208,1700,13.27,0,0,99.651,0,20
102,2012,208,1800,13.29,0,0,70.412,.017,36.49
102,2012,208,1900,13.3,0,0,40.561,.033,50.78
102,2012,208,2000,13.32,0,0,5.2603,0,7.6
102,2012,208,2100,13.35,0,0,2.1436,0,2.664
102,2012,208,2200,13.36,0,3392.8,1.1232,0,2.647
102,2012,208,2300,13.37,0,3986.4,1.8271,0,2.647
101,2012,208,2400,13.22,751.11,11746,1772.5,5.748
102,2012,208,2400,13.39,0,4367.1,2.2226,0,2.647
102,2012,209,100,13.4,0,0,2.1118,0,2.647
102,2012,209,200,13.41,0,0,1.4553,0,2.647
102,2012,209,300,13.41,0,0,1.1547,0,2.636
102,2012,209,400,13.41,0,0,1.2338,0,2.636
102,2012,209,500,13.42,0,0,1.7716,0,2.642
102,2012,209,600,13.42,0,0,1.5818,0,2.636
102,2012,209,700,13.43,0,0,1.1231,0,2.625
102,2012,209,800,13.43,0,0,2.0326,0,2.625
102,2012,209,900,13.43,0,0,18.847,0,2.631
102,2012,209,1000,13.41,0,0,54.161,0,4.318
102,2012,209,1100,13.37,0,2638.8,107.86,.033,27.7
102,2012,209,1200,13.34,0,3083,158.45,.167,67.43
102,2012,209,1300,13.27,0,0,279.39,.85,358.2
102,2012,209,1400,13.25,0,0,250.46,.25,82.4
102,2012,209,1500,13.23,0,0,224.35,.55,162.3
102,2012,209,1600,13.23,0,0,155.5,.35,83
102,2012,209,1700,13.24,0,0,144.11,.5,195.6
102,2012,209,1800,13.25,0,0,112.03,.733,212.5
102,2012,209,1900,13.28,0,0,30.984,0,46.63
102,2012,209,2000,13.31,0,130.49,3.6385,0,3.921
102,2012,209,2100,13.33,0,5295.4,.85431,0,2.316
102,2012,209,2200,13.35,0,2384,1.5346,0,2.316
102,2012,209,2300,13.37,0,541.78,2.4362,0,2.316
101,2012,209,2400,13.23,0,15119,1559.5,3.432
102,2012,209,2400,13.39,0,1045.5,2.4441,0,2.316
102,2012,210,100,13.4,0,3226.5,3.1954,0,2.316
102,2012,210,200,13.41,0,735.73,2.088,0,2.316
102,2012,210,300,13.41,0,1606.9,1.6926,0,2.316
102,2012,210,400,13.42,0,0,2.4597,0,2.316
102,2012,210,500,13.42,0,0,2.6258,0,2.316
102,2012,210,600,13.44,0,0,3.3772,0,2.316
102,2012,210,700,13.45,0,117.18,3.2587,0,2.284
102,2012,210,800,13.46,261.29,0,4.9521,0,3.514
102,2012,210,900,13.46,1038.6,0,45.725,.083,56.15
102,2012,210,1000,13.44,0,0,63.593,0,7.18
102,2012,210,1100,13.4,0,0,101.39,.083,53.66
102,2012,210,1200,13.37,0,76.288,117.84,0,10.63
102,2012,210,1300,13.33,0,4170.3,171.76,.017,27.23
102,2012,210,1400,13.3,0,3644.9,182.72,.05,28.45
102,2012,210,1500,13.25,0,0,220.59,.466,195.7
102,2012,210,1600,13.22,0,115.82,251.98,1,453.8
102,2012,210,1700,13.24,0,0,226.68,1,533.6
102,2012,210,1800,13.24,0,0,91.559,.583,196.1
102,2012,210,1900,13.27,0,0,62.136,.466,148.8
102,2012,210,2000,13.28,0,0,8.3055,0,14.73
102,2012,210,2100,13.31,0,2100.3,1.1628,0,2.223
102,2012,210,2200,13.33,0,2174.7,.23731,0,2.173
102,2012,210,2300,13.35,0,0,.69609,0,2.289
101,2012,210,2400,13.22,1299.9,17969,1572.2,3.748
102,2012,210,2400,13.37,0,0,2.1594,0,2.206
102,2012,211,100,13.39,0,0,2.3175,0,2.151
102,2012,211,200,13.4,0,0,1.6768,0,2.173
102,2012,211,300,13.41,0,160,1.9536,0,2.14
102,2012,211,400,13.43,0,288.7,3.1715,0,2.145
102,2012,211,500,13.43,0,0,2.0405,0,2.123
102,2012,211,600,13.44,0,0,2.5547,0,2.123
102,2012,211,700,13.44,0,0,2.0248,0,2.123
102,2012,211,800,13.44,367.12,0,3.4958,0,2.134
102,2012,211,900,13.44,246.04,0,26.97,0,9.21
102,2012,211,1000,13.4,1101.3,0,79.407,.233,65.23
102,2012,211,1100,13.33,0,323.63,201.25,.716,213.4
102,2012,211,1200,13.29,0,3894,240.12,1,362.1
102,2012,211,1300,13.23,0,0,294.75,.966,338.4
102,2012,211,1400,13.23,0,319.84,124.87,.183,66.75
102,2012,211,1500,13.27,0,0,53.924,0,4.5
102,2012,211,1600,13.3,0,173.51,142.4,.267,75.5
102,2012,211,1700,13.28,0,142.9,129.45,.217,91.6
102,2012,211,1800,13.29,0,0,60.503,0,16.49
102,2012,211,1900,13.31,0,0,28.902,0,33.67
102,2012,211,2000,13.32,0,0,2.6893,0,2.167
102,2012,211,2100,13.35,0,0,1.4476,0,2.162
102,2012,211,2200,13.37,0,0,.77516,0,2.123
102,2012,211,2300,13.38,0,0,1.1469,0,2.118
101,2012,211,2400,13.23,1779.3,5302.6,1410.3,3.582
102,2012,211,2400,13.39,64.867,0,2.452,0,2.101
102,2012,212,100,13.4,0,0,4.461,0,2.189
102,2012,212,200,13.41,0,0,3.053,0,2.123
102,2012,212,300,13.42,0,0,2.0248,0,2.118
102,2012,212,400,13.42,0,0,1.8191,0,2.052
102,2012,212,500,13.43,0,0,2.2145,0,2.019
102,2012,212,600,13.44,0,0,2.523,0,2.013
102,2012,212,700,13.44,0,0,1.7716,0,1.98
102,2012,212,800,13.44,0,0,2.8077,0,2.057
102,2012,212,900,13.44,0,0,29.627,0,9.57
102,2012,212,1000,13.42,0,0,33.669,0,4.754
102,2012,212,1100,13.41,0,0,83.418,.083,32.15
102,2012,212,1200,13.3,0,1248.9,252.12,1,471
102,2012,212,1300,13.25,0,0,301.37,1,508.5
102,2012,212,1400,13.22,0,0,314.74,.983,468.5
102,2012,212,1500,13.2,0,0,287.6,.9,422.5
102,2012,212,1600,13.2,0,0,260.15,1,491
102,2012,212,1700,13.2,0,0,165.25,.566,228.5
102,2012,212,1800,12.8,0,0,90.297,.15,85.9
102,2012,212,1900,12.8,0,0,27.26,0,4.367
102,2012,212,2000,13.29,0,0,4.3505,0,3.006
102,2012,212,2100,13.32,0,0,1.6928,0,2.912
102,2012,212,2200,13.35,0,0,2.729,0,2.774
102,2012,212,2300,12.78,0,0,3.3459,0,2.675
101,2012,212,2400,12.75,0,1248.9,1882.1,5.681
102,2012,212,2400,12.75,0,0,3.7808,0,2.647
102,2012,213,100,12.75,744.93,0,4.0417,0,2.647
102,2012,213,200,12.74,75.399,343.19,3.5038,0,2.647
102,2012,213,300,12.73,0,0,2.4756,0,2.647
102,2012,213,400,12.73,0,0,2.4678,0,2.675
102,2012,213,500,13.41,0,0,2.4206,0,2.758
102,2012,213,600,13.46,0,0,2.2388,0,2.764
102,2012,213,700,13.48,0,0,2.3416,0,2.687
102,2012,213,800,13.49,0,355.78,3.6864,0,3.194
102,2012,213,900,13.47,0,20.47,41.761,.333,86.4
102,2012,213,1000,13.39,0,218.96,131.71,1,285.9
102,2012,213,1100,13.33,127.27,3805.7,213.92,1,443.2
102,2012,213,1200,13.28,0,0,269.08,1,512.5
102,2012,213,1300,13.23,0,0,295.01,1,483.4
102,2012,213,1400,13.21,0,0,306.78,1,488.1
102,2012,213,1500,13.18,0,0,309.52,1,558.6
102,2012,213,1600,13.17,0,0,287.48,1,647.9
102,2012,213,1700,13.18,0,0,212.49,.85,484.1
102,2012,213,1800,13.18,0,0,186.53,1,530.7
102,2012,213,1900,13.17,0,131.52,76.436,.983,244.6
102,2012,213,2000,13.23,0,0,9.7933,0,8.13
102,2012,213,2100,13.26,0,0,.878,0,2.901
102,2012,213,2200,13.3,0,902.48,1.5821,0,2.763
102,2012,213,2300,13.32,0,6643.8,1.5583,0,2.73
101,2012,213,2400,12.73,947.6,12422,2369.7,10.16
102,2012,213,2400,13.35,0,0,1.9774,0,2.669
102,2012,214,100,13.37,0,1322,3.2666,0,2.647
102,2012,214,200,13.39,0,1882.1,4.2077,0,2.647
102,2012,214,300,13.4,0,7.2082,3.8993,0,2.647
102,2012,214,400,13.42,0,120.78,3.9944,0,2.648
102,2012,214,500,13.44,0,47.154,3.6545,0,2.648
102,2012,214,600,13.46,0,88.524,3.3067,0,2.648
102,2012,214,700,13.47,0,49.017,3.3146,0,2.648
102,2012,214,800,13.48,0,132.54,5.7036,0,3.967
102,2012,214,900,13.47,0,0,31.382,0,26.98
102,2012,214,1000,13.44,0,0,78.281,.217,108
102,2012,214,1100,13.33,0,2597.2,199.49,1,411.9
102,2012,214,1200,13.29,0,776.72,189.3,1,322.7
102,2012,214,1300,13.24,0,0,294.99,1,500.3
102,2012,214,1400,12.83,0,0,272.13,.916,318
102,2012,214,1500,13.21,0,0,229.18,.267,129.5
102,2012,214,1600,13.22,0,0,140,.217,53.68
102,2012,214,1700,13.23,0,0,133.26,.233,74.4
102,2012,214,1800,13.23,0,0,75.081,0,13.61
102,2012,214,1900,13.25,0,0,67.975,.566,137.8
102,2012,214,2000,13.27,0,0,10.695,.033,16
102,2012,214,2100,13.29,0,0,.65653,0,2.333
102,2012,214,2200,13.32,0,0,1.6612,0,2.36
102,2012,214,2300,13.35,0,673.51,2.99,0,2.294
101,2012,214,2400,12.83,0,7816.6,1762.7,5.448
102,2012,214,2400,13.37,0,119.93,4.3187,0,2.178
102,2012,215,100,13.39,0,203.59,3.7412,0,2.178
102,2012,215,200,13.4,0,0,3.0451,0,2.14
102,2012,215,300,13.41,0,0,3.1478,0,2.145
102,2012,215,400,13.43,0,0,3.4009,0,2.134
102,2012,215,500,13.44,0,0,2.6655,0,2.135
102,2012,215,600,13.44,0,0,1.9932,0,2.173
102,2012,215,700,13.45,136.48,0,2.6183,0,2.234
102,2012,215,800,13.46,1465.2,0,4.5013,0,3.404
102,2012,215,900,13.44,1375.5,0,44.118,.1,59.6
102,2012,215,1000,12.76,299.93,7.5201,107.93,.583,200.7
102,2012,215,1100,12.75,0,3157.1,207.81,1,466.2
102,2012,215,1200,12.76,0,2115.4,265.04,1,586
102,2012,215,1300,12.78,0,0,297.75,.983,569.3
102,2012,215,1400,12.8,0,0,249.97,.616,306.1
102,2012,215,1500,12.8,0,0,222.09,.383,111.1
102,2012,215,1600,13.2,0,212.48,90.232,.233,61.46
102,2012,215,1700,13.28,0,0,49.723,0,6.176
102,2012,215,1800,13.32,0,0,37.859,0,5.201
102,2012,215,1900,13.34,0,0,19.451,0,3.149
102,2012,215,2000,13.35,0,0,4.7144,0,2.917
102,2012,215,2100,13.37,0,0,2.1831,0,2.895
102,2012,215,2200,13.39,0,0,2.4599,0,2.851
102,2012,215,2300,13.39,0,0,2.8237,0,2.835
101,2012,215,2400,12.75,3277.2,5696.1,1631.8,4.898
102,2012,215,2400,13.41,0,0,2.5863,0,2.813
102,2012,216,100,13.42,0,0,3.4009,0,2.675
102,2012,216,200,13.43,0,0,2.5942,0,2.686
102,2012,216,300,13.44,1259.2,0,2.8553,0,2.703
102,2012,216,400,13.46,276.43,0,2.12,0,2.775
102,2012,216,500,13.46,84.508,0,3.0928,0,2.824
102,2012,216,600,13.46,144.19,0,2.0566,0,2.83
102,2012,216,700,13.46,0,0,2.3572,0,2.813
102,2012,216,800,13.46,0,0,3.789,0,3.216
102,2012,216,900,13.44,0,0,43.675,.466,114.3
102,2012,216,1000,13.41,0,0,58.063,.117,53.37
102,2012,216,1100,13.4,462.82,0,53.563,0,10.78
102,2012,216,1200,13.34,0,0,176.74,.516,124.2
102,2012,216,1300,13.32,0,401.36,109.65,.233,137.9
102,2012,216,1400,13.36,0,0,110.82,0,12.41
102,2012,216,1500,13.33,0,622.38,205.21,.3,95.3
102,2012,216,1600,13.29,0,1382.6,236.78,.933,351.3
102,2012,216,1700,13.29,0,0,184.44,.866,365.1
102,2012,216,1800,13.29,0,0,71.815,0,18.92
102,2012,216,1900,13.3,0,3305.4,48.265,0,42.22
102,2012,216,2000,13.33,0,552.61,7.7518,0,15.8
102,2012,216,2100,13.35,0,0,3.1403,0,2.366
102,2012,216,2200,13.38,0,0,4.469,0,2.123
102,2012,216,2300,13.4,0,0,4.8168,0,2.096
101,2012,216,2400,13.29,2227.2,6264.3,1346.1,3.432
102,2012,216,2400,13.42,0,0,4.6427,0,2.041
102,2012,217,100,13.43,344.53,0,3.4325,0,2.035
102,2012,217,200,13.45,1768.8,0,4.1603,0,2.008
102,2012,217,300,13.46,1221.5,0,3.4884,0,2.008
102,2012,217,400,13.48,0,0,2.2309,0,2.014
102,2012,217,500,13.49,0,0,2.0014,0,2.052
102,2012,217,600,13.51,0,0,2.9427,0,2.08
102,2012,217,700,13.51,0,0,2.4522,0,2.102
102,2012,217,800,13.52,0,0,5.5134,0,9.45
102,2012,217,900,13.48,0,0,59.446,.85,233.4
102,2012,217,1000,13.4,0,888.92,147.23,1,440
102,2012,217,1100,13.32,202.54,2655.6,218.74,1,583
102,2012,217,1200,13.27,0,0,264.48,.983,579.5
102,2012,217,1300,13.25,0,0,266.31,.766,507.4
102,2012,217,1400,13.22,0,0,269.71,.7,402
102,2012,217,1500,13.2,0,0,261.87,.816,435.5
102,2012,217,1600,13.19,0,0,258.73,.733,498.2
102,2012,217,1700,13.21,0,0,218.02,.766,480.2
102,2012,217,1800,13.24,0,0,148.12,.95,373.4
102,2012,217,1900,13.27,0,0,83.383,1,242
102,2012,217,2000,13.29,0,0,12.268,0,28.3
102,2012,217,2100,13.33,0,3881.7,2.2069,0,2.316
102,2012,217,2200,13.35,0,731.51,2.9821,0,2.316
102,2012,217,2300,13.38,0,0,3.852,0,2.316
101,2012,217,2400,13.19,3537.4,8157.7,2248.1,9.56
102,2012,217,2400,13.41,0,0,4.5637,0,2.316
102,2012,218,100,13.42,0,0,4.2551,0,2.316
102,2012,218,200,13.43,0,0,3.3218,0,2.316
102,2012,218,300,13.44,0,0,2.5309,0,2.3
102,2012,218,400,13.45,0,0,3.2349,0,2.3
102,2012,218,500,13.45,0,0,3.4169,0,2.306
102,2012,218,600,13.46,0,0,3.6387,0,2.3
102,2012,218,700,13.48,133.17,0,2.9112,0,2.207
102,2012,218,800,13.5,876.51,0,7.0245,0,3.542
102,2012,218,900,13.47,1387.1,0,52.13,.333,85.4
102,2012,218,1000,13.41,107.51,0,119.35,.633,191.5
102,2012,218,1100,12.84,0,0,108.41,.067,52
102,2012,218,1200,12.77,0,2209.3,259.26,1,474.4
102,2012,218,1300,12.77,0,0,303.62,1,649.4
102,2012,218,1400,12.79,0,0,269.54,.85,493.4
102,2012,218,1500,13.18,0,0,267.86,.833,426.2
102,2012,218,1600,13.19,0,0,247.49,.816,476.2
102,2012,218,1700,13.2,0,0,182.8,.883,378
102,2012,218,1800,13.23,0,126.3,130.98,.65,281
102,2012,218,1900,13.24,0,0,65.834,.4,130.2
102,2012,218,2000,13.28,0,0,10.695,0,17.07
102,2012,218,2100,13.31,0,4636.4,1.5029,0,2.929
102,2012,218,2200,13.34,0,3566,1.6295,0,2.868
102,2012,218,2300,13.36,0,677.05,2.1278,0,2.851
101,2012,218,2400,12.77,2504.3,11215,2056.2,7.46
102,2012,218,2400,13.37,0,0,2.6577,0,2.824
102,2012,219,100,13.37,0,0,2.2622,0,2.802
102,2012,219,200,13.39,0,0,3.0927,0,2.78
102,2012,219,300,13.39,0,0,2.5627,0,2.763
102,2012,219,400,13.41,0,0,3.3931,0,2.719
102,2012,219,500,13.42,0,0,2.6496,0,2.697
102,2012,219,600,13.44,0,0,2.7841,0,2.658
102,2012,219,700,13.46,0,0,3.0295,0,2.681
102,2012,219,800,13.46,0,0,4.9673,0,2.67
102,2012,219,900,13.45,0,0,44.255,.183,54.31
102,2012,219,1000,13.4,0,0,98.992,.766,156.5
102,2012,219,1100,13.32,0,1347.6,186.11,1,358.9
102,2012,219,1200,13.29,0,1932.1,188.15,.733,170.8
102,2012,219,1300,13.25,0,0,204.68,.35,149
102,2012,219,1400,12.8,0,0,293.7,.8,422.9
102,2012,219,1500,12.81,0,0,167.74,.3,109.8
102,2012,219,1600,13.21,0,0,220.54,1,341.7
102,2012,219,1700,13.21,0,0,241.64,.95,546.2
102,2012,219,1800,13.21,0,0,146.97,1,383.4
102,2012,219,1900,13.22,0,0,34.525,.117,49.61
102,2012,219,2000,13.24,0,0,.57749,0,3.165
102,2012,219,2100,13.27,0,0,1.0916,0,3.077
102,2012,219,2200,13.3,0,0,1.5187,0,2.973
102,2012,219,2300,13.32,0,1556.6,2.4918,0,2.862
101,2012,219,2400,12.8,0,4836.3,1861.6,7.2
102,2012,219,2400,13.35,0,0,3.876,0,2.84
102,2012,220,100,13.37,0,0,2.1594,0,2.741
102,2012,220,200,13.39,0,0,2.365,0,2.763
102,2012,220,300,13.4,0,0,2.6497,0,2.763
102,2012,220,400,13.41,0,0,2.3412,0,2.758
102,2012,220,500,13.41,0,0,1.3683,0,2.758
102,2012,220,600,13.41,0,0,1.7875,0,2.763
102,2012,220,700,13.43,0,0,1.8033,0,2.763
102,2012,220,800,13.43,0,0,3.9466,0,3.072
102,2012,220,900,13.44,8.9612,0,35.252,.133,51.93
102,2012,220,1000,13.41,1.0835,0,114.04,1,231.5
102,2012,220,1100,13.36,2.2462,0,203.56,1,428.6
102,2012,220,1200,13.29,0,3490.4,256.48,1,518.9
102,2012,220,1300,13.23,0,0,285.68,1,526.5
102,2012,220,1400,13.2,79.477,116.36,266.52,.85,383.4
102,2012,220,1500,13.2,0,7.4534,68.334,0,4.962
102,2012,220,1600,13.26,25.369,115.89,37.781,0,5.178
102,2012,220,1700,13.27,35.279,580.09,11.327,0,3.419
102,2012,220,1800,13.32,82.206,4197.2,8.3847,0,3.794
102,2012,220,1900,13.34,0,1221.4,7.6493,0,3.91
102,2012,220,2000,13.36,0,0,2.2306,0,2.807
102,2012,220,2100,13.38,0,0,2.5232,0,2.851
102,2012,220,2200,13.39,0,0,1.4791,0,2.851
102,2012,220,2300,13.4,0,0,1.7638,0,2.791
101,2012,220,2400,13.2,234.62,9728.8,1323.7,4.981
102,2012,220,2400,13.41,0,0,2.3016,0,2.774
102,2012,221,100,13.42,0,0,1.6135,0,2.741
102,2012,221,200,13.42,0,0,1.3841,0,2.752
102,2012,221,300,13.43,0,0,1.5581,0,2.719
102,2012,221,400,13.44,125.6,0,1.7795,0,2.713
102,2012,221,500,13.44,939.66,0,2.175,0,2.702
102,2012,221,600,13.44,2085.5,0,2.1591,0,2.719
102,2012,221,700,13.44,1625.1,0,1.8586,0,2.686
102,2012,221,800,13.44,69.591,0,2.9184,0,2.752
102,2012,221,900,13.44,2218.7,0,20.049,0,6.541
102,2012,221,1000,13.42,1267.8,0,65.921,0,15.26
102,2012,221,1100,13.4,25.064,0,90.98,0,19.46
102,2012,221,1200,13.37,0,0,129.64,.033,31.36
102,2012,221,1300,13.34,0,53.921,111.9,.083,62.26
102,2012,221,1400,13.28,0,3275.1,217.47,.1,52.33
102,2012,221,1500,13.25,0,0,238.55,.75,169.4
102,2012,221,1600,13.24,0,36.282,164.01,.283,114.5
102,2012,221,1700,13.24,0,308.79,92.251,.167,57.32
102,2012,221,1800,13.28,57.681,825.79,58.629,0,35.64
102,2012,221,1900,13.3,0,1.7634,52.296,0,16.64
102,2012,221,2000,12.78,0,0,13.392,0,3.491
102,2012,221,2100,12.76,0,0,4.1447,0,3.061
102,2012,221,2200,13.35,0,0,3.0452,0,2.962
102,2012,221,2300,13.36,0,94.813,2.452,0,2.929
101,2012,221,2400,12.76,8414.7,4637.3,1282.6,1.416
102,2012,221,2400,13,0,40.768,2.4361,0,2.956
102,2012,222,100,13.39,0,12.722,2.1988,0,2.94
102,2012,222,200,13.4,0,362.22,2.6022,0,2.873
102,2012,222,300,13.42,0,150.61,2.4914,0,2.862
102,2012,222,400,13.43,0,0,1.9535,0,2.895
102,2012,222,500,13.44,0,0,2.0881,0,2.967
102,2012,222,600,13.45,0,0,1.8273,0,2.973
102,2012,222,700,13.46,0,0,1.6692,0,3.001
102,2012,222,800,13.46,0,0,2.9743,0,2.979
102,2012,222,900,13.45,0,0,17.948,0,3.028
102,2012,222,1000,13.43,53.831,0,44.324,0,4.197
102,2012,222,1100,13.41,1324.3,0,58.543,0,3.32
102,2012,222,1200,13.39,589.31,0,91.108,0,9.73
102,2012,222,1300,13.34,0,3318.5,146.87,0,12.09
102,2012,222,1400,13.3,0,4878.6,213.96,.317,109.6
102,2012,222,1500,13.29,0,0,77.128,.067,47.7
102,2012,222,1600,13.32,0,89.1,23.801,0,5.355
102,2012,222,1700,13.34,0,0,36.941,0,4.749
102,2012,222,1800,13.36,0,0,53.202,0,34.28
102,2012,222,1900,13.35,0,0,48.037,0,25.98
102,2012,222,2000,13.35,0,0,10.346,0,4.418
102,2012,222,2100,13.36,0,0,3.3064,0,3.011
102,2012,222,2200,13.38,0,0,2.1198,0,3.017
102,2012,222,2300,13.39,0,512.76,2.1672,0,2.995
101,2012,222,2400,13.29,1967.5,9369.8,849.74,.383
102,2012,222,2400,13.4,0,45.277,2.1355,0,2.978
102,2012,223,100,13.41,0,0,2.7049,0,2.917
102,2012,223,200,13.43,0,172.96,3.1794,0,2.873
102,2012,223,300,13.44,0,23.017,2.9422,0,2.923
102,2012,223,400,13.46,0,0,3.5756,0,2.935
102,2012,223,500,13.47,0,0,2.1676,0,2.957
102,2012,223,600,13.47,0,0,2.3812,0,2.974
102,2012,223,700,13.48,0,0,1.7404,0,2.99
102,2012,223,800,13.47,0,0,2.6818,0,3.426
102,2012,223,900,13.46,0,0,30.243,0,18.16
102,2012,223,1000,13.43,54.983,316.58,75.062,.183,64.05
102,2012,223,1100,13.38,3.8279,136.83,139.23,.433,166.6
102,2012,223,1200,13.32,0,1796.3,246.09,1,494.8
102,2012,223,1300,13.3,0,0,178.97,.417,171.6
102,2012,223,1400,13.29,0,474.47,196.59,.017,33.34
102,2012,223,1500,13.25,0,0,266.05,.833,326.3
102,2012,223,1600,13.23,0,0,257.21,.916,482.2
102,2012,223,1700,13.24,0,0,147.24,.933,261.8
102,2012,223,1800,13.27,0,0,110.04,.866,164.6
102,2012,223,1900,12.81,0,118.94,45.894,.283,126.8
102,2012,223,2000,13.3,0,883.73,15.503,.217,68.07
102,2012,223,2100,13.34,0,3881.6,2.7844,0,2.989
102,2012,223,2200,13.37,0,30.376,2.6972,0,2.901
102,2012,223,2300,13.39,0,0,2.4915,0,2.791
101,2012,223,2400,12.81,58.811,7834.8,1740.3,6.098
102,2012,223,2400,13.41,0,0,2.8552,0,2.708
102,2012,224,100,13.43,0,0,2.3095,0,2.669
102,2012,224,200,13.44,0,0,1.7558,0,2.664
102,2012,224,300,13.45,0,0,1.9694,0,2.659
102,2012,224,400,13.45,0,0,1.6927,0,2.648
102,2012,224,500,13.46,0,0,2.6183,0,2.653
102,2012,224,600,13.46,0,0,1.7403,0,2.681
102,2012,224,700,13.47,0,0,2.5313,0,2.659
102,2012,224,800,13.48,0,0,6.0913,0,4.54
102,2012,224,900,13.46,0,0,38.414,.05,64.45
102,2012,224,1000,13.4,0,158.12,97.119,.716,226.2
102,2012,224,1100,13.35,0,3746.9,164.68,.583,264.2
102,2012,224,1200,13.29,0,3639.8,211.16,.633,344.9
102,2012,224,1300,13.27,0,0,202.45,.616,303.3
102,2012,224,1400,13.26,0,381.07,183.09,.4,259.5
102,2012,224,1500,13.25,0,0,190.65,.4,211.5
102,2012,224,1600,13.26,10.521,114.76,92.892,0,29.09
102,2012,224,1700,13.26,0,71.938,173.17,.683,306.2
102,2012,224,1800,13.27,0,287.57,153.43,.916,362.8
102,2012,224,1900,13.29,0,213.12,78.419,.65,274.1
102,2012,224,2000,13.31,0,0,10.939,.133,36.18
102,2012,224,2100,13.34,0,3281.1,2.3019,0,2.829
102,2012,224,2200,13.36,0,442.06,3.5911,0,2.802
102,2012,224,2300,13.38,0,0,3.7492,0,2.78
101,2012,224,2400,13.25,10.521,12337,1631.1,5.781
102,2012,224,2400,13.39,0,0,4.3661,0,2.769
102,2012,225,100,13.41,0,0,4.0179,0,2.73
102,2012,225,200,13.42,1454.3,0,3.4247,0,2.691
102,2012,225,300,13.43,167.01,0,3.5512,0,2.68
102,2012,225,400,13.44,0,0,3.1794,0,2.691
102,2012,225,500,13.45,0,0,2.6655,0,2.741
102,2012,225,600,13.46,0,0,2.9188,0,2.73
102,2012,225,700,13.48,0,0,3.4175,0,2.714
102,2012,225,800,13.49,0,0,5.0154,0,10.18
102,2012,225,900,13.48,0,0,24.618,0,42.82
102,2012,225,1000,13.4,0,188.09,134.49,.9,369.6
102,2012,225,1100,13.34,713.81,499.53,202.54,1,485.2
102,2012,225,1200,13.28,0,592.87,252.74,.9,572.1
102,2012,225,1300,13.24,0,0,248.72,.9,433
102,2012,225,1400,13.23,0,0,178.99,.167,100.7
102,2012,225,1500,13.25,0,0,147.48,.217,55.35
102,2012,225,1600,13.24,0,0,143.36,.217,98.3
102,2012,225,1700,13.27,0,0,180.71,.533,230.1
102,2012,225,1800,13.27,0,0,58.504,0,9.5
102,2012,225,1900,13.3,0,180.6,5.181,0,3.155
102,2012,225,2000,13.35,0,0,1.5583,0,3.105
102,2012,225,2100,13.39,0,0,1.2971,0,3.033
102,2012,225,2200,13.41,0,0,1.479,0,3.033
102,2012,225,2300,13.42,0,0,1.566,0,3.011
101,2012,225,2400,13.23,2335.1,1461.1,1613.4,4.831
102,2012,225,2400,13.43,0,0,1.9377,0,2.995
102,2012,226,100,13.44,0,0,1.7637,0,2.989
102,2012,226,200,13.45,0,0,1.4316,0,2.989
102,2012,226,300,13.45,0,0,1.7321,0,2.962
102,2012,226,400,13.46,0,0,3.2191,0,2.945
102,2012,226,500,13.46,0,0,4.2317,0,2.951
102,2012,226,600,13.46,0,0,4.1055,0,2.935
102,2012,226,700,13.47,0,0,4.2402,0,2.946
102,2012,226,800,13.48,0,0,6.8112,0,14.61
102,2012,226,900,13.44,277.59,321.61,62.62,.95,307.3
102,2012,226,1000,13.39,198.36,237.66,147.73,1,575.5
102,2012,226,1100,13.33,0,0,214.03,1,666.5
102,2012,226,1200,13.28,0,0,259.54,1,709
102,2012,226,1300,12.81,0,0,259.82,.833,545.8
102,2012,226,1400,12.81,0,0,136.88,.3,200.7
102,2012,226,1500,13.2,0,0,331.91,1,689.2
102,2012,226,1600,13.2,0,0,285.51,.966,643.1
102,2012,226,1700,13.21,0,0,197.02,.716,428.8
102,2012,226,1800,13.22,0,0,174.8,.983,456.2
102,2012,226,1900,12.82,0,0,32.506,.15,62.65
102,2012,226,2000,13.27,0,0,2.7608,0,3.149
102,2012,226,2100,13.31,0,1465.2,.56952,0,2.84
102,2012,226,2200,13.35,0,0,2.99,0,2.724
102,2012,226,2300,13.38,0,0,4.0735,0,2.686
101,2012,226,2400,12.81,475.95,2024.5,2144.9,8.9
102,2012,226,2400,13.4,0,0,4.6191,0,2.675
102,2012,227,100,13.42,0,0,4.0416,0,2.647
102,2012,227,200,13.43,0,0,3.8518,0,2.647
102,2012,227,300,13.45,0,0,3.3062,0,2.648
102,2012,227,400,13.47,0,0,3.3462,0,2.648
102,2012,227,500,13.48,0,0,3.5994,0,2.67
102,2012,227,600,13.49,0,0,5.4188,0,2.681
102,2012,227,700,13.49,0,0,3.7654,0,2.659
102,2012,227,800,13.51,340.31,0,5.6797,0,6.973
102,2012,227,900,13.46,0,0,56.401,.75,217
102,2012,227,1000,13.39,403.73,2376.5,150.89,1,486.3
102,2012,227,1100,13.32,0,4617,231.1,1,652.6
102,2012,227,1200,13.27,0,1316.9,283.94,1,684.8
102,2012,227,1300,13.24,0,0,326.28,.983,631.9
102,2012,227,1400,13.22,0,0,361.18,1,687.4
102,2012,227,1500,13.2,0,0,285.88,.733,503.1
102,2012,227,1600,13.2,0,0,263.05,.816,590.5
102,2012,227,1700,13.21,0,0,263.68,.966,722
102,2012,227,1800,13.23,0,0,195.97,.95,654.5
102,2012,227,1900,13.25,0,0,111.68,1,477.7
102,2012,227,2000,13.27,0,0,15.868,.267,72.8
102,2012,227,2100,13.3,0,0,1.8035,0,2.967
102,2012,227,2200,13.34,0,1638.3,2.6974,0,2.818
102,2012,227,2300,13.37,0,1815.9,4.2397,0,2.708
101,2012,227,2400,13.2,794.06,11765,2593.4,10.46
102,2012,227,2400,13.4,50.026,0,5.7343,0,2.664
102,2012,228,100,13.42,257.22,0,3.6698,0,2.664
102,2012,228,200,13.44,8.5733,0,4.7456,0,2.647
102,2012,228,300,13.46,0,0,3.9947,0,2.648
102,2012,228,400,13.48,0,0,3.4096,0,2.648
102,2012,228,500,13.5,0,0,3.3303,0,2.648
102,2012,228,600,13.51,0,0,5.3316,0,2.648
102,2012,228,700,13.53,0,0,3.8602,0,2.648
102,2012,228,800,13.53,185.86,0,7.2614,0,12.83
102,2012,228,900,13.47,144.52,500.36,68.637,.916,284.5
102,2012,228,1000,13.38,0,323.51,161.32,1,578.1
102,2012,228,1100,13.32,0,2260.2,244.12,1,679.7
102,2012,228,1200,13.28,0,0,299.83,1,712
102,2012,228,1300,13.25,0,0,327.73,1,673.9
102,2012,228,1400,13.22,0,0,348.15,1,699.7
102,2012,228,1500,13.2,0,0,322.75,1,668.1
102,2012,228,1600,13.2,0,0,319.24,1,760
102,2012,228,1700,13.21,0,0,257.19,1,710
102,2012,228,1800,13.23,0,0,201.85,1,670.8
102,2012,228,1900,13.25,0,0,99.833,.983,428.4
102,2012,228,2000,13.27,0,0,4.7541,.083,21.08
102,2012,228,2100,13.31,0,0,1.6453,0,2.912
102,2012,228,2200,13.34,0,4016.7,3.1245,0,2.791
102,2012,228,2300,13.37,0,136.17,3.2193,0,2.73
101,2012,228,2400,13.2,596.18,7236.9,2702.7,10.98
102,2012,228,2400,13.39,0,0,3.7254,0,2.713
102,2012,229,100,13.41,0,0,3.3852,0,2.664
102,2012,229,200,13.42,0,0,2.8552,0,2.658
102,2012,229,300,13.44,0,0,4.018,0,2.653
102,2012,229,400,13.45,0,0,2.5231,0,2.648
102,2012,229,500,13.46,0,0,2.8951,0,2.653
102,2012,229,600,13.46,0,0,2.4128,0,2.648
102,2012,229,700,13.42,10.514,0,3.4491,0,2.648
102,2012,229,800,13.42,0,0,3.8525,0,3.007
102,2012,229,900,13.43,0,0,37.259,0,37.09
102,2012,229,1000,13.36,0,2.6886,148.98,.816,311.9
102,2012,229,1100,13.29,0,5519.7,223.6,1,560.6
102,2012,229,1200,13.25,0,0,276.33,1,611
102,2012,229,1300,13.2,0,0,299.86,.933,578.9
102,2012,229,1400,13.19,0,0,224.05,.516,272.4
102,2012,229,1500,13.2,0,0,69.412,0,23.22
102,2012,229,1600,13.2,0,0,224.61,.5,279.5
102,2012,229,1700,13.21,0,0,84.226,0,75.4
102,2012,229,1800,13.22,0,0,52.313,.017,46.89
102,2012,229,1900,13.23,0,0,25.859,0,3.876
102,2012,229,2000,13.25,0,0,2.5233,0,3.298
102,2012,229,2100,13.27,0,257.81,.4034,0,2.962
102,2012,229,2200,13.3,0,2212.7,1.2736,0,2.89
102,2012,229,2300,13.32,230.81,0,1.3368,0,2.824
101,2012,229,2400,13.19,508.47,7992.9,1698.5,4.781
102,2012,229,2400,13.33,267.14,0,1.1232,0,2.84
102,2012,230,100,13.35,0,0,1.661,0,2.835
102,2012,230,200,13.37,0,0,1.7876,0,2.78
102,2012,230,300,13.38,0,0,1.661,0,2.769
102,2012,230,400,13.39,0,0,2.4282,0,2.724
102,2012,230,500,13.39,0,0,1.7242,0,2.73
102,2012,230,600,13.4,0,0,1.8112,0,2.719
102,2012,230,700,13.4,0,0,1.6767,0,2.747
102,2012,230,800,13.41,0,0,3.654,0,2.708
102,2012,230,900,13.42,0,0,36.721,.117,55
102,2012,230,1000,13.39,24.684,0,70.312,.183,76.8
102,2012,230,1100,13.35,0,0,141.89,.433,161.1
102,2012,230,1200,13.3,0,3461.1,156.66,.2,69.99
102,2012,230,1300,13.24,0,504.11,284.22,.816,456.1
102,2012,230,1400,12.84,0,0,320.36,1,522.4
102,2012,230,1500,13.19,0,0,323.75,1,563.5
102,2012,230,1600,13.18,0,0,281.73,.9,522.4
102,2012,230,1700,13.2,0,0,187.44,.65,256.5
102,2012,230,1800,13.22,0,0,66.12,0,28.2
102,2012,230,1900,13.23,0,0,15.117,0,3.683
102,2012,230,2000,13.25,0,0,.95716,0,2.73
102,2012,230,2100,13.29,0,646.22,.77518,0,2.587
102,2012,230,2200,13.32,0,5124.7,2.5867,0,2.36
102,2012,230,2300,13.34,0,2445.2,1.6374,0,2.338
101,2012,230,2400,12.84,24.684,12310,1908.4,5.298
102,2012,230,2400,13.35,0,128.2,1.7639,0,2.316
102,2012,231,100,13.36,0,0,1.9142,0,2.316
102,2012,231,200,13.37,0,0,1.4712,0,2.316
102,2012,231,300,13.38,0,0,1.7322,0,2.322
102,2012,231,400,13.38,0,0,1.5266,0,2.316
102,2012,231,500,13.39,0,0,1.8508,0,2.322
102,2012,231,600,13.39,0,0,2.3017,0,2.316
102,2012,231,700,13.4,0,0,2.5073,0,2.316
102,2012,231,800,13.4,0,0,6.9602,0,4.539
102,2012,231,900,13.39,0,0,57.532,.566,146.4
102,2012,231,1000,12.88,0,0,128.5,.833,255.5
102,2012,231,1100,13.33,0,242.47,124.74,.45,176.4
102,2012,231,1200,13.31,0,1785.2,170.32,.2,90.5
102,2012,231,1300,13.3,0,5589,127.54,0,27.6
102,2012,231,1400,13.29,0,3370.9,216.99,.283,120.9
102,2012,231,1500,13.26,0,0,301.42,.816,279.6
102,2012,231,1600,13.26,0,0,181.91,.233,132.1
102,2012,231,1700,13.29,0,2189.5,69.758,.033,25.87
102,2012,231,1800,13.34,38.696,518.97,6.7473,0,2.807
102,2012,231,1900,13.38,0,143.37,10.037,0,3.59
102,2012,231,2000,13.39,0,0,7.4742,0,3.601
102,2012,231,2100,13.41,0,36.587,4.8088,0,3.612
102,2012,231,2200,13.42,0,952.12,4.9274,0,3.585
102,2012,231,2300,13.43,0,2038,4.3895,0,3.524
101,2012,231,2400,12.88,38.696,17629,1441,3.415
102,2012,231,2400,13.44,0,762.75,3.6144,0,3.497
102,2012,232,100,13.44,0,1672.7,2.9738,0,3.491
102,2012,232,200,13.45,0,3237.5,2.792,0,3.503
102,2012,232,300,13.45,0,4359.8,2.9739,0,3.519
102,2012,232,400,13.45,0,935.37,2.7761,0,3.464
102,2012,232,500,13.45,0,189.46,3.2585,0,3.453
102,2012,232,600,13.45,0,0,2.6575,0,3.469
102,2012,232,700,13.46,0,0,3.1717,0,3.502
102,2012,232,800,13.45,0,0,3.1005,0,3.525
102,2012,232,900,13.45,0,0,16.696,0,3.541
102,2012,232,1000,13.43,0,0,45.026,0,7.37
102,2012,232,1100,13.42,0,0,53.038,0,4.39
102,2012,232,1200,13.4,0,1641.2,82.794,0,8.52
102,2012,232,1300,13.39,0,0,87.749,0,7.4
102,2012,232,1400,13.35,0,0,161.67,.117,39.22
102,2012,232,1500,13.34,0,0,177.87,.367,91.3
102,2012,232,1600,13.31,0,0,234.86,.95,352.6
102,2012,232,1700,13.3,0,0,163.89,.45,267.9
102,2012,232,1800,13.32,0,0,29.599,0,21.62
102,2012,232,1900,13.34,0,0,39.25,.067,24.71
102,2012,232,2000,13.37,0,0,16.935,.183,37.66
102,2012,232,2100,13.4,0,0,2.6734,0,3.099
102,2012,232,2200,13.42,0,823.7,2.8314,0,2.945
102,2012,232,2300,13.44,0,0,3.5196,0,2.791
101,2012,232,2400,13.3,0,12860,1145.4,2.132
102,2012,232,2400,13.46,0,0,3.3458,0,2.758
102,2012,233,100,13.46,0,0,3.4964,0,2.725
102,2012,233,200,13.47,0,0,3.0772,0,2.692
102,2012,233,300,13.47,0,0,3.1086,0,2.692
102,2012,233,400,13.47,0,0,2.9031,0,2.752
102,2012,233,500,13.48,0,0,2.658,0,2.664
102,2012,233,600,13.49,0,0,3.2671,0,2.659
102,2012,233,700,13.5,1050.2,0,3.4252,0,2.67
102,2012,233,800,13.51,268.68,0,5.1259,0,7.1
102,2012,233,900,13.48,0,0,42.977,.483,142
102,2012,233,1000,13.39,79.577,0,158.23,1,510.8
102,2012,233,1100,13.32,0,3785.8,237.61,1,689.2
102,2012,233,1200,13.27,0,0,290.86,1,679.6
102,2012,233,1300,13.23,0,0,341.14,.833,469.6
102,2012,233,1400,13.24,0,0,158.05,.167,63.52
102,2012,233,1500,13.25,0,0,201.78,.367,133.9
102,2012,233,1600,13.24,0,0,207.78,.45,258.4
102,2012,233,1700,12.78,0,0,205.52,.8,356.4
102,2012,233,1800,12.77,0,0,135.77,.4,232
102,2012,233,1900,13.31,0,0,141.7,1,532.4
102,2012,233,2000,13.31,0,1532.7,22.423,.217,60.58
102,2012,233,2100,13.33,0,5790.3,.98875,0,3.85
102,2012,233,2200,13.35,0,1929,2.0804,0,3.618
102,2012,233,2300,13.37,0,0,3.2667,0,3.513
101,2012,233,2400,12.77,1398.5,13038,2181.5,7.71
102,2012,233,2400,13.39,0,0,4.2553,0,3.475
102,2012,234,100,13.41,0,0,3.6778,0,2.94
102,2012,234,200,13.43,0,0,2.5862,0,2.851
102,2012,234,300,13.44,0,0,2.7209,0,2.802
102,2012,234,400,13.46,0,0,2.6735,0,2.83
102,2012,234,500,13.46,0,0,2.4443,0,2.896
102,2012,234,600,13.46,0,0,2.9504,0,3.023
102,2012,234,700,13.46,0,0,2.1831,0,3.023
102,2012,234,800,13.46,0,0,3.7493,0,3.023
102,2012,234,900,13.45,0,201.34,40.67,.033,21.4
102,2012,234,1000,13.37,0,1551,127.5,.683,291.6
102,2012,234,1100,13.34,0,340.06,159.57,1,377.6
102,2012,234,1200,13.3,0,0,244.81,.916,517.6
102,2012,234,1300,13.28,0,0,260.92,.65,427
102,2012,234,1400,13.25,0,0,274.57,.633,386.4
102,2012,234,1500,13.22,0,0,320.43,.883,577
102,2012,234,1600,13.2,0,0,318.12,.983,592.4
102,2012,234,1700,13.22,0,0,185.03,.883,412.4
102,2012,234,1800,13.25,0,0,97.823,.466,158.1
102,2012,234,1900,13.27,0,0,78.841,1,341.7
102,2012,234,2000,13.29,0,0,7.2298,.05,29.16
102,2012,234,2100,13.32,0,0,3.1403,0,3.778
102,2012,234,2200,13.35,0,2255.1,3.2827,0,3.767
102,2012,234,2300,13.37,0,0,4.3267,0,3.452
101,2012,234,2400,13.2,0,4376.5,2154,8.18
102,2012,234,2400,13.4,0,28.971,4.7378,0,3.315
102,2012,235,100,13.41,0,2021.2,4.4055,0,3.331
102,2012,235,200,13.43,0,0,2.871,0,3.304
102,2012,235,300,13.46,0,0,5.1019,0,3.293
102,2012,235,400,13.47,0,0,4.1611,0,3.304
102,2012,235,500,13.48,0,0,4.1294,0,3.283
102,2012,235,600,13.5,0,0,3.9157,0,3.238
102,2012,235,700,13.51,0,0,3.093,0,3.216
102,2012,235,800,13.52,880.46,0,5.8931,.083,28.82
102,2012,235,900,13.47,701.26,0,55.784,.65,196.3
102,2012,235,1000,13.39,464.23,0,161.08,.916,566
102,2012,235,1100,13.32,0,3143.1,236.67,1,738
102,2012,235,1200,13.26,0,546.62,294.69,1,781
102,2012,235,1300,13.23,0,0,306.73,.95,721
102,2012,235,1400,13.21,0,0,318.27,.883,690.7
102,2012,235,1500,13.17,0,0,324.56,.866,634.8
102,2012,235,1600,13.17,0,0,289.22,.933,743
102,2012,235,1700,13.19,0,0,223.95,.75,581.2
102,2012,235,1800,13.2,0,0,209.84,1,601.8
102,2012,235,1900,13.23,0,0,90.113,.983,414.6
102,2012,235,2000,13.26,0,0,8.9072,.133,35.99
102,2012,235,2100,13.29,0,128.83,2.6893,0,3.789
102,2012,235,2200,13.33,0,3117.9,3.6783,0,3.69
102,2012,235,2300,13.36,0,0,3.3538,0,3.684
101,2012,235,2400,13.17,2045.9,8957.6,2566.9,10.15
102,2012,235,2400,13.39,0,0,3.8441,0,3.612
102,2012,236,100,13.41,0,0,5.0145,0,3.43
102,2012,236,200,13.42,0,0,4.4133,0,3.359
102,2012,236,300,13.43,0,0,4.7771,0,3.331
102,2012,236,400,13.44,0,0,3.5119,0,3.127
102,2012,236,500,13.46,0,0,4.0815,0,3.21
102,2012,236,600,13.48,0,0,3.2039,0,3.106
102,2012,236,700,13.49,0,0,2.5947,0,3.062
102,2012,236,800,13.51,0,0,5.7509,0,4.927
102,2012,236,900,13.46,0,0,50.612,.55,150.7
102,2012,236,1000,13.38,57.078,6.059,148.24,.983,468.9
102,2012,236,1100,13.32,0,3659,226.15,1,666.8
102,2012,236,1200,12.8,0,265.49,267.71,1,666.7
102,2012,236,1300,12.79,0,0,327.87,1,687.7
102,2012,236,1400,12.79,0,0,258.93,.716,434.3
102,2012,236,1500,12.8,0,0,164.45,.383,181.8
102,2012,236,1600,12.8,0,0,210.34,.55,306.5
102,2012,236,1700,13.18,0,0,97.492,.167,70.5
102,2012,236,1800,13.22,0,0,69.151,.183,115.6
102,2012,236,1900,13.24,0,0,58.502,.333,103.4
102,2012,236,2000,13.25,0,0,7.1831,0,4.654
102,2012,236,2100,13.27,0,0,.40342,0,2.967
102,2012,236,2200,13.3,0,0,.52205,0,2.178
102,2012,236,2300,13.33,69.817,3940,1.4476,0,2.024
101,2012,236,2400,12.79,126.9,7921.9,1924.4,6.864
102,2012,236,2400,13.35,0,51.342,2.0962,0,1.985
102,2012,237,100,13.37,0,0,2.5153,0,1.985
102,2012,237,200,13.39,135.51,0,3.1796,0,1.985
102,2012,237,300,13.35,0,0,2.8948,0,1.98
102,2012,237,400,13.39,0,0,2.3016,0,1.969
102,2012,237,500,13.41,0,0,2.2699,0,1.848
102,2012,237,600,13.42,0,0,3.5118,0,1.721
102,2012,237,700,13.44,0,0,3.536,0,1.721
102,2012,237,800,13.44,0,0,9.3032,0,13.65
102,2012,237,900,13.39,106.05,0,71.358,.95,253.6
102,2012,237,1000,13.34,469.15,0,144.09,1,496.6
102,2012,237,1100,13.28,0,3653.1,225.62,1,658
102,2012,237,1200,13.25,0,0,238.24,.883,571.6
102,2012,237,1300,13.2,0,0,329.78,1,631.5
102,2012,237,1400,13.2,0,0,297.71,.85,435.4
102,2012,237,1500,13.16,0,0,334.54,.933,576.3
102,2012,237,1600,13.17,0,0,109.67,.05,36.01
102,2012,237,1700,13.19,0,0,104.77,.35,103.3
102,2012,237,1800,13.22,0,0,26.439,0,10.01
102,2012,237,1900,13.24,0,0,13.883,0,5.15
102,2012,237,2000,13.25,0,0,4.5643,0,9.31
102,2012,237,2100,13.28,0,970.15,1.3842,0,3.496
102,2012,237,2200,13.3,32.243,1906.7,2.5234,0,3.414
102,2012,237,2300,13.33,0,0,2.9347,0,3.37
101,2012,237,2400,13.16,742.94,6530,1940.4,7.01
102,2012,237,2400,13.35,0,0,3.3301,0,3.331
102,2012,238,100,13.37,0,0,3.2034,0,3.337
102,2012,238,200,13.39,0,0,3.2587,0,3.32
102,2012,238,300,13.4,0,0,2.7208,0,3.315
102,2012,238,400,13.4,0,0,2.1513,0,3.27
102,2012,238,500,13.42,0,0,2.6574,0,3.243
102,2012,238,600,13.42,0,0,2.8394,0,3.237
102,2012,238,700,13.43,0,0,2.1987,0,3.221
102,2012,238,800,13.43,0,0,5.734,0,3.612
102,2012,238,900,12.75,984.14,0,40.446,.05,49.03
102,2012,238,1000,12.74,1284.2,61.624,155.68,.966,429
102,2012,238,1100,12.75,364.49,1411.5,225.36,1,587.2
102,2012,238,1200,12.75,0,3486.1,273.22,1,625.4
102,2012,238,1300,12.77,0,0,265.97,.8,488.1
102,2012,238,1400,12.79,0,0,346.5,.983,520.3
102,2012,238,1500,12.8,0,0,174.24,.383,222.5
102,2012,238,1600,12.79,0,31.179,64.198,0,17.08
102,2012,238,1700,12.77,56.439,172.31,32.084,0,11.78
102,2012,238,1800,12.76,131.92,518.59,11.525,0,3.75
102,2012,238,1900,12.75,147.23,14.759,13.534,0,4.302
102,2012,238,2000,12.73,0,0,8.8585,0,4.302
102,2012,238,2100,12.73,6.4382,0,3.836,0,4.076
102,2012,238,2200,12.73,0,0,2.4914,0,4.087
102,2012,238,2300,13.37,0,0,3.3851,0,4.208
101,2012,238,2400,12.73,2974.8,5696,1649.9,5.181
102,2012,238,2400,13.38,0,0,3.7963,0,4.158
102,2012,239,100,13.39,0,0,3.828,0,4.087
102,2012,239,200,13.41,0,0,3.1715,0,4.059
102,2012,239,300,13.43,0,0,2.3411,0,4.015
102,2012,239,400,13.44,0,0,2.5705,0,4.027
102,2012,239,500,13.44,0,0,2.4519,0,4.06
102,2012,239,600,13.44,0,0,2.0485,0,4.032
102,2012,239,700,13.44,0,271.42,1.7717,0,4.187
102,2012,239,800,13.45,0,0,3.4564,0,4.258
102,2012,239,900,12.88,0,0,27.683,.017,23.24
102,2012,239,1000,12.84,0,364.13,125.53,.716,195.3
102,2012,239,1100,12.83,0,1936.8,186.39,1,335.6
102,2012,239,1200,12.82,0,1848.2,247.46,.95,454.1
102,2012,239,1300,12.81,0,0,248.69,.816,287.3
102,2012,239,1400,12.8,0,0,276.68,.816,264
102,2012,239,1500,12.8,0,0,325.53,.983,566.2
102,2012,239,1600,12.8,0,47.907,184.64,.516,248.8
102,2012,239,1700,12.78,0,987.64,23.755,0,8.82
102,2012,239,1800,12.76,0,156.1,21.571,0,12.52
102,2012,239,1900,12.75,0,342.17,18.762,0,4.671
102,2012,239,2000,12.74,0,863.89,2.8553,0,4.225
102,2012,239,2100,13.37,0,1821.1,.99654,0,3.987
102,2012,239,2200,13.4,0,857.8,1.7164,0,3.971
102,2012,239,2300,13.42,0,31.515,1.6927,0,3.949
101,2012,239,2400,12.74,0,9528.8,1717.4,5.814
102,2012,239,2400,13.44,0,0,1.8273,0,3.955
102,2012,240,100,13.45,0,0,1.4159,0,3.961
102,2012,240,200,13.45,0,0,1.9617,0,3.944
102,2012,240,300,13.46,0,0,1.5425,0,3.95
102,2012,240,400,13.46,0,0,1.8906,0,3.961
102,2012,240,500,13.46,0,0,3.275,0,3.95
102,2012,240,600,13.47,0,0,1.7088,0,3.884
102,2012,240,700,12.99,0,0,1.8432,0,3.867
102,2012,240,800,12.95,0,0,3.4807,0,3.928
102,2012,240,900,12.88,0,0,25.742,0,15.78
102,2012,240,1000,12.86,0,641.78,83.909,.167,94.8
102,2012,240,1100,12.91,0,176.14,123.24,.333,102.4
102,2012,240,1200,12.98,0,0,182.4,.616,172.6
102,2012,240,1300,12.94,0,0,264.81,1,415.9
102,2012,240,1400,13.01,0,0,269.42,.916,321.7
102,2012,240,1500,12.84,0,0,271.59,1,384.7
102,2012,240,1600,12.84,0,0,216.25,.683,320.4
102,2012,240,1700,13.24,0,0,237.16,.95,475.4
102,2012,240,1800,13.25,0,0,124.25,1,250.7
102,2012,240,1900,13.27,50.301,0,43.174,.4,76.1
102,2012,240,2000,13.29,57.34,189.46,3.2274,0,4.109
102,2012,240,2100,12.83,0,180.88,2.4205,0,4.07
102,2012,240,2200,12.77,0,0,.38756,0,3.905
102,2012,240,2300,12.81,0,0,.06328,0,1.131
101,2012,240,2400,12.77,107.64,1188.3,1865.5,7.06
102,2012,240,2400,12.8,0,0,.33223,0,-5.273
102,2012,241,100,13.46,0,0,.19776,0,-10.74
102,2012,241,200,13.47,0,0,.09493,0,-12.17
102,2012,241,300,13.48,0,0,.40345,0,-18.33
102,2012,241,400,13.49,0,0,1.2895,0,-19.37
102,2012,241,500,13.49,0,249.36,1.946,0,-18.85
102,2012,241,600,13.5,0,2515.6,1.4714,0,-19.22
102,2012,241,700,13.51,0,974,1.6929,0,-19.97
102,2012,241,800,13.51,0,640.48,4.6118,0,-23.14
102,2012,241,900,13.5,0,495.09,30.013,0,-24.69
102,2012,241,1000,13.47,0,0,66.245,0,-26.14
102,2012,241,1100,12.82,0,0,105.41,0,-23.55
102,2012,241,1200,12.78,0,1580,243.38,0,-17.35
102,2012,241,1300,12.78,0,2409,218.69,0,-18.7
102,2012,241,1400,12.79,0,1420.4,253.82,0,-20.42
102,2012,241,1500,12.8,0,236.42,277.9,0,-20.66
102,2012,241,1600,12.8,0,0,266.42,0,-19.62
102,2012,241,1700,12.8,0,0,266,0,-25.04
102,2012,241,1800,12.8,0,0,162.78,0,-26.85
102,2012,241,1900,13.24,0,35.969,41.759,0,-26.49
102,2012,241,2000,13.29,0,0,2.7843,0,-26.34
102,2012,241,2100,13.34,0,0,1.7719,0,-27.1
102,2012,241,2200,13.37,0,282.02,3.1956,0,-27.1
102,2012,241,2300,13.39,0,278.89,3.6305,0,-27.09
101,2012,241,2400,12.78,0,12792,1958.7,0
102,2012,241,2400,13.41,0,1674.4,3.2112,0,-27.02
102,2012,242,100,13.42,0,117.24,3.6936,0,-27.08
102,2012,242,200,13.43,0,0,2.9026,0,-26.76
102,2012,242,300,13.44,0,0,2.4913,0,-26.52
102,2012,242,400,13.46,815.36,0,2.7604,0,-26.73
102,2012,242,500,13.46,77.135,656.82,2.5866,0,-26.62
102,2012,242,600,13.48,0,0,2.5472,0,-26.47
102,2012,242,700,13.48,0,0,2.0094,0,-26.45
102,2012,242,800,13.48,0,0,5.2528,0,-26.46
102,2012,242,900,13.45,0,25.108,58.206,0,-26.27
102,2012,242,1000,13.39,0,154.69,126.03,0,-26.48
102,2012,242,1100,13.32,0,1781.1,211.29,0,-26.75
102,2012,242,1200,13.28,0,1440.8,264.12,0,-26.8
102,2012,242,1300,13.25,0,192.37,317.96,0,-26.83
102,2012,242,1400,13.24,0,0,278.49,0,-26.88
102,2012,242,1500,13.24,0,0,204.41,0,-26.83
102,2012,242,1600,13.23,0,0,248.37,0,-26.88
102,2012,242,1700,13.24,0,0,265.14,0,-26.82
102,2012,242,1800,13.24,0,0,131.5,0,-26.81
102,2012,242,1900,12.8,78.508,7.2879,22.158,0,-13.88
102,2012,242,2000,12.78,0,.38969,9.508,0,-8.74
102,2012,242,2100,12.77,0,0,5.7663,0,-9.42
102,2012,242,2200,12.76,0,0,5.0542,0,-9.22
102,2012,242,2300,12.75,0,0,5.1965,0,-9.63
101,2012,242,2400,12.75,971,4375.8,2180.5,0
102,2012,242,2400,12.75,0,0,3.0529,0,-10.01
102,2012,243,100,12.74,0,0,2.7682,0,-9.9
102,2012,243,200,12.73,0,0,2.8394,0,-10.28
102,2012,243,300,12.73,0,0,2.618,0,-10.03
102,2012,243,400,12.73,0,0,2.0406,0,-9.93
102,2012,243,500,12.73,0,0,2.3728,0,-9.95
102,2012,243,600,12.72,0,0,2.816,0,-10.06
102,2012,243,700,12.72,0,0,2.7687,0,-10.18
102,2012,243,800,12.72,0,0,2.7846,0,-10.34
102,2012,243,900,12.72,0,0,10.743,0,-10.17
102,2012,243,1000,12.72,720.28,626.6,25.915,0,-10.42
102,2012,243,1100,12.72,1312.1,0,13.779,0,-10.14
102,2012,243,1200,12.72,0,0,33.669,0,-9.27
102,2012,243,1300,13.39,0,0,28.267,0,-8.82
102,2012,243,1400,13.39,0,0,69.482,0,-9.09
102,2012,243,1500,13.21,0,14.807,221.94,0,-9.14
102,2012,243,1600,13.32,0,509.08,194.69,0,-8.63
102,2012,243,1700,12.97,0,1725.8,137.23,0,-9.28
102,2012,243,1800,12.9,0,21.258,51.63,0,-9.17
102,2012,243,1900,12.86,0,409.23,15.575,0,-9.47
102,2012,243,2000,12.83,0,1066,3.678,0,-9.83
102,2012,243,2100,12.81,0,1890.3,2.531,0,-10.39
102,2012,243,2200,12.79,0,0,2.61,0,-10.54
102,2012,243,2300,12.77,0,79.456,3.3139,0,-10.38
101,2012,243,2400,12.72,2032.4,6861.3,838.78,0
102,2012,243,2400,12.76,0,518.84,2.7128,0,-10.37
102,2012,244,100,12.75,0,681.38,2.9817,0,-10.22
102,2012,244,200,12.74,0,325.25,2.6179,0,-10.46
102,2012,244,300,12.73,0,49.141,3.053,0,-10.44
102,2012,244,400,12.73,0,537.78,2.1989,0,-10.52
102,2012,244,500,12.73,0,2032.9,1.5739,0,-10.45
102,2012,244,600,12.73,0,419.31,1.6689,0,-10.44
102,2012,244,700,12.72,0,0,2.5153,0,-10.3
102,2012,244,800,12.72,0,0,2.2069,0,-10.29
102,2012,244,900,12.77,0,170.9,56.466,0,-10.38
102,2012,244,1000,12.75,0,0,101.68,0,-10.56
102,2012,244,1100,12.75,0,0,87.55,0,-9.56
102,2012,244,1200,12.9,0,478.76,166.44,0,-8.16
102,2012,244,1300,12.81,0,1249,279.35,0,-8.24
102,2012,244,1400,12.79,0,3303.2,301.17,0,-9.08
102,2012,244,1500,12.79,0,708.89,267.26,0,-8.2
102,2012,244,1600,12.83,0,0,238.62,0,-8.45
102,2012,244,1700,13.11,0,0,182.26,0,-8.23
102,2012,244,1800,13.16,0,0,80.684,0,-7.92
102,2012,244,1900,12.94,0,0,11.288,0,-6.817
102,2012,244,2000,12.86,0,0,8.5271,0,-7.22
102,2012,244,2100,12.79,0,0,7.0871,0,-7.44
102,2012,244,2200,12.76,0,0,5.9875,0,-7.7
102,2012,244,2300,12.76,0,0,4.801,0,-7.64
101,2012,244,2400,12.72,0,9956.6,1824.3,0
102,2012,244,2400,12.75,0,0,6.3275,0,-7.78
102,2012,245,100,12.73,0,1449.6,4.8958,0,-7.94
102,2012,245,200,12.73,0,707.57,4.7455,0,-8.11
102,2012,245,300,12.72,0,344.72,4.1759,0,-8
102,2012,245,400,12.71,0,2152.3,3.037,0,-8.12
102,2012,245,500,12.81,0,1014.1,3.5828,0,-7.98
102,2012,245,600,12.74,0,149.21,2.9425,0,-7.91
102,2012,245,700,12.73,0,0,3.7656,0,-7.91
102,2012,245,800,12.72,0,22.633,9.224,0,-7.77
102,2012,245,900,12.71,0,469.78,69.288,0,-7.86
102,2012,245,1000,12.72,0,0,152.17,0,-7.96
102,2012,245,1100,12.73,0,2141.2,222.19,0,-8.15
102,2012,245,1200,12.75,0,2331,278.06,0,-8.16
102,2012,245,1300,12.77,0,162.55,252.9,0,-7.92
102,2012,245,1400,12.78,0,0,249.87,0,-7.92
102,2012,245,1500,12.78,0,0,229.76,0,-7.97
102,2012,245,1600,12.78,0,0,242.1,0,-11.18
102,2012,245,1700,12.78,0,0,160.73,0,-14.78
102,2012,245,1800,12.77,0,60.305,158.42,0,-14.5
102,2012,245,1900,12.77,0,0,101.72,0,-14.87
102,2012,245,2000,12.75,0,0,10.062,0,-14.84
102,2012,245,2100,12.75,0,0,4.216,0,-15.12
102,2012,245,2200,12.74,0,0,1.8904,0,-15.02
102,2012,245,2300,12.73,0,0,1.653,0,-14.66
101,2012,245,2400,12.71,0,11005,2173.9,0
102,2012,245,2400,12.71,0,0,2.4677,0,-14.78
102,2012,246,100,12.71,0,0,2.4599,0,-14.73
102,2012,246,200,12.71,0,0,2.7369,0,-14.77
102,2012,246,300,12.71,0,0,2.2545,0,-14.84
102,2012,246,400,12.7,0,0,2.7055,0,-15.01
102,2012,246,500,12.7,0,0,2.0094,0,-14.72
102,2012,246,600,12.7,0,0,2.4207,0,-14.88
102,2012,246,700,12.7,0,0,2.3495,0,-14.61
102,2012,246,800,12.7,0,0,5.7512,0,-15.01
102,2012,246,900,12.7,0,0,70.773,0,-14.11
102,2012,246,1000,12.71,0,0,162.8,0,-14.92
102,2012,246,1100,12.72,0,820.32,233.95,0,-15.3
102,2012,246,1200,12.74,0,583.23,210.48,0,-15.17
102,2012,246,1300,12.75,0,1638.3,224.64,0,-15.11
102,2012,246,1400,12.76,0,1719.9,176.98,0,-15.73
102,2012,246,1500,12.75,6.8108,150.26,15.322,0,-15.25
102,2012,246,1600,12.73,0,0,34.858,0,-15.22
102,2012,246,1700,12.73,0,0,58.608,0,-16.14
102,2012,246,1800,12.73,0,1270.6,69.759,0,-16.05
102,2012,246,1900,12.72,0,193.77,29.391,0,-15.88
102,2012,246,2000,12.72,0,0,3.4563,0,-15.47
102,2012,246,2100,12.71,0,0,3.6777,0,-15.66
102,2012,246,2200,12.71,0,0,3.5751,0,-15.97
102,2012,246,2300,12.7,0,0,2.7843,0,-15.91
101,2012,246,2400,12.7,6.8108,6894.1,1326.7,0
102,2012,246,2400,12.7,0,517.8,2.9586,0,-15.73
102,2012,247,100,12.69,0,0,3.0931,0,-15.47
102,2012,247,200,12.69,0,0,2.476,0,-16.15
102,2012,247,300,12.69,0,0,3.7733,0,-16.56
102,2012,247,400,12.69,0,0,4.3587,0,-16.56
102,2012,247,500,12.68,0,0,1.9222,0,-14.7
102,2012,247,600,12.68,0,0,3.52,0,-15.59
102,2012,247,700,12.68,0,695.85,4.5642,0,-15.07
102,2012,247,800,12.68,0,3179,6.7869,0,-15.61
102,2012,247,900,12.68,0,3363.6,51.48,0,-15.14
102,2012,247,1000,12.71,0,0,147.41,0,-14.79
102,2012,247,1100,12.71,0,1311.8,223.93,0,-15.81
102,2012,247,1200,12.73,0,406.04,247.23,0,-16.3
102,2012,247,1300,12.75,0,2097.9,320.43,0,-15.85
102,2012,247,1400,12.76,0,2794.6,305.92,0,-16.34
102,2012,247,1500,12.77,0,0,333.95,0,-16.01
102,2012,247,1600,12.78,0,0,250.71,0,-15.67
102,2012,247,1700,12.78,0,0,254.15,0,-16.13
102,2012,247,1800,12.77,0,0,192.93,0,-15.45
102,2012,247,1900,12.76,0,0,70.729,0,-17.56
102,2012,247,2000,12.76,0,0,2.5471,0,-17.53
102,2012,247,2100,12.75,0,0,1.2893,0,-16.43
102,2012,247,2200,12.73,0,1670.8,2.4364,0,-15.55
102,2012,247,2300,12.73,0,0,3.425,0,-14.98
101,2012,247,2400,12.68,0,15520,2443.8,0
102,2012,247,2400,12.72,0,0,4.6746,0,-15.47
102,2012,248,100,12.72,0,0,4.6982,0,-15.22
102,2012,248,200,12.71,0,0,4.3026,0,-14.52
102,2012,248,300,12.71,0,0,2.8789,0,-15.57
102,2012,248,400,12.7,0,634.82,3.3852,0,-14.99
102,2012,248,500,12.7,0,0,3.0849,0,-14.73
102,2012,248,600,12.69,.08702,0,3.0851,0,-15.18
102,2012,248,700,12.69,0,0,2.5473,0,-15.84
102,2012,248,800,12.69,115.4,0,7.4441,0,-15.36
102,2012,248,900,12.69,328.44,0,63.916,0,-15.17
102,2012,248,1000,12.73,188.39,324.73,129.66,0,-15.32
102,2012,248,1100,12.72,0,1315.6,235.75,0,-15.19
102,2012,248,1200,12.74,0,701.4,298.13,0,-15.51
102,2012,248,1300,12.75,0,1640.7,231.92,0,-15.83
102,2012,248,1400,12.75,0,76.663,101.62,0,-15.87
102,2012,248,1500,12.75,0,137.41,329.62,0,-15.58
102,2012,248,1600,12.76,0,0,106.98,0,-15.59
102,2012,248,1700,12.81,0,0,182.65,0,-16.28
102,2012,248,1800,12.99,0,0,119.48,0,-15.81
102,2012,248,1900,12.88,0,2696.2,37.019,0,-15.47
102,2012,248,2000,12.82,0,3202.4,6.4548,0,-16.25
102,2012,248,2100,12.79,0,1014.9,2.3414,0,-16.32
102,2012,248,2200,12.77,0,0,2.2701,0,-16.61
102,2012,248,2300,12.75,0,0,2.2384,0,-14.87
101,2012,248,2400,12.69,839.33,12072,1883.7,0
102,2012,248,2400,12.75,207.03,327.61,2.2463,0,-15.47
102,2012,249,100,12.73,610.61,88.099,2.7524,0,-14.89
102,2012,249,200,12.72,1667.2,117.4,2.2699,0,-15.06
102,2012,249,300,12.71,1685,0,1.7558,0,-15.25
102,2012,249,400,12.71,2262.9,0,1.1389,0,-14.91
102,2012,249,500,12.71,1886.9,0,1.0045,0,-14.66
102,2012,249,600,12.7,2269.5,0,1.0994,0,-14.76
102,2012,249,700,12.7,350.21,0,1.3129,0,-14.87
102,2012,249,800,12.69,94.212,0,2.1197,0,-13.78
102,2012,249,900,12.69,0,0,10.97,0,-15.11
102,2012,249,1000,12.71,76.971,1427.5,42.788,0,-15.17
102,2012,249,1100,12.77,0,2435.4,90.226,0,-16.66
102,2012,249,1200,12.74,285.55,2981,191.04,0,-16.88
102,2012,249,1300,12.73,0,540.09,264.22,0,-16.75
102,2012,249,1400,12.74,0,675.26,284.69,0,-17.59
102,2012,249,1500,12.74,0,3346,86.05,0,-16.79
102,2012,249,1600,12.74,51.607,147.61,22.647,0,-17.07
102,2012,249,1700,12.78,0,0,42.034,0,-17.28
102,2012,249,1800,12.77,0,100.95,38.355,0,-18.08
102,2012,249,1900,12.79,0,342.04,23.088,0,-18.19
102,2012,249,2000,12.75,0,0,7.4823,0,-18.13
102,2012,249,2100,12.72,0,0,4.7059,0,-18.31
102,2012,249,2200,12.71,0,0,4.9275,0,-18.6
102,2012,249,2300,12.7,0,0,4.9829,0,-18.39
101,2012,249,2400,12.69,11241,12201,1135.5,0
102,2012,249,2400,12.69,0,0,3.8837,0,-18.51
102,2012,250,100,12.69,0,0,3.8047,0,-18.65
102,2012,250,200,12.69,0,0,4.5799,0,-18.79
102,2012,250,300,12.69,0,0,4.7463,0,-18.74
102,2012,250,400,12.68,0,0,4.7226,0,-18.67
102,2012,250,500,12.68,0,0,3.7496,0,-17.32
102,2012,250,600,12.68,0,0,2.8558,0,-18.25
102,2012,250,700,12.68,0,0,2.2625,0,-17.83
102,2012,250,800,12.68,0,0,5.0155,0,-16.26
102,2012,250,900,12.78,0,0,37.734,0,-15.54
102,2012,250,1000,12.73,0,824.47,75.62,0,-15.49
102,2012,250,1100,12.71,0,529.61,103.43,0,-15.06
102,2012,250,1200,12.71,0,1771.7,147.18,0,-14.58
102,2012,250,1300,12.72,0,59.396,207.83,0,-14.93
102,2012,250,1400,12.72,0,117.13,251.88,0,-14.55
102,2012,250,1500,12.73,0,2956.2,300.71,0,-13.82
102,2012,250,1600,12.74,0,1242,186.59,0,-14.59
102,2012,250,1700,12.74,0,302.28,132.23,0,-15.02
102,2012,250,1800,12.74,0,88.193,74.772,0,-15.14
102,2012,250,1900,12.72,0,2913.5,40.492,0,-14.97
102,2012,250,2000,12.71,0,391.55,7.3089,0,-14.81
102,2012,250,2100,12.7,0,0,3.765,0,-15.23
102,2012,250,2200,12.69,0,0,4.445,0,-16.65
102,2012,250,2300,12.69,0,0,4.3738,0,-17.04
101,2012,250,2400,12.68,0,11196,1613.9,0
102,2012,250,2400,12.69,0,0,3.844,0,-16.71
102,2012,251,100,12.68,0,204.84,3.0453,0,-15.86
102,2012,251,200,12.68,0,1190.5,3.4092,0,-16.01
102,2012,251,300,12.68,2.571,1943.9,3.0772,0,-16.02
102,2012,251,400,12.67,142.87,0,2.9903,0,-15.98
102,2012,251,500,12.67,0,0,3.5045,0,-16.22
102,2012,251,600,12.67,283.4,0,4.5724,0,-15.81
102,2012,251,700,12.66,68.616,0,2.1596,0,-16.04
102,2012,251,800,12.66,196.74,0,7.3805,0,-16.01
102,2012,251,900,12.67,1386.8,369.39,71.852,0,-15.88
102,2012,251,1000,12.67,2258.8,732.58,154.94,0,-15.92
102,2012,251,1100,12.69,163.75,1806.7,229.34,0,-15.64
102,2012,251,1200,13.24,0,0,239.87,0,-15.23
102,2012,251,1300,13.23,0,0,186.68,0,-15.18
102,2012,251,1400,13.23,0,0,209.53,0,-14.98
102,2012,251,1500,13.21,0,111.35,233.12,0,-15.08
102,2012,251,1600,13.22,0,84.81,182.55,0,-14.13
102,2012,251,1700,13.22,0,0,96.096,0,-14.38
102,2012,251,1800,13.25,0,9.3524,26.15,0,-11.13
102,2012,251,1900,13.28,0,0,14.816,0,-11.5
102,2012,251,2000,13.31,0,0,3.2431,0,-12.48
102,2012,251,2100,13.33,0,41.275,3.4327,0,-11.84
102,2012,251,2200,13.36,0,0,3.6225,0,-12.28
102,2012,251,2300,13.38,0,0,4.3977,0,-11.93
101,2012,251,2400,12.66,4503.6,6509.2,1692.8,0
102,2012,251,2400,13.39,0,14.603,3.0453,0,-11.89
102,2012,252,100,13.4,0,362.74,3.6228,0,-11.66
102,2012,252,200,13.4,0,0,2.373,0,-11.64
102,2012,252,300,13.42,41.555,1405.1,2.555,0,-11.55
102,2012,252,400,13.42,1066.7,52.934,3.5836,0,-11.6
102,2012,252,500,13.43,930.67,265.02,2.3732,0,-12.16
102,2012,252,600,13.44,1056.3,0,2.2545,0,-11.61
102,2012,252,700,13.45,0,0,3.5281,0,-12.46
102,2012,252,800,13.45,0,93.949,6.7873,0,-12.56
102,2012,252,900,13.43,0,0,43.042,0,-11.51
102,2012,252,1000,13.36,0,22.077,129.31,0,-11.4
102,2012,252,1100,13.3,20.113,0,216.94,0,-11.28
102,2012,252,1200,13.1,0,161.62,227.01,0,-11.29
102,2012,252,1300,13.04,0,775.61,287.21,0,-11.6
102,2012,252,1400,13.22,0,626.5,286.51,0,-11.74
102,2012,252,1500,13.11,0,0,263.56,0,-12.25
102,2012,252,1600,13.2,0,0,245.89,0,-14.28
102,2012,252,1700,13.2,0,241.85,79.565,0,-14.66
102,2012,252,1800,13.28,0,562.42,29.402,0,-17.73
102,2012,252,1900,13.32,0,151.34,10.441,0,-17.61
102,2012,252,2000,13.34,0,0,6.2959,0,-16.97
102,2012,252,2100,13.37,0,0,4.9354,0,-16.76
102,2012,252,2200,13.38,0,0,4.5558,0,-15.5
102,2012,252,2300,13.39,0,0,4.4136,0,-14.78
101,2012,252,2400,13.04,3115.3,4721.2,1869.9,0
102,2012,252,2400,13.4,0,0,3.7886,0,-14.04
102,2012,253,100,13.4,0,0,4.2159,0,-18.8
102,2012,253,200,13.41,0,0,4.3424,0,-18.67
102,2012,253,300,13.42,0,0,4.2239,0,-19.16
102,2012,253,400,13.42,0,0,3.1482,0,-20.51
102,2012,253,500,13.44,0,762.82,3.1088,0,-20.47
102,2012,253,600,13.45,0,1537.6,2.9428,0,-20.78
102,2012,253,700,13.45,0,291.36,2.571,0,-20.69
102,2012,253,800,13.46,0,0,5.5612,0,-17.25
102,2012,253,900,13.44,0,483.32,42.718,0,-17.15
102,2012,253,1000,13.35,0,0,128.24,0,-15.52
102,2012,253,1100,13.32,0,282.34,188.42,0,-14.35
102,2012,253,1200,13.28,0,207.78,228.51,0,-14.42
102,2012,253,1300,13.25,0,723.29,281.4,0,-14.85
102,2012,253,1400,13.22,0,262.92,294.77,0,-14.87
102,2012,253,1500,13.22,0,185.74,200.95,0,-14.28
102,2012,253,1600,13.24,4.0343,61.515,96.546,0,-14.84
102,2012,253,1700,13.28,0,0,19.957,0,-14.91
102,2012,253,1800,13.36,0,225.49,15.162,0,-15.1
102,2012,253,1900,13.38,0,36.328,10.892,0,-14.58
102,2012,253,2000,13.39,0,26.82,5.0781,0,-14.1
102,2012,253,2100,13.4,0,0,4.5957,0,-14.19
102,2012,253,2200,12.86,0,83.177,4.0102,0,-15.59
102,2012,253,2300,12.84,0,632.4,3.5594,0,-15.54
101,2012,253,2400,12.84,4.0343,5802.9,1558.7,0
102,2012,253,2400,12.84,0,0,3.7891,0,-15.48
102,2012,254,100,12.84,0,0,3.3463,0,-15.8
102,2012,254,200,12.83,0,0,3.726,0,-14.9
102,2012,254,300,12.82,0,0,2.4444,0,-14.64
102,2012,254,400,12.82,0,0,1.8748,0,-14.2
102,2012,254,500,12.83,0,0,1.7561,0,-13.96
102,2012,254,600,12.82,0,0,1.9539,0,-14.63
102,2012,254,700,12.82,0,0,2.3573,0,-14.67
102,2012,254,800,12.82,0,0,4.5328,0,-14.8
102,2012,254,900,12.83,0,0,25.101,.15,-14.78
102,2012,254,1000,13.41,0,0,69.162,0,-14.4
102,2012,254,1100,13.39,0,556.25,114.73,0,-14.83
102,2012,254,1200,13.33,0,229.57,218.75,0,-14.48
102,2012,254,1300,13.27,0,2219.4,319.04,0,-13.73
102,2012,254,1400,13.25,0,2658.7,322.82,0,-14.2
102,2012,254,1500,13.23,0,611.68,156.82,0,-14.23
102,2012,254,1600,13.24,41.933,377.33,186.65,0,-11.63
102,2012,254,1700,13.29,0,0,32.858,0,-11.74
102,2012,254,1800,13.32,0,0,58.987,0,-11.65
102,2012,254,1900,13.34,0,0,36.196,0,-12.67
102,2012,254,2000,13.35,0,0,8.9776,0,-12.43
102,2012,254,2100,13.38,0,0,3.0214,0,-12.36
102,2012,254,2200,13.4,0,1631.9,2.2937,0,-12.47
102,2012,254,2300,13.41,0,2597.8,2.61,0,-12.43
101,2012,254,2400,12.82,41.933,14469,1581.8,.15
102,2012,254,2400,13.41,0,3586.4,1.7638,0,-12.16
102,2012,255,100,13.42,0,3046.2,2.2938,0,-13.32
102,2012,255,200,13.43,0,1121.8,2.5944,0,-12.51
102,2012,255,300,13.44,0,163.13,3.2431,0,-12.27
102,2012,255,400,13.45,0,3552.2,3.8125,0,-12.41
102,2012,255,500,13.46,0,1997.3,3.8521,0,-12.77
102,2012,255,600,13.46,0,2939.1,2.9979,0,-12.77
102,2012,255,700,13.47,0,534.55,3.4175,0,-13
102,2012,255,800,13.47,0,231.59,6.7717,0,-13.91
102,2012,255,900,13.47,0,72.808,22.182,0,-13.66
102,2012,255,1000,13.46,0,891.41,51.06,0,-13.07
102,2012,255,1100,13.39,0,0,163.77,0,-12.67
102,2012,255,1200,13.34,0,0,194.24,0,-12.35
102,2012,255,1300,13.32,0,0,268.74,0,-12.98
102,2012,255,1400,13.27,0,1302.4,317.38,0,-8.22
102,2012,255,1500,13.25,0,944.84,157.79,0,-7.8
102,2012,255,1600,13.27,0,307.77,150.82,0,-7.75
102,2012,255,1700,13.29,0,0,214.12,0,-8.1
102,2012,255,1800,13.28,0,0,107.27,0,-7.44
102,2012,255,1900,13.31,0,0,22.155,0,-7.53
102,2012,255,2000,13.34,0,0,2.555,0,-7.67
102,2012,255,2100,13.37,0,585.5,2.9661,0,-7.66
102,2012,255,2200,13.39,0,686.26,3.9072,0,-9.96
102,2012,255,2300,13.41,0,0,3.6621,0,-12.67
101,2012,255,2400,13.25,0,18377,1714.8,0
102,2012,255,2400,13.43,0,0,3.1481,0,-13.28
102,2012,256,100,13.45,0,0,3.0532,0,-13.24
102,2012,256,200,13.45,0,0,3.1481,0,-13.19
102,2012,256,300,13.45,0,0,2.808,0,-13
102,2012,256,400,13.46,0,0,3.1956,0,-13.28
102,2012,256,500,13.47,0,1291.3,2.65,0,-14.19
102,2012,256,600,13.48,0,0,3.3067,0,-13.98
102,2012,256,700,13.48,0,0,1.4239,0,-14.12
102,2012,256,800,13.48,0,0,3.1643,0,-14
102,2012,256,900,13.48,63.911,0,35.764,0,-11.86
102,2012,256,1000,13.41,0,109.96,106.18,0,-8.09
102,2012,256,1100,13.35,0,0,197.55,0,-9.34
102,2012,256,1200,13.3,0,0,230.15,0,-9.25
102,2012,256,1300,13.31,0,68.347,27.866,0,-9.57
102,2012,256,1400,13.36,0,0,119.45,0,-10.11
102,2012,256,1500,13.33,0,86.088,273.22,0,-7.26
102,2012,256,1600,13.32,0,0,189.68,0,-7.2
102,2012,256,1700,13.32,0,0,141.57,0,-7.16
102,2012,256,1800,13.34,0,0,113.67,0,-7.22
102,2012,256,1900,13.34,0,0,56.962,0,-7.7
102,2012,256,2000,13.35,0,622.53,6.3202,0,-9.55
102,2012,256,2100,13.38,0,110.87,4.2475,0,-9.88
102,2012,256,2200,13.4,0,0,5.3626,0,-9.53
102,2012,256,2300,13.42,0,0,3.8202,0,-9.51
101,2012,256,2400,13.3,63.911,2289.1,1538.3,0
102,2012,256,2400,13.42,0,0,3.6778,0,-9.49
102,2012,257,100,13.43,0,0,3.2665,0,-9.8
102,2012,257,200,13.44,0,136.02,3.5041,0,-10.03
102,2012,257,300,13.45,0,1621.5,3.069,0,-10.36
102,2012,257,400,13.46,0,0,3.0849,0,-10.94
102,2012,257,500,13.48,0,0,2.4524,0,-11.43
102,2012,257,600,13.48,0,0,1.7483,0,-11.46
102,2012,257,700,13.48,0,0,2.1913,0,-11.29
102,2012,257,800,13.48,0,0,7.4994,0,-10.97
102,2012,257,900,13.47,0,0,42.464,0,-10.68
102,2012,257,1000,13.39,0,124.32,134.85,0,-9.79
102,2012,257,1100,13.33,0,0,246.14,0,-7.15
102,2012,257,1200,13.29,0,1011.5,274.74,0,-7.69
102,2012,257,1300,13.27,0,2015.2,282.98,0,-11.45
102,2012,257,1400,13.27,0,1972.1,294.37,0,-7.55
102,2012,257,1500,13.26,0,864.54,347.6,0,-9.66
102,2012,257,1600,13.26,0,0,293.21,0,-8.19
102,2012,257,1700,13.27,0,0,160.69,0,-9.1
102,2012,257,1800,13.29,0,0,161.79,0,-11.42
102,2012,257,1900,13.3,0,0,88.107,0,-8.15
102,2012,257,2000,13.32,0,0,4.1763,0,-7.5
102,2012,257,2100,13.35,0,0,4.6274,0,-7.91
102,2012,257,2200,13.38,0,0,3.6543,0,-7.99
102,2012,257,2300,13.39,0,0,3.3457,0,-8.16
101,2012,257,2400,13.26,0,7745.1,2373.2,0
102,2012,257,2400,13.4,0,0,3.6225,0,-9.03
102,2012,258,100,13.41,0,370.11,4.88,0,-10.17
102,2012,258,200,13.42,0,310.83,3.9547,0,-10.53
102,2012,258,300,13.44,0,0,4.8013,0,-10.41
102,2012,258,400,13.45,0,0,4.0341,0,-9.88
102,2012,258,500,13.46,0,0,3.686,0,-9.6
102,2012,258,600,13.47,0,0,3.3617,0,-9.61
102,2012,258,700,13.48,0,708.56,3.6864,0,-9.37
102,2012,258,800,13.48,37.575,0,12.325,0,-8.61
102,2012,258,900,13.46,1672,133.21,43.981,0,-8.63
102,2012,258,1000,13.4,960.36,53.453,133.68,0,-8.77
102,2012,258,1100,13.37,0,0,110.35,0,-8.63
102,2012,258,1200,13.32,0,69.442,215.55,0,-8.61
102,2012,258,1300,13.3,0,86.587,280.3,0,-8.49
102,2012,258,1400,13.28,0,0,274.48,0,-8.92
102,2012,258,1500,13.27,0,0,190.16,0,-9.64
102,2012,258,1600,13.27,0,0,208.75,0,-9.81
102,2012,258,1700,13.29,0,0,160.29,0,-9.9
102,2012,258,1800,13.3,0,0,124.53,0,-10.06
102,2012,258,1900,13.3,0,0,102.31,0,-9.55
102,2012,258,2000,13.32,0,79.84,2.6576,0,-9.57
102,2012,258,2100,13.35,0,0,4.754,0,-10.53
102,2012,258,2200,13.37,0,0,3.4092,0,-10.54
102,2012,258,2300,13.37,0,0,2.8712,0,-11.16
101,2012,258,2400,13.27,2670,2288.8,1901.8,0
102,2012,258,2400,13.39,0,476.77,3.0215,0,-11.83
102,2012,259,100,13.4,0,147.08,3.0451,0,-12.86
102,2012,259,200,13.41,0,0,3.67,0,-13.43
102,2012,259,300,13.43,0,0,4.6351,0,-14.09
102,2012,259,400,13.44,0,0,4.0103,0,-14.06
102,2012,259,500,13.45,0,0,3.2826,0,-13.8
102,2012,259,600,13.45,0,0,2.8793,0,-13.54
102,2012,259,700,13.45,0,0,3.1007,0,-12.26
102,2012,259,800,13.46,0,0,12.775,0,-12.33
102,2012,259,900,13.42,1083.8,37.682,73.039,0,-11.81
102,2012,259,1000,13.37,342.98,0,157.52,0,-11.18
102,2012,259,1100,13.32,80.211,0,214.16,0,-11.23
102,2012,259,1200,13.29,0,0,270.7,0,-12.17
102,2012,259,1300,13.26,0,0,344.16,0,-11.6
102,2012,259,1400,13.26,0,102.43,105.44,0,-11.27
102,2012,259,1500,13.31,0,0,23.026,0,-7.44
102,2012,259,1600,13.36,0,0,106.97,0,-5.89
102,2012,259,1700,13.35,0,0,98.392,0,-8.31
102,2012,259,1800,13.34,0,1305.5,72.623,0,-8.09
102,2012,259,1900,13.34,0,0,33.911,0,-8.37
102,2012,259,2000,13.35,0,576.14,1.3606,0,-8.78
102,2012,259,2100,13.19,0,0,4.643,0,-8.45
102,2012,259,2200,12.81,0,0,2.1752,0,-20.36
102,2012,259,2300,12.79,0,1313.6,.92546,0,-20.25
101,2012,259,2400,12.78,1507,7079.8,1547.7,0
102,2012,259,2400,12.78,0,3597.4,1.2498,0,-19.79
102,2012,260,100,12.76,0,1236.6,1.5266,0,-19.6
102,2012,260,200,12.73,0,0,1.1153,0,-19.45
102,2012,260,300,12.77,0,0,1.7007,0,-20.05
102,2012,260,400,12.77,0,0,1.2103,0,-21.73
102,2012,260,500,12.77,0,0,3.2671,0,-21.83
102,2012,260,600,12.76,0,0,2.8795,0,-22.46
102,2012,260,700,12.77,0,0,3.0219,0,-22.51
102,2012,260,800,12.77,0,0,11.004,0,-22.07
102,2012,260,900,12.77,0,0,63.842,0,-22.44
102,2012,260,1000,12.78,0,1131.8,199.85,0,-22.22
102,2012,260,1100,12.8,0,392.45,272.37,0,-22.39
102,2012,260,1200,12.84,0,0,334.99,0,-21.55
102,2012,260,1300,12.85,0,329.29,395.79,0,-21.24
102,2012,260,1400,12.86,0,2678.9,253.74,0,-22.05
102,2012,260,1500,12.86,0,1585.5,352.62,0,-22.07
102,2012,260,1600,12.87,0,0,273.27,0,-23
102,2012,260,1700,13.23,0,0,205.04,0,-23.42
102,2012,260,1800,13.25,45.062,47.873,49.137,0,-23.08
102,2012,260,1900,13.28,0,279.07,16.895,0,-23.3
102,2012,260,2000,13.33,0,0,7.0871,0,-23.43
102,2012,260,2100,13.37,0,0,4.6903,0,-23.49
102,2012,260,2200,13.4,0,0,3.9548,0,-23.37
102,2012,260,2300,13.41,0,0,5.2916,.083,-23.37
101,2012,260,2400,12.73,45.062,7681.4,2468.9,.083
102,2012,260,2400,13.42,0,0,4.5481,0,-23.29
102,2012,261,100,13.44,0,0,4.7143,0,-23.26
102,2012,261,200,13.46,0,0,3.9471,0,-23.38
102,2012,261,300,13.47,0,40.326,3.6152,0,-23.4
102,2012,261,400,13.47,0,12.198,3.0377,0,-23.58
102,2012,261,500,13.49,0,0,2.6896,0,-23.98
102,2012,261,600,13.5,0,0,2.7212,0,-23.89
102,2012,261,700,13.51,0,0,3.2907,0,-24.25
102,2012,261,800,13.51,0,303.72,8.5115,0,-23.83
102,2012,261,900,13.47,0,3564.9,49.25,0,-24.18
102,2012,261,1000,13.38,0,0,204.46,0,-24.23
102,2012,261,1100,13.32,0,391.64,265.1,0,-24.05
102,2012,261,1200,13.27,0,54.01,312.74,0,-24.08
102,2012,261,1300,13.24,0,2121.2,359.73,0,-23.74
102,2012,261,1400,13.22,0,0,309.88,0,-23.92
102,2012,261,1500,13.2,0,0,383.76,0,-23.98
102,2012,261,1600,13.2,0,30.945,197.28,0,-23.34
102,2012,261,1700,13.28,0,0,265.34,0,-23.01
102,2012,261,1800,13.28,0,80.973,172.64,0,-23.16
102,2012,261,1900,13.33,0,0,20.424,0,-22.96
102,2012,261,2000,13.37,0,0,3.9469,0,-23.3
102,2012,261,2100,13.39,0,215.38,3.7491,0,-23.19
102,2012,261,2200,13.4,0,0,4.9198,0,-22.93
102,2012,261,2300,13.42,0,0,4.7144,0,-22.84
101,2012,261,2400,13.2,0,6815.3,2594.6,0
102,2012,261,2400,13.43,0,0,4.0974,0,-22.97
102,2012,262,100,13.44,0,0,3.3143,0,-23.01
102,2012,262,200,13.45,0,932.17,4.6352,0,-22.75
102,2012,262,300,13.47,0,0,3.7337,0,-22.59
102,2012,262,400,13.48,0,0,3.37,0,-22.6
102,2012,262,500,13.49,0,0,3.2433,0,-22.22
102,2012,262,600,13.51,0,0,3.6862,0,-22.44
102,2012,262,700,13.51,0,0,2.6025,0,-22.39
102,2012,262,800,13.51,0,0,14.46,0,-22.71
102,2012,262,900,13.45,0,84.965,97.038,0,-22.9
102,2012,262,1000,13.39,0,28.088,183.9,0,-21.46
102,2012,262,1100,13.32,0,0,274.59,0,-21.58
102,2012,262,1200,13.28,0,0,283.9,0,-21.33
102,2012,262,1300,13.26,0,318.61,327.51,0,-21.64
102,2012,262,1400,13.26,57.446,541.08,195.82,0,-19.05
102,2012,262,1500,12.85,0,103.42,16.73,0,-14.41
102,2012,262,1600,12.84,0,0,109.34,0,-19.42
102,2012,262,1700,13.34,0,229.76,124.53,0,-19.51
102,2012,262,1800,13.36,0,167.22,56.92,0,-20.51
102,2012,262,1900,13.39,0,19.444,55.359,0,-20.2
102,2012,262,2000,13.39,0,0,12.157,0,-20.37
102,2012,262,2100,13.42,0,0,5.9007,0,-20.11
102,2012,262,2200,13.44,0,0,4.7539,0,-20.24
102,2012,262,2300,13.46,0,0,3.686,0,-20.7
101,2012,262,2400,12.84,57.446,2424.7,1794.9,0
102,2012,262,2400,13.47,0,0,3.7415,0,-20.49
102,2012,263,100,13.48,0,0,4.2085,0,-20.51
102,2012,263,200,13.49,0,0,3.7022,0,-20.32
102,2012,263,300,13.5,0,0,4.0739,0,-20.34
102,2012,263,400,13.51,0,0,2.911,0,-20.07
102,2012,263,500,13.52,0,0,2.7528,0,-20.24
102,2012,263,600,13.53,0,0,3.5437,0,-20.52
102,2012,263,700,13.53,0,0,3.0058,0,-20.42
102,2012,263,800,13.54,0,0,5.2759,0,-20.64
102,2012,263,900,13.51,0,0,45.001,0,-22.27
102,2012,263,1000,13.43,0,141.63,162.84,0,-22.99
102,2012,263,1100,13.35,0,809.72,277.44,0,-22.97
102,2012,263,1200,13.28,0,228.73,328.4,0,-22.9
102,2012,263,1300,13.26,0,2057.4,338.92,0,-22.87
102,2012,263,1400,13.24,64.704,2246.6,371.39,0,-22.98
102,2012,263,1500,13.24,0,394.32,48.896,0,-19.78
102,2012,263,1600,13.33,0,0,51.905,0,-21.95
102,2012,263,1700,13.38,0,185.22,88.058,0,-22.37
102,2012,263,1800,13.37,0,0,73.781,0,-22.84
102,2012,263,1900,13.38,0,0,26.687,0,-22.71
102,2012,263,2000,13.4,0,0,5.157,0,-22.83
102,2012,263,2100,13.42,0,0,4.0499,0,-22.72
102,2012,263,2200,13.44,0,9.2159,4.1132,0,-23
102,2012,263,2300,13.46,0,284.17,3.8521,0,-23.17
101,2012,263,2400,13.24,64.704,6357,1863.6,0
102,2012,263,2400,13.47,0,0,3.6151,0,-23.11
102,2012,264,100,13.49,0,0,3.1959,0,-22.93
102,2012,264,200,13.5,0,0,3.5993,0,-23.07
102,2012,264,300,13.51,0,0,3.1641,0,-22.9
102,2012,264,400,13.53,0,0,3.4567,0,-22.78
102,2012,264,500,13.53,0,0,3.1245,0,-22.78
102,2012,264,600,13.54,0,0,2.8555,0,-22.77
102,2012,264,700,13.55,0,0,3.4724,0,-23.01
102,2012,264,800,13.54,0,0,12.608,0,-23.01
102,2012,264,900,13.49,0,0,78.634,0,-23.28
102,2012,264,1000,13.42,0,317.68,174.32,0,-23.51
102,2012,264,1100,13.21,0,1418.4,263.97,0,-23.29
102,2012,264,1200,13.29,0,536.54,330.89,0,-23.3
102,2012,264,1300,13.26,0,1450.5,355.63,0,-23.19
102,2012,264,1400,13.24,0,1080.3,367.01,0,-22.39
102,2012,264,1500,13.22,0,0,382.45,0,-23.21
102,2012,264,1600,13.23,0,0,323.53,0,-23.28
102,2012,264,1700,13.24,0,0,214.37,0,-21.58
102,2012,264,1800,13.29,0,0,238.36,0,-11.99
102,2012,264,1900,13.3,0,0,95.661,0,-12.27
102,2012,264,2000,13.32,0,0,6.834,0,-12.14
102,2012,264,2100,13.35,0,0,4.3663,0,-11.86
102,2012,264,2200,13.39,0,0,5.1729,0,-11.75
102,2012,264,2300,13.41,0,186.34,5.11,0,-12.34
101,2012,264,2400,13.21,0,5322.7,2885.9,0
102,2012,264,2400,13.42,0,332.98,4.1212,0,-11.76
102,2012,265,100,13.44,0,1077.1,3.172,0,-11.65
102,2012,265,200,13.45,0,0,3.0691,0,-12.42
102,2012,265,300,13.47,0,188.79,2.998,0,-13.71
102,2012,265,400,13.49,0,357.21,3.7813,0,-13.43
102,2012,265,500,13.5,0,0,3.9632,0,-13.47
102,2012,265,600,13.51,10.703,319.32,3.0297,0,-14.22
102,2012,265,700,13.52,0,0,3.441,0,-14.3
102,2012,265,800,13.52,0,0,14.468,0,-14.23
102,2012,265,900,13.45,0,449.25,117.5,0,-13.52
102,2012,265,1000,13.36,0,0,234.64,0,-13.11
102,2012,265,1100,13.3,0,269.96,306.31,0,-13.14
102,2012,265,1200,13.26,0,560.55,377.77,0,-12.73
102,2012,265,1300,13.23,0,0,425.95,0,-11.66
102,2012,265,1400,13.22,0,0,402.45,0,-11.29
102,2012,265,1500,13.21,0,0,426.42,0,-10.93
102,2012,265,1600,13.21,0,0,259.29,0,-10.76
102,2012,265,1700,13.25,0,0,157.29,0,-11.29
102,2012,265,1800,13.27,0,0,76.311,0,-11.3
102,2012,265,1900,13.29,0,0,38.664,0,-11.38
102,2012,265,2000,13.31,0,0,8.2577,0,-12.12
102,2012,265,2100,13.34,0,0,2.1119,0,-13.07
102,2012,265,2200,12.83,0,7.4136,3.7888,0,-13.42
102,2012,265,2300,12.8,4.6667,0,5.1889,0,-13.04
101,2012,265,2400,12.8,15.369,3229.6,2885.5,0
102,2012,265,2400,13.39,0,0,5.6557,0,-13.07
102,2012,266,100,13.42,0,0,3.7653,0,-13.31
102,2012,266,200,13.44,0,1271.9,3.5042,0,-13.25
102,2012,266,300,13.46,158.7,442.58,4.7459,0,-13.06
102,2012,266,400,13.47,820.23,121.35,3.6703,0,-13.1
102,2012,266,500,13.49,0,0,3.1801,0,-12.66
102,2012,266,600,13.5,0,0,3.2987,0,-12.72
102,2012,266,700,13.51,0,0,2.5551,0,-11.83
102,2012,266,800,12.93,0,0,13.748,0,-11.38
102,2012,266,900,12.82,253.49,331.87,107.47,0,-11.53
102,2012,266,1000,12.8,478.4,639.54,223.29,0,-11.54
102,2012,266,1100,12.8,0,649.3,306.87,0,-11.37
102,2012,266,1200,12.82,0,2238.6,361.04,0,-11.18
102,2012,266,1300,12.83,0,730.59,341.67,0,-11.14
102,2012,266,1400,12.84,0,0,418.78,0,-11.3
102,2012,266,1500,12.86,0,0,352.47,0,-11.94
102,2012,266,1600,13.18,0,0,407.54,0,-12.43
102,2012,266,1700,13.21,0,0,232.04,0,-12.63
102,2012,266,1800,13.24,0,0,129.3,0,-12.43
102,2012,266,1900,13.27,0,0,100.81,0,-12.22
102,2012,266,2000,13.29,0,0,7.8706,0,-11.94
102,2012,266,2100,13.32,0,0,2.7447,0,-11.83
102,2012,266,2200,13.35,0,0,3.3302,0,-11.97
102,2012,266,2300,13.38,0,0,2.5391,0,-12.51
101,2012,266,2400,12.8,1710.8,6598.8,3039.9,0
102,2012,266,2400,13.39,0,173.06,3.6069,0,-12.59
102,2012,267,100,13.42,0,813.04,4.0975,0,-12.79
102,2012,267,200,13.43,0,1067.4,3.876,0,-12.81
102,2012,267,300,13.44,0,926.49,3.7811,0,-12.76
102,2012,267,400,13.45,0,969.96,2.8081,0,-12.74
102,2012,267,500,13.46,0,121.48,3.1403,0,-12.85
102,2012,267,600,13.46,0,0,2.7368,0,-13.04
102,2012,267,700,13.47,0,0,2.9662,0,-12.63
102,2012,267,800,13.48,10.568,0,12.759,0,-13.19
102,2012,267,900,13.44,21.856,291.73,90.435,0,-13.54
102,2012,267,1000,13.41,0,0,157.5,0,-12.66
102,2012,267,1100,13.34,0,0,273.99,0,-12.9
102,2012,267,1200,13.28,0,0,363.14,0,-12.89
102,2012,267,1300,13.25,0,0,347.71,0,-12.75
102,2012,267,1400,13.23,0,0,399.98,0,-12.27
102,2012,267,1500,13.22,0,0,336.51,0,-13.42
102,2012,267,1600,13.25,0,0,201.68,0,-17.39
102,2012,267,1700,13.25,0,0,116.97,0,-17.95
102,2012,267,1800,13.3,0,0,68.373,0,-18.84
102,2012,267,1900,13.31,0,0,41.442,0,-19.56
102,2012,267,2000,13.3,0,0,7.1429,0,-18.34
102,2012,267,2100,13.35,0,0,2.7526,.05,-19.3
102,2012,267,2200,13.37,0,103.51,3.4565,.317,-19.18
102,2012,267,2300,13.39,0,0,3.607,.566,-19.18
101,2012,267,2400,13.22,32.424,4293.6,2454,1.933
102,2012,267,2400,13.4,0,0,3.1798,1,-19.37
102,2012,268,100,13.42,0,0,4.0895,1,-19.79
102,2012,268,200,13.43,0,0,4.2081,1,-18.67
102,2012,268,300,13.43,0,0,3.8996,1,-17.24
102,2012,268,400,13.43,0,0,2.3097,1,-16.75
102,2012,268,500,13.45,0,0,3.0294,1,-15.78
102,2012,268,600,13.45,0,0,2.2622,1,-17
102,2012,268,700,13.46,0,0,2.547,1,-17.13
102,2012,268,800,13.46,0,0,10.164,1,-17.03
102,2012,268,900,13.42,0,220.5,101.57,1,-17.33
102,2012,268,1000,13.36,0,583.49,219.48,.983,-16.91
102,2012,268,1100,13.3,0,0,319.05,.3,-17
102,2012,268,1200,13.27,0,0,344.91,0,-17.38
102,2012,268,1300,13.23,0,0,349.49,0,-17.24
102,2012,268,1400,13.22,0,0,343.16,0,-16.21
102,2012,268,1500,13.2,0,0,362.97,0,-15.76
102,2012,268,1600,13.21,0,0,386.97,0,-15.62
102,2012,268,1700,13.21,0,0,197.22,0,-15.16
102,2012,268,1800,12.85,0,136.36,16.961,.083,-15.97
102,2012,268,1900,13.34,0,0,2.4916,.183,-16.87
102,2012,268,2000,13.38,0,0,1.4634,.417,-15.98
102,2012,268,2100,13.4,0,0,1.5346,.35,-16.35
102,2012,268,2200,13.42,0,0,2.1911,.383,-16.52
102,2012,268,2300,13.43,0,0,2.3335,.383,-16.48
101,2012,268,2400,12.85,0,940.34,2686.7,12.4
102,2012,268,2400,13.44,0,0,2.4047,.317,-18.74
102,2012,269,100,13.45,0,0,2.9267,.283,-19.12
102,2012,269,200,13.46,0,0,2.1198,.233,-18.43
102,2012,269,300,13.47,0,0,1.8035,.117,-18.93
102,2012,269,400,13.47,0,0,1.8274,.05,-18.51
102,2012,269,500,13.47,37.537,0,1.8274,.3,-18.37
102,2012,269,600,13.48,0,0,2.5947,.15,-18.92
102,2012,269,700,13.49,0,0,2.1754,.383,-18.73
102,2012,269,800,13.49,0,0,14.5,.183,-19.22
102,2012,269,900,13.47,0,0,69.052,0,-18.87
102,2012,269,1000,13.4,0,0,203.49,0,-18.13
102,2012,269,1100,13.35,0,1868.6,310.29,0,-18.26
102,2012,269,1200,13.29,0,0,381.51,0,-18.52
102,2012,269,1300,13.27,0,0,314.44,0,-16.62
102,2012,269,1400,13.22,0,0,450.9,0,-16.81
102,2012,269,1500,13.21,0,0,433.82,0,-15.83
102,2012,269,1600,13.2,0,0,345.49,0,-15.37
102,2012,269,1700,13.21,0,247.02,110.98,0,-16.24
102,2012,269,1800,13.27,0,60.702,48.055,0,-17.05
102,2012,269,1900,13.3,0,27.295,19.703,0,-17.64
102,2012,269,2000,13.33,0,0,3.3381,0,-17.65
102,2012,269,2100,12.86,0,629.03,3.1323,0,-17.71
102,2012,269,2200,12.86,0,0,3.0057,0,-17.18
102,2012,269,2300,13.4,0,0,3.0374,0,-18.16
101,2012,269,2400,12.86,37.537,2832.6,2733,1.699
102,2012,269,2400,13.42,0,0,2.99,0,-17.7
102,2012,270,100,13.43,0,0,4.2083,0,-18.53
102,2012,270,200,13.44,0,0,3.3618,0,-19.56
102,2012,270,300,13.45,0,1001,3.0849,0,-20.09
102,2012,270,400,13.46,0,289.09,3.4171,0,-19.32
102,2012,270,500,13.47,331.71,0,3.3066,0,-20.31
102,2012,270,600,13.48,127.57,0,2.8637,0,-20.05
102,2012,270,700,13.49,156.86,0,3.0061,0,-20.23
102,2012,270,800,13.49,0,0,10.379,0,-19.91
102,2012,270,900,13.46,0,44.425,77.816,0,-19.85
102,2012,270,1000,13.42,0,670.63,147.09,0,-19.39
102,2012,270,1100,13.35,0,0,256.16,0,-19.45
102,2012,270,1200,13.29,0,0,357.56,0,-19.31
102,2012,270,1300,13.26,0,0,374.51,0,-17.43
102,2012,270,1400,13.25,0,0,235.19,0,-14.74
102,2012,270,1500,13.27,0,321.65,29.317,0,-14.29
102,2012,270,1600,13.32,0,4.559,21.246,0,-12.06
102,2012,270,1700,13.36,0,0,68.682,0,-11.41
102,2012,270,1800,13.37,0,0,71.765,0,-11.76
102,2012,270,1900,13.38,0,0,59.583,0,-11.52
102,2012,270,2000,13.39,0,0,8.5978,0,-13.53
102,2012,270,2100,13.42,0,0,4.2082,0,-13.62
102,2012,270,2200,13.44,0,0,3.1798,0,-14.83
102,2012,270,2300,13.45,0,74.857,3.6148,0,-13.22
101,2012,270,2400,13.25,616.14,2891.4,1755.7,0
102,2012,270,2400,13.47,0,485.2,3.5832,0,-13.48
102,2012,271,100,13.47,0,0,3.726,0,-13.49
102,2012,271,200,13.49,0,0,4.3588,0,-13.63
102,2012,271,300,13.49,0,0,4.2243,0,-14.77
102,2012,271,400,13.49,0,0,3.8446,0,-14.72
102,2012,271,500,13.49,0,0,3.1089,0,-15.07
102,2012,271,600,13.5,0,0,2.1754,0,-15.49
102,2012,271,700,13.51,0,0,2.8399,0,-12.05
102,2012,271,800,13.51,0,0,14.682,0,-11.66
102,2012,271,900,13.46,0,267.6,98.138,0,-11.83
102,2012,271,1000,13.4,0,0,213.87,0,-11.81
102,2012,271,1100,13.33,0,3658.3,301.21,0,-11.74
102,2012,271,1200,13.29,0,273.69,365.57,0,-11.54
102,2012,271,1300,13.25,0,0,417.28,0,-11.37
102,2012,271,1400,13.24,0,0,457.6,0,-13.53
102,2012,271,1500,13.23,0,0,420.73,0,-12.55
102,2012,271,1600,12.87,0,0,334.52,0,-11.69
102,2012,271,1700,13.24,0,0,207.01,0,-11.86
102,2012,271,1800,13.27,0,0,107.28,0,-12.24
102,2012,271,1900,13.3,0,43.866,13.051,0,-11.85
102,2012,271,2000,13.34,0,0,6.9687,0,-12.07
102,2012,271,2100,13.37,0,0,6.2645,0,-11.95
102,2012,271,2200,13.4,0,0,6.1462,0,-11.9
102,2012,271,2300,13.41,0,0,6.4231,0,-12.3
101,2012,271,2400,12.87,0,4243.5,3006.2,0
102,2012,271,2400,13.43,0,0,5.1891,0,-12.39
102,2012,272,100,13.45,0,0,3.9471,0,-12.36
102,2012,272,200,13.46,0,179.14,5.5291,0,-13.15
102,2012,272,300,13.46,0,0,5.5686,0,-13.14
102,2012,272,400,13.47,0,0,3.2273,0,-12.54
102,2012,272,500,13.48,0,0,2.2862,0,-12.71
102,2012,272,600,13.49,0,0,2.1675,0,-12.61
102,2012,272,700,13.5,0,0,2.7291,0,-12.55
102,2012,272,800,13.51,0,0,4.1688,0,-12.47
102,2012,272,900,13.49,0,0,36.428,0,-12.02
102,2012,272,1000,13.44,0,140.41,139.43,0,-12.25
102,2012,272,1100,12.82,0,688.62,274.24,0,-13.59
102,2012,272,1200,12.8,0,1593.1,344.8,0,-12
102,2012,272,1300,13.34,0,0,210.39,0,-12.37
102,2012,272,1400,13.31,0,0,327.51,0,-12.81
102,2012,272,1500,13.27,0,0,408.5,0,-11.77
102,2012,272,1600,13.27,0,0,222.73,0,-11.61
102,2012,272,1700,13.29,0,0,176.21,0,-11.79
102,2012,272,1800,13.29,0,0,106.84,0,-11.55
102,2012,272,1900,13.31,0,0,34.336,0,-14.07
102,2012,272,2000,13.34,0,0,4.3269,0,-14.04
102,2012,272,2100,13.37,0,0,3.0849,0,-14.13
102,2012,272,2200,13.4,31.972,722.97,3.9787,0,-12.23
102,2012,272,2300,13.42,843.73,1505.5,3.5833,0,-12.06
101,2012,272,2400,12.8,1751.9,5566.9,2330.1,0
102,2012,272,2400,13.43,876.22,737.17,4.0816,0,-12.74
102,2012,273,100,13.44,12.799,0,3.8285,0,-12.52
102,2012,273,200,13.46,0,497.66,3.7335,0,-12.81
102,2012,273,300,13.47,0,0,2.5707,0,-12.17
102,2012,273,400,13.48,4.0108,0,2.8479,0,-12.41
102,2012,273,500,13.49,149.43,0,2.6026,0,-12.31
102,2012,273,600,13.51,59.408,0,2.4443,0,-12.23
102,2012,273,700,13.51,0,0,2.3494,0,-12.41
102,2012,273,800,13.51,0,0,16.05,0,-12.31
102,2012,273,900,13.47,0,0,83.511,0,-12.55
102,2012,273,1000,13.38,203.76,682.72,243.22,0,-12.64
102,2012,273,1100,13.32,0,0,334.97,0,-12.46
102,2012,273,1200,13.26,0,0,386.27,0,-12.62
102,2012,273,1300,13.23,0,0,452.7,0,-12.47
102,2012,273,1400,13.21,0,0,378.51,0,-11.46
102,2012,273,1500,13.2,0,0,435.07,0,-12.79
102,2012,273,1600,13.2,0,0,409.44,0,-13.34
102,2012,273,1700,13.21,0,98.698,175.79,0,-12.85
102,2012,273,1800,13.28,0,0,147.43,0,-13.28
102,2012,273,1900,13.31,0,0,51.23,0,-13.51
102,2012,273,2000,13.32,0,642.83,7.5616,0,-12.95
102,2012,273,2100,13.35,0,1759.6,4.2873,0,-13.51
102,2012,273,2200,13.37,0,0,4.1289,0,-13.27
102,2012,273,2300,13.39,0,0,4.3741,0,-13.04
101,2012,273,2400,13.2,429.41,3681.5,3158.8,0
102,2012,273,2400,13.4,0,0,3.8442,0,-13.2
102,2012,274,100,13.42,0,80.385,3.9156,0,-13
102,2012,274,200,13.44,0,665.05,3.5675,0,-13.25
102,2012,274,300,13.46,0,359.96,4.042,0,-12.86
102,2012,274,400,13.47,0,514.93,3.2353,0,-13.37
102,2012,274,500,13.48,0,679.51,3.6627,0,-13.8
102,2012,274,600,13.49,0,0,2.7608,0,-12.65
102,2012,274,700,13.5,0,0,2.7371,0,-12.71
102,2012,274,800,13.51,0,0,16.549,0,-13.33
102,2012,274,900,13.45,0,0,105.13,0,-12.66
102,2012,274,1000,13.38,0,838.6,217.68,0,-13.51
102,2012,274,1100,13.32,0,264.89,258.05,0,-13.6
102,2012,274,1200,13.26,0,0,376.17,0,-12.95
102,2012,274,1300,13.24,0,0,395.62,0,-12.53
102,2012,274,1400,13.21,0,0,410.8,0,-12.25
102,2012,274,1500,13.21,0,0,397.13,0,-12.26
102,2012,274,1600,13.21,0,0,397.91,0,-12.72
102,2012,274,1700,13.22,0,0,333.2,0,-12.69
102,2012,274,1800,13.25,0,0,155.17,0,-12.5
102,2012,274,1900,13.29,0,0,19.878,0,-11.84
102,2012,274,2000,13.31,0,0,3.322,0,-12.58
102,2012,274,2100,13.34,0,0,2.3573,0,-12.95
102,2012,274,2200,13.36,0,300.67,3.5595,0,-13.91
102,2012,274,2300,13.38,2.4995,1800.6,3.9866,0,-14.98
101,2012,274,2400,13.21,276.42,8137.8,3124.7,0
102,2012,274,2400,13.4,273.92,2633.2,4.2952,0,-14.62
102,2012,275,100,13.41,627.88,629.75,3.9868,0,-14.58
102,2012,275,200,13.43,419.05,0,4.9519,0,-14.97
102,2012,275,300,13.44,457.32,591.13,3.6862,0,-14.47
102,2012,275,400,13.44,75.613,0,2.2623,0,-13.86
102,2012,275,500,13.46,0,0,3.6307,0,-14.21
102,2012,275,600,13.47,0,0,2.7922,0,-14.21
102,2012,275,700,13.48,0,80.386,2.8557,0,-14.3
102,2012,275,800,13.48,21.446,594.12,12.04,0,-13.69
102,2012,275,900,13.47,0,330.06,41.599,0,-13.97
102,2012,275,1000,13.42,0,974.67,128.43,0,-13.59
102,2012,275,1100,13.35,0,2321,314.69,0,-13.29
102,2012,275,1200,13.28,0,0,324.36,0,-12.93
102,2012,275,1300,13.24,0,0,426.63,0,-12.72
102,2012,275,1400,13.23,0,0,369.16,0,-12.77
102,2012,275,1500,13.23,0,0,297.92,0,-14.21
102,2012,275,1600,13.23,0,0,280.56,0,-13.1
102,2012,275,1700,13.24,0,0,74.153,0,-12.69
102,2012,275,1800,13.26,47.683,0,99.69,.017,-12.95
102,2012,275,1900,13.3,18.612,0,23.516,0,-12.57
102,2012,275,2000,13.33,0,505.46,6.676,0,-12.64
102,2012,275,2100,13.35,0,631.73,5.2364,0,-13.2
102,2012,275,2200,13.38,0,19.261,5.2445,0,-12.98
102,2012,275,2300,13.39,0,389.74,5.0151,0,-12.66
101,2012,275,2400,13.23,1667.6,7067.3,2443,.017
102,2012,275,2400,13.4,0,0,3.9235,0,-12.5
102,2012,276,100,13.42,0,0,4.4059,0,-12.6
102,2012,276,200,13.42,0,0,3.2668,0,-13.5
102,2012,276,300,13.43,36.151,3.2054,2.7369,0,-13.67
102,2012,276,400,13.44,101.34,638.9,3.4016,0,-12.92
102,2012,276,500,13.45,0,0,4.6593,.033,-13.36
102,2012,276,600,13.46,0,0,3.5756,.083,-13.51
102,2012,276,700,13.47,0,94.477,2.7608,.033,-13.41
102,2012,276,800,13.47,0,0,7.254,.383,-15.34
102,2012,276,900,13.45,0,955.97,50.319,.383,-16.95
102,2012,276,1000,13.4,0,0,107.92,.033,-18.12
102,2012,276,1100,13.33,0,968.13,284.98,0,-17.66
102,2012,276,1200,13.27,0,0,401.13,0,-16.14
102,2012,276,1300,13.23,0,0,480.75,0,-14.62
102,2012,276,1400,13.2,0,0,487.16,0,-14.8
102,2012,276,1500,13.19,0,0,326.92,0,-14.12
102,2012,276,1600,13.23,0,695.59,74.916,.267,-13.05
102,2012,276,1700,13.28,0,275.61,36.497,.383,-13.92
102,2012,276,1800,13.32,0,132.36,102.15,0,-13.42
102,2012,276,1900,13.33,0,178.65,61.146,0,-13.13
102,2012,276,2000,13.35,0,195.4,9.2547,0,-15.07
102,2012,276,2100,13.37,0,283.83,4.5245,0,-14.3
102,2012,276,2200,13.39,0,0,4.2478,0,-13.38
102,2012,276,2300,13.4,0,0,3.7574,0,-15.43
101,2012,276,2400,13.19,137.5,4422.1,2471.7,1.599
102,2012,276,2400,13.42,0,0,3.9551,0,-15.32
102,2012,277,100,13.44,0,2748.3,3.0533,0,-14.27
102,2012,277,200,13.45,0,0,3.2352,0,-13.46
102,2012,277,300,13.45,0,0,3.2116,0,-14.4
102,2012,277,400,13.47,0,79.103,2.7529,.067,-13.65
102,2012,277,500,13.49,31.697,0,2.0409,.233,-13.72
102,2012,277,600,13.5,0,0,2.8319,.483,-13.6
102,2012,277,700,13.51,0,0,3.6625,.317,-16.37
102,2012,277,800,13.51,0,0,18.7,.15,-16.1
102,2012,277,900,13.44,0,0,111.4,0,-15.06
102,2012,277,1000,13.37,0,568.5,230.19,0,-13.61
102,2012,277,1100,13.32,0,0,282.31,0,-14.01
102,2012,277,1200,13.27,0,0,340.33,0,-15.14
102,2012,277,1300,13.23,0,0,367.91,0,-14.06
102,2012,277,1400,13.21,0,106.53,206.97,0,-22.39
102,2012,277,1500,13.18,0,0,393.03,0,-21.86
102,2012,277,1600,13.16,0,0,414.26,0,-20.72
102,2012,277,1700,13.16,0,0,254.02,0,-19.77
102,2012,277,1800,13.23,0,0,250.91,0,-24.53
102,2012,277,1900,12.85,0,0,76.279,0,-24.2
102,2012,277,2000,12.81,0,0,2.8159,0,-24.46
102,2012,277,2100,13.31,0,1420.2,2.9189,0,-24.49
102,2012,277,2200,13.33,0,3026.4,2.9743,0,-24.37
102,2012,277,2300,13.35,0,0,4.042,0,-24.24
101,2012,277,2400,12.81,31.697,7949.1,2985.4,1.249
102,2012,277,2400,13.39,0,0,5.5135,0,-24.31
102,2012,278,100,13.4,0,0,5.3317,0,-24.3
102,2012,278,200,13.42,0,0,4.7541,0,-24.46
102,2012,278,300,13.44,61.168,0,3.6228,0,-24.45
102,2012,278,400,13.45,311.28,0,4.7854,0,-24.57
102,2012,278,500,13.45,539.49,0,5.2996,0,-24.57
102,2012,278,600,13.46,165.42,0,3.5122,0,-24.58
102,2012,278,700,13.47,0,0,5.3477,0,-24.52
102,2012,278,800,12.84,346.69,0,14.437,0,-24.57
102,2012,278,900,13.45,0,0,75.482,0,-24.7
102,2012,278,1000,13.37,0,892.76,178.26,0,-24.79
102,2012,278,1100,13.32,0,2393.6,264.92,0,-24.91
102,2012,278,1200,13.26,0,0,374.88,0,-24.86
102,2012,278,1300,13.22,0,0,426.95,0,-24.95
102,2012,278,1400,13.21,0,0,257.78,0,-24.88
102,2012,278,1500,13.2,0,0,440.15,0,-24.6
102,2012,278,1600,13.21,0,0,388.09,0,-24.63
102,2012,278,1700,13.21,0,0,338.22,0,-24.64
102,2012,278,1800,13.22,0,0,243.98,0,-24.79
102,2012,278,1900,13.24,0,0,73.8,0,-24.87
102,2012,278,2000,13.27,0,0,6.2412,0,-24.8
102,2012,278,2100,13.31,0,0,2.46,0,-24.75
102,2012,278,2200,13.34,0,253.42,3.0217,0,-24.94
102,2012,278,2300,13.37,0,0,3.8205,0,-24.84
101,2012,278,2400,12.84,1424.1,3539.8,3130.3,0
102,2012,278,2400,13.39,0,0,5.2049,0,-24.9
102,2012,279,100,13.4,0,0,5.4028,0,-24.87
102,2012,279,200,13.42,0,0,4.4219,0,-24.95
102,2012,279,300,13.44,0,0,4.5404,0,-24.93
102,2012,279,400,13.45,25.241,0,4.1844,0,-24.91
102,2012,279,500,13.46,116.66,0,3.1403,0,-24.97
102,2012,279,600,13.47,246.51,0,3.7813,0,-25.02
102,2012,279,700,13.48,48.287,0,3.7576,0,-25.05
102,2012,279,800,13.49,0,407.45,22.443,0,-24.94
102,2012,279,900,13.42,0,203.8,129.48,0,-24.86
102,2012,279,1000,13.36,0,1142.9,238.49,0,-24.88
102,2012,279,1100,13.3,0,0,266.48,0,-24.85
102,2012,279,1200,13.26,0,0,353.92,0,-24.95
102,2012,279,1300,13.24,0,0,344.47,0,-24.87
102,2012,279,1400,12.9,0,0,400,0,-24.89
102,2012,279,1500,13.19,0,0,349.02,0,-24.81
102,2012,279,1600,13.2,0,0,296.02,0,-24.79
102,2012,279,1700,13.22,0,0,258.97,0,-24.86
102,2012,279,1800,13.25,0,0,234.65,0,-25.07
102,2012,279,1900,13.28,0,0,21.698,0,-25
102,2012,279,2000,13.31,0,0,3.0848,0,-24.96
102,2012,279,2100,13.33,0,0,2.816,0,-25.2
102,2012,279,2200,13.35,0,0,3.4804,0,-25.08
102,2012,279,2300,13.37,0,1819.3,3.0216,.067,-25.12
101,2012,279,2400,12.9,436.7,3573.4,2961.5,.1
102,2012,279,2400,13.38,0,0,4.2317,.033,-24.98
102,2012,280,100,13.4,0,0,4.8647,0,-24.92
102,2012,280,200,13.4,8.4166,0,4.3428,0,-24.87
102,2012,280,300,13.42,0,0,2.5629,0,-24.95
102,2012,280,400,13.43,456.05,0,2.3415,0,-25.01
102,2012,280,500,13.43,578.97,0,2.6262,0,-25.07
102,2012,280,600,13.44,0,0,2.4205,0,-25.02
102,2012,280,700,13.45,0,0,2.9663,0,-24.95
102,2012,280,800,13.44,6.0512,0,7.3959,.267,-24.91
102,2012,280,900,13.42,87.654,0,49.241,.233,-24.9
102,2012,280,1000,13.4,30.477,1.2664,83.142,.25,-24.66
102,2012,280,1100,13.39,71.007,944.92,125.48,.017,-24.81
102,2012,280,1200,13.36,74.576,3481.9,169.84,0,-24.93
102,2012,280,1300,13.34,0,73.709,283.71,0,-24.95
102,2012,280,1400,13.34,0,298.52,133.81,0,-24.92
102,2012,280,1500,13.3,0,34.367,247.85,0,-24.92
102,2012,280,1600,13.29,0,0,213.45,0,-24.81
102,2012,280,1700,13.29,0,0,187.22,0,-24.71
102,2012,280,1800,13.3,0,0,220.73,0,-24.71
102,2012,280,1900,13.3,0,0,105.53,0,-24.86
102,2012,280,2000,13.3,0,0,3.3458,0,-23.45
102,2012,280,2100,13.34,0,1030.9,2.5392,.017,-23.14
102,2012,280,2200,13.36,80.151,1094.9,4.2635,0,-23.14
102,2012,280,2300,13.38,808.22,0,4.0419,.017,-23.79
101,2012,280,2400,13.29,3033.7,6960.5,1867.8,.8
102,2012,280,2400,13.4,832.15,0,4.0895,0,-24.29
102,2012,281,100,13.42,1237.8,0,3.7179,0,-24.52
102,2012,281,200,13.44,1238.1,0,3.5042,0,-24.56
102,2012,281,300,13.45,2224.1,0,4.0578,0,-24.52
102,2012,281,400,13.46,1784.1,0,3.6306,0,-24.45
102,2012,281,500,13.46,569.14,0,3.773,.267,-24.58
102,2012,281,600,13.46,65.335,0,2.017,.383,-24.47
102,2012,281,700,13.47,.23731,0,2.3098,.333,-24.52
102,2012,281,800,13.48,943.83,0,8.3219,.5,-24.57
102,2012,281,900,13.45,2025.7,0,83.66,.666,-24.53
102,2012,281,1000,13.4,619.13,283.04,129.16,.283,-24.46
102,2012,281,1100,13.4,0,136.77,22.4,.233,-24.67
102,2012,281,1200,13.42,1150.1,0,47.264,.45,-24.67
102,2012,281,1300,13.38,355.59,0,276.39,0,-24.71
102,2012,281,1400,13.35,0,959.36,211.86,0,-24.72
102,2012,281,1500,13.31,0,3507.6,363.46,0,-24.67
102,2012,281,1600,13.29,0,1871.9,245.9,0,-24.68
102,2012,281,1700,13.28,0,0,333.49,0,-24.65
102,2012,281,1800,13.27,0,0,178.7,0,-24.58
102,2012,281,1900,13.29,0,0,74.118,0,-24.72
102,2012,281,2000,13.32,0,3830.6,2.8238,0,-24.66
102,2012,281,2100,13.35,0,0,2.6182,0,-24.66
102,2012,281,2200,13.39,0,0,4.3979,0,-24.69
102,2012,281,2300,13.42,0,0,4.588,0,-24.67
101,2012,281,2400,13.27,12213,10589,2016.7,3.115
102,2012,281,2400,13.44,0,0,4.58,0,-24.79
102,2012,282,100,13.46,.35595,0,3.0849,0,-24.79
102,2012,282,200,13.47,0,0,3.8284,0,-24.92
102,2012,282,300,13.47,0,0,3.8365,0,-24.97
102,2012,282,400,13.48,0,0,2.6659,0,-24.88
102,2012,282,500,13.48,0,0,2.8874,0,-24.88
102,2012,282,600,13.49,0,0,3.283,0,-24.85
102,2012,282,700,13.49,0,0,3.1247,0,-24.89
102,2012,282,800,13.49,599.35,450.65,10.838,0,-24.79
102,2012,282,900,13.47,1453.7,0,42.796,0,-24.75
102,2012,282,1000,13.46,38.561,147.6,10.726,0,-24.78
102,2012,282,1100,13.44,152.55,750.78,44.201,0,-20.33
102,2012,282,1200,13.42,308.77,155.48,92.826,0,-20.91
102,2012,282,1300,13.4,0,0,122.02,0,-22.29
102,2012,282,1400,13.39,0,0,161.42,0,-22.22
102,2012,282,1500,13.37,0,0,79.92,0,-22.17
102,2012,282,1600,13.36,0,752.89,93.726,0,-22.33
102,2012,282,1700,13.34,0,1261.8,175.59,0,-21.87
102,2012,282,1800,13.34,0,196.13,152.35,0,-21.72
102,2012,282,1900,13.33,0,477.31,106.85,0,-21.8
102,2012,282,2000,13.34,0,3727.8,8.3683,0,-23.01
102,2012,282,2100,13.37,0,2640,5.0464,0,-23.49
102,2012,282,2200,13.4,0,489.88,3.8284,0,-23.18
102,2012,282,2300,13.42,0,0,3.702,0,-23.1
101,2012,282,2400,13.33,2553.3,11050,1140.2,0
102,2012,282,2400,13.44,0,0,3.2511,0,-23.27
102,2012,283,100,13.46,0,0,3.9312,0,-22.91
102,2012,283,200,13.47,0,0,3.4408,0,-22.95
102,2012,283,300,13.49,0,0,4.1452,0,-22.86
102,2012,283,400,13.49,0,0,3.5361,0,-22.93
102,2012,283,500,13.5,0,0,2.1121,0,-23.12
102,2012,283,600,13.49,0,0,2.6975,0,-22.71
102,2012,283,700,13.47,0,0,3.1484,0,-23.09
102,2012,283,800,13.44,0,0,18.511,0,-23.19
102,2012,283,900,13.43,0,0,119.67,0,-22.89
102,2012,283,1000,13.35,0,439.58,206.21,0,-22.84
102,2012,283,1100,13.32,0,1196.4,169.33,0,-22.34
102,2012,283,1200,13.27,0,3989,196.59,0,-21.46
102,2012,283,1300,13.24,0,137.94,275.68,0,-21.22
102,2012,283,1400,13.2,0,0,393.48,0,-22.17
102,2012,283,1500,13.2,0,0,273.36,0,-20.05
102,2012,283,1600,13.2,0,0,164.44,0,-20.58
102,2012,283,1700,13.23,0,0,265.86,0,-21.23
102,2012,283,1800,13.24,0,0,233.59,0,-21.5
102,2012,283,1900,13.26,0,0,107.29,0,-23.19
102,2012,283,2000,13.27,0,0,5.0546,0,-23.61
102,2012,283,2100,13.31,0,0,2.5233,0,-23.28
102,2012,283,2200,13.34,282.1,0,2.9504,0,-18.43
102,2012,283,2300,13.37,1208.1,519.69,4.9358,0,-18.14
101,2012,283,2400,13.2,1993.1,6282.5,2467.7,0
102,2012,283,2400,13.39,502.85,0,5.2446,0,-17.62
102,2012,284,100,13.41,1521.1,0,4.0501,0,-16.27
102,2012,284,200,13.43,989.33,0,3.5516,0,-18.08
102,2012,284,300,13.44,2497.1,0,4.7064,0,-19.03
102,2012,284,400,13.45,2357.1,0,3.6386,0,-18.13
102,2012,284,500,13.47,2134.2,0,3.8683,0,-17.88
102,2012,284,600,13.48,1774.4,0,4.6278,0,-19.05
102,2012,284,700,13.48,1601.1,0,4.3509,0,-19.7
102,2012,284,800,13.47,594.42,0,12.531,0,-21.07
102,2012,284,900,13.46,19.99,176.53,36.214,0,-22.03
102,2012,284,1000,13.39,749.74,3159.3,148.5,0,-19.56
102,2012,284,1100,13.34,528.74,3224.9,230.76,0,-20.82
102,2012,284,1200,13.29,0,5725,288.3,0,-20.47
102,2012,284,1300,13.25,0,2553.3,315.25,0,-21.48
102,2012,284,1400,13.24,0,0,392.88,0,-23.6
102,2012,284,1500,13.23,0,0,388.27,0,-24.26
102,2012,284,1600,13.25,0,0,408.11,0,-24.43
102,2012,284,1700,13.26,0,0,264.59,0,-24.41
102,2012,284,1800,13.27,0,0,166.44,0,-24.21
102,2012,284,1900,13.29,0,0,12.933,0,-24.39
102,2012,284,2000,13.32,0,1023.6,3.6226,0,-24.35
102,2012,284,2100,13.35,646.69,0,1.8984,0,-24.41
102,2012,284,2200,13.37,1336.9,0,2.7606,0,-24.75
102,2012,284,2300,13.38,978.83,0,3.8207,0,-24.49
101,2012,284,2400,13.23,19768,15863,2709.6,0
102,2012,284,2400,13.39,2038.6,0,3.9313,0,-24.57
102,2012,285,100,13.4,1912.6,0,3.077,0,-24.56
102,2012,285,200,13.41,2345.3,0,3.3777,0,-24.54
102,2012,285,300,13.42,2791.5,0,4.0659,0,-24.64
102,2012,285,400,13.44,2800.7,0,3.0296,0,-24.9
102,2012,285,500,13.44,2928.4,0,3.9471,0,-24.83
102,2012,285,600,13.45,2363.1,0,3.2589,0,-24.81
102,2012,285,700,13.45,853.3,0,2.0249,0,-24.4
102,2012,285,800,13.46,1442.2,0,13.012,0,-24.58
102,2012,285,900,13.44,420.81,0,75.808,0,-23.09
102,2012,285,1000,13.37,1652.8,528.91,214.93,0,-22.71
102,2012,285,1100,13.32,0,3998.7,216.89,0,-23.26
102,2012,285,1200,13.29,0,5293.3,271.84,0,-23.21
102,2012,285,1300,13.28,0,3386.9,202.14,0,-23.4
102,2012,285,1400,13.25,0,0,299.53,0,-23.34
102,2012,285,1500,13.22,0,0,344.48,0,-23.12
102,2012,285,1600,13.25,0,109.26,26.311,0,-23.42
102,2012,285,1700,13.33,0,0,21.207,0,-23.31
102,2012,285,1800,13.36,0,3.858,27.132,0,-22.84
102,2012,285,1900,13.39,0,14.36,23.32,0,-22.75
102,2012,285,2000,13.4,0,0,6.7791,0,-22.17
102,2012,285,2100,13.42,0,680.84,4.1688,0,-22.29
102,2012,285,2200,13.43,0,515.68,4.4772,0,-22.31
102,2012,285,2300,13.44,0,212.65,4.493,0,-22.92
101,2012,285,2400,13.22,19511,14744,1783.3,0
102,2012,285,2400,13.44,0,0,4.042,0,-23.08
102,2012,286,100,13.45,0,1342.6,4.3346,0,-22.49
102,2012,286,200,13.47,0,465.07,4.9675,0,-21.57
102,2012,286,300,13.48,0,1053.2,4.7464,0,-22.72
102,2012,286,400,13.48,0,830.03,4.1927,0,-23.08
102,2012,286,500,13.48,0,0,3.5124,0,-23.25
102,2012,286,600,13.49,0,0,3.101,0,-22.97
102,2012,286,700,13.49,0,2422.9,2.7134,0,-23.44
102,2012,286,800,13.49,0,1627.3,4.9837,0,-23.23
102,2012,286,900,13.47,13.701,1550.6,35.415,0,-22.65
102,2012,286,1000,12.78,832.6,429.56,80.855,0,-23.19
102,2012,286,1100,13.38,122.47,0,182.04,0,-23.06
102,2012,286,1200,13.32,0,0,302.6,0,-22.21
102,2012,286,1300,13.29,0,0,273.69,0,-21.93
102,2012,286,1400,12.83,0,2978.1,257.38,0,-21.93
102,2012,286,1500,13.23,0,0,340.3,0,-22.53
102,2012,286,1600,13.23,0,0,241.34,0,-21.5
102,2012,286,1700,13.25,31.926,373.23,116.11,0,-20.19
102,2012,286,1800,13.29,0,432.22,58.968,0,-18.23
102,2012,286,1900,13.33,0,460.28,30.311,0,-18.43
102,2012,286,2000,13.37,0,0,7.5303,0,-19.47
102,2012,286,2100,12.94,0,0,5.3395,0,-18.44
102,2012,286,2200,13.43,0,0,5.1336,0,-17.62
102,2012,286,2300,13.44,0,0,4.3979,0,-18.18
101,2012,286,2400,12.78,1005.8,13965,1978.4,0
102,2012,286,2400,13.45,5.1414,0,4.4296,0,-18.18
102,2012,287,100,13.46,893.46,0,3.9945,0,-18.19
102,2012,287,200,12.82,433.78,214.45,2.3255,0,-17.84
102,2012,287,300,12.76,2530.4,1695.8,1.0678,0,-18.73
102,2012,287,400,12.74,999.1,3800.2,2.6814,0,-18.31
102,2012,287,500,12.74,41.039,1274.1,2.8161,0,-18.37
102,2012,287,600,12.74,0,194.89,2.8478,0,-20.85
102,2012,287,700,12.74,0,0,2.8399,0,-21.31
102,2012,287,800,12.74,27.956,0,4.0265,0,-18.08
102,2012,287,900,12.74,2061.9,0,9.912,0,-19.05
102,2012,287,1000,12.74,0,0,14.626,0,-18.88
102,2012,287,1100,12.74,359.06,0,47.15,0,-19.12
102,2012,287,1200,12.74,1542.5,0,115.48,0,-18.68
102,2012,287,1300,12.76,102.25,69.693,256.24,0,-18.75
102,2012,287,1400,12.77,0,2711.3,188.66,0,-18.17
102,2012,287,1500,12.79,0,803.78,194.16,0,-19.29
102,2012,287,1600,13.24,0,2936.2,327.38,0,-18.99
102,2012,287,1700,13.25,0,5609.1,287.96,0,-17.44
102,2012,287,1800,13.26,0,267.81,209.84,0,-17.62
102,2012,287,1900,13.29,0,0,80.15,0,-17.61
102,2012,287,2000,13.32,0,0,2.1514,0,-18.17
102,2012,287,2100,13.35,69.29,0,3.164,0,-17.98
102,2012,287,2200,13.38,328.23,0,2.5707,0,-17.8
102,2012,287,2300,13.4,130.87,908.31,2.5946,0,-17.3
101,2012,287,2400,12.74,10107,20608,1766,0
102,2012,287,2400,13.42,587.57,122.68,1.3843,0,-16.59
102,2012,288,100,13.44,0,0,1.6611,0,-16.52
102,2012,288,200,13.44,12.703,0,3.694,0,-17.34
102,2012,288,300,13.46,0,0,3.86,0,-16.66
102,2012,288,400,13.48,0,0,4.1056,0,-15.8
102,2012,288,500,13.49,0,0,3.2513,0,-17.03
102,2012,288,600,13.5,0,506.35,3.5202,0,-18.17
102,2012,288,700,13.51,276.2,666.39,3.9552,0,-17.28
102,2012,288,800,13.51,1389.8,0,12.728,0,-16.15
102,2012,288,900,13.47,295.91,232.9,134.57,0,-16.37
102,2012,288,1000,13.4,1081.9,0,207.94,0,-16.74
102,2012,288,1100,13.35,122.56,125.7,252.63,0,-17.59
102,2012,288,1200,13.31,0,5556.5,275.15,0,-17.02
102,2012,288,1300,13.27,0,4825.8,374.01,0,-17.83
102,2012,288,1400,13.25,0,1009.8,277.02,0,-17.2
102,2012,288,1500,12.98,0,0,354.45,0,-17.24
102,2012,288,1600,13.24,0,0,425.6,0,-17.48
102,2012,288,1700,13.24,0,0,134.38,0,-17.1
102,2012,288,1800,13.27,0,374.07,60.624,0,-17.62
102,2012,288,1900,13.32,0,0,19.924,0,-18.29
102,2012,288,2000,13.34,0,0,4.398,0,-18.48
102,2012,288,2100,13.37,81.162,0,2.9741,0,-18.41
102,2012,288,2200,13.39,1252.5,982.1,3.6386,0,-18.54
102,2012,288,2300,13.4,614.29,0,2.6262,0,-18.27
101,2012,288,2400,12.98,5885.5,14280,2570.1,0
102,2012,288,2400,13.41,758.54,0,3.354,0,-18.37
102,2012,289,100,13.42,1002.8,0,3.5597,0,-18.28
102,2012,289,200,13.43,1129.6,0,2.7132,0,-18.87
102,2012,289,300,13.44,505.46,0,2.824,0,-18.35
102,2012,289,400,13.44,108.89,0,2.9663,0,-18.32
102,2012,289,500,13.44,0,0,3.4172,0,-18.2
102,2012,289,600,13.45,0,0,2.0804,0,-17.99
102,2012,289,700,13.46,0,141.26,1.8588,0,-18.39
102,2012,289,800,13.45,1006.4,5212.8,21.365,0,-19.16
102,2012,289,900,13.43,549.65,533.45,75.36,0,-18.46
102,2012,289,1000,13.39,393.77,715.66,170.68,0,-18.94
102,2012,289,1100,13.33,0,2789.4,280.75,0,-18.13
102,2012,289,1200,13.27,0,5678.2,372.51,0,-18.19
102,2012,289,1300,13.24,0,4227.9,393.91,0,-20.73
102,2012,289,1400,13.24,0,0,275.18,0,-21.37
102,2012,289,1500,13.24,0,0,356.01,0,-17.91
102,2012,289,1600,13.25,0,0,175.55,0,-16.45
102,2012,289,1700,13.33,0,0,64.142,0,-16.92
102,2012,289,1800,13.34,487.34,0,59.326,0,-17.62
102,2012,289,1900,13.36,415.71,0,32.542,0,-19.26
102,2012,289,2000,13.37,0,1355.5,4.9279,0,-17.95
102,2012,289,2100,13.4,0,1893.1,4.6749,0,-19.21
102,2012,289,2200,13.41,0,0,3.0139,0,-18.8
102,2012,289,2300,13.42,488.17,0,3.4489,0,-17.58
101,2012,289,2400,13.24,7477.6,22547,2316.2,0
102,2012,289,2400,13.43,1389.7,0,3.3698,0,-17.79
102,2012,290,100,13.44,1451.3,0,3.1878,0,-16.8
102,2012,290,200,13.44,2352.5,0,2.468,0,-16.27
102,2012,290,300,13.45,2243.8,0,1.9696,0,-16.59
102,2012,290,400,13.46,2569.5,0,2.0566,0,-16.89
102,2012,290,500,13.45,1691.1,0,2.2148,0,-16.28
102,2012,290,600,13.46,1013.8,0,1.7481,0,-16.58
102,2012,290,700,13.46,369.26,0,2.7368,0,-16.61
102,2012,290,800,13.47,.39549,0,19.885,0,-16.33
102,2012,290,900,13.43,409.6,1569,93.433,0,-16.4
102,2012,290,1000,13.4,304.56,1.0716,92.28,0,-16.31
102,2012,290,1100,13.37,52.299,721.81,214.63,0,-16.51
102,2012,290,1200,13.32,0,2817.7,267.36,0,-16.97
102,2012,290,1300,13.29,0,2486.1,331.02,0,-16.73
102,2012,290,1400,13.27,0,0,314.68,0,-20.81
102,2012,290,1500,13.25,0,0,240.2,0,-21.15
102,2012,290,1600,13.27,0,235.35,229.92,0,-19.58
102,2012,290,1700,13.3,0,1943.1,35.847,0,-7.06
102,2012,290,1800,13.34,0,0,34.962,0,-7.11
102,2012,290,1900,13.36,0,0,26.055,0,-7.08
102,2012,290,2000,13.39,0,1638.4,7.1111,0,-7.19
102,2012,290,2100,13.41,0,32.121,4.7937,0,-7.18
102,2012,290,2200,13.42,0,0,4.7462,0,-7.21
102,2012,290,2300,13.4,0,0,3.8919,0,-7.19
101,2012,290,2400,13.25,12458,11445,1941.8,0
102,2012,290,2400,13.38,0,0,4.5642,0,-7.17
102,2012,291,100,13.44,0,0,3.3064,0,-7.15
102,2012,291,200,13.44,0,793.92,3.2193,0,-7.19
102,2012,291,300,13.45,1067.6,0,2.9266,0,-8.45
102,2012,291,400,13.45,1424,0,3.0613,0,-17.32
102,2012,291,500,13.46,2189.5,0,2.6817,0,-11.36
102,2012,291,600,13.47,2149.9,0,1.9618,0,-10.23
102,2012,291,700,13.47,1423.9,0,3.0772,0,-10.28
102,2012,291,800,13.47,0,0,27.189,0,-10.35
102,2012,291,900,13.45,449.21,411.83,123.24,0,-19.37
102,2012,291,1000,13.39,119.35,363.48,250.55,0,-22.36
102,2012,291,1100,13.33,0,1290.5,325.17,0,-22.55
102,2012,291,1200,13.28,0,1268.6,363.05,0,-22.73
102,2012,291,1300,13.25,0,3432.5,309.16,0,-23.09
102,2012,291,1400,13.25,0,1796,228.37,0,-23.39
102,2012,291,1500,13.22,0,1153.7,460.16,0,-23.32
102,2012,291,1600,13.21,0,0,351.51,0,-17.63
102,2012,291,1700,13.21,0,0,227.92,0,-19.12
102,2012,291,1800,13.23,48.646,67.191,43.21,0,-9.92
102,2012,291,1900,13.29,0,0,21.167,0,-13.05
102,2012,291,2000,13.32,0,0,4.5167,0,-23.74
102,2012,291,2100,13.35,505.74,207.2,2.9821,0,-23.87
102,2012,291,2200,13.38,576.7,320.03,3.2908,0,-24.08
102,2012,291,2300,13.4,999.76,0,3.3857,0,-24.05
101,2012,291,2400,13.21,11559,11105,2769.3,0
102,2012,291,2400,13.4,604.1,0,4.1688,0,-23.93
102,2012,292,100,13.42,1642.1,0,3.0297,0,-24.03
102,2012,292,200,13.43,1843.4,0,4.1291,0,-23.99
102,2012,292,300,13.44,2224.3,0,3.3381,0,-23.82
102,2012,292,400,13.44,2388.8,0,3.164,0,-24.05
102,2012,292,500,13.45,1657.9,55.315,2.634,0,-23.99
102,2012,292,600,13.45,2262.6,154.42,1.9775,0,-23.97
102,2012,292,700,13.45,1844.9,0,2.1119,0,-23.58
102,2012,292,800,13.45,2336.3,370.48,13.589,0,-23.42
102,2012,292,900,13.42,2956.1,0,106.76,0,-23.44
102,2012,292,1000,13.37,630.02,0,179.2,0,-23.79
102,2012,292,1100,13.33,597.43,2505.1,197,0,-24.08
102,2012,292,1200,13.29,0,3786.5,266.56,0,-24.54
102,2012,292,1300,13.25,0,0,411.5,0,-24.09
102,2012,292,1400,13.26,13.06,574.19,127.21,.017,-18.52
102,2012,292,1500,13.32,0,0,34.843,0,-18.17
102,2012,292,1600,13.37,0,0,172.6,0,-23.96
102,2012,292,1700,13.36,0,0,245.67,0,-23.96
102,2012,292,1800,13.36,0,356.04,70.201,0,-24.18
102,2012,292,1900,13.37,0,6.2349,34.812,0,-21.88
102,2012,292,2000,13.38,0,0,7.0873,0,-12.57
102,2012,292,2100,13.4,0,0,5.6877,0,-12.77
102,2012,292,2200,13.42,0,0,6.7237,0,-13.16
102,2012,292,2300,13.44,0,0,5.8693,0,-12.97
101,2012,292,2400,13.25,20397,7808.3,1910.3,.017
102,2012,292,2400,13.45,0,0,4.6194,0,-12.86
102,2012,293,100,13.46,0,268.73,3.5989,0,-16.47
102,2012,293,200,13.47,0,1936,3.7731,0,-16.71
102,2012,293,300,12.94,0,1193.5,3.9315,0,-15.2
102,2012,293,400,13.48,0,29.365,3.6785,0,-15.3
102,2012,293,500,13.49,928.66,0,3.1959,0,-15.25
102,2012,293,600,13.49,1695.4,0,3.2355,0,-14.94
102,2012,293,700,13.49,444.39,0,3.7655,0,-14.89
102,2012,293,800,13.49,1251.1,0,15.244,0,-15.45
102,2012,293,900,13.45,2443.8,25.758,114.14,0,-18
102,2012,293,1000,13.39,46.289,2806.3,247.22,0,-21.57
102,2012,293,1100,13.35,0,1497.8,267.94,0,-21.79
102,2012,293,1200,13.3,0,5461.5,273.75,0,-22.91
102,2012,293,1300,13.28,0,3343,377.91,0,-23.87
102,2012,293,1400,13.28,0,1716.9,96.867,0,-23.92
102,2012,293,1500,13.31,0,0,362.55,0,-23.96
102,2012,293,1600,13.3,0,23.517,289.85,0,-24.25
102,2012,293,1700,13.3,0,2663.2,86.668,0,-25.05
102,2012,293,1800,13.32,0,3181.9,36.771,0,-24.83
102,2012,293,1900,13.35,0,2514.4,17.964,0,-24.77
102,2012,293,2000,13.38,0,115.09,3.1008,0,-23.54
102,2012,293,2100,13.4,0,0,3.7496,0,-24.49
102,2012,293,2200,13.42,0,0,3.4647,0,-24.37
102,2012,293,2300,13.44,0,0,3.6387,0,-24.26
101,2012,293,2400,12.94,6809.6,26777,2230.1,0
102,2012,293,2400,13.46,0,0,4.0894,0,-24.19
102,2012,294,100,13.47,0,0,3.6702,0,-24.44
102,2012,294,200,13.48,0,0,3.2274,0,-24.19
102,2012,294,300,13.49,0,0,3.3462,0,-24.08
102,2012,294,400,13.49,0,0,3.1168,0,-24.33
102,2012,294,500,13.51,564.57,0,2.5788,0,-24.34
102,2012,294,600,13.51,0,677.28,2.7924,0,-24.31
102,2012,294,700,13.52,0,0,2.7844,0,-24.27
102,2012,294,800,13.51,0,0,28.177,0,-24.36
102,2012,294,900,13.47,0,379.13,116.3,0,-24.32
102,2012,294,1000,13.41,1199.4,107.82,256.62,0,-24.44
102,2012,294,1100,13.35,97.004,683.73,351.46,0,-24.6
102,2012,294,1200,13.3,0,2385.7,369.88,0,-24.59
102,2012,294,1300,13.27,0,4535.4,361.95,0,-24.67
102,2012,294,1400,13.27,0,991.25,260.17,0,-24.59
102,2012,294,1500,13.25,0,237.54,311.2,0,-24.15
102,2012,294,1600,13.24,0,0,256.75,0,-24.2
102,2012,294,1700,13.25,0,0,73.665,0,-24.21
102,2012,294,1800,13.27,0,0,95.177,0,-24.19
102,2012,294,1900,13.29,0,0,28.99,0,-24.11
102,2012,294,2000,13.31,0,0,4.0577,0,-24.03
102,2012,294,2100,13.35,677.75,218.55,3.0928,0,-24.32
102,2012,294,2200,13.38,303.87,52.607,4.6513,0,-24.6
102,2012,294,2300,13.41,0,0,4.6434,0,-24.67
101,2012,294,2400,13.24,2842.5,10721,2553.1,0
102,2012,294,2400,13.43,0,451.76,4.8332,0,-24.66
102,2012,295,100,13.44,0,0,3.7256,0,-24.5
102,2012,295,200,13.46,0,1927.4,3.4408,0,-24.63
102,2012,295,300,13.47,0,477.09,3.6229,0,-24.7
102,2012,295,400,13.47,0,0,3.5515,0,-24.36
102,2012,295,500,13.48,0,0,3.512,0,-24.11
102,2012,295,600,13.49,0,1721.5,3.3699,0,-23.66
102,2012,295,700,13.49,0,0,3.4411,0,-23.41
102,2012,295,800,13.49,0,0,14.809,0,-23.47
102,2012,295,900,13.47,220.59,221.97,63.918,0,-23.68
102,2012,295,1000,13.44,2089.9,89.751,107.84,0,-23.63
102,2012,295,1100,13.4,1330,0,132.38,0,-23.69
102,2012,295,1200,13.36,398.21,20.916,277.59,0,-23.42
102,2012,295,1300,13.32,0,236.83,303.1,0,-23.3
102,2012,295,1400,13.31,0,125.4,127.81,0,-23.66
102,2012,295,1500,13.37,0,0,18.977,0,-23.78
102,2012,295,1600,13.39,0,0,125.49,0,-23.95
102,2012,295,1700,13.38,0,0,159.79,0,-23.77
102,2012,295,1800,13.37,0,0,162.84,0,-23.54
102,2012,295,1900,13.37,0,0,97.008,0,-23.8
102,2012,295,2000,12.8,0,0,10.425,0,-23.67
102,2012,295,2100,13.36,0,4.0334,6.4153,0,-23.58
102,2012,295,2200,13.44,0,199.6,5.4184,0,-24.19
102,2012,295,2300,13.46,0,0,4.121,0,-24.13
101,2012,295,2400,12.8,4038.8,5024.5,1646.5,0
102,2012,295,2400,13.47,0,0,3.9391,0,-24.23
102,2012,296,100,13.49,0,144.74,4.8491,0,-23.89
102,2012,296,200,13.49,0,748.51,3.5677,0,-23.78
102,2012,296,300,13.5,0,0,2.1833,0,-23.94
102,2012,296,400,13.51,110.48,0,3.8128,0,-23.89
102,2012,296,500,13.52,472.38,0,2.9822,0,-24.05
102,2012,296,600,13.52,0,0,3.5913,0,-24.27
102,2012,296,700,13.52,0,0,3.3302,0,-24.19
102,2012,296,800,13.52,0,0,27.409,0,-24.25
102,2012,296,900,13.47,0,257.71,151.78,0,-24.24
102,2012,296,1000,13.41,455.15,1379.8,266.58,0,-23.98
102,2012,296,1100,13.34,0,1294,320.02,0,-24.18
102,2012,296,1200,13.32,0,2.1431,290.73,0,-24.15
102,2012,296,1300,13.29,0,14.682,340.7,0,-23.96
102,2012,296,1400,13.26,0,683.03,384.88,0,-24
102,2012,296,1500,13.25,0,2529.2,376.68,0,-24.06
102,2012,296,1600,13.23,0,80.12,345.09,0,-22.69
102,2012,296,1700,13.25,0,0,352.87,0,-7.9
102,2012,296,1800,13.26,0,0,168.04,0,-7.86
102,2012,296,1900,13.29,0,0,53.978,0,-7.89
102,2012,296,2000,13.32,308.43,0,4.3424,0,-7.93
102,2012,296,2100,13.36,388.66,0,5.015,0,-7.96
102,2012,296,2200,13.39,0,0,6.1702,0,-7.96
102,2012,296,2300,13.41,0,345.47,4.2638,0,-8.01
101,2012,296,2400,13.23,1735.1,7479.5,3127.2,0
102,2012,296,2400,13.43,0,0,4.3507,0,-8.14
102,2012,297,100,13.44,0,96.498,4.0658,0,-8.22
102,2012,297,200,13.46,0,74.047,3.6465,0,-8.24
102,2012,297,300,13.47,0,3991.4,3.0769,0,-8.09
102,2012,297,400,13.47,0,3607.1,3.3775,0,-7.99
102,2012,297,500,13.48,0,1109,2.5945,0,-7.94
102,2012,297,600,13.47,0,0,2.3096,0,-7.94
102,2012,297,700,13.47,36.907,0,2.9741,0,-7.98
102,2012,297,800,13.47,385,0,8.7799,0,-8.03
102,2012,297,900,13.44,2120.8,521.89,101.88,0,-7.92
102,2012,297,1000,13.4,241.54,0,204.09,0,-7.97
102,2012,297,1100,13.35,646.51,0,266.59,0,-7.9
102,2012,297,1200,13.3,0,1322.8,377.08,0,-7.93
102,2012,297,1300,13.29,0,1454.4,312.65,0,-7.91
102,2012,297,1400,13.26,0,2896,386.98,0,-7.9
102,2012,297,1500,13.24,0,616.76,472.62,0,-7.83
102,2012,297,1600,13.24,28.741,69.919,268.11,0,-7.86
102,2012,297,1700,13.25,0,98.561,207.58,0,-7.92
102,2012,297,1800,13.28,0,0,199.44,0,-8.04
102,2012,297,1900,13.29,0,0,46.787,0,-7.96
102,2012,297,2000,13.32,134.8,0,3.9469,0,-7.97
102,2012,297,2100,13.35,606.66,0,3.955,0,-7.97
102,2012,297,2200,13.38,0,0,4.7779,0,-7.98
102,2012,297,2300,13.4,0,139.95,4.1214,0,-8
101,2012,297,2400,13.24,4201,16850,2895.3,0
102,2012,297,2400,13.42,0,851.8,3.8603,0,-8.03
102,2012,298,100,13.44,0,0,3.7494,0,-7.98
102,2012,298,200,13.46,0,0,2.8713,0,-7.95
102,2012,298,300,13.47,0,0,3.5198,0,-7.93
102,2012,298,400,13.47,623.14,0,2.7921,0,-7.89
102,2012,298,500,13.47,1257.1,0,2.6023,0,-7.93
102,2012,298,600,13.47,2030.8,0,3.1322,0,-7.97
102,2012,298,700,13.48,991.65,0,3.33,0,-7.99
102,2012,298,800,13.47,430.85,115.13,27.589,0,-7.95
102,2012,298,900,13.44,394.97,1202.8,132.92,0,-7.95
102,2012,298,1000,13.4,1388.3,0,174.49,0,-7.94
102,2012,298,1100,13.35,107.59,0,224.25,0,-7.93
102,2012,298,1200,13.28,4.2159,989.88,374.45,0,-7.9
102,2012,298,1300,13.22,0,1791.1,465.51,0,-7.91
102,2012,298,1400,13.17,0,356.76,530.5,0,-7.72
102,2012,298,1500,13.13,0,0,462.41,0,-7.65
102,2012,298,1600,13.17,0,0,359.37,0,-7.64
102,2012,298,1700,13.2,0,0,305.71,0,-7.8
102,2012,298,1800,13.21,0,0,188.33,0,-7.84
102,2012,298,1900,13.23,0,0,39.838,0,-7.87
102,2012,298,2000,13.27,0,0,1.9221,0,-7.94
102,2012,298,2100,13.31,0,0,3.1008,0,-7.94
102,2012,298,2200,13.35,0,0,4.5883,0,-7.95
102,2012,298,2300,13.37,0,0,4.2876,0,-7.94
101,2012,298,2400,13.13,7228.6,4976.4,3324.4,0
102,2012,298,2400,13.37,0,520.75,3.1089,0,-7.96
102,2012,299,100,13.38,0,0,3.4331,0,-7.95
102,2012,299,200,13.4,0,182.07,2.7528,0,-7.9
102,2012,299,300,13.4,0,180.78,1.8589,0,-7.92
102,2012,299,400,13.4,0,0,2.0804,0,-7.89
102,2012,299,500,13.4,0,0,1.6612,0,-7.89
102,2012,299,600,13.4,0,0,1.7086,0,-7.87
102,2012,299,700,13.4,0,0,1.5583,0,-7.89
102,2012,299,800,13.4,0,0,13.874,0,-7.97
102,2012,299,900,13.39,0,72.229,25.305,0,-7.94
102,2012,299,1000,13.4,0,52.277,5.7033,0,-7.8
102,2012,299,1100,13.38,0,0,110.33,0,-7.73
102,2012,299,1200,13.34,0,0,214.94,0,-7.73
102,2012,299,1300,13.32,0,0,173.37,0,-7.8
102,2012,299,1400,13.29,0,0,340.33,0,-7.8
102,2012,299,1500,13.25,0,562.35,445.33,0,-7.84
102,2012,299,1600,13.24,0,1770.2,429.79,0,-7.85
102,2012,299,1700,13.24,0,0,307.68,0,-7.85
102,2012,299,1800,13.25,0,0,228.25,0,-7.87
102,2012,299,1900,13.25,0,0,53.804,0,-7.9
102,2012,299,2000,13.28,0,0,3.5593,0,-7.97
102,2012,299,2100,13.31,276.22,251.72,1.6848,0,-7.96
102,2012,299,2200,13.33,1432.9,0,2.9348,0,-8.01
102,2012,299,2300,13.36,400.96,0,3.1089,0,-8.09
101,2012,299,2400,13.24,3441.7,3071.6,2377.4,0
102,2012,299,2400,13.37,1331.6,0,2.3731,0,-8.06
102,2012,300,100,13.38,2458.8,0,2.5155,0,-7.95
102,2012,300,200,13.39,1948.9,0,2.1753,0,-7.89
102,2012,300,300,13.4,418.75,0,2.2702,0,-7.91
102,2012,300,400,13.42,1.3842,0,1.8035,0,-7.9
102,2012,300,500,13.42,0,0,1.6136,0,-7.89
102,2012,300,600,13.43,0,0,2.2938,0,-7.9
102,2012,300,700,13.44,0,32.06,2.8633,0,-7.91
102,2012,300,800,13.45,0,891.05,11.01,0,-7.92
102,2012,300,900,13.43,0,0,76.614,0,-7.92
102,2012,300,1000,13.41,.03164,0,122.03,0,-7.9
102,2012,300,1100,13.37,516.6,0,198.24,0,-7.9
102,2012,300,1200,13.35,44.077,0,194.42,0,-7.93
102,2012,300,1300,13.35,0,0,167.2,0,-7.88
102,2012,300,1400,13.29,0,1402.7,471.91,0,-7.88
102,2012,300,1500,13.27,0,2769,393.4,0,-7.84
102,2012,300,1600,13.27,0,0,240.63,0,-7.9
102,2012,300,1700,13.25,0,80.735,310.47,0,-7.85
102,2012,300,1800,13.25,0,0,99.53,0,-7.86
102,2012,300,1900,13.27,0,0,53.266,0,-7.83
102,2012,300,2000,13.3,51.692,368.58,2.9503,0,-7.83
102,2012,300,2100,13.34,1189.3,0,3.5834,0,-7.88
102,2012,300,2200,13.37,1404.7,0,2.9507,0,-7.86
102,2012,300,2300,13.37,2365.6,0,2.3653,0,-7.89
101,2012,300,2400,13.25,11850,5544.1,2368.7,0
102,2012,300,2400,13.39,1449.6,0,2.563,0,-7.85
102,2012,301,100,13.4,0,0,3.1563,0,-7.8
102,2012,301,200,13.4,0,0,4.0897,0,-7.79
102,2012,301,300,13.42,511.79,0,4.8728,0,-7.84
102,2012,301,400,13.42,93.981,0,3.3777,0,-7.87
102,2012,301,500,13.43,381.88,0,4.0579,0,-7.88
102,2012,301,600,13.44,936.39,0,4.6906,0,-7.89
102,2012,301,700,13.45,43.472,0,3.0453,0,-7.88
102,2012,301,800,13.45,0,0,19.419,0,-7.87
102,2012,301,900,13.42,206.34,0,153.13,0,-7.83
102,2012,301,1000,13.37,963.81,0,307.24,0,-7.79
102,2012,301,1100,13.32,0,0,363.03,0,-7.89
102,2012,301,1200,13.29,0,0,294.71,0,-7.97
102,2012,301,1300,13.28,0,2411.3,186.04,0,-7.95
102,2012,301,1400,13.25,0,2493.4,398.69,0,-7.9
102,2012,301,1500,13.24,0,1179.5,376.6,0,-7.94
102,2012,301,1600,13.23,0,17.372,458.65,0,-7.89
102,2012,301,1700,13.24,0,0,215.79,0,-7.91
102,2012,301,1800,13.25,0,0,121.7,0,-7.94
102,2012,301,1900,13.28,0,0,16.658,0,-8.1
102,2012,301,2000,13.32,0,0,1.6453,0,-8.11
102,2012,301,2100,13.35,0,325.36,1.06,0,-8.09
102,2012,301,2200,13.38,0,0,1.8432,0,-8.11
102,2012,301,2300,13.4,981.68,0,2.2703,0,-8.29
101,2012,301,2400,13.23,4387.4,6561.3,2949.7,0
102,2012,301,2400,13.41,268.09,134.39,3.9394,0,-8.52
102,2012,302,100,13.42,44.179,0,3.9156,0,-8.53
102,2012,302,200,13.43,75.921,0,3.1403,0,-8.47
102,2012,302,300,13.44,220.9,0,3.3301,0,-8.56
102,2012,302,400,13.45,0,0,2.5549,0,-8.57
102,2012,302,500,13.46,13.858,822.28,2.8792,0,-8.57
102,2012,302,600,13.46,255.43,104.3,2.3808,0,-8.56
102,2012,302,700,13.47,74.456,0,1.8351,0,-8.5
102,2012,302,800,13.46,362.28,0,5.5684,0,-8.46
102,2012,302,900,13.45,1.6927,148.98,47.175,0,-8.46
102,2012,302,1000,13.39,0,259.25,196,0,-8.38
102,2012,302,1100,13.36,0,0,179.62,0,-8.17
102,2012,302,1200,13.33,0,3179.6,243.17,0,-8.69
102,2012,302,1300,13.3,0,3426.7,326.28,0,-9.84
102,2012,302,1400,13.27,0,2513.4,416.78,0,-8.73
102,2012,302,1500,13.25,0,0,383.49,0,-8.7
102,2012,302,1600,13.24,0,0,442.2,0,-8.16
102,2012,302,1700,13.24,0,0,276.23,0,-8.27
102,2012,302,1800,13.25,0,0,50.407,0,-8.08
102,2012,302,1900,13.29,0,0,21.436,0,-8.12
102,2012,302,2000,13.33,0,0,4.3345,0,-8.07
102,2012,302,2100,13.36,0,0,2.8715,0,-8.11
102,2012,302,2200,13.38,0,0,2.3732,0,-8.11
102,2012,302,2300,13.39,1211.1,83.127,2.9349,0,-8.11
101,2012,302,2400,13.24,2259.8,10538,2624.9,0
102,2012,302,2400,13.4,0,0,4.0186,0,-8.07
102,2012,303,100,13.41,0,0,3.2433,0,-8.05
102,2012,303,200,13.42,0,85.774,4.5168,0,-8.11
102,2012,303,300,13.43,0,0,4.5642,0,-8.2
102,2012,303,400,13.44,0,0,3.7653,0,-8.19
102,2012,303,500,13.44,0,452.8,2.7448,0,-8.2
102,2012,303,600,12.89,0,718.57,2.4442,0,-8.11
102,2012,303,700,13.45,0,0,3.512,0,-8.15
102,2012,303,800,13.44,0,19.182,44.019,0,-8.14
102,2012,303,900,13.42,0,241.51,163.28,0,-8.1
102,2012,303,1000,13.38,0,0,202.71,0,-8.1
102,2012,303,1100,12.84,0,475.67,339.63,0,-8.16
102,2012,303,1200,12.79,0,0,363.77,0,-7.94
102,2012,303,1300,12.79,0,16.289,317.6,0,-8
102,2012,303,1400,13.25,0,753.54,489.5,0,-8.02
102,2012,303,1500,13.24,0,0,458.5,0,-8
102,2012,303,1600,13.23,0,0,399.52,0,-7.98
102,2012,303,1700,13.24,0,0,216.46,0,-8.02
102,2012,303,1800,13.26,0,0,135.48,0,-8.05
102,2012,303,1900,13.3,0,0,35.174,0,-8.14
102,2012,303,2000,13.33,0,390.04,3.9153,0,-8.06
102,2012,303,2100,13.37,0,354.91,2.0567,0,-8.1
102,2012,303,2200,13.38,481.45,0,3.2197,0,-8.1
102,2012,303,2300,13.39,1194.9,0,3.457,0,-8.1
101,2012,303,2400,12.79,3519.4,3984,3205.5,0
102,2012,303,2400,13.4,1843,475.74,2.4839,0,-8.18
102,2012,304,100,13.4,2332.3,2177,2.4286,0,-8.13
102,2012,304,200,13.42,2336.9,0,3.4174,0,-8.16
102,2012,304,300,13.42,2143.6,0,3.5755,0,-8.16
102,2012,304,400,13.43,1510.4,0,2.737,0,-8.21
102,2012,304,500,13.44,1374.3,0,3.2194,.067,-8.17
102,2012,304,600,13.45,1262.8,0,2.8239,.1,-8.13
102,2012,304,700,13.46,969.49,0,2.895,.25,-8.12
102,2012,304,800,13.45,178.11,677.34,16.168,.417,-8.16
102,2012,304,900,13.43,0,0,78.666,.3,-8.21
102,2012,304,1000,13.38,570.77,0,243.54,0,-8.29
102,2012,304,1100,13.33,0,1341.2,301.95,0,-18.91
102,2012,304,1200,13.28,0,2456,361.69,0,-18.84
102,2012,304,1300,13.24,0,1277.2,555.63,0,-21.4
102,2012,304,1400,13.22,0,0,441.02,0,-23.12
102,2012,304,1500,13.23,0,0,360.18,0,-21.19
102,2012,304,1600,13.21,0,38.467,241.82,0,-23.41
102,2012,304,1700,13.27,0,350.74,28.439,0,-7.74
102,2012,304,1800,12.79,149.43,0,6.8974,0,-7.87
102,2012,304,1900,12.78,156.95,0,4.0028,0,-7.86
102,2012,304,2000,13.4,1253.4,0,1.2578,0,-7.87
102,2012,304,2100,13.42,1273.3,0,1.7956,0,-7.81
102,2012,304,2200,13.44,1033,0,2.4522,0,-7.87
102,2012,304,2300,13.44,0,0,1.9063,0,-7.83
101,2012,304,2400,12.78,16545,8318,2670.6,1.133
102,2012,304,2400,13.44,0,0,2.1278,0,-7.89
102,2012,305,100,13.44,0,0,2.1674,0,-7.79
102,2012,305,200,13.45,0,0,3.1245,0,-7.85
102,2012,305,300,13.46,235.32,0,2.7289,0,-7.85
102,2012,305,400,13.47,0,0,3.4803,0,-7.9
102,2012,305,500,13.47,0,0,3.6939,0,-7.89
102,2012,305,600,13.47,85.077,0,3.2035,0,-7.88
102,2012,305,700,13.47,121.3,0,3.4724,0,-7.89
102,2012,305,800,13.47,1114.3,0,20.85,0,-7.89
102,2012,305,900,13.45,2546.1,0,78.837,0,-8.06
102,2012,305,1000,13.42,955.4,0,154.06,0,-8.59
102,2012,305,1100,13.39,0,0,255.38,0,-8.68
102,2012,305,1200,13.33,0,0,439.03,0,-8.65
102,2012,305,1300,13.31,0,25.572,423.24,0,-8.36
102,2012,305,1400,13.28,0,452.97,496.78,0,-10.95
102,2012,305,1500,13.29,33.801,304.24,167.41,.017,-13.44
102,2012,305,1600,13.33,130.25,60.145,147.07,.017,-19.28
102,2012,305,1700,13.35,61.81,0,73.486,0,-7.88
102,2012,305,1800,13.38,0,0,16.96,0,-7.87
102,2012,305,1900,13.4,125.85,0,3.4649,0,-7.78
102,2012,305,2000,12.84,1315.8,0,1.0758,0,-6.619
102,2012,305,2100,13.2,25.265,0,1.7481,0,-6.564
102,2012,305,2200,13.45,0,0,1.5899,0,-6.669
102,2012,305,2300,13.46,0,0,2.1357,0,-6.867
101,2012,305,2400,12.84,6750.2,842.93,2307.8,.033
102,2012,305,2400,13.47,0,0,2.8238,0,-7.26
102,2012,306,100,13.47,0,0,2.6893,0,-7.28
102,2012,306,200,13.47,0,0,3.0611,0,-7.26
102,2012,306,300,13.48,0,0,3.3379,0,-7.22
102,2012,306,400,13.47,784.62,0,4.4453,0,-7.28
102,2012,306,500,13.47,182.12,254.33,4.722,0,-7.24
102,2012,306,600,13.44,397.5,0,4.295,0,-7.27
102,2012,306,700,13.42,144.92,0,3.6701,0,-7.15
102,2012,306,800,13.45,0,0,11.928,0,-7.14
102,2012,306,900,13.44,58.104,0,44.579,0,-7.26
102,2012,306,1000,13.41,16.326,0,121.18,0,-7.31
102,2012,306,1100,12.91,0,0,231.24,0,-7.25
102,2012,306,1200,13.33,0,0,338.75,0,-7.32
102,2012,306,1300,13.27,0,0,494.02,0,-7.32
102,2012,306,1400,13.23,0,28.526,519.95,0,-7.31
102,2012,306,1500,12.93,0,158.73,508.49,0,-7.24
102,2012,306,1600,13.19,0,912.58,318.65,0,-7.22
102,2012,306,1700,13.23,54.584,0,44.3,0,-6.694
102,2012,306,1800,12.79,0,0,4.6274,0,-6.143
102,2012,306,1900,12.79,0,0,9.0489,0,-7.34
102,2012,306,2000,13.34,0,0,2.0964,0,-7.36
102,2012,306,2100,13.37,0,0,2.1517,0,-8
102,2012,306,2200,13.39,0,0,1.9064,0,-7.95
102,2012,306,2300,13.4,0,0,2.4918,0,-7.98
101,2012,306,2400,12.79,1638.2,1354.2,2683.3,0
102,2012,306,2400,13.41,0,0,1.6295,0,-7.99
102,2012,307,100,13.42,0,0,2.6025,0,-7.99
102,2012,307,200,13.43,0,0,2.1515,0,-7.85
102,2012,307,300,13.44,0,0,1.8826,0,-7.8
102,2012,307,400,13.44,0,0,1.8826,0,-7.74
102,2012,307,500,13.45,0,0,2.286,0,-7.5
102,2012,307,600,13.45,0,0,1.5661,0,-7.42
102,2012,307,700,13.45,0,0,1.6927,0,-7.7
102,2012,307,800,13.45,47.434,0,8.6136,0,-7.51
102,2012,307,900,13.45,265.02,0,35.412,0,-7.29
102,2012,307,1000,13.44,30.327,0,87.935,0,-7.29
102,2012,307,1100,13.41,0,0,111.64,0,-7.6
102,2012,307,1200,13.39,0,52.933,154.27,0,-7.47
102,2012,307,1300,13.35,0,0,294.47,0,-7.67
102,2012,307,1400,13.33,0,36.695,233.43,0,-7.65
102,2012,307,1500,13.31,0,49.797,270.93,0,-7.61
102,2012,307,1600,13.32,0,0,212.63,0,-7.74
102,2012,307,1700,13.34,0,0,172.85,0,-7.68
102,2012,307,1800,13.34,0,0,249.58,0,-7.7
102,2012,307,1900,13.35,0,2465.3,129.44,0,-7.58
102,2012,307,2000,13.36,0,549.96,5.4264,0,-7.58
102,2012,307,2100,13.4,0,0,3.1326,0,-7.84
102,2012,307,2200,13.42,0,0,3.8522,0,-7.89
102,2012,307,2300,13.44,0,0,3.6781,0,-7.76
101,2012,307,2400,13.31,342.78,3154.7,1994.2,0
102,2012,307,2400,13.45,0,0,2.8159,0,-7.87
102,2012,308,100,13.45,18.43,0,2.4204,0,-8.13
102,2012,308,200,13.45,45.197,0,2.7051,0,-8.06
102,2012,308,300,13.45,0,0,2.8871,0,-8.04
102,2012,308,400,13.46,0,0,2.539,0,-8.06
102,2012,308,500,13.46,0,0,1.7955,0,-7.97
102,2012,308,600,13.47,0,0,2.2463,0,-7.87
102,2012,308,700,13.47,0,47.239,2.4441,0,-7.81
102,2012,308,800,13.47,1.5345,342.64,12.339,0,-7.46
102,2012,308,900,13.45,0,298.73,64.163,0,-7.67
102,2012,308,1000,13.42,0,241.01,154.81,0,-7.81
102,2012,308,1100,13.37,0,0,258.19,0,-8.05
102,2012,308,1200,13.31,0,926.23,400.97,0,-8.26
102,2012,308,1300,13.27,0,0,507.66,0,-7.91
102,2012,308,1400,13.25,0,500.29,339.37,0,-7.83
102,2012,308,1500,13.25,0,1468.7,471.04,0,-7.93
102,2012,308,1600,13.24,0,0,370.42,0,-7.89
102,2012,308,1700,13.25,0,27.143,308.14,0,-7.95
102,2012,308,1800,13.26,0,0,118.13,0,-8.13
102,2012,308,1900,13.3,0,0,40.933,0,-8.25
102,2012,308,2000,13.32,0,0,2.0724,0,-8.27
102,2012,308,2100,13.36,473.55,0,3.1722,0,-8.34
102,2012,308,2200,13.39,248.07,595.3,3.4649,0,-8.41
102,2012,308,2300,13.4,1432.6,0,3.9869,0,-8.37
101,2012,308,2400,13.24,3722.4,4447.3,3079,0
102,2012,308,2400,13.41,1503,0,3.0693,0,-8.36
102,2012,309,100,13.42,372.02,0,3.1087,0,-8.46
102,2012,309,200,13.44,350.16,0,3.2273,0,-8.45
102,2012,309,300,13.45,192.61,0,2.4284,0,-8.37
102,2012,309,400,13.45,0,0,2.3888,0,-8.21
102,2012,309,500,13.46,0,0,1.2972,0,-8.13
102,2012,309,600,13.46,0,0,2.0091,0,-7.84
102,2012,309,700,13.47,0,0,2.1435,0,-7.79
102,2012,309,800,13.47,0,0,7.9492,0,-7.66
102,2012,309,900,13.47,0,0,12.062,0,-7.74
102,2012,309,1000,13.47,0,0,17.995,0,-7.66
102,2012,309,1100,13.45,0,0,96.285,0,-7.62
102,2012,309,1200,13.4,0,0,250.89,0,-7.77
102,2012,309,1300,13.37,0,0,239.93,0,-7.97
102,2012,309,1400,13.29,0,0,440.7,0,-8.6