,0,0,0
101,2016,109,2200,12.4,4841,0,0,3.353,0,0,0
101,2016,109,2300,12.41,4841,0,0,3.353,0,0,0
101,2016,109,2400,12.4,4841,0,0,3.353,0,0,0
102,2016,109,2400,12.2,4841,17699,5.365,123.7,14055,15677,15517
101,2016,110,100,12.39,4841,0,0,3.353,0,0,0
101,2016,110,200,12.39,4841,0,0,3.353,0,0,0
101,2016,110,300,12.4,4841,0,0,3.353,0,0,0
101,2016,110,400,12.42,4841,0,0,3.353,0,0,0
101,2016,110,500,12.4,4841,0,0,3.353,0,0,0
101,2016,110,600,12.39,4841,0,0,3.353,0,0,0
101,2016,110,700,12.38,4841,7.714,0,3.353,7.0854,7.5666,7.4747
101,2016,110,800,12.14,4841,135.66,0,3.353,116.78,126.82,126.04
101,2016,110,900,12.13,4841,462.13,0,3.353,381.88,420.47,410.79
101,2016,110,1000,12.16,4841,1026.9,0,18.52,873.16,953.95,924.15
101,2016,110,1100,12.18,4841,2395.2,.75,310.3,1981.3,2226.8,2132.2
101,2016,110,1200,12.11,4841,2986.3,.9,429,2420.6,2751.5,2635.1
101,2016,110,1300,12.21,4841,1927.8,.267,130.6,1630.9,1801.3,1753
101,2016,110,1400,12.24,4841,612.93,0,23.07,589.16,616.92,607.72
101,2016,110,1500,12.25,4841,768.34,0,15.43,719.14,758.87,752
101,2016,110,1600,12.69,4841,956.36,.067,41.27,843.84,897.79,888.69
101,2016,110,1700,12.73,4841,1721.8,.833,547.9,1190.6,1390.7,1386.3
101,2016,110,1800,12.61,4841,1069.2,.583,291.6,731.93,850.25,846.76
101,2016,110,1900,12.58,4841,102.81,.033,18.66,75.37,87.698,87.815
101,2016,110,2000,12.59,4841,.05998,0,3.353,.1042,.1349,0
101,2016,110,2100,12.62,4841,0,0,3.353,0,0,0
101,2016,110,2200,12.62,4841,0,0,3.353,0,0,0
101,2016,110,2300,12.67,4841,0,0,3.353,0,0,0
101,2016,110,2400,12.73,4841,0,0,3.353,0,0,0
102,2016,110,2400,12.11,4841,14173,3.432,78.1,11562,12891,12558
101,2016,111,100,12.72,4841,0,0,3.353,0,0,0
101,2016,111,200,12.72,4841,0,0,3.353,0,0,0
101,2016,111,300,12.71,4841,0,0,3.353,0,0,.00703
101,2016,111,400,12.7,4841,0,0,3.353,0,0,0
101,2016,111,500,12.69,4841,0,0,3.353,0,0,0
101,2016,111,600,12.65,4841,0,0,3.353,0,0,0
101,2016,111,700,12.6,4841,6.1065,0,3.353,5.9219,6.3525,5.6412
101,2016,111,800,12.6,4841,215.67,0,10.72,185.71,203,192.05
101,2016,111,900,12.57,4841,1233,.716,440.6,995.05,1173.2,1064.1
101,2016,111,1000,12.51,4841,1862.7,.983,517.6,1528.9,1761.3,1640.9
101,2016,111,1100,12.51,4841,2055.9,.9,464.3,1667.3,1908.2,1800.2
101,2016,111,1200,12.48,4841,3008.4,.85,621.9,2495.8,2837.4,2702.8
101,2016,111,1300,12.37,4841,2873.9,.783,495.8,2238.9,2565.9,2475.7
101,2016,111,1400,12.51,4841,560.37,.017,9.89,465.7,516.72,494.65
101,2016,111,1500,12.51,4841,593.42,0,18.45,535.12,568.07,557
101,2016,111,1600,12.52,4841,393.92,0,25.63,364.42,379.75,374.14
101,2016,111,1700,12.51,4841,288.45,0,9.09,270.72,280.26,277.73
101,2016,111,1800,12.51,4841,203.35,0,37.68,157.62,176.57,167.32
101,2016,111,1900,12.55,4841,43.411,0,9.23,30.391,36.632,30.637
101,2016,111,2000,12.47,4841,0,0,3.353,0,0,0
101,2016,111,2100,12.52,4841,0,0,3.353,0,0,0
101,2016,111,2200,12.5,4841,0,0,3.353,0,0,0
101,2016,111,2300,12.52,4841,0,0,3.353,0,0,0
101,2016,111,2400,12.49,4841,0,0,3.353,0,0,0
102,2016,111,2400,12.37,4841,13339,4.248,112.5,10941,12413,11783
101,2016,112,100,12.48,4841,0,0,3.353,0,0,0
101,2016,112,200,12.5,4841,0,0,3.353,.07815,0,0
101,2016,112,300,12.52,4841,0,0,3.353,0,0,0
101,2016,112,400,12.53,4841,0,0,3.353,0,0,0
101,2016,112,500,12.54,4841,0,0,3.353,0,0,0
101,2016,112,600,12.53,4841,0,0,3.353,0,0,0
101,2016,112,700,12.53,4841,26.645,0,8.14,19.363,23.755,19.586
101,2016,112,800,12.48,4841,483.44,.983,271.6,362.04,463.48,390.54
101,2016,112,900,12.53,4841,1519.1,1,538.3,1223.2,1443.1,1309.8
101,2016,112,1000,12.5,4841,1688.1,1,368.3,1426.6,1612.1,1509.2
101,2016,112,1100,12.49,4841,2698.5,.883,573.3,2162.3,2501.2,2344
101,2016,112,1200,12.51,4841,2038.8,.383,252.1,1679.6,1885.7,1800.2
101,2016,112,1300,12.47,4841,937.54,.033,26.8,778.72,853.68,826
101,2016,112,1400,12.49,4841,475.24,.033,30.04,378.17,425.55,404.73
101,2016,112,1500,12.51,4841,81.58,0,4.091,63.318,70.798,68.671
101,2016,112,1600,12.47,4841,255.3,0,5.616,251.87,257.72,265.39
101,2016,112,1700,12.49,4841,639.57,0,6.046,578.8,609.39,605.64
101,2016,112,1800,12.49,4841,384.53,0,22.04,329.06,354.62,345.23
101,2016,112,1900,12.53,4841,77.183,0,4.437,62.302,69.253,64.034
101,2016,112,2000,12.51,4841,0,0,3.353,0,0,0
101,2016,112,2100,12.48,4841,0,0,3.353,0,0,0
101,2016,112,2200,12.46,4841,0,0,3.353,0,0,0
101,2016,112,2300,12.47,4841,0,0,3.353,0,0,0
101,2016,112,2400,12.47,4841,0,0,3.353,0,0,0
102,2016,112,2400,12.46,4841,11305,4.315,89.5,9315.3,10570,9953
101,2016,113,100,12.5,4841,0,0,3.353,0,0,0
101,2016,113,200,12.5,4841,0,0,3.353,0,0,0
101,2016,113,300,12.53,4841,0,0,3.353,0,0,0
101,2016,113,400,12.48,4841,0,0,3.353,0,0,0
101,2016,113,500,12.47,4841,0,0,3.353,0,0,0
101,2016,113,600,12.49,4841,0,0,3.353,0,0,0
101,2016,113,700,12.49,4841,14.3,0,4.236,11.653,13.306,11.521
101,2016,113,800,12.5,4841,334.23,.383,92.6,253.85,306.12,267.09
101,2016,113,900,12.52,4841,520.51,.083,35.26,451.03,491.59,473.06
101,2016,113,1000,12.59,4841,1943.6,.75,373.4,1625.1,1831.8,1733.6
101,2016,113,1100,12.56,4841,544.8,.033,40.47,489.12,528,513.19
101,2016,113,1200,12.56,4841,509.95,0,49.19,477.64,510.82,501.28
101,2016,113,1300,12.57,4841,2152,.383,84.2,1805.1,1996.1,1946.6
101,2016,113,1400,12.53,4841,1877.8,0,10.49,1554.2,1719.9,1676
101,2016,113,1500,12.53,4841,1549.2,0,25.25,1348.7,1453.2,1430.5
101,2016,113,1600,12.55,4841,1422.9,.3,83.1,1187.1,1296.6,1273.6
101,2016,113,1700,12.53,4841,1348.2,1,220.4,1017.1,1148,1127.4
101,2016,113,1800,12.52,4841,465.36,.1,55.92,356.99,402.19,388.25
101,2016,113,1900,12.49,4841,74.256,0,6.097,59.662,68.664,62.44
101,2016,113,2000,12.49,4841,0,0,3.353,0,0,0
101,2016,113,2100,12.53,4841,0,0,3.353,0,0,0
101,2016,113,2200,12.53,4841,0,0,3.353,0,0,0
101,2016,113,2300,12.54,4841,0,0,3.353,0,0,0
101,2016,113,2400,12.54,4841,0,0,3.353,0,0,0
102,2016,113,2400,12.47,4841,12757,3.032,46.56,10637,11766,11405
101,2016,114,100,12.53,4841,0,0,3.353,0,0,0
101,2016,114,200,12.51,4841,0,0,3.353,0,0,0
101,2016,114,300,12.52,4841,0,0,3.353,0,0,0
101,2016,114,400,12.54,4841,0,0,3.353,0,0,0
101,2016,114,500,12.53,4841,0,0,3.353,0,0,0
101,2016,114,600,12.53,4841,0,0,3.353,0,0,0
101,2016,114,700,12.51,4841,15.38,0,6.036,13.242,15.759,12.385
101,2016,114,800,12.5,4841,458.57,.6,181.6,357.76,434.11,382.47
101,2016,114,900,12.52,4841,1200.4,1,437.5,928.29,1115.3,1005.1
101,2016,114,1000,12.52,4841,2057.6,1,632.5,1600.5,1894.6,1743
101,2016,114,1100,12.54,4841,2313,.883,556.9,1829.1,2113.5,1984.9
101,2016,114,1200,12.52,4841,1249.9,.167,64.91,1042.2,1141.6,1104.9
101,2016,114,1300,12.47,4841,2704.5,.566,346.8,2178.1,2457.5,2385.7
101,2016,114,1400,12.45,4841,2618.3,.716,334,2127,2365.6,2313.2
101,2016,114,1500,12.43,4841,1202.9,.1,59.94,986.12,1087.1,1062.8
101,2016,114,1600,12.46,4841,1772.7,.833,393.5,1330.1,1499.4,1484.4
101,2016,114,1700,12.42,4841,1378.1,.85,432,961.98,1111.9,1102.2
101,2016,114,1800,12.44,4841,357.11,0,48.73,281.08,310.41,301.87
101,2016,114,1900,12.44,4841,89.996,0,9.15,55.225,64.115,58.197
101,2016,114,2000,12.55,4841,0,0,3.353,0,0,0
101,2016,114,2100,12.43,4841,0,0,3.353,0,0,0
101,2016,114,2200,12.48,4841,0,0,3.353,0,0,0
101,2016,114,2300,12.51,4841,0,0,3.353,0,0,0
101,2016,114,2400,12.46,4841,0,0,3.353,0,0,0
102,2016,114,2400,12.42,4841,17419,6.714,147.5,13691,15611,14941
101,2016,115,100,12.45,4841,0,0,3.353,0,0,0
101,2016,115,200,12.46,4841,0,0,3.353,0,0,0
101,2016,115,300,12.41,4841,0,0,3.353,0,0,0
101,2016,115,400,12.44,4841,0,0,3.353,0,0,0
101,2016,115,500,12.43,4841,0,0,3.353,0,0,0
101,2016,115,600,12.44,4841,0,0,3.353,0,0,0
101,2016,115,700,12.44,4841,13.659,0,3.409,11.41,12.705,11.465
101,2016,115,800,12.49,4841,310.58,.2,78.5,273.54,304.67,279.44
101,2016,115,900,12.41,4841,449.07,0,20.7,416.84,437.05,428.98
101,2016,115,1000,12.43,4841,796.69,0,50.27,734.5,772.61,757.62
101,2016,115,1100,12.46,4841,243.02,0,15.83,238.91,241.23,243.51
101,2016,115,1200,12.47,4841,303.36,0,23,280.18,290.11,292.01
101,2016,115,1300,12.46,4841,2098.3,.283,87.2,1761.3,1949.8,1916
101,2016,115,1400,12.43,4841,2666.1,.9,236,2178.4,2422.6,2372.3
101,2016,115,1500,12.39,4841,2361.7,.916,330.3,1838.9,2071,2035.8
101,2016,115,1600,12.4,4841,2006.9,.9,379.1,1489.9,1700.7,1675.1
101,2016,115,1700,12.42,4841,1278.8,.9,297.8,915.14,1051.1,1036.9
101,2016,115,1800,12.46,4841,663.26,.933,237.2,406.3,482.99,478.92
101,2016,115,1900,12.45,4841,130.68,0,19.1,73.069,81.075,76.708
101,2016,115,2000,12.45,4841,0,0,3.353,0,0,0
101,2016,115,2100,12.44,4841,0,0,3.353,0,0,0
101,2016,115,2200,12.46,4841,0,0,3.353,0,0,0
101,2016,115,2300,12.43,4841,0,0,3.353,0,0,0
101,2016,115,2400,12.43,4841,0,0,3.353,0,0,0
102,2016,115,2400,12.39,4841,13322,5.031,75.6,10618,11818,11605
101,2016,116,100,12.43,4841,0,0,3.353,0,0,0
101,2016,116,200,12.43,4841,0,0,3.353,0,0,0
101,2016,116,300,12.48,4841,0,0,3.353,0,0,0
101,2016,116,400,12.46,4841,0,0,3.353,0,0,0
101,2016,116,500,12.51,4841,0,0,3.353,0,0,0
101,2016,116,600,12.51,4841,0,0,3.353,0,0,.02108
101,2016,116,700,12.49,4841,13.125,0,3.353,11.583,13.061,11.922
101,2016,116,800,12.5,4841,145.49,0,30.44,124.48,138.24,131.91
101,2016,116,900,12.32,4841,884.19,.966,215.2,721.16,829.21,751.28
101,2016,116,1000,12.39,4841,1841.5,.85,303.1,1547.2,1736.4,1646.4
101,2016,116,1100,12.33,4841,1747.8,.383,147,1477.7,1639.2,1576.6
101,2016,116,1200,12.31,4841,1911.6,.533,124.2,1578.5,1763.6,1705.6
101,2016,116,1300,12.31,4841,3236.7,.916,373.3,2639.9,2973.4,2887
101,2016,116,1400,12.31,4841,2555.1,.95,215.5,2079.8,2320.3,2268
101,2016,116,1500,12.29,4841,2302.1,1,319.9,1809,2033.2,1997.9
101,2016,116,1600,12.25,4841,2592.8,1,525.4,1995.1,2250.7,2232.6
101,2016,116,1700,12.36,4841,1727.4,1,443.8,1259.8,1434.6,1425.3
101,2016,116,1800,12.35,4841,596.12,.233,79,446.99,503.95,491.67
101,2016,116,1900,12.29,4841,119.36,0,7.05,92.688,104.2,98.049
101,2016,116,2000,12.25,4841,0,0,3.353,0,0,0
101,2016,116,2100,12.3,4841,0,0,3.353,0,0,0
101,2016,116,2200,12.2,4841,0,0,3.353,0,0,0
101,2016,116,2300,12.3,4841,0,0,3.353,0,0,0
101,2016,116,2400,12.33,4841,0,0,3.353,0,0,0
102,2016,116,2400,12.2,4841,19673,7.83,119.2,15784,17740,17224
101,2016,117,100,12.32,4841,0,0,3.353,0,0,0
101,2016,117,200,12.36,4841,0,0,3.353,0,0,0
101,2016,117,300,12.29,4841,0,0,3.353,0,0,0
101,2016,117,400,12.28,4841,0,0,3.353,0,0,0
101,2016,117,500,12.3,4841,0,0,3.353,0,0,0
101,2016,117,600,12.26,4841,.012,0,3.353,0,.04905,0
101,2016,117,700,12.32,4841,.69583,0,3.353,.68597,1.4594,.35126
101,2016,117,800,12.27,4841,5.6326,0,3.353,5.5659,6.279,5.6833
101,2016,117,900,12.3,4841,39.596,0,3.353,37.268,39.44,39.797
101,2016,117,1000,12.24,4841,148.78,0,3.353,142.03,148.98,148.91
101,2016,117,1100,12.3,4841,306.93,0,3.353,288.05,303.93,304.71
101,2016,117,1200,12.33,4841,687.42,0,3.353,624.25,667.92,666.06
101,2016,117,1300,12.29,4841,1166.8,0,3.353,1013.4,1100.7,1085.6
101,2016,117,1400,12.3,4841,1277.1,0,6.036,1110.5,1200.3,1185.3
101,2016,117,1500,12.32,4841,1281.7,0,9.48,1106.2,1197.5,1185.9
101,2016,117,1600,12.27,4841,1387.4,.566,181.2,1117.4,1235.8,1224.7
101,2016,117,1700,12.29,4841,1506,1,547.4,989.9,1174.1,1172.7
101,2016,117,1800,12.27,4841,940.39,.916,512.1,466.14,606.16,608.81
101,2016,117,1900,12.2,4841,152.51,0,19.57,84.105,97.373,89.304
101,2016,117,2000,12.24,4841,0,0,3.353,0,0,0
101,2016,117,2100,12.22,4841,0,0,3.353,0,0,0
101,2016,117,2200,12.16,4841,0,0,3.353,0,0,0
101,2016,117,2300,12.16,4841,0,0,3.353,0,0,0
101,2016,117,2400,12.22,4841,0,0,3.353,0,0,0
102,2016,117,2400,12.16,4841,8900.9,2.482,55.67,6985.6,7780,7717.9
101,2016,118,100,12.26,4841,0,0,3.353,0,0,0
101,2016,118,200,12.18,4841,0,0,3.353,0,0,0
101,2016,118,300,12.07,4841,0,0,3.353,0,0,0
101,2016,118,400,12.15,4841,0,0,3.353,0,0,0
101,2016,118,500,12.14,4841,0,0,3.353,0,0,0
101,2016,118,600,12.16,4841,0,0,3.353,0,0,0
101,2016,118,700,12.16,4841,16.67,0,3.951,13.771,15.722,12.758
101,2016,118,800,12.12,4841,308.29,.133,70,229.63,277.36,237.21
101,2016,118,900,12.1,4841,535.41,.033,49.28,462.09,506.85,491.71
101,2016,118,1000,12.18,4841,1128.2,.2,67.46,911.79,1025,984.83
101,2016,118,1100,12.2,4841,1929.5,.466,124.7,1605.4,1790.1,1734.3
101,2016,118,1200,12.2,4841,3545.2,1,657.5,2872.4,3289.8,3162.7
101,2016,118,1300,12.18,4841,3602.3,.883,635.2,2858.5,3291.6,3175
101,2016,118,1400,12.14,4841,2569.6,.583,373.3,1925.8,2238.2,2165.4
101,2016,118,1500,12.03,4841,3109.7,1,721,2274.9,2651.3,2583
101,2016,118,1600,12.07,4841,2620.8,1,697.6,1801.8,2142.8,2097.4
101,2016,118,1700,12.1,4841,1809.8,1,543.6,1170.2,1412.2,1391.1
101,2016,118,1800,12.11,4841,1116,.9,418.9,644.25,791.26,789.84
101,2016,118,1900,12.12,4841,130.01,0,17.17,90.071,96.822,91.545
101,2016,118,2000,12.04,4841,0,0,3.353,0,0,0
101,2016,118,2100,11.96,4841,0,0,3.353,0,0,0
101,2016,118,2200,11.96,4841,0,0,3.353,0,0,0
101,2016,118,2300,11.98,4841,0,0,3.353,0,0,0
101,2016,118,2400,11.93,4841,0,0,3.353,0,0,0
102,2016,118,2400,11.93,4841,22422,7.2,184,16861,19529,18917
101,2016,119,100,11.96,4841,0,0,3.353,0,0,0
101,2016,119,200,11.78,4841,0,0,3.353,0,0,0
101,2016,119,300,11.82,4841,0,0,3.353,0,0,0
101,2016,119,400,11.87,4841,0,0,3.353,0,0,0
101,2016,119,500,11.84,4841,0,0,3.353,0,0,0
101,2016,119,600,11.85,4841,0,0,3.353,0,0,0
101,2016,119,700,11.89,4841,8.9498,0,3.353,7.6151,8.5232,7.6855
101,2016,119,800,12,4841,230.67,0,4.275,202.14,217.28,211.2
101,2016,119,900,12.53,4841,664.05,.017,37.21,578.98,629.64,608.08
101,2016,119,1000,12.48,4841,1520,.9,295.2,1221.6,1404.3,1320.3
101,2016,119,1100,12.53,4841,2533.9,1,464.9,2057.2,2351.9,2232.4
101,2016,119,1200,12.52,4841,3175.6,1,593.4,2629,2970.4,2847.9
101,2016,119,1300,12.52,4841,3699.1,1,662,3051.2,3439.8,3312.2
101,2016,119,1400,12.52,4841,3222.8,1,382.7,2590.3,2918.8,2839
101,2016,119,1500,12.44,4841,3603.2,1,709,2806.2,3190.2,3136.8
101,2016,119,1600,12.39,4841,2430.5,1,631.2,1719.2,2015.4,1981.7
101,2016,119,1700,12.41,4841,1552.1,.983,505.4,995.55,1194.1,1178.2
101,2016,119,1800,12.49,4841,493.44,.466,132,331.12,389.5,379.54
101,2016,119,1900,12.47,4841,56.878,0,4.213,53.02,56.695,52.794
101,2016,119,2000,12.56,4841,0,0,3.353,0,0,0
101,2016,119,2100,12.44,4841,0,0,3.353,0,0,0
101,2016,119,2200,12.45,4841,0,0,3.353,0,0,0
101,2016,119,2300,12.46,4841,0,0,3.353,0,0,0
101,2016,119,2400,12.47,4841,0,0,3.353,0,0,0
102,2016,119,2400,11.78,4841,23191,8.36,185.9,18243,20786,20108
101,2016,120,100,12.37,4841,0,0,3.353,0,0,0
101,2016,120,200,12.17,4841,0,0,3.353,0,0,0
101,2016,120,300,12.29,4841,0,0,3.353,0,0,0
101,2016,120,400,12.35,4841,0,0,3.353,0,0,0
101,2016,120,500,12.35,4841,0,0,3.353,0,0,0
101,2016,120,600,12.25,4841,0,0,3.353,0,0,0
101,2016,120,700,12.32,4841,18.187,0,4.202,16.489,18.555,16.699
101,2016,120,800,12.25,4841,264.83,0,10.79,235.5,252.52,243.91
101,2016,120,900,12.35,4841,334.76,0,4.146,299.58,318.07,314.17
101,2016,120,1000,12.4,4841,1723.2,.75,362.7,1396.2,1598.1,1512.4
101,2016,120,1100,12.32,4841,2024.6,.866,368.6,1645.8,1867.1,1780
101,2016,120,1200,12.36,4841,2190.4,.833,325.4,1785.4,2018.7,1945.4
101,2016,120,1300,12.32,4841,3239.5,1,453.4,2568.7,2922.4,2827.8
101,2016,120,1400,12.2,4841,2118.7,.85,257.4,1672.6,1885.6,1839.1
101,2016,120,1500,12.19,4841,2196.9,1,467.4,1600.8,1857.6,1817.2
101,2016,120,1600,12.35,4841,2710.9,1,746,1858.9,2207.9,2168.5
101,2016,120,1700,12.3,4841,1806.9,1,693.3,1096,1354.8,1334.7
101,2016,120,1800,12.33,4841,883.17,.866,477.1,393.49,536.19,535.4
101,2016,120,1900,12.3,4841,98.076,0,5.773,42.843,47.375,40.514
101,2016,120,2000,12.33,4841,0,0,3.353,0,0,0
101,2016,120,2100,12.3,4841,0,0,3.353,0,0,0
101,2016,120,2200,12.32,4841,0,0,3.353,0,0,0
101,2016,120,2300,12.32,4841,0,0,3.353,0,0,0
101,2016,120,2400,12.41,4841,0,0,3.353,0,0,0
102,2016,120,2400,12.17,4841,19610,8.16,175.5,14612,16885,16376
101,2016,121,100,12.36,4841,0,0,3.353,0,0,0
101,2016,121,200,12.33,4841,0,0,3.353,0,0,0
101,2016,121,300,12.33,4841,0,0,3.353,0,0,0
101,2016,121,400,12.35,4841,0,0,3.353,0,0,0
101,2016,121,500,12.34,4841,0,0,3.353,0,0,0
101,2016,121,600,12.29,4841,0,0,3.353,0,0,0
101,2016,121,700,12.33,4841,7.2702,0,4.169,6.6426,7.395,6.0768
101,2016,121,800,12.35,4841,515.05,.616,293.6,337.67,463.15,387.96
101,2016,121,900,12.31,4841,1362.7,.983,571.3,969.87,1227.6,1085.5
101,2016,121,1000,12.3,4841,2097.2,.95,641,1577,1894.8,1731.3
101,2016,121,1100,12.32,4841,1788.3,.4,280.1,1434.4,1643,1566.2
101,2016,121,1200,12.28,4841,1885,.466,287.6,1543,1742.8,1673
101,2016,121,1300,12.36,4841,88.749,0,9.06,82.543,88.581,82.518
101,2016,121,1400,12.33,4841,162.49,0,4.577,142.7,154.45,153.68
101,2016,121,1500,12.34,4841,523.09,0,14.71,475.05,505.77,501.86
101,2016,121,1600,12.33,4841,600.26,0,10.68,518.53,556.74,553.48
101,2016,121,1700,12.31,4841,521.59,0,3.353,450.41,484.44,477.32
101,2016,121,1800,12.3,4841,305.77,0,3.783,255.61,275.21,269.13
101,2016,121,1900,12.29,4841,79.252,0,4.096,66.808,72.405,68.102
101,2016,121,2000,12.34,4841,0,0,3.353,0,0,0
101,2016,121,2100,12.36,4841,0,0,3.353,0,0,0
101,2016,121,2200,12.28,4841,0,0,3.353,0,0,0
101,2016,121,2300,12.28,4841,0,0,3.353,0,0,0
101,2016,121,2400,12.35,4841,0,0,3.353,0,0,0
102,2016,121,2400,12.28,4841,9936.6,3.415,90.2,7860.3,9116.3,8556.1
101,2016,122,100,12.34,4841,0,0,3.353,0,0,0
101,2016,122,200,12.39,4841,0,0,3.353,0,0,0
101,2016,122,300,12.35,4841,0,0,3.353,0,0,0
101,2016,122,400,12.35,4841,0,0,3.353,0,0,0
101,2016,122,500,12.35,4841,0,0,3.353,0,0,0
101,2016,122,600,12.42,4841,0,0,3.353,.55572,1.2999,2.2481
101,2016,122,700,12.34,4841,21.547,0,5.147,23.696,25.803,27.447
101,2016,122,800,12.32,4841,232.47,0,6.293,196.75,217.43,210.75
101,2016,122,900,12.36,4841,416.95,0,8.85,376.62,402.1,394.66
101,2016,122,1000,12.39,4841,1095.1,.233,59.51,906.65,1005.4,974.68
101,2016,122,1100,12.39,4841,1431.5,.033,34.97,1194.8,1315.4,1279
101,2016,122,1200,12.37,4841,1889.7,.183,52.22,1612.5,1765.9,1729.3
101,2016,122,1300,12.34,4841,2907.5,.9,238.7,2452.7,2715.4,2656.8
101,2016,122,1400,12.33,4841,2759,1,243,2336.4,2577.9,2532.3
101,2016,122,1500,12.37,4841,2393.6,1,381.1,1905.6,2143.7,2110.2
101,2016,122,1600,12.43,4841,2372.5,.866,534.9,1699.1,1981.8,1950.3
101,2016,122,1700,12.36,4841,2126.4,.983,586.1,1389.4,1677.9,1645.5
101,2016,122,1800,12.41,4841,838.6,.8,252.9,488.66,593.1,580.1
101,2016,122,1900,12.35,4841,111.96,0,15.16,73.738,82.179,75.78
101,2016,122,2000,12.32,4841,0,0,3.353,0,0,0
101,2016,122,2100,12.4,4841,0,0,3.353,0,0,0
101,2016,122,2200,12.51,4841,0,0,3.353,0,0,0
101,2016,122,2300,12.36,4841,0,0,3.353,0,0,0
101,2016,122,2400,12.36,4841,0,0,3.353,0,0,0
102,2016,122,2400,12.32,4841,18597,5.998,102.3,14657,16505,16169
101,2016,123,100,12.39,4841,0,0,3.353,0,0,0
101,2016,123,200,12.41,4841,0,0,3.353,0,0,0
101,2016,123,300,12.34,4841,0,0,3.353,0,0,0
101,2016,123,400,12.37,4841,0,0,3.353,0,0,0
101,2016,123,500,12.3,4841,0,0,3.353,0,0,0
101,2016,123,600,12.35,4841,0,0,3.353,0,0,0
101,2016,123,700,12.43,4841,13.323,0,3.353,13.633,14.422,12.989
101,2016,123,800,12.33,4841,305.53,0,17.12,268.76,292.94,277.81
101,2016,123,900,12.33,4841,599.26,0,32.48,513.11,560.67,542.59
101,2016,123,1000,12.32,4841,1843.5,.75,349.7,1467.9,1693.9,1593.6
101,2016,123,1100,12.34,4841,1847.5,.5,297.9,1471.6,1694.7,1602.8
101,2016,123,1200,12.41,4841,3212,.933,637.2,2475.1,2893.6,2758.5
101,2016,123,1300,12.39,4841,2944.2,.683,389.3,2276.3,2620.2,2523.3
101,2016,123,1400,12.33,4841,2275.2,.4,234.9,1797,2046.4,1992.9
101,2016,123,1500,12.32,4841,571.6,.033,28.72,526.82,550.75,548.55
101,2016,123,1600,12.32,4841,1044.6,.3,142.7,832.9,924.81,916.01
101,2016,123,1700,12.3,4841,2057,1,653.8,1303.8,1586.5,1565.7
101,2016,123,1800,12.25,4841,1025.2,.833,369.1,577.05,714.96,709.77
101,2016,123,1900,12.29,4841,111.37,0,9.22,57.344,64.47,58.646
101,2016,123,2000,12.28,4841,0,0,3.353,0,0,0
101,2016,123,2100,12.28,4841,0,0,3.353,0,0,0
101,2016,123,2200,12.23,4841,0,0,3.353,0,0,0
101,2016,123,2300,12.21,4841,0,0,3.353,0,0,0
101,2016,123,2400,12.21,4841,0,0,3.353,0,0,0
102,2016,123,2400,12.21,4841,17850,5.431,133.4,13581,15658,15103
101,2016,124,100,12.24,4841,0,0,3.353,0,0,0
101,2016,124,200,12.21,4841,0,0,3.353,0,0,0
101,2016,124,300,12.16,4841,0,0,3.353,0,0,0
101,2016,124,400,12.12,4841,0,0,3.353,0,0,0
101,2016,124,500,12.18,4841,0,0,3.353,0,.09811,.06323
101,2016,124,600,12.18,4841,0,0,3.353,0,0,.1686
101,2016,124,700,12.24,4841,6.5324,0,3.353,6.634,7.444,6.4561
101,2016,124,800,12.23,4841,217.94,0,8.33,199.56,209.76,213.56
101,2016,124,900,12.19,4841,475.5,0,11.51,419.05,450.33,450.18
101,2016,124,1000,12.21,4841,1057.7,.3,87.6,892.34,981.62,947.61
101,2016,124,1100,12.2,4841,1154.7,.083,44.49,1014.3,1098.1,1070.4
101,2016,124,1200,12.24,4841,1824.7,.483,129.3,1418.3,1627.7,1565.6
101,2016,124,1300,12.25,4841,630.01,0,15.21,611.51,637.7,634.03
101,2016,124,1400,12.24,4841,1161.1,0,3.643,1107.8,1155.9,1154.2
101,2016,124,1500,12.24,4841,1121.8,0,38.27,1048.3,1097.3,1095.3
101,2016,124,1600,12.28,4841,857.53,0,3.409,811.57,847.75,842.29
101,2016,124,1700,12.29,4841,689.62,0,3.353,617.82,658.36,647.9
101,2016,124,1800,12.25,4841,520.89,0,38.82,411.87,454.69,444.54
101,2016,124,1900,12.28,4841,81.868,0,4.873,64.143,72.822,66.922
101,2016,124,2000,12.29,4841,0,0,3.353,0,0,0
101,2016,124,2100,12.2,4841,0,0,3.353,0,0,0
101,2016,124,2200,12.32,4841,0,0,3.353,0,0,0
101,2016,124,2300,12.37,4841,0,0,3.353,0,0,0
101,2016,124,2400,12.37,4841,0,0,3.353,0,0,0
102,2016,124,2400,12.12,4841,9800,.866,17.88,8623.2,9299.7,9139.2
101,2016,125,100,12.24,4841,0,0,3.353,0,0,0
101,2016,125,200,12.25,4841,0,0,3.353,0,0,0
101,2016,125,300,12.26,4841,0,0,3.353,0,0,0
101,2016,125,400,12.26,4841,0,0,3.353,0,0,0
101,2016,125,500,12.28,4841,0,0,3.353,0,0,0
101,2016,125,600,12.32,4841,.09598,0,3.353,.06078,.58865,.03513
101,2016,125,700,12.3,4841,12.219,0,3.476,11.41,12.693,13.025
101,2016,125,800,12.29,4841,502.35,.5,125.8,371.6,462.31,418.73
101,2016,125,900,12.24,4841,1246.1,1,393.5,964.09,1184.1,1069.3
101,2016,125,1000,12.28,4841,2198.9,1,648,1650.5,1981.3,1819.2
101,2016,125,1100,12.35,4841,2425,.983,450.6,2036.6,2311.1,2201.2
101,2016,125,1200,12.35,4841,2092.8,.133,59.78,1773.8,1954.2,1894.5
101,2016,125,1300,12.32,4841,1932.1,0,5.063,1650.6,1804.3,1764.2
101,2016,125,1400,12.26,4841,1965.2,0,18.61,1609.1,1785.3,1743.1
101,2016,125,1500,12.28,4841,2562.4,.966,310.7,2010.2,2264.2,2222.6
101,2016,125,1600,12.22,4841,1320.9,.866,166.7,1038.7,1157.2,1137.6
101,2016,125,1700,12.24,4841,1517.2,1,565,896.75,1124.3,1109.8
101,2016,125,1800,12.24,4841,872.98,.8,436.4,363.21,509.36,507.14
101,2016,125,1900,12.25,4841,104.51,0,8.23,41.471,46.063,40.697
101,2016,125,2000,12.25,4841,0,0,3.353,0,0,0
101,2016,125,2100,12.22,4841,0,0,3.353,0,0,0
101,2016,125,2200,12.31,4841,0,0,3.353,0,0,0
101,2016,125,2300,12.29,4841,0,0,3.353,0,0,0
101,2016,125,2400,12.27,4841,0,0,3.353,0,0,0
102,2016,125,2400,12.22,4841,18753,7.25,134.5,14418,16597,15941
101,2016,126,100,12.35,4841,0,0,3.353,0,0,0
101,2016,126,200,12.32,4841,0,0,3.353,0,0,0
101,2016,126,300,12.29,4841,0,0,3.353,0,0,0
101,2016,126,400,12.26,4841,0,0,3.353,0,0,0
101,2016,126,500,12.31,4841,0,0,3.353,0,0,0
101,2016,126,600,12.26,4841,0,0,3.353,0,0,0
101,2016,126,700,12.26,4841,16.364,0,3.688,14.744,16.323,13.509
101,2016,126,800,12.29,4841,340.64,.083,56.02,280.5,321.31,287.58
101,2016,126,900,12.14,4841,979.43,.766,168.6,818.15,940.35,881.23
101,2016,126,1000,12.28,4841,1374.3,.417,155,1138.4,1278.6,1219.4
101,2016,126,1100,12.31,4841,1445.6,.317,165,1167.8,1310.4,1256.6
101,2016,126,1200,12.22,4841,212.23,0,18.36,176.3,194.24,183.64
101,2016,126,1300,12.3,4841,527,0,10.68,437.55,477.94,471.35
101,2016,126,1400,12.27,4841,969.94,0,3.353,864.6,914.67,906.42
101,2016,126,1500,12.24,4841,1423.4,.317,77.4,1219,1309.3,1283.2
101,2016,126,1600,12.31,4841,1700,1,354.6,1260.9,1435.5,1415.8
101,2016,126,1700,12.31,4841,1402.6,.733,392.9,913.65,1095.1,1077.5
101,2016,126,1800,12.24,4841,442.22,0,51.37,337.89,377.35,368.04
101,2016,126,1900,12.33,4841,103.88,0,8.37,86.537,95.669,89.978
101,2016,126,2000,12.35,4841,0,0,3.353,0,0,0
101,2016,126,2100,12.43,4841,0,0,3.353,0,0,0
101,2016,126,2200,12.42,4841,0,0,3.353,0,0,0
101,2016,126,2300,12.35,4841,0,0,3.353,0,0,0
101,2016,126,2400,12.31,4841,0,0,3.353,0,0,0
102,2016,126,2400,12.14,4841,10938,3.632,62.59,8716,9766.8,9454.3
101,2016,127,100,12.33,4841,0,0,3.353,0,0,0
101,2016,127,200,12.28,4841,0,0,3.353,0,0,0
101,2016,127,300,12.33,4841,0,0,3.353,0,0,0
101,2016,127,400,12.42,4841,0,0,3.353,0,0,0
101,2016,127,500,12.29,4841,0,0,3.353,0,0,0
101,2016,127,600,12.3,4841,0,0,3.353,0,0,0
101,2016,127,700,12.38,4841,11.667,0,3.353,10.003,11.074,11.17
101,2016,127,800,12.39,4841,245.48,0,8.35,220.4,235.91,234.95
101,2016,127,900,12.43,4841,882.6,.5,144.8,797.11,901.8,853.94
101,2016,127,1000,12.39,4841,633.28,0,26.36,552.44,600.92,580.78
101,2016,127,1100,12.39,4841,1748.1,.666,162.6,1465.7,1628.5,1572.8
101,2016,127,1200,12.4,4841,2137,.417,123.6,1771.5,1962.5,1897.2
101,2016,127,1300,12.37,4841,2261.1,.217,91.5,1816.2,2038.8,1976.9
101,2016,127,1400,12.37,4841,2523.4,.666,191.3,1995.8,2250.4,2194
101,2016,127,1500,12.29,4841,2119.8,.683,234.7,1652.3,1864,1827.5
101,2016,127,1600,12.33,4841,2427.7,1,468.3,1712.4,2011.7,1970.9
101,2016,127,1700,12.33,4841,1704.8,1,375.1,1157.2,1371.1,1344.1
101,2016,127,1800,12.25,4841,452.03,.05,43.26,377.78,413.64,401.58
101,2016,127,1900,12.21,4841,63.398,0,3.778,52.811,59.871,53.686
101,2016,127,2000,12.27,4841,0,0,3.353,0,0,0
101,2016,127,2100,12.36,4841,0,0,3.353,0,0,0
101,2016,127,2200,12.25,4841,0,0,3.353,0,0,0
101,2016,127,2300,12.26,4841,0,0,3.353,0,0,0
101,2016,127,2400,12.24,4841,0,0,3.353,0,0,0
102,2016,127,2400,12.21,4841,17210,5.198,79.7,13582,15350,14919
101,2016,128,100,12.2,4841,0,0,3.353,0,0,0
101,2016,128,200,12.2,4841,0,0,3.353,0,0,0
101,2016,128,300,12.26,4841,0,0,3.353,0,0,0
101,2016,128,400,12.26,4841,0,0,3.353,0,0,0
101,2016,128,500,12.19,4841,0,0,3.353,0,0,0
101,2016,128,600,12.28,4841,0,0,3.353,0,0,0
101,2016,128,700,12.28,4841,22.524,0,3.889,18.79,19.303,18.785
101,2016,128,800,12.22,4841,305.06,0,14.74,260.32,285.51,276.04
101,2016,128,900,12.19,4841,1327.6,.9,503.7,1170.3,1453.4,1308
101,2016,128,1000,12.14,4841,1901.3,.716,495.7,1436.4,1717.7,1578.2
101,2016,128,1100,12.19,4841,1860.5,.383,259.3,1498.1,1700.2,1625.4
101,2016,128,1200,12.27,4841,2452.3,.566,319.6,1956.1,2221.4,2139
101,2016,128,1300,12.23,4841,633.45,0,13.26,540.99,590.52,578.23
101,2016,128,1400,12.22,4841,850.08,0,50.96,750.81,800.19,793.84
101,2016,128,1500,12.27,4841,1370.8,.217,71.3,1158.9,1264.5,1240
101,2016,128,1600,12.26,4841,1323.9,1,291.2,917.58,1082.1,1056.3
101,2016,128,1700,12.16,4841,1541.3,.766,498.4,917.87,1146.2,1121.5
101,2016,128,1800,12.2,4841,764.62,.7,328.9,362.91,482.73,475.43
101,2016,128,1900,12.24,4841,97.416,0,7.29,47.818,55.481,49.584
101,2016,128,2000,12.22,4841,0,0,3.353,0,0,0
101,2016,128,2100,12.22,4841,0,0,3.353,0,0,0
101,2016,128,2200,12.18,4841,0,0,3.353,0,0,0
101,2016,128,2300,12.2,4841,0,0,3.353,0,0,0
101,2016,128,2400,12.15,4841,0,0,3.353,0,0,0
102,2016,128,2400,12.14,4841,14451,5.248,120.6,11037,12819,12260
101,2016,129,100,12.26,4841,0,0,3.353,0,0,0
101,2016,129,200,12.16,4841,0,0,3.353,0,0,0
101,2016,129,300,12.2,4841,0,0,3.353,0,0,0
101,2016,129,400,12.22,4841,0,0,3.353,0,0,0
101,2016,129,500,12.37,4841,0,0,3.353,0,0,0
101,2016,129,600,12.26,4841,0,0,3.353,0,0,0
101,2016,129,700,12.29,4841,29.585,0,3.353,14.848,16.703,13.741
101,2016,129,800,12.37,4841,478.19,.45,216,301.89,470.66,369.62
101,2016,129,900,12.44,4841,854.83,.966,534.7,858.69,1131.7,987.88
101,2016,129,1000,12.44,4841,1824.8,.733,439.4,1410.4,1667.6,1548.1
101,2016,129,1100,12.39,4841,1395.9,.367,210.5,1117.8,1274.9,1209.7
101,2016,129,1200,12.4,4841,531.67,0,12.27,465.86,507.11,494.74
101,2016,129,1300,12.43,4841,298.53,0,6.762,201.85,236.5,231.63
101,2016,129,1400,12.42,4841,417.87,0,3.465,296.03,346.1,335.83
101,2016,129,1500,12.41,4841,993.47,0,4.482,871.18,943.47,931.67
101,2016,129,1600,12.37,4841,1143.8,.333,116.8,894,996.21,980.07
101,2016,129,1700,12.38,4841,1194.9,.483,306.1,790.7,943.68,927.41
101,2016,129,1800,12.37,4841,860.98,.483,252,498.19,621.03,608.2
101,2016,129,1900,12.43,4841,97.614,0,4.001,74.449,80.879,76.658
101,2016,129,2000,12.37,4841,0,0,3.353,0,0,0
101,2016,129,2100,12.29,4841,0,0,3.353,0,0,0
101,2016,129,2200,12.35,4841,0,0,3.353,0,0,0
101,2016,129,2300,12.31,4841,0,0,3.353,0,0,0
101,2016,129,2400,12.27,4841,0,0,3.353,0,0,0
102,2016,129,2400,12.16,4841,10122,3.815,89.4,7795.9,9236.5,8715.3
101,2016,130,100,12.24,4841,0,0,3.353,0,0,0
101,2016,130,200,12.33,4841,1.2477,0,3.353,1.1809,1.2754,.0281
101,2016,130,300,12.32,4841,0,0,3.353,0,0,0
101,2016,130,400,12.31,4841,0,0,3.353,0,0,0
101,2016,130,500,12.3,4841,0,0,3.353,0,0,0
101,2016,130,600,12.23,4841,0,0,3.353,.70333,1.398,.18265
101,2016,130,700,12.34,4841,31.18,0,4.024,17.783,19.806,17.387
101,2016,130,800,12.24,4841,458.42,.466,200.6,372.94,523.78,445.81
101,2016,130,900,12.37,4841,842.16,.75,345.7,851.27,1042.1,945.45
101,2016,130,1000,12.38,4841,1407.5,.566,199.3,1149.4,1302.7,1239.9
101,2016,130,1100,12.31,4841,2419,.766,453.4,1884.6,2179.2,2069.7
101,2016,130,1200,12.28,4841,2544.1,.55,342.8,2044.8,2340.3,2256.7
101,2016,130,1300,12.22,4841,3298.9,.816,547.6,2529.4,2940.5,2839.1
101,2016,130,1400,12.3,4841,1563.1,.183,113.8,1231.3,1386.1,1350.7
101,2016,130,1500,12.27,4841,1657.4,.5,262,1240.3,1412,1384.7
101,2016,130,1600,12.34,4841,2369.7,.866,566,1585.4,1895.5,1860.8
101,2016,130,1700,12.32,4841,1650.9,.916,526.5,974.5,1225,1205.3
101,2016,130,1800,12.3,4841,592.34,.4,97.6,401.39,474.05,461.2
101,2016,130,1900,12.3,4841,58.168,0,3.588,52.924,56.781,53.04
101,2016,130,2000,12.28,4841,0,0,3.353,0,0,0
101,2016,130,2100,12.22,4841,0,0,3.353,0,0,0
101,2016,130,2200,12.25,4841,0,0,3.353,0,0,0
101,2016,130,2300,12.28,4841,0,0,3.353,0,0,0
101,2016,130,2400,12.29,4841,0,0,3.353,0,0,0
102,2016,130,2400,12.22,4841,18894,6.781,154.2,14338,16800,16130
101,2016,131,100,12.27,4841,0,0,3.353,0,0,0
101,2016,131,200,12.22,4841,0,0,3.353,0,0,0
101,2016,131,300,12.14,4841,0,0,3.353,0,0,0
101,2016,131,400,12.23,4841,0,0,3.353,0,0,0
101,2016,131,500,12.28,4841,2.8193,0,3.353,2.7091,2.6735,.0843
101,2016,131,600,12.32,4841,0,0,3.353,0,0,0
101,2016,131,700,12.28,4841,.20395,0,3.353,.28654,.33112,.25993
101,2016,131,800,12.24,4841,11.259,0,3.353,9.7511,10.682,10.629
101,2016,131,900,12.29,4841,114,0,3.353,101.43,108.54,108.47
101,2016,131,1000,12.2,4841,438.57,0,3.465,389.41,415.96,411.71
101,2016,131,1100,12.28,4841,889.89,0,3.901,785.2,842.22,831.49
101,2016,131,1200,12.3,4841,1088.1,0,4.181,926.91,1004.8,991.51
101,2016,131,1300,12.28,4841,878.98,0,3.353,740.94,811.55,794.56
101,2016,131,1400,12.29,4841,1342.6,.217,54.29,1113.7,1232.9,1217.3
101,2016,131,1500,12.27,4841,2343.9,.733,275.3,1787.5,2028.5,1998.6
101,2016,131,1600,12.26,4841,2105.5,1,427.1,1524.8,1768.8,1745.3
101,2016,131,1700,12.25,4841,1304.8,.983,305.6,914.35,1061.6,1051.2
101,2016,131,1800,12.2,4841,779.8,.633,269.9,441.93,550.39,543.99
101,2016,131,1900,12.18,4841,76.019,0,10.8,56.692,65.978,59.98
101,2016,131,2000,12.24,4841,0,0,3.353,0,0,0
101,2016,131,2100,12.25,4841,0,0,3.353,0,0,0
101,2016,131,2200,12.24,4841,0,0,3.353,0,0,0
101,2016,131,2300,12.26,4841,0,0,3.353,0,0,0
101,2016,131,2400,12.25,4841,0,0,3.353,0,0,0
102,2016,131,2400,12.14,4841,11376,3.565,58.53,8795.5,9904.9,9765.1
101,2016,132,100,12.36,4841,0,0,3.353,0,0,0
101,2016,132,200,12.37,4841,0,0,3.353,0,0,0
101,2016,132,300,12.28,4841,0,0,3.353,0,0,0
101,2016,132,400,12.3,4841,0,0,3.353,0,0,0
101,2016,132,500,12.29,4841,0,0,3.353,0,0,0
101,2016,132,600,12.31,4841,0,0,3.353,0,0,0
101,2016,132,700,12.39,4841,22.35,0,3.532,12.781,13.98,12.357
101,2016,132,800,12.4,4841,276.95,.167,79.5,249.29,326.13,292.47
101,2016,132,900,12.23,4841,709.05,.55,330.5,708.89,884.47,780.81
101,2016,132,1000,12.21,4841,1621.3,.933,402.5,1275.6,1486.2,1384
101,2016,132,1100,12.27,4841,1589.5,.583,210.5,1312.5,1474.4,1407.2
101,2016,132,1200,12.21,4841,1127.5,0,21.85,979.91,1065.3,1053.9
101,2016,132,1300,12.18,4841,1786,.333,106.7,1421.5,1601.6,1553.7
101,2016,132,1400,12.24,4841,1276.8,0,11.72,1169.4,1229.4,1219.6
101,2016,132,1500,12.28,4841,1071,0,44.24,907.59,983.8,966.99
101,2016,132,1600,12.19,4841,925.53,0,30.2,773.56,837.04,823.11
101,2016,132,1700,12.2,4841,1415.8,.75,309.3,925.49,1112.5,1090.5
101,2016,132,1800,12.31,4841,537.17,.117,49.82,400.44,449.28,439.27
101,2016,132,1900,12.23,4841,92.575,0,5.041,72.053,78.266,73.729
101,2016,132,2000,12.28,4841,0,0,3.353,0,0,0
101,2016,132,2100,12.32,4841,0,0,3.353,0,0,0
101,2016,132,2200,12.34,4841,0,0,3.353,0,0,0
101,2016,132,2300,12.37,4841,0,0,3.353,0,0,0
101,2016,132,2400,12.38,4841,0,0,3.353,0,0,0
102,2016,132,2400,12.18,4841,12451,3.432,68.43,10209,11542,11098
101,2016,133,100,12.34,4841,0,0,3.353,0,0,0
101,2016,133,200,12.4,4841,0,0,3.353,0,0,0
101,2016,133,300,12.36,4841,0,0,3.353,0,0,0
101,2016,133,400,12.38,4841,0,0,3.353,0,0,0
101,2016,133,500,12.35,4841,0,0,3.353,0,0,0
101,2016,133,600,12.27,4841,0,0,3.353,0,0,0
101,2016,133,700,12.37,4841,17.233,0,3.476,14.205,16.151,15.104
101,2016,133,800,12.43,4841,348.34,.383,165.3,329.88,449.62,384.73
101,2016,133,900,12.34,4841,1079.5,1,592.3,1001.4,1320.7,1157
101,2016,133,1000,12.33,4841,2069,1,464.9,1580.6,1866.8,1732.5
101,2016,133,1100,12.29,4841,1925,.733,268.5,1533.4,1751.5,1665.6
101,2016,133,1200,12.34,4841,920.49,0,23.52,834.15,885.21,876.82
101,2016,133,1300,12.39,4841,333.26,0,17.47,393.3,374.49,383.53
101,2016,133,1400,12.3,4841,366.87,0,6.382,409.2,400.96,406.8
101,2016,133,1500,12.28,4841,431.23,0,24.48,438.75,440.72,442.57
101,2016,133,1600,12.35,4841,414.25,0,16.85,372.65,390.79,386.72
101,2016,133,1700,12.23,4841,359.63,0,8.36,277.15,313.62,299.47
101,2016,133,1800,12.22,4841,414.03,.217,80.5,234.44,285.43,258.72
101,2016,133,1900,12.3,4841,55.852,0,9,33.256,42.628,36.818
101,2016,133,2000,12.31,4841,0,0,3.353,0,0,0
101,2016,133,2100,12.26,4841,0,0,3.353,0,0,0
101,2016,133,2200,12.31,4841,0,0,3.353,0,0,0
101,2016,133,2300,12.31,4841,0,0,3.353,0,0,0
101,2016,133,2400,12.28,4841,0,0,3.353,0,0,0
102,2016,133,2400,12.22,4841,8734.8,3.332,71.6,7452.5,8538.7,8046.3
101,2016,134,100,12.38,4841,0,0,3.353,0,0,0
101,2016,134,200,12.3,4841,0,0,3.353,0,0,0
101,2016,134,300,12.32,4841,0,0,3.353,0,0,0
101,2016,134,400,12.32,4841,0,0,3.353,0,0,0
101,2016,134,500,12.32,4841,0,0,3.353,0,0,0
101,2016,134,600,12.3,4841,0,0,3.353,0,0,0
101,2016,134,700,12.18,4841,3.845,0,3.353,3.369,3.7894,2.9857
101,2016,134,800,12.32,4841,170.25,0,3.353,147.49,159.49,152.89
101,2016,134,900,12.34,4841,773.56,.267,76.6,656.02,724.2,694.1
101,2016,134,1000,12.56,4841,1338.4,.35,88.6,1087.9,1220,1163.6
101,2016,134,1100,12.54,4841,353.05,0,5.203,286.85,321.99,308.35
101,2016,134,1200,12.54,4841,1030.9,0,5.728,887.2,962.38,944.51
101,2016,134,1300,12.53,4841,2152.7,.25,91.8,1719.5,1934.8,1891.1
101,2016,134,1400,12.52,4841,3626.1,1,692.6,2641.9,3115,3039.3
101,2016,134,1500,12.51,4841,3048.9,.933,619.1,2163.1,2570.8,2510.1
101,2016,134,1600,12.51,4841,2273.6,.816,497.9,1543.1,1855.3,1823.6
101,2016,134,1700,12.48,4841,1547,.816,494.5,919.11,1158.9,1144.3
101,2016,134,1800,12.33,4841,628.27,.4,212,297.2,389,379.69
101,2016,134,1900,12.28,4841,112.98,0,8.89,51.265,54.708,50.693
101,2016,134,2000,12.28,4841,0,0,3.353,0,0,0
101,2016,134,2100,12.27,4841,0,0,3.353,0,0,0
101,2016,134,2200,12.2,4841,0,0,3.353,0,0,0
101,2016,134,2300,12.28,4841,0,0,3.353,0,0,0
101,2016,134,2400,12.28,4841,0,0,3.353,0,0,0
102,2016,134,2400,12.18,4841,17059,4.831,118.2,12404,14470,14105
101,2016,135,100,12.36,4841,0,0,3.353,0,0,0
101,2016,135,200,12.27,4841,0,0,3.353,0,0,0
101,2016,135,300,12.27,4841,0,0,3.353,0,0,0
101,2016,135,400,12.31,4841,0,0,3.353,0,0,0
101,2016,135,500,12.3,4841,0,0,3.353,0,0,0
101,2016,135,600,12.37,4841,0,0,3.353,0,0,0
101,2016,135,700,12.16,4841,15.908,0,3.353,13.268,15.207,12.596
101,2016,135,800,12.27,4841,348.05,.267,117.1,318,393.87,350.2
101,2016,135,900,12.24,4841,1118.4,1,599.7,996.51,1321.6,1157.5
101,2016,135,1000,12.25,4841,2243.6,1,656.5,1578.9,1956,1776.3
101,2016,135,1100,12.23,4841,2795,1,629.7,2022.1,2451.7,2273.3
101,2016,135,1200,12.25,4841,1571.4,.317,148.4,1232.2,1409.9,1340.7
101,2016,135,1300,12.18,4841,1634.9,.267,166,1299.2,1469.4,1420.3
101,2016,135,1400,12.1,4841,501.16,0,42.89,413.92,446.89,438.06
101,2016,135,1500,12.15,4841,540.59,0,3.353,512.26,533.79,539.29
101,2016,135,1600,12.06,4841,1344.3,.45,156.6,994.07,1142.7,1128.7
101,2016,135,1700,12.02,4841,1190.4,.883,322,735.32,902.61,886.51
101,2016,135,1800,12.08,4841,803.38,.683,295.9,407.77,537.4,526.63
101,2016,135,1900,12.16,4841,60.729,0,6.063,41.992,49.104,45.881
101,2016,135,2000,12.16,4841,0,0,3.353,0,0,0
101,2016,135,2100,12.14,4841,0,0,3.353,0,0,0
101,2016,135,2200,12.01,4841,0,0,3.353,0,0,0
101,2016,135,2300,12.14,4841,0,0,3.353,0,0,0
101,2016,135,2400,12.14,4841,0,0,3.353,0,0,0
102,2016,135,2400,12.01,4841,14168,5.864,132.7,10565,12630,11896
101,2016,136,100,12.15,4841,0,0,3.353,0,0,0
101,2016,136,200,12.09,4841,0,0,3.353,0,0,0
101,2016,136,300,11.92,4841,0,0,3.353,0,0,.00703
101,2016,136,400,12.04,4841,0,0,3.353,0,0,0
101,2016,136,500,12.16,4841,0,0,3.353,0,0,0
101,2016,136,600,12.14,4841,0,0,3.353,0,0,0
101,2016,136,700,12.2,4841,12.921,0,3.353,11.227,12.999,11.95
101,2016,136,800,12.21,4841,197.34,0,3.962,182.12,192.86,189.12
101,2016,136,900,12.06,4841,457.98,0,19.2,414.46,441.39,435.1
101,2016,136,1000,12.19,4841,1307.2,.35,122.2,1063.8,1202.9,1160.4
101,2016,136,1100,12.29,4841,2958.2,.866,517,2117.9,2570.2,2418.2
101,2016,136,1200,12.29,4841,2809.3,.866,487.8,2068,2454,2338.7
101,2016,136,1300,11.98,4841,3402.4,.966,606.1,2478.9,2952.6,2832.7
101,2016,136,1400,11.98,4841,2654.4,.6,370.3,1950.9,2282.7,2210.1
101,2016,136,1500,12.09,4841,2063.1,.633,367.8,1455.8,1735.3,1696.1
101,2016,136,1600,12.15,4841,2159.3,.85,544.5,1395.5,1707.8,1673.9
101,2016,136,1700,12.14,4841,1839.8,1,618,1040.3,1348.2,1331.2
101,2016,136,1800,12.06,4841,870.84,.683,352.1,376.68,519.82,504.03
101,2016,136,1900,12.06,4841,96.235,0,8.03,41.645,46.062,41.42
101,2016,136,2000,12.11,4841,0,0,3.353,0,0,0
101,2016,136,2100,12.16,4841,0,0,3.353,0,0,0
101,2016,136,2200,12.13,4841,0,0,3.353,0,0,0
101,2016,136,2300,12.17,4841,0,0,3.353,0,0,0
101,2016,136,2400,12.14,4841,0,0,3.353,0,0,0
102,2016,136,2400,11.92,4841,20829,6.814,169.1,14597,17467,16843
101,2016,137,100,12.06,4841,0,0,3.353,0,0,0
101,2016,137,200,12.11,4841,0,0,3.353,0,0,0
101,2016,137,300,12.14,4841,0,0,3.353,0,0,0
101,2016,137,400,12.16,4841,0,0,3.353,0,0,.00703
101,2016,137,500,12.16,4841,0,0,3.353,0,.28206,0
101,2016,137,600,12.12,4841,0,0,3.353,.49494,1.2386,.0281
101,2016,137,700,12.21,4841,8.2479,0,3.353,8.7526,10.988,8.2756
101,2016,137,800,12.13,4841,151.24,0,3.851,137.51,146.23,143.2
101,2016,137,900,11.88,4841,416.11,0,13.13,344.13,377.93,369.29
101,2016,137,1000,11.98,4841,2034.5,.8,491.2,1584.7,1864.3,1741.2
101,2016,137,1100,12.02,4841,2689.2,1,550.7,2122.1,2466.2,2338.1
101,2016,137,1200,11.95,4841,3005.9,.966,602.5,2247.3,2682.3,2551.1
101,2016,137,1300,12.02,4841,3278,1,527.8,2389.4,2855.3,2728.6
101,2016,137,1400,12.07,4841,2458.4,.933,218.3,1811.7,2133.9,2065.9
101,2016,137,1500,12,4841,2572.7,.966,500.9,1841,2169.3,2119.8
101,2016,137,1600,11.98,4841,2395,.95,526.6,1576.2,1922,1879.8
101,2016,137,1700,11.94,4841,1674.3,1,562.9,931.35,1216.1,1197.2
101,2016,137,1800,12,4841,831.55,.683,320.3,350,481.84,473.04
101,2016,137,1900,12.02,4841,129.97,0,7.02,69.643,73.908,70.19
101,2016,137,2000,12,4841,0,0,3.353,0,0,0
101,2016,137,2100,12.04,4841,0,0,3.353,0,0,0
101,2016,137,2200,12.08,4841,0,0,3.353,0,0,0
101,2016,137,2300,12.1,4841,0,0,3.353,0,0,0
101,2016,137,2400,12.11,4841,0,0,3.353,0,0,0
102,2016,137,2400,11.88,4841,21645,8.3,181.9,15414,18402,17686
101,2016,138,100,12.12,4841,0,0,3.353,0,0,0
101,2016,138,200,12.1,4841,0,0,3.353,0,0,0
101,2016,138,300,12.1,4841,0,0,3.353,0,0,0
101,2016,138,400,12.04,4841,0,0,3.353,0,0,0
101,2016,138,500,12.04,4841,0,0,3.353,0,0,0
101,2016,138,600,12.06,4841,0,0,3.353,0,0,0
101,2016,138,700,12.03,4841,15.584,0,3.353,14.423,15.697,14.788
101,2016,138,800,12.07,4841,302.07,.083,39.04,255.94,293.85,269.37
101,2016,138,900,12.03,4841,915.57,.9,482,847.35,1120.3,981.96
101,2016,138,1000,12.06,4841,2088.7,.95,595.1,1459.7,1821.5,1653.1
101,2016,138,1100,12.02,4841,1940,.733,411.7,1470.6,1749.9,1643.7
101,2016,138,1200,12.01,4841,2991.8,.833,476.7,2242.7,2662.5,2533
101,2016,138,1300,11.92,4841,2720.5,.6,292.2,2036.6,2400.6,2308.1
101,2016,138,1400,12,4841,1435,.167,100.2,1117.3,1268.8,1242.1
101,2016,138,1500,12.02,4841,2281.6,.683,379.3,1651.6,1962,1912.5
101,2016,138,1600,12.01,4841,1890.9,.75,441.5,1234.1,1497.9,1467.6
101,2016,138,1700,12,4841,1379.2,.8,404.5,770.37,1003.9,980.27
101,2016,138,1800,11.96,4841,507.9,.2,88.1,332.86,397.8,381.87
101,2016,138,1900,11.95,4841,152.16,0,11,86.068,92.75,88.004
101,2016,138,2000,12.03,4841,0,0,3.353,0,0,0
101,2016,138,2100,11.99,4841,0,0,3.353,0,0,0
101,2016,138,2200,12.02,4841,0,0,3.353,0,0,0
101,2016,138,2300,12.04,4841,0,0,3.353,0,0,0
101,2016,138,2400,12.04,4841,0,0,3.353,0,0,0
102,2016,138,2400,11.92,4841,18621,6.697,156.7,13520,16287,15476
101,2016,139,100,12.02,4841,0,0,3.353,0,0,0
101,2016,139,200,12.07,4841,0,0,3.353,0,0,0
101,2016,139,300,12.1,4841,0,0,3.353,0,0,0
101,2016,139,400,12.1,4841,0,0,3.353,0,0,0
101,2016,139,500,12.08,4841,0,0,3.353,0,0,0
101,2016,139,600,12.1,4841,0,0,3.353,0,0,0
101,2016,139,700,12.1,4841,18.445,0,3.353,14.614,16.58,12.961
101,2016,139,800,12.07,4841,283.95,.333,149.1,250.6,404.22,323.89
101,2016,139,900,12.12,4841,833.93,.716,331.8,744.05,954.75,855.79
101,2016,139,1000,12.08,4841,1810.4,.95,536.6,1258.4,1575.8,1421.8
101,2016,139,1100,12.04,4841,1417.5,.35,226.1,1138.7,1310.2,1251.6
101,2016,139,1200,12.07,4841,1301.4,.15,107.6,1037.6,1180.8,1143.8
101,2016,139,1300,12.04,4841,302.39,.017,26.15,257.99,280.03,270.2
101,2016,139,1400,12.02,4841,249.42,0,3.576,200.86,219.83,219.7
101,2016,139,1500,12,4841,1727.6,.583,169.7,1328.5,1510.9,1494.3
101,2016,139,1600,12.03,4841,2425.2,1,533.4,1671.3,1989.5,1958.9
101,2016,139,1700,12,4841,1701.5,1,589.1,961.34,1242.5,1224.8
101,2016,139,1800,12.09,4841,821.24,.666,331,324.25,456.72,445.14
101,2016,139,1900,12.08,4841,104.87,0,7.66,47.21,51.667,46.619
101,2016,139,2000,12.05,4841,0,0,3.353,0,0,0
101,2016,139,2100,12.15,4841,0,0,3.353,0,0,0
101,2016,139,2200,12.15,4841,0,0,3.353,0,0,0
101,2016,139,2300,12.14,4841,0,0,3.353,0,0,0
101,2016,139,2400,12.14,4841,0,0,3.353,0,0,0
102,2016,139,2400,12,4841,12998,5.764,127.2,9235.4,11194,10670
101,2016,140,100,12.14,4841,0,0,3.353,0,0,0
101,2016,140,200,12.23,4841,0,0,3.353,0,0,0
101,2016,140,300,12.14,4841,0,0,3.353,0,0,0
101,2016,140,400,12.16,4841,0,0,3.353,0,0,0
101,2016,140,500,12.2,4841,0,0,3.353,0,0,0
101,2016,140,600,12.22,4841,0,0,3.353,0,0,0
101,2016,140,700,12.24,4841,20.341,0,4.241,17.271,18.91,17.675
101,2016,140,800,12.2,4841,172.49,0,5.706,156.96,165.64,161.42
101,2016,140,900,12.15,4841,505.49,0,4.057,456.17,483.12,474.68
101,2016,140,1000,12.18,4841,899.27,.067,43.41,750.97,826.51,798.49
101,2016,140,1100,12.17,4841,2090.9,.833,340.7,1676.5,1920.5,1839.4
101,2016,140,1200,12.11,4841,2842.2,1,461.4,2186,2559.5,2442.2
101,2016,140,1300,12.08,4841,2541.2,.55,203.1,1974,2275.5,2191.9
101,2016,140,1400,12.1,4841,1410,.033,18.97,1261.4,1354.1,1332.2
101,2016,140,1500,12.12,4841,1226.9,0,9.22,1128.7,1190.9,1178.3
101,2016,140,1600,12.12,4841,2402.8,.816,490.9,1710.2,2003.9,1976
101,2016,140,1700,12.15,4841,1210.2,.633,266.4,808.23,967.95,950.77
101,2016,140,1800,12.1,4841,384.89,.1,55.79,240.88,270.51,265.11
101,2016,140,1900,12.1,4841,57.91,0,6.387,37.868,41.942,37.121
101,2016,140,2000,12.11,4841,0,0,3.353,0,0,0
101,2016,140,2100,12.2,4841,0,0,3.353,0,0,0
101,2016,140,2200,12.15,4841,0,0,3.353,0,0,0
101,2016,140,2300,12.18,4841,0,0,3.353,0,0,0
101,2016,140,2400,12.16,4841,0,0,3.353,0,0,0
102,2016,140,2400,12.08,4841,15765,4.032,81.1,12405,14079,13665
101,2016,141,100,12.17,4841,0,0,3.353,0,0,0
101,2016,141,200,12.19,4841,0,0,3.353,0,0,0
101,2016,141,300,12.16,4841,0,0,3.353,0,0,0
101,2016,141,400,12.15,4841,0,0,3.353,0,0,0
101,2016,141,500,12.16,4841,0,0,3.353,0,0,0
101,2016,141,600,12.1,4841,0,0,3.353,0,0,0
101,2016,141,700,12.11,4841,4.4629,0,3.353,3.8466,4.746,3.639
101,2016,141,800,12.14,4841,100.13,0,4.264,87.118,95.852,92.24
101,2016,141,900,12.16,4841,234.16,0,5.415,208.15,224.47,218.94
101,2016,141,1000,12.14,4841,1296.1,.333,161.4,1063,1199.3,1148.8
101,2016,141,1100,12.14,4841,1744.3,1,321.2,1367,1577.8,1495.1
101,2016,141,1200,12.16,4841,2868,.75,377.5,2192.6,2565,2453.1
101,2016,141,1300,12.22,4841,2866.4,.633,246.3,2174.7,2528.7,2438.2
101,2016,141,1400,12.08,4841,3055,.916,361.9,2247.4,2629.8,2547.9
101,2016,141,1500,12.12,4841,2480.8,1,431.3,1784.5,2106.3,2050.9
101,2016,141,1600,12.1,4841,1970.1,1,346.7,1397.2,1632.7,1603.6
101,2016,141,1700,12.1,4841,1750.9,1,565.8,966.73,1263.4,1238.7
101,2016,141,1800,12.08,4841,542.8,.516,199.4,251.59,343.76,330.49
101,2016,141,1900,12.13,4841,69.403,0,10.05,50.18,58.105,52.717
101,2016,141,2000,12.08,4841,0,0,3.353,0,0,0
101,2016,141,2100,12.08,4841,0,0,3.353,0,0,0
101,2016,141,2200,12.12,4841,0,0,3.353,0,0,0
101,2016,141,2300,12.24,4841,0,0,3.353,0,0,0
101,2016,141,2400,12.25,4841,0,0,3.353,0,0,0
102,2016,141,2400,12.08,4841,18982,7.15,128,13794,16230,15674
101,2016,142,100,12.21,4841,0,0,3.353,0,0,0
101,2016,142,200,12.12,4841,0,0,3.353,0,0,0
101,2016,142,300,12.1,4841,0,0,3.353,0,0,0
101,2016,142,400,12.08,4841,0,0,3.353,0,0,0
101,2016,142,500,12.04,4841,0,0,3.353,0,0,0
101,2016,142,600,12.16,4841,0,0,3.353,0,0,0
101,2016,142,700,12.16,4841,16.136,0,3.727,12.443,14.471,12.224
101,2016,142,800,12.18,4841,289.36,.267,111.8,266.21,371.84,317.47
101,2016,142,900,12.11,4841,1080.1,1,480.2,836.97,1117.2,974.61
101,2016,142,1000,12.14,4841,2162.3,.933,540.9,1546.7,1902.2,1748.2
101,2016,142,1100,12.09,4841,2397.4,.8,473.2,1767.9,2105.9,1981.3
101,2016,142,1200,12.11,4841,2844.6,.85,498.8,2095.2,2501.7,2384.2
101,2016,142,1300,12.04,4841,2086.8,.433,236.2,1581.5,1852.5,1786.8
101,2016,142,1400,12.12,4841,2398.7,.583,384.1,1749.8,2069.8,2012.4
101,2016,142,1500,12.13,4841,2749.1,.9,570.5,1903.7,2304.9,2240.4
101,2016,142,1600,12.13,4841,2443.6,1,609.5,1544.5,1911.3,1867.2
101,2016,142,1700,12.18,4841,1653.2,1,556.8,907.49,1187.4,1164.1
101,2016,142,1800,12.14,4841,786.52,.633,288.3,333.08,455.23,443.17
101,2016,142,1900,12.13,4841,105.7,0,11.15,57.058,62.643,57.838
101,2016,142,2000,12.12,4841,0,0,3.353,0,0,0
101,2016,142,2100,12.1,4841,0,0,3.353,0,0,0
101,2016,142,2200,12.06,4841,0,0,3.353,0,0,0
101,2016,142,2300,12.07,4841,0,0,3.353,0,0,0
101,2016,142,2400,12.07,4841,0,0,3.353,0,0,0
102,2016,142,2400,12.04,4841,21013,8.4,200.1,14602,17857,16990
101,2016,143,100,12.17,4841,0,0,3.353,0,0,0
101,2016,143,200,12.13,4841,0,0,3.353,0,0,0
101,2016,143,300,12.11,4841,0,0,3.353,0,0,0
101,2016,143,400,12.14,4841,0,0,3.353,0,0,0
101,2016,143,500,12.1,4841,0,0,3.353,0,0,0
101,2016,143,600,12.1,4841,0,0,3.353,0,0,0
101,2016,143,700,12.16,4841,22.602,0,3.906,18.356,20.799,19.052
101,2016,143,800,12.15,4841,265.61,0,8.85,217.39,238.26,229.32
101,2016,143,900,12.18,4841,723.39,.267,95,593.77,669.1,640.38
101,2016,143,1000,12.12,4841,1669.3,.916,367.1,1225.8,1470.8,1365.5
101,2016,143,1100,12.15,4841,1996.8,.516,308,1515.8,1777.6,1685.9
101,2016,143,1200,12.2,4841,1620.6,.25,125.9,1280,1443.5,1391.1
101,2016,143,1300,12.18,4841,2150,.35,200.1,1671.3,1917.5,1857.3
101,2016,143,1400,12.1,4841,2187,.433,221.3,1658.8,1901.3,1855.6
101,2016,143,1500,12.16,4841,1732,.267,163,1322.9,1517.1,1476.5
101,2016,143,1600,12.12,4841,1344.2,.45,193.3,998.08,1147.6,1131.6
101,2016,143,1700,12.16,4841,1804.4,.966,476.5,1103.2,1365,1344.5
101,2016,143,1800,12.19,4841,567.65,.133,89.9,411.61,471.41,461.42
101,2016,143,1900,12.17,4841,111.8,0,10.08,87.032,94.492,90.344
101,2016,143,2000,12.22,4841,0,0,3.353,0,0,0
101,2016,143,2100,12.22,4841,0,0,3.353,0,0,0
101,2016,143,2200,12.2,4841,0,0,3.353,0,0,0
101,2016,143,2300,12.16,4841,0,0,3.353,0,0,0
101,2016,143,2400,12.18,4841,0,0,3.353,0,0,0
102,2016,143,2400,12.1,4841,16195,4.548,95.8,12104,14034,13548
101,2016,144,100,12.14,4841,0,0,3.353,0,0,0
101,2016,144,200,12.12,4841,0,0,3.353,0,0,0
101,2016,144,300,12.21,4841,0,0,3.353,0,0,0
101,2016,144,400,12.2,4841,0,0,3.353,0,0,0
101,2016,144,500,12.24,4841,0,0,3.353,0,0,0
101,2016,144,600,12.2,4841,0,0,3.353,0,0,0
101,2016,144,700,12.25,4841,10.875,0,3.409,9.0739,11.381,9.0062
101,2016,144,800,12.23,4841,239.27,.083,51.43,206.16,243.76,222.66
101,2016,144,900,12.12,4841,848.17,.733,295.5,629.67,808.43,709.63
101,2016,144,1000,12.22,4841,507.94,.033,32.25,418.49,466.49,452.76
101,2016,144,1100,12.21,4841,900.87,.067,45.67,717.43,814.6,789.94
101,2016,144,1200,12.26,4841,2145.8,.483,271.1,1651.7,1914.5,1843.2
101,2016,144,1300,12.19,4841,1741,.283,173.4,1340.4,1554,1498.6
101,2016,144,1400,12.32,4841,1222.7,.05,23.24,1082.6,1175.6,1159.3
101,2016,144,1500,12.24,4841,802.21,0,10.05,691.37,752.08,731.12
101,2016,144,1600,12.31,4841,539.4,0,21.79,481.57,515.18,505.12
101,2016,144,1700,12.34,4841,708.6,0,29.74,549.34,616.4,601.09
101,2016,144,1800,12.27,4841,388.59,0,54.19,278.32,310.52,303.4
101,2016,144,1900,12.21,4841,86.12,0,7.57,55.537,62.471,57.367
101,2016,144,2000,12.12,4841,0,0,3.353,0,0,0
101,2016,144,2100,12.22,4841,0,0,3.353,0,0,0
101,2016,144,2200,12.09,4841,0,0,3.353,0,0,0
101,2016,144,2300,12.15,4841,0,0,3.353,0,0,0
101,2016,144,2400,12.16,4841,0,0,3.353,0,0,0
102,2016,144,2400,12.09,4841,10142,1.733,44.01,8111.7,9245.4,8883.2
101,2016,145,100,12.2,4841,0,0,3.353,0,0,0
101,2016,145,200,12.17,4841,0,0,3.353,0,0,0
101,2016,145,300,12.16,4841,0,0,3.353,.12156,1.0301,0
101,2016,145,400,12.16,4841,0,0,3.353,0,0,0
101,2016,145,500,12.19,4841,0,0,3.353,0,0,0
101,2016,145,600,12.13,4841,0,0,3.353,0,0,0
101,2016,145,700,12.18,4841,17.264,0,3.353,14.527,16.09,14.886
101,2016,145,800,12.08,4841,333.59,.2,76.5,313.48,411.43,361.51
101,2016,145,900,12.18,4841,680.88,.317,115.8,556.41,649.75,605.34
101,2016,145,1000,12.17,4841,2043.6,.95,537.9,1422.5,1775.2,1619.5
101,2016,145,1100,12.11,4841,2688.2,.966,620.6,1930.1,2349.5,2192.1
101,2016,145,1200,12.17,4841,2733,.683,438.1,2027.5,2409.7,2295.2
101,2016,145,1300,12.15,4841,2150.6,.5,282.9,1608.5,1886.4,1815.5
101,2016,145,1400,12.11,4841,3265.3,.966,568.6,2313.7,2773.5,2682.2
101,2016,145,1500,12.13,4841,3115.8,1,607.7,2129.7,2590.3,2507.8
101,2016,145,1600,12.17,4841,2685.4,.883,466.6,1816,2195.8,2138
101,2016,145,1700,12.16,4841,1691.1,.85,427.6,1026.8,1280,1249.6
101,2016,145,1800,12.11,4841,657.45,.5,214.2,295.07,385.47,373.4
101,2016,145,1900,12.19,4841,94.262,0,9.84,48.965,54.23,49.106
101,2016,145,2000,12.23,4841,0,0,3.353,0,0,0
101,2016,145,2100,12.25,4841,0,0,3.353,0,0,0
101,2016,145,2200,12.25,4841,0,0,3.353,0,0,0
101,2016,145,2300,12.23,4841,0,0,3.353,0,0,0
101,2016,145,2400,12.24,4841,0,0,3.353,0,0,0
102,2016,145,2400,12.08,4841,22156,7.81,183.6,15503,18778,17904
101,2016,146,100,12.21,4841,0,0,3.353,0,0,0
101,2016,146,200,12.15,4841,0,0,3.353,0,0,0
101,2016,146,300,12.13,4841,0,0,3.353,0,0,0
101,2016,146,400,12.21,4841,0,0,3.353,0,0,0
101,2016,146,500,12.16,4841,0,0,3.353,0,0,0
101,2016,146,600,12.17,4841,0,0,3.353,0,0,0
101,2016,146,700,12.13,4841,12.315,0,3.353,10.237,11.663,9.1397
101,2016,146,800,12.14,4841,254.8,.183,82.9,240.21,342.55,287.77
101,2016,146,1000,12.25,4841,1756.7,1.216,377.7,1182.1,1548.2,1364.7
101,2016,146,1100,12.47,4841,1174.4,.4,194.4,905.31,1050.5,994.19
101,2016,146,1200,12.54,4841,1464.7,.433,179.5,1153.1,1326.7,1274.3
101,2016,146,1300,12.56,4841,2557.7,.683,338.1,2000,2314.8,2233.7
101,2016,146,1400,12.58,4841,2198.1,.433,227.1,1671.4,1938.4,1878
101,2016,146,1500,12.57,4841,2183.2,.516,207.5,1620.3,1872,1824.4
101,2016,146,1600,12.56,4841,1885.8,.383,161.3,1461,1658.4,1624.4
101,2016,146,1700,12.56,4841,1536.8,.816,321.2,1011,1217.4,1191.3
101,2016,146,1800,12.56,4841,512.43,.217,128.4,313.1,386.14,371.04
101,2016,146,1900,12.58,4841,181.77,0,19.73,94.109,103.86,98.17
101,2016,146,2000,12.58,4841,2.3574,0,3.353,1.3806,2.1339,.88517
101,2016,146,2100,12.58,4841,0,0,3.353,0,0,0
101,2016,146,2200,12.57,4841,0,0,3.353,0,0,0
101,2016,146,2300,12.55,4841,0,0,3.353,0,0,0
101,2016,146,2400,12.55,4841,0,0,3.353,0,0,0
102,2016,146,2400,12.13,4841,15721,5.281,105.8,11663,13773,13152
101,2016,147,100,12.54,4841,0,0,3.353,0,0,0
101,2016,147,200,12.53,4841,0,0,3.353,0,0,0
101,2016,147,300,12.35,4841,0,0,3.353,0,0,0
101,2016,147,400,12.35,4841,0,0,3.353,0,0,0
101,2016,147,500,12.29,4841,0,0,3.353,0,0,0
101,2016,147,600,12.33,4841,0,0,3.353,0,0,0
101,2016,147,700,12.35,4841,.012,0,3.353,.0521,.14716,0
101,2016,147,800,12.35,4841,108.7,0,4.582,95.471,106.13,96.392
101,2016,147,900,12.44,4841,526.54,.2,107.9,408.27,480.76,445.34
101,2016,147,1000,12.49,4841,1400.8,.783,372.5,956.81,1212.6,1086.6
101,2016,147,1100,12.53,4841,1621.3,.466,286.7,1218.8,1432.9,1343.7
101,2016,147,1200,12.55,4841,1619.5,.367,152.1,1276.2,1458.6,1406.5
101,2016,147,1300,12.53,4841,1968.8,.367,196.6,1585.8,1797,1733.7
101,2016,147,1400,12.53,4841,1042.9,.15,67.33,763.31,893.94,861.71
101,2016,147,1500,12.51,4841,589.65,0,21.88,477.28,528.47,517.25
101,2016,147,1600,12.51,4841,2132.3,.75,374.6,1474.2,1762.4,1719.9
101,2016,147,1700,12.35,4841,1951.7,1,549.7,1117.7,1438.9,1394.7
101,2016,147,1800,12.41,4841,1107.2,1,439.8,522.89,720.91,692.19
101,2016,147,1900,12.42,4841,320.3,.033,36.05,142.43,164.97,157.01
101,2016,147,2000,12.44,4841,4.073,0,3.353,2.3011,3.6178,1.8968
101,2016,147,2100,12.42,4841,0,0,3.353,0,0,0
101,2016,147,2200,12.33,4841,0,0,3.353,0,0,0
101,2016,147,2300,12,4841,0,0,3.353,0,0,0
101,2016,147,2400,12.11,4841,0,0,3.353,0,0,0
102,2016,147,2400,12,4841,14394,5.115,110.4,10041,12001,11457
101,2016,148,100,12.22,4841,0,0,3.353,0,0,0
101,2016,148,200,12.15,4841,0,0,3.353,0,0,0
101,2016,148,300,12.21,4841,0,0,3.353,0,0,0
101,2016,148,400,12.21,4841,0,0,3.353,0,0,0
101,2016,148,500,12.02,4841,0,0,3.353,0,0,0
101,2016,148,600,12.13,4841,0,0,3.353,0,0,0
101,2016,148,700,12.18,4841,0,0,3.353,0,.07358,0
101,2016,148,800,12.16,4841,117.04,0,17.48,101.88,135.42,116.92
101,2016,148,900,12.02,4841,729.59,.583,250.1,488.21,679.04,578.87
101,2016,148,1000,11.96,4841,1194.6,.466,186.8,892.57,1052.2,980.01
101,2016,148,1100,12.1,4841,2611.7,1,549.4,1874.6,2260.9,2098.3
101,2016,148,1200,11.97,4841,996.27,.25,94.3,790.25,895.61,852.9
101,2016,148,1300,12.08,4841,402.04,0,20.32,354.56,381.04,372.16
101,2016,148,1400,12.03,4841,3007.2,.85,469.3,2156.5,2562.6,2486.7
101,2016,148,1500,12.02,4841,1895.9,.35,179.9,1416.8,1632.4,1588.9
101,2016,148,1600,12.08,4841,2362.4,.816,461.1,1539.6,1883.8,1838.4
101,2016,148,1700,12.02,4841,1485.5,.683,365.7,883.64,1120.5,1082.6
101,2016,148,1800,11.67,4841,404.67,.117,68.5,273.06,319.7,309.58
101,2016,148,1900,11.73,4841,215.48,.017,23.05,114.44,126.57,120.65
101,2016,148,2000,11.69,4841,4.8528,0,3.353,2.9176,3.998,2.508
101,2016,148,2100,11.86,4841,0,0,3.353,0,0,0
101,2016,148,2200,11.9,4841,0,0,3.353,0,0,0
101,2016,148,2300,11.84,4841,0,0,3.353,0,0,0
101,2016,148,2400,11.94,4841,0,0,3.353,0,0,0
102,2016,148,2400,11.67,4841,15427,5.131,113.6,10889,13054,12428
101,2016,149,100,11.89,4841,0,0,3.353,0,0,0
101,2016,149,200,11.85,4841,0,0,3.353,0,0,0
101,2016,149,300,11.8,4841,0,0,3.353,0,0,0
101,2016,149,400,11.83,4841,0,0,3.353,0,0,0
101,2016,149,500,11.82,4841,0,0,3.353,0,0,0
101,2016,149,600,11.88,4841,0,0,3.353,0,.12264,0
101,2016,149,700,11.83,4841,.52787,0,3.353,.50363,.89525,.10538
101,2016,149,800,11.83,4841,80.266,0,3.778,63.309,70.639,68.755
101,2016,149,900,11.86,4841,457.74,.033,50.19,356.64,408.45,385.9
101,2016,149,1000,11.87,4841,1536.5,.75,303,1131.5,1360.3,1250.8
101,2016,149,1100,11.81,4841,2420.7,.866,487.8,1756.4,2104.8,1967
101,2016,149,1200,11.81,4841,2555.7,.733,423.6,1920.7,2262.3,2152.3
101,2016,149,1300,11.85,4841,1573.5,.35,179.1,1253.7,1436.3,1387.7
101,2016,149,1400,11.8,4841,1976.1,.45,228.8,1439.3,1694.6,1645.4
101,2016,149,1500,11.75,4841,2974,.866,498.9,2072.8,2477.4,2414.3
101,2016,149,1600,11.92,4841,2683.2,1,537.4,1719.9,2128.4,2076.2
101,2016,149,1700,11.98,4841,1931.4,1,532.3,1100.2,1425.8,1379.3
101,2016,149,1800,11.82,4841,1111.9,1,421.4,522.49,722.14,690.35
101,2016,149,1900,11.88,4841,319.76,.017,30.13,140.58,162.83,154.52
101,2016,149,2000,11.9,4841,4.007,0,3.353,2.0927,3.2376,1.7633
101,2016,149,2100,12.1,4841,0,0,3.353,0,0,0
101,2016,149,2200,12.1,4841,0,0,3.353,0,0,0
101,2016,149,2300,12.03,4841,0,0,3.353,0,0,0
101,2016,149,2400,11.92,4841,0,0,3.353,0,0,0
102,2016,149,2400,11.75,4841,19625,7.06,155.7,13480,16258,15574
101,2016,150,100,11.95,4841,0,0,3.353,0,0,0
101,2016,150,200,12,4841,0,0,3.353,0,0,0
101,2016,150,300,12.06,4841,0,0,3.353,0,0,0
101,2016,150,400,12.07,4841,0,0,3.353,0,0,0
101,2016,150,500,12.01,4841,0,0,3.353,0,0,0
101,2016,150,600,12.07,4841,0,0,3.353,0,0,0
101,2016,150,700,12.04,4841,.78581,0,3.353,.62519,.83393,.46366
101,2016,150,800,12.04,4841,136.18,0,9.05,117.21,128.57,119.44
101,2016,150,900,11.88,4841,475.4,0,31.15,390.69,437.02,409.12
101,2016,150,1000,11.99,4841,1316.9,.766,300.7,911.84,1127.6,1022.8
101,2016,150,1100,12,4841,2296.5,1,512.1,1620.7,1970.8,1820.1
101,2016,150,1200,11.99,4841,2043.6,.616,283.1,1585.8,1821.3,1735.2
101,2016,150,1300,11.95,4841,1736.2,.383,135.9,1366.1,1550.9,1495.1
101,2016,150,1400,12.02,4841,1536.5,.167,56.85,1265.9,1395.4,1367.9
101,2016,150,1500,12,4841,1635.6,.317,144.5,1245.6,1416.4,1384.2
101,2016,150,1600,11.85,4841,2598.2,.983,456.7,1753.2,2118,2057
101,2016,150,1700,11.89,4841,1871.9,1,434.1,1138.8,1427.6,1380.7
101,2016,150,1800,11.97,4841,978.78,1,347.5,487.89,650.44,628.66
101,2016,150,1900,12.03,4841,301.15,.017,31.09,151.49,171.21,165.44
101,2016,150,2000,12.04,4841,5.0688,0,3.426,3.6036,4.5866,3.4002
101,2016,150,2100,11.92,4841,0,0,3.353,0,0,0
101,2016,150,2200,11.96,4841,0,0,3.353,0,0,0
101,2016,150,2300,11.94,4841,0,0,3.353,0,0,0
101,2016,150,2400,12,4841,0,0,3.353,0,0,0
102,2016,150,2400,11.85,4841,16933,6.248,116,12039,14221,13590
101,2016,151,100,11.93,4841,0,0,3.353,0,0,0
101,2016,151,200,11.92,4841,0,0,3.353,0,0,0
101,2016,151,300,11.94,4841,0,0,3.353,0,0,0
101,2016,151,400,11.91,4841,0,0,3.353,0,0,0
101,2016,151,500,11.84,4841,0,0,3.353,0,0,0
101,2016,151,600,11.84,4841,0,0,3.353,0,0,0
101,2016,151,700,11.9,4841,.20395,0,3.353,.22576,.41697,.1405
101,2016,151,800,11.99,4841,80.698,0,3.353,70.16,75.618,72.015
101,2016,151,900,12.05,4841,567.19,.167,64.38,457.48,518.18,489.7
101,2016,151,1000,12.02,4841,1252.5,.45,162.7,990.17,1133.9,1074.4
101,2016,151,1100,11.9,4841,1505.2,.516,165.4,1214,1367.8,1311.6
101,2016,151,1200,11.94,4841,2774.4,1,468.6,2075,2436.4,2327.5
101,2016,151,1300,11.78,4841,2861.9,.8,352.3,2151.5,2504.1,2409.7
101,2016,151,1400,11.91,4841,921.3,0,25.4,792.78,848.98,838.63
101,2016,151,1500,12,4841,1310.9,.217,82,1095,1206.7,1189.9
101,2016,151,1600,11.94,4841,1534.5,.383,139.5,1190.6,1341.3,1318.5
101,2016,151,1700,11.85,4841,1895.9,.833,360.9,1234.5,1493.3,1458.1
101,2016,151,1800,11.89,4841,919.19,.633,273.4,514.38,647.52,629.43
101,2016,151,1900,11.89,4841,405.81,.017,25.47,215.15,246.97,237.44
101,2016,151,2000,11.8,4841,5.6507,0,3.465,2.6744,4.1697,2.7188
101,2016,151,2100,12,4841,0,0,3.353,0,0,0
101,2016,151,2200,11.96,4841,0,0,3.353,0,0,0
101,2016,151,2300,11.96,4841,0,0,3.353,0,0,0
101,2016,151,2400,11.96,4841,0,0,3.353,0,0,0
102,2016,151,2400,11.78,4841,16035,5.015,90.2,12004,13825,13360
101,2016,152,100,12,4841,0,0,3.353,0,0,0
101,2016,152,200,12.02,4841,0,0,3.353,0,0,0
101,2016,152,300,11.96,4841,0,0,3.353,0,0,0
101,2016,152,400,11.94,4841,0,0,3.353,0,0,0
101,2016,152,500,11.86,4841,0,0,3.353,0,0,0
101,2016,152,600,11.93,4841,0,0,3.353,0,0,0
101,2016,152,700,11.91,4841,.06598,0,3.353,.08683,.22075,.04215
101,2016,152,800,11.9,4841,65.78,0,3.353,55.269,60.423,57.065
101,2016,152,900,11.8,4841,367.71,0,4.51,304.89,334.29,324.46
101,2016,152,1000,11.88,4841,809.67,0,10.51,699.46,754.01,736.38
101,2016,152,1100,11.83,4841,1402.5,.716,198.8,1075.8,1245.3,1183.5
101,2016,152,1200,11.94,4841,2889.7,1,500.3,2098.2,2502.1,2368.4
101,2016,152,1300,11.97,4841,2528.3,.716,294.3,1875.3,2196.7,2103.8
101,2016,152,1400,11.96,4841,1169.5,.117,60.39,944.31,1054.3,1016.5
101,2016,152,1500,11.87,4841,647.14,.017,19.79,489.22,559.46,535.8
101,2016,152,1600,11.92,4841,632.97,.383,92.4,461.2,536.4,528.66
101,2016,152,1700,11.9,4841,1686.9,1,479.7,984.16,1261.7,1230.9
101,2016,152,1800,11.93,4841,1046.7,1,429.3,491.82,688.81,666.09
101,2016,152,1900,11.89,4841,313.95,.017,26.05,132.27,153.26,145.49
101,2016,152,2000,11.9,4841,2.8193,0,3.353,1.5109,2.4773,1.0959
101,2016,152,2100,12.02,4841,0,0,3.353,0,0,0
101,2016,152,2200,12.01,4841,0,0,3.353,0,0,0
101,2016,152,2300,11.89,4841,0,0,3.353,0,0,0
101,2016,152,2400,11.97,4841,0,0,3.353,0,0,0
102,2016,152,2400,11.8,4841,13564,4.965,90,9613.5,11349,10898
101,2016,153,100,11.92,4841,0,0,3.353,0,0,0
101,2016,153,200,11.91,4841,0,0,3.353,0,0,0
101,2016,153,300,11.86,4841,0,0,3.353,0,0,0
101,2016,153,400,11.71,4841,0,0,3.353,0,0,0
101,2016,153,500,11.79,4841,0,0,3.353,0,0,0
101,2016,153,600,11.79,4841,0,0,3.353,0,0,0
101,2016,153,700,11.67,4841,0,0,3.353,0,.17169,0
101,2016,153,800,11.77,4841,57.262,0,4.337,46.429,53.727,47.602
101,2016,153,900,12,4841,269.66,0,29.62,220.2,247.58,231.27
101,2016,153,1000,11.9,4841,945.68,.383,138.4,721.55,839.58,781.18
101,2016,153,1100,11.95,4841,1378.1,.4,137,1114.2,1257.3,1194.7
101,2016,153,1200,11.95,4841,2353.4,.883,481.1,1690.6,2041.3,1881.6
101,2016,153,1300,11.92,4841,1282,.283,106.9,993.95,1136.9,1085.5
101,2016,153,1400,11.92,4841,2696.7,.75,299.6,1988.6,2335.9,2240.3
101,2016,153,1500,11.98,4841,1292.7,.233,135.7,1009.7,1145.5,1113
101,2016,153,1600,12.03,4841,2022.2,.766,364.4,1358.6,1650.4,1602.4
101,2016,153,1700,12.04,4841,987.42,.3,137,675.42,806.79,780.39
101,2016,153,1800,12.07,4841,213,0,11.98,210.1,214.79,212.1
101,2016,153,1900,12.05,4841,59.284,0,3.353,56.45,60.031,54.719
101,2016,153,2000,12.06,4841,2.9633,0,3.353,2.1361,3.0169,1.6017
101,2016,153,2100,11.99,4841,0,0,3.353,0,0,0
101,2016,153,2200,12.02,4841,0,0,3.353,0,0,0
101,2016,153,2300,12.08,4841,0,0,3.353,0,0,0
101,2016,153,2400,12.08,4841,0,0,3.353,0,0,0
102,2016,153,2400,11.67,4841,13560,3.998,78.7,10088,11793,11226
101,2016,154,100,12.03,4841,0,0,3.353,0,0,0
101,2016,154,200,12.02,4841,0,0,3.353,0,0,0
101,2016,154,300,12.1,4841,0,0,3.353,0,0,0
101,2016,154,400,12.08,4841,0,0,3.353,0,0,0
101,2016,154,500,11.98,4841,0,0,3.353,0,0,0
101,2016,154,600,12.01,4841,0,0,3.353,0,0,0
101,2016,154,700,12.07,4841,.09598,0,3.353,.03473,.14716,0
101,2016,154,800,12.07,4841,175.7,0,15.12,96.843,119.96,108.21
101,2016,154,900,12.07,4841,888.35,.6,277.8,492.04,737,609.06
101,2016,154,1000,12.08,4841,1646.1,1,504.9,1059.5,1389.6,1204.4
101,2016,154,1100,12.05,4841,2308.9,1,585.9,1577.1,1964.9,1775.1
101,2016,154,1200,12.1,4841,3020.9,1,625.1,2117.9,2601.2,2404.1
101,2016,154,1300,12.06,4841,3209.3,.966,565,2266.7,2754.1,2584.4
101,2016,154,1400,12.07,4841,2352.5,.5,243,1773.2,2063.9,1985.3
101,2016,154,1500,12.03,4841,814.51,.05,33.66,682.69,748.4,730.65
101,2016,154,1600,12.03,4841,400.53,0,18.64,366.9,389.86,380
101,2016,154,1700,12.02,4841,351.5,0,3.353,319.95,336.17,329.12
101,2016,154,1800,11.97,4841,376.66,0,5.828,323.09,343.86,336.67
101,2016,154,1900,11.96,4841,223.7,0,16.08,149.94,165.76,158.17
101,2016,154,2000,12.02,4841,5.5847,0,3.353,2.8915,4.231,2.5923
101,2016,154,2100,12,4841,0,0,3.353,0,0,0
101,2016,154,2200,12,4841,0,0,3.353,0,0,0
101,2016,154,2300,12.03,4841,0,0,3.353,0,0,0
101,2016,154,2400,12.07,4841,0,0,3.353,0,0,0
102,2016,154,2400,11.96,4841,15774,5.115,122.3,11229,13619,12608
101,2016,155,100,12.08,4841,0,0,3.353,0,0,0
101,2016,155,200,12.08,4841,0,0,3.353,0,0,0
101,2016,155,300,12.08,4841,0,0,3.353,0,0,0
101,2016,155,400,12.07,4841,0,0,3.353,0,0,0
101,2016,155,500,12.04,4841,0,0,3.353,0,0,0
101,2016,155,600,12,4841,0,0,3.353,0,0,0
101,2016,155,700,12.01,4841,.14396,0,3.353,.01737,.18395,0
101,2016,155,800,12.01,4841,167.78,0,16.64,101.51,127.6,109.82
101,2016,155,900,11.98,4841,836.36,.583,227.5,505.03,706.75,593.37
101,2016,155,1000,11.96,4841,1634.7,1,466.4,1058.5,1371.2,1208.3
101,2016,155,1100,12.02,4841,1920.9,.716,403.9,1341.3,1633.8,1500.7
101,2016,155,1200,11.84,4841,2280.6,.716,365.8,1646.9,1963.9,1851.7
101,2016,155,1300,11.95,4841,2446.1,.6,285.3,1808.3,2113.6,2018.9
101,2016,155,1400,11.97,4841,1088.4,.15,71.9,823.85,938.96,913.01
101,2016,155,1500,11.96,4841,2807.1,.85,408.9,1968.3,2350.1,2282.1
101,2016,155,1600,11.9,4841,899.9,.183,81.9,709,795.44,778.44
101,2016,155,1700,11.97,4841,659.45,.133,65.05,528.77,588.78,579.78
101,2016,155,1800,11.94,4841,599.21,.05,61.74,465.54,515.52,504.32
101,2016,155,1900,11.97,4841,296.11,0,29.33,205.16,225.36,218.07
101,2016,155,2000,11.96,4841,6.6524,0,3.493,4.0638,5.4083,3.8217
101,2016,155,2100,11.99,4841,0,0,3.353,0,0,0
101,2016,155,2200,11.95,4841,0,0,3.353,0,0,0
101,2016,155,2300,11.88,4841,0,0,3.353,0,0,0
101,2016,155,2400,12.04,4841,0,0,3.353,0,0,0
102,2016,155,2400,11.84,4841,15643,4.981,105.2,11166,13337,12562
101,2016,156,100,11.99,4841,0,0,3.353,0,0,0
101,2016,156,200,12.05,4841,0,0,3.353,0,0,0
101,2016,156,300,11.94,4841,0,0,3.353,0,0,0
101,2016,156,400,11.95,4841,0,0,3.353,0,0,0
101,2016,156,500,12.02,4841,0,0,3.353,0,0,0
101,2016,156,600,11.89,4841,0,0,3.353,0,0,0
101,2016,156,700,12.01,4841,.61185,0,3.353,.43416,.66223,.27398
101,2016,156,800,11.96,4841,105.59,0,4.018,90.097,99.434,92.142
101,2016,156,900,11.92,4841,655.4,.433,110.8,503.62,598.75,546.86
101,2016,156,1000,11.92,4841,1608.9,1,354.2,1168.4,1438.8,1299.1
101,2016,156,1100,11.88,4841,1674.1,.7,299.9,1251.6,1495,1381
101,2016,156,1200,11.92,4841,2293.8,.766,398.6,1695.8,2046,1894.5
101,2016,156,1300,11.92,4841,2598.9,.65,319.9,1948.7,2322.6,2185.4
101,2016,156,1400,11.91,4841,1313.5,.183,90.7,1022.4,1170.3,1119.6
101,2016,156,1500,11.93,4841,1669.3,.466,172.3,1252.5,1457,1406.4
101,2016,156,1600,11.94,4841,1440.8,.483,178.1,1005,1191.9,1146.3
101,2016,156,1700,11.88,4841,1687.6,1,304,1047.8,1298.5,1246.7
101,2016,156,1800,11.92,4841,955.84,.583,195.5,566.78,705.29,676.25
101,2016,156,1900,11.9,4841,291.82,0,26.17,199.17,224.46,213.98
101,2016,156,2000,11.9,4841,6.2025,0,3.677,3.9769,5.2611,3.618
101,2016,156,2100,11.9,4841,0,0,3.353,0,0,0
101,2016,156,2200,11.9,4841,0,0,3.353,0,0,0
101,2016,156,2300,11.9,4841,0,0,3.353,0,0,0
101,2016,156,2400,11.89,4841,0,0,3.353,0,0,0
102,2016,156,2400,11.88,4841,16302,6.264,104,11756,14054,13212
101,2016,157,100,11.84,4841,0,0,3.353,0,0,0
101,2016,157,200,11.8,4841,0,0,3.353,0,0,0
101,2016,157,300,11.88,4841,0,0,3.353,0,0,0
101,2016,157,400,11.85,4841,0,0,3.353,0,0,0
101,2016,157,500,11.84,4841,0,0,3.353,0,0,0
101,2016,157,600,11.89,4841,0,0,3.353,0,0,0
101,2016,157,700,11.85,4841,.012,0,3.353,0,.04905,0
101,2016,157,800,11.86,4841,141.91,0,15.21,92.832,113.61,99.363
101,2016,157,900,11.88,4841,724.01,.533,173.5,441.78,612.74,521.79
101,2016,157,1000,11.9,4841,1574,1,432.3,1019.3,1338.6,1168.9
101,2016,157,1100,11.92,4841,2070.2,.916,448.4,1452.5,1800.4,1630.1
101,2016,157,1200,11.93,4841,2186.7,.566,251,1640,1942.8,1813.5
101,2016,157,1300,11.88,4841,2795.5,.833,328.2,2043.1,2460.9,2307.9
101,2016,157,1400,11.88,4841,2857.2,.883,336,1997,2426.3,2285.8
101,2016,157,1500,11.82,4841,2893.7,1,450.6,1956.1,2395.4,2279
101,2016,157,1600,11.95,4841,2271.2,.9,378.4,1497.1,1825.4,1754.4
101,2016,157,1700,11.88,4841,1624.5,.9,326.4,1001.5,1243.7,1195.8
101,2016,157,1800,12.05,4841,805.23,.733,156.5,520.04,621.07,600.48
101,2016,157,1900,12.07,4841,257.35,0,16.71,186.92,211.33,200.63
101,2016,157,2000,12.06,4841,7.3781,0,3.353,4.4718,6.0582,4.475
101,2016,157,2100,12.02,4841,0,0,3.353,0,0,0
101,2016,157,2200,12.02,4841,0,0,3.353,0,0,0
101,2016,157,2300,12.06,4841,0,0,3.353,0,0,0
101,2016,157,2400,12.03,4841,0,0,3.353,0,0,0
102,2016,157,2400,11.8,4841,20209,8.26,139.7,13853,16998,15862
101,2016,158,100,12.01,4841,0,0,3.353,0,0,0
101,2016,158,200,11.98,4841,0,0,3.353,0,0,0
101,2016,158,300,12.03,4841,0,0,3.353,0,0,0
101,2016,158,400,12,4841,0,0,3.353,.67729,1.1528,3.1965
101,2016,158,500,11.95,4841,0,0,3.353,.83359,.19622,4.1238
101,2016,158,600,11.96,4841,0,0,3.353,0,0,0
101,2016,158,700,11.98,4841,.16796,0,3.353,.06947,.29433,.01405
101,2016,158,800,11.94,4841,128,0,5.907,102.32,113.97,106.52
101,2016,158,900,11.95,4841,777.01,.5,184,554.47,687.13,619.26
101,2016,158,1000,12.08,4841,1427.4,.866,357,978.03,1234,1105
101,2016,158,1200,12.85,0,484.4,0,4.122,436.73,465.51,455.77
101,2016,158,1300,12.86,0,2373.7,.566,290.4,1741.6,2094.3,1976.2
101,2016,158,1400,12.86,0,1938.4,.3,150.9,1460.8,1699.7,1623.9
101,2016,158,1500,12.86,0,907.3,0,10.77,722.24,807.65,783.86
101,2016,158,1600,12.85,0,1721.5,.533,192.8,1265.2,1470.7,1427.7
101,2016,158,1700,12.86,0,2095.1,.833,311.5,1406.5,1690,1640.2
101,2016,158,1800,12.86,0,854.7,.8,260.5,465.75,599.91,575.28
101,2016,158,1900,12.86,0,104.27,0,10.42,72.852,83.786,76.118
101,2016,158,2000,12.86,0,4.4989,0,3.431,2.7873,3.6546,2.4307
101,2016,158,2100,12.86,0,0,0,3.353,0,0,0
101,2016,158,2200,12.86,0,0,0,3.353,0,0,0
101,2016,158,2300,12.86,0,0,0,3.353,0,0,0
101,2016,158,2400,12.86,4841,0,0,3.353,0,0,0
102,2016,158,2400,12.85,4841,10484,3.032,99.2,7574.5,8915.2,8561.5
101,2016,159,100,12.86,4841,0,0,3.353,0,0,0
101,2016,159,200,12.86,4841,0,0,3.353,0,0,0
101,2016,159,300,12.86,4841,0,0,3.353,0,0,0
101,2016,159,400,12.86,4841,0,0,3.353,0,.25754,.16158
101,2016,159,500,12.86,4841,0,0,3.353,.61651,.63771,2.9014
101,2016,159,600,12.86,4841,0,0,3.353,.2084,.22075,2.4307
101,2016,159,700,12.86,4841,.012,0,3.353,.00868,.64997,1.3278
101,2016,159,800,12.86,4841,65.87,0,3.956,58.125,64.495,60.466
101,2016,159,900,12.86,4841,330.13,0,10.06,289.82,315.53,311.94
101,2016,159,1000,12.86,4841,699.34,.067,37.3,560.81,635.97,611.15
101,2016,159,1100,12.86,4841,1387.5,.067,66.78,1110.7,1256.4,1198.5
101,2016,159,1200,12.86,4841,1753.7,.1,41.87,1357.3,1557.5,1495.2
101,2016,159,1300,12.86,4841,1534.9,0,7.95,1233.5,1384.3,1340.9
101,2016,159,1400,12.86,4841,2107.9,.083,24.85,1704.5,1913.1,1862.1
101,2016,159,1500,12.85,4841,2490.7,.85,233.5,1912,2195.1,2135.6
101,2016,159,1600,12.86,4841,1331.2,0,37.9,1094.2,1210.4,1182.9
101,2016,159,1700,12.86,4841,1237,.383,218.9,798.82,970.88,942.82
101,2016,159,1800,12.86,4841,1180.5,1,461.3,517.68,744.33,712.24
101,2016,159,1900,12.86,4841,332.2,0,29.48,147.54,167.66,160.58
101,2016,159,2000,12.86,4841,8.05,0,3.364,4.6455,5.9724,3.899
101,2016,159,2100,12.86,4841,0,0,3.353,0,0,0
101,2016,159,2200,12.86,4841,0,0,3.353,0,0,0
101,2016,159,2300,12.86,4841,0,0,3.353,0,0,0
101,2016,159,2400,12.86,4841,0,0,3.353,0,0,0
102,2016,159,2400,12.85,4841,14459,2.549,50.59,10790,12423,12025
101,2016,160,100,12.86,4841,0,0,3.353,0,0,0
101,2016,160,200,12.86,4841,0,0,3.353,0,0,0
101,2016,160,300,12.86,4841,0,0,3.353,0,0,0
101,2016,160,400,12.86,4841,0,0,3.353,0,0,0
101,2016,160,500,12.86,4841,0,0,3.353,0,0,0
101,2016,160,600,12.86,4841,0,0,3.353,0,0,0
101,2016,160,700,12.86,4841,.17395,0,3.353,.06946,.19622,.01405
101,2016,160,800,12.86,4841,171.85,0,14.59,124.81,147.48,134.24
101,2016,160,900,12.86,4841,871.75,.5,199.3,591.67,763.77,678.95
101,2016,160,1000,12.85,4841,1693.5,1,444,1144.3,1461.5,1309.1
101,2016,160,1100,12.85,4841,2452.1,.966,562.3,1737.3,2140.4,1967.4
101,2016,160,1200,12.85,4841,2658.1,.966,461.7,1935.9,2348.4,2200
101,2016,160,1300,12.85,4841,1983.4,.45,214.2,1470.8,1728.2,1644.2
101,2016,160,1400,12.85,4841,2211.3,.433,180.9,1609.4,1893.7,1818.5
101,2016,160,1500,12.85,4841,2257.5,.65,272.5,1633.1,1927.8,1860.8
101,2016,160,1600,12.85,4841,1691.9,.516,203.8,1223.3,1428.3,1389.2
101,2016,160,1700,12.85,4841,1736.8,.866,364.9,1095.8,1355.8,1311.1
101,2016,160,1800,12.85,4841,1095.1,.983,362.2,560.3,748,717.97
101,2016,160,1900,12.86,4841,309.96,0,26.71,148.28,168.59,161.45
101,2016,160,2000,12.85,4841,7.9361,0,3.426,4.9929,6.3771,4.187
101,2016,160,2100,12.86,4841,0,0,3.353,0,0,0
101,2016,160,2200,12.86,4841,0,0,3.353,0,0,0
101,2016,160,2300,12.86,4841,0,0,3.353,0,0,0
101,2016,160,2400,12.86,4841,0,0,3.353,0,0,0
102,2016,160,2400,12.85,4841,19141,7.33,139.5,13280,16118,15197
101,2016,161,100,12.86,4841,0,0,3.353,0,0,0
101,2016,161,200,12.85,4841,0,0,3.353,0,0,0
101,2016,161,300,12.86,4841,0,0,3.353,0,0,0
101,2016,161,400,12.86,4841,0,0,3.353,0,0,0
101,2016,161,500,12.86,4841,0,0,3.353,0,0,0
101,2016,161,600,12.86,4841,0,0,3.353,0,0,0
101,2016,161,700,12.86,4841,0,0,3.353,0,0,0
101,2016,161,800,12.85,4841,71.808,0,3.353,53.453,59.27,54.29
101,2016,161,900,12.85,4841,375.85,.05,20.44,313.72,347.79,334.45
101,2016,161,1000,12.85,4841,1686.3,1,456,1108.4,1438.2,1281.5
101,2016,161,1100,12.85,4841,2255.3,.933,483.1,1623.4,1987.8,1832.5
101,2016,161,1200,12.85,4841,2821,.866,554.5,1998.6,2471.4,2302.4
101,2016,161,1300,12.85,4841,3154.5,.866,486.9,2241.7,2743,2595
101,2016,161,1400,12.85,4841,2631.7,.616,300.2,1865.6,2239,2141.9
101,2016,161,1500,12.85,4841,2977.3,.916,520.9,2012.9,2473,2372.3
101,2016,161,1600,12.85,4841,2193.4,.75,407.4,1402.9,1736.7,1674.8
101,2016,161,1700,12.85,4841,1796,.916,471.8,1015.1,1334.7,1280.5
101,2016,161,1800,12.85,4841,1145.7,1,431.8,514.68,735.38,699.15
101,2016,161,1900,12.85,4841,302.9,0,18.88,141.46,161.24,153.21
101,2016,161,2000,12.85,4841,12.369,0,3.537,8.2577,10.302,7.6645
101,2016,161,2100,12.85,4841,0,0,3.353,0,0,0
101,2016,161,2200,12.85,4841,0,0,3.353,0,0,0
101,2016,161,2300,12.86,4841,0,0,3.353,0,0,0
101,2016,161,2400,12.86,4841,0,0,3.353,0,0,0
102,2016,161,2400,12.85,4841,21424,7.91,174.8,14300,17738,16730
101,2016,162,100,12.85,4841,0,0,3.353,0,0,0
101,2016,162,200,12.86,4841,0,0,3.353,0,0,0
101,2016,162,300,12.86,4841,0,0,3.353,0,0,0
101,2016,162,400,12.85,4841,0,0,3.353,0,0,0
101,2016,162,500,12.86,4841,0,0,3.353,0,0,0
101,2016,162,600,12.86,4841,0,0,3.353,0,0,0
101,2016,162,700,12.86,4841,.012,0,3.353,0,.04905,0
101,2016,162,800,12.86,4841,173.45,0,11.93,100.46,120.88,107.01
101,2016,162,900,12.85,4841,802.94,.483,204.8,458.51,665.46,557.93
101,2016,162,1000,12.85,4841,1437.5,.783,383,948.29,1236.1,1095.5
101,2016,162,1100,12.85,4841,2108,.883,471.4,1467.9,1829.5,1676.7
101,2016,162,1200,12.85,4841,2611.6,.95,533,1844.8,2286.1,2121.6
101,2016,162,1300,12.85,4841,2683.6,.833,409.1,1901.2,2316.3,2184.9
101,2016,162,1400,12.85,4841,3366.7,1,504.3,2324.9,2851.4,2715.3
101,2016,162,1500,12.85,4841,2494.7,.7,376.7,1676.6,2049.5,1962.9
101,2016,162,1600,12.85,4841,2532.4,1,507.6,1595.2,1994.3,1917.3
101,2016,162,1700,12.85,4841,1774.4,.983,441.4,1030.8,1326.4,1273
101,2016,162,1800,12.85,4841,1054,1,363.4,521.96,706.96,673.37
101,2016,162,1900,12.85,4841,302.6,0,29.75,155.1,177.95,169.51
101,2016,162,2000,12.85,4841,7.3722,0,3.392,4.5326,6.1564,4.1027
101,2016,162,2100,12.85,4841,0,0,3.353,0,0,0
101,2016,162,2200,12.85,4841,0,0,3.353,0,0,0
101,2016,162,2300,12.85,4841,0,0,3.353,0,0,0
101,2016,162,2400,12.86,4841,0,0,3.353,0,0,0
102,2016,162,2400,12.85,4841,21349,8.61,178.2,14030,17567,16459
101,2016,163,100,12.86,4841,0,0,3.353,0,0,0
101,2016,163,200,12.86,4841,0,0,3.353,0,0,0
101,2016,163,300,12.86,4841,0,0,3.353,0,0,0
101,2016,163,400,12.86,4841,0,0,3.353,0,0,0
101,2016,163,500,12.86,4841,0,0,3.353,0,0,0
101,2016,163,600,12.86,4841,0,0,3.353,0,0,0
101,2016,163,700,12.86,4841,.012,0,3.353,0,.04905,0
101,2016,163,800,12.86,4841,153.89,0,14.94,91.442,111.19,97.137
101,2016,163,900,12.86,4841,847.14,.483,201.1,530.48,726.17,621.66
101,2016,163,1000,12.86,4841,1064.9,.45,178.9,796.47,946.32,874.76
101,2016,163,1100,12.86,4841,389.8,0,9.75,336.95,363.27,354.61
101,2016,163,1200,12.86,4841,356.25,0,13.86,316.55,337.96,331.9
101,2016,163,1300,12.86,4841,2005.5,.45,212.1,1538.6,1803.7,1735.6
101,2016,163,1400,12.86,4841,1198.6,.017,11.64,1040.3,1134.7,1105.7
101,2016,163,1500,12.86,4841,399.2,0,4.532,376.78,400.14,387.5
101,2016,163,1600,12.86,4841,856.37,.117,50.06,684.7,767.84,760.3
101,2016,163,1700,12.86,4841,1594.4,.733,270.3,1066,1286,1252.6
101,2016,163,1800,12.86,4841,545.05,.1,57.79,407.42,467.39,450.78
101,2016,163,1900,12.86,4841,131.01,0,3.789,107.11,118.86,111.56
101,2016,163,2000,12.85,4841,15.452,0,3.386,10.741,12.938,11.086
101,2016,163,2100,12.86,4841,0,0,3.353,0,0,0
101,2016,163,2200,12.86,4841,0,0,3.353,0,0,0
101,2016,163,2300,12.86,4841,0,0,3.353,0,0,0
101,2016,163,2400,12.86,4841,0,0,3.353,0,0,0
102,2016,163,2400,12.85,4841,9557.6,2.349,44.54,7303.5,8476.6,8095.2
101,2016,164,100,12.86,4841,0,0,3.353,0,0,0
101,2016,164,200,12.85,4841,0,0,3.353,0,0,0
101,2016,164,300,12.86,4841,0,0,3.353,0,0,0
101,2016,164,400,12.86,4841,0,0,3.353,0,0,0
101,2016,164,500,12.86,4841,0,0,3.353,0,0,0
101,2016,164,600,12.86,4841,0,0,3.353,0,0,0
101,2016,164,700,12.85,4841,0,0,3.353,0,0,0
101,2016,164,800,12.86,4841,127.45,0,12.66,98.276,112.68,102.66
101,2016,164,900,12.86,4841,759.76,.45,163.8,517.79,664.12,593.38
101,2016,164,1000,12.85,4841,1635.8,1,492.2,1053,1396.5,1230.7
101,2016,164,1100,12.86,4841,2341.3,1,582.3,1610.4,2037.5,1854.7
101,2016,164,1200,12.85,4841,2918.8,.983,554.9,2097.3,2591.4,2413.4
101,2016,164,1300,12.85,4841,1632.5,.3,148.1,1259.4,1464.2,1397.8
101,2016,164,1400,12.86,4841,2120.9,.45,227.2,1556.3,1848.5,1775.5
101,2016,164,1500,12.85,4841,2568.8,.766,413.4,1783.8,2163.4,2077
101,2016,164,1600,12.85,4841,2383,.833,427.5,1577.6,1930.2,1866.6
101,2016,164,1700,12.86,4841,1680.8,.783,381.1,991.5,1265.9,1219.2
101,2016,164,1800,12.85,4841,575.14,.35,139.2,336.62,418.63,402.16
101,2016,164,1900,12.86,4841,331.66,0,28.07,176.12,202.23,194.06
101,2016,164,2000,12.86,4841,4.9128,0,3.353,2.9523,4.2432,2.3745
101,2016,164,2100,12.85,4841,0,0,3.353,0,0,0
101,2016,164,2200,12.85,4841,0,0,3.353,0,0,0
101,2016,164,2300,12.86,4841,0,0,3.353,0,0,0
101,2016,164,2400,12.85,4841,0,0,3.353,0,0,0
102,2016,164,2400,12.85,4841,19081,6.914,150.4,13061,16099,15129
101,2016,165,100,12.85,4841,0,0,3.353,0,0,0
101,2016,165,200,12.85,4841,0,0,3.353,0,0,0
101,2016,165,300,12.86,4841,0,0,3.353,0,0,1.2716
101,2016,165,400,12.85,4841,0,0,3.353,1.4414,1.5329,3.5055
101,2016,165,500,12.85,4841,0,0,3.353,0,0,0
101,2016,165,600,12.85,4841,0,0,3.353,0,0,0
101,2016,165,700,12.85,4841,.14396,0,3.353,.01737,.12264,0
101,2016,165,800,12.86,4841,151.59,0,14.56,94.863,113.73,100.69
101,2016,165,900,12.85,4841,777.17,.45,179.1,469.79,654.2,559.17
101,2016,165,1000,12.85,4841,1547.2,.983,399.8,1056.5,1346.3,1204.2
101,2016,165,1100,12.85,4841,1797.7,.833,367.8,1294.1,1578.4,1445.8
101,2016,165,1200,12.85,4841,2479.1,.9,425.6,1820.3,2208.3,2056.2
101,2016,165,1300,12.85,4841,2760.6,.816,407.6,2015.2,2446.9,2308.2
101,2016,165,1400,12.85,4841,3006.7,.916,445.5,2105.1,2576.1,2453.1
101,2016,165,1500,12.85,4841,2758.9,.933,479.4,1877.7,2294.7,2193.5
101,2016,165,1600,12.85,4841,2285.1,.866,425.3,1499.2,1843.6,1778.4
101,2016,165,1700,12.85,4841,1188.5,.533,182.6,791.25,956.2,921.73
101,2016,165,1800,12.85,4841,242.77,0,3.353,202.83,223.45,214.52
101,2016,165,1900,12.86,4841,165.06,0,4.236,124.43,142.57,132.53
101,2016,165,2000,12.84,4841,6.3217,0,3.353,4.3324,5.6038,4.0952
101,2016,165,2100,12.84,4841,0,0,3.353,0,0,0
101,2016,165,2200,12.84,4841,0,0,3.353,0,0,0
101,2016,165,2300,12.84,4841,0,0,3.353,0,0,0
101,2016,165,2400,12.84,4841,0,0,3.353,0,0,0
102,2016,165,2400,12.84,4841,19167,7.23,140.6,13357,16392,15377
101,2016,166,100,12.84,4841,0,0,3.353,0,0,0
101,2016,166,200,12.84,4841,0,0,3.353,0,0,0
101,2016,166,300,12.84,4841,0,0,3.353,0,0,0
101,2016,166,400,12.84,4841,0,0,3.353,0,0,0
101,2016,166,500,12.84,4841,0,0,3.353,0,0,0
101,2016,166,600,12.84,4841,0,0,3.353,0,0,0
101,2016,166,700,12.84,4841,.29992,0,3.353,.17366,.39244,.09835
101,2016,166,800,12.84,4841,118.76,0,6.577,100.12,111.6,103.49
101,2016,166,900,12.84,4841,746.4,.433,136,526.29,654.34,590.77
101,2016,166,1000,12.84,4841,1545.3,1,431.6,1012.2,1320.2,1164.1
101,2016,166,1100,12.84,4841,1597.9,.65,310.2,1148.8,1398,1276.2
101,2016,166,1200,12.84,4841,1541.9,.35,192,1191.7,1396.5,1324
101,2016,166,1300,12.84,4841,2016.3,.417,198.4,1505.8,1777,1689
101,2016,166,1400,12.84,4841,2494.2,.666,302.3,1769.5,2128.9,2036.4
101,2016,166,1500,12.84,4841,2065.4,.616,286.5,1493.8,1776.2,1709.1
101,2016,166,1600,12.84,4841,2020.5,.716,329.9,1380,1666,1614.2
101,2016,166,1700,12.84,4841,1804,1,404.3,1082.3,1377.5,1325.7
101,2016,166,1800,12.84,4841,1066.4,1,322,581.65,749.96,722.79
101,2016,166,1900,12.84,4841,350.35,.017,29.77,211.01,238.17,228.28
101,2016,166,2000,12.84,4841,8.374,0,3.442,5.4096,6.8922,5.0862
101,2016,166,2100,12.84,4841,0,0,3.353,0,0,0
101,2016,166,2200,12.84,4841,0,0,3.353,0,0,0
101,2016,166,2300,12.84,4841,0,0,3.353,0,0,0
101,2016,166,2400,12.84,4841,0,0,3.353,0,0,0
102,2016,166,2400,12.84,4841,17376,6.864,124.6,12009,14602,13789
101,2016,167,100,12.84,4841,0,0,3.353,0,0,0
101,2016,167,200,12.84,4841,0,0,3.353,0,0,0
101,2016,167,300,12.84,4841,0,0,3.353,0,0,0
101,2016,167,400,12.84,4841,0,0,3.353,0,0,0
101,2016,167,500,12.84,4841,0,0,3.353,0,0,0
101,2016,167,600,12.84,4841,0,0,3.353,0,0,0
101,2016,167,700,12.84,4841,.11997,0,3.353,.06947,.19622,.04918
101,2016,167,800,12.83,4841,192.71,0,9.37,143.96,165.73,154.93
101,2016,167,900,12.83,4841,595.72,0,35.74,465.31,541.78,508.01
101,2016,167,1000,12.83,4841,791.83,.017,15.15,671.08,736.04,716.69
101,2016,167,1100,12.82,4841,1320.5,.15,56.6,1082.1,1213.2,1170.5
101,2016,167,1200,12.82,4841,1907,.666,211,1445.6,1691.7,1600.7
101,2016,167,1300,12.82,4841,1041.3,0,7.48,870.29,960.55,934.7
101,2016,167,1400,12.82,4841,1514,.033,36.27,1250.5,1391.3,1354.3
101,2016,167,1500,12.82,4841,708.41,0,3.409,702.43,720.03,710.89
101,2016,167,1600,12.82,4841,612.98,0,14.88,549.52,584.31,572.27
101,2016,167,1700,12.82,4841,450.86,0,4.973,391.81,424.16,413.22
101,2016,167,1800,12.82,4841,775.99,.333,99.5,530.98,622.67,603.97
101,2016,167,1900,12.83,4841,327.9,0,12.89,208.61,237.94,225.86
101,2016,167,2000,12.82,4841,8.2119,0,3.375,5.6701,7.211,5.2197
101,2016,167,2100,12.83,4841,0,0,3.353,0,0,0
101,2016,167,2200,12.83,4841,0,0,3.353,0,0,0
101,2016,167,2300,12.83,4841,0,0,3.353,0,0,0
101,2016,167,2400,12.83,4841,0,0,3.353,0,0,0
102,2016,167,2400,12.82,4841,10248,1.2,22.81,8317.9,9296.8,8971.3
101,2016,168,100,12.83,4841,0,0,3.353,0,0,0
101,2016,168,200,12.83,4841,0,0,3.353,0,0,0
101,2016,168,300,12.83,4841,0,0,3.353,0,0,0
101,2016,168,400,12.83,4841,0,0,3.353,0,0,0
101,2016,168,500,12.83,4841,0,0,3.353,0,0,0
101,2016,168,600,12.83,4841,0,0,3.353,0,0,0
101,2016,168,700,12.83,4841,0,0,3.353,0,0,0
101,2016,168,800,12.83,4841,119.65,0,10.39,80.649,95.165,83.964
101,2016,168,900,12.83,4841,639.8,.117,63.06,462.73,559.88,507.85
101,2016,168,1000,12.83,4841,1508.7,.95,422.2,993.08,1290.8,1146.5
101,2016,168,1100,12.82,4841,1794.7,.966,357.5,1310.5,1590.4,1461.9
101,2016,168,1200,12.82,4841,2008.5,.516,253.9,1522.1,1792.7,1686.2
101,2016,168,1300,12.82,4841,1181.8,.183,78.9,937.26,1081.5,1034
101,2016,168,1400,12.82,4841,571.21,0,18.99,458.94,512.12,503.27
101,2016,168,1500,12.85,4841,1392.9,.25,83.1,1108.9,1250.1,1215.9
101,2016,168,1600,12.85,4841,667.68,0,22.2,601.88,638.46,628.47
101,2016,168,1700,12.84,4841,945.69,.217,107.8,688.77,797.21,774.51
101,2016,168,1800,12.84,4841,964.9,.9,295.1,514.09,671.82,644.8
101,2016,168,1900,12.85,4841,313.03,.017,30.34,161.59,184.64,176.14
101,2016,168,2000,12.85,4841,7.3182,0,3.353,4.2113,5.813,3.7866
101,2016,168,2100,12.85,4841,0,0,3.353,0,0,0
101,2016,168,2200,12.85,4841,0,0,3.353,0,0,0
101,2016,168,2300,12.85,4841,0,0,3.353,0,0,0
101,2016,168,2400,12.86,4841,0,0,3.353,0,0,0
102,2016,168,2400,12.82,4841,12116,4.115,74.3,8844.6,10471,9867.3
101,2016,169,100,12.86,4841,0,0,3.353,0,0,0
101,2016,169,200,12.86,4841,0,0,3.353,0,0,0
101,2016,169,300,12.86,4841,0,0,3.353,0,0,0
101,2016,169,400,12.86,4841,0,0,3.353,0,0,0
101,2016,169,500,12.85,4841,0,0,3.353,0,0,0
101,2016,169,600,12.85,4841,0,0,3.353,0,0,0
101,2016,169,700,12.85,4841,0,0,3.353,0,0,0
101,2016,169,800,12.85,4841,88.219,0,5.623,78.235,84.986,80.1
101,2016,169,900,12.85,4841,593.88,.05,51.23,471.29,536.56,504.14
101,2016,169,1000,12.85,4841,1320.3,.583,179,1026.1,1188.1,1112.1
101,2016,169,1100,12.85,4841,1916.9,1,276.6,1501.7,1733.7,1630.6
101,2016,169,1200,12.85,4841,2804.9,.966,397.5,2093.5,2484.1,2326.8
101,2016,169,1300,12.85,4841,402.98,0,20.87,303.65,341.85,324.32
101,2016,169,1400,12.85,4841,516.12,0,11.85,464.21,492.41,485.37
101,2016,169,1500,12.85,4841,1957.7,.466,130.3,1555.9,1749.3,1716.5
101,2016,169,1600,12.85,4841,2414.5,.883,357.7,1699.2,2006.3,1949.7
101,2016,169,1700,12.84,4841,1545.3,1,311.3,988.05,1209.8,1166.5
101,2016,169,1800,12.85,4841,838.12,.65,153.3,547.37,654.99,631.96
101,2016,169,1900,12.85,4841,186.21,0,13.28,148.32,164.65,155.42
101,2016,169,2000,12.85,4841,3.971,0,3.353,3.1259,3.9979,2.6133
101,2016,169,2100,12.84,4841,0,0,3.353,0,0,0
101,2016,169,2200,12.85,4841,0,0,3.353,0,0,0
101,2016,169,2300,12.85,4841,0,0,3.353,0,0,0
101,2016,169,2400,12.85,4841,0,0,3.353,0,0,0
102,2016,169,2400,12.84,4841,14589,5.598,81.2,10881,12651,12086
101,2016,170,100,12.84,4841,0,0,3.353,0,0,0
101,2016,170,200,12.85,4841,0,0,3.353,0,0,0
101,2016,170,300,12.85,4841,0,0,3.353,0,0,0
101,2016,170,400,12.85,4841,0,0,3.353,0,0,0
101,2016,170,500,12.85,4841,0,0,3.353,0,0,0
101,2016,170,600,12.85,4841,0,0,3.353,0,0,0
101,2016,170,700,12.84,4841,0,0,3.353,0,0,0
101,2016,170,800,12.84,4841,9.9035,0,3.353,8.7526,9.6514,8.5917
101,2016,170,900,12.84,4841,72.095,0,3.353,63.135,66.971,65.579
101,2016,170,1000,12.85,4841,504.63,0,3.353,474.04,492.4,483.9
101,2016,170,1100,12.85,4841,1029.1,0,7.57,921.69,980.32,954.27
101,2016,170,1200,12.84,4841,1260.1,0,4.958,1155.4,1217.6,1190
101,2016,170,1300,12.84,4841,487.04,0,4.119,421.24,454.57,435.01
101,2016,170,1400,12.84,4841,211.64,0,4.46,192.46,203.3,203.72
101,2016,170,1500,12.84,4841,220.62,0,3.773,210.63,218.34,217.45
101,2016,170,1600,12.84,4841,230.74,0,3.354,213.37,224.54,222.89
101,2016,170,1700,12.84,4841,304.85,0,3.353,276.95,293.84,290.44
101,2016,170,1800,12.84,4841,245.25,0,3.353,207.62,226.32,222.86
101,2016,170,1900,12.84,4841,99.286,0,3.353,83.401,90.872,89.956
101,2016,170,2000,12.84,4841,1.4456,0,3.353,1.3198,1.5452,1.1521
101,2016,170,2100,12.85,4841,0,0,3.353,0,0,0
101,2016,170,2200,12.85,4841,0,0,3.353,0,0,0
101,2016,170,2300,12.85,4841,0,0,3.353,0,0,0
101,2016,170,2400,12.85,4841,0,0,3.353,0,0,0
102,2016,170,2400,12.84,4841,4676.7,0,3.692,4230.1,4480.3,4385.8
101,2016,171,100,12.84,4841,0,0,3.353,0,0,0
101,2016,171,200,12.84,4841,0,0,3.354,0,0,0
101,2016,171,300,12.84,4841,0,0,3.354,0,0,0
101,2016,171,400,12.84,4841,0,0,3.354,0,0,0
101,2016,171,500,12.85,4841,0,0,3.354,0,0,0
101,2016,171,600,12.85,4841,0,0,3.354,0,0,0
101,2016,171,700,12.85,4841,0,0,3.354,0,0,0
101,2016,171,800,12.85,4841,64.182,0,6.193,56.144,61.439,58.574
101,2016,171,900,12.85,4841,689.62,.417,208.3,432.55,597.93,528.65
101,2016,171,1000,12.84,4841,1668.3,1,506.2,1109,1419,1258.4
101,2016,171,1100,12.84,4841,1966.5,.85,408,1415.7,1721.5,1580.7
101,2016,171,1200,12.84,4841,2421,.75,475.5,1712.4,2106.1,1963.5
101,2016,171,1300,12.84,4841,3193.5,.966,572.5,2230.2,2744.2,2582.7
101,2016,171,1400,12.85,4841,3058.4,.9,486.7,2123.1,2602.5,2476.2
101,2016,171,1500,12.84,4841,3003.9,.95,539.9,2025.8,2481.7,2371.5
101,2016,171,1600,12.84,4841,2358,.883,469.9,1515.9,1883.2,1813.3
101,2016,171,1700,12.84,4841,2024.5,1,520.9,1137.1,1495,1433.1
101,2016,171,1800,12.84,4841,802.39,.616,255.7,395.83,541.69,512.16
101,2016,171,1900,12.84,4841,109.85,0,10.19,70.116,80.584,72.534
101,2016,171,2000,12.85,4841,3.5091,0,3.353,2.2316,3.2866,1.391
101,2016,171,2100,12.85,4841,0,0,3.353,0,0,0
101,2016,171,2200,12.84,4841,0,0,3.353,0,0,0
101,2016,171,2300,12.85,4841,0,0,3.353,0,0,0
101,2016,171,2400,12.85,4841,0,0,3.353,0,0,0
102,2016,171,2400,12.84,4841,21364,8.33,187.5,14226,17738,16653
101,2016,172,100,12.85,4841,0,0,3.353,0,0,0
101,2016,172,200,12.85,4841,0,0,3.353,0,0,0
101,2016,172,300,12.85,4841,0,0,3.353,0,0,0
101,2016,172,400,12.84,4841,0,0,3.353,0,0,0
101,2016,172,500,12.85,4841,0,0,3.353,0,0,0
101,2016,172,600,12.85,4841,0,0,3.353,0,0,0
101,2016,172,700,12.84,4841,0,0,3.353,0,0,0
101,2016,172,800,12.84,4841,134.08,0,9.47,71.939,85.439,73.397
101,2016,172,900,12.83,4841,783.58,.4,176.5,443.85,646.48,542.1
101,2016,172,1000,12.83,4841,1609.1,1,437.9,1059.2,1367,1213.1
101,2016,172,1100,12.82,4841,2284.7,.966,526.7,1623.5,1990.3,1823
101,2016,172,1200,12.82,4841,490.64,.033,23.61,386.35,435.53,407.76
101,2016,172,1300,12.82,4841,1566.4,.25,92.6,1232.9,1402.6,1357.6
101,2016,172,1400,12.83,4841,1506.4,.35,127,1085.7,1286.6,1229.1
101,2016,172,1500,12.82,4841,2499.8,.8,313.4,1717,2084.6,1998.2
101,2016,172,1600,12.82,4841,2627,1,564.1,1636.6,2069.5,1984.5
101,2016,172,1700,12.82,4841,1437.3,.75,329.5,869.94,1104.1,1061.8
101,2016,172,1800,12.82,4841,336.24,0,9.6,276.7,304.59,293.87
101,2016,172,1900,12.82,4841,47.214,0,3.862,40.185,44.124,40.148
101,2016,172,2000,12.82,4841,1.1937,0,3.353,.57308,1.3122,.34423
101,2016,172,2100,12.82,4841,0,0,3.353,0,0,0
101,2016,172,2200,12.83,4841,0,0,3.353,0,0,0
101,2016,172,2300,12.83,4841,0,0,3.353,0,0,0
101,2016,172,2400,12.83,4841,0,0,3.353,0,0,0
102,2016,172,2400,12.82,4841,15324,5.548,110.6,10444,12822,12025
101,2016,173,100,12.83,4841,0,0,3.353,0,0,0
101,2016,173,200,12.83,4841,0,0,3.353,0,0,0
101,2016,173,300,12.83,4841,0,0,3.353,0,0,0
101,2016,173,400,12.83,4841,0,0,3.353,0,0,0
101,2016,173,500,12.83,4841,0,0,3.353,0,0,0
101,2016,173,600,12.83,4841,0,0,3.353,.16498,.29432,1.1381
101,2016,173,700,12.83,4841,0,0,3.353,.53835,.79712,1.7071
101,2016,173,800,12.83,4841,14.444,0,3.353,14.24,15.01,17.141
101,2016,173,900,12.82,4841,113.98,0,3.354,101.96,108.78,110.24
101,2016,173,1000,12.82,4841,338.94,0,3.354,306.36,323.08,319.5
101,2016,173,1100,12.82,4841,818.81,0,4.013,733.12,772.77,759.18
101,2016,173,1200,12.82,4841,595.88,0,5.729,536.97,566.25,555.9
101,2016,173,1300,12.82,4841,578.98,0,6.483,513.09,545.87,535.28
101,2016,173,1400,12.82,4841,869.21,0,3.633,765.56,818.35,804.04
101,2016,173,1500,12.82,4841,1391.9,0,15.8,1171,1273.2,1245.9
101,2016,173,1600,12.82,4841,1133.2,0,3.353,958.39,1041.4,1015.8
101,2016,173,1700,12.82,4841,1355,.566,194.5,964.27,1119.8,1096.2
101,2016,173,1800,12.82,4841,1128.2,.733,290.1,687.63,838.25,824.24
101,2016,173,1900,12.82,4841,343.07,.017,22.02,262.39,290.27,283.05
101,2016,173,2000,12.82,4841,14.33,0,3.353,11.158,12.962,11.879
101,2016,173,2100,12.82,4841,0,0,3.353,.00868,.85844,1.2715
101,2016,173,2200,12.82,4841,0,0,3.353,0,0,0
101,2016,173,2300,12.82,4841,0,0,3.354,.49493,1.3244,2.0724
101,2016,173,2400,12.83,4841,0,0,3.354,.84225,2.1584,2.4587
102,2016,173,2400,12.82,4841,8695.9,1.316,24.83,7028.2,7731.4,7587
101,2016,174,100,12.83,4841,0,0,3.354,.62518,.99334,.51283
101,2016,174,200,12.83,4841,0,0,3.354,0,.02453,0
101,2016,174,300,12.83,4841,0,0,3.354,0,0,0
101,2016,174,400,12.83,4841,0,0,3.354,0,0,0
101,2016,174,500,12.83,4841,0,0,3.353,0,0,0
101,2016,174,600,12.82,4841,0,0,3.353,0,0,0
101,2016,174,700,12.83,4841,0,0,3.353,0,0,0
101,2016,174,800,12.83,4841,71.513,0,3.722,61.884,68.209,63.19
101,2016,174,900,12.82,4841,704.34,.333,146.7,491.4,611.55,549.59
101,2016,174,1000,12.82,4841,1301.9,.633,286.1,912.77,1126.9,1021.3
101,2016,174,1100,12.82,4841,2186.2,.85,471,1556.9,1905.6,1746.1
101,2016,174,1200,12.82,4841,2120.4,.5,286.5,1582.5,1874.2,1768
101,2016,174,1300,12.82,4841,2226.6,.383,178.4,1670,1946.4,1857.3
101,2016,174,1400,12.82,4841,1213,.033,20.66,983.1,1096.3,1058.4
101,2016,174,1500,12.82,4841,477.06,0,11.19,427.87,453.51,445.39
101,2016,174,1600,12.82,4841,673.7,0,3.353,611.58,647.85,636.17
101,2016,174,1700,12.82,4841,617.76,0,3.409,568.27,600.27,587
101,2016,174,1800,12.82,4841,529.52,0,15.69,439.83,480.73,466.39
101,2016,174,1900,12.82,4841,183.81,0,3.353,159.6,171.48,164.1
101,2016,174,2000,12.82,4841,6.3763,0,3.353,4.8886,5.9478,4.6857
101,2016,174,2100,12.83,4841,0,0,3.353,0,0,0
101,2016,174,2200,12.83,4841,0,0,3.353,0,0,0
101,2016,174,2300,12.83,4841,0,0,3.353,0,0,0
101,2016,174,2400,12.83,4841,0,0,3.353,0,0,0
102,2016,174,2400,12.82,4841,12312,2.732,61.26,9471.3,10990,10368
101,2016,175,100,12.83,4841,0,0,3.353,0,0,0
101,2016,175,200,12.83,4841,0,0,3.353,0,0,0
101,2016,175,300,12.82,4841,0,0,3.353,0,0,0
101,2016,175,400,12.83,4841,0,0,3.353,0,0,0
101,2016,175,500,12.83,4841,0,0,3.353,0,0,0
101,2016,175,600,12.82,4841,0,0,3.353,0,0,0
101,2016,175,700,12.82,4841,0,0,3.353,0,0,0
101,2016,175,800,12.82,4841,119.91,0,9.04,83.209,95.311,89.59
101,2016,175,900,12.82,4841,378.81,0,26.17,280.64,331.59,299.04
101,2016,175,1000,12.82,4841,541.93,0,3.639,458.97,499.43,474.19
101,2016,175,1100,12.82,4841,600.65,0,3.722,503.09,548.85,528.66
101,2016,175,1200,12.82,4841,308.39,0,7.04,268.37,287.28,281.85
101,2016,175,1300,12.82,4841,842.43,0,4.086,783.11,818.92,808.84
101,2016,175,1400,12.82,4841,1793.3,.117,69.45,1419,1603.8,1557.1
101,2016,175,1500,12.82,4841,2878.1,.883,459.4,1975.4,2402.1,2298.8
101,2016,175,1600,12.82,4841,1777.7,.666,197.5,1212.2,1462.4,1393.8
101,2016,175,1700,12.82,4841,1007.4,.017,27.48,813.07,897.85,872.48
101,2016,175,1800,12.82,4841,740.74,.233,78.6,548.65,622.42,602.16
101,2016,175,1900,12.82,4841,289.05,0,26.55,204.15,228.35,217.97
101,2016,175,2000,12.82,4841,11.547,0,3.577,8.084,9.7495,7.5871
101,2016,175,2100,12.82,4841,0,0,3.353,0,0,0
101,2016,175,2200,12.82,4841,0,0,3.353,0,0,0
101,2016,175,2300,12.82,4841,0,0,3.353,0,0,0
101,2016,175,2400,12.82,4841,0,0,3.353,0,0,0
102,2016,175,2400,12.82,4841,11290,1.916,39.72,8558,9808.1,9432.1
101,2016,176,100,12.82,4841,0,0,3.353,0,0,0
101,2016,176,200,12.82,4841,0,0,3.353,0,0,0
101,2016,176,300,12.82,4841,0,0,3.353,0,0,0
101,2016,176,400,12.82,4841,0,0,3.354,0,0,0
101,2016,176,500,12.82,4841,0,0,3.354,0,0,0
101,2016,176,600,12.82,4841,0,0,3.354,0,0,0
101,2016,176,700,12.82,4841,0,0,3.354,0,0,0
101,2016,176,800,12.82,4841,149.81,0,9.9,92.847,106.27,98.792
101,2016,176,900,12.82,4841,571.87,0,38.71,433.14,506.84,472.18
101,2016,176,1000,12.82,4841,1058.6,.35,95.9,856.25,963.49,919.8
101,2016,176,1100,12.82,4841,1169.9,.1,37.94,975.92,1074.2,1041.9
101,2016,176,1200,12.82,4841,1974.9,.516,147.3,1546.6,1761.5,1690.2
101,2016,176,1300,12.82,4841,3037.4,.916,503.3,2134.2,2590.6,2456.2
101,2016,176,1400,12.82,4841,2094.8,.367,108.7,1579.1,1833.7,1765.6
101,2016,176,1500,12.82,4841,1975.9,.433,160.4,1383.3,1653.7,1581.2
101,2016,176,1600,12.82,4841,1583.5,.067,71.7,1189,1361,1316.7
101,2016,176,1700,12.82,4841,1206.9,.616,151.2,881.81,1013.4,985.01
101,2016,176,1800,12.82,4841,737.29,.466,140.4,459.56,563.91,540.68
101,2016,176,1900,12.82,4841,296.19,0,17.03,222.46,243.55,235.02
101,2016,176,2000,12.82,4841,11.907,0,4.03,8.6657,10.314,8.1912
101,2016,176,2100,12.82,4841,0,0,3.353,0,0,0
101,2016,176,2200,12.82,4841,0,0,3.353,0,0,0
101,2016,176,2300,12.82,4841,0,0,3.353,0,0,0
101,2016,176,2400,12.82,4841,0,0,3.353,0,0,0
102,2016,176,2400,12.82,4841,15869,3.832,63.47,11763,13683,13111
101,2016,177,100,12.82,4841,0,0,3.353,0,0,0
101,2016,177,200,12.82,4841,0,0,3.353,0,0,0
101,2016,177,300,12.82,4841,0,0,3.353,0,0,0
101,2016,177,400,12.82,4841,0,0,3.353,0,0,0
101,2016,177,500,12.82,4841,0,0,3.353,0,.19621,.10537
101,2016,177,600,12.82,4841,0,0,3.353,1.5369,2.698,4.6435
101,2016,177,700,12.82,4841,0,0,3.353,1.2764,2.281,3.2456
101,2016,177,800,12.82,4841,103.75,0,5.712,62.795,71.618,69.252
101,2016,177,900,12.82,4841,500.2,.05,33.34,296.66,415.61,352.3
101,2016,177,1000,12.82,4841,1045.2,.383,187.5,775.85,926.73,858.92
101,2016,177,1100,12.82,4841,2284.3,.9,457,1573.7,1950.7,1789.6
101,2016,177,1200,12.82,4841,2087.2,.516,264.2,1563.2,1828.5,1736.4
101,2016,177,1300,12.82,4841,2502.3,.683,232.7,1879,2197.8,2107.4
101,2016,177,1400,12.82,4841,2470.9,.583,302.9,1773.5,2123.8,2042.3
101,2016,177,1500,12.82,4841,2848.2,.8,408.9,2007.1,2407.8,2315.3
101,2016,177,1600,12.82,4841,2067.6,.816,314.4,1441.1,1704.7,1649.6
101,2016,177,1700,12.82,4841,1862.5,.933,460.7,1063,1386.5,1331
101,2016,177,1800,12.82,4841,1092.2,.883,392.1,505.97,714.33,681.49
101,2016,177,1900,12.82,4841,317.75,.05,37.77,150.99,174.95,167.64
101,2016,177,2000,12.82,4841,9.8975,0,3.521,6.877,8.2411,6.1469
101,2016,177,2100,12.82,4841,0,0,3.353,0,0,0
101,2016,177,2200,12.82,4841,0,0,3.353,0,0,0
101,2016,177,2300,12.82,4841,0,0,3.353,0,0,0
101,2016,177,2400,12.82,4841,0,0,3.353,0,0,0
102,2016,177,2400,12.82,4841,19192,6.597,130.7,13103,15916,15115
101,2016,178,100,12.82,4841,0,0,3.353,0,0,0
101,2016,178,200,12.82,4841,0,0,3.353,0,0,0
101,2016,178,300,12.82,4841,0,0,3.353,0,0,0
101,2016,178,400,12.82,4841,0,0,3.353,0,0,0
101,2016,178,500,12.82,4841,0,0,3.353,0,0,0
101,2016,178,600,12.82,4841,0,0,3.353,.48625,1.116,1.8265
101,2016,178,700,12.82,4841,0,0,3.353,1.4153,2.0112,3.5968
101,2016,178,800,12.82,4841,28.414,0,3.353,25.537,27.752,26.007
101,2016,178,900,12.82,4841,310.91,0,8.31,269.64,292.35,282.81
101,2016,178,1000,12.82,4841,1023.9,.217,117.7,765.06,903.44,845.58
101,2016,178,1100,12.82,4841,2260.9,.933,459.8,1625.8,1976,1819.3
101,2016,178,1200,12.82,4841,1610.1,.333,100.6,1305.3,1468,1406.1
101,2016,178,1300,12.82,4841,1868.8,.167,69.13,1523.6,1705.6,1653.7
101,2016,178,1400,12.82,4841,1663.2,.117,54.33,1312.5,1482.7,1434.6
101,2016,178,1500,12.82,4841,1826.7,.2,85.3,1371.5,1588.1,1530.3
101,2016,178,1600,12.82,4841,1144.3,.067,39.92,882.85,997.64,966.67
101,2016,178,1700,12.82,4841,1730.5,.733,346.6,1031.8,1316.8,1262.3
101,2016,178,1800,12.82,4841,1050.9,.766,273,579.58,754.15,723.06
101,2016,178,1900,12.82,4841,366.34,.05,46.4,170.02,199.63,190.96
101,2016,178,2000,12.74,4841,12.279,0,3.711,8.1795,9.8721,7.3904
101,2016,178,2100,12.74,4841,0,0,3.353,0,0,0
101,2016,178,2200,12.74,4841,0,0,3.353,0,0,0
101,2016,178,2300,12.74,4841,0,0,3.353,0,0,0
101,2016,178,2400,12.74,4841,0,0,3.353,0,0,0
102,2016,178,2400,12.74,4841,14897,3.582,68.54,10873,12725,12154
101,2016,179,100,12.74,4841,0,0,3.353,0,0,0
101,2016,179,200,12.74,4841,0,0,3.353,0,0,0
101,2016,179,300,12.74,4841,0,0,3.353,0,0,0
101,2016,179,400,12.74,4841,0,0,3.353,0,0,0
101,2016,179,500,12.74,4841,0,0,3.353,0,0,0
101,2016,179,600,12.74,4841,0,0,3.353,0,0,0
101,2016,179,700,12.74,4841,0,0,3.353,0,.02453,0
101,2016,179,800,12.74,4841,65.929,0,3.353,49.71,56.669,50.946
101,2016,179,900,10.19,4841,463.35,.167,72.4,353.59,412.78,376.61,-6999,-6999,-6999,6999
101,2016,179,1000,-6999,4841,1062.5,.533,274.3,750.26,916.31,830.19
101,2016,179,1100,11.53,4841,965.46,.133,53.14,779.94,865.16,825.04
101,2016,179,1200,11.5,4841,1818.2,.333,137.2,1406.2,1613.8,1541.9
101,2016,179,1300,11.63,4841,2432.6,.766,209.6,1821.6,2122.1,2025.8
101,2016,179,1400,11.42,4841,2872.2,.883,325.4,2034.3,2427.8,2319.4
101,2016,179,1500,11.49,4841,3190.8,1,516.4,2098.7,2590.3,2469.5
101,2016,179,1600,11.47,4841,2689.7,1,552.3,1649,2093.8,2001.9
101,2016,179,1700,11.79,4841,1881.7,1,469,1079.6,1402,1345.7
101,2016,179,1800,11.83,4841,1148.7,1,407.7,554.57,761.92,731.38
101,2016,179,1900,11.58,4841,402.3,.067,55,179.02,220.68,208.8
101,2016,179,2000,11.66,4841,15.614,0,3.733,10.246,12.668,9.6665
101,2016,179,2100,11.7,4841,0,0,3.353,0,0,0
101,2016,179,2200,11.65,4841,0,0,3.353,0,0,0
101,2016,179,2300,11.57,4841,0,0,3.353,0,0,0
101,2016,179,2400,11.73,4841,0,0,3.353,0,0,0
102,2016,179,2400,-6999,4841,19009,6.881,129.1,12767,15496,14737
101,2016,180,100,11.84,4841,0,0,3.353,0,0,0
101,2016,180,200,11.87,4841,0,0,3.353,0,0,0
101,2016,180,300,11.83,4841,0,0,3.353,0,0,0
101,2016,180,400,11.77,4841,0,0,3.353,0,0,0
101,2016,180,500,11.83,4841,0,0,3.353,0,0,0
101,2016,180,600,11.83,4841,0,0,3.353,0,0,0
101,2016,180,700,11.88,4841,0,0,3.353,0,0,0
101,2016,180,800,11.79,4841,135.82,0,10.03,65.366,76.364,66.646
101,2016,180,900,11.93,4841,419.78,.05,43.19,267.26,355.95,308.43
101,2016,180,1000,11.73,4841,1541.7,.883,460.8,992.41,1294.4,1142.9
101,2016,180,1100,11.79,4841,1792.4,.666,393.6,1254.2,1539.9,1410.6
101,2016,180,1200,11.71,4841,3047.9,.983,565.5,2153,2620.4,2459
101,2016,180,1300,11.74,4841,3091.6,.883,501.4,2173.2,2632.2,2498.9
101,2016,180,1400,11.76,4841,3074.1,.783,378,2159.3,2602.1,2493.1
101,2016,180,1500,11.81,4841,3020.6,.866,513.3,2063,2524.7,2419.1
101,2016,180,1600,11.8,4841,2673.4,.95,558.3,1668.6,2112.9,2022.5
101,2016,180,1700,11.72,4841,2022.6,.966,533.1,1127.5,1495.1,1431.1
101,2016,180,1800,11.78,4841,1227.7,1,476.9,536.47,787.58,747.42
101,2016,180,1900,11.81,4841,366.69,.067,40.9,145.26,172.3,163.41
101,2016,180,2000,11.79,4841,10.575,0,3.61,7.3372,8.9402,6.3226
101,2016,180,2100,11.78,4841,0,0,3.353,0,0,0
101,2016,180,2200,11.67,4841,0,0,3.353,0,0,0
101,2016,180,2300,11.69,4841,0,0,3.353,0,0,0
101,2016,180,2400,11.69,4841,0,0,3.353,0,0,0
102,2016,180,2400,11.67,4841,22425,8.1,188.1,14613,18223,17170
101,2016,181,100,11.84,4841,0,0,3.353,0,0,0
101,2016,181,200,11.84,4841,0,0,3.353,0,0,0
101,2016,181,300,11.75,4841,0,0,3.353,0,0,0
101,2016,181,400,11.81,4841,0,0,3.353,0,0,0
101,2016,181,500,11.78,4841,0,0,3.353,0,0,0
101,2016,181,600,11.85,4841,0,0,3.353,0,0,0
101,2016,181,700,11.82,4841,0,0,3.353,0,0,0
101,2016,181,800,11.79,4841,130.84,0,8.54,64.185,75.285,66.113
101,2016,181,900,11.8,4841,796.37,.4,178.1,437.88,649.16,541.22
101,2016,181,1000,11.79,4841,1587.6,1,486.2,1014,1329.8,1170
101,2016,181,1100,11.77,4841,2176.4,.933,522.7,1474.9,1837.1,1675.6
101,2016,181,1200,11.81,4841,2121.8,.583,318.9,1559.3,1856.7,1758.5
101,2016,181,1300,11.81,4841,3015.6,.933,504.4,2095.4,2557.4,2427.5
101,2016,181,1400,11.8,4841,3207.5,.966,487,2230.4,2705.7,2590.9
101,2016,181,1500,11.76,4841,3148.8,.95,559.6,2151.8,2616.9,2508.3
101,2016,181,1600,11.84,4841,2704.2,1,547.5,1707.5,2148.7,2059.2
101,2016,181,1700,11.82,4841,1995.7,1,522.7,1119.7,1476.9,1416.2
101,2016,181,1800,11.88,4841,1192.7,1,454.1,534.31,774.87,734.95
101,2016,181,1900,11.85,4841,355.27,.067,41.26,149.11,177.1,167.43
101,2016,181,2000,11.88,4841,11.403,0,3.537,7.8148,9.6146,6.8424
101,2016,181,2100,11.83,4841,0,0,3.353,0,0,0
101,2016,181,2200,11.84,4841,0,0,3.353,0,0,0
101,2016,181,2300,11.79,4841,0,0,3.353,0,0,0
101,2016,181,2400,11.77,4841,0,0,3.353,0,0,0
102,2016,181,2400,11.75,4841,22444,8.83,194.6,14546,18215,17123
101,2016,182,100,11.83,4841,0,0,3.353,0,0,0
101,2016,182,200,11.82,4841,0,0,3.353,0,0,0
101,2016,182,300,11.83,4841,0,0,3.353,0,0,0
101,2016,182,400,11.92,4841,0,0,3.353,0,0,0
101,2016,182,500,11.87,4841,0,0,3.353,0,0,0
101,2016,182,600,11.89,4841,0,0,3.353,0,0,0
101,2016,182,700,11.85,4841,0,0,3.353,0,0,0
101,2016,182,800,11.87,4841,67.374,0,4.348,53.913,60.63,56.664
101,2016,182,900,11.87,4841,451.92,.2,53.57,349.92,403.52,380.12
101,2016,182,1000,11.9,4841,1411.8,.883,388,946.51,1198.6,1071.2
101,2016,182,1100,11.87,4841,1686.5,.816,298,1245.2,1480.8,1379.1
101,2016,182,1200,11.92,4841,1658.9,.4,145.2,1279,1459.2,1399.9
101,2016,182,1300,11.86,4841,2695.8,.883,407,1934.3,2329.6,2208.1
101,2016,182,1400,11.91,4841,1681.7,.25,105.9,1311.4,1484.6,1439
101,2016,182,1500,11.9,4841,2163.9,.6,300.7,1575.7,1849.8,1804.5
101,2016,182,1600,11.92,4841,1911.2,.583,200.5,1467,1667.4,1635.5
101,2016,182,1700,11.94,4841,1764,.616,265.5,1226,1450.2,1414.5
101,2016,182,1800,11.94,4841,463.08,0,72.9,335.97,380.99,369.85
101,2016,182,1900,11.98,4841,145.78,0,18.79,106.45,118.93,111.42
101,2016,182,2000,11.95,4841,9.9755,0,3.454,6.6166,8.0327,5.7887
101,2016,182,2100,11.85,4841,0,0,3.353,0,0,0
101,2016,182,2200,11.92,4841,0,0,3.353,0,0,0
101,2016,182,2300,11.94,4841,0,0,3.353,0,0,0
101,2016,182,2400,11.94,4841,0,0,3.353,0,0,0
102,2016,182,2400,11.82,4841,16112,5.231,95.9,11838,13892,13276
101,2016,183,100,11.92,4841,0,0,3.353,0,0,0
101,2016,183,200,11.89,4841,0,0,3.353,0,0,0
101,2016,183,300,11.92,4841,0,0,3.353,0,0,0
101,2016,183,400,12.11,4841,0,0,3.353,0,0,0
101,2016,183,500,12.08,4841,0,0,3.353,0,0,0
101,2016,183,600,12.04,4841,0,0,3.353,0,0,0
101,2016,183,700,12.06,4841,0,0,3.353,0,0,0
101,2016,183,800,12,4841,80.901,0,3.845,64.966,73.065,67.215
101,2016,183,900,11.98,4841,341.01,0,4.589,276.5,305.57,294.2
101,2016,183,1000,11.98,4841,590.78,.017,11.13,502.16,542.7,528.81
101,2016,183,1100,11.98,4841,2337,1,533.3,1626.5,1996.1,1835
101,2016,183,1200,12,4841,2516.1,.833,463.7,1825.1,2202.7,2069.6
101,2016,183,1300,11.92,4841,942.49,0,6.59,805.74,869.54,848.09
101,2016,183,1400,11.89,4841,1146.5,.017,22.51,955.67,1043.3,1018.8
101,2016,183,1500,11.87,4841,2060.9,.433,128.1,1529.8,1760.9,1711.1
101,2016,183,1600,11.07,0,562.8,.2,446.7,388.78,465.38,454.57
101,2016,183,1700,12.72,0,2034.8,1,492.2,1245.1,1567.8,1518.1
101,2016,183,1800,12.52,0,1105.2,1,399.6,533.2,738.13,704.48
101,2016,183,1900,12.59,0,344.96,.083,45.01,155.13,183.32,173.82
101,2016,183,2000,12.77,0,11.511,0,3.655,7.6759,9.3572,7.0392
101,2016,183,2100,12.77,0,0,0,3.353,0,0,0
101,2016,183,2200,12.78,0,0,0,3.353,0,0,0
101,2016,183,2300,12.77,0,0,0,3.353,0,0,0
101,2016,183,2400,12.78,4841,0,0,3.353,0,0,0
102,2016,183,2400,11.07,4841,4059.3,2.282,127.2,2329.9,2963.9,2858
101,2016,184,100,12.78,4841,0,0,3.353,0,0,0
101,2016,184,200,12.78,4841,0,0,3.353,0,0,0
101,2016,184,300,12.78,4841,0,0,3.353,0,0,0
101,2016,184,400,12.78,4841,0,0,3.353,0,0,0
101,2016,184,500,12.78,4841,0,0,3.353,0,0,0
101,2016,184,600,12.78,4841,0,0,3.353,0,0,0
101,2016,184,700,12.78,4841,0,0,3.353,0,0,0
101,2016,184,800,12.78,4841,120.26,0,8.53,69.551,80.461,68.171
101,2016,184,900,12.78,4841,745.09,.417,162.4,421.15,613.88,499.52
101,2016,184,1000,12.78,4841,1482,1,440.6,955.49,1244.6,1101.3
101,2016,184,1100,12.78,4841,2164.7,1,525.6,1462.8,1824.5,1655.8
101,2016,184,1200,12.78,4841,2715,1,566.6,1877.8,2315.4,2146.6
101,2016,184,1300,12.78,4841,2639,.816,409.2,1904,2288.3,2156.7
101,2016,184,1400,12.78,4841,1786.2,.433,155.2,1323.2,1554.5,1486.4
101,2016,184,1500,12.78,4841,1071.1,.083,58.95,815.22,928.35,898.87
101,2016,184,1600,12.78,4841,2169.8,.816,413.5,1361,1708.7,1658.1
101,2016,184,1700,12.78,4841,1857.3,1,462.2,1060,1381.6,1333.5
101,2016,184,1800,12.78,4841,1057.7,1,361.1,530,717.97,685.44
101,2016,184,1900,12.78,4841,315.89,.083,44.31,160.71,188.61,179.28
101,2016,184,2000,12.78,4841,10.611,0,3.666,7.0334,8.7194,6.5404
101,2016,184,2100,12.78,4841,0,0,3.353,0,0,0
101,2016,184,2200,12.78,4841,0,0,3.353,0,0,0
101,2016,184,2300,12.78,4841,0,0,3.353,0,0,0
101,2016,184,2400,12.78,4841,0,0,3.353,0,0,0
102,2016,184,2400,12.78,4841,18135,7.65,152,11948,14856,13876
101,2016,185,100,12.78,4841,0,0,3.353,0,0,0
101,2016,185,200,12.78,4841,0,0,3.353,0,0,0
101,2016,185,300,12.78,4841,0,0,3.353,0,0,0
101,2016,185,400,12.78,4841,0,0,3.353,0,0,0
101,2016,185,500,12.78,4841,0,0,3.353,0,0,0
101,2016,185,600,12.78,4841,0,0,3.353,0,0,0
101,2016,185,700,12.78,4841,0,0,3.353,0,0,0
101,2016,185,800,12.8,4841,120.59,0,8.53,64.88,73.912,68.537
101,2016,185,900,12.79,4841,742.32,.417,181,419.67,609.62,528.45
101,2016,185,1000,12.79,4841,1485.8,1,447.1,966.32,1249.8,1094
101,2016,185,1100,12.79,4841,2114.8,1,511.1,1447.6,1795.5,1631.3
101,2016,185,1200,12.79,4841,2630.9,.966,498.9,1861.6,2262.1,2106.5
101,2016,185,1300,12.79,4841,2943.4,.866,384.6,2157.4,2562.9,2432.6
101,2016,185,1400,12.79,4841,622.41,0,7.25,533.49,572.37,550.93
101,2016,185,1500,12.79,4841,2148.4,.6,242.6,1560.9,1824.6,1764.2
101,2016,185,1600,12.79,4841,1096.7,.267,122,769.81,907.77,872.42
101,2016,185,1700,12.79,4841,1718,.983,412.7,1029.2,1309,1270.8
101,2016,185,1800,12.79,4841,1040.8,1,357.2,532.14,717.38,681.93
101,2016,185,1900,12.79,4841,340.68,.083,46.76,163.82,193.23,181.76
101,2016,185,2000,12.79,4841,9.5076,0,3.509,5.9827,7.6525,5.2759
101,2016,185,2100,12.79,4841,0,0,3.353,0,0,0
101,2016,185,2200,12.79,4841,0,0,3.353,0,0,0
101,2016,185,2300,12.79,4841,0,0,3.353,0,0,0
101,2016,185,2400,12.8,4841,0,0,3.353,0,0,0
102,2016,185,2400,12.78,4841,17014,7.18,135.8,11513,14086,13189
101,2016,186,100,12.79,4841,0,0,3.353,0,0,0
101,2016,186,200,12.79,4841,0,0,3.353,.06947,0,0
101,2016,186,300,12.79,4841,0,0,3.353,0,0,0
101,2016,186,400,12.79,4841,0,0,3.353,0,0,0
101,2016,186,500,12.79,4841,0,0,3.353,0,0,0
101,2016,186,600,12.79,4841,0,0,3.353,0,0,0
101,2016,186,700,12.79,4841,0,0,3.353,0,0,0
101,2016,186,800,12.79,4841,115.23,0,6.545,74.649,83.294,75.738
101,2016,186,900,12.79,4841,684.54,.367,154.8,429.05,577.82,494.98
101,2016,186,1000,12.79,4841,365.28,.067,33.14,285.52,322.62,303.32
101,2016,186,1100,12.79,4841,1066.7,.267,118.4,844.64,954.61,913.14
101,2016,186,1200,12.79,4841,1750.8,.533,227.7,1314.8,1530,1445
101,2016,186,1300,12.77,4841,809.39,.017,14.13,671.74,727.78,708.09
101,2016,186,1400,12.77,4841,1115.2,.05,22.6,911.54,997.44,979.98
101,2016,186,1500,12.77,4841,2002.8,.35,161,1486.1,1709.1,1671.8
101,2016,186,1600,12.77,4841,1786,.633,269.3,1207.6,1446.1,1410.9
101,2016,186,1700,12.77,4841,1287.6,.317,163.5,894.17,1050.7,1022.1
101,2016,186,1800,12.77,4841,678.66,.383,127.7,452.99,533.85,516.94
101,2016,186,1900,12.77,4841,375.54,0,38.44,225.49,246.49,241.05
101,2016,186,2000,12.77,4841,15.728,0,4.197,11.635,13.306,11.261
101,2016,186,2100,12.77,4841,0,0,3.353,0,0,0
101,2016,186,2200,12.77,4841,0,0,3.353,0,0,0
101,2016,186,2300,12.77,4841,0,0,3.353,0,0,0
101,2016,186,2400,12.77,4841,0,0,3.353,0,0,0
102,2016,186,2400,12.77,4841,12053,2.982,57.43,8809.9,10193,9794.3
101,2016,187,100,12.77,4841,0,0,3.353,0,0,0
101,2016,187,200,12.77,4841,0,0,3.353,0,0,0
101,2016,187,300,12.77,4841,0,0,3.353,0,0,0
101,2016,187,400,12.77,4841,0,0,3.353,0,0,0
101,2016,187,500,12.77,4841,0,0,3.353,0,0,0
101,2016,187,600,12.77,4841,0,0,3.353,0,0,0
101,2016,187,700,12.77,4841,0,0,3.353,0,0,0
101,2016,187,800,12.77,4841,62.396,0,5.617,55.259,59.723,53.959
101,2016,187,900,12.77,4841,405.85,.067,63.44,316.5,369.01,338.98
101,2016,187,1000,12.77,4841,1368.5,.833,364.5,915.37,1155.3,1032.3
101,2016,187,1100,12.76,4841,2242.7,1,538.5,1535.8,1910.6,1747.1
101,2016,187,1200,12.76,4841,2746.9,.983,539.4,1885.3,2312.3,2159.2
101,2016,187,1300,12.76,4841,2848,.883,443.6,1971.8,2397.1,2276
101,2016,187,1400,12.76,4841,3159.2,1,434.3,2155.8,2629.2,2528.4
101,2016,187,1500,12.76,4841,2965.6,1,488.7,1975.9,2418.5,2349.7
101,2016,187,1600,12.76,4841,2498,1,481.1,1594.5,1977.7,1928.7
101,2016,187,1700,9.7,4841,1813.8,1,429.4,1083.8,1374.7,1333.2
101,2016,187,1800,9.41,4841,805.48,.7,357.3,433.07,566.58,542.86
101,2016,187,1900,9.48,4841,325.79,.083,59.12,183.75,213.67,203.94
101,2016,187,2000,12.86,4841,12.981,0,3.968,8.5617,10.265,8.36
101,2016,187,2100,12.86,4841,0,0,3.353,0,0,0
101,2016,187,2200,12.86,4841,0,0,3.353,0,0,0
101,2016,187,2300,12.87,4841,0,0,3.353,0,0,0
101,2016,187,2400,12.87,4841,0,0,3.353,0,0,0
102,2016,187,2400,9.41,4841,21255,8.55,175.4,14115,17395,16503
101,2016,188,100,12.87,4841,0,0,3.353,0,0,0
101,2016,188,200,12.87,4841,0,0,3.353,0,0,0
101,2016,188,300,12.87,4841,0,0,3.353,0,0,0
101,2016,188,400,12.86,4841,0,0,3.353,0,0,0
101,2016,188,500,12.86,4841,0,0,3.353,0,0,0
101,2016,188,600,12.87,4841,0,0,3.353,0,0,0
101,2016,188,700,12.87,4841,0,0,3.353,0,0,0
101,2016,188,800,12.86,4841,82.347,0,4.074,66.99,74.844,69.829
101,2016,188,900,12.86,4841,512.72,.083,52.45,407.04,461.45,434.09
101,2016,188,1000,12.86,4841,1248.4,.95,262.9,891.69,1073.9,982.25
101,2016,188,1100,12.86,4841,1887.5,1,367.1,1347.3,1618.8,1500.9
101,2016,188,1200,12.86,4841,2537.9,1,431.2,1800.1,2164.9,2037.1
101,2016,188,1300,12.86,4841,2687.1,.883,353,1919.1,2292.3,2186.9
101,2016,188,1400,12.86,4841,2605.6,.733,262.7,1863.2,2205.7,2126.2
101,2016,188,1500,12.86,4841,1743.9,.367,159.2,1308.3,1505.8,1467.6
101,2016,188,1600,12.86,4841,1800.4,.7,259.6,1247.2,1471.9,1438.9
101,2016,188,1700,12.86,4841,1635.9,.933,346.6,1028.9,1271.1,1234.9
101,2016,188,1800,12.86,4841,1044.4,1,290.4,588.19,752.56,720.47
101,2016,188,1900,12.86,4841,387.53,.1,50.12,235.57,266.75,255.69
101,2016,188,2000,12.86,4841,18.451,0,4.521,12.599,15.195,12.406
101,2016,188,2100,12.86,4841,0,0,3.353,0,0,0
101,2016,188,2200,12.85,4841,0,0,3.353,0,0,0
101,2016,188,2300,12.85,4841,0,0,3.353,0,0,0
101,2016,188,2400,12.84,4841,0,0,3.353,0,0,0
102,2016,188,2400,12.84,4841,18192,7.75,120,12716,15175,14467
101,2016,189,100,12.85,4841,0,0,3.353,0,0,0
101,2016,189,200,12.85,4841,0,0,3.353,0,0,0
101,2016,189,300,12.85,4841,0,0,3.353,0,0,0
101,2016,189,400,12.85,4841,0,0,3.353,0,0,0
101,2016,189,500,12.84,4841,0,0,3.353,0,0,0
101,2016,189,600,12.85,4841,0,0,3.353,0,0,0
101,2016,189,700,12.84,4841,0,0,3.353,0,0,0
101,2016,189,800,12.84,4841,61.712,0,3.353,53.575,57.087,54.437
101,2016,189,900,12.84,4841,534.47,.3,84.5,402.45,471.62,434.75
101,2016,189,1000,12.84,4841,1273.4,1,289.4,900.5,1096.4,988.18
101,2016,189,1100,12.84,4841,2031.7,1,418.5,1418.9,1724,1585.1
101,2016,189,1200,12.12,4841,2557.3,1,443.3,1802.4,2171.5,2033.6
101,2016,189,1300,12.04,4841,1887.7,.483,166.2,1393.1,1626.7,1552.3
101,2016,189,1400,11.97,4841,1998.1,.516,127,1480,1723,1664.5
101,2016,189,1500,11.9,4841,2520.3,.9,301.5,1777,2113.4,2047
101,2016,189,1600,11.84,4841,2350.1,1,368,1602.4,1922.9,1870.7
101,2016,189,1700,11.8,4841,1679.5,1,300.8,1128.2,1347.5,1312.3
101,2016,189,1800,11.72,4841,921.97,1,193,599.63,716.03,691.3
101,2016,189,1900,11.72,4841,303.1,.067,34.53,207.84,234.56,223.22
101,2016,189,2000,11.71,4841,10.419,0,3.465,6.9205,8.9157,6.7091
101,2016,189,2100,11.69,4841,0,0,3.353,0,0,0
101,2016,189,2200,11.68,4841,0,0,3.353,0,0,0
101,2016,189,2300,11.67,4841,0,0,3.353,0,0,0
101,2016,189,2400,11.65,4841,0,0,3.353,0,0,0
102,2016,189,2400,11.65,4841,18130,8.26,115.4,12773,15214,14464
101,2016,190,100,11.64,4841,0,0,3.353,0,0,0
101,2016,190,200,11.61,4841,0,0,3.353,0,0,0
101,2016,190,300,11.5,4841,0,0,3.353,0,0,0
101,2016,190,400,11.46,4841,0,0,3.353,0,0,0
101,2016,190,500,11.42,4841,0,0,3.353,0,0,0
101,2016,190,600,11.38,4841,0,0,3.353,0,0,0
101,2016,190,700,11.34,4841,0,0,3.353,0,0,0
101,2016,190,800,11.3,4841,85.028,0,7.31,69.057,77.972,69.45
101,2016,190,900,11.27,4841,642.37,.433,116,444.58,554.63,494.5
101,2016,190,1000,11.25,4841,1014.8,.4,139.5,759.7,884.31,823.46
101,2016,190,1100,11.25,4841,1189,.167,76,975.83,1076.9,1035.8
101,2016,190,1200,11.2,4841,2312.7,1,390.6,1688.8,1997.4,1883.6
101,2016,190,1300,11.16,4841,1915.3,.4,144.4,1461.6,1675.1,1603.1
101,2016,190,1400,11.15,4841,1966.7,.633,169.9,1440.6,1681.4,1628.9
101,2016,190,1500,11.04,4841,2718.2,.966,426,1849,2245.6,2176.2
101,2016,190,1600,11.04,4841,2417.5,1,463.9,1561.6,1933.8,1881.8
101,2016,190,1700,11.01,4841,1630.5,.916,368.4,1014.4,1262.6,1229.6
101,2016,190,1800,11,4841,680.87,.35,110.6,480.83,553.26,537.86
101,2016,190,1900,10.95,4841,197.47,.067,29.95,134.51,157.92,149.12
101,2016,190,2000,10.97,4841,9.8676,0,3.353,7.1029,8.2044,7.0041
101,2016,190,2100,12.82,4841,0,0,3.353,0,0,0
101,2016,190,2200,12.82,4841,0,0,3.353,0,0,0
101,2016,190,2300,12.82,4841,0,0,3.353,0,0,0
101,2016,190,2400,12.82,4841,0,0,3.353,0,0,0
102,2016,190,2400,10.95,4841,16780,6.331,103.5,11888,14109,13520
101,2016,191,100,12.82,4841,0,0,3.353,0,0,0
101,2016,191,200,12.81,4841,0,0,3.353,0,0,0
101,2016,191,300,12.81,4841,0,0,3.353,0,0,0
101,2016,191,400,12.8,4841,0,0,3.353,0,0,0
101,2016,191,500,12.8,4841,0,0,3.353,0,0,0
101,2016,191,600,12.79,4841,0,0,3.353,0,0,0
101,2016,191,700,-6999,4841,0,0,3.353,0,0,0
101,2016,191,1500,-6999,4841,449.53,0,5.756,421.29,439.6,434.88
101,2016,191,1600,9.98,4841,1752.7,.533,272.4,1218.9,1453.9,1414.3
101,2016,191,1700,10.3,4841,1861.6,.95,477.6,1109.6,1411.6,1366.3
101,2016,191,1800,10.48,4841,1155.9,1,422.1,575.9,786.47,755.09
101,2016,191,1900,10.63,4841,370.55,.133,57.82,175.13,205.64,197.36
101,2016,191,2000,10.66,4841,13.095,0,3.666,8.9524,10.988,8.107
101,2016,191,2100,10.76,4841,0,0,3.353,0,0,0
101,2016,191,2200,10.85,4841,0,0,3.353,0,0,0
101,2016,191,2300,10.83,4841,0,0,3.353,0,0,0
101,2016,191,2400,10.89,4841,0,0,3.353,0,0,0
102,2016,191,2400,-6999,4841,5603.4,2.616,76.9,3509.7,4308.2,4176.1
101,2016,192,100,10.89,4841,0,0,3.353,0,0,0
101,2016,192,200,10.99,4841,0,0,3.353,0,0,0
101,2016,192,300,11.06,4841,0,0,3.353,0,0,0
101,2016,192,400,11.03,4841,0,0,3.353,0,0,0
101,2016,192,500,10.99,4841,0,0,3.353,0,0,0
101,2016,192,600,10.95,4841,0,0,3.353,0,0,0
101,2016,192,700,10.99,4841,0,0,3.353,0,0,0
101,2016,192,800,11.14,4841,109.87,0,11.1,69.552,80.155,71.213
101,2016,192,900,11.18,4841,687.97,.466,182.5,412.15,580.41,488.63
101,2016,192,1000,11.12,4841,1459.3,.966,434.8,967.05,1238.7,1094.3
101,2016,192,1100,11.1,4841,1491.7,.516,273.1,1098.9,1308.9,1220.1
101,2016,192,1200,11.01,4841,2914.3,1,609.1,2049.3,2510.2,2342.9
101,2016,192,1300,11.05,4841,3010,1,474.1,2150.6,2593.3,2461.9
101,2016,192,1400,11.15,4841,3014.8,1,380.1,2140,2568.3,2466.9
101,2016,192,1500,11.24,4841,2533.6,1,301.3,1807.2,2144.5,2073.6
101,2016,192,1600,11.16,4841,2581,1,454.5,1755.3,2119.6,2060.7
101,2016,192,1700,11.2,4841,1960.6,1,465.5,1206.4,1511.9,1465.7
101,2016,192,1800,11.26,4841,941.58,.85,244.4,572.76,707.1,682.3
101,2016,192,1900,11.19,4841,359.67,.133,55.37,210.23,234.79,226.98
101,2016,192,2000,11.26,4841,18.301,0,3.934,13.398,15.587,12.47
101,2016,192,2100,11.18,4841,0,0,3.353,0,0,0
101,2016,192,2200,11.2,4841,0,0,3.353,0,0,0
101,2016,192,2300,11.36,4841,0,0,3.353,0,0,0
101,2016,192,2400,11.36,4841,0,0,3.353,0,0,0
102,2016,192,2400,10.89,4841,21083,8.93,163.6,14453,17613,16668
101,2016,193,100,11.32,4841,0,0,3.353,0,0,0
101,2016,193,200,11.34,4841,0,0,3.353,0,0,0
101,2016,193,300,11.32,4841,0,0,3.353,0,0,0
101,2016,193,400,11.34,4841,0,0,3.353,0,0,0
101,2016,193,500,11.4,4841,0,0,3.353,0,0,0
101,2016,193,600,11.25,4841,0,0,3.353,0,0,0
101,2016,193,700,11.34,4841,0,0,3.353,0,0,0
101,2016,193,800,11.3,4841,90.205,0,10.08,73.972,83.073,76.721
101,2016,193,900,11.36,4841,301.57,0,12.99,264.77,283.53,272.8
101,2016,193,1000,11.42,4841,421.91,0,49.69,357.32,390.24,371.72
101,2016,193,1100,11.33,4841,1666.9,.65,329.8,1224.1,1457.9,1351
101,2016,193,1200,11.34,4841,1239.1,.2,90.7,1011.8,1125.8,1083.8
101,2016,193,1300,11.22,4841,2407.2,.716,321.4,1801.8,2108.5,2008.6
101,2016,193,1400,11.38,4841,2926.3,.8,325.4,2108,2505,2416.9
101,2016,193,1500,11.22,4841,2480.2,.7,335,1748.2,2084.2,2018.1
101,2016,193,1600,11.31,4841,2213.5,.85,348,1530.8,1837,1790.2
101,2016,193,1700,11.36,4841,1898.3,.983,443.7,1177.9,1467.9,1425.6
101,2016,193,1800,11.35,4841,1017.5,.916,320.9,560.72,725.73,699.47
101,2016,193,1900,11.36,4841,282.21,.15,59.93,166.62,198.54,190.13
101,2016,193,2000,11.39,4841,13.569,0,3.476,10.324,11.81,9.8422
101,2016,193,2100,11.41,4841,0,0,3.353,0,0,0
101,2016,193,2200,11.4,4841,0,0,3.353,0,0,0
101,2016,193,2300,11.33,4841,0,0,3.353,0,0,0
101,2016,193,2400,11.34,4841,0,0,3.353,0,0,0
102,2016,193,2400,11.22,4841,16959,5.964,112,12036,14279,13715
101,2016,194,100,11.31,4841,0,0,3.353,0,0,0
101,2016,194,200,11.37,4841,0,0,3.353,0,0,0
101,2016,194,300,11.32,4841,0,0,3.353,0,0,0
101,2016,194,400,11.22,4841,0,0,3.353,0,0,0
101,2016,194,500,11.26,4841,0,0,3.353,.26049,0,.01405
101,2016,194,600,11.44,4841,0,0,3.353,0,0,0
101,2016,194,700,11.46,4841,0,0,3.353,0,0,0
101,2016,194,800,11.37,4841,41.815,0,3.353,37.476,40.261,37.83
101,2016,194,900,11.48,4841,266.74,0,7.7,228.58,246.15,238.08
101,2016,194,1000,11.47,4841,1056.5,.616,210.2,791.79,938.9,866.02
101,2016,194,1100,11.43,4841,1863.4,.883,309.3,1434.5,1669.3,1563.6
101,2016,194,1200,11.43,4841,407.07,0,6.925,418.84,420.57,415.75
101,2016,194,1300,11.46,4841,1198.8,.05,21.97,1005.9,1100.9,1075.2
101,2016,194,1400,11.38,4841,2895.5,.75,262,2091.4,2475.6,2388.2
101,2016,194,1500,11.4,4841,1108.1,.083,41.44,938.74,1022.7,994.48
101,2016,194,1600,11.55,4841,1122.4,.1,36.41,925.54,1014.1,991.67
101,2016,194,1700,11.51,4841,580.33,0,5.119,533.29,558.28,548.61
101,2016,194,1800,11.4,4841,211.33,0,3.353,196.73,205.38,199.63
101,2016,194,1900,11.42,4841,85.239,0,3.353,73.781,80.045,75.542
101,2016,194,2000,11.54,4841,4.3489,0,3.353,3.0565,3.9121,2.8382
101,2016,194,2100,11.47,4841,0,0,3.353,0,0,0
101,2016,194,2200,11.54,4841,0,0,3.353,0,0,0
101,2016,194,2300,11.49,4841,0,0,3.353,0,0,0
101,2016,194,2400,11.55,4841,0,0,3.353,0,0,0
102,2016,194,2400,11.22,4841,10842,2.482,39.64,8679.9,9776,9397.4
101,2016,195,100,11.58,4841,0,0,3.353,0,0,0
101,2016,195,200,11.49,4841,0,0,3.353,0,0,0
101,2016,195,300,11.42,4841,0,0,3.353,0,0,0
101,2016,195,400,11.5,4841,0,0,3.353,0,0,0
101,2016,195,500,11.55,4841,0,0,3.353,0,0,0
101,2016,195,600,11.55,4841,0,0,3.353,0,0,0
101,2016,195,700,11.56,4841,0,0,3.353,0,0,0
101,2016,195,800,11.55,4841,39.41,0,3.353,33.569,37.232,34.585
101,2016,195,900,11.59,4841,253.2,0,3.353,218.91,234.55,229.48
101,2016,195,1000,11.57,4841,296.1,.033,14.18,254.43,274.15,265.99
101,2016,195,1100,11.58,4841,1850.3,.566,266.6,1443,1661.9,1579.1
101,2016,195,1200,11.58,4841,1758.1,.483,249.6,1359,1571.9,1489.2
101,2016,195,1300,11.61,4841,1064.6,0,6.348,936.98,1003.7,987.23
101,2016,195,1400,11.59,4841,1347.2,0,14.97,1153,1253.1,1228.1
101,2016,195,1500,11.61,4841,1198.3,0,21.95,1044.9,1117,1102.5
101,2016,195,1600,11.58,4841,1065.9,.133,57.71,908.53,981.21,966.93
101,2016,195,1700,11.59,4841,2044,1,416.9,1338.9,1625.5,1584.9
101,2016,195,1800,11.61,4841,1137.4,1,301.4,686.09,849.36,821.8
101,2016,195,1900,11.62,4841,323.57,.133,50.96,194.99,223.54,214.77
101,2016,195,2000,11.62,4841,17.102,0,3.962,12.087,13.931,11.606
101,2016,195,2100,11.65,4841,0,0,3.353,0,0,0
101,2016,195,2200,11.65,4841,0,0,3.353,0,0,0
101,2016,195,2300,11.62,4841,0,0,3.353,0,0,0
101,2016,195,2400,11.59,4841,0,0,3.353,0,0,0
102,2016,195,2400,11.42,4841,12395,3.349,60.34,9584.4,10847,10516
101,2016,196,100,11.59,4841,0,0,3.353,0,0,0
101,2016,196,200,11.65,4841,0,0,3.353,0,0,0
101,2016,196,300,11.59,4841,0,0,3.353,0,0,.04215
101,2016,196,400,11.55,4841,0,0,3.353,1.1462,.45375,1.2715
101,2016,196,500,11.54,4841,0,0,3.353,0,0,0
101,2016,196,600,11.61,4841,0,0,3.353,0,.18395,1.0748
101,2016,196,700,11.66,4841,0,0,3.353,1.1288,2.1584,2.9646
101,2016,196,800,11.65,4841,24.222,0,3.353,24.313,26.735,28.15
101,2016,196,900,11.65,4841,283.08,.017,9.62,249.62,270.96,265.44
101,2016,196,1000,11.66,4841,292.55,0,3.555,263.29,277.56,268.83
101,2016,196,1100,11.72,4841,651.08,0,3.353,555.48,600.9,588.07
101,2016,196,1200,11.61,4841,1624.7,.217,69.79,1327.4,1480.5,1441.3
101,2016,196,1300,11.61,4841,1889,.133,47.22,1559.4,1730.8,1682.8
101,2016,196,1400,11.59,4841,1514.7,0,3.353,1289,1399.5,1363.4
101,2016,196,1500,11.65,4841,1535.4,.1,40.65,1266.2,1396.1,1366
101,2016,196,1600,11.62,4841,1408.8,.25,139.2,1111.2,1243.9,1217.8
101,2016,196,1700,11.63,4841,1180.8,.367,146.9,881.67,1006.2,984.84
101,2016,196,1800,11.63,4841,1065.8,.983,274.1,638.19,795.23,766.22
101,2016,196,1900,11.65,4841,341.15,.167,59.45,175.93,211.41,201.99
101,2016,196,2000,11.64,4841,15.77,0,4.275,9.8727,12.448,9.6104
101,2016,196,2100,11.67,4841,0,0,3.353,0,0,0
101,2016,196,2200,11.62,4841,0,0,3.353,0,0,0
101,2016,196,2300,11.59,4841,0,0,3.353,0,0,0
101,2016,196,2400,11.71,4841,0,0,3.353,0,0,0
102,2016,196,2400,11.54,4841,11827,2.232,35.07,9354,10455,10190
101,2016,197,100,11.6,4841,0,0,3.353,0,0,0
101,2016,197,200,11.53,4841,0,0,3.353,0,0,0
101,2016,197,300,11.62,4841,0,0,3.353,0,0,0
101,2016,197,400,11.59,4841,0,0,3.353,0,0,0
101,2016,197,500,11.6,4841,0,0,3.353,0,0,0
101,2016,197,600,11.65,4841,0,0,3.353,0,0,0
101,2016,197,700,11.7,4841,0,0,3.353,0,0,0
101,2016,197,800,11.67,4841,85.184,0,8.95,68.683,79.087,70.546
101,2016,197,900,11.71,4841,422.07,.017,41.97,348.91,388,367.38
101,2016,197,1000,11.7,4841,1336.8,.8,357.7,946.45,1175.4,1048.8
101,2016,197,1100,11.72,4841,2093.8,.983,510.7,1482.5,1825,1661.4
101,2016,197,1200,11.69,4841,2155.7,.683,331.7,1637.2,1927.6,1813.6
101,2016,197,1300,11.66,4841,1401.9,.183,90.5,1122.3,1269.5,1214.3
101,2016,197,1400,11.69,4841,2572.9,.716,240.4,1984.2,2302.3,2212.9
101,2016,197,1500,11.7,4841,1753.7,.633,255.2,1269,1505.8,1451.7
101,2016,197,1600,11.7,4841,1871,.716,269.7,1330.4,1571.3,1518.5
101,2016,197,1700,11.75,4841,1525.9,.516,235,1043.5,1241.8,1204
101,2016,197,1800,11.69,4841,827.81,.466,145.2,574.98,666.52,648.37
101,2016,197,1900,11.72,4841,303.39,.167,45.8,168.43,193.59,184.36
101,2016,197,2000,11.71,4841,14.295,0,3.398,9.8468,12.153,9.3084
101,2016,197,2100,11.69,4841,0,0,3.353,0,0,0
101,2016,197,2200,11.73,4841,0,0,3.353,0,0,0
101,2016,197,2300,11.74,4841,0,0,3.353,0,0,0
101,2016,197,2400,11.73,4841,0,0,3.353,0,0,0
102,2016,197,2400,11.53,4841,16364,5.881,107.2,11986,14158,13405
101,2016,198,100,11.73,4841,0,0,3.353,0,0,0
101,2016,198,200,11.77,4841,0,0,3.353,0,0,0
101,2016,198,300,11.77,4841,0,0,3.353,0,0,0
101,2016,198,400,11.65,4841,0,0,3.353,0,0,0
101,2016,198,500,11.72,4841,0,0,3.353,0,0,0
101,2016,198,600,11.72,4841,0,0,3.353,0,0,0
101,2016,198,700,11.76,4841,0,0,3.353,0,0,0
101,2016,198,800,11.75,4841,37.425,0,6.221,36.2,38.704,35.392
101,2016,198,900,11.81,4841,151.29,0,3.353,131.93,141.34,136.36
101,2016,198,1000,11.75,4841,760.58,.05,24.05,630.89,696.99,669.06
101,2016,198,1100,11.76,4841,1261.1,.133,73.4,1075.9,1178.6,1130.2
101,2016,198,1200,11.72,4841,1158.8,.017,23.24,977.26,1070.9,1033
101,2016,198,1300,11.74,4841,2973.1,.866,388.4,2224.9,2626,2490.9
101,2016,198,1400,11.76,4841,1315.5,.2,88.8,1046.5,1178.8,1138.8
101,2016,198,1500,11.72,4841,1972.2,.516,222.8,1509.7,1747.8,1682.9
101,2016,198,1600,11.81,4841,1424.7,.383,161.7,1069.7,1235.5,1200.8
101,2016,198,1700,11.81,4841,1843.3,.833,338,1290.5,1525.7,1495.6
101,2016,198,1800,11.73,4841,757.81,.566,215.3,452.86,557.75,538.94
101,2016,198,1900,11.73,4841,412.08,.183,66.29,215.33,254.36,243.3
101,2016,198,2000,11.77,4841,20.665,0,4.705,15.76,18.113,15.238
101,2016,198,2100,11.78,4841,0,0,3.353,0,0,0
101,2016,198,2200,11.8,4841,0,0,3.353,0,0,0
101,2016,198,2300,11.77,4841,0,0,3.353,0,0,0
101,2016,198,2400,11.8,4841,0,0,3.353,0,0,0
102,2016,198,2400,11.65,4841,14089,3.748,68.89,10677,12271,11811
101,2016,199,100,11.79,4841,0,0,3.353,0,0,0
101,2016,199,200,11.75,4841,0,0,3.353,0,0,0
101,2016,199,300,11.83,4841,0,0,3.353,0,0,0
101,2016,199,400,11.82,4841,0,0,3.353,0,0,0
101,2016,199,500,11.81,4841,0,0,3.353,0,0,0
101,2016,199,600,11.8,4841,0,0,3.353,0,0,0
101,2016,199,700,11.81,4841,0,0,3.353,0,0,0
101,2016,199,800,11.83,4841,59.457,0,3.828,51.595,56.069,53.117
101,2016,199,900,11.82,4841,520.29,.15,52.33,423.44,475.49,447.41
101,2016,199,1000,11.8,4841,1420.4,.983,388.5,1016.6,1256.8,1125
101,2016,199,1100,11.82,4841,1749.7,.583,270.3,1326.7,1551.2,1444.4
101,2016,199,1200,11.83,4841,1689.5,.417,231.7,1281.3,1508.2,1423
101,2016,199,1300,11.83,4841,3016.7,.883,480.6,2271,2695.3,2558
101,2016,199,1400,11.84,4841,2037,.383,160.7,1595.2,1826.3,1771.4
101,2016,199,1500,11.82,4841,1489.9,.333,94.6,1161.2,1327.2,1287.9
101,2016,199,1600,11.84,4841,1620,.433,135.5,1194.1,1382.9,1342.3
101,2016,199,1700,11.83,4841,1834.5,.916,384.9,1194.8,1451.2,1416.3
101,2016,199,1800,11.8,4841,1214.1,1,435.8,633.14,835.55,808.96
101,2016,199,1900,11.8,4841,334.41,.2,78.1,164.95,202.46,193.85
101,2016,199,2000,11.81,4841,7.2102,0,3.353,5.0797,6.5733,4.5874
101,2016,199,2100,11.79,4841,0,0,3.353,0,0,0
101,2016,199,2200,11.79,4841,0,0,3.353,0,0,0
101,2016,199,2300,11.81,4841,0,0,3.353,0,0,0
101,2016,199,2400,11.79,4841,0,0,3.353,0,0,0
102,2016,199,2400,11.75,4841,16993,6.281,114.9,12319,14575,13876
101,2016,200,100,11.77,4841,0,0,3.353,0,0,0
101,2016,200,200,11.8,4841,0,0,3.353,0,0,0
101,2016,200,300,11.79,4841,0,0,3.353,0,0,0
101,2016,200,400,11.81,4841,0,0,3.353,0,0,0
101,2016,200,500,11.82,4841,0,0,3.353,0,0,0
101,2016,200,600,11.83,4841,0,0,3.353,0,0,0
101,2016,200,700,11.83,4841,0,0,3.353,0,0,0
101,2016,200,800,11.79,4841,75.689,0,8.53,63.491,73.483,66.078
101,2016,200,900,11.64,4841,521.08,.583,211.6,432.32,598.28,498.43
101,2016,200,1000,11.79,4841,1499.8,1,443.9,1048.7,1325.9,1179.3
101,2016,200,1100,11.8,4841,1713.9,.716,319.7,1277.5,1515.1,1406.9
101,2016,200,1200,11.81,4841,2615.7,.816,428.9,1948.2,2323.1,2177.2
101,2016,200,1300,11.81,4841,2847.8,.833,400.2,2078.5,2492,2356.4
101,2016,200,1400,11.79,4841,2712.2,.7,327.2,1920.7,2287,2191.2
101,2016,200,1500,11.79,4841,1797.4,.433,219.4,1304.1,1540.5,1485.6
101,2016,200,1600,11.77,4841,1567.6,.533,165.7,1102.2,1317.2,1263
101,2016,200,1700,11.79,4841,1292,.55,245.3,842.18,1022.2,989.91
101,2016,200,1800,11.81,4841,761.76,.5,217.1,437.75,548.08,529.44
101,2016,200,1900,11.61,4841,381.39,.217,85.5,162.24,195.15,188.13
101,2016,200,2000,11.77,4841,13.041,0,3.761,8.6224,10.694,7.8261
101,2016,200,2100,11.77,4841,0,0,3.353,0,0,0
101,2016,200,2200,11.78,4841,0,0,3.353,0,0,0
101,2016,200,2300,11.77,4841,0,0,3.353,0,0,0
101,2016,200,2400,11.79,4841,0,0,3.353,0,0,0
102,2016,200,2400,11.61,4841,17799,6.881,129.7,12627,15249,14339
101,2016,201,100,11.78,4841,0,0,3.353,0,0,0
101,2016,201,200,11.77,4841,0,0,3.353,0,0,0
101,2016,201,300,11.67,4841,0,0,3.353,0,0,0
101,2016,201,400,11.7,4841,0,0,3.353,0,0,0
101,2016,201,500,11.68,4841,0,0,3.353,0,0,0
101,2016,201,600,11.84,4841,0,0,3.353,0,0,0
101,2016,201,700,11.71,4841,0,0,3.353,0,0,0
101,2016,201,800,11.75,4841,77.608,0,8.41,58.967,67.805,58.814
101,2016,201,900,11.7,4841,608.83,.616,230.6,511.43,668.67,584.47
101,2016,201,1000,11.73,4841,1504.1,1,468.5,1034.1,1322.5,1168.6
101,2016,201,1100,11.71,4841,2071,.9,491.7,1504.7,1837.4,1688
101,2016,201,1200,11.79,4841,2850,.966,579.9,2046.2,2492.6,2319.8
101,2016,201,1300,11.69,4841,3174.8,1,543.9,2229.6,2717.3,2563.5
101,2016,201,1400,11.67,4841,3341,1,511,2309.8,2786.8,2677.7
101,2016,201,1500,11.67,4841,3164.7,1,536.4,2206.7,2656.2,2568.5
101,2016,201,1600,11.68,4841,2382.3,.833,460,1585.3,1950.1,1878.4
101,2016,201,1700,11.69,4841,2021.3,1,527.3,1210.4,1532.3,1483.7
101,2016,201,1800,11.77,4841,940.4,.716,285.2,515.24,662.1,635.93
101,2016,201,1900,11.79,4841,213.06,0,35.91,145.28,164.3,156.07
101,2016,201,2000,11.77,4841,7.5881,0,3.375,5.4096,6.8554,4.5874
101,2016,201,2100,11.77,4841,0,0,3.353,0,0,0
101,2016,201,2200,11.81,4841,0,0,3.353,0,0,0
101,2016,201,2300,11.83,4841,0,0,3.353,0,0,0
101,2016,201,2400,11.83,4841,0,0,3.353,0,0,0
102,2016,201,2400,11.67,4841,22357,9.03,196.6,15363,18865,17788
101,2016,202,100,11.83,4841,0,0,3.353,0,0,0
101,2016,202,200,11.81,4841,0,0,3.353,0,0,0
101,2016,202,300,11.79,4841,0,0,3.353,0,0,0
101,2016,202,400,11.76,4841,0,0,3.353,0,0,0
101,2016,202,500,11.79,4841,0,0,3.353,0,0,0
101,2016,202,600,11.8,4841,0,0,3.353,0,0,0
101,2016,202,700,11.78,4841,0,0,3.353,0,0,0
101,2016,202,800,11.8,4841,92.334,0,6.444,76.463,86.519,80.241
101,2016,202,900,11.77,4841,387.24,.017,26.61,335.21,387.49,358.03
101,2016,202,1000,11.8,4841,1311.6,.6,231.3,986.07,1169.9,1077.1
101,2016,202,1100,11.8,4841,1686.8,.716,282,1294.5,1518.1,1414.2
101,2016,202,1200,11.79,4841,1757.3,.45,200.8,1371.9,1575.6,1490.4
101,2016,202,1300,11.76,4841,1474.9,.333,149.4,1143.8,1314.5,1248.2
101,2016,202,1400,11.64,4841,1591.1,.233,81.5,1241.4,1399.6,1362.9
101,2016,202,1500,11.65,4841,1611.2,.283,111.7,1250.4,1422,1377.1
101,2016,202,1600,11.65,4841,1178,.233,82.3,927.61,1046.9,1015.3
101,2016,202,1700,11.72,4841,1221.9,.516,181.9,872.63,1007.4,982.05
101,2016,202,1800,11.63,4841,622.22,.4,143.1,401.27,479.25,460.57
101,2016,202,1900,11.65,4841,274.46,.117,35.15,187.67,220.4,208.84
101,2016,202,2000,11.66,4841,7.9541,0,3.353,4.4805,6.279,4.4188
101,2016,202,2100,11.65,4841,0,0,3.353,0,0,0
101,2016,202,2200,11.79,4841,0,0,3.353,0,0,0
101,2016,202,2300,11.83,4841,0,0,3.353,0,0,0
101,2016,202,2400,11.81,4841,0,0,3.353,0,0,0
102,2016,202,2400,11.63,4841,13217,3.898,65.52,10093,11634,11079
101,2016,203,100,11.82,4841,0,0,3.353,0,0,0
101,2016,203,200,11.81,4841,0,0,3.353,0,0,0
101,2016,203,300,11.78,4841,0,0,3.353,0,0,0
101,2016,203,400,11.78,4841,0,0,3.353,0,0,0
101,2016,203,500,11.78,4841,0,0,3.353,0,0,0
101,2016,203,600,11.78,4841,0,0,3.353,0,0,0
101,2016,203,700,11.77,4841,0,0,3.353,0,0,0
101,2016,203,800,11.67,4841,109.48,0,10.64,85.616,99.2,89.781
101,2016,203,900,11.65,4841,497.71,.417,151.6,462.31,561.73,503.45
101,2016,203,1000,11.71,4841,1507.8,1,438.2,1061.9,1335,1182.8
101,2016,203,1100,11.72,4841,2233,1,552.3,1590.2,1955.5,1778
101,2016,203,1200,11.63,4841,2701.9,1,542.9,1935.5,2359.4,2188.1
101,2016,203,1300,11.72,4841,2350.5,.666,314.8,1772.1,2087.6,1978.7
101,2016,203,1400,11.75,4841,1555.4,.3,91.6,1212.4,1376.4,1331.1
101,2016,203,1500,11.71,4841,1352.3,.3,109.3,1080.3,1229.6,1197
101,2016,203,1600,11.65,4841,1684.9,.6,218.8,1211.2,1418.7,1376.1
101,2016,203,1700,11.73,4841,1761.5,.983,376,1147.9,1395,1354.8
101,2016,203,1800,11.71,4841,1035.2,.816,282.3,639.75,776.91,756.21
101,2016,203,1900,11.68,4841,306.6,.233,65.92,165.42,196.11,187.42
101,2016,203,2000,11.68,4841,6.9643,0,3.353,4.1506,5.8252,3.5337
101,2016,203,2100,11.7,4841,0,0,3.353,0,0,0
101,2016,203,2200,11.71,4841,0,0,3.353,0,0,0
101,2016,203,2300,11.74,4841,0,0,3.353,0,0,0
101,2016,203,2400,11.81,4841,0,0,3.353,0,0,0
102,2016,203,2400,11.63,4841,17103,7.31,133.1,12369,14797,13927
101,2016,204,100,11.82,4841,0,0,3.353,0,0,0
101,2016,204,200,11.77,4841,0,0,3.353,0,0,0
101,2016,204,300,11.77,4841,0,0,3.353,0,0,0
101,2016,204,400,11.84,4841,0,0,3.353,0,0,0
101,2016,204,500,11.83,4841,0,0,3.353,0,0,0
101,2016,204,600,11.78,4841,0,0,3.353,0,0,0
101,2016,204,700,11.81,4841,0,0,3.353,0,0,0
101,2016,204,800,11.79,4841,60.891,0,3.353,50.762,56.179,51.698
101,2016,204,900,11.67,4841,343.97,.417,127.3,337.05,413.65,370.31
101,2016,204,1000,11.82,4841,1423.5,1,389.9,1057.1,1294.8,1165.7
101,2016,204,1100,11.85,4841,1566.9,.516,169.4,1246.9,1417.4,1338.8
101,2016,204,1200,11.87,4841,1255.2,.133,39.32,1052.8,1153.1,1113.4
101,2016,204,1300,11.83,4841,1627.2,0,12.9,1343.2,1484.4,1440.7
101,2016,204,1400,11.8,4841,1959.5,0,4.566,1628.4,1792.3,1744.9
101,2016,204,1500,11.83,4841,1068.5,0,18.02,944.86,1013.3,986.91
101,2016,204,1600,11.84,4841,635.59,0,9.2,575.58,612.19,597.58
101,2016,204,1700,11.85,4841,1105.6,.7,155.9,782.55,912.91,886.51
101,2016,204,1800,11.86,4841,738.94,.85,181.5,456.7,555.1,535.33
101,2016,204,1900,11.85,4841,330.79,.25,74.2,177.81,213.71,204.5
101,2016,204,2000,11.79,4841,12.501,0,3.75,7.5631,10.302,7.6645
101,2016,204,2100,11.69,4841,0,0,3.353,0,0,0
101,2016,204,2200,11.76,4841,0,0,3.353,0,0,0
101,2016,204,2300,11.73,4841,0,0,3.353,0,0,0
101,2016,204,2400,11.8,4841,0,0,3.353,0,0,0
102,2016,204,2400,11.67,4841,12129,3.865,51.09,9661.2,10929,10444
101,2016,205,100,11.75,4841,0,0,3.353,0,0,0
101,2016,205,200,11.82,4841,0,0,3.353,0,0,0
101,2016,205,300,11.81,4841,0,0,3.353,0,0,0
101,2016,205,400,11.83,4841,0,0,3.353,0,0,0
101,2016,205,500,11.84,4841,0,0,3.353,0,0,0
101,2016,205,600,11.83,4841,0,0,3.353,0,0,0
101,2016,205,700,11.81,4841,0,0,3.353,0,0,0
101,2016,205,800,11.81,4841,30.394,0,3.353,26.51,28.55,26.906
101,2016,205,900,11.84,4841,343.2,.083,32.72,293.79,331.8,312.23
101,2016,205,1000,11.8,4841,473.9,0,4.225,400.44,433.04,420.76
101,2016,205,1100,11.85,4841,556.39,0,6.092,469.19,504.94,493.56
101,2016,205,1200,11.8,4841,1251.6,0,12.9,1036.4,1138.5,1102.2
101,2016,205,1300,11.79,4841,1794.6,.133,40.14,1499.4,1653,1600.7
101,2016,205,1400,11.77,4841,1852.5,.083,49.93,1512.8,1680.1,1638.7
101,2016,205,1500,11.75,4841,2388.2,.766,192.4,1858.4,2113.1,2062.2
101,2016,205,1600,11.69,4841,2309.5,.766,233.6,1752.3,2021.7,1965.6
101,2016,205,1700,11.75,4841,854.72,0,11.22,737.63,797.31,778.32
101,2016,205,1800,11.75,4841,459.77,0,3.353,402.95,431.91,418.88
101,2016,205,1900,11.68,4841,262.8,0,9.34,210.49,230.04,221.17
101,2016,205,2000,11.67,4841,16.436,0,3.465,11.384,14.275,11.451
101,2016,205,2100,11.7,4841,0,0,3.353,0,0,0
101,2016,205,2200,11.76,4841,0,0,3.353,0,0,0
101,2016,205,2300,11.83,4841,0,0,3.353,0,0,0
101,2016,205,2400,11.79,4841,0,0,3.353,0,0,0
102,2016,205,2400,11.67,4841,12594,1.833,26.65,10212,11378,11053
101,2016,206,100,11.77,4841,0,0,3.353,0,0,0
101,2016,206,200,11.68,4841,0,0,3.353,0,0,0
101,2016,206,300,11.72,4841,0,0,3.353,0,0,0
101,2016,206,400,11.79,4841,0,0,3.353,0,0,0
101,2016,206,500,11.69,4841,0,0,3.353,0,0,0
101,2016,206,600,11.68,4841,0,0,3.353,0,0,0
101,2016,206,700,11.75,4841,0,0,3.353,0,0,0
101,2016,206,800,11.72,4841,54.94,0,3.443,45.465,51.752,47.307
101,2016,206,900,11.73,4841,303.46,0,15.52,257.83,283.37,268.51
101,2016,206,1000,11.77,4841,755.03,.033,35.34,635.85,694.47,666.25
101,2016,206,1100,11.79,4841,1311.6,.35,113,1060.3,1188.7,1127.8
101,2016,206,1200,11.79,4841,1308.4,.167,88.6,1082.8,1200.1,1152.5
101,2016,206,1300,11.77,4841,1897.1,.367,137.5,1467.4,1667.3,1599.3
101,2016,206,1400,11.76,4841,3155.8,.916,379.2,2268.5,2669.3,2566.4
101,2016,206,1500,11.79,4841,1787.7,.383,145.1,1333.6,1530.7,1475.3
101,2016,206,1600,11.79,4841,861.53,.1,56.76,654.37,744.39,714.02
101,2016,206,1700,11.73,4841,891.02,0,55.56,705.32,782.68,756.06
101,2016,206,1800,11.75,4841,145.87,0,10.71,138.14,141.74,135.99
101,2016,206,1900,11.77,4841,47.208,0,3.353,38.901,44.579,39.404
101,2016,206,2000,11.79,4841,1.8955,0,3.353,1.3893,2.465,1.0257
101,2016,206,2100,11.8,4841,0,0,3.353,0,0,0
101,2016,206,2200,11.79,4841,0,0,3.353,0,0,0
101,2016,206,2300,11.81,4841,0,0,3.353,0,0,0
101,2016,206,2400,11.79,4841,0,0,3.353,0,0,0
102,2016,206,2400,11.68,4841,12522,2.316,45.18,9689.8,11002,10550
101,2016,207,100,11.73,4841,0,0,3.353,0,0,0
101,2016,207,200,11.79,4841,0,0,3.353,0,0,0
101,2016,207,300,11.81,4841,0,0,3.353,0,0,0
101,2016,207,400,11.76,4841,0,0,3.353,0,0,0
101,2016,207,500,11.76,4841,0,0,3.353,0,0,0
101,2016,207,600,11.81,4841,0,0,3.353,.00868,0,.04215
101,2016,207,700,11.81,4841,0,0,3.353,0,0,0
101,2016,207,800,11.76,4841,57.573,0,3.353,46.264,51.703,48.023
101,2016,207,900,11.8,4841,50.915,0,3.353,41.601,45.841,44.764
101,2016,207,1000,11.74,4841,289.16,0,3.353,255,270.82,266.57
101,2016,207,1100,11.75,4841,686.74,0,3.856,567.02,614.39,597.98
101,2016,207,1200,11.8,4841,881.28,0,3.476,749.77,806.44,783.3
101,2016,207,1300,11.71,4841,1211.1,0,3.353,1044.6,1118.4,1096
101,2016,207,1400,11.78,4841,2003.9,.15,47.14,1585.7,1773.2,1722.8
101,2016,207,1500,11.77,4841,1934.3,.25,88.4,1542.5,1715,1668.9
101,2016,207,1600,11.79,4841,1108.6,0,9.69,924.75,1010.2,985.21
101,2016,207,1700,11.81,4841,1282.6,.65,186.5,937.77,1073.4,1049.8
101,2016,207,1800,11.84,4841,765.59,.55,221.8,471.71,573.63,557.68
101,2016,207,1900,11.83,4841,214.76,.017,33.71,145.07,166.28,157.91
101,2016,207,2000,11.81,4841,7.5341,0,3.353,5.8611,7.6402,5.4164
101,2016,207,2100,11.81,4841,0,0,3.353,0,0,0
101,2016,207,2200,11.78,4841,0,0,3.353,0,0,0
101,2016,207,2300,11.81,4841,0,0,3.353,0,0,0
101,2016,207,2400,11.83,4841,0,0,3.353,0,0,0
102,2016,207,2400,11.71,4841,10494,1.616,27.01,8317.7,9226.9,8984.5
101,2016,208,100,11.79,4841,0,0,3.353,0,0,0
101,2016,208,200,11.77,4841,0,0,3.353,0,0,0
101,2016,208,300,11.77,4841,0,0,3.353,0,0,0
101,2016,208,400,11.75,4841,0,0,3.353,0,0,0
101,2016,208,500,11.71,4841,0,0,3.353,0,0,0
101,2016,208,600,11.73,4841,0,0,3.353,0,0,0
101,2016,208,700,11.73,4841,0,0,3.353,0,0,0
101,2016,208,800,11.77,4841,58.934,0,8.33,51.021,57.184,50.664
101,2016,208,900,11.69,4841,479.8,.733,182.9,451.43,562.9,501.52
101,2016,208,1000,11.79,4841,1332.8,1,392.3,1041,1285.4,1151.6
101,2016,208,1100,11.8,4841,2039.1,.866,408.7,1532.8,1830.3,1685.1
101,2016,208,1200,11.81,4841,2746,.85,428.9,2076.7,2458.7,2307.4
101,2016,208,1300,11.78,4841,999.25,.067,27.64,823.1,922.79,887.62
101,2016,208,1400,11.81,4841,2395.4,.55,234.6,1819.6,2122.2,2034.2
101,2016,208,1500,11.83,4841,1966.7,.466,230.1,1448.2,1673.4,1629.7
101,2016,208,1600,11.75,4841,532.41,0,6.058,517.3,539.71,524.61
101,2016,208,1700,11.8,4841,614.09,0,28.5,532.57,575.11,558.62
101,2016,208,1800,11.79,4841,830.06,.533,208.5,537.51,641.93,625.03
101,2016,208,1900,11.79,4841,170.93,.017,29.04,121.28,138.42,128.18
101,2016,208,2000,11.82,4841,9.5436,0,3.353,6.9552,8.7685,6.5053
101,2016,208,2100,11.83,4841,0,0,3.353,0,0,0
101,2016,208,2200,11.77,4841,0,0,3.353,0,0,0
101,2016,208,2300,11.74,4841,0,0,3.353,0,0,0
101,2016,208,2400,11.8,4841,0,0,3.353,0,0,0
102,2016,208,2400,11.69,4841,14175,5.081,92.7,10960,12817,12091
101,2016,209,100,11.79,4841,0,0,3.353,0,0,0
101,2016,209,200,11.82,4841,0,0,3.353,0,0,0
101,2016,209,300,11.85,4841,0,0,3.353,0,0,0
101,2016,209,400,11.84,4841,0,0,3.353,0,0,0
101,2016,209,500,11.82,4841,0,0,3.353,0,0,0
101,2016,209,600,11.79,4841,0,0,3.353,0,0,0
101,2016,209,700,11.85,4841,0,0,3.353,0,0,0
101,2016,209,800,11.87,4841,92.37,0,11.74,67.745,74.66,66.471
101,2016,209,900,11.85,4841,414.25,.766,286.2,458.34,621.07,526.71
101,2016,209,1000,11.87,4841,1359.5,1,492.1,1072.1,1373.5,1196.6
101,2016,209,1100,11.85,4841,2259.5,1,585.1,1661.8,2033.9,1842.4
101,2016,209,1200,11.87,4841,2725.8,.983,577.2,2010.4,2434.9,2260.3
101,2016,209,1300,11.8,4841,2484.5,.633,320.7,1883.3,2222,2101.5
101,2016,209,1400,11.81,4841,2016.2,.5,210.3,1536,1800.8,1717.5
101,2016,209,1500,11.75,4841,2016.3,.583,269.3,1447.9,1735.6,1638
101,2016,209,1600,11.77,4841,2554.5,1,540.9,1729.5,2123.2,2010
101,2016,209,1700,11.81,4841,1909.7,1,482.3,1202.3,1486.6,1433.5
101,2016,209,1800,11.83,4841,817.11,.7,210,513.79,620.37,601.16
101,2016,209,1900,11.83,4841,237.33,.05,28.01,159.88,182.4,173.73
101,2016,209,2000,11.81,4841,3.7431,0,3.353,1.9364,3.8263,1.2716
101,2016,209,2100,11.77,4841,0,0,3.353,0,0,0
101,2016,209,2200,11.76,4841,0,0,3.353,0,0,0
101,2016,209,2300,11.86,4841,0,0,3.353,0,0,0
101,2016,209,2400,11.85,4841,0,0,3.353,0,0,0
102,2016,209,2400,11.75,4841,18891,8.21,168.9,13745,16713,15569
101,2016,210,100,11.77,4841,0,0,3.353,0,0,0
101,2016,210,200,11.76,4841,0,0,3.353,0,0,0
101,2016,210,300,11.81,4841,0,0,3.353,0,0,0
101,2016,210,400,11.81,4841,0,0,3.353,0,0,0
101,2016,210,500,11.83,4841,0,0,3.353,0,0,0
101,2016,210,600,11.85,4841,0,0,3.353,0,0,0
101,2016,210,700,11.83,4841,0,0,3.353,.04342,0,0
101,2016,210,800,11.86,4841,43.027,0,3.353,38.345,40.911,39.755
101,2016,210,900,11.87,4841,192.99,0,3.432,169.8,181.7,177.92
101,2016,210,1000,11.87,4841,1030.5,.183,79.9,857,953.11,905.41
101,2016,210,1100,11.88,4841,1157.5,.067,48.12,975.26,1076.7,1035.2
101,2016,210,1200,11.89,4841,913.09,0,14.7,789.26,856.07,829.21
101,2016,210,1300,11.83,4841,2586.9,.483,192.4,2025.6,2333.6,2245.6
101,2016,210,1400,11.88,4841,2934.1,.833,322.9,2201.2,2601.6,2485.2
101,2016,210,1500,11.85,4841,2138,.417,179,1662.4,1915.7,1830.1
101,2016,210,1600,11.87,4841,143.15,0,7.31,107.15,122.77,110.44
101,2016,210,1700,11.89,4841,398.92,0,4.985,339.28,368.23,365.5
101,2016,210,1800,11.85,4841,412.56,0,4.13,396.25,410.48,410.73
101,2016,210,1900,11.82,4841,161.78,0,3.353,153.24,160.27,157.85
101,2016,210,2000,11.83,4841,3.5211,0,3.353,2.44,3.8263,2.7047
101,2016,210,2100,11.8,4841,0,0,3.353,0,0,0
101,2016,210,2200,11.85,4841,0,0,3.353,0,0,0
101,2016,210,2300,11.83,4841,0,0,3.353,0,0,0
101,2016,210,2400,11.81,4841,0,0,3.353,0,0,0
102,2016,210,2400,11.76,4841,12116,1.983,37.66,9717.3,11025,10596
101,2016,211,100,11.81,4841,0,0,3.353,0,0,0
101,2016,211,200,11.83,4841,0,0,3.353,0,0,0
101,2016,211,300,11.83,4841,0,0,3.353,0,0,0
101,2016,211,400,11.81,4841,0,0,3.353,0,0,0
101,2016,211,500,11.87,4841,0,0,3.353,0,0,0
101,2016,211,600,11.87,4841,0,0,3.353,0,0,0
101,2016,211,700,11.87,4841,0,0,3.353,0,0,0
101,2016,211,800,11.78,4841,48.605,0,3.353,42.286,46.491,42.649
101,2016,211,900,11.81,4841,347.39,0,10.5,298.78,325.03,311.54
101,2016,211,1000,11.87,4841,946.67,.466,120.7,754.37,861.5,810.37
101,2016,211,1100,11.81,4841,1859.7,1,291.7,1443.9,1676.7,1571.5
101,2016,211,1200,11.8,4841,2521.8,1,426.3,1867.2,2225.1,2084.2
101,2016,211,1300,11.77,4841,2803.5,.85,441.1,2060.5,2450.5,2319.2
101,2016,211,1400,11.74,4841,2299.3,.533,252.4,1739.8,2027.5,1943.3
101,2016,211,1500,11.75,4841,2386.7,.65,270.8,1806.1,2095.1,2012.2
101,2016,211,1600,11.78,4841,459.54,.033,19.27,384.86,419.28,402.55
101,2016,211,1700,11.85,4841,1703.2,.9,349.5,1184.9,1395,1354.1
101,2016,211,1800,11.83,4841,790.47,.566,174.8,533.29,629.04,607.18
101,2016,211,1900,11.84,4841,250.7,.117,32.7,177.51,206.04,193
101,2016,211,2000,11.77,4841,8.9738,0,3.442,5.8525,8.1185,5.4094
101,2016,211,2100,11.75,4841,0,0,3.353,0,0,0
101,2016,211,2200,11.81,4841,0,0,3.353,0,0,0
101,2016,211,2300,11.83,4841,0,0,3.353,0,0,0
101,2016,211,2400,11.87,4841,0,0,3.353,0,0,0
102,2016,211,2400,11.74,4841,16427,6.114,101.4,12299,14366,13657
101,2016,212,100,11.86,4841,0,0,3.353,0,0,0
101,2016,212,200,11.86,4841,0,0,3.353,0,0,0
101,2016,212,300,11.87,4841,0,0,3.353,0,0,0
101,2016,212,400,11.89,4841,0,0,3.353,0,0,0
101,2016,212,500,11.89,4841,0,0,3.353,0,0,0
101,2016,212,600,11.87,4841,0,0,3.353,0,0,0
101,2016,212,700,11.86,4841,0,0,3.353,0,0,0
101,2016,212,800,11.82,4841,71.417,0,10.2,60.946,72.244,62.109
101,2016,212,900,11.81,4841,410.62,.816,204.6,428.21,545.27,479.28
101,2016,212,1000,11.84,4841,1294.3,1,369.8,1003.7,1225.9,1104.5
101,2016,212,1100,11.86,4841,1829.3,.766,345.9,1407.4,1650.7,1535.8
101,2016,212,1200,11.87,4841,2169.7,.6,307.1,1684.3,1951,1844.1
101,2016,212,1300,11.85,4841,2354.4,.583,266.4,1836.3,2130,2033.7
101,2016,212,1400,11.82,4841,3187.1,.933,415.4,2363.1,2798.7,2684
101,2016,212,1500,11.69,4841,2990.7,.916,445.9,2220.8,2612.8,2507.2
101,2016,212,1600,11.74,4841,2662.5,.916,419.8,1967.9,2309.6,2235.6
101,2016,212,1700,11.73,4841,918.53,.15,54.91,744.99,815.14,794.43
101,2016,212,1800,11.81,4841,313.6,.217,67.9,211.4,254.18,242.7
101,2016,212,1900,11.81,4841,59.368,0,4.096,57.578,63.992,61.829
101,2016,212,2000,11.78,4841,11.019,0,3.353,11.549,14.324,14.872
101,2016,212,2100,11.8,4841,0,0,3.353,0,.82167,.03513
101,2016,212,2200,11.79,4841,0,0,3.353,0,0,0
101,2016,212,2300,11.79,4841,0,0,3.353,0,0,0
101,2016,212,2400,11.8,4841,0,0,3.353,0,0,0
102,2016,212,2400,11.69,4841,18273,6.897,123,13998,16445,15600
101,2016,213,100,11.76,4841,0,0,3.353,0,0,0
101,2016,213,200,11.8,4841,0,0,3.353,0,0,0
101,2016,213,300,11.83,4841,0,0,3.353,0,0,0
101,2016,213,400,11.83,4841,0,0,3.353,0,0,0
101,2016,213,500,11.86,4841,0,0,3.353,0,0,0
101,2016,213,600,11.87,4841,0,0,3.353,0,0,0
101,2016,213,700,11.86,4841,0,0,3.353,0,0,0
101,2016,213,800,11.85,4841,47.64,0,3.381,44.796,47.006,44.834
101,2016,213,900,11.88,4841,83.475,0,3.398,74.605,79.21,75.885
101,2016,213,1000,11.85,4841,629.94,.017,33.98,537.37,589.42,564.72
101,2016,213,1100,11.85,4841,1335.4,.383,140.4,1106,1247.6,1184.8
101,2016,213,1200,11.79,4841,1545.6,.333,126.5,1266.4,1428.5,1369.3
101,2016,213,1300,11.83,4841,3006.5,1,486.5,2237.8,2662.8,2522.2
101,2016,213,1400,11.87,4841,2957.2,.866,378.9,2204.4,2591.4,2483.1
101,2016,213,1500,11.86,4841,1838.7,.45,199.4,1395.7,1627.3,1562
101,2016,213,1600,11.84,4841,236.14,0,5.231,201.49,222.98,211.54
101,2016,213,1700,11.85,4841,475.07,0,5.247,413.6,443.23,434.8
101,2016,213,1800,11.86,4841,691.42,.2,62.51,540.07,606.34,589.95
101,2016,213,1900,11.86,4841,462.89,.317,75.5,297.17,341.95,330.75
101,2016,213,2000,11.89,4841,8.164,0,3.588,5.2707,7.1252,4.8684
101,2016,213,2100,11.88,4841,0,0,3.353,0,0,0
101,2016,213,2200,11.9,4841,0,0,3.353,0,0,0
101,2016,213,2300,11.92,4841,0,0,3.353,0,0,0
101,2016,213,2400,11.92,4841,0,0,3.353,0,0,0
102,2016,213,2400,11.76,4841,13318,3.565,65.06,10325,11895,11379
101,2016,214,100,11.92,4841,0,0,3.353,0,0,0
101,2016,214,200,11.92,4841,0,0,3.353,0,0,0
101,2016,214,300,11.92,4841,0,0,3.353,0,0,0
101,2016,214,400,11.92,4841,0,0,3.353,0,0,0
101,2016,214,500,11.92,4841,0,0,3.353,0,0,0
101,2016,214,600,11.92,4841,0,0,3.353,0,0,0
101,2016,214,700,11.92,4841,0,0,3.353,0,0,0
101,2016,214,800,11.93,4841,141.04,0,14.53,121.94,134.42,124.78
101,2016,214,900,11.92,4841,601.13,.45,130.8,532.51,614.18,566.21
101,2016,214,1000,11.91,4841,799.35,.533,140.4,692.87,777.23,726.69
101,2016,214,1100,11.9,4841,2312.4,.983,476.8,1766.4,2066.8,1924.1
101,2016,214,1200,11.88,4841,2906.3,1,557.8,2156.8,2561.9,2401.8
101,2016,214,1300,11.89,4841,3040.8,1,498.9,2215.1,2648.2,2508.2
101,2016,214,1400,11.9,4841,3196.8,.966,447.4,2328.9,2765.9,2651.3
101,2016,214,1500,11.9,4841,2170.9,.6,153.9,1686.9,1922.4,1860.3
101,2016,214,1600,11.89,4841,2477.3,1,470.8,1716.2,2052.4,1984.6
101,2016,214,1700,11.9,4841,1746.7,1,466.5,1137.3,1381.7,1342.9
101,2016,214,1800,11.91,4841,1110.7,1,407.7,643.54,809.77,781.8
101,2016,214,1900,11.91,4841,366.31,.333,104.5,185.33,225.63,214.59
101,2016,214,2000,11.9,4841,10.713,0,3.532,7.4068,9.5657,6.4772
101,2016,214,2100,11.91,4841,0,0,3.353,0,0,0
101,2016,214,2200,11.91,4841,0,0,3.353,0,0,0
101,2016,214,2300,11.92,4841,0,0,3.353,0,0,0
101,2016,214,2400,11.92,4841,0,0,3.353,0,0,0
102,2016,214,2400,11.88,4841,20881,8.86,162.9,15191,17970,17094
101,2016,215,100,11.92,4841,0,0,3.353,0,0,0
101,2016,215,200,11.92,4841,0,0,3.353,0,0,0
101,2016,215,300,11.92,4841,0,0,3.353,0,0,0
101,2016,215,400,11.91,4841,0,0,3.353,0,0,0
101,2016,215,500,11.92,4841,0,0,3.353,0,0,0
101,2016,215,600,11.92,4841,0,0,3.353,0,0,0
101,2016,215,700,11.92,4841,0,0,3.353,0,0,0
101,2016,215,800,11.92,4841,79.408,0,8.63,61.919,73.225,63.844
101,2016,215,900,11.91,4841,415.07,.8,208.5,439.69,555.97,489.54
101,2016,215,1000,11.91,4841,1241.5,1,390.9,978.3,1198,1080
101,2016,215,1100,11.89,4841,2059,1,487.1,1531.1,1826,1713.6
101,2016,215,1200,11.92,4841,2657.6,.983,485,2003.4,2358.9,2251.3
101,2016,215,1300,11.92,4841,2280.6,.65,283.8,1781.7,2067.2,1995.2
101,2016,215,1400,11.92,4841,1103.3,.083,43.67,892.41,991.56,963.49
101,2016,215,1500,11.92,4841,1596.9,.233,100.9,1237.4,1396.9,1354.8
101,2016,215,1600,11.89,4841,760.54,.183,64.97,620.33,684.14,668.65
101,2016,215,1700,11.89,4841,1796.5,1,445,1189.1,1430.6,1393.9
101,2016,215,1800,11.86,4841,1035.9,1,354.9,619.76,767.78,747.28
101,2016,215,1900,11.87,4841,328.18,.333,86.7,178.77,214.81,203.08
101,2016,215,2000,11.88,4841,8.8058,0,3.465,5.8091,7.7138,5.2127
101,2016,215,2100,11.88,4841,0,0,3.353,0,0,0
101,2016,215,2200,11.9,4841,0,0,3.353,0,0,0
101,2016,215,2300,11.92,4841,0,0,3.353,0,0,0
101,2016,215,2400,11.92,4841,0,0,3.353,0,0,0
102,2016,215,2400,11.86,4841,15363,7.26,125,11540,13573,12930
101,2016,216,100,11.92,4841,0,0,3.353,0,0,0
101,2016,216,200,11.92,4841,0,0,3.353,0,0,0
101,2016,216,300,11.92,4841,0,0,3.353,0,0,0
101,2016,216,400,11.92,4841,0,0,3.353,0,0,0
101,2016,216,500,11.91,4841,0,0,3.353,0,0,0
101,2016,216,600,11.91,4841,0,0,3.353,0,0,0
101,2016,216,700,11.91,4841,0,0,3.353,0,0,0
101,2016,216,800,11.87,4841,91.47,0,9.51,64.072,78.879,67.461
101,2016,216,900,11.87,4841,405.86,.85,238.7,437.65,563.39,489.86
101,2016,216,1000,11.96,4841,1337.9,1,429.3,1028.4,1266.9,1135.5
101,2016,216,1100,11.98,4841,2168.5,1,529.1,1596.8,1929.9,1790.7
101,2016,216,1200,11.97,4841,2722.2,1,549.6,2019.4,2406.3,2295.7
101,2016,216,1300,11.96,4841,2497.2,.75,376.6,1871.1,2204.1,2131.4
101,2016,216,1400,11.94,4841,2795,.766,337.5,2088.7,2435,2379.3
101,2016,216,1500,11.92,4841,2528.4,.716,344.4,1898.2,2207.9,2151.3
101,2016,216,1600,11.91,4841,2108.8,.933,383.3,1526.1,1786.2,1735.1
101,2016,216,1700,11.92,4841,1241,.483,190.6,921.16,1063.2,1029.8
101,2016,216,1800,11.93,4841,173.24,.017,22.98,135.33,150.78,140.88
101,2016,216,1900,11.94,4841,47.982,0,3.353,31.207,36.975,37.816
101,2016,216,2000,11.81,4841,21.931,0,3.353,21.578,22.05,32.477
101,2016,216,2100,11.94,4841,.46788,0,3.353,.39074,.44149,1.1591
101,2016,216,2200,11.94,4841,1.5716,0,3.353,.89436,.85845,1.8054
101,2016,216,2300,11.93,4841,.13797,0,3.353,.16498,.03679,.0843
101,2016,216,2400,11.85,4841,0,0,3.353,0,0,0
102,2016,216,2400,11.81,4841,18142,7.51,144,13641,16153,15420
101,2016,217,100,11.85,4841,0,0,3.353,0,0,0
101,2016,217,200,11.97,4841,0,0,3.353,0,0,0
101,2016,217,300,11.91,4841,0,0,3.353,0,0,0
101,2016,217,400,11.95,4841,0,0,3.353,0,0,0
101,2016,217,500,11.87,4841,0,0,3.353,0,0,0
101,2016,217,600,11.91,4841,0,0,3.353,0,0,0
101,2016,217,700,11.94,4841,0,0,3.353,0,0,0
101,2016,217,800,11.9,4841,91.38,0,5.662,76.993,85.513,79.896
101,2016,217,900,11.94,4841,391.91,.117,49.18,343.05,388.1,363.56
101,2016,217,1000,12.15,4841,1218.2,.583,213.7,974.54,1124.3,1047.7
101,2016,217,1100,12.15,4841,1890.7,.716,281.8,1530,1745.3,1654.7
101,2016,217,1200,12.15,4841,2615.8,1,357.2,2069.4,2380.7,2275.8
101,2016,217,1300,12.15,4841,2397.2,.9,220.1,1900.8,2165.9,2089.8
101,2016,217,1400,12.15,4841,2854.3,.883,307.3,2142,2501.3,2408.3
101,2016,217,1500,12.15,4841,2579.3,.983,331,1912.4,2241.3,2169.3
101,2016,217,1600,12.15,4841,508.73,.017,15.31,472.09,496.8,485.85
101,2016,217,1700,12.16,4841,289.26,0,5.113,287.14,293.37,289.68
101,2016,217,1800,12.16,4841,283.75,0,3.353,246.27,265.52,257.81
101,2016,217,1900,12.16,4841,122.51,0,3.353,113.08,119.28,114.1
101,2016,217,2000,12.15,4841,3.3412,0,3.353,2.7699,3.2989,2.3675
101,2016,217,2100,12.15,4841,0,0,3.353,0,0,0
101,2016,217,2200,12.14,4841,0,0,3.353,0,0,0
101,2016,217,2300,12.14,4841,0,0,3.353,0,0,0
101,2016,217,2400,12.14,4841,0,0,3.353,0,0,0
102,2016,217,2400,11.85,4841,15246,5.198,76.4,12071,13811,13239
101,2016,218,100,12.14,4841,0,0,3.353,0,0,0
101,2016,218,200,12.15,4841,0,0,3.353,0,0,0
101,2016,218,300,12.14,4841,0,0,3.353,0,0,0
101,2016,218,400,11.9,4841,0,0,3.353,0,0,0
101,2016,218,500,11.89,4841,0,0,3.353,0,0,0
101,2016,218,600,11.89,4841,0,0,3.353,0,0,0
101,2016,218,700,12.12,4841,0,0,3.353,0,0,0
101,2016,218,800,12.12,4841,40.046,0,5.936,33.447,37.661,34.894
101,2016,218,900,12.12,4841,493.58,.217,71,441.67,493.75,464.24
101,2016,218,1000,12.11,4841,1215.5,.866,303.4,936.14,1110.1,1017
101,2016,218,1100,12.12,4841,2035.5,1,445.7,1535.3,1812.7,1696.9
101,2016,218,1200,12.11,4841,2519.9,1,465.5,1900.2,2235.3,2120.8
101,2016,218,1300,12.09,4841,2594.5,.85,328,1981.4,2310.2,2212.8
101,2016,218,1400,11.95,4841,2758.2,.8,301.4,2090,2425.4,2341.6
101,2016,218,1500,12.08,4841,1937.1,.583,215.9,1496.1,1710,1660.1
101,2016,218,1600,12.09,4841,267.49,0,8.05,217.4,245.63,231.09
101,2016,218,1700,12.09,4841,95.917,0,3.353,86.259,94.688,89.395
101,2016,218,1800,12.09,4841,15.134,0,3.353,16.385,21.241,17.106
101,2016,218,1900,12.1,4841,1.5236,0,3.353,5.2186,7.5053,6.5825
101,2016,218,2000,12.1,4841,.03599,0,3.353,1.3459,2.1584,1.9881
101,2016,218,2100,12.1,4841,0,0,3.353,0,.2698,0
101,2016,218,2200,12.09,4841,0,0,3.353,0,0,0
101,2016,218,2300,12.06,4841,0,0,3.353,0,0,0
101,2016,218,2400,11.89,4841,0,0,3.353,0,0,0
102,2016,218,2400,11.89,4841,13974,5.315,91.5,10741,12507,11895
101,2016,219,100,12.08,4841,0,0,3.353,0,0,0
101,2016,219,200,12.08,4841,0,0,3.353,0,0,0
101,2016,219,300,12.06,4841,0,0,3.353,0,0,0
101,2016,219,400,12.08,4841,0,0,3.353,0,0,0
101,2016,219,500,12.08,4841,0,0,3.353,0,0,0
101,2016,219,600,12.07,4841,0,0,3.353,0,0,0
101,2016,219,700,11.97,4841,0,0,3.353,0,0,0
101,2016,219,800,11.71,4841,64.435,0,3.353,55.797,61.084,57.675
101,2016,219,900,12.08,4841,319.15,0,8.18,274.02,297.11,287.77
101,2016,219,1000,12.08,4841,1005.8,.35,141.7,832.82,932.34,883.02
101,2016,219,1100,12.1,4841,2042.6,1,438.1,1539.2,1825.1,1697
101,2016,219,1200,12.09,4841,2009.8,.6,161.1,1622.5,1824.8,1750.9
101,2016,219,1300,12.07,4841,1475.4,.1,44.61,1221.2,1346.7,1299.7
101,2016,219,1400,12.07,4841,1615.8,.133,64.59,1282.9,1449.2,1403.7
101,2016,219,1500,12.06,4841,2373.9,.6,259.4,1825.8,2093.3,2031.4
101,2016,219,1600,12.07,4841,698.09,.1,46.95,606.73,656.78,642.47
101,2016,219,1700,12.08,4841,577.77,0,30.17,529.25,554.13,549.01
101,2016,219,1800,12.07,4841,261.74,0,20.1,232.26,248.53,246.88
101,2016,219,1900,12.07,4841,230.18,.067,44.24,185.93,196.35,200.04
101,2016,219,2000,12.07,4841,7.744,0,4.096,7.6672,8.4864,6.6739
101,2016,219,2100,12.07,4841,0,0,3.353,0,0,0
101,2016,219,2200,12.06,4841,0,0,3.353,0,0,0
101,2016,219,2300,12.07,4841,0,0,3.353,0,0,0
101,2016,219,2400,12.06,4841,0,0,3.353,0,0,0
102,2016,219,2400,11.71,4841,12682,2.949,54.31,10216,11494,11056
101,2016,220,100,12.05,4841,0,0,3.353,0,0,0
101,2016,220,200,11.91,4841,0,0,3.353,0,0,0
101,2016,220,300,12.06,4841,0,0,3.353,0,0,0
101,2016,220,400,12.04,4841,0,0,3.353,0,0,0
101,2016,220,500,11.81,4841,0,0,3.353,0,0,0
101,2016,220,600,12.08,4841,0,0,3.353,0,0,0
101,2016,220,700,12.1,4841,0,0,3.353,0,0,0
101,2016,220,800,12.1,4841,12.795,0,3.353,12.46,14.618,14.458
101,2016,220,900,12.1,4841,240.95,0,3.353,206.92,226.37,220.72
101,2016,220,1000,12.1,4841,647.45,0,3.432,560.14,607.28,587.46
101,2016,220,1100,12.1,4841,1218.3,0,17.54,1038.8,1132.4,1095.1
101,2016,220,1200,12.07,4841,1584.5,.383,82.5,1372.3,1494.8,1443.5
101,2016,220,1300,12.05,4841,893.4,.15,60.25,764.16,830.56,804.28
101,2016,220,1400,11.81,4841,284.38,0,7.9,272.7,280.66,282.16
101,2016,220,1500,12.12,4841,2197.1,.55,244.1,1696.6,1937.6,1909.5
101,2016,220,1600,12.12,4841,2253.3,.966,323,1684.2,1929.5,1892.6
101,2016,220,1700,12.12,4841,1674.5,1,299.3,1199.5,1391,1365.9
101,2016,220,1800,12.11,4841,785,0,71.9,636.05,701.04,688.82
101,2016,220,1900,12.06,4841,278.13,0,12.06,246.99,262.59,254.74
101,2016,220,2000,12.1,4841,15.5,0,3.353,12.721,14.459,12.301
101,2016,220,2100,12.1,4841,0,0,3.353,0,0,0
101,2016,220,2200,12.1,4841,0,0,3.353,0,0,0
101,2016,220,2300,12.11,4841,0,0,3.353,0,0,0
101,2016,220,2400,11.81,4841,0,0,3.353,0,0,0
102,2016,220,2400,11.81,4841,12085,3.049,48.7,9703.5,10823,10572
101,2016,221,100,11.88,4841,0,0,3.353,0,0,0
101,2016,221,200,11.88,4841,0,0,3.353,0,0,0
101,2016,221,300,12.09,4841,0,0,3.353,0,0,0
101,2016,221,400,12.12,4841,0,0,3.353,0,0,0
101,2016,221,500,12.12,4841,0,0,3.353,0,.20848,0
101,2016,221,600,12.12,4841,0,0,3.353,.02605,.31885,.3091
101,2016,221,700,12.12,4841,0,0,3.353,.00868,.57638,.25993
101,2016,221,800,12.12,4841,56.787,0,3.353,49.389,54.327,51.367
101,2016,221,900,12.12,4841,289.38,0,3.353,245.89,267.42,257.72
101,2016,221,1000,12.12,4841,562,0,3.353,500.31,533.78,520.88
101,2016,221,1100,12.12,4841,740.3,0,3.845,634.78,687.6,668.41
101,2016,221,1200,12.12,4841,671.8,0,3.353,588.92,633.58,619.8
101,2016,221,1300,12.1,4841,1842.3,.033,24.19,1544.9,1696.6,1650.2
101,2016,221,1400,12.12,4841,1711.7,0,12.22,1464.1,1592.7,1550.8
101,2016,221,1500,12.12,4841,1382.9,0,54.84,1160.4,1262.3,1236.3
101,2016,221,1600,12.1,4841,2078.1,.35,193.2,1625.1,1833.3,1788.1
101,2016,221,1700,12.09,4841,2340.2,1,415.1,1735.7,1989.7,1943.8
101,2016,221,1800,12.11,4841,1151.7,.916,277.5,811.2,932.89,916.52
101,2016,221,1900,12.11,4841,247,.133,34.98,189.46,208.69,201.94
101,2016,221,2000,12.11,4841,7.654,0,3.353,6,7.0147,5.9432
101,2016,221,2100,12.11,4841,0,0,3.353,0,0,0
101,2016,221,2200,12.1,4841,0,0,3.353,0,0,0
101,2016,221,2300,12.1,4841,0,0,3.353,0,0,0
101,2016,221,2400,12.1,4841,0,0,3.353,0,0,0
102,2016,221,2400,11.88,4841,13082,2.432,44.56,10556,11701,11412
101,2016,222,100,12.1,4841,0,0,3.353,0,0,0
101,2016,222,200,12.1,4841,0,0,3.353,0,0,0
101,2016,222,300,12.1,4841,0,0,3.353,0,0,0
101,2016,222,400,12.1,4841,0,0,3.353,0,0,0
101,2016,222,500,12.1,4841,0,0,3.353,0,0,0
101,2016,222,600,12.1,4841,0,0,3.353,0,0,0
101,2016,222,700,12.1,4841,0,0,3.353,0,0,0
101,2016,222,800,12.1,4841,47.381,0,3.365,43.389,45.767,44.152
101,2016,222,900,12.1,4841,146.46,0,3.353,127.39,137.04,133.01
101,2016,222,1000,12.08,4841,390.2,0,6.768,327.01,357.98,347.34
101,2016,222,1100,12.06,4841,879.27,0,24.29,748.47,820.4,799.66
101,2016,222,1200,12.06,4841,2200.1,.267,110.2,1824.2,2030.8,1968.7
101,2016,222,1300,12.08,4841,2287.8,.183,85,1842.5,2081.3,2016.8
101,2016,222,1400,12.08,4841,1751.9,.267,127.2,1442.7,1613.5,1567.2
101,2016,222,1500,12.08,4841,2363.4,.3,166.2,1933.7,2159.5,2110.6
101,2016,222,1600,12.09,4841,1211.1,.017,20.42,1096.4,1168.1,1148.8
101,2016,222,1700,12.1,4841,695.58,0,12.02,625.11,669.98,651.48
101,2016,222,1800,12.09,4841,488.52,0,3.393,423.9,458.13,444.72
101,2016,222,1900,11.87,4841,139.78,0,3.353,123.91,133.61,127.34
101,2016,222,2000,11.88,4841,4.6668,0,3.353,3.6556,4.4762,3.2175
101,2016,222,2100,11.89,4841,0,0,3.353,0,0,0
101,2016,222,2200,11.9,4841,0,0,3.353,0,0,0
101,2016,222,2300,11.91,4841,0,0,3.353,0,0,0
101,2016,222,2400,11.89,4841,0,0,3.353,0,0,0
102,2016,222,2400,11.87,4841,12606,1.033,25.24,10562,11681,11363
101,2016,223,100,11.89,4841,0,0,3.353,0,0,0
101,2016,223,200,11.88,4841,0,0,3.353,0,0,0
101,2016,223,300,11.87,4841,0,0,3.353,0,0,0
101,2016,223,400,11.87,4841,0,0,3.353,0,0,0
101,2016,223,500,11.85,4841,0,0,3.353,0,0,0
101,2016,223,600,11.91,4841,0,0,3.353,0,0,0
101,2016,223,700,11.91,4841,0,0,3.353,0,0,0
101,2016,223,800,11.87,4841,114.15,.133,38.46,90.225,107.22,91.782
101,2016,223,900,11.87,4841,756.51,1,343.6,545.04,697.24,597.06
101,2016,223,1000,11.87,4841,1502.3,.95,415.3,1159.2,1376.5,1251
101,2016,223,1100,11.87,4841,1647.3,.55,240.6,1316,1498,1413.3
101,2016,223,1200,11.88,4841,2277.7,.566,311.1,1812.3,2083.7,1993.1
101,2016,223,1300,12.06,4841,271.6,0,17.87,230.15,252.25,233.79
101,2016,223,1400,11.85,4841,338.08,0,19.82,308.72,328.39,323.62
101,2016,223,1500,11.88,4841,986.66,0,21.9,879.56,940.15,929.61
101,2016,223,1600,11.86,4841,486.14,0,39.94,444.6,457.86,460.04
101,2016,223,1700,11.89,4841,923.6,.383,147.1,721.76,803.85,790.59
101,2016,223,1800,12.08,4841,1177.2,.8,419.2,745.67,886.16,868.99
101,2016,223,1900,12.09,4841,460.84,.267,130.5,262.94,309.7,298.5
101,2016,223,2000,12.02,4841,9.6455,0,3.666,6.5384,8.5354,5.9292
101,2016,223,2100,12.06,4841,0,0,3.353,0,0,0
101,2016,223,2200,11.79,4841,0,0,3.353,0,0,0
101,2016,223,2300,12.12,4841,0,0,3.353,0,0,0
101,2016,223,2400,12.12,4841,0,0,3.353,0,0,0
102,2016,223,2400,11.79,4841,10952,4.648,91.1,8522.7,9749.6,9257.2
101,2016,224,100,12.12,4841,0,0,3.353,0,0,0
101,2016,224,200,12.11,4841,0,0,3.353,0,0,0
101,2016,224,300,12.11,4841,0,0,3.353,0,0,0
101,2016,224,400,12.11,4841,0,0,3.353,0,0,0
101,2016,224,500,12.11,4841,0,0,3.353,0,0,0
101,2016,224,600,12.11,4841,0,0,3.353,0,0,.01405
101,2016,224,700,12.1,4841,0,0,3.353,.00868,0,.0281
101,2016,224,800,12.11,4841,42.684,0,3.353,37.059,39.954,39.551
101,2016,224,900,12.1,4841,638.35,.4,94,524.03,594.04,548.35
101,2016,224,1000,12.1,4841,1518.5,1,393.6,1142,1368.3,1232.8
101,2016,224,1100,12.04,4841,1823.8,1,321.8,1471.7,1686.7,1583.7
101,2016,224,1200,11.83,4841,2118.5,.5,165.2,1734.4,1955.5,1868.8
101,2016,224,1300,12.08,4841,1858.5,.183,68.15,1524.2,1702.9,1641.2
101,2016,224,1400,12.08,4841,2686.7,.75,257.2,2088.1,2395.5,2321.7
101,2016,224,1500,12.04,4841,2567.6,.683,303.5,1925,2229.1,2155.3
101,2016,224,1600,12.07,4841,2381.2,.8,350.4,1777.2,2044.8,1988.7
101,2016,224,1700,11.95,4841,1874,.816,460.7,1286.5,1517.9,1474.8
101,2016,224,1800,11.79,4841,1323.1,1,481.3,792.14,976.1,949.21
101,2016,224,1900,12.09,4841,297.57,.417,121.9,165.33,205.27,193.41
101,2016,224,2000,12.09,4841,7.6301,0,3.353,4.9667,6.7204,4.0324
101,2016,224,2100,12.06,4841,0,0,3.353,0,0,0
101,2016,224,2200,12.08,4841,0,0,3.353,0,0,0
101,2016,224,2300,12.08,4841,0,0,3.353,0,0,0
101,2016,224,2400,12.06,4841,0,0,3.353,0,0,0
102,2016,224,2400,11.79,4841,19138,7.55,127.6,14473,16723,16002
101,2016,225,100,12.06,4841,0,0,3.353,0,0,0
101,2016,225,200,12.06,4841,0,0,3.353,0,0,0
101,2016,225,300,12.08,4841,0,0,3.353,0,0,0
101,2016,225,400,12.07,4841,.03599,0,3.353,.41679,.14716,.15455
101,2016,225,500,12.08,4841,0,0,3.353,0,0,0
101,2016,225,600,12.08,4841,0,0,3.353,0,0,0
101,2016,225,700,12.08,4841,0,0,3.353,0,0,0
101,2016,225,800,12.08,4841,73.505,.033,17.14,54.755,65.45,56.39
101,2016,225,900,12.04,4841,594.17,.666,190,464,554.31,493.26
101,2016,225,1000,12.04,4841,1181.1,.75,273.4,937.74,1088.2,997.85
101,2016,225,1100,12,4841,1955.1,.583,268.8,1572.7,1789.7,1699.1
101,2016,225,1200,11.77,4841,2223.4,.533,254.2,1793.7,2032.2,1942
101,2016,225,1300,12,4841,677.79,.033,43.92,602.36,646.74,625.68
101,2016,225,1400,12.04,4841,662.21,0,15.46,611.28,650.57,631.88
101,2016,225,1500,12.05,4841,576.74,0,7.04,537.42,567.94,555.2
101,2016,225,1600,12.06,4841,1531.6,.267,141.4,1233.2,1372.4,1336.2
101,2016,225,1700,11.83,4841,1436.2,.566,242.5,1140.7,1276,1249.1
101,2016,225,1800,12.09,4841,1046.1,.55,267,744.2,855.06,834.79
101,2016,225,1900,12.1,4841,224.37,0,6.415,177.19,191.41,183.1
101,2016,225,2000,12.08,4841,9.7475,0,3.387,7.2504,8.7194,6.3156
101,2016,225,2100,12.06,4841,0,0,3.353,0,0,0
101,2016,225,2200,12.09,4841,0,0,3.353,0,0,0
101,2016,225,2300,12.09,4841,0,0,3.353,0,0,0
101,2016,225,2400,12.09,4841,0,0,3.353,0,0,0
102,2016,225,2400,11.77,4841,12192,3.982,73.6,9876.9,11099,10611
101,2016,226,100,12.09,4841,0,0,3.353,0,1.0915,.04215
101,2016,226,200,12.09,4841,0,0,3.353,.78148,3.446,2.7046
101,2016,226,300,12.04,4841,0,0,3.353,0,.84618,.16158
101,2016,226,400,11.78,4841,0,0,3.353,0,.01226,0
101,2016,226,500,12.1,4841,0,0,3.353,0,0,0
101,2016,226,600,12.1,4841,0,0,3.353,0,0,0
101,2016,226,700,12.1,4841,0,0,3.353,0,0,0
101,2016,226,800,12.11,4841,149,.25,63.19,110.24,137.49,115.8
101,2016,226,900,12.1,4841,884.23,1,367.2,665.08,822.59,724.72
101,2016,226,1000,12.1,4841,1636.5,1,478.4,1246,1486.3,1345.9
101,2016,226,1100,12.1,4841,2430,1,638.6,1856.3,2204.3,2043.1
101,2016,226,1200,12.1,4841,2991.5,1,657.4,2294.5,2716.2,2560.9
101,2016,226,1300,12.1,4841,3174.1,.933,571.5,2438.1,2854.1,2731.6
101,2016,226,1400,12.1,4841,3303.3,.9,478.5,2560.7,2952.4,2848.4
101,2016,226,1500,12.1,4841,1736.5,.3,158.4,1402.1,1565,1517.3
101,2016,226,1600,12.1,4841,1831.1,.533,240.7,1400.1,1589.5,1544.8
101,2016,226,1700,12.1,4841,1508.5,1,288.3,1072.7,1247.6,1209.9
101,2016,226,1800,12.11,4841,781.27,1,210.3,519.86,609.45,588.75
101,2016,226,1900,12.11,4841,453.91,.433,110.8,306.98,344.31,334.02
101,2016,226,2000,12.11,4841,17.798,0,3.353,12.512,15.636,12.61
101,2016,226,2100,12.11,4841,0,0,3.353,0,0,0
101,2016,226,2200,12.11,4841,0,0,3.353,0,0,0
101,2016,226,2300,12.11,4841,0,0,3.353,0,0,0
101,2016,226,2400,12.11,4841,0,0,3.353,0,0,0
102,2016,226,2400,11.78,4841,20898,9.35,179.3,15886,18550,17581
101,2016,227,100,12.11,4841,0,0,3.353,0,0,0
101,2016,227,200,12.12,4841,0,0,3.353,0,0,0
101,2016,227,300,12.12,4841,0,0,3.353,0,0,0
101,2016,227,400,12.12,4841,0,0,3.353,0,0,0
101,2016,227,500,12.11,4841,0,0,3.353,0,0,0
101,2016,227,600,12.11,4841,0,0,3.353,0,0,0
101,2016,227,700,12.11,4841,0,0,3.353,0,0,0
101,2016,227,800,12.1,4841,108.07,.283,67.9,69.873,99.825,78.519
101,2016,227,900,12.1,4841,786.94,.85,363,592.57,738.83,639.36
101,2016,227,1000,12.1,4841,1704.5,1,561.9,1306.6,1563.8,1408.8
101,2016,227,1100,12.02,4841,2253.9,1,584.1,1742.8,2058.1,1909.8
101,2016,227,1200,12.04,4841,2992.3,1,645.2,2313.4,2727.6,2573.8
101,2016,227,1300,12.04,4841,2679.6,.683,389.1,2100,2435.1,2329.5
101,2016,227,1400,11.83,4841,2419.9,.516,278.7,1943.7,2191.2,2130.6
101,2016,227,1500,12.11,4841,2279.7,.516,298.5,1775,2021.5,1954.5
101,2016,227,1600,12.11,4841,95.238,0,3.526,94.343,94.994,82.679
101,2016,227,1700,12.1,4841,151.35,0,5.795,138.76,147.6,152.13
101,2016,227,1800,12.1,4841,338.85,0,3.828,298.14,319.37,318.12
101,2016,227,1900,12.1,4841,165.25,0,3.543,147.68,155.12,152.37
101,2016,227,2000,12.11,4841,2.7713,0,3.353,2.5355,2.7838,2.255
101,2016,227,2100,12.1,4841,0,0,3.353,0,.82165,.0843
101,2016,227,2200,12.1,4841,0,0,3.353,0,0,0
101,2016,227,2300,12.11,4841,0,0,3.353,0,0,0
101,2016,227,2400,12.1,4841,0,0,3.353,0,0,0
102,2016,227,2400,11.83,4841,15978,5.848,135.2,12525,14557,13732
101,2016,228,100,12.1,4841,0,0,3.353,0,0,0
101,2016,228,200,12.1,4841,0,0,3.353,0,0,0
101,2016,228,300,12.1,4841,0,0,3.353,0,0,0
101,2016,228,400,12.1,4841,0,0,3.353,0,0,0
101,2016,228,500,12.1,4841,0,0,3.353,0,0,0
101,2016,228,600,12.1,4841,0,0,3.353,0,0,0
101,2016,228,700,12.1,4841,0,0,3.353,0,0,0
101,2016,228,800,12.1,4841,80.108,0,26.87,57.004,71.226,55.448
101,2016,228,900,12.09,4841,330.74,.2,88.1,269.82,311.61,274.51
101,2016,228,1000,12.02,4841,560.44,0,14.38,460.56,506.64,485.84
101,2016,228,1100,12.07,4841,884.76,0,6.528,775.03,829.94,808.65
101,2016,228,1200,12.05,4841,2260.9,.55,231.2,1819.8,2065.7,1980
101,2016,228,1300,12.02,4841,3444.6,.983,584.7,2667.9,3104.3,2972.9
101,2016,228,1400,12.06,4841,3721.6,.983,594.5,2917.3,3344.4,3233.9
101,2016,228,1500,12.04,4841,3175.9,.866,505.3,2426.8,2776.9,2695.6
101,2016,228,1600,12.01,4841,2260.6,.633,385.8,1659.5,1927.3,1875.6
101,2016,228,1700,11.79,4841,740.81,.017,21.08,615.91,674.86,657.83
101,2016,228,1800,12.09,4841,583.57,0,16.3,475.44,522.03,507.06
101,2016,228,1900,12.09,4841,262.87,.017,36.34,195.5,213.58,204.7
101,2016,228,2000,12.1,4841,10.659,0,3.699,7.3807,9.3694,6.428
101,2016,228,2100,12.1,4841,0,0,3.353,0,0,0
101,2016,228,2200,12.1,4841,0,0,3.353,0,0,0
101,2016,228,2300,12.1,4841,0,0,3.353,0,0,0
101,2016,228,2400,12.1,4841,0,0,3.353,0,0,0
102,2016,228,2400,11.79,4841,18318,4.248,106.3,14348,16358,15758
101,2016,229,100,12.1,4841,0,0,3.353,0,0,0
101,2016,229,200,12.1,4841,0,0,3.353,0,0,0
101,2016,229,300,12.1,4841,0,0,3.353,0,0,0
101,2016,229,400,12.1,4841,0,0,3.353,0,0,0
101,2016,229,500,12.1,4841,0,0,3.353,0,0,0
101,2016,229,600,12.1,4841,0,0,3.353,0,0,0
101,2016,229,700,12.1,4841,0,0,3.353,0,0,0
101,2016,229,800,12.1,4841,16.19,0,3.353,13.25,14.741,13.973
101,2016,229,900,11.45,4841,165.91,0,3.353,149.73,158.46,158.01
101,2016,229,1000,11.98,4841,1896.6,.766,431,1499.2,1746.1,1639
101,2016,229,1100,11.98,4841,2150.2,.783,440.8,1728.7,1982.2,1870.3
101,2016,229,1200,11.94,4841,1871,.383,145.6,1586.6,1756.9,1706.7
101,2016,229,1300,11.9,4841,2268.3,.566,212.8,1851.3,2084,2012.4
101,2016,229,1400,11.89,4841,3331.2,.85,388.5,2622.2,2989,2906.3
101,2016,229,1500,11.88,4841,2761,.85,368.3,2135.5,2437.8,2379.7
101,2016,229,1600,11.79,4841,2812.3,1,660.3,2043.3,2372,2329.1
101,2016,229,1700,11.74,4841,2049.3,1,591.9,1406,1653.7,1623.2
101,2016,229,1800,11.78,4841,1231.1,1,471.5,761.64,919.15,906.68
101,2016,229,1900,11.75,4841,392.35,.466,150.2,215.36,259.65,253.68
101,2016,229,2000,11.77,4841,10.396,0,3.811,6.7903,8.5601,6.1119
101,2016,229,2100,11.75,4841,0,0,3.353,0,0,0
101,2016,229,2200,11.63,4841,0,0,3.353,0,0,0
101,2016,229,2300,11.67,4841,0,0,3.353,0,0,0
101,2016,229,2400,11.57,4841,0,0,3.353,0,0,0
102,2016,229,2400,11.45,4841,20956,7.66,162.8,16020,18382,17805
101,2016,230,100,11.73,4841,0,0,3.353,0,0,0
101,2016,230,200,11.8,4841,0,0,3.353,0,0,0
101,2016,230,300,11.94,4841,0,0,3.353,0,0,0
101,2016,230,400,11.93,4841,0,0,3.353,0,0,0
101,2016,230,500,11.96,4841,0,0,3.353,0,0,0
101,2016,230,600,12,4841,0,0,3.353,0,0,0
101,2016,230,700,11.92,4841,0,0,3.353,0,0,.00703
101,2016,230,800,11.96,4841,116.36,.233,61.22,87.022,110.59,93.447
101,2016,230,900,11.93,4841,769.65,1,360.3,588.9,727.99,632.41
101,2016,230,1000,11.92,4841,1612.4,1,478.5,1286.4,1506.5,1380.9
101,2016,230,1100,11.96,4841,2502.6,.983,571,1951.3,2283,2144.2
101,2016,230,1200,11.95,4841,3074.8,1,632.4,2395.9,2806.9,2676.3
101,2016,230,1300,11.98,4841,3230.7,.933,596.2,2493.7,2918.7,2825.4
101,2016,230,1400,11.94,4841,3036.8,.866,493.1,2341.3,2712.4,2642.4
101,2016,230,1500,11.96,4841,3195.5,1,604.3,2421.2,2794.6,2739.3
101,2016,230,1600,11.9,4841,2731.8,1,631.5,1994.4,2313.3,2279.7
101,2016,230,1700,11.9,4841,1928.7,.933,470.9,1368.1,1585.9,1566.2
101,2016,230,1800,11.91,4841,1169.5,.966,398.8,752.2,890.39,880.82
101,2016,230,1900,11.97,4841,382.52,.466,149.1,214.72,254.94,249.29
101,2016,230,2000,11.95,4841,9.8616,0,3.833,6.9118,8.4619,6.0908
101,2016,230,2100,11.95,4841,0,0,3.353,0,0,0
101,2016,230,2200,11.87,4841,0,0,3.353,0,0,0
101,2016,230,2300,11.91,4841,0,0,3.353,0,0,0
101,2016,230,2400,11.9,4841,0,0,3.353,0,0,0
102,2016,230,2400,11.73,4841,23761,10.38,228.7,17902,20914,20116
101,2016,231,100,11.85,4841,0,0,3.353,0,0,0
101,2016,231,200,11.92,4841,0,0,3.353,0,0,0
101,2016,231,300,11.85,4841,0,0,3.353,0,0,0
101,2016,231,400,11.94,4841,0,0,3.353,0,0,0
101,2016,231,500,11.94,4841,0,0,3.353,0,0,0
101,2016,231,600,11.96,4841,0,0,3.353,0,0,0
101,2016,231,700,11.86,4841,0,0,3.353,0,0,0
101,2016,231,800,11.82,4841,137.81,.317,75.9,102.72,130.08,104.45
101,2016,231,900,11.91,4841,811.67,1,406.4,622.97,769.95,654.25
101,2016,231,1000,11.91,4841,1644.5,1,541.8,1285.3,1523.4,1381
101,2016,231,1100,11.94,4841,2431.2,1,611.9,1915.5,2237.6,2093.6
101,2016,231,1200,11.96,4841,2654.3,.8,489.8,2101.8,2425.8,2315.2
101,2016,231,1300,11.84,4841,3161,.816,517,2480.3,2883.8,2785.2
101,2016,231,1400,11.87,4841,3320.9,.933,581.7,2555.5,2967.5,2883.5
101,2016,231,1500,11.87,4841,3280.4,1,640.7,2491.9,2873.4,2811.2
101,2016,231,1600,11.88,4841,2789.2,1,664.7,2034.9,2363.8,2322.9
101,2016,231,1700,11.93,4841,2121.8,.983,637.9,1445.4,1704.9,1683.9
101,2016,231,1800,11.88,4841,1319,1,552.2,792.24,968.14,962.58
101,2016,231,1900,11.96,4841,439.46,.483,202.1,211.39,262.71,257.43
101,2016,231,2000,12.04,4841,12.429,0,3.856,8.5964,10.277,7.5169
101,2016,231,2100,12.04,4841,0,0,3.353,0,0,0
101,2016,231,2200,12.03,4841,0,0,3.353,0,0,0
101,2016,231,2300,12.05,4841,0,0,3.353,0,0,0
101,2016,231,2400,12.04,4841,0,0,3.353,0,0,0
102,2016,231,2400,11.82,4841,24124,10.33,248.5,18048,21121,20263
101,2016,232,100,12.02,4841,0,0,3.353,0,0,0
101,2016,232,200,12.03,4841,0,0,3.353,0,0,0
101,2016,232,300,12.04,4841,0,0,3.353,0,0,0
101,2016,232,400,11.98,4841,0,0,3.353,0,0,0
101,2016,232,500,12.05,4841,0,0,3.353,0,0,0
101,2016,232,600,12.08,4841,0,0,3.353,0,0,0
101,2016,232,700,12.08,4841,0,0,3.353,0,0,0
101,2016,232,800,12.04,4841,106.82,.233,60.57,77.974,101.86,82.608
101,2016,232,900,12.12,4841,522.76,.317,124.8,432.95,495.11,454.56
101,2016,232,1000,12.11,4841,1556.9,.983,487.3,1250.7,1454.8,1327.9
101,2016,232,1100,12.08,4841,2247.3,.783,441.7,1853,2109.8,2004.4
101,2016,232,1200,12.04,4841,2329.5,.55,341.2,1896.2,2166.4,2077.2
101,2016,232,1300,12.08,4841,1900,.35,154.6,1578.3,1759.8,1714.6
101,2016,232,1400,12.08,4841,2816.2,.616,342.5,2191.8,2503.6,2435.8
101,2016,232,1500,12.07,4841,2961.1,.883,549,2247.4,2586.5,2530.2
101,2016,232,1600,12.11,4841,2883.5,1,691.8,2101.8,2436.2,2397.5
101,2016,232,1700,12.11,4841,2193.6,1,659.1,1501.1,1767.5,1746.8
101,2016,232,1800,12.11,4841,1352.8,1,539.9,827.73,1004.4,995.98
101,2016,232,1900,12.19,4841,489.77,.5,222.9,248.35,303.37,298.02
101,2016,232,2000,12.15,4841,11.793,0,4.102,7.9885,10.044,6.9759
101,2016,232,2100,12.07,4841,0,0,3.353,0,0,0
101,2016,232,2200,12.04,4841,0,0,3.353,0,0,0
101,2016,232,2300,12.12,4841,0,0,3.353,0,0,0
101,2016,232,2400,12.14,4841,0,0,3.353,0,0,0
102,2016,232,2400,11.98,4841,21372,8.21,194,16215,18699,18072
101,2016,233,100,12.2,4841,0,0,3.353,0,0,0
101,2016,233,200,12.2,4841,0,0,3.353,0,0,0
101,2016,233,300,12.12,4841,0,0,3.353,0,0,0
101,2016,233,400,12.12,4841,0,0,3.353,0,0,0
101,2016,233,500,12.12,4841,0,0,3.353,0,0,0
101,2016,233,600,12.16,4841,0,0,3.353,0,0,0
101,2016,233,700,12.13,4841,0,0,3.353,0,0,0
101,2016,233,800,12.15,4841,139.95,.417,102.3,100.95,135.31,110.69
101,2016,233,900,12.08,4841,842.58,1,429.2,642.4,799.62,687.46
101,2016,233,1000,12.06,4841,1734.5,1,577.5,1366.4,1614,1470.7
101,2016,233,1100,12.09,4841,2475,1,646.1,1955.6,2279.8,2139
101,2016,233,1200,12.16,4841,2484.6,.833,484.2,1992.1,2289.2,2187.2
101,2016,233,1300,12.16,4841,2292.9,.566,316.3,1827.3,2097,2034.3
101,2016,233,1400,12.08,4841,2588.1,.616,305.5,2051.1,2332.3,2272.3
101,2016,233,1500,12.05,4841,2457.1,.716,396.2,1897.9,2178.8,2134.4
101,2016,233,1600,12.14,4841,2763.9,1,636.1,2030.1,2347,2305.9
101,2016,233,1700,12.12,4841,1987.6,.883,525.7,1365.4,1607.5,1579.6
101,2016,233,1800,12.12,4841,815.52,.783,279.9,532.7,630.27,619.9
101,2016,233,1900,12.12,4841,366.72,.5,170.2,197.2,239.67,232.33
101,2016,233,2000,12.06,4841,10.359,0,3.755,7.0334,8.9279,6.1892
101,2016,233,2100,12.08,4841,0,0,3.353,0,0,0
101,2016,233,2200,12.07,4841,0,0,3.353,0,0,0
101,2016,233,2300,12.1,4841,0,0,3.353,0,0,0
101,2016,233,2400,12.13,4841,0,0,3.353,0,0,0
102,2016,233,2400,12.05,4841,20959,9.31,204.6,15966,18559,17780
101,2016,234,100,12.14,4841,0,0,3.353,0,0,0
101,2016,234,200,12.15,4841,0,0,3.353,0,0,0
101,2016,234,300,12.13,4841,0,0,3.353,0,0,0
101,2016,234,400,12.08,4841,0,0,3.353,0,0,0
101,2016,234,500,12.14,4841,0,0,3.353,0,0,0
101,2016,234,600,12.07,4841,0,0,3.353,0,0,0
101,2016,234,700,12.04,4841,0,0,3.353,0,0,0
101,2016,234,800,12.08,4841,48.168,0,3.353,42.704,45.437,45.649
101,2016,234,900,12.15,4841,357.6,0,7.56,312.67,336.46,321.36
101,2016,234,1000,12.08,4841,956.15,.15,73.8,806.09,884.98,850.17
101,2016,234,1100,12.14,4841,2220.7,.85,465.3,1822.4,2084.8,1972.1
101,2016,234,1200,12.12,4841,2079.2,.55,318.1,1695.4,1919.3,1832.5
101,2016,234,1300,12.16,4841,2208.3,.483,251.4,1802.8,2041.6,1977.5
101,2016,234,1400,12.11,4841,1938.3,.367,188.5,1592,1781.2,1738.3
101,2016,234,1500,12.12,4841,2928.4,.733,394.8,2343.2,2627,2573.3
101,2016,234,1600,12.11,4841,3008.5,1,581.8,2329.3,2638.5,2587.7
101,2016,234,1700,12.14,4841,1569.5,.533,324.3,1199,1361,1332.8
101,2016,234,1800,12.12,4841,862.46,.683,296.4,579.84,671.95,665.09
101,2016,234,1900,12.15,4841,415.94,.5,159.6,235.52,281.56,273.36
101,2016,234,2000,12.18,4841,6.1605,0,3.353,4.0464,5.7517,3.4704
101,2016,234,2100,12.2,4841,0,0,3.353,0,0,0
101,2016,234,2200,12.14,4841,0,0,3.353,0,0,0
101,2016,234,2300,12.14,4841,0,0,3.353,0,0,0
101,2016,234,2400,12.1,4841,0,0,3.353,0,0,0
102,2016,234,2400,12.04,4841,18599,5.848,129.4,14765,16679,16173
101,2016,235,100,12.17,4841,0,0,3.353,0,0,0
101,2016,235,200,12.14,4841,0,0,3.353,0,0,0
101,2016,235,300,12.19,4841,0,0,3.353,0,0,0
101,2016,235,400,12.17,4841,0,0,3.353,0,0,0
101,2016,235,500,12.13,4841,0,0,3.353,0,0,0
101,2016,235,600,12.13,4841,0,0,3.353,0,0,0
101,2016,235,700,12.12,4841,0,0,3.353,0,0,0
101,2016,235,800,12.1,4841,95.718,0,14.71,83.011,92.394,85.159
101,2016,235,900,12.16,4841,484.96,0,44.9,415.57,455.63,434.02
101,2016,235,1000,12.16,4841,1602.5,.9,403.6,1269,1475.6,1358.2
101,2016,235,1100,12.16,4841,2252.4,1,531.1,1763.1,2061.6,1928.8
101,2016,235,1200,12.16,4841,3006.3,1,637.2,2370.9,2741.8,2634.4
101,2016,235,1300,12.14,4841,2984.2,.85,504.5,2395.7,2753.3,2666.6
101,2016,235,1400,12.11,4841,2286.8,.5,228.8,1906,2132.6,2081.9
101,2016,235,1500,12.12,4841,904.65,.167,111.2,718.3,810.54,784.36
101,2016,235,1600,12.12,4841,687.34,0,15.65,583.87,638.09,622.16
101,2016,235,1700,12.04,4841,288.46,0,9.09,286.64,293.51,288.89
101,2016,235,1800,12.04,4841,169.53,0,3.353,158.33,167.27,159.82
101,2016,235,1900,12.12,4841,64.526,0,3.353,53.697,60.963,53.806
101,2016,235,2000,12.15,4841,2.4954,0,3.353,1.5977,2.5999,1.3278
101,2016,235,2100,12.1,4841,0,0,3.353,0,0,0
101,2016,235,2200,12.04,4841,0,0,3.353,0,0,0
101,2016,235,2300,12.12,4841,0,0,3.353,0,0,0
101,2016,235,2400,12.12,4841,0,0,3.353,0,0,0
102,2016,235,2400,12.04,4841,14830,4.415,106.2,12006,13686,13099
101,2016,236,100,12.12,4841,0,0,3.353,0,0,0
101,2016,236,200,12.11,4841,0,0,3.353,0,0,0
101,2016,236,300,12.08,4841,0,0,3.353,0,0,0
101,2016,236,400,12.1,4841,0,0,3.353,0,0,0
101,2016,236,500,12.14,4841,0,0,3.353,0,0,0
101,2016,236,600,12.12,4841,0,0,3.353,0,0,0
101,2016,236,700,12.12,4841,0,0,3.353,0,0,0
101,2016,236,800,12.11,4841,51.389,0,3.353,42.877,47.558,45.031
101,2016,236,900,12.08,4841,366.75,0,4.136,318.8,343.98,334.23
101,2016,236,1000,12.04,4841,1037.2,.417,138.7,896.34,983.02,937.86
101,2016,236,1100,12.16,4841,1607.9,.8,245.3,1331.3,1503.5,1429.5
101,2016,236,1200,12.16,4841,2898,1,499.2,2328.5,2664.6,2567.1
101,2016,236,1300,12.15,4841,3068.3,.916,485.1,2452.7,2806.8,2730.1
101,2016,236,1400,12.12,4841,3620.1,1,526.5,2942.7,3318.7,3241.6
101,2016,236,1500,12.12,4841,2607.8,.866,365,2103.8,2346.1,2301.2
101,2016,236,1600,12.13,4841,2454,.916,527.5,1852.4,2109.5,2081.9
101,2016,236,1700,12.1,4841,1258.2,.566,320.7,904.7,1040.8,1032.3
101,2016,236,1800,12.07,4841,1030.8,.866,354.8,685.55,803.83,803.82
101,2016,236,1900,12.08,4841,232.64,.083,59.86,164.84,189.78,180.63
101,2016,236,2000,12.1,4841,6.1066,0,3.543,3.7946,5.4206,3.351
101,2016,236,2100,12.12,4841,0,0,3.353,0,0,0
101,2016,236,2200,12.09,4841,0,0,3.353,0,0,0
101,2016,236,2300,12.08,4841,0,0,3.353,0,0,0
101,2016,236,2400,12.07,4841,0,0,3.353,0,0,0
102,2016,236,2400,12.04,4841,20239,7.43,148.8,16028,18164,17689
101,2016,237,100,12.06,4841,0,0,3.353,0,0,0
101,2016,237,200,12.06,4841,0,0,3.353,0,0,0
101,2016,237,300,12.1,4841,0,0,3.353,0,0,0
101,2016,237,400,12.12,4841,0,0,3.353,0,0,0
101,2016,237,500,12.12,4841,0,0,3.353,0,0,0
101,2016,237,600,12.13,4841,0,0,3.353,0,0,0
101,2016,237,700,12.14,4841,0,0,3.353,0,0,0
101,2016,237,800,12.13,4841,55.756,0,3.353,47.879,52.881,49.049
101,2016,237,900,12.11,4841,350.66,0,5.761,312.34,332.31,323.24
101,2016,237,1000,12.1,4841,921.5,0,58.09,793.79,864.23,832.96
101,2016,237,1100,12.11,4841,1125.6,.217,96.8,999.41,1079.1,1042.4
101,2016,237,1200,12.12,4841,1975.6,.6,226.9,1612.2,1822,1763.5
101,2016,237,1300,12.13,4841,3161.1,.983,469.8,2519,2880.8,2811.8
101,2016,237,1400,12.1,4841,2206.3,.333,120.6,1780.8,2005.5,1958.4
101,2016,237,1500,12.08,4841,2117.3,.6,289.1,1701,1895.7,1876.1
101,2016,237,1600,12.08,4841,2481.3,.85,528.1,1883.7,2143.8,2134.1
101,2016,237,1700,12.1,4841,1737.2,.8,383.4,1316.9,1475.8,1479.2
101,2016,237,1800,12.1,4841,1489.2,.9,385.7,1064.8,1218.3,1230.6
101,2016,237,1900,12.09,4841,346.55,.2,89.5,259.05,290.55,286.55
101,2016,237,2000,12.13,4841,7.1923,0,3.353,5.2273,6.6101,5.2478
101,2016,237,2100,12.08,4841,0,0,3.353,0,0,0
101,2016,237,2200,12.06,4841,0,0,3.353,0,0,0
101,2016,237,2300,12.05,4841,0,0,3.353,0,0,0
101,2016,237,2400,12,4841,0,0,3.353,0,0,0
102,2016,237,2400,12,4841,17975,5.481,112.4,14296,16068,15793
101,2016,238,100,12.01,4841,0,0,3.353,0,0,0
101,2016,238,200,12.02,4841,0,0,3.353,0,0,0
101,2016,238,300,12.08,4841,0,0,3.353,0,0,0
101,2016,238,400,12.12,4841,0,0,3.353,0,0,0
101,2016,238,500,12.13,4841,0,0,3.353,0,0,0
101,2016,238,600,12.12,4841,0,0,3.353,0,0,0
101,2016,238,700,12.1,4841,0,0,3.353,0,0,0
101,2016,238,800,12.1,4841,57.43,0,4.728,56.189,59.712,52.267
101,2016,238,900,12.1,4841,324.42,0,33.02,286.34,310.2,294.42
101,2016,238,1000,12.1,4841,769.89,.133,46.99,690.4,740.5,719.65
101,2016,238,1100,12.1,4841,1494.2,.6,172.7,1260.3,1398.3,1344.5
101,2016,238,1200,12.1,4841,2000.9,.417,140.3,1696.4,1873.9,1828.4
101,2016,238,1300,12.1,4841,2936,.666,252,2427.1,2719.5,2677.7
101,2016,238,1400,12.1,4841,3066.4,.733,360.1,2518.9,2835.5,2795.2
101,2016,238,1500,12.1,4841,1238.3,.15,63.59,1049.6,1151.6,1137.9
101,2016,238,1600,12.04,4841,468.91,.017,9.74,432.43,459.21,449.47
101,2016,238,1700,12.06,4841,454.13,.067,43.56,397.59,425.99,426.27
101,2016,238,1800,12.03,4841,1151.8,.933,411.4,813.68,925.27,939.12
101,2016,238,1900,11.98,4841,423.31,.533,172.5,261.71,302.04,302.85
101,2016,238,2000,12.06,4841,12.717,0,4.281,9.3778,11.013,9.0063
101,2016,238,2100,12.12,4841,0,0,3.353,0,0,0
101,2016,238,2200,12.12,4841,0,0,3.353,0,0,0
101,2016,238,2300,12.14,4841,0,0,3.353,0,0,0
101,2016,238,2400,12.15,4841,0,0,3.353,0,0,0
102,2016,238,2400,11.98,4841,14398,4.248,73,11900,13213,12977
101,2016,239,100,12.14,4841,0,0,3.353,0,0,0
101,2016,239,200,12.11,4841,0,0,3.353,0,0,0
101,2016,239,300,12.08,4841,0,0,3.353,0,0,0
101,2016,239,400,12.07,4841,0,0,3.353,0,0,0
101,2016,239,500,12.09,4841,0,0,3.353,0,0,0
101,2016,239,600,12.09,4841,0,0,3.353,0,0,.38638
101,2016,239,700,12.1,4841,0,0,3.353,0,.24527,.07025
101,2016,239,800,12.12,4841,48.426,0,5.712,38.805,47.902,41.589
101,2016,239,900,12.1,4841,303.73,0,7.77,258.21,286.28,282.68
101,2016,239,1000,11.98,4841,1040.3,.267,95,884.95,974.46,931.81
101,2016,239,1100,12.02,4841,1053.9,.15,62.65,927.96,1008.9,972.3
101,2016,239,1200,12.08,4841,3039.3,1,605.2,2449.9,2833.8,2700.1
101,2016,239,1300,12.01,4841,2478.3,.716,411.5,1985.7,2285.5,2189.4
101,2016,239,1400,12.06,4841,207.7,0,6.141,180.83,198.5,189.03
101,2016,239,1500,12.1,4841,1202.1,.267,96.6,981.38,1094.1,1075.9
101,2016,239,1600,12.04,4841,1190.1,.1,36.23,993.71,1090.6,1067.2
101,2016,239,1700,12.1,4841,619.13,0,3.353,569.97,597.79,590.23
101,2016,239,1800,12.12,4841,660.09,.367,151.8,493.13,551.77,548.61
101,2016,239,1900,12.05,4841,235.14,0,42.58,175.7,194.45,187.95
101,2016,239,2000,12.05,4841,7.1442,0,3.688,5.0623,6.4507,4.6998
101,2016,239,2100,12.1,4841,0,0,3.353,0,0,0
101,2016,239,2200,12.09,4841,0,0,3.353,0,0,0
101,2016,239,2300,12.1,4841,0,0,3.353,0,0,0
101,2016,239,2400,12.11,4841,0,0,3.353,0,0,0
102,2016,239,2400,11.98,4841,12085,2.866,65.21,9945.4,11171,10782
101,2016,240,100,12.1,4841,0,0,3.353,0,0,0
101,2016,240,200,12.08,4841,0,0,3.353,0,0,0
101,2016,240,300,12.08,4841,0,0,3.353,0,0,0
101,2016,240,400,12.14,4841,0,0,3.353,0,0,0
101,2016,240,500,12.07,4841,0,0,3.353,0,0,0
101,2016,240,600,12.07,4841,0,0,3.353,0,0,0
101,2016,240,700,12.08,4841,.05399,0,3.353,.03473,.14716,.00703
101,2016,240,800,12.13,4841,101.49,0,11.54,84.348,95.374,87.926
101,2016,240,900,12.14,4841,652.18,.267,116.8,563.38,624.58,586.21
101,2016,240,1000,12.14,4841,1738.2,1,496.1,1445,1652.9,1522.6
101,2016,240,1100,12.12,4841,2225.7,.833,456.3,1838.8,2092,1976.8
101,2016,240,1200,12.12,4841,1709.7,.4,246.3,1425.2,1606.8,1544.7
101,2016,240,1300,12.12,4841,3710.8,1,595.4,2916.6,3378.2,3271
101,2016,240,1400,12.11,4841,2531.4,.5,241.2,2072.5,2326.1,2269.1
101,2016,240,1500,12.11,4841,3466.6,1,612.1,2796.3,3139,3084.5
101,2016,240,1600,12.09,4841,2982,1,630.1,2351.3,2633.1,2606.2
101,2016,240,1700,12.1,4841,2114.5,1,623.9,1558.6,1771.1,1775
101,2016,240,1800,12.11,4841,1293.9,1,542.8,864.48,999.18,1018.2
101,2016,240,1900,12.04,4841,415.12,.55,216.6,229.38,271.25,275.15
101,2016,240,2000,12.06,4841,5.1827,0,3.375,3.0652,4.1819,2.2621
101,2016,240,2100,12.07,4841,0,0,3.353,0,0,0
101,2016,240,2200,12.07,4841,0,0,3.353,0,0,0
101,2016,240,2300,12.1,4841,0,0,3.353,0,0,0
101,2016,240,2400,12.03,4841,0,0,3.353,0,0,0
102,2016,240,2400,12.03,4841,22947,8.55,201.2,18149,20594,20020
101,2016,241,100,12.05,4841,0,0,3.353,0,0,0
101,2016,241,200,12.12,4841,0,0,3.353,0,0,0
101,2016,241,300,12.06,4841,0,0,3.353,0,0,0
101,2016,241,400,12.08,4841,0,0,3.353,0,0,0
101,2016,241,500,12.06,4841,0,0,3.353,0,0,0
101,2016,241,600,12.05,4841,0,0,3.353,0,0,0
101,2016,241,700,12.13,4841,0,0,3.353,0,0,0
101,2016,241,800,12.04,4841,69.151,0,9.02,64.082,69.069,63.05
101,2016,241,900,12.03,4841,441.32,0,22.44,393.93,422.03,406.49
101,2016,241,1000,12.08,4841,1117,.2,105.5,960.59,1051.7,1007.7
101,2016,241,1100,12.1,4841,1953,.9,329.1,1623.8,1827.3,1735.8
101,2016,241,1200,12.08,4841,1630.9,.383,186.3,1393.3,1542,1483
101,2016,241,1300,12.07,4841,2050.1,.45,270.6,1655,1883,1829.6
101,2016,241,1400,12.08,4841,1561.6,.383,113.4,1296.1,1437.6,1413.4
101,2016,241,1500,12.06,4841,3254.3,1,615.5,2659.8,2965,2917.8
101,2016,241,1600,12.04,4841,2781.5,1,649.3,2195.7,2455.8,2437.9
101,2016,241,1700,12.07,4841,2146.8,1,656.2,1559.8,1784.1,1788.8
101,2016,241,1800,12.04,4841,1280.9,1,542,849.68,986.84,1003.7
101,2016,241,1900,11.99,4841,421.37,.566,216.2,244.59,282.71,287.63
101,2016,241,2000,12.02,4841,10.053,0,3.912,6.9118,8.1798,6.0205
101,2016,241,2100,12.04,4841,0,0,3.353,0,0,0
101,2016,241,2200,12.06,4841,0,0,3.353,0,0,0
101,2016,241,2300,12.05,4841,0,0,3.353,0,0,0
101,2016,241,2400,12.09,4841,0,0,3.353,0,0,0
102,2016,241,2400,11.99,4841,18718,6.881,156.5,14903,16715,16381
101,2016,242,100,12.08,4841,0,0,3.353,0,0,0
101,2016,242,200,12.06,4841,0,0,3.353,0,0,0
101,2016,242,300,12.05,4841,0,0,3.353,0,0,0
101,2016,242,400,12.02,4841,0,0,3.353,0,0,0
101,2016,242,500,12.05,4841,0,0,3.353,0,0,0
101,2016,242,600,12.04,4841,0,0,3.353,0,0,0
101,2016,242,700,12.03,4841,0,0,3.353,0,0,0
101,2016,242,800,12.02,4841,113.33,.083,45.34,96.225,110.52,97.072
101,2016,242,900,12.01,4841,786.23,.666,313.5,661.88,767.02,690.72
101,2016,242,1000,11.99,4841,1819.5,1,581.3,1506.7,1742.2,1607.1
101,2016,242,1100,11.98,4841,2599.2,1,655.3,2140.2,2458.8,2320.6
101,2016,242,1200,11.99,4841,3182.4,1,682.2,2575.4,2978.7,2854.1
101,2016,242,1300,11.97,4841,3198.3,.8,508.5,2579.7,2957.6,2868.1
101,2016,242,1400,11.99,4841,3166.6,.866,503.5,2543.4,2890.7,2820.5
101,2016,242,1500,11.96,4841,3297.2,.983,665.5,2603.7,2949.9,2890.3
101,2016,242,1600,11.96,4841,2844,1,695.8,2175.9,2467.8,2438.2
101,2016,242,1700,11.96,4841,2143.7,1,659,1560.3,1783.2,1787.3
101,2016,242,1800,11.98,4841,1267.2,1,535.9,845.75,978.05,995.42
101,2016,242,1900,11.99,4841,400.44,.566,205.6,232.92,270.39,273.66
101,2016,242,2000,12.07,4841,8.4819,0,3.761,5.8004,7.1252,5.03
101,2016,242,2100,11.92,4841,0,0,3.353,0,0,0
101,2016,242,2200,12.06,4841,0,0,3.353,0,0,0
101,2016,242,2300,12.04,4841,0,0,3.353,0,0,0
101,2016,242,2400,12.04,4841,0,0,3.353,0,0,0
102,2016,242,2400,11.92,4841,24826,9.96,253.8,19528,22362,21648
101,2016,243,100,11.98,4841,0,0,3.353,0,0,0
101,2016,243,200,12.04,4841,0,0,3.353,0,0,0
101,2016,243,300,12.07,4841,0,0,3.353,0,0,0
101,2016,243,400,12.03,4841,0,0,3.353,0,0,0
101,2016,243,500,12,4841,0,0,3.353,0,0,0
101,2016,243,600,12.02,4841,0,0,3.353,0,0,0
101,2016,243,700,12.02,4841,0,0,3.353,0,0,0
101,2016,243,800,12.02,4841,126.63,.283,67.59,108.23,127.86,108.95
101,2016,243,900,12.04,4841,866.1,1,403.2,724.26,852.88,753.86
101,2016,243,1000,12.06,4841,1867.5,1,568.2,1554.5,1786.9,1652.9
101,2016,243,1100,12.02,4841,2581.4,.966,616.5,2143.7,2444.8,2307
101,2016,243,1200,12,4841,2493.4,.766,477.9,2058.1,2357.9,2266.6
101,2016,243,1300,12,4841,3312.8,.916,606.9,2682.5,3090.3,2996
101,2016,243,1400,11.98,4841,3369,.966,556.9,2696.3,3068.7,2987.3
101,2016,243,1500,11.99,4841,3369.4,1,668.9,2672.1,3029.1,2964.8
101,2016,243,1600,12.02,4841,2846.4,1,704,2188,2478.8,2449.4
101,2016,243,1700,12,4841,2184.3,1,685.6,1589.9,1819,1823.7
101,2016,243,1800,11.98,4841,1318.8,1,578.8,875.11,1014.5,1034.8
101,2016,243,1900,11.93,4841,421.59,.583,237.9,232.54,273.79,278.4
101,2016,243,2000,12.02,4841,8.6799,0,3.711,5.6528,7.0271,4.7982
101,2016,243,2100,12,4841,0,0,3.353,0,0,0
101,2016,243,2200,11.93,4841,0,0,3.353,0,0,0
101,2016,243,2300,11.98,4841,0,0,3.353,0,0,0
101,2016,243,2400,12,4841,0,0,3.353,0,0,0
102,2016,243,2400,11.93,4841,24766,10.48,258.9,19531,22351,21629
101,2016,244,100,11.98,4841,0,0,3.353,0,0,0
101,2016,244,200,12,4841,0,0,3.353,0,0,0
101,2016,244,300,11.99,4841,0,0,3.353,0,0,0
101,2016,244,400,11.98,4841,0,0,3.353,0,0,0
101,2016,244,500,11.98,4841,0,0,3.353,0,0,0
101,2016,244,600,11.97,4841,0,0,3.353,0,0,0
101,2016,244,700,11.96,4841,0,0,3.353,0,0,0
101,2016,244,800,11.98,4841,117.29,.15,40.83,102.91,117.34,105.16
101,2016,244,900,11.95,4841,765.52,.566,239.1,647.29,736.38,674.23
101,2016,244,1000,12,4841,1525.8,1,443.4,1254.6,1436.6,1320.6
101,2016,244,1100,11.96,4841,2061.1,.683,340.1,1760.5,1950,1854.8
101,2016,244,1200,11.98,4841,2542,.75,339.4,2131.8,2387.4,2293.5
101,2016,244,1300,12.06,4841,919.07,.033,40.46,741.57,837.57,809.52
101,2016,244,1400,12,4841,3446.3,.883,391.4,2886.6,3232.1,3161.5
101,2016,244,1500,12,4841,2647.9,.666,253.5,2172.3,2433.5,2374.5
101,2016,244,1600,12.02,4841,2507,.866,463.4,2013.5,2236.6,2218.3
101,2016,244,1700,12.02,4841,2179.9,1,646.8,1622.6,1832.4,1838.3
101,2016,244,1800,11.98,4841,1248.8,1,535.2,846.93,972.11,989.15
101,2016,244,1900,12,4841,372.32,.583,205.6,221.85,257.53,260.29
101,2016,244,2000,12.06,4841,5.6746,0,3.453,3.7945,5.1262,3.0489
101,2016,244,2100,12.07,4841,0,0,3.353,0,0,0
101,2016,244,2200,11.95,4841,0,0,3.353,0,0,0
101,2016,244,2300,12,4841,0,0,3.353,0,0,0
101,2016,244,2400,11.99,4841,0,0,3.353,0,0,0
102,2016,244,2400,11.95,4841,20339,8.18,165.8,16406,18435,17903
101,2016,245,100,11.96,4841,0,0,3.353,0,0,0
101,2016,245,200,11.98,4841,0,0,3.353,0,0,0
101,2016,245,300,11.97,4841,0,0,3.353,0,0,0
101,2016,245,400,12,4841,0,0,3.353,0,0,0
101,2016,245,500,12,4841,0,0,3.353,0,0,0
101,2016,245,600,12.06,4841,0,0,3.353,0,0,0
101,2016,245,700,12.06,4841,0,0,3.353,0,.03679,0
101,2016,245,800,12.06,4841,126.36,0,3.353,110.39,118.4,113.84
101,2016,245,900,12.06,4841,296.09,.017,37.05,265.98,286.67,270.12
101,2016,245,1000,12.06,4841,749.29,.233,114.2,662.87,723.24,692.05
101,2016,245,1100,12.04,4841,2140.2,1,516.8,1773.1,2009.3,1890.7
101,2016,245,1200,12.04,4841,1212.7,1,254.1,982.3,1129.2,1070.1
101,2016,245,1300,12.04,4841,1637.4,1,289.4,1333.7,1514.8,1463.3
101,2016,245,1400,12.05,4841,1843.5,.4,191.3,1550.3,1717.9,1673.9
101,2016,245,1500,12.04,4841,3161.3,.916,526.2,2532.2,2846.6,2792.5
101,2016,245,1600,12.02,4841,2751.3,.916,522.1,2144.6,2408.8,2373.1
101,2016,245,1700,12,4841,1000.7,.3,120.9,826.08,901.97,888.69
101,2016,245,1800,12.02,4841,1585.1,1,393.5,1169.7,1319.6,1321.8
101,2016,245,1900,12.04,4841,546.63,.6,209.8,383.95,424.15,429.72
101,2016,245,2000,12.02,4841,10.821,0,4.113,7.2679,8.928,6.6318
101,2016,245,2100,12.02,4841,0,0,3.353,0,0,0
101,2016,245,2200,12.01,4841,0,0,3.353,0,0,0
101,2016,245,2300,12.02,4841,0,0,3.353,0,0,0
101,2016,245,2400,12.02,4841,0,0,3.353,0,0,0
102,2016,245,2400,11.96,4841,17062,7.38,134.2,13742,15410,14987
101,2016,246,100,12.03,4841,0,0,3.353,0,0,0
101,2016,246,200,11.99,4841,0,0,3.353,0,0,0
101,2016,246,300,12,4841,0,0,3.353,0,0,0
101,2016,246,400,12.03,4841,0,0,3.353,0,0,0
101,2016,246,500,12.02,4841,0,0,3.353,0,0,0
101,2016,246,600,12.03,4841,0,0,3.353,0,0,0
101,2016,246,700,12.02,4841,0,0,3.353,0,0,0
101,2016,246,800,12.02,4841,91.831,.017,19.69,82.29,91.363,80.655
101,2016,246,900,12.02,4841,885.82,1,391.6,749.51,872.33,780.13
101,2016,246,1000,12.02,4841,1784.6,1,553.4,1501.8,1713.2,1578.6
101,2016,246,1100,12,4841,2586.8,.966,587.9,2161.5,2443.5,2312.2
101,2016,246,1200,12.01,4841,2790.1,.833,529.6,2310.1,2634.4,2534.5
101,2016,246,1300,12.02,4841,3246,.916,589.7,2646.4,3025.4,2932.9
101,2016,246,1400,12.01,4841,3321.4,.916,523.1,2720.1,3067.1,2989.9
101,2016,246,1500,12.01,4841,3103.3,1,506.8,2477.2,2794.5,2736.7
101,2016,246,1600,12,4841,2126.7,.866,389.1,1630.3,1828.9,1809.7
101,2016,246,1700,12,4841,1217.9,.583,304.1,923.55,1036.6,1027.6
101,2016,246,1800,12.02,4841,739.28,.533,231.4,531.77,599.23,600.69
101,2016,246,1900,12,4841,280.76,.067,36.07,224.88,246.95,239.62
101,2016,246,2000,12.02,4841,10.167,0,3.353,9.4994,10.62,8.5356
101,2016,246,2100,12.04,4841,0,0,3.353,0,0,0
101,2016,246,2200,12.06,4841,0,0,3.353,0,0,0
101,2016,246,2300,12.04,4841,0,0,3.353,0,0,0
101,2016,246,2400,12.01,4841,0,0,3.353,0,0,0
102,2016,246,2400,11.99,4841,22185,8.7,195.9,17969,20364,19632
101,2016,247,100,12.04,4841,0,0,3.353,0,0,0
101,2016,247,200,12.06,4841,0,0,3.353,0,0,0
101,2016,247,300,12.07,4841,0,0,3.353,0,0,0
101,2016,247,400,12.06,4841,0,0,3.353,.03473,0,0
101,2016,247,500,12.05,4841,0,0,3.353,.02605,0,0
101,2016,247,600,12.04,4841,0,0,3.353,0,0,0
101,2016,247,700,12.05,4841,0,0,3.353,0,0,0
101,2016,247,800,12.04,4841,149.45,.333,83.6,129.59,153.25,131.38
101,2016,247,900,12.04,4841,853.59,1,381.5,732.4,847.66,751.51
101,2016,247,1000,12.04,4841,1669.8,1,503,1421.3,1607.9,1484.3
101,2016,247,1100,12.05,4841,1942,.95,389.1,1635,1829.5,1736.3
101,2016,247,1200,12.04,4841,2862.6,1,575.2,2378.7,2699.4,2590.4
101,2016,247,1300,12.04,4841,2306.2,.616,311.8,1924.7,2170.7,2102.5
101,2016,247,1400,12.04,4841,2545.1,.633,304.2,2065.7,2325.3,2268.1
101,2016,247,1500,12.04,4841,2913.6,.883,499.2,2349.2,2637.5,2592.3
101,2016,247,1600,12.05,4841,2594.4,1,605.9,2054.9,2289.1,2275.7
101,2016,247,1700,12.03,4841,2014,1,583,1532.2,1709.9,1719.5
101,2016,247,1800,12,4841,1142.9,1,458.5,812.51,913.46,929.05
101,2016,247,1900,12.02,4841,333.18,.6,167.2,218.11,245.96,247.66
101,2016,247,2000,11.99,4841,4.175,0,3.47,2.5529,3.4952,1.96
101,2016,247,2100,12.03,4841,0,0,3.353,0,0,0
101,2016,247,2200,12.03,4841,0,0,3.353,0,0,0
101,2016,247,2300,12.02,4841,0,0,3.353,0,0,0
101,2016,247,2400,12.04,4841,0,0,3.353,0,0,0
102,2016,247,2400,11.99,4841,21331,10.01,204.3,17257,19433,18831
101,2016,248,100,12.06,4841,0,0,3.353,0,0,0
101,2016,248,200,12.06,4841,0,0,3.353,0,0,0
101,2016,248,300,12.05,4841,0,0,3.353,0,0,0
101,2016,248,400,12.06,4841,0,0,3.353,0,0,0
101,2016,248,500,12.08,4841,0,0,3.353,0,0,0
101,2016,248,600,12.08,4841,0,0,3.353,0,0,0
101,2016,248,700,12.08,4841,0,0,3.353,0,0,0
101,2016,248,800,12.08,4841,153.73,.167,43.35,138.23,153.59,140.99
101,2016,248,900,12.08,4841,737.73,.583,170.7,648.81,720.16,669.63
101,2016,248,1000,12.08,4841,1812.5,1,438.9,1561.4,1744,1635
101,2016,248,1100,12.08,4841,2383.6,1,478.3,2021.2,2266.3,2157.7
101,2016,248,1200,12.08,4841,1766.5,.45,160,1495.4,1662.7,1611.1
101,2016,248,1300,12.09,4841,1657.2,.067,25.43,1428.2,1554.2,1524.7
101,2016,248,1400,12.09,4841,1291.2,.2,95.1,1131.2,1228.5,1196.9
101,2016,248,1500,12.1,4841,225.54,0,9.85,202.85,213.46,214.52
101,2016,248,1600,12.1,4841,679.35,.033,13.66,574.91,624.26,622.77
101,2016,248,1700,12.1,4841,1502.8,.55,345,1176.9,1296.6,1306.8
101,2016,248,1800,12.09,4841,1067.4,.866,428.7,746.23,844.8,856.2
101,2016,248,1900,12.1,4841,238.92,.067,40.21,170.82,192.83,183.97
101,2016,248,2000,12.09,4841,5.5186,0,3.353,3.6904,4.9668,3.4564
101,2016,248,2100,12.1,4841,0,0,3.353,0,0,0
101,2016,248,2200,12.09,4841,0,0,3.353,0,0,0
101,2016,248,2300,12.08,4841,0,0,3.353,0,0,0
101,2016,248,2400,12.08,4841,0,0,3.353,0,0,0
102,2016,248,2400,12.05,4841,13522,4.981,95.4,11300,12506,12124
101,2016,249,100,12.08,4841,0,0,3.353,0,0,0
101,2016,249,200,12.09,4841,0,0,3.353,0,0,0
101,2016,249,300,12.05,4841,0,0,3.353,0,0,0
101,2016,249,400,12.06,4841,0,0,3.353,0,0,0
101,2016,249,500,12.08,4841,0,0,3.353,0,0,0
101,2016,249,600,12.08,4841,0,0,3.353,0,0,0
101,2016,249,700,12.07,4841,0,0,3.353,0,0,0
101,2016,249,800,12.06,4841,90.901,.017,32.43,80.327,91.891,81.161
101,2016,249,900,12.05,4841,646.17,.25,94.6,564.84,617.54,583.8
101,2016,249,1000,12.06,4841,1596.7,.8,399.3,1385.6,1543.9,1446.6
101,2016,249,1100,12.05,4841,2452.3,1,594.4,2065.1,2329.9,2202.2
101,2016,249,1200,12.04,4841,3051,1,633.6,2539.4,2888.1,2766.2
101,2016,249,1300,12.05,4841,3150.8,1,570.1,2628.9,2968.4,2868.8
101,2016,249,1400,12.11,4841,3323.8,.95,534.2,2726.5,3075.7,2995.7
101,2016,249,1500,12.03,4841,2401.5,.633,362.2,1937.3,2173.5,2127.9
101,2016,249,1600,11.99,4841,2445.5,.833,476.4,1981.9,2193,2175.9
101,2016,249,1700,11.91,4841,1971.7,1,570,1525.2,1690.8,1694.8
101,2016,249,1800,11.86,4841,1093.6,1,411.2,802.37,892.68,906.52
101,2016,249,1900,11.86,4841,365.44,.616,179.9,247.91,275.44,277.96
101,2016,249,2000,11.96,4841,7.0123,0,3.677,5.4531,6.6347,4.6858
101,2016,249,2100,11.89,4841,0,0,3.353,0,0,0
101,2016,249,2200,11.98,4841,0,0,3.353,0,0,0
101,2016,249,2300,11.95,4841,0,0,3.353,0,0,0
101,2016,249,2400,11.91,4841,0,0,3.353,0,0,0
102,2016,249,2400,11.86,4841,22596,9.1,204.1,18491,20748,20132
101,2016,250,100,11.87,4841,0,0,3.353,0,0,0
101,2016,250,200,11.99,4841,0,0,3.353,0,0,0
101,2016,250,300,11.94,4841,0,0,3.353,0,0,0
101,2016,250,400,12.04,4841,0,0,3.353,0,0,0
101,2016,250,500,12.06,4841,0,0,3.353,0,0,0
101,2016,250,600,12.12,4841,0,0,3.353,0,0,0
101,2016,250,700,12.16,4841,.16796,0,3.353,.19103,.2698,.09835
101,2016,250,800,12.07,4841,100.74,0,10.57,92.05,98.833,94.952
101,2016,250,900,12.05,4841,786.84,.483,190.9,686.96,768.33,705.06
101,2016,250,1000,12.08,4841,1530.6,.716,359.2,1332.4,1481.6,1382.4
101,2016,250,1100,12.07,4841,2430,1,541.1,2073.5,2323.6,2199.4
101,2016,250,1200,12.02,4841,2576.8,.733,478.4,2195.6,2460.9,2361.1
101,2016,250,1300,12,4841,3038.9,.783,458.5,2533.8,2860.9,2780.1
101,2016,250,1400,12.01,4841,3250.7,.883,503.6,2678.1,3004.4,2923.3
101,2016,250,1500,12.03,4841,3274.7,1,657.2,2675,2983.9,2929.2
101,2016,250,1600,11.99,4841,2783.8,1,684.4,2232.4,2469.3,2448.7
101,2016,250,1700,12.03,4841,2112.6,1,661.7,1616,1796.3,1802
101,2016,250,1800,12.07,4841,1204.9,.883,454.9,869.89,973.95,982.6
101,2016,250,1900,12.02,4841,191.4,.167,75.8,137.19,151.89,146.45
101,2016,250,2000,12.08,4841,2.8913,0,3.353,2.0058,3.0169,1.5385
101,2016,250,2100,12.1,4841,0,0,3.353,0,0,0
101,2016,250,2200,12.16,4841,0,0,3.353,0,0,0
101,2016,250,2300,12.13,4841,0,0,3.353,0,0,0
101,2016,250,2400,12.12,4841,0,0,3.353,0,0,0
102,2016,250,2400,11.87,4841,23285,8.65,213.2,19125,21377,20757
101,2016,251,100,12.06,4841,0,0,3.353,0,0,0
101,2016,251,200,12.08,4841,0,0,3.353,0,0,0
101,2016,251,300,12.06,4841,0,0,3.353,0,0,0
101,2016,251,400,12.17,4841,0,0,3.353,0,0,0
101,2016,251,500,12.18,4841,0,0,3.353,0,0,0
101,2016,251,600,12.16,4841,0,0,3.353,0,0,0
101,2016,251,700,12.16,4841,.012,0,3.353,0,.04905,0
101,2016,251,800,12.16,4841,149,.133,38.15,121.5,140.68,127.68
101,2016,251,900,12.13,4841,691.14,.35,118.1,614.96,674.2,638.26
101,2016,251,1000,12.1,4841,1356.1,.616,231.7,1180.8,1298.6,1231.1
101,2016,251,1100,12.1,4841,1337.5,.45,178.1,1181.2,1289.4,1247.8
101,2016,251,1200,12.12,4841,2479.6,.866,405.7,2110.4,2352.8,2279.3
101,2016,251,1300,12.11,4841,2848.4,.833,418.9,2354.3,2658.3,2583.3
101,2016,251,1400,11.96,4841,3200.3,.833,434.7,2690.7,2998.4,2921.6
101,2016,251,1500,12.16,4841,2396.1,.633,345.3,1987,2203.6,2173.5
101,2016,251,1600,12.15,4841,1018.5,.167,90.7,910.74,971.84,960.17
101,2016,251,1700,11.94,4841,422.43,0,22.46,391.28,410.14,401.06
101,2016,251,1800,11.94,4841,799.2,.7,311.3,599.94,658.18,669.92
101,2016,251,1900,12.04,4841,246.61,.167,54.76,186.79,209.58,201.58
101,2016,251,2000,12.04,4841,3.7191,0,3.353,2.4747,3.7282,2.1006
101,2016,251,2100,12.03,4841,0,0,3.353,0,0,0
101,2016,251,2200,12,4841,0,0,3.353,0,0,0
101,2016,251,2300,12.01,4841,0,0,3.353,0,0,0
101,2016,251,2400,12.05,4841,0,0,3.353,0,0,0
102,2016,251,2400,11.94,4841,16949,5.748,112.1,14332,15870,15437
101,2016,252,100,12.02,4841,0,0,3.353,0,0,0
101,2016,252,200,12.08,4841,0,0,3.353,0,0,0
101,2016,252,300,12.07,4841,0,0,3.353,0,0,0
101,2016,252,400,12.1,4841,0,0,3.353,0,0,0
101,2016,252,500,12.11,4841,0,0,3.353,0,0,0
101,2016,252,600,12.06,4841,0,0,3.353,0,0,0
101,2016,252,700,12.12,4841,0,0,3.353,0,.02453,0
101,2016,252,800,12.08,4841,70.627,0,3.353,59.567,65.414,61.583
101,2016,252,900,12.08,4841,147.99,0,3.353,134.08,140.47,137.01
101,2016,252,1000,12.07,4841,465.17,0,5.264,411.13,442.45,432.24
101,2016,252,1100,12.04,4841,1038.4,0,3.744,925.67,994.52,978.96
101,2016,252,1200,12.1,4841,1139.5,0,3.431,996.39,1074.3,1050.6
101,2016,252,1300,12.09,4841,1650.9,.05,31.33,1416.4,1548.4,1515
101,2016,252,1400,12.1,4841,360.8,0,9.3,297.3,326.89,316.26
101,2016,252,1500,12.1,4841,123.71,0,3.643,96.652,110.42,106.32
101,2016,252,1600,12.09,4841,80.362,0,3.353,76.681,79.554,78.646
101,2016,252,1700,12.08,4841,280.87,0,3.353,248.09,267.89,267.48
101,2016,252,1800,12.07,4841,277.11,0,3.454,247.31,265.21,262.72
101,2016,252,1900,12.06,4841,96.108,0,3.951,88.299,94.172,94.881
101,2016,252,2000,12.03,4841,1.5896,0,3.353,.8249,1.3735,1.2153
101,2016,252,2100,12.04,4841,0,0,3.353,0,0,0
101,2016,252,2200,12.08,4841,0,0,3.353,0,0,0
101,2016,252,2300,12.07,4841,0,0,3.353,0,0,0
101,2016,252,2400,12.05,4841,0,0,3.353,0,0,0
102,2016,252,2400,12.02,4841,5733.1,.05,4.907,4998.4,5411.1,5302.8
101,2016,253,100,12.04,4841,0,0,3.353,0,0,0
101,2016,253,200,12.08,4841,0,0,3.353,0,0,0
101,2016,253,300,12.06,4841,0,0,3.353,0,0,0
101,2016,253,400,12.04,4841,0,0,3.353,0,0,0
101,2016,253,500,12.06,4841,0,0,3.353,0,0,0
101,2016,253,600,12.03,4841,0,0,3.353,0,0,0
101,2016,253,700,12.05,4841,.012,0,3.353,.01737,.17169,0
101,2016,253,800,12.08,4841,108.47,.083,38.15,100.9,114.12,100.11
101,2016,253,900,12.07,4841,1008.4,1,428.9,912.61,1026.7,920.11
101,2016,253,1000,12.06,4841,1829.1,1,564.2,1611.4,1804.2,1676
101,2016,253,1100,12.09,4841,2583.4,1,570.7,2216.3,2477.1,2355.2
101,2016,253,1200,12.04,4841,3064.3,.983,577.4,2601.7,2939.1,2822.4
101,2016,253,1300,12.08,4841,3537.9,.983,607.6,2954.9,3353.6,3238
101,2016,253,1400,12.07,4841,2844.9,.65,356.3,2421.4,2675,2609.7
101,2016,253,1500,12.08,4841,2964.1,.816,465.6,2454.3,2724.2,2677
101,2016,253,1600,12.07,4841,2780.5,1,680.8,2243,2468,2450.8
101,2016,253,1700,12.05,4841,2048.8,1,650,1589.5,1756.4,1764.2
101,2016,253,1800,12.06,4841,1033.5,.866,429.8,759.01,841.77,853.8
101,2016,253,1900,12.05,4841,201.02,.167,81.6,146.1,162.56,158.71
101,2016,253,2000,12.09,4841,1.6736,0,3.353,.92042,1.6679,.44961
101,2016,253,2100,12.06,4841,0,0,3.353,0,0,0
101,2016,253,2200,12.06,4841,0,0,3.353,0,0,0
101,2016,253,2300,12.09,4841,0,0,3.353,0,0,0
101,2016,253,2400,12.11,4841,0,0,3.353,0,0,0
102,2016,253,2400,12.03,4841,24006,9.55,228.8,20012,22345,21626
101,2016,254,100,12.1,4841,0,0,3.353,0,0,0
101,2016,254,200,12.1,4841,0,0,3.353,0,0,0
101,2016,254,300,12.1,4841,0,0,3.353,0,0,0
101,2016,254,400,12.1,4841,0,0,3.353,0,0,0
101,2016,254,500,12.08,4841,0,0,3.353,0,0,0
101,2016,254,600,12.1,4841,0,0,3.353,0,0,0
101,2016,254,700,12.1,4841,0,0,3.353,0,.07358,0
101,2016,254,800,12.06,4841,94.715,0,18.63,87.265,95.962,84.252
101,2016,254,900,12.06,4841,487.38,.067,36.14,434.91,468.1,449.8
101,2016,254,1000,12.01,4841,2027.2,1,548.2,1794.9,1989.9,1868
101,2016,254,1100,11.98,4841,2628.1,1,618,2241.1,2514.2,2387.8
101,2016,254,1200,12.08,4841,3102.2,1,619.5,2630.4,2974.1,2860.2
101,2016,254,1300,12.04,4841,2940,.766,494.1,2473,2783.5,2686.8
101,2016,254,1400,12,4841,2710.8,.55,279.8,2323.2,2561.6,2496.6
101,2016,254,1500,12.02,4841,2311.9,.5,256.5,1983.1,2161.5,2131.5
101,2016,254,1600,12.04,4841,2139.4,.65,364.4,1770.4,1938.5,1926.8
101,2016,254,1700,12.08,4841,1590.4,.7,305.9,1306.4,1423.9,1417
101,2016,254,1800,12.06,4841,705.33,.716,238.6,552.56,601.14,603.32
101,2016,254,1900,12.04,4841,151.82,.183,49.52,119.36,130.46,124.61
101,2016,254,2000,12.1,4841,2.0935,0,3.386,1.2504,1.9009,.9203
101,2016,254,2100,12.1,4841,0,0,3.353,0,0,0
101,2016,254,2200,12.06,4841,0,0,3.353,0,0,0
101,2016,254,2300,12.02,4841,0,0,3.353,0,0,0
101,2016,254,2400,12.04,4841,0,0,3.353,0,0,0
102,2016,254,2400,11.98,4841,20891,7.13,161.2,17718,19645,19038
101,2016,255,100,12.01,4841,0,0,3.353,0,0,0
101,2016,255,200,12.04,4841,0,0,3.353,0,0,0
101,2016,255,300,12.11,4841,0,0,3.353,0,0,0
101,2016,255,400,12.11,4841,0,0,3.353,0,0,0
101,2016,255,500,12.02,4841,0,0,3.353,0,0,0
101,2016,255,600,12.07,4841,0,0,3.353,0,0,0
101,2016,255,700,12.11,4841,0,0,3.353,.01737,.09811,.00703
101,2016,255,800,12.16,4841,121.76,0,6.271,104.08,113.54,107.98
101,2016,255,900,12.08,4841,622.98,.3,92.3,551.33,596.85,565.83
101,2016,255,1000,12.06,4841,1914.3,1,543.4,1673.7,1869.7,1744.2
101,2016,255,1100,12.08,4841,2622,1,651,2258.7,2524,2393.2
101,2016,255,1200,12.09,4841,2394.1,.666,455.4,2063,2302.6,2210.5
101,2016,255,1300,12.04,4841,1846.8,.383,219.9,1569.6,1741,1687.9
101,2016,255,1400,12.1,4841,1418.2,.183,82.5,1200.5,1311.2,1280.8
101,2016,255,1500,12.07,4841,2318.6,.55,274.3,1957.5,2140.4,2113.9
101,2016,255,1600,12.14,4841,1633.2,.383,203.1,1355.7,1482.8,1466.7
101,2016,255,1700,12.17,4841,1323.1,.45,279.4,1096.5,1189.8,1186.7
101,2016,255,1800,12.16,4841,242.11,0,18.26,198.6,218.62,211.19
101,2016,255,1900,12.2,4841,159.54,0,26.43,119.11,132.57,125.16
101,2016,255,2000,12.08,4841,4.157,0,3.521,2.9176,3.8017,2.3183
101,2016,255,2100,12.18,4841,0,0,3.353,0,0,0
101,2016,255,2200,12.2,4841,0,0,3.353,0,0,0
101,2016,255,2300,12.2,4841,0,0,3.353,0,0,0
101,2016,255,2400,12.22,4841,0,0,3.353,0,0,0
102,2016,255,2400,12.01,4841,16621,4.915,120.5,14151,15627,15096
101,2016,256,100,12.22,4841,0,0,3.353,0,0,0
101,2016,256,200,12.22,4841,0,0,3.353,0,0,0
101,2016,256,300,12.2,4841,0,0,3.353,0,0,0
101,2016,256,400,12.2,4841,0,0,3.353,0,0,0
101,2016,256,500,12.2,4841,0,0,3.353,0,0,0
101,2016,256,600,12.2,4841,0,0,3.353,0,0,0
101,2016,256,700,12.21,4841,.02999,0,3.353,.03473,.1349,0
101,2016,256,800,12.21,4841,220.67,.183,66.43,199.76,220.55,203.18
101,2016,256,900,12.21,4841,442.09,0,3.521,374.26,406.96,395
101,2016,256,1000,12.18,4841,1604.9,.55,278.3,1448.9,1573.8,1500.9
101,2016,256,1100,12.18,4841,2291.8,.9,436.8,2004.2,2214.2,2122.5
101,2016,256,1200,12.2,4841,2044.6,.45,232.2,1724.3,1925,1852.4
101,2016,256,1300,12.21,4841,726.5,0,29.5,656.29,703.86,691.35
101,2016,256,1400,12.21,4841,1567.5,.017,14.45,1404.5,1507.1,1478.4
101,2016,256,1500,12.21,4841,1701.9,.15,52.5,1477.5,1594.8,1569.3
101,2016,256,1600,12.22,4841,1685,.417,218.8,1425.8,1551.1,1539.1
101,2016,256,1700,12.22,4841,1713.4,.683,384.4,1400.3,1520.9,1520.7
101,2016,256,1800,12.22,4841,521.34,.017,48.87,465.28,493,488.61
101,2016,256,1900,12.22,4841,134.82,0,13.57,116.78,126.48,119.17
101,2016,256,2000,12.21,4841,2.2974,0,3.353,1.5369,2.1829,1.117
101,2016,256,2100,12.21,4841,0,0,3.353,0,0,0
101,2016,256,2200,12.21,4841,0,0,3.353,0,0,0
101,2016,256,2300,12.2,4841,0,0,3.353,0,0,0
101,2016,256,2400,12.2,4841,0,0,3.353,0,0,0
102,2016,256,2400,12.18,4841,14657,3.365,75.8,12699,13840,13482
101,2016,257,100,12.2,4841,0,0,3.353,0,0,0
101,2016,257,200,12.2,4841,0,0,3.353,0,0,0
101,2016,257,300,12.19,4841,0,0,3.353,0,0,0
101,2016,257,400,12.18,4841,0,0,3.353,0,0,0
101,2016,257,500,12.19,4841,0,0,3.353,0,0,0
101,2016,257,600,12.2,4841,0,0,3.353,0,0,0
101,2016,257,700,12.19,4841,0,0,3.353,0,.03679,0
101,2016,257,800,12.19,4841,165.04,.15,47.27,155.68,169.33,156.98
101,2016,257,900,12.17,4841,1034,.683,317.1,935.65,1033.6,953.18
101,2016,257,1000,12.07,4841,1955.8,1,587.8,1722.5,1922.6,1788.3
101,2016,257,1100,12.18,4841,2677.8,1,667.7,2319.6,2587.8,2461.9
101,2016,257,1200,12.18,4841,3176.1,1,670.1,2691.6,3048.6,2933.1
101,2016,257,1300,12.2,4841,3602.4,.983,640.1,3061.6,3453.6,3353.6
101,2016,257,1400,12.2,4841,2488,.516,283,2165.4,2370.8,2313
101,2016,257,1500,12.2,4841,1234.5,.167,97.8,1068.3,1155.9,1137
101,2016,257,1600,12.2,4841,845.06,.083,67.97,727.51,789.08,772.59
101,2016,257,1700,12.22,4841,626.52,0,3.509,554.22,598.27,585.93
101,2016,257,1800,12.22,4841,570.83,0,4.258,483.07,527.27,514.1
101,2016,257,1900,12.22,4841,242.78,0,24.5,205.89,219.51,213.04
101,2016,257,2000,12.22,4841,11.355,0,4.124,7.5718,9.627,7.3835
101,2016,257,2100,12.2,4841,0,0,3.353,0,0,0
101,2016,257,2200,12.2,4841,0,0,3.353,0,0,0
101,2016,257,2300,12.2,4841,0,0,3.353,0,0,0
101,2016,257,2400,12.2,4841,0,0,3.353,0,0,0
102,2016,257,2400,12.07,4841,18630,5.581,143.8,16099,17886,17190
101,2016,258,100,12.2,4841,0,0,3.353,0,0,0
101,2016,258,200,12.2,4841,0,0,3.353,0,0,0
101,2016,258,300,12.2,4841,0,0,3.353,0,0,0
101,2016,258,400,12.2,4841,0,0,3.353,0,0,0
101,2016,258,500,12.2,4841,0,0,3.353,0,0,0
101,2016,258,600,12.2,4841,0,0,3.353,0,0,0
101,2016,258,700,12.19,4841,.13197,0,3.353,.06078,.2698,0
101,2016,258,800,12.19,4841,191.32,.383,97.3,183.43,204.32,182.61
101,2016,258,900,12.18,4841,972.29,1,390.7,885.66,984.81,895.08
101,2016,258,1000,12.18,4841,771.47,.017,36.43,651.36,716,688.46
101,2016,258,1100,12.14,4841,1345.9,0,18.77,1153.9,1259.4,1226.6
101,2016,258,1200,12.16,4841,2427.9,.566,222.6,2056.4,2290.8,2226.4
101,2016,258,1300,12.18,4841,3616.1,1,469.7,3068.7,3438.6,3353
101,2016,258,1400,12.18,4841,3431,.933,501.6,2938.6,3232.8,3185.3
101,2016,258,1500,12.18,4841,3330.9,1,589.6,2806.2,3078.1,3048.8
101,2016,258,1600,12.18,4841,2177.1,.883,406.5,1806.3,1962.9,1954.3
101,2016,258,1700,12.18,4841,1200.4,.533,154.7,1004.2,1088.1,1075.6
101,2016,258,1800,12.18,4841,895.43,.716,162.8,743.3,798.27,792.83
101,2016,258,1900,12.18,4841,292.65,.133,44.63,232.49,254.3,247.13
101,2016,258,2000,12.18,4841,2.0275,0,3.353,1.2243,2.0113,1.0678
101,2016,258,2100,12.19,4841,0,0,3.353,0,0,0
101,2016,258,2200,12.2,4841,0,0,3.353,0,0,0
101,2016,258,2300,12.2,4841,0,0,3.353,0,0,0
101,2016,258,2400,12.19,4841,0,0,3.353,0,0,0
102,2016,258,2400,12.14,4841,20655,7.16,130.6,17532,19311,18877
101,2016,259,100,12.18,4841,0,0,3.353,0,0,0
101,2016,259,200,12.1,4841,0,0,3.353,0,0,0
101,2016,259,300,12.12,4841,0,0,3.353,0,0,0
101,2016,259,400,12.1,4841,0,0,3.353,0,0,0
101,2016,259,500,12.18,4841,0,0,3.353,0,0,0
101,2016,259,600,12.2,4841,0,0,3.353,0,0,0
101,2016,259,700,12.2,4841,.14396,0,3.353,.24313,.30659,0
101,2016,259,800,12.19,4841,221.91,.5,145.4,213.47,242.45,203.86
101,2016,259,900,12.18,4841,925.77,.733,325.7,844.64,934.35,859.66
101,2016,259,1000,12.18,4841,1438.5,.533,154.5,1273.4,1386.1,1333.3
101,2016,259,1100,12.18,4841,2073.1,.866,393,1800.2,1987.9,1895.4
101,2016,259,1200,12.18,4841,2131.2,.583,332.3,1845.6,2063.3,1992.9
101,2016,259,1300,12.18,4841,2922.6,.8,418.4,2500.6,2793.4,2704
101,2016,259,1400,12.18,4841,2927.6,.7,373,2493.6,2756.1,2678.6
101,2016,259,1500,12.18,4841,2680.2,.733,465.2,2242.9,2463.3,2422
101,2016,259,1600,12.18,4841,2626.6,.966,670.6,2153.8,2349.4,2328.5
101,2016,259,1700,12.17,4841,2073.2,1,650.8,1644.7,1803.6,1805.9
101,2016,259,1800,12.17,4841,1025.7,.95,439.5,787.31,857.04,876.89
101,2016,259,1900,12.17,4841,282.64,.4,132.6,199.75,216.44,220.29
101,2016,259,2000,12.17,4841,2.4714,0,3.353,1.2851,2.0971,1.0327
101,2016,259,2100,12.17,4841,0,0,3.353,0,0,0
101,2016,259,2200,12.18,4841,0,0,3.353,0,0,0
101,2016,259,2300,12.17,4841,.018,0,3.353,0,0,0
101,2016,259,2400,12.17,4841,0,0,3.353,0,0,0
102,2016,259,2400,12.1,4841,21332,8.76,189.2,18002,19856,19322
101,2016,260,100,12.17,4841,0,0,3.353,0,0,0
101,2016,260,200,12.17,4841,0,0,3.353,0,0,0
101,2016,260,300,12.16,4841,0,0,3.353,0,0,0
101,2016,260,400,12.15,4841,0,0,3.353,0,0,0
101,2016,260,500,12.16,4841,0,0,3.353,0,0,0
101,2016,260,600,12.16,4841,0,0,3.353,0,0,0
101,2016,260,700,12.16,4841,.10197,0,3.353,.06947,.12264,.01405
101,2016,260,800,12.16,4841,133.3,0,3.822,117.39,126.08,121.54
101,2016,260,900,12.16,4841,418.33,0,23.1,389.89,411.24,397.76
101,2016,260,1000,12.15,4841,957.46,.083,46.28,852.1,918.32,892.44
101,2016,260,1100,12.12,4841,2121.6,.633,236.4,1857.9,2033.3,1967.6
101,2016,260,1200,12.16,4841,2268.8,.816,209.8,1963.9,2166.5,2103
101,2016,260,1300,12.13,4841,970.72,.017,20.27,783.85,876.38,849.88
101,2016,260,1400,12.13,4841,1003.7,.1,63.52,825.82,918.79,893.69
101,2016,260,1500,12.15,4841,182.42,0,7.53,163.53,172.88,174.67
101,2016,260,1600,12.16,4841,66.32,0,3.364,54.557,59.761,58.808
101,2016,260,1700,12.16,4841,589.14,0,3.632,489.59,539.97,530.65
101,2016,260,1800,12.17,4841,684.8,0,25.18,591.14,636.06,629.54
101,2016,260,1900,12.14,4841,181.74,0,8.14,159.05,168.65,161.94
101,2016,260,2000,12.14,4841,3.5512,0,3.353,2.605,3.3848,2.4377
101,2016,260,2100,12.14,4841,0,0,3.353,0,0,0
101,2016,260,2200,12.14,4841,0,0,3.353,0,0,0
101,2016,260,2300,12.14,4841,0,0,3.353,0,0,0
101,2016,260,2400,12.14,4841,0,0,3.353,0,0,0
102,2016,260,2400,12.12,4841,9581.9,1.649,28.8,8251.4,9031.5,8783.9
101,2016,261,100,12.13,4841,0,0,3.353,0,0,0
101,2016,261,200,12.13,4841,0,0,3.353,0,0,0
101,2016,261,300,12.13,4841,0,0,3.353,0,0,0
101,2016,261,400,12.13,4841,0,0,3.353,0,0,0
101,2016,261,500,12.12,4841,0,0,3.353,0,0,0
101,2016,261,600,12.12,4841,0,0,3.353,0,0,0
101,2016,261,700,12.13,4841,0,0,3.353,0,0,0
101,2016,261,800,12.13,4841,20.125,0,3.353,17.418,18.947,17.324
101,2016,261,900,12.12,4841,358.87,.083,28.33,335.56,354.75,344.22
101,2016,261,1000,12.11,4841,1844.2,1,434.2,1658.3,1811.6,1715.5
101,2016,261,1100,12.06,4841,2188.1,.833,269.3,1959.3,2125.4,2051.3
101,2016,261,1200,12.1,4841,2661.2,.816,360.3,2271.8,2533.1,2455.9
101,2016,261,1300,12.09,4841,3278.8,.883,576.6,2806.3,3147.2,3057.5
101,2016,261,1400,12.12,4841,3138.7,.833,462.2,2693.5,2962.1,2896.7
101,2016,261,1500,12.12,4841,1561.4,.333,155.8,1335.8,1434.9,1410.9
101,2016,261,1600,12.12,4841,2370.2,.816,541.1,1978.9,2128.9,2121.2
101,2016,261,1700,12.13,4841,1780.8,.733,435.8,1494,1606.8,1609.3
101,2016,261,1800,12.13,4841,1274.2,.9,341.3,1023.8,1110.8,1104.9
101,2016,261,1900,12.14,4841,77.063,0,5.398,58.412,66.285,65.039
101,2016,261,2000,12.14,4841,3.2152,0,3.353,3.3257,6.5979,5.7887
101,2016,261,2100,12.14,4841,0,0,3.353,0,1.8886,.13348
101,2016,261,2200,12.13,4841,0,0,3.353,0,1.2386,0
101,2016,261,2300,12.13,4841,0,0,3.353,0,.02453,0
101,2016,261,2400,12.12,4841,0,0,3.353,0,0,0
102,2016,261,2400,12.06,4841,20557,7.23,152.3,17636,19311,18856
101,2016,262,100,12.06,4841,0,0,3.353,0,0,0
101,2016,262,200,12.11,4841,0,0,3.353,0,0,0
101,2016,262,300,12.11,4841,0,0,3.353,0,0,0
101,2016,262,400,12.1,4841,0,0,3.353,0,0,0
101,2016,262,500,12.12,4841,0,0,3.353,0,0,0
101,2016,262,600,12.09,4841,0,0,3.353,0,0,0
101,2016,262,700,12.12,4841,.09598,0,3.353,.08683,.22074,0
101,2016,262,800,12.12,4841,219.99,.566,137.9,224.09,247.28,216.88
101,2016,262,900,12.12,4841,1048.9,1,457.9,990.38,1085.7,988.56
101,2016,262,1000,12.12,4841,1951.5,1,594.9,1759.7,1944.8,1816.3
101,2016,262,1100,12.1,4841,2700.6,1,645,2367.2,2620.7,2500.8
101,2016,262,1200,12.09,4841,3325.8,1,696.6,2855.3,3219.2,3099.8
101,2016,262,1300,12.08,4841,3396.9,.866,559.9,2914.6,3261.2,3164.2
101,2016,262,1400,12.09,4841,2762.6,.55,345.6,2417.5,2634.3,2575.3
101,2016,262,1500,12.09,4841,1500,.267,182.9,1297.5,1410.2,1382.5
101,2016,262,1600,12.08,4841,188.67,0,3.353,143.46,164.04,153.3
101,2016,262,1700,12.08,4841,258.79,0,7.02,253.28,262.81,262
101,2016,262,1800,12,4841,294.62,0,9.57,259.8,277.54,270.12
101,2016,262,1900,12.06,4841,96.835,0,11.55,75.857,86.324,77.439
101,2016,262,2000,12.08,4841,1.2417,0,3.353,.65992,1.2632,.30911
101,2016,262,2100,12.07,4841,0,0,3.353,0,0,0
101,2016,262,2200,12.09,4841,0,0,3.353,0,0,0
101,2016,262,2300,12.09,4841,0,0,3.353,0,0,0
101,2016,262,2400,12.1,4841,0,0,3.353,0,0,0
102,2016,262,2400,12,4841,17746,6.248,153.8,15559,17216,16508
101,2016,263,100,12.1,4841,0,0,3.353,0,0,0
101,2016,263,200,12.1,4841,0,0,3.353,0,0,0
101,2016,263,300,12.1,4841,0,0,3.353,0,0,0
101,2016,263,400,12.1,4841,0,0,3.353,0,0,0
101,2016,263,500,12.1,4841,0,0,3.353,0,0,0
101,2016,263,600,12.11,4841,0,0,3.353,0,0,0
101,2016,263,700,12.11,4841,0,0,3.353,.23444,.19622,0
101,2016,263,800,12.1,4841,71.166,0,8.3,59.592,66.297,59.207
101,2016,263,900,12.11,4841,396.76,0,13.02,341.65,370.63,357.72
101,2016,263,1000,12.11,4841,414.33,0,7.13,354.72,382.03,371.87
101,2016,263,1100,12.14,4841,148.96,0,3.353,127.88,138.58,135.94
101,2016,263,1200,12.13,4841,89.059,0,3.353,79.798,84.938,84.589
101,2016,263,1300,12.1,4841,164,0,3.353,137.32,150.71,149.58
101,2016,263,1400,12.1,4841,595.53,0,3.353,520.63,560.85,557.86
101,2016,263,1500,12.1,4841,873.43,0,3.353,769.46,823.08,821.87
101,2016,263,1600,12.11,4841,1519.2,.417,84.4,1286.6,1395.1,1387
101,2016,263,1700,12.12,4841,876.08,.117,37.14,747.72,806.75,792.48
101,2016,263,1800,12.11,4841,454.3,0,3.353,384.72,421.69,406.14
101,2016,263,1900,12.1,4841,106.89,0,3.353,87.864,99.801,92.619
101,2016,263,2000,12.1,4841,.99574,0,3.353,.5123,1.0301,.54093
101,2016,263,2100,12.08,4841,0,0,3.353,0,0,0
101,2016,263,2200,12.09,4841,0,0,3.353,0,0,0
101,2016,263,2300,12.09,4841,0,0,3.353,0,0,0
101,2016,263,2400,12.08,4841,0,0,3.353,0,0,0
102,2016,263,2400,12.08,4841,5710.7,.533,8.9,4898.7,5301.7,5217.5
101,2016,264,100,12.08,4841,0,0,3.353,0,0,0
101,2016,264,200,12.07,4841,0,0,3.353,0,0,0
101,2016,264,300,12.06,4841,0,0,3.353,0,0,0
101,2016,264,400,12.01,4841,0,0,3.353,0,0,0
101,2016,264,500,12.06,4841,0,0,3.353,0,0,0
101,2016,264,600,12.08,4841,0,0,3.353,0,0,0
101,2016,264,700,12.07,4841,.70781,0,3.353,.65991,.82165,.281
101,2016,264,800,12.03,4841,206.43,0,26.07,194.54,208.33,189.41
101,2016,264,900,12.04,4841,1062.8,.866,362.8,1040.6,1120.8,1025
101,2016,264,1000,12.1,4841,1912.6,1,575.7,1751.7,1917.5,1794.3
101,2016,264,1100,12.09,4841,2569,1,626.6,2278.5,2514,2396.7
101,2016,264,1200,12.1,4841,3192.7,1,671.2,2773.7,3115.9,3000.1
101,2016,264,1300,12.1,4841,3222,.85,559.6,2772.1,3111.3,3017.4
101,2016,264,1400,12.1,4841,3468,.983,622.8,2997.7,3305.3,3229.3
101,2016,264,1500,12.1,4841,2878.9,.8,529.8,2453.3,2669.7,2642.4
101,2016,264,1600,12.1,4841,2620.7,.933,686.7,2204.1,2375.6,2380.7
101,2016,264,1700,12.1,4841,2077.7,1,708,1696.3,1829.7,1850.5
101,2016,264,1800,12.11,4841,1171.4,1,542.1,920.58,983,1015.5
101,2016,264,1900,12.11,4841,314.41,.466,177,226.51,242.34,245.08
101,2016,264,2000,12.1,4841,2.9273,0,3.465,1.8061,2.6367,1.405
101,2016,264,2100,12.1,4841,0,0,3.353,0,0,0
101,2016,264,2200,12.1,4841,0,0,3.353,0,0,0
101,2016,264,2300,12.1,4841,0,0,3.353,0,0,0
101,2016,264,2400,12.09,4841,0,0,3.353,0,0,0
102,2016,264,2400,12.01,4841,24700,9.9,255.4,21312,23397,22788
101,2016,265,100,12.09,4841,0,0,3.353,0,0,0
101,2016,265,200,12.08,4841,0,0,3.353,0,0,0
101,2016,265,300,12.02,4841,0,0,3.353,0,0,0
101,2016,265,400,12.06,4841,0,0,3.353,0,0,0
101,2016,265,500,12.1,4841,0,0,3.353,0,0,0
101,2016,265,600,12.1,4841,0,0,3.353,0,0,0
101,2016,265,700,12.1,4841,.23994,0,3.353,.39074,.52733,0
101,2016,265,800,12.1,4841,198.73,.417,113,206.76,224.54,199.19
101,2016,265,900,12.1,4841,953.91,1,394,915.12,998.79,899.97
101,2016,265,1000,12.1,4841,1801.1,.916,516.3,1651.8,1800.8,1689.2
101,2016,265,1100,12.1,4841,1925.8,.716,350.5,1739.5,1900.5,1828
101,2016,265,1200,12.1,4841,2780.4,.733,417.7,2400.4,2646.2,2552.1
101,2016,265,1300,12.1,4841,2633.1,.65,368,2301,2546,2471.4
101,2016,265,1400,12.1,4841,2774.7,.633,386.4,2396,2617.2,2562.8
101,2016,265,1500,12.1,4841,2936.1,.75,494.2,2533.8,2744,2707.6