,0,0,-.176
102,2014,7,2200,13.3,0,0,-.187
102,2014,7,2300,13.3,0,0,-.204
101,2014,7,2400,13.3,24780,0
102,2014,7,2400,13.3,0,0,-.193
102,2014,8,100,13.3,0,0,-.22
102,2014,8,200,13.3,0,0,-.237
102,2014,8,300,13.06,0,0,-1.001
102,2014,8,400,12.49,.20561,0,-2.46
102,2014,8,500,12.48,0,0,-2.835
102,2014,8,600,12.48,.12483,0,-.672
102,2014,8,700,12.49,.35246,0,-.881
102,2014,8,800,12.48,71.577,0,-.231
102,2014,8,900,12.49,495.8,0,-.253
102,2014,8,1000,12.48,793.59,0,-.264
102,2014,8,1100,12.48,1490.3,0,-.286
102,2014,8,1200,12.49,2241.7,0,-.319
102,2014,8,1300,13.27,3049.1,0,-.226
102,2014,8,1400,13.33,3143.3,0,-.253
102,2014,8,1500,13.33,2926,0,-.248
102,2014,8,1600,12.55,2420.7,0,-.198
102,2014,8,1700,12.52,1803.6,0,-.253
102,2014,8,1800,12.51,1056,0,-.264
102,2014,8,1900,12.53,208.03,0,-.781
102,2014,8,2000,12.52,3.2016,0,-.462
102,2014,8,2100,13.33,2.1809,0,-.27
102,2014,8,2200,13.33,1.263,0,-.215
102,2014,8,2300,13.33,.11749,0,-.237
101,2014,8,2400,12.48,19708,0
102,2014,8,2400,13.34,.6315,0,-.886
102,2014,9,100,13.35,0,0,-.539
102,2014,9,200,13.35,.35245,0,-.578
102,2014,9,300,13.35,.86644,0,-.297
102,2014,9,400,13.36,0,0,-.253
102,2014,9,500,13.36,0,0,-.264
102,2014,9,600,13.36,.24231,0,-.259
102,2014,9,700,13.36,0,0,-.259
102,2014,9,800,13.37,52.58,0,-.242
102,2014,9,900,13.21,482.49,0,-.231
102,2014,9,1000,12.52,1559.9,0,-.22
102,2014,9,1100,12.5,2484.7,0,-.237
102,2014,9,1200,13.36,3080.6,0,-.259
102,2014,9,1300,13.35,3146.3,0,-.176
102,2014,9,1400,13.35,1619.8,0,-.237
102,2014,9,1500,13.34,1451,0,-.209
102,2014,9,1600,13.34,520.67,0,-.215
102,2014,9,1700,13.34,67.673,0,-.33
102,2014,9,1800,13.35,116.12,0,-.583
102,2014,9,1900,13.36,83.921,0,-.204
102,2014,9,2000,13.36,7.3427,0,-.198
102,2014,9,2100,13.36,0,0,-.231
102,2014,9,2200,13.36,0,0,-.237
102,2014,9,2300,13.36,0,0,-.193
101,2014,9,2400,12.5,14675,.233
102,2014,9,2400,13.36,0,.233,78.6
102,2014,10,100,13.36,0,.067,96.4
102,2014,10,200,13.36,0,.2,62.51
102,2014,10,300,13.37,0,.233,71
102,2014,10,400,13.38,0,.15,106.6
102,2014,10,500,13.38,0,0,60.21
102,2014,10,600,13.39,0,0,-.556
102,2014,10,700,13.4,0,0,-1.139
102,2014,10,800,13.4,121.96,0,-.991
102,2014,10,900,13.4,814.94,0,-.264
102,2014,10,1000,13.39,1772,0,-.281
102,2014,10,1100,13.38,2530.9,0,-.347
102,2014,10,1200,13.37,3102.4,0,-.297
102,2014,10,1300,13.37,3267.5,.167,15.79
102,2014,10,1400,13.36,2288.2,.117,9.73
102,2014,10,1500,13.35,2554.9,0,-.209
102,2014,10,1600,13.35,2823.4,0,-.215
102,2014,10,1700,13.35,2082.4,0,-.226
102,2014,10,1800,13.34,1217.3,0,-.182
102,2014,10,1900,13.34,474.88,0,-.187
102,2014,10,2000,13.34,23.792,0,-.215
102,2014,10,2100,13.34,0,0,-.204
102,2014,10,2200,13.33,0,0,-2.323
102,2014,10,2300,13.33,0,0,-.941
101,2014,10,2400,13.33,23075,1.133
102,2014,10,2400,13.34,0,.2,83.9
102,2014,11,100,13.34,0,.333,140.3
102,2014,11,200,13.35,0,.233,203.4
102,2014,11,300,13.35,0,.283,298.8
102,2014,11,400,13.35,0,.333,289.5
102,2014,11,500,13.35,0,.1,399.6
102,2014,11,600,13.36,0,.067,471
102,2014,11,700,13.36,0,.417,524
102,2014,11,800,13.37,127.5,.417,488
102,2014,11,900,13.37,856.4,.367,215.2
102,2014,11,1000,13.37,1850.2,.417,148.4
102,2014,11,1100,13.36,2670.2,.417,109.2
102,2014,11,1200,13.36,3268,.35,99.1
102,2014,11,1300,13.35,3579.8,.317,93.9
102,2014,11,1400,13.35,3615.3,.217,90.8
102,2014,11,1500,13.34,3371.3,.217,91.9
102,2014,11,1600,13.33,2880.2,.317,93.3
102,2014,11,1700,13.33,2186.7,.25,104.4
102,2014,11,1800,13.33,1324,.283,136.4
102,2014,11,1900,13.33,426.84,.25,176.2
102,2014,11,2000,13.33,5.8967,.4,197.9
102,2014,11,2100,13.33,0,.4,178
102,2014,11,2200,13.33,0,.35,176.4
102,2014,11,2300,13.33,0,.317,196.2
101,2014,11,2400,13.33,26162,7.28
102,2014,11,2400,13.33,0,.233,224.1
102,2014,12,100,13.33,0,.383,323.4
102,2014,12,200,13.34,0,.283,319.6
102,2014,12,300,13.35,0,.333,313.3
102,2014,12,400,13.35,0,.3,278.6
102,2014,12,500,13.35,0,.383,231.1
102,2014,12,600,13.36,0,.35,226.7
102,2014,12,700,13.36,0,.183,240.4
102,2014,12,800,13.37,121.44,.3,315.9
102,2014,12,900,13.37,812.06,.333,222.6
102,2014,12,1000,13.36,1767.4,.466,188.3
102,2014,12,1100,13.35,2528,.283,166.4
102,2014,12,1200,13.35,2809.9,.333,174.5
102,2014,12,1300,13.34,3499.7,.4,180.9
102,2014,12,1400,13.34,3537.6,.283,185.4
102,2014,12,1500,12.49,3308.1,.067,153.2
102,2014,12,1600,12.49,2846.5,.283,179.6
102,2014,12,1700,13.33,1944.3,.4,222.5
102,2014,12,1800,13.33,1286.9,.483,231.1
102,2014,12,1900,13.33,412.07,.383,256.8
102,2014,12,2000,13.33,7.3947,.35,260.3
102,2014,12,2100,13.32,0,.35,244.1
102,2014,12,2200,13.32,0,.333,252.2
102,2014,12,2300,13.32,0,.45,238.9
101,2014,12,2400,12.49,24881,8.08
102,2014,12,2400,13.32,0,.367,231.9
102,2014,13,100,13.33,0,.367,235
102,2014,13,200,13.33,0,.367,259.8
102,2014,13,300,13.33,0,.317,356.2
102,2014,13,400,13.33,0,.433,356.1
102,2014,13,500,13.33,0,.267,356
102,2014,13,600,13.34,0,.466,382.9
102,2014,13,700,13.35,0,.333,478.7
102,2014,13,800,13.35,115,.217,517.5
102,2014,13,900,13.36,781.87,.4,341.3
102,2014,13,1000,13.36,1700.6,.417,233.3
102,2014,13,1100,13.35,2532.8,.433,176.6
102,2014,13,1200,13.35,3114.3,.35,191.6
102,2014,13,1300,13.34,3398.5,.417,211.4
102,2014,13,1400,13.33,3498.9,.267,208.2
102,2014,13,1500,13.33,3317.8,.35,210.7
102,2014,13,1600,13.33,2827.9,.367,216.6
102,2014,13,1700,13.32,2098.8,.383,249.5
102,2014,13,1800,13.32,1252,.533,283.9
102,2014,13,1900,13.32,427.95,.516,330.5
102,2014,13,2000,13.31,9.7509,.433,347.5
102,2014,13,2100,13.31,0,.283,304.4
102,2014,13,2200,13.31,0,.383,273.1
102,2014,13,2300,13.32,0,.367,252.2
101,2014,13,2400,13.31,25076,9.1
102,2014,13,2400,13.32,0,.433,261.7
102,2014,14,100,13.32,0,.417,268.2
102,2014,14,200,13.33,0,.25,294.8
102,2014,14,300,13.33,0,.217,320.3
102,2014,14,400,13.33,0,.167,356.5
102,2014,14,500,13.34,0,.45,327.7
102,2014,14,600,13.34,0,.55,287.7
102,2014,14,700,13.35,0,.483,289.5
102,2014,14,800,13.35,104.61,.3,289.8
102,2014,14,900,13.36,786.43,.533,286.1
102,2014,14,1000,13.35,1783.1,.433,271.9
102,2014,14,1100,13.35,2588.1,.35,237
102,2014,14,1200,13.35,3115.8,.333,242.4
102,2014,14,1300,13.34,3419,.383,244.2
102,2014,14,1400,13.33,3327.9,.433,253.8
102,2014,14,1500,13.33,3172.1,.4,268.6
102,2014,14,1600,13.33,2666.7,.483,272.2
102,2014,14,1700,13.32,2134.7,.483,296
102,2014,14,1800,13.32,1153.4,.45,327.8
102,2014,14,1900,13.32,217.69,.483,392.6
102,2014,14,2000,12.66,4.971,.55,387.7
102,2014,14,2100,13.32,0,.55,379.6
102,2014,14,2200,13.32,0,.45,383.8
102,2014,14,2300,13.32,0,.45,329.6
101,2014,14,2400,12.66,24474,10.15
102,2014,14,2400,13.32,0,.55,316.8
102,2014,15,100,13.32,0,.35,281.4
102,2014,15,200,13.32,0,.383,263.8
102,2014,15,300,13.32,0,.217,279.1
102,2014,15,400,13.29,0,.3,339.8
102,2014,15,500,12.48,0,0,304.9
102,2014,15,600,12.48,0,0,341.2
102,2014,15,700,12.48,0,0,342.8
102,2014,15,800,12.48,146.74,0,316.5
102,2014,15,900,12.48,875.44,.3,264
102,2014,15,1000,13.35,1753.7,.367,269.9
102,2014,15,1100,12.52,2478.6,.3,233.2
102,2014,15,1200,12.5,2959.1,0,207.7
102,2014,15,1300,12.5,3404.2,.117,227.6
102,2014,15,1400,13.33,3405.5,.383,267.4
102,2014,15,1500,13.33,3036.9,.583,298.6
102,2014,15,1600,13.32,2235.9,.516,323.1
102,2014,15,1700,13.32,1867.6,.5,335.5
102,2014,15,1800,13.31,716.09,.583,405.9
102,2014,15,1900,12.5,265.46,.417,326.5
102,2014,15,2000,12.49,6.1389,.3,254.6
102,2014,15,2100,12.49,0,.417,242.8
102,2014,15,2200,12.49,0,.317,240.8
102,2014,15,2300,12.49,0,.283,241.8
101,2014,15,2400,12.48,23151,6.931
102,2014,15,2400,12.49,0,.3,239.1
102,2014,16,100,12.49,0,.217,237.5
102,2014,16,200,12.48,0,.15,232.4
102,2014,16,300,12.48,0,.133,233.7
102,2014,16,400,12.48,0,0,276
102,2014,16,500,12.48,0,0,372.5
102,2014,16,600,12.48,0,.05,464.6
102,2014,16,700,12.48,0,.233,506.5
102,2014,16,800,12.48,68.243,.183,503.6
102,2014,16,900,12.48,476.37,.15,307.3
102,2014,16,1000,12.48,1680.2,.433,274.4
102,2014,16,1100,13.34,2498.4,.4,258.4
102,2014,16,1200,13.34,3051,.25,259.3
102,2014,16,1300,12.56,3355.5,.267,246.2
102,2014,16,1400,13.33,3413.4,.566,262.9
102,2014,16,1500,13.32,2994.9,.333,277.2
102,2014,16,1600,13.32,2706.4,.516,298.8
102,2014,16,1700,13.32,2016.5,.383,325.7
102,2014,16,1800,13.31,1238.6,.483,348.4
102,2014,16,1900,13.31,402.47,.55,382.1
102,2014,16,2000,13.3,6.5641,.5,330.7
102,2014,16,2100,13.3,0,.35,287.5
102,2014,16,2200,13.3,0,.333,284
102,2014,16,2300,13.3,0,.466,272.1
101,2014,16,2400,12.48,23909,7.23
102,2014,16,2400,13.3,0,.283,267.4
102,2014,17,100,13.31,0,.233,275.7
102,2014,17,200,13.31,0,.4,275.3
102,2014,17,300,13.31,0,.333,282
102,2014,17,400,13.32,0,.233,307
102,2014,17,500,13.32,0,.217,402.5
102,2014,17,600,13.33,0,.283,500.4
102,2014,17,700,13.33,0,.417,415.3
102,2014,17,800,13.33,109.93,.2,323
102,2014,17,900,13.35,772.58,.417,275
102,2014,17,1000,13.34,1673.5,.417,260.6
102,2014,17,1100,13.33,2457.5,.55,243.6
102,2014,17,1200,13.33,2992.3,.433,249.7
102,2014,17,1300,13.32,3137,.45,253.6
102,2014,17,1400,13.32,2013.8,.5,270.6
102,2014,17,1500,13.32,2831.7,.45,270.4
102,2014,17,1600,13.31,2152,.4,289.4
102,2014,17,1700,13.31,483.33,.333,329.3
102,2014,17,1800,13.31,432.07,.5,345.1
102,2014,17,1900,13.3,156.49,.5,364.4
102,2014,17,2000,13.3,2.0046,.516,326.6
102,2014,17,2100,13.3,0,.566,328.7
102,2014,17,2200,13.3,0,.4,313.9
102,2014,17,2300,13.31,0,.3,288.3
101,2014,17,2400,13.3,19214,9.43
102,2014,17,2400,13.31,0,.383,269
102,2014,18,100,13.31,0,.367,250
102,2014,18,200,13.31,0,.267,247.4
102,2014,18,300,13.32,0,.45,260.6
102,2014,18,400,13.31,0,.317,253.6
102,2014,18,500,13.32,0,.45,265.2
102,2014,18,600,13.32,0,.3,235.5
102,2014,18,700,13.33,0,.183,234.9
102,2014,18,800,13.33,101.18,.3,267.2
102,2014,18,900,13.35,731.82,.333,266.4
102,2014,18,1000,13.34,1604.9,.566,254
102,2014,18,1100,13.33,2056.2,.417,257.9
102,2014,18,1200,13.33,2199.4,.516,265.6
102,2014,18,1300,13.32,2310.1,.367,276
102,2014,18,1400,13.32,2045.1,.5,287.2
102,2014,18,1500,13.32,1444.9,.333,301.6
102,2014,18,1600,13.31,2743.6,.383,297.8
102,2014,18,1700,13.3,746.57,.583,334.6
102,2014,18,1800,13.3,539.15,.383,339.8
102,2014,18,1900,13.3,156.64,.516,344.5
102,2014,18,2000,13.3,4.7654,.6,321.4
102,2014,18,2100,13.3,0,.333,288.5
102,2014,18,2200,13.3,0,.4,284.8
102,2014,18,2300,13.3,0,.433,291.4
101,2014,18,2400,13.3,16684,9.65
102,2014,18,2400,13.3,0,.35,287.2
102,2014,19,100,13.31,0,.45,286.3
102,2014,19,200,13.31,0,.283,265.2
102,2014,19,300,13.32,0,.45,266.8
102,2014,19,400,13.32,0,.483,275.7
102,2014,19,500,13.31,0,.383,278
102,2014,19,600,13.32,0,.5,279.4
102,2014,19,700,13.32,0,.3,257.1
102,2014,19,800,13.33,57.592,.233,253.7
102,2014,19,900,13.34,545.61,.133,252.1
102,2014,19,1000,13.33,1592.6,.333,254.9
102,2014,19,1100,13.33,2646.4,.466,252.3
102,2014,19,1200,13.32,2706.5,.383,263.5
102,2014,19,1300,13.32,3425,.45,264.7
102,2014,19,1400,13.31,2845.8,.283,307.4
102,2014,19,1500,13.31,2556.4,.516,361.2
102,2014,19,1600,13.3,2687.9,.566,362.7
102,2014,19,1700,13.3,1873.1,.483,359.1
102,2014,19,1800,13.3,246.13,.25,21.85
102,2014,19,1900,13.3,26.587,.6,462.7
102,2014,19,2000,13.3,.06608,.466,315
102,2014,19,2100,13.3,0,.45,326.4
102,2014,19,2200,13.3,0,.45,328.5
102,2014,19,2300,13.3,0,.35,316.8
101,2014,19,2400,13.3,21210,9.71
102,2014,19,2400,13.3,0,.45,327.4
102,2014,20,100,13.3,0,.5,328.7
102,2014,20,200,13.3,0,.45,328
102,2014,20,300,13.3,0,.483,328
102,2014,20,400,13.31,0,.466,325.7
102,2014,20,500,13.31,0,.516,316
102,2014,20,600,13.31,0,.5,313.6
102,2014,20,700,13.31,0,.5,305.9
102,2014,20,800,13.31,63.284,.367,286.7
102,2014,20,900,13.33,365.12,.383,274.8
102,2014,20,1000,13.33,1392.7,.35,279.4
102,2014,20,1100,13.32,2053.1,.45,280.9
102,2014,20,1200,13.32,1826.9,.483,304.9
102,2014,20,1300,13.31,2538,.433,301.2
102,2014,20,1400,13.31,2002.6,.383,318.5
102,2014,20,1500,13.3,2552.5,.45,327.9
102,2014,20,1600,12.57,1141.4,.433,388.7
102,2014,20,1700,12.49,277.2,.3,181.2
102,2014,20,1800,12.48,8.5325,0,251.6
102,2014,20,1900,12.48,4.9641,0,229.7
102,2014,20,2000,12.48,.23498,0,322.9
102,2014,20,2100,12.48,1.0354,0,370.3
102,2014,20,2200,12.48,.09546,0,116.8
102,2014,20,2300,13.3,0,0,199.8
101,2014,20,2400,12.48,14228,7.73
102,2014,20,2400,13.33,.35981,.283,311.7
102,2014,21,100,13.33,0,.35,279.9
102,2014,21,200,13.33,0,.283,221.1
102,2014,21,300,13.33,0,.167,181.8
102,2014,21,400,13.33,0,.117,176.9
102,2014,21,500,13.33,0,.233,166.9
102,2014,21,600,13.33,0,.117,157.1
102,2014,21,700,13.33,0,.067,136.3
102,2014,21,800,13.34,126.3,0,122.9
102,2014,21,900,13.35,775.59,.183,136.6
102,2014,21,1000,12.63,952.2,.267,103.9
102,2014,21,1100,13.35,1338.5,.4,76.8
102,2014,21,1200,13.34,1233.5,.317,71.3
102,2014,21,1300,13.34,2927.1,.317,72
102,2014,21,1400,12.49,1683.6,.083,207.4
102,2014,21,1500,12.48,786.24,0,349.5
102,2014,21,1600,12.48,2298.7,0,263.4
102,2014,21,1700,12.48,1020.9,0,84.2
102,2014,21,1800,12.48,377.8,0,63.9
102,2014,21,1900,12.48,243.92,.15,171.6
102,2014,21,2000,13.34,21.206,.466,466.3
102,2014,21,2100,13.34,0,.233,159.3
102,2014,21,2200,13.34,0,.317,159.9
102,2014,21,2300,13.34,0,.333,148
101,2014,21,2400,12.48,13786,4.698
102,2014,21,2400,13.34,0,.3,129.4
102,2014,22,100,13.34,0,.317,121.5
102,2014,22,200,13.34,0,.1,141.2
102,2014,22,300,13.35,0,.117,269.3
102,2014,22,400,13.35,0,.15,365.3
102,2014,22,500,13.35,0,.317,363.1
102,2014,22,600,13.36,0,.383,329.3
102,2014,22,700,13.36,0,.283,325.5
102,2014,22,800,13.36,98.089,.317,150.3
102,2014,22,900,13.37,726.09,.35,109.9
102,2014,22,1000,12.54,1721.1,.217,65.3
102,2014,22,1100,12.5,2514.5,.317,57.04
102,2014,22,1200,13.36,3119.4,.433,56.28
102,2014,22,1300,13.35,2883.2,.35,50.63
102,2014,22,1400,13.35,3622.5,.35,63.24
102,2014,22,1500,13.34,3337.5,.283,58.18
102,2014,22,1600,13.33,2555,.25,72.3
102,2014,22,1700,12.5,2049.3,.183,70.8
102,2014,22,1800,12.48,1681.7,.083,66.96
102,2014,22,1900,13.33,520.86,.25,79.4
102,2014,22,2000,12.49,24.372,.067,85.1
102,2014,22,2100,13.33,0,.4,101.7
102,2014,22,2200,13.33,0,.417,111.5
102,2014,22,2300,13.33,0,.383,128
101,2014,22,2400,12.48,24854,6.597
102,2014,22,2400,13.33,0,.283,151.2
102,2014,23,100,13.33,0,.367,140.8
102,2014,23,200,13.33,0,.383,152.3
102,2014,23,300,13.33,0,.383,161.4
102,2014,23,400,13.33,0,.267,197.1
102,2014,23,500,13.34,0,.4,223
102,2014,23,600,13.34,0,.283,348.7
102,2014,23,700,13.35,0,.35,333.2
102,2014,23,800,13.35,104.03,.267,265.2
102,2014,23,900,13.36,695.01,.333,170.4
102,2014,23,1000,13.35,1721.8,.3,127.5
102,2014,23,1100,13.35,2522.8,.383,106.8
102,2014,23,1200,13.35,3140.9,.267,104
102,2014,23,1300,13.34,3579.9,.35,96.9
102,2014,23,1400,13.33,3165.9,.283,105.2
102,2014,23,1500,12.52,3575.9,.133,96.1
102,2014,23,1600,12.47,3001,0,83
102,2014,23,1700,12.47,2181.2,.017,86.2
102,2014,23,1800,12.49,1074,0,110.1
102,2014,23,1900,12.48,221.16,.033,122.4
102,2014,23,2000,13.32,11.301,.317,142.8
102,2014,23,2100,13.32,0,.367,201.5
102,2014,23,2200,13.32,0,.367,195.5
102,2014,23,2300,13.32,0,.367,208.6
101,2014,23,2400,12.47,24995,6.614
102,2014,23,2400,13.32,0,.4,218.5
102,2014,24,100,13.32,0,.3,243.7
102,2014,24,200,13.32,0,.3,262.3
102,2014,24,300,13.33,0,.333,276.5
102,2014,24,400,13.33,0,.35,273.8
102,2014,24,500,13.33,0,.267,340.5
102,2014,24,600,13.33,0,.317,515.3
102,2014,24,700,13.33,0,.15,496.4
102,2014,24,800,13.34,89.739,0,493.9
102,2014,24,900,13.34,582.02,.283,459.6
102,2014,24,1000,13.34,1760,.4,277.9
102,2014,24,1100,13.34,2557.5,.367,187.8
102,2014,24,1200,13.34,3139.5,.483,151.9
102,2014,24,1300,13.33,3498.6,.5,148.4
102,2014,24,1400,13.33,3594.5,.4,154.7
102,2014,24,1500,13.33,3369,.333,140.5
102,2014,24,1600,13.32,2923.2,.267,133.5
102,2014,24,1700,13.32,2235.9,.25,152
102,2014,24,1800,13.31,1394.4,.267,177.1
102,2014,24,1900,13.32,356.1,.233,216.9
102,2014,24,2000,13.31,12.975,.4,241.4
102,2014,24,2100,13.31,0,.35,237.5
102,2014,24,2200,13.31,0,.45,236.8
102,2014,24,2300,13.31,0,.417,238.3
101,2014,24,2400,13.31,25513,7.85
102,2014,24,2400,13.31,0,.433,248.2
102,2014,25,100,13.31,0,.25,287.1
102,2014,25,200,13.31,0,.3,303.6
102,2014,25,300,13.32,0,.283,310.6
102,2014,25,400,13.32,0,.15,401
102,2014,25,500,13.32,0,.217,518.5
102,2014,25,600,13.32,0,.383,557.5
102,2014,25,700,13.33,0,.3,591
102,2014,25,800,13.33,108.26,.25,424.7
102,2014,25,900,13.33,574.94,.383,323
102,2014,25,1000,13.34,1326.4,.367,262.5
102,2014,25,1100,13.34,2505.2,.4,206.8
102,2014,25,1200,13.33,2806.9,.367,210
102,2014,25,1300,13.33,3626.6,.267,197.4
102,2014,25,1400,13.32,3627.3,.283,194.9
102,2014,25,1500,13.32,3420.5,.4,199.6
102,2014,25,1600,13.32,2919.5,.367,220
102,2014,25,1700,13.31,2209.9,.433,243.6
102,2014,25,1800,13.3,1315,.383,291.2
102,2014,25,1900,13.3,429.51,.466,324.3
102,2014,25,2000,13.3,13.907,.4,312.3
102,2014,25,2100,13.3,0,.333,300.6
102,2014,25,2200,13.3,0,.417,299.7
102,2014,25,2300,13.3,0,.333,307.1
101,2014,25,2400,13.3,24884,8.1
102,2014,25,2400,13.3,0,.367,309.2
102,2014,26,100,13.3,0,.317,330.9
102,2014,26,200,13.31,0,.3,351.5
102,2014,26,300,13.31,0,.383,349.1
102,2014,26,400,13.32,0,.333,355.9
102,2014,26,500,13.31,0,.25,411.8
102,2014,26,600,13.32,0,.133,460.9
102,2014,26,700,13.32,0,.317,594.8
102,2014,26,800,13.33,100.18,.466,622.4
102,2014,26,900,13.33,650.07,.4,375.4
102,2014,26,1000,13.33,1555.7,.367,287.4
102,2014,26,1100,13.33,2514.3,.466,236.8
102,2014,26,1200,13.33,3086.1,.417,238.7
102,2014,26,1300,13.33,3448.5,.4,242.7
102,2014,26,1400,13.32,3143.6,.267,247.8
102,2014,26,1500,13.32,3434.2,.417,258.1
102,2014,26,1600,13.31,2950.5,.533,271.4
102,2014,26,1700,13.3,2283.9,.433,217.4
102,2014,26,1800,13.3,942.59,.45,308.5
102,2014,26,1900,13.3,478.22,.4,326.2
102,2014,26,2000,13.3,13.965,.466,289.6
102,2014,26,2100,13.3,0,.317,275.3
102,2014,26,2200,13.3,0,.433,287.9
102,2014,26,2300,13.3,0,.283,304.4
101,2014,26,2400,13.3,24602,9.01
102,2014,26,2400,13.3,0,.466,326.3
102,2014,27,100,13.3,0,.25,324.8
102,2014,27,200,13.31,0,.433,312.9
102,2014,27,300,13.31,0,.417,307.7
102,2014,27,400,13.31,0,.367,298
102,2014,27,500,13.31,0,.283,301.1
102,2014,27,600,13.32,0,.333,304.1
102,2014,27,700,13.32,0,.3,309.9
102,2014,27,800,13.33,95.336,.283,308
102,2014,27,900,13.33,580.44,.317,284.3
102,2014,27,1000,13.33,1594,.367,262.7
102,2014,27,1100,13.33,2451.1,.367,264
102,2014,27,1200,13.33,3047.1,.367,252.6
102,2014,27,1300,13.32,3409.9,.35,241
102,2014,27,1400,13.32,3577,.483,239.2
102,2014,27,1500,13.31,3396.4,.383,259.8
102,2014,27,1600,13.3,2663.8,.383,280.7
102,2014,27,1700,13.3,1705.1,.483,340.4
102,2014,27,1800,13.3,1251.4,.466,349
102,2014,27,1900,13.3,384.18,.533,345.5
102,2014,27,2000,13.3,14.685,.45,335.7
102,2014,27,2100,13.3,0,.417,346.7
102,2014,27,2200,13.3,0,.5,334.7
102,2014,27,2300,13.3,0,.433,328.9
101,2014,27,2400,13.3,24170,9.33
102,2014,27,2400,13.3,0,.367,316.2
102,2014,28,100,13.3,0,.3,304
102,2014,28,200,13.3,0,.367,296.2
102,2014,28,300,13.3,0,.417,307.1
102,2014,28,400,13.31,0,.317,316.7
102,2014,28,500,13.31,0,.217,399.6
102,2014,28,600,13.31,0,.267,521.6
102,2014,28,700,13.31,0,.25,609.2
102,2014,28,800,13.32,92.26,.233,583.7
102,2014,28,900,13.33,559.12,.466,477.7
102,2014,28,1000,13.33,1618.8,.383,302.6
102,2014,28,1100,13.33,2448,.45,229.6
102,2014,28,1200,13.32,3102.6,.333,211.1
102,2014,28,1300,13.31,3454.6,.45,224.2
102,2014,28,1400,13.31,3558.8,.4,222.7
102,2014,28,1500,13.31,3375.9,.383,231.7
102,2014,28,1600,13.3,2905.5,.333,264.2
102,2014,28,1700,12.61,2232.6,.35,285.7
102,2014,28,1800,12.53,1260.3,.433,328.8
102,2014,28,1900,13.29,380.22,.55,366.7
102,2014,28,2000,13.29,10.522,.35,327.9
102,2014,28,2100,13.3,0,.5,318.9
102,2014,28,2200,13.3,0,.45,323.1
102,2014,28,2300,13.3,0,.417,318
101,2014,28,2400,12.53,24999,9.15
102,2014,28,2400,13.3,0,.533,313.5
102,2014,29,100,13.3,0,.367,311
102,2014,29,200,13.3,0,.333,313
102,2014,29,300,13.3,0,.383,346
102,2014,29,400,13.3,0,.3,452.5
102,2014,29,500,13.31,0,.55,578.5
102,2014,29,600,13.31,0,.383,477
102,2014,29,700,13.31,0,.4,564.3
102,2014,29,800,13.31,109.15,.433,601.8
102,2014,29,900,13.32,638.63,.383,364.4
102,2014,29,1000,13.32,1727.3,.4,283.1
102,2014,29,1100,13.32,2611.8,.466,258.1
102,2014,29,1200,13.31,3223.9,.35,257.8
102,2014,29,1300,13.31,3550,.433,256.2
102,2014,29,1400,13.31,3721.1,.4,264.1
102,2014,29,1500,13.3,3653.9,.483,280.4
102,2014,29,1600,13.3,2167.7,.533,329.2
102,2014,29,1700,13.3,1250.8,.533,366.7
102,2014,29,1800,13.29,1221.3,.466,351.7
102,2014,29,1900,13.29,456.45,.533,351.7
102,2014,29,2000,13.29,29.818,.367,312.1
102,2014,29,2100,13.29,0,.466,284.5
102,2014,29,2200,13.3,0,.4,271.8
102,2014,29,2300,13.3,0,.367,277
101,2014,29,2400,13.29,24362,10.1
102,2014,29,2400,13.29,0,.367,268.8
102,2014,30,100,13.3,0,.483,264.7
102,2014,30,200,13.3,0,.317,270
102,2014,30,300,13.3,0,.267,294.7
102,2014,30,400,13.3,0,.367,311.3
102,2014,30,500,13.3,0,.35,329.7
102,2014,30,600,13.31,0,.267,504.9
102,2014,30,700,13.31,0,.4,583.1
102,2014,30,800,13.31,100.5,.25,588
102,2014,30,900,13.32,640.4,.383,491.2
102,2014,30,1000,13.33,1666.5,.35,303.8
102,2014,30,1100,13.32,2528.3,.417,242.4
102,2014,30,1200,13.31,3165.2,.466,227.3
102,2014,30,1300,13.31,3486.7,.433,242.5
102,2014,30,1400,13.3,3578.7,.466,233.8
102,2014,30,1500,13.3,3305.3,.35,211.6
102,2014,30,1600,13.3,2872,.383,234.2
102,2014,30,1700,13.29,2215.5,.383,267.4
102,2014,30,1800,13.29,884.07,.466,311.9
102,2014,30,1900,13.29,375.68,.45,345.6
102,2014,30,2000,13.29,13.4,.5,379.4
102,2014,30,2100,13.29,0,.466,350.4
102,2014,30,2200,13.29,0,.466,319.5
102,2014,30,2300,13.29,0,.466,329.1
101,2014,30,2400,13.29,24832,9.6
102,2014,30,2400,13.29,0,.45,315.7
102,2014,31,100,13.3,0,.3,297.7
102,2014,31,200,13.3,0,.35,319
102,2014,31,300,13.3,0,.433,341.3
102,2014,31,400,13.31,0,.3,365
102,2014,31,500,13.31,0,.466,365.6
102,2014,31,600,13.31,0,.317,357.5
102,2014,31,700,13.32,0,.433,357.4
102,2014,31,800,13.32,87.816,.533,352.3
102,2014,31,900,13.33,615.46,.317,315.9
102,2014,31,1000,13.33,1656.9,.317,303.1
102,2014,31,1100,13.32,2571.4,.4,278.3
102,2014,31,1200,13.31,3177,.383,269.5
102,2014,31,1300,13.31,3497.2,.516,277.2
102,2014,31,1400,13.3,3607.6,.367,313.2
102,2014,31,1500,13.3,3316.4,.466,331.9
102,2014,31,1600,13.3,2029.3,.483,411.9
102,2014,31,1700,13.29,1624.6,.516,468.7
102,2014,31,1800,13.28,1302.9,.616,486.7
102,2014,31,1900,13.28,444.75,.566,542.4
102,2014,31,2000,13.28,15.442,.683,574.7
102,2014,31,2100,13.28,0,.616,459.6
102,2014,31,2200,13.28,0,.583,358.9
102,2014,31,2300,13.28,0,.45,354
101,2014,31,2400,13.28,23947,10.86
102,2014,31,2400,13.28,0,.45,375.4
102,2014,32,100,13.28,0,.35,390.4
102,2014,32,200,13.29,0,.45,425.5
102,2014,32,300,13.29,0,.5,451
102,2014,32,400,13.3,0,.333,491.7
102,2014,32,500,13.3,0,.333,633.3
102,2014,32,600,13.3,0,.55,655.1
102,2014,32,700,13.3,0,.233,562.2
102,2014,32,800,13.31,81.518,.25,528.5
102,2014,32,900,13.31,581.14,.383,449.9
102,2014,32,1000,13.33,1573.6,.616,321.3
102,2014,32,1100,13.32,2534.8,.483,311.8
102,2014,32,1200,13.31,3152.7,.45,248
102,2014,32,1300,13.31,3499.3,.45,232.5
102,2014,32,1400,13.31,3533.7,.417,238.1
102,2014,32,1500,13.3,3299.2,.3,245
102,2014,32,1600,13.3,2352.3,.5,316.9
102,2014,32,1700,13.3,277.24,.4,-6999
102,2014,32,1800,13.3,328.99,.483,276.8
102,2014,32,1900,13.3,254.08,.367,312.6
102,2014,32,2000,13.3,4.1558,.45,304.9
102,2014,32,2100,13.3,0,.483,297.1
102,2014,32,2200,13.3,0,.5,307.2
102,2014,32,2300,13.3,0,.383,308.8
101,2014,32,2400,13.28,21473,10
102,2014,32,2400,13.3,0,.333,321.7
102,2014,33,100,13.31,0,.516,343.3
102,2014,33,200,13.31,0,.466,338.5
102,2014,33,300,13.31,0,.483,325.3
102,2014,33,400,13.31,0,.267,314.3
102,2014,33,500,13.31,0,.367,341.7
102,2014,33,600,13.32,0,.433,350.2
102,2014,33,700,13.33,0,.25,349.1
102,2014,33,800,13.33,80.906,.317,340.4
102,2014,33,900,13.33,560.07,.4,332
102,2014,33,1000,13.33,1485.9,.35,318.7
102,2014,33,1100,13.33,2482.6,.417,267.4
102,2014,33,1200,13.33,3086.8,.5,254
102,2014,33,1300,13.32,3419.2,.483,255.6
102,2014,33,1400,13.31,3235.3,.417,269.5
102,2014,33,1500,13.31,2777.9,.4,290
102,2014,33,1600,13.31,2527.5,.383,317.7
102,2014,33,1700,13.3,2194.3,.433,329
102,2014,33,1800,13.3,1319.1,.516,368.7
102,2014,33,1900,13.3,444.5,.533,412.6
102,2014,33,2000,13.3,16.278,.566,372.2
102,2014,33,2100,13.3,0,.5,333.3
102,2014,33,2200,13.3,0,.4,330.5
102,2014,33,2300,13.3,0,.417,313.5
101,2014,33,2400,13.3,23630,10.21
102,2014,33,2400,13.3,0,.4,304.5
102,2014,34,100,13.3,0,.317,296.3
102,2014,34,200,13.3,0,.367,300.8
102,2014,34,300,13.3,0,.367,306.9
102,2014,34,400,13.3,0,.35,348.4
102,2014,34,500,13.3,0,.367,429.3
102,2014,34,600,13.31,0,.4,479.2
102,2014,34,700,13.31,0,.283,389.6
102,2014,34,800,13.31,75.21,.267,323.9
102,2014,34,900,13.31,575.68,.417,301.9
102,2014,34,1000,13.31,1480.2,.417,280.5
102,2014,34,1100,13.31,1405.2,.417,268.5
102,2014,34,1200,13.31,1278.6,.383,278.1
102,2014,34,1300,12.66,1857.2,.35,280.3
102,2014,34,1400,12.58,3484.7,.417,283.8
102,2014,34,1500,13.31,3234,.383,291.6
102,2014,34,1600,13.31,2822,.466,294.4
102,2014,34,1700,13.3,2009.3,.45,309.9
102,2014,34,1800,13.3,1198.4,.533,330.1
102,2014,34,1900,13.3,360.58,.533,346.8
102,2014,34,2000,13.3,23.922,.4,321.7
102,2014,34,2100,13.3,0,.35,286.9
102,2014,34,2200,13.3,0,.3,260.9
102,2014,34,2300,13.3,0,.267,272.1
101,2014,34,2400,12.58,19805,9.11
102,2014,34,2400,13.3,0,.317,277.9
102,2014,35,100,13.3,0,.433,281.8
102,2014,35,200,13.31,0,.283,283
102,2014,35,300,13.31,0,.433,282.1
102,2014,35,400,13.31,0,.267,289.9
102,2014,35,500,13.31,0,.383,288
102,2014,35,600,13.31,0,.3,298.2
102,2014,35,700,13.31,0,.2,356.4
102,2014,35,800,13.32,79.512,.167,390.9
102,2014,35,900,13.32,464.94,.3,312.4
102,2014,35,1000,12.47,782.59,.1,262.3
102,2014,35,1100,12.46,2084.5,0,226.6
102,2014,35,1200,12.46,2832.3,0,219.6
102,2014,35,1300,12.46,3450.6,0,216.6
102,2014,35,1400,12.47,3010.9,0,218.2
102,2014,35,1500,12.47,3330,0,217
102,2014,35,1600,12.47,2833,0,229.5
102,2014,35,1700,12.47,2558.5,.017,254
102,2014,35,1800,12.47,524.81,.1,-146.1
102,2014,35,1900,13.3,68.225,.4,267.8
102,2014,35,2000,13.3,6.8653,.516,444.3
102,2014,35,2100,13.3,0,.45,457.9
102,2014,35,2200,13.3,0,.5,420.8
102,2014,35,2300,13.3,0,.616,380.5
101,2014,35,2400,12.46,22027,5.981
102,2014,35,2400,13.3,0,.516,372.9
102,2014,36,100,13.3,0,.5,367.8
102,2014,36,200,13.3,0,.367,351.3
102,2014,36,300,13.31,0,.45,338.6
102,2014,36,400,13.31,0,.383,335.3
102,2014,36,500,13.31,0,.466,332.7
102,2014,36,600,13.31,0,.4,339
102,2014,36,700,13.32,0,.35,330.9
102,2014,36,800,13.32,73.483,.383,325.1
102,2014,36,900,13.32,505.45,.367,291.4
102,2014,36,1000,13.32,1396.1,.417,289
102,2014,36,1100,13.32,2434.9,.466,285.4
102,2014,36,1200,13.31,768.13,.483,-6999
102,2014,36,1300,13.32,1410.4,0,368
102,2014,36,1400,13.32,881.49,.217,269.3
102,2014,36,1500,13.32,822.78,.35,265.3
102,2014,36,1600,13.31,1063.4,.417,203.6
102,2014,36,1700,13.31,1351.6,.433,166.8
102,2014,36,1800,12.81,352.72,.4,172.7
102,2014,36,1900,12.5,28.727,.033,184.7
102,2014,36,2000,13.33,5.0814,.3,269.9
102,2014,36,2100,13.33,.17623,.5,458.3
102,2014,36,2200,13.33,0,.333,479.6
102,2014,36,2300,13.33,0,.3,274.4
101,2014,36,2400,12.5,11094,8.71
102,2014,36,2400,13.34,0,.4,235.8
102,2014,37,100,13.34,0,.267,238.7
102,2014,37,200,13.34,0,.333,251.7
102,2014,37,300,13.35,0,.383,229.6
102,2014,37,400,13.35,0,.183,220.5
102,2014,37,500,13.35,0,.3,305.6
102,2014,37,600,13.36,0,.35,317.9
102,2014,37,700,13.36,0,.367,296.9
102,2014,37,800,13.36,90.468,.267,475.4
102,2014,37,900,13.36,465.77,.3,299.5
102,2014,37,1000,13.36,1392.2,.317,176.2
102,2014,37,1100,13.36,2492.7,.35,116.7
102,2014,37,1200,13.35,2943.6,.4,118.2
102,2014,37,1300,13.35,3473.5,.25,121.1
102,2014,37,1400,13.34,3384.9,.3,131.9
102,2014,37,1500,13.33,1394.5,.417,147
102,2014,37,1600,13.33,865.89,.35,183.8
102,2014,37,1700,13.33,1512.5,.367,158.9
102,2014,37,1800,13.33,294.48,.45,206.1
102,2014,37,1900,13.33,14.444,.4,180.4
102,2014,37,2000,13.33,0,.25,31.92
102,2014,37,2100,13.33,0,.483,239.9
102,2014,37,2200,13.33,0,.433,214.2
102,2014,37,2300,13.33,0,.433,216.9
101,2014,37,2400,13.33,18325,8.3
102,2014,37,2400,13.33,0,.35,250.3
102,2014,38,100,13.34,0,.317,290.9
102,2014,38,200,13.34,0,.333,270.7
102,2014,38,300,13.35,0,.417,266.2
102,2014,38,400,13.35,0,.333,276.5
102,2014,38,500,13.35,0,.25,300.8
102,2014,38,600,13.35,0,.3,311.7
102,2014,38,700,13.35,0,.333,318.1
102,2014,38,800,13.36,90.366,.25,288.9
102,2014,38,900,13.36,469,.35,248.7
102,2014,38,1000,13.36,1257.6,.317,194.8
102,2014,38,1100,13.35,2249.2,.45,172
102,2014,38,1200,13.35,2863.6,.417,161.7
102,2014,38,1300,13.35,3293.9,.4,144.3
102,2014,38,1400,13.34,3313.1,.383,136.2
102,2014,38,1500,13.33,2833.2,.4,159.1
102,2014,38,1600,13.33,2249.9,.283,200.1
102,2014,38,1700,12.47,1140.1,.05,167.6
102,2014,38,1800,12.46,722.87,0,173
102,2014,38,1900,12.46,243.76,.033,182.1
102,2014,38,2000,13.3,5.3458,.433,262.4
102,2014,38,2100,13.33,0,.3,265.9
102,2014,38,2200,13.33,0,.45,253.6
102,2014,38,2300,13.32,0,.383,272.9
101,2014,38,2400,12.46,20732,7.55
102,2014,38,2400,13.32,0,.367,282.6
102,2014,39,100,13.33,0,.3,296.7
102,2014,39,200,13.33,0,.45,305.7
102,2014,39,300,13.33,0,.367,314
102,2014,39,400,13.33,0,.25,373.6
102,2014,39,500,13.33,0,.283,474.5
102,2014,39,600,13.33,0,.233,584
102,2014,39,700,13.33,0,.25,566.4
102,2014,39,800,13.33,92.662,0,492.5
102,2014,39,900,13.33,411.9,.3,430.2
102,2014,39,1000,13.33,1176.8,.417,270.1
102,2014,39,1100,13.33,2177.6,.4,231.4
102,2014,39,1200,13.33,2132.8,.35,217.6
102,2014,39,1300,13.33,2437.7,.35,217.9
102,2014,39,1400,13.33,2872.9,.417,217.3
102,2014,39,1500,12.49,2645.9,.333,220.3
102,2014,39,1600,12.48,2038.2,.466,223.6
102,2014,39,1700,13.32,568.8,.367,253.1
102,2014,39,1800,13.32,418.43,.433,257.9
102,2014,39,1900,13.32,196.41,.35,230
102,2014,39,2000,13.32,9.8767,.333,227.4
102,2014,39,2100,13.32,0,.466,253.6
102,2014,39,2200,13.32,0,.317,265.6
102,2014,39,2300,13.32,0,.2,273.2
101,2014,39,2400,12.48,17180,7.93
102,2014,39,2400,13.32,0,.3,309.3
102,2014,40,100,13.32,0,.25,296.8
102,2014,40,200,13.32,0,.2,308.8
102,2014,40,300,13.33,0,.1,324.2
102,2014,40,400,13.33,0,.1,318.5
102,2014,40,500,13.33,0,.267,305.9
102,2014,40,600,13.33,0,.217,285.9
102,2014,40,700,13.33,0,.133,360.9
102,2014,40,800,13.33,62.217,.233,449.5
102,2014,40,900,13.34,412.65,.383,347.7
102,2014,40,1000,13.34,979.31,.35,273.4
102,2014,40,1100,13.33,1739.2,.433,239.5
102,2014,40,1200,13.33,2282.4,.433,227.2
102,2014,40,1300,13.33,2683.1,.417,214.9
102,2014,40,1400,13.33,2586.3,.3,217.9
102,2014,40,1500,13.33,2751.4,.466,215.2
102,2014,40,1600,13.32,2275,.383,225.1
102,2014,40,1700,13.32,921.23,.333,237.1
102,2014,40,1800,13.32,601.69,.317,255.5
102,2014,40,1900,13.32,194.56,.367,287.8
102,2014,40,2000,13.32,4.7805,.417,308.5
102,2014,40,2100,13.32,0,.45,305.8
102,2014,40,2200,13.32,0,.433,316.8
102,2014,40,2300,13.32,0,.533,323.3
101,2014,40,2400,13.32,17494,7.98
102,2014,40,2400,13.33,0,.466,328.8
102,2014,41,100,13.33,0,.417,319.5
102,2014,41,200,13.33,0,.4,303.6
102,2014,41,300,13.33,0,.433,290.4
102,2014,41,400,13.33,0,.3,306.8
102,2014,41,500,13.34,0,.317,315
102,2014,41,600,13.35,0,.233,334.4
102,2014,41,700,13.35,0,.2,350.4
102,2014,41,800,13.35,97.577,.25,310.2
102,2014,41,900,13.35,501.1,.367,327.9
102,2014,41,1000,13.36,1080.5,.383,314.9
102,2014,41,1100,13.36,2071.9,.466,259.2
102,2014,41,1200,13.35,2737.4,.317,255.2
102,2014,41,1300,13.35,3061.6,.367,252
102,2014,41,1400,13.34,2947,.483,255.5
102,2014,41,1500,13.34,2734.1,.3,262.9
102,2014,41,1600,13.33,2303,.383,276.1
102,2014,41,1700,13.33,1352.2,.433,293.8
102,2014,41,1800,13.33,608.93,.433,338.2
102,2014,41,1900,13.33,248.21,.566,351.3
102,2014,41,2000,13.32,11.676,.45,303.2
102,2014,41,2100,13.32,0,.35,303.6
102,2014,41,2200,13.32,0,.433,319.4
102,2014,41,2300,13.32,0,.383,332.7
101,2014,41,2400,13.32,19755,9.03
102,2014,41,2400,13.33,0,.367,349.4
102,2014,42,100,13.33,0,.283,353.1
102,2014,42,200,13.33,0,.333,350.2
102,2014,42,300,13.33,0,.167,349.7
102,2014,42,400,13.33,0,.3,366.4
102,2014,42,500,13.34,0,.083,441.8
102,2014,42,600,13.34,0,.283,574.7
102,2014,42,700,13.34,0,.183,545
102,2014,42,800,13.34,53.375,.233,513
102,2014,42,900,13.35,304.76,.35,417.1
102,2014,42,1000,13.35,1163.6,.417,297.9
102,2014,42,1100,13.34,2027.6,.466,284.4
102,2014,42,1200,13.34,1670.6,.4,262.2
102,2014,42,1300,13.33,2075,.516,271.2
102,2014,42,1400,13.33,2932.6,.466,279.4
102,2014,42,1500,13.33,1822.4,.483,261.3
102,2014,42,1600,13.33,1255.5,.367,264.6
102,2014,42,1700,13.33,1014.3,.5,279.7
102,2014,42,1800,13.33,618.97,.433,287
102,2014,42,1900,13.33,217.75,.417,313.3
102,2014,42,2000,13.33,10.853,.383,342
102,2014,42,2100,13.33,0,.583,349.7
102,2014,42,2200,13.33,0,.383,354.7
102,2014,42,2300,13.33,0,.5,348.2
101,2014,42,2400,13.33,15167,9.03
102,2014,42,2400,13.33,0,.5,328
102,2014,43,100,13.34,0,.45,313
102,2014,43,200,13.34,0,.45,311
102,2014,43,300,13.34,0,.466,324.7
102,2014,43,400,13.35,0,.45,337.7
102,2014,43,500,13.35,0,.367,329
102,2014,43,600,13.35,0,.4,338.7
102,2014,43,700,13.36,0,.333,348.5
102,2014,43,800,13.36,88.537,.333,352.5
102,2014,43,900,13.37,345.66,.433,345.1
102,2014,43,1000,13.37,1075.7,.533,355.3
102,2014,43,1100,13.36,2074.9,.417,302.3
102,2014,43,1200,13.36,2610.1,.433,286.5
102,2014,43,1300,13.35,2541,.433,289.8
102,2014,43,1400,13.35,2759.2,.45,280.9
102,2014,43,1500,13.35,2443.2,.433,326.8
102,2014,43,1600,13.34,1591.2,.383,354.7
102,2014,43,1700,13.34,1319.6,.566,354.5
102,2014,43,1800,13.34,840.14,.5,359.1
102,2014,43,1900,13.33,304.19,.466,405.2
102,2014,43,2000,13.33,13.673,.566,428.5
102,2014,43,2100,13.33,0,.65,469.7
102,2014,43,2200,13.34,0,.633,458
102,2014,43,2300,13.34,0,.583,445.5
101,2014,43,2400,13.33,18007,11.21
102,2014,43,2400,13.34,0,.483,448.3
102,2014,44,100,13.34,0,.616,458.4
102,2014,44,200,13.34,0,.5,458.1
102,2014,44,300,13.35,0,.466,440.6
102,2014,44,400,13.35,0,.466,434.3
102,2014,44,500,13.35,0,.483,436.5
102,2014,44,600,13.35,0,.4,436.2
102,2014,44,700,13.36,0,.433,432.7
102,2014,44,800,13.36,40.766,.433,405.8
102,2014,44,900,13.38,308.6,.45,393.9
102,2014,44,1000,13.37,997.34,.45,366.9
102,2014,44,1100,13.36,2075,.383,326.3
102,2014,44,1200,13.35,2637.3,.5,332.5
102,2014,44,1300,13.35,2899.7,.516,349.5
102,2014,44,1400,13.35,3152.4,.45,379.4
102,2014,44,1500,13.34,2945.2,.4,405.4
102,2014,44,1600,13.33,2423.8,.433,426.9
102,2014,44,1700,13.33,1523.4,.5,454.9
102,2014,44,1800,13.33,681.21,.633,521.3
102,2014,44,1900,13.33,124.37,.616,558.1
102,2014,44,2000,13.33,3.8038,.666,562.1
102,2014,44,2100,13.33,0,.583,572.8
102,2014,44,2200,13.32,0,.483,445.2
102,2014,44,2300,13.32,0,.45,411.2
101,2014,44,2400,13.32,19813,11.76
102,2014,44,2400,13.32,0,.45,437.6
102,2014,45,100,13.33,0,.333,440.5
102,2014,45,200,13.33,0,.3,416.3
102,2014,45,300,13.33,0,.25,374.7
102,2014,45,400,13.33,0,.267,387.9
102,2014,45,500,13.34,0,.3,401.3
102,2014,45,600,13.34,0,.233,374.4
102,2014,45,700,13.35,0,.133,352.4
102,2014,45,800,13.35,58.213,.233,356
102,2014,45,900,13.36,296.26,.383,341.3
102,2014,45,1000,13.36,955.9,.367,332.6
102,2014,45,1100,13.36,2020.2,.483,316.6
102,2014,45,1200,13.35,2630.2,.4,296.5
102,2014,45,1300,13.35,2995.6,.417,303.5
102,2014,45,1400,12.82,3151.5,.367,334.3
102,2014,45,1500,12.46,2993.7,.067,299.1
102,2014,45,1600,12.45,2487.9,.117,326.2
102,2014,45,1700,12.45,1937.6,.267,382.1
102,2014,45,1800,13.33,1144.6,.533,483.9
102,2014,45,1900,13.33,355.72,.666,534.9
102,2014,45,2000,13.33,11.14,.666,598.8
102,2014,45,2100,13.33,0,.716,633.2
102,2014,45,2200,13.05,0,.633,584.3
102,2014,45,2300,13.33,0,.616,510.2
101,2014,45,2400,12.45,21038,9.16
102,2014,45,2400,13.33,0,.417,455.7
102,2014,46,100,13.33,0,.516,460
102,2014,46,200,13.33,0,.533,455.9
102,2014,46,300,13.33,0,.466,441.5
102,2014,46,400,13.33,0,.333,427.4
102,2014,46,500,13.34,0,.383,415.3
102,2014,46,600,13.34,0,.267,388.8
102,2014,46,700,13.35,0,.483,415.1
102,2014,46,800,13.35,78.751,.433,402.9
102,2014,46,900,13.36,348.66,.483,381.1
102,2014,46,1000,13.36,872.32,.417,358.3
102,2014,46,1100,13.35,1969.5,.45,352.6
102,2014,46,1200,13.35,2366.9,.466,360.4
102,2014,46,1300,13.35,2956,.45,355.5
102,2014,46,1400,13.34,2975.7,.6,383.8
102,2014,46,1500,13.33,2880.1,.616,411.7
102,2014,46,1600,13.33,2275.9,.417,444
102,2014,46,1700,13.33,1201.9,.583,479.8
102,2014,46,1800,13.32,666.29,.65,529
102,2014,46,1900,13.32,266.41,.733,616.4
102,2014,46,2000,13.32,13.394,.7,643.8
102,2014,46,2100,13.32,0,.683,641.9
102,2014,46,2200,13.32,0,.766,641
102,2014,46,2300,13.32,0,.633,588.8
101,2014,46,2400,13.32,18872,12.68
102,2014,46,2400,13.33,0,.616,526.8
102,2014,47,100,13.33,0,.566,473.1
102,2014,47,200,13.33,0,.483,447.3
102,2014,47,300,13.33,0,.516,435.4
102,2014,47,400,13.33,0,.45,419.6
102,2014,47,500,13.33,0,.45,415.3
102,2014,47,600,13.34,.16889,.45,423.7
102,2014,47,700,13.34,0,.35,421.3
102,2014,47,800,13.35,27.734,.5,417.2
102,2014,47,900,13.35,280.85,.5,402.2
102,2014,47,1000,13.35,850.96,.516,392.5
102,2014,47,1100,13.35,1940.8,.55,403.5
102,2014,47,1200,13.35,2441.5,.5,388.5
102,2014,47,1300,13.34,1966.2,.483,411.7
102,2014,47,1400,13.34,1997.1,.55,428
102,2014,47,1500,13.34,1801.1,.583,432.8
102,2014,47,1600,13.33,2542.4,.417,457.9
102,2014,47,1700,13.33,1497.3,.533,496.5
102,2014,47,1800,13.33,618.53,.666,568.1
102,2014,47,1900,13.33,229.53,.6,576.8
102,2014,47,2000,13.32,16.111,.716,599.9
102,2014,47,2100,13.32,0,.75,621.3
102,2014,47,2200,13.33,0,.583,593.2
102,2014,47,2300,13.32,0,.666,592.8
101,2014,47,2400,13.32,16210,12.91
102,2014,47,2400,13.32,0,.533,575.4
102,2014,48,100,13.32,0,.683,533.3
102,2014,48,200,13.33,0,.483,483.7
102,2014,48,300,13.33,0,.516,465.5
102,2014,48,400,13.33,0,.417,453
102,2014,48,500,13.33,0,.516,438.4
102,2014,48,600,13.34,0,.383,420.4
102,2014,48,700,13.34,0,.417,373
102,2014,48,800,13.35,67.422,.267,368.1
102,2014,48,900,13.36,429.44,.317,392.1
102,2014,48,1000,13.35,1005.3,.583,371.1
102,2014,48,1100,13.35,2069.8,.466,399.8
102,2014,48,1200,13.35,2488.1,.466,412.7
102,2014,48,1300,13.34,2972.9,.516,434
102,2014,48,1400,13.33,3024.7,.716,497.9
102,2014,48,1500,13.33,2855.5,.533,486.1
102,2014,48,1600,13.33,2389.5,.6,527.6
102,2014,48,1700,13.32,1748.6,.65,592.2
102,2014,48,1800,13.32,1001.5,.75,653.1
102,2014,48,1900,13.32,301.7,.733,682.5
102,2014,48,2000,13.32,7.4968,.9,689.9
102,2014,48,2100,13.32,0,.666,705
102,2014,48,2200,13.32,0,.816,657.6
102,2014,48,2300,13.32,0,.633,539
101,2014,48,2400,13.32,20362,13.61
102,2014,48,2400,13.32,0,.583,515.1
102,2014,49,100,13.31,0,.683,510.8
102,2014,49,200,13.32,0,.616,490.2
102,2014,49,300,13.32,0,.4,468.1
102,2014,49,400,13.33,0,.433,450.6
102,2014,49,500,13.33,0,.466,448.1
102,2014,49,600,13.33,0,.466,438.1
102,2014,49,700,13.33,0,.466,431
102,2014,49,800,13.33,31.031,.417,418.4
102,2014,49,900,13.35,335.67,.433,402
102,2014,49,1000,13.35,763.14,.55,389.3
102,2014,49,1100,13.34,1638.5,.583,411.5
102,2014,49,1200,13.33,2509.1,.483,409.7
102,2014,49,1300,13.33,2449.6,.5,425.9
102,2014,49,1400,13.32,2761.3,.616,455.1
102,2014,49,1500,13.32,2661.1,.5,487.5
102,2014,49,1600,12.49,2375.8,.5,454.3
102,2014,49,1700,13.31,1750.9,.666,531.6
102,2014,49,1800,13.31,929.08,.516,600.1
102,2014,49,1900,13.3,331.21,.733,669
102,2014,49,2000,13.3,13.98,.733,663.6
102,2014,49,2100,13.31,0,.783,671.9
102,2014,49,2200,13.31,0,.716,677.2
102,2014,49,2300,13.31,0,.716,685.4
101,2014,49,2400,12.49,18550,13.71
102,2014,49,2400,13.31,0,.733,655
102,2014,50,100,13.31,0,.633,651.1
102,2014,50,200,13.32,0,.7,639.4
102,2014,50,300,13.31,0,.666,602
102,2014,50,400,13.31,0,.733,542.1
102,2014,50,500,13.32,0,.616,505.9
102,2014,50,600,13.32,0,.55,470.6
102,2014,50,700,13.33,0,.55,455.5
102,2014,50,800,13.33,36.95,.533,446.4
102,2014,50,900,13.33,296.97,.5,431.6
102,2014,50,1000,13.33,922.46,.583,410.3
102,2014,50,1100,13.33,1145.5,.55,420
102,2014,50,1200,13.32,1787.9,.65,426.7
102,2014,50,1300,13.32,2281.6,.383,439.4
102,2014,50,1400,13.31,2642,.55,454.8
102,2014,50,1500,13.31,2615.3,.616,474.4
102,2014,50,1600,13.3,1879,.516,515.7
102,2014,50,1700,13.3,934.01,.683,549.6
102,2014,50,1800,13.3,603.32,.65,573.7
102,2014,50,1900,13.3,282.55,.6,595
102,2014,50,2000,13.3,3.2453,.8,-6999
102,2014,50,2100,13.3,0,.983,1331
102,2014,50,2200,13.3,1.843,.466,551.1
102,2014,50,2300,13.3,.27901,.483,328.1
101,2014,50,2400,13.3,15433,14.48
102,2014,50,2400,13.3,0,.483,339.4
102,2014,51,100,13.31,0,.433,346
102,2014,51,200,13.31,0,.483,341.3
102,2014,51,300,13.31,0,.45,347.7
102,2014,51,400,13.31,0,.417,358.1
102,2014,51,500,13.32,0,.466,359.6
102,2014,51,600,13.32,0,.4,358.3
102,2014,51,700,13.33,0,.35,350.4
102,2014,51,800,13.33,11.808,.45,340.1
102,2014,51,900,13.33,126.7,.483,328
102,2014,51,1000,13.33,410.44,.317,320
102,2014,51,1100,13.34,1195.2,.333,308.6
102,2014,51,1200,13.33,1992.5,.483,300.2
102,2014,51,1300,13.33,2171.8,.35,292.6
102,2014,51,1400,13.33,3076.4,.533,303.2
102,2014,51,1500,13.32,2727.8,.583,327.1
102,2014,51,1600,13.32,1827.9,.516,330.2
102,2014,51,1700,13.31,1653.9,.433,320.2
102,2014,51,1800,13.31,833.6,.4,326.7
102,2014,51,1900,13.32,262.35,.516,350.7
102,2014,51,2000,13.32,10.016,.367,325.8
102,2014,51,2100,13.31,0,.483,311.9
102,2014,51,2200,13.31,0,.4,289.8
102,2014,51,2300,13.31,0,.3,273.8
101,2014,51,2400,13.31,16300,10.35
102,2014,51,2400,13.31,0,.4,288.9
102,2014,52,100,13.31,0,.4,294.8
102,2014,52,200,13.32,0,.367,290.1
102,2014,52,300,13.32,0,.383,290.3
102,2014,52,400,13.33,0,.433,297.6
102,2014,52,500,13.33,0,.183,361.2
102,2014,52,600,13.33,0,.383,648.6
102,2014,52,700,13.33,0,.283,499.1
102,2014,52,800,13.33,37.5,.333,520.1
102,2014,52,900,13.34,448.48,.466,257.2
102,2014,52,1000,13.34,1383.2,.433,245
102,2014,52,1100,13.33,2921.6,.483,221.9
102,2014,52,1200,13.33,3254.9,.367,195.6
102,2014,52,1300,12.46,3678.3,.183,156.6
102,2014,52,1400,12.45,4024.8,.083,153
102,2014,52,1500,13.32,1931.6,.367,189.1
102,2014,52,1600,13.32,1215.6,.417,192.1
102,2014,52,1700,13.31,610.37,.35,244.7
102,2014,52,1800,12.49,177.63,.283,150.3
102,2014,52,1900,12.47,76.646,.183,219.7
102,2014,52,2000,13.32,1.0427,.367,227.5
102,2014,52,2100,13.32,0,.383,272.3
102,2014,52,2200,13.32,0,.466,306.4
102,2014,52,2300,13.32,0,.367,282.2
101,2014,52,2400,12.45,19762,8.3
102,2014,52,2400,13.31,0,.333,258.7
102,2014,53,100,13.32,0,.317,258.6
102,2014,53,200,13.32,0,.333,271.5
102,2014,53,300,13.33,0,.4,270.6
102,2014,53,400,13.33,0,.233,282.6
102,2014,53,500,13.33,0,.516,295
102,2014,53,600,13.33,0,.267,293.1
102,2014,53,700,13.33,0,.317,302.5
102,2014,53,800,13.33,62.591,.333,454.6
102,2014,53,900,13.34,233.15,.417,368.5
102,2014,53,1000,13.34,772.17,.566,321.1
102,2014,53,1100,13.33,2569.1,.383,257.9
102,2014,53,1200,13.33,3010.4,.283,214.8
102,2014,53,1300,13.33,2911.8,.367,222.5
102,2014,53,1400,13.32,3404.8,.4,254.1
102,2014,53,1500,12.64,2243,.417,287.9
102,2014,53,1600,12.46,2429.5,.067,273.3
102,2014,53,1700,12.46,1091.2,.433,333.5
102,2014,53,1800,13.3,725.2,.5,387.7
102,2014,53,1900,13.3,387.55,.4,422.4
102,2014,53,2000,13.3,5.8445,.6,473.1
102,2014,53,2100,13.3,0,.516,379.8
102,2014,53,2200,13.3,0,.417,317.4
102,2014,53,2300,13.3,0,.583,313.7
101,2014,53,2400,12.46,19846,9.5
102,2014,53,2400,13.3,0,.433,312.6
102,2014,54,100,13.3,0,.483,310.7
102,2014,54,200,13.3,0,.466,311.4
102,2014,54,300,13.31,0,.45,327
102,2014,54,400,13.31,0,.45,365
102,2014,54,500,13.31,0,.466,370.4
102,2014,54,600,13.31,0,.466,310.2
102,2014,54,700,13.32,0,.367,304
102,2014,54,800,13.33,73.563,.383,296
102,2014,54,900,13.33,247.65,.3,291.8
102,2014,54,1000,13.33,724.03,.466,298.7
102,2014,54,1100,13.32,2552.1,.483,295.9
102,2014,54,1200,13.31,3212.1,.4,309
102,2014,54,1300,13.31,3546,.5,321.8
102,2014,54,1400,13.31,3655.1,.417,357.5
102,2014,54,1500,13.31,3035.4,.516,386.7
102,2014,54,1600,13.3,2869.7,.483,420
102,2014,54,1700,13.3,806.35,.833,636.5
102,2014,54,1800,13.3,420.95,.633,565.2
102,2014,54,1900,13.3,287.87,.616,556.6
102,2014,54,2000,13.3,3.0765,.75,588.6
102,2014,54,2100,13.29,0,.616,478.6
102,2014,54,2200,13.29,0,.4,337.7
102,2014,54,2300,13.29,0,.383,304
101,2014,54,2400,13.29,21434,11.8
102,2014,54,2400,13.29,0,.466,321
102,2014,55,100,13.3,0,.383,332.3
102,2014,55,200,13.3,0,.483,331.5
102,2014,55,300,13.3,0,.4,328.8
102,2014,55,400,13.3,0,.333,335.6
102,2014,55,500,13.3,0,.283,324.7
102,2014,55,600,13.31,0,.333,307.7
102,2014,55,700,13.31,0,.267,325.5
102,2014,55,800,13.31,70.583,.317,319.3
102,2014,55,900,13.33,330.65,.483,304.4
102,2014,55,1000,13.32,797.83,.516,308.9
102,2014,55,1100,13.31,2454.5,.5,324.9
102,2014,55,1200,13.31,3087.4,.35,319
102,2014,55,1300,13.31,3394.5,.4,337.9
102,2014,55,1400,13.3,3197.7,.566,364.7
102,2014,55,1500,13.3,2293.9,.483,423.4
102,2014,55,1600,13.29,999.67,.466,204.6
102,2014,55,1700,12.45,43.717,.017,293.1
102,2014,55,1800,12.45,10.507,0,283.3
102,2014,55,1900,12.45,16.001,0,429.4
102,2014,55,2000,12.49,2.5407,.1,281.5
102,2014,55,2100,13.31,.02937,.367,359.7
102,2014,55,2200,13.31,0,.367,283.5
102,2014,55,2300,13.31,0,.367,261.8
101,2014,55,2400,12.45,16700,8.13
102,2014,55,2400,13.31,0,.35,252.1
102,2014,56,100,13.31,0,.417,225.7
102,2014,56,200,13.32,0,.4,218.3
102,2014,56,300,13.32,0,.167,204.4
102,2014,56,400,13.33,0,.1,229.8
102,2014,56,500,13.33,0,.183,303
102,2014,56,600,13.33,0,.133,386.9
102,2014,56,700,13.33,0,0,368.6
102,2014,56,800,13.33,73.194,0,369.5
102,2014,56,900,13.35,390.6,.217,386.8
102,2014,56,1000,13.35,967.93,.417,204.3
102,2014,56,1100,13.34,2152.1,.5,146.1
102,2014,56,1200,12.45,3108.3,.183,117.1
102,2014,56,1300,12.44,2913.1,.1,111.8
102,2014,56,1400,12.46,3295.3,.133,126.1
102,2014,56,1500,12.45,3516.1,.117,138.9
102,2014,56,1600,13.32,1969.4,.267,149.4
102,2014,56,1700,13.32,1708.9,.317,144.6
102,2014,56,1800,12.49,1062.2,.233,135.9
102,2014,56,1900,12.45,332.78,.1,132.3
102,2014,56,2000,13.31,6.7917,.417,177.5
102,2014,56,2100,13.31,0,.35,190.8
102,2014,56,2200,13.3,0,.383,206.3
102,2014,56,2300,13.3,0,.25,215.9
101,2014,56,2400,12.44,21497,5.631
102,2014,56,2400,13.31,0,.25,233.2
102,2014,57,100,13.31,0,.333,256.9
102,2014,57,200,13.31,0,.4,252.4
102,2014,57,300,13.31,0,.317,252.5
102,2014,57,400,13.32,0,.267,283.9
102,2014,57,500,13.31,0,.267,321.6
102,2014,57,600,13.32,0,.133,348.6
102,2014,57,700,13.32,0,.267,484.3
102,2014,57,800,13.33,82.962,.466,572.2
102,2014,57,900,13.33,336.28,.45,301.7
102,2014,57,1000,13.33,846.24,.35,250.5
102,2014,57,1100,13.33,2723.5,.466,212.2
102,2014,57,1200,13.32,3379.8,.45,177.1
102,2014,57,1300,13.32,3741.2,.35,163.2
102,2014,57,1400,13.31,3599.5,.383,193.8
102,2014,57,1500,13.31,3431.9,.45,227.8
102,2014,57,1600,12.51,2761.9,.267,255.6
102,2014,57,1700,12.45,1244.8,0,228.6
102,2014,57,1800,12.45,1365.7,.067,266.1
102,2014,57,1900,13.3,345.39,.566,404.3
102,2014,57,2000,13.3,7.9444,.666,446.1
102,2014,57,2100,13.3,0,.533,300.9
102,2014,57,2200,13.29,0,.383,274.2
102,2014,57,2300,13.29,0,.383,295.2
101,2014,57,2400,12.45,23867,8.66
102,2014,57,2400,13.29,0,.45,319.1
102,2014,58,100,13.29,0,.317,322.3
102,2014,58,200,13.3,0,.433,359.6
102,2014,58,300,13.3,0,.367,426.4
102,2014,58,400,13.3,0,.466,633
102,2014,58,500,13.3,0,.433,394.6
102,2014,58,600,13.31,0,.367,330.9
102,2014,58,700,13.32,0,.417,290.6
102,2014,58,800,13.33,57.922,.3,271.9
102,2014,58,900,13.33,211.31,.45,262.3
102,2014,58,1000,13.33,679.05,.417,249.8
102,2014,58,1100,13.32,2665.9,.417,236.6
102,2014,58,1200,13.32,3353.2,.433,253.6
102,2014,58,1300,13.05,3818.2,.367,283
102,2014,58,1400,12.45,3934.9,.117,274
102,2014,58,1500,12.44,3677.4,.183,341.9
102,2014,58,1600,12.44,3159.4,.417,427.1
102,2014,58,1700,13.3,2351.1,.683,548.4
102,2014,58,1800,13.3,1070.9,.616,670.3
102,2014,58,1900,13.29,331.77,.766,633.1
102,2014,58,2000,13.29,11.506,.783,628
102,2014,58,2100,13.29,0,.733,536.7
102,2014,58,2200,13.28,0,.65,417.5
102,2014,58,2300,13.28,0,.483,350.7
101,2014,58,2400,12.44,25322,11.1
102,2014,58,2400,13.29,0,.483,329.6
102,2014,59,100,13.29,0,.417,321.4
102,2014,59,200,13.29,0,.333,318.8
102,2014,59,300,13.3,0,.333,330.8
102,2014,59,400,13.3,0,.35,343.3
102,2014,59,500,13.3,0,.267,339.5
102,2014,59,600,13.31,0,.483,331
102,2014,59,700,13.31,0,.367,320.4
102,2014,59,800,13.31,64.878,.45,307.9
102,2014,59,900,13.32,245.11,.367,308.7
102,2014,59,1000,13.32,705.98,.45,301.3
102,2014,59,1100,13.31,2605.1,.483,333.7
102,2014,59,1200,12.47,3217.7,.333,321.1
102,2014,59,1300,13.31,3575.8,.5,370.3
102,2014,59,1400,13.3,2765.9,.533,430.4
102,2014,59,1500,12.47,3366.8,.417,422.7
102,2014,59,1600,12.45,3084.2,.183,346.4
102,2014,59,1700,12.45,1928.4,.566,398.9
102,2014,59,1800,12.49,1087.6,.666,534.5
102,2014,59,1900,13.28,447.61,.833,584.1
102,2014,59,2000,13.28,14.722,.6,554.1
102,2014,59,2100,13.28,0,.583,443.3
102,2014,59,2200,13.28,0,.583,369.4
102,2014,59,2300,13.28,0,.417,339.6
101,2014,59,2400,12.45,23110,10.95
102,2014,59,2400,13.28,0,.433,339.4
102,2014,60,100,13.28,0,.483,341.9
102,2014,60,200,13.29,0,.4,355
102,2014,60,300,13.3,0,.3,395.2
102,2014,60,400,13.3,0,.25,416.3
102,2014,60,500,13.3,0,.333,394.4
102,2014,60,600,13.3,0,.3,375.1
102,2014,60,700,13.31,0,.333,426.5
102,2014,60,800,13.31,61.191,.183,370.3
102,2014,60,900,13.33,261.14,.417,316.6
102,2014,60,1000,13.32,729.24,.417,278.8
102,2014,60,1100,13.31,2396.7,.417,292.1
102,2014,60,1200,13.31,3137.8,.516,319.8
102,2014,60,1300,12.46,3604.7,.3,310.4
102,2014,60,1400,12.45,3715.3,.433,268.1
102,2014,60,1500,12.44,3589,.5,277.6
102,2014,60,1600,12.44,3161.3,.5,319
102,2014,60,1700,12.45,1028,.533,447.6
102,2014,60,1800,12.45,930.63,.45,346.8
102,2014,60,1900,12.45,507.81,.483,425
102,2014,60,2000,12.45,3.9795,.516,348.8
102,2014,60,2100,12.45,0,.317,285.1
102,2014,60,2200,12.45,0,.283,266.5
102,2014,60,2300,12.45,0,.4,261
101,2014,60,2400,12.44,23127,9.46
102,2014,60,2400,12.45,0,.4,259.6
102,2014,61,100,12.45,0,.317,254.8
102,2014,61,200,12.45,0,.35,248.2
102,2014,61,300,12.45,0,.466,248.9
102,2014,61,400,12.45,0,.35,250.6
102,2014,61,500,12.45,0,.466,241.4
102,2014,61,600,12.45,0,.2,250.9
102,2014,61,700,12.45,0,.15,242.7
102,2014,61,800,12.45,69.76,0,241.1
102,2014,61,900,12.45,239.39,.267,243.3
102,2014,61,1000,12.44,789.97,.35,249.2
102,2014,61,1100,12.45,2577,.267,246.5
102,2014,61,1200,12.45,3189.4,.267,250.7
102,2014,61,1300,12.45,3555,.25,279.1
102,2014,61,1400,12.45,3366.1,.15,305.9
102,2014,61,1500,12.47,3107.2,.15,340.3
102,2014,61,1600,12.45,2962,.183,344
102,2014,61,1700,12.45,1908,.5,403.9
102,2014,61,1800,12.46,378.17,.816,507.9
102,2014,61,1900,12.51,53.034,.833,498.2
102,2014,61,2000,12.51,.88108,.766,485.6
102,2014,61,2100,12.49,0,.716,446.5
102,2014,61,2200,12.49,0,.6,395.3
102,2014,61,2300,12.48,0,.566,366.4
101,2014,61,2400,12.44,22196,9.43
102,2014,61,2400,12.47,0,.45,349.3
102,2014,62,100,12.46,0,.483,339
102,2014,62,200,12.45,0,.183,305.7
102,2014,62,300,12.45,0,.3,306
102,2014,62,400,12.45,0,.25,309.5
102,2014,62,500,12.45,0,.183,308.1
102,2014,62,600,12.45,0,.3,296.3
102,2014,62,700,12.45,0,.367,278.1
102,2014,62,800,12.44,80.209,.333,276.1
102,2014,62,900,12.44,324.45,.367,287.8
102,2014,62,1000,12.44,867.59,.417,308.2
102,2014,62,1100,12.44,2204,.483,308.1
102,2014,62,1200,12.44,2861.4,.417,305.6
102,2014,62,1300,12.44,3426.1,.417,327
102,2014,62,1400,12.44,3507.1,.466,368.8
102,2014,62,1500,12.44,3416.5,.5,419.9
102,2014,62,1600,12.44,2943.2,.616,436.2
102,2014,62,1700,12.45,2251.4,.6,482.6
102,2014,62,1800,12.45,1328,.683,507.3
102,2014,62,1900,12.45,490.98,.7,573.8
102,2014,62,2000,12.45,16.109,.85,559.5
102,2014,62,2100,12.45,0,.6,487.9
102,2014,62,2200,12.45,0,.566,381.2
102,2014,62,2300,12.45,0,.45,343.4
101,2014,62,2400,12.44,23717,10.86
102,2014,62,2400,12.45,0,.333,340.6
102,2014,63,100,12.45,0,.383,335
102,2014,63,200,12.44,0,.433,302.7
102,2014,63,300,12.44,0,.35,285.4
102,2014,63,400,12.44,0,.466,327.9
102,2014,63,500,12.44,0,.566,344.9
102,2014,63,600,12.44,0,.516,351.2
102,2014,63,700,12.44,0,.516,335.1
102,2014,63,800,12.44,71.353,.5,325.9
102,2014,63,900,12.43,250.18,.433,317.5
102,2014,63,1000,12.43,770.25,.45,325.2
102,2014,63,1100,12.43,2554.6,.35,312.6
102,2014,63,1200,12.43,3194.6,.367,320.7
102,2014,63,1300,12.44,3583.5,.4,433.7
102,2014,63,1400,13.22,3642.8,.683,546
102,2014,63,1500,13.25,3025.1,.733,633.6
102,2014,63,1600,13.26,2787.4,.8,644.5
102,2014,63,1700,13.26,2257.2,.75,709
102,2014,63,1800,13.26,1256.2,.9,822
102,2014,63,1900,13.26,414.89,.85,743
102,2014,63,2000,13.26,11.969,.8,689.3
102,2014,63,2100,13.26,0,.716,634.2
102,2014,63,2200,13.26,0,.516,483.5
102,2014,63,2300,13.26,0,.55,382.2
101,2014,63,2400,12.43,23820,13.33
102,2014,63,2400,12.51,0,.3,323.5
102,2014,64,100,12.5,0,.433,328.4
102,2014,64,200,12.51,0,.333,321.1
102,2014,64,300,12.51,0,.05,325.7
102,2014,64,400,12.51,0,.183,360.5
102,2014,64,500,12.5,0,.15,428
102,2014,64,600,12.5,0,.417,517.4
102,2014,64,700,12.49,0,.4,540.2
102,2014,64,800,12.49,83.551,.067,351.8
102,2014,64,900,12.49,389.62,.433,306.3
102,2014,64,1000,12.48,880.87,.533,319.6
102,2014,64,1100,12.48,2463.1,.417,318.1
102,2014,64,1200,12.49,2697.6,.433,294.2
102,2014,64,1300,12.48,2887.1,.417,302.8
102,2014,64,1400,12.48,3290.8,.417,314.8
102,2014,64,1500,12.48,3078.5,.417,320.9
102,2014,64,1600,12.48,2290.5,.483,352.7
102,2014,64,1700,12.47,1973.8,.466,380.1
102,2014,64,1800,12.47,1316,.566,403.2
102,2014,64,1900,12.47,270.16,.65,417.7
102,2014,64,2000,12.47,1.5052,.566,385.6
102,2014,64,2100,12.46,0,.483,295.2
102,2014,64,2200,12.46,0,.483,287.9
102,2014,64,2300,12.46,0,.267,280.8
101,2014,64,2400,12.45,21623,9.35
102,2014,64,2400,12.45,0,.283,286.9
102,2014,65,100,12.45,0,.333,284.4
102,2014,65,200,12.45,0,.317,283.6
102,2014,65,300,12.45,0,.25,283.1
102,2014,65,400,12.45,0,.283,289.9
102,2014,65,500,12.45,0,.05,306.6
102,2014,65,600,12.45,0,0,329.2
102,2014,65,700,12.44,0,.083,315.2
102,2014,65,800,12.44,75.275,0,312.1
102,2014,65,900,12.44,421,.183,283.3
102,2014,65,1000,12.44,852.57,.367,249.8
102,2014,65,1100,12.44,2470,.433,341.2
102,2014,65,1200,12.44,3215.6,.383,297.7
102,2014,65,1300,12.44,3682.6,.267,263.6
102,2014,65,1400,12.44,3930.1,.4,275.8
102,2014,65,1500,12.44,3147.6,.4,366.3
102,2014,65,1600,12.44,1302.7,.267,-6999
102,2014,65,1700,12.44,788.53,.367,297.2
102,2014,65,1800,12.44,203.06,.6,389.4
102,2014,65,1900,12.44,82.14,.833,771
102,2014,65,2000,12.44,4.1853,.35,325.4
102,2014,65,2100,12.44,0,.367,252
102,2014,65,2200,12.44,0,.3,238.4
102,2014,65,2300,12.44,0,.183,229.5
101,2014,65,2400,12.44,20175,7.35
102,2014,65,2400,12.44,0,.333,228.6
102,2014,66,100,12.44,0,.3,240.6
102,2014,66,200,12.44,0,.3,243.5
102,2014,66,300,12.44,0,.267,252.2
102,2014,66,400,12.44,0,.083,252.3
102,2014,66,500,12.43,0,.067,277.4
102,2014,66,600,12.43,0,.117,283.2
102,2014,66,700,12.43,0,.117,286.9
102,2014,66,800,12.43,108.71,.1,294.5
102,2014,66,900,12.43,377.54,.333,291.5
102,2014,66,1000,12.43,862.29,.4,302
102,2014,66,1100,13.22,2600.4,.566,292.7
102,2014,66,1200,13.26,3088,.45,281.6
102,2014,66,1300,12.59,3570.5,.483,288.3
102,2014,66,1400,12.53,2760.3,.183,282.7
102,2014,66,1500,13.28,3177.8,.65,363
102,2014,66,1600,12.52,2792.9,.2,352
102,2014,66,1700,12.51,1908.1,.65,475.2
102,2014,66,1800,13.28,471.13,.633,535
102,2014,66,1900,13.28,164.85,.566,361.5
102,2014,66,2000,13.28,3.6713,.4,324.7
102,2014,66,2100,13.28,0,.533,312.1
102,2014,66,2200,13.28,0,.4,311.6
102,2014,66,2300,12.59,0,.3,293.5
101,2014,66,2400,12.43,21886,8.35
102,2014,66,2400,12.5,0,.25,259.3
102,2014,67,100,12.5,0,.35,253.5
102,2014,67,200,12.5,0,.2,261.4
102,2014,67,300,12.5,.06608,.167,277
102,2014,67,400,12.5,0,0,266.7
102,2014,67,500,12.5,0,0,274.9
102,2014,67,600,12.49,0,0,277
102,2014,67,700,12.49,0,0,275.7
102,2014,67,800,12.49,142.96,.067,279.5
102,2014,67,900,12.49,565.78,.233,276.9
102,2014,67,1000,12.49,1079.6,.367,286.1
102,2014,67,1100,13.29,2184.4,.45,314.8
102,2014,67,1200,13.3,2598.3,.466,324
102,2014,67,1300,13.3,2844.7,.483,343.1
102,2014,67,1400,13.29,3808.7,.55,364.2
102,2014,67,1500,13.29,3553.5,.433,413.5
102,2014,67,1600,13.28,3068.7,.566,449.3
102,2014,67,1700,13.28,2360.4,.566,474.2
102,2014,67,1800,13.27,1386.6,.533,539.3
102,2014,67,1900,13.27,316.24,.633,559.4
102,2014,67,2000,13.27,1.7035,.55,574.7
102,2014,67,2100,13.27,0,.6,459.7
102,2014,67,2200,13.27,0,.5,375.2
102,2014,67,2300,13.27,0,.516,362.4
101,2014,67,2400,12.49,23912,8.7
102,2014,67,2400,13.28,0,.466,370.9
102,2014,68,100,13.28,0,.433,369
102,2014,68,200,13.28,0,.417,317.6
102,2014,68,300,13.28,0,.4,296.4
102,2014,68,400,13.28,0,.483,297.8
102,2014,68,500,13.28,0,.533,310
102,2014,68,600,13.28,0,.483,372.6
102,2014,68,700,13.29,0,.533,372.1
102,2014,68,800,13.3,76.331,.466,368.8
102,2014,68,900,13.3,275.84,.483,360.8
102,2014,68,1000,13.3,778.28,.483,367.7
102,2014,68,1100,13.3,2598.6,.383,350.9
102,2014,68,1200,13.29,3280.2,.516,359.8
102,2014,68,1300,13.29,3643.2,.583,396.5
102,2014,68,1400,13.28,3800.6,.566,479.2
102,2014,68,1500,13.28,3294.9,.583,506.2
102,2014,68,1600,13.28,2857.7,.7,498.7
102,2014,68,1700,13.27,2310.1,.666,530.8
102,2014,68,1800,13.26,1444.8,.716,602.9
102,2014,68,1900,13.26,408.59,.783,701
102,2014,68,2000,13.26,12.578,.683,688.7
102,2014,68,2100,13.26,0,.633,645.2
102,2014,68,2200,13.26,0,.583,529.6
102,2014,68,2300,13.26,0,.55,425.7
101,2014,68,2400,13.26,24782,13.23
102,2014,68,2400,13.26,0,.566,390
102,2014,69,100,12.49,0,.516,477.2
102,2014,69,200,12.47,0,.4,371.5
102,2014,69,300,12.47,0,0,341.9
102,2014,69,400,12.47,0,0,305.7
102,2014,69,500,12.47,0,0,290.9
102,2014,69,600,12.47,0,0,289.7
102,2014,69,700,12.47,0,0,288.8
102,2014,69,800,12.46,86.54,.2,305.6
102,2014,69,900,13.29,334.65,.433,323.2
102,2014,69,1000,13.31,838.02,.45,371.9
102,2014,69,1100,12.49,2449,.4,329.4
102,2014,69,1200,13.3,3137.1,.433,378.5
102,2014,69,1300,13.29,3445.5,.55,428.9
102,2014,69,1400,13.28,3612.6,.516,489.1
102,2014,69,1500,13.28,3226.8,.716,536.4
102,2014,69,1600,13.28,2902.3,.616,562.9
102,2014,69,1700,13.27,2012.4,.65,615.6
102,2014,69,1800,13.26,742,.85,755
102,2014,69,1900,13.26,339.99,.916,779
102,2014,69,2000,13.26,10.772,.7,644
102,2014,69,2100,13.26,0,.55,521.1
102,2014,69,2200,13.26,0,.533,434
102,2014,69,2300,13.26,0,.433,368.3
101,2014,69,2400,12.46,23138,10.25
102,2014,69,2400,13.26,0,.383,349
102,2014,70,100,13.26,0,.5,327.2
102,2014,70,200,13.26,0,.3,387.9
102,2014,70,300,13.27,0,.417,324.9
102,2014,70,400,13.27,0,.383,322.3
102,2014,70,500,13.28,0,.45,328.5
102,2014,70,600,13.28,0,.317,324.7
102,2014,70,700,13.28,.02937,.367,315.3
102,2014,70,800,13.28,93.439,.367,314.6
102,2014,70,900,13.29,440.08,.367,310.7
102,2014,70,1000,13.3,1120.8,.383,316.3
102,2014,70,1100,13.3,2403.6,.5,346.1
102,2014,70,1200,12.47,2821.9,.333,328.3
102,2014,70,1300,13.29,3354.6,.4,377.8
102,2014,70,1400,13.28,2579.1,.533,401.7
102,2014,70,1500,13.28,3163.6,.55,435.9
102,2014,70,1600,13.28,1355.9,.417,-6999
102,2014,70,1700,13.28,422.21,.1,-6999
102,2014,70,1800,13.28,137.16,.5,253
102,2014,70,1900,13.29,83.887,.3,140.3
102,2014,70,2000,13.28,3.2013,.333,219.2
102,2014,70,2100,13.29,0,.383,240.9
102,2014,70,2200,13.29,0,.333,255.3
102,2014,70,2300,13.3,0,.367,262.9
101,2014,70,2400,12.47,17979,9.36
102,2014,70,2400,13.3,0,.466,242.6
102,2014,71,100,13.3,0,.45,243.4
102,2014,71,200,13.3,0,.483,239.9
102,2014,71,300,13.3,0,.333,274.1
102,2014,71,400,13.3,0,.283,227.8
102,2014,71,500,13.31,0,.217,295.8
102,2014,71,600,13.31,0,.267,413.5
102,2014,71,700,13.31,0,.083,316.1
102,2014,71,800,13.32,85.1,0,388
102,2014,71,900,13.32,437.2,.317,498.5
102,2014,71,1000,13.33,1064.2,.4,293
102,2014,71,1100,13.33,1490.9,.417,213.8
102,2014,71,1200,13.32,2763.9,.516,199
102,2014,71,1300,13.31,2787.5,.466,204.3
102,2014,71,1400,13.31,2156,.466,226
102,2014,71,1500,13.3,2809,.466,230.9
102,2014,71,1600,13.3,1408,.4,219.2
102,2014,71,1700,13.3,1769.5,.383,208
102,2014,71,1800,13.3,445.95,.417,222.7
102,2014,71,1900,13.3,201.52,.317,196.2
102,2014,71,2000,13.3,9.0383,.4,208.4
102,2014,71,2100,12.45,0,.233,241.6
102,2014,71,2200,13.3,.11748,.4,524.5
102,2014,71,2300,13.3,0,.317,297.2
101,2014,71,2400,12.45,17428,8.45
102,2014,71,2400,13.31,0,.417,294.2
102,2014,72,100,13.31,0,.533,387.3
102,2014,72,200,13.31,0,.566,485
102,2014,72,300,13.31,0,.383,336.7
102,2014,72,400,13.31,0,.333,324.8
102,2014,72,500,13.31,0,.233,362.2
102,2014,72,600,13.32,0,.233,351.9
102,2014,72,700,13.32,0,.383,296.1
102,2014,72,800,13.32,98.735,.3,273
102,2014,72,900,13.33,498.06,.583,259.2
102,2014,72,1000,13.33,959.49,.317,233.9
102,2014,72,1100,13.33,2450.8,.417,209
102,2014,72,1200,13.33,1892.1,.433,199.5
102,2014,72,1300,12.92,2101.1,.417,191.1
102,2014,72,1400,12.43,3745.3,0,195.7
102,2014,72,1500,12.43,1973.3,.05,239.8
102,2014,72,1600,12.43,2014.7,.25,280.2
102,2014,72,1700,12.43,562.38,.383,460.9
102,2014,72,1800,12.43,388.93,0,283.2
102,2014,72,1900,12.43,338.9,0,251.6
102,2014,72,2000,12.43,5.1548,.15,329.7
102,2014,72,2100,12.43,0,.033,245.2
102,2014,72,2200,13.32,0,0,163.1
102,2014,72,2300,13.33,.0514,0,165.4
101,2014,72,2400,12.43,17029,5.998
102,2014,72,2400,13.33,0,0,163.8
102,2014,73,100,13.33,0,0,292.6
102,2014,73,200,13.33,0,.183,626.5
102,2014,73,300,13.33,0,.866,1043
102,2014,73,400,13.33,0,.117,527.4
102,2014,73,500,13.33,0,0,418.4
102,2014,73,600,13.34,0,.033,473.6
102,2014,73,700,13.34,0,.283,663.3
102,2014,73,800,13.34,32.213,.533,871
102,2014,73,900,13.35,229.82,.95,1017
102,2014,73,1000,13.35,1006.7,.9,-6999
102,2014,73,1100,13.35,780.09,.367,-6999
102,2014,73,1200,13.35,787.69,.417,550.7
102,2014,73,1300,12.69,1082.7,.3,232.3
102,2014,73,1400,13.35,2710.2,.333,261.7
102,2014,73,1500,13.35,439.88,.183,136
102,2014,73,1600,13.35,203.09,.05,217.2
102,2014,73,1700,13.35,109.68,0,218.4
102,2014,73,1800,13.36,203.18,0,209
102,2014,73,1900,13.36,150.85,0,211.1
102,2014,73,2000,13.36,5.2059,0,191.2
102,2014,73,2100,13.36,0,0,213
102,2014,73,2200,13.36,0,0,320.5
102,2014,73,2300,13.37,0,0,443.4
101,2014,73,2400,12.69,7741.3,5.648
102,2014,73,2400,13.37,0,.133,589.5
102,2014,74,100,13.37,0,.267,689.6
102,2014,74,200,13.37,0,.35,689.5
102,2014,74,300,13.38,0,.5,834
102,2014,74,400,13.38,0,.516,831
102,2014,74,500,13.38,0,.5,973
102,2014,74,600,13.38,0,.6,1046
102,2014,74,700,13.38,0,1,1532
102,2014,74,800,13.38,100.22,1,1809
102,2014,74,900,13.38,509.17,.5,925
102,2014,74,1000,13.38,1184.8,.25,74.1
102,2014,74,1100,13.38,2494.7,.383,28.14
102,2014,74,1200,13.38,3397.6,.3,-24.3
102,2014,74,1300,13.37,3804.5,.5,16.76
102,2014,74,1400,13.36,3359.8,.317,-4.855
102,2014,74,1500,13.36,3079.2,.4,-5.818
102,2014,74,1600,13.35,2527,.3,32.29
102,2014,74,1700,13.35,1121.9,.333,66.11
102,2014,74,1800,13.35,101.37,.217,22.67
102,2014,74,1900,13.35,37.191,.183,127.2
102,2014,74,2000,13.35,1.0647,.25,50.9
102,2014,74,2100,13.35,0,.25,49.41
102,2014,74,2200,13.35,0,.35,8.47
102,2014,74,2300,13.35,0,.367,27.85
101,2014,74,2400,13.35,21719,10.05
102,2014,74,2400,13.35,0,.417,73.3
102,2014,75,100,13.36,0,.3,76.9
102,2014,75,200,13.36,0,.267,28.38
102,2014,75,300,13.36,0,.417,31.81
102,2014,75,400,13.36,0,.2,70
102,2014,75,500,13.36,0,.167,20.38
102,2014,75,600,13.37,0,.183,103.4
102,2014,75,700,13.37,0,.05,57.57
102,2014,75,800,13.37,110.64,.117,94.4
102,2014,75,900,13.38,182.03,.417,34.15
102,2014,75,1000,13.37,948.71,.367,32.61
102,2014,75,1100,13.36,2806.7,.25,101.2
102,2014,75,1200,13.36,3432,.4,92.4
102,2014,75,1300,13.35,4041.5,.3,58.7
102,2014,75,1400,13.35,2782.3,.317,1.998
102,2014,75,1500,13.35,3378.8,.183,-26.04
102,2014,75,1600,13.34,2393.4,.233,50.17
102,2014,75,1700,13.33,1966.7,.267,96.1
102,2014,75,1800,12.69,421.31,.217,91.1
102,2014,75,1900,13.33,67.798,.117,117.1
102,2014,75,2000,13.33,2.8271,.2,114.3
102,2014,75,2100,13.33,0,.117,84
102,2014,75,2200,13.33,0,0,219.7
102,2014,75,2300,13.34,0,0,327.4
101,2014,75,2400,12.69,22535,5.248
102,2014,75,2400,13.34,0,.167,202.9
102,2014,76,100,13.34,0,.2,151.4
102,2014,76,200,13.34,0,0,180.2
102,2014,76,300,13.35,0,0,292.7
102,2014,76,400,13.35,0,.067,365.8
102,2014,76,500,13.35,0,.067,375.7
102,2014,76,600,13.35,0,.017,376.5
102,2014,76,700,13.36,0,.067,405.3
102,2014,76,800,13.36,74.102,.183,322
102,2014,76,900,13.36,204.36,.333,128.6
102,2014,76,1000,13.36,950.8,.3,90.3
102,2014,76,1100,13.36,2810.7,.25,77.1
102,2014,76,1200,13.35,3434.7,.383,79
102,2014,76,1300,13.35,3161.6,.433,92.6
102,2014,76,1400,13.34,3515.1,.333,89.7
102,2014,76,1500,13.33,2979.7,.2,86.7
102,2014,76,1600,13.33,3098.7,.267,83.7
102,2014,76,1700,13.32,2306.4,.217,86
102,2014,76,1800,13.32,1492.7,.35,91.6
102,2014,76,1900,13.32,508.12,.267,103.1
102,2014,76,2000,13.31,11.314,.317,118.2
102,2014,76,2100,13.31,0,.283,132.5
102,2014,76,2200,13.31,0,.417,138.2
102,2014,76,2300,13.31,0,.4,145.9
101,2014,76,2400,13.31,24548,5.781
102,2014,76,2400,13.31,0,.433,149
102,2014,77,100,13.31,0,.3,153.4
102,2014,77,200,13.32,0,.35,155.6
102,2014,77,300,13.32,0,.05,181.6
102,2014,77,400,13.33,0,.05,341.6
102,2014,77,500,13.33,0,.067,373.5
102,2014,77,600,13.33,0,0,367.9
102,2014,77,700,13.33,0,.1,365.1
102,2014,77,800,13.34,134.54,.35,274.6
102,2014,77,900,13.33,378.33,.483,252.3
102,2014,77,1000,13.33,999.86,.367,147.8
102,2014,77,1100,13.33,1723.7,.6,159.7
102,2014,77,1200,13.33,2149.1,.45,172.7
102,2014,77,1300,13.32,2517.1,.45,183.9
102,2014,77,1400,13.32,2113.6,.417,183.2
102,2014,77,1500,13.31,2505.8,.466,184.6
102,2014,77,1600,13.32,1935.4,.383,187.3
102,2014,77,1700,13.31,1391.7,.417,229
102,2014,77,1800,13.31,1065.1,.417,228.5
102,2014,77,1900,13.31,526.12,.466,236
102,2014,77,2000,13.31,12.386,.367,257.5
102,2014,77,2100,13.31,0,.483,256.9
102,2014,77,2200,13.31,0,.4,249
102,2014,77,2300,13.31,0,.283,169.3
101,2014,77,2400,13.31,17453,8.06
102,2014,77,2400,13.32,0,.35,133.6
102,2014,78,100,13.32,0,.35,192.8
102,2014,78,200,13.33,0,.483,185.8
102,2014,78,300,13.33,0,.433,229.7
102,2014,78,400,13.33,0,.35,245.9
102,2014,78,500,13.33,0,.433,237.5
102,2014,78,600,13.33,0,.35,228.5
102,2014,78,700,13.33,0,.433,231.6
102,2014,78,800,13.34,114.79,.45,203.6
102,2014,78,900,13.34,209.99,.35,214.8
102,2014,78,1000,13.34,1162.7,.383,231
102,2014,78,1100,12.42,2115.7,.033,195.4
102,2014,78,1200,12.41,2533.4,0,196.1
102,2014,78,1300,12.41,3787.4,0,183
102,2014,78,1400,12.42,3666.9,0,191.8
102,2014,78,1500,12.42,3469.8,0,199.8
102,2014,78,1600,12.42,3218.2,0,208.6
102,2014,78,1700,12.42,2143.2,0,234.8
102,2014,78,1800,12.43,945.66,.017,281
102,2014,78,1900,12.43,149.58,.367,353
102,2014,78,2000,13.31,2.0707,.45,360
102,2014,78,2100,13.3,0,.55,339.6
102,2014,78,2200,13.3,0,.55,275
102,2014,78,2300,13.3,0,.533,251.2
101,2014,78,2400,12.41,23519,6.914
102,2014,78,2400,13.3,0,.4,246.5
102,2014,79,100,13.3,0,.433,265.5
102,2014,79,200,13.3,0,.566,356.1
102,2014,79,300,13.31,0,.417,341.7
102,2014,79,400,13.31,0,.4,232.7
102,2014,79,500,13.31,0,.383,133.3
102,2014,79,600,13.32,0,.25,-81.1
102,2014,79,700,13.32,0,.233,-218.9
102,2014,79,800,13.33,130.58,.217,-142.7
102,2014,79,900,13.33,231.07,.466,212
102,2014,79,1000,13.33,1011.6,.367,292.1
102,2014,79,1100,13.33,2812,.45,276.2
102,2014,79,1200,13.32,3409.3,.516,258
102,2014,79,1300,13.32,3736.7,.367,258.9
102,2014,79,1400,13.31,3781,.5,267.6
102,2014,79,1500,13.31,3472.8,.516,294.2
102,2014,79,1600,13.3,3036.7,.516,311.8
102,2014,79,1700,13.3,2403.1,.55,333.6
102,2014,79,1800,13.29,1585.2,.55,374.7
102,2014,79,1900,13.29,454.83,.433,440.3
102,2014,79,2000,13.29,7.1883,.566,481.3
102,2014,79,2100,13.29,0,.516,442.8
102,2014,79,2200,13.29,0,.433,356.4
102,2014,79,2300,13.29,0,.483,323.5
101,2014,79,2400,13.29,26072,10.56
102,2014,79,2400,13.29,0,.433,319.3
102,2014,80,100,13.29,0,.5,294.8
102,2014,80,200,13.3,0,.383,157.6
102,2014,80,300,13.3,0,.333,68.37
102,2014,80,400,13.3,0,.433,52.61
102,2014,80,500,13.3,0,.466,185.7
102,2014,80,600,13.31,0,.35,244.8
102,2014,80,700,13.31,0,.433,230.7
102,2014,80,800,13.31,106.98,.4,248.3
102,2014,80,900,13.32,286.7,.583,275.8
102,2014,80,1000,13.32,1086.5,.5,295.1
102,2014,80,1100,13.31,2727.9,.5,282.7
102,2014,80,1200,13.31,3321,.417,292.8
102,2014,80,1300,13.31,3674.4,.466,318.5
102,2014,80,1400,13.3,3718.2,.516,330
102,2014,80,1500,13.3,3372.3,.45,356.3
102,2014,80,1600,13.3,2268.4,.55,373.8
102,2014,80,1700,13.29,920.03,.516,425.8
102,2014,80,1800,13.29,230.97,.383,-6999
102,2014,80,1900,13.29,140.22,.6,309.1
102,2014,80,2000,13.29,4.9341,.633,257.3
102,2014,80,2100,13.29,0,.6,510.7
102,2014,80,2200,13.3,0,.466,216.3
102,2014,80,2300,13.29,0,.383,253.4
101,2014,80,2400,13.29,21859,11.2
102,2014,80,2400,13.3,0,.333,311.9
102,2014,81,100,13.3,0,.466,238.8
102,2014,81,200,13.3,0,.4,210.4
102,2014,81,300,13.3,0,.433,189.2
102,2014,81,400,13.31,0,.317,110.4
102,2014,81,500,13.31,0,.217,-1.277
102,2014,81,600,13.31,0,.267,-79.9
102,2014,81,700,13.32,0,.333,92.1
102,2014,81,800,13.32,102.13,.25,-16.48
102,2014,81,900,13.32,279.71,.35,167.5
102,2014,81,1000,13.32,1117.2,.383,269.7
102,2014,81,1100,13.32,2692.8,.317,309.3
102,2014,81,1200,13.31,3276.1,.4,285.8
102,2014,81,1300,12.43,3571.2,.267,261.3
102,2014,81,1400,12.41,3354.2,0,254.6
102,2014,81,1500,12.41,3359.1,.1,269.1
102,2014,81,1600,13.3,2678,.5,339.4
102,2014,81,1700,13.3,1508.6,.583,399.2
102,2014,81,1800,13.3,745.1,.55,432.2
102,2014,81,1900,13.29,336.86,.45,417.5
102,2014,81,2000,13.26,7.9665,.117,-6999
102,2014,81,2100,13.29,0,0,-10.27
102,2014,81,2200,13.29,0,.017,50.34
102,2014,81,2300,13.3,0,.033,-61.62
101,2014,81,2400,12.41,23029,6.781
102,2014,81,2400,13.3,0,.033,-175.9
102,2014,82,100,13.3,0,.067,-112.7
102,2014,82,200,13.3,.72688,.4,56.61
102,2014,82,300,13.3,0,.383,14.61
102,2014,82,400,13.3,0,.05,-96.7
102,2014,82,500,13.31,0,.233,-25.98
102,2014,82,600,13.31,0,.133,-103.9
102,2014,82,700,13.31,0,.117,-44.17
102,2014,82,800,13.31,123.39,.083,-74.1
102,2014,82,900,13.31,329.99,.35,65.22
102,2014,82,1000,13.31,1136.2,.4,103.9
102,2014,82,1100,13.31,2663.4,.417,127.3
102,2014,82,1200,13.31,3179.8,.417,127.8
102,2014,82,1300,13.31,3124.6,.367,133.9
102,2014,82,1400,13.3,2986.2,.4,147.9
102,2014,82,1500,12.56,838.23,.267,186.8
102,2014,82,1600,13.3,1056.9,.183,166.9
102,2014,82,1700,13.3,1358,.466,188.2
102,2014,82,1800,13.3,742.49,.45,152.9
102,2014,82,1900,13.3,210.86,.433,161.9
102,2014,82,2000,13.3,7.1955,.483,119.3
102,2014,82,2100,13.3,.24964,.217,-75.4
102,2014,82,2200,13.3,.06608,0,4.264
102,2014,82,2300,13.31,0,0,33.48
101,2014,82,2400,12.56,17758,6.314
102,2014,82,2400,13.31,0,0,2.916
102,2014,83,100,13.31,0,.133,82.3
102,2014,83,200,13.31,0,.067,62.62
102,2014,83,300,13.31,0,0,-120.9
102,2014,83,400,13.31,0,0,-177.4
102,2014,83,500,13.31,0,.033,-124.1
102,2014,83,600,13.32,0,.383,-3.822
102,2014,83,700,13.33,0,.117,-146.9
102,2014,83,800,13.33,117.33,.017,-137.3
102,2014,83,900,13.33,506.46,.3,15.53
102,2014,83,1000,13.33,1346,.383,63.24
102,2014,83,1100,13.33,2248.6,.333,86.2
102,2014,83,1200,13.33,3089.3,.35,102
102,2014,83,1300,13.32,3624.2,.367,117.2
102,2014,83,1400,13.31,3232.6,.4,94
102,2014,83,1500,13.31,1619.5,.45,98.1
102,2014,83,1600,12.43,122.07,.1,-36.57
102,2014,83,1700,12.41,44.815,0,-66.49
102,2014,83,1800,13.33,32.765,.067,-231.1
102,2014,83,1900,13.33,18.078,.217,60.03
102,2014,83,2000,13.33,.18357,.333,5.504
102,2014,83,2100,13.33,0,.35,13.8
102,2014,83,2200,13.33,0,.283,37.15
102,2014,83,2300,13.33,0,.367,30.72
101,2014,83,2400,12.41,16002,5.198
102,2014,83,2400,13.33,0,.15,1.321
102,2014,84,100,13.34,0,.267,-13.97
102,2014,84,200,13.34,0,.333,36.52
102,2014,84,300,13.34,0,.267,21.59
102,2014,84,400,13.35,0,0,59.9
102,2014,84,500,13.35,0,0,-56.99
102,2014,84,600,13.35,0,.483,288.3
102,2014,84,700,13.35,0,.367,57.59
102,2014,84,800,13.35,79.786,.233,4.117
102,2014,84,900,13.35,369.65,.417,20.28
102,2014,84,1000,13.36,630,.483,41.62
102,2014,84,1100,13.36,1165,.333,52.61
102,2014,84,1200,12.5,2254.5,.3,62.04
102,2014,84,1300,13.35,2980.7,.417,82.2
102,2014,84,1400,13.35,2970.4,.367,97.6
102,2014,84,1500,13.34,2179.6,.3,-6999
102,2014,84,1600,13.35,371.38,.417,62.89
102,2014,84,1700,13.35,723.89,.35,60.13
102,2014,84,1800,13.35,800.26,.417,80.6
102,2014,84,1900,13.35,257.05,.4,69.26
102,2014,84,2000,13.35,5.8301,.317,47.77
102,2014,84,2100,13.35,0,.217,22.14
102,2014,84,2200,12.41,0,.167,13.78
102,2014,84,2300,12.4,0,0,8.69
101,2014,84,2400,12.4,14788,7.1
102,2014,84,2400,12.4,0,.25,15.79
102,2014,85,100,13.36,0,.383,20.35
102,2014,85,200,13.36,0,.383,20.44
102,2014,85,300,13.36,0,.25,-5.471
102,2014,85,400,13.37,0,.217,-28.5
102,2014,85,500,13.37,0,.183,-27.64
102,2014,85,600,13.37,0,.15,-64.43
102,2014,85,700,13.37,0,.117,-87.1
102,2014,85,800,13.38,170.72,.083,-32.87
102,2014,85,900,13.38,487.83,.267,23.65
102,2014,85,1000,13.37,1336.4,.383,51.84
102,2014,85,1100,13.37,1747.5,.4,85.8
102,2014,85,1200,13.36,3234.1,.466,121.7
102,2014,85,1300,13.35,3855.9,.383,165.9
102,2014,85,1400,13.35,3096,.367,173.9
102,2014,85,1500,12.64,3704.9,.417,156.3
102,2014,85,1600,12.41,1316.9,.117,151.4
102,2014,85,1700,13.34,288.59,.283,53.08
102,2014,85,1800,12.43,398.49,.067,90.9
102,2014,85,1900,13.34,209.84,.383,101.6
102,2014,85,2000,13.34,7.6587,.3,98.5
102,2014,85,2100,13.34,0,.5,85.6
102,2014,85,2200,13.34,0,.267,76
102,2014,85,2300,13.35,0,.317,61.94
101,2014,85,2400,12.41,19855,7.01
102,2014,85,2400,13.35,0,.333,49.58
102,2014,86,100,13.35,0,.2,56.03
102,2014,86,200,13.35,0,.35,48.84
102,2014,86,300,13.35,0,.267,27.56
102,2014,86,400,13.35,0,.2,-20.45
102,2014,86,500,13.35,0,0,-62.32
102,2014,86,600,13.36,0,0,37.8
102,2014,86,700,13.36,0,.15,110
102,2014,86,800,13.36,102.78,.217,116.5
102,2014,86,900,13.37,370.34,.333,88.7
102,2014,86,1000,13.36,1158.8,.383,89.7
102,2014,86,1100,13.36,2651.8,.367,103.6
102,2014,86,1200,13.35,3174.4,.383,121.2
102,2014,86,1300,13.35,3621.7,.433,147.9
102,2014,86,1400,13.35,3764.8,.4,162.4
102,2014,86,1500,13.34,3224.5,.367,170.9
102,2014,86,1600,12.41,2843.3,.167,186
102,2014,86,1700,13.33,2294.5,.383,201
102,2014,86,1800,13.32,1508.7,.35,190.3
102,2014,86,1900,13.32,557.08,.483,176.1
102,2014,86,2000,13.32,6.7477,.417,211.5
102,2014,86,2100,13.32,0,.333,210.5
102,2014,86,2200,13.32,0,.367,165.5
102,2014,86,2300,13.31,0,.45,165
101,2014,86,2400,12.41,25279,7.53
102,2014,86,2400,13.32,0,.533,187
102,2014,87,100,13.32,0,.483,199.2
102,2014,87,200,13.32,0,.466,177.6
102,2014,87,300,13.33,0,.317,143.4
102,2014,87,400,13.33,0,.45,99.7
102,2014,87,500,13.33,0,.3,72.3
102,2014,87,600,13.33,0,.367,67.06
102,2014,87,700,13.33,0,.367,43.55
102,2014,87,800,13.15,126.31,.283,17.49
102,2014,87,900,13.33,507.29,.333,125.9
102,2014,87,1000,13.34,1297.3,.533,169
102,2014,87,1100,13.33,2513.5,.283,180.6
102,2014,87,1200,13.33,3159.6,.35,193
102,2014,87,1300,13.32,3204.8,.383,199.5
102,2014,87,1400,13.31,3145.9,.35,202.9
102,2014,87,1500,13.31,2425.8,.333,187.8
102,2014,87,1600,13.31,1111.8,.433,198.2
102,2014,87,1700,13.31,548.45,.333,222.9
102,2014,87,1800,13.31,192.28,.466,235.3
102,2014,87,1900,13.32,21.815,.367,-196
102,2014,87,2000,13.32,.07343,.35,-18.77
102,2014,87,2100,13.32,0,.3,84.6
102,2014,87,2200,13.33,0,.417,19.13
102,2014,87,2300,13.33,0,.35,6.714
101,2014,87,2400,13.15,18255,8.86
102,2014,87,2400,13.33,0,.25,-45.38
102,2014,88,100,13.33,0,.217,-37.3
102,2014,88,200,13.33,0,.283,-38.51
102,2014,88,300,13.33,0,.217,-1.756
102,2014,88,400,13.33,0,.333,-26.21
102,2014,88,500,13.33,0,.183,-13.74
102,2014,88,600,13.33,0,.267,-70.5
102,2014,88,700,13.34,0,.3,-18.92
102,2014,88,800,13.35,149.79,.25,127.3
102,2014,88,900,13.35,534.42,.367,110.2
102,2014,88,1000,13.34,1191,.367,103.9
102,2014,88,1100,13.34,2516.2,.35,158.3
102,2014,88,1200,13.33,2271.1,.433,205.1
102,2014,88,1300,13.33,2650,.3,216.8
102,2014,88,1400,13.33,1816.8,.433,217.8
102,2014,88,1500,13.33,2388.4,.483,216.8
102,2014,88,1600,13.32,2189.9,.433,216.4
102,2014,88,1700,13.32,1675.3,.367,227.6
102,2014,88,1800,13.31,805.72,.417,241.3
102,2014,88,1900,13.31,268.7,.45,248.9
102,2014,88,2000,13.31,3.8256,.383,231.8
102,2014,88,2100,13.31,0,.4,152.8
102,2014,88,2200,13.31,0,.383,105.3
102,2014,88,2300,13.31,0,.317,26.63
101,2014,88,2400,13.31,18461,8.18
102,2014,88,2400,13.32,0,.25,-26.74
102,2014,89,100,13.32,0,.217,-55.32
102,2014,89,200,13.32,0,.117,-80.5
102,2014,89,300,13.32,0,.25,-94
102,2014,89,400,13.33,0,.167,-83.8
102,2014,89,500,13.33,0,.217,4.001
102,2014,89,600,13.33,0,.367,188
102,2014,89,700,13.33,0,.433,172.3
102,2014,89,800,13.33,127.28,.217,156.5
102,2014,89,900,13.34,527.24,.35,92.5
102,2014,89,1000,13.33,1224.5,.466,135.7
102,2014,89,1100,13.33,2116.9,.3,162.4
102,2014,89,1200,13.33,2697.7,.35,192.6
102,2014,89,1300,13.32,3511.1,.383,222.6
102,2014,89,1400,13.32,3582.1,.6,233.2
102,2014,89,1500,13.31,3255,.4,222
102,2014,89,1600,13.31,2285,.4,196.9
102,2014,89,1700,13.31,1406.9,.417,180.7
102,2014,89,1800,13.31,1322.6,.55,262
102,2014,89,1900,12.42,256.59,.25,262.4
102,2014,89,2000,12.41,4.8238,.117,201.5
102,2014,89,2100,13.31,0,.167,128.8
102,2014,89,2200,13.31,0,.35,129.7
102,2014,89,2300,13.31,0,.233,87.9
101,2014,89,2400,12.41,22318,7.73
102,2014,89,2400,13.31,0,.417,133.5
102,2014,90,100,13.31,0,.317,150
102,2014,90,200,13.31,0,.383,123.3
102,2014,90,300,13.32,0,.383,87.1
102,2014,90,400,13.32,0,.333,20.9
102,2014,90,500,13.32,0,.233,-87.7
102,2014,90,600,13.33,0,.233,-28.97
102,2014,90,700,13.33,0,.217,-105.1
102,2014,90,800,13.33,98.198,.1,-54.45
102,2014,90,900,13.33,454.71,.3,52.31
102,2014,90,1000,13.33,1141.3,.35,158.9
102,2014,90,1100,13.33,2542.2,.466,235.9
102,2014,90,1200,13.33,3244.4,.367,258
102,2014,90,1300,13.32,2848,.433,259.6
102,2014,90,1400,12.41,3005,.083,221.8
102,2014,90,1500,12.41,2332.8,.2,253.3
102,2014,90,1600,13.31,1437.8,.483,284.6
102,2014,90,1700,13.31,1095.5,.35,266
102,2014,90,1800,13.3,1372.1,.616,312.3
102,2014,90,1900,12.42,278.72,.766,476.1
102,2014,90,2000,13.31,5.5874,.383,304.4
102,2014,90,2100,13.31,0,.417,242.4
102,2014,90,2200,13.31,0,.483,213.9
102,2014,90,2300,13.31,0,.4,165.7
101,2014,90,2400,12.41,19856,8.66
102,2014,90,2400,13.31,0,.367,144.7
102,2014,91,100,12.43,0,.217,108.5
102,2014,91,200,12.4,0,0,34.22
102,2014,91,300,12.4,0,0,31.86
102,2014,91,400,12.41,0,0,-41.48
102,2014,91,500,12.41,0,0,-63.09
102,2014,91,600,12.4,0,0,-163.5
102,2014,91,700,12.41,.08811,0,-167.3
102,2014,91,800,12.4,142.3,0,-91.2
102,2014,91,900,12.42,416.21,0,30.33
102,2014,91,1000,12.41,1124.4,.017,154.9
102,2014,91,1100,13.27,2731.9,.583,246.5
102,2014,91,1200,13.33,3487.2,.433,268.3
102,2014,91,1300,12.47,3693.7,.283,255.4
102,2014,91,1400,13.31,2475.4,.45,284.9
102,2014,91,1500,13.31,2882.9,.4,290.9
102,2014,91,1600,13.31,759.24,.183,-199.7
102,2014,91,1700,13.31,320.48,.333,48.71
102,2014,91,1800,12.42,169.77,.067,114.4
102,2014,91,1900,12.41,57.031,0,35.49
102,2014,91,2000,13.32,1.8358,.333,11.02
102,2014,91,2100,13.33,0,.267,7.45
102,2014,91,2200,13.32,0,.333,64.4
102,2014,91,2300,13.32,0,.15,99.2
101,2014,91,2400,12.4,18263,4.048
102,2014,91,2400,13.32,0,0,85.8
102,2014,92,100,13.33,0,.083,153.8
102,2014,92,200,13.33,0,.117,-65.49
102,2014,92,300,13.33,0,.217,-36.6
102,2014,92,400,13.33,0,.017,-62.07
102,2014,92,500,13.33,0,0,-42.33
102,2014,92,600,13.33,0,0,10.86
102,2014,92,700,13.34,.03671,0,52.88
102,2014,92,800,13.34,132.27,.133,47.64
102,2014,92,900,13.34,265.01,.333,31.2
102,2014,92,1000,13.34,1152.9,.45,101.6
102,2014,92,1100,13.34,2801,.466,153.6
102,2014,92,1200,13.33,3387.2,.483,164.5
102,2014,92,1300,13.33,3768.8,.533,165.3
102,2014,92,1400,13.32,3727.9,.433,164.6
102,2014,92,1500,13.32,3036.9,.433,177
102,2014,92,1600,13.32,1632.9,.45,128.8
102,2014,92,1700,13.32,335.61,.35,98.9
102,2014,92,1800,13.32,892.16,.217,-6999
102,2014,92,1900,13.33,4.4866,.017,-138.3
102,2014,92,2000,12.61,1.1675,0,-15.69
102,2014,92,2100,13.33,0,0,70.8
102,2014,92,2200,13.33,.21295,.217,107.1
102,2014,92,2300,13.33,.52136,.367,49.3
101,2014,92,2400,12.61,21139,5.681
102,2014,92,2400,13.33,0,.367,25.91
102,2014,93,100,13.33,0,.267,41.36
102,2014,93,200,13.34,0,.383,18.19
102,2014,93,300,12.4,0,.033,-20.34
102,2014,93,400,12.39,0,0,-32.99
102,2014,93,500,12.39,0,0,-20.55
102,2014,93,600,12.39,0,0,-15.52
102,2014,93,700,12.39,.05874,0,11.53
102,2014,93,800,12.39,125.34,0,2.515
102,2014,93,900,12.39,282.41,0,35.08
102,2014,93,1000,12.39,1210.5,0,48.81
102,2014,93,1100,12.39,2788.1,0,77.7
102,2014,93,1200,12.39,3274.4,0,104.3
102,2014,93,1300,12.4,3630.2,0,132.5
102,2014,93,1400,12.4,3744.3,0,149.5
102,2014,93,1500,12.4,3749,0,149.1
102,2014,93,1600,12.4,2575.3,0,149
102,2014,93,1700,12.4,1459.7,.25,164
102,2014,93,1800,12.45,172.41,.183,85.8
102,2014,93,1900,12.44,26.883,0,-50.07
102,2014,93,2000,12.43,4.4204,0,43.8
102,2014,93,2100,12.43,0,0,69.35
102,2014,93,2200,12.42,0,0,74.8
102,2014,93,2300,12.42,0,0,66.21
101,2014,93,2400,12.39,23043,1.116
102,2014,93,2400,12.41,0,0,66.56
102,2014,94,100,12.41,0,.167,71
102,2014,94,200,13.33,0,.417,60.29
102,2014,94,300,13.35,0,.333,41.94
102,2014,94,400,13.35,0,.383,6.71
102,2014,94,500,13.35,0,.183,-10.84
102,2014,94,600,13.36,0,.083,-25.28
102,2014,94,700,13.36,0,.017,54.76
102,2014,94,800,13.37,129.88,.1,108.1
102,2014,94,900,13.36,249.58,.3,45.56
102,2014,94,1000,13.36,1155.1,.367,66.84
102,2014,94,1100,13.36,2771.1,.433,64.99
102,2014,94,1200,13.35,3342.9,.45,76.9
102,2014,94,1300,13.35,3741.9,.317,110.9
102,2014,94,1400,12.6,3353.9,.383,133.7
102,2014,94,1500,12.42,2726.6,.033,125.5
102,2014,94,1600,12.41,3120.6,0,153.8
102,2014,94,1700,12.41,328.79,.067,-6999
102,2014,94,1800,12.41,20.71,.333,894
102,2014,94,1900,12.41,16.389,.017,-53.95
102,2014,94,2000,12.41,.2056,.117,62.14
102,2014,94,2100,13.34,0,.283,65.45
102,2014,94,2200,13.34,0,.466,54.65
102,2014,94,2300,13.34,0,.35,49.79
101,2014,94,2400,12.41,20958,5.948
102,2014,94,2400,13.34,0,.35,64.5
102,2014,95,100,13.34,0,.25,34.08
102,2014,95,200,13.34,0,.45,32.2
102,2014,95,300,13.35,0,.466,25.69
102,2014,95,400,13.35,0,.317,22.54
102,2014,95,500,13.35,0,.367,30.57
102,2014,95,600,13.35,0,.283,10.11
102,2014,95,700,13.35,.41854,.35,-19.9
102,2014,95,800,13.35,170.19,.317,-29.57
102,2014,95,900,13.35,434.93,.233,50.05
102,2014,95,1000,13.35,1195.5,.466,67.71
102,2014,95,1100,13.35,2492.1,.433,97.8
102,2014,95,1200,13.35,2840.3,.4,123.5
102,2014,95,1300,13.33,3714.7,.283,142.9
102,2014,95,1400,13.33,3471.8,.317,74.3
102,2014,95,1500,13.33,3727.6,.383,55.16
102,2014,95,1600,12.41,1864.8,.133,183.5
102,2014,95,1700,13.33,905.31,.383,143
102,2014,95,1800,13.32,1522,.417,138
102,2014,95,1900,13.32,281.91,.333,73.1
102,2014,95,2000,13.33,1.3585,.383,161.4
102,2014,95,2100,13.33,0,.433,125.4
102,2014,95,2200,13.33,0,.333,105.3
102,2014,95,2300,13.33,0,.333,93.2
101,2014,95,2400,12.41,22623,8.58
102,2014,95,2400,13.33,0,.516,92.3
102,2014,96,100,12.85,0,.417,69.24
102,2014,96,200,12.41,0,.15,51.48
102,2014,96,300,13.33,0,.367,39.74
102,2014,96,400,12.41,0,.167,-18.24
102,2014,96,500,12.39,0,0,-8.97
102,2014,96,600,12.39,0,0,-76.2
102,2014,96,700,12.39,.58007,0,-100.9
102,2014,96,800,12.39,190.25,.033,-78.3
102,2014,96,900,12.43,618.63,.15,27.6
102,2014,96,1000,13.35,1090.8,.45,84.3
102,2014,96,1100,13.35,2130.5,.4,113.8
102,2014,96,1200,13.34,3261.6,.3,135.2
102,2014,96,1300,13.33,2131.6,.367,151.7
102,2014,96,1400,13.33,2188.2,.35,150.7
102,2014,96,1500,13.33,2039,.35,180.4
102,2014,96,1600,12.47,2259.5,.383,125.8
102,2014,96,1700,12.61,289.92,.067,-144.7
102,2014,96,1800,13.33,131.9,0,128.9
102,2014,96,1900,13.33,55.704,.017,-155.1
102,2014,96,2000,13.33,2.3644,.15,-29.17
102,2014,96,2100,13.33,0,.067,-1.546
102,2014,96,2200,13.33,0,.017,-10.18
102,2014,96,2300,13.33,.87382,.15,-16.98
101,2014,96,2400,12.39,16391,4.348
102,2014,96,2400,12.41,0,0,-110.2
102,2014,97,100,12.4,0,0,-32.13
102,2014,97,200,13.34,0,0,96.7
102,2014,97,300,13.35,0,0,162.9
102,2014,97,400,13.35,0,.083,180.2
102,2014,97,500,13.35,0,.167,164.5
102,2014,97,600,13.35,0,.033,210.3
102,2014,97,700,13.35,0,.15,212.8
102,2014,97,800,13.35,143.84,.05,163.7
102,2014,97,900,13.36,434.13,.083,-15.3
102,2014,97,1000,12.45,1064.2,.25,35.86
102,2014,97,1100,12.38,2888.7,0,53.9
102,2014,97,1200,12.38,2514.7,.217,66.24
102,2014,97,1300,13.35,1738,.417,77.3
102,2014,97,1400,13.35,803.55,.417,57.94
102,2014,97,1500,12.41,1064.2,0,-81.3
102,2014,97,1600,12.4,670.66,0,27.91
102,2014,97,1700,12.39,399.72,.117,59.42
102,2014,97,1800,13.35,33.005,.183,-161.5
102,2014,97,1900,13.35,38.174,0,-110
102,2014,97,2000,13.35,1.3143,0,67.62
102,2014,97,2100,13.35,0,.267,182
102,2014,97,2200,13.35,0,.117,6.275
102,2014,97,2300,13.35,0,.117,-47.07
101,2014,97,2400,12.38,11794,2.666
102,2014,97,2400,13.36,0,0,-84.6
102,2014,98,100,13.36,0,0,-94.9
102,2014,98,200,13.36,0,0,34.17
102,2014,98,300,13.36,0,0,8.74
102,2014,98,400,13.36,0,0,-25.68
102,2014,98,500,13.37,0,0,-54.18
102,2014,98,600,13.37,0,0,6.968
102,2014,98,700,13.38,0,0,49.38
102,2014,98,800,13.38,140.67,.117,164.2
102,2014,98,900,13.38,411.9,.5,303.1
102,2014,98,1000,13.38,1163,.333,24.88
102,2014,98,1100,13.38,2828.6,.4,48.88
102,2014,98,1200,13.37,3379,.383,78.2
102,2014,98,1300,13.36,3735.5,.483,89.3
102,2014,98,1400,13.36,3744.4,.433,98.9
102,2014,98,1500,13.35,3532.6,.45,91.9
102,2014,98,1600,13.35,3039.9,.317,101.5
102,2014,98,1700,13.34,2285.8,.4,107.7
102,2014,98,1800,13.34,1074.7,.317,113
102,2014,98,1900,13.33,262.61,.417,122.3
102,2014,98,2000,13.33,5.5807,.3,141.4
102,2014,98,2100,13.33,0,.383,123.3
102,2014,98,2200,13.33,0,.317,125.9
102,2014,98,2300,13.33,0,.3,121.2
101,2014,98,2400,13.33,25604,6.081
102,2014,98,2400,13.33,0,.233,95.8
102,2014,99,100,13.34,0,.25,68.76
102,2014,99,200,13.34,0,.367,64.36
102,2014,99,300,13.34,0,.217,-46.02
102,2014,99,400,13.35,0,.217,-48.61
102,2014,99,500,13.35,0,.167,-4.134
102,2014,99,600,13.35,0,.05,58.28
102,2014,99,700,13.35,.02937,0,4.332
102,2014,99,800,13.36,163.04,.1,85.1
102,2014,99,900,13.37,396.6,.433,71
102,2014,99,1000,13.17,1174.3,.516,114.3
102,2014,99,1100,12.6,2883.3,.333,121.6
102,2014,99,1200,13.35,3454.2,.417,114.9
102,2014,99,1300,13.35,3754.4,.233,102.4
102,2014,99,1400,13.34,3811.5,.516,124.8
102,2014,99,1500,13.33,3497.5,.367,126.5
102,2014,99,1600,13.33,2994.8,.217,118.9
102,2014,99,1700,12.41,2229.4,.133,117.9
102,2014,99,1800,12.4,1301,.283,126.4
102,2014,99,1900,12.58,392.48,.383,131.4
102,2014,99,2000,12.41,5.1034,.25,152.8
102,2014,99,2100,13.32,0,.25,175.9
102,2014,99,2200,13.32,0,.383,184.8
102,2014,99,2300,13.32,0,.367,160.9
101,2014,99,2400,12.4,26058,6.831
102,2014,99,2400,13.32,0,.383,158
102,2014,100,100,13.33,0,.4,128.2
102,2014,100,200,13.33,0,.3,58.4
102,2014,100,300,13.33,0,.4,72.2
102,2014,100,400,13.33,0,.167,-8.35
102,2014,100,500,13.33,0,.333,8.32
102,2014,100,600,13.34,0,.4,55.94
102,2014,100,700,13.34,0,.317,30.4
102,2014,100,800,13.35,175.19,.383,36.38
102,2014,100,900,13.35,386.82,.383,129.2
102,2014,100,1000,13.35,1214.9,.433,162.2
102,2014,100,1100,13.35,2810.8,.4,168.4
102,2014,100,1200,13.34,3333.1,.533,162.3
102,2014,100,1300,12.64,3668.8,.367,157
102,2014,100,1400,13.33,3744.5,.383,162.7
102,2014,100,1500,13.32,3495,.35,174.6
102,2014,100,1600,12.43,2968.3,.167,178.7
102,2014,100,1700,13.32,2226.9,.466,204.8
102,2014,100,1800,13.31,1292.7,.367,230.9
102,2014,100,1900,13.31,412.63,.3,274.3
102,2014,100,2000,13.31,5.4994,.6,305.3
102,2014,100,2100,13.31,0,.45,268.9
102,2014,100,2200,13.3,0,.367,237
102,2014,100,2300,13.3,0,.417,192.9
101,2014,100,2400,12.43,25735,9.05
102,2014,100,2400,13.31,0,.367,164.7
102,2014,101,100,13.31,0,.283,117.6
102,2014,101,200,13.31,0,.25,51.23
102,2014,101,300,13.31,0,.317,40
102,2014,101,400,13.31,0,.217,28.09
102,2014,101,500,13.32,0,.267,12.51
102,2014,101,600,13.33,0,.233,-44.11
102,2014,101,700,13.33,.18358,.25,15.2
102,2014,101,800,13.33,170.14,.383,79.1
102,2014,101,900,13.33,372.54,.283,215.5
102,2014,101,1000,13.33,1073,.383,221.4
102,2014,101,1100,13.33,1818.8,.5,229.7
102,2014,101,1200,13.33,3131.3,.466,216.7
102,2014,101,1300,13.32,3610.4,.483,223.6
102,2014,101,1400,13.31,3013.1,.483,229.7
102,2014,101,1500,13.31,2972.2,.383,263.5
102,2014,101,1600,13.31,2900,.4,268.6
102,2014,101,1700,13.3,903.94,.466,312.9
102,2014,101,1800,13.3,710.3,.483,306.7
102,2014,101,1900,13.3,132.35,.566,307.2
102,2014,101,2000,13.3,1.5786,.35,237
102,2014,101,2100,12.64,1.0059,.033,-103.3
102,2014,101,2200,13.3,0,0,-129.6
102,2014,101,2300,13.3,0,0,-48.62
101,2014,101,2400,12.64,20811,7.48
102,2014,101,2400,13.31,0,0,57.58
102,2014,102,100,13.31,0,.017,148.5
102,2014,102,200,13.31,0,0,33.68
102,2014,102,300,13.32,0,.017,20.95
102,2014,102,400,13.33,0,.1,103.1
102,2014,102,500,13.33,0,0,135.1
102,2014,102,600,13.33,0,.067,107.4
102,2014,102,700,13.34,.62414,.033,100
102,2014,102,800,13.35,180.07,0,104.8
102,2014,102,900,13.35,421.06,.183,259.8
102,2014,102,1000,12.42,1327.5,.217,69.08
102,2014,102,1100,13.35,2853.3,.4,106.6
102,2014,102,1200,13.34,3023.3,.3,111.2
102,2014,102,1300,13.33,3405.7,.383,104.1
102,2014,102,1400,13.33,3587.9,.333,95.9
102,2014,102,1500,13.32,3468.3,.383,118.7
102,2014,102,1600,13.32,2794.8,.45,140
102,2014,102,1700,13.31,2118.4,.45,155.6
102,2014,102,1800,12.45,1344.7,.233,114.2
102,2014,102,1900,12.39,395.96,0,143.6
102,2014,102,2000,12.39,2.5992,.1,156.3
102,2014,102,2100,13.31,0,.383,143.7
102,2014,102,2200,12.49,2.0855,.117,-5.541
102,2014,102,2300,12.39,0,0,-135.1
101,2014,102,2400,12.39,24927,4.165
102,2014,102,2400,12.39,.70494,0,15.8
102,2014,103,100,12.39,0,0,66.24
102,2014,103,200,12.39,0,0,27.68
102,2014,103,300,12.39,0,0,30.33
102,2014,103,400,12.39,0,0,23.8
102,2014,103,500,12.39,0,0,-15.2
102,2014,103,600,12.38,0,0,-42.83
102,2014,103,700,12.38,.13217,0,54.51
102,2014,103,800,12.38,139.46,0,37.43
102,2014,103,900,12.38,612.05,0,84.8
102,2014,103,1000,12.38,1400,0,35.7
102,2014,103,1100,12.38,2825.3,0,60.35
102,2014,103,1200,12.38,3352.7,0,78
102,2014,103,1300,12.38,3718.5,0,85.7
102,2014,103,1400,12.39,3579.9,.367,102.8
102,2014,103,1500,13.33,3495.7,.483,127
102,2014,103,1600,13.32,2509.3,.533,145.6
102,2014,103,1700,13.31,2290.7,.45,110.5
102,2014,103,1800,12.45,1412,.183,134.6
102,2014,103,1900,13.32,325.25,.267,139.1
102,2014,103,2000,13.31,4.7142,.383,105.4
102,2014,103,2100,13.31,0,.333,87
102,2014,103,2200,13.27,.08812,.3,-151.6
102,2014,103,2300,13.32,0,.067,-76
101,2014,103,2400,12.38,25666,3.365
102,2014,103,2400,13.32,.31576,0,3.659
102,2014,104,100,13.32,0,.083,118.8
102,2014,104,200,13.33,0,.083,106.2
102,2014,104,300,13.33,0,.033,55.32
102,2014,104,400,13.33,0,.05,-8.14
102,2014,104,500,13.34,0,0,-15.72
102,2014,104,600,13.34,0,.067,63.89
102,2014,104,700,13.35,.03671,.05,38.31
102,2014,104,800,13.35,213.18,.283,171.7
102,2014,104,900,13.35,389.69,.267,64.17
102,2014,104,1000,12.6,1144.5,.183,71.8
102,2014,104,1100,12.74,2749.2,.5,90
102,2014,104,1200,12.41,2622.6,.05,76.4
102,2014,104,1300,12.4,2978.6,.2,71.8
102,2014,104,1400,13.33,3619,.383,82.7
102,2014,104,1500,12.79,2998.2,.45,79.4
102,2014,104,1600,13.33,1155.5,.4,81
102,2014,104,1700,12.5,1598,.25,105.9
102,2014,104,1800,12.4,411.69,0,109.7
102,2014,104,1900,12.39,213.21,0,96.6
102,2014,104,2000,12.39,2.0487,0,78.7
102,2014,104,2100,12.39,1.9018,0,-6999
102,2014,104,2200,12.39,2.2543,0,15.19
102,2014,104,2300,13.34,1.2189,.017,22.55
101,2014,104,2400,12.39,20101,3.349
102,2014,104,2400,13.34,0,0,-97.5
102,2014,105,100,13.34,0,.017,-68.67
102,2014,105,200,13.34,.38183,.25,8.59
102,2014,105,300,13.34,0,.267,44.29
102,2014,105,400,13.34,0,.133,-16.5
102,2014,105,500,13.35,0,0,-20.87
102,2014,105,600,13.35,0,0,15.27
102,2014,105,700,13.35,1.1161,0,-43.6
102,2014,105,800,13.35,187.91,0,8.55
102,2014,105,900,12.4,446.18,.15,117.2
102,2014,105,1000,13.36,1163.5,.3,72.6
102,2014,105,1100,12.4,2356.8,.15,84.8
102,2014,105,1200,12.4,2528.8,.45,111.4
102,2014,105,1300,13.35,3628.6,.433,135
102,2014,105,1400,13.34,1300.8,.367,-6999
102,2014,105,1500,13.34,1024.4,.083,-26.58
102,2014,105,1600,13.34,1726.3,.333,72
102,2014,105,1700,13.34,1891.7,.383,110.8
102,2014,105,1800,12.4,272.78,.183,92
102,2014,105,1900,12.39,108.12,.2,81.6
102,2014,105,2000,13.34,5.1401,.367,65.83
102,2014,105,2100,13.34,0,.383,62.73
102,2014,105,2200,13.34,0,.317,50.54
102,2014,105,2300,12.41,1.7183,.017,34.55
101,2014,105,2400,12.39,16644,4.781
102,2014,105,2400,12.4,.0514,0,-83
102,2014,106,100,13.35,0,0,93.3
102,2014,106,200,13.35,.24231,0,91
102,2014,106,300,13.36,0,.033,64.92
102,2014,106,400,13.36,0,0,-14.11
102,2014,106,500,13.36,0,0,-114.9
102,2014,106,600,13.36,0,0,-130.1
102,2014,106,700,13.36,.35244,0,-76.6
102,2014,106,800,13.37,120.18,0,-55.85
102,2014,106,900,13.38,378.35,.083,-56.65
102,2014,106,1000,13.37,1181.4,.3,22.07
102,2014,106,1100,13.36,2192.6,.317,29.75
102,2014,106,1200,13.36,2168.2,.333,59.41
102,2014,106,1300,13.36,3012.9,.383,98.1
102,2014,106,1400,13.35,3673.8,.3,119.6
102,2014,106,1500,13.35,2423.6,.333,125.4
102,2014,106,1600,13.34,1435.1,.117,99.9
102,2014,106,1700,13.34,1103.2,.017,-101.1
102,2014,106,1800,13.35,855.98,.017,-17.66
102,2014,106,1900,13.35,336.07,.233,23.06
102,2014,106,2000,13.35,3.3924,.1,-35.18
102,2014,106,2100,13.35,0,0,-56.62
102,2014,106,2200,13.35,0,0,-7.57
102,2014,106,2300,13.35,0,0,-36.33
101,2014,106,2400,13.34,18885,2.566
102,2014,106,2400,13.35,0,0,12.42
102,2014,107,100,12.85,0,0,-32.39
102,2014,107,200,13.35,0,0,-117
102,2014,107,300,13.35,0,0,-92.7
102,2014,107,400,13.36,0,0,-110.6
102,2014,107,500,13.36,0,0,-169
102,2014,107,600,13.36,0,0,-7.57
102,2014,107,700,13.37,.45524,0,45.13
102,2014,107,800,13.37,173.17,0,4.579
102,2014,107,900,13.37,397.71,.05,-18.06
102,2014,107,1000,13.37,1455.2,.1,-38.24
102,2014,107,1100,12.45,1909.5,.15,12.73
102,2014,107,1200,12.39,2505.5,.067,9.18
102,2014,107,1300,12.37,3187.6,0,1.15
102,2014,107,1400,12.37,3339.3,0,21.38
102,2014,107,1500,12.38,3577.2,.15,17.02
102,2014,107,1600,13.35,1312.2,.1,52.93
102,2014,107,1700,13.35,651.39,0,-55.09
102,2014,107,1800,13.35,203.47,.067,-214.4
102,2014,107,1900,12.44,115.32,.05,-16.34
102,2014,107,2000,13.35,2.6728,.05,6.214
102,2014,107,2100,12.42,0,.1,16.1
102,2014,107,2200,12.39,0,.083,24.3
102,2014,107,2300,13.35,0,.3,38.47
101,2014,107,2400,12.37,18831,1.283
102,2014,107,2400,13.34,0,.017,-9.32
102,2014,108,100,13.35,0,0,4.024
102,2014,108,200,13.35,0,.017,73
102,2014,108,300,13.35,.00734,.267,18.59
102,2014,108,400,12.39,0,0,-126.2
102,2014,108,500,12.37,0,0,-76.9
102,2014,108,600,12.37,0,0,-97.2
102,2014,108,700,12.37,.55803,0,-107.1
102,2014,108,800,13.34,206.71,0,-87.4
102,2014,108,900,12.61,488.36,.083,.881
102,2014,108,1000,13.37,1036.4,.2,52.8
102,2014,108,1100,13.36,1625,.233,71.5
102,2014,108,1200,12.54,2442.7,.167,65.02
102,2014,108,1300,13.35,3100.2,.2,77.3
102,2014,108,1400,13.35,1753.6,.117,60.3
102,2014,108,1500,13.34,828.27,.15,83.8
102,2014,108,1600,13.34,2922.7,.233,63.21
102,2014,108,1700,13.34,1446.6,.3,120.4
102,2014,108,1800,13.33,840.18,.383,175.1
102,2014,108,1900,13.33,95.107,.017,-3.186
102,2014,108,2000,13.34,2.8932,0,33.97
102,2014,108,2100,12.41,0,0,-100.4
102,2014,108,2200,12.38,0,0,-186.8
102,2014,108,2300,12.37,0,0,-109
101,2014,108,2400,12.37,16789,2.366
102,2014,108,2400,12.37,0,0,-88.1
102,2014,109,100,12.38,0,0,-131.7
102,2014,109,200,12.38,0,0,-142.7
102,2014,109,300,12.38,0,0,-163.7
102,2014,109,400,12.38,0,0,-80.2
102,2014,109,500,12.38,0,0,-105.7
102,2014,109,600,12.38,0,0,-166
102,2014,109,700,12.38,.05874,0,-77.6
102,2014,109,800,12.38,182.67,0,-6.533
102,2014,109,900,12.38,366.6,0,10.35
102,2014,109,1000,12.38,1080.4,.117,26.27
102,2014,109,1100,12.61,2319.6,.2,62.37
102,2014,109,1200,13.35,1975.9,.2,67.29
102,2014,109,1300,13.35,3477.6,.25,78.7
102,2014,109,1400,13.34,3201.9,.133,84.1
102,2014,109,1500,13.33,2757.3,.233,296.3
102,2014,109,1600,12.62,529.6,.017,-4.374
102,2014,109,1700,12.43,673.7,0,-52.93
102,2014,109,1800,12.42,930.95,.017,50.17
102,2014,109,1900,12.41,279.06,.067,61.45
102,2014,109,2000,12.41,4.2296,.033,42.03
102,2014,109,2100,13.34,0,.217,49.71
102,2014,109,2200,13.34,0,.15,19.02
102,2014,109,2300,13.34,0,0,-60.54
101,2014,109,2400,12.38,17780,1.649
102,2014,109,2400,13.34,0,.017,-29.01
102,2014,110,100,13.35,0,.067,-56.89
102,2014,110,200,13.35,0,0,-138.7
102,2014,110,300,13.35,0,0,-149.2
102,2014,110,400,13.35,0,0,-53.48
102,2014,110,500,13.35,0,.05,.083
102,2014,110,600,13.35,0,.217,8.61
102,2014,110,700,13.35,.13217,.3,37.01
102,2014,110,800,13.36,221.48,.3,29.79
102,2014,110,900,13.37,492.69,.283,48.93
102,2014,110,1000,12.46,1371.3,.183,60.99
102,2014,110,1100,13.36,2524.5,.267,68.19
102,2014,110,1200,13.35,3164.4,.167,72.5
102,2014,110,1300,13.35,3270.1,.217,66.52
102,2014,110,1400,12.48,3232.5,.05,37.86
102,2014,110,1500,12.39,1886.8,0,42.12
102,2014,110,1600,12.42,2420.7,0,24.65
102,2014,110,1700,12.39,847.7,.017,-58.59
102,2014,110,1800,12.39,519.05,0,52.07
102,2014,110,1900,12.39,88.667,.05,48.83
102,2014,110,2000,13.33,.79304,.083,45.34
102,2014,110,2100,13.33,0,.217,117.8
102,2014,110,2200,13.33,0,.3,112.7
102,2014,110,2300,13.33,0,.133,33.65
101,2014,110,2400,12.39,20041,2.899
102,2014,110,2400,12.62,0,0,-53.76
102,2014,111,100,12.39,0,0,-125.5
102,2014,111,200,12.37,0,0,-142.3
102,2014,111,300,12.38,0,0,-54.36
102,2014,111,400,12.38,0,0,28.9
102,2014,111,500,12.38,0,0,3.391
102,2014,111,600,12.38,0,0,-2.681
102,2014,111,700,12.37,1.6374,0,-76.3
102,2014,111,800,12.38,248.35,0,-106
102,2014,111,900,12.38,666.15,0,29.63
102,2014,111,1000,12.38,1160.5,.317,93.6
102,2014,111,1100,13.35,2304.8,.417,152.4
102,2014,111,1200,13.35,2432.6,.533,221.9
102,2014,111,1300,13.34,2674.3,.4,200.1
102,2014,111,1400,13.33,3128.7,.367,181.6
102,2014,111,1500,13.33,3059.9,.4,95
102,2014,111,1600,13.32,2492.2,.383,114.3
102,2014,111,1700,13.32,1342.2,.367,106
102,2014,111,1800,13.32,508.16,.35,187.6
102,2014,111,1900,13.32,202.17,.233,141.2
102,2014,111,2000,13.32,1.241,.283,125.5
102,2014,111,2100,13.32,0,.367,115
102,2014,111,2200,13.32,0,.3,63.76
102,2014,111,2300,13.32,0,.35,92.4
101,2014,111,2400,12.37,20223,5.481
102,2014,111,2400,13.33,0,.417,99.7
102,2014,112,100,13.33,0,.317,85.7
102,2014,112,200,12.39,0,.1,43.13
102,2014,112,300,12.38,0,0,-7.61
102,2014,112,400,12.38,0,0,14.04
102,2014,112,500,12.38,0,0,-44.86
102,2014,112,600,12.38,0,0,-78.9
102,2014,112,700,12.38,.1028,0,-100.2
102,2014,112,800,12.38,216.64,0,-87.8
102,2014,112,900,12.38,421.5,.067,68.26
102,2014,112,1000,13.33,1325.9,.3,113.7
102,2014,112,1100,13.35,2817.4,.4,74.3
102,2014,112,1200,12.6,2845.9,.3,68.49
102,2014,112,1300,12.41,2574.3,.117,32.59
102,2014,112,1400,13.33,2347.5,.3,34.31
102,2014,112,1500,13.33,1392,.333,57.94
102,2014,112,1600,13.32,1481.8,.317,88.8
102,2014,112,1700,13.32,1899.5,.433,91.5
102,2014,112,1800,12.49,1165.6,.25,82.9
102,2014,112,1900,13.32,332.17,.233,48.61
102,2014,112,2000,13.32,2.6069,.383,79.7
102,2014,112,2100,13.32,0,.217,68.26
102,2014,112,2200,13.32,0,.35,76.5
102,2014,112,2300,13.32,0,.367,86.1
101,2014,112,2400,12.38,18823,5.098
102,2014,112,2400,13.32,0,.317,64.27
102,2014,113,100,13.32,0,.4,39.48
102,2014,113,200,13.33,0,.183,-108.7
102,2014,113,300,13.33,0,.2,-108.8
102,2014,113,400,13.33,0,.183,-37.51
102,2014,113,500,13.33,0,.217,-58.2
102,2014,113,600,13.33,0,.317,-46.89
102,2014,113,700,13.33,.02937,.05,-191.5
102,2014,113,800,13.34,218.78,.317,14.49
102,2014,113,900,13.34,436.82,.317,73.1
102,2014,113,1000,13.34,1323.6,.367,82.9
102,2014,113,1100,13.33,2738.7,.317,75.6
102,2014,113,1200,13.33,2709.9,.367,75
102,2014,113,1300,13.33,3461.1,.317,78.6
102,2014,113,1400,13.32,3541.6,.4,81.3
102,2014,113,1500,13.32,3346.1,.2,80.1
102,2014,113,1600,13.31,2791.5,.283,85.3
102,2014,113,1700,13.31,2138.8,.383,98.2
102,2014,113,1800,13.3,1199,.267,112
102,2014,113,1900,13.3,353.22,.383,138.3
102,2014,113,2000,13.3,1.7401,.45,154.7
102,2014,113,2100,13.3,0,.45,115.6
102,2014,113,2200,13.3,0,.383,113.2
102,2014,113,2300,13.31,0,.233,59.03
101,2014,113,2400,13.3,24261,7.35
102,2014,113,2400,13.31,0,.367,22.17
102,2014,114,100,13.31,0,.367,29.94
102,2014,114,200,13.31,0,.35,-6.474
102,2014,114,300,13.31,0,.017,-163.7
102,2014,114,400,13.31,0,0,-85
102,2014,114,500,13.32,0,0,65.26
102,2014,114,600,13.32,0,0,134.7
102,2014,114,700,13.33,.44793,0,8.52
102,2014,114,800,13.33,108.41,0,46.51
102,2014,114,900,13.33,517.36,.117,-49.73
102,2014,114,1000,12.38,1228.1,.117,67.2
102,2014,114,1100,12.37,2617.3,0,71.4
102,2014,114,1200,12.37,2531.6,0,75.9
102,2014,114,1300,12.37,2550.8,0,89.3
102,2014,114,1400,12.38,3598.2,0,81.2
102,2014,114,1500,12.38,2985.7,.35,73.9
102,2014,114,1600,13.31,2960.7,.333,118.9
102,2014,114,1700,12.41,1252.3,.067,448.4
102,2014,114,1800,12.41,223.46,.05,626.5
102,2014,114,1900,13.32,183.2,.167,-60.81
102,2014,114,2000,13.32,3.3484,.217,45.54
102,2014,114,2100,13.32,0,.217,33.32
102,2014,114,2200,13.32,0,.283,.325
102,2014,114,2300,13.32,0,.183,.876
101,2014,114,2400,12.37,20761,3.015
102,2014,114,2400,13.32,0,.183,-9.25
102,2014,115,100,13.32,0,.267,-7.45
102,2014,115,200,13.32,0,.117,-124.7
102,2014,115,300,13.32,0,.033,-110
102,2014,115,400,13.32,0,.133,-134.1
102,2014,115,500,13.33,0,.133,-59.36
102,2014,115,600,13.33,0,.1,171.4
102,2014,115,700,13.33,.32309,.317,126.1
102,2014,115,800,13.33,217.96,.367,12.86
102,2014,115,900,13.34,388.75,.417,13.09
102,2014,115,1000,13.34,1392.5,.317,63.32
102,2014,115,1100,13.33,2571.6,.4,34.45
102,2014,115,1200,12.88,2932.6,.35,39.49
102,2014,115,1300,12.4,3688.4,.25,44.27
102,2014,115,1400,13.32,3479.2,.367,61.33
102,2014,115,1500,13.32,3232.4,.333,73.7
102,2014,115,1600,13.31,2556.4,.45,73
102,2014,115,1700,12.39,1722,.167,80.8
102,2014,115,1800,12.38,781.4,.283,117.3
102,2014,115,1900,13.3,227.32,.333,145.8
102,2014,115,2000,13.3,1.6153,.317,150.6
102,2014,115,2100,12.39,0,.033,240.3
102,2014,115,2200,12.37,0,0,-59.87
102,2014,115,2300,12.37,.11749,.083,156.3
101,2014,115,2400,12.37,23193,5.614
102,2014,115,2400,12.51,.69026,.05,-25.84
102,2014,116,100,12.37,.33044,0,34.85
102,2014,116,200,12.37,0,0,48.64
102,2014,116,300,12.37,0,0,50.98
102,2014,116,400,12.37,0,0,14.37
102,2014,116,500,12.37,0,0,-87.1
102,2014,116,600,12.37,0,0,7.47
102,2014,116,700,12.37,.1028,0,121.5
102,2014,116,800,12.37,110.96,0,87.7
102,2014,116,900,13.34,348.86,.233,100.1
102,2014,116,1000,12.49,1304.6,.233,77.1
102,2014,116,1100,12.41,2642.8,.067,96.3
102,2014,116,1200,12.4,3140.4,.05,104.4
102,2014,116,1300,13.33,3449.1,.5,106.3
102,2014,116,1400,13.32,3622.5,.466,115
102,2014,116,1500,13.32,3352.8,.2,121.7
102,2014,116,1600,13.31,2785.3,.3,141.1
102,2014,116,1700,12.4,1795.8,.2,116.7
102,2014,116,1800,12.41,1245.1,.35,155.1
102,2014,116,1900,13.3,444.77,.333,162.8
102,2014,116,2000,12.61,10.426,.25,103.3
102,2014,116,2100,13.31,0,.383,198.5
102,2014,116,2200,13.31,0,.367,184.7
102,2014,116,2300,13.31,0,.417,183.1
101,2014,116,2400,12.37,24254,4.781
102,2014,116,2400,13.31,0,.433,183.1
102,2014,117,100,13.31,0,.383,163.6
102,2014,117,200,13.31,0,.45,108.6
102,2014,117,300,13.32,0,.25,39.19
102,2014,117,400,13.32,0,.183,16.49
102,2014,117,500,13.33,0,.3,-2.702
102,2014,117,600,13.33,0,.233,-61.73
102,2014,117,700,13.33,.99865,.183,-55.91
102,2014,117,800,13.33,229.86,.35,-.626
102,2014,117,900,13.34,438.26,.45,132.7
102,2014,117,1000,13.34,1415.7,.267,135.5
102,2014,117,1100,13.33,2867.8,.383,154.4
102,2014,117,1200,12.42,3052.1,.333,139.4
102,2014,117,1300,13.33,3502,.167,133.7
102,2014,117,1400,13.32,3628.1,.333,156.4
102,2014,117,1500,13.31,3411.6,.417,175.9
102,2014,117,1600,13.31,2246.3,.233,203.6
102,2014,117,1700,13.3,2008.2,.417,200
102,2014,117,1800,13.3,1170,.283,217.9
102,2014,117,1900,13.3,307.15,.483,243.9
102,2014,117,2000,13.3,1.7475,.233,188
102,2014,117,2100,13.3,0,.35,149.5
102,2014,117,2200,13.3,0,.45,146.7
102,2014,117,2300,13.3,0,.333,102.4
101,2014,117,2400,12.42,24280,7.73
102,2014,117,2400,13.3,0,.267,44.43
102,2014,118,100,13.3,0,.333,-26.71
102,2014,118,200,12.37,0,.017,-67.21
102,2014,118,300,12.37,0,0,-94.5
102,2014,118,400,12.37,0,0,-95.2
102,2014,118,500,12.37,0,0,-45.2
102,2014,118,600,12.37,0,0,-99.9
102,2014,118,700,12.37,1.9165,0,-103.6
102,2014,118,800,12.37,202.53,0,-80.9
102,2014,118,900,12.37,509,.267,24.66
102,2014,118,1000,13.33,1342.7,.333,120.9
102,2014,118,1100,13.32,2801.4,.4,181
102,2014,118,1200,13.32,2145.3,.433,207.9
102,2014,118,1300,13.32,2193.4,.433,212.1
102,2014,118,1400,13.31,2703.3,.466,207.9
102,2014,118,1500,13.31,1844.8,.45,210
102,2014,118,1600,13.3,1854.5,.383,228.9
102,2014,118,1700,13.3,1187.3,.383,242.8
102,2014,118,1800,13.3,1244.3,.483,228.5
102,2014,118,1900,13.3,464.96,.433,232.1
102,2014,118,2000,13.3,5.2938,.333,257.3
102,2014,118,2100,13.3,0,.367,237.4
102,2014,118,2200,13.3,0,.45,195.9
102,2014,118,2300,13.3,0,.3,108.7
101,2014,118,2400,12.37,18501,6.647
102,2014,118,2400,13.31,0,.383,66.78
102,2014,119,100,13.31,0,.233,38.02
102,2014,119,200,13.31,0,.283,-7.54
102,2014,119,300,13.31,0,.35,29.38
102,2014,119,400,13.31,0,.35,27.28
102,2014,119,500,13.32,0,.317,56.27
102,2014,119,600,13.32,0,.383,25.99
102,2014,119,700,13.32,.15421,.383,59.06
102,2014,119,800,13.33,223.6,.333,99.3
102,2014,119,900,13.33,430.86,.466,172.2
102,2014,119,1000,12.43,1357.4,.233,181.5
102,2014,119,1100,12.37,2437.1,0,172.5
102,2014,119,1200,12.37,2245.3,0,169.5
102,2014,119,1300,12.37,2991.9,0,173.3
102,2014,119,1400,12.37,2247,0,172.1
102,2014,119,1500,12.37,1694.6,0,182.8
102,2014,119,1600,12.37,2661.7,0,166.3
102,2014,119,1700,12.37,1071.4,0,190.9
102,2014,119,1800,12.37,1022.9,0,-59.87
102,2014,119,1900,12.37,175.59,.4,243.2
102,2014,119,2000,13.3,2.5038,.466,178.4
102,2014,119,2100,13.3,0,.383,101.2
102,2014,119,2200,13.3,0,.3,89.3
102,2014,119,2300,13.3,0,.466,79.2
101,2014,119,2400,12.37,18562,5.681
102,2014,119,2400,13.3,0,.333,70.1
102,2014,120,100,13.3,0,.367,22.14
102,2014,120,200,13.3,0,.267,-43.62
102,2014,120,300,13.31,0,.3,-29.39
102,2014,120,400,13.31,0,.317,7.46
102,2014,120,500,13.31,0,.2,2.295
102,2014,120,600,13.31,0,0,-112.8
102,2014,120,700,13.31,.82979,0,30.87
102,2014,120,800,13.31,272.79,0,111.8
102,2014,120,900,13.31,438.17,.233,58.35
102,2014,120,1000,13.28,1335.8,.317,104.6
102,2014,120,1100,13.32,2566.1,.3,102.8
102,2014,120,1200,12.39,3167.6,.15,102.9
102,2014,120,1300,12.37,3504.6,0,103.6
102,2014,120,1400,12.37,3176.7,0,106.8
102,2014,120,1500,12.38,3164.3,.183,111.7
102,2014,120,1600,13.31,2891.6,.383,157.6
102,2014,120,1700,13.3,1775,.417,147.5
102,2014,120,1800,13.3,117.47,.033,84.8
102,2014,120,1900,12.37,8.2385,0,279.4
102,2014,120,2000,12.37,3.8332,.133,-115.2
102,2014,120,2100,13.32,.13218,.317,87.9
102,2014,120,2200,13.31,0,.133,26.04
102,2014,120,2300,13.31,0,.15,20.64
101,2014,120,2400,12.37,22423,4.548
102,2014,120,2400,13.32,0,.35,29.17
102,2014,121,100,12.37,.85915,.017,-101.5
102,2014,121,200,12.36,0,0,-109.9
102,2014,121,300,12.36,0,0,-64.94
102,2014,121,400,12.37,0,0,44.37
102,2014,121,500,12.36,0,0,100.8
102,2014,121,600,12.36,0,0,119.7
102,2014,121,700,12.36,.05874,0,160.4
102,2014,121,800,12.36,200.43,0,202.5
102,2014,121,900,12.42,457.28,.05,166.7
102,2014,121,1000,13.35,1424.6,.317,99
102,2014,121,1100,13.35,2699.3,.35,87.6
102,2014,121,1200,13.34,3170.1,.433,76.7
102,2014,121,1300,13.33,3406.9,.333,85.9
102,2014,121,1400,13.33,3564.9,.466,97.6
102,2014,121,1500,13.33,3259.1,.45,111.2
102,2014,121,1600,13.32,2858.2,.333,124.9
102,2014,121,1700,13.32,2054.3,.3,129.8
102,2014,121,1800,13.32,673.88,.3,120.4
102,2014,121,1900,13.32,367.05,.283,133.3
102,2014,121,2000,13.32,9.5164,.283,154.4
102,2014,121,2100,13.31,0,.233,119.4
102,2014,121,2200,13.32,0,.3,101.8
102,2014,121,2300,13.32,.29373,.017,92.6
101,2014,121,2400,12.36,24147,4.465
102,2014,121,2400,13.33,0,0,150.2
102,2014,122,100,13.33,0,0,111.9
102,2014,122,200,13.33,.13218,0,-44.23
102,2014,122,300,13.33,0,.05,-1.007
102,2014,122,400,13.33,0,.05,7.5
102,2014,122,500,13.33,0,0,-39.4
102,2014,122,600,13.33,0,0,-12.48
102,2014,122,700,13.34,1.4098,0,96.5
102,2014,122,800,13.34,242.36,.033,166.3
102,2014,122,900,13.34,506.2,.233,74
102,2014,122,1000,13.35,999.72,.383,66.11
102,2014,122,1100,13.34,2695,.417,75.6
102,2014,122,1200,13.33,2526.8,.333,91.4
102,2014,122,1300,13.33,2999.3,.383,101
102,2014,122,1400,13.33,2475.3,.466,118.1
102,2014,122,1500,13.33,2779,.267,142.1
102,2014,122,1600,13.32,2342.3,.35,157.3
102,2014,122,1700,13.32,2263.1,.3,178
102,2014,122,1800,13.32,1181.1,.367,186.9
102,2014,122,1900,13.31,402.2,.3,168
102,2014,122,2000,13.32,4.2885,.15,91.9
102,2014,122,2100,13.32,.80042,.3,72.7
102,2014,122,2200,13.32,0,.35,74.4
102,2014,122,2300,13.33,0,.367,71.2
101,2014,122,2400,13.31,21419,5.365
102,2014,122,2400,13.33,0,.267,58.54
102,2014,123,100,13.33,0,.05,-41.86
102,2014,123,200,13.33,0,.167,131
102,2014,123,300,13.33,0,.333,183.8
102,2014,123,400,13.33,.44058,.25,60.2
102,2014,123,500,13.33,0,.35,58.04
102,2014,123,600,13.34,0,.183,17.54
102,2014,123,700,13.34,.49932,0,-36.24
102,2014,123,800,13.34,107.21,0,-46.85
102,2014,123,900,13.34,534.41,.267,20.13
102,2014,123,1000,13.34,1337.1,.367,64.62
102,2014,123,1100,12.37,1610.1,.1,65.45
102,2014,123,1200,12.35,3149,0,88.1
102,2014,123,1300,12.35,3474.8,0,124.4
102,2014,123,1400,12.37,3129.6,.383,153.5
102,2014,123,1500,13.33,3308.9,.233,157.9
102,2014,123,1600,13.32,2408.4,.333,173.9
102,2014,123,1700,13.32,911.17,.35,182
102,2014,123,1800,13.32,163.92,.317,123.3
102,2014,123,1900,12.38,37.238,0,-93.1
102,2014,123,2000,12.37,1.5053,0,-123.2
102,2014,123,2100,13.35,0,0,-170.4
102,2014,123,2200,13.34,0,0,-114.9
102,2014,123,2300,13.34,.08077,0,31.37
101,2014,123,2400,12.35,20175,3.682
102,2014,123,2400,13.34,.27169,0,-21.01
102,2014,124,100,13.34,0,0,-55.01
102,2014,124,200,13.34,0,0,-28.71
102,2014,124,300,13.34,0,0,-30.55
102,2014,124,400,13.35,0,0,-26.02
102,2014,124,500,13.35,0,0,184.9
102,2014,124,600,13.35,0,0,242.7
102,2014,124,700,13.35,1.1969,0,182.5
102,2014,124,800,13.35,235.39,.033,104.8
102,2014,124,900,13.35,494.9,.35,77
102,2014,124,1000,13.35,1459.7,.367,60.42
102,2014,124,1100,13.35,2547.9,.283,62.1
102,2014,124,1200,12.5,2931.5,.333,76.1
102,2014,124,1300,13.34,3374.9,.4,92.2
102,2014,124,1400,13.33,2651.3,.383,105.4
102,2014,124,1500,13.33,2567.1,.383,117.2
102,2014,124,1600,13.33,2719.1,.3,134.8
102,2014,124,1700,13.33,1849.8,.367,159.2
102,2014,124,1800,13.32,827.24,.4,169.1
102,2014,124,1900,13.32,458.16,.25,140.9
102,2014,124,2000,13.32,5.3018,0,-89.8
102,2014,124,2100,13.32,0,0,85.2
102,2014,124,2200,13.33,0,0,-16.7
102,2014,124,2300,13.33,0,.25,20.37
101,2014,124,2400,12.5,22124,4.265
102,2014,124,2400,13.33,0,.167,36.95
102,2014,125,100,13.33,0,.233,61.33
102,2014,125,200,13.33,0,.383,58.51
102,2014,125,300,13.33,0,.233,56.45
102,2014,125,400,13.33,0,.433,63.09
102,2014,125,500,13.33,0,.3,54.51
102,2014,125,600,13.34,0,.233,36.22
102,2014,125,700,13.34,.17623,.217,4.888
102,2014,125,800,13.34,190.63,.15,-19.78
102,2014,125,900,13.35,452.19,.35,33.54
102,2014,125,1000,13.34,1537.5,.3,38.53
102,2014,125,1100,13.34,2612.3,.4,53.28
102,2014,125,1200,13.33,3135.6,.35,70.6
102,2014,125,1300,13.33,3615.3,.4,98
102,2014,125,1400,13.33,2672.7,.417,119.4
102,2014,125,1500,13.33,3411.5,.333,127.8
102,2014,125,1600,13.32,2973.8,.383,139.7
102,2014,125,1700,13.32,1445,.317,166.7
102,2014,125,1800,13.05,760.59,.417,196.6
102,2014,125,1900,12.37,73.622,.183,511.5
102,2014,125,2000,13.32,.13218,.233,16.43
102,2014,125,2100,13.32,0,.283,73.4
102,2014,125,2200,13.32,0,.25,54.2
102,2014,125,2300,13.33,0,.333,43.06
101,2014,125,2400,12.37,22881,7.26
102,2014,125,2400,13.33,0,.133,13.28
102,2014,126,100,13.33,.1028,.35,221.7
102,2014,126,200,13.33,2.012,.033,-68.3
102,2014,126,300,12.38,0,0,-134.3
102,2014,126,400,12.35,0,0,-132.7
102,2014,126,500,13.35,0,0,-37.84
102,2014,126,600,13.35,.02937,0,258
102,2014,126,700,13.35,.75631,0,235.1
102,2014,126,800,13.35,258.32,0,171.5
102,2014,126,900,13.35,597.21,.05,5.675
102,2014,126,1000,13.35,1514.9,.167,76.2
102,2014,126,1100,13.35,2522.4,.383,65.48
102,2014,126,1200,13.34,2648.6,.333,67.66
102,2014,126,1300,13.33,3507.8,.367,78.1
102,2014,126,1400,13.33,3052.7,.383,96.5
102,2014,126,1500,13.33,1808.9,.516,108.1
102,2014,126,1600,13.33,1871.6,.35,121.2
102,2014,126,1700,13.33,1286.3,.417,129.1
102,2014,126,1800,13.32,780.38,.4,132.4
102,2014,126,1900,13.33,220.48,.4,135.9
102,2014,126,2000,13.33,2.203,.217,124
102,2014,126,2100,13.33,0,.367,96.8
102,2014,126,2200,13.33,0,.217,27.49
102,2014,126,2300,13.33,0,.233,31.98
101,2014,126,2400,12.35,20075,5.498
102,2014,126,2400,13.33,0,.317,14.82
102,2014,127,100,13.33,0,.283,1.816
102,2014,127,200,13.34,0,.167,-46.88
102,2014,127,300,13.34,0,.133,-72.4
102,2014,127,400,13.35,0,0,-10.25
102,2014,127,500,13.35,0,0,149.8
102,2014,127,600,13.35,0,0,258.8
102,2014,127,700,13.35,.55805,0,350
102,2014,127,800,13.35,152.16,0,248
102,2014,127,900,13.35,453.19,0,54.38
102,2014,127,1000,13.35,977.76,.267,61.06
102,2014,127,1100,13.28,2172,.25,56.09
102,2014,127,1200,13.35,3201.6,.367,49.74
102,2014,127,1300,13.35,3421.8,.483,66.4
102,2014,127,1400,13.34,3335.7,.383,80.5
102,2014,127,1500,13.34,3440.4,.4,99.5
102,2014,127,1600,13.33,1380,.35,117.4
102,2014,127,1700,13.33,1031.4,.3,114.7
102,2014,127,1800,12.36,109.6,.083,-45.78
102,2014,127,1900,12.96,15.384,0,-140.1
102,2014,127,2000,13.35,.6168,.033,41.93
102,2014,127,2100,13.35,0,0,-18.23
102,2014,127,2200,13.35,0,0,-88.6
102,2014,127,2300,13.35,0,0,-81.9
101,2014,127,2400,12.36,19692,3.499
102,2014,127,2400,13.35,0,0,-86.4
102,2014,128,100,13.35,0,0,-5.625
102,2014,128,200,13.35,0,0,80.3
102,2014,128,300,13.36,0,0,184.4
102,2014,128,400,13.36,0,0,288.1
102,2014,128,500,13.36,0,0,79.9
102,2014,128,600,13.36,0,0,60.59
102,2014,128,700,13.36,1.1455,0,118.5
102,2014,128,800,13.37,54.548,0,192.2
102,2014,128,900,13.37,354.19,.1,426
102,2014,128,1000,13.28,1437.9,.233,205.5
102,2014,128,1100,13.36,2107.1,.317,15.3
102,2014,128,1200,13.36,2114.4,.35,24.19
102,2014,128,1300,13.35,2409.5,.533,47.19
102,2014,128,1400,13.35,2295.3,.383,55.91
102,2014,128,1500,13.35,1883.5,.367,67.34
102,2014,128,1600,13.35,1368.7,.35,69.45
102,2014,128,1700,13.35,1598,.5,76.7
102,2014,128,1800,13.35,563.17,.466,81.4
102,2014,128,1900,13.35,160.74,.317,59.32
102,2014,128,2000,13.35,.45526,.017,-44.64
102,2014,128,2100,13.35,0,0,-64.95
102,2014,128,2200,13.35,0,0,-166.7
102,2014,128,2300,13.35,0,0,-89.8
101,2014,128,2400,13.28,16349,3.932
102,2014,128,2400,13.35,0,0,131.1
102,2014,129,100,13.36,0,.05,145
102,2014,129,200,13.36,0,.2,145.4
102,2014,129,300,13.36,0,.267,154.5
102,2014,129,400,13.37,0,.217,242
102,2014,129,500,13.36,0,.2,291.2
102,2014,129,600,13.36,0,.4,352.5
102,2014,129,700,13.37,.17622,.417,386
102,2014,129,800,13.37,48.586,.417,588.4
102,2014,129,900,13.37,393.17,.183,63.45
102,2014,129,1000,13.37,629.03,.35,-12.58
102,2014,129,1100,13.37,1614.6,.333,-1.844
102,2014,129,1200,13.36,2979.9,.483,28.57
102,2014,129,1300,13.36,1891.2,.3,59.71
102,2014,129,1400,13.36,2678.4,.333,70.5
102,2014,129,1500,13.35,1117,.367,79.2
102,2014,129,1600,13.35,1099,.267,82
102,2014,129,1700,13.35,188.97,.25,33.17
102,2014,129,1800,13.35,592.88,.217,31.94
102,2014,129,1900,13.35,263.86,.433,62.89
102,2014,129,2000,13.28,.32308,.233,23.63
102,2014,129,2100,13.35,0,.15,-15.39
102,2014,129,2200,13.35,0,.15,-53.02
102,2014,129,2300,13.36,0,.017,-85.6
101,2014,129,2400,13.28,13497,6.231
102,2014,129,2400,13.36,0,0,-43.15
102,2014,130,100,13.36,0,.25,73.8
102,2014,130,200,13.36,0,.217,-35.46
102,2014,130,300,13.36,0,.183,-55.54
102,2014,130,400,13.36,0,.283,-69.33
102,2014,130,500,13.36,0,.117,-102.6
102,2014,130,600,13.36,0,.067,-116.4
102,2014,130,700,13.36,.06608,.1,-137.4
102,2014,130,800,13.37,146.82,.117,-125.8
102,2014,130,900,13.37,508.98,.383,-31.4
102,2014,130,1000,13.36,1467,.433,19.96
102,2014,130,1100,13.36,2168.6,.466,44.62
102,2014,130,1200,13.35,2518.2,.333,73.6
102,2014,130,1300,13.35,2041.2,.367,91.9
102,2014,130,1400,13.35,713.56,.233,70
102,2014,130,1500,13.35,399.7,0,-46.22
102,2014,130,1600,13.36,293.31,0,18.2
102,2014,130,1700,13.36,719.06,.033,165.5
102,2014,130,1800,13.37,177.71,0,11.14
102,2014,130,1900,13.37,51.846,0,6.038
102,2014,130,2000,13.37,1.4685,.1,-24.01
102,2014,130,2100,13.37,0,.1,-19.56
102,2014,130,2200,13.37,0,.183,-23.79
102,2014,130,2300,13.37,0,.317,-28.95
101,2014,130,2400,13.35,11208,4.615
102,2014,130,2400,13.37,0,.333,-43.86
102,2014,131,100,13.38,0,.183,-50.2
102,2014,131,200,13.38,0,.033,-11.69
102,2014,131,300,13.38,0,.05,72
102,2014,131,400,13.38,0,.133,44.59
102,2014,131,500,13.38,0,.2,55.01
102,2014,131,600,13.38,0,.2,69.41
102,2014,131,700,13.38,.35978,.283,140.8
102,2014,131,800,13.38,138.51,.1,72.7
102,2014,131,900,13.38,556,.433,90.3
102,2014,131,1000,13.38,1960.3,.4,-35.82
102,2014,131,1100,13.38,2726.1,.433,4.64
102,2014,131,1200,13.37,3220.1,.417,43.87
102,2014,131,1300,13.37,3519.7,.433,66.7
102,2014,131,1400,13.37,2648.7,.367,76.3
102,2014,131,1500,13.36,2754.6,.333,88.1
102,2014,131,1600,13.36,1607.3,.317,100.7
102,2014,131,1700,13.35,1440.9,.383,112.6
102,2014,131,1800,13.35,172.64,.3,110.9
102,2014,131,1900,13.35,111.05,.183,34.99
102,2014,131,2000,13.35,3.3557,.283,59.36
102,2014,131,2100,13.35,0,.417,53.45
102,2014,131,2200,13.36,0,.267,50.92
102,2014,131,2300,13.36,0,.367,21.73
101,2014,131,2400,13.35,20860,6.797
102,2014,131,2400,13.36,0,.283,2.73
102,2014,132,100,13.36,0,.4,14.6
102,2014,132,200,13.36,0,.317,4.293
102,2014,132,300,13.36,0,.267,9.56
102,2014,132,400,13.36,0,.4,4.585
102,2014,132,500,13.36,0,.317,-20.37
102,2014,132,600,13.37,0,.35,-5.179
102,2014,132,700,13.36,.61678,.333,-30.58
102,2014,132,800,13.36,169.4,.233,-59.47
102,2014,132,900,12.38,511.34,.233,23.82
102,2014,132,1000,13.36,1886.4,.35,46.11
102,2014,132,1100,13.36,2641.5,.367,64.75
102,2014,132,1200,13.35,2768.2,.466,93.5
102,2014,132,1300,13.35,2786.4,.417,119.1
102,2014,132,1400,13.35,1169.6,.083,32.79
102,2014,132,1500,13.35,3231.7,.367,62.05
102,2014,132,1600,13.35,1136.3,.4,91.8
102,2014,132,1700,13.35,1497.4,.267,96.9
102,2014,132,1800,13.35,476.16,.367,86.7
102,2014,132,1900,13.35,120.75,0,-48.58
102,2014,132,2000,13.36,1.8063,0,100.4
102,2014,132,2100,13.36,.76364,0,24.23
102,2014,132,2200,13.36,.05874,0,43.82
102,2014,132,2300,13.36,0,0,160.5
101,2014,132,2400,12.38,18398,5.931
102,2014,132,2400,13.36,0,0,274
102,2014,133,100,13.36,0,.017,170.2
102,2014,133,200,13.36,0,.133,178
102,2014,133,300,13.36,0,0,133.2
102,2014,133,400,13.37,0,0,110.7
102,2014,133,500,13.37,0,.117,121.3
102,2014,133,600,13.37,0,.117,104.8
102,2014,133,700,13.37,.41852,.217,82.1
102,2014,133,800,13.37,158.87,.033,156
102,2014,133,900,13.37,492.68,.1,187.5
102,2014,133,1000,13.37,1555.4,.433,32.67
102,2014,133,1100,13.37,1118.4,.516,20.01
102,2014,133,1200,13.37,1479.7,.367,33.15
102,2014,133,1300,13.36,2372.2,.417,42.23
102,2014,133,1400,13.36,2479.5,.383,62.49
102,2014,133,1500,13.35,2660.5,.35,74.3
102,2014,133,1600,13.35,2278.6,.483,86.8
102,2014,133,1700,13.35,1253.3,.267,42.99
102,2014,133,1800,13.35,502,.05,96.9
102,2014,133,1900,13.33,76.094,.25,45.24
102,2014,133,2000,12.4,1.8063,.183,40.02
102,2014,133,2100,13.36,0,.367,54.25
102,2014,133,2200,13.36,0,.1,-18.55
102,2014,133,2300,13.37,.16154,0,130.6
101,2014,133,2400,12.4,16430,4.915
102,2014,133,2400,13.37,.54335,.017,91.1
102,2014,134,100,13.37,0,.117,100.7
102,2014,134,200,13.37,0,.083,24.63
102,2014,134,300,13.37,0,0,-65.67
102,2014,134,400,13.38,0,.067,-43.63
102,2014,134,500,13.38,0,0,-45.3
102,2014,134,600,13.38,0,.15,56.37
102,2014,134,700,13.38,.39649,.25,8.11
102,2014,134,800,13.38,241.34,.233,25.28
102,2014,134,900,13.38,708.83,.367,8.04
102,2014,134,1000,13.38,1971.5,.35,6.583
102,2014,134,1100,13.38,2688,.433,39.5
102,2014,134,1200,13.37,3117.5,.383,56.21
102,2014,134,1300,13.37,2286.5,.383,54.92
102,2014,134,1400,13.36,3065.7,.3,70.5
102,2014,134,1500,13.35,3123.5,.367,85.9
102,2014,134,1600,13.35,1611.6,.317,100.4
102,2014,134,1700,13.35,1930.1,.35,111.6
102,2014,134,1800,13.34,663.7,.283,119
102,2014,134,1900,13.34,165.89,.417,118.7
102,2014,134,2000,13.34,4.6849,.333,109.9
102,2014,134,2100,13.34,0,.35,103.5
102,2014,134,2200,13.35,0,.383,92.5
102,2014,134,2300,13.35,0,.367,97.8
101,2014,134,2400,13.34,21579,6.631
102,2014,134,2400,13.35,0,.35,106.8
102,2014,135,100,13.35,0,.333,59.14
102,2014,135,200,13.35,0,.35,58.28
102,2014,135,300,13.35,0,.267,28.87
102,2014,135,400,13.35,0,.233,124.5
102,2014,135,500,13.35,0,.6,466.7
102,2014,135,600,13.36,0,.217,6.203
102,2014,135,700,13.36,.63147,.25,54.16
102,2014,135,800,13.37,246.37,.233,51.32
102,2014,135,900,13.36,735.57,.417,43.33
102,2014,135,1000,13.37,1923.1,.25,51.3
102,2014,135,1100,13.36,2607.3,.466,68.38
102,2014,135,1200,13.35,3153.8,.367,97.8
102,2014,135,1300,13.35,3636.2,.283,126.3
102,2014,135,1400,13.34,2957.5,.317,146.4
102,2014,135,1500,13.33,2889.5,.333,158.9
102,2014,135,1600,13.33,1271.8,.45,157.3
102,2014,135,1700,13.33,217.38,.233,180.3
102,2014,135,1800,13.33,265.41,.383,164.3
102,2014,135,1900,12.66,109.9,.367,150.8
102,2014,135,2000,12.56,.5801,.25,137.8
102,2014,135,2100,13.33,0,.3,84.9
102,2014,135,2200,13.33,0,.233,1.37
102,2014,135,2300,13.34,0,.35,5.895
101,2014,135,2400,12.56,20015,7.7
102,2014,135,2400,13.34,0,.217,-52.49
102,2014,136,100,13.34,0,.283,-55.64
102,2014,136,200,13.34,0,.3,-31.23
102,2014,136,300,13.34,0,.233,-25.5
102,2014,136,400,13.34,0,.267,-21.21
102,2014,136,500,13.35,0,.267,-53.55
102,2014,136,600,13.35,0,.083,14.8
102,2014,136,700,13.35,.26434,0,-10.09
102,2014,136,800,13.35,203.45,0,8.15
102,2014,136,900,13.35,505.01,.417,204.5
102,2014,136,1000,13.35,1314.9,.3,73.8
102,2014,136,1100,13.35,1871.5,.383,56.41
102,2014,136,1200,13.35,1615.1,.5,69.55
102,2014,136,1300,13.35,3063.4,.45,89.6
102,2014,136,1400,13.34,3081.6,.333,104
102,2014,136,1500,12.35,3372.5,.217,106.9
102,2014,136,1600,12.34,2747.9,.033,109.1
102,2014,136,1700,12.34,1708.9,0,108.8
102,2014,136,1800,12.35,554.59,0,115.4
102,2014,136,1900,12.35,241.84,.133,109.5
102,2014,136,2000,13.33,2.3498,.3,114.2
102,2014,136,2100,13.33,0,.267,-23.98
102,2014,136,2200,13.33,0,.433,98.4
102,2014,136,2300,13.34,0,.267,84.7
101,2014,136,2400,12.34,20283,5.764
102,2014,136,2400,13.34,0,.3,75.1
102,2014,137,100,13.34,0,.4,64.2
102,2014,137,200,13.34,0,.417,50.69
102,2014,137,300,13.34,0,.333,-.875
102,2014,137,400,13.34,0,.25,-47.37
102,2014,137,500,13.34,0,.25,17.41
102,2014,137,600,13.35,0,.317,50.64
102,2014,137,700,13.35,.68288,.167,89.3
102,2014,137,800,13.35,241,.183,-6.429
102,2014,137,900,13.35,770.88,.35,63.02
102,2014,137,1000,13.35,1882.4,.367,68.54
102,2014,137,1100,13.35,2663.1,.417,96
102,2014,137,1200,13.35,3143.9,.4,116.6
102,2014,137,1300,13.34,3350.1,.516,132.7
102,2014,137,1400,13.12,2589.6,.466,145.9
102,2014,137,1500,13.33,3350.4,.45,150.7
102,2014,137,1600,13.18,2168.6,.35,148.8
102,2014,137,1700,12.85,1517.7,.233,133.7
102,2014,137,1800,12.36,184.15,0,-24.48
102,2014,137,1900,13.33,121.76,0,110.6
102,2014,137,2000,13.33,2.1442,0,30.12
102,2014,137,2100,13.33,0,0,6.07
102,2014,137,2200,13.33,0,0,-74.2
102,2014,137,2300,13.33,0,.033,-4.936
101,2014,137,2400,12.36,21987,6.181
102,2014,137,2400,13.33,0,.283,83.2
102,2014,138,100,13.33,0,.35,87.9
102,2014,138,200,13.34,0,.367,94.3
102,2014,138,300,13.35,0,.267,81.8
102,2014,138,400,13.35,0,.217,47.51
102,2014,138,500,13.35,0,.1,-19.15
102,2014,138,600,13.35,0,.217,27.39
102,2014,138,700,13.35,.47728,.117,-23.15
102,2014,138,800,13.36,226.11,.1,-32.38
102,2014,138,900,13.36,807.97,.45,59.58
102,2014,138,1000,13.36,1900.7,.383,53.49
102,2014,138,1100,13.35,2619.3,.383,67.71
102,2014,138,1200,13.35,3101.5,.283,93.1
102,2014,138,1300,13.35,3407.6,.3,116.2
102,2014,138,1400,13.34,2650.9,.233,121.5
102,2014,138,1500,13.33,2885.2,.183,128.8
102,2014,138,1600,13.03,1670,.333,159.7
102,2014,138,1700,12.35,183.81,.033,11.93
102,2014,138,1800,12.34,97.611,0,198.1
102,2014,138,1900,12.33,108.68,0,-29.25
102,2014,138,2000,12.34,1.7475,.05,-50.45
102,2014,138,2100,13.36,0,.183,27
102,2014,138,2200,13.35,0,.317,56.49
102,2014,138,2300,13.35,0,.383,102.3
101,2014,138,2400,12.33,19662,5.614
102,2014,138,2400,13.35,0,.367,92.2
102,2014,139,100,13.35,0,.283,85.9
102,2014,139,200,13.35,0,.383,75.7
102,2014,139,300,13.35,0,.4,59.96
102,2014,139,400,13.36,0,.283,55.76
102,2014,139,500,13.36,0,.333,25.56
102,2014,139,600,13.36,0,.217,-26.13
102,2014,139,700,13.37,1.2996,.25,-14.21
102,2014,139,800,13.37,228.77,.25,27.27
102,2014,139,900,13.37,789.1,.367,43.19
102,2014,139,1000,13.37,1890.4,.317,26.92
102,2014,139,1100,13.36,2591.1,.45,46.55
102,2014,139,1200,13.36,3119.2,.4,69.14
102,2014,139,1300,13.36,3433.9,.367,90.3
102,2014,139,1400,13.35,3344.9,.383,106.8
102,2014,139,1500,13.35,3394.8,.317,121
102,2014,139,1600,12.35,2740.6,.133,121.8
102,2014,139,1700,12.34,2158.3,.033,109.9
102,2014,139,1800,12.35,277.91,.083,-8.7
102,2014,139,1900,12.34,9.3697,0,28.41
102,2014,139,2000,12.33,0,0,120.3
102,2014,139,2100,13.25,0,0,96.1
102,2014,139,2200,13.35,0,.117,28.63
102,2014,139,2300,13.35,0,.167,45.51
101,2014,139,2400,12.33,23980,5.781
102,2014,139,2400,13.35,0,.25,84.6
102,2014,140,100,13.35,0,.3,100.9
102,2014,140,200,13.36,0,.383,82.7
102,2014,140,300,13.35,0,.466,76.9
102,2014,140,400,13.36,0,.433,91.1
102,2014,140,500,13.36,0,.35,41.26
102,2014,140,600,13.36,0,.267,39.45
102,2014,140,700,12.48,.47727,.283,41.51
102,2014,140,800,13.37,135.04,.35,42.71
102,2014,140,900,13.37,450.03,.433,59.98
102,2014,140,1000,13.37,1251.8,.45,58.71
102,2014,140,1100,13.36,2593.6,.383,43.1
102,2014,140,1200,13.36,2573.5,.483,65.7
102,2014,140,1300,13.36,3215.9,.483,82.5
102,2014,140,1400,12.5,2174.9,.317,105.2
102,2014,140,1500,13.35,2570.5,.267,126
102,2014,140,1600,12.37,1878.8,.2,117.8
102,2014,140,1700,12.35,1212.8,.2,123.4
102,2014,140,1800,13.34,405.33,.25,141.2
102,2014,140,1900,13.34,94.6,.283,81.1
102,2014,140,2000,13.34,.30841,.417,93.7
102,2014,140,2100,13.35,0,.35,74.3
102,2014,140,2200,13.35,0,.35,82.2
102,2014,140,2300,13.35,0,.333,83.5
101,2014,140,2400,12.35,18557,8.51
102,2014,140,2400,13.35,0,.483,77.4
102,2014,141,100,13.35,0,.25,56.93
102,2014,141,200,13.36,0,0,-33.54
102,2014,141,300,13.36,.01469,0,149
102,2014,141,400,13.36,0,0,256.7
102,2014,141,500,13.36,0,0,-51.84
102,2014,141,600,13.36,0,0,-126.8
102,2014,141,700,13.37,1.5933,0,-49.11
102,2014,141,800,13.36,234.29,0,46.35
102,2014,141,900,13.37,823.54,.183,65.31
102,2014,141,1000,13.36,1912.7,.283,66.93
102,2014,141,1100,12.35,2453.6,.317,66.73
102,2014,141,1200,12.35,2835.3,.35,87.1
102,2014,141,1300,13.35,3241.8,.367,96.8
102,2014,141,1400,13.35,3088.9,.383,102
102,2014,141,1500,13.35,2346.9,.417,112.3
102,2014,141,1600,13.34,1953.9,.383,110.4
102,2014,141,1700,13.34,530.23,.167,12.05
102,2014,141,1800,13.35,194.8,.05,-38.63
102,2014,141,1900,13.35,18.196,.033,-40.04
102,2014,141,2000,13.35,0,.25,-33.16
102,2014,141,2100,13.35,.02203,.017,17.49
102,2014,141,2200,13.35,2.1514,.183,93.6
102,2014,141,2300,12.35,.69022,.05,70.2
101,2014,141,2400,12.34,19638,3.748
102,2014,141,2400,12.34,0,.067,-63.84
102,2014,142,100,13.36,0,.017,-33.22
102,2014,142,200,13.37,0,.083,49.98
102,2014,142,300,13.37,0,.05,108.5
102,2014,142,400,13.37,.03671,.233,121.9
102,2014,142,500,13.37,0,.25,126.5
102,2014,142,600,13.37,0,.267,139
102,2014,142,700,13.38,.71222,.1,149
102,2014,142,800,13.38,135.15,.067,130.4
102,2014,142,900,13.38,658.5,.283,94.7
102,2014,142,1000,13.38,1538.9,.4,57.75
102,2014,142,1100,13.37,2324.9,.317,42.15
102,2014,142,1200,13.37,2965.9,.533,48.48
102,2014,142,1300,13.37,3312.2,.5,66.66
102,2014,142,1400,13.36,3363.1,.35,81.9
102,2014,142,1500,13.36,3129.9,.317,96.1
102,2014,142,1600,12.58,2612.7,.333,109
102,2014,142,1700,12.36,1299.6,.183,114.8
102,2014,142,1800,12.33,897.63,0,77.7
102,2014,142,1900,12.33,38.33,.017,51.61
102,2014,142,2000,13.36,.40386,.333,156
102,2014,142,2100,13.36,0,.167,58.72
102,2014,142,2200,13.36,0,.267,.732
102,2014,142,2300,13.36,0,.367,13.09
101,2014,142,2400,12.33,22278,5.748
102,2014,142,2400,13.36,0,.317,47.49
102,2014,143,100,13.36,0,.383,3.814
102,2014,143,200,13.37,0,.217,-63.23
102,2014,143,300,13.36,0,.133,-57.33
102,2014,143,400,13.37,0,.233,-44.5
102,2014,143,500,13.37,0,.3,-59.62
102,2014,143,600,13.37,0,.1,-72.8
102,2014,143,700,13.37,.22028,.25,-11.69
102,2014,143,800,13.37,220.7,.283,5.455
102,2014,143,900,13.38,864.42,.333,46.7
102,2014,143,1000,13.37,1898.7,.433,38.67
102,2014,143,1100,13.37,2576.2,.35,60.18
102,2014,143,1200,13.36,3091.7,.45,75.2
102,2014,143,1300,13.36,3483.3,.483,93.4
102,2014,143,1400,13.35,3503.6,.35,113.5
102,2014,143,1500,13.35,1764,.367,122.9
102,2014,143,1600,13.35,2337.7,.367,119.7
102,2014,143,1700,12.36,458.1,.3,122.8
102,2014,143,1800,12.33,85.362,0,-64.79
102,2014,143,1900,12.33,21.654,0,107.8
102,2014,143,2000,12.36,0,0,7.96
102,2014,143,2100,12.35,0,0,-24.53
102,2014,143,2200,13.36,0,0,-80.5
102,2014,143,2300,13.35,0,0,-71.5
101,2014,143,2400,12.33,20306,5.365
102,2014,143,2400,13.36,0,.033,-42.81
102,2014,144,100,13.36,0,.017,147.1
102,2014,144,200,13.36,0,.017,125
102,2014,144,300,13.36,0,.05,107.6
102,2014,144,400,13.36,0,0,59.18
102,2014,144,500,13.36,0,0,6.104
102,2014,144,600,13.37,0,0,-22.61
102,2014,144,700,13.37,3.0766,0,46.87
102,2014,144,800,13.37,419.64,.15,211.8
102,2014,144,900,13.37,857.29,.433,76
102,2014,144,1000,13.36,1970.9,.383,51.3
102,2014,144,1100,13.36,2363.6,.417,40.86
102,2014,144,1200,13.35,3065.8,.5,55.42
102,2014,144,1300,13.35,2316,.3,78.1
102,2014,144,1400,13.35,1876.9,.35,87.2
102,2014,144,1500,13.35,1435.9,.433,94.1
102,2014,144,1600,13.35,1623.1,.417,100.6
102,2014,144,1700,13.35,1720.5,.35,110.3
102,2014,144,1800,13.34,249.66,.25,120.6
102,2014,144,1900,13.34,10.368,.117,-19.64
102,2014,144,2000,13.35,.24966,.167,34.86
102,2014,144,2100,13.36,0,.1,47.47
102,2014,144,2200,13.36,0,0,39.09
102,2014,144,2300,13.36,0,.017,65.34
101,2014,144,2400,13.34,17913,4.765
102,2014,144,2400,13.36,0,.3,193.2
102,2014,145,100,13.36,0,.217,206.2
102,2014,145,200,13.36,0,.25,174.6
102,2014,145,300,13.37,0,.217,182
102,2014,145,400,13.37,0,.35,149
102,2014,145,500,13.37,0,.167,136.3
102,2014,145,600,13.38,0,.183,149.1
102,2014,145,700,13.38,.52132,.033,150.3
102,2014,145,800,13.38,58.769,0,82.1
102,2014,145,900,13.38,403.98,.117,43.29
102,2014,145,1000,13.38,872.05,.3,58.66
102,2014,145,1100,13.38,1107.2,.35,43.11
102,2014,145,1200,13.37,1673.7,.267,36.81
102,2014,145,1300,13.37,3321.6,.35,52.83
102,2014,145,1400,13.37,3179,.383,69.6
102,2014,145,1500,13.36,3175.7,.35,79.5
102,2014,145,1600,13.36,1482.1,.35,89.1
102,2014,145,1700,13.36,1816.5,.317,94.6
102,2014,145,1800,13.35,1192.5,.317,101.5
102,2014,145,1900,13.35,457.32,.217,100.1
102,2014,145,2000,13.35,9.5311,.217,110.7
102,2014,145,2100,13.35,0,.283,103.6
102,2014,145,2200,13.35,0,.35,93.9
102,2014,145,2300,13.35,0,.35,89.3
101,2014,145,2400,13.35,18750,6.331
102,2014,145,2400,13.35,0,.4,56.73
102,2014,146,100,13.36,0,.333,87.3
102,2014,146,200,13.36,0,.3,-3.836
102,2014,146,300,13.36,0,.25,-71.2
102,2014,146,400,13.36,0,.35,-7.35
102,2014,146,500,13.37,0,.283,36.35
102,2014,146,600,13.37,0,.433,46.61
102,2014,146,700,13.37,.16154,.283,23.37
102,2014,146,800,13.37,133.5,.25,43.54
102,2014,146,900,13.38,561.62,.4,65.1
102,2014,146,1000,13.37,1904.4,.433,64.7
102,2014,146,1100,13.37,2558.2,.283,79.5
102,2014,146,1200,13.36,3013.3,.35,98.7
102,2014,146,1300,13.36,3406.3,.383,116.3
102,2014,146,1400,13.35,3457.9,.3,132.6
102,2014,146,1500,13.35,2977.5,.45,136
102,2014,146,1600,13.34,1393.9,.333,140.6
102,2014,146,1700,13.34,963.16,.4,147
102,2014,146,1800,13.34,521.02,.35,223.5
102,2014,146,1900,13.34,121.55,.067,-89.8
102,2014,146,2000,13.35,8.4739,.083,-13.95
102,2014,146,2100,13.35,.31575,.383,164.8
102,2014,146,2200,13.35,2.9812,.433,59.62
102,2014,146,2300,13.35,0,.133,-.93
101,2014,146,2400,13.34,21024,7.41
102,2014,146,2400,13.35,0,.15,-29.79
102,2014,147,100,13.35,0,.233,34.75
102,2014,147,200,13.36,0,.2,29.14
102,2014,147,300,13.36,0,.283,156.1
102,2014,147,400,13.37,0,.25,224.4
102,2014,147,500,13.37,0,.3,150.2
102,2014,147,600,13.37,0,.217,63.7
102,2014,147,700,13.37,.76363,.233,206.4
102,2014,147,800,13.37,305.38,.15,197.3
102,2014,147,900,13.37,1127.1,.333,100.4
102,2014,147,1000,13.37,1820.4,.367,48.37
102,2014,147,1100,13.37,2596.8,.333,42.4
102,2014,147,1200,13.36,3186.1,.4,56.42
102,2014,147,1300,13.36,2717.7,.417,67.45
102,2014,147,1400,13.35,3347.1,.433,80.3
102,2014,147,1500,13.35,3351.4,.35,100.2
102,2014,147,1600,13.35,2648.7,.367,119.1
102,2014,147,1700,13.34,1859.9,.317,126.8
102,2014,147,1800,13.34,1332.9,.45,131.3
102,2014,147,1900,13.33,297.64,.233,144.1
102,2014,147,2000,13.33,12.586,.4,133.4
102,2014,147,2100,13.34,0,.35,141.3
102,2014,147,2200,13.34,0,.333,138.1
102,2014,147,2300,13.34,0,.3,131.9
101,2014,147,2400,13.33,24604,7.53
102,2014,147,2400,13.34,0,.283,129.1
102,2014,148,100,13.34,0,.433,126.4
102,2014,148,200,13.35,0,.367,231.8
102,2014,148,300,13.35,0,.283,128
102,2014,148,400,13.35,0,.35,47.1
102,2014,148,500,13.35,0,.35,25.56
102,2014,148,600,13.36,0,.317,67.65
102,2014,148,700,13.36,.47727,.083,-9.64
102,2014,148,800,13.36,203.49,.3,181.1
102,2014,148,900,13.37,896.19,.283,79.3
102,2014,148,1000,13.36,1840.6,.383,75.8
102,2014,148,1100,13.36,2526.3,.45,85.3
102,2014,148,1200,13.35,3009.6,.35,106
102,2014,148,1300,13.35,3075,.333,128.5
102,2014,148,1400,13.34,2753,.35,133.5
102,2014,148,1500,13.34,1729.8,.483,145.9
102,2014,148,1600,13.33,2623.4,.4,139.1
102,2014,148,1700,13.33,1787.5,.3,140.2
102,2014,148,1800,13.33,410.73,.35,152.9
102,2014,148,1900,13.33,113.14,.333,148
102,2014,148,2000,13.33,.31575,.3,123.6
102,2014,148,2100,13.33,0,.383,133.2
102,2014,148,2200,13.33,0,.383,133.6
102,2014,148,2300,13.34,0,.367,101.9
101,2014,148,2400,13.33,20970,8.26
102,2014,148,2400,13.34,0,.333,98.2
102,2014,149,100,13.34,0,.35,60.13
102,2014,149,200,13.35,0,.35,82.7
102,2014,149,300,13.35,0,.333,45.8
102,2014,149,400,13.35,0,.383,54.54
102,2014,149,500,13.35,0,.417,19.74
102,2014,149,600,13.35,0,.25,-42.12
102,2014,149,700,13.35,.08077,.267,-77.4
102,2014,149,800,13.36,116.29,.167,-17.22
102,2014,149,900,13.36,489.03,.317,59.67
102,2014,149,1000,13.36,934.45,.267,85.2
102,2014,149,1100,13.36,736.44,.283,74.7
102,2014,149,1200,13.35,1411.3,.317,97.6
102,2014,149,1300,13.35,2866.2,.35,125.6
102,2014,149,1400,13.35,2896.7,.333,140.5
102,2014,149,1500,13.34,2294.1,.367,139.6
102,2014,149,1600,13.34,1554.9,.367,152.5
102,2014,149,1700,13.33,1366.7,.267,143.2
102,2014,149,1800,13.33,430.73,.383,144.7
102,2014,149,1900,13.34,55.33,.1,-38.4
102,2014,149,2000,13.35,3.7816,0,131.8
102,2014,149,2100,13.35,.79303,.217,165.9
102,2014,149,2200,13.35,0,.117,51.94
102,2014,149,2300,13.35,0,.1,-49.06
101,2014,149,2400,13.33,15157,6.464
102,2014,149,2400,13.35,0,.167,-27.5
102,2014,150,100,13.35,0,.233,-14.54
102,2014,150,200,13.35,0,.1,-35.29
102,2014,150,300,13.36,0,.017,-44.83
102,2014,150,400,13.36,0,0,-54.12
102,2014,150,500,13.36,0,.05,-43
102,2014,150,600,13.36,.02937,.017,-81.5
102,2014,150,700,13.36,.92517,.033,-82.8
102,2014,150,800,13.37,112.76,0,-38.77
102,2014,150,900,13.37,693.15,.1,144.4
102,2014,150,1000,13.37,797.89,.183,73.5
102,2014,150,1100,13.36,1265.2,.433,63.25
102,2014,150,1200,13.36,2363.8,.466,50.25
102,2014,150,1300,13.36,2788.4,.3,65.03
102,2014,150,1400,13.35,3461.1,.35,71.3
102,2014,150,1500,12.35,3693.7,.2,82.7
102,2014,150,1600,13.35,1759.9,.25,113.4
102,2014,150,1700,13.35,319.37,.133,-63.3
102,2014,150,1800,13.35,503.64,.117,138.5
102,2014,150,1900,13.35,137.69,.25,91.7
102,2014,150,2000,13.35,.60212,.4,109
102,2014,150,2100,13.35,0,.3,102.6
102,2014,150,2200,13.35,0,.333,85.5
102,2014,150,2300,13.36,0,.3,77.1
101,2014,150,2400,12.35,17898,4.981
102,2014,150,2400,13.36,0,.417,42.13
102,2014,151,100,13.36,0,.283,44.67
102,2014,151,200,13.37,0,.1,-24.94
102,2014,151,300,13.37,0,0,23.17
102,2014,151,400,13.37,0,.017,50.68
102,2014,151,500,13.38,0,.083,37.78
102,2014,151,600,13.38,0,.3,24.75
102,2014,151,700,13.38,.46259,.217,-37.52
102,2014,151,800,13.38,209.12,.25,-45.49
102,2014,151,900,13.38,718.24,.4,41.91
102,2014,151,1000,13.38,1876.2,.483,33.87
102,2014,151,1100,13.37,2554.3,.433,35.8
102,2014,151,1200,13.37,3059.1,.367,50.92
102,2014,151,1300,13.37,3316.1,.3,72.6
102,2014,151,1400,13.36,3215.9,.4,92.2
102,2014,151,1500,13.35,2810,.35,111.4
102,2014,151,1600,13.35,2638,.35,117.8
102,2014,151,1700,13.35,1159.1,.317,125.5
102,2014,151,1800,13.35,580.51,.4,130
102,2014,151,1900,13.35,251.8,.283,48.4
102,2014,151,2000,13.35,2.2249,0,-76.2
102,2014,151,2100,12.33,0,0,-57.2
102,2014,151,2200,12.33,.26434,.2,73.8
102,2014,151,2300,13.35,0,.15,171.2
101,2014,151,2400,12.33,22391,5.914
102,2014,151,2400,13.35,0,.233,182.6
102,2014,152,100,13.36,0,.183,174
102,2014,152,200,13.36,0,.033,10.25
102,2014,152,300,13.36,0,0,-43.25
102,2014,152,400,13.36,0,0,-15.21
102,2014,152,500,13.37,0,0,14.36
102,2014,152,600,13.37,0,0,-5.389
102,2014,152,700,13.37,.71957,0,12.04
102,2014,152,800,13.38,206.71,.083,66.66
102,2014,152,900,13.38,1017.8,.217,65.77
102,2014,152,1000,13.37,1839.8,.4,46.99
102,2014,152,1100,13.37,2524.3,.35,42.44
102,2014,152,1200,13.37,3010.3,.317,57.99
102,2014,152,1300,13.36,3314.1,.367,67.88
102,2014,152,1400,13.35,2924.4,.367,88.4
102,2014,152,1500,13.35,1930.1,.383,105.3
102,2014,152,1600,13.35,858.29,.233,100.7
102,2014,152,1700,13.35,771.69,.35,118.7
102,2014,152,1800,13.35,524.7,.383,117.3
102,2014,152,1900,13.35,262.85,.3,109.2
102,2014,152,2000,13.35,2.0854,.483,93.7
102,2014,152,2100,13.35,0,.3,43.47
102,2014,152,2200,13.35,0,.4,93.3
102,2014,152,2300,13.35,0,.3,99.9
101,2014,152,2400,13.35,19188,5.748
102,2014,152,2400,13.35,0,.3,79.6
102,2014,153,100,13.35,0,.566,82.1
102,2014,153,200,13.35,0,.417,91.8
102,2014,153,300,13.35,0,.267,85.3
102,2014,153,400,13.36,0,.5,67.64
102,2014,153,500,13.36,0,.383,34.58
102,2014,153,600,13.36,0,.283,-51.13
102,2014,153,700,13.36,.24231,.233,-93.8
102,2014,153,800,13.37,173.29,.217,-14.11
102,2014,153,900,13.37,950.7,.466,65.53
102,2014,153,1000,13.36,1796.1,.383,56.09
102,2014,153,1100,13.36,2476.6,.333,73.3
102,2014,153,1200,13.36,2964.1,.333,94.2
102,2014,153,1300,13.35,3302.1,.35,108.7
102,2014,153,1400,13.35,3218.4,.4,120.8
102,2014,153,1500,13.34,3137.2,.283,127.6
102,2014,153,1600,13.34,2482.6,.333,126.3
102,2014,153,1700,13.33,1662.4,.383,130.3
102,2014,153,1800,13.33,784.73,.25,138.5
102,2014,153,1900,13.33,323.21,.233,151.5
102,2014,153,2000,13.33,6.3739,.367,93.4
102,2014,153,2100,13.33,0,.367,154
102,2014,153,2200,13.33,0,.3,166.3
102,2014,153,2300,13.33,0,.466,159.8
101,2014,153,2400,13.33,23278,8.65
102,2014,153,2400,13.33,0,.533,159.1
102,2014,154,100,13.34,0,.4,137.4
102,2014,154,200,13.34,0,.383,117.2
102,2014,154,300,13.34,0,.433,106.9
102,2014,154,400,13.34,0,.3,71.4
102,2014,154,500,13.34,0,.383,76.9
102,2014,154,600,13.35,0,.433,72
102,2014,154,700,13.35,.1028,.4,28.74
102,2014,154,800,13.35,208.87,.3,-.622
102,2014,154,900,13.35,985.22,.367,97.5
102,2014,154,1000,13.35,1941.4,.417,113.7
102,2014,154,1100,13.35,2504.3,.333,124.6
102,2014,154,1200,13.34,2952.1,.417,128.6
102,2014,154,1300,13.33,2993.4,.4,120.9
102,2014,154,1400,13.33,3407.3,.367,125.5
102,2014,154,1500,13.33,3053.4,.367,122.3
102,2014,154,1600,13.32,2598.6,.283,121.8
102,2014,154,1700,13.31,2066.1,.283,123.6
102,2014,154,1800,13.31,1372,.516,130.1
102,2014,154,1900,13.31,242.11,.367,128
102,2014,154,2000,13.32,11.793,.3,139
102,2014,154,2100,13.31,0,.333,117.8
102,2014,154,2200,13.32,0,.6,131.2
102,2014,154,2300,13.32,0,.4,104.3
101,2014,154,2400,13.31,24337,9.31
102,2014,154,2400,13.32,0,.533,138.5
102,2014,155,100,13.33,0,.466,98.8
102,2014,155,200,13.33,0,.317,77.7
102,2014,155,300,13.33,0,.317,58.07
102,2014,155,400,13.33,0,.2,-97.8
102,2014,155,500,13.34,0,.333,179.9
102,2014,155,600,13.34,0,.333,107.8
102,2014,155,700,13.34,.24232,.25,80.4
102,2014,155,800,13.35,187.14,.4,116.3
102,2014,155,900,13.35,911.1,.45,91.7
102,2014,155,1000,13.35,1702.5,.466,87.6
102,2014,155,1100,12.38,2482.9,.283,88.4
102,2014,155,1200,12.33,3006.1,.117,88.3
102,2014,155,1300,13.34,2105.2,.417,108.7
102,2014,155,1400,13.33,2415.3,.383,108.1
102,2014,155,1500,13.33,2257.8,.35,84.8
102,2014,155,1600,12.53,263.77,.233,80.1
102,2014,155,1700,12.72,1191.4,.05,13.07
102,2014,155,1800,13.34,1010.6,.4,111.5
102,2014,155,1900,13.35,182.71,.383,102.2
102,2014,155,2000,13.35,.41855,.3,44.9
102,2014,155,2100,13.35,0,.333,65.35
102,2014,155,2200,13.35,0,.417,37.26
102,2014,155,2300,13.35,0,.367,36.2
101,2014,155,2400,12.33,17717,7.78
102,2014,155,2400,13.35,0,.217,14.13
102,2014,156,100,13.35,0,.333,25.8
102,2014,156,200,13.35,0,.367,25.56
102,2014,156,300,13.35,0,.233,-77.7
102,2014,156,400,13.35,0,.117,-105.3
102,2014,156,500,13.36,.04406,.133,-79.4
102,2014,156,600,13.36,0,0,-55.42
102,2014,156,700,13.36,.42588,0,-56.64
102,2014,156,800,13.36,142.51,0,-29.84
102,2014,156,900,13.36,655.85,.033,13.95
102,2014,156,1000,13.37,922.97,.3,63.27
102,2014,156,1100,13.36,1619.3,.35,50.6
102,2014,156,1200,13.36,2224.8,.383,52.07
102,2014,156,1300,13.36,2239.9,.367,58.91
102,2014,156,1400,13.36,3006.6,.4,64.96
102,2014,156,1500,13.35,1818.1,.383,78.9
102,2014,156,1600,13.35,1533.4,.3,85.4
102,2014,156,1700,13.35,542.1,.417,88.6
102,2014,156,1800,13.35,609.86,.317,91
102,2014,156,1900,13.35,240.53,.3,68.33
102,2014,156,2000,13.35,6.9537,0,-76.8
102,2014,156,2100,12.52,0,0,-103.4
102,2014,156,2200,13.36,0,.017,2.026
102,2014,156,2300,13.36,0,.133,6.077
101,2014,156,2400,12.52,15563,5.131
102,2014,156,2400,13.36,0,.25,32.77
102,2014,157,100,13.36,0,.283,80.6
102,2014,157,200,13.37,0,.333,99.2
102,2014,157,300,13.37,0,.3,16.19
102,2014,157,400,13.38,0,.217,1.343
102,2014,157,500,13.38,0,.217,-15.42
102,2014,157,600,12.51,0,.267,-64.98
102,2014,157,700,13.38,.19093,.167,-79.8
102,2014,157,800,13.39,155.58,.05,-40.1
102,2014,157,900,13.39,995.63,.3,197.4
102,2014,157,1000,13.38,2058,.367,11.86
102,2014,157,1100,13.38,2616.5,.3,26.29
102,2014,157,1200,13.37,3028.2,.483,35.24
102,2014,157,1300,13.37,3285,.516,54.96
102,2014,157,1400,13.37,3379.9,.333,80.1
102,2014,157,1500,12.35,3268.8,.15,93.2
102,2014,157,1600,12.35,1718.6,.267,117.7
102,2014,157,1700,13.35,957.72,.367,125.5
102,2014,157,1800,13.35,950.71,.317,125.4
102,2014,157,1900,13.35,387.26,.167,131.4
102,2014,157,2000,13.35,17.535,.283,131.2
102,2014,157,2100,13.35,0,.35,46.16
102,2014,157,2200,13.35,0,.3,26.38
102,2014,157,2300,13.35,.82241,.3,165.1
101,2014,157,2400,12.35,22821,6.797
102,2014,157,2400,13.35,.66086,.167,31.11
102,2014,158,100,13.35,.52868,.333,69.64
102,2014,158,200,12.34,0,.2,84.8
102,2014,158,300,12.31,0,0,62.65
102,2014,158,400,12.31,0,0,-5.02
102,2014,158,500,12.31,0,0,-28.2
102,2014,158,600,12.31,0,0,22.77
102,2014,158,700,12.31,.03672,0,-5.493
102,2014,158,800,12.31,103.94,0,-33.44
102,2014,158,900,12.31,880.12,0,36.34
102,2014,158,1000,12.31,1795.6,.267,59.49
102,2014,158,1100,13.37,2511.9,.433,81.1
102,2014,158,1200,13.36,3030.2,.333,90.6
102,2014,158,1300,12.34,2789.6,.1,82
102,2014,158,1400,12.34,2742.7,.133,93.5
102,2014,158,1500,13.35,2650.1,.4,119.1
102,2014,158,1600,13.35,1649.9,.4,128.1
102,2014,158,1700,13.35,805,.3,134.7
102,2014,158,1800,13.35,1314.3,.317,130.3
102,2014,158,1900,13.34,457.83,.483,139.5
102,2014,158,2000,13.34,8.4666,.45,146.4
102,2014,158,2100,13.34,0,.45,138
102,2014,158,2200,13.35,0,.35,109.6
102,2014,158,2300,13.35,0,.4,90
101,2014,158,2400,12.31,20740,5.848
102,2014,158,2400,13.35,0,.5,97.4
102,2014,159,100,13.35,0,.367,93.7
102,2014,159,200,13.35,0,.333,46.85
102,2014,159,300,13.35,0,.333,53.27
102,2014,159,400,13.35,0,.333,18.33
102,2014,159,500,13.36,0,.383,-6.462
102,2014,159,600,13.36,0,.3,33.12
102,2014,159,700,13.36,.1028,.35,16.02
102,2014,159,800,13.36,84.507,.333,8.37
102,2014,159,900,13.37,614.63,.483,48.22
102,2014,159,1000,13.37,1846.2,.25,89.7
102,2014,159,1100,13.36,2579.8,.383,112.6
102,2014,159,1200,13.35,2583.7,.417,129.7
102,2014,159,1300,13.35,2848.5,.383,141.1
102,2014,159,1400,13.35,3481.4,.417,142.3
102,2014,159,1500,13.34,3147.1,.433,134.2
102,2014,159,1600,13.34,710.22,.383,161.4
102,2014,159,1700,13.34,1228.6,.383,155
102,2014,159,1800,13.33,1300,.383,144.7
102,2014,159,1900,13.33,262.77,.417,156.1
102,2014,159,2000,13.33,8.8044,.2,145.1
102,2014,159,2100,13.34,.08077,.233,-61.34
102,2014,159,2200,13.34,0,.167,31.96
102,2014,159,2300,13.34,0,.217,125.5
101,2014,159,2400,13.33,20696,8.06
102,2014,159,2400,13.34,0,.183,70.2
102,2014,160,100,13.34,0,.15,104.3
102,2014,160,200,13.35,1.0794,.233,59.52
102,2014,160,300,13.35,.05874,.5,67.75
102,2014,160,400,12.42,.08811,.333,50.89
102,2014,160,500,12.31,0,0,-1.332
102,2014,160,600,12.31,0,0,-78
102,2014,160,700,12.31,.12482,0,-81
102,2014,160,800,12.31,143.5,0,-65.69
102,2014,160,900,12.31,512.59,.283,43.09
102,2014,160,1000,13.38,661.59,.317,72.3
102,2014,160,1100,13.37,1266.1,.333,69.81
102,2014,160,1200,13.37,2212,.367,64.24
102,2014,160,1300,13.36,2797.3,.317,69.47
102,2014,160,1400,13.36,2175.5,.35,84.2
102,2014,160,1500,13.36,1451.4,.483,91.7
102,2014,160,1600,13.35,992.71,.317,99.3
102,2014,160,1700,13.35,805.89,.483,102.2
102,2014,160,1800,13.35,531.65,.317,108.8
102,2014,160,1900,13.35,131.75,.317,102
102,2014,160,2000,13.35,.01469,.317,18.44
102,2014,160,2100,13.36,0,.417,60.42
102,2014,160,2200,13.37,0,.333,63.9
102,2014,160,2300,13.36,0,.317,11.2
101,2014,160,2400,12.31,13683,6.797
102,2014,160,2400,13.36,0,.317,-37.48
102,2014,161,100,13.36,0,.183,-82.8
102,2014,161,200,13.36,0,.167,-83.3
102,2014,161,300,13.37,0,.15,-46.28
102,2014,161,400,13.37,0,.217,51.67
102,2014,161,500,13.37,0,.267,53.41
102,2014,161,600,13.38,0,.217,11.1
102,2014,161,700,13.38,.2937,.25,-19.56
102,2014,161,800,13.38,110.2,.183,-34.71
102,2014,161,900,13.38,488.93,.3,3.446
102,2014,161,1000,13.38,1116.3,.283,54.83
102,2014,161,1100,13.37,2005.2,.466,60.51
102,2014,161,1200,13.33,3086.9,.383,92.1
102,2014,161,1300,13.37,3409.8,.3,150.2
102,2014,161,1400,13.36,2402.3,.383,166.3
102,2014,161,1500,13.35,2715.1,.5,167.1
102,2014,161,1600,13.35,261.78,.2,111.2
102,2014,161,1700,13.35,86.749,.033,-71.9
102,2014,161,1800,13.36,123.7,0,-45.72
102,2014,161,1900,13.36,80.527,0,-29.56
102,2014,161,2000,13.36,1.8871,0,44.9
102,2014,161,2100,13.36,0,0,99.6
102,2014,161,2200,13.36,.0514,.067,135.7
102,2014,161,2300,13.36,0,.317,89.8
101,2014,161,2400,13.33,15890,5.048
102,2014,161,2400,13.36,0,.183,53.69
102,2014,162,100,13.37,0,.2,8.98
102,2014,162,200,13.37,0,.15,-29
102,2014,162,300,13.37,0,0,-71.8
102,2014,162,400,13.37,0,.067,-72.3
102,2014,162,500,13.37,0,0,-116.1
102,2014,162,600,13.38,0,0,-106.2
102,2014,162,700,13.38,.28638,0,-56.18
102,2014,162,800,13.38,119.92,0,19.72
102,2014,162,900,13.38,330.59,.067,65.07
102,2014,162,1000,13.38,1446,.35,54.95
102,2014,162,1100,13.38,1418.8,.466,46.76
102,2014,162,1200,13.37,2340.4,.367,42.3
102,2014,162,1300,13.37,3385,.283,60.66
102,2014,162,1400,13.36,2950.8,.4,76.3
102,2014,162,1500,13.36,2464.6,.45,91.4
102,2014,162,1600,13.35,2679.6,.317,108.2
102,2014,162,1700,13.35,1460.4,.3,117.1
102,2014,162,1800,13.35,396.27,.25,116.5
102,2014,162,1900,12.32,125.95,.083,103.7
102,2014,162,2000,12.31,3.6935,.117,93.8
102,2014,162,2100,13.35,0,.4,93.8
102,2014,162,2200,13.35,0,.233,3.303
102,2014,162,2300,13.35,0,.033,-59.85
101,2014,162,2400,12.31,19122,4.532
102,2014,162,2400,13.35,0,0,-95.6
102,2014,163,100,13.35,0,0,-23.69
102,2014,163,200,13.35,0,.167,90.8
102,2014,163,300,13.36,0,.35,153.1
102,2014,163,400,13.36,0,.183,45.88
102,2014,163,500,13.36,0,.233,30.58
102,2014,163,600,13.36,0,.367,-21.79
102,2014,163,700,13.36,.02937,.283,20.82
102,2014,163,800,13.37,182.76,.25,14.27
102,2014,163,900,13.37,1019.4,.367,56.13
102,2014,163,1000,13.36,1559.6,.317,58.77
102,2014,163,1100,13.36,2515.5,.383,69.63
102,2014,163,1200,13.35,2514.5,.2,94.3
102,2014,163,1300,13.35,3341.4,.417,116.9
102,2014,163,1400,13.35,3435.9,.317,141.6
102,2014,163,1500,13.35,875.48,.25,155.3
102,2014,163,1600,12.56,1564.8,.25,148
102,2014,163,1700,13.34,1304,.367,146.9
102,2014,163,1800,13.34,754.96,.4,147.5
102,2014,163,1900,13.34,238.7,.267,126.9
102,2014,163,2000,13.34,1.0794,.267,92.6
102,2014,163,2100,13.34,0,.233,96.3
102,2014,163,2200,13.34,0,.233,77.3
102,2014,163,2300,13.35,0,0,-144.3
101,2014,163,2400,12.56,19308,6.148
102,2014,163,2400,13.35,0,.05,32.82
102,2014,164,100,13.35,0,.217,-14.55
102,2014,164,200,13.35,0,.183,-41.36
102,2014,164,300,13.35,0,.117,-121
102,2014,164,400,13.35,0,.25,-59.18
102,2014,164,500,13.35,0,0,-130.9
102,2014,164,600,13.35,0,0,-176.3
102,2014,164,700,13.35,0,.1,-80.4
102,2014,164,800,12.33,104.55,0,-98.2
102,2014,164,900,12.31,345.91,0,73.7
102,2014,164,1000,13.36,518.76,.333,109.5
102,2014,164,1100,13.36,1906.5,.317,78.7
102,2014,164,1200,13.35,2328.7,.417,71.7
102,2014,164,1300,13.35,3344.6,.383,78.8
102,2014,164,1400,13.35,2275.3,.4,93.1
102,2014,164,1500,12.33,2313.9,.217,95.9
102,2014,164,1600,12.33,2000.9,.367,110.7
102,2014,164,1700,13.35,483.69,.25,124.4
102,2014,164,1800,13.35,878.77,.35,122.9
102,2014,164,1900,13.34,323.75,.333,123.8
102,2014,164,2000,13.34,4.5013,.367,119.6
102,2014,164,2100,12.37,0,.167,104.3
102,2014,164,2200,13.35,0,.15,12.37
102,2014,164,2300,13.35,0,0,-140.7
101,2014,164,2400,12.31,16830,4.915
102,2014,164,2400,13.35,0,0,-99.5
102,2014,165,100,13.35,0,0,38.12
102,2014,165,200,13.35,0,0,103.2
102,2014,165,300,13.35,0,.05,113
102,2014,165,400,13.35,0,.117,61
102,2014,165,500,13.35,0,.15,15.42
102,2014,165,600,13.35,0,0,-77.3
102,2014,165,700,13.36,.21294,.167,-3.044
102,2014,165,800,13.36,97.518,.417,29.17
102,2014,165,900,13.36,636.89,.367,48.27
102,2014,165,1000,13.36,1694,.367,57.49
102,2014,165,1100,13.35,2326.3,.45,49.5
102,2014,165,1200,13.35,2759.1,.333,67.34
102,2014,165,1300,13.35,3276.1,.45,78.1
102,2014,165,1400,13.35,3211.7,.35,98.8
102,2014,165,1500,13.34,1051.5,.3,118.1
102,2014,165,1600,13.34,1598.4,.4,121.4
102,2014,165,1700,13.33,1742.3,.25,124.6
102,2014,165,1800,13.33,556.52,.283,126.8
102,2014,165,1900,12.42,302.63,.183,130.6
102,2014,165,2000,13.33,6.3298,.3,134.1
102,2014,165,2100,13.33,0,.3,125.3
102,2014,165,2200,13.34,0,.367,118.3
102,2014,165,2300,13.34,0,.333,106.7
101,2014,165,2400,12.42,19259,6.214
102,2014,165,2400,13.35,0,.283,80.7
102,2014,166,100,13.35,0,.3,51.61
102,2014,166,200,13.35,0,.267,75.6
102,2014,166,300,13.35,0,.283,73.8
102,2014,166,400,13.35,0,.4,-12.51
102,2014,166,500,13.35,0,.417,23.27
102,2014,166,600,13.35,0,.333,73.4
102,2014,166,700,13.35,.05874,.383,72.4
102,2014,166,800,13.35,119.62,.283,66.98
102,2014,166,900,13.36,361.61,.367,74.5
102,2014,166,1000,13.35,831.11,.283,82.4
102,2014,166,1100,13.35,2075,.4,95.2
102,2014,166,1200,13.35,2942.6,.333,127.5
102,2014,166,1300,13.35,3392.1,.45,138.3
102,2014,166,1400,13.35,2089.3,.333,145.5
102,2014,166,1500,13.34,2478.5,.25,147.1
102,2014,166,1600,13.34,1366.7,.3,155.9
102,2014,166,1700,13.33,1044.5,.25,161.5
102,2014,166,1800,13.33,1119.8,.367,155.5
102,2014,166,1900,13.33,404.86,.3,160.6
102,2014,166,2000,13.33,11.764,.317,142.8
102,2014,166,2100,13.33,0,.267,86.3
102,2014,166,2200,13.33,0,.033,-59.63
102,2014,166,2300,13.33,0,.333,79.4
101,2014,166,2400,13.33,18238,7.53
102,2014,166,2400,13.33,0,.283,49.68
102,2014,167,100,13.34,0,.3,-1.673
102,2014,167,200,13.34,0,.017,-95.1
102,2014,167,300,13.34,0,.2,-39.69
102,2014,167,400,13.35,0,.25,129.6
102,2014,167,500,13.35,0,.183,169.3
102,2014,167,600,13.35,0,.15,177.2
102,2014,167,700,13.35,.02937,.1,167.6
102,2014,167,800,13.35,155.34,.083,176.2
102,2014,167,900,13.36,780.09,.333,160.3
102,2014,167,1000,13.35,1574.7,.3,125.3
102,2014,167,1100,13.35,2366.5,.333,133.1
102,2014,167,1200,13.35,2894.1,.217,150.9
102,2014,167,1300,13.34,3327.3,.333,160.9
102,2014,167,1400,13.34,2935.7,.383,160.8
102,2014,167,1500,13.33,2498.6,.333,159.1
102,2014,167,1600,13.33,403.11,.05,-158.3
102,2014,167,1700,12.41,221.96,0,-99.1
102,2014,167,1800,12.32,239.81,0,14.28
102,2014,167,1900,13.34,75.537,.183,24.51
102,2014,167,2000,13.34,.21294,.133,23.19
102,2014,167,2100,13.35,0,.267,78.5
102,2014,167,2200,13.35,0,.183,56.26
102,2014,167,2300,13.35,0,.233,52.14
101,2014,167,2400,12.32,17473,4.781
102,2014,167,2400,13.35,0,.217,8.42
102,2014,168,100,13.35,0,.2,45.61
102,2014,168,200,13.35,0,.267,69.93
102,2014,168,300,13.35,0,.317,53.11
102,2014,168,400,13.35,0,.25,72.4
102,2014,168,500,13.36,0,.35,93.4
102,2014,168,600,13.36,0,.267,77.5
102,2014,168,700,13.36,.06608,.167,-18.54
102,2014,168,800,13.36,188.79,.083,-23.82
102,2014,168,900,13.36,817.99,.25,68.91
102,2014,168,1000,13.36,1676.9,.383,55.48
102,2014,168,1100,13.36,2350.2,.317,50.72
102,2014,168,1200,12.32,2857.1,.133,66.85
102,2014,168,1300,12.87,3209.3,.25,106.9
102,2014,168,1400,13.35,3255.2,.233,123.8
102,2014,168,1500,13.35,3188.9,.267,125.1
102,2014,168,1600,13.34,1805.2,.25,130.8
102,2014,168,1700,13.34,1523,.367,123.7
102,2014,168,1800,13.34,729.89,.317,142.9
102,2014,168,1900,13.33,381.24,.383,143.3
102,2014,168,2000,13.33,16.786,.333,159.1
102,2014,168,2100,13.33,0,.466,142
102,2014,168,2200,13.34,0,.367,141.9
102,2014,168,2300,13.34,0,.4,142.5
101,2014,168,2400,12.32,22001,6.931
102,2014,168,2400,13.34,0,.317,135.5
102,2014,169,100,13.35,0,.333,124.7
102,2014,169,200,13.35,0,.333,116.7
102,2014,169,300,13.35,0,.383,78
102,2014,169,400,13.35,0,.267,55.47
102,2014,169,500,13.35,0,.217,-75
102,2014,169,600,13.35,0,.033,-108
102,2014,169,700,13.35,.01469,.117,-87.9
102,2014,169,800,13.36,141.19,.167,-25.06
102,2014,169,900,13.36,772.72,.317,80.5
102,2014,169,1000,13.35,1621.4,.3,90.6
102,2014,169,1100,13.35,2333.7,.3,109.5
102,2014,169,1200,13.35,2868.9,.35,132.7
102,2014,169,1300,13.34,3251.3,.3,150.4
102,2014,169,1400,13.33,2901,.233,148.2
102,2014,169,1500,13.33,3031.5,.333,145.5
102,2014,169,1600,13.33,2204.2,.267,146.3
102,2014,169,1700,13.33,947.33,.333,165.2
102,2014,169,1800,13.33,517.25,.333,175.8
102,2014,169,1900,13.32,244.16,.466,175.7
102,2014,169,2000,13.32,5.7204,.367,143.8
102,2014,169,2100,13.32,0,.333,140.9
102,2014,169,2200,13.33,0,.417,173.1
102,2014,169,2300,13.33,0,.35,149.2
101,2014,169,2400,13.32,20840,7.13
102,2014,169,2400,13.33,0,.283,148.4
102,2014,170,100,13.33,0,.283,137.3
102,2014,170,200,13.33,0,.35,135.4
102,2014,170,300,13.33,0,.367,41.06
102,2014,170,400,13.33,0,.2,-45.1
102,2014,170,500,13.34,0,.167,-55.56
102,2014,170,600,13.34,0,.017,-133.7
102,2014,170,700,13.35,.07343,0,-111.8
102,2014,170,800,13.35,114.52,.017,-97.1
102,2014,170,900,13.35,779.72,.4,72.1
102,2014,170,1000,13.35,1476.3,.317,99.8
102,2014,170,1100,13.35,1810.6,.317,124.1
102,2014,170,1200,13.34,2507.2,.367,139.2
102,2014,170,1300,13.33,2643.2,.283,140.9
102,2014,170,1400,13.33,2114,.35,144
102,2014,170,1500,13.33,681.93,.433,143.1
102,2014,170,1600,12.31,26.678,.1,-65.14
102,2014,170,1700,13.34,58.648,0,-61.46
102,2014,170,1800,13.35,143.35,0,79.2
102,2014,170,1900,13.35,133.12,0,8.76
102,2014,170,2000,13.35,4.391,0,16.32
102,2014,170,2100,13.35,0,0,84
102,2014,170,2200,13.35,0,0,75.8
102,2014,170,2300,13.35,0,0,41.37
101,2014,170,2400,12.31,12494,3.965
102,2014,170,2400,13.35,0,0,41.31
102,2014,171,100,13.35,0,0,37.26
102,2014,171,200,13.35,0,0,48.75
102,2014,171,300,13.36,0,0,91.6
102,2014,171,400,13.36,0,0,33.33
102,2014,171,500,13.36,0,0,127.4
102,2014,171,600,13.36,0,0,171.6
102,2014,171,700,13.36,.02203,.017,108.3
102,2014,171,800,13.37,113.54,0,78.9
102,2014,171,900,13.37,453.28,.117,51.3
102,2014,171,1000,13.37,1354.2,.25,43.93
102,2014,171,1100,13.36,2359.4,.3,37.99
102,2014,171,1200,13.36,2865.8,.45,37.47
102,2014,171,1300,13.35,3168.9,.3,54.05
102,2014,171,1400,13.35,3117.3,.267,76.8
102,2014,171,1500,13.35,1699.9,.333,92.3
102,2014,171,1600,13.35,621.54,.367,98.5
102,2014,171,1700,13.35,69.428,.217,34.67
102,2014,171,1800,13.35,128.08,0,-83.7
102,2014,171,1900,13.35,99.069,0,100.8
102,2014,171,2000,13.35,.66085,0,81.3
102,2014,171,2100,13.35,.01469,0,78
102,2014,171,2200,13.35,.72693,.033,42.45
102,2014,171,2300,13.35,.41854,.25,61.76
101,2014,171,2400,13.35,16052,3.249
102,2014,171,2400,13.36,0,.35,37.3
102,2014,172,100,13.36,0,.183,-24.37
102,2014,172,200,13.36,0,0,-34.24
102,2014,172,300,13.36,0,0,21.12
102,2014,172,400,13.36,0,0,45.79
102,2014,172,500,13.36,0,0,40.05
102,2014,172,600,13.37,0,.033,-33.1
102,2014,172,700,13.37,0,.1,-.407
102,2014,172,800,13.37,16.242,.117,-41.56
102,2014,172,900,13.38,218.94,.15,139.8
102,2014,172,1000,13.38,604.88,.4,103.6
102,2014,172,1100,13.38,683.83,.35,38.14
102,2014,172,1200,13.38,734.8,.333,54.91
102,2014,172,1300,13.37,1408.6,.433,50.07
102,2014,172,1400,13.37,1833.3,.35,66.99
102,2014,172,1500,13.37,2701.3,.35,78
102,2014,172,1600,13.36,1531.9,.317,90.5
102,2014,172,1700,13.36,1679.7,.433,91.6
102,2014,172,1800,13.36,305.79,.267,94.7
102,2014,172,1900,13.36,91.22,.267,90.4
102,2014,172,2000,13.36,3.2749,.35,74.6
102,2014,172,2100,13.36,0,.233,39.69
102,2014,172,2200,13.36,0,.1,-6.082
102,2014,172,2300,13.36,0,.2,37.53
101,2014,172,2400,13.36,11814,5.281
102,2014,172,2400,13.36,0,.317,67.02
102,2014,173,100,13.36,0,.317,23.68
102,2014,173,200,13.36,0,.117,-53.15
102,2014,173,300,13.36,0,0,-72.5
102,2014,173,400,13.37,0,.117,-58.7
102,2014,173,500,13.37,0,0,13.18
102,2014,173,600,13.37,0,.167,15.66
102,2014,173,700,13.38,.01469,.3,129.8
102,2014,173,800,13.38,89.024,.2,1.112
102,2014,173,900,13.38,320,.2,-39.02
102,2014,173,1000,13.38,1007.5,.317,21.08
102,2014,173,1100,13.38,1268.2,.283,35.15
102,2014,173,1200,13.38,1698.5,.4,55.41
102,2014,173,1300,13.37,2782.3,.367,92.3
102,2014,173,1400,13.37,2950.1,.267,112.7
102,2014,173,1500,13.36,1654.5,.35,128.4
102,2014,173,1600,13.36,519.91,.35,137.5
102,2014,173,1700,13.36,230.75,.333,124.3
102,2014,173,1800,12.34,142.04,.15,-24.5
102,2014,173,1900,12.3,65.071,.083,38.6
102,2014,173,2000,13.36,1.9972,.267,73.1
102,2014,173,2100,13.36,0,.15,22.78
102,2014,173,2200,13.36,0,.267,-38.94
102,2014,173,2300,13.36,0,.283,16.28
101,2014,173,2400,12.3,12730,5.698
102,2014,173,2400,13.36,0,.417,31.98
102,2014,174,100,13.36,0,.25,-27.1
102,2014,174,200,13.36,0,.183,-126.4
102,2014,174,300,13.36,0,.2,-139.7
102,2014,174,400,13.37,0,.117,-153.7
102,2014,174,500,13.37,0,0,-172.3
102,2014,174,600,13.37,0,0,-149.4
102,2014,174,700,13.37,0,.067,-151.4
102,2014,174,800,13.37,36.228,0,-160.6
102,2014,174,900,13.38,255.77,.133,-99
102,2014,174,1000,13.38,801.68,.35,39.22
102,2014,174,1100,13.37,2486.8,.367,68
102,2014,174,1200,12.53,2893,.233,101.5
102,2014,174,1300,13.37,2569.4,.317,131.6
102,2014,174,1400,13.36,2709.5,.417,137.1
102,2014,174,1500,13.36,2189.1,.333,138.1
102,2014,174,1600,13.35,1314.4,.333,140.2
102,2014,174,1700,13.35,243.1,.233,131.6
102,2014,174,1800,13.35,152.38,.25,132.4
102,2014,174,1900,12.31,95.81,.117,88.5
102,2014,174,2000,12.31,2.2249,.183,-2.312
102,2014,174,2100,13.35,0,.15,-31.1
102,2014,174,2200,13.35,0,.133,-40.4
102,2014,174,2300,13.35,0,.233,-35.95
101,2014,174,2400,12.31,15749,4.598
102,2014,174,2400,13.35,0,0,-121.1
102,2014,175,100,13.36,0,.133,-53.2
102,2014,175,200,13.36,0,.017,-108.4
102,2014,175,300,13.36,0,.033,-5.405
102,2014,175,400,13.36,0,.217,29.9
102,2014,175,500,13.36,0,.1,100.8
102,2014,175,600,13.37,0,.017,37.67
102,2014,175,700,13.37,0,0,-52.27
102,2014,175,800,13.37,133.57,0,-37.17
102,2014,175,900,12.69,904.65,.35,142.1
102,2014,175,1000,12.44,1654.8,.267,63.24
102,2014,175,1100,13.37,2130.2,.283,77.2
102,2014,175,1200,13.36,2541.2,.45,88.6
102,2014,175,1300,13.36,3196.6,.35,112.4
102,2014,175,1400,13.35,2983.9,.333,117.8
102,2014,175,1500,13.35,2324.3,.333,123
102,2014,175,1600,13.34,1689.7,.283,127.5
102,2014,175,1700,13.34,893.87,.317,132.3
102,2014,175,1800,13.34,472.8,.25,137.6
102,2014,175,1900,13.35,180.13,.217,122.7
102,2014,175,2000,13.35,5.8156,.3,95.4
102,2014,175,2100,13.35,0,.3,92.8
102,2014,175,2200,13.35,0,.35,57.9
102,2014,175,2300,13.35,0,.45,79.4
101,2014,175,2400,12.44,19111,5.714
102,2014,175,2400,13.35,0,.367,66.51
102,2014,176,100,13.35,0,.3,59.73
102,2014,176,200,13.35,0,.383,11.8
102,2014,176,300,13.36,0,.417,-29.88
102,2014,176,400,13.36,0,.117,-141.7
102,2014,176,500,13.36,0,.233,-119.7
102,2014,176,600,13.36,0,.1,-172.7
102,2014,176,700,13.36,.33776,.05,-192.3
102,2014,176,800,13.37,176.1,.033,-127.5
102,2014,176,900,13.37,770.51,.466,32
102,2014,176,1000,13.36,1633.3,.35,76.3
102,2014,176,1100,13.36,2161.7,.4,94.7
102,2014,176,1200,13.36,2588.5,.417,113
102,2014,176,1300,13.35,2500.6,.267,132.9
102,2014,176,1400,13.35,3243.4,.3,120.4
102,2014,176,1500,13.35,1369.7,.333,126.4
102,2014,176,1600,13.35,967.81,.383,127.1
102,2014,176,1700,13.35,974.18,.25,141.5
102,2014,176,1800,13.34,933.01,.2,133.4
102,2014,176,1900,13.34,155.25,.367,123.8
102,2014,176,2000,13.35,1.8945,.283,90.7
102,2014,176,2100,13.35,0,.383,108.3
102,2014,176,2200,13.35,0,.417,82.5
102,2014,176,2300,13.35,0,.35,107.4
101,2014,176,2400,13.34,17476,7.2
102,2014,176,2400,13.36,0,.4,80.3
102,2014,177,100,13.36,0,.2,-68.93
102,2014,177,200,13.36,0,.183,-123.2
102,2014,177,300,13.36,0,.15,-160.5
102,2014,177,400,13.36,0,.1,-171.4
102,2014,177,500,13.37,0,.183,-152.1
102,2014,177,600,13.38,0,.2,-132.6
102,2014,177,700,13.38,.38921,0,-175.9
102,2014,177,800,13.38,105.19,.117,-128
102,2014,177,900,13.38,753.53,.317,27.49
102,2014,177,1000,13.38,1543.4,.333,57.71
102,2014,177,1100,13.37,2164.2,.283,82.6
102,2014,177,1200,13.37,2431.2,.317,99
102,2014,177,1300,13.36,2703.5,.333,113.1
102,2014,177,1400,13.36,2531.4,.283,107.2
102,2014,177,1500,12.29,863.04,.033,15.9
102,2014,177,1600,12.29,721.01,.083,49.57
102,2014,177,1700,13.36,742.6,.217,-29.45
102,2014,177,1800,13.35,803.49,.233,113.6
102,2014,177,1900,13.35,252.92,.267,86
102,2014,177,2000,13.36,2.1588,.083,-38.73
102,2014,177,2100,13.36,0,0,-118.3
102,2014,177,2200,13.36,0,0,-39.85
102,2014,177,2300,13.36,0,.067,-43.75
101,2014,177,2400,12.29,15618,3.982
102,2014,177,2400,13.36,0,0,-91.4
102,2014,178,100,13.36,0,0,-153.6
102,2014,178,200,13.36,0,0,-107.7
102,2014,178,300,13.37,0,0,-23.38
102,2014,178,400,13.37,0,0,3.099
102,2014,178,500,13.38,0,0,-8.75
102,2014,178,600,12.29,0,0,-59.53
102,2014,178,700,12.28,0,0,-94.2
102,2014,178,800,12.28,141.34,0,-145.3
102,2014,178,900,13.39,782.62,.233,-6.198
102,2014,178,1000,13.38,1583.7,.3,35.39
102,2014,178,1100,13.38,2274.5,.283,54.72
102,2014,178,1200,13.37,2834.5,.433,72.7
102,2014,178,1300,13.37,3199.6,.45,88.6
102,2014,178,1400,13.37,3108.9,.4,100.1
102,2014,178,1500,13.36,2695.7,.283,118
102,2014,178,1600,13.35,2224.8,.283,141
102,2014,178,1700,13.35,1748.8,.35,140.2
102,2014,178,1800,13.34,1142.6,.217,141.7
102,2014,178,1900,13.34,428.13,.333,156.8
102,2014,178,2000,13.34,9.289,.466,178.7
102,2014,178,2100,13.34,0,.317,137.8
102,2014,178,2200,13.34,0,.383,122.1
102,2014,178,2300,13.34,0,.333,121.8
101,2014,178,2400,12.28,22174,5.365
102,2014,178,2400,13.34,0,.3,109.5
102,2014,179,100,13.34,0,.217,75.9
102,2014,179,200,13.35,0,.217,95.9
102,2014,179,300,13.35,0,.267,48.03
102,2014,179,400,13.35,0,.1,-86.7
102,2014,179,500,13.35,0,0,-148
102,2014,179,600,13.35,0,.017,-159.1
102,2014,179,700,13.09,0,0,-157.2
102,2014,179,800,13.36,100.34,0,-137.3
102,2014,179,900,13.23,742.66,.317,32.43
102,2014,179,1000,13.36,1580.6,.3,99.9
102,2014,179,1100,13.36,2327.1,.317,125
102,2014,179,1200,12.3,2910.6,.083,131.4
102,2014,179,1300,13.35,3315.8,.317,156.7
102,2014,179,1400,13.35,3425.1,.317,147.3
102,2014,179,1500,13.34,2997.9,.233,134.8
102,2014,179,1600,13.33,1024.8,.4,189.4
102,2014,179,1700,13.33,1430.8,.367,200.4
102,2014,179,1800,13.33,1153.8,.35,220.7
102,2014,179,1900,13.33,361.45,.283,248.3
102,2014,179,2000,13.33,10.192,.433,208.1
102,2014,179,2100,13.33,0,.333,123.5
102,2014,179,2200,13.33,0,.45,192.9
102,2014,179,2300,13.33,0,.25,230.6
101,2014,179,2400,12.3,21381,5.898
102,2014,179,2400,13.33,0,.333,208.1
102,2014,180,100,13.34,0,.433,102.1
102,2014,180,200,13.34,0,.233,-22.24
102,2014,180,300,13.34,0,.117,-66.97
102,2014,180,400,13.35,0,.217,23.29
102,2014,180,500,13.35,0,.05,-101.5
102,2014,180,600,13.35,0,.083,-69.23
102,2014,180,700,13.35,.13217,0,-117.7
102,2014,180,800,13.36,144.82,0,-110.6
102,2014,180,900,13.36,679.06,.233,19.45
102,2014,180,1000,13.35,1518.1,.45,117
102,2014,180,1100,13.35,2263.3,.367,144.9
102,2014,180,1200,13.35,2899.9,.433,179.9
102,2014,180,1300,13.35,2830.9,.466,214.9
102,2014,180,1400,13.34,3375.4,.35,215
102,2014,180,1500,13.33,2571.6,.4,219.1
102,2014,180,1600,13.33,793.27,.417,190.5
102,2014,180,1700,13.33,421.07,.5,196.2
102,2014,180,1800,13.34,109.77,.333,175.3
102,2014,180,1900,13.34,66.961,.267,124.9
102,2014,180,2000,13.29,4.4352,.283,-38.4
102,2014,180,2100,13.34,0,0,174.3
102,2014,180,2200,13.34,0,0,82.5
102,2014,180,2300,13.35,0,.217,-48.15
101,2014,180,2400,13.29,17679,6.148
102,2014,180,2400,13.35,0,.3,61.1
102,2014,181,100,13.35,0,.217,20.34
102,2014,181,200,13.35,0,.1,-51.11
102,2014,181,300,13.35,0,0,-94.4
102,2014,181,400,13.35,0,0,-88.4
102,2014,181,500,13.36,0,.017,-92.1
102,2014,181,600,13.36,0,.2,-24.95
102,2014,181,700,13.36,0,.033,-84.1
102,2014,181,800,13.37,131.37,0,-46.93
102,2014,181,900,13.37,813.74,.217,18.77
102,2014,181,1000,13.37,1577.9,.417,65.71
102,2014,181,1100,13.36,2394.3,.45,79.9
102,2014,181,1200,13.36,2910.9,.35,93
102,2014,181,1300,13.35,3194.7,.25,104.5
102,2014,181,1400,13.35,3289.9,.35,105.1
102,2014,181,1500,13.35,3072,.383,107.8
102,2014,181,1600,13.34,2817.8,.25,110.7
102,2014,181,1700,13.33,1886.4,.4,133.4
102,2014,181,1800,13.33,758.54,.383,182.7
102,2014,181,1900,13.33,381.01,.383,206.6
102,2014,181,2000,13.33,16.39,.35,224.3
102,2014,181,2100,13.33,0,.3,181.3
102,2014,181,2200,13.33,0,.333,166.9
102,2014,181,2300,13.33,0,.35,162.9
101,2014,181,2400,13.33,23245,5.914
102,2014,181,2400,13.34,0,.183,20.16
102,2014,182,100,13.34,0,.15,-89.2
102,2014,182,200,13.34,0,.1,-146.9
102,2014,182,300,13.34,0,.2,-10.89
102,2014,182,400,13.35,0,.417,104.7
102,2014,182,500,13.35,0,.35,-24.66
102,2014,182,600,13.35,0,.167,-164.9
102,2014,182,700,13.36,0,0,-209.5
102,2014,182,800,13.36,123.06,.017,-186
102,2014,182,900,13.36,799.25,.35,55.39
102,2014,182,1000,13.36,1621.7,.283,110.6
102,2014,182,1100,13.36,2364.6,.417,144.6
102,2014,182,1200,13.35,2888.2,.383,173.2
102,2014,182,1300,13.35,3207.6,.333,174.6
102,2014,182,1400,13.35,3253.9,.283,165.8
102,2014,182,1500,13.34,3117,.4,173.4
102,2014,182,1600,13.34,2426,.317,204.3
102,2014,182,1700,12.38,1105.4,.283,248.3
102,2014,182,1800,12.29,1126.3,.017,215.7
102,2014,182,1900,12.29,280.39,0,235.1
102,2014,182,2000,12.29,12.527,.183,216
102,2014,182,2100,12.77,1.7183,0,-201.8
102,2014,182,2200,13.34,0,0,24.71
102,2014,182,2300,13.34,.38918,0,-104.7
101,2014,182,2400,12.29,22328,4.865
102,2014,182,2400,13.34,.09546,.217,-52.11
102,2014,183,100,13.34,0,.45,43.46
102,2014,183,200,13.35,0,.067,-60.75
102,2014,183,300,13.35,0,.033,-67.16
102,2014,183,400,13.35,0,0,-75.6
102,2014,183,500,13.35,0,0,12.02
102,2014,183,600,13.35,0,.017,-18.1
102,2014,183,700,13.36,0,0,-80.8
102,2014,183,800,13.36,123.33,0,-45.78
102,2014,183,900,13.36,776.21,.183,95.9
102,2014,183,1000,13.37,1606.5,.25,88.9
102,2014,183,1100,12.31,2350.5,.117,75.4
102,2014,183,1200,13.36,2881.9,.333,83.9
102,2014,183,1300,13.35,2772.6,.3,98
102,2014,183,1400,13.35,1588,.367,117.9
102,2014,183,1500,13.35,1922.8,.333,125
102,2014,183,1600,13.35,1125.5,.267,152.9
102,2014,183,1700,13.34,1188.1,.283,160.4
102,2014,183,1800,13.34,962.37,.383,151.7
102,2014,183,1900,13.34,267.75,.367,169.6
102,2014,183,2000,13.33,18.916,.167,98.8
102,2014,183,2100,13.33,.41122,0,94.5
102,2014,183,2200,13.34,.80039,0,2.07
102,2014,183,2300,13.34,.31575,0,-98.7
101,2014,183,2400,12.31,17587,3.948
102,2014,183,2400,13.34,1.05,.033,-20.59
102,2014,184,100,13.34,0,0,71.3
102,2014,184,200,13.35,0,0,70.2
102,2014,184,300,13.35,0,0,-66.91
102,2014,184,400,13.35,0,.033,-20.02
102,2014,184,500,13.35,0,0,-53.96
102,2014,184,600,13.35,0,0,-41.36
102,2014,184,700,13.36,0,0,22.85
102,2014,184,800,13.36,121.42,0,1.805
102,2014,184,900,13.36,783.98,.183,138.9
102,2014,184,1000,13.36,1572.1,.333,83
102,2014,184,1100,13.36,2341.6,.333,53.61
102,2014,184,1200,13.36,2893.5,.383,53.48
102,2014,184,1300,13.35,3211.8,.4,65.72
102,2014,184,1400,13.35,3146.6,.333,78.3
102,2014,184,1500,13.35,3059.8,.267,85.4
102,2014,184,1600,13.34,2650.3,.333,92.8
102,2014,184,1700,13.34,1986.4,.25,104.8
102,2014,184,1800,13.33,1004.4,.35,115.2
102,2014,184,1900,13.33,230.8,.317,141.1
102,2014,184,2000,13.33,4.4427,.333,145.9
102,2014,184,2100,13.33,0,.383,146.5
102,2014,184,2200,13.33,0,.333,122.8
102,2014,184,2300,12.3,0,.133,113.4
101,2014,184,2400,12.29,23007,4.881
102,2014,184,2400,12.29,0,.183,92
102,2014,185,100,13.35,0,.3,107.5
102,2014,185,200,13.35,0,.2,51.19
102,2014,185,300,13.35,0,.25,29.89
102,2014,185,400,13.35,0,.3,62.28
102,2014,185,500,13.35,0,.3,66.31
102,2014,185,600,13.35,0,.333,29.5
102,2014,185,700,13.35,0,.1,-101
102,2014,185,800,13.36,110.15,.05,-104.4
102,2014,185,900,13.36,783.94,.283,50.56
102,2014,185,1000,13.36,1614.8,.35,76.6
102,2014,185,1100,13.36,2344.5,.533,107
102,2014,185,1200,13.35,2913.7,.3,122.9
102,2014,185,1300,13.35,3180.9,.333,117.2
102,2014,185,1400,13.35,3250.7,.267,112.4
102,2014,185,1500,13.34,3111.6,.35,112.4
102,2014,185,1600,13.33,2369.7,.333,113.5
102,2014,185,1700,13.33,1652.6,.367,126.2
102,2014,185,1800,13.33,1231.8,.3,132.1
102,2014,185,1900,13.33,375.27,.383,148.6
102,2014,185,2000,13.33,15.259,.25,188.5
102,2014,185,2100,13.33,0,.333,184.6
102,2014,185,2200,13.33,0,.283,172.6
102,2014,185,2300,13.33,0,.4,149.6
101,2014,185,2400,13.33,22955,7.35
102,2014,185,2400,13.33,0,.45,128
102,2014,186,100,13.33,0,.417,87.9
102,2014,186,200,13.33,0,.333,22.53
102,2014,186,300,13.34,0,.267,65.93
102,2014,186,400,13.34,0,.3,66.94
102,2014,186,500,13.34,0,.267,8.66
102,2014,186,600,13.34,0,.3,-52.22
102,2014,186,700,13.35,0,.2,-80.7
102,2014,186,800,13.35,115.64,.083,-124.1
102,2014,186,900,13.35,792.63,.233,43.7
102,2014,186,1000,13.35,1599,.4,107.1
102,2014,186,1100,13.35,2320.9,.317,139.2
102,2014,186,1200,13.34,2907.4,.383,156.4
102,2014,186,1300,13.34,3213.4,.35,144.7
102,2014,186,1400,13.33,3304,.35,142.9
102,2014,186,1500,13.33,3132.9,.3,149.4
102,2014,186,1600,13.33,2131.7,.35,175.3
102,2014,186,1700,13.32,2035.4,.516,185.9
102,2014,186,1800,13.32,1003.6,.317,227.4
102,2014,186,1900,13.32,397.89,.417,268.7
102,2014,186,2000,13.32,10.575,.333,333.1
102,2014,186,2100,13.32,0,.516,348.3
102,2014,186,2200,13.32,0,.5,311
102,2014,186,2300,13.33,0,.35,230.4
101,2014,186,2400,13.32,22965,8.23
102,2014,186,2400,13.33,0,.433,128.7
102,2014,187,100,13.33,0,.433,59.92
102,2014,187,200,13.33,0,.3,114.7
102,2014,187,300,13.33,0,.283,64.51
102,2014,187,400,13.33,0,.217,25.23
102,2014,187,500,13.34,0,.3,1.734
102,2014,187,600,13.34,0,.367,82.6
102,2014,187,700,13.35,0,.267,37.54
102,2014,187,800,13.35,72.892,.367,46.59
102,2014,187,900,13.35,545.81,.267,140.8
102,2014,187,1000,13.35,1540.2,.367,183.5
102,2014,187,1100,13.35,2312.7,.483,215.7
102,2014,187,1200,13.35,2823.1,.35,265.4
102,2014,187,1300,13.34,3110.5,.466,288.3
102,2014,187,1400,13.33,3108.9,.583,301.7
102,2014,187,1500,13.33,3031.2,.55,291.6
102,2014,187,1600,13.33,2336.3,.383,291.9
102,2014,187,1700,13.33,1928.2,.417,294.2
102,2014,187,1800,13.32,982.24,.533,332.1
102,2014,187,1900,13.32,328.65,.466,364.2
102,2014,187,2000,13.32,3.2605,.483,260.9
102,2014,187,2100,13.32,0,.383,157.2
102,2014,187,2200,13.32,0,.25,135
102,2014,187,2300,13.33,0,.4,53.63
101,2014,187,2400,13.32,22124,9.23
102,2014,187,2400,13.33,0,.317,112.8
102,2014,188,100,13.33,0,.317,70.7
102,2014,188,200,13.33,0,.433,73.7
102,2014,188,300,13.33,0,.4,53.89
102,2014,188,400,13.34,0,.4,30.53
102,2014,188,500,13.35,0,.183,-26.76
102,2014,188,600,13.35,0,.217,-81.4
102,2014,188,700,13.35,0,.167,-87.4
102,2014,188,800,13.35,118.56,0,-70.8
102,2014,188,900,13.35,720.57,.267,-39.64
102,2014,188,1000,13.36,1458.3,.333,99.6
102,2014,188,1100,13.35,2179.9,.383,158.4
102,2014,188,1200,13.35,2269,.5,215.8
102,2014,188,1300,13.35,2984.9,.533,243.2
102,2014,188,1400,13.34,2498.8,.516,275.2
102,2014,188,1500,13.33,2702.5,.4,289.4
102,2014,188,1600,13.33,1416.4,.45,327.7
102,2014,188,1700,13.33,1544.8,.516,327.6
102,2014,188,1800,13.33,1000,.466,328.3
102,2014,188,1900,13.32,346.4,.433,346.2
102,2014,188,2000,13.32,63.256,.4,284.1
102,2014,188,2100,13.32,2.0194,.267,-6999
102,2014,188,2200,12.3,.08078,0,-120.5
102,2014,188,2300,12.28,0,0,14.84
101,2014,188,2400,12.28,19305,7.63
102,2014,188,2400,13.33,0,.05,42.82
102,2014,189,100,13.33,0,0,-107.1
102,2014,189,200,13.33,0,0,-67.42
102,2014,189,300,13.34,0,.183,-3.93
102,2014,189,400,13.34,0,.2,-6.341
102,2014,189,500,13.34,0,0,-23.49
102,2014,189,600,13.35,0,0,-40.23
102,2014,189,700,13.35,.02937,0,-37.1
102,2014,189,800,13.35,78.788,0,-21.95
102,2014,189,900,13.35,450.35,.133,36.59
102,2014,189,1000,13.36,887.4,.3,81.8
102,2014,189,1100,13.36,2139.5,.367,78.2
102,2014,189,1200,13.35,2900.6,.433,88.8
102,2014,189,1300,13.35,1460.8,.367,102
102,2014,189,1400,13.35,2603.3,.383,111.5
102,2014,189,1500,13.35,2401.7,.367,129.8
102,2014,189,1600,13.35,1819.2,.417,152.5
102,2014,189,1700,12.31,1588.1,.15,155.5
102,2014,189,1800,12.29,568.82,.283,146.2
102,2014,189,1900,13.35,199.06,.317,127.1
102,2014,189,2000,13.35,3.0033,.333,72.7
102,2014,189,2100,13.35,0,.183,28.73
102,2014,189,2200,13.35,0,.25,11.27
102,2014,189,2300,13.35,0,.15,-20.49
101,2014,189,2400,12.29,17101,5.181
102,2014,189,2400,13.35,0,.367,51.9
102,2014,190,100,13.35,0,.283,-9.66
102,2014,190,200,13.35,0,.083,-54.81
102,2014,190,300,13.36,0,0,-59.79
102,2014,190,400,13.36,0,0,-22.77
102,2014,190,500,13.36,0,0,100
102,2014,190,600,13.36,0,.067,46.21
102,2014,190,700,13.36,0,0,.38
102,2014,190,800,13.37,32.917,.033,-18.8
102,2014,190,900,13.37,457.51,.383,25.55
102,2014,190,1000,13.37,635.45,.35,53.79
102,2014,190,1100,13.38,1317.9,.45,58.32
102,2014,190,1200,13.37,2331.1,.367,81.6
102,2014,190,1300,13.37,3115.7,.5,123.6
102,2014,190,1400,13.36,2815.4,.367,143.7
102,2014,190,1500,12.6,2799,.367,147.6
102,2014,190,1600,13.35,2434.4,.317,144.8
102,2014,190,1700,13.35,1456.5,.333,149.3
102,2014,190,1800,13.35,1116.9,.383,144
102,2014,190,1900,13.35,363.26,.433,161.8
102,2014,190,2000,13.34,10.904,.333,191.7
102,2014,190,2100,13.34,0,.4,168.9
102,2014,190,2200,13.35,0,.3,99.2
102,2014,190,2300,13.35,0,.267,76.9
101,2014,190,2400,12.6,18887,6.281
102,2014,190,2400,13.35,0,.267,78.8
102,2014,191,100,13.35,0,.3,80
102,2014,191,200,13.35,0,.233,26.52
102,2014,191,300,13.35,0,.283,26.93
102,2014,191,400,13.35,0,.25,10.55
102,2014,191,500,13.35,0,.25,-17.92
102,2014,191,600,13.35,0,.183,-64.09
102,2014,191,700,13.35,0,.25,-63.22
102,2014,191,800,13.36,34.878,.283,-32.06
102,2014,191,900,13.36,201.45,.3,-33.53
102,2014,191,1000,13.36,934.82,.417,62.06
102,2014,191,1100,13.36,1670.4,.367,113.7
102,2014,191,1200,13.35,2163.8,.45,144.5
102,2014,191,1300,12.29,1907.5,.1,134.6
102,2014,191,1400,12.27,2256.7,0,130.4
102,2014,191,1500,12.27,1841.5,0,127.3
102,2014,191,1600,12.27,1538.7,.05,81.2
102,2014,191,1700,12.28,93.813,.4,133.5
102,2014,191,1800,12.28,470.98,0,-94.3
102,2014,191,1900,12.28,132.58,0,32.46
102,2014,191,2000,12.28,10.838,.033,18.2
102,2014,191,2100,13.3,0,.217,-5.989
102,2014,191,2200,13.36,0,.233,-19.57
102,2014,191,2300,13.36,0,.2,-31.79
101,2014,191,2400,12.27,13258,5.015
102,2014,191,2400,13.36,0,.217,-37.59
102,2014,192,100,13.36,0,.283,-41.68
102,2014,192,200,13.36,0,.217,-42.97
102,2014,192,300,13.36,0,.317,-26.7
102,2014,192,400,13.36,0,.25,-38.92
102,2014,192,500,13.36,0,.05,-71.8
102,2014,192,600,13.37,0,.083,-70.4
102,2014,192,700,13.37,0,.217,-69.61
102,2014,192,800,13.37,63.176,.033,-74.5
102,2014,192,900,13.37,638.09,.267,-20.13
102,2014,192,1000,13.38,1517.8,.35,46.09
102,2014,192,1100,13.37,2262.4,.333,71.3
102,2014,192,1200,13.36,2396,.433,117.1
102,2014,192,1300,13.36,2839.4,.466,154.6
102,2014,192,1400,13.36,3151.5,.483,168.9
102,2014,192,1500,13.35,1715,.35,185.6
102,2014,192,1600,13.35,1219.6,.367,193.3
102,2014,192,1700,13.35,758.89,.417,194.5
102,2014,192,1800,13.35,295.47,.4,203.1
102,2014,192,1900,13.35,162.08,.35,164.6
102,2014,192,2000,13.35,8.4078,.3,94.3
102,2014,192,2100,13.35,0,.25,69.08
102,2014,192,2200,13.35,0,.217,46.31
102,2014,192,2300,13.35,0,.283,22.6
101,2014,192,2400,13.35,17028,6.947
102,2014,192,2400,13.35,0,.233,-14.31
102,2014,193,100,13.35,0,.2,-9.59
102,2014,193,200,13.35,0,.383,-6.159
102,2014,193,300,13.35,0,.2,8.26
102,2014,193,400,13.36,0,.183,-12.53
102,2014,193,500,12.33,0,.083,-46.17
102,2014,193,600,12.27,0,0,-50.66
102,2014,193,700,12.26,0,0,-65.37
102,2014,193,800,12.27,56.109,0,-82.8
102,2014,193,900,13.36,561.52,.183,-2.29
102,2014,193,1000,13.37,1129.1,.383,75.9
102,2014,193,1100,13.37,1170.4,.4,107.5
102,2014,193,1200,13.37,1657.9,.433,124
102,2014,193,1300,13.37,3150.5,.383,177.4
102,2014,193,1400,13.36,3057.7,.3,203.2
102,2014,193,1500,13.35,2414,.283,203.5
102,2014,193,1600,13.35,1825.8,.383,205.1
102,2014,193,1700,13.35,1653.9,.417,213.8
102,2014,193,1800,13.34,522.85,.4,245.6
102,2014,193,1900,13.34,194.31,.35,282.2
102,2014,193,2000,13.34,6.998,.417,243.8
102,2014,193,2100,13.34,0,.3,143.8
102,2014,193,2200,13.34,0,.217,107.8
102,2014,193,2300,13.34,0,.3,65.09
101,2014,193,2400,12.26,17401,6.497
102,2014,193,2400,13.35,0,.3,48.16
102,2014,194,100,13.35,0,.233,43.56
102,2014,194,200,13.35,0,.217,17.48
102,2014,194,300,13.35,0,.167,16.43
102,2014,194,400,13.35,0,.35,47.07
102,2014,194,500,13.35,0,.267,11.7
102,2014,194,600,13.35,0,.067,-16.66
102,2014,194,700,13.35,0,.233,-18.78
102,2014,194,800,13.35,95.169,0,-61.33
102,2014,194,900,13.36,578.99,.25,10.13
102,2014,194,1000,13.36,1496.8,.516,112.2
102,2014,194,1100,12.38,1242,.233,125.7
102,2014,194,1200,12.27,1782.7,0,127.7
102,2014,194,1300,12.27,3330.7,.3,217.8
102,2014,194,1400,13.35,3281.7,.417,248.3
102,2014,194,1500,13.35,863.9,.417,263.1
102,2014,194,1600,13.35,1075.8,.533,199.1
102,2014,194,1700,12.48,1236.4,.283,120.5
102,2014,194,1800,12.29,648.03,.183,131
102,2014,194,1900,13.35,182.91,.5,135
102,2014,194,2000,13.34,4.303,.483,143.3
102,2014,194,2100,13.35,0,.267,97.5
102,2014,194,2200,13.35,0,.333,46
102,2014,194,2300,13.35,0,.283,47.37
101,2014,194,2400,12.27,15819,6.981
102,2014,194,2400,13.35,0,.45,11.1
102,2014,195,100,13.35,0,.333,-42.54
102,2014,195,200,13.35,0,.3,-104.9
102,2014,195,300,13.35,0,.283,-50.81
102,2014,195,400,13.35,0,.2,-50.55
102,2014,195,500,13.36,0,.2,-216.8
102,2014,195,600,13.36,0,.283,-222.9
102,2014,195,700,13.36,0,.217,-220.1
102,2014,195,800,13.37,100.44,.117,-227.6
102,2014,195,900,13.38,628.4,.25,16.38
102,2014,195,1000,13.37,1593.4,.4,95.9
102,2014,195,1100,13.37,2337.1,.383,150.9
102,2014,195,1200,13.36,2946.2,.317,182
102,2014,195,1300,13.36,3231.5,.417,189.9
102,2014,195,1400,13.35,3123.3,.283,182.4
102,2014,195,1500,13.35,2800,.283,184.2
102,2014,195,1600,13.35,1015,.4,220
102,2014,195,1700,13.34,1787.6,.417,226.4
102,2014,195,1800,13.34,1216.5,.45,238.1
102,2014,195,1900,13.33,436.47,.383,278
102,2014,195,2000,13.33,8.4373,.516,315.8
102,2014,195,2100,13.33,0,.433,300.1
102,2014,195,2200,13.33,0,.4,251
102,2014,195,2300,13.33,0,.516,191.8
101,2014,195,2400,13.33,21224,8.16
102,2014,195,2400,13.33,0,.383,170
102,2014,196,100,13.33,0,.5,172.7
102,2014,196,200,13.33,0,.45,191
102,2014,196,300,13.34,0,.3,136.7
102,2014,196,400,13.34,0,.183,47.31
102,2014,196,500,13.34,0,0,12.9
102,2014,196,600,13.35,0,0,-75.8
102,2014,196,700,13.35,0,0,-71.1
102,2014,196,800,13.35,16.257,0,19.15
102,2014,196,900,13.36,122.69,0,-73.5
102,2014,196,1000,13.36,456.29,.317,69.56
102,2014,196,1100,13.36,2043.9,.367,77.4
102,2014,196,1200,13.35,2704.6,.317,80.7
102,2014,196,1300,13.35,3128.6,.383,87.5
102,2014,196,1400,13.34,2934.9,.516,100.4
102,2014,196,1500,13.34,2145.5,.25,125.3
102,2014,196,1600,13.34,343.5,.4,97.8
102,2014,196,1700,13.34,103.79,0,-17.49
102,2014,196,1800,13.35,92.712,0,87.5
102,2014,196,1900,13.35,127.05,0,74.5
102,2014,196,2000,13.35,1.8137,.133,102.3
102,2014,196,2100,13.35,0,.267,97.3
102,2014,196,2200,13.35,0,.317,88.3
102,2014,196,2300,13.35,0,.35,78.3
101,2014,196,2400,13.33,14222,5.315
102,2014,196,2400,13.35,0,.267,72.6
102,2014,197,100,13.35,0,.333,69.06
102,2014,197,200,13.36,0,.283,31.72
102,2014,197,300,13.36,0,.333,31.85
102,2014,197,400,13.36,0,.333,30.67
102,2014,197,500,13.36,0,.283,19.27
102,2014,197,600,13.37,0,.367,13.14
102,2014,197,700,13.37,0,.15,-14
102,2014,197,800,13.37,92.477,.283,-9.5
102,2014,197,900,12.44,308.71,.25,45.88
102,2014,197,1000,12.26,797.71,0,25.52
102,2014,197,1100,12.26,1813.7,0,12.99
102,2014,197,1200,12.26,2573.3,0,24.18
102,2014,197,1300,12.26,2990,0,36.58
102,2014,197,1400,12.26,3225.8,0,59.09
102,2014,197,1500,12.27,2899.4,0,92.4
102,2014,197,1600,12.27,1615.3,0,110.1
102,2014,197,1700,12.27,840.18,.1,120.3
102,2014,197,1800,13.33,937.63,.317,143.7
102,2014,197,1900,13.36,157.58,.383,47.44
102,2014,197,2000,13.35,15.001,.2,66.41
102,2014,197,2100,13.35,0,.367,66.25
102,2014,197,2200,13.35,0,.333,59.69
102,2014,197,2300,13.35,0,.35,65.85
101,2014,197,2400,12.26,18267,5.048
102,2014,197,2400,13.36,0,.383,55.25
102,2014,198,100,13.36,0,.267,27.22
102,2014,198,200,13.36,0,.2,27.71
102,2014,198,300,13.36,0,.25,17.15
102,2014,198,400,13.36,0,.267,39.17
102,2014,198,500,12.36,0,.217,51.82
102,2014,198,600,12.28,0,0,14.24
102,2014,198,700,12.26,0,0,2.537
102,2014,198,800,12.26,68.385,.05,-9.42
102,2014,198,900,13.38,239.47,.317,9.4
102,2014,198,1000,13.38,876.85,.233,46.76
102,2014,198,1100,13.38,1829.4,.383,58.8
102,2014,198,1200,12.34,2813.3,.317,81.6
102,2014,198,1300,13.37,3122.1,.367,127.7
102,2014,198,1400,13.37,2074.6,.3,150.6
102,2014,198,1500,13.36,1702.9,.367,166.4
102,2014,198,1600,13.36,790.93,.35,175.8
102,2014,198,1700,13.35,674.58,.333,173.5
102,2014,198,1800,13.35,760.01,.4,126.7
102,2014,198,1900,13.35,246.15,.35,163.1
102,2014,198,2000,13.35,12.468,.383,124.3
102,2014,198,2100,13.35,0,.217,52.28
102,2014,198,2200,12.38,0,.25,87.4
102,2014,198,2300,13.35,0,.25,88.8
101,2014,198,2400,12.26,15211,6.281
102,2014,198,2400,13.35,0,.217,43.9
102,2014,199,100,13.35,0,.3,4.822
102,2014,199,200,13.35,0,.3,68.19
102,2014,199,300,13.36,0,.383,50.87
102,2014,199,400,13.36,0,.317,23.7
102,2014,199,500,13.36,0,.3,-4.183
102,2014,199,600,13.36,0,.317,32.44
102,2014,199,700,13.36,0,.433,56.27
102,2014,199,800,13.36,59.688,.317,9.58
102,2014,199,900,13.37,597.6,.3,48.89
102,2014,199,1000,13.37,1229.3,.333,82.7
102,2014,199,1100,13.36,2078.1,.383,107.4
102,2014,199,1200,13.36,2786.8,.383,151.7
102,2014,199,1300,13.36,2374.2,.433,168
102,2014,199,1400,13.35,2022.5,.45,176.6
102,2014,199,1500,13.35,2919.7,.417,171.9
102,2014,199,1600,13.35,2448.2,.433,180.6
102,2014,199,1700,13.35,1833.3,.367,183.8
102,2014,199,1800,13.34,877.47,.433,203.6
102,2014,199,1900,13.34,203.28,.383,229.7
102,2014,199,2000,13.34,13.739,.4,158.2
102,2014,199,2100,13.34,0,.35,91.9
102,2014,199,2200,13.34,0,.267,58.47
102,2014,199,2300,13.34,0,.15,29.01
101,2014,199,2400,13.34,19444,8.53
102,2014,199,2400,13.34,0,.383,159.5
102,2014,200,100,13.34,0,.35,158
102,2014,200,200,13.35,0,.4,142.9
102,2014,200,300,13.35,0,.283,55.21
102,2014,200,400,13.35,0,.25,23.02
102,2014,200,500,13.35,0,.283,10.56
102,2014,200,600,13.36,0,.417,41.01
102,2014,200,700,13.36,0,.317,-29.48
102,2014,200,800,13.36,79.014,.133,-72.5
102,2014,200,900,13.37,448.7,.217,11.86
102,2014,200,1000,13.36,1453.4,.4,105.9
102,2014,200,1100,13.36,2257.7,.333,139.3
102,2014,200,1200,13.36,2846.7,.45,188.2
102,2014,200,1300,13.35,3172.9,.3,218.8
102,2014,200,1400,13.35,3393.8,.3,232.6
102,2014,200,1500,13.34,3021.1,.4,242.3
102,2014,200,1600,13.34,2332.2,.533,260.6
102,2014,200,1700,13.33,2069.7,.383,271.1
102,2014,200,1800,13.33,1253.3,.4,304.5
102,2014,200,1900,13.33,443.19,.35,335.6
102,2014,200,2000,13.33,15.186,.483,320.6
102,2014,200,2100,13.33,0,.433,260.7
102,2014,200,2200,13.33,0,.516,163.1
102,2014,200,2300,13.33,0,.417,98.6
101,2014,200,2400,13.33,22787,8.61
102,2014,200,2400,13.33,0,.267,54.67
102,2014,201,100,13.33,0,.25,24.64
102,2014,201,200,13.33,0,.333,5.097
102,2014,201,300,13.33,0,.25,-45.12
102,2014,201,400,13.33,0,.367,-21.94
102,2014,201,500,13.34,0,.183,-36.28
102,2014,201,600,13.35,0,.3,-45.6
102,2014,201,700,13.35,0,.25,-5.218
102,2014,201,800,13.35,111.32,.25,-39.37
102,2014,201,900,13.35,596.28,.383,25.96
102,2014,201,1000,13.35,1503,.333,96.4
102,2014,201,1100,13.35,2181.9,.417,157
102,2014,201,1200,13.34,1596.6,.433,194.1
102,2014,201,1300,13.34,2434.1,.417,251.1
102,2014,201,1400,13.33,3060.7,.4,292
102,2014,201,1500,13.33,3223.5,.483,295.1
102,2014,201,1600,13.13,2638.6,.433,310.2
102,2014,201,1700,12.93,1357.5,.583,327.4
102,2014,201,1800,13.32,452.97,.4,294.4
102,2014,201,1900,13.32,96.278,.4,202.6
102,2014,201,2000,13.32,4.171,.333,158.8
102,2014,201,2100,13.32,0,.383,120.7
102,2014,201,2200,13.33,0,.483,77.7
102,2014,201,2300,13.33,0,.367,61.8
101,2014,201,2400,12.93,19257,8.63
102,2014,201,2400,13.33,0,.2,10.46
102,2014,202,100,13.33,0,.233,3.842
102,2014,202,200,13.33,0,.283,36.34
102,2014,202,300,13.33,0,.317,41.67
102,2014,202,400,13.33,0,.317,-25.37
102,2014,202,500,13.34,0,.283,-34.31
102,2014,202,600,13.34,0,.267,-59.14
102,2014,202,700,13.35,0,.25,-74
102,2014,202,800,13.35,135.12,.083,-74.6
102,2014,202,900,13.35,673.92,.4,34.63
102,2014,202,1000,13.35,1483.1,.25,85.7
102,2014,202,1100,13.35,2015.6,.3,135.7
102,2014,202,1200,13.34,2238.4,.566,183.7
102,2014,202,1300,13.34,1641.9,.367,228.2
102,2014,202,1400,13.33,2667.8,.417,252.5
102,2014,202,1500,13.33,2305.4,.466,279.3
102,2014,202,1600,13.33,1895.5,.566,291.9
102,2014,202,1700,13.33,1531.7,.466,296.7
102,2014,202,1800,13.33,815.78,.417,302.6
102,2014,202,1900,13.33,248.57,.5,262.6
102,2014,202,2000,13.33,.93994,.417,190.1
102,2014,202,2100,13.33,0,.433,20.95
102,2014,202,2200,12.28,0,.15,73.6
102,2014,202,2300,13.33,0,.267,11.13
101,2014,202,2400,12.28,17654,8.23
102,2014,202,2400,13.33,0,.217,17.77
102,2014,203,100,13.34,0,0,-21.16
102,2014,203,200,12.33,0,0,-57.59
102,2014,203,300,12.26,0,0,-39.91
102,2014,203,400,12.26,0,0,-18.9
102,2014,203,500,12.26,.02937,0,168.6
102,2014,203,600,12.26,0,0,483
102,2014,203,700,12.26,0,0,461.1
102,2014,203,800,12.26,91.91,0,327.4
102,2014,203,900,12.26,430.38,.067,66.14
102,2014,203,1000,13.32,906.98,.35,90.7
102,2014,203,1100,13.36,1218.1,.383,74.5
102,2014,203,1200,13.36,1210.9,.417,79.2
102,2014,203,1300,12.53,1663.2,.35,79.6
102,2014,203,1400,12.46,1922.2,.3,85.7
102,2014,203,1500,13.35,1997.6,.35,88.3
102,2014,203,1600,13.35,2435.4,.433,94.4
102,2014,203,1700,13.35,1685.6,.3,106.7
102,2014,203,1800,13.35,984.75,.167,116
102,2014,203,1900,13.35,443.68,.466,116
102,2014,203,2000,13.35,13.937,.383,98.7
102,2014,203,2100,13.35,0,.35,87.8
102,2014,203,2200,13.35,0,.3,30.76
102,2014,203,2300,13.35,0,.233,-51.78
101,2014,203,2400,12.26,15005,5.065
102,2014,203,2400,13.35,0,.217,-52.68
102,2014,204,100,13.35,0,.333,-54.14
102,2014,204,200,13.35,0,.35,-14.5
102,2014,204,300,13.35,0,.3,30.29
102,2014,204,400,13.35,0,.233,-6.776
102,2014,204,500,13.36,0,.15,-45.03
102,2014,204,600,13.36,0,.383,-38.84
102,2014,204,700,13.36,0,.3,.451
102,2014,204,800,13.36,95.902,.217,-26.42
102,2014,204,900,13.29,580.32,.3,36.39
102,2014,204,1000,12.27,1509.5,0,31.9
102,2014,204,1100,12.25,2301,0,48.92
102,2014,204,1200,12.25,2762.9,0,79.5
102,2014,204,1300,12.26,2696.4,0,110.7
102,2014,204,1400,12.26,2195.7,0,130.3
102,2014,204,1500,12.26,1850.4,0,137.4
102,2014,204,1600,12.26,754.32,0,146.4
102,2014,204,1700,12.26,240.35,0,137
102,2014,204,1800,12.26,259.5,0,53.23
102,2014,204,1900,12.26,110.06,.217,93.2
102,2014,204,2000,13.35,5.698,.3,73.8
102,2014,204,2100,12.3,0,.167,65.58
102,2014,204,2200,12.29,0,.15,51.98
102,2014,204,2300,12.29,0,.233,53.54
101,2014,204,2400,12.25,15362,3.798
102,2014,204,2400,12.28,0,.167,26.24
102,2014,205,100,12.27,0,.267,45.55
102,2014,205,200,12.27,0,.267,39.99
102,2014,205,300,12.26,0,.217,23.28
102,2014,205,400,12.26,0,.217,17.06
102,2014,205,500,12.26,0,.1,-37.46
102,2014,205,600,12.26,0,.033,-58.39
102,2014,205,700,12.26,0,.2,-53.43
102,2014,205,800,12.26,26.819,0,-74.7
102,2014,205,900,12.26,142.63,.017,-24.67
102,2014,205,1000,12.26,529.76,.283,44.47
102,2014,205,1100,13.36,657.29,.4,90.4
102,2014,205,1200,13.37,680.49,.317,88.2
102,2014,205,1300,13.36,1379,.25,109.6
102,2014,205,1400,13.36,2159.1,.4,152.8
102,2014,205,1500,13.36,2428.3,.45,178.9
102,2014,205,1600,13.35,2117.8,.383,194.9
102,2014,205,1700,13.35,865.45,.4,204.5
102,2014,205,1800,13.35,432.9,.45,198.1
102,2014,205,1900,13.35,282.59,.333,154.2
102,2014,205,2000,13.35,1.0941,.333,153.3
102,2014,205,2100,13.35,0,.383,111.5
102,2014,205,2200,13.35,0,.333,85.9
102,2014,205,2300,13.35,0,.383,88.3
101,2014,205,2400,12.26,11703,6.847
102,2014,205,2400,13.35,0,.433,47.11
102,2014,206,100,13.35,0,.367,29.76
102,2014,206,200,13.36,0,.233,-28.84
102,2014,206,300,13.36,0,0,48
102,2014,206,400,13.36,0,0,143.2
102,2014,206,500,13.36,0,0,144.4
102,2014,206,600,13.36,0,0,-13.99
102,2014,206,700,13.36,0,0,-28.32
102,2014,206,800,13.36,54.387,0,27.9
102,2014,206,900,13.36,297.11,0,280.1
102,2014,206,1000,13.36,670.8,.1,41.95
102,2014,206,1100,13.37,881.87,.333,72.9
102,2014,206,1200,13.36,1312.7,.383,71.5
102,2014,206,1300,13.36,1755.2,.317,76
102,2014,206,1400,13.36,2799.2,.367,88.4
102,2014,206,1500,12.29,2889.8,.133,92.8
102,2014,206,1600,12.28,2711.2,.233,97.7
102,2014,206,1700,13.35,1058.7,.466,86
102,2014,206,1800,12.35,228.64,.317,-20.13
102,2014,206,1900,13.35,121.64,.1,21.72
102,2014,206,2000,13.35,2.6654,.1,-23.52
102,2014,206,2100,13.35,0,.267,169
102,2014,206,2200,13.36,0,.267,135.4
102,2014,206,2300,13.36,0,.3,60.13
101,2014,206,2400,12.28,14784,4.432
102,2014,206,2400,13.36,0,.15,12.09
102,2014,207,100,13.36,0,.267,17.15
102,2014,207,200,13.36,0,.183,2.378
102,2014,207,300,13.36,0,.2,-5.251
102,2014,207,400,13.36,0,.133,-4.86
102,2014,207,500,13.36,0,.083,-6.638
102,2014,207,600,13.36,0,.2,-.237
102,2014,207,700,13.36,0,.25,-12.04
102,2014,207,800,13.37,62.045,.15,-9.49
102,2014,207,900,13.37,472.89,.283,33.94
102,2014,207,1000,13.37,1422.8,.466,46.33
102,2014,207,1100,13.36,1811.2,.417,55.72
102,2014,207,1200,13.36,2123.2,.383,74.5
102,2014,207,1300,13.36,2387.7,.4,99.9
102,2014,207,1400,13.36,2323.2,.367,86.9
102,2014,207,1500,13.35,3289,.367,117
102,2014,207,1600,13.35,1957.9,.367,120.3
102,2014,207,1700,13.35,1569.4,.3,67.23
102,2014,207,1800,13.35,1194.6,.417,99
102,2014,207,1900,13.35,380.54,.466,106
102,2014,207,2000,13.35,4.3397,.466,86.7
102,2014,207,2100,13.34,0,.317,69.5
102,2014,207,2200,13.35,0,.417,60.17
102,2014,207,2300,13.35,0,.417,53.97
101,2014,207,2400,13.34,18999,7.61
102,2014,207,2400,13.35,0,.3,50.53
102,2014,208,100,13.35,0,.417,21.36
102,2014,208,200,13.35,0,.333,9.86
102,2014,208,300,13.35,0,.35,-138.3
102,2014,208,400,13.35,0,.25,-185.5
102,2014,208,500,12.44,0,.233,-147.2
102,2014,208,600,12.26,0,.083,-95.2
102,2014,208,700,12.27,0,.117,-158.2
102,2014,208,800,12.25,99.845,.067,-210.3
102,2014,208,900,13.37,600.36,.333,-4.579
102,2014,208,1000,13.36,1636.3,.3,51.1
102,2014,208,1100,13.36,2418,.367,69.72
102,2014,208,1200,13.36,2992.8,.4,93.5
102,2014,208,1300,13.35,3221.6,.383,110.7
102,2014,208,1400,13.35,3188.8,.317,124.7
102,2014,208,1500,13.34,3188.5,.317,150.8
102,2014,208,1600,12.6,2363,.333,161.2
102,2014,208,1700,12.33,1414.2,.35,188
102,2014,208,1800,13.33,1362.2,.2,187
102,2014,208,1900,13.33,597.68,.4,151.6
102,2014,208,2000,13.33,27.273,.45,58.75
102,2014,208,2100,13.34,0,0,-33.51
102,2014,208,2200,13.34,0,0,51.7
102,2014,208,2300,13.34,0,0,222.3
101,2014,208,2400,12.25,23111,6.014
102,2014,208,2400,13.35,.0514,.017,-119.3
102,2014,209,100,13.35,0,.217,-1.393
102,2014,209,200,13.35,0,.033,2.752
102,2014,209,300,13.35,0,0,40.84
102,2014,209,400,13.35,0,0,-9.66
102,2014,209,500,13.36,0,.017,-41.56
102,2014,209,600,13.36,0,0,-27.78
102,2014,209,700,13.36,0,0,-66.62
102,2014,209,800,13.36,133.28,0,7.72
102,2014,209,900,13.37,681.64,.35,110.4
102,2014,209,1000,13.36,1597.6,.333,82.1
102,2014,209,1100,13.36,2367,.45,63.95
102,2014,209,1200,13.36,2958.5,.25,75
102,2014,209,1300,13.36,3246.3,.417,89.8
102,2014,209,1400,13.28,2674.9,.333,98.4
102,2014,209,1500,13.35,868.91,.45,95.4
102,2014,209,1600,13.35,363.58,.2,10.38
102,2014,209,1700,13.35,466.96,.267,102.4
102,2014,209,1800,13.35,398.4,.317,96.8
102,2014,209,1900,13.35,118.36,.367,94.2
102,2014,209,2000,13.35,2.4158,.383,-36.5
102,2014,209,2100,13.35,0,.317,64.41
102,2014,209,2200,13.35,0,.383,64.34
102,2014,209,2300,13.35,0,.433,35.94
101,2014,209,2400,13.28,15878,5.848
102,2014,209,2400,13.36,0,.333,30.55
102,2014,210,100,13.36,0,.317,25.93
102,2014,210,200,13.36,0,.5,-4.194
102,2014,210,300,13.36,0,.483,-9.61
102,2014,210,400,13.36,0,.433,-21.43
102,2014,210,500,13.36,0,.233,-39.13
102,2014,210,600,13.36,0,.2,-22.85
102,2014,210,700,13.37,0,.25,-52.24
102,2014,210,800,13.37,47.103,.2,-52.52
102,2014,210,900,13.37,429.85,.35,8.6
102,2014,210,1000,13.37,1558.9,.433,64.48
102,2014,210,1100,13.36,2319.2,.267,105.7
102,2014,210,1200,13.37,2878.5,.383,136.8
102,2014,210,1300,13.36,3319,.383,143.4
102,2014,210,1400,13.35,3424.4,.383,145.9
102,2014,210,1500,13.35,2989.5,.333,146.3
102,2014,210,1600,13.35,2166.9,.367,146.5
102,2014,210,1700,13.35,943.25,.333,148.1
102,2014,210,1800,13.34,242.23,.466,-46.81
102,2014,210,1900,13.34,103.93,.367,128.2
102,2014,210,2000,13.35,13.577,.233,15.02
102,2014,210,2100,13.35,0,.367,32.85
102,2014,210,2200,13.35,0,.25,-25.19
102,2014,210,2300,13.35,0,.1,-68.11
101,2014,210,2400,13.34,20436,7.75
102,2014,210,2400,13.35,0,.117,-72
102,2014,211,100,13.35,0,.033,-75.7
102,2014,211,200,13.35,0,.15,-23.83
102,2014,211,300,13.36,0,.133,-.138
102,2014,211,400,13.36,0,.233,-31.25
102,2014,211,500,13.36,0,.183,-56.67
102,2014,211,600,13.36,0,.133,-65.48
102,2014,211,700,13.36,0,.017,-56.32
102,2014,211,800,13.37,126.29,.083,15.01
102,2014,211,900,13.37,574.18,.283,68.93
102,2014,211,1000,13.37,1520.5,.35,62.4
102,2014,211,1100,13.37,2392.1,.417,71.3
102,2014,211,1200,13.36,2979.6,.35,79.4
102,2014,211,1300,13.36,3314,.333,93.4
102,2014,211,1400,13.36,2616.5,.367,117.3
102,2014,211,1500,13.35,2221.4,.383,158.9
102,2014,211,1600,13.35,1298,.367,169.3
102,2014,211,1700,13.35,476.2,.35,159.1
102,2014,211,1800,13.35,213.34,.267,230.5
102,2014,211,1900,13.35,53.758,.067,-.149
102,2014,211,2000,13.35,10.192,0,124.6
102,2014,211,2100,13.35,0,0,-77.8
102,2014,211,2200,13.35,0,0,-38.84
102,2014,211,2300,13.35,0,0,-64.55
101,2014,211,2400,13.35,17796,4.548
102,2014,211,2400,13.35,0,.05,-37.96
102,2014,212,100,13.35,0,0,-75.3
102,2014,212,200,13.35,0,.017,-47.44
102,2014,212,300,13.35,0,.017,-56.35
102,2014,212,400,13.36,0,.15,-37.84
102,2014,212,500,13.36,0,0,-46.81
102,2014,212,600,13.36,0,0,7.18
102,2014,212,700,13.37,0,0,48.48
102,2014,212,800,13.37,116.65,0,57.22
102,2014,212,900,13.37,560.35,.3,54.85
102,2014,212,1000,13.37,1513.5,.333,53.39
102,2014,212,1100,13.37,2362.4,.4,58.85
102,2014,212,1200,13.36,2465.4,.45,75.2
102,2014,212,1300,13.36,2596.1,.333,84.3
102,2014,212,1400,13.36,1863.7,.383,95.6
102,2014,212,1500,13.35,2234.7,.417,92.8
102,2014,212,1600,13.35,1453.7,.333,97.6
102,2014,212,1700,13.35,609.79,.283,70.6
102,2014,212,1800,13.35,480.51,.167,103.9
102,2014,212,1900,13.35,166.94,.3,113.6
102,2014,212,2000,13.35,5.9037,.3,96.6
102,2014,212,2100,13.35,.01469,.217,-3.468
102,2014,212,2200,13.35,0,.367,48.87
102,2014,212,2300,13.35,0,.317,20.86
101,2014,212,2400,13.35,16430,5.464
102,2014,212,2400,13.35,0,.383,14.49
102,2014,213,100,13.36,0,.283,16.06
102,2014,213,200,13.36,0,.417,18.84
102,2014,213,300,13.36,0,.4,22.61
102,2014,213,400,13.36,0,.283,7.03
102,2014,213,500,13.36,0,.367,11.91
102,2014,213,600,13.36,0,.3,11.43
102,2014,213,700,13.37,0,.317,-1.007
102,2014,213,800,13.37,94.131,.233,-8.54
102,2014,213,900,13.37,498.21,.267,19.14
102,2014,213,1000,13.37,1253.3,.35,55.66
102,2014,213,1100,13.36,2280.2,.4,82.8
102,2014,213,1200,13.36,2622.7,.417,123.9
102,2014,213,1300,13.36,3247.1,.417,162.6
102,2014,213,1400,13.36,3515.8,.417,163.2
102,2014,213,1500,13.35,3377.1,.267,154.4
102,2014,213,1600,13.35,824.66,.183,36.62
102,2014,213,1700,13.35,361.43,.167,-25.53
102,2014,213,1800,13.35,236.86,.15,47.62
102,2014,213,1900,13.35,149.47,.267,87.8
102,2014,213,2000,13.35,16.536,.333,73.4
102,2014,213,2100,13.35,0,.333,63.21
102,2014,213,2200,13.35,0,.433,71.5
102,2014,213,2300,13.35,0,.367,46.64
101,2014,213,2400,13.35,18477,7.56
102,2014,213,2400,13.35,0,.2,34.38
102,2014,214,100,13.36,0,.3,24.66
102,2014,214,200,13.36,0,.367,57.37
102,2014,214,300,13.36,0,.433,55.51
102,2014,214,400,13.36,0,.3,40.04
102,2014,214,500,13.36,0,.283,33.02
102,2014,214,600,13.37,0,.217,19.61
102,2014,214,700,13.37,0,.017,-6.319
102,2014,214,800,13.37,86.213,0,-6.495
102,2014,214,900,12.27,638.42,.233,44.4
102,2014,214,1000,12.24,1354.4,0,32.98
102,2014,214,1100,12.24,2458.7,.35,52.58
102,2014,214,1200,13.37,3003.9,.333,72.4
102,2014,214,1300,13.37,3028.4,.35,96.8
102,2014,214,1400,13.19,2805.4,.267,106.4
102,2014,214,1500,13.36,1040.1,.466,116.4
102,2014,214,1600,13.35,1097.3,.4,124.6
102,2014,214,1700,13.35,1043.9,.317,132.2
102,2014,214,1800,13.35,1414.9,.417,127.2
102,2014,214,1900,13.35,478.81,.383,134.5
102,2014,214,2000,12.98,12.417,.383,164.8
102,2014,214,2100,12.66,0,.483,139.4
102,2014,214,2200,13.35,0,.3,116.5
102,2014,214,2300,13.35,0,.4,95.4
101,2014,214,2400,12.24,18463,7.23
102,2014,214,2400,13.35,0,.233,34.14
102,2014,215,100,13.35,0,.333,42.93
102,2014,215,200,13.35,0,.383,38.45
102,2014,215,300,13.35,0,.333,27.11
102,2014,215,400,13.35,0,.367,19.43
102,2014,215,500,13.36,0,.333,6.242
102,2014,215,600,13.36,0,.4,-4.855
102,2014,215,700,13.36,0,.183,-19.2
102,2014,215,800,13.36,10.045,.183,-31.31
102,2014,215,900,13.36,93.597,.233,-39.07
102,2014,215,1000,13.36,908.49,.217,-4.37
102,2014,215,1100,13.36,1862.5,.45,61.39
102,2014,215,1200,13.36,2073.9,.267,102.6
102,2014,215,1300,13.36,2929.4,.417,155.4
102,2014,215,1400,13.36,2600.8,.583,174
102,2014,215,1500,13.35,1802.2,.367,187.5
102,2014,215,1600,13.35,1734.8,.533,186.1
102,2014,215,1700,13.35,448.77,.183,124.6
102,2014,215,1800,13.35,540.37,.283,66.99
102,2014,215,1900,13.35,77.739,.4,81.3
102,2014,215,2000,13.35,1.0867,.4,38.77
102,2014,215,2100,13.35,0,.35,55.92
102,2014,215,2200,13.35,0,.333,47.64
102,2014,215,2300,13.35,0,.317,22.34
101,2014,215,2400,13.35,15084,8.1
102,2014,215,2400,13.36,0,.25,31.92
102,2014,216,100,13.36,0,.283,-1.822
102,2014,216,200,13.36,0,.25,9.1
102,2014,216,300,13.36,0,.333,11.77
102,2014,216,400,13.36,0,.3,-7.21
102,2014,216,500,13.36,0,.167,-5.867
102,2014,216,600,13.36,0,.183,-11.43
102,2014,216,700,13.36,0,.167,-22.69
102,2014,216,800,13.37,46.832,.267,-7.23
102,2014,216,900,13.37,435.34,.35,17.25
102,2014,216,1000,13.37,1188.9,.35,48.78
102,2014,216,1100,13.37,1373.2,.45,73.9
102,2014,216,1200,13.36,2626.6,.333,123.6
102,2014,216,1300,13.36,3192.7,.417,164.2
102,2014,216,1400,13.36,2135.3,.333,188.7
102,2014,216,1500,13.35,2208.3,.4,196.4
102,2014,216,1600,13.35,1265.8,.317,190.1
102,2014,216,1700,13.35,135.21,.233,145.7
102,2014,216,1800,13.36,40.944,.367,-193.9
102,2014,216,1900,13.35,40.334,.3,272.1
102,2014,216,2000,13.36,2.6581,.383,61.75
102,2014,216,2100,13.36,0,.4,69.92
102,2014,216,2200,13.36,0,.45,72.7
102,2014,216,2300,13.36,0,.35,40.9
101,2014,216,2400,13.35,14692,7.7
102,2014,216,2400,13.36,0,.317,38.62
102,2014,217,100,13.36,0,.283,9.02
102,2014,217,200,13.36,0,.267,-6.539
102,2014,217,300,13.36,0,.333,3.225
102,2014,217,400,13.36,0,.383,-13.39
102,2014,217,500,13.37,0,.3,-12.72
102,2014,217,600,13.37,0,.25,-40.92
102,2014,217,700,13.37,0,.183,-42.16
102,2014,217,800,13.37,165.57,.083,-51.95
102,2014,217,900,13.38,404.7,.217,4.293
102,2014,217,1000,13.38,869.49,.367,28.79
102,2014,217,1100,13.38,2018.5,.367,80.4
102,2014,217,1200,13.37,2911.9,.283,128.2
102,2014,217,1300,13.37,3206.2,.283,167.7
102,2014,217,1400,13.36,3393.4,.35,185.9
102,2014,217,1500,13.36,3447.1,.35,192.5
102,2014,217,1600,13.35,895.59,.45,452.3
102,2014,217,1700,13.35,539.4,.433,220.8
102,2014,217,1800,13.35,1177.5,.483,228.9
102,2014,217,1900,13.35,429.85,.417,211
102,2014,217,2000,13.35,15.303,.3,114.8
102,2014,217,2100,13.35,0,.383,141.6
102,2014,217,2200,13.35,0,.417,152.3
102,2014,217,2300,13.35,0,.267,152.2
101,2014,217,2400,13.35,19475,7.83
102,2014,217,2400,13.35,0,.383,88.2
102,2014,218,100,13.35,0,.25,91.7
102,2014,218,200,13.36,0,.417,93.7
102,2014,218,300,13.36,0,.25,4.756
102,2014,218,400,13.36,0,0,-91.5
102,2014,218,500,13.36,0,0,-87.5
102,2014,218,600,13.36,0,0,160.6
102,2014,218,700,13.36,0,0,101.8
102,2014,218,800,13.37,45.62,0,12.02
102,2014,218,900,13.37,426.7,.317,76.3
102,2014,218,1000,13.36,877.37,.317,78.7
102,2014,218,1100,13.36,2178.7,.35,70.6
102,2014,218,1200,13.36,2532.6,.35,80.5
102,2014,218,1300,13.36,3562.5,.3,94.4
102,2014,218,1400,13.36,3352.4,.516,107.2
102,2014,218,1500,13.35,3416.2,.367,103.1
102,2014,218,1600,13.35,799.82,.25,76.9
102,2014,218,1700,13.35,304.75,.333,157.3
102,2014,218,1800,13.35,330.18,.333,124.7
102,2014,218,1900,13.35,256.68,.35,101.6
102,2014,218,2000,13.35,12.556,.4,81.8
102,2014,218,2100,13.35,0,.3,53.26
102,2014,218,2200,13.35,0,.233,-102.9
102,2014,218,2300,13.35,0,0,-50.56
101,2014,218,2400,13.35,18096,5.848
102,2014,218,2400,13.35,0,.217,130
102,2014,219,100,13.35,0,.283,105.7
102,2014,219,200,13.36,0,.2,70.1
102,2014,219,300,13.36,0,.25,66.94
102,2014,219,400,13.36,.0514,.383,57.32
102,2014,219,500,13.36,.65349,.267,31.19
102,2014,219,600,13.36,0,0,-166.2
102,2014,219,700,13.37,0,0,-117.5
102,2014,219,800,13.37,77.407,0,169.2
102,2014,219,900,13.37,523.19,0,47.06
102,2014,219,1000,13.37,662.65,.333,60.08
102,2014,219,1100,13.37,2054.2,.35,76.8
102,2014,219,1200,13.37,2784.1,.35,63.45
102,2014,219,1300,13.37,2009.7,.383,73
102,2014,219,1400,13.36,2396.4,.45,91.9
102,2014,219,1500,13.36,356.92,.233,5.812
102,2014,219,1600,12.54,61.54,0,-92
102,2014,219,1700,13.37,68.619,0,-15.22
102,2014,219,1800,13.38,191.21,0,-20.63
102,2014,219,1900,13.38,118.28,0,226.3
102,2014,219,2000,13.38,6.3962,0,46.48
102,2014,219,2100,13.38,.00734,0,30.48
102,2014,219,2200,13.38,0,.15,50.32
102,2014,219,2300,13.38,0,.433,67.65
101,2014,219,2400,12.54,11311,4.298
102,2014,219,2400,13.38,0,.233,60.31
102,2014,220,100,13.39,0,.383,68.14
102,2014,220,200,13.39,0,.333,66.41
102,2014,220,300,13.39,0,.317,57.75
102,2014,220,400,13.39,0,.333,58.67
102,2014,220,500,13.39,0,.333,51.07
102,2014,220,600,13.4,0,.4,34.16
102,2014,220,700,13.4,0,.35,20.89
102,2014,220,800,13.4,48.96,.367,8.43
102,2014,220,900,13.4,275.78,.283,-12.42
102,2014,220,1000,13.4,520.92,.417,-18.54
102,2014,220,1100,13.4,911.07,.2,-49.25
102,2014,220,1200,13.4,1181.5,.4,31.35
102,2014,220,1300,13.4,1386.7,.333,-7.13
102,2014,220,1400,13.39,2167,.417,15.28
102,2014,220,1500,13.38,3067.3,.383,40.57
102,2014,220,1600,13.38,2571.8,.483,55.14
102,2014,220,1700,12.25,1151.3,.333,55.17
102,2014,220,1800,12.23,1118.1,.333,44.55
102,2014,220,1900,12.23,313.5,.217,42.2
102,2014,220,2000,12.23,4.9122,.233,38.97
102,2014,220,2100,12.23,0,.217,39.41
102,2014,220,2200,12.24,0,.283,39.42
102,2014,220,2300,12.24,0,.217,39.19
101,2014,220,2400,12.23,14719,7.8
102,2014,220,2400,12.23,0,.233,41.95
102,2014,221,100,12.23,0,.317,30.2
102,2014,221,200,12.23,0,.05,17.71
102,2014,221,300,12.23,0,0,6.748
102,2014,221,400,12.23,0,0,17.31
102,2014,221,500,12.23,0,0,21.11
102,2014,221,600,12.23,0,0,9.19
102,2014,221,700,12.23,0,0,27.89
102,2014,221,800,12.23,66.571,0,74.1
102,2014,221,900,12.22,357.77,.117,50.92
102,2014,221,1000,12.22,1211.6,.367,30.87
102,2014,221,1100,12.23,2239.6,.25,10.98
102,2014,221,1200,12.22,2631.5,.283,31.12
102,2014,221,1300,12.23,2816.5,.283,51.39
102,2014,221,1400,12.23,2936.4,.083,73.1
102,2014,221,1500,12.23,2483.1,.05,91.3
102,2014,221,1600,12.23,436.64,.033,134.6
102,2014,221,1700,12.23,834.28,0,83.3
102,2014,221,1800,12.23,1220.6,.1,87.5
102,2014,221,1900,12.23,365.75,.167,95
102,2014,221,2000,12.23,3.9357,.133,76.7
102,2014,221,2100,12.23,0,.05,64.84
102,2014,221,2200,12.23,0,.033,68.03
102,2014,221,2300,12.23,0,.15,57.72
101,2014,221,2400,12.22,17604,2.466
102,2014,221,2400,12.23,0,0,21.88
102,2014,222,100,12.23,0,0,1.519
102,2014,222,200,12.23,0,0,-9.08
102,2014,222,300,12.23,0,0,11.61
102,2014,222,400,12.23,0,0,41.69
102,2014,222,500,12.23,0,0,58.17
102,2014,222,600,12.23,0,0,95.9
102,2014,222,700,12.23,0,0,-28.12
102,2014,222,800,12.23,135.04,0,-59.82
102,2014,222,900,12.22,520.14,.117,73.8
102,2014,222,1000,12.22,1122.2,.3,27.53
102,2014,222,1100,12.22,2485.5,.4,59.43
102,2014,222,1200,12.23,3057.6,.25,82.6
102,2014,222,1300,12.23,3454.7,.267,109.7
102,2014,222,1400,12.23,3382,.283,121.7
102,2014,222,1500,12.23,2497.8,.183,127.4
102,2014,222,1600,12.23,2680.6,.083,119.9
102,2014,222,1700,12.23,1219.4,.167,116.8
102,2014,222,1800,12.23,483.69,.05,55.7
102,2014,222,1900,12.23,272.98,.15,124.1
102,2014,222,2000,12.23,7.2619,.167,102
102,2014,222,2100,12.23,0,.067,81.7
102,2014,222,2200,12.23,.07343,.233,-6999
102,2014,222,2300,12.23,0,0,2.697
101,2014,222,2400,12.22,21319,2.716
102,2014,222,2400,12.23,0,0,10.5
102,2014,223,100,12.23,0,0,278
102,2014,223,200,12.23,0,0,-24.33
102,2014,223,300,12.23,0,0,-96.6
102,2014,223,400,12.23,0,0,-.578
102,2014,223,500,12.23,0,0,35.39
102,2014,223,600,12.23,0,0,40.6
102,2014,223,700,12.22,0,0,-8.29
102,2014,223,800,12.22,124.81,0,-27.6
102,2014,223,900,12.22,470.56,0,22.14
102,2014,223,1000,12.22,1027.2,.017,41.6
102,2014,223,1100,12.22,2414.5,.35,58.7
102,2014,223,1200,12.22,3063.6,.433,73.9
102,2014,223,1300,12.23,2447.6,.183,89
102,2014,223,1400,12.23,3408.2,.183,85.8
102,2014,223,1500,12.23,1673.7,.15,64.67
102,2014,223,1600,12.23,461.87,.067,172.1
102,2014,223,1700,12.23,552.96,.017,73.7
102,2014,223,1800,12.23,292.45,.067,111.4
102,2014,223,1900,12.23,153.85,0,56.78
102,2014,223,2000,12.23,8.3852,0,55.44
102,2014,223,2100,12.23,0,0,52.32
102,2014,223,2200,12.23,0,0,54.42
102,2014,223,2300,12.23,0,0,49.41
101,2014,223,2400,12.22,16100,1.466
102,2014,223,2400,12.23,0,0,41.83
102,2014,224,100,12.23,0,0,21.73
102,2014,224,200,12.23,0,0,-2.592
102,2014,224,300,12.22,0,0,-10.21
102,2014,224,400,12.22,0,0,-2.625
102,2014,224,500,12.22,0,0,80.4
102,2014,224,600,12.22,0,0,73.4
102,2014,224,700,12.22,0,0,8.69
102,2014,224,800,12.22,124.09,0,-54.16
102,2014,224,900,12.22,565.11,.217,19.35
102,2014,224,1000,12.22,989.93,.283,34.73
102,2014,224,1100,12.22,1678.6,.217,55.41
102,2014,224,1200,12.22,2690,.233,84.4
102,2014,224,1300,12.22,2745.5,.317,115
102,2014,224,1400,12.23,3222.4,.15,124.7
102,2014,224,1500,12.23,2682.7,.183,118.8
102,2014,224,1600,12.23,935.39,.117,34.71
102,2014,224,1700,12.23,938.62,.067,90.8
102,2014,224,1800,12.23,354.7,.05,75.4
102,2014,224,1900,12.22,76.356,0,7.38
102,2014,224,2000,12.23,.54336,0,45.3
102,2014,224,2100,12.23,0,.05,54.81
102,2014,224,2200,12.23,0,0,55.05
102,2014,224,2300,12.23,0,.15,58.94
101,2014,224,2400,12.22,17004,2.232
102,2014,224,2400,12.23,0,.2,32.77
102,2014,225,100,12.22,0,.2,33.4
102,2014,225,200,12.22,0,.05,20.42
102,2014,225,300,12.22,0,0,16.56
102,2014,225,400,12.22,0,0,26.94
102,2014,225,500,12.22,0,0,-26.36
102,2014,225,600,12.22,0,0,-49.39
102,2014,225,700,12.22,.00734,0,-55.36
102,2014,225,800,12.22,126.68,0,1.293
102,2014,225,900,12.22,466.32,0,147.6
102,2014,225,1000,12.22,1069.9,.167,-2.196
102,2014,225,1100,12.22,2232.3,.317,41.06
102,2014,225,1200,12.22,2867.4,.35,55.44
102,2014,225,1300,12.22,3263.2,.383,65.27
102,2014,225,1400,12.22,1307.4,.383,78.7
102,2014,225,1500,12.22,1755.8,.283,79.6
102,2014,225,1600,12.22,1721,.333,87.6
102,2014,225,1700,12.22,1509.4,.25,91.4
102,2014,225,1800,12.22,510.96,.1,100.9
102,2014,225,1900,12.22,267.16,0,88.5
102,2014,225,2000,12.22,27.858,.017,72.3
102,2014,225,2100,12.22,0,0,65.87
102,2014,225,2200,12.22,0,0,59.17
102,2014,225,2300,12.21,0,.117,62.9
101,2014,225,2400,12.21,17125,3.049
102,2014,225,2400,12.21,0,.1,57.73
102,2014,226,100,12.21,0,.067,.842
102,2014,226,200,12.21,0,0,-42.46
102,2014,226,300,12.21,0,0,34.19
102,2014,226,400,12.21,0,0,97.6
102,2014,226,500,12.21,0,0,257.2
102,2014,226,600,12.21,0,0,253.1
102,2014,226,700,12.21,0,0,261.2
102,2014,226,800,12.21,70.758,0,257.9
102,2014,226,900,12.2,405.97,0,180.1
102,2014,226,1000,12.2,987.99,.333,56.85
102,2014,226,1100,12.2,2009.3,.35,48.82
102,2014,226,1200,12.21,2792.8,.3,37.07
102,2014,226,1300,12.21,2624.3,.466,43.33
102,2014,226,1400,12.21,3479.7,.283,57.41
102,2014,226,1500,12.21,3315,.267,71.6
102,2014,226,1600,12.21,2593.8,.133,82.9
102,2014,226,1700,12.21,2217.3,.083,89.1
102,2014,226,1800,12.21,1352.7,.033,86.3
102,2014,226,1900,12.21,509.78,0,41.05
102,2014,226,2000,12.21,17.828,.067,40.57
102,2014,226,2100,12.21,0,0,49.25
102,2014,226,2200,12.21,0,0,30.25
102,2014,226,2300,13.23,.30105,.033,183.9
101,2014,226,2400,12.2,22378,2.482
102,2014,226,2400,13.29,0,.067,-5.532
102,2014,227,100,13.32,0,.3,58
102,2014,227,200,13.34,0,.333,102.7
102,2014,227,300,13.35,0,.4,112.9
102,2014,227,400,13.36,0,.433,104.2
102,2014,227,500,13.36,0,.4,92.8
102,2014,227,600,13.36,0,.317,86.1
102,2014,227,700,13.37,0,.367,79.9
102,2014,227,800,13.38,134.34,.283,64.6
102,2014,227,900,13.38,497.82,.317,68.38
102,2014,227,1000,13.38,1069.6,.4,73.1
102,2014,227,1100,13.37,2388.7,.333,63.09
102,2014,227,1200,13.37,3025.4,.367,54.28
102,2014,227,1300,13.37,2288.4,.367,70.6
102,2014,227,1400,13.36,3439.1,.333,84.8
102,2014,227,1500,13.36,3131.8,.2,105.6
102,2014,227,1600,13.35,1503.1,.333,76
102,2014,227,1700,13.35,403.91,0,39.12
102,2014,227,1800,13.35,933.42,.167,34.13
102,2014,227,1900,13.35,21.463,.25,2.956
102,2014,227,2000,13.35,.84443,0,49.98
102,2014,227,2100,13.35,0,0,149
102,2014,227,2200,13.36,0,.1,55.98
102,2014,227,2300,13.36,0,.05,-50.84
101,2014,227,2400,13.32,18838,6.214
102,2014,227,2400,13.36,0,.167,-17.8
102,2014,228,100,13.36,0,.367,29.72
102,2014,228,200,13.36,0,.383,39.01
102,2014,228,300,13.37,0,.3,43.35
102,2014,228,400,13.37,0,.4,46.38
102,2014,228,500,13.38,0,.317,25.75
102,2014,228,600,13.38,0,.1,23.29
102,2014,228,700,13.38,0,0,-1.701
102,2014,228,800,13.38,91.971,0,-.594
102,2014,228,900,13.38,304.6,.217,31.2
102,2014,228,1000,13.38,1008.3,.367,25.8
102,2014,228,1100,13.38,2674.4,.466,19.7
102,2014,228,1200,13.38,3129.2,.317,24.03
102,2014,228,1300,12.35,3477.6,.433,43.81
102,2014,228,1400,12.3,2531.1,.317,54.02
102,2014,228,1500,12.3,1054.2,.283,61.4
102,2014,228,1600,12.3,362.25,.033,-23.32
102,2014,228,1700,12.3,156.41,0,-7.51
102,2014,228,1800,12.3,465.64,0,29.14
102,2014,228,1900,12.3,332.35,0,79.5
102,2014,228,2000,12.3,4.539,0,23.73
102,2014,228,2100,12.3,.85199,.15,45.66
102,2014,228,2200,12.3,0,.083,25.22
102,2014,228,2300,12.3,0,.033,2.328
101,2014,228,2400,12.3,15593,4.765
102,2014,228,2400,12.3,0,.2,16.67
102,2014,229,100,12.3,0,.333,13.09
102,2014,229,200,12.29,0,.083,-23.11
102,2014,229,300,12.29,0,.2,15.29
102,2014,229,400,12.29,0,.217,1.415
102,2014,229,500,12.28,0,.167,-6.402
102,2014,229,600,12.28,0,0,-104.3
102,2014,229,700,12.28,0,0,-94.8
102,2014,229,800,12.28,133.29,0,-29.84
102,2014,229,900,12.28,448.72,.15,-27.52
102,2014,229,1000,12.28,1016.2,.283,-23.58
102,2014,229,1100,12.28,2575,.433,-25.75
102,2014,229,1200,12.28,3130,.25,.429
102,2014,229,1300,12.28,3523.3,.2,26.78
102,2014,229,1400,12.28,3388.9,.05,43.03
102,2014,229,1500,12.28,3618.7,0,61.66
102,2014,229,1600,12.28,878.47,0,85.5
102,2014,229,1700,12.28,1537.7,0,86.4
102,2014,229,1800,12.28,1109.3,0,100.4
102,2014,229,1900,12.28,360.08,0,97.9
102,2014,229,2000,12.28,7.3959,0,94.1
102,2014,229,2100,12.27,0,0,82.7
102,2014,229,2200,12.27,0,0,68.34
102,2014,229,2300,12.27,0,0,62.25
101,2014,229,2400,12.27,21727,2.366
102,2014,229,2400,12.27,0,0,53.36
102,2014,230,100,12.27,0,0,44.08
102,2014,230,200,12.26,0,0,1.778
102,2014,230,300,12.26,0,0,-10.83
102,2014,230,400,12.26,0,0,-15.93
102,2014,230,500,12.26,0,0,-66
102,2014,230,600,12.26,0,0,-97
102,2014,230,700,12.26,0,0,-109.8
102,2014,230,800,13.3,117.55,0,-21.45
102,2014,230,900,13.38,429.87,.167,39.43
102,2014,230,1000,13.4,1027.8,.3,63.41
102,2014,230,1100,13.4,2529.3,.5,77.4
102,2014,230,1200,13.39,3123.4,.283,102.8
102,2014,230,1300,13.38,3450.1,.3,125.3
102,2014,230,1400,13.38,3293.4,.3,143
102,2014,230,1500,13.37,2872.8,.267,141.3
102,2014,230,1600,13.37,2618.5,.367,135.7
102,2014,230,1700,13.37,1499.7,.317,143.2
102,2014,230,1800,13.36,658.66,.333,175.3
102,2014,230,1900,13.32,87.916,.4,182.3
102,2014,230,2000,12.3,1.8063,.1,90.9
102,2014,230,2100,12.29,0,.2,117
102,2014,230,2200,13.37,0,.333,131.6
102,2014,230,2300,13.37,0,.4,121.5
101,2014,230,2400,12.26,21711,4.965
102,2014,230,2400,13.37,0,.4,112.8
102,2014,231,100,13.37,0,.433,106.6
102,2014,231,200,13.37,0,.466,91.8
102,2014,231,300,13.37,0,.4,87.6
102,2014,231,400,13.37,0,.367,-9.68
102,2014,231,500,13.38,0,.083,-79.1
102,2014,231,600,13.38,0,.067,-91.1
102,2014,231,700,13.38,.13955,0,.941
102,2014,231,800,13.39,188,0,35.85
102,2014,231,900,13.39,457.75,.15,19.89
102,2014,231,1000,13.39,1084,.367,74.3
102,2014,231,1100,13.38,2618.7,.333,103.6
102,2014,231,1200,13.38,3236,.4,131.3
102,2014,231,1300,13.38,3546.6,.383,142.8
102,2014,231,1400,13.37,3654.6,.217,146.3
102,2014,231,1500,13.37,3261,.417,141.5
102,2014,231,1600,13.36,1372.3,.233,165.3
102,2014,231,1700,13.36,582.4,.383,122.3
102,2014,231,1800,13.36,694.23,.25,202.4
102,2014,231,1900,13.35,130.59,.417,208.6
102,2014,231,2000,13.36,4.4057,.433,209.9
102,2014,231,2100,13.35,0,.466,203
102,2014,231,2200,13.36,0,.3,167.2
102,2014,231,2300,13.35,0,.333,160.7
101,2014,231,2400,13.35,20831,7.33
102,2014,231,2400,13.36,0,.433,168.9
102,2014,232,100,13.36,0,.35,143.8
102,2014,232,200,13.36,0,.35,127.5
102,2014,232,300,13.36,0,.45,99.6
102,2014,232,400,13.36,0,.466,93.5
102,2014,232,500,13.36,0,.383,85.2
102,2014,232,600,13.37,0,.267,73.5
102,2014,232,700,13.37,.18357,.167,-52.8
102,2014,232,800,13.37,218.9,.183,-63.78
102,2014,232,900,13.38,479.25,.217,66.68
102,2014,232,1000,13.37,1034.6,.367,110.8
102,2014,232,1100,13.37,2669.5,.35,160.6
102,2014,232,1200,13.37,3236.2,.383,195.1
102,2014,232,1300,13.36,3563.8,.433,215.8
102,2014,232,1400,13.36,3644.5,.533,222.9
102,2014,232,1500,13.35,3495.1,.4,222.6
102,2014,232,1600,13.35,1770.9,.333,247.2
102,2014,232,1700,13.34,880.34,.433,205.8
102,2014,232,1800,13.34,622.59,.583,290.8
102,2014,232,1900,13.34,448.8,.317,250.3
102,2014,232,2000,13.34,47.135,.433,235
102,2014,232,2100,13.34,0,.333,190.1
102,2014,232,2200,13.34,0,.367,127
102,2014,232,2300,13.35,0,.333,160.2
101,2014,232,2400,13.34,22112,8.81
102,2014,232,2400,13.35,0,.383,132.5
102,2014,233,100,13.35,0,.3,10.31
102,2014,233,200,13.35,0,.283,-53.41
102,2014,233,300,13.35,0,.083,-137
102,2014,233,400,13.36,0,.083,-138.1
102,2014,233,500,13.36,0,.067,-120.6
102,2014,233,600,13.36,0,.033,-133.4
102,2014,233,700,13.36,0,0,-189.2
102,2014,233,800,13.37,156.01,0,-184.6
102,2014,233,900,13.38,430.87,.317,36.48
102,2014,233,1000,13.38,1051.6,.35,107.9
102,2014,233,1100,13.37,2626.9,.45,158.1
102,2014,233,1200,13.36,3228.2,.233,214.1
102,2014,233,1300,13.36,3640.9,.367,249.3
102,2014,233,1400,13.35,3576.4,.383,260.2
102,2014,233,1500,13.35,2920.4,.433,260.1
102,2014,233,1600,13.34,1288.3,.65,416.3
102,2014,233,1700,13.35,462.69,.616,377
102,2014,233,1800,13.35,542.81,.466,211.3
102,2014,233,1900,13.35,129.48,.4,256.2
102,2014,233,2000,13.35,2.9666,.516,270.6
102,2014,233,2100,13.35,0,.466,207.8
102,2014,233,2200,13.35,0,.4,135.9
102,2014,233,2300,13.35,0,.367,157
101,2014,233,2400,13.34,20058,7.7
102,2014,233,2400,13.35,0,.433,10.14
102,2014,234,100,13.35,0,.15,-143.9
102,2014,234,200,13.36,0,.233,-185.5
102,2014,234,300,13.36,0,.133,-265.8
102,2014,234,400,13.36,0,.05,-240
102,2014,234,500,13.36,0,.05,-310.9
102,2014,234,600,13.37,0,.067,-200.9
102,2014,234,700,13.37,0,.017,-240.3
102,2014,234,800,13.38,79.484,0,-272.6
102,2014,234,900,13.38,479.62,.217,-52.02
102,2014,234,1000,13.38,1315.4,.417,99.1
102,2014,234,1100,13.38,2684.1,.367,166.2
102,2014,234,1200,13.37,3105.8,.417,209.3
102,2014,234,1300,13.36,3469,.35,240.5
102,2014,234,1400,13.36,2932.2,.383,255.3
102,2014,234,1500,13.36,1444.1,.4,275.1
102,2014,234,1600,13.35,1665.5,.466,289.7
102,2014,234,1700,13.35,1177.8,.466,304.2
102,2014,234,1800,13.35,1329.8,.516,294.1
102,2014,234,1900,13.34,376.07,.4,304.6
102,2014,234,2000,13.34,6.3297,.566,351.2
102,2014,234,2100,13.34,0,.466,334.4
102,2014,234,2200,13.34,0,.417,286.4
102,2014,234,2300,13.35,0,.367,238.1
101,2014,234,2400,13.34,20065,7.26
102,2014,234,2400,13.35,0,.35,110.9
102,2014,235,100,13.35,0,.283,15.81
102,2014,235,200,13.35,0,.367,29.25
102,2014,235,300,13.35,0,.267,-26.03
102,2014,235,400,13.35,0,.183,-91
102,2014,235,500,13.36,0,.2,-124.1
102,2014,235,600,13.36,0,.233,-122.8
102,2014,235,700,13.36,0,.167,-130.4
102,2014,235,800,13.36,162.09,.083,-72.1
102,2014,235,900,13.36,435.57,.2,53.69
102,2014,235,1000,13.37,1121.5,.516,132.6
102,2014,235,1100,13.36,2558.6,.35,185.4
102,2014,235,1200,13.36,3176.1,.45,224.9
102,2014,235,1300,13.35,3423.7,.466,255.1
102,2014,235,1400,13.35,3297.7,.417,292.2
102,2014,235,1500,13.35,2901.3,.417,308.2
102,2014,235,1600,13.34,3016,.35,313.4
102,2014,235,1700,13.34,2118.1,.633,321.1
102,2014,235,1800,13.33,1259.3,.417,335.8
102,2014,235,1900,13.33,394.85,.433,350.1
102,2014,235,2000,13.33,15.384,.45,330.6
102,2014,235,2100,13.33,0,.45,242.4
102,2014,235,2200,13.33,0,.4,256.1
102,2014,235,2300,13.33,0,.283,184.9
101,2014,235,2400,13.33,23880,8.41
102,2014,235,2400,13.33,0,.4,123.7
102,2014,236,100,13.33,0,.283,86.8
102,2014,236,200,13.34,0,.233,46.85
102,2014,236,300,13.34,0,.233,3.935
102,2014,236,400,13.35,0,.2,5.79
102,2014,236,500,13.35,0,.267,-10.27
102,2014,236,600,13.35,0,.233,-11.84
102,2014,236,700,13.35,0,.117,-80.4
102,2014,236,800,13.35,131.2,.1,-102.1
102,2014,236,900,13.35,615.08,.2,77.5
102,2014,236,1000,13.35,1401.8,.25,109.6
102,2014,236,1100,13.35,2681.5,.4,198.6
102,2014,236,1200,13.35,2465.7,.417,240.9
102,2014,236,1300,13.35,3014.1,.466,273
102,2014,236,1400,13.34,3646.4,.483,304.2
102,2014,236,1500,13.33,3264.1,.367,283.8
102,2014,236,1600,13.33,2295.6,.466,304.3
102,2014,236,1700,13.33,551.89,.233,259.9
102,2014,236,1800,13.33,604.93,.45,194.1
102,2014,236,1900,13.33,180.19,.417,212.6
102,2014,236,2000,13.33,4.751,.367,110.3
102,2014,236,2100,13.33,0,.383,113.4
102,2014,236,2200,13.33,0,.333,98.7
102,2014,236,2300,13.33,0,.35,61.59
101,2014,236,2400,13.33,20857,7.51
102,2014,236,2400,13.33,0,.267,8.48
102,2014,237,100,13.34,0,.25,-57.49
102,2014,237,200,13.34,0,.267,-69.15
102,2014,237,300,13.35,0,.167,-32.66
102,2014,237,400,13.35,0,.317,-10.19
102,2014,237,500,13.35,0,.267,-101
102,2014,237,600,13.35,0,.167,-178.6
102,2014,237,700,13.35,0,.067,-205
102,2014,237,800,13.35,61.965,0,-262.9
102,2014,237,900,13.36,298.83,.05,-198.3
102,2014,237,1000,13.36,761.24,.333,19.3
102,2014,237,1100,13.36,1212.8,.317,74.6
102,2014,237,1200,13.36,2039.9,.433,127.7
102,2014,237,1300,13.35,3092.2,.516,222
102,2014,237,1400,13.35,3054,.417,250.9
102,2014,237,1500,13.35,1948.9,.317,262.2
102,2014,237,1600,13.35,846.87,.333,148.2
102,2014,237,1700,13.35,93.983,0,-173.4
102,2014,237,1800,13.35,133.91,0,-151.5
102,2014,237,1900,13.35,234.37,0,-55.43
102,2014,237,2000,13.35,8.0036,0,37.33
102,2014,237,2100,13.35,0,0,148.6
102,2014,237,2200,13.35,0,0,103.9
102,2014,237,2300,13.36,1.0206,.117,-30.67
101,2014,237,2400,13.34,13788,4.648
102,2014,237,2400,13.36,.35979,.317,64.09
102,2014,238,100,13.36,0,.267,23.57
102,2014,238,200,13.36,0,.3,21.29
102,2014,238,300,13.36,0,.367,21.3
102,2014,238,400,13.36,0,.333,22.64
102,2014,238,500,13.36,0,.083,-38.04
102,2014,238,600,13.37,0,.167,-36.78
102,2014,238,700,13.37,0,.35,.204
102,2014,238,800,13.38,109.87,.267,-11.25
102,2014,238,900,13.38,470.24,.283,35.52
102,2014,238,1000,13.38,1458.8,.35,50.28
102,2014,238,1100,13.38,2721.9,.283,55.32
102,2014,238,1200,13.37,3259.1,.183,63.68
102,2014,238,1300,13.37,3572.6,.183,88.1
102,2014,238,1400,13.36,3658.8,.05,109
102,2014,238,1500,13.36,3607.9,.033,122.9
102,2014,238,1600,13.35,3187.1,0,136
102,2014,238,1700,13.35,1911.7,0,133.3
102,2014,238,1800,13.35,198.41,0,201.3
102,2014,238,1900,13.35,206.32,.017,135.8
102,2014,238,2000,13.35,5.1768,.017,133.8
102,2014,238,2100,13.35,0,0,113.7
102,2014,238,2200,13.35,0,.033,99.4
102,2014,238,2300,13.35,0,.017,128.7
101,2014,238,2400,13.35,24368,3.582
102,2014,238,2400,13.35,0,0,86.1
102,2014,239,100,13.35,0,.017,-77.1
102,2014,239,200,13.35,0,0,9.39
102,2014,239,300,13.35,0,0,-10.88
102,2014,239,400,13.35,0,0,-14.78
102,2014,239,500,13.35,0,.017,34.78
102,2014,239,600,13.35,0,.233,2.774
102,2014,239,700,13.35,0,.083,-61.91
102,2014,239,800,13.35,76.541,0,-50.99
102,2014,239,900,13.35,226.44,.283,19.88
102,2014,239,1000,13.36,691.79,.267,52.57
102,2014,239,1100,13.36,1418.7,.383,62.51
102,2014,239,1200,13.36,2084,.333,73.4
102,2014,239,1300,13.35,3329.6,.333,99.8
102,2014,239,1400,13.35,3514.6,.5,117.4
102,2014,239,1500,13.35,3071.6,.383,169.3
102,2014,239,1600,13.35,2511.2,0,178
102,2014,239,1700,13.34,2270.2,.067,217.9
102,2014,239,1800,13.33,1477.7,.133,262.6
102,2014,239,1900,13.33,272.28,.017,233.7
102,2014,239,2000,13.33,13.827,.067,184.3
102,2014,239,2100,13.33,0,.283,-341.8
102,2014,239,2200,13.33,0,.067,161
102,2014,239,2300,13.33,0,0,86.2
101,2014,239,2400,13.33,20958,3.465
102,2014,239,2400,13.33,0,0,24.59
102,2014,240,100,13.34,0,0,27.64
102,2014,240,200,13.34,0,0,-24.03
102,2014,240,300,13.34,0,0,-137.8
102,2014,240,400,13.35,0,0,-134.9
102,2014,240,500,13.35,0,0,-116.3
102,2014,240,600,13.35,0,0,-55.82
102,2014,240,700,13.35,0,0,-66.71
102,2014,240,800,13.35,138.04,0,-94.6
102,2014,240,900,13.36,400.1,.017,45
102,2014,240,1000,13.36,1012.6,0,63.8
102,2014,240,1100,13.35,2568.3,0,78.5
102,2014,240,1200,13.35,3291.9,.033,110.5
102,2014,240,1300,13.35,2964.8,.1,207.9
102,2014,240,1400,13.34,2710.6,.017,166.3
102,2014,240,1500,13.34,3075,0,14.91
102,2014,240,1600,12.23,877.54,.017,60.22
102,2014,240,1700,12.21,460.13,0,255.9
102,2014,240,1800,12.21,709.95,0,69.79
102,2014,240,1900,12.21,284.99,0,128.2
102,2014,240,2000,13.35,4.8536,0,132.1
102,2014,240,2100,13.35,0,0,80.6
102,2014,240,2200,13.35,0,0,67.39
102,2014,240,2300,13.35,0,0,60.52
101,2014,240,2400,12.21,18499,.183
102,2014,240,2400,13.35,0,0,43.47
102,2014,241,100,13.35,0,0,17.9
102,2014,241,200,13.35,0,0,16.19
102,2014,241,300,13.35,0,0,-11.19
102,2014,241,400,13.35,0,0,-23.11
102,2014,241,500,13.35,0,0,-43.42
102,2014,241,600,13.36,0,0,-127
102,2014,241,700,13.36,0,0,-168.5
102,2014,241,800,13.36,77.297,0,-136.2
102,2014,241,900,13.36,391.4,0,-2.884
102,2014,241,1000,13.36,1008.5,0,54.73
102,2014,241,1100,13.36,2611.1,0,54.28
102,2014,241,1200,13.36,2802.2,0,45.6
102,2014,241,1300,13.35,3302.8,0,74.3
102,2014,241,1400,13.35,3423.8,0,110.1
102,2014,241,1500,13.35,1420.5,.033,89.8
102,2014,241,1600,12.39,150.19,.1,-26.59
102,2014,241,1700,12.22,519.83,0,-7.02
102,2014,241,1800,12.21,468.6,0,-43.51
102,2014,241,1900,13.35,208.1,.033,82.2
102,2014,241,2000,13.35,1.586,0,68.58
102,2014,241,2100,13.35,0,0,50.22
102,2014,241,2200,13.35,0,0,52.83
102,2014,241,2300,13.35,0,0,15.93
101,2014,241,2400,12.21,16386,.167
102,2014,241,2400,13.35,0,0,-10.25
102,2014,242,100,13.35,0,0,-1.42
102,2014,242,200,13.35,0,0,2.857
102,2014,242,300,13.35,0,0,-.897
102,2014,242,400,13.36,0,0,-15.89
102,2014,242,500,13.36,0,0,-91
102,2014,242,600,13.36,0,0,-123
102,2014,242,700,13.36,0,0,-19.55
102,2014,242,800,13.36,90.894,0,-82.3
102,2014,242,900,13.36,333,0,-43.87
102,2014,242,1000,13.36,840.01,0,28.44
102,2014,242,1100,13.36,1322.2,0,48.38
102,2014,242,1200,13.36,1619.9,0,50.77
102,2014,242,1300,13.36,3325.4,0,44.88
102,2014,242,1400,13.36,3316.2,0,45.73
102,2014,242,1500,13.35,2093.6,0,53.98
102,2014,242,1600,13.35,1816.3,0,66.83
102,2014,242,1700,13.35,1605.4,0,79.9
102,2014,242,1800,13.35,1314.6,0,90.4
102,2014,242,1900,13.35,340.72,0,119
102,2014,242,2000,13.35,3.9799,0,129.3
102,2014,242,2100,13.35,0,0,131.1
102,2014,242,2200,13.35,0,0,122.3
102,2014,242,2300,13.35,0,0,110.7
101,2014,242,2400,13.35,18022,0
102,2014,242,2400,13.35,0,0,56.26
102,2014,243,100,13.35,0,0,-5.631
102,2014,243,200,13.35,0,0,-29.42
102,2014,243,300,13.35,0,0,15.27
102,2014,243,400,13.36,0,0,-4.794
102,2014,243,500,13.36,0,0,-8.87
102,2014,243,600,13.36,0,0,-18.32
102,2014,243,700,13.36,0,0,-49
102,2014,243,800,13.36,126.79,0,-6.765
102,2014,243,900,13.37,466.29,0,42.7
102,2014,243,1000,13.37,987.49,0,58.03
102,2014,243,1100,12.29,1734.1,0,55.61
102,2014,243,1200,13.36,2358.1,0,72.5
102,2014,243,1300,13.36,3137.4,0,86.3
102,2014,243,1400,13.36,2367.8,0,102.7
102,2014,243,1500,13.35,1509.4,0,115.4
102,2014,243,1600,13.35,572.09,0,138
102,2014,243,1700,13.35,709.62,0,143.1
102,2014,243,1800,13.35,537.93,0,121.8
102,2014,243,1900,13.35,104.15,.017,92.9
102,2014,243,2000,13.35,.49932,.033,30.97
102,2014,243,2100,13.35,0,.017,-46.89
102,2014,243,2200,13.35,0,0,-128.9
102,2014,243,2300,13.36,0,0,-84.6
101,2014,243,2400,12.29,14612,.067
102,2014,243,2400,13.36,0,0,-183.9
102,2014,244,100,13.36,0,0,-68.73
102,2014,244,200,13.36,0,0,57.4
102,2014,244,300,13.36,0,0,86.8
102,2014,244,400,13.36,.00734,0,11.71
102,2014,244,500,13.36,0,0,47.81
102,2014,244,600,13.36,0,0,46.42
102,2014,244,700,13.36,.0514,0,84.8
102,2014,244,800,13.36,97.136,0,13.39
102,2014,244,900,13.37,550.34,0,64.31
102,2014,244,1000,13.37,868.19,0,74.5
102,2014,244,1100,13.37,1436.6,0,59.41
102,2014,244,1200,13.36,2848.3,0,60
102,2014,244,1300,13.36,2788.3,.017,81.4
102,2014,244,1400,13.36,1416.8,0,90
102,2014,244,1500,13.36,425.43,0,-17.77
102,2014,244,1600,13.36,421.96,0,2.279
102,2014,244,1700,13.36,480.54,0,124.7
102,2014,244,1800,13.36,315.08,0,33.61
102,2014,244,1900,13.36,70.673,0,73.9
102,2014,244,2000,13.36,.96923,0,77.4
102,2014,244,2100,13.36,0,0,51.21
102,2014,244,2200,13.36,0,0,40.32
102,2014,244,2300,13.36,0,0,69.04
101,2014,244,2400,13.36,11720,.017
102,2014,244,2400,13.36,0,0,81.5
102,2014,245,100,13.37,0,0,82.1
102,2014,245,200,13.37,0,0,61.83
102,2014,245,300,13.38,0,0,51.88
102,2014,245,400,13.38,0,0,34.92
102,2014,245,500,13.38,0,0,-72.5
102,2014,245,600,13.38,0,0,60.57
102,2014,245,700,13.38,.33786,0,10.95
102,2014,245,800,13.38,61.695,0,-2.752
102,2014,245,900,13.38,313,0,45.45
102,2014,245,1000,13.38,953.57,0,36.9
102,2014,245,1100,13.38,1680.1,0,38.78
102,2014,245,1200,13.38,3480.9,0,33.21
102,2014,245,1300,13.38,2575.1,0,51.76
102,2014,245,1400,13.37,2365.3,0,75.1
102,2014,245,1500,13.37,568.63,0,79.7
102,2014,245,1600,13.37,1092.2,.017,69.37
102,2014,245,1700,13.37,1681.1,0,80.3
102,2014,245,1800,13.36,701.62,0,90.8
102,2014,245,1900,13.36,284.07,0,91.4
102,2014,245,2000,13.36,2.2616,0,43.8
102,2014,245,2100,13.36,0,0,-14.96
102,2014,245,2200,13.36,0,0,-20.19
102,2014,245,2300,13.36,0,0,-23.34
101,2014,245,2400,13.36,15760,.017
102,2014,245,2400,13.36,0,0,-58
102,2014,246,100,13.36,0,0,-69.1
102,2014,246,200,13.36,0,0,-82.2
102,2014,246,300,13.36,0,0,-185.1
102,2014,246,400,13.36,0,0,-94.4
102,2014,246,500,13.36,0,0,21.78
102,2014,246,600,13.36,0,0,86.6
102,2014,246,700,13.37,0,0,46.79
102,2014,246,800,13.37,38.016,0,-13.2
102,2014,246,900,13.37,209.56,0,-5.113
102,2014,246,1000,13.37,414.44,0,32.05
102,2014,246,1100,13.38,593.19,.083,130.6
102,2014,246,1200,12.22,1496.2,.233,258.4
102,2014,246,1300,13.38,1813.8,0,75.8
102,2014,246,1400,13.37,1909.1,0,49.98
102,2014,246,1500,13.37,2798.4,0,54.16
102,2014,246,1600,13.37,2958.9,0,65.25
102,2014,246,1700,13.37,2098.4,0,75.4
102,2014,246,1800,13.36,1326,0,80.4
102,2014,246,1900,13.37,406.39,0,80
102,2014,246,2000,13.36,11.954,0,70.2
102,2014,246,2100,13.36,0,0,64.63
102,2014,246,2200,13.36,0,0,63.44
102,2014,246,2300,13.36,0,0,58.87
101,2014,246,2400,12.22,16074,.317
102,2014,246,2400,13.36,0,0,57.19
102,2014,247,100,13.36,0,0,57.22
102,2014,247,200,13.36,0,0,50.71
102,2014,247,300,13.36,0,0,-.842
102,2014,247,400,13.36,0,0,-35.65
102,2014,247,500,13.36,0,0,-21.45
102,2014,247,600,13.36,0,0,-37.33
102,2014,247,700,13.37,.02937,0,-66.33
102,2014,247,800,13.37,97.789,0,-85.1
102,2014,247,900,12.21,525.24,0,14.02
102,2014,247,1000,12.19,985.93,0,19.68
102,2014,247,1100,12.19,1810.7,0,25.41
102,2014,247,1200,12.2,2448.3,0,38.91
102,2014,247,1300,12.2,3185.1,0,64.42
102,2014,247,1400,12.2,2456.8,0,83.4
102,2014,247,1500,12.2,2240.7,0,94.7
102,2014,247,1600,12.2,1692.1,0,104.3
102,2014,247,1700,12.2,391.93,0,106.9
102,2014,247,1800,12.2,281.44,0,92.9
102,2014,247,1900,12.21,80.365,0,101.6
102,2014,247,2000,13.36,3.5759,0,66.93
102,2014,247,2100,13.36,0,0,59.42
102,2014,247,2200,13.36,0,0,-81.3
102,2014,247,2300,13.36,0,0,-15.23
101,2014,247,2400,12.19,16200,0
102,2014,247,2400,13.36,0,0,23.79
102,2014,248,100,13.36,0,0,19.34
102,2014,248,200,13.36,0,0,2.35
102,2014,248,300,13.36,.04406,0,-138.2
102,2014,248,400,13.36,.04406,0,-193.8
102,2014,248,500,13.36,0,0,-102.3
102,2014,248,600,13.36,0,0,-67.81
102,2014,248,700,13.37,.22762,0,-22.37
102,2014,248,800,13.37,87.549,0,9.71
102,2014,248,900,13.37,295.89,0,21.55
102,2014,248,1000,13.37,955.51,0,-60.22
102,2014,248,1100,13.37,956.69,.033,29.23
102,2014,248,1200,12.21,917.79,0,19.65
102,2014,248,1300,12.21,2513.9,0,20.08
102,2014,248,1400,12.2,2418.6,0,38.55
102,2014,248,1500,12.2,2667.6,0,51.79
102,2014,248,1600,12.2,1390,0,67.24
102,2014,248,1700,12.2,449.49,.017,51.7
102,2014,248,1800,13.37,57.899,0,-209.8
102,2014,248,1900,13.38,10.627,0,-133.9
102,2014,248,2000,12.32,.13953,0,-63.11
102,2014,248,2100,13.38,0,0,31.51
102,2014,248,2200,13.38,0,0,-82.9
102,2014,248,2300,13.38,.49941,0,-35.79
101,2014,248,2400,12.2,12722,.05
102,2014,248,2400,13.38,.0661,0,88.2
102,2014,249,100,13.38,.07344,0,43.77
102,2014,249,200,13.38,0,0,4.288
102,2014,249,300,12.21,0,0,19.37
102,2014,249,400,12.19,0,0,24.06
102,2014,249,500,12.19,0,0,20.6
102,2014,249,600,12.19,0,0,25.54
102,2014,249,700,12.19,.14689,0,-66.97
102,2014,249,800,12.19,143.09,0,-24.99
102,2014,249,900,12.19,476.95,0,31.44
102,2014,249,1000,12.19,1704.9,0,-7.49
102,2014,249,1100,12.19,2824.5,0,-6.908
102,2014,249,1200,12.19,2786.5,0,6.99
102,2014,249,1300,12.19,3644.8,0,15.42
102,2014,249,1400,12.19,2252.4,0,30.72
102,2014,249,1500,12.19,2237.9,0,36.05
102,2014,249,1600,12.19,2461.6,0,58.8
102,2014,249,1700,12.19,776.44,0,48.64
102,2014,249,1800,12.19,554.47,0,46.6
102,2014,249,1900,12.19,45.556,.05,-30.6
102,2014,249,2000,13.34,0,0,-52.56
102,2014,249,2100,13.38,0,0,118.4
102,2014,249,2200,13.38,0,0,114.1
102,2014,249,2300,13.38,0,0,-55.58
101,2014,249,2400,12.19,19909,.05
102,2014,249,2400,13.38,0,0,-68.03
102,2014,250,100,13.38,0,0,-86.5
102,2014,250,200,13.38,0,0,-103.2
102,2014,250,300,13.38,0,0,-83.2
102,2014,250,400,13.38,0,0,-64.91
102,2014,250,500,13.38,0,0,-52.77
102,2014,250,600,13.39,0,0,20.67
102,2014,250,700,13.39,.13221,0,-29.78
102,2014,250,800,13.39,198.39,.017,-37.22
102,2014,250,900,13.39,311.52,.017,36.43
102,2014,250,1000,13.39,850.51,0,19.74
102,2014,250,1100,13.39,2842.6,0,25.23
102,2014,250,1200,13.38,3415.1,0,38.66
102,2014,250,1300,13.38,2703.4,0,59.78
102,2014,250,1400,13.38,2990.5,0,77.2
102,2014,250,1500,13.37,2911.8,0,80.8
102,2014,250,1600,13.37,2057.8,0,90
102,2014,250,1700,13.37,1600.3,0,109
102,2014,250,1800,13.36,998.21,0,111.4
102,2014,250,1900,12.33,384.34,0,95.3
102,2014,250,2000,12.22,2.9591,.05,-201.8
102,2014,250,2100,13.36,0,0,-71.7
102,2014,250,2200,13.37,0,0,52.05
102,2014,250,2300,13.36,.41853,0,64.5
101,2014,250,2400,12.22,21268,.083
102,2014,250,2400,13.36,0,0,-81.6
102,2014,251,100,13.37,0,0,-103.3
102,2014,251,200,13.37,0,0,-86.9
102,2014,251,300,13.37,0,0,-51.75
102,2014,251,400,13.37,0,0,70
102,2014,251,500,13.37,0,0,12.38
102,2014,251,600,13.38,0,0,-2.95
102,2014,251,700,13.38,.00734,0,-4.216
102,2014,251,800,13.38,129.19,0,51.62
102,2014,251,900,13.38,286.76,.067,126.5
102,2014,251,1000,13.38,1211.8,0,56.14
102,2014,251,1100,13.38,2690.2,0,32.03
102,2014,251,1200,13.38,3318.1,0,52.26
102,2014,251,1300,13.37,3443.6,0,74.4
102,2014,251,1400,13.37,3741.9,0,91.6
102,2014,251,1500,13.36,3337.5,0,93.1
102,2014,251,1600,13.36,2600.7,0,53.53
102,2014,251,1700,13.36,2186.1,0,99.7
102,2014,251,1800,13.35,1476.2,.067,180.5
102,2014,251,1900,13.35,296.01,.3,295.4
102,2014,251,2000,13.35,3.04,0,-334.2
102,2014,251,2100,13.35,0,0,82.3
102,2014,251,2200,13.36,0,0,28.32
102,2014,251,2300,13.35,0,0,-99.8
101,2014,251,2400,13.35,24721,.433
102,2014,251,2400,13.36,0,0,-49.94
102,2014,252,100,13.36,0,0,-1.899
102,2014,252,200,13.36,0,0,-.066
102,2014,252,300,13.36,0,0,-21.16
102,2014,252,400,13.36,0,0,-52.64
102,2014,252,500,13.36,0,0,-37.03
102,2014,252,600,13.37,0,0,-82.8
102,2014,252,700,13.37,1.6083,0,5.245
102,2014,252,800,13.37,217.58,0,111.2
102,2014,252,900,13.38,370.26,0,59.69
102,2014,252,1000,12.21,1247.8,0,53.13
102,2014,252,1100,13.38,2723.3,0,68.44
102,2014,252,1200,13.37,3377.2,0,72.5
102,2014,252,1300,13.36,2785.1,0,85.4
102,2014,252,1400,13.36,3726.3,0,98.2
102,2014,252,1500,13.36,3474.5,0,75.9
102,2014,252,1600,13.35,2975.2,0,78.7
102,2014,252,1700,13.35,2317.2,0,86.3
102,2014,252,1800,13.35,1308.8,0,108.6
102,2014,252,1900,12.43,583.37,0,161.6
102,2014,252,2000,12.25,28.249,0,-89.5
102,2014,252,2100,13.35,.3084,0,-38.87
102,2014,252,2200,13.35,.40386,0,25.88
102,2014,252,2300,13.35,0,0,-87.4
101,2014,252,2400,12.21,25137,0
102,2014,252,2400,13.35,0,0,-43.77
102,2014,253,100,13.35,0,0,25
102,2014,253,200,13.35,0,0,18.88
102,2014,253,300,13.35,0,0,-22.66
102,2014,253,400,13.35,0,0,20.24
102,2014,253,500,13.35,0,0,51.88
102,2014,253,600,13.36,0,0,54.35
102,2014,253,700,13.36,.02937,0,40.24
102,2014,253,800,13.36,128.09,0,26.63
102,2014,253,900,13.36,432.02,0,52.17
102,2014,253,1000,12.22,1285.6,0,38.69
102,2014,253,1100,13.36,2683.9,0,57.43
102,2014,253,1200,13.36,3278.7,0,71.3
102,2014,253,1300,13.36,3611.8,0,80.9
102,2014,253,1400,13.35,3717.2,0,84.2
102,2014,253,1500,13.35,3472,0,77.3
102,2014,253,1600,13.34,2256.1,0,88.9
102,2014,253,1700,13.33,1944.9,0,105
102,2014,253,1800,13.33,1061.3,0,105.2
102,2014,253,1900,13.33,160.27,0,112.2
102,2014,253,2000,13.33,1.0868,0,135.5
102,2014,253,2100,13.33,0,0,183.6
102,2014,253,2200,13.33,0,0,145.4
102,2014,253,2300,13.33,0,0,124.7
101,2014,253,2400,12.22,24033,0
102,2014,253,2400,13.34,0,0,808
102,2014,254,100,13.34,0,0,181.8
102,2014,254,200,13.34,0,0,25.7
102,2014,254,300,13.35,0,0,-51.52
102,2014,254,400,13.35,0,0,-25.93
102,2014,254,500,13.35,0,0,-28.97
102,2014,254,600,13.35,0,0,-119.6
102,2014,254,700,13.35,.17622,0,-217.9
102,2014,254,800,13.36,123.56,0,-173.2
102,2014,254,900,13.36,373.09,0,10.82
102,2014,254,1000,13.36,1267,0,15
102,2014,254,1100,12.8,2658.7,0,80.4
102,2014,254,1200,13.35,2697.5,0,121
102,2014,254,1300,13.35,3317.5,0,58.17
102,2014,254,1400,12.2,3379.8,0,58.17
102,2014,254,1500,12.2,2199.7,0,71.1
102,2014,254,1600,13.34,2872.4,0,79.8
102,2014,254,1700,13.33,2018,0,93.4
102,2014,254,1800,13.33,1177.2,0,128.5
102,2014,254,1900,12.25,215.99,.033,24.64
102,2014,254,2000,12.19,2.4159,0,-93.4
102,2014,254,2100,12.19,.01469,0,-244.1
102,2014,254,2200,13.34,0,0,-65.26
102,2014,254,2300,13.34,0,0,-40.35
101,2014,254,2400,12.19,22303,.033
102,2014,254,2400,13.34,0,0,-45.53
102,2014,255,100,13.35,0,0,-33.59
102,2014,255,200,13.35,0,0,-68.53
102,2014,255,300,13.35,0,0,61.92
102,2014,255,400,13.35,0,0,.022
102,2014,255,500,13.35,0,0,-178.4
102,2014,255,600,13.36,0,0,-169.6
102,2014,255,700,13.36,.60214,0,-127.7
102,2014,255,800,13.36,141.62,0,-29.61
102,2014,255,900,13.38,344.48,0,99.5
102,2014,255,1000,12.19,1259.9,0,67.6
102,2014,255,1100,12.19,2657.1,0,51.23
102,2014,255,1200,12.19,3317.8,0,52.58
102,2014,255,1300,12.19,3668,0,67.42
102,2014,255,1400,12.19,3725.5,0,54.88
102,2014,255,1500,12.19,3501.4,0,64.74
102,2014,255,1600,12.19,2083.5,0,76.2
102,2014,255,1700,12.19,2290.7,.017,104.5
102,2014,255,1800,12.19,739.86,.15,147.6
102,2014,255,1900,12.19,193.69,0,55.88
102,2014,255,2000,13.32,1.52,0,121.8
102,2014,255,2100,13.35,0,0,86.9
102,2014,255,2200,13.34,0,0,78.5
102,2014,255,2300,13.34,0,0,6.467
101,2014,255,2400,12.19,23926,.167
102,2014,255,2400,13.34,0,0,-64.71
102,2014,256,100,13.35,0,0,-114.6
102,2014,256,200,13.35,0,0,-173.5
102,2014,256,300,13.35,0,0,-173.1
102,2014,256,400,13.35,0,0,-178.3
102,2014,256,500,13.36,0,0,-83.1
102,2014,256,600,13.36,0,0,-111.1
102,2014,256,700,13.36,.82973,0,-150.1
102,2014,256,800,13.37,133.88,0,-29.72
102,2014,256,900,13.37,355.88,0,55.34
102,2014,256,1000,13.37,1246.9,0,91.7
102,2014,256,1100,12.21,2660.7,0,88.1
102,2014,256,1200,12.19,3299.8,0,126.5
102,2014,256,1300,12.19,3606.6,0,112.5
102,2014,256,1400,12.19,2780.6,0,109.1
102,2014,256,1500,12.19,2025.5,0,104.2
102,2014,256,1600,12.19,1693.4,0,97
102,2014,256,1700,12.19,1441.8,.017,-178.4
102,2014,256,1800,12.19,243.69,.15,-6999
102,2014,256,1900,12.19,139.54,0,110
102,2014,256,2000,12.19,2.2322,0,118.1
102,2014,256,2100,13.35,0,0,89.9
102,2014,256,2200,13.35,0,0,90.4
102,2014,256,2300,13.35,0,0,81.1
101,2014,256,2400,12.19,19631,.167
102,2014,256,2400,13.35,0,0,30.68
102,2014,257,100,13.35,0,0,80.8
102,2014,257,200,13.35,0,0,-25.08
102,2014,257,300,13.36,0,0,-7.91
102,2014,257,400,13.36,0,0,-163.1
102,2014,257,500,13.36,0,0,-165.9
102,2014,257,600,13.36,0,0,-206.8
102,2014,257,700,13.37,.11752,0,-266.2
102,2014,257,800,13.37,125.98,0,-211.2
102,2014,257,900,13.38,315.13,0,42.74
102,2014,257,1000,13.37,1288.8,0,108.6
102,2014,257,1100,13.37,2757.5,0,164.6
102,2014,257,1200,13.36,3313.5,0,176.5
102,2014,257,1300,13.36,3654.4,0,144
102,2014,257,1400,13.35,3843.8,0,143.6
102,2014,257,1500,13.35,1933.6,0,152.5
102,2014,257,1600,13.34,1644.8,0,157.3
102,2014,257,1700,13.34,2101.5,0,160.8
102,2014,257,1800,13.33,906.66,.217,-6999
102,2014,257,1900,12.2,16.081,0,-355.3
102,2014,257,2000,12.19,1.7036,0,-173.5
102,2014,257,2100,12.19,1.072,0,-209.6
102,2014,257,2200,12.19,.06608,0,-223.3
102,2014,257,2300,12.19,2.4231,0,-25.19
101,2014,257,2400,12.19,21908,.217
102,2014,257,2400,12.19,.55804,0,73
102,2014,258,100,12.19,0,0,72.1
102,2014,258,200,12.19,0,0,33.53
102,2014,258,300,12.19,0,0,45.01
102,2014,258,400,12.19,0,0,57.04
102,2014,258,500,12.19,0,0,50.54
102,2014,258,600,12.19,0,0,45.67
102,2014,258,700,12.19,.17627,0,52.04
102,2014,258,800,12.18,177.63,0,52.9
102,2014,258,900,12.18,442.48,0,49.75
102,2014,258,1000,12.18,1368.6,0,46.14
102,2014,258,1100,12.18,2576.2,0,55.18
102,2014,258,1200,12.18,3360,0,67.91
102,2014,258,1300,12.18,3655.6,0,82.3
102,2014,258,1400,12.18,3632.8,0,86.7
102,2014,258,1500,12.19,3259.6,0,110.6
102,2014,258,1600,12.19,2986.9,0,112.1
102,2014,258,1700,12.19,2163.1,0,107.3
102,2014,258,1800,12.19,797.31,0,90.3
102,2014,258,1900,12.19,143.4,0,94
102,2014,258,2000,12.19,1.6081,0,123
102,2014,258,2100,12.19,0,0,101.7
102,2014,258,2200,12.22,0,0,119.8
102,2014,258,2300,12.38,0,0,127.7
101,2014,258,2400,12.18,24565,0
102,2014,258,2400,12.38,0,0,85.1
102,2014,259,100,12.28,0,0,72.6
102,2014,259,200,12.28,0,0,55.11
102,2014,259,300,12.37,0,0,86.9
102,2014,259,400,12.36,0,0,74
102,2014,259,500,12.37,0,0,78.2
102,2014,259,600,12.55,0,0,70.3
102,2014,259,700,12.64,0,0,14.74
102,2014,259,800,12.28,115.4,0,-2.482
102,2014,259,900,13.05,372.83,0,100.8
102,2014,259,1000,12.23,1259.2,0,102.5
102,2014,259,1100,12.22,2495,0,124.3
102,2014,259,1200,12.23,3225.9,0,147.5
102,2014,259,1300,12.23,3630.4,0,162.8
102,2014,259,1400,12.23,3631,0,162.2
102,2014,259,1500,12.22,3288.8,0,163.8
102,2014,259,1600,12.22,1654.7,0,158.8
102,2014,259,1700,12.21,1727.9,0,172.8
102,2014,259,1800,12.21,454.43,.067,198.5
102,2014,259,1900,12.21,187.16,.017,147.8
102,2014,259,2000,12.21,.98395,0,137.7
102,2014,259,2100,12.94,0,0,132.1
102,2014,259,2200,12.54,0,0,70.5
102,2014,259,2300,13.35,0,0,114.8
101,2014,259,2400,12.21,22044,.083
102,2014,259,2400,13.35,0,0,119.3
102,2014,260,100,13.35,0,0,56
102,2014,260,200,13.35,0,0,83.9
102,2014,260,300,13.35,0,0,98.9
102,2014,260,400,13.35,0,0,49.04
102,2014,260,500,13.35,0,0,-10.28
102,2014,260,600,13.35,0,0,-89.9
102,2014,260,700,13.36,.43322,0,-78.3
102,2014,260,800,13.36,112.25,0,-9.86
102,2014,260,900,13.36,276.38,0,109.5
102,2014,260,1000,13.36,1302.5,0,146.9
102,2014,260,1100,13.36,2746.8,0,197.1
102,2014,260,1200,13.35,3333.3,.117,270.2
102,2014,260,1300,12.98,3709.9,.15,296.1
102,2014,260,1400,12.24,3742.2,.067,273.5
102,2014,260,1500,13.34,3017.9,.183,305.4
102,2014,260,1600,12.24,2116.8,.25,305.3
102,2014,260,1700,12.21,1944.1,0,244.3
102,2014,260,1800,12.21,1018.3,.1,194.4
102,2014,260,1900,12.21,101.51,.033,-307.8
102,2014,260,2000,13.33,1.7697,0,-69.51
102,2014,260,2100,13.33,0,0,199.2
102,2014,260,2200,13.33,0,0,186.3
102,2014,260,2300,13.33,0,.017,150.1
101,2014,260,2400,12.21,23424,.95
102,2014,260,2400,13.33,0,.033,217.4
102,2014,261,100,13.34,0,.033,145.9
102,2014,261,200,13.34,0,0,18.97
102,2014,261,300,13.35,0,0,56.49
102,2014,261,400,13.35,0,0,-68.42
102,2014,261,500,13.35,0,0,-154.3
102,2014,261,600,13.35,0,0,-208.8
102,2014,261,700,13.36,1.2923,0,-268
102,2014,261,800,13.36,108.71,0,-215.3
102,2014,261,900,12.28,251.82,0,60.22
102,2014,261,1000,12.2,1356.6,0,89.6
102,2014,261,1100,12.19,2705,0,82.9
102,2014,261,1200,12.19,3195.5,0,75
102,2014,261,1300,12.19,3252,0,97
102,2014,261,1400,12.19,2804.8,0,117.3
102,2014,261,1500,12.19,3452.9,0,155.7
102,2014,261,1600,12.19,2967.3,0,202.2
102,2014,261,1700,12.19,1702.6,0,219.3
102,2014,261,1800,12.19,1273.1,.017,174.2
102,2014,261,1900,12.19,205.26,0,-271.5
102,2014,261,2000,13.33,1.3658,0,-232.2
102,2014,261,2100,13.33,.06609,0,-274.7
102,2014,261,2200,13.33,0,0,-179.1
102,2014,261,2300,13.33,0,.083,162.9
101,2014,261,2400,12.19,23278,.367
102,2014,261,2400,13.33,0,.233,212.8
102,2014,262,100,13.33,0,.283,214
102,2014,262,200,13.34,0,0,163.9
102,2014,262,300,13.34,0,0,141.3
102,2014,262,400,13.35,0,0,105.8
102,2014,262,500,13.35,0,0,110.9
102,2014,262,600,13.35,0,0,59.43
102,2014,262,700,13.35,.08811,0,35.67
102,2014,262,800,13.36,138.88,0,52.12
102,2014,262,900,13.36,361.35,0,91.9
102,2014,262,1000,13.36,1384.2,0,90.6
102,2014,262,1100,13.35,2432.7,0,94.3
102,2014,262,1200,13.35,3369.3,0,120.6
102,2014,262,1300,13.35,3719.9,0,148.2
102,2014,262,1400,13.34,2879.9,0,148.3
102,2014,262,1500,13.33,1915.1,0,139.5
102,2014,262,1600,12.31,635.72,.117,-7.04
102,2014,262,1700,12.2,444.45,0,160.6
102,2014,262,1800,12.19,130.99,.033,-133.9
102,2014,262,1900,12.19,12.285,.017,-428.8
102,2014,262,2000,12.22,0,.05,145.2
102,2014,262,2100,13.34,0,0,150.4
102,2014,262,2200,13.34,0,0,149.6
102,2014,262,2300,13.34,0,0,134.8
101,2014,262,2400,12.19,17425,.5
102,2014,262,2400,13.34,0,0,111.2
102,2014,263,100,13.35,0,0,70
102,2014,263,200,13.35,0,0,42.43
102,2014,263,300,13.35,0,0,-77.4
102,2014,263,400,12.19,0,0,-105.7
102,2014,263,500,12.18,0,0,-62.32
102,2014,263,600,12.18,0,0,-157.2
102,2014,263,700,12.18,.32317,0,-197.9
102,2014,263,800,12.18,230.8,0,-137.5
102,2014,263,900,12.18,673.14,0,37.35
102,2014,263,1000,12.18,1418.8,0,64.67
102,2014,263,1100,12.19,2387.5,0,98.6
102,2014,263,1200,12.18,2954.7,.017,155.1
102,2014,263,1300,12.18,3151.3,0,195.5
102,2014,263,1400,12.18,3240.1,0,213.6
102,2014,263,1500,12.18,2890.4,0,197.6
102,2014,263,1600,12.18,2983.3,0,204.9
102,2014,263,1700,12.18,1240.1,.05,67.23
102,2014,263,1800,12.18,371.62,.033,76.6
102,2014,263,1900,12.18,173.4,0,106.7
102,2014,263,2000,12.18,0,0,-56.92
102,2014,263,2100,12.23,0,.133,-615
102,2014,263,2200,13.28,0,0,-366.3
102,2014,263,2300,13.34,0,0,-239.6
101,2014,263,2400,12.18,21716,.233
102,2014,263,2400,13.34,0,0,68.58
102,2014,264,100,13.34,0,0,55.31
102,2014,264,200,13.35,0,0,98.4
102,2014,264,300,13.35,0,0,85.5
102,2014,264,400,13.35,0,0,92.9
102,2014,264,500,13.35,0,0,91
102,2014,264,600,13.35,0,0,75.1
102,2014,264,700,13.35,.64616,0,61.47
102,2014,264,800,13.36,114.05,0,43.78
102,2014,264,900,13.36,314.75,0,70.2
102,2014,264,1000,13.36,957.14,0,98.9
102,2014,264,1100,13.35,2643.4,0,117.8
102,2014,264,1200,13.35,3140.7,0,154.4
102,2014,264,1300,13.34,3378.7,0,170.3
102,2014,264,1400,13.33,3465.8,0,209.6
102,2014,264,1500,13.33,3550.9,0,260.2
102,2014,264,1600,13.33,2250,.017,282.3
102,2014,264,1700,13.32,803.61,.083,289.1
102,2014,264,1800,13.32,346.21,.317,334.2
102,2014,264,1900,13.32,48.818,.283,95.7
102,2014,264,2000,13.32,0,.017,233.9
102,2014,264,2100,13.32,0,.017,173.2
102,2014,264,2200,13.32,0,0,136.2
102,2014,264,2300,13.32,0,0,138.1
101,2014,264,2400,13.32,21015,.733
102,2014,264,2400,13.33,0,0,129.2
102,2014,265,100,13.33,0,0,135
102,2014,265,200,13.33,0,0,119.2
102,2014,265,300,13.33,0,0,119.1
102,2014,265,400,13.33,0,0,93.3
102,2014,265,500,13.33,0,0,69.57
102,2014,265,600,13.34,0,0,32.54
102,2014,265,700,13.35,.48462,0,-93.1
102,2014,265,800,13.35,145.98,0,-21.57
102,2014,265,900,13.35,398.73,0,117.6
102,2014,265,1000,13.35,1590.9,0,189.2
102,2014,265,1100,13.35,2729.6,0,240.5
102,2014,265,1200,13.34,3313.2,.017,269.7
102,2014,265,1300,13.33,3654.1,.067,296.6
102,2014,265,1400,13.33,3264.6,.217,318.1
102,2014,265,1500,13.33,1895.2,.2,164.4
102,2014,265,1600,13.33,643.96,.067,-296.5
102,2014,265,1700,13.33,687.65,0,124.2
102,2014,265,1800,13.33,117.59,.033,119.4
102,2014,265,1900,13.33,47.172,0,-75.3
102,2014,265,2000,13.33,.01469,0,10.6
102,2014,265,2100,12.63,0,0,18.7
102,2014,265,2200,12.18,0,0,41.15
102,2014,265,2300,12.18,0,0,-241.9
101,2014,265,2400,12.18,18489,.6
102,2014,265,2400,12.18,0,0,-300.2
102,2014,266,100,12.18,0,0,-217.9
102,2014,266,200,12.18,0,0,-168.3
102,2014,266,300,12.17,0,0,-3.704
102,2014,266,400,12.18,0,0,6.231
102,2014,266,500,12.17,0,0,-.094
102,2014,266,600,12.17,.58017,0,-41.78
102,2014,266,700,12.17,1.6892,0,17.32
102,2014,266,800,12.17,178.25,0,31.43
102,2014,266,900,12.17,362.97,0,71.4
102,2014,266,1000,12.22,1455.4,0,67.01
102,2014,266,1100,12.21,2786.9,0,62.47
102,2014,266,1200,12.2,2861.8,0,69.52
102,2014,266,1300,12.19,2877.4,0,88.9
102,2014,266,1400,12.19,1770.9,.133,138.6
102,2014,266,1500,12.19,833.18,0,-85.6
102,2014,266,1600,12.18,520.72,.1,42.57
102,2014,266,1700,12.18,890.34,0,43.9
102,2014,266,1800,12.17,774.43,0,74.1
102,2014,266,1900,12.17,15.317,0,-203.3
102,2014,266,2000,13.29,0,0,-335.1
102,2014,266,2100,13.35,0,0,-218.3
102,2014,266,2200,13.35,0,0,-139.9
102,2014,266,2300,13.35,0,0,7.86
101,2014,266,2400,12.17,15330,.233
102,2014,266,2400,13.35,0,0,-74.1
102,2014,267,100,13.35,0,0,-107.6
102,2014,267,200,13.36,0,0,-105.1
102,2014,267,300,13.36,.11748,0,-167.1
102,2014,267,400,13.36,0,0,-65.76
102,2014,267,500,13.36,0,0,-39.06
102,2014,267,600,13.37,0,0,-.44
102,2014,267,700,13.37,1.0355,0,134.6
102,2014,267,800,13.37,159.42,0,184.6
102,2014,267,900,13.37,621.73,0,160.7
102,2014,267,1000,13.37,1229.2,0,52.79
102,2014,267,1100,13.37,2754.1,0,34.85
102,2014,267,1200,13.36,2537,0,36.83
102,2014,267,1300,13.36,3768.4,0,50.99
102,2014,267,1400,13.36,3651.3,0,67.59
102,2014,267,1500,13.35,3267.8,0,87
102,2014,267,1600,13.35,997.28,.133,1.915
102,2014,267,1700,13.35,418.04,0,-156.8
102,2014,267,1800,13.35,414.64,0,-43.88
102,2014,267,1900,13.35,117.38,0,89.9
102,2014,267,2000,13.07,.49198,0,83.2
102,2014,267,2100,13.35,0,0,77.3
102,2014,267,2200,13.35,0,0,70.4
102,2014,267,2300,13.35,0,0,66.24
101,2014,267,2400,13.07,19938,.133
102,2014,267,2400,13.36,0,0,57.04
102,2014,268,100,13.36,0,0,39.71
102,2014,268,200,13.36,0,0,25.94
102,2014,268,300,13.36,0,0,63.51
102,2014,268,400,13.36,0,0,52.15
102,2014,268,500,13.36,0,0,70.9
102,2014,268,600,13.37,0,0,67.54
102,2014,268,700,13.37,.82261,0,23.45
102,2014,268,800,13.37,214.76,0,14.23
102,2014,268,900,12.46,277.03,0,44.61
102,2014,268,1000,12.17,1371.2,0,23.13
102,2014,268,1100,12.17,2859.7,0,26.67
102,2014,268,1200,12.17,3403.5,0,49.87
102,2014,268,1300,12.17,3727.5,0,74.3
102,2014,268,1400,12.17,3864.7,0,105
102,2014,268,1500,12.17,2794.9,.017,138.7
102,2014,268,1600,12.17,322.4,.083,-213.4
102,2014,268,1700,12.17,351.88,0,-203.8
102,2014,268,1800,12.17,391.96,0,-72.6
102,2014,268,1900,12.17,182.85,0,55.27
102,2014,268,2000,12.17,.5434,0,70.9
102,2014,268,2100,13.36,0,0,73.4
102,2014,268,2200,13.36,0,0,74
102,2014,268,2300,13.36,0,0,76.7
101,2014,268,2400,12.17,19764,.1
102,2014,268,2400,13.36,0,0,79.6
102,2014,269,100,13.36,0,0,75.8
102,2014,269,200,13.36,0,0,73
102,2014,269,300,13.36,0,0,71.1
102,2014,269,400,13.36,0,0,71.1
102,2014,269,500,13.37,0,0,68.03
102,2014,269,600,13.37,0,0,54.66
102,2014,269,700,13.37,1.2926,0,41.28
102,2014,269,800,13.37,105.17,0,14.83
102,2014,269,900,13.38,541.59,0,61.23
102,2014,269,1000,12.21,1743.7,0,47.28
102,2014,269,1100,12.18,2843.4,0,44.04
102,2014,269,1200,12.18,3431.2,0,64.04
102,2014,269,1300,12.18,3608.2,0,90
102,2014,269,1400,12.17,3545.3,0,114.5
102,2014,269,1500,12.17,2495,0,137.8
102,2014,269,1600,12.17,1573,.017,139.7
102,2014,269,1700,12.17,1080.8,.35,245.8
102,2014,269,1800,12.17,347.64,.25,53.56
102,2014,269,1900,13.36,75.233,0,-124.1
102,2014,269,2000,13.36,0,0,83.7
102,2014,269,2100,13.36,0,0,86.7
102,2014,269,2200,13.35,0,0,72.7
102,2014,269,2300,13.35,0,0,59.78
101,2014,269,2400,12.17,21391,.616
102,2014,269,2400,13.35,0,0,53.86
102,2014,270,100,13.36,0,0,70.3
102,2014,270,200,13.36,0,0,34.02
102,2014,270,300,13.36,0,0,60.15
102,2014,270,400,13.36,0,0,42.62
102,2014,270,500,13.36,0,0,17.46
102,2014,270,600,13.36,0,0,-6.132
102,2014,270,700,13.36,.6902,0,-24.17
102,2014,270,800,13.36,148.31,0,-2.796
102,2014,270,900,13.37,599.35,0,60.74
102,2014,270,1000,13.37,1530.3,0,81.2
102,2014,270,1100,13.36,2593.7,0,115.4
102,2014,270,1200,13.36,2859.2,0,157.6
102,2014,270,1300,13.35,3549.3,0,222.6
102,2014,270,1400,13.35,3483.7,0,267
102,2014,270,1500,13.35,1415.2,.117,-70.6
102,2014,270,1600,13.35,1606.8,0,-65.82
102,2014,270,1700,13.35,1553.9,0,143.7
102,2014,270,1800,13.34,941.2,0,144.6
102,2014,270,1900,13.34,310.32,0,151.1
102,2014,270,2000,13.34,.05874,0,154.8
102,2014,270,2100,13.34,0,0,133.9
102,2014,270,2200,13.35,0,0,124.4
102,2014,270,2300,13.34,0,0,113.5
101,2014,270,2400,13.34,20592,.117
102,2014,270,2400,13.35,0,0,61.67
102,2014,271,100,13.35,0,0,29.57
102,2014,271,200,13.35,0,0,24.79
102,2014,271,300,13.35,0,0,-17.77
102,2014,271,400,13.35,0,0,8.59
102,2014,271,500,13.35,0,0,-329.7
102,2014,271,600,13.36,0,0,-173
102,2014,271,700,13.36,2.5333,0,12.31
102,2014,271,800,13.36,291.33,0,31.54
102,2014,271,900,13.36,498.72,0,10.66
102,2014,271,1000,13.36,1589.7,0,76.4
102,2014,271,1100,13.36,2824.6,0,82.4
102,2014,271,1200,13.36,2699.1,0,90.8
102,2014,271,1300,13.35,3068.3,0,112.8
102,2014,271,1400,13.35,3330.3,0,138.3
102,2014,271,1500,13.34,2948.1,.067,190.2
102,2014,271,1600,12.18,247.38,.133,-309.5
102,2014,271,1700,13.35,148.15,0,-211.6
102,2014,271,1800,13.35,199.13,0,-201
102,2014,271,1900,13.35,160.73,0,46.12
102,2014,271,2000,13.35,1.028,0,63.41
102,2014,271,2100,13.35,0,0,30.92
102,2014,271,2200,13.35,0,0,43.86
102,2014,271,2300,13.35,0,0,63.8
101,2014,271,2400,12.18,18009,.2
102,2014,271,2400,13.35,0,0,62.53
102,2014,272,100,13.36,0,0,67.1
102,2014,272,200,13.36,0,0,75.2
102,2014,272,300,13.36,0,0,51.56
102,2014,272,400,13.36,0,0,-37.86
102,2014,272,500,13.36,0,0,-35.47
102,2014,272,600,13.36,0,0,-73
102,2014,272,700,13.37,1.6524,0,-85.8
102,2014,272,800,13.37,156.49,0,-22.03
102,2014,272,900,12.74,338.34,0,45.15
102,2014,272,1000,12.28,1505.3,0,48.46
102,2014,272,1100,13.37,2824.5,0,65.09
102,2014,272,1200,13.36,3382.3,0,93.6
102,2014,272,1300,13.36,3851.9,0,129.1
102,2014,272,1400,13.35,3168.2,0,149.9
102,2014,272,1500,13.35,2672.5,0,158
102,2014,272,1600,13.34,3025,0,157.2
102,2014,272,1700,13.34,2181.7,0,175.7
102,2014,272,1800,13.33,1252.9,0,199.2
102,2014,272,1900,13.33,364.93,0,217.4
102,2014,272,2000,13.33,1.6742,0,215.4
102,2014,272,2100,13.33,0,0,149.9
102,2014,272,2200,13.33,0,0,117.8
102,2014,272,2300,13.33,0,0,53.73
101,2014,272,2400,12.28,24727,0
102,2014,272,2400,13.33,0,0,114.7
102,2014,273,100,13.33,0,0,86.8
102,2014,273,200,13.33,0,0,62.52
102,2014,273,300,13.34,0,0,-10.67
102,2014,273,400,13.34,0,0,26.43
102,2014,273,500,13.34,0,0,-6.946
102,2014,273,600,13.34,0,0,-115.1
102,2014,273,700,13.35,1.8284,0,-130.4
102,2014,273,800,13.35,125.99,0,-16.14
102,2014,273,900,12.73,254.61,0,116.3
102,2014,273,1000,12.39,1434.2,0,159.4
102,2014,273,1100,13.35,2867,0,223.7
102,2014,273,1200,13.35,2733.1,0,262.7
102,2014,273,1300,13.34,3234.4,.083,287.3
102,2014,273,1400,13.33,3301.9,.033,293.1
102,2014,273,1500,13.33,3091.1,.267,322.2
102,2014,273,1600,13.32,2073.5,.217,333.3
102,2014,273,1700,13.32,1331.4,.217,316.9
102,2014,273,1800,13.32,1100.9,.217,320.5
102,2014,273,1900,13.32,231.8,.233,297
102,2014,273,2000,13.32,.16156,.067,245.9
102,2014,273,2100,13.32,0,0,189
102,2014,273,2200,13.32,0,0,120.6
102,2014,273,2300,13.32,0,0,106.7
101,2014,273,2400,12.39,21782,1.333
102,2014,273,2400,13.32,0,0,25.67
102,2014,274,100,13.32,0,0,-52.91
102,2014,274,200,13.33,0,0,-62.4
102,2014,274,300,13.33,0,0,-83
102,2014,274,400,13.33,0,0,57.22
102,2014,274,500,13.33,0,.017,62.7
102,2014,274,600,13.33,0,0,-107.5
102,2014,274,700,13.33,.77835,0,-315.9
102,2014,274,800,13.34,177.41,0,-212.9
102,2014,274,900,13.34,207.83,0,-134.3
102,2014,274,1000,13.35,1567.5,0,9.82
102,2014,274,1100,13.35,2641.3,0,95.2
102,2014,274,1200,13.35,1380.4,0,86.1
102,2014,274,1300,13.35,2902.4,0,80.4
102,2014,274,1400,13.35,2232,0,86.7
102,2014,274,1500,13.34,2098,0,101.2
102,2014,274,1600,13.34,2765.7,0,125.7
102,2014,274,1700,13.33,1212.7,0,149.3
102,2014,274,1800,13.33,373.61,0,132.1
102,2014,274,1900,13.33,152.54,0,133.7
102,2014,274,2000,13.34,.2056,0,120.5
102,2014,274,2100,13.34,0,0,110
102,2014,274,2200,13.34,0,0,32.63
102,2014,274,2300,13.34,0,0,-364.1
101,2014,274,2400,13.32,17712,.017
102,2014,274,2400,13.35,0,0,-46.25
102,2014,275,100,13.35,0,0,32.62
102,2014,275,200,13.35,0,0,-43.92
102,2014,275,300,13.35,0,0,-63.92
102,2014,275,400,13.35,0,0,-73
102,2014,275,500,13.35,0,0,-70.1
102,2014,275,600,13.35,0,0,-62.47
102,2014,275,700,13.36,.77834,0,-86.1
102,2014,275,800,13.36,102.47,0,-74.8
102,2014,275,900,13.36,472.29,0,294.1
102,2014,275,1000,12.17,959.49,0,72.1
102,2014,275,1100,12.15,1326.9,0,62.2
102,2014,275,1200,12.15,1941.5,0,48.59
102,2014,275,1300,12.17,4159.3,0,75.9
102,2014,275,1400,13.36,2936.1,0,103.6
102,2014,275,1500,13.35,3137.2,0,111.7
102,2014,275,1600,13.35,2668.3,0,119
102,2014,275,1700,13.35,1823.8,0,-221.6
102,2014,275,1800,13.35,234.2,.017,-71.3
102,2014,275,1900,13.34,117.44,0,129.8
102,2014,275,2000,13.35,.1028,0,111.7
102,2014,275,2100,13.34,0,0,97.7
102,2014,275,2200,13.35,0,0,86
102,2014,275,2300,13.35,0,0,81.5
101,2014,275,2400,12.15,19880,.017
102,2014,275,2400,13.35,0,0,92.4
102,2014,276,100,13.35,0,0,72
102,2014,276,200,13.35,0,0,-17.81
102,2014,276,300,13.35,0,0,-54.11
102,2014,276,400,13.35,0,0,-46.95
102,2014,276,500,13.36,0,0,-53.51
102,2014,276,600,13.36,0,0,-107.3
102,2014,276,700,13.36,.83707,0,-239.5
102,2014,276,800,13.36,225.97,0,-144.9
102,2014,276,900,13.36,590.19,0,51.87
102,2014,276,1000,13.36,1532.7,0,79.1
102,2014,276,1100,13.35,2944.5,0,110.1
102,2014,276,1200,13.35,2070.5,0,144.9
102,2014,276,1300,13.35,1300.4,.133,153.2
102,2014,276,1400,13.35,3056.3,0,152.6
102,2014,276,1500,13.35,1057.6,.217,-55.54
102,2014,276,1600,13.34,503.78,.017,-96.4
102,2014,276,1700,13.34,682.97,0,-201.3
102,2014,276,1800,13.35,548.89,0,78.3
102,2014,276,1900,13.34,97.72,0,77.5
102,2014,276,2000,13.34,0,0,20.48
102,2014,276,2100,13.34,0,0,38.17
102,2014,276,2200,13.35,0,0,74.5
102,2014,276,2300,13.35,0,0,23.85
101,2014,276,2400,13.34,14612,.367
102,2014,276,2400,13.34,0,0,-56.93
102,2014,277,100,13.35,0,0,-53.96
102,2014,277,200,13.35,0,0,-86.8
102,2014,277,300,13.35,0,0,-152.4
102,2014,277,400,13.35,0,0,-128.2
102,2014,277,500,13.35,0,0,-78.6
102,2014,277,600,13.35,0,0,-67.6
102,2014,277,700,13.36,9.6409,0,-76.6
102,2014,277,800,13.36,202.6,0,-78.7
102,2014,277,900,13.36,465.75,0,43.76
102,2014,277,1000,13.36,1458,0,58.23
102,2014,277,1100,13.36,2467.6,0,76.2
102,2014,277,1200,13.36,3476.4,0,109
102,2014,277,1300,13.35,3247,0,177.8
102,2014,277,1400,13.35,1974.9,0,208
102,2014,277,1500,13.34,2274.9,.3,345.2
102,2014,277,1600,13.34,275.45,.117,11.72
102,2014,277,1700,12.16,870.25,0,-13.24
102,2014,277,1800,12.15,596.97,.017,70.6
102,2014,277,1900,13.35,34.063,.067,-74.4
102,2014,277,2000,13.36,0,0,-255.2
102,2014,277,2100,13.36,0,0,-46.03
102,2014,277,2200,13.36,0,0,40.65
102,2014,277,2300,13.36,.34511,0,-16.26
101,2014,277,2400,12.15,17354,.5
102,2014,277,2400,13.36,.00734,0,66.11
102,2014,278,100,13.37,0,0,23.67
102,2014,278,200,13.37,0,0,-2.416
102,2014,278,300,13.37,0,0,-20.47
102,2014,278,400,13.37,0,0,35.57
102,2014,278,500,13.38,0,0,7.89
102,2014,278,600,13.37,0,0,-245.7
102,2014,278,700,13.38,5.7142,0,-48.61
102,2014,278,800,12.91,164.68,0,126.5
102,2014,278,900,12.57,613.39,0,54.84
102,2014,278,1000,13.38,1542.2,0,61.37
102,2014,278,1100,13.38,1827.3,0,25.32
102,2014,278,1200,13.38,2822.4,0,29.35
102,2014,278,1300,13.36,2762.2,0,46.82
102,2014,278,1400,13.36,3344.1,0,66.81
102,2014,278,1500,13.36,2470.4,0,88.7
102,2014,278,1600,13.36,2642.9,0,108.2
102,2014,278,1700,13.35,1010.7,.167,74.4
102,2014,278,1800,13.35,52.759,0,-115
102,2014,278,1900,12.16,6.4984,0,-46.83
102,2014,278,2000,12.15,0,0,78.3
102,2014,278,2100,13.37,0,0,302.6
102,2014,278,2200,13.37,.24235,0,186.2
102,2014,278,2300,13.36,.02203,0,5.978
101,2014,278,2400,12.15,19265,.167
102,2014,278,2400,13.37,0,0,22.03
102,2014,279,100,13.37,0,0,31.78
102,2014,279,200,13.37,0,0,18.26
102,2014,279,300,13.37,0,0,-9.47
102,2014,279,400,13.38,0,0,-48.67
102,2014,279,500,13.38,0,0,-6.77
102,2014,279,600,13.38,0,0,-105.4
102,2014,279,700,13.38,1.3882,0,-56.25
102,2014,279,800,13.38,165.05,0,131.5
102,2014,279,900,13.38,486.93,0,41.11
102,2014,279,1000,12.5,1405.5,0,-7.02
102,2014,279,1100,12.15,2900.6,0,8.77
102,2014,279,1200,12.15,3450.5,0,11.49
102,2014,279,1300,12.15,3733.8,0,32.67
102,2014,279,1400,12.15,2349.1,0,53.53
102,2014,279,1500,12.15,3311.1,0,72.4
102,2014,279,1600,12.15,2155.5,0,103.4
102,2014,279,1700,12.15,932.43,.167,136.8
102,2014,279,1800,12.15,54.13,.167,-56.49
102,2014,279,1900,12.15,14.584,0,-127.8
102,2014,279,2000,12.15,0,0,-103
102,2014,279,2100,12.15,0,0,39.85
102,2014,279,2200,13.37,0,0,176.1
102,2014,279,2300,13.37,0,0,190
101,2014,279,2400,12.15,20961,.333
102,2014,279,2400,13.37,0,0,191.9
102,2014,280,100,13.37,0,0,207.4
102,2014,280,200,13.37,0,0,76.8
102,2014,280,300,13.38,0,0,7.65
102,2014,280,400,13.38,0,0,-6.682
102,2014,280,500,13.38,0,0,-12.45
102,2014,280,600,13.38,0,0,.716
102,2014,280,700,13.38,1.8803,0,-21.26
102,2014,280,800,13.38,215.66,0,90.8
102,2014,280,900,13.38,311.8,0,27.06
102,2014,280,1000,13.38,1397.4,0,40.65
102,2014,280,1100,13.38,2884,0,50.04
102,2014,280,1200,13.38,2873.1,0,49.27
102,2014,280,1300,13.37,2638.6,0,62.5
102,2014,280,1400,13.36,1672.2,.05,114.5
102,2014,280,1500,13.36,3221.7,0,87.7
102,2014,280,1600,13.35,2076.4,0,92.3
102,2014,280,1700,13.36,523.37,0,97.6
102,2014,280,1800,13.35,177.2,0,89.8
102,2014,280,1900,13.35,132.17,0,88.8
102,2014,280,2000,13.35,.11748,0,87.1
102,2014,280,2100,13.36,0,0,80
102,2014,280,2200,13.36,0,0,50.48
102,2014,280,2300,12.2,0,0,-161.7
101,2014,280,2400,12.2,18126,.05
102,2014,280,2400,13.37,0,0,-1.013
102,2014,281,100,13.36,0,0,136
102,2014,281,200,13.36,0,0,175.7
102,2014,281,300,13.36,0,0,50.88
102,2014,281,400,13.36,0,0,64.15
102,2014,281,500,13.36,0,0,43.92
102,2014,281,600,13.37,0,0,-6.511
102,2014,281,700,13.37,1.2411,0,-21.75
102,2014,281,800,13.37,156.45,0,31.87
102,2014,281,900,13.38,465.62,0,42.94
102,2014,281,1000,12.46,1427.5,0,42.27
102,2014,281,1100,13.37,2816.6,0,44.67
102,2014,281,1200,13.37,2621.7,0,61.38
102,2014,281,1300,13.36,3597.6,0,89.7
102,2014,281,1400,13.36,2084.4,.05,102.9
102,2014,281,1500,13.36,1712.8,.15,-31.27
102,2014,281,1600,13.35,2468,0,68.86
102,2014,281,1700,13.35,898.01,0,86.7
102,2014,281,1800,13.35,118.46,0,94.5
102,2014,281,1900,13.35,104.4,0,93.4
102,2014,281,2000,13.35,.11749,0,90.3
102,2014,281,2100,13.35,0,0,84.7
102,2014,281,2200,13.35,0,0,89.3
102,2014,281,2300,13.35,0,0,83
101,2014,281,2400,12.46,18473,.2
102,2014,281,2400,13.36,0,0,76.9
102,2014,282,100,13.36,0,0,53.43
102,2014,282,200,13.36,0,0,-37.82
102,2014,282,300,13.36,0,0,-41.15
102,2014,282,400,13.36,0,0,6.77
102,2014,282,500,13.36,0,0,7.76
102,2014,282,600,13.36,0,0,-159.3
102,2014,282,700,13.36,2.3867,0,-127.5
102,2014,282,800,13.37,214.01,0,-.941
102,2014,282,900,13.37,767.6,0,37.81
102,2014,282,1000,13.36,1684.9,0,60.96
102,2014,282,1100,13.36,2667.4,0,66.49
102,2014,282,1200,13.36,3454.4,0,89.6
102,2014,282,1300,13.36,2986.8,0,115.5
102,2014,282,1400,13.35,3242,0,149.2
102,2014,282,1500,13.35,2801.8,0,189.5
102,2014,282,1600,13.35,2270.5,0,241.6
102,2014,282,1700,13.34,1519.9,.183,248.5
102,2014,282,1800,12.28,132.29,.167,-6999
102,2014,282,1900,13.35,5.0226,0,-149.2
102,2014,282,2000,13.35,0,0,-48.4
102,2014,282,2100,13.35,0,0,-79.4
102,2014,282,2200,13.35,0,0,-143.3
102,2014,282,2300,13.35,0,0,-123
101,2014,282,2400,12.28,21749,.35
102,2014,282,2400,13.35,0,0,5.68
102,2014,283,100,13.35,0,0,63.36
102,2014,283,200,13.36,0,0,-49.87
102,2014,283,300,13.36,0,0,-248.8
102,2014,283,400,13.36,0,0,9.32
102,2014,283,500,13.36,0,0,153.2
102,2014,283,600,13.36,0,0,49.41
102,2014,283,700,13.37,3.1063,0,-124.4
102,2014,283,800,13.37,119.22,0,-128.6
102,2014,283,900,13.37,259.98,0,-19.96
102,2014,283,1000,13.37,1438.4,0,51.34
102,2014,283,1100,13.36,2763.3,0,49.18
102,2014,283,1200,13.36,3406.8,0,73.3
102,2014,283,1300,13.36,3600.4,0,107.6
102,2014,283,1400,13.36,3776,0,160.7
102,2014,283,1500,13.35,3521.6,.183,300
102,2014,283,1600,13.35,2934.4,.766,386.3
102,2014,283,1700,13.35,2121.9,.983,432
102,2014,283,1800,13.35,1180.5,1,440.2
102,2014,283,1900,13.34,286.95,.633,367.4
102,2014,283,2000,13.34,0,.05,266.6
102,2014,283,2100,13.34,0,0,184.8
102,2014,283,2200,13.35,0,0,169.8
102,2014,283,2300,13.34,0,0,134.2
101,2014,283,2400,13.34,25412,3.615
102,2014,283,2400,13.35,0,0,24.06
102,2014,284,100,13.35,0,0,114.7
102,2014,284,200,13.35,0,0,142.7
102,2014,284,300,13.34,0,0,67.2
102,2014,284,400,13.35,0,0,19.58
102,2014,284,500,13.35,0,0,5.196
102,2014,284,600,13.35,0,0,34.69
102,2014,284,700,13.36,2.2615,0,-138.2
102,2014,284,800,13.36,118.08,0,-79.3
102,2014,284,900,13.36,228.11,0,104.4
102,2014,284,1000,13.36,1503.1,0,145.6
102,2014,284,1100,13.35,2841.9,0,199.6
102,2014,284,1200,13.35,3354.6,.083,270.9
102,2014,284,1300,13.35,3697.5,.65,374.9
102,2014,284,1400,13.35,3720.6,.983,445.4
102,2014,284,1500,13.34,3378.8,1,470.3
102,2014,284,1600,13.34,2865.9,1,483.1
102,2014,284,1700,13.33,1984,.983,466.8
102,2014,284,1800,13.31,961.02,.5,306.9
102,2014,284,1900,13.31,106.04,.333,247.7
102,2014,284,2000,12.62,.69026,.017,-281
102,2014,284,2100,13.33,.30841,0,-257
102,2014,284,2200,13.33,0,0,-114.8
102,2014,284,2300,13.33,1.6742,0,73.2
101,2014,284,2400,12.62,24765,5.698
102,2014,284,2400,13.33,.08077,.15,110.7
102,2014,285,100,13.33,.64618,0,57.88
102,2014,285,200,13.33,0,0,64.03
102,2014,285,300,13.33,0,0,56.32
102,2014,285,400,13.33,0,0,98.6
102,2014,285,500,13.33,0,0,84.5
102,2014,285,600,13.33,0,0,75.4
102,2014,285,700,13.33,2.6214,0,-25.84
102,2014,285,800,13.34,223.15,0,48.22
102,2014,285,900,13.35,320.63,0,97
102,2014,285,1000,13.34,1640.4,0,101.9
102,2014,285,1100,13.28,2890.1,0,116.9