,13.19,0,0,3192.4,0,39.05
102,2013,23,1700,13.2,0,0,2628.7,0,81.4
102,2013,23,1800,13.2,0,0,1754.5,0,107
102,2013,23,1900,13.21,0,0,777.97,0,178.9
102,2013,23,2000,13.23,0,.05846,94.032,0,174.5
102,2013,23,2100,13.27,0,.22408,0,0,154.5
102,2013,23,2200,13.3,0,.341,0,0,134.7
102,2013,23,2300,13.32,0,.24358,0,0,99.7
101,2013,23,2400,13.19,0,6.2352,26270,0
102,2013,23,2400,13.35,0,.29231,0,0,71.4
102,2013,24,100,13.37,0,.12667,0,0,26.65
102,2013,24,200,13.39,0,.17538,0,0,27.36
102,2013,24,300,13.39,0,.1364,0,0,32.91
102,2013,24,400,13.41,0,.24357,0,0,51.74
102,2013,24,500,13.42,0,.26305,.01582,0,-4.043
102,2013,24,600,13.44,0,.29227,.12656,0,64.54
102,2013,24,700,13.45,0,.1169,0,0,42.55
102,2013,24,800,13.46,0,.08768,10.868,0,41.74
102,2013,24,900,13.44,0,.22406,343.14,0,123.3
102,2013,24,1000,13.41,0,.10717,958.29,0,89.5
102,2013,24,1100,13.34,0,.22408,1934.1,0,105.3
102,2013,24,1200,13.28,0,0,2298,0,160.3
102,2013,24,1300,13.25,0,0,2418.7,0,216
102,2013,24,1400,13.21,0,0,3560,0,148.5
102,2013,24,1500,13.17,0,0,3762.6,0,54.05
102,2013,24,1600,13.17,0,0,3298.6,0,228.1
102,2013,24,1700,13.18,0,0,2127.9,0,114
102,2013,24,1800,13.19,0,0,1735.4,0,-6.17
102,2013,24,1900,13.21,0,.06821,721.29,0,206.9
102,2013,24,2000,13.22,0,.19487,182.43,0,210.3
102,2013,24,2100,13.26,0,.30203,0,0,241.5
102,2013,24,2200,13.29,0,.39944,0,0,230.8
102,2013,24,2300,13.32,0,.45792,0,0,188.4
101,2013,24,2400,13.17,0,4.3258,23351,0
102,2013,24,2400,13.34,0,.90617,0,0,200.3
102,2013,25,100,13.35,0,.73078,0,0,180.4
102,2013,25,200,13.37,0,.44819,0,0,132.8
102,2013,25,300,13.4,0,.45793,0,0,138
102,2013,25,400,13.42,0,.62353,0,0,140.7
102,2013,25,500,13.43,0,.66249,0,0,94.5
102,2013,25,600,13.44,0,.56504,0,0,61.98
102,2013,25,700,13.46,0,.52606,0,0,124.2
102,2013,25,800,13.47,0,.71114,12.75,0,3.1
102,2013,25,900,13.45,0,.88649,431.15,0,-82.4
102,2013,25,1000,12.78,0,.53582,1420.8,0,59.21
102,2013,25,1100,13.33,0,.49689,2084.8,0,121.8
102,2013,25,1200,13.28,0,.06819,2904.4,0,55.13
102,2013,25,1300,13.24,0,.00974,3425.7,0,66.85
102,2013,25,1400,13.21,0,0,3657.5,0,219.8
102,2013,25,1500,13.19,0,0,3665.9,0,261.5
102,2013,25,1600,13.19,0,0,2907.9,0,284.7
102,2013,25,1700,13.19,0,0,1541.5,0,245.6
102,2013,25,1800,13.2,0,0,1666.4,0,332.5
102,2013,25,1900,13.22,0,0,595.88,0,324.5
102,2013,25,2000,13.24,0,.03897,97.028,0,259.8
102,2013,25,2100,13.27,0,.26305,0,0,177
102,2013,25,2200,13.3,0,.19485,0,0,128.6
102,2013,25,2300,13.32,0,.09743,0,0,56.21
101,2013,25,2400,12.78,0,7.6284,24412,0
102,2013,25,2400,13.35,0,.3118,0,0,109.6
102,2013,26,100,13.37,0,.52615,0,0,212.1
102,2013,26,200,13.39,0,.5846,0,0,242.8
102,2013,26,300,13.4,0,.40921,0,0,286
102,2013,26,400,13.42,0,.40919,0,0,177.6
102,2013,26,500,13.42,0,.43842,0,0,203.4
102,2013,26,600,13.44,0,.63326,0,0,284
102,2013,26,700,13.46,0,.57479,0,0,271.2
102,2013,26,800,13.45,0,.47735,10.623,0,294.9
102,2013,26,900,13.44,0,.65272,307.83,0,212.3
102,2013,26,1000,13.39,0,.95476,1095.4,0,237.9
102,2013,26,1100,13.33,0,.32152,2317.7,0,195.5
102,2013,26,1200,13.27,0,.31175,2773,0,162.7
102,2013,26,1300,13.23,0,.08768,2971.1,0,198.5
102,2013,26,1400,13.21,0,0,3668.5,0,233.6
102,2013,26,1500,13.2,0,0,2196.9,0,255
102,2013,26,1600,13.23,0,.10718,628.58,0,198.2
102,2013,26,1700,13.28,0,.05845,2137.4,0,82.5
102,2013,26,1800,13.26,23.422,0,2174.3,0,132.5
102,2013,26,1900,13.25,0,.08768,497.5,0,138.9
102,2013,26,2000,13.29,0,.13639,163.82,0,136.2
102,2013,26,2100,13.32,0,.33125,0,0,60.31
102,2013,26,2200,13.35,0,.4677,0,0,141.1
102,2013,26,2300,13.37,0,.45795,0,0,232.6
101,2013,26,2400,13.2,23.422,8.5444,20943,0
102,2013,26,2400,13.39,0,.51639,0,0,70.2
102,2013,27,100,13.4,0,.31177,0,0,-9.94
102,2013,27,200,13.42,0,.2046,0,0,41.42
102,2013,27,300,13.43,0,.3215,0,0,-12.5
102,2013,27,400,13.44,0,.31175,0,0,13.94
102,2013,27,500,13.45,0,.35072,.05537,0,4.126
102,2013,27,600,13.45,0,.27278,0,0,49.61
102,2013,27,700,13.46,0,.31174,0,0,54.51
102,2013,27,800,13.46,0,.47736,12.363,0,28.73
102,2013,27,900,13.45,0,.36045,253.32,0,-17.14
102,2013,27,1000,13.4,0,.96449,1177.7,0,-28.27
102,2013,27,1100,13.34,0,.31177,2208.2,0,-19.81
102,2013,27,1200,13.27,0,.03897,2928.1,0,134.3
102,2013,27,1300,13.24,0,.00974,3131,0,230.7
102,2013,27,1400,13.22,0,0,3144.8,0,38.13
102,2013,27,1500,13.21,0,0,2414.7,0,72
102,2013,27,1600,13.21,0,0,2305.6,0,100.2
102,2013,27,1700,13.19,0,.00974,1856.9,0,132.2
102,2013,27,1800,13.2,0,.31177,297.73,0,56.42
102,2013,27,1900,12.83,0,.34098,159.04,0,56.81
102,2013,27,2000,12.76,0,1.7927,0,0,67.63
102,2013,27,2100,12.75,0,1.3056,0,0,158
102,2013,27,2200,12.74,0,2.0947,0,0,226.1
102,2013,27,2300,12.73,0,1.1496,0,0,121
101,2013,27,2400,12.73,0,12.237,19890,0
102,2013,27,2400,12.73,0,.98399,0,0,127
102,2013,28,100,12.73,0,.86707,.0791,0,151.2
102,2013,28,200,12.72,0,.60402,.0791,0,154.2
102,2013,28,300,12.72,0,.3702,0,0,160.4
102,2013,28,400,12.71,0,.41891,0,0,171.6
102,2013,28,500,12.71,0,.16561,0,0,233.2
102,2013,28,600,12.71,0,.31174,0,0,216.1
102,2013,28,700,12.71,0,.31173,0,0,146.6
102,2013,28,800,12.71,0,.30199,12.189,0,182.1
102,2013,28,900,12.71,0,.87675,415.33,0,181.5
102,2013,28,1000,12.71,0,1.0229,1312.7,0,143.7
102,2013,28,1100,12.72,0,.0682,2079.4,0,63.63
102,2013,28,1200,12.73,0,.00974,2207.1,0,138.2
102,2013,28,1300,12.75,0,0,3078.7,0,155.5
102,2013,28,1400,12.77,0,0,2917.6,0,72.8
102,2013,28,1500,12.79,0,0,2778,0,19.07
102,2013,28,1600,12.79,0,0,2669.5,0,-25.69
102,2013,28,1700,12.79,0,0,1795.9,0,-1.307
102,2013,28,1800,12.79,0,0,2028.2,0,28.17
102,2013,28,1900,12.78,0,0,655.79,0,21.98
102,2013,28,2000,12.78,0,.04871,103.17,0,-50.84
102,2013,28,2100,13.27,0,.2046,0,0,-10.66
102,2013,28,2200,13.3,0,.48719,0,0,-42.86
102,2013,28,2300,13.32,0,.38974,0,0,-85
101,2013,28,2400,12.71,0,6.8099,22054,0
102,2013,28,2400,13.34,0,.35076,0,0,-2.774
102,2013,29,100,13.37,0,.29229,0,0,50.74
102,2013,29,200,13.39,0,.26305,0,0,39.53
102,2013,29,300,13.41,0,.33125,0,0,79.1
102,2013,29,400,13.42,0,.41893,0,0,91.7
102,2013,29,500,13.44,0,.36047,0,0,121.4
102,2013,29,600,13.44,0,.3702,.42715,0,122.3
102,2013,29,700,13.45,0,.32149,.11074,0,124.6
102,2013,29,800,13.45,0,.42865,11.177,0,93.3
102,2013,29,900,13.45,0,.47736,345.56,0,19.77
102,2013,29,1000,13.41,0,.37021,966.29,0,-29.57
102,2013,29,1100,13.35,0,.2046,1867.9,0,-64.19
102,2013,29,1200,13.28,0,.05846,2754.4,0,-95.6
102,2013,29,1300,13.21,0,0,3286.1,0,-118.9
102,2013,29,1400,12.84,0,0,3573.9,0,-146.4
102,2013,29,1500,12.86,0,0,3667.5,0,-132
102,2013,29,1600,12.85,0,0,1220,0,-225.6
102,2013,29,1700,12.84,0,0,2057.9,0,-242.8
102,2013,29,1800,13.2,0,.2533,804.46,0,-167.4
102,2013,29,1900,13.27,0,.77939,17.956,0,-81.3
102,2013,29,2000,13.34,0,.89639,0,0,-102.8
102,2013,29,2100,13.37,0,.52612,0,0,-123.1
102,2013,29,2200,13.39,0,.50662,0,0,-127.2
102,2013,29,2300,13.4,0,.47738,0,0,-165.8
101,2013,29,2400,12.84,0,7.9304,20574,0
102,2013,29,2400,13.41,0,.59428,0,0,-255.7
102,2013,30,100,13.44,0,.54556,0,0,-299.6
102,2013,30,200,13.44,0,.46762,0,0,-253
102,2013,30,300,13.44,0,.66245,0,0,-221.9
102,2013,30,400,13.45,0,.86702,0,0,-247.7
102,2013,30,500,13.47,0,.63322,0,0,-335
102,2013,30,600,13.47,0,.77938,0,0,-301.9
102,2013,30,700,13.47,0,.83786,0,0,-277.4
102,2013,30,800,13.47,0,1.0424,0,0,-253.9
102,2013,30,900,13.46,0,.84753,173.12,0,-254.2
102,2013,30,1000,13.44,0,.2338,525.52,0,-230.7
102,2013,30,1100,13.4,0,.28253,707.2,0,-240.7
102,2013,30,1200,13.37,0,.00974,1023.1,0,-230.4
102,2013,30,1300,13.34,0,0,1558.7,0,-290.4
102,2013,30,1400,13.32,0,0,1349.9,0,-293.6
102,2013,30,1500,13.3,0,0,1829.8,0,-259.6
102,2013,30,1600,13.3,0,0,2630.2,0,-229.7
102,2013,30,1700,13.3,0,0,1238.9,0,-203.4
102,2013,30,1800,13.33,0,.10718,694.23,0,-197.4
102,2013,30,1900,13.35,0,.23385,331.97,0,-204.6
102,2013,30,2000,13.36,0,.2241,57.689,0,-217.2
102,2013,30,2100,13.38,0,.35075,.60125,0,-263.7
102,2013,30,2200,13.41,0,.19485,0,0,-177.4
102,2013,30,2300,13.43,0,.24355,0,0,-181.1
101,2013,30,2400,13.3,0,8.8264,12121,0
102,2013,30,2400,13.44,0,.26303,.30058,0,-167.5
102,2013,31,100,13.45,0,.37994,.03164,0,-29.09
102,2013,31,200,13.45,0,.39942,.06328,0,-62.82
102,2013,31,300,13.46,0,.37993,.73562,0,-184
102,2013,31,400,13.46,0,.26303,.99664,0,-127
102,2013,31,500,13.46,0,.25329,.90171,0,-179.2
102,2013,31,600,13.47,0,.3507,.22147,0,-211.1
102,2013,31,700,13.47,0,.27277,0,0,-148
102,2013,31,800,13.47,0,.34096,3.0294,0,-155.3
102,2013,31,900,13.46,0,.27277,151.13,0,-192.6
102,2013,31,1000,13.43,0,.26303,711.91,0,-162.1
102,2013,31,1100,13.37,0,.37996,2021.4,0,-76.2
102,2013,31,1200,13.34,0,.25333,2403.2,0,-165.5
102,2013,31,1300,13.29,0,.01948,2971,0,-123.2
102,2013,31,1400,13.27,0,0,3910.3,0,-34.05
102,2013,31,1500,13.24,0,0,3759.1,0,-101.5
102,2013,31,1600,13.25,0,.0682,2325.6,0,-90
102,2013,31,1700,13.29,0,.05845,756.22,0,-68.04
102,2013,31,1800,13.3,0,.00974,1123.1,0,-114.5
102,2013,31,1900,13.32,0,.00974,362.03,0,-177.9
102,2013,31,2000,13.34,0,.01949,78.727,0,-152.9
102,2013,31,2100,12.82,0,.03897,0,0,-197.3
102,2013,31,2200,13.37,0,.24358,0,0,-190.5
102,2013,31,2300,13.39,0,.09743,0,0,-207.2
101,2013,31,2400,12.82,0,4.5009,20580,0
102,2013,31,2400,13.4,0,.12666,0,0,-128.9
102,2013,32,100,13.41,0,.32151,0,0,-112.5
102,2013,32,200,13.42,0,.25331,0,0,-159.8
102,2013,32,300,13.42,0,.27279,0,0,-123.8
102,2013,32,400,13.42,0,.3215,0,0,-122.9
102,2013,32,500,13.43,0,.39944,0,0,-52.77
102,2013,32,600,13.44,0,.37021,.3876,0,-88
102,2013,32,700,13.44,0,.35072,1.3131,0,-186.5
102,2013,32,800,13.45,0,.25329,1.4871,0,-216.5
102,2013,32,900,13.45,0,.35071,66.144,0,-187.1
102,2013,32,1000,12.78,0,.36046,317.98,0,-175.2
102,2013,32,1100,12.76,0,.27278,572.21,0,-209.4
102,2013,32,1200,13.4,0,.27279,850.24,0,-225.7
102,2013,32,1300,13.36,0,.22409,1426.6,0,-83.7
102,2013,32,1400,13.34,0,.22409,1367.5,0,-22.34
102,2013,32,1500,13.33,0,.10716,1459.9,0,-60.26
102,2013,32,1600,13.32,0,0,1751.3,0,-48.86
102,2013,32,1700,13.33,0,.01948,1072.7,0,-38.68
102,2013,32,1800,13.34,0,.02923,910.36,0,-73.8
102,2013,32,1900,13.34,0,.17538,446.07,0,-60.1
102,2013,32,2000,13.35,0,.20462,107.69,0,-151.5
102,2013,32,2100,13.38,0,.35076,0,0,-140.7
102,2013,32,2200,13.4,0,.44818,0,0,-144.8
102,2013,32,2300,13.41,0,.47739,0,0,-32.62
101,2013,32,2400,12.76,0,6.4593,10352,0
102,2013,32,2400,13.43,0,.39944,0,0,-9.47
102,2013,33,100,13.44,0,.41892,0,0,-28.19
102,2013,33,200,13.45,0,.29226,0,0,30.59
102,2013,33,300,13.45,0,.36045,0,0,88.9
102,2013,33,400,13.46,0,.38968,0,0,79.1
102,2013,33,500,13.45,0,.26303,0,0,73.4
102,2013,33,600,13.45,0,.26303,0,0,82.7
102,2013,33,700,13.46,0,.34097,0,0,134.4
102,2013,33,800,13.46,0,.46761,6.3595,0,186.9
102,2013,33,900,13.45,0,.37993,175.11,0,177.2
102,2013,33,1000,13.42,0,.29226,869.46,0,207.2
102,2013,33,1100,13.39,0,.16563,1596.1,0,159.9
102,2013,33,1200,13.34,0,.15589,2825.6,0,84.8
102,2013,33,1300,13.29,0,0,3306.7,0,129.7
102,2013,33,1400,13.27,0,0,2725.9,0,275
102,2013,33,1500,13.23,0,0,3405.3,0,337.8
102,2013,33,1600,13.24,0,0,1702.9,0,343.2
102,2013,33,1700,13.25,0,0,1796.1,0,374.2
102,2013,33,1800,13.26,0,.00974,1310.3,0,293.7
102,2013,33,1900,13.27,0,0,374.59,0,274.6
102,2013,33,2000,13.29,0,.01948,105.93,0,242.9
102,2013,33,2100,13.3,0,.07793,0,0,183.4
102,2013,33,2200,13.33,0,.14614,0,0,237.4
102,2013,33,2300,13.36,0,.14616,0,0,308.1
101,2013,33,2400,13.23,0,4.3255,20200,0
102,2013,33,2400,13.38,0,.13641,0,0,218.5
102,2013,34,100,13.39,0,.19486,0,0,165.6
102,2013,34,200,13.4,0,.17537,.04746,0,108.2
102,2013,34,300,13.42,0,.35074,0,0,67.82
102,2013,34,400,13.43,0,.46764,0,0,167.6
102,2013,34,500,13.44,0,.26304,.00791,0,164.8
102,2013,34,600,13.46,0,.33123,0,0,152.3
102,2013,34,700,13.46,0,.44813,0,0,182
102,2013,34,800,13.47,0,.39941,6.5333,0,40.45
102,2013,34,900,13.47,0,.43837,275.11,0,117.7
102,2013,34,1000,13.42,0,.68194,1175.8,0,228
102,2013,34,1100,13.37,0,.31177,1874,0,136.8
102,2013,34,1200,13.31,0,.01949,2889.1,0,107.2
102,2013,34,1300,13.28,0,0,3245.7,0,209.4
102,2013,34,1400,13.26,0,0,3192,0,278.2
102,2013,34,1500,13.26,0,0,2615.3,0,278.6
102,2013,34,1600,13.26,0,0,2081.3,0,272.4
102,2013,34,1700,13.25,0,0,1715.6,0,260.3
102,2013,34,1800,13.25,0,0,1697.5,0,258.2
102,2013,34,1900,12.82,0,0,574.3,0,191.2
102,2013,34,2000,13.27,0,.06819,231.94,0,93.6
102,2013,34,2100,13.31,0,.23382,0,0,-9.43
102,2013,34,2200,13.34,0,.32154,0,0,49.47
102,2013,34,2300,13.37,0,.56513,0,0,129.5
101,2013,34,2400,12.82,0,5.6214,21574,0
102,2013,34,2400,13.39,0,.35076,0,0,74
102,2013,35,100,13.42,0,.341,0,0,104.4
102,2013,35,200,13.42,0,.48713,.01582,0,40.86
102,2013,35,300,13.44,0,.5066,.03955,0,-5.709
102,2013,35,400,13.46,0,.41891,.01582,0,-26.78
102,2013,35,500,13.46,0,.40916,0,0,9.44
102,2013,35,600,13.48,0,.50657,0,0,138
102,2013,35,700,13.49,0,.67223,0,0,110.4
102,2013,35,800,13.51,0,.4774,16.225,0,110.7
102,2013,35,900,13.49,0,.62354,364.26,0,134.4
102,2013,35,1000,13.43,0,1.0424,1308.4,0,71.5
102,2013,35,1100,13.35,0,.3215,2316.9,0,1.381
102,2013,35,1200,13.3,0,0,3122.9,0,39.21
102,2013,35,1300,13.27,0,0,3701,0,4.96
102,2013,35,1400,13.25,0,0,3946.5,0,62.35
102,2013,35,1500,13.22,0,0,3708.9,0,116.9
102,2013,35,1600,13.22,0,0,2753.3,0,86.2
102,2013,35,1700,13.23,0,0,2272,0,103
102,2013,35,1800,13.24,0,0,2054.3,0,4.819
102,2013,35,1900,13.25,0,0,1145,0,62.89
102,2013,35,2000,13.26,0,.03897,152.82,0,63.38
102,2013,35,2100,13.31,0,.13639,0,0,34.3
102,2013,35,2200,13.34,0,.20461,0,0,-80.1
102,2013,35,2300,13.36,0,.21436,0,0,-106.2
101,2013,35,2400,13.22,0,6.4397,26862,0
102,2013,35,2400,13.4,0,.03897,0,0,-72
102,2013,36,100,13.41,0,.16563,0,0,-26.36
102,2013,36,200,13.44,0,.3215,.00791,0,-12.36
102,2013,36,300,13.46,0,.52607,.05537,0,-14.67
102,2013,36,400,13.47,0,.45786,0,0,-145.3
102,2013,36,500,13.49,0,.28253,0,0,-225.3
102,2013,36,600,13.5,0,.48714,0,0,-189.8
102,2013,36,700,13.51,0,.47739,.06328,0,-153.4
102,2013,36,800,13.51,0,.3897,14.342,0,-182.5
102,2013,36,900,13.49,0,1.4224,652.36,0,-205
102,2013,36,1000,13.43,0,1.3347,1540.4,0,-139.6
102,2013,36,1100,13.35,0,.31176,2376.2,0,-141.1
102,2013,36,1200,13.29,0,0,3196.1,0,-24.22
102,2013,36,1300,13.24,0,0,3731.8,0,14.3
102,2013,36,1400,13.21,0,0,3990.3,0,-47.38
102,2013,36,1500,13.18,0,0,3649.9,0,-55.9
102,2013,36,1600,13.19,0,0,2856.9,0,-42.42
102,2013,36,1700,13.19,0,0,2504.7,0,-70.4
102,2013,36,1800,13.21,0,0,1509,0,-95.7
102,2013,36,1900,13.22,0,0,898.09,0,-72.7
102,2013,36,2000,13.24,0,.03897,154.75,0,-30.03
102,2013,36,2100,13.28,0,.03897,0,0,-75
102,2013,36,2200,13.31,0,.12666,0,0,-137.3
102,2013,36,2300,13.35,0,.21436,0,0,-131.1
101,2013,36,2400,13.18,0,7.0146,27075,0
102,2013,36,2400,13.38,0,.41897,0,0,-157.2
102,2013,37,100,13.4,0,.38972,0,0,-90.9
102,2013,37,200,13.42,0,.39945,0,0,-124.2
102,2013,37,300,13.44,0,.52609,0,0,-109.1
102,2013,37,400,13.46,0,.64297,0,0,-25.1
102,2013,37,500,13.47,0,.50657,.33222,0,-18.63
102,2013,37,600,13.47,0,.45788,.04746,0,-31.14
102,2013,37,700,13.43,0,.56505,1.2973,0,-8.03
102,2013,37,800,13.46,0,.54556,6.9764,0,-24.82
102,2013,37,900,13.45,0,.48708,234.1,0,-90.5
102,2013,37,1000,13.39,0,.46761,1217.4,0,-55.95
102,2013,37,1100,13.33,0,.34099,2121.1,0,20.98
102,2013,37,1200,13.25,0,0,3373.3,0,75
102,2013,37,1300,13.21,0,0,3459.1,0,14.1
102,2013,37,1400,13.18,0,0,3949.8,0,73.4
102,2013,37,1500,13.16,0,0,3519,0,73.6
102,2013,37,1600,13.16,0,0,1590.1,0,63.51
102,2013,37,1700,13.19,0,0,1311.3,0,99.2
102,2013,37,1800,13.2,0,0,263.27,0,141.7
102,2013,37,1900,13.25,0,0,337.2,0,172.3
102,2013,37,2000,13.27,0,.01948,91.401,0,162.7
102,2013,37,2100,13.3,0,.03897,0,0,150.9
102,2013,37,2200,13.34,29.446,.08769,0,0,124.8
102,2013,37,2300,13.37,0,.18513,0,0,70.9
101,2013,37,2400,13.16,29.446,5.8064,21476,0
102,2013,37,2400,13.39,0,.14615,0,0,62.94
102,2013,38,100,13.4,0,.31177,0,0,42.02
102,2013,38,200,13.42,0,.28253,0,0,47.21
102,2013,38,300,13.43,0,.35072,0,0,162.3
102,2013,38,400,13.45,0,.4871,.00791,0,220.2
102,2013,38,500,13.45,0,.37019,0,0,227.7
102,2013,38,600,13.47,0,.64297,0,0,168.8
102,2013,38,700,13.48,0,.37997,.08702,0,72.5
102,2013,38,800,13.49,0,.38971,10.964,0,-109.3
102,2013,38,900,13.47,0,.49688,289.87,0,-52.08
102,2013,38,1000,13.44,0,.24355,629.52,0,-26.96
102,2013,38,1100,13.38,0,.22407,1554.2,0,79
102,2013,38,1200,13.3,0,.14614,2295.4,0,124.7
102,2013,38,1300,13.25,13.614,0,2923.3,0,87.9
102,2013,38,1400,13.22,0,0,3432.8,0,-5.255
102,2013,38,1500,13.2,0,0,3283.2,0,113.5
102,2013,38,1600,13.19,0,0,3688.5,0,8.72
102,2013,38,1700,13.19,0,0,2787.3,0,44.52
102,2013,38,1800,13.21,0,0,1493.3,0,-39.56
102,2013,38,1900,13.24,0,0,1289.2,0,-159
102,2013,38,2000,12.8,108.4,0,199.87,0,-107
102,2013,38,2100,12.78,1690.7,0,0,0,-64.13
102,2013,38,2200,12.77,735.8,0,0,0,-30.43
102,2013,38,2300,12.77,0,0,0,0,-22.37
101,2013,38,2400,12.75,2548.5,4.3256,23877,0
102,2013,38,2400,12.75,0,0,0,0,-5.763
102,2013,39,100,12.75,0,.16564,0,0,-117.5
102,2013,39,200,13.35,0,.41895,0,0,-158.9
102,2013,39,300,13.41,0,.29228,0,0,-241.8
102,2013,39,400,13.42,0,.23382,.00791,0,-190.5
102,2013,39,500,13.42,0,.19485,0,0,-120.6
102,2013,39,600,13.43,0,.21433,.08701,0,-174.9
102,2013,39,700,13.43,0,.33124,.11074,0,-243.2
102,2013,39,800,13.43,0,.13639,10.362,0,-308.1
102,2013,39,900,13.42,0,.3215,323.6,0,-357.3
102,2013,39,1000,13.37,0,.38971,1142.4,0,-278.8
102,2013,39,1100,13.32,0,.15589,1814.9,0,-218.3
102,2013,39,1200,13.27,99.23,.00974,2314.1,0,-230.7
102,2013,39,1300,13.24,3.2432,0,2501.5,0,-216.9
102,2013,39,1400,13.22,0,0,3593.8,0,-226.3
102,2013,39,1500,13.21,0,0,3235.4,0,-206.2
102,2013,39,1600,13.19,29.144,0,3027.3,0,-134.2
102,2013,39,1700,12.85,0,0,2663.4,0,-143.5
102,2013,39,1800,13.19,0,0,1948.4,0,-47.09
102,2013,39,1900,13.22,0,0,938.69,0,33.47
102,2013,39,2000,13.24,134.4,0,151.68,0,-131.1
102,2013,39,2100,12.8,6.4783,0,0,0,-150.4
102,2013,39,2200,12.77,2653.8,0,0,0,-167.5
102,2013,39,2300,12.77,263.22,.0682,0,0,-119.1
101,2013,39,2400,12.75,3189.5,2.991,23666,0
102,2013,39,2400,13.35,0,.05846,0,0,-95.5
102,2013,40,100,13.37,0,.10718,0,0,-136
102,2013,40,200,13.38,0,.12666,0,0,-149.3
102,2013,40,300,13.4,0,.18512,0,0,-5.494
102,2013,40,400,13.41,0,.14614,0,0,-121.6
102,2013,40,500,13.43,0,.26305,0,0,-140.5
102,2013,40,600,13.44,0,.24356,0,0,-145.5
102,2013,40,700,13.45,0,.29226,0,0,-124.8
102,2013,40,800,13.46,0,.34097,9.0964,0,-118.8
102,2013,40,900,13.45,0,.52606,390.91,0,-202.4
102,2013,40,1000,13.4,0,.79887,1293.8,0,-123.3
102,2013,40,1100,13.32,21.232,.39946,2317,0,-82.7
102,2013,40,1200,13.25,0,.00974,3034,0,-72.8
102,2013,40,1300,13.23,16.194,0,3062.5,0,-84.7
102,2013,40,1400,13.22,0,0,3474.7,0,-46.87
102,2013,40,1500,13.21,0,0,3143.2,0,41.16
102,2013,40,1600,13.2,0,0,3486.6,0,79.3
102,2013,40,1700,13.2,0,0,2889.4,0,61.36
102,2013,40,1800,13.21,23.955,0,1568.5,0,54.1
102,2013,40,1900,13.22,0,0,1253.6,0,51.01
102,2013,40,2000,13.23,0,.00974,206.27,0,68.04
102,2013,40,2100,13.26,0,.00974,0,0,72.7
102,2013,40,2200,13.3,0,.03897,0,0,70
102,2013,40,2300,13.32,0,.12665,0,0,76.1
101,2013,40,2400,13.2,197.11,3.7216,26130,0
102,2013,40,2400,13.34,135.73,.09744,0,0,53.66
102,2013,41,100,13.36,0,.17539,0,0,-12.93
102,2013,41,200,13.38,0,.21435,0,0,11.15
102,2013,41,300,13.39,235.7,.3605,0,0,-38.89
102,2013,41,400,13.41,86.44,.31177,0,0,-2.052
102,2013,41,500,13.42,0,.27279,0,0,-68.49
102,2013,41,600,13.44,0,.23382,0,0,-54.44
102,2013,41,700,13.44,0,.35072,0,0,-28.37
102,2013,41,800,13.46,0,.56504,19.585,0,-51.45
102,2013,41,900,13.44,0,1.0327,544.51,0,-91.7
102,2013,41,1000,13.38,0,.7794,1263.6,0,-173.6
102,2013,41,1100,13.32,0,.03897,2266.6,0,-154.6
102,2013,41,1200,13.25,0,0,3016,0,-59.24
102,2013,41,1300,13.21,0,0,3568.9,0,26.42
102,2013,41,1400,13.19,0,0,3551.8,0,50.17
102,2013,41,1500,13.17,0,0,3216.1,0,52.26
102,2013,41,1600,13.16,0,0,2768,0,-10.37
102,2013,41,1700,13.18,0,0,2283.5,0,-67.5
102,2013,41,1800,13.19,0,0,2147,0,29.1
102,2013,41,1900,13.2,0,0,904.4,0,-9.5
102,2013,41,2000,13.22,0,.01949,132.03,0,-28.09
102,2013,41,2100,13.26,0,.00974,0,0,-93
102,2013,41,2200,13.29,0,.06819,0,0,-66.94
102,2013,41,2300,13.31,0,.12665,0,0,-74.2
101,2013,41,2400,13.16,322.14,4.7056,25682,0
102,2013,41,2400,13.34,0,.14615,0,0,-20.72
102,2013,42,100,13.36,0,.30206,0,0,-19.92
102,2013,42,200,13.37,0,.1559,0,0,-34.17
102,2013,42,300,13.39,0,.30204,0,0,-28.73
102,2013,42,400,13.4,0,.37998,0,0,-66.53
102,2013,42,500,13.42,0,.31177,0,0,-100.2
102,2013,42,600,13.43,0,.34099,.00791,0,-72.5
102,2013,42,700,13.44,0,.44815,0,0,-69.71
102,2013,42,800,13.44,0,.21433,8.2266,0,-44.41
102,2013,42,900,13.42,0,.2533,272.69,0,-104.5
102,2013,42,1000,13.4,0,.16563,729.83,0,-167.7
102,2013,42,1100,13.35,0,.11692,1233.4,0,-139.4
102,2013,42,1200,13.33,0,.03897,1627.8,0,-157.4
102,2013,42,1300,13.33,0,.02923,433,0,-92.4
102,2013,42,1400,13.32,0,.07794,1469.4,0,-147.8
102,2013,42,1500,13.3,0,.00974,1258.5,0,-246.4
102,2013,42,1600,13.29,0,.00974,1017.2,0,-119.3
102,2013,42,1700,13.28,0,.00974,1329.2,0,-148.4
102,2013,42,1800,13.27,0,.01948,1071.7,0,-192.1
102,2013,42,1900,13.27,0,0,466.21,0,-151.3
102,2013,42,2000,13.29,0,.03897,89.503,0,-217.7
102,2013,42,2100,13.32,0,.03897,0,0,-180.8
102,2013,42,2200,13.35,0,.20462,0,0,-215.9
102,2013,42,2300,13.37,0,.14615,0,0,-104.9
101,2013,42,2400,13.27,0,3.829,11007,0
102,2013,42,2400,13.39,0,.21435,0,0,67.8
102,2013,43,100,13.4,0,.24358,0,0,-34.01
102,2013,43,200,13.4,0,.341,0,0,-40.92
102,2013,43,300,13.42,0,.43842,0,0,-114
102,2013,43,400,13.44,0,.34099,0,0,-39.85
102,2013,43,500,13.45,0,.41892,0,0,-75.6
102,2013,43,600,13.46,0,.35071,.1582,0,-197.7
102,2013,43,700,13.46,0,.31174,.12656,0,-222.7
102,2013,43,800,13.46,0,.32149,4.6036,0,-267.8
102,2013,43,900,13.46,0,.37019,226.82,0,-282.3
102,2013,43,1000,13.42,0,.20459,604.74,0,-159.3
102,2013,43,1100,13.36,0,.05846,1527.2,0,-225.1
102,2013,43,1200,13.32,0,0,1593.4,0,-257.1
102,2013,43,1300,13.29,0,0,1721.6,0,-231.2
102,2013,43,1400,13.25,0,0,2914,0,-297.6
102,2013,43,1500,13.21,0,0,3721.1,0,-296.8
102,2013,43,1600,13.2,0,0,2511.2,0,-225.4
102,2013,43,1700,13.23,0,0,1119.6,0,-169.3
102,2013,43,1800,13.25,0,0,783.43,0,-170.6
102,2013,43,1900,13.27,0,0,1087.2,0,-71.3
102,2013,43,2000,13.27,0,0,181.13,0,-7.41
102,2013,43,2100,13.29,0,.00974,0,0,32.24
102,2013,43,2200,13.34,0,.11691,0,0,-27.27
102,2013,43,2300,13.37,0,.23384,0,0,56.89
101,2013,43,2400,13.2,0,4.0724,17996,0
102,2013,43,2400,13.4,0,.31177,0,0,-17.03
102,2013,44,100,13.42,0,.36048,.10283,0,-49.04
102,2013,44,200,13.43,0,.3897,0,0,-131.3
102,2013,44,300,13.45,0,.46763,0,0,-107.3
102,2013,44,400,13.46,0,.49684,0,0,-205.2
102,2013,44,500,13.47,0,.37019,.26893,0,-215.4
102,2013,44,600,13.47,0,.35071,.27684,0,-118.2
102,2013,44,700,13.48,0,.40915,0,0,-232.9
102,2013,44,800,13.49,0,.38969,5.1021,0,-353.9
102,2013,44,900,13.48,0,.42864,169.72,0,-382.2
102,2013,44,1000,13.45,0,.1169,520.51,0,-187.9
102,2013,44,1100,13.4,0,.37995,1136.5,0,-274.7
102,2013,44,1200,13.34,0,.13641,1663.1,0,-344.4
102,2013,44,1300,13.27,0,.03897,2719.4,0,-345.6
102,2013,44,1400,13.26,0,0,2020.6,0,-237.3
102,2013,44,1500,13.24,0,0,2058.8,0,-187.2
102,2013,44,1600,13.23,0,0,2275.3,0,-207.4
102,2013,44,1700,13.23,0,0,2310.8,0,-215.9
102,2013,44,1800,13.24,0,0,1680.3,0,-142
102,2013,44,1900,13.24,0,.03897,561.58,0,-87.9
102,2013,44,2000,13.27,0,.34098,14.452,0,-32.86
102,2013,44,2100,13.37,0,.81844,0,0,-10.16
102,2013,44,2200,13.42,0,.54558,0,0,29.62
102,2013,44,2300,13.44,0,.36046,0,0,32.94
101,2013,44,2400,13.23,0,6.8489,17137,0
102,2013,44,2400,13.46,0,.40916,0,0,22.84
102,2013,45,100,13.48,0,.41891,0,0,2.725
102,2013,45,200,13.49,0,.36049,0,0,-4.099
102,2013,45,300,13.49,0,.52612,0,0,35.13
102,2013,45,400,13.49,0,.42869,0,0,44.05
102,2013,45,500,13.49,0,.42869,0,0,-.265
102,2013,45,600,13.44,0,.43843,0,0,-15.19
102,2013,45,700,13.44,0,.33126,0,0,11.99
102,2013,45,800,13.47,0,.18512,.04746,0,9.36
102,2013,45,900,13.46,0,1.0522,57.882,0,96.9
102,2013,45,1000,13.43,0,1.9289,514.1,0,149.4
102,2013,45,1100,12.87,0,.24355,916.88,0,114.3
102,2013,45,1200,12.73,0,.03897,631.02,0,76
102,2013,45,1300,12.72,0,0,937.94,0,29.98
102,2013,45,1400,12.72,0,0,3242,0,-161.8
102,2013,45,1500,12.73,0,0,3434.1,0,-159
102,2013,45,1600,12.75,0,0,3150.8,0,-91.2
102,2013,45,1700,13.22,0,0,2003.2,0,-41.34
102,2013,45,1800,13.27,0,0,1430.6,0,-24.12
102,2013,45,1900,13.27,0,0,572.9,0,-56.31
102,2013,45,2000,13.28,0,.01948,130.55,0,-35.68
102,2013,45,2100,13.3,0,.01949,.18195,0,-88.3
102,2013,45,2200,13.33,0,.05846,0,0,-173.2
102,2013,45,2300,13.37,0,.0682,0,0,-127.9
101,2013,45,2400,12.72,0,6.6055,17022,0
102,2013,45,2400,13.38,0,.05845,0,0,-103.3
102,2013,46,100,13.41,0,.08768,0,0,-106.5
102,2013,46,200,13.42,0,.31174,0,0,-82.4
102,2013,46,300,13.43,0,.52607,0,0,-102.5
102,2013,46,400,13.44,0,.7307,0,0,-151.6
102,2013,46,500,13.45,0,.89635,0,0,-135.7
102,2013,46,600,13.45,0,.82814,.80689,0,-69.13
102,2013,46,700,13.45,0,.83789,.24523,0,-3.569
102,2013,46,800,13.45,0,.93531,7.1749,0,37.15
102,2013,46,900,13.43,0,.91582,449.35,0,17.11
102,2013,46,1000,13.39,0,.83783,1391.9,0,42.53
102,2013,46,1100,13.31,0,.09742,2275,0,47.44
102,2013,46,1200,13.24,0,0,2779.1,0,39.39
102,2013,46,1300,13.2,0,0,3229.1,0,-22.36
102,2013,46,1400,13.19,0,0,4078.8,0,54.76
102,2013,46,1500,13.17,0,0,4142.8,0,9.24
102,2013,46,1600,13.17,0,0,3305.9,0,95
102,2013,46,1700,13.17,0,0,1752.2,0,102
102,2013,46,1800,13.19,0,0,1293.9,0,30.06
102,2013,46,1900,13.22,0,0,467.11,0,-35.77
102,2013,46,2000,13.26,0,0,114.95,0,36.86
102,2013,46,2100,13.3,0,.04872,0,0,70.8
102,2013,46,2200,13.33,0,.10718,0,0,20.9
102,2013,46,2300,13.35,0,.21435,0,0,22.15
101,2013,46,2400,13.17,0,7.4239,25289,0
102,2013,46,2400,13.37,0,.04871,.42717,0,-4.026
102,2013,47,100,13.39,0,.02923,0,0,-10.06
102,2013,47,200,13.41,0,.10717,0,0,15.6
102,2013,47,300,13.42,0,.04871,0,0,8.9
102,2013,47,400,13.44,0,.09742,0,0,-8.54
102,2013,47,500,13.45,0,.0682,.00791,0,-11.74
102,2013,47,600,13.46,0,.2046,0,0,-29.92
102,2013,47,700,13.47,0,.26306,0,0,-34.51
102,2013,47,800,13.47,0,.23383,7.9581,0,-125.7
102,2013,47,900,13.47,0,.32152,344.27,0,-214
102,2013,47,1000,13.42,0,.38969,1176.8,0,-55.73
102,2013,47,1100,13.35,0,.27279,1978.7,0,-119.1
102,2013,47,1200,13.27,0,0,2921.3,0,-131.6
102,2013,47,1300,13.23,0,0,3367.4,0,-148.3
102,2013,47,1400,13.21,0,0,3321.4,0,-160.5
102,2013,47,1500,13.19,0,0,3656.5,0,-208.7
102,2013,47,1600,13.19,0,0,2896.5,0,-191.3
102,2013,47,1700,13.2,0,0,2742.7,0,-165.9
102,2013,47,1800,13.21,0,0,1688,0,-125.6
102,2013,47,1900,13.22,0,0,657.48,0,-156.5
102,2013,47,2000,13.24,0,0,155.23,0,-165.4
102,2013,47,2100,13.27,0,.12665,0,0,-209.4
102,2013,47,2200,13.31,0,.15589,0,0,-236.4
102,2013,47,2300,13.33,0,.13642,0,0,-234.8
101,2013,47,2400,13.19,0,2.6598,24914,0
102,2013,47,2400,13.35,0,.20462,.02373,0,-231.6
102,2013,48,100,13.37,0,.19487,0,0,-222.2
102,2013,48,200,13.39,0,.23383,0,0,-42.75
102,2013,48,300,13.4,0,.44817,0,0,.232
102,2013,48,400,13.41,0,.31176,0,0,.469
102,2013,48,500,13.42,0,.11691,0,0,-74.2
102,2013,48,600,13.44,0,.36046,.17402,0,-180.4
102,2013,48,700,13.44,0,.24355,0,0,-81.2
102,2013,48,800,13.45,0,.46761,6.9923,0,-75.7
102,2013,48,900,13.45,0,.32148,265.32,0,-142.9
102,2013,48,1000,13.42,0,.08768,629.4,0,-99.1
102,2013,48,1100,13.37,0,.11691,1376.8,0,19.04
102,2013,48,1200,13.27,0,0,3127.9,0,23.37
102,2013,48,1300,13.22,0,0,3668.9,0,-91.5
102,2013,48,1400,13.2,0,0,3639.6,0,-117.4
102,2013,48,1500,13.19,0,0,3459.4,0,-119.2
102,2013,48,1600,13.18,0,0,2909.3,0,-58.8
102,2013,48,1700,13.19,0,0,1600.6,0,160
102,2013,48,1800,13.2,0,0,674.11,0,191.5
102,2013,48,1900,13.23,0,0,1008,0,215.4
102,2013,48,2000,13.23,0,.46766,391.78,0,136.8
102,2013,48,2100,13.29,0,.56506,15.069,0,103.4
102,2013,48,2200,13.33,0,.4677,2.9193,0,134.2
102,2013,48,2300,13.35,0,.20462,.45886,0,152.6
101,2013,48,2400,13.18,0,4.8616,22777,0
102,2013,48,2400,13.37,0,.25333,.03164,0,141.8
102,2013,49,100,13.39,0,.26306,0,0,177.1
102,2013,49,200,13.4,0,.28254,0,0,154.3
102,2013,49,300,13.4,0,.45791,0,0,138.2
102,2013,49,400,13.42,0,.46764,.87014,0,143
102,2013,49,500,13.43,0,.39944,.14238,0,128.1
102,2013,49,600,13.44,0,.28252,0,0,162.5
102,2013,49,700,13.45,0,.52607,0,0,141.1
102,2013,49,800,13.45,0,.22406,27.186,0,139.4
102,2013,49,900,13.44,0,.32148,555.07,0,132.5
102,2013,49,1000,13.38,0,.5261,1456.4,0,55.44
102,2013,49,1100,13.32,0,.03897,2290.3,0,163.9
102,2013,49,1200,13.25,0,0,3219.8,0,92.4
102,2013,49,1300,13.22,0,0,3798.9,0,110.5
102,2013,49,1400,13.19,0,0,3971,0,59.58
102,2013,49,1500,13.19,0,0,3517.6,0,46.56
102,2013,49,1600,13.19,0,0,2435,0,-16.45
102,2013,49,1700,12.83,7.9422,0,2955.6,0,-53.48
102,2013,49,1800,12.8,0,0,1578.6,0,-24.48
102,2013,49,1900,12.79,0,0,1042.2,0,-15.72
102,2013,49,2000,12.78,0,0,138.44,0,28.18
102,2013,49,2100,12.78,0,0,0,0,31.41
102,2013,49,2200,12.76,0,0,0,0,33.18
102,2013,49,2300,12.75,0,.01949,0,0,23.71
101,2013,49,2400,12.75,7.9422,3.858,26987,0
102,2013,49,2400,12.75,0,.04872,0,0,24.82
102,2013,50,100,12.74,0,.03898,0,0,9.16
102,2013,50,200,12.73,0,.07795,0,0,45.38
102,2013,50,300,12.73,0,.02923,0,0,45.2
102,2013,50,400,12.73,0,.05846,0,0,64.3
102,2013,50,500,12.72,0,.20459,0,0,53.91
102,2013,50,600,12.71,0,.15588,.01582,0,36.25
102,2013,50,700,12.71,0,0,0,0,78.3
102,2013,50,800,12.71,0,.00974,4.4851,0,-23.66
102,2013,50,900,12.71,0,.23382,67.648,0,-104.1
102,2013,50,1000,12.71,0,.89629,759.45,0,-21.14
102,2013,50,1100,12.71,0,.75021,2158.2,0,-57.29
102,2013,50,1200,12.73,0,.00974,2673.2,0,-147.4
102,2013,50,1300,12.74,0,0,2621.3,0,-134.9
102,2013,50,1400,12.76,0,0,2307.1,0,-160.7
102,2013,50,1500,12.77,79.035,0,1563.6,0,-151.1
102,2013,50,1600,12.76,136.9,.03897,908.69,0,-62.73
102,2013,50,1700,12.76,0,.09742,468.86,0,-122.3
102,2013,50,1800,13,0,.02923,1061.7,0,-57.13
102,2013,50,1900,13.29,0,.32153,78.138,0,13.57
102,2013,50,2000,13.33,0,.28256,74.112,0,-113.9
102,2013,50,2100,13.35,0,.31177,3.8446,0,-51.61
102,2013,50,2200,13.36,0,.2046,.88599,0,-43.85
102,2013,50,2300,13.38,0,.30202,0,0,-68.21
101,2013,50,2400,12.71,215.94,4.3258,14751,0
102,2013,50,2400,13.4,0,.27279,0,0,14.56
102,2013,51,100,13.42,0,.29227,0,0,-45.65
102,2013,51,200,13.44,0,.30201,0,0,44.36
102,2013,51,300,13.44,0,.35071,0,0,-.695
102,2013,51,400,13.45,0,.28252,0,0,-76.3
102,2013,51,500,13.45,0,.302,0,0,-66.74
102,2013,51,600,13.46,0,.33122,0,0,-63.07
102,2013,51,700,13.47,0,.36044,0,0,-70.7
102,2013,51,800,13.47,0,.13639,3.4332,0,-129.2
102,2013,51,900,13.47,0,.22407,114.59,0,-25.89
102,2013,51,1000,13.45,0,.25329,426.27,0,3.002
102,2013,51,1100,13.4,0,.1851,1261.1,0,-25.16
102,2013,51,1200,13.33,0,.01949,2449.1,0,30.12
102,2013,51,1300,13.27,0,0,3179.1,0,-26.96
102,2013,51,1400,13.25,0,0,3342.9,0,-28.58
102,2013,51,1500,13.23,0,0,3071.3,0,33.76
102,2013,51,1600,13.22,0,0,2628.7,0,32.83
102,2013,51,1700,13.22,0,0,1776,0,-4.141
102,2013,51,1800,13.23,0,0,1264.7,0,5.613
102,2013,51,1900,12.99,0,0,1034.2,0,31.47
102,2013,51,2000,13.25,0,.01948,208.92,0,73
102,2013,51,2100,13.29,0,.06819,0,0,65.25
102,2013,51,2200,13.32,0,.30203,3.868,0,105
102,2013,51,2300,13.4,0,.32152,0,0,106.7
101,2013,51,2400,12.99,0,3.9845,20764,0
102,2013,51,2400,13.42,0,.23382,0,0,85
102,2013,52,100,13.45,0,.20458,0,0,78.4
102,2013,52,200,13.47,0,.31176,0,0,42.78
102,2013,52,300,13.49,0,.44818,0,0,29.69
102,2013,52,400,13.49,0,.39946,0,0,-5.467
102,2013,52,500,13.5,0,.32151,0,0,24.75
102,2013,52,600,13.51,0,.31176,0,0,49.54
102,2013,52,700,13.51,0,.14614,0,0,13.62
102,2013,52,800,13.52,0,.28253,.18194,0,11.97
102,2013,52,900,13.51,0,.19485,161.17,0,9.81
102,2013,52,1000,13.49,0,.05846,283.76,0,-11.7
102,2013,52,1100,13.46,0,.04871,542.14,0,-30.24
102,2013,52,1200,13.44,0,.07794,602.77,0,.938
102,2013,52,1300,13.39,0,.00974,1775.3,0,-76.4
102,2013,52,1400,13.32,0,0,2745.8,0,-116.4
102,2013,52,1500,13.29,0,0,3344.1,0,-99.5
102,2013,52,1600,13.27,0,0,2584.8,0,36.42
102,2013,52,1700,13.26,0,0,2241.8,0,44.53
102,2013,52,1800,13.27,0,0,2054.5,0,-13.2
102,2013,52,1900,13.28,0,0,1145.2,0,-54.66
102,2013,52,2000,13.3,0,.07793,236.93,0,-55.86
102,2013,52,2100,13.32,0,.24355,0,0,-25.95
102,2013,52,2200,13.37,0,.52614,0,0,-46.18
102,2013,52,2300,13.39,0,.45793,0,0,-47
101,2013,52,2400,13.26,0,4.5304,17718,0
102,2013,52,2400,13.41,0,.40919,0,0,-85
102,2013,53,100,13.42,0,.31176,0,0,-11.29
102,2013,53,200,13.4,0,.51634,0,0,-124.2
102,2013,53,300,13.41,0,.37994,0,0,-151.8
102,2013,53,400,13.45,0,.27278,.07119,0,-142.4
102,2013,53,500,13.45,0,.29228,.13448,0,-114.5
102,2013,53,600,13.46,0,.30203,0,0,-54.11
102,2013,53,700,13.47,0,.18511,0,0,-6.118
102,2013,53,800,13.48,0,.46765,11.502,0,-8.42
102,2013,53,900,13.45,0,1.0425,455.72,0,3.696
102,2013,53,1000,13.4,0,1.0522,1459.8,0,109
102,2013,53,1100,13.32,0,.08768,2388,0,-57.69
102,2013,53,1200,13.27,0,.00974,3065.5,0,-123.4
102,2013,53,1300,13.22,0,0,3584.6,0,16.62
102,2013,53,1400,13.2,0,0,3505.5,0,31.57
102,2013,53,1500,13.18,0,0,3908.7,0,43.23
102,2013,53,1600,13.17,0,0,3147.6,0,66.29
102,2013,53,1700,13.19,0,0,1116.7,0,159.8
102,2013,53,1800,13.22,0,0,1839.1,0,134.1
102,2013,53,1900,13.23,0,0,884.45,0,171.5
102,2013,53,2000,13.25,0,.01949,61.806,0,162.8
102,2013,53,2100,13.28,0,.10716,0,0,169.9
102,2013,53,2200,13.3,0,.14614,0,0,129
102,2013,53,2300,13.33,0,.23384,0,0,38.03
101,2013,53,2400,13.17,0,5.7773,25429,0
102,2013,53,2400,13.35,0,.35076,0,0,118.7
102,2013,54,100,13.37,0,.16563,0,0,99.6
102,2013,54,200,13.39,0,.29229,0,0,98.8
102,2013,54,300,13.4,0,.49687,0,0,-1.274
102,2013,54,400,13.42,0,.63325,0,0,88.3
102,2013,54,500,13.45,0,.67219,0,0,49.7
102,2013,54,600,13.46,0,.50658,.09492,0,76.1
102,2013,54,700,13.46,0,.43838,0,0,136.6
102,2013,54,800,13.47,0,.35072,7.0085,0,136.6
102,2013,54,900,13.46,0,.60403,252.95,0,106.1
102,2013,54,1000,13.4,0,.61376,1323.8,0,101.5
102,2013,54,1100,13.32,0,.00974,2403.9,0,38.49
102,2013,54,1200,13.26,0,0,3132.9,0,165.6
102,2013,54,1300,13.01,0,0,3694.7,0,285.8
102,2013,54,1400,12.84,0,0,3479.8,0,347.1
102,2013,54,1500,13.19,0,0,4050.8,0,219.1
102,2013,54,1600,13.18,0,0,3644.5,0,110.1
102,2013,54,1700,13.17,0,0,2193.4,0,199.6
102,2013,54,1800,13.21,0,0,535.99,0,202.2
102,2013,54,1900,13.24,0,0,429.1,0,99.1
102,2013,54,2000,13.28,0,.19484,69.543,0,7.74
102,2013,54,2100,13.32,0,.30205,0,0,-41.41
102,2013,54,2200,13.34,0,.39949,0,0,31.13
102,2013,54,2300,13.37,0,.30205,0,0,106.7
101,2013,54,2400,12.84,0,6.3814,25219,0
102,2013,54,2400,13.38,0,.39947,0,0,123
102,2013,55,100,13.39,0,.31178,0,0,135.3
102,2013,55,200,13.41,0,.5456,0,0,100.8
102,2013,55,300,13.42,0,.44815,0,0,85.6
102,2013,55,400,13.44,0,.54557,0,0,56.35
102,2013,55,500,13.45,0,.46762,0,0,-76.9
102,2013,55,600,13.46,0,.42864,0,0,-81.8
102,2013,55,700,13.47,0,.3897,0,0,-13.56
102,2013,55,800,13.47,0,.26306,13.661,0,36.28
102,2013,55,900,13.46,0,.61378,496.45,0,78.2
102,2013,55,1000,13.41,0,.87678,1113,0,47.49
102,2013,55,1100,13.33,0,.04871,2070.7,0,-23.95
102,2013,55,1200,13.27,0,0,3088,0,-113
102,2013,55,1300,13.23,0,0,3457,0,38.21
102,2013,55,1400,13.2,0,0,3963.2,0,123.2
102,2013,55,1500,13.19,0,0,3808.1,0,99.6
102,2013,55,1600,13.18,0,0,2494.1,0,116
102,2013,55,1700,13.2,0,0,2515,0,104.1
102,2013,55,1800,13.21,0,0,1912.4,0,87.5
102,2013,55,1900,13.22,0,0,1031.8,0,137.3
102,2013,55,2000,12.81,0,0,215.58,0,55.41
102,2013,55,2100,12.79,0,.02923,0,0,17.86
102,2013,55,2200,12.81,0,.22409,0,0,85.7
102,2013,55,2300,13.35,0,.28257,0,0,56.12
101,2013,55,2400,12.79,0,5.6604,26179,0
102,2013,55,2400,13.37,0,.18512,0,0,246.4
102,2013,56,100,13.39,0,.42869,0,0,241.7
102,2013,56,200,13.42,0,.48713,0,0,230
102,2013,56,300,13.44,0,.73066,0,0,179.9
102,2013,56,400,13.46,0,.6917,0,0,185
102,2013,56,500,13.48,0,.81841,0,0,218.9
102,2013,56,600,13.49,0,.64302,0,0,274.1
102,2013,56,700,13.5,0,.70147,0,0,193
102,2013,56,800,13.52,0,.61377,14.191,0,192.7
102,2013,56,900,13.49,0,1.0911,457.29,0,276.6
102,2013,56,1000,13.42,0,.85735,1451.4,0,225
102,2013,56,1100,13.33,0,.11691,2409.9,0,199.4
102,2013,56,1200,13.25,0,.00974,3177.1,0,171.7
102,2013,56,1300,13.22,0,0,3654.6,0,204.8
102,2013,56,1400,13.19,0,0,3825.9,0,172.6
102,2013,56,1500,13.18,0,0,3823.9,0,202.9
102,2013,56,1600,13.17,0,0,3388.9,0,213
102,2013,56,1700,13.17,0,0,2783.8,0,167.4
102,2013,56,1800,13.19,0,0,1859.9,0,175.3
102,2013,56,1900,13.21,0,0,796.44,0,122.1
102,2013,56,2000,13.23,0,0,169.32,0,13.9
102,2013,56,2100,13.26,0,.12665,0,0,84.3
102,2013,56,2200,13.3,0,.13639,0,0,80
102,2013,56,2300,13.33,0,.27283,0,0,54.92
101,2013,56,2400,13.17,0,7.9597,27813,0
102,2013,56,2400,13.36,0,.23385,0,0,45.86
102,2013,57,100,13.39,0,.44819,0,0,92.9
102,2013,57,200,13.4,0,.26306,0,0,65.48
102,2013,57,300,13.42,0,.56507,0,0,44.05
102,2013,57,400,13.44,0,.68195,0,0,66.66
102,2013,57,500,13.47,0,.68199,0,0,160.6
102,2013,57,600,13.49,0,.83788,0,0,133.5
102,2013,57,700,13.51,0,.46765,0,0,115.4
102,2013,57,800,13.51,0,.4579,16.224,0,-58.87
102,2013,57,900,13.5,0,1.0911,513.31,0,-48.99
102,2013,57,1000,13.42,0,.86709,1557.9,0,.414
102,2013,57,1100,13.33,0,0,2539.7,0,68.56
102,2013,57,1200,13.25,0,0,3276,0,114.2
102,2013,57,1300,13.21,0,0,3787.6,0,159.8
102,2013,57,1400,13.18,0,0,4115.8,0,235.2
102,2013,57,1500,13.16,0,0,3867.5,0,265.3
102,2013,57,1600,13.16,0,0,3074.6,0,123.1
102,2013,57,1700,13.16,0,0,1821.9,0,61.35
102,2013,57,1800,13.17,0,0,1224.6,0,50.25
102,2013,57,1900,13.19,0,0,290.52,0,46.48
102,2013,57,2000,13.23,0,.03897,97.37,0,34.22
102,2013,57,2100,13.27,0,0,0,0,-23.58
102,2013,57,2200,12.77,0,.01948,0,0,-14.11
102,2013,57,2300,12.76,0,.01949,0,0,-50.54
101,2013,57,2400,12.76,0,6.4496,26183,0
102,2013,57,2400,12.76,0,.00974,0,0,-113.1
102,2013,58,100,12.75,0,.2241,0,0,-40.38
102,2013,58,200,12.74,0,.19486,0,0,-45.22
102,2013,58,300,12.73,0,.28254,0,0,-30.18
102,2013,58,400,12.73,0,.23382,.11074,0,-24.7
102,2013,58,500,12.72,0,.21433,0,0,-51.01
102,2013,58,600,12.72,0,.35072,.22148,0,-52.42
102,2013,58,700,12.71,0,.20458,0,0,-78.3
102,2013,58,800,12.71,0,.43841,10.047,0,-80.4
102,2013,58,900,12.71,0,1.0815,327.37,0,-77.8
102,2013,58,1000,12.71,0,.12665,955.17,0,-77
102,2013,58,1100,12.71,0,.09742,2425,0,-54.22
102,2013,58,1200,12.74,0,0,3107.7,0,-62.56
102,2013,58,1300,12.76,0,0,3508.3,0,-37.29
102,2013,58,1400,12.79,0,0,3408.5,0,4.146
102,2013,58,1500,12.79,0,0,3016.4,0,51.35
102,2013,58,1600,12.8,0,0,2991.8,0,57.67
102,2013,58,1700,12.8,0,0,2548,0,52.92
102,2013,58,1800,12.8,0,0,2094.3,0,-13.18
102,2013,58,1900,13.18,0,0,1281.3,0,-70.4
102,2013,58,2000,13.19,0,0,214.23,0,-63.12
102,2013,58,2100,13.22,0,0,0,0,-107.8
102,2013,58,2200,13.25,0,.03897,0,0,-121.7
102,2013,58,2300,13.29,0,.14614,0,0,-131.5
101,2013,58,2400,12.71,0,3.8678,25889,0
102,2013,58,2400,13.34,0,.23384,0,0,-95.1
102,2013,59,100,13.36,0,.19487,0,0,-154.4
102,2013,59,200,13.39,0,.44818,0,0,-121.2
102,2013,59,300,13.41,0,.58456,0,0,-96
102,2013,59,400,13.44,0,.52608,0,0,-131
102,2013,59,500,13.45,0,.65272,.14238,0,-65.61
102,2013,59,600,13.47,0,.65275,0,0,-102.8
102,2013,59,700,13.48,0,.50663,0,0,-24.47
102,2013,59,800,13.49,0,.81839,12.744,0,-40.49
102,2013,59,900,13.48,0,1.0133,470.52,0,-73.1
102,2013,59,1000,13.41,0,.58457,1472.7,0,-131.4
102,2013,59,1100,13.32,0,.03897,2432.3,0,-128.2
102,2013,59,1200,13.25,0,0,3194.2,0,-114.5
102,2013,59,1300,13.21,0,0,3733.4,0,-163.5
102,2013,59,1400,13.18,0,0,4029.4,0,-131.4
102,2013,59,1500,13.17,0,0,4089.1,0,-100.3
102,2013,59,1600,13.16,0,0,3555.3,0,-80.9
102,2013,59,1700,13.17,0,0,2868,0,-41.38
102,2013,59,1800,13.18,0,0,866.93,0,-55.8
102,2013,59,1900,13.21,0,0,247.16,0,-64.99
102,2013,59,2000,13.22,0,0,85.44,0,-81
102,2013,59,2100,13.26,0,.00974,0,0,-69.31
102,2013,59,2200,13.3,0,.04871,0,0,-62.06
102,2013,59,2300,13.32,0,.04871,0,0,-57.74
101,2013,59,2400,13.16,0,6.2645,27057,0
102,2013,59,2400,13.35,0,.13641,0,0,-73.4
102,2013,60,100,13.37,0,.03897,0,0,-71.9
102,2013,60,200,13.39,0,.0682,0,0,-155.6
102,2013,60,300,13.4,0,.36049,0,0,-151
102,2013,60,400,13.42,0,.53585,0,0,-216.8
102,2013,60,500,13.44,0,.54557,0,0,-231.8
102,2013,60,600,13.46,0,.47736,.0791,0,-149.4
102,2013,60,700,13.47,0,.65273,0,0,-119.7
102,2013,60,800,13.48,0,.64304,15.656,0,-162.9
102,2013,60,900,13.45,0,.77941,483.25,0,-210.5
102,2013,60,1000,13.39,0,.81834,1338.4,0,-213.5
102,2013,60,1100,13.32,0,.04872,2194.8,0,-223.7
102,2013,60,1200,13.26,0,0,2610.4,0,-164.5
102,2013,60,1300,13.22,0,0,3504.3,0,-176.6
102,2013,60,1400,13.19,0,0,3492.3,0,-31.38
102,2013,60,1500,13.17,0,0,3336.8,0,-18.2
102,2013,60,1600,13.18,0,0,2048.6,0,-28.92
102,2013,60,1700,13.19,0,0,2979.2,0,-54.9
102,2013,60,1800,13.19,0,0,1507.6,0,-17.15
102,2013,60,1900,13.21,0,0,541.8,0,-12.4
102,2013,60,2000,12.82,0,.00974,55.59,0,-41.26
102,2013,60,2100,12.82,0,0,0,0,-47.92
102,2013,60,2200,13.32,0,.05846,0,0,-40.85
102,2013,60,2300,13.35,0,.0682,0,0,-91.2
101,2013,60,2400,12.82,0,5.222,24109,0
102,2013,60,2400,13.37,0,.11692,0,0,-92.8
102,2013,61,100,13.39,0,0,0,0,-112.7
102,2013,61,200,13.41,0,.05846,0,0,-128.7
102,2013,61,300,13.42,0,.05846,0,0,-172.9
102,2013,61,400,13.43,0,.00974,.12657,0,-167.9
102,2013,61,500,13.44,0,.13639,0,0,-112.4
102,2013,61,600,13.45,0,.07794,1.5978,0,-129.8
102,2013,61,700,13.44,0,.1851,.25312,0,-135.4
102,2013,61,800,13.42,0,.01948,15.377,0,-83
102,2013,61,900,13.39,0,.04871,281.24,0,-88.3
102,2013,61,1000,13.35,0,.51636,1343.7,0,-77.1
102,2013,61,1100,13.27,0,.16564,2027.9,0,-98
102,2013,61,1200,13.22,0,0,2709.2,0,-54.81
102,2013,61,1300,13.16,0,0,3519.3,0,4.758
102,2013,61,1400,13.14,0,0,3656.7,0,-40.6
102,2013,61,1500,13.14,0,0,3035.1,0,14.1
102,2013,61,1600,13.12,0,0,2630.6,0,-86.9
102,2013,61,1700,13.14,0,0,1461.3,0,-120.6
102,2013,61,1800,13.16,0,.18513,367.89,0,-130.9
102,2013,61,1900,13.24,0,.00974,191.88,0,-111.2
102,2013,61,2000,13.26,0,.04871,59.102,0,-176.8
102,2013,61,2100,13.29,0,.1364,0,0,-192.7
102,2013,61,2200,13.32,0,.19485,0,0,-194.1
102,2013,61,2300,13.34,0,.05846,0,0,-226.3
101,2013,61,2400,13.12,0,2.046,21301,0
102,2013,61,2400,13.36,0,.13641,0,0,-205.6
102,2013,62,100,13.38,0,.16563,0,0,-206.1
102,2013,62,200,13.4,0,.18511,.04746,0,-197.6
102,2013,62,300,13.4,0,.2728,0,0,-180.2
102,2013,62,400,13.42,0,.33125,0,0,-194.9
102,2013,62,500,13.42,0,.3215,.1503,0,-198.4
102,2013,62,600,13.42,0,.23382,0,0,-178.3
102,2013,62,700,13.42,0,.17536,.66446,0,-210.7
102,2013,62,800,13.42,0,.41892,6.4311,0,-135.2
102,2013,62,900,13.44,0,.45789,0,0,-136.2
102,2013,62,1000,13.43,0,.59428,122.16,0,-67.16
102,2013,62,1100,13.41,0,.65275,133.69,0,-50.17
102,2013,62,1200,13.41,0,.55534,172.22,0,-66.08
102,2013,62,1300,13.38,0,.2046,1018.5,0,2.979
102,2013,62,1400,13.37,0,.14615,663.41,0,-130.6
102,2013,62,1500,13.34,0,0,1052.7,0,-255.8
102,2013,62,1600,13.31,0,0,1871.2,0,-134.1
102,2013,62,1700,13.28,0,0,1565.6,0,-166.8
102,2013,62,1800,13.27,0,0,2200,0,-104.8
102,2013,62,1900,13.27,0,0,719.31,0,-81.4
102,2013,62,2000,13.28,0,0,84.244,0,-213.6
102,2013,62,2100,12.79,0,.01948,0,0,-236.3
102,2013,62,2200,12.76,0,.09743,0,0,-305.9
102,2013,62,2300,12.75,0,.30204,0,0,-294
101,2013,62,2400,12.75,0,5.1733,9610.3,0
102,2013,62,2400,12.75,0,.03897,0,0,-263.6
102,2013,63,100,12.74,0,0,0,0,-263.1
102,2013,63,200,12.73,0,1.1009,0,0,-199.8
102,2013,63,300,12.73,0,.78911,0,0,-165.7
102,2013,63,400,12.72,0,0,0,0,-144.1
102,2013,63,500,12.71,0,0,.34017,0,4.822
102,2013,63,600,12.71,0,0,1.2578,0,50.74
102,2013,63,700,12.71,0,0,.6724,0,-27.75
102,2013,63,800,12.71,0,0,6.6207,0,-4.441
102,2013,63,900,12.71,0,0,340.92,0,32.83
102,2013,63,1000,13.37,0,0,849.32,0,-8.42
102,2013,63,1100,13.32,0,0,1668.5,0,-147.9
102,2013,63,1200,12.93,0,0,1084.6,0,-224.5
102,2013,63,1300,12.86,0,0,1687.3,0,-178.8
102,2013,63,1400,12.83,0,0,2737.8,0,-181
102,2013,63,1500,12.82,0,0,3930.6,0,-254.9
102,2013,63,1600,12.81,0,0,3701.5,0,-204.2
102,2013,63,1700,12.81,0,0,1661.3,0,-83.4
102,2013,63,1800,12.8,76.321,0,2019.7,0,-76.6
102,2013,63,1900,13.19,0,0,841.5,0,-120.5
102,2013,63,2000,13.22,0,.00974,137.77,0,-145.9
102,2013,63,2100,13.26,0,.17536,0,0,-152.2
102,2013,63,2200,13.3,0,.35071,0,0,-118
102,2013,63,2300,13.33,0,.17537,0,0,-108.9
101,2013,63,2400,12.71,76.321,2.8058,20670,0
102,2013,63,2400,13.35,0,.2046,0,0,-169.1
102,2013,64,100,13.37,0,.32153,0,0,-129.6
102,2013,64,200,13.39,0,.7892,0,0,-180.7
102,2013,64,300,13.4,0,1.101,0,0,-214.3
102,2013,64,400,13.42,0,1.2276,.03164,0,-166.6
102,2013,64,500,13.43,0,1.4419,.12657,0,-56.68
102,2013,64,600,13.42,0,1.4127,.08701,0,-40.11
102,2013,64,700,13.44,0,2.1433,0,0,-41.6
102,2013,64,800,13.44,0,2.8448,7.143,0,-19.94
102,2013,64,900,13.43,0,2.5623,169.49,0,71.1
102,2013,64,1000,13.39,0,1.0912,1012.2,0,30.56
102,2013,64,1100,13.32,0,.0682,2183,0,-13.66
102,2013,64,1200,13.28,0,0,1634.1,0,-16.47
102,2013,64,1300,13.3,0,.07794,1766.7,0,22.48
102,2013,64,1400,13.27,0,0,3313.4,0,-90.9
102,2013,64,1500,13.25,0,0,3440.1,0,-213.1
102,2013,64,1600,13.23,0,0,2758.4,0,-175.3
102,2013,64,1700,13.22,0,0,2651.6,0,-135.8
102,2013,64,1800,13.22,0,0,2017.3,0,-134.2
102,2013,64,1900,13.23,0,0,852.53,0,-199.3
102,2013,64,2000,13.25,0,0,139.7,0,-192.9
102,2013,64,2100,13.29,0,.03897,0,0,-243.8
102,2013,64,2200,13.32,0,.0682,0,0,-159.2
102,2013,64,2300,13.35,0,.04872,0,0,-36.23
101,2013,64,2400,13.22,0,15.335,21946,0
102,2013,64,2400,13.37,0,.09743,0,0,-64.26
102,2013,65,100,13.39,0,.26307,0,0,-78.4
102,2013,65,200,13.41,0,.31177,0,0,-35.58
102,2013,65,300,13.42,0,.61378,.01582,0,-.088
102,2013,65,400,13.43,0,1.023,0,0,-46.94
102,2013,65,500,13.43,0,1.0912,0,0,-83.4
102,2013,65,600,13.44,0,1.1496,0,0,-169.4
102,2013,65,700,13.45,0,1.0229,.01582,0,-117.9
102,2013,65,800,13.46,0,.75988,7.0083,0,-17.24
102,2013,65,900,13.44,0,.61375,213.48,0,-23.48
102,2013,65,1000,13.43,0,1.1691,275.08,0,-52.43
102,2013,65,1100,13.42,0,.55533,396.04,0,-64.53
102,2013,65,1200,13.4,0,.4092,531.32,0,105.4
102,2013,65,1300,13.4,0,.22409,454.97,0,107.8
102,2013,65,1400,13.32,0,.35075,3379.9,0,82.7
102,2013,65,1500,13.27,0,0,3613,0,93.8
102,2013,65,1600,13.25,0,0,2871.7,0,142.7
102,2013,65,1700,13.25,0,0,2438,0,146.3
102,2013,65,1800,13.25,0,0,1478.3,0,67.01
102,2013,65,1900,13.25,0,0,478.29,0,85.4
102,2013,65,2000,13.27,0,.00974,115.47,0,81.7
102,2013,65,2100,13.32,0,.00974,0,0,33.46
102,2013,65,2200,13.34,0,.00974,0,0,19.36
102,2013,65,2300,13.35,0,.01949,.08702,0,71.3
101,2013,65,2400,13.25,0,9.6061,16253,0
102,2013,65,2400,13.37,0,0,0,0,-12.54
102,2013,66,100,13.39,0,0,0,0,-55.06
102,2013,66,200,13.4,0,.14615,0,0,103.8
102,2013,66,300,13.41,0,.10717,0,0,53.33
102,2013,66,400,13.42,0,.87683,0,0,-3.834
102,2013,66,500,13.44,0,1.5296,0,0,-19.69
102,2013,66,600,13.44,0,1.5003,0,0,53.05
102,2013,66,700,13.46,0,2.455,0,0,50
102,2013,66,800,13.46,0,2.6011,10.512,0,66.61
102,2013,66,900,13.45,0,3.2636,447.71,0,142.4
102,2013,66,1000,13.4,0,1.588,1078.1,0,84
102,2013,66,1100,13.34,0,.23383,1644.2,0,52.72
102,2013,66,1200,13.3,0,0,1951.6,0,16.31
102,2013,66,1300,13.3,0,0,1352.4,0,29.57
102,2013,66,1400,13.32,23.864,.00974,665.47,0,69.59
102,2013,66,1500,13.35,0,.02923,1600.6,0,89.6
102,2013,66,1600,13.3,0,0,2541.2,0,64.1
102,2013,66,1700,13.29,0,0,2333.4,0,135.1
102,2013,66,1800,13.29,0,0,1118.5,0,155.2
102,2013,66,1900,13.3,0,0,538.48,0,108.7
102,2013,66,2000,13.31,0,0,93.683,0,-8
102,2013,66,2100,13.34,0,0,0,0,56.12
102,2013,66,2200,13.37,0,0,0,0,16.7
102,2013,66,2300,13.39,0,.03897,0,0,197.7
101,2013,66,2400,13.29,23.864,14.623,15376,0
102,2013,66,2400,13.4,0,.24357,0,0,328.5
102,2013,67,100,13.42,0,1.1691,0,0,173.9
102,2013,67,200,13.44,0,1.4906,.00791,0,100.7
102,2013,67,300,13.44,0,2.4551,0,0,111.4
102,2013,67,400,13.46,0,2.3381,0,0,139.5
102,2013,67,500,13.46,0,2.5134,0,0,42.71
102,2013,67,600,13.47,0,3.1076,0,0,151.3
102,2013,67,700,13.47,0,3.2052,0,0,93.3
102,2013,67,800,13.48,0,3.069,14.366,0,28.45
102,2013,67,900,13.45,0,4.1893,442.96,0,62.44
102,2013,67,1000,13.39,0,2.6109,1455.6,0,107.9
102,2013,67,1100,13.32,0,.55534,2065.2,0,18.47
102,2013,67,1200,13.28,0,0,2082.2,0,-136.2
102,2013,67,1300,13.26,0,0,2638,0,-188.4
102,2013,67,1400,13.25,0,0,2408.6,0,-191.5
102,2013,67,1500,13.26,0,0,2103,0,-115.6
102,2013,67,1600,13.25,0,0,2096.8,0,162.6
102,2013,67,1700,13.25,0,0,2094.3,0,214.8
102,2013,67,1800,13.27,0,0,1562.9,0,193.2
102,2013,67,1900,13.29,0,0,590.27,0,187.9
102,2013,67,2000,13.3,0,.00974,143.03,0,111.3
102,2013,67,2100,13.34,0,.01948,0,0,26.4
102,2013,67,2200,13.37,9.1049,.1364,0,0,40.12
102,2013,67,2300,13.39,0,.54562,0,0,171.5
101,2013,67,2400,12.76,9.1049,28.155,19697,0
102,2013,67,2400,12.76,0,.74046,.15821,0,298.6
102,2013,68,100,12.74,0,1.0717,.37179,0,139.1
102,2013,68,200,12.74,0,1.1691,.03164,0,175.1
102,2013,68,300,13.06,0,1.1788,0,0,240.2
102,2013,68,400,12.94,0,1.5392,0,0,342.3
102,2013,68,500,13.47,0,1.9776,0,0,288.6
102,2013,68,600,13.24,0,2.4065,0,0,105.9
102,2013,68,700,12.89,0,2.8449,.09493,0,17.78
102,2013,68,800,12.87,0,3.1664,11.613,0,35.02
102,2013,68,900,12.98,0,2.9619,435.1,0,24.48
102,2013,68,1000,12.76,0,1.0717,1376.2,0,-68.01
102,2013,68,1100,12.75,0,.29228,2310.9,0,-119.1
102,2013,68,1200,12.77,0,0,2975.7,0,-175
102,2013,68,1300,12.78,0,0,3484.2,0,-263.9
102,2013,68,1400,12.79,0,0,3637.2,0,-140.5
102,2013,68,1500,12.81,0,0,2649.8,0,-125.7
102,2013,68,1600,12.81,0,0,1586.2,0,-150.6
102,2013,68,1700,12.81,0,0,2685.4,0,-184.4
102,2013,68,1800,12.81,0,0,1867.3,0,-212.3
102,2013,68,1900,12.79,0,0,797.64,0,-227.7
102,2013,68,2000,12.78,0,0,112.31,0,-268.4
102,2013,68,2100,12.9,0,.01948,1.3605,0,-139.7
102,2013,68,2200,12.85,0,.58459,0,0,-230.1
102,2013,68,2300,13.35,0,1.062,0,0,-92.2
101,2013,68,2400,12.74,0,22.515,23932,0
102,2013,68,2400,13.4,0,1.1691,0,0,-133.4
102,2013,69,100,13.42,0,1.1788,0,0,-188.7
102,2013,69,200,13.44,0,1.3542,0,0,-144.8
102,2013,69,300,12.83,0,3.215,0,0,-159.9
102,2013,69,400,12.75,0,3.8287,0,0,-114.8
102,2013,69,500,12.72,0,3.8384,0,0,-85.3
102,2013,69,600,12.73,0,4.004,0,0,-73.4
102,2013,69,700,12.72,0,4.2671,1.5899,0,-23.09
102,2013,69,800,12.71,0,3.9358,0,0,-8.32
102,2013,69,900,12.71,0,3.0298,57.458,0,30.52
102,2013,69,1000,13.4,0,2.718,390.81,0,52.73
102,2013,69,1100,13.38,0,1.6562,696.2,0,15.05
102,2013,69,1200,13.35,0,.29228,1100.9,0,-33.09
102,2013,69,1300,13.34,0,.29228,1155.2,0,-14.73
102,2013,69,1400,13.29,0,0,2380,0,-79.9
102,2013,69,1500,13.27,0,0,1966.6,0,-176.7
102,2013,69,1600,13.27,0,0,1085.2,0,-92.4
102,2013,69,1700,13.27,0,0,1166.6,0,-116.1
102,2013,69,1800,13.27,0,0,1802.6,0,-175.7
102,2013,69,1900,13.27,0,0,525.7,0,-104.9
102,2013,69,2000,13.27,0,0,112.26,0,46.3
102,2013,69,2100,13.3,0,.00974,0,0,96
102,2013,69,2200,13.32,0,0,0,0,-46.75
102,2013,69,2300,13.35,0,0,0,0,79.9
101,2013,69,2400,12.71,0,33.62,12442,0
102,2013,69,2400,13.36,0,0,.4351,0,79
102,2013,70,100,13.37,0,0,0,0,-3.436
102,2013,70,200,13.37,0,0,0,0,8.68
102,2013,70,300,13.39,0,0,0,0,64.68
102,2013,70,400,13.39,0,0,.03164,0,-14.49
102,2013,70,500,13.4,0,0,.17403,0,20.21
102,2013,70,600,13.4,0,0,.22941,0,-35.57
102,2013,70,700,13.4,0,.10717,.01582,0,-49.06
102,2013,70,800,13.41,0,0,7.0086,0,-57.33
102,2013,70,900,13.4,0,0,310.28,0,-86.2
102,2013,70,1000,13.35,0,.07794,1517.5,0,-165.4
102,2013,70,1100,13.28,0,0,2538.7,0,-277.9
102,2013,70,1200,13.23,0,0,3201.6,0,-287.2
102,2013,70,1300,13.22,0,0,2688.8,0,-290.5
102,2013,70,1400,13.19,0,0,4100.1,0,-196.6
102,2013,70,1500,13.19,0,0,2392.4,0,-70.8
102,2013,70,1600,13.19,0,0,2603.6,0,-77.5
102,2013,70,1700,13.2,0,0,2491.1,0,-112.2
102,2013,70,1800,13.21,0,0,821.28,0,-141.4
102,2013,70,1900,13.25,0,0,217.82,0,-59.92
102,2013,70,2000,13.27,0,0,42.097,0,-8.78
102,2013,70,2100,13.3,0,0,0,0,-78.7
102,2013,70,2200,13.33,0,.00974,0,0,-145.2
102,2013,70,2300,13.35,0,0,0,0,-22.6
101,2013,70,2400,13.19,0,.24357,22933,0
102,2013,70,2400,13.37,0,.04872,0,0,-64.11
102,2013,71,100,13.38,0,.02923,0,0,8.91
102,2013,71,200,13.4,0,.00974,0,0,45.57
102,2013,71,300,13.42,0,.01949,0,0,-46.53
102,2013,71,400,13.43,0,.04871,0,0,29.76
102,2013,71,500,13.44,0,0,0,0,69.82
102,2013,71,600,13.44,0,.02923,.09492,0,-45.15
102,2013,71,700,13.45,0,.06819,.36386,0,-15.65
102,2013,71,800,13.45,0,0,5.6714,0,-22.3
102,2013,71,900,13.45,0,.25329,84.952,0,10.47
102,2013,71,1000,13.44,0,.06819,83.64,0,29.19
102,2013,71,1100,13.41,0,.11691,1091.1,0,81.3
102,2013,71,1200,13.37,0,.00974,1548.3,0,41.53
102,2013,71,1300,13.36,0,0,1512.6,0,-82.7
102,2013,71,1400,12.84,0,0,1712.5,0,-174.3
102,2013,71,1500,13.32,0,0,1467.4,0,-217.8
102,2013,71,1600,13.3,0,0,1551.3,0,-195.7
102,2013,71,1700,13.3,0,0,1718.9,0,-154.9
102,2013,71,1800,13.3,0,0,920.01,0,-303.8
102,2013,71,1900,13.32,0,0,774.4,0,-239.9
102,2013,71,2000,13.33,0,.00974,162.19,0,-113.9
102,2013,71,2100,13.34,0,.00974,0,0,-109.1
102,2013,71,2200,13.37,0,0,0,0,-74.1
102,2013,71,2300,13.39,0,0,.04746,0,-144.8
101,2013,71,2400,12.84,0,.6722,12634,0
102,2013,71,2400,13.4,0,0,.00791,0,-101.4
102,2013,72,100,13.42,0,0,0,0,-236.6
102,2013,72,200,13.44,0,.02923,0,0,-194.6
102,2013,72,300,13.45,0,0,0,0,-116.7
102,2013,72,400,13.46,0,0,0,0,-93
102,2013,72,500,13.47,0,0,0,0,12.91
102,2013,72,600,13.48,0,.01949,0,0,50.14
102,2013,72,700,13.49,0,.00974,0,0,-28.1
102,2013,72,800,13.49,0,0,8.1717,0,-70.4
102,2013,72,900,13.45,0,.05846,517.49,0,-22.34
102,2013,72,1000,13.39,0,.42866,1238.2,0,25.88
102,2013,72,1100,13.34,0,0,1945.4,0,-76.2
102,2013,72,1200,13.27,0,0,3379.2,0,-147.3
102,2013,72,1300,13.25,0,0,2551.6,0,-115.4
102,2013,72,1400,13.21,0,0,3803.1,0,17.45
102,2013,72,1500,13.21,0,0,2589.3,0,1.67
102,2013,72,1600,13.22,0,0,2526.4,0,-8.5
102,2013,72,1700,12.8,0,0,2289.6,0,72.3
102,2013,72,1800,12.79,84.133,0,992.14,0,128.8
102,2013,72,1900,13.29,0,0,439.33,0,44.23
102,2013,72,2000,13.3,0,.18509,52.086,0,50.71
102,2013,72,2100,13.32,0,0,0,0,18.75
102,2013,72,2200,13.34,0,.00974,0,0,45.74
102,2013,72,2300,13.37,0,.08769,0,0,-22.66
101,2013,72,2400,12.79,84.133,1.1399,22332,0
102,2013,72,2400,13.39,0,.31177,0,0,35.38
102,2013,73,100,13.41,0,1.0814,0,0,78.9
102,2013,73,200,13.43,0,1.0522,0,0,8.86
102,2013,73,300,13.44,0,.96447,.18193,0,-80.5
102,2013,73,400,13.45,0,.05845,.03164,0,-37.88
102,2013,73,500,13.45,0,.09742,0,0,-77.3
102,2013,73,600,13.44,0,.4384,.2373,0,82
102,2013,73,700,13.44,0,.4384,.07119,0,79.9
102,2013,73,800,13.44,0,.03897,.49834,0,10.55
102,2013,73,900,13.45,0,0,0,0,3.117
102,2013,73,1000,13.45,0,.302,61.8,0,6.184
102,2013,73,1100,13.44,0,.28252,330.88,0,120.3
102,2013,73,1200,13.42,0,.70144,533.55,0,-6.966
102,2013,73,1300,13.4,0,.00974,1086.8,0,-52.3
102,2013,73,1400,13.4,0,.01949,642.74,0,-72.6
102,2013,73,1500,13.39,0,.29229,646.53,0,-103.5
102,2013,73,1600,13.38,0,.00974,1188,0,-64.76
102,2013,73,1700,13.37,0,0,1035.5,0,-54.71
102,2013,73,1800,13.36,0,0,901.13,0,-168.8
102,2013,73,1900,13.37,0,0,410.42,0,-199.8
102,2013,73,2000,13.39,0,0,119.84,0,-188.3
102,2013,73,2100,13.41,0,0,0,0,-125.8
102,2013,73,2200,13.43,0,0,0,0,-171.2
102,2013,73,2300,13.46,0,.00974,0,0,-151.4
101,2013,73,2400,13.36,0,5.7967,6958.2,0
102,2013,73,2400,13.47,0,0,.03164,0,-125.1
102,2013,74,100,13.48,0,0,.30852,0,-39.67
102,2013,74,200,13.49,0,0,.42718,0,-31.36
102,2013,74,300,13.49,0,0,.80688,0,62.48
102,2013,74,400,13.49,0,0,1.6217,0,56.2
102,2013,74,500,13.49,0,.15588,2.3573,0,1.854
102,2013,74,600,13.47,0,0,1.3843,0,127.3
102,2013,74,700,13.46,0,0,0,0,148.2
102,2013,74,800,13.47,0,0,7.8154,0,116.9
102,2013,74,900,13.49,0,0,228.94,0,-5.329
102,2013,74,1000,13.49,0,0,535.38,0,91.2
102,2013,74,1100,13.45,0,0,927,0,120
102,2013,74,1200,13.38,0,0,1826.4,0,64.35
102,2013,74,1300,13.31,0,0,3053.6,0,-8.45
102,2013,74,1400,12.8,0,0,4311.6,0,-100.6
102,2013,74,1500,12.78,0,0,4134.6,0,118.9
102,2013,74,1600,12.79,0,0,3198,0,111.6
102,2013,74,1700,12.79,0,0,2675.7,0,189.2
102,2013,74,1800,12.79,0,0,1935.6,0,179.8
102,2013,74,1900,13.27,0,0,1094.6,0,-17.46
102,2013,74,2000,13.27,0,0,205.21,0,-100.9
102,2013,74,2100,13.29,0,0,0,0,-128.2
102,2013,74,2200,13.34,0,.00974,0,0,-131.2
102,2013,74,2300,13.37,0,0,0,0,-12.73
101,2013,74,2400,12.78,0,.16562,24141,0
102,2013,74,2400,13.4,0,0,0,0,-9.04
102,2013,75,100,13.42,0,0,0,0,-12.89
102,2013,75,200,13.44,0,0,0,0,98
102,2013,75,300,12.91,0,0,.00791,0,91.6
102,2013,75,400,12.74,0,0,.18984,0,113.4
102,2013,75,500,12.72,0,0,.20567,0,188.2
102,2013,75,600,12.72,0,0,.87017,0,117.4
102,2013,75,700,12.72,0,0,1.4476,0,12.37
102,2013,75,800,12.93,0,0,32.686,0,-71.3
102,2013,75,900,12.78,0,0,593.92,0,-95.5
102,2013,75,1000,12.78,0,0,1557.1,0,-138.9
102,2013,75,1100,12.85,0,0,2523,0,-189.5
102,2013,75,1200,12.83,0,0,3324.3,0,-152.3
102,2013,75,1300,12.84,0,0,3932.2,0,-57.74
102,2013,75,1400,13.19,0,0,3965.4,0,7.72
102,2013,75,1500,13.18,0,0,2714.3,0,73.2
102,2013,75,1600,13.19,0,0,2582.2,0,67
102,2013,75,1700,13.2,0,0,2417.9,0,4.521
102,2013,75,1800,13.21,0,0,1978.5,0,12.61
102,2013,75,1900,13.23,0,0,1283.7,0,48.83
102,2013,75,2000,13.24,0,0,122.91,0,164.1
102,2013,75,2100,13.27,0,0,0,0,117.5
102,2013,75,2200,13.3,0,0,0,0,111.5
102,2013,75,2300,13.33,0,.00974,0,0,176.3
101,2013,75,2400,12.72,0,.00974,27031,0
102,2013,75,2400,13.37,0,0,0,0,87.9
102,2013,76,100,13.39,0,.05846,0,0,35.69
102,2013,76,200,13.41,0,.1364,0,0,76.8
102,2013,76,300,13.43,0,.0682,.00791,0,53.19
102,2013,76,400,13.45,0,.25329,0,0,-83.7
102,2013,76,500,13.46,0,.07794,.11074,0,7.18
102,2013,76,600,13.47,0,.00974,.00791,0,11.16
102,2013,76,700,13.47,0,.00974,.56167,0,-6.94
102,2013,76,800,13.48,0,0,16.945,0,79.6
102,2013,76,900,13.46,0,0,252.02,0,170.6
102,2013,76,1000,13.39,0,0,1309.7,0,137
102,2013,76,1100,12.79,1012.6,0,2117.4,0,-10.16
102,2013,76,1200,12.77,204.57,0,3199.5,0,74.2
102,2013,76,1300,13.21,0,0,3688,0,59.62
102,2013,76,1400,13.2,0,0,3612.9,0,123.6
102,2013,76,1500,13.19,0,0,2474.4,0,105
102,2013,76,1600,13.19,0,0,2482.9,0,35.75
102,2013,76,1700,13.21,0,0,1796,0,40.43
102,2013,76,1800,13.22,0,0,1735,0,-11.52
102,2013,76,1900,13.24,0,0,728.93,0,45.7
102,2013,76,2000,13.25,0,0,115.09,0,21.48
102,2013,76,2100,13.27,0,0,0,0,5.896
102,2013,76,2200,13.3,0,.02923,0,0,-41.55
102,2013,76,2300,13.31,0,.03897,0,0,6.48
101,2013,76,2400,12.77,1217.1,.71119,23529,0
102,2013,76,2400,13.29,0,.02923,0,0,-79.1
102,2013,77,100,13.35,0,.00974,0,0,-32.21
102,2013,77,200,13.37,0,.00974,0,0,-108.9
102,2013,77,300,13.38,0,.00974,0,0,-102.5
102,2013,77,400,13.4,0,0,0,0,-83.8
102,2013,77,500,13.42,0,0,.09492,0,-19.39
102,2013,77,600,13.42,0,0,.27685,0,-94.1
102,2013,77,700,13.43,0,0,0,0,-91.7
102,2013,77,800,13.44,0,0,17.198,0,-60.7
102,2013,77,900,13.45,0,0,296.6,0,8.26
102,2013,77,1000,13.4,0,0,1080.8,0,-92.3
102,2013,77,1100,13.32,0,.00974,2512.8,0,21.96
102,2013,77,1200,13.25,0,0,3273.3,0,-19.85
102,2013,77,1300,13.22,0,0,2962.1,0,-14.45
102,2013,77,1400,13.21,0,0,2423.2,0,-252.8
102,2013,77,1500,13.23,0,0,2716.5,0,-144.7
102,2013,77,1600,13.2,0,0,2515.3,0,-112.2
102,2013,77,1700,13.21,0,0,2571.6,0,-75.4
102,2013,77,1800,13.24,0,.08768,911.97,0,-66.72
102,2013,77,1900,13.29,0,.27278,284.28,0,-34.61
102,2013,77,2000,13.32,0,.43844,134.42,0,-134.7
102,2013,77,2100,13.35,0,.40922,7.1278,0,-109.1
102,2013,77,2200,13.38,0,.28255,4.8652,0,-161.7
102,2013,77,2300,13.39,0,.25332,1.8274,0,-97.8
101,2013,77,2400,13.2,0,2.1045,21716,0
102,2013,77,2400,13.4,0,.32151,1.6454,0,-25.89
102,2013,78,100,13.4,0,.46765,1.2499,0,129.2
102,2013,78,200,13.41,0,.47739,1.6375,0,194.9
102,2013,78,300,13.42,0,.48712,.86223,0,37.76
102,2013,78,400,13.42,0,.61377,.12656,0,29.87
102,2013,78,500,13.43,0,.60402,.06328,0,-111.7
102,2013,78,600,13.44,0,.64298,0,0,-60.41
102,2013,78,700,13.44,0,.59427,.00791,0,28.18
102,2013,78,800,13.45,0,.80859,18.391,0,-36.65
102,2013,78,900,13.44,0,.61375,316.69,0,-52.77
102,2013,78,1000,13.4,0,0,1149.1,0,-102.4
102,2013,78,1100,13.33,0,0,2366.3,0,-217.6
102,2013,78,1200,13.27,0,0,3124.2,0,-202.7
102,2013,78,1300,13.23,0,0,3426.3,0,-87.7
102,2013,78,1400,13.21,0,0,3532.5,0,-148.3
102,2013,78,1500,13.21,0,0,1848,0,-154.5
102,2013,78,1600,13.24,0,.341,778.82,0,-253.9
102,2013,78,1700,13.28,0,.08768,1356.6,0,-122.9
102,2013,78,1800,13.28,0,0,1356.6,0,-39.34
102,2013,78,1900,13.27,0,0,365.83,0,-127.9
102,2013,78,2000,12.78,0,0,27.337,0,-244.6
102,2013,78,2100,12.77,0,0,0,0,-205.6
102,2013,78,2200,13.36,0,0,0,0,-271.3
102,2013,78,2300,13.38,0,0,0,0,-188.7
101,2013,78,2400,12.77,0,5.7382,19671,0
102,2013,78,2400,13.39,0,0,.09493,0,-71.6
102,2013,79,100,13.39,0,0,.25314,0,27.96
102,2013,79,200,13.4,0,0,.32434,0,73.1
102,2013,79,300,13.4,0,0,1.0205,0,93.7
102,2013,79,400,13.41,0,.18511,.31642,0,17.84
102,2013,79,500,13.43,0,.41892,0,0,-155.4
102,2013,79,600,13.45,0,.85729,0,0,-71.4
102,2013,79,700,13.45,0,.84755,0,0,26.04
102,2013,79,800,13.45,0,.52607,0,0,-41.11
102,2013,79,900,13.45,0,.28252,23.374,0,10.15
102,2013,79,1000,13.44,3.1403,.25329,252.88,0,77.1
102,2013,79,1100,13.43,2190,.08768,389.89,0,107.6
102,2013,79,1200,13.42,2405.8,.03897,703.59,0,58.16
102,2013,79,1300,13.38,0,0,1461.8,0,-30.24
102,2013,79,1400,13.34,0,0,2285.1,0,-115.9
102,2013,79,1500,13.31,0,0,2763.5,0,-256.2
102,2013,79,1600,13.29,0,0,2470.3,0,-235.8
102,2013,79,1700,13.29,0,0,2334.5,0,-158.7
102,2013,79,1800,13.29,0,0,1979.8,0,-191.3
102,2013,79,1900,13.3,0,0,979.36,0,-88.2
102,2013,79,2000,12.77,0,0,94.433,0,39.75
102,2013,79,2100,12.77,0,.22409,0,0,9.96
102,2013,79,2200,13.37,0,.23384,.00791,0,-49.23
102,2013,79,2300,13.39,0,.21434,.65659,0,78.9
101,2013,79,2400,12.77,4598.9,4.3938,15742,0
102,2013,79,2400,13.4,0,.22408,.61703,0,30.64
102,2013,80,100,13.4,0,.37023,.00791,0,13.63
102,2013,80,200,13.41,0,.35074,0,0,-16.4
102,2013,80,300,13.42,0,0,.11866,0,110.9
102,2013,80,400,13.42,0,.1364,.66448,0,120.3
102,2013,80,500,13.43,0,.49687,1.7086,0,150.8
102,2013,80,600,13.43,0,.59429,2.2703,0,205
102,2013,80,700,13.44,0,.5748,1.2103,0,135.9
102,2013,80,800,13.44,0,.53583,19.752,0,94.9
102,2013,80,900,13.43,0,.31175,355.33,0,132.7
102,2013,80,1000,13.38,0,0,1227.3,0,81.8
102,2013,80,1100,13.34,0,0,1521.7,0,68.88
102,2013,80,1200,13.3,0,0,2183.9,0,65.09
102,2013,80,1300,13.29,0,0,2071.7,0,98.8
102,2013,80,1400,13.25,0,0,2699,0,107.6
102,2013,80,1500,13.3,0,0,1465.4,0,207.1
102,2013,80,1600,13.3,0,0,2202,0,244
102,2013,80,1700,13.31,0,0,2006.4,0,342.5
102,2013,80,1800,13.31,0,0,1189,0,383.7
102,2013,80,1900,13.33,0,0,533.64,0,502.3
102,2013,80,2000,13.34,0,.01949,102.74,0,424.9
102,2013,80,2100,13.38,0,.18512,.30061,0,370.8
102,2013,80,2200,13.4,0,.12666,.98093,0,314.6
102,2013,80,2300,13.4,0,.18511,.22941,0,488.5
101,2013,80,2400,13.25,0,3.9457,17586,0
102,2013,80,2400,13.42,0,.05846,.3006,0,411.3
102,2013,81,100,13.42,0,.28253,0,0,354.3
102,2013,81,200,13.44,0,.57479,0,0,286.5
102,2013,81,300,13.45,0,.65272,0,0,289.6
102,2013,81,400,13.45,0,.70142,.16611,0,336.5
102,2013,81,500,13.46,0,.98393,1.3605,0,360.8
102,2013,81,600,13.46,0,.98393,.60115,0,301.9
102,2013,81,700,13.46,0,1.0424,0,0,355.3
102,2013,81,800,13.47,0,.90603,13.028,0,377
102,2013,81,900,13.46,0,.8086,335,0,389.4
102,2013,81,1000,13.44,0,.07793,664.82,0,343
102,2013,81,1100,13.4,0,0,1087.6,0,238.3
102,2013,81,1200,13.35,0,0,1978.5,0,144.7
102,2013,81,1300,13.3,0,0,2912.5,0,275.1
102,2013,81,1400,13.25,0,0,3847.5,0,180.1
102,2013,81,1500,13.24,0,0,3635.6,0,260.6
102,2013,81,1600,13.24,0,0,3143.5,0,316.7
102,2013,81,1700,13.24,0,0,2780.1,0,338.7
102,2013,81,1800,13.26,0,0,2010.6,0,316.8
102,2013,81,1900,13.27,0,0,980.72,0,306.6
102,2013,81,2000,13.28,0,0,66.81,0,210.8
102,2013,81,2100,13.3,0,.00974,0,0,169.1
102,2013,81,2200,13.33,0,.04871,0,0,220.8
102,2013,81,2300,13.36,0,.02923,0,0,180.2
101,2013,81,2400,13.24,0,7.1312,23458,0
102,2013,81,2400,13.38,0,.02923,0,0,45.26
102,2013,82,100,13.4,0,0,0,0,113.1
102,2013,82,200,13.42,0,0,0,0,122
102,2013,82,300,13.43,0,0,.11074,0,87.5
102,2013,82,400,13.44,0,0,.06328,0,204.4
102,2013,82,500,13.44,0,0,0,0,153.3
102,2013,82,600,13.46,0,0,.16611,0,281.2
102,2013,82,700,13.46,26.538,0,.08701,0,285.5
102,2013,82,800,13.46,20.629,0,0,0,221.2
102,2013,82,900,13.46,0,0,114.73,0,198
102,2013,82,1000,13.46,0,0,224.46,0,228.7
102,2013,82,1100,13.44,0,0,609.06,0,339.4
102,2013,82,1200,13.42,0,0,1129.7,0,250.2
102,2013,82,1300,13.41,0,0,1190.4,0,126.8
102,2013,82,1400,13.35,0,.09743,1085.9,0,75.2
102,2013,82,1500,13.29,0,.00974,1455,0,40.76
102,2013,82,1600,13.26,0,0,951.68,0,-23.46
102,2013,82,1700,13.27,0,0,0,0,76.5
102,2013,82,1800,13.3,0,0,0,0,73
102,2013,82,1900,13.32,0,.00974,0,0,106.3
102,2013,82,2000,13.33,0,.17535,0,0,183.4
102,2013,82,2100,13.35,0,.24356,97.506,0,204.3
102,2013,82,2200,13.37,0,.37023,513.76,0,108.7
102,2013,82,2300,13.4,0,.49689,1702.1,0,157.7
101,2013,82,2400,13.26,47.167,1.8219,9074.8,0
102,2013,82,2400,13.42,0,.41894,0,0,66.17
102,2013,83,100,13.44,0,.33124,0,0,85.9
102,2013,83,200,13.45,0,.11691,.02373,0,172.1
102,2013,83,300,13.46,0,.12665,0,0,154
102,2013,83,400,13.47,0,.07794,0,0,194.7
102,2013,83,500,13.48,0,.01949,60.739,0,89.1
102,2013,83,600,13.49,0,0,94.233,0,114.9
102,2013,83,700,13.49,0,0,0,0,205.3
102,2013,83,800,13.49,0,.1364,0,0,125.5
102,2013,83,900,13.48,0,.03897,0,0,142.7
102,2013,83,1000,13.47,0,.00974,0,0,166.3
102,2013,83,1100,12.89,0,.01948,0,0,180.2
102,2013,83,1200,12.75,107.73,0,0,0,227.2
102,2013,83,1300,13.4,0,0,0,0,230.8
102,2013,83,1400,13.36,0,0,97.062,0,126.6
102,2013,83,1500,13.37,0,.03897,0,0,-107.3
102,2013,83,1600,13.35,0,0,0,0,-236.6
102,2013,83,1700,13.34,0,0,0,0,-213
102,2013,83,1800,13.33,0,0,0,0,-127.7
102,2013,83,1900,13.34,0,.12664,0,0,-96.1
102,2013,83,2000,13.35,0,.35073,0,0,-65.05
102,2013,83,2100,13.39,0,.33126,845.76,0,-115.1
102,2013,83,2200,13.42,0,.27279,0,0,-86.6
102,2013,83,2300,13.44,0,.34098,0,0,-2.979
101,2013,83,2400,12.75,107.73,2.4259,1097.8,0
102,2013,83,2400,13.46,0,.08768,0,0,-55.82
102,2013,84,100,13.47,0,.04871,0,0,73
102,2013,84,200,13.49,0,.02923,0,0,137.6
102,2013,84,300,13.49,0,.01949,0,0,57.62
102,2013,84,400,13.5,0,.00974,0,0,55.19
102,2013,84,500,13.51,0,0,0,0,99.4
102,2013,84,600,13.51,0,0,0,0,151.3
102,2013,84,700,13.51,0,0,2892.8,0,147.1
102,2013,84,800,13.51,0,0,0,0,135.7
102,2013,84,900,13.49,0,0,0,0,227.9
102,2013,84,1000,13.48,0,.00974,1496.1,0,203.9
102,2013,84,1100,12.73,0,0,0,0,248.4
102,2013,84,1200,13.38,0,0,0,0,190.2
102,2013,84,1300,13.35,0,0,880.08,0,158.1
102,2013,84,1400,13.3,0,0,0,0,195.5
102,2013,84,1500,13.29,0,0,0,0,43.97
102,2013,84,1600,13.27,0,0,0,0,103.6
102,2013,84,1700,13.26,0,0,0,0,201.2
102,2013,84,1800,13.28,0,0,0,0,119.8
102,2013,84,1900,13.28,0,0,0,0,92.3
102,2013,84,2000,13.3,0,.22407,0,0,142.9
102,2013,84,2100,13.34,0,.35074,0,0,73
102,2013,84,2200,13.36,0,.37998,0,0,-18.36
102,2013,84,2300,13.38,0,.34101,956.62,0,68.29
101,2013,84,2400,12.73,0,1.7147,8008.3,0
102,2013,84,2400,13.39,0,.30203,1782.7,0,165.8
102,2013,85,100,13.4,0,.22408,0,0,125
102,2013,85,200,13.42,0,.11691,0,0,75.4
102,2013,85,300,13.43,0,.08768,0,0,358.5
102,2013,85,400,13.44,0,.10716,0,0,367.8
102,2013,85,500,13.45,0,.03897,0,0,343
102,2013,85,600,13.46,0,.03897,0,0,402.3
102,2013,85,700,13.47,0,.02923,0,0,450.5
102,2013,85,800,13.47,0,.03897,1900,0,415.9
102,2013,85,900,13.45,0,.10716,2000.9,0,308.4
102,2013,85,1000,13.4,0,.05845,0,0,387.8
102,2013,85,1100,13.33,0,.03897,0,0,360.3
102,2013,85,1200,13.27,0,.03897,27.702,0,317.2
102,2013,85,1300,13.23,0,.00974,0,0,233.5
102,2013,85,1400,13.24,0,0,0,0,296.5
102,2013,85,1500,13.22,0,0,0,0,384.1
102,2013,85,1600,13.22,0,0,0,0,420.1
102,2013,85,1700,12.78,0,0,0,0,472.7
102,2013,85,1800,12.78,0,0,0,0,378
102,2013,85,1900,13.28,0,.00974,0,0,328.7
102,2013,85,2000,13.3,0,.09742,0,0,368.1
102,2013,85,2100,13.34,0,.15588,0,0,439.6
102,2013,85,2200,13.35,0,.2241,1737.2,0,342.3
102,2013,85,2300,13.37,0,.27281,0,0,324
101,2013,85,2400,12.78,0,1.9583,5665.8,0
102,2013,85,2400,13.39,0,.26306,0,0,390.1
102,2013,86,100,13.4,0,.18511,0,0,413.8
102,2013,86,200,13.41,0,.17537,0,0,457.9
102,2013,86,300,13.42,0,.04871,0,0,430.5
102,2013,86,400,13.44,0,.09742,0,0,354.1
102,2013,86,500,13.44,0,.07794,0,0,346.3
102,2013,86,600,13.45,0,.01948,0,0,249.4
102,2013,86,700,13.45,0,.00974,0,0,381.5
102,2013,86,800,13.44,0,.00974,0,0,309.2
102,2013,86,900,13.44,0,0,0,0,289.3
102,2013,86,1000,13.42,0,.00974,0,0,265.6
102,2013,86,1100,13.4,0,.0682,0,0,309.9
102,2013,86,1200,13.37,0,.02923,0,0,260.2
102,2013,86,1300,13.31,0,0,2.12,0,256.7
102,2013,86,1400,13.3,0,0,0,0,353.4
102,2013,86,1500,13.28,0,0,119.08,0,471
102,2013,86,1600,13.27,0,0,111.83,0,473.6
102,2013,86,1700,13.26,0,0,70.219,0,366.1
102,2013,86,1800,13.27,0,0,73.755,0,494.9
102,2013,86,1900,13.29,0,0,199.42,0,401.7
102,2013,86,2000,13.3,0,.10716,349.21,0,357.8
102,2013,86,2100,13.34,0,.30202,42.316,0,96.8
102,2013,86,2200,13.37,0,.42871,0,0,250.3
102,2013,86,2300,13.39,0,.39947,171.31,0,276.6
101,2013,86,2400,13.26,0,2.1044,1139.3,0
102,2013,86,2400,13.39,0,.1364,0,0,303.5
102,2013,87,100,13.4,0,.37023,0,0,238.1
102,2013,87,200,13.42,0,.31177,0,0,312.1
102,2013,87,300,13.43,0,.28253,0,0,288.6
102,2013,87,400,13.43,0,.10717,0,0,223.2
102,2013,87,500,13.44,0,.17536,0,0,181.9
102,2013,87,600,13.45,0,.13639,0,0,269.2
102,2013,87,700,13.45,0,.03897,0,0,328.2
102,2013,87,800,13.45,0,.07794,0,0,369.5
102,2013,87,900,13.44,0,.0682,0,0,362.2
102,2013,87,1000,13.43,0,.03897,0,0,304.4
102,2013,87,1100,13.4,0,.03897,0,0,291.1
102,2013,87,1200,13.4,0,.05846,0,0,297.1
102,2013,87,1300,13.41,0,.03897,0,0,295.7
102,2013,87,1400,13.39,0,.07794,0,0,244.9
102,2013,87,1500,13.35,0,0,0,0,274.4
102,2013,87,1600,13.33,0,0,0,0,233.6
102,2013,87,1700,13.3,0,0,0,0,181.3
102,2013,87,1800,13.3,0,0,0,0,294.5
102,2013,87,1900,13.32,0,0,0,0,223.3
102,2013,87,2000,13.32,0,.11689,1394.4,0,221.3
102,2013,87,2100,13.34,0,.32149,900.22,0,304.4
102,2013,87,2200,13.37,0,.39948,0,0,276.1
102,2013,87,2300,13.39,0,.27281,0,0,98
101,2013,87,2400,13.3,0,3.2735,2294.6,0
102,2013,87,2400,13.4,0,.341,0,0,147.8
102,2013,88,100,13.41,0,.2046,0,0,206.7
102,2013,88,200,13.41,0,.2046,0,0,183
102,2013,88,300,13.42,0,.23382,0,0,4.363
102,2013,88,400,13.43,0,.21434,0,0,-8.45
102,2013,88,500,13.44,0,.21433,0,0,32.22
102,2013,88,600,13.44,0,.14613,26.934,0,68.25
102,2013,88,700,13.44,0,.13639,0,0,54.85
102,2013,88,800,13.46,0,.05845,30.279,0,92.1
102,2013,88,900,13.42,0,.17536,539.75,0,157.7
102,2013,88,1000,13.33,0,.02923,1891.7,0,167
102,2013,88,1100,13.32,0,0,1499.3,0,227
102,2013,88,1200,13.31,0,0,1531,0,148.8
102,2013,88,1300,13.25,0,0,3002,0,280.3
102,2013,88,1400,13.22,0,0,3596.8,0,106
102,2013,88,1500,13.18,0,0,4285.1,0,266.8
102,2013,88,1600,13.18,0,0,3626.5,0,198.5
102,2013,88,1700,13.21,0,0,2934.8,0,145.5
102,2013,88,1800,13.23,0,0,1973.2,0,46.18
102,2013,88,1900,13.25,0,0,1188.4,0,101.9
102,2013,88,2000,13.26,0,.18511,152.4,0,357.9
102,2013,88,2100,13.29,0,.22407,0,0,180.2
102,2013,88,2200,13.32,0,.20459,0,0,50.78
102,2013,88,2300,13.35,0,.37999,.32436,0,51.2
101,2013,88,2400,13.18,0,2.8741,26279,0
102,2013,88,2400,13.36,0,.26307,0,0,1.235
102,2013,89,100,13.37,0,.2923,0,0,155.7
102,2013,89,200,13.38,0,.20461,0,0,193.7
102,2013,89,300,13.39,0,.34101,0,0,227.3
102,2013,89,400,13.41,0,.2046,.36389,0,262.8
102,2013,89,500,13.41,0,.22408,0,0,199.6
102,2013,89,600,13.42,0,.24357,.06328,0,178.3
102,2013,89,700,13.42,0,.21434,0,0,148.2
102,2013,89,800,13.44,0,.23382,41.893,0,129.2
102,2013,89,900,13.39,0,.75992,704.47,0,204.6
102,2013,89,1000,13.34,0,.24357,1375,0,226.3
102,2013,89,1100,13.27,0,0,2752,0,240.8
102,2013,89,1200,13.22,0,0,3734.5,0,134.6
102,2013,89,1300,13.21,0,0,3276.2,0,224.1
102,2013,89,1400,13.21,0,0,2705,0,75.3
102,2013,89,1500,13.21,0,.00974,1638.1,0,41.59
102,2013,89,1600,13.25,0,0,1469.5,0,-7.9
102,2013,89,1700,13.26,0,.0682,626.55,0,-22.92
102,2013,89,1800,13.3,0,.39943,54.92,0,-.077
102,2013,89,1900,13.35,0,.36051,9.4933,0,53.74
102,2013,89,2000,13.39,0,.51639,4.9998,0,192.3
102,2013,89,2100,13.4,0,.53586,0,0,83.7
102,2013,89,2200,13.42,0,.42868,0,0,54.9
102,2013,89,2300,13.42,0,.25331,0,0,17.6
101,2013,89,2400,13.21,0,5.8652,18393,0
102,2013,89,2400,13.43,0,.33125,0,0,107.6
102,2013,90,100,13.44,0,.55532,0,0,125.3
102,2013,90,200,13.44,0,.75991,0,0,78.4
102,2013,90,300,13.44,0,.65274,0,0,56.86
102,2013,90,400,13.44,0,.63325,0,0,105.3
102,2013,90,500,13.45,0,.52608,0,0,110.3
102,2013,90,600,13.45,0,.47737,0,0,140.6
102,2013,90,700,13.45,0,.2533,0,0,148
102,2013,90,800,13.45,0,.32149,0,0,85.3
102,2013,90,900,13.45,0,.08768,0,0,187.5
102,2013,90,1000,13.44,0,0,0,0,155.4
102,2013,90,1100,13.43,0,0,0,0,81.7
102,2013,90,1200,13.4,0,0,0,0,82.3
102,2013,90,1300,13.39,0,.08769,0,0,101.5
102,2013,90,1400,13.38,0,.17538,0,0,5.62
102,2013,90,1500,13.38,0,.05846,0,0,79.6
102,2013,90,1600,13.37,0,.01949,0,0,-7.17
102,2013,90,1700,13.37,0,0,0,0,-53.39
102,2013,90,1800,13.36,0,.21434,0,0,17.64
102,2013,90,1900,13.38,0,.23384,0,0,42.8
102,2013,90,2000,13.39,0,.08769,0,0,-39.53
102,2013,90,2100,13.42,0,.0682,0,0,55.98
102,2013,90,2200,13.42,0,.03897,0,0,158.1
102,2013,90,2300,13.43,0,.02923,0,0,252.8
101,2013,90,2400,13.36,0,5.3389,0,0
102,2013,90,2400,13.44,0,.05845,0,0,227
102,2013,91,100,13.45,0,.1851,0,0,53.51
102,2013,91,200,13.46,0,.10716,0,0,173.1
102,2013,91,300,13.46,0,.10716,0,0,200.7
102,2013,91,400,13.46,0,.08768,0,0,209.7
102,2013,91,500,13.46,0,.05845,0,0,142.4
102,2013,91,600,13.46,0,.05845,0,0,139.3
102,2013,91,700,13.46,0,.00974,0,0,241.7
102,2013,91,800,13.46,0,0,0,0,260.1
102,2013,91,900,13.45,0,0,0,0,246.4
102,2013,91,1000,13.41,0,0,0,0,185.8
102,2013,91,1100,13.35,0,0,0,0,85.6
102,2013,91,1200,13.28,0,0,0,0,17.24
102,2013,91,1300,13.24,0,0,36.956,0,-60.51
102,2013,91,1400,13.23,0,0,0,0,2.504
102,2013,91,1500,13.23,0,0,0,0,52.09
102,2013,91,1600,13.24,0,0,0,0,28.63
102,2013,91,1700,13.25,0,0,0,0,43.62
102,2013,91,1800,13.26,0,0,0,0,37.37
102,2013,91,1900,13.28,0,.00974,0,0,57.19
102,2013,91,2000,13.3,0,.1169,0,0,81.3
102,2013,91,2100,12.81,0,.23381,0,0,-90.7
102,2013,91,2200,13.36,0,.49691,0,0,-100
102,2013,91,2300,13.39,0,.50665,0,0,-148.7
101,2013,91,2400,12.81,0,2.387,36.956,0
102,2013,91,2400,13.4,0,.40921,0,0,-134.6
102,2013,92,100,13.4,0,.44817,0,0,-95.2
102,2013,92,200,13.36,0,.22408,0,0,-171.4
102,2013,92,300,13.41,0,.32151,0,0,-135.2
102,2013,92,400,13.41,0,.34099,0,0,-47.68
102,2013,92,500,13.42,0,.23382,0,0,-108.2
102,2013,92,600,13.42,0,.11691,0,0,-69.09
102,2013,92,700,13.43,0,.13639,0,0,-106.5
102,2013,92,800,13.43,0,.09742,0,0,-166.6
102,2013,92,900,13.42,0,.16561,0,0,-126.1
102,2013,92,1000,12.82,0,.05845,0,0,-.683
102,2013,92,1100,12.73,0,0,0,0,-111.4
102,2013,92,1200,12.74,0,0,0,0,-116
102,2013,92,1300,12.75,0,0,0,0,-114.5
102,2013,92,1400,12.77,0,0,0,0,-11.86
102,2013,92,1500,12.77,0,0,0,0,69.89
102,2013,92,1600,12.77,0,0,0,0,43.46
102,2013,92,1700,13.16,0,0,0,0,4.714
102,2013,92,1800,13.19,0,0,0,0,-102
102,2013,92,1900,13.22,0,0,0,0,-131.4
102,2013,92,2000,13.23,0,.11691,0,0,-18.24
102,2013,92,2100,13.27,0,.20458,84.769,0,-37.44
102,2013,92,2200,13.3,0,.24358,7.3809,0,-155.6
102,2013,92,2300,13.32,0,.42872,0,0,-179
101,2013,92,2400,12.73,0,3.5853,92.15,0
102,2013,92,2400,13.33,0,.4482,0,0,-222.7
102,2013,93,100,13.36,0,.45793,0,0,-140.7
102,2013,93,200,13.37,0,.46766,0,0,-47.74
102,2013,93,300,13.38,0,.35073,0,0,3.332
102,2013,93,400,13.39,0,.28253,0,0,-36.44
102,2013,93,500,13.4,0,.27278,0,0,66.99
102,2013,93,600,13.42,0,.27278,0,0,177
102,2013,93,700,13.42,0,.29226,0,0,128
102,2013,93,800,13.44,0,.17536,0,0,214.1
102,2013,93,900,13.38,0,.42865,0,0,141.3
102,2013,93,1000,13.29,0,.37022,0,0,14.92
102,2013,93,1100,13.24,0,0,0,0,-131.5
102,2013,93,1200,13.18,0,0,0,0,-50.43
102,2013,93,1300,13.16,0,0,0,0,19.44
102,2013,93,1400,13.15,0,0,0,0,-103.3
102,2013,93,1500,13.14,0,0,0,0,-4.879
102,2013,93,1600,13.13,0,0,0,0,80.9
102,2013,93,1700,13.13,0,0,0,0,-31.65
102,2013,93,1800,13.14,0,0,0,0,-33.57
102,2013,93,1900,13.18,0,.02923,0,0,-101.9
102,2013,93,2000,13.22,0,.12666,0,0,-12.27
102,2013,93,2100,13.26,0,.12664,0,0,-32.78
102,2013,93,2200,13.28,0,.15587,0,0,-93.5
102,2013,93,2300,13.31,0,.18512,32.309,0,-244.5
101,2013,93,2400,13.13,0,4.277,32.309,0
102,2013,93,2400,13.34,0,.28257,0,0,-119.8
102,2013,94,100,13.35,0,.19487,0,0,-106.5
102,2013,94,200,13.36,0,.34102,0,0,-54.98
102,2013,94,300,13.38,0,.44819,0,0,-105.2
102,2013,94,400,13.39,0,.41895,0,0,-71.9
102,2013,94,500,13.4,0,.43843,0,0,-137.5
102,2013,94,600,13.4,0,.16562,0,0,-158.9
102,2013,94,700,13.42,0,.3215,0,0,-50.63
102,2013,94,800,13.42,0,.40918,0,0,-112.3
102,2013,94,900,13.41,0,.26304,0,0,-21.03
102,2013,94,1000,13.35,0,.03897,0,0,-234.2
102,2013,94,1100,13.32,0,.01949,0,0,-176.9
102,2013,94,1200,13.3,0,0,0,0,-139.7
102,2013,94,1300,13.3,0,0,0,0,-145.2
102,2013,94,1400,13.29,0,0,0,0,-121.2
102,2013,94,1500,13.25,0,0,0,0,-131.7
102,2013,94,1600,13.23,0,0,0,0,-45.75
102,2013,94,1700,13.24,0,0,0,0,-19.9
102,2013,94,1800,13.26,0,0,0,0,-128
102,2013,94,1900,13.27,0,.05845,0,0,-257.1
102,2013,94,2000,13.29,0,.08768,0,0,-283.7
102,2013,94,2100,13.32,0,.0682,278.31,0,-168.8
102,2013,94,2200,13.34,0,.10718,423.94,0,-139.6
102,2013,94,2300,13.36,0,.10718,1273.7,0,-137.1
101,2013,94,2400,13.23,0,3.7705,4239.4,0
102,2013,94,2400,13.37,0,.28255,2263.5,0,-173.3
102,2013,95,100,13.39,0,.39946,603.51,0,-161.3
102,2013,95,200,13.4,0,.38971,35.772,0,-187.8
102,2013,95,300,13.42,0,.42867,0,0,-244.9
102,2013,95,400,13.43,0,.38969,1743.4,0,-330.9
102,2013,95,500,13.44,0,.4384,730.22,0,-148.8
102,2013,95,600,13.44,0,.37994,1765,0,-77
102,2013,95,700,13.45,0,.50658,1840.8,0,-69.69
102,2013,95,800,13.45,0,.40916,123.84,0,-91.4
102,2013,95,900,13.43,0,.36045,0,0,-135.7
102,2013,95,1000,13.38,0,.04871,0,0,-143.5
102,2013,95,1100,13.32,0,0,0,0,-213.8
102,2013,95,1200,13.28,0,0,0,0,-294.3
102,2013,95,1300,13.22,0,0,0,0,-196.4
102,2013,95,1400,13.2,0,0,0,0,-57.42
102,2013,95,1500,13.19,0,0,0,0,81.1
102,2013,95,1600,13.2,0,0,0,0,139.1
102,2013,95,1700,13.19,0,0,0,0,150.5
102,2013,95,1800,13.23,0,.00974,0,0,90.7
102,2013,95,1900,13.25,0,.03897,0,0,150.2
102,2013,95,2000,13.27,0,.19484,0,0,123.4
102,2013,95,2100,13.3,0,.18509,0,0,57.65
102,2013,95,2200,13.33,0,.13639,0,0,151.6
102,2013,95,2300,13.35,0,.2241,0,0,19.21
101,2013,95,2400,13.19,0,4.9394,6842.6,0
102,2013,95,2400,13.37,0,.39949,0,0,28.2
102,2013,96,100,13.38,0,.21435,98.634,0,4.71
102,2013,96,200,13.39,0,.39947,0,0,-165.2
102,2013,96,300,13.41,0,.28254,0,0,-246.9
102,2013,96,400,13.42,0,.22408,0,0,-109.8
102,2013,96,500,13.43,0,.44815,0,0,-188.9
102,2013,96,600,13.44,0,.31175,0,0,-154.8
102,2013,96,700,13.44,0,.26304,0,0,-156.3
102,2013,96,800,13.46,118.81,.09742,0,0,-93.1
102,2013,96,900,13.44,0,.05845,0,0,-23.02
102,2013,96,1000,13.37,0,.01948,0,0,67.03
102,2013,96,1100,13.33,0,0,0,0,-15.01
102,2013,96,1200,13.27,0,0,1372.1,0,-126.6
102,2013,96,1300,12.79,0,0,1629.7,0,-90.8
102,2013,96,1400,12.78,0,0,415.5,0,29.76
102,2013,96,1500,13.2,0,0,0,0,104.1
102,2013,96,1600,13.2,0,0,0,0,183.8
102,2013,96,1700,13.23,0,0,0,0,158.2
102,2013,96,1800,13.27,0,0,0,0,140.7
102,2013,96,1900,13.29,0,0,0,0,98.8
102,2013,96,2000,13.31,0,.00974,434.08,0,-14.5
102,2013,96,2100,13.34,0,0,0,0,-39.08
102,2013,96,2200,13.35,0,.05846,0,0,-1.809
102,2013,96,2300,13.36,0,.08769,0,0,-158.3
101,2013,96,2400,12.78,118.81,2.5818,3950,0
102,2013,96,2400,13.37,0,.10718,0,0,-90.1
102,2013,97,100,13.38,0,.00974,0,0,-62.9
102,2013,97,200,13.39,0,.04872,90.281,0,-165.7
102,2013,97,300,13.4,0,.04872,105.18,0,-153.1
102,2013,97,400,13.41,0,.00974,1825.8,0,-28.15
102,2013,97,500,13.42,0,.07794,1573.4,0,-57.56
102,2013,97,600,13.43,0,.11691,1771.2,0,24.09
102,2013,97,700,13.44,0,.19485,0,0,-53.79
102,2013,97,800,13.45,0,.09742,0,0,-22.54
102,2013,97,900,13.44,0,.06819,0,0,-72.6
102,2013,97,1000,13.41,0,0,0,0,-29
102,2013,97,1100,13.36,0,0,750.35,0,-23.61
102,2013,97,1200,13.3,0,0,0,0,-82.2
102,2013,97,1300,13.26,0,0,0,0,-63.95
102,2013,97,1400,13.22,0,0,0,0,-122.6
102,2013,97,1500,13.19,0,0,0,0,-19.05
102,2013,97,1600,13.2,0,0,36.817,0,-10.48
102,2013,97,1700,13.2,0,0,0,0,72.6
102,2013,97,1800,13.21,0,0,0,0,94.4
102,2013,97,1900,13.23,0,0,0,0,178.8
102,2013,97,2000,13.27,0,.02923,0,0,-55.74
102,2013,97,2100,12.79,22.426,0,3.4567,0,-98.5
102,2013,97,2200,12.75,0,0,0,0,-104.9
102,2013,97,2300,12.75,0,0,0,0,-2.432
101,2013,97,2400,12.75,22.426,.75018,6156.5,0
102,2013,97,2400,13.33,0,.04872,0,0,35.63
102,2013,98,100,13.39,0,.03897,0,0,-106.6
102,2013,98,200,13.4,0,.03897,0,0,-89.5
102,2013,98,300,13.41,0,.31177,0,0,-122.5
102,2013,98,400,13.43,0,.33125,382.38,0,-41.14
102,2013,98,500,13.44,0,.15588,675.02,0,-29.39
102,2013,98,600,13.44,0,.11691,439.81,0,71.5
102,2013,98,700,13.45,0,.01948,872.48,0,143
102,2013,98,800,13.44,2.555,.00974,0,0,121
102,2013,98,900,13.44,69.032,.00974,768.3,0,160.1
102,2013,98,1000,13.39,2.4443,0,471.83,0,224.2
102,2013,98,1100,13.33,0,.00974,8.314,0,133.2
102,2013,98,1200,13.32,0,0,0,0,152.2
102,2013,98,1300,13.27,0,0,0,0,213
102,2013,98,1400,12.8,0,0,0,0,275.5
102,2013,98,1500,13.22,0,0,146.76,0,435.9
102,2013,98,1600,13.22,0,0,35.269,0,357.5
102,2013,98,1700,13.22,0,0,250.18,0,227.4
102,2013,98,1800,13.24,0,0,0,0,154.2
102,2013,98,1900,13.26,0,0,0,0,71.3
102,2013,98,2000,13.29,0,.05845,0,0,-48.28
102,2013,98,2100,13.31,0,.18509,0,0,-10.2
102,2013,98,2200,13.34,0,.03897,0,0,-90.7
102,2013,98,2300,13.36,0,.24359,0,0,-129.4
101,2013,98,2400,12.8,74.032,1.7829,4050.3,0
102,2013,98,2400,13.38,0,.21436,0,0,11.37
102,2013,99,100,13.39,0,.21435,0,0,121.8
102,2013,99,200,13.4,0,.15589,116.24,0,-113.1
102,2013,99,300,13.4,0,.10717,353.1,0,-159.8
102,2013,99,400,13.41,0,.05846,0,0,-186.1
102,2013,99,500,13.41,0,.05846,0,0,-125.5
102,2013,99,600,13.42,0,.00974,0,0,-43.25
102,2013,99,700,13.43,0,0,0,0,-.298
102,2013,99,800,13.43,0,.04871,0,0,-69.76
102,2013,99,900,13.44,215.5,.10717,33.042,0,-23.6
102,2013,99,1000,13.45,0,.05845,0,0,-129.5
102,2013,99,1100,13.44,.13447,.04871,0,0,-8.68
102,2013,99,1200,13.37,0,0,346.22,0,-9.34
102,2013,99,1300,13.3,0,0,0,0,-48.34
102,2013,99,1400,13.27,0,0,0,0,-87.7
102,2013,99,1500,13.24,0,0,0,0,2.443
102,2013,99,1600,13.31,0,.54558,360.91,0,235.3
102,2013,99,1700,13.37,0,.76973,4.8337,0,208.2
102,2013,99,1800,13.38,0,.09743,0,0,285.8
102,2013,99,1900,13.39,0,.15589,0,0,229.5
102,2013,99,2000,13.4,0,.20461,0,0,181.8
102,2013,99,2100,13.4,0,.35074,122.23,0,102.3
102,2013,99,2200,13.42,0,.30202,1263.7,0,191.8
102,2013,99,2300,13.4,0,.14613,3044.4,0,260.7
101,2013,99,2400,13.24,221.93,3.5854,5644.6,0
102,2013,99,2400,13.4,6.2884,.14613,0,0,347.6
102,2013,100,100,13.44,0,.03897,89.975,0,196.3
102,2013,100,200,13.45,0,0,0,0,243.6
102,2013,100,300,13.44,0,0,3684.3,0,229.9
102,2013,100,400,13.45,0,0,2842.3,0,267.5
102,2013,100,500,13.45,0,0,3115,0,199.7
102,2013,100,600,13.46,99.557,0,3036.1,0,160.7
102,2013,100,700,13.47,0,0,2225,0,109.9
102,2013,100,800,13.47,0,0,3119,0,212.3
102,2013,100,900,13.47,0,0,1780.9,0,276.4
102,2013,100,1000,13.4,0,0,276.42,0,264.2
102,2013,100,1100,13.32,0,0,0,0,200.3
102,2013,100,1200,13.27,0,.06819,0,0,247.9
102,2013,100,1300,13.23,0,0,0,0,261.5
102,2013,100,1400,13.21,0,0,187.4,0,434
102,2013,100,1500,13.19,0,0,170.92,0,312.9
102,2013,100,1600,13.19,0,0,0,0,247.8
102,2013,100,1700,13.21,0,0,0,0,1.338
102,2013,100,1800,13.22,0,0,0,0,-95.5
102,2013,100,1900,13.24,0,0,0,0,-110.9
102,2013,100,2000,13.26,0,.0682,0,0,-13.19
102,2013,100,2100,13.29,0,.04871,0,0,-54.74
102,2013,100,2200,13.32,0,.17536,66.346,0,-61.49
102,2013,100,2300,13.35,0,.25333,1145.5,0,-160.7
101,2013,100,2400,13.19,99.557,.81839,23743,0
102,2013,100,2400,13.39,0,.16563,2003.8,0,-199.4
102,2013,101,100,13.4,0,.10717,2233.9,0,-232.5
102,2013,101,200,13.42,0,.05845,1537.4,0,-177.8
102,2013,101,300,13.43,0,.01948,0,0,-147.8
102,2013,101,400,13.44,0,.00974,1817.8,0,-163.4
102,2013,101,500,13.44,0,0,1834.4,0,-109.5
102,2013,101,600,13.44,474.64,0,639.78,0,-110.5
102,2013,101,700,13.45,414.11,0,843.98,0,-101.3
102,2013,101,800,13.45,0,0,2577.4,0,-67.75
102,2013,101,900,13.45,0,0,1504.3,0,-84.2
102,2013,101,1000,13.41,14.183,0,295.74,0,-175.3
102,2013,101,1100,13.34,0,.10717,0,0,-61.09
102,2013,101,1200,13.3,0,.25329,0,0,-24.08
102,2013,101,1300,13.28,0,.02922,94.981,0,-43.74
102,2013,101,1400,13.27,0,0,0,0,89.5
102,2013,101,1500,13.23,0,0,0,0,91.5
102,2013,101,1600,13.22,0,0,0,0,-10.47
102,2013,101,1700,13.24,0,0,0,0,-329
102,2013,101,1800,12.81,0,.00974,963.85,0,-174.2
102,2013,101,1900,12.76,0,.20461,1745.3,0,-225.3
102,2013,101,2000,13.36,0,.5164,598.76,0,-206.1
102,2013,101,2100,13.39,0,.48715,1657.6,0,-145.8
102,2013,101,2200,13.4,0,.42868,2337.4,0,-86.2
102,2013,101,2300,13.41,0,.341,389.37,0,-58.69
101,2013,101,2400,12.76,903.31,2.8254,22077,0
102,2013,101,2400,13.42,.37179,.25331,1005.3,0,-30.48
102,2013,102,100,13.43,759.94,.23382,357.45,0,24.12
102,2013,102,200,13.43,975.1,.20459,1908.4,0,42.36
102,2013,102,300,13.44,772.22,.13639,2378.4,0,48.18
102,2013,102,400,13.44,461.02,.04871,4176.4,0,121.8
102,2013,102,500,13.44,0,.00974,4334.7,0,106.5
102,2013,102,600,13.45,41.568,.00974,1756.9,0,25.98
102,2013,102,700,13.45,150.45,.01948,2227.6,0,148.7
102,2013,102,800,12.78,75.509,0,3128.1,0,140.5
102,2013,102,900,12.72,95.285,0,2536.9,0,133
102,2013,102,1000,12.72,2.0724,0,83.547,0,102.5
102,2013,102,1100,13.44,84.196,0,298.82,0,136.4
102,2013,102,1200,13.41,47.304,.00974,173.8,0,118.3
102,2013,102,1300,13.37,0,.02923,0,0,50.18
102,2013,102,1400,13.35,0,.11692,0,0,-23.13
102,2013,102,1500,13.32,0,.01949,0,0,-158.1
102,2013,102,1600,13.28,0,0,0,0,-106.9
102,2013,102,1700,13.29,0,0,0,0,-22.04
102,2013,102,1800,13.29,0,.01948,848.64,0,57.06
102,2013,102,1900,13.3,0,.02922,434.6,0,16.35
102,2013,102,2000,13.33,0,.32149,1710.6,0,-17.39
102,2013,102,2100,13.36,0,.2923,797.11,0,83
102,2013,102,2200,13.37,0,.21435,969.65,0,-6.414
102,2013,102,2300,13.39,0,.23384,2164.2,0,-42.7
101,2013,102,2400,12.72,3464.7,2.1044,31259,0
102,2013,102,2400,13.4,0,.15589,973.55,0,153.8
102,2013,103,100,13.41,0,.16563,526.94,0,84.1
102,2013,103,200,13.42,0,.15588,183.51,0,96.6
102,2013,103,300,13.42,0,.17537,0,0,223.3
102,2013,103,400,13.43,0,.17537,26.057,0,154.9
102,2013,103,500,13.43,0,.15588,363.22,0,226
102,2013,103,600,13.44,0,.16562,989.47,0,236.3
102,2013,103,700,13.46,0,.14613,181.43,0,206.8
102,2013,103,800,13.46,0,.09742,939.07,0,187
102,2013,103,900,12.78,0,.01948,798.39,0,176.7
102,2013,103,1000,12.78,0,0,45.959,0,247
102,2013,103,1100,12.79,880.49,0,0,0,188
102,2013,103,1200,13.32,0,.02923,0,0,185.1
102,2013,103,1300,13.3,0,.05845,741.36,0,41.57
102,2013,103,1400,13.27,0,0,389.54,0,-107.3
102,2013,103,1500,13.24,0,0,387.07,0,18.88
102,2013,103,1600,13.24,0,0,379.09,0,-26.91
102,2013,103,1700,13.25,0,0,198.48,0,14.76
102,2013,103,1800,13.27,0,0,516.53,0,-107.7
102,2013,103,1900,13.29,0,0,1966.5,0,-76.4
102,2013,103,2000,13.31,0,.05845,2119.2,0,-.48
102,2013,103,2100,13.34,0,.24359,1294.8,0,15.86
102,2013,103,2200,13.37,0,.36051,990.85,0,-47.64
102,2013,103,2300,13.39,0,.34101,81.419,0,-105
101,2013,103,2400,12.78,880.49,2.6013,13119,0
102,2013,103,2400,13.4,0,.25332,0,0,-200.6
102,2013,104,100,13.42,0,.24357,0,0,-179.5
102,2013,104,200,13.42,0,.17537,416.38,0,-98.4
102,2013,104,300,13.43,0,.15588,354.08,0,-8.32
102,2013,104,400,13.44,0,.13639,2097.2,0,27.75
102,2013,104,500,13.44,0,.11691,476.36,0,60
102,2013,104,600,13.44,0,.10717,0,0,145.4
102,2013,104,700,13.45,0,.04871,94.519,0,103.8
102,2013,104,800,13.44,0,.00974,301.41,0,131.2
102,2013,104,900,13.37,0,.17536,256.98,0,100.3
102,2013,104,1000,13.32,0,.01948,9.9441,0,-82.8
102,2013,104,1100,13.28,0,0,250.43,0,-202.5
102,2013,104,1200,13.24,0,0,609.54,0,-158.3
102,2013,104,1300,13.22,0,0,0,0,-132.2
102,2013,104,1400,13.21,0,0,0,0,-65.01
102,2013,104,1500,13.19,0,0,0,0,-7.62
102,2013,104,1600,13.19,0,0,0,0,50.58
102,2013,104,1700,13.21,0,0,0,0,181.5
102,2013,104,1800,13.22,0,.0682,0,0,118.8
102,2013,104,1900,13.26,0,0,0,0,65.87
102,2013,104,2000,13.3,0,.16561,379.79,0,100.8
102,2013,104,2100,13.33,0,.14615,95.056,0,-123.9
102,2013,104,2200,13.35,0,.12667,973.86,0,-71.7
102,2013,104,2300,13.37,0,.12667,656.57,0,-111.4
101,2013,104,2400,13.19,0,1.9388,7377.4,0
102,2013,104,2400,13.38,0,.11692,405.26,0,13.35
102,2013,105,100,13.39,0,.12666,753.8,0,-114.5
102,2013,105,200,13.41,0,.25332,513.53,0,-136.8
102,2013,105,300,13.42,0,.23383,583.55,0,-26.62
102,2013,105,400,13.43,0,.20459,1126.9,0,-24.92
102,2013,105,500,13.44,0,.27279,1306.4,0,39.57
102,2013,105,600,13.46,0,.29227,2081.4,0,.596
102,2013,105,700,13.46,0,.27278,2139.6,0,27.54
102,2013,105,800,13.47,0,.13639,1113.2,0,39.41
102,2013,105,900,13.45,0,.16561,314.35,0,-.656
102,2013,105,1000,13.43,0,.01948,90.09,0,3.166
102,2013,105,1100,13.36,5.0943,.05846,415.3,0,-18.14
102,2013,105,1200,13.29,21.02,.01949,0,0,-126.2
102,2013,105,1300,13.25,0,0,630.51,0,-233.3
102,2013,105,1400,13.22,0,0,0,0,-202.8
102,2013,105,1500,13.21,0,0,0,0,-79.4
102,2013,105,1600,13.2,0,0,0,0,-34.58
102,2013,105,1700,13.22,0,0,0,0,-61.11
102,2013,105,1800,13.22,0,0,0,0,-126.2
102,2013,105,1900,13.26,0,0,0,0,-119.1
102,2013,105,2000,13.29,0,.04871,91.168,0,-128
102,2013,105,2100,13.32,0,0,700.51,0,-51.75
102,2013,105,2200,13.35,0,0,956.44,0,-104.8
102,2013,105,2300,13.37,0,0,920.22,0,-99.6
101,2013,105,2400,13.2,26.114,2.1141,14684,0
102,2013,105,2400,13.38,0,.00974,946.94,0,-80.9
102,2013,106,100,13.39,0,.03897,1458.3,0,-138.6
102,2013,106,200,13.4,0,.1364,204.13,0,-117.1
102,2013,106,300,13.41,0,.18512,372.02,0,-126.2
102,2013,106,400,13.42,0,.2046,103.7,0,-140.1
102,2013,106,500,13.44,0,.23382,0,0,24.82
102,2013,106,600,13.44,0,.27279,175.88,0,90.6
102,2013,106,700,13.45,0,.2533,0,0,59.23
102,2013,106,800,13.46,0,.32149,235.72,0,19.59
102,2013,106,900,13.42,0,.33123,267.39,0,43.72
102,2013,106,1000,13.37,0,.0682,237.34,0,-48.66
102,2013,106,1100,13.34,0,0,0,0,-273.5
102,2013,106,1200,13.29,0,0,47.99,0,-286.4
102,2013,106,1300,13.25,37.923,0,426.25,0,-155.9
102,2013,106,1400,13.26,1.1787,.01949,332.13,0,-123.5
102,2013,106,1500,13.24,147.36,0,48.16,0,-35.24
102,2013,106,1600,13.24,23.756,0,0,0,-17.61
102,2013,106,1700,13.26,23.439,0,90.03,0,95.1
102,2013,106,1800,13.31,0,0,12.434,0,-75.5
102,2013,106,1900,13.33,0,0,93.671,0,-80.3
102,2013,106,2000,13.36,0,0,82.647,0,-80.3
102,2013,106,2100,13.39,0,.01949,304.69,0,42.92
102,2013,106,2200,13.4,0,.04871,314.97,0,84.1
102,2013,106,2300,13.42,0,.0682,584.42,0,10.9
101,2013,106,2400,13.24,233.66,2.2992,6014,0
102,2013,106,2400,13.42,0,.09743,622.06,0,-117.4
102,2013,107,100,13.44,0,.16562,625.39,0,-184.6
102,2013,107,200,13.44,0,.07794,173.83,0,-232.4
102,2013,107,300,13.46,0,.10716,0,0,-146.6
102,2013,107,400,13.46,0,.00974,12.822,0,-134.5
102,2013,107,500,13.46,0,.09742,517.7,0,-183
102,2013,107,600,13.46,0,.08768,361.42,0,-44.62
102,2013,107,700,13.46,0,.00974,0,0,30.81
102,2013,107,800,13.46,0,.01948,0,0,1.451
102,2013,107,900,13.46,0,.10716,0,0,67.44
102,2013,107,1000,13.46,0,.02923,0,0,169.3
102,2013,107,1100,13.44,0,.07794,1166.7,0,190.8
102,2013,107,1200,13.42,0,.05845,402.35,0,173
102,2013,107,1300,13.35,0,.00974,0,0,112.5
102,2013,107,1400,13.32,0,0,0,0,-48.76
102,2013,107,1500,13.25,0,0,0,0,-43.11
102,2013,107,1600,13.28,0,0,0,0,-94.7
102,2013,107,1700,13.27,0,0,0,0,-224
102,2013,107,1800,13.27,61.635,0,0,0,-189.9
102,2013,107,1900,13.27,32.201,0,0,0,-267.3
102,2013,107,2000,13.3,0,.00974,0,0,-296.3
102,2013,107,2100,13.32,0,.01949,0,0,-181.4
102,2013,107,2200,13.35,0,.0682,0,0,-174.6
102,2013,107,2300,13.37,0,.04872,0,0,-156.8
101,2013,107,2400,13.25,93.836,1.2568,3260.2,0
102,2013,107,2400,13.39,0,.25331,0,0,-119.1
102,2013,108,100,13.41,0,.14613,0,0,-110.6
102,2013,108,200,13.44,0,.17536,0,0,-119
102,2013,108,300,13.44,0,.23381,0,0,-198
102,2013,108,400,13.45,0,.13639,0,0,-168.3
102,2013,108,500,13.45,0,.09742,0,0,-37.33
102,2013,108,600,13.46,0,.08768,497.21,0,-37.93
102,2013,108,700,13.47,0,.07794,721.06,0,-71.3
102,2013,108,800,13.47,0,.04871,776.08,0,-63.98
102,2013,108,900,13.46,0,.02923,853.98,0,2.301
102,2013,108,1000,13.44,0,.00974,0,0,71.3
102,2013,108,1100,12.93,0,0,0,0,-51.67
102,2013,108,1200,12.75,0,0,0,0,-238.1
102,2013,108,1300,13.25,0,0,0,0,-199.1
102,2013,108,1400,13.21,79.919,0,0,0,-244.6
102,2013,108,1500,13.21,0,0,0,0,-98
102,2013,108,1600,13.21,0,0,0,0,-99.6
102,2013,108,1700,13.22,0,0,0,0,-203.8
102,2013,108,1800,13.26,75.909,0,0,0,-314.4
102,2013,108,1900,13.27,0,0,0,0,-313.9
102,2013,108,2000,13.3,0,.02922,0,0,-86.1
102,2013,108,2100,13.33,0,.01949,0,0,-158.7
102,2013,108,2200,13.35,0,0,0,0,-189.3
102,2013,108,2300,13.38,0,.05846,0,0,-85.6
101,2013,108,2400,12.75,155.83,1.2957,2848.3,0
102,2013,108,2400,13.39,0,.14614,0,0,-85.3
102,2013,109,100,13.4,0,.32151,0,0,-88.1
102,2013,109,200,13.41,0,.32151,1359.5,0,-167.3
102,2013,109,300,13.42,0,.0682,0,0,-159.8
102,2013,109,400,13.44,0,.00974,0,0,-114.8
102,2013,109,500,13.45,0,.00974,0,0,-116.8
102,2013,109,600,13.45,0,.00974,0,0,-109.1
102,2013,109,700,13.47,0,0,0,0,-130.2
102,2013,109,800,13.47,0,0,0,0,-95.9
102,2013,109,900,13.43,0,.09742,248.86,0,-48.91
102,2013,109,1000,13.37,0,.33125,9.8241,0,-34.47
102,2013,109,1100,13.32,0,.96455,0,0,-296.5
102,2013,109,1200,13.31,0,1.7242,0,0,-500.6
102,2013,109,1300,13.27,0,1.432,0,0,-438.8
102,2013,109,1400,13.22,0,1.1691,1209.8,0,-478.4
102,2013,109,1500,13.2,395.39,.47742,0,0,-245.7
102,2013,109,1600,13.2,0,0,0,0,-81.8
102,2013,109,1700,13.22,0,0,0,0,-145.6
102,2013,109,1800,13.24,0,0,0,0,-117.3
102,2013,109,1900,13.26,0,0,0,0,-147.7
102,2013,109,2000,13.27,0,.00974,0,0,-166.6
102,2013,109,2100,13.31,0,0,0,0,-200.3
102,2013,109,2200,13.34,0,.14615,0,0,-93.8
102,2013,109,2300,13.35,0,.19488,390.92,0,-390.2
101,2013,109,2400,13.2,882.9,7.6185,5479.5,0
102,2013,109,2400,13.37,487.51,.33128,2260.6,0,-384
102,2013,110,100,13.39,969.05,.43844,15.371,0,-363.4
102,2013,110,200,13.4,91.33,.32152,101.77,0,-284.2
102,2013,110,300,13.42,0,.18511,0,0,-204.9
102,2013,110,400,13.43,0,.1364,3085.2,0,-94
102,2013,110,500,13.44,0,.28253,0,0,21.68
102,2013,110,600,13.45,0,.10716,0,0,-22.89
102,2013,110,700,13.46,0,.02923,0,0,27.29
102,2013,110,800,13.46,105.06,.06819,1338.9,0,103.2
102,2013,110,900,13.42,0,.33123,782.22,0,149
102,2013,110,1000,13.34,1024.7,.39946,0,0,106.8
102,2013,110,1100,13.28,0,.26304,0,0,64.02
102,2013,110,1200,13.24,0,.22408,0,0,76.8
102,2013,110,1300,13.22,0,0,0,0,24.21
102,2013,110,1400,13.19,0,0,0,0,166.9
102,2013,110,1500,13.17,0,0,0,0,132
102,2013,110,1600,13.17,0,0,0,0,111.9
102,2013,110,1700,13.19,0,0,0,0,74.3
102,2013,110,1800,13.21,48.969,0,0,0,-15.86
102,2013,110,1900,13.25,0,0,0,0,-8.73
102,2013,110,2000,13.26,0,0,0,0,-26.63
102,2013,110,2100,13.3,0,.07794,0,0,-26.1
102,2013,110,2200,13.34,332.43,.57488,0,0,51.8
102,2013,110,2300,13.37,0,1.7051,0,0,-64.91
101,2013,110,2400,13.17,2571.5,7.0053,5323.5,0
102,2013,110,2400,13.39,0,1.861,0,0,-72.3
102,2013,111,100,13.4,0,1.5686,0,0,-21.5
102,2013,111,200,13.4,103.26,1.783,0,0,76.4
102,2013,111,300,13.42,87.357,1.7927,0,0,57.3
102,2013,111,400,13.42,0,2.2603,0,0,94.5
102,2013,111,500,13.43,0,2.1531,0,0,123.9
102,2013,111,600,13.44,2090.4,1.89,0,0,124.8
102,2013,111,700,13.44,4344.7,1.4419,508.69,0,111.6
102,2013,111,800,13.44,1284.4,1.4419,0,0,128.9
102,2013,111,900,13.44,2436.4,1.286,0,0,144.4
102,2013,111,1000,13.4,3058.3,1.3347,0,0,123.5
102,2013,111,1100,13.32,0,1.8902,0,0,45.03
102,2013,111,1200,12.78,0,2.0751,0,0,44.57
102,2013,111,1300,12.78,0,.11692,320.28,0,-139
102,2013,111,1400,12.84,0,0,0,0,-44.75
102,2013,111,1500,12.83,0,0,0,0,-40.62
102,2013,111,1600,12.83,0,0,0,0,-8.77
102,2013,111,1700,12.82,0,0,0,0,37.15
102,2013,111,1800,13.25,0,0,0,0,-82.4
102,2013,111,1900,13.27,0,0,0,0,-86.5
102,2013,111,2000,13.29,0,.01948,0,0,-121.6
102,2013,111,2100,13.32,0,.2046,0,0,-23.12
102,2013,111,2200,13.35,0,.57488,0,0,54.83
102,2013,111,2300,13.37,2199.7,1.0523,580.09,0,240.3
101,2013,111,2400,12.78,18379,24.552,6042.8,0
102,2013,111,2400,13.39,2774.9,1.6661,4633.8,0,199.7
102,2013,112,100,13.4,0,1.7538,732.21,0,216.7
102,2013,112,200,13.4,0,1.7537,1.2262,0,138.2
102,2013,112,300,13.42,0,1.5881,0,0,188.4
102,2013,112,400,13.43,0,1.2665,21.358,0,196.4
102,2013,112,500,13.44,0,1.2373,3131.6,0,64.98
102,2013,112,600,12.73,0,1.1301,0,0,134.3
102,2013,112,700,12.71,0,1.1593,2585.6,0,133.8
102,2013,112,800,12.71,0,.95471,124.92,0,129.6
102,2013,112,900,13.4,0,1.1496,748.04,0,165.4
102,2013,112,1000,13.35,252.81,.96456,0,0,278.7
102,2013,112,1100,13.12,0,.3215,0,0,129.1
102,2013,112,1200,12.87,0,.08768,507.37,0,467.9
102,2013,112,1300,13.22,0,0,0,0,487.8
102,2013,112,1400,13.2,0,0,0,0,409.3
102,2013,112,1500,13.2,0,0,0,0,420.9
102,2013,112,1600,13.21,0,0,436.38,0,369.6
102,2013,112,1700,13.22,0,0,1373,0,173.7
102,2013,112,1800,13.24,0,0,1060.5,0,39.76
102,2013,112,1900,13.26,0,.01948,0,0,-18.37
102,2013,112,2000,13.3,0,.31173,0,0,-33.36
102,2013,112,2100,13.32,0,.82809,0,0,-177.8
102,2013,112,2200,13.35,0,1.2277,0,0,-143.9
102,2013,112,2300,13.37,0,1.4908,1616.5,0,-41.81
101,2013,112,2400,12.71,252.81,18.784,15842,0
102,2013,112,2400,13.39,0,1.5394,3503.7,0,-66.55
102,2013,113,100,13.41,0,1.2958,2395.1,0,10.04
102,2013,113,200,13.41,0,1.062,2397.2,0,116.5
102,2013,113,300,13.42,0,.84762,585.79,0,57.07
102,2013,113,400,13.44,0,.71121,87.3,0,7.31
102,2013,113,500,13.44,0,.67223,58.291,0,-54.33
102,2013,113,600,13.45,0,.5748,282.85,0,89.8
102,2013,113,700,13.46,0,.70144,319.03,0,124.2
102,2013,113,800,13.46,0,.49685,0,0,195.2
102,2013,113,900,13.42,0,.35072,0,0,195.2
102,2013,113,1000,13.33,0,.77944,0,0,201.2
102,2013,113,1100,13.28,0,.83782,22.186,0,328.5
102,2013,113,1200,13.23,0,.54555,1862.8,0,217.9
102,2013,113,1300,13.22,0,0,0,0,81.5
102,2013,113,1400,13.21,0,0,0,0,83.6
102,2013,113,1500,13.22,0,.97434,0,0,13.02
102,2013,113,1600,13.25,0,.58457,0,0,189.7
102,2013,113,1700,13.27,0,.16562,437.89,0,97.8
102,2013,113,1800,13.28,0,.03897,434,0,61.05
102,2013,113,1900,13.29,0,.21433,118.84,0,-2.956
102,2013,113,2000,13.31,0,.79882,0,0,11.18
102,2013,113,2100,13.34,0,1.5491,0,0,-143.8
102,2013,113,2200,13.37,0,1.5298,0,0,-199.8
102,2013,113,2300,13.38,0,1.3056,558.09,0,-268.1
101,2013,113,2400,13.21,0,16.797,10152,0
102,2013,113,2400,13.4,0,.75997,593.12,0,-318.2
102,2013,114,100,13.41,0,.72098,121.53,0,-305.7
102,2013,114,200,13.42,0,.53585,1315.2,0,-250.6
102,2013,114,300,13.44,0,.31176,1575.5,0,-194.8
102,2013,114,400,13.44,0,.66248,0,0,-195.1
102,2013,114,500,13.46,0,.8086,0,0,-230.4
102,2013,114,600,13.46,0,.50658,0,0,-5.918
102,2013,114,700,13.47,2.365,.07794,114.08,0,-58.48
102,2013,114,800,13.47,0,.00974,428.26,0,.722
102,2013,114,900,13.41,0,591.84,1180.4,0,136.3
102,2013,114,1000,13.34,0,664.49,0,0,60.89
102,2013,114,1100,13.3,0,0,2194.4,0,.336
102,2013,114,1200,13.28,0,0,4291,0,-175.6
102,2013,114,1300,13.25,0,0,1599.1,0,-199.6
102,2013,114,1400,13.22,0,3829.4,79.275,0,-137.3
102,2013,114,1500,13.19,0,3910.1,0,0,-214.2
102,2013,114,1600,13.2,0,1794.5,0,0,-88.7
102,2013,114,1700,13.23,0,3619.3,390.43,0,-99.8
102,2013,114,1800,13.26,0,2052.9,4113,0,-58.38
102,2013,114,1900,13.29,0,5441.4,3148.8,0,-143.6
102,2013,114,2000,13.3,0,764.17,0,0,-70
102,2013,114,2100,13.34,0,3341.3,0,0,-80.4
102,2013,114,2200,13.36,0,5081.8,0,0,11.27
102,2013,114,2300,13.38,0,1073.3,0,0,-130.3
101,2013,114,2400,13.19,2.365,35762,20551,0
102,2013,114,2400,13.39,0,3594.3,0,0,-1.66
102,2013,115,100,13.4,0,6848,0,0,94.8
102,2013,115,200,13.42,0,3791.4,1095.4,0,36.92
102,2013,115,300,13.42,0,649.91,0,0,24.47
102,2013,115,400,13.43,0,0,0,0,25.15
102,2013,115,500,13.44,0,0,0,0,-30.81
102,2013,115,600,13.45,0,0,0,0,83.5
102,2013,115,700,13.45,0,0,0,0,170.5
102,2013,115,800,13.46,0,0,113.96,0,165.4
102,2013,115,900,13.45,0,0,0,0,252.6
102,2013,115,1000,12.7,0,0,0,0,250.7
102,2013,115,1100,12.66,0,0,575.3,0,205.1
102,2013,115,1200,12.71,0,2000.8,0,0,166.8
102,2013,115,1300,13.25,0,0,917.59,0,101.4
102,2013,115,1400,13.22,0,0,1979.8,0,68.6
102,2013,115,1500,13.2,0,0,1555.8,0,150
102,2013,115,1600,13.19,0,0,194.81,0,127.6
102,2013,115,1700,13.2,0,0,1294.9,0,14.33
102,2013,115,1800,13.22,0,0,2730.2,0,68.82
102,2013,115,1900,13.24,0,0,2713.6,0,66.03
102,2013,115,2000,13.26,0,0,1801.3,0,83
102,2013,115,2100,13.28,0,0,5606.7,0,179.7
102,2013,115,2200,13.32,0,0,5322,0,108.7
102,2013,115,2300,13.33,345.1,154.02,5145.2,0,29.8
101,2013,115,2400,12.66,3357.5,16479,36896,0
102,2013,115,2400,13.35,3012.4,3034.3,5849.4,0,90.4
102,2013,116,100,13.37,4612.7,460.88,3795.5,0,-16.67
102,2013,116,200,13.37,648.89,784.48,0,0,2.698
102,2013,116,300,13.39,231.78,0,0,0,130
102,2013,116,400,13.4,0,0,360.12,0,178.4
102,2013,116,500,13.4,0,0,0,0,111.6
102,2013,116,600,13.43,0,0,0,0,72.3
102,2013,116,700,13.44,0,0,0,0,24.17
102,2013,116,800,13.45,1342.5,0,0,0,64.08
102,2013,116,900,13.43,914.42,0,0,0,17.91
102,2013,116,1000,13.38,0,412.34,952.8,0,1.913
102,2013,116,1100,13.37,0,1303.2,0,0,15.78
102,2013,116,1200,12.89,0,1632.8,49.482,0,33.71
102,2013,116,1300,12.75,0,276.09,208.97,0,-56.3
102,2013,116,1400,13.3,0,0,1595.1,0,-130.9
102,2013,116,1500,13.27,0,0,1832.8,0,-125.5
102,2013,116,1600,13.27,0,0,0,0,-55.91
102,2013,116,1700,13.27,0,0,0,0,-61.3
102,2013,116,1800,13.28,0,0,0,0,-60.39
102,2013,116,1900,13.29,0,0,0,0,-13.15
102,2013,116,2000,13.32,0,0,4944.4,0,35.38
102,2013,116,2100,13.35,0,5045.2,4447.9,0,5.631
102,2013,116,2200,13.37,.71197,2780.9,5238.2,0,-95.8
102,2013,116,2300,13.39,336.48,0,0,0,-218.6
101,2013,116,2400,12.75,8121.2,12696,23425,0
102,2013,116,2400,13.4,33.636,0,0,0,-185.6
102,2013,117,100,13.41,0,0,0,0,-202
102,2013,117,200,13.43,0,0,0,0,-204.6
102,2013,117,300,13.44,0,0,0,0,-255.7
102,2013,117,400,13.45,0,0,0,0,-181.2
102,2013,117,500,13.45,0,0,0,0,-130
102,2013,117,600,13.47,0,0,0,0,-229.3
102,2013,117,700,13.47,0,0,0,0,-190.2
102,2013,117,800,12.72,0,0,0,0,-93.5
102,2013,117,900,12.71,0,0,0,0,-78.6
102,2013,117,1000,12.71,0,0,0,0,-55.46
102,2013,117,1100,12.71,0,541.93,614.88,0,57.37
102,2013,117,1200,12.73,0,0,0,0,-26.24
102,2013,117,1300,12.76,0,0,4293.1,0,-57.62
102,2013,117,1400,12.76,0,0,2624.6,0,-77.7
102,2013,117,1500,12.78,0,0,0,0,96
102,2013,117,1600,12.78,0,584.36,0,0,-35.51
102,2013,117,1700,12.76,0,0,1795.2,0,-144.2
102,2013,117,1800,12.76,0,0,0,0,-86.7
102,2013,117,1900,12.74,0,0,0,0,-57.19
102,2013,117,2000,12.74,0,0,0,0,-165.5
102,2013,117,2100,12.74,0,0,0,0,-128
102,2013,117,2200,13.33,0,0,0,0,-45.77
102,2013,117,2300,13.35,0,0,0,0,-190.8
101,2013,117,2400,12.71,0,3704.8,9327.9,0
102,2013,117,2400,13.39,0,2578.5,0,0,-282
102,2013,118,100,13.4,0,5406.8,0,0,-233.7
102,2013,118,200,13.4,0,5648.9,0,0,-148.1
102,2013,118,300,13.42,0,3957.4,0,0,-30.87
102,2013,118,400,13.42,0,1530.4,0,0,-66.06
102,2013,118,500,13.43,0,2017.1,0,0,-46.48
102,2013,118,600,13.43,0,133.57,1718.8,0,-112.7
102,2013,118,700,12.89,0,532.82,4972.5,0,-138.4
102,2013,118,800,12.8,0,2377,1316.1,0,-184.5
102,2013,118,900,12.78,0,1574.9,3256.6,0,-189.1
102,2013,118,1000,12.78,0,0,265.88,0,-217.2
102,2013,118,1100,12.78,0,0,5.2046,0,-374.1
102,2013,118,1200,12.78,0,0,0,0,-256.1
102,2013,118,1300,12.79,0,0,0,0,-185.7
102,2013,118,1400,12.79,0,2832.2,0,0,-245.8
102,2013,118,1500,12.79,0,3183.4,0,0,-123.3
102,2013,118,1600,12.79,0,3056.8,0,0,-4.946
102,2013,118,1700,12.78,0,3534.4,0,0,-77.9
102,2013,118,1800,12.76,0,186.07,210.52,0,-285.4
102,2013,118,1900,12.75,0,0,0,0,-282.7
102,2013,118,2000,12.74,0,0,0,0,-265.6
102,2013,118,2100,12.73,0,0,0,0,-325.3
102,2013,118,2200,13.31,0,0,0,0,-286.1
102,2013,118,2300,13.34,0,0,0,0,-309.2
101,2013,118,2400,12.73,0,35972,11746,0
102,2013,118,2400,13.35,0,0,0,0,-305.3
102,2013,119,100,13.37,0,0,0,0,-215.3
102,2013,119,200,13.4,0,5381.9,0,0,-221.3
102,2013,119,300,13.42,0,7353.8,11.62,0,-236.3
102,2013,119,400,13.42,0,3718.2,406.13,0,-144.8
102,2013,119,500,13.43,0,2783.6,608.39,0,-4.689
102,2013,119,600,13.44,0,2122.5,4305.8,0,-65.15
102,2013,119,700,13.45,0,2688.2,886.04,0,-64.18
102,2013,119,800,13.46,0,771.44,301.33,0,-143.8
102,2013,119,900,13.41,0,735.74,483.32,0,-202.7
102,2013,119,1000,13.35,0,317.81,0,0,-97.5
102,2013,119,1100,13.32,0,0,0,0,-285
102,2013,119,1200,13.3,0,407.41,0,0,-433.4
102,2013,119,1300,13.27,0,449.5,0,0,-459.5
102,2013,119,1400,13.27,0,69.434,0,0,-624.3
102,2013,119,1500,13.25,0,0,0,0,-618.9
102,2013,119,1600,12.83,0,0,0,0,-408.4
102,2013,119,1700,13.24,0,0,0,0,-325.7
102,2013,119,1800,13.27,0,9.3237,0,0,-378.6
102,2013,119,1900,13.29,0,.03897,0,0,-452.9
102,2013,119,2000,13.31,0,.37994,0,0,-344.7
102,2013,119,2100,12.83,0,.8964,0,0,-443.6
102,2013,119,2200,13.37,0,.95488,0,0,-294.8
102,2013,119,2300,13.38,0,1.4615,0,0,-244.5
101,2013,119,2400,12.83,0,26814,7002.7,0
102,2013,119,2400,13.39,0,1.3543,0,0,-311.9
102,2013,120,100,13.4,0,1.6758,0,0,-357.6
102,2013,120,200,13.41,0,1.7342,0,0,-442.9
102,2013,120,300,13.42,0,1.8901,0,0,-413.2
102,2013,120,400,13.43,0,1.7244,0,0,-510.7
102,2013,120,500,13.43,0,1.9095,1.2577,0,-399.2
102,2013,120,600,13.44,0,1.8413,1207.4,0,-298.5
102,2013,120,700,13.44,0,1.851,2659.2,0,-257.6
102,2013,120,800,13.46,0,1.5782,808.64,0,-148.1
102,2013,120,900,13.45,0,118.66,0,0,-242.3
102,2013,120,1000,13.43,0,1.7244,0,0,-158.4
102,2013,120,1100,13.4,0,1.8608,0,0,-188.6
102,2013,120,1200,13.37,0,1.7538,0,0,-197.2
102,2013,120,1300,13.33,0,90.656,0,0,-66.65
102,2013,120,1400,13.32,0,1181.8,0,0,-88.1
102,2013,120,1500,13.29,0,251.36,0,0,-131.2
102,2013,120,1600,13.28,0,245.34,0,0,-112.5
102,2013,120,1700,13.27,0,61.24,0,0,72
102,2013,120,1800,13.28,0,.61376,0,0,243.6
102,2013,120,1900,13.29,0,0,0,0,132.3
102,2013,120,2000,12.85,0,0,0,0,67.86
102,2013,120,2100,12.77,206.03,0,251.23,0,184.9
102,2013,120,2200,12.75,2983.5,0,0,0,217.8
102,2013,120,2300,13.38,406.58,0,0,0,73.2
101,2013,120,2400,12.75,3596.1,1969.2,4927.8,0
102,2013,120,2400,13.39,0,0,0,0,47.38
102,2013,121,100,13.4,0,0,0,0,24.99
102,2013,121,200,13.4,0,0,0,0,-171.4
102,2013,121,300,13.41,0,0,0,0,-188.4
102,2013,121,400,13.42,0,0,63.743,0,-127.3
102,2013,121,500,13.43,0,0,2975.7,0,-113.2
102,2013,121,600,13.44,0,0,5285.5,0,-198.5
102,2013,121,700,13.45,0,0,1994.5,0,-205.4
102,2013,121,800,13.44,0,0,572.96,0,-245.4
102,2013,121,900,13.44,1294.9,0,4339.3,0,-173.7
102,2013,121,1000,13.41,9.4212,0,62.736,0,-58.8
102,2013,121,1100,13.39,0,0,0,0,114.9
102,2013,121,1200,13.41,0,.03897,0,0,210
102,2013,121,1300,13.39,60.708,1.7148,0,0,110
102,2013,121,1400,13.35,2432.3,1.5492,0,0,-12.84
102,2013,121,1500,13.32,2423.9,1.4613,0,0,34.68
102,2013,121,1600,13.28,0,.24354,0,0,180.7
102,2013,121,1700,13.27,0,0,0,0,64.99
102,2013,121,1800,13.29,0,.00974,0,0,-18.18
102,2013,121,1900,13.3,0,.76959,0,0,-95.6
102,2013,121,2000,13.31,0,.44811,0,0,-18.47
102,2013,121,2100,13.33,0,1.0716,0,0,88.5
102,2013,121,2200,13.37,0,2.621,0,0,-69.24
102,2013,121,2300,13.39,0,4.589,0,0,-228.2
101,2013,121,2400,13.27,6221.3,19.603,15294,0
102,2013,121,2400,13.41,0,5.0858,0,0,-303.9
102,2013,122,100,13.42,0,6.2255,0,0,-235.1
102,2013,122,200,13.44,0,5.524,0,0,-188.7
102,2013,122,300,13.45,118.09,4.1892,301.06,0,-122.7
102,2013,122,400,13.46,73.152,5.2607,3212.8,0,-147.2
102,2013,122,500,13.46,16.761,6.7804,0,0,-66.75
102,2013,122,600,13.47,0,5.3384,0,0,-107
102,2013,122,700,13.47,0,6.5075,0,0,-125.4
102,2013,122,800,13.47,79.058,8.9039,0,0,-215.8
102,2013,122,900,13.43,2.8951,2.8154,1481.9,0,-106.5
102,2013,122,1000,13.34,24.025,0,0,0,-44.36
102,2013,122,1100,13.28,104.12,0,0,0,-53.57
102,2013,122,1200,13.21,39.075,0,0,0,-183.1
102,2013,122,1300,13.21,0,2879.5,0,0,-133
102,2013,122,1400,13.21,6.5978,0,0,0,-185.8
102,2013,122,1500,13.2,0,5279.9,0,0,-28
102,2013,122,1600,13.24,0,927.3,0,0,-190.3
102,2013,122,1700,13.24,0,0,0,0,-175.6
102,2013,122,1800,13.28,0,0,0,0,-264.2
102,2013,122,1900,13.3,0,0,0,0,-212.5
102,2013,122,2000,13.32,99.062,0,0,0,-102.8
102,2013,122,2100,13.36,654.5,0,0,0,-145.7
102,2013,122,2200,13.39,66.31,0,0,0,-289.7
102,2013,122,2300,13.4,0,0,0,0,-371.4
101,2013,122,2400,13.2,1283.7,9138.2,5014.5,0
102,2013,122,2400,13.41,0,0,18.709,0,-346.4
102,2013,123,100,13.42,0,0,1404.4,0,-302.3
102,2013,123,200,13.4,0,0,5368.6,0,-343.9
102,2013,123,300,13.38,0,0,2654.2,0,-354.5
102,2013,123,400,13.43,0,0,4553.7,0,-193.2
102,2013,123,500,13.43,0,320.35,4868.5,0,-141.4
102,2013,123,600,13.43,0,774.38,4911.9,0,-205.1
102,2013,123,700,13.44,0,126.53,4788.5,0,-209.5
102,2013,123,800,13.43,0,222.07,2743.3,0,-187.2
102,2013,123,900,13.4,0,400.97,1648.5,0,-157.8
102,2013,123,1000,13.34,0,0,0,0,-224.6
102,2013,123,1100,13.26,0,0,0,0,-237.2
102,2013,123,1200,13.25,0,0,0,0,-318.6
102,2013,123,1300,13.26,0,119.54,18.154,0,-478.4
102,2013,123,1400,13.3,169.27,241.49,0,0,-445.1
102,2013,123,1500,13.27,10.069,.13639,93.124,0,-352.3
102,2013,123,1600,13.25,21.926,441.77,5.4026,0,-364.1
102,2013,123,1700,13.33,0,.19487,0,0,-504.8
102,2013,123,1800,13.35,0,133.22,0,0,-317
102,2013,123,1900,13.35,0,217.34,0,0,-275.2
102,2013,123,2000,13.37,0,0,1196.8,0,-330.1
102,2013,123,2100,12.75,0,.37023,3222.4,0,-226.3
102,2013,123,2200,13.4,0,.21434,18.803,0,-300.8
102,2013,123,2300,13.41,0,0,475.56,0,-269.6
101,2013,123,2400,12.75,201.27,3041.2,38295,0
102,2013,123,2400,13.42,0,42.595,323.29,0,-113.5
102,2013,124,100,13.42,0,0,0,0,-145.9
102,2013,124,200,13.43,0,262.06,0,0,-102.6
102,2013,124,300,13.43,0,0,0,0,-116.7
102,2013,124,400,13.44,427.04,0,0,0,10.95
102,2013,124,500,13.44,129.84,12.09,0,0,15.57
102,2013,124,600,13.45,3.7573,2.6109,0,0,45.5
102,2013,124,700,13.45,0,1.5879,0,0,79.8
102,2013,124,800,13.45,0,3645.8,0,0,137.8
102,2013,124,900,13.38,0,2052.5,0,0,167.6
102,2013,124,1000,12.78,483.32,1724.4,531.63,0,144.4
102,2013,124,1100,12.75,5066.5,1.1008,0,0,-63.75
102,2013,124,1200,12.76,3330,.04871,0,0,-128.7
102,2013,124,1300,12.78,0,4280.8,0,0,12.68
102,2013,124,1400,12.79,0,60.726,0,0,.568
102,2013,124,1500,12.79,0,0,0,0,-72.5
102,2013,124,1600,12.79,0,0,0,0,-148.6
102,2013,124,1700,12.79,0,0,0,0,-89.9
102,2013,124,1800,13.22,0,587.47,0,0,27.49
102,2013,124,1900,13.25,0,1215.2,0,0,-8.86
102,2013,124,2000,13.29,0,0,0,0,-116.3
102,2013,124,2100,13.32,80.546,0,0,0,127.2
102,2013,124,2200,13.34,33.173,0,0,0,95.5
102,2013,124,2300,13.35,0,0,0,0,-13.48
101,2013,124,2400,12.75,9878.1,13846,531.63,0
102,2013,124,2400,13.37,323.97,0,0,0,-68.62
102,2013,125,100,13.37,0,0,0,0,-138.6
102,2013,125,200,13.39,267.39,0,0,0,-96.2
102,2013,125,300,13.4,93.158,0,86.528,0,-108.1
102,2013,125,400,13.41,0,0,1474.8,0,29.28
102,2013,125,500,13.42,0,0,301.25,0,-15.4
102,2013,125,600,13.43,0,0,718.87,0,-38.96
102,2013,125,700,13.43,0,66.122,720.99,0,-66.59
102,2013,125,800,13.44,0,214.28,17.458,0,-35.26
102,2013,125,900,13.44,0,19.475,0,0,8.43
102,2013,125,1000,13.42,0,.93527,0,0,-54.16
102,2013,125,1100,13.35,0,257.86,292.43,0,-104.8
102,2013,125,1200,13.28,359.14,.83789,0,0,-164.3
102,2013,125,1300,13.24,583.31,0,0,0,-222.4
102,2013,125,1400,13.24,0,0,0,0,-45.62
102,2013,125,1500,13.21,0,5433.1,0,0,41.06
102,2013,125,1600,13.21,0,2919.9,0,0,-155.1
102,2013,125,1700,13.22,0,4628.4,0,0,-100.5
102,2013,125,1800,13.25,0,1181.4,0,0,9.68
102,2013,125,1900,13.27,0,17.361,0,0,107.5
102,2013,125,2000,13.3,0,.02923,27.55,0,-129.4
102,2013,125,2100,13.34,0,.40923,84.632,0,-138.4
102,2013,125,2200,13.36,544.08,.83796,0,0,-77.6
102,2013,125,2300,13.38,507.94,1.0718,42.15,0,-64.8
101,2013,125,2400,13.21,3895.3,14743,3768.4,0
102,2013,125,2400,13.39,1540.3,.93534,1.6692,0,14.09
102,2013,126,100,13.41,1439,.99378,19.753,0,48.43
102,2013,126,200,13.42,0,1.062,1225.6,0,-45.12
102,2013,126,300,13.43,0,.99374,527.1,0,12.93
102,2013,126,400,13.44,0,.93528,2106.7,0,32.29
102,2013,126,500,13.44,0,.91579,4501.2,0,96.7
102,2013,126,600,13.44,1387.6,.96449,884.66,0,109.1
102,2013,126,700,13.44,1971.5,.945,444.87,0,137.5
102,2013,126,800,13.45,0,1.0327,0,0,160.7
102,2013,126,900,13.44,0,125.06,0,0,139.9
102,2013,126,1000,13.43,0,117.29,0,0,80.7
102,2013,126,1100,13.41,0,139.96,0,0,90.7
102,2013,126,1200,13.4,0,320.89,0,0,41.07
102,2013,126,1300,13.41,0,2.5332,0,0,54.37
102,2013,126,1400,13.41,0,2.2116,0,0,19.51
102,2013,126,1500,13.41,0,2.387,0,0,-23.75
102,2013,126,1600,13.41,0,3.2638,0,0,64.55
102,2013,126,1700,13.4,0,5606.8,0,0,165.7
102,2013,126,1800,13.39,0,59.286,0,0,85.6
102,2013,126,1900,13.39,0,0,698.6,0,83.4
102,2013,126,2000,13.4,0,0,0,0,116.4
102,2013,126,2100,13.42,0,0,0,0,111.1
102,2013,126,2200,13.44,0,0,0,0,180.7
102,2013,126,2300,13.45,0,0,1284.3,0,202.1
101,2013,126,2400,13.39,4798,6387.5,13717,0
102,2013,126,2400,13.46,0,0,2024.1,0,203.8
102,2013,127,100,13.46,0,505.43,0,0,320.9
102,2013,127,200,13.46,0,0,491.26,0,361.3
102,2013,127,300,13.47,0,0,834.98,0,263.1
102,2013,127,400,13.46,1468.6,826.96,1870.6,0,264
102,2013,127,500,13.47,1035.9,0,0,0,332.8
102,2013,127,600,13.48,305.13,0,0,0,383.2
102,2013,127,700,13.49,2795.9,0,0,0,427.8
102,2013,127,800,13.48,2448.5,1341,0,0,341.2
102,2013,127,900,13.46,3360.5,4290,0,0,284
102,2013,127,1000,13.44,405.28,.45787,1655.6,0,209.4
102,2013,127,1100,13.42,23.47,.55532,0,0,173.2
102,2013,127,1200,13.36,0,1.3348,0,0,193.9
102,2013,127,1300,13.35,0,78.176,0,0,125.1
102,2013,127,1400,13.36,0,1.6271,153.33,0,35.5
102,2013,127,1500,13.34,0,1.101,0,0,135.8
102,2013,127,1600,13.34,0,1.0327,0,0,80.3
102,2013,127,1700,13.34,0,.52606,0,0,4.059
102,2013,127,1800,13.34,264.07,1.247,0,0,25.84
102,2013,127,1900,13.36,41.59,1.6077,0,0,29.29
102,2013,127,2000,13.39,0,1.5687,0,0,34.24
102,2013,127,2100,13.41,0,1.7927,0,0,41.88
102,2013,127,2200,13.44,58.417,1.7634,0,0,139.3
102,2013,127,2300,13.46,51.842,1.5782,0,0,163.8
101,2013,127,2400,13.34,12281,7059.4,5005.7,0
102,2013,127,2400,13.46,21.95,1.5392,0,0,185.8
102,2013,128,100,13.47,0,1.471,79.217,0,165.6
102,2013,128,200,13.48,67.849,1.3833,0,0,239.1
102,2013,128,300,13.48,0,1.4515,79.547,0,132.3
102,2013,128,400,13.49,0,1.5294,3831.9,0,262.1
102,2013,128,500,13.49,0,2.0654,1644.7,0,249.7
102,2013,128,600,13.5,0,2.046,0,0,219.2
102,2013,128,700,13.51,0,1.9291,0,0,237.3
102,2013,128,800,13.51,0,1.7342,0,0,244.4
102,2013,128,900,13.48,0,1.4127,0,0,328.1
102,2013,128,1000,13.42,4.8963,1.812,418.12,0,341.4
102,2013,128,1100,13.37,0,2.728,0,0,212.4
102,2013,128,1200,13.32,0,5.4075,0,0,-3.436
102,2013,128,1300,13.28,0,153.3,0,0,-47.12
102,2013,128,1400,13.24,0,0,0,0,137.8
102,2013,128,1500,13.21,0,.15589,0,0,189.9
102,2013,128,1600,13.23,0,146,0,0,-31.39
102,2013,128,1700,13.23,0,276.83,0,0,-112.9
102,2013,128,1800,13.28,0,2.5523,0,0,-61.67
102,2013,128,1900,13.32,0,.84755,0,0,-66.45
102,2013,128,2000,13.33,0,.14615,0,0,98.5
102,2013,128,2100,13.36,0,1.3446,0,0,114.8
102,2013,128,2200,13.39,0,1.783,0,0,166
102,2013,128,2300,13.41,33.478,2.1922,0,0,198
101,2013,128,2400,13.21,106.22,920.9,6053.5,0
102,2013,128,2400,13.43,0,310.79,0,0,182.7
102,2013,129,100,13.44,44.796,1746.8,0,0,145.7
102,2013,129,200,13.44,47.991,1510,0,0,240.8
102,2013,129,300,13.46,9.0018,612.54,0,0,68.99
102,2013,129,400,13.46,28.958,50.882,0,0,99.8
102,2013,129,500,13.47,0,33.035,0,0,130.8
102,2013,129,600,13.47,27.716,6.1472,0,0,133.8
102,2013,129,700,13.47,0,1016.9,0,0,159.7
102,2013,129,800,13.46,0,5178.9,0,0,121.1
102,2013,129,900,13.4,0,295.08,0,0,152.6
102,2013,129,1000,13.35,0,155.35,0,0,257.5
102,2013,129,1100,13.33,0,0,0,0,-27.96
102,2013,129,1200,13.29,0,0,0,0,-40.96
102,2013,129,1300,13.24,0,0,0,0,-103.7
102,2013,129,1400,13.23,0,0,0,0,-71.9
102,2013,129,1500,13.22,0,0,837.48,0,32.34
102,2013,129,1600,13.23,0,0,1621.7,0,94.6
102,2013,129,1700,13.25,0,0,.99671,0,123.6
102,2013,129,1800,13.27,0,0,475.35,0,156.5
102,2013,129,1900,13.29,0,0,1076,0,13.64
102,2013,129,2000,13.31,0,0,2520.1,0,15.4
102,2013,129,2100,13.35,0,0,3047.5,0,6.497
102,2013,129,2200,13.37,316.78,0,3240.6,0,-8.84
102,2013,129,2300,13.41,22.324,0,4591.8,0,-318.6
101,2013,129,2400,13.22,497.57,10606,21811,0
102,2013,129,2400,13.42,0,0,4399.5,0,-276.2
102,2013,130,100,13.44,0,0,4572.8,0,-165.3
102,2013,130,200,13.45,0,0,4557.1,0,-157.7
102,2013,130,300,13.46,333.93,0,3628.9,0,20.15
102,2013,130,400,13.47,0,0,4871.2,0,45.16
102,2013,130,500,13.47,2506.5,0,3217.2,0,116.6
102,2013,130,600,13.47,2051.3,0,1895.7,0,88.2
102,2013,130,700,13.48,2587.5,0,104.5,0,74.3
102,2013,130,800,13.48,494.35,0,0,0,57.47
102,2013,130,900,13.47,0,0,1897.7,0,139.8
102,2013,130,1000,13.46,0,0,226.27,0,127.8
102,2013,130,1100,13.46,1029.1,0,0,0,42.77
102,2013,130,1200,13.46,3640.3,0,0,0,86.6
102,2013,130,1300,13.44,2810.2,0,0,0,136.6
102,2013,130,1400,13.41,0,0,0,0,161.9
102,2013,130,1500,13.3,213.81,0,309.98,0,70.9
102,2013,130,1600,12.75,0,0,0,0,-87.5
102,2013,130,1700,12.74,0,0,0,0,-169.5
102,2013,130,1800,13.29,0,0,0,0,-148.3
102,2013,130,1900,13.32,0,0,0,0,-302.4
102,2013,130,2000,13.33,0,0,0,0,-224
102,2013,130,2100,13.37,0,0,0,0,-44.06
102,2013,130,2200,13.39,0,0,0,0,-109.7
102,2013,130,2300,13.41,0,0,0,0,-158.1
101,2013,130,2400,12.74,15667,0,25281,0
102,2013,130,2400,13.43,0,0,0,0,-190.4
102,2013,131,100,13.45,0,0,314.52,0,-187.1
102,2013,131,200,13.46,0,0,879.49,0,-222.1
102,2013,131,300,13.47,101.34,0,3651.2,0,-244.6
102,2013,131,400,13.48,0,0,4308.1,0,-308
102,2013,131,500,13.49,0,0,2029.6,0,-292.9
102,2013,131,600,13.5,0,0,0,0,-163.6
102,2013,131,700,13.51,0,0,348.62,0,-57.7
102,2013,131,800,13.51,0,0,0,0,-91
102,2013,131,900,12.78,0,.98397,1222.7,0,-46.3
102,2013,131,1000,13.34,0,18.6,0,0,-103.9
102,2013,131,1100,13.26,15.645,30.019,0,0,-291.2
102,2013,131,1200,13.19,15.622,21.122,0,0,-264.6
102,2013,131,1300,13.17,0,30.203,0,0,-168.1
102,2013,131,1400,13.16,0,330.58,0,0,-122.5
102,2013,131,1500,12.82,0,74.16,1212.1,0,-96
102,2013,131,1600,13.15,0,0,583.42,0,2.806
102,2013,131,1700,13.18,0,0,890.26,0,-124.2
102,2013,131,1800,13.21,0,0,252,0,-116
102,2013,131,1900,13.25,0,0,0,0,-208.8
102,2013,131,2000,13.27,0,0,0,0,-209.8
102,2013,131,2100,13.3,0,0,31.643,0,-271.2
102,2013,131,2200,13.34,491.14,0,38.853,0,-196.1
102,2013,131,2300,13.36,2110.2,0,406.69,0,-63.05
101,2013,131,2400,12.78,2755.4,505.66,16186,0
102,2013,131,2400,13.39,21.494,0,16.249,0,-205.9
102,2013,132,100,13.4,0,0,4.0503,0,-201.5
102,2013,132,200,13.42,0,0,2258.5,0,-223.9
102,2013,132,300,13.42,0,0,1351.5,0,-301.4
102,2013,132,400,13.43,0,0,2006.8,0,-293.5
102,2013,132,500,13.44,0,0,0,0,-172.7
102,2013,132,600,13.46,0,0,0,0,-74.1
102,2013,132,700,13.45,170.98,.38968,0,0,-123.1
102,2013,132,800,13.45,105.65,0,0,0,-27.24
102,2013,132,900,13.45,31.545,.02923,0,0,3.105
102,2013,132,1000,13.42,1692.6,144.87,0,0,42.5
102,2013,132,1100,13.34,148.33,62.985,356.15,0,29.76
102,2013,132,1200,13.29,1144.2,0,0,0,-206.3
102,2013,132,1300,13.26,2453,0,0,0,-294.3
102,2013,132,1400,13.22,93.471,0,0,0,-112.4
102,2013,132,1500,13.21,0,0,0,0,-146.9
102,2013,132,1600,13.24,0,0,0,0,-114.7
102,2013,132,1700,13.25,0,0,0,0,-217.7
102,2013,132,1800,13.26,0,726.49,0,0,-162.2
102,2013,132,1900,13.28,0,162.92,0,0,-129.4
102,2013,132,2000,13.32,0,12.091,390.94,0,-231.3
102,2013,132,2100,13.35,0,41.264,1661,0,-216.9
102,2013,132,2200,13.39,32.459,60.466,3296,0,-41.77
102,2013,132,2300,13.4,1504.8,81.519,4472.8,0,85.5
101,2013,132,2400,13.21,7377.1,1376,19025,0
102,2013,132,2400,13.42,0,82.997,3227.5,0,-100.5
102,2013,133,100,13.44,0,120.77,2833.9,0,-119.6
102,2013,133,200,13.45,314.3,106.08,3267.6,0,-90.6
102,2013,133,300,13.46,5335.4,102.69,4729.5,0,-146.5
102,2013,133,400,13.47,3639,130.43,760.54,0,-105.1
102,2013,133,500,13.47,3786.9,138.14,4210.3,0,-80.4
102,2013,133,600,13.48,1757.5,130.87,1634.5,0,-85.9
102,2013,133,700,13.49,3875.7,140.79,0,0,-39.28
102,2013,133,800,13.49,1374.5,157.07,4051.7,0,-79.1
102,2013,133,900,13.42,0,106.23,900.69,0,-3.315
102,2013,133,1000,13.33,0,0,0,0,-145.1
102,2013,133,1100,13.29,0,0,0,0,-147.7
102,2013,133,1200,13.29,0,0,1667,0,-158.5
102,2013,133,1300,13.24,0,0,126.31,0,-86
102,2013,133,1400,13.22,0,0,0,0,43.79
102,2013,133,1500,13.22,0,0,0,0,-141
102,2013,133,1600,13.22,0,239.75,90.17,0,-188.8
102,2013,133,1700,13.24,0,0,1562.8,0,-135.4
102,2013,133,1800,13.26,0,102.44,145.36,0,11.09
102,2013,133,1900,13.28,0,631.07,0,0,-168.5
102,2013,133,2000,13.31,0,0,0,0,-153.2
102,2013,133,2100,13.35,0,0,0,0,-100.4
102,2013,133,2200,13.38,0,0,0,0,-40.84
102,2013,133,2300,13.4,0,0,0,0,83.6
101,2013,133,2400,13.22,20083,2106.3,25980,0
102,2013,133,2400,13.42,0,0,0,0,119.1
102,2013,134,100,13.43,0,0,0,0,58.24
102,2013,134,200,13.45,0,0,0,0,67.68
102,2013,134,300,13.46,318.17,0,0,0,-16.55
102,2013,134,400,13.47,1005.8,0,0,0,-44.62
102,2013,134,500,13.47,1447.6,0,0,0,64.5
102,2013,134,600,13.47,1362.6,0,0,0,36.31
102,2013,134,700,13.48,592.95,0,0,0,138.2
102,2013,134,800,13.47,138.35,84.343,1366.8,0,103.5
102,2013,134,900,13.42,1.2261,93.492,2148.8,0,49.63
102,2013,134,1000,13.33,1384.3,0,138.29,0,-143.8
102,2013,134,1100,13.27,15.678,0,469.01,0,-154.2
102,2013,134,1200,13.24,0,0,0,0,-64.06
102,2013,134,1300,13.22,0,0,0,0,-65.35
102,2013,134,1400,13.2,0,.4482,58.605,0,-127.6
102,2013,134,1500,13.2,0,2.348,181.59,0,-78.2
102,2013,134,1600,13.2,0,0,0,0,45.13
102,2013,134,1700,13.22,0,238.99,0,0,29.46
102,2013,134,1800,13.24,0,0,0,0,-18.44
102,2013,134,1900,13.27,0,0,0,0,16.38
102,2013,134,2000,13.3,0,0,1675.2,0,26.21
102,2013,134,2100,13.34,0,0,2148.6,0,38.31
102,2013,134,2200,13.36,846.12,0,0,0,-7.52
102,2013,134,2300,13.39,2490.2,0,0,0,55.19
101,2013,134,2400,13.2,9603,419.63,8186.8,0
102,2013,134,2400,13.4,0,0,0,0,96.9
102,2013,135,100,13.42,0,0,0,0,181.2
102,2013,135,200,13.43,0,0,0,0,185.5
102,2013,135,300,13.44,0,0,0,0,50.85
102,2013,135,400,13.46,0,0,0,0,21.16
102,2013,135,500,13.46,0,0,0,0,41.08
102,2013,135,600,13.47,0,0,0,0,62.2
102,2013,135,700,13.47,0,0,0,0,-39.65
102,2013,135,800,13.47,1944,0,0,0,45.96
102,2013,135,900,13.44,1738.5,0,1306.7,0,51.52
102,2013,135,1000,13.33,1144.6,0,684.35,0,-37.96
102,2013,135,1100,13.27,2429.9,141.49,1869.8,0,-40.66
102,2013,135,1200,13.24,0,12.568,0,0,91
102,2013,135,1300,13.22,0,1.325,0,0,176.7
102,2013,135,1400,13.19,0,0,0,0,160.6
102,2013,135,1500,13.18,0,0,0,0,191.1
102,2013,135,1600,13.19,0,0,0,0,254.8
102,2013,135,1700,13.23,0,0,0,0,101.1
102,2013,135,1800,13.25,0,0,0,0,97.3
102,2013,135,1900,13.26,0,0,0,0,99
102,2013,135,2000,13.29,0,129.28,609.35,0,145
102,2013,135,2100,13.3,0,0,2981.7,0,207.3
102,2013,135,2200,13.33,76.758,0,811.59,0,143.3
102,2013,135,2300,13.37,1873.1,0,0,0,202.3
101,2013,135,2400,13.18,9206.8,284.66,8263.5,0
102,2013,135,2400,13.39,0,0,0,0,211.7
102,2013,136,100,13.41,244.01,0,0,0,263.3
102,2013,136,200,13.42,0,0,0,0,230.5
102,2013,136,300,13.44,0,0,0,0,176.5
102,2013,136,400,13.44,0,0,0,0,206.6
102,2013,136,500,13.45,0,0,0,0,309.7
102,2013,136,600,13.46,0,0,0,0,277.2
102,2013,136,700,13.46,0,0,0,0,278.4
102,2013,136,800,13.46,0,0,0,0,267.1
102,2013,136,900,13.42,0,1.5588,1895.6,0,227.2
102,2013,136,1000,13.38,0,2.007,2918.1,0,248.3
102,2013,136,1100,13.37,0,1.7246,1634.3,0,172.7
102,2013,136,1200,13.32,342.64,87.149,675,0,164.9
102,2013,136,1300,13.24,558.25,600.42,9.4134,0,199
102,2013,136,1400,13.22,0,1670.9,0,0,104.9
102,2013,136,1500,13.23,0,643.96,0,0,264.5
102,2013,136,1600,13.24,0,3198.7,0,0,225.5
102,2013,136,1700,13.26,0,4771,0,0,344.9
102,2013,136,1800,13.27,0,4732.1,0,0,236.6
102,2013,136,1900,13.29,0,2364.6,279.88,0,323.2
102,2013,136,2000,13.3,0,.01948,1656.1,0,337.6
102,2013,136,2100,13.34,0,0,4206.5,0,260.2
102,2013,136,2200,13.38,666.72,0,2593.9,0,327.9
102,2013,136,2300,13.4,0,0,0,0,270.4
101,2013,136,2400,13.22,1811.6,18074,15869,0
102,2013,136,2400,13.42,0,0,0,0,154.5
102,2013,137,100,13.44,0,0,0,0,180.3
102,2013,137,200,13.46,0,0,0,0,208.4
102,2013,137,300,13.46,0,0,0,0,246.1
102,2013,137,400,13.47,0,0,0,0,266.2
102,2013,137,500,13.49,0,0,0,0,293.6
102,2013,137,600,13.49,0,0,0,0,198.9
102,2013,137,700,13.5,0,0,0,0,216.6
102,2013,137,800,12.8,0,0,0,0,247.1
102,2013,137,900,13.45,0,0,1906.6,0,236.2
102,2013,137,1000,13.38,0,1814.7,1258.9,0,180.2
102,2013,137,1100,13.29,137.08,1.5492,0,0,153.5
102,2013,137,1200,12.82,484.82,717.16,0,0,236
102,2013,137,1300,13.24,0,479.45,0,0,351
102,2013,137,1400,12.81,0,0,0,0,316.7
102,2013,137,1500,13.22,0,0,0,0,354.3
102,2013,137,1600,13.21,0,0,0,0,319.6
102,2013,137,1700,13.23,0,0,0,0,232.5
102,2013,137,1800,13.24,0,0,0,0,264.9
102,2013,137,1900,13.27,0,0,0,0,129.3
102,2013,137,2000,13.29,0,0,1083.8,0,166.1
102,2013,137,2100,13.33,0,0,3214.8,0,115.2
102,2013,137,2200,13.01,458.81,.09744,3247,0,180
102,2013,137,2300,12.74,3789.2,.12666,4511.7,0,186.4
101,2013,137,2400,12.73,9126.9,3013.3,19906,0
102,2013,137,2400,12.73,4257,.25331,4683.2,0,243.9
102,2013,138,100,12.72,0,.96451,4624.3,0,296.2
102,2013,138,200,12.71,0,1.1593,5127.8,0,356.1
102,2013,138,300,12.71,0,1.0327,0,0,306.2
102,2013,138,400,12.7,0,1.1593,0,0,318.4
102,2013,138,500,12.7,0,1.023,0,0,316.7
102,2013,138,600,13.44,0,.93531,0,0,272.7
102,2013,138,700,13.49,0,.85736,0,0,201
102,2013,138,800,13.5,0,1.0425,0,0,185.8
102,2013,138,900,13.44,386.2,1.0522,454.97,0,282.5
102,2013,138,1000,13.33,0,.23382,0,0,154.2
102,2013,138,1100,13.25,748.81,21.247,0,0,154
102,2013,138,1200,13.22,0,1206.1,0,0,205.9
102,2013,138,1300,13.17,0,2063.9,0,0,350.6
102,2013,138,1400,13.17,0,6435.7,0,0,296.7
102,2013,138,1500,13.17,0,5298.4,0,0,372.3
102,2013,138,1600,13.17,0,7115.3,0,0,213.7
102,2013,138,1700,13.2,0,298.51,0,0,158.6
102,2013,138,1800,13.22,0,0,0,0,173.5
102,2013,138,1900,12.75,0,0,0,0,272.3
102,2013,138,2000,12.75,0,21.706,197.6,0,437.3
102,2013,138,2100,13.28,0,2.9619,997.88,0,339.8
102,2013,138,2200,13.32,0,0,118.32,0,270.3
102,2013,138,2300,13.34,208.26,0,0,0,279.7
101,2013,138,2400,12.7,1343.3,22473,12177,0
102,2013,138,2400,13.37,0,0,656.17,0,158
102,2013,139,100,13.39,0,0,939.14,0,199.7
102,2013,139,200,13.4,0,0,3121.8,0,279.2
102,2013,139,300,13.4,0,0,3892.4,0,325.8
102,2013,139,400,13.4,0,0,0,0,276.1
102,2013,139,500,13.42,0,0,0,0,222.3
102,2013,139,600,13.44,0,0,0,0,237.1
102,2013,139,700,13.45,0,0,0,0,231.6
102,2013,139,800,13.45,0,.31177,0,0,175.8
102,2013,139,900,13.4,0,.63328,750.45,0,261.5
102,2013,139,1000,13.3,0,0,21.112,0,124.7
102,2013,139,1100,13.22,1660,125.74,260.31,0,202.5
102,2013,139,1200,13.18,0,2513.2,0,0,382.9
102,2013,139,1300,13.19,0,4131.8,0,0,396.8
102,2013,139,1400,13.17,0,5994.5,0,0,380.2
102,2013,139,1500,13.15,0,5625.6,0,0,382.9
102,2013,139,1600,13.15,0,4350.8,0,0,311.4
102,2013,139,1700,13.19,0,6015.7,0,0,264.4
102,2013,139,1800,12.76,0,825.83,0,0,311.4
102,2013,139,1900,12.75,0,0,0,0,367.5
102,2013,139,2000,12.74,0,0,395.48,0,370.7
102,2013,139,2100,12.73,0,0,3084.8,0,308.9
102,2013,139,2200,12.71,0,0,4531.7,0,283.7
102,2013,139,2300,12.71,0,0,4762.5,0,183.2
101,2013,139,2400,12.69,1660,29584,27604,0
102,2013,139,2400,12.69,0,0,5844.7,0,229.9
102,2013,140,100,12.69,126.36,0,5345.6,0,157.3
102,2013,140,200,12.7,2918.3,0,0,0,189.9
102,2013,140,300,12.69,4122.2,0,0,0,361
102,2013,140,400,12.69,0,0,0,0,269.5
102,2013,140,500,12.68,0,0,0,0,312.5
102,2013,140,600,12.68,0,0,0,0,489.4
102,2013,140,700,12.68,0,936.26,0,0,446.1
102,2013,140,800,12.68,317.61,5093.7,0,0,384.4
102,2013,140,900,13.39,834.29,0,559.96,0,316.9
102,2013,140,1000,13.31,973.37,0,4439.9,0,290.5
102,2013,140,1100,13.07,582.77,0,1433.9,0,192.6
102,2013,140,1200,12.92,0,2374.5,0,0,323.8
102,2013,140,1300,12.93,0,3328.9,0,0,340.4
102,2013,140,1400,12.86,0,324.4,0,0,402.1
102,2013,140,1500,12.83,0,29.366,0,0,411
102,2013,140,1600,12.81,0,456.84,0,0,429.5
102,2013,140,1700,12.8,0,10.416,0,0,479
102,2013,140,1800,12.79,0,277.89,0,0,371.6
102,2013,140,1900,12.78,0,883.88,0,0,312.1
102,2013,140,2000,12.77,0,3003.8,0,0,309.2
102,2013,140,2100,12.76,0,4493.4,91.024,0,185.4
102,2013,140,2200,12.74,0,0,3116.6,0,184.9
102,2013,140,2300,12.73,0,0,5421.3,0,115.9
101,2013,140,2400,12.68,9874.9,21213,25439,0
102,2013,140,2400,12.72,0,0,5031.2,0,4.076
102,2013,141,100,12.71,9.1368,0,4875,0,155.6
102,2013,141,200,12.71,4442.5,0,1519.9,0,222.3
102,2013,141,300,12.7,610.46,0,0,0,100.8
102,2013,141,400,12.69,116.12,0,0,0,54.77
102,2013,141,500,12.69,0,0,0,0,221.1
102,2013,141,600,12.68,0,0,0,0,132.8
102,2013,141,700,12.68,0,0,0,0,126.4
102,2013,141,800,12.68,0,0,0,0,191.9
102,2013,141,900,12.68,0,0,3138.5,0,201.4
102,2013,141,1000,12.69,2785.7,0,2835.5,0,127.2
102,2013,141,1100,12.71,723.24,0,1930.2,0,61.34
102,2013,141,1200,12.74,0,0,76.451,0,167.4
102,2013,141,1300,12.76,0,4007.3,0,0,300.1
102,2013,141,1400,12.77,0,4246.1,0,0,377.3
102,2013,141,1500,12.79,0,156.5,0,0,381.9
102,2013,141,1600,12.79,0,0,18.68,0,411.3
102,2013,141,1700,12.78,0,173.97,0,0,360.7
102,2013,141,1800,12.77,0,4646,0,0,318.6
102,2013,141,1900,12.77,0,1245.4,0,0,295.1
102,2013,141,2000,13.23,0,0,108.99,0,238.4
102,2013,141,2100,13.26,0,0,2805.1,0,88.2
102,2013,141,2200,13.28,0,0,3666.5,0,131.7
102,2013,141,2300,13.29,0,0,3666,0,113
101,2013,141,2400,12.68,8687.2,14475,28290,0
102,2013,141,2400,13.32,0,0,3648.8,0,63.79
102,2013,142,100,13.33,0,0,3730.4,0,304.4
102,2013,142,200,13.36,0,0,3950.1,0,279.7
102,2013,142,300,13.39,1461.3,0,4046.4,0,264.6
102,2013,142,400,13.41,2926.7,0,2454.3,0,333
102,2013,142,500,13.42,0,0,0,0,288.9
102,2013,142,600,13.44,0,0,0,0,298.6
102,2013,142,700,13.45,0,0,0,0,353.9
102,2013,142,800,13.47,0,0,0,0,260.9
102,2013,142,900,13.42,0,0,0,0,185.7
102,2013,142,1000,13.33,329.39,0,3072.1,0,233.7
102,2013,142,1100,13.25,717.07,0,2308,0,83.7
102,2013,142,1200,13.19,0,0,23.375,0,195.1
102,2013,142,1300,13.17,0,426.14,0,0,333.4
102,2013,142,1400,13.16,0,6723.9,0,0,403.1
102,2013,142,1500,13.15,0,2675.8,0,0,263.4
102,2013,142,1600,13.15,0,46.907,54.486,0,323.6
102,2013,142,1700,13.17,0,1226.8,0,0,355.9
102,2013,142,1800,13.2,0,4023.2,0,0,276.6
102,2013,142,1900,13.24,0,1907,58.157,0,240.9
102,2013,142,2000,13.27,0,0,1797.8,0,215.1
102,2013,142,2100,13.3,0,0,3305.4,0,102.5
102,2013,142,2200,13.33,0,0,3522.1,0,5.532
102,2013,142,2300,13.35,0,0,3616.1,0,47.19
101,2013,142,2400,13.15,5455.8,17030,35138,0
102,2013,142,2400,13.37,21.368,0,3199.5,0,55.63
102,2013,143,100,13.39,1515.9,0,3664.2,0,124.3
102,2013,143,200,13.4,2267.9,0,5482.4,0,87.5
102,2013,143,300,13.42,0,0,0,0,51.21
102,2013,143,400,13.43,0,0,0,0,108.4
102,2013,143,500,13.44,0,0,0,0,290.6
102,2013,143,600,13.46,0,0,0,0,377.7
102,2013,143,700,13.47,0,0,0,0,354.5
102,2013,143,800,13.47,0,.60406,0,0,419.2
102,2013,143,900,13.39,0,.44814,2479.6,0,206.2
102,2013,143,1000,13.32,1410.8,.07794,715.01,0,127.3
102,2013,143,1100,13.26,47.27,0,84.113,0,145.5
102,2013,143,1200,13.23,0,0,0,0,239
102,2013,143,1300,13.19,0,0,0,0,324.1
102,2013,143,1400,13.17,0,0,0,0,383.3
102,2013,143,1500,13.18,0,0,0,0,220.5
102,2013,143,1600,13.17,0,0,0,0,247.3
102,2013,143,1700,13.21,0,0,0,0,154.5
102,2013,143,1800,13.24,0,0,0,0,-6.711
102,2013,143,1900,13.26,0,584.47,0,0,95.9
102,2013,143,2000,13.27,0,7.9206,0,0,14.2
102,2013,143,2100,13.3,0,.00974,957.74,0,-141.6
102,2013,143,2200,13.34,0,.03898,3620.1,0,-12.4
102,2013,143,2300,13.35,0,.07795,4856.6,0,28.62
101,2013,143,2400,13.17,5241.8,593.81,26967,0
102,2013,143,2400,13.37,0,.1559,5107.4,0,123.9
102,2013,144,100,13.38,668.07,.33127,5139.8,0,44.28
102,2013,144,200,13.39,2642.9,.35075,3480.1,0,30.45
102,2013,144,300,13.4,3508.8,.46766,0,0,29.21
102,2013,144,400,13.42,549.51,.5943,0,0,82.7
102,2013,144,500,13.43,529.02,.60403,0,0,123.5
102,2013,144,600,13.43,0,.67222,0,0,-41.12
102,2013,144,700,13.43,0,.77939,0,0,189
102,2013,144,800,13.44,0,.92552,0,0,233.6
102,2013,144,900,13.39,0,.26304,2614.6,0,28.32
102,2013,144,1000,12.83,1994,243.23,1918.2,0,39.46
102,2013,144,1100,12.79,18.162,0,164.99,0,21.13
102,2013,144,1200,12.8,0,0,0,0,32.36
102,2013,144,1300,13.18,0,0,0,0,83.9
102,2013,144,1400,13.16,0,0,474.87,0,47.71
102,2013,144,1500,13.16,0,0,1338.4,0,124.1
102,2013,144,1600,13.16,0,0,969.53,0,19.04
102,2013,144,1700,13.18,0,0,1520.4,0,106.4
102,2013,144,1800,13.21,0,0,361.49,0,-1.798
102,2013,144,1900,13.24,0,0,0,0,-14.81
102,2013,144,2000,13.26,0,0,0,0,2.519
102,2013,144,2100,13.29,0,0,1278.8,0,50.85
102,2013,144,2200,13.31,0,0,2334.5,0,-152.5
102,2013,144,2300,12.81,0,.01949,3677.8,0,-8.21
101,2013,144,2400,12.78,9910.4,248.28,28854,0
102,2013,144,2400,12.78,0,.04872,3580.8,0,175.3
102,2013,145,100,13.35,828.37,.43847,4345.2,0,176.2
102,2013,145,200,13.37,4051.1,.54564,4711.8,0,148.8
102,2013,145,300,13.39,725.05,.55536,0,0,89.3
102,2013,145,400,13.4,0,.85738,0,0,187.8
102,2013,145,500,13.41,0,.90607,0,0,64.49
102,2013,145,600,13.43,0,.85734,0,0,40.53
102,2013,145,700,13.44,0,.86706,0,0,-27.59
102,2013,145,800,13.44,0,.97422,0,0,14.78
102,2013,145,900,13.39,0,.643,2123.2,0,209.7
102,2013,145,1000,13.32,940.5,.08769,943.48,0,226.8
102,2013,145,1100,13.27,546.9,.01948,0,0,314.6
102,2013,145,1200,13.22,0,0,2.5633,0,194.8
102,2013,145,1300,13.19,0,0,860,0,176.9
102,2013,145,1400,13.18,0,0,1220.2,0,145.6
102,2013,145,1500,13.2,0,0,1731,0,123.3
102,2013,145,1600,13.19,0,0,1372.5,0,129
102,2013,145,1700,13.2,0,0,1307.3,0,48.72
102,2013,145,1800,13.23,0,0,1089.1,0,1.902
102,2013,145,1900,13.26,0,0,40.527,0,-30.71
102,2013,145,2000,13.28,0,0,32.541,0,4.098
102,2013,145,2100,13.31,0,.03897,2931.5,0,-57.48
102,2013,145,2200,13.34,0,.2436,4269.9,0,-90.9
102,2013,145,2300,13.36,26.044,.37026,4971.7,0,-110.2
101,2013,145,2400,13.18,9457.6,7.882,37841,0
102,2013,145,2400,13.38,2339.6,.47742,5889,0,-224.4
102,2013,146,100,13.4,299.68,.4969,5926.6,0,-311.1
102,2013,146,200,13.41,0,.67225,1760.4,0,-284.8
102,2013,146,300,13.43,0,.77939,2924.2,0,-246.2
102,2013,146,400,13.45,0,.87679,1833.2,0,-228.2
102,2013,146,500,13.46,0,.94497,0,0,-94.9
102,2013,146,600,13.47,0,.75015,0,0,-98.6
102,2013,146,700,13.48,0,.64303,0,0,-259.7
102,2013,146,800,13.49,0,.69175,0,0,-253
102,2013,146,900,13.4,0,.28255,2007.1,0,-156.5
102,2013,146,1000,13.3,1117.1,.08768,486.01,0,-132.7
102,2013,146,1100,13.25,202.72,0,0,0,-131.7
102,2013,146,1200,13.21,0,1696.7,0,0,-79
102,2013,146,1300,13.18,0,5137.6,28.693,0,7.38
102,2013,146,1400,13.18,0,2141.2,16.558,0,-69.98
102,2013,146,1500,13.17,0,432.8,0,0,46.14
102,2013,146,1600,12.81,0,144.9,308.11,0,159.5
102,2013,146,1700,12.8,0,635.45,8.3862,0,68.53
102,2013,146,1800,13.19,0,4417.9,0,0,42.97
102,2013,146,1900,13.2,0,0,0,0,61.68
102,2013,146,2000,13.27,0,297.39,172.09,0,72.1
102,2013,146,2100,13.3,0,0,321.99,0,78
102,2013,146,2200,13.32,0,0,911.77,0,42.55
102,2013,146,2300,13.33,0,249.66,1347.2,0,93.2
101,2013,146,2400,12.8,2296.2,15160,20093,0
102,2013,146,2400,13.35,676.74,.39948,2040.7,0,55.28
102,2013,147,100,13.36,2286,.47742,1985,0,-52.32
102,2013,147,200,13.37,0,.56509,5570.8,0,13.59
102,2013,147,300,13.39,0,.61379,0,0,-37.36
102,2013,147,400,13.4,0,.03897,0,0,-35.03
102,2013,147,500,13.43,0,0,0,0,120.4
102,2013,147,600,13.45,0,0,0,0,2.306
102,2013,147,700,13.46,0,0,0,0,37.2
102,2013,147,800,13.47,0,0,0,0,125.9
102,2013,147,900,13.42,0,0,517.72,0,55.29
102,2013,147,1000,13.35,0,0,1672.3,0,7.86
102,2013,147,1100,13.26,751.43,0,0,0,62.2
102,2013,147,1200,13.22,0,0,0,0,152.3
102,2013,147,1300,13.2,0,0,0,0,318.8
102,2013,147,1400,13.18,0,4790.3,0,0,452.2
102,2013,147,1500,13.19,0,5060.3,0,0,540.5
102,2013,147,1600,13.17,0,5391.2,2.8004,0,465.6
102,2013,147,1700,12.99,0,2638,702.4,0,366.7
102,2013,147,1800,13.2,0,6397.9,0,0,320.5
102,2013,147,1900,13.22,0,4555.6,0,0,262.9
102,2013,147,2000,13.25,0,0,0,0,245.8
102,2013,147,2100,13.27,0,0,0,0,183.9
102,2013,147,2200,13.3,0,0,0,0,195.5
102,2013,147,2300,13.32,0,0,0,0,229.8
101,2013,147,2400,12.99,3792.4,28835,10478,0
102,2013,147,2400,13.34,754.97,0,26.701,0,181.6
102,2013,148,100,13.36,1758.2,0,2203.1,0,193
102,2013,148,200,13.38,0,0,0,0,92.1
102,2013,148,300,13.4,0,0,0,0,242.9
102,2013,148,400,13.41,0,0,0,0,279.5
102,2013,148,500,13.42,0,0,0,0,143.9
102,2013,148,600,13.44,0,0,0,0,222.7
102,2013,148,700,13.45,0,0,0,0,266.7
102,2013,148,800,13.45,0,0,0,0,241.6
102,2013,148,900,13.42,0,0,0,0,227.7
102,2013,148,1000,13.33,0,0,905.53,0,259.9
102,2013,148,1100,13.28,780.73,0,0,0,329
102,2013,148,1200,13.27,0,0,0,0,290.3
102,2013,148,1300,12.8,0,1127.7,0,0,220
102,2013,148,1400,12.81,0,1339.9,0,0,194.1
102,2013,148,1500,13.05,0,26.472,743.55,0,299
102,2013,148,1600,13.18,0,14.966,1709.5,0,335.5
102,2013,148,1700,13.19,0,1.6271,732.34,0,386.2
102,2013,148,1800,13.21,0,6.655,684.54,0,297.2
102,2013,148,1900,13.25,42.559,23.227,0,0,356.9
102,2013,148,2000,13.29,0,.27278,0,0,310.5
102,2013,148,2100,13.34,0,.41898,0,0,300.7
102,2013,148,2200,13.37,411.49,.40922,0,0,250.6
102,2013,148,2300,13.39,1493.9,.48716,0,0,322.7
101,2013,148,2400,12.8,4486.9,2542.8,6978.6,0
102,2013,148,2400,13.4,0,.63328,0,0,364.3
102,2013,149,100,13.42,0,.84761,480.29,0,379
102,2013,149,200,13.43,0,.58454,0,0,254.6
102,2013,149,300,13.44,0,.91576,0,0,269.3
102,2013,149,400,13.45,0,.9742,0,0,255.9
102,2013,149,500,13.47,0,.93529,0,0,381.1
102,2013,149,600,13.47,0,.64304,0,0,287.4
102,2013,149,700,13.48,0,.88661,0,0,49.92
102,2013,149,800,13.49,0,1.0522,0,0,152.8
102,2013,149,900,13.44,0,1.1984,0,0,275.3
102,2013,149,1000,13.35,0,.40918,506.53,0,206.9
102,2013,149,1100,13.29,1430.4,.12665,0,0,256.9
102,2013,149,1200,13.25,0,2939.5,0,0,169.5
102,2013,149,1300,13.23,0,1208.3,0,0,108.4
102,2013,149,1400,13.2,0,0,0,0,129.5
102,2013,149,1500,13.18,0,0,858.4,0,134.1
102,2013,149,1600,13.18,0,0,624.57,0,274.6
102,2013,149,1700,13.19,0,0,67.171,0,63.73
102,2013,149,1800,13.22,0,0,0,0,23.64
102,2013,149,1900,13.25,0,0,0,0,14.62
102,2013,149,2000,13.27,0,5.6504,0,0,-116.2
102,2013,149,2100,13.3,0,17.72,0,0,81.1
102,2013,149,2200,13.34,0,2341.1,0,0,223.2
102,2013,149,2300,13.36,0,5407.6,58.448,0,141.3
101,2013,149,2400,13.18,1430.4,11928,2674.3,0
102,2013,149,2400,13.38,0,0,78.857,0,202.4
102,2013,150,100,13.4,376.88,.2728,259.33,0,133.6
102,2013,150,200,13.41,1850.1,.50662,905.61,0,53.03
102,2013,150,300,13.43,0,.90604,0,0,77.2
102,2013,150,400,13.45,0,1.0424,0,0,317.2
102,2013,150,500,13.46,0,.68195,0,0,251.4
102,2013,150,600,13.47,0,.67226,0,0,532.7
102,2013,150,700,13.47,0,.72098,0,0,566
102,2013,150,800,13.48,0,.67227,0,0,392.7
102,2013,150,900,13.45,0,893.99,1066.7,0,387.4
102,2013,150,1000,13.43,0,0,346.07,0,378.4
102,2013,150,1100,13.42,0,0,825.31,0,284.7
102,2013,150,1200,13.39,694.61,0,2846.4,0,165.9
102,2013,150,1300,13.29,660.02,0,0,0,111.5
102,2013,150,1400,13.24,0,0,0,0,2.283
102,2013,150,1500,13.22,0,4588.7,909.75,0,79
102,2013,150,1600,12.82,0,2488.8,77.454,0,281
102,2013,150,1700,12.79,0,3932.2,1560.3,0,216
102,2013,150,1800,12.78,0,5410.1,66.19,0,215.2
102,2013,150,1900,12.78,0,0,4.4141,0,374.8
102,2013,150,2000,12.77,0,0,571.56,0,350
102,2013,150,2100,12.76,0,0,2749.3,0,110.3
102,2013,150,2200,12.75,0,0,3733.3,0,74.5
102,2013,150,2300,12.79,0,0,3176.6,0,36.04
101,2013,150,2400,12.75,3581.6,17319,22148,0
102,2013,150,2400,12.82,0,0,3049.4,0,17
102,2013,151,100,12.93,1080.9,0,3070.2,0,-12.28
102,2013,151,200,12.9,3047,0,2824.9,0,31.03
102,2013,151,300,12.94,0,0,0,0,-43.43
102,2013,151,400,13.22,0,0,0,0,-60.18
102,2013,151,500,13.36,0,0,0,0,-73.6
102,2013,151,600,12.95,0,0,1640.6,0,-25.25
102,2013,151,700,12.83,0,1369.1,0,0,133.7
102,2013,151,800,12.77,0,3331.2,0,0,232.5
102,2013,151,900,12.75,0,682.52,0,0,414.4
102,2013,151,1000,12.75,0,0,481.33,0,470.6
102,2013,151,1100,12.77,1825.8,0,0,0,318.4
102,2013,151,1200,12.83,0,0,0,0,325.6
102,2013,151,1300,12.84,0,6706.4,0,0,226
102,2013,151,1400,13.21,0,4492.3,0,0,183.3
102,2013,151,1500,12.86,0,2060.8,228.25,0,98
102,2013,151,1600,13.22,21.305,671.64,336.73,0,71.5
102,2013,151,1700,13.23,0,1608.6,0,0,-47.12
102,2013,151,1800,13.25,0,1774.1,873.24,0,60.02
102,2013,151,1900,13.29,0,2065.5,3098.7,0,63.57
102,2013,151,2000,12.99,0,0,3093.5,0,77
102,2013,151,2100,12.76,0,0,4401.3,0,219.4
102,2013,151,2200,12.75,36.691,0,5016.7,0,278.8
102,2013,151,2300,12.74,3268.2,0,2167.8,0,322.2
101,2013,151,2400,12.73,9394.2,24762,27233,0
102,2013,151,2400,12.73,114.31,0,0,0,253.2
102,2013,152,100,12.73,0,0,0,0,306.2
102,2013,152,200,12.72,0,0,0,0,240.6
102,2013,152,300,12.71,0,0,0,0,336.1
102,2013,152,400,12.71,0,0,0,0,412.7
102,2013,152,500,12.71,0,2249.5,0,0,479.2
102,2013,152,600,12.71,0,2374.1,0,0,416.5
102,2013,152,700,12.71,0,1817.1,0,0,435.4
102,2013,152,800,12.71,0,1573.5,0,0,173.6
102,2013,152,900,12.71,0,0,1466.8,0,49.99
102,2013,152,1000,12.71,0,0,45.293,0,78.3
102,2013,152,1100,12.71,0,0,0,0,244.9
102,2013,152,1200,12.73,1683.7,0,0,0,276.6
102,2013,152,1300,12.75,0,0,0,0,152.8
102,2013,152,1400,12.77,0,1894.4,0,0,279.5
102,2013,152,1500,12.77,0,2589,996.06,0,222.9
102,2013,152,1600,12.78,0,7472.4,2978.4,0,180.8
102,2013,152,1700,12.77,0,5742.3,3061.3,0,123.5
102,2013,152,1800,12.77,0,5091.9,3275,0,69.6
102,2013,152,1900,12.76,0,5628.7,1290,0,35.94
102,2013,152,2000,12.75,0,4975.1,443.34,0,270.3
102,2013,152,2100,12.75,0,0,3269.2,0,298
102,2013,152,2200,13.31,0,0,5523.5,0,406.7
102,2013,152,2300,13.33,55.416,0,5766.6,0,283
101,2013,152,2400,12.71,4102.7,41408,34132,0
102,2013,152,2400,13.35,2363.6,0,6016.1,0,176.7
102,2013,153,100,13.37,3403.7,0,602.75,0,166.3
102,2013,153,200,13.39,0,0,0,0,204.5
102,2013,153,300,13.42,0,0,0,0,190.6
102,2013,153,400,13.45,0,0,0,0,198.8
102,2013,153,500,13.46,0,0,0,0,110.6
102,2013,153,600,13.47,0,0,0,0,158.6
102,2013,153,700,13.49,0,39.907,0,0,36.21
102,2013,153,800,13.49,0,1570.8,0,0,-58.75
102,2013,153,900,13.42,0,719.23,519.73,0,9.87
102,2013,153,1000,13.33,612.16,0,1080.6,0,3.432
102,2013,153,1100,13.28,0,0,0,0,16.52
102,2013,153,1200,13.22,0,1587.9,0,0,-101.8
102,2013,153,1300,13.19,0,6811.2,1335.1,0,-182.5
102,2013,153,1400,13.18,0,2534.2,74.457,0,98.3
102,2013,153,1500,13.17,0,350.81,0,0,134.4
102,2013,153,1600,13.18,0,0,0,0,141.6
102,2013,153,1700,13.2,0,0,0,0,41.3
102,2013,153,1800,13.22,0,1079.2,359.66,0,58.88
102,2013,153,1900,13.24,0,4066.6,318.75,0,21.8
102,2013,153,2000,13.27,0,6013.3,0,0,43.79
102,2013,153,2100,13.3,0,1208.5,0,0,-92.5
102,2013,153,2200,13.34,0,0,519.48,0,-142.7
102,2013,153,2300,13.37,0,0,2781.3,0,-170.3
101,2013,153,2400,13.17,4015.9,25982,11626,0
102,2013,153,2400,13.39,0,0,4033.9,0,-123.6
102,2013,154,100,13.4,0,0,4544.3,0,-105.6
102,2013,154,200,13.42,0,0,4599.1,0,-203.6
102,2013,154,300,13.44,748.29,0,1982.8,0,-37.67
102,2013,154,400,13.46,3493.2,0,0,0,-8.81
102,2013,154,500,13.47,4808,0,125,0,11.87
102,2013,154,600,13.47,5397.2,0,0,0,18.13
102,2013,154,700,13.48,912.82,0,503.86,0,-29.54
102,2013,154,800,13.49,0,0,0,0,-75
102,2013,154,900,13.42,886.92,23.597,3271.6,0,-212
102,2013,154,1000,13.34,527.11,99.122,1169.8,0,-98.7
102,2013,154,1100,13.28,0,3559.1,0,0,-199.6
102,2013,154,1200,13.25,0,4398,1235.6,0,-53.68
102,2013,154,1300,13.21,0,1360.4,219.02,0,158
102,2013,154,1400,13.19,0,39.237,0,0,274.2
102,2013,154,1500,13.17,0,0,0,0,310.7
102,2013,154,1600,13.18,0,0,270.77,0,265.8
102,2013,154,1700,13.17,0,0,470.41,0,286.3
102,2013,154,1800,13.19,0,0,2010.9,0,315.7
102,2013,154,1900,13.18,0,121.48,1107.1,0,179.7
102,2013,154,2000,13.24,0,3109,1.6533,0,168.1
102,2013,154,2100,13.28,0,2385.4,0,0,201.3
102,2013,154,2200,13.32,0,0,0,0,144.8
102,2013,154,2300,13.33,0,0,479.94,0,200.6
101,2013,154,2400,13.17,16774,15095,23535,0
102,2013,154,2400,13.35,0,0,1543.2,0,237.6
102,2013,155,100,13.37,0,0,2192.4,0,255.5
102,2013,155,200,13.39,0,0,2910.5,0,218.8
102,2013,155,300,13.4,0,0,3811.3,0,205.2
102,2013,155,400,13.41,12.704,0,5742.9,0,240.5
102,2013,155,500,13.42,598.9,0,5116.7,0,217.4
102,2013,155,600,13.44,623.67,0,0,0,180.7
102,2013,155,700,13.44,2079.5,0,0,0,249.5
102,2013,155,800,13.45,1729.2,0,0,0,161.8
102,2013,155,900,13.42,0,0,2435,0,-21.84
102,2013,155,1000,13.35,1430.8,0,2388.4,0,89.6
102,2013,155,1100,13.29,0,1217.6,126.79,0,150
102,2013,155,1200,13.25,0,3437.5,50.247,0,192.2
102,2013,155,1300,13.24,0,724.17,1334.4,0,252
102,2013,155,1400,13.19,0,73.611,919.37,0,164.3
102,2013,155,1500,13.17,0,0,265.55,0,199.8
102,2013,155,1600,13.18,0,0,0,0,205.5
102,2013,155,1700,13.18,0,24.447,.03164,0,197.6
102,2013,155,1800,13.22,0,15.356,190.49,0,233.9
102,2013,155,1900,13.24,0,0,2029.8,0,343.8
102,2013,155,2000,13.27,0,0,0,0,330.2
102,2013,155,2100,13.3,0,0,0,0,353.5
102,2013,155,2200,13.33,0,803.95,0,0,398.5
102,2013,155,2300,13.35,0,5414.9,217,0,324.4
101,2013,155,2400,13.17,6474.7,14911,30914,0
102,2013,155,2400,13.37,0,3199.4,1182.6,0,321.5
102,2013,156,100,13.39,0,0,1806.9,0,260.5
102,2013,156,200,13.4,0,0,2186.6,0,351.3
102,2013,156,300,13.42,0,0,5271.6,0,331.2
102,2013,156,400,13.43,681.45,0,4784.3,0,427.4
102,2013,156,500,13.44,2972.3,0,126.89,0,422.5
102,2013,156,600,13.46,4775.7,0,0,0,279.9
102,2013,156,700,13.46,3555.5,0,1429.8,0,218.4
102,2013,156,800,13.47,959.43,81.676,1832.7,0,138.9
102,2013,156,900,13.46,0,0,4841.6,0,194
102,2013,156,1000,13.42,1026.6,764.46,2657.3,0,402.2
102,2013,156,1100,13.35,394.26,0,1554.3,0,367.9
102,2013,156,1200,13.25,0,2813.6,19.184,0,449.5
102,2013,156,1300,13.21,0,1535.7,1415.1,0,488.4
102,2013,156,1400,13.2,0,7.2392,262.4,0,349.9
102,2013,156,1500,13.19,0,0,0,0,324.6
102,2013,156,1600,13.19,0,0,0,0,249.5
102,2013,156,1700,13.21,0,0,0,0,223.9
102,2013,156,1800,13.22,0,0,0,0,125.5
102,2013,156,1900,13.24,0,0,779.31,0,142
102,2013,156,2000,13.27,0,0,0,0,154.6
102,2013,156,2100,13.3,0,0,0,0,224.6
102,2013,156,2200,13.34,0,722.62,0,0,167.8
102,2013,156,2300,13.36,0,3890,0,0,215.1
101,2013,156,2400,13.19,14365,16761,28985,0
102,2013,156,2400,13.38,0,6945.5,16.779,0,358.8
102,2013,157,100,13.4,0,1916.7,787.69,0,418.7
102,2013,157,200,13.41,0,0,2960.1,0,579.3
102,2013,157,300,13.44,0,0,2906.3,0,546.9
102,2013,157,400,13.45,58.835,1754.8,5611.8,0,613.7
102,2013,157,500,13.47,2661,80.079,0,0,586.9
102,2013,157,600,13.48,4978.9,0,0,0,583.5
102,2013,157,700,13.5,1827.3,0,0,0,746
102,2013,157,800,13.5,0,0,0,0,636.4
102,2013,157,900,13.45,90.752,1418.4,3150.6,0,632.7
102,2013,157,1000,13.37,1663.1,0,2336.7,0,541
102,2013,157,1100,13.29,0,2598.6,100.37,0,308.3
102,2013,157,1200,13.22,0,1749.9,235.73,0,346.9
102,2013,157,1300,13.13,0,74.895,660.55,0,234.1
102,2013,157,1400,12.85,0,0,0,0,154
102,2013,157,1500,13.14,0,0,0,0,168
102,2013,157,1600,13.14,0,0,0,0,222.7
102,2013,157,1700,13.18,0,0,0,0,75.7
102,2013,157,1800,13.2,0,0,0,0,47.18
102,2013,157,1900,12.8,0,0,545.42,0,93.2
102,2013,157,2000,13.26,0,0,877.97,0,113.3
102,2013,157,2100,13.3,0,0,0,0,144.7
102,2013,157,2200,13.34,0,0,0,0,137.3
102,2013,157,2300,13.36,0,35.798,0,0,-34.72
101,2013,157,2400,12.8,11280,11734,20173,0
102,2013,157,2400,13.38,0,2104.5,0,0,62.25
102,2013,158,100,13.38,0,7210.4,1.3449,0,33.56
102,2013,158,200,13.39,0,6720.1,37.791,0,18.15
102,2013,158,300,13.39,0,6557.6,386.8,0,68.68
102,2013,158,400,13.4,0,0,799.05,0,-32.5
102,2013,158,500,13.42,0,0,2501.8,0,-66.22
102,2013,158,600,13.44,418.6,0,4368.8,0,-163.8
102,2013,158,700,13.45,3208.6,0,2461,0,-51.56
102,2013,158,800,13.46,4381.3,0,0,0,75.6
102,2013,158,900,13.41,2382.6,0,2649.1,0,-2.424
102,2013,158,1000,13.33,348.79,0,567.68,0,82.6
102,2013,158,1100,13.27,0,3905,0,0,-91.6
102,2013,158,1200,13.24,0,1494.5,322.64,0,-72.7
102,2013,158,1300,13.22,0,41.098,843.16,0,-30.17
102,2013,158,1400,13.2,0,0,0,0,78.1
102,2013,158,1500,13.19,0,0,0,0,96.3
102,2013,158,1600,13.17,0,0,0,0,37.88
102,2013,158,1700,13.17,0,0,0,0,152.7
102,2013,158,1800,13.2,0,0,0,0,172.2
102,2013,158,1900,13.23,83.613,0,0,0,86.4
102,2013,158,2000,13.26,0,14.04,1506.9,0,-34.19
102,2013,158,2100,13.29,0,841.48,0,0,-81.2
102,2013,158,2200,13.33,0,1376.5,0,0,-165.8
102,2013,158,2300,13.36,0,2621.4,0,0,-241.9
101,2013,158,2400,13.17,10824,35387,16446,0
102,2013,158,2400,13.39,0,4605.3,0,0,-179.1
102,2013,159,100,13.4,0,6473.5,0,0,-57.19
102,2013,159,200,13.42,0,0,0,0,130
102,2013,159,300,13.44,0,0,493.16,0,88.6
102,2013,159,400,13.46,0,0,2707.3,0,130.3
102,2013,159,500,13.47,0,0,2948.8,0,102.8
102,2013,159,600,13.49,764.36,0,2334,0,73.2
102,2013,159,700,13.51,2548.2,0,0,0,137.7
102,2013,159,800,13.51,4143,0,357.5,0,127
102,2013,159,900,13.45,3026.8,0,3421.2,0,-62.07
102,2013,159,1000,13.37,79.896,0,462.18,0,-172
102,2013,159,1100,13.3,0,3657.5,0,0,-86.3
102,2013,159,1200,13.24,0,1059.8,0,0,13.79
102,2013,159,1300,13.21,48.655,58.979,135.46,0,202
102,2013,159,1400,13.18,51.144,177.86,0,0,185.1
102,2013,159,1500,13.17,0,0,33.694,0,221.8
102,2013,159,1600,13.18,0,0,667.71,0,85.5
102,2013,159,1700,13.21,0,0,113.2,0,15.98
102,2013,159,1800,13.24,0,0,58.004,0,4.919
102,2013,159,1900,13.25,0,0,0,0,136.5
102,2013,159,2000,13.27,0,0,0,0,24.16
102,2013,159,2100,13.31,0,0,0,0,-49.79
102,2013,159,2200,13.34,0,0,0,0,-99.1
102,2013,159,2300,13.36,0,0,0,0,-47.37
101,2013,159,2400,13.17,10662,11538,13732,0
102,2013,159,2400,13.38,0,110.73,0,0,-73.8
102,2013,160,100,13.39,0,3478.6,0,0,-76.2
102,2013,160,200,13.4,0,4326.1,0,0,107.7
102,2013,160,300,13.42,0,0,128.02,0,-66.63
102,2013,160,400,13.44,0,0,183.28,0,86.9
102,2013,160,500,13.46,223.87,0,1579.1,0,42.86
102,2013,160,600,13.48,2648.2,0,0,0,52.67
102,2013,160,700,13.49,3453,0,1798.5,0,82.9
102,2013,160,800,13.5,4588.5,0,0,0,61.64
102,2013,160,900,13.43,3423.1,0,2646.3,0,58.82
102,2013,160,1000,13.35,65.979,0,201.5,0,35.77
102,2013,160,1100,13.3,0,3384.4,0,0,64.38
102,2013,160,1200,13.23,0,1673.6,0,0,82.5
102,2013,160,1300,13.19,0,22.906,407.61,0,189.1
102,2013,160,1400,13.17,0,0,0,0,251.7
102,2013,160,1500,13.16,0,0,0,0,265.3
102,2013,160,1600,13.16,0,0,0,0,279.5
102,2013,160,1700,13.16,0,0,0,0,224.7
102,2013,160,1800,13.18,0,0,0,0,229.7
102,2013,160,1900,13.21,0,0,0,0,115.2
102,2013,160,2000,13.24,0,47.088,1037.2,0,132.3
102,2013,160,2100,13.29,0,49.216,0,0,59.89
102,2013,160,2200,13.31,0,0,0,0,42.5
102,2013,160,2300,13.34,0,0,0,0,-8.32
101,2013,160,2400,13.16,14403,13655,7981.5,0
102,2013,160,2400,13.36,0,672.98,0,0,-152.9
102,2013,161,100,13.38,0,4144.8,0,0,118.6
102,2013,161,200,13.4,0,5291.3,0,0,265
102,2013,161,300,13.42,0,0,0,0,332.5
102,2013,161,400,13.44,0,0,2039,0,263.3
102,2013,161,500,13.46,0,0,2844.7,0,216.8
102,2013,161,600,13.47,0,0,3701.1,0,118.6
102,2013,161,700,13.48,553.6,0,1059.2,0,61.69
102,2013,161,800,13.49,2379.1,0,0,0,45.94
102,2013,161,900,13.45,748.58,0,2481,0,148
102,2013,161,1000,13.38,0,0,371.05,0,181.6
102,2013,161,1100,13.3,0,2232.9,0,0,143.2
102,2013,161,1200,13.24,0,3004.5,0,0,110.3
102,2013,161,1300,13.2,0,165.75,71.311,0,63.52
102,2013,161,1400,13.18,0,0,828.67,0,178.2
102,2013,161,1500,13.16,0,0,0,0,277.5
102,2013,161,1600,13.16,0,0,0,0,335.8
102,2013,161,1700,13.18,0,0,0,0,211
102,2013,161,1800,13.21,0,0,326.11,0,197.7
102,2013,161,1900,13.24,0,0,1740.1,0,218.1
102,2013,161,2000,13.26,0,0,0,0,164.6
102,2013,161,2100,13.3,0,0,0,0,79.2
102,2013,161,2200,13.32,0,0,0,0,251.5
102,2013,161,2300,13.35,0,625.83,0,0,250.9
101,2013,161,2400,13.16,3681.3,19675,15462,0
102,2013,161,2400,13.37,0,4209.6,0,0,209.2
102,2013,162,100,13.39,0,7541,0,0,110.3
102,2013,162,200,13.41,0,0,0,0,82.6
102,2013,162,300,13.42,0,0,800.51,0,57.87
102,2013,162,400,13.44,0,0,2799.7,0,53.78
102,2013,162,500,13.46,1391.3,0,4423.9,0,140.1
102,2013,162,600,13.47,2878.4,0,1632.3,0,56.75
102,2013,162,700,13.48,2751.7,0,3595.3,0,73.9
102,2013,162,800,13.48,2044.3,0,5445.7,0,115
102,2013,162,900,13.45,3115.5,0,1955.9,0,97.1
102,2013,162,1000,13.35,422.92,0,251.12,0,85.6
102,2013,162,1100,13.26,0,2727.5,0,0,84.7
102,2013,162,1200,13.22,0,2013.5,253.78,0,117.6
102,2013,162,1300,13.19,0,382.23,1720.1,0,163
102,2013,162,1400,13.19,0,0,489.78,0,228.4
102,2013,162,1500,13.19,0,0,462.01,0,241.1
102,2013,162,1600,13.19,0,0,0,0,226.8
102,2013,162,1700,13.22,0,0,1377.4,0,165.7
102,2013,162,1800,13.24,0,32.796,72.119,0,142.1
102,2013,162,1900,13.25,0,1.8413,0,0,91.7
102,2013,162,2000,13.28,0,13.318,0,0,106.4
102,2013,162,2100,13.31,0,88.178,0,0,33.15
102,2013,162,2200,13.34,0,2283.4,0,0,-96.1
102,2013,162,2300,13.33,0,5159.4,0,0,-86.3
101,2013,162,2400,13.19,12604,27758,25280,0
102,2013,162,2400,13.33,0,7514.8,0,0,-128.9
102,2013,163,100,13.37,0,884.25,0,0,37.45
102,2013,163,200,13.39,0,0,621.01,0,10.14
102,2013,163,300,13.4,0,0,4968.8,0,-45.45
102,2013,163,400,13.4,0,0,3491.6,0,140.5
102,2013,163,500,13.42,48.861,0,3833,0,-38.15
102,2013,163,600,13.43,1456.9,0,4929.4,0,2.764
102,2013,163,700,13.44,1314.8,0,2902,0,-39.17
102,2013,163,800,13.43,1892.1,0,1690.9,0,-108.9
102,2013,163,900,13.38,486.98,0,619.15,0,-56.68
102,2013,163,1000,13.31,0,0,5.3078,0,-126.3
102,2013,163,1100,13.25,0,3684.6,0,0,35.84
102,2013,163,1200,13.19,0,1114,1273.3,0,84.6
102,2013,163,1300,13.16,0,103.61,2071.9,0,136.8
102,2013,163,1400,13.14,0,0,921.56,0,231.1
102,2013,163,1500,13.14,0,0,507.05,0,306.4
102,2013,163,1600,13.15,0,0,280.6,0,261.7
102,2013,163,1700,13.17,0,0,1228.5,0,280
102,2013,163,1800,13.2,0,0,1540.8,0,217.9
102,2013,163,1900,13.22,0,0,641.93,0,324.5
102,2013,163,2000,13.24,0,0,0,0,280.6
102,2013,163,2100,13.29,0,0,0,0,228.8
102,2013,163,2200,13.32,0,53.535,0,0,216.3
102,2013,163,2300,13.34,0,468.34,0,0,180
101,2013,163,2400,13.14,5199.7,10347,31527,0
102,2013,163,2400,13.36,0,4038.3,0,0,205.4
102,2013,164,100,13.38,0,7217.5,0,0,266.3
102,2013,164,200,13.4,0,155.21,0,0,127.4
102,2013,164,300,13.41,0,0,1751.2,0,50.27
102,2013,164,400,13.43,473.03,0,0,0,234.9
102,2013,164,500,13.44,843.95,0,0,0,75.1
102,2013,164,600,13.45,3105.1,0,0,0,54.14
102,2013,164,700,13.47,853.07,0,0,0,67.74
102,2013,164,800,13.47,3384.8,0,0,0,24.31
102,2013,164,900,13.43,2646,0,2642.2,0,25.15
102,2013,164,1000,13.35,1419.4,0,266.62,0,-21.07
102,2013,164,1100,13.28,0,709.36,0,0,111.7
102,2013,164,1200,13.22,0,4240.6,397.06,0,225.3
102,2013,164,1300,13.17,0,228.1,1184.5,0,326.3
102,2013,164,1400,13.16,0,0,18.963,0,223.7
102,2013,164,1500,13.16,0,0,0,0,312.4
102,2013,164,1600,13.16,0,0,0,0,336.8
102,2013,164,1700,13.17,0,0,0,0,310.1
102,2013,164,1800,13.2,0,0,0,0,324.1
102,2013,164,1900,13.23,0,0,1159.8,0,272.1
102,2013,164,2000,13.25,0,0,234,0,232.8
102,2013,164,2100,13.29,0,84.992,0,0,111.3
102,2013,164,2200,13.32,0,3645.9,0,0,116.3
102,2013,164,2300,13.35,0,2188.6,0,0,156.9
101,2013,164,2400,13.16,12725,18470,7654.4,0
102,2013,164,2400,13.37,0,0,0,0,115.2
102,2013,165,100,13.38,0,0,0,0,97.2
102,2013,165,200,13.4,0,0,0,0,277.6
102,2013,165,300,13.4,0,0,46.862,0,227.1
102,2013,165,400,13.42,0,0,0,0,161
102,2013,165,500,13.43,12.292,0,0,0,186.1
102,2013,165,600,13.43,956.68,0,0,0,164.9
102,2013,165,700,13.45,3940.8,0,173.46,0,150.2
102,2013,165,800,13.45,2499.8,0,0,0,137.4
102,2013,165,900,13.42,1314,0,0,0,255.2
102,2013,165,1000,13.34,893.03,0,0,0,138.8
102,2013,165,1100,13.28,0,692.87,0,0,237.4
102,2013,165,1200,13.24,0,3988.1,0,0,507.5
102,2013,165,1300,13.2,0,1912.5,421.41,0,450.7
102,2013,165,1400,13.2,0,39.492,1808.7,0,452.6
102,2013,165,1500,13.17,0,0,881.61,0,626.4
102,2013,165,1600,13.17,0,0,407.01,0,474.7
102,2013,165,1700,13.19,0,0,1011,0,393.1
102,2013,165,1800,13.21,0,0,1601.6,0,306.7
102,2013,165,1900,13.23,0,2.348,0,0,291.3
102,2013,165,2000,13.26,0,970.54,0,0,335.5
102,2013,165,2100,13.29,0,2782,0,0,220.4
102,2013,165,2200,13.32,0,4507.4,0,0,233.9
102,2013,165,2300,13.34,0,6985.9,0,0,289
101,2013,165,2400,13.17,9616.6,21881,6351.7,0
102,2013,165,2400,13.35,0,0,0,0,209.1
102,2013,166,100,13.37,0,0,0,0,281.7
102,2013,166,200,13.39,0,0,0,0,284.7
102,2013,166,300,13.4,0,0,1128.8,0,409.4
102,2013,166,400,13.42,305.88,0,379.14,0,320.7
102,2013,166,500,13.42,106.25,0,0,0,349.1
102,2013,166,600,13.42,590.48,0,0,0,218.6
102,2013,166,700,13.43,2503.9,0,4.5722,0,104.4
102,2013,166,800,13.44,1115.4,0,3023.9,0,206.5
102,2013,166,900,13.44,0,0,1353.4,0,344.6
102,2013,166,1000,13.35,668.73,0,0,0,333
102,2013,166,1100,13.27,0,0,0,0,198.9
102,2013,166,1200,13.24,0,3484.1,0,0,236.1
102,2013,166,1300,13.18,0,1485.9,0,0,164.2
102,2013,166,1400,13.15,0,437.26,55.753,0,140.6
102,2013,166,1500,13.17,0,0,38.14,0,78.5
102,2013,166,1600,13.19,0,0,129.26,0,65.78
102,2013,166,1700,13.19,0,0,247.56,0,110.9
102,2013,166,1800,13.21,0,0,5.2692,0,142.4
102,2013,166,1900,13.22,0,0,0,0,185.2
102,2013,166,2000,13.26,0,0,0,0,153
102,2013,166,2100,13.3,0,0,0,0,151.4
102,2013,166,2200,13.32,0,2180.6,0,0,305.4
102,2013,166,2300,13.35,0,3661.8,0,0,234
101,2013,166,2400,13.15,5290.6,11250,6365.8,0
102,2013,166,2400,13.36,0,0,0,0,203.5
102,2013,167,100,13.38,186.26,0,0,0,258
102,2013,167,200,13.4,1567,0,0,0,150.4
102,2013,167,300,13.4,1864.3,0,2108.2,0,86.9
102,2013,167,400,13.41,322.64,0,0,0,126.8
102,2013,167,500,13.41,163.84,0,385.89,0,208.7
102,2013,167,600,13.42,0,0,1048.2,0,71.2
102,2013,167,700,13.43,0,0,212.1,0,133.3
102,2013,167,800,12.77,0,0,7.8391,0,184.2
102,2013,167,900,12.73,0,0,0,0,362.1
102,2013,167,1000,12.73,617.54,0,0,0,233.6
102,2013,167,1100,12.73,5035.8,0,0,0,386.4
102,2013,167,1200,12.74,414.48,0,0,0,393.2
102,2013,167,1300,12.75,0,0,0,0,464.6
102,2013,167,1400,12.76,0,0,0,0,508.6
102,2013,167,1500,13.25,0,3450.5,0,0,396.4
102,2013,167,1600,13.22,0,1005.7,0,0,413.9
102,2013,167,1700,13.22,0,2.6405,0,0,417.9
102,2013,167,1800,13.23,0,0,0,0,225.2
102,2013,167,1900,13.25,0,0,0,0,299.5
102,2013,167,2000,13.29,0,0,0,0,233.2
102,2013,167,2100,13.32,0,760.95,0,0,104.8
102,2013,167,2200,13.34,0,4434.1,0,0,140.3
102,2013,167,2300,13.35,0,1695.5,0,0,113.5
101,2013,167,2400,12.73,10172,11349,3762.2,0
102,2013,167,2400,13.37,0,0,0,0,157.7
102,2013,168,100,13.38,262.39,0,0,0,360.4
102,2013,168,200,13.38,1693.9,0,0,0,270
102,2013,168,300,13.39,2395,0,864.84,0,181.6
102,2013,168,400,13.39,0,0,108.93,0,301.8
102,2013,168,500,13.4,0,0,4330.2,0,93
102,2013,168,600,13.41,0,0,729.54,0,250.7
102,2013,168,700,13.42,0,0,703.62,0,42.85
102,2013,168,800,13.42,0,0,479.68,0,-64.68
102,2013,168,900,13.41,0,0,0,0,186.5
102,2013,168,1000,13.39,0,0,0,0,77.1
102,2013,168,1100,13.39,0,0,0,0,-25.41
102,2013,168,1200,13.32,516.45,0,0,0,-204
102,2013,168,1300,13.3,0,888.64,0,0,-155.8
102,2013,168,1400,13.29,0,5551.9,0,0,-241
102,2013,168,1500,13.29,0,3860,0,0,-192.5
102,2013,168,1600,13.29,0,4638.7,0,0,-218.5
102,2013,168,1700,13.3,0,3464.2,0,0,-51.28
102,2013,168,1800,13.31,0,2384.9,0,0,-58.95
102,2013,168,1900,13.32,0,1922.2,0,0,-173.6
102,2013,168,2000,13.33,0,1676.2,0,0,-97.4
102,2013,168,2100,13.35,0,5963.1,0,0,-44.07
102,2013,168,2200,13.37,0,1112.9,0,0,-226.1
102,2013,168,2300,13.39,0,0,0,0,-345.9
101,2013,168,2400,13.29,4867.8,31463,7216.8,0
102,2013,168,2400,13.4,0,0,0,0,-451
102,2013,169,100,13.4,58.768,0,144.9,0,-276.8
102,2013,169,200,13.42,1613.2,0,1042.7,0,-254.3
102,2013,169,300,13.42,581.89,0,2217.1,0,-84.1
102,2013,169,400,13.43,0,0,1714.5,0,-101.6
102,2013,169,500,13.44,0,0,0,0,-74.7
102,2013,169,600,13.45,0,0,0,0,-124.2
102,2013,169,700,13.46,0,0,0,0,2.35
102,2013,169,800,13.46,0,0,0,0,38.55
102,2013,169,900,13.46,0,0,1214.2,0,29.93
102,2013,169,1000,13.44,0,0,0,0,48.78
102,2013,169,1100,13.4,0,0,0,0,32.51
102,2013,169,1200,13.33,580.71,0,0,0,62.79
102,2013,169,1300,13.29,0,2550.7,0,0,80.2
102,2013,169,1400,13.28,0,4447.6,0,0,69.97
102,2013,169,1500,13.29,0,2006.6,0,0,-206.7
102,2013,169,1600,13.28,0,1314.5,0,0,-240.4
102,2013,169,1700,12.78,0,658.19,0,0,-204.4
102,2013,169,1800,12.77,0,182.82,0,0,-25.02
102,2013,169,1900,12.76,0,12.674,0,0,-73
102,2013,169,2000,13.31,0,31.04,0,0,-175.4
102,2013,169,2100,13.35,0,833.74,0,0,-38.63
102,2013,169,2200,13.37,0,4486.8,0,0,-23.35
102,2013,169,2300,13.39,0,7144.7,0,0,-131.8
101,2013,169,2400,12.76,2834.6,23818,6333.3,0
102,2013,169,2400,13.4,0,148.23,0,0,-219.8
102,2013,170,100,12.81,0,0,0,0,-141.6
102,2013,170,200,13.43,0,0,0,0,-166.3
102,2013,170,300,13.44,106.9,0,148.61,0,-234.8
102,2013,170,400,13.46,1722.7,0,931.57,0,-202.5
102,2013,170,500,13.46,4252.6,0,1995.3,0,84.3
102,2013,170,600,13.47,3305.9,0,1232.9,0,54.14
102,2013,170,700,13.49,0,0,0,0,51.59
102,2013,170,800,13.5,1976.3,0,0,0,-7.75
102,2013,170,900,13.47,2789,0,1196.4,0,56.1
102,2013,170,1000,13.4,372.94,0,19.23,0,67.88
102,2013,170,1100,13.33,363.51,0,0,0,-138.7
102,2013,170,1200,13.29,0,3867.8,0,0,2.824
102,2013,170,1300,13.29,0,2093.3,0,0,-66.75
102,2013,170,1400,13.28,0,363.05,0,0,-102.4
102,2013,170,1500,13.26,0,10.434,661.42,0,65.81
102,2013,170,1600,13.27,0,0,0,0,-52.16
102,2013,170,1700,12.81,0,0,0,0,-206.4
102,2013,170,1800,12.77,0,0,0,0,-53.11
102,2013,170,1900,13.29,0,0,0,0,-118.6
102,2013,170,2000,13.31,0,63.032,0,0,-142.6
102,2013,170,2100,13.31,0,1554.8,0,0,-145.4
102,2013,170,2200,13.35,0,3759.2,0,0,-197.7
102,2013,170,2300,13.37,0,6192.9,0,0,-214.8
101,2013,170,2400,12.77,14890,24209,6185.4,0
102,2013,170,2400,13.39,0,6305,0,0,-185.1
102,2013,171,100,13.22,0,153.98,0,0,-207.8
102,2013,171,200,12.76,0,0,0,0,-218.5
102,2013,171,300,12.74,0,0,45.095,0,-273.9
102,2013,171,400,12.84,74.236,0,3288.4,0,-176.7
102,2013,171,500,12.77,1738.6,0,4022.1,0,-230.9
102,2013,171,600,13.36,4327.5,0,0,0,-158.6
102,2013,171,700,12.76,5530.9,0,0,0,-234.6
102,2013,171,800,12.73,485.56,0,0,0,-343.7
102,2013,171,900,12.78,1863.4,0,1870.8,0,-335.7
102,2013,171,1000,12.79,3664.6,0,142.37,0,-290.6
102,2013,171,1100,12.78,673.44,0,606.89,0,-284.6
102,2013,171,1200,12.8,0,1643.9,0,0,-124.9
102,2013,171,1300,12.76,0,2220.8,0,0,-52.04
102,2013,171,1400,12.76,0,41.367,356.73,0,75.2
102,2013,171,1500,12.78,0,0,1818.9,0,39.04
102,2013,171,1600,12.8,0,0,1786,0,-9.34
102,2013,171,1700,13.2,0,0,2137.9,0,15.48
102,2013,171,1800,13.22,0,0,1468.6,0,18
102,2013,171,1900,13.25,0,0,34.19,0,-111.9
102,2013,171,2000,13.27,0,0,0,0,-119.9
102,2013,171,2100,13.3,0,0,0,0,-138.4
102,2013,171,2200,13.34,0,188.16,0,0,-42.5
102,2013,171,2300,13.37,0,2103,0,0,-185.8
101,2013,171,2400,12.73,18358,11255,17578,0
102,2013,171,2400,13.39,0,4903.8,0,0,-258.6
102,2013,172,100,13.4,0,7485.2,0,0,-93.3
102,2013,172,200,13.42,0,1192.1,0,0,13.81
102,2013,172,300,13.43,0,0,2080.6,0,103
102,2013,172,400,13.44,0,0,1361.7,0,-49.11
102,2013,172,500,13.45,0,0,169.9,0,-77.6
102,2013,172,600,13.46,1.0599,0,797.1,0,-102.8
102,2013,172,700,13.46,1213.5,0,4474.7,0,-105
102,2013,172,800,13.47,4665.4,0,123.65,0,-3.658
102,2013,172,900,13.44,3946,0,2038.3,0,24.79
102,2013,172,1000,13.37,669.92,0,136.04,0,11.62
102,2013,172,1100,13.29,0,2254.5,0,0,53.6
102,2013,172,1200,13.23,0,1104.5,0,0,30.16
102,2013,172,1300,13.2,0,86.668,260.65,0,-55.71
102,2013,172,1400,13.17,0,0,1401.9,0,-6.307
102,2013,172,1500,13.17,0,0,654.14,0,86.5
102,2013,172,1600,13.18,0,0,1406.5,0,158.3
102,2013,172,1700,13.21,41.747,0,820.97,0,121.2
102,2013,172,1800,13.22,0,0,0,0,120.8
102,2013,172,1900,13.24,0,0,0,0,116.7
102,2013,172,2000,13.27,0,0,0,0,118.6
102,2013,172,2100,13.3,0,0,0,0,207.7
102,2013,172,2200,13.33,0,0,0,0,238.1
102,2013,172,2300,13.35,0,1414.9,0,0,200.8
101,2013,172,2400,13.17,10538,17865,15726,0
102,2013,172,2400,13.37,0,4327,0,0,284.5
102,2013,173,100,13.39,0,7206.9,0,0,274.5
102,2013,173,200,13.41,0,449.71,0,0,405.7
102,2013,173,300,13.42,0,0,470.17,0,278.8
102,2013,173,400,13.44,34.86,0,2859.4,0,208.6
102,2013,173,500,13.45,.84637,0,154.24,0,237.7
102,2013,173,600,13.46,459.44,0,128.05,0,52.6
102,2013,173,700,13.46,900.84,0,28.741,0,136.9
102,2013,173,800,12.75,604.58,0,34.626,0,208.4
102,2013,173,900,13.42,40.401,0,0,0,50.95
102,2013,173,1000,13.35,0,1373.6,0,0,77.1
102,2013,173,1100,13.3,0,3984.9,0,0,121.6
102,2013,173,1200,13.25,0,1408.8,0,0,99.1
102,2013,173,1300,13.24,0,104.49,0,0,84
102,2013,173,1400,13.22,0,14.878,0,0,44.33
102,2013,173,1500,13.21,0,0,0,0,119.2
102,2013,173,1600,13.21,0,0,31.416,0,35.89
102,2013,173,1700,13.22,0,0,.86234,0,89.1
102,2013,173,1800,13.25,0,23.616,0,0,76.3
102,2013,173,1900,13.26,0,0,0,0,154.2
102,2013,173,2000,13.28,0,0,0,0,188.1
102,2013,173,2100,13.31,0,0,0,0,262.4
102,2013,173,2200,13.34,0,0,0,0,363
102,2013,173,2300,12.75,0,0,0,0,295.8
101,2013,173,2400,12.73,2041,16566,3707.5,0
102,2013,173,2400,12.73,0,1999.4,0,0,414.4
102,2013,174,100,12.72,0,5268.9,0,0,436.1
102,2013,174,200,12.71,0,7513.4,0,0,243.3
102,2013,174,300,13.38,0,149.41,2846.6,0,271.5
102,2013,174,400,13.46,19.777,0,3757.6,0,249.5
102,2013,174,500,13.47,748.92,0,5674.9,0,211.7
102,2013,174,600,13.48,2238,0,3953.3,0,165.5
102,2013,174,700,13.49,4318.9,0,0,0,-49.54
102,2013,174,800,13.5,3820.5,0,4183.6,0,-77.7
102,2013,174,900,13.46,1887.1,0,1036.4,0,-42.95
102,2013,174,1000,13.36,0,1117.7,0,0,-108.3
102,2013,174,1100,13.31,0,4086.2,0,0,-38.19
102,2013,174,1200,13.25,0,756.69,0,0,134.2
102,2013,174,1300,13.2,0,167.72,0,0,225.3
102,2013,174,1400,13.21,0,0,55.562,0,209.7
102,2013,174,1500,13.2,0,0,0,0,246.5
102,2013,174,1600,13.21,0,0,661.15,0,311.1
102,2013,174,1700,13.22,0,0,457.59,0,304.3
102,2013,174,1800,13.22,0,0,43.725,0,199.1
102,2013,174,1900,13.24,0,0,0,0,172.6
102,2013,174,2000,13.27,0,0,0,0,185
102,2013,174,2100,13.3,0,0,0,0,92.8
102,2013,174,2200,13.34,0,0,0,0,224.1
102,2013,174,2300,13.36,0,33.365,0,0,98.3
101,2013,174,2400,12.71,13033,20845,22671,0
102,2013,174,2400,13.39,0,1751.2,0,0,-21.01
102,2013,175,100,13.4,0,4771.6,0,0,-2.035
102,2013,175,200,13.42,0,7205.4,0,0,-108.7
102,2013,175,300,13.44,0,4256,175.25,0,-167.4
102,2013,175,400,13.46,540.89,0,1888.4,0,-141.3
102,2013,175,500,13.46,2291.7,0,978.81,0,-143.7
102,2013,175,600,13.48,2278.9,0,4153.5,0,27.46
102,2013,175,700,13.49,2670.9,0,3395.4,0,73.9
102,2013,175,800,13.5,4744.8,0,2605.4,0,-80.1
102,2013,175,900,13.44,2828.5,0,867.33,0,-39.12
102,2013,175,1000,13.35,.30059,695.81,0,0,-74.9
102,2013,175,1100,13.27,0,1581.6,0,0,-56.62
102,2013,175,1200,13.2,0,0,12.167,0,154
102,2013,175,1300,13.18,0,0,683.66,0,252.7
102,2013,175,1400,13.18,0,0,501.46,0,94.7
102,2013,175,1500,13.16,0,0,0,0,147.8
102,2013,175,1600,13.16,0,0,102.12,0,221.1
102,2013,175,1700,13.19,0,0,1648.5,0,177.7
102,2013,175,1800,13.21,0,0,2222,0,184.8
102,2013,175,1900,13.24,0,0,225.22,0,86.6
102,2013,175,2000,13.27,0,0,0,0,54.34
102,2013,175,2100,13.3,0,0,0,0,93.7
102,2013,175,2200,13.33,0,0,0,0,175.4
102,2013,175,2300,13.35,0,571.17,0,0,181.6
101,2013,175,2400,13.16,15356,22055,19459,0
102,2013,175,2400,13.39,0,2973.8,0,0,132.6
102,2013,176,100,13.4,0,5724.2,0,0,194.3
102,2013,176,200,13.41,0,8195.1,0,0,212.1
102,2013,176,300,13.43,0,0,1.7877,0,423.5
102,2013,176,400,13.44,0,0,2234.1,0,284.3
102,2013,176,500,13.46,631.9,0,4002,0,174.8
102,2013,176,600,13.47,1720.6,0,3433.9,0,52.65
102,2013,176,700,13.48,3977.4,0,4079.8,0,109.2
102,2013,176,800,13.49,5706.7,0,1780.1,0,140.4
102,2013,176,900,13.47,4813.2,0,1637.7,0,231.3
102,2013,176,1000,13.38,2621.8,0,0,0,247.1
102,2013,176,1100,13.28,0,2003.8,0,0,82
102,2013,176,1200,13.22,0,248.63,0,0,231.8
102,2013,176,1300,13.19,0,0,544.8,0,351.2
102,2013,176,1400,13.16,70.329,0,1450,0,276.2
102,2013,176,1500,13.16,0,0,600.64,0,302.4
102,2013,176,1600,13.16,0,0,42.635,0,320.4
102,2013,176,1700,13.18,0,0,222.08,0,291.9
102,2013,176,1800,13.2,0,0,1370.9,0,261.3
102,2013,176,1900,13.24,0,0,474.66,0,171.1
102,2013,176,2000,13.25,0,0,0,0,219.9
102,2013,176,2100,13.29,0,0,0,0,272.5
102,2013,176,2200,13.33,0,0,0,0,266.2
102,2013,176,2300,13.35,0,788.77,0,0,217.5
101,2013,176,2400,13.16,19542,21031,21875,0
102,2013,176,2400,13.37,0,4069.9,0,0,158.3
102,2013,177,100,13.39,0,5999.5,0,0,179.9
102,2013,177,200,13.4,0,8077,0,0,177.5
102,2013,177,300,13.4,0,0,21.936,0,142.1
102,2013,177,400,13.42,0,0,2167.9,0,102.8
102,2013,177,500,13.44,1796.7,0,1172.3,0,103.7
102,2013,177,600,13.46,4907.7,0,0,0,96.9
102,2013,177,700,13.47,5431.9,0,0,0,38.04
102,2013,177,800,13.47,3981,0,0,0,58.26
102,2013,177,900,13.47,183.42,0,2398,0,95.1
102,2013,177,1000,13.38,1316.1,0,8.8603,0,76.3
102,2013,177,1100,13.3,0,1783.7,0,0,230
102,2013,177,1200,13.24,0,751.62,0,0,312.8
102,2013,177,1300,13.2,165.19,29.279,59.067,0,217.5
102,2013,177,1400,13.19,0,0,34.708,0,289.7
102,2013,177,1500,13.18,22.285,0,849.08,0,342.5
102,2013,177,1600,13.17,87.102,0,685.43,0,334
102,2013,177,1700,13.18,28.174,0,589.78,0,256
102,2013,177,1800,13.21,8.4335,0,1259.8,0,198.4
102,2013,177,1900,13.24,49.452,0,663.36,0,80
102,2013,177,2000,13.26,28.02,0,0,0,155.2
102,2013,177,2100,13.27,0,0,0,0,155
102,2013,177,2200,13.31,0,0,0,0,220.9
102,2013,177,2300,13.34,0,.21433,0,0,161.1
101,2013,177,2400,13.17,18005,18349,9910.3,0
102,2013,177,2400,13.36,0,1707.3,0,0,250.6
102,2013,178,100,13.37,0,4958.3,0,0,246
102,2013,178,200,13.39,0,7645.5,0,0,90.4
102,2013,178,300,13.41,0,155.58,858.04,0,38.24
102,2013,178,400,13.43,465.75,0,2734.9,0,-61.58
102,2013,178,500,13.44,2406.3,0,0,0,-126.2
102,2013,178,600,13.46,5181.3,0,0,0,-129
102,2013,178,700,13.47,3488,0,0,0,-255.4
102,2013,178,800,13.48,0,0,0,0,-116.6
102,2013,178,900,13.45,1165.8,0,1240.5,0,-33.23
102,2013,178,1000,13.37,1651.3,0,348.21,0,-74.9
102,2013,178,1100,13.27,0,2078.1,0,0,-161.9
102,2013,178,1200,13.21,0,39.087,0,0,-72.2
102,2013,178,1300,13.18,10.49,0,685.06,0,67.74
102,2013,178,1400,13.15,0,0,208.48,0,197.4
102,2013,178,1500,13.14,0,0,56.388,0,244.9
102,2013,178,1600,12.8,0,0,0,0,141.8
102,2013,178,1700,13.16,29.794,0,0,0,216.3
102,2013,178,1800,13.21,2.7135,0,1122.8,0,120.3
102,2013,178,1900,13.24,49.268,0,303.41,0,66.27
102,2013,178,2000,13.26,0,0,0,0,28.63
102,2013,178,2100,13.29,0,0,0,0,-.132
102,2013,178,2200,13.31,0,0,0,0,70.6
102,2013,178,2300,13.3,0,178.42,0,0,181.2
101,2013,178,2400,12.8,14451,18042,7557.8,0
102,2013,178,2400,13.3,0,2986.6,0,0,-81.9
102,2013,179,100,13.36,0,5623.8,0,0,-61.13
102,2013,179,200,13.37,0,7761.5,0,0,37.92
102,2013,179,300,13.37,0,2129.3,0,0,31.81
102,2013,179,400,13.39,39.829,0,1698.3,0,-41.14
102,2013,179,500,13.4,1592.1,0,2973.3,0,-62.97
102,2013,179,600,13.42,98.31,0,0,0,-109.2
102,2013,179,700,13.43,0,0,0,0,-179.6
102,2013,179,800,13.43,0,0,1235,0,-177.4
102,2013,179,900,13.43,86.878,0,2010.4,0,-60.18
102,2013,179,1000,13.35,744.15,0,0,0,-298.7
102,2013,179,1100,13.28,0,2268.1,0,0,-277.9
102,2013,179,1200,13.22,0,833.06,14.002,0,-216.9
102,2013,179,1300,13.19,0,0,599.33,0,-56.98
102,2013,179,1400,13.16,0,0,1266.1,0,108.3
102,2013,179,1500,13.16,0,0,937.91,0,182.5
102,2013,179,1600,13.15,0,0,272.5,0,209.8
102,2013,179,1700,13.16,0,0,0,0,131.9
102,2013,179,1800,13.19,0,0,0,0,-3.233
102,2013,179,1900,13.21,0,0,2155,0,-28.96
102,2013,179,2000,13.22,0,0,824.3,0,38.69
102,2013,179,2100,13.25,59.138,0,0,0,-27.79
102,2013,179,2200,13.29,0,0,0,0,-86.8
102,2013,179,2300,13.32,0,0,0,0,-191.6
101,2013,179,2400,13.15,2620.4,19480,13986,0
102,2013,179,2400,13.34,0,864.32,0,0,-136.7
102,2013,180,100,13.36,0,3708.6,0,0,-85
102,2013,180,200,13.37,0,5643.2,0,0,-184.1
102,2013,180,300,13.38,0,7243,0,0,-255.1
102,2013,180,400,13.38,0,8299.9,0,0,-361.2
102,2013,180,500,13.39,0,311.94,0,0,-377.4
102,2013,180,600,13.41,0,0,0,0,-451.5
102,2013,180,700,13.41,2.8793,0,0,0,-302.6
102,2013,180,800,13.42,426.78,0,0,0,-305.9
102,2013,180,900,13.38,302.21,0,0,0,-294.7
102,2013,180,1000,12.77,0,0,0,0,-260.7
102,2013,180,1100,12.75,0,5040.9,0,0,-257.5
102,2013,180,1200,12.76,0,792.9,0,0,-174.8
102,2013,180,1300,12.78,0,8.0097,31.962,0,100
102,2013,180,1400,12.79,0,0,1854,0,20.21
102,2013,180,1500,12.79,0,0,134.87,0,132.2
102,2013,180,1600,12.79,0,0,327.64,0,153.3
102,2013,180,1700,12.79,0,0,1609.9,0,136.2
102,2013,180,1800,12.77,0,0,2099.2,0,92.1
102,2013,180,1900,12.76,0,0,789.79,0,26.5
102,2013,180,2000,13.03,31.058,0,17.483,0,107.1
102,2013,180,2100,13.24,0,0,0,0,117.2
102,2013,180,2200,13.28,0,0,0,0,79.6
102,2013,180,2300,13.32,0,1209.2,0,0,57.13
101,2013,180,2400,12.75,762.93,32963,6864.8,0
102,2013,180,2400,13.35,0,705.17,0,0,30.31
102,2013,181,100,13.36,0,1853.6,0,0,-51.84
102,2013,181,200,13.37,0,4463.1,0,0,-10.25
102,2013,181,300,13.38,0,6439.7,0,0,-36.2
102,2013,181,400,13.39,0,6764.6,0,0,-79.2
102,2013,181,500,13.39,0,3517.6,328.22,0,-179.7
102,2013,181,600,13.4,1117.9,0,2512.4,0,-101.2
102,2013,181,700,13.41,3460.7,0,0,0,-25.51
102,2013,181,800,13.41,3360.2,0,0,0,-137.3
102,2013,181,900,13.4,3015.3,0,1266.1,0,-43.03
102,2013,181,1000,13.34,1263.4,0,0,0,20.14
102,2013,181,1100,13.27,0,1450.5,0,0,-104.8
102,2013,181,1200,13.23,0,1706.1,0,0,-117.2
102,2013,181,1300,13.2,0,31.277,0,0,-85.8
102,2013,181,1400,13.16,0,0,0,0,-21.71
102,2013,181,1500,13.14,0,0,668.81,0,223.6
102,2013,181,1600,13.15,0,0,241.22,0,226.7
102,2013,181,1700,13.17,0,0,526.04,0,125.5
102,2013,181,1800,13.2,0,0,778.17,0,118.5
102,2013,181,1900,13.22,0,0,0,0,20.66
102,2013,181,2000,13.27,0,0,0,0,110.9
102,2013,181,2100,13.29,0,0,0,0,40.78
102,2013,181,2200,13.3,0,0,0,0,-7.56
102,2013,181,2300,13.34,0,0,0,0,-56.86
101,2013,181,2400,13.14,12217,26226,6321,0
102,2013,181,2400,13.35,0,0,0,0,-22.74
102,2013,182,100,13.36,0,0,0,0,-81.6
102,2013,182,200,13.37,0,351.38,0,0,-82
102,2013,182,300,13.39,0,5055.6,0,0,-156.7
102,2013,182,400,13.41,0,4573.4,1121.2,0,-132.9
102,2013,182,500,13.43,0,2672.5,1171.9,0,4.059
102,2013,182,600,13.44,861.66,0,3305.4,0,-189.9
102,2013,182,700,13.46,3990.5,0,0,0,-321.2
102,2013,182,800,13.48,318.26,0,0,0,-346.9
102,2013,182,900,13.44,1329.4,0,612.28,0,-468.5
102,2013,182,1000,13.35,1412.8,0,22.91,0,-512
102,2013,182,1100,13.28,0,2687.3,0,0,-506.2
102,2013,182,1200,13.24,0,4.306,0,0,-372.1
102,2013,182,1300,13.22,0,0,18.489,0,-173.9
102,2013,182,1400,13.2,0,0,156.52,0,-134.3
102,2013,182,1500,13.19,1.1314,0,43.411,0,-138
102,2013,182,1600,13.19,0,0,64.395,0,137.7
102,2013,182,1700,13.2,0,0,301.08,0,95.1
102,2013,182,1800,13.22,0,0,0,0,35.16
102,2013,182,1900,13.25,0,0,3.6627,0,79.9
102,2013,182,2000,13.27,0,0,0,0,-11.96
102,2013,182,2100,13.3,0,0,0,0,3.342
102,2013,182,2200,13.33,0,2.1725,0,0,-95.1
102,2013,182,2300,13.35,0,2549.6,0,0,-209.7
101,2013,182,2400,12.76,7913.7,24285,6821.1,0
102,2013,182,2400,12.76,0,6388.9,0,0,-305
102,2013,183,100,12.73,37.025,1224.5,1033.9,0,-377.2
102,2013,183,200,12.73,705.3,0,1023.5,0,-549.9
102,2013,183,300,13.41,1799.2,0,963.18,0,-555
102,2013,183,400,13.42,2479,0,3104.2,0,-633.7
102,2013,183,500,13.43,82.438,0,1121.3,0,-704
102,2013,183,600,13.44,0,0,0,0,-798
102,2013,183,700,13.44,0,0,0,0,-707
102,2013,183,800,13.46,0,0,0,0,-655.5
102,2013,183,900,13.42,227.59,0,528.34,0,-476
102,2013,183,1000,13.39,521.66,0,3.8841,0,-517.9
102,2013,183,1100,13.35,686.77,1645.5,0,0,-431.3
102,2013,183,1200,13.3,0,3699.9,0,0,-230.2
102,2013,183,1300,13.23,0,0,0,0,-194.9
102,2013,183,1400,13.17,0,0,0,0,-67.62
102,2013,183,1500,13.17,0,0,400.62,0,105.3
102,2013,183,1600,13.17,28.37,0,0,0,82.5
102,2013,183,1700,13.19,0,0,95.223,0,26.77
102,2013,183,1800,13.22,0,0,1582.4,0,-133
102,2013,183,1900,13.25,0,0,236.2,0,-107.1
102,2013,183,2000,13.27,0,0,0,0,-176.2
102,2013,183,2100,13.3,0,0,0,0,-151.5
102,2013,183,2200,13.32,0,0,0,0,-89.2
102,2013,183,2300,13.34,0,0,0,0,-149.6
101,2013,183,2400,12.73,6567.3,6569.9,10093,0
102,2013,183,2400,13.36,0,0,0,0,-208.2
102,2013,184,100,13.38,0,130.85,0,0,-220.9
102,2013,184,200,13.4,0,4456.4,255.3,0,-196.6
102,2013,184,300,13.42,45.579,6970,914.28,0,-301.6
102,2013,184,400,13.43,3508,1687.6,2005.1,0,-317.4
102,2013,184,500,13.45,490.66,726.15,0,0,-436.6
102,2013,184,600,13.46,0,1968.9,0,0,-311.6
102,2013,184,700,13.48,0,0,0,0,-260.9
102,2013,184,800,13.49,0,114.49,0,0,-488.1
102,2013,184,900,13.45,0,0,0,0,-532.7
102,2013,184,1000,13.38,323.99,0,613.03,0,-393.5
102,2013,184,1100,13.3,532.2,1477.9,0,0,-260.1
102,2013,184,1200,13.22,0,2007.6,5.7118,0,-133.5
102,2013,184,1300,13.19,0,0,515.62,0,-49.66
102,2013,184,1400,13.17,20.34,0,100.42,0,58.8
102,2013,184,1500,13.16,0,0,0,0,101.1
102,2013,184,1600,13.16,0,0,0,0,111.4
102,2013,184,1700,13.18,0,0,0,0,71.1
102,2013,184,1800,13.21,0,0,279.5,0,68.06
102,2013,184,1900,13.24,0,0,432.21,0,20.03
102,2013,184,2000,13.25,0,0,0,0,-65.62
102,2013,184,2100,13.29,0,0,0,0,-145
102,2013,184,2200,13.32,0,0,0,0,-276.1
102,2013,184,2300,13.35,0,51.876,0,0,-330.5
101,2013,184,2400,13.16,4920.8,21731,5121.2,0
102,2013,184,2400,13.37,0,2139.5,0,0,-429
102,2013,185,100,13.39,0,4682.3,0,0,-541
102,2013,185,200,13.41,0,6400.4,0,0,-529.4
102,2013,185,300,13.42,269.64,2714.5,1684.2,0,-522.7
102,2013,185,400,13.44,2790,0,5684.9,0,-661.8
102,2013,185,500,13.45,1777.3,0,2025.4,0,-683.7
102,2013,185,600,13.46,89.167,0,0,0,-699.7
102,2013,185,700,13.48,0,0,1060.6,0,-724
102,2013,185,800,13.47,0,0,85.446,0,-455.3
102,2013,185,900,12.73,3121.8,0,0,0,-285
102,2013,185,1000,12.73,827.08,0,0,0,-343.7
102,2013,185,1100,13.3,0,1309.6,0,0,-386.4
102,2013,185,1200,13.29,0,5479.1,0,0,-299.6
102,2013,185,1300,12.8,0,3371.6,0,0,-196.4
102,2013,185,1400,13.22,0,83.089,0,0,-138.9
102,2013,185,1500,13.2,19.51,0,0,0,-157.9
102,2013,185,1600,13.2,9.6445,0,0,0,53.02
102,2013,185,1700,13.22,179.07,0,0,0,-1.422
102,2013,185,1800,13.24,98.594,0,0,0,-103.4
102,2013,185,1900,13.25,0,0,0,0,-27.44
102,2013,185,2000,13.29,5.719,388.99,0,0,8.45
102,2013,185,2100,13.32,0,50.984,0,0,-124.2
102,2013,185,2200,13.36,0,35.811,0,0,-154.9
102,2013,185,2300,13.37,739.7,3215.8,0,0,-220.5
101,2013,185,2400,12.73,10862,27732,10541,0
102,2013,185,2400,13.39,934.72,0,0,0,-158.2
102,2013,186,100,13.41,1810.2,0,0,0,-84.5
102,2013,186,200,13.42,515.9,0,2258,0,-200.1
102,2013,186,300,13.44,0,0,3508.9,0,-291.8
102,2013,186,400,13.45,0,0,3752.1,0,-310.1
102,2013,186,500,13.46,0,0,6060.3,0,-440.1
102,2013,186,600,13.46,0,0,4090.1,0,-455.4
102,2013,186,700,13.48,0,0,0,0,-306.5
102,2013,186,800,13.49,0,801.36,0,0,-182
102,2013,186,900,12.75,0,2699.9,0,0,-217.6
102,2013,186,1000,13.43,0,0,1643.3,0,-146.2
102,2013,186,1100,13.33,134.2,0,0,0,-281.4
102,2013,186,1200,13.25,253.16,1756.6,0,0,-282.9
102,2013,186,1300,13.26,0,350.08,0,0,-119.8
102,2013,186,1400,13.23,0,0,0,0,-107.2
102,2013,186,1500,13.2,0,0,0,0,31.08
102,2013,186,1600,13.2,0,0,0,0,-65.98
102,2013,186,1700,13.22,0,0,61.908,0,23.65
102,2013,186,1800,13.24,0,0,0,0,95
102,2013,186,1900,13.25,0,0,0,0,-26.05
102,2013,186,2000,13.29,0,0,0,0,75
102,2013,186,2100,13.32,0,0,0,0,123.1
102,2013,186,2200,13.36,0,0,0,0,185.1
102,2013,186,2300,13.38,0,0,0,0,127.5
101,2013,186,2400,12.75,2713.4,6238.1,21375,0
102,2013,186,2400,13.41,0,630.22,0,0,94.3
102,2013,187,100,13.42,0,4048.2,0,0,48
102,2013,187,200,13.42,0,7289,0,0,-31.47
102,2013,187,300,13.41,0,3874.9,432.54,0,-208.9
102,2013,187,400,13.46,1070.3,0,2747.3,0,-288.3
102,2013,187,500,13.47,1595.3,0,1124.9,0,-289.4
102,2013,187,600,13.47,844.43,0,4846.5,0,-155.2
102,2013,187,700,13.49,0,0,245.55,0,-296.2
102,2013,187,800,13.5,0,0,0,0,-393.4
102,2013,187,900,13.42,0,0,862.81,0,-362.6
102,2013,187,1000,13.32,525.59,0,0,0,-318
102,2013,187,1100,13.24,0,2995.4,0,0,-190.2
102,2013,187,1200,13.19,32.964,40.859,289.31,0,156
102,2013,187,1300,13.16,119.04,1.0718,719.52,0,276.1
102,2013,187,1400,13.13,0,0,0,0,287.4
102,2013,187,1500,13.12,0,0,0,0,388.6
102,2013,187,1600,13.12,0,0,0,0,294.5
102,2013,187,1700,13.14,0,0,0,0,253.9
102,2013,187,1800,13.17,61.581,0,400.82,0,129.5
102,2013,187,1900,13.2,0,0,1135.7,0,133.3
102,2013,187,2000,13.23,87.543,0,190.65,0,75.1
102,2013,187,2100,13.27,51.137,0,0,0,10.31
102,2013,187,2200,13.3,1.8826,0,0,0,-74.7
102,2013,187,2300,13.32,55.389,0,0,0,-30.54
101,2013,187,2400,13.12,4445.1,18249,12996,0
102,2013,187,2400,13.34,0,0,0,0,-92.2
102,2013,188,100,13.36,0,0,0,0,-185.1
102,2013,188,200,13.38,0,232.31,0,0,-129.6
102,2013,188,300,13.4,0,3821,0,0,-41.38
102,2013,188,400,13.41,0,6870.6,330.96,0,-47.34
102,2013,188,500,13.43,0,5467.8,2316.3,0,-60.83
102,2013,188,600,13.45,1549.4,0,0,0,-5.947
102,2013,188,700,13.46,2567.7,0,1977.5,0,71.1
102,2013,188,800,13.45,2697.2,0,3388.9,0,54.66
102,2013,188,900,13.38,2483.9,0,420.07,0,65.09
102,2013,188,1000,13.3,182.77,1998.7,0,0,26.18
102,2013,188,1100,13.24,90.359,1280.6,0,0,102.2
102,2013,188,1200,13.2,529.32,0,0,0,252.1
102,2013,188,1300,13.17,325.87,0,374.74,0,213.9
102,2013,188,1400,13.14,105.54,0,1184.5,0,123.4
102,2013,188,1500,13.12,0,0,834.68,0,228.7
102,2013,188,1600,13.13,0,0,0,0,226.6
102,2013,188,1700,13.15,0,0,0,0,125.4
102,2013,188,1800,13.17,38.07,0,83.862,0,10.34
102,2013,188,1900,13.2,18.805,0,1383.8,0,3.959
102,2013,188,2000,13.24,134.72,0,0,0,17.37
102,2013,188,2100,13.27,245.63,0,0,0,-40.14
102,2013,188,2200,13.3,0,0,0,0,-95.4
102,2013,188,2300,13.33,0,0,0,0,-27.08
101,2013,188,2400,13.12,10969,19671,12295,0
102,2013,188,2400,13.36,0,0,0,0,-73.8
102,2013,189,100,13.38,0,42.955,0,0,-143.6
102,2013,189,200,13.4,0,3140.5,0,0,-74.8
102,2013,189,300,13.42,0,4489.6,0,0,-176.9
102,2013,189,400,13.43,0,6232,31.176,0,-132.9
102,2013,189,500,13.45,1842.7,0,1828.8,0,104.4
102,2013,189,600,13.47,4429.3,0,3328.2,0,146.3
102,2013,189,700,13.48,4396,0,2718.9,0,188
102,2013,189,800,13.49,3960.1,0,3623.2,0,75.6
102,2013,189,900,13.44,2589.5,0,780.02,0,142
102,2013,189,1000,13.37,546.13,0,0,0,72.7
102,2013,189,1100,13.29,0,3063,0,0,-4.176
102,2013,189,1200,13.25,239.89,10.336,67.32,0,184.4
102,2013,189,1300,13.2,995.98,0,858.04,0,228.5
102,2013,189,1400,13.08,213.03,0,659.06,0,251.3
102,2013,189,1500,13.16,0,0,74.905,0,209.6
102,2013,189,1600,13.16,0,0,0,0,219.5
102,2013,189,1700,13.18,52.026,0,0,0,71.3
102,2013,189,1800,13.2,0,0,54.991,0,73.7
102,2013,189,1900,13.22,21.771,0,1789.4,0,119
102,2013,189,2000,13.24,798.26,0,383.5,0,90.5
102,2013,189,2100,13.27,3102.8,0,0,0,-32.51
102,2013,189,2200,13.31,424.26,0,0,0,59.31
102,2013,189,2300,13.34,0,0,0,0,-13.89
101,2013,189,2400,13.08,23612,16978,16198,0
102,2013,189,2400,13.37,0,0,0,0,-30.28
102,2013,190,100,13.39,0,1845.3,4.066,0,39.24
102,2013,190,200,13.4,0,5967.3,485.04,0,28.74
102,2013,190,300,13.43,72.551,4476.5,3042.4,0,-55.94
102,2013,190,400,13.44,1779.4,0,427.95,0,-344.2
102,2013,190,500,13.46,3689,0,0,0,-182.2
102,2013,190,600,13.47,0,0,0,0,-257.4
102,2013,190,700,13.49,0,0,0,0,-230.1
102,2013,190,800,13.5,0,1446.7,0,0,-87.2
102,2013,190,900,13.46,0,0,1122.1,0,127
102,2013,190,1000,12.82,894.99,0,0,0,-7.79
102,2013,190,1100,12.79,0,2880.5,0,0,146.3
102,2013,190,1200,13.26,0,1053.3,0,0,205.7
102,2013,190,1300,13.23,714.11,0,425.15,0,225.7
102,2013,190,1400,13.2,1077,0,990.3,0,293.1
102,2013,190,1500,13.18,1072.6,0,174.06,0,193.9
102,2013,190,1600,13.19,897.25,0,1119.2,0,190.9
102,2013,190,1700,13.21,1346.8,0,784.35,0,181.2
102,2013,190,1800,13.22,1605.3,0,2313.4,0,200.5
102,2013,190,1900,13.24,1617.6,0,1812.5,0,181.1
102,2013,190,2000,13.26,3012,0,60.286,0,143.6
102,2013,190,2100,13.29,3382.8,0,0,0,157.7
102,2013,190,2200,13.32,2285.7,0,0,0,156
102,2013,190,2300,13.35,0,0,0,0,132.1
101,2013,190,2400,12.79,23447,17670,12761,0
102,2013,190,2400,13.37,0,0,0,0,-25.1
102,2013,191,100,13.39,0,0,0,0,-32.86
102,2013,191,200,13.4,0,0,0,0,-14.91
102,2013,191,300,13.4,0,128.83,0,0,26.32
102,2013,191,400,13.41,0,1195.3,0,0,119.2
102,2013,191,500,13.43,0,3941.5,0,0,56.2
102,2013,191,600,13.45,1421,3955.4,1449.3,0,-24.59
102,2013,191,700,13.47,3798.6,1474.6,0,0,-36.27
102,2013,191,800,13.49,0,0,0,0,12.84
102,2013,191,900,13.46,775.51,0,1563.3,0,-88.7
102,2013,191,1000,13.38,2699,0,2.3495,0,42.59
102,2013,191,1100,13.32,0,2730.2,0,0,65.08
102,2013,191,1200,13.26,17.268,0,0,0,160.9
102,2013,191,1300,13.21,632.42,85.149,566.47,0,237.7
102,2013,191,1400,13.18,0,0,1876.7,0,328.3
102,2013,191,1500,12.81,0,0,386.1,0,281.5
102,2013,191,1600,13.16,0,0,0,0,297.8
102,2013,191,1700,13.18,0,0,377.66,0,237.6
102,2013,191,1800,13.21,140.63,0,1267.6,0,194.1
102,2013,191,1900,13.23,610.38,0,2936.1,0,183.5
102,2013,191,2000,13.25,2234.8,0,711.37,0,148.8
102,2013,191,2100,13.28,3456.8,0,0,0,131.7
102,2013,191,2200,13.32,3598.7,0,0,0,131.5
102,2013,191,2300,13.34,305.34,0,0,0,112.9
101,2013,191,2400,12.81,19691,13511,11137,0
102,2013,191,2400,13.36,0,0,0,0,112.9
102,2013,192,100,13.38,0,0,0,0,18.97
102,2013,192,200,13.39,0,0,0,0,-56.68
102,2013,192,300,13.41,0,0,0,0,28.61
102,2013,192,400,13.43,0,946.42,0,0,60.73
102,2013,192,500,13.44,0,4825.1,9.3258,0,4.755
102,2013,192,600,13.46,1049.2,3441.5,2947.1,0,-132.5
102,2013,192,700,13.47,4782.1,0,763.62,0,-14.56
102,2013,192,800,13.49,2972.5,0,0,0,-3.437
102,2013,192,900,13.46,2106,0,1164.3,0,41.74
102,2013,192,1000,13.4,3650.5,0,0,0,-27.93
102,2013,192,1100,13.32,3.6862,2286.3,0,0,-149.5
102,2013,192,1200,13.26,267.4,147.73,26.547,0,66.7
102,2013,192,1300,13.22,1315.2,0,856.15,0,130.8
102,2013,192,1400,13.2,537.18,0,925.54,0,198.8
102,2013,192,1500,13.18,108.33,0,0,0,198
102,2013,192,1600,13.18,0,0,0,0,176
102,2013,192,1700,13.2,166.13,0,0,0,153.6
102,2013,192,1800,13.21,428.69,0,752.02,0,117.2
102,2013,192,1900,13.24,1284.7,0,2170,0,83.1
102,2013,192,2000,13.26,1661,0,906.42,0,65.57
102,2013,192,2100,13.3,784.46,0,0,0,67.66
102,2013,192,2200,13.34,1246,0,0,0,11.02
102,2013,192,2300,13.37,0,0,0,0,5.868
101,2013,192,2400,13.18,22363,11647,10521,0
102,2013,192,2400,13.39,0,0,0,0,-71.7
102,2013,193,100,13.4,0,0,0,0,-27.47
102,2013,193,200,13.42,0,0,0,0,-76.1
102,2013,193,300,13.44,0,2206.8,79.717,0,-18.21
102,2013,193,400,13.46,260.38,6806.5,3384.3,0,-.602
102,2013,193,500,13.48,2711.4,2839.6,1105.5,0,110.9
102,2013,193,600,13.49,1299.3,0,0,0,45.21
102,2013,193,700,13.5,670.27,0,0,0,-22.91
102,2013,193,800,13.51,6054.8,0,0,0,-20.88
102,2013,193,900,13.48,3673.5,0,1315.2,0,-16.05
102,2013,193,1000,13.42,2838.5,0,0,0,15.95
102,2013,193,1100,13.3,0,4135.3,0,0,29.39
102,2013,193,1200,13.25,24.673,369.59,27.513,0,137.2
102,2013,193,1300,13.21,636.41,95.257,501.65,0,55.54
102,2013,193,1400,13.19,106.21,0,538.02,0,108.4
102,2013,193,1500,13.18,0,0,0,0,211.8
102,2013,193,1600,13.17,0,0,124.67,0,236.8
102,2013,193,1700,13.18,0,0,0,0,249.3
102,2013,193,1800,13.21,0,0,396.97,0,233.4
102,2013,193,1900,13.24,1324.8,0,1773,0,249.2
102,2013,193,2000,13.27,1869.7,0,365.94,0,178.4
102,2013,193,2100,13.3,4389.4,0,0,0,144.1
102,2013,193,2200,13.34,944.08,0,0,0,128.5
102,2013,193,2300,13.36,0,0,0,0,170.9
101,2013,193,2400,13.17,26804,16453,9612.5,0
102,2013,193,2400,13.39,0,0,0,0,116.5
102,2013,194,100,13.4,0,0,0,0,140
102,2013,194,200,13.42,0,3018,413.12,0,151.5
102,2013,194,300,13.44,0,5946.1,2554.4,0,20.35
102,2013,194,400,13.45,201.63,2524.2,3841.7,0,-50.72
102,2013,194,500,13.47,2518,2664.8,2431.7,0,47.95
102,2013,194,600,13.48,3485.5,0,2790.4,0,3.261
102,2013,194,700,13.5,5573.7,1963.7,0,0,-19.84
102,2013,194,800,13.51,1919.7,4592.4,0,0,-131.3
102,2013,194,900,13.48,2823.1,0,1185.8,0,-189.1
102,2013,194,1000,12.73,3493.9,0,0,0,-111
102,2013,194,1100,12.72,638.57,607.92,0,0,-39.16
102,2013,194,1200,12.73,0,3447.1,0,0,-4.175
102,2013,194,1300,12.74,2.0963,0,0,0,193.6
102,2013,194,1400,12.76,2644.8,0,507.79,0,268.6
102,2013,194,1500,12.77,980.66,0,1901.9,0,257.3
102,2013,194,1600,12.78,301.32,0,824.41,0,232.8
102,2013,194,1700,12.78,83.051,0,2268.4,0,297.3
102,2013,194,1800,12.78,26.013,0,3767.4,0,233.2
102,2013,194,1900,12.77,543.31,0,1983.8,0,120.1
102,2013,194,2000,13.2,639.92,0,111.19,0,79.9
102,2013,194,2100,13.25,706.27,0,0,0,7.66
102,2013,194,2200,13.32,1963.6,0,0,0,23.67
102,2013,194,2300,13.35,0,0,0,0,39.16
101,2013,194,2400,12.72,28545,24764,24582,0
102,2013,194,2400,13.37,0,0,0,0,-36.48
102,2013,195,100,13.39,0,0,0,0,1.925
102,2013,195,200,13.41,0,0,0,0,40.62
102,2013,195,300,13.42,0,0,0,0,-21.97
102,2013,195,400,13.44,0,25.186,0,0,-85.3
102,2013,195,500,13.41,0,1203.7,0,0,-78.3
102,2013,195,600,13.46,0,5091,1001.5,0,-163.1
102,2013,195,700,13.47,101.01,7992,3442.7,0,-222.1
102,2013,195,800,13.48,3175.6,2676.5,2661.7,0,-250
102,2013,195,900,13.45,3410.1,0,1809.2,0,-107.1
102,2013,195,1000,13.39,939.58,0,0,0,30.08
102,2013,195,1100,13.31,0,4611.6,0,0,-68.14
102,2013,195,1200,13.24,0,927.8,0,0,-57.43
102,2013,195,1300,13.2,453.29,0,0,0,-19.11
102,2013,195,1400,13.19,874.42,0,602.35,0,92
102,2013,195,1500,13.18,601.72,0,752.08,0,115.1
102,2013,195,1600,13.17,981.9,0,758.74,0,192.8
102,2013,195,1700,13.19,951.89,0,1296.4,0,166.3
102,2013,195,1800,13.19,718.23,0,2789,0,163.2
102,2013,195,1900,13.22,911.71,0,2495.5,0,177.8
102,2013,195,2000,13.23,0,0,81.655,0,140
102,2013,195,2100,13.28,0,0,0,0,80.2
102,2013,195,2200,13.31,623.21,0,0,0,57.52
102,2013,195,2300,13.34,2517.2,235.66,0,0,-9.7
101,2013,195,2400,13.17,16620,22763,17691,0
102,2013,195,2400,13.36,360.57,0,0,0,-55.43
102,2013,196,100,13.39,0,0,0,0,-21.99
102,2013,196,200,13.4,0,0,0,0,-26.03
102,2013,196,300,13.42,0,0,0,0,-82.1
102,2013,196,400,13.44,0,0,0,0,-131.3
102,2013,196,500,13.46,0,113.97,0,0,-148.4
102,2013,196,600,13.48,0,2016.1,0,0,-121.9
102,2013,196,700,13.49,0,4065.4,60.632,0,-126.8
102,2013,196,800,13.51,298.02,6498.5,2737.2,0,16.24
102,2013,196,900,13.48,671.91,7853.1,742.35,0,122
102,2013,196,1000,13.4,38.215,3681.1,0,0,107.9
102,2013,196,1100,13.31,0,4624.5,0,0,-69.29
102,2013,196,1200,13.24,488.64,275.81,0,0,-36.07
102,2013,196,1300,13.18,383.85,0,930.85,0,203.5
102,2013,196,1400,13.16,0,0,0,0,401.4
102,2013,196,1500,13.14,0,15.591,0,0,373.1
102,2013,196,1600,13.15,0,0,0,0,333.1
102,2013,196,1700,13.16,0,0,0,0,174.1
102,2013,196,1800,13.2,0,0,0,0,158.1
102,2013,196,1900,12.77,0,0,0,0,69.4
102,2013,196,2000,12.77,266.12,0,1616.6,0,13.32
102,2013,196,2100,13.28,44.146,0,47.184,0,19.44
102,2013,196,2200,13.32,1884.5,0,0,0,-10.27
102,2013,196,2300,13.35,1698,0,0,0,-36.47
101,2013,196,2400,12.77,5773.4,29144,6134.9,0
102,2013,196,2400,13.39,0,0,0,0,-30.24
102,2013,197,100,13.41,0,89.056,0,0,-95.6
102,2013,197,200,13.43,0,0,0,0,-42.04
102,2013,197,300,13.45,0,.35075,0,0,-20.03
102,2013,197,400,13.47,0,1117.5,0,0,50.58
102,2013,197,500,13.49,418.8,4835.4,452.94,0,-6.725
102,2013,197,600,13.51,2026.2,1309,746.55,0,-42.38
102,2013,197,700,13.52,4306.4,0,2850.9,0,-60.59
102,2013,197,800,13.53,4910,0,3276.8,0,114.1
102,2013,197,900,13.5,3935.2,0,1.9063,0,95.1
102,2013,197,1000,13.42,756.41,3322.3,0,0,222.2
102,2013,197,1100,13.32,0,1045.4,0,0,63.82
102,2013,197,1200,13.26,830.88,0,0,0,65.63
102,2013,197,1300,13.2,347.11,0,943.65,0,132.2
102,2013,197,1400,13.18,0,0,0,0,222.5
102,2013,197,1500,13.16,0,0,0,0,281.3
102,2013,197,1600,13.15,0,0,0,0,325.5
102,2013,197,1700,13.18,0,0,0,0,215
102,2013,197,1800,13.19,82.802,0,0,0,200.9
102,2013,197,1900,13.21,53.038,0,579.6,0,154.5
102,2013,197,2000,13.23,362.04,0,0,0,104.1
102,2013,197,2100,13.26,0,0,0,0,54.28
102,2013,197,2200,13.29,722.13,0,0,0,48.44
102,2013,197,2300,13.3,3574.9,0,0,0,66.26
101,2013,197,2400,13.15,22929,11719,8852.4,0
102,2013,197,2400,13.33,603.14,0,0,0,94.5
102,2013,198,100,13.35,0,0,0,0,104.9
102,2013,198,200,13.37,0,0,0,0,164.9
102,2013,198,300,13.37,0,0,0,0,131.9
102,2013,198,400,13.39,0,0,0,0,129.1
102,2013,198,500,13.4,0,1527.8,0,0,182.7
102,2013,198,600,13.42,1808.2,325.7,2263.8,0,174.7
102,2013,198,700,13.44,1603.9,0,1122.2,0,214.4
102,2013,198,800,13.46,0,0,0,0,108.1
102,2013,198,900,13.45,0,0,628.85,0,240.2
102,2013,198,1000,13.39,1612.8,0,10.877,0,258.9
102,2013,198,1100,13.33,64.515,2437.6,0,0,33.33
102,2013,198,1200,13.25,0,332.98,0,0,-11.69
102,2013,198,1300,13.2,525.9,0,0,0,27.03
102,2013,198,1400,13.18,1008.1,0,750.44,0,191.3
102,2013,198,1500,13.16,8.2593,0,123.6,0,199.4
102,2013,198,1600,13.16,0,0,0,0,224.8
102,2013,198,1700,13.17,0,0,620.62,0,150
102,2013,198,1800,13.19,246.61,0,2158.5,0,102.2
102,2013,198,1900,13.22,1309.1,0,1115.5,0,95.4
102,2013,198,2000,13.24,389.7,0,81.155,0,61.16
102,2013,198,2100,13.28,631.83,0,0,0,2.233
102,2013,198,2200,13.31,2629.4,0,0,0,-55.78
102,2013,198,2300,13.34,0,0,0,0,-63.26
101,2013,198,2400,13.16,11838,4624.1,8875.5,0
102,2013,198,2400,13.35,0,0,0,0,-94.1
102,2013,199,100,13.37,0,0,0,0,3.353
102,2013,199,200,13.39,0,0,0,0,-23.25
102,2013,199,300,13.41,0,1546,0,0,-27.84
102,2013,199,400,13.42,0,4757.9,0,0,-35.66
102,2013,199,500,13.43,0,7552.9,0,0,-28.24
102,2013,199,600,13.44,543.23,1829.1,14.578,0,-22.24
102,2013,199,700,13.45,2933.2,0,1909.8,0,-27.64
102,2013,199,800,13.46,5029.3,0,2932.9,0,-59.72
102,2013,199,900,13.46,5374.8,0,2872,0,-20.58
102,2013,199,1000,13.43,4558.7,0,0,0,70.6
102,2013,199,1100,13.35,2647.7,0,0,0,19.13
102,2013,199,1200,13.3,0,4577.2,0,0,28.68
102,2013,199,1300,13.24,0,27.628,0,0,28.87
102,2013,199,1400,13.22,1128.1,0,0,0,130
102,2013,199,1500,13.2,114.54,0,0,0,92.9
102,2013,199,1600,13.19,219.11,0,0,0,166.2
102,2013,199,1700,13.21,253.94,0,0,0,102.5
102,2013,199,1800,13.22,113.25,0,0,0,140.4
102,2013,199,1900,13.25,0,0,0,0,138.4
102,2013,199,2000,13.27,0,0,0,0,190.7
102,2013,199,2100,13.3,551.27,0,0,0,142.6
102,2013,199,2200,13.33,776.02,0,0,0,166.1
102,2013,199,2300,13.35,0,0,0,0,110.8
101,2013,199,2400,13.19,24243,20291,7729.2,0
102,2013,199,2400,13.37,0,0,0,0,58.23
102,2013,200,100,13.4,0,0,0,0,-17.95
102,2013,200,200,13.41,0,0,0,0,71.8
102,2013,200,300,13.43,0,0,0,0,143.5
102,2013,200,400,13.45,0,3759.5,0,0,44.3
102,2013,200,500,13.46,0,5287.6,0,0,14.35
102,2013,200,600,13.46,1391.7,8476.7,727.29,0,-99.2
102,2013,200,700,13.47,3177.1,310.34,1973,0,-58.92
102,2013,200,800,13.49,5372.9,0,5597.5,0,-226.9
102,2013,200,900,13.49,5357.4,0,1519.7,0,-181.3
102,2013,200,1000,13.42,4316.9,0,0,0,-174.4
102,2013,200,1100,13.35,818.12,2195,0,0,-102.9
102,2013,200,1200,13.29,63.588,120.18,0,0,-4.884
102,2013,200,1300,13.23,1537.5,3.4005,20.569,0,99.6
102,2013,200,1400,13.21,347.12,0,79.614,0,129.3
102,2013,200,1500,13.19,126.69,0,6.7243,0,85.4
102,2013,200,1600,13.19,264.13,0,74.994,0,52.13
102,2013,200,1700,13.2,12.554,0,0,0,-28.7
102,2013,200,1800,13.22,38.79,0,29.684,0,-36.84
102,2013,200,1900,13.23,99.18,0,0,0,21.51
102,2013,200,2000,13.25,345.14,0,0,0,69.48
102,2013,200,2100,13.29,3796,0,0,0,95.1
102,2013,200,2200,13.32,3.686,0,0,0,-20.84
102,2013,200,2300,13.34,0,0,0,0,-78.1
101,2013,200,2400,13.19,27069,20559,10029,0
102,2013,200,2400,13.35,0,406.17,0,0,-134.6
102,2013,201,100,13.37,0,1157.3,0,0,112.1
102,2013,201,200,13.38,0,5054.1,0,0,53.78
102,2013,201,300,13.4,625.63,4071.1,1602.8,0,-160.4
102,2013,201,400,13.41,4179.3,0,4763.6,0,-154.5
102,2013,201,500,13.43,2221.4,0,2091.4,0,-56.34
102,2013,201,600,13.44,0,0,1526.5,0,-36.29
102,2013,201,700,13.46,0,5537.5,0,0,-154.6
102,2013,201,800,13.48,0,3910.6,0,0,-112.1
102,2013,201,900,13.46,0,0,477.28,0,-29.61
102,2013,201,1000,13.39,0,0,328.03,0,-75.4
102,2013,201,1100,13.31,852.45,0,0,0,-127.7
102,2013,201,1200,13.25,0,2595.8,0,0,-28.91
102,2013,201,1300,13.2,1152.9,117.11,0,0,158.1
102,2013,201,1400,13.19,164.93,0,143.07,0,150.5
102,2013,201,1500,13.18,46.713,0,1984.5,0,88
102,2013,201,1600,13.17,0,0,1732.3,0,110
102,2013,201,1700,13.17,761.3,0,2200.9,0,101.2
102,2013,201,1800,13.19,1395.2,0,1464.8,0,19.1
102,2013,201,1900,13.21,207.92,0,1092.7,0,-52.22
102,2013,201,2000,12.82,2.9745,0,52.292,0,-33.27
102,2013,201,2100,13.28,2810,0,0,0,-147.1
102,2013,201,2200,13.31,2436.1,0,0,0,-200.2
102,2013,201,2300,13.34,0,0,0,0,-224.4
101,2013,201,2400,12.82,16857,22443,19460,0
102,2013,201,2400,13.36,0,0,0,0,-180.8
102,2013,202,100,13.38,0,0,0,0,-254.8
102,2013,202,200,13.4,0,0,0,0,-268.4
102,2013,202,300,13.4,0,631.58,0,0,-417.2
102,2013,202,400,13.42,0,4345.9,134.16,0,-358.8
102,2013,202,500,13.43,77.479,5064,1487.2,0,-195
102,2013,202,600,13.46,2250.1,1861,4307.3,0,-123.8
102,2013,202,700,13.47,2779.3,0,582.07,0,-235.5
102,2013,202,800,13.48,1012.6,0,2645.1,0,-182.9
102,2013,202,900,13.45,0,0,3288.9,0,-192.1
102,2013,202,1000,13.39,0,0,0,0,-132.8
102,2013,202,1100,13.32,871.11,1624,0,0,-237.1
102,2013,202,1200,13.25,215.44,330,0,0,-145.4
102,2013,202,1300,13.22,1562.3,0,0,0,-208.4
102,2013,202,1400,13.19,238.72,0,0,0,-74.9
102,2013,202,1500,13.19,678.05,0,164.18,0,9.57
102,2013,202,1600,13.19,1053.4,0,4.3274,0,-65.21
102,2013,202,1700,13.2,213.99,0,293.8,0,-55.87
102,2013,202,1800,13.2,40.389,0,14.328,0,-88.8
102,2013,202,1900,13.22,21.061,0,0,0,-98.9
102,2013,202,2000,13.26,0,0,0,0,-63.95
102,2013,202,2100,13.3,1426.3,0,0,0,-125.8
102,2013,202,2200,13.34,0,0,0,0,-181.2
102,2013,202,2300,13.36,0,0,0,0,-212.1
101,2013,202,2400,13.19,12440,13958,12921,0
102,2013,202,2400,13.39,0,101.38,0,0,-236.1
102,2013,203,100,13.41,0,2107.4,0,0,-432.4
102,2013,203,200,13.41,0,4329.2,0,0,-360.1
102,2013,203,300,13.41,0,5736.9,0,0,-243.5
102,2013,203,400,13.43,0,7640.5,942.42,0,-434
102,2013,203,500,13.44,415.61,6573.6,2052,0,-441.7
102,2013,203,600,13.44,4022.8,0,5034,0,-380.1
102,2013,203,700,13.42,5320.4,0,4676.4,0,-299.4
102,2013,203,800,13.42,1336.8,0,460.66,0,-436.7
102,2013,203,900,13.42,0,0,2524.7,0,-379.2
102,2013,203,1000,13.35,1604.8,0,0,0,-300
102,2013,203,1100,13.27,95.16,2232.7,0,0,-140.8
102,2013,203,1200,13.2,1324.2,358.44,0,0,-.614
102,2013,203,1300,13.19,458.35,12.569,0,0,52.7
102,2013,203,1400,13.17,78.295,0,0,0,110.4
102,2013,203,1500,13.17,48.01,0,30.203,0,53.42
102,2013,203,1600,13.17,0,0,395.3,0,42.13
102,2013,203,1700,13.17,228.99,0,255.13,0,26.14
102,2013,203,1800,13.18,212.07,0,83.917,0,-58.36
102,2013,203,1900,13.23,95.678,0,0,0,7.81
102,2013,203,2000,13.27,29.434,0,0,0,-35.5
102,2013,203,2100,13.29,0,0,0,0,-13.88
102,2013,203,2200,13.32,2988.2,0,0,0,-45.96
102,2013,203,2300,13.35,269.76,0,0,0,-111.2
101,2013,203,2400,13.17,18529,28991,16455,0
102,2013,203,2400,13.37,0,0,0,0,-147.7
102,2013,204,100,13.39,0,0,0,0,-128.5
102,2013,204,200,13.41,0,0,0,0,-64.65
102,2013,204,300,13.42,0,27.115,0,0,-84.6
102,2013,204,400,13.44,0,1440.1,0,0,-219.1
102,2013,204,500,13.46,0,4433.9,65.66,0,-331.7
102,2013,204,600,12.75,698.38,7432.7,680.72,0,-233.7
102,2013,204,700,12.69,3340.8,1223.3,3300.8,0,-204
102,2013,204,800,12.69,3898.7,0,2241.9,0,-133.8
102,2013,204,900,13.07,3334.8,0,65.909,0,-137.3
102,2013,204,1000,13.38,1442.3,0,0,0,30.34
102,2013,204,1100,13.29,0,3031.8,0,0,-53.83
102,2013,204,1200,13.23,660.56,344.99,36.822,0,58.82
102,2013,204,1300,13.2,19.478,0,0,0,178
102,2013,204,1400,13.17,181.8,0,216,0,95.7
102,2013,204,1500,13.16,831.89,0,981.38,0,183.1
102,2013,204,1600,13.15,.90984,0,2466.9,0,186.2
102,2013,204,1700,13.17,373.08,0,1328.6,0,156.7
102,2013,204,1800,13.19,539.64,0,97.534,0,114.5
102,2013,204,1900,12.78,75.508,0,0,0,113.6
102,2013,204,2000,12.78,0,0,0,0,70.7
102,2013,204,2100,13.28,636.11,0,0,0,58.71
102,2013,204,2200,13.32,1419.2,0,0,0,2.697
102,2013,204,2300,13.34,0,0,0,0,-79.9
101,2013,204,2400,12.69,17453,17934,11482,0
102,2013,204,2400,13.36,0,0,0,0,-116
102,2013,205,100,13.39,0,0,0,0,-159.5
102,2013,205,200,13.41,0,0,0,0,-133.6
102,2013,205,300,13.41,0,491.94,0,0,-321.5
102,2013,205,400,13.43,0,2593.9,0,0,-317.1
102,2013,205,500,13.45,91.713,6322.7,0,0,-389.4
102,2013,205,600,13.46,2454.3,1745.6,1671.9,0,-275.3
102,2013,205,700,13.47,4569.9,0,2917.2,0,-317.9
102,2013,205,800,12.76,5754.8,0,3751.3,0,-196.3
102,2013,205,900,13.47,4969.3,0,739.63,0,-169.9
102,2013,205,1000,13.43,3265.6,0,0,0,-240.5
102,2013,205,1100,13.34,1238,1859.2,0,0,-270.2
102,2013,205,1200,13.27,400.71,379.63,0,0,-207.3
102,2013,205,1300,13.22,314,0,0,0,-143.4
102,2013,205,1400,13.17,39.667,0,81.387,0,-111.7
102,2013,205,1500,13.16,103.75,0,15.815,0,17.85
102,2013,205,1600,13.16,266.94,0,986.28,0,49.67
102,2013,205,1700,13.18,0,0,540.92,0,-46.4
102,2013,205,1800,13.2,0,0,86.165,0,-113.6
102,2013,205,1900,13.22,0,0,5.514,0,-92.4
102,2013,205,2000,13.24,0,0,0,0,-70.4
102,2013,205,2100,13.28,58.465,0,0,0,-108.4
102,2013,205,2200,13.32,2124.1,0,0,0,-144.8
102,2013,205,2300,13.35,65.789,0,0,0,-185.7
101,2013,205,2400,12.76,25717,13393,10796,0
102,2013,205,2400,13.37,0,0,0,0,-207.5
102,2013,206,100,13.39,0,0,0,0,-215.8
102,2013,206,200,13.39,0,0,0,0,-202
102,2013,206,300,13.41,0,21.578,0,0,-198.6
102,2013,206,400,13.43,0,4035.2,0,0,-224.2
102,2013,206,500,13.45,0,5814.4,0,0,-246.1
102,2013,206,600,13.46,294.49,7623.4,0,0,-216.1
102,2013,206,700,13.46,2362.7,0,46.192,0,-242.7
102,2013,206,800,13.48,5114,0,2151.6,0,-209
102,2013,206,900,13.46,4071.1,0,357.93,0,-231
102,2013,206,1000,13.26,1936,818.93,0,0,-292.9
102,2013,206,1100,12.74,49.121,1116.9,0,0,-270.5
102,2013,206,1200,12.74,2457.1,24.413,0,0,-185.9
102,2013,206,1300,12.76,340.59,0,0,0,-50.24
102,2013,206,1400,12.77,340.48,124.51,32.023,0,74.4
102,2013,206,1500,13.16,128.35,0,354.22,0,169.4
102,2013,206,1600,13.18,312.98,0,1020.8,0,190.5
102,2013,206,1700,13.19,367.87,0,651.62,0,172.3
102,2013,206,1800,13.22,0,0,33.078,0,103.5
102,2013,206,1900,13.26,81.978,0,0,0,91.8
102,2013,206,2000,13.27,0,0,0,0,136.1
102,2013,206,2100,13.3,0,0,0,0,73.6
102,2013,206,2200,13.34,2311.9,0,0,0,93.4
102,2013,206,2300,13.36,924.82,0,0,0,-4.429
101,2013,206,2400,12.74,21093,19579,4647.5,0
102,2013,206,2400,13.37,0,0,0,0,2.195
102,2013,207,100,13.39,0,0,0,0,32.08
102,2013,207,200,13.41,0,0,0,0,123.9
102,2013,207,300,13.43,0,251.62,0,0,111.7
102,2013,207,400,13.45,0,3562.7,0,0,-14.11
102,2013,207,500,13.46,505.16,896.47,0,0,44.77
102,2013,207,600,13.47,26.549,5215.6,0,0,55.35
102,2013,207,700,13.47,180.51,0,0,0,105.5
102,2013,207,800,13.47,841.16,0,0,0,14.38
102,2013,207,900,13.45,999.49,0,0,0,19.89
102,2013,207,1000,13.39,262.18,1713.9,0,0,57.96
102,2013,207,1100,13.31,33.712,801.45,0,0,22.97
102,2013,207,1200,13.25,470.44,17.808,0,0,125.8
102,2013,207,1300,13.22,0,0,52.783,0,114.7
102,2013,207,1400,13.18,0,0,0,0,138.1
102,2013,207,1500,13.18,0,0,1.5664,0,151.6
102,2013,207,1600,13.18,0,0,0,0,135.4
102,2013,207,1700,13.19,0,0,0,0,130.1
102,2013,207,1800,13.22,0,0,0,0,53.78
102,2013,207,1900,13.24,90.912,0,0,0,11.85
102,2013,207,2000,13.25,5.3161,0,0,0,36.57
102,2013,207,2100,13.29,0,0,0,0,58.76
102,2013,207,2200,13.32,1353.9,0,0,0,45.2
102,2013,207,2300,13.34,561.21,0,0,0,55.51
101,2013,207,2400,13.18,5330.6,12459,54.349,0
102,2013,207,2400,13.37,0,0,0,0,-7.36
102,2013,208,100,13.39,0,0,0,0,18.97
102,2013,208,200,13.41,0,224.94,0,0,195.6
102,2013,208,300,13.41,0,4803.5,0,0,183.4
102,2013,208,400,13.42,7.4349,4992.6,0,0,314.2
102,2013,208,500,13.43,1204.6,0,0,0,239
102,2013,208,600,13.44,2997.6,0,4.295,0,314.5
102,2013,208,700,13.44,5047.7,0,2201.1,0,136.4
102,2013,208,800,13.44,3756.3,285.45,4056,0,78.5
102,2013,208,900,13.44,0,0,2998.3,0,125.7
102,2013,208,1000,13.41,2286.2,0,0,0,185.5
102,2013,208,1100,13.35,535.55,0,0,0,107.8
102,2013,208,1200,13.29,39.566,2312.4,0,0,130.2
102,2013,208,1300,13.22,0,307.5,0,0,-6.769
102,2013,208,1400,13.22,512.68,0,0,0,-7.6
102,2013,208,1500,13.18,0,0,0,0,73.5
102,2013,208,1600,13.19,67.877,0,0,0,72.7
102,2013,208,1700,13.21,65.119,0,0,0,46.95
102,2013,208,1800,13.22,0,0,0,0,41.15
102,2013,208,1900,13.23,0,0,74.389,0,23.5
102,2013,208,2000,13.25,81.078,0,0,0,18.1
102,2013,208,2100,13.28,795.04,0,0,0,64.43
102,2013,208,2200,12.77,548.92,0,0,0,29.81
102,2013,208,2300,12.74,0,0,0,0,-6.921
101,2013,208,2400,12.74,17946,12926,9334,0
102,2013,208,2400,13.36,0,0,0,0,2.498
102,2013,209,100,13.37,0,2378,0,0,-41.41
102,2013,209,200,13.39,0,4728,0,0,-34.04
102,2013,209,300,13.41,0,0,0,0,127.8
102,2013,209,400,13.41,0,0,0,0,144
102,2013,209,500,13.42,0,0,0,0,52.22
102,2013,209,600,13.43,0,0,0,0,-19.77
102,2013,209,700,13.43,0,0,0,0,73.1
102,2013,209,800,13.43,0,0,0,0,148.5
102,2013,209,900,13.43,0,0,0,0,257.2
102,2013,209,1000,13.42,0,0,0,0,193.1
102,2013,209,1100,13.37,0,0,0,0,159.5
102,2013,209,1200,13.32,86.845,0,0,0,85.9
102,2013,209,1300,13.23,24.379,2940.9,0,0,8.21
102,2013,209,1400,13.22,83.235,573.21,0,0,122.4
102,2013,209,1500,13.26,0,1483.1,0,0,171.4
102,2013,209,1600,13.29,243.64,0,0,0,217.6
102,2013,209,1700,13.3,222.66,0,0,0,52.17
102,2013,209,1800,13.33,0,18.072,0,0,102.4
102,2013,209,1900,13.33,0,560.52,0,0,189.3
102,2013,209,2000,13.34,0,2347.6,0,0,109.3
102,2013,209,2100,13.36,0,4467.5,0,0,95.8
102,2013,209,2200,13.37,84.54,4579.1,0,0,8.69
102,2013,209,2300,13.39,391.14,6135,2169.7,0,142.9
101,2013,209,2400,13.22,1136.4,30211,5383,0
102,2013,209,2400,13.41,0,0,3213.3,0,110
102,2013,210,100,13.42,0,0,0,0,-100.9
102,2013,210,200,13.44,0,708.73,0,0,-37.88
102,2013,210,300,13.45,0,1553.4,0,0,-11.95
102,2013,210,400,13.46,0,0,0,0,131.4
102,2013,210,500,13.47,0,2531.8,0,0,164.4
102,2013,210,600,13.48,0,0,0,0,347.4
102,2013,210,700,13.49,0,0,0,0,394.3
102,2013,210,800,13.5,0,0,0,0,282.1
102,2013,210,900,13.46,0,200.8,870.77,0,182.9
102,2013,210,1000,13.41,0,0,243.33,0,110.9
102,2013,210,1100,13.34,300,0,0,0,251.3
102,2013,210,1200,13.28,25.708,2059.2,0,0,203.3
102,2013,210,1300,13.23,0,404.26,0,0,120.5
102,2013,210,1400,13.21,21.202,0,0,0,283.2
102,2013,210,1500,13.21,33.727,0,0,0,272.1
102,2013,210,1600,13.2,107.81,0,223.27,0,277
102,2013,210,1700,13.23,49.161,0,179.24,0,183.4
102,2013,210,1800,13.23,0,0,157.48,0,188.6
102,2013,210,1900,13.24,12.942,0,0,0,176.3
102,2013,210,2000,13.28,0,0,0,0,224.7
102,2013,210,2100,13.29,45.041,695.43,0,0,291.6
102,2013,210,2200,13.31,0,0,0,0,360.7
102,2013,210,2300,13.34,0,0,0,0,302.1
101,2013,210,2400,13.2,595.6,10462,1674.1,0
102,2013,210,2400,13.36,0,2308.8,0,0,245.3
102,2013,211,100,13.38,20.217,5827.2,54.718,0,163.8
102,2013,211,200,13.4,299.07,0,3071.6,0,257.1
102,2013,211,300,13.42,0,3828.2,566.21,0,328.1
102,2013,211,400,13.43,0,1300.3,1830.3,0,281
102,2013,211,500,13.44,0,3740.5,0,0,368.1
102,2013,211,600,13.44,0,0,849.3,0,298.4
102,2013,211,700,13.44,0,0,5166.2,0,137.1
102,2013,211,800,13.42,0,0,5369.3,0,237.2
102,2013,211,900,13.39,0,0,1620.6,0,429.2
102,2013,211,1000,13.36,0,0,0,0,501.2
102,2013,211,1100,13.3,354.41,0,0,0,407.9
102,2013,211,1200,12.75,0,2407,0,0,230.9
102,2013,211,1300,12.73,192.32,28.292,0,0,107.1
102,2013,211,1400,12.73,582.1,0,0,0,48.12
102,2013,211,1500,12.73,362.84,0,0,0,-13.12
102,2013,211,1600,12.73,610.12,0,0,0,86.4
102,2013,211,1700,13.21,985.28,0,0,0,75.4
102,2013,211,1800,13.23,887.31,0,0,0,105.5
102,2013,211,1900,13.25,569.58,0,0,0,104.2
102,2013,211,2000,13.28,685.98,0,0,0,111.8
102,2013,211,2100,13.3,0,0,0,0,-43.78
102,2013,211,2200,13.32,0,20.478,0,0,-103.1
102,2013,211,2300,13.33,0,0,0,0,-20.23
101,2013,211,2400,12.73,5549.2,17279,18528,0
102,2013,211,2400,13.35,0,126.67,0,0,36.5
102,2013,212,100,13.37,0,1934.4,43.882,0,20.51
102,2013,212,200,13.39,1042.2,6779,1356.4,0,142.6
102,2013,212,300,13.4,985.31,155.29,0,0,54.64
102,2013,212,400,13.41,0,0,244.51,0,-171.3
102,2013,212,500,13.42,0,0,5847.3,0,-98.2
102,2013,212,600,13.42,0,0,4797.9,0,-56.09
102,2013,212,700,13.42,0,0,1744,0,-191.3
102,2013,212,800,13.43,377.32,62.579,535.84,0,44.9
102,2013,212,900,12.72,1803.1,122.05,757.66,0,59.04
102,2013,212,1000,12.72,1125.5,302.49,1504.5,0,34.6
102,2013,212,1100,12.73,230.51,1680,2068.7,0,145.8
102,2013,212,1200,13.34,543.21,0,1517.8,0,-36.25
102,2013,212,1300,13.3,312.59,3091.8,0,0,-88
102,2013,212,1400,13.3,0,1309.6,0,0,-283.2
102,2013,212,1500,13.31,0,0,0,0,-162.5
102,2013,212,1600,13.32,0,0,0,0,-216.7
102,2013,212,1700,13.33,0,5.5337,99.811,0,-365.7
102,2013,212,1800,13.37,0,1974.3,61.088,0,-311.5
102,2013,212,1900,13.37,0,1404.1,0,0,-293
102,2013,212,2000,13.37,0,1737.8,0,0,-363.3
102,2013,212,2100,13.36,451.73,4729.3,0,0,-357
102,2013,212,2200,13.37,422.61,5824.8,0,0,-210.8
102,2013,212,2300,13.38,114.95,6129.5,0,0,-326.8
101,2013,212,2400,12.72,7409,44432,20845,0
102,2013,212,2400,13.39,0,7189.1,266.04,0,-328.3
102,2013,213,100,13.41,0,7202.2,2388,0,-167.4
102,2013,213,200,13.41,0,8173.3,2729.7,0,-204.3
102,2013,213,300,12.72,0,6650.8,3523.8,0,-154.6
102,2013,213,400,12.71,0,1934.2,0,0,-42.69
102,2013,213,500,12.7,0,462.99,0,0,-82.4
102,2013,213,600,12.7,0,6385.5,0,0,130.2
102,2013,213,700,12.69,0,5475.7,0,0,130.6
102,2013,213,800,12.69,0,6322.7,0,0,187.9
102,2013,213,900,12.69,0,6978.8,2963.2,0,107.1
102,2013,213,1000,12.69,0,280.76,175.86,0,134.3
102,2013,213,1100,12.83,0,0,0,0,38.17
102,2013,213,1200,13.27,344.77,2936.5,0,0,-60.15
102,2013,213,1300,13.32,0,2458.4,130.3,0,-53.72
102,2013,213,1400,12.82,0,1745,0,0,-48.28
102,2013,213,1500,12.76,0,2467.8,0,0,-53.2
102,2013,213,1600,12.75,0,3246.5,0,0,17.52
102,2013,213,1700,12.74,0,310.13,0,0,-61.48
102,2013,213,1800,13.3,0,44.259,0,0,95.1
102,2013,213,1900,13.34,0,55.746,0,0,167.1
102,2013,213,2000,13.35,0,64.903,0,0,162.1
102,2013,213,2100,13.37,0,0,0,0,123.1
102,2013,213,2200,13.39,0,1390.6,0,0,66.77
102,2013,213,2300,13.39,0,3512.5,0,0,2.592
101,2013,213,2400,12.69,344.77,72470,11911,0
102,2013,213,2400,13.41,0,4370.5,0,0,19.12
102,2013,214,100,13.43,32.142,5753.7,0,0,-81
102,2013,214,200,13.44,1764.2,7388,.99653,0,-213.6
102,2013,214,300,13.45,3866.6,5767.7,1541.3,0,-82.3
102,2013,214,400,13.46,1547.9,0,3947.4,0,-163.6
102,2013,214,500,13.46,0,0,2721.5,0,-94.9
102,2013,214,600,13.46,0,0,2073.9,0,-51.72
102,2013,214,700,13.48,0,0,0,0,50.14
102,2013,214,800,13.48,0,0,0,0,96.5
102,2013,214,900,13.47,0,0,2102,0,56.38
102,2013,214,1000,13.41,0,0,0,0,42.76
102,2013,214,1100,13.34,142.82,1724.6,0,0,-156.3
102,2013,214,1200,13.28,0,4109.7,0,0,10.98
102,2013,214,1300,13.26,4.0501,1459.7,0,0,18.9
102,2013,214,1400,13.25,31.46,337.14,0,0,164.1
102,2013,214,1500,13.25,161.46,67.078,0,0,244.3
102,2013,214,1600,13.24,113.9,0,0,0,183.4
102,2013,214,1700,13.23,281.11,0,12.206,0,124.6
102,2013,214,1800,13.25,485.76,0,0,0,212.8
102,2013,214,1900,13.29,465.42,7.0337,0,0,209.4
102,2013,214,2000,13.29,0,0,0,0,115.3
102,2013,214,2100,13.32,0,3.5658,0,0,205.1
102,2013,214,2200,13.34,0,62.789,0,0,279.2
102,2013,214,2300,13.36,0,860.98,0,0,258
101,2013,214,2400,13.23,8896.8,29353,12399,0
102,2013,214,2400,13.37,0,1811.3,0,0,220.4
102,2013,215,100,13.37,0,2234.5,0,0,110.9
102,2013,215,200,13.38,0,2845.8,0,0,108
102,2013,215,300,13.39,0,4017.6,0,0,217.2
102,2013,215,400,13.4,0,6013.8,0,0,346.3
102,2013,215,500,13.41,87.895,7513.6,122.7,0,293.7
102,2013,215,600,13.41,308.39,898.24,1804.6,0,142.6
102,2013,215,700,13.43,0,0,0,0,154.8
102,2013,215,800,13.43,0,0,2276,0,108.8
102,2013,215,900,13.43,0,0,3297,0,131.5
102,2013,215,1000,13.41,0,0,501.01,0,327.9
102,2013,215,1100,13.37,0,0,0,0,364.6
102,2013,215,1200,13.34,57.776,0,0,0,263
102,2013,215,1300,13.31,0,4415.7,0,0,225.6
102,2013,215,1400,13.26,30.682,133.7,0,0,421.4
102,2013,215,1500,13.31,113.01,43.769,0,0,122