,13.3,257.39,257.82,37.08,0,11.27
102,2011,43,1800,13.34,254.34,256.79,36.315,0,6.105
102,2011,43,1900,13.34,102.61,104.01,14.815,0,6.546
102,2011,43,2000,13.35,11.936,11.68,3.6385,0,5.846
102,2011,43,2100,12.81,0,0,1.2577,0,5.956
102,2011,43,2200,12.79,0,0,1.0362,0,5.874
102,2011,43,2300,12.77,0,0,1.6689,0,5.377
101,2011,43,2400,12.77,11571,11952,1632.3,4.015
102,2011,43,2400,13.39,.01582,0,1.8508,0,5.295
102,2011,44,100,13.4,0,0,1.7954,0,5.295
102,2011,44,200,13.41,0,0,2.357,0,5.3
102,2011,44,300,13.43,0,0,2.4598,0,5.295
102,2011,44,400,13.44,0,0,2.531,0,5.477
102,2011,44,500,13.45,0,0,3.0373,0,5.852
102,2011,44,600,13.46,0,0,2.3017,0,5.962
102,2011,44,700,13.46,0,0,2.1198,0,6.619
102,2011,44,800,13.47,8.2181,8.1927,4.6113,0,6.619
102,2011,44,900,13.46,213.61,215.28,35.008,0,6.807
102,2011,44,1000,13.41,699.81,706.54,110.55,.133,83.5
102,2011,44,1100,13.3,1448.1,1466.8,216.48,1,313.9
102,2011,44,1200,13.31,1326.3,1357.1,194.2,.367,116.9
102,2011,44,1300,13.26,1749.7,1800.3,250.22,.333,106
102,2011,44,1400,13.22,2429.3,2509.9,319.02,.916,229.7
102,2011,44,1500,13.19,2609.9,2705.4,337.96,.833,283.4
102,2011,44,1600,13.18,1990.9,2053.5,264.01,.616,215.6
102,2011,44,1700,13.19,1421.5,1453.9,199.62,.583,197.1
102,2011,44,1800,13.2,806.79,819.39,116.37,.383,151
102,2011,44,1900,13.21,339.49,346.17,47.963,.1,76.9
102,2011,44,2000,13.24,47.818,49.082,7.839,0,10.55
102,2011,44,2100,13.28,0,0,2.6892,0,6.623
102,2011,44,2200,13.3,0,0,1.5977,0,6.618
102,2011,44,2300,13.34,.02373,0,1.8193,0,6.568
101,2011,44,2400,13.18,15092,15492,2128.3,5.265
102,2011,44,2400,13.34,0,0,1.7877,0,6.613
102,2011,45,100,13.35,0,0,1.6216,0,6.398
102,2011,45,200,13.36,0,0,1.408,0,5.956
102,2011,45,300,13.36,0,0,1.7718,0,6.216
102,2011,45,400,13.38,0,0,2.4045,0,6.442
102,2011,45,500,13.39,0,0,2.0248,0,6.315
102,2011,45,600,13.4,0,0,2.5072,0,6.568
102,2011,45,700,13.41,0,0,2.0564,0,6.166
102,2011,45,800,13.42,13.422,13.511,4.1128,0,6.353
102,2011,45,900,13.42,318.47,319.79,49.173,.1,68.02
102,2011,45,1000,13.39,750.76,762.2,107.1,.367,137.1
102,2011,45,1100,13.32,1948.8,1980.5,264.69,1,558
102,2011,45,1200,13.27,2590.1,2677.1,325.82,1,694.4
102,2011,45,1300,13.23,2543.2,2635,313.26,.783,461.6
102,2011,45,1400,13.22,1980.3,2040.6,251.47,.367,206.9
102,2011,45,1500,13.22,1690.3,1730.3,223.4,.317,100.7
102,2011,45,1600,13.2,1929.5,1980.6,258.06,.983,181.6
102,2011,45,1700,13.2,1095.3,1118.3,147.68,.866,178.3
102,2011,45,1800,13.23,708.48,716.92,98.491,.616,137.6
102,2011,45,1900,13.24,414.21,418.04,57.962,.15,83.8
102,2011,45,2000,13.25,52.779,53.887,8.2665,0,11.71
102,2011,45,2100,13.29,0,0,1.0441,0,6.634
102,2011,45,2200,13.31,0,0,1.487,0,6.513
102,2011,45,2300,13.34,0,0,1.8588,0,6.618
101,2011,45,2400,13.2,16036,16447,2128.9,6.547
102,2011,45,2400,13.35,0,0,1.2498,0,6.469
102,2011,46,100,13.37,.02373,0,2.3097,0,6.442
102,2011,46,200,13.38,.04746,0,3.156,0,5.874
102,2011,46,300,13.38,.00791,0,1.6848,0,5.923
102,2011,46,400,13.39,.02373,0,2.5706,0,5.956
102,2011,46,500,13.4,0,0,1.7322,0,5.852
102,2011,46,600,13.41,0,0,1.9852,0,6.116
102,2011,46,700,13.43,0,0,3.2428,0,6.618
102,2011,46,800,13.44,10.543,10.131,5.3943,0,7.03
102,2011,46,900,13.44,246.88,247.32,39.619,.033,58.84
102,2011,46,1000,13.39,833.66,840.2,125.94,1,276.3
102,2011,46,1100,13.33,1656,1682.1,230.24,1,460.4
102,2011,46,1200,13.28,2413.3,2487.6,311.27,1,563.1
102,2011,46,1300,13.23,2616.1,2724.5,321.75,1,512.7
102,2011,46,1400,12.84,2297.5,2379.2,282.4,.633,271.6
102,2011,46,1500,12.83,1839.9,1897.5,236.16,.3,81.4
102,2011,46,1600,13.19,1646.3,1699.4,214.38,.383,97.3
102,2011,46,1700,13.2,728.13,749.66,93.074,0,14.76
102,2011,46,1800,13.21,639.81,654.15,84.597,0,19.11
102,2011,46,1900,13.22,194.62,199.93,25.007,0,13.58
102,2011,46,2000,13.25,29.19,29.443,3.8841,0,6.49
102,2011,46,2100,13.29,0,0,1.8429,0,5.956
102,2011,46,2200,13.33,0,0,2.0724,0,6.122
102,2011,46,2300,13.35,0,0,2.5391,0,6.249
101,2011,46,2400,12.83,15152,15601,1999.5,5.348
102,2011,46,2400,13.37,.00791,0,2.6023,0,5.978
102,2011,47,100,12.86,.03955,0,3.2983,0,6.017
102,2011,47,200,13.39,0,0,2.8553,0,6.199
102,2011,47,300,13.4,0,0,3.3061,0,6.216
102,2011,47,400,13.42,.06327,0,4.3421,0,6.464
102,2011,47,500,13.43,.03164,0,2.8314,0,6.414
102,2011,47,600,13.44,.10283,0,3.4326,0,6.618
102,2011,47,700,13.44,.00791,0,2.9977,0,6.58
102,2011,47,800,13.45,11.105,9.995,4.8645,0,6.778
102,2011,47,900,13.44,333.48,333.68,54.902,.616,159.4
102,2011,47,1000,13.39,1013.1,1025.1,159.17,1,428
102,2011,47,1100,13.32,1235.6,1256.1,173.2,1,339.3
102,2011,47,1200,12.85,1460.2,1500,198.87,1,202
102,2011,47,1300,13.23,2478.2,2574.9,324.88,.9,412
102,2011,47,1400,13.21,2390.1,2481.9,305.78,.933,327.8
102,2011,47,1500,13.19,2589.8,2699.6,333.44,.783,396
102,2011,47,1600,13.18,2075.7,2157.7,277.89,.7,371.6
102,2011,47,1700,13.17,2075.3,2130.5,288.93,.9,473.5
102,2011,47,1800,13.19,535.17,547.96,71.789,.1,56.22
102,2011,47,1900,13.22,176.67,180.18,24.144,0,9.59
102,2011,47,2000,13.24,30.804,30.914,5.8064,0,6.744
102,2011,47,2100,13.27,0,0,1.5187,0,6.634
102,2011,47,2200,13.3,0,0,1.1944,0,6.568
102,2011,47,2300,13.31,0,0,1.3763,0,5.807
101,2011,47,2400,12.85,16405,16929,2252.7,7.93
102,2011,47,2400,13.33,0,0,1.8429,0,5.945
102,2011,48,100,13.35,0,0,2.4442,0,5.945
102,2011,48,200,13.36,0,0,3.3775,0,6.1
102,2011,48,300,13.39,0,0,4.0656,0,6.193
102,2011,48,400,13.4,0,0,4.1525,0,6.618
102,2011,48,500,13.41,0,0,3.6304,0,6.618
102,2011,48,600,13.42,.01582,0,2.2857,0,6.205
102,2011,48,700,13.44,0,0,1.6451,0,6.028
102,2011,48,800,13.45,14.949,13.882,4.4451,0,8.54
102,2011,48,900,13.44,357.89,353.06,60.905,.65,181.7
102,2011,48,1000,13.4,1035.3,1045.3,167.13,1,415.1
102,2011,48,1100,13.33,1790,1818.2,255.81,1,543.5
102,2011,48,1200,13.26,2330.5,2422.8,303.97,1,598.1
102,2011,48,1300,13.22,2624.5,2752.4,330.12,.95,529.9
102,2011,48,1400,13.19,2623.7,2733.2,334.51,.85,340
102,2011,48,1500,13.19,1786.6,1853.1,228.1,.483,175.3
102,2011,48,1600,13.19,1548.9,1600.8,208.8,.516,214.6
102,2011,48,1700,13.18,1660,1704.6,226.92,.65,320.4
102,2011,48,1800,13.19,690.25,706.83,96.478,.217,108.7
102,2011,48,1900,13.21,481.6,487.69,75.801,.583,134.6
102,2011,48,2000,13.24,26.826,27.875,5.0234,0,10.2
102,2011,48,2100,13.26,0,0,1.1075,0,6.788
102,2011,48,2200,13.28,2.0012,.04871,6.3517,0,6.534
102,2011,48,2300,13.32,3.235,.00974,9.175,0,6.607
101,2011,48,2400,13.18,16976,17520,2338.4,7.9
102,2011,48,2400,13.33,0,0,2.199,0,6.409
102,2011,49,100,13.35,0,0,2.1753,0,6.535
102,2011,49,200,13.38,0,0,1.5345,0,6.464
102,2011,49,300,13.4,0,0,2.4915,0,6.497
102,2011,49,400,13.41,0,0,3.1241,0,6.618
102,2011,49,500,13.42,0,0,3.6144,0,6.618
102,2011,49,600,13.44,.01582,0,5.0222,0,6.618
102,2011,49,700,13.44,.06327,0,2.2145,0,6.618
102,2011,49,800,13.44,2.1987,1.4611,2.1908,0,6.618
102,2011,49,900,13.44,44.474,42.949,8.2256,0,6.618
102,2011,49,1000,13.41,356.82,358.31,54.287,0,10.5
102,2011,49,1100,13.34,1299.5,1309.4,189.97,.7,223.7
102,2011,49,1200,13.31,1211.5,1235.1,164.06,.483,211.7
102,2011,49,1300,13.33,659.44,667.88,87.439,0,14.19
102,2011,49,1400,13.3,1609.1,1634.3,215.29,0,32.59
102,2011,49,1500,13.27,1867,1905.9,247.56,.433,138.3
102,2011,49,1600,13.24,2035.4,2085.8,265.28,.583,228.6
102,2011,49,1700,13.24,1405.7,1433.9,186.12,.683,206.6
102,2011,49,1800,13.24,1545,1577.9,223.48,1,551.7
102,2011,49,1900,13.24,661.11,664.62,99.043,1,330.5
102,2011,49,2000,13.25,83.166,85.348,12.902,.15,46.17
102,2011,49,2100,13.29,0,0,2.2622,0,6.248
102,2011,49,2200,13.33,0,0,3.9469,0,6.089
102,2011,49,2300,13.35,0,0,2.4205,0,6.618
101,2011,49,2400,13.24,12781,13003,1788.1,5.031
102,2011,49,2400,13.37,.23729,.01948,3.4329,0,6.618
102,2011,50,100,13.38,.23729,0,2.3492,0,6.618
102,2011,50,200,13.39,0,0,2.3808,0,6.618
102,2011,50,300,13.4,0,0,3.0293,0,6.613
102,2011,50,400,13.42,0,0,3.8201,0,6.591
102,2011,50,500,13.43,0,0,2.088,0,6.618
102,2011,50,600,13.44,0,0,3.3059,0,6.618
102,2011,50,700,13.42,.03955,0,2.0643,0,6.342
102,2011,50,800,13.43,14.149,13.735,3.9308,0,7.85
102,2011,50,900,13.43,413.33,421.63,69.489,.8,282.8
102,2011,50,1000,13.37,1252.6,1253.6,182.77,1,607.2
102,2011,50,1100,13.3,2054.6,2071.9,265.71,1,693
102,2011,50,1200,13.24,2427.7,2511.2,288.08,.983,638
102,2011,50,1300,13.2,2562.5,2638.6,305.3,.65,409.9
102,2011,50,1400,13.18,3036.7,3138.6,354.95,.716,457.1
102,2011,50,1500,13.19,1261.3,1296,153.47,.15,119.1
102,2011,50,1600,12.99,1815.2,1865.8,232.52,.483,336.6
102,2011,50,1700,13.19,1877.7,1900,238.73,.683,398.1
102,2011,50,1800,13.19,377.29,388.05,45.739,.067,44.86
102,2011,50,1900,13.22,163.96,166.96,19.896,0,14.1
102,2011,50,2000,13.25,34.657,34.558,5.0074,0,7.69
102,2011,50,2100,13.3,0,0,1.5899,0,6.298
102,2011,50,2200,13.34,0,0,3.1641,0,6.574
102,2011,50,2300,13.37,0,0,3.3933,0,6.618
101,2011,50,2400,12.99,17292,17701,2196.7,6.531
102,2011,50,2400,13.39,0,0,3.8994,0,6.618
102,2011,51,100,13.4,0,0,3.5355,0,6.618
102,2011,51,200,13.42,.00791,0,3.4721,0,6.618
102,2011,51,300,13.44,0,0,5.0142,0,6.618
102,2011,51,400,13.45,0,0,3.8754,0,6.618
102,2011,51,500,13.46,.12655,0,2.3411,0,6.618
102,2011,51,600,13.45,.12655,0,3.2983,0,6.618
102,2011,51,700,13.46,.14236,0,2.9185,0,6.618
102,2011,51,800,13.45,1.74,1.013,2.5546,0,6.618
102,2011,51,900,13.46,28.749,26.388,4.6347,0,6.618
102,2011,51,1000,13.46,149.46,147.79,17.361,0,6.618
102,2011,51,1100,13.44,483.14,483.44,58.562,0,7.38
102,2011,51,1200,13.4,940.09,941.62,120.04,0,6.762
102,2011,51,1300,12.85,1401.9,1420.4,175.05,0,26.08
102,2011,51,1400,12.79,2936,3012.5,350.48,.75,305.8
102,2011,51,1500,12.59,3490.5,3621.9,408.22,1,632.9
102,2011,51,1600,13.25,3037.6,3173.2,355.32,1,740
102,2011,51,1700,13.22,2585.1,2614.3,312.29,1,754
102,2011,51,1800,12.69,1759.1,1753,223.67,1,664.9
102,2011,51,1900,13.25,875.59,864.58,117.52,1,486.7
102,2011,51,2000,13.27,125.31,125.19,19.143,.4,98.2
102,2011,51,2100,13.32,0,0,2.7605,0,6.618
102,2011,51,2200,13.36,0,0,3.8442,0,6.618
102,2011,51,2300,13.39,0,0,3.2745,0,6.618
101,2011,51,2400,12.59,17815,18185,2203.4,6.148
102,2011,51,2400,13.41,0,0,4.2473,0,6.618
102,2011,52,100,13.42,0,0,4.0573,0,6.618
102,2011,52,200,13.44,0,0,3.1557,0,6.337
102,2011,52,300,13.46,0,0,3.1322,0,6.095
102,2011,52,400,13.48,0,0,3.0769,0,6.035
102,2011,52,500,13.49,0,0,3.2353,0,5.881
102,2011,52,600,13.51,0,0,3.7258,0,5.318
102,2011,52,700,13.52,0,0,3.615,0,6.267
102,2011,52,800,13.52,18.122,17.205,5.5134,0,7.6
102,2011,52,900,13.5,479.31,477.85,71.042,.883,342.6
102,2011,52,1000,13.42,1367.3,1379,192,1,636.9
102,2011,52,1100,13.33,2168.1,2212.8,275.14,1,739
102,2011,52,1200,12.75,1817.5,1881.8,217.97,.85,282
102,2011,52,1300,13,1782.4,1830,215.56,.017,41.42
102,2011,52,1400,13.2,2861.5,2954.2,335.54,.766,292
102,2011,52,1500,13.2,2611.2,2707.1,303.96,.833,275.2
102,2011,52,1600,13.2,2231.6,2306.2,268.17,.866,394.5
102,2011,52,1700,13.2,2589.1,2616.1,312.26,1,770
102,2011,52,1800,13.19,1345.2,1350.5,167.92,.633,364.8
102,2011,52,1900,13.22,903.72,902.06,122.94,.733,350.5
102,2011,52,2000,13.24,45.606,47.586,6.5739,0,13.03
102,2011,52,2100,13.29,11.24,1.247,16.326,0,5.89
102,2011,52,2200,13.34,.75138,0,8.313,0,6.017
102,2011,52,2300,13.37,0,0,4.7934,0,6.585
101,2011,52,2400,12.75,20233,20684,2551.6,8.58
102,2011,52,2400,13.4,0,0,3.583,0,6.618
102,2011,53,100,13.42,0,0,3.7569,0,6.618
102,2011,53,200,13.43,0,0,2.4361,0,6.618
102,2011,53,300,13.44,0,0,1.8429,0,6.618
102,2011,53,400,13.43,0,0,2.1117,0,6.618
102,2011,53,500,13.4,0,0,2.2699,0,6.618
102,2011,53,600,13.38,0,0,1.7163,0,6.618
102,2011,53,700,13.42,0,0,1.8586,0,6.618
102,2011,53,800,13.42,13.92,12.78,4.358,0,7.88
102,2011,53,900,13.4,419.37,418.98,62.951,.733,215.5
102,2011,53,1000,13.35,1127.3,1142.4,156.63,1,425.6
102,2011,53,1100,13.29,2099.2,2145.4,265.07,1,653.5
102,2011,53,1200,13.25,2246.5,2337.3,263.45,1,479.5
102,2011,53,1300,13.23,1656.1,1702.2,195.47,.083,42.16
102,2011,53,1400,13.19,2353.6,2430.9,278.43,.583,160
102,2011,53,1500,13.15,1757.2,1807.7,209.31,.117,55.65
102,2011,53,1600,13.19,2002.7,2062.2,242.33,.683,225.9
102,2011,53,1700,13.2,1817.8,1853.9,220.69,.9,430.8
102,2011,53,1800,13.21,861.78,876.09,106.57,.2,121.8
102,2011,53,1900,13.22,330.63,335.01,41.746,.033,20.62
102,2011,53,2000,13.25,54.321,54.997,11.652,0,6.474
102,2011,53,2100,13.29,5.1967,.55528,8.0204,0,5.382
102,2011,53,2200,12.88,.10282,0,5.1492,0,5.295
102,2011,53,2300,13.38,0,0,5.3071,0,5.471
101,2011,53,2400,12.88,16746,17180,2096.9,6.331
102,2011,53,2400,13.4,.00791,0,3.8122,0,6.094
102,2011,54,100,13.43,0,0,3.6226,0,5.874
102,2011,54,200,13.44,.00791,0,4.1052,0,5.4
102,2011,54,300,13.45,0,0,2.5944,0,5.957
102,2011,54,400,13.46,0,0,3.3774,0,5.957
102,2011,54,500,13.47,0,0,3.0769,0,5.996
102,2011,54,600,13.48,.08701,0,2.7686,0,5.296
102,2011,54,700,13.49,0,0,3.2512,0,5.296
102,2011,54,800,13.47,18.288,17.098,6.0039,0,6.162
102,2011,54,900,13.48,168.94,167.33,21.823,0,35.02
102,2011,54,1000,13.44,698.44,703.9,87.195,.816,209.9
102,2011,54,1100,13.37,1246,1264.9,152,.883,196.1
102,2011,54,1200,13.27,2675.2,2783.2,316.03,1,607.2
102,2011,54,1300,13.25,1707.6,1775,186.45,.5,253.6
102,2011,54,1400,13.2,2994,3112.6,339.99,.616,424.8
102,2011,54,1500,13.17,3533,3731.5,388.07,1,782
102,2011,54,1600,13.16,3239.5,3408.6,367.04,.933,764
102,2011,54,1700,13.17,2361.9,2390.7,271.24,.833,607.4
102,2011,54,1800,13.17,1876.1,1870.1,233.03,.95,683.5
102,2011,54,1900,13.19,989.59,980.23,130.64,1,534.1
102,2011,54,2000,13.2,169.38,169.39,26.185,.5,152.6
102,2011,54,2100,13.26,0,0,1.8273,0,6.474
102,2011,54,2200,13.29,0,0,2.6734,0,6.254
102,2011,54,2300,13.32,0,0,2.9423,0,6.486
101,2011,54,2400,13.16,21678,22374,2560.5,9.03
102,2011,54,2400,13.34,0,0,4.5561,0,6.249
102,2011,55,100,13.37,0,0,4.2475,0,6.607
102,2011,55,200,13.39,0,0,2.9898,0,5.973
102,2011,55,300,13.41,0,0,3.6303,0,5.592
102,2011,55,400,13.43,0,0,4.0813,0,6.216
102,2011,55,500,13.44,0,0,3.7492,0,6.525
102,2011,55,600,13.45,.31639,0,3.2825,0,6.619
102,2011,55,700,13.45,.48249,0,4.0577,0,6.619
102,2011,55,800,13.46,6.2725,4.7053,4.1131,0,6.658
102,2011,55,900,13.45,227.77,226.28,29.139,.05,40.01
102,2011,55,1000,13.42,439.53,438.85,54.566,0,25.28
102,2011,55,1100,13.35,1727.1,1756.6,211.49,.916,358.3
102,2011,55,1200,13.21,2851.6,2997,315.88,1,692.5
102,2011,55,1300,13.22,3182.7,3326.9,345.55,.85,555.3
102,2011,55,1400,13.18,3755,3914,403.37,1,728
102,2011,55,1500,13.16,3475.6,3644,380.49,.95,698.5
102,2011,55,1600,12.86,2964.9,3119.7,331.32,.933,724
102,2011,55,1700,12.97,2556.3,2588.1,296.05,.966,669.5
102,2011,55,1800,13.08,427.53,437.14,57.764,.15,72.2
102,2011,55,1900,13.3,133.7,129.39,12.434,0,11.15
102,2011,55,2000,13.35,49.292,45.493,8.8666,0,9.59
102,2011,55,2100,13.39,0,0,3.5987,0,5.295
102,2011,55,2200,13.42,0,0,3.7333,0,5.295
102,2011,55,2300,13.43,0,0,4.6905,0,5.295
101,2011,55,2400,12.86,21798,22628,2493.1,6.814
102,2011,55,2400,13.45,0,0,3.9786,0,5.295
102,2011,56,100,13.46,.03164,0,5.9639,0,5.295
102,2011,56,200,13.47,0,0,6.0591,0,5.296
102,2011,56,300,13.48,.26105,0,5.9408,0,5.296
102,2011,56,400,13.48,.14239,0,8.0053,0,5.296
102,2011,56,500,13.48,.02373,0,8.3612,0,5.296
102,2011,56,600,13.48,0,0,6.2492,0,5.296
102,2011,56,700,13.48,0,0,3.18,0,5.296
102,2011,56,800,13.49,22.655,21.765,6.7872,0,16.58
102,2011,56,900,13.41,503.62,501.95,69.485,1,382.4
102,2011,56,1000,13.26,1375.6,1393.3,160.65,1,669.3
102,2011,56,1100,13.19,2195.7,2257.8,241.45,1,758
102,2011,56,1200,13.14,2878.8,3029.3,304.58,1,796
102,2011,56,1300,13.13,3344.2,3507.9,340.75,1,777
102,2011,56,1400,12.83,3576.8,3736.8,365.88,1,739
102,2011,56,1500,13.13,3314.5,3482.4,354.99,.866,610.2
102,2011,56,1600,13.13,2516.7,2633.9,275.1,.816,557.1
102,2011,56,1700,13.14,2321.8,2360,261.33,.916,608.7
102,2011,56,1800,13.16,1855.2,1849.6,224.37,.966,665.5
102,2011,56,1900,13.17,856.36,851.31,105.97,1,443.5
102,2011,56,2000,12.81,121.46,120.95,17.007,.4,115.7
102,2011,56,2100,12.8,0,0,1.5267,0,5.911
102,2011,56,2200,13.29,0,0,2.5864,0,6.596
102,2011,56,2300,13.32,0,0,4.018,0,6.502
101,2011,56,2400,12.8,24884,25747,2784.3,10.96
102,2011,56,2400,13.35,0,0,4.0499,0,6.149
102,2011,57,100,13.37,0,0,3.7175,0,6.618
102,2011,57,200,13.4,0,0,4.0021,0,6.359
102,2011,57,300,13.42,0,0,3.8834,0,5.918
102,2011,57,400,13.44,0,0,3.5198,0,5.548
102,2011,57,500,13.45,0,0,4.73,0,6.542
102,2011,57,600,13.46,0,0,4.2079,0,6.498
102,2011,57,700,13.47,0,0,4.6825,0,6.459
102,2011,57,800,13.49,13.566,12.656,6.605,0,9.31
102,2011,57,900,13.45,399.31,390.82,59.482,.683,235.4
102,2011,57,1000,13.38,1236.2,1261.1,166.55,1,544.1
102,2011,57,1100,13.3,2071.9,2129.6,251.84,1,671.1
102,2011,57,1200,13.25,2244.3,2349.6,258.68,1,528.3
102,2011,57,1300,13.18,3072.9,3218.7,340.43,1,543.7
102,2011,57,1400,12.84,3191.1,3327.9,345.54,.866,492.4
102,2011,57,1500,12.83,2854.6,2973.6,317.76,.75,428.7
102,2011,57,1600,12.9,2667.5,2780.5,306.39,.983,471.7
102,2011,57,1700,13.14,1863.6,1895.7,218.85,.966,412.2
102,2011,57,1800,12.86,1270.7,1275.9,157.14,1,406.5
102,2011,57,1900,12.88,622.54,622.07,79.904,.733,243
102,2011,57,2000,13.13,77.797,79.69,11.186,0,18.61
102,2011,57,2100,13.26,0,0,2.5787,0,6.617
102,2011,57,2200,13.29,0,0,2.9028,0,6.585
102,2011,57,2300,13.31,0,0,2.879,0,5.896
101,2011,57,2400,12.83,21586,22318,2560.9,9.98
102,2011,57,2400,13.34,0,0,3.3855,0,5.432
102,2011,58,100,13.36,0,0,4.2238,0,5.581
102,2011,58,200,13.38,0,0,4.1367,0,5.747
102,2011,58,300,13.39,0,0,4.3343,0,6.238
102,2011,58,400,13.41,0,0,4.263,0,6.563
102,2011,58,500,13.43,0,0,3.061,0,6.028
102,2011,58,600,13.44,.34803,0,2.539,0,5.957
102,2011,58,700,13.44,.40341,0,3.3221,0,5.956
102,2011,58,800,13.44,13.881,13.404,5.3865,0,7.98
102,2011,58,900,13.41,495,490.96,75.076,.966,351.1
102,2011,58,1000,13.33,1128.1,1152.6,147.77,.95,478.7
102,2011,58,1100,13.25,1829.2,1870.7,217.68,1,615.9
102,2011,58,1200,13.22,1515.8,1572.2,172.73,.633,265.5
102,2011,58,1300,13.27,816.67,833.44,92.763,0,40.65
102,2011,58,1400,13.24,2364.3,2429.3,276.33,.516,148.3
102,2011,58,1500,13.18,2866.2,2970.2,338,1,453.5
102,2011,58,1600,13.17,2584.5,2681.8,302.07,1,569.9
102,2011,58,1700,13.16,2685.6,2714,317.03,1,796
102,2011,58,1800,13.19,1835.1,1824.3,228.49,.95,667.6
102,2011,58,1900,13.2,881.42,869.34,118.51,1,478.6
102,2011,58,2000,13.22,56.065,46.076,21.177,.1,32.78
102,2011,58,2100,13.27,5.2758,0,15.804,0,5.846
102,2011,58,2200,13.28,.087,0,9.8081,0,5.416
102,2011,58,2300,13.33,0,0,6.7234,0,5.295
101,2011,58,2400,13.16,19078,19468,2374.9,9.11
102,2011,58,2400,13.34,0,0,3.6938,0,5.333
102,2011,59,100,13.39,0,0,4.0416,0,5.344
102,2011,59,200,13.41,0,0,5.7974,0,5.598
102,2011,59,300,13.42,0,0,3.8835,0,5.482
102,2011,59,400,13.44,0,0,4.2949,0,5.295
102,2011,59,500,13.45,0,0,3.2508,0,5.295
102,2011,59,600,13.46,0,0,4.4293,0,5.295
102,2011,59,700,13.47,.08701,0,5.7032,0,5.296
102,2011,59,800,13.47,27.725,26.119,7.8865,0,19.68
102,2011,59,900,13.14,496.13,492.62,71.252,1,365.5
102,2011,59,1000,13.23,1390.3,1409.6,173.4,1,661.3
102,2011,59,1100,13.28,2242.4,2296.5,259.22,1,766
102,2011,59,1200,13.23,2911.8,3060.5,322.7,1,799
102,2011,59,1300,12.71,3205,3357.2,337.59,.916,719
102,2011,59,1400,12.57,3152.2,3299.1,327.3,.766,584.1
102,2011,59,1500,13.12,2650.3,2783.3,283.23,.633,449.8
102,2011,59,1600,13.12,3087.9,3254.4,336.84,.95,714
102,2011,59,1700,13.07,2143.5,2182.6,236.55,.783,547.2
102,2011,59,1800,13.12,1836.1,1832.7,217.91,.916,647.9
102,2011,59,1900,13.16,725.78,716.75,91.842,.833,417.9
102,2011,59,2000,13.19,118.95,118.68,18.416,.367,110.2
102,2011,59,2100,13.22,0,0,2.3494,0,5.663
102,2011,59,2200,13.23,0,0,3.6306,0,6.204
102,2011,59,2300,13.3,0,0,4.3502,0,6.155
101,2011,59,2400,12.57,23988,24830,2728.5,10.16
102,2011,59,2400,13.32,0,0,2.5945,0,6.359
102,2011,60,100,13.35,0,0,3.2115,0,6.309
102,2011,60,200,13.37,0,0,3.0532,0,6.309
102,2011,60,300,13.39,0,0,2.6339,0,6.618
102,2011,60,400,13.4,0,0,3.2586,0,6.254
102,2011,60,500,13.42,.00791,0,5.2755,0,6.618
102,2011,60,600,13.44,0,0,4.0497,0,6.403
102,2011,60,700,13.45,0,0,2.9424,0,6.183
102,2011,60,800,13.46,23.523,22.659,6.391,0,7.55
102,2011,60,900,13.44,421.05,421.12,60.216,.466,119
102,2011,60,1000,13.31,1231,1242.3,164.5,1,376.7
102,2011,60,1100,13.25,1881.9,1925.7,228.66,1,576
102,2011,60,1200,13.2,2420.4,2532.5,274.95,1,601
102,2011,60,1300,13.16,3155.7,3302.8,340.72,1,662.9
102,2011,60,1400,13.14,3387.5,3538.2,364.63,.933,551.7
102,2011,60,1500,13.13,2758,2893.3,303.01,.7,363.4
102,2011,60,1600,13.08,1378.3,1443.4,150.68,.267,158.4
102,2011,60,1700,13.03,832.65,846.93,98.749,.25,117.5
102,2011,60,1800,13.17,1002.4,1015,122.83,.75,167.6
102,2011,60,1900,13.11,546.6,553.05,67.899,.5,104.7
102,2011,60,2000,13.02,58.215,59.656,8.3299,0,7.15
102,2011,60,2100,13.27,0,0,2.4203,0,5.829
102,2011,60,2200,13.32,0,0,4.4692,0,6.265
102,2011,60,2300,13.35,0,0,2.903,0,5.692
101,2011,60,2400,13.02,19097,19797,2229.9,7.86
102,2011,60,2400,13.37,0,0,4.0893,0,5.366
102,2011,61,100,13.39,0,0,2.0565,0,5.295
102,2011,61,200,13.4,0,0,3.4959,0,5.57
102,2011,61,300,13.42,.05536,0,3.6777,0,5.377
102,2011,61,400,13.43,0,0,4.176,0,5.339
102,2011,61,500,13.44,0,0,4.3578,0,5.344
102,2011,61,600,13.44,0,0,2.9579,0,5.62
102,2011,61,700,13.44,0,0,3.6066,0,5.956
102,2011,61,800,13.45,37.182,36.13,10.29,0,14.55
102,2011,61,900,13.38,477.09,476.11,73.262,.866,245.7
102,2011,61,1000,13.24,1259.7,1270.9,170.31,1,512
102,2011,61,1100,13.01,2029,2074.9,248.06,1,618.6
102,2011,61,1200,12.83,2738.1,2869.3,309.89,1,702
102,2011,61,1300,13.14,2981,3123.8,320.05,.883,643.1
102,2011,61,1400,13.1,3544.5,3698.5,381.17,.95,620.7
102,2011,61,1500,13.01,1661.1,1738.2,177.55,.3,185
102,2011,61,1600,13.05,1665.7,1726.5,191.57,.383,195.6
102,2011,61,1700,12.94,1441.5,1467.6,172.87,.666,226.4
102,2011,61,1800,12.4,1034.8,1041.9,122.7,.533,217.1
102,2011,61,1900,12.56,366.56,370.13,44.101,.2,98.4
102,2011,61,2000,12.42,10.791,11.75,1.1867,0,5.888
102,2011,61,2100,13.25,0,0,.57744,0,5.818
102,2011,61,2200,13.29,0,0,2.1514,0,5.559
102,2011,61,2300,13.34,0,0,3.6307,0,5.984
101,2011,61,2400,12.4,19247,19906,2257.7,7.78
102,2011,61,2400,13.37,0,0,3.9944,0,5.454
102,2011,62,100,13.4,0,0,4.018,0,5.295
102,2011,62,200,13.42,0,0,2.9738,0,5.295
102,2011,62,300,13.42,0,0,3.0054,0,5.295
102,2011,62,400,13.44,0,0,3.6144,0,5.372
102,2011,62,500,13.45,0,0,2.6653,0,6.315
102,2011,62,600,13.46,0,0,3.1005,0,6.619
102,2011,62,700,13.46,0,0,3.4644,0,6.354
102,2011,62,800,13.44,30.769,30.56,7.7436,0,10.04
102,2011,62,900,13.41,318.18,320.3,42.522,0,42.73
102,2011,62,1000,13.39,493.96,500.41,63.423,.05,33.01
102,2011,62,1100,13.33,1023.5,1037.5,127.45,.367,138
102,2011,62,1200,13.3,652.58,666.62,76.099,0,15.43
102,2011,62,1300,13.25,1193.9,1221.4,140.86,.083,43.39
102,2011,62,1400,13.25,1409.4,1437.9,164.92,.017,33.78
102,2011,62,1500,12.9,1604,1640,186.32,0,14.58
102,2011,62,1600,12.63,2553.4,2637.2,299.24,.766,385
102,2011,62,1700,13.13,1505.5,1546.1,170.81,.233,128.8
102,2011,62,1800,13.15,882.83,894.12,107.41,.7,182.1
102,2011,62,1900,13.17,457.98,459.3,59.215,.35,100.7
102,2011,62,2000,13.26,88.398,89.185,14.332,0,20.23
102,2011,62,2100,13.3,0,0,3.3301,0,5.328
102,2011,62,2200,13.33,0,0,3.2272,0,5.317
102,2011,62,2300,13.35,0,0,2.9819,0,5.532
101,2011,62,2400,12.63,12214,12481,1495.6,2.566
102,2011,62,2400,13.37,0,0,2.8395,0,6.034
102,2011,63,100,13.39,0,0,3.1715,0,5.703
102,2011,63,200,13.41,.01582,0,3.5749,0,5.295
102,2011,63,300,13.42,0,0,4.9829,0,5.295
102,2011,63,400,13.43,.00791,0,4.4293,0,5.295
102,2011,63,500,13.43,.03164,0,3.2824,0,5.295
102,2011,63,600,13.43,0,0,2.2225,0,5.295
102,2011,63,700,13.44,0,0,2.6655,0,5.295
102,2011,63,800,13.45,18.487,17.907,6.4391,0,5.549
102,2011,63,900,13.4,453.98,453.16,64.521,.533,155.7
102,2011,63,1000,13.2,1011.1,1022.9,133.45,.966,338.3
102,2011,63,1100,13,1758.6,1797.4,212.59,.95,432.8
102,2011,63,1200,12.76,1174.5,1207,133.16,0,21.84
102,2011,63,1300,12.85,2915.9,3047.9,324.49,.95,501.5
102,2011,63,1400,12.78,3264.2,3410.8,353.55,.983,519.4
102,2011,63,1500,13.06,2080.2,2175,234.31,.483,286.9
102,2011,63,1600,12.78,937.45,966.21,104.34,.083,52.96
102,2011,63,1700,12.51,1788.5,1828.4,212.3,.733,352.6
102,2011,63,1800,12.86,790.31,802.89,94.081,.267,137.1
102,2011,63,1900,12.49,260.65,267.3,29.484,0,21.68
102,2011,63,2000,12.78,25.393,20.246,13.424,0,6.942
102,2011,63,2100,12.51,.63277,0,6.3039,0,6.618
102,2011,63,2200,13.26,0,0,3.8996,0,5.62
102,2011,63,2300,13.32,0,0,2.8159,0,5.636
101,2011,63,2400,12.49,16480,17017,1956.4,5.948
102,2011,63,2400,13.33,0,0,2.887,0,5.918
102,2011,64,100,13.37,0,0,3.7095,0,5.416
102,2011,64,200,13.39,0,0,3.0292,0,6.006
102,2011,64,300,13.4,0,0,3.7489,0,6.618
102,2011,64,400,13.4,0,0,2.6574,0,6.618
102,2011,64,500,13.4,0,0,2.2777,0,6.618
102,2011,64,600,13.41,0,0,2.8393,0,6.618
102,2011,64,700,13.42,0,0,1.5422,0,6.618
102,2011,64,800,13.44,6.4302,6.059,3.7173,0,6.299
102,2011,64,900,13.42,359.67,356.75,53.009,.566,171.1
102,2011,64,1000,12.91,1280.5,1291,169.93,1,562.3
102,2011,64,1100,13.23,1907,1959.7,230.32,1,581.5
102,2011,64,1200,13.16,1824.6,1898.3,208.13,1,301.6
102,2011,64,1300,12.83,2041.5,2111.2,228.54,.7,144.7
102,2011,64,1400,13.13,1640.9,1686,184.09,0,12.77
102,2011,64,1500,13.17,2127.3,2194.8,245.64,.65,153.9
102,2011,64,1600,12.91,2505,2605,289.74,1,518.8
102,2011,64,1700,12.89,2568.5,2611.7,292.62,1,757
102,2011,64,1800,13.04,1304.2,1312.3,153.63,.7,405.2
102,2011,64,1900,13.09,742.92,733.44,98.553,.9,360.1
102,2011,64,2000,13,47.181,47.244,6.4948,0,19.27
102,2011,64,2100,13.25,0,0,2.6103,0,6.429
102,2011,64,2200,13.28,0,0,2.3175,0,6.044
102,2011,64,2300,13.32,0,0,2.8871,0,5.432
101,2011,64,2400,12.83,18356,18814,2194.6,8.51
102,2011,64,2400,13.33,.00791,0,2.5233,0,5.295
102,2011,65,100,13.35,0,0,2.9187,0,5.477
102,2011,65,200,13.37,0,0,3.583,0,5.94
102,2011,65,300,13.39,.00791,0,2.4677,0,5.956
102,2011,65,400,13.39,.00791,0,2.792,0,5.956
102,2011,65,500,13.4,0,0,3.1162,0,5.785
102,2011,65,600,13.4,.03164,0,2.4676,0,5.587
102,2011,65,700,13.41,.11073,0,2.3173,0,5.741
102,2011,65,800,13.42,9.3483,7.9581,4.8877,0,5.311
102,2011,65,900,13.4,294.14,293.56,41.695,.133,50.54
102,2011,65,1000,13.4,135.13,134.65,16.973,0,10.38
102,2011,65,1100,13.4,93.192,92.168,8.4073,0,6.739
102,2011,65,1200,12.76,719.37,724.2,70.097,0,5.614
102,2011,65,1300,12.53,1857.8,1878.4,204.99,.283,94.7
102,2011,65,1400,12.92,2682.2,2729.1,293.94,.816,154.6
102,2011,65,1500,12.95,2694.4,2780.8,285.73,.783,285.5
102,2011,65,1600,13.17,1782.9,1830.5,193.54,.433,190.1
102,2011,65,1700,13.17,2214,2246.3,250.7,1,459.2
102,2011,65,1800,13.17,1300.4,1306.2,151.55,.533,349.4
102,2011,65,1900,12.76,219.21,221.16,22.338,0,26.33
102,2011,65,2000,12.89,53.492,51.922,7.87,0,9.85
102,2011,65,2100,13.08,0,0,2.025,0,5.322
102,2011,65,2200,13.13,0,0,1.756,0,5.785
102,2011,65,2300,13.24,0,0,2.3571,0,5.807
101,2011,65,2400,12.53,14056,14297,1580.4,3.982
102,2011,65,2400,13.27,0,0,1.9141,0,5.388
102,2011,66,100,13.28,0,0,2.7445,0,5.835
102,2011,66,200,13.29,0,0,3.1162,0,5.956
102,2011,66,300,13.29,0,0,3.1873,0,5.405
102,2011,66,400,13.31,0,0,4.1125,0,5.306
102,2011,66,500,13.31,0,0,4.0889,0,5.3
102,2011,66,600,13.33,0,0,3.4403,0,5.41
102,2011,66,700,13.33,0,0,2.4518,0,5.957
102,2011,66,800,13.1,11.247,10.248,4.0417,0,6.978
102,2011,66,900,13.05,458.79,457.22,61.064,.783,304.5
102,2011,66,1000,13.06,985.49,1004.4,121.12,1,396.9
102,2011,66,1100,12.83,1552.6,1582.9,177.83,1,413.5
102,2011,66,1200,12.83,2038.4,2104.4,222.89,1,296.9
102,2011,66,1300,12.96,3173.4,3302.5,332.51,1,575.6
102,2011,66,1400,12.77,3620.1,3771.5,380.24,.983,561.6
102,2011,66,1500,12.72,2827,2968,308.99,.65,409.5
102,2011,66,1600,12.99,2313.3,2410.1,255.82,.566,433.7
102,2011,66,1700,13.1,2719.2,2776.1,309.59,.983,735
102,2011,66,1800,12.76,1578.5,1590,185.66,.866,484.8
102,2011,66,1900,12.84,796.17,792.48,104.72,.833,367.7
102,2011,66,2000,12.88,152.18,152.46,21.755,.233,80.2
102,2011,66,2100,12.94,0,0,1.2815,0,6.7
102,2011,66,2200,12.94,0,0,2.3729,0,6.651
102,2011,66,2300,13.12,0,0,2.8396,0,6.155
101,2011,66,2400,12.72,22226,22922,2519.3,9.9
102,2011,66,2400,13.24,0,0,3.4251,0,6.613
102,2011,67,100,13.29,0,0,3.8442,0,6.249
102,2011,67,200,13.31,0,0,3.7412,0,6.26
102,2011,67,300,13.31,0,0,3.844,0,5.543
102,2011,67,400,13.31,0,0,4.01,0,5.295
102,2011,67,500,13.33,0,0,3.3692,0,5.295
102,2011,67,600,13.34,.13445,0,3.4008,0,5.333
102,2011,67,700,13.35,.45871,0,2.5545,0,5.896
102,2011,67,800,13.24,20.729,19.92,5.8051,0,11.39
102,2011,67,900,12.95,570.42,565.48,80.569,.866,311.4
102,2011,67,1000,13,850.14,864.58,106.87,1,325.8
102,2011,67,1100,13.03,1444,1477,170.97,1,310.5
102,2011,67,1200,12.66,2022.1,2092,234.51,1,298
102,2011,67,1300,12.75,3114.4,3242.3,344.41,.983,537.1
102,2011,67,1400,13,2920.4,3042.7,316.92,.783,406.9
102,2011,67,1500,12.96,3397.4,3564.3,384.07,.933,531.2
102,2011,67,1600,12.77,3080.8,3238.3,352.87,.95,684.9
102,2011,67,1700,13.16,2388.9,2436.7,281.04,1,661
102,2011,67,1800,13.17,1443.5,1447.3,176.22,.833,526
102,2011,67,1900,13.19,830.05,824.48,109.02,.733,437.3
102,2011,67,2000,12.97,44.935,45.686,5.7038,0,13.68
102,2011,67,2100,12.71,0,0,.83851,0,6.633
102,2011,67,2200,12.72,0,0,1.5187,0,6.364
102,2011,67,2300,12.7,0,0,3.1481,0,6.591
101,2011,67,2400,12.66,22128,22861,2602.3,10.08
102,2011,67,2400,13.25,0,0,3.0612,0,6.232
102,2011,68,100,13.31,0,0,3.3775,0,5.846
102,2011,68,200,13.33,.03164,0,2.7763,0,6.48
102,2011,68,300,13.33,0,0,1.6689,0,6.552
102,2011,68,400,13.35,0,0,1.5265,0,6.177
102,2011,68,500,13.35,0,0,1.9457,0,6.618
102,2011,68,600,13.36,0,0,2.2937,0,6.491
102,2011,68,700,13.37,.00791,0,2.8868,0,6.436
102,2011,68,800,13.23,36.642,34.95,8.4783,0,21.74
102,2011,68,900,13.31,403.17,404.64,56.383,.2,96.1
102,2011,68,1000,13.32,1460.8,1476.9,197.48,1,554.6
102,2011,68,1100,13.27,1474.7,1506.3,181.05,.833,278.3
102,2011,68,1200,13.2,2417.2,2518.7,286.45,.933,474
102,2011,68,1300,13.18,2357.6,2447.6,267.84,.683,326.3
102,2011,68,1400,13.16,2317.9,2414.5,251.85,.533,377.8
102,2011,68,1500,13.14,286.18,294.8,27.41,0,20.93
102,2011,68,1600,13.14,498.66,493.19,59.783,0,17.18
102,2011,68,1700,13.06,1424.6,1425.8,177.41,.383,140.7
102,2011,68,1800,13.28,1196.3,1197.6,148.89,.883,263.2
102,2011,68,1900,13.29,452.84,454.75,54.879,.433,124.9
102,2011,68,2000,13.3,68.071,69.196,11.192,0,16.59
102,2011,68,2100,13.32,0,0,4.5087,0,5.294
102,2011,68,2200,13.34,0,0,3.2272,0,6.111
102,2011,68,2300,13.36,0,0,4.4531,0,5.967
101,2011,68,2400,13.06,14395,14739,1762.9,5.881
102,2011,68,2400,13.38,0,0,5.1252,0,6.618
102,2011,69,100,13.39,0,0,4.4607,0,6.618
102,2011,69,200,13.4,0,0,4.1521,0,6.618
102,2011,69,300,13.41,0,0,5.0459,0,6.618
102,2011,69,400,13.42,0,0,3.9306,0,6.497
102,2011,69,500,13.43,0,0,2.8868,0,6.437
102,2011,69,600,13.44,0,0,5.0228,0,6.619
102,2011,69,700,13.44,0,0,4.6037,0,6.619
102,2011,69,800,13.44,10.197,9.5674,4.7384,0,6.62
102,2011,69,900,13.43,236.33,233.49,31.918,.067,44.94
102,2011,69,1000,13.41,759.44,765.44,92.212,.433,108.9
102,2011,69,1100,13.35,872.97,884.74,104.79,0,20.66
102,2011,69,1200,13.3,1260.1,1283.9,152.94,0,13.26
102,2011,69,1300,13.25,2041.6,2101.3,239.31,.566,123.4
102,2011,69,1400,13.2,2504.1,2592.2,294.51,.716,182.4
102,2011,69,1500,13.16,3095.4,3248,362.06,.983,511.3
102,2011,69,1600,13.15,2854.8,2999.6,333.22,1,665.8
102,2011,69,1700,13.15,2625.3,2680,313.22,.966,771
102,2011,69,1800,13.19,1802.8,1796.1,235.42,1,748
102,2011,69,1900,13.2,879.8,867.42,129.07,1,560.3
102,2011,69,2000,13.21,111.93,111.02,19.31,.317,102.6
102,2011,69,2100,13.21,0,0,2.8791,0,6.077
102,2011,69,2200,13.26,0,0,3.5673,0,5.956
102,2011,69,2300,13.31,0,0,3.6544,0,5.449
101,2011,69,2400,13.15,19055,19573,2356.8,7.05
102,2011,69,2400,13.33,0,0,3.8441,0,5.35
102,2011,70,100,13.37,0,0,4.8801,0,5.896
102,2011,70,200,13.38,0,0,3.7647,0,6.067
102,2011,70,300,13.38,0,0,4.247,0,5.874
102,2011,70,400,13.42,0,0,4.2075,0,6.607
102,2011,70,500,13.42,.00791,0,3.4246,0,6.613
102,2011,70,600,13.43,.1819,0,2.341,0,6.607
102,2011,70,700,13.43,0,0,2.602,0,6.569
102,2011,70,800,13.44,11.002,10.277,4.358,0,6.464
102,2011,70,900,13.4,198.76,199.16,27.151,0,9.98
102,2011,70,1000,13.33,975.23,985.35,128.47,.55,184.9
102,2011,70,1100,13.31,888.48,903.53,112.58,0,20.23
102,2011,70,1200,13.26,1134.3,1156.2,141.38,0,12.7
102,2011,70,1300,13.19,1514.8,1551.4,185.51,.1,45.37
102,2011,70,1400,13.07,2173.8,2237.5,262.46,0,58.94
102,2011,70,1500,13.07,1788.1,1838,214.8,.067,48.59
102,2011,70,1600,13.13,2077.4,2142.9,256.08,.833,216.9
102,2011,70,1700,13.14,1306.7,1332.2,160.06,.283,97
102,2011,70,1800,13.17,1251.4,1264.6,158.47,.633,266.9
102,2011,70,1900,13.18,204.14,207.85,24.175,0,10.14
102,2011,70,2000,13.21,107.47,107.3,16.904,.2,59.4
102,2011,70,2100,13.25,0,0,4.0181,0,5.542
102,2011,70,2200,13.28,0,0,4.4929,0,5.476
102,2011,70,2300,13.32,0,0,4.3187,0,5.824
101,2011,70,2400,13.07,13632,13936,1735.3,2.666
102,2011,70,2400,13.33,0,0,4.6033,0,6.006
102,2011,71,100,13.33,0,0,4.7217,0,6.618
102,2011,71,200,13.38,0,0,3.6143,0,6.53
102,2011,71,300,13.39,0,0,3.6143,0,6.53
102,2011,71,400,13.4,0,0,5.3227,0,5.957
102,2011,71,500,13.41,0,0,3.0848,0,6.553
102,2011,71,600,13.42,0,0,3.8287,0,6.432
102,2011,71,700,13.43,.00791,0,3.6309,0,5.958
102,2011,71,800,13.43,19.626,19.076,5.9328,0,8.12
102,2011,71,900,13.36,514.84,506.95,77.641,.7,342.9
102,2011,71,1000,12.09,1168.1,1183.6,160,.783,362.4
102,2011,71,1100,11.97,973.84,990.15,123.72,.033,43.99
102,2011,71,1200,13.11,2769.7,2891.8,335.63,.95,610.1
102,2011,71,1300,13.16,3042.2,3172.5,349.85,.8,566.1
102,2011,71,1400,13.13,3457.4,3618.2,390.29,.866,549.9
102,2011,71,1500,13.13,1371.6,1411.4,162.08,.067,40.47
102,2011,71,1600,13.15,2389.2,2481.2,294.53,.583,332.7
102,2011,71,1700,13.16,1754.8,1782.9,218.96,.733,383
102,2011,71,1800,13.09,2011.8,2021,261.32,.966,614.9
102,2011,71,1900,12.95,999.15,1006.9,135.9,.683,326.3
102,2011,71,2000,12.79,78.277,79.289,11.835,0,29.61
102,2011,71,2100,13.24,0,0,2.6578,0,6.634
102,2011,71,2200,13.25,0,0,3.0214,0,6.612
102,2011,71,2300,12.75,0,0,2.6339,0,6.32
101,2011,71,2400,11.97,20550,21165,2566.4,7.16
102,2011,71,2400,12.73,0,0,2.6103,0,5.317
102,2011,72,100,12.71,0,0,4.0181,0,5.774
102,2011,72,200,12.68,0,0,2.5469,0,5.791
102,2011,72,300,12.69,0,0,3.4643,0,6.607
102,2011,72,400,12.67,0,0,3.0134,0,6.034
102,2011,72,500,12.66,0,0,2.3411,0,5.956
102,2011,72,600,12.66,0,0,2.1591,0,6.039
102,2011,72,700,12.66,0,0,2.4992,0,5.46
102,2011,72,800,12.64,8.3517,7.9385,4.2945,0,5.295
102,2011,72,900,12.6,160.04,160.66,22.864,0,10.83
102,2011,72,1000,12.66,382.13,386.93,50.395,0,7.82
102,2011,72,1100,11.98,1136.7,1156.7,146.76,.367,115.7
102,2011,72,1200,11.97,1608,1657.5,195.23,.633,170.1
102,2011,72,1300,12.69,1208.9,1239.9,146.97,.017,25.39
102,2011,72,1400,12.57,2418.4,2507.8,292.85,.533,232.2
102,2011,72,1500,12.74,2441.8,2556.5,281.88,.75,298.6
102,2011,72,1600,13.12,2855.5,3013.2,336.34,.816,579.5
102,2011,72,1700,13.07,2093.7,2129.5,265.54,.733,418.2
102,2011,72,1800,12.97,1480.1,1499.7,190.67,.666,306.7
102,2011,72,1900,13.16,457.8,460.03,61.696,.233,74.9
102,2011,72,2000,13.18,55.705,55.961,8.7647,0,9.89
102,2011,72,2100,13.24,0,0,3.4407,0,6.298
102,2011,72,2200,13.24,0,0,3.0294,0,6.111
102,2011,72,2300,13.24,0,0,2.9821,0,6.022
101,2011,72,2400,11.97,16307,16832,2036.8,4.748
102,2011,72,2400,13.24,.0791,0,3.0927,0,6.061
102,2011,73,100,13.28,0,0,4.0022,0,6.618
102,2011,73,200,13.28,0,0,3.5592,0,6.293
102,2011,73,300,13.32,0,0,3.5354,0,6.089
102,2011,73,400,13.34,0,0,4.081,0,6.083
102,2011,73,500,13.35,0,0,3.5036,0,6.568
102,2011,73,600,13.36,0,0,3.1714,0,6.497
102,2011,73,700,13.37,0,0,3.7251,0,6.194
102,2011,73,800,13.31,6.1768,4.9482,2.8472,0,6.194
102,2011,73,900,13.31,129.17,128.61,18.356,0,8.42
102,2011,73,1000,13.33,239.21,242.21,32.561,0,8.1
102,2011,73,1100,13.26,752.69,761.57,98.185,.05,59.34
102,2011,73,1200,13.26,342.21,348.43,40.308,0,8.3
102,2011,73,1300,12.62,623.2,632.04,76.465,0,18.75
102,2011,73,1400,13.15,1114.7,1132.8,141.01,.033,20.15
102,2011,73,1500,13.18,2742.1,2853.4,327.33,.766,390.2
102,2011,73,1600,12.86,2055.2,2151,244.77,.6,381.6
102,2011,73,1700,13.2,1587.6,1602.9,205.32,.716,368
102,2011,73,1800,13.19,1383.7,1386.2,182.89,1,439.1
102,2011,73,1900,13.18,727.35,726,101.43,1,317.8
102,2011,73,2000,12.76,79.66,81.665,10.228,.05,27.36
102,2011,73,2100,12.67,.1582,0,.26894,0,6.231
102,2011,73,2200,12.68,0,0,.78309,0,6.276
102,2011,73,2300,12.8,0,0,2.547,0,6.1
101,2011,73,2400,12.62,11783,12052,1514.5,4.215
102,2011,73,2400,12.75,0,0,3.6226,0,5.912
102,2011,74,100,12.71,0,0,3.836,0,6.375
102,2011,74,200,12.71,0,0,4.0652,0,6.276
102,2011,74,300,12.71,0,0,4.3578,0,6.618
102,2011,74,400,12.69,0,0,2.6178,0,6.618
102,2011,74,500,12.69,0,0,3.29,0,6.387
102,2011,74,600,12.68,0,0,3.1873,0,6.618
102,2011,74,700,12.68,0,0,2.0959,0,6.618
102,2011,74,800,12.63,6.1687,6.1851,2.507,0,6.618
102,2011,74,900,12.54,95.205,94.969,14.497,0,10.24
102,2011,74,1000,12.21,351.29,351.18,42.233,.067,47.2
102,2011,74,1100,12.53,1293.4,1305.5,158.74,.383,119.4
102,2011,74,1200,13.21,832.85,848.19,100.23,0,13.82
102,2011,74,1300,13.24,460.28,466.51,51.019,0,17.87
102,2011,74,1400,13.24,175.18,174.42,14.506,0,7.34
102,2011,74,1500,13.26,246.55,246.72,18.192,0,10.7
102,2011,74,1600,13.31,302,302.75,25.586,0,11.61
102,2011,74,1700,13.31,430.63,433.09,39.743,0,7.08
102,2011,74,1800,13.3,718.29,722.99,78.324,0,11.01
102,2011,74,1900,13.25,285.67,283.49,34.731,0,16.59
102,2011,74,2000,13.36,31.401,29.146,5.6632,0,6.618
102,2011,74,2100,13.38,.93327,0,3.5433,0,6.618
102,2011,74,2200,13.38,1.2417,0,3.6935,0,6.618
102,2011,74,2300,13.39,1.8032,0,3.472,0,6.618
101,2011,74,2400,12.21,5233.8,5265.2,623.17,.45
102,2011,74,2400,13.4,.86206,0,3.0291,0,6.618
102,2011,75,100,13.4,.48243,0,2.6652,0,6.618
102,2011,75,200,13.4,.9965,0,2.8392,0,6.618
102,2011,75,300,13.41,.90949,0,3.9148,0,6.618
102,2011,75,400,13.42,.56151,0,4.2627,0,6.618
102,2011,75,500,13.37,.66432,0,6.0184,0,6.618
102,2011,75,600,13.37,.5536,0,5.3383,0,6.618
102,2011,75,700,13.42,.30843,0,4.4209,0,6.618
102,2011,75,800,12.26,10.645,9.0973,4.7056,0,6.618
102,2011,75,900,13.38,228.91,230.27,29.262,0,16.85
102,2011,75,1000,13.42,761.36,768.34,88.094,.616,163.6
102,2011,75,1100,13.33,2160,2213.2,251.89,1,645.9
102,2011,75,1200,13.29,2596.1,2700.9,287.74,1,570.6
102,2011,75,1300,13.23,3036.1,3138.1,327.22,1,439.5
102,2011,75,1400,12.81,2743.3,2844.9,291.11,.666,387.1
102,2011,75,1500,12.82,1175.4,1214.5,126.64,.25,127.2
102,2011,75,1600,12.89,1559,1621,179.79,.483,215.9
102,2011,75,1700,13.22,1163.5,1201.8,133.06,.267,125.6
102,2011,75,1800,12.94,175.66,176.03,26.452,0,14.23
102,2011,75,1900,13.23,153.4,143.53,30.579,0,8.43
102,2011,75,2000,13.34,50.395,45.632,10.496,0,6.193
102,2011,75,2100,13.36,.79886,0,5.0067,0,5.929
102,2011,75,2200,13.35,.30846,0,3.6857,0,5.603
102,2011,75,2300,13.29,.44291,0,2.2936,0,5.51
101,2011,75,2400,12.26,15820,16307,1829.5,5.281
102,2011,75,2400,13.31,.47454,0,2.001,0,5.355
102,2011,76,100,13.4,.67226,0,2.428,0,5.35
102,2011,76,200,13.42,.56153,0,2.2224,0,5.35
102,2011,76,300,13.43,.174,0,2.2303,0,5.344
102,2011,76,400,13.43,.23726,0,2.4596,0,5.344
102,2011,76,500,13.44,.18981,0,2.2619,0,5.361
102,2011,76,600,13.43,.23726,0,2.1512,0,5.355
102,2011,76,700,13.42,.18981,0,2.689,0,5.399
102,2011,76,800,13.42,6.8568,6.3799,2.3726,0,5.537
102,2011,76,900,13.44,92.888,92.271,10.163,0,5.543
102,2011,76,1000,13.33,304.44,306.4,32.173,0,5.592
102,2011,76,1100,13.32,518.98,521.64,59.278,0,5.774
102,2011,76,1200,13.34,1198.7,1206.9,142.56,0,11.5
102,2011,76,1300,13.3,2391.3,2417.8,291.1,.217,111.1
102,2011,76,1400,13.29,1630.6,1647.2,201.51,.017,36.72
102,2011,76,1500,13.25,2049.3,2100.2,242.26,.1,70.2
102,2011,76,1600,13.22,2958.3,3079.7,337.87,.8,417
102,2011,76,1700,13.14,343.36,351.16,38.761,0,15.06
102,2011,76,1800,13.01,559.25,564.95,71.363,.217,74.2
102,2011,76,1900,13.08,701.8,690.96,99.667,.983,268.2
102,2011,76,2000,13.08,64.567,61.626,15.48,.1,30.9
102,2011,76,2100,13.08,0,0,6.233,0,5.3
102,2011,76,2200,13.18,.07119,0,4.4215,0,5.874
102,2011,76,2300,13.25,.087,0,3.9152,0,5.956
101,2011,76,2400,13.01,1669.3,1668.7,244.26,1.299
102,2011,76,2400,13.2,.18982,0,4.4213,0,5.956
102,2011,77,100,13.13,.03955,0,2.7129,0,5.681
102,2011,77,200,13.21,.04745,0,2.4993,0,5.3
102,2011,77,300,13.18,.03164,0,2.4518,0,5.295
102,2011,77,400,13.17,0,0,3.0449,0,5.295
102,2011,77,500,13.13,.03164,0,2.2778,0,5.295
102,2011,77,600,13.08,.11072,0,2.0642,0,5.295
102,2011,77,700,12.98,.01582,0,2.5624,0,5.289
102,2011,77,800,13.08,9.3165,8.5132,3.1398,0,5.295
102,2011,77,900,12.73,265.61,267,34.83,0,18.41
102,2011,77,1000,12.84,1003.1,1013.4,125.8,.55,202.4
102,2011,77,1100,13.32,1403.4,1438.2,166.78,.183,147.2
102,2011,77,1200,13.24,1880.2,1933.3,220.42,.683,217.3
102,2011,77,1300,13.15,2585.5,2670.6,297.87,.95,252.2
102,2011,77,1400,12.93,2425.6,2510.3,276.14,.383,168.9
102,2011,77,1500,13.02,3602.3,3766.9,409.54,.95,667.7
102,2011,77,1600,12.68,572.1,589.26,64.126,0,36.75
102,2011,77,1700,12.98,602.28,601.94,76.432,0,28.65
102,2011,77,1800,13.29,943.4,951.72,120.6,.3,75.7
102,2011,77,1900,13.04,562.36,568.91,73.29,.133,50.85
102,2011,77,2000,13.21,58.06,58.385,8.8434,0,8.06
102,2011,77,2100,13.33,0,0,2.4124,0,6.618
102,2011,77,2200,12.96,0,0,2.3016,0,6.618
102,2011,77,2300,13.37,0,0,1.9536,0,6.618
101,2011,77,2400,12.68,15914,16378,1905.1,4.132
102,2011,77,2400,13.37,0,0,3.0134,0,6.618
102,2011,78,100,13.35,.02373,0,2.2936,0,6.205
102,2011,78,200,13.4,0,0,2.7997,0,6.193
102,2011,78,300,13.42,0,0,3.3138,0,5.515
102,2011,78,400,13.43,0,0,3.9623,0,5.295
102,2011,78,500,13.43,0,0,3.5272,0,5.295
102,2011,78,600,13.44,.03163,0,2.9816,0,5.295
102,2011,78,700,13.44,0,0,3.029,0,5.295
102,2011,78,800,13.44,10.882,10.198,3.6854,0,5.295
102,2011,78,900,13.4,110.7,109.75,15.469,0,5.658
102,2011,78,1000,13.4,77.98,77.729,9.5854,0,6.304
102,2011,78,1100,13.43,187.58,186.16,21.085,0,5.67
102,2011,78,1200,13.43,61.145,58.318,7.2526,0,5.3
102,2011,78,1300,13.44,182.83,182.41,14.536,0,5.333
102,2011,78,1400,13.44,629.27,632.17,59.275,0,5.416
102,2011,78,1500,13.44,535.76,536.96,54.578,0,6.315
102,2011,78,1600,13.43,640.48,642.28,70.595,0,10.95
102,2011,78,1700,13.42,659.55,662.08,75.026,0,5.736
102,2011,78,1800,13.42,815.98,814.98,102.53,.133,62.67
102,2011,78,1900,13.42,407.19,403.75,55.308,0,17.76
102,2011,78,2000,13.42,64.847,60.072,13.43,0,25.41
102,2011,78,2100,13.43,.05536,0,2.7919,0,5.306
102,2011,78,2200,13.44,.22935,0,2.0326,0,5.322
102,2011,78,2300,13.45,.11072,0,2.1749,0,5.322
101,2011,78,2400,13.35,4385,4376.9,533.2,.133
102,2011,78,2400,13.45,.32426,0,1.9376,0,5.295
102,2011,79,100,13.46,.42707,0,1.8269,0,5.322
102,2011,79,200,13.46,.23726,0,1.8981,0,5.306
102,2011,79,300,13.46,.22935,0,2.1037,0,5.333
102,2011,79,400,13.46,.29262,0,1.9297,0,5.317
102,2011,79,500,13.46,.1898,0,1.5817,0,5.3
102,2011,79,600,13.47,.02373,0,1.7794,0,5.306
102,2011,79,700,13.47,.22935,0,3.0686,0,5.295
102,2011,79,800,13.49,28.057,27.785,5.2759,0,11.26
102,2011,79,900,13.45,546.41,551.3,71.945,.566,171.7
102,2011,79,1000,13.4,996.32,1006.1,130.46,.45,152.5
102,2011,79,1100,13.35,1554.9,1579.1,198.44,1,271.4
102,2011,79,1200,13.3,1945.6,2000.4,235.03,1,206.1
102,2011,79,1300,13.23,3484.8,3592.6,397.52,.983,644.6
102,2011,79,1400,13.17,2318.7,2385.8,277.31,.283,86.1
102,2011,79,1500,13.16,1929.6,1979.4,234.48,0,19.49
102,2011,79,1600,13.22,2250.2,2332.3,279.27,.783,371.3
102,2011,79,1700,13.23,1746.5,1801.5,212.92,.616,272.3
102,2011,79,1800,13.24,575.54,593.87,71.79,.117,47.43
102,2011,79,1900,13.3,36.844,33.716,7.0318,0,5.89
102,2011,79,2000,13.35,16.927,14.963,4.3819,0,7.3
102,2011,79,2100,13.37,.29265,0,2.5626,0,6.111
102,2011,79,2200,13.39,.78301,0,2.6496,0,6.232
102,2011,79,2300,13.41,1.7321,.00974,3.8359,0,5.835
101,2011,79,2400,13.16,17436,17899,2153.3,5.798
102,2011,79,2400,13.42,1.4394,0,4.2471,0,5.818
102,2011,80,100,13.43,.42708,0,2.9026,0,5.416
102,2011,80,200,13.43,.29263,0,2.8077,0,5.322
102,2011,80,300,13.44,.2689,0,2.3252,0,5.322
102,2011,80,400,13.44,.06327,0,2.2857,0,5.322
102,2011,80,500,13.44,.19772,0,1.8823,0,5.361
102,2011,80,600,13.44,.2689,0,1.4473,0,5.355
102,2011,80,700,13.44,.04745,0,1.7874,0,5.614
102,2011,80,800,13.44,4.682,4.3637,1.8823,0,5.818
102,2011,80,900,13.44,79.681,78.966,10.155,0,5.625
102,2011,80,1000,13.44,265.55,266.32,31.857,0,5.526
102,2011,80,1100,13.41,744.16,744.91,93.532,0,5.94
102,2011,80,1200,13.39,733.92,734.91,88.997,0,7.11
102,2011,80,1300,13.37,1208,1213.6,151.85,0,8.23
102,2011,80,1400,13.32,2055.8,2092.7,258.86,0,12.78
102,2011,80,1500,13.3,1994.2,2041,246.7,.05,75.1
102,2011,80,1600,13.3,2001,2059.7,255.66,.65,229.8
102,2011,80,1700,13.28,1887.8,1937.5,237.94,1,447.5
102,2011,80,1800,13.28,1840.7,1860.9,244.6,1,552.7
102,2011,80,1900,13.28,610.75,619.1,80.047,.85,180.3
102,2011,80,2000,13.3,77.689,80.018,9.7685,.017,23.3
102,2011,80,2100,13.34,0,0,1.6136,0,5.294
102,2011,80,2200,13.37,0,0,2.3255,0,5.295
102,2011,80,2300,13.37,0,0,3.061,0,5.295
101,2011,80,2400,13.28,13506,13734,1736.9,3.565
102,2011,80,2400,13.39,0,0,2.6259,0,5.295
102,2011,81,100,13.4,0,0,3.227,0,5.295
102,2011,81,200,13.42,.00791,0,3.5037,0,5.295
102,2011,81,300,13.42,0,0,2.5071,0,6.204
102,2011,81,400,13.42,0,0,2.7839,0,6.618
102,2011,81,500,13.45,.02373,0,2.4438,0,6.618
102,2011,81,600,13.45,.087,0,2.1116,0,6.618
102,2011,81,700,13.46,.02373,0,2.7049,0,5.841
102,2011,81,800,13.46,16.657,16.2,3.0293,0,6.189
102,2011,81,900,13.46,320.24,317.76,41.049,.15,63.79
102,2011,81,1000,13.42,909.15,924.87,126.17,.683,188.1
102,2011,81,1100,13.37,1512,1544.7,205.52,1,255.5
102,2011,81,1200,12.9,2242,2309.9,287.36,.85,265.5
102,2011,81,1300,12.62,2031.3,2072.9,263.1,.183,60.22
102,2011,81,1400,12.75,1174.1,1201,149.4,.1,36.59
102,2011,81,1500,12.99,1272.5,1282.5,174.01,.2,86.7
102,2011,81,1600,12.48,2502.8,2595.2,339.53,.833,515.7
102,2011,81,1700,12.39,2298.5,2367.3,310.86,1,518.4
102,2011,81,1800,12.81,1775.4,1791.8,252.75,1,687.3
102,2011,81,1900,12.88,856.21,853.41,134.41,1,558.6
102,2011,81,2000,12.89,118.8,123.24,22.756,.4,125.5
102,2011,81,2100,13.32,0,0,1.1786,0,5.294
102,2011,81,2200,13.36,0,0,1.3051,0,5.295
102,2011,81,2300,13.38,0,0,1.3525,0,5.339
101,2011,81,2400,12.39,17030,17401,2335.2,7.4
102,2011,81,2400,13.4,0,0,2.1988,0,6.028
102,2011,82,100,13.42,0,0,2.9185,0,5.956
102,2011,82,200,13.43,0,0,3.4008,0,5.708
102,2011,82,300,13.44,0,0,3.3849,0,5.807
102,2011,82,400,13.46,0,0,3.1873,0,6.618
102,2011,82,500,13.47,0,0,2.357,0,6.266
102,2011,82,600,13.48,0,0,3.2273,0,5.968
102,2011,82,700,13.49,0,0,3.354,0,6.074
102,2011,82,800,13.51,17.063,15.461,5.031,0,9.05
102,2011,82,900,12.82,535.84,496.28,80.773,.716,323.7
102,2011,82,1000,12.6,1160.7,1171.1,168.91,1,458
102,2011,82,1100,12.35,2293,2362.7,315.73,1,748
102,2011,82,1200,12.79,2884.5,3021.2,374.35,1,738
102,2011,82,1300,12.8,3374.5,3402.3,425.24,.95,657.4
102,2011,82,1400,13.18,3713.5,3733.2,462.91,.95,680.3
102,2011,82,1500,13.19,3661.4,3877.7,471.6,.966,664.9
102,2011,82,1600,13.17,2356.6,2490.4,315.3,.95,413.9
102,2011,82,1700,13.2,1474.6,1531.2,203.37,1,378.1
102,2011,82,1800,13.2,1850.5,1870.1,278.5,1,634.5
102,2011,82,1900,13.23,729.58,731.05,111.59,.7,357.6
102,2011,82,2000,13.26,117.34,122.85,20.172,.267,80.3
102,2011,82,2100,13.3,0,0,1.5187,0,5.691
102,2011,82,2200,13.34,0,0,3.6068,0,5.747
102,2011,82,2300,13.38,0,0,4.7538,0,5.929
101,2011,82,2400,12.35,24169,24826,3269.8,10.5
102,2011,82,2400,13.39,0,0,4.6587,0,6.32
102,2011,83,100,13.41,0,0,4.9829,0,5.432
102,2011,83,200,13.42,0,0,3.3614,0,5.499
102,2011,83,300,13.43,0,0,2.3411,0,6.607
102,2011,83,400,13.44,0,0,2.9975,0,6.618
102,2011,83,500,13.46,0,0,2.2777,0,6.392
102,2011,83,600,13.46,.03955,0,2.428,0,6.05
102,2011,83,700,13.47,.00791,0,2.9659,0,6.618
102,2011,83,800,13.48,32.412,31.201,6.6913,0,8.59
102,2011,83,900,13.45,381.34,372.63,56.82,.483,143.2
102,2011,83,1000,13.36,1346.8,1355.4,205.1,1,572.3
102,2011,83,1100,13.28,2362.3,2448.8,336.27,1,792
102,2011,83,1200,13.25,2737.7,2882.9,376.38,1,704
102,2011,83,1300,12.85,2790.4,2818.8,375.85,1,460.4
102,2011,83,1400,12.84,3382,3307.5,456.68,1,359.4
102,2011,83,1500,12.84,2940.2,3039.8,404.19,1,337.3
102,2011,83,1600,12.84,2794.5,2965.7,393.71,1,568.4
102,2011,83,1700,12.83,2595.9,2705,376.63,.966,761
102,2011,83,1800,12.82,1717.1,1735.4,260.89,.983,704
102,2011,83,1900,12.81,867.63,857.63,143.83,1,579.7
102,2011,83,2000,12.81,38.579,40.86,5.5215,.017,20.73
102,2011,83,2100,13.26,0,0,2.6101,0,5.421
102,2011,83,2200,13.3,0,0,3.6623,0,5.736
102,2011,83,2300,12.96,0,0,5.1652,0,5.829
101,2011,83,2400,12.81,23987,24562,3436.1,10.45
102,2011,83,2400,12.93,0,0,4.722,0,6.342
102,2011,84,100,13.4,.03164,0,5.6394,0,6.618
102,2011,84,200,13.42,0,0,4.2551,0,6.618
102,2011,84,300,13.43,0,0,3.3376,0,6.028
102,2011,84,400,13.45,0,0,3.4087,0,5.785
102,2011,84,500,13.46,.04746,0,4.0178,0,5.934
102,2011,84,600,13.46,.02373,0,4.1048,0,6.155
102,2011,84,700,13.46,0,0,4.0335,0,6.138
102,2011,84,800,13.46,47.833,47.086,12.654,0,14.27
102,2011,84,900,13.42,461.47,466.59,70.532,.067,80.8
102,2011,84,1000,12.86,1370,1387.8,202.9,.75,334.4
102,2011,84,1100,12.81,1487.7,1530.9,205.15,.6,312.6
102,2011,84,1200,12.79,1381.3,1437.9,191.61,.333,176.6
102,2011,84,1300,12.79,2530.6,2595.4,342.12,.65,233.5
102,2011,84,1400,13.16,3398.3,3179.6,452.64,.883,463.5
102,2011,84,1500,13.16,2605.2,2625.7,360.81,.666,368.1
102,2011,84,1600,13.16,1829.4,1930.9,257.69,.716,298.1
102,2011,84,1700,12.85,1588.5,1668.7,229.53,.483,333
102,2011,84,1800,13.18,805.58,819.54,114.33,.317,159.7
102,2011,84,1900,13.2,282.82,286.64,41.026,.233,81.1
102,2011,84,2000,13.21,33.644,34.665,4.2954,0,6.771
102,2011,84,2100,13.24,0,0,1.5661,0,5.382
102,2011,84,2200,13.25,0,0,2.3097,0,5.885
102,2011,84,2300,13.3,0,0,3.0058,0,5.543
101,2011,84,2400,12.79,17822,18011,2524,5.698
102,2011,84,2400,13.32,0,0,3.0215,0,6.618
102,2011,85,100,13.33,0,0,2.9344,0,6.596
102,2011,85,200,13.35,0,0,3.7411,0,6.618
102,2011,85,300,13.37,0,0,3.3455,0,6.618
102,2011,85,400,13.37,0,0,2.7682,0,6.618
102,2011,85,500,13.38,0,0,2.4755,0,6.618
102,2011,85,600,13.38,.00791,0,.99652,0,6.618
102,2011,85,700,13.38,0,0,1.305,0,6.618
102,2011,85,800,13.35,20.69,19.969,4.1681,0,7.36
102,2011,85,900,12.77,254.15,256.04,37.046,0,35.13
102,2011,85,1000,12.75,716.27,726.01,106.92,.017,39.08
102,2011,85,1100,12.76,608.59,620.51,86.65,0,14.02
102,2011,85,1200,12.77,1401,1425.6,204.47,.217,79.9
102,2011,85,1300,12.78,2661.2,2701.9,378.13,.633,236.1
102,2011,85,1400,12.79,3088.9,3065.6,419.91,.766,448
102,2011,85,1500,12.81,1686.4,1694.5,225.96,.283,178.1
102,2011,85,1600,12.81,1047.6,1064.9,154.25,.117,71.6
102,2011,85,1700,12.56,511.58,509.16,72.027,.133,41.6
102,2011,85,1800,12.77,1481.1,1465.5,235.78,1,473.8
102,2011,85,1900,12.77,772.41,751.3,134.64,.6,322.2
102,2011,85,2000,12.77,39.295,36.512,9.0092,0,6.375
102,2011,85,2100,12.77,0,0,2.7368,0,6.056
102,2011,85,2200,13.35,.03955,0,2.5943,0,5.956
102,2011,85,2300,13.36,1.0599,.14612,3.575,0,5.912
101,2011,85,2400,12.56,14291,14338,2098.8,3.765
102,2011,85,2400,13.39,.31637,0,3.3693,0,5.515
102,2011,86,100,13.42,.01582,0,3.3059,0,5.377
102,2011,86,200,13.44,.07118,0,2.0088,0,5.339
102,2011,86,300,13.44,.16608,0,2.3568,0,5.317
102,2011,86,400,13.44,.04745,0,2.9262,0,5.306
102,2011,86,500,13.45,.00791,0,4.073,0,5.311
102,2011,86,600,13.46,0,0,3.2982,0,5.3
102,2011,86,700,13.45,3.7885,1.1689,4.4924,0,5.841
102,2011,86,800,12.85,2.1197,1.3346,.4192,0,5.323
102,2011,86,900,12.82,27.978,26.966,2.99,0,5.296
102,2011,86,1000,12.79,116.53,115.31,12.055,0,5.467
102,2011,86,1100,12.78,333.72,332.98,39.817,0,5.731
102,2011,86,1200,12.56,1248.4,1254.8,174.31,0,16.26
102,2011,86,1300,12.55,1064.2,1064.7,153.21,.033,23.83
102,2011,86,1400,12.28,2644.9,2679.4,363.67,.4,119.5
102,2011,86,1500,12.32,2424.6,2497,337.69,.533,203.6
102,2011,86,1600,12.59,1899.2,1956.9,271.83,.483,179.3
102,2011,86,1700,12.52,2543.3,2617.3,374.72,1,626.5
102,2011,86,1800,12.7,2049.8,2071.2,314.12,1,711
102,2011,86,1900,12.8,913,913.77,148.42,1,492.3
102,2011,86,2000,12.8,61.067,64.601,9.3656,.05,42.11
102,2011,86,2100,13.29,0,0,2.0249,0,5.294
102,2011,86,2200,13.33,0,0,4.7458,0,5.295
102,2011,86,2300,13.37,0,0,5.7501,0,5.295
101,2011,86,2400,12.28,15333,15597,2241.9,4.498
102,2011,86,2400,13.4,0,0,4.2868,0,5.383
102,2011,87,100,13.42,0,0,2.6732,0,5.962
102,2011,87,200,13.44,0,0,2.4834,0,5.945
102,2011,87,300,13.45,0,0,2.8078,0,6
102,2011,87,400,13.47,0,0,3.061,0,5.902
102,2011,87,500,13.47,0,0,4.4847,0,5.786
102,2011,87,600,13.49,0,0,3.0612,0,6.619
102,2011,87,700,13.5,.06328,0,2.4048,0,6.614
102,2011,87,800,13.5,10.022,8.437,3.4727,0,6.361
102,2011,87,900,13.48,180.16,177.1,24.498,0,7.35
102,2011,87,1000,13.45,676.5,676.62,99.857,.167,62.76
102,2011,87,1100,13.4,1431.2,1447.9,209.88,.933,237.1
102,2011,87,1200,13.35,1828.8,1867.2,268.27,.716,211.6
102,2011,87,1300,13.3,1863.7,1892.3,272.34,.133,57.42
102,2011,87,1400,13.25,2689.5,2723.5,376.36,.433,225.3
102,2011,87,1500,13.23,3497.5,3674.3,483.53,1,659
102,2011,87,1600,13.23,3083.1,3314.8,441.25,1,806
102,2011,87,1700,13.23,2554.6,2653.7,381.65,1,821
102,2011,87,1800,12.98,1542,1552.7,238.16,.9,600.1
102,2011,87,1900,12.85,853.24,841.83,148.57,1,608.5
102,2011,87,2000,12.83,78.888,87.963,18.272,.383,133.3
102,2011,87,2100,12.8,0,0,2.6972,0,6.077
102,2011,87,2200,12.79,0,0,5.1493,0,5.614
102,2011,87,2300,12.77,0,0,5.3073,0,5.295
101,2011,87,2400,12.76,20289,20918,3004.7,7.66
102,2011,87,2400,12.76,0,0,4.4528,0,5.333
102,2011,88,100,12.75,0,0,5.1012,0,5.295
102,2011,88,200,12.75,0,0,3.5432,0,5.78
102,2011,88,300,12.74,0,0,3.0372,0,6.387
102,2011,88,400,12.73,0,0,3.9468,0,6.619
102,2011,88,500,12.72,0,0,2.9584,0,6.321
102,2011,88,600,12.72,0,0,3.0851,0,6.581
102,2011,88,700,12.72,0,0,2.6342,0,6.251
102,2011,88,800,12.7,44.25,54.07,9.6584,.117,38.68
102,2011,88,900,12.71,644.07,599.94,106.98,.933,429.1
102,2011,88,1000,12.72,1456.2,1487,231.66,1,633.7
102,2011,88,1100,12.75,2302.4,2415.1,332.75,1,737
102,2011,88,1200,12.48,2967.8,3140.7,412.16,1,781
102,2011,88,1300,12.79,3503.4,3333.6,470.29,1,774
102,2011,88,1400,12.81,3370.1,3174,458.13,.9,616.1
102,2011,88,1500,12.82,3440.6,3574.8,478,.866,613.6
102,2011,88,1600,12.82,2785.5,3012.7,415.14,.883,647.2
102,2011,88,1700,12.81,2590.5,2714.3,402.62,1,807
102,2011,88,1800,13.15,1653.1,1677.5,262.85,.866,544.9
102,2011,88,1900,13.19,686.83,691.21,112.33,.433,247.6
102,2011,88,2000,13.23,28.343,29.354,4.7383,0,6.54
102,2011,88,2100,13.27,0,0,2.7208,0,5.879
102,2011,88,2200,13.3,0,0,4.3977,0,5.383
102,2011,88,2300,13.32,0,0,5.007,0,5.306
101,2011,88,2400,12.48,25473,25904,3738.6,10
102,2011,88,2400,13.34,0,0,4.8328,0,6.122
102,2011,89,100,13.37,.38757,0,3.7333,0,6.618
102,2011,89,200,13.38,0,0,2.5468,0,5.951
102,2011,89,300,13.4,.174,0,3.7411,0,6.045
102,2011,89,400,13.42,.50618,0,2.7523,0,6.089
102,2011,89,500,13.43,.04746,0,2.5784,0,6.436
102,2011,89,600,13.44,.09491,0,3.314,0,6.05
102,2011,89,700,13.45,0,0,3.7174,0,6.155
102,2011,89,800,13.46,33.877,32.225,7.3955,0,14.79
102,2011,89,900,13.44,355.32,351.09,53.983,.167,72.4
102,2011,89,1000,13.38,994.47,1001,160.22,.483,216.6
102,2011,89,1100,13.35,1489.2,1498.2,225.18,.716,302
102,2011,89,1200,13.32,1209.5,1225.4,182.37,0,30.55
102,2011,89,1300,13.3,1544.3,1564.7,230.86,.083,45.97
102,2011,89,1400,13.26,1844.7,1864.8,273.13,.017,39.43
102,2011,89,1500,13.25,1014.4,1037.7,148.59,0,38.86
102,2011,89,1600,13.26,1065.9,1083,161.39,0,14.09
102,2011,89,1700,13.25,1918.8,1976.3,300.58,.7,504.1
102,2011,89,1800,13.24,1822.6,1843.5,294.83,1,723
102,2011,89,1900,13.25,594.17,599.45,93.289,.5,265
102,2011,89,2000,13.29,29.236,31.457,4.572,0,7.35
102,2011,89,2100,13.32,0,0,.8384,0,5.498
102,2011,89,2200,13.34,0,0,1.6453,0,5.554
102,2011,89,2300,13.36,.22147,0,1.6294,0,5.35
101,2011,89,2400,13.24,13918,14109,2165.2,3.665
102,2011,89,2400,13.37,.18983,0,2.3017,0,5.295
102,2011,90,100,13.39,0,0,2.183,0,6.249
102,2011,90,200,13.41,0,0,2.4598,0,6.188
102,2011,90,300,13.43,0,0,2.6416,0,6.618
102,2011,90,400,13.44,.27683,0,3.227,0,6.618
102,2011,90,500,13.45,.02373,0,2.8158,0,6.618
102,2011,90,600,13.45,.07118,0,3.8123,0,6.618
102,2011,90,700,13.45,0,0,2.6258,0,6.618
102,2011,90,800,13.47,15.305,14.709,3.7649,0,7.43
102,2011,90,900,13.46,120.77,118.99,18.532,0,7.53
102,2011,90,1000,13.44,221.05,219.6,34.501,0,7.5
102,2011,90,1100,13.43,537.79,538.87,81.849,0,6.861
102,2011,90,1200,13.38,1073.8,1082.3,164.51,0,10.21
102,2011,90,1300,13.35,1108.3,1120.8,175.13,0,13.18
102,2011,90,1400,13.32,1458.5,1473.4,223.88,0,30.49
102,2011,90,1500,13.28,1336.7,1355.6,210.86,0,32.26
102,2011,90,1600,13.25,2042.1,2157.3,318.89,.616,396.3
102,2011,90,1700,13.23,2366.6,2481.9,365.63,1,707
102,2011,90,1800,13.23,1115.7,1149.1,168.16,1,289.4
102,2011,90,1900,13.25,322.2,331.37,44.844,.283,86.1
102,2011,90,2000,13.27,62.695,64.434,9.6107,0,13.08
102,2011,90,2100,13.3,.01582,0,.49039,0,5.934
102,2011,90,2200,13.33,0,0,1.4238,0,5.945
102,2011,90,2300,13.35,.03164,0,1.7956,0,5.934
101,2011,90,2400,13.23,11782,12108,1845.7,2.899
102,2011,90,2400,13.37,.07119,0,2.0882,0,5.791
102,2011,91,100,13.38,0,0,2.9819,0,6.133
102,2011,91,200,13.4,.03164,0,2.4677,0,6.618
102,2011,91,300,13.42,0,0,2.5071,0,6.618
102,2011,91,400,13.44,.00791,0,2.4439,0,6.618
102,2011,91,500,13.45,.04746,0,3.1084,0,6.619
102,2011,91,600,13.46,0,0,2.3491,0,6.619
102,2011,91,700,13.47,.00791,0,2.4124,0,6.625
102,2011,91,800,13.47,14.981,13.638,4.2,0,6.641
102,2011,91,900,13.45,40.101,37.952,7.9885,0,6.674
102,2011,91,1000,13.45,36.802,34.669,5.6315,0,6.652
102,2011,91,1100,13.42,63.917,61.225,5.0067,0,5.857
102,2011,91,1200,13.42,356.65,355.33,45.495,0,12.92
102,2011,91,1300,13.35,1324.4,1323.4,199.2,0,16.12
102,2011,91,1400,13.3,1727.2,1725.5,271.42,0,12.61
102,2011,91,1500,13.26,2130.2,2155.7,328.86,.367,94.1
102,2011,91,1600,13.27,1273.3,1294.9,194.79,0,21.26
102,2011,91,1700,13.25,1635.4,1678.4,254.01,.6,200.7
102,2011,91,1800,13.27,1642.8,1660.6,262.04,.85,455.6
102,2011,91,1900,13.28,605.64,612.14,96.753,.55,215.6
102,2011,91,2000,13.29,50.788,54.592,7.3639,.033,23.99
102,2011,91,2100,13.33,0,0,.94127,0,6.348
102,2011,91,2200,13.35,0,0,1.6294,0,6.602
102,2011,91,2300,13.37,.00791,0,2.3096,0,6.453
101,2011,91,2400,13.25,10902,11008,1708.5,2.399
102,2011,91,2400,13.39,0,0,2.5547,0,6.458
102,2011,92,100,13.4,.087,0,3.1319,0,6.618
102,2011,92,200,13.42,.087,0,3.2268,0,6.618
102,2011,92,300,13.43,.07909,0,2.4675,0,6.618
102,2011,92,400,13.44,.10281,0,2.0325,0,6.618
102,2011,92,500,13.44,.00791,0,2.2777,0,6.618
102,2011,92,600,13.45,0,0,2.1988,0,6.619
102,2011,92,700,13.46,.07909,0,2.0802,0,6.614
102,2011,92,800,13.47,39.777,40.982,8.4,.083,27.85
102,2011,92,900,13.42,546.09,499.62,91.866,.9,364.9
102,2011,92,1000,13.32,1626.9,1658.8,261.12,1,697.6
102,2011,92,1100,13.27,2162.4,2232.7,320.35,1,670.6
102,2011,92,1200,13.18,3021.5,3179.6,431.41,1,783
102,2011,92,1300,13.17,3526.4,3346,490.53,1,770
102,2011,92,1400,13.12,3269.3,3120,463.52,.8,555.5
102,2011,92,1500,13.11,3253.2,3427,472.78,.85,578.4
102,2011,92,1600,13.1,2366.5,2572,360.28,.683,510.7
102,2011,92,1700,13.11,2472.4,2600.4,391.47,.983,768
102,2011,92,1800,13.12,1653.2,1669.3,271.1,.966,709
102,2011,92,1900,13.15,496.04,499.96,80.117,.516,271.9
102,2011,92,2000,13.18,51.602,52.914,8.7888,.05,37.95
102,2011,92,2100,13.19,0,0,2.4283,0,6.05
102,2011,92,2200,13.26,0,0,4.2793,0,6.265
102,2011,92,2300,13.28,0,0,5.9561,0,6.364
101,2011,92,2400,13.1,24486,24899,3687.5,9.83
102,2011,92,2400,13.3,0,0,5.7107,0,6.249
102,2011,93,100,13.32,0,0,3.9784,0,6.171
102,2011,93,200,13.33,.04745,0,2.4993,0,6.453
102,2011,93,300,13.35,.00791,0,2.5704,0,6.618
102,2011,93,400,13.36,.00791,0,3.1557,0,6.618
102,2011,93,500,13.37,.12655,0,2.365,0,6.618
102,2011,93,600,13.37,.18192,0,2.4994,0,6.619
102,2011,93,700,13.37,.48249,0,2.5074,0,6.618
102,2011,93,800,13.36,7.8382,6.4097,4.2869,0,6.668
102,2011,93,900,13.36,121.46,117.15,20.398,0,8.01
102,2011,93,1000,13.33,553.12,549.86,89.5,0,6.872
102,2011,93,1100,13.31,658.21,653.75,110.68,0,8.89
102,2011,93,1200,13.22,1979.6,2009.1,314.53,.583,177.9
102,2011,93,1300,13.19,2302.5,2287.1,353.66,.25,104.2
102,2011,93,1400,13.14,3685.9,3291.2,531.24,1,670.5
102,2011,93,1500,13.11,3580.2,3703.2,526.38,1,755
102,2011,93,1600,13.11,2772.6,3051.3,420.81,.916,630.1
102,2011,93,1700,13.12,2541.3,2680.2,416.44,1,818
102,2011,93,1800,13.14,1780.6,1794.9,304.61,1,749
102,2011,93,1900,13.17,823.02,814.95,152.79,1,581.4
102,2011,93,2000,13.2,68.202,70.661,15.101,.3,86.4
102,2011,93,2100,13.23,0,0,2.895,0,5.89
102,2011,93,2200,13.26,0,0,4.129,0,5.978
102,2011,93,2300,13.29,0,0,4.7141,0,6.447
101,2011,93,2400,13.11,20875,21030,3297.6,7.05
102,2011,93,2400,13.3,0,0,5.9004,0,6.326
102,2011,94,100,13.32,0,0,4.0574,0,6.618
102,2011,94,200,13.33,.06327,0,2.9342,0,6.618
102,2011,94,300,13.34,0,0,3.9386,0,6.618
102,2011,94,400,13.35,.02373,0,2.349,0,6.618
102,2011,94,500,13.36,.14237,0,2.6338,0,6.618
102,2011,94,600,13.36,.05537,0,3.1005,0,6.618
102,2011,94,700,13.36,.03164,0,2.5231,0,6.618
102,2011,94,800,13.36,4.7457,4.4908,3.931,0,6.619
102,2011,94,900,12.75,189.74,188.52,32.705,0,6.618
102,2011,94,1000,13.3,883.4,896.17,139.46,.183,80.1
102,2011,94,1100,13.23,2058.8,2123,319.63,1,430
102,2011,94,1200,13.18,2708.2,2791.7,417.9,1,447.6
102,2011,94,1300,13.16,2944.8,2860,448.3,1,391.8
102,2011,94,1400,12.85,2950.8,2784.2,443.86,.95,370.5
102,2011,94,1500,12.84,2575,2649.1,395.93,.8,317.9
102,2011,94,1600,13.18,2277.7,2438.3,361.74,.666,384
102,2011,94,1700,13.2,1744.4,1820.7,282.16,.5,345.7
102,2011,94,1800,13.23,704.76,703.35,123.45,.083,45.55
102,2011,94,1900,13.29,386.82,380.79,70.776,.033,62.08
102,2011,94,2000,13.3,43.581,39.949,12.283,0,8.12
102,2011,94,2100,13.33,0,0,3.3063,0,6.26
102,2011,94,2200,13.36,0,0,3.2668,0,6.298
102,2011,94,2300,13.37,.03955,0,3.061,0,6.607
101,2011,94,2400,12.75,19473,19680,3086.9,6.214
102,2011,94,2400,13.39,.09491,0,3.5592,0,6.53
102,2011,95,100,13.4,.02373,0,3.4405,0,6.182
102,2011,95,200,13.41,.261,0,3.4484,0,6.618
102,2011,95,300,13.42,.36381,0,2.1433,0,6.618
102,2011,95,400,13.42,.32427,0,2.1908,0,6.618
102,2011,95,500,13.42,.60899,0,5.908,0,6.624
102,2011,95,600,13.43,1.6213,.06818,4.5318,0,6.618
102,2011,95,700,13.43,.44289,0,3.298,0,6.618
102,2011,95,800,13.44,8.2726,6.419,4.682,0,6.618
102,2011,95,900,13.44,115.54,112.84,20.508,0,6.921
102,2011,95,1000,13.42,432.69,432.1,69.993,0,6.673
102,2011,95,1100,13.35,1532.4,1560.6,240.66,.433,142.4
102,2011,95,1200,13.31,1907.9,1957,291.37,.633,144.2
102,2011,95,1300,13.24,3018.2,3016,450.91,.766,269.1
102,2011,95,1400,13.22,2356.2,2383.3,356.03,.15,61.16
102,2011,95,1500,13.19,2742.8,2833,413.52,1,351.5
102,2011,95,1600,13.19,2858.1,3149.2,442.55,.966,718
102,2011,95,1700,13.19,2616.2,2746.9,421.44,1,788
102,2011,95,1800,13.21,1365.3,1376.1,229.01,1,598.8
102,2011,95,1900,13.24,747.09,743.05,136.42,.983,514.5
102,2011,95,2000,13.27,68.851,72.035,15.473,.3,85.5
102,2011,95,2100,13.3,0,0,2.3176,0,5.951
102,2011,95,2200,13.34,0,0,4.1053,0,6.26
102,2011,95,2300,13.37,0,0,5.2126,0,6.144
101,2011,95,2400,12.84,19773,20389,3131.7,7.23
102,2011,95,2400,12.84,0,0,2.5311,0,6.149
102,2011,96,100,13.4,0,0,2.6417,0,6.287
102,2011,96,200,13.42,.03954,0,2.8631,0,6.618
102,2011,96,300,13.43,0,0,3.0923,0,6.618
102,2011,96,400,13.44,0,0,2.7681,0,6.618
102,2011,96,500,13.45,0,0,1.7954,0,6.618
102,2011,96,600,13.46,0,0,1.5977,0,6.602
102,2011,96,700,13.47,.03164,0,2.2384,0,6.669
102,2011,96,800,13.47,27.431,26.205,5.687,0,6.807
102,2011,96,900,13.45,297.55,297.82,46.682,0,22.09
102,2011,96,1000,13.42,426.14,429.41,70.106,0,13.22
102,2011,96,1100,13.4,555.68,560.53,91.439,0,30.93
102,2011,96,1200,13.34,1241.6,1261.6,193.63,.167,66.1
102,2011,96,1300,12.92,163.03,161.6,19.782,0,12.39
102,2011,96,1400,13.39,565,563.41,78.519,0,34.35
102,2011,96,1500,13.35,1212,1216.4,189.63,0,18.82
102,2011,96,1600,13.33,980.57,980.33,162.69,0,11.34
102,2011,96,1700,13.3,1653.5,1688,267.7,.8,305.4
102,2011,96,1800,13.3,959.36,970.67,155.43,1,292.8
102,2011,96,1900,13.32,634.71,632.38,113.54,1,363.6
102,2011,96,2000,13.32,68.946,70.391,13.169,.133,52.19
102,2011,96,2100,13.35,0,0,2.4204,0,5.956
102,2011,96,2200,13.39,.01582,0,1.4,0,5.956
102,2011,96,2300,13.4,0,0,2.8395,0,5.951
101,2011,96,2400,12.92,8785.6,8858.8,1433.2,3.099
102,2011,96,2400,13.41,0,0,1.5581,0,5.956
102,2011,97,100,13.42,.03164,0,1.5343,0,5.956
102,2011,97,200,13.44,0,0,1.993,0,6.409
102,2011,97,300,13.45,0,0,3.0766,0,6.602
102,2011,97,400,13.46,.03164,0,3.1559,0,6.31
102,2011,97,500,13.47,.20565,0,2.8633,0,5.985
102,2011,97,600,13.47,.00791,0,2.2305,0,5.957
102,2011,97,700,13.49,.28475,0,1.8746,0,5.996
102,2011,97,800,13.48,44.135,54.094,9.7841,0,28.18
102,2011,97,900,13.41,639.49,606.24,115.49,.933,366.5
102,2011,97,1000,13.33,1333,1356.9,214.44,.966,549.1
102,2011,97,1100,13.28,2060.6,2137.2,314.53,.966,564.3
102,2011,97,1200,13.27,1330.4,1377.8,194.7,.3,126.7
102,2011,97,1300,13.29,405.22,407.19,55.638,0,11.14
102,2011,97,1400,13.37,565.07,564.49,84.206,0,17.64
102,2011,97,1500,13.36,928.22,927.48,152.28,0,7.97
102,2011,97,1600,12.81,1328.4,1336.6,220.42,.05,24.83
102,2011,97,1700,12.79,1352.9,1371.2,226.51,.283,96.2
102,2011,97,1800,12.79,1457.7,1477.7,239.98,1,360.5
102,2011,97,1900,13.31,502.88,511.51,81.909,.35,83.7
102,2011,97,2000,13.34,42.284,44.187,7.6328,0,10.93
102,2011,97,2100,13.37,0,0,3.9469,0,5.934
102,2011,97,2200,13.4,0,0,3.8439,0,5.912
102,2011,97,2300,13.42,.02373,0,3.2664,0,5.956
101,2011,97,2400,12.79,11991,12173,1948.2,4.848
102,2011,97,2400,13.43,.16609,0,2.8709,0,5.956
102,2011,98,100,13.44,0,0,2.4043,0,6.16
102,2011,98,200,13.44,.11863,0,1.8427,0,6.602
102,2011,98,300,13.45,.087,0,1.9535,0,6.602
102,2011,98,400,13.45,0,0,4.3501,0,6.618
102,2011,98,500,13.45,.11073,0,2.1434,0,6.244
102,2011,98,600,13.47,.11073,0,1.4712,0,5.957
102,2011,98,700,13.47,.36384,0,1.2576,0,6.04
102,2011,98,800,13.46,16.12,14.671,3.844,0,6.15
102,2011,98,900,13.44,222.87,220.85,35.261,0,12.51
102,2011,98,1000,13.42,389.98,393.85,64.633,0,8.43
102,2011,98,1100,13.41,443.51,446.2,68.746,0,10.08
102,2011,98,1200,13.38,663.71,668.09,106.13,0,17.37
102,2011,98,1300,13.33,1220.6,1227.3,188.8,0,22.33
102,2011,98,1400,13.29,1725.4,1722.7,270.92,.2,81
102,2011,98,1500,13.28,1434.5,1463.7,220.63,.033,37.81
102,2011,98,1600,13.25,1977.7,2061.9,307.12,.566,242.3
102,2011,98,1700,13.24,1493.8,1557,228.54,.267,161.8
102,2011,98,1800,13.25,417.78,428.62,65.582,.083,41.23
102,2011,98,1900,13.28,356.61,364.41,56.727,0,29.97
102,2011,98,2000,13.31,38.939,40.612,8.2892,0,9.11
102,2011,98,2100,13.33,0,0,3.3379,0,5.956
102,2011,98,2200,13.35,0,0,3.0925,0,5.956
102,2011,98,2300,13.37,0,0,3.2664,0,5.956
101,2011,98,2400,13.24,10402,10610,1652.9,1.15
102,2011,98,2400,13.39,.03954,0,2.5625,0,6.199
102,2011,99,100,13.4,.07909,0,2.2382,0,6.32
102,2011,99,200,13.41,.087,0,1.5817,0,6.64
102,2011,99,300,13.42,.10281,0,2.9341,0,6.624
102,2011,99,400,13.42,.21354,0,1.566,0,6.618
102,2011,99,500,13.42,.04746,0,1.3367,0,6.618
102,2011,99,600,13.42,.31637,0,1.5265,0,6.618
102,2011,99,700,13.42,.19772,0,1.3841,0,6.646
102,2011,99,800,13.42,14.394,13.423,2.9975,0,6.855
102,2011,99,900,13.42,111.99,109.8,17.486,0,6.844
102,2011,99,1000,13.4,616.87,622.17,96.748,.017,27.37
102,2011,99,1100,13.39,986.6,1002.4,158.48,0,16.06
102,2011,99,1200,13.33,1715.8,1767.2,266.06,.317,125.3
102,2011,99,1300,12.83,2155.4,2179.6,322.5,.45,188.3
102,2011,99,1400,12.8,2400.1,2327.4,360.43,.367,189.5
102,2011,99,1500,12.8,2358,2385,354.23,.533,275.8
102,2011,99,1600,13.18,1831,1963.7,291.86,.367,272.6
102,2011,99,1700,13.25,309.28,311.77,49.259,0,28.78
102,2011,99,1800,13.29,1024.5,1017.2,176.68,.683,423.9
102,2011,99,1900,13.28,756.4,753.03,133.02,.55,343.3
102,2011,99,2000,13.3,52.305,54.513,8.7637,0,12.05
102,2011,99,2100,13.34,0,0,2.1673,0,5.366
102,2011,99,2200,13.38,0,0,3.6937,0,5.647
102,2011,99,2300,13.39,0,0,3.8438,0,5.796
101,2011,99,2400,12.8,14334,14507,2262.9,3.282
102,2011,99,2400,13.4,0,0,2.1038,0,6.078
102,2011,100,100,13.42,0,0,2.9738,0,6.276
102,2011,100,200,13.44,.01582,0,3.5987,0,6.282
102,2011,100,300,13.45,.11864,0,2.5389,0,6.134
102,2011,100,400,13.45,.0791,0,2.6892,0,5.963
102,2011,100,500,13.46,0,0,2.4677,0,5.935
102,2011,100,600,13.46,.06328,0,1.5977,0,5.908
102,2011,100,700,13.47,.06328,0,1.7875,0,5.841
102,2011,100,800,13.43,32.698,32.449,6.5807,0,13.36
102,2011,100,900,13.38,793.49,795.31,139.53,.883,435
102,2011,100,1000,13.32,1456.9,1488.1,237.08,1,524.8
102,2011,100,1100,13.28,1966,2060.6,306.43,1,593.5
102,2011,100,1200,13.24,3051.6,3274.7,461.8,1,784
102,2011,100,1300,13.22,3508.2,3339.9,506.33,1,791
102,2011,100,1400,13.17,3703.8,3399,538.29,.95,722
102,2011,100,1500,13.14,3568.7,3762.1,528.23,.966,754
102,2011,100,1600,13.12,3001.2,3376.7,467.36,.983,788
102,2011,100,1700,13.16,2538.3,2692.8,416.69,.983,804
102,2011,100,1800,13.17,1784.4,1800.9,309.06,1,793
102,2011,100,1900,13.2,875.51,870.15,165.91,1,629.4
102,2011,100,2000,13.24,68.964,73.498,13.234,.1,45.4
102,2011,100,2100,13.23,0,0,2.2068,0,5.95
102,2011,100,2200,13.24,0,0,2.99,0,5.796
102,2011,100,2300,13.28,0,0,3.7255,0,5.885
101,2011,100,2400,13.12,26350,26966,4127,10.86
102,2011,100,2400,13.35,0,0,3.9548,0,6.508
102,2011,101,100,13.35,0,0,4.2631,0,6.21
102,2011,101,200,13.37,0,0,2.8552,0,5.934
102,2011,101,300,13.37,0,0,3.9624,0,5.874
102,2011,101,400,13.36,0,0,4.7455,0,5.67
102,2011,101,500,13.34,.00791,0,4.6428,0,5.598
102,2011,101,600,13.38,0,0,3.4565,0,5.587
102,2011,101,700,13.39,.03164,0,2.2068,0,5.549
102,2011,101,800,13.4,78.811,80.581,15.17,.15,48.43
102,2011,101,900,13.32,667.53,655.67,120.6,1,436.3
102,2011,101,1000,13.24,1599.7,1651,259.22,1,706
102,2011,101,1100,12.97,2386.5,2561.7,366.72,1,783
102,2011,101,1200,12.78,3036.2,3164.3,456.59,1,795
102,2011,101,1300,12.78,3325,3012.8,487.36,1,694.1
102,2011,101,1400,13.12,3372,3025.8,497.18,.95,637.9
102,2011,101,1500,13.1,3525.3,3712.4,528.72,.95,759
102,2011,101,1600,13.08,2871.6,3234.9,447.6,.916,721
102,2011,101,1700,13.06,2367.5,2517.7,388.88,.983,759
102,2011,101,1800,13.01,1708.3,1729.9,296.9,1,772
102,2011,101,1900,13.04,797.55,792.92,152.89,1,616.8
102,2011,101,2000,13.15,59.235,62.364,16.66,.283,97.5
102,2011,101,2100,13.19,0,0,2.4283,0,6.844
102,2011,101,2200,13.21,0,0,1.4079,0,6.585
102,2011,101,2300,13.23,0,0,3.8125,0,6.265
101,2011,101,2400,12.78,25795,26202,4073.9,11.23
102,2011,101,2400,13.33,0,0,5.5842,0,5.984
102,2011,102,100,13.34,0,0,5.5445,0,5.956
102,2011,102,200,13.35,0,0,4.9749,0,6.017
102,2011,102,300,13.34,0,0,3.306,0,6.067
102,2011,102,400,13.34,0,0,3.9862,0,5.956
102,2011,102,500,13.35,0,0,3.1717,0,5.956
102,2011,102,600,13.35,.17401,0,2.705,0,5.956
102,2011,102,700,13.35,.34801,0,2.7209,0,5.956
102,2011,102,800,13.35,42.029,39.724,10.622,.15,42.98
102,2011,102,900,13.31,818.54,825.27,148.48,.983,414.1
102,2011,102,1000,13.23,1659.7,1715,273.47,.966,668.2
102,2011,102,1100,13.18,2379.8,2547.7,367.07,1,774
102,2011,102,1200,12.91,3039.3,3267.1,464.96,1,772
102,2011,102,1300,12.96,3474.8,3249.5,509.33,1,742
102,2011,102,1400,12.81,2998.9,2705.7,445.12,.783,506.7
102,2011,102,1500,12.95,3320.3,3315.4,512.27,.983,658.9
102,2011,102,1600,12.94,2759.6,3064.7,441.44,.933,617.3
102,2011,102,1700,13.01,1774.5,1893.5,294.29,.85,460.2
102,2011,102,1800,12.98,1463.1,1497.2,254.4,1,566.8
102,2011,102,1900,13,674.21,683.07,123.05,.9,328.4
102,2011,102,2000,13.03,41.99,44.759,7.9661,0,16.64
102,2011,102,2100,13.09,0,0,1.4949,0,6.623
102,2011,102,2200,13.23,0,0,3.0216,0,6.762
102,2011,102,2300,13.25,0,0,4.0737,0,6.695
101,2011,102,2400,12.81,24447,24849,3892.3,10.55
102,2011,102,2400,13.28,0,0,4.8883,0,6.635
102,2011,103,100,13.3,.07119,0,3.3695,0,6.359
102,2011,103,200,13.31,.20565,0,2.4678,0,6.618
102,2011,103,300,13.31,.03955,0,2.0248,0,6.618
102,2011,103,400,13.32,0,0,1.5898,0,6.618
102,2011,103,500,13.32,.15028,0,1.748,0,6.618
102,2011,103,600,13.33,.22937,0,1.5107,0,6.618
102,2011,103,700,13.33,.18191,0,1.0361,0,6.618
102,2011,103,800,13.04,45.106,44.507,9.3407,0,8.23
102,2011,103,900,12.77,163.1,163.86,28.362,0,9.67
102,2011,103,1000,12.82,211.49,208.5,31.17,0,6.364
102,2011,103,1100,12.3,428.77,427.95,67.692,0,13.38
102,2011,103,1200,12.55,419.1,416.83,63.121,0,15.69
102,2011,103,1300,12.27,2144.7,2097,336.82,.4,126.2
102,2011,103,1400,11.58,2689.9,2648.5,426.48,.45,118.4
102,2011,103,1500,11.92,3147.7,3030,468.93,1,635.7
102,2011,103,1600,11.87,2816.6,3039.7,440.56,1,684.1
102,2011,103,1700,12.45,2227.3,2415.8,362.59,1,642
102,2011,103,1800,13.05,1680.3,1718.4,284.96,1,640.6
102,2011,103,1900,13.11,507.47,521.28,81.743,.583,170.8
102,2011,103,2000,13.2,45.13,47.661,7.5229,0,15.34
102,2011,103,2100,12.77,.20566,.08768,3.2273,0,6.232
102,2011,103,2200,12.74,.25312,0,4.7299,0,6.618
102,2011,103,2300,13.32,.15818,0,5.2674,0,6.618
101,2011,103,2400,11.58,16528,16780,2641.8,5.431
102,2011,103,2400,13.38,.03164,0,5.5442,0,6.618
102,2011,104,100,13.39,0,0,3.8517,0,6.618
102,2011,104,200,13.4,.05537,0,4.1366,0,6.607
102,2011,104,300,13.42,0,0,5.6949,0,6.618
102,2011,104,400,13.42,.08701,0,3.6147,0,6.619
102,2011,104,500,13.42,.00791,0,2.3966,0,6.619
102,2011,104,600,13.43,.00791,0,2.5073,0,6.619
102,2011,104,700,13.42,.26102,.03897,2.8317,0,6.619
102,2011,104,800,13.41,10.733,9.0499,4.0893,0,6.961
102,2011,104,900,13.4,110.02,106.93,17.623,0,7.94
102,2011,104,1000,12.62,359.83,358.4,55.746,0,7.89
102,2011,104,1100,13.35,720.13,720.53,115.76,0,14.72
102,2011,104,1200,12.66,2224.1,2276.7,355.98,.933,313
102,2011,104,1300,13.23,2515.9,2464.9,394.95,1,297.5
102,2011,104,1400,13.08,1758,1781.4,285.25,.083,28.84
102,2011,104,1500,13.08,2239.7,2317.9,368.57,.583,219.9
102,2011,104,1600,12.65,2682.5,2935.2,431.18,1,584.5
102,2011,104,1700,12.56,1983.9,2099.2,322.06,1,438.9
102,2011,104,1800,12.73,945.14,965.48,156.13,1,258.1
102,2011,104,1900,13.22,596.07,596.66,109.82,1,330.6
102,2011,104,2000,13.25,45.063,46.645,8.7563,0,22.45
102,2011,104,2100,13.28,0,0,2.6815,0,6.298
102,2011,104,2200,13.32,0,0,3.5989,0,5.934
102,2011,104,2300,13.35,0,0,5.3309,0,6.607
101,2011,104,2400,12.56,16192,16679,2666.6,6.597
102,2011,104,2400,13.37,0,0,4.0179,0,6.618
102,2011,105,100,12.82,.00791,0,3.0924,0,6.618
102,2011,105,200,13.38,.03164,0,2.4518,0,6.618
102,2011,105,300,13.4,0,0,3.211,0,6.618
102,2011,105,400,13.41,0,0,2.7841,0,6.618
102,2011,105,500,13.42,0,0,2.2305,0,6.619
102,2011,105,600,13.43,.19774,0,1.9537,0,6.487
102,2011,105,700,13.39,.47457,.02922,2.3491,0,6.459
102,2011,105,800,13.3,23.025,20.788,6.2644,0,7.14
102,2011,105,900,13.39,205.23,201.77,35.806,0,7.63
102,2011,105,1000,13.4,367.19,363.51,63.696,0,6.922
102,2011,105,1100,13.37,719.25,723.48,120.88,0,13.21
102,2011,105,1200,13.27,2615.8,2675.9,408.23,.783,311
102,2011,105,1300,13.2,3202.9,3071.8,473.44,1,436.3
102,2011,105,1400,13.16,3711.5,3463.6,545.43,1,677.3
102,2011,105,1500,13.13,3490,3676.7,519.84,1,765
102,2011,105,1600,13.13,2755.7,3063.6,428.3,.966,662.5
102,2011,105,1700,13.15,2367.5,2533.1,390.59,1,775
102,2011,105,1800,13.16,1698.9,1728.3,294.57,.983,725
102,2011,105,1900,12.81,747.9,744.27,142.28,1,563.7
102,2011,105,2000,13.24,37.668,48.175,10.94,.2,65.29
102,2011,105,2100,13.28,0,0,2.365,0,6.116
102,2011,105,2200,13.32,0,0,2.7606,0,6.221
102,2011,105,2300,13.33,0,0,3.6068,0,6.552
101,2011,105,2400,12.81,21943,22315,3470,7.93
102,2011,105,2400,13.35,0,0,2.9344,0,6.398
102,2011,106,100,13.37,0,0,3.0293,0,5.708
102,2011,106,200,13.38,.15818,0,2.1908,0,5.918
102,2011,106,300,13.38,.03954,0,2.0721,0,5.956
102,2011,106,400,13.39,.00791,0,2.0721,0,5.956
102,2011,106,500,13.4,0,0,2.2145,0,5.956
102,2011,106,600,13.4,0,0,2.9183,0,5.956
102,2011,106,700,13.4,.15818,0,2.0405,0,5.956
102,2011,106,800,13.4,13.508,12.546,4.073,0,5.956
102,2011,106,900,12.73,278.05,279.26,45.405,.117,43.16
102,2011,106,1000,12.72,1354,1387.8,219.8,.9,358
102,2011,106,1100,13.29,960.31,981.4,153.92,0,27.24
102,2011,106,1200,13.2,2531.1,2644.5,392.11,.866,388.9
102,2011,106,1300,13.16,3256.7,3137.2,464.55,.966,694.1
102,2011,106,1400,13.13,3263.2,3066,473.34,.966,561.4
102,2011,106,1500,12.97,2226,2292.4,345.18,.583,353.5
102,2011,106,1600,12.16,1999.2,2133.1,313.23,.783,304.3
102,2011,106,1700,12.31,2718.8,2924.7,438.37,.983,793
102,2011,106,1800,12.54,1210.4,1243,198.06,.6,381
102,2011,106,1900,12.36,375.71,380.26,60.105,.25,139.2
102,2011,106,2000,13.19,9.2311,6.4494,7.4907,0,6.347
102,2011,106,2100,13.25,2.9504,.14613,6.7551,0,6.635
102,2011,106,2200,13.3,0,0,5.07,0,6.624
102,2011,106,2300,13.33,0,0,3.3693,0,6.227
101,2011,106,2400,12.16,20199,20489,3150.6,7.01
102,2011,106,2400,12.42,0,0,3.1794,0,6.067
102,2011,107,100,12.58,.14236,0,2.6416,0,5.94
102,2011,107,200,13.02,.03164,0,2.7365,0,6.078
102,2011,107,300,13.15,.06327,0,1.4553,0,6.596
102,2011,107,400,13.18,.02373,0,2.2382,0,6.591
102,2011,107,500,13.2,.00791,0,1.5264,0,5.978
102,2011,107,600,13.33,.00791,0,2.0721,0,5.956
102,2011,107,700,13.41,.1819,0,2.2461,0,5.962
102,2011,107,800,13.4,22.904,21.517,5.7813,0,6.364
102,2011,107,900,13.4,308.99,311.9,50.569,0,21.28
102,2011,107,1000,12.58,1062.4,1075.8,170.05,.367,180.6
102,2011,107,1100,13.26,2179.4,2262.5,327.32,.966,596.9
102,2011,107,1200,12.8,3057.5,3295.2,448.75,.983,744
102,2011,107,1300,12.8,3122.3,3180.1,455.55,.85,542.2
102,2011,107,1400,12.78,2827.1,2810.5,414.46,.616,391.2
102,2011,107,1500,12.78,2486.7,2626.1,378.94,.666,378.1
102,2011,107,1600,13.06,136.64,139.41,16.343,0,6.705
102,2011,107,1700,13.18,218.1,220,29.504,0,6.122
102,2011,107,1800,11.95,284.49,287.48,43.212,0,5.681
102,2011,107,1900,11.77,240.5,241.79,37.587,0,5.802
102,2011,107,2000,12.65,28.649,27.9,6.5334,0,5.907
102,2011,107,2100,12.27,0,0,2.8236,0,5.692
102,2011,107,2200,12.59,0,0,2.2066,0,5.614
102,2011,107,2300,13.04,0,0,3.7727,0,5.598
101,2011,107,2400,11.77,15976,16500,2410.7,4.448
102,2011,107,2400,13.07,0,0,2.3413,0,5.565
102,2011,108,100,12.73,0,0,2.9265,0,5.422
102,2011,108,200,13,0,0,1.5977,0,5.516
102,2011,108,300,13.18,.22938,.03897,.43503,0,5.588
102,2011,108,400,13.18,.18983,.06819,.52202,0,5.649
102,2011,108,500,13.4,.25311,.02922,.83841,0,5.753
102,2011,108,600,13.44,.15028,0,.45085,0,5.83
102,2011,108,700,13.45,.06328,0,1.0757,0,5.753
102,2011,108,800,12.84,65.548,65.162,10.765,.083,34.64
102,2011,108,900,13.33,686.12,682.92,110.45,1,349.7
102,2011,108,1000,13.3,1486.2,1486,233.17,1,564.5
102,2011,108,1100,13.21,2358.7,2417.2,345.6,1,715
102,2011,108,1200,13.12,2613.8,2778.3,378.14,1,638
102,2011,108,1300,13.1,3250.9,3319,464.03,.95,620.5
102,2011,108,1400,13.06,3377.1,3450.7,486.01,.833,574.7
102,2011,108,1500,13.02,3250.3,3516.5,464.94,.85,658.5
102,2011,108,1600,13.02,2807.8,3018.2,426.55,.883,687.7
102,2011,108,1700,13.02,2439.3,2549.6,386.61,1,809
102,2011,108,1800,13.03,1720.6,1726.7,286.94,1,749
102,2011,108,1900,13.04,735.05,725.08,134.22,.966,545.3
102,2011,108,2000,13.09,18.035,24.327,4.3664,.083,28.18
102,2011,108,2100,13.22,0,0,2.1989,0,5.956
102,2011,108,2200,13.21,0,0,3.0849,0,5.951
102,2011,108,2300,13.2,0,0,4.113,0,5.681
101,2011,108,2400,12.73,24810,25760,3754.7,10.65
102,2011,108,2400,13.31,0,0,5.7106,0,5.344
102,2011,109,100,13.35,0,0,5.5206,0,5.923
102,2011,109,200,13.36,0,0,4.4448,0,5.51
102,2011,109,300,13.37,0,0,2.8394,0,5.824
102,2011,109,400,13.38,0,0,2.7921,0,6.161
102,2011,109,500,13.39,0,0,2.9265,0,5.957
102,2011,109,600,13.38,0,0,2.2779,0,5.648
102,2011,109,700,13.34,.07909,0,2.5706,0,5.538
102,2011,109,800,12.9,88.993,100.76,18.374,.283,86.6
102,2011,109,900,13.13,675,644.53,114.15,1,426.7
102,2011,109,1000,13.27,1625,1633.4,250.04,1,694.5
102,2011,109,1100,13.2,2699.6,2728.6,397.44,1,746
102,2011,109,1200,13.17,2798.3,2890.4,401.53,1,610.8
102,2011,109,1300,13.15,3465.3,3633.1,491.12,1,730
102,2011,109,1400,12.89,3332,3474.8,475.62,.95,563.2
102,2011,109,1500,13.11,3047.3,3188.8,449.71,.966,517.7
102,2011,109,1600,13.15,2673.5,2803.3,402.86,1,565.9
102,2011,109,1700,13.15,2209,2286.6,345.64,1,643.7
102,2011,109,1800,13.16,1501.7,1503.1,244.92,.95,581.7
102,2011,109,1900,13.18,737.81,724.55,130.5,1,488.4
102,2011,109,2000,13.21,61.313,65.858,15.71,.217,78.6
102,2011,109,2100,13.21,0,0,1.8667,0,5.951
102,2011,109,2200,13.26,0,0,2.8793,0,5.532
102,2011,109,2300,13.28,0,0,4.5402,0,5.78
101,2011,109,2400,12.89,24915,25678,3775.4,11.36
102,2011,109,2400,13.3,0,0,5.1017,0,6.486
102,2011,110,100,13.31,0,0,4.7535,0,6.403
102,2011,110,200,13.33,0,0,4.6506,0,6.618
102,2011,110,300,13.34,0,0,2.8868,0,6.618
102,2011,110,400,13.35,0,0,4.0336,0,6.618
102,2011,110,500,13.35,.09491,0,2.6258,0,6.618
102,2011,110,600,13.35,.04745,0,1.218,0,6.618
102,2011,110,700,13.35,.05536,0,.90954,0,6.618
102,2011,110,800,13.37,18.507,18.098,5.56,0,6.618
102,2011,110,900,13.36,123.48,122.83,17.163,0,7.07
102,2011,110,1000,13.35,331.59,335.4,37.695,0,10.12
102,2011,110,1100,13.27,410.2,411.96,42.987,0,11.12
102,2011,110,1200,11.82,660.01,662.1,75.923,0,11.16
102,2011,110,1300,12.21,1014.4,1021.8,120.87,0,18.65
102,2011,110,1400,12.88,2616.7,2685.8,309.71,.6,282.1
102,2011,110,1500,12.95,2987.6,3107.1,352.55,.983,462.9
102,2011,110,1600,12.94,1803.4,1867.4,212.46,.15,108.7
102,2011,110,1700,12.82,1163.1,1193.8,140.7,0,37.89
102,2011,110,1800,12.82,880.04,898.07,107.25,.133,91.4
102,2011,110,1900,12.98,481.82,486.3,60.883,.45,114.9
102,2011,110,2000,13.27,34.574,35.461,5.5369,0,11.91
102,2011,110,2100,13.31,0,0,3.1561,0,5.989
102,2011,110,2200,13.31,0,0,4.1684,0,5.956
102,2011,110,2300,13.17,0,0,4.0654,0,5.956
101,2011,110,2400,11.82,12526,12846,1524.4,2.316
102,2011,110,2400,13.15,0,0,2.6812,0,6.177
102,2011,111,100,13.21,0,0,2.4439,0,5.973
102,2011,111,200,13.2,.00791,0,2.1829,0,6.569
102,2011,111,300,13.15,.09491,0,2.9581,0,6.613
102,2011,111,400,13.44,0,0,2.1752,0,6.619
102,2011,111,500,13.43,.0791,0,1.6215,0,6.619
102,2011,111,600,13.41,.12655,0,1.6373,0,6.619
102,2011,111,700,13.43,.37175,0,1.9695,0,6.619
102,2011,111,800,13.18,51.967,50.287,7.9335,.083,41.92
102,2011,111,900,13.13,433.56,435.86,54.503,.233,105.1
102,2011,111,1000,12.9,1574.3,1576.3,191.96,.883,575
102,2011,111,1100,13.04,2194.5,2228.5,247.25,1,686.8
102,2011,111,1200,13.01,3075.5,3201.3,353.16,1,756
102,2011,111,1300,12.97,2992.9,3143.2,340.9,.816,587.8
102,2011,111,1400,12.92,3274.4,3405.4,377.65,.8,567.6
102,2011,111,1500,12.1,3212.2,3374.3,380.69,.966,663.5
102,2011,111,1600,12.15,2726.3,2881.6,327.79,.866,702
102,2011,111,1700,11.86,2404.3,2492.9,303.11,.95,750
102,2011,111,1800,12.66,1652.8,1656.6,215.17,.933,625.2
102,2011,111,1900,13.18,729.32,711.63,103.92,.883,511.7
102,2011,111,2000,13.23,27.75,29.364,3.8681,0,8.91
102,2011,111,2100,13.27,0,0,2.539,0,6.475
102,2011,111,2200,13.3,0,0,3.0691,0,6.403
102,2011,111,2300,13.32,0,0,4.1053,0,6.508
101,2011,111,2400,11.86,24350,25187,2937.9,9.41
102,2011,111,2400,13.33,0,0,5.2837,0,5.945
102,2011,112,100,13.35,0,0,3.8045,0,5.989
102,2011,112,200,13.37,0,0,4.6902,0,6.045
102,2011,112,300,13.38,0,0,2.2541,0,6.607
102,2011,112,400,13.39,0,0,2.6653,0,6.618
102,2011,112,500,13.41,0,0,2.1117,0,6.618
102,2011,112,600,12.93,.41918,0,3.3297,0,6.618
102,2011,112,700,13.42,1.1627,0,1.9299,0,6.618
102,2011,112,800,13.02,46.751,46.338,8.9295,0,7.11
102,2011,112,900,13.35,421.27,429.9,55.086,.117,49.39
102,2011,112,1000,13.32,1386.6,1401.3,173.18,1,368.7
102,2011,112,1100,13.28,1545.2,1585.5,188.28,.483,132.3
102,2011,112,1200,13.28,1065.5,1093.9,126.78,0,20.9
102,2011,112,1300,13.3,861.4,880.79,99.335,0,15.45
102,2011,112,1400,13.23,1267.3,1288.1,146.75,.017,31.81
102,2011,112,1500,13.17,646.41,658.15,75.536,0,11.97
102,2011,112,1600,13.28,129.19,126.86,11.738,0,6.668
102,2011,112,1700,13.31,195.06,195.62,18.713,0,7.08
102,2011,112,1800,12.87,363.89,366.48,42.456,0,13.31
102,2011,112,1900,13.33,329.42,329.79,42.338,0,18.72
102,2011,112,2000,13.34,21.742,19.365,6.9601,0,7.21
102,2011,112,2100,13.37,0,0,3.7884,0,6.624
102,2011,112,2200,13.03,0,0,3.6621,0,6.624
102,2011,112,2300,12.95,0,0,2.9186,0,6.636
101,2011,112,2400,12.87,8281.3,8422.1,1030.8,1.616
102,2011,112,2400,13.42,0,0,3.5515,0,6.625
102,2011,113,100,13.42,0,0,2.3177,0,6.62
102,2011,113,200,13.43,0,0,2.4443,0,6.62
102,2011,113,300,13.43,.02373,0,1.9855,0,6.62
102,2011,113,400,13.43,.03164,0,2.2307,0,6.615
102,2011,113,500,13.43,.22149,0,3.0059,0,6.62
102,2011,113,600,13.43,0,0,2.7053,0,6.62
102,2011,113,700,13.43,.0791,0,2.1199,0,6.62
102,2011,113,800,13.41,36.103,35.677,5.8853,0,6.62
102,2011,113,900,13.42,228.97,231.04,26.807,0,10.39
102,2011,113,1000,13.4,345.88,350.45,37.61,0,10.25
102,2011,113,1100,13.38,576.22,581.13,63.927,0,12.08
102,2011,113,1200,13.35,939.14,953.28,113.02,0,10.46
102,2011,113,1300,13.27,2084.5,2131.3,246.36,.117,53.03
102,2011,113,1400,13.24,1945.4,2004.3,221.44,0,14.17
102,2011,113,1500,13.22,1421.8,1467.8,159.22,0,28.54
102,2011,113,1600,13.19,1456.8,1500.1,170.61,.35,88.1
102,2011,113,1700,13.19,1490.3,1534.6,172.92,.9,170.2
102,2011,113,1800,13.14,1259.4,1282,151.96,.966,269.1
102,2011,113,1900,13.19,336.4,343.36,39.115,0,58.35
102,2011,113,2000,13.25,29.211,28.894,5.4893,.033,26.28
102,2011,113,2100,13.32,0,0,3.0373,0,5.377
102,2011,113,2200,13.29,0,0,3.2507,0,5.322
102,2011,113,2300,13.31,.01582,0,3.1795,0,5.372
101,2011,113,2400,13.14,12150,12444,1444.2,2.366
102,2011,113,2400,13.33,0,0,3.504,0,5.394
102,2011,114,100,13.35,.02373,0,3.1798,0,5.367
102,2011,114,200,13.36,.06328,0,3.0136,0,5.427
102,2011,114,300,13.37,0,0,3.0215,0,5.522
102,2011,114,400,13.39,0,0,2.7446,0,5.527
102,2011,114,500,13.4,.01582,0,2.7844,0,5.633
102,2011,114,600,13.41,.11866,0,2.1833,0,5.649
102,2011,114,700,13.41,.78312,0,1.9301,0,5.666
102,2011,114,800,12.76,74.429,71.481,10.434,.333,88.9
102,2011,114,900,12.97,800.69,743.12,103.7,1,510.7
102,2011,114,1000,13.17,1658.1,1663.4,200.85,1,646.5
102,2011,114,1100,13.17,2430.3,2463.5,279.04,1,766
102,2011,114,1200,13.14,2994.7,3122,342.88,.983,750
102,2011,114,1300,13.02,3036.1,3183,342.14,.866,612.1
102,2011,114,1400,12.93,2541.5,2628.8,296.41,.55,329.9
102,2011,114,1500,12.94,2371.2,2479.7,284.55,.55,424.6
102,2011,114,1600,12.93,2534.4,2674.5,305.81,.883,527
102,2011,114,1700,12.89,1980.6,2042.4,249.11,.883,508.1
102,2011,114,1800,12.59,602.88,602.75,77.143,.2,95
102,2011,114,1900,12.76,373.72,363.64,59.089,.233,111.9
102,2011,114,2000,13.21,26.631,20.739,12.9,.05,25.15
102,2011,114,2100,13.26,.83054,0,6.5889,0,5.962
102,2011,114,2200,12.85,.27684,0,5.7424,0,5.62
102,2011,114,2300,12.9,.14237,0,6.5648,0,5.399
101,2011,114,2400,12.59,21428,22059,2606.6,8.53
102,2011,114,2400,12.95,.05536,0,4.8405,0,5.377
102,2011,115,100,12.75,0,0,3.0373,0,5.295
102,2011,115,200,12.61,0,0,2.3809,0,5.295
102,2011,115,300,12.59,0,0,2.7131,0,5.295
102,2011,115,400,12.58,0,0,2.278,0,5.301
102,2011,115,500,12.58,0,0,2.191,0,5.422
102,2011,115,600,12.58,0,0,2.2147,0,5.875
102,2011,115,700,12.58,0,0,1.9141,0,5.792
102,2011,115,800,12.5,48.406,47.967,6.9682,0,9.5
102,2011,115,900,12.56,301.99,303.28,33.015,0,8.14
102,2011,115,1000,13.13,736.2,749.65,83.543,0,25.95
102,2011,115,1100,13.21,1470.1,1498.8,163.04,.317,108.6
102,2011,115,1200,13.17,1663.7,1709.7,181.5,.3,84.3
102,2011,115,1300,13.14,2257,2329.7,248.32,.317,93.8
102,2011,115,1400,13.19,1806.7,1860.3,203.73,.083,45.34
102,2011,115,1500,13.18,2025.9,2088.2,229.15,.167,85.1
102,2011,115,1600,13.17,2127.9,2202.9,245.5,.933,220
102,2011,115,1700,13.17,1441.1,1481.7,170.9,1,341.2
102,2011,115,1800,13.19,1504,1509.2,192.26,1,565.5
102,2011,115,1900,13.2,345.7,341.99,43.703,.75,181.6
102,2011,115,2000,13.23,26.165,26.321,3.8678,.017,11.95
102,2011,115,2100,13.28,0,0,4.1368,0,6.127
102,2011,115,2200,13.31,0,0,3.7412,0,5.377
102,2011,115,2300,13.33,.00791,0,4.6744,0,5.295
101,2011,115,2400,12.5,15755,16150,1838,4.881
102,2011,115,2400,13.35,0,0,3.1953,0,5.295
102,2011,116,100,13.36,.03164,0,2.4519,0,5.311
102,2011,116,200,13.37,.09492,0,2.3333,0,5.366
102,2011,116,300,13.38,.21357,0,3.2509,0,5.317
102,2011,116,400,13.38,0,0,2.9266,0,5.3
102,2011,116,500,13.39,0,0,2.3255,0,5.599
102,2011,116,600,13.4,.04746,0,2.5073,0,5.411
102,2011,116,700,13.4,.14237,0,2.9898,0,5.384
102,2011,116,800,12.76,88.76,102.28,12.331,.217,46.09
102,2011,116,900,12.7,461.68,460.37,53.43,.183,65.83
102,2011,116,1000,12.69,1034,1051.4,120.8,.283,108.3
102,2011,116,1100,12.7,1472.6,1503.7,173.15,.583,125.9
102,2011,116,1200,12.71,3087.8,3219.7,345.63,1,629.6
102,2011,116,1300,12.72,3448.9,3636.3,369.96,1,728
102,2011,116,1400,12.74,3303.9,3452.7,363.32,.816,581.3
102,2011,116,1500,12.76,3376.1,3543.5,395.92,1,744
102,2011,116,1600,12.77,3041,3215.1,364.22,.983,789
102,2011,116,1700,12.76,2178.3,2263.3,266.07,.966,685.9
102,2011,116,1800,12.76,1106.6,1119.2,138.03,.85,370.5
102,2011,116,1900,13.12,298.8,303.52,36.334,.1,78.6
102,2011,116,2000,13.23,25.859,26.334,4.1687,0,11.5
102,2011,116,2100,13.28,.00791,0,2.5231,0,6.601
102,2011,116,2200,13.34,.01582,0,4.3109,0,6.497
102,2011,116,2300,13.36,.06328,0,4.2634,0,5.874
101,2011,116,2400,12.69,22925,23897,2676.9,7.98
102,2011,116,2400,13.38,0,0,3.6622,0,5.377
102,2011,117,100,13.4,0,0,3.7491,0,5.465
102,2011,117,200,13.42,0,0,2.4202,0,5.796
102,2011,117,300,13.43,0,0,2.3411,0,5.978
102,2011,117,400,13.44,0,0,3.6384,0,5.934
102,2011,117,500,13.46,0,0,2.6419,0,5.659
102,2011,117,600,13.47,0,0,2.4283,0,6.486
102,2011,117,700,13.48,.30057,0,2.4995,0,6.625
102,2011,117,800,13.47,25.912,25.289,4.8012,0,6.647
102,2011,117,900,13.42,518.73,509.56,64.298,.6,189.4
102,2011,117,1000,13.42,265.76,272.99,31.25,0,10.43
102,2011,117,1100,12.89,1194.4,1211,131.89,.183,114.4
102,2011,117,1200,13.3,2053.3,2115.2,227.51,.433,259.1
102,2011,117,1300,13.32,210.25,215.69,21.364,0,13.04
102,2011,117,1400,13.33,623.37,633.2,60.733,0,44.63
102,2011,117,1500,13.32,1289,1313.7,146.22,0,16.96
102,2011,117,1600,13.28,1661.4,1699.5,196.82,.367,102.5
102,2011,117,1700,13.25,2496.9,2565.2,302.18,1,666.1
102,2011,117,1800,13.25,1762.1,1755.7,219.57,1,794
102,2011,117,1900,13.27,720.65,708.86,96.806,.966,494
102,2011,117,2000,13.31,21.665,25.153,3.3221,.067,26.84
102,2011,117,2100,13.35,0,0,3.0216,0,5.956
102,2011,117,2200,13.39,0,0,2.8554,0,5.863
102,2011,117,2300,13.41,0,0,4.0258,0,6.403
101,2011,117,2400,12.89,12844,13051,1539.3,4.615
102,2011,117,2400,13.43,0,0,2.8947,0,6.078
102,2011,118,100,13.44,0,0,2.0485,0,5.956
102,2011,118,200,13.46,.06328,0,1.7638,0,5.598
102,2011,118,300,13.46,.18984,0,2.0091,0,5.571
102,2011,118,400,13.44,.46667,0,2.2622,0,5.56
102,2011,118,500,13.42,.02373,0,1.7006,0,5.576
102,2011,118,600,13.45,0,0,2.3729,0,5.631
102,2011,118,700,13.44,1.0915,.6624,2.8395,0,5.786
102,2011,118,800,13.45,7.7277,6.5658,1.1073,0,6.619
102,2011,118,900,13.46,54.133,53.247,4.1841,0,6.619
102,2011,118,1000,13.45,224.45,226.79,20.391,0,6.619
102,2011,118,1100,13.44,464.35,470.6,44.935,0,7.37
102,2011,118,1200,13.4,1130.3,1147.4,119.53,0,29.72
102,2011,118,1300,13.35,1427.6,1452.1,161.03,0,15.68
102,2011,118,1400,13.31,2169.2,2225,246.78,.2,71.7
102,2011,118,1500,13.3,983.98,1004.5,117.43,0,12.67
102,2011,118,1600,13.33,738.67,752.28,86.424,0,5.956
102,2011,118,1700,13.32,1002.9,1027.5,119.74,0,20
102,2011,118,1800,13.32,585.89,600.3,69.133,0,40.97
102,2011,118,1900,12.94,337.63,339.06,41.219,.117,100
102,2011,118,2000,13.29,32.977,34.555,5.4657,0,9.4
102,2011,118,2100,13.33,0,0,2.8474,0,5.399
102,2011,118,2200,13.35,0,0,3.132,0,5.394
102,2011,118,2300,13.35,.01582,.02922,2.5467,0,5.421
101,2011,118,2400,12.94,9161.8,9340.6,1062.6,.317
102,2011,118,2400,13.35,0,0,1.7163,0,5.388
102,2011,119,100,13.37,0,0,2.3885,0,5.355
102,2011,119,200,13.38,0,0,1.7084,0,5.366
102,2011,119,300,13.38,0,0,1.6373,0,5.399
102,2011,119,400,13.38,0,0,1.8904,0,5.361
102,2011,119,500,13.45,0,0,2.3729,0,5.328
102,2011,119,600,13.46,.05537,0,2.0011,0,5.295
102,2011,119,700,13.46,.68812,0,1.2734,0,5.301
102,2011,119,800,13.46,29.897,29.584,3.8598,0,5.295
102,2011,119,900,13.42,434.8,441.07,47.299,.267,92.7
102,2011,119,1000,13.33,1429.9,1431.2,167.86,.916,513.1
102,2011,119,1100,13.26,2057.8,2098.3,224.64,.75,481.4
102,2011,119,1200,13.23,2616.1,2724.8,285.09,.933,545.5
102,2011,119,1300,13.2,2676.9,2793.6,291.03,.933,509.4
102,2011,119,1400,13.16,3378.2,3534.8,361.27,.95,606.6
102,2011,119,1500,13.14,3241.1,3458.3,367.71,.933,721
102,2011,119,1600,13.13,2467.6,2643.7,291.12,.683,529.3
102,2011,119,1700,13.17,959.33,1004.7,121.94,.2,171.4
102,2011,119,1800,13.15,222.94,222.8,30.889,0,24.03
102,2011,119,1900,13.31,159.69,158.63,23.556,0,7.5
102,2011,119,2000,13.33,12.98,10.044,7.538,0,5.94
102,2011,119,2100,12.78,0,0,4.6824,0,5.642
102,2011,119,2200,12.76,0,0,3.8044,0,5.51
102,2011,119,2300,12.75,0,0,3.2427,0,5.763
101,2011,119,2400,12.75,19688,20552,2252.1,6.564
102,2011,119,2400,12.75,0,0,3.3218,0,5.73
102,2011,120,100,12.74,0,0,2.2066,0,5.796
102,2011,120,200,12.74,0,0,2.262,0,5.763
102,2011,120,300,12.73,0,0,1.9378,0,5.725
102,2011,120,400,12.73,0,0,2.7051,0,5.499
102,2011,120,500,12.73,0,0,3.5594,0,5.394
102,2011,120,600,12.71,0,0,3.2192,0,5.361
102,2011,120,700,12.71,0,0,2.444,0,5.422
102,2011,120,800,12.71,85.841,82.85,12.141,.15,47.55
102,2011,120,900,12.71,744.7,747.13,97.968,1,361.1
102,2011,120,1000,12.73,1654.5,1655.7,202.66,1,564.2
102,2011,120,1100,12.75,2086.7,2140.8,238.46,.983,501.8
102,2011,120,1200,12.76,2644.3,2758.1,304.94,.966,568
102,2011,120,1300,12.78,3082.3,3236.1,349.1,.933,614.1
102,2011,120,1400,12.8,2852.6,2981.6,328.35,.766,349
102,2011,120,1500,12.8,2229.2,2343.9,267.87,.6,268.5
102,2011,120,1600,12.79,909.17,944.24,109.05,.067,41.44
102,2011,120,1700,12.78,1062.1,1099.3,137.95,.466,182.6
102,2011,120,1800,12.76,423.26,429.6,53.193,0,9.46
102,2011,120,1900,12.75,77.139,76.359,12.759,0,5.978
102,2011,120,2000,12.74,8.7008,8.2416,6.0351,0,5.923
102,2011,120,2100,12.73,0,0,5.1886,0,5.515
102,2011,120,2200,12.72,0,0,4.8404,0,5.295
102,2011,120,2300,12.72,0,0,3.3218,0,5.295
101,2011,120,2400,12.71,17861,18504,2154.4,6.931
102,2011,120,2400,12.71,0,0,2.2225,0,5.295
102,2011,121,100,12.71,0,0,2.6891,0,5.295
102,2011,121,200,12.71,0,0,2.7603,0,5.295
102,2011,121,300,12.71,0,0,2.3175,0,5.295
102,2011,121,400,12.7,0,0,2.2147,0,5.295
102,2011,121,500,12.7,0,0,2.2701,0,5.301
102,2011,121,600,12.69,0,0,2.5706,0,5.312
102,2011,121,700,12.69,0,0,2.539,0,5.323
102,2011,121,800,12.69,48.722,48.979,7.332,0,5.417
102,2011,121,900,12.69,267.6,271.95,32.295,0,6.525
102,2011,121,1000,12.7,1139.6,1159.2,142.68,.716,204.1
102,2011,121,1100,12.71,2019.2,2067.9,243.03,1,446.2
102,2011,121,1200,13.23,1955.3,2027,238.7,.75,252.1
102,2011,121,1300,13.18,2013.5,2091.3,245.77,.45,160.3
102,2011,121,1400,13.11,401.47,412.65,41.781,0,23.06
102,2011,121,1500,13.31,359.58,364.37,35.357,0,6.111
102,2011,121,1600,13.32,487.84,493.41,55.74,0,5.377
102,2011,121,1700,13.3,1079.8,1101.8,137.28,.333,97.7
102,2011,121,1800,13.29,1001.4,1010.7,130.72,1,225
102,2011,121,1900,13.3,361.68,366.99,45.803,.233,84
102,2011,121,2000,13.3,21.712,22.873,4.912,0,6.381
102,2011,121,2100,13.34,0,0,3.5989,0,5.295
102,2011,121,2200,13.37,0,0,2.2462,0,5.295
102,2011,121,2300,13.39,.01582,0,2.2778,0,5.295
101,2011,121,2400,12.69,11158,11439,1389,4.482
102,2011,121,2400,13.41,.30055,0,2.1671,0,5.295
102,2011,122,100,13.42,.11864,0,2.1908,0,5.295
102,2011,122,200,13.43,0,0,2.1197,0,5.295
102,2011,122,300,13.44,.00791,0,2.096,0,5.295
102,2011,122,400,13.44,.0791,0,2.5549,0,5.295
102,2011,122,500,13.45,.13446,0,1.9458,0,5.295
102,2011,122,600,13.45,.45876,0,2.3096,0,5.295
102,2011,122,700,13.44,1.2893,.1169,4.1209,0,5.295
102,2011,122,800,13.44,19.442,18.898,4.8169,0,5.35
102,2011,122,900,13.37,129.64,132.09,17.021,0,6.309
102,2011,122,1000,13.38,337.41,346.94,40.709,0,7.05
102,2011,122,1100,13.35,561.04,577.22,65.646,0,8.67
102,2011,122,1200,13.33,973.49,995.2,115.73,0,22.25
102,2011,122,1300,13.28,1878.7,1935.4,227.92,.05,34.05
102,2011,122,1400,13.25,1463,1512.9,175.16,.067,36.71
102,2011,122,1500,13.24,1845.5,1914.2,230.49,.267,104.4
102,2011,122,1600,13.23,1746.7,1814.2,220.35,.317,124.7
102,2011,122,1700,13.01,1388.9,1434.6,179.62,.666,207.1
102,2011,122,1800,12.89,1403.9,1411.6,193.49,1,495.2
102,2011,122,1900,13.09,541.67,531.14,77.561,.65,309.9
102,2011,122,2000,12.77,35.609,36.735,8.2418,.1,35.3
102,2011,122,2100,12.73,0,0,1.8825,0,5.295
102,2011,122,2200,13.26,.11073,0,2.1671,0,5.295
102,2011,122,2300,13.28,.31637,0,2.1513,0,5.295
101,2011,122,2400,12.73,12328,12661,1583.3,3.115
102,2011,122,2400,13.28,.14236,0,3.0292,0,5.295
102,2011,123,100,13.29,.00791,0,2.6258,0,5.295
102,2011,123,200,13.31,.00791,0,2.001,0,5.35
102,2011,123,300,13.33,0,0,2.1435,0,5.4
102,2011,123,400,13.33,.01582,0,2.3334,0,5.411
102,2011,123,500,13.34,.00791,0,2.7051,0,5.455
102,2011,123,600,13.35,.20565,0,3.2033,0,5.439
102,2011,123,700,13.36,.25311,0,2.6102,0,5.516
102,2011,123,800,13.36,78.055,80.624,11.817,.1,39.01
102,2011,123,900,13.31,632.27,593.15,85.099,1,289.8
102,2011,123,1000,13.27,903.1,921.11,119.57,.466,189.5
102,2011,123,1100,13.19,1659.5,1693.4,207.73,.666,257.5
102,2011,123,1200,13.13,2501.9,2609.8,301.36,1,488.9
102,2011,123,1300,13.09,3099.6,3242.8,378.08,1,548
102,2011,123,1400,13.07,2421.6,2524.1,300.25,.533,293.1
102,2011,123,1500,13.07,2354.1,2476.4,297.38,.516,321.1
102,2011,123,1600,13.11,3206.9,3393.1,426.27,.983,636.2
102,2011,123,1700,13.11,1982.4,2069.4,266.64,.966,381.6
102,2011,123,1800,13.16,1222.4,1242.8,171.5,.933,274.6
102,2011,123,1900,13.18,468.62,474.4,65.7,.3,112.6
102,2011,123,2000,12.79,18.192,18.811,3.7571,0,5.961
102,2011,123,2100,12.76,0,0,3.781,0,5.295
102,2011,123,2200,12.75,0,0,3.7096,0,5.295
102,2011,123,2300,12.75,.01582,0,3.7649,0,5.295
101,2011,123,2400,12.75,20549,21340,2667.3,8.46
102,2011,123,2400,13.29,0,0,3.2269,0,5.295
102,2011,124,100,13.35,.00791,0,2.9027,0,5.295
102,2011,124,200,13.36,0,0,1.9537,0,5.322
102,2011,124,300,13.36,0,0,2.2306,0,5.565
102,2011,124,400,13.38,.01582,0,1.7639,0,5.499
102,2011,124,500,13.39,.01582,0,2.1435,0,5.533
102,2011,124,600,13.4,.00791,0,2.1198,0,5.494
102,2011,124,700,13.4,.00791,0,2.1118,0,5.577
102,2011,124,800,13.41,46.112,43.047,7.3083,.05,14.08
102,2011,124,900,13.33,713.62,664.74,99.699,.816,333.9
102,2011,124,1000,13.25,1355.4,1370.9,185.08,1,466.1
102,2011,124,1100,13.16,2467.6,2531.6,307.83,1,709
102,2011,124,1200,13.12,2985.3,3126.3,364.52,.933,656.8
102,2011,124,1300,13.1,2068.9,2158.8,260.95,.433,308.2
102,2011,124,1400,13.11,3371.1,3527.1,420.81,.85,556.5
102,2011,124,1500,13.08,3280.6,3501.9,416.46,.983,783
102,2011,124,1600,13.08,1992.7,2116.2,256.67,.716,417.1
102,2011,124,1700,12.83,1641.8,1711.7,228.47,.766,451.7
102,2011,124,1800,13.13,1299.8,1310.4,188.34,.9,488.3
102,2011,124,1900,13.17,155.29,159.34,18.55,0,26
102,2011,124,2000,13.23,12.134,12.226,3.1876,0,7.21
102,2011,124,2100,13.27,0,0,2.4283,0,5.383
102,2011,124,2200,13.3,0,0,2.4679,0,5.361
102,2011,124,2300,13.33,0,0,1.9062,0,5.311
101,2011,124,2400,12.83,21390,22234,2782.5,8.45
102,2011,124,2400,13.34,0,0,2.6497,0,5.339
102,2011,125,100,13.35,.00791,0,3.0767,0,5.344
102,2011,125,200,12.91,.19773,0,3.6066,0,5.328
102,2011,125,300,12.76,0,0,2.2383,0,5.295
102,2011,125,400,12.75,0,0,2.7919,0,5.295
102,2011,125,500,12.75,0,0,2.5151,0,5.295
102,2011,125,600,12.75,0,0,2.1276,0,5.295
102,2011,125,700,12.75,0,0,1.9221,0,5.295
102,2011,125,800,12.74,37.548,37.321,7.198,0,8
102,2011,125,900,12.73,420.72,429.39,60.247,0,36.34
102,2011,125,1000,12.74,1496.4,1513.4,206.85,.6,358.4
102,2011,125,1100,12.74,1807.5,1866,236.55,.716,217.7
102,2011,125,1200,12.76,2490,2604.9,323.64,.833,407.9
102,2011,125,1300,12.78,1967,2059.2,256.86,.383,204.6
102,2011,125,1400,12.77,978.35,1010.5,133.83,.017,40.48
102,2011,125,1500,12.77,1753.6,1839.7,230.54,.383,208.6
102,2011,125,1600,12.76,386.79,394.42,54.25,0,10.58
102,2011,125,1700,12.74,326.35,334.33,45.934,0,23.42
102,2011,125,1800,12.73,559.9,575.43,79.273,0,34.45
102,2011,125,1900,13.24,586.55,590.67,91.408,.466,148.4
102,2011,125,2000,13.25,60.646,61.307,12.158,.117,32.27
102,2011,125,2100,13.27,0,0,1.9458,0,5.311
102,2011,125,2200,13.3,.04746,0,3.1796,0,5.295
102,2011,125,2300,13.33,.66439,0,2.9344,0,5.295
101,2011,125,2400,12.73,12873,13317,1767.3,3.515
102,2011,125,2400,13.34,.41919,0,2.2304,0,5.3
102,2011,126,100,13.35,0,0,2.2383,0,5.295
102,2011,126,200,13.37,.09491,0,3.0845,0,5.295
102,2011,126,300,13.38,.03164,0,2.4677,0,5.295
102,2011,126,400,13.39,.01582,0,1.8034,0,5.295
102,2011,126,500,12.92,.25311,0,1.7164,0,5.295
102,2011,126,600,13.4,.42713,0,2.4916,0,5.295
102,2011,126,700,13.4,.10283,0,2.191,0,5.295
102,2011,126,800,12.8,63.334,63.809,9.998,0,6.806
102,2011,126,900,12.79,372.39,379.56,52.022,.1,31.75
102,2011,126,1000,12.76,1611,1634,228.98,.966,326.1
102,2011,126,1100,12.79,1097.3,1124.1,142.42,.233,84.4
102,2011,126,1200,12.79,2002.5,2091.8,259.75,.783,373.2
102,2011,126,1300,12.79,2917.5,3053.7,379.11,.8,526.7
102,2011,126,1400,12.78,2962.2,3094.6,396.85,.683,455.7
102,2011,126,1500,12.78,2197.2,2325,296.24,.716,373.1
102,2011,126,1600,12.78,1605.4,1691.2,224.5,.317,170.4
102,2011,126,1700,13.12,1890,1967.1,276.73,.766,391.2
102,2011,126,1800,13.15,584.3,604.12,78.978,.183,67.93
102,2011,126,1900,12.85,131.34,136.74,17.18,0,8.15
102,2011,126,2000,13.23,16.388,16.706,3.1638,0,5.956
102,2011,126,2100,13.26,0,0,1.6848,0,5.956
102,2011,126,2200,13.3,0,0,2.4442,0,5.84
102,2011,126,2300,13.31,0,0,2.7605,0,5.306
101,2011,126,2400,12.76,17452,18182,2392.3,5.548
102,2011,126,2400,13.33,0,0,3.5197,0,5.295
102,2011,127,100,13.35,.00791,0,2.4993,0,5.295
102,2011,127,200,13.37,.01582,0,3.1241,0,5.295
102,2011,127,300,13.38,.03164,0,2.3885,0,5.581
102,2011,127,400,13.38,.11865,0,2.452,0,5.311
102,2011,127,500,13.4,.05537,0,2.8238,0,5.301
102,2011,127,600,13.4,.15028,0,2.2068,0,5.301
102,2011,127,700,13.42,.69604,0,2.8791,0,5.312
102,2011,127,800,13.41,63.893,71.395,11.991,.267,60.36
102,2011,127,900,13.33,704.73,696.86,106.79,1,377.2
102,2011,127,1000,13.28,1543,1541.4,222.85,1,558.3
102,2011,127,1100,12.83,2311.8,2369.7,303.7,1,684
102,2011,127,1200,13.16,2820.6,2961.9,366.18,1,702
102,2011,127,1300,13.13,3248,3417.2,416.88,.983,729
102,2011,127,1400,13.12,3493,3666.1,449.27,.983,714
102,2011,127,1500,13.12,3240.9,3460.5,431.76,.933,676.2
102,2011,127,1600,13.11,2723.9,2910.9,378.3,.95,697.7
102,2011,127,1700,13.1,2184.3,2308,317.26,.833,623.1
102,2011,127,1800,13.12,577.57,595.18,81.526,.1,64.16
102,2011,127,1900,13.2,264.93,268.94,38.577,.083,43.01
102,2011,127,2000,13.22,12.134,12.489,3.0373,0,5.818
102,2011,127,2100,13.25,.09492,0,2.3097,0,5.361
102,2011,127,2200,13.28,.05537,0,2.0487,0,5.311
102,2011,127,2300,13.29,.00791,0,1.5504,0,5.322
101,2011,127,2400,12.83,23190,24281,3154.4,9.13
102,2011,127,2400,13.3,.04746,0,2.0012,0,5.339
102,2011,128,100,13.31,0,0,1.5424,0,5.311
102,2011,128,200,13.32,0,0,1.661,0,5.295
102,2011,128,300,13.33,0,0,2.2068,0,5.295
102,2011,128,400,13.34,.00791,0,1.7559,0,5.295
102,2011,128,500,13.35,0,0,1.7796,0,5.295
102,2011,128,600,13.35,0,0,2.0959,0,5.295
102,2011,128,700,13.37,.19773,0,1.8744,0,5.295
102,2011,128,800,13.37,37.283,36.246,6.2719,0,7.82
102,2011,128,900,13.31,587.77,579,90.6,.616,241.9
102,2011,128,1000,13.23,1560.6,1591.9,229.45,1,555.6
102,2011,128,1100,13.22,1781.3,1827.9,249.88,.783,375.1
102,2011,128,1200,13.18,2294,2389.3,322.43,.75,421.5
102,2011,128,1300,13.16,2523.5,2633.5,343.26,.733,462.2
102,2011,128,1400,13.1,3394.2,3552.5,453.27,1,657.1
102,2011,128,1500,13.1,3284.5,3503.1,445.76,1,760
102,2011,128,1600,13.11,2660.5,2845.9,377.94,1,711
102,2011,128,1700,13.1,1786.4,1880.5,265.3,1,498.4
102,2011,128,1800,13.14,596.32,616.63,86.308,.017,62.76
102,2011,128,1900,13.16,258.62,266.77,38.318,0,5.999
102,2011,128,2000,13.21,15.963,16.416,3.3934,0,5.989
102,2011,128,2100,13.25,0,0,1.7005,0,5.653
102,2011,128,2200,13.28,0,0,2.5075,0,5.554
102,2011,128,2300,13.3,.00791,0,3.3933,0,5.769
101,2011,128,2400,13.1,20781,21740,2935.4,7.9
102,2011,128,2400,13.32,.00791,0,2.6893,0,5.934
102,2011,129,100,13.33,0,0,2.5469,0,5.703
102,2011,129,200,13.34,0,0,3.6858,0,5.333
102,2011,129,300,13.36,0,0,3.1716,0,5.295
102,2011,129,400,13.37,0,0,3.8675,0,5.295
102,2011,129,500,13.38,0,0,2.4676,0,5.3
102,2011,129,600,13.4,.01582,0,3.0136,0,5.295
102,2011,129,700,13.41,.00791,0,2.8001,0,5.295
102,2011,129,800,13.4,84.958,96.637,14.15,.133,44.49
102,2011,129,900,13.32,654.57,630.88,102.44,.933,294
102,2011,129,1000,13.23,1556.7,1575.8,227.9,1,537.1
102,2011,129,1100,13.04,2301.9,2357.2,315.82,1,651.7
102,2011,129,1200,13.01,2585.5,2698.9,359.21,.85,530.1
102,2011,129,1300,13,2992.8,3133.8,401.38,.816,565.1
102,2011,129,1400,13,2616.9,2736,359.28,.616,395.8
102,2011,129,1500,13,2139,2257.9,297.17,.516,346
102,2011,129,1600,13.15,1001.1,1016.2,145.41,.033,37.87
102,2011,129,1700,13.25,315.6,316.26,50.084,0,6.298
102,2011,129,1800,13.26,313.39,316.84,49.979,0,6.21
102,2011,129,1900,13.25,194.36,198.48,29.336,0,5.956
102,2011,129,2000,13.27,10.844,11.155,2.8239,0,5.945
102,2011,129,2100,13.3,0,0,2.3651,0,5.918
102,2011,129,2200,13.33,0,0,2.9266,0,5.802
102,2011,129,2300,13.34,0,0,2.7287,0,5.295
101,2011,129,2400,13,16768,17346,2386.7,5.898
102,2011,129,2400,13.36,0,0,2.1196,0,5.295
102,2011,130,100,13.38,0,0,2.1513,0,5.295
102,2011,130,200,13.38,0,0,2.4282,0,5.295
102,2011,130,300,13.4,0,0,1.7955,0,5.301
102,2011,130,400,13.41,0,0,2.4283,0,5.4
102,2011,130,500,13.42,0,0,3.1085,0,5.869
102,2011,130,600,13.43,0,0,2.1277,0,5.869
102,2011,130,700,13.43,0,0,2.2621,0,5.925
102,2011,130,800,13.43,87.441,85.054,14.174,.167,53.67
102,2011,130,900,13.36,663.97,666.29,99.518,1,270.3
102,2011,130,1000,13.23,1569.8,1585,233.59,1,478.9
102,2011,130,1100,13.02,2314.6,2370.1,320.36,.983,533.9
102,2011,130,1200,12.88,2600.7,2719.5,363.24,.733,434.4
102,2011,130,1300,12.76,1271.3,1324.5,170.04,.317,152.6
102,2011,130,1400,13.07,1710.4,1752.9,241.35,.433,115.5
102,2011,130,1500,12.88,879.75,901.18,123.77,.1,49.78
102,2011,130,1600,12.71,726.56,748.15,95.067,0,21.68
102,2011,130,1700,13.05,1517.2,1560.7,229.53,.666,322.1
102,2011,130,1800,13.14,941.67,948.78,149.15,.683,202.9
102,2011,130,1900,13.16,399.14,401.6,63.024,.283,88.9
102,2011,130,2000,13.19,24.298,25.22,5.1728,0,6.061
102,2011,130,2100,13.11,0,0,2.4125,0,5.366
102,2011,130,2200,12.64,.01582,0,2.6497,0,5.295
102,2011,130,2300,12.6,.09491,0,2.6022,0,5.295
101,2011,130,2400,12.6,14707,15089,2133.9,6.364
102,2011,130,2400,13.2,.15027,0,1.914,0,5.306
102,2011,131,100,13.22,.03955,0,2.3727,0,5.295
102,2011,131,200,13.27,.00791,0,2.2306,0,5.295
102,2011,131,300,13.28,.00791,0,2.3492,0,5.295
102,2011,131,400,13.22,.00791,0,1.6848,0,5.295
102,2011,131,500,13.31,.41131,0,1.6848,0,5.295
102,2011,131,600,13.04,.27684,0,2.5707,0,5.295
102,2011,131,700,13.2,.36384,0,1.8825,0,5.295
102,2011,131,800,13.29,3.3616,2.7569,1.5978,0,5.301
102,2011,131,900,13.29,36.219,35.402,5.9007,0,5.306
102,2011,131,1000,12.95,378.52,381.82,47.972,0,33.25
102,2011,131,1100,13.28,626.84,642.82,90.23,0,21.01
102,2011,131,1200,13.28,170.17,171.22,17.1,0,5.614
102,2011,131,1300,13.36,379.41,383.74,41.215,0,7.85
102,2011,131,1400,13.36,687.52,699.76,89.439,0,12.56
102,2011,131,1500,13.31,1320,1348.8,192.39,.083,33.43
102,2011,131,1600,13.27,1646.6,1681.4,246.85,.483,119.8
102,2011,131,1700,13.26,1339.2,1365.9,209.14,1,169
102,2011,131,1800,13.25,956.91,973.85,151.12,1,167.4
102,2011,131,1900,13.26,597.84,598.22,101.69,.916,297
102,2011,131,2000,12.76,44.45,45.745,9.5545,.15,42.37
102,2011,131,2100,12.72,.1661,0,2.8474,0,5.835
102,2011,131,2200,13.32,0,0,3.4721,0,5.951
102,2011,131,2300,13.32,0,0,3.8044,0,6.166
101,2011,131,2400,12.72,8188.3,8331.5,1231.9,3.632
102,2011,131,2400,13.34,0,0,2.7763,0,5.361
102,2011,132,100,13.35,0,0,2.5232,0,5.312
102,2011,132,200,13.36,0,0,3.1322,0,5.312
102,2011,132,300,13.38,.09492,0,2.8079,0,5.312
102,2011,132,400,13.38,.31639,0,3.0849,0,5.307
102,2011,132,500,13.22,0,0,2.5708,0,5.324
102,2011,132,600,13.4,.02373,0,2.5392,0,5.313
102,2011,132,700,13.4,0,0,2.3968,0,5.34
102,2011,132,800,13.41,79.435,75.191,13.582,0,26.4
102,2011,132,900,13.36,546.6,507.23,80.19,.7,171.1
102,2011,132,1000,13.33,1229.8,1237.2,181.03,.8,298.7
102,2011,132,1100,13.24,2220.2,2272.7,311.35,1,552.7
102,2011,132,1200,13.19,2275.1,2384.2,312.37,.716,448.8
102,2011,132,1300,13.14,3211.4,3365.8,434.04,.966,659.7
102,2011,132,1400,13.14,2383.2,2489,322.88,.616,377.7
102,2011,132,1500,13.13,3003.5,3262.2,416.14,.883,652.4
102,2011,132,1600,13.1,2867.5,3128.3,411.73,.95,760
102,2011,132,1700,13.04,2180.9,2321,331.97,.916,715
102,2011,132,1800,12.93,1639.9,1662.4,266.82,1,739
102,2011,132,1900,12.91,700.34,684.97,127.39,1,570.4
102,2011,132,2000,13.23,16.674,17.487,2.5707,0,12.22
102,2011,132,2100,13.25,0,0,2.6339,0,5.912
102,2011,132,2200,13.28,0,0,2.6893,0,5.918
102,2011,132,2300,13.3,0,0,3.3537,0,5.714
101,2011,132,2400,12.91,22355,23408,3243,9.55
102,2011,132,2400,13.32,0,0,3.2033,0,5.636
102,2011,133,100,13.33,0,0,2.357,0,5.576
102,2011,133,200,13.35,.00791,0,2.4837,0,5.532
102,2011,133,300,13.35,.05537,0,2.4363,0,5.664
102,2011,133,400,13.16,.05537,0,2.3334,0,5.698
102,2011,133,500,13.37,.0791,0,2.6023,0,5.654
102,2011,133,600,13.38,.01582,0,2.2622,0,5.654
102,2011,133,700,13.38,.15819,0,1.8667,0,5.731
102,2011,133,800,13.36,90.675,113.21,15.882,.25,71.3
102,2011,133,900,13.31,728.49,683.29,115.92,1,315
102,2011,133,1000,13.23,1598.8,1608.5,242.95,1,490.7
102,2011,133,1100,13.16,2256.2,2314.6,325.98,1,548.1
102,2011,133,1200,13.12,2687.3,2823.8,385.31,.9,585.9
102,2011,133,1300,13.11,2074.2,2174.5,297.51,.483,293.8
102,2011,133,1400,13.11,2274.6,2375,333.09,.433,241
102,2011,133,1500,13.06,2670.1,2840.8,396.41,.733,478.6
102,2011,133,1600,13.05,2734,2936,410.41,1,717
102,2011,133,1700,13,1962.4,2076,304.35,.866,556.6
102,2011,133,1800,13.02,1419.7,1437.8,236.82,.966,564.4
102,2011,133,1900,13.06,722.01,704.3,134.09,1,540.5
102,2011,133,2000,13.14,56.303,52.928,12.237,.183,54.24
102,2011,133,2100,13.2,0,0,1.7322,0,5.945
102,2011,133,2200,13.24,0,0,2.2227,0,5.89
102,2011,133,2300,12.71,0,0,2.8949,0,5.907
101,2011,133,2400,12.68,21275,22141,3237.6,9.81
102,2011,133,2400,12.68,0,0,3.4485,0,5.929
102,2011,134,100,12.67,0,0,2.9818,0,5.874
102,2011,134,200,12.67,0,0,2.009,0,5.493
102,2011,134,300,12.66,0,0,2.2544,0,5.94
102,2011,134,400,12.65,0,0,2.0012,0,5.863
102,2011,134,500,12.65,0,0,2.6181,0,5.803
102,2011,134,600,12.65,0,0,2.3492,0,5.742
102,2011,134,700,12.64,0,0,1.7559,0,5.676
102,2011,134,800,12.64,117.27,107.82,20.082,.267,60.82
102,2011,134,900,12.65,462.86,460.21,70.699,.183,81.2
102,2011,134,1000,12.66,1571.5,1574.2,245.89,.983,482.9
102,2011,134,1100,13.13,1885.9,1927.9,279.48,.683,312.3
102,2011,134,1200,13.09,2657.9,2759.8,388.39,.933,495.9
102,2011,134,1300,13.04,3297.1,3443.5,463.09,1,692.2
102,2011,134,1400,13.08,3288.8,3439,468.09,.916,620.7
102,2011,134,1500,13.07,2643.8,2809.5,390.9,.783,510.3
102,2011,134,1600,13.07,2295.2,2450,347.86,.833,510.4
102,2011,134,1700,13.06,2333.1,2467.9,372.01,1,768
102,2011,134,1800,13.06,1468.6,1484.8,246.57,.95,622
102,2011,134,1900,13.08,639.14,629.28,114.14,.883,394.4
102,2011,134,2000,13.12,21.381,21.677,3.4409,0,13.27
102,2011,134,2100,13.21,0,0,2.7288,0,5.951
102,2011,134,2200,13.21,0,0,3.0691,0,5.918
102,2011,134,2300,13.22,0,0,2.9188,0,5.874
101,2011,134,2400,12.64,22683,23576,3438.9,9.41
102,2011,134,2400,13.26,0,0,3.6069,0,5.852
102,2011,135,100,13.28,0,0,4.1684,0,5.581
102,2011,135,200,13.29,0,0,2.4678,0,5.725
102,2011,135,300,13.29,0,0,2.0406,0,6.392
102,2011,135,400,13.31,0,0,2.0802,0,5.962
102,2011,135,500,13.33,0,0,2.6893,0,6.171
102,2011,135,600,13.33,0,0,2.1832,0,6.001
102,2011,135,700,13.35,.09492,0,2.1752,0,6.2
102,2011,135,800,13.36,83.899,93.969,15.654,0,32.56
102,2011,135,900,13.28,647.75,634.91,103.7,.75,167.7
102,2011,135,1000,13.21,1424,1448.1,225.52,1,318.2
102,2011,135,1100,13.16,2145.2,2201.6,322.18,1,447.3
102,2011,135,1200,13.13,2638.1,2744.6,393.14,1,482.8
102,2011,135,1300,13.11,3086.3,3221.9,449.98,1,538.9
102,2011,135,1400,13.08,3362.8,3515.2,486.29,.95,578.5
102,2011,135,1500,13.07,2659,2813.7,392.77,.716,453.6
102,2011,135,1600,13.03,2647.4,2824.2,409.31,1,628.9
102,2011,135,1700,13.04,2077.4,2189.2,334.32,.866,580.5
102,2011,135,1800,13.05,628.96,650.32,92.986,.117,117
102,2011,135,1900,13.1,301.93,305.34,46.445,.183,78.7
102,2011,135,2000,12.82,20.963,21.132,3.6309,0,9.5
102,2011,135,2100,12.76,0,0,2.2938,0,5.498
102,2011,135,2200,13.23,0,0,3.5911,0,5.499
102,2011,135,2300,13.25,0,0,3.6781,0,5.714
101,2011,135,2400,12.76,21724,22664,3307.9,8.58
102,2011,135,2400,13.27,0,0,4.6034,0,6.166
102,2011,136,100,13.28,0,0,3.4485,0,5.863
102,2011,136,200,13.3,0,0,1.9615,0,6.227
102,2011,136,300,13.32,0,0,1.5265,0,5.967
102,2011,136,400,13.33,0,0,2.4045,0,5.813
102,2011,136,500,13.34,.02373,0,2.4205,0,5.923
102,2011,136,600,13.35,.16611,0,2.0724,0,6.393
102,2011,136,700,13.35,.02373,0,2.1831,0,6.52
102,2011,136,800,13.35,83.519,80.642,15.574,0,29.74
102,2011,136,900,13.31,543.94,535.82,87.839,.233,109.3
102,2011,136,1000,13.23,1306,1323.5,212.45,.783,245.2
102,2011,136,1100,13.16,2121.2,2168.1,329.87,1,435.5
102,2011,136,1200,13.13,2356.7,2443.7,364.14,1,373.9
102,2011,136,1300,13.08,2814.2,2930.3,425.71,1,404.3
102,2011,136,1400,13.08,2278.4,2373.1,347.7,.5,154.1
102,2011,136,1500,13.08,2378.4,2494.3,374.24,.85,273.1
102,2011,136,1600,13.07,2296.5,2432.4,364.46,1,445.9
102,2011,136,1700,13.09,1814.7,1902.6,297.33,.95,482.8
102,2011,136,1800,13.09,1053.1,1077.8,172.65,.866,284.6
102,2011,136,1900,13.11,269.42,278.68,41.445,0,29.11
102,2011,136,2000,13.15,5.2366,4.238,5.2366,0,6.248
102,2011,136,2100,13.22,2.3493,.55529,4.129,0,6.502
102,2011,136,2200,13.23,.0791,0,3.5436,0,6.204
102,2011,136,2300,13.24,.01582,0,3.1718,0,6.364
101,2011,136,2400,13.07,19324,20046,3068.6,8.18
102,2011,136,2400,13.26,0,0,3.0452,0,5.824
102,2011,137,100,13.26,0,0,4.1762,0,5.796
102,2011,137,200,13.28,.00791,0,2.27,0,6.26
102,2011,137,300,13.29,.01582,0,2.1276,0,6.16
102,2011,137,400,13.29,0,0,2.365,0,6.006
102,2011,137,500,13.3,0,0,2.6815,0,6.326
102,2011,137,600,13.31,0,0,2.9346,0,6.442
102,2011,137,700,13.31,.04746,0,2.1831,0,6.58
102,2011,137,800,13.31,56.001,55.976,10.117,0,6.696
102,2011,137,900,13.35,277.97,282.75,41.29,0,10.69
102,2011,137,1000,13.32,471.04,484.44,73.086,0,12.46
102,2011,137,1100,13.26,1293.2,1322.8,197.47,.45,148.2
102,2011,137,1200,13.19,2314.6,2388.9,350.1,.916,319.3
102,2011,137,1300,12.8,2540.9,2641.6,375.52,.716,290.8
102,2011,137,1400,13.13,2490.7,2595.7,374.78,.666,343.3
102,2011,137,1500,13.12,1891.9,1971.9,290.13,.4,172.8
102,2011,137,1600,13.11,1756.9,1851.3,275.99,.483,366.1
102,2011,137,1700,13.11,2195,2319.3,352.93,1,725
102,2011,137,1800,13.13,1346.4,1365.8,225.08,.933,561.1
102,2011,137,1900,12.96,544.84,542.89,94.844,.833,260.3
102,2011,137,2000,13.16,28.989,30.044,4.7538,0,9.65
102,2011,137,2100,13.18,0,0,1.1548,0,6.64
102,2011,137,2200,13.21,0,0,1.3447,0,6.629
102,2011,137,2300,12.92,0,0,1.7402,0,5.978
101,2011,137,2400,12.8,17209,17853,2691.9,6.397
102,2011,137,2400,12.92,0,0,2.8159,0,5.532
102,2011,138,100,12.94,0,0,3.2429,0,5.896
102,2011,138,200,12.95,0,0,3.2191,0,6.596
102,2011,138,300,13.16,0,0,1.6451,0,6.072
102,2011,138,400,13.15,0,0,1.7717,0,5.896
102,2011,138,500,13.19,.00791,0,1.9931,0,5.807
102,2011,138,600,13.2,.02373,0,1.5186,0,5.841
102,2011,138,700,13.16,.20565,0,1.3446,0,5.846
102,2011,138,800,13.22,33.702,32.867,6.7942,0,5.796
102,2011,138,900,13.32,363.73,368.03,57.518,0,41.48
102,2011,138,1000,13.1,974.02,993.09,157.27,.933,200.2
102,2011,138,1100,12.96,1821.1,1863.4,277.61,1,371.9
102,2011,138,1200,12.95,2437.6,2532.4,363.67,1,505.6
102,2011,138,1300,12.9,2594.1,2698,384.44,.733,432.6
102,2011,138,1400,12.86,2225.1,2315.2,338.68,.466,188.4
102,2011,138,1500,12.9,2684.9,2835.1,409.76,.933,434.1
102,2011,138,1600,12.91,2414.3,2569.7,381.67,.883,566.8
102,2011,138,1700,12.94,1640.7,1722.1,266.04,1,374
102,2011,138,1800,13.07,1284.2,1320,212,.783,257.4
102,2011,138,1900,13.05,669.72,667.21,121.13,.883,303.2
102,2011,138,2000,13.19,28.366,29.763,5.2128,0,14.76
102,2011,138,2100,13.22,0,0,1.6294,0,5.956
102,2011,138,2200,13.24,0,0,2.9346,0,5.852
102,2011,138,2300,13.11,0,0,3.9865,0,5.631
101,2011,138,2400,12.86,19172,19947,3007.8,8.61
102,2011,138,2400,13.13,0,0,2.7447,0,5.94
102,2011,139,100,13.15,0,0,3.061,0,5.984
102,2011,139,200,13.17,0,0,3.14,0,5.956
102,2011,139,300,13.16,0,0,1.6293,0,5.956
102,2011,139,400,13.17,.00791,0,2.1751,0,5.956
102,2011,139,500,13.18,0,0,1.6294,0,5.956
102,2011,139,600,13.18,.00791,0,2.0407,0,5.956
102,2011,139,700,13.19,0,0,1.8825,0,5.995
102,2011,139,800,13.18,46.534,46.06,8.3924,0,8.79
102,2011,139,900,13.16,357.75,363.19,58.231,0,11.05
102,2011,139,1000,13.17,954.6,979.09,152.9,.183,67.74
102,2011,139,1100,13.12,1475,1511.5,227.36,.616,204.5
102,2011,139,1200,13.07,1884.2,1959.3,287.5,.35,106.4
102,2011,139,1300,13.05,1661.4,1725.7,258.09,.233,108.4
102,2011,139,1400,13.07,737.81,755.33,114.59,0,27.22
102,2011,139,1500,13.11,575.07,577.12,97.204,0,30.37
102,2011,139,1600,13.12,977.36,1005.4,160.84,.217,67.04
102,2011,139,1700,13.1,824.05,852.97,127.21,0,11.84
102,2011,139,1800,13.1,551.91,567.01,85.541,0,61.13
102,2011,139,1900,13.14,295.71,302.1,46.111,0,32.52
102,2011,139,2000,13.15,25.025,26.252,5.4654,0,6.607
102,2011,139,2100,12.63,0,0,2.6735,0,5.978
102,2011,139,2200,12.58,0,0,1.8271,0,5.956
102,2011,139,2300,12.71,0,0,2.4044,0,5.956
101,2011,139,2400,12.58,10366,10671,1654,1.599
102,2011,139,2400,12.62,0,0,2.1038,0,5.956
102,2011,140,100,12.69,0,0,1.6767,0,5.956
102,2011,140,200,12.67,0,0,1.1864,0,5.956
102,2011,140,300,12.65,0,0,1.6214,0,5.956
102,2011,140,400,12.55,0,0,1.7401,0,5.957
102,2011,140,500,12.6,0,0,1.9537,0,5.957
102,2011,140,600,12.64,0,0,1.0362,0,5.957
102,2011,140,700,12.62,0,0,1.1311,0,5.957
102,2011,140,800,12.6,27.241,27.306,5.2758,0,6.177
102,2011,140,900,12.4,305.15,311.75,47.758,.033,32.05
102,2011,140,1000,13.22,1076.9,1100.8,169.79,.783,174.4
102,2011,140,1100,13.02,1033.9,1064.9,157.64,.217,78.2
102,2011,140,1200,13.17,811.65,839.25,123.83,0,22.83
102,2011,140,1300,13.24,2318.5,2400.9,357.94,.45,170.8
102,2011,140,1400,13.24,1326.1,1374.3,207.42,.083,50.01
102,2011,140,1500,12.99,3050.9,3207.2,469.07,1,446.7
102,2011,140,1600,12.96,2155.5,2274.1,335.46,.9,376.8
102,2011,140,1700,13.05,2146.1,2262.2,350.13,.933,646.7
102,2011,140,1800,12.93,1664.3,1693,283.72,.966,652
102,2011,140,1900,13.16,637.26,629.78,115.14,.666,384.2
102,2011,140,2000,13.18,20.794,21.879,3.6226,.017,15.65
102,2011,140,2100,13.21,0,0,1.0758,0,6.067
102,2011,140,2200,12.72,0,0,1.1865,0,5.956
102,2011,140,2300,12.69,0,0,2.3017,0,5.956
101,2011,140,2400,12.4,16574,17208,2645,6.048
102,2011,140,2400,12.68,0,0,3.2429,0,5.962
102,2011,141,100,12.67,0,0,3.1479,0,5.978
102,2011,141,200,12.66,0,0,3.2665,0,5.962
102,2011,141,300,12.65,0,0,2.9975,0,6.072
102,2011,141,400,12.64,0,0,3.3378,0,6.045
102,2011,141,500,12.64,0,0,3.931,0,6.001
102,2011,141,600,12.63,0,0,2.982,0,5.973
102,2011,141,700,12.62,0,0,2.4916,0,5.968
102,2011,141,800,12.62,21.625,21.383,4.0972,0,6.343
102,2011,141,900,12.62,344.62,350.47,56.136,.067,26.44
102,2011,141,1000,12.61,333.09,340.13,52.384,0,7.33
102,2011,141,1100,12.62,284.25,291.28,42.417,0,14
102,2011,141,1200,12.62,918.83,936.41,137.94,0,15.83
102,2011,141,1300,13.21,1261.8,1291.3,197.64,.067,37.31
102,2011,141,1400,13.24,605.81,625.56,90.441,0,11.69
102,2011,141,1500,13.28,642.22,654.48,92.302,0,8.44
102,2011,141,1600,13.3,1126.6,1148.8,171.57,0,8.02
102,2011,141,1700,13.3,733.43,745.64,120.87,0,8.42
102,2011,141,1800,13.3,393.87,401.73,64.194,0,6.888
102,2011,141,1900,13.31,79.436,81.215,13.138,0,6.42
102,2011,141,2000,12.95,2.3807,2.5133,2.9739,0,6.039
102,2011,141,2100,12.82,0,0,2.001,0,5.984
102,2011,141,2200,12.78,0,0,1.8824,0,6.023
102,2011,141,2300,12.79,.01582,0,2.3174,0,6.05
101,2011,141,2400,12.61,6748.1,6890.9,1076.8,.133
102,2011,141,2400,12.78,0,0,2.3728,0,5.957
102,2011,142,100,12.76,0,0,1.9774,0,5.968
102,2011,142,200,12.74,0,0,1.7876,0,5.985
102,2011,142,300,12.73,0,0,1.5107,0,6.057
102,2011,142,400,12.71,0,0,1.8113,0,6.117
102,2011,142,500,12.7,0,0,1.574,0,6.172
102,2011,142,600,12.69,0,0,1.5028,0,6.145
102,2011,142,700,12.69,0,0,1.5344,0,6.178
102,2011,142,800,12.68,70.363,68.414,12.22,.05,21.21
102,2011,142,900,12.42,572.32,589.06,95.317,.65,161.1
102,2011,142,1000,12.29,1744.7,1777.6,279.54,1,308.8
102,2011,142,1100,12.57,2454.2,2509.1,362.06,1,562.1
102,2011,142,1200,13.01,2382.7,2467.4,357.42,.65,405.2
102,2011,142,1300,13.14,2772.7,2882.7,407.86,.8,496.1
102,2011,142,1400,13.14,2277.5,2367.6,348.6,.25,103.8
102,2011,142,1500,13.14,1571.7,1634.5,242.68,.033,28.09
102,2011,142,1600,13.17,1688,1762.2,263.84,.383,121.7
102,2011,142,1700,12.85,2177.3,2276.8,360.76,1,539.7
102,2011,142,1800,13.23,1082.5,1108.5,178.74,.783,309.9
102,2011,142,1900,12.99,386.37,382.76,70.836,.616,249.6
102,2011,142,2000,12.84,44.041,43.671,9.7209,.133,38.49
102,2011,142,2100,12.82,0,0,2.4916,0,5.956
102,2011,142,2200,12.82,0,0,3.1164,0,5.956
102,2011,142,2300,13.39,0,0,2.618,0,5.956
101,2011,142,2400,12.29,19224,19870,3012.6,7.35
102,2011,142,2400,13.4,0,0,3.0451,0,5.956
102,2011,143,100,13.42,0,0,2.7445,0,5.956
102,2011,143,200,13.43,0,0,3.1004,0,5.956
102,2011,143,300,13.44,0,0,2.27,0,5.956
102,2011,143,400,13.44,0,0,2.2858,0,5.934
102,2011,143,500,13.45,0,0,1.9062,0,5.956
102,2011,143,600,13.41,0,0,2.2068,0,5.968
102,2011,143,700,13.45,0,0,1.7006,0,5.985
102,2011,143,800,13.45,68.189,98.818,14.008,.083,40.23
102,2011,143,900,13.38,723.02,640.53,123.17,1,267.1
102,2011,143,1000,13.28,1782.7,1810.7,289.2,1,396.3
102,2011,143,1100,13.22,2340.4,2400.6,356.26,.916,416.1
102,2011,143,1200,13.21,1833,1894.9,280.77,.5,257.8
102,2011,143,1300,13.21,2183.1,2266,329.15,.533,360
102,2011,143,1400,13.18,3365.6,3506.5,501.71,.983,594.3
102,2011,143,1500,13.18,2192.7,2297.4,338.95,.916,307.1
102,2011,143,1600,13.19,2089.5,2213.5,333.99,.866,501.9
102,2011,143,1700,13.18,1592.3,1682.1,260.44,.633,466.6
102,2011,143,1800,13.23,710.73,731.56,117.42,.167,79.3
102,2011,143,1900,13.26,610.92,609.48,110.56,.716,249.1
102,2011,143,2000,13.28,17.298,18.1,2.9977,0,6.535
102,2011,143,2100,12.79,0,0,.96502,0,5.956
102,2011,143,2200,12.77,0,0,3.0848,0,5.956
102,2011,143,2300,12.77,0,0,2.5943,0,5.956
101,2011,143,2400,12.76,19509,20170,3083.6,8.31
102,2011,143,2400,12.76,0,0,2.0881,0,5.956
102,2011,144,100,12.75,0,0,1.7242,0,5.956
102,2011,144,200,12.75,0,0,1.74,0,5.956
102,2011,144,300,12.74,0,0,1.9852,0,5.956
102,2011,144,400,12.73,0,0,1.8588,0,5.956
102,2011,144,500,12.73,0,0,2.6735,0,5.957
102,2011,144,600,12.72,0,0,2.6577,0,5.957
102,2011,144,700,12.71,0,0,1.6531,0,5.957
102,2011,144,800,12.71,36.417,36.775,6.4702,0,8.55
102,2011,144,900,12.71,223.55,227.68,36.535,0,12.79
102,2011,144,1000,13.33,756.87,771.33,121.92,.1,73.2
102,2011,144,1100,13.32,773.24,797.54,125.49,0,22.49
102,2011,144,1200,13.26,1795.2,1856.5,282.72,.267,129.7
102,2011,144,1300,13.27,1387.7,1436.7,225.78,0,15.89
102,2011,144,1400,13.25,1807.2,1880.4,291.07,.2,140.7
102,2011,144,1500,13.19,3208.4,3402.7,497.45,.933,614.3
102,2011,144,1600,13.19,2293.2,2409.4,364.11,1,365.2
102,2011,144,1700,13.21,1497.7,1564.1,245.78,1,392.5
102,2011,144,1800,13.23,1218.1,1238.2,211.35,1,506.5
102,2011,144,1900,13.25,443.7,440.47,79.106,.75,241.2
102,2011,144,2000,13.27,24.583,25.396,4.5638,0,12.34
102,2011,144,2100,13.32,0,0,2.1673,0,5.956
102,2011,144,2200,13.35,0,0,4.1921,0,5.956
102,2011,144,2300,13.38,0,0,3.5354,0,5.956
101,2011,144,2400,12.71,15466,16087,2519.7,5.248
102,2011,144,2400,13.39,0,0,3.1796,0,5.956
102,2011,145,100,13.4,0,0,2.8,0,5.956
102,2011,145,200,13.43,0,0,3.4487,0,5.957
102,2011,145,300,13.44,0,0,3.3617,0,5.957
102,2011,145,400,13.44,0,0,2.0012,0,5.957
102,2011,145,500,13.45,0,0,1.7481,0,5.957
102,2011,145,600,13.45,.09492,0,1.8508,0,5.957
102,2011,145,700,13.45,.01582,0,2.3175,0,5.974
102,2011,145,800,13.45,23.413,22.806,4.8171,0,6.724
102,2011,145,900,13.43,268.91,273.39,41.258,0,11.82
102,2011,145,1000,13.4,452.86,462.24,76.323,0,6.221
102,2011,145,1100,13.38,599.51,611.04,102.53,0,10
102,2011,145,1200,13.3,1940.3,2002.2,299.66,.4,177.5
102,2011,145,1300,13.3,1071.1,1108.5,169.8,0,12.5
102,2011,145,1400,13.28,1900.5,1972.1,301.34,.15,71.9
102,2011,145,1500,13.25,2214.1,2325.8,347.54,.766,329.4
102,2011,145,1600,13.23,2264.8,2394.9,362.07,.95,503.6
102,2011,145,1700,13.23,2250.4,2376.4,374.74,.983,738
102,2011,145,1800,13.24,1482.9,1503.8,259.54,.983,659.1
102,2011,145,1900,13.28,519.62,513.83,92.26,.55,301.1
102,2011,145,2000,13.31,23.625,24.665,4.4056,0,10.04
102,2011,145,2100,13.34,0,0,2.9583,0,5.295
102,2011,145,2200,13.37,0,0,3.6384,0,5.295
102,2011,145,2300,13.39,0,0,2.6417,0,5.295
101,2011,145,2400,13.23,15012,15592,2465.8,4.781
102,2011,145,2400,13.41,0,0,2.7207,0,5.295
102,2011,146,100,13.43,0,0,2.6734,0,5.295
102,2011,146,200,13.44,0,0,2.7447,0,5.295
102,2011,146,300,13.45,0,0,1.8588,0,5.295
102,2011,146,400,13.46,0,0,1.574,0,5.295
102,2011,146,500,13.47,.18192,0,1.4158,0,5.295
102,2011,146,600,13.47,0,0,1.4395,0,5.295
102,2011,146,700,13.48,.1661,0,1.2655,0,5.295
102,2011,146,800,13.47,40.868,40.271,7.6327,0,7.69
102,2011,146,900,13.45,277.45,281.98,43.21,0,21.46
102,2011,146,1000,13.42,682.33,700.47,111.7,0,13.25
102,2011,146,1100,13.28,2223.9,2277.3,340.01,.85,447.3
102,2011,146,1200,13.26,1701.2,1766.5,245.66,.5,226.7
102,2011,146,1300,13.27,512.39,534.3,75.947,0,12.38
102,2011,146,1400,13.31,142.96,140.64,20.747,0,15.54
102,2011,146,1500,13.36,386.79,387.84,65.136,0,36.22
102,2011,146,1600,13.34,862.72,884.52,141.96,0,5.973
102,2011,146,1700,13.34,677.74,694.85,112.51,0,5.587
102,2011,146,1800,13.33,555.95,573.74,88.757,0,30.52
102,2011,146,1900,13.34,288.01,296.3,46.246,0,43.44
102,2011,146,2000,13.36,20.163,21.559,4.4849,0,7.18
102,2011,146,2100,13.4,.03164,0,1.9378,0,5.295
102,2011,146,2200,13.42,.17401,0,2.1671,0,5.3
102,2011,146,2300,13.44,.03164,0,1.3526,0,5.306
101,2011,146,2400,13.26,8373.1,8600.2,1323.7,1.349
102,2011,146,2400,13.45,.01582,0,1.2656,0,5.295
102,2011,147,100,13.45,.10283,0,1.7955,0,5.295
102,2011,147,200,13.47,0,0,1.4237,0,5.295
102,2011,147,300,13.48,.06328,0,3.3457,0,5.312
102,2011,147,400,13.49,.02373,0,1.0124,0,5.318
102,2011,147,500,13.49,.00791,0,1.1469,0,5.307
102,2011,147,600,13.5,0,0,1.3446,0,5.329
102,2011,147,700,13.51,.18983,0,.83845,0,5.34
102,2011,147,800,13.49,11.824,11.436,2.2067,0,5.379
102,2011,147,900,13.49,94.462,94.958,14.047,0,5.356
102,2011,147,1000,13.47,345.88,352.99,52.053,0,5.709
102,2011,147,1100,13.43,827.77,852.55,132.98,0,29.78
102,2011,147,1200,13.32,2475.8,2565.6,376.47,.633,411.3
102,2011,147,1300,13.23,3250.6,3405.1,453.63,1,688.7
102,2011,147,1400,13.2,2422.6,2540.9,346.65,.6,300.4
102,2011,147,1500,13.19,2449.2,2615,369.99,.666,429
102,2011,147,1600,13.17,1578.7,1676,250.58,.367,231.3
102,2011,147,1700,13.24,1250.8,1305.2,207.1,.533,303.3
102,2011,147,1800,13.25,859.28,891.9,136.4,.3,190.4
102,2011,147,1900,13.27,210.08,220.94,31.102,0,5.95
102,2011,147,2000,13.31,11.034,12.255,1.7876,0,5.41
102,2011,147,2100,13.35,0,0,2.2543,0,5.432
102,2011,147,2200,13.39,0,0,2.0565,0,5.306
102,2011,147,2300,13.41,0,0,1.9853,0,5.295
101,2011,147,2400,13.17,15788,16545,2394.3,4.098
102,2011,147,2400,13.43,0,0,2.0724,0,5.295
102,2011,148,100,13.45,0,0,2.3492,0,5.295
102,2011,148,200,13.46,.1582,0,1.8825,0,5.295
102,2011,148,300,13.47,.36384,0,2.4203,0,5.295
102,2011,148,400,13.48,.37966,0,1.5819,0,5.296
102,2011,148,500,13.49,.06328,0,1.6214,0,5.296
102,2011,148,600,13.5,.09492,0,1.8192,0,5.296
102,2011,148,700,13.51,.19775,0,2.1357,0,5.296
102,2011,148,800,13.51,24.631,23.068,4.2555,0,5.296
102,2011,148,900,13.48,294.09,294.27,45.195,0,13.85
102,2011,148,1000,13.42,955.4,966.99,153.02,.516,128.5
102,2011,148,1100,12.84,941.51,962.96,151.9,.017,31.97
102,2011,148,1200,12.81,1859,1917.2,285.16,.616,228.6
102,2011,148,1300,13.21,2844.4,3008.4,406.71,.866,563.2
102,2011,148,1400,13.18,2833.3,3020,409.35,.783,551.3
102,2011,148,1500,13.17,3171.4,3425.6,484.94,.916,611.9
102,2011,148,1600,13.16,2549.8,2768.2,399.6,.95,707
102,2011,148,1700,13.16,2219.1,2364.7,367.94,.966,674.4
102,2011,148,1800,13.2,1449.9,1484.2,256.86,.983,642.6
102,2011,148,1900,13.25,666.25,650.06,127.39,1,538.3
102,2011,148,2000,13.29,29.543,28.709,6.4386,.117,42.88
102,2011,148,2100,13.34,0,0,2.1277,0,5.317
102,2011,148,2200,13.37,0,0,4.208,0,5.295
102,2011,148,2300,13.39,0,0,3.7649,0,5.295
101,2011,148,2400,12.81,19840,20914,3126.8,7.73
102,2011,148,2400,13.41,0,0,4.113,0,5.295
102,2011,149,100,13.43,0,0,2.642,0,5.295
102,2011,149,200,13.45,0,0,2.4363,0,5.295
102,2011,149,300,13.46,0,0,2.278,0,5.295
102,2011,149,400,13.48,.00791,0,2.5864,0,5.295
102,2011,149,500,13.49,0,0,1.7954,0,5.296
102,2011,149,600,13.5,0,0,2.5153,0,5.296
102,2011,149,700,13.51,.04746,0,2.2149,0,5.296
102,2011,149,800,13.51,54.494,50.875,9.8957,0,9.05
102,2011,149,900,13.46,449.35,423.48,73.039,.283,90.9
102,2011,149,1000,13.43,784.88,799.56,127.72,0,44.31
102,2011,149,1100,13.37,962.44,982.29,155.79,.083,40.65
102,2011,149,1200,13.34,1022.1,1056.3,163.02,0,23.33
102,2011,149,1300,13.25,2657.7,2748.1,394.95,.7,437.3
102,2011,149,1400,13.22,2604.7,2733.9,386.39,.65,472.5
102,2011,149,1500,13.17,2643.4,2857,414.13,.7,438.1
102,2011,149,1600,13.18,1475.1,1551.8,231.15,.333,118.2
102,2011,149,1700,13.21,676.77,701.14,106.55,0,15.03
102,2011,149,1800,13.24,1062.4,1094,178.93,.816,310.8
102,2011,149,1900,13.26,303.21,312.12,47.343,.167,96.4
102,2011,149,2000,13.3,11.509,11.943,2.8949,0,11.82
102,2011,149,2100,13.35,0,0,1.3289,0,5.664
102,2011,149,2200,13.37,.0791,0,1.3921,0,5.918
102,2011,149,2300,13.37,.34803,0,1.3605,0,5.956
101,2011,149,2400,13.17,14709,15323,2313.7,3.732
102,2011,149,2400,13.39,.04746,0,1.2893,0,5.791
102,2011,150,100,13.4,.06328,0,1.2181,0,5.295
102,2011,150,200,13.42,0,0,1.8746,0,5.295
102,2011,150,300,13.44,0,0,3.8284,0,5.295
102,2011,150,400,13.45,0,0,1.5978,0,5.295
102,2011,150,500,13.46,0,0,2.3492,0,5.295
102,2011,150,600,13.48,.01582,0,1.835,0,5.295
102,2011,150,700,13.49,.00791,0,2.0011,0,5.296
102,2011,150,800,13.49,43.898,46.584,9.3253,0,18.13
102,2011,150,900,13.42,655.97,629.35,112.78,.816,200.7
102,2011,150,1000,13.34,1525.8,1543.3,250.71,1,344.8
102,2011,150,1100,13.25,2353.2,2437.9,355.66,1,457.8
102,2011,150,1200,13.18,2879.4,3071.5,420.39,1,594.8
102,2011,150,1300,13.17,1637.4,1733.9,238.41,.333,213.2
102,2011,150,1400,13.2,1587.8,1655.3,244.8,.167,72.2
102,2011,150,1500,13.19,2078.4,2209.3,321.37,.8,273.9
102,2011,150,1600,13.17,1773.9,1927.9,280.19,.583,349.2
102,2011,150,1700,13.18,1429.3,1529.2,230.44,.433,331.1
102,2011,150,1800,13.2,629.48,653.88,97.946,.25,152.3
102,2011,150,1900,13.24,313.65,317.84,51.6,.2,127.4
102,2011,150,2000,13.27,38.499,37.537,8.5825,.183,47.31
102,2011,150,2100,13.32,0,0,2.4362,0,5.813
102,2011,150,2200,13.35,0,0,2.9109,0,5.295
102,2011,150,2300,13.37,0,0,1.8825,0,5.295
101,2011,150,2400,13.17,16947,17793,2648.1,6.764
102,2011,150,2400,13.4,0,0,3.931,0,5.295
102,2011,151,100,13.42,.00791,0,1.9695,0,5.295
102,2011,151,200,13.44,.00791,0,1.9222,0,5.295
102,2011,151,300,13.46,0,0,2.8397,0,5.295
102,2011,151,400,13.47,0,0,1.7955,0,5.295
102,2011,151,500,13.48,0,0,1.835,0,5.295
102,2011,151,600,13.49,0,0,1.4158,0,5.296
102,2011,151,700,13.51,.01582,0,1.4396,0,5.362
102,2011,151,800,13.51,74.054,77.684,14.238,0,34.76
102,2011,151,900,13.42,674.23,624.24,116.99,1,202.9
102,2011,151,1000,13.33,1470.7,1485.4,240.27,1,330.4
102,2011,151,1100,13.23,2190.3,2275.6,330.05,1,462.1
102,2011,151,1200,13.16,2854.8,3066.5,421,1,592.4
102,2011,151,1300,13.15,1695.4,1798.2,256.16,.283,160.9
102,2011,151,1400,13.13,2365,2520.6,365.29,.516,298.7
102,2011,151,1500,13.13,2492.2,2733.2,393.82,.65,417.4
102,2011,151,1600,13.12,2500.5,2746.4,399.16,.95,579.5
102,2011,151,1700,13.13,1944.6,2085.6,325.15,.866,642.5
102,2011,151,1800,13.15,1204.6,1241.7,208.24,.983,475.7
102,2011,151,1900,13.18,320.06,332.55,51.517,.15,67.36
102,2011,151,2000,13.22,24.784,26.14,4.517,0,10.93
102,2011,151,2100,12.79,0,0,.86212,0,5.978
102,2011,151,2200,12.77,0,0,1.7164,0,5.537
102,2011,151,2300,12.76,0,0,2.2781,0,5.3
101,2011,151,2400,12.76,19811,21014,3147.3,8.4
102,2011,151,2400,13.32,0,0,2.7922,0,5.46
102,2011,152,100,13.37,0,0,3.322,0,5.863
102,2011,152,200,13.39,0,0,2.0882,0,6.21
102,2011,152,300,13.41,.01582,0,2.3018,0,6.618
102,2011,152,400,13.42,0,0,2.6341,0,6.619
102,2011,152,500,13.44,.13447,0,2.3888,0,6.376
102,2011,152,600,13.45,0,0,1.9695,0,6.619
102,2011,152,700,13.46,.02373,0,2.0802,0,6.63
102,2011,152,800,13.47,41.295,40.271,7.4665,0,7.13
102,2011,152,900,13.42,503.29,497.49,85.708,.516,132.2
102,2011,152,1000,13.32,1548.6,1573.1,259.19,1,339.5
102,2011,152,1100,13.22,2233.1,2319.2,339.17,1,466.5
102,2011,152,1200,13.19,2801.3,3008.8,416.74,1,595.8
102,2011,152,1300,13.17,2687.4,2895.1,394.61,.8,555.3
102,2011,152,1400,13.15,2134.3,2255.5,325.09,.65,352.1
102,2011,152,1500,13.15,1782.6,1909.9,277.92,.466,208.9
102,2011,152,1600,13.14,2289.7,2482.7,370.77,.9,454.8
102,2011,152,1700,13.14,2199.2,2367.1,370.66,.983,710
102,2011,152,1800,13.17,1287,1321,226.36,.966,557.2
102,2011,152,1900,13.22,654.85,638.58,125.13,1,526.7
102,2011,152,2000,13.26,32.581,32.1,7.1822,.083,40.04
102,2011,152,2100,12.81,0,0,2.017,0,6.822
102,2011,152,2200,13.34,0,0,3.1086,0,6.723
102,2011,152,2300,13.37,0,0,2.5153,0,6.26
101,2011,152,2400,12.81,20195,21341,3233.7,9.36
102,2011,152,2400,13.39,.03164,0,3.3062,0,6.613
102,2011,153,100,13.4,0,0,2.7841,0,6.618
102,2011,153,200,13.42,0,0,3.0453,0,6.618
102,2011,153,300,13.44,0,0,3.3855,0,6.564
102,2011,153,400,13.45,0,0,2.8633,0,6.619
102,2011,153,500,13.47,.03164,0,2.5469,0,6.211
102,2011,153,600,13.49,0,0,2.5943,0,6.024
102,2011,153,700,13.5,0,0,2.2623,0,6.091
102,2011,153,800,13.49,73.478,79.818,16.967,0,32.99
102,2011,153,900,13.46,383.07,389.32,65.705,.033,35.69
102,2011,153,1000,13.38,1009.6,1032.5,165.16,.933,223.5
102,2011,153,1100,13.25,2229.6,2316.2,345.31,1,457.6
102,2011,153,1200,13.2,2777.3,2990.7,419.09,1,587.2
102,2011,153,1300,13.17,3131.9,3378.3,456.69,1,686.2
102,2011,153,1400,13.15,3237.2,3460,470.91,1,718
102,2011,153,1500,13.14,3065.7,3435.8,455.03,1,742
102,2011,153,1600,13.14,2681.9,2999.8,417.55,1,751
102,2011,153,1700,13.14,2197.2,2378.9,364.73,1,758
102,2011,153,1800,13.17,1373.9,1415,240.21,.933,636.5
102,2011,153,1900,13.22,644.74,633.56,121.58,1,494.6
102,2011,153,2000,13.25,38.286,38.064,8.907,.133,48.28
102,2011,153,2100,13.29,0,0,1.9695,0,6.905
102,2011,153,2200,13.34,0,0,2.1752,0,6.739
102,2011,153,2300,13.35,0,0,2.6023,0,6.64
101,2011,153,2400,13.14,22844,24548,3578,10.03
102,2011,153,2400,13.37,0,0,3.8915,0,6.618
102,2011,154,100,13.4,0,0,2.8238,0,6.618
102,2011,154,200,13.42,0,0,2.7844,0,6.618
102,2011,154,300,13.43,0,0,2.6341,0,6.619
102,2011,154,400,13.45,0,0,3.2588,0,6.619
102,2011,154,500,13.47,.04746,0,3.1797,0,6.619
102,2011,154,600,13.48,.03164,0,2.7604,0,6.509
102,2011,154,700,13.49,.03164,0,3.3932,0,6.62
102,2011,154,800,13.47,59.448,61.351,15.352,0,17.22
102,2011,154,900,13.39,752.72,746.02,132.69,.766,178.4
102,2011,154,1000,13.3,1445.9,1475,237.12,1,312.9
102,2011,154,1100,13.24,2209.2,2301.2,343.22,1,441.8
102,2011,154,1200,13.2,2749.8,2976.2,415.44,1,566.9
102,2011,154,1300,13.15,3083.3,3322.4,446.97,1,660.4
102,2011,154,1400,13.15,3211.1,3407.3,461.06,1,701
102,2011,154,1500,13.13,2964.3,3301.2,437.47,.983,684.6
102,2011,154,1600,13.14,2542.5,2851.2,392.47,.95,707
102,2011,154,1700,13.14,1985.1,2153.9,324.65,.983,670.7
102,2011,154,1800,13.18,1047.8,1079.8,176.96,.716,398.9
102,2011,154,1900,13.22,394.11,395.73,66.86,.333,209.5
102,2011,154,2000,13.27,38.863,37.469,9.5633,.183,52.61
102,2011,154,2100,13.31,0,0,1.8034,0,6.988
102,2011,154,2200,13.35,0,0,2.2148,0,6.916
102,2011,154,2300,13.38,0,0,2.9266,0,6.756
101,2011,154,2400,13.13,22484,24109,3492.1,9.91
102,2011,154,2400,13.39,0,0,4.4768,0,6.624
102,2011,155,100,13.41,0,0,3.773,0,6.624
102,2011,155,200,13.43,0,0,2.5787,0,6.618
102,2011,155,300,13.45,0,0,2.4442,0,6.619
102,2011,155,400,13.46,.00791,0,2.5311,0,6.619
102,2011,155,500,13.47,.04746,0,3.3616,0,6.619
102,2011,155,600,13.47,.48249,0,2.4757,0,6.619
102,2011,155,700,13.47,0,0,2.1989,0,6.619
102,2011,155,800,13.47,62.438,61.206,14.577,0,25
102,2011,155,900,13.4,625.45,614.25,111.53,.716,171.4
102,2011,155,1000,13.31,1480.1,1508.1,240.57,1,315.5
102,2011,155,1100,13.23,2236.9,2329.1,343.99,1,442.5
102,2011,155,1200,13.18,2746,2976.4,408.09,1,562
102,2011,155,1300,13.17,3069.9,3329.4,437.95,1,652
102,2011,155,1400,13.15,3164.6,3389.8,446.49,1,688.1
102,2011,155,1500,13.14,2982.3,3349.3,432.08,1,676.5
102,2011,155,1600,13.14,2173.2,2389.2,333.69,.716,463.1
102,2011,155,1700,13.17,1172.1,1247.4,182.51,.367,177.3
102,2011,155,1800,13.22,714.98,746.67,112.48,.133,77.3
102,2011,155,1900,13.25,287.01,299.67,43.792,0,44.53
102,2011,155,2000,12.86,20.028,21.189,4.0657,0,12.03
102,2011,155,2100,12.8,0,0,2.0091,0,7.21
102,2011,155,2200,12.77,0,0,2.1278,0,6.75
102,2011,155,2300,12.77,0,0,1.9933,0,6.618
101,2011,155,2400,12.77,20736,22262,3140.6,7.93
102,2011,155,2400,13.34,0,0,3.2508,0,6.618
102,2011,156,100,13.39,0,0,2.9423,0,6.508
102,2011,156,200,13.4,0,0,1.9774,0,6.618
102,2011,156,300,13.42,.3164,.09742,2.4679,0,6.618
102,2011,156,400,13.43,.15029,0,2.6894,0,6.618
102,2011,156,500,13.44,.16611,0,1.9933,0,6.619
102,2011,156,600,13.44,.05537,0,2.0803,0,6.619
102,2011,156,700,13.44,.48251,.05845,2.6656,0,6.619
102,2011,156,800,13.44,34.804,34.984,7.5382,0,8.14
102,2011,156,900,13.38,653.31,648.3,114.59,.816,154.2
102,2011,156,1000,13.3,1408.5,1437,229.92,1,296.4
102,2011,156,1100,13.22,2207.7,2296.8,337.31,1,429.7
102,2011,156,1200,13.16,2736.5,2964.6,400.99,1,555.7
102,2011,156,1300,13.16,3065.9,3339.1,429.81,1,651.6
102,2011,156,1400,13.14,3107.8,3343.4,434.74,.95,618.9
102,2011,156,1500,13.14,2549.6,2828.8,372.62,.816,508.6
102,2011,156,1600,13.12,2311,2563.9,356.08,.733,531.6
102,2011,156,1700,13.15,1128.1,1198.7,173.76,.417,149.2
102,2011,156,1800,13.2,1030.1,1068.1,170.77,.566,282.2
102,2011,156,1900,13.22,514.9,517.55,92.287,.65,315.3
102,2011,156,2000,13.26,34.038,34.128,7.2379,.133,39.01
102,2011,156,2100,13.3,0,0,1.661,0,7.26
102,2011,156,2200,13.34,0,0,2.8081,0,6.695
102,2011,156,2300,13.36,0,0,3.5278,0,6.877
101,2011,156,2400,13.12,20784,22276,3156.4,9.08
102,2011,156,2400,13.39,0,0,3.9311,0,6.684
102,2011,157,100,13.4,.00791,0,3.1875,0,6.613
102,2011,157,200,13.4,0,0,2.1355,0,6.287
102,2011,157,300,13.42,.17401,.00974,2.4124,0,6.337
102,2011,157,400,13.43,.08701,0,2.373,0,6.061
102,2011,157,500,13.45,0,0,2.0724,0,6.282
102,2011,157,600,13.46,0,0,2.7131,0,5.957
102,2011,157,700,13.47,.38757,.12664,3.2588,0,5.957
102,2011,157,800,13.47,30.31,29.011,8.4791,0,6.101
102,2011,157,900,13.38,673.58,673.47,120.07,.616,143.6
102,2011,157,1000,13.3,1369.5,1400.5,223.09,1,273.4
102,2011,157,1100,13.23,2137.6,2231.7,326.69,1,399.4
102,2011,157,1200,13.18,2688.5,2914,393.69,1,520.5
102,2011,157,1300,13.15,2900.3,3134.6,408.39,.966,558.5
102,2011,157,1400,13.14,2349.8,2511.6,339.6,.6,339.4
102,2011,157,1500,13.16,2320.1,2561.4,347.57,.683,408.2
102,2011,157,1600,13.15,1797.2,1949.6,275.96,.533,304
102,2011,157,1700,13.15,1553.4,1672.2,247.06,.75,442.2
102,2011,157,1800,13.19,1170.3,1212.7,199.61,.85,418.4
102,2011,157,1900,13.23,344.78,350.06,59.015,.8,176.1
102,2011,157,2000,13.25,28.818,30.631,5.126,0,12.45
102,2011,157,2100,13.3,0,0,1.9932,0,7.27
102,2011,157,2200,13.34,.10283,0,3.2115,0,7.25
102,2011,157,2300,13.35,.02373,0,2.7368,0,7.19
101,2011,157,2400,13.14,19365,20672,2983.1,8.8
102,2011,157,2400,13.37,.03955,0,2.6972,0,7.08
102,2011,158,100,13.39,.18192,0,2.0802,0,6.414
102,2011,158,200,13.41,.14237,0,2.8316,0,6.144
102,2011,158,300,13.42,.11864,0,2.6258,0,6.618
102,2011,158,400,13.43,.18982,0,1.9615,0,6.618
102,2011,158,500,13.44,.64068,0,1.7876,0,6.618
102,2011,158,600,13.44,.68815,0,.92544,0,6.618
102,2011,158,700,13.46,.26103,0,.98874,0,6.619
102,2011,158,800,13.45,33.143,32.694,7.285,0,7.12
102,2011,158,900,13.4,612.72,621.74,107.21,.067,79
102,2011,158,1000,13.32,1424.1,1461.8,229.74,.966,263.6
102,2011,158,1100,13.2,2142,2240.8,317.74,1,409.9
102,2011,158,1200,13.22,2380,2552.1,346.8,.983,435.2
102,2011,158,1300,13.21,1946.9,2043.9,285.48,.7,221
102,2011,158,1400,13.23,1744.8,1821.3,265.13,.2,81.7
102,2011,158,1500,13.2,1898.1,2050.9,296.64,.583,273.4
102,2011,158,1600,13.2,1857.1,1991.8,284.25,.55,237.9
102,2011,158,1700,13.2,1075.6,1131,165.58,.3,82.9
102,2011,158,1800,13.25,861.18,897.11,135.34,.383,150.5
102,2011,158,1900,13.26,522.14,527.81,91.837,.9,287.2
102,2011,158,2000,13.29,29.353,31.008,5.7188,0,14.08
102,2011,158,2100,13.32,.06328,0,2.0802,0,7.28
102,2011,158,2200,13.34,0,0,1.1786,0,7.28
102,2011,158,2300,13.35,0,0,1.06,0,7.28
101,2011,158,2400,13.2,16529,17404,2558.1,6.631
102,2011,158,2400,13.36,0,0,1.8351,0,6.806
102,2011,159,100,13.38,.05537,0,2.626,0,7.05
102,2011,159,200,13.39,.19774,0,2.1751,0,7.14
102,2011,159,300,13.39,.01582,0,1.4158,0,7.02
102,2011,159,400,13.41,0,0,1.9932,0,6.75
102,2011,159,500,13.42,0,0,2.5784,0,6.111
102,2011,159,600,13.44,.03164,0,2.183,0,6.056
102,2011,159,700,13.46,.03955,0,1.9379,0,5.957
102,2011,159,800,13.46,57.488,56.687,11.952,0,9.35
102,2011,159,900,13.41,576.71,571.9,101.19,.65,130
102,2011,159,1000,13.33,1266,1289.9,206.63,1,249.3
102,2011,159,1100,13.26,2009.7,2090.8,305.84,1,346.9
102,2011,159,1200,13.05,2659,2863.8,390.33,1,482.5
102,2011,159,1300,13.19,2636.2,2873,370.22,1,483.8
102,2011,159,1400,13.15,2877.6,3137.5,402.41,.983,505.9
102,2011,159,1500,13.11,2769.2,3098,389.26,.966,530.4
102,2011,159,1600,13.14,1942.7,2142.9,289.16,.716,459.6
102,2011,159,1700,13.15,2068.6,2231.1,326.57,1,647.5
102,2011,159,1800,13.16,1038.7,1071.7,169.34,.8,420.2
102,2011,159,1900,13.22,610.49,609.05,109.91,1,422.3
102,2011,159,2000,13.24,40.233,41.562,7.5941,.117,32.79
102,2011,159,2100,13.28,0,0,1.8509,0,7.09
102,2011,159,2200,13.31,0,0,2.0882,0,7.21
102,2011,159,2300,13.33,0,0,3.1799,0,7.27
101,2011,159,2400,13.05,20553,22078,3105.8,10.23
102,2011,159,2400,13.35,0,0,3.3538,0,7.25
102,2011,160,100,13.37,0,0,2.5311,0,7.21
102,2011,160,200,13.37,0,0,2.0565,0,6.811
102,2011,160,300,13.39,0,0,1.7638,0,6.624
102,2011,160,400,13.4,0,0,2.697,0,6.177
102,2011,160,500,13.41,.04745,.00974,2.7603,0,6.271
102,2011,160,600,13.41,0,0,1.914,0,6.668
102,2011,160,700,13.42,0,0,1.9378,0,6.64
102,2011,160,800,13.38,39.263,39.463,9.4204,0,8.91
102,2011,160,900,13.38,475.02,485.09,82.42,.317,94.2
102,2011,160,1000,13.3,1241.4,1265.1,200.03,1,228.6
102,2011,160,1100,13.21,2077.7,2171.1,312.44,1,364.3
102,2011,160,1200,13.15,2567,2793,370.44,1,481.4
102,2011,160,1300,13.12,2953.1,3233.7,400.73,1,595
102,2011,160,1400,13.09,3087.7,3360.4,410.78,1,647.3
102,2011,160,1500,13.08,2857.9,3233.4,394.07,1,657.3
102,2011,160,1600,13.07,2484.2,2813.4,358.19,1,655.4
102,2011,160,1700,13.07,1957.4,2132.2,304.43,1,629.7
102,2011,160,1800,13.05,1342.2,1385,223.05,1,595.1
102,2011,160,1900,13.06,587.6,588.74,105.51,1,413.4
102,2011,160,2000,13.14,46.587,47.011,10.039,.15,45.3
102,2011,160,2100,13.23,0,0,1.1469,0,7.28
102,2011,160,2200,13.28,0,0,2.0012,0,7.28
102,2011,160,2300,13.31,0,0,1.8352,0,7.28
101,2011,160,2400,13.05,21717,23548,3205.9,10.46
102,2011,160,2400,13.32,0,0,3.6702,0,7.26
102,2011,161,100,13.33,0,0,3.0057,0,7.11
102,2011,161,200,13.35,0,0,2.9344,0,7
102,2011,161,300,13.37,0,0,1.5423,0,6.64
102,2011,161,400,13.39,0,0,2.2542,0,6.535
102,2011,161,500,13.4,0,0,3.5357,0,6.619
102,2011,161,600,13.42,0,0,2.9425,0,6.619
102,2011,161,700,13.42,.18193,.00974,2.2543,0,6.619
102,2011,161,800,13.43,38.702,39.22,9.0566,0,7.94
102,2011,161,900,13.41,338.62,347.21,57.78,0,34.46
102,2011,161,1000,13.34,997.83,1023.4,162.83,.383,110.5
102,2011,161,1100,13.25,1933.9,2022.6,294.19,.95,301.8
102,2011,161,1200,13.18,2146.9,2305.8,308.87,.95,349.1
102,2011,161,1300,13.15,2388.2,2564.9,345.19,.85,273.5
102,2011,161,1400,13.14,2212.8,2371.6,326.67,.683,276.5
102,2011,161,1500,13.12,2790.5,3110.7,405.46,.966,533.2
102,2011,161,1600,13.12,1662.8,1807.6,251.68,.633,280.1
102,2011,161,1700,13.13,1256,1349.7,195.01,.55,283.3
102,2011,161,1800,13.16,819.4,850.95,135.41,.733,260.8
102,2011,161,1900,13.18,477.98,487.36,83.358,.766,221.5
102,2011,161,2000,13.21,29.713,32.083,5.0787,0,11.52
102,2011,161,2100,13.25,0,0,2.2464,0,6.97
102,2011,161,2200,13.28,0,0,2.1514,0,7.22
102,2011,161,2300,12.81,0,0,1.5346,0,7.21
101,2011,161,2400,12.81,17094,18313,2607.2,7.46
102,2011,161,2400,13.32,0,0,2.2781,0,7.26
102,2011,162,100,13.33,0,0,1.4554,0,6.464
102,2011,162,200,13.35,0,0,1.6452,0,6.072
102,2011,162,300,13.37,0,0,2.3017,0,5.956
102,2011,162,400,13.37,0,0,2.2146,0,5.956
102,2011,162,500,13.38,0,0,1.5898,0,5.956
102,2011,162,600,13.39,0,0,1.5977,0,5.956
102,2011,162,700,13.39,0,0,.63275,0,5.956
102,2011,162,800,13.39,20.651,20.077,4.0021,0,5.967
102,2011,162,900,13.39,219.18,223.88,36.454,0,6.045
102,2011,162,1000,13.38,484.08,499.75,79.726,0,6.375
102,2011,162,1100,13.35,722.01,746.85,117.55,0,6.53
102,2011,162,1200,13.33,1041.5,1080.9,168.11,0,6.563
102,2011,162,1300,13.23,1967.3,2062.9,311.87,.267,107.8
102,2011,162,1400,13.15,2966.3,3205.2,425.54,1,484.9
102,2011,162,1500,13.11,2697.5,2945.9,388.34,.883,466.5
102,2011,162,1600,13.12,411.83,437.27,58.369,0,31.42
102,2011,162,1700,12.83,83.565,81.243,13.954,0,7.11
102,2011,162,1800,13.32,85.554,81.112,11.564,0,6.596
102,2011,162,1900,13.36,41.865,35.352,9.1909,0,6.618
102,2011,162,2000,13.39,4.0575,2.6009,5.3941,0,6.618
102,2011,162,2100,13.41,.03955,0,4.0416,0,6.618
102,2011,162,2200,12.92,.43501,0,3.9072,0,6.618
102,2011,162,2300,12.75,.11073,0,4.4373,0,6.618
101,2011,162,2400,12.75,10749,11423,1659.7,2.149
102,2011,162,2400,12.75,2.887,0,5.774,0,6.619
102,2011,163,100,12.74,.16611,0,5.5448,0,6.619
102,2011,163,200,12.73,.65651,0,5.5922,0,6.619
102,2011,163,300,12.73,.30057,0,5.4577,0,6.619
102,2011,163,400,12.73,0,0,4.6904,0,6.619
102,2011,163,500,12.72,0,0,3.3457,0,6.62
102,2011,163,600,12.72,0,0,2.5628,0,6.62
102,2011,163,700,12.72,0,0,1.9775,0,6.62
102,2011,163,800,12.71,29.685,29.848,6.9764,0,6.675
102,2011,163,900,12.71,221.74,226.5,35.016,0,8.01
102,2011,163,1000,12.72,397.84,408.25,60.099,0,12.49
102,2011,163,1100,12.73,1089.7,1125,160.23,.133,60.4
102,2011,163,1200,12.74,2681.3,2866.1,386.16,1,413.5
102,2011,163,1300,12.76,2670.1,2866,366.44,1,414.1
102,2011,163,1400,12.8,2246,2387.1,317.59,.616,203
102,2011,163,1500,12.8,1703.2,1821.2,241.75,.383,153.9
102,2011,163,1600,12.8,1599.6,1725.2,234.86,.583,203.8
102,2011,163,1700,12.78,357.17,376.16,46.33,0,18.99
102,2011,163,1800,12.76,161.9,168,22.386,0,7.31
102,2011,163,1900,12.75,20.138,20.048,6.3357,0,5.295
102,2011,163,2000,12.78,14.048,12.284,6.7312,0,5.295
102,2011,163,2100,13.37,0,0,3.6387,0,5.295
102,2011,163,2200,13.39,0,0,2.5233,0,5.295
102,2011,163,2300,13.4,0,0,2.9188,0,5.295
101,2011,163,2400,12.71,13194,14032,1931.5,3.715
102,2011,163,2400,13.42,0,0,2.3967,0,5.295
102,2011,164,100,13.43,.00791,0,2.1514,0,5.295
102,2011,164,200,13.45,0,0,1.8192,0,5.296
102,2011,164,300,13.47,0,0,2.1356,0,5.296
102,2011,164,400,13.48,0,0,1.6137,0,5.296
102,2011,164,500,13.49,.00791,0,1.3131,0,5.296
102,2011,164,600,13.49,0,0,1.3131,0,5.296
102,2011,164,700,13.51,0,0,2.3573,0,5.296
102,2011,164,800,13.51,25.898,25.593,5.2129,0,7.22
102,2011,164,900,13.46,506.72,514.2,82.274,.516,124
102,2011,164,1000,13.38,1248.8,1269,195.56,1,231.4
102,2011,164,1100,13.28,2000.8,2065.4,292.3,1,346.6
102,2011,164,1200,13.22,2596.2,2771,359.62,1,472.4
102,2011,164,1300,13.19,2904,3081.6,380.63,1,549.3
102,2011,164,1400,13.17,2755.8,2828.5,354.84,.833,470.7
102,2011,164,1500,13.16,2739.2,2905.1,375.71,.883,505.1
102,2011,164,1600,13.15,1217.8,1312.3,169.73,.233,161.1
102,2011,164,1700,13.19,1235.2,1307.7,185.68,.516,254.9
102,2011,164,1800,13.19,767.7,807.9,111.71,.2,132.6
102,2011,164,1900,13.23,306.86,319.99,44.822,.1,44.74
102,2011,164,2000,13.27,21.168,19.143,10.259,0,6.491
102,2011,164,2100,13.34,.02373,0,3.6543,0,6.105
102,2011,164,2200,13.37,2.183,.64294,5.9401,0,5.973
102,2011,164,2300,13.37,5.3073,2.4841,6.027,0,5.956
101,2011,164,2400,13.15,18336,19231,2603.1,7.28
102,2011,164,2400,13.39,2.4599,.01948,6.4463,0,5.929
102,2011,165,100,13.4,1.2102,0,3.0928,0,5.774
102,2011,165,200,13.41,.30058,0,4.4297,0,5.934
102,2011,165,300,13.42,.49043,0,4.4138,0,6.618
102,2011,165,400,13.43,0,0,3.0454,0,6.464
102,2011,165,500,13.44,.01582,0,3.2273,0,6.619
102,2011,165,600,13.44,0,0,3.4329,0,6.619
102,2011,165,700,13.45,0,0,4.4374,0,6.619
102,2011,165,800,13.45,72.414,72.011,14.451,0,23.56
102,2011,165,900,13.38,753.19,760.56,124.61,.85,139.6
102,2011,165,1000,12.83,1399.8,1431.1,212.37,1,246.6
102,2011,165,1100,12.82,1986.5,2093.5,274.39,.966,341.4
102,2011,165,1200,12.82,2119.9,2257.1,294.13,.533,216.5
102,2011,165,1300,12.82,2707.5,2882.3,354.59,.833,437.6
102,2011,165,1400,12.83,2449.7,2526.7,329.77,.583,271.4
102,2011,165,1500,12.83,1824.5,1899,259.48,.45,138.5
102,2011,165,1600,12.82,1123.5,1181.9,158.07,.183,76.4
102,2011,165,1700,12.8,383.6,397.54,53.173,0,7.21
102,2011,165,1800,12.79,403.5,419.53,56.372,0,15.71
102,2011,165,1900,12.77,158.39,166.42,21.189,0,22.42
102,2011,165,2000,12.77,18.136,20.486,4.374,0,7.83
102,2011,165,2100,12.76,0,0,2.9978,0,5.504
102,2011,165,2200,13.33,0,0,2.2542,0,5.587
102,2011,165,2300,13.34,0,0,1.8113,0,5.493
101,2011,165,2400,12.76,15403,16108,2192.6,5.398
102,2011,165,2400,13.37,0,0,2.531,0,5.311
102,2011,166,100,13.39,0,0,2.6496,0,5.311
102,2011,166,200,13.4,0,0,2.5074,0,5.295
102,2011,166,300,13.42,.00791,0,2.0487,0,5.295
102,2011,166,400,13.43,0,0,2.0566,0,5.295
102,2011,166,500,13.44,0,0,1.2498,0,5.317
102,2011,166,600,13.45,0,0,2.1119,0,5.367
102,2011,166,700,13.45,0,0,2.1277,0,5.466
102,2011,166,800,13.47,43.954,55.624,10.108,0,15.22
102,2011,166,900,13.42,550.08,509,89.68,.533,114.6
102,2011,166,1000,13.38,934.32,953.94,137.03,.333,123.9
102,2011,166,1100,13.32,1555.4,1604.9,192.8,.466,150.7
102,2011,166,1200,13.27,1757.9,1851.7,218.4,.317,141.5
102,2011,166,1300,13.2,2866.5,3095.4,336.12,.966,515.9
102,2011,166,1400,13.18,2262.8,2421.2,265.71,.516,277.5
102,2011,166,1500,13.18,2203.1,2354,269.73,.516,192.1
102,2011,166,1600,13.2,1825.3,1962.2,235.93,.633,251.8
102,2011,166,1700,13.21,1959.5,2093.6,265.17,1,455.3
102,2011,166,1800,13.22,1190.6,1243.6,167.87,.983,356.4
102,2011,166,1900,13.24,293.56,305.3,39.956,.3,88.5
102,2011,166,2000,13.27,8.6615,10.444,.64863,0,5.912
102,2011,166,2100,13.3,0,0,1.0362,0,5.686
102,2011,166,2200,13.34,0,0,3.6228,0,5.421
102,2011,166,2300,13.37,0,0,3.7175,0,5.945
101,2011,166,2400,13.18,17452,18461,2255.9,6.564
102,2011,166,2400,13.39,0,0,3.6146,0,5.774
102,2011,167,100,13.4,0,0,3.1241,0,5.598
102,2011,167,200,13.42,0,0,2.104,0,6.32
102,2011,167,300,13.43,0,0,2.1357,0,6.618
102,2011,167,400,13.44,0,0,2.4837,0,6.387
102,2011,167,500,13.45,0,0,2.6893,0,6.536
102,2011,167,600,13.46,0,0,2.365,0,6.619
102,2011,167,700,13.47,.00791,0,2.1118,0,6.63
102,2011,167,800,13.47,61.6,66.34,9.887,0,16.47
102,2011,167,900,13.42,524.31,496.92,74.384,.017,77.2
102,2011,167,1000,13.32,1498.6,1530.1,211.48,.866,216.3
102,2011,167,1100,13.25,2104.6,2202.4,272.85,1,357.4
102,2011,167,1200,13.2,2658.1,2885.3,328.17,1,485.6
102,2011,167,1300,13.16,2987.7,3263.8,355.77,1,604.7
102,2011,167,1400,13.14,3102,3383.4,363.37,1,661.3
102,2011,167,1500,13.12,2990,3387.1,354.49,1,721
102,2011,167,1600,13.11,2418.3,2721.5,295.41,.816,589
102,2011,167,1700,13.12,1921.8,2076.4,255.23,.816,505.3
102,2011,167,1800,13.15,1172.6,1233.7,164.61,.65,409.1
102,2011,167,1900,13.19,358.95,372.55,46.96,.2,82.4
102,2011,167,2000,12.83,20.07,21.201,3.1326,.017,14.85
102,2011,167,2100,12.79,0,0,1.6215,0,5.967
102,2011,167,2200,12.78,0,0,3.6465,0,5.956
102,2011,167,2300,12.77,0,0,4.1606,0,6.067
101,2011,167,2400,12.77,21819,23641,2767,8.38
102,2011,167,2400,13.31,0,0,4.817,0,5.956
102,2011,168,100,13.38,0,0,3.4723,0,5.967
102,2011,168,200,13.4,0,0,2.7366,0,6.618
102,2011,168,300,13.42,0,0,2.9898,0,6.563
102,2011,168,400,13.43,0,0,2.8397,0,6.409
102,2011,168,500,13.44,.00791,0,3.7019,0,6.619
102,2011,168,600,13.44,.11865,0,2.2939,0,6.619
102,2011,168,700,13.44,.04746,0,1.9459,0,6.618
102,2011,168,800,13.44,24.07,24.014,4.6985,0,6.619
102,2011,168,900,13.43,190.57,193.17,26.404,0,9.57
102,2011,168,1000,13.39,525.59,537.64,71.71,0,16.35
102,2011,168,1100,13.31,1378.4,1430.7,188.43,.483,128
102,2011,168,1200,13.27,1712.3,1808.9,223.84,.6,202.7
102,2011,168,1300,13.19,2325,2475.2,286.85,.7,289
102,2011,168,1400,13.14,2772.6,2954.4,336.53,.833,496.5
102,2011,168,1500,13.13,2106.3,2320.6,258.54,.683,417.9
102,2011,168,1600,13.13,2404,2699,307.87,.833,573.4
102,2011,168,1700,13.14,1287.9,1369.5,171.98,.666,314.3
102,2011,168,1800,13.17,1100.5,1131.5,155.72,1,450.8
102,2011,168,1900,13.2,505.26,511.46,76.271,.85,296.6
102,2011,168,2000,13.23,19.484,21.766,2.6105,0,6.512
102,2011,168,2100,13.28,0,0,1.5899,0,6.05
102,2011,168,2200,13.3,0,0,2.2069,0,5.956
102,2011,168,2300,13.32,0,0,3.1561,0,5.956
101,2011,168,2400,13.13,16352,17478,2141.3,6.647
102,2011,168,2400,13.29,0,0,2.9108,0,5.94
102,2011,169,100,13.35,0,0,2.6814,0,5.923
102,2011,169,200,13.37,0,0,2.096,0,5.73
102,2011,169,300,13.38,0,0,3.3614,0,5.333
102,2011,169,400,13.4,0,0,3.6939,0,5.515
102,2011,169,500,13.4,0,0,2.4758,0,5.372
102,2011,169,600,13.42,0,0,2.721,0,5.295
102,2011,169,700,13.43,0,0,3.4012,0,5.295
102,2011,169,800,13.43,34.209,34.154,7.878,0,5.395
102,2011,169,900,13.4,374.56,382.86,54.87,.083,49.18
102,2011,169,1000,13.31,1236.1,1271.6,179.38,1,216.6
102,2011,169,1100,12.83,1679.7,1756.2,224.71,.966,266.9
102,2011,169,1200,12.83,2398.4,2596.8,309.59,1,397.2
102,2011,169,1300,12.84,2756,2964.8,345.28,.95,457.7
102,2011,169,1400,13.1,2896.7,3066.3,359.92,.916,435.3
102,2011,169,1500,13.09,2583.8,2831.3,329.97,.816,424.9
102,2011,169,1600,13.1,1879.8,2054.9,247.89,.8,321.6
102,2011,169,1700,13.12,1808.5,1951.7,256.69,.95,504.4
102,2011,169,1800,13.14,884.14,931.84,121.68,.566,218.6
102,2011,169,1900,13.18,186.33,196.76,22.958,0,9.13
102,2011,169,2000,13.23,15.876,17.176,2.9822,0,5.956
102,2011,169,2100,12.83,0,0,1.6136,0,5.956
102,2011,169,2200,12.78,0,0,2.824,0,5.956
102,2011,169,2300,13.33,0,0,2.4679,0,5.951
101,2011,169,2400,12.78,18734,20056,2494,8.05
102,2011,169,2400,13.34,.00791,0,2.9187,0,5.907
102,2011,170,100,13.35,.11865,0,3.2588,0,5.89
102,2011,170,200,13.36,0,0,2.4836,0,5.824
102,2011,170,300,13.38,0,0,3.5592,0,5.681
102,2011,170,400,13.39,0,0,3.1083,0,5.725
102,2011,170,500,13.4,.03164,0,1.843,0,5.592
102,2011,170,600,13.41,.06328,0,2.7922,0,5.747
102,2011,170,700,13.41,0,0,2.7606,0,5.752
102,2011,170,800,13.41,9.6655,8.3777,3.7729,0,5.841
102,2011,170,900,13.4,162.65,163.64,24.606,0,5.929
102,2011,170,1000,13.37,402.59,411.64,59.375,0,36.2
102,2011,170,1100,13.29,1263.7,1311.2,186.01,.383,117.2
102,2011,170,1200,13.24,1630.2,1720.8,225.72,.566,167.8
102,2011,170,1300,13.26,363.28,377.44,46.013,0,10.06
102,2011,170,1400,12.87,1158.5,1195.1,157.81,.05,27.02
102,2011,170,1500,12.8,2101.4,2231.6,291.31,.716,212.2
102,2011,170,1600,12.8,1654.9,1761.6,229.48,.8,171.8
102,2011,170,1700,12.81,1463.6,1543.7,208.03,.85,184.4
102,2011,170,1800,12.81,948.24,993.73,134.12,.55,141.6
102,2011,170,1900,13.22,213.35,221.71,29.228,0,22.56
102,2011,170,2000,13.27,10.971,11.885,1.8351,0,5.956
102,2011,170,2100,13.3,0,0,1.0916,0,5.956
102,2011,170,2200,13.33,.01582,0,2.1199,0,5.956
102,2011,170,2300,13.35,.03955,0,1.9933,0,5.956
101,2011,170,2400,12.8,11383,11952,1624.3,3.915
102,2011,170,2400,13.37,.08701,0,2.009,0,5.956
102,2011,171,100,13.37,.22938,0,1.3209,0,5.956
102,2011,171,200,13.38,.24519,0,1.2418,0,5.956
102,2011,171,300,13.39,.04746,0,2.1751,0,5.956
102,2011,171,400,13.4,0,0,3.0213,0,5.929
102,2011,171,500,13.4,.02373,0,1.5739,0,5.934
102,2011,171,600,13.42,.03164,0,1.7795,0,5.896
102,2011,171,700,13.42,.03164,0,2.167,0,5.852
102,2011,171,800,13.42,33.592,33.608,7.2846,0,5.934
102,2011,171,900,13.39,385.75,394.3,62.901,0,40
102,2011,171,1000,13.34,905.55,933.28,139.86,.483,127.3
102,2011,171,1100,13.28,1586.2,1654.1,236.45,1,223.1
102,2011,171,1200,13.21,2121.8,2251.5,294.74,.883,257.3
102,2011,171,1300,13.18,2648.4,2829.2,360.66,1,340.4
102,2011,171,1400,13.17,2531.7,2686.6,340.97,.883,286.2
102,2011,171,1500,13.17,909.67,945.42,119.72,0,26.39
102,2011,171,1600,13.2,1369.1,1448.7,196,.417,136.2
102,2011,171,1700,13.19,1578.2,1676.7,235.88,1,305.5
102,2011,171,1800,13.2,862.08,901.43,129.84,.783,188.9
102,2011,171,1900,13.23,409.96,425.67,62.176,.283,95.3
102,2011,171,2000,13.26,36.031,38.764,6.3281,0,8.82
102,2011,171,2100,12.81,0,0,1.3684,0,5.973
102,2011,171,2200,12.77,0,0,2.2306,0,5.956
102,2011,171,2300,12.75,0,0,3.1797,0,6.778
101,2011,171,2400,12.75,15379,16219,2216.8,6.731
102,2011,171,2400,12.75,0,0,3.931,0,6.469
102,2011,172,100,13.36,0,0,3.1637,0,6.524
102,2011,172,200,12.91,0,0,2.0247,0,6.353
102,2011,172,300,13.42,0,0,3.4563,0,6.574
102,2011,172,400,13.44,0,0,4.3108,0,6.619
102,2011,172,500,13.45,0,0,2.6893,0,6.206
102,2011,172,600,13.47,.01582,0,3.9944,0,5.384
102,2011,172,700,13.48,.20567,0,3.1562,0,5.296
102,2011,172,800,13.48,28.327,28.117,7.4437,0,6.664
102,2011,172,900,13.45,380.44,390.03,55.884,0,59.73
102,2011,172,1000,13.39,780.7,808.42,107.83,.4,103.8
102,2011,172,1100,13.3,1860.7,1938.8,260.38,1,294.3
102,2011,172,1200,13.23,2223.7,2363.5,286.03,.7,272.6
102,2011,172,1300,13.2,1945,2024.8,254.19,.333,144.8
102,2011,172,1400,13.17,3057.2,3184.1,385.89,.933,435
102,2011,172,1500,13.15,2829.1,3081.9,360.71,.933,473.2
102,2011,172,1600,13.14,1447.9,1560.9,190.81,.367,173.5
102,2011,172,1700,13.17,1165.4,1233.7,161.9,.417,153.1
102,2011,172,1800,13.18,521.51,544.78,68.977,.1,36.59
102,2011,172,1900,13.22,78.338,81.284,10.126,0,9.9
102,2011,172,2000,13.25,19.823,20.692,2.9188,0,6.231
102,2011,172,2100,13.28,.02373,0,.54576,0,5.912
102,2011,172,2200,13.32,0,0,1.1232,0,5.78
102,2011,172,2300,13.33,0,0,2.199,0,5.548
101,2011,172,2400,12.91,16339,17261,2181.7,5.181
102,2011,172,2400,13.35,.04746,0,1.9221,0,5.774
102,2011,173,100,13.36,.15028,0,2.1435,0,5.592
102,2011,173,200,13.37,.60904,0,1.9379,0,5.543
102,2011,173,300,13.37,.06328,0,2.009,0,5.416
102,2011,173,400,13.38,.61694,0,2.2542,0,5.377
102,2011,173,500,13.39,.60111,0,1.0599,0,5.41
102,2011,173,600,13.39,.54574,0,1.4474,0,5.355
102,2011,173,700,13.4,.03955,0,2.0564,0,5.306
102,2011,173,800,13.42,30.934,31.367,5.8608,0,5.796
102,2011,173,900,13.4,335.75,341.35,53.112,0,45.7
102,2011,173,1000,13.35,798.77,823.88,118.26,.367,75.7
102,2011,173,1100,13.27,1737.9,1821.9,245.01,.983,256.3
102,2011,173,1200,13.25,1317.9,1383.5,181.98,.267,89.1
102,2011,173,1300,13.25,1184.8,1236.1,161.47,.1,84.4
102,2011,173,1400,13.25,1658.2,1719.2,228.05,.217,63.69
102,2011,173,1500,13.25,1199.3,1248.2,162.13,0,12.85
102,2011,173,1600,13.2,2263.1,2424.4,323.36,.816,281.1
102,2011,173,1700,13.21,880.41,928.47,119.04,.233,90.8
102,2011,173,1800,12.82,561.51,581.45,74.06,0,34.41
102,2011,173,1900,12.8,93.873,99.063,13.138,0,6.282
102,2011,173,2000,13.32,22.726,23.342,4.58,0,5.901
102,2011,173,2100,13.35,.15029,0,2.4995,0,5.57
102,2011,173,2200,13.36,.57741,0,2.8554,0,5.703
102,2011,173,2300,13.39,0,0,1.9457,0,5.995
101,2011,173,2400,12.8,12089,12662,1712.8,2.982
102,2011,173,2400,13.4,.00791,0,2.5547,0,5.681
102,2011,174,100,13.42,.13446,0,2.7445,0,5.548
102,2011,174,200,13.43,.16611,0,2.0882,0,5.852
102,2011,174,300,13.44,.06328,0,2.2226,0,5.885
102,2011,174,400,13.45,.15028,0,2.2938,0,5.472
102,2011,174,500,13.47,.20565,0,3.0214,0,5.45
102,2011,174,600,13.47,.03955,0,2.6419,0,5.489
102,2011,174,700,13.49,.1503,0,1.7007,0,5.489
102,2011,174,800,13.48,21.215,19.874,3.9709,0,5.451
102,2011,174,900,13.46,231.55,233.53,30.958,0,8.85
102,2011,174,1000,13.42,740.92,760.24,108.35,0,33.33
102,2011,174,1100,13.37,984.47,1011.2,143.83,0,23.48
102,2011,174,1200,13.29,2000.6,2100.4,280.91,.367,125.8
102,2011,174,1300,13.23,2645.6,2812,350.11,.616,153.5
102,2011,174,1400,13.21,1428,1514.4,183.4,.25,88.3
102,2011,174,1500,12.85,619.34,644.7,84.956,0,36.38
102,2011,174,1600,13.27,207.21,204.97,25.708,0,11.91
102,2011,174,1700,13.25,419.19,420.18,53.699,0,7.01
102,2011,174,1800,13.35,529.89,530.34,72.855,0,34.18
102,2011,174,1900,13.35,109.83,104.55,21.056,0,6.591
102,2011,174,2000,12.81,8.1866,5.7768,5.8532,0,4.589
102,2011,174,2100,13.41,1.2734,.77929,.75929,0,2.758
102,2011,174,2200,13.44,.87008,.08768,.74352,0,2.62
102,2011,174,2300,13.45,1.2181,.12664,1.4,0,2.531
101,2011,174,2400,12.81,9951.2,10363,1386.3,1.233
102,2011,174,2400,13.46,.93336,.04871,1.0678,0,2.471
102,2011,175,100,13.46,.60114,.02922,1.8113,0,2.471
102,2011,175,200,13.47,.03955,0,1.6294,0,2.482
102,2011,175,300,13.47,.00791,0,1.9932,0,2.46
102,2011,175,400,13.49,0,0,2.3254,0,2.377
102,2011,175,500,13.49,.15819,0,2.2384,0,2.35
102,2011,175,600,13.51,.15029,0,1.938,0,2.284
102,2011,175,700,13.51,.08701,0,2.1912,0,2.306
102,2011,175,800,13.51,46.64,45.8,7.7522,0,7.08
102,2011,175,900,13.48,431.71,437.25,56.92,.117,75
102,2011,175,1000,13.4,1125.6,1149.4,149.8,1,188.7
102,2011,175,1100,13.32,1749.9,1799.9,226.78,1,260.7
102,2011,175,1200,13.28,2256.7,2371.4,282.06,1,307.6
102,2011,175,1300,13.23,2612.8,2742.6,311.59,1,311.3
102,2011,175,1400,13.19,2764,2849.4,326.11,1,303
102,2011,175,1500,13.18,2778,2886.2,336.35,.983,339.3
102,2011,175,1600,12.86,960.66,1011.4,113.88,.3,89.5
102,2011,175,1700,12.82,1430.7,1506,192.62,.616,166.9
102,2011,175,1800,12.82,592.84,620.21,73.299,.133,52.61
102,2011,175,1900,13.29,347.45,361.34,43.433,0,51.15
102,2011,175,2000,13.08,20.13,21.168,4.3581,0,3.166
102,2011,175,2100,12.8,0,0,3.3696,0,2.449
102,2011,175,2200,13.38,0,0,4.3186,0,2.201
102,2011,175,2300,13.4,0,0,3.0293,0,2.019
101,2011,175,2400,12.8,17118,17802,2152.7,7.15
102,2011,175,2400,13.42,0,0,2.9264,0,1.98
102,2011,176,100,13.44,0,0,3.8046,0,1.958
102,2011,176,200,13.45,0,0,3.4644,0,1.974
102,2011,176,300,13.46,0,0,3.8442,0,1.936
102,2011,176,400,13.47,0,0,2.0803,0,1.886
102,2011,176,500,13.49,0,0,2.7209,0,1.848
102,2011,176,600,13.49,0,0,2.3096,0,1.853
102,2011,176,700,13.5,.00791,0,1.9457,0,1.865
102,2011,176,800,13.51,38.459,38.413,7.7202,0,5.66
102,2011,176,900,13.47,465.99,452.82,65.548,.267,89.3
102,2011,176,1000,13.39,1172.3,1194.9,165.1,1,208.6
102,2011,176,1100,13.32,1925,2000.2,250.41,1,319
102,2011,176,1200,12.87,2337.8,2487.8,281.59,.95,359.5
102,2011,176,1300,12.83,2851.2,2992.9,334.59,.983,430.1
102,2011,176,1400,12.83,3101.5,3170.8,366.93,1,515.1
102,2011,176,1500,12.84,2783.8,2988.6,341.21,1,522.2
102,2011,176,1600,12.85,1984.6,2172.3,251.47,.766,295.2
102,2011,176,1700,13.14,1550.5,1676.7,210.1,.716,279.3
102,2011,176,1800,13.18,237.77,248.82,26.809,0,6.313
102,2011,176,1900,13.25,46.647,49.248,3.8128,0,3.821
102,2011,176,2000,13.3,8.9853,9.0304,1.3604,0,3.899
102,2011,176,2100,13.34,.00791,0,.71191,0,4.633
102,2011,176,2200,13.37,0,0,1.1548,0,4.633
102,2011,176,2300,13.39,0,0,2.8,0,4.633
101,2011,176,2400,12.83,18505,19482,2334.7,7.68
102,2011,176,2400,13.41,0,0,3.2587,0,4.633
102,2011,177,100,13.41,0,0,2.3253,0,4.6
102,2011,177,200,13.42,.01582,0,2.1434,0,4.302
102,2011,177,300,13.44,0,0,2.8948,0,4.302
102,2011,177,400,13.45,0,0,2.2385,0,4.302
102,2011,177,500,13.46,0,0,2.4758,0,4.302
102,2011,177,600,13.44,0,0,2.6656,0,4.633
102,2011,177,700,13.43,0,0,2.2622,0,4.633
102,2011,177,800,13.47,49.917,49.701,9.4045,0,9.68
102,2011,177,900,13.43,316.13,316.4,46.169,0,39.39
102,2011,177,1000,13.4,636.56,658.99,79.571,.083,90
102,2011,177,1100,13.29,1802.9,1876.2,245.4,1,299.4
102,2011,177,1200,13.22,2482,2642,315.12,1,391.7
102,2011,177,1300,13.18,2883,2948.7,356.53,1,457.1
102,2011,177,1400,13.14,3145.8,3101.4,393.68,.966,448.2
102,2011,177,1500,13.11,2879.9,2990,378.12,.866,468.8
102,2011,177,1600,13.11,2122.6,2340.4,287.4,.8,435.6
102,2011,177,1700,13.17,2038.6,2227.2,296.26,1,529
102,2011,177,1800,13.2,973.26,1039.1,140.95,1,309
102,2011,177,1900,13.23,308.44,323.78,44.585,.25,92
102,2011,177,2000,13.27,6.2016,6.8488,.64864,0,4.445
102,2011,177,2100,13.31,0,0,1.0521,0,3.883
102,2011,177,2200,13.37,0,0,2.4204,0,3.304
102,2011,177,2300,13.4,.15818,0,3.9151,0,3.21
101,2011,177,2400,13.11,19646,20521,2621.6,7.96
102,2011,177,2400,13.42,.46666,0,3.3536,0,3.133
102,2011,178,100,13.42,.19774,0,3.409,0,3.094
102,2011,178,200,13.44,0,0,4.0656,0,3.111
102,2011,178,300,13.45,.03164,0,3.7493,0,3.022
102,2011,178,400,13.45,.03955,0,4.5482,0,2.995
102,2011,178,500,13.46,0,0,3.1955,0,2.901
102,2011,178,600,13.47,0,0,2.1277,0,2.609
102,2011,178,700,13.49,0,0,2.2306,0,2.482
102,2011,178,800,13.49,52.571,52.589,9.5002,0,8.61
102,2011,178,900,13.43,604.85,617.22,89.731,.433,110.4
102,2011,178,1000,13.36,1263,1290.1,185.02,1,236
102,2011,178,1100,13.29,1925.1,2020.8,262.65,1,329.9
102,2011,178,1200,13.23,2380.5,2551,309.01,.983,337.1
102,2011,178,1300,13.23,1823.7,1889.3,238.19,.333,126.8
102,2011,178,1400,13.2,2239,2311.5,302.45,.633,240.2
102,2011,178,1500,13.19,2537.5,2727,351.16,.983,376.5
102,2011,178,1600,13.19,1814.9,1957.5,252.18,.666,232.3
102,2011,178,1700,13.2,1467.6,1567.3,208.23,.816,234.8
102,2011,178,1800,13.22,813.7,846.04,117.62,.417,153
102,2011,178,1900,13.26,458.04,473.33,68.581,.5,139.7
102,2011,178,2000,13.29,28.135,30.063,4.8013,0,4.566
102,2011,178,2100,13.32,0,0,1.5978,0,2.785
102,2011,178,2200,13.35,0,0,1.851,0,2.68
102,2011,178,2300,13.36,0,0,2.6261,0,3.061
101,2011,178,2400,13.19,17409,18334,2431.3,7.76
102,2011,178,2400,13.38,0,0,2.7763,0,3.133
102,2011,179,100,13.39,.02373,0,2.5232,0,3.033
102,2011,179,200,13.39,0,0,1.835,0,3
102,2011,179,300,13.4,.10282,0,1.574,0,2.978
102,2011,179,400,13.41,.02373,0,1.2101,0,2.978
102,2011,179,500,13.42,.14237,0,.50619,0,2.978
102,2011,179,600,13.42,.05536,0,.87001,0,2.973
102,2011,179,700,13.42,.14236,0,1.1152,0,3.215
102,2011,179,800,13.42,4.3659,3.6042,3.6619,0,3.171
102,2011,179,900,13.45,31.939,29.702,2.5232,0,3.166
102,2011,179,1000,13.46,66.656,64.988,4.9515,0,3.365
102,2011,179,1100,13.44,609.11,611.87,64.695,0,9.03
102,2011,179,1200,13.39,1230.2,1247.5,156.06,0,9.22
102,2011,179,1300,13.36,1202.6,1213.3,160.4,0,18.84
102,2011,179,1400,13.34,1107.3,1122.9,147.36,0,5.741
102,2011,179,1500,13.33,1088.3,1112.7,134.08,0,6.541
102,2011,179,1600,13.32,1182.2,1227.2,134.02,0,18.88
102,2011,179,1700,13.3,1089.6,1143.7,125.56,.3,77.1
102,2011,179,1800,13.32,575.72,599.3,67.935,0,52.91
102,2011,179,1900,13.35,262.62,272.34,31.197,0,24.53
102,2011,179,2000,13.37,29.385,30.512,3.8837,0,4.296
102,2011,179,2100,13.41,0,0,1.0124,0,4.147
102,2011,179,2200,13.43,0,0,1.748,0,4.015
102,2011,179,2300,13.45,0,0,2.4521,0,4.026
101,2011,179,2400,13.3,8480.6,8679.6,1053.3,.3
102,2011,179,2400,13.46,.01582,0,2.0882,0,4.103
102,2011,180,100,13.47,.04746,0,2.3096,0,4.104
102,2011,180,200,13.47,0,0,2.7684,0,4.109
102,2011,180,300,13.48,0,0,1.9062,0,4.038
102,2011,180,400,13.49,.00791,0,2.1514,0,4.01
102,2011,180,500,13.5,0,0,2.998,0,4.005
102,2011,180,600,13.51,0,0,2.4443,0,4.022
102,2011,180,700,13.51,.04746,0,3.0534,0,4
102,2011,180,800,13.51,21.01,19.709,5.8695,0,3.994
102,2011,180,900,13.5,264.54,266.3,33.643,0,20.43
102,2011,180,1000,13.44,826.75,845.89,108.1,0,87.8
102,2011,180,1100,13.34,1679.2,1740.5,211.81,.916,195.6
102,2011,180,1200,13.27,2373,2506.6,288.39,.916,295.9
102,2011,180,1300,13.22,2649.7,2822.1,310.63,.966,347
102,2011,180,1400,13.17,3175.1,3350,387.64,1,429.2
102,2011,180,1500,13.17,1806.7,1903.8,219.97,.433,137.6
102,2011,180,1600,13.2,1226.4,1283.5,150.61,.067,47.02
102,2011,180,1700,13.2,1178.2,1243.9,153.2,.45,143.9
102,2011,180,1800,13.24,310.69,321.47,34.672,0,10
102,2011,180,1900,13.3,118.06,125.02,13.051,0,10.51
102,2011,180,2000,13.34,17.061,18.344,4.7222,0,3.96
102,2011,180,2100,13.36,.00791,0,1.8746,0,3.949
102,2011,180,2200,13.39,.11864,0,2.3887,0,3.657
102,2011,180,2300,13.4,0,0,2.357,0,3.64
101,2011,180,2400,13.17,15647,16447,1949.8,4.748
102,2011,180,2400,13.42,.03955,0,3.2351,0,3.64
102,2011,181,100,13.43,0,0,2.4758,0,3.679
102,2011,181,200,13.45,.79097,0,2.4837,0,3.971
102,2011,181,300,13.47,0,0,2.7842,0,3.971
102,2011,181,400,13.48,0,0,3.1401,0,3.972
102,2011,181,500,13.49,.01582,0,2.096,0,3.961
102,2011,181,600,13.5,0,0,2.4205,0,3.873
102,2011,181,700,13.51,0,0,2.7607,0,3.972
102,2011,181,800,13.51,26.99,25.506,5.735,0,4.706
102,2011,181,900,13.48,361.6,365.75,47.295,0,63.8
102,2011,181,1000,13.44,684.35,698.48,86.849,.2,92.1
102,2011,181,1100,13.35,1596.5,1666.8,204.47,1,249.9
102,2011,181,1200,13.25,2444.6,2623.6,299.56,1,325.8
102,2011,181,1300,13.21,2729.7,2909.1,326.4,.916,387.7
102,2011,181,1400,13.18,2485.8,2594.6,303.83,.7,251.9
102,2011,181,1500,13.18,1947.3,2092.5,247.32,.483,208.3
102,2011,181,1600,13.18,1902,2088.1,244.46,.9,383.6
102,2011,181,1700,13.18,1603.5,1730.5,218.4,.866,421.7
102,2011,181,1800,13.2,1069.3,1133.2,144.34,.583,317
102,2011,181,1900,13.24,489.87,501.69,68.61,.733,189.8
102,2011,181,2000,13.27,22.719,25.184,3.1957,0,4.946
102,2011,181,2100,13.32,0,0,2.4124,0,3.954
102,2011,181,2200,13.35,0,0,1.6532,0,3.877
102,2011,181,2300,13.37,0,0,2.4916,0,3.767
101,2011,181,2400,13.18,17365,18455,2227.9,7.38
102,2011,181,2400,13.39,0,0,2.7604,0,3.723
102,2011,182,100,13.4,0,0,2.3887,0,3.673
102,2011,182,200,13.42,0,0,3.1638,0,3.673
102,2011,182,300,13.44,0,0,2.6418,0,3.651
102,2011,182,400,13.45,0,0,3.6543,0,3.64
102,2011,182,500,13.46,0,0,3.8442,0,3.64
102,2011,182,600,13.46,0,0,1.8114,0,3.64
102,2011,182,700,13.48,0,0,1.7243,0,3.624
102,2011,182,800,13.49,23.895,22.532,5.0147,0,3.591
102,2011,182,900,13.47,331.58,328.34,44.816,.033,51.28
102,2011,182,1000,13.39,1084.6,1119,154.65,1,205.1
102,2011,182,1100,13.3,1879.8,1974.9,249.35,1,322.6
102,2011,182,1200,13.27,1834,1926.8,229.68,.583,158.1
102,2011,182,1300,13.23,2525.3,2643.1,309.75,.766,297.3
102,2011,182,1400,13.18,2768.3,2855,343.5,.833,402.4
102,2011,182,1500,13.19,1849.8,1982.6,244.85,.516,258.6
102,2011,182,1600,13.17,2404,2684.6,327.55,1,520.6
102,2011,182,1700,13.17,1107.8,1178.5,147.64,.466,176.6
102,2011,182,1800,13.2,1138.7,1200.6,160.77,1,271.5
102,2011,182,1900,13.22,440.96,458.33,61.681,.25,91.5
102,2011,182,2000,13.26,42.716,45.341,6.3204,0,8.07
102,2011,182,2100,13.3,0,0,1.139,0,3.64
102,2011,182,2200,13.34,0,0,3.077,0,3.64
102,2011,182,2300,13.37,0,0,3.2509,0,3.64
101,2011,182,2400,13.17,17431,18420,2315.3,7.45
102,2011,182,2400,13.39,0,0,3.0373,0,3.64
102,2011,183,100,13.41,0,0,3.6383,0,3.717
102,2011,183,200,13.42,.37174,.00974,2.5152,0,3.971
102,2011,183,300,13.42,.01582,0,1.4078,0,3.971
102,2011,183,400,13.42,.00791,0,2.0089,0,3.971
102,2011,183,500,13.43,.04746,0,2.009,0,3.971
102,2011,183,600,13.44,0,0,1.5661,0,3.971
102,2011,183,700,13.44,0,0,1.8429,0,3.971
102,2011,183,800,13.44,30.389,29.761,5.6318,0,3.971
102,2011,183,900,13.44,282.01,286.82,39.478,0,16.64
102,2011,183,1000,13.38,1149.8,1187.2,166.47,.8,187.3
102,2011,183,1100,13.3,1951.9,2072.2,264.31,1,336.9
102,2011,183,1200,13.23,2451.7,2678.9,310.58,1,433.3
102,2011,183,1300,13.18,2738.5,2862.2,341.44,1,413.2
102,2011,183,1400,13.17,2752,2796,352.29,.933,388.9
102,2011,183,1500,13.17,2230.7,2366.6,302.36,1,329
102,2011,183,1600,13.16,2116,2328.2,292.01,.783,358.5
102,2011,183,1700,13.19,1662.8,1797.3,240.98,.816,408.3
102,2011,183,1800,13.19,1264.6,1335.6,192.67,1,414.5
102,2011,183,1900,13.22,551.32,564.73,85.352,.8,233.4
102,2011,183,2000,13.25,17.261,19.632,1.677,0,2.652
102,2011,183,2100,13.29,0,0,.36385,0,2.912
102,2011,183,2200,13.32,0,0,1.9932,0,2.774
102,2011,183,2300,13.35,0,0,2.2939,0,2.807
101,2011,183,2400,13.16,19200,20325,2618.4,9.13
102,2011,183,2400,13.38,0,0,3.504,0,2.686
102,2011,184,100,13.39,.00791,.00974,2.8949,0,2.647
102,2011,184,200,13.41,0,0,3.0135,0,2.647
102,2011,184,300,13.43,0,0,3.0055,0,2.647
102,2011,184,400,13.44,0,0,3.0294,0,2.647
102,2011,184,500,13.46,0,0,4.5877,0,2.642
102,2011,184,600,13.47,0,0,2.5865,0,2.637
102,2011,184,700,13.48,.15819,0,2.8712,0,2.598
102,2011,184,800,13.49,37.272,37.516,8.1077,0,7.29
102,2011,184,900,13.44,510.45,515.45,83.351,.3,95.5
102,2011,184,1000,13.37,1116.4,1141.1,170.97,1,204.1
102,2011,184,1100,13.3,1860.3,1965.7,259.36,1,325.2
102,2011,184,1200,13.23,2265.9,2463.9,293.81,1,375.5
102,2011,184,1300,13.18,2488.7,2582.9,314.69,.75,377.8
102,2011,184,1400,13.17,3027.3,3012.1,386.53,1,512.9
102,2011,184,1500,13.14,2928.1,3027.8,391.39,.966,564.1
102,2011,184,1600,13.14,2044.1,2260.8,278.31,.716,424.3
102,2011,184,1700,13.16,1507.1,1643.2,216.47,.9,281.4
102,2011,184,1800,13.19,607.86,640.01,81.568,.017,44.87
102,2011,184,1900,13.23,436.65,452.13,64.917,.217,75.8
102,2011,184,2000,13.26,23.178,25.389,2.9111,0,4.34
102,2011,184,2100,13.3,0,0,.40339,0,3.971
102,2011,184,2200,13.35,0,0,2.4047,0,3.971
102,2011,184,2300,13.37,0,0,2.7605,0,3.96
101,2011,184,2400,13.14,18853,19768,2584.1,7.86
102,2011,184,2400,13.39,0,0,4.1841,0,3.943
102,2011,185,100,13.41,0,0,3.3219,0,3.938
102,2011,185,200,13.41,.00791,0,2.5942,0,3.949
102,2011,185,300,13.42,0,0,2.4281,0,3.96
102,2011,185,400,13.43,0,0,2.2462,0,3.96
102,2011,185,500,13.44,0,0,1.7638,0,3.932
102,2011,185,600,13.44,0,0,1.4632,0,3.938
102,2011,185,700,13.45,0,0,1.8271,0,3.954
102,2011,185,800,13.45,.27684,.21432,1.2102,0,3.932
102,2011,185,900,13.45,15.171,13.034,3.2192,0,3.778
102,2011,185,1000,13.45,214.84,214.91,23.524,0,5.013
102,2011,185,1100,12.78,228.7,230.19,24.606,0,6.899
102,2011,185,1200,12.76,369.87,373.88,45.598,0,4.484
102,2011,185,1300,12.75,581.79,585.82,75.825,0,15.78
102,2011,185,1400,12.75,1198.1,1219.9,161.93,0,11.16
102,2011,185,1500,12.73,948.14,963.69,128.02,0,9.53
102,2011,185,1600,12.71,768.64,780.95,103.49,0,12.65
102,2011,185,1700,12.75,768.02,794.31,101.11,.067,39.92
102,2011,185,1800,12.75,199.77,208.48,23.777,0,7.34
102,2011,185,1900,12.75,124.54,126.72,17.054,0,4.092
102,2011,185,2000,12.74,29.021,30.161,6.0035,0,3.971
102,2011,185,2100,12.73,0,0,3.0293,0,3.971
102,2011,185,2200,13.35,0,0,4.1918,0,3.971
102,2011,185,2300,13.37,0,0,3.1004,0,3.971
101,2011,185,2400,12.71,5446.8,5542.3,744.06,.067
102,2011,185,2400,13.39,.00791,0,2.7287,0,3.971
102,2011,186,100,13.41,0,0,1.653,0,3.971
102,2011,186,200,13.42,0,0,3.1797,0,3.971
102,2011,186,300,13.44,0,0,3.3695,0,3.971
102,2011,186,400,13.45,0,0,1.7638,0,3.971
102,2011,186,500,13.46,0,0,2.4283,0,3.971
102,2011,186,600,13.47,0,0,2.2147,0,3.972
102,2011,186,700,13.48,0,0,2.5706,0,3.972
102,2011,186,800,13.48,17.243,16.375,4.1367,0,3.944
102,2011,186,900,13.47,288.7,286.85,40.552,0,42.14
102,2011,186,1000,13,804.74,825.2,113.58,.65,132.1
102,2011,186,1100,12.85,1185,1227.3,160.18,.733,136.6
102,2011,186,1200,12.83,2187.5,2325.4,287.22,.983,276.2
102,2011,186,1300,12.83,1901.7,1978.7,243.79,.383,160.4
102,2011,186,1400,13.28,1243.8,1279.3,163.64,0,5.464
102,2011,186,1500,13.25,2185.3,2316.8,296.01,.633,217.2
102,2011,186,1600,13.25,1800.7,1927.4,246.6,.716,207.8
102,2011,186,1700,13.25,867.62,900.37,114.55,.017,28.85
102,2011,186,1800,13.27,856.74,898.31,117.51,.433,134.3
102,2011,186,1900,12.85,339.47,351.99,46.13,.033,47.36
102,2011,186,2000,12.81,21.276,22.678,2.5864,0,5.752
102,2011,186,2100,12.79,0,0,1.4159,0,3.971
102,2011,186,2200,12.78,0,0,3.2588,0,3.971
102,2011,186,2300,12.77,0,0,3.6699,0,3.971
101,2011,186,2400,12.75,13700,14357,1865.7,4.582
102,2011,186,2400,12.75,0,0,3.6464,0,3.971
102,2011,187,100,12.75,0,0,4.3663,0,3.971
102,2011,187,200,12.74,0,0,3.6306,0,3.972
102,2011,187,300,12.73,0,0,4.2316,0,3.972
102,2011,187,400,12.72,0,0,2.5311,0,3.972
102,2011,187,500,12.72,0,0,2.4997,0,3.972
102,2011,187,600,12.71,0,0,2.7369,0,3.972
102,2011,187,700,12.7,0,0,2.808,0,3.972
102,2011,187,800,12.7,24.181,22.689,5.2126,0,5.66
102,2011,187,900,13.44,420.67,391.3,62.79,.45,98.3
102,2011,187,1000,13.37,1110.3,1130.7,164.1,1,209.5
102,2011,187,1100,13.3,1853.1,1958.4,259.89,1,337.7
102,2011,187,1200,13.25,2193,2360.2,291.65,1,348.5
102,2011,187,1300,13.21,2667.1,2791.5,359.03,1,431.6
102,2011,187,1400,13.17,2890.8,2989.3,390.84,1,509.1
102,2011,187,1500,13.16,2799.7,3089.1,388.21,1,590.4
102,2011,187,1600,13.15,2515.4,2864.4,360.75,1,618.6
102,2011,187,1700,13.15,1921.4,2121.2,285.18,1,600
102,2011,187,1800,13.17,1187,1256.2,182.75,1,487
102,2011,187,1900,13.21,554.68,558.95,88.853,1,323.7
102,2011,187,2000,13.24,50.027,52.212,7.9818,.083,30.33
102,2011,187,2100,13.3,0,0,2.3095,0,3.971
102,2011,187,2200,13.34,0,0,4.5481,0,3.971
102,2011,187,2300,13.38,0,0,4.5876,0,3.971
101,2011,187,2400,12.7,20187,21586,2885.1,10.53
102,2011,187,2400,13.4,0,0,3.5672,0,3.971
102,2011,188,100,13.42,0,0,2.2939,0,3.971
102,2011,188,200,13.44,0,0,3.6939,0,3.971
102,2011,188,300,13.46,0,0,3.9232,0,3.972
102,2011,188,400,13.48,0,0,2.7448,0,3.972
102,2011,188,500,13.5,0,0,3.971,0,3.972
102,2011,188,600,13.51,0,0,4.4931,0,3.972
102,2011,188,700,13.52,0,0,2.8319,0,3.972
102,2011,188,800,13.53,27.551,27.726,7.3405,0,6.703
102,2011,188,900,13.49,387.47,367.85,63.17,.15,79.2
102,2011,188,1000,13.42,1030.8,1052.1,162.04,1,196.8
102,2011,188,1100,13.35,1702.5,1804,252.79,1,306.3
102,2011,188,1200,13.27,2257.3,2459.7,317.66,1,407.1
102,2011,188,1300,13.22,2663.4,2776.7,366.42,1,491.8
102,2011,188,1400,13.19,2778.5,2821.2,388.8,1,516.1
102,2011,188,1500,13.16,2656.7,2893.9,380.68,1,582.6
102,2011,188,1600,13.15,2322.7,2667.6,343.1,1,604.5
102,2011,188,1700,13.15,1832.4,2041.1,280.87,1,588
102,2011,188,1800,13.17,1214.2,1292,195.12,1,494.4
102,2011,188,1900,13.21,528.43,535.15,88.435,1,291
102,2011,188,2000,12.82,40.818,43.024,6.8663,.017,24.68
102,2011,188,2100,12.8,0,0,.94125,0,3.971
102,2011,188,2200,12.79,0,0,2.2622,0,3.971
102,2011,188,2300,12.77,0,0,4.2237,0,3.971
101,2011,188,2400,12.75,19443,20782,2887.9,10.16
102,2011,188,2400,12.75,0,0,3.2588,0,3.971
102,2011,189,100,12.75,0,0,2.7923,0,3.971
102,2011,189,200,12.74,0,0,2.7052,0,3.971
102,2011,189,300,12.73,0,0,4.2791,0,3.972
102,2011,189,400,12.72,0,0,4.2319,0,3.972
102,2011,189,500,12.72,0,0,3.5518,0,3.972
102,2011,189,600,12.71,0,0,4.3585,0,3.972
102,2011,189,700,12.7,0,0,4.1844,0,3.972
102,2011,189,800,12.7,16.643,17.088,5.3472,0,4.375
102,2011,189,900,12.7,407.91,410.88,67.615,.2,77.5
102,2011,189,1000,12.71,1087.6,1106.7,170.34,1,202.4
102,2011,189,1100,12.73,1764.8,1872.1,262.81,1,320.4
102,2011,189,1200,12.76,2386,2612.1,347.43,1,435.2
102,2011,189,1300,12.79,2746.9,2883.5,387.44,1,517
102,2011,189,1400,12.81,2878.9,2923.6,403.56,1,554.2
102,2011,189,1500,12.83,2763.7,2989,398.81,1,619.4
102,2011,189,1600,12.83,2398.9,2759.1,358.49,1,631.1
102,2011,189,1700,12.83,1859.8,2075.5,289.07,1,596.2
102,2011,189,1800,12.81,1227.5,1304.4,198.57,1,506.5
102,2011,189,1900,12.8,496.52,505.07,81.582,.866,265
102,2011,189,2000,12.79,21.706,24.239,2.8635,0,10.55
102,2011,189,2100,13.28,0,0,1.7481,0,3.971
102,2011,189,2200,13.32,0,0,2.6656,0,3.971
102,2011,189,2300,13.35,0,0,3.0926,0,3.971
101,2011,189,2400,12.7,20057,21483,3011.4,10.06
102,2011,189,2400,13.37,0,0,3.8996,0,3.971
102,2011,190,100,13.38,0,0,3.9471,0,3.971
102,2011,190,200,13.4,0,0,2.0487,0,3.971
102,2011,190,300,13.43,0,0,3.1956,0,3.966
102,2011,190,400,13.45,0,0,3.8282,0,3.927
102,2011,190,500,13.47,.30059,.10717,2.7685,0,3.966
102,2011,190,600,13.47,.03164,0,1.4158,0,3.966
102,2011,190,700,13.48,.0791,0,2.017,0,3.933
102,2011,190,800,13.49,15.679,15.978,5.2367,0,4.038
102,2011,190,900,13.47,351.88,356.27,58.703,.017,72
102,2011,190,1000,13.4,981.74,1002.1,152.48,.966,192.7
102,2011,190,1100,13.33,1412.3,1491.2,206.48,1,244.7
102,2011,190,1200,13.25,2107.8,2279.7,303.33,1,328.8
102,2011,190,1300,13.2,2913.5,3030.7,399.89,1,556.8
102,2011,190,1400,13.18,2949.9,2992.2,410.16,1,540.7
102,2011,190,1500,13.16,2860.2,3087.9,410.18,1,567.4
102,2011,190,1600,13.15,2437.5,2782.1,356.12,1,563
102,2011,190,1700,13.16,1688.7,1854.4,253.91,1,389.7
102,2011,190,1800,13.2,671.14,702.91,97.135,0,77
102,2011,190,1900,13.24,426.15,439.7,65.499,.666,137.4
102,2011,190,2000,12.86,43.577,45.554,7.3564,0,17.26
102,2011,190,2100,12.84,0,0,1.3447,0,3.971
102,2011,190,2200,12.83,0,0,2.2464,0,3.971
102,2011,190,2300,12.81,0,0,2.4045,0,3.971
101,2011,190,2400,12.8,18860,20081,2755.4,8.65
102,2011,190,2400,12.8,0,0,3.7413,0,3.971
102,2011,191,100,12.79,0,0,3.9235,0,3.971
102,2011,191,200,12.78,0,0,3.5753,0,3.971
102,2011,191,300,12.76,0,0,3.1718,0,3.971
102,2011,191,400,12.76,.90964,.02923,4.5165,0,3.972
102,2011,191,500,12.74,0,0,2.2859,0,3.966
102,2011,191,600,12.74,0,0,3.9631,0,3.972
102,2011,191,700,12.73,0,0,3.5913,0,3.928
102,2011,191,800,12.72,32.471,32.948,8.8357,0,9.7
102,2011,191,900,12.72,504.43,499.21,83.556,.583,131.7
102,2011,191,1000,12.73,1279.6,1314,194.29,1,267.1
102,2011,191,1100,12.76,2018.9,2149.6,293.72,1,386
102,2011,191,1200,12.78,2599,2854.2,365.24,1,490.5
102,2011,191,1300,12.8,2937.9,3083.6,402.55,1,566.1
102,2011,191,1400,13.13,3043.7,3088.4,414.93,1,588.5
102,2011,191,1500,13.12,2915.2,3128.6,407.26,1,641.6
102,2011,191,1600,13.11,2573.2,2955.1,373.71,1,668.7
102,2011,191,1700,13.12,2077.3,2303.5,311.62,1,661.9
102,2011,191,1800,13,1403.4,1487.8,221.55,1,580.1
102,2011,191,1900,13.2,636.37,646.52,104.69,1,373.6
102,2011,191,2000,13.25,60.909,62.722,11.043,.15,42.31
102,2011,191,2100,13.3,0,0,1.0599,0,3.971
102,2011,191,2200,13.34,0,0,1.8667,0,3.971
102,2011,191,2300,13.38,0,0,2.5232,0,3.971
101,2011,191,2400,12.72,22083,23606,3227,10.73
102,2011,191,2400,13.4,0,0,3.5513,0,3.971
102,2011,192,100,13.42,0,0,4.0894,0,3.971
102,2011,192,200,13.44,.17402,0,4.7776,0,3.96
102,2011,192,300,13.44,0,0,2.0882,0,3.899
102,2011,192,400,13.46,.0791,0,2.5866,0,3.855
102,2011,192,500,13.46,.03164,0,2.8001,0,3.883
102,2011,192,600,13.47,0,0,3.5593,0,3.812
102,2011,192,700,13.49,.04746,0,2.7763,0,3.735
102,2011,192,800,13.5,31.096,30.757,9.5636,0,9.36
102,2011,192,900,13.44,513.5,511.28,87.051,.616,139.3
102,2011,192,1000,13.35,1313,1347.7,202.4,1,280.2
102,2011,192,1100,13.27,2052.8,2190.5,301.35,1,399
102,2011,192,1200,13.22,2630.4,2895.6,371.57,1,505.6
102,2011,192,1300,13.2,2378.9,2463.9,331.85,.633,231.2
102,2011,192,1400,13.17,2858.4,2920.5,399.17,.9,368.7
102,2011,192,1500,13.17,2463.8,2626.4,342.23,1,417.1
102,2011,192,1600,13.15,2595,2975.8,375.09,1,666.6
102,2011,192,1700,13.16,1892.6,2082.9,278.06,.9,537
102,2011,192,1800,13.2,1183.7,1250.1,181.78,.916,419.8
102,2011,192,1900,13.23,643.7,653.81,107.28,1,396.1
102,2011,192,2000,12.88,55.229,56.875,9.769,.167,44.48
102,2011,192,2100,12.81,0,0,1.3446,0,3.971
102,2011,192,2200,12.8,0,0,1.756,0,3.971
102,2011,192,2300,12.79,0,0,1.7085,0,3.971
101,2011,192,2400,12.78,20612,22006,3027.3,10.13
102,2011,192,2400,12.78,0,0,2.6892,0,3.971
102,2011,193,100,12.76,0,0,3.4329,0,3.971
102,2011,193,200,12.76,0,0,2.7606,0,3.96
102,2011,193,300,12.74,0,0,2.5232,0,3.751
102,2011,193,400,12.74,0,0,3.6622,0,3.674
102,2011,193,500,12.73,0,0,4.6592,0,3.641
102,2011,193,600,12.72,0,0,2.4127,0,3.641
102,2011,193,700,12.71,0,0,3.3064,0,3.641
102,2011,193,800,12.71,27.368,27.17,7.293,0,4.54
102,2011,193,900,12.71,408.98,414.62,68.66,.1,66.65
102,2011,193,1000,13.38,808.24,834.68,124.97,.283,100.4
102,2011,193,1100,13.28,1768.9,1869,266.19,1,319.5
102,2011,193,1200,13.22,2302,2498.7,336.67,1,383.7
102,2011,193,1300,13.19,2798.9,2961.6,388.43,1,501.9
102,2011,193,1400,13.17,2837.1,2906.1,393.39,.966,483
102,2011,193,1500,13.15,2674.6,2852.1,379.09,1,521.6
102,2011,193,1600,13.14,2458.3,2812.1,364.58,1,612.4
102,2011,193,1700,13.14,1446.3,1594.7,217.14,.766,328.1
102,2011,193,1800,13.17,962.87,1021.8,150.11,.45,206.4
102,2011,193,1900,13.22,383.22,393.84,60.809,.533,168.9
102,2011,193,2000,13.27,32.1,34.965,5.11,0,7.54
102,2011,193,2100,13.3,0,0,1.7718,0,3.971
102,2011,193,2200,13.35,0,0,2.9108,0,3.971
102,2011,193,2300,13.38,0,0,3.1401,0,3.971
101,2011,193,2400,12.71,18909,20221,2796,8.1
102,2011,193,2400,13.4,0,0,2.9423,0,3.938
102,2011,194,100,13.4,.00791,0,2.2937,0,3.877
102,2011,194,200,13.36,0,0,3.2982,0,3.772
102,2011,194,300,13.42,0,0,2.278,0,3.723
102,2011,194,400,13.44,0,0,1.6294,0,3.696
102,2011,194,500,13.45,0,0,2.4046,0,3.696
102,2011,194,600,13.47,0,0,2.1912,0,3.74
102,2011,194,700,13.47,0,0,2.1517,0,3.74
102,2011,194,800,13.48,27.481,26.47,5.0627,0,7.5
102,2011,194,900,13.44,447.6,447.49,66.962,.516,118.7
102,2011,194,1000,12.82,1164.2,1190,172.96,1,245.3
102,2011,194,1100,13.31,1439.4,1504.7,195.52,1,269.1
102,2011,194,1200,13.22,2263,2464.1,298.46,1,392.7
102,2011,194,1300,13.2,1989.7,2117.1,254.69,.583,290.6
102,2011,194,1400,13.17,2886.5,2968.6,387.25,.85,374.3
102,2011,194,1500,13.16,2182.6,2335.9,291.18,.6,324.1
102,2011,194,1600,12.86,2420.6,2747.4,339.32,1,571.7
102,2011,194,1700,12.86,1840.3,2051,262.68,.883,532.3
102,2011,194,1800,13.17,1317.6,1395.4,198.37,1,527.2
102,2011,194,1900,13.2,639.84,648.21,99.446,1,348.4
102,2011,194,2000,12.86,46.467,49.162,7.072,.033,26.05
102,2011,194,2100,12.79,0,0,1.1073,0,3.971
102,2011,194,2200,12.77,0,0,2.278,0,3.971
102,2011,194,2300,12.76,0,0,3.227,0,3.816
101,2011,194,2400,12.76,18665,19946,2606,9.46
102,2011,194,2400,13.35,0,0,4.1207,0,3.629
102,2011,195,100,13.38,0,0,3.7727,0,3.596
102,2011,195,200,13.4,0,0,1.574,0,3.475
102,2011,195,300,13.42,0,0,3.425,0,3.37
102,2011,195,400,13.44,0,0,4.0102,0,3.365
102,2011,195,500,13.45,0,0,3.1562,0,3.349
102,2011,195,600,13.47,0,0,3.2986,0,3.305
102,2011,195,700,13.49,0,0,4.5167,0,3.321
102,2011,195,800,13.49,31.561,31.623,9.1045,0,6.874
102,2011,195,900,13.46,400.76,401.58,61.913,.267,94
102,2011,195,1000,12.87,1142.2,1166.6,165.6,1,248.2
102,2011,195,1100,12.8,1930.1,2046.5,264.03,1,389.9
102,2011,195,1200,13.2,2495.3,2737.6,326.01,1,489.2
102,2011,195,1300,13.16,2860.9,2995.5,366.37,1,565.1
102,2011,195,1400,13.13,3031.8,3085.3,386.96,1,584.9
102,2011,195,1500,13.12,2938.5,3181.8,381.56,.966,590.7
102,2011,195,1600,13.12,2377.7,2721.4,318.65,.866,534.6
102,2011,195,1700,13.12,1682.6,1882.9,230.87,.8,455.1
102,2011,195,1800,13.17,1090.6,1153.2,156.11,.633,319.7
102,2011,195,1900,13.22,656.36,665.69,104.68,.983,324.7
102,2011,195,2000,13.25,46.858,48.495,9.0726,0,22.4
102,2011,195,2100,13.28,0,0,1.5107,0,3.64
102,2011,195,2200,13.33,0,0,2.0882,0,3.64
102,2011,195,2300,13.35,0,0,1.93,0,3.64
101,2011,195,2400,12.8,20685,22118,2813.2,9.51
102,2011,195,2400,13.36,0,0,3.0056,0,3.64
102,2011,196,100,13.37,0,0,3.7807,0,3.629
102,2011,196,200,13.39,0,0,4.4372,0,3.568
102,2011,196,300,13.42,0,0,2.7526,0,3.491
102,2011,196,400,13.44,0,0,3.0453,0,3.431
102,2011,196,500,13.45,0,0,3.5752,0,3.376
102,2011,196,600,13.47,0,0,2.381,0,3.354
102,2011,196,700,13.48,0,0,2.9822,0,3.349
102,2011,196,800,13.49,37.005,38.327,11.344,0,10.55
102,2011,196,900,13.44,508.86,504.88,79.681,.733,150
102,2011,196,1000,13.38,919,948.18,127.34,.983,190.5
102,2011,196,1100,13.3,1710.7,1802.7,231.38,.983,273.4
102,2011,196,1200,13.25,2261,2427.2,298.45,1,360.2
102,2011,196,1300,13.21,2225.1,2298.8,292.41,.766,202.9
102,2011,196,1400,13.18,2912.1,2996.9,376.17,1,440.4
102,2011,196,1500,13.18,2216.5,2376.4,290.05,.833,269.4
102,2011,196,1600,13.2,1441.7,1547.7,192.34,.35,114.6
102,2011,196,1700,13.22,1622.5,1728.6,230.58,.483,272.4
102,2011,196,1800,13.22,867.76,915.73,120.36,.417,154.4
102,2011,196,1900,13.27,187.93,193.74,24.577,0,4.45
102,2011,196,2000,12.86,22.424,23.127,3.6463,0,3.662
102,2011,196,2100,12.79,0,0,1.7402,0,3.64
102,2011,196,2200,12.78,0,0,2.9108,0,3.64
102,2011,196,2300,12.77,0,0,3.9784,0,3.64
101,2011,196,2400,12.77,16933,17802,2314.6,7.55
102,2011,196,2400,12.77,0,0,4.6902,0,3.607
102,2011,197,100,13.38,0,0,4.3818,0,3.579
102,2011,197,200,12.92,0,0,1.7322,0,3.513
102,2011,197,300,12.8,0,0,3.7016,0,3.552
102,2011,197,400,12.76,0,0,1.3605,0,3.32
102,2011,197,500,12.74,0,0,2.8951,0,3.31
102,2011,197,600,12.73,0,0,2.6896,0,3.31
102,2011,197,700,12.73,0,0,2.2228,0,3.332
102,2011,197,800,13.2,29.489,30.055,6.0197,0,9.91
102,2011,197,900,13.43,544.15,537.59,81.942,.833,175
102,2011,197,1000,13.34,1347.2,1373.5,194.74,1,309.7
102,2011,197,1100,13.27,1957.3,2088.8,263.53,1,411.5
102,2011,197,1200,13.22,2407.8,2635.9,310.04,.983,465.1
102,2011,197,1300,12.87,2962.6,3133.7,373.98,.983,582.4
102,2011,197,1400,12.84,2892.4,3031.4,366.66,.883,531.5
102,2011,197,1500,12.85,2721.7,3015.1,352.85,.833,520.6
102,2011,197,1600,13.12,2546.6,2903.2,342.43,.983,578.3
102,2011,197,1700,13.15,1938.6,2135.9,271.61,.9,491
102,2011,197,1800,13.17,1555.2,1640.8,226.31,1,607.9
102,2011,197,1900,13.2,755.76,754.34,113.53,1,468.5
102,2011,197,2000,13.24,77.7,78.733,13.781,.3,76.1
102,2011,197,2100,13.29,0,0,1.3209,0,3.64
102,2011,197,2200,13.33,0,0,2.2227,0,3.64
102,2011,197,2300,13.35,0,0,2.8001,0,3.64
101,2011,197,2400,12.73,21737,23359,2947.1,10.7
102,2011,197,2400,13.38,0,0,4.3582,0,3.634
102,2011,198,100,13.4,0,0,4.453,0,3.64
102,2011,198,200,13.41,0,0,2.9581,0,3.64
102,2011,198,300,13.42,0,0,2.6971,0,3.546
102,2011,198,400,13.44,0,0,4.0815,0,3.541
102,2011,198,500,13.46,0,0,2.3571,0,3.464
102,2011,198,600,13.47,0,0,3.528,0,3.387
102,2011,198,700,13.49,0,0,2.7054,0,3.376
102,2011,198,800,13.5,26.508,26.071,7.0245,0,6.179
102,2011,198,900,13.45,489.51,485.62,78.431,.633,142.6
102,2011,198,1000,13.35,1300.2,1327,187.12,1,303.7
102,2011,198,1100,13.25,1970.8,2103.1,269.8,1,413.2
102,2011,198,1200,13.21,2605.4,2901,341.02,1,532.4
102,2011,198,1300,13.18,2781.8,3004.9,358.08,1,569.2
102,2011,198,1400,13.15,2855.9,3045.3,361.74,.916,574.2
102,2011,198,1500,13.15,1947.6,2117.3,255.8,.417,282.4
102,2011,198,1600,13.16,1990.7,2250.9,268.11,.683,397.2
102,2011,198,1700,13.17,1539.2,1693.9,214.62,.75,401.3
102,2011,198,1800,13.2,1319.7,1397.1,190.14,1,422.8
102,2011,198,1900,13.22,630.08,639.87,95.24,.883,314.8
102,2011,198,2000,13.25,50.763,53.05,8.8361,.117,33.58
102,2011,198,2100,13.3,0,0,2.5706,0,3.971
102,2011,198,2200,13.34,0,0,2.4995,0,3.965
102,2011,198,2300,13.36,0,0,3.8363,0,3.971
101,2011,198,2400,13.15,19508,21045,2670,9.4
102,2011,198,2400,13.39,0,0,2.4045,0,3.965
102,2011,199,100,13.4,.03955,0,3.2586,0,3.954
102,2011,199,200,13.42,0,0,3.7253,0,3.96
102,2011,199,300,13.44,0,0,2.1277,0,3.971
102,2011,199,400,13.45,0,0,2.452,0,3.872
102,2011,199,500,13.45,0,0,3.8046,0,3.878
102,2011,199,600,13.46,0,0,3.0373,0,3.916
102,2011,199,700,13.46,0,0,1.9933,0,3.911
102,2011,199,800,13.47,32.018,32.683,5.9085,0,7.25
102,2011,199,900,13.46,451.68,445.8,65.262,.367,108.4
102,2011,199,1000,13.37,1262,1287.9,185.34,1,289.7
102,2011,199,1100,13.3,1961.2,2095.6,266.84,1,409.2
102,2011,199,1200,13.23,2490.7,2780.2,320.66,1,506.7
102,2011,199,1300,13.19,2520.8,2742.5,316.58,.833,454.7
102,2011,199,1400,13.16,2541.2,2682.3,331.69,.75,405.6
102,2011,199,1500,13.15,2867.3,3134,379.03,.983,580.1
102,2011,199,1600,13.14,2283.1,2585,303.49,.816,491.7
102,2011,199,1700,13.15,2042.4,2299.9,293.54,1,596.7
102,2011,199,1800,13.17,1435.2,1519.5,212.46,1,520.8
102,2011,199,1900,13.21,656.56,665.5,103.07,1,324
102,2011,199,2000,12.89,70.041,73.383,12.665,.133,38.62
102,2011,199,2100,12.8,0,0,1.3446,0,3.971
102,2011,199,2200,12.78,0,0,2.7922,0,3.971
102,2011,199,2300,12.77,0,0,2.9425,0,3.971
101,2011,199,2400,12.77,20614,22344,2826.4,9.88
102,2011,199,2400,12.77,0,0,2.365,0,3.916
102,2011,200,100,13.35,.02373,0,2.9107,0,3.899
102,2011,200,200,13.4,.00791,0,2.6892,0,3.899
102,2011,200,300,13.4,.02373,0,2.2858,0,3.899
102,2011,200,400,13.42,.02373,0,2.175,0,3.921
102,2011,200,500,13.42,.07118,0,2.0168,0,3.839
102,2011,200,600,13.43,0,0,1.0677,0,3.811
102,2011,200,700,13.45,0,0,2.7604,0,3.739
102,2011,200,800,13.47,32.216,32.147,7.8938,0,7.51
102,2011,200,900,13.45,383.16,386.81,62.866,.233,79.9
102,2011,200,1000,13.38,980.06,997.71,145.47,.916,206.5
102,2011,200,1100,13.28,1853.6,1960.8,261.56,1,376.7
102,2011,200,1200,13.22,2366.8,2563.8,319.22,1,436.6
102,2011,200,1300,13.2,2323.1,2414.1,304.59,.766,370.8
102,2011,200,1400,13.2,1614.6,1652.4,219.61,.333,142.9
102,2011,200,1500,13.18,1981.9,2102.6,281.71,.666,261.4
102,2011,200,1600,13.17,1933.7,2139.2,271.9,.783,352.7
102,2011,200,1700,13.18,1712.6,1889,254.5,.85,440.5
102,2011,200,1800,13.2,1275.6,1347.8,198.43,1,450.9
102,2011,200,1900,13.22,425.47,434.91,67.125,.466,179.7
102,2011,200,2000,13.25,46.855,49.114,8.7254,0,20.89
102,2011,200,2100,12.84,0,0,1.2181,0,3.971
102,2011,200,2200,13.32,0,0,1.6848,0,3.971
102,2011,200,2300,13.35,0,0,2.6103,0,3.971
101,2011,200,2400,12.84,16930,17970,2427.7,8.01
102,2011,200,2400,13.36,0,0,2.6735,0,3.971
102,2011,201,100,13.38,0,0,2.3254,0,3.965
102,2011,201,200,13.4,0,0,2.0248,0,3.938
102,2011,201,300,13.42,0,0,3.2902,0,3.932
102,2011,201,400,13.43,0,0,2.9105,0,3.927
102,2011,201,500,13.44,0,0,1.4395,0,3.794
102,2011,201,600,13.46,0,0,3.662,0,3.75
102,2011,201,700,13.47,0,0,1.922,0,3.684
102,2011,201,800,13.48,23.714,22.514,6.6997,0,6.018
102,2011,201,900,13.44,424.59,430.14,70.697,.283,87.7
102,2011,201,1000,13.38,988.53,1001.9,151.05,1,206.3
102,2011,201,1100,13.32,1533.7,1621.3,212.56,.816,291.3
102,2011,201,1200,13.23,2346.2,2590.1,314.54,1,453.6
102,2011,201,1300,13.21,2266.4,2435.9,304.48,.766,336.3
102,2011,201,1400,13.18,2522.4,2641,344.74,.883,349.3
102,2011,201,1500,13.17,2246.3,2404.8,313.06,1,337.3
102,2011,201,1600,13.18,1694.6,1834.8,240.9,.733,209.2
102,2011,201,1700,13.18,1440.1,1566.6,211.18,1,288.5
102,2011,201,1800,13.2,1178.7,1244.9,182.92,1,383.9
102,2011,201,1900,13.22,492.42,506.27,78.865,.7,190.3
102,2011,201,2000,13.25,32.213,34.899,4.8651,0,7.61
102,2011,201,2100,13.29,0,0,.95709,0,3.97
102,2011,201,2200,13.32,0,0,1.9299,0,3.971
102,2011,201,2300,13.34,0,0,2.3493,0,3.954
101,2011,201,2400,13.17,17190,18335,2462.4,9.18
102,2011,201,2400,13.36,0,0,2.9741,0,3.938
102,2011,202,100,13.38,.0791,0,2.1593,0,3.965
102,2011,202,200,13.39,.26893,0,1.5028,0,3.855
102,2011,202,300,13.4,.01582,0,1.3367,0,3.888
102,2011,202,400,13.4,0,0,2.3728,0,3.739
102,2011,202,500,13.42,0,0,1.4078,0,3.645
102,2011,202,600,13.44,0,0,3.0292,0,3.651
102,2011,202,700,13.44,.14236,0,2.7919,0,3.645
102,2011,202,800,13.44,17.661,17.036,5.2278,0,3.673
102,2011,202,900,13.43,237.58,241.91,37.607,0,16.18
102,2011,202,1000,13.37,814.11,826.51,128.45,.633,137
102,2011,202,1100,13.3,1529.5,1604,222.65,1,291.6
102,2011,202,1200,13.25,1912.3,2058,266.94,1,294.7
102,2011,202,1300,13.22,1867.3,1976,262.3,.683,155.5
102,2011,202,1400,13.21,1850.3,1942.8,259.24,.5,161.2
102,2011,202,1500,13.18,2033.7,2197.3,286.25,.583,249.2
102,2011,202,1600,13.14,1956.9,2147.8,272.24,.55,272.4
102,2011,202,1700,13.19,1437.5,1539.2,204.19,.866,227.1
102,2011,202,1800,13.2,752.44,789.68,106.81,.7,138.7
102,2011,202,1900,13.23,494.97,507.24,76.812,.866,190.7
102,2011,202,2000,12.81,33.832,35.774,6.1541,0,12.84
102,2011,202,2100,12.77,0,0,1.7876,0,3.971
102,2011,202,2200,12.76,0,0,3.876,0,3.971
102,2011,202,2300,12.75,0,0,3.1165,0,3.971
101,2011,202,2400,12.75,14939,15883,2161.4,7.38
102,2011,202,2400,12.75,0,0,3.1402,0,3.96
102,2011,203,100,12.74,0,0,1.8587,0,3.971
102,2011,203,200,12.74,0,0,1.1469,0,3.971
102,2011,203,300,12.74,0,0,.87795,0,3.971
102,2011,203,400,12.75,0,0,1.0678,0,3.971
102,2011,203,500,12.74,0,0,1.0045,0,3.971
102,2011,203,600,12.74,0,0,1.1073,0,3.905
102,2011,203,700,12.74,0,0,1.305,0,3.921
102,2011,203,800,12.73,9.4195,9.2537,3.124,0,3.789
102,2011,203,900,12.74,122.17,122.77,18.475,0,3.866
102,2011,203,1000,13.37,304.67,311.66,44.765,0,4.997
102,2011,203,1100,13.35,175.28,179.75,24.606,0,8.55
102,2011,203,1200,13.34,376.64,381.45,51.009,0,20.35
102,2011,203,1300,13.35,598.26,613.87,81.519,0,5.614
102,2011,203,1400,13.33,1018.4,1051.5,138.96,0,4.076
102,2011,203,1500,13.29,1778.6,1856.3,244.11,.283,82.9
102,2011,203,1600,13.29,176.5,188.11,22.519,.033,22.11
102,2011,203,1700,13.35,57.188,55.265,5.0623,0,3.745
102,2011,203,1800,13.38,130.09,128.51,12.204,0,3.745
102,2011,203,1900,13.4,137.53,135.5,15.747,0,4.511
102,2011,203,2000,13.41,17.701,16.491,3.7173,0,4.103
102,2011,203,2100,13.42,.03954,0,1.4552,0,3.717
102,2011,203,2200,13.42,.087,0,1.8744,0,3.805
102,2011,203,2300,13.44,.04745,0,2.9974,0,3.684
101,2011,203,2400,12.73,4902.7,5050.4,683.18,.317
102,2011,203,2400,13.44,.06327,0,2.6732,0,3.668
102,2011,204,100,13.45,.15027,0,2.001,0,3.684
102,2011,204,200,13.45,.03164,0,1.392,0,3.679
102,2011,204,300,13.46,.13446,0,2.6258,0,3.717
102,2011,204,400,13.46,.00791,0,2.3885,0,3.701
102,2011,204,500,13.47,0,0,2.8157,0,3.679
102,2011,204,600,13.47,.15028,0,1.2101,0,3.701
102,2011,204,700,13.47,.13446,0,1.226,0,3.652
102,2011,204,800,13.47,22.613,20.661,5.9794,0,3.988
102,2011,204,900,13.45,284.4,288.18,36.484,0,28.4
102,2011,204,1000,13.42,510.88,516.9,65.382,0,7.73
102,2011,204,1100,13.38,1011.6,1031.9,130.29,0,27.48
102,2011,204,1200,13.3,2022.3,2154.5,249.63,.55,287.1
102,2011,204,1300,13.23,2810,2989.4,326.5,1,545.3
102,2011,204,1400,13.19,2710.9,2799,322.12,.816,445
102,2011,204,1500,13.19,2496.5,2713.4,303.82,.883,476.1
102,2011,204,1600,13.19,1715.5,1891.3,209.84,.533,325.6
102,2011,204,1700,13.19,1255.9,1359,163.6,.417,264.3
102,2011,204,1800,12.98,1288.4,1352,184.71,.916,439.8
102,2011,204,1900,12.84,257.46,270.09,29.158,.117,53.44
102,2011,204,2000,12.81,43.901,46.47,5.5529,0,5.084
102,2011,204,2100,12.79,0,0,1.3842,0,3.971
102,2011,204,2200,12.78,0,0,3.1798,0,3.971
102,2011,204,2300,12.77,0,0,4.287,0,3.971
101,2011,204,2400,12.77,16431,17433,2059.3,5.231
102,2011,204,2400,13.35,.00791,0,3.7412,0,3.971
102,2011,205,100,13.4,.03164,0,2.8869,0,3.888
102,2011,205,200,13.41,.06327,0,2.0089,0,3.943
102,2011,205,300,13.42,0,0,2.3886,0,3.927
102,2011,205,400,13.42,0,0,3.6698,0,3.883
102,2011,205,500,13.44,0,0,3.2585,0,3.839
102,2011,205,600,13.45,0,0,2.5389,0,3.767
102,2011,205,700,13.47,0,0,2.4599,0,3.751
102,2011,205,800,13.48,26.088,25.466,5.7269,0,6.576
102,2011,205,900,13.44,395.55,388.44,59.696,.433,104.7
102,2011,205,1000,13.38,1066.9,1089.1,155.09,1,261
102,2011,205,1100,13.32,1796.2,1899.5,241,1,396.4
102,2011,205,1200,13.25,2408,2651.1,301.35,1,509
102,2011,205,1300,13.21,2811.6,2958.5,346.08,1,562.6
102,2011,205,1400,13.18,2943,2949.1,363.82,1,540.7
102,2011,205,1500,13.16,2841.8,2979.4,350.81,1,611.2
102,2011,205,1600,13.16,2434.6,2735.1,313.32,1,619.3
102,2011,205,1700,13.16,1915.4,2150.7,261.73,1,607.2
102,2011,205,1800,13.18,1185.6,1253.7,172.85,1,458.1
102,2011,205,1900,13.22,470.98,482.36,71.269,.8,220
102,2011,205,2000,13.24,61.76,64.85,10.64,0,27.54
102,2011,205,2100,13.27,0,0,.34013,0,3.97
102,2011,205,2200,13.31,0,0,.62486,0,3.971
102,2011,205,2300,13.34,0,0,1.3289,0,3.866
101,2011,205,2400,13.16,20358,21627,2677.9,10.23
102,2011,205,2400,13.36,0,0,3.0216,0,3.701
102,2011,206,100,13.38,.30847,.17535,3.9944,0,3.679
102,2011,206,200,13.39,0,0,2.5864,0,3.673
102,2011,206,300,13.4,.01582,0,2.792,0,3.657
102,2011,206,400,13.41,.01582,0,2.6892,0,3.657
102,2011,206,500,13.41,0,0,2.0089,0,3.657
102,2011,206,600,13.42,0,0,1.914,0,3.645
102,2011,206,700,13.43,0,0,3.4325,0,3.64
102,2011,206,800,13.44,12.781,12.721,4.4448,0,3.64
102,2011,206,900,13.42,281.69,288.12,40.85,.017,23.54
102,2011,206,1000,13.39,686.61,707.35,94.776,.283,101.5
102,2011,206,1100,13.33,1291.1,1350.8,177.42,.433,169.2
102,2011,206,1200,13.3,1648.9,1738.1,216.24,.433,150.4
102,2011,206,1300,13.25,2059.4,2101.8,264.73,.733,254.1
102,2011,206,1400,13.2,2748.6,2698.9,353.68,.816,383
102,2011,206,1500,13.2,481.86,502.8,52.083,0,48.31
102,2011,206,1600,12.83,160.21,167.22,18.431,0,14.56
102,2011,206,1700,13.35,330.56,334.23,43.821,0,9.25
102,2011,206,1800,13.36,462.92,478.52,61.996,0,65.11
102,2011,206,1900,12.81,395.63,403.72,55.209,.466,130.1
102,2011,206,2000,12.77,17.978,19.356,4.7536,0,4.197
102,2011,206,2100,12.76,0,0,2.2542,0,3.778
102,2011,206,2200,12.76,0,0,1.7479,0,3.662
102,2011,206,2300,12.75,0,0,1.7954,0,3.64
101,2011,206,2400,12.75,10579,10804,1416.2,3.182
102,2011,206,2400,12.75,0,0,2.602,0,3.64
102,2011,207,100,13.4,.06327,0,2.4992,0,3.64
102,2011,207,200,13.44,.05536,0,3.5194,0,3.646
102,2011,207,300,13.44,0,0,2.1512,0,3.64
102,2011,207,400,13.45,0,0,2.4201,0,3.645
102,2011,207,500,13.46,0,0,1.9377,0,3.657
102,2011,207,600,13.46,.03164,0,2.9738,0,3.679
102,2011,207,700,13.47,0,0,2.8,0,3.674
102,2011,207,800,13.48,20.091,19.65,3.9866,0,4.187
102,2011,207,900,13.48,313.48,315.38,42.011,0,53.51
102,2011,207,1000,13.4,1041.2,1064.4,141.53,.666,223.8
102,2011,207,1100,13.34,1918,2043.3,255.33,1,400.6
102,2011,207,1200,13.19,2388.2,2602.1,298.45,1,480.1
102,2011,207,1300,13.14,2712.5,2761.5,325.07,1,490.3
102,2011,207,1400,13.15,2887,2815.1,336.82,1,465.9
102,2011,207,1500,13.13,2361.8,2340.2,280.46,.75,360
102,2011,207,1600,13.15,2248,2354.6,297.4,.916,439.6
102,2011,207,1700,13.16,1260.4,1355.5,163.17,.516,183.6
102,2011,207,1800,13.19,388.96,403.19,48.406,0,21.87
102,2011,207,1900,13.23,23.312,24.249,1.8985,0,3.97
102,2011,207,2000,13.27,2.6735,2.5036,5.1886,0,4.103
102,2011,207,2100,13.32,0,.11691,1.7798,0,3.971
102,2011,207,2200,13.35,.02373,0,2.7051,0,3.971
102,2011,207,2300,12.77,.14237,0,3.9468,0,3.971
101,2011,207,2400,12.76,17567,18102,2229.9,6.847
102,2011,207,2400,12.76,.64856,0,3.488,0,3.971
102,2011,208,100,13.38,1.0203,.00974,3.5829,0,3.971
102,2011,208,200,13.39,0,0,2.7999,0,3.971
102,2011,208,300,13.4,0,0,2.1908,0,3.971
102,2011,208,400,13.41,0,0,3.211,0,3.965
102,2011,208,500,13.42,.18982,0,1.3446,0,3.922
102,2011,208,600,13.42,.18982,0,2.0564,0,3.729
102,2011,208,700,13.43,.16609,0,3.5434,0,3.64
102,2011,208,800,13.43,19.599,18.81,5.3149,0,3.718
102,2011,208,900,13.44,284.16,284.28,37.434,.233,61.33
102,2011,208,1000,13.36,1161.8,1182.9,163.15,1,304.9
102,2011,208,1100,13.28,1912.6,2045.3,244.46,1,456.9
102,2011,208,1200,13.25,2170.3,2333.6,257.03,.833,424.8
102,2011,208,1300,13.2,2700.1,2701.2,320.83,.8,422.5
102,2011,208,1400,13.17,2886.2,2770.4,336.71,.8,418.3
102,2011,208,1500,13.17,2432.7,2468.1,283.41,.866,398.3
102,2011,208,1600,13.17,1914.2,2112.9,234.61,.683,355.3
102,2011,208,1700,13.18,1607,1758,208.7,.916,444.6
102,2011,208,1800,13.2,664.75,700.43,82.477,.383,181.3
102,2011,208,1900,12.83,128.04,135.39,12.982,0,12.79
102,2011,208,2000,12.8,60.453,61.604,10.972,0,9.54
102,2011,208,2100,12.78,1.5424,.71116,.26893,0,3.971
102,2011,208,2200,12.76,0,.00974,.80677,0,3.976
102,2011,208,2300,12.75,2.6021,2.5911,1.2101,0,3.949
101,2011,208,2400,12.75,17954,18582,2222.4,7.51
102,2011,208,2400,12.75,6.5329,5.2991,3.2665,0,3.839
102,2011,209,100,12.74,3.1479,2.6204,1.2892,0,4.252
102,2011,209,200,12.73,4.7062,2.6594,2.4124,0,4.297
102,2011,209,300,12.73,.17401,0,1.3684,0,4.253
102,2011,209,400,12.73,.9175,.79879,1.0757,0,4.291
102,2011,209,500,12.73,0,0,1.0994,0,4.275
102,2011,209,600,12.73,.07119,0,1.6135,0,4.126
102,2011,209,700,12.72,0,0,1.5978,0,4.065
102,2011,209,800,12.72,25.692,25.641,5.6003,0,9.61
102,2011,209,900,12.72,529.39,535.36,71.611,.75,188.3
102,2011,209,1000,13.34,1151.5,1180.6,151.53,.883,286.5
102,2011,209,1100,13.28,2057,2233.7,253.96,1,501.8
102,2011,209,1200,13.24,2156.3,2264.5,253.48,.766,346.2
102,2011,209,1300,13.16,2556.3,2494.3,280.72,.8,452.6
102,2011,209,1400,12.92,2480.4,2355.2,271.04,.716,392.1
102,2011,209,1500,12.88,2757.5,2791.7,313.17,.933,538
102,2011,209,1600,12.86,2861,3221.6,335.33,1,683.7
102,2011,209,1700,12.85,2112.7,2355.9,262.97,1,659.5
102,2011,209,1800,13.17,1477.4,1545,196.48,1,566
102,2011,209,1900,13.22,250.6,264.64,27.989,.117,51.56
102,2011,209,2000,13.27,39.821,40.675,5.4106,0,4.042
102,2011,209,2100,13.31,.03164,0,.37176,0,3.971
102,2011,209,2200,13.35,0,0,2.4838,0,3.932
102,2011,209,2300,13.37,0,0,4.7459,0,3.883
101,2011,209,2400,12.72,20465,21315,2451.6,8.96
102,2011,209,2400,13.39,0,0,4.2316,0,3.877
102,2011,210,100,13.4,0,0,3.5039,0,3.783
102,2011,210,200,13.42,0,0,2.879,0,3.723
102,2011,210,300,13.42,0,0,3.3772,0,3.739
102,2011,210,400,13.44,0,0,2.3648,0,3.695
102,2011,210,500,13.44,0,0,2.0326,0,3.69
102,2011,210,600,13.44,0,0,1.4394,0,3.679
102,2011,210,700,13.44,.00791,0,1.4473,0,3.701
102,2011,210,800,13.44,14.537,14.309,3.2664,0,3.684
102,2011,210,900,13.44,64.695,62.906,8.2095,0,3.916
102,2011,210,1000,13.42,493.38,500.98,53.876,.167,82.9
102,2011,210,1100,13.18,1173.1,1190.1,140.43,.35,107.4
102,2011,210,1200,13.35,1567.6,1585.4,196.29,.317,132.9
102,2011,210,1300,13.33,1274.9,1285.5,161.86,.083,33.79
102,2011,210,1400,13.29,1804.2,1825.2,221.12,.15,62.72
102,2011,210,1500,13.24,2576,2684.3,316.37,.833,260.7
102,2011,210,1600,13.24,1831,1932.3,227.05,.583,133
102,2011,210,1700,13.24,914.99,956.24,111.77,.117,50.86
102,2011,210,1800,13.28,243.09,239.72,33.911,0,4.301
102,2011,210,1900,12.83,119.4,109.4,23.801,0,4.015
102,2011,210,2000,12.79,17.656,12.704,9.0333,0,3.949
102,2011,210,2100,12.73,0,0,5.6554,0,3.811
102,2011,210,2200,12.75,.05536,0,5.4732,0,3.816
102,2011,210,2300,12.75,.24519,0,6.2166,0,3.717
101,2011,210,2400,12.73,12095,12399,1547.5,2.599
102,2011,210,2400,12.74,0,0,6.1612,0,3.767
102,2011,211,100,13.37,.00791,0,4.769,0,3.684
102,2011,211,200,13.42,0,0,2.3252,0,3.64
102,2011,211,300,13.43,0,0,2.7998,0,3.662
102,2011,211,400,13.44,.01582,0,2.7997,0,3.728
102,2011,211,500,13.44,0,0,2.5546,0,3.729
102,2011,211,600,13.44,0,0,3.8043,0,3.751
102,2011,211,700,13.44,.10282,0,3.0371,0,3.712
102,2011,211,800,13.45,29.16,28.209,6.6436,0,3.789
102,2011,211,900,13.44,309.32,302.99,44.486,.333,77
102,2011,211,1000,13.4,767.08,787.38,105.63,.7,156.4
102,2011,211,1100,13.35,1229.6,1273.1,159.35,.766,152.8
102,2011,211,1200,13.3,2257.5,2355.9,276.58,1,341
102,2011,211,1300,13.29,1730.9,1742.1,210.05,.45,130.9
102,2011,211,1400,13.29,1655.9,1684.6,203.55,.1,49.29
102,2011,211,1500,13.28,1433.4,1472.5,179.19,0,24.17
102,2011,211,1600,13.28,1419.7,1491.4,178.4,.25,88.5
102,2011,211,1700,13.28,1624.1,1743.7,215.45,1,391.7
102,2011,211,1800,13.28,923.67,963.53,118.83,.766,214
102,2011,211,1900,13.29,509.44,520.69,72.407,.683,199.4
102,2011,211,2000,13.31,35.166,37.515,4.5243,0,10.47
102,2011,211,2100,13.35,.02373,0,1.7639,0,3.662
102,2011,211,2200,13.37,0,0,2.5074,0,3.761
102,2011,211,2300,13.39,0,0,1.9378,0,3.883
101,2011,211,2400,13.28,13925,14404,1806,6.048
102,2011,211,2400,13.4,0,0,2.6496,0,3.883
102,2011,212,100,13.42,0,0,3.2743,0,3.723
102,2011,212,200,13.43,0,0,3.2584,0,3.651
102,2011,212,300,13.44,0,0,3.7408,0,3.684
102,2011,212,400,13.46,0,0,3.4561,0,3.684
102,2011,212,500,13.46,.10281,0,2.9184,0,3.657
102,2011,212,600,13.47,.28474,0,3.1083,0,3.646
102,2011,212,700,13.47,.15028,0,1.8983,0,3.641
102,2011,212,800,13.48,25.209,23.371,3.1798,0,3.624
102,2011,212,900,13.46,220.01,217.35,26.259,0,3.613
102,2011,212,1000,13.43,600.53,604.87,73.924,0,4.986
102,2011,212,1100,13.35,1408.9,1494.3,179.38,.5,194.5
102,2011,212,1200,13.27,2595.7,2798.7,307.35,1,577.8
102,2011,212,1300,13.23,3032.2,2986.5,346.76,1,625.5
102,2011,212,1400,13.19,3177.7,3036.5,370.98,1,611.5
102,2011,212,1500,13.17,3001.3,3055.8,358.44,.983,619.3
102,2011,212,1600,13.16,1963.2,2174.3,247.81,.566,345.6
102,2011,212,1700,13.19,1599.1,1742.7,216.48,.816,388.1
102,2011,212,1800,13.21,1377.7,1431.3,200.57,.883,436.5
102,2011,212,1900,13.23,648.74,663.21,96.188,.666,248.2
102,2011,212,2000,12.83,63.157,66.415,9.627,0,20.77
102,2011,212,2100,12.79,0,0,.75144,0,3.822
102,2011,212,2200,12.78,0,0,1.5662,0,3.673
102,2011,212,2300,12.77,0,0,2.2226,0,3.645
101,2011,212,2400,12.77,19714,20295,2465.7,7.41
102,2011,212,2400,12.77,0,0,2.5785,0,3.662
102,2011,213,100,12.75,0,0,3.923,0,3.645
102,2011,213,200,12.75,0,0,3.2269,0,3.717
102,2011,213,300,12.75,0,0,3.4483,0,3.64
102,2011,213,400,12.74,0,0,2.6891,0,3.646
102,2011,213,500,12.73,0,0,2.966,0,3.685
102,2011,213,600,12.73,0,0,2.0802,0,3.652
102,2011,213,700,12.73,0,0,2.2621,0,3.652
102,2011,213,800,12.73,8.6844,8.1729,3.4801,0,3.701
102,2011,213,900,12.73,133.15,132.21,19.575,0,3.679
102,2011,213,1000,13.36,670.36,684.02,89.19,.283,90.5
102,2011,213,1100,13.29,1679.2,1770.4,224.66,.95,289.3
102,2011,213,1200,13.23,2692.1,2846.2,348.39,.983,549.3
102,2011,213,1300,12.93,3109.9,3025,390.88,.95,564.8
102,2011,213,1400,12.87,3261.6,3129.3,410.57,1,644.4
102,2011,213,1500,12.87,3142.9,3278.6,404.77,1,661.8
102,2011,213,1600,13.15,2666.7,3036,359.58,1,669.7
102,2011,213,1700,13.18,2155.1,2381.1,304.67,1,677.2
102,2011,213,1800,13.21,1450.9,1512.7,217.04,1,579.2
102,2011,213,1900,13.25,645.28,650.75,103.6,1,347.5
102,2011,213,2000,13.29,59.016,62.904,11.287,.117,35.03
102,2011,213,2100,13.32,0,0,2.0408,0,3.64
102,2011,213,2200,13.37,0,0,3.069,0,3.629
102,2011,213,2300,13.39,0,0,4.2237,0,3.519
101,2011,213,2400,12.73,21675,22517,2923.3,9.28
102,2011,213,2400,13.4,0,0,5.6947,0,3.469
102,2011,214,100,13.42,0,0,5.2042,0,3.508
102,2011,214,200,13.44,0,0,2.95,0,3.48
102,2011,214,300,13.46,0,0,5.0144,0,3.64
102,2011,214,400,13.47,0,0,4.8168,0,3.64
102,2011,214,500,13.48,0,0,4.2555,0,3.624
102,2011,214,600,13.49,0,0,4.0265,0,3.398
102,2011,214,700,13.51,0,0,4.3429,0,3.316
102,2011,214,800,13.51,34.814,34.128,8.5907,0,11.82
102,2011,214,900,13.44,502.99,506.82,80.573,.833,208.9
102,2011,214,1000,13.35,1346.3,1384.6,194.86,1,421.9
102,2011,214,1100,13.29,1954.4,2139.3,270.42,1,517.5
102,2011,214,1200,13.24,2650.6,2844.5,345.56,1,608.8
102,2011,214,1300,13.2,3057.6,2975.1,386.45,1,657.6
102,2011,214,1400,13.17,3176.5,3028.5,402,1,643.9
102,2011,214,1500,13.16,3045,3121,391.04,1,667.3
102,2011,214,1600,13.16,2680.6,3056.1,363.14,1,682.8
102,2011,214,1700,13.17,2106.6,2349.3,302.31,1,635.2
102,2011,214,1800,13.2,1423.5,1490.9,217.5,1,558.9
102,2011,214,1900,13.25,644.62,648.89,105.23,1,358.2
102,2011,214,2000,13.28,57.428,60.587,11.312,.133,40.1
102,2011,214,2100,12.81,0,0,2.1514,0,3.309
102,2011,214,2200,12.79,0,0,3.4883,0,3.309
102,2011,214,2300,12.78,0,0,4.8091,0,3.309
101,2011,214,2400,12.77,22681,23640,3124.9,10.96
102,2011,214,2400,12.77,0,0,4.8485,0,3.309
102,2011,215,100,12.76,0,0,3.8518,0,3.309
102,2011,215,200,12.75,0,0,2.9738,0,3.309
102,2011,215,300,12.75,.02373,0,2.5388,0,3.309
102,2011,215,400,12.75,0,0,2.7444,0,3.309
102,2011,215,500,12.74,0,0,2.9976,0,3.309
102,2011,215,600,12.73,0,0,5.4181,0,3.31
102,2011,215,700,12.73,.03955,0,3.2829,0,3.31
102,2011,215,800,12.73,27.798,27.767,8.219,0,5.715
102,2011,215,900,12.73,387.54,386.31,57.243,.417,111.4
102,2011,215,1000,13.31,1338.9,1374.2,196.8,1,425.1
102,2011,215,1100,13.23,2036.6,2229.8,286.2,1,544.7
102,2011,215,1200,13.2,2616.3,2820.2,346.16,1,582.8
102,2011,215,1300,13.18,3038.2,2995.1,388.3,1,633.6
102,2011,215,1400,13.15,3182.6,3055.4,407.21,1,644.1
102,2011,215,1500,13.15,3040,3111.6,396.88,1,614.9
102,2011,215,1600,13.15,2184.4,2408.4,296.86,.733,332.5
102,2011,215,1700,13.16,994.35,1039.4,130.29,.133,35.04
102,2011,215,1800,12.88,1444.4,1518.8,216.44,.916,390.2
102,2011,215,1900,13.22,476.64,493.19,71.072,.533,170.7
102,2011,215,2000,13.25,49.584,52.358,8.1083,.067,31.01
102,2011,215,2100,13.3,0,0,1.5582,0,3.651
102,2011,215,2200,13.33,0,0,1.756,0,3.645
102,2011,215,2300,13.36,0,0,1.9221,0,3.64
101,2011,215,2400,12.73,20818,21513,2841.7,8.8
102,2011,215,2400,13.37,.00791,0,2.8712,0,3.64
102,2011,216,100,13.39,.00791,0,2.6022,0,3.64
102,2011,216,200,13.39,0,0,2.2621,0,3.64
102,2011,216,300,13.4,0,0,2.3016,0,3.64
102,2011,216,400,13.42,0,0,3.045,0,3.64
102,2011,216,500,13.43,.10282,.00974,2.2778,0,3.64
102,2011,216,600,13.44,.087,0,2.4202,0,3.634
102,2011,216,700,13.44,.29263,0,2.5783,0,3.634
102,2011,216,800,13.44,10.068,9.2147,3.472,0,3.64
102,2011,216,900,13.44,140.25,140.31,21.37,0,3.866
102,2011,216,1000,13.4,568.37,579.28,82.895,.067,27.95
102,2011,216,1100,13.35,1028.2,1062.8,144.82,.15,56.47
102,2011,216,1200,13.3,1447.2,1493.3,199.22,.466,149.6
102,2011,216,1300,13.25,2215.1,2234.9,302.02,.95,296.2
102,2011,216,1400,13.2,2640.4,2619.8,356.24,.85,286
102,2011,216,1500,13.17,2943.8,3059.2,396.33,.916,493.3
102,2011,216,1600,13.17,2330.6,2559.7,324.82,.916,350.3
102,2011,216,1700,13.2,2228,2416.9,324.86,1,450.4
102,2011,216,1800,13.13,1657.4,1734.1,248.57,1,391
102,2011,216,1900,13.14,515.39,532.34,78.275,.516,140.9
102,2011,216,2000,13.28,52.119,54.137,8.1869,0,9.98
102,2011,216,2100,13.32,0,0,.88592,0,3.971
102,2011,216,2200,13.34,0,0,1.7561,0,3.971
102,2011,216,2300,13.36,0,0,3.2669,0,3.971
101,2011,216,2400,13.13,17777,18496,2517.4,6.831
102,2011,216,2400,13.37,0,0,2.9346,0,3.971
102,2011,217,100,13.39,0,0,2.9186,0,3.954
102,2011,217,200,13.4,0,0,3.5276,0,3.877
102,2011,217,300,13.42,0,0,3.3772,0,3.839
102,2011,217,400,13.44,0,0,2.515,0,3.673
102,2011,217,500,13.46,0,0,3.0923,0,3.662
102,2011,217,600,13.47,0,0,2.6101,0,3.657
102,2011,217,700,13.48,.34012,0,3.1639,0,3.729
102,2011,217,800,13.48,42.729,42.172,9.3256,0,15.75
102,2011,217,900,13.42,520.62,526.4,85.075,.9,225.1
102,2011,217,1000,13.35,1215.3,1266.2,180.45,.9,372.8
102,2011,217,1100,12.79,1663.1,1802,231.58,.866,362.3
102,2011,217,1200,12.79,2741.8,2929.2,365.18,1,596.5
102,2011,217,1300,13.22,2926.3,2872.8,380.74,.883,518.9
102,2011,217,1400,13.21,2696.3,2654.5,357.35,.733,387.1
102,2011,217,1500,13.19,2377.5,2517,323.18,.633,382.7
102,2011,217,1600,13.18,1263.4,1362.9,162.61,.25,150.8
102,2011,217,1700,13.2,1974.3,2156.6,294.17,.833,516.4
102,2011,217,1800,13.2,1478.6,1553.2,230.1,.983,491.2
102,2011,217,1900,13.23,334.86,350.71,45.362,.15,71
102,2011,217,2000,13.27,23.257,24.737,3.6151,0,4.704
102,2011,217,2100,13.3,0,0,1.9141,0,3.954
102,2011,217,2200,13.34,.65654,0,3.0216,0,3.927
102,2011,217,2300,13.37,0,0,3.5832,0,3.778
101,2011,217,2400,12.79,19259,20058,2703.9,8.13
102,2011,217,2400,13.39,0,0,5.4259,0,3.75
102,2011,218,100,13.4,.06328,0,2.0248,0,3.756
102,2011,218,200,13.41,.087,0,1.9299,0,3.701
102,2011,218,300,13.42,.03164,0,1.8112,0,3.783
102,2011,218,400,13.42,.01582,0,1.3446,0,3.695
102,2011,218,500,13.43,.02373,0,.94118,0,3.657
102,2011,218,600,13.44,.02373,0,3.037,0,3.645
102,2011,218,700,13.45,.21354,0,2.7365,0,3.657
102,2011,218,800,13.46,24.28,24.186,6.3666,0,7.39
102,2011,218,900,13.44,300.36,307.39,44.329,.017,37.82
102,2011,218,1000,13.38,812.55,840.16,118.15,.483,189.4
102,2011,218,1100,13.29,1777.7,1928.1,254.19,1,445.3
102,2011,218,1200,13.24,2519.7,2690.7,339.67,1,528.4
102,2011,218,1300,13.23,2427.1,2425.1,318.23,.966,408.3
102,2011,218,1400,13.22,2256.3,2263,304.39,.8,207.4
102,2011,218,1500,13.19,2289.8,2413.7,313.85,1,423.7
102,2011,218,1600,13.17,2374,2685.3,333.42,1,515.3
102,2011,218,1700,13.17,2038.7,2246.8,297.05,1,592.8
102,2011,218,1800,13.2,1499.4,1572,231.26,1,595.2
102,2011,218,1900,13.07,662.87,666.87,107.85,1,366.5
102,2011,218,2000,12.81,58.104,61.818,11.225,.183,45.21
102,2011,218,2100,12.79,0,0,1.6373,0,3.949
102,2011,218,2200,12.78,0,0,2.3414,0,3.717
102,2011,218,2300,12.77,0,0,3.3458,0,3.64
101,2011,218,2400,12.76,19041,20125,2704.7,9.45
102,2011,218,2400,12.76,0,0,3.5197,0,3.662
102,2011,219,100,13.35,.10282,0,2.6101,0,3.651
102,2011,219,200,13.38,.087,0,1.8112,0,3.645
102,2011,219,300,13.4,.06327,0,1.5977,0,3.651
102,2011,219,400,13.38,.02373,0,1.1073,0,3.645
102,2011,219,500,13.35,0,0,.68019,0,3.64
102,2011,219,600,13.4,.03955,0,1.5502,0,3.645
102,2011,219,700,13.41,0,0,2.1275,0,3.64
102,2011,219,800,13.42,15.746,14.806,4.1838,0,3.64
102,2011,219,900,13.38,326.87,330.76,52.357,.383,98.4
102,2011,219,1000,13.31,983.82,1014.8,146.17,.65,248.6
102,2011,219,1100,13.25,1575.3,1715.1,222.52,1,380.1
102,2011,219,1200,13.18,2766.3,2997.2,367.56,1,637
102,2011,219,1300,13.17,2743.4,2739,355.07,.833,428
102,2011,219,1400,13.17,1710.3,1741.5,230.27,.183,91.7
102,2011,219,1500,13.18,1766.3,1819.6,239.54,.133,65.1
102,2011,219,1600,13.16,2327.9,2574.4,330.48,.733,385.6
102,2011,219,1700,13.17,2179.2,2384.1,316.87,.983,565
102,2011,219,1800,13.19,1311.5,1375.7,200.29,1,444.3
102,2011,219,1900,13.23,585.15,598.32,92.425,.866,216.6
102,2011,219,2000,13.25,67.916,70.962,13.226,.133,33.49
102,2011,219,2100,13.28,0,0,1.6848,0,3.8
102,2011,219,2200,13.31,0,0,2.4838,0,3.679
102,2011,219,2300,13.34,0,0,3.2826,0,3.64
101,2011,219,2400,13.16,18360,19376,2593.8,7.9
102,2011,219,2400,13.37,0,0,3.931,0,3.64
102,2011,220,100,13.37,.35592,0,2.8632,0,3.64
102,2011,220,200,13.39,.03164,0,2.6338,0,3.64
102,2011,220,300,13.4,.19773,0,2.6258,0,3.64
102,2011,220,400,13.4,.22936,0,1.2101,0,3.64
102,2011,220,500,13.41,.05536,0,.522,0,3.64
102,2011,220,600,13.41,.20563,0,1.8982,0,3.64
102,2011,220,700,13.42,.02373,0,.98071,0,3.64
102,2011,220,800,13.42,12.108,11.26,3.7014,0,4.241
102,2011,220,900,13.41,232.33,234.27,36.001,.033,21.22
102,2011,220,1000,13.34,1131.3,1167.8,168.57,.766,340.6
102,2011,220,1100,13.28,1634.6,1748.9,227.51,1,378.7
102,2011,220,1200,13.27,1172.3,1238.5,160.36,.317,145.5
102,2011,220,1300,13.23,2644.5,2610.1,355.04,.833,474
102,2011,220,1400,13.21,2616,2558.7,340.21,.65,332.2
102,2011,220,1500,13.2,2288.6,2356,302.5,.633,276.3
102,2011,220,1600,13.22,1326.6,1425.5,183.26,.466,170.4
102,2011,220,1700,13.23,1189.1,1261.2,167.99,.35,156.1
102,2011,220,1800,13.25,625.9,645.19,88.018,.083,35.08
102,2011,220,1900,12.8,244.9,256.61,32.249,.067,21.52
102,2011,220,2000,12.79,18.311,19.61,3.5435,0,3.899
102,2011,220,2100,12.77,0,0,1.1233,0,3.778
102,2011,220,2200,12.77,0,0,1.5899,0,3.695
102,2011,220,2300,12.77,0,0,.94918,0,3.64
101,2011,220,2400,12.76,15138,15534,2086.1,5.198
102,2011,220,2400,12.76,.00791,0,.72769,0,3.64
102,2011,221,100,13.33,.03164,0,.4983,0,3.64
102,2011,221,200,13.37,.07118,0,.60111,0,3.64
102,2011,221,300,13.4,.00791,0,.90166,0,3.64
102,2011,221,400,13.4,0,0,1.827,0,3.64
102,2011,221,500,13.41,0,0,1.7479,0,3.64
102,2011,221,600,13.42,0,0,1.5344,0,3.64
102,2011,221,700,13.42,.03954,0,2.871,0,3.64
102,2011,221,800,13.43,19.06,18.614,5.1645,0,4.44
102,2011,221,900,13.4,480.55,484.44,78.614,.833,186.6
102,2011,221,1000,13.38,732.54,758.94,108.91,.167,76.5
102,2011,221,1100,13.35,1107.1,1158.8,158.99,.233,87.5
102,2011,221,1200,13.28,2000.6,2121.3,277.09,.833,326.8
102,2011,221,1300,12.86,1800.2,1849.4,241.97,.516,201.5
102,2011,221,1400,12.81,1034.9,1055.5,146.72,.083,35.95
102,2011,221,1500,12.81,2780,2884.1,383.31,.883,387
102,2011,221,1600,12.82,1791.2,1919.2,248.85,.616,184.8
102,2011,221,1700,13.18,934.6,978.85,128.92,.033,49.73
102,2011,221,1800,13.24,956.15,993.34,149.93,.566,196.5
102,2011,221,1900,13.25,592.95,610.1,96.792,.783,186.1
102,2011,221,2000,12.82,44.669,48.643,6.8186,0,8.48
102,2011,221,2100,12.79,0,0,1.4001,0,3.656
102,2011,221,2200,12.78,0,0,1.9617,0,3.64
102,2011,221,2300,12.84,0,0,2.4678,0,3.64
101,2011,221,2400,12.78,14275,14881,2050.2,5.548
102,2011,221,2400,12.78,0,0,2.3254,0,3.64
102,2011,222,100,12.76,0,0,2.4756,0,3.64
102,2011,222,200,12.75,0,0,3.6381,0,3.64
102,2011,222,300,12.75,0,0,3.0449,0,3.64
102,2011,222,400,12.74,0,0,3.4403,0,3.64
102,2011,222,500,12.73,0,0,1.732,0,3.64
102,2011,222,600,12.74,0,0,.93323,0,3.64
102,2011,222,700,12.73,0,0,1.9613,0,3.64
102,2011,222,800,12.73,22.587,22.676,5.4886,0,3.64
102,2011,222,900,12.73,429.45,434.35,69.842,.466,123.5
102,2011,222,1000,13.3,1163.7,1212.9,179.77,1,361.5
102,2011,222,1100,13.25,1898.6,2069.1,272.15,1,494.4
102,2011,222,1200,13.2,2518.8,2738.5,337.02,1,537.1
102,2011,222,1300,12.94,2733.5,2775.4,349.57,.816,422.3
102,2011,222,1400,12.86,631.28,657.02,85.541,0,22.03
102,2011,222,1500,12.82,627.17,643.39,84.836,0,6.523
102,2011,222,1600,12.81,698.82,727.77,97.252,.05,24.68
102,2011,222,1700,12.79,409.89,425.15,55.33,0,15.32
102,2011,222,1800,12.78,74.059,77.837,8.8985,0,5.084
102,2011,222,1900,12.77,46.486,48.271,5.4024,0,3.662
102,2011,222,2000,12.76,2.6658,3.0688,.91756,0,3.64
102,2011,222,2100,12.75,.71975,0,5.8294,0,3.684
102,2011,222,2200,12.75,1.2813,0,5.1805,0,3.645
102,2011,222,2300,12.73,0,0,3.7331,0,3.772
101,2011,222,2400,12.73,11259,11835,1586.3,4.332
102,2011,222,2400,12.74,.28472,0,2.3173,0,3.761
102,2011,223,100,13.39,.3559,0,2.4834,0,3.662
102,2011,223,200,13.39,.30844,.37988,2.2145,0,3.684
102,2011,223,300,13.4,.22145,.49677,2.428,0,3.651
102,2011,223,400,13.42,.30054,.09741,3.1714,0,3.64
102,2011,223,500,13.44,.17399,.24351,2.8551,0,3.64
102,2011,223,600,13.44,.49034,.02922,2.8392,0,3.596
102,2011,223,700,13.45,.03163,0,1.4789,0,3.651
102,2011,223,800,13.45,15.366,15.175,3.1872,0,3.739
102,2011,223,900,13.45,117.73,117.07,17.763,0,3.921
102,2011,223,1000,13.41,729.54,743.53,102.46,.15,47.55
102,2011,223,1100,13.39,909.46,929.94,124.82,0,29.57
102,2011,223,1200,13.37,767.95,789.84,102.81,0,7.9
102,2011,223,1300,13.35,646.16,664.3,85.832,0,4.054
102,2011,223,1400,13.33,1100.9,1133.3,150.14,0,4.208
102,2011,223,1500,13.3,1619.2,1664.7,220.67,.133,48.87
102,2011,223,1600,13.26,2244.4,2425,311.14,1,432.8
102,2011,223,1700,13.25,1306.7,1382.2,176.02,.333,104.4
102,2011,223,1800,13.27,269.66,282.09,36.285,0,23.89
102,2011,223,1900,13.34,29.062,26.82,5.1337,0,5.416
102,2011,223,2000,13.38,3.3853,2.4841,.21356,0,3.965
102,2011,223,2100,13.41,.19773,0,.5141,0,3.943
102,2011,223,2200,13.41,.34009,0,.51409,0,3.855
102,2011,223,2300,13.43,.37172,0,.83045,0,3.822
101,2011,223,2400,13.25,9762.4,10178,1357.7,1.616
102,2011,223,2400,13.43,.03954,0,1.8823,0,3.789
102,2011,224,100,13.44,.06327,0,1.7083,0,3.905
102,2011,224,200,13.45,.03164,0,1.3761,0,3.844
102,2011,224,300,13.45,.07118,0,.98069,0,3.805
102,2011,224,400,13.46,.11072,0,1.0281,0,3.866
102,2011,224,500,13.46,.04745,0,1.2654,0,3.706
102,2011,224,600,13.46,.14235,0,1.036,0,3.695
102,2011,224,700,13.47,.00791,0,1.0044,0,3.646
102,2011,224,800,13.47,11.459,10.276,2.0483,0,3.662
102,2011,224,900,13.46,105.88,104.08,13.587,0,3.717
102,2011,224,1000,13.44,469.89,472.82,60.193,0,19.77
102,2011,224,1100,12.81,2029.2,2142.9,274.02,.733,311.9
102,2011,224,1200,13.28,2770.3,2880.5,368.13,.983,462.5
102,2011,224,1300,13.23,3049,2913.8,377.48,.966,516.5
102,2011,224,1400,13.22,2723.7,2607.6,336.8,.75,366.3
102,2011,224,1500,13.24,1395.2,1443.6,174.95,.167,69.97
102,2011,224,1600,13.2,668.96,686.5,80.959,0,38.69
102,2011,224,1700,13.29,338.9,353.77,44.225,0,9.09
102,2011,224,1800,13.34,389.94,398.81,52.714,0,4.804
102,2011,224,1900,12.81,473.73,487.1,67.125,.15,38.34
102,2011,224,2000,12.79,9.8478,10.336,3.069,0,3.921
102,2011,224,2100,12.78,0,0,4.4293,0,3.905
102,2011,224,2200,12.77,.20564,0,4.1129,0,3.943
102,2011,224,2300,12.76,0,0,2.61,0,3.905
101,2011,224,2400,12.75,14437,14512,1877,3.748
102,2011,224,2400,12.75,0,0,2.1671,0,3.943
102,2011,225,100,12.75,.03954,0,2.1592,0,3.839
102,2011,225,200,13.39,.174,0,1.9377,0,3.717
102,2011,225,300,13.43,.40335,0,2.8235,0,3.706
102,2011,225,400,13.44,.89369,.22403,1.384,0,3.695
102,2011,225,500,13.46,.59315,.03896,.38752,0,3.673
102,2011,225,600,13.47,.71971,0,.6169,0,3.651
102,2011,225,700,13.48,.18982,0,1.3683,0,3.74
102,2011,225,800,13.48,7.11,6.2242,1.4869,0,3.718
102,2011,225,900,13.48,174.61,171.14,20.429,0,5.284
102,2011,225,1000,13.47,423.33,421,52.935,0,4.523
102,2011,225,1100,13.46,536.35,534.32,69.699,0,3.949
102,2011,225,1200,13.44,571.2,565.61,71.764,0,3.954
102,2011,225,1300,12.82,1034.7,1033.8,136,0,3.91
102,2011,225,1400,12.79,1139.7,1143.6,151.74,0,3.971
102,2011,225,1500,12.78,1668.7,1680.3,218.62,.1,26.02
102,2011,225,1600,13.34,2309.1,2422.8,303.9,.833,380.8
102,2011,225,1700,13.32,1747.8,1840.1,229.97,1,356.3
102,2011,225,1800,13.33,1741.1,1830.1,248.19,1,658.4
102,2011,225,1900,13.34,733.77,749.53,112.23,1,409.3
102,2011,225,2000,13.37,85.682,90.952,16.548,.333,67.46
102,2011,225,2100,13.41,0,0,3.3852,0,3.645
102,2011,225,2200,13.44,.13445,0,4.3657,0,3.64
102,2011,225,2300,13.45,0,0,3.0369,0,3.64
101,2011,225,2400,12.75,12176,12490,1658,4.265
102,2011,225,2400,13.45,.00791,0,3.0369,0,3.64
102,2011,226,100,13.46,0,0,3.2504,0,3.64
102,2011,226,200,13.47,0,0,3.741,0,3.64
102,2011,226,300,13.49,0,0,3.5672,0,3.641
102,2011,226,400,13.49,.14237,0,2.3097,0,3.641
102,2011,226,500,13.49,.07119,0,2.5944,0,3.64
102,2011,226,600,13.49,0,0,3.4644,0,3.64
102,2011,226,700,13.49,.14236,0,3.2348,0,3.641
102,2011,226,800,13.49,23.112,21.802,5.4022,0,4.589
102,2011,226,900,13.47,252.1,252.31,35.173,0,9.92
102,2011,226,1000,13.39,1255.2,1297.7,169.06,.833,390
102,2011,226,1100,13.32,2150.8,2383.5,277.15,1,605.8
102,2011,226,1200,13.27,2784,2934.7,334.17,1,603.4
102,2011,226,1300,13.23,3255.2,2961,371.74,1,634.8
102,2011,226,1400,13.2,3355.5,2992.8,394.52,1,594.2
102,2011,226,1500,13.19,2989.3,2899.1,374.7,1,505.2
102,2011,226,1600,13.18,3016.5,3205.9,398.8,1,670.9
102,2011,226,1700,12.85,2640.7,2886.6,371.57,1,651.4
102,2011,226,1800,13.22,668.88,714.96,108.44,.433,197.9
102,2011,226,1900,13.31,53.757,51.312,5.8218,0,4.919
102,2011,226,2000,12.83,26.45,21.12,4.3424,0,5.322
102,2011,226,2100,12.77,4.5795,1.2566,2.0722,0,3.971
102,2011,226,2200,12.76,5.1805,.85721,1.3525,0,3.971
102,2011,226,2300,12.76,1.044,0,4.0573,0,3.971
101,2011,226,2400,12.75,22484,22625,2885.4,8.26
102,2011,226,2400,12.75,1.7321,0,4.8561,0,3.971
102,2011,227,100,13.42,.21354,0,3.4641,0,3.971
102,2011,227,200,13.42,.18981,0,3.1082,0,3.971
102,2011,227,300,13.4,.20563,0,2.9026,0,3.971
102,2011,227,400,13.39,.10282,0,2.689,0,3.965
102,2011,227,500,13.43,0,0,3.2347,0,3.965
102,2011,227,600,13.43,0,0,2.6415,0,3.96
102,2011,227,700,13.43,0,0,2.0642,0,3.954
102,2011,227,800,13.43,4.1442,3.7014,2.2856,0,3.96
102,2011,227,900,13.42,59.418,57.761,8.8657,0,3.943
102,2011,227,1000,13.41,440.1,437.17,57.363,0,3.965
102,2011,227,1100,13.36,1009.4,1023.9,129.17,.117,33.66
102,2011,227,1200,13.29,2300.8,2347.6,291.28,.833,237.3
102,2011,227,1300,13.28,993.84,993.96,122.89,.017,58.55
102,2011,227,1400,13.3,520.31,524.67,68.687,0,9.19
102,2011,227,1500,13.27,2046.3,2001.3,263.45,.433,135.3
102,2011,227,1600,13.26,1782.7,1821.2,228.11,.566,219.8
102,2011,227,1700,13.26,333.86,346,36.593,0,12.94
102,2011,227,1800,13.3,25.628,21.442,6.8737,0,4.12
102,2011,227,1900,13.37,24.709,22.366,1.8824,0,4.109
102,2011,227,2000,13.41,8.2334,7.0329,1.4632,0,4.098
102,2011,227,2100,13.43,.60899,.17533,.56153,0,3.998
102,2011,227,2200,13.44,.22935,.01948,.66433,0,4.01
102,2011,227,2300,13.45,.32427,0,.61689,0,3.987
101,2011,227,2400,13.26,9551.9,9608.3,1242,1.966
102,2011,227,2400,13.46,.51409,0,1.1231,0,3.987
102,2011,228,100,13.46,.53783,0,.98075,0,4.004
102,2011,228,200,13.46,.56156,0,.8621,0,3.999
102,2011,228,300,13.46,.54573,0,.9491,0,4.01
102,2011,228,400,13.47,.261,0,2.2225,0,4.015
102,2011,228,500,13.47,.12654,0,2.262,0,3.999
102,2011,228,600,13.47,.37964,0,2.088,0,4.004
102,2011,228,700,13.47,.18982,0,1.914,0,3.999
102,2011,228,800,13.47,18.089,16.823,4.0971,0,3.971
102,2011,228,900,13.45,289.18,286.39,40.621,0,20.55
102,2011,228,1000,13.37,1451.9,1490.8,208.07,.866,328.1
102,2011,228,1100,13.37,1054.9,1061.2,143.37,.183,58.7
102,2011,228,1200,13.35,1677.6,1685.9,225.41,.2,68.24
102,2011,228,1300,13.33,1483.2,1493.5,189.37,0,7.18
102,2011,228,1400,13.31,1873.8,1882.7,238.24,0,11.71
102,2011,228,1500,13.27,1979.8,1975.7,250.43,.267,98.1
102,2011,228,1600,13.25,2533.4,2749.3,334.93,1,554.9
102,2011,228,1700,13.25,2494.7,2747.9,342.21,.966,601
102,2011,228,1800,13.26,587.37,611.18,71.122,.15,60.57
102,2011,228,1900,13.29,264.21,272.33,33.522,.05,21.03
102,2011,228,2000,13.33,2.0407,4.2961,1.4158,0,3.949
102,2011,228,2100,13.38,.98076,.66241,1.9616,0,3.883
102,2011,228,2200,13.41,1.1705,.12663,.22145,0,2.945
102,2011,228,2300,12.9,.15818,0,.75133,0,2.824
101,2011,228,2400,12.76,15715,16279,2098.4,3.682
102,2011,228,2400,12.76,0,0,1.4077,0,2.719
102,2011,229,100,12.75,0,0,1.3525,0,2.802
102,2011,229,200,12.74,0,0,1.835,0,2.796
102,2011,229,300,12.73,0,0,.94122,0,2.791
102,2011,229,400,12.73,0,0,2.6103,0,2.769
102,2011,229,500,12.72,0,0,2.6817,0,2.775
102,2011,229,600,12.71,0,0,2.1754,0,2.781
102,2011,229,700,12.71,0,0,2.8082,0,2.698
102,2011,229,800,12.71,23.604,22.797,3.8998,0,2.77
102,2011,229,900,12.71,555.63,565.95,78.044,.516,165.6
102,2011,229,1000,13.38,1082.3,1120.7,148.12,.85,265.1
102,2011,229,1100,13.32,1885.8,2038.4,248.91,1,406
102,2011,229,1200,13.27,2345.8,2366.5,300.33,.9,394.5
102,2011,229,1300,13.23,3305.5,3044.2,400.82,.933,616.4
102,2011,229,1400,13.23,2450.2,2355.4,306.82,.433,174
102,2011,229,1500,12.88,2279.5,2240.6,287.26,.866,256.4
102,2011,229,1600,12.83,973.03,1005.7,123.14,.15,72.9
102,2011,229,1700,13.29,421.02,426.21,57.568,0,10.45
102,2011,229,1800,13.33,593.76,589.04,80.278,0,13.06
102,2011,229,1900,13.35,91.873,91.389,15.938,0,3.381
102,2011,229,2000,13.38,6.565,5.504,5.2203,0,2.978
102,2011,229,2100,13.4,0,0,5.1647,0,2.978
102,2011,229,2200,13.42,.24518,0,4.524,0,2.978
102,2011,229,2300,13.42,.53781,0,3.0687,0,2.978
101,2011,229,2400,12.71,16015,15872,2086.1,5.648
102,2011,229,2400,13.43,.15818,0,2.5941,0,2.978
102,2011,230,100,13.44,.06327,0,2.9105,0,2.978
102,2011,230,200,13.44,.05536,0,3.0686,0,2.978
102,2011,230,300,13.44,.01582,0,2.2856,0,2.978
102,2011,230,400,13.44,.06327,0,2.4043,0,2.978
102,2011,230,500,13.45,0,0,1.558,0,2.978
102,2011,230,600,13.46,.00791,0,2.3805,0,2.978
102,2011,230,700,13.46,0,0,3.1478,0,2.978
102,2011,230,800,13.47,9.8628,8.991,3.1557,0,2.978
102,2011,230,900,13.46,156.01,152.24,22.208,0,2.978
102,2011,230,1000,13.45,350.23,350.13,48.678,0,3.629
102,2011,230,1100,13.42,819.47,830.89,111.31,0,19.28
102,2011,230,1200,13.33,2260.7,2265.4,300.56,.766,299.7
102,2011,230,1300,13.28,2466.9,2325.2,319.12,.75,287.9
102,2011,230,1400,13.28,1660.5,1569.4,221.11,.4,131.8
102,2011,230,1500,13.26,1839,1838.2,250.8,.466,175.9
102,2011,230,1600,13.27,1223.7,1274.5,171.42,.317,108.7
102,2011,230,1700,13.28,798.78,830.07,109.69,.133,61.69
102,2011,230,1800,13.32,299.65,301.58,39.485,0,10.49
102,2011,230,1900,13.36,118.02,112.98,20.099,0,3.259
102,2011,230,2000,12.79,18.951,17.525,7.0156,0,2.923
102,2011,230,2100,12.79,0,0,3.6381,0,2.901
102,2011,230,2200,13.44,0,0,3.7646,0,2.917
102,2011,230,2300,13.45,0,0,3.0687,0,2.862
101,2011,230,2400,12.79,12022,11877,1655.5,2.832
102,2011,230,2400,13.46,.00791,0,2.6338,0,2.78
102,2011,231,100,13.47,.03164,0,2.5152,0,2.808
102,2011,231,200,13.48,0,0,1.9141,0,2.791
102,2011,231,300,13.48,0,0,3.1324,0,2.775
102,2011,231,400,13.49,0,0,2.2307,0,2.802
102,2011,231,500,13.51,.00791,0,2.6579,0,2.753
102,2011,231,600,13.51,0,0,1.6612,0,2.808
102,2011,231,700,13.51,0,0,2.7607,0,2.775
102,2011,231,800,13.52,32.432,31.137,6.6921,0,11.06
102,2011,231,900,13.48,552.68,569.06,82.425,.85,324.3
102,2011,231,1000,13.4,1323.2,1368.9,191.13,1,450
102,2011,231,1100,13.35,2039.3,2183.2,279.28,.966,350.8
102,2011,231,1200,13.3,2040.2,2067.1,262.67,.666,204.7
102,2011,231,1300,13.25,3134.2,2821.4,378.61,1,616.6
102,2011,231,1400,13.22,3393.5,3001.7,418.47,1,635
102,2011,231,1500,13.2,3234.9,3060.3,415.51,1,687.2
102,2011,231,1600,13.19,2854.5,3111.1,387.94,1,685.3
102,2011,231,1700,13.2,1941,2142.8,267.9,.65,394.5
102,2011,231,1800,13.22,436.9,447.76,60.651,0,13.92
102,2011,231,1900,13.31,257.92,257.93,38.465,0,9.79
102,2011,231,2000,13.34,13.004,12.314,3.9075,0,2.978
102,2011,231,2100,12.84,.03955,0,1.9458,0,2.978
102,2011,231,2200,13.39,0,0,.71186,0,2.923
102,2011,231,2300,13.4,0,0,1.6372,0,2.774
101,2011,231,2400,12.84,21254,21075,2816.9,8.13
102,2011,231,2400,13.42,0,0,2.0643,0,2.697
102,2011,232,100,13.43,0,0,2.7207,0,2.653
102,2011,232,200,13.44,.05536,0,3.4404,0,2.647
102,2011,232,300,13.46,0,0,3.0056,0,2.647
102,2011,232,400,13.47,0,0,2.3017,0,2.648
102,2011,232,500,13.48,0,0,2.7763,0,2.681
102,2011,232,600,13.49,0,0,2.9585,0,2.675
102,2011,232,700,13.5,.03164,0,3.2354,0,2.825
102,2011,232,800,13.51,33.857,34.888,7.1273,0,14.81
102,2011,232,900,12.79,509.51,504.97,79.562,.916,276.4
102,2011,232,1000,12.76,1334.2,1405.3,199.63,1,513.9
102,2011,232,1100,12.76,2011.8,2258.9,283.77,1,578.6
102,2011,232,1200,12.78,2714.9,2699.4,360.85,1,513.4
102,2011,232,1300,12.79,3180.8,2848.2,404.73,1,626.5
102,2011,232,1400,12.81,3020.6,2676.7,382.25,.85,517.7
102,2011,232,1500,12.82,3213.9,3101.8,429.28,.983,665.2
102,2011,232,1600,12.82,2844.4,3163,394.62,1,650
102,2011,232,1700,12.82,1794,1953.3,258.24,.916,529.1
102,2011,232,1800,12.81,1501.1,1565.8,232.41,1,574.4
102,2011,232,1900,12.8,695.88,709.66,116.24,1,343.5
102,2011,232,2000,12.79,63.816,69.145,11.249,.15,36.88
102,2011,232,2100,12.79,0,0,1.5503,0,2.873
102,2011,232,2200,13.29,0,0,2.373,0,2.669
102,2011,232,2300,13.32,0,0,2.8159,0,2.647
101,2011,232,2400,12.76,22919,22991,3190.3,10.81
102,2011,232,2400,13.34,0,0,3.1638,0,2.647
102,2011,233,100,13.38,0,0,3.9547,0,2.647
102,2011,233,200,13.41,0,0,3.2823,0,2.647
102,2011,233,300,13.42,0,0,3.7093,0,3.182
102,2011,233,400,13.44,0,0,3.2111,0,3.315
102,2011,233,500,13.45,0,0,2.3174,0,3.221
102,2011,233,600,13.45,.00791,0,3.4327,0,3.309
102,2011,233,700,13.45,.1661,0,2.8158,0,3.309
102,2011,233,800,12.85,66.548,66.853,12.868,.017,24.43
102,2011,233,900,12.82,484.22,503.39,79.691,1,252.1
102,2011,233,1000,12.82,1256.5,1316.1,187.92,1,484.8
102,2011,233,1100,12.83,2106.2,2374.2,303.45,1,603.1
102,2011,233,1200,12.83,1948.7,2001.8,261.07,.533,271.8
102,2011,233,1300,12.82,2829.6,2570.4,372.18,.8,450.2
102,2011,233,1400,12.82,2718,2477.3,353.45,.716,410.4
102,2011,233,1500,12.82,2547.8,2448.6,350.71,.683,321.2
102,2011,233,1600,12.82,1387.5,1438.1,196.95,.666,156.8
102,2011,233,1700,12.81,895.61,923.87,130.82,0,43.25
102,2011,233,1800,12.79,529.87,547.61,75.354,0,24.21
102,2011,233,1900,12.74,250.94,256.37,36.25,0,8.04
102,2011,233,2000,12.77,14.798,15.596,3.1163,0,2.647
102,2011,233,2100,13.3,.0791,0,.39551,0,2.647
102,2011,233,2200,13.32,.00791,0,.8859,0,2.647
102,2011,233,2300,13.35,0,0,2.1435,0,2.647
101,2011,233,2400,12.74,17036,16940,2393.3,6.414
102,2011,233,2400,13.37,.01582,0,3.3457,0,2.647
102,2011,234,100,13.4,0,0,3.8043,0,2.647
102,2011,234,200,13.42,0,0,4.0416,0,2.647
102,2011,234,300,13.43,0,0,2.6416,0,2.647
102,2011,234,400,13.44,0,0,2.9422,0,2.647
102,2011,234,500,13.45,0,0,2.3253,0,2.647
102,2011,234,600,13.46,0,0,2.262,0,2.647
102,2011,234,700,13.46,0,0,2.4518,0,2.647
102,2011,234,800,13.46,30.688,29.896,7.4902,0,4.661
102,2011,234,900,13.44,375.01,385.68,58.173,.466,120.2
102,2011,234,1000,12.84,1165.5,1230,172.08,1,359
102,2011,234,1100,12.84,1732.9,1889.1,250.79,1,389.1
102,2011,234,1200,13.3,1748.6,1785,246.98,1,207.1
102,2011,234,1300,13.28,1598.3,1605.5,225.12,.167,38.27
102,2011,234,1400,13.28,1616.2,1619.1,235.6,0,15.73
102,2011,234,1500,13.28,2007.4,2006.7,292.66,.35,106.4
102,2011,234,1600,13.29,1941.6,2041.6,289.42,.8,200
102,2011,234,1700,13.28,2185,2364.9,333.83,1,564.2
102,2011,234,1800,13.29,1427.5,1481.8,224.48,.9,462.7
102,2011,234,1900,13.3,577.22,590.28,97.219,.666,216.7
102,2011,234,2000,12.83,55.747,60.271,10.101,.133,36.27
102,2011,234,2100,12.81,0,0,1.0125,0,2.647
102,2011,234,2200,12.79,0,0,2.9029,0,2.647
102,2011,234,2300,12.77,0,0,3.2903,0,2.647
101,2011,234,2400,12.76,16462,17090,2476.1,7.48
102,2011,234,2400,12.76,0,0,4.4449,0,2.647
102,2011,235,100,12.73,0,0,2.9738,0,3.304
102,2011,235,200,12.71,0,0,2.5152,0,3.646
102,2011,235,300,12.65,0,0,2.4282,0,3.64
102,2011,235,400,12.68,0,0,2.1909,0,3.177
102,2011,235,500,12.65,0,0,1.8036,0,2.648
102,2011,235,600,12.62,0,0,3.3301,0,2.648
102,2011,235,700,12.62,0,0,3.496,0,2.648
102,2011,235,800,12.66,32.876,32.784,6.1226,0,4.639
102,2011,235,900,13.36,520.45,531.86,84.227,.8,233.5
102,2011,235,1000,13.28,1123,1187,172.23,.916,390.5
102,2011,235,1100,13.22,2087,2371.7,304.82,1,638.8
102,2011,235,1200,13.16,2738.2,2824.2,367.3,1,659.7
102,2011,235,1300,13.15,3222.8,2888.5,422.81,1,640.5
102,2011,235,1400,13.12,3236.9,2899.7,426.19,.916,558.6