,561.96,1,788
102,2016,256,1000,13.23,1465.3,1,1114
102,2016,256,1100,13.22,2566.9,1,1256
102,2016,256,1200,13.21,3391.2,1,1290
102,2016,256,1300,13.2,3631.6,1,1344
102,2016,256,1400,13.2,3792.4,1,1399
102,2016,256,1500,13.19,1352.3,1,1381
102,2016,256,1600,13.2,536.14,.733,703
102,2016,256,1700,13.2,937.56,1,1062
102,2016,256,1800,13.19,831.48,1,1210
102,2016,256,1900,13.19,125.42,.983,1144
102,2016,256,2000,13.2,0,1,1140
102,2016,256,2100,13.19,0,1,1109
102,2016,256,2200,13.19,0,1,1114
102,2016,256,2300,13.2,0,1,1101
101,2016,256,2400,13.19,19305,23.66
102,2016,256,2400,13.2,0,1,1048
102,2016,257,100,13.2,0,1,957
102,2016,257,200,13.22,0,1,741
102,2016,257,300,13.23,0,1,683.9
102,2016,257,400,13.24,0,.783,472.1
102,2016,257,500,13.24,0,.833,442.8
102,2016,257,600,13.25,0,.683,372.7
102,2016,257,700,13.25,.45538,.8,336.1
102,2016,257,800,13.25,112.81,.933,362.6
102,2016,257,900,13.25,340.04,1,701
102,2016,257,1000,13.24,1303.2,1,1042
102,2016,257,1100,13.23,2697.4,1,1257
102,2016,257,1200,13.24,3271.6,1,1343
102,2016,257,1300,13.23,3231.2,1,1367
102,2016,257,1400,13.22,3285.3,1,1438
102,2016,257,1500,13.23,1155.4,1,1420
102,2016,257,1600,13.22,964.76,1,1349
102,2016,257,1700,13.22,1117.9,1,1366
102,2016,257,1800,13.22,1144,1,1381
102,2016,257,1900,13.22,337.34,1,1368
102,2016,257,2000,13.22,.08812,.816,791
102,2016,257,2100,13.23,0,.017,-205.1
102,2016,257,2200,13.24,0,.117,165.1
102,2016,257,2300,13.24,0,.666,379.4
101,2016,257,2400,13.2,18961,20.54
102,2016,257,2400,13.24,0,.9,589.4
102,2016,258,100,13.25,0,1,723
102,2016,258,200,13.26,0,1,655.9
102,2016,258,300,13.26,0,1,607.1
102,2016,258,400,13.27,0,1,483.8
102,2016,258,500,13.27,0,.966,430.6
102,2016,258,600,13.27,0,.966,452.8
102,2016,258,700,13.28,.44798,1,442.5
102,2016,258,800,13.28,165.21,1,390.9
102,2016,258,900,13.25,492.87,1,632.9
102,2016,258,1000,13.25,1379.8,1,970
102,2016,258,1100,13.25,2438.2,1,1153
102,2016,258,1200,13.25,2734.8,1,1260
102,2016,258,1300,13.24,2302.8,1,1281
102,2016,258,1400,13.24,2793.6,1,1286
102,2016,258,1500,13.24,387.64,.333,-6999
102,2016,258,1600,13.24,321.98,0,-473.4
102,2016,258,1700,13.25,194.47,.683,-217.5
102,2016,258,1800,13.26,214.62,.317,29.68
102,2016,258,1900,13.26,83.541,.816,241.1
102,2016,258,2000,13.26,.97663,0,-427.5
102,2016,258,2100,13.26,.27904,0,-327.7
102,2016,258,2200,13.27,0,0,-237.9
102,2016,258,2300,13.27,0,.433,-38.41
101,2016,258,2400,13.24,13511,17.03
102,2016,258,2400,13.28,0,.516,226.6
102,2016,259,100,13.27,0,.367,385.6
102,2016,259,200,13.28,0,.417,448.1
102,2016,259,300,13.29,0,.4,144.5
102,2016,259,400,13.29,0,.466,33.31
102,2016,259,500,13.3,0,.417,78.5
102,2016,259,600,13.31,0,.333,-38.59
102,2016,259,700,13.31,.41865,.033,-183.3
102,2016,259,800,13.31,112.92,0,-469.1
102,2016,259,900,13.31,311.91,.233,338.6
102,2016,259,1700,13.27,108.44,.367,854
102,2016,259,1800,13.26,348.58,1,1038
102,2016,259,1900,13.25,99.615,1,1154
102,2016,259,2000,13.25,.14686,1,1100
102,2016,259,2100,13.25,0,1,980
102,2016,259,2200,13.25,0,1,859
102,2016,259,2300,13.25,0,1,751
101,2016,259,2400,13.25,556.78,7.36
102,2016,259,2400,13.25,0,1,703
102,2016,260,100,13.26,0,1,669.8
102,2016,260,200,13.26,0,1,637.7
102,2016,260,300,13.26,0,1,657.5
102,2016,260,400,13.27,0,1,570.4
102,2016,260,500,13.27,0,1,541.7
102,2016,260,600,13.27,0,1,516.4
102,2016,260,700,13.27,.63896,.916,451.3
102,2016,260,800,13.27,159.59,.75,269.3
102,2016,260,900,13.27,311.42,.983,531.9
102,2016,260,1000,13.27,1421.8,1,694.8
102,2016,260,1100,13.27,2813,1,990
102,2016,260,1200,13.26,3213.2,.95,1238
102,2016,260,1300,13.26,3732.4,1,1343
102,2016,260,1400,13.25,3786.7,1,1375
102,2016,260,1500,13.25,920.64,1,1157
102,2016,260,1600,13.24,932.48,1,1195
102,2016,260,1700,13.25,441.01,1,1094
102,2016,260,1800,13.26,709.47,1,919
102,2016,260,1900,13.27,180.95,1,944
102,2016,260,2000,13.27,.1175,.966,736
102,2016,260,2100,13.27,0,1,1009
102,2016,260,2200,13.27,0,1,816
102,2016,260,2300,13.27,0,1,703
101,2016,260,2400,13.24,13917,12.91
102,2016,260,2400,13.27,0,1,654.2
102,2016,261,100,13.27,0,1,671.2
102,2016,261,200,13.27,0,1,625
102,2016,261,300,13.27,0,1,597.1
102,2016,261,400,13.27,0,1,505.9
102,2016,261,500,13.28,0,1,399.6
102,2016,261,600,13.28,0,.816,195
102,2016,261,700,13.28,.35987,.966,366.2
102,2016,261,800,13.29,89.867,1,468.9
102,2016,261,900,13.29,509.62,1,508
102,2016,261,1000,13.29,833.72,1,695.6
102,2016,261,1100,13.29,1603.3,1,842
102,2016,261,1200,13.28,1818.1,1,1032
102,2016,261,1300,13.27,3052,1,1235
102,2016,261,1400,13.27,3660.6,1,1280
102,2016,261,1500,13.26,3403.5,1,1336
102,2016,261,1600,13.26,2339,1,1333
102,2016,261,1700,13.25,1801.6,1,1311
102,2016,261,1800,13.25,847.85,1,1296
102,2016,261,1900,13.25,278.26,1,1270
102,2016,261,2000,13.24,4.7291,1,1296
102,2016,261,2100,13.25,1.7771,.233,-6999
102,2016,261,2200,13.26,.00734,0,-512.3
102,2016,261,2300,13.26,0,0,-436
101,2016,261,2400,13.24,20244,20.14
102,2016,261,2400,13.26,0,.133,-539.7
102,2016,262,100,13.26,.2056,.733,-405.7
102,2016,262,200,13.27,.38183,.85,323.8
102,2016,262,300,13.27,0,.766,490.9
102,2016,262,400,13.27,0,.816,492.8
102,2016,262,500,13.28,0,.683,521.6
102,2016,262,600,13.28,0,.466,234.7
102,2016,262,700,13.29,.76376,.317,-80.3
102,2016,262,800,13.29,122.17,.267,-178.1
102,2016,262,900,13.29,303.55,.5,372
102,2016,262,1000,13.29,1429.8,.6,479.5
102,2016,262,1100,13.28,2781.3,.983,651.3
102,2016,262,1200,13.27,3391,1,958
102,2016,262,1300,13.26,3599.6,1,1163
102,2016,262,1400,13.26,3739.6,1,1162
102,2016,262,1500,13.25,3476.3,1,1150
102,2016,262,1600,13.24,2342.5,1,1183
102,2016,262,1700,13.24,2124,1,1220
102,2016,262,1800,13.24,1347,1,1230
102,2016,262,1900,13.24,340.38,1,1224
102,2016,262,2000,13.24,.85184,1,1126
102,2016,262,2100,13.24,0,1,1081
102,2016,262,2200,13.25,0,1,1003
102,2016,262,2300,13.25,0,1,856
101,2016,262,2400,13.24,24999,19.98
102,2016,262,2400,13.26,0,1,734
102,2016,263,100,13.26,0,1,740
102,2016,263,200,13.27,0,1,697.6
102,2016,263,300,13.28,0,1,702
102,2016,263,400,13.29,0,1,635.5
102,2016,263,500,13.29,0,1,570.8
102,2016,263,600,13.3,0,1,566.1
102,2016,263,700,13.31,.87402,1,600.9
102,2016,263,800,13.31,151.01,1,644.8
102,2016,263,900,13.3,547.61,1,807
102,2016,263,1000,13.29,1716.5,1,935
102,2016,263,1100,13.28,2521.2,1,1106
102,2016,263,1200,13.27,2270.6,1,1197
102,2016,263,1300,13.26,2669.6,1,1200
102,2016,263,1400,13.26,1912.2,1,-6999
102,2016,263,1500,13.26,603.26,.533,890
102,2016,263,1600,13.27,419.64,.766,646.7
102,2016,263,1700,13.28,668.74,1,841
102,2016,263,1800,13.27,719.57,1,1006
102,2016,263,1900,13.27,228.46,1,1033
102,2016,263,2000,13.27,.4773,1,1007
102,2016,263,2100,13.27,0,1,988
102,2016,263,2200,13.27,0,1,987
102,2016,263,2300,13.27,0,1,914
101,2016,263,2400,13.26,14430,23.29
102,2016,263,2400,13.28,0,1,858
102,2016,264,100,13.28,0,1,816
102,2016,264,200,13.29,0,1,755
102,2016,264,300,13.29,0,1,644.1
102,2016,264,400,13.29,0,1,627.4
102,2016,264,500,13.29,0,1,577.1
102,2016,264,600,13.29,0,.95,501.2
102,2016,264,700,13.3,.8593,.683,258.2
102,2016,264,900,13.31,164.57,.483,651.7
102,2016,264,1000,13.3,1358,.683,955
102,2016,264,1100,13.29,2764.7,1,1182
102,2016,264,1200,13.28,3312.1,1,1346
102,2016,264,1300,13.27,3628.1,1,1377
102,2016,264,1400,13.26,1806.9,1,1355
102,2016,264,1500,13.28,87.059,.067,1134
102,2016,264,1600,13.26,522.45,.9,1090
102,2016,264,1700,13.26,72.227,.067,-6999
102,2016,264,1800,13.27,161.46,.833,-6999
102,2016,264,1900,13.27,57.702,1,745
102,2016,264,2000,13.27,.2717,1,790
102,2016,264,2100,13.27,0,1,798
102,2016,264,2200,13.28,0,.566,429
102,2016,264,2300,13.28,0,.8,523.9
101,2016,264,2400,13.26,291.66,6.264
102,2016,264,2400,13.27,0,1,613.7
102,2016,265,100,13.28,0,1,633
102,2016,265,200,13.28,0,1,571.7
102,2016,265,300,13.29,0,1,505.7
102,2016,265,400,13.29,0,.75,125.9
102,2016,265,500,13.3,0,.483,-198.4
102,2016,265,600,13.3,0,.433,-267.8
102,2016,265,700,13.31,1.6746,.516,-282.1
102,2016,265,800,13.31,129.97,.2,-271.4
102,2016,265,900,13.31,449.45,.55,241.4
102,2016,265,1000,13.3,1101.1,1,650.3
102,2016,265,1100,13.29,2630.7,1,934
102,2016,265,1200,13.29,3252.4,1,1205
102,2016,265,1300,13.27,3535.8,1,1312
102,2016,265,1400,13.26,2587.9,1,1324
102,2016,265,1500,13.26,1920.5,1,1302
102,2016,265,1700,13.27,544.42,.417,1112
102,2016,265,1800,13.26,1114.8,1,1294
102,2016,265,1900,13.26,232.34,1,1279
102,2016,265,2000,13.26,1.4393,1,1129
102,2016,265,2100,13.26,0,.417,-6999
102,2016,265,2200,13.26,.49198,0,-292.3
102,2016,265,2300,13.26,.24232,.1,-314.2
101,2016,265,2400,13.26,1893.9,4.615
102,2016,265,2400,13.26,.1028,.683,244.3
102,2016,266,100,13.26,0,.816,482.3
102,2016,266,200,13.27,0,.783,509
102,2016,266,300,13.28,0,.65,522.1
102,2016,266,400,13.29,0,.483,559.6
102,2016,266,500,13.29,0,.267,262.5
102,2016,266,600,13.3,0,0,-362.9
102,2016,266,700,13.31,1.1164,0,-398.5
102,2016,266,800,13.31,145.69,0,-363.8
102,2016,266,900,13.3,509.1,.233,314
102,2016,266,1000,13.29,1479.3,.683,440.3
102,2016,266,1100,13.28,2789.3,1,665.6
102,2016,266,1200,13.28,3370.2,1,938
102,2016,266,1300,13.27,3695.5,1,1185
102,2016,266,1400,13.26,3425.4,1,1205
102,2016,266,1500,13.26,3021.6,1,1179
102,2016,266,1600,13.25,1820.4,1,1150
102,2016,266,1700,13.24,1168.1,1,1109
102,2016,266,1800,13.28,3.0547,0,165.2
102,2016,266,1900,13.27,17.153,0,-316.1
102,2016,266,2000,13.27,0,0,-310.7
102,2016,266,2100,13.27,0,.033,-207
102,2016,266,2200,13.27,.55075,.783,-180
102,2016,266,2300,13.27,1.7183,0,-481.2
101,2016,266,2400,13.27,23.667,1.033
102,2016,266,2400,13.27,1.1897,.217,-284.7
102,2016,267,100,13.28,0,.483,232
102,2016,267,200,13.28,0,.483,295.8
102,2016,267,300,13.29,0,.383,299.6
102,2016,267,400,13.29,0,.466,301.7
102,2016,267,500,13.29,0,.333,268.3
102,2016,267,600,13.3,0,.033,249.2
102,2016,267,700,13.31,1.2339,.017,248.7
102,2016,267,800,13.31,143.1,.05,223.5
102,2016,267,900,13.3,298.54,.333,239
102,2016,267,1000,13.29,1446.9,.616,289.8
102,2016,267,1100,13.28,2802.2,.883,535.4
102,2016,267,1200,13.27,3350.5,1,805
102,2016,267,1300,13.27,3730.1,1,1104
102,2016,267,1400,13.26,3042.9,1,1291
102,2016,267,1500,13.26,2408,1,1303
102,2016,267,1600,13.25,772.73,1,1253
102,2016,267,1700,13.25,1620.8,1,1293
102,2016,267,1800,13.24,630.69,1,1221
102,2016,267,1900,13.24,110.24,.933,993
102,2016,267,2000,13.25,0,1,964
102,2016,267,2100,13.25,0,1,822
102,2016,267,2200,13.26,0,1,681
102,2016,267,2300,13.26,0,1,710
101,2016,267,2400,13.24,20358,17.01
102,2016,267,2400,13.26,0,1,651.8
102,2016,268,100,13.26,0,1,621
102,2016,268,200,13.26,0,1,588.6
102,2016,268,300,13.26,0,1,678.9
102,2016,268,400,13.26,0,.95,641.2
102,2016,268,500,13.26,.25704,.067,443.7
102,2016,268,600,13.27,0,0,-101.5
102,2016,268,700,13.27,.08813,.183,-403.2
102,2016,268,800,13.28,35.459,.983,-119.3
102,2016,268,900,13.27,192.82,.417,353.6
102,2016,268,1000,13.26,547.12,.417,-75.4
102,2016,268,1100,13.25,954.37,.267,-52.31
102,2016,268,1200,13.26,969.59,.367,398.8
102,2016,268,1300,13.26,1370,.5,451
102,2016,268,1400,13.25,2071.1,.733,553
102,2016,268,1500,13.25,3438.1,.983,726
102,2016,268,1600,13.25,2807.3,1,963
102,2016,268,1700,13.25,1341.9,1,1066
102,2016,268,1800,13.25,548.44,1,983
102,2016,268,1900,13.25,198.71,1,910
102,2016,268,2000,13.26,0,1,866
102,2016,268,2100,13.25,0,1,756
102,2016,268,2200,13.25,0,1,666.3
102,2016,268,2300,13.26,0,1,637.7
101,2016,268,2400,13.25,14475,17.86
102,2016,268,2400,13.25,0,1,608.1
102,2016,269,100,13.26,0,1,593.5
102,2016,269,200,13.26,0,.85,576.3
102,2016,269,300,13.26,0,.65,517.2
102,2016,269,400,13.27,0,.433,497
102,2016,269,500,13.27,0,.35,507.3
102,2016,269,600,13.27,0,.383,514
102,2016,269,700,13.28,1.6599,.417,553.2
102,2016,269,800,13.29,144.37,.45,523.8
102,2016,269,900,13.29,330.63,.733,518.7
102,2016,269,1000,13.29,1478.7,.95,666.4
102,2016,269,1100,13.29,2807.9,1,849
102,2016,269,1200,13.28,3412.8,1,1122
102,2016,269,1300,13.27,3442.4,1,1366
102,2016,269,1400,13.26,3315.3,1,1470
102,2016,269,1500,13.26,2904.3,1,1437
102,2016,269,1700,13.26,141.38,.3,-6999
102,2016,269,1800,13.25,883.37,.7,635.9
102,2016,269,1900,13.25,254.01,1,1139
102,2016,269,2000,13.25,0,1,985
102,2016,269,2100,13.25,0,1,1032
102,2016,269,2200,13.25,0,1,927
102,2016,269,2300,13.25,0,1,910
101,2016,269,2400,13.25,1278.8,6.997
102,2016,269,2400,13.26,0,1,861
102,2016,270,100,13.26,0,1,854
102,2016,270,200,13.26,0,1,788
102,2016,270,300,13.26,0,1,758
102,2016,270,400,13.27,0,1,726
102,2016,270,500,13.27,0,1,781
102,2016,270,600,13.28,0,1,782
102,2016,270,700,13.27,.17625,1,692.2
102,2016,270,800,13.27,59.368,1,628.6
102,2016,270,900,13.28,432.38,1,636.5
102,2016,270,1000,13.28,1219.7,1,868
102,2016,270,1100,13.27,1801.6,1,1161
102,2016,270,1200,13.27,2676.2,1,1292
102,2016,270,1300,13.26,3442.2,1,1396
102,2016,270,1400,13.26,3458.2,1,1396
102,2016,270,1500,13.26,1688.7,1,1421
102,2016,270,1600,13.26,305.92,.417,627.6
102,2016,270,1700,13.26,526.23,.25,157.1
102,2016,270,1800,13.26,372.18,1,572.7
102,2016,270,1900,13.27,77.108,1,587.9
102,2016,270,2000,13.26,0,.916,581.3
102,2016,270,2100,13.26,0,.766,528.5
102,2016,270,2200,13.26,0,.766,520.3
102,2016,270,2300,13.26,0,.633,525.2
101,2016,270,2400,13.26,16060,21.39
102,2016,270,2400,13.27,0,.65,516.6
102,2016,271,100,13.27,0,0,376.8
102,2016,271,200,13.27,0,0,283.2
102,2016,271,300,13.28,0,0,380.3
102,2016,271,400,13.28,0,0,343.5
102,2016,271,500,13.28,0,0,279.2
102,2016,271,600,13.29,0,0,-21.47
102,2016,271,700,13.29,1.5791,0,-157.9
102,2016,271,800,13.29,131.1,0,-463.6
102,2016,271,900,13.29,485.5,0,-18.99
102,2016,271,1000,13.29,408.61,.067,442.6
102,2016,271,1100,13.29,2156.5,.45,446.6
102,2016,271,1200,13.28,1636.5,.933,606.7
102,2016,271,1300,13.27,1952.8,1,811
102,2016,271,1400,13.27,1796.7,1,1070
102,2016,271,1500,13.26,1341,1,1081
102,2016,271,1600,13.26,511.95,1,968
102,2016,271,1700,13.26,1294.9,1,1028
102,2016,271,1800,13.26,483.83,1,970
102,2016,271,1900,13.27,117.4,.033,335.5
102,2016,271,2000,13.28,.13219,.067,290
102,2016,271,2100,13.29,0,.3,107.2
102,2016,271,2200,13.29,0,.083,-292.3
102,2016,271,2300,13.29,0,.133,197.7
101,2016,271,2400,13.26,11700,8.31
102,2016,271,2400,13.29,0,.25,353.9
102,2016,272,100,13.29,0,.083,349.4
102,2016,272,200,13.29,0,.267,376
102,2016,272,300,13.29,0,.283,379.9
102,2016,272,400,13.29,0,.083,365.4
102,2016,272,500,13.3,0,0,337.7
102,2016,272,600,13.3,0,0,-65.71
102,2016,272,700,13.31,2.5266,0,-215.7
102,2016,272,800,13.31,168.72,0,-256.5
102,2016,272,900,13.31,324.93,0,133.5
102,2016,272,1000,13.3,1555.7,.283,352.4
102,2016,272,1100,13.29,2918.2,.966,666.7
102,2016,272,1200,13.29,3482.4,1,1011
102,2016,272,1300,13.28,3742.6,1,1208
102,2016,272,1400,13.27,3539.7,1,1245
102,2016,272,1500,13.26,3647.6,1,1200
102,2016,272,1600,13.26,1109.5,.733,-6999
102,2016,272,1700,13.26,297.38,.283,-181.3
102,2016,272,1800,13.27,193.93,.833,315.4
102,2016,272,1900,13.27,66.161,1,649.5
102,2016,272,2000,13.27,0,.983,587.6
102,2016,272,2100,13.27,0,.45,485.5
102,2016,272,2200,13.27,0,.3,405.9
102,2016,272,2300,13.27,0,.933,592.2
101,2016,272,2400,13.26,21049,12.46
102,2016,272,2400,13.27,0,.983,597.3
102,2016,273,100,13.27,0,.65,578.7
102,2016,273,200,13.27,0,.733,535
102,2016,273,300,13.27,0,.6,482.6
102,2016,273,400,13.28,0,.633,500.8
102,2016,273,500,13.28,0,.35,429.7
102,2016,273,600,13.28,0,.083,147.8
102,2016,273,700,13.29,.426,.033,-243.1
102,2016,273,800,13.29,113.48,.117,-293.3
102,2016,273,900,13.29,498.52,.616,-344.1
102,2016,273,1000,13.29,1285.1,0,-219.7
102,2016,273,1100,13.28,2842.8,.333,424.9
102,2016,273,1200,13.27,3377.6,.833,606.7
102,2016,273,1300,13.27,3721.7,1,858
102,2016,273,1400,13.26,3269.4,1,1145
102,2016,273,1500,13.26,3002.9,1,1266
102,2016,273,1600,13.26,1344.5,1,1174
102,2016,273,1700,13.25,617.15,1,1181
102,2016,273,1800,13.25,154,1,971
102,2016,273,1900,13.26,13.511,.633,342.1
102,2016,273,2000,13.25,0,.3,420.7
102,2016,273,2100,13.25,0,1,620.1
102,2016,273,2200,13.26,0,1,621.7
102,2016,273,2300,13.27,0,1,595.4
101,2016,273,2400,13.25,20241,15.91
102,2016,273,2400,13.27,0,1,584.2
102,2016,274,100,13.27,0,.983,607.8
102,2016,274,200,13.27,0,.783,555.7
102,2016,274,300,13.27,0,.433,496
102,2016,274,400,13.28,0,.533,508
102,2016,274,500,13.29,0,.583,506.9
102,2016,274,600,13.29,0,.633,545.6
102,2016,274,700,13.29,1.4763,.45,478.3
102,2016,274,800,13.29,119.54,.017,-198.4
102,2016,274,900,13.29,271.03,.267,410.2
102,2016,274,1000,13.29,1473.2,.833,675
102,2016,274,1100,13.28,2841.9,1,876
102,2016,274,1200,13.27,3148.1,1,1156
102,2016,274,1300,13.27,3696.5,1,1283
102,2016,274,1400,13.26,3368.4,1,1317
102,2016,274,1500,13.25,1587.2,1,1264
102,2016,274,1600,13.24,1826.4,1,1260
102,2016,274,1700,13.24,2136.8,1,1315
102,2016,274,1800,13.24,1407.8,1,1333
102,2016,274,1900,13.24,369.53,1,1308
102,2016,274,2000,13.23,.41123,1,1221
102,2016,274,2100,13.24,0,1,1186
102,2016,274,2200,13.24,0,1,1013
102,2016,274,2300,13.24,0,1,951
101,2016,274,2400,13.23,22248,19.51
102,2016,274,2400,13.24,0,1,885
102,2016,275,100,13.25,0,1,795
102,2016,275,200,13.26,0,1,741
102,2016,275,300,13.26,0,1,753
102,2016,275,400,13.26,0,1,665
102,2016,275,500,13.27,0,.95,617.6
102,2016,275,600,13.27,0,.633,549.6
102,2016,275,700,13.27,2.1811,.483,487.8
102,2016,275,800,13.29,126.2,.466,447.7
102,2016,275,900,13.28,266.68,.916,679.8
102,2016,275,1000,13.27,1480.1,1,1044
102,2016,275,1100,13.26,2858.8,1,1274
102,2016,275,1200,13.26,3439,1,1331
102,2016,275,1300,13.25,3530.3,1,1369
102,2016,275,1400,13.24,3535.9,1,1382
102,2016,275,1500,13.24,1689.3,1,1389
102,2016,275,1600,13.24,1041.5,1,1376
102,2016,275,1700,13.23,722.22,1,1406
102,2016,275,1800,13.23,419.65,1,1320
102,2016,275,1900,13.23,246.99,1,1239
102,2016,275,2000,13.23,0,1,1030
102,2016,275,2100,13.23,0,1,984
102,2016,275,2200,13.24,0,1,1027
102,2016,275,2300,13.24,0,1,1011
101,2016,275,2400,13.23,19359,22.44
102,2016,275,2400,13.24,0,1,989
102,2016,276,100,13.25,0,1,922
102,2016,276,200,13.26,0,1,846
102,2016,276,300,13.26,0,1,741
102,2016,276,400,13.26,0,.933,641.3
102,2016,276,500,13.27,0,.833,575.7
102,2016,276,600,13.28,0,.55,552.3
102,2016,276,700,13.28,1.5496,.833,551.7
102,2016,276,800,13.28,143.96,.95,581.8
102,2016,276,900,13.27,341.82,1,803
102,2016,276,1000,13.27,1491.4,1,1042
102,2016,276,1100,13.26,2423.2,1,1203
102,2016,276,1200,13.26,3437.5,1,1315
102,2016,276,1300,13.25,3330.5,1,1303
102,2016,276,1400,13.25,626.95,.516,-99.8
102,2016,276,1500,13.25,810.39,1,1101
102,2016,276,1600,13.25,1285.7,1,1095
102,2016,276,1700,13.26,828.35,1,1050
102,2016,276,1800,13.26,334.95,1,1008
102,2016,276,1900,13.26,48.883,1,871
102,2016,276,2000,13.27,0,1,783
102,2016,276,2100,13.26,0,1,675.4
102,2016,276,2200,13.26,0,.9,573.4
102,2016,276,2300,13.27,0,.983,578
101,2016,276,2400,13.25,15105,22.36
102,2016,276,2400,13.27,0,.866,543.2
102,2016,277,100,13.28,0,.866,527.5
102,2016,277,200,13.28,0,.65,539.5
102,2016,277,300,13.29,0,.6,541.5
102,2016,277,400,13.29,0,.583,513
102,2016,277,500,13.3,0,.733,522.1
102,2016,277,600,13.3,0,.733,522.4
102,2016,277,700,13.3,.1983,.85,508.5
102,2016,277,800,13.3,110.67,.633,475.3
102,2016,277,900,13.3,509.82,.85,487.7
102,2016,277,1000,13.29,908.89,.966,597.1
102,2016,277,1100,13.29,1198.2,1,712
102,2016,277,1200,13.28,1235.5,1,803
102,2016,277,1300,13.28,1763.3,1,879
102,2016,277,1400,13.27,1287,1,1067
102,2016,277,1500,13.27,926.8,1,1145
102,2016,277,1600,13.28,961.38,1,950
102,2016,277,1700,13.28,821.57,1,1028
102,2016,277,1800,13.28,446.4,1,1008
102,2016,277,1900,13.27,97.522,.916,943
102,2016,277,2200,13.3,0,.117,488.5
102,2016,277,2300,13.29,0,.983,564
101,2016,277,2400,13.29,0,2.033
102,2016,277,2400,13.29,0,.933,561.7
102,2016,278,100,13.29,0,.783,520.2
102,2016,278,200,13.29,0,.433,454.3
102,2016,278,300,13.3,0,.533,436.4
102,2016,278,400,13.3,0,.483,459.1
102,2016,278,500,13.31,0,.367,459.1
102,2016,278,600,13.31,0,.067,-290.5
102,2016,278,700,13.31,1.6379,.05,-456.2
102,2016,278,800,13.31,116.54,.017,-442.2
102,2016,278,900,13.31,241.61,.45,352.1
102,2016,278,1000,13.3,1446.9,.75,710
102,2016,278,1100,13.29,2676.7,1,1064
102,2016,278,1200,13.29,2727.3,1,1253
102,2016,278,1300,13.28,2835.7,1,1323
102,2016,278,1400,13.27,1095.6,.966,1223
102,2016,278,1500,13.27,1789.5,.916,923
102,2016,278,2100,13.3,0,.367,584
102,2016,278,2200,13.29,0,.5,605.9
102,2016,278,2300,13.29,0,.633,618
101,2016,278,2400,13.29,0,1.949
102,2016,278,2400,13.3,0,.45,613.7
102,2016,279,100,13.3,0,.633,600
102,2016,279,200,13.3,0,.433,567.1
102,2016,279,300,13.3,0,.583,545.5
102,2016,279,400,13.3,0,.367,556.3
102,2016,279,500,13.3,0,.45,532.1
102,2016,279,600,13.3,0,.233,460
102,2016,279,700,13.3,3.6944,.233,503.3
102,2016,279,800,13.3,209.28,.45,514.4
102,2016,279,900,13.31,733.65,.533,536.9
102,2016,279,1000,13.3,1785.1,.716,602
102,2016,279,1100,13.29,2193.9,.916,701
102,2016,279,1200,13.29,1814.3,1,802
102,2016,279,1300,13.29,2847.6,1,876
102,2016,279,1500,13.29,256.65,.017,278.2
102,2016,279,1600,13.29,649.49,.633,-170.4
102,2016,279,1700,13.29,575.13,.516,464.1
102,2016,279,1800,13.29,355.29,.5,553.7
102,2016,279,1900,13.29,90.752,.35,555.3
102,2016,279,2000,13.29,0,.383,573.6
102,2016,279,2100,13.29,0,.417,580.4
102,2016,279,2200,13.29,0,.417,517.5
102,2016,279,2300,13.29,0,.533,496.7
101,2016,279,2400,13.29,1927.3,4.248
102,2016,279,2400,13.29,0,.483,461.5
102,2016,280,100,13.3,0,.267,450.3
102,2016,280,200,13.3,0,.25,395.7
102,2016,280,300,13.3,0,.05,262
102,2016,280,400,13.31,0,0,-146.4
102,2016,280,500,13.31,0,0,-371.3
102,2016,280,600,13.31,0,0,-438.9
102,2016,280,700,13.31,1.3588,0,-427.7
102,2016,280,800,13.31,106.51,0,-488.4
102,2016,280,900,13.31,455.2,0,-76.1
102,2016,280,1000,13.31,1577.6,.183,293.6
102,2016,280,1100,13.31,2381.5,.6,545
102,2016,280,1200,13.3,1208.2,.783,603
102,2016,280,1300,13.29,2800.2,1,796
102,2016,280,1400,13.29,3735.8,1,989
102,2016,280,1500,13.28,3088.9,1,1220
102,2016,280,1600,13.27,1885.3,1,1308
102,2016,280,1700,13.27,1598.9,1,1198
102,2016,280,1800,13.27,1348.2,1,1201
102,2016,280,1900,13.27,260.11,1,1258
102,2016,280,2000,13.27,0,1,1118
102,2016,280,2100,13.27,0,1,1017
102,2016,280,2200,13.27,0,1,897
102,2016,280,2300,13.28,0,1,719
101,2016,280,2400,13.27,20448,14.13
102,2016,280,2400,13.28,0,1,611.7
102,2016,281,100,13.28,0,.95,576.6
102,2016,281,200,13.29,0,.983,600.9
102,2016,281,300,13.29,0,.783,569.6
102,2016,281,400,13.29,0,.633,480.3
102,2016,281,500,13.29,0,.7,528.7
102,2016,281,600,13.29,0,.65,419.1
102,2016,281,700,13.3,3.5035,.533,220.4
102,2016,281,800,13.3,161.96,.7,344
102,2016,281,900,13.3,341.67,.916,575.8
102,2016,281,1000,13.29,1497.8,1,750
102,2016,281,1100,13.29,2686.5,1,998
102,2016,281,1200,13.28,3621.1,1,1235
102,2016,281,1300,13.27,3712.6,1,1308
102,2016,281,1400,13.27,3810.4,1,1305
102,2016,281,1500,13.26,3118.8,1,1324
102,2016,281,1600,13.25,2537.3,1,1338
102,2016,281,1700,13.25,2060.6,1,1310
102,2016,281,1800,13.24,1129.4,1,1335
102,2016,281,1900,13.24,283.09,1,1291
102,2016,281,2000,13.24,0,1,1202
102,2016,281,2100,13.25,0,.833,684.6
102,2016,281,2200,13.25,0,.916,953
102,2016,281,2300,13.26,0,1,1029
101,2016,281,2400,13.24,24965,21.59
102,2016,281,2400,13.26,0,1,826
102,2016,282,100,13.26,0,1,766
102,2016,282,200,13.26,0,1,709
102,2016,282,300,13.26,0,1,669
102,2016,282,400,13.27,0,1,623.7
102,2016,282,500,13.27,0,1,594
102,2016,282,600,13.27,0,1,564.5
102,2016,282,700,13.27,3.9069,1,554.9
102,2016,282,800,13.28,129.64,1,555.3
102,2016,282,900,13.28,280.58,1,735
102,2016,282,1000,13.27,1457.6,1,1023
102,2016,282,1100,13.27,2855.6,1,1277
102,2016,282,1200,13.27,3250.5,1,1385
102,2016,282,2000,13.27,0,.483,518
102,2016,282,2100,13.26,0,.916,581.6
102,2016,282,2200,13.26,0,1,605.8
102,2016,282,2300,13.26,0,1,578.6
101,2016,282,2400,13.26,0,4.382
102,2016,282,2400,13.26,0,.983,539.3
102,2016,283,100,13.26,0,.916,575.9
102,2016,283,200,13.26,0,.9,589.7
102,2016,283,300,13.26,0,.616,612.5
102,2016,283,400,13.27,0,.433,552.3
102,2016,283,500,13.28,0,.217,404.8
102,2016,283,600,13.28,0,.433,455.5
102,2016,283,700,13.29,2.9669,.783,606.1
102,2016,283,800,13.29,129.9,.6,604.4
102,2016,283,900,13.29,269.86,.9,669.4
102,2016,283,1000,13.28,1491.8,1,766
102,2016,283,1100,13.27,2909.1,1,897
102,2016,283,1200,13.27,3456.3,1,1124
102,2016,283,1300,13.26,3775,1,1282
102,2016,283,1400,13.26,3750.4,1,1343
102,2016,283,1500,13.25,3184.2,1,1329
102,2016,283,1600,13.24,2190.7,1,1339
102,2016,283,1700,13.23,1038.9,.966,1142
102,2016,283,1800,13.22,523.41,.783,450.2
102,2016,283,1900,13.22,34.117,1,884
102,2016,283,2000,13.23,0,1,924
102,2016,283,2100,13.23,0,1,830
102,2016,283,2200,13.22,0,1,692.7
102,2016,283,2300,13.22,0,1,560
101,2016,283,2400,13.22,22757,20.54
102,2016,283,2400,13.23,0,1,595.6
102,2016,284,100,13.23,0,1,607.8
102,2016,284,200,13.24,0,1,562.8
102,2016,284,300,13.24,0,.666,516.6
102,2016,284,400,13.24,0,.733,540.6
102,2016,284,500,13.25,0,1,625.9
102,2016,284,600,13.25,0,1,606.1
102,2016,284,700,13.26,3.0845,1,620.1
102,2016,284,800,13.27,138.24,1,586
102,2016,284,900,13.27,268.9,1,755
102,2016,284,1000,13.27,1527.9,1,979
102,2016,284,1100,13.27,2818.8,1,1201
102,2016,284,1200,13.26,3403.5,1,1301
102,2016,284,1300,13.26,3335.4,1,1350
102,2016,284,1400,13.25,2910.9,1,1347
102,2016,284,1500,13.24,3131.6,1,1400
102,2016,284,1600,13.24,2340.9,1,1403
102,2016,284,1700,13.23,2112.5,1,1287
102,2016,284,1800,13.23,329.69,.8,-6999
102,2016,284,1900,13.24,14.606,0,144
102,2016,284,2000,13.26,.20561,.466,369.8
102,2016,284,2100,13.26,0,.666,448.7
102,2016,284,2200,13.26,0,.7,438.3
102,2016,284,2300,13.26,0,.3,301
101,2016,284,2400,13.23,22336,20.08
102,2016,284,2400,13.26,0,.75,487
102,2016,285,100,13.26,0,1,551.4
102,2016,285,200,13.26,0,1,623.5
102,2016,285,300,13.26,0,1,604.4
102,2016,285,400,13.26,0,.983,553.1
102,2016,285,500,13.27,0,.683,495.3
102,2016,285,600,13.27,0,.367,424.1
102,2016,285,700,13.27,2.5925,.35,420.5
102,2016,285,800,13.28,181.91,.267,392
102,2016,285,900,13.28,389.56,.65,490.7
102,2016,285,1000,13.29,1554.5,1,760
102,2016,285,1100,13.27,2892.1,1,956
102,2016,285,1200,13.27,3428.9,1,1197
102,2016,285,1300,13.26,3740,1,1290
102,2016,285,1400,13.26,3509,1,1290
102,2016,285,1500,13.25,3410.1,1,1288
102,2016,285,1600,13.24,2281.1,1,1292
102,2016,285,1700,13.24,2002.3,1,1316
102,2016,285,1800,13.24,1152.5,1,1301
102,2016,285,1900,13.24,224.39,1,1146
102,2016,285,2000,13.24,2.2691,.733,689
102,2016,285,2100,13.25,.51403,.05,-491.9
102,2016,285,2200,13.26,0,.05,-387.7
102,2016,285,2300,13.26,0,.8,-120.3
101,2016,285,2400,13.24,24772,18.24
102,2016,285,2400,13.26,0,.317,-362.3
102,2016,286,100,13.26,0,.017,-529.7
102,2016,286,200,13.27,0,.133,-244.6
102,2016,286,300,13.27,0,.317,315.7
102,2016,286,400,13.27,0,.017,391.8
102,2016,286,500,13.27,0,0,338
102,2016,286,600,13.28,0,0,289.8
102,2016,286,700,13.28,3.8042,0,-148.4
102,2016,286,800,13.29,123.66,0,-478.1
102,2016,286,900,13.29,246.8,.25,218.5
102,2016,286,1000,13.29,1516.5,.55,583.3
102,2016,286,1100,13.29,2999.9,.666,575.8
102,2016,286,1200,13.28,3356.1,.983,759
102,2016,286,1300,13.27,3698.2,1,993
102,2016,286,1400,13.26,3702,1,1273
102,2016,286,1500,13.26,3426.9,1,1367
102,2016,286,1600,13.25,2313.6,1,1344
102,2016,286,1700,13.24,2024.4,1,1340
102,2016,286,1800,13.24,1115.6,1,1295
102,2016,286,1900,13.24,228.58,1,1283
102,2016,286,2000,13.24,0,1,1167
102,2016,286,2100,13.24,0,1,1068
102,2016,286,2200,13.24,0,1,1006
102,2016,286,2300,13.24,0,1,843
101,2016,286,2400,13.24,24756,14.93
102,2016,286,2400,13.25,0,1,768
102,2016,287,100,13.25,0,1,621.7
102,2016,287,200,13.26,0,.75,499.2
102,2016,287,300,13.26,0,1,578.6
102,2016,287,400,13.26,0,1,595.8
102,2016,287,500,13.27,0,1,569.7
102,2016,287,600,13.27,0,1,535.3
102,2016,287,700,13.27,3.0771,.966,464
102,2016,287,800,13.28,134.08,1,693.3
102,2016,287,900,13.29,325.09,1,867
102,2016,287,1000,13.28,1504.4,1,1008
102,2016,287,1100,13.27,2889,1,1187
102,2016,287,1200,13.27,3382.7,1,1266
102,2016,287,1300,13.26,3600.5,1,1286
102,2016,287,1400,13.25,3390.6,1,1331
102,2016,287,1500,13.24,2134.2,1,1366
102,2016,287,1600,13.24,1806.2,1,1359
102,2016,287,1700,13.24,1234.6,1,1347
102,2016,287,1800,13.23,691.91,1,1354
102,2016,287,1900,13.23,80.58,1,1273
102,2016,287,2000,13.24,0,.983,1128
102,2016,287,2100,13.24,0,1,1130
102,2016,287,2200,13.24,0,1,975
102,2016,287,2300,13.24,0,1,807
101,2016,287,2400,13.23,21177,23.69
102,2016,287,2400,13.25,0,1,690.4
102,2016,288,100,13.26,0,1,649.7
102,2016,288,200,13.26,0,1,601.2
102,2016,288,300,13.27,0,1,567.4
102,2016,288,400,13.27,0,.966,564.9
102,2016,288,500,13.27,0,1,554.9
102,2016,288,600,13.27,0,.833,546
102,2016,288,700,13.28,4.8029,.6,459.7
102,2016,288,800,13.29,216.13,.766,482.3
102,2016,288,900,13.29,339.58,1,707
102,2016,288,1000,13.28,1533.4,1,988
102,2016,288,1100,13.27,2849.9,1,1273
102,2016,288,1200,13.27,3317.6,1,1370
102,2016,288,1300,13.26,3623.3,1,1385
102,2016,288,1400,13.26,3652.4,1,1446
102,2016,288,1500,13.25,3332.8,1,1506
102,2016,288,1600,13.24,2343.5,1,1534
102,2016,288,1700,13.24,1847.3,1,1510
102,2016,288,1800,13.23,848.66,1,1476
102,2016,288,1900,13.23,179.37,1,1448
102,2016,288,2000,13.23,0,1,1320
102,2016,288,2100,13.23,0,1,1225
102,2016,288,2200,13.24,0,1,1193
102,2016,288,2300,13.24,0,1,1020
101,2016,288,2400,13.23,24089,23.16
102,2016,288,2400,13.24,0,1,922
102,2016,289,100,13.24,0,1,836
102,2016,289,200,13.25,0,1,629.8
102,2016,289,300,13.25,0,1,695.4
102,2016,289,400,13.26,0,1,666.6
102,2016,289,500,13.26,0,1,660.6
102,2016,289,600,13.26,0,1,644.2
102,2016,289,700,13.26,3.7963,.966,585.1
102,2016,289,800,13.27,145.99,1,604.7
102,2016,289,900,13.27,292.33,1,992
102,2016,289,1000,13.27,1532.4,1,1207
102,2016,289,1100,13.26,2761,1,1313
102,2016,289,1200,13.26,3210.7,1,1375
102,2016,289,1300,13.25,3578.3,1,1442
102,2016,289,1400,13.24,3645.4,1,1495
102,2016,289,1500,13.24,2557,1,1513
102,2016,289,1600,13.23,2161,1,1508
102,2016,289,1700,13.22,1449.1,1,1515
102,2016,289,1800,13.22,895.88,1,1470
102,2016,289,1900,13.22,83.74,1,1263
102,2016,289,2000,13.22,0,1,1009
102,2016,289,2100,13.22,0,1,841
102,2016,289,2200,13.23,0,1,872
102,2016,289,2300,13.23,0,1,1005
101,2016,289,2400,13.22,22317,23.96
102,2016,289,2400,13.24,0,1,893
102,2016,290,100,13.24,0,1,702
102,2016,290,200,13.24,0,1,641
102,2016,290,300,13.24,0,.933,573.1
102,2016,290,400,13.25,0,.75,547
102,2016,290,500,13.26,0,.95,598.8
102,2016,290,600,13.26,0,1,694.9
102,2016,290,700,13.26,4.2589,.95,607.8
102,2016,290,800,13.26,148.26,.85,541.6
102,2016,290,900,13.27,309.25,1,863
102,2016,290,1000,13.27,1492.6,1,1133
102,2016,290,1100,13.26,2789.1,1,1276
102,2016,290,1200,13.26,3312.5,1,1346
102,2016,290,1300,13.24,3645.8,1,1381
102,2016,290,1400,13.24,2757.4,1,1399
102,2016,290,1500,13.24,3208.6,1,1443
102,2016,290,1600,13.23,2253.3,.95,1187
102,2016,290,1700,13.23,645.27,.783,-6999
102,2016,290,1800,13.24,267.01,1,1122
102,2016,290,1900,13.24,38.538,1,1182
102,2016,290,2000,13.24,0,1,1108
102,2016,290,2100,13.24,0,1,1059
102,2016,290,2200,13.24,0,1,940
102,2016,290,2300,13.24,0,1,939
101,2016,290,2400,13.23,20872,23.16
102,2016,290,2400,13.24,0,1,826
102,2016,291,100,13.25,0,1,745
102,2016,291,200,13.26,0,1,738
102,2016,291,300,13.26,0,1,637.8
102,2016,291,400,13.27,0,.983,576.2
102,2016,291,500,13.28,0,.983,587.1
102,2016,291,600,13.29,0,.816,526.9
102,2016,291,900,13.29,123.65,.3,1015
102,2016,291,1000,13.27,1560.6,1,1186
102,2016,291,1100,13.26,2916.2,1,1348
102,2016,291,1200,13.26,3433,1,1401
102,2016,291,1300,13.24,3705,1,1451
102,2016,291,1400,13.22,3690.5,1,1512
102,2016,291,1500,13.21,3468.4,1,1554
102,2016,291,1600,13.21,1530.4,.9,1143
102,2016,291,1700,13.2,1392.7,1,1097
102,2016,291,1800,13.2,272.45,1,1409
102,2016,291,1900,13.2,29.161,1,1294
102,2016,291,2000,13.2,0,1,1272
102,2016,291,2100,13.21,0,1,1205
102,2016,291,2200,13.21,0,1,1171
102,2016,291,2300,13.21,0,1,1180
101,2016,291,2400,13.2,22122,15.19
102,2016,291,2400,13.22,0,1,1195
102,2016,292,100,13.22,0,1,1125
102,2016,292,200,13.22,0,1,1114
102,2016,292,300,13.23,0,1,1039
102,2016,292,400,13.23,0,1,992
102,2016,292,500,13.24,0,1,1013
102,2016,292,600,13.24,0,1,958
102,2016,292,700,13.24,4.3545,1,810
102,2016,292,800,13.24,196.61,1,836
102,2016,292,900,13.24,479.18,1,1116
102,2016,292,1000,13.24,1366.2,1,1191
102,2016,292,1100,13.23,2354.5,1,1263
102,2016,292,1200,13.22,3432.7,1,1344
102,2016,292,1300,13.22,3100.5,1,1369
102,2016,292,1400,13.22,3456.3,1,1406
102,2016,292,1500,13.21,3444.7,1,1404
102,2016,292,1600,13.2,1688.3,.916,852
102,2016,292,1700,13.2,613.24,.883,-6999
102,2016,292,1800,13.23,12.043,.067,599.6
102,2016,292,1900,13.23,73.492,0,197.3
102,2016,292,2000,13.24,0,.033,192.3
102,2016,292,2100,13.24,0,.75,515.1
102,2016,292,2200,13.24,.01469,.966,592.6
102,2016,292,2300,13.24,0,1,608.6
101,2016,292,2400,13.23,85.55,3.815
102,2016,292,2400,13.25,0,1,615.9
102,2016,293,100,13.25,0,1,604.5
102,2016,293,200,13.25,0,1,583.2
102,2016,293,300,13.26,0,1,561.8
102,2016,293,400,13.27,0,.95,555.2
102,2016,293,500,13.27,0,.733,536.6
102,2016,293,600,13.27,0,.55,471.5
102,2016,293,700,13.28,4.1566,.267,416.7
102,2016,293,800,13.28,175.04,.45,361.8
102,2016,293,900,13.28,273.98,.716,546.8
102,2016,293,1000,13.27,1629,1,766
102,2016,293,1100,13.27,2890.7,1,948
102,2016,293,1200,13.26,3455.1,1,1185
102,2016,293,1300,13.26,3702.5,1,1304
102,2016,293,1400,13.25,3661.1,1,1285
102,2016,293,1500,13.24,3535,1,1313
102,2016,293,1600,13.24,2709.6,1,1345
102,2016,293,1700,13.24,981.71,1,1306
102,2016,293,1800,13.23,532.51,1,1225
102,2016,293,1900,13.24,69.455,1,1140
102,2016,293,2000,13.24,.59481,.383,-6999
102,2016,293,2100,13.24,2.7464,.766,486
102,2016,293,2200,13.25,0,1,733
102,2016,293,2300,13.26,0,1,753
101,2016,293,2400,13.23,23623,20.81
102,2016,293,2400,13.26,0,1,674.8
102,2016,294,100,13.27,0,1,582.4
102,2016,294,200,13.27,0,1,534.3
102,2016,294,300,13.27,0,1,523.5
102,2016,294,400,13.27,0,1,543.3
102,2016,294,500,13.27,0,1,563.6
102,2016,294,600,13.28,0,.8,469.5
102,2016,294,700,13.29,4.4798,.466,390.7
102,2016,294,800,13.29,136.13,.566,391.1
102,2016,294,900,13.29,282.58,.9,570.2
102,2016,294,1000,13.29,1715.7,1,790
102,2016,294,1100,13.28,2944.8,1,1066
102,2016,294,1200,13.27,3349.5,1,1257
102,2016,294,1300,13.27,3671.8,1,1306
102,2016,294,1400,13.26,3686.4,1,1314
102,2016,294,1500,13.26,1745.9,1,1317
102,2016,294,1600,13.25,2161.4,1,1259
102,2016,294,1700,13.24,1893,1,1297
102,2016,294,1800,13.24,186.8,.3,518.2
102,2016,294,1900,13.25,27.119,0,-279.1
102,2016,294,2000,13.26,.38185,.383,-329.2
102,2016,294,2100,13.27,0,1,-64.7
102,2016,294,2200,13.27,0,.067,-391.7
102,2016,294,2300,13.27,0,.4,-417.4
101,2016,294,2400,13.24,21806,18.28
102,2016,294,2400,13.27,.03671,.4,-435.5
102,2016,295,100,13.27,.38183,.4,-137.4
102,2016,295,200,13.27,.04406,.35,256.7
102,2016,295,300,13.27,0,.45,452
102,2016,295,400,13.28,0,.233,407.1
102,2016,295,500,13.28,0,.4,447.5
102,2016,295,600,13.28,0,.2,433.8
102,2016,295,700,13.29,2.519,.05,430
102,2016,295,800,13.29,202.15,.217,441
102,2016,295,900,13.29,642.18,.183,431.8
102,2016,295,1000,13.29,1982.6,.6,536
102,2016,295,1100,13.28,2928.7,1,716
102,2016,295,1200,13.27,3066.7,1,848
102,2016,295,1300,13.27,3314.5,1,1020
102,2016,295,1400,13.27,3615.3,1,1179
102,2016,295,1500,13.26,3351.1,1,1377
102,2016,295,1600,13.25,2807.4,1,1351
102,2016,295,1700,13.26,1311,1,1248
102,2016,295,1800,13.26,313.36,1,1118
102,2016,295,1900,13.27,11.888,.233,453.2
102,2016,295,2000,13.29,.0514,0,-625.1
102,2016,295,2100,13.29,0,.367,-471.7
102,2016,295,2200,13.29,0,1,-168.1
102,2016,295,2300,13.29,0,.933,100.6
101,2016,295,2400,13.25,23550,13.76
102,2016,295,2400,13.27,.01469,.15,371.1
102,2016,296,100,13.09,11.787,0,480.5
102,2016,296,200,13.3,.02203,.583,-147.9
102,2016,296,300,13.3,0,.516,-377.7
102,2016,296,400,13.3,0,.666,-6.644
102,2016,296,500,13.3,0,1,139.3
102,2016,296,600,13.31,0,1,-13.79
102,2016,296,700,13.31,4.7592,1,45.76
102,2016,296,800,13.31,163.23,1,88.3
102,2016,296,900,13.31,643.54,.566,-231.5
102,2016,296,1000,13.31,1351.4,0,92.2
102,2016,296,1100,13.3,2523.1,.117,384.2
102,2016,296,1200,13.29,3034.1,.3,434.7
102,2016,296,1300,13.29,3728.2,.8,634.6
102,2016,296,1400,13.28,3718.7,1,820
102,2016,296,1500,13.28,3370.4,1,1019
102,2016,296,1600,13.28,2379.6,1,1195
102,2016,296,1700,13.28,1923.6,1,1290
102,2016,296,1800,13.27,704.81,1,1295
102,2016,296,1900,13.27,132.72,1,1161
102,2016,296,2000,13.28,0,1,972
102,2016,296,2100,13.28,0,1,928
102,2016,296,2200,13.29,0,1,761
102,2016,296,2300,13.29,0,1,654.4
101,2016,296,2400,13.09,23690,18.54
102,2016,296,2400,13.29,0,1,582.5
102,2016,297,100,13.29,0,1,599.7
102,2016,297,200,13.29,0,1,575.9
102,2016,297,300,13.29,0,1,573.1
102,2016,297,400,13.29,0,1,579.8
102,2016,297,500,13.3,0,.966,551
102,2016,297,600,13.3,0,.833,530.1
102,2016,297,700,13.31,.8887,.616,492.9
102,2016,297,800,13.31,165.51,.683,481
102,2016,297,900,13.3,667.59,.933,604.9
102,2016,297,1000,13.3,899.6,1,724
102,2016,297,1100,13.29,1213.2,1,805
102,2016,297,1200,13.29,1403.3,1,937
102,2016,297,1300,13.29,2038.4,1,1123
102,2016,297,1400,13.28,3651.6,1,1347
102,2016,297,1500,13.27,3314.6,1,1398
102,2016,297,1600,13.27,2597.8,1,1337
102,2016,297,1700,13.26,2023.4,1,1287
102,2016,297,1800,13.27,717.39,1,1115
102,2016,297,1900,13.28,102.3,1,1107
102,2016,297,2000,13.28,0,1,1184
102,2016,297,2100,13.28,0,1,1103
102,2016,297,2200,13.28,0,1,982
102,2016,297,2300,13.29,0,1,1039
101,2016,297,2400,13.26,18796,23.02
102,2016,297,2400,13.29,0,1,951
102,2016,298,100,13.29,0,1,803
102,2016,298,200,13.29,0,1,682.8
102,2016,298,300,13.29,0,1,660.2
102,2016,298,400,13.29,0,1,631.5
102,2016,298,500,13.29,0,1,605.6
102,2016,298,600,13.29,0,1,584.4
102,2016,298,700,13.29,1.4615,.95,539.5
102,2016,298,800,13.29,87.989,.816,507
102,2016,298,900,13.3,311.68,.966,530.5
102,2016,298,1000,13.3,889.18,1,672.3
102,2016,298,1100,13.29,1468.6,1,888
102,2016,298,1200,13.29,1472.1,1,1067
102,2016,298,1300,13.29,2651.1,1,1146
102,2016,298,1400,13.28,2736.5,1,1292
102,2016,298,1500,13.27,498.83,1,1263
102,2016,298,1600,13.27,750.03,.983,1172
102,2016,298,1700,13.28,430.22,1,1211
102,2016,298,1800,13.28,450.83,1,1276
102,2016,298,1900,13.28,112.28,1,1101
102,2016,298,2000,13.28,0,1,813
102,2016,298,2100,13.28,0,1,777
102,2016,298,2200,13.28,0,1,867
102,2016,298,2300,13.28,0,1,896
101,2016,298,2400,13.27,11861,23.71
102,2016,298,2400,13.29,0,1,798
102,2016,299,100,13.29,0,1,696.7
102,2016,299,200,13.29,0,1,649.2
102,2016,299,300,13.29,0,1,613.7
102,2016,299,400,13.29,0,1,605.9
102,2016,299,500,13.29,0,.95,535
102,2016,299,600,13.3,0,.633,464.6
102,2016,299,700,13.31,4.9571,.4,413.5
102,2016,299,800,13.31,223.3,.55,395.4
102,2016,299,900,13.31,626.47,.866,508.1
102,2016,299,1000,13.31,2002.1,1,801
102,2016,299,1100,13.3,2202.9,1,1111
102,2016,299,1200,13.29,3177,1,1316
102,2016,299,1300,13.28,3255.8,1,1375
102,2016,299,1400,13.27,2747,1,1406
102,2016,299,1500,13.26,2763.3,1,1404
102,2016,299,1600,13.26,2688.1,1,1449
102,2016,299,1700,13.25,1907.9,1,1428
102,2016,299,1800,13.25,496.45,.933,1058
102,2016,299,1900,13.26,17.675,.866,795
102,2016,299,2000,13.26,0,.766,580.6
102,2016,299,2100,13.27,0,.9,607.1
102,2016,299,2200,13.27,0,1,704
102,2016,299,2300,13.28,0,1,687.3
101,2016,299,2400,13.25,22113,21.86
102,2016,299,2400,13.28,0,1,686.1
102,2016,300,100,13.28,0,1,696.9
102,2016,300,200,13.28,0,.833,599.4
102,2016,300,300,13.28,0,1,649.8
102,2016,300,400,13.29,0,1,606.2
102,2016,300,500,13.29,0,.933,560
102,2016,300,600,13.29,0,.65,490
102,2016,300,700,13.29,4.5018,.6,466.2
102,2016,300,800,13.3,152.89,.8,485.6
102,2016,300,900,13.3,373.09,.983,695.3
102,2016,300,1000,13.29,1972.6,1,1033
102,2016,300,1100,13.29,2939.3,1,1234
102,2016,300,1200,13.28,3547.8,1,1289
102,2016,300,1300,13.27,3776.3,1,1363
102,2016,300,1400,13.26,3916.3,1,1375
102,2016,300,1500,13.25,3355.9,1,1364
102,2016,300,1600,13.24,2830.8,1,1398
102,2016,300,1700,13.24,1637.3,1,1461
102,2016,300,1800,13.23,771.56,1,1407
102,2016,300,1900,13.24,52.594,.983,1075
102,2016,300,2000,13.25,0,1,1221
102,2016,300,2100,13.26,0,1,1215
102,2016,300,2200,13.26,0,1,1115
102,2016,300,2300,13.26,0,1,997
101,2016,300,2400,13.23,25331,22.77
102,2016,300,2400,13.26,0,1,916
102,2016,301,100,13.26,0,1,869
102,2016,301,200,13.27,0,1,832
102,2016,301,300,13.27,0,1,753
102,2016,301,400,13.27,0,1,679
102,2016,301,500,13.27,0,.983,608.2
102,2016,301,600,13.28,0,.883,549.5
102,2016,301,700,13.28,5.5075,.783,488.6
102,2016,301,800,13.29,188.9,.566,468
102,2016,301,900,13.29,356.55,1,770
102,2016,301,1000,13.28,1887.2,1,1091
102,2016,301,1100,13.27,2776.5,1,1239
102,2016,301,1200,13.27,3315.4,1,1322
102,2016,301,1300,13.26,3541.7,1,1364
102,2016,301,1400,13.26,3590.3,1,1424
102,2016,301,1500,13.25,3262.4,1,1424
102,2016,301,1600,13.24,2887.3,1,1426
102,2016,301,1700,13.24,1698.1,1,1385
102,2016,301,1800,13.24,726.11,1,1331
102,2016,301,1900,13.24,16.449,1,1218
102,2016,301,2000,13.24,0,1,1041
102,2016,301,2100,13.24,0,1,1071
102,2016,301,2200,13.25,0,1,977
102,2016,301,2300,13.25,0,1,844
101,2016,301,2400,13.24,24252,23.21
102,2016,301,2400,13.25,0,1,701
102,2016,302,100,13.26,0,1,652
102,2016,302,200,13.26,0,1,693.8
102,2016,302,300,13.26,0,1,643.9
102,2016,302,400,13.26,0,.866,570.1
102,2016,302,500,13.27,0,.6,464.6
102,2016,302,600,13.27,0,.3,380.6
102,2016,302,700,13.28,3.9433,.25,369.8
102,2016,302,800,13.28,175.11,.45,370.2
102,2016,302,900,13.28,366.86,.966,606.6
102,2016,302,1000,13.29,1625.3,1,898
102,2016,302,1100,13.28,2972.3,1,1104
102,2016,302,1200,13.27,3582.7,1,1215
102,2016,302,1300,13.26,3017.4,1,1291
102,2016,302,1400,13.26,3151.4,1,1347
102,2016,302,1500,13.25,2698.1,1,1349
102,2016,302,1600,13.26,10.898,.05,521.1
102,2016,302,1700,13.26,250.09,.933,761
102,2016,302,1800,13.26,504.17,1,1010
102,2016,302,1900,13.26,246.91,1,1079
102,2016,302,2000,13.26,0,1,971
102,2016,302,2100,13.26,0,1,856
102,2016,302,2200,13.26,0,1,889
102,2016,302,2300,13.26,0,1,901
101,2016,302,2400,13.26,1012.1,7.98
102,2016,302,2400,13.26,0,1,906
102,2016,303,100,13.26,0,1,826
102,2016,303,200,13.27,0,1,714
102,2016,303,300,13.28,0,1,621.6
102,2016,303,400,13.29,0,.8,535.9
102,2016,303,500,13.3,0,.466,457.8
102,2016,303,600,13.31,0,.55,456.7
102,2016,303,700,13.31,4.5905,.433,430
102,2016,303,800,13.31,203.44,.383,395.9
102,2016,303,900,13.31,277.81,.9,595.9
102,2016,303,1000,13.3,2045.3,1,900
102,2016,303,1100,13.29,2928.1,1,1154
102,2016,303,1200,13.28,3441.5,1,1238
102,2016,303,1300,13.27,3562.2,1,1300
102,2016,303,1400,13.26,3402,1,1369
102,2016,303,1500,13.26,3253,1,1403
102,2016,303,1600,13.25,2765,1,1444
102,2016,303,1700,13.24,1951.2,1,1432
102,2016,303,1800,13.24,1043.1,1,1404
102,2016,303,1900,13.24,207.1,1,1363
102,2016,303,2000,13.24,0,1,1201
102,2016,303,2100,13.24,0,1,999
102,2016,303,2200,13.24,0,1,891
102,2016,303,2300,13.25,0,1,820
101,2016,303,2400,13.24,25084,21.52
102,2016,303,2400,13.26,0,1,654.6
102,2016,304,100,13.26,0,1,651.5
102,2016,304,200,13.26,0,1,852
102,2016,304,300,13.26,0,1,778
102,2016,304,400,13.26,0,1,760
102,2016,304,500,13.26,0,1,738
102,2016,304,600,13.26,0,1,723
102,2016,304,700,13.27,4.861,1,644.8
102,2016,304,800,13.28,258.77,1,621
102,2016,304,900,13.28,638.63,1,756
102,2016,304,1000,13.28,1671.8,1,1060
102,2016,304,1100,13.27,2207.1,1,1184
102,2016,304,1200,13.27,2767.1,1,1267
102,2016,304,1300,13.26,3451.8,1,1360
102,2016,304,1400,13.26,2800.3,1,1401
102,2016,304,1500,13.25,2249.4,1,1409
102,2016,304,1600,13.24,2549.6,1,1436
102,2016,304,1700,13.24,1060.3,1,1424
102,2016,304,1800,13.24,809.64,1,1390
102,2016,304,1900,13.24,154.23,1,1204
102,2016,304,2000,13.24,0,1,1039
102,2016,304,2100,13.24,0,1,909
102,2016,304,2200,13.24,0,1,772
102,2016,304,2300,13.25,0,1,716
101,2016,304,2400,13.24,20624,23.99
102,2016,304,2400,13.26,0,1,595.3
102,2016,305,100,13.26,0,1,570.2
102,2016,305,200,13.26,0,.966,553.9
102,2016,305,300,13.26,0,.566,503.2
102,2016,305,400,13.27,0,.55,433.6
102,2016,305,500,13.27,0,.666,461.4
102,2016,305,600,13.28,0,.85,526.7
102,2016,305,700,13.29,7.0353,.783,541.6
102,2016,305,800,13.29,162.22,.9,553.4
102,2016,305,900,13.29,262.89,1,833
102,2016,305,1000,13.28,2085.1,1,1099
102,2016,305,1100,13.27,2785.5,1,1212
102,2016,305,1200,13.27,3365.1,1,1295
102,2016,305,1300,13.26,3260.5,1,1363
102,2016,305,1400,13.25,3531.7,1,1417
102,2016,305,1500,13.24,3344.8,1,1471
102,2016,305,1600,13.24,2660.4,1,1504
102,2016,305,1700,13.23,1322.7,.35,-6999
102,2016,305,1800,13.23,193.7,.317,183.4
102,2016,305,1900,13.25,75.638,1,662.6
102,2016,305,2000,13.26,0,1,680.9
102,2016,305,2100,13.25,0,1,664.5
102,2016,305,2200,13.26,0,.167,266.1
102,2016,305,2300,13.26,1.1162,.65,521.1
101,2016,305,2400,13.23,23058,19.76
102,2016,305,2400,13.26,0,1,781
102,2016,306,100,13.26,0,1,969
102,2016,306,200,13.26,0,1,943
102,2016,306,300,13.26,0,1,860
102,2016,306,400,13.27,0,1,763
102,2016,306,500,13.27,0,1,747
102,2016,306,600,13.28,0,1,722
102,2016,306,700,13.28,3.8482,1,678.8
102,2016,306,800,13.29,214.16,1,640.3
102,2016,306,900,13.28,303.84,1,790
102,2016,306,1000,13.27,2101.5,1,1077
102,2016,306,1100,13.27,2873.9,1,1274
102,2016,306,1200,13.26,3355.2,1,1369
102,2016,306,1300,13.25,3654.4,1,1418
102,2016,306,1400,13.25,3647.8,1,1451
102,2016,306,1500,13.24,3444.7,1,1519
102,2016,306,1600,13.24,1285.3,1,1409
102,2016,306,1700,13.24,2185.7,1,1425
102,2016,306,1800,13.24,928.65,1,1437
102,2016,306,1900,13.24,138.37,1,1370
102,2016,306,2000,13.24,0,1,1198
102,2016,306,2100,13.24,0,1,923
102,2016,306,2200,13.24,0,1,710
102,2016,306,2300,13.24,0,1,631.2
101,2016,306,2400,13.24,24138,23.99
102,2016,306,2400,13.25,0,1,669.9
102,2016,307,100,13.25,0,1,669.6
102,2016,307,200,13.26,0,1,654.4
102,2016,307,300,13.26,0,1,672.1
102,2016,307,400,13.26,0,1,649.3
102,2016,307,500,13.26,0,1,661.8
102,2016,307,600,13.27,0,1,659.8
102,2016,307,700,13.27,3.789,1,595
102,2016,307,800,13.27,235.98,.983,612.5
102,2016,307,900,13.27,603.04,1,820
102,2016,307,1000,13.27,1402.8,1,1034
102,2016,307,1100,13.26,2374.8,1,1198
102,2016,307,1200,13.26,2978.8,1,1288
102,2016,307,1300,13.25,2672.8,1,1333
102,2016,307,1400,13.24,3284.7,1,1308
102,2016,307,1500,13.24,295.95,.45,-6999
102,2016,307,1600,13.25,373.15,.05,-191.7
102,2016,307,1700,13.26,107.56,.666,529.6
102,2016,307,1800,13.26,16.133,.766,592.5
102,2016,307,1900,13.27,2.5113,.433,479.3
102,2016,307,2000,13.27,0,.033,290.4
102,2016,307,2100,13.27,0,.417,428.8
102,2016,307,2200,13.27,0,.666,486.3
102,2016,307,2300,13.27,0,.616,495.4
101,2016,307,2400,13.24,14352,18.46
102,2016,307,2400,13.28,0,.383,482.4
102,2016,308,100,13.28,0,.583,458.4
102,2016,308,200,13.28,0,.516,456.4
102,2016,308,300,13.29,0,.733,562.4
102,2016,308,400,13.29,0,.766,546.6
102,2016,308,500,13.29,0,.566,480.7
102,2016,308,600,13.29,0,.533,464.8
102,2016,308,700,13.29,2.6365,.4,470.5
102,2016,308,800,13.3,215.42,.417,470.5
102,2016,308,900,13.3,504.22,.733,611.5
102,2016,308,1000,13.29,1986,1,742
102,2016,308,1100,13.29,2880.9,1,828
102,2016,308,1200,13.28,3397,1,969
102,2016,308,1300,13.27,3627.3,1,1217
102,2016,308,1400,13.27,3589.3,1,1373
102,2016,308,1500,13.26,2906.6,1,1419
102,2016,308,1600,13.26,1779.3,1,1353
102,2016,308,1800,13.28,7.8351,.033,309.9
102,2016,308,1900,13.29,5.9191,.067,323.3
102,2016,308,2000,13.29,.05141,.267,350.7
102,2016,308,2100,13.28,0,.583,470.5
102,2016,308,2200,13.28,1.3512,.666,505.1
102,2016,308,2300,13.28,0,.516,487.2
101,2016,308,2400,13.28,15.157,2.582
102,2016,308,2400,13.28,0,.45,479.8
102,2016,309,100,13.28,0,.483,464.9
102,2016,309,200,13.29,0,.466,462.6
102,2016,309,300,13.29,0,.35,428.2
102,2016,309,400,13.29,0,.333,407.7
102,2016,309,500,13.29,0,.017,308.9
102,2016,309,600,13.29,0,0,244.5
102,2016,309,700,13.3,6.2278,0,218
102,2016,309,800,13.31,151.19,0,-286.6
102,2016,309,900,13.3,347.54,0,205.5
102,2016,309,1000,13.29,2116.9,.317,429.7
102,2016,309,1100,13.29,2375.6,1,654.5
102,2016,309,1200,13.29,3328.5,1,846
102,2016,309,1300,13.27,3345.2,1,1143
102,2016,309,1400,13.27,3340.2,1,1336
102,2016,309,1500,13.27,2858.9,1,1395
102,2016,309,1600,13.26,2361,1,1406
102,2016,309,1700,13.25,1794.4,1,1338
102,2016,309,1800,13.25,1150.3,1,1223
102,2016,309,1900,13.25,152.68,.383,531.8
102,2016,309,2000,13.26,0,.816,-182.2
102,2016,309,2100,13.27,1.0941,1,-102.5
102,2016,309,2200,13.27,.00734,.55,-196
102,2016,309,2300,13.28,0,.283,-116.9
101,2016,309,2400,13.25,23334,13.63
102,2016,309,2400,13.28,4.3475,.633,537.5
102,2016,310,100,13.28,.04406,.633,564
102,2016,310,200,13.29,0,0,325.6
102,2016,310,300,13.29,0,0,48.68
102,2016,310,400,13.29,0,0,-217.9
102,2016,310,500,13.29,0,.45,-188
102,2016,310,600,13.3,0,.333,-248.2
102,2016,310,700,13.3,4.6197,0,-317.8
102,2016,310,800,13.31,138.51,0,-394
102,2016,310,900,13.3,469.67,0,-287.6
102,2016,310,1000,13.3,2161.9,.067,389.5
102,2016,310,1100,13.29,2884.7,.433,555.2
102,2016,310,1200,13.28,3219.7,.983,854
102,2016,310,1300,13.28,3657.9,1,1001
102,2016,310,1400,13.27,3092.5,1,1183
102,2016,310,1500,13.27,2869,1,1336
102,2016,310,1600,13.26,1654.1,1,1390
102,2016,310,1700,13.26,389.01,1,1400
102,2016,310,1800,13.27,178.4,1,1506
102,2016,310,1900,13.27,184.55,1,1046
102,2016,310,2000,13.28,0,1,791
102,2016,310,2100,13.28,0,1,756
102,2016,310,2200,13.27,0,.833,664.3
102,2016,310,2300,13.27,0,.883,544.8
101,2016,310,2400,13.26,20904,14.61
102,2016,310,2400,13.28,0,1,544
102,2016,311,100,13.28,0,.666,495.1
102,2016,311,200,13.29,0,.916,517.5
102,2016,311,300,13.29,0,.85,482.1
102,2016,311,400,13.29,0,.716,497.5
102,2016,311,500,13.29,0,.516,446.8
102,2016,311,600,13.29,0,.367,396.8
102,2016,311,700,13.29,7.8803,.417,410.9
102,2016,311,800,13.29,234.71,.417,416.9
102,2016,311,900,13.29,695.38,.733,532.6
102,2016,311,1000,13.29,2299.1,1,883
102,2016,311,1100,13.28,2909.7,1,1193
102,2016,311,1200,13.27,3427.4,1,1415
102,2016,311,1300,13.27,3634.8,1,1450
102,2016,311,1400,13.27,3609.7,1,1473
102,2016,311,1500,13.26,3622.3,1,1316
102,2016,311,1600,13.26,1689.3,.716,-6999
102,2016,311,1700,13.25,1022.8,1,1298
102,2016,311,1800,13.26,196.29,1,1014
102,2016,311,1900,13.27,15.134,.217,302.6
102,2016,311,2000,13.27,.89584,.783,506
102,2016,311,2100,13.27,.25703,.933,508.9
102,2016,311,2200,13.27,0,1,611.2
102,2016,311,2300,13.28,0,1,600.7
101,2016,311,2400,13.25,23366,19.24
102,2016,311,2400,13.28,0,1,626.8
102,2016,312,100,13.28,0,1,571.5
102,2016,312,200,13.29,0,.966,532
102,2016,312,300,13.28,0,.983,501.5
102,2016,312,400,13.29,0,.666,481.8
102,2016,312,500,13.29,0,.666,465.2
102,2016,312,600,13.29,0,.683,452.6
102,2016,312,700,13.3,5.9783,.55,441.8
102,2016,312,800,13.3,131.04,.633,414.9
102,2016,312,900,13.3,442.18,.75,538.8
102,2016,312,1000,13.3,2155,1,801
102,2016,312,1100,13.29,2776.3,1,1034
102,2016,312,1200,13.28,3326.1,1,1241
102,2016,312,1300,13.27,3675.2,1,1370
102,2016,312,1400,13.27,3167.8,1,1341
102,2016,312,1500,13.26,2839.7,1,1323
102,2016,312,1600,13.26,1878.2,1,1287
102,2016,312,1700,13.25,1489.3,1,1285
102,2016,312,1800,13.25,919.66,.866,1117
102,2016,312,1900,13.26,15.311,0,68.51
102,2016,312,2000,13.27,4.7362,.183,322
102,2016,312,2100,13.27,.98395,.4,453.5
102,2016,312,2200,13.27,0,.8,554.1
102,2016,312,2300,13.27,0,.733,554.6
101,2016,312,2400,13.25,22830,18.49
102,2016,312,2400,13.27,2.4305,.616,659.8
102,2016,313,100,13.29,0,.067,342.8
102,2016,313,200,13.29,0,.267,275.1
102,2016,313,300,13.29,0,1,70.7
102,2016,313,400,13.29,0,.8,224.7
102,2016,313,500,13.29,0,.117,337.3
102,2016,313,600,13.29,0,.05,561.1
102,2016,313,700,13.3,3.5034,0,677.4
102,2016,313,800,13.03,128.01,0,829
102,2016,313,900,12.86,566.53,.233,711
102,2016,313,1000,13.3,850.93,.2,-28.28
102,2016,313,1100,13.3,1696.5,.283,373.2
102,2016,313,1200,13.29,1879.5,.333,446.6
102,2016,313,1300,13.29,1729.5,.583,578.6
102,2016,313,1400,13.28,1397,.95,689.3
102,2016,313,1500,13.28,2109.2,1,751
102,2016,313,1600,13.27,1674.2,1,794
102,2016,313,1700,13.27,547.16,1,688.6
102,2016,313,1800,13.29,306.8,1,638.1
102,2016,313,1900,13.29,181.92,1,623
102,2016,313,2000,13.29,0,.883,590.5
102,2016,313,2100,13.29,0,.633,499.3
102,2016,313,2200,13.29,0,.466,466.7
102,2016,313,2300,13.29,0,.383,452.8
101,2016,313,2400,12.86,13071,12.73
102,2016,313,2400,13.29,0,.483,454.9
102,2016,314,100,13.29,0,.383,441.1
102,2016,314,200,13.3,0,.4,426.4
102,2016,314,300,13.3,0,.5,420.9
102,2016,314,400,13.31,0,.267,416.6
102,2016,314,500,13.31,0,.167,365.5
102,2016,314,600,13.31,0,.067,326.4
102,2016,314,700,13.31,6.581,0,199.6
102,2016,314,800,13.31,282.88,0,218.4
102,2016,314,900,13.31,562.43,.2,303.2
102,2016,314,1000,13.31,2115.6,.633,492.5
102,2016,314,1100,13.31,3066.6,.933,690.6
102,2016,314,1200,13.29,3314.4,1,841
102,2016,314,1300,13.29,2879.7,1,1062
102,2016,314,1400,13.28,2654,1,1208
102,2016,314,1500,13.27,2816.3,1,1371
102,2016,314,1600,13.27,1040.2,.9,1167
102,2016,314,1700,13.28,1433.8,.417,411
102,2016,314,1800,13.27,1148.6,1,774
102,2016,314,1900,13.27,225.85,1,797
102,2016,314,2000,13.27,0,1,671.2
102,2016,314,2100,13.27,0,1,732
102,2016,314,2200,13.28,0,1,642.1
102,2016,314,2300,13.29,0,1,654.8
101,2016,314,2400,13.27,21547,15.86
102,2016,314,2400,13.29,0,1,632
102,2016,315,100,13.29,0,1,572
102,2016,315,200,13.29,0,.916,523.2
102,2016,315,300,13.29,0,.75,482.1
102,2016,315,400,13.29,0,.566,402.7
102,2016,315,500,13.3,0,.533,410.8
102,2016,315,600,13.3,0,.45,387.2
102,2016,315,700,13.3,2.7982,.417,358.2
102,2016,315,800,13.31,191.57,.317,345.1
102,2016,315,900,13.31,550.03,.417,379.1
102,2016,315,1000,13.3,1462.6,.783,524.8
102,2016,315,1100,13.29,2784.7,1,768
102,2016,315,1200,13.29,3011.4,1,987
102,2016,315,1300,13.27,3578.7,1,1255
102,2016,315,1400,13.27,3565.1,1,1380
102,2016,315,1500,13.26,2985.4,1,1395
102,2016,315,1600,13.26,2517.9,1,1246
102,2016,315,1700,13.26,1788.5,1,1110
102,2016,315,1800,13.27,224.41,1,965
102,2016,315,1900,13.27,19.554,1,825
102,2016,315,2000,13.28,0,1,768
102,2016,315,2100,13.28,0,1,644.3
102,2016,315,2200,13.28,0,1,638.5
102,2016,315,2300,13.28,0,1,637.3
101,2016,315,2400,13.26,22683,20.14
102,2016,315,2400,13.28,0,1,650.7
102,2016,316,100,13.29,0,1,618.9
102,2016,316,200,13.29,0,1,559.7
102,2016,316,300,13.29,0,.966,518.1
102,2016,316,400,13.29,0,.716,465.4
102,2016,316,500,13.29,0,.533,416.8
102,2016,316,600,13.3,0,.466,393.2
102,2016,316,700,13.3,3.0849,.367,358.2
102,2016,316,800,13.31,157.63,.333,337.2
102,2016,316,900,13.31,462.86,.616,417.9
102,2016,316,1000,13.3,1851.6,1,700
102,2016,316,1100,13.29,2637.4,1,1006
102,2016,316,1200,13.29,3171.7,1,1267
102,2016,316,1300,13.28,3496.8,1,1345
102,2016,316,1400,13.27,3530.1,1,1400
102,2016,316,1500,13.26,3234.1,1,1415
102,2016,316,1600,13.26,2698.1,1,1429
102,2016,316,1700,13.26,1736.1,1,1392
102,2016,316,1800,13.25,488.21,1,1239
102,2016,316,1900,13.25,64.981,1,1248
102,2016,316,2000,13.25,0,1,1161
102,2016,316,2100,13.25,0,1,1055
102,2016,316,2200,13.26,0,1,1075
102,2016,316,2300,13.26,0,1,940
101,2016,316,2400,13.25,23533,20.99
102,2016,316,2400,13.26,0,1,842
102,2016,317,100,13.26,0,1,819
102,2016,317,200,13.26,0,1,712
102,2016,317,300,13.26,0,1,589
102,2016,317,400,13.27,0,.983,543.6
102,2016,317,500,13.27,0,.866,518.9
102,2016,317,600,13.28,0,.583,416.7
102,2016,317,700,13.28,5.1113,.417,395.3
102,2016,317,800,13.29,220.59,.333,350.2
102,2016,317,900,13.29,700.97,.85,535.3
102,2016,317,1000,13.28,1828.6,1,823
102,2016,317,1100,13.27,2742.2,1,1135
102,2016,317,1200,13.27,3286.3,1,1286
102,2016,317,1300,13.26,3340.4,1,1330
102,2016,317,1400,13.26,3601.7,1,1293
102,2016,317,1500,13.26,39.221,.017,409.4
102,2016,317,1600,13.26,1290.4,.766,767
102,2016,317,1700,13.26,996.55,1,1265
102,2016,317,1800,13.26,253.71,1,1151
102,2016,317,1900,13.26,135.97,1,985
102,2016,317,2000,13.26,0,1,785
102,2016,317,2100,13.26,0,.833,540.5
102,2016,317,2200,13.26,0,.9,534.9
102,2016,317,2300,13.27,0,.816,500.8
101,2016,317,2400,13.26,2715.8,7.98
102,2016,317,2400,13.27,0,.65,469.2
102,2016,318,100,13.27,0,.583,441.7
102,2016,318,200,13.27,0,.583,449.2
102,2016,318,300,13.28,0,.566,407.2
102,2016,318,400,13.29,0,.466,374.7
102,2016,318,500,13.29,0,.25,350.7
102,2016,318,600,13.29,0,.017,316.7
102,2016,318,700,13.29,9.9077,.283,337.7
102,2016,318,800,13.3,218.44,.4,389
102,2016,318,900,13.3,595.87,.8,555.5
102,2016,318,1000,13.29,1829,1,881
102,2016,318,1100,13.28,2636.5,1,1090
102,2016,318,1200,13.27,3181.9,1,1266
102,2016,318,1300,13.27,3502.2,1,1329
102,2016,318,1400,13.26,3559.5,1,1396
102,2016,318,1500,13.26,3198.8,1,1421
102,2016,318,1600,13.24,2660.1,1,1448
102,2016,318,1700,13.24,1705.1,1,1440
102,2016,318,1800,13.24,404.2,1,1304
102,2016,318,1900,13.25,85.234,1,1138
102,2016,318,2000,13.25,0,1,984
102,2016,318,2100,13.25,0,1,746
102,2016,318,2200,13.25,0,1,742
102,2016,318,2300,13.26,0,1,704
101,2016,318,2400,13.24,23587,18.94
102,2016,318,2400,13.26,0,1,691.7
102,2016,319,100,13.26,0,1,576.4
102,2016,319,200,13.26,0,.616,494.3
102,2016,319,300,13.27,0,.733,492.1
102,2016,319,400,13.27,0,.733,473.4
102,2016,319,500,13.27,0,.85,488.1
102,2016,319,600,13.28,0,.75,480.2
102,2016,319,700,13.28,2.776,.8,522.3
102,2016,319,800,13.29,202.99,1,547.4
102,2016,319,900,13.29,705.86,1,861
102,2016,319,1000,13.29,1707.4,1,1089
102,2016,319,1100,13.27,2529.1,1,1244
102,2016,319,1200,13.27,2885.8,1,1316
102,2016,319,1300,13.26,3503.6,1,1378
102,2016,319,1400,13.25,3495.6,1,1443
102,2016,319,1500,13.24,2145.6,1,1434
102,2016,319,1600,13.24,2544.1,1,1434
102,2016,319,1700,13.24,1412.1,1,1438
102,2016,319,1800,13.23,322.43,1,1352
102,2016,319,1900,13.24,100.25,1,1253
102,2016,319,2000,13.24,0,1,1083
102,2016,319,2100,13.24,0,1,898
102,2016,319,2200,13.24,0,1,799
102,2016,319,2300,13.24,0,1,787
101,2016,319,2400,13.23,21558,22.47
102,2016,319,2400,13.24,0,1,737
102,2016,320,100,13.25,0,1,692.8
102,2016,320,200,13.26,0,1,750
102,2016,320,300,13.26,0,1,751
102,2016,320,400,13.26,0,1,644.7
102,2016,320,500,13.27,0,1,714
102,2016,320,600,13.27,0,.95,593.4
102,2016,320,700,13.28,5.5667,.883,582.7
102,2016,320,800,13.29,313.28,1,756
102,2016,320,900,13.28,784.89,1,893
102,2016,320,1000,13.27,1786.3,1,1161
102,2016,320,1100,13.26,2582.9,1,1274
102,2016,320,1200,13.26,2389.2,1,1317
102,2016,320,1300,13.26,2494.5,1,1343
102,2016,320,1400,13.25,2682.8,1,1372
102,2016,320,1500,13.24,2733,1,1430
102,2016,320,1600,13.24,2215.1,1,1457
102,2016,320,1700,13.23,1067.3,1,1458
102,2016,320,1800,13.23,607.14,1,1397
102,2016,320,1900,13.22,99.036,1,1319
102,2016,320,2000,13.23,0,1,1065
102,2016,320,2100,13.23,0,1,888
102,2016,320,2200,13.24,0,1,808
102,2016,320,2300,13.24,0,1,738
101,2016,320,2400,13.22,19761,23.82
102,2016,320,2400,13.24,0,1,659.9
102,2016,321,100,13.25,0,1,609.9
102,2016,321,200,13.26,0,1,624.7
102,2016,321,300,13.26,0,1,685.7
102,2016,321,400,13.26,0,1,854
102,2016,321,500,13.26,0,1,923
102,2016,321,600,13.27,0,1,830
102,2016,321,700,13.27,4.9638,1,798
102,2016,321,800,13.27,259.39,1,853
102,2016,321,900,13.27,649.66,1,1086
102,2016,321,1000,13.26,1487,1,1180
102,2016,321,1100,13.26,1694.2,1,1228
102,2016,321,1200,13.26,2432.7,1,1298
102,2016,321,1300,13.25,3067.8,1,1382
102,2016,321,1400,13.24,2277.3,1,1370
102,2016,321,1500,13.24,1511.9,1,1326
102,2016,321,1600,13.24,1444.2,1,1226
102,2016,321,1700,13.24,1471.2,1,1341
102,2016,321,1800,13.23,934.54,1,1344
102,2016,321,1900,13.23,70.975,1,1182
102,2016,321,2000,13.24,0,1,980
102,2016,321,2100,13.24,0,1,930
102,2016,321,2200,13.24,0,1,962
102,2016,321,2300,13.24,0,1,949
101,2016,321,2400,13.23,17306,23.99
102,2016,321,2400,13.25,0,1,942
102,2016,322,100,13.24,0,1,707
102,2016,322,200,13.26,0,1,656.3
102,2016,322,300,13.26,0,1,591.3
102,2016,322,400,13.26,0,1,558.4
102,2016,322,500,13.27,0,1,576.2
102,2016,322,600,13.27,0,1,584.6
102,2016,322,700,13.27,1.1896,1,563.7
102,2016,322,800,13.27,153.08,.983,539.7
102,2016,322,900,13.27,741.47,1,718
102,2016,322,1000,13.27,1585.5,1,1065
102,2016,322,1100,13.26,1535.1,1,1232
102,2016,322,1200,13.26,1770.9,1,1236
102,2016,322,1300,13.26,3399.2,1,1273
102,2016,322,1400,13.24,3564.2,1,1338
102,2016,322,1500,13.24,1676.2,1,1303
102,2016,322,1600,13.24,1664.4,1,1089
102,2016,322,1700,13.24,543.89,.933,1118
102,2016,322,1800,13.24,84.494,0,-91
102,2016,322,1900,13.26,36.643,0,-29.9
102,2016,322,2000,13.26,1.1749,.583,413.8
102,2016,322,2100,13.26,.09546,.883,513.7
102,2016,322,2200,13.26,0,.45,447.1
102,2016,322,2300,13.26,0,.916,550.4
101,2016,322,2400,13.24,16758,20.58
102,2016,322,2400,13.26,0,.833,515.5
102,2016,323,100,13.27,0,.85,515.7
102,2016,323,200,13.27,0,.75,513.6
102,2016,323,300,13.27,0,.683,477.7
102,2016,323,400,13.28,0,.583,498
102,2016,323,500,13.28,0,.5,459.8
102,2016,323,600,13.29,0,.333,482.6
102,2016,323,700,13.29,6.1248,.35,416.3
102,2016,323,800,13.29,199.79,.317,403.1
102,2016,323,900,13.29,613.08,.4,421.6
102,2016,323,1000,13.29,1845.8,.7,526.2
102,2016,323,1100,13.28,2995.1,1,767
102,2016,323,1200,13.27,3182.1,1,1036
102,2016,323,1300,13.27,3188.4,1,1159
102,2016,323,1400,13.26,3603.4,1,1177
102,2016,323,1500,13.26,3307.6,1,1214
102,2016,323,1600,13.25,1955.7,1,1208
102,2016,323,1700,13.25,1231.3,1,1092
102,2016,323,1800,13.25,347.74,1,-6999
102,2016,323,1900,13.25,69.864,1,916
102,2016,323,2000,13.25,0,1,785
102,2016,323,2100,13.25,0,1,667.3
102,2016,323,2200,13.25,0,1,608.8
102,2016,323,2300,13.26,0,1,642.7
101,2016,323,2400,13.25,22546,19.46
102,2016,323,2400,13.26,0,1,704
102,2016,324,100,13.26,0,1,814
102,2016,324,200,13.26,0,1,808
102,2016,324,300,13.26,0,1,726
102,2016,324,400,13.27,0,1,682.6
102,2016,324,500,13.27,0,.433,423.7
102,2016,324,600,13.27,0,.983,506.7
102,2016,324,700,13.28,4.8467,.966,509.9
102,2016,324,800,13.29,333.18,1,526.9
102,2016,324,900,13.28,722.54,1,780
102,2016,324,1000,13.27,1221.1,1,992
102,2016,324,1100,13.27,1963.1,1,1117
102,2016,324,1200,13.27,3230.2,1,1207
102,2016,324,1300,13.26,3694.3,1,1204
102,2016,324,1400,13.26,809.54,.85,701
102,2016,324,1500,13.26,1814.4,1,951
102,2016,324,1600,13.26,905.52,1,1107
102,2016,324,1700,13.26,224.47,.733,627.4
102,2016,324,1800,13.26,135.84,1,663.5
102,2016,324,1900,13.26,22.484,1,609.7
102,2016,324,2000,13.27,0,1,565.3
102,2016,324,2100,13.27,0,1,585.3
102,2016,324,2200,13.27,0,1,552.5
102,2016,324,2300,13.27,0,1,523
101,2016,324,2400,13.26,15081,22.89
102,2016,324,2400,13.28,0,.933,489.3
102,2016,325,100,13.28,0,.933,489.4
102,2016,325,200,13.29,0,.6,412.1
102,2016,325,300,13.29,0,.6,371.7
102,2016,325,400,13.29,0,.333,326.9
102,2016,325,500,13.3,0,.033,280.8
102,2016,325,600,13.3,0,0,237.2
102,2016,325,700,13.31,3.2464,0,159
102,2016,325,800,13.31,202.23,0,134.5
102,2016,325,900,13.31,778.59,.267,290
102,2016,325,1000,13.31,2033.9,.666,495.3
102,2016,325,1100,13.29,2778.9,1,883
102,2016,325,1200,13.29,3304.2,1,1094
102,2016,325,1300,13.28,3530.2,1,1204
102,2016,325,1400,13.27,3489.2,1,1309
102,2016,325,1600,13.26,2075.7,.866,1277
102,2016,325,1700,13.26,1189.4,1,1332
102,2016,325,1800,13.25,872.77,1,1328
102,2016,325,1900,13.25,211.14,1,1216
102,2016,325,2000,13.24,0,1,973
102,2016,325,2100,13.24,0,1,758
102,2016,325,2200,13.25,0,1,599.8
102,2016,325,2300,13.25,0,1,568.8
101,2016,325,2400,13.24,4349.1,8.86
102,2016,325,2400,13.26,0,1,538.5
102,2016,326,100,13.26,0,1,550.6
102,2016,326,200,13.26,0,.716,499.3
102,2016,326,300,13.27,0,.816,465.4
102,2016,326,400,13.27,0,.883,487.1
102,2016,326,500,13.27,0,.816,462.4
102,2016,326,600,13.28,0,.733,450.6
102,2016,326,700,13.28,2.9596,.8,467.3
102,2016,326,800,13.29,229.45,.866,466.7
102,2016,326,900,13.29,852.67,1,858
102,2016,326,1000,13.28,2087.6,1,1071
102,2016,326,1100,13.27,2827.1,1,1267
102,2016,326,1200,13.27,3250.3,1,1348
102,2016,326,1300,13.26,2852.2,1,1395
102,2016,326,1400,13.25,1688.4,1,1358
102,2016,326,1500,13.24,2659.8,1,1367
102,2016,326,1600,13.24,1086.3,1,1298
102,2016,326,1700,13.24,1944,1,1356
102,2016,326,1800,13.24,815.4,1,1347
102,2016,326,1900,13.24,61.407,1,1200
102,2016,326,2000,13.24,0,1,1017
102,2016,326,2100,13.23,0,1,797
102,2016,326,2200,13.24,0,1,668.5
102,2016,326,2300,13.24,0,1,617
101,2016,326,2400,13.23,20358,22.62
102,2016,326,2400,13.25,0,1,582.6
102,2016,327,100,13.26,0,.766,494.5
102,2016,327,200,13.26,0,.916,538.2
102,2016,327,300,13.26,0,1,576.8
102,2016,327,400,13.26,0,1,575
102,2016,327,500,13.26,0,1,566.4
102,2016,327,600,13.27,0,.95,545.2
102,2016,327,700,13.27,1.6375,.816,484.4
102,2016,327,800,13.27,231.87,.833,466.2
102,2016,327,900,13.27,882.61,1,760
102,2016,327,1000,13.27,2049.3,1,1092
102,2016,327,1100,13.27,2716.5,1,1243
102,2016,327,1200,13.26,3049.6,1,1303
102,2016,327,1300,13.25,1788.9,1,1267
102,2016,327,1400,13.25,919.52,.966,985
102,2016,327,1500,13.25,913.93,.983,1044
102,2016,327,1600,13.26,735.68,1,952
102,2016,327,1700,13.27,938.24,1,994
102,2016,327,1800,13.27,620.64,1,1043
102,2016,327,1900,13.27,129.09,1,1018
102,2016,327,2000,13.26,.02937,1,843
102,2016,327,2100,13.26,0,1,735
102,2016,327,2200,13.26,0,1,846
102,2016,327,2300,13.26,0,1,725
101,2016,327,2400,13.25,14978,23.22
102,2016,327,2400,13.26,0,1,650.9
102,2016,328,100,13.26,0,1,653.1
102,2016,328,200,13.26,0,1,623.4
102,2016,328,300,13.26,0,1,580.6
102,2016,328,400,13.26,0,1,532.7
102,2016,328,500,13.27,0,1,514.1
102,2016,328,600,13.27,0,.783,467.9
102,2016,328,700,13.27,4.5752,.566,403.7
102,2016,328,800,13.28,203.81,.533,382.1
102,2016,328,900,13.28,605.48,1,452.9
102,2016,328,1000,13.28,809.15,1,610.5
102,2016,328,1100,13.27,1262.3,1,777
102,2016,328,1200,13.27,2408.1,1,1051
102,2016,328,1300,13.26,2426.7,1,1222
102,2016,328,1400,13.26,2936,1,1248
102,2016,328,1500,13.26,2531.8,1,1269
102,2016,328,1600,13.25,618.87,1,1087
102,2016,328,1700,13.26,424.67,1,1076
102,2016,328,1800,13.26,98.024,1,771
102,2016,328,1900,13.27,33.66,1,599.5
102,2016,328,2000,13.27,0,1,596.3
102,2016,328,2100,13.28,0,1,626.9
102,2016,328,2200,13.28,0,1,596.4
102,2016,328,2300,13.28,0,1,564.3
101,2016,328,2400,13.25,14363,22.87
102,2016,328,2400,13.28,0,1,585.4
102,2016,329,100,13.28,0,1,563.1
102,2016,329,200,13.29,0,1,544
102,2016,329,300,13.29,0,1,516
102,2016,329,400,13.29,0,.95,465
102,2016,329,500,13.29,0,.633,419.5
102,2016,329,600,13.29,0,.45,347.3
102,2016,329,700,13.3,2.9011,.3,267.9
102,2016,329,800,13.3,189.3,.466,246.8
102,2016,329,900,13.31,908.66,.65,399.8
102,2016,329,1100,13.3,519.57,.183,1039
102,2016,329,1200,13.29,2397.7,1,1157
102,2016,329,1300,13.27,3383,1,1260
102,2016,329,1400,13.27,2941.3,1,1247
102,2016,329,1500,13.26,3114.8,1,1249
102,2016,329,1600,13.25,2715.2,1,1235
102,2016,329,1700,13.24,1905.6,1,1285
102,2016,329,1800,13.24,1165,1,1262
102,2016,329,1900,13.24,385.34,1,1215
102,2016,329,2000,13.24,0,1,1010
102,2016,329,2100,13.24,0,.966,-6999
102,2016,329,2200,13.24,0,.083,-10.48
102,2016,329,2300,13.25,0,.8,482.5
101,2016,329,2400,13.24,18527,11.95
102,2016,329,2400,13.26,0,.916,517.2
102,2016,330,100,13.26,0,.916,510.1
102,2016,330,200,13.26,0,.916,570.3
102,2016,330,300,13.27,0,0,-3.523
102,2016,330,400,13.27,0,0,-183.3
102,2016,330,500,13.28,0,.033,-35.4
102,2016,330,600,13.28,0,.083,144.1
102,2016,330,700,13.29,13.013,.766,27.88
102,2016,330,800,13.29,387.95,.167,-312.7
102,2016,330,900,13.29,1109.3,.2,-253
102,2016,330,1000,13.28,2090.8,.65,403.3
102,2016,330,1100,13.28,2162.9,1,613.1
102,2016,330,1200,13.27,2100.2,1,948
102,2016,330,1300,13.27,2490.7,1,1054
102,2016,330,1400,13.26,2942.5,1,1103
102,2016,330,1500,13.26,3043.9,1,1120
102,2016,330,1600,13.25,1137.6,1,1067
102,2016,330,1700,13.25,1088.2,.983,917
102,2016,330,1800,13.25,387.25,.65,-6999
102,2016,330,1900,13.26,102.12,.75,680.7
102,2016,330,2000,13.27,.16889,.317,-130.5
102,2016,330,2100,13.27,0,0,-156.2
102,2016,330,2200,13.27,0,.3,6.379
102,2016,330,2300,13.27,0,.916,-159.1
101,2016,330,2400,13.25,19057,14.43
102,2016,330,2400,13.28,0,.783,-438
102,2016,331,100,13.28,0,.167,-521.9
102,2016,331,200,13.28,0,0,-543.3
102,2016,331,300,13.29,0,.267,-531.3
102,2016,331,400,13.29,0,.45,-543.1
102,2016,331,500,13.29,0,0,-507.3
102,2016,331,600,13.3,0,0,-469.6
102,2016,331,700,13.31,2.7543,0,-455.3
102,2016,331,800,13.31,121.82,0,-447.6
102,2016,331,900,13.31,471.52,0,-427.8
102,2016,331,1000,13.31,1872.7,0,-381.8
102,2016,331,1100,13.3,2759.2,.233,298
102,2016,331,1200,13.29,3220.2,.75,510.6
102,2016,331,1300,13.28,3544.6,1,828
102,2016,331,1400,13.27,3550.9,1,1024
102,2016,331,1500,13.27,3120,1,1167
102,2016,331,1600,13.26,2772.8,1,1222
102,2016,331,1700,13.26,1374.8,.8,975
102,2016,331,1800,13.26,317.75,.5,552.9
102,2016,331,1900,13.26,9.4139,.3,649.5
102,2016,331,2000,13.26,.20561,1,625
102,2016,331,2100,13.26,0,1,628.6
102,2016,331,2200,13.26,0,1,639.2
102,2016,331,2300,13.26,0,1,625
101,2016,331,2400,13.26,9.6195,5.298
102,2016,331,2400,13.27,0,1,645.2
102,2016,332,100,13.27,0,1,606.3
102,2016,332,200,13.27,0,1,590.6
102,2016,332,300,13.27,0,1,590.7
102,2016,332,400,13.27,0,1,598.1
102,2016,332,500,13.28,0,1,559.8
102,2016,332,600,13.28,0,1,513.4
102,2016,332,700,13.28,2.35,1,461.1
102,2016,332,800,13.29,281.68,.983,418.6
102,2016,332,900,13.28,773.36,.983,495.9
102,2016,332,1000,13.28,2084.7,1,745
102,2016,332,1100,13.27,2491.6,1,918
102,2016,332,1200,13.27,3183.6,1,1147
102,2016,332,1300,13.26,3463.2,1,1273
102,2016,332,1400,13.26,2945.9,1,1306
102,2016,332,1500,13.26,2092.9,1,1183
102,2016,332,1600,13.25,1821.9,1,1105
102,2016,332,1700,13.25,343.07,1,955
102,2016,332,1800,13.26,306.36,1,789
102,2016,332,1900,13.27,62.048,1,673
102,2016,332,2000,13.27,0,1,650.7
102,2016,332,2100,13.27,0,1,585.8
102,2016,332,2200,13.27,0,1,545.2
102,2016,332,2300,13.27,0,1,545.4
101,2016,332,2400,13.25,19853,23.96
102,2016,332,2400,13.27,0,1,509.6
102,2016,333,100,13.27,0,1,539.7
102,2016,333,200,13.28,0,1,489.5
102,2016,333,300,13.28,0,1,440.4
102,2016,333,400,13.28,0,1,446.8
102,2016,333,500,13.28,0,1,414.7
102,2016,333,600,13.29,0,1,434.6
102,2016,333,700,13.29,2.0344,1,432.4
102,2016,333,800,13.29,253.34,.983,342.2
102,2016,333,900,13.29,919.13,1,484.8
102,2016,333,1000,13.29,1959.7,1,587.7
102,2016,333,1100,13.29,2692.3,1,897
102,2016,333,1200,13.28,2883.8,1,1176
102,2016,333,1300,13.27,3082.2,1,1237
102,2016,333,1400,13.27,2966.8,1,1253
102,2016,333,1500,13.26,2991.4,1,1303
102,2016,333,1600,13.25,1550.3,1,1238
102,2016,333,1700,13.25,1799.1,1,1221
102,2016,333,1800,13.24,863.98,1,1185
102,2016,333,1900,13.25,203.01,1,1150
102,2016,333,2000,13.25,0,1,1106
102,2016,333,2100,13.25,0,1,1005
102,2016,333,2200,13.25,0,1,843
102,2016,333,2300,13.25,0,1,941
101,2016,333,2400,13.24,22167,23.97
102,2016,333,2400,13.26,0,1,956
102,2016,334,100,13.26,0,1,900
102,2016,334,200,13.26,0,1,928
102,2016,334,300,13.26,0,1,985
102,2016,334,400,13.27,0,1,915
102,2016,334,500,13.27,0,1,890
102,2016,334,600,13.28,0,1,841
102,2016,334,700,13.28,.97674,1,804
102,2016,334,800,13.29,202.85,1,792
102,2016,334,900,13.29,806.52,1,666.6
102,2016,334,1000,13.29,1283.5,1,768
102,2016,334,1100,13.27,2471,1,1064
102,2016,334,1200,13.27,2777.1,1,1239
102,2016,334,1300,13.26,2953,1,1219
102,2016,334,1400,13.25,3365.3,1,1299
102,2016,334,1500,13.24,1687.8,1,1231
102,2016,334,1600,13.25,2624.6,1,1202
102,2016,334,1700,13.24,2126.2,1,1223
102,2016,334,1800,13.24,777.54,.7,-6999
102,2016,334,1900,13.26,124.26,.616,635
102,2016,334,2000,13.26,.1028,1,888
102,2016,334,2100,13.26,0,.9,768
102,2016,334,2200,13.26,0,1,1034
102,2016,334,2300,13.26,0,1,1012
101,2016,334,2400,13.24,21201,23.21
102,2016,334,2400,13.26,0,1,998
102,2016,335,100,13.26,0,1,926
102,2016,335,200,13.27,0,1,823
102,2016,335,300,13.27,0,1,770
102,2016,335,400,13.27,0,1,743
102,2016,335,500,13.28,0,1,736
102,2016,335,600,13.29,0,1,775
102,2016,335,700,13.29,2.6732,1,717
102,2016,335,800,13.29,170.33,1,689.9
102,2016,335,900,13.29,857.35,.833,527.2
102,2016,335,1000,13.28,1967.2,.966,723
102,2016,335,1100,13.27,2795.9,1,1043
102,2016,335,1200,13.27,3237.3,1,1231
102,2016,335,1300,13.26,3150.3,1,1268
102,2016,335,1400,13.26,3243.8,1,1361
102,2016,335,1500,13.25,2258.2,1,1388
102,2016,335,1600,13.24,1625.2,1,1330
102,2016,335,1700,13.24,1690.5,1,1287
102,2016,335,1800,13.24,853.64,1,1275
102,2016,335,1900,13.24,165,1,1220
102,2016,335,2000,13.24,0,1,1051
102,2016,335,2100,13.24,0,1,868
102,2016,335,2200,13.25,0,1,759
102,2016,335,2300,13.25,0,1,733
101,2016,335,2400,13.24,22017,23.79
102,2016,335,2400,13.25,0,1,778
102,2016,336,100,13.26,0,1,763
102,2016,336,200,13.26,0,1,879
102,2016,336,300,13.26,0,1,851
102,2016,336,400,13.26,0,1,785
102,2016,336,500,13.27,0,1,861
102,2016,336,600,13.28,0,1,908
102,2016,336,700,13.28,3.7527,1,946
102,2016,336,800,13.29,259.29,1,825
102,2016,336,900,13.29,828.23,1,760
102,2016,336,1000,13.27,1903,1,1043
102,2016,336,1100,13.27,2091.2,1,1197
102,2016,336,1200,13.26,2861.7,1,1266
102,2016,336,1300,13.26,3262.6,1,1327
102,2016,336,1400,13.25,1860.2,1,1348
102,2016,336,1500,13.24,2384.7,1,1348
102,2016,336,1600,13.24,2332.2,1,1388
102,2016,336,1700,13.24,1731.1,1,1386
102,2016,336,1800,13.24,845.39,1,1326
102,2016,336,1900,13.24,207.87,1,1176
102,2016,336,2000,13.24,.30108,1,941
102,2016,336,2100,13.24,0,1,844
102,2016,336,2200,13.24,0,1,952
102,2016,336,2300,13.24,0,1,973
101,2016,336,2400,13.24,20572,23.99
102,2016,336,2400,13.24,0,1,915
102,2016,337,100,13.25,0,1,861
102,2016,337,200,13.26,0,1,840
102,2016,337,300,13.26,0,1,782
102,2016,337,400,13.26,0,1,820
102,2016,337,500,13.27,0,1,872
102,2016,337,600,13.27,0,1,907
102,2016,337,700,13.27,2.1002,1,891
102,2016,337,800,13.28,257.86,1,822
102,2016,337,900,13.28,795.66,1,793
102,2016,337,1000,13.27,1168.3,1,933
102,2016,337,1100,13.26,2017,1,1120
102,2016,337,1200,13.26,2199,.983,1201
102,2016,337,1300,13.26,3485.9,1,1271
102,2016,337,1400,13.25,3509.8,1,1368
102,2016,337,1500,13.24,2759.7,1,1395
102,2016,337,1600,13.24,1692.1,1,1349
102,2016,337,1700,13.24,1397.1,1,1338
102,2016,337,1800,13.23,864.89,1,1288
102,2016,337,1900,13.23,179.19,1,1154
102,2016,337,2000,13.24,0,1,965
102,2016,337,2100,13.24,0,1,814
102,2016,337,2200,13.24,0,1,811
102,2016,337,2300,13.24,0,1,823
101,2016,337,2400,13.23,20329,23.97
102,2016,337,2400,13.24,0,1,879
102,2016,338,100,13.24,0,1,827
102,2016,338,200,13.24,0,1,812
102,2016,338,300,13.24,0,1,823
102,2016,338,400,13.25,0,1,957
102,2016,338,500,13.26,0,1,941
102,2016,338,600,13.26,0,1,912
102,2016,338,700,13.27,3.7082,1,880
102,2016,338,800,13.27,182.02,1,852
102,2016,338,900,13.27,897.98,1,758
102,2016,338,1000,13.27,1389.1,1,956
102,2016,338,1100,13.26,2030.2,1,1095
102,2016,338,1200,13.26,2204.8,1,1195
102,2016,338,1300,13.25,2529.4,1,1221
102,2016,338,1400,13.24,2365.7,.983,-6999
102,2016,338,1500,13.24,401.2,.367,504
102,2016,338,1600,13.26,771.31,.883,438.5
102,2016,338,1700,13.25,1402.8,1,722
102,2016,338,1800,13.24,969.06,1,871
102,2016,338,1900,13.24,233.99,1,988
102,2016,338,2000,13.24,.05875,1,915
102,2016,338,2100,13.24,0,1,918
102,2016,338,2200,13.24,0,1,926
102,2016,338,2300,13.25,0,1,935
101,2016,338,2400,13.24,15381,23.22
102,2016,338,2400,13.25,0,1,867
102,2016,339,100,13.26,0,1,1018
102,2016,339,200,13.26,0,1,1081
102,2016,339,300,13.26,0,1,966
102,2016,339,400,13.26,0,1,836
102,2016,339,500,13.27,0,1,698.2
102,2016,339,600,13.28,0,1,641.7
102,2016,339,700,13.28,1.645,1,580.4
102,2016,339,800,13.29,166.34,1,506.6
102,2016,339,900,13.29,912.27,1,544.7
102,2016,339,1200,13.27,2854.4,.883,977
102,2016,339,1300,13.27,3452,1,1124
102,2016,339,1400,13.26,2638.5,1,1131
102,2016,339,1500,13.26,2930.8,1,1172
102,2016,339,1600,13.25,2366.8,1,1241
102,2016,339,1700,13.24,1552.9,1,1287
102,2016,339,1800,13.24,568.61,1,1185
102,2016,339,1900,13.24,44.442,.9,894
102,2016,339,2100,13.24,0,.9,1076
102,2016,339,2200,13.24,0,1,1171
102,2016,339,2300,13.25,0,1,1049
101,2016,339,2400,13.24,0,3.898
102,2016,339,2400,13.26,0,1,1135
102,2016,340,100,13.26,0,1,1079
102,2016,340,200,13.26,0,1,942
102,2016,340,300,13.27,0,1,936
102,2016,340,400,13.27,0,1,921
102,2016,340,500,13.28,0,1,932
102,2016,340,600,13.29,0,1,878
102,2016,340,700,13.29,1.2412,1,771
102,2016,340,800,13.29,159.51,1,834
102,2016,340,900,13.3,1032.8,1,911
102,2016,340,1000,13.29,1982,1,1017
102,2016,340,1100,13.28,2713,1,1156
102,2016,340,1200,13.27,3230.1,1,1241
102,2016,340,1300,13.27,3578.9,1,1275
102,2016,340,1400,13.26,3453.2,1,1306
102,2016,340,1500,13.26,3082.5,1,1384
102,2016,340,1600,13.24,2674.4,1,1427
102,2016,340,1700,13.24,1916.8,1,1459
102,2016,340,1800,13.24,878.99,1,1426
102,2016,340,1900,13.24,183.06,1,1366
102,2016,340,2000,13.24,0,1,1298
102,2016,340,2100,13.24,0,1,1166
102,2016,340,2200,13.24,0,1,902
102,2016,340,2300,13.25,0,1,809
101,2016,340,2400,13.24,24887,23.99
102,2016,340,2400,13.25,0,1,977
102,2016,341,100,13.25,0,1,1005
102,2016,341,200,13.26,0,1,893
102,2016,341,300,13.27,0,1,853
102,2016,341,400,13.28,0,1,984
102,2016,341,500,13.29,0,1,913
102,2016,341,600,13.3,0,1,876
102,2016,341,800,13.31,196.62,.833,896
102,2016,341,900,13.31,931.13,1,918
102,2016,341,1000,13.3,1979.4,1,1030
102,2016,341,1200,13.29,802.47,.233,1256
102,2016,341,1800,13.26,393.54,.583,1318
102,2016,341,1900,13.25,178.26,1,1387
102,2016,341,2000,13.24,0,1,1293
102,2016,341,2100,13.24,0,1,1093
102,2016,341,2200,13.24,0,1,923
102,2016,341,2300,13.25,0,1,847
101,2016,341,2400,13.24,571.79,6.581
102,2016,341,2400,13.25,0,1,653.7
102,2016,342,100,13.26,0,1,699.8
102,2016,342,200,13.26,0,1,770
102,2016,342,300,13.26,0,1,870
102,2016,342,400,13.27,0,1,881
102,2016,342,500,13.27,0,1,869
102,2016,342,600,13.28,0,1,738
102,2016,342,700,13.29,.20564,1,730
102,2016,342,800,13.3,215.32,1,808
102,2016,342,900,13.31,842.97,1,912
102,2016,342,1000,13.29,1882.2,1,968
102,2016,342,1100,13.29,2677.4,1,1125
102,2016,342,1200,13.28,3039.5,1,1278
102,2016,342,1300,13.27,3352.9,1,1401
102,2016,342,1400,13.26,3236.4,1,1489
102,2016,342,1500,13.25,2672.4,1,1536
102,2016,342,1600,13.24,2301.5,1,1516
102,2016,342,1700,13.24,1481.8,1,1510
102,2016,342,1800,13.24,663.77,1,1426
102,2016,342,1900,13.23,230.23,1,1357
102,2016,342,2000,13.23,0,1,1045
102,2016,342,2100,13.23,0,1,955
102,2016,342,2200,13.23,0,1,891
102,2016,342,2300,13.24,0,1,789
101,2016,342,2400,13.23,22597,23.99
102,2016,342,2400,13.24,0,1,900
102,2016,343,100,13.24,0,1,1001
102,2016,343,200,13.24,0,1,1065
102,2016,343,300,13.25,0,1,1115
102,2016,343,400,13.26,0,1,950
102,2016,343,500,13.26,0,1,888
102,2016,343,600,13.26,0,1,937
102,2016,343,700,13.27,.67555,1,949
102,2016,343,800,13.27,216.21,1,979
102,2016,343,900,13.28,923.01,1,918
102,2016,343,1000,13.28,1863.4,1,981
102,2016,343,1100,13.27,2602.4,1,1065
102,2016,343,1200,13.27,3097.3,1,1183
102,2016,343,1300,13.26,3307.8,1,1280
102,2016,343,1400,13.26,3398,1,1398
102,2016,343,1500,13.25,2318.2,1,1446
102,2016,343,1600,13.24,1832.6,1,1466
102,2016,343,1700,13.24,1499.4,1,1484
102,2016,343,1800,13.23,1048.7,1,1479
102,2016,343,1900,13.23,251.92,1,1445
102,2016,343,2000,13.23,0,1,1238
101,2016,343,2400,13.26,0,.666
102,2016,343,2400,13.26,0,.666,596.9
102,2016,344,100,13.26,0,1,673.1
102,2016,344,200,13.26,0,1,736
102,2016,344,300,13.26,0,1,816
102,2016,344,400,13.26,0,1,946
102,2016,344,500,13.26,0,1,986
102,2016,344,600,13.27,0,1,1004
102,2016,344,700,13.27,.47001,1,985
102,2016,344,800,13.28,199.21,1,970
102,2016,344,900,13.29,899.63,1,969
102,2016,344,1000,13.28,1860.1,1,1003
102,2016,344,1500,13.26,503.25,.15,1257
102,2016,344,1600,13.24,1596.9,1,1463
102,2016,344,1700,13.24,1418.7,1,1419
102,2016,344,1800,13.23,1054.4,1,1467
102,2016,344,1900,13.22,226.86,1,1430
102,2016,344,2000,13.22,.27906,1,1258
102,2016,344,2100,13.22,0,1,1055
102,2016,344,2200,13.22,0,1,889
102,2016,344,2300,13.23,0,1,695
101,2016,344,2400,13.22,4800.4,9.15
102,2016,344,2400,13.23,0,1,673.4
102,2016,345,100,13.24,0,1,741
102,2016,345,200,13.24,0,1,844
102,2016,345,300,13.25,0,1,881
102,2016,345,400,13.26,0,1,947
102,2016,345,500,13.26,0,1,1016
102,2016,345,600,13.26,0,1,1116
102,2016,345,700,13.27,.59478,1,1034
102,2016,345,800,13.27,164.17,1,915
102,2016,345,900,13.27,804.24,1,889
102,2016,345,1000,13.27,1738.2,1,1029
102,2016,345,1100,13.26,2439.5,1,1117
102,2016,345,1200,13.26,2762.6,1,1231
102,2016,345,1300,13.25,3177.4,1,1345
102,2016,345,1400,13.24,3211.7,1,1412
102,2016,345,1500,13.24,2440,1,1412
102,2016,345,1600,13.23,806.32,.966,-6999
102,2016,345,1700,13.23,585.36,.167,282.5
102,2016,345,1800,13.24,773.59,.85,607.9
102,2016,345,1900,13.24,175.06,1,784
102,2016,345,2000,13.24,.85183,1,789
102,2016,345,2100,13.24,0,.916,905
102,2016,345,2200,13.24,0,1,-169.8
102,2016,345,2300,13.25,0,1,-60.52
101,2016,345,2400,13.23,19079,22.89
102,2016,345,2400,13.25,0,1,-188.7
102,2016,346,100,13.26,0,.716,-363.2
102,2016,346,200,13.26,0,.6,-332.6
102,2016,346,300,13.26,0,.483,-245
102,2016,346,400,13.26,0,.716,118.7
102,2016,346,500,13.26,0,.4,182.2
102,2016,346,600,13.27,0,.533,195.9
102,2016,346,700,13.27,.6609,.666,184.5
102,2016,346,800,13.28,201.85,.367,-54.62
102,2016,346,900,13.28,877.69,.233,160
102,2016,346,1000,13.28,1863.3,.766,376.4
102,2016,346,1100,13.27,2613.6,1,618.4
102,2016,346,1200,13.26,3156.7,1,919
102,2016,346,1300,13.26,3363.4,1,1150
102,2016,346,1400,13.25,3415.9,1,1166
102,2016,346,1500,13.24,3203.6,1,1204
102,2016,346,1600,13.24,853.82,.95,-6999
102,2016,346,1700,13.24,185.69,.683,37.67
102,2016,346,1800,13.22,79.804,.583,-105.1
102,2016,346,1900,13.27,23.153,.583,64.1
102,2016,346,2000,13.28,.07344,.933,379.5
102,2016,346,2100,13.27,0,.75,347.3
102,2016,346,2200,13.27,0,.616,266.1
102,2016,346,2300,13.27,0,.616,251.8
101,2016,346,2400,13.22,19839,16.79
102,2016,346,2400,13.27,0,.6,178.3
102,2016,347,100,13.28,0,.4,202.9
102,2016,347,200,13.28,0,.466,162.7
102,2016,347,300,13.28,0,.283,105.3
102,2016,347,400,13.28,0,0,32.22
102,2016,347,500,13.29,0,.267,30.27
102,2016,347,600,13.29,0,.217,-8.44
102,2016,347,700,13.29,.58753,0,-437.2
102,2016,347,800,13.3,198.65,0,-569.4
102,2016,347,900,13.3,932.58,.233,104.3
102,2016,347,1000,13.29,1681.8,.6,336.1
102,2016,347,1100,13.28,1754,1,574.9
102,2016,347,1200,13.28,2318.2,1,878
102,2016,347,1300,13.27,3179.8,1,1136
102,2016,347,1400,13.27,3158.3,1,1308
102,2016,347,1500,13.26,3159.2,1,1361
102,2016,347,1600,13.26,2492.4,1,1259
102,2016,347,1700,13.25,1617.9,1,1163
102,2016,347,1800,13.25,648.89,.9,1097
102,2016,347,1900,13.26,51.138,.15,-74.6
102,2016,347,2000,13.26,2.0267,.7,360.6
102,2016,347,2100,13.26,0,.966,424.7
102,2016,347,2200,13.26,0,1,494.6
102,2016,347,2300,13.26,0,1,431.8
101,2016,347,2400,13.25,21195,15.13
102,2016,347,2400,13.26,0,.95,357.6
102,2016,348,100,13.27,0,.9,338.8
102,2016,348,200,13.27,0,.75,305.2
102,2016,348,300,13.27,0,.616,260.9
102,2016,348,400,13.28,0,.6,230.3
102,2016,348,500,13.28,0,.65,222.6
102,2016,348,600,13.28,0,.616,214.9
102,2016,348,700,13.29,.16157,.633,219.6
102,2016,348,800,13.29,164.64,.7,243.8
102,2016,348,900,13.29,531.27,.9,364.9
102,2016,348,1000,13.29,1149.7,1,635.2
102,2016,348,1100,13.29,2160,1,829
102,2016,348,1200,13.27,2886.8,1,1082
102,2016,348,1300,13.27,3453.4,1,1259
102,2016,348,1400,13.26,2917.1,1,1303
102,2016,348,1500,13.26,3178.7,1,1280
102,2016,348,1600,13.25,2784.4,1,1254
102,2016,348,1700,13.25,1593.4,1,1128
102,2016,348,1800,13.26,1264.1,1,1248
102,2016,348,1900,13.26,353.92,1,1273
102,2016,348,2000,13.26,.26436,1,996
102,2016,348,2100,13.26,0,1,774
102,2016,348,2200,13.26,0,1,631.6
102,2016,348,2300,13.26,0,.95,500.8
101,2016,348,2400,13.25,22438,21.26
102,2016,348,2400,13.26,0,.95,495.2
102,2016,349,100,13.27,0,1,525.1
102,2016,349,200,13.27,0,1,751
102,2016,349,300,13.27,0,1,635.8
102,2016,349,400,13.28,0,1,769
102,2016,349,500,13.28,0,1,763
102,2016,349,600,13.29,0,1,602.3
102,2016,349,700,13.3,.36722,1,556.1
102,2016,349,800,13.31,193.56,1,515.2
102,2016,349,900,13.31,938.35,1,805
102,2016,349,1000,13.31,1933.3,1,1126
102,2016,349,1100,13.29,2685.4,1,1206
102,2016,349,1200,13.29,3181,1,1288
102,2016,349,1300,13.28,3466.1,1,1351
102,2016,349,1400,13.27,3420.4,1,1434
102,2016,349,1500,13.26,2954.5,1,1472
102,2016,349,1600,13.26,2692.6,1,1496
102,2016,349,1700,13.25,1945.3,1,1512
102,2016,349,1800,13.24,869.53,1,1465
102,2016,349,1900,13.24,168.91,1,1377
102,2016,349,2000,13.24,.29374,1,1293
102,2016,349,2100,13.24,0,1,1082
102,2016,349,2200,13.24,0,.966,1016
102,2016,349,2300,13.24,0,.367,-117.2
101,2016,349,2400,13.24,24450,22.32
102,2016,349,2400,13.25,0,0,-621.2
102,2016,350,100,13.26,0,0,-632.6
102,2016,350,200,13.26,0,.2,-191.2
102,2016,350,300,13.26,0,.516,250.3
102,2016,350,400,13.27,0,.367,216.5
102,2016,350,500,13.27,0,.067,-546.3
102,2016,350,600,13.28,0,0,-627.6
102,2016,350,700,13.29,2.6071,0,-636.5
102,2016,350,800,13.29,191.86,0,-589.9
102,2016,350,900,13.3,667.89,.017,-374.4
102,2016,350,1000,13.29,1855.4,.35,204.7
102,2016,350,1100,13.29,2519.5,.983,518.4
102,2016,350,1200,13.28,3178.8,1,854
102,2016,350,1300,13.27,3495,1,987
102,2016,350,1400,13.27,3466.6,1,1080
102,2016,350,1500,13.26,3063.9,1,1219
102,2016,350,1600,13.25,2676.5,1,1307
102,2016,350,1700,13.24,1987.4,1,1387
102,2016,350,1800,13.24,506.33,.566,1383
102,2016,350,1900,13.24,268.21,1,1394
102,2016,350,2000,13.24,.93997,1,1272
102,2016,350,2100,13.24,0,1,1118
102,2016,350,2200,13.24,0,1,883
102,2016,350,2300,13.24,0,1,713
101,2016,350,2400,13.24,775.48,6.514
102,2016,350,2400,13.25,0,.95,549.5
102,2016,351,100,13.26,0,.65,414.5
102,2016,351,200,13.26,0,.716,437.4
102,2016,351,300,13.27,0,.65,385.9
102,2016,351,400,13.27,0,.55,353.6
102,2016,351,500,13.27,0,.566,352.1
102,2016,351,600,13.29,0,.383,324.9
102,2016,351,700,13.29,0,.55,321.3
102,2016,351,800,13.29,139.96,.716,353.3
102,2016,351,900,13.3,806.71,1,583.9
102,2016,351,1000,13.29,1748,1,879
102,2016,351,1100,13.28,2470.6,1,1039
102,2016,351,1200,13.27,3032,1,1131
102,2016,351,1300,13.26,3385,1,1238
102,2016,351,1400,13.26,3042,1,1318
102,2016,351,1500,13.25,2508.6,1,1255
102,2016,351,1600,13.24,2126.7,.966,1064
102,2016,351,1700,13.24,1620.1,1,1343
102,2016,351,1800,13.24,339.18,.417,1276
102,2016,351,1900,13.24,251.68,1,1321
102,2016,351,2000,13.24,.25702,1,1005
102,2016,351,2100,13.24,0,1,844
102,2016,351,2200,13.24,0,1,704
102,2016,351,2300,13.24,0,.983,564.7
101,2016,351,2400,13.24,591.11,6.397
102,2016,351,2400,13.24,0,1,605.2
102,2016,352,100,13.25,0,1,561.1
102,2016,352,200,13.26,0,.933,497.6
102,2016,352,300,13.26,0,.7,463.5
102,2016,352,400,13.26,0,.933,499.4
102,2016,352,500,13.27,0,1,533
102,2016,352,600,13.27,0,.933,474.4
102,2016,352,700,13.28,.13952,.8,406.4
102,2016,352,800,13.28,149.85,.65,378.7
102,2016,352,900,13.29,740.41,.95,515.3
102,2016,352,1000,13.28,1678.4,1,890
102,2016,352,1100,13.27,2366.3,1,1103
102,2016,352,1200,13.26,2310.2,1,1215
102,2016,352,1300,13.26,2745.1,1,1259
102,2016,352,1500,13.26,1033.3,.367,1350
102,2016,352,1600,13.24,2537.8,1,1475
102,2016,352,1700,13.24,1964,1,1514
102,2016,352,1800,13.23,1036.9,1,1520
102,2016,352,1900,13.23,256.34,1,1482
102,2016,352,2000,13.23,.68295,1,1154
102,2016,352,2100,13.23,0,1,880
102,2016,352,2200,13.23,0,1,798
102,2016,352,2300,13.23,0,1,731
101,2016,352,2400,13.23,6829,9.36
102,2016,352,2400,13.24,0,1,634.4
102,2016,353,100,13.24,0,.866,517.8
102,2016,353,200,13.24,0,.7,492.1
102,2016,353,300,13.25,0,.8,483.6
102,2016,353,400,13.26,0,.683,446.7
102,2016,353,500,13.26,0,.666,415.7
102,2016,353,600,13.26,0,.716,387.2
102,2016,353,700,13.27,.08811,.533,377.5
102,2016,353,800,13.27,158.44,.533,344.9
102,2016,353,900,13.28,842.5,.8,511.3
102,2016,353,1000,13.27,1822.9,1,934
102,2016,353,1100,13.26,2529.8,1,1120
102,2016,353,1200,13.26,3049.5,1,1260
102,2016,353,1300,13.25,3344.3,1,1411
102,2016,353,1400,13.24,3387.2,1,1501
102,2016,353,1500,13.24,2983.6,1,1539
102,2016,353,1600,13.23,2628.2,1,1581
102,2016,353,1700,13.22,1947.3,1,1565
102,2016,353,1800,13.22,1084.7,1,1537
102,2016,353,1900,13.21,249.01,1,1509
102,2016,353,2000,13.22,.67564,1,1367
102,2016,353,2100,13.22,0,1,1110
102,2016,353,2200,13.22,0,1,833
102,2016,353,2300,13.22,0,1,717
101,2016,353,2400,13.21,24028,21.29
102,2016,353,2400,13.23,0,1,592.7
102,2016,354,100,13.23,0,.983,565.8
102,2016,354,200,13.24,0,.7,470.2
102,2016,354,300,13.24,0,.633,461.4
102,2016,354,400,13.24,0,1,593.1
102,2016,354,500,13.26,0,.983,549.2
102,2016,354,600,13.26,0,1,662.2
102,2016,354,700,13.27,0,1,758
102,2016,354,800,13.27,155.89,1,782
102,2016,354,900,13.28,857.86,1,931
102,2016,354,1000,13.27,1127.8,.55,1002
102,2016,354,1100,13.27,2614.1,1,1115
102,2016,354,1200,13.26,3174.1,1,1284
102,2016,354,1300,13.25,3480.6,.983,1343
102,2016,354,1400,13.24,3416,1,1541
102,2016,354,1500,13.24,3056.6,1,1606
102,2016,354,1600,13.22,2650.5,1,1637
102,2016,354,1700,13.22,2073.2,1,1635
102,2016,354,1800,13.21,1181.5,1,1599
102,2016,354,2000,13.21,0,.816,1390
102,2016,354,2100,13.23,0,.133,864
102,2016,354,2200,13.22,0,1,840
102,2016,354,2300,13.22,0,1,696.2
101,2016,354,2400,13.22,0,3.099
102,2016,354,2400,13.22,0,.966,547.6
102,2016,355,100,13.23,0,.766,507.1
102,2016,355,200,13.24,0,.35,397.6
102,2016,355,300,13.24,0,.45,416.6
102,2016,355,400,13.25,0,.633,485.7
102,2016,355,500,13.26,0,.566,461.7
102,2016,355,600,13.26,0,.45,465.1
102,2016,355,700,13.27,0,.45,418.3
102,2016,355,800,13.28,150.29,.616,466.8
102,2016,355,900,13.28,818.2,1,764
102,2016,355,1000,13.28,1806.6,1,1020
102,2016,355,1100,13.27,2490.5,1,1162
102,2016,355,1200,13.26,3013.6,1,1341
102,2016,355,1300,13.25,3282.1,1,1434
102,2016,355,1400,13.24,3359.2,1,1508
102,2016,355,1500,13.23,2907.5,.933,-6999
102,2016,355,1600,13.22,2273.6,.866,-6999
102,2016,355,1700,13.22,1763.8,1,1610
102,2016,355,1800,13.22,726.93,1,1584
102,2016,355,1900,13.21,254.87,1,1548
102,2016,355,2000,13.22,1.6891,1,1469
102,2016,355,2100,13.22,0,1,1343
102,2016,355,2200,13.22,0,1,1216
102,2016,355,2300,13.23,0,1,1034
101,2016,355,2400,13.21,22849,20.08
102,2016,355,2400,13.23,0,1,894
102,2016,356,100,13.24,0,1,808
102,2016,356,200,13.24,0,1,632
102,2016,356,300,13.25,0,.816,500.5
102,2016,356,400,13.25,0,.383,405.4
102,2016,356,500,13.26,0,.317,355.1
102,2016,356,600,13.26,0,.083,339.4
102,2016,356,700,13.27,.02937,.233,353.8
102,2016,356,800,13.28,153.95,.5,381.7
102,2016,356,900,13.27,788.33,.966,649.3
102,2016,356,1000,13.27,1736.5,1,955
102,2016,356,1100,13.26,2441.2,1,1144
102,2016,356,1200,13.25,2972.9,1,1336
102,2016,356,1300,13.24,3269.5,1,1452
102,2016,356,1400,13.23,2714.2,1,1511
102,2016,356,1500,13.22,3292.1,1,1463
102,2016,356,1600,13.21,2510.4,.983,1453
102,2016,356,1700,13.2,1168.3,1,1574
102,2016,356,1800,13.2,525.84,1,1547
102,2016,356,1900,13.2,197.62,1,1520
102,2016,356,2000,13.2,.99142,1,1505
102,2016,356,2100,13.21,0,1,1432
102,2016,356,2200,13.21,0,1,1227
102,2016,356,2300,13.21,0,1,969
101,2016,356,2400,13.2,21772,20.28
102,2016,356,2400,13.21,0,1,906
102,2016,357,100,13.22,0,1,1082
102,2016,357,200,13.22,0,1,1111
102,2016,357,300,13.23,0,1,1071
102,2016,357,400,13.24,0,1,982
102,2016,357,500,13.24,0,1,965
102,2016,357,600,13.24,0,1,929
102,2016,357,700,13.25,0,1,967
102,2016,357,800,13.25,143.77,1,1000
102,2016,357,900,13.26,880.81,1,1026
102,2016,357,1000,13.25,1836.7,1,990
102,2016,357,1100,13.24,2531.4,1,1168
102,2016,357,1200,13.24,2983.2,1,1385
102,2016,357,1300,13.23,2959.7,1,1476
102,2016,357,1400,13.22,2652.8,1,1508
102,2016,357,1500,13.21,2985.3,1,1511
102,2016,357,1600,13.2,2474.7,1,1553
102,2016,357,1700,13.2,2082.2,.966,1411
102,2016,357,1800,13.2,1244.4,1,1525
102,2016,357,1900,13.2,370.19,1,1516
102,2016,357,2000,13.2,1.4392,1,1502
102,2016,357,2100,13.2,0,1,1461
102,2016,357,2200,13.2,0,1,1466
102,2016,357,2300,13.21,0,1,1442
101,2016,357,2400,13.2,23147,23.96
102,2016,357,2400,13.21,0,1,1410
102,2016,358,100,13.22,0,1,1381
102,2016,358,200,13.22,0,1,1335
102,2016,358,300,13.22,0,1,1274
102,2016,358,400,13.23,0,1,1179
102,2016,358,500,13.24,0,1,1002
102,2016,358,600,13.25,0,1,865
102,2016,358,700,13.26,0,1,1074
102,2016,358,800,13.26,149.45,1,1082
102,2016,358,900,13.26,912.52,1,1173
102,2016,358,1000,13.25,1901.8,1,1241
102,2016,358,1100,13.24,2568.1,1,1305
102,2016,358,1200,13.23,1915.5,.45,-6999
102,2016,358,1300,13.22,3326.1,.933,1239
102,2016,358,1400,13.21,2923.3,.833,1144
102,2016,358,1500,13.21,3008.4,.816,-6999
102,2016,358,1600,13.2,2647.8,.866,-6999
102,2016,358,1700,13.2,2019.4,.9,-6999
102,2016,358,1800,13.19,1224.3,1,1448
102,2016,358,1900,13.19,342.07,1,1514
102,2016,358,2000,13.2,1.9826,1,1531
102,2016,358,2100,13.2,0,1,1494
102,2016,358,2200,13.2,0,1,1458
102,2016,358,2300,13.21,0,1,1440
101,2016,358,2400,13.19,12167,10.41
102,2016,358,2400,13.21,0,1,1405
102,2016,359,100,13.21,0,1,1378
102,2016,359,200,13.22,0,1,1148
102,2016,359,300,13.22,0,1,1365
102,2016,359,400,13.22,0,1,1343
102,2016,359,500,13.23,0,1,1335
102,2016,359,600,13.23,0,1,1314
102,2016,359,700,13.23,0,1,1304
102,2016,359,800,13.24,141.06,1,1277
102,2016,359,900,13.24,884.46,1,1255
102,2016,359,1000,13.24,1896.5,1,1311
102,2016,359,1100,13.24,2604.7,1,1381
102,2016,359,1200,13.23,3062.3,1,1390
102,2016,359,1300,13.22,3299.9,1,1493
102,2016,359,1400,13.22,3169.3,1,1540
102,2016,359,1500,13.21,1389.3,1,1530
102,2016,359,1600,13.21,1326.9,1,1561
102,2016,359,1700,13.21,1386.5,1,1593
102,2016,359,1800,13.2,881.62,1,1587
102,2016,359,1900,13.2,193.98,1,1555
102,2016,359,2000,13.2,1.2998,1,1522
102,2016,359,2100,13.2,0,1,1487
102,2016,359,2200,13.21,0,1,1443
102,2016,359,2300,13.21,0,1,1388
101,2016,359,2400,13.2,20238,23.99
102,2016,359,2400,13.22,0,1,1286
102,2016,360,100,13.22,0,1,1207
102,2016,360,200,13.22,0,1,822
102,2016,360,300,13.24,0,1,820
102,2016,360,400,13.24,0,1,771
102,2016,360,500,13.24,0,1,818
102,2016,360,600,13.25,0,1,800
102,2016,360,700,13.25,0,1,671.2
102,2016,360,800,13.26,140.45,.983,551.1
102,2016,360,900,13.26,806.48,1,900
102,2016,360,1000,13.26,1783.1,1,1156
102,2016,360,1100,13.26,2491.5,1,1243
102,2016,360,1200,13.24,2990.8,1,1362
102,2016,360,1300,13.24,3235.9,1,1484
102,2016,360,1400,13.22,3241.3,1,1566
102,2016,360,1500,13.22,2671,1,1617
102,2016,360,1600,13.21,1330.7,1,1570
102,2016,360,1700,13.2,856.8,1,1573
102,2016,360,1800,13.2,307.76,.983,1451
102,2016,360,1900,13.2,105.52,1,1394
102,2016,360,2000,13.21,3.0109,1,1358
102,2016,360,2100,13.21,0,1,1262
102,2016,360,2200,13.21,0,1,1118
102,2016,360,2300,13.22,0,1,1161
101,2016,360,2400,13.2,19964,23.96
102,2016,360,2400,13.22,0,1,1212
102,2016,361,100,13.22,0,1,1170
102,2016,361,200,13.23,0,1,1172
102,2016,361,300,13.24,0,1,1169
102,2016,361,400,13.24,0,1,1112
102,2016,361,500,13.24,0,1,1072
102,2016,361,600,13.25,0,1,965
102,2016,361,700,13.26,0,1,968
102,2016,361,800,13.26,81.67,1,983
102,2016,361,900,13.26,606.25,1,1060
102,2016,361,1000,13.25,1565.9,1,1188
102,2016,361,1100,13.24,2307.7,1,1306
102,2016,361,1200,13.24,2892.1,1,1444
102,2016,361,1300,13.23,3137.3,1,1524
102,2016,361,1400,13.22,3133.2,1,1573
102,2016,361,1500,13.21,1748.1,1,1601
102,2016,361,1600,13.2,1718.6,1,1573
102,2016,361,1700,13.2,821.6,1,1579
102,2016,361,1800,13.19,550.21,1,1496
102,2016,361,1900,13.19,282.47,1,1515
102,2016,361,2000,13.19,2.115,1,1496
102,2016,361,2100,13.19,0,1,1452
102,2016,361,2200,13.19,0,1,1404
102,2016,361,2300,13.19,0,1,1306
101,2016,361,2400,13.19,18847,23.99
102,2016,361,2400,13.2,0,1,1259
102,2016,362,100,13.22,0,1,1240
102,2016,362,200,13.22,0,1,1231
102,2016,362,300,13.23,0,1,1202
102,2016,362,400,13.24,0,1,1056
102,2016,362,500,13.24,0,1,989
102,2016,362,600,13.25,0,1,788
102,2016,362,700,13.26,0,1,710
102,2016,362,800,13.26,122.37,1,694.4
102,2016,362,900,13.27,903.37,1,942
102,2016,362,1000,13.26,1931.2,1,1137
102,2016,362,1100,13.26,2426,1,1295
102,2016,362,1200,13.25,2839.1,1,1399
102,2016,362,1300,13.24,3143,1,1508
102,2016,362,1400,13.22,2926.4,1,1541
102,2016,362,1500,13.22,2509.3,1,1579
102,2016,362,1600,13.22,1639.4,1,1604
102,2016,362,1700,13.21,935.74,1,1546
102,2016,362,1800,13.2,597.75,1,1513
102,2016,362,1900,13.2,280.71,1,1508
102,2016,362,2000,13.2,1.7258,1,1437
102,2016,362,2100,13.21,0,.2,1069
102,2016,362,2200,13.21,0,1,990
102,2016,362,2300,13.22,0,1,761
101,2016,362,2400,13.21,0,3.199
102,2016,362,2400,13.22,0,1,683.3
102,2016,363,100,13.22,0,1,648.3
102,2016,363,200,13.22,0,1,633.7
102,2016,363,300,13.22,0,.916,550.6
102,2016,363,400,13.23,0,.566,445.4
102,2016,363,500,13.24,0,.566,445
102,2016,363,600,13.25,0,.433,399.4
102,2016,363,700,13.26,0,.55,428.7
102,2016,363,800,13.26,118.81,.616,443.1
102,2016,363,900,13.27,726.71,1,651.2
102,2016,363,1000,13.27,1192.1,1,911
102,2016,363,1100,13.26,2485.7,1,1044
102,2016,363,1200,13.25,2842.5,1,1257
102,2016,363,1300,13.24,3074.2,1,1407
102,2016,363,1400,13.23,3128.2,1,1502
102,2016,363,1500,13.22,2733.6,1,1555
102,2016,363,1600,13.22,2354.2,1,1583
102,2016,363,1700,13.21,1166.2,1,1577
102,2016,363,1800,13.21,486.88,1,1453
102,2016,363,1900,13.21,377.12,1,1417
102,2016,363,2000,13.21,5.8604,1,1340
102,2016,363,2100,13.21,0,1,1222
102,2016,363,2200,13.22,0,1,1057
102,2016,363,2300,13.22,0,1,885
101,2016,363,2400,13.21,20692,21.64
102,2016,363,2400,13.22,0,1,835
102,2016,364,100,13.22,0,1,760
102,2016,364,200,13.22,0,1,744
102,2016,364,600,13.25,0,.7,514.8
102,2016,364,700,13.24,.00734,.95,521.5
102,2016,364,800,13.25,122.67,1,565
102,2016,364,900,13.24,707.1,1,747
102,2016,364,1000,13.24,1563.4,1,1027
102,2016,364,1100,13.24,1944.8,1,1142
102,2016,364,1200,13.24,2108.6,1,1264
102,2016,364,1300,13.23,2496.9,1,1360
102,2016,364,1400,13.22,850.9,1,1383
102,2016,364,1500,13.22,1557.4,1,1380
102,2016,364,1600,13.22,1791,1,1481
102,2016,364,1700,13.22,1476.3,.983,-6999
102,2016,364,1800,13.21,345.72,1,1407
102,2016,364,1900,13.22,52.339,1,1200
102,2016,364,2000,13.22,1.6964,1,964
102,2016,364,2100,13.22,0,1,919
102,2016,364,2200,13.22,0,1,933
102,2016,364,2300,13.22,0,1,900
101,2016,364,2400,13.21,15019,18.63
102,2016,364,2400,13.22,0,1,877
102,2016,365,100,13.23,0,1,899
102,2016,365,200,13.23,0,1,897
102,2016,365,300,13.24,0,1,841
102,2016,365,400,13.24,0,1,856
102,2016,365,500,13.24,0,1,889
102,2016,365,600,13.24,0,1,897
102,2016,365,700,13.25,0,1,828
102,2016,365,800,13.25,150.67,1,682.9
102,2016,365,900,13.25,734.99,1,877
102,2016,365,1000,13.25,1445.9,1,1038
102,2016,365,1100,13.25,2271.6,1,1167
102,2016,365,1200,13.24,2763.2,1,1269
102,2016,365,1300,13.24,1660.1,1,1340
102,2016,365,1400,13.24,2342.1,.766,1317
102,2016,365,1500,13.23,2004.7,1,1416
102,2016,365,1600,13.22,1711.3,1,1284
102,2016,365,1700,13.22,823.29,1,1242
102,2016,365,1800,13.22,533.71,1,1222
102,2016,365,1900,13.23,336.18,1,1180
102,2016,365,2000,13.23,5.4415,1,1026
102,2016,365,2100,13.23,0,.533,910
102,2016,365,2200,13.23,3.0622,.816,510.7
102,2016,365,2300,13.24,2.0635,.167,-27.3
101,2016,365,2400,13.24,2.4013,1.016
102,2016,365,2400,13.24,.33779,.85,322.2
102,2016,366,100,13.24,0,.133,-306.6
102,2016,366,200,13.25,0,.833,278
102,2016,366,300,13.25,0,.8,350.1
102,2016,366,400,13.25,0,.6,376.3
102,2016,366,500,13.26,0,.7,314.5
102,2016,366,600,13.26,0,.65,296.3
102,2016,366,700,13.26,0,.716,256.5
102,2016,366,800,13.26,121.56,.533,244.6
102,2016,366,900,13.27,775.61,.616,309.9
102,2016,366,1000,13.27,1733.8,1,608.4
102,2016,366,1100,13.26,2489.5,1,898
102,2016,366,1200,13.26,3062.7,1,1154
102,2016,366,1300,13.25,3336,1,1323
102,2016,366,1400,13.24,3463.1,1,1323
102,2016,366,1500,13.24,3245.6,1,1371
102,2016,366,1600,13.24,2801.5,1,1414
102,2016,366,1700,13.23,730.63,1,1402
102,2016,366,1800,13.22,548.56,1,1377
102,2016,366,1900,13.22,97.875,.9,1129
102,2016,366,2000,13.22,7.0792,.95,942
102,2016,366,2100,13.22,0,1,1086
102,2016,366,2200,13.23,0,1,1048
102,2016,366,2300,13.23,0,1,1006
101,2016,366,2400,13.22,22414,20.43
102,2016,366,2400,13.24,0,1,897
102,2017,1,100,13.24,0,1,891
102,2017,1,200,13.24,0,1,766
102,2017,1,300,13.24,0,1,630.8
102,2017,1,400,13.25,0,1,593.5
102,2017,1,500,13.25,0,.916,513.9
102,2017,1,600,13.26,0,1,539
102,2017,1,700,13.26,0,1,554.3
102,2017,1,800,13.26,119.35,1,576.5
102,2017,1,900,13.27,688.87,1,902
102,2017,1,1000,13.27,1078.9,1,1128
102,2017,1,1100,13.26,1731.5,1,1228
102,2017,1,1200,13.26,2448.3,1,1333
102,2017,1,1300,13.25,2803.4,1,1344
102,2017,1,1400,13.24,2906.2,1,1429
102,2017,1,1500,13.24,2731.5,1,1454
102,2017,1,1600,13.24,1868.6,1,1521
102,2017,1,1700,13.23,1954.4,1,1502
102,2017,1,1800,13.23,1332,1,1514
102,2017,1,1900,13.22,283.82,1,1406
102,2017,1,2000,13.23,2.6216,1,1126
102,2017,1,2100,13.23,0,1,972
102,2017,1,2200,13.23,0,1,865
102,2017,1,2300,13.23,0,1,814
101,2017,1,2400,13.22,19949,23.91
102,2017,1,2400,13.24,0,1,770
102,2017,2,100,13.24,0,1,733
102,2017,2,200,13.24,0,1,621.9
102,2017,2,300,13.24,0,1,582.9
102,2017,2,400,13.24,0,1,581.8
102,2017,2,500,13.25,0,1,586
102,2017,2,600,13.25,0,1,571.6
102,2017,2,700,13.26,0,1,540.5
102,2017,2,800,13.26,98.866,1,514.2
102,2017,2,900,13.26,363.26,1,590.1
102,2017,2,1000,13.26,935.44,1,807
102,2017,2,1100,13.26,1742.8,1,1082
102,2017,2,1200,13.26,2656,1,1287
102,2017,2,1300,13.25,3193.3,1,1385
102,2017,2,1400,13.25,2509,1,1461
102,2017,2,1500,13.24,2935.3,1,1530
102,2017,2,1600,13.24,1614.3,1,1531
102,2017,2,1700,13.23,2226.7,1,1557
102,2017,2,1800,13.23,1279.3,1,1511
102,2017,2,1900,13.22,518.81,1,1405
102,2017,2,2000,13.22,13.49,1,1308
102,2017,2,2100,13.22,0,1,1186
102,2017,2,2200,13.22,0,1,917
102,2017,2,2300,13.23,0,1,795
101,2017,2,2400,13.22,20087,23.99
102,2017,2,2400,13.23,0,1,700
102,2017,3,100,13.24,0,1,678.4
102,2017,3,200,13.24,0,1,680.9
102,2017,3,300,13.24,0,1,720
102,2017,3,400,13.25,0,1,650
102,2017,3,500,13.26,0,.983,555.1
102,2017,3,600,13.26,0,.833,503
102,2017,3,700,13.26,0,.633,455.6
102,2017,3,800,13.27,106.21,.55,401
102,2017,3,900,13.27,759.29,1,613.5
102,2017,3,1000,13.27,1745.7,1,980
102,2017,3,1100,13.26,2534.6,1,1232
102,2017,3,1200,13.26,3066.1,1,1385
102,2017,3,1300,13.25,3391.5,1,1474
102,2017,3,1400,13.24,839.28,.25,1555
102,2017,3,1500,13.24,2882.3,1,1605
102,2017,3,1600,13.23,2330,1,1585
102,2017,3,1700,13.22,1883.7,1,1644
102,2017,3,1800,13.22,1221.8,1,1620
102,2017,3,1900,13.21,370.06,1,1576
102,2017,3,2000,13.21,8.8785,1,1333
102,2017,3,2100,13.21,0,1,1100
102,2017,3,2200,13.21,0,1,745
102,2017,3,2300,13.21,0,1,683.4
101,2017,3,2400,13.21,9535.9,10.25
102,2017,3,2400,13.22,0,1,615.3
102,2017,4,100,13.22,0,.9,548
102,2017,4,200,13.23,0,.966,552.6
102,2017,4,300,13.24,0,.8,518.1
102,2017,4,400,13.24,0,.75,502.8
102,2017,4,500,13.24,0,.5,463.5
102,2017,4,600,13.26,0,.583,467.3
102,2017,4,700,13.26,0,.433,404.4
102,2017,4,800,13.26,104.51,.7,463.6
102,2017,4,900,13.27,784.31,1,762
102,2017,4,1000,13.26,1791.9,1,1119
102,2017,4,1100,13.26,2519.6,1,1296
102,2017,4,1200,13.25,3046.1,1,1380
102,2017,4,1300,13.24,3410.5,1,1488
102,2017,4,1400,13.24,3434.3,1,1558
102,2017,4,1500,13.23,3142.8,1,1626
102,2017,4,1600,13.22,2719.6,1,1658
102,2017,4,1700,13.22,2062.1,1,1667
102,2017,4,1800,13.21,1171.1,1,1654
102,2017,4,1900,13.21,333.92,1,1561
102,2017,4,2000,13.21,8.5836,1,1393
102,2017,4,2100,13.2,0,1,1284
102,2017,4,2200,13.21,0,1,1040
102,2017,4,2300,13.21,0,1,811
101,2017,4,2400,13.2,24529,21.62
102,2017,4,2400,13.22,0,1,718
102,2017,5,100,13.22,0,1,696.5
102,2017,5,200,13.22,0,.983,596.6
102,2017,5,300,13.24,0,.85,533.5
102,2017,5,400,13.24,0,.683,484.7
102,2017,5,500,13.26,0,.816,532.3
102,2017,5,600,13.27,0,.65,488.5
102,2017,5,700,13.27,0,.55,454.2
102,2017,5,800,13.29,114.03,.75,484.8
102,2017,5,900,13.29,825.18,1,802
102,2017,5,1000,13.29,1886,1,888
102,2017,5,1400,13.25,1573.4,.433,1464
102,2017,5,1500,13.24,3361.2,1,1531
102,2017,5,1600,13.22,2891.8,1,1609
102,2017,5,1700,13.22,2231.2,1,1525
102,2017,5,1800,13.21,1378.5,1,1539
102,2017,5,1900,13.21,452.61,1,1571
102,2017,5,2000,13.21,8.7451,1,1535
102,2017,5,2100,13.21,0,1,1498
102,2017,5,2200,13.21,0,1,1483
102,2017,5,2300,13.22,0,1,1457
101,2017,5,2400,13.21,11898,10.43
102,2017,5,2400,13.22,0,1,1417
102,2017,6,100,13.24,0,1,1381
102,2017,6,200,13.24,0,1,1320
102,2017,6,300,13.24,0,1,1208
102,2017,6,400,13.26,0,1,1017
102,2017,6,500,13.27,0,1,852
102,2017,6,600,13.27,0,1,797
102,2017,6,700,13.29,0,1,743
101,2017,7,2400,13.24,0,.8
102,2017,7,2400,13.24,0,.8,832
102,2017,8,100,13.24,0,1,876
102,2017,8,200,13.24,0,1,886
102,2017,8,300,13.24,0,1,810
102,2017,8,400,13.24,0,1,747
102,2017,8,500,13.25,0,1,718
102,2017,8,600,13.26,0,1,706
102,2017,8,700,13.26,0,1,727
102,2017,8,800,13.27,87.425,1,740
102,2017,8,900,13.27,669.8,1,961
102,2017,8,1900,13.23,169.54,.666,1393
102,2017,8,2000,13.22,6.8589,1,1391
102,2017,8,2100,13.22,0,1,1293
102,2017,8,2200,13.22,0,1,997
102,2017,8,2300,13.22,0,1,857
101,2017,8,2400,13.22,176.4,5.664
102,2017,8,2400,13.23,0,1,875
102,2017,9,100,13.24,0,1,832
102,2017,9,200,13.24,0,1,777
102,2017,9,300,13.26,0,1,837
102,2017,9,400,13.26,0,1,771
102,2017,9,500,13.27,0,1,613.2
102,2017,9,600,13.27,0,.966,562.5
102,2017,9,700,13.29,0,.883,577.4
102,2017,9,800,13.29,88.544,.866,538.8
102,2017,9,900,13.29,603.63,1,770
102,2017,9,1000,13.28,1477.9,1,1018
102,2017,9,1100,13.27,2233.7,1,1172
102,2017,9,1200,13.26,2869.9,1,1277
102,2017,9,1300,13.25,3181.7,1,1416
102,2017,9,1400,13.24,2771.2,1,1505
102,2017,9,1500,13.24,2944.2,1,1537
102,2017,9,1600,13.23,1007.5,.983,1453
102,2017,9,1700,13.22,1831.1,1,1456
102,2017,9,1800,13.22,1101.1,1,1410
102,2017,9,1900,13.22,309.23,1,1288
102,2017,9,2000,13.22,8.357,1,1012
102,2017,9,2100,13.22,0,1,780
102,2017,9,2200,13.22,0,1,709
102,2017,9,2300,13.22,0,1,714
101,2017,9,2400,13.22,20428,23.69
102,2017,9,2400,13.22,0,1,611.2
102,2017,10,100,13.23,0,1,626.3
102,2017,10,200,13.24,0,1,673.8
102,2017,10,300,13.24,0,1,715
102,2017,10,400,13.25,0,1,646
102,2017,10,500,13.26,0,1,597.3
102,2017,10,600,13.27,0,.966,540.8
102,2017,10,700,13.27,0,.133,373.7
102,2017,10,800,13.29,77.325,.816,521.2
102,2017,10,900,13.29,573.19,1,624.9
102,2017,10,1000,13.28,1505.5,1,988
102,2017,10,1100,13.27,2260.3,1,1181
102,2017,10,1200,13.26,2790.9,1,1321
102,2017,10,1300,13.26,3157.9,1,1475
102,2017,10,1400,13.24,2988.9,1,1535
102,2017,10,1500,13.24,3009.1,1,1584
102,2017,10,1600,13.23,2562.3,1,1611
102,2017,10,1700,13.22,2017.1,1,1568
102,2017,10,1800,13.21,823.26,1,1508
102,2017,10,1900,13.21,382.16,1,1416
102,2017,10,2000,13.21,9.671,1,1260
102,2017,10,2100,13.22,0,1,1091
102,2017,10,2200,13.22,0,1,964
102,2017,10,2300,13.22,0,1,874
101,2017,10,2400,13.21,22158,22.91
102,2017,10,2400,13.22,0,1,752
102,2017,11,100,13.22,0,1,741
102,2017,11,200,13.23,0,1,749
102,2017,11,300,13.23,0,1,808
102,2017,11,400,13.23,0,1,884
102,2017,11,500,13.24,0,1,858
102,2017,11,600,13.24,0,1,772
102,2017,11,700,13.25,0,1,776
102,2017,11,800,13.26,45.504,1,815
102,2017,11,900,13.26,519.27,1,967
102,2017,11,1000,13.27,1440.5,1,1082
102,2017,11,1100,13.26,2106.9,1,1249
102,2017,11,1200,13.25,2777.2,1,1398
102,2017,11,1300,13.24,3022.4,1,1477
102,2017,11,1400,13.24,3130,1,1516
102,2017,11,1500,13.22,2873.1,1,1554
102,2017,11,1600,13.22,2126,1,1573
102,2017,11,1700,13.22,1642.3,1,1562
102,2017,11,1800,13.21,1208.6,1,1597
102,2017,11,1900,13.21,306.03,1,1489
102,2017,11,2000,13.21,6.5939,1,1443
102,2017,11,2100,13.21,0,1,1300
102,2017,11,2200,13.2,0,1,1207
102,2017,11,2300,13.21,0,1,1210
101,2017,11,2400,13.2,21204,23.99
102,2017,11,2400,13.22,0,1,1231
102,2017,12,100,13.22,0,1,1298
102,2017,12,200,13.24,0,1,1237
102,2017,12,300,13.25,0,1,1056
102,2017,12,400,13.26,0,1,910
102,2017,12,500,13.27,0,1,738
102,2017,12,600,13.29,0,1,607.5
102,2017,12,700,13.3,0,1,560.3
102,2017,12,800,13.31,94.206,.816,482.4
102,2017,12,900,13.31,689.41,1,792
102,2017,12,1000,13.29,1705.9,1,1136
102,2017,12,1100,13.27,2446.8,1,1219
102,2017,12,1200,13.27,2970.1,1,1339
102,2017,12,1300,13.26,3292.3,1,1454
102,2017,12,1400,13.25,3381,1,1498
102,2017,12,1500,13.24,3160.2,1,1574
102,2017,12,1600,13.23,2718.8,1,1592
102,2017,12,1700,13.22,2070.6,.983,1608
102,2017,12,1800,13.22,1247.3,1,1610
102,2017,12,1900,13.22,466.79,1,1518
102,2017,12,2000,13.22,15.032,1,-6999
102,2017,12,2100,13.22,0,1,1340
102,2017,12,2200,13.22,0,1,1164
102,2017,12,2300,13.22,0,1,885
101,2017,12,2400,13.22,24258,23.79
102,2017,12,2400,13.22,0,1,742
102,2017,13,100,13.22,0,1,714
102,2017,13,200,13.24,0,1,639.8
102,2017,13,300,13.24,0,.666,506.9
102,2017,13,400,13.26,0,1,918
102,2017,13,500,13.26,0,1,927
102,2017,13,600,13.27,0,1,846
102,2017,13,700,13.29,0,1,693.1
102,2017,13,800,13.3,80.009,1,672
102,2017,13,900,13.29,624.67,1,869
102,2017,13,1000,13.28,1612.5,1,1109
102,2017,13,1100,13.27,2407.3,1,1224
102,2017,13,1200,13.26,2937.2,1,1445
102,2017,13,1300,13.25,3288.6,1,1461
102,2017,13,1400,13.24,3342.5,1,1549
102,2017,13,1500,13.23,3093.9,1,1548
102,2017,13,1600,13.22,2687.2,.983,1342
102,2017,13,1700,13.21,2085.9,.983,1294
102,2017,13,1800,13.2,1223.7,1,1462
102,2017,13,1900,13.21,447.65,1,1449
102,2017,13,2000,13.21,17.138,1,1351
102,2017,13,2100,13.21,0,1,1156
102,2017,13,2200,13.22,0,1,831
102,2017,13,2300,13.22,0,1,694.8
101,2017,13,2400,13.2,23848,23.62
102,2017,13,2400,13.22,0,1,740
102,2017,14,100,13.23,0,1,715
102,2017,14,200,13.24,0,1,684.4
102,2017,14,300,13.24,0,1,704
102,2017,14,400,13.24,0,1,686.2
102,2017,14,500,13.25,0,1,674.7
102,2017,14,600,13.26,0,1,651.2
102,2017,14,700,13.26,0,1,752
102,2017,14,800,13.27,79.023,1,841
102,2017,14,900,13.27,556.98,1,941
102,2017,14,1000,13.27,1161,1,1047
102,2017,14,1100,13.26,1842.7,1,1152
102,2017,14,1200,13.25,2336.5,1,1231
102,2017,14,1300,13.24,2899.9,1,1359
102,2017,14,1400,13.24,2923.1,1,1428
102,2017,14,1500,13.24,2844.3,1,1524
102,2017,14,1600,13.23,2459.4,1,1564
102,2017,14,1700,13.22,1514.6,1,1563
102,2017,14,1800,13.22,702.12,1,1536
102,2017,14,1900,13.22,394.62,1,1460
102,2017,14,2000,13.22,11.581,1,1394
102,2017,14,2100,13.21,0,1,1180
102,2017,14,2200,13.22,0,1,979
102,2017,14,2300,13.22,0,1,825
101,2017,14,2400,13.21,19726,23.99
102,2017,14,2400,13.22,0,1,832
102,2017,15,100,13.23,0,1,701
102,2017,15,200,13.24,0,1,639.6
102,2017,15,300,13.24,0,1,606.3
102,2017,15,400,13.25,0,1,546.5
102,2017,15,500,13.26,0,.983,550.6
102,2017,15,600,13.26,0,.966,581.4
102,2017,15,700,13.27,0,.716,477.4
102,2017,15,800,13.27,70.491,.816,513.5
102,2017,15,900,13.28,585.11,1,739
102,2017,15,1000,13.27,1491.6,1,991
102,2017,15,1100,13.26,2259.8,1,1175
102,2017,15,1200,13.26,2798.2,1,1348
102,2017,15,1300,13.25,3141.2,1,1464
102,2017,15,1400,13.24,3209.4,1,1563
102,2017,15,1500,13.24,2843.8,1,1615
102,2017,15,1600,13.22,2221,1,1632
102,2017,15,1700,13.22,2126.8,1,1650
102,2017,15,1800,13.22,1084.7,1,1616
102,2017,15,1900,13.21,420,1,1567
102,2017,15,2000,13.21,14.216,1,1342
102,2017,15,2100,13.21,0,1,1009
102,2017,15,2200,13.21,0,1,779
102,2017,15,2300,13.21,0,1,643
101,2017,15,2400,13.21,22266,23.41
102,2017,15,2400,13.21,0,.933,557.6
102,2017,16,100,13.22,0,.483,457.8
102,2017,16,200,13.23,0,.95,531.7
102,2017,16,300,13.24,0,.983,545.6
102,2017,16,400,13.24,0,.9,519.5
102,2017,16,500,13.26,0,.75,505.9
102,2017,16,600,13.26,0,.433,420.3
102,2017,16,700,13.27,0,.333,397.6
102,2017,16,800,13.27,68.185,.133,350.5
102,2017,16,900,13.28,601.06,.866,555.8
102,2017,16,1000,13.27,1656.5,1,919
102,2017,16,1100,13.26,2509.1,1,1151
102,2017,16,1200,13.25,3080.3,1,1333
102,2017,16,1300,13.24,3537.7,1,1453
102,2017,16,1400,13.23,3533.4,1,1557
102,2017,16,1500,13.22,3405.4,1,1608
102,2017,16,1600,13.22,2882.2,1,1616
102,2017,16,1700,13.21,2207.6,1,1603
102,2017,16,1800,13.21,1200.9,1,1636
102,2017,16,1900,13.2,375.85,1,1571
102,2017,16,2000,13.2,15.787,1,1510
102,2017,16,2100,13.21,0,1,1454
102,2017,16,2200,13.21,0,1,1302
102,2017,16,2300,13.21,0,1,1142
101,2017,16,2400,13.2,25074,20.83
102,2017,16,2400,13.21,0,1,931
102,2017,17,100,13.21,0,1,708
102,2017,17,200,13.22,0,1,789
102,2017,17,300,13.23,0,1,975
102,2017,17,400,13.25,0,1,914
102,2017,17,500,13.26,0,1,880
102,2017,17,600,13.27,0,1,801
102,2017,17,700,13.27,0,1,727
102,2017,17,800,13.29,67.761,1,674.9
102,2017,17,900,13.29,651.16,1,850
102,2017,17,1000,13.28,1771.9,1,1135
102,2017,17,1100,13.27,2578.5,1,1309
102,2017,17,1200,13.26,3183.4,1,1455
102,2017,18,800,13.31,72.711,.916,436.3
102,2017,18,900,13.3,591.54,1,726
102,2017,18,1000,13.28,1628.1,1,1086
102,2017,18,1100,13.27,2556.4,1,1279
102,2017,18,1200,13.26,3154.7,.983,1382
102,2017,18,1300,13.24,3564.4,1,1491
102,2017,18,1400,13.23,3670.9,.983,1547
102,2017,18,1500,13.22,3417.3,.933,1430
102,2017,18,1600,13.21,3054.6,.983,1530
102,2017,18,1700,13.21,2277.5,1,1600
102,2017,18,1800,13.21,1381.3,1,1585
102,2017,18,1900,13.2,431.33,1,1538
102,2017,18,2000,13.21,12.776,1,1502
102,2017,18,2100,13.2,0,1,1439
102,2017,18,2200,13.2,0,1,1405
102,2017,18,2300,13.2,0,1,1365
101,2017,18,2400,13.2,25814,16.79
102,2017,18,2400,13.21,0,1,1271
102,2017,19,100,13.21,0,1,1001
102,2017,19,200,13.21,0,1,1108
102,2017,19,300,13.22,0,1,1153
102,2017,19,400,13.22,0,1,1167
102,2017,19,500,13.23,0,1,1064
102,2017,19,600,13.24,0,1,1111
102,2017,19,700,13.25,0,1,1070
102,2017,19,800,13.26,70.126,1,957
102,2017,19,900,13.26,554.2,1,986
102,2017,19,1000,13.26,1640.2,1,1180
102,2017,19,1100,13.24,2464.9,1,1324
102,2017,19,1200,13.24,3047.8,1,1454
102,2017,19,1300,13.22,3421.1,1,1524
102,2017,19,1400,13.22,3064.8,1,1580
102,2017,19,1500,13.2,3066.9,.95,1373
102,2017,19,1600,13.2,2990,.85,-6999
102,2017,19,1700,13.2,1895.6,.983,1463
102,2017,19,1800,13.19,763.66,1,1481
102,2017,19,1900,13.19,376.69,1,1452
102,2017,19,2000,13.19,20.046,1,1366
102,2017,19,2100,13.19,0,1,1125
102,2017,19,2200,13.2,0,1,982
102,2017,19,2300,13.2,0,1,824
101,2017,19,2400,13.19,23376,23.77
102,2017,19,2400,13.2,0,1,744
102,2017,20,100,13.21,0,1,743
102,2017,20,200,13.21,0,1,757
102,2017,20,300,13.21,0,1,814
102,2017,20,400,13.22,0,1,824
102,2017,20,500,13.22,0,1,828
102,2017,20,600,13.22,0,1,725
102,2017,20,700,13.23,0,1,639.2
102,2017,20,800,13.24,51.454,1,649.3
102,2017,20,900,13.24,450.37,1,803
102,2017,20,1000,13.24,1029.3,1,1021
102,2017,20,1100,13.24,2261.3,1,1190
102,2017,20,1200,13.24,2884.5,1,1348
102,2017,20,1300,13.23,3305.8,1,1455
102,2017,20,1400,13.22,3465.9,1,1560
102,2017,20,1500,13.21,2763.2,1,1607
102,2017,20,1600,13.21,2091.4,1,1623
102,2017,20,1700,13.21,550.8,1,1565
102,2017,24,900,13.29,140.99,.133,799
102,2017,24,1000,13.28,1494.8,1,1109
102,2017,24,1100,13.27,2413.8,1,1259
102,2017,24,1200,13.26,3010.8,1,1405
102,2017,24,1300,13.24,3362.4,1,1503
102,2017,24,1400,13.22,3469.5,1,1560
102,2017,24,1500,13.21,2995.9,1,1626
102,2017,24,1600,13.21,2691.6,1,1635
102,2017,24,1700,13.2,2360.7,1,1682
102,2017,24,1800,13.2,621.67,1,1596
102,2017,24,1900,13.19,176.1,1,1495
102,2017,24,2000,13.19,14.135,1,1411
102,2017,24,2100,13.19,0,1,1320
102,2017,24,2200,13.2,0,1,1203
102,2017,24,2300,13.2,0,1,917
101,2017,24,2400,13.19,22752,15.13
102,2017,24,2400,13.2,0,1,708
102,2017,25,100,13.2,0,1,734
102,2017,25,200,13.21,0,1,673.2
102,2017,25,300,13.22,0,1,649.1
102,2017,25,400,13.22,0,.966,591.3
102,2017,25,500,13.23,0,.966,600.6
102,2017,25,600,13.24,0,1,610.5
102,2017,25,700,13.25,0,1,626.4
102,2017,25,800,13.26,63.164,1,676.5
102,2017,25,900,13.26,456.14,1,886
102,2017,25,1000,13.25,1389.4,1,921
102,2017,25,1100,13.25,2373.8,1,1007
102,2017,25,1200,13.24,2929.3,1,1210
102,2017,25,1300,13.23,3310.3,1,1420
102,2017,25,1400,13.22,3410.7,1,1532
102,2017,25,1500,13.22,3174.9,1,1625
102,2017,25,1600,13.21,2813.8,1,1693
102,2017,25,1700,13.21,2267.6,1,1662
102,2017,25,1800,13.2,935.62,1,1611
102,2017,25,1900,13.19,226.59,1,1503
102,2017,25,2000,13.19,19.4,1,1400
102,2017,25,2100,13.19,0,1,1218
102,2017,25,2200,13.19,0,1,953
102,2017,25,2300,13.19,0,1,943
101,2017,25,2400,13.19,23371,23.92
102,2017,25,2400,13.2,0,1,967
102,2017,26,100,13.21,0,1,917
102,2017,26,200,13.21,0,1,813
102,2017,26,300,13.21,0,1,738
102,2017,26,400,13.22,0,1,784
102,2017,26,500,13.23,0,1,850
102,2017,26,600,13.23,0,1,934
102,2017,26,700,13.24,0,1,920
102,2017,26,800,13.25,58.311,1,881
102,2017,26,900,13.25,426.15,1,981
102,2017,26,1000,13.24,1376.4,1,1173
102,2017,26,1100,13.24,2457.3,1,1300
102,2017,26,1200,13.23,3038.8,.983,1358
102,2017,26,1300,13.22,3371.7,.983,1447
102,2017,26,1400,13.22,3569,.983,1398
102,2017,26,1500,13.21,1623.8,.966,1348
102,2017,26,1600,13.21,955.72,.7,651.1
102,2017,26,1700,13.21,374.22,.833,-6999
102,2017,26,1800,13.22,338.01,1,876
102,2017,26,1900,13.23,142.15,1,863
102,2017,26,2000,13.22,16.956,1,946
102,2017,26,2100,13.22,0,1,888
102,2017,26,2200,13.22,0,1,929
102,2017,26,2300,13.22,0,1,757
101,2017,26,2400,13.21,17749,23.44
102,2017,26,2400,13.23,0,1,769
102,2017,27,100,13.23,0,1,688.8
102,2017,27,200,13.23,0,1,709
102,2017,27,300,13.24,0,1,704
102,2017,27,400,13.24,0,1,647.6
102,2017,27,500,13.24,0,1,661.8
102,2017,27,600,13.25,0,1,660.5
102,2017,27,700,13.26,0,1,665.5
102,2017,27,800,13.26,64.412,1,669.9
102,2017,27,900,13.26,439.85,1,603.6
102,2017,27,1000,13.27,1454.3,1,871
102,2017,27,1100,13.26,2471.1,1,1183
102,2017,27,1200,13.26,3096.4,1,1305
102,2017,27,1300,13.25,3449.5,1,1414
102,2017,27,1400,13.24,3614,1,1500
102,2017,27,1500,13.24,3339,1,1553
102,2017,27,1600,13.23,2704.2,1,1617
102,2017,27,1700,13.22,2120.6,1,1593
102,2017,27,1800,13.22,373.55,1,1469
102,2017,27,1900,13.21,395.27,1,1395
102,2017,27,2000,13.21,21.771,1,1283
102,2017,27,2100,13.21,0,1,1147
102,2017,27,2200,13.21,0,1,982
102,2017,27,2300,13.21,0,1,860
101,2017,27,2400,13.21,23544,23.99
102,2017,27,2400,13.22,0,1,851
102,2017,28,100,13.22,0,1,819
102,2017,28,200,13.22,0,1,833
102,2017,28,300,13.23,0,1,752
102,2017,28,400,13.23,0,1,732
102,2017,28,500,13.23,0,1,702
102,2017,28,600,13.24,0,1,686.6
102,2017,28,700,13.24,0,1,645.5
102,2017,28,800,13.24,66.58,1,625.9
102,2017,28,900,13.26,454.3,1,666.2
102,2017,28,1000,13.26,1486,1,1021
102,2017,28,1100,13.25,2293.7,1,1188
102,2017,28,1200,13.24,3057.2,1,1316
102,2017,28,1300,13.24,3219.4,1,1376
102,2017,28,1400,13.23,3469.8,1,1483
102,2017,28,1500,13.22,1441.5,.916,1208
102,2017,28,1600,13.22,578.4,.25,54.43
102,2017,28,1700,13.22,384.75,.816,466.3
102,2017,28,1800,13.23,309.47,1,814
102,2017,28,1900,13.23,307.68,1,831
102,2017,28,2000,13.23,22.493,1,910
102,2017,28,2100,13.23,0,1,876
102,2017,28,2200,13.23,0,1,919
102,2017,28,2300,13.23,0,1,803
101,2017,28,2400,13.22,17091,22.97
102,2017,28,2400,13.24,0,1,804
102,2017,29,100,13.24,0,1,772
102,2017,29,200,13.24,0,1,769
102,2017,29,300,13.24,0,1,768
102,2017,29,400,13.24,0,1,797
102,2017,29,500,13.24,0,1,826
102,2017,29,600,13.24,0,1,742
102,2017,29,700,13.24,0,1,650.9
102,2017,29,800,13.25,61.204,1,514.2
102,2017,29,900,13.26,415.76,1,486.6
102,2017,29,1000,13.26,1459.6,1,653.6
102,2017,29,1100,13.26,2584.7,1,989
102,2017,29,1200,13.25,2790.7,1,1294
102,2017,29,1300,13.24,2022.1,.85,973
102,2017,29,1400,13.24,228.29,.7,470
102,2017,29,1500,13.25,406.09,.833,42.4
102,2017,29,1600,12.97,476.54,.267,.231
102,2017,29,1700,13.26,722.94,.816,9.59
102,2017,29,1800,13.27,440.86,.783,487.6
102,2017,29,1900,13.27,96.108,.666,495.2
102,2017,29,2000,13.27,8.1504,.6,440.2
102,2017,29,2100,13.27,0,.716,453.7
102,2017,29,2200,13.28,0,.65,257.8
102,2017,29,2300,13.27,0,.5,-195.2
101,2017,29,2400,12.97,11713,19.91
102,2017,29,2400,13.28,0,.533,-45.17
102,2017,30,100,13.29,0,.816,89.6
102,2017,30,200,13.04,1.3439,.283,267.8
102,2017,30,300,12.57,74.348,0,448.3
102,2017,30,400,12.69,18.381,.417,38.23
102,2017,30,500,13.29,0,.433,10.3
102,2017,30,600,13.29,0,.4,205.9
102,2017,30,700,13.29,0,.583,187.5
102,2017,30,800,13.3,75.676,.367,151.6
102,2017,30,900,13.3,487.04,.433,142.4
102,2017,30,1000,13.3,894.52,.5,192.4
102,2017,30,1100,13.3,1421.3,.566,342.5
102,2017,30,1200,13.29,2420.1,.966,599.4
102,2017,30,1300,13.28,3035.1,1,801
102,2017,30,1400,13.27,3547,1,1017
102,2017,30,1500,13.27,3297.7,1,1300
102,2017,30,1600,13.26,2707,1,1428
102,2017,30,1700,13.26,1729.8,1,1465
102,2017,30,1800,13.26,993.75,1,1455
102,2017,30,1900,13.26,357,1,1460
102,2017,30,2000,13.26,19.276,1,1401
102,2017,30,2100,13.25,0,1,1302
102,2017,30,2200,13.26,0,1,1047
102,2017,30,2300,13.26,0,1,916
101,2017,30,2400,12.57,21079,17.76
102,2017,30,2400,13.26,0,1,871
102,2017,31,100,13.26,0,1,873
102,2017,31,200,13.26,0,1,851
102,2017,31,300,13.26,0,.683,12.54
102,2017,31,400,13.27,0,.983,120.8
102,2017,31,500,13.27,0,.8,353.2
102,2017,31,600,13.27,0,.816,390.3
102,2017,31,700,13.27,0,.766,398.9
102,2017,31,800,13.27,54.13,.816,403.9
102,2017,31,900,13.27,438.81,.766,383
102,2017,31,1000,13.29,338.79,.167,649.2
102,2017,31,1100,13.27,2452.1,1,823
102,2017,31,1200,13.27,3116.4,1,1089
102,2017,31,1300,13.26,3226.2,1,1311
102,2017,31,1400,13.1,38.851,.383,-291.3
102,2017,31,1700,13.31,859.09,.766,423.8
102,2017,31,1800,13.31,294.55,.9,346.7
102,2017,31,1900,13.29,38.7,.783,427.2
102,2017,31,2000,13.29,0,.217,-88.4
102,2017,31,2100,13.29,0,.633,-105.3
102,2017,31,2200,13.29,0,1,307
102,2017,31,2300,13.28,0,.516,296.9
101,2017,31,2400,13.28,0,2.999
102,2017,31,2400,13.29,0,.633,304.3
102,2017,32,100,13.29,0,.533,292.8
102,2017,32,200,13.29,0,.516,310.2
102,2017,32,300,13.29,0,.533,353.3
102,2017,32,400,13.29,0,.516,345.8
102,2017,32,500,13.29,0,.55,303.9
102,2017,32,600,13.29,0,.633,349
102,2017,32,700,13.29,0,.483,382.3
102,2017,32,800,13.29,47.022,.55,369.5
102,2017,32,900,13.3,432.25,.616,405.9
102,2017,32,1000,13.3,1333.4,.816,492.3
102,2017,32,1100,13.29,2756.8,1,739
102,2017,32,1200,13.29,3171.9,1,943
102,2017,32,1300,13.28,3541.1,1,1154
102,2017,32,1400,13.27,3567.4,1,1345
102,2017,32,1500,13.26,2765.9,1,1515
102,2017,32,1600,13.26,2985.4,1,1567
102,2017,32,1700,13.26,2423.1,1,1481
102,2017,32,1800,13.26,961.73,.933,-6999
102,2017,32,1900,13.26,160.67,.933,952
102,2017,32,2000,13.26,11.44,1,1231
102,2017,32,2100,13.26,0,1,1033
102,2017,32,2200,13.26,0,1,1022
102,2017,32,2300,13.26,0,1,949
101,2017,32,2400,13.26,24158,19.61
102,2017,32,2400,13.27,0,1,892
102,2017,33,100,13.27,0,1,785
102,2017,33,200,13.27,0,1,765
102,2017,33,300,13.27,0,1,733
102,2017,33,400,13.27,0,1,739
102,2017,33,500,13.27,0,1,683.3
102,2017,33,600,13.28,0,1,657.3
102,2017,33,700,13.28,0,1,579.2
102,2017,33,800,13.28,55.239,1,570.8
102,2017,33,900,13.29,356.56,1,624.5
102,2017,33,1000,13.29,1270.5,1,883
102,2017,33,1100,13.29,2514.9,1,1210
102,2017,33,1200,13.27,3177.5,1,1460
102,2017,33,1300,13.27,3560.3,1,1587
102,2017,33,1400,13.26,3655.3,1,1594
102,2017,33,1500,13.26,3425.8,1,1588
102,2017,33,1600,13.25,3017.6,1,1581
102,2017,33,1700,13.24,2381.5,1,1570
102,2017,33,1800,13.24,1575.5,1,1477
102,2017,33,1900,13.23,808.08,.966,1257
102,2017,33,2000,13.24,38.303,1,1408
102,2017,33,2100,13.24,0,1,1258
102,2017,33,2200,13.24,0,1,1262
102,2017,33,2300,13.24,0,1,1070
101,2017,33,2400,13.23,25837,23.96
102,2017,33,2400,13.24,0,1,861
102,2017,34,100,13.24,0,1,803
102,2017,34,200,13.24,0,1,788
102,2017,34,300,13.24,0,1,754
102,2017,34,400,13.25,0,1,776
102,2017,34,500,13.25,0,1,767
102,2017,34,600,13.26,0,1,694.8
102,2017,34,700,13.26,0,1,647.5
102,2017,34,800,13.26,76.771,1,569
102,2017,34,900,13.26,487.44,1,621.3
102,2017,34,1000,13.26,1224.6,1,956
102,2017,34,1100,13.26,2382.2,1,1286
102,2017,34,1200,13.26,2861.6,1,1419
102,2017,34,1300,13.26,3286.1,1,1398
102,2017,34,1400,13.25,3385.2,1,1459
102,2017,34,1500,13.24,3268.4,1,1483
102,2017,34,1600,13.24,2515,1,1507
102,2017,34,1700,13.24,1942.1,1,1515
102,2017,34,1800,13.23,1008.5,1,1455
102,2017,34,1900,13.24,10.765,0,-77.8
102,2017,34,2000,13.24,7.0129,.9,628.4
102,2017,34,2100,13.24,0,1,830
102,2017,34,2200,13.25,0,1,876
102,2017,34,2300,13.25,0,1,846
101,2017,34,2400,13.24,17.778,4.898
102,2017,34,2400,13.25,0,1,846
102,2017,35,100,13.26,0,1,902
102,2017,35,200,13.26,0,1,836
102,2017,35,300,13.26,0,1,799
102,2017,35,400,13.26,0,1,729
102,2017,35,500,13.27,0,1,728
102,2017,35,600,13.27,0,1,745
102,2017,35,700,13.27,0,1,666.5
102,2017,35,800,13.28,66.899,1,653.6
102,2017,35,900,13.28,348.69,1,658.9
102,2017,35,1000,13.27,1120.7,1,828
102,2017,35,1100,13.27,2254.7,1,1106
102,2017,35,1200,13.26,2587.5,1,1325
102,2017,35,1300,13.25,391.62,.833,728
102,2017,35,1400,13.26,1226.1,.367,-382.5
102,2017,35,1500,13.25,3228.7,.966,644.9
102,2017,35,1600,13.25,2118.8,1,1064
102,2017,35,1700,13.25,1962.4,1,1172
102,2017,35,1800,13.25,926.07,1,1230
102,2017,35,1900,13.25,119.84,1,1211
102,2017,35,2000,13.24,9.1641,1,1101
102,2017,35,2100,13.25,0,1,933
102,2017,35,2200,13.25,0,1,887
102,2017,35,2300,13.25,0,1,802
101,2017,35,2400,13.24,16361,23.16
102,2017,35,2400,13.25,0,1,726
102,2017,36,100,13.26,0,1,685.6
102,2017,36,200,13.26,0,1,636.2
102,2017,36,300,13.27,0,1,533.7
102,2017,36,400,13.27,0,1,445.4
102,2017,36,500,13.27,0,1,396.1
102,2017,36,600,13.27,0,.683,-168.3
102,2017,36,700,13.28,0,.566,-428.4
102,2017,36,800,13.29,51.853,.4,-464.7
102,2017,36,900,13.29,271.33,.883,194.1
102,2017,36,1000,13.29,1201.6,1,528.8
102,2017,36,1100,13.28,2525.1,1,893
102,2017,36,1200,13.27,3168.5,1,1318
102,2017,36,1300,13.27,3592.2,1,1453
102,2017,36,1400,13.26,3701,1,1433
102,2017,36,1500,13.26,3467.2,1,1476
102,2017,36,1600,13.25,3041.6,1,1516
102,2017,36,1700,13.24,2350.4,1,1553
102,2017,36,1800,13.23,1525.7,1,1458
102,2017,36,1900,13.23,653.11,.666,-6999
102,2017,36,2000,13.23,16.273,1,1189
102,2017,36,2100,13.24,0,1,1164
102,2017,36,2200,13.24,0,1,1155
102,2017,36,2300,13.24,0,1,1041
101,2017,36,2400,13.23,25566,22.19
102,2017,36,2400,13.24,0,1,951
102,2017,37,100,13.24,0,1,1140
102,2017,37,200,13.24,0,1,1170
102,2017,37,300,13.24,0,1,1166
102,2017,37,400,13.25,0,1,1154
102,2017,37,500,13.25,0,1,1089
102,2017,37,600,13.26,0,1,1094
102,2017,37,700,13.26,0,1,1057
102,2017,37,800,13.26,48.176,1,913
102,2017,37,900,13.27,226.34,1,1162
102,2017,37,1000,13.27,1136.6,1,1304
102,2017,37,1100,13.26,2600.7,1,1343
102,2017,37,1200,13.25,3248.8,1,1420
102,2017,37,1300,13.25,3617.6,1,1483
102,2017,37,1400,13.24,3720.8,1,1575
102,2017,37,1500,13.24,3467.7,1,1616
102,2017,37,1600,13.23,3055.2,1,1656
102,2017,37,1700,13.22,2401.4,1,1642
102,2017,37,1800,13.22,1610.4,1,1621
102,2017,37,1900,13.22,530.69,1,1587
102,2017,37,2000,13.21,35.104,1,1413
102,2017,37,2100,13.21,0,.833,644.1
102,2017,37,2200,13.21,0,1,925
102,2017,37,2300,13.21,0,1,980
101,2017,37,2400,13.21,25699,23.82
102,2017,37,2400,13.22,0,1,951
102,2017,38,100,13.22,0,1,793
102,2017,38,200,13.22,0,1,797
102,2017,38,300,13.22,0,1,905
102,2017,38,400,13.22,0,1,1028
102,2017,38,500,13.23,0,1,1109
102,2017,38,600,13.23,0,1,1128
102,2017,38,700,13.23,0,1,1146
102,2017,38,800,13.24,62.571,1,1141
102,2017,38,900,13.24,353.73,1,1188
102,2017,38,1000,13.24,1117.5,1,1205
102,2017,38,1100,13.24,2555.6,1,1285
102,2017,38,1200,13.23,3221.4,1,1449
102,2017,38,1300,13.23,3566.3,1,1522
102,2017,38,1400,13.22,3697.3,1,1580
102,2017,38,1500,13.22,3462.8,1,1627
102,2017,38,1600,13.22,3079.5,1,1648
102,2017,38,1700,13.21,2069.2,1,1656
102,2017,38,1800,13.21,1541,1,1621
102,2017,38,1900,13.2,414.58,1,1588
102,2017,38,2000,13.21,22.557,1,1447
102,2017,38,2100,13.21,0,1,1314
102,2017,38,2200,13.21,0,1,1058
102,2017,38,2300,13.2,0,1,833
101,2017,38,2400,13.2,25164,23.99
102,2017,38,2400,13.21,0,1,709
102,2017,39,100,13.2,0,1,632.9
102,2017,39,200,13.21,0,1,579.2
102,2017,39,300,13.21,0,1,591.8
102,2017,39,400,13.22,0,1,602.7
102,2017,39,500,13.22,0,.983,557.6
102,2017,39,600,13.22,0,1,615.2
102,2017,39,700,13.23,0,.966,563
102,2017,39,800,13.24,60.156,1,737
102,2017,39,900,13.24,288.55,1,947
102,2017,39,1000,13.24,1052.4,1,1178
102,2017,39,1100,13.24,2528,1,1282
102,2017,39,1200,13.23,3176.3,1,1419
102,2017,39,1300,13.23,3497.1,1,1523
102,2017,39,1400,13.22,3657,1,1620
102,2017,39,1500,13.22,3495.7,1,1662
102,2017,39,1600,13.21,2802.8,1,1675
102,2017,39,1700,13.21,2211.7,1,1682
102,2017,39,1800,13.21,959.62,1,1657
102,2017,39,1900,13.2,529.47,1,1608
102,2017,39,2000,13.2,28.703,1,1365
102,2017,39,2100,13.2,0,1,1111
102,2017,39,2200,13.2,0,1,1037
102,2017,39,2300,13.2,0,1,974
101,2017,39,2400,13.2,24287,23.94
102,2017,39,2400,13.21,0,1,832
102,2017,40,100,13.21,0,1,692.5
102,2017,40,200,13.21,0,1,602.6
102,2017,40,300,13.22,0,.983,551.8
102,2017,40,400,13.22,0,.933,551.5
102,2017,40,500,13.23,0,.816,503.7
102,2017,40,600,13.23,0,.7,490.9
102,2017,40,700,13.24,0,.816,505.6
102,2017,40,800,13.24,61.19,.866,507.3
102,2017,40,900,13.26,258.18,1,755
102,2017,40,1700,13.23,971.71,.45,1566
102,2017,40,1800,13.22,1407.9,1,1620
102,2017,40,1900,13.21,513.24,1,1572
102,2017,40,2000,13.2,16.961,1,1421
102,2017,40,2100,13.2,0,1,1220
102,2017,40,2200,13.2,0,1,844
102,2017,40,2300,13.2,0,1,787
101,2017,40,2400,13.2,2909.8,7.45
102,2017,40,2400,13.2,0,1,742
102,2017,41,100,13.2,0,1,669.5
102,2017,41,200,13.2,0,1,622.8
102,2017,41,300,13.2,0,.966,547.2
102,2017,41,400,13.2,0,.983,553.7
102,2017,41,500,13.21,0,.95,547
102,2017,41,600,13.22,0,.716,498.8
102,2017,41,700,13.22,0,.417,410
102,2017,41,800,13.22,62.653,.783,619.3
102,2017,41,900,13.24,270.49,1,945
102,2017,41,1000,13.24,1028.4,1,1107
102,2017,41,1100,13.24,2540.9,1,1229
102,2017,41,1200,13.23,3170.3,1,1414
102,2017,41,1300,13.22,3530.1,1,1495
102,2017,41,1400,13.22,3485.2,1,1609
102,2017,41,1500,13.22,3462.2,1,1661
102,2017,41,1600,13.21,3034.8,1,1693
102,2017,41,1700,13.21,2324.6,1,1656
102,2017,41,1800,13.21,1479,1,1635
102,2017,41,1900,13.2,493.9,1,1573
102,2017,41,2000,13.2,22.99,1,1373
102,2017,41,2100,13.2,0,1,1032
102,2017,41,2200,13.2,0,1,727
102,2017,41,2300,13.19,0,1,679.9
101,2017,41,2400,13.19,24905,22.81
102,2017,41,2400,13.2,0,1,618.9
102,2017,42,100,13.2,0,1,573.1
102,2017,42,200,13.2,0,1,562.9
102,2017,42,300,13.2,0,.966,574.7
102,2017,42,400,13.2,0,1,609.7
102,2017,42,500,13.21,0,1,612.4
102,2017,42,600,13.22,0,1,898
102,2017,42,700,13.22,0,1,990
102,2017,42,800,13.22,65.986,1,962
102,2017,42,900,13.24,434.38,1,1050
102,2017,42,1000,13.24,1036.1,1,1170
102,2017,42,1100,13.23,2186.3,1,1282
102,2017,42,1200,13.23,2970.5,1,1389
102,2017,42,1300,13.22,3237,1,1497
102,2017,42,1400,13.22,3454.7,1,1547
102,2017,42,1500,13.21,1984.5,1,1542
102,2017,42,1600,13.2,2200,1,1577
102,2017,42,1700,13.2,1898.7,1,1599
102,2017,42,1800,13.19,1241.6,1,1559
102,2017,42,1900,13.19,349.25,1,1426
102,2017,42,2000,13.19,12.064,1,1304
102,2017,42,2100,13.19,0,1,1134
102,2017,42,2200,13.19,0,1,914
102,2017,42,2300,13.2,0,1,798
101,2017,42,2400,13.19,21071,23.96
102,2017,42,2400,13.2,0,1,669.4
102,2017,43,100,13.21,0,1,605
102,2017,43,200,13.21,0,1,632.7
102,2017,43,300,13.21,0,1,594.7
102,2017,43,400,13.21,0,.983,571.3
102,2017,43,500,13.22,0,.9,564.6
102,2017,43,600,13.22,0,.766,531.8
102,2017,43,700,13.23,0,.383,463.7
102,2017,43,800,13.23,65.898,.483,456.3
102,2017,43,900,13.24,235.66,.983,647.9
102,2017,43,1000,13.24,888.44,1,1043
102,2017,43,1100,13.24,2490.7,1,1259
102,2017,43,1200,13.23,3107.6,1,1376
102,2017,43,1300,13.22,3461.9,1,1465
102,2017,43,1400,13.22,3561.8,1,1538
102,2017,43,1500,13.21,3413.3,1,1613
102,2017,43,1600,13.2,3040,1,1672
102,2017,43,1700,13.2,1891.4,1,1669
102,2017,43,1800,13.2,694.91,1,1643
102,2017,43,1900,13.2,204.74,1,1482
102,2017,43,2000,13.19,7.2619,1,1302
102,2017,43,2100,13.19,0,1,1155
102,2017,43,2200,13.2,0,1,967
102,2017,43,2300,13.2,0,1,876
101,2017,43,2400,13.19,23064,22.49
102,2017,43,2400,13.2,0,1,860
102,2017,44,100,13.2,0,1,704
102,2017,44,200,13.2,0,1,603.6
102,2017,44,300,13.2,0,.883,551
102,2017,44,400,13.2,0,.65,514.4
102,2017,44,500,13.21,0,1,626.7
102,2017,44,600,13.21,0,1,593
102,2017,44,700,13.22,0,.933,627.6
102,2017,44,800,13.23,55.001,1,803
102,2017,44,900,13.24,233.11,1,891
102,2017,44,1000,13.24,884.86,1,1061
102,2017,44,1100,13.24,2522.3,1,1221
102,2017,44,1200,13.23,3137.7,1,1350
102,2017,44,1300,13.22,3508.6,1,1448
102,2017,44,1400,13.22,3597.1,1,1535
102,2017,44,1500,13.21,3376.3,1,1615
102,2017,44,1600,13.21,2922,1,1656
102,2017,44,1700,13.2,646.01,1,1609
102,2017,44,1800,13.2,558.29,1,1471
102,2017,44,1900,13.2,193.57,1,1306
102,2017,44,2000,13.2,8.466,1,1102
102,2017,44,2100,13.2,0,1,1010
102,2017,44,2200,13.2,0,1,937
102,2017,44,2300,13.2,0,1,806
101,2017,44,2400,13.2,21643,23.46
102,2017,44,2400,13.2,0,1,747
102,2017,45,100,13.21,0,1,783
102,2017,45,200,13.2,0,1,738
102,2017,45,300,13.2,0,1,662.2
102,2017,45,400,13.21,0,1,637.7
102,2017,45,500,13.21,0,1,607
102,2017,45,600,13.22,0,1,610.2
102,2017,45,700,13.22,0,1,595.6
102,2017,45,800,13.22,54.098,1,582.2
102,2017,45,900,13.23,357.16,1,675.1
102,2017,45,1000,13.24,945.9,1,900
102,2017,45,1100,13.23,2441,1,1206
102,2017,45,1200,13.22,2896.8,1,1412
102,2017,45,1300,13.22,2704.5,1,1435
102,2017,45,1400,13.21,2583.4,1,1507
102,2017,45,1500,13.2,2150.7,1,1480
102,2017,45,1600,13.21,804.3,.95,1050
102,2017,45,1700,13.2,1115,1,1344
102,2017,45,1800,13.2,773,1,1383
102,2017,45,1900,13.2,320.1,1,1378
102,2017,45,2000,13.2,18.306,1,1272
102,2017,45,2100,13.2,0,1,1155
102,2017,45,2200,13.2,0,1,1034
102,2017,45,2300,13.2,0,1,960
101,2017,45,2400,13.2,17164,23.94
102,2017,45,2400,13.2,0,1,915
102,2017,46,100,13.21,0,1,905
102,2017,46,200,13.21,0,1,949
102,2017,46,300,13.21,0,1,1081
102,2017,46,400,13.22,0,1,1127
102,2017,46,500,13.22,0,1,1136
102,2017,46,600,13.22,0,1,1105
102,2017,46,700,13.23,0,1,1109
102,2017,46,800,13.23,68.638,1,1088
102,2017,46,900,13.24,440.43,1,1066
102,2017,46,1000,13.24,1188.9,.933,1045
102,2017,46,1100,13.23,1927.5,1,1326
102,2017,46,1200,13.22,3440.5,1,1475
102,2017,46,1300,13.21,334.5,.083,-6999
102,2017,46,1400,13.2,4073.4,.7,-6999
102,2017,46,1500,13.19,1645,.417,1438
102,2017,46,1600,13.19,2858.1,.966,-6999
102,2017,46,1700,13.18,2196.8,.916,1224
102,2017,46,1800,13.18,1634.5,.966,1484
102,2017,46,1900,13.18,419.98,1,1480
102,2017,46,2000,13.19,27.242,1,1524
102,2017,46,2100,13.19,0,1,1496
102,2017,46,2200,13.19,0,1,1453
102,2017,46,2300,13.19,0,1,1372
101,2017,46,2400,13.18,8781.6,9.26
102,2017,46,2400,13.19,0,1,1344
102,2017,47,100,13.19,0,1,1243
102,2017,47,200,13.19,0,1,1173
102,2017,47,300,13.19,0,1,1165
102,2017,47,400,13.19,0,1,1168
102,2017,47,500,13.2,0,1,1179
102,2017,47,600,13.2,0,1,1170
102,2017,47,700,13.21,0,1,1115
102,2017,47,800,13.21,46.954,1,1134
102,2017,47,900,13.22,190.98,1,1105
102,2017,47,1000,13.22,868.83,.983,1102
102,2017,47,1100,13.22,2656.1,1,1250
102,2017,47,1200,13.2,3247.4,1,1500
102,2017,47,1300,13.2,3647.4,1,1562
102,2017,47,1400,13.2,3238.1,1,1600
102,2017,47,1500,13.19,1501.5,1,1604
102,2017,47,1600,13.19,1336.9,1,1492
102,2017,47,1700,13.19,1154.5,1,1493
102,2017,47,1800,13.19,44.454,.15,3.344
102,2017,47,1900,13.19,110.15,.933,778
102,2017,47,2000,13.2,3.0766,1,1100
102,2017,47,2100,13.2,0,1,1164
102,2017,47,2200,13.2,0,1,1139
102,2017,47,2300,13.2,0,1,1097
101,2017,47,2400,13.19,157.68,6.081
102,2017,47,2400,13.21,0,1,1108
102,2017,48,100,13.2,0,1,917
102,2017,48,200,13.21,0,1,787
102,2017,48,300,13.21,0,1,737
102,2017,48,400,13.22,0,1,675.5
102,2017,48,500,13.22,0,1,660.6
102,2017,48,600,13.23,0,1,676.9
102,2017,48,700,13.23,0,1,683.5
102,2017,48,800,13.24,44.86,1,673
102,2017,48,900,13.24,225.77,1,769
102,2017,48,1000,13.25,732.94,1,972
102,2017,48,1100,13.25,1973.6,1,1019
102,2017,48,1200,13.24,2290.5,1,1056
102,2017,48,1600,13.24,159.76,.133,907
102,2017,48,1700,13.23,288.04,.25,-572.8
102,2017,48,1800,13.24,191.58,.333,-416.9
102,2017,48,2200,13.25,0,.283,758
102,2017,48,2300,13.24,0,1,847
101,2017,48,2400,13.24,0,2.282
102,2017,48,2400,13.24,0,1,906
102,2017,49,100,13.24,0,1,935
102,2017,49,200,13.24,0,1,902
102,2017,49,300,13.24,0,1,881
102,2017,49,400,13.24,0,1,895
102,2017,49,500,13.24,0,1,909
102,2017,49,600,13.25,0,1,883
102,2017,49,700,13.26,0,1,842
102,2017,49,800,13.25,57.62,1,497.2
102,2017,49,900,13.26,393.27,1,655.3
102,2017,49,1000,13.25,1012.1,1,632.8
102,2017,49,1100,13.25,1203.4,1,774
102,2017,49,1200,13.26,3193.8,1,960
102,2017,49,1300,13.24,2618.2,1,1157
102,2017,49,1400,13.24,2449.8,1,1200
102,2017,49,1600,13.26,90.849,.033,1007
102,2017,49,1700,13.24,2062.9,1,1316
102,2017,49,1800,13.23,1363.9,1,1181
102,2017,49,1900,13.23,336.12,1,1183
102,2017,49,2000,13.23,15.538,1,1123
102,2017,49,2100,13.23,0,1,1046
102,2017,49,2200,13.23,0,.55,466.7
102,2017,49,2300,13.23,0,.866,738
101,2017,49,2400,13.23,3869.3,7.43
102,2017,49,2400,13.23,0,.983,1134
102,2017,50,100,13.24,0,.85,595.9
102,2017,50,200,13.24,0,1,766
102,2017,50,300,13.24,0,1,1043
102,2017,50,400,13.24,0,1,982
102,2017,50,500,13.24,0,1,884
102,2017,50,600,13.25,0,1,865
102,2017,50,700,13.25,0,1,879
102,2017,50,800,13.26,68.458,1,884
102,2017,50,900,13.26,354.81,1,733
102,2017,50,1000,13.27,767.78,1,766
102,2017,50,1100,13.26,2329.8,1,1004
102,2017,50,1200,13.25,2686,1,1184
102,2017,50,1300,13.25,3434.3,1,1235
102,2017,50,1400,13.24,2088.1,.933,958
102,2017,50,1500,13.24,1790.6,1,1123
102,2017,50,1600,13.24,3225.2,1,1276
102,2017,50,1700,13.23,228.33,.683,-6999
102,2017,50,1800,13.24,110.37,.55,-18.66
102,2017,50,1900,13.24,106.82,.8,159.9
102,2017,50,2000,13.06,29.872,.083,498.7
102,2017,50,2100,12.81,30.68,.033,407.7
102,2017,50,2200,12.68,7.1962,.117,132.9
102,2017,50,2300,12.5,8.9735,0,366
101,2017,50,2400,12.5,16.17,.533
102,2017,50,2400,13.26,0,.417,384.1
102,2017,51,100,13.26,0,.883,444.4
102,2017,51,200,13.26,0,.033,558.6
102,2017,51,300,13.26,0,0,777
102,2017,51,400,13.26,0,.133,551.9
102,2017,51,500,13.27,0,.866,309
102,2017,51,600,13.27,0,1,275.8
102,2017,51,700,13.27,0,.55,163.8
102,2017,51,800,13.27,56.054,.533,199.5
102,2017,51,900,13.08,234.13,.466,397.1
102,2017,51,1000,13.29,660.9,.75,-172.9
102,2017,51,1100,13.29,2647.7,.367,180.8
102,2017,51,1200,13.28,3299.4,.533,444.7
102,2017,51,1300,13.27,3638.9,.783,558.4
102,2017,51,1400,13.26,3788.7,1,892
102,2017,51,1500,13.26,3591.6,1,1151
102,2017,51,1600,13.25,3136.2,1,1346
102,2017,51,1700,13.24,2448.2,1,1479
102,2017,51,1800,13.24,1041.7,1,1545
102,2017,51,1900,13.24,676.95,1,1560
102,2017,51,2000,13.24,48.929,1,1380
102,2017,52,900,13.29,167.69,.083,-336.7
102,2017,52,1000,13.29,684.25,.583,186.3
102,2017,52,1100,13.28,2067.9,.716,380.6
102,2017,52,1200,13.27,2456.3,.783,460.4
102,2017,52,1300,13.26,3477.8,1,708
102,2017,52,1400,13.25,3779,1,1061
102,2017,52,1500,13.25,3496.2,1,1296
102,2017,52,1600,13.24,2890.1,1,1408
102,2017,52,1700,13.24,2204.8,1,1290
102,2017,52,1800,13.24,1088.9,1,1231
102,2017,52,1900,13.24,489.17,1,1405
102,2017,52,2100,13.24,0,.533,-6999
102,2017,52,2200,13.24,.01469,.383,-6999
102,2017,52,2300,13.25,0,.866,645.8
101,2017,52,2400,13.24,.01469,2.566
102,2017,52,2400,13.25,0,.783,723
102,2017,53,100,13.26,0,.533,370.6
102,2017,53,200,13.25,0,1,597.2
102,2017,53,300,13.25,0,1,584.4
102,2017,53,400,13.26,0,1,600.9
102,2017,53,500,13.26,0,1,545.5
102,2017,53,600,13.26,0,1,521
102,2017,53,700,13.27,0,.916,432.7
102,2017,53,800,13.27,59.982,.383,310.7
102,2017,53,1000,13.29,858.24,.966,620.3
102,2017,53,1100,13.29,2295.6,1,870
102,2017,53,1200,13.28,1784.8,1,1021
102,2017,53,1300,13.27,2548.9,1,1169
102,2017,53,1400,13.27,477.86,.167,1220
102,2017,53,1500,13.26,2728,1,1298
102,2017,53,1600,13.26,2398.4,1,1359
102,2017,53,1700,13.26,2343.6,1,1373
102,2017,53,1800,13.25,941.97,1,1333
102,2017,53,1900,13.25,313.5,1,1216
102,2017,53,2000,13.25,20.216,1,1210
102,2017,53,2100,13.25,0,1,1065
102,2017,53,2200,13.25,0,1,933
102,2017,53,2300,13.25,0,1,872
101,2017,53,2400,13.25,9223.4,10.16
102,2017,53,2400,13.25,0,1,800
102,2017,54,100,13.26,0,1,756
102,2017,54,200,13.26,0,1,726
102,2017,54,300,13.26,0,1,676.6
102,2017,54,400,13.26,0,1,654.1
102,2017,54,500,13.25,0,1,581.9
102,2017,54,600,13.26,0,1,562.4
102,2017,54,700,13.26,0,1,629.9
102,2017,54,800,13.26,39.915,1,653.9
102,2017,54,900,13.27,383.5,1,643.9
102,2017,54,1000,13.27,820.4,1,939
102,2017,54,1100,13.26,2217.8,1,1186
102,2017,54,1200,13.26,2497.1,1,1378
102,2017,54,1300,13.26,3547.9,1,1411
102,2017,54,1400,13.25,3449.2,1,1428
102,2017,54,1500,13.24,3649.3,1,1488
102,2017,54,1600,13.24,2845.3,1,1458
102,2017,54,1700,13.24,854.17,.883,1198
102,2017,54,1800,13.24,338.87,1,1156
102,2017,54,1900,13.24,214.09,1,1186
102,2017,54,2000,13.24,23.895,1,1112
102,2017,54,2100,13.24,0,1,982
102,2017,54,2200,13.24,0,1,1077
102,2017,54,2300,13.24,0,1,1105
101,2017,54,2400,13.24,20881,23.87
102,2017,54,2400,13.24,0,1,1038
102,2017,55,100,13.24,0,1,1066
102,2017,55,200,13.24,0,1,969
102,2017,55,300,13.24,0,1,991
102,2017,55,400,13.24,0,1,959
102,2017,55,500,13.25,0,1,1033
102,2017,55,600,13.25,0,1,1019
102,2017,55,700,13.25,0,1,969
102,2017,55,800,13.25,19.312,1,929
102,2017,55,900,13.26,250.63,1,966
102,2017,55,1000,13.26,1159.3,1,1171
102,2017,55,1100,13.26,1815.6,1,1383
102,2017,55,1200,13.25,1863.5,1,1381
102,2017,55,1300,13.25,2378.6,1,1427
102,2017,55,1400,13.24,3368.5,1,1432
102,2017,55,1500,13.24,3532.2,.883,-6999
102,2017,55,1600,13.23,2816.2,1,1387
102,2017,55,1700,13.22,783.26,.983,-6999
102,2017,55,1900,13.26,20.45,.267,702
102,2017,55,2000,13.26,0,.083,857
102,2017,55,2100,13.26,0,.233,292.1
102,2017,55,2200,13.26,0,1,676.1
102,2017,55,2300,13.26,0,1,672.9
101,2017,55,2400,13.26,0,3.232
102,2017,55,2400,13.26,0,1,666.8
102,2017,56,100,13.26,0,1,711
102,2017,56,200,13.26,0,1,751
102,2017,56,300,13.26,0,.317,-245.8
102,2017,56,400,13.26,0,.417,-201.7
102,2017,56,500,13.26,0,.666,-168.7
102,2017,56,600,13.26,0,1,-164.2
102,2017,56,700,13.27,0,.666,-353.3
102,2017,56,800,13.27,38.953,.017,-435.1
102,2017,56,900,13.27,351.43,.566,113
102,2017,56,1000,13.27,846.3,.816,361.4
102,2017,56,1100,13.27,2257.7,1,567.4
102,2017,56,1200,13.27,3112.6,1,785
102,2017,56,1300,13.26,3522.6,1,1063
102,2017,56,1400,13.26,2460.9,1,1503
102,2017,56,1500,13.26,370.44,.75,-223.2
102,2017,56,1600,13.26,1013.7,.916,204.6
102,2017,56,1700,13.26,300.81,1,584.8
102,2017,56,1800,13.26,599.06,1,609.4
102,2017,56,1900,13.26,313.24,1,634.2
102,2017,56,2000,13.26,12.145,.95,584
102,2017,56,2100,13.26,0,.15,-6999
102,2017,56,2200,13.26,0,.933,-83
102,2017,56,2300,13.26,0,1,41.24
101,2017,56,2400,13.26,15200,19.16
102,2017,56,2400,13.27,0,1,-110.9
102,2017,57,100,13.27,0,.866,-365.5
102,2017,57,200,13.27,0,.333,-265.1
102,2017,57,300,13.27,0,.383,55.72
102,2017,57,400,13.27,0,.45,338.9
102,2017,57,500,13.28,0,.583,302.9
102,2017,57,600,13.28,0,.417,279.7
102,2017,57,700,13.29,0,0,64.98
102,2017,57,800,13.29,56.789,0,-130.2
102,2017,57,900,13.29,251.63,.15,208.1
102,2017,57,1000,13.29,537.37,.55,399
102,2017,57,1100,13.29,2510.8,.616,433.7
102,2017,57,1200,13.28,3298.3,.95,632.2
102,2017,57,1300,13.27,3695.5,1,913
102,2017,57,1400,13.27,3892.8,1,1146
102,2017,57,1500,13.26,3646.2,1,1349
102,2017,57,1600,13.26,3232.9,1,1449
102,2017,57,1700,13.25,1757.1,1,1546
102,2017,57,1800,13.24,1649.3,1,1389
102,2017,57,1900,13.24,434.05,1,1360
102,2017,57,2000,13.24,33.735,1,1269
102,2017,57,2100,13.24,0,1,1232
102,2017,57,2200,13.24,0,1,1101
102,2017,57,2300,13.24,0,1,990
101,2017,57,2400,13.08,25000,16.94
102,2017,57,2400,13.08,3.9065,.65,-6999
102,2017,58,100,12.95,10.324,.033,-12.87
102,2017,58,200,12.72,20.671,0,99
102,2017,58,300,12.82,35.71,0,246.1
102,2017,58,400,13.26,2.5113,.55,-267.4
102,2017,58,500,13.27,0,.183,-150.8
102,2017,58,600,13.27,0,.983,283.3
102,2017,58,700,13.27,0,1,386.2
102,2017,58,800,13.27,52.904,1,263.9
102,2017,58,900,13.25,234.33,.65,419.9
102,2017,58,1000,13.28,546.11,.7,317.3
102,2017,58,1100,13.27,2841.1,.65,377.8
102,2017,58,1200,13.27,3081.5,.683,342.8
102,2017,58,1300,13.27,3630.1,.933,584.5
102,2017,58,1400,13.26,3973.6,1,866
102,2017,58,1500,13.25,3624.7,1,1064
102,2017,58,1600,13.26,2323.4,1,1279
102,2017,58,1700,13.25,450,.95,1137
102,2017,58,1800,13.26,272.27,.95,778
102,2017,58,1900,13.27,281.43,1,761
102,2017,58,2000,13.27,14.737,1,671.5
102,2017,58,2100,13.27,0,.85,415.4
102,2017,58,2200,13.27,0,.183,-264.9
102,2017,58,2300,13.11,2.078,.067,-76
101,2017,58,2400,13.07,9.0757,.25
102,2017,58,2400,13.07,6.9977,0,4.244
102,2017,59,100,13.13,2.0192,0,57.8
102,2017,59,200,13.21,.30105,0,54.23
102,2017,59,300,13.27,0,0,135.1
102,2017,59,400,13.24,.20559,0,290.5
102,2017,59,500,13,7.0565,.017,295.2
102,2017,59,600,13.28,0,0,196.2
102,2017,59,700,13.28,0,0,276.2
102,2017,59,800,13.28,95.515,0,338
102,2017,59,900,12.31,436.33,0,481.9
102,2017,59,1000,13.31,175.19,.083,-300
102,2017,59,1200,13.29,2651.3,.483,24.71
102,2017,59,1300,13.29,3381.5,.583,298.6
102,2017,59,1400,13.27,2826.8,.983,634.1
102,2017,59,1500,13.27,3402.6,1,810
102,2017,59,1600,13.27,3042.8,1,1066
102,2017,59,1700,13.26,1872.1,1,1254
102,2017,59,1800,13.26,1223.3,1,1258
102,2017,59,1900,13.26,651.04,1,1246
102,2017,59,2000,13.26,58.201,1,1153
102,2017,59,2100,13.26,0,1,914
102,2017,59,2200,13.26,0,1,893
102,2017,59,2300,13.13,1.8945,.383,-83.6
101,2017,59,2400,13.07,19115,10.43
102,2017,59,2400,13.07,3.5613,0,35.14
102,2017,60,100,13.23,0,.65,-228.3
102,2017,60,200,13.27,0,0,-516.9
102,2017,60,300,13.27,0,0,-538.3
102,2017,60,400,13.27,0,0,-527.6
102,2017,60,500,13.27,0,0,-515.1
102,2017,60,600,13.27,0,0,-502.5
102,2017,60,700,13.28,0,0,-549.6
102,2017,60,800,13.28,56.803,0,-571.5
102,2017,60,900,13.28,214.21,.233,-2.752
102,2017,60,1000,13.29,574.06,.35,175.6
102,2017,60,1100,13.29,2469,.25,258.4
102,2017,60,1200,13.28,2714,.6,398.5
102,2017,60,1300,13.27,3413.3,.966,754
102,2017,60,1400,13.27,3184,1,1022
102,2017,60,1500,13.26,3482.2,1,1204
102,2017,60,1600,13.26,2848.6,1,1414
102,2017,60,1700,13.25,1960.6,1,1457
102,2017,60,1800,13.25,1125,.75,846
102,2017,60,1900,13.26,10.669,.1,283.9
102,2017,60,2000,13.22,9.2889,0,1398
102,2017,60,2100,13.14,1.5273,.317,528.1
102,2017,60,2200,13.26,.69757,.666,-112.5
102,2017,60,2300,13.26,0,.916,278.6
101,2017,60,2400,13.14,22.183,2.782
102,2017,60,2400,13.26,0,.783,218.6
102,2017,61,100,13.26,0,.616,245
102,2017,61,200,13.27,0,.533,239.5
102,2017,61,300,13.27,0,.516,297.9
102,2017,61,400,13.27,0,.183,269.9
102,2017,61,500,13.27,0,.05,201.6
102,2017,61,600,13.27,0,0,11.4
102,2017,61,700,13.28,0,0,-222.3
102,2017,61,800,13.28,54.822,0,-429.5
102,2017,61,900,13.29,215.94,.083,-177.4
102,2017,61,1000,13.29,549.69,.5,34.27
102,2017,61,1100,13.28,2651.1,.65,287.6
102,2017,61,1200,13.28,3313.8,.933,581.9
102,2017,61,1300,13.27,3116.7,1,849
102,2017,61,1400,13.27,3740.2,1,1090
102,2017,61,1500,13.26,3655.9,1,1315
102,2017,61,1600,13.26,2495,1,1456
102,2017,61,1700,13.25,2394.5,1,1414
102,2017,61,1800,13.24,1449.7,1,1357
102,2017,61,1900,13.24,358.53,1,1180
102,2017,61,2000,13.25,20.81,1,1184
102,2017,61,2100,13.25,0,1,1083
102,2017,61,2200,13.26,0,1,912
102,2017,61,2300,13.26,0,1,842
101,2017,61,2400,13.24,24017,16.06
102,2017,61,2400,13.26,0,1,804
102,2017,62,100,13.26,0,1,686.1
102,2017,62,200,13.26,0,1,648
102,2017,62,300,13.26,0,1,619.2
102,2017,62,400,13.26,0,1,589.1
102,2017,62,500,13.26,0,1,579.5
102,2017,62,600,13.26,0,1,481.2
102,2017,62,700,13.27,0,.9,393.7
102,2017,62,800,13.27,65.064,.383,240.3
102,2017,62,900,13.27,252.87,.783,375.3
102,2017,62,1000,13.27,659.84,1,528.4
102,2017,62,1100,13.27,2522.7,1,840
102,2017,62,1200,13.27,3261.9,1,1231
102,2017,62,1300,13.26,3644.8,1,1400
102,2017,62,1400,13.26,3735.6,1,1426
102,2017,62,1500,13.26,2020.5,.966,-6999
102,2017,62,1600,13.27,417.88,.55,626.1
102,2017,62,1700,13.27,1406.5,1,1031
102,2017,62,1800,13.27,1384.3,1,1133
102,2017,62,1900,13.26,132.66,1,1166
102,2017,62,2000,13.26,37.331,.883,911
102,2017,62,2100,13.26,0,0,-614.3
102,2017,62,2200,13.26,0,.383,-144.1
102,2017,62,2300,13.26,0,.766,302.7
101,2017,62,2400,13.26,3378.7,6.581
102,2017,62,2400,13.27,0,1,536.6
102,2017,63,100,13.27,.23497,1,554.3
102,2017,63,200,13.27,0,1,547.9
102,2017,63,300,13.27,0,1,521.1
102,2017,63,400,13.27,0,1,422.7
102,2017,63,500,13.28,0,.8,371.7
102,2017,63,600,13.28,0,.283,296
102,2017,63,700,13.29,0,0,81.1
102,2017,63,800,13.29,57.472,0,-186.9
102,2017,63,900,13.29,250.36,.267,159.3
102,2017,63,1000,13.29,598.15,.833,430.6
102,2017,63,1100,13.29,2510.4,1,673.9
102,2017,63,1200,13.28,3240.3,1,911
102,2017,63,1300,13.27,3294.5,1,1090
102,2017,63,1400,13.27,2539,1,1279
102,2017,63,1500,13.26,2768.2,1,1285
102,2017,63,1600,13.26,2602.7,1,1292
102,2017,63,1700,13.26,9.0687,0,-567.3
102,2017,63,1800,13.26,24.584,.666,260
102,2017,63,1900,13.27,54.653,1,780
102,2017,63,2000,13.27,13.32,.616,99.3
102,2017,63,2100,13.28,0,.966,362.1
102,2017,63,2200,13.28,.07343,1,502.3
102,2017,63,2300,13.28,0,1,543.7
101,2017,63,2400,13.26,101.7,6.248
102,2017,63,2400,13.28,0,1,482.5
102,2017,64,100,13.28,0,1,487.5
102,2017,64,200,13.29,0,1,452.4
102,2017,64,300,13.29,0,.966,275.6
102,2017,64,400,13.29,0,.7,169.6
102,2017,64,500,13.29,0,.333,162.9
102,2017,64,600,13.29,0,.067,153.1
102,2017,64,700,13.29,0,0,-105.4
102,2017,64,800,13.29,60.953,0,-197.3
102,2017,64,900,13.3,239.39,.383,206.5
102,2017,64,1000,13.29,579.63,.566,296.6
102,2017,64,1100,13.29,2627.4,.95,481.9
102,2017,64,1200,13.28,3263.8,1,710
102,2017,64,1300,13.27,3670.9,1,959
102,2017,64,1400,13.27,3666.2,1,1168
102,2017,64,1500,13.26,3568.1,1,1307
102,2017,64,1600,13.26,2757.7,1,1418
102,2017,64,1700,13.25,2254.2,1,1407
102,2017,64,1800,13.24,1527,1,1310
102,2017,64,1900,13.24,469.67,1,1255
102,2017,64,2000,13.24,10.185,1,1131
102,2017,64,2100,13.24,0,1,984
102,2017,64,2200,13.25,0,1,817
102,2017,64,2300,13.25,0,1,688.8
101,2017,64,2400,13.24,24695,18.96
102,2017,64,2400,13.25,0,1,668.5
102,2017,65,100,13.25,0,1,722
102,2017,65,200,13.26,0,1,674.5
102,2017,65,300,13.26,0,1,682.9
102,2017,65,400,13.26,0,.95,624.1
102,2017,65,500,13.26,0,1,625.8
102,2017,65,600,13.26,0,1,567.4
102,2017,65,700,13.27,0,1,525.9
102,2017,65,800,13.27,58.272,1,487.6
102,2017,65,900,13.27,254.69,1,496.3
102,2017,65,1000,13.27,651.42,1,666.3
102,2017,65,1100,13.27,2588.2,1,976
102,2017,65,1200,13.27,3274.7,1,1223
102,2017,65,1300,13.26,3679,1,1287
102,2017,65,1400,13.26,3540.6,1,1244
102,2017,65,1500,13.25,2471.2,1,1199
102,2017,65,1600,13.25,1661.7,1,1042
102,2017,65,1700,13.26,2108.8,1,986
102,2017,65,1800,13.26,1786,1,1166
102,2017,65,1900,13.25,677.17,.966,-6999
102,2017,65,2000,13.25,19.636,1,1169
102,2017,65,2100,13.26,0,.933,540.6
102,2017,65,2200,13.26,0,1,615.2
102,2017,65,2300,13.26,0,1,628.4
101,2017,65,2400,13.25,22771,23.84
102,2017,65,2400,13.26,0,1,670.3
102,2017,66,100,13.26,0,.45,317.5
102,2017,66,200,13.26,0,.95,564.9
102,2017,66,300,13.26,0,1,657.7
102,2017,66,400,13.26,0,1,722
102,2017,66,500,13.27,0,1,712
102,2017,66,600,13.27,0,1,689.2
102,2017,66,700,13.27,0,1,671.8
102,2017,66,800,13.27,85.073,1,689.3
102,2017,66,900,13.27,504.58,1,745
102,2017,66,1000,13.27,855.28,1,895
102,2017,66,1100,13.27,2595.9,1,1090
102,2017,66,1200,13.26,3284.9,1,1216
102,2017,66,1300,13.26,3725.2,1,1256
102,2017,66,1400,13.25,3410.9,1,1276
102,2017,66,1500,13.24,3533.7,1,1332
102,2017,66,1600,13.24,2960.2,1,1393
102,2017,66,1700,13.23,2147.6,1,1385
102,2017,66,1800,13.24,161.29,.8,-6999
102,2017,66,1900,13.24,60.163,.683,414.4
102,2017,66,2000,13.24,14.194,1,708
102,2017,66,2100,13.24,0,1,709
102,2017,66,2200,13.24,0,1,797
102,2017,66,2300,13.25,0,1,684.9
101,2017,66,2400,13.23,23339,22.87
102,2017,66,2400,13.25,0,1,648.5
102,2017,67,100,13.25,0,1,726
102,2017,67,200,13.26,0,1,736
102,2017,67,300,13.26,0,1,682.1
102,2017,67,400,13.26,0,1,564.2
102,2017,67,500,13.26,0,.85,382.5
102,2017,67,600,13.27,0,.583,269
102,2017,67,700,13.27,0,.45,217
102,2017,67,800,13.27,78.119,.983,361.3
102,2017,67,900,13.27,252.63,1,430.3
102,2017,67,1000,13.27,684.82,1,619.9
102,2017,67,1100,13.26,2638.2,1,926
102,2017,67,1200,13.26,3270.6,1,1160
102,2017,67,1300,13.26,3679.5,1,1259
102,2017,67,1400,13.25,3750.9,1,1351
102,2017,67,1500,13.24,3538.7,1,1458
102,2017,67,1600,13.24,3031.7,1,1464
102,2017,67,1700,13.23,2386.7,1,1455
102,2017,67,1800,13.22,1519.6,1,1452
102,2017,67,1900,13.22,288.93,1,1257
102,2017,67,2000,13.22,23.588,1,1108
102,2017,67,2100,13.22,0,1,1029
102,2017,67,2200,13.22,0,1,888
102,2017,67,2300,13.23,0,1,684.8
101,2017,67,2400,13.22,25144,22.86
102,2017,67,2400,13.23,0,1,627.7
102,2017,68,100,13.23,0,1,600.7
102,2017,68,200,13.23,0,1,587.4
102,2017,68,300,13.23,.08812,1,719
102,2017,68,400,13.24,.19092,.117,-6999
102,2017,68,500,13.25,1.8945,.55,-107.2
102,2017,68,600,13.25,0,1,459.4
102,2017,68,700,13.26,0,1,428.4
102,2017,68,800,13.26,98.548,1,419.9
102,2017,68,900,13.26,461.22,1,438.7
102,2017,68,1000,13.27,882.7,1,512.8
102,2017,68,1100,13.27,2515.9,1,690.2
102,2017,68,1200,13.26,3124.1,1,938
102,2017,68,1300,13.26,3614.7,1,1010
102,2017,68,1400,13.25,2975.2,1,1049
102,2017,68,1500,13.24,2258.1,1,1068
102,2017,68,2000,13.26,4.5599,.85,831
102,2017,68,2100,13.25,0,1,680
102,2017,68,2200,13.25,0,1,729
102,2017,68,2300,13.25,0,1,751
101,2017,68,2400,13.25,4.5599,4.848
102,2017,68,2400,13.25,0,1,789
102,2017,69,100,13.26,0,1,645.2
102,2017,69,200,13.26,0,1,611.1
102,2017,69,300,13.26,0,1,581.4
102,2017,69,400,13.27,0,1,608
102,2017,69,500,13.27,0,1,580.1
102,2017,69,600,13.27,0,1,552
102,2017,69,700,13.27,0,1,537.5
102,2017,69,800,13.27,86.702,1,498.1
102,2017,69,900,13.27,346.3,1,510.2
102,2017,69,1000,13.27,857.5,1,670.3
102,2017,69,1100,13.26,1836.3,1,953
102,2017,69,1200,13.26,2933.7,1,1161
102,2017,69,1300,13.26,2976,.8,1318
102,2017,69,1400,13.25,3685.5,1,1361
102,2017,69,1500,13.24,2666.4,1,1364
102,2017,69,1600,13.24,2924.1,1,1406
102,2017,69,1700,13.24,2182,1,1409
102,2017,69,1800,13.22,1507.6,1,1430
102,2017,69,1900,13.23,535.61,1,1239
102,2017,69,2000,13.23,26.517,1,1100
102,2017,69,2100,13.23,0,1,1034
102,2017,69,2200,13.24,0,1,919
102,2017,69,2300,13.24,0,1,847
101,2017,69,2400,13.22,16504,11.8
102,2017,69,2400,13.24,0,1,764
102,2017,70,100,13.24,0,1,698.4
102,2017,70,200,13.24,0,1,641.4
102,2017,70,300,13.24,0,1,576.7
102,2017,70,400,13.24,0,1,486.4
102,2017,70,500,13.25,0,1,498
102,2017,70,600,13.25,0,1,597.4
102,2017,70,700,13.26,0,1,562.8
102,2017,70,800,13.26,84.194,.983,451.8
102,2017,70,900,13.26,362.23,1,661.8
102,2017,70,1000,13.25,799.19,1,1034
102,2017,70,1100,13.26,2649.1,1,1208
102,2017,70,1200,13.25,3256.8,1,1328
102,2017,70,1300,13.24,3638.4,1,1419
102,2017,70,1400,13.24,3736.5,1,1478
102,2017,70,1500,13.23,3416.9,1,1521
102,2017,70,1600,13.23,2553.1,1,1502
102,2017,70,1700,13.22,2410.8,1,1504
102,2017,70,1800,13.22,1653,1,1497
102,2017,70,1900,13.21,335.65,1,1401
102,2017,70,2000,13.21,27.432,1,1176
102,2017,70,2100,13.21,0,1,1003
102,2017,70,2200,13.21,0,1,816
102,2017,70,2300,13.21,0,1,730
101,2017,70,2400,13.21,24923,23.97
102,2017,70,2400,13.22,0,1,675.1
102,2017,71,100,13.22,0,1,662.7
102,2017,71,200,13.22,0,.933,541
102,2017,71,300,13.23,0,.65,437.5
102,2017,71,400,13.23,0,.866,518.8
102,2017,71,500,13.23,0,1,879
102,2017,71,600,13.24,0,1,982
102,2017,71,700,13.24,0,1,979
102,2017,71,800,13.25,103.32,1,963
102,2017,71,900,13.26,378.38,1,1024
102,2017,71,1000,13.25,815.01,1,1126
102,2017,71,1100,13.25,2461.1,1,1266
102,2017,71,1200,13.24,3132.8,1,1413
102,2017,71,1300,13.23,3635.7,1,1461
102,2017,71,1400,13.22,3694.3,1,1537
102,2017,71,1500,13.22,3490.3,.966,1521
102,2017,71,1600,13.22,3027.7,1,1602
102,2017,71,1700,13.2,2210.6,1,1582
102,2017,71,1800,13.21,1354.8,1,1556
102,2017,71,1900,13.21,526.44,1,1526
102,2017,71,2000,13.2,20.097,1,1457
102,2017,71,2100,13.21,0,1,1210
102,2017,71,2200,13.2,0,1,941
102,2017,71,2300,13.2,0,1,932
101,2017,71,2400,13.2,24850,23.41
102,2017,71,2400,13.2,0,1,893
102,2017,72,100,13.21,0,1,817
102,2017,72,200,13.21,0,1,962
102,2017,72,300,13.22,0,1,1092
102,2017,72,400,13.22,0,1,1097
102,2017,72,500,13.23,0,1,1058
102,2017,72,600,13.23,0,1,1002
102,2017,72,700,13.24,0,1,958
102,2017,72,800,13.24,61.917,1,881
102,2017,72,900,13.26,220.03,1,998
102,2017,72,1000,13.24,710.87,1,1086
102,2017,72,1100,13.24,2642.8,1,1191
102,2017,72,1200,13.23,3273.5,1,1326
102,2017,72,1300,13.23,3683,1,1438
102,2017,72,1400,13.22,3767.1,1,1503
102,2017,72,1500,13.22,3549.5,1,1560
102,2017,72,1600,13.21,3063.8,1,1614
102,2017,72,1700,13.21,2350.1,1,1617
102,2017,72,1800,13.2,1505.4,1,1602
102,2017,72,1900,13.2,517.39,1,1329
102,2017,72,2000,13.2,13.702,1,1130
102,2017,72,2100,13.19,0,1,968
102,2017,72,2200,13.2,0,1,837
102,2017,72,2300,13.2,0,1,720
101,2017,72,2400,13.19,25359,23.99
102,2017,72,2400,13.2,0,1,675.3
102,2017,73,100,13.21,0,1,617.5
102,2017,73,200,13.2,0,1,555.8
102,2017,73,300,13.21,0,1,573.4
102,2017,73,400,13.22,0,1,654.8
102,2017,73,800,13.27,7.5486,.05,457.7
102,2017,73,900,13.24,230.26,1,770
102,2017,73,1000,13.24,755.76,1,1036
102,2017,73,1100,13.24,2466.2,1,1166
102,2017,73,1200,13.23,3170,1,1288
102,2017,73,1300,13.22,3451.6,1,1371
102,2017,73,1400,13.22,3490.6,1,1464
102,2017,73,1500,13.22,3403.3,1,1530
102,2017,73,1600,13.21,2562.2,1,1566
102,2017,73,1700,13.2,2080.2,1,1574
102,2017,73,1800,13.2,1259.2,1,1507
102,2017,73,1900,13.2,441.75,1,1307
102,2017,73,2000,13.2,22.784,1,1151
102,2017,73,2100,13.2,0,.716,827
102,2017,73,2200,13.21,0,.983,769
102,2017,73,2300,13.2,0,1,796
101,2017,73,2400,13.2,23341,15.74
102,2017,73,2400,13.21,0,1,726
102,2017,74,900,13.26,218.53,.65,648.8
102,2017,74,1100,13.24,1783.9,.633,1087
102,2017,74,1200,13.24,3116,1,1226
102,2017,74,1300,13.22,2294.7,.983,1166
102,2017,74,1400,13.22,2733.8,.983,1244
102,2017,74,1500,13.22,2023.7,1,1413
102,2017,74,1600,13.21,2026.3,1,1313
102,2017,74,1700,13.22,160.92,.083,850
102,2017,74,1800,13.21,1167.1,.933,-6999
102,2017,74,1900,13.22,4.2152,.6,494.5
102,2017,74,2000,13.23,0,1,1095
102,2017,74,2100,13.23,0,.816,1670
102,2017,74,2200,13.23,0,.583,561.7
102,2017,74,2300,13.23,0,1,539.3
101,2017,74,2400,13.22,6.2052,4.998
102,2017,74,2400,13.23,1.99,1,605.9
102,2017,75,100,13.24,.73433,1,671.1
102,2017,75,200,13.24,0,1,716
102,2017,75,300,13.24,0,1,703
102,2017,75,400,13.24,0,1,668.4
102,2017,75,500,13.24,0,1,600.5
102,2017,75,600,13.25,0,1,593.5
102,2017,75,700,13.25,0,1,526.2
102,2017,75,800,13.25,120.05,1,574.4
102,2017,75,900,13.25,561.45,1,591
102,2017,75,1000,13.26,1027.9,1,782
102,2017,75,1200,13.26,1593.8,.633,1059
102,2017,75,1300,13.24,3318.4,1,1229
102,2017,75,1400,13.24,3068.5,1,1347
102,2017,75,1500,13.24,2793.7,1,1237
102,2017,75,1600,13.23,1955.9,1,1265
102,2017,75,1700,13.23,929.85,1,1293
102,2017,75,1900,12.89,.99865,.233,2061
102,2017,75,2000,13.04,5.0079,.483,1869
102,2017,75,2100,13.06,4.6113,.083,1708
102,2017,75,2200,13.16,1.3291,0,1660
102,2017,75,2300,13.04,5.1914,0,1710
101,2017,75,2400,12.96,4.1047,0
102,2017,75,2400,12.96,4.1047,0,1841
102,2017,76,100,12.86,28.528,0,1644
102,2017,76,200,12.87,4.1195,.616,1106
102,2017,76,300,13.27,0,1,1310
102,2017,76,400,13.27,.38182,.7,345.4
102,2017,76,500,13.27,0,.017,-488.2
102,2017,76,600,13.28,0,.033,-593.1
102,2017,76,700,13.28,0,0,-762
102,2017,76,800,13.29,59.234,0,-661.9
102,2017,76,900,13.29,328.92,.167,-260.5
102,2017,76,1000,13.29,931.89,.3,51.81
102,2017,76,1100,13.29,2486.5,.4,295.6
102,2017,76,1200,13.28,3277.5,1,591.4
102,2017,76,1300,13.28,3111.5,1,752
102,2017,76,1400,13.27,2802.3,1,853
102,2017,76,1500,13.27,2227.4,1,986
102,2017,76,1600,13.27,589.5,.283,993
102,2017,76,1700,13.27,1376,1,1045
102,2017,76,1800,13.26,1019.5,1,1049
102,2017,76,1900,13.26,444.87,1,1003
102,2017,76,2000,13.26,28.549,1,860
102,2017,76,2100,13.26,0,1,719
102,2017,76,2200,13.26,0,1,627.3
102,2017,76,2300,13.26,0,1,503.9
101,2017,76,2400,13.26,3458.4,8.18
102,2017,76,2400,13.26,0,.9,282.1
102,2017,77,100,13.27,0,.7,144.9
102,2017,77,200,13.27,0,.766,228.4
102,2017,77,300,13.27,0,.317,-183.2
102,2017,77,400,13.27,0,.6,-16.89
102,2017,77,500,13.27,0,.666,9.51
102,2017,77,600,13.27,0,.533,-98.2
102,2017,77,700,13.28,0,.083,-353.4
102,2017,77,800,13.29,85.675,0,-436.6
102,2017,77,900,13.29,217.34,.466,43.69
102,2017,77,1000,13.28,820.31,.716,375.6
102,2017,77,1100,13.27,2664.7,1,742
102,2017,77,1200,13.27,3022.1,1,1063
102,2017,77,1300,13.26,3703,1,1402
102,2017,77,1400,13.26,3846.1,1,1629
102,2017,77,1500,13.26,3633.2,1,1666
102,2017,77,1600,13.25,3127.8,1,1623
102,2017,77,1700,13.26,401.18,.2,1404
102,2017,77,1800,13.24,1633.5,1,1473
102,2017,77,1900,13.24,785.06,.483,4.241
102,2017,77,2000,13.24,28.03,1,1168
102,2017,77,2100,13.24,0,1,1238
102,2017,77,2200,13.24,0,1,989
102,2017,77,2300,13.24,0,1,876
101,2017,77,2400,13.24,2847.8,6.681
102,2017,77,2400,13.24,0,1,832
102,2017,78,100,13.24,0,1,752
102,2017,78,200,13.24,0,1,732
102,2017,78,300,13.24,0,1,582.4
102,2017,78,400,13.24,0,1,528.6
102,2017,78,500,13.25,0,1,494.4
102,2017,78,600,13.26,0,1,220.9
102,2017,78,700,13.26,0,.683,-124
102,2017,78,800,13.26,91.023,.25,-295.7
102,2017,78,900,13.26,282.22,.916,171.4
102,2017,78,1000,13.26,828.69,1,672.4
102,2017,78,1100,13.26,2492.7,1,1066
102,2017,78,1200,13.26,3155,1,1390
102,2017,78,1300,13.25,2926.3,1,1463
102,2017,78,1400,13.25,3619,1,1456
102,2017,78,1500,13.24,3514.3,1,1471
102,2017,78,1600,13.24,3028.3,1,1473
102,2017,78,1700,13.23,2360.1,1,1500
102,2017,78,1800,13.23,1492.3,1,1466
102,2017,78,1900,13.22,465.72,1,1198
102,2017,78,2000,13.22,11.302,1,1125
102,2017,78,2100,13.22,0,1,1004
102,2017,78,2200,13.22,0,1,867
102,2017,78,2300,13.23,0,1,747
101,2017,78,2400,13.22,24267,22.84
102,2017,78,2400,13.23,0,1,682
102,2017,79,100,13.23,0,1,522.3
102,2017,79,200,13.24,0,1,363.7
102,2017,79,300,13.24,0,.916,226.7
102,2017,79,400,13.24,0,.816,21.18
102,2017,79,500,13.24,0,.5,-122
102,2017,79,600,13.25,0,.633,-75.2
102,2017,79,700,13.25,0,.233,-291.4
102,2017,79,800,13.25,92.001,.05,-317.4
102,2017,79,900,13.26,213.73,.966,183.3
102,2017,79,1000,13.26,485.64,.45,636.3
102,2017,79,1100,13.25,1907.3,1,849
102,2017,79,1200,13.25,2144.5,1,1180
102,2017,79,1300,13.24,3822.6,1,1387
102,2017,79,1400,13.24,3419.1,1,1415
102,2017,79,1500,13.23,3181.3,1,1384
102,2017,79,1600,13.23,2550.5,1,1332
102,2017,79,1700,13.22,2463.7,1,1355
102,2017,79,1800,13.22,1046.3,1,1059
102,2017,79,1900,13.22,309.98,.933,-6999
102,2017,79,2000,13.23,13.336,1,847
102,2017,79,2100,13.23,0,1,735
102,2017,79,2200,13.23,0,1,721
102,2017,79,2300,13.23,0,1,677
101,2017,79,2400,13.22,21344,14.38
102,2017,79,2400,13.23,0,1,576.6
102,2017,80,100,13.23,0,1,442.2
102,2017,80,200,13.23,0,.816,237.2
102,2017,80,300,13.24,0,0,-626.5
102,2017,80,400,13.24,0,.983,960
102,2017,80,500,13.24,0,1,1267
102,2017,80,600,13.24,0,.466,67.72
102,2017,80,700,13.25,0,0,-577.4
102,2017,80,800,13.25,100.86,0,-536.8
102,2017,80,900,13.25,400.25,.466,-401
102,2017,80,1000,13.26,986.68,.983,171.3
102,2017,80,1100,13.26,2707.1,1,576.3
102,2017,80,1200,13.25,3345.7,1,974
102,2017,80,1300,13.24,3407.8,1,1154
102,2017,80,1400,13.24,3189.4,1,1145
102,2017,80,1500,13.24,3243.3,1,1203
102,2017,80,1700,13.24,30.174,.533,749
102,2017,80,1800,13.26,35.283,.033,-611.8
102,2017,80,1900,13.26,86.72,.916,-137.2
102,2017,80,2000,13.26,7.6807,1,435.2
102,2017,80,2100,13.26,0,1,476.8
102,2017,80,2200,13.26,0,1,455.2
102,2017,80,2300,13.26,0,1,421
101,2017,80,2400,13.26,129.68,5.948
102,2017,80,2400,13.26,0,1,322.6
102,2017,81,100,13.26,0,1,248.1
102,2017,81,200,13.26,0,1,233.6
102,2017,81,300,13.26,0,1,218.6
102,2017,81,400,13.26,0,.783,158.8
102,2017,81,500,13.26,0,.983,217.3
102,2017,81,600,13.27,0,.816,84.4
102,2017,81,700,13.27,0,.583,-41.37
102,2017,81,800,13.27,112.25,.466,-75.9
102,2017,81,900,13.28,59.091,.183,388.6
102,2017,81,1000,13.27,940.92,1,498.8
102,2017,81,1100,13.27,2780.9,1,747
102,2017,81,1200,13.26,3310.7,1,990
102,2017,81,1300,13.26,3443.5,1,1224
102,2017,81,1400,13.26,3255.6,1,1370
102,2017,81,1500,13.25,3556,1,1491
102,2017,81,1600,13.24,3165.2,1,1483
102,2017,81,1700,13.24,2434.1,1,1423
102,2017,81,1800,13.24,1050,1,1381
102,2017,81,1900,13.24,295.39,1,1237
102,2017,81,2000,13.24,8.6359,1,1021
102,2017,81,2100,13.24,0,1,988
102,2017,81,2200,13.24,0,.716,579.5
102,2017,81,2300,13.24,0,.133,-261.7
101,2017,81,2400,13.24,24300,14.03
102,2017,81,2400,13.25,0,1,387.3
102,2017,82,100,13.25,0,1,334.5
102,2017,82,200,13.26,0,1,439.4
102,2017,82,300,13.26,0,1,248.5
102,2017,82,400,13.26,0,1,-36.29
102,2017,82,500,13.26,0,.9,-195.1
102,2017,82,600,13.26,0,.7,-415.1
102,2017,82,700,13.26,0,.516,-481.5
102,2017,82,800,13.27,108.91,.666,-368.6
102,2017,82,900,13.27,280.03,1,145.2
102,2017,82,1000,13.27,888.43,1,432.1
102,2017,82,1100,13.27,2215.6,1,721
102,2017,82,1200,13.26,2889.9,1,1045
102,2017,82,1300,13.26,3162.8,1,1278
102,2017,82,1400,13.26,3709.5,1,1376
102,2017,82,1500,13.25,3548.7,1,1368
102,2017,82,1600,13.24,3153.4,1,1370
102,2017,82,1700,13.24,1324.5,1,1330
102,2017,82,1800,13.24,924.9,1,1225
102,2017,82,1900,13.24,141.84,1,1032
102,2017,82,2000,13.24,9.6491,1,843
102,2017,82,2100,13.24,0,1,733
102,2017,82,2200,13.24,0,1,691.5
102,2017,82,2300,13.24,0,1,592.1
101,2017,82,2400,13.24,22358,22.77
102,2017,82,2400,13.24,0,1,529.6
102,2017,83,100,13.24,0,1,510.3
102,2017,83,200,13.24,0,1,400.4
102,2017,83,300,13.25,0,1,126.9
102,2017,83,400,13.25,0,.766,-112.6
102,2017,83,500,13.26,0,1,57.65
102,2017,83,600,13.26,0,.45,-236.6
102,2017,83,700,13.26,0,.533,-268.4
102,2017,83,800,13.26,111.39,.633,-281.4
102,2017,83,900,13.27,447.79,1,177.8
102,2017,83,1000,13.27,1020.7,1,504.5
102,2017,83,1100,13.26,2437.8,1,906
102,2017,83,1200,13.26,2895.9,1,1148
102,2017,83,1300,13.26,3600.3,1,1313
102,2017,83,1400,13.25,2898.6,1,1321
102,2017,83,1500,13.24,1628.4,1,1229
102,2017,83,1600,13.24,1637.7,.916,-6999
102,2017,83,1700,13.24,1395.5,.333,-236
102,2017,83,1800,13.24,1568.3,1,1008
102,2017,83,1900,13.24,456.74,1,829
102,2017,83,2000,13.25,12.52,1,844
102,2017,83,2100,13.24,0,1,711
102,2017,83,2200,13.24,0,1,684.7
102,2017,83,2300,13.24,0,1,682
101,2017,83,2400,13.24,20112,21.62
102,2017,83,2400,13.24,0,1,633
102,2017,84,100,13.24,0,1,524.7
102,2017,84,200,13.25,0,1,513.7
102,2017,84,300,13.25,0,1,411
102,2017,84,400,13.25,0,1,168.8
102,2017,84,500,13.26,0,1,62.23
102,2017,84,600,13.26,0,1,210.9
102,2017,84,700,13.26,0,.933,-23.05
102,2017,84,800,13.26,105.38,.916,-133.7
102,2017,84,900,13.27,450.85,1,226.3
102,2017,84,1000,13.27,942.27,1,536.1
102,2017,84,1100,13.26,2736.7,1,855
102,2017,84,1200,13.26,3271,1,1181
102,2017,84,1300,13.26,1194.5,1,1044
102,2017,84,1400,13.27,18.269,.067,-494.1
102,2017,84,1500,12.99,369.44,.05,1289
102,2017,84,1600,12.44,275.72,.2,-6999
102,2017,84,1700,13.27,170.13,0,1808
102,2017,84,1800,13.28,91.939,.183,1651
102,2017,84,1900,13.29,69.129,.433,1338
102,2017,84,2000,13.29,3.5249,.466,1066
102,2017,84,2100,13.28,0,.233,969
102,2017,84,2200,13.28,0,0,902
102,2017,84,2300,13.28,0,.017,815
101,2017,84,2400,12.44,986.14,1.583
102,2017,84,2400,12.93,6.2565,0,676
102,2017,85,100,13.29,0,0,485.5
102,2017,85,200,13.29,0,0,440.9
102,2017,85,300,13.29,0,0,424.2
102,2017,85,400,13.29,0,0,565.9
102,2017,85,500,13.29,0,0,852
102,2017,85,600,13.29,0,0,794
102,2017,85,700,13.29,.02937,.6,524.5
102,2017,85,800,13.3,44.063,.1,-302.7
102,2017,85,900,13.3,219.49,.067,-724
102,2017,85,1000,13.3,879.48,.233,-970
102,2017,85,1100,13.29,2773.2,.417,-534.5
102,2017,85,1200,13.29,3019.3,.583,-242.9
102,2017,85,1300,13.29,3622,.9,311.4
102,2017,85,1400,13.28,3788.6,1,639.3
102,2017,85,1500,13.27,2544.5,1,866
102,2017,85,1600,13.27,2075,1,1019
102,2017,85,1700,13.27,2414.5,1,1011
102,2017,85,1800,13.26,1234.9,1,1100
102,2017,85,1900,13.26,345.08,1,1010
102,2017,85,2000,13.26,36.451,1,738
102,2017,85,2100,13.26,0,1,649.1
102,2017,85,2200,13.26,0,1,612.2
102,2017,85,2300,13.26,0,1,488.5
101,2017,85,2400,13.26,22997,13.89
102,2017,85,2400,13.26,0,1,380.2
102,2017,86,100,13.27,0,.866,-115.9
102,2017,86,200,13.27,0,.6,-517.4
102,2017,86,300,13.27,0,.516,-629.3
102,2017,86,400,13.27,0,.383,-693.5
102,2017,86,500,13.27,0,.217,-784
102,2017,86,600,13.28,0,.583,-636.9
102,2017,86,700,13.28,0,.433,-708
102,2017,86,800,13.29,76.463,.466,-617.4
102,2017,86,900,13.29,333.89,.85,-70.9
102,2017,86,1000,13.28,925.22,1,462.1
102,2017,86,1100,13.28,2701.4,1,717
102,2017,86,1200,13.27,3346.3,1,985
102,2017,86,1300,13.27,3025.6,1,1229
102,2017,86,1400,13.26,3179,1,1369
102,2017,86,1500,13.26,3554.5,1,1476
102,2017,86,1600,13.26,3082.9,1,1457
102,2017,86,1700,13.25,2518.2,1,1399
102,2017,86,1800,13.24,1077,1,1300
102,2017,86,1900,13.24,350.89,1,1502
102,2017,86,2000,13.24,5.8086,.9,667.8
102,2017,86,2100,13.24,0,1,890
102,2017,86,2200,13.25,0,1,789
102,2017,86,2300,13.25,0,1,657
101,2017,86,2400,13.24,24177,19.81
102,2017,86,2400,13.26,0,1,655.6
102,2017,87,100,13.26,0,1,632.1
102,2017,87,200,13.26,0,1,673.8
102,2017,87,300,13.26,0,1,686.5
102,2017,87,400,13.26,0,.966,355.6
102,2017,87,500,13.27,0,.9,350.9
102,2017,87,600,13.27,0,.833,103.4
102,2017,87,700,13.27,0,1,-55.45
102,2017,87,800,13.28,110.47,1,76.3
102,2017,87,900,13.28,272.46,1,511.7
102,2017,87,1000,13.27,897.04,1,708
102,2017,87,1100,13.27,2731.6,1,1100
102,2017,87,1200,13.26,3337.1,1,1356
102,2017,87,1300,13.26,2423.1,1,1367
102,2017,87,1400,13.26,3740.1,1,1351
102,2017,87,1500,13.25,2948.5,1,1282
102,2017,87,1600,13.24,1770.2,.75,1133
102,2017,87,1700,13.24,1367,.633,198.7
102,2017,87,1800,13.25,164.97,.916,542
102,2017,87,1900,13.26,54.185,.833,472.7
102,2017,87,2000,13.26,0,.65,669.2
102,2017,87,2100,13.25,0,1,578.8
102,2017,87,2200,13.26,0,1,591
102,2017,87,2300,13.26,0,1,517.2
101,2017,87,2400,13.25,0,4.465
102,2017,87,2400,13.26,0,.816,207.4
102,2017,88,100,13.26,0,0,-554.1
102,2017,88,200,13.26,0,.083,-697.6
102,2017,88,300,13.26,0,0,-798
102,2017,88,400,13.27,0,0,-842
102,2017,88,500,13.27,0,0,-840
102,2017,88,600,13.27,0,0,-812
102,2017,88,700,13.28,0,0,-802
102,2017,88,800,13.28,100.79,0,-671.7
102,2017,88,900,13.29,309.44,.317,-396.4
102,2017,88,1000,13.29,920.97,.916,215.3
102,2017,88,1100,13.28,2683,1,641.5
102,2017,88,1200,13.27,3283.3,1,1009
102,2017,88,1300,13.27,3642,1,1158
102,2017,88,1400,13.26,3747.1,1,1199
102,2017,88,1500,13.26,3570.5,1,1199
102,2017,88,1600,13.25,3111.6,1,1212
102,2017,88,1700,13.24,2370.1,1,1200
102,2017,88,1800,13.24,1423.2,1,1222
102,2017,88,1900,13.24,445.09,1,1102
102,2017,88,2000,13.23,11.375,1,896
102,2017,88,2100,13.24,0,1,792
102,2017,88,2200,13.24,0,1,532
102,2017,88,2300,13.24,0,1,395.1
101,2017,88,2400,13.23,25619,15.31
102,2017,88,2400,13.24,0,1,374.3
102,2017,89,100,13.24,0,1,399.2
102,2017,89,200,13.24,0,1,708
102,2017,89,300,13.25,0,.566,353.7
102,2017,89,400,13.25,0,.983,224
102,2017,89,500,13.26,0,1,14.4
102,2017,89,600,13.26,0,.333,-536.6
102,2017,89,700,13.26,.05874,0,-809
102,2017,89,800,13.26,124.89,.05,-854
102,2017,89,900,13.27,592.49,.916,-156.1
102,2017,89,1000,13.27,1206.3,1,549.1
102,2017,89,1100,13.26,2800.8,1,958
102,2017,89,1200,13.26,2706.9,1,1111
102,2017,89,1300,13.25,3544.4,1,1129
102,2017,89,1400,13.25,3636,1,1117
102,2017,89,1500,13.24,3376.3,1,1155
102,2017,89,1600,13.24,1756.1,1,1142
102,2017,89,1700,13.23,2066.4,1,1109
102,2017,89,1800,13.23,1427.5,1,1115
102,2017,89,1900,13.23,484.37,1,1062
102,2017,89,2000,13.23,7.9971,1,925
102,2017,89,2100,13.23,0,1,649.3
102,2017,89,2200,13.23,0,1,377.2
102,2017,89,2300,13.23,0,1,210
101,2017,89,2400,13.23,23731,20.78
102,2017,89,2400,13.23,0,.933,54.71
102,2017,90,100,13.24,0,.8,465.3
102,2017,90,200,13.24,0,1,1302
102,2017,90,300,13.24,0,.816,574.4
102,2017,90,400,13.24,0,0,-595.5
102,2017,90,500,13.25,0,.6,-426
102,2017,90,600,13.25,0,.766,-145.7
102,2017,103,1200,13.23,1534.5,.433,1223
102,2017,103,1300,13.21,3029.1,.833,1448
102,2017,103,1400,13.22,1356.1,.367,1504
102,2017,103,1500,13.21,3401.7,1,1586
102,2017,103,1600,13.2,1227.8,.433,1539
102,2017,103,1700,13.21,2130.2,1,1541
102,2017,103,1800,13.21,1148.6,1,1509
102,2017,103,1900,13.21,325.6,1,1475
102,2017,103,2000,13.21,4.8976,.983,1218
102,2017,103,2100,13.21,0,1,1108
102,2017,103,2200,13.2,0,1,1079
102,2017,103,2300,13.2,0,1,1062
101,2017,103,2400,13.2,4837.1,8.41
102,2017,103,2400,13.21,0,1,1006
102,2017,104,100,13.22,0,1,967
102,2017,104,200,13.22,0,1,908
102,2017,104,300,13.22,0,1,1167
102,2017,104,400,13.22,0,1,987
102,2017,104,900,13.27,67.532,.15,693.7
102,2017,104,1100,13.25,2003.4,.733,1257
102,2017,104,1200,13.24,3263.1,1,1324
102,2017,104,1300,13.24,3594.7,1,1413
102,2017,104,1400,13.22,3699.9,1,1490
102,2017,104,1500,13.22,3561.1,1,1495
102,2017,104,1600,13.2,3030.7,1,1516
102,2017,104,1700,13.2,2179.6,1,1569
102,2017,104,1800,13.2,1374.8,1,1545
102,2017,105,900,13.27,374.72,.816,689.1
102,2017,105,1000,13.26,1035.5,1,965
102,2017,105,1100,13.24,2522.3,1,1133
102,2017,105,1200,13.24,3168.2,1,1187
102,2017,105,1300,13.23,2882.9,1,1195
102,2017,105,1400,13.22,2696.7,1,1265
102,2017,105,1500,13.21,2879,1,1334
102,2017,105,1600,13.21,2117.9,.766,1411
102,2017,105,1700,13.2,1962.4,1,1450
102,2017,105,1800,13.2,1158.3,1,1403
102,2017,106,1000,13.26,1017.2,.733,816
102,2017,106,1100,13.25,2584.9,1,1110
102,2017,106,1200,13.24,1936.2,1,1242
102,2017,106,1300,13.24,970.22,1,1177
102,2017,106,1400,13.23,1661.7,1,1227
102,2017,106,1500,13.24,641.73,.983,1001
102,2017,106,1600,13.24,1070.7,1,1109
102,2017,106,1700,13.23,1488.2,1,1172
102,2017,106,1800,13.23,699.34,.983,1367
102,2017,107,1000,13.29,551.37,.35,422.9
102,2017,107,1100,13.27,2309.2,1,611.9
102,2017,107,1200,13.26,2809.8,1,905
102,2017,107,1300,13.26,3050.7,1,1051
102,2017,107,1400,13.26,1324.8,1,1041
102,2017,108,1200,13.31,2206.3,.683,331.2
102,2017,108,1300,13.29,3721.2,1,645.5
102,2017,108,1400,13.28,3457.6,1,1017
102,2017,108,1500,13.27,3463.8,1,1258
102,2017,108,1600,13.27,2007.2,1,1379
102,2017,108,1700,13.26,1607.1,1,1468
102,2017,108,1800,13.26,232.99,.916,1263
102,2017,109,1000,13.31,745.96,.4,777
102,2017,109,1100,13.3,1843.1,1,857
102,2017,109,1200,13.29,301.84,.117,1035
102,2017,109,1300,13.28,2794.4,1,1056
102,2017,109,1400,13.27,732.17,.983,1294
102,2017,109,1500,13.29,65.138,.033,-249.5
102,2017,109,1600,13.27,2623,.95,584.8
102,2017,109,1700,13.27,1894.8,1,913
102,2017,109,1800,13.27,915.23,1,1054
102,2017,109,1900,13.27,212.54,1,1148
102,2017,110,900,13.31,295.2,.017,97.9
102,2017,110,1000,13.3,400.34,.2,532.8
102,2017,110,1100,13.29,2508.7,1,734
102,2017,110,1200,13.28,2724.1,1,1039
102,2017,110,1300,13.27,3671.2,1,1235
102,2017,110,1400,13.26,3349.1,1,1414
102,2017,110,1500,13.26,2465.8,1,1478
102,2017,110,1600,13.25,1033.9,1,1445
102,2017,110,1700,13.25,933.4,1,1285
102,2017,110,1800,13.26,165.05,.5,1075
102,2017,110,1900,13.26,154.61,1,928
102,2017,110,2000,13.26,2.2763,1,741
102,2017,110,2100,13.25,0,1,577.5
102,2017,110,2200,13.26,0,1,736
102,2017,110,2300,13.26,0,1,634.6
101,2017,110,2400,13.25,321.94,6.497
102,2017,110,2400,13.26,0,1,598.3
102,2017,111,100,13.26,0,1,635.8
102,2017,111,200,13.26,0,1,461.3
102,2017,111,300,13.26,0,.966,269.2
102,2017,111,400,13.27,0,1,220.9
102,2017,111,500,13.27,0,1,298.3
102,2017,111,600,13.27,0,1,231.2
102,2017,111,700,13.27,.60949,1,76.8
102,2017,111,800,13.27,191.85,1,145
102,2017,111,900,13.27,634.76,1,431.2
102,2017,111,1000,13.27,1327.3,1,656.1
102,2017,111,1100,13.27,2829.1,1,981
102,2017,111,1200,13.27,3375,1,1246
102,2017,111,1300,13.26,3051.6,1,1356
102,2017,111,1400,13.26,3677.9,1,1401
102,2017,111,1500,13.25,2341.2,1,1369
102,2017,111,1600,13.24,2976.2,1,1410
102,2017,111,1700,13.24,626.33,.317,1354
102,2017,111,1800,13.24,1287.3,1,-6999
102,2017,111,1900,12.85,16.346,.033,-6999
102,2017,111,2000,13.23,3.1062,.367,1352
102,2017,111,2100,13.25,.40387,.966,-380.3
102,2017,111,2200,13.26,0,1,-13.52
102,2017,111,2300,13.26,0,1,112.5
101,2017,111,2400,12.85,19.856,4.365
102,2017,111,2400,13.26,0,1,203.1
102,2017,112,100,13.26,0,1,298.8
102,2017,112,200,13.26,0,1,325.2
102,2017,112,300,13.26,0,1,384
102,2017,112,400,13.26,0,1,329.8
102,2017,112,500,13.27,0,1,220.7
102,2017,112,600,13.27,0,1,6.886
102,2017,112,700,13.27,1.1455,1,-210
102,2017,112,800,13.27,212.32,1,58.85
102,2017,112,900,13.27,626.74,1,291.4
102,2017,112,1000,13.27,1375.8,1,408
102,2017,112,1100,13.27,2789,1,777
102,2017,112,1200,13.26,3017.3,1,1080
102,2017,112,1300,13.26,3556.6,1,1279
102,2017,112,1400,13.25,3837.9,1,1361
102,2017,112,1500,13.24,1416.7,.8,1397
102,2017,112,1600,13.24,998.08,1,1135
102,2017,112,1700,13.25,1074,1,1015
102,2017,112,1800,13.24,672.46,1,1044
102,2017,112,1900,13.25,96.209,.966,840
102,2017,112,2000,13.26,0,.783,888
102,2017,112,2100,13.26,0,.75,354.4
102,2017,112,2200,13.26,0,1,683.4
102,2017,112,2300,13.26,0,1,611.7
101,2017,112,2400,13.26,0,4.532
102,2017,112,2400,13.26,0,1,460.5
102,2017,113,100,13.26,0,1,424.6
102,2017,113,200,13.26,0,1,259.5
102,2017,113,300,13.26,0,1,233.8
102,2017,113,400,13.27,0,1,120.1
102,2017,113,500,13.27,0,1,69.71
102,2017,113,600,13.27,0,1,74.9
102,2017,113,700,13.28,0,1,-41.14
102,2017,113,800,13.28,142.69,.883,-27.47
102,2017,113,900,13.29,469.63,1,370.3
102,2017,113,1000,13.28,1185.1,1,593.3
102,2017,113,1300,13.27,1717.5,.466,1277
102,2017,113,1400,13.26,3816,1,1334
102,2017,113,1500,13.25,3071.5,1,1309
102,2017,113,1600,13.24,2575,1,1361
102,2017,113,1700,13.23,2206.1,1,1398
102,2017,113,1800,13.23,1013.7,1,1344
102,2017,113,1900,13.23,167.92,1,1279
102,2017,113,2000,13.24,1.6743,1,955
102,2017,113,2100,13.24,0,.933,729
102,2017,113,2200,13.24,0,.633,241
102,2017,113,2300,13.24,0,1,1002
101,2017,113,2400,13.23,14569,11.03
102,2017,113,2400,13.24,0,1,1392
102,2017,114,100,13.25,0,.566,908
102,2017,114,200,13.25,0,0,-494.3
102,2017,114,300,13.25,0,.033,-573.5
102,2017,114,400,13.26,0,0,-624
102,2017,114,500,13.26,0,0,-603.3
102,2017,114,600,13.26,0,.033,-506.6
102,2017,114,700,13.26,.23497,0,-486.7
102,2017,114,800,13.26,103.59,.05,-419.7
102,2017,114,900,13.27,380.67,.533,-369.8
102,2017,114,1000,13.27,1217.1,.383,197.1
102,2017,114,1100,13.27,2228.9,1,498.9
102,2017,114,1200,13.27,2932.8,1,755
102,2017,114,1300,13.26,3385,1,1046
102,2017,114,1400,13.26,1772.4,.95,-6999
102,2017,114,1500,13.26,652.98,.633,145.6
102,2017,114,1600,13.26,621.45,.883,-442.7
102,2017,114,1700,13.27,992.18,.866,111.6
102,2017,114,1800,13.26,872.85,1,709
102,2017,114,1900,13.27,185.91,1,713
102,2017,114,2000,13.26,7.4897,1,668.9
102,2017,114,2100,13.27,0,1,631.6
102,2017,114,2200,13.27,0,1,563.1
102,2017,114,2300,13.27,0,1,558.7
101,2017,114,2400,13.25,15354,14.93
102,2017,114,2400,13.27,0,1,529.4
102,2017,115,100,13.27,0,1,595.4
102,2017,115,200,13.28,0,1,570.8
102,2017,115,300,13.28,0,.933,346.4
102,2017,115,400,13.29,0,.083,234.2
102,2017,115,500,13.29,0,0,85
102,2017,115,600,13.29,0,0,-146.3
102,2017,115,700,13.29,.63158,0,-395.5
102,2017,115,800,13.29,171.92,0,-588.2
102,2017,115,900,13.29,545.41,0,330.9
102,2017,115,1000,13.29,1217.8,.5,668.5
102,2017,115,1100,13.29,2629,1,754
102,2017,115,1200,13.28,3195,1,1016
102,2017,115,1300,13.27,3458.8,1,1245
102,2017,115,1400,13.27,3267.5,1,1322
102,2017,115,1500,13.26,2642.6,1,1334
102,2017,115,1600,13.26,1398.6,1,1304
102,2017,115,1700,13.26,997.26,1,1297
102,2017,115,1800,13.26,225.02,1,1469
102,2017,115,1900,13.26,6.3517,.1,-617.8
102,2017,115,2000,13.27,.07343,0,-754
102,2017,115,2100,13.27,0,.05,-600.5
102,2017,115,2200,13.27,0,1,373.3
102,2017,115,2300,13.27,0,1,579.8
101,2017,115,2400,13.26,19756,14.48
102,2017,115,2400,13.27,0,.816,208.4
102,2017,116,100,13.28,0,0,-451
102,2017,116,200,13.28,0,0,-491.6
102,2017,116,300,13.27,0,0,-474.3
102,2017,116,400,13.28,0,0,-448.9
102,2017,116,500,13.28,0,0,-423.6
102,2017,116,600,13.29,0,0,-394.4
102,2017,116,700,13.29,.00734,0,-390.4
102,2017,116,800,13.29,139.92,0,-413.7
102,2017,116,900,13.29,536.48,.067,-628.3
102,2017,116,1000,13.31,491.04,.133,-38.19
102,2017,116,1100,13.3,2325.7,.883,202
102,2017,116,1200,13.29,3266.9,.833,433
102,2017,116,1300,13.29,3560.4,1,819
102,2017,116,1400,13.28,3613.8,1,1078
102,2017,116,1500,13.27,3397.5,1,1260
102,2017,116,1600,13.26,2880.4,1,1319
102,2017,116,1700,13.26,2250.5,1,1350
102,2017,116,1800,13.26,1425.1,1,1289
102,2017,116,1900,13.26,333.22,1,1238
102,2017,116,2000,13.26,5.0447,1,977
102,2017,116,2100,13.26,0,1,835
102,2017,116,2200,13.26,0,1,659.5
102,2017,116,2300,13.26,0,1,531.3
101,2017,116,2400,13.26,23550,13.84
102,2017,116,2400,13.26,0,1,575.9
102,2017,117,100,13.26,0,1,680.4
102,2017,117,200,13.26,0,1,784
102,2017,117,300,13.27,0,.1,-216.8
102,2017,117,400,13.27,0,0,-45.12
102,2017,117,500,13.27,0,.033,136.1
102,2017,117,600,13.27,0,.167,109.7
102,2017,117,700,13.27,.47728,0,40.5
102,2017,117,800,13.27,192.14,0,75
102,2017,117,900,13.28,465.23,.283,317.3
102,2017,117,1000,13.28,1206.1,.966,562.7
102,2017,117,1100,13.27,2686.5,1,921
102,2017,117,1200,13.27,3266.5,1,1116
102,2017,117,1300,13.26,3586.3,1,1214
102,2017,117,1400,13.26,2503.2,1,1247
102,2017,117,1500,13.25,3508.6,1,1233
102,2017,117,1600,13.24,2601.1,1,1230
102,2017,117,1700,13.24,723.48,1,1020
102,2017,117,1800,13.26,211.01,.417,-6999
102,2017,117,1900,13.27,24.569,1,758
102,2017,117,2000,13.27,.01469,1,714
102,2017,117,2100,13.26,0,1,557.4
102,2017,117,2200,13.26,0,1,587.3
102,2017,117,2300,13.27,0,1,504.9
101,2017,117,2400,13.24,20975,16.96
102,2017,117,2400,13.27,0,1,584.2
102,2017,118,100,13.27,0,1,521.1
102,2017,118,200,13.27,0,1,580.6
102,2017,118,300,13.27,0,1,556.4
102,2017,118,400,13.27,0,1,547.6
102,2017,118,500,13.27,0,1,526.2
102,2017,118,600,13.27,0,1,411.3
102,2017,118,700,13.28,.05875,.7,164.6
102,2017,118,800,13.28,173.22,.083,-136.7
102,2017,118,900,13.29,414.14,1,422.7
102,2017,118,1000,13.28,1177,1,755
102,2017,118,1100,13.27,2319.7,1,971
102,2017,118,1200,13.27,3312.1,1,1151
102,2017,118,1300,13.26,3539.8,1,1275
102,2017,118,1400,13.26,3753.3,1,1319
102,2017,118,1500,13.24,3444.2,1,1327
102,2017,118,1600,13.24,2731.1,1,1327
102,2017,118,1700,13.24,2149.8,1,1353
102,2017,118,1800,13.24,1174.7,1,1314
102,2017,118,1900,13.23,269.3,1,1185
102,2017,118,2000,13.24,2.203,.983,-6999
102,2017,118,2100,13.24,0,1,573.8
102,2017,118,2200,13.24,0,1,612.1
102,2017,118,2300,13.24,0,1,517.6
101,2017,118,2400,13.23,24461,22.76
102,2017,118,2400,13.24,0,1,545.4
102,2017,119,100,13.25,0,.35,-84.5
102,2017,119,200,13.25,0,0,-507.5
102,2017,119,300,13.26,0,.2,240.1
102,2017,119,400,13.22,.85179,0,1925
102,2017,119,500,13.23,2.4966,0,2108
102,2017,119,600,13.22,2.0854,0,1857
102,2017,119,800,13.25,16.551,0,1260
102,2017,119,900,13.26,103,0,1095
102,2017,119,1000,13.27,334.91,0,948
102,2017,119,1100,13.27,683.25,0,913
102,2017,119,1200,13.27,1333.1,.333,291.8
102,2017,119,1300,13.29,992.46,0,-798
102,2017,119,1400,13.29,497.71,.783,774
102,2017,119,1500,13.27,1349.3,.083,1527
102,2017,119,1700,13.29,1661.4,.916,-116.4
102,2017,119,1800,13.29,713.75,1,44.55
102,2017,119,1900,13.28,379.52,.966,45.43
102,2017,119,2000,13.28,2.5043,.466,-2.29
102,2017,119,2100,13.28,0,.217,-47.21
102,2017,119,2200,13.29,0,0,-128.3
102,2017,119,2300,13.29,0,0,-58.03
101,2017,119,2400,13.28,2757.2,3.582
102,2017,119,2400,13.29,0,.017,-11.05
102,2017,120,100,13.29,0,0,-46.8
102,2017,120,200,13.29,0,0,-325.1
102,2017,120,300,13.29,0,0,-583.1
102,2017,120,400,13.29,0,0,-335.4
102,2017,120,500,13.29,0,0,-237.4
102,2017,120,600,13.29,0,0,-452
102,2017,120,700,13.29,0,0,-402.8
102,2017,120,800,13.3,67.908,0,-239.7
102,2017,120,900,13.3,398.29,0,-222.4
102,2017,120,1000,13.3,824.39,0,-352.8
102,2017,120,1100,13.3,1317.9,0,-178.4
102,2017,120,1200,13.3,1972.4,.7,32.5
102,2017,120,1300,13.29,2280.6,1,308
102,2017,120,1400,13.29,3363.9,1,582.7
102,2017,120,1500,13.28,2677.1,1,852
102,2017,120,1600,13.28,2647.2,1,907
102,2017,120,1700,13.27,1908.1,1,1074
102,2017,120,1800,13.27,517.1,1,910
102,2017,120,1900,13.27,133.89,1,724
102,2017,120,2000,13.27,1.9018,1,506.8
102,2017,120,2100,13.27,0,1,323.3
102,2017,120,2200,13.27,0,.95,272.2
102,2017,120,2300,13.28,0,1,232.5
101,2017,120,2400,13.27,18111,12.31
102,2017,120,2400,13.28,0,.666,163
102,2017,121,100,13.28,0,.733,73.4
102,2017,121,200,13.29,0,.466,-359
102,2017,121,300,13.29,0,.683,340.9
102,2017,121,400,13.3,0,1,937
102,2017,121,500,13.3,0,1,811
102,2017,121,600,13.3,0,.033,-431.6
102,2017,121,700,13.3,.11751,0,-670.7
102,2017,121,800,13.3,216.72,0,-749
102,2017,121,900,13.3,472.75,0,-772
102,2017,121,1000,13.31,1083.7,0,-478.8
102,2017,121,1100,13.3,2687.3,.067,-91.4
102,2017,121,1200,13.29,3015.5,.95,146.1
102,2017,121,1300,13.29,3079.8,1,520.1
102,2017,121,1400,13.28,3131,1,826
102,2017,121,1500,13.28,2943.3,1,1109
102,2017,121,1600,13.27,2605.5,1,1283
102,2017,121,1700,13.27,1409.1,1,1282
102,2017,121,1800,13.27,964.62,1,1228
102,2017,121,1900,13.27,318.11,1,1102
102,2017,121,2000,13.27,6.8804,1,876
102,2017,121,2100,13.27,0,1,595.6
102,2017,121,2200,13.27,1.6742,.933,505.2
102,2017,121,2300,13.22,.93988,.1,2128
101,2017,121,2400,13.22,21938,14.96
102,2017,121,2400,13.23,1.1896,0,2028
102,2017,122,100,13.25,1.4468,0,1892
102,2017,122,200,13.26,.80053,0,1924
102,2017,122,300,13.26,.56553,0,1871
102,2017,122,400,13.26,.95477,0,2071
102,2017,122,500,13.25,1.1017,0,2217
102,2017,122,600,13.25,1.0062,0,2158
102,2017,122,700,13.27,.47007,0,2031
102,2017,122,800,13.26,208.94,0,1921
102,2017,122,900,13.22,697.27,.25,-6999
102,2017,122,1000,13.3,1501.2,.167,-944
102,2017,122,1100,13.29,2622.6,.566,-606.8
102,2017,122,1200,13.29,3301.8,1,-208.5
102,2017,122,1300,13.28,3366,1,163.7
102,2017,122,1400,13.27,3078.9,1,450.5
102,2017,122,1500,13.27,1422.4,1,639.8
102,2017,122,1600,13.27,315.99,.85,593.9
102,2017,122,1700,13.27,272.1,.367,1005
102,2017,122,1800,13.28,493.11,.483,1310
102,2017,122,1900,13.28,88.843,.566,-228.8
102,2017,122,2000,13.27,2.394,.983,-471.8
102,2017,122,2100,13.29,0,1,-344.5
102,2017,122,2200,13.29,0,1,-393.5
102,2017,122,2300,13.29,0,1,-342.7
101,2017,122,2400,13.22,17378,12.15
102,2017,122,2400,13.29,0,.916,-301.6
102,2017,123,100,13.29,0,.55,-344.4
102,2017,123,200,13.29,0,1,-420.6
102,2017,123,300,13.29,0,.883,-234
102,2017,123,400,13.29,0,.916,-180.6
102,2017,123,500,13.29,0,.783,-167
102,2017,123,600,13.29,0,.8,-175.4
102,2017,123,700,13.29,0,.1,-53.07
102,2017,123,800,13.3,107.93,0,-5.713
102,2017,123,900,13.3,517.19,0,-252.5
102,2017,123,1000,13.3,1302.5,0,-236.7
102,2017,123,1100,13.29,2742.7,.633,31.91
102,2017,123,1200,13.29,2841.8,1,312.8
102,2017,123,1300,13.28,3106.7,1,413.9
102,2017,123,1400,13.29,3.642,.017,726
102,2017,123,1500,13.2,939.46,.183,-6999
102,2017,123,1600,13.24,1541,.9,297.6
102,2017,123,1700,13.3,347.58,.65,-135.2
102,2017,123,1800,13.3,221.66,.75,1124
102,2017,123,1900,13.29,63.799,.666,2357
102,2017,123,2000,13.3,0,0,-260.6
102,2017,123,2100,13.29,0,0,-229.2
102,2017,123,2200,13.3,0,0,-261.8
102,2017,123,2300,13.29,0,0,-327.5
101,2017,123,2400,13.29,0,0
102,2017,123,2400,13.3,0,0,-444.1
102,2017,124,100,13.29,0,0,-512
102,2017,124,200,13.3,0,0,-485.1
102,2017,124,300,13.3,0,0,-334
102,2017,124,400,13.3,0,.017,-283.2
102,2017,124,500,13.31,0,0,-290
102,2017,124,600,13.31,0,0,-551.2
102,2017,124,700,13.31,.02938,0,-650.2
102,2017,124,800,13.31,134.14,0,-671.4
102,2017,124,900,13.31,363.16,0,-747
102,2017,124,1000,13.31,1215.4,0,-394.7
102,2017,124,1100,13.3,2551.6,.25,29.43
102,2017,124,1200,13.29,3118,1,456.3
102,2017,124,1300,13.29,2456,1,620.2
102,2017,124,1400,13.28,2346.4,1,680.5
102,2017,124,1500,13.27,2230.1,1,932
102,2017,124,1600,13.27,2542.6,1,870
102,2017,124,1700,13.27,1458.3,.85,667.8
102,2017,124,1800,13.25,188.76,0,1711
102,2017,124,1900,13.25,126.8,.333,523
102,2017,124,2000,13.27,1.7035,0,-622
102,2017,124,2100,13.27,0,.017,-501.5
102,2017,124,2200,13.23,1.3217,.183,1864
102,2017,124,2300,13.19,3.98,0,2341
101,2017,124,2400,13.18,11.052,.183
102,2017,124,2400,13.18,5.7501,0,-6999
102,2017,125,100,13.2,3.1287,0,2323
102,2017,125,200,13.23,1.6084,0,2241
102,2017,125,300,13.25,.08813,0,1965
102,2017,125,400,13.27,0,0,1719
102,2017,125,500,13.27,0,0,1673
102,2017,125,600,13.27,0,0,1666
102,2017,125,700,13.28,.00734,0,1646
102,2017,125,800,13.29,152.49,0,1709
102,2017,125,900,13.22,352.41,0,-6999
102,2017,125,1000,13.3,1076.1,.067,-501.2
102,2017,125,1100,13.29,2609.4,.566,-94.9
102,2017,125,1200,13.29,2574.1,1,203.6
102,2017,125,1300,13.28,2772.4,1,383.7
102,2017,125,1400,13.27,3353.1,1,652.3
102,2017,125,1500,13.27,2886.3,1,854
102,2017,125,1600,13.27,482.16,.833,483.7
102,2017,125,1700,13.27,281.68,.833,824
102,2017,125,1800,13.28,492.07,.583,-100
102,2017,125,1900,13.28,113.31,.633,-381.8
102,2017,125,2000,13.28,1.3439,.083,-412.7
102,2017,125,2100,13.28,0,0,-340.4
102,2017,125,2200,13.28,0,0,-413.1
102,2017,125,2300,13.28,0,0,-422.9
101,2017,125,2400,13.27,16642,7.6
102,2017,125,2400,13.28,0,0,-473.4
102,2017,126,100,13.28,0,0,-548.5
102,2017,126,200,13.29,0,0,-460.5
102,2017,126,300,13.29,0,0,-509.3
102,2017,126,400,13.29,0,0,-485.9
102,2017,126,500,13.29,0,0,-436.2
102,2017,126,600,13.29,0,0,-503.2
102,2017,126,700,13.29,2.0859,0,-719
102,2017,126,800,13.29,292.87,0,-652.1
102,2017,126,900,13.29,642.81,0,-590.7
102,2017,126,1000,13.29,1574.1,0,-315.3
102,2017,126,1100,13.29,2667,.133,67.73
102,2017,126,1200,13.28,2738.3,.95,376.1
102,2017,126,1300,13.28,2955.9,1,659.8
102,2017,126,1400,13.27,2786.5,1,763
102,2017,126,1500,13.27,394.16,1,735
102,2017,126,1700,13.25,42.099,0,1665
102,2017,126,1800,13.26,18.508,0,1825
102,2017,126,1900,13.27,36.503,0,1971
102,2017,126,2000,13.24,1.1017,0,2063
102,2017,126,2100,13.27,.0661,0,1892
102,2017,126,2200,13.27,.03672,0,1849
102,2017,126,2300,13.29,.00734,0,1982
101,2017,126,2400,13.24,98.322,.5
102,2017,126,2400,13.29,0,.5,1457
102,2017,127,100,13.29,0,0,-365.9
102,2017,127,200,13.29,0,0,-731
102,2017,127,300,13.29,0,0,-910
102,2017,127,400,13.3,0,.033,1388
102,2017,127,500,13.3,0,.883,1746
102,2017,127,600,13.3,0,.983,1708
102,2017,127,700,13.3,.49945,1,1707
102,2017,127,800,13.31,179.89,.833,1701
102,2017,127,900,13.28,333.73,.017,1934
102,2017,127,1000,13.27,1546.8,.133,926
102,2017,127,1100,13.31,1667.7,0,-486.4
102,2017,127,1200,13.3,2803.6,0,29.03
102,2017,129,1000,13.33,1224.9,0,133.4
102,2017,129,1100,13.31,2713.1,.183,278.5
102,2017,129,1200,13.31,3240.9,1,560.9
102,2017,129,1300,13.3,1901.3,1,732
102,2017,129,1400,13.29,3450.5,1,916
102,2017,129,1500,13.27,3232,1,1262
102,2017,129,1600,13.27,2063.8,1,1334
102,2017,129,1700,13.27,738.4,1,1430
102,2017,129,1800,13.27,1046.8,1,1330
102,2017,129,1900,13.27,221.07,1,1044
102,2017,129,2000,13.27,9.9275,1,713
102,2017,129,2100,13.27,0,1,471
102,2017,129,2200,13.27,0,1,445
102,2017,129,2300,13.27,0,1,458.8
101,2017,129,2400,13.27,19843,13.18
102,2017,129,2400,13.27,0,1,487.5
102,2017,130,100,13.27,0,1,484.6
102,2017,130,200,13.28,0,1,473.1
102,2017,130,300,13.28,0,.916,252.1
102,2017,130,400,13.28,0,0,-136.3
102,2017,130,500,13.29,0,0,-341.9
102,2017,130,600,13.29,0,0,-355.3
102,2017,130,700,13.29,.13955,0,-499.5
102,2017,130,800,13.29,180.62,0,-712
102,2017,130,900,13.29,453.66,0,-102.5
102,2017,130,1000,13.29,1665.7,.783,423.3
102,2017,130,1100,13.29,2612.1,1,752
102,2017,130,1200,13.28,3137.8,1,1028
102,2017,130,1300,13.27,3506.6,1,1403
102,2017,130,1400,13.26,3543.3,1,1529
102,2017,130,1500,13.26,3321.2,1,1550
102,2017,130,1600,13.25,2552.6,1,1521
102,2017,130,1700,13.24,1263.3,1,1318
102,2017,130,1800,13.24,554.09,1,1422
102,2017,131,800,13.33,43.136,0,-610.9
102,2017,131,900,13.31,448.93,0,-809
102,2017,131,1000,13.31,1262.5,.583,-235.7
102,2017,131,1100,13.3,2624,1,244.4
102,2017,131,1200,13.29,3133.2,1,701
102,2017,131,1300,13.27,3377.7,1,1237
102,2017,131,1400,13.27,2962.7,1,1423
102,2017,131,1500,13.26,2713.9,1,1448
102,2017,131,1600,13.26,2417.2,1,1376
102,2017,131,1700,13.26,2013.1,1,1225
102,2017,131,1800,13.26,1015.1,1,1172
102,2017,132,800,13.31,48.561,.133,304.5
102,2017,132,900,13.3,550.37,1,432.6
102,2017,132,1000,13.29,1781.1,1,808
102,2017,132,1100,13.29,2542.5,1,1109
102,2017,132,1200,13.28,2158.3,1,1277
102,2017,132,1300,13.27,3284.8,1,1379
102,2017,132,1400,13.27,3763.6,1,1429
102,2017,132,1500,13.26,3122.3,1,1389
102,2017,132,1600,13.26,2941.1,1,1334
102,2017,132,1700,13.26,1959.6,1,1298
102,2017,133,900,13.31,278.66,0,-196.4
102,2017,133,1000,13.29,1808.1,0,90
102,2017,133,1100,13.29,2630.4,.6,304.7
102,2017,133,1200,13.28,2638.8,1,655.7
102,2017,133,1300,13.27,3554.7,1,986
102,2017,133,1400,13.27,2985,1,1227
102,2017,133,1500,13.27,1758.5,1,1330
102,2017,133,1700,13.27,1271.6,.666,1332
102,2017,133,1800,13.26,1470.8,1,1384
102,2017,134,900,13.31,366.85,.733,64.71
102,2017,134,1000,13.3,1889.2,1,213
102,2017,134,1100,13.29,2625.3,1,507.1
102,2017,134,1200,13.28,3134,1,827
102,2017,134,1300,13.28,3392.1,1,1022
102,2017,134,1400,13.27,3434.6,1,1254
102,2017,134,1500,13.27,3311.4,1,1458
102,2017,134,1600,13.26,2898.7,1,1573
102,2017,134,1700,13.26,1512.2,1,1574
102,2017,135,1200,13.31,2066.4,.683,633
102,2017,135,1300,13.29,2437,1,817
102,2017,135,1400,13.29,3448.9,1,947
102,2017,135,1500,13.28,1265.6,1,952
102,2017,135,1600,13.27,2437.7,1,1122
102,2017,135,1700,13.27,2060.5,1,1152
102,2017,135,1800,13.26,1104.7,1,1190
102,2017,135,1900,13.27,253.43,1,1011
102,2017,136,800,13.32,73.654,0,-298.7
102,2017,136,900,13.31,426.34,.75,-77.9
102,2017,136,1000,13.31,955.9,1,286.1
102,2017,136,1100,13.3,1310.2,1,421.9
102,2017,136,1200,13.29,2514.6,1,726
102,2017,136,1300,13.29,3314.7,1,1190
102,2017,136,1400,13.29,1516.8,1,1230
102,2017,136,1500,13.28,703.78,1,-19.61
102,2017,136,1600,13.28,1304.2,1,532
102,2017,136,1700,13.27,2219,1,1116
102,2017,136,1800,13.27,588.33,1,1168
102,2017,137,900,13.32,191.87,.666,-50.42
102,2017,137,1000,13.31,394.66,1,80.1
102,2017,137,1100,13.31,853.81,1,205.2
102,2017,137,1200,13.31,1270.6,1,435.6
102,2017,137,1300,13.3,2398.1,1,903
102,2017,137,1400,13.29,1958.3,1,1173
102,2017,137,1500,13.29,2335.8,1,1318
102,2017,137,1600,13.28,2966.3,1,1498
102,2017,137,1700,13.28,976.82,1,1377
102,2017,137,1800,13.28,140.53,.983,435.1
102,2017,137,1900,13.29,140.56,1,997
102,2017,138,800,13.33,159.55,.566,33.62
102,2017,138,1400,13.3,357.65,.4,1391
102,2017,138,1500,13.29,1220.8,1,1423
102,2017,138,1600,13.27,1324.5,1,1448
102,2017,138,1700,13.27,469.31,1,1171
102,2017,138,1800,13.28,61.123,.733,171.1
102,2017,138,1900,13.28,11.756,1,946
102,2017,142,1800,13.28,370.44,.35,1505
102,2017,143,900,13.31,602.72,0,-352.2
102,2017,143,1000,13.3,1835.2,.15,144
102,2017,143,1100,13.29,2580.7,1,351.9
102,2017,143,1200,13.28,2831.7,1,540.5
102,2017,143,1300,13.27,3276,1,820
102,2017,143,1400,13.27,3327.2,1,1273
102,2017,143,1500,13.26,2792.7,1,1477
102,2017,143,1600,13.26,2322.6,1,1585
102,2017,143,1700,13.25,1441.6,1,1530
102,2017,143,1800,13.25,973.88,.966,1239
102,2017,144,900,13.32,447.77,0,-214.8
102,2017,144,1000,13.31,1689.6,0,114
102,2017,144,1100,13.3,2582.2,.217,284.2
102,2017,144,1200,13.29,3120.1,1,575.2
102,2017,144,1300,13.28,3425.1,1,949
102,2017,144,1400,13.27,3594.5,1,1288
102,2017,144,1500,13.27,2588.2,1,1452
102,2017,144,1600,13.27,2470.7,1,1568
102,2017,144,1700,13.26,1997.5,1,1615
102,2017,144,1800,13.26,1228.3,1,1610
102,2017,145,900,13.31,460.38,.766,399.5
102,2017,145,1000,13.29,1801.8,1,664.3
102,2017,145,1100,13.29,189.2,.067,1035
102,2017,145,1200,13.28,3064.5,1,1304
102,2017,145,1300,13.27,3381.7,1,1506
102,2017,145,1400,13.27,3353.3,1,1620
102,2017,145,1500,13.26,3013.4,1,1638
102,2017,145,1600,13.26,2435.9,1,1587
102,2017,145,1700,13.26,2092.1,1,1523
102,2017,145,1800,13.26,1243.8,1,1503
102,2017,145,1900,13.25,267.68,1,1407
102,2017,145,2000,13.25,1.6596,1,1217
102,2017,145,2100,13.26,0,1,1101
102,2017,145,2200,13.25,0,1,1041
102,2017,145,2300,13.26,0,1,855
101,2017,145,2400,13.25,19043,13.06
102,2017,145,2400,13.26,0,1,530.8
102,2017,146,100,13.26,0,1,681.6
102,2017,146,200,13.26,0,1,508
102,2017,146,300,13.26,0,1,237.9
102,2017,146,400,13.26,0,1,195.5
102,2017,146,500,13.26,0,1,279.3
102,2017,146,600,13.26,0,1,289
102,2017,146,700,13.26,.11749,1,-69.88
102,2017,146,800,13.26,147.37,1,-2.086
102,2017,146,900,13.27,602.72,1,481.8
102,2017,146,1000,13.26,1584.7,1,730
102,2017,146,1100,13.26,2409.2,1,1051
102,2017,146,1200,13.26,2743.4,1,1313
102,2017,146,1300,13.25,3303.8,1,1493
102,2017,146,1400,13.25,3060.7,1,1540
102,2017,146,1500,13.24,3168.2,1,1461
102,2017,146,1600,13.24,2343.3,1,1422
102,2017,146,1700,13.24,1958.9,1,1380
102,2017,146,1800,13.24,364.32,1,1202
102,2017,147,1000,13.29,860.31,.383,647.5
102,2017,148,900,13.31,185.17,.566,658.1
102,2017,148,1000,13.3,703.83,1,716
102,2017,148,1100,13.29,1339.3,1,854
102,2017,148,1200,13.29,2212.2,1,1029
102,2017,148,1300,13.28,1475.6,1,1260
102,2017,148,1400,13.28,1904,1,1325
102,2017,148,1500,13.27,1699.3,1,1427
102,2017,148,1600,13.27,2800.4,1,1508
102,2017,148,1700,13.27,1737.6,1,1477
102,2017,148,1800,13.27,1182.8,1,1444
102,2017,149,900,13.31,245.13,.55,401.6
102,2017,149,1000,13.3,997.65,1,546.5
102,2017,149,1100,13.29,2409.5,1,871
102,2017,149,1200,13.29,2985.3,1,1247
102,2017,149,1300,13.27,2642.5,1,1499
102,2017,149,1400,13.27,2155.9,1,1574
102,2017,149,1500,13.26,2718.1,1,1596
102,2017,149,1600,13.26,1380.4,1,1445
102,2017,149,1700,13.26,1150.7,1,1407
102,2017,149,1800,13.26,708.87,1,1424
102,2017,150,900,13.31,300.58,0,-762
102,2017,150,1000,13.31,1193.1,0,-452.9
102,2017,150,1100,13.29,1856.2,.55,270.1
102,2017,150,1200,13.29,2095.9,.883,442.2
102,2017,150,1300,13.29,1575.9,1,484.2
102,2017,150,1400,13.28,2992.1,1,662.3
102,2017,150,1500,13.27,2907.3,1,964
102,2017,150,1600,13.27,2794.3,1,1258
102,2017,150,1700,13.26,2137.9,1,1439
102,2017,150,1800,13.26,694.05,1,1328
102,2017,150,1900,13.27,16.221,.566,352
102,2017,151,800,13.33,31.032,0,-258.3
102,2017,151,900,13.32,405.19,0,-345.9
102,2017,151,1000,13.31,1479.2,0,23.5
102,2017,151,1100,13.31,2316.2,.017,303.6
102,2017,151,1200,13.3,3168.3,.883,475.8
102,2017,151,1300,13.29,2668.5,1,638.2
102,2017,151,1400,13.29,3665.6,1,879
102,2017,151,1500,13.28,2360.7,1,1219
102,2017,151,1600,13.27,1956.8,1,1251
102,2017,151,1700,13.27,924.18,1,1324
102,2017,151,1800,13.28,176.93,1,1191
102,2017,151,1900,13.28,41.66,.866,811
102,2017,151,2000,13.28,4.465,.45,303.6
102,2017,151,2100,13.28,0,.933,249.3
102,2017,151,2200,13.28,0,.483,50.26
102,2017,151,2300,13.29,0,.633,-18.13
101,2017,151,2400,13.27,19199,10.28
102,2017,151,2400,13.29,0,.017,-86.2
102,2017,152,100,13.29,0,.533,82.9
102,2017,152,200,13.29,0,.333,17.32
102,2017,152,300,13.29,0,.3,92.9
102,2017,152,400,13.3,0,.133,64.75
102,2017,152,500,13.3,0,0,-176
102,2017,152,600,13.3,0,0,-303.8
102,2017,152,700,13.3,.11752,0,-260.1
102,2017,152,800,13.31,89.836,0,-202.8
102,2017,152,900,13.31,383.92,.1,45.13
102,2017,152,1000,13.31,862.18,.966,413.8
102,2017,152,1100,13.3,1220.3,1,531
102,2017,152,1200,13.3,2419.7,1,783
102,2017,152,1300,13.29,957.81,.333,1223
102,2017,152,1400,13.28,2093.4,.616,1407
102,2017,152,1500,13.27,2942.6,1,1521
102,2017,152,1600,13.27,2361.4,1,1512
102,2017,152,1700,13.26,2243,1,1486
102,2017,152,1800,13.26,986.43,1,1326
102,2017,152,1900,13.27,100.68,1,1125
102,2017,152,2000,13.27,5.5002,1,946
102,2017,152,2100,13.27,0,1,884
102,2017,152,2200,13.28,0,1,760
102,2017,152,2300,13.28,0,1,729
101,2017,152,2400,13.26,10733,10.61
102,2017,152,2400,13.27,0,1,440.5
102,2017,153,100,13.28,0,1,297.6
102,2017,153,200,13.28,0,.833,3.148
102,2017,153,300,13.28,0,.516,-35.56
102,2017,153,400,13.29,0,0,-132.2
102,2017,153,500,13.29,0,.383,-203.6
102,2017,153,600,13.29,0,.283,-344.8
102,2017,153,700,13.29,.02938,0,-410.2
102,2017,153,800,13.29,98.107,0,-481.4
102,2017,153,900,13.29,735.11,.75,228.6
102,2017,153,1000,13.29,1546.6,1,617.3
102,2017,153,1100,13.29,2567.9,1,861
102,2017,153,1200,13.29,2858.8,1,1189
102,2017,153,1300,13.28,3141.3,1,1399
102,2017,153,1400,13.27,3054.8,1,1501
102,2017,153,1500,13.27,3036.9,1,1509
102,2017,153,1600,13.26,1520.4,1,1395
102,2017,153,1700,13.26,509.03,.983,1267
102,2017,153,1800,13.27,245.18,.9,195.5
102,2017,154,900,13.32,517.4,.683,394.8
102,2017,154,1000,13.31,1550.6,1,536.4
102,2017,154,1100,13.31,2321,1,824
102,2017,154,1200,13.29,2641.5,1,1159
102,2017,154,1300,13.29,2777.3,1,1302
102,2017,154,1400,13.28,3048.9,1,1429
102,2017,154,1500,13.27,2862.1,1,1465
102,2017,154,1600,13.27,2379.8,1,1445
102,2017,154,1700,13.27,1719.5,1,1407
102,2017,154,1800,13.26,928.24,1,1376
102,2017,154,1900,13.26,136.05,.417,74.7
102,2017,155,900,13.31,536.74,0,68.1
102,2017,155,1000,13.3,1606.9,.167,289.2
102,2017,155,1100,13.29,2364,.566,422.2
102,2017,155,1200,13.27,2922.9,1,710
102,2017,155,1300,13.25,3235.4,1,995
102,2017,155,1400,13.24,3355.7,1,1310
102,2017,155,1500,13.24,2287.4,1,1475
102,2017,155,1600,13.23,2499.1,1,1525
102,2017,155,1700,13.22,1799.3,1,1529
102,2017,155,1800,13.22,544.03,1,1396
102,2017,155,1900,13.22,179.55,1,1218
102,2017,155,2000,13.22,23.344,1,1209
102,2017,155,2100,13.23,0,1,1170
102,2017,155,2200,13.23,0,1,1141
102,2017,155,2300,13.24,0,1,1005
101,2017,155,2400,13.22,21354,13.73
102,2017,155,2400,13.24,0,1,943
102,2017,156,100,13.24,0,1,1025
102,2017,156,1200,13.27,1549.3,.516,1310
102,2017,156,1300,13.26,2818.8,1,1490
102,2017,156,1400,13.25,2299.1,1,1562
102,2017,156,1500,13.24,2710,1,1568
102,2017,156,1600,13.24,2658.3,1,1532
102,2017,156,1700,13.23,1940.5,1,1437
102,2017,162,900,13.31,392.18,.383,561.9
102,2017,162,1000,13.3,1603.6,1,802
102,2017,162,1100,13.29,2293.3,1,1103
102,2017,162,1200,13.28,2734.7,1,1369
102,2017,162,1300,13.27,2996.9,1,1510
102,2017,162,1400,13.26,3197.7,1,1519
102,2017,162,1500,13.26,3125.8,1,1465
102,2017,162,1600,13.25,1662.6,1,1385
102,2017,162,1700,13.25,546.19,1,1407
102,2017,162,1800,13.25,768.95,1,1312
102,2017,163,900,13.31,108.56,.1,671.6
102,2017,163,1000,13.29,1516.3,1,850
102,2017,163,1100,13.28,2013.5,1,1153
102,2017,163,1200,13.27,2405.1,1,1373
102,2017,163,1300,13.26,3055.6,1,1488
102,2017,163,1400,13.26,3183.1,1,1474
102,2017,163,1500,13.25,2900.1,1,1426
102,2017,163,1600,13.24,1938.9,1,1388
102,2017,163,1700,13.24,1749.1,1,1376
102,2017,163,1800,13.23,1085,1,1333
102,2017,163,1900,13.24,333.55,1,1270
102,2017,164,800,13.29,104.36,.583,248.7
102,2017,164,900,13.28,683.31,1,653.6
102,2017,164,1000,13.27,1569.2,1,920
102,2017,164,1500,13.26,1682.3,.666,1341
102,2017,164,1600,13.25,928.8,1,1272
102,2017,164,1700,13.24,1300.7,1,1245
102,2017,164,1800,13.24,614.41,1,1278
102,2017,165,900,13.31,468.93,.816,361.1
102,2017,165,1000,13.3,1213.9,1,546.2
102,2017,165,1100,13.29,2189,1,790
102,2017,165,1200,13.29,2853.8,1,1216
102,2017,165,1300,13.27,2757.9,1,1445
102,2017,165,1400,13.27,1669.9,1,1545
102,2017,165,1500,13.27,2513.7,1,1575
102,2017,165,1600,13.27,936.64,1,1552
102,2017,165,1700,13.26,1353.6,1,1484
102,2017,165,1800,13.26,476.92,1,1346
102,2017,166,1200,13.31,1314,.6,706
102,2017,166,1300,13.29,2507.9,1,958
102,2017,166,1400,13.29,1657,1,1176
102,2017,166,1500,13.28,2345.4,1,1278
102,2017,166,1600,13.27,2535.7,1,1326
102,2017,166,1700,13.27,1600.4,1,1396
102,2017,166,1800,13.27,1087.5,1,1336
102,2017,169,1100,13.31,1752.3,.733,1093
102,2017,169,1200,13.29,2614.7,1,1386
102,2017,169,1300,13.28,2467.7,1,1483
102,2017,169,1400,13.27,1258.4,1,1395
102,2017,170,1500,13.3,1003.5,.666,1162
102,2017,170,1600,13.29,599.51,1,1293
102,2017,170,1700,13.29,1301.1,1,1348
102,2017,170,1800,13.28,764.29,1,1382
102,2017,171,1300,13.31,2207.9,.716,1372
102,2017,171,1400,13.29,3286.3,1,1556
102,2017,171,1500,13.29,3102.7,1,1536
102,2017,171,1600,13.27,2139.2,1,1490
102,2017,171,1700,13.27,1127,1,1416
102,2017,171,1800,13.27,1127.9,1,1352
102,2017,171,1900,13.26,412.45,1,1330
102,2017,172,1200,13.32,507.42,.167,1317
102,2017,172,1300,13.31,3334.9,1,1412
102,2017,172,1400,13.29,2546.3,1,1322
102,2017,172,1500,13.28,428.63,1,-6999
102,2017,172,1600,13.28,506.86,1,1097
102,2017,172,1700,13.28,1378.8,.716,1256
102,2017,172,1800,13.27,1218.1,1,1319
102,2017,176,1000,13.31,1395.3,.883,818
102,2017,176,1100,13.3,2388.2,1,1144
102,2017,176,1200,13.29,2778.8,1,1340
102,2017,176,1300,13.28,3441.1,1,1394
102,2017,176,1400,13.27,3441.9,1,1441
102,2017,176,1500,13.27,2460.7,1,1396
102,2017,176,1600,13.26,2765.4,1,1374
102,2017,176,1800,13.28,123.81,.183,1153
102,2017,179,1200,13.3,1776.5,.6,1330
102,2017,179,1300,13.29,2887.7,1,1507
102,2017,179,1400,13.27,3358.6,1,1545
102,2017,179,1500,13.27,894.57,1,1528
102,2017,182,1500,13.31,1429.7,.466,1590
102,2017,182,1600,13.3,2637.1,1,1648
102,2017,183,1000,13.33,1212.5,.716,818
102,2017,183,1100,13.31,2302,1,1205
102,2017,183,1200,13.3,2251.5,1,1574
102,2017,183,1300,13.29,2423.5,1,1708
102,2017,183,1400,13.29,3271.7,1,1705
102,2017,183,1500,13.28,2996.4,1,1565
102,2017,183,1600,13.28,2653.3,1,1503
102,2017,183,1700,13.27,2032.9,1,1461
102,2017,183,1800,13.26,1156.6,1,1361
102,2017,184,1100,13.31,1588.9,.7,1103
102,2017,184,1200,13.29,2737.6,1,1248
102,2017,184,1300,13.29,1433.6,1,1336
102,2017,184,1400,13.28,538.39,1,1225
102,2017,184,1500,13.29,335.61,.217,169.7
102,2017,184,1600,13.25,654.94,.55,-6999
102,2017,184,1700,13.27,664.52,.85,-6999
102,2017,184,1800,13.29,277.61,1,893
102,2017,184,1900,13.29,153.43,1,792
102,2017,187,1200,13.33,1893.1,.666,759
102,2017,187,1300,13.32,3130.5,1,1186
102,2017,187,1400,13.31,3305.2,1,1363
102,2017,187,1500,13.3,2533.8,1,1366
102,2017,187,1600,13.29,1503.9,1,1251
102,2017,187,1700,13.29,913.13,1,1223
102,2017,187,1800,13.29,344.9,1,1111
102,2017,188,1500,13.31,1344.1,.666,1174
102,2017,188,1600,13.3,1494.1,1,1239
102,2017,188,1700,13.29,1199.9,1,1248
102,2017,188,1800,13.29,589.23,1,1255
102,2017,261,1900,13.28,717.54,0,384.2
102,2017,261,2000,13.27,16.138,0,446.4
102,2017,261,2100,13.26,0,0,350
102,2017,261,2200,13.26,0,0,313.1
102,2017,261,2300,13.25,0,0,-233.4
101,2017,261,2400,13.24,733.68,0
102,2017,261,2400,13.24,0,0,-658.1
102,2017,262,100,13.24,0,0,-758
102,2017,262,200,13.23,0,0,-803
102,2017,262,300,13.23,0,0,-994
102,2017,262,400,13.23,0,0,-880
102,2017,262,500,13.23,0,0,-849
102,2017,262,600,13.23,0,0,-936
102,2017,262,700,13.25,.02938,0,-741
102,2017,262,800,13.25,130.21,0,-769
102,2017,262,900,13.25,306.58,0,-685.4
102,2017,262,1000,13.26,1601.2,0,-319.1
102,2017,262,1100,13.26,2813.6,0,8.95
102,2017,262,1200,13.25,2408.3,0,98.2
102,2017,262,1400,13.29,160.05,0,89.2
102,2017,262,1600,13.26,3169.6,0,198.9
102,2017,262,1700,13.26,1142.4,0,222.3
102,2017,262,1800,13.26,26.913,.017,648.5
102,2017,262,1900,13.26,86.652,.033,-292.3
102,2017,262,2000,13.26,.30115,0,-139.4
102,2017,262,2100,13.26,0,0,-335.9
102,2017,262,2200,13.26,0,0,-738
102,2017,262,2300,13.26,0,0,-817
101,2017,262,2400,13.26,113.87,.05
102,2017,262,2400,13.26,0,0,-929
102,2017,263,100,13.26,0,0,-382.1
102,2017,263,200,13.26,0,0,-913
102,2017,263,300,13.26,0,0,-951
102,2017,263,400,13.27,0,0,-954
102,2017,263,500,13.27,0,0,-932
102,2017,263,600,13.27,0,0,-1025
102,2017,263,700,13.27,.42602,0,-939
102,2017,263,800,13.27,157.85,0,-939
102,2017,263,900,13.28,407.55,0,-425.5
102,2017,263,1000,13.28,1531.6,0,-173.4
102,2017,263,1300,13.3,213.58,0,115.8
102,2017,263,1400,13.28,3651.8,0,167.7
102,2017,263,1500,13.27,2821.1,0,215.8
102,2017,263,1600,13.26,3504.7,0,203.3
102,2017,263,1700,13.26,1426.5,0,261.4
102,2017,263,1800,13.26,352.6,0,258.1
102,2017,263,1900,13.26,5.7587,0,-254.2
102,2017,263,2000,13.27,0,0,-363.5
102,2017,263,2100,13.27,0,0,-790
102,2017,263,2200,13.27,.02204,0,-978
102,2017,263,2300,13.27,0,0,-886
101,2017,263,2400,13.26,11976,0
102,2017,263,2400,13.27,0,0,-1136
102,2017,264,100,13.27,0,0,-1128
102,2017,264,200,13.27,0,0,-1112
102,2017,264,300,13.27,0,0,-1057
102,2017,264,400,13.27,0,0,-1163
102,2017,264,500,13.27,0,0,-1288
102,2017,264,600,13.28,0,0,-1281
102,2017,264,700,13.28,1.4102,0,-1301
102,2017,264,800,13.28,208.81,0,-1307
102,2017,264,900,13.28,424.53,0,-740
102,2017,264,1000,13.28,1643.5,0,-258.4
102,2017,264,1100,13.28,3061,0,-77.6
102,2017,264,1200,13.28,3865.2,0,6.379
102,2017,264,1300,13.27,4423,0,85.5
102,2017,264,1400,13.26,3469.3,0,115.9
102,2017,264,1500,13.26,4033.6,0,131.7
102,2017,264,1600,13.26,3328.6,0,164.6
102,2017,264,1700,13.26,2874.9,0,171.2
102,2017,264,1800,13.25,1774.4,0,151.5
102,2017,264,1900,13.26,12.513,.05,445.9
102,2017,264,2000,13.27,0,0,-292
102,2017,264,2100,13.27,0,0,-342.2
102,2017,264,2200,13.26,0,0,-420.3
102,2017,264,2300,13.26,0,0,-779
101,2017,264,2400,13.26,12.513,.05
102,2017,264,2400,13.27,0,0,-812
102,2017,265,100,13.27,0,0,-1046
102,2017,265,200,13.27,0,0,-1080
102,2017,265,300,13.26,0,0,-1196
102,2017,265,400,13.25,0,0,-1103
102,2017,265,500,13.26,0,0,-1153
102,2017,265,600,13.26,0,0,-1139
102,2017,265,700,13.27,.66841,0,-953
102,2017,265,800,13.27,74.928,0,-1034
102,2017,265,900,13.28,568.59,0,-975
102,2017,265,1000,13.29,1693.8,0,-602.8
102,2017,265,1100,13.29,1934,0,-233.6
102,2017,265,1200,13.29,3550.9,0,-100.4
102,2017,265,1300,13.29,4273.9,0,-10.43
102,2017,265,1400,13.29,2991.5,0,40.57
102,2017,265,1500,13.28,1797,0,58.14
102,2017,265,1600,13.28,2710.1,0,50.66
102,2017,265,1700,13.29,1211,0,53.12
102,2017,265,1800,13.29,1317.4,0,52.49
102,2017,265,1900,13.29,700.03,0,71.5
102,2017,265,2000,13.28,7.4921,0,-222.3
102,2017,265,2100,13.28,0,0,-437.1
102,2017,265,2200,13.27,0,0,-658.5
102,2017,265,2300,13.27,0,0,-765
101,2017,265,2400,13.25,22831,0
102,2017,265,2400,13.27,0,0,-807
102,2017,266,100,13.27,0,0,-1017
102,2017,266,200,13.27,0,0,-996
102,2017,266,300,13.28,0,0,-879
102,2017,266,400,13.29,0,0,-795
102,2017,266,500,13.29,0,0,-990
102,2017,266,600,13.29,0,0,-963
102,2017,266,700,13.29,.36725,0,-979
102,2017,266,800,13.29,163.11,0,-848
102,2017,266,900,13.29,435.56,0,-466.9
102,2017,266,1000,13.29,1055.7,0,-153.6
102,2017,266,1100,13.29,2900.6,0,-5.339
102,2017,266,1200,13.28,3230.4,0,58.9
102,2017,266,1300,13.27,4728,0,74.3
102,2017,266,1400,13.27,4239.5,0,107.9
102,2017,266,1500,13.26,2026,0,142.4
102,2017,266,1600,13.26,1631.8,0,147.2
102,2017,266,1700,13.26,1463.4,0,147.7
102,2017,266,1800,13.26,756.36,0,134.9
102,2017,266,1900,13.26,146.5,0,115.1
102,2017,266,2000,13.25,6.822,0,13.68
102,2017,266,2100,13.26,0,0,-235.2
102,2017,266,2200,13.26,0,0,-250.9
102,2017,266,2300,13.27,0,0,-397.6
101,2017,266,2400,13.26,0,0
102,2017,266,2400,13.27,0,0,-712
102,2017,267,100,13.27,0,0,-852
102,2017,267,200,13.27,0,0,-792
102,2017,267,300,13.27,0,0,-909
102,2017,267,400,13.28,0,0,-948
102,2017,267,500,13.27,0,0,-998
102,2017,267,600,13.29,0,0,-952
102,2017,267,700,13.29,.4407,0,-968
102,2017,267,800,13.29,145.46,0,-1046
102,2017,267,900,13.29,588.52,0,-932
102,2017,267,1000,13.29,1040.5,0,-410.2
102,2017,267,1100,13.29,1529,0,-89.6
102,2017,267,1200,13.29,3103.1,0,11.61
102,2017,267,1300,13.28,3610.3,0,10.27
102,2017,267,1400,13.27,966.98,0,-8.89
102,2017,267,1500,13.27,449.66,0,-310.7
102,2017,267,1600,13.27,844.3,0,-602.4
102,2017,267,1700,13.27,637.14,0,-360.8
102,2017,267,1800,13.28,583.41,0,-199.4
102,2017,267,1900,13.28,498.08,0,-6.555
102,2017,267,2000,13.28,1.1752,0,-33.27
102,2017,267,2100,13.28,0,0,-85.6
102,2017,267,2200,13.28,0,0,-151.4
102,2017,267,2300,13.29,0,0,-284.7
101,2017,267,2400,13.27,13998,0
102,2017,267,2400,13.29,0,0,-425.3
102,2017,268,100,13.29,0,0,-294.5
102,2017,268,200,13.29,0,0,-536.8
102,2017,268,300,13.29,0,0,-738
102,2017,268,400,13.29,0,0,-830
102,2017,268,500,13.3,0,0,-822
102,2017,268,600,13.3,0,0,-777
102,2017,268,700,13.3,.71246,0,-810
102,2017,268,800,13.3,129.23,0,-951
102,2017,268,900,13.3,571.63,0,-959
102,2017,268,1000,13.31,949.99,0,-687.1
102,2017,268,1100,13.31,2904.2,0,-198.3
102,2017,268,1200,13.3,3902.7,0,-23.52
102,2017,268,1300,13.29,4566.4,0,32.16
102,2017,268,1400,13.29,4676.5,0,89.5
102,2017,268,1500,13.29,2928.4,0,105.5
102,2017,268,1600,13.28,1774,0,103.5
102,2017,268,1700,13.27,1434.9,0,111.3
102,2017,268,1800,13.28,408.94,0,1.293
102,2017,268,1900,13.28,67.855,0,-291.7
102,2017,268,2000,13.29,2.0052,0,-518.9
102,2017,268,2100,13.29,0,0,-525.7
102,2017,268,2200,13.29,0,0,-512
102,2017,268,2300,13.29,0,0,-634.4
101,2017,268,2400,13.27,24318,0
102,2017,268,2400,13.29,0,0,-604.7
102,2017,269,100,13.29,0,0,-602.3
102,2017,269,200,13.29,0,0,-691.2
102,2017,269,300,13.29,0,0,-780
102,2017,269,400,13.3,0,0,-910
102,2017,269,500,13.3,0,0,-906
102,2017,269,600,13.3,0,0,-911
102,2017,269,700,13.3,.24973,0,-957
102,2017,269,800,13.31,164.17,0,-1007
102,2017,269,900,13.31,456.2,0,-879
102,2017,269,1000,13.31,1666.2,0,-331.2
102,2017,269,1100,13.3,3383.5,0,-85.4
102,2017,269,1200,13.3,4091.1,0,-42.99
102,2017,269,1300,13.25,4567.9,0,18.47
102,2017,269,1400,13.25,3792.6,0,71.7
102,2017,269,1500,13.24,2450.4,0,92.7
102,2017,269,1600,13.22,1382.1,0,113.3
102,2017,269,1700,13.22,1276.2,0,67.03
102,2017,269,1800,13.22,126.79,0,-330.4
102,2017,269,1900,13.26,13.714,0,-326.5
102,2017,269,2000,13.2,11.062,0,-894
102,2017,269,2100,13.22,0,0,-1076
102,2017,269,2200,13.23,0,0,-962
102,2017,269,2300,13.23,0,0,-944
101,2017,269,2400,13.2,24.775,0
102,2017,269,2400,13.24,0,0,-1126
102,2017,270,100,13.25,0,0,-950
102,2017,270,200,13.25,0,0,-911
102,2017,270,300,13.25,0,0,-908
102,2017,270,400,13.24,0,0,-926
102,2017,270,500,13.24,0,0,-893
102,2017,270,600,13.24,0,0,-952
102,2017,270,700,13.23,.28645,0,-1084
102,2017,270,800,13.23,170.15,0,-1007
102,2017,270,900,13.23,458.23,0,-420.3
102,2017,270,1000,13.23,1698.6,0,-143.7
102,2017,270,1500,13.33,31.407,0,123.5
102,2017,270,1600,13.25,728,0,8.06
102,2017,270,1700,13.25,488.4,0,17.88
102,2017,270,1800,13.25,269.84,0,-197.4
102,2017,270,1900,13.25,151.61,0,-117.8
102,2017,270,2000,13.24,2.9307,0,-336.6
102,2017,270,2100,13.25,0,0,-469.4
102,2017,270,2200,13.25,0,0,-739
102,2017,270,2300,13.24,0,0,-886
101,2017,270,2400,13.24,1672.2,0
102,2017,270,2400,13.25,0,0,-820
102,2017,271,100,13.25,0,0,-751
102,2017,271,200,13.27,0,0,-843
102,2017,271,300,13.27,0,0,-772
102,2017,271,400,13.27,0,0,-780
102,2017,271,500,13.28,0,0,-772
102,2017,271,600,13.28,0,0,-774
102,2017,271,700,13.29,.35255,0,-946
102,2017,271,800,13.29,162.65,0,-999
102,2017,271,900,13.3,435.33,0,-1168
102,2017,271,1000,13.29,1649.6,0,-441.8
102,2017,271,1100,13.29,3402.7,0,-38.73
102,2017,271,1200,13.29,4151.4,0,26.62
102,2017,271,1300,13.28,3940.7,0,73.6
102,2017,271,1400,13.27,4580.9,0,104.7
102,2017,271,1500,13.28,4190.8,0,112.4
102,2017,271,1600,13.27,3559.9,0,126.8
102,2017,271,1700,13.26,2562.5,0,122.2
102,2017,271,1800,13.26,1254.5,0,113.9
102,2017,271,1900,13.26,364.51,0,41.64
102,2017,271,2000,13.22,.46263,.05,-6999
102,2017,271,2100,13.2,.08812,0,86.7
102,2017,271,2200,13.24,0,0,-80.5
102,2017,271,2300,13.26,0,0,-296.5
101,2017,271,2400,13.2,30256,.05
102,2017,271,2400,13.26,0,0,-375.6
102,2017,272,100,13.26,0,0,-395.8
102,2017,272,200,13.24,0,0,-386.1
102,2017,272,300,13.2,0,0,-370.1
102,2017,272,400,13.18,0,0,-322.6
102,2017,272,500,13.17,0,0,-415.5
102,2017,272,600,13.16,0,0,-918
102,2017,272,700,13.16,1.065,0,-1192
102,2017,272,800,13.19,153.39,0,-1265
102,2017,272,900,13.2,711.91,0,-707
102,2017,272,1000,13.21,1483,0,-81.1
102,2017,272,1100,13.21,2305.1,0,-45.47
102,2017,272,1200,13.22,3516.5,0,-6.803
102,2017,272,1300,13.22,4667,0,39.88
102,2017,272,1400,13.21,4143.5,0,72.9
102,2017,272,1500,13.21,3738,0,94.4
102,2017,272,1600,13.2,3171.4,0,121.2
102,2017,272,1700,13.2,1424.5,0,124.8
102,2017,272,1800,13.2,661.25,0,87.6
102,2017,272,1900,13.2,162.8,0,47.62
102,2017,272,2000,13.19,.27905,0,110.7
102,2017,272,2100,13.19,0,0,-15.36
102,2017,272,2200,13.2,0,0,-204.9
102,2017,272,2300,13.2,0,0,-322.1
101,2017,272,2400,13.16,26140,0
102,2017,272,2400,13.19,0,0,-431.2
102,2017,273,100,13.2,0,0,-496.3
102,2017,273,200,13.2,0,0,-651
102,2017,273,300,13.2,0,0,-681.9
102,2017,273,400,13.2,0,0,-739
102,2017,273,500,13.2,0,0,-1019
102,2017,273,600,13.21,0,0,-1055
102,2017,273,700,13.21,.7639,0,-1004
102,2017,273,800,13.21,180.76,0,-1081
102,2017,273,900,13.22,443.14,0,-662.7
102,2017,273,1000,13.22,1649.1,0,-302.7
102,2017,273,1100,13.22,3006.1,0,-28.04
102,2017,273,1200,13.21,2764,0,22.75
102,2017,273,1300,13.2,3029.4,0,38.57
102,2017,273,1400,13.2,1857.5,0,14.33
102,2017,273,1500,13.2,779.8,0,159.4
102,2017,273,1600,13.2,411.65,0,-208.1
102,2017,273,1700,13.19,699.5,0,-143.2
102,2017,273,1800,13.2,234.45,0,-138.7
102,2017,273,1900,13.2,70.331,0,-172.3
102,2017,273,2000,13.21,.08814,0,-165
102,2017,273,2100,13.2,0,0,-247.4
102,2017,273,2200,13.19,0,0,-321.7
102,2017,273,2300,13.2,0,0,-316.6
101,2017,273,2400,13.19,15127,0
102,2017,273,2400,13.21,0,0,-381.2
102,2017,274,100,13.21,0,0,-528.6
102,2017,274,200,13.22,0,0,-769
102,2017,274,300,13.21,0,0,-952
102,2017,274,400,13.22,0,0,-1064
102,2017,274,500,13.22,0,0,-1118
102,2017,274,600,13.22,0,0,-972
102,2017,274,700,13.23,1.6967,0,-829
102,2017,274,800,13.23,168.78,0,-911
102,2017,274,900,13.23,504.42,0,-923
102,2017,274,1000,13.23,1587.2,0,-411
102,2017,274,1100,13.22,3440.7,0,-93.8
102,2017,274,1200,13.22,4140.9,0,-22.63
102,2017,274,1300,13.21,4301.4,0,7.2
102,2017,274,1400,13.2,4756.7,0,36.9
102,2017,274,1500,13.2,4564.7,0,45.13
102,2017,274,1600,13.2,842.69,0,-6999
102,2017,274,1700,13.2,953.63,0,-210.6
102,2017,274,1800,13.2,1288.7,0,-11.46
102,2017,274,1900,13.2,121.92,0,50.96
102,2017,274,2000,13.2,0,0,55.78
102,2017,274,2100,13.2,0,0,57.96
102,2017,274,2200,13.2,0,0,53.73
102,2017,274,2300,13.2,0,0,43.99
101,2017,274,2400,13.2,26673,0
102,2017,274,2400,13.21,0,0,53.08
102,2017,275,100,13.21,0,0,45.86
102,2017,275,200,13.21,0,0,48.96
102,2017,275,300,13.22,0,0,47.97
102,2017,275,400,13.22,0,0,39.62
102,2017,275,500,13.22,0,0,14.76
102,2017,275,600,13.22,0,0,18.04
102,2017,275,700,13.21,.60228,0,15.36
102,2017,275,800,13.22,130.11,0,-21.19
102,2017,275,900,13.21,272.31,0,-101.5
102,2017,275,1000,13.21,1600.5,0,-35.87
102,2017,275,1100,13.2,3587,0,-3.799
102,2017,275,1200,13.2,4288.2,0,26.08
102,2017,275,1300,13.2,4603.8,0,40.25
102,2017,275,1400,13.18,4692.4,0,70.2
102,2017,275,1500,13.18,3805.6,0,82.4
102,2017,275,1600,13.18,3532.3,0,83.6
102,2017,275,1700,13.18,2125.4,0,99.8
102,2017,275,1800,13.18,416.17,0,44.85
102,2017,275,1900,13.18,19.116,0,60.86
102,2017,275,2000,13.18,3.7167,0,-61.34
102,2017,275,2100,13.18,.53621,0,13.19
102,2017,275,2200,13.18,0,0,34.75
102,2017,275,2300,13.18,0,0,24.7
101,2017,275,2400,13.18,29078,0
102,2017,275,2400,13.18,0,0,17.82
102,2017,276,100,13.18,0,0,33.43
102,2017,276,200,13.19,0,0,-2.625
102,2017,276,300,13.19,0,0,-4.684
102,2017,276,400,13.19,0,0,3.523
102,2017,276,500,13.19,0,0,25.78
102,2017,276,600,13.19,0,0,33.45
102,2017,276,700,13.19,.34522,0,26.02
102,2017,276,800,13.19,135.28,0,28.59
102,2017,276,900,13.2,359.97,0,-4.784
102,2017,276,1000,13.2,1664.8,0,-6.54
102,2017,276,1100,13.2,3597.8,0,35.88
102,2017,276,1200,13.2,4268.3,0,69.59
102,2017,276,1300,13.18,4607.2,0,100.6
102,2017,276,1400,13.18,4641.8,0,144.3
102,2017,276,1500,13.16,4365.2,0,165.1
102,2017,276,1600,13.16,3708.4,0,147.1
102,2017,276,1700,13.16,1433.1,.033,-6999
102,2017,276,1800,13.17,153.23,0,73.6
102,2017,276,1900,13.16,108.05,0,103.4
102,2017,276,2000,13.16,.20566,0,76.7
102,2017,276,2100,13.17,0,0,74.9
102,2017,276,2200,13.16,0,0,67.64
102,2017,276,2300,13.17,0,0,52.79
101,2017,276,2400,13.16,29044,.033
102,2017,276,2400,13.18,0,0,44.99
102,2017,277,100,13.18,0,0,31.6
102,2017,277,200,13.18,0,0,53.84
102,2017,277,300,13.18,0,0,21.76
102,2017,277,400,13.18,0,0,18.28
102,2017,277,500,13.19,0,0,3.792
102,2017,277,600,13.19,0,0,3.941
102,2017,277,700,13.2,1.2927,0,4.084
102,2017,277,800,13.19,139.77,0,-21.94
102,2017,277,900,13.2,295.64,0,-79.1
102,2017,277,1000,13.18,1636.7,0,12.77
102,2017,277,1100,13.17,3598.1,0,89.8
102,2017,277,1200,13.16,4280.9,0,124.3
102,2017,277,1300,13.14,4641.3,0,163
102,2017,277,1400,13.14,4651.9,0,183.9
102,2017,277,1500,13.15,4273.3,0,200.3
102,2017,277,1600,13.16,3269.7,0,215.2
102,2017,277,1700,13.14,964.54,.033,791
102,2017,277,1800,13.14,478.29,0,8.96
102,2017,277,1900,13.14,351.63,0,176.7
102,2017,277,2000,13.14,.05875,0,127.2
102,2017,277,2100,13.13,0,0,100.6
102,2017,277,2200,13.14,0,0,79.1
102,2017,277,2300,13.14,0,0,65.68
101,2017,277,2400,13.13,28583,.033
102,2017,277,2400,13.13,0,0,38.2
102,2017,278,100,13.13,0,0,21.14
102,2017,278,200,13.13,0,0,4.15
102,2017,278,300,13.13,0,0,1.943
102,2017,278,400,13.13,0,0,13.62
102,2017,278,500,13.14,0,0,22.08
102,2017,278,600,13.14,0,0,22.47
102,2017,278,700,13.14,.49948,0,23.07
102,2017,278,800,13.13,126.33,0,10.03
102,2017,278,900,13.14,288.46,0,-21.06
102,2017,278,1000,13.12,1653.4,0,50.19
102,2017,278,1100,13.12,3642,0,122.2
102,2017,278,1200,13.11,4370.7,0,158.6
102,2017,278,1300,13.11,4713.6,0,173.2
102,2017,278,1400,13.1,4699.9,0,199.9
102,2017,278,1500,13.09,4297.5,0,211
102,2017,278,1600,13.09,3724.6,0,236.4
102,2017,278,1700,13.08,2726.2,0,265.5
102,2017,278,1800,13.08,1518.3,0,247.5
102,2017,278,1900,13.08,538.67,0,-10.35
102,2017,278,2000,13.09,1.432,0,-352.8
102,2017,278,2100,13.09,3.6571,0,58.35
102,2017,278,2200,13.1,0,0,112.9
102,2017,278,2300,13.1,0,0,115.9
101,2017,278,2400,13.09,5.089,0
102,2017,278,2400,13.1,0,0,104.2
102,2017,279,100,13.11,0,0,96.9
102,2017,279,200,13.11,0,0,85.1
102,2017,279,300,13.13,0,0,92.5
102,2017,279,400,13.13,0,0,79.1
102,2017,279,500,13.14,0,0,56.43
102,2017,279,600,13.14,0,0,17.1
102,2017,279,700,13.14,1.0357,0,1.646
102,2017,279,800,13.14,154.09,0,-13.97
102,2017,279,900,13.14,312.29,0,-42.18
102,2017,279,1000,13.14,1623.6,0,6.33
102,2017,279,1100,13.13,3544.3,0,31.95
102,2017,279,1200,13.12,4250,0,50.23
102,2017,279,1300,13.12,4633.6,0,65.6
102,2017,279,1400,13.11,4659.2,0,100.4
102,2017,279,1500,13.11,4078,0,140.1
102,2017,279,1600,13.1,3623.8,0,139.4
102,2017,279,1700,13.1,2694.5,0,159.4
102,2017,279,1800,13.1,1537.4,0,188
102,2017,279,1900,13.1,445.16,0,186
102,2017,279,2000,13.1,0,0,104.5
102,2017,279,2100,13.1,0,0,70.9
102,2017,279,2200,13.1,0,0,90.6
102,2017,279,2300,13.1,0,0,79.1
101,2017,279,2400,13.1,31557,0
102,2017,279,2400,13.1,0,0,93.1
102,2017,280,100,13.1,0,0,80.6
102,2017,280,200,13.1,0,0,74.9
102,2017,280,300,13.1,0,0,86.7
102,2017,280,400,13.1,0,0,84.5
102,2017,280,500,13.11,0,0,76.8
102,2017,280,600,13.11,0,0,42.62
102,2017,280,700,13.11,1.3515,0,11.61
102,2017,280,800,13.12,146.24,0,9.68
102,2017,280,900,13.12,689.94,0,20.16
102,2017,280,1000,13.12,1751.9,0,36.71
102,2017,280,1100,13.12,3435.1,0,106.7
102,2017,280,1200,13.12,3283,0,146.9
102,2017,280,1300,13.12,3701,0,168.4
102,2017,280,1400,13.12,2605.6,0,198.1
102,2017,280,1500,13.12,3557.2,0,203.5
102,2017,280,1600,13.12,3537.4,0,169.3
102,2017,280,1700,13.12,958.27,0,-93.9
102,2017,280,1800,13.11,431.47,0,147.1
102,2017,280,1900,13.1,98.388,0,-554.2
102,2017,280,2000,13.12,.1689,0,-101.4
102,2017,280,2100,13.1,0,0,68.91
102,2017,280,2200,13.1,0,0,69.42
102,2017,280,2300,13.1,0,0,67.93
101,2017,280,2400,13.1,24197,0
102,2017,280,2400,13.11,0,0,110.2
102,2017,281,100,13.1,0,0,94.7
102,2017,281,200,13.1,0,0,92.3
102,2017,281,300,13.1,0,0,74
102,2017,281,400,13.1,0,0,77.6
102,2017,281,500,13.11,0,0,74.2
102,2017,281,600,13.12,0,0,72.4
102,2017,281,700,13.12,1.021,0,42.23
102,2017,281,800,13.12,144.21,0,21.46
102,2017,281,900,13.13,301.16,0,28.15
102,2017,281,1000,13.13,1569.4,0,46.25
102,2017,281,1100,13.12,3528.1,0,90
102,2017,281,1500,13.24,706.42,0,-68.67
102,2017,281,1600,13.24,1622.8,0,76.8
102,2017,281,1700,13.24,1697.6,0,159.7
102,2017,281,1800,13.24,640.56,0,83.4
102,2017,281,1900,13.24,151.04,0,141.9
102,2017,281,2000,13.24,.85184,0,148.6
102,2017,281,2100,13.24,0,0,135.1
102,2017,281,2200,13.24,0,0,136.4
102,2017,281,2300,13.24,0,0,109.7
101,2017,281,2400,13.24,4819.3,0
102,2017,281,2400,13.25,0,0,145.6
102,2017,282,100,13.24,0,0,118.4
102,2017,282,200,13.25,0,0,111.2
102,2017,282,300,13.25,0,0,89.1
102,2017,282,400,13.26,0,0,91.8
102,2017,282,500,13.26,0,0,82.1
102,2017,282,600,13.26,0,0,73.1
102,2017,282,700,13.26,1.2267,0,41.44
102,2017,282,800,13.27,156.44,0,33.32
102,2017,282,900,13.26,332.42,0,17.56
102,2017,282,1000,13.26,1564.5,0,46.11
102,2017,282,1100,13.26,3467.3,0,103.5
102,2017,282,1200,13.26,4053.2,0,160.5
102,2017,282,1300,13.25,4111.9,0,184.5
102,2017,282,1400,13.24,3279.6,0,195.4
102,2017,282,1500,13.24,3944.1,0,196.9
102,2017,282,1600,13.24,3231.4,0,215.8
102,2017,282,1700,13.23,2705.4,0,202.3
102,2017,282,1800,13.22,21.553,.067,-6999
102,2017,282,1900,13.23,6.007,.017,308.4
102,2017,282,2000,13.24,0,0,89.3
102,2017,282,2100,13.24,0,0,115.7
102,2017,282,2200,13.24,0,0,114.5
102,2017,282,2300,13.24,0,0,102.5
101,2017,282,2400,13.22,27.56,.083
102,2017,282,2400,13.24,0,0,105.7
102,2017,283,100,13.24,0,0,102.2
102,2017,283,200,13.25,0,0,112.7
102,2017,283,300,13.25,0,0,75.7
102,2017,283,400,13.25,0,0,74.4
102,2017,283,500,13.25,0,0,84.6
102,2017,283,600,13.26,0,0,71.7
102,2017,283,700,13.26,1.043,0,65.66
102,2017,283,800,13.26,171.86,0,64.11
102,2017,283,900,13.26,562.26,0,50.4
102,2017,283,1000,13.26,1800,0,74.2
102,2017,283,1100,13.26,2222.3,0,97.6
102,2017,283,1200,13.26,2276.2,0,94.4
102,2017,283,1300,13.25,4291.8,0,126.4
102,2017,283,1400,13.24,3160,0,137.7
102,2017,283,1500,13.24,3873.8,0,113.7
102,2017,283,1600,13.24,1892,0,61.18
102,2017,283,1700,13.24,2868.8,0,112.3
102,2017,283,1800,13.24,1205.5,0,134.5
102,2017,283,1900,13.24,132.8,0,71.2
102,2017,283,2000,13.24,.05875,0,77.6
102,2017,283,2100,13.24,0,0,88.4
102,2017,283,2200,13.24,0,0,79.6
102,2017,283,2300,13.24,0,0,68.01
101,2017,283,2400,13.24,24458,0
102,2017,283,2400,13.24,0,0,70.6
102,2017,284,100,13.25,0,0,69.36
102,2017,284,200,13.25,.08079,0,-46.79
102,2017,284,300,13.25,0,0,-429.3
102,2017,284,400,13.25,0,0,-375.1
102,2017,284,500,13.26,0,0,-308.6
102,2017,284,600,13.26,0,0,-319.3
102,2017,284,700,13.26,1.1606,0,-289.5
102,2017,284,800,13.26,184.68,0,-270.1
102,2017,284,900,13.26,424.77,0,-227.4
102,2017,284,1000,13.26,1932.2,0,-92.1
102,2017,284,1100,13.26,3212.8,0,83.4
102,2017,284,1200,13.26,3736.5,0,37.74
102,2017,284,1300,13.26,3807,0,31.06
102,2017,284,1400,13.25,2298.7,0,-2.053
102,2017,284,1500,13.25,1005.2,0,15.08
102,2017,284,1600,13.24,2649.2,0,38.84
102,2017,284,1700,13.24,2526.9,0,73.1
102,2017,284,1800,13.24,1336.5,0,84.5
102,2017,284,1900,13.24,276.32,0,81.3
102,2017,284,2000,13.24,0,0,63.93
102,2017,284,2100,13.24,0,0,76.9
102,2017,284,2200,13.24,0,0,94.1
102,2017,284,2300,13.24,0,0,94.6
101,2017,284,2400,13.24,23392,0
102,2017,284,2400,13.25,0,0,84.7
102,2017,285,100,13.26,0,0,86.3
102,2017,285,200,13.26,0,0,80.8
102,2017,285,300,13.26,0,0,83.8
102,2017,285,400,13.26,0,0,80.4
102,2017,285,500,13.26,0,0,80.1
102,2017,285,600,13.27,0,0,78.1
102,2017,285,700,13.27,.03673,0,71.4
102,2017,285,800,13.27,128.8,0,66.04
102,2017,285,900,13.27,616.32,0,75.4
102,2017,285,1000,13.27,956.53,0,67.63
102,2017,285,1100,13.27,1128.7,0,45.29
102,2017,285,1200,13.27,1026.6,0,49.2
102,2017,285,1300,13.27,1557.4,0,54.82
102,2017,285,1400,13.27,4320.1,0,60.67
102,2017,285,1500,13.26,4203.3,0,77.7
102,2017,285,1600,13.26,2946.4,0,96.3
102,2017,285,1700,13.26,2750.3,0,133.6
102,2017,285,1800,13.26,1652.9,0,110.8
102,2017,285,1900,13.26,465.51,0,120
102,2017,285,2000,13.26,.12486,0,89.7
102,2017,285,2100,13.26,0,0,81.2
102,2017,285,2200,13.26,0,0,20.72
102,2017,285,2300,13.26,0,0,42.67
101,2017,285,2400,13.26,0,0
102,2017,285,2400,13.26,0,0,45.48
102,2017,286,100,13.26,0,0,60.82
102,2017,286,200,13.26,0,0,86.5
102,2017,286,300,13.26,0,0,84.6
102,2017,286,400,13.26,0,0,79.7
102,2017,286,500,13.27,0,0,78.4
102,2017,286,600,13.27,0,0,61.79
102,2017,286,700,13.27,.58027,0,37.03
102,2017,286,800,13.27,153.28,0,52.89
102,2017,286,900,13.28,485.34,0,78.2
102,2017,286,1000,13.29,1069.2,0,78
102,2017,286,1100,13.28,2468.9,0,49.37
102,2017,286,1200,13.28,3808.4,0,66.63
102,2017,286,1300,13.27,3144.9,0,109
102,2017,286,1400,13.27,2234.1,0,128.3
102,2017,286,1500,13.26,3482.7,0,144.7
102,2017,286,1600,13.26,1507.3,0,145.1
102,2017,286,1700,13.26,1783.2,0,154.1
102,2017,286,1800,13.26,45.075,0,248.1
102,2017,297,800,13.33,93.638,0,62.15
102,2017,297,900,13.31,746.37,0,137.3
102,2017,297,1000,13.31,1551.3,0,181.2
102,2017,297,1100,13.3,2333.1,0,167
102,2017,297,1200,13.29,3011.4,0,135
102,2017,297,1300,13.29,3830.1,0,125.4
102,2017,297,1400,13.28,1342.7,0,137.4
102,2017,297,1500,13.28,2506.8,0,120.9
102,2017,297,1600,13.28,1461.8,0,126.9
102,2017,297,1700,13.28,1020,0,157
102,2017,297,1800,13.28,479.31,0,141.6
102,2017,297,1900,13.29,104.98,0,130.6
102,2017,297,2000,13.29,0,0,128.6
102,2017,297,2100,13.29,0,0,116.2
102,2017,297,2200,13.29,0,0,103.8
102,2017,297,2300,13.29,0,0,92.8
101,2017,297,2400,13.28,18482,0
102,2017,297,2400,13.29,0,0,84
102,2017,298,100,13.29,0,0,82.1
102,2017,298,200,13.29,0,0,95.3
102,2017,298,300,13.29,0,0,99.7
102,2017,298,400,13.29,0,0,81.3
102,2017,298,500,13.29,0,0,98.8
102,2017,298,600,13.29,0,0,-50.16
102,2017,298,700,13.29,1.1972,0,-152.1
102,2017,298,900,13.31,268.56,0,72.9
102,2017,298,1000,13.3,1842.4,0,106.3
102,2017,298,1100,13.3,3610,0,121.1
102,2017,298,1200,13.29,4337.8,0,98
102,2017,298,1300,13.29,4689,0,127
102,2017,298,1400,13.28,4174.3,0,246.2
102,2017,298,1500,13.27,1248,0,102.3
102,2017,298,1600,13.27,2099.6,0,119.3
102,2017,298,1700,13.27,1637,0,118.5
102,2017,298,1800,13.27,1460.7,0,135.1
102,2017,298,1900,13.27,187.98,0,138.4
102,2017,298,2000,13.27,0,0,144.8
102,2017,298,2100,13.27,0,0,141.1
102,2017,298,2200,13.27,0,0,31.43
102,2017,298,2300,13.27,0,0,-20.17
101,2017,298,2400,13.27,25555,0
102,2017,298,2400,13.27,0,0,-209.2
102,2017,299,100,13.28,0,0,-213.6
102,2017,299,200,13.29,0,0,-290
102,2017,299,300,13.28,0,0,-320.3
102,2017,299,400,13.28,0,0,-419.1
102,2017,299,500,13.28,0,0,-433.6
102,2017,299,600,13.29,0,0,-397.4
102,2017,299,700,13.29,2.5047,0,-408.3
102,2017,299,800,13.29,255.9,0,-331.4
102,2017,299,900,13.29,367.24,0,-24.35
102,2017,299,1000,13.29,2140.1,0,39.21
102,2017,299,1100,13.29,3439.3,0,59.95
102,2017,299,1200,13.28,4497.6,0,55.67
102,2017,299,1300,13.27,4630.5,0,92.1
102,2017,299,1400,13.27,4126.5,0,129.3
102,2017,299,1500,13.27,4226.5,0,154.9
102,2017,299,1600,13.28,76.453,0,445.5
102,2017,299,1700,13.28,299.41,0,43.65
102,2017,299,1800,13.28,294,0,53.47
102,2017,299,1900,13.27,144.94,0,125.7
102,2017,299,2000,13.27,0,0,117.2
102,2017,299,2100,13.27,0,0,117.3
102,2017,299,2200,13.27,0,0,118.2
102,2017,299,2300,13.27,0,0,116.6
101,2017,299,2400,13.27,814.81,0
102,2017,299,2400,13.27,0,0,110.9
102,2017,300,100,13.27,0,0,-23.52
102,2017,300,200,13.27,0,0,-75.7
102,2017,300,300,13.28,0,0,-100.3
102,2017,300,400,13.28,0,0,-27.18
102,2017,300,500,13.28,0,0,-75.8
102,2017,300,600,13.29,0,0,-52.51
102,2017,300,700,13.29,2.8205,0,-104.1
102,2017,300,800,13.29,288.93,0,-371.6
102,2017,300,1000,13.31,674.71,0,58.02
102,2017,300,1100,13.29,3135.3,0,79.3
102,2017,300,1200,13.29,4004.4,0,122.5
102,2017,300,1300,13.28,4682.6,0,143.5
102,2017,300,1400,13.27,4526.9,0,149.4
102,2017,300,1500,13.27,4234.1,0,158.4
102,2017,300,1600,13.26,3165.6,0,154
102,2017,300,1700,13.26,2878.5,0,181.1
102,2017,300,1800,13.26,1557.1,0,198.7
102,2017,300,1900,13.25,317.85,0,181.8
102,2017,300,2000,13.25,0,0,144.8
102,2017,300,2100,13.26,0,0,133.4
102,2017,300,2200,13.25,0,0,113.7
102,2017,300,2300,13.26,0,0,131.9
101,2017,300,2400,13.25,29177,0
102,2017,300,2400,13.26,0,0,139.8
102,2017,301,100,13.26,0,0,130.5
102,2017,301,200,13.26,0,0,141.5
102,2017,301,300,13.27,0,0,104.9
102,2017,301,400,13.27,0,0,71.5
102,2017,301,500,13.27,0,0,47.25
102,2017,301,600,13.27,0,0,69.15
102,2017,301,700,13.28,2.255,0,76.4
102,2017,301,800,13.28,236.64,0,81.6
102,2017,301,900,13.29,422.4,0,77.1
102,2017,301,1000,13.29,2221.1,0,78.7
102,2017,301,1100,13.28,3340.5,0,117.3
102,2017,301,1200,13.27,4005.2,0,145.6
102,2017,301,1300,13.27,4423.6,0,172.9
102,2017,301,1400,13.26,4091.9,0,193
102,2017,301,1500,13.26,3988.7,0,196
102,2017,301,1600,13.25,3449.3,0,212.8
102,2017,301,1700,13.24,2472.9,0,223.7
102,2017,301,1800,13.24,1075.9,0,211.3
102,2017,301,1900,13.24,233.46,0,190.5
102,2017,301,2000,13.24,0,0,155
102,2017,301,2100,13.24,0,0,149.4
102,2017,301,2200,13.25,0,0,144.5
102,2017,301,2300,13.25,0,0,135.8
101,2017,301,2400,13.24,29964,0
102,2017,301,2400,13.26,0,0,125.9
102,2017,302,100,13.26,0,0,113.5
102,2017,302,200,13.26,0,0,35.02
102,2017,302,300,13.26,0,0,11.55
102,2017,302,400,13.27,0,0,72.7
102,2017,302,500,13.27,0,0,84.3
102,2017,302,600,13.27,0,0,82.5
102,2017,302,700,13.28,2.4019,0,63.74
102,2017,302,800,13.28,233.27,0,55.44
102,2017,302,900,13.29,411.68,0,65.25
102,2017,302,1000,13.29,2136.4,0,68.9
102,2017,302,1100,13.28,3520.2,0,104
102,2017,302,1200,13.27,4064.4,0,156.3
102,2017,302,1300,13.26,4177.7,0,179.6
102,2017,302,1400,13.26,3810.9,0,195.9
102,2017,302,1500,13.25,3811.1,0,200.2
102,2017,302,1600,13.24,2424.6,0,206.9
102,2017,302,1700,13.24,1806.9,0,224.7
102,2017,302,1800,13.24,1191.9,0,230.2
102,2017,302,1900,13.24,221.81,0,195
102,2017,302,2000,13.25,0,0,141.9
102,2017,302,2100,13.25,0,0,133
102,2017,302,2200,13.25,0,0,103.2
102,2017,302,2300,13.24,0,0,98.8
101,2017,302,2400,13.24,27813,0
102,2017,302,2400,13.25,0,0,71.8
102,2017,303,100,13.26,0,0,66.42
102,2017,303,200,13.26,0,0,35.96
102,2017,303,300,13.26,0,0,-67.45
102,2017,303,400,13.26,0,0,49.43
102,2017,303,500,13.27,0,0,89.3
102,2017,303,600,13.27,0,0,67.18
102,2017,303,700,13.27,.83001,0,45.71
102,2017,303,800,13.27,215.06,0,77.9
102,2017,303,900,13.29,469.66,0,63.79
102,2017,303,1000,13.28,2307.5,0,70.5
102,2017,303,1100,13.27,3576.8,0,118.5
102,2017,303,1200,13.27,4099.8,0,94.2
102,2017,303,1300,13.26,4645.6,0,124.4
102,2017,303,1400,13.26,4675.5,0,137.7
102,2017,303,1500,13.25,3753.8,0,185.1
102,2017,303,1600,13.24,1957.8,0,195
102,2017,303,1700,13.24,1950.1,0,233.1
102,2017,303,1800,13.24,709.48,0,256.8
102,2017,303,1900,13.24,91.051,0,178.6
102,2017,303,2000,13.25,0,0,151.1
102,2017,303,2100,13.25,0,0,138.1
102,2017,303,2200,13.25,0,0,132.8
102,2017,303,2300,13.25,0,0,123.9
101,2017,303,2400,13.24,28453,0
102,2017,303,2400,13.25,0,0,108.4
102,2017,304,100,13.25,0,0,105.8
102,2017,304,200,13.25,0,0,122.3
102,2017,304,300,13.26,0,0,96.5
102,2017,304,400,13.26,0,0,3.231
102,2017,304,500,13.25,0,0,-55.34
102,2017,304,600,13.26,0,0,-107.7
102,2017,304,700,13.26,2.5488,0,-434.6
102,2017,304,800,13.26,229.61,0,-368.9
102,2017,304,900,13.27,356.99,0,-24.91
102,2017,304,1300,13.27,2927.5,0,121.7
102,2017,304,1400,13.26,4335.4,0,153.8
102,2017,304,1500,13.26,4335.6,0,152.9
102,2017,304,1600,13.25,3427,0,166.2
102,2017,304,1700,13.24,2648.3,0,198.6
102,2017,304,1800,13.25,1546.2,0,209.9
102,2017,304,1900,13.25,300.67,0,210.4
102,2017,304,2000,13.24,.11749,0,162.9
102,2017,304,2100,13.25,0,0,159.5
102,2017,304,2200,13.25,0,0,153.1
102,2017,304,2300,13.25,0,0,147
101,2017,304,2400,13.25,0,0
102,2017,304,2400,13.25,0,0,141.5
102,2017,305,100,13.25,0,0,139.3
102,2017,305,200,13.25,0,0,131.8
102,2017,305,300,13.25,0,0,120.8
102,2017,305,400,13.26,0,0,72.6
102,2017,305,500,13.26,0,0,35.42
102,2017,305,600,13.26,0,0,69.31
102,2017,305,700,13.27,1.8951,0,59.54
102,2017,305,800,13.27,187.97,0,63.96
102,2017,305,900,13.27,262.63,0,49.72
102,2017,305,1000,13.27,2405.4,0,56.51
102,2017,305,1100,13.27,3630.8,0,112
102,2017,305,1200,13.26,4229.9,0,156.9
102,2017,305,1300,13.26,4617.5,0,171.9
102,2017,305,1400,13.26,4613.5,0,210.2
102,2017,305,1500,13.25,4191.5,0,228.7
102,2017,305,1600,13.24,3003.5,0,244
102,2017,305,1700,13.24,949.12,0,281.2
102,2017,305,1800,13.24,373.78,0,255.1
102,2017,305,1900,13.23,126.43,0,215
102,2017,305,2000,13.24,.54342,0,185.1
102,2017,305,2100,13.23,0,0,172.6
102,2017,305,2200,13.24,0,0,154
102,2017,305,2300,13.24,0,0,140.4
101,2017,305,2400,13.23,28595,0
102,2017,305,2400,13.24,0,0,44.73
102,2017,306,100,13.25,.30845,0,-185.1
102,2017,306,200,13.25,1.4101,0,-101.1
102,2017,306,300,13.26,0,0,-3.704
102,2017,306,400,13.26,.00734,0,-6.412
102,2017,306,500,13.26,0,0,10.19
102,2017,306,600,13.26,0,0,28.44
102,2017,306,700,13.26,1.66,0,-12.71
102,2017,306,800,13.26,286.16,0,-14.56
102,2017,306,900,13.26,769.66,0,79.4
102,2017,306,1000,13.26,1526.3,0,26.71
102,2017,306,1100,13.26,2409.9,0,16.79
102,2017,306,1200,13.26,2574.8,0,38.28
102,2017,306,1300,13.26,2491.2,0,59.8
102,2017,306,1400,13.25,3246.1,0,70.2
102,2017,306,1500,13.24,3410.6,0,92.2
102,2017,306,1600,13.24,2604,0,109
102,2017,306,1700,13.24,1745.8,0,118.1
102,2017,306,1800,13.24,1430.7,0,182.1
102,2017,306,1900,13.24,1.5862,0,-214.3
102,2017,306,2000,13.24,1.9974,0,-147.1
102,2017,306,2100,13.26,0,0,-202.8
102,2017,306,2200,13.26,.05141,0,-269.2
102,2017,306,2300,13.26,.02204,0,-261.1
101,2017,306,2400,13.24,3.657,0
102,2017,306,2400,13.26,0,0,-414.1
102,2017,307,100,13.26,0,0,-323.2
102,2017,307,200,13.26,0,0,12.72
102,2017,307,300,13.26,0,0,-179.7
102,2017,307,400,13.26,0,0,-180.7
102,2017,307,500,13.27,0,0,-189
102,2017,307,600,13.27,0,0,16.17
102,2017,307,700,13.27,3.7093,0,-143.6
102,2017,307,800,13.27,279.52,0,-144.8
102,2017,307,900,13.27,647.14,0,-77.6
102,2017,307,1000,13.27,2314.8,0,63.61
102,2017,307,1100,13.27,3419.9,0,136.9
102,2017,307,1200,13.27,4138.2,0,51.72
102,2017,307,1300,13.26,3949.4,0,47.65
102,2017,307,1400,13.26,4543.2,0,64.57
102,2017,307,1500,13.25,3785.3,0,75.1
102,2017,307,1600,13.25,1716.3,0,90.1
102,2017,307,1700,13.26,472.97,0,-84.5
102,2017,307,1800,13.27,128.4,0,81.4
102,2017,307,1900,13.27,65.44,0,79.3
102,2017,307,2000,13.27,0,0,27.31
102,2017,307,2100,13.27,0,0,-100.6
102,2017,307,2200,13.27,0,0,103.3
102,2017,307,2300,13.28,0,0,-34.88
101,2017,307,2400,13.25,25464,0
102,2017,307,2400,13.28,0,0,-224
102,2017,308,100,13.28,0,0,-269.4
102,2017,308,200,13.28,0,0,-200.2
102,2017,308,300,13.29,0,0,-224.5
102,2017,308,400,13.29,0,0,-229.1
102,2017,308,500,13.29,0,0,-220.7
102,2017,308,600,13.29,0,0,-214
102,2017,308,700,13.29,2.0052,0,-217.2
102,2017,308,800,13.3,197.92,0,-199.1
102,2017,308,900,13.29,764.26,0,-223.9
102,2017,308,1000,13.3,1576.3,0,-85.4
102,2017,308,1100,13.3,2739,0,15.66
102,2017,308,1200,13.29,4222.3,0,57.66
102,2017,308,1300,13.29,4839.1,0,18.55
102,2017,308,1400,13.28,4089.7,0,51.94
102,2017,308,1500,13.27,1685.6,0,31.42
102,2017,308,1600,13.27,235.47,0,-138.9
102,2017,308,1700,13.27,249.5,0,-157.8
102,2017,308,1800,13.28,151.05,0,-554.2
102,2017,308,1900,13.28,21.125,0,-525.7
102,2017,308,2000,13.28,0,0,-74.8
102,2017,308,2100,13.28,0,0,38.21
102,2017,308,2200,13.28,0,0,43.42
102,2017,308,2300,13.28,0,0,48.7
101,2017,308,2400,13.27,20773,0
102,2017,308,2400,13.29,0,0,-49.76
102,2017,309,100,13.29,0,0,-295.9
102,2017,309,200,13.29,0,0,-158.9
102,2017,309,300,13.29,0,0,-124.4
102,2017,309,400,13.3,0,0,-140.1
102,2017,309,500,13.3,0,0,-167.1
102,2017,309,600,13.3,0,0,-247.4
102,2017,309,700,13.3,.33052,0,-219.5
102,2017,309,800,13.3,73.295,0,-224.9
102,2017,309,900,13.3,281.79,0,-210.9
102,2017,309,1000,13.3,1354.9,0,-216.1
102,2017,309,1100,13.3,1918.9,0,-146.7
102,2017,309,1200,13.3,1096.3,0,42.4
102,2017,309,1300,13.3,836.82,0,88.8
102,2017,309,1400,13.29,2923.2,0,111.6
102,2017,309,1500,13.29,3836.8,0,60.29
102,2017,309,1600,13.29,2922.3,0,62.5
102,2017,309,1700,13.28,1692.1,0,57.94
102,2017,309,1800,13.28,1152.7,0,54.97
102,2017,309,1900,13.28,299.3,0,74.4
102,2017,309,2000,13.28,.74921,0,70.6
102,2017,309,2100,13.29,0,0,66.66
102,2017,309,2200,13.29,0,0,36.2
102,2017,309,2300,13.29,0,0,22.23
101,2017,309,2400,13.28,13664,0
102,2017,309,2400,13.29,0,0,49.49
102,2017,310,100,13.29,0,0,47.69
102,2017,310,200,13.29,0,0,-18.95
102,2017,310,300,13.29,0,0,-208.9
102,2017,310,400,13.29,0,0,-482
102,2017,310,500,13.3,0,0,-529.1
102,2017,310,600,13.3,0,0,-353.1
102,2017,310,700,13.31,.95483,0,-177.8
102,2017,310,800,13.31,183.36,0,-75.7
102,2017,310,900,13.31,628,0,9.92
102,2017,310,1000,13.3,2454.1,0,44.17
102,2017,310,1100,13.3,2869.6,0,46.17
102,2017,310,1200,13.29,3629.9,0,73.5
102,2017,310,1300,13.29,4331.9,0,56.39
102,2017,310,1400,13.28,3559.5,0,64.49
102,2017,310,1500,13.27,3060.8,0,107.1
102,2017,310,1600,13.27,2097.4,0,127.1
102,2017,310,1700,13.27,2733.3,0,124.4
102,2017,310,1800,13.27,1045.5,0,119.4
102,2017,310,1900,13.27,49.897,0,126.4
102,2017,310,2000,13.27,0,0,120.1
102,2017,310,2100,13.27,0,0,98.5
102,2017,310,2200,13.27,0,0,-90.1
102,2017,310,2300,13.27,0,0,-104.8
101,2017,310,2400,13.27,26644,0
102,2017,310,2400,13.27,.01469,0,-190.3
102,2017,311,100,13.28,0,0,-242
102,2017,311,200,13.28,0,0,-271.1
102,2017,311,300,13.28,0,0,-227.8
102,2017,311,400,13.28,0,0,-157.4
102,2017,311,500,13.28,0,0,-190.3
102,2017,311,600,13.29,0,0,-170.4
102,2017,311,700,13.29,5.0681,0,-191.5
102,2017,311,800,13.29,253.16,0,-225.7
102,2017,311,900,13.29,725.79,0,-282.1
102,2017,311,1000,13.29,1081.6,0,-507
102,2017,311,1100,13.31,332.86,0,60.61
102,2017,311,1200,13.3,2430.5,0,72.6
102,2017,311,1300,13.29,3560.3,0,67.27
102,2017,311,1400,13.29,2987.2,0,-24.26
102,2017,311,1700,13.31,88.535,0,-357.4
102,2017,311,1800,13.3,336.76,0,-249.6
102,2017,311,1900,13.3,138.58,0,62.09
102,2017,311,2000,13.29,.30849,0,-113.5
102,2017,311,2100,13.29,0,0,-37.79
102,2017,311,2200,13.29,0,0,-37.73
102,2017,311,2300,13.29,0,0,-28.95
101,2017,311,2400,13.29,564.17,0
102,2017,311,2400,13.29,0,0,-266
102,2017,312,100,13.29,0,0,-231.4
102,2017,312,200,13.3,0,0,-162.1
102,2017,312,300,13.3,0,0,-95.3
102,2017,312,400,13.3,0,0,-203
102,2017,312,500,13.3,0,0,-265.8
102,2017,312,600,13.31,0,0,-304.5
102,2017,312,700,13.31,1.8215,0,-303
102,2017,312,800,13.31,191.58,0,-355
102,2017,312,900,13.31,649.89,0,-93.6
102,2017,312,1000,13.31,2412.8,0,6.932
102,2017,312,1100,13.31,2275.9,0,43.76
102,2017,312,1200,13.3,2648.5,0,27.11
102,2017,312,1300,13.29,4567.8,0,31.66
102,2017,312,1400,13.29,4542.7,0,39.33
102,2017,312,1500,13.28,4455,0,50.48
102,2017,312,1600,13.27,2277,0,74.1
102,2017,312,1700,13.27,440.08,0,112.6
102,2017,312,1800,13.28,211.31,0,23.09
102,2017,312,1900,13.28,96.413,0,39.24
102,2017,312,2000,13.28,0,0,59.76
102,2017,312,2100,13.28,0,0,62.78
102,2017,312,2200,13.28,0,0,-71.4
102,2017,312,2300,13.28,0,0,-318.5
101,2017,312,2400,13.27,24771,0
102,2017,312,2400,13.29,0,0,-349.7
102,2017,313,100,13.29,0,0,-384.8
102,2017,313,200,13.29,0,0,-421.6
102,2017,313,300,13.29,0,0,-320.3
102,2017,313,400,13.29,0,0,-386.3
102,2017,313,500,13.29,0,0,-394.4
102,2017,313,600,13.29,0,0,-486.1
102,2017,313,700,13.29,2.1521,0,-560.9
102,2017,313,800,13.3,253.6,0,-543.6
102,2017,313,900,13.3,787.98,0,-156.8
102,2017,313,1000,13.3,2555.6,0,49.05
102,2017,313,1100,13.3,3325.4,0,71.3
102,2017,313,1200,13.29,2755.2,0,45.61
102,2017,313,1300,13.29,3647.8,0,36.77
102,2017,313,1400,13.28,2705.2,0,55.59
102,2017,313,1500,13.27,2537.8,0,77.8
102,2017,313,1600,13.27,281.07,0,96.9
102,2017,313,1700,13.28,169.01,0,85.8
102,2017,313,1800,13.29,118.74,0,74.7
102,2017,313,1900,13.29,36.615,0,87.2
102,2017,313,2000,13.29,0,0,121.4
102,2017,313,2100,13.29,0,0,-.76
102,2017,313,2200,13.29,0,0,-53.49
102,2017,313,2300,13.29,0,0,34.77
101,2017,313,2400,13.27,19176,0
102,2017,313,2400,13.29,0,0,-169.7
102,2017,314,100,13.3,0,0,-261.6
102,2017,314,200,13.3,0,0,-363.9
102,2017,314,300,13.3,0,0,-471.4
102,2017,314,400,13.3,0,0,-555.2
102,2017,314,500,13.31,0,0,-581.7
102,2017,314,600,13.31,0,0,-671.5
102,2017,314,700,13.31,1.2045,0,-656.5
102,2017,314,800,13.31,95.657,0,-568.7
102,2017,314,900,13.33,700.53,0,-559.7
102,2017,314,1000,13.32,2308.6,0,-166
102,2017,314,1100,13.31,3355.8,0,-6.128
102,2017,314,1200,13.31,3825.4,0,10.57
102,2017,314,1300,13.3,4248.1,0,38.35
102,2017,314,1400,13.29,4128.6,0,72.2
102,2017,314,1500,13.28,2760.8,.017,-6999
102,2017,314,1600,13.28,372.8,0,-237.6
102,2017,314,1700,13.29,483.81,0,-343.8
102,2017,314,1800,13.29,350.85,0,71.6
102,2017,314,1900,13.29,139.38,0,113.6
102,2017,314,2000,13.3,0,0,85.4
102,2017,314,2100,13.29,0,0,101.4
102,2017,314,2200,13.3,0,0,66.24
102,2017,314,2300,13.3,0,0,-43.93
101,2017,314,2400,13.3,0,0
102,2017,314,2400,13.3,0,0,-79.6
102,2017,315,100,13.3,0,0,-84.1
102,2017,315,200,13.3,0,0,-141.4
102,2017,315,300,13.3,0,0,-211.4
102,2017,315,400,13.3,0,0,-368
102,2017,315,500,13.31,0,0,-488.5
102,2017,315,600,13.31,0,0,-358.7
102,2017,315,700,13.31,2.0859,0,-308.9
102,2017,315,800,13.31,218.67,0,-408.1
102,2017,315,900,13.31,490.43,0,-319.6
102,2017,315,1000,13.31,2312.1,0,-7.33
102,2017,315,1100,13.31,3404.3,0,43.98
102,2017,315,1200,13.3,3966,0,21.61
102,2017,315,1300,13.3,3964.9,0,41.33
102,2017,315,1400,13.3,155.54,0,33.58
102,2017,315,1500,13.29,1296.7,0,84.8
102,2017,315,1600,13.29,2313.4,0,78.2
102,2017,315,1700,13.28,1299.9,0,101
102,2017,315,1800,13.28,705.77,0,107
102,2017,315,1900,13.28,315.21,0,98.8
102,2017,315,2000,13.28,0,0,71.6
102,2017,315,2100,13.28,0,0,29.08
102,2017,315,2200,13.29,0,0,41.17
102,2017,315,2300,13.29,0,0,32.26
101,2017,315,2400,13.28,6086.5,0
102,2017,315,2400,13.29,0,0,67.88
102,2017,316,100,13.29,0,0,25.01
102,2017,316,200,13.29,0,0,-38.93
102,2017,316,300,13.3,0,0,21.77
102,2017,316,400,13.3,0,0,6.105
102,2017,316,500,13.31,0,0,-56.7
102,2017,316,600,13.31,0,0,-22.74
102,2017,316,700,13.31,2.791,0,-199.3
102,2017,316,800,13.31,168.52,0,-150.9
102,2017,316,900,13.31,468.74,0,-23.45
102,2017,316,1000,13.31,1031.8,0,43.91
102,2017,316,1100,13.3,1817.5,0,70.6
102,2017,316,1200,13.3,2525.9,0,80.8
102,2017,316,1300,13.29,4084.2,0,102
102,2017,316,1400,13.29,2195.9,0,28.06
102,2017,316,1500,13.28,1723.3,0,-199.5
102,2017,316,1600,13.28,1605.3,0,-4.53
102,2017,316,1700,13.28,1091.6,0,-297.4
102,2017,316,2000,13.29,.96955,0,-438.1
102,2017,316,2100,13.32,0,0,-355.1
102,2017,316,2200,13.29,0,0,-402.8
102,2017,316,2300,13.3,0,0,-369.1
101,2017,316,2400,13.29,0,0
102,2017,316,2400,13.29,0,0,-309.3
102,2017,317,100,13.29,0,0,-344
102,2017,317,200,13.3,0,0,-414
102,2017,317,300,13.3,0,0,-406.8
102,2017,317,400,13.3,0,0,-411.2
102,2017,317,500,13.3,0,0,-462.2
102,2017,317,600,13.31,0,0,-457.8
102,2017,317,700,13.31,2.1667,0,-490.3
102,2017,317,800,13.31,271.89,0,-510.1
102,2017,317,900,13.31,520.24,0,-534.2
102,2017,317,1000,13.31,2265.6,0,-97.3
102,2017,317,1100,13.31,2999.5,0,24.9
102,2017,317,1200,13.3,2081.1,0,30.73
102,2017,317,1400,13.29,2957.3,0,38.16
102,2017,317,1500,13.29,3687.5,0,52.45
102,2017,317,1600,13.29,1007.1,0,54.08
102,2017,317,1700,13.29,1700.7,0,82
102,2017,317,1800,13.28,1404.3,0,101.7
102,2017,317,1900,13.28,325.2,0,87.4
102,2017,317,2200,13.29,0,0,75.8
102,2017,317,2300,13.29,0,0,-7.66
101,2017,317,2400,13.29,0,0
102,2017,317,2400,13.29,0,0,-245.5
102,2017,318,100,13.29,0,0,-285.4
102,2017,318,200,13.29,0,0,-339.7
102,2017,318,300,13.29,0,0,-381.8
102,2017,318,400,13.3,0,0,-404.3
102,2017,318,500,13.3,0,0,-471.2
102,2017,318,600,13.31,0,0,-484.2
102,2017,318,700,13.31,1.2413,0,-549.7
102,2017,318,800,13.31,249.33,0,-427.2
102,2017,318,900,13.33,92.858,0,-45.81
102,2017,318,1000,13.31,2547.1,0,-4.62
102,2017,318,1100,13.31,2880.5,0,30.27
102,2017,318,1200,13.3,2320.2,0,38.82
102,2017,318,1300,13.29,2260.1,0,42.04
102,2017,318,1400,13.29,2947.4,0,63.52
102,2017,318,1500,13.28,826.24,0,41.02
102,2017,318,1600,13.28,511.34,0,-329.1
102,2017,318,1700,13.28,958.51,0,-330.3
102,2017,318,1800,13.28,476.83,0,36.55
102,2017,318,1900,13.28,136.34,0,.22
102,2017,318,2000,13.28,0,0,-147.8
102,2017,318,2100,13.28,0,0,37.13
102,2017,318,2200,13.29,0,0,-87.5
102,2017,318,2300,13.29,0,0,-571.4
101,2017,318,2400,13.28,15957,0
102,2017,318,2400,13.29,0,0,-754
102,2017,319,100,13.29,0,0,-765
102,2017,319,200,13.29,0,0,-785
102,2017,319,300,13.29,0,0,-688.7
102,2017,319,400,13.3,0,0,-501
102,2017,319,500,13.31,0,0,-409.3
102,2017,319,600,13.31,0,0,-346
102,2017,319,700,13.31,2.2842,0,-544.6
102,2017,319,800,13.31,245.76,0,-535.7
102,2017,319,900,13.31,564.52,0,-140.8
102,2017,319,1000,13.31,2568.9,0,-19.92
102,2017,319,1100,13.31,3534.1,0,-12.48
102,2017,319,1200,13.3,3870.7,0,-5.016
102,2017,319,1300,13.29,3175,0,23.6
102,2017,319,1400,13.29,4065.7,0,46.09
102,2017,319,1500,13.28,4059.9,0,72.1
102,2017,319,1600,13.27,3464.2,0,92.2
102,2017,319,1700,13.27,2558.2,0,109.6
102,2017,319,1800,13.26,1401.9,0,112.9
102,2017,319,1900,13.26,348.71,0,120.6
102,2017,319,2000,13.26,0,0,115.2
102,2017,319,2100,13.27,0,0,111.8
102,2017,319,2200,13.27,0,0,97.9
102,2017,319,2300,13.27,0,0,111.9
101,2017,319,2400,13.26,29860,0
102,2017,319,2400,13.27,0,0,110.1
102,2017,320,100,13.27,0,0,105.6
102,2017,320,200,13.28,0,0,107
102,2017,320,300,13.28,0,0,84.5
102,2017,320,400,13.29,0,0,57.7
102,2017,320,500,13.29,0,0,8.51
102,2017,320,600,13.29,0,0,51.03
102,2017,320,700,13.29,.90342,0,-104.1
102,2017,320,800,13.3,301.51,0,-153.8
102,2017,320,900,13.3,640.26,0,24.85
102,2017,320,1000,13.3,2520.3,0,48
102,2017,320,1100,13.29,3436.9,0,66.84
102,2017,320,1200,13.29,3989.5,0,83.2
102,2017,320,1300,13.28,4338.4,0,101.1
102,2017,320,1400,13.27,3434.4,0,116.7
102,2017,320,1500,13.27,2674.8,0,117.8
102,2017,320,1600,13.26,2303.7,0,148.5
102,2017,320,1700,13.26,1871.8,0,164.4
102,2017,320,1800,13.25,1273.7,0,223.4
102,2017,320,1900,13.26,25.841,0,-286.3
102,2017,320,2100,13.27,2.5194,0,-238
102,2017,320,2200,13.27,4.3925,0,-71.1
102,2017,320,2300,13.27,6.126,0,81.7
101,2017,320,2400,13.27,16.005,0
102,2017,320,2400,13.27,2.9675,0,120.5
102,2017,321,100,13.27,0,0,156
102,2017,321,200,13.27,0,0,136.8
102,2017,321,300,13.27,0,0,137
102,2017,321,400,13.27,0,0,128.2
102,2017,321,500,13.28,0,0,115.7
102,2017,321,600,13.28,0,0,-77.5
102,2017,321,700,13.29,.32318,0,23.21
102,2017,321,800,13.29,253.72,0,39.5
102,2017,321,900,13.3,736.75,0,109.4
102,2017,321,1000,13.29,2485,0,100.6
102,2017,321,1100,13.29,3001.6,0,89.3
102,2017,321,1200,13.29,3919.3,0,90.7
102,2017,321,1300,13.28,4738.8,0,95.6
102,2017,321,1400,13.27,3512.2,0,107.8
102,2017,321,1500,13.27,3443.5,0,121.8
102,2017,321,1600,13.26,3109.5,0,135
102,2017,321,1700,13.25,1909,0,134.4
102,2017,321,1800,13.26,347.96,.083,-6999
102,2017,321,1900,13.26,15.203,0,-217.6
102,2017,321,2000,13.27,0,0,-187.4
102,2017,321,2100,13.27,.24974,0,-396.3
102,2017,321,2200,13.27,0,0,-197.8
102,2017,321,2300,13.27,0,0,-160.8
101,2017,321,2400,13.25,27473,.083
102,2017,321,2400,13.27,0,0,-177.2
102,2017,322,100,13.27,0,0,-420.8
102,2017,322,200,13.28,0,0,-428
102,2017,322,300,13.28,0,0,-315.8
102,2017,322,400,13.29,0,0,-382.7
102,2017,322,500,13.29,0,0,-394.1
102,2017,322,600,13.29,0,0,-318.8
102,2017,322,700,13.29,.56556,0,-385.8
102,2017,322,800,13.3,219.45,0,-317.2
102,2017,322,900,13.3,705.82,0,-37.75
102,2017,322,1000,13.3,2145.6,0,88.9
102,2017,322,1100,13.29,3466.2,0,113.6
102,2017,322,1200,13.29,4123.9,0,89
102,2017,322,1300,13.28,4447.8,0,76.4
102,2017,322,1400,13.28,4234.7,0,101.3
102,2017,322,1500,13.27,3662,0,126.8
102,2017,322,1600,13.27,3230.3,0,142.6
102,2017,322,1700,13.26,1964.7,0,168.4
102,2017,322,1800,13.26,1009.9,0,173.8
102,2017,322,1900,13.26,185.42,0,131.4
102,2017,322,2000,13.26,0,0,131.5
102,2017,322,2100,13.26,0,0,112.8
102,2017,322,2200,13.26,0,0,100.9
102,2017,322,2300,13.26,0,0,68.97
101,2017,322,2400,13.26,29396,0
102,2017,322,2400,13.26,0,0,67.99
102,2017,323,100,13.26,0,0,-13.99
102,2017,323,200,13.26,0,0,-80.5
102,2017,323,300,13.27,0,0,-95.3
102,2017,323,400,13.27,0,0,-125.7
102,2017,323,500,13.27,0,0,-155
102,2017,323,600,13.28,0,0,-133.1
102,2017,323,700,13.28,.64637,0,-90
102,2017,323,800,13.29,284.46,0,-95.9
102,2017,323,900,13.29,800.9,0,55.99
102,2017,323,1000,13.29,2467.5,0,74.7
102,2017,323,1100,13.29,3477.2,0,86.8
102,2017,323,1200,13.28,4121.5,0,107.3
102,2017,323,1300,13.27,4391.9,0,134.6
102,2017,323,1400,13.27,4419.9,0,151.3
102,2017,323,1500,13.27,3237.6,0,162.6
102,2017,323,1600,13.26,2928.7,0,187.2
102,2017,323,1700,13.25,2528.9,0,208.7
102,2017,323,1800,13.25,1333.9,0,220.7
102,2017,323,1900,13.25,306.36,0,197.5
102,2017,323,2000,13.25,0,0,133.2
102,2017,323,2100,13.26,0,0,142.6
102,2017,323,2200,13.26,0,0,184.1
102,2017,324,1500,13.3,128.43,0,102.9
102,2017,324,1600,13.28,3453.1,0,179.2
102,2017,324,1700,13.26,2478.5,0,222.8
102,2017,324,1900,13.26,137.28,0,194.4
102,2017,324,2000,13.25,.17624,0,206.7
102,2017,324,2100,13.25,0,0,219
102,2017,324,2200,13.25,0,0,174
102,2017,324,2300,13.25,0,0,145.5
101,2017,324,2400,13.25,137.46,0
102,2017,324,2400,13.25,0,0,141.2
102,2017,325,100,13.25,0,0,122
102,2017,325,200,13.25,0,0,129.9
102,2017,325,300,13.25,0,0,123.8
102,2017,325,400,13.26,0,0,92
102,2017,325,500,13.26,0,0,88.9
102,2017,325,600,13.26,0,0,120
102,2017,325,700,13.26,.29381,0,106.9
102,2017,325,800,13.27,277.78,0,97.3
102,2017,325,900,13.28,1052.8,0,71.1
102,2017,325,1000,13.28,2376,0,88.5
102,2017,325,1100,13.27,3383,0,137.9
102,2017,325,1200,13.27,141.77,0,190.7
102,2017,325,1300,13.26,4394.3,0,199.9
102,2017,325,1400,13.26,4439.2,0,212.8
102,2017,325,1500,13.25,4148.4,0,222.9
102,2017,325,1600,13.24,3588.6,0,227.7
102,2017,325,1700,13.24,1871.2,0,267.8
102,2017,325,1800,13.24,1435.5,0,297.2
102,2017,325,1900,13.24,339.8,0,299.4
102,2017,325,2000,13.24,0,0,262.8
102,2017,325,2100,13.24,0,0,204.2
102,2017,325,2200,13.24,0,0,145.7
102,2017,325,2300,13.24,0,0,137.4
101,2017,325,2400,13.24,20359,0
102,2017,325,2400,13.24,0,0,147.1
102,2017,326,100,13.24,0,0,161.9
102,2017,326,200,13.24,0,0,141.2
102,2017,326,300,13.24,0,0,61.39
102,2017,326,400,13.25,0,0,2.235
102,2017,326,500,13.24,0,0,-43.39
102,2017,326,600,13.26,0,0,-19.05
102,2017,326,700,13.26,.98427,0,-33.51
102,2017,326,800,13.26,258.69,0,-63.66
102,2017,326,900,13.27,1105,0,17.76
102,2017,326,1000,13.27,2365.4,0,66.9
102,2017,326,1100,13.26,3318,0,126.3
102,2017,326,1200,13.26,3929.8,0,186
102,2017,326,1300,13.25,4520.2,0,216