,13.26,4296,.10717,0,0,113.6
102,2015,287,1400,13.25,3373.3,.60407,0,0,177.7
102,2015,287,1500,13.23,1673.4,.11692,0,0,271.6
102,2015,287,1600,13.22,142.25,.73066,0,0,408
102,2015,287,1700,13.22,0,.56504,0,0,450.3
102,2015,287,1800,13.22,0,.39942,0,0,415.7
102,2015,287,1900,13.23,1078.8,.39945,0,0,208.6
102,2015,287,2000,13.26,3633.1,.55532,0,0,82.3
102,2015,287,2100,13.26,3999.3,.75017,0,0,87.2
102,2015,287,2200,13.27,4150.4,.82812,0,0,92.1
102,2015,287,2300,13.27,4333.6,.75991,0,0,84.5
101,2015,287,2400,13.22,90854,15.1,0,0
102,2015,287,2400,13.27,4717.2,1.0327,0,0,65.86
102,2015,288,100,13.28,5359.7,1.0522,0,0,39.41
102,2015,288,200,13.28,5497.9,1.1203,0,0,17.83
102,2015,288,300,13.28,5411.2,1.247,0,0,9.29
102,2015,288,400,13.29,4906.1,1.208,0,0,13.59
102,2015,288,500,13.3,4739.6,1.0521,0,0,11.18
102,2015,288,600,13.3,4752.2,1.169,0,0,4.236
102,2015,288,700,13.3,4828.5,1.1203,0,0,-1.489
102,2015,288,800,13.31,5356.9,.71113,0,0,-21.86
102,2015,288,900,13.31,6124,.44811,0,0,-44.66
102,2015,288,1000,13.32,5785.1,.01948,0,0,-44.62
102,2015,288,1100,13.3,5109.9,0,0,0,-22.37
102,2015,288,1200,13.29,4937.3,0,0,0,3.077
102,2015,288,1300,13.27,4772.9,0,0,0,50.69
102,2015,288,1400,13.25,3969.9,.02923,0,0,140.5
102,2015,288,1500,13.23,1965.2,0,0,0,290.4
102,2015,288,1600,13.23,30.968,1.247,0,0,395.7
102,2015,288,1700,13.24,245.11,.23382,0,0,201.5
102,2015,288,1800,13.25,716.85,.03897,0,0,157.8
102,2015,288,1900,13.26,944.46,.33126,0,0,158.7
102,2015,288,2000,13.26,1324.4,.69173,0,0,139.8
102,2015,288,2100,13.27,2314.4,1.023,0,0,109.2
102,2015,288,2200,13.27,3261.9,.88658,0,0,96.9
102,2015,288,2300,13.27,4090,.95477,0,0,77.6
101,2015,288,2400,13.23,90955,15.548,0,0
102,2015,288,2400,13.28,4510.4,.9645,0,0,66.88
102,2015,289,100,13.28,4878.1,1.1009,0,0,55.8
102,2015,289,200,13.28,5265.6,1.0327,0,0,39.11
102,2015,289,300,13.29,5494.2,1.0327,0,0,17.32
102,2015,289,400,13.29,5491.4,1.0229,0,0,8.21
102,2015,289,500,13.3,5151.7,1.0326,0,0,13.02
102,2015,289,600,13.3,4723.9,.75012,0,0,22.62
102,2015,289,700,13.3,4736.3,.60399,0,0,16.43
102,2015,289,800,13.3,5037.6,.44812,0,0,8.82
102,2015,289,900,13.3,5738.9,.24354,0,0,-1.588
102,2015,289,1000,13.32,2745.8,.00974,0,0,-18.11
102,2015,289,1100,13.31,0,.01948,0,0,-16.74
102,2015,289,1200,13.29,914.51,.05845,0,0,6.188
102,2015,289,1300,13.28,6141.6,.00974,0,0,34.04
102,2015,289,1400,13.25,5620.7,.00974,0,0,73.9
102,2015,289,1500,13.23,2395.5,.01949,0,0,218.1
102,2015,289,1600,13.23,140.43,.54555,0,0,350.2
102,2015,289,1700,13.25,2490.6,.56508,0,0,122.6
102,2015,289,1800,13.28,5677.8,.47736,0,0,31.92
102,2015,289,1900,13.28,6079.7,.47736,0,0,38.21
102,2015,289,2000,13.28,5991.2,.53582,0,0,50.84
102,2015,289,2100,13.29,5974,.63324,0,0,53.35
102,2015,289,2200,13.29,6104.8,.76963,0,0,42.4
102,2015,289,2300,13.29,4436.4,.8573,0,0,27.35
101,2015,289,2400,13.23,99999,13.298,0,0
102,2015,289,2400,13.29,1632.5,1.0424,0,0,14.18
102,2015,290,100,13.29,0,1.0326,0,0,-3.408
102,2015,290,200,13.3,0,.92548,0,0,-7.84
102,2015,290,300,13.3,0,.97418,0,0,-12.27
102,2015,290,400,13.3,0,1.0716,0,0,-17.92
102,2015,290,500,13.3,0,.98391,0,0,-18.94
102,2015,290,600,13.31,0,.89622,0,0,-25.34
102,2015,290,700,13.31,0,.81829,0,0,-26.84
102,2015,290,800,13.32,0,.74035,0,0,-32.11
102,2015,290,900,13.32,0,.63319,0,0,-24.56
102,2015,290,1000,12.52,0,.71113,0,0,-24.1
102,2015,290,1100,12.52,0,.23379,0,0,-22.03
102,2015,290,1200,13.31,238.49,.43837,0,0,-10.25
102,2015,290,1300,13.29,3780,.09742,0,0,16.95
102,2015,290,1400,13.27,5323.1,.18511,0,0,90.9
102,2015,290,1500,13.25,3315.4,.22409,0,0,184
102,2015,290,1600,13.24,1380.6,.69171,0,0,297.7
102,2015,290,1700,13.23,70.241,.22407,0,0,374.8
102,2015,290,1800,13.25,786.93,.87684,0,0,235.5
102,2015,290,1900,13.27,3328.3,.49686,0,0,77.7
102,2015,290,2000,12.55,4751.8,.60401,0,0,45.95
102,2015,290,2100,13.29,4996.7,.68195,0,0,50.64
102,2015,290,2200,13.28,5241.2,.73066,0,0,54.49
102,2015,290,2300,13.29,5310.3,.71118,0,0,58.02
101,2015,290,2400,12.52,43993,15.831,0,0
102,2015,290,2400,13.29,5470,.84756,0,0,57.3
102,2015,291,100,13.29,5929,.71117,0,0,49.76
102,2015,291,200,13.29,6218.2,.7891,0,0,37.73
102,2015,291,300,13.3,6249.2,1.0813,0,0,35.76
102,2015,291,400,13.3,6505.5,1.0424,0,0,23.47
102,2015,291,500,13.3,6645.1,.87675,0,0,8.9
102,2015,291,600,13.3,5540.8,1.0229,0,0,-3.872
102,2015,291,700,13.31,6540.1,.84752,0,0,-7.7
102,2015,291,800,13.31,6322.3,.83777,0,0,-4.997
102,2015,291,900,13.31,6154.5,.36044,0,0,.618
102,2015,291,1000,13.31,6151.7,.01948,0,0,8.66
102,2015,291,1100,13.3,6111.9,.03897,0,0,6.453
102,2015,291,1200,13.28,5768.2,.48711,0,0,44.68
102,2015,291,1300,13.27,4822.2,1.1594,0,0,108.8
102,2015,291,1400,13.28,4879.4,1.0619,0,0,77.3
102,2015,291,1500,13.3,5151.3,.75987,0,0,29.11
102,2015,291,1600,13.3,5548.7,.66243,0,0,2.785
102,2015,291,1700,13.3,5945.3,1.1982,110.25,0,-10.03
102,2015,291,1800,13.3,6303.3,.77934,0,0,-11.75
102,2015,291,1900,13.29,5863.1,.84755,0,0,5.101
102,2015,291,2000,13.29,5689,.9255,0,0,12.61
102,2015,291,2100,13.29,5765.3,.99368,0,0,5.09
102,2015,291,2200,13.3,5526.5,1.0911,0,0,-4.059
102,2015,291,2300,13.3,5395.7,1.1398,0,0,-2.267
101,2015,291,2400,13.27,99999,19.786,110.25,0
102,2015,291,2400,13.31,5335.5,1.0521,0,0,-3.419
102,2015,292,100,13.31,5292.9,.99363,0,0,-9.22
102,2015,292,200,13.32,5435.6,1.169,0,0,-13.61
102,2015,292,300,13.32,5373.2,1.1397,0,0,-15.25
102,2015,292,400,13.32,5171.4,1.1202,0,0,-13.05
102,2015,292,500,13.32,5256.7,1.1884,0,0,-19.77
102,2015,292,600,13.33,5438.3,1.0131,0,0,-31.81
102,2015,292,700,13.33,4905.7,.96438,0,0,-22.01
102,2015,292,800,13.33,4396.9,.89618,0,0,-15.07
102,2015,292,900,13.34,4632.5,.85721,0,0,-17.82
102,2015,292,1000,13.34,5001.9,.9741,0,0,-15.33
102,2015,292,1100,13.34,5136.4,.77929,0,0,-19.13
102,2015,292,1200,13.33,4972.2,.52603,0,0,-7.52
102,2015,292,1300,13.32,4757.1,.23379,0,0,1.357
102,2015,292,1400,13.31,4900.4,.43837,0,0,-1.026
102,2015,292,1500,13.3,4571.4,1.208,0,0,21.85
102,2015,292,1600,13.31,4653.4,1.0521,0,0,36.04
102,2015,292,1700,13.3,5329.5,.33121,0,0,14.43
102,2015,292,1800,13.3,5759,.02923,0,0,9.83
102,2015,292,1900,13.29,5337.4,.75014,0,0,22.94
102,2015,292,2000,13.29,5296.3,.86704,0,0,26.46
102,2015,292,2100,13.3,5474.3,1.208,0,0,22.37
102,2015,292,2200,13.3,5819,1.2957,0,0,15.72
102,2015,292,2300,13.31,5858.9,.85726,0,0,3.706
101,2015,292,2400,13.29,99999,20.856,0,0
102,2015,292,2400,13.31,5733.8,.96441,0,0,-2.112
102,2015,293,100,13.32,5562.1,.98388,0,0,1.98
102,2015,293,200,13.32,5555.9,1.1008,0,0,.436
102,2015,293,300,13.32,5864.6,1.0228,0,0,-5.405
102,2015,293,400,13.32,5697.6,.99361,0,0,-4.936
102,2015,293,500,13.33,5920,.95464,0,0,-11.75
102,2015,293,600,13.33,6167.8,1.0618,0,0,-17.02
102,2015,293,700,13.33,6066.3,1.0423,0,0,-15.57
102,2015,293,800,13.33,6060.2,.92541,0,0,-17.65
102,2015,293,900,13.34,5951.5,.82799,0,0,-18.22
102,2015,293,1000,13.34,5603.1,.61369,0,0,-11.32
102,2015,293,1100,13.34,4904.2,.40912,0,0,-4.252
102,2015,293,1200,13.32,4467,.62344,0,0,7.77
102,2015,293,1300,13.32,3976.9,.50656,0,0,-.651
102,2015,293,1400,13.29,3489.6,.07794,0,0,-24.75
102,2015,293,1500,13.27,3945.7,.12665,0,0,2.879
102,2015,293,1600,13.27,2926,.30202,0,0,99.6
102,2015,293,1700,13.25,2034,.56508,0,0,153.8
102,2015,293,1800,13.26,1715,.73071,0,0,140.7
102,2015,293,1900,13.26,1955.8,.67225,0,0,139.3
102,2015,293,2000,13.26,2253.1,.8671,0,0,143.6
102,2015,293,2100,13.26,2855.8,1.1691,0,0,111.3
102,2015,293,2200,13.27,3417.7,1.0327,0,0,94.6
102,2015,293,2300,13.27,4011,.72093,0,0,78
101,2015,293,2400,13.25,99999,18.129,0,0
102,2015,293,2400,13.27,4722,.79887,0,0,55.61
102,2015,294,100,13.28,5622.3,.91577,0,0,26.41
102,2015,294,200,13.28,5768.1,.9255,0,0,7.36
102,2015,294,300,13.28,5199,1.0619,0,0,5.168
102,2015,294,400,13.29,4594.7,1.1593,0,0,1.224
102,2015,294,500,13.3,4445.6,1.0131,0,0,-.866
102,2015,294,600,13.3,4701.8,1.208,0,0,-9.97
102,2015,294,700,13.3,4627.7,1.1885,0,0,-14.06
102,2015,294,800,13.31,4362,.89621,0,0,-15.87
102,2015,294,900,13.32,4331.7,.52603,0,0,-26.58
102,2015,294,1000,13.32,5161.9,.10715,0,0,-69.63
102,2015,294,1100,13.3,4659.3,0,0,0,-48.58
102,2015,294,1200,13.29,4186.4,0,0,0,-28.03
102,2015,294,1300,13.27,4008.1,.01949,0,0,25.99
102,2015,294,1400,13.27,3563.8,.26306,0,0,101.4
102,2015,294,1500,13.27,2844.1,1.5978,0,0,124.7
102,2015,294,1600,13.28,2909.8,.643,0,0,111.7
102,2015,294,1700,13.28,2234.6,.76964,0,0,99.9
102,2015,294,1800,13.26,3745.8,.11691,0,0,84.9
102,2015,294,1900,13.26,2901.8,.43843,0,0,176.2
102,2015,294,2000,13.26,2880.7,.90609,0,0,156.2
102,2015,294,2100,13.27,3356.5,.85735,0,0,108.6
102,2015,294,2200,13.27,3867.4,.64301,0,0,80.3
102,2015,294,2300,13.27,4303,1.0035,0,0,66.77
101,2015,294,2400,13.26,98933,17.263,0,0
102,2015,294,2400,13.28,4656.7,1.0035,0,0,65.63
102,2015,295,100,13.28,5442.8,.73067,0,0,35.42
102,2015,295,200,13.28,5927.7,.84757,0,0,7.09
102,2015,295,300,13.29,6087.3,.90601,0,0,-5.945
102,2015,295,400,13.29,6015.2,1.0716,0,0,-11.4
102,2015,295,500,13.3,5607.7,.89626,0,0,-8.93
102,2015,295,600,13.3,5472.1,1.0424,0,0,-13.75
102,2015,295,700,12.51,5504.5,1.1301,0,0,-22.09
102,2015,295,800,12.5,5332.2,.94494,0,0,-21.23
102,2015,295,900,13.3,4868.8,.01948,0,0,-2.322
102,2015,295,1000,13.29,3766.3,0,0,0,13.99
102,2015,295,1100,13.27,3143.1,.00974,0,0,25.65
102,2015,295,1200,13.27,2378.1,.19485,0,0,89.3
102,2015,295,1300,13.26,1891.7,.10717,0,0,126.9
102,2015,295,1400,12.75,1472.8,.03897,0,0,153.4
102,2015,295,1500,12.52,828.98,.01949,0,0,218.1
102,2015,295,1600,12.54,505.71,.66251,0,0,237.9
102,2015,295,1700,13.25,154.79,1.023,0,0,193.3
102,2015,295,1800,13.27,1227.5,.84758,0,0,92.6
102,2015,295,1900,12.63,2110.4,.72093,0,0,38.62
102,2015,295,2000,12.5,2671.2,1.0619,2002.5,0,26.57
102,2015,295,2100,12.5,2647.1,1.1593,1082.2,0,30.54
102,2015,295,2200,12.5,2527.9,1.1203,0,0,25.27
102,2015,295,2300,12.5,2378.7,1.1398,0,0,26.08
101,2015,295,2400,12.5,80239,16.864,3084.6,0
102,2015,295,2400,12.5,2276.1,1.169,0,0,27.45
102,2015,296,100,12.5,2237.8,1.169,0,0,23.83
102,2015,296,200,12.49,2220.7,1.169,0,0,13.83
102,2015,296,300,12.49,2028.5,1.169,0,0,6.905
102,2015,296,400,12.49,1889.5,1.169,0,0,4.555
102,2015,296,500,12.49,1767.3,1.2567,0,0,5.295
102,2015,296,600,13.27,1456.8,1.3151,0,0,4.032
102,2015,296,700,13.32,1440.6,1.1397,0,0,-.336
102,2015,296,800,13.32,1106,1.0715,0,0,-11.69
102,2015,296,900,13.32,1624.5,.18508,0,0,-29.04
102,2015,296,1000,13.32,2177.2,.58449,0,0,-49.06
102,2015,296,1100,12.53,1647.1,.78906,0,0,-45.31
102,2015,296,1200,12.52,1660.4,.73062,0,0,-43.47
102,2015,296,1300,12.51,2099.8,.50657,0,0,-50.93
102,2015,296,1400,12.51,1950.7,.45787,0,0,-38.71
102,2015,296,1500,12.51,1788.1,.06819,0,0,.022
102,2015,296,1600,12.51,1174.7,.10717,0,0,56.08
102,2015,296,1700,12.51,489.66,.26306,0,0,145.8
102,2015,296,1800,13.24,26.857,.58455,0,0,241.2
102,2015,296,2000,13.3,60.383,1.101,0,0,277.3
102,2015,296,2100,13.3,631.46,.98403,0,0,252.8
102,2015,296,2200,13.31,1640.1,1.2178,0,0,207.4
102,2015,296,2300,13.32,2680.6,.97427,0,0,163.5
101,2015,296,2400,13.3,8201,5.5436,0,0
102,2015,296,2400,13.32,3188.4,1.2665,0,0,157.7
102,2015,297,100,13.33,3621.3,1.2665,0,0,148.4
102,2015,297,200,13.34,4021.9,1.0327,0,0,130.9
102,2015,297,300,13.34,4454.1,.95474,0,0,98.3
102,2015,297,400,13.34,4991,.8573,0,0,68.23
102,2015,297,500,13.34,5314.9,1.0034,0,0,44.88
102,2015,297,600,13.35,5146.4,1.0132,0,0,37.87
102,2015,297,700,13.35,5221.2,.9547,0,0,31.17
102,2015,297,800,13.35,5184.6,.87676,0,0,9.62
102,2015,297,900,13.36,4587.9,.3507,0,0,.474
102,2015,297,1000,13.36,4269.2,.16561,0,0,-10.23
102,2015,297,1100,13.36,4319.1,.46761,0,0,17.83
102,2015,297,1200,13.34,3754.3,.28252,0,0,129.7
102,2015,297,1300,13.32,2652,.34099,0,0,239
102,2015,297,1400,13.3,625.8,.15589,0,0,358.1
102,2015,297,1500,13.29,0,.73065,0,0,484.1
102,2015,297,1600,13.28,0,.32148,0,0,573.8
102,2015,297,1700,13.29,0,.40916,0,0,468.3
102,2015,297,1800,13.29,0,.61374,0,0,438
102,2015,297,1900,13.29,0,.56504,0,0,382.9
102,2015,297,2000,13.29,155.13,1.1691,0,0,334.8
102,2015,297,2100,13.3,419.69,.77943,0,0,332.7
102,2015,297,2200,13.3,1163.9,.59432,0,0,265.1
102,2015,297,2300,13.3,2184.9,.63328,0,0,217.9
101,2015,297,2400,13.28,64871,16.347,0,0
102,2015,297,2400,13.31,2783.6,.80865,0,0,202.1
102,2015,298,100,13.31,3388.2,.87684,0,0,180.4
102,2015,298,200,13.32,3717.8,.67224,0,0,166.3
102,2015,298,300,13.33,3826.9,.56506,0,0,161.8
102,2015,298,400,13.34,3986.8,.63325,0,0,147.9
102,2015,298,500,13.35,4172.1,.71117,0,0,124.2
102,2015,298,600,13.36,4309.4,.77936,0,0,110.8
102,2015,298,700,13.35,4542.7,.82807,0,0,100.1
102,2015,298,800,13.35,4961.4,.61374,0,0,89.6
102,2015,298,900,13.35,5246.8,.38968,0,0,80.4
102,2015,298,1000,13.34,5302.7,.63325,0,0,106.7
102,2015,298,1100,13.33,4972.5,.28253,0,0,146.8
102,2015,298,1200,13.32,4132.9,.5261,0,0,196.6
102,2015,298,1300,13.32,3114.5,.65277,0,0,250.5
102,2015,298,1400,13.32,2690.6,.87686,0,0,232
102,2015,298,1500,13.34,4049.5,.78913,0,0,131.5
102,2015,298,1600,13.32,4368.5,.72093,0,0,150.3
102,2015,298,1700,13.31,3641.3,.94505,0,0,238.4
102,2015,298,1800,13.3,2395.9,.79889,0,0,340.2
102,2015,298,1900,13.29,323.57,1.1398,0,0,454.9
102,2015,298,2000,13.29,389.59,.91573,0,0,411.2
102,2015,298,2100,13.3,1941.4,.98399,0,0,304.8
102,2015,298,2200,13.3,2968.6,.88661,0,0,257.7
102,2015,298,2300,13.3,3722.2,.8866,0,0,223.8
101,2015,298,2400,13.29,86753,17.926,0,0
102,2015,298,2400,13.3,4586.9,.8184,0,0,187
102,2015,299,100,13.31,5354.6,.83788,0,0,157.8
102,2015,299,200,13.32,5650.7,.67224,0,0,146.6
102,2015,299,300,13.32,5568.4,.76966,0,0,158.3
102,2015,299,400,13.33,5544.4,1.0327,0,0,158
102,2015,299,500,13.34,5691.3,1.1204,0,0,142.2
102,2015,299,600,13.34,5613.2,1.0814,0,0,146.2
102,2015,299,700,13.34,5905.1,1.1008,0,0,129.4
102,2015,299,800,13.35,5967.6,1.1106,0,0,110.6
102,2015,299,900,13.36,6090.8,.61374,0,0,96
102,2015,299,1000,13.36,6427.9,.09742,0,0,37.04
102,2015,299,1100,13.35,6532.5,.04871,0,0,49.52
102,2015,299,1200,13.34,5983.3,.03897,0,0,101
102,2015,299,1300,13.32,5053.2,0,0,0,177.4
102,2015,299,1400,13.31,3733.8,.28254,0,0,262
102,2015,299,1500,13.31,3297.5,.26306,303.09,0,276.1
102,2015,299,1600,13.31,5015.5,.17537,1735.5,0,131.7
102,2015,299,1700,13.3,4663.4,.44817,0,0,188.7
102,2015,299,1800,13.29,3770.6,.17536,0,0,269.7
102,2015,299,1900,13.28,3338.4,.53581,0,0,307
102,2015,299,2000,13.28,3745,.70142,0,0,241.6
102,2015,299,2100,13.3,3747.7,.46765,0,0,230.1
102,2015,299,2200,13.31,3659.8,.60405,0,0,208.3
102,2015,299,2300,13.32,4173.6,1.0035,0,0,214.2
101,2015,299,2400,13.28,99999,14.36,2038.6,0
102,2015,299,2400,13.32,4738.9,1.1788,0,0,197.3
102,2015,300,100,13.32,5020.5,1.2081,0,0,172.7
102,2015,300,200,13.32,4959.3,1.1983,0,0,145.8
102,2015,300,300,13.33,4838.6,.95474,0,0,128.2
102,2015,300,400,13.34,5396.5,.81834,0,0,97.9
102,2015,300,500,13.34,5686.4,.87679,0,0,76.9
102,2015,300,600,13.34,6012.1,.75988,0,0,60.42
102,2015,300,700,13.34,6116.7,.95472,0,0,50.39
102,2015,300,800,13.35,6285.9,.93522,0,0,35.21
102,2015,300,900,13.35,6149.6,.45787,0,0,33.95
102,2015,300,1000,13.35,6057.2,0,0,0,19.84
102,2015,300,1100,13.34,6248,0,0,0,37.25
102,2015,300,1200,13.32,5939.6,0,0,0,95.1
102,2015,300,1300,13.3,5004.2,0,0,0,195.3
102,2015,300,1400,13.3,3116.1,.00974,0,0,300.2
102,2015,300,1500,13.29,287.28,.51633,0,0,426.4
102,2015,300,1600,13.29,0,.06819,0,0,475.1
102,2015,300,1700,13.29,0,.302,0,0,395
102,2015,300,1800,13.31,1501.5,.36048,0,0,207.3
102,2015,300,1900,13.33,3725.5,.54558,0,0,83
102,2015,300,2000,13.32,4873.1,.71119,0,0,68.92
102,2015,300,2100,13.32,4920.4,.70147,0,0,100.2
102,2015,300,2200,13.32,2476.3,.7307,0,0,115.6
102,2015,300,2300,13.32,3452.4,.68199,0,0,119.5
101,2015,300,2400,13.29,99999,13.688,0,0
102,2015,300,2400,13.32,3492.2,.89632,0,0,112.9
102,2015,301,100,13.32,3928.4,1.023,0,0,102.8
102,2015,301,200,13.32,5018,.99374,0,0,84.7
102,2015,301,300,13.32,5247.7,1.1886,0,0,66.17
102,2015,301,400,13.33,817.03,1.0035,0,0,51.19
102,2015,301,500,13.34,0,1.1496,0,0,38.59
102,2015,301,600,13.34,951.83,1.208,0,0,36.02
102,2015,301,700,13.34,3315.2,1.1983,0,0,36.38
102,2015,301,800,13.35,6492.3,1.208,0,0,32.11
102,2015,301,900,13.35,571.54,.17535,0,0,-.949
102,2015,301,1000,13.35,1391.9,.04871,0,0,-5.25
102,2015,301,1100,13.34,3110.1,0,0,0,17.56
102,2015,301,1200,13.32,5405.2,0,0,0,112.4
102,2015,301,1300,13.31,1723,.00974,0,0,254.3
102,2015,301,1400,13.3,0,.11691,0,0,451.9
102,2015,301,1500,13.29,0,.19484,0,0,495.7
102,2015,301,1600,13.27,0,.00974,0,0,591.5
102,2015,301,1700,13.27,0,.00974,0,0,663
102,2015,301,1800,13.27,0,.01948,0,.533,692.7
102,2015,301,1900,13.27,0,.65273,0,.333,672.3
102,2015,301,2000,13.27,0,.75014,0,0,638.5
102,2015,301,2100,13.27,0,.61374,0,0,574.1
102,2015,301,2200,13.28,0,.4871,0,0,507.8
102,2015,301,2300,13.28,0,.51636,0,0,411.4
101,2015,301,2400,13.27,37972,13.327,0,.866
102,2015,301,2400,13.3,0,.7502,0,0,348.3
102,2015,302,100,13.31,66.298,.80865,0,0,259.6
102,2015,302,200,13.31,1281.3,.86709,0,0,216.6
102,2015,302,300,13.32,2159.2,1.0035,0,0,191
102,2015,302,400,13.33,2107.2,.8963,0,0,192.9
102,2015,302,500,13.34,2258.9,.81834,0,0,173.5
102,2015,302,600,13.35,2498,.87678,0,0,149
102,2015,302,700,13.35,2911.7,.86704,0,0,130.2
102,2015,302,800,13.36,3587.1,.77935,0,0,109.6
102,2015,302,900,13.36,4480.6,.32148,0,0,111.6
102,2015,302,1000,13.35,2866.9,.22406,0,0,119.6
102,2015,302,1100,13.36,3200.5,.77935,0,0,89
102,2015,302,1200,13.36,3121.7,.71115,0,0,86.4
102,2015,302,1300,13.35,2855.8,.83781,0,0,97.2
102,2015,302,1400,13.35,1999.7,1.9776,0,0,106.5
102,2015,302,1500,13.37,4707.2,1.0229,0,0,5.261
102,2015,302,1600,13.36,4101.5,.54553,0,0,4.324
102,2015,302,1700,13.35,3818.5,.16561,0,0,26.2
102,2015,302,1800,13.35,3367.5,.9742,0,0,52.49
102,2015,302,1900,13.35,3011.7,.75013,0,0,53.12
102,2015,302,2000,13.35,3125.4,.94497,0,0,46.76
102,2015,302,2100,13.35,3262.2,.8573,0,0,45.13
102,2015,302,2200,13.35,3279.3,.7891,0,0,46.37
102,2015,302,2300,13.36,3307.9,.99367,0,0,43.17
101,2015,302,2400,13.31,70644,19.806,0,0
102,2015,302,2400,13.36,3268.2,.99366,0,0,31.78
102,2015,303,100,13.36,3404.6,1.13,0,0,17.47
102,2015,303,200,13.37,3227.2,1.1885,0,0,9.09
102,2015,303,300,13.37,3161.6,1.3054,0,0,7.2
102,2015,303,400,13.37,3146.3,1.1885,0,0,6.64
102,2015,303,500,13.38,3025.7,.96441,0,0,-.226
102,2015,303,600,13.38,3014.9,.97415,0,0,-6.866
102,2015,303,700,13.38,2949.8,1.13,0,0,-15.35
102,2015,303,800,13.38,3023.6,1.0715,0,0,-22.71
102,2015,303,900,13.37,3746.8,.19483,0,0,-33.92
102,2015,303,1000,13.37,3437.6,0,0,0,-2.895
102,2015,303,1100,13.36,3316.2,0,0,0,6.386
102,2015,303,1200,13.36,3262.5,0,0,0,27.45
102,2015,303,1300,13.34,2557,.04871,0,0,115.7
102,2015,303,1400,13.32,539.32,.14614,0,0,267.8
102,2015,303,1500,13.31,0,0,0,0,347.7
102,2015,303,1600,13.3,0,.02923,0,0,449.1
102,2015,303,1700,13.29,0,.33122,0,0,508.4
102,2015,303,1800,13.3,0,.36044,0,0,431.9
102,2015,303,1900,13.3,226.32,.69169,0,0,360.9
102,2015,303,2000,13.3,575.14,.87684,0,0,376.6
102,2015,303,2100,13.3,1303.3,.7794,0,0,315.1
102,2015,303,2200,13.31,1381.7,.66252,0,0,276.2
102,2015,303,2300,13.31,1478.6,.78917,0,0,246.3
101,2015,303,2400,13.29,48637,14.866,0,0
102,2015,303,2400,13.32,1858.7,1.0035,0,0,210.7
102,2015,304,100,13.32,1912.8,.94503,0,0,199.4
102,2015,304,200,13.33,2335.3,1.0912,0,0,168.6
102,2015,304,300,13.33,2744.3,.93527,0,0,134.7
102,2015,304,400,13.34,2740.6,1.0814,0,0,101.6
102,2015,304,500,13.34,2778.9,.88654,0,0,89
102,2015,304,600,13.34,2676.9,1.0229,0,0,85.6
102,2015,304,700,13.34,3522.8,.94498,0,0,54.53
102,2015,304,800,13.35,3561.2,1.0132,0,0,36.39
102,2015,304,900,13.34,3837.7,.31174,0,0,26.13
102,2015,304,1000,13.34,3130.8,.00974,0,0,140.6
102,2015,304,1100,12.56,3035.5,.18511,0,0,153
102,2015,304,1200,12.55,2803.6,.82813,0,0,151.1
102,2015,304,1300,12.55,2110.7,.00974,0,0,205.4
102,2015,304,1400,12.55,2924.7,0,95.03,0,147.9
102,2015,304,1500,12.56,2135.3,.26305,0,0,208.4
102,2015,304,1600,12.56,314.77,.09742,0,0,301
102,2015,304,1700,12.56,109.49,.16561,0,0,334.1
102,2015,304,1800,13.29,0,.61374,0,0,412.8
102,2015,304,1900,13.3,0,.28252,0,0,435.1
102,2015,304,2000,13.31,.56166,.7502,0,0,421.5
102,2015,304,2100,13.31,188.7,.74045,0,0,385.4
102,2015,304,2200,13.32,417.58,.85736,0,0,362.1
102,2015,304,2300,13.32,1697.4,.92555,0,0,315.2
101,2015,304,2400,12.55,47131,14.994,95.03,0
102,2015,304,2400,13.33,2151.7,1.0327,0,0,292.1
102,2015,305,100,13.33,2477.8,1.3542,0,0,263.1
102,2015,305,200,13.34,2891.1,1.1593,0,0,219.8
102,2015,305,300,13.34,3182.5,1.1983,0,0,177.4
102,2015,305,400,13.34,3312.9,1.2275,0,0,149.5
102,2015,305,500,13.35,3568.2,1.208,0,0,127.8
102,2015,305,600,13.36,3957.7,1.2275,0,0,100.6
102,2015,305,700,13.35,4478.4,.98393,0,0,62.83
102,2015,305,800,13.36,4428.2,.86702,0,0,37.88
102,2015,305,900,13.35,4926.3,.48708,0,0,-3.706
102,2015,305,1000,13.36,4185.7,0,0,0,29.2
102,2015,305,1100,13.35,4144.5,0,0,0,27.67
102,2015,305,1200,13.32,3881.1,0,0,0,62.24
102,2015,305,1300,13.31,3093.2,0,0,0,180
102,2015,305,1400,13.29,781.98,0,0,0,377.8
102,2015,305,1500,13.29,0,.03897,0,0,562.5
102,2015,305,1600,13.3,431.24,1.2373,0,0,366.9
102,2015,305,1700,13.32,2045,.94502,7.8626,0,96.4
102,2015,305,1800,13.34,2517.4,.81834,505.02,0,36.05
102,2015,305,1900,13.34,3216.4,1.1885,0,0,13.79
102,2015,305,2000,13.35,3785.8,1.1885,0,0,11.2
102,2015,305,2100,13.34,3272.5,.96447,0,0,26.77
102,2015,305,2200,13.34,3159.9,.95473,0,0,30.54
102,2015,305,2300,13.35,3290.4,.88653,0,0,31.92
101,2015,305,2400,13.29,74312,19.153,512.88,0
102,2015,305,2400,13.35,3283.8,1.2178,0,0,36.77
102,2015,306,100,13.35,3214.2,1.3736,0,0,40.35
102,2015,306,200,13.36,3182.8,1.4028,0,0,35.86
102,2015,306,300,13.36,3122.4,1.3833,0,0,34.35
102,2015,306,400,13.37,3092.1,1.208,0,0,32.26
102,2015,306,500,13.37,3038.7,1.1203,0,0,30.51
102,2015,306,600,13.37,2935.3,1.2567,0,0,27.34
102,2015,306,700,13.38,2675.7,1.1593,0,0,21.64
102,2015,306,800,13.38,2558.7,1.2177,0,0,12.93
102,2015,306,900,13.39,2529.3,.97417,0,0,-1.285
102,2015,306,1000,13.39,2741.9,.44812,0,0,-27.57
102,2015,306,1100,13.39,2681.3,.06819,0,0,-32.79
102,2015,306,1200,13.36,2393,.00974,0,0,-18.96
102,2015,306,1300,13.34,2666,.1851,0,0,21.13
102,2015,306,1400,13.33,1517.4,.00974,0,0,133.3
102,2015,306,1500,13.31,242.92,.05846,0,0,208.8
102,2015,306,1600,13.3,7.2222,1.0619,104.62,0,285.5
102,2015,306,1700,13.32,1416.9,.54559,0,0,170.2
102,2015,306,1800,13.34,3127.7,.70145,0,0,68.05
102,2015,306,1900,13.34,3636.9,.63325,0,0,17.49
102,2015,306,2000,13.34,4213.4,1.0034,0,0,-16.25
102,2015,306,2100,13.35,4366,1.1301,0,0,-11.61
102,2015,306,2200,13.35,4144.7,.83781,0,0,-12.19
102,2015,306,2300,13.35,3744.5,.92548,0,0,-18.01
101,2015,306,2400,13.3,67307,19.951,104.62,0
102,2015,306,2400,13.36,4058.1,1.2372,0,0,-26.45
102,2015,307,100,13.36,4674.1,1.2372,0,0,-25.13
102,2015,307,200,13.37,4115.7,1.3151,0,0,-26.48
102,2015,307,300,13.37,3952.6,1.2859,0,0,-29.08
102,2015,307,400,13.37,3767.1,1.3638,0,0,-32.38
102,2015,307,500,13.37,3612.1,1.2761,0,0,-35.99
102,2015,307,600,13.38,3424.7,1.2762,0,0,-37.33
102,2015,307,700,13.38,3250.9,1.3248,0,0,-40.85
102,2015,307,800,13.39,3227,1.1787,0,0,-45.33
102,2015,307,900,13.4,3166.6,.58451,0,0,-65.01
102,2015,307,1000,13.39,2868.5,.19485,0,0,-44.75
102,2015,307,1100,13.36,2858.1,0,0,0,-37.68
102,2015,307,1200,13.34,2251.2,0,0,0,1.048
102,2015,307,1300,13.33,1891.8,0,0,0,67.4
102,2015,307,1400,13.32,1051,0,0,0,125
102,2015,307,1500,13.3,173.32,0,0,0,197.7
102,2015,307,1600,13.3,0,.68193,0,0,241.3
102,2015,307,1700,13.29,0,.46761,0,0,287.1
102,2015,307,1800,13.31,413.57,1.0035,21.674,0,152.8
102,2015,307,1900,13.33,1751.9,.89629,359.39,0,84.4
102,2015,307,2000,13.34,2199.3,.97422,2086,0,55.48
102,2015,307,2100,13.34,2000.3,.94499,0,0,50.04
102,2015,307,2200,13.34,1818.2,.7404,0,0,41.17
102,2015,307,2300,13.34,1946,.79885,0,0,32.48
101,2015,307,2400,13.29,56590,18.47,2467.1,0
102,2015,307,2400,13.35,2176.3,.9255,0,0,20.51
102,2015,308,100,13.35,2267,1.1398,0,0,8.61
102,2015,308,200,13.35,2385.5,1.1106,0,0,3.348
102,2015,308,300,13.35,2433.8,1.0619,0,0,-7.41
102,2015,308,400,13.35,2469.1,1.208,0,0,-19.28
102,2015,308,500,13.36,2511.1,1.1982,0,0,-28.48
102,2015,308,600,13.36,2471.4,1.4125,0,0,-30.87
102,2015,308,700,13.37,2237.5,1.2372,0,0,-29.86
102,2015,308,800,13.37,2162.5,1.1593,0,0,-31.66
102,2015,308,900,13.38,2191.1,.42864,0,0,-53.81
102,2015,308,1000,13.37,3058.6,.10716,0,0,-69.84
102,2015,308,1100,13.35,3076.5,0,0,0,-15.86
102,2015,308,1200,13.34,2483.5,0,0,0,23.14
102,2015,308,1300,13.34,2056.7,.05845,0,0,57.66
102,2015,308,1400,13.33,1477.8,.00974,0,0,83.6
102,2015,308,1500,13.32,281.95,.07794,0,0,129.1
102,2015,308,1600,13.32,0,.69174,0,0,152.4
102,2015,308,1700,13.32,0,0,0,0,131.3
102,2015,308,1800,13.32,0,.14614,0,0,163.8
102,2015,308,1900,13.32,0,.39945,0,0,155.1
102,2015,308,2000,13.32,160.47,.97427,0,0,136.8
102,2015,308,2100,13.33,514.69,1.1399,0,0,117
102,2015,308,2200,13.34,1012,.98398,0,0,94.8
102,2015,308,2300,13.34,1261.1,.95474,0,0,67.84
101,2015,308,2400,13.32,37546,16.298,0,0
102,2015,308,2400,13.35,1033,.79885,0,0,63.35
102,2015,309,100,13.36,1055.7,.73064,0,0,49.21
102,2015,309,200,13.37,1371.2,.7014,0,0,22.93
102,2015,309,300,13.37,1855.2,.77932,0,0,4.037
102,2015,309,400,13.38,1932.3,.80854,0,0,-4.219
102,2015,309,500,13.37,1714.2,.79881,28.83,0,-13.45
102,2015,309,600,13.37,1719.8,1.0326,167.44,0,-32.54
102,2015,309,700,13.37,1575.7,1.0521,0,0,-40.38
102,2015,309,800,13.37,1265.7,1.1105,430.35,0,-40.18
102,2015,309,900,13.39,1442.8,1.1593,355.33,0,-26.05
102,2015,309,1000,13.39,1725.3,.42865,0,0,-29.73
102,2015,309,1100,13.39,1674.9,.04871,0,0,-25.3
102,2015,309,1200,13.38,1395,.12664,0,0,2.443
102,2015,309,1300,13.36,1319.4,0,0,0,26.91
102,2015,309,1400,13.35,724.67,.05845,0,0,80.7
102,2015,309,1500,13.33,0,.15588,0,0,134.7
102,2015,309,1600,13.32,0,.25331,0,0,201.5
102,2015,309,1700,13.31,0,.46765,0,0,271.7
102,2015,309,1800,13.31,0,.68198,0,0,313.4
102,2015,309,1900,13.32,0,.7989,0,0,252.5
102,2015,309,2000,13.33,0,.89631,0,0,205.9
102,2015,309,2100,13.33,0,.75991,0,0,215.6
102,2015,309,2200,13.33,0,1.0327,0,0,212.9
102,2015,309,2300,13.34,0,1.1593,0,0,197
101,2015,309,2400,13.31,20772,16.113,981.95,0
102,2015,309,2400,13.34,0,1.0716,0,0,163
102,2015,310,100,13.34,223.02,.97421,0,0,125.1
102,2015,310,200,13.35,817.29,.93523,0,0,91.5
102,2015,310,300,13.35,999.26,1.1593,0,0,75.8
102,2015,310,400,13.35,1118.8,1.0424,0,0,62.85
102,2015,310,500,13.36,1157,.95469,0,0,51.4
102,2015,310,600,13.36,1170.2,.88649,0,0,33.47
102,2015,310,700,13.37,562.75,.90598,0,0,30.79
102,2015,310,800,13.37,437.04,1.0326,0,0,16.39
102,2015,310,900,13.38,1104.7,.49682,0,0,-17.31
102,2015,310,1000,13.38,1147.2,.28252,0,0,-28.54
102,2015,310,1100,13.38,668.24,.49683,0,0,-28.03
102,2015,310,1200,13.37,804.6,.10716,0,0,-3.27
102,2015,310,1300,13.34,674.72,0,0,0,53.6
102,2015,310,1400,13.33,.32431,0,0,0,112
102,2015,310,1500,13.31,0,.72095,0,0,257.7
102,2015,310,1600,13.32,0,.56507,0,0,293.9
102,2015,310,1700,13.33,0,1.1009,0,0,184.2
102,2015,310,1800,13.32,0,.30202,0,0,161.1
102,2015,310,1900,13.32,0,1.023,0,0,283.2
102,2015,310,2000,13.32,0,1.2568,0,0,276.9
102,2015,310,2100,13.32,0,1.1204,0,0,225.8
102,2015,310,2200,13.32,0,1.3542,0,0,212.3
102,2015,310,2300,13.33,0,1.3542,0,0,195.9
101,2015,310,2400,13.31,11045,19.29,0,0
102,2015,310,2400,13.33,159.76,1.2178,0,0,166.7
102,2015,311,100,13.34,185.11,1.0424,0,0,144
102,2015,311,200,13.34,0,1.2372,0,0,137
102,2015,311,300,13.35,0,1.1593,0,0,125
102,2015,311,400,13.35,4.6826,1.1398,0,0,114.7
102,2015,311,500,13.36,0,.79882,0,0,104.2
102,2015,311,600,13.36,0,.89624,0,0,92.4
102,2015,311,700,13.37,0,.91573,0,0,81
102,2015,311,800,13.37,0,.99365,0,0,68.14
102,2015,311,900,13.37,12.355,.7014,0,0,37.94
102,2015,311,1000,13.39,848.73,.86703,0,0,-4.638
102,2015,311,1100,13.38,967.53,.29226,0,0,-18.05
102,2015,311,1200,13.36,942.47,.38967,0,0,11.36
102,2015,311,1300,13.34,663.92,.29226,0,0,74.6
102,2015,311,1400,13.34,114.59,1.4516,0,0,172.7
102,2015,311,1500,13.34,0,.29227,0,0,213.4
102,2015,311,1600,13.32,0,.36047,0,0,294.1
102,2015,311,1700,13.31,0,.75019,0,0,361.2
102,2015,311,1800,13.3,0,.98399,0,0,407.9
102,2015,311,1900,13.31,0,.96453,0,0,418
102,2015,311,2000,13.31,0,.90608,0,0,383.8
102,2015,311,2100,13.32,0,1.0815,0,0,292.7
102,2015,311,2200,13.32,0,1.3055,0,0,254.7
102,2015,311,2300,13.32,0,1.1983,0,0,238.4
101,2015,311,2400,13.3,3739.4,21.336,0,0
102,2015,311,2400,13.33,0,1.3152,0,0,217.7
102,2015,312,100,13.33,227.27,1.0327,0,0,197.3
102,2015,312,200,13.34,1055.2,1.1691,0,0,148.8
102,2015,312,300,13.34,1239.1,.93525,0,0,115
102,2015,312,400,13.35,1035.7,.89626,0,0,96.9
102,2015,312,500,13.35,914,.90599,0,0,74.6
102,2015,312,600,13.36,379.51,1.0619,0,0,59.6
102,2015,312,700,13.36,296.84,1.1008,0,0,48.45
102,2015,312,800,13.37,119.39,1.1787,0,0,41.05
102,2015,312,900,13.34,.94917,.25328,0,0,37.7
102,2015,312,1000,13.34,0,.945,0,0,78.6
102,2015,312,1100,13.35,0,.95472,0,0,57.78
102,2015,312,1200,13.36,0,1.3639,0,0,73.5
102,2015,312,1300,13.36,0,.50657,0,0,51.75
102,2015,312,1400,13.34,0,.00974,0,0,67.78
102,2015,312,1500,13.33,0,.00974,0,0,91.7
102,2015,312,1600,13.32,0,.22408,0,0,149
102,2015,312,1700,13.32,0,.08769,0,0,240.4
102,2015,312,1800,13.31,0,.03897,0,0,324.7
102,2015,312,1900,13.3,0,.35073,0,0,382.6
102,2015,312,2000,13.3,0,.77938,0,0,362.9
102,2015,312,2100,13.31,0,1.1691,0,0,319.4
102,2015,312,2200,13.31,0,.82812,0,0,272.1
102,2015,312,2300,13.33,0,.82812,0,0,218.7
101,2015,312,2400,13.3,5268,17.663,0,0
102,2015,312,2400,13.34,0,1.0327,0,0,197.7
102,2015,313,100,13.34,0,.85731,0,0,199.4
102,2015,313,200,13.35,0,1.169,0,0,184.9
102,2015,313,300,13.35,0,1.247,0,0,180.3
102,2015,313,400,13.35,0,1.2177,0,0,170.4
102,2015,313,500,13.36,0,1.1495,0,0,155.4
102,2015,313,600,13.36,0,1.2177,0,0,142.4
102,2015,313,700,13.37,0,1.2859,0,0,130.3
102,2015,313,800,13.37,0,1.2177,0,0,101.2
102,2015,313,900,13.39,0,.88657,0,0,58.66
102,2015,313,1000,13.4,0,.88658,0,0,33.01
102,2015,313,1100,13.41,316.32,.33124,0,0,-1.98
102,2015,313,1200,13.41,640.65,.12665,0,0,-25.7
102,2015,313,1300,13.39,739.33,0,0,0,-37.87
102,2015,313,1400,13.37,554.01,.01948,0,0,-11.71
102,2015,313,1500,13.36,398.04,.47734,0,0,18.5
102,2015,313,1600,13.34,37.247,.42864,0,0,86.3
102,2015,313,1700,13.34,0,.52609,0,0,187.7
102,2015,313,1800,13.32,0,.69172,0,0,261.3
102,2015,313,1900,13.32,0,.98401,0,0,325
102,2015,313,2000,13.33,0,1.0814,0,0,263.9
102,2015,313,2100,13.34,0,1.0814,0,0,241.6
102,2015,313,2200,13.33,0,.89629,0,0,224.6
102,2015,313,2300,13.34,0,1.1885,0,0,198.2
101,2015,313,2400,13.32,2685.6,19.718,0,0
102,2015,313,2400,13.34,0,.75014,0,0,169.1
102,2015,314,100,13.34,0,.77936,0,0,141.7
102,2015,314,200,13.34,105.38,1.0521,0,0,124.1
102,2015,314,300,13.35,158.92,.97419,0,0,107.2
102,2015,314,400,13.35,318.74,.97419,0,0,86.2
102,2015,314,500,13.35,232.31,.96444,0,0,72.6
102,2015,314,600,13.35,3.5594,1.0034,0,0,71.4
102,2015,314,700,13.36,5.3786,1.0229,0,0,57.51
102,2015,314,800,13.36,60.289,1.0132,0,0,41.65
102,2015,314,900,13.37,485.57,.63321,0,0,17.39
102,2015,314,1000,13.37,179.09,.10716,0,0,4.986
102,2015,314,1100,13.36,120.35,.06819,0,0,3.177
102,2015,314,1200,13.36,150.22,.00974,0,0,1.776
102,2015,314,1300,13.35,85.632,.28252,0,0,23.66
102,2015,314,1400,13.35,12.094,.29226,0,0,66.69
102,2015,314,1500,13.35,109.69,.45787,81.284,0,54.03
102,2015,314,1600,13.37,365.27,.73063,0,0,30
102,2015,314,1700,13.36,665.89,.80857,0,0,3.535
102,2015,314,1800,13.35,701.14,.67218,0,0,2.565
102,2015,314,1900,13.35,888.92,1.2762,0,0,30.23
102,2015,314,2000,13.35,845.07,1.3152,0,0,49.68
102,2015,314,2100,13.35,908.19,1.2664,0,0,48.17
102,2015,314,2200,13.36,832.04,.8865,0,0,39.36
102,2015,314,2300,13.36,934.36,1.0424,0,0,18.99
101,2015,314,2400,13.34,9410,18.548,81.284,0
102,2015,314,2400,13.37,1241.9,.91573,0,0,14.4
102,2015,315,100,13.37,1282.2,1.0229,0,0,11.56
102,2015,315,200,13.37,1132,1.0229,0,0,9.26
102,2015,315,300,13.38,916.22,1.0716,0,0,1.395
102,2015,315,400,13.38,783.17,1.169,0,0,-1.787
102,2015,315,500,13.38,990.62,1.0716,0,0,2.134
102,2015,315,600,13.39,839.22,1.1886,0,0,6.806
102,2015,315,700,13.39,898.88,.91578,0,0,-1.357
102,2015,315,800,13.39,719.61,.93526,0,0,-.998
102,2015,315,900,13.39,233.68,.99373,0,0,-13.55
102,2015,315,1000,13.4,460,.25331,0,0,-38.97
102,2015,315,1100,13.38,504.98,0,0,0,-32.63
102,2015,315,1200,13.36,471.91,0,0,0,-26.34
102,2015,315,1300,13.26,474.23,0,0,0,.347
102,2015,315,1400,13.34,143.14,.0682,0,0,76.3
102,2015,315,1500,13.32,0,.02923,0,0,144.5
102,2015,315,1600,13.32,0,1.0522,0,0,166.7
102,2015,315,1700,13.34,0,.00974,0,0,108.1
102,2015,315,1800,13.33,0,.05845,0,0,109.8
102,2015,315,1900,13.32,0,.27279,0,0,118
102,2015,315,2000,13.33,0,.99373,0,0,131.3
102,2015,315,2100,13.34,0,1.1593,0,0,118.5
102,2015,315,2200,13.34,0,1.1301,0,0,101
102,2015,315,2300,13.34,0,1.1203,0,0,85.7
101,2015,315,2400,13.26,9849.8,16.513,0,0
102,2015,315,2400,13.34,0,.97421,0,0,75.3
102,2015,316,100,13.35,16.033,1.1788,0,0,67.07
102,2015,316,200,13.35,60.503,1.2177,0,0,62.29
102,2015,316,300,13.35,282.38,1.208,0,0,56.99
102,2015,316,400,13.35,93.557,1.2859,0,0,53.23
102,2015,316,500,13.36,0,1.1495,0,0,53.1
102,2015,316,600,13.37,53.977,1.0814,0,0,48.12
102,2015,316,700,13.37,177.33,1.208,0,0,41.05
102,2015,316,800,13.37,434.14,1.1885,0,0,34.11
102,2015,316,900,13.35,386.61,.42867,0,0,16.73
102,2015,316,1000,13.35,141.61,.14613,0,0,48.32
102,2015,316,1100,13.35,169.53,.02923,0,0,52.21
102,2015,316,1200,13.34,176.16,0,0,0,78.7
102,2015,316,1300,13.32,0,0,0,0,124.7
102,2015,316,1400,13.31,0,.02923,0,0,208.4
102,2015,316,1500,13.29,0,.24357,0,0,297.5
102,2015,316,1600,13.28,0,.26303,0,0,395.6
102,2015,316,1700,13.28,0,.37994,0,0,504.6
102,2015,316,1800,13.29,0,1.7828,0,0,371.4
102,2015,316,1900,13.3,0,1.5004,0,0,231.7
102,2015,316,2000,13.31,0,1.5394,0,0,164.3
102,2015,316,2100,13.32,0,1.1984,0,0,159
102,2015,316,2200,13.32,0,.95478,0,0,168.3
102,2015,316,2300,13.32,0,1.2276,0,0,152.8
101,2015,316,2400,13.28,1992.1,20.381,0,0
102,2015,316,2400,13.32,.23731,1.1399,0,0,139.2
102,2015,317,100,13.32,6.7239,1.0717,0,0,133.4
102,2015,317,200,13.32,136.11,1.1691,0,0,125.9
102,2015,317,300,13.33,44.48,1.2665,0,0,120.6
102,2015,317,400,13.34,0,1.3931,0,0,112.2
102,2015,317,500,13.34,0,1.2957,0,0,103.7
102,2015,317,600,13.35,0,1.1983,0,0,100.3
102,2015,317,700,13.35,0,1.0716,0,0,89
102,2015,317,800,13.35,32.755,1.2957,0,0,73.7
102,2015,317,900,13.36,541.97,1.0424,0,0,31.13
102,2015,317,1000,13.39,684.49,1.0912,0,0,-17
102,2015,317,1100,13.39,741.06,.78916,0,0,-28.01
102,2015,317,1200,13.38,562.38,.58456,0,0,-27.24
102,2015,317,1300,13.36,1122.3,.00974,0,0,-21.93
102,2015,317,1400,13.33,1477.2,0,0,0,63.59
102,2015,317,1500,12.55,212.32,0,0,0,220.2
102,2015,317,1600,12.54,0,0,0,0,333.9
102,2015,317,1700,12.54,0,.97418,0,0,363
102,2015,317,1800,13.3,0,.53581,0,0,228.2
102,2015,317,1900,13.3,0,1.2275,0,0,196.6
102,2015,317,2000,13.3,0,1.4516,0,0,149.9
102,2015,317,2100,13.31,0,1.3932,0,0,129
102,2015,317,2200,13.32,2.3494,1.1594,0,0,125.6
102,2015,317,2300,13.32,158.72,1.3542,0,0,123.6
101,2015,317,2400,12.54,6184.4,22.407,0,0
102,2015,317,2400,13.32,461.59,1.0327,0,0,117.1
102,2015,318,100,13.32,700.57,1.3347,0,0,107.3
102,2015,318,200,13.32,525.58,1.325,0,0,101.5
102,2015,318,300,13.33,218.38,1.3055,0,0,103
102,2015,318,400,13.34,235.58,1.286,0,0,100.5
102,2015,318,500,13.34,32.787,1.3347,0,0,101.8
102,2015,318,600,13.35,95.71,1.471,0,0,101.3
102,2015,318,700,13.35,78.49,1.1983,0,0,107.3
102,2015,318,800,13.36,142.54,1.2957,0,0,96.8
102,2015,318,900,13.33,557.96,.16561,0,0,56.97
102,2015,318,1000,13.34,598.93,0,0,0,64.57
102,2015,318,1100,13.35,646.5,.80858,0,0,30.72
102,2015,318,1200,13.35,604.05,0,0,0,47.36
102,2015,318,1300,13.34,0,0,0,0,142.8
102,2015,318,1400,13.31,0,0,0,0,302.3
102,2015,318,1500,13.3,0,.3702,0,0,450.4
102,2015,318,1600,13.28,0,0,0,.283,642
102,2015,318,1700,13.27,0,.00974,0,1,760
102,2015,318,1800,13.27,0,.28252,0,1,791
102,2015,318,1900,13.27,0,.88654,0,1,786
102,2015,318,2000,13.27,0,.92549,0,1,747
102,2015,318,2100,13.28,0,.83781,0,1,711
102,2015,318,2200,13.28,0,1.0911,0,1,672.9
102,2015,318,2300,13.28,0,.99366,0,1,642.4
101,2015,318,2400,13.27,4437.1,18.111,0,7.51
102,2015,318,2400,13.29,0,1.1886,0,.233,600.7
102,2015,319,100,13.3,0,1.1204,0,0,538.6
102,2015,319,200,13.3,0,1.325,0,0,468.7
102,2015,319,300,13.31,0,1.2178,0,0,395.2
102,2015,319,400,13.31,0,1.2081,0,0,331.6
102,2015,319,500,13.32,0,1.0814,0,0,295.7
102,2015,319,600,13.32,0,1.0424,0,0,257.8
102,2015,319,700,13.33,30.786,1.1301,0,0,217.1
102,2015,319,800,13.33,93.734,1.0814,0,0,187.3
102,2015,319,900,13.33,138.96,.12665,0,0,148.3
102,2015,319,1000,13.33,33.176,0,0,0,167.2
102,2015,319,1100,13.32,471.28,0,0,0,148.3
102,2015,319,1200,13.32,382.9,0,0,0,160.8
102,2015,319,1300,13.3,6.0042,.03897,0,0,215.9
102,2015,319,1400,13.3,0,.01948,0,0,329.6
102,2015,319,1500,13.28,0,.14613,0,0,484.1
102,2015,319,1600,13.29,0,.03897,0,0,526.7
102,2015,319,1700,13.3,0,.27279,0,0,412.7
102,2015,319,1800,13.32,0,.25331,0,0,326
102,2015,319,1900,13.32,0,.50662,0,0,291.5
102,2015,319,2000,13.32,0,.63327,0,0,295.1
102,2015,319,2100,13.32,0,.88658,0,0,277.2
102,2015,319,2200,13.32,0,.88657,0,0,273.3
102,2015,319,2300,13.32,0,1.1399,0,0,249.9
101,2015,319,2400,13.28,1156.9,15.286,0,0
102,2015,319,2400,13.32,.07119,1.1301,0,0,219.5
102,2015,320,100,13.33,0,.99372,0,0,198.6
102,2015,320,200,13.33,0,1.1496,0,0,185.1
102,2015,320,300,13.34,0,.96447,0,0,179.1
102,2015,320,400,13.35,0,.87679,0,0,176.8
102,2015,320,500,13.35,0,1.0911,0,0,179
102,2015,320,600,13.35,0,1.1398,0,0,162.4
102,2015,320,700,13.36,0,1.0522,0,0,142.3
102,2015,320,800,13.36,0,1.0327,0,0,124.4
102,2015,320,900,13.37,0,.67222,0,0,103.8
102,2015,320,1000,12.57,18.075,.33125,0,0,77.6
102,2015,320,1100,12.53,112.19,.11691,0,0,57.66
102,2015,320,1200,12.52,422.43,.21433,94.286,0,53.5
102,2015,320,1300,12.53,2259.7,1.0522,0,0,48.8
102,2015,320,1400,12.53,3395.3,1.4809,0,0,-.855
102,2015,320,1500,12.52,3704,1.325,0,0,-12.38
102,2015,320,1600,12.52,4394.3,1.3152,0,0,-13.2
102,2015,320,1700,12.52,3831.4,1.0814,0,0,-21.6
102,2015,320,1800,12.53,3653.7,.85737,0,0,-19.62
102,2015,320,1900,12.53,3881.4,1.2373,0,0,-7.31
102,2015,320,2000,12.53,3887.6,1.7147,0,0,6.8
102,2015,320,2100,12.53,4113.6,1.8121,0,0,5.272
102,2015,320,2200,13.38,4155.8,1.7537,0,0,6.74
102,2015,320,2300,13.38,3936.1,1.5393,0,0,3.331
101,2015,320,2400,12.52,45394,26.197,94.286,0
102,2015,320,2400,13.38,3628.3,1.3932,0,0,-6.916
102,2015,321,100,13.39,3533.3,1.403,0,0,-11.34
102,2015,321,200,13.39,3449.2,1.3445,0,0,-16.56
102,2015,321,300,13.39,3952.5,1.3932,0,0,-20.61
102,2015,321,400,13.39,3999.3,1.3737,0,0,-26.53
102,2015,321,500,13.39,4077.8,1.4127,0,0,-29.64
102,2015,321,600,13.39,4178.8,1.2665,0,0,-31.87
102,2015,321,700,13.39,3973.4,1.2276,0,0,-40.48
102,2015,321,800,13.39,3860.6,1.2763,0,0,-48.15
102,2015,321,900,13.4,3435.8,1.0132,0,0,-57.58
102,2015,321,1000,13.4,2648,.57481,0,0,-53.93
102,2015,321,1100,13.39,2500.1,.14614,0,0,-42.71
102,2015,321,1200,13.37,2096.2,.00974,0,0,3.485
102,2015,321,1300,13.35,379.5,0,0,0,146.7
102,2015,321,1400,12.58,0,.02923,0,0,234.2
102,2015,321,1500,12.55,0,.36048,0,0,294.7
102,2015,321,1600,12.55,0,.40919,0,0,216.3
102,2015,321,1700,12.56,0,.40918,0,0,153.7
102,2015,321,1800,13.34,0,.58454,0,0,139
102,2015,321,1900,13.33,0,1.0424,0,0,121.4
102,2015,321,2000,13.33,0,1.1106,0,0,154.5
102,2015,321,2100,13.33,0,1.1983,0,0,143.2
102,2015,321,2200,13.33,0,1.0911,0,0,125.8
102,2015,321,2300,13.33,0,1.3639,0,0,122.7
101,2015,321,2400,12.55,42116,21.229,0,0
102,2015,321,2400,13.33,31.189,1.1886,0,0,114.5
102,2015,322,100,13.33,352.17,1.1885,0,0,99.9
102,2015,322,200,13.34,640.54,1.4029,0,0,93.1
102,2015,322,300,13.35,617.64,1.3541,0,0,84.3
102,2015,322,400,13.35,884.82,1.2178,0,0,72.9
102,2015,322,500,13.35,1217.1,1.1788,0,0,67.97
102,2015,322,600,13.36,1231.7,1.4223,0,0,59.38
102,2015,322,700,13.36,888.4,1.5977,0,0,58.14
102,2015,322,800,13.37,1066.2,1.5004,0,0,49.54
102,2015,322,900,13.35,1468.1,.27279,0,0,41.15
102,2015,322,1000,13.36,1011.8,.10716,0,0,32.08
102,2015,322,1100,13.35,801.49,.07794,0,0,37.58
102,2015,322,1200,13.34,210.39,.12665,0,0,142.4
102,2015,322,1300,12.55,0,0,0,0,235.9
102,2015,322,1400,12.55,0,0,0,0,338
102,2015,322,1500,12.56,0,.05845,0,0,462.1
102,2015,322,1600,13.29,0,0,0,0,596.1
102,2015,322,1700,13.28,0,.07794,0,0,662
102,2015,322,1800,13.28,0,.14613,0,.4,653.7
102,2015,322,1900,13.29,0,.41891,0,.267,641.5
102,2015,322,2000,13.29,0,.97418,0,.55,653.3
102,2015,322,2100,13.31,0,1.0717,0,0,416.5
102,2015,322,2200,13.31,0,1.2081,0,0,327.8
102,2015,322,2300,13.3,43.453,1.2081,0,0,276.8
101,2015,322,2400,12.55,10865,17.975,0,1.216
102,2015,322,2400,13.31,431.43,1.364,0,0,221.8
102,2015,323,100,13.32,1065,1.5004,0,0,184.2
102,2015,323,200,13.32,1403.5,1.5588,0,0,161.9
102,2015,323,300,13.32,1076.5,1.5978,0,0,158.1
102,2015,323,400,13.32,781.97,1.4808,0,0,150.9
102,2015,323,500,13.33,748.95,1.5198,0,0,137.5
102,2015,323,600,13.34,706.27,1.3737,0,0,125.2
102,2015,323,700,13.34,742.59,1.4711,0,0,103.8
102,2015,323,800,13.35,649.21,1.5003,0,0,79.3
102,2015,323,900,13.36,789.93,1.2178,0,0,5.697
102,2015,323,1000,13.38,2508.5,1.2178,0,0,-58.68
102,2015,323,1100,13.41,2528.3,1.0327,0,0,-78.3
102,2015,323,1200,13.4,2281.7,1.4516,0,0,-85.2
102,2015,323,1300,13.4,2366,.66248,0,0,-90.2
102,2015,323,1400,13.38,2624.2,.1364,0,0,-90.3
102,2015,323,1500,13.35,1686.3,.07794,0,0,-38.57
102,2015,323,1600,13.33,657.66,.00974,0,0,67.52
102,2015,323,1700,13.32,0,.10717,0,0,178.7
102,2015,323,1800,13.32,0,.31177,0,0,202
102,2015,323,1900,13.31,0,.90607,0,0,188.9
102,2015,323,2000,13.32,82.331,1.2958,0,0,181.1
102,2015,323,2100,13.32,1338.5,1.1886,0,0,154.6
102,2015,323,2200,13.32,2485.6,1.2373,0,0,130.8
102,2015,323,2300,13.32,3152,1.1496,0,0,116.3
101,2015,323,2400,13.31,33316,24.999,0,0
102,2015,323,2400,13.33,3641,.99372,0,0,97.7
102,2015,324,100,13.33,3616.4,1.0911,0,0,70.7
102,2015,324,200,13.33,3208.6,1.0229,0,0,63.53
102,2015,324,300,13.33,2876.3,.94499,0,0,53.61
102,2015,324,400,13.34,3780.8,1.0229,0,0,46.51
102,2015,324,500,13.34,5289.3,1.1788,0,0,50.2
102,2015,324,600,13.34,4945.1,.93525,0,0,42.59
102,2015,324,700,13.35,4830.4,.96449,0,0,46.54
102,2015,324,800,13.35,5833.2,1.1106,0,0,41.36
102,2015,324,900,13.35,3463,.54559,0,0,15.89
102,2015,324,1000,13.36,0,.35072,0,0,-14.12
102,2015,324,1100,13.35,105.32,.21433,0,0,-25.45
102,2015,324,1200,13.35,4836.2,.51633,0,0,-1.131
102,2015,324,1300,13.34,4272.9,.46762,0,0,31.04
102,2015,324,1400,13.34,2885.3,.09742,0,0,42.31
102,2015,324,1500,13.32,2150.3,0,0,0,95.6
102,2015,324,1600,13.3,192.84,0,0,0,223.7
102,2015,324,1700,13.3,0,.16561,0,0,325.7
102,2015,324,1800,13.28,0,0,0,0,386.3
102,2015,324,1900,13.28,0,.73064,0,0,439.2
102,2015,324,2000,13.28,0,1.2762,0,0,373.6
102,2015,324,2100,13.29,0,1.2567,0,0,262.9
102,2015,324,2200,13.3,0,1.2373,0,0,247.3
102,2015,324,2300,13.3,0,1.2178,0,0,228.8
101,2015,324,2400,13.28,52286,17.77,0,0
102,2015,324,2400,13.3,0,1.4224,0,0,203.8
102,2015,325,100,13.31,124.19,1.1886,0,0,168.1
102,2015,325,200,13.31,151.32,1.3055,0,0,139.5
102,2015,325,300,13.32,2.2466,1.3932,0,0,132.9
102,2015,325,400,13.32,0,1.2762,0,0,144.4
102,2015,325,500,13.33,0,1.2957,0,0,142.4
102,2015,325,600,13.33,0,.93524,0,0,136
102,2015,325,700,13.34,0,1.1593,276.37,0,130.4
102,2015,325,800,13.35,0,1.325,0,0,111.2
102,2015,325,900,13.35,256.09,.74043,0,0,82.5
102,2015,325,1000,13.36,442.74,1.1009,310.5,0,53.5
102,2015,325,1100,13.37,1035.9,.65277,0,0,34.24
102,2015,325,1200,13.36,1666.3,.25331,0,0,30.4
102,2015,325,1300,13.35,1419.5,0,122.85,0,42.77
102,2015,325,1400,13.35,837.6,.21433,2080.7,0,76.2
102,2015,325,1500,13.34,285.78,0,658.8,0,90.8
102,2015,325,1600,13.33,11.66,0,0,0,135.6
102,2015,325,1700,13.3,0,0,0,0,269.8
102,2015,325,1800,13.3,0,.01948,0,0,421.8
102,2015,325,1900,13.3,0,.14612,0,0,377.7
102,2015,325,2000,13.3,0,.98399,0,0,324.5
102,2015,325,2100,13.31,0,.81839,0,0,283.2
102,2015,325,2200,13.3,0,1.062,0,0,257.2
102,2015,325,2300,13.31,0,1.1009,0,0,202.8
101,2015,325,2400,13.3,6233.4,18.296,3449.2,0
102,2015,325,2400,13.32,0,1.325,0,0,153.4
102,2015,326,100,13.32,0,1.3152,0,0,140.9
102,2015,326,200,13.33,0,1.3737,0,0,137.2
102,2015,326,300,13.33,0,1.2567,0,0,114
102,2015,326,400,13.33,0,1.286,0,0,100.2
102,2015,326,500,13.34,0,1.3055,0,0,93.6
102,2015,326,600,13.34,0,1.4419,0,0,90.6
102,2015,326,700,13.35,0,1.4516,0,0,98.6
102,2015,326,800,13.35,0,1.3835,0,0,103.1
102,2015,326,900,13.36,0,.88661,0,0,85.6
102,2015,326,1000,13.35,0,.01948,0,0,100.8
102,2015,326,1100,13.35,0,.00974,0,0,90.6
102,2015,326,1200,13.34,0,0,0,0,112
102,2015,326,1300,13.32,0,0,0,0,190.4
102,2015,326,1400,13.31,0,.01948,0,0,371.8
102,2015,326,1500,13.3,0,.07793,0,0,450
102,2015,326,1600,13.3,0,0,0,0,417
102,2015,326,1700,13.3,0,0,0,0,443
102,2015,326,1800,13.3,0,.19484,1270.5,0,451.5
102,2015,326,1900,13.3,0,.61375,991.96,0,483.8
102,2015,326,2000,13.3,0,.78909,430.31,0,478.3
102,2015,326,2100,13.29,0,.8378,0,0,461.9
102,2015,326,2200,13.3,0,.93524,0,0,412.3
102,2015,326,2300,13.3,0,1.325,0,0,355.4
101,2015,326,2400,13.29,0,17.975,2692.8,0
102,2015,326,2400,13.3,0,1.4517,0,0,315.8
102,2015,327,100,13.3,0,1.2178,0,0,281
102,2015,327,200,13.31,0,1.2276,0,0,249.4
102,2015,327,300,13.32,0,1.3834,0,0,222.7
102,2015,327,400,13.33,0,1.4029,0,0,213.2
102,2015,327,500,13.33,0,1.3249,0,0,206.8
102,2015,327,600,13.33,0,1.0132,0,0,185.1
102,2015,327,700,13.33,0,.89627,0,0,165.8
102,2015,327,800,13.34,0,1.1009,0,0,140.9
102,2015,327,900,13.35,0,.23382,0,0,95.6
102,2015,327,1000,13.34,0,0,0,0,107.8
102,2015,327,1100,13.33,0,.13639,0,0,110.9
102,2015,327,1200,13.32,0,.10717,0,0,121.1
102,2015,327,1300,13.31,0,.05846,0,0,213.3
102,2015,327,1400,13.3,0,0,0,0,321.3
102,2015,327,1500,13.29,0,.19483,0,0,462.2
102,2015,327,1600,13.28,0,.00974,0,0,564.4
102,2015,327,1700,13.27,0,.05845,0,.9,688.8
102,2015,327,1800,13.27,0,.39943,122.12,1,811
102,2015,327,1900,13.28,0,.97422,0,1,714
102,2015,327,2000,13.28,0,.8865,0,.2,578.2
102,2015,327,2100,13.29,0,.99365,0,0,498.7
102,2015,327,2200,13.28,0,.97417,0,0,443.1
102,2015,327,2300,13.29,0,.85728,0,0,415.2
101,2015,327,2400,13.27,0,16.893,122.12,3.099
102,2015,327,2400,13.3,0,1.4419,0,0,409
102,2015,328,100,13.3,0,1.0912,0,0,358.4
102,2015,328,200,13.3,0,1.1594,0,0,318
102,2015,328,300,12.68,0,1.0132,0,0,281.5
102,2015,328,400,12.61,0,1.1009,0,0,241.9
102,2015,328,500,13.32,0,1.2568,0,0,215.5
102,2015,328,600,13.33,0,.89629,0,0,209.1
102,2015,328,700,13.33,0,.89628,0,0,186.4
102,2015,328,800,13.34,0,.89628,0,0,166.4
102,2015,328,900,13.35,0,.72094,0,0,110.1
102,2015,328,1000,13.35,0,.37023,302.67,0,63.64
102,2015,328,1100,12.53,0,0,4548.1,0,56.41
102,2015,328,1200,12.52,0,.34099,4354,0,166.4
102,2015,328,1300,12.53,0,.08768,5145.2,0,315.7
102,2015,328,1400,12.54,0,.02923,1110.3,0,432.6
102,2015,328,1500,12.54,0,.14613,0,0,553.3
102,2015,328,1600,12.54,0,.16561,0,0,609.3
102,2015,328,1700,13.21,0,.71118,0,1,764
102,2015,328,1800,13.27,0,.51634,0,1,691.6
102,2015,328,1900,13.28,0,.97419,0,.333,579
102,2015,328,2000,13.28,0,1.1495,0,0,506.5
102,2015,328,2100,13.28,0,.99368,0,0,471.5
102,2015,328,2200,13.29,0,1.0229,0,0,434.5
102,2015,328,2300,13.3,0,1.1886,0,0,408.1
101,2015,328,2400,12.52,0,17.819,15460,2.332
102,2015,328,2400,13.3,0,1.0912,0,0,385.1
102,2015,329,100,13.31,0,1.1691,0,0,362.2
102,2015,329,200,13.32,0,1.3152,0,0,335.3
102,2015,329,300,13.32,0,1.2178,0,0,321.4
102,2015,329,400,13.32,0,1.2373,0,0,306.9
102,2015,329,500,13.33,0,1.2568,0,0,273.2
102,2015,329,600,13.33,0,1.247,0,0,256.8
102,2015,329,700,13.34,0,1.4029,0,0,246.3
102,2015,329,800,13.34,0,1.3055,330.84,0,225.3
102,2015,329,900,13.33,0,0,107.13,0,243.8
102,2015,329,1000,13.32,0,0,0,0,408
102,2015,329,1100,13.32,0,0,1821.4,0,315.7
102,2015,329,1200,13.32,0,0,1772,0,308.7
102,2015,329,1300,13.3,0,0,2282.5,0,440.3
102,2015,329,1400,13.28,0,0,2600.5,.516,628.4
102,2015,329,1500,13.27,0,0,432.98,1,735
102,2015,329,1600,13.27,0,.01948,112.77,1,739
102,2015,329,1700,13.27,0,.09742,1142.1,1,742
102,2015,329,1800,13.26,0,.07794,1492.2,1,749
102,2015,329,1900,13.26,0,.51634,232.28,1,772
102,2015,329,2000,13.27,0,.95473,684.77,1,650.4
102,2015,329,2100,13.28,0,1.0716,459.95,.333,572.1
102,2015,329,2200,13.28,0,1.0424,35.918,0,477.9
102,2015,329,2300,13.3,0,.75992,33.185,0,406.7
101,2015,329,2400,13.26,0,15.5,13541,6.847
102,2015,329,2400,13.3,0,.80864,0,0,363.9
102,2015,330,100,13.31,0,.80865,0,0,306.4
102,2015,330,200,13.31,0,.91581,0,0,279.1
102,2015,330,300,13.31,0,.92555,0,0,255.5
102,2015,330,400,13.32,0,.88657,0,0,235.5
102,2015,330,500,13.32,0,.93528,0,0,208.9
102,2015,330,600,13.32,0,.86708,0,0,187.9
102,2015,330,700,13.32,0,.80862,245.48,0,176.8
102,2015,330,800,13.34,0,.98397,2730.4,0,162.7
102,2015,330,900,13.34,0,.63327,2894.6,0,144
102,2015,330,1000,13.33,0,.15588,2624.8,0,113.6
102,2015,330,1100,13.33,0,.00974,3050.9,0,126
102,2015,330,1200,13.32,0,.00974,2998.4,0,161.2
102,2015,330,1300,13.31,0,0,1439.2,0,268
102,2015,330,1400,13.3,0,.22406,636.15,0,383.5
102,2015,330,1500,13.29,0,.04871,212.2,0,344.1
102,2015,330,1600,13.28,0,0,860.96,0,443.2
102,2015,330,1700,13.28,0,.02923,2795.7,0,533.9
102,2015,330,1800,13.28,0,.25329,3464.1,0,534.6
102,2015,330,1900,13.3,0,.62349,2662.3,0,421
102,2015,330,2000,13.31,0,.7307,2029.7,0,331.4
102,2015,330,2100,13.32,0,.6625,73.441,0,316.1
102,2015,330,2200,13.31,0,.69173,0,0,280.4
102,2015,330,2300,13.33,0,.7794,0,0,234.5
101,2015,330,2400,13.28,0,12.85,28719,0
102,2015,330,2400,13.33,0,.86708,0,0,198.8
102,2015,331,100,13.33,0,.8281,0,0,183.5
102,2015,331,200,13.33,0,.99372,0,0,162.9
102,2015,331,300,13.34,0,.99375,0,0,138.4
102,2015,331,400,13.34,0,.87684,0,0,133.8
102,2015,331,500,13.34,0,.93531,0,0,128.2
102,2015,331,600,13.35,0,1.0425,0,0,113.1
102,2015,331,700,13.35,0,.91582,0,0,101.8
102,2015,331,800,13.35,0,1.1692,873.91,0,87.7
102,2015,331,900,13.36,0,1.1204,464.14,0,61.6
102,2015,331,1000,13.38,0,.82814,1918.7,0,26.52
102,2015,331,1100,13.39,0,.36048,3178.8,0,10.34
102,2015,331,1200,13.37,0,.03897,3130.1,0,10.64
102,2015,331,1300,13.36,0,0,179.91,0,61.04
102,2015,331,1400,13.35,0,0,0,0,160.7
102,2015,331,1500,13.35,0,0,0,0,193.6
102,2015,331,1600,13.35,0,.01948,0,0,219
102,2015,331,1700,13.34,0,0,0,0,272.7
102,2015,331,1800,13.33,0,.05845,0,0,296.9
102,2015,331,1900,13.32,0,.43841,0,0,335
102,2015,331,2000,13.32,0,1.0522,0,0,372.3
102,2015,331,2100,13.33,0,1.2178,0,0,267
102,2015,331,2200,13.33,0,.80861,0,0,235.3
102,2015,331,2300,13.32,0,.62351,0,0,205.4
101,2015,331,2400,13.32,0,15.208,9745.6,0
102,2015,331,2400,13.32,0,.88654,0,0,196.7
102,2015,332,100,13.33,0,.85731,0,0,192.9
102,2015,332,200,13.33,0,1.0522,0,0,170.8
102,2015,332,300,13.33,0,1.1983,0,0,150.1
102,2015,332,400,13.34,0,1.0522,0,0,136.4
102,2015,332,500,13.35,0,1.1107,0,0,131.1
102,2015,332,600,13.35,0,1.1497,0,0,132.7
102,2015,332,700,13.35,0,1.0425,0,0,118.8
102,2015,332,800,13.35,0,.9256,0,0,94.6
102,2015,332,900,13.37,0,.53586,0,0,64.17
102,2015,332,1000,13.37,0,.4092,0,0,42.22
102,2015,332,1100,13.35,0,.30202,0,0,76.2
102,2015,332,1200,13.35,0,.63326,0,0,110.4
102,2015,332,1300,13.33,0,.5748,0,0,132.9
102,2015,332,1400,13.33,0,.16562,0,0,166
102,2015,332,1500,13.31,0,.16562,0,0,228.1
102,2015,332,1600,13.3,0,.85729,0,0,368.4
102,2015,332,1700,13.3,0,.78909,0,0,462.3
102,2015,332,1800,13.31,0,1.1301,0,0,457.6
102,2015,332,1900,13.31,0,1.0619,0,0,411.5
102,2015,332,2000,13.3,0,1.3932,0,0,449.7
102,2015,332,2100,13.31,0,1.3445,0,0,393.8
102,2015,332,2200,13.32,0,1.3445,0,0,346.4
102,2015,332,2300,13.32,0,1.3347,0,0,301.7
101,2015,332,2400,13.3,0,21.59,0,0
102,2015,332,2400,13.32,0,1.1593,0,0,260
102,2015,333,100,13.33,0,1.2665,0,0,230.8
102,2015,333,200,13.34,0,1.2276,0,0,225
102,2015,333,300,13.35,0,1.2374,0,0,214.9
102,2015,333,400,13.35,0,1.1107,42.844,0,208.4
102,2015,333,500,13.35,0,1.1302,46.374,0,198.6
102,2015,333,600,13.36,0,1.1984,166.99,0,189.2
102,2015,333,700,13.37,0,1.2666,59.292,0,176.3
102,2015,333,800,13.37,0,.84763,81.147,0,157.3
102,2015,333,900,13.38,0,.45791,13.757,0,116.4
102,2015,333,1000,13.37,0,.0682,0,0,119.5
102,2015,333,1100,13.35,0,.02923,0,0,146.8
102,2015,333,1200,13.34,0,.46763,0,0,255
102,2015,333,1300,13.32,0,.19485,0,0,422.4
102,2015,333,1400,13.31,0,.47735,0,0,517.8
102,2015,333,1500,13.3,0,.6332,0,0,578.9
102,2015,333,1600,13.3,0,.8183,0,0,572.2
102,2015,333,1700,13.3,0,.96446,0,0,394.2
102,2015,333,1800,13.32,0,.30202,0,0,195
102,2015,333,1900,13.32,0,.39945,0,0,124.6
102,2015,333,2000,13.32,0,.83787,46.727,0,120.6
102,2015,333,2100,13.32,0,1.0912,144.93,0,112.5
102,2015,333,2200,13.32,0,.95477,0,0,111.2
102,2015,333,2300,13.33,0,1.0035,0,0,101.1
101,2015,333,2400,13.3,0,19.183,602.06,0
102,2015,333,2400,13.33,0,1.1983,0,0,92.8
102,2015,334,100,13.33,0,1.1497,0,0,97.9
102,2015,334,200,13.34,0,1.1204,0,0,98.6
102,2015,334,300,13.34,0,.9743,0,0,93.7
102,2015,334,400,13.32,0,.96455,0,0,77
102,2015,334,500,13.35,0,1.0328,0,0,71.3
102,2015,334,600,13.35,0,1.1789,0,0,72
102,2015,334,700,13.36,0,.94508,0,0,75.3
102,2015,334,800,13.36,0,1.2374,0,0,55.18
102,2015,334,900,13.37,40.922,1.0815,0,0,21.14
102,2015,334,1000,13.39,685.74,.88659,0,0,-18.07
102,2015,334,1100,13.38,460,.78917,0,0,-57.05
102,2015,334,1200,13.37,61.997,.39946,0,0,-39.26
102,2015,334,1300,13.35,0,.29228,360.39,0,4.622
102,2015,334,1400,13.34,0,.45789,939.18,0,105
102,2015,334,1500,13.33,0,.24356,1058.2,0,242.8
102,2015,334,1600,13.32,0,.32151,836.45,0,335.2
102,2015,334,1700,13.31,0,.37021,549.83,0,441.9
102,2015,334,1800,13.3,0,.41889,977.04,0,473.1
102,2015,334,1900,13.29,0,1.0521,878.74,0,516.6
102,2015,334,2000,13.3,0,1.0911,952.15,0,514.5
102,2015,334,2100,13.3,0,1.1984,0,0,450.9
102,2015,334,2200,13.3,0,1.705,0,0,433.6
102,2015,334,2300,13.3,0,1.5686,0,0,398
101,2015,334,2400,13.29,1248.7,22.116,6552,0
102,2015,334,2400,13.3,0,1.6368,0,0,375
102,2015,335,100,13.31,0,1.2568,0,0,339.3
102,2015,335,200,13.32,0,1.3347,0,0,301.5
102,2015,335,300,13.32,0,1.3152,0,0,266.6
102,2015,335,400,13.32,0,1.2178,0,0,233.5
102,2015,335,500,13.33,0,1.3055,0,0,224.6
102,2015,335,600,13.33,0,1.4225,0,0,213.3
102,2015,335,700,13.33,0,1.2471,0,0,205.7
102,2015,335,800,13.34,0,1.2471,0,0,182.7
102,2015,335,900,13.33,0,.0682,0,0,149.3
102,2015,335,1000,13.33,0,.00974,0,0,227
102,2015,335,1100,13.33,0,0,405.41,0,207.4
102,2015,335,1200,13.32,0,0,511.22,0,250.4
102,2015,335,1300,13.3,0,.00974,874.37,0,362
102,2015,335,1400,13.3,0,.06819,172.08,0,505.3
102,2015,335,1500,13.28,0,.21432,269.95,.267,589.4
102,2015,335,1600,13.26,0,.16562,133.73,1,720
102,2015,335,1700,13.27,0,.7599,115.94,1,808
102,2015,335,1800,13.27,0,.64299,1313.8,1,761
102,2015,335,1900,13.27,0,1.169,1207.7,1,655.2
102,2015,335,2000,13.28,0,1.13,237.02,.117,573.3
102,2015,335,2100,13.3,0,1.5003,22.694,0,514.4
102,2015,335,2200,13.31,0,1.5004,0,0,434.4
102,2015,335,2300,13.31,0,1.5491,0,0,418.8
101,2015,335,2400,13.26,0,20.664,5263.9,4.382
102,2015,335,2400,13.31,0,1.5296,0,0,400.1
102,2015,336,100,13.32,0,1.5101,0,0,367.6
102,2015,336,200,13.32,0,1.4516,0,0,338.7
102,2015,336,300,13.32,41.071,1.4029,0,0,314.8
102,2015,336,400,13.33,301.65,1.4127,0,0,298.5
102,2015,336,500,13.33,594.44,1.4614,0,0,282.3
102,2015,336,600,13.33,941.46,1.3933,0,0,258.7
102,2015,336,700,13.34,1222,1.5199,0,0,248.8
102,2015,336,800,13.35,977.87,1.2569,64.814,0,229.2
102,2015,336,900,13.37,1376.3,.72098,0,0,151.4
102,2015,336,1000,13.37,1584.5,.23383,0,0,75.4
102,2015,336,1100,13.35,1781.2,.00974,577.13,0,69.1
102,2015,336,1200,13.33,1397.8,.03897,45.106,0,133.8
102,2015,336,1300,13.32,325.52,0,0,0,233.7
102,2015,336,1400,13.3,0,.32149,0,0,360.1
102,2015,336,1500,13.31,0,1.588,0,0,452.2
102,2015,336,1600,13.32,0,.88657,33.382,0,247.6
102,2015,336,1700,13.3,0,.31176,0,0,217.3
102,2015,336,1800,13.29,0,.45786,5.4735,0,323.6
102,2015,336,1900,13.3,0,.7209,16.563,0,330.4
102,2015,336,2000,13.32,0,1.023,37.218,0,275.1
102,2015,336,2100,13.32,0,1.4906,17.506,0,226
102,2015,336,2200,13.33,0,1.4127,54.241,0,245.4
102,2015,336,2300,13.33,0,1.4127,45.516,0,254.9
101,2015,336,2400,13.29,10544,23.567,1063.2,0
102,2015,336,2400,13.33,0,1.5296,166.22,0,250
102,2015,337,100,13.33,0,1.325,204.79,0,243.9
102,2015,337,200,13.34,0,1.4127,50.587,0,228.2
102,2015,337,300,13.34,0,1.325,0,0,209.6
102,2015,337,400,13.35,0,1.3056,0,0,197.8
102,2015,337,500,13.35,0,1.2861,0,0,181.2
102,2015,337,600,13.35,0,1.3251,0,0,170.2
102,2015,337,700,13.36,0,.96456,0,0,159.6
102,2015,337,800,13.37,0,1.0328,0,0,150.8
102,2015,337,900,13.38,0,.66252,97.926,0,116.9
102,2015,337,1000,13.37,0,.00974,80.721,0,92.6
102,2015,337,1100,13.34,0,0,0,0,155.3
102,2015,337,1200,13.33,0,.14614,123.65,0,234
102,2015,337,1300,13.32,0,.00974,539.15,0,266.9
102,2015,337,1400,13.33,0,0,715.99,0,253.7
102,2015,337,1500,13.32,0,0,134.18,0,248.6
102,2015,337,1600,13.32,0,0,114.78,0,267
102,2015,337,1700,13.31,0,0,62.121,0,333
102,2015,337,1800,13.31,0,.00974,0,0,497.5
102,2015,337,1900,13.31,0,.58456,430.18,0,518.7
102,2015,337,2000,13.32,0,1.2471,875.01,0,420.3
102,2015,337,2100,13.32,0,1.0035,0,0,328.6
102,2015,337,2200,13.32,0,1.0814,0,0,273.5
102,2015,337,2300,13.33,0,1.4321,0,0,289.8
101,2015,337,2400,13.31,0,17.712,3429.1,0
102,2015,337,2400,13.34,0,1.5491,0,0,326
102,2015,338,100,13.33,0,1.5101,0,0,320.9
102,2015,338,200,13.34,0,1.6075,0,0,307.7
102,2015,338,300,13.34,0,1.5393,0,0,297.1
102,2015,338,400,13.35,0,1.2373,0,0,283.8
102,2015,338,500,13.35,0,1.2666,0,0,266.3
102,2015,338,600,13.35,0,1.4712,0,0,243.5
102,2015,338,700,13.35,0,1.2276,0,0,228.9
102,2015,338,800,13.37,0,1.2569,0,0,228.9
102,2015,338,900,13.38,0,.08769,0,0,184.5
102,2015,338,1000,13.37,0,0,0,0,141.2
102,2015,338,1100,13.35,0,0,0,0,164.1
102,2015,338,1200,13.34,0,0,0,0,224.9
102,2015,338,1300,13.32,0,0,0,0,343.5
102,2015,338,1400,13.3,0,0,102.11,0,466.3
102,2015,338,1500,13.3,0,.10716,0,0,559.6
102,2015,338,1600,13.29,0,.77933,0,0,566.9
102,2015,338,1700,13.3,0,.91571,0,0,525.7
102,2015,338,1800,13.28,0,.64294,100.61,0,534.9
102,2015,338,1900,12.53,0,1.4418,3314.6,0,467.9
102,2015,338,2000,12.52,0,1.3347,1236.1,0,327.6
102,2015,338,2100,12.52,0,1.1594,0,0,287.9
102,2015,338,2200,12.52,0,1.1399,0,0,252.8
102,2015,338,2300,12.52,0,1.0814,0,0,219.6
101,2015,338,2400,12.52,0,20.976,4753.4,0
102,2015,338,2400,12.52,0,1.1691,0,0,199.4
102,2015,339,100,12.52,0,1.1204,0,0,180.3
102,2015,339,200,13.29,0,1.0132,0,0,173.9
102,2015,339,300,13.33,0,1.1886,0,0,171.9
102,2015,339,400,13.33,0,1.1009,0,0,164.9
102,2015,339,500,13.33,0,1.2179,0,0,164.1
102,2015,339,600,13.34,0,1.062,0,0,169.2
102,2015,339,700,13.35,0,1.0133,0,0,167
102,2015,339,800,13.35,0,.85739,0,0,151.1
102,2015,339,900,13.36,0,.27281,0,0,105
102,2015,339,1000,13.36,0,.04872,0,0,71.2
102,2015,339,1100,13.35,0,.07795,0,0,49.15
102,2015,339,1200,13.33,0,0,0,0,98.4
102,2015,339,1300,13.32,0,.01948,94.411,0,185.1
102,2015,339,1400,12.55,0,0,4763.1,0,203.5
102,2015,339,1500,12.54,0,.01948,5122,0,239.9
102,2015,339,1600,12.54,0,0,3544,0,271
102,2015,339,1700,13.3,0,.03897,0,0,431.5
102,2015,339,1800,13.31,0,.62351,52.99,0,477.6
102,2015,339,1900,13.32,0,.72095,0,0,323.3
102,2015,339,2000,13.33,0,.82811,0,0,285.2
102,2015,339,2100,13.32,0,.70146,0,0,268.7
102,2015,339,2200,13.32,0,.63326,385.42,0,258
102,2015,339,2300,13.32,0,.68198,0,0,249.7
101,2015,339,2400,12.52,0,13.952,13962,0
102,2015,339,2400,13.32,0,.7112,0,0,240.2
102,2015,340,100,13.32,0,.67223,0,0,220.6
102,2015,340,200,13.32,0,.87683,0,0,211.3
102,2015,340,300,13.33,0,.56507,0,0,207.7
102,2015,340,400,13.33,0,.80863,0,0,182.9
102,2015,340,500,13.33,0,.6138,0,0,155.3
102,2015,340,600,13.33,0,.84761,0,0,139.4
102,2015,340,700,13.34,0,.82815,0,0,129.6
102,2015,340,800,13.34,0,.74045,0,0,119.6
102,2015,340,900,13.35,0,.11691,0,0,81
102,2015,340,1000,12.55,0,.39945,1548.8,0,98
102,2015,340,1100,13.35,0,.00974,624.88,0,94.6
102,2015,340,1200,13.33,0,0,85.243,0,159.2
102,2015,340,1300,13.33,0,0,2001.9,0,227.4
102,2015,340,1400,13.31,0,0,1857.3,0,267.4
102,2015,340,1500,13.3,0,.00974,408.83,0,399.4
102,2015,340,1600,13.3,0,.61372,392.65,0,468
102,2015,340,1700,13.31,0,.59428,0,0,356.3
102,2015,340,1800,13.32,0,.65277,450.4,0,209.4
102,2015,340,1900,13.34,0,.62355,859.27,0,112.5
102,2015,340,2000,13.34,0,.87689,68.223,0,68.06
102,2015,340,2100,13.34,0,1.0522,0,0,56.71
102,2015,340,2200,13.35,0,.91585,0,0,57.1
102,2015,340,2300,13.35,0,1.2082,0,0,49.28
101,2015,340,2400,12.55,0,13.981,8297.6,0
102,2015,340,2400,13.35,0,.95483,0,0,49.62
102,2015,341,100,13.35,0,1.1887,0,0,49.25
102,2015,341,200,13.35,0,1.023,0,0,45.82
102,2015,341,300,13.36,0,.87689,0,0,39.71
102,2015,341,400,13.36,0,.95483,0,0,32.82
102,2015,341,500,13.36,0,1.101,0,0,27.72
102,2015,341,600,13.36,0,1.1107,0,0,23.19
102,2015,341,700,13.37,0,1.2081,0,0,18.8
102,2015,341,800,13.37,0,1.1886,0,0,19.57
102,2015,341,900,13.38,0,.46766,0,0,9.89
102,2015,341,1000,13.37,0,0,0,0,4.76
102,2015,341,1100,13.36,0,0,59.711,0,26.4
102,2015,341,1200,13.33,0,0,211.69,0,84.1
102,2015,341,1300,13.33,0,0,69.428,0,164.4
102,2015,341,1400,13.31,0,0,132.48,0,243.1
102,2015,341,1500,13.29,0,0,652.53,0,344.2
102,2015,341,1600,13.28,0,0,2512.6,0,434.2
102,2015,341,1700,13.28,0,0,597.77,0,522.7
102,2015,341,1800,13.27,0,.00974,261.54,0,571
102,2015,341,1900,13.27,0,.19484,502.11,0,522.5
102,2015,341,2000,13.3,0,.5066,264.32,0,428.1
102,2015,341,2100,13.3,0,.90608,290.39,0,381.1
102,2015,341,2200,13.3,0,1.1204,0,0,354.1
102,2015,341,2300,13.3,0,.96453,0,0,327.4
101,2015,341,2400,13.27,0,13.903,5554.6,0
102,2015,341,2400,13.31,0,1.0814,0,0,290.8
102,2015,342,100,13.32,0,1.2276,0,0,260.2
102,2015,342,200,13.32,0,1.1009,0,0,238
102,2015,342,300,13.32,0,1.0425,0,0,212.2
102,2015,342,400,13.32,0,.94506,0,0,197.2
102,2015,342,500,13.33,0,1.2763,0,0,175
102,2015,342,600,13.33,0,1.0425,0,0,150.2
102,2015,342,700,13.34,0,1.0425,0,0,138.3
102,2015,342,800,13.34,0,1.1692,0,0,141
102,2015,342,900,13.35,0,.27281,0,0,105.1
102,2015,342,1000,13.35,0,0,0,0,124.8
102,2015,342,1100,13.34,0,0,0,0,153.9
102,2015,342,1200,13.32,0,0,73.417,0,218.4
102,2015,342,1300,12.55,0,0,1519,0,352.3
102,2015,342,1400,12.53,0,0,2346.7,0,489.5
102,2015,342,1500,12.54,0,0,4289.1,0,569.5
102,2015,342,1600,12.52,0,0,6097.4,0,580.7
102,2015,342,1700,12.52,0,0,2938.8,.2,612.8
102,2015,342,1800,12.53,0,.00974,6276.3,0,566.4
102,2015,342,1900,12.52,0,.32147,5763,0,516.8
102,2015,342,2000,12.52,0,.72089,5333.6,0,472.6
102,2015,342,2100,12.59,0,.8768,0,0,482.3
102,2015,342,2200,13.27,0,1.0911,0,0,470.5
102,2015,342,2300,13.3,0,1.1107,0,0,417.3
101,2015,342,2400,12.52,0,14.263,34637,.2
102,2015,342,2400,13.3,0,1.0132,0,0,357.7
102,2015,343,100,13.31,0,1.1009,0,0,323.2
102,2015,343,200,13.32,0,.99375,0,0,304.5
102,2015,343,300,13.32,0,1.0717,0,0,281.7
102,2015,343,400,13.32,0,1.1301,0,0,258.7
102,2015,343,500,12.83,0,1.1107,0,0,234.4
102,2015,343,600,12.55,0,1.2276,0,0,210.5
102,2015,343,700,12.55,0,1.3738,0,0,199.3
102,2015,343,800,12.55,0,1.1107,0,0,191.9
102,2015,343,900,13.35,0,.17538,0,0,132.1
102,2015,343,1000,13.35,0,0,0,0,178.7
102,2015,343,1100,13.33,0,0,0,0,175.4
102,2015,343,1200,13.32,0,0,0,0,218.6
102,2015,343,1300,13.3,0,0,0,0,323.2
102,2015,343,1400,13.29,0,0,0,0,446.4
102,2015,343,1500,13.28,0,0,0,0,547.2
102,2015,343,1600,13.28,0,.10716,0,0,586
102,2015,343,1700,12.79,0,.73063,0,0,510.7
102,2015,343,1800,12.55,0,.71119,0,0,332.3
102,2015,343,1900,13.31,0,.51636,0,0,343.8
102,2015,343,2000,13.32,0,.70147,0,0,308
102,2015,343,2100,13.32,0,1.1789,0,0,297.9
102,2015,343,2200,13.32,0,1.2666,0,0,295.2
102,2015,343,2300,13.32,0,1.0619,0,0,297.8
101,2015,343,2400,12.55,0,16.777,0,0
102,2015,343,2400,13.33,0,1.2081,0,0,278.1
102,2015,344,100,13.33,0,1.1983,0,0,260.5
102,2015,344,200,13.33,0,1.1399,0,0,241.5
102,2015,344,300,13.33,0,.98405,0,0,225.4
102,2015,344,400,13.33,0,.9548,0,0,199.1
102,2015,344,500,13.33,0,.96457,0,0,171.1
102,2015,344,600,13.34,0,1.0328,0,0,162.7
102,2015,344,700,13.35,0,1.0912,0,0,157.4
102,2015,344,800,13.35,0,.73074,0,0,159.2
102,2015,344,900,13.36,0,.23384,0,0,122.7
102,2015,344,1000,13.35,0,0,0,0,148.6
102,2015,344,1100,12.53,0,0,0,0,133.7
102,2015,344,1200,12.55,0,0,0,0,168.5
102,2015,344,1300,12.52,0,0,0,0,295.8
102,2015,344,1400,12.52,0,.03897,0,0,450.5
102,2015,344,1500,13.3,0,0,0,0,474.4
102,2015,344,1600,13.3,0,0,0,0,469.5
102,2015,344,1700,13.3,0,.00974,0,0,390.6
102,2015,344,1800,13.31,0,.6917,0,0,452.3
102,2015,344,1900,13.32,0,.76967,0,0,404.1
102,2015,344,2000,13.33,0,.96454,0,0,350
102,2015,344,2100,13.33,0,1.0717,0,0,317.9
102,2015,344,2200,13.33,0,1.0132,0,0,289.9
102,2015,344,2300,13.33,0,1.1009,0,0,271.7
101,2015,344,2400,12.52,0,14.965,0,0
102,2015,344,2400,13.33,0,.97428,0,0,260.4
102,2015,345,100,13.34,0,.89637,0,0,234.9
102,2015,345,200,13.34,0,.8379,0,0,206.5
102,2015,345,300,13.35,0,1.0328,0,0,198.1
102,2015,345,400,13.35,0,.82818,0,0,173.4
102,2015,345,500,13.35,0,.69178,0,0,157.6
102,2015,345,600,13.35,0,.91586,0,0,149.1
102,2015,345,700,13.36,0,.94509,0,0,148.2
102,2015,345,800,13.36,0,1.1399,0,0,136.5
102,2015,345,900,13.37,0,.12666,0,0,85
102,2015,345,1000,13.35,0,0,0,0,107
102,2015,345,1100,13.34,0,0,0,0,147
102,2015,345,1200,13.32,0,0,0,0,217.1
102,2015,345,1300,13.31,0,0,0,0,313.3
102,2015,345,1400,13.3,0,0,0,0,380.7
102,2015,345,1500,13.29,0,0,0,0,453.1
102,2015,345,1600,13.29,0,0,0,0,552.5
102,2015,345,1700,13.28,0,.03897,0,0,591.3
102,2015,345,1800,13.29,0,.68192,0,.083,632.9
102,2015,345,1900,13.28,0,.69165,0,0,509.5
102,2015,345,2000,13.28,0,.74036,0,0,439.8
102,2015,345,2100,13.29,0,1.0911,0,0,380.8
102,2015,345,2200,13.3,0,1.247,0,0,350.2
102,2015,345,2300,13.3,0,1.0035,0,0,327.7
101,2015,345,2400,13.28,0,14.049,0,.083
102,2015,345,2400,13.3,0,1.1399,0,0,307.5
102,2015,346,100,13.31,0,.88658,0,0,258.5
102,2015,346,200,13.31,0,.92555,0,0,213.4
102,2015,346,300,13.32,0,.89633,0,0,181.5
102,2015,346,400,13.32,0,.85736,0,0,161.7
102,2015,346,500,13.32,0,.86711,0,0,143.3
102,2015,346,600,13.33,0,.8184,0,0,138.7
102,2015,346,700,13.33,0,.93535,0,0,134.1
102,2015,346,800,13.33,0,.90612,0,0,135.6
102,2015,346,900,13.34,0,.05846,0,0,103.7
102,2015,346,1000,13.32,0,0,0,0,139.6
102,2015,346,1100,13.32,0,0,0,0,172.4
102,2015,346,1200,13.31,0,0,0,0,223.1
102,2015,346,1300,13.29,0,0,0,0,335.9
102,2015,346,1400,13.28,0,0,0,0,441.5
102,2015,346,1500,13.28,0,0,0,0,572.5
102,2015,346,1600,13.27,0,0,0,.65,699.9
102,2015,346,1700,13.27,0,.77936,0,.433,621.1
102,2015,346,1800,13.3,0,1.0132,289.64,0,456.7
102,2015,346,1900,13.3,0,.98401,0,0,346.9
102,2015,346,2000,13.31,0,.76968,0,0,271.7
102,2015,346,2100,13.32,0,.80865,0,0,258.3
102,2015,346,2200,13.31,0,.96455,0,0,259.9
102,2015,346,2300,13.32,0,1.062,0,0,225.5
101,2015,346,2400,13.27,0,14.293,289.64,1.083
102,2015,346,2400,13.33,0,.75996,0,0,210.1
102,2015,347,100,13.33,0,1.0717,0,0,209.7
102,2015,347,200,13.33,0,1.023,0,0,211
102,2015,347,300,13.34,0,.98407,0,0,197.3
102,2015,347,400,13.34,0,.83794,0,0,183.8
102,2015,347,500,13.35,0,.95485,0,0,166.3
102,2015,347,600,13.35,0,.84767,0,0,148.3
102,2015,347,700,13.35,0,.68202,0,0,138.7
102,2015,347,800,13.36,0,.76971,0,0,144.5
102,2015,347,900,13.37,0,.341,0,0,107.1
102,2015,347,1000,13.37,0,0,0,0,68.43
102,2015,347,1100,13.36,0,0,0,0,56.93
102,2015,347,1200,13.35,0,0,0,0,84.8
102,2015,347,1300,13.33,0,0,0,0,161.6
102,2015,347,1400,12.63,0,.3897,144.35,0,238.2
102,2015,347,1500,13.34,0,.66253,1108.5,0,171.9
102,2015,347,1600,13.35,0,.27282,309.8,0,106.8
102,2015,347,1700,13.35,0,.01949,0,0,68.28
102,2015,347,1800,13.33,0,.05846,0,0,125.2
102,2015,347,1900,13.32,0,.29228,0,0,190.4
102,2015,347,2000,13.33,0,.31176,0,0,282.3
102,2015,347,2100,13.33,0,.45791,0,0,277.7
102,2015,347,2200,13.33,0,.39947,0,0,261.3
102,2015,347,2300,13.33,0,.59435,0,0,242.5
101,2015,347,2400,12.63,0,11.487,1562.7,0
102,2015,347,2400,13.34,0,.51637,0,0,221.5
102,2015,348,100,13.33,0,.38974,0,0,196.2
102,2015,348,200,13.34,0,.53588,0,0,161
102,2015,348,300,13.34,0,.74051,0,0,146.2
102,2015,348,400,13.35,0,.66254,0,0,131.5
102,2015,348,500,13.35,0,.5846,0,0,123.4
102,2015,348,600,13.35,0,.69177,0,0,127.3
102,2015,348,700,13.35,0,.62357,0,0,109
102,2015,348,800,13.35,0,.75023,0,0,88.6
102,2015,348,900,13.37,0,.5651,0,0,74.4
102,2015,348,1000,13.36,0,.04872,0,0,78.2
102,2015,348,1100,13.35,0,.00974,0,0,86.9
102,2015,348,1200,13.35,0,0,0,0,119.4
102,2015,348,1300,13.33,0,0,0,0,153.7
102,2015,348,1400,13.32,0,0,0,0,196.9
102,2015,348,1500,13.32,0,.18511,0,0,245.3
102,2015,348,1600,13.32,0,.33125,0,0,267.7
102,2015,348,1700,13.32,0,.40919,0,0,307.9
102,2015,348,1800,13.34,0,.51637,0,0,281.8
102,2015,348,1900,13.33,0,.56512,0,0,252.2
102,2015,348,2000,13.34,0,.69177,0,0,211.9
102,2015,348,2100,12.55,0,.66255,0,0,182.1
102,2015,348,2200,12.54,0,.53588,0,0,159.7
102,2015,348,2300,13.34,0,.56512,0,0,139.2
101,2015,348,2400,12.54,0,10.776,0,0
102,2015,348,2400,13.35,0,.71128,0,0,124.2
102,2015,349,100,13.35,0,.72101,0,0,120.1
102,2015,349,200,13.35,0,.6528,0,0,93.8
102,2015,349,300,13.35,0,.59434,0,0,80.7
102,2015,349,400,13.35,0,.62357,0,0,73.9
102,2015,349,500,13.36,0,.61382,0,0,65.37
102,2015,349,600,13.36,0,.55536,0,0,59.82
102,2015,349,700,13.37,0,.4969,0,0,51.45
102,2015,349,800,13.36,0,.54562,0,0,40.14
102,2015,349,900,13.37,0,.37023,0,0,9.26
102,2015,349,1000,13.38,0,.37023,0,0,-19.05
102,2015,349,1100,13.39,0,.37997,0,0,-42.47
102,2015,349,1200,13.38,0,.33126,0,0,-52.96
102,2015,349,1300,13.36,1.0996,.05846,0,0,-43.26
102,2015,349,1400,13.35,0,.02923,0,0,1.495
102,2015,349,1500,13.33,0,.25332,0,0,120.4
102,2015,349,1600,13.32,0,.02923,0,0,241.1
102,2015,349,1700,13.32,0,.04871,0,0,276.6
102,2015,349,1800,13.3,0,.08768,0,0,322.4
102,2015,349,1900,13.3,0,.17536,0,0,346.5
102,2015,349,2000,13.31,0,.61379,0,0,303.3
102,2015,349,2100,12.64,0,.54559,0,0,220
102,2015,349,2200,12.53,0,.63326,0,0,183.7
102,2015,349,2300,13.32,0,.45791,0,0,186.9
101,2015,349,2400,12.53,1.0996,9.7917,0,0
102,2015,349,2400,13.32,0,.60407,0,0,190.8
102,2015,350,100,13.33,0,.60407,0,0,186.5
102,2015,350,200,13.33,0,.4774,0,0,185.3
102,2015,350,300,13.33,0,.46767,0,0,181.8
102,2015,350,400,13.33,0,.4287,0,0,165.4
102,2015,350,500,13.34,0,.57486,0,0,154.6
102,2015,350,600,13.35,0,.64306,0,0,147.1
102,2015,350,700,13.35,0,.56511,0,0,140.9
102,2015,350,800,13.35,0,.68203,0,0,129.2
102,2015,350,900,13.37,0,.22409,0,0,98.7
102,2015,350,1000,13.39,0,.10717,0,0,40.87
102,2015,350,1100,13.37,0,.01949,0,0,-14.64
102,2015,350,1200,12.53,0,0,0,0,32.89
102,2015,350,1300,12.51,0,0,0,0,279.5
102,2015,350,1400,12.5,0,0,0,0,452
102,2015,350,1500,12.52,0,0,0,0,591
102,2015,350,1600,12.52,0,.10716,0,0,590
102,2015,350,1700,12.52,0,.01948,0,0,609.2
102,2015,350,1800,13.28,0,.04871,0,.483,606.9
102,2015,350,1900,13.3,0,.17535,0,0,547.4
102,2015,350,2000,13.3,0,.70142,0,0,500.8
102,2015,350,2100,13.3,0,.95478,0,0,469.5
102,2015,350,2200,13.31,0,.86711,0,0,457.5
102,2015,350,2300,13.31,0,.9548,0,0,448.7
101,2015,350,2400,12.5,0,9.7039,0,.483
102,2015,350,2400,13.32,0,1.0814,0,0,408.6
102,2015,351,100,13.32,0,1.0815,0,0,363.9
102,2015,351,200,13.33,0,.9548,0,0,330.2
102,2015,351,300,13.33,0,.76971,0,0,309
102,2015,351,400,13.33,0,.66256,0,0,289.7
102,2015,351,500,13.34,0,.55539,0,0,272.8
102,2015,351,600,13.35,0,.54564,0,0,245
102,2015,351,700,13.35,0,.8282,0,0,229.2
102,2015,351,800,13.35,0,.90614,0,0,226.3
102,2015,351,900,13.37,0,.54562,0,0,165.4
102,2015,351,1000,13.38,0,.2046,0,0,107.2
102,2015,351,1100,13.37,0,.03897,0,0,91.8
102,2015,351,1200,12.53,0,.04872,0,0,97.2
102,2015,351,1300,13.35,0,.80869,0,0,216.2
102,2015,351,1400,13.35,0,.52614,0,0,320.2
102,2015,351,1500,13.35,0,.63332,0,0,336.7
102,2015,351,1600,13.34,0,.46767,0,0,338.5
102,2015,351,1700,13.33,0,.48715,0,0,366.2
102,2015,351,1800,13.33,0,.76968,0,0,385.6
102,2015,351,1900,13.33,0,.69174,0,0,381.9
102,2015,351,2000,13.33,0,.64304,0,0,372.6
102,2015,351,2100,13.32,0,.50662,0,0,371.7
102,2015,351,2200,13.32,0,.51635,0,0,352.8
102,2015,351,2300,13.33,0,.62354,0,0,324
101,2015,351,2400,12.53,0,14.624,0,0
102,2015,351,2400,13.33,0,.80869,0,0,301.8
102,2015,352,100,13.34,0,.65282,0,0,268.3
102,2015,352,200,13.34,0,.5164,0,0,228.8
102,2015,352,300,13.35,0,.52615,0,0,200.1
102,2015,352,400,13.34,0,.40923,0,0,178.9
102,2015,352,500,13.35,0,.39948,0,0,158.8
102,2015,352,600,13.35,0,.4482,0,0,144.7
102,2015,352,700,13.35,0,.3605,0,0,141.4
102,2015,352,800,13.36,0,.38973,0,0,128.1
102,2015,352,900,13.37,0,.14615,0,0,76.8
102,2015,352,1000,13.38,0,.08769,0,0,26.39
102,2015,352,1100,13.37,0,.03897,0,0,14.54
102,2015,352,1200,13.35,0,0,0,0,37.88
102,2015,352,1300,13.33,0,.0682,0,0,139.6
102,2015,352,1400,13.32,0,.03897,0,0,218.9
102,2015,352,1500,13.31,0,.08768,0,0,336.9
102,2015,352,1600,13.3,0,.05845,0,0,436.4
102,2015,352,1700,13.28,0,.03897,0,0,536.1
102,2015,352,1800,13.29,0,.00974,0,0,478.8
102,2015,352,1900,13.3,0,.05845,0,0,435.7
102,2015,352,2000,13.3,0,.27279,0,0,391.8
102,2015,352,2100,13.31,0,.57483,0,0,371.2
102,2015,352,2200,13.31,0,.69175,0,0,355.6
102,2015,352,2300,13.31,0,.51636,0,0,349.2
101,2015,352,2400,13.28,0,7.0248,0,0
102,2015,352,2400,13.32,0,.63328,0,0,327.1
102,2015,353,100,13.32,0,.55532,0,0,309.6
102,2015,353,200,13.32,0,.4969,0,0,302.6
102,2015,353,300,13.33,0,.41896,0,0,298.8
102,2015,353,400,13.33,0,.37999,0,0,288
102,2015,353,500,13.34,0,.37999,0,0,276
102,2015,353,600,13.35,0,.38974,0,0,254.1
102,2015,353,700,13.35,0,.5164,0,0,232.4
102,2015,353,800,13.36,0,.54562,0,0,225.7
102,2015,353,900,13.37,0,.25332,0,0,170.4
102,2015,353,1000,13.38,0,.37023,0,0,115.3
102,2015,353,1100,13.39,0,.08768,0,0,79.7
102,2015,353,1200,13.38,0,0,0,0,47.33
102,2015,353,1300,13.36,0,0,0,0,46.75
102,2015,353,1400,13.35,0,0,0,0,132.6
102,2015,353,1500,13.34,0,0,0,0,173.6
102,2015,353,1600,13.32,0,0,0,0,217.5
102,2015,353,1700,13.31,0,0,0,0,295
102,2015,353,1800,13.3,0,0,0,0,435.4
102,2015,353,1900,13.3,0,0,0,0,501.7
102,2015,353,2000,13.3,0,.05845,0,0,471.9
102,2015,353,2100,13.3,0,.1364,0,0,465.4
102,2015,353,2200,13.31,0,.32151,0,0,454
102,2015,353,2300,13.32,0,.2728,0,0,431.1
101,2015,353,2400,13.3,0,5.5925,0,0
102,2015,353,2400,13.32,0,.40923,0,0,396.9
102,2015,354,100,13.33,0,.25333,0,0,353.4
102,2015,354,200,13.34,0,.19487,0,0,289.7
102,2015,354,300,13.34,0,.15589,0,0,257.2
102,2015,354,400,13.35,0,.13641,0,0,243.3
102,2015,354,500,13.35,0,.20461,0,0,241.4
102,2015,354,600,13.35,0,.2241,0,0,232
102,2015,354,700,13.36,0,.16564,0,0,227.4
102,2015,354,800,13.37,0,.17538,0,0,216.5
102,2015,354,900,13.37,0,.10717,0,0,171.6
102,2015,354,1000,13.39,0,0,0,0,102.6
102,2015,354,1100,13.37,0,0,0,0,66.19
102,2015,354,1200,13.35,0,.02923,0,0,76.8
102,2015,354,1300,13.35,0,.09743,0,0,131.6
102,2015,354,1400,13.32,0,0,0,0,178.7
102,2015,354,1500,13.31,0,.02923,0,0,315
102,2015,354,1600,13.3,0,0,0,0,426.9
102,2015,354,1700,13.28,0,0,0,0,487.8
102,2015,354,1800,13.28,0,.03897,19.616,.3,602.5
102,2015,354,1900,13.3,0,.03897,0,0,443.7
102,2015,354,2000,13.3,0,.21434,0,0,305.7
102,2015,354,2100,13.31,0,.49689,0,0,220
102,2015,354,2200,13.31,0,.41894,0,0,200.4
102,2015,354,2300,13.32,0,.44818,0,0,212.3
101,2015,354,2400,13.28,0,3.566,19.616,.3
102,2015,354,2400,13.32,0,.1364,0,0,203.4
102,2015,355,100,13.32,0,.08769,0,0,198.1
102,2015,355,200,13.32,0,.14615,0,0,205.9
102,2015,355,300,13.33,0,.18512,0,0,204.8
102,2015,355,400,13.33,0,.09743,0,0,206.9
102,2015,355,500,13.34,0,.01949,0,0,206.8
102,2015,355,600,13.35,0,0,0,0,200.3
102,2015,355,700,13.35,0,0,0,0,196.8
102,2015,355,800,13.36,0,.02923,0,0,184.6
102,2015,355,900,13.37,0,0,0,0,138.3
102,2015,355,1000,13.38,0,0,0,0,61.49
102,2015,355,1100,13.37,0,0,0,0,17.3
102,2015,355,1200,13.36,30.188,0,0,0,15.66
102,2015,355,1300,13.34,3.1091,0,0,0,45.47
102,2015,355,1400,13.32,0,0,0,0,109.4
102,2015,355,1500,13.31,0,0,0,0,280.3
102,2015,355,1600,13.3,0,0,0,0,390.1
102,2015,355,1700,13.29,0,0,0,0,526.3
102,2015,355,1800,13.28,0,0,0,.716,674.6
102,2015,355,1900,13.28,0,0,0,1,758
102,2015,355,2000,13.28,0,0,0,1,787
102,2015,355,2100,13.29,0,.03897,0,1,728
102,2015,355,2200,13.29,0,.14613,0,1,681.8
102,2015,355,2300,13.3,0,.19484,0,.616,618.5
101,2015,355,2400,13.28,33.297,1.0132,0,5.331
102,2015,355,2400,13.3,0,.0682,0,0,558.1
102,2015,356,100,13.3,0,.11691,0,0,508.1
102,2015,356,200,13.31,0,.08769,0,0,449.9
102,2015,356,300,13.32,0,.01949,0,0,395.4
102,2015,356,400,13.32,0,0,0,0,347.7
102,2015,356,500,13.32,0,.01949,0,0,319.4
102,2015,356,600,13.33,0,.03897,0,0,294.9
102,2015,356,700,13.33,0,.03897,0,0,291.3
102,2015,356,800,13.35,0,.03897,0,0,278
102,2015,356,900,13.36,0,0,0,0,209.5
102,2015,356,1000,13.35,0,0,0,0,194.6
102,2015,356,1100,13.33,0,.01949,0,0,201.7
102,2015,356,1200,13.33,0,0,0,0,249.4
102,2015,356,1300,13.31,0,0,0,0,339.3
102,2015,356,1400,13.3,0,0,0,0,463.4
102,2015,356,1500,13.28,0,0,0,.05,587.2
102,2015,356,1600,13.28,0,0,0,1,704
102,2015,356,1700,13.27,0,0,0,1,782
102,2015,356,1800,13.27,0,0,0,1,878
102,2015,356,1900,13.26,0,0,0,1,887
102,2015,356,2000,13.27,0,0,0,1,791
102,2015,356,2100,13.28,0,.04871,0,1,689.6
102,2015,356,2200,13.28,0,.02923,0,1,657.3
102,2015,356,2300,13.28,0,.02923,0,.5,571.1
101,2015,356,2400,13.26,0,.52611,0,7.55
102,2015,356,2400,13.28,0,.03897,0,0,480.2
102,2015,357,100,13.29,0,0,0,0,460.5
102,2015,357,200,13.29,0,.00974,0,0,430.9
102,2015,357,300,13.3,0,0,0,0,406.7
102,2015,357,400,13.3,0,0,0,0,391.4
102,2015,357,500,13.31,0,0,0,0,377.6
102,2015,357,600,13.32,0,0,0,0,361.8
102,2015,357,700,13.33,0,0,0,0,349.6
102,2015,357,800,13.33,0,0,0,0,325.1
102,2015,357,900,13.35,0,0,0,0,242.9
102,2015,357,1000,13.34,0,0,0,0,250.2
102,2015,357,1100,13.33,0,0,0,0,237.9
102,2015,357,1200,13.32,0,0,0,0,296.3
102,2015,357,1300,13.31,0,0,0,0,397
102,2015,357,1400,13.31,0,0,0,0,514
102,2015,357,1500,13.3,0,.00974,0,0,583.2
102,2015,357,1600,13.29,0,0,0,.9,670.6
102,2015,357,1700,13.29,0,0,0,1,724
102,2015,357,1800,13.27,0,0,0,1,823
102,2015,357,1900,13.27,0,0,0,1,893
102,2015,357,2000,13.27,0,0,0,1,894
102,2015,357,2100,13.28,0,.02922,0,1,812
102,2015,357,2200,13.29,0,.18509,0,1,719
102,2015,357,2300,13.3,0,.18509,0,1,640.9
101,2015,357,2400,13.27,0,.49683,0,8.53
102,2015,357,2400,13.3,0,.07794,0,.633,588.4
102,2015,358,100,13.31,0,.02923,0,0,532.5
102,2015,358,200,13.31,0,0,0,0,489.5
102,2015,358,300,13.32,0,0,0,0,452.1
102,2015,358,400,13.33,0,0,0,0,437.8
102,2015,358,500,13.33,0,0,0,0,407.4
102,2015,358,600,13.33,0,0,0,0,363
102,2015,358,700,13.34,0,0,0,0,326.2
102,2015,358,800,13.34,0,0,0,0,291.9
102,2015,358,900,13.35,0,0,0,0,231.3
102,2015,358,1000,13.35,0,0,0,0,258.2
102,2015,358,1100,13.34,0,0,0,0,257.4
102,2015,358,1200,13.33,0,0,0,0,327.4
102,2015,358,1300,13.32,0,0,0,0,504.1
102,2015,358,1400,13.3,0,0,0,.45,598.9
102,2015,358,1500,13.3,0,0,0,1,700
102,2015,358,1600,13.29,0,0,0,1,821
102,2015,358,1700,13.28,0,0,0,1,860
102,2015,358,1800,13.27,0,0,0,1,979
102,2015,358,1900,13.27,0,0,0,1,989
102,2015,358,2000,13.27,0,0,0,1,974
102,2015,358,2100,13.28,0,.01948,0,1,909
102,2015,358,2200,13.28,0,.00974,0,1,874
102,2015,358,2300,13.29,0,.06819,0,1,786
101,2015,358,2400,13.27,0,.22407,0,10.45
102,2015,358,2400,13.3,0,.09743,0,1,719
102,2015,359,100,13.3,0,.03897,0,1,645
102,2015,359,200,13.3,0,.01949,0,1,587.9
102,2015,359,300,13.32,0,0,0,.217,558.7
102,2015,359,400,13.32,0,0,0,0,524.2
102,2015,359,500,13.32,0,0,0,0,463.8
102,2015,359,600,13.33,0,0,0,0,436.5
102,2015,359,700,13.33,0,0,0,0,392.2
102,2015,359,800,13.34,0,0,27.175,0,369.8
102,2015,359,900,13.34,0,0,1351.5,0,313.3
102,2015,359,1000,13.35,0,0,0,0,224.5
102,2015,359,1100,13.33,0,0,0,0,266
102,2015,359,1200,13.32,0,0,0,0,329.6
102,2015,359,1300,13.3,0,0,0,0,512.4
102,2015,359,1400,13.29,0,0,0,1,658.7
102,2015,359,1500,13.28,0,0,0,1,790
102,2015,359,1600,13.27,0,0,0,1,913
102,2015,359,1700,13.27,0,0,0,1,1003
102,2015,359,1800,13.26,0,0,0,1,1087
102,2015,359,1900,13.26,0,0,0,1,1127
102,2015,359,2000,13.26,0,0,0,1,1121
102,2015,359,2100,13.27,0,.00974,0,1,1056
102,2015,359,2200,13.28,0,.08768,0,1,984
102,2015,359,2300,13.28,0,.02923,0,1,929
101,2015,359,2400,13.26,0,.24355,1378.7,13.21
102,2015,359,2400,13.28,0,.05845,0,1,898
102,2015,360,100,13.29,0,.01948,0,1,876
102,2015,360,200,13.3,0,0,0,1,853
102,2015,360,300,13.3,0,.00974,0,1,826
102,2015,360,400,13.31,0,.02923,0,1,752
102,2015,360,500,13.32,0,0,0,1,694.9
102,2015,360,600,13.32,0,0,0,1,655.8
102,2015,360,700,13.32,0,0,0,1,616.6
102,2015,360,800,13.33,0,0,0,.183,553.9
102,2015,360,900,13.35,0,0,0,0,413.5
102,2015,360,1000,13.37,0,0,0,0,280.9
102,2015,360,1100,13.35,63.803,0,0,0,237.6
102,2015,360,1200,13.33,104.74,0,0,0,305.1
102,2015,360,1300,13.32,0,0,0,0,435.6
102,2015,360,1400,13.32,0,0,0,0,513.6
102,2015,360,1500,13.31,0,0,0,0,532.8
102,2015,360,1600,13.3,0,0,0,1,639.6
102,2015,360,1700,13.29,0,0,0,1,726
102,2015,360,1800,13.28,0,0,0,1,856
102,2015,360,1900,13.27,0,0,0,1,963
102,2015,360,2000,13.27,0,0,0,1,978
102,2015,360,2100,13.28,0,.06819,0,1,887
102,2015,360,2200,13.29,0,.1169,0,1,783
102,2015,360,2300,13.3,0,.08768,0,1,730
101,2015,360,2400,13.27,168.54,.36046,0,16.18
102,2015,360,2400,13.3,0,.02923,0,1,657.8
102,2015,361,100,13.31,0,0,0,1,605.7
102,2015,361,200,13.32,0,.00974,0,.45,574.1
102,2015,361,300,13.32,0,0,0,0,549.9
102,2015,361,400,13.33,0,0,0,0,516
102,2015,361,500,13.33,0,0,0,0,484.6
102,2015,361,600,13.34,0,0,0,0,470
102,2015,361,700,13.35,0,0,0,0,451.1
102,2015,361,800,13.35,0,0,0,0,417.9
102,2015,361,900,13.36,0,0,0,0,319.3
102,2015,361,1000,13.37,0,0,0,0,229.1
102,2015,361,1100,13.35,0,0,0,0,192.3
102,2015,361,1200,13.33,0,0,0,0,237.3
102,2015,361,1300,13.31,0,0,0,0,358.9
102,2015,361,1400,13.29,0,0,0,.317,556.9
102,2015,361,1500,13.28,0,0,0,1,750
102,2015,361,1600,13.27,0,0,0,1,897
102,2015,361,1700,13.27,0,0,0,1,999
102,2015,361,1800,13.26,0,0,0,1,1057
102,2015,361,1900,13.26,0,0,0,1,1078
102,2015,361,2000,13.27,0,0,0,1,1032
102,2015,361,2100,13.28,0,.01948,0,1,952
102,2015,361,2200,13.28,0,.00974,0,1,895
102,2015,361,2300,13.28,0,0,0,1,840
101,2015,361,2400,13.26,0,.09742,0,11.76
102,2015,361,2400,13.28,0,.05845,0,1,783
102,2015,362,100,13.29,0,.02923,0,1,721
102,2015,362,200,13.3,0,0,0,1,664.4
102,2015,362,300,13.3,0,0,0,1,595.6
102,2015,362,400,13.3,0,0,0,.017,540.3
102,2015,362,500,13.31,0,0,0,0,486.4
102,2015,362,600,13.31,0,0,0,0,446.9
102,2015,362,700,13.32,0,0,0,0,409
102,2015,362,800,13.32,0,0,0,0,380.3
102,2015,362,900,13.33,0,0,0,0,315.1
102,2015,362,1000,12.53,0,0,0,0,255.4
102,2015,362,1100,12.51,0,0,0,0,228.7
102,2015,362,1200,13.33,0,.00974,0,0,233.7
102,2015,362,1300,13.32,0,.05846,0,0,215.1
102,2015,362,1400,13.32,0,0,0,0,170.2
102,2015,362,1500,13.31,0,0,0,0,264.2
102,2015,362,1600,13.29,0,0,0,0,424.9
102,2015,362,1700,13.28,0,.07793,0,0,550.5
102,2015,362,1800,13.29,0,0,0,0,473
102,2015,362,1900,13.3,0,0,0,0,446.9
102,2015,362,2000,13.3,0,0,0,0,473.9
102,2015,362,2100,13.3,0,0,0,0,441.8
102,2015,362,2200,13.3,0,.00974,0,0,383.3
102,2015,362,2300,13.3,0,0,0,0,308.3
101,2015,362,2400,12.51,0,.21433,0,3.015
102,2015,362,2400,13.3,0,.02923,0,0,299.7
102,2015,363,100,13.3,0,0,0,0,310.6
102,2015,363,200,13.31,0,0,0,0,300.3
102,2015,363,300,13.32,0,0,0,0,275.9
102,2015,363,400,13.32,0,0,0,0,276.7
102,2015,363,500,13.32,0,0,0,0,269.5
102,2015,363,600,13.32,0,0,0,0,256
102,2015,363,700,13.33,0,0,0,0,238.1
102,2015,363,800,13.33,0,0,0,0,217.7
102,2015,363,900,13.35,26.123,0,0,0,152.2
102,2015,363,1000,13.36,325.4,0,0,0,80.5
102,2015,363,1100,13.35,644.72,0,0,0,59.73
102,2015,363,1200,13.35,614.37,0,0,0,68
102,2015,363,1300,13.33,902.83,0,0,0,98.2
102,2015,363,1400,13.31,74.172,0,0,0,251.9
102,2015,363,1500,13.29,0,0,0,0,477.7
102,2015,363,1600,13.28,0,0,0,.283,615.2
102,2015,363,1700,13.26,0,0,0,1,733
102,2015,363,1800,13.25,0,0,0,1,922
102,2015,363,1900,13.25,0,0,0,1,985
102,2015,363,2000,13.26,0,0,0,1,926
102,2015,363,2100,13.27,0,0,0,1,836
102,2015,363,2200,13.27,0,0,0,1,776
102,2015,363,2300,13.27,0,0,0,1,747
101,2015,363,2400,13.25,2587.6,.01948,0,8.28
102,2015,363,2400,13.28,0,.01948,0,1,693.8
102,2015,364,100,13.28,0,0,0,1,644.3
102,2015,364,200,13.3,0,0,0,.8,596.8
102,2015,364,300,13.3,0,0,0,0,546.9
102,2015,364,400,13.3,0,0,0,0,493.6
102,2015,364,500,13.31,0,0,0,0,464.2
102,2015,364,600,13.32,0,0,0,0,444.5
102,2015,364,700,13.32,0,0,0,0,422.1
102,2015,364,800,13.33,0,0,0,0,393.8
102,2015,364,900,13.35,0,0,0,0,291.6
102,2015,364,1000,13.35,0,0,0,0,233.5
102,2015,364,1100,13.34,0,0,0,0,252.9
102,2015,364,1200,13.32,0,0,0,0,328
102,2015,364,1300,13.3,0,0,0,.15,512.3
102,2015,364,1400,13.28,0,0,0,1,779
102,2015,364,1500,13.26,0,0,0,1,940
102,2015,364,1600,13.25,0,0,0,1,1068
102,2015,364,1700,13.25,0,0,0,1,1146
102,2015,364,1800,13.24,0,0,0,1,1190
102,2015,364,1900,13.24,0,0,0,1,1218
102,2015,364,2000,13.24,0,0,0,1,1214
102,2015,364,2100,13.25,0,0,0,1,1162
102,2015,364,2200,13.26,0,0,0,1,1089
102,2015,364,2300,13.26,0,0,0,1,1037
101,2015,364,2400,13.24,0,0,0,12.94
102,2015,364,2400,13.27,0,0,0,1,1001
102,2015,365,100,13.27,0,0,0,1,973
102,2015,365,200,13.28,0,0,0,1,958
102,2015,365,300,13.28,0,0,0,1,896
102,2015,365,400,13.28,0,0,0,1,850
102,2015,365,500,13.3,0,0,0,1,817
102,2015,365,600,13.3,0,0,0,1,771
102,2015,365,700,13.3,0,0,0,1,722
102,2015,365,800,13.32,0,0,0,1,657.6
102,2015,365,900,13.34,0,0,0,.183,485.8
102,2015,365,1000,13.34,0,0,0,0,364.1
102,2015,365,1100,13.32,0,0,0,.05,489.7
102,2015,365,1200,13.3,0,0,0,1,639.5
102,2015,365,1300,13.28,0,0,0,1,873
102,2015,365,1400,13.27,0,0,0,1,1036
102,2015,365,1500,13.25,0,0,0,1,1147
102,2015,365,1600,13.25,0,0,0,1,1229
102,2015,365,1700,13.24,0,0,0,1,1281
102,2015,365,1800,13.24,0,0,0,1,1301
102,2015,365,1900,13.24,0,0,0,1,1302
102,2015,365,2000,13.24,0,0,0,1,1263
102,2015,365,2100,13.25,0,0,0,1,1184
102,2015,365,2200,13.26,0,0,0,1,1101
102,2015,365,2300,13.27,0,0,0,1,1066
101,2015,365,2400,13.24,0,0,0,21.22
102,2015,365,2400,13.27,0,0,0,1,1054
102,2016,1,100,13.27,0,0,0,1,1003
102,2016,1,200,13.27,0,0,0,1,953
102,2016,1,300,13.28,0,0,0,1,903
102,2016,1,400,13.28,0,0,0,1,862
102,2016,1,500,13.28,0,0,0,1,813
102,2016,1,600,13.29,0,0,0,1,772
102,2016,1,700,13.3,0,0,0,1,723
102,2016,1,800,13.3,0,0,0,1,638.2
102,2016,1,900,13.32,0,0,0,.133,427.2
102,2016,1,1000,13.34,0,0,0,0,188.5
102,2016,1,1100,13.32,0,0,0,0,225.2
102,2016,1,1200,13.3,0,0,0,.466,509.2
102,2016,1,1300,13.28,0,0,0,1,835
102,2016,1,1400,13.26,0,0,0,1,1103
102,2016,1,1500,13.25,0,0,0,1,1218
102,2016,1,1600,13.24,0,0,0,1,1266
102,2016,1,1700,13.24,0,0,0,1,1286
102,2016,1,1800,13.23,0,0,0,1,1303
102,2016,1,1900,13.24,0,0,0,1,1308
102,2016,1,2000,13.25,0,0,0,1,1275
102,2016,1,2100,13.25,0,0,0,1,1208
102,2016,1,2200,13.26,0,0,0,1,1158
102,2016,1,2300,13.26,0,0,0,1,1136
101,2016,1,2400,13.23,0,0,0,20.59
102,2016,1,2400,13.26,0,0,0,1,1084
102,2016,2,100,13.27,0,0,0,1,1047
102,2016,2,200,13.27,0,0,0,1,978
102,2016,2,300,13.27,0,0,0,1,898
102,2016,2,400,13.28,0,0,0,1,844
102,2016,2,500,13.29,0,0,0,1,775
102,2016,2,600,13.29,0,0,0,1,724
102,2016,2,700,13.3,0,0,0,1,684.6
102,2016,2,800,13.3,0,0,0,1,626.9
102,2016,2,900,13.32,0,0,0,.167,476.4
102,2016,2,1000,13.33,0,0,0,0,284.1
102,2016,2,1100,13.32,0,0,0,0,276.9
102,2016,2,1200,13.3,0,0,0,.367,495.5
102,2016,2,1300,13.28,0,0,0,1,959
102,2016,2,1400,13.27,0,0,0,1,1160
102,2016,2,1500,13.25,0,0,0,1,1224
102,2016,2,1600,13.24,0,0,0,1,1275
102,2016,2,1700,13.24,0,0,0,1,1296
102,2016,2,1800,13.24,0,0,0,1,1302
102,2016,2,1900,13.24,0,0,0,1,1291
102,2016,2,2000,13.25,0,0,0,1,1219
102,2016,2,2100,13.25,0,0,0,1,1128
102,2016,2,2200,13.25,0,0,0,1,1064
102,2016,2,2300,13.25,0,0,0,1,1015
101,2016,2,2400,13.24,0,0,0,20.53
102,2016,2,2400,13.25,0,0,0,1,958
102,2016,3,100,13.26,0,0,0,1,901
102,2016,3,200,13.27,0,0,0,1,832
102,2016,3,300,13.27,0,0,0,1,773
102,2016,3,400,13.28,0,0,0,1,717
102,2016,3,500,13.28,0,0,0,1,663.3
102,2016,3,600,13.3,0,0,0,1,617.8
102,2016,3,700,13.3,0,0,0,1,596.2
102,2016,3,800,13.3,0,0,0,.683,569.8
102,2016,3,900,13.32,0,0,0,0,480.2
102,2016,3,1000,13.32,0,0,0,.466,529.5
102,2016,3,1100,13.32,0,0,0,.566,553.6
102,2016,3,1200,13.29,0,0,0,1,715
102,2016,3,1300,13.27,0,0,0,1,1030
102,2016,3,1400,13.25,0,0,0,1,1211
102,2016,3,1500,13.24,0,0,0,1,1269
102,2016,3,1600,13.24,0,0,0,1,1304
102,2016,3,1700,13.22,0,0,0,1,1333
102,2016,3,1800,13.22,0,0,0,1,1345
102,2016,3,1900,13.22,0,0,0,1,1350
102,2016,3,2000,12.55,0,0,0,1,1331
102,2016,3,2100,13.23,0,0,0,1,1312
102,2016,3,2200,13.24,0,0,0,1,1288
102,2016,3,2300,13.25,0,0,0,1,1260
101,2016,3,2400,12.55,0,0,0,21.71
102,2016,3,2400,13.25,0,0,0,1,1225
102,2016,4,100,13.25,0,0,0,1,1193
102,2016,4,200,13.26,0,0,0,1,1150
102,2016,4,300,13.27,0,0,0,1,1097
102,2016,4,400,13.27,0,0,0,1,1046
102,2016,4,500,13.28,0,0,0,1,982
102,2016,4,600,13.28,0,0,0,1,917
102,2016,4,700,13.3,0,0,0,1,860
102,2016,4,800,13.3,0,0,0,1,800
102,2016,4,900,13.32,0,0,0,.8,655.9
102,2016,4,1000,13.35,0,0,0,0,384.8
102,2016,4,1100,13.33,0,0,0,0,323.7
102,2016,4,1200,13.32,0,0,0,0,357.3
102,2016,4,1300,13.32,0,0,0,.433,530
102,2016,4,1400,13.3,0,0,0,1,753
102,2016,4,1500,13.28,0,0,0,1,845
102,2016,4,1600,13.27,0,0,0,1,1001
102,2016,4,1700,13.25,0,0,0,1,1140
102,2016,4,1800,13.25,0,0,0,1,1120
102,2016,4,1900,13.25,0,0,0,1,1048
102,2016,4,2000,13.25,0,0,0,1,1093
102,2016,4,2100,13.26,0,0,0,1,1083
102,2016,4,2200,13.27,0,0,0,1,1075
102,2016,4,2300,13.27,0,0,0,1,1056
101,2016,4,2400,13.25,0,0,0,20.23
102,2016,4,2400,13.27,0,0,0,1,1019
102,2016,5,100,13.28,0,0,0,1,985
102,2016,5,200,13.28,0,0,0,1,942
102,2016,5,300,13.29,0,0,0,1,892
102,2016,5,400,13.3,0,0,0,1,815
102,2016,5,500,13.3,0,0,0,1,765
102,2016,5,600,13.31,0,0,0,1,659.4
102,2016,5,700,13.31,0,0,0,.15,561.3
102,2016,5,800,13.32,0,0,0,0,491.4
102,2016,5,900,13.33,610.76,0,0,0,333
102,2016,5,1000,13.33,2275.2,0,0,0,318.7
102,2016,5,1100,13.32,1830.6,0,0,0,397.3
102,2016,5,1200,13.3,77.16,0,0,.55,566.6
102,2016,5,1300,13.28,0,.00974,0,1,757
102,2016,5,1400,13.27,0,0,0,1,917
102,2016,5,1500,13.25,0,0,0,1,1083
102,2016,5,1600,13.25,0,0,0,1,1120
102,2016,5,1700,13.25,0,0,0,1,1142
102,2016,5,1800,13.24,0,0,0,1,1078
102,2016,5,1900,13.25,0,0,0,1,892
102,2016,5,2000,13.25,0,0,0,1,900
102,2016,5,2100,13.25,0,0,0,1,835
102,2016,5,2200,13.26,0,0,0,1,770
102,2016,5,2300,13.27,0,0,0,1,748
101,2016,5,2400,13.24,4793.8,.00974,0,18.69
102,2016,5,2400,13.27,0,0,0,1,699.9
102,2016,6,100,13.27,0,0,0,1,663
102,2016,6,200,13.28,0,0,0,1,645
102,2016,6,300,13.28,0,0,0,.9,593.1
102,2016,6,400,13.29,0,0,0,0,568.2
102,2016,6,500,13.3,0,0,0,0,539.1
102,2016,6,600,13.3,0,0,0,0,491.1
102,2016,6,700,13.3,16.541,0,0,0,459.3
102,2016,6,800,13.31,472.99,0,0,0,417.3
102,2016,6,900,13.32,519.21,0,0,0,308.2
102,2016,6,1000,13.33,1938.3,0,0,0,152.2
102,2016,6,1100,13.33,4361.2,0,0,0,91.2
102,2016,6,1200,13.32,4244.6,0,0,0,83.1
102,2016,6,1300,13.32,3799.6,0,0,0,107.1
102,2016,6,1400,13.3,3525.8,0,0,0,134.5
102,2016,6,1500,13.3,3118.6,0,0,0,184.4
102,2016,6,1600,13.28,1779.9,0,0,0,302.5
102,2016,6,1700,13.26,0,0,0,.333,553.4
102,2016,6,1800,13.25,0,0,0,1,734
102,2016,6,1900,13.24,0,0,0,1,858
102,2016,6,2000,13.25,0,0,0,1,853
102,2016,6,2100,13.26,0,0,0,1,805
102,2016,6,2200,13.27,0,0,0,1,757
102,2016,6,2300,13.27,0,0,0,1,681.4
101,2016,6,2400,13.24,23777,0,0,10.23
102,2016,6,2400,13.27,0,0,0,1,623.9
102,2016,7,100,12.52,0,0,0,.367,562.5
102,2016,7,200,12.5,0,0,0,0,464.5
102,2016,7,300,12.5,0,0,0,0,379.9
102,2016,7,400,12.5,0,0,0,0,358.8
102,2016,7,500,12.5,0,0,0,0,358.6
102,2016,7,600,12.5,0,0,0,0,343.4
102,2016,7,700,12.5,0,0,0,0,323
102,2016,7,800,12.5,0,0,0,0,283.7
102,2016,7,900,12.5,587.72,0,0,0,190
102,2016,7,1000,12.49,1823.4,0,0,0,125.5
102,2016,7,1100,12.5,3499.2,0,0,0,86.8
102,2016,7,1200,12.49,3785.1,.01949,0,0,128.2
102,2016,7,1300,13.27,2326,0,0,0,222.4
102,2016,7,1400,13.28,508,0,0,0,351.3
102,2016,7,1500,13.26,0,0,0,.566,597.4
102,2016,7,1600,13.25,0,0,0,1,783
102,2016,7,1700,13.25,0,0,0,1,859
102,2016,7,1800,13.23,0,0,0,1,954
102,2016,7,1900,13.23,0,0,0,1,1045
102,2016,7,2000,13.23,0,0,0,1,1101
102,2016,7,2100,13.24,0,0,0,1,1052
102,2016,7,2200,13.25,0,0,0,1,946
102,2016,7,2300,13.25,0,0,0,1,860
101,2016,7,2400,12.49,12529,.01949,0,9.93
102,2016,7,2400,13.25,0,0,0,1,757
102,2016,8,100,13.26,0,0,0,1,676.4
102,2016,8,200,13.27,0,0,0,1,605.4
102,2016,8,300,13.27,0,0,0,.25,552.2
102,2016,8,400,13.27,0,0,0,0,506.7
102,2016,8,500,13.28,0,0,0,0,479.5
102,2016,8,600,13.29,0,0,0,0,455.7
102,2016,8,700,13.3,0,0,0,0,438.7
102,2016,8,800,13.3,0,0,0,0,412
102,2016,8,900,13.32,380.42,0,0,0,295.3
102,2016,8,1000,13.32,1036,0,0,0,265.1
102,2016,8,1100,13.31,1310.4,0,0,0,255.3
102,2016,8,1200,13.29,767.24,0,0,0,327.2
102,2016,8,1300,13.27,0,0,0,.283,523.5
102,2016,8,1400,13.27,0,0,0,1,737
102,2016,8,1500,13.27,0,0,0,1,670.8
102,2016,8,1600,13.25,0,0,0,1,752
102,2016,8,1700,13.23,0,0,0,1,943
102,2016,8,1800,13.23,0,0,0,1,1077
102,2016,8,1900,13.22,0,0,0,1,1131
102,2016,8,2000,13.22,0,0,0,1,1121
102,2016,8,2100,13.24,0,0,0,1,1034
102,2016,8,2200,13.24,0,0,0,1,965
102,2016,8,2300,13.25,0,0,0,1,905
101,2016,8,2400,13.22,3494.1,0,0,13.53
102,2016,8,2400,13.25,0,0,0,1,823
102,2016,9,100,13.25,0,0,0,1,756
102,2016,9,200,13.26,0,0,0,1,676.8
102,2016,9,300,13.27,0,0,0,1,633.2
102,2016,9,400,13.27,0,0,0,1,594.7
102,2016,9,500,13.28,0,0,0,.95,583.7
102,2016,9,600,13.28,0,0,0,0,545.4
102,2016,9,700,13.29,0,0,0,0,525.9
102,2016,9,800,13.3,0,0,0,0,490.6
102,2016,9,900,13.32,250.46,0,0,0,328.8
102,2016,9,1000,13.33,2271.1,0,0,0,190
102,2016,9,1100,13.32,3070.1,0,0,0,142.3
102,2016,9,1200,13.3,3250.7,0,0,0,148.5
102,2016,9,1300,13.29,2816.3,0,0,0,222.8
102,2016,9,1400,12.52,410.21,0,0,.15,470.5
102,2016,9,1500,13.26,0,0,0,1,823
102,2016,9,1600,13.25,0,0,0,1,996
102,2016,9,1700,13.25,0,0,0,1,939
102,2016,9,1800,13.26,0,0,0,1,853
102,2016,9,1900,13.27,0,0,0,1,826
102,2016,9,2000,13.27,0,0,0,1,725
102,2016,9,2100,13.28,0,0,0,1,681.9
102,2016,9,2200,13.28,0,0,0,1,644.2
102,2016,9,2300,13.28,0,0,0,.283,572.2
101,2016,9,2400,12.52,12069,0,0,13.38
102,2016,9,2400,13.28,0,0,0,0,510.3
102,2016,10,100,13.29,0,0,0,0,463.5
102,2016,10,200,13.29,0,0,0,0,408.1
102,2016,10,300,13.29,0,0,0,0,373.2
102,2016,10,400,13.3,165.4,0,0,0,332.1
102,2016,10,500,13.3,803.93,0,0,0,299.9
102,2016,10,600,13.3,1595.1,0,0,0,276.5
102,2016,10,700,13.31,1776.2,0,0,0,267.9
102,2016,10,800,13.31,1969.5,0,0,0,259.1
102,2016,10,900,13.32,2177.5,0,0,0,221.7
102,2016,10,1000,13.33,3068.5,0,0,0,186.5
102,2016,10,1100,13.33,3485.2,0,0,0,180.7
102,2016,10,1200,13.32,3526.7,0,0,0,165.1
102,2016,10,1300,12.52,2942.2,0,0,0,194.3
102,2016,10,1400,13.3,2031.6,0,0,0,314.3
102,2016,10,1500,13.28,1.1708,0,0,0,474.5
102,2016,10,1600,13.28,0,0,0,.766,656.5
102,2016,10,1700,13.29,0,0,0,1,692.2
102,2016,10,1800,13.3,0,0,0,.583,614.8
102,2016,10,1900,13.32,0,0,0,0,395
102,2016,10,2000,13.32,230.41,0,0,0,257.2
102,2016,10,2100,13.32,414.35,0,0,0,263.9
102,2016,10,2200,13.32,942.05,0,0,0,280.1
102,2016,10,2300,13.32,1355,0,0,0,267
101,2016,10,2400,12.52,28194,0,0,2.349
102,2016,10,2400,13.32,1708.9,0,0,0,249.5
102,2016,11,100,13.32,2062,0,0,0,231.2
102,2016,11,200,13.32,2253.5,0,0,0,206.6
102,2016,11,300,13.32,2497.4,0,0,0,185.2
102,2016,11,400,13.32,2488.1,0,0,0,173.9
102,2016,11,500,13.32,2524,0,0,0,161.4
102,2016,11,600,13.33,2479.4,0,0,0,162
102,2016,11,700,13.33,2202.6,0,0,0,169.7
102,2016,11,800,13.33,2076.9,0,0,0,160.3
102,2016,11,900,13.34,1964.7,0,0,0,126.7
102,2016,11,1000,12.71,2130.6,0,0,0,69.95
102,2016,11,1100,12.5,1964.8,0,0,0,59.5
102,2016,11,1200,12.49,1869.5,0,0,0,58.13
102,2016,11,1300,12.5,1856,0,0,0,89.8
102,2016,11,1400,12.5,1101.4,0,0,0,158.7
102,2016,11,1500,12.5,176.23,0,0,0,212.5
102,2016,11,1600,12.5,0,0,0,0,284.7
102,2016,11,1700,12.5,0,0,0,0,316.3
102,2016,11,1800,13.25,0,0,0,0,380.7
102,2016,11,1900,13.3,0,0,0,0,391.9
102,2016,11,2000,13.3,0,0,0,0,363.3
102,2016,11,2100,13.3,0,0,0,0,294
102,2016,11,2200,13.3,0,0,0,0,232.3
102,2016,11,2300,13.3,77.27,0,0,0,202.4
101,2016,11,2400,12.49,30010,0,0,0
102,2016,11,2400,13.31,285.68,0,0,0,208
102,2016,12,100,13.31,379.35,0,0,0,204.9
102,2016,12,200,13.31,307.64,0,0,0,199.8
102,2016,12,300,13.32,519.01,0,0,0,188
102,2016,12,400,13.32,725.31,0,0,0,175.7
102,2016,12,500,13.32,789.19,0,0,0,169.9
102,2016,12,600,13.33,1027.7,0,0,0,166.4
102,2016,12,700,13.33,1081.4,0,0,0,160.6
102,2016,12,800,13.33,1149.8,0,0,0,144.5
102,2016,12,900,13.36,2060.8,0,0,0,74.1
102,2016,12,1000,12.51,864.67,0,0,0,77.9
102,2016,12,1100,12.49,1599.7,0,0,0,52.23
102,2016,12,1200,12.49,1866.4,0,0,0,4.17
102,2016,12,1300,13.33,1272.9,0,0,0,52.95
102,2016,12,1400,13.3,491.23,0,0,0,211.9
102,2016,12,1500,13.29,0,0,0,0,391.9
102,2016,12,1600,13.27,0,0,0,.167,573.8
102,2016,12,1700,13.26,0,0,0,1,729
102,2016,12,1800,13.26,0,0,0,1,762
102,2016,12,1900,13.26,0,0,0,1,786
102,2016,12,2000,13.27,0,0,0,1,683.2
102,2016,12,2100,13.27,0,0,0,.333,593.3
102,2016,12,2200,13.28,0,0,0,0,501.1
102,2016,12,2300,13.28,0,0,0,0,455.7
101,2016,12,2400,12.49,14135,0,0,4.498
102,2016,12,2400,13.28,0,0,0,0,429.1
102,2016,13,100,13.28,0,0,0,0,407.1
102,2016,13,200,13.29,0,0,0,0,374.2
102,2016,13,300,13.3,0,0,0,0,333.6
102,2016,13,400,13.3,0,0,0,0,307.2
102,2016,13,500,13.31,0,0,0,0,276.9
102,2016,13,600,13.32,290.38,0,0,0,247
102,2016,13,700,13.32,606.68,0,0,0,219.5
102,2016,13,800,13.32,9.3665,0,0,0,195.5
102,2016,13,900,13.34,1342.2,0,0,0,136.4
102,2016,13,1000,13.34,2761.5,0,0,0,84.9
102,2016,13,1100,13.33,3477.3,0,0,0,51.78
102,2016,13,1200,13.31,3057.3,0,0,0,84.7
102,2016,13,1300,13.3,1693.1,0,0,0,245.5
102,2016,13,1400,13.27,26.506,0,0,.1,527.5
102,2016,13,1500,13.25,0,0,0,1,751
102,2016,13,1600,13.25,0,0,0,1,857
102,2016,13,1700,13.24,0,0,0,1,912
102,2016,13,1800,12.52,0,0,0,1,948
102,2016,13,1900,13.23,0,0,0,1,991
102,2016,13,2000,13.25,0,0,0,1,924
102,2016,13,2100,13.25,0,0,0,1,730
102,2016,13,2200,13.26,0,0,0,1,603.8
102,2016,13,2300,13.27,0,0,0,.5,578.6
101,2016,13,2400,12.52,13264,0,0,8.9
102,2016,13,2400,13.27,0,0,0,.3,584.3
102,2016,14,100,13.27,0,0,0,0,562.3
102,2016,14,200,13.28,0,0,0,0,539
102,2016,14,300,13.28,0,0,0,0,503.3
102,2016,14,400,13.28,0,0,0,0,463.4
102,2016,14,500,13.29,0,0,0,0,435.8
102,2016,14,600,13.3,0,0,0,0,381.8
102,2016,14,700,13.31,38.801,0,0,0,301.4
102,2016,14,800,13.31,460.5,0,0,0,272.8
102,2016,14,900,13.32,544.22,0,0,0,216.4
102,2016,14,1000,13.32,1073.8,0,0,0,184.9
102,2016,14,1100,13.31,855.5,0,0,0,218.6
102,2016,14,1200,13.3,244.51,0,0,0,298.9
102,2016,14,1300,13.3,0,0,0,0,392.9
102,2016,14,1400,13.28,0,0,0,0,419.9
102,2016,14,1500,13.28,0,0,0,0,542.1
102,2016,14,1600,13.28,0,0,326.45,0,415.7
102,2016,14,1700,13.31,0,0,0,0,265.8
102,2016,14,1800,13.32,585.41,0,0,0,164.2
102,2016,14,1900,13.33,604.92,0,0,0,164.4
102,2016,14,2000,13.33,387.41,0,0,0,168
102,2016,14,2100,13.32,637.62,0,0,0,166.9
102,2016,14,2200,13.32,358.23,0,0,0,195.5
102,2016,14,2300,13.32,125.86,0,0,0,208.3
101,2016,14,2400,13.27,6024.7,0,326.45,0
102,2016,14,2400,13.32,107.93,0,0,0,212.4
102,2016,15,100,13.32,31.66,0,0,0,207.8
102,2016,15,200,13.32,62.551,0,0,0,193.2
102,2016,15,300,13.33,28.108,0,0,0,184
102,2016,15,400,13.33,345.36,0,0,0,165.6
102,2016,15,500,12.53,377.23,0,0,0,150.9
102,2016,15,600,12.49,514.95,0,0,0,134.6
102,2016,15,700,12.48,664.11,0,0,0,120.3
102,2016,15,800,12.49,912.43,0,0,0,110.2
102,2016,15,900,12.48,1910.2,0,0,0,83.6
102,2016,15,1000,13.37,2719.7,0,0,0,42.49
102,2016,15,1100,13.37,2445.2,0,0,0,37.12
102,2016,15,1200,13.36,2245.5,0,0,0,27.67
102,2016,15,1300,13.35,1991.7,0,0,0,33.32
102,2016,15,1400,13.35,1151.8,0,0,0,92.8
102,2016,15,1500,13.34,350.33,0,0,0,111.5
102,2016,15,1600,13.33,48.923,0,0,0,145.9
102,2016,15,1700,13.3,0,0,0,0,259.1
102,2016,15,1800,13.29,0,0,0,0,383.6
102,2016,15,1900,13.28,0,0,0,0,424
102,2016,15,2000,13.28,0,0,0,0,421.2
102,2016,15,2100,13.3,0,0,0,0,307.4
102,2016,15,2200,13.31,0,0,0,0,236
102,2016,15,2300,13.31,0,0,0,0,214.7
101,2016,15,2400,12.48,15800,0,0,0
102,2016,15,2400,13.32,0,0,0,0,193.6
102,2016,16,100,13.33,0,0,0,0,176.9
102,2016,16,200,13.33,0,0,0,0,171.4
102,2016,16,300,13.33,0,0,0,0,161.7
102,2016,16,400,13.34,0,0,0,0,151.1
102,2016,16,500,13.34,0,0,0,0,145.4
102,2016,16,600,13.35,0,0,0,0,144.5
102,2016,16,700,13.35,0,0,0,0,136.4
102,2016,16,800,13.36,0,0,0,0,126.8
102,2016,16,900,13.37,190.66,0,0,0,86.8
102,2016,16,1000,13.37,956.91,0,0,0,79
102,2016,16,1100,13.36,839.8,0,0,0,76.8
102,2016,16,1200,13.33,435.26,0,0,0,108.9
102,2016,16,1300,13.32,0,0,0,0,254.6
102,2016,16,1400,12.53,0,0,0,0,414.8
102,2016,16,1500,12.49,0,0,0,.167,606.5
102,2016,16,1600,12.5,0,0,0,1,756
102,2016,16,1700,13.25,0,0,0,1,929
102,2016,16,1800,13.25,0,0,0,1,1008
102,2016,16,1900,13.25,0,0,0,1,1000
102,2016,16,2000,13.25,0,0,0,1,950
102,2016,16,2100,13.26,0,0,0,1,877
102,2016,16,2200,13.27,0,0,0,1,778
102,2016,16,2300,13.27,0,0,0,1,710
101,2016,16,2400,12.49,2422.6,0,0,9.16
102,2016,16,2400,13.27,0,0,0,1,640.5
102,2016,17,100,13.28,0,0,0,.267,570.4
102,2016,17,200,13.28,0,0,0,0,513.3
102,2016,17,300,13.29,0,0,0,0,460.5
102,2016,17,400,13.29,0,0,0,0,415.2
102,2016,17,500,13.3,0,0,0,0,377.9
102,2016,17,600,13.32,0,0,171.96,0,306.9
102,2016,17,700,13.33,19.019,0,0,0,211.3
102,2016,17,800,13.33,134.06,0,0,0,197.4
102,2016,17,900,13.35,79.964,0,0,0,181.1
102,2016,17,1000,13.36,119.19,0,0,0,139.8
102,2016,17,1100,13.37,1065.5,0,0,0,111.5
102,2016,17,1200,13.36,1534.2,0,0,0,93.9
102,2016,17,1300,13.34,1557.3,0,0,0,98.4
102,2016,17,1400,13.33,947.79,0,0,0,159.6
102,2016,17,1500,13.32,15.37,0,0,0,248
102,2016,17,1600,13.33,0,0,0,0,257.2
102,2016,17,1700,13.32,0,0,0,0,270.1
102,2016,17,1800,13.31,0,0,0,0,317.6
102,2016,17,1900,13.3,0,0,0,0,335
102,2016,17,2000,13.3,0,0,0,0,292.9
102,2016,17,2100,13.32,2.7054,0,0,0,225.9
102,2016,17,2200,13.32,585.35,0,0,0,188.6
102,2016,17,2300,13.32,1065.5,0,0,0,175.2
101,2016,17,2400,13.28,8774,0,171.96,.267
102,2016,17,2400,13.33,1648,0,0,0,148.2
102,2016,18,100,13.33,2088.5,0,0,0,130
102,2016,18,200,13.33,2127.6,0,0,0,122.7
102,2016,18,300,13.34,2237.6,0,0,0,111.9
102,2016,18,400,13.35,2660.4,0,0,0,94.5
102,2016,18,500,13.35,3303.2,0,0,0,74.9
102,2016,18,600,13.35,3611.8,0,0,0,69.3
102,2016,18,700,13.35,3439.6,0,0,0,70.7
102,2016,18,800,13.35,3737.7,0,0,0,58.27
102,2016,18,900,13.36,3937.9,0,0,0,31.38
102,2016,18,1000,13.37,3717.8,0,0,0,11.03
102,2016,18,1100,13.36,3531.3,0,0,0,-1.136
102,2016,18,1200,13.35,3032.9,0,0,0,.998
102,2016,18,1300,13.35,2772.3,0,0,0,25.84
102,2016,18,1400,13.33,2407.7,0,0,0,64.14
102,2016,18,1500,13.31,1348.6,0,0,0,190.5
102,2016,18,1600,13.29,0,0,0,0,380.7
102,2016,18,1700,13.28,0,0,0,0,512.2
102,2016,18,1800,13.28,0,0,0,0,512.7
102,2016,18,1900,13.29,0,0,0,0,410.1
102,2016,18,2000,13.3,0,0,0,0,345.9
102,2016,18,2100,13.31,0,0,0,0,223
102,2016,18,2200,13.31,67.05,0,0,0,179.3
102,2016,18,2300,13.31,432.32,0,0,0,174.8
101,2016,18,2400,13.28,45257,0,0,0
102,2016,18,2400,13.31,802.83,0,0,0,162.6
102,2016,19,100,13.31,920.01,0,0,0,149.2
102,2016,19,200,13.31,976.36,0,0,0,143.2
102,2016,19,300,13.32,1250.1,0,0,0,128.8
102,2016,19,400,13.32,1565.6,0,0,0,125.1
102,2016,19,500,13.33,1637.5,0,0,0,128.5
102,2016,19,600,13.33,1432.3,0,0,0,113.4
102,2016,19,700,13.33,1806,0,0,0,113.9
102,2016,19,800,13.33,2031.5,0,0,0,114.3
102,2016,19,900,13.35,2077.7,0,0,0,93.9
102,2016,19,1000,13.35,1917.6,0,0,0,81.4
102,2016,19,1100,13.35,1501.3,0,0,0,80.6
102,2016,19,1200,13.35,1271.6,0,0,0,86.4
102,2016,19,1300,13.35,968.96,0,0,0,113.7
102,2016,19,1400,13.33,606.77,0,0,0,130
102,2016,19,1500,13.33,250.6,0,0,0,168.3
102,2016,19,1600,13.32,0,0,0,0,214.5
102,2016,19,1700,13.31,0,0,0,0,297.8
102,2016,19,1800,13.3,0,0,0,0,345.5
102,2016,19,1900,13.3,0,0,0,0,340.3
102,2016,19,2000,13.3,0,0,0,0,363
102,2016,19,2100,13.3,0,0,0,0,277.9
102,2016,19,2200,13.31,0,0,0,0,288
102,2016,19,2300,13.31,0,0,0,0,303.1
101,2016,19,2400,13.3,20214,0,0,0
102,2016,19,2400,13.32,0,0,0,0,303.5
102,2016,20,100,13.32,0,0,0,0,278.4
102,2016,20,200,13.32,0,0,0,0,266.3
102,2016,20,300,13.33,0,0,0,0,265.4
102,2016,20,400,13.33,0,0,0,0,232.5
102,2016,20,500,13.33,0,0,0,0,202.1
102,2016,20,600,13.33,4.1849,0,0,0,175.3
102,2016,20,700,13.34,324.24,0,0,0,144.2
102,2016,20,800,13.34,0,0,0,0,131.7
102,2016,20,900,13.36,854.96,0,0,0,70.5
102,2016,20,1000,13.37,3311.8,0,0,0,3.111
102,2016,20,1100,13.38,4500.5,0,0,0,-24.35
102,2016,20,1200,13.37,4525.6,0,0,0,-30.98
102,2016,20,1300,13.35,4250.1,0,0,0,-20.35
102,2016,20,1400,13.33,3382.5,0,0,0,20.18
102,2016,20,1500,13.31,1269.7,0,0,0,105.1
102,2016,20,1600,13.29,0,0,0,0,270.1
102,2016,20,1700,13.28,0,0,0,0,475.7
102,2016,20,1800,13.28,0,0,0,0,621.8
102,2016,20,1900,13.28,0,0,0,0,629.8
102,2016,20,2000,13.28,0,0,0,0,588.2
102,2016,20,2100,13.29,0,0,0,0,552.9
102,2016,20,2200,13.3,0,0,0,0,425.1
102,2016,20,2300,13.3,0,0,0,0,403.4
101,2016,20,2400,13.28,22424,0,0,0
102,2016,20,2400,13.3,0,0,0,0,373
102,2016,21,100,13.3,0,0,0,0,333.6
102,2016,21,200,13.3,544.64,0,0,0,276.2
102,2016,21,300,13.31,964.81,0,0,0,251.7
102,2016,21,400,13.32,624.57,0,0,0,239.1
102,2016,21,500,13.32,474.5,0,0,0,231.3
102,2016,21,600,13.32,687.46,0,0,0,211.1
102,2016,21,700,13.32,1111.3,0,0,0,193.9
102,2016,21,800,13.32,1865.4,0,0,0,162.4
102,2016,21,900,13.33,1807.2,0,0,0,107.9
102,2016,21,1000,13.35,2283.4,0,0,0,52.77
102,2016,21,1100,13.33,3094.9,0,0,0,38.5
102,2016,21,1200,13.32,2591.5,0,0,0,90.3
102,2016,21,1300,13.3,1297.3,0,0,0,183.9
102,2016,21,1400,13.3,0,0,0,0,297.5
102,2016,21,1500,13.3,0,0,0,0,451.7
102,2016,21,1600,13.28,0,0,0,.716,706
102,2016,21,1700,13.27,0,0,0,1,793
102,2016,21,1800,13.27,0,0,0,1,798
102,2016,21,1900,13.27,0,0,0,1,745
102,2016,21,2000,13.28,0,0,0,1,680.8
102,2016,21,2100,12.56,0,0,0,.317,599.6
102,2016,21,2200,12.5,0,0,0,0,508.6
102,2016,21,2300,13.3,0,0,0,0,397.4
101,2016,21,2400,12.5,17347,0,0,5.031
102,2016,21,2400,13.3,0,0,0,0,312.4
102,2016,22,100,13.3,138.33,0,0,0,281.4
102,2016,22,200,13.3,253,0,0,0,254
102,2016,22,300,13.31,239.36,0,0,0,221.4
102,2016,22,400,13.31,949.15,0,0,0,192
102,2016,22,500,13.32,1023.3,0,0,0,182.9
102,2016,22,600,13.32,1198.4,0,0,0,170.4
102,2016,22,700,13.32,1106.8,0,0,0,166.6
102,2016,22,800,13.33,1112.8,0,0,0,142.2
102,2016,22,900,13.35,1679.3,0,0,0,47.6
102,2016,22,1000,13.35,3358.6,0,0,0,-2.294
102,2016,22,1100,13.35,3145,0,0,0,-9.88
102,2016,22,1200,13.35,2810,0,0,0,-2.802
102,2016,22,1300,13.33,2647.6,0,0,0,57.12
102,2016,22,1400,13.31,1490.1,0,0,0,209.3
102,2016,22,1500,13.3,101,0,0,0,316.2
102,2016,22,1600,13.3,0,0,0,0,367.9
102,2016,22,1700,13.3,0,0,0,0,431.9
102,2016,22,1800,13.29,0,0,0,0,438.8
102,2016,22,1900,13.29,0,0,0,0,477.4
102,2016,22,2000,13.29,0,0,0,0,554.8
102,2016,22,2100,13.29,0,0,0,0,563
102,2016,22,2200,13.3,0,0,0,0,518.3
102,2016,22,2300,13.3,0,0,0,0,492.4
101,2016,22,2400,13.29,21253,0,0,0
102,2016,22,2400,13.3,0,0,0,0,441.9
102,2016,23,100,13.3,0,0,0,0,412.8
102,2016,23,200,13.32,0,0,0,0,375.5
102,2016,23,300,13.32,0,0,0,0,341.1
102,2016,23,400,13.32,0,0,0,0,319.4
102,2016,23,500,13.33,0,0,0,0,319
102,2016,23,600,13.33,0,0,0,0,301.4
102,2016,23,700,13.33,0,0,0,0,304.5
102,2016,23,800,13.34,0,0,0,0,294.9
102,2016,23,900,13.35,0,0,0,0,245.8
102,2016,23,1000,13.36,145.52,0,0,0,167.6
102,2016,23,1100,13.35,0,0,0,0,175.4
102,2016,23,1200,13.34,0,0,0,0,210.2
102,2016,23,1300,13.33,0,0,0,0,258
102,2016,23,1400,13.33,0,0,0,0,268.8
102,2016,23,1500,13.32,0,0,0,0,309.2
102,2016,23,1600,13.32,0,0,0,0,352.3
102,2016,23,1700,13.32,0,0,0,0,359
102,2016,23,1800,13.32,0,0,0,0,376.6
102,2016,23,1900,13.31,0,0,0,0,387.1
102,2016,23,2000,13.3,0,0,0,0,391.8
102,2016,23,2100,13.31,0,0,0,0,369
102,2016,23,2200,13.32,0,0,0,0,340.2
102,2016,23,2300,13.32,0,0,0,0,312.5
101,2016,23,2400,13.3,145.52,0,0,0
102,2016,23,2400,13.32,0,0,0,0,313.2
102,2016,24,100,13.33,0,0,0,0,309
102,2016,24,200,13.34,0,0,0,0,267.8
102,2016,24,300,13.35,0,0,0,0,202.1
102,2016,24,400,13.35,0,0,0,0,167.7
102,2016,24,500,13.35,0,0,0,0,160.7
102,2016,24,600,13.36,0,0,0,0,163.6
102,2016,24,700,13.37,0,0,0,0,166.1
102,2016,24,800,13.37,0,0,0,0,165.3
102,2016,24,900,13.37,0,0,0,0,157.9
102,2016,24,1000,13.37,0,0,0,0,182.4
102,2016,24,1100,13.36,0,0,0,0,233.6
102,2016,24,1200,13.34,0,0,0,0,220.2
102,2016,24,1300,13.32,0,0,0,0,275.4
102,2016,24,1400,13.3,0,0,0,0,383.5
102,2016,24,1500,13.29,0,0,0,0,530.7
102,2016,24,1600,13.28,0,0,0,.833,635.3
102,2016,24,1700,13.28,0,0,0,.083,577.4
102,2016,24,1800,13.27,0,0,0,0,552
102,2016,24,1900,13.26,0,0,0,.666,598.1
102,2016,24,2000,13.26,0,0,0,.766,606
102,2016,24,2100,13.27,0,0,0,0,509.1
102,2016,24,2200,13.27,0,0,0,0,457.1
102,2016,24,2300,13.28,0,0,0,0,447.3
101,2016,24,2400,13.26,0,0,0,2.349
102,2016,24,2400,13.28,0,0,0,0,471.4
102,2016,25,100,13.29,0,0,0,0,510
102,2016,25,200,13.3,0,0,0,0,512.3
102,2016,25,300,13.31,0,0,0,0,437.9
102,2016,25,400,13.32,0,0,0,0,406.6
102,2016,25,500,13.32,0,0,0,0,371.6
102,2016,25,600,13.33,0,0,0,0,354.1
102,2016,25,700,13.34,0,0,0,0,309.3
102,2016,25,800,13.34,0,0,0,0,292.9
102,2016,25,900,13.35,0,0,0,0,246.9
102,2016,25,1000,13.36,0,0,0,0,228.6
102,2016,25,1100,13.35,0,0,0,0,259.1
102,2016,25,1200,13.33,0,0,0,0,286.1
102,2016,25,1300,13.32,0,0,0,0,337.8
102,2016,25,1400,13.3,0,0,0,0,398.1
102,2016,25,1500,13.3,0,0,0,0,486.7
102,2016,25,1600,13.28,0,0,0,0,560.6
102,2016,25,1700,13.28,0,0,0,0,575.8
102,2016,25,1800,13.27,0,0,0,.9,613.8
102,2016,25,1900,13.27,0,0,0,1,676.4
102,2016,25,2000,13.27,0,0,0,1,680.9
102,2016,25,2100,13.28,0,0,0,.916,618.3
102,2016,25,2200,13.29,0,0,0,0,566.6
102,2016,25,2300,13.3,0,0,0,0,542.2
101,2016,25,2400,13.27,0,0,0,3.815
102,2016,25,2400,13.3,0,0,0,0,504.6
102,2016,26,100,13.3,0,0,0,0,470.9
102,2016,26,200,13.31,0,0,0,0,440
102,2016,26,300,13.32,0,0,0,0,402.7
102,2016,26,400,13.33,0,0,0,0,397.6
102,2016,26,500,13.33,0,0,0,0,374.5
102,2016,26,600,13.33,0,0,0,0,356
102,2016,26,700,13.33,0,0,0,0,324.1
102,2016,26,800,13.34,0,0,0,0,285.4
102,2016,26,900,13.36,0,0,0,0,184.5
102,2016,26,1000,13.37,0,0,0,0,97.8
102,2016,26,1100,13.35,13.219,0,0,0,118.5
102,2016,26,1200,13.33,4.0822,0,0,0,174.7
102,2016,26,1300,13.32,0,0,0,0,317.4
102,2016,26,1400,13.3,0,0,0,0,495.9
102,2016,26,1500,13.28,0,0,0,.833,669.8
102,2016,26,1600,13.27,0,0,0,1,784
102,2016,26,1700,13.27,0,0,0,1,839
102,2016,26,1800,13.27,0,0,0,1,813
102,2016,26,1900,13.29,0,0,0,1,804
102,2016,26,2000,13.29,0,0,0,1,770
102,2016,26,2100,13.3,0,0,0,1,688.7
102,2016,26,2200,13.3,0,0,0,1,617.4
102,2016,26,2300,12.5,0,0,0,.15,562.2
101,2016,26,2400,12.5,17.302,0,0,7.98
102,2016,26,2400,13.31,0,0,0,0,522.4
102,2016,27,100,13.31,0,0,0,0,488
102,2016,27,200,13.31,0,0,0,0,510.7
102,2016,27,300,13.32,0,0,0,0,502.1
102,2016,27,400,13.33,0,0,0,0,496.6
102,2016,27,500,13.34,0,0,0,0,452.8
102,2016,27,600,13.35,0,0,0,0,439.9
102,2016,27,700,13.35,0,0,0,0,414.1
102,2016,27,800,12.51,0,0,0,0,371.5
102,2016,27,900,12.49,.61706,0,0,0,280.3
102,2016,27,1000,13.35,376.21,0,0,0,311.4
102,2016,27,1100,13.34,48.535,0,0,0,420.9
102,2016,27,1200,13.33,0,0,0,0,474.5
102,2016,27,1300,13.31,0,0,0,.4,586.7
102,2016,27,1400,13.3,0,0,0,1,726
102,2016,27,1500,13.28,0,0,0,1,873
102,2016,27,1600,13.27,0,0,0,1,995
102,2016,27,1700,13.26,0,0,0,1,1075
102,2016,27,1800,13.25,0,0,0,1,1126
102,2016,27,1900,13.25,0,0,0,1,1154
102,2016,27,2000,13.26,0,0,0,1,1191
102,2016,27,2100,13.27,0,0,0,1,1170
102,2016,27,2200,13.28,0,0,0,1,1129
102,2016,27,2300,13.28,0,0,0,1,1089
101,2016,27,2400,12.49,425.37,0,0,11.4
102,2016,27,2400,13.28,0,0,0,1,1054
102,2016,28,100,13.29,0,0,0,1,1007
102,2016,28,200,13.3,0,0,0,1,958
102,2016,28,300,13.3,0,0,0,1,892
102,2016,28,400,13.3,0,0,0,1,841
102,2016,28,500,13.3,0,0,0,1,799
102,2016,28,600,13.31,0,0,0,1,767
102,2016,28,700,13.32,0,0,0,1,734
102,2016,28,800,13.32,0,0,0,1,689.1
102,2016,28,900,13.34,0,0,0,.466,578
102,2016,28,1000,13.33,0,0,0,.45,577.5
102,2016,28,1100,13.33,0,0,0,1,718
102,2016,28,1200,13.32,0,0,0,1,800
102,2016,28,1300,13.3,0,0,0,1,862
102,2016,28,1400,13.28,0,0,0,1,971
102,2016,28,1500,13.26,0,0,0,1,1104
102,2016,28,1600,13.25,0,0,0,1,1201
102,2016,28,1700,13.24,0,0,0,1,1251
102,2016,28,1800,13.23,0,0,0,1,1264
102,2016,28,1900,13.24,0,0,0,1,1261
102,2016,28,2000,13.24,0,0,0,1,1278
102,2016,28,2100,13.25,0,0,0,1,1242
102,2016,28,2200,13.25,0,0,0,1,1161
102,2016,28,2300,13.27,0,0,0,1,1002
101,2016,28,2400,13.23,0,0,0,22.91
102,2016,28,2400,13.27,0,0,0,1,903
102,2016,29,100,13.27,0,0,0,1,856
102,2016,29,200,13.28,0,0,0,1,845
102,2016,29,300,13.29,0,0,0,1,821
102,2016,29,400,13.29,0,0,0,1,780
102,2016,29,500,13.3,0,0,0,1,748
102,2016,29,600,13.3,0,0,0,1,727
102,2016,29,700,13.31,0,0,0,1,731
102,2016,29,800,13.32,0,0,0,1,699.4
102,2016,29,900,13.35,0,0,0,.25,547.4
102,2016,29,1000,13.36,0,0,0,0,475.8
102,2016,29,1100,13.35,0,0,0,.167,553.7
102,2016,29,1200,13.33,0,0,0,1,773
102,2016,29,1300,13.3,0,0,0,1,914
102,2016,29,1400,13.28,0,0,0,1,1048
102,2016,29,1500,13.27,0,0,0,1,1134
102,2016,29,1600,13.26,0,0,0,1,1221
102,2016,29,1700,13.25,0,0,0,1,1286
102,2016,29,1800,13.24,0,0,0,1,1310
102,2016,29,1900,13.24,2.0963,0,0,1,1315
102,2016,29,2000,13.24,0,0,0,1,1303
102,2016,29,2100,13.25,0,0,0,1,1271
102,2016,29,2200,13.25,0,0,0,1,1218
102,2016,29,2300,13.26,0,0,0,1,1187
101,2016,29,2400,13.24,2.0963,0,0,21.41
102,2016,29,2400,13.27,0,0,0,1,1159
102,2016,30,100,13.27,0,0,0,1,1123
102,2016,30,200,13.28,0,0,0,1,1073
102,2016,30,300,13.28,0,0,0,1,1031
102,2016,30,400,13.3,0,0,0,1,999
102,2016,30,500,13.3,0,0,0,1,953
102,2016,30,600,13.31,0,0,0,1,893
102,2016,30,700,13.32,0,0,0,1,839
102,2016,30,800,13.33,0,0,0,1,779
102,2016,30,900,13.36,0,0,0,.017,586.2
102,2016,30,1000,13.36,0,0,0,0,537.1
102,2016,30,1100,13.35,0,0,0,.933,708
102,2016,30,1200,13.33,0,0,0,1,821
102,2016,30,1300,13.32,0,0,0,1,930
102,2016,30,1400,13.3,0,0,0,1,1065
102,2016,30,1500,13.27,0,0,0,1,1172
102,2016,30,1600,13.26,0,0,0,1,1243
102,2016,30,1700,13.25,0,0,0,1,1287
102,2016,30,1800,13.24,0,0,0,1,1310
102,2016,30,1900,13.25,0,0,0,1,1306
102,2016,30,2000,13.25,0,0,0,1,1283
102,2016,30,2100,13.25,0,0,0,1,1241
102,2016,30,2200,13.26,0,0,0,1,1209
102,2016,30,2300,13.27,0,0,0,1,1183
101,2016,30,2400,13.24,0,0,0,21.94
102,2016,30,2400,13.27,0,0,0,1,1155
102,2016,31,100,13.27,0,0,0,1,1128
102,2016,31,200,13.28,0,0,0,1,1093
102,2016,31,300,13.28,0,0,0,1,1058
102,2016,31,400,13.29,0,0,0,1,1002
102,2016,31,500,13.3,0,0,0,1,937
102,2016,31,600,13.3,0,0,0,1,889
102,2016,31,700,13.3,0,0,0,1,836
102,2016,31,800,13.32,0,0,0,1,767
102,2016,31,900,13.34,0,0,0,.433,618.5
102,2016,31,1000,13.35,0,0,0,0,518.9
102,2016,31,1100,13.33,0,0,0,.466,598.9
102,2016,31,1200,13.32,0,0,0,1,789
102,2016,31,1300,13.3,0,0,0,1,1026
102,2016,31,1400,13.28,0,0,0,1,1147
102,2016,31,1500,13.26,0,0,0,1,1213
102,2016,31,1600,13.25,0,0,0,1,1257
102,2016,31,1700,13.24,0,0,0,1,1289
102,2016,31,1800,13.24,0,0,0,1,1287
102,2016,31,1900,13.25,0,0,0,1,1265
102,2016,31,2000,13.25,0,0,0,1,1254
102,2016,31,2100,13.26,0,0,0,1,1204
102,2016,31,2200,13.27,0,0,0,1,1157
102,2016,31,2300,13.27,0,0,0,1,1117
101,2016,31,2400,13.24,0,0,0,21.89
102,2016,31,2400,13.28,0,0,0,1,1062
102,2016,32,100,13.28,0,0,0,1,1008
102,2016,32,200,13.29,0,0,0,1,943
102,2016,32,300,13.3,0,0,0,1,902
102,2016,32,400,13.3,0,0,0,1,843
102,2016,32,500,13.3,0,0,0,1,805
102,2016,32,600,13.3,0,0,0,1,793
102,2016,32,700,13.32,0,0,0,1,759
102,2016,32,800,13.32,0,0,0,1,712
102,2016,32,900,13.34,0,0,0,0,548.3
102,2016,32,1000,13.35,0,0,0,0,443.8
102,2016,32,1100,13.33,0,0,0,0,509.7
102,2016,32,1200,13.32,0,0,0,.916,649.2
102,2016,32,1300,13.3,0,0,0,1,772
102,2016,32,1400,13.28,0,0,0,1,956
102,2016,32,1500,13.27,0,0,0,1,1090
102,2016,32,1600,13.26,0,0,0,1,1162
102,2016,32,1700,12.51,0,0,0,1,1204
102,2016,32,1800,12.5,0,0,0,1,1236
102,2016,32,1900,13.25,0,0,0,1,1239
102,2016,32,2000,13.25,0,0,0,1,1216
102,2016,32,2100,13.26,0,0,0,1,1171
102,2016,32,2200,13.27,0,0,0,1,1103
102,2016,32,2300,13.27,0,0,0,1,1055
101,2016,32,2400,12.5,0,0,0,20.91
102,2016,32,2400,13.28,0,0,0,1,1010
102,2016,33,100,13.28,0,0,0,1,960
102,2016,33,200,13.29,0,0,0,1,914
102,2016,33,300,13.3,0,0,0,1,853
102,2016,33,400,13.3,0,0,0,1,793
102,2016,33,500,13.31,0,0,0,1,749
102,2016,33,600,13.32,0,0,0,1,722
102,2016,33,700,13.32,0,0,0,1,694.3
102,2016,33,800,13.33,0,0,0,.716,667.8
102,2016,33,900,13.34,0,0,0,0,560
102,2016,33,1000,13.35,0,0,0,0,474.2
102,2016,33,1100,13.33,0,0,0,0,526
102,2016,33,1200,13.32,0,0,0,.7,689.9
102,2016,33,1300,13.29,0,0,0,1,895
102,2016,33,1400,13.27,0,0,0,1,1084
102,2016,33,1500,13.27,0,0,0,1,1168
102,2016,33,1600,13.25,0,0,0,1,1200
102,2016,33,1700,13.25,0,0,0,1,1232
102,2016,33,1800,13.25,0,0,0,1,1238
102,2016,33,1900,13.25,0,0,0,1,1238
102,2016,33,2000,13.25,0,0,0,1,1218
102,2016,33,2100,13.25,0,0,0,1,1186
102,2016,33,2200,13.26,0,0,0,1,1145
102,2016,33,2300,13.27,0,0,0,1,1096
101,2016,33,2400,13.25,0,0,0,20.41
102,2016,33,2400,13.27,0,0,0,1,1043
102,2016,34,100,13.28,0,0,0,1,990
102,2016,34,200,13.28,0,0,0,1,923
102,2016,34,300,13.29,0,0,0,1,855
102,2016,34,400,13.3,0,0,0,1,805
102,2016,34,500,13.3,0,0,0,1,766
102,2016,34,600,13.3,0,0,0,1,732
102,2016,34,700,13.31,0,0,0,1,691.8
102,2016,34,800,13.32,0,0,0,.05,643.4
102,2016,34,900,13.33,0,0,0,0,545.6
102,2016,34,1000,13.35,0,0,0,0,468.6
102,2016,34,1100,13.35,0,0,0,0,428.6
102,2016,34,1200,13.33,0,0,0,0,427.4
102,2016,34,1300,13.32,0,0,0,0,465.6
102,2016,34,1400,13.32,0,0,0,0,511.2
102,2016,34,1500,13.32,0,0,0,0,505.8
102,2016,34,1600,13.3,0,0,0,.183,520.3
102,2016,34,1700,13.29,0,0,0,1,781
102,2016,34,1800,13.28,0,0,0,1,936
102,2016,34,1900,13.28,0,0,0,1,974
102,2016,34,2000,13.28,0,0,0,1,912
102,2016,34,2100,13.28,0,0,0,1,798
102,2016,34,2200,13.29,0,0,0,1,733
102,2016,34,2300,13.3,0,0,0,1,658
101,2016,34,2400,13.28,0,0,0,14.58
102,2016,34,2400,13.3,0,0,0,.35,600.7
102,2016,35,100,13.3,0,0,0,0,552
102,2016,35,200,13.31,0,0,0,0,509.5
102,2016,35,300,13.32,0,0,0,0,467.1
102,2016,35,400,13.32,0,0,0,0,436.7
102,2016,35,500,13.33,0,0,0,0,417
102,2016,35,600,13.33,0,0,0,0,390.4
102,2016,35,700,13.35,0,0,0,0,368.9
102,2016,35,800,13.35,0,0,0,0,358.7
102,2016,35,900,13.37,0,0,0,0,249.9
102,2016,35,1000,13.36,0,0,0,0,224.9
102,2016,35,1100,13.35,0,0,0,0,403.7
102,2016,35,1200,13.32,0,0,0,.033,531.6
102,2016,35,1300,12.62,0,0,0,1,746
102,2016,35,1400,13.28,0,0,0,1,948
102,2016,35,1500,13.27,0,0,0,1,1127
102,2016,35,1600,13.25,0,0,0,1,1197
102,2016,35,1700,13.24,0,0,0,1,1245
102,2016,35,1800,13.23,0,0,0,1,1286
102,2016,35,1900,13.23,0,0,0,1,1309
102,2016,35,2000,13.23,0,0,0,1,1295
102,2016,35,2100,13.24,0,0,0,1,1240
102,2016,35,2200,13.25,0,0,0,1,1190
102,2016,35,2300,13.26,0,0,0,1,1155
101,2016,35,2400,12.62,0,0,0,12.03
102,2016,35,2400,13.27,0,0,0,1,1110
102,2016,36,100,13.27,0,0,0,1,1061
102,2016,36,200,13.28,0,0,0,1,978
102,2016,36,300,13.28,0,0,0,1,876
102,2016,36,400,13.29,0,0,0,1,801
102,2016,36,500,13.3,0,0,0,1,738
102,2016,36,600,13.31,0,0,0,.8,694.6
102,2016,36,700,13.32,0,0,0,0,640
102,2016,36,800,13.33,0,0,0,0,582.7
102,2016,36,900,13.35,0,0,0,0,406.5
102,2016,36,1000,13.34,0,0,0,0,449.2
102,2016,36,1100,13.34,0,0,0,0,564
102,2016,36,1200,13.32,0,0,0,.8,659.7
102,2016,36,1300,13.29,0,0,0,1,866
102,2016,36,1400,13.27,0,0,0,1,1086
102,2016,36,1500,13.25,0,0,0,1,1217
102,2016,36,1600,13.24,0,0,0,1,1287
102,2016,36,1700,13.22,0,0,0,1,1326
102,2016,36,1800,13.22,0,0,0,1,1347
102,2016,36,1900,13.22,0,0,0,1,1352
102,2016,36,2000,13.22,0,0,0,1,1325
102,2016,36,2100,13.23,0,0,0,1,1288
102,2016,36,2200,13.23,0,0,0,1,1237
102,2016,36,2300,13.24,0,0,0,1,1172
101,2016,36,2400,13.22,0,0,0,18.59
102,2016,36,2400,13.25,0,0,0,1,1079
102,2016,37,100,13.25,0,0,0,1,1009
102,2016,37,200,13.26,0,0,0,1,939
102,2016,37,300,13.27,0,0,0,1,877
102,2016,37,400,13.28,0,0,0,1,818
102,2016,37,500,13.28,0,0,0,1,758
102,2016,37,600,13.29,0,0,0,1,722
102,2016,37,700,13.3,0,0,0,1,688.5
102,2016,37,800,13.3,0,0,0,.833,659.3
102,2016,37,900,13.32,0,0,0,0,564.1
102,2016,37,1000,12.53,0,0,0,.35,594
102,2016,37,1100,12.5,0,0,0,1,697.4
102,2016,37,1200,13.29,0,0,0,1,849
102,2016,37,1300,13.27,0,0,0,1,1082
102,2016,37,1400,12.54,0,0,0,1,1192
102,2016,37,1500,13.23,0,0,0,1,1270
102,2016,37,1600,13.23,0,0,0,1,1308
102,2016,37,1700,13.22,0,0,0,1,1340
102,2016,37,1800,13.21,0,0,0,1,1359
102,2016,37,1900,13.22,0,0,0,1,1335
102,2016,37,2000,13.22,0,0,0,1,1316
102,2016,37,2100,13.23,0,0,0,1,1273
102,2016,37,2200,13.24,0,0,0,1,1224
102,2016,37,2300,13.25,0,0,0,1,1182
101,2016,37,2400,12.5,0,0,0,22.17
102,2016,37,2400,13.25,0,0,0,1,1117
102,2016,38,100,13.25,0,0,0,1,1024
102,2016,38,200,13.26,0,0,0,1,946
102,2016,38,300,13.27,0,0,0,1,881
102,2016,38,400,13.27,0,0,0,1,829
102,2016,38,500,13.28,0,0,0,1,772
102,2016,38,600,13.29,0,0,0,1,722
102,2016,38,700,13.3,0,0,0,1,679.1
102,2016,38,800,13.31,0,0,0,.6,624.4
102,2016,38,900,13.34,0,0,0,0,370
102,2016,38,1000,13.35,0,0,0,0,251.1
102,2016,38,1100,13.34,0,0,0,0,298.1
102,2016,38,1200,13.31,0,0,0,.15,448.6
102,2016,38,1300,13.28,0,0,0,1,729
102,2016,38,1400,13.27,0,0,0,1,990
102,2016,38,1500,13.26,0,0,0,1,1118
102,2016,38,1600,13.25,0,0,0,1,1181
102,2016,38,1700,13.24,0,0,0,1,1229
102,2016,38,1800,13.24,0,0,0,1,1233
102,2016,38,1900,13.25,0,0,0,1,1184
102,2016,38,2000,13.25,0,0,0,1,1124
102,2016,38,2100,13.26,0,0,0,1,1077
102,2016,38,2200,13.27,0,0,0,1,1016
102,2016,38,2300,13.27,0,0,0,1,907
101,2016,38,2400,13.24,0,0,0,19.74
102,2016,38,2400,13.27,0,0,0,1,837
102,2016,39,100,13.27,0,0,0,1,800
102,2016,39,200,13.28,0,0,0,1,761
102,2016,39,300,13.28,0,0,0,1,713
102,2016,39,400,13.29,0,0,0,1,664.4
102,2016,39,500,13.3,0,0,0,.883,618.5
102,2016,39,600,13.3,0,0,0,0,560.6
102,2016,39,700,13.3,0,0,0,0,525.5
102,2016,39,800,13.31,0,0,0,0,492.9
102,2016,39,900,13.32,0,0,0,0,370.8
102,2016,39,1000,13.32,0,0,0,0,299.3
102,2016,39,1100,13.31,0,0,0,0,390.2
102,2016,39,1200,13.3,0,0,0,.167,524.9
102,2016,39,1300,13.29,0,0,0,1,665.9
102,2016,39,1400,13.27,0,0,0,1,856
102,2016,39,1500,13.26,0,0,0,1,1002
102,2016,39,1600,13.25,0,0,0,1,1095
102,2016,39,1700,13.24,0,0,0,1,1162
102,2016,39,1800,12.54,0,0,0,1,1187
102,2016,39,1900,12.49,0,0,0,1,1109
102,2016,39,2000,12.49,0,0,0,1,1071
102,2016,39,2100,12.49,0,0,0,1,1020
102,2016,39,2200,12.5,0,0,0,1,826
102,2016,39,2300,12.5,0,0,0,1,784
101,2016,39,2400,12.49,0,0,0,17.04
102,2016,39,2400,13.27,0,0,0,1,698.7
102,2016,40,100,13.27,0,0,0,1,612.8
102,2016,40,200,13.27,0,0,0,.766,553.9
102,2016,40,300,13.27,0,0,0,0,499.4
102,2016,40,400,13.28,0,0,0,0,444.5
102,2016,40,500,13.28,0,0,0,0,418.2
102,2016,40,600,13.3,0,0,0,0,409
102,2016,40,700,13.3,0,0,0,0,394.8
102,2016,40,800,13.31,0,0,0,0,364.9
102,2016,40,900,13.32,0,0,0,0,295.9
102,2016,40,1000,12.51,0,0,0,0,269.1
102,2016,40,1100,12.48,0,0,0,0,289.5
102,2016,40,1200,13.31,0,0,0,0,420.8
102,2016,40,1300,13.29,0,0,0,.866,623.2
102,2016,40,1400,13.27,0,0,0,1,857
102,2016,40,1500,13.26,0,0,0,1,997
102,2016,40,1600,13.26,0,0,0,1,1117
102,2016,40,1700,13.25,0,0,0,1,1150
102,2016,40,1800,13.25,0,0,0,1,1187
102,2016,40,1900,13.25,0,0,0,1,1167
102,2016,40,2000,13.25,0,0,0,1,1115
102,2016,40,2100,13.26,0,0,0,1,1040
102,2016,40,2200,13.27,0,0,0,1,955
102,2016,40,2300,13.27,0,0,0,1,901
101,2016,40,2400,12.48,0,0,0,13.63
102,2016,40,2400,13.27,0,0,0,1,838
102,2016,41,100,13.28,0,0,0,1,782
102,2016,41,200,13.28,0,0,0,1,709
102,2016,41,300,13.29,0,0,0,1,657.9
102,2016,41,400,13.3,0,0,0,.466,620.2
102,2016,41,500,13.3,0,0,0,0,573
102,2016,41,600,13.31,0,0,0,0,538
102,2016,41,700,13.31,0,0,0,0,527.9
102,2016,41,800,13.32,0,0,0,0,496.7
102,2016,41,900,13.33,0,0,0,0,402.6
102,2016,41,1000,13.33,0,0,0,0,311.2
102,2016,41,1100,13.32,0,0,0,0,380.2
102,2016,41,1200,13.3,0,0,0,.183,505.6
102,2016,41,1300,13.3,0,0,0,1,669.6
102,2016,41,1400,13.28,0,0,0,1,838
102,2016,41,1500,13.26,0,0,0,1,1030
102,2016,41,1600,13.25,0,0,0,1,1157
102,2016,41,1700,13.24,0,0,0,1,1230
102,2016,41,1800,13.23,0,0,0,1,1241
102,2016,41,1900,13.23,0,0,0,1,1209
102,2016,41,2000,13.23,0,0,0,1,1190
102,2016,41,2100,13.23,0,0,0,1,1151
102,2016,41,2200,13.25,0,0,0,1,1094
102,2016,41,2300,13.25,0,0,0,1,1041
101,2016,41,2400,13.23,0,0,0,15.64
102,2016,41,2400,13.26,0,0,0,1,1006
102,2016,42,100,13.27,0,0,0,1,976
102,2016,42,200,13.27,0,0,0,1,931
102,2016,42,300,13.27,0,0,0,1,878
102,2016,42,400,13.28,0,0,0,1,814
102,2016,42,500,13.29,0,0,0,1,757
102,2016,42,600,13.3,0,0,0,.833,702
102,2016,42,700,13.3,0,0,0,0,645.8
102,2016,42,800,13.31,0,0,0,0,578.5
102,2016,42,900,13.33,0,0,0,0,428.3
102,2016,42,1000,13.35,0,0,0,0,310
102,2016,42,1100,13.33,0,0,0,0,342.3
102,2016,42,1200,13.32,0,0,0,.25,519.1
102,2016,42,1300,13.29,0,0,0,1,795
102,2016,42,1400,13.27,0,0,0,1,1027
102,2016,42,1500,13.25,0,0,0,1,1173
102,2016,42,1600,13.24,0,0,0,1,1268
102,2016,42,1700,13.23,0,0,0,1,1327
102,2016,42,1800,13.22,0,0,0,1,1355
102,2016,42,1900,13.22,0,0,0,1,1337
102,2016,42,2000,13.23,0,0,0,1,1295
102,2016,42,2100,13.23,0,0,0,1,1236
102,2016,42,2200,13.24,0,0,0,1,1183
102,2016,42,2300,13.25,0,0,0,1,1131
101,2016,42,2400,13.22,0,0,0,18.08
102,2016,42,2400,13.25,0,0,0,1,1058
102,2016,43,100,13.27,0,0,0,1,943
102,2016,43,200,13.27,0,0,0,1,834
102,2016,43,300,13.28,0,0,0,1,760
102,2016,43,400,13.28,0,0,0,1,703
102,2016,43,500,13.28,0,0,0,1,680.5
102,2016,43,600,13.3,0,0,0,1,673.8
102,2016,43,700,13.3,0,0,0,.15,625.6
102,2016,43,800,13.31,0,0,0,0,591.6
102,2016,43,900,13.33,0,0,0,0,456.4
102,2016,43,1000,13.35,0,0,0,0,289.3
102,2016,43,1100,13.34,0,0,0,0,343.3
102,2016,43,1200,12.5,0,0,0,0,456.4
102,2016,43,1300,12.48,0,0,0,.533,583.3
102,2016,43,1400,12.47,0,0,0,1,763
102,2016,43,1500,12.48,0,0,0,1,893
102,2016,43,1600,12.48,0,0,0,1,1005
102,2016,43,1700,12.49,0,0,0,1,1111
102,2016,43,1800,12.49,0,0,0,1,1141
102,2016,43,1900,12.49,0,0,0,1,1206
102,2016,43,2000,13.25,0,0,0,1,1212
102,2016,43,2100,13.25,0,0,0,1,1147
102,2016,43,2200,13.26,0,0,0,1,1069
102,2016,43,2300,13.27,0,0,0,1,994
101,2016,43,2400,12.47,0,0,0,17.68
102,2016,43,2400,13.27,0,0,0,1,934
102,2016,44,100,13.27,0,0,0,1,877
102,2016,44,200,13.27,0,0,0,1,819
102,2016,44,300,13.28,0,0,0,1,771
102,2016,44,400,13.28,0,0,0,1,728
102,2016,44,500,13.29,0,0,0,1,696.3
102,2016,44,600,13.29,0,0,0,1,663
102,2016,44,700,13.3,0,0,0,1,636.2
102,2016,44,800,13.3,0,0,0,.883,599
102,2016,44,900,13.31,0,0,0,0,464.3
102,2016,44,1000,13.33,0,0,0,0,326.6
102,2016,44,1100,13.32,0,0,0,0,336.8
102,2016,44,1200,13.31,0,0,0,.466,542.6
102,2016,44,1300,13.29,0,0,0,1,722
102,2016,44,1400,13.28,0,0,0,1,814
102,2016,44,1500,13.27,0,0,0,1,885
102,2016,44,1600,13.25,0,0,0,1,1029
102,2016,44,1700,13.24,0,0,0,1,1141
102,2016,44,1800,13.23,0,0,0,1,1194
102,2016,44,1900,13.23,0,0,0,1,1206
102,2016,44,2000,13.23,0,0,0,1,1207
102,2016,44,2100,13.24,0,0,0,1,1185
102,2016,44,2200,13.25,0,0,0,1,1138
102,2016,44,2300,13.26,0,0,0,1,1101
101,2016,44,2400,13.23,0,0,0,20.34
102,2016,44,2400,13.27,0,0,0,1,1072
102,2016,45,100,13.27,0,0,0,1,1017
102,2016,45,200,13.27,0,0,0,1,949
102,2016,45,300,13.28,0,0,0,1,869
102,2016,45,400,13.28,0,0,0,1,791
102,2016,45,500,13.29,0,0,0,.666,756
102,2016,45,600,13.3,0,0,0,0,712
102,2016,45,700,13.3,0,0,0,0,624.1
102,2016,45,800,13.3,0,0,0,0,563.6
102,2016,45,900,13.32,0,0,0,0,466.8
102,2016,45,1000,13.34,0,0,0,0,355.5
102,2016,45,1100,13.34,0,0,0,0,274.3
102,2016,45,1200,13.34,0,0,0,0,332.8
102,2016,45,1300,13.32,0,0,0,0,471.8
102,2016,45,1400,13.3,0,0,0,.583,610.6
102,2016,45,1500,13.3,0,0,0,1,716
102,2016,45,1600,13.28,0,0,0,1,825
102,2016,45,1700,13.26,0,0,0,1,1012
102,2016,45,1800,13.26,0,0,0,1,1078
102,2016,45,1900,13.26,0,0,0,1,1083
102,2016,45,2000,13.2,0,0,0,1,1049
102,2016,45,2100,13.26,0,0,0,1,1007
102,2016,45,2200,13.27,0,0,0,1,956
102,2016,45,2300,13.28,0,0,0,1,910
101,2016,45,2400,13.2,0,0,0,15.24
102,2016,45,2400,13.28,0,0,0,1,856
102,2016,46,100,13.28,0,0,0,1,813
102,2016,46,200,13.29,0,0,0,.167,746
102,2016,46,300,13.3,0,0,0,0,704
102,2016,46,400,13.3,0,0,0,0,644.2
102,2016,46,500,13.31,0,0,0,0,586.8
102,2016,46,600,13.32,0,0,0,0,544.8
102,2016,46,700,13.32,0,0,0,0,496.8
102,2016,46,800,13.33,0,0,0,0,457
102,2016,46,900,13.35,0,0,0,0,347.5
102,2016,46,1000,13.35,0,0,0,0,264.5
102,2016,46,1100,13.35,0,0,0,0,270.7
102,2016,46,1200,13.33,0,0,0,0,419.4
102,2016,46,1300,13.32,0,0,0,.15,571.5
102,2016,46,1400,13.3,0,0,0,1,663.5
102,2016,46,1500,13.3,0,0,0,1,734
102,2016,46,1600,13.28,0,0,0,1,832
102,2016,46,1700,13.26,0,0,0,1,986
102,2016,46,1800,13.25,0,0,0,1,1119
102,2016,46,1900,13.24,0,0,0,1,1165
102,2016,46,2000,13.23,0,0,0,1,1167
102,2016,46,2100,13.25,0,0,0,1,1107
102,2016,46,2200,13.25,0,0,0,1,1006
102,2016,46,2300,13.26,0,0,0,1,932
101,2016,46,2400,13.23,0,0,0,12.31
102,2016,46,2400,13.27,0,0,0,1,879
102,2016,47,100,13.27,0,0,0,1,822
102,2016,47,200,13.28,0,0,0,1,768
102,2016,47,300,13.28,0,0,0,1,713
102,2016,47,400,13.28,0,0,0,.5,662.1
102,2016,47,500,13.3,0,0,0,0,602.3
102,2016,47,600,13.3,0,0,0,0,554.9
102,2016,47,700,13.3,0,0,0,0,516.3
102,2016,47,800,13.31,0,0,0,0,467
102,2016,47,900,13.33,0,0,0,0,289.7
102,2016,47,1000,13.35,0,0,0,0,115.2
102,2016,47,1100,13.34,0,0,0,0,156
102,2016,47,1200,13.31,0,0,0,0,324.4
102,2016,47,1300,13.29,0,0,0,.583,576.5
102,2016,47,1400,13.26,0,0,0,1,842
102,2016,47,1500,13.25,0,0,0,1,1074
102,2016,47,1600,13.24,0,0,0,1,1118
102,2016,47,1700,13.23,0,0,0,1,1166
102,2016,47,1800,13.22,0,0,0,1,1246
102,2016,47,1900,13.22,0,0,0,1,1286
102,2016,47,2000,13.22,0,0,0,1,1269
102,2016,47,2100,13.22,0,0,0,1,1196
102,2016,47,2200,12.5,0,0,0,1,1059
102,2016,47,2300,13.25,0,0,0,1,982
101,2016,47,2400,12.49,0,0,0,15.08
102,2016,47,2400,12.49,0,0,0,1,916
102,2016,48,100,12.49,0,0,0,1,866
102,2016,48,200,13.27,0,0,0,1,818
102,2016,48,300,13.28,0,0,0,.35,695
102,2016,48,400,13.29,0,0,0,0,564.5
102,2016,48,500,13.3,0,0,0,0,479.9
102,2016,48,600,13.32,0,0,0,0,410.1
102,2016,48,700,13.33,0,0,0,0,348.1
102,2016,48,800,13.34,0,0,0,0,277.9
102,2016,48,900,13.36,0,0,0,0,140.7
102,2016,48,1000,13.36,0,0,0,0,152.1
102,2016,48,1100,13.33,0,0,0,0,312.7
102,2016,48,1200,13.3,0,0,0,.017,510.6
102,2016,48,1300,13.27,0,0,0,1,802
102,2016,48,1400,13.25,0,0,0,1,1001
102,2016,48,1500,13.24,0,0,0,1,1124
102,2016,48,1600,13.22,0,0,0,1,1209
102,2016,48,1700,13.21,0,0,0,1,1265
102,2016,48,1800,13.2,0,0,0,1,1298
102,2016,48,1900,13.2,0,0,0,1,1299
102,2016,48,2000,13.21,0,0,0,1,1257
102,2016,48,2100,13.22,0,0,0,1,1204
102,2016,48,2200,13.23,0,0,0,1,1154
102,2016,48,2300,13.23,0,0,0,1,1110
101,2016,48,2400,12.49,0,0,0,14.36
102,2016,48,2400,13.25,0,0,0,1,1062
102,2016,49,100,13.25,0,0,0,1,1017
102,2016,49,200,13.26,0,0,0,1,960
102,2016,49,300,13.27,0,0,0,1,885
102,2016,49,400,13.27,0,0,0,1,809
102,2016,49,500,13.29,0,0,0,.516,724
102,2016,49,600,13.3,0,0,0,0,629.1
102,2016,49,700,13.3,0,0,0,0,579.3
102,2016,49,800,13.3,0,0,0,0,521
102,2016,49,900,13.3,0,0,0,0,359.6
102,2016,49,1000,13.28,0,0,0,0,445.6
102,2016,49,1100,13.29,0,0,0,0,527
102,2016,49,1200,13.27,0,0,0,.4,615.3
102,2016,49,1300,13.25,0,0,0,1,842
102,2016,49,1400,13.24,0,0,0,1,1076
102,2016,49,1500,13.22,0,0,0,1,1211
102,2016,49,1600,13.21,0,0,0,1,1270
102,2016,49,1700,13.2,0,0,0,1,1301
102,2016,49,1800,13.19,0,0,0,1,1328
102,2016,49,1900,13.19,0,0,0,1,1355
102,2016,49,2000,13.19,0,0,0,1,1345
102,2016,49,2100,13.2,0,0,0,1,1290
102,2016,49,2200,13.21,0,0,0,1,1220
102,2016,49,2300,13.22,0,0,0,1,1184
101,2016,49,2400,13.19,0,0,0,16.91
102,2016,49,2400,13.22,0,0,0,1,1144
102,2016,50,100,13.23,0,0,0,1,1070
102,2016,50,200,13.23,0,0,0,1,1016
102,2016,50,300,13.24,0,0,0,1,953
102,2016,50,400,13.25,0,0,0,1,896
102,2016,50,500,13.25,0,0,0,1,837
102,2016,50,600,13.25,0,0,0,1,795
102,2016,50,700,13.27,0,0,0,1,738
102,2016,50,800,13.27,0,0,0,.65,667.5
102,2016,50,900,13.29,0,0,0,0,499
102,2016,50,1000,13.3,0,0,0,0,365.6
102,2016,50,1100,13.29,0,0,0,0,338.9
102,2016,50,1200,13.28,0,0,0,0,463.8
102,2016,50,1300,13.26,0,0,0,.783,661.2
102,2016,50,1400,13.24,0,0,0,1,869
102,2016,50,1500,13.24,0,0,0,1,1032
102,2016,50,1600,13.25,0,0,0,.616,718
102,2016,50,1700,13.29,0,0,0,0,436.5
102,2016,50,1800,13.31,0,0,0,0,359.1
102,2016,50,1900,13.31,0,0,0,0,337.8
102,2016,50,2000,13.31,0,0,0,0,277
102,2016,50,2100,13.32,0,0,0,0,257.7
102,2016,50,2200,13.31,0,0,0,0,265
102,2016,50,2300,13.31,0,0,0,0,270.5
101,2016,50,2400,13.23,0,0,0,11.05
102,2016,50,2400,13.32,0,0,0,0,266.9
102,2016,51,100,13.32,0,0,0,0,258.5
102,2016,51,200,13.32,0,0,0,0,249
102,2016,51,300,13.32,0,0,0,0,233.8
102,2016,51,400,13.32,0,0,0,0,225
102,2016,51,500,13.32,0,0,0,0,215.1
102,2016,51,600,13.32,0,0,0,0,197.7
102,2016,51,700,13.33,0,0,0,0,182.7
102,2016,51,800,12.47,0,0,0,0,146.7
102,2016,51,900,13.34,0,0,0,0,112.3
102,2016,51,1000,13.35,0,0,0,0,88.7
102,2016,51,1100,13.36,0,0,0,0,81.9
102,2016,51,1200,13.36,0,0,0,0,69.39
102,2016,51,1300,13.37,0,0,0,0,60.98
102,2016,51,1400,13.37,0,0,0,0,58.92
102,2016,51,1500,13.36,0,0,0,0,51.45
102,2016,51,1600,13.34,0,0,0,0,67.3
102,2016,51,1700,13.33,0,0,0,0,66.03
102,2016,51,1800,13.32,0,0,0,0,83.3
102,2016,51,1900,13.31,0,0,0,0,137.7
102,2016,51,2000,13.3,0,0,0,0,166
102,2016,51,2100,13.3,0,0,0,0,145.5
102,2016,51,2200,13.31,0,0,0,0,132.9
102,2016,51,2300,13.32,0,0,0,0,116.8
101,2016,51,2400,12.47,0,0,0,0
102,2016,51,2400,13.32,0,0,0,0,96
102,2016,52,100,13.32,0,0,0,0,84.9
102,2016,52,200,13.32,0,0,0,0,75.1
102,2016,52,300,13.33,0,0,0,0,68.48
102,2016,52,400,13.33,0,0,0,0,65.8
102,2016,52,500,13.34,0,0,0,0,65.09
102,2016,52,600,13.34,0,0,0,0,66.36
102,2016,52,700,13.34,0,0,0,0,64.78
102,2016,52,800,13.34,0,0,0,0,57.9
102,2016,52,900,13.35,0,0,0,0,30.53
102,2016,52,1000,13.36,0,0,0,0,20.9
102,2016,52,1100,13.35,0,0,0,0,21.42
102,2016,52,1200,13.33,0,0,0,0,33.36
102,2016,52,1300,13.31,0,0,0,0,88.7
102,2016,52,1400,13.29,0,0,0,0,194.9
102,2016,52,1500,13.27,0,0,0,0,371.3
102,2016,52,1600,13.27,0,0,0,0,388.1
102,2016,52,1700,13.29,0,0,0,0,193.8
102,2016,52,1800,12.49,0,0,0,0,131.8
102,2016,52,1900,12.47,0,0,0,0,94.2
102,2016,52,2000,13.32,0,0,0,0,103.1
102,2016,52,2100,13.32,0,0,0,0,105.2
102,2016,52,2200,13.32,0,0,0,0,116.1
102,2016,52,2300,13.32,0,0,0,0,112.1
101,2016,52,2400,12.47,0,0,0,0
102,2016,52,2400,13.32,0,0,0,0,99.1
102,2016,53,100,13.33,0,0,0,0,87
102,2016,53,200,13.33,0,0,0,0,77
102,2016,53,300,13.32,0,0,0,0,77.2
102,2016,53,400,13.33,0,0,0,0,80.9
102,2016,53,500,13.33,0,0,0,0,75.1
102,2016,53,600,13.34,0,0,0,0,72.8
102,2016,53,700,13.34,0,0,0,0,68.59
102,2016,53,800,13.35,0,0,0,0,60.54
102,2016,53,900,13.36,0,0,0,0,37.78
102,2016,53,1000,13.35,0,0,0,0,36.27
102,2016,53,1100,13.34,0,0,0,0,65.52
102,2016,53,1200,13.32,0,0,0,0,104.9
102,2016,53,1300,13.3,0,0,0,0,203.8
102,2016,53,1400,13.29,0,0,0,0,335.1
102,2016,53,1500,13.26,0,0,0,0,501.4
102,2016,53,1600,13.25,0,0,0,.75,671.6
102,2016,53,1700,13.24,0,0,0,1,843
102,2016,53,1800,13.23,0,0,0,1,977
102,2016,53,1900,13.23,0,0,0,1,970
102,2016,53,2000,13.24,0,0,0,1,705
102,2016,53,2100,13.25,0,0,0,.133,582.8
102,2016,53,2200,13.27,0,0,0,0,492.5
102,2016,53,2300,13.27,0,0,0,0,431.3
101,2016,53,2400,13.23,0,0,0,4.881
102,2016,53,2400,13.27,0,0,0,0,415.8
102,2016,54,100,13.27,0,0,0,0,389.7
102,2016,54,200,13.28,0,0,0,0,353.7
102,2016,54,300,13.29,0,0,0,0,313.1
102,2016,54,400,13.29,0,0,0,0,267.2
102,2016,54,500,13.29,0,0,0,0,233.6
102,2016,54,600,13.29,0,0,0,0,211.8
102,2016,54,700,13.29,0,0,0,0,191.4
102,2016,54,800,13.3,0,0,0,0,164
102,2016,54,900,13.32,0,0,0,0,101.4
102,2016,54,1000,13.33,0,0,0,0,81.8
102,2016,54,1100,13.32,0,0,0,0,117.9
102,2016,54,1200,13.3,0,0,0,0,208.2
102,2016,54,1300,13.29,0,0,0,0,404.8
102,2016,54,1400,12.58,0,0,0,.017,572.7
102,2016,54,1500,12.49,0,0,0,.816,725
102,2016,54,1600,13.25,0,0,0,1,852
102,2016,54,1700,12.49,0,0,0,1,795
102,2016,54,1800,13.24,0,0,0,1,869
102,2016,54,1900,13.26,0,0,0,.233,509
102,2016,54,2000,13.27,0,0,0,0,324.4
102,2016,54,2100,13.28,0,0,0,0,259.5
102,2016,54,2200,13.28,0,0,0,0,214.7
102,2016,54,2300,13.29,0,0,0,0,198.4
101,2016,54,2400,12.49,0,0,0,4.065
102,2016,54,2400,13.29,0,0,0,0,183.5
102,2016,55,100,13.29,0,0,0,0,185.3
102,2016,55,200,13.29,0,0,0,0,168.7
102,2016,55,300,13.3,0,0,0,0,151.7
102,2016,55,400,13.3,0,0,0,0,139.2
102,2016,55,500,13.3,0,0,0,0,134.7
102,2016,55,600,13.31,0,0,0,0,123
102,2016,55,700,13.31,0,0,0,0,117.8
102,2016,55,800,13.32,0,0,0,0,115.7
102,2016,55,900,13.33,0,0,0,0,86
102,2016,55,1000,13.34,0,0,0,0,64.41
102,2016,55,1100,13.32,0,0,0,0,109.8
102,2016,55,1200,13.31,0,0,0,0,173.4
102,2016,55,1300,13.29,0,0,0,0,329.2
102,2016,55,1400,13.27,0,0,0,0,441.9
102,2016,55,1500,13.26,0,0,0,.117,600.7
102,2016,55,1600,13.25,0,0,0,1,721
102,2016,55,1700,13.24,0,0,0,1,855
102,2016,55,1800,13.23,0,0,0,1,1001
102,2016,55,1900,13.23,0,0,0,1,1046
102,2016,55,2000,13.23,0,0,0,1,991
102,2016,55,2100,13.23,0,0,0,1,938
102,2016,55,2200,13.24,0,0,0,1,859
102,2016,55,2300,13.25,0,0,0,1,772
101,2016,55,2400,13.23,0,0,0,9.11
102,2016,55,2400,13.26,0,0,0,1,707
102,2016,56,100,13.27,0,0,0,.383,632.7
102,2016,56,200,13.27,0,0,0,0,549.6
102,2016,56,300,13.28,0,0,0,0,490.4
102,2016,56,400,13.29,0,0,0,0,444.3
102,2016,56,500,13.29,0,0,0,0,399.5
102,2016,56,600,13.29,0,0,0,0,378.7
102,2016,56,700,13.3,0,0,0,0,372
102,2016,56,800,13.3,0,0,0,0,340.9
102,2016,56,900,13.32,0,0,0,0,225.6
102,2016,56,1000,13.34,0,0,0,0,144.3
102,2016,56,1100,13.36,0,0,0,0,107.8
102,2016,56,1200,13.37,0,0,0,0,63.01
102,2016,56,1300,13.37,0,0,0,0,25.52
102,2016,56,1400,13.36,0,0,0,0,.739
102,2016,56,1500,13.36,0,0,0,0,16.11
102,2016,56,1600,13.34,0,0,0,0,29.5
102,2016,56,1700,13.32,0,0,0,0,66.9
102,2016,56,1800,13.3,0,0,0,0,94.7
102,2016,56,1900,13.29,0,0,0,0,178.4
102,2016,56,2000,13.29,0,0,0,0,228
102,2016,56,2100,13.29,0,0,0,0,197.8
102,2016,56,2200,13.3,0,0,0,0,168.8
102,2016,56,2300,13.3,0,0,0,0,155.8
101,2016,56,2400,13.27,0,0,0,.383
102,2016,56,2400,13.31,0,0,0,0,148.3
102,2016,57,100,13.32,0,0,0,0,136.9
102,2016,57,200,13.32,0,0,0,0,128.1
102,2016,57,300,13.33,0,0,0,0,120.4
102,2016,57,400,13.33,0,0,0,0,114.9
102,2016,57,500,13.34,0,0,0,0,115.6
102,2016,57,600,13.34,0,0,0,0,118.6
102,2016,57,700,13.35,0,0,0,0,115.1
102,2016,57,800,13.35,0,0,0,0,106.5
102,2016,57,900,13.37,0,0,0,0,47.88
102,2016,57,1000,13.37,0,0,0,0,18.86
102,2016,57,1100,13.36,0,0,0,0,37.33
102,2016,57,1200,13.35,0,0,0,0,52.35
102,2016,57,1300,13.34,0,0,0,0,78
102,2016,57,1400,13.32,0,0,0,0,139.3
102,2016,57,1500,13.3,0,0,0,0,294.6
102,2016,57,1600,13.28,0,0,0,.35,558.2
102,2016,57,1700,13.26,0,0,0,1,749
102,2016,57,1800,13.25,0,0,0,1,889
102,2016,57,1900,13.24,0,0,0,1,978
102,2016,57,2000,13.24,0,0,0,1,1000
102,2016,57,2100,13.24,0,0,0,1,874
102,2016,57,2200,13.25,0,0,0,1,760
102,2016,57,2300,13.26,0,0,0,1,683.6
101,2016,57,2400,13.24,0,0,0,7.61
102,2016,57,2400,13.27,0,0,0,.267,576.7
102,2016,58,100,13.27,0,0,0,0,512.2
102,2016,58,200,13.27,0,0,0,0,456.3
102,2016,58,300,13.29,0,0,0,0,389.5
102,2016,58,400,13.29,0,0,0,0,339.3
102,2016,58,500,13.29,0,0,0,0,312
102,2016,58,600,13.3,0,0,0,0,289.1
102,2016,58,700,13.3,0,0,0,0,268.7
102,2016,58,800,13.31,0,0,0,0,244.6
102,2016,58,900,13.32,0,0,0,0,159.8
102,2016,58,1000,13.34,0,0,0,0,102.2
102,2016,58,1100,13.34,0,0,0,0,69.85
102,2016,58,1200,13.34,0,0,0,0,43.52
102,2016,58,1300,13.36,0,0,0,0,14.81
102,2016,58,1400,13.36,0,0,0,0,6.563
102,2016,58,1500,13.35,0,0,0,0,13.94
102,2016,58,1600,13.33,0,0,0,0,18.92
102,2016,58,1700,13.3,0,0,0,0,62.39
102,2016,58,1800,13.29,0,0,0,0,179.4
102,2016,58,1900,13.27,0,0,0,0,302.8
102,2016,58,2000,13.27,0,0,0,0,357.1
102,2016,58,2100,13.27,0,0,0,0,327.1
102,2016,58,2200,13.28,0,0,0,0,246
102,2016,58,2300,13.29,0,0,0,0,210.3
101,2016,58,2400,13.27,0,0,0,0
102,2016,58,2400,13.3,0,0,0,0,190.8
102,2016,59,100,13.3,0,0,0,0,186.5
102,2016,59,200,13.31,0,0,0,0,168
102,2016,59,300,13.32,0,0,0,0,151.2
102,2016,59,400,13.32,0,0,0,0,140.6
102,2016,59,500,13.32,0,0,0,0,125.6
102,2016,59,600,13.32,0,0,0,0,117.4
102,2016,59,700,13.33,0,0,0,0,121.8
102,2016,59,800,13.34,0,0,0,0,118
102,2016,59,900,13.35,0,0,0,0,87.9
102,2016,59,1000,13.34,0,0,0,0,99.7
102,2016,59,1100,13.34,0,0,0,0,150.1
102,2016,59,1200,13.32,0,0,0,0,151.6
102,2016,59,1300,13.3,0,0,0,0,208.3
102,2016,59,1400,13.29,0,0,0,0,306.7
102,2016,59,1500,13.27,0,0,0,0,450.2
102,2016,59,1600,13.25,0,0,0,.583,633.8
102,2016,59,1700,13.23,0,0,0,1,789
102,2016,59,1800,13.23,0,0,0,1,918
102,2016,59,1900,13.23,0,0,0,1,963
102,2016,59,2000,13.23,0,0,0,1,972
102,2016,59,2100,13.24,0,0,0,1,910
102,2016,59,2200,13.25,0,0,0,1,816
102,2016,59,2300,13.25,0,0,0,1,747
101,2016,59,2400,13.23,0,0,0,8.58
102,2016,59,2400,13.26,0,0,0,1,711
102,2016,60,100,13.27,0,0,0,1,661.5
102,2016,60,200,13.28,0,0,0,.033,586.3
102,2016,60,300,13.28,0,0,0,0,511.8
102,2016,60,400,13.29,0,0,0,0,451
102,2016,60,500,13.29,0,0,0,0,403.6
102,2016,60,600,13.3,0,0,0,0,372.2
102,2016,60,700,12.47,0,0,219.53,0,330.1
102,2016,60,800,12.45,0,0,2554.1,0,286.6
102,2016,60,900,12.45,0,0,0,0,181.4
102,2016,60,1000,12.45,0,0,0,0,120.5
102,2016,60,1100,12.45,0,0,0,0,238.5
102,2016,60,1200,12.46,0,0,0,0,443.7
102,2016,60,1300,13.28,0,0,0,0,563
102,2016,60,1400,13.27,0,0,0,0,554.4
102,2016,60,1500,13.26,0,0,0,.6,618.7
102,2016,60,1600,13.25,0,0,0,1,725
102,2016,60,1700,13.23,0,0,0,1,920
102,2016,60,1800,12.51,0,0,0,1,1067
102,2016,60,1900,12.51,0,0,0,1,1112
102,2016,60,2000,13.23,0,0,0,1,1090
102,2016,60,2100,13.23,0,0,0,1,1001
102,2016,60,2200,13.24,0,0,0,1,916
102,2016,60,2300,13.25,0,0,0,1,794
101,2016,60,2400,12.45,0,0,2773.7,10.63
102,2016,60,2400,13.25,0,0,0,1,678
102,2016,61,100,13.26,0,0,0,.9,605.2
102,2016,61,200,13.26,0,0,0,0,548.4
102,2016,61,300,13.26,0,0,0,0,505.6
102,2016,61,400,13.27,0,0,0,0,467.4
102,2016,61,500,13.28,0,0,0,0,464.8
102,2016,61,600,13.28,0,0,0,0,416.8
102,2016,61,700,13.29,0,0,0,0,370
102,2016,61,800,13.29,0,0,0,0,319.7
102,2016,61,900,13.31,0,0,0,0,207.5
102,2016,61,1000,13.32,0,0,0,0,154.6
102,2016,61,1100,13.3,0,0,0,0,228.6
102,2016,61,1200,13.29,0,0,0,0,449.4
102,2016,61,1300,13.27,0,0,0,.75,651.3
102,2016,61,1400,13.26,0,0,0,1,782
102,2016,61,1500,13.25,0,0,0,1,823
102,2016,61,1600,13.24,0,0,0,1,871
102,2016,61,1700,13.23,0,0,0,1,951
102,2016,61,1800,13.24,0,0,0,1,885
102,2016,61,1900,13.25,0,0,0,1,792
102,2016,61,2000,13.25,0,0,0,1,802
102,2016,61,2100,13.25,0,0,0,1,800
102,2016,61,2200,13.25,0,0,0,1,753
102,2016,61,2300,13.25,0,0,0,1,681.2
101,2016,61,2400,13.23,0,0,0,12.28
102,2016,61,2400,13.26,0,0,0,.633,585.8
102,2016,62,100,13.27,0,0,0,0,535.3
102,2016,62,200,13.27,0,0,0,0,499.3
102,2016,62,300,13.28,0,0,0,0,450
102,2016,62,400,13.28,0,0,0,0,401.9
102,2016,62,500,13.29,0,0,0,0,361.5
102,2016,62,600,13.29,0,0,0,0,340.4
102,2016,62,700,13.3,0,0,0,0,358.7
102,2016,62,800,13.3,0,0,0,0,348
102,2016,62,900,13.31,0,0,0,0,289
102,2016,62,1000,13.31,0,0,0,0,236.2
102,2016,62,1100,13.3,0,0,0,0,306.9
102,2016,62,1200,13.29,0,0,0,0,484.2
102,2016,62,1300,13.27,0,0,0,1,671.9
102,2016,62,1400,13.25,0,0,0,1,803
102,2016,62,1500,13.23,0,0,0,1,957
102,2016,62,1600,13.22,0,0,0,1,1080
102,2016,62,1700,13.21,0,0,0,1,1187
102,2016,62,1800,13.21,0,0,0,1,1193
102,2016,62,1900,13.22,0,0,0,1,1171
102,2016,62,2000,13.22,0,0,0,1,1125
102,2016,62,2100,13.22,0,0,0,1,1101
102,2016,62,2200,12.61,0,0,0,1,1100
102,2016,62,2300,13.25,0,0,0,1,996
101,2016,62,2400,12.61,0,0,0,12
102,2016,62,2400,13.25,0,0,0,1,878
102,2016,63,100,13.25,0,0,0,1,779
102,2016,63,200,13.26,0,0,0,1,726
102,2016,63,300,13.27,0,0,0,1,700
102,2016,63,400,13.29,0,0,0,1,621.2
102,2016,63,500,13.29,0,0,0,.25,570
102,2016,63,600,13.3,0,0,0,0,528.9
102,2016,63,700,13.29,0,0,0,0,489.2
102,2016,63,800,13.3,0,0,0,0,437.4
102,2016,63,900,13.32,0,0,0,0,316.7
102,2016,63,1000,13.33,0,0,0,0,248.4
102,2016,63,1100,13.34,0,0,0,0,223.3
102,2016,63,1200,13.32,0,0,0,0,219.7
102,2016,63,1300,12.46,0,0,0,0,238.2
102,2016,63,1400,12.45,0,0,0,0,145.9
102,2016,63,1500,13.35,0,0,0,0,88.8
102,2016,63,1600,13.35,0,0,0,0,67.46
102,2016,63,1700,13.35,0,0,0,0,69.32
102,2016,63,1800,13.33,0,0,0,0,96
102,2016,63,1900,13.32,0,0,0,0,184.5
102,2016,63,2000,13.3,0,0,0,0,268.7
102,2016,63,2100,13.31,0,0,0,0,285.9
102,2016,63,2200,13.31,0,0,0,0,270.7
102,2016,63,2300,13.31,0,0,0,0,261
101,2016,63,2400,12.45,0,0,0,4.248
102,2016,63,2400,13.31,0,0,0,0,253.3
102,2016,64,100,13.31,0,0,0,0,250.6
102,2016,64,200,13.32,0,0,0,0,241.9
102,2016,64,300,13.32,0,0,0,0,225
102,2016,64,400,13.32,0,0,0,0,214.8
102,2016,64,500,13.33,0,0,0,0,208.7
102,2016,64,600,13.33,0,0,0,0,201
102,2016,64,700,13.34,0,0,0,0,193.7
102,2016,64,800,13.34,0,0,0,0,186.5
102,2016,64,900,13.36,0,0,0,0,148.5
102,2016,64,1000,13.37,0,0,0,0,82.4
102,2016,64,1100,13.35,0,0,0,0,82.7
102,2016,64,1200,13.33,0,0,0,0,169.6
102,2016,64,1300,13.31,0,0,0,0,300.5
102,2016,64,1400,13.31,0,0,0,0,328.5
102,2016,64,1500,13.29,0,0,0,0,382.8
102,2016,64,1600,13.27,0,0,0,.333,514
102,2016,64,1700,13.25,0,0,0,1,722
102,2016,64,1800,13.25,0,0,0,1,898
102,2016,64,1900,13.26,0,0,0,1,789
102,2016,64,2000,13.27,0,0,0,1,686.8
102,2016,64,2100,13.27,0,0,0,1,619.4
102,2016,64,2200,13.28,0,0,0,.45,558
102,2016,64,2300,13.28,0,0,0,0,509.2
101,2016,64,2400,13.25,0,0,0,5.781
102,2016,64,2400,13.29,0,0,0,0,451.8
102,2016,65,100,13.3,0,0,0,0,410.2
102,2016,65,200,13.3,0,0,0,0,369.2
102,2016,65,300,13.31,0,0,0,0,341.4
102,2016,65,400,13.32,0,0,0,0,336.8
102,2016,65,500,13.32,0,0,0,0,319.1
102,2016,65,600,13.33,0,0,0,0,309.9
102,2016,65,700,13.33,0,0,0,0,288.7
102,2016,65,800,13.34,0,0,0,0,266.4
102,2016,65,900,13.36,0,0,0,0,168.8
102,2016,65,1000,13.36,0,0,0,0,135.1
102,2016,65,1100,13.34,0,0,0,0,157.6
102,2016,65,1200,13.31,0,0,0,0,244.9
102,2016,65,1300,13.29,0,0,0,0,404.6
102,2016,65,1400,13.27,0,0,0,.6,581.3
102,2016,65,1500,13.25,0,0,0,1,757
102,2016,65,1600,13.23,0,0,0,1,929
102,2016,65,1700,13.22,0,0,0,1,1107
102,2016,65,1800,13.22,0,0,0,1,1212
102,2016,65,1900,13.22,0,0,0,1,1281
102,2016,65,2000,13.22,0,0,0,1,1303
102,2016,65,2100,13.22,0,0,0,1,1284
102,2016,65,2200,13.24,0,0,0,1,1242
102,2016,65,2300,13.25,0,0,0,1,1207
101,2016,65,2400,13.22,0,0,0,10.6
102,2016,65,2400,13.26,0,0,0,1,1175
102,2016,66,100,13.27,0,0,0,1,1126
102,2016,66,200,13.27,0,0,0,1,1046
102,2016,66,300,13.28,0,0,0,1,940
102,2016,66,400,13.29,0,0,0,1,846
102,2016,66,500,13.3,0,0,0,1,766
102,2016,66,600,13.31,0,0,0,1,691
102,2016,66,700,13.32,0,0,0,.583,617
102,2016,66,800,13.32,0,0,0,0,537.9
102,2016,66,900,13.34,0,0,0,0,407.6
102,2016,66,1000,13.3,0,0,0,.383,550.5
102,2016,66,1100,13.3,0,0,0,1,790
102,2016,66,1200,13.28,0,0,0,1,706
102,2016,66,1300,12.74,0,0,0,1,786
102,2016,66,1400,12.61,0,0,0,1,926
102,2016,66,1500,13.23,0,0,0,1,1075
102,2016,66,1600,13.22,0,0,0,1,1179
102,2016,66,1700,13.2,0,0,0,1,1238
102,2016,66,1800,13.2,0,0,0,1,1291
102,2016,66,1900,13.2,0,0,0,1,1313
102,2016,66,2000,13.2,0,0,0,1,1319
102,2016,66,2100,13.2,0,0,0,1,1295
102,2016,66,2200,13.21,0,0,0,1,1252
102,2016,66,2300,13.22,0,0,0,1,1211
101,2016,66,2400,12.61,0,0,0,20.96
102,2016,66,2400,13.23,0,0,0,1,1167
102,2016,67,100,13.23,0,0,0,1,1126
102,2016,67,200,13.24,0,0,0,1,1063
102,2016,67,300,13.25,0,0,0,1,981
102,2016,67,400,13.26,0,0,0,1,905
102,2016,67,500,13.27,0,0,0,1,841
102,2016,67,600,13.27,0,0,0,1,773
102,2016,67,700,13.28,0,0,0,1,708
102,2016,67,800,13.29,0,0,0,.766,637.6
102,2016,67,900,13.31,0,0,0,0,457.1
102,2016,67,1000,13.33,0,0,0,0,312
102,2016,67,1100,13.31,0,0,0,0,336.2
102,2016,67,1200,13.28,0,0,0,.183,487.1
102,2016,67,1300,13.26,0,0,0,1,738
102,2016,67,1400,13.25,0,0,0,1,930
102,2016,67,1500,13.23,0,0,0,1,1049
102,2016,67,1600,13.22,0,0,0,1,1161
102,2016,67,1700,13.2,0,0,0,1,1235
102,2016,67,1800,13.2,0,0,0,1,1265
102,2016,67,1900,13.22,0,0,0,1,1182
102,2016,67,2000,13.24,0,0,0,1,999
102,2016,67,2100,13.25,0,0,0,1,913
102,2016,67,2200,13.25,0,0,0,1,870
102,2016,67,2300,13.25,0,0,0,1,722
101,2016,67,2400,13.2,0,0,0,19.94
102,2016,67,2400,13.25,0,0,0,1,664.4
102,2016,68,100,13.27,0,0,0,1,634.7
102,2016,68,200,13.27,0,0,0,1,611.4
102,2016,68,300,13.27,0,0,0,1,595.7
102,2016,68,400,13.29,0,0,0,.3,543.9
102,2016,68,500,13.29,0,0,0,0,509.4
102,2016,68,600,13.29,0,0,0,0,459.3
102,2016,68,700,13.3,0,0,0,0,409.8
102,2016,68,800,13.31,0,0,0,0,331
102,2016,68,900,12.46,0,0,0,0,187.2
102,2016,68,1000,12.45,0,0,0,0,113.8
102,2016,68,1100,13.35,0,0,0,0,88.5
102,2016,68,1200,13.37,0,0,0,0,73.5
102,2016,68,1300,13.36,0,0,0,0,56.28
102,2016,68,1400,13.36,0,0,0,0,52.63
102,2016,68,1500,13.36,0,0,0,0,51.58
102,2016,68,1600,13.34,0,0,0,0,53
102,2016,68,1700,13.34,0,0,0,0,62.11
102,2016,68,1800,13.34,0,0,0,0,76.8
102,2016,68,1900,13.33,0,0,0,0,96.5
102,2016,68,2000,13.33,0,0,0,0,122.9
102,2016,68,2100,13.34,0,0,0,0,122.4
102,2016,68,2200,13.33,0,0,0,0,121.9
102,2016,68,2300,13.33,0,0,0,0,130.3
101,2016,68,2400,12.45,0,0,0,3.299
102,2016,68,2400,13.34,0,0,0,0,137.3
102,2016,69,100,13.34,0,0,0,0,134.7
102,2016,69,200,13.34,0,0,0,0,138.1
102,2016,69,300,13.35,0,0,0,0,131.9
102,2016,69,400,13.35,0,0,0,0,126.6
102,2016,69,500,13.35,0,0,0,0,122.4
102,2016,69,600,12.52,0,0,0,0,108.8
102,2016,69,700,12.45,0,0,0,0,102.8
102,2016,69,800,12.44,0,0,0,0,109.7
102,2016,69,900,12.44,0,0,0,0,88.8
102,2016,69,1000,12.44,0,0,0,0,45.63
102,2016,69,1100,13.37,0,0,0,0,18.88
102,2016,69,1200,13.36,0,0,0,0,34.23
102,2016,69,1300,12.49,0,0,0,0,101.5
102,2016,69,1400,13.34,0,0,0,0,163.1
102,2016,69,1500,13.34,0,0,0,0,194.3
102,2016,69,1600,13.33,0,0,0,0,187.7
102,2016,69,1700,13.32,0,0,0,0,206.7
102,2016,69,1800,13.32,0,0,0,0,225
102,2016,69,1900,13.33,0,0,0,0,180.9
102,2016,69,2000,13.32,0,0,0,0,180.8
102,2016,69,2100,13.33,0,0,0,0,211.7
102,2016,69,2200,13.33,0,0,0,0,199.4
102,2016,69,2300,13.34,0,0,0,0,159.5
101,2016,69,2400,12.44,0,0,0,0
102,2016,69,2400,13.34,0,0,0,0,129.2
102,2016,70,100,13.34,0,0,0,0,103.3
102,2016,70,200,13.34,0,0,0,0,86.2
102,2016,70,300,13.35,0,0,0,0,74.9
102,2016,70,400,13.35,0,0,0,0,75.8
102,2016,70,500,13.36,0,0,0,0,82.1
102,2016,70,600,13.36,0,0,0,0,77.2
102,2016,70,700,13.36,0,0,0,0,67.32
102,2016,70,800,13.36,0,0,1.7006,0,46.64
102,2016,70,900,13.38,0,0,0,0,28.81
102,2016,70,1000,13.35,0,0,0,0,20.12
102,2016,70,1100,13.36,0,0,0,0,55.69
102,2016,70,1200,13.33,0,0,0,0,86.1
102,2016,70,1300,13.31,0,0,0,0,215
102,2016,70,1400,13.29,0,0,0,0,398.3
102,2016,70,1500,13.27,0,0,0,.233,561.1
102,2016,70,1600,13.25,0,0,0,1,800
102,2016,70,1700,13.24,0,0,0,1,939
102,2016,70,1800,13.23,0,0,0,1,1015
102,2016,70,1900,13.23,0,0,0,1,1083
102,2016,70,2000,13.24,0,0,0,1,1016
102,2016,70,2100,13.25,0,0,0,1,938
102,2016,70,2200,13.26,0,0,0,1,891
102,2016,70,2300,13.27,0,0,0,1,828
101,2016,70,2400,13.23,0,0,1.7006,9.23
102,2016,70,2400,13.27,0,0,0,1,768
102,2016,71,100,13.28,0,0,0,1,711
102,2016,71,200,13.29,0,0,0,.916,622.6
102,2016,71,300,13.29,0,0,0,0,542.8
102,2016,71,400,13.29,0,0,0,0,492.5
102,2016,71,500,13.3,0,0,0,0,428.1
102,2016,71,600,13.31,0,0,0,0,378.5
102,2016,71,700,13.31,0,0,0,0,330.9
102,2016,71,800,13.32,0,0,0,0,298
102,2016,71,900,13.32,0,0,0,0,197.4
102,2016,71,1000,13.32,0,0,0,0,217.1
102,2016,71,1100,13.31,0,0,0,0,396.3
102,2016,71,1200,13.29,0,0,0,0,484.7
102,2016,71,1300,13.28,0,0,0,.766,610.8
102,2016,71,1400,13.26,0,0,0,1,666.4
102,2016,71,1500,13.25,0,0,0,1,763
102,2016,71,1600,13.25,0,0,0,1,890
102,2016,71,1700,13.23,0,0,0,1,954
102,2016,71,1800,13.23,0,0,0,1,1054
102,2016,71,1900,13.22,0,0,0,1,1124
102,2016,71,2000,13.22,0,0,0,1,1166
102,2016,71,2100,13.23,0,0,0,1,1126
102,2016,71,2200,13.23,0,0,0,1,1046
102,2016,71,2300,13.24,0,0,0,1,979
101,2016,71,2400,13.22,0,0,0,13.68
102,2016,71,2400,13.25,0,0,0,1,906
102,2016,72,100,13.25,0,0,0,1,848
102,2016,72,200,13.26,0,0,0,1,796
102,2016,72,300,13.27,0,0,0,1,705
102,2016,72,400,13.27,0,0,0,1,633.6
102,2016,72,500,13.27,0,0,0,.583,572
102,2016,72,600,13.28,0,0,0,0,519.3
102,2016,72,700,13.29,0,0,0,0,429.6
102,2016,72,800,13.3,0,0,0,0,339.3
102,2016,72,900,13.32,0,0,0,0,215
102,2016,72,1000,13.34,0,0,0,0,123.7
102,2016,72,1100,13.34,0,0,0,0,92.8
102,2016,72,1200,13.32,0,0,0,0,208.3
102,2016,72,1300,13.3,0,0,0,0,353.1
102,2016,72,1400,13.29,0,0,0,.317,544.4
102,2016,72,1500,13.27,0,0,0,1,740
102,2016,72,1600,13.25,0,0,0,1,894
102,2016,72,1700,13.25,0,0,0,1,983
102,2016,72,1800,13.24,0,0,0,1,1062
102,2016,72,1900,13.23,0,0,0,1,1100
102,2016,72,2000,13.23,0,0,0,1,1082
102,2016,72,2100,13.23,0,0,0,1,1042
102,2016,72,2200,13.25,0,0,0,1,973
102,2016,72,2300,13.25,0,0,0,1,908
101,2016,72,2400,13.23,0,0,0,14.89
102,2016,72,2400,13.25,0,0,0,1,854
102,2016,73,100,13.26,0,0,0,1,824
102,2016,73,200,13.27,0,0,0,1,721
102,2016,73,300,13.27,0,0,0,1,646.4
102,2016,73,400,13.28,0,0,0,.183,574.2
102,2016,73,500,13.28,0,0,0,0,530
102,2016,73,600,13.29,0,0,0,0,498.2
102,2016,73,700,13.3,0,0,0,0,456.1
102,2016,73,800,13.3,0,0,0,0,436.1
102,2016,73,900,12.46,0,0,0,0,307.4
102,2016,73,1000,12.45,0,0,0,0,371.3
102,2016,73,1100,12.46,0,0,0,.933,621.7
102,2016,73,1200,13.28,0,0,0,1,702
102,2016,73,1300,13.26,0,0,0,1,804
102,2016,73,1400,13.25,0,0,0,1,947
102,2016,73,1500,13.23,0,0,0,1,1076
102,2016,73,1600,13.22,0,0,0,1,1185
102,2016,73,1700,13.21,0,0,0,1,1261
102,2016,73,1800,13.21,0,0,0,1,1287
102,2016,73,1900,12.48,0,0,0,1,1247
102,2016,73,2000,12.47,0,0,0,1,1192
102,2016,73,2100,13.22,0,0,0,1,1154
102,2016,73,2200,13.23,0,0,0,1,1140
102,2016,73,2300,13.23,0,0,0,1,1101
101,2016,73,2400,12.45,0,0,0,17.11
102,2016,73,2400,13.25,0,0,0,1,1046
102,2016,74,100,13.25,0,0,0,1,975
102,2016,74,200,13.26,0,0,0,1,924
102,2016,74,300,13.27,0,0,0,1,858
102,2016,74,400,13.27,0,0,0,1,797
102,2016,74,500,13.28,0,0,0,1,722
102,2016,74,600,13.29,0,0,0,1,663.7
102,2016,74,700,13.29,0,0,0,1,594.9
102,2016,74,800,13.3,0,0,0,.516,560.2
102,2016,74,900,13.3,0,0,0,0,445.2
102,2016,74,1000,13.28,0,0,0,.666,555.3
102,2016,74,1100,13.29,0,0,0,1,614.7
102,2016,74,1200,13.28,0,0,0,1,799
102,2016,74,1300,13.25,0,0,0,1,967
102,2016,74,1400,13.23,0,0,0,1,1100
102,2016,74,1500,13.22,0,0,0,1,1222
102,2016,74,1600,13.22,0,0,0,1,1264
102,2016,74,1700,13.2,0,0,0,1,1315
102,2016,74,1800,13.2,0,0,0,1,1338
102,2016,74,1900,13.2,0,0,0,1,1345
102,2016,74,2000,13.21,0,0,0,1,1288
102,2016,74,2100,13.22,0,0,0,1,1186
102,2016,74,2200,13.23,0,0,0,1,1113
102,2016,74,2300,13.23,0,0,0,1,1085
101,2016,74,2400,13.2,0,0,0,22.17
102,2016,74,2400,13.23,0,0,0,1,1052
102,2016,75,100,13.25,0,0,0,1,1004
102,2016,75,200,13.25,0,0,0,1,978
102,2016,75,300,13.26,0,0,0,1,901
102,2016,75,400,13.27,0,0,0,1,807
102,2016,75,500,13.27,0,0,0,1,742
102,2016,75,600,13.27,0,0,0,1,670.9
102,2016,75,700,13.29,0,0,0,.966,598
102,2016,75,800,13.29,0,0,0,.7,566.9
102,2016,75,900,13.31,0,0,0,0,512.3
102,2016,75,1000,13.29,0,0,0,0,437.3
102,2016,75,1100,13.29,0,0,0,.983,655.8
102,2016,75,1200,13.27,0,0,0,1,828
102,2016,75,1300,13.25,0,0,0,1,962
102,2016,75,1400,13.23,0,0,0,1,1125
102,2016,75,1500,13.22,0,0,0,1,1220
102,2016,75,1600,13.21,0,0,0,1,1285
102,2016,75,1700,13.2,0,0,0,1,1321
102,2016,75,1800,13.2,0,0,0,1,1336
102,2016,75,1900,13.2,0,0,0,1,1329
102,2016,75,2000,13.21,0,0,0,1,1293
102,2016,75,2100,13.22,0,0,0,1,1245
102,2016,75,2200,13.23,0,0,0,1,1210
102,2016,75,2300,12.45,0,0,0,1,1126
101,2016,75,2400,12.45,0,0,0,21.64
102,2016,75,2400,12.45,0,0,0,1,1078
102,2016,76,100,12.46,0,0,0,1,1028
102,2016,76,200,13.25,0,0,0,1,1002
102,2016,76,300,13.27,0,0,0,1,923
102,2016,76,400,13.27,0,0,0,1,876
102,2016,76,500,13.27,0,0,0,1,852
102,2016,76,600,13.28,0,0,0,1,815
102,2016,76,700,13.29,0,0,0,1,761
102,2016,76,800,13.29,0,0,0,1,704
102,2016,76,900,13.31,0,0,0,.283,506
102,2016,76,1000,13.32,0,0,0,0,348.4
102,2016,76,1100,13.3,0,0,0,.167,443.9
102,2016,76,1200,13.28,0,0,0,1,636.1
102,2016,76,1300,13.26,0,0,0,1,885
102,2016,76,1400,13.23,0,0,0,1,1106
102,2016,76,1500,13.22,0,0,0,1,1193
102,2016,76,1600,13.22,0,0,0,1,1245
102,2016,76,1700,13.2,0,0,0,1,1280
102,2016,76,1800,13.2,0,0,0,1,1269
102,2016,76,1900,13.2,0,0,0,1,1250
102,2016,76,2000,13.23,0,0,0,1,1122
102,2016,76,2100,13.23,0,0,0,1,1110
102,2016,76,2200,13.23,0,0,0,1,1113
102,2016,76,2300,13.24,0,0,0,1,1078
101,2016,76,2400,12.46,0,0,0,21.44
102,2016,76,2400,13.24,0,0,0,1,1050
102,2016,77,100,13.25,0,0,0,1,982
102,2016,77,200,13.25,0,0,0,1,919
102,2016,77,300,13.26,0,0,0,1,816
102,2016,77,400,13.27,0,0,0,1,736
102,2016,77,500,13.27,0,0,0,1,664.4
102,2016,77,600,13.3,0,0,0,.167,568.5
102,2016,77,700,13.3,0,0,0,0,506.9
102,2016,77,800,13.3,0,0,0,0,472.7
102,2016,77,900,13.32,0,0,0,0,350.9
102,2016,77,1000,13.29,0,0,0,0,285.9
102,2016,77,1100,13.3,0,0,0,0,396.2
102,2016,77,1200,13.29,0,0,0,0,448.1
102,2016,77,1300,13.26,0,0,0,.883,615.8
102,2016,77,1400,13.25,0,0,0,1,849
102,2016,77,1500,12.46,0,0,0,.5,588
102,2016,77,1600,13.31,0,0,0,0,236.8
102,2016,77,1700,13.3,0,0,0,0,224.3
102,2016,77,1800,13.3,0,0,0,0,285.7
102,2016,77,1900,13.27,0,0,0,0,396.8
102,2016,77,2000,13.27,0,0,0,.133,462
102,2016,77,2100,13.28,0,0,0,.283,479.9
102,2016,77,2200,13.28,0,0,0,0,447.9
102,2016,77,2300,13.29,0,0,0,0,427.3
101,2016,77,2400,12.46,0,0,0,7.96
102,2016,77,2400,13.3,0,0,0,0,375.2
102,2016,78,100,13.3,0,0,0,0,362
102,2016,78,200,13.3,0,0,0,0,380.3
102,2016,78,300,13.31,0,0,0,0,387.2
102,2016,78,400,13.32,0,0,0,0,380.1
102,2016,78,500,13.32,0,0,0,0,357
102,2016,78,600,13.33,0,0,0,0,329.3
102,2016,78,700,13.33,0,0,0,0,284.5
102,2016,78,800,13.34,0,0,0,0,254.3
102,2016,78,900,13.36,0,0,0,0,154.6
102,2016,78,1000,13.32,0,0,0,0,90.4
102,2016,78,1100,13.34,0,0,0,0,187.5
102,2016,78,1200,13.32,0,0,0,0,264.2
102,2016,78,1300,13.31,0,0,0,0,343.8
102,2016,78,1400,13.29,0,0,0,0,486.6
102,2016,78,1500,13.28,0,0,0,.733,626.9
102,2016,78,1600,13.27,0,0,0,1,719
102,2016,78,1700,13.27,0,0,0,1,725
102,2016,78,1800,13.27,0,0,0,1,705
102,2016,78,1900,13.26,0,0,0,1,713
102,2016,78,2000,13.25,0,0,0,1,781
102,2016,78,2100,13.26,0,0,0,1,771
102,2016,78,2200,13.27,0,0,0,1,708
102,2016,78,2300,13.28,0,0,0,.483,609.8
101,2016,78,2400,13.25,0,0,0,8.21
102,2016,78,2400,13.28,0,0,0,0,545.2
102,2016,79,100,13.29,0,0,0,0,471
102,2016,79,200,13.29,0,0,0,0,421.1
102,2016,79,300,13.3,0,0,0,0,376.7
102,2016,79,400,13.3,0,0,0,0,349.3
102,2016,79,500,13.31,0,0,0,0,324.9
102,2016,79,600,13.32,0,0,0,0,315.8
102,2016,79,700,13.32,0,0,0,0,276.7
102,2016,79,800,13.33,0,0,0,0,263.1
102,2016,79,900,13.31,0,0,0,0,226.1
102,2016,79,1000,13.27,0,0,0,0,308.3
102,2016,79,1100,13.29,0,0,0,.117,498.9
102,2016,79,1200,13.29,0,0,0,.05,533.2
102,2016,79,1300,13.28,0,0,0,1,669.4
102,2016,79,1400,13.25,0,0,0,1,902
102,2016,79,1500,13.25,0,0,0,1,1108
102,2016,79,1600,13.23,0,0,0,1,1171
102,2016,79,1700,13.23,0,0,0,1,1163
102,2016,79,1800,13.23,0,0,0,1,1068
102,2016,79,1900,13.24,0,0,0,1,998
102,2016,79,2000,13.23,0,0,0,1,1083
102,2016,79,2100,13.24,0,0,0,1,1035
102,2016,79,2200,13.25,0,0,0,1,971
102,2016,79,2300,13.25,0,0,0,1,890
101,2016,79,2400,13.23,0,0,0,12.16
102,2016,79,2400,13.25,0,0,0,1,831
102,2016,80,100,13.27,0,0,0,1,742
102,2016,80,200,13.28,0,0,0,1,657.6
102,2016,80,300,13.28,0,0,0,.233,596.4
102,2016,80,400,13.29,0,0,0,0,537.5
102,2016,80,500,13.3,0,0,0,0,487.9
102,2016,80,600,13.3,0,0,0,0,436.5
102,2016,80,700,13.31,0,0,0,0,388.7
102,2016,80,800,13.31,0,0,0,0,360.3
102,2016,80,900,13.33,0,0,0,0,254.4
102,2016,80,1000,13.35,0,0,0,0,157.9
102,2016,80,1100,13.33,0,0,0,0,148.5
102,2016,80,1200,13.31,0,0,0,0,237.9
102,2016,80,1300,13.3,0,0,0,0,354.9
102,2016,80,1400,13.27,0,0,0,.466,535.1
102,2016,80,1500,13.25,0,0,0,1,779
102,2016,80,1600,13.23,0,0,0,1,1007
102,2016,80,1700,13.22,0,0,0,1,1152
102,2016,80,1800,13.21,0,0,0,1,1226
102,2016,80,1900,13.21,0,0,0,1,1250
102,2016,80,2000,13.22,0,0,0,1,1158
102,2016,80,2100,13.23,0,0,0,1,1094
102,2016,80,2200,13.24,0,0,0,1,1049
102,2016,80,2300,13.25,0,0,0,1,998
101,2016,80,2400,13.21,0,0,0,12.69
102,2016,80,2400,13.25,0,0,0,1,963
102,2016,81,100,13.26,0,0,0,1,907
102,2016,81,200,13.26,0,0,0,1,900
102,2016,81,300,13.27,0,0,0,1,864
102,2016,81,400,13.27,0,0,0,1,760
102,2016,81,500,13.28,0,0,0,1,682.1
102,2016,81,600,13.29,0,0,0,.616,598.1
102,2016,81,700,13.29,0,0,0,0,519.4
102,2016,81,800,13.3,0,0,0,0,418.5
102,2016,81,900,13.32,0,0,0,0,294.1
102,2016,81,1000,13.32,0,0,0,0,215.4
102,2016,81,1100,13.32,0,0,0,0,183.3
102,2016,81,1200,13.3,0,0,0,0,211.7
102,2016,81,1300,13.28,0,0,0,0,280.9
102,2016,81,1400,13.26,0,0,0,.233,455.9
102,2016,81,1500,13.25,0,0,0,1,619.4
102,2016,81,1600,13.24,0,0,0,1,815
102,2016,81,1700,13.23,0,0,0,1,926
102,2016,81,1800,13.23,0,0,0,1,939
102,2016,81,1900,13.24,0,0,0,1,907
102,2016,81,2000,13.23,0,0,0,1,927
102,2016,81,2100,13.24,0,0,0,1,965
102,2016,81,2200,13.25,0,0,0,1,897
102,2016,81,2300,13.25,0,0,0,1,813
101,2016,81,2400,13.23,0,0,0,15.84
102,2016,81,2400,13.25,0,0,0,1,738
102,2016,82,100,13.26,0,0,0,1,676.9
102,2016,82,200,13.26,0,0,0,1,597.1
102,2016,82,300,13.28,0,0,0,.233,547.2
102,2016,82,400,13.29,0,0,0,0,495.7
102,2016,82,500,13.31,0,0,0,0,387.8
102,2016,82,600,13.31,0,0,0,0,294.8
102,2016,82,700,13.32,0,0,0,0,249.2
102,2016,82,800,13.31,0,0,0,0,249.2
102,2016,82,900,13.32,0,0,0,0,224.7
102,2016,82,1000,13.31,0,0,0,0,212.3
102,2016,82,1100,13.32,0,0,0,0,239
102,2016,82,1200,13.31,0,0,0,0,221.3
102,2016,82,1300,13.3,0,0,0,0,251.4
102,2016,82,1400,13.29,0,0,0,0,347.4
102,2016,82,1500,13.27,0,0,0,.616,510.5
102,2016,82,1600,13.27,0,0,0,1,727
102,2016,82,1700,13.27,0,0,0,1,789
102,2016,82,1800,13.26,0,0,0,1,884
102,2016,82,1900,13.25,0,0,0,1,1044
102,2016,82,2000,13.25,0,0,0,1,1050
102,2016,82,2100,13.26,0,0,0,1,864
102,2016,82,2200,13.27,0,0,0,1,724
102,2016,82,2300,13.27,0,0,0,1,621.1
101,2016,82,2400,13.25,0,0,0,11.85
102,2016,82,2400,13.27,0,0,0,1,567.2
102,2016,83,100,13.27,0,0,0,1,531
102,2016,83,200,13.28,0,0,0,0,478.1
102,2016,83,300,13.28,0,0,0,0,431.5
102,2016,83,400,13.29,0,0,0,0,367.9
102,2016,83,500,13.29,0,0,0,0,332.9
102,2016,83,600,13.3,0,0,0,0,316.6
102,2016,83,700,13.3,0,0,0,0,310.4
102,2016,83,800,13.31,0,0,0,0,298.7
102,2016,83,900,13.32,0,0,0,0,240.8
102,2016,83,1000,13.34,0,0,0,0,189.5
102,2016,83,1100,13.32,0,0,0,0,152.6
102,2016,83,1200,13.31,0,0,0,0,208.3
102,2016,83,1300,13.28,0,0,0,0,382.7
102,2016,83,1400,13.27,0,0,0,.95,601.3
102,2016,83,1500,13.25,0,0,0,1,814
102,2016,83,1600,13.25,0,0,0,1,899
102,2016,83,1700,12.45,0,0,0,.75,638.9
102,2016,83,1800,12.43,0,0,0,0,346.3
102,2016,83,1900,13.3,0,0,0,0,355.2
102,2016,83,2000,13.29,0,0,0,0,417.1
102,2016,83,2100,13.29,0,0,0,0,419.5
102,2016,83,2200,13.29,0,0,0,0,396
102,2016,83,2300,13.29,0,0,0,0,380.6
101,2016,83,2400,12.43,0,0,0,4.698
102,2016,83,2400,13.29,0,0,0,0,374.9
102,2016,84,100,13.3,0,0,0,0,354.7
102,2016,84,200,13.3,0,0,0,0,330.4
102,2016,84,300,13.31,0,0,0,0,310.5
102,2016,84,400,13.31,0,0,0,0,295.2
102,2016,84,500,13.31,0,0,0,0,284.8
102,2016,84,600,13.32,0,0,0,0,272.8
102,2016,84,700,13.32,0,0,0,0,264.9
102,2016,84,800,13.32,0,0,0,0,253.2
102,2016,84,900,13.34,0,0,0,0,189.9
102,2016,84,1000,13.36,0,0,0,0,119.4
102,2016,84,1100,13.36,0,0,0,0,109.6
102,2016,84,1200,13.39,0,0,0,0,97.1
102,2016,84,1300,13.37,0,0,0,0,83.7
102,2016,84,1400,13.36,0,0,0,0,84.8
102,2016,84,1500,13.34,0,0,0,0,82.9
102,2016,84,1600,13.34,0,0,0,0,114.9
102,2016,84,1700,13.32,0,0,0,0,125.9
102,2016,84,1800,13.31,0,0,0,0,153.2
102,2016,84,1900,13.31,0,0,0,0,185.5
102,2016,84,2000,13.31,0,0,50.612,0,196.6
102,2016,84,2100,13.31,0,0,0,0,196.7
102,2016,84,2200,13.32,0,0,0,0,176.3
102,2016,84,2300,13.33,0,0,0,0,161
101,2016,84,2400,13.3,0,0,50.612,0
102,2016,84,2400,13.32,0,0,0,0,159.2
102,2016,85,100,13.33,0,0,0,0,165.6
102,2016,85,200,13.33,0,0,0,0,170.7
102,2016,85,300,13.34,0,0,0,0,166.9
102,2016,85,400,13.34,0,0,0,0,154.7
102,2016,85,500,13.34,0,0,0,0,148
102,2016,85,600,13.35,0,0,0,0,137.5
102,2016,85,700,13.35,0,0,0,0,127.3
102,2016,85,800,13.35,0,0,0,0,125
102,2016,85,900,13.36,0,0,0,0,101.2
102,2016,85,1000,13.36,0,0,0,0,92.1
102,2016,85,1100,13.35,0,0,0,0,100.3
102,2016,85,1200,13.34,0,0,0,0,98.5
102,2016,85,1300,13.32,0,0,0,0,126.9
102,2016,85,1400,13.31,0,0,0,0,215.7
102,2016,85,1500,13.29,0,0,0,0,383.9
102,2016,85,1600,13.27,0,0,0,.7,523.4
102,2016,85,1700,13.25,0,0,0,1,688.3
102,2016,85,1800,13.24,0,0,0,1,824
102,2016,85,1900,13.23,0,0,0,1,931
102,2016,85,2000,13.24,0,0,0,1,1038
102,2016,85,2100,13.25,0,0,0,1,867
102,2016,85,2200,13.25,0,0,0,1,704
102,2016,85,2300,13.26,0,0,0,1,620
101,2016,85,2400,13.23,0,0,0,8.7
102,2016,85,2400,13.27,0,0,0,1,571.3
102,2016,86,100,13.27,0,0,0,.433,545.7
102,2016,86,200,13.27,0,0,0,0,493.6
102,2016,86,300,13.29,0,0,0,0,432.5
102,2016,86,400,13.29,0,0,0,0,388.3
102,2016,86,500,13.3,0,0,0,0,365.9
102,2016,86,600,13.31,0,0,0,0,336.2
102,2016,86,700,13.31,0,0,0,0,304.9
102,2016,86,800,13.31,0,0,0,0,281
102,2016,86,900,13.31,0,0,0,0,209.5
102,2016,86,1000,13.28,0,0,0,0,233.6
102,2016,86,1100,13.3,0,0,0,0,292.4
102,2016,86,1200,13.29,0,0,0,0,371.8
102,2016,86,1300,13.27,0,0,0,0,488.2
102,2016,86,1400,13.25,0,0,0,.783,611.2
102,2016,86,1500,13.24,0,0,0,1,769
102,2016,86,1600,13.24,0,0,0,1,893
102,2016,86,1700,13.22,0,0,0,1,980
102,2016,86,1800,13.21,0,0,0,1,1061
102,2016,86,1900,13.21,0,0,0,1,1130
102,2016,86,2000,13.21,0,0,0,1,1123
102,2016,86,2100,13.22,0,0,0,1,1065
102,2016,86,2200,13.23,0,0,0,1,979
102,2016,86,2300,13.24,0,0,0,1,899
101,2016,86,2400,13.21,0,0,0,11.21
102,2016,86,2400,13.24,0,0,0,1,809
102,2016,87,100,13.25,0,0,0,1,726
102,2016,87,200,13.25,0,0,0,1,655.6
102,2016,87,300,13.26,0,0,0,1,594.3
102,2016,87,400,13.27,0,0,0,.633,565
102,2016,87,500,13.28,0,0,0,.1,534.9
102,2016,87,600,13.29,0,0,0,0,489.7
102,2016,87,700,13.29,0,0,0,0,453.3
102,2016,87,800,13.3,0,0,0,0,411.9
102,2016,87,900,13.31,0,0,0,0,291.9
102,2016,87,1000,13.27,0,0,0,0,239.5
102,2016,87,1100,13.28,0,0,0,0,319.9
102,2016,87,1200,13.27,0,0,0,0,365.4
102,2016,87,1300,13.27,0,0,0,0,402.6
102,2016,87,1400,13.25,0,0,0,.466,499.8
102,2016,87,1500,13.25,0,0,0,1,685
102,2016,87,1600,13.24,0,0,0,1,756
102,2016,87,1700,13.24,0,0,0,1,830
102,2016,87,1800,13.26,0,0,0,1,755
102,2016,87,1900,13.28,0,0,0,.65,546
102,2016,87,2000,13.29,0,0,0,0,448.1
102,2016,87,2100,13.29,0,0,0,0,413.1
102,2016,87,2200,13.29,0,0,0,0,372.8
102,2016,87,2300,13.29,0,0,0,0,322.9
101,2016,87,2400,13.24,0,0,0,8.85
102,2016,87,2400,13.29,0,0,0,0,286.9
102,2016,88,100,13.3,0,0,0,0,283.1
102,2016,88,200,13.3,0,0,0,0,287.3
102,2016,88,300,13.31,0,0,0,0,289.9
102,2016,88,400,13.31,0,0,0,0,302.2
102,2016,88,500,13.32,0,0,0,0,275.8
102,2016,88,600,13.32,0,0,0,0,219.6
102,2016,88,700,13.33,0,0,0,0,201.6
102,2016,88,800,13.33,0,0,0,0,187
102,2016,88,900,13.34,0,0,0,0,138
102,2016,88,1000,13.32,0,0,0,0,105.8
102,2016,88,1100,13.32,0,0,0,0,126.6
102,2016,88,1200,13.3,0,0,0,0,158.1
102,2016,88,1300,13.28,0,0,0,0,268.5
102,2016,88,1400,13.26,0,0,0,0,423.7
102,2016,88,1500,13.25,0,0,0,.367,575.7
102,2016,88,1600,13.24,0,0,0,1,667.6
102,2016,88,1700,13.23,0,0,0,1,740
102,2016,88,1800,13.23,0,0,0,1,858
102,2016,88,1900,13.22,0,0,0,1,922
102,2016,88,2000,13.23,0,0,0,1,937
102,2016,88,2100,13.23,0,0,0,1,871
102,2016,88,2200,13.24,0,0,0,1,790
102,2016,88,2300,13.25,0,0,0,1,721
101,2016,88,2400,13.22,0,0,0,9.36
102,2016,88,2400,13.25,0,0,0,1,679.9
102,2016,89,100,13.26,0,0,0,1,659.6
102,2016,89,200,13.27,0,0,0,1,605.1
102,2016,89,300,13.27,0,0,0,.183,529.3
102,2016,89,400,13.28,0,0,0,0,470.8
102,2016,89,500,13.29,0,0,0,0,428.6
102,2016,89,600,13.29,0,0,0,0,387.2
102,2016,89,700,13.3,0,0,23.068,0,361.3
102,2016,89,800,13.31,0,0,0,0,336.7
102,2016,89,900,13.32,0,0,0,0,253.8
102,2016,89,1000,13.29,0,0,0,0,240.4
102,2016,89,1100,13.29,0,0,0,.167,368
102,2016,89,1200,13.28,0,0,0,0,419.8
102,2016,89,1300,13.27,0,0,0,.483,541.2
102,2016,89,1400,13.25,0,0,0,1,746
102,2016,89,1500,13.24,0,0,0,1,929
102,2016,89,1600,13.23,0,0,0,1,1083
102,2016,89,1700,13.22,0,0,0,1,1198
102,2016,89,1800,13.21,0,0,0,1,1226
102,2016,89,1900,13.22,0,0,0,1,1185
102,2016,89,2000,13.23,0,0,51.903,1,1100
102,2016,89,2100,13.23,0,0,0,1,1050
102,2016,89,2200,13.24,0,0,0,1,999
102,2016,89,2300,13.24,0,0,0,1,938
101,2016,89,2400,13.21,0,0,74.97,13.83
102,2016,89,2400,13.24,0,0,0,1,884
102,2016,90,100,13.25,0,0,0,1,782
102,2016,90,200,13.25,0,0,0,1,732
102,2016,90,300,13.26,0,0,0,1,673.4
102,2016,90,400,13.27,0,0,0,1,618.1
102,2016,90,500,13.27,0,0,0,1,573.2
102,2016,90,600,13.28,0,0,0,.217,535.6
102,2016,90,700,13.29,0,0,0,0,516.4
102,2016,90,800,13.3,0,0,0,0,490.5
102,2016,90,900,13.32,0,0,0,0,325.9
102,2016,90,1000,13.33,0,0,0,0,205.4
102,2016,90,1100,13.35,0,0,0,0,163.9
102,2016,90,1200,13.34,0,0,0,0,134.8
102,2016,90,1300,13.32,0,0,0,0,142.9
102,2016,90,1400,13.32,0,0,0,0,195.5
102,2016,90,1500,13.32,0,0,0,0,226.4
102,2016,90,1600,13.31,0,0,0,0,238.7
102,2016,90,1700,13.3,0,0,0,0,296.8
102,2016,90,1800,13.28,0,0,0,0,377.2
102,2016,90,1900,13.27,0,0,0,0,471
102,2016,90,2000,13.27,0,0,0,.033,483
102,2016,90,2100,13.28,0,0,0,0,459.6
102,2016,90,2200,13.27,0,0,0,0,439
102,2016,90,2300,13.29,0,0,0,0,435.5
101,2016,90,2400,13.25,0,0,0,5.248
102,2016,90,2400,13.29,0,0,0,0,428.9
102,2016,91,100,13.29,0,0,0,0,398.8
102,2016,91,200,13.3,0,0,0,0,377.3
102,2016,91,300,13.3,0,0,0,0,353.8
102,2016,91,400,13.3,0,0,0,0,322
102,2016,91,500,13.3,0,0,0,0,285.8
102,2016,91,600,13.31,0,0,0,0,281
102,2016,91,700,13.32,0,0,0,0,277.5
102,2016,91,800,13.32,0,0,0,0,270.5
102,2016,91,900,13.34,0,0,0,0,224.8
102,2016,91,1000,13.34,0,0,0,0,158.9
102,2016,91,1100,13.32,0,0,0,0,187
102,2016,91,1200,13.31,0,0,0,0,259.9
102,2016,91,1300,13.28,0,0,0,.333,464.6
102,2016,91,1400,13.26,0,0,0,1,683.6
102,2016,91,1500,13.25,0,0,0,1,724
102,2016,91,1600,13.25,0,0,0,1,792
102,2016,91,1700,13.25,0,0,18.51,1,741
102,2016,91,1800,13.25,0,0,0,1,686.5
102,2016,91,1900,13.26,0,0,0,1,585.8
102,2016,91,2000,13.27,0,0,0,.433,492.3
102,2016,91,2100,13.28,0,0,0,0,393.6
102,2016,91,2200,13.29,0,0,0,0,339.1
102,2016,91,2300,13.29,0,0,0,0,316.1
101,2016,91,2400,13.25,0,0,18.51,6.764
102,2016,91,2400,13.3,0,0,0,0,295.4
102,2016,92,100,13.3,0,0,0,0,288.3
102,2016,92,200,13.31,0,0,0,0,262.5
102,2016,92,300,13.31,0,0,0,0,250.3
102,2016,92,400,13.31,0,0,52.968,0,238.8
102,2016,92,500,13.32,0,0,26.793,0,228.6
102,2016,92,600,13.32,0,0,0,0,214.5
102,2016,92,700,13.32,0,0,0,0,203.9
102,2016,92,800,13.32,0,0,0,0,198.1
102,2016,92,900,13.34,0,0,0,0,192.5
102,2016,92,1000,13.37,0,0,0,0,148.9
102,2016,92,1100,13.37,0,0,0,0,128.4
102,2016,92,1200,13.37,0,0,0,0,130.4
102,2016,92,1300,13.36,0,0,0,0,128.7
102,2016,92,1400,13.35,0,0,0,0,122.1
102,2016,92,1500,13.34,0,0,12.735,0,125.9
102,2016,92,1600,13.33,0,0,0,0,181.1
102,2016,92,1700,13.32,0,0,32.417,0,267.6
102,2016,92,1800,13.32,0,0,0,0,297.5
102,2016,92,1900,13.32,0,0,0,0,290
102,2016,92,2000,13.32,0,0,0,0,287.1
102,2016,92,2100,13.33,0,0,0,0,273.2
102,2016,92,2200,13.33,0,0,0,0,241.3
102,2016,92,2300,13.34,0,0,0,0,214.3
101,2016,92,2400,13.3,0,0,124.91,0
102,2016,92,2400,13.34,0,0,0,0,199.2
102,2016,93,100,13.34,0,0,0,0,192
102,2016,93,200,13.34,0,0,0,0,181.2
102,2016,93,300,13.34,0,0,0,0,172.8
102,2016,93,400,13.35,0,0,0,0,170.2
102,2016,93,500,13.36,0,0,0,0,161.7
102,2016,93,600,13.36,0,0,0,0,169.4
102,2016,93,700,13.36,0,0,0,0,165.3
102,2016,93,800,13.36,0,0,0,0,169.1
102,2016,93,900,13.36,0,0,0,0,128.5
102,2016,93,1000,13.3,0,0,42.832,0,136.4
102,2016,93,1100,13.31,0,0,0,0,210.1
102,2016,93,1200,13.31,0,0,0,0,220.5
102,2016,93,1300,13.31,0,0,0,0,272.4
102,2016,93,1400,13.3,0,0,0,0,385.5
102,2016,93,1500,13.29,0,0,0,.033,459.8
102,2016,93,1600,13.28,0,0,0,.95,530.4
102,2016,93,1700,13.27,0,0,0,1,641.8
102,2016,93,1800,13.26,0,0,0,1,717
102,2016,93,1900,13.26,0,0,0,1,787
102,2016,93,2000,13.26,0,0,0,1,775
102,2016,93,2100,12.45,0,0,0,1,634.2
102,2016,93,2200,12.43,0,0,0,1,589.8
102,2016,93,2300,13.28,0,0,0,1,591.6
101,2016,93,2400,12.43,0,0,42.832,8.83
102,2016,93,2400,13.3,0,0,0,.85,551.4
102,2016,94,100,13.3,0,0,0,0,472.9
102,2016,94,200,13.31,0,0,0,0,422.4
102,2016,94,300,13.32,0,0,0,0,360.4
102,2016,94,400,13.32,0,0,0,0,324.9
102,2016,94,500,13.32,0,0,0,0,305.5
102,2016,94,600,13.32,0,0,0,0,285.2
102,2016,94,700,13.33,0,0,0,0,264.1
102,2016,94,800,13.33,0,0,0,0,237.7
102,2016,94,900,13.35,0,0,0,0,178.1
102,2016,94,1000,13.36,0,0,26.3,0,143.6
102,2016,94,1100,13.36,0,0,0,0,105.1
102,2016,94,1200,13.36,0,0,0,0,109.9
102,2016,94,1300,13.36,0,0,0,0,109.8
102,2016,94,1400,13.35,0,0,0,0,106.7
102,2016,94,1500,13.34,0,0,0,0,113.9
102,2016,94,1600,13.33,0,0,0,0,135.8
102,2016,94,1700,13.3,0,0,0,0,175.8
102,2016,94,1800,13.3,0,0,0,0,257.1
102,2016,94,1900,13.29,0,0,0,.2,369
102,2016,94,2000,13.29,0,0,0,.183,388.6
102,2016,94,2100,13.29,0,0,0,0,345.9
102,2016,94,2200,13.31,0,0,0,0,345.6
102,2016,94,2300,13.31,0,0,0,0,326.7
101,2016,94,2400,13.29,0,0,26.3,.383
102,2016,94,2400,13.31,0,0,0,0,297.5
102,2016,95,100,13.32,0,0,0,0,282
102,2016,95,200,13.32,0,0,0,0,281.5
102,2016,95,300,13.32,0,0,0,0,281.8
102,2016,95,400,13.32,0,0,0,0,278.7
102,2016,95,500,13.32,0,0,0,0,252.6
102,2016,95,600,13.33,0,0,0,0,234.6
102,2016,95,700,13.33,0,0,0,0,221.5
102,2016,95,800,13.34,0,0,0,0,216.9
102,2016,95,900,13.36,0,0,0,0,143.8
102,2016,95,1000,13.36,0,0,0,0,90.5
102,2016,95,1100,13.37,0,0,0,0,59.46
102,2016,95,1200,13.36,0,0,0,0,46.82
102,2016,95,1300,12.43,0,0,0,0,66.1
102,2016,95,1400,12.42,0,0,0,0,88.9
102,2016,95,1500,12.42,0,0,0,0,111.4
102,2016,95,1600,12.43,0,0,0,0,138.4
102,2016,95,1700,12.43,0,0,0,0,147.1
102,2016,95,1800,12.43,0,0,0,0,147.5
102,2016,95,1900,12.43,0,0,0,0,163.6
102,2016,95,2000,12.43,0,0,0,0,170.3
102,2016,95,2100,13.33,0,0,0,0,194.6
102,2016,95,2200,13.33,0,0,0,0,178.7
102,2016,95,2300,13.32,0,0,0,0,162.5
101,2016,95,2400,12.42,0,0,0,0
102,2016,95,2400,13.33,0,0,0,0,159.9
102,2016,96,100,13.33,0,0,0,0,155.4
102,2016,96,200,13.34,0,0,0,0,166
102,2016,96,300,13.34,0,0,0,0,159.1
102,2016,96,400,13.34,0,0,0,0,157.6
102,2016,96,500,13.34,0,0,0,0,159.8
102,2016,96,600,13.35,0,0,0,0,171.6
102,2016,96,700,13.35,0,0,0,0,175.7
102,2016,96,800,13.35,0,0,0,0,149.4
102,2016,96,900,13.36,0,0,0,0,119.5
102,2016,96,1000,13.36,0,0,0,0,88.8
102,2016,96,1100,13.35,0,0,0,0,102.5
102,2016,96,1200,13.34,0,0,0,0,110.6
102,2016,96,1300,13.32,0,0,0,0,140.3
102,2016,96,1400,13.31,0,0,0,0,236.7
102,2016,96,1500,13.29,0,0,0,0,329.6
102,2016,96,1600,13.3,0,0,0,0,357.8
102,2016,96,1700,13.31,0,0,0,0,301.7
102,2016,96,1800,13.32,0,0,0,0,314
102,2016,96,1900,13.32,0,0,0,0,289.5
102,2016,96,2000,13.31,0,0,0,0,288.1
102,2016,96,2100,13.31,0,0,0,0,320.8
102,2016,96,2200,13.32,0,0,0,0,338.4
102,2016,96,2300,13.32,0,0,0,0,327.1
101,2016,96,2400,13.29,0,0,0,0
102,2016,96,2400,13.33,0,0,0,0,307
102,2016,97,100,13.33,0,0,0,0,285.7
102,2016,97,200,13.33,0,0,0,0,273.7
102,2016,97,300,13.34,0,0,0,0,263.3
102,2016,97,400,13.34,0,0,0,0,247.6
102,2016,97,500,13.34,0,0,0,0,247.8
102,2016,97,600,13.34,0,0,0,0,243.5
102,2016,97,700,13.35,0,0,0,0,226.4
102,2016,97,800,13.36,0,0,0,0,216
102,2016,97,900,13.35,0,0,0,0,182.3
102,2016,97,1000,13.34,0,0,0,0,150.3
102,2016,97,1100,13.34,0,0,0,0,176.5
102,2016,97,1200,13.32,0,0,0,0,266.4
102,2016,97,1300,13.29,0,0,0,0,411.2
102,2016,97,1400,13.28,0,0,0,.833,577.2
102,2016,97,1500,13.26,0,0,0,1,713
102,2016,97,1600,13.25,0,0,0,1,854
102,2016,97,1700,13.24,0,0,0,1,934
102,2016,97,1800,13.25,0,0,0,1,955
102,2016,97,1900,13.24,0,0,0,1,957
102,2016,97,2000,13.26,0,0,0,1,834
102,2016,97,2100,13.26,0,0,0,1,731
102,2016,97,2200,13.27,0,0,0,1,686.7
102,2016,97,2300,13.28,0,0,0,1,659.5
101,2016,97,2400,13.24,0,0,0,10.83
102,2016,97,2400,13.28,0,0,0,1,643.7
102,2016,98,100,13.29,0,0,0,1,606.3
102,2016,98,200,13.19,0,0,0,1,560.3
102,2016,98,300,13.3,0,0,0,1,513.5
102,2016,98,400,13.3,0,0,0,.966,473
102,2016,98,500,13.3,0,0,0,.167,453.3
102,2016,98,600,13.31,0,0,0,0,413.4
102,2016,98,700,13.31,0,0,0,0,379.9
102,2016,98,800,13.32,0,0,0,0,353.8
102,2016,98,900,13.34,0,0,0,0,262.8
102,2016,98,1000,13.34,0,0,0,0,218.1
102,2016,98,1100,13.34,0,0,0,0,176.2
102,2016,98,1200,13.34,0,0,0,0,198
102,2016,98,1300,13.37,0,0,0,0,195.2
102,2016,98,1400,13.35,0,0,0,0,142.3
102,2016,98,1500,13.34,0,0,0,0,160.3
102,2016,98,1600,13.33,0,0,0,0,166.7
102,2016,98,1700,13.31,0,0,0,0,229.5
102,2016,98,1800,13.3,0,0,0,0,342.9
102,2016,98,1900,13.3,0,0,0,0,435.1
102,2016,98,2000,13.3,0,0,0,0,415.7
102,2016,98,2100,13.3,0,0,0,0,347.6
102,2016,98,2200,13.31,0,0,0,0,348.8
102,2016,98,2300,13.31,0,0,0,0,332
101,2016,98,2400,13.19,0,0,0,4.132
102,2016,98,2400,13.32,0,0,0,0,325.5
102,2016,99,100,13.32,0,0,0,0,339.6
102,2016,99,200,13.33,0,0,0,0,328.4
102,2016,99,300,13.33,0,0,0,0,327.2
102,2016,99,400,13.34,0,0,0,0,336.2
102,2016,99,500,13.34,0,0,0,0,325.1
102,2016,99,600,13.35,0,0,0,0,321.3
102,2016,99,700,13.35,0,0,0,0,304.1
102,2016,99,800,13.35,0,0,0,0,278.1
102,2016,99,900,13.36,0,0,0,0,212.1
102,2016,99,1000,13.39,0,0,0,0,114.8
102,2016,99,1100,13.4,0,0,0,0,84.9
102,2016,99,1200,13.39,0,0,0,0,83.9
102,2016,99,1300,13.37,0,0,0,0,104.3
102,2016,99,1400,13.36,0,0,0,0,139.9
102,2016,99,1500,13.34,0,0,0,0,182.7
102,2016,99,1600,13.34,0,0,0,0,233.3
102,2016,99,1700,13.32,0,0,0,0,266.3
102,2016,99,1800,13.31,0,0,0,0,305.3
102,2016,99,1900,13.3,0,0,0,0,348.1
102,2016,99,2000,13.3,0,0,0,0,368.7
102,2016,99,2100,13.31,0,0,0,0,370.5
102,2016,99,2200,13.32,0,0,0,0,351.6
102,2016,99,2300,13.32,0,0,0,0,330.2
101,2016,99,2400,13.3,0,0,0,0
102,2016,99,2400,13.33,0,0,0,0,305.5
102,2016,100,100,13.33,0,0,0,0,292.2
102,2016,100,200,13.34,0,0,0,0,279.7
102,2016,100,300,13.34,0,0,0,0,275.3
102,2016,100,400,13.34,0,0,0,0,258.3
102,2016,100,500,13.35,0,0,0,0,245.7
102,2016,100,600,13.35,0,0,0,0,234.6
102,2016,100,700,13.36,0,0,0,0,229.6
102,2016,100,800,13.36,0,0,0,0,217.8
102,2016,100,900,13.37,0,0,0,0,195
102,2016,100,1000,13.36,0,0,0,0,142.5
102,2016,100,1100,13.34,0,0,0,0,132.2
102,2016,100,1200,13.32,0,0,0,0,182.1
102,2016,100,1300,13.3,0,0,0,0,324.5
102,2016,100,1400,13.29,0,0,0,.566,496.3
102,2016,100,1500,13.28,0,0,0,1,608
102,2016,100,1600,13.27,0,0,0,1,725
102,2016,100,1700,13.27,0,0,0,1,657.5
102,2016,100,1800,13.29,0,0,0,1,529
102,2016,100,1900,13.29,0,0,0,1,521.9
102,2016,100,2000,13.29,0,0,0,1,540
102,2016,100,2100,13.29,0,0,0,.933,470.7
102,2016,100,2200,13.3,0,0,0,.916,452.2
102,2016,100,2300,13.3,0,0,0,.983,438
101,2016,100,2400,13.27,0,0,0,10.3
102,2016,100,2400,13.3,0,0,0,.9,416.6
102,2016,101,100,13.31,0,0,0,.933,439.6
102,2016,101,200,13.32,0,0,0,1,465.7
102,2016,101,300,13.32,0,0,0,.883,451.3
102,2016,101,400,13.32,0,0,0,1,453.9
102,2016,101,500,13.32,0,0,0,.966,437.1
102,2016,101,600,13.33,0,0,0,1,439.9
102,2016,101,700,13.34,0,0,0,1,443.4
102,2016,101,800,13.34,0,0,0,.833,421.3
102,2016,101,900,13.36,0,0,0,.067,347.9
102,2016,101,1000,13.32,0,0,0,0,269.8
102,2016,101,1100,13.32,0,0,0,.05,273.2
102,2016,101,1200,13.32,0,0,0,0,325.5
102,2016,101,1300,12.44,0,0,0,0,398.5
102,2016,101,1400,12.43,0,0,0,.9,537.4
102,2016,101,1500,13.27,0,0,0,1,713
102,2016,101,1600,13.26,0,0,0,1,838
102,2016,101,1700,13.25,0,0,0,1,900
102,2016,101,1800,13.29,0,0,0,1,719
102,2016,101,1900,13.31,0,0,0,1,604.4
102,2016,101,2000,13.3,0,.46765,0,1,521.4
102,2016,101,2100,13.3,0,0,0,1,527.7
102,2016,101,2200,13.3,0,0,0,1,523.8
102,2016,101,2300,13.31,0,0,0,1,515
101,2016,101,2400,12.43,0,.46765,0,18.63
102,2016,101,2400,13.31,0,0,0,1,484.1
102,2016,102,100,13.32,0,0,0,.766,449.2
102,2016,102,200,13.32,0,0,0,0,418.7
102,2016,102,300,13.32,0,0,0,0,401.8
102,2016,102,400,13.32,0,0,0,0,382.9
102,2016,102,500,13.33,0,0,0,0,364.3
102,2016,102,600,13.33,0,0,0,0,316.4
102,2016,102,700,13.33,0,0,0,0,291.2
102,2016,102,800,13.34,0,0,0,0,265.5
102,2016,102,900,13.34,0,0,0,0,226.5
102,2016,102,1000,12.43,0,0,0,0,199.7
102,2016,102,1100,12.41,0,0,0,0,202
102,2016,102,1200,12.41,0,0,0,0,260.6
102,2016,102,1300,12.42,0,0,0,0,418.2
102,2016,102,1400,12.42,0,0,0,.633,473.2
102,2016,102,1500,12.42,0,0,0,1,544.8
102,2016,102,1600,12.43,0,0,0,1,687.1
102,2016,102,1700,12.43,0,0,0,1,844
102,2016,102,1800,12.43,0,0,0,1,972
102,2016,102,1900,12.43,0,0,0,1,928
102,2016,102,2000,12.43,0,0,0,1,924
102,2016,102,2100,12.43,0,0,0,1,949
102,2016,102,2200,13.25,0,0,0,1,926
102,2016,102,2300,13.28,0,0,0,1,846
101,2016,102,2400,12.41,0,0,0,11.4
102,2016,102,2400,13.28,0,0,0,1,813
102,2016,103,100,13.29,0,0,0,1,792
102,2016,103,200,13.29,0,0,0,1,730
102,2016,103,300,13.29,0,0,0,1,674.6
102,2016,103,400,13.3,0,0,0,1,642.2
102,2016,103,500,13.3,0,0,0,1,601.8
102,2016,103,600,13.31,0,0,0,1,581.9
102,2016,103,700,13.31,0,0,38.666,1,582.1
102,2016,103,800,13.32,0,0,0,.866,521.5
102,2016,103,900,13.34,0,0,0,.433,402.3
102,2016,103,1000,13.35,0,0,0,0,342.3
102,2016,103,1100,13.35,0,0,0,0,292.1
102,2016,103,1200,13.34,0,0,0,0,299.3
102,2016,103,1300,13.33,0,0,0,0,330.6
102,2016,103,1400,13.32,0,0,0,.05,377.6
102,2016,103,1500,13.3,0,0,0,.267,438.4
102,2016,103,1600,13.28,0,0,0,1,559.5
102,2016,103,1700,13.27,0,0,0,1,666.3
102,2016,103,1800,13.25,0,0,0,1,795
102,2016,103,1900,13.25,0,0,0,1,1113
102,2016,103,2000,13.25,0,0,0,1,1159
102,2016,103,2100,13.27,0,0,0,1,1051
102,2016,103,2200,13.27,0,0,0,1,953
102,2016,103,2300,13.28,0,0,0,1,855
101,2016,103,2400,13.25,0,0,38.666,17.61
102,2016,103,2400,13.28,0,0,0,1,809
102,2016,104,100,13.29,0,0,0,1,748
102,2016,104,200,13.29,0,0,0,1,704
102,2016,104,300,13.29,0,0,0,1,687.9
102,2016,104,400,13.3,0,0,0,1,632.6
102,2016,104,500,13.3,0,0,0,1,619.9
102,2016,104,600,13.31,0,0,0,1,557.1
102,2016,104,700,13.32,0,0,0,1,570.4
102,2016,104,800,13.32,0,0,0,1,535.8
102,2016,104,900,13.33,0,0,0,1,470.4
102,2016,104,1000,13.33,0,0,4.0895,.816,445.6
102,2016,104,1100,13.33,0,0,0,.1,370
102,2016,104,1200,13.31,0,0,0,.117,405.5
102,2016,104,1300,13.3,0,0,0,.966,529.4
102,2016,104,1400,13.29,0,0,0,1,691.3
102,2016,104,1500,13.28,0,0,0,1,768
102,2016,104,1600,13.27,0,0,0,1,713
102,2016,104,1700,13.29,0,0,0,1,610.9
102,2016,104,1800,13.28,0,0,0,1,595.4
102,2016,104,1900,12.59,0,0,0,1,619.2
102,2016,104,2000,12.48,0,0,0,1,624
102,2016,104,2100,13.28,0,0,0,1,608.7
102,2016,104,2200,13.29,0,0,0,1,545.1
102,2016,104,2300,13.29,0,0,0,1,535.5
101,2016,104,2400,12.48,0,0,4.0895,21.99
102,2016,104,2400,13.3,0,0,0,1,504
102,2016,105,100,13.3,0,0,0,1,485.9
102,2016,105,200,13.3,0,0,0,1,500.9
102,2016,105,300,13.31,0,0,0,.783,459.6
102,2016,105,400,13.31,0,0,0,.9,459.2
102,2016,105,500,13.32,0,0,0,.633,438.5
102,2016,105,600,13.32,0,0,0,.367,410.5
102,2016,105,700,13.33,0,0,0,.55,401.1
102,2016,105,800,13.33,0,0,0,.183,368.1
102,2016,105,900,13.34,0,0,0,.516,358.6
102,2016,105,1000,13.35,0,0,0,.083,309.9
102,2016,105,1100,13.36,0,0,0,0,267.8
102,2016,105,1200,13.37,0,0,0,0,258.8
102,2016,105,1300,13.37,0,0,0,0,239.1
102,2016,105,1400,13.35,0,0,0,0,248.7
102,2016,105,1500,13.34,0,0,0,.017,294.8
102,2016,105,1600,13.32,0,0,0,0,339.3
102,2016,105,1700,13.3,0,0,0,.067,413.1
102,2016,105,1800,13.29,0,0,0,1,624.2
102,2016,105,1900,13.28,0,0,0,1,848
102,2016,105,2000,13.29,0,0,0,1,848
102,2016,105,2100,13.3,0,0,0,1,724
102,2016,105,2200,13.3,0,0,0,1,620.7
102,2016,105,2300,13.3,0,0,0,1,604.8
101,2016,105,2400,13.28,0,0,0,13.09
102,2016,105,2400,13.31,0,0,0,1,583.6
102,2016,106,100,13.32,0,0,0,1,576.8
102,2016,106,200,13.32,0,0,0,1,571.7
102,2016,106,300,13.33,0,0,0,1,571.1
102,2016,106,400,13.33,0,0,0,1,562.3
102,2016,106,500,13.34,0,0,0,1,517.8
102,2016,106,600,13.34,0,0,0,1,476.9
102,2016,106,700,13.34,0,0,0,1,459
102,2016,106,800,13.35,0,0,0,1,442.1
102,2016,106,900,13.34,0,0,0,.716,356.3
102,2016,106,1000,13.32,0,0,0,.167,252.2
102,2016,106,1100,13.33,0,0,0,.15,318.9
102,2016,106,1200,13.32,0,0,0,.283,348.2
102,2016,106,1300,13.31,0,0,0,.017,351.4
102,2016,106,1400,13.3,0,0,0,.167,430.8
102,2016,106,1500,13.28,0,0,0,.533,521.8
102,2016,106,1600,13.29,0,0,0,.35,420.2
102,2016,106,1700,13.31,0,0,0,0,311.3
102,2016,106,1800,13.3,0,0,0,0,257
102,2016,106,1900,13.3,0,0,0,.217,290
102,2016,106,2000,13.29,0,0,0,.983,509.8
102,2016,106,2100,13.3,0,0,0,1,499.9
102,2016,106,2200,13.31,0,0,0,1,467.2
102,2016,106,2300,13.31,0,0,0,1,464.1
101,2016,106,2400,13.28,0,0,0,15.58
102,2016,106,2400,13.32,0,0,0,1,451.3
102,2016,107,100,13.32,0,0,0,1,426.6
102,2016,107,200,13.32,0,0,0,1,411.5
102,2016,107,300,13.33,0,0,0,1,399.8
102,2016,107,400,13.33,0,0,0,1,394
102,2016,107,500,13.34,0,0,0,1,383.6
102,2016,107,600,13.34,0,0,0,1,376.6
102,2016,107,700,13.35,0,0,0,.916,357.9
102,2016,107,800,13.35,0,0,0,0,291.4
102,2016,107,900,13.36,0,0,0,0,248.4
102,2016,107,1000,12.43,0,0,0,0,197.5
102,2016,107,1100,12.41,0,0,0,0,177.7
102,2016,107,1200,12.41,0,0,0,0,230.5
102,2016,107,1300,12.4,0,0,0,0,213.4
102,2016,107,1400,12.41,0,0,0,0,204.8
102,2016,107,1500,12.41,0,0,0,0,212.8
102,2016,107,1600,12.41,0,0,0,0,249.1
102,2016,107,1700,12.41,0,0,0,.133,289.5
102,2016,107,1800,12.41,0,0,0,.033,308.6
102,2016,107,1900,12.41,0,0,0,.566,390.2
102,2016,107,2000,12.41,0,0,0,1,495.2
102,2016,107,2100,12.42,0,0,0,1,465.5
102,2016,107,2200,12.94,0,0,0,.117,345.5
102,2016,107,2300,12.46,0,0,0,.133,330.4
101,2016,107,2400,12.4,0,0,37.889,10.11
102,2016,107,2400,12.45,0,0,37.889,.217,319.6
102,2016,108,100,12.45,0,0,0,.583,348.1
102,2016,108,200,12.44,0,0,0,.733,352.5
102,2016,108,300,12.43,0,0,0,.15,319.6
102,2016,108,400,12.42,0,0,14.238,0,283
102,2016,108,500,12.41,0,0,0,.05,281.9
102,2016,108,600,12.41,0,0,0,0,267
102,2016,108,700,13.36,0,0,0,0,246.8
102,2016,108,800,13.36,0,0,0,0,247
102,2016,108,900,13.37,0,182.98,0,0,250.9
102,2016,108,1000,13.39,0,361.32,0,0,231.3
102,2016,108,1100,13.39,0,0,0,0,209
102,2016,108,1200,13.38,0,0,0,0,161.9
102,2016,108,1300,13.37,0,139.06,0,0,188.4
102,2016,108,1400,13.36,0,109.52,0,0,236.1
102,2016,108,1500,13.33,0,0,0,0,290.6
102,2016,108,1600,13.31,0,0,0,.017,412.1
102,2016,108,1700,13.29,0,12.042,0,.9,502.6
102,2016,108,1800,13.28,0,73.355,0,1,590.9
102,2016,108,1900,13.28,0,4.4818,0,1,737
102,2016,108,2000,13.28,0,0,0,1,753
102,2016,108,2100,13.29,0,0,0,1,523
102,2016,108,2200,13.3,0,0,0,.55,452.1
102,2016,108,2300,13.3,0,0,0,.033,412.5
101,2016,108,2400,12.41,0,882.77,14.238,7.01
102,2016,108,2400,13.31,0,0,0,0,388.7
102,2016,109,100,13.32,0,0,0,0,372.6
102,2016,109,200,13.32,0,0,0,0,372.5
102,2016,109,300,13.32,0,0,0,0,366.8
102,2016,109,400,13.33,0,0,0,.033,360.2
102,2016,109,500,13.33,0,0,0,0,359.5
102,2016,109,600,13.34,0,0,0,0,355.1
102,2016,109,700,13.34,0,0,0,0,349.6
102,2016,109,800,13.34,0,0,0,0,334.9
102,2016,109,900,13.36,0,0,0,0,286.4
102,2016,109,1000,13.37,0,0,0,0,180.9
102,2016,109,1100,13.37,0,0,0,0,126.1
102,2016,109,1200,13.35,0,0,0,0,108.3
102,2016,109,1300,13.35,0,0,0,0,103.3
102,2016,109,1400,12.53,0,0,0,0,105.5
102,2016,109,1500,12.42,0,0,0,0,79.2
102,2016,109,1600,12.42,0,0,0,0,102.7
102,2016,109,1700,13.32,0,0,0,0,194
102,2016,109,1800,13.32,0,0,0,.067,305.9
102,2016,109,1900,13.31,0,0,0,.683,486
102,2016,109,2000,13.28,0,0,60.08,1,622.7
102,2016,109,2100,13.32,0,0,0,1,543.6
102,2016,109,2200,13.32,0,0,0,1,474.1
102,2016,109,2300,13.32,0,0,0,1,432.9
101,2016,109,2400,12.42,0,0,60.08,5.781
102,2016,109,2400,13.32,0,0,0,1,413.5
102,2016,110,100,13.33,0,0,0,1,400.7
102,2016,110,200,13.33,0,0,0,.983,384.8
102,2016,110,300,13.34,0,0,0,1,361.9
102,2016,110,400,13.34,0,0,0,1,353.7
102,2016,110,500,13.34,0,0,0,1,359.8
102,2016,110,600,13.34,0,0,0,1,370.9
102,2016,110,700,13.35,0,0,0,.933,360.2
102,2016,110,800,13.36,0,0,0,.433,323.5
102,2016,110,900,13.37,0,0,0,.1,265.4
102,2016,110,1000,13.38,0,0,0,.217,178.1
102,2016,110,1100,13.37,0,0,0,0,119.7
102,2016,110,1200,13.35,0,0,0,0,119.2
102,2016,110,1300,13.34,0,0,0,0,154.6
102,2016,110,1400,13.34,0,0,0,.033,217.1
102,2016,110,1500,13.33,0,0,0,.033,264.1
102,2016,110,1600,13.32,0,0,0,.133,351.3
102,2016,110,1700,13.32,0,0,0,.966,477.2
102,2016,110,1800,13.32,0,0,0,1,551.3
102,2016,110,1900,13.3,0,5.9721,0,1,598.7
102,2016,110,2000,13.31,0,1.3542,0,1,629.9
102,2016,110,2100,13.32,0,71.187,0,1,643.2
102,2016,110,2200,13.32,0,10.356,0,1,544.5
102,2016,110,2300,13.33,0,0,0,1,490
101,2016,110,2400,13.3,0,88.869,0,15.83
102,2016,110,2400,13.33,0,0,0,1,479.2
102,2016,111,100,13.33,0,0,0,.716,429.7
102,2016,111,200,13.34,0,0,0,.883,437.5
102,2016,111,300,13.34,0,3.5852,0,.75,406.9
102,2016,111,400,13.35,0,26.948,0,.966,412.6
102,2016,111,500,13.35,0,145.9,0,.933,426.1
102,2016,111,600,13.35,0,1656.8,0,.7,383.8
102,2016,111,700,13.36,0,4291.6,0,.5,351.3
102,2016,111,800,13.36,0,4143.5,0,.6,362.3
102,2016,111,900,13.37,0,1868.6,0,0,261.7
102,2016,111,1000,13.35,0,1704.4,0,.25,203.6
102,2016,111,1100,13.34,0,3255.5,0,.367,262.8
102,2016,111,1200,13.33,0,595.58,0,.083,336.2
102,2016,111,1300,13.3,0,0,0,.95,509
102,2016,111,1400,13.28,0,0,0,1,652.3
102,2016,111,1500,13.27,0,0,0,1,838
102,2016,111,1600,13.27,0,0,0,1,1042
102,2016,111,1700,13.25,0,0,0,1,1250
102,2016,111,1800,13.25,0,0,0,1,1264
102,2016,111,1900,13.25,0,0,0,1,1219
102,2016,111,2000,13.25,0,0,0,1,1355
102,2016,111,2100,12.66,0,0,0,1,1119
102,2016,111,2200,13.27,0,0,0,1,1034
102,2016,111,2300,13.27,0,0,0,1,953
101,2016,111,2400,12.66,0,17818,0,18.69
102,2016,111,2400,13.27,0,125.91,0,1,828
102,2016,112,100,13.28,0,0,0,1,709
102,2016,112,200,13.28,0,0,0,1,611.2
102,2016,112,300,13.29,0,0,0,1,578.2
102,2016,112,400,13.3,0,0,0,1,574.8
102,2016,112,500,13.3,0,0,0,1,573.2
102,2016,112,600,13.31,0,96.578,0,1,550.3
102,2016,112,700,13.32,0,117.85,0,1,530.2
102,2016,112,800,13.32,0,228.77,0,1,523
102,2016,112,900,13.33,0,1174.9,0,.816,418.8
102,2016,112,1000,12.46,0,1791.6,0,.766,401.1
102,2016,112,1100,13.3,0,98.702,0,.95,412.9
102,2016,112,1200,13.29,0,338.16,0,.733,453.1
102,2016,112,1300,13.28,0,1811.7,0,1,583.3
102,2016,112,1400,13.27,0,3996.7,0,1,672
102,2016,112,1500,13.26,0,3763,0,1,890
102,2016,112,1600,13.25,0,1532.1,0,1,1020
102,2016,112,1700,13.25,0,1935.6,0,1,1174
102,2016,112,1800,13.26,0,174.64,0,1,963
102,2016,112,1900,13.27,0,2654.2,0,1,886
102,2016,112,2000,13.27,0,3689.1,0,1,814
102,2016,112,2100,13.27,0,5245.9,0,1,713
102,2016,112,2200,13.27,0,3524.5,0,1,714
102,2016,112,2300,13.27,0,3697.8,0,1,714
101,2016,112,2400,12.46,0,39233,0,23.26
102,2016,112,2400,13.28,0,3361,0,1,700
102,2016,113,100,13.28,0,5096.7,0,1,680.4
102,2016,113,200,13.28,0,5106,0,1,645.5
102,2016,113,300,13.29,0,5287.8,0,1,622.6
102,2016,113,400,13.3,0,4545.1,0,1,614
102,2016,113,500,13.3,0,5869.7,0,1,601.5
102,2016,113,600,13.31,0,4208.8,0,1,570.4
102,2016,113,700,13.31,0,3498.1,0,1,551.2
102,2016,113,800,13.32,0,3999.7,0,1,527.7
102,2016,113,900,13.34,0,5570.4,0,1,456.6
102,2016,113,1000,13.32,0,445.19,0,.816,380.7
102,2016,113,1100,13.3,0,378.05,0,1,527.7
102,2016,113,1200,13.29,0,1465.6,0,1,637.6
102,2016,113,1300,13.28,0,1927.6,0,1,707
102,2016,113,1400,13.27,0,2404,0,1,834
102,2016,113,1500,13.26,0,2407.5,0,1,1052
102,2016,113,1600,13.27,0,2640,0,1,1060
102,2016,113,1700,13.28,0,5276.6,0,1,872
102,2016,113,1800,13.27,0,3103.9,0,1,1054
102,2016,113,1900,13.27,0,1588.4,0,1,1179
102,2016,113,2000,13.28,0,1893,0,1,1064
102,2016,113,2100,13.28,0,299.67,39.404,1,1165
102,2016,113,2200,13.28,0,29.775,0,1,1125
102,2016,113,2300,13.28,0,0,0,1,1092
101,2016,113,2400,13.26,0,67041,39.404,23.81
102,2016,113,2400,13.29,0,0,0,1,996
102,2016,114,100,13.29,0,0,0,1,923
102,2016,114,200,13.29,0,0,0,1,870
102,2016,114,300,13.3,0,0,0,1,830
102,2016,114,400,13.3,0,0,0,1,826
102,2016,114,500,13.3,0,0,0,1,816
102,2016,114,600,13.31,0,0,0,1,725
102,2016,114,700,13.32,0,78.084,0,1,670.9
102,2016,114,800,13.32,0,1141.5,0,1,614.5
102,2016,114,900,13.33,0,3041.4,0,1,500.5
102,2016,114,1000,13.32,0,211.45,0,1,462.5
102,2016,114,1100,13.3,0,0,0,1,516.2