,13.2,1310.1,406.36,186.22,.966,585.6
102,2010,163,1900,13.23,421.97,192.31,61.546,.883,297.4
102,2010,163,2000,13.26,16.952,14.01,3.0771,0,12.74
102,2010,163,2100,13.31,0,0,2.3808,0,5.294
102,2010,163,2200,13.34,0,0,2.4284,0,5.295
102,2010,163,2300,13.36,0,0,2.3572,0,5.295
101,2010,163,2400,13.16,19436,6170.6,2554.4,8.66
102,2010,163,2400,13.39,.14237,0,2.7446,0,5.295
102,2010,164,100,13.39,.18983,0,1.9774,0,5.295
102,2010,164,200,13.4,.05537,0,1.8666,0,5.295
102,2010,164,300,13.41,0,0,2.1355,0,5.295
102,2010,164,400,13.42,.32427,.07793,2.6496,0,5.295
102,2010,164,500,13.43,0,0,3.1875,0,5.295
102,2010,164,600,13.44,0,0,3.4961,0,5.295
102,2010,164,700,13.46,0,0,1.9616,0,5.295
102,2010,164,800,13.47,63.657,47.968,10.132,0,13.79
102,2010,164,900,13.4,567.78,287.95,89.8,.55,127.2
102,2010,164,1000,13.35,1143.9,488.5,164.96,.883,208.5
102,2010,164,1100,13.27,2041.5,618.5,273.2,1,358.6
102,2010,164,1200,13.22,2515.8,658.95,324.66,1,482.4
102,2010,164,1300,13.19,2954.6,902.47,380,.95,499.8
102,2010,164,1400,13.19,2156.3,1160.9,275.49,.516,239.8
102,2010,164,1500,13.19,1860.7,1049.9,245.24,.583,291.7
102,2010,164,1600,13.21,1231.8,1007.5,161.14,.45,139.7
102,2010,164,1700,13.24,1007.1,714.47,137.72,.516,210.3
102,2010,164,1800,13.24,1088.3,434.67,163.95,.9,455.9
102,2010,164,1900,13.27,406.42,194.97,62.863,.766,240.8
102,2010,164,2000,13.29,9.4841,8.8945,1.7876,0,5.564
102,2010,164,2100,13.32,0,0,2.2146,0,5.294
102,2010,164,2200,13.35,0,0,2.5154,0,5.295
102,2010,164,2300,13.38,0,0,2.9187,0,5.295
101,2010,164,2400,13.19,17048,7575.8,2319.9,8.11
102,2010,164,2400,13.4,0,0,4.0655,0,5.295
102,2010,165,100,13.42,0,0,2.183,0,5.295
102,2010,165,200,13.44,.35591,0,2.0643,0,5.295
102,2010,165,300,13.44,0,0,3.4484,0,5.295
102,2010,165,400,13.45,0,0,2.2462,0,5.295
102,2010,165,500,13.47,0,0,2.1277,0,5.289
102,2010,165,600,13.48,0,0,2.0407,0,5.284
102,2010,165,700,13.49,0,0,2.6576,0,5.218
102,2010,165,800,13.5,50.295,38.419,8.6765,0,9.85
102,2010,165,900,13.47,371.27,299.19,51.894,0,54.56
102,2010,165,1000,13.4,970,684.66,135.76,.3,110.6
102,2010,165,1100,13.3,1822.2,547.93,245.93,.916,318
102,2010,165,1200,13.22,2656.1,460.26,346.48,1,523.5
102,2010,165,1300,13.19,2982.1,471.19,379.45,1,623.9
102,2010,165,1400,13.15,3085.3,490.13,386.6,1,647
102,2010,165,1500,13.14,2830.9,536.41,356.08,.983,653.3
102,2010,165,1600,13.14,1693,721.28,216.49,.633,366.9
102,2010,165,1700,13.16,1351.1,728.36,180.72,.516,312
102,2010,165,1800,13.19,712.32,447.95,92.703,.4,207.8
102,2010,165,1900,13.23,462.36,229.2,72.392,1,288.9
102,2010,165,2000,13.25,27.039,21.181,4.4379,.017,20.14
102,2010,165,2100,13.3,0,0,2.1356,0,5.294
102,2010,165,2200,13.34,0,0,3.314,0,5.294
102,2010,165,2300,13.36,0,0,3.0691,0,5.295
101,2010,165,2400,13.14,19014,5676.2,2506.6,7.76
102,2010,165,2400,13.38,0,0,3.7414,0,5.295
102,2010,166,100,13.39,.08701,0,2.6339,0,5.295
102,2010,166,200,13.4,0,0,2.1197,0,5.295
102,2010,166,300,13.42,0,0,2.8157,0,5.295
102,2010,166,400,13.44,0,0,2.5232,0,5.283
102,2010,166,500,13.46,0,0,2.6024,0,5.256
102,2010,166,600,13.46,0,0,2.7448,0,5.267
102,2010,166,700,13.47,0,0,1.5424,0,5.201
102,2010,166,800,13.48,67.326,50.295,11.714,0,15.36
102,2010,166,900,12.81,538.2,269.57,88.146,.516,122.6
102,2010,166,1000,12.8,1277.1,428.09,188.28,1,248.8
102,2010,166,1100,13.07,1965.5,667.96,263.71,1,363.3
102,2010,166,1200,13.2,2237.4,1021.6,290.44,1,357.9
102,2010,166,1300,13.2,1772.9,1501.3,227.73,.1,48.72
102,2010,166,1400,13.17,2862.1,1461.4,372.86,.883,368.7
102,2010,166,1500,13.16,2616.3,1163.4,345.21,.866,443.1
102,2010,166,1600,13.16,2206.3,907.87,296.28,1,524.4
102,2010,166,1700,13.16,1295.5,698.94,170.73,.833,340.8
102,2010,166,1800,13.19,851.69,521.6,121.68,.766,265.1
102,2010,166,1900,13.22,362.97,234.8,53.493,.616,151.4
102,2010,166,2000,13.25,8.3222,7.8822,1.0126,0,6.975
102,2010,166,2100,13.3,0,0,2.3966,0,5.294
102,2010,166,2200,13.33,0,0,2.2542,0,5.295
102,2010,166,2300,13.35,0,0,2.5233,0,5.295
101,2010,166,2400,12.8,18062,8934.6,2457.8,8.58
102,2010,166,2400,13.37,0,0,2.4046,0,5.295
102,2010,167,100,13.38,0,0,2.5074,0,5.295
102,2010,167,200,13.4,0,0,2.618,0,5.295
102,2010,167,300,13.42,0,0,3.4643,0,5.295
102,2010,167,400,13.43,0,0,3.4327,0,5.295
102,2010,167,500,13.44,.02373,0,1.7875,0,5.295
102,2010,167,600,13.44,0,0,1.922,0,5.295
102,2010,167,700,13.46,0,0,1.9537,0,5.295
102,2010,167,800,13.47,39.383,32.967,7.4748,0,7.68
102,2010,167,900,13.42,382.14,265.46,62.085,0,62.39
102,2010,167,1000,12.82,1079.7,528.06,164.4,.983,190.4
102,2010,167,1100,12.82,1806,696.62,253.16,1,307.5
102,2010,167,1200,13.21,2389.7,788.88,316.08,1,427.5
102,2010,167,1300,13.18,2349.4,957.37,302.11,.766,352.8
102,2010,167,1400,13.19,1627.2,1016.9,220.58,.383,164.6
102,2010,167,1500,13.18,1919.2,1139.1,267.32,.6,267.4
102,2010,167,1600,13.18,1131.5,960.78,150.66,.05,69.64
102,2010,167,1700,13.2,1346.7,916.04,193.73,.8,262.9
102,2010,167,1800,13.22,1053.7,596.67,154.71,1,344.1
102,2010,167,1900,13.24,405.44,252.35,60.329,.6,172.8
102,2010,167,2000,13.27,16.628,15.481,2.7529,0,6.545
102,2010,167,2100,13.3,0,0,1.4712,0,5.294
102,2010,167,2200,13.34,0,0,2.5786,0,5.294
102,2010,167,2300,13.36,0,0,2.5075,0,5.295
101,2010,167,2400,12.82,15547,8166.7,2181.5,7.18
102,2010,167,2400,13.38,0,0,1.8272,0,5.295
102,2010,168,100,13.4,0,0,2.3017,0,5.295
102,2010,168,200,13.41,0,0,2.1909,0,5.295
102,2010,168,300,13.42,0,0,1.914,0,5.295
102,2010,168,400,13.43,.07118,0,2.8235,0,5.295
102,2010,168,500,13.44,0,0,1.6451,0,5.295
102,2010,168,600,13.46,0,0,2.1435,0,5.295
102,2010,168,700,13.47,0,0,3.6306,0,5.295
102,2010,168,800,13.45,15.408,13.453,4.121,0,5.339
102,2010,168,900,13.43,298.27,268.63,43.376,0,13.7
102,2010,168,1000,13.39,670.64,599.7,95.505,0,24.26
102,2010,168,1100,13.35,917.41,838.32,126.92,0,7.97
102,2010,168,1200,13.29,1369.7,1147,187.22,0,30.46
102,2010,168,1300,13.25,1944.4,1366.5,263.21,.417,108.4
102,2010,168,1400,13.25,1040.4,916.72,137.76,.133,55.27
102,2010,168,1500,13.27,678.75,629.6,90.866,.017,41.16
102,2010,168,1600,13.25,1376.7,1042.1,185.74,.483,124.2
102,2010,168,1700,13.24,1090.9,926.68,143.54,.167,69.37
102,2010,168,1800,13.27,308.47,282.7,39.425,0,12.51
102,2010,168,1900,13.31,161.08,146.75,22.075,0,5.41
102,2010,168,2000,13.33,10.836,9.8191,2.3807,0,5.322
102,2010,168,2100,13.35,0,0,1.669,0,5.295
102,2010,168,2200,13.37,.01582,0,1.2102,0,5.295
102,2010,168,2300,13.37,.06328,0,1.4238,0,5.295
101,2010,168,2400,13.24,9883.1,8187.9,1364.6,1.216
102,2010,168,2400,13.39,.04746,0,1.5266,0,5.295
102,2010,169,100,13.39,.05537,0,1.7797,0,5.295
102,2010,169,200,13.39,0,0,2.6893,0,5.295
102,2010,169,300,13.4,.13446,0,1.7006,0,5.295
102,2010,169,400,13.41,.17401,0,1.5028,0,5.295
102,2010,169,500,13.42,.00791,0,2.1988,0,5.295
102,2010,169,600,13.42,0,0,2.27,0,5.295
102,2010,169,700,13.44,.12654,0,2.262,0,5.295
102,2010,169,800,13.43,5.7499,4.5295,2.8393,0,5.295
102,2010,169,900,13.42,137.85,125.21,20.524,0,6.795
102,2010,169,1000,13.39,511.87,473.34,70.401,0,7.82
102,2010,169,1100,13.35,1031.7,953.31,140.36,0,13.73
102,2010,169,1200,13.29,1815.9,1289.9,248.24,.383,143.5
102,2010,169,1300,13.27,1155.8,881.84,153.6,.117,61.07
102,2010,169,1400,13.29,667.61,589.23,88.546,.133,40.79
102,2010,169,1500,13.29,1018.2,932.9,137.9,0,7.83
102,2010,169,1600,13.28,1308.2,1203.6,175.41,0,16.29
102,2010,169,1700,13.28,909.04,813.94,121.94,.1,43.61
102,2010,169,1800,13.29,589.05,540.99,78.587,0,20.32
102,2010,169,1900,13.32,243.25,224.84,33.038,0,10.91
102,2010,169,2000,13.33,16.491,15.547,2.6496,0,5.388
102,2010,169,2100,13.36,0,0,.74354,0,5.295
102,2010,169,2200,13.38,0,0,.97292,0,5.295
102,2010,169,2300,13.39,0,0,1.0045,0,5.295
101,2010,169,2400,13.27,9411.1,8049.2,1293.1,.733
102,2010,169,2400,13.41,.00791,0,1.9141,0,5.295
102,2010,170,100,13.43,.56946,0,2.7287,0,5.295
102,2010,170,200,13.42,.05536,0,1.218,0,5.295
102,2010,170,300,13.42,.30055,0,1.0757,0,5.295
102,2010,170,400,13.44,.19773,0,2.9976,0,5.295
102,2010,170,500,13.44,.65645,0,2.4122,0,5.295
102,2010,170,600,13.44,.19772,0,1.9456,0,5.295
102,2010,170,700,13.46,.05536,0,1.2575,0,5.295
102,2010,170,800,13.46,23.624,21.147,5.1486,0,5.289
102,2010,170,900,13.44,255.36,232.61,36.325,0,5.372
102,2010,170,1000,13.37,998.86,552.8,141.29,.5,153.6
102,2010,170,1100,13.27,2158.4,564.17,299.64,1,395.7
102,2010,170,1200,13.23,2709.7,485.88,355.49,1,516.8
102,2010,170,1300,13.2,2229.8,1392.6,293.34,.433,215.5
102,2010,170,1400,13.21,2204.1,1575.5,287.92,.466,171.9
102,2010,170,1500,13.22,1404.2,1247.7,186.56,.017,23.33
102,2010,170,1600,13.24,946.01,879.12,125.66,0,9.34
102,2010,170,1700,13.26,1566.1,1146,217.93,.733,247.5
102,2010,170,1800,13.26,1390.2,612.47,210.21,.966,511.3
102,2010,170,1900,13.28,529.13,283.81,83.419,1,301.5
102,2010,170,2000,13.31,27.582,22.163,4.6035,0,15.64
102,2010,170,2100,13.35,0,0,1.756,0,5.294
102,2010,170,2200,13.02,0,0,2.1119,0,5.295
102,2010,170,2300,12.8,0,0,2.365,0,5.295
101,2010,170,2400,12.79,16445,9015.9,2269.6,6.114
102,2010,170,2400,12.79,0,0,2.1989,0,5.295
102,2010,171,100,12.78,.00791,0,1.6294,0,5.295
102,2010,171,200,12.77,0,0,1.2022,0,5.295
102,2010,171,300,12.77,0,0,1.2022,0,5.295
102,2010,171,400,12.76,0,0,1.8745,0,5.295
102,2010,171,500,12.76,0,0,1.5897,0,5.295
102,2010,171,600,12.75,0,0,2.175,0,5.295
102,2010,171,700,12.75,0,0,2.8314,0,5.295
102,2010,171,800,12.74,46.682,34.485,8.384,0,13.48
102,2010,171,900,12.75,417.32,271.49,61.843,.167,97
102,2010,171,1000,12.75,827.6,512.07,113.79,.666,156.2
102,2010,171,1100,12.76,2159.2,695.78,294.69,.966,356.3
102,2010,171,1200,12.77,2344.2,1247.1,306.1,.533,253.2
102,2010,171,1300,12.78,2081.6,1092,273.16,.5,228.8
102,2010,171,1400,12.75,2865.1,959.92,362.25,.8,446.4
102,2010,171,1500,12.8,1629.2,1177.4,209.64,.333,146.8
102,2010,171,1600,12.79,1820.9,1158,244.47,.516,244.5
102,2010,171,1700,12.79,1318.7,870.43,182.31,.5,253.7
102,2010,171,1800,12.78,1327,418.25,197.72,1,588.4
102,2010,171,1900,12.77,512.65,203.26,79.299,1,368.1
102,2010,171,2000,12.76,27.376,18.967,4.7063,.05,28.33
102,2010,171,2100,12.75,0,0,2.3492,0,5.294
102,2010,171,2200,12.75,0,0,2.4442,0,5.295
102,2010,171,2300,12.74,0,0,3.6068,0,5.295
101,2010,171,2400,12.73,17378,8659.2,2364,7.03
102,2010,171,2400,12.73,0,0,4.6981,0,5.295
102,2010,172,100,12.73,0,0,3.2823,0,5.295
102,2010,172,200,12.71,0,0,2.5704,0,5.295
102,2010,172,300,12.71,0,0,2.8633,0,5.295
102,2010,172,400,12.71,0,0,2.9819,0,5.295
102,2010,172,500,12.7,0,0,3.0214,0,5.295
102,2010,172,600,12.7,0,0,2.7208,0,5.295
102,2010,172,700,12.7,0,0,2.27,0,5.295
102,2010,172,800,12.7,72.647,48.317,12.971,0,20.82
102,2010,172,900,12.71,625.66,200.05,101.61,.766,155.7
102,2010,172,1000,13.27,1453.5,264.16,211.54,1,272.7
102,2010,172,1100,13.22,1895.4,385.66,257.58,1,311.3
102,2010,172,1200,13.09,2780.9,389.72,359.77,1,533.9
102,2010,172,1300,13.14,3076.1,842.16,388.98,.883,518
102,2010,172,1400,13.14,2760.7,1386.5,353.96,.633,349.2
102,2010,172,1500,13.14,1853.7,1008.4,234.48,.45,239.2
102,2010,172,1600,13.17,1531.5,1014.5,204.37,.816,229.5
102,2010,172,1700,13.17,1296.6,610.41,178.74,1,385
102,2010,172,1800,13.18,1010.1,340.14,145.8,1,450.9
102,2010,172,1900,13.19,472.57,212.89,69.798,1,325.5
102,2010,172,2000,13.22,26.992,20.548,3.7893,.017,24.35
102,2010,172,2100,13.27,0,0,1.5187,0,5.404
102,2010,172,2200,13.31,0,0,1.8982,0,5.328
102,2010,172,2300,13.34,0,0,1.6769,0,5.306
101,2010,172,2400,12.7,18856,6723.5,2551.6,9.56
102,2010,172,2400,13.35,0,0,3.3933,0,5.328
102,2010,173,100,13.37,0,0,3.1322,0,5.3
102,2010,173,200,13.4,0,0,3.3456,0,5.295
102,2010,173,300,13.4,0,0,2.2779,0,5.295
102,2010,173,400,13.43,0,0,2.7843,0,5.295
102,2010,173,500,13.44,.2373,0,2.9979,0,5.295
102,2010,173,600,13.44,0,0,2.8555,0,5.295
102,2010,173,700,13.45,0,0,2.1752,0,5.295
102,2010,173,800,13.45,60.51,39.932,10.014,0,18.26
102,2010,173,900,13.38,591.16,276.57,93.233,.533,123.1
102,2010,173,1000,13.28,1333.5,509.88,193.51,.816,206.7
102,2010,173,1100,13.26,1246.5,951.88,165.1,.15,88.4
102,2010,173,1200,13.2,2352.6,1159.7,321.21,.716,301.3
102,2010,173,1300,13.16,2790.1,754.47,363.73,.95,524.2
102,2010,173,1400,13.14,2978.2,1014.5,380.63,.783,472.8
102,2010,173,1500,13.13,1702.6,894.01,215.59,.35,250
102,2010,173,1600,13.15,1707.3,917.97,230.01,.566,307.2
102,2010,173,1700,13.17,1576.2,654.81,223.12,.766,475.6
102,2010,173,1800,13.18,1104.3,427.58,160.11,1,473.2
102,2010,173,1900,13.22,475.63,224.24,74.822,.95,298.7
102,2010,173,2000,13.24,27.735,21.659,4.3509,0,19.11
102,2010,173,2100,13.28,0,0,1.9221,0,5.443
102,2010,173,2200,13.31,0,0,2.3728,0,5.344
102,2010,173,2300,13.34,0,0,2.5311,0,5.317
101,2010,173,2400,13.13,17947,7847.2,2465.5,7.58
102,2010,173,2400,13.37,0,0,3.6544,0,5.306
102,2010,174,100,13.39,0,0,3.9153,0,5.3
102,2010,174,200,13.4,0,0,2.5389,0,5.295
102,2010,174,300,13.42,0,0,2.5863,0,5.295
102,2010,174,400,13.44,0,0,3.1163,0,5.295
102,2010,174,500,13.46,0,0,3.0137,0,5.295
102,2010,174,600,13.46,0,0,2.0249,0,5.295
102,2010,174,700,13.47,0,0,2.4599,0,5.295
102,2010,174,800,13.46,69.446,49.458,15.036,0,17.57
102,2010,174,900,13.4,585.95,240.72,97.44,.65,138.6
102,2010,174,1000,13.32,1246.3,363.78,185.78,1,239.5
102,2010,174,1100,13.26,1480.8,479.7,207.28,.883,235.6
102,2010,174,1200,13.19,2660.6,539.97,357.18,1,483.8
102,2010,174,1300,13.16,2984.5,531.9,384.01,1,587.6
102,2010,174,1400,13.14,3073,550.76,388.64,1,628.9
102,2010,174,1500,13.12,2985.5,622.93,379.86,1,696.5
102,2010,174,1600,13.11,1903.8,674.84,246.11,.666,437
102,2010,174,1700,13.14,1472.7,486.7,206.25,.7,466.2
102,2010,174,1800,13.16,1237.2,317,183,.95,577.7
102,2010,174,1900,13.19,495.29,204.44,77.003,1,339
102,2010,174,2000,13.22,27.159,20.286,4.3273,.033,21.59
102,2010,174,2100,13.27,0,0,1.6927,0,5.476
102,2010,174,2200,13.3,0,0,1.8745,0,5.443
102,2010,174,2300,13.33,0,0,2.3492,0,5.388
101,2010,174,2400,13.11,20222,5082.5,2760.6,9.88
102,2010,174,2400,13.35,0,0,3.1244,0,5.377
102,2010,175,100,13.37,.00791,0,2.6893,0,5.344
102,2010,175,200,13.39,0,0,3.0056,0,5.333
102,2010,175,300,13.41,0,0,4.0021,0,5.366
102,2010,175,400,13.42,0,0,1.6214,0,5.3
102,2010,175,500,13.44,0,0,2.5074,0,5.306
102,2010,175,600,13.45,.09492,0,3.4883,0,5.317
102,2010,175,700,13.45,0,0,2.3255,0,5.317
102,2010,175,800,13.45,54.927,36.747,10.623,0,18.81
102,2010,175,900,13.38,581.51,218.4,95.943,.666,144
102,2010,175,1000,13.3,1375,342.48,206.77,1,258.3
102,2010,175,1100,13.26,2116.5,410.32,296.94,1,370.9
102,2010,175,1200,13.21,2665,436.23,357.37,1,507.2
102,2010,175,1300,13.19,2928.8,480.72,376.45,.983,574.9
102,2010,175,1400,13.15,3052.5,591.68,392.14,.983,580.2
102,2010,175,1500,13.11,2736.8,817.21,353.02,.883,549.6
102,2010,175,1600,13.11,2137,596,283,.783,549.8
102,2010,175,1700,13.15,1845.5,465.2,261.43,.95,621.3
102,2010,175,1800,13.18,1310.4,315.7,197.83,1,619.2
102,2010,175,1900,13.21,353.78,190.53,50.685,.317,159.8
102,2010,175,2000,13.24,11.66,11.058,1.6375,0,5.547
102,2010,175,2100,13.28,0,0,1.9774,0,5.476
102,2010,175,2200,13.32,0,0,2.199,0,5.383
102,2010,175,2300,13.35,0,0,2.9425,0,5.35
101,2010,175,2400,13.11,21170,4912.3,2914.2,9.56
102,2010,175,2400,13.37,0,0,3.6147,0,5.328
102,2010,176,100,13.39,.45084,.06819,3.8677,0,5.339
102,2010,176,200,13.39,.21355,0,2.0802,0,5.35
102,2010,176,300,13.4,0,0,1.3841,0,5.333
102,2010,176,400,13.41,.20564,0,2.4835,0,5.328
102,2010,176,500,13.41,.05536,0,2.0247,0,5.328
102,2010,176,600,13.41,.03164,0,1.3999,0,5.311
102,2010,176,700,13.42,0,0,2.1829,0,5.3
102,2010,176,800,13.43,21.189,18.333,5.5286,0,5.377
102,2010,176,900,13.42,167.48,151.08,23.886,0,9.36
102,2010,176,1000,13.39,488.45,444.98,68.13,0,12.06
102,2010,176,1100,13.38,462.08,428.79,64.447,0,8.09
102,2010,176,1200,13.34,920.23,858.44,129.37,0,14.21
102,2010,176,1300,13.32,1179.1,1091.3,161.85,0,7.05
102,2010,176,1400,13.25,2003.8,1476.5,275.01,.35,118.6
102,2010,176,1500,13.24,1803.1,1516.4,243.21,.217,69.91
102,2010,176,1600,13.23,1323.1,1060.5,182.41,.267,101.8
102,2010,176,1700,13.21,1764.4,1011.2,251.48,.6,367.1
102,2010,176,1800,13.22,518.1,457.96,66.965,.05,64.32
102,2010,176,1900,13.27,629.84,284.66,98.577,.916,378.2
102,2010,176,2000,13.29,22.844,17.487,3.5199,0,20.68
102,2010,176,2100,13.34,0,0,1.9616,0,5.306
102,2010,176,2200,13.37,0,0,2.9978,0,5.311
102,2010,176,2300,13.39,0,0,3.9468,0,5.3
101,2010,176,2400,13.21,11305,8817.7,1602.6,2.399
102,2010,176,2400,13.4,0,0,3.9072,0,5.3
102,2010,177,100,13.42,0,0,3.3455,0,5.3
102,2010,177,200,13.44,0,0,3.1637,0,5.289
102,2010,177,300,13.45,0,0,1.9379,0,5.267
102,2010,177,400,13.47,0,0,2.6339,0,5.262
102,2010,177,500,13.49,0,0,2.6734,0,5.24
102,2010,177,600,13.49,0,0,2.9187,0,5.246
102,2010,177,700,13.51,.12657,0,2.6895,0,5.252
102,2010,177,800,13.49,73.527,50.369,14.911,0,23.8
102,2010,177,900,13.42,618.56,197.67,101.8,.783,159
102,2010,177,1000,13.34,1378,297.91,204.73,1,267.2
102,2010,177,1100,13.27,2108.3,419.98,291.77,1,374.6
102,2010,177,1200,13.2,2669.8,451.25,357.74,1,505.9
102,2010,177,1300,13.16,2928.6,508.14,379.41,1,573.3
102,2010,177,1400,13.13,3089,538.24,392.71,1,617
102,2010,177,1500,13.11,2979.3,562.69,376.31,1,674.5
102,2010,177,1600,13.11,2371.1,677.43,306.1,.916,581.9
102,2010,177,1700,13.13,1933.1,622.03,263.34,.933,573.4
102,2010,177,1800,13.16,983.94,479.66,136.5,.533,332.3
102,2010,177,1900,13.19,517.17,204.45,77.331,.916,387.5
102,2010,177,2000,13.23,25.971,17.586,3.8446,.067,26.48
102,2010,177,2100,13.28,0,0,1.5345,0,5.382
102,2010,177,2200,13.3,0,0,2.088,0,5.339
102,2010,177,2300,13.34,0,0,3.0373,0,5.311
101,2010,177,2400,13.11,21677,5027.4,2935.6,10.15
102,2010,177,2400,13.37,0,0,3.069,0,5.306
102,2010,178,100,13.37,.46666,0,2.3333,0,5.328
102,2010,178,200,13.37,.31638,0,1.5977,0,5.322
102,2010,178,300,13.38,.06328,0,1.4,0,5.344
102,2010,178,400,13.38,0,0,1.1785,0,5.333
102,2010,178,500,13.39,0,0,1.6531,0,5.35
102,2010,178,600,13.4,0,0,1.0915,0,5.328
102,2010,178,700,13.4,.01582,0,1.9219,0,5.306
102,2010,178,800,13.42,46.587,38.732,9.5152,0,10.03
102,2010,178,900,13.35,607.84,385.74,100.73,.433,119.7
102,2010,178,1000,13.34,612.49,532.36,85.128,.033,33.74
102,2010,178,1100,13.3,849.93,633.62,119.67,.117,65.71
102,2010,178,1200,13.2,2410.8,913.07,331.41,.8,348.8
102,2010,178,1300,13.17,1817.4,951.34,247.78,.433,201.7
102,2010,178,1400,13.17,1718,1092.8,229.49,.283,155.8
102,2010,178,1500,13.17,1952.8,930.08,262.45,.5,308.8
102,2010,178,1600,13.18,1479.9,779.57,207.61,.367,227.4
102,2010,178,1700,13.18,1316.9,737.67,182.42,.466,277.6
102,2010,178,1800,13.2,943.42,447.29,138.86,.716,304.2
102,2010,178,1900,13.23,198.43,185.88,26.793,0,7.02
102,2010,178,2000,13.26,13.803,12.87,2.1041,0,5.536
102,2010,178,2100,13.29,0,0,.86215,0,5.487
102,2010,178,2200,13.31,0,0,1.9457,0,5.355
102,2010,178,2300,13.34,0,0,2.3491,0,5.344
101,2010,178,2400,13.17,13969,7641,1962.1,4.148
102,2010,178,2400,13.35,0,0,1.7718,0,5.328
102,2010,179,100,13.37,.01582,0,3.0215,0,5.333
102,2010,179,200,13.39,.20564,0,2.6813,0,5.333
102,2010,179,300,13.4,0,0,1.7559,0,5.322
102,2010,179,400,13.4,0,0,2.5547,0,5.317
102,2010,179,500,13.41,.07909,0,2.1276,0,5.344
102,2010,179,600,13.42,.11864,0,2.0248,0,5.328
102,2010,179,700,13.42,.22147,.01948,2.7208,0,5.322
102,2010,179,800,13.42,45.574,34.766,8.811,0,10.44
102,2010,179,900,13.4,225.94,204.85,32.705,0,11.41
102,2010,179,1000,13.36,730.58,649.32,106.05,0,44.48
102,2010,179,1100,13.27,1651.5,1117.9,234.1,.683,198
102,2010,179,1200,13.23,2151.9,1306.5,294.35,.716,215.9
102,2010,179,1300,13.19,2764.7,869.4,365.25,.883,471.1
102,2010,179,1400,13.2,1329.9,1185.1,175.97,.05,32.7
102,2010,179,1500,13.21,1452.1,1318.9,197.02,0,24.2
102,2010,179,1600,13.2,1448.6,1112.1,198.16,.233,109.2
102,2010,179,1700,13.24,654.27,614.61,89.343,0,10.93
102,2010,179,1800,13.27,473.21,439.76,65.408,0,5.9
102,2010,179,1900,13.27,243.03,225.53,33.601,0,7.05
102,2010,179,2000,13.3,26.181,24.14,3.7097,0,5.388
102,2010,179,2100,13.32,0,0,1.6847,0,5.3
102,2010,179,2200,13.34,0,0,1.5818,0,5.317
102,2010,179,2300,13.37,0,0,2.4441,0,5.295
101,2010,179,2400,12.91,13198,9102.9,1830.1,2.566
102,2010,179,2400,12.91,0,0,3.0531,0,5.295
102,2010,180,100,13.4,0,0,2.4203,0,5.295
102,2010,180,200,13.42,0,0,2.9659,0,5.295
102,2010,180,300,13.43,0,0,2.0881,0,5.295
102,2010,180,400,13.44,0,0,2.1038,0,5.295
102,2010,180,500,13.45,0,0,1.9932,0,5.295
102,2010,180,600,13.47,0,0,3.8362,0,5.295
102,2010,180,700,13.47,0,0,3.1006,0,5.295
102,2010,180,800,13.48,44.562,38.206,9.6259,0,9.18
102,2010,180,900,13.44,420.95,287.81,67.05,.233,79.2
102,2010,180,1000,13.4,673.47,583.47,94.982,.083,49.91
102,2010,180,1100,13.3,1900.6,878.06,269.73,.9,284.2
102,2010,180,1200,13.24,2547.2,803.46,345.03,1,408.1
102,2010,180,1300,13.2,2658.9,1172.6,352.59,.883,382.8
102,2010,180,1400,13.2,1389,1294.7,183.14,0,6.583
102,2010,180,1500,13.23,1847.5,1610.6,257.46,.1,75
102,2010,180,1600,13.21,2041.7,1417.8,288.73,.95,325.1
102,2010,180,1700,13.23,1240.9,1024.3,178.04,.283,144.3
102,2010,180,1800,13.24,1116.9,570.93,169.2,1,406.7
102,2010,180,1900,13.27,476.86,269.68,75.116,.7,238.4
102,2010,180,2000,13.3,15.219,13.678,2.895,0,8.33
102,2010,180,2100,13.34,0,0,1.6135,0,5.642
102,2010,180,2200,13.36,0,0,1.8509,0,5.625
102,2010,180,2300,13.37,0,0,1.6611,0,5.625
101,2010,180,2400,13.2,16374,9965.2,2319.1,6.131
102,2010,180,2400,13.38,0,0,1.93,0,5.625
102,2010,181,100,13.39,0,0,1.843,0,5.625
102,2010,181,200,13.39,0,0,1.4158,0,5.625
102,2010,181,300,13.4,0,0,2.7762,0,5.62
102,2010,181,400,13.42,0,0,3.219,0,5.625
102,2010,181,500,13.43,.00791,0,1.6372,0,5.609
102,2010,181,600,13.43,0,0,2.1987,0,5.598
102,2010,181,700,13.44,0,0,1.8033,0,5.576
102,2010,181,800,13.42,55.471,38.694,10.18,0,14.57
102,2010,181,900,13.38,535.68,226,92.209,.566,132.4
102,2010,181,1000,13.31,1247.4,371.3,193.32,1,244
102,2010,181,1100,13.25,1994.5,455.46,282.66,1,358.6
102,2010,181,1200,13.18,2521.1,559.63,345.47,.983,470.2
102,2010,181,1300,13.17,2440.4,802.78,322.03,.7,391.8
102,2010,181,1400,13.17,2568.5,712.25,338.48,.766,451.5
102,2010,181,1500,13.15,2493.3,720.14,329.76,.783,513.7
102,2010,181,1600,13.15,2390.2,630.08,323.92,.9,594.2
102,2010,181,1700,13.15,1621.6,583.07,230.33,.716,465.9
102,2010,181,1800,13.18,1321.8,539.79,200.41,1,493.1
102,2010,181,1900,13.22,345.24,222.73,50.177,.733,170
102,2010,181,2000,13.25,38.895,30.698,7.491,0,21.33
102,2010,181,2100,13.28,0,0,2.2463,0,5.294
102,2010,181,2200,13.32,0,0,3.14,0,5.295
102,2010,181,2300,13.35,0,0,3.5436,0,5.295
101,2010,181,2400,13.15,19574,5892.6,2754,9.15
102,2010,181,2400,13.38,0,0,3.7729,0,5.295
102,2010,182,100,13.4,0,0,4.5953,0,5.289
102,2010,182,200,13.41,0,0,3.1083,0,5.278
102,2010,182,300,13.43,0,0,3.4803,0,5.206
102,2010,182,400,13.45,0,0,3.7255,0,5.162
102,2010,182,500,13.47,0,0,3.67,0,5.141
102,2010,182,600,13.48,0,0,4.2869,0,5.102
102,2010,182,700,13.49,0,0,3.5276,0,5.031
102,2010,182,800,13.49,48.244,36.495,10.291,0,12.88
102,2010,182,900,13.45,475.82,299.9,76.486,.217,92.3
102,2010,182,1000,13.35,1242,359.89,189.54,1,234
102,2010,182,1100,13.27,2065.5,401,297.33,1,371
102,2010,182,1200,13.22,2580,459.73,355.46,1,494.7
102,2010,182,1300,13.19,2844.6,511.12,379.68,1,548.6
102,2010,182,1400,13.16,3105.5,566.4,403.75,1,584.7
102,2010,182,1500,13.15,2733.9,622.91,360.22,1,597.6
102,2010,182,1600,13.14,2318.1,687.1,315.87,.866,569.7
102,2010,182,1700,13.16,1527.8,794.38,213.69,.616,325.4
102,2010,182,1800,13.19,991.73,577.98,147.05,1,294.9
102,2010,182,1900,13.24,231.93,161.51,34.6,.25,91
102,2010,182,2000,13.27,29.109,20.975,6.3359,.05,22.6
102,2010,182,2100,13.32,0,0,3.227,0,5.294
102,2010,182,2200,13.34,0,0,3.5672,0,5.295
102,2010,182,2300,13.36,0,0,2.9346,0,5.295
101,2010,182,2400,13.14,20194,5499.4,2829.3,9
102,2010,182,2400,13.38,0,0,2.887,0,5.295
102,2010,183,100,13.39,0,0,3.7412,0,5.278
102,2010,183,200,13.41,0,0,1.6688,0,5.217
102,2010,183,300,13.43,0,0,2.1593,0,5.068
102,2010,183,400,13.45,0,0,3.0294,0,5.03
102,2010,183,500,13.46,0,0,2.9582,0,5.008
102,2010,183,600,13.47,0,0,4.3502,0,5.02
102,2010,183,700,13.48,0,0,3.235,0,5.053
102,2010,183,800,13.48,47.157,27.062,8.8746,0,19.85
102,2010,183,900,13.4,626.85,177.69,101.38,.85,165.9
102,2010,183,1000,13.32,1426.2,282.15,215.09,1,267.3
102,2010,183,1100,13.27,2162.8,381.47,304.81,1,370.1
102,2010,183,1200,13.24,2667.7,357.9,359.05,1,511.1
102,2010,183,1300,13.2,2979.7,365.08,388.52,1,590.6
102,2010,183,1400,13.18,3095.2,462.66,397.52,1,634.7
102,2010,183,1500,13.16,2610.4,699.29,340.42,.816,544.4
102,2010,183,1600,13.16,1741.2,859.39,235.44,.5,310.5
102,2010,183,1700,13.17,1317.6,723.5,188.13,.433,253.4
102,2010,183,1800,13.19,1034.8,413.03,156.47,.7,412.2
102,2010,183,1900,13.22,548.71,188.13,86.906,.966,386.5
102,2010,183,2000,13.25,19.436,14.468,2.9111,0,14.85
102,2010,183,2100,13.3,0,0,1.5424,0,5.294
102,2010,183,2200,12.84,0,0,1.9536,0,5.294
102,2010,183,2300,12.81,0,0,2.4758,0,5.295
101,2010,183,2400,12.79,20278,4951.8,2816.1,9.26
102,2010,183,2400,12.79,0,0,3.504,0,5.295
102,2010,184,100,12.78,0,0,3.8281,0,5.295
102,2010,184,200,12.77,0,0,3.3298,0,5.295
102,2010,184,300,12.76,0,0,3.4643,0,5.272
102,2010,184,400,12.76,0,0,3.8361,0,5.201
102,2010,184,500,12.75,0,0,2.6735,0,5.185
102,2010,184,600,12.74,0,0,3.4565,0,5.069
102,2010,184,700,12.74,0,0,4.3344,0,5.185
102,2010,184,800,12.74,57.101,36.405,12.861,0,20.68
102,2010,184,900,12.74,596.86,205.49,95.255,.733,152.3
102,2010,184,1000,12.74,1361.5,308.6,205.24,1,262.6
102,2010,184,1100,12.77,2111.6,351.78,298.05,1,377.4
102,2010,184,1200,12.79,2642.7,374.87,355.96,1,505.7
102,2010,184,1300,12.81,2941.8,426.36,379.41,1,564.2
102,2010,184,1400,12.82,2947.5,678.83,379.28,.916,525.7
102,2010,184,1500,13.14,2922.7,651.16,383.98,1,633.3
102,2010,184,1600,13.14,2407.5,459.99,324.33,.9,652.3
102,2010,184,1700,13.14,1887.8,424.68,268.41,.933,627.3
102,2010,184,1800,13.16,1369.6,345.26,208.07,1,626.8
102,2010,184,1900,13.2,586.99,192.35,94.109,1,430.9
102,2010,184,2000,13.24,39.348,22.273,7.2858,.183,47.37
102,2010,184,2100,13.29,0,0,1.5898,0,5.294
102,2010,184,2200,13.33,0,0,2.3569,0,5.294
102,2010,184,2300,13.36,0,0,3.8758,0,5.295
101,2010,184,2400,12.74,21873,4478,3048.6,10.66
102,2010,184,2400,13.38,0,0,3.5831,0,5.295
102,2010,185,100,13.4,0,0,4.4451,0,5.261
102,2010,185,200,13.42,.01582,0,5.4415,0,5.283
102,2010,185,300,13.42,0,0,2.6417,0,5.195
102,2010,185,400,13.45,0,0,3.4406,0,5.107
102,2010,185,500,13.47,0,0,3.4565,0,5.014
102,2010,185,600,13.49,0,0,3.9629,0,4.992
102,2010,185,700,13.5,.00791,0,3.5359,0,5.031
102,2010,185,800,13.5,54.455,35.521,14.341,0,19.97
102,2010,185,900,13.44,595.46,207.48,96.132,.75,154
102,2010,185,1000,13.33,1386.4,311.41,206.2,1,279.9
102,2010,185,1100,13.27,2138.3,419.23,293.77,1,410.9
102,2010,185,1200,13.22,2636.6,546.08,349.33,1,516.1
102,2010,185,1300,13.2,2932.8,590.08,380.52,1,608.1
102,2010,185,1400,13.17,3091.9,570.72,391.41,1,659
102,2010,185,1500,13.11,2987.8,577.19,378.16,1,699.4
102,2010,185,1600,13.15,2688.7,582.13,343.98,1,720
102,2010,185,1700,13.16,1997.6,557.56,278.82,1,679.9
102,2010,185,1800,13.17,1265.9,529.53,183.73,1,517.1
102,2010,185,1900,13.2,437.77,255.25,69.169,.766,227.1
102,2010,185,2000,13.24,24.5,20.636,4.4775,0,14.21
102,2010,185,2100,13.29,0,0,1.3684,0,5.294
102,2010,185,2200,13.33,0,0,2.2621,0,5.294
102,2010,185,2300,13.36,0,0,2.8713,0,5.295
101,2010,185,2400,13.11,22238,5202.8,3027.2,10.51
102,2010,185,2400,13.37,0,0,3.7255,0,5.295
102,2010,186,100,13.39,0,0,2.3412,0,5.295
102,2010,186,200,13.41,0,0,2.9106,0,5.272
102,2010,186,300,13.42,0,0,2.6812,0,5.206
102,2010,186,400,13.44,0,0,2.8236,0,5.201
102,2010,186,500,13.46,0,0,2.4678,0,5.113
102,2010,186,600,13.49,0,0,3.4802,0,5.18
102,2010,186,700,13.5,0,0,3.2985,0,5.301
102,2010,186,800,13.51,47.613,31.722,10.157,0,15.56
102,2010,186,900,13.45,521.47,206.27,89.186,.716,142
102,2010,186,1000,13.36,1260.3,342.35,188.01,1,263.2
102,2010,186,1100,13.27,2046,414.18,281.44,1,395.3
102,2010,186,1200,13.23,2658.3,430.65,353.49,1,539.4
102,2010,186,1300,13.11,2962.9,457.4,382.69,1,640.6
102,2010,186,1400,13.17,3121.6,453.51,394.77,1,684.8
102,2010,186,1500,13.16,3016,472.14,379.71,1,735
102,2010,186,1600,12.88,2704.6,477.07,346.21,1,761
102,2010,186,1700,12.87,2050.2,396.03,282.54,1,743
102,2010,186,1800,12.84,1365.7,357.82,202.55,1,652.3
102,2010,186,1900,12.83,403.86,209.23,58.854,.483,220.6
102,2010,186,2000,12.81,26.699,19.837,4.9918,0,21.5
102,2010,186,2100,12.79,0,0,1.9141,0,5.294
102,2010,186,2200,12.78,0,0,2.5074,0,5.294
102,2010,186,2300,12.77,0,0,2.6814,0,5.295
101,2010,186,2400,12.77,22185,4268.2,3005.7,10.2
102,2010,186,2400,12.77,0,0,3.9389,0,5.295
102,2010,187,100,12.76,0,0,4.5953,0,5.267
102,2010,187,200,12.75,0,0,3.5433,0,5.25
102,2010,187,300,12.75,0,0,3.4009,0,5.289
102,2010,187,400,12.74,0,0,4.3028,0,5.234
102,2010,187,500,12.73,0,0,2.1593,0,5.284
102,2010,187,600,12.72,0,0,4.0026,0,5.318
102,2010,187,700,12.72,0,0,3.7891,0,5.302
102,2010,187,800,12.72,44.637,32.549,9.8798,0,13.63
102,2010,187,900,12.72,504.43,226.32,84.932,.566,128.1
102,2010,187,1000,13.33,1286,384.86,190.55,1,259.5
102,2010,187,1100,13.26,1983.8,482.82,279.39,1,383.5
102,2010,187,1200,13.21,2508.1,570.27,348.86,1,499.3
102,2010,187,1300,13.18,2824.2,609.57,383.45,1,582.4
102,2010,187,1400,13.15,3031.5,566.11,388.97,1,639
102,2010,187,1500,13.14,2947.5,515.88,375.78,1,706
102,2010,187,1600,13.14,2574.7,491.3,335.19,1,724
102,2010,187,1700,12.92,1956.3,433.72,275.57,1,699
102,2010,187,1800,12.88,1260.7,346.67,189.22,1,592.8
102,2010,187,1900,13.2,521.79,197.12,84.091,1,361.1
102,2010,187,2000,13.25,32.283,21.921,6.7556,.067,28.35
102,2010,187,2100,13.29,0,0,1.748,0,5.294
102,2010,187,2200,13.33,0,0,2.5548,0,5.294
102,2010,187,2300,13.36,0,0,2.7131,0,5.295
101,2010,187,2400,12.72,21476,4879.1,2989.2,10.63
102,2010,187,2400,13.39,0,0,3.7254,0,5.295
102,2010,188,100,13.41,0,0,4.1603,0,5.283
102,2010,188,200,13.42,0,0,4.0811,0,5.25
102,2010,188,300,13.44,0,0,3.2427,0,5.19
102,2010,188,400,13.46,0,0,3.7333,0,5.284
102,2010,188,500,13.47,.14237,.01948,4.3977,0,5.295
102,2010,188,600,13.47,.43502,0,2.6971,0,5.295
102,2010,188,700,13.47,0,0,2.3175,0,5.273
102,2010,188,800,13.49,45.045,32.245,10.646,0,15.38
102,2010,188,900,13.45,513.42,227.45,87.781,.6,136
102,2010,188,1000,13.35,1349.4,360.7,196.47,1,282.8
102,2010,188,1100,12.85,2108.3,418.48,286.1,1,413.5
102,2010,188,1200,12.85,2644.3,436.06,348.87,1,542.7
102,2010,188,1300,12.85,2946.5,472.23,377.68,1,634
102,2010,188,1400,12.86,3016.5,527.17,369.27,1,635.6
102,2010,188,1500,13.14,2198.7,1094.3,271.24,.616,338.5
102,2010,188,1600,12.88,1256.5,1050.1,160.22,.167,96.9
102,2010,188,1700,12.86,1473.4,909.21,203.75,.733,302.1
102,2010,188,1800,13.2,834.22,636.74,114.03,.45,172
102,2010,188,1900,13.24,480.1,263.9,72.265,.933,271.4
102,2010,188,2000,13.26,20.385,16.075,3.4015,.033,14.55
102,2010,188,2100,13.3,0,0,2.104,0,5.294
102,2010,188,2200,13.34,0,0,2.1671,0,5.294
102,2010,188,2300,13.35,0,0,2.3492,0,5.295
101,2010,188,2400,12.85,18887,6444.7,2535.3,8.53
102,2010,188,2400,13.37,0,0,2.3176,0,5.295
102,2010,189,100,13.4,0,0,3.5118,0,5.295
102,2010,189,200,13.42,.05536,0,2.618,0,5.295
102,2010,189,300,13.42,.07909,0,2.5467,0,5.278
102,2010,189,400,13.43,0,0,2.7602,0,5.295
102,2010,189,500,13.45,0,0,2.7918,0,5.261
102,2010,189,600,13.46,.03164,0,3.2823,0,5.24
102,2010,189,700,13.47,1.2655,.25328,4.3423,0,5.289
102,2010,189,800,13.47,45.311,33.654,10.377,0,14.62
102,2010,189,900,13.42,533.38,248.97,88.161,.616,140.7
102,2010,189,1000,13.35,1106.7,450.28,158.85,.783,228.4
102,2010,189,1100,13.3,1786.7,682.24,245.24,1,328.7
102,2010,189,1200,13.24,2486.9,874.62,340.15,.866,411.7
102,2010,189,1300,13.21,2220.6,934.27,293.44,.666,332
102,2010,189,1400,13.2,2237.3,1450.7,297.13,.583,206.6
102,2010,189,1500,13.2,1345.5,1206.9,173.12,.017,31.83
102,2010,189,1600,13.23,902.46,803.69,119.25,.117,36.25
102,2010,189,1700,13.24,1127.2,751.97,158.39,.433,233.9
102,2010,189,1800,13.24,1312.1,441.48,193.47,1,566.1
102,2010,189,1900,13.26,544.98,281.33,82.072,.733,272.3
102,2010,189,2000,13.28,13.914,12.957,1.8431,0,5.492
102,2010,189,2100,12.85,0,0,1.0441,0,5.294
102,2010,189,2200,13.33,0,0,1.7875,0,5.294
102,2010,189,2300,13.36,0,0,2.3888,0,5.295
101,2010,189,2400,12.85,15664,8173.3,2191.8,6.814
102,2010,189,2400,13.38,0,0,3.2509,0,5.295
102,2010,190,100,13.4,0,0,3.1084,0,5.295
102,2010,190,200,13.42,0,0,3.9704,0,5.295
102,2010,190,300,13.44,0,0,3.5274,0,5.289
102,2010,190,400,13.45,0,0,2.6494,0,5.289
102,2010,190,500,13.47,.00791,0,2.3885,0,5.824
102,2010,190,600,13.48,.20564,0,3.7965,0,5.615
102,2010,190,700,13.48,0,0,3.2032,0,5.554
102,2010,190,800,13.49,37.989,30.14,7.7908,0,11.05
102,2010,190,900,13.44,508.03,241.84,83.626,.566,132.1
102,2010,190,1000,13.35,1292.2,400.82,188.34,1,275.2
102,2010,190,1100,13.3,2020.3,524.92,282.26,1,394.4
102,2010,190,1200,12.99,2560.2,576.83,346.01,1,512
102,2010,190,1300,13.21,2864.2,636.61,375.02,1,583.5
102,2010,190,1400,13.19,3114.6,837.01,399.84,1,605.6
102,2010,190,1500,13.18,1776.2,1172.8,226.95,.267,189
102,2010,190,1600,13.18,2251.4,1033.2,304.06,.683,436
102,2010,190,1700,12.86,1532.7,678.68,208.1,.633,401.4
102,2010,190,1800,12.83,506.73,434.97,69.201,.033,33.87
102,2010,190,1900,13.2,406.15,247.49,63.268,.75,208.1
102,2010,190,2000,13.27,27.045,21.19,5.1654,0,18.01
102,2010,190,2100,13.32,0,0,2.183,0,5.294
102,2010,190,2200,13.35,.02373,0,1.6136,0,5.295
102,2010,190,2300,13.37,0,0,2.7368,0,5.295
101,2010,190,2400,12.83,18898,6836.6,2591.9,7.93
102,2010,190,2400,13.39,.18192,0,3.1243,0,5.295
102,2010,191,100,13.4,.11073,0,2.3175,0,5.295
102,2010,191,200,13.41,0,0,2.3175,0,5.289
102,2010,191,300,13.42,0,0,3.5117,0,5.295
102,2010,191,400,13.43,0,0,2.7444,0,5.295
102,2010,191,500,13.42,0,0,2.4754,0,5.295
102,2010,191,600,13.4,0,0,1.9851,0,5.3
102,2010,191,700,13.45,.03954,0,1.7399,0,5.295
102,2010,191,800,13.44,21.813,19.014,5.2833,0,5.295
102,2010,191,900,13.43,180.85,166.64,27.127,0,6.398
102,2010,191,1000,13.37,808.62,503.88,118.71,.333,105.8
102,2010,191,1100,13.28,1892.4,634.5,268.34,1,366.3
102,2010,191,1200,13.22,2380.8,753.86,320.96,1,453.8
102,2010,191,1300,12.82,2186.3,1217.1,288.56,.833,290.1
102,2010,191,1400,12.96,2715.1,990.69,354.49,.883,445.5
102,2010,191,1500,13.12,2673.7,1098.8,348.44,.95,490.9
102,2010,191,1600,13.12,1299.6,1063.4,168.4,.15,90.2
102,2010,191,1700,13.16,1100.6,923.37,148.41,.183,83.7
102,2010,191,1800,13.18,673.61,577.6,94.975,.3,102.2
102,2010,191,1900,13.21,250.4,198.32,36.414,.2,61.89
102,2010,191,2000,13.24,12.443,11.321,1.9381,0,5.293
102,2010,191,2100,13.28,0,0,1.0204,0,5.294
102,2010,191,2200,13.31,0,0,2.2541,0,5.294
102,2010,191,2300,13.33,0,0,1.8745,0,5.295
101,2010,191,2400,12.82,16196,8158.6,2207.3,5.831
102,2010,191,2400,13.35,0,0,3.0453,0,5.295
102,2010,192,100,13.37,.00791,0,2.539,0,5.295
102,2010,192,200,13.38,0,0,2.4836,0,5.295
102,2010,192,300,13.39,0,0,2.3649,0,5.295
102,2010,192,400,13.4,0,0,1.914,0,5.295
102,2010,192,500,13.42,0,0,2.5625,0,5.295
102,2010,192,600,13.43,0,0,2.2145,0,5.295
102,2010,192,700,13.45,0,0,2.5545,0,5.295
102,2010,192,800,13.46,38.144,31.881,7.2918,0,8.39
102,2010,192,900,13.42,451.8,271.21,72.454,.383,99.3
102,2010,192,1000,13.35,1080.8,524.66,161.25,.983,221.6
102,2010,192,1100,13.27,1810.8,753.3,250.3,.95,323.3
102,2010,192,1200,13.22,2436,737.85,321.68,1,467.1
102,2010,192,1300,13.2,2528.1,1000.6,331.43,.8,399.7
102,2010,192,1400,13.17,2644.4,1043.6,346.54,.783,415.3
102,2010,192,1500,13.04,2412.8,990.25,314.77,.766,435.4
102,2010,192,1600,13.15,2421.3,866.96,328.75,.966,573.9
102,2010,192,1700,13.15,1355.6,710.41,185.76,.8,363
102,2010,192,1800,13.17,1175.1,582.21,178.42,.916,421
102,2010,192,1900,13.19,463.71,239.11,73.496,.85,255.6
102,2010,192,2000,13.23,16.534,14.02,3.3226,0,10.03
102,2010,192,2100,13.27,0,0,1.5741,0,5.294
102,2010,192,2200,13.3,0,0,2.5864,0,5.294
102,2010,192,2300,13.34,0,0,2.9266,0,5.295
101,2010,192,2400,13.04,18835,7766,2602.8,9.2
102,2010,192,2400,13.36,0,0,3.6306,0,5.295
102,2010,193,100,13.38,0,0,4.2554,0,5.295
102,2010,193,200,13.4,0,0,2.7762,0,5.289
102,2010,193,300,13.41,0,0,2.1513,0,5.267
102,2010,193,400,13.43,0,0,3.9148,0,5.278
102,2010,193,500,13.44,0,0,2.9183,0,5.245
102,2010,193,600,13.46,0,0,2.8473,0,5.273
102,2010,193,700,13.47,.00791,0,3.4644,0,5.295
102,2010,193,800,13.48,42.222,33.297,10.504,0,12.62
102,2010,193,900,13.42,501.6,264.32,83.1,.55,132.1
102,2010,193,1000,13.35,1247.6,435.55,182.29,1,273.4
102,2010,193,1100,13.05,1952,559.36,266.85,1,397.4
102,2010,193,1200,13.22,2212.7,807.24,295.34,1,418.3
102,2010,193,1300,13.18,2715,719.25,356.88,.933,520.5
102,2010,193,1400,13.17,2637.2,945.99,344.98,.8,417.8
102,2010,193,1500,13.16,2014.1,869.5,261.3,.566,331.9
102,2010,193,1600,13.16,2008.6,734.9,271.28,.7,471.8
102,2010,193,1700,13.15,1572,643.76,221.19,.8,447.7
102,2010,193,1800,12.86,766.94,441.46,111.54,.417,219.2
102,2010,193,1900,12.86,184.24,161.22,23.408,0,29.56
102,2010,193,2000,13.25,11.581,10.016,3.2512,0,6.341
102,2010,193,2100,12.96,0,0,1.8509,0,5.294
102,2010,193,2200,13.31,0,0,2.6496,0,5.294
102,2010,193,2300,13.34,0,0,3.2192,0,5.295
101,2010,193,2400,12.86,17866,6625.9,2465.6,7.76
102,2010,193,2400,13.35,0,0,3.607,0,5.289
102,2010,194,100,13.37,0,0,4.5165,0,5.283
102,2010,194,200,13.38,0,0,3.5277,0,5.272
102,2010,194,300,13.4,0,0,1.835,0,5.256
102,2010,194,400,13.41,0,0,1.6451,0,5.278
102,2010,194,500,13.43,0,0,1.8586,0,5.256
102,2010,194,600,13.44,0,0,1.7083,0,5.223
102,2010,194,700,13.45,0,0,1.7003,0,5.129
102,2010,194,800,13.46,48.552,38.65,9.0714,0,11.83
102,2010,194,900,13.42,457.86,226.35,71.914,.4,109.2
102,2010,194,1000,13.32,1271.9,411.17,186.72,1,282.8
102,2010,194,1100,13.26,2032.1,489.53,272.51,1,418.8
102,2010,194,1200,12.86,2588.6,673.17,337.03,.983,513.1
102,2010,194,1300,12.85,2298,1072.6,295.22,.683,314.7
102,2010,194,1400,13.2,1748.8,1344.8,223.06,.283,94.2
102,2010,194,1500,13.2,1589.6,1021,209.29,.383,179.7
102,2010,194,1600,12.86,1858.9,1014.4,251.3,.633,310.3
102,2010,194,1700,12.83,1144,693,159.86,.383,226.7
102,2010,194,1800,13.25,768.68,480.45,108.7,.433,190.9
102,2010,194,1900,13.26,250.45,218.05,34.466,0,23.37
102,2010,194,2000,13.27,20.377,18.715,3.6941,0,5.294
102,2010,194,2100,13.3,0,0,.8147,0,5.294
102,2010,194,2200,13.32,0,0,1.0045,0,5.294
102,2010,194,2300,13.34,0,0,1.7479,0,5.295
101,2010,194,2400,12.83,16078,7701.9,2185.5,6.181
102,2010,194,2400,13.35,.00791,0,2.3096,0,5.295
102,2010,195,100,13.35,0,0,2.1357,0,5.295
102,2010,195,200,13.37,0,0,1.7085,0,5.283
102,2010,195,300,13.39,0,0,2.8949,0,5.272
102,2010,195,400,13.41,.06327,0,3.7806,0,5.245
102,2010,195,500,13.42,.01582,0,1.7321,0,5.168
102,2010,195,600,13.44,.03954,0,2.5229,0,5.157
102,2010,195,700,13.44,0,0,3.203,0,5.234
102,2010,195,800,13.46,42.58,34.51,11.388,0,11.22
102,2010,195,900,13.41,421.82,255.05,69.035,.317,97
102,2010,195,1000,13.35,1051.7,456.54,152.56,1,212.7
102,2010,195,1100,13.29,1637.9,613.54,244.76,1,331.9
102,2010,195,1200,13.25,2193.5,682.07,307.82,1,423.6
102,2010,195,1300,13.19,2858.5,708.34,371.73,1,545.6
102,2010,195,1400,13.2,2621.6,847.45,326.73,.783,424
102,2010,195,1500,13.18,2682.5,1053.4,349.26,.816,474.4
102,2010,195,1600,13.17,2376.6,787.09,309.31,.866,555.2
102,2010,195,1700,13.19,1771.1,613.19,244.56,.966,562.1
102,2010,195,1800,13.2,1217.4,444.87,176.87,1,511.2
102,2010,195,1900,13.24,565.74,252.52,86.766,.933,341
102,2010,195,2000,13.25,35.313,28.176,6.4787,0,20.4
102,2010,195,2100,13.3,0,0,1.9299,0,5.294
102,2010,195,2200,13.33,0,0,2.8158,0,5.294
102,2010,195,2300,13.35,0,0,2.7843,0,5.295
101,2010,195,2400,13.17,19476,6776.8,2686,9.68
102,2010,195,2400,13.38,0,0,3.1876,0,5.267
102,2010,196,100,13.4,0,0,3.4959,0,5.283
102,2010,196,200,13.41,0,0,3.1795,0,5.267
102,2010,196,300,13.43,0,0,2.1987,0,5.239
102,2010,196,400,13.43,0,0,2.2382,0,5.245
102,2010,196,500,13.43,0,0,1.5422,0,5.223
102,2010,196,600,13.44,0,0,2.3331,0,5.173
102,2010,196,700,13.46,0,0,2.8075,0,5.162
102,2010,196,800,13.46,31.413,28.023,8.0825,0,5.465
102,2010,196,900,13.44,201.32,182.92,30.598,0,13.41
102,2010,196,1000,13.36,1216.6,544.29,178.98,.766,221.8
102,2010,196,1100,13.26,1813.7,541.29,268.93,1,409.6
102,2010,196,1200,13.22,2392.7,611.23,326.87,.983,501.1
102,2010,196,1300,13.2,2611.3,1040.8,340.42,.766,368.5
102,2010,196,1400,13.17,2621.7,1307.9,341.3,.566,324.3
102,2010,196,1500,13.17,1479.6,1205.2,191.46,.117,83.3
102,2010,196,1600,13.18,1577.6,1104.6,208.78,.6,211.5
102,2010,196,1700,13.18,1609.8,1015.1,223.64,.566,281.3
102,2010,196,1800,13.2,959.17,725.74,132.06,.666,180.6
102,2010,196,1900,13.25,357.25,279.72,52.391,.183,87.4
102,2010,196,2000,13.28,51.557,38.247,10.615,.067,30.56
102,2010,196,2100,13.31,0,0,1.6214,0,5.294
102,2010,196,2200,13.34,0,0,2.1672,0,5.295
102,2010,196,2300,13.36,0,0,3.2826,0,5.295
101,2010,196,2400,13.17,16924,8625.1,2343.1,6.281
102,2010,196,2400,13.37,0,0,4.1605,0,5.289
102,2010,197,100,13.4,.01582,0,3.9785,0,5.295
102,2010,197,200,13.4,0,0,2.4677,0,5.272
102,2010,197,300,13.42,0,0,2.5467,0,5.25
102,2010,197,400,13.44,.22145,0,3.2031,0,5.206
102,2010,197,500,13.44,0,0,2.4676,0,5.151
102,2010,197,600,13.45,0,0,2.9657,0,5.157
102,2010,197,700,13.47,0,0,3.5984,0,5.239
102,2010,197,800,13.48,9.7438,7.9581,3.9623,0,5.245
102,2010,197,900,13.44,337.84,193.65,54.869,.267,78.5
102,2010,197,1000,13.35,1096.3,435.66,160.86,1,251.3
102,2010,197,1100,13.27,1812,589.8,270.35,1,407.6
102,2010,197,1200,13.24,2106.8,812.93,290.26,.866,364.5
102,2010,197,1300,13.23,2331.2,1012.2,304.29,.783,322.7
102,2010,197,1400,13.2,3023.9,812.59,387.11,.9,532.9
102,2010,197,1500,13.17,2530.1,867.7,323.98,.766,496.5
102,2010,197,1600,13.17,2375.3,738.62,313.08,.866,566.1
102,2010,197,1700,13.18,1626.1,582.52,225.89,.783,500
102,2010,197,1800,13.2,869.78,422.55,122.61,.516,295.5
102,2010,197,1900,13.24,420.16,212.07,65.69,.9,240.9
102,2010,197,2000,13.28,33.436,24.472,6.9767,.033,21.58
102,2010,197,2100,13.31,0,0,2.0723,0,5.294
102,2010,197,2200,13.34,0,0,3.0849,0,5.294
102,2010,197,2300,13.36,0,0,3.947,0,5.295
101,2010,197,2400,13.17,18573,6712.7,2564.8,8.68
102,2010,197,2400,13.38,0,0,4.548,0,5.283
102,2010,198,100,13.4,0,0,3.8914,0,5.245
102,2010,198,200,13.42,0,0,3.0371,0,5.245
102,2010,198,300,13.42,0,0,3.4246,0,5.157
102,2010,198,400,13.44,0,0,2.9104,0,5.046
102,2010,198,500,13.46,0,0,3.1239,0,5.013
102,2010,198,600,13.47,0,0,3.1952,0,5.03
102,2010,198,700,13.49,.00791,0,3.1797,0,5.086
102,2010,198,800,13.5,46.519,30.883,9.6267,0,16.19
102,2010,198,900,13.45,532.68,209.23,87.616,.683,159.5
102,2010,198,1000,13.35,1310.7,338.87,191.55,1,310.1
102,2010,198,1100,13.25,1881.4,408.97,273.52,1,446.2
102,2010,198,1200,13.21,2484.3,466.34,332.86,1,551.9
102,2010,198,1300,13.17,2944,492.57,372.02,1,604.1
102,2010,198,1400,13.13,3286.9,614.44,410.39,1,636.3
102,2010,198,1500,13.12,2963.3,768.75,375.52,.916,606.2
102,2010,198,1600,13.12,2256.7,698.89,288.71,.733,522.4
102,2010,198,1700,13.14,2006.3,619.15,273.43,.9,602.2
102,2010,198,1800,13.16,1075.9,405.62,147.4,.75,429.1
102,2010,198,1900,13.2,638.36,240.55,96.685,1,423
102,2010,198,2000,13.24,54.427,37.112,10.26,.15,44.44
102,2010,198,2100,13.29,0,0,2.8633,0,5.294
102,2010,198,2200,13.31,0,0,3.5039,0,5.294
102,2010,198,2300,13.35,0,0,3.7415,0,5.295
101,2010,198,2400,13.12,21482,5331.4,2906.6,10.13
102,2010,198,2400,13.36,0,0,4.1447,0,5.283
102,2010,199,100,13.39,0,0,4.6587,0,5.289
102,2010,199,200,13.4,0,0,3.3931,0,5.267
102,2010,199,300,13.42,0,0,3.1399,0,5.157
102,2010,199,400,13.43,0,0,2.7918,0,5.14
102,2010,199,500,13.45,0,0,3.3612,0,5.184
102,2010,199,600,13.46,.15817,0,2.6178,0,5.19
102,2010,199,700,13.47,.04745,0,3.63,0,5.223
102,2010,199,800,13.47,26.043,22.334,7.0702,0,6.287
102,2010,199,900,13.42,517.7,285.87,85.397,.566,119.5
102,2010,199,1000,13.32,1376.3,406.73,198.71,1,325.9
102,2010,199,1100,13.25,1946.1,408.76,283.43,1,464.2
102,2010,199,1200,13.22,2633.3,510.5,352.24,1,596.8
102,2010,199,1300,13.17,3042.3,855.39,387.15,1,596.7
102,2010,199,1400,13.17,2511.8,1212.2,323.29,.933,305.6
102,2010,199,1500,13.17,2316.1,1289.3,301.78,.75,316.4
102,2010,199,1600,13.17,2399.5,806.64,319.89,1,594.7
102,2010,199,1700,13.16,1912.7,716.04,265.99,.966,568.5
102,2010,199,1800,13.18,1389.7,503.01,199.54,1,561.4
102,2010,199,1900,13.22,550.12,345.58,78.46,.716,212.4
102,2010,199,2000,13.25,24.483,21.366,4.8095,0,10.92
102,2010,199,2100,13.3,0,0,2.8237,0,5.294
102,2010,199,2200,13.33,0,0,3.1797,0,5.295
102,2010,199,2300,13.36,0,0,4.6036,0,5.295
101,2010,199,2400,13.16,20646,7383.7,2845.8,9.93
102,2010,199,2400,13.38,0,0,3.852,0,5.278
102,2010,200,100,13.4,0,0,3.5592,0,5.267
102,2010,200,200,13.42,0,0,3.1557,0,5.184
102,2010,200,300,13.44,0,0,4.5792,0,5.146
102,2010,200,400,13.46,0,0,3.717,0,5.101
102,2010,200,500,13.47,0,0,4.8005,0,5.135
102,2010,200,600,13.49,0,0,3.0611,0,5.097
102,2010,200,700,13.5,0,0,3.8128,0,5.064
102,2010,200,800,13.51,23.619,19.971,6.6286,0,5.798
102,2010,200,900,13.48,241.24,151.45,33.864,.233,59.04
102,2010,200,1000,13.43,525.79,480.32,70.782,0,47.44
102,2010,200,1100,13.3,1756.9,697.67,253.09,.8,327.9
102,2010,200,1200,13.23,2552.3,495.15,344.04,1,562.3
102,2010,200,1300,13.18,2906,644.53,369.32,.966,561
102,2010,200,1400,13.16,2941.4,725.97,372.19,.833,511.9
102,2010,200,1500,13.14,2618.8,673.63,332.33,.783,529.8
102,2010,200,1600,13.15,2210.6,745.42,288,.65,470.9
102,2010,200,1700,13.17,2147.7,576.12,298.82,1,690.3
102,2010,200,1800,13.18,1284.8,394.46,180.92,.883,541.4
102,2010,200,1900,13.22,610.81,263.58,92.581,.916,361.6
102,2010,200,2000,13.26,34.648,29.9,6.2572,0,11.65
102,2010,200,2100,13.3,0,0,2.2937,0,5.294
102,2010,200,2200,13.34,0,0,2.6973,0,5.295
102,2010,200,2300,13.36,0,0,2.9978,0,5.295
101,2010,200,2400,13.14,19855,5898.2,2688.8,8.06
102,2010,200,2400,13.38,0,0,5.2361,0,5.256
102,2010,201,100,13.4,.00791,0,4.4055,0,5.261
102,2010,201,200,13.41,0,0,2.4993,0,5.118
102,2010,201,300,13.39,0,0,4.0572,0,5.03
102,2010,201,400,13.4,0,0,4.5,0,5.074
102,2010,201,500,13.46,0,0,2.958,0,5.03
102,2010,201,600,13.47,0,0,3.8602,0,5.23
102,2010,201,700,13.47,0,0,4.8807,0,5.263
102,2010,201,800,13.47,54.691,40.538,12.585,0,20.95
102,2010,201,900,13.41,513.69,258.32,80.971,.666,153.6
102,2010,201,1000,13.33,1165.9,445.44,164.22,1,269.4
102,2010,201,1100,13.27,1761.5,589.48,252.54,1,394.5
102,2010,201,1200,13.21,2395.7,695.34,323.64,1,488.1
102,2010,201,1300,13.18,2770.4,661.59,355.14,1,516.1
102,2010,201,1400,13.13,3181.2,699.6,400.35,1,579.9
102,2010,201,1500,13.12,2528.1,921.18,319.22,.8,431.4
102,2010,201,1600,13.14,1412.1,919.37,180.23,.383,226.9
102,2010,201,1700,13.14,1827.3,773.12,247.79,1,516.7
102,2010,201,1800,13.15,917.33,529.48,122.95,.816,281.4
102,2010,201,1900,13.13,311.8,268.44,42.703,0,60.24
102,2010,201,2000,13.22,41.99,34.421,7.9027,0,20.67
102,2010,201,2100,13.26,0,0,1.8271,0,5.294
102,2010,201,2200,13.3,0,0,3.1402,0,5.294
102,2010,201,2300,13.33,0,0,3.2352,0,5.295
101,2010,201,2400,13.12,18882,6836.3,2547.7,8.66
102,2010,201,2400,13.34,0,0,2.104,0,5.295
102,2010,202,100,13.37,0,0,2.2462,0,5.245
102,2010,202,200,13.38,.16609,0,3.0371,0,5.267
102,2010,202,300,13.38,0,0,2.3015,0,5.228
102,2010,202,400,13.4,0,0,4.2075,0,5.217
102,2010,202,500,13.41,0,0,2.6415,0,5.151
102,2010,202,600,13.42,0,0,2.847,0,5.068
102,2010,202,700,13.44,0,0,3.4799,0,5.102
102,2010,202,800,13.43,28.386,25.19,8.0357,0,6.1
102,2010,202,900,13.41,210.64,193.96,32.473,0,5.515
102,2010,202,1000,13.37,584.57,532.16,82.354,0,14.62
102,2010,202,1100,13.3,1141.6,875.87,159.4,.283,88.3
102,2010,202,1200,13.25,1335,854.75,181.99,.35,136.5
102,2010,202,1300,13.21,2402.7,906.84,312.45,.983,354.4
102,2010,202,1400,13.16,2936.9,1092.1,373.68,1,469.2
102,2010,202,1500,13.15,1714.6,1225.3,214.45,.367,142.6
102,2010,202,1600,13.16,1306.6,1083.5,168.51,.35,104.5
102,2010,202,1700,13.18,500.36,464.16,64.376,0,8.53
102,2010,202,1800,13.2,186.73,176.43,24.262,0,9.25
102,2010,202,1900,13.22,44.836,40.821,6.0277,0,5.553
102,2010,202,2000,13.25,13.858,12.626,2.1436,0,5.294
102,2010,202,2100,13.27,0,0,.6565,0,5.294
102,2010,202,2200,13.3,0,0,.90965,0,5.295
102,2010,202,2300,13.32,0,0,1.6294,0,5.295
101,2010,202,2400,13.15,12407,7483.7,1655.8,3.332
102,2010,202,2400,13.34,0,0,1.6768,0,5.295
102,2010,203,100,13.35,.15028,0,2.6181,0,5.295
102,2010,203,200,13.35,.01582,0,2.0406,0,5.295
102,2010,203,300,13.36,0,0,1.6926,0,5.295
102,2010,203,400,13.37,.03164,0,1.6135,0,5.295
102,2010,203,500,13.38,0,0,2.009,0,5.283
102,2010,203,600,13.39,.00791,0,1.8824,0,5.278
102,2010,203,700,13.39,0,0,1.2338,0,5.272
102,2010,203,800,13.4,4.8245,3.7502,2.8156,0,5.289
102,2010,203,900,13.39,227.98,205.8,33.843,0,13.75
102,2010,203,1000,13.38,263.43,242.35,37.332,0,6.955
102,2010,203,1100,13.36,404.38,375.01,56.3,0,5.449
102,2010,203,1200,13.32,1270.3,1127.7,176.67,.033,30.69
102,2010,203,1300,13.3,1010.3,945.09,134.43,0,12.78
102,2010,203,1400,12.83,1117.4,1040.4,148.65,0,8.54
102,2010,203,1500,12.79,1494.3,1386,201,0,11.82
102,2010,203,1600,12.8,2424.6,1154.2,337.53,1,532.2
102,2010,203,1700,12.8,540.37,473.39,66.228,.083,34.99
102,2010,203,1800,12.79,415.57,381.35,56.035,.033,18.56
102,2010,203,1900,12.79,322.63,270.76,44.643,.1,52.83
102,2010,203,2000,12.78,23.816,22.279,4.0814,0,5.294
102,2010,203,2100,12.77,0,0,2.5311,0,5.294
102,2010,203,2200,12.76,0,0,3.591,0,5.295
102,2010,203,2300,12.75,0,0,3.8203,0,5.295
101,2010,203,2400,12.75,9520.1,7628.1,1324.9,1.249
102,2010,203,2400,12.75,0,0,2.3016,0,5.295
102,2010,204,100,12.75,0,0,2.1513,0,5.295
102,2010,204,200,12.74,0,0,.9491,0,5.295
102,2010,204,300,12.74,.12655,0,1.0915,0,5.295
102,2010,204,400,13.37,.07118,0,1.5264,0,5.283
102,2010,204,500,13.37,0,0,2.0247,0,5.278
102,2010,204,600,13.39,0,0,1.819,0,5.272
102,2010,204,700,13.42,0,0,2.0958,0,5.25
102,2010,204,800,13.43,26.621,23.64,6.0976,0,5.807
102,2010,204,900,13.41,407.03,267.63,66.426,.3,91.7
102,2010,204,1000,13.35,1123.4,497.74,168.58,1,260.8
102,2010,204,1100,13.28,1635,760.3,244.66,1,343.9
102,2010,204,1200,13.23,2086.4,1195,299.01,.783,283.3
102,2010,204,1300,13.22,1408.2,1047.5,194,.217,79.2
102,2010,204,1400,13.21,1930.1,1355.1,265.2,.383,144.3
102,2010,204,1500,13.21,1047.7,961.02,139.56,0,33.37
102,2010,204,1600,13.22,1241,1054.6,171.53,.15,92.1
102,2010,204,1700,13.22,1413.9,988.95,200.72,.866,275.3
102,2010,204,1800,13.22,1099.9,703.82,164.52,.566,274.7
102,2010,204,1900,13.24,403.17,295.02,59.907,.283,107.1
102,2010,204,2000,13.26,21.374,19.592,4.3427,0,7.77
102,2010,204,2100,13.3,0,0,2.278,0,5.294
102,2010,204,2200,13.34,0,0,2.721,0,5.295
102,2010,204,2300,13.36,0,0,2.5944,0,5.295
101,2010,204,2400,12.74,13844,9169.9,2006.2,5.548
102,2010,204,2400,13.38,0,0,2.3728,0,5.289
102,2010,205,100,13.4,0,0,2.3174,0,5.289
102,2010,205,200,13.42,0,0,3.2822,0,5.267
102,2010,205,300,13.43,0,0,3.4403,0,5.195
102,2010,205,400,13.44,0,0,2.6573,0,5.173
102,2010,205,500,13.45,.16608,.0487,3.1555,0,5.195
102,2010,205,600,13.45,0,0,2.3013,0,5.168
102,2010,205,700,13.46,0,0,2.4359,0,5.14
102,2010,205,800,13.48,56.982,45.016,11.145,0,12.01
102,2010,205,900,13.45,468.89,253.34,78.974,.6,135.5
102,2010,205,1000,13.39,1168.2,523.1,177.59,1,259.4
102,2010,205,1100,13.32,1721.7,703.79,258.36,1,368.9
102,2010,205,1200,13.25,2340.4,797.83,325.14,1,482.2
102,2010,205,1300,13.22,2673.5,977.61,358.89,.983,436.8
102,2010,205,1400,13.2,1987.3,1148.3,259.3,.433,188.8
102,2010,205,1500,13.22,1231.3,1105.4,165.73,.067,29.21
102,2010,205,1600,13.2,1938.6,1221.1,271.83,.9,317.2
102,2010,205,1700,13.2,1423.6,972.7,200.71,.9,262.1
102,2010,205,1800,13.21,656.29,546.85,90.863,.317,103.2
102,2010,205,1900,13.24,426.04,308.27,66.259,.616,125.9
102,2010,205,2000,13.26,20.005,18.91,3.7574,0,5.365
102,2010,205,2100,13.3,0,0,1.8745,0,5.294
102,2010,205,2200,13.33,0,0,1.9379,0,5.294
102,2010,205,2300,13.34,0,0,1.6057,0,5.295
101,2010,205,2400,13.2,16113,8622.3,2294.8,7.81
102,2010,205,2400,13.36,0,0,1.2577,0,5.295
102,2010,206,100,13.37,0,0,1.6056,0,5.295
102,2010,206,200,13.39,.04746,0,1.8982,0,5.295
102,2010,206,300,13.39,.12655,0,1.4078,0,5.295
102,2010,206,400,13.4,.00791,0,1.8982,0,5.295
102,2010,206,500,13.4,0,0,2.1434,0,5.295
102,2010,206,600,13.41,0,0,2.8315,0,5.295
102,2010,206,700,13.42,0,0,3.2268,0,5.295
102,2010,206,800,13.43,10.448,9.1464,3.559,0,5.295
102,2010,206,900,13.42,292.64,253.55,44.938,.017,24.76
102,2010,206,1000,13.37,1191.4,533.43,176.99,1,290.9
102,2010,206,1100,13.31,1655.6,788.89,241.71,1,354
102,2010,206,1200,13.25,2168.4,906.79,294.5,1,412.6
102,2010,206,1300,13.23,2414.3,1239.1,319.05,.816,318.6
102,2010,206,1400,13.22,1690.9,1355.3,220.67,.183,59.28
102,2010,206,1500,13.21,1182.6,1095,153.93,0,14.01
102,2010,206,1600,13.2,1218,1080.5,166.06,.2,54.9
102,2010,206,1700,13.19,1389.7,1057.5,194.62,.5,205.1
102,2010,206,1800,13.19,916.48,736.64,131.62,.2,98.5
102,2010,206,1900,13.23,293.52,268.12,42.6,0,10.99
102,2010,206,2000,13.26,29.332,27.221,5.5847,0,5.376
102,2010,206,2100,13.3,0,0,1.0282,0,5.294
102,2010,206,2200,13.32,0,0,1.4554,0,5.294
102,2010,206,2300,13.34,0,0,1.3447,0,5.295
101,2010,206,2400,13.19,14454,9351.1,2016.3,4.915
102,2010,206,2400,13.35,0,0,1.6532,0,5.295
102,2010,207,100,13.37,2.4836,.87674,6.8498,0,5.283
102,2010,207,200,13.39,5.4338,.35069,5.6157,0,5.295
102,2010,207,300,13.39,3.4643,.14612,5.4891,0,5.295
102,2010,207,400,13.39,1.2022,.00974,2.6101,0,5.295
102,2010,207,500,13.4,.26101,0,1.7559,0,5.295
102,2010,207,600,13.41,0,0,1.7084,0,5.295
102,2010,207,700,13.41,0,0,2.4677,0,5.295
102,2010,207,800,13.42,18.436,16.238,4.9827,0,5.295
102,2010,207,900,13.42,200.82,182.55,27.753,0,5.521
102,2010,207,1000,13.39,646.51,543.67,87.523,.133,43.39
102,2010,207,1100,13.34,1251.5,1024.8,165.22,.317,126.4
102,2010,207,1200,13.32,1270.5,978.15,165.67,.183,104.9
102,2010,207,1300,13.27,1890.6,1147.7,238.58,.466,204.6
102,2010,207,1400,13.25,1913.9,1298.5,234.96,.45,127.8
102,2010,207,1500,13.24,1631.9,1283.4,206.9,.533,152.1
102,2010,207,1600,13.23,1577.3,1140.8,201.68,.483,181.8
102,2010,207,1700,13.25,352.62,329.22,42.883,0,14.15
102,2010,207,1800,13.29,235.77,217.04,29.709,0,5.669
102,2010,207,1900,13.3,236.15,215.19,32.294,0,16.18
102,2010,207,2000,13.32,43.936,38.584,7.7748,0,10.56
102,2010,207,2100,13.35,0,0,2.199,0,5.295
102,2010,207,2200,13.37,0,0,2.3255,0,5.295
102,2010,207,2300,13.38,0,0,2.6102,0,5.295
101,2010,207,2400,13.23,11283,8417.1,1482.2,2.566
102,2010,207,2400,13.4,0,0,2.6417,0,5.295
102,2010,208,100,13.4,0,0,2.2858,0,5.295
102,2010,208,200,13.41,.00791,0,1.8903,0,5.295
102,2010,208,300,13.42,0,0,2.001,0,5.295
102,2010,208,400,13.42,.02373,0,1.914,0,5.272
102,2010,208,500,13.43,.04745,0,2.5308,0,5.278
102,2010,208,600,13.44,0,0,2.0879,0,5.228
102,2010,208,700,13.46,0,0,2.072,0,5.201
102,2010,208,800,13.48,41.12,31.396,8.455,0,13.78
102,2010,208,900,13.44,554.43,310.23,88.54,.716,180.1
102,2010,208,1000,13.34,1305.4,561,184.95,1,364.8
102,2010,208,1100,13.29,1680.2,927.32,229.14,1,359.6
102,2010,208,1200,13.25,2186.8,1208.3,282.95,1,357.9
102,2010,208,1300,13.22,2281.2,1372.2,285.87,.833,254.1
102,2010,208,1400,13.21,2056.2,1407.4,255.21,.533,138.8
102,2010,208,1500,13.22,1196.5,963.1,146.41,.167,49.93
102,2010,208,1600,13.25,1403.1,1115.9,178.07,.333,125.4
102,2010,208,1700,13.22,1853.2,816.17,250.26,.95,522.5
102,2010,208,1800,13.25,1052.9,523.1,145.14,.766,346.6
102,2010,208,1900,13.27,398.76,275.95,58.345,.783,166.6
102,2010,208,2000,13.29,45.276,34.768,8.3843,.067,25.44
102,2010,208,2100,13.33,0,0,2.4125,0,5.294
102,2010,208,2200,13.35,0,0,2.6736,0,5.295
102,2010,208,2300,13.38,0,0,3.8994,0,5.295
101,2010,208,2400,13.21,16055,9547,2149.3,8.15
102,2010,208,2400,13.39,0,0,3.8044,0,5.295
102,2010,209,100,13.41,0,0,3.0688,0,5.283
102,2010,209,200,13.42,0,0,3.6144,0,5.289
102,2010,209,300,13.43,0,0,3.1319,0,5.256
102,2010,209,400,13.44,0,0,2.5862,0,5.245
102,2010,209,500,13.44,.0949,0,1.9693,0,5.261
102,2010,209,600,13.44,0,0,2.6652,0,5.272
102,2010,209,700,13.45,.07118,0,2.2935,0,5.267
102,2010,209,800,13.44,12.709,10.598,4.2153,0,5.272
102,2010,209,900,13.44,146.15,132.03,20.65,0,6.238
102,2010,209,1000,13.43,387.24,334.65,52.119,.017,14.74
102,2010,209,1100,13.39,928.99,814.02,123.4,.15,60.98
102,2010,209,1200,13.31,1901.3,1151.6,252.31,.666,252.3
102,2010,209,1300,13.26,2396,1279.2,296.67,.783,301.1
102,2010,209,1400,13.22,2755.2,1292.6,335.76,.75,340.9
102,2010,209,1500,13.19,1944.1,1219.7,235.5,.433,185.2
102,2010,209,1600,13.21,714.58,666.24,84.79,0,8.83
102,2010,209,1700,13.24,1262.7,1005.4,167.53,.383,123
102,2010,209,1800,13.24,593.09,493.67,78.529,.217,67.1
102,2010,209,1900,13.29,338.13,299.89,44.708,0,37.85
102,2010,209,2000,13.3,42.332,36.414,7.7752,0,9.19
102,2010,209,2100,13.34,0,0,2.1277,0,5.294
102,2010,209,2200,13.37,0,0,2.7447,0,5.295
102,2010,209,2300,13.39,0,0,3.4644,0,5.295
101,2010,209,2400,13.19,13423,8735.9,1733.5,3.399
102,2010,209,2400,13.41,0,0,1.8982,0,5.295
102,2010,210,100,13.43,0,0,2.9817,0,5.295
102,2010,210,200,13.43,0,0,2.9263,0,5.295
102,2010,210,300,13.44,0,0,1.6371,0,5.289
102,2010,210,400,13.44,0,0,2.2461,0,5.295
102,2010,210,500,13.44,0,0,1.645,0,5.278
102,2010,210,600,13.45,0,0,1.8743,0,5.289
102,2010,210,700,13.44,0,0,2.6493,0,5.284
102,2010,210,800,13.42,18.426,14.103,6.2555,0,5.295
102,2010,210,900,13.44,155.68,141.93,22.27,0,6.502
102,2010,210,1000,13.37,831.01,634.56,112.56,.533,128.7
102,2010,210,1100,12.78,1427.7,1107.6,192.54,.417,154.5
102,2010,210,1200,12.77,2179.7,1077.9,281.3,1,401.6
102,2010,210,1300,13.22,1377.8,859.76,170.23,.25,141.2
102,2010,210,1400,13.17,2205.8,1116.9,276.9,.55,244.8
102,2010,210,1500,13.16,1875.2,1199.2,240.35,.417,175.6
102,2010,210,1600,13.14,1970.6,952.84,255.93,.65,352
102,2010,210,1700,13.14,825.23,608.92,107,.133,89.2
102,2010,210,1800,13.17,51.028,47.853,7.1191,0,8.56
102,2010,210,1900,13.21,29.902,27.114,4.8967,0,5.32
102,2010,210,2000,13.23,3.797,3.3514,1.1391,0,5.293
102,2010,210,2100,13.28,0,0,.62486,0,5.294
102,2010,210,2200,13.3,0,0,1.4316,0,5.294
102,2010,210,2300,13.32,0,0,2.3967,0,5.294
101,2010,210,2400,12.77,12952,7792,1702.1,3.948
102,2010,210,2400,13.35,0,0,3.2351,0,5.295
102,2010,211,100,13.37,0,0,3.931,0,5.295
102,2010,211,200,13.39,0,0,2.958,0,5.295
102,2010,211,300,13.41,0,0,2.5388,0,5.289
102,2010,211,400,13.42,.00791,0,3.0845,0,5.278
102,2010,211,500,13.43,0,0,1.9851,0,5.261
102,2010,211,600,13.44,.1819,0,3.5272,0,5.256
102,2010,211,700,13.44,0,0,2.1195,0,5.261
102,2010,211,800,13.45,22.76,19.977,4.919,0,5.438
102,2010,211,900,13.45,129.96,117.94,20.095,0,5.295
102,2010,211,1000,13.42,366.55,335.48,51.16,0,5.295
102,2010,211,1100,13.35,1198.5,925.63,167.78,.466,128.5
102,2010,211,1200,13.27,2109.3,1296.3,282.48,.966,284.7
102,2010,211,1300,13.23,2034.2,1333.5,259.86,.5,165.3
102,2010,211,1400,13.22,1781.8,1135.2,227.36,.367,151.3
102,2010,211,1500,12.84,2469.5,1111.4,332.48,.866,399.3
102,2010,211,1600,12.83,1960.3,903.33,263.74,.85,407.5
102,2010,211,1700,13.18,1622.5,753.24,235.49,.933,435.6
102,2010,211,1800,13.19,1108.9,584.39,167.3,.883,343.5
102,2010,211,1900,13.23,275.76,219.46,40.124,.183,75.2
102,2010,211,2000,13.25,26.033,22.418,5.6559,0,9.15
102,2010,211,2100,13.29,0,0,2.0249,0,5.294
102,2010,211,2200,13.32,0,0,3.1085,0,5.294
102,2010,211,2300,13.35,0,0,3.2826,0,5.295
101,2010,211,2400,12.83,15106,8758.3,2089.3,6.014
102,2010,211,2400,13.36,0,0,2.2543,0,5.295
102,2010,212,100,13.38,0,0,3.4485,0,5.295
102,2010,212,200,13.4,0,0,3.1004,0,5.295
102,2010,212,300,13.42,0,0,3.1794,0,5.278
102,2010,212,400,13.43,0,0,3.037,0,5.283
102,2010,212,500,13.45,0,0,2.3646,0,5.25
102,2010,212,600,13.46,0,0,2.7364,0,5.228
102,2010,212,700,13.47,.03955,0,3.5037,0,5.195
102,2010,212,800,13.46,17.755,14.679,5.1328,0,5.234
102,2010,212,900,13.42,394.19,245.19,64.082,.466,103.9
102,2010,212,1000,13.35,1074.8,468.27,160.03,1,289.7
102,2010,212,1100,13.28,1662.7,692.81,240.38,1,417.3
102,2010,212,1200,13.22,2118.7,1037.5,285.34,1,398
102,2010,212,1300,13.19,2129.9,1285.4,277.5,.683,241.6
102,2010,212,1400,13.18,1957.5,1531.2,256.54,.15,59.49
102,2010,212,1500,13.18,1404.3,1206.1,181.7,0,23.85
102,2010,212,1600,13.19,1655.4,1241.6,220.29,.6,168.8
102,2010,212,1700,13.19,1153.3,930,153.01,.25,91.3
102,2010,212,1800,13.21,641.94,558.98,85.201,.083,54.16
102,2010,212,1900,13.25,187.77,160.62,26.737,0,33.71
102,2010,212,2000,13.28,30.05,24.949,7.2217,0,10.95
102,2010,212,2100,13.32,0,0,2.5786,0,5.294
102,2010,212,2200,13.34,0,0,2.8713,0,5.295
102,2010,212,2300,13.37,0,0,4.2079,0,5.295
101,2010,212,2400,13.18,14428,9397.3,1998.5,5.231
102,2010,212,2400,13.39,0,0,4.3106,0,5.295
102,2010,213,100,13.41,0,0,2.7286,0,5.289
102,2010,213,200,13.42,0,0,2.4122,0,5.283
102,2010,213,300,13.44,0,0,3.0844,0,5.256
102,2010,213,400,13.45,0,0,3.7486,0,5.256
102,2010,213,500,13.47,0,0,3.5906,0,5.19
102,2010,213,600,13.48,0,0,3.5355,0,5.146
102,2010,213,700,13.49,0,0,4.4926,0,5.18
102,2010,213,800,13.49,32.993,29.002,9.0333,0,5.28
102,2010,213,900,13.46,257.5,230.96,36.534,0,8.9
102,2010,213,1000,13.39,927.03,623.97,131.12,.4,150.8
102,2010,213,1100,13.32,1261.2,1009.2,174.26,.367,120
102,2010,213,1200,13.29,1243,1098.2,164.79,.017,21.54
102,2010,213,1300,13.24,1728.2,1516.2,227.91,.017,20.19
102,2010,213,1400,13.22,2178.3,1726.1,280.42,.167,66.95
102,2010,213,1500,13.18,2897.2,1010.5,373.19,.966,524.5
102,2010,213,1600,13.17,2059.3,1091.3,270.47,.733,366.1
102,2010,213,1700,13.17,1265.2,828.21,165.14,.566,229.5
102,2010,213,1800,13.2,794.81,526.85,110.55,.367,174.1
102,2010,213,1900,13.22,350.78,260.41,49.26,.283,107.7
102,2010,213,2000,13.26,36.134,27.805,7.0085,0,17.75
102,2010,213,2100,13.3,0,0,1.3762,0,5.294
102,2010,213,2200,13.32,0,0,1.3447,0,5.294
102,2010,213,2300,13.34,0,0,1.4238,0,5.295
101,2010,213,2400,13.17,15032,9978.7,2029.8,3.882
102,2010,213,2400,13.35,.00791,0,2.3967,0,5.295
102,2010,214,100,13.35,.4034,0,4.2634,0,5.295
102,2010,214,200,13.37,1.0045,.19484,4.2001,0,5.295
102,2010,214,300,13.37,.02373,0,1.3763,0,5.295
102,2010,214,400,13.39,0,0,1.9378,0,5.295
102,2010,214,500,13.4,0,0,4.0574,0,5.295
102,2010,214,600,13.42,.19772,0,2.7444,0,5.295
102,2010,214,700,13.42,.00791,0,1.5818,0,5.295
102,2010,214,800,13.44,32.829,28.121,8.6917,0,6.706
102,2010,214,900,13.39,435.4,244.21,66.853,.483,122.9
102,2010,214,1000,13.3,1296.6,409.8,182.27,1,403.6
102,2010,214,1100,13.24,1883,550.45,263.23,1,526.7
102,2010,214,1200,13.21,2084.9,894.18,269.97,.666,382.2
102,2010,214,1300,13.18,2835.3,1067.6,356.15,.833,429.1
102,2010,214,1400,13.19,1568.9,1111.9,192.92,.183,82.3
102,2010,214,1500,13.19,1622,1357.8,208.48,.1,49.14
102,2010,214,1600,13.18,2163.5,1233,287.58,.833,363.4
102,2010,214,1700,13.19,1889.7,736.87,257.78,.9,522.5
102,2010,214,1800,13.2,1334.5,438.02,189.55,1,557.7
102,2010,214,1900,13.22,514.5,240.17,78.303,.8,281.3
102,2010,214,2000,13.26,28.866,24.659,5.1735,0,11.24
102,2010,214,2100,13.3,0,0,1.8508,0,5.294
102,2010,214,2200,13.34,0,0,2.2385,0,5.294
102,2010,214,2300,13.36,0,0,2.808,0,5.295
101,2010,214,2400,13.18,17692,8337,2397.4,7.8
102,2010,214,2400,13.38,0,0,3.4328,0,5.295
102,2010,215,100,13.39,0,0,4.3739,0,5.295
102,2010,215,200,13.41,.03164,0,4.3501,0,5.295
102,2010,215,300,13.42,0,0,2.2699,0,5.283
102,2010,215,400,13.44,0,0,3.3138,0,5.261
102,2010,215,500,13.46,0,0,3.3849,0,5.223
102,2010,215,600,13.47,0,0,3.6459,0,5.168
102,2010,215,700,13.48,0,0,5.0225,0,5.091
102,2010,215,800,13.48,47.804,31.659,11.856,.017,26.19
102,2010,215,900,13.4,584.27,208.61,91.528,1,273.1
102,2010,215,1000,13.3,1410.4,332.3,195.47,1,467.3
102,2010,215,1100,13.25,2014.5,412.92,280.9,1,596.5
102,2010,215,1200,13.2,2583.8,485.99,334.55,1,629.1
102,2010,215,1300,13.17,3042.1,534.73,380.33,1,639
102,2010,215,1400,13.16,3211.7,716.77,404.36,.966,569.6
102,2010,215,1500,13.15,2203.1,854.49,278.9,.616,358
102,2010,215,1600,13.17,1570.4,964.65,199.64,.5,256.5
102,2010,215,1700,13.17,1815.8,722.76,244.53,1,513.3
102,2010,215,1800,13.19,1032.5,462.32,139.41,.75,368.9
102,2010,215,1900,13.21,418.1,224.2,62.226,.716,224.4
102,2010,215,2000,13.25,29.103,23.88,5.7668,0,12.19
102,2010,215,2100,13.29,0,0,2.27,0,5.294
102,2010,215,2200,13.33,0,0,2.4363,0,5.294
102,2010,215,2300,13.35,0,0,2.8634,0,5.295
101,2010,215,2400,13.15,19964,5975.3,2666.8,9.56
102,2010,215,2400,13.38,0,0,3.4011,0,5.295
102,2010,216,100,13.4,0,0,4.3501,0,5.295
102,2010,216,200,13.42,0,0,4.176,0,5.278
102,2010,216,300,13.43,0,0,4.7137,0,5.289
102,2010,216,400,13.44,0,0,4.4763,0,5.206
102,2010,216,500,13.46,0,0,3.7644,0,5.234
102,2010,216,600,13.47,0,0,3.9465,0,5.229
102,2010,216,700,13.48,0,0,4.8326,0,5.24
102,2010,216,800,13.49,51.893,31.942,11.603,.083,36.04
102,2010,216,900,13.4,596.66,195.84,93.308,1,300.1
102,2010,216,1000,13.31,1448.2,303.13,197.48,1,496.9
102,2010,216,1100,13.26,2060.3,377.85,284.5,1,620.8
102,2010,216,1200,13.22,2808.8,567.59,363.18,1,678.8
102,2010,216,1300,13.22,1903.9,911.65,234.65,.383,242
102,2010,216,1400,13.22,1574.5,1216.6,197.09,.1,69.36
102,2010,216,1500,13.21,1468.2,1317.3,186.52,0,41.2
102,2010,216,1600,13.18,2173.5,1063.5,284.15,.733,407.8
102,2010,216,1700,13.18,1558.2,810.45,203.98,.683,330.9
102,2010,216,1800,13.2,1349.8,472.5,185.64,.916,516.1
102,2010,216,1900,13.22,638.73,206.6,94.638,1,446.2
102,2010,216,2000,13.25,44.996,27.855,9.1922,.2,50.81
102,2010,216,2100,12.81,0,0,1.7164,0,5.294
102,2010,216,2200,12.79,0,0,2.4283,0,5.294
102,2010,216,2300,13.35,0,0,3.6544,0,5.295
101,2010,216,2400,12.79,17678,7502.8,2388.8,8.1
102,2010,216,2400,13.38,0,0,4.8328,0,5.295
102,2010,217,100,13.4,0,0,3.9942,0,5.295
102,2010,217,200,13.42,0,0,3.5354,0,5.283
102,2010,217,300,13.44,0,0,4.9588,0,5.289
102,2010,217,400,13.45,0,0,4.1441,0,5.295
102,2010,217,500,13.47,0,0,4.0492,0,5.295
102,2010,217,600,13.48,0,0,3.5513,0,5.516
102,2010,217,700,13.49,0,0,4.6507,0,5.395
102,2010,217,800,13.5,49.996,32.079,11.034,.05,31.81
102,2010,217,900,13.42,553.97,209.78,89.832,1,272.8
102,2010,217,1000,13.33,1386.4,328.29,191.2,1,479.4
102,2010,217,1100,13.24,2037.5,363.62,282.54,1,624.9
102,2010,217,1200,13.2,2703,379.01,344.32,1,680.3
102,2010,217,1300,13.16,3111.1,436.42,383.57,1,664.4
102,2010,217,1400,13.14,3180.1,653.07,396.44,.95,589.6
102,2010,217,1500,13.14,2239.5,719.5,279.13,.65,404.5
102,2010,217,1600,13.13,2586.5,595.7,334.57,.9,613.2
102,2010,217,1700,13.14,1637.7,586.54,211.73,.666,431.3
102,2010,217,1800,12.88,1255.5,357.38,172.55,.833,542.6
102,2010,217,1900,13.19,512.5,196.43,74.537,.883,347.1
102,2010,217,2000,13.22,37.055,24.456,7.6737,.133,35.59
102,2010,217,2100,13.27,0,0,1.851,0,5.299
102,2010,217,2200,13.3,0,0,3.0768,0,5.294
102,2010,217,2300,13.32,0,0,4.1923,0,5.295
101,2010,217,2400,12.88,21291,4882.3,2821.7,10.06
102,2010,217,2400,13.36,0,0,4.5878,0,5.295
102,2010,218,100,13.38,0,0,4.5797,0,5.295
102,2010,218,200,13.4,0,0,3.053,0,5.289
102,2010,218,300,13.42,0,0,3.8992,0,5.278
102,2010,218,400,13.43,0,0,4.1601,0,5.261
102,2010,218,500,13.45,0,0,3.3375,0,5.267
102,2010,218,600,13.46,0,0,3.7645,0,5.283
102,2010,218,700,13.47,0,0,4.1524,0,5.289
102,2010,218,800,13.48,53.27,34.182,11.927,.05,32.99
102,2010,218,900,13.4,574.41,204.23,89.957,1,294.3
102,2010,218,1000,13.32,1417.4,314.9,191.02,1,499.3
102,2010,218,1100,13.23,1994.6,376.61,274.67,1,615.9
102,2010,218,1200,13.18,2708.4,386.23,347.08,1,679.2
102,2010,218,1300,12.86,3148.9,439.04,388.62,1,674.8
102,2010,218,1400,13.14,3167.3,698.85,393.01,.95,562.9
102,2010,218,1500,13.12,2758.3,847.46,350.44,.833,491.5
102,2010,218,1600,13.12,2332.5,593.79,304.59,.85,575.3
102,2010,218,1700,13.13,1902.3,524.63,254.53,.85,575.3
102,2010,218,1800,13.15,1541.6,492.3,212.85,.983,612.3
102,2010,218,1900,13.18,591.27,215.6,88.954,1,397.2
102,2010,218,2000,13.22,37.15,24.573,7.737,.15,36.13
102,2010,218,2100,13.25,0,0,1.9459,0,5.365
102,2010,218,2200,13.29,0,0,2.6498,0,5.294
102,2010,218,2300,13.32,0,0,3.6463,0,5.294
101,2010,218,2400,12.86,22227,5152.4,2955.8,10.66
102,2010,218,2400,13.34,0,0,5.1969,0,5.295
102,2010,219,100,13.36,0,0,4.3979,0,5.295
102,2010,219,200,12.81,0,0,4.2079,0,5.295
102,2010,219,300,12.77,0,0,4.3185,0,5.295
102,2010,219,400,12.75,0,0,4.2472,0,5.295
102,2010,219,500,12.74,0,0,3.82,0,5.295
102,2010,219,600,12.74,0,0,4.1757,0,5.295
102,2010,219,700,12.74,0,0,3.717,0,5.295
102,2010,219,800,13.42,61.393,41.347,14.52,.1,37.49
102,2010,219,900,13.38,555.19,252.38,85.241,1,256
102,2010,219,1000,13.3,1378.1,432.41,186.24,1,451.7
102,2010,219,1100,13.24,1994.6,656.13,270.38,.983,519.4
102,2010,219,1200,13.22,2179.8,1016.8,278.69,.85,374.3
102,2010,219,1300,13.19,2915.2,1112,365.66,.916,426.8
102,2010,219,1400,13.14,2904.1,1107.3,366.04,.816,393.1
102,2010,219,1500,13.12,2427.8,1066.4,311.22,.766,383.9
102,2010,219,1600,13.12,1791.9,822.35,232.23,.616,341.5
102,2010,219,1700,13.13,1095.7,605.52,143.08,.333,221.7
102,2010,219,1800,13.17,378.57,339.52,46.319,0,30.57
102,2010,219,1900,13.11,95.557,87.407,11.297,0,6.158
102,2010,219,2000,12.81,27.41,23.675,4.7463,0,7.87
102,2010,219,2100,13.29,0,0,2.5706,0,5.294
102,2010,219,2200,13.33,0,0,4.3269,0,5.294
102,2010,219,2300,13.35,0,0,5.4025,0,5.295
101,2010,219,2400,12.74,17805,7563.3,2362.8,7.38
102,2010,219,2400,13.37,0,0,5.9639,0,5.295
102,2010,220,100,12.81,0,0,3.1954,0,5.295
102,2010,220,200,12.74,0,0,3.2744,0,5.295
102,2010,220,300,12.69,0,0,4.2313,0,5.295
102,2010,220,400,12.72,0,0,4.2707,0,5.295
102,2010,220,500,12.71,0,0,3.6854,0,5.295
102,2010,220,600,13.41,0,0,2.6652,0,5.289
102,2010,220,700,13.45,0,0,2.9265,0,5.295
102,2010,220,800,13.45,50.042,33.733,10.306,0,22.82
102,2010,220,900,13.38,563.65,223.8,88.17,.966,274.7
102,2010,220,1000,13.29,1374.3,341.7,186.68,1,480.4
102,2010,220,1100,13.21,2041.1,384.36,277.53,1,622.4
102,2010,220,1200,13.18,2651.7,447.96,336.76,1,650.8
102,2010,220,1300,13.15,3098.3,534.25,385.85,1,638.8
102,2010,220,1400,13.15,2639.3,926.16,331.3,.7,377.8
102,2010,220,1500,13.15,1362.7,991.66,166.72,.317,136.2
102,2010,220,1600,13.13,2162.2,870.84,279.85,.7,450.7
102,2010,220,1700,13.16,1471.2,810.39,193.89,.65,325.4
102,2010,220,1800,13.16,1033.7,563.42,141.63,.883,329.5
102,2010,220,1900,13.2,242.54,177.95,33.675,.35,100.5
102,2010,220,2000,13.22,22.142,16.992,5.1973,0,13.74
102,2010,220,2100,13.27,0,0,1.7402,0,5.465
102,2010,220,2200,13.29,0,0,2.713,0,5.294
102,2010,220,2300,13.32,0,0,3.4884,0,5.295
101,2010,220,2400,12.69,18713,6323.2,2472.4,8.56
102,2010,220,2400,13.34,0,0,2.6499,0,5.295
102,2010,221,100,13.34,.02373,0,2.4521,0,5.295
102,2010,221,200,13.35,0,0,1.5029,0,5.295
102,2010,221,300,13.35,0,0,2.5944,0,5.295
102,2010,221,400,13.37,.00791,0,3.3458,0,5.295
102,2010,221,500,13.38,0,0,1.5186,0,5.295
102,2010,221,600,13.39,.19773,0,3.1241,0,5.295
102,2010,221,700,13.39,0,0,1.218,0,5.295
102,2010,221,800,13.39,18.682,16.2,4.8247,0,5.295
102,2010,221,900,13.39,176.31,161.47,26.267,0,5.416
102,2010,221,1000,13.34,747.49,642.74,104.29,.15,57.64
102,2010,221,1100,13.28,1522.9,789.15,206.99,.75,351
102,2010,221,1200,13.22,2363.2,1013.8,319.05,.983,444.6
102,2010,221,1300,13.2,2402.6,1373.2,315.3,.716,274.1
102,2010,221,1400,13.21,553.67,513.17,65.94,0,25.7
102,2010,221,1500,13.25,1020.2,883.8,131.85,.05,49.72
102,2010,221,1600,13.25,1514.9,1187.8,201.13,.533,182.8
102,2010,221,1700,13.22,1958.9,1028.2,279.09,.983,460.7
102,2010,221,1800,13.24,1027.6,545.1,147.95,.65,300.6
102,2010,221,1900,13.26,147.96,137.04,17.957,0,11.58
102,2010,221,2000,13.28,7.2855,6.3619,2.0567,0,5.293
102,2010,221,2100,13.31,0,0,.40339,0,5.294
102,2010,221,2200,13.34,0,0,.7989,0,5.294
102,2010,221,2300,13.36,0,0,1.8905,0,5.295
101,2010,221,2400,13.2,13462,8298,1845.7,4.815
102,2010,221,2400,13.39,.00791,0,4.1605,0,5.289
102,2010,222,100,13.41,.07118,0,4.3897,0,5.295
102,2010,222,200,13.41,.03955,0,3.8835,0,5.295
102,2010,222,300,13.42,.00791,0,4.0416,0,5.295
102,2010,222,400,13.42,.03955,0,4.4608,0,5.295
102,2010,222,500,13.43,.14236,0,4.6347,0,5.295
102,2010,222,600,13.43,.01582,0,3.8833,0,5.295
102,2010,222,700,13.44,1.305,0,4.8482,0,5.295
102,2010,222,800,13.43,18.602,14.718,6.0108,0,5.306
102,2010,222,900,13.43,127.47,112.56,16.91,0,5.493
102,2010,222,1000,13.42,155.18,139.01,18.689,0,5.405
102,2010,222,1100,13.39,413.29,373.24,44.901,0,9.62
102,2010,222,1200,13.34,1186.5,1056.9,129.13,0,18.66
102,2010,222,1300,13.28,2101,1297.6,238.08,.5,184.3
102,2010,222,1400,13.3,615.92,540.51,68.31,0,34.66
102,2010,222,1500,13.31,999.11,888.84,113.21,0,9.24
102,2010,222,1600,13.26,1627.8,1190.6,191.67,.55,200
102,2010,222,1700,12.85,1555.7,1023.8,182.65,1,336.4
102,2010,222,1800,12.83,1105.9,677.38,136.09,.916,306.1
102,2010,222,1900,13.26,422.16,308.35,55.066,.433,106.5
102,2010,222,2000,13.29,19.823,17.8,2.4127,0,5.795
102,2010,222,2100,13.32,0,0,.92541,0,5.294
102,2010,222,2200,13.34,0,0,.8622,0,5.294
102,2010,222,2300,13.37,0,0,1.8035,0,5.295
101,2010,222,2400,12.83,10350,7641.3,1238.5,3.399
102,2010,222,2400,13.38,0,0,1.6373,0,5.295
102,2010,223,100,12.84,0,0,1.5424,0,5.295
102,2010,223,200,12.8,0,0,1.3763,0,5.295
102,2010,223,300,13.4,0,0,.93333,0,5.295
102,2010,223,400,13.4,0,0,.96496,0,5.295
102,2010,223,500,13.41,0,0,2.096,0,5.295
102,2010,223,600,13.43,0,0,3.2111,0,5.295
102,2010,223,700,13.43,.04745,0,2.5704,0,5.295
102,2010,223,800,13.43,15.32,12.614,3.1953,0,7.08
102,2010,223,900,13.41,344.65,287.17,43.833,.083,66.56
102,2010,223,1000,13.34,1191.7,589.46,149.27,.883,345.5
102,2010,223,1100,13.29,1483.9,790.89,179.59,.833,333.4
102,2010,223,1200,13.29,1096.3,794.8,125.01,.183,101.7
102,2010,223,1300,13.25,2484.1,1225.4,280.51,.633,327.1
102,2010,223,1400,13.23,1666.6,1201.5,182.67,.183,95.5
102,2010,223,1500,13.22,2160.9,1176.8,246.85,.5,309.9
102,2010,223,1600,13.23,1991.6,1066.1,233.93,.75,363.1
102,2010,223,1700,13.24,1009.7,834.63,118.13,.267,92
102,2010,223,1800,12.84,710.21,623.41,81.201,0,31.71
102,2010,223,1900,12.82,261.53,235.11,31.498,0,8.19
102,2010,223,2000,13.32,21.846,19.317,4.2712,0,5.294
102,2010,223,2100,13.35,0,0,2.46,0,5.294
102,2010,223,2200,13.37,0,0,2.9029,0,5.295
102,2010,223,2300,13.4,0,0,3.9864,0,5.295
101,2010,223,2400,12.8,14438,8857.3,1706.1,4.315
102,2010,223,2400,13.41,0,0,4.1208,0,5.295
102,2010,224,100,13.41,0,0,2.5073,0,5.295
102,2010,224,200,13.43,0,0,4.0574,0,5.278
102,2010,224,300,13.44,0,0,4.0968,0,5.295
102,2010,224,400,13.45,0,0,2.4913,0,5.289
102,2010,224,500,13.46,0,0,2.863,0,5.295
102,2010,224,600,13.46,0,0,2.3568,0,5.283
102,2010,224,700,13.47,0,0,3.4323,0,5.261
102,2010,224,800,13.47,44.47,38.689,10.099,0,6.921
102,2010,224,900,13.44,411.18,337.73,54.68,.033,70.2
102,2010,224,1000,13.03,888.44,610.8,110.72,1,205.5
102,2010,224,1100,12.82,1803,998.36,224.56,1,357.1
102,2010,224,1200,13.29,2327.4,1120,277.28,1,418.5
102,2010,224,1300,13.25,2768.9,1084.6,319.49,.95,415.6
102,2010,224,1400,13.22,3172.4,982.99,358.59,.983,549.7
102,2010,224,1500,13.21,2637.2,1141.9,302.45,.833,417.1
102,2010,224,1600,13.22,2308.9,1031.5,275.05,1,545.4
102,2010,224,1700,13.17,1574.5,897.92,192.05,.733,346.4
102,2010,224,1800,13.25,1018.5,576.65,128.92,.65,304.6
102,2010,224,1900,13.27,448.34,210.88,63.322,.616,240.6
102,2010,224,2000,13.31,9.0806,7.6572,3.3933,0,6.165
102,2010,224,2100,13.34,0,0,3.1797,0,5.294
102,2010,224,2200,13.36,0,0,3.4567,0,5.295
102,2010,224,2300,13.39,0,0,4.8407,0,5.289
101,2010,224,2400,12.82,19412,9039.7,2358.9,8.8
102,2010,224,2400,13.41,0,0,4.9829,0,5.295
102,2010,225,100,13.43,0,0,3.9387,0,5.272
102,2010,225,200,13.44,0,0,3.6143,0,5.256
102,2010,225,300,13.47,0,0,4.5316,0,5.234
102,2010,225,400,13.47,.02373,0,3.7646,0,5.239
102,2010,225,500,13.48,.02373,0,2.6732,0,5.267
102,2010,225,600,13.48,0,0,2.7443,0,5.261
102,2010,225,700,13.49,0,0,3.4246,0,5.206
102,2010,225,800,13.5,47.638,36.636,10.693,0,18.63
102,2010,225,900,13.48,198.85,177.47,25.294,0,7.41
102,2010,225,1000,12.79,665.14,539.28,82.882,.083,58.44
102,2010,225,1100,12.78,1721.7,579.12,216.62,.983,497.9
102,2010,225,1200,12.79,2782.6,484.34,328.65,1,712
102,2010,225,1300,12.81,3162.3,604.58,361.41,.966,688.2
102,2010,225,1400,12.83,3148.9,841.49,359.59,.866,567.9
102,2010,225,1500,12.84,2619.1,949.04,299.39,.733,458
102,2010,225,1600,12.84,2349.3,1105.3,275.25,.733,417.9
102,2010,225,1700,12.84,1469.3,753.52,174.03,.766,375.9
102,2010,225,1800,12.83,1161.5,467.26,148.5,.95,445.1
102,2010,225,1900,12.81,401.73,200.58,54.987,.7,226.8
102,2010,225,2000,12.81,31.031,23.625,6.2885,0,19.97
102,2010,225,2100,13.28,0,0,2.3571,0,5.294
102,2010,225,2200,13.32,0,0,2.3572,0,5.295
102,2010,225,2300,13.36,0,0,3.0927,0,5.295
101,2010,225,2400,12.78,19759,6762.2,2378.7,7.78
102,2010,225,2400,13.39,.02373,0,2.6576,0,5.295
102,2010,226,100,13.39,.00791,0,2.9582,0,5.295
102,2010,226,200,13.4,0,0,2.5627,0,5.295
102,2010,226,300,13.41,0,0,2.3017,0,5.289
102,2010,226,400,13.42,0,0,2.7603,0,5.272
102,2010,226,500,13.44,0,0,3.7963,0,5.256
102,2010,226,600,13.45,0,0,3.7804,0,5.272
102,2010,226,700,13.46,.07118,0,3.8357,0,5.25
102,2010,226,800,13.46,17.502,14.503,4.0413,0,5.289
102,2010,226,900,13.45,98.781,87.772,13.643,0,5.405
102,2010,226,1000,12.91,650.37,565.7,82.83,.05,41.21
102,2010,226,1100,12.84,1120.5,953.8,139.45,.15,53.23
102,2010,226,1200,13.27,2342,1043.2,284.97,1,504.5
102,2010,226,1300,13.23,2557.3,1179.5,298.58,.866,448.3
102,2010,226,1400,13.2,1921,1222.9,225.21,.45,153
102,2010,226,1500,13.17,3130.6,1317.1,377.67,.983,520.4
102,2010,226,1600,13.16,1737.8,1084.8,205.18,.583,230.5
102,2010,226,1700,13.13,1823.6,1200.2,220.13,1,278.7
102,2010,226,1800,13.2,947.16,729.9,115.65,.65,140.9
102,2010,226,1900,13.24,465.67,335.23,64.685,.85,164.3
102,2010,226,2000,13.27,49.432,40.665,9.2393,0,22.73
102,2010,226,2100,13.3,0,0,2.2938,0,5.299
102,2010,226,2200,13.33,0,0,2.634,0,5.294
102,2010,226,2300,13.36,0,0,3.3776,0,5.278
101,2010,226,2400,12.84,16862,9775.3,2076,6.581
102,2010,226,2400,13.38,0,0,4.374,0,5.245
102,2010,227,100,13.41,0,0,4.8722,0,5.245
102,2010,227,200,13.43,0,0,3.8122,0,5.212
102,2010,227,300,13.44,0,0,4.9114,0,5.19
102,2010,227,400,13.46,0,0,4.4051,0,5.206
102,2010,227,500,13.47,0,0,3.7488,0,5.146
102,2010,227,600,13.49,0,0,4.358,0,5.201
102,2010,227,700,13.49,0,0,4.8168,0,5.213
102,2010,227,800,13.51,40.685,29.817,9.0639,0,19.81
102,2010,227,900,13.44,532.95,249.2,81.487,.95,268
102,2010,227,1000,13.35,1315.4,430.81,174.66,1,487.3
102,2010,227,1100,13.27,1956.5,574.9,251.96,1,584.7
102,2010,227,1200,13.22,2594.9,728.33,319.84,1,597
102,2010,227,1300,13.18,3086.8,814.24,367.53,1,591.2
102,2010,227,1400,13.16,3146.2,976.33,372.97,.983,496.7
102,2010,227,1500,13.15,2309.6,1071.5,279.1,.766,373.8
102,2010,227,1600,13.15,1607,1005.4,193.64,.483,234.8
102,2010,227,1700,13.17,957.88,793.87,116.99,.133,62.24
102,2010,227,1800,13.19,832.68,578.97,107.01,.733,209.1
102,2010,227,1900,12.85,303.41,215.61,41.414,.4,108.4
102,2010,227,2000,13.23,17.854,16.115,4.0819,0,6.473
102,2010,227,2100,13.28,0,0,1.4633,0,5.332
102,2010,227,2200,13.32,0,0,2.6101,0,5.294
102,2010,227,2300,13.35,0,0,3.7573,0,5.289
101,2010,227,2400,12.85,18702,7485.1,2362.8,8.45
102,2010,227,2400,13.37,.01582,0,4.3188,0,5.261
102,2010,228,100,13.38,0,0,3.3379,0,5.272
102,2010,228,200,13.39,0,0,3.6938,0,5.223
102,2010,228,300,13.41,0,0,3.923,0,5.245
102,2010,228,400,13.41,.00791,0,2.3807,0,5.278
102,2010,228,500,13.41,0,0,2.2225,0,5.228
102,2010,228,600,13.43,0,0,2.001,0,5.19
102,2010,228,700,13.44,0,0,3.0291,0,5.201
102,2010,228,800,13.45,39.559,33.429,9.9017,0,8.86
102,2010,228,900,13.42,327.54,280.62,45.99,.05,40.84
102,2010,228,1000,13.36,978.76,684.86,132.16,.75,212.5
102,2010,228,1100,13.27,1911.2,951.93,252.48,1,431.1
102,2010,228,1200,13.25,1257.7,777.71,157.37,.367,166.5
102,2010,228,1300,13.22,2368.2,1361.9,296.39,.6,231.6
102,2010,228,1400,13.22,1679.8,1387.8,204.6,.1,45.2
102,2010,228,1500,13.21,1574.7,1308.2,193.3,.15,64.5
102,2010,228,1600,13.2,1568.1,1090.4,198.71,.283,133.5
102,2010,228,1700,13.21,1142,911.78,146.35,.183,116.1
102,2010,228,1800,13.23,529.67,466.89,66.446,.033,39.15
102,2010,228,1900,13.24,452.08,329.39,66.402,.5,138.7
102,2010,228,2000,13.26,33.035,26.481,6.3601,0,17.91
102,2010,228,2100,13.29,0,0,1.5741,0,5.332
102,2010,228,2200,13.33,0,0,2.6813,0,5.3
102,2010,228,2300,13.36,0,0,2.9742,0,5.283
101,2010,228,2400,13.2,13862,9611.3,1808,4.015
102,2010,228,2400,13.38,0,0,3.773,0,5.245
102,2010,229,100,13.4,0,0,3.1164,0,5.267
102,2010,229,200,13.41,0,0,1.9695,0,5.217
102,2010,229,300,13.41,0,0,2.2067,0,5.239
102,2010,229,400,13.42,0,0,3.0925,0,5.223
102,2010,229,500,13.44,0,0,3.0371,0,5.256
102,2010,229,600,13.45,0,0,2.7206,0,5.223
102,2010,229,700,13.46,0,0,2.9815,0,5.223
102,2010,229,800,13.47,24.88,20.523,7.5447,0,5.907
102,2010,229,900,13.42,450.02,239.69,72.537,.683,187.6
102,2010,229,1000,13.34,1243.3,494.56,174.07,1,424.2
102,2010,229,1100,13.27,2017.7,756.58,273.17,1,553.1
102,2010,229,1200,13.21,1882.3,1379.4,236.65,.433,190.9
102,2010,229,1300,13.19,847.74,769.31,98.884,0,6.693
102,2010,229,1400,13.23,1005.2,910.95,118.32,0,10.49
102,2010,229,1500,13.23,516.34,468.89,56.354,0,5.541
102,2010,229,1600,13.25,381.68,348.25,42.415,0,6.048
102,2010,229,1700,12.83,396,359.44,46.234,0,5.525
102,2010,229,1800,13.24,413.24,373.73,50.71,0,7.73
102,2010,229,1900,13.27,152.72,139.18,19.774,0,7.38
102,2010,229,2000,13.29,16.594,14.719,3.5356,0,5.343
102,2010,229,2100,13.32,0,0,1.5899,0,5.327
102,2010,229,2200,13.34,0,0,2.199,0,5.3
102,2010,229,2300,13.36,0,0,3.1243,0,5.283
101,2010,229,2400,12.83,9347.6,6275.2,1231.5,3.115
102,2010,229,2400,13.39,0,0,5.2754,0,5.261
102,2010,230,100,13.41,0,0,3.5906,0,5.228
102,2010,230,200,13.42,0,0,2.6178,0,5.234
102,2010,230,300,13.45,0,0,3.7015,0,5.173
102,2010,230,400,13.47,0,0,5.394,0,5.136
102,2010,230,500,13.48,0,0,4.8878,0,5.12
102,2010,230,600,13.5,0,0,3.9784,0,5.191
102,2010,230,700,13.53,0,0,3.4723,0,5.473
102,2010,230,800,13.55,59.827,49.817,12.497,0,16.66
102,2010,230,900,13.49,525.27,400.02,76.468,.666,126.5
102,2010,230,1000,13.39,1164.5,674.71,154.49,1,301
102,2010,230,1100,13.29,1939.9,748.21,255.77,1,528.9
102,2010,230,1200,13.22,2700.2,628.48,341.13,1,670.8
102,2010,230,1300,13.19,3081.1,624.03,380.45,1,649.9
102,2010,230,1400,13.17,3236.3,649.42,400.61,1,594.5
102,2010,230,1500,13.15,3011.3,648.19,380.86,1,646.7
102,2010,230,1600,13.14,2609.5,616.1,337.44,1,677
102,2010,230,1700,13.14,2011.2,660.15,267.72,1,595.7
102,2010,230,1800,13.15,866.26,491.08,114.16,.75,285.9
102,2010,230,1900,13.19,383.55,217.62,57.556,.616,171.8
102,2010,230,2000,13.22,26.017,20.274,5.9644,0,15.1
102,2010,230,2100,13.27,0,0,2.1357,0,6.44
102,2010,230,2200,13.3,0,0,2.5389,0,5.846
102,2010,230,2300,13.33,0,0,3.4092,0,6.034
101,2010,230,2400,13.14,21615,6428.1,2824.7,10.03
102,2010,230,2400,13.37,0,0,3.8125,0,5.51
102,2010,231,100,13.39,0,0,3.4406,0,5.802
102,2010,231,200,13.41,0,0,3.1953,0,5.295
102,2010,231,300,13.42,0,0,4.8402,0,5.228
102,2010,231,400,13.44,0,0,4.152,0,5.355
102,2010,231,500,13.47,0,0,4.2236,0,5.581
102,2010,231,600,13.49,0,0,4.5873,0,5.974
102,2010,231,700,13.5,0,0,5.3148,0,6.113
102,2010,231,800,13.07,46.602,32.545,11.381,0,25.41
102,2010,231,900,13.44,529.07,236.06,83.909,1,279.8
102,2010,231,1000,13.36,1349.7,411.18,186.04,1,515.8
102,2010,231,1100,13.26,2035.1,511.34,273.44,1,630.5
102,2010,231,1200,13.2,2682.1,559.51,340.6,1,667.6
102,2010,231,1300,13.17,3091.3,607.47,380.64,1,650.4
102,2010,231,1400,13.15,3232.5,595.13,395.19,1,604.3
102,2010,231,1500,13.14,3058.2,618.47,383.73,1,653
102,2010,231,1600,13.14,2426.1,785.96,313.51,1,589.2
102,2010,231,1700,13.14,1872.3,726.37,249.55,1,594.8
102,2010,231,1800,13.15,1249.6,433,173.05,1,506.2
102,2010,231,1900,13.19,444.66,226.39,68.575,.816,223.2
102,2010,231,2000,13.22,22.181,18.014,5.3951,0,13.03
102,2010,231,2100,13.27,0,0,2.816,0,6.126
102,2010,231,2200,13.31,0,0,3.243,0,6.111
102,2010,231,2300,13.34,0,0,4.8884,0,5.978
101,2010,231,2400,13.07,22039,5761.4,2911.1,10.81
102,2010,231,2400,13.37,0,0,5.347,0,6.464
102,2010,232,100,13.39,0,0,3.6225,0,6.166
102,2010,232,200,13.41,0,0,5.0459,0,6.017
102,2010,232,300,13.44,0,0,6.4377,0,6.216
102,2010,232,400,13.44,0,0,3.8198,0,6.32
102,2010,232,500,13.46,0,0,3.6937,0,5.874
102,2010,232,600,13.49,0,0,4.4687,0,5.632
102,2010,232,700,13.5,0,0,4.611,0,5.429
102,2010,232,800,13.51,45.484,33.508,11.697,0,19.27
102,2010,232,900,13.44,495.65,250.17,80.111,.9,236.6
102,2010,232,1000,13.37,1255.3,470.62,176.51,1,454.9
102,2010,232,1100,13.04,1968.4,608.96,263.96,1,588.1
102,2010,232,1200,13.22,2532.2,704.72,323.58,1,608.4
102,2010,232,1300,13.18,2929.7,834.23,365.65,1,566.1
102,2010,232,1400,13.15,2942.1,928.98,370.12,.983,482.6
102,2010,232,1500,13.14,2868.1,985.47,374.33,1,575.2
102,2010,232,1600,13.14,2411,849.49,319.65,1,586.8
102,2010,232,1700,13.14,1892.1,740.2,259.14,1,551.5
102,2010,232,1800,13.16,1144.1,520.63,163.23,1,406.1
102,2010,232,1900,13.18,353.95,227.54,54.392,.45,124.1
102,2010,232,2000,13.22,22.496,20.331,5.893,0,6.963
102,2010,232,2100,12.9,0,0,1.4634,0,6.396
102,2010,232,2200,13.29,0,0,1.3447,0,6.121
102,2010,232,2300,13.3,0,0,1.4158,0,6.226
101,2010,232,2400,12.9,20861,7174.8,2806.4,10.33
102,2010,232,2400,13.34,0,0,2.2307,0,5.493
102,2010,233,100,13.36,0,0,3.6939,0,5.394
102,2010,233,200,13.39,0,0,5.4417,0,5.311
102,2010,233,300,13.41,0,0,3.219,0,5.802
102,2010,233,400,13.43,0,0,4.4764,0,5.659
102,2010,233,500,13.45,0,0,4.5396,0,5.719
102,2010,233,600,13.47,0,0,4.6508,0,5.752
102,2010,233,700,13.49,0,0,5.4337,0,5.83
102,2010,233,800,13.5,48.538,35.35,11.112,0,25.62
102,2010,233,900,13.43,520.84,270.77,82.84,.983,249.8
102,2010,233,1000,13.36,1322.8,486.9,181.25,1,483.8
102,2010,233,1100,13.3,2001.1,622.8,265.99,1,596.2
102,2010,233,1200,13.23,2562.5,699.36,327.37,1,616.8
102,2010,233,1300,13.2,2961.1,811.41,363.83,1,576.4
102,2010,233,1400,12.86,2055.9,1080.6,256.54,.516,219.7
102,2010,233,1500,12.84,2589,1145.6,337.5,.816,396.3
102,2010,233,1600,12.84,2052.7,1175.8,271.89,.833,351.2
102,2010,233,1700,12.84,1509.7,748.43,205.61,.783,389.8
102,2010,233,1800,12.84,1019,559.32,143.47,.733,306.8
102,2010,233,1900,13.16,223.89,167.69,31.716,.183,47.78
102,2010,233,2000,13.22,.20566,.35072,1.0204,0,6.307
102,2010,233,2100,13.25,0,0,.63282,0,6.572
102,2010,233,2200,13.29,0,0,1.2102,0,6.639
102,2010,233,2300,13.31,0,0,1.6452,0,6.292
101,2010,233,2400,12.84,18867,7804.4,2517.8,8.85
102,2010,233,2400,13.33,0,0,2.7369,0,6.409
102,2010,234,100,13.36,0,0,3.4805,0,5.923
102,2010,234,200,13.36,0,0,3.3222,0,5.951
102,2010,234,300,13.38,0,0,3.3933,0,5.929
102,2010,234,400,13.4,0,0,3.6541,0,5.272
102,2010,234,500,13.42,0,0,4.089,0,5.272
102,2010,234,600,13.44,0,0,4.247,0,5.322
102,2010,234,700,13.45,0,0,3.717,0,5.421
102,2010,234,800,13.47,46.229,38.847,9.8467,0,12.29
102,2010,234,900,13.42,475.97,308.52,73.647,.7,161
102,2010,234,1000,13.37,1113.3,579.05,155.8,1,334.8
102,2010,234,1100,13.31,1811,784.06,245.18,1,483.1
102,2010,234,1200,13.25,2436.2,877.24,316.08,1,547.3
102,2010,234,1300,13.18,2906.6,1012.4,364.79,1,524.9
102,2010,234,1400,13.15,2138.4,1153.3,265.54,.5,209.1
102,2010,234,1500,12.89,710.42,634.4,85.712,.017,31.21
102,2010,234,1600,13.18,2139,1123.3,292.82,.866,395.6
102,2010,234,1700,13.19,637.1,564.04,79.854,.017,28.65
102,2010,234,1800,13.22,224.38,203.58,30.185,0,7.71
102,2010,234,1900,13.23,205.45,179.53,29.868,0,19.48
102,2010,234,2000,13.25,10.702,9.0893,2.4996,0,7.73
102,2010,234,2100,13.29,0,0,1.8272,0,6.137
102,2010,234,2200,13.31,0,0,2.7526,0,5.752
102,2010,234,2300,13.32,0,0,3.2115,0,5.89
101,2010,234,2400,12.89,14855,7467.4,1989.1,6.098
102,2010,234,2400,13.35,0,0,3.5516,0,5.984
102,2010,235,100,13.37,0,0,3.061,0,6.276
102,2010,235,200,13.38,0,0,3.3299,0,6.398
102,2010,235,300,13.39,0,0,3.6857,0,6.078
102,2010,235,400,13.4,0,0,2.7049,0,5.631
102,2010,235,500,13.41,0,0,2.3015,0,5.576
102,2010,235,600,13.42,0,0,4.2074,0,5.769
102,2010,235,700,13.43,0,0,3.2504,0,5.835
102,2010,235,800,13.44,42.494,34.229,8.1066,0,10.04
102,2010,235,900,12.84,432.83,277.44,67.85,.55,130.7
102,2010,235,1000,13.36,1057.7,577.31,157.13,1,292.2
102,2010,235,1100,13.31,1636.4,918.78,227.42,1,358.5
102,2010,235,1200,13.25,2392.6,971.14,315.34,1,488.6
102,2010,235,1300,13.2,2370.9,1149.7,301.87,.766,310.1
102,2010,235,1400,13.15,2897.5,1152.4,383.91,.966,372.1
102,2010,235,1500,13.15,2194.4,1133.4,289.32,.666,305.4
102,2010,235,1600,12.95,2161.1,1052.8,295.78,.883,422.9
102,2010,235,1700,12.85,957.47,765.45,126.49,.233,108.9
102,2010,235,1800,13.17,595.55,494.2,81.729,.083,73.1
102,2010,235,1900,13.19,252.94,219.88,35.191,0,18.82
102,2010,235,2000,13.22,26.459,23.654,5.4738,0,5.646
102,2010,235,2100,13.25,0,0,1.7323,0,6.082
102,2010,235,2200,13.28,0,0,1.8588,0,6.485
102,2010,235,2300,13.29,0,0,1.8192,0,6.122
101,2010,235,2400,12.84,17018,8770.4,2326,7.15
102,2010,235,2400,13.32,0,0,2.4363,0,6.398
102,2010,236,100,13.34,0,0,2.9029,0,5.907
102,2010,236,200,13.35,0,0,3.4566,0,6.039
102,2010,236,300,13.36,0,0,3.6938,0,6.37
102,2010,236,400,13.37,0,0,3.8361,0,6.243
102,2010,236,500,13.38,0,0,3.4326,0,5.796
102,2010,236,600,13.39,0,0,3.2269,0,5.796
102,2010,236,700,13.41,0,0,3.7013,0,5.686
102,2010,236,800,13.42,37.589,30.156,10.503,0,10.44
102,2010,236,900,13.4,413.16,268.74,67.682,.533,127.9
102,2010,236,1000,13.38,1080.1,557.08,159.91,1,310.4
102,2010,236,1100,13.34,1769.7,756.36,248.41,1,459.6
102,2010,236,1200,13.25,2269.5,927.59,304.47,1,473.2
102,2010,236,1300,13.22,2244.5,1118.8,287.86,.75,312.5
102,2010,236,1400,13.23,902.57,802.85,110.84,0,17.38
102,2010,236,1500,13.2,1938.3,1254.3,263.87,.7,183.9
102,2010,236,1600,13.2,1095.3,818.34,148.59,.317,97.6
102,2010,236,1700,13.21,1324.6,824.43,186.93,.7,261.1
102,2010,236,1800,13.21,946.38,531.46,139.16,.883,266.7
102,2010,236,1900,13.22,148.95,133.14,20.771,0,10.33
102,2010,236,2000,13.26,4.0894,4.0916,1.5187,0,5.833
102,2010,236,2100,13.31,0,0,2.1752,0,6.011
102,2010,236,2200,13.32,0,0,2.4283,0,6.364
102,2010,236,2300,13.35,0,0,2.381,0,5.918
101,2010,236,2400,13.2,14175,8027.3,1983.3,6.881
102,2010,236,2400,13.36,0,0,1.5346,0,5.962
102,2010,237,100,13.37,0,0,1.226,0,6.386
102,2010,237,200,13.39,.09492,0,2.3492,0,6.546
102,2010,237,300,13.39,0,0,2.7683,0,6.541
102,2010,237,400,13.4,0,0,2.2542,0,5.973
102,2010,237,500,13.41,0,0,2.3254,0,5.708
102,2010,237,600,13.41,0,0,2.4361,0,5.653
102,2010,237,700,13.41,0,0,2.1355,0,5.857
102,2010,237,800,13.42,10.764,9.2735,3.314,0,5.708
102,2010,237,900,13.41,264.98,204.98,40.606,.133,40.99
102,2010,237,1000,13.36,1025.9,636.45,144.35,.75,255.8
102,2010,237,1100,12.81,1780.9,1064.9,241.03,.95,361.4
102,2010,237,1200,12.81,1972.7,1362.1,256.49,.7,269.7
102,2010,237,1300,12.81,2305.1,1771.3,304.15,.583,147.4
102,2010,237,1400,12.82,2066.3,1361.5,263.09,.466,150.6
102,2010,237,1500,13.17,424.03,388.49,54.751,0,28.23
102,2010,237,1600,13.29,924.18,771.12,112.97,.1,42.64
102,2010,237,1700,13.28,88.915,83.936,10.615,0,8.51
102,2010,237,1800,13.35,195.88,177.16,21.887,0,11.96
102,2010,237,1900,13.37,31.853,27.579,4.6747,0,7.26
102,2010,237,2000,13.38,.17401,0,4.2396,0,6.326
102,2010,237,2100,13.39,.04746,0,2.9898,0,6.006
102,2010,237,2200,13.41,.00791,0,3.6146,0,5.824
102,2010,237,2300,13.42,0,0,3.1874,0,5.923
101,2010,237,2400,12.81,11092,7858.7,1491,3.682
102,2010,237,2400,13.43,.03164,0,3.559,0,5.454
102,2010,238,100,13.44,.00791,0,3.3533,0,5.62
102,2010,238,200,13.44,0,0,2.3647,0,6.282
102,2010,238,300,13.45,.05536,0,2.4833,0,5.598
102,2010,238,400,13.45,.03163,0,2.1274,0,5.537
102,2010,238,500,13.46,.03163,0,1.8506,0,5.565
102,2010,238,600,13.46,.08699,0,2.1828,0,5.565
102,2010,238,700,13.46,0,0,3.5193,0,5.57
102,2010,238,800,13.47,49.951,42.049,7.2285,0,12.32
102,2010,238,900,13.44,521.96,333.65,60.25,.783,201.5
102,2010,238,1000,13.37,1283.3,561.79,148.66,1,459
102,2010,238,1100,13.31,2104.7,724.47,239.72,1,647.3
102,2010,238,1200,13.24,2651.2,846.87,296.6,1,674.8
102,2010,238,1300,13.22,2602.4,1089.3,286.27,.766,469.1
102,2010,238,1400,13.21,1859.6,1191.5,205.46,.317,165.7
102,2010,238,1500,13.19,1383.1,644.03,160.63,.45,481.4
102,2010,238,1600,13.19,2652.4,1037.2,301.48,1,610.1
102,2010,238,1700,13.19,1391.8,967.95,155.35,.483,228.2
102,2010,238,1800,13.2,725.67,601.88,86.862,.267,90.5
102,2010,238,1900,13.24,347.43,278.25,43.353,.3,79.3
102,2010,238,2000,13.27,24.466,21.628,4.5087,0,7.28
102,2010,238,2100,13.31,0,0,1.6452,0,5.592
102,2010,238,2200,13.34,0,0,2.1595,0,5.554
102,2010,238,2300,13.35,0,0,1.9222,0,5.554
101,2010,238,2400,13.19,6524.8,3550.9,758.79,2.499
102,2010,238,2400,13.36,0,0,.87802,0,5.543
102,2010,239,100,13.38,.09492,0,1.1153,0,5.388
102,2010,239,200,13.39,0,0,1.2339,0,5.78
102,2010,239,300,13.41,.00791,0,1.6293,0,5.515
102,2010,239,400,13.41,0,0,1.8112,0,5.421
102,2010,239,500,13.42,0,0,1.827,0,5.532
102,2010,239,600,13.43,0,0,2.9263,0,6.16
102,2010,239,700,13.44,0,0,2.7839,0,5.719
102,2010,239,800,13.45,24.216,20.123,6.7776,0,6.894
102,2010,239,900,13.43,354.09,294.72,47.254,.1,65.86
102,2010,239,1000,13.37,998.88,700.82,123.78,.516,224.6
102,2010,239,1100,13.32,1506.7,988.26,181.54,1,326.9
102,2010,239,1200,13.26,2203.1,1348.2,259.48,.983,367.4
102,2010,239,1300,13.23,2414.6,1466.1,278.46,.833,304
102,2010,239,1400,13.22,2383.3,1512.2,269.59,.583,201.9
102,2010,239,1500,13.21,2497.4,1462.8,287.82,.633,283.2
102,2010,239,1600,13.22,1829.8,1425,211.42,.583,153.6
102,2010,239,1700,13.22,1320.7,1081.7,155.92,.633,135.8
102,2010,239,1800,13.24,911.51,669.61,112.14,.916,203.1
102,2010,239,1900,13.27,350.86,259.95,46.653,.417,128.4
102,2010,239,2000,13.3,24.521,21.286,5.6793,0,9.67
102,2010,239,2100,13.33,0,0,3.3381,0,5.383
102,2010,239,2200,13.35,0,0,3.0771,0,5.344
102,2010,239,2300,13.37,0,0,3.7098,0,5.581
101,2010,239,2400,13.21,16820,11251,2012.6,7.2
102,2010,239,2400,13.39,0,0,2.6418,0,5.554
102,2010,240,100,13.4,0,0,3.1875,0,5.995
102,2010,240,200,13.41,.00791,0,3.4247,0,5.647
102,2010,240,300,13.42,0,0,2.7919,0,5.57
102,2010,240,400,13.42,0,0,2.6654,0,5.592
102,2010,240,500,13.42,0,0,2.784,0,5.692
102,2010,240,600,13.42,.00791,0,2.784,0,5.576
102,2010,240,700,13.42,0,0,1.4632,0,5.807
102,2010,240,800,13.45,50.141,41.893,9.4509,0,16.51
102,2010,240,900,13.4,488.47,295.65,71.527,.85,220
102,2010,240,1000,13.33,1299,589.09,163.83,1,481.6
102,2010,240,1100,13.29,1984.5,826.93,237.51,1,588.5
102,2010,240,1200,13.24,2531,1061.4,294.68,1,593.3
102,2010,240,1300,13.22,2492.3,1463.9,282.39,.783,338.9
102,2010,240,1400,13.2,2160,1602.5,242.08,.433,110.8
102,2010,240,1500,13.2,2027.5,1564.6,227.73,.466,116.1
102,2010,240,1600,13.2,1645.4,1351.3,186.1,.283,93.1
102,2010,240,1700,13.2,1087.7,925.75,123.72,.1,79.1
102,2010,240,1800,13.22,939.39,649.2,113.72,.733,240.2
102,2010,240,1900,13.23,358.33,271.57,44.921,.3,88.5
102,2010,240,2000,13.25,34.099,30.579,5.7741,0,5.629
102,2010,240,2100,13.28,0,0,1.0046,0,5.403
102,2010,240,2200,13.32,0,0,1.9458,0,5.537
102,2010,240,2300,13.35,.04746,0,2.9109,0,5.51
101,2010,240,2400,13.2,17098,10674,2031.8,6.947
102,2010,240,2400,13.36,0,0,3.4487,0,5.543
102,2010,241,100,13.38,0,0,4.1051,0,5.488
102,2010,241,200,13.4,0,0,4.3818,0,5.344
102,2010,241,300,13.41,0,0,4.2236,0,5.366
102,2010,241,400,13.42,0,0,2.6495,0,5.355
102,2010,241,500,13.42,.01582,0,3.393,0,5.388
102,2010,241,600,13.42,0,0,2.871,0,5.394
102,2010,241,700,13.42,0,0,2.5467,0,5.421
102,2010,241,800,13.43,24.384,21.147,6.0662,0,5.454
102,2010,241,900,13.42,265.83,237.09,32.878,0,14.94
102,2010,241,1000,13.4,470.35,423.15,55.626,0,17.27
102,2010,241,1100,13.34,1042.2,766.9,125.5,.45,164
102,2010,241,1200,13.28,1875,1430.4,213.28,.333,169.8
102,2010,241,1300,13.29,473.37,430.81,49.373,0,41.59
102,2010,241,1400,13.3,93.344,76.659,18.485,0,7.08
102,2010,241,1500,13.38,118.82,103.98,9.4679,0,5.443
102,2010,241,1600,12.86,88.925,77.784,7.7196,0,5.829
102,2010,241,1700,13.41,121.38,106.62,10.511,0,5.289
102,2010,241,1800,13.42,65.986,56.527,8.2255,0,5.306
102,2010,241,1900,13.42,19.963,15.176,3.8992,0,5.306
102,2010,241,2000,13.42,2.1829,1.7144,2.5863,0,5.311
102,2010,241,2100,13.43,0,0,2.7207,0,5.311
102,2010,241,2200,13.43,.03164,0,2.3411,0,5.328
102,2010,241,2300,13.43,.07909,0,2.4439,0,5.322
101,2010,241,2400,12.86,4662.1,3748,577.79,.783
102,2010,241,2400,13.44,.18981,0,2.4913,0,5.344
102,2010,242,100,13.44,.30054,0,2.6178,0,5.322
102,2010,242,200,12.84,.06327,0,2.7602,0,5.328
102,2010,242,300,12.82,.03954,0,3.0765,0,5.317
102,2010,242,400,13.44,.04745,0,2.6811,0,5.322
102,2010,242,500,13.44,0,0,2.863,0,5.317
102,2010,242,600,13.45,.07118,0,4.3498,0,5.322
102,2010,242,700,13.45,.16608,0,4.3497,0,5.306
102,2010,242,800,13.45,24.445,20.591,7.0228,0,5.317
102,2010,242,900,13.44,203.96,182.52,20.42,0,9.91
102,2010,242,1000,13.37,972.23,724.81,92.899,.4,160.1
102,2010,242,1100,13.33,1642.7,1186.3,153.98,1,327.8
102,2010,242,1200,13.29,1849.6,1432.2,176.18,.983,268.1
102,2010,242,1300,13.29,892.86,808.66,86.668,0,26.21
102,2010,242,1400,13.24,2422.9,1612.8,241.37,.3,158.7
102,2010,242,1500,13.24,832.39,742.33,77.973,.033,58.92
102,2010,242,1600,13.31,1075.7,949.16,108.03,0,59.38
102,2010,242,1700,13.32,832.14,703.86,85.598,.117,61.32
102,2010,242,1800,13.32,687.39,583.59,72.186,.067,53.83
102,2010,242,1900,12.91,324.12,287.72,34.258,0,28.45
102,2010,242,2000,13.35,21.144,18.54,3.1166,0,6.706
102,2010,242,2100,13.37,0,0,2.2385,0,5.295
102,2010,242,2200,13.39,0,0,3.9547,0,5.295
102,2010,242,2300,12.81,0,0,3.5434,0,5.278
101,2010,242,2400,12.81,11782,9253.1,1196.4,2.899
102,2010,242,2400,13.41,0,0,4.2393,0,5.245
102,2010,243,100,13.42,0,0,4.6899,0,5.217
102,2010,243,200,13.44,.00791,0,3.7882,0,5.195
102,2010,243,300,13.44,.00791,0,4.1045,0,5.206
102,2010,243,400,13.44,0,0,2.6652,0,5.19
102,2010,243,500,13.44,0,0,2.7126,0,5.201
102,2010,243,600,13.44,0,0,2.072,0,5.212
102,2010,243,700,13.44,.03163,0,3.116,0,5.256
102,2010,243,800,13.44,27.324,23.688,4.8084,0,5.25
102,2010,243,900,13.42,189.13,169.54,19.574,0,7.21
102,2010,243,1000,13.39,422.72,378.37,43.302,0,5.565
102,2010,243,1100,13.32,1324.2,1168.1,138.78,.217,75.4
102,2010,243,1200,13.24,2752.4,1277.8,295.36,.9,539.4
102,2010,243,1300,13.24,1275.7,1068.5,126.54,.267,84.8
102,2010,243,1400,13.24,1050.4,943.26,106.4,0,12.98
102,2010,243,1500,13.22,1472.5,1331.7,150.72,0,22.27
102,2010,243,1600,13.22,924.78,839.55,91.178,0,19.62
102,2010,243,1700,13.24,808.12,693.35,83.005,.067,57.79
102,2010,243,1800,13.25,1007.9,663.29,115.41,.65,270.9
102,2010,243,1900,13.26,459.85,302.28,52.007,.433,163.2
102,2010,243,2000,13.28,28.047,24.812,4.0022,0,7.49
102,2010,243,2100,13.3,0,0,1.9459,0,5.35
102,2010,243,2200,13.34,0,0,2.2068,0,5.3
102,2010,243,2300,13.37,0,0,3.7095,0,5.295
101,2010,243,2400,13.22,11743,8884.2,1266.4,2.532
102,2010,243,2400,13.4,0,0,4.3262,0,5.3
102,2010,244,100,13.41,.11863,0,3.116,0,5.339
102,2010,244,200,13.41,.03954,0,1.8506,0,5.366
102,2010,244,300,13.41,.01582,0,1.0044,0,5.377
102,2010,244,400,13.41,.01582,0,1.0835,0,5.35
102,2010,244,500,13.41,.03164,0,.86996,0,5.377
102,2010,244,600,13.42,.01582,0,1.5343,0,5.333
102,2010,244,700,13.42,0,0,1.3524,0,5.328
102,2010,244,800,13.42,3.1872,2.6299,1.8744,0,5.295
102,2010,244,900,13.41,119.07,105.95,13.358,0,8.44
102,2010,244,1000,13.39,398.67,358.57,43.262,0,10.11
102,2010,244,1100,13.35,1005.2,881.96,108.97,.017,39.39
102,2010,244,1200,13.34,1064.2,956.72,110.66,0,5.642
102,2010,244,1300,13.01,1285.7,1152.1,134.76,0,8.88
102,2010,244,1400,13.29,1171.6,1059.2,117.88,0,14.15
102,2010,244,1500,13.28,549.94,493.7,50.41,0,15.97
102,2010,244,1600,13.3,377.2,336.72,34.754,0,10.71
102,2010,244,1700,13.31,904.9,809.65,95.163,0,19.05
102,2010,244,1800,13.32,738.44,650.44,80.477,.017,52.02
102,2010,244,1900,13.32,404.54,276.45,49.676,.367,132.6
102,2010,244,2000,13.33,11.351,9.9079,1.8984,0,5.625
102,2010,244,2100,13.36,0,0,2.5548,0,5.51
102,2010,244,2200,13.38,0,0,3.3141,0,5.515
102,2010,244,2300,13.39,0,0,2.1592,0,5.499
101,2010,244,2400,13.01,8034.2,7094.1,864.49,.4
102,2010,244,2400,13.39,.00791,0,2.5151,0,5.465
102,2010,245,100,13.4,.03164,0,2.262,0,5.394
102,2010,245,200,13.41,0,0,2.2936,0,5.372
102,2010,245,300,13.42,.25308,0,2.4675,0,5.405
102,2010,245,400,13.42,.06327,0,1.7953,0,5.41
102,2010,245,500,13.42,.03954,0,2.1828,0,5.41
102,2010,245,600,13.43,0,0,1.7715,0,5.372
102,2010,245,700,13.44,.15817,0,3.195,0,5.355
102,2010,245,800,13.44,35.809,31.275,6.6985,0,9.95
102,2010,245,900,13.38,611.93,235.81,78.974,.75,389.6
102,2010,245,1000,13.3,1581.9,362.42,179.95,1,706
102,2010,245,1100,13.25,2329.7,473.4,251.06,1,777
102,2010,245,1200,13.22,2973.6,629.96,315.91,1,776
102,2010,245,1300,13.22,2020.5,1096.6,212.5,.4,245.1
102,2010,245,1400,13.21,1577.1,1256.7,161.28,.1,62.46
102,2010,245,1500,13.18,2545.3,1696.8,266.29,.766,290.1
102,2010,245,1600,13.17,1963.6,1189.1,203.65,.683,319.2
102,2010,245,1700,13.18,1306.5,784.17,144.27,.466,260.5
102,2010,245,1800,13.22,192.2,171.23,20.336,0,14.64
102,2010,245,1900,13.25,139.85,125.33,16.224,0,8.19
102,2010,245,2000,13.27,22.939,19.883,3.6781,0,8.3
102,2010,245,2100,13.3,0,0,1.9695,0,5.63
102,2010,245,2200,13.32,0,0,2.9189,0,5.614
102,2010,245,2300,13.35,0,0,3.251,0,5.598
101,2010,245,2400,13.17,17302,8072.6,1887.9,6.164
102,2010,245,2400,13.36,0,0,3.0057,0,5.598
102,2010,246,100,13.37,.02373,0,3.1006,0,5.581
102,2010,246,200,13.37,.06328,0,2.9661,0,5.554
102,2010,246,300,13.38,.02373,0,1.3051,0,5.57
102,2010,246,400,13.39,0,0,2.3174,0,5.576
102,2010,246,500,13.39,.01582,0,2.3569,0,5.537
102,2010,246,600,13.4,0,0,1.7717,0,5.521
102,2010,246,700,13.4,0,0,1.9773,0,5.526
102,2010,246,800,13.41,58.478,43.424,10.661,.133,41.12
102,2010,246,900,13.36,594.09,300.34,80.838,1,360
102,2010,246,1000,13.31,1143.3,612.13,129.82,1,401.6
102,2010,246,1100,12.84,2089.4,713.13,227.02,.916,653.5
102,2010,246,1200,12.82,2151.9,996.99,222.64,.633,405.9
102,2010,246,1300,12.81,1520,1146.1,152.34,.283,119.3
102,2010,246,1400,12.8,994.51,881.62,99.153,.067,68.73
102,2010,246,1500,12.8,1597.6,1309.1,165.39,.217,94.8
102,2010,246,1600,12.81,1321,787.06,142.35,.233,177.9
102,2010,246,1700,12.79,324.6,285.62,33.807,0,6.236
102,2010,246,1800,12.79,683.36,482.47,76.823,.25,125
102,2010,246,1900,13.27,201.84,156.55,22.757,.133,45.53
102,2010,246,2000,12.94,7.9254,6.7898,2.3571,0,5.51
102,2010,246,2100,12.84,0,0,2.2148,0,5.493
102,2010,246,2200,13.37,0,0,3.8599,0,5.41
102,2010,246,2300,13.39,.03955,0,3.9705,0,5.41
101,2010,246,2400,12.79,12688,7721.2,1394.1,4.865
102,2010,246,2400,13.4,0,0,2.3412,0,5.427
102,2010,247,100,13.41,.25309,0,2.175,0,5.416
102,2010,247,200,13.41,.00791,0,1.6926,0,5.405
102,2010,247,300,13.42,0,0,1.4553,0,5.465
102,2010,247,400,13.42,0,0,1.9219,0,5.432
102,2010,247,500,13.42,0,0,1.653,0,5.405
102,2010,247,600,13.42,0,0,.83044,0,5.416
102,2010,247,700,13.44,0,0,1.9297,0,5.405
102,2010,247,800,13.44,32.679,28.306,5.457,0,5.614
102,2010,247,900,13.39,621.81,360.64,73.592,.6,250.2
102,2010,247,1000,13.36,843.17,702.51,85.146,.333,126.9
102,2010,247,1100,12.83,2090.1,1058.1,220.28,.783,449.4
102,2010,247,1200,12.81,2773.7,737.38,280.54,.866,681.7
102,2010,247,1300,12.82,2927.6,1334.2,295.49,.716,437.3
102,2010,247,1400,12.82,2915.9,1382.6,287.1,.666,353.5
102,2010,247,1500,12.82,1619.8,1067.8,155.63,.283,146.8
102,2010,247,1600,12.82,1783,1197.9,181.15,.75,236.1
102,2010,247,1700,12.8,281.72,245.85,29.978,0,22.82
102,2010,247,1800,12.78,199.01,173.99,23.263,0,15.01
102,2010,247,1900,12.77,131.16,116.02,18.943,0,10.08
102,2010,247,2000,12.77,13.794,11.417,5.7027,0,5.295
102,2010,247,2100,13.35,0,0,3.9309,0,5.295
102,2010,247,2200,13.37,0,0,3.2507,0,5.295
102,2010,247,2300,13.41,0,0,3.828,0,5.295
101,2010,247,2400,12.77,16234,8416.8,1687.5,4.998
102,2010,247,2400,13.42,0,0,2.5704,0,5.295
102,2010,248,100,13.43,.04745,0,3.6617,0,5.295
102,2010,248,200,13.44,0,0,3.1793,0,5.295
102,2010,248,300,13.44,.03163,0,3.3611,0,5.295
102,2010,248,400,13.44,0,0,2.6968,0,5.295
102,2010,248,500,13.45,0,0,1.9929,0,5.295
102,2010,248,600,13.46,0,0,2.7839,0,5.295
102,2010,248,700,13.47,0,0,2.6813,0,5.295
102,2010,248,800,13.47,82.652,50.167,11.777,.283,73.4
102,2010,248,900,13.39,690.57,238.76,88.082,1,482.2
102,2010,248,1000,13.31,1593.6,409.36,176.92,1,687.6
102,2010,248,1100,13.26,2344.5,620.85,242.88,1,737
102,2010,248,1200,13.24,2176.1,1078.8,218.75,.566,389.7
102,2010,248,1300,13.22,2356.4,1295.7,238.87,.45,281.4
102,2010,248,1400,13.18,2916.1,1305.9,293.57,.65,373.2
102,2010,248,1500,13.17,3250.1,856.5,329.51,.883,643.1
102,2010,248,1600,13.16,2551.1,801.23,261.86,.916,578.6
102,2010,248,1700,13.17,1337.4,672.69,135.2,.466,268.5
102,2010,248,1800,13.2,696.97,590.67,71.74,.3,65.77
102,2010,248,1900,13.25,248.18,215.08,27.614,.017,27.59
102,2010,248,2000,13.29,12.102,10.2,3.2588,0,5.586
102,2010,248,2100,13.31,0,0,2.0328,0,5.371
102,2010,248,2200,13.34,0,0,1.2973,0,5.306
102,2010,248,2300,13.37,.23729,0,6.5176,0,5.388
101,2010,248,2400,13.16,20257,8145.9,2135.9,7.53
102,2010,248,2400,13.39,.69601,0,5.7105,0,5.35
102,2010,249,100,13.41,1.1389,0,6.0821,0,5.295
102,2010,249,200,13.42,.59317,0,5.6391,0,5.295
102,2010,249,300,13.42,.00791,0,4.9272,0,5.295
102,2010,249,400,13.44,.02373,0,3.891,0,5.295
102,2010,249,500,13.45,0,0,2.9103,0,5.295
102,2010,249,600,13.46,0,0,3.2743,0,5.295
102,2010,249,700,13.46,0,0,2.0564,0,5.295
102,2010,249,800,13.45,29.436,25.53,4.5555,0,5.295
102,2010,249,900,13.44,246.29,220.48,24.39,0,8.37
102,2010,249,1000,13.37,1171.6,586.78,123.05,.583,323.2
102,2010,249,1100,13.3,2207.1,936.19,226.41,1,614.5
102,2010,249,1200,13.25,2611.4,1258.7,257.49,.966,565.1
102,2010,249,1300,13.22,2642.3,1616.6,258.68,.716,319
102,2010,249,1400,13.2,1854.1,925.43,175.57,.383,270.9
102,2010,249,1500,13.22,2560,802.44,263.78,.683,533.1
102,2010,249,1600,13.2,2602.2,991.59,264.94,.85,513.2
102,2010,249,1700,13.2,409.69,371.63,42.854,0,32.31
102,2010,249,1800,13.29,410.03,325.43,40.885,.167,50.11
102,2010,249,1900,13.34,7.9413,8.6701,.78305,0,5.592
102,2010,249,2000,13.4,2.0722,2.7372,.82255,0,5.692
102,2010,249,2100,13.41,1.3366,1.2955,1.2259,0,5.565
102,2010,249,2200,13.42,.4429,.13637,1.2654,0,5.714
102,2010,249,2300,13.43,.087,.03896,1.9297,0,5.548
101,2010,249,2400,13.2,16758,8073.7,1720,5.348
102,2010,249,2400,13.44,0,0,2.5703,0,5.46
102,2010,250,100,13.45,.02373,0,2.6811,0,5.278
102,2010,250,200,13.47,.00791,0,2.1276,0,5.25
102,2010,250,300,13.47,0,0,2.3333,0,5.239
102,2010,250,400,13.47,0,0,2.4045,0,5.256
102,2010,250,500,13.47,0,0,2.8553,0,5.206
102,2010,250,600,13.49,.01582,0,1.74,0,5.24
102,2010,250,700,13.49,.00791,0,2.7683,0,5.267
102,2010,250,800,13.48,50.011,43.991,6.7308,0,5.262
102,2010,250,900,13.45,445.49,375.05,41.792,.133,53.55
102,2010,250,1000,13.38,1289.6,922.25,123.12,1,356.4
102,2010,250,1100,13.3,2371.2,792.38,223.59,1,751
102,2010,250,1200,13.25,2897.1,1145.5,275.27,.966,737
102,2010,250,1300,13.22,2876.1,1745.2,269.42,.75,406.6
102,2010,250,1400,13.23,2188.5,1568,209.49,.417,202.4
102,2010,250,1500,13.19,3744.2,1403.6,360.86,1,796
102,2010,250,1600,13.18,1492.5,896.86,141.18,.417,230.2
102,2010,250,1700,12.82,138.15,122.15,18.738,0,11.1
102,2010,250,1800,12.8,48.091,40.516,2.6972,0,6.624
102,2010,250,1900,13.38,106.78,93.339,9.0719,0,9.36
102,2010,250,2000,13.41,13.382,10.919,3.0607,0,5.261
102,2010,250,2100,13.43,.94113,.39936,2.8076,0,5.223
102,2010,250,2200,13.44,.22144,0,2.5703,0,5.25
102,2010,250,2300,13.45,.19771,0,2.6177,0,5.278
101,2010,250,2400,12.8,17665,9160.5,1713.8,5.681
102,2010,250,2400,13.45,2.6493,.36038,3.9068,0,5.261
102,2010,251,100,13.45,.62476,0,3.8197,0,5.239
102,2010,251,200,13.46,.00791,0,3.045,0,5.267
102,2010,251,300,13.47,.02373,0,4.2552,0,5.267
102,2010,251,400,13.47,0,0,3.3853,0,5.245
102,2010,251,500,13.48,.03955,0,2.4519,0,5.206
102,2010,251,600,13.48,.00791,0,3.6304,0,5.229
102,2010,251,700,12.8,0,0,4.5874,0,5.261
102,2010,251,800,12.75,47.797,40.232,9.3726,0,11.57
102,2010,251,900,12.74,589.63,370.4,61.628,.317,225.9
102,2010,251,1000,12.74,1685.8,637.56,171.87,1,734
102,2010,251,1100,12.76,2452,1013.2,241.51,1,812
102,2010,251,1200,12.78,3024.4,1381.5,299.6,1,818
102,2010,251,1300,12.79,3470.9,1622.4,341.47,1,794
102,2010,251,1400,12.8,3628.6,1690.1,358.91,1,676
102,2010,251,1500,12.81,2465,1452.2,244.44,.55,366.6
102,2010,251,1600,12.81,1381.7,1061.6,135.65,.65,209.7
102,2010,251,1700,12.8,2021.3,925.39,222.87,.883,537.8
102,2010,251,1800,12.8,292.81,236.83,40.561,.033,39.13
102,2010,251,1900,12.79,350.55,215.16,44.081,.217,117.9
102,2010,251,2000,12.77,14.261,5.952,8.7956,0,5.791
102,2010,251,2100,12.77,.63282,0,2.2544,0,5.625
102,2010,251,2200,13.31,0,0,.45087,0,5.587
102,2010,251,2300,13.33,0,0,1.0757,0,5.35
101,2010,251,2400,12.74,21426,10652,2211.1,7.65
102,2010,251,2400,13.34,0,0,1.3605,0,5.377
102,2010,252,100,13.35,0,0,1.574,0,5.322
102,2010,252,200,13.39,.12655,0,3.1163,0,5.278
102,2010,252,300,13.4,0,0,3.7331,0,5.278
102,2010,252,400,13.42,0,0,3.8596,0,5.256
102,2010,252,500,13.43,.01582,0,3.3612,0,5.295
102,2010,252,600,13.43,0,0,3.3059,0,5.267
102,2010,252,700,13.44,.01582,0,3.2109,0,5.25
102,2010,252,800,13.44,47.246,41.387,7.8454,0,5.234
102,2010,252,900,13.42,382.14,341.3,38.571,0,5.322
102,2010,252,1000,13.39,753.47,667.76,73.38,0,16.99
102,2010,252,1100,13.28,2038.5,1580.7,205.03,.833,329.8
102,2010,252,1200,12.87,2021.4,1603.5,206.58,.45,237.5
102,2010,252,1300,13.23,2490.3,1968.7,252.15,.45,256.7
102,2010,252,1400,13.2,3521.1,2563.6,360.12,.983,463.9
102,2010,252,1500,13.18,2867.1,2168.8,287.63,.8,331.1
102,2010,252,1600,13.16,1599.1,1174.8,160.6,.45,258.7
102,2010,252,1700,13.2,342.91,309.75,32.977,0,20.15
102,2010,252,1800,13.27,208.43,182.29,24.449,0,15
102,2010,252,1900,13.31,257.4,224.6,30.485,0,8.31
102,2010,252,2000,13.32,27.891,19.884,11.351,0,5.989
102,2010,252,2100,13.35,1.8746,0,7.8226,0,5.261
102,2010,252,2200,13.37,0,0,5.916,0,5.25
102,2010,252,2300,13.4,0,0,5.7814,0,5.256
101,2010,252,2400,12.87,16559,12847,1737.7,3.965
102,2010,252,2400,13.4,0,0,4.8164,0,5.201
102,2010,253,100,13.41,0,0,4.1362,0,5.146
102,2010,253,200,13.42,0,0,2.9973,0,5.129
102,2010,253,300,13.42,0,0,3.1555,0,5.085
102,2010,253,400,13.43,0,0,4.3263,0,5.057
102,2010,253,500,13.44,0,0,3.6698,0,5.063
102,2010,253,600,13.45,0,0,2.95,0,5.113
102,2010,253,700,13.45,0,0,3.5197,0,5.129
102,2010,253,800,13.45,99.628,81.194,15.51,.2,61.68
102,2010,253,900,13.38,764.93,505.3,90.208,1,438
102,2010,253,1000,13.33,1647.8,1097.9,180.11,1,676.5
102,2010,253,1100,13.3,2475.5,1820.8,257.47,1,780
102,2010,253,1200,13.25,3130.3,2514.1,319.16,1,785
102,2010,253,1300,13.16,3375.6,2801.9,338.3,1,579.5
102,2010,253,1400,13.12,3443.7,2773.9,344.96,.983,534.5
102,2010,253,1500,13.11,2527.5,2038.7,262.76,.7,403.6
102,2010,253,1600,13.19,586.45,517.7,52.714,0,18.26
102,2010,253,1700,13.26,1224.7,1024.1,128.1,.267,116.1
102,2010,253,1800,13.29,126.59,108.14,15.187,0,12.24
102,2010,253,1900,13.32,56.842,47.337,5.5924,0,5.3
102,2010,253,2000,13.34,5.1889,4.0526,.10283,0,5.295
102,2010,253,2100,13.37,0,0,1.2655,0,5.295
102,2010,253,2200,13.39,0,0,.95702,0,5.295
102,2010,253,2300,13.4,0,0,2.3174,0,5.272
101,2010,253,2400,13.11,19465,15335,2041.9,7.15
102,2010,253,2400,13.4,0,0,2.4281,0,5.261
102,2010,254,100,13.41,0,0,3.6618,0,5.217
102,2010,254,200,13.42,0,0,3.8673,0,5.19
102,2010,254,300,13.43,0,0,2.2144,0,5.173
102,2010,254,400,13.44,0,0,2.1037,0,5.151
102,2010,254,500,13.44,0,0,2.5149,0,5.135
102,2010,254,600,13.45,0,0,2.9975,0,5.024
102,2010,254,700,13.45,0,0,2.5231,0,4.975
102,2010,254,800,13.47,74.981,63.834,10.622,0,21.24
102,2010,254,900,13.42,561.21,460.97,64.199,.55,183.8
102,2010,254,1000,13.35,1212.8,987.18,134.87,1,410.3
102,2010,254,1100,13.27,1885.2,1585,196.13,1,457.2
102,2010,254,1200,13.2,2815.6,2548,284.07,.9,632.4
102,2010,254,1300,13.18,1629.4,1447.6,159.55,.233,89.9
102,2010,254,1400,13.2,1232.7,1110.2,124.35,0,43.78
102,2010,254,1500,13.22,2738,2372.3,292.98,.866,389.9
102,2010,254,1600,13.21,1564.1,1381.7,164.01,.483,168.1
102,2010,254,1700,13.22,1002.2,893.4,108.87,.15,73.2
102,2010,254,1800,13.25,1238.3,986.76,146.54,.816,345.6
102,2010,254,1900,13.26,209.84,191.37,21.523,0,6.346
102,2010,254,2000,13.29,14.064,13.307,1.5187,0,5.597
102,2010,254,2100,13.33,0,0,1.0362,0,5.537
102,2010,254,2200,13.36,0,0,1.9063,0,5.339
102,2010,254,2300,13.37,0,0,2.0011,0,5.3
101,2010,254,2400,13.18,16178,14042,1736.5,5.998
102,2010,254,2400,13.38,0,0,2.4124,0,5.295
102,2010,255,100,13.39,0,0,2.2621,0,5.289
102,2010,255,200,13.4,0,0,1.9773,0,5.278
102,2010,255,300,13.41,.05536,0,1.1864,0,5.25
102,2010,255,400,13.41,.11073,0,.90162,0,5.19
102,2010,255,500,13.41,.03954,0,1.3999,0,5.179
102,2010,255,600,13.42,0,0,1.1626,0,5.195
102,2010,255,700,13.42,0,0,1.8981,0,5.14
102,2010,255,800,13.43,50.085,43.715,8.9526,0,14.19
102,2010,255,900,13.41,501.21,434.55,60.303,.6,145.4
102,2010,255,1000,13.34,1486.6,1308.5,175.76,1,533
102,2010,255,1100,13.31,1583.5,1391.2,173.46,1,249.7
102,2010,255,1200,13.27,2049.8,1815.3,223.52,.9,195
102,2010,255,1300,13.24,2442,2197.7,266.36,.8,284.8
102,2010,255,1400,13.25,1036.9,956.12,113.67,.05,55.92
102,2010,255,1500,13.25,398.02,341.82,47.461,.033,31.23
102,2010,255,1600,12.82,404.7,364.64,32.596,0,37.04
102,2010,255,1700,13.33,635.55,575.67,62.21,0,10
102,2010,255,1800,13.36,416.73,360.3,44.761,.1,46.19
102,2010,255,1900,13.38,140.65,122.09,12.497,0,6.701
102,2010,255,2000,13.4,11.777,9.5657,1.8824,0,5.162
102,2010,255,2100,12.78,0,0,1.7399,0,5.129
102,2010,255,2200,12.75,0,.41884,1.7953,0,5.068
102,2010,255,2300,12.74,0,0,2.3647,0,4.997
101,2010,255,2400,12.74,11158,9921.5,1243.1,4.482
102,2010,255,2400,12.74,0,0,2.9973,0,4.964
102,2010,256,100,12.73,0,0,3.1003,0,4.964
102,2010,256,200,12.72,0,0,3.1005,0,4.964
102,2010,256,300,12.72,0,0,3.0134,0,4.964
102,2010,256,400,12.71,0,0,3.1241,0,4.965
102,2010,256,500,12.71,0,0,3.646,0,4.965
102,2010,256,600,12.7,0,0,2.1117,0,4.965
102,2010,256,700,12.7,0,0,2.167,0,4.965
102,2010,256,800,12.7,63.311,54.499,9.0241,.083,31.4
102,2010,256,900,12.7,648.65,582.36,77.825,1,290.6
102,2010,256,1000,12.71,1315.5,1185.8,155.22,.783,374.4
102,2010,256,1100,12.73,2393.9,2270.9,281.55,1,694
102,2010,256,1200,12.75,1950.7,1795.2,227.6,.8,343.8
102,2010,256,1300,12.76,1973.6,1752.9,231.72,.6,154.3
102,2010,256,1400,12.77,3031,2882.6,353.62,.566,297.8
102,2010,256,1500,12.78,1961.7,1745.8,231.13,.367,106
102,2010,256,1600,12.79,1365.5,1237.3,161.92,.083,54.53
102,2010,256,1700,12.79,940.59,852.3,109.01,0,28.54
102,2010,256,1800,12.79,563.56,509.06,64.648,0,13.35
102,2010,256,1900,12.78,261.78,238.19,28.271,0,12.23
102,2010,256,2000,12.78,14.777,13.221,1.8827,0,5.375
102,2010,256,2100,12.84,0,0,.39549,0,5.266
102,2010,256,2200,12.78,0,0,1.6453,0,5.162
102,2010,256,2300,12.75,0,0,3.1163,0,5.118
101,2010,256,2400,12.7,16485,15120,1964.3,5.281
102,2010,256,2400,12.73,0,0,5.4731,0,5.041
102,2010,257,100,12.73,0,0,3.5273,0,5.035
102,2010,257,200,12.72,0,0,4.2785,0,4.975
102,2010,257,300,12.71,0,0,3.4956,0,4.964
102,2010,257,400,12.71,0,0,3.8755,0,4.964
102,2010,257,500,12.7,0,0,3.7964,0,4.964
102,2010,257,600,12.69,0,0,3.4958,0,4.965
102,2010,257,700,12.69,0,0,2.9184,0,4.965
102,2010,257,800,12.69,62.33,58.648,12.338,.05,35.55
102,2010,257,900,12.69,732.45,692.38,105.27,1,431
102,2010,257,1000,12.7,1644.6,1599.3,220.01,1,695.2
102,2010,257,1100,12.73,2507.4,2482.1,309.4,1,791
102,2010,257,1200,12.76,3028.3,3043.2,363.79,1,779
102,2010,257,1300,12.76,3229,3212.7,386.11,.916,632.8
102,2010,257,1400,12.76,2163.7,2053.9,258.07,.333,190.2
102,2010,257,1500,12.76,2153.5,1953,275.97,.383,194.9
102,2010,257,1600,12.76,2436.3,2244.5,310.89,1,445.1
102,2010,257,1700,13.13,1752.2,1625.9,228.79,.7,412.5
102,2010,257,1800,13.16,823.01,743.25,107.51,.317,119.5
102,2010,257,1900,13.16,606.92,557.54,89.531,.783,271.7
102,2010,257,2000,13.16,44.322,42.205,7.1589,.033,22.15
102,2010,257,2100,13.21,0,0,.9808,0,4.963
102,2010,257,2200,13.1,0,0,.99667,0,5.008
102,2010,257,2300,12.92,0,0,3.1244,0,5.079
101,2010,257,2400,12.69,21184,20309,2709,8.51
102,2010,257,2400,12.88,0,0,3.7175,0,5.046
102,2010,258,100,12.85,0,0,2.618,0,5.366
102,2010,258,200,12.83,0,0,2.2779,0,5.504
102,2010,258,300,12.81,0,0,1.5186,0,5.173
102,2010,258,400,12.8,0,0,2.5625,0,4.991
102,2010,258,500,12.78,0,0,2.9737,0,4.964
102,2010,258,600,12.77,0,0,2.08,0,4.964
102,2010,258,700,12.76,0,0,3.1634,0,4.964
102,2010,258,800,12.75,43.267,38.6,6.6748,0,7.41
102,2010,258,900,12.74,241.47,216.81,32.006,.017,26.59
102,2010,258,1000,12.73,960.93,859.31,128.95,.45,108.6
102,2010,258,1100,12.73,1957.7,1811.4,264.59,.883,438
102,2010,258,1200,12.74,3000.8,2952.3,383.87,1,692.1
102,2010,258,1300,12.76,2833.5,2652.3,361.16,.833,332.3
102,2010,258,1400,12.76,2454.7,2313.7,313.02,.5,230.7
102,2010,258,1500,12.77,1004.1,921.32,126.09,.05,60.38
102,2010,258,1600,12.76,647.34,590.27,83.435,0,17.74
102,2010,258,1700,12.75,1034,928.39,143,.217,104.9
102,2010,258,1800,12.74,283.19,257.78,36.717,0,13.85
102,2010,258,1900,12.73,113.86,101.26,16.326,0,8.23
102,2010,258,2000,12.74,15.843,13.473,6.1142,0,6
102,2010,258,2100,12.73,0,0,4.7061,0,4.98
102,2010,258,2200,12.76,0,0,2.8869,0,4.964
102,2010,258,2300,13.35,0,0,3.567,0,4.964
101,2010,258,2400,12.73,14591,13657,1933.6,3.948
102,2010,258,2400,13.36,.00791,0,3.3218,0,4.964
102,2010,259,100,13.36,0,0,3.6698,0,4.964
102,2010,259,200,13.37,0,0,4.0177,0,4.964
102,2010,259,300,13.38,0,0,2.6257,0,4.964
102,2010,259,400,13.39,.03954,0,3.5035,0,4.964
102,2010,259,500,13.4,0,0,3.0764,0,4.969
102,2010,259,600,13.42,0,0,2.7207,0,4.964
102,2010,259,700,13.16,0,0,2.7603,0,4.964
102,2010,259,800,12.98,98.431,97.529,17.385,.333,97.5
102,2010,259,900,13.38,803.41,769.19,124.02,1,529.7
102,2010,259,1000,13.32,1700,1666.3,242.18,1,724
102,2010,259,1100,13.26,2517.8,2518.1,325.9,1,817
102,2010,259,1200,13.21,3158.5,3198.2,402.27,1,812
102,2010,259,1300,13.19,3252.6,3206.5,413.12,1,645.2
102,2010,259,1400,13.18,2629,2480.3,344.25,.55,235.6
102,2010,259,1500,13.17,2603.4,2432.1,341.73,.9,245.4
102,2010,259,1600,13.17,1736,1595.1,231.23,.4,142.8
102,2010,259,1700,13.2,1308.8,1183,180.92,.616,160.3
102,2010,259,1800,13.24,388.68,355.43,52.564,.15,68.44
102,2010,259,1900,13.29,103.93,95.294,13.549,0,7.45
102,2010,259,2000,13.32,10.244,9.0408,3.4963,0,5.333
102,2010,259,2100,13.35,0,0,1.6769,0,5.46
102,2010,259,2200,13.38,0,0,3.662,0,5.311
102,2010,259,2300,13.41,0,0,4.2472,0,5.3
101,2010,259,2400,12.98,20311,19606,2729.4,7.95
102,2010,259,2400,13.43,0,0,4.7927,0,5.295
102,2010,260,100,13.44,0,0,4.326,0,5.295
102,2010,260,200,13.45,0,0,4.6343,0,5.295
102,2010,260,300,13.46,0,0,4.0809,0,5.283
102,2010,260,400,13.47,0,0,3.5354,0,5.322
102,2010,260,500,13.48,0,0,2.5705,0,5.262
102,2010,260,600,13.49,0,0,2.8315,0,5.229
102,2010,260,700,13.5,0,0,3.2032,0,5.296
102,2010,260,800,13.49,72.416,67.524,14.228,.15,38.04
102,2010,260,900,13.45,470,424.41,70.636,.35,114.5
102,2010,260,1000,13.35,1642.9,1550.8,238.71,.75,478.5
102,2010,260,1100,13.3,2265.6,2198,310.04,1,704
102,2010,260,1200,13.23,2867.9,2811.2,384.57,1,650.8
102,2010,260,1300,13.22,2640.1,2559.3,349.11,.766,410.4
102,2010,260,1400,13.2,3320.5,3231.5,448.68,.883,433.4
102,2010,260,1500,13.17,2772.6,2630.7,369.22,.916,359.3
102,2010,260,1600,13.19,2332.5,2214.8,327.69,1,474.4
102,2010,260,1700,13.19,2280.6,2252.4,331.52,1,709
102,2010,260,1800,13.2,1087.6,1035.6,157.59,1,380.6
102,2010,260,1900,13.24,286.85,259.68,41.45,.4,97.2
102,2010,260,2000,13.27,10.703,10.142,2.8318,0,6.765
102,2010,260,2100,13.3,0,0,1.1231,0,5.305
102,2010,260,2200,13.33,0,0,1.4317,0,5.294
102,2010,260,2300,13.36,0,0,2.2148,0,5.295
101,2010,260,2400,13.17,22050,21246,3079.2,9.21
102,2010,260,2400,13.38,0,0,2.9819,0,5.311
102,2010,261,100,13.4,0,0,4.271,0,5.295
102,2010,261,200,13.41,0,0,3.9545,0,5.289
102,2010,261,300,13.42,0,0,2.776,0,5.559
102,2010,261,400,13.44,0,0,3.6222,0,5.245
102,2010,261,500,13.45,0,0,3.3137,0,5.179
102,2010,261,600,13.46,0,0,2.8549,0,5.3
102,2010,261,700,13.46,0,0,2.5703,0,5.311
102,2010,261,800,13.44,121.05,111.99,24.073,.3,78.7
102,2010,261,900,13.37,744.9,691.6,123.64,.866,363.7
102,2010,261,1000,13.31,1756,1665.4,264.58,.983,603.6
102,2010,261,1100,13.25,1834.3,1702.6,254.67,1,466.6
102,2010,261,1200,13.2,1286.1,1165.9,179,.233,77.9
102,2010,261,1300,13.25,684.02,618.37,94.4,0,25.61
102,2010,261,1400,13.28,768.19,687.97,111.99,0,27.74
102,2010,261,1500,13.25,1868.8,1673.8,277.32,.017,72.5
102,2010,261,1600,13.25,1650,1483.3,240.8,.317,78.5
102,2010,261,1700,13.23,1817,1679.4,268.66,.916,287
102,2010,261,1800,13.24,591.08,536.94,85.453,0,29.23
102,2010,261,1900,13.28,291.26,263.74,43.249,0,17.17
102,2010,261,2000,13.3,17.859,16.414,4.2236,0,6.524
102,2010,261,2100,13.34,0,0,3.3774,0,5.35
102,2010,261,2200,13.37,0,0,4.4608,0,5.283
102,2010,261,2300,13.39,0,0,4.5793,0,4.964
101,2010,261,2400,13.2,13431,12297,2010.8,4.631
102,2010,261,2400,13.42,.00791,0,2.9658,0,4.964
102,2010,262,100,13.42,.03164,0,1.6608,0,4.964
102,2010,262,200,13.42,.11072,0,2.6336,0,4.964
102,2010,262,300,13.43,0,0,3.0685,0,4.964
102,2010,262,400,13.44,0,0,3.282,0,4.964
102,2010,262,500,13.44,0,0,1.6608,0,4.964
102,2010,262,600,13.45,0,0,2.8946,0,4.964
102,2010,262,700,13.45,0,0,2.5783,0,4.964
102,2010,262,800,13.45,92.029,87.367,17.098,.283,92.9
102,2010,262,900,13.37,812.85,798.62,139.49,1,552.3
102,2010,262,1000,13.32,1450.4,1382.7,216.18,1,521.7
102,2010,262,1100,13.25,2433.7,2419.2,347.47,1,753
102,2010,262,1200,13.22,3032.9,3079.8,421.49,1,781
102,2010,262,1300,13.21,2529.6,2383.2,359.76,.733,297
102,2010,262,1400,13.21,2305,2140.4,334.38,.433,146.5
102,2010,262,1500,13.2,2692.8,2551.9,393.06,.883,383
102,2010,262,1600,13.18,1827.1,1718.8,259.57,.516,234
102,2010,262,1700,13.2,2098.3,2023.4,316.63,1,463.6
102,2010,262,1800,13.24,858,802.22,130.93,.983,262.4
102,2010,262,1900,13.27,469.77,449.03,79.574,.616,278.1
102,2010,262,2000,13.28,15.535,14.262,3.4328,0,6.259
102,2010,262,2100,13.32,0,0,1.9141,0,5.168
102,2010,262,2200,13.34,0,0,1.9459,0,5.416
102,2010,262,2300,13.36,0,0,3.4091,0,5.057
101,2010,262,2400,13.18,20618,19851,3047.6,9.45
102,2010,262,2400,13.37,0,0,3.4723,0,4.964
102,2010,263,100,13.39,0,0,2.966,0,4.964
102,2010,263,200,13.39,0,0,2.0722,0,4.964
102,2010,263,300,13.41,0,0,2.2462,0,4.964
102,2010,263,400,13.41,0,0,1.9219,0,4.964
102,2010,263,500,13.42,0,0,2.3726,0,4.964
102,2010,263,600,13.43,.02373,0,1.8901,0,4.964
102,2010,263,700,13.44,0,0,1.7952,0,4.964
102,2010,263,800,13.44,81.647,72.058,14.908,0,12.72
102,2010,263,900,13.42,240.35,215.97,37.598,0,8.03
102,2010,263,1000,13.39,527.95,476.41,81.818,0,5.063
102,2010,263,1100,13.34,1195.6,1081.1,183.89,0,19.29
102,2010,263,1200,13.28,1993.6,1813.5,295.53,.55,187.9
102,2010,263,1300,13.21,2825,2664.7,400.06,.816,400.3
102,2010,263,1400,13.23,1175.8,1077.2,171.68,0,12.44
102,2010,263,1500,13.21,1845.1,1701.9,272.91,.167,124.5
102,2010,263,1600,13.21,1821.9,1697.4,273.01,.383,205.1
102,2010,263,1700,13.21,1890.2,1795,283.94,1,452.8
102,2010,263,1800,13.22,1103.3,1039.8,173.34,1,399.6
102,2010,263,1900,13.22,492.76,469.35,81.281,1,286.1
102,2010,263,2000,13.24,21.398,20.002,4.4536,0,14.7
102,2010,263,2100,13.29,0,0,2.0249,0,5.249
102,2010,263,2200,13.31,0,0,.62483,0,5.123
102,2010,263,2300,13.33,0,0,1.6848,0,4.964
101,2010,263,2400,13.21,15215,14125,2295.9,4.915
102,2010,263,2400,13.34,.11074,0,1.9063,0,4.964
102,2010,264,100,13.35,.04746,0,.94128,0,4.964
102,2010,264,200,13.36,0,0,3.6939,0,4.964
102,2010,264,300,13.37,0,0,2.4361,0,4.964
102,2010,264,400,13.39,0,0,1.9694,0,4.964
102,2010,264,500,13.41,0,0,2.4518,0,4.964
102,2010,264,600,13.42,0,0,2.7523,0,4.964
102,2010,264,700,13.44,0,0,3.4086,0,4.964
102,2010,264,800,13.43,117.53,110.99,22.871,.417,129.9
102,2010,264,900,13.38,785.76,770.77,132.75,1,542.9
102,2010,264,1000,13.33,1767.4,1744.8,280.09,1,765
102,2010,264,1100,13.27,2547.8,2566,375.41,1,808
102,2010,264,1200,13.22,2931.1,2956.2,416.58,1,714
102,2010,264,1300,13.22,1900.2,1851.5,273.5,.417,265.5
102,2010,264,1400,13.23,674.86,631.64,98.467,0,25.78
102,2010,264,1500,12.94,226.04,202.02,28.286,0,8.09
102,2010,264,1600,12.83,168.06,149.34,16.982,0,6
102,2010,264,1700,12.81,57.536,48.807,7.633,0,5.636
102,2010,264,1800,12.81,223.49,196.9,31.907,0,27
102,2010,264,1900,12.8,239.04,211.04,37.434,0,9.12
102,2010,264,2000,13.38,17.701,13.696,8.6446,0,5.052
102,2010,264,2100,13.44,1.1863,0,5.8841,0,5.019
102,2010,264,2200,13.45,.83041,0,4.5238,0,5.013
102,2010,264,2300,13.46,.33216,0,6.2241,0,5.013
101,2010,264,2400,12.8,11659,11454,1771.7,4.831
102,2010,264,2400,13.47,.13444,0,6.8408,0,5.035
102,2010,265,100,13.47,0,0,5.2591,0,5.046
102,2010,265,200,13.49,0,0,4.2866,0,5.008
102,2010,265,300,13.49,0,0,2.6654,0,4.981
102,2010,265,400,13.5,0,0,3.3139,0,4.992
102,2010,265,500,13.51,0,0,2.0959,0,5.014
102,2010,265,600,13.51,0,0,4.2551,0,5.004
102,2010,265,700,13.52,0,0,2.9027,0,4.965
102,2010,265,800,13.51,94.656,83.168,16.079,0,7.25
102,2010,265,900,13.46,665.38,612.79,100.67,.5,209.7
102,2010,265,1000,13.39,1459.9,1359.6,225.58,.95,444.2
102,2010,265,1100,13.31,2416.2,2363.8,346.09,1,725
102,2010,265,1200,13.28,2870.6,2874.9,397.61,.95,707
102,2010,265,1300,13.26,2759.5,2635.1,391.93,.716,350.6
102,2010,265,1400,13.23,3104.8,2963.8,439.67,.65,356.4
102,2010,265,1500,13.22,3287.8,3225,454.31,1,590.1
102,2010,265,1600,13.21,2695.8,2674.5,387.11,.85,545.8
102,2010,265,1700,13.21,1355.7,1284.3,203.1,.35,258.8
102,2010,265,1800,13.24,809.72,755.1,123.71,.466,199.6
102,2010,265,1900,13.28,236.5,215.34,33.729,0,23.24
102,2010,265,2000,12.87,11.366,10.424,1.9458,0,5.294
102,2010,265,2100,13.35,0,0,1.2972,0,5.294
102,2010,265,2200,13.38,.00791,0,2.9504,0,5.295
102,2010,265,2300,13.39,0,0,2.3254,0,5.295
101,2010,265,2400,12.87,21768,21058,3155.7,7.43
102,2010,265,2400,13.39,0,0,2.8158,0,5.295
102,2010,266,100,13.4,0,0,2.4361,0,5.283
102,2010,266,200,13.41,0,0,2.3965,0,5.25
102,2010,266,300,13.43,0,0,2.4122,0,5.223
102,2010,266,400,13.44,0,0,2.5783,0,5.179
102,2010,266,500,13.46,0,0,2.5228,0,5.206
102,2010,266,600,13.47,0,0,3.108,0,5.162
102,2010,266,700,13.47,0,0,1.8031,0,5.162
102,2010,266,800,13.47,124.67,111.71,20.902,0,35.62
102,2010,266,900,13.42,597.91,547.39,92.847,.75,171.2
102,2010,266,1000,13.35,1477.1,1390.4,239.78,1,455.2
102,2010,266,1100,13.3,2350.8,2293,354.99,1,634.1
102,2010,266,1200,13.25,3169.5,3197.4,461.16,1,777
102,2010,266,1300,13.23,2638.3,2557.1,384.75,.65,350.1
102,2010,266,1400,13.23,471.63,421.09,65.844,0,12.84
102,2010,266,1500,13.32,1342.4,1214,201.76,.2,67.99
102,2010,266,1600,13.27,2539,2386,393.94,1,476
102,2010,266,1700,13.25,1371.7,1259.8,204.25,.35,142.4
102,2010,266,1800,13.26,894.87,829.24,138.7,.583,177.9
102,2010,266,1900,13.29,279.14,255.1,43.838,.067,50.3
102,2010,266,2000,13.31,11.327,10.463,3.0294,0,8.68
102,2010,266,2100,13.35,0,0,2.1356,0,5.25
102,2010,266,2200,13.37,0,0,2.452,0,5.068
102,2010,266,2300,13.4,0,0,3.0056,0,4.986
101,2010,266,2400,13.23,17268,16473,2634.4,6.597
102,2010,266,2400,13.43,0,0,3.7726,0,4.969
102,2010,267,100,13.44,0,0,2.9342,0,4.969
102,2010,267,200,13.45,0,0,2.8076,0,4.964
102,2010,267,300,13.46,0,0,3.116,0,4.964
102,2010,267,400,13.47,0,0,1.8901,0,4.964
102,2010,267,500,13.48,0,0,2.6812,0,4.964
102,2010,267,600,13.49,0,0,2.1197,0,4.964
102,2010,267,700,13.5,0,0,2.705,0,4.964
102,2010,267,800,13.5,107.6,95.365,18.231,0,28.34
102,2010,267,900,13.47,576.2,529.67,91.553,.633,162.7
102,2010,267,1000,13.39,1381.5,1306.4,227.94,1,419.7
102,2010,267,1100,13.32,2415.2,2375.6,383.2,1,705
102,2010,267,1200,13.27,3113.9,3108,480.9,1,685
102,2010,267,1300,13.23,3428.5,3376.7,526.53,1,435.2
102,2010,267,1400,13.21,3202.7,3083.6,500.84,.983,437.3
102,2010,267,1500,13.19,3483.7,3446.7,530.74,1,680
102,2010,267,1600,13.19,2432.4,2361.2,385.87,.916,511
102,2010,267,1700,13.19,1651,1561.3,266.28,1,356.1
102,2010,267,1800,13.21,1119.8,1049.5,184.53,1,300.4
102,2010,267,1900,13.24,480.39,453.78,83.941,.783,228.8
102,2010,267,2000,13.27,14.152,13.27,2.7449,0,7.76
102,2010,267,2100,13.32,0,0,1.7638,0,5.294
102,2010,267,2200,13.35,0,0,1.8905,0,5.295
102,2010,267,2300,13.39,0,0,3.1955,0,5.261
101,2010,267,2400,13.19,23407,22761,3712.7,10.31
102,2010,267,2400,13.41,0,0,4.3026,0,5.201
102,2010,268,100,13.43,0,0,3.6935,0,4.969
102,2010,268,200,13.44,0,0,2.8076,0,4.964
102,2010,268,300,13.46,0,0,3.5747,0,4.964
102,2010,268,400,13.47,0,0,3.029,0,4.964
102,2010,268,500,13.49,0,0,3.3456,0,4.964
102,2010,268,600,13.5,0,0,4.0654,0,4.964
102,2010,268,700,13.51,0,0,3.923,0,4.965
102,2010,268,800,13.51,104.55,94.841,21.521,.183,47.19
102,2010,268,900,13.44,745.41,705.53,134.82,1,341.5
102,2010,268,1000,13.35,1723.2,1674.9,291.93,1,673.1
102,2010,268,1100,13.3,2488.3,2496.5,403.42,1,797
102,2010,268,1200,13.25,3207.3,3283.5,500.14,1,842
102,2010,268,1300,13.22,3658.9,3754.4,557.11,1,786
102,2010,268,1400,13.2,3071,3000.8,482.14,1,428.6
102,2010,268,1500,13.2,2116,1977.7,340.36,.983,210.6
102,2010,268,1600,13.22,2091.3,1965.4,344.56,.55,214.4
102,2010,268,1700,13.2,2733.3,2686.1,460.2,1,673.1
102,2010,268,1800,13.2,1479.6,1420.3,260.84,.833,441.5
102,2010,268,1900,13.24,519.03,490.8,92.838,.417,184.5
102,2010,268,2000,13.27,14.927,14.058,3.0613,0,5.542
102,2010,268,2100,13.32,0,0,1.4949,0,5.294
102,2010,268,2200,13.35,0,0,2.4284,0,5.295
102,2010,268,2300,13.39,0,0,3.6226,0,5.295
101,2010,268,2400,13.2,23953,23565,3929.2,9.96
102,2010,268,2400,13.42,0,0,4.2947,0,5.295
102,2010,269,100,13.44,0,0,3.1715,0,5.295
102,2010,269,200,13.46,.37171,.05844,3.0527,0,5.295
102,2010,269,300,13.46,0,0,2.4358,0,5.295
102,2010,269,400,13.46,.26098,0,1.4868,0,5.295
102,2010,269,500,13.47,.00791,0,1.8822,0,5.295
102,2010,269,600,13.47,.03954,0,2.5228,0,5.295
102,2010,269,700,13.47,0,0,2.072,0,5.295
102,2010,269,800,13.48,47.879,42.711,10.503,0,20.53
102,2010,269,900,13.44,639.23,626.26,115.43,.483,309.3
102,2010,269,1000,13.35,1739,1730.4,298.85,1,756
102,2010,269,1100,13.28,2492.7,2515.8,396.77,1,805
102,2010,269,1200,13.25,3081.9,3161.1,482.14,1,803
102,2010,269,1300,13.2,3382.3,3468.4,521.99,1,710
102,2010,269,1400,13.2,2327.7,2285.9,353.84,.5,316.2
102,2010,269,1500,13.18,2254.1,2201.3,351.6,.65,382.1
102,2010,269,1600,13.17,2764.3,2788.8,445.07,.983,729
102,2010,269,1700,13.16,2210.6,2222.6,366.75,1,741
102,2010,269,1800,13.17,1207.7,1193.4,209.56,.95,528.3
102,2010,269,1900,13.19,204.85,189.84,27.597,.017,39.57
102,2010,269,2000,13.25,11.289,10.366,2.1438,0,5.387
102,2010,269,2100,12.84,0,0,.70395,0,5.294
102,2010,269,2200,13.28,0,0,1.8193,0,5.294
102,2010,269,2300,13.36,0,0,2.7606,0,5.295
101,2010,269,2400,12.84,22364,22437,3607.9,8.58
102,2010,269,2400,13.38,0,0,3.7097,0,5.295
102,2010,270,100,13.39,0,0,2.2226,0,5.295
102,2010,270,200,13.42,0,0,3.2823,0,5.295
102,2010,270,300,13.43,0,0,2.5783,0,5.295
102,2010,270,400,13.45,0,0,3.3454,0,5.295
102,2010,270,500,13.46,0,0,3.6142,0,5.295
102,2010,270,600,13.47,0,0,4.9348,0,5.295
102,2010,270,700,13.47,0,0,2.681,0,5.328
102,2010,270,800,13.47,102.83,95.264,20.128,.15,42.47
102,2010,270,900,13.43,588.77,553.28,106.02,.616,254.7
102,2010,270,1000,13.33,1549.6,1486.6,260.86,.966,507.3
102,2010,270,1100,13.29,2580,2599.7,404.02,1,815
102,2010,270,1200,13.22,3066.4,3137.1,471.09,.983,788
102,2010,270,1300,13.17,3295.4,3329.3,507.58,.833,575.6
102,2010,270,1400,13.18,718.64,694.47,106.27,.083,83.4
102,2010,270,1500,13.23,610.13,544.15,97.818,0,9.24
102,2010,270,1600,13.23,2319.2,2164.1,383.54,.933,384.4
102,2010,270,1700,13.22,2382.4,2318,397.31,1,649.5
102,2010,270,1800,13.22,1350.7,1280.8,226.5,.8,357.6
102,2010,270,1900,13.23,241.64,224.78,34.965,0,7.83
102,2010,270,2000,13.27,11.351,10.395,1.6453,0,5.327
102,2010,270,2100,13.3,0,0,.37966,0,5.294
102,2010,270,2200,13.32,0,0,.51415,0,5.317
102,2010,270,2300,13.34,0,0,1.5108,0,5.295
101,2010,270,2400,13.17,18817,18438,3045,7.36
102,2010,270,2400,13.35,0,0,2.2463,0,5.306
102,2010,271,100,13.39,0,0,2.531,0,5.295
102,2010,271,200,13.41,0,0,3.132,0,5.267
102,2010,271,300,13.43,0,0,3.124,0,5.256
102,2010,271,400,13.44,0,0,3.3375,0,5.295
102,2010,271,500,13.45,0,0,2.9894,0,5.295
102,2010,271,600,13.46,0,0,2.4121,0,5.295
102,2010,271,700,13.47,0,0,1.9219,0,5.295
102,2010,271,800,13.47,121.95,120.18,24.266,.417,115.9
102,2010,271,900,13.4,833.08,824.17,152.23,1,538.4
102,2010,271,1000,13.33,1746.1,1729.4,294.68,1,754
102,2010,271,1100,13.28,2583.4,2604.6,405.22,1,838
102,2010,271,1200,13.24,3135.6,3200.2,478.25,1,794
102,2010,271,1300,13.19,3678.1,3763.1,552.77,1,762
102,2010,271,1400,13.18,3417.4,3402.6,520.46,.85,472.3
102,2010,271,1500,13.17,3235.3,3190.1,505.16,.783,564.7
102,2010,271,1600,13.18,2242.2,2227.4,353.02,.766,489.3
102,2010,271,1700,13.2,1833,1807.7,300.22,1,608.2
102,2010,271,1800,13.2,1466.7,1464.9,251.76,.983,681.2
102,2010,271,1900,13.22,559.12,556.88,101.86,.85,434.2
102,2010,271,2000,13.25,6.8191,7.0637,.68032,0,6.136
102,2010,271,2100,13.29,0,0,1.6452,0,5.294
102,2010,271,2200,13.31,0,0,2.0485,0,5.294
102,2010,271,2300,13.33,0,0,2.3729,0,5.294
101,2010,271,2400,13.17,24859,24898,3970,10.65
102,2010,271,2400,13.37,0,0,3.8758,0,5.295
102,2010,272,100,13.39,0,0,3.7095,0,5.295
102,2010,272,200,13.41,0,0,2.8236,0,5.289
102,2010,272,300,13.42,0,0,3.5511,0,5.245
102,2010,272,400,13.44,0,0,4.2865,0,5.245
102,2010,272,500,13.46,0,0,3.2029,0,5.19
102,2010,272,600,13.46,0,0,3.8118,0,5.223
102,2010,272,700,13.47,0,0,2.0959,0,5.239
102,2010,272,800,13.47,133.65,130.28,26.765,.417,118.4
102,2010,272,900,13.39,883.66,866.73,164.61,1,580.5
102,2010,272,1000,12.83,1688.9,1647.8,280.08,.983,613
102,2010,272,1100,12.81,1855.5,1856.7,285.94,.766,574.2
102,2010,272,1200,12.81,2223.3,2172.2,354.21,.55,363.3
102,2010,272,1300,12.81,3249.6,3250.5,503.76,.966,576.6
102,2010,272,1400,13.2,1032.7,940.89,164.43,.1,57.03
102,2010,272,1500,13.27,431.14,387.07,68.167,0,17.62
102,2010,272,1600,13.3,479.76,427.71,78.739,0,11.25
102,2010,272,1700,13.32,819.23,726.5,137.82,.083,48.53
102,2010,272,1800,13.32,1008.2,962.17,173.58,1,402.4
102,2010,272,1900,13.31,449.42,435.44,80.398,.766,288.5
102,2010,272,2000,13.32,15.075,14.339,3.0531,0,9.69
102,2010,272,2100,12.83,0,0,1.2102,0,5.294
102,2010,272,2200,12.79,0,0,2.6498,0,5.295
102,2010,272,2300,12.79,0,0,3.2904,0,5.295
101,2010,272,2400,12.79,14270,13818,2354.9,6.631
102,2010,272,2400,13.41,0,0,2.7049,0,5.295
102,2010,273,100,13.43,0,0,2.1038,0,5.295
102,2010,273,200,13.44,0,0,3.3216,0,5.295
102,2010,273,300,13.46,0,0,2.681,0,5.295
102,2010,273,400,13.47,0,0,2.8945,0,5.289
102,2010,273,500,13.48,0,0,3.2665,0,5.284
102,2010,273,600,13.47,0,0,4.3737,0,5.295
102,2010,273,700,13.47,0,0,1.6529,0,5.295
102,2010,273,800,13.46,55.502,50.113,9.3241,0,12.05
102,2010,273,900,13.44,422.04,380.92,67.263,.067,64.81
102,2010,273,1000,13.35,1750.6,1718.7,297.14,1,685.5
102,2010,273,1100,13.29,2631.9,2655.3,430.26,1,835
102,2010,273,1200,13.25,3250.7,3313.5,511.14,1,817
102,2010,273,1300,13.22,3478.7,3540.9,533.1,.966,709
102,2010,273,1400,13.2,3678.2,3750.8,558.13,1,706
102,2010,273,1500,13.19,3308.4,3349.7,499.25,.983,730
102,2010,273,1600,13.18,2465.1,2450.4,389.1,1,571.4
102,2010,273,1700,13.19,1493.8,1418.3,246.93,.633,294.2
102,2010,273,1800,13.19,537.63,486.87,83.507,0,28.76
102,2010,273,1900,13.22,216.99,199.3,32.104,0,28.11
102,2010,273,2000,13.26,3.8761,3.6535,.66447,0,5.293
102,2010,273,2100,12.84,0,0,1.0045,0,5.294
102,2010,273,2200,12.83,0,0,1.3604,0,5.294
102,2010,273,2300,13.33,0,0,1.9775,0,5.295
101,2010,273,2400,12.83,23293,23318,3686.5,7.65
102,2010,273,2400,13.4,0,0,3.9231,0,5.245
102,2010,274,100,13.42,.15818,0,3.4563,0,5.201
102,2010,274,200,13.44,0,0,2.08,0,5.19
102,2010,274,300,13.46,0,0,3.7566,0,5.052
102,2010,274,400,13.48,0,0,4.0414,0,5.069
102,2010,274,500,13.49,0,0,3.662,0,5.047
102,2010,274,600,13.51,0,0,4.1207,0,4.965
102,2010,274,700,13.52,0,0,3.3774,0,4.965
102,2010,274,800,13.51,140.73,138.44,28.049,.45,146.7
102,2010,274,900,13.43,846.82,844.06,162.65,1,578.7
102,2010,274,1000,13.35,1848.8,1850.2,312.87,1,801
102,2010,274,1100,13.29,2674.8,2717.8,432.81,1,858
102,2010,274,1200,13.25,3234.1,3335.6,496.88,1,841
102,2010,274,1300,13.22,3589.2,3714,528.34,1,790
102,2010,274,1400,13.19,3690.7,3792.3,537.59,1,730
102,2010,274,1500,13.16,3322.6,3314.2,490.57,.833,565.4
102,2010,274,1600,13.17,2464.7,2356.9,391.54,.8,433.1
102,2010,274,1700,13.13,2373.7,2380.7,389.85,1,755
102,2010,274,1800,13.2,1423.9,1441.1,250.76,1,698.4
102,2010,274,1900,13.23,461.17,460.76,86.156,.9,342
102,2010,274,2000,13.26,12.499,12.315,2.9586,0,13.79
102,2010,274,2100,13.3,0,0,1.6373,0,5.294
102,2010,274,2200,13.35,0,0,2.4363,0,5.157
102,2010,274,2300,13.38,0,0,3.1718,0,4.986
101,2010,274,2400,13.13,26084,26358,4146.3,10.98
102,2010,274,2400,13.4,0,0,3.5672,0,4.964
102,2010,275,100,13.43,0,0,4.0574,0,4.964
102,2010,275,200,13.45,0,0,3.7962,0,4.986
102,2010,275,300,13.46,.40334,.00974,3.4165,0,4.964
102,2010,275,400,13.46,0,0,2.3251,0,5.113
102,2010,275,500,13.48,0,0,2.8946,0,5.135
102,2010,275,600,13.49,0,0,2.7366,0,5.047
102,2010,275,700,13.51,0,0,3.488,0,5.268
102,2010,275,800,13.5,137.29,134.37,29.043,.466,153.1
102,2010,275,900,13.42,859.88,876.38,165.71,1,599.2
102,2010,275,1000,13.35,1823.8,1825.1,309.1,1,786
102,2010,275,1100,13.28,2542.3,2589.7,400.62,1,815
102,2010,275,1200,13.24,3194.9,3305.8,481.73,1,830
102,2010,275,1300,13.2,3557.4,3695.8,512.63,1,790
102,2010,275,1400,13.18,3677.4,3776,519.15,.983,704
102,2010,275,1500,13.17,2983.9,3018.8,416.37,.866,610.2
102,2010,275,1600,13.16,3154.6,3205.3,470.15,1,768
102,2010,275,1700,13.17,1764.7,1763,278.67,.783,491.3
102,2010,275,1800,13.18,1709.4,1667.2,291.98,1,660.1
102,2010,275,1900,13.21,476.05,473.72,87.2,.933,335.6
102,2010,275,2000,13.25,13.108,12.832,2.9033,0,12.23
102,2010,275,2100,13.29,0,0,1.4633,0,5.294
102,2010,275,2200,13.32,0,0,2.2146,0,5.294
102,2010,275,2300,13.35,0,0,2.6973,0,5.3
101,2010,275,2400,13.16,25895,26344,3997.7,11.03
102,2010,275,2400,13.37,0,0,3.3934,0,5.283
102,2010,276,100,13.39,0,0,2.9187,0,5.206
102,2010,276,200,13.41,0,0,2.2937,0,5.223
102,2010,276,300,13.41,0,0,2.2858,0,5.289
102,2010,276,400,13.42,.00791,0,.88584,0,5.228
102,2010,276,500,13.42,.00791,0,.7751,0,5.129
102,2010,276,600,13.44,0,0,1.5818,0,5.228
102,2010,276,700,13.44,0,0,2.5388,0,5.201
102,2010,276,800,13.44,157.01,153.89,33.193,.5,163.6
102,2010,276,900,13.37,885.8,892.89,166.64,1,613.8
102,2010,276,1000,13.31,1824.3,1836.6,306.41,1,786
102,2010,276,1100,13.25,2587.4,2644.8,396.53,1,830
102,2010,276,1200,13.2,3179.9,3313.4,457.46,1,833
102,2010,276,1300,13.19,2554.1,2611.4,358.13,.666,493.7
102,2010,276,1400,13.17,2737.2,2677.9,405.36,.666,358.3
102,2010,276,1500,13.18,763.82,730.5,117.61,0,9.52
102,2010,276,1600,13.18,2009.6,1939.7,320.46,.733,332.4
102,2010,276,1700,13.18,2024.9,1996.3,333.6,.983,576.5
102,2010,276,1800,12.89,1255.4,1258,217.04,.633,478.9
102,2010,276,1900,13.22,517.87,504.83,100.51,.85,298.8
102,2010,276,2000,13.25,12.285,11.448,2.3099,0,5.293
102,2010,276,2100,13.27,0,0,1.677,0,5.293
102,2010,276,2200,13.3,0,0,1.4238,0,5.294
102,2010,276,2300,13.33,0,0,1.835,0,5.294
101,2010,276,2400,12.89,20510,20572,3235.6,9.03
102,2010,276,2400,13.35,0,0,2.1278,0,5.289
102,2010,277,100,13.37,0,0,2.0803,0,5.283
102,2010,277,200,13.4,0,0,3.5909,0,5.289
102,2010,277,300,13.41,0,0,4.4292,0,5.272
102,2010,277,400,13.43,0,0,3.5512,0,5.267
102,2010,277,500,13.43,0,0,2.1433,0,5.283
102,2010,277,600,13.45,0,0,2.7839,0,5.283
102,2010,277,700,13.47,0,0,2.8075,0,5.295
102,2010,277,800,13.46,128.31,118.56,27.197,.167,50.6
102,2010,277,900,13.4,755.94,737.07,141.87,.916,403
102,2010,277,1000,13.37,1042.9,990.86,176.51,.483,254.2
102,2010,277,1100,13.31,1583.8,1543.2,256.15,.8,379.3
102,2010,277,1200,13.26,2208.4,2132.7,350.57,.6,368.6
102,2010,277,1300,13.24,2261,2201.7,347.33,.466,297.5
102,2010,277,1400,13.2,2621.9,2588.8,412.13,.65,392.6
102,2010,277,1500,13.18,3505.4,3559,505.37,1,744
102,2010,277,1600,13.17,2363.2,2396.3,343.6,.683,502.1
102,2010,277,1700,13.02,233.11,212.47,39.588,0,15.12
102,2010,277,1800,13.31,280.38,245.88,42.792,0,12.94
102,2010,277,1900,13.33,173,148.39,30.36,0,7.04
102,2010,277,2000,13.36,9.1678,5.7089,7.1191,0,5.295
102,2010,277,2100,13.38,.17402,0,4.2555,0,5.289
102,2010,277,2200,13.39,0,0,3.852,0,5.278
102,2010,277,2300,13.42,0,0,3.4801,0,5.234
101,2010,277,2400,13.02,17167,16881,2717.7,5.764
102,2010,277,2400,13.43,0,0,4.097,0,5.278
102,2010,278,100,13.44,.10282,0,7.2209,0,5.278
102,2010,278,200,13.44,.05536,0,6.1136,0,5.25
102,2010,278,300,13.45,0,0,4.3261,0,5.295
102,2010,278,400,13.46,0,0,3.812,0,5.272
102,2010,278,500,13.46,0,0,2.2223,0,5.223
102,2010,278,600,13.46,0,0,3.1555,0,5.278
102,2010,278,700,13.46,0,0,1.7794,0,5.272
102,2010,278,800,13.46,48.204,44.319,8.6363,0,11.18
102,2010,278,900,13.43,400.37,381.33,64.868,.85,181.2
102,2010,278,1000,12.83,1236.9,1163.9,203.07,.95,335.1
102,2010,278,1100,12.81,1776.1,1659.5,283.07,.8,314
102,2010,278,1200,12.8,1899.4,1790.4,293.17,.966,304.8
102,2010,278,1300,12.81,1957.6,1804.6,306.39,.133,62.22
102,2010,278,1400,12.81,821.95,738.46,126.3,0,35.99
102,2010,278,1500,12.79,144.78,127.59,15.178,0,5.19
102,2010,278,1600,12.77,284.59,251.72,36.001,0,13.07
102,2010,278,1700,12.77,830.34,742.96,133.41,0,7.6
102,2010,278,1800,12.77,666.7,600.4,109.22,0,23.31
102,2010,278,1900,12.77,178.78,159.88,31.583,0,13.43
102,2010,278,2000,12.77,8.4867,6.8968,5.75,0,5.978
102,2010,278,2100,12.77,0,0,3.4008,0,5.14
102,2010,278,2200,13.42,0,0,4.152,0,5.124
102,2010,278,2300,13.22,.02373,0,3.4955,0,5.068
101,2010,278,2400,12.77,10254,9471.9,1659.9,3.699
102,2010,278,2400,13.45,.00791,0,3.5193,0,5.085
102,2010,279,100,13.47,0,0,3.3057,0,5.035
102,2010,279,200,13.48,0,0,3.9543,0,5.035
102,2010,279,300,13.49,0,0,3.8597,0,5.069
102,2010,279,400,13.49,0,0,3.2824,0,5.047
102,2010,279,500,13.5,0,0,2.183,0,5.041
102,2010,279,600,13.5,0,0,2.531,0,4.998
102,2010,279,700,13.51,0,0,2.697,0,4.976
102,2010,279,800,13.51,110.37,99.914,19.314,0,12.16
102,2010,279,900,13.44,822.45,764.55,139.42,.583,228.9
102,2010,279,1000,13.37,1758.9,1741.4,290.27,1,691
102,2010,279,1100,13.3,2580.1,2626.2,397.93,1,812
102,2010,279,1200,12.9,3165.4,3262.9,462.82,1,813
102,2010,279,1300,12.87,3507.4,3610.1,511.55,1,759
102,2010,279,1400,13.21,3163.7,3186.9,468.69,.833,556.7
102,2010,279,1500,13.19,3395.1,3423.7,508.07,.95,652.6
102,2010,279,1600,13.19,2653,2639.7,413.29,.833,564.6
102,2010,279,1700,13.2,1463.7,1394.4,234.28,.966,344.4
102,2010,279,1800,13.25,1104.6,1025.1,183.89,.8,227.4
102,2010,279,1900,13.25,213.78,194.11,34.037,0,23.86
102,2010,279,2000,13.3,3.2904,2.9127,.68812,0,5.294
102,2010,279,2100,13.32,0,.18509,.4192,0,5.294
102,2010,279,2200,13.35,0,0,1.1153,0,5.245
102,2010,279,2300,13.37,0,0,1.5898,0,5.256
101,2010,279,2400,12.87,23942,23972,3690.4,8.96
102,2010,279,2400,13.38,.03164,0,1.2339,0,5.124
102,2010,280,100,13.39,0,0,.97283,0,5.124
102,2010,280,200,13.4,0,0,.80674,0,5.118
102,2010,280,300,13.4,.03954,0,.95699,0,5.085
102,2010,280,400,13.41,0,0,1.8823,0,5.057
102,2010,280,500,13.42,.31635,0,2.167,0,5.03
102,2010,280,600,13.42,.12654,0,1.0044,0,5.096
102,2010,280,700,13.42,.00791,0,.64852,0,5.146
102,2010,280,800,13.42,47.682,42.206,8.4782,0,5.256
102,2010,280,900,13.39,596.62,574.02,102.62,.433,218
102,2010,280,1000,13.32,1790.4,1780.2,305.71,1,726
102,2010,280,1100,12.98,2496.5,2512.4,398.85,1,773
102,2010,280,1200,12.81,3103.4,3167.3,479.39,1,752
102,2010,280,1300,13.19,3305.4,3247.5,504.84,.9,426.2
102,2010,280,1400,13.18,2361.1,2184.2,379.95,.217,82.3
102,2010,280,1500,13.17,2960,2854.1,471.94,.833,331.5
102,2010,280,1600,13.15,2848.8,2833.8,453.26,.8,535.3
102,2010,280,1700,13.17,604.1,564.62,92.122,0,12.18
102,2010,280,1800,13.2,262.12,235.65,45.723,0,21.78
102,2010,280,1900,13.27,32.129,27.842,4.5402,0,5.443
102,2010,280,2000,13.3,.78309,.2338,3.2115,0,5.272
102,2010,280,2100,13.34,.40339,0,2.9424,0,5.295
102,2010,280,2200,13.35,0,0,2.8711,0,5.278
102,2010,280,2300,13.37,0,0,3.2191,0,5.261
101,2010,280,2400,12.81,20410,20024,3271.2,6.181
102,2010,280,2400,13.38,0,0,3.0529,0,5.25
102,2010,281,100,13.39,0,0,3.4483,0,5.234
102,2010,281,200,13.39,0,0,2.8788,0,5.195
102,2010,281,300,13.4,0,0,2.4122,0,5.146
102,2010,281,400,13.42,0,0,2.2223,0,5.113
102,2010,281,500,13.43,0,0,1.8268,0,5.135
102,2010,281,600,13.44,0,0,1.2813,0,5.041
102,2010,281,700,13.44,.13445,0,1.9851,0,5.101
102,2010,281,800,13.43,21.4,17.844,6.4217,0,5.162
102,2010,281,900,13.41,203.97,181.76,35.786,0,5.206
102,2010,281,1000,13.38,678.73,610.75,117.43,.017,15.17
102,2010,281,1100,13.3,1814.8,1671.7,305.91,.716,200.1
102,2010,281,1200,13.23,2729.4,2616.5,432.05,1,453.1
102,2010,281,1300,13.2,3050.9,2951.2,478.86,.933,348.2
102,2010,281,1400,12.87,3527.9,3526.4,541.98,1,563.5
102,2010,281,1500,12.84,3191.9,3211.5,465.51,.866,563.9
102,2010,281,1600,12.83,1204,1104.2,183.16,.2,95.4
102,2010,281,1700,12.83,1842.2,1824.6,307.36,.783,488.8
102,2010,281,1800,13.2,265.03,243.66,46.861,0,35.83
102,2010,281,1900,13.27,54.902,47.472,7.4036,0,5.421
102,2010,281,2000,13.3,8.4238,5.0656,3.773,0,5.19
102,2010,281,2100,13.34,7.3247,2.4258,4.6669,0,5.195
102,2010,281,2200,13.35,1.8192,.02923,3.3379,0,5.19
102,2010,281,2300,13.37,.9175,0,3.7649,0,5.085
101,2010,281,2400,12.83,18604,18015,2963.5,5.514
102,2010,281,2400,13.38,.09491,0,3.2033,0,5.008
102,2010,282,100,13.4,.02373,0,2.2778,0,4.991
102,2010,282,200,13.41,.37172,0,1.7083,0,5.024
102,2010,282,300,13.41,.00791,0,.53781,0,5.019
102,2010,282,400,13.41,0,0,1.4078,0,4.986
102,2010,282,500,13.42,0,0,1.5897,0,5.002
102,2010,282,600,13.42,0,0,2.3647,0,5.019
102,2010,282,700,13.42,0,0,1.7478,0,5.013
102,2010,282,800,13.42,145.61,134.44,28.384,.1,52.85
102,2010,282,900,13.39,679.8,632.4,118.86,.783,187.6
102,2010,282,1000,13.34,1784.6,1699.5,305.04,1,465.6
102,2010,282,1100,13.31,1964.9,1868.7,318.63,1,389.1
102,2010,282,1200,13.26,3073.4,3100.2,476.04,1,723
102,2010,282,1300,13.22,3443.6,3502.5,522.15,1,707
102,2010,282,1400,13.18,2794.6,2787.9,432.19,.7,441.8
102,2010,282,1500,13.21,524.61,485.59,81.247,0,42.31
102,2010,282,1600,13.27,305.3,277.09,51.322,.067,37.02
102,2010,282,1700,13.34,141.67,127.64,18.437,0,18.24
102,2010,282,1800,13.38,214.43,192.04,30.909,0,9.2
102,2010,282,1900,13.39,47.993,41.964,8.787,0,5.162
102,2010,282,2000,13.41,3.8517,1.7339,3.5749,0,5.129
102,2010,282,2100,13.42,.49035,.00974,3.3138,0,5.079
102,2010,282,2200,13.42,1.0993,.07792,3.0607,0,5.129
102,2010,282,2300,13.43,.07118,0,2.7206,0,5.052
101,2010,282,2400,13.18,15126,14852,2419.4,5.648
102,2010,282,2400,13.44,0,0,3.0448,0,5.063
102,2010,283,100,13.45,.0949,0,2.6889,0,5.046
102,2010,283,200,13.45,0,0,2.2223,0,5.008
102,2010,283,300,13.45,0,0,2.8154,0,4.997
102,2010,283,400,13.45,0,0,1.7873,0,5.079
102,2010,283,500,13.45,0,0,2.072,0,5.079
102,2010,283,600,13.46,0,0,1.7636,0,5.068
102,2010,283,700,12.83,0,0,1.7478,0,5.118
102,2010,283,800,13.45,114.28,105.6,19.977,.15,52.32
102,2010,283,900,13.4,850.53,847.71,154.58,1,508.2
102,2010,283,1000,13.34,1752.1,1724.9,297.83,1,686.6
102,2010,283,1100,13.26,2549.1,2568.3,402.47,1,779
102,2010,283,1200,13.2,3162.1,3213,480.97,1,769
102,2010,283,1300,13.17,3444,3481,514.4,1,648.1
102,2010,283,1400,13.14,3200.8,3164.1,489.95,.766,464.4
102,2010,283,1500,13.13,3489.6,3464.9,556.84,.966,597.6
102,2010,283,1600,13.14,2949,2933.8,482.96,1,577.4
102,2010,283,1700,13.15,1095.2,1048.3,180.32,.417,187.3
102,2010,283,1800,13.22,62.467,57.265,8.1554,0,6.065
102,2010,283,1900,13.29,52.023,45.124,11.216,0,7.04
102,2010,283,2000,13.33,1.4396,.98397,1.843,0,5.295
102,2010,283,2100,13.36,0,0,2.2384,0,5.295
102,2010,283,2200,13.38,0,0,1.2181,0,5.283
102,2010,283,2300,13.39,0,0,1.8429,0,5.129
101,2010,283,2400,12.83,22723,22655,3623.5,8.3
102,2010,283,2400,13.4,0,0,1.6372,0,5.195
102,2010,284,100,13.41,0,0,2.1829,0,5.101
102,2010,284,200,13.42,0,0,1.9377,0,5.101
102,2010,284,300,13.43,.00791,0,2.4754,0,5.019
102,2010,284,400,13.44,0,0,2.6731,0,5.008
102,2010,284,500,13.45,0,0,1.6371,0,5.035
102,2010,284,600,13.45,0,0,2.2618,0,5.079
102,2010,284,700,13.46,0,0,1.6608,0,5.085
102,2010,284,800,13.45,198.01,194.45,36.862,.466,138.7
102,2010,284,900,13.4,978.94,984.47,180.45,1,635
102,2010,284,1000,13.33,1889.9,1906.7,321.57,1,809
102,2010,284,1100,13.27,2628.4,2699,409.87,1,841
102,2010,284,1200,13.22,3237.6,3329.3,485.99,1,825
102,2010,284,1300,13.19,3489.6,3578.5,527.08,.95,705
102,2010,284,1400,13.18,2009.9,1974.7,315.66,.3,222
102,2010,284,1500,13.17,3527.2,3576,548.52,.95,661.1
102,2010,284,1600,13.16,2218,2172.3,353.08,.6,332
102,2010,284,1700,13.19,1052.8,981.22,171.5,.233,104.5
102,2010,284,1800,13.25,279.14,260.78,43.941,0,14.29
102,2010,284,1900,13.3,109.65,98.378,19.22,0,6.706
102,2010,284,2000,13.32,3.5277,2.8737,2.0565,0,5.686
102,2010,284,2100,13.34,0,0,2.025,0,5.295
102,2010,284,2200,13.37,0,0,1.93,0,5.295
102,2010,284,2300,13.39,0,0,2.8316,0,5.295
101,2010,284,2400,13.16,21623,21759,3440.6,7.5
102,2010,284,2400,13.4,0,0,3.14,0,5.256
102,2010,285,100,13.42,0,0,2.9501,0,5.195
102,2010,285,200,13.43,0,0,2.2857,0,5.228
102,2010,285,300,13.44,0,0,4.3181,0,5.283
102,2010,285,400,13.44,0,0,3.9464,0,5.283
102,2010,285,500,13.44,0,0,3.4086,0,5.283
102,2010,285,600,13.45,0,0,2.8075,0,5.289
102,2010,285,700,13.45,0,0,1.5184,0,5.295
102,2010,285,800,13.44,78.825,71.66,13.919,0,10.13
102,2010,285,900,13.4,800.7,791.38,144.18,.966,445.1
102,2010,285,1000,13.35,1130.2,1055.9,184.14,1,278.6
102,2010,285,1100,13.33,1183.5,1113.3,192.49,.35,195.1
102,2010,285,1200,13.3,1046.7,944.85,177.4,0,28.69
102,2010,285,1300,13.24,2344.5,2234.1,377.3,.683,211.9
102,2010,285,1400,13.23,1263.6,1207.1,196.92,.167,109.1
102,2010,285,1500,13.24,1274.4,1185.4,207.37,.183,88.4
102,2010,285,1600,13.25,574.16,503.53,90.059,0,13.17
102,2010,285,1700,13.3,216.67,194.85,32.84,0,7.41
102,2010,285,1800,13.34,96.586,84.256,16.697,0,5.73
102,2010,285,1900,13.38,136.85,119.55,24.432,0,5.78
102,2010,285,2000,13.39,7.0235,5.3187,4.0259,0,5.62
102,2010,285,2100,13.4,.13446,0,3.6857,0,5.51
102,2010,285,2200,13.41,.11864,0,3.6145,0,5.306
102,2010,285,2300,13.41,.04745,0,3.3851,0,5.295
101,2010,285,2400,13.23,10154,9511.2,1696.8,3.349
102,2010,285,2400,13.42,.00791,0,3.0529,0,5.295
102,2010,286,100,13.43,.087,0,3.5432,0,5.283
102,2010,286,200,13.44,0,0,2.1275,0,5.295
102,2010,286,300,13.44,0,0,2.9737,0,5.295
102,2010,286,400,13.45,.26098,0,1.3445,0,5.295
102,2010,286,500,13.45,.16608,0,2.42,0,5.295
102,2010,286,600,13.46,.11072,0,4.492,0,5.289
102,2010,286,700,13.46,.07908,.00974,2.768,0,5.295
102,2010,286,800,13.45,86.938,77.016,16.9,0,7.07
102,2010,286,900,13.41,707.63,662.34,123.88,.3,161.2
102,2010,286,1000,13.35,1461.4,1409,245.62,1,446.4
102,2010,286,1100,12.84,2686.9,2755.7,422.02,1,839
102,2010,286,1200,12.81,3212.4,3288.5,483.32,1,823
102,2010,286,1300,13.21,819.84,762.41,124.5,.1,70.5
102,2010,286,1400,13.21,2387.5,2287.5,380.05,.533,269.6
102,2010,286,1500,13.21,550.89,504.16,90.014,.067,39.32
102,2010,286,1600,13.26,573.88,510.2,93.091,0,53.71
102,2010,286,1700,13.28,643.66,568.21,110.07,.533,137.8
102,2010,286,1800,13.28,1158.1,1129.4,209.78,1,532.7
102,2010,286,1900,13.3,371.09,358.86,67.459,.733,253.8
102,2010,286,2000,13.32,4.105,3.9842,.43502,0,5.614
102,2010,286,2100,13.35,0,0,.83054,0,4.964
102,2010,286,2200,12.82,0,0,2.9819,0,4.98
102,2010,286,2300,12.77,0,0,2.8237,0,5.002
101,2010,286,2400,12.76,14665,14317,2395.4,6.264
102,2010,286,2400,12.76,0,0,1.9773,0,5.052
102,2010,287,100,12.75,0,0,2.8867,0,4.964
102,2010,287,200,12.74,0,0,2.0721,0,5.283
102,2010,287,300,12.74,0,0,2.4437,0,5.355
102,2010,287,400,12.73,0,0,4.0332,0,5.339
102,2010,287,500,12.73,0,0,3.3373,0,5.322
102,2010,287,600,12.73,0,0,3.3215,0,5.35
102,2010,287,700,12.73,0,0,2.159,0,5.355
102,2010,287,800,12.73,124.19,112.1,22.222,0,16.7
102,2010,287,900,12.73,379.21,347.1,62.904,0,15.54
102,2010,287,1000,12.73,657.01,596.86,111.22,0,17.53
102,2010,287,1100,12.74,676.44,612.46,111.48,0,25.13
102,2010,287,1200,12.75,367.88,328.92,56.782,0,12.72
102,2010,287,1300,12.75,434.87,393.96,62.44,0,8.28
102,2010,287,1400,13.38,739.05,669.39,123.36,0,8.8
102,2010,287,1500,13.34,1016.3,908.65,174.88,.15,38.39
102,2010,287,1600,13.31,1398.2,1277.5,238.71,.533,133.6
102,2010,287,1700,13.31,852.84,785.78,141.94,0,22.36
102,2010,287,1800,13.32,793.16,739.64,127.77,.283,121.7
102,2010,287,1900,13.32,202.58,187.7,29.953,0,17.68
102,2010,287,2000,13.34,4.3817,4.2471,.90956,0,5.129
102,2010,287,2100,13.37,0,0,1.5978,0,5.035
102,2010,287,2200,13.4,0,0,2.2858,0,5.002
102,2010,287,2300,13.42,0,0,2.7049,0,4.964
101,2010,287,2400,12.73,7646.1,6964.3,1294,.966
102,2010,287,2400,13.45,0,0,2.5782,0,4.964
102,2010,288,100,13.46,0,0,3.4165,0,4.964
102,2010,288,200,13.46,0,0,3.5034,0,4.964
102,2010,288,300,13.47,0,0,3.9779,0,4.964
102,2010,288,400,13.47,0,0,3.1001,0,4.964
102,2010,288,500,13.47,.00791,0,3.2029,0,4.964
102,2010,288,600,13.47,0,0,2.4595,0,4.964
102,2010,288,700,13.47,0,0,1.5105,0,4.964
102,2010,288,800,13.47,53.967,47.551,9.2212,0,5.328
102,2010,288,900,13.42,636.46,582.93,93.14,.217,89.4
102,2010,288,1000,12.86,1144.8,1084.3,166.13,.8,281.5
102,2010,288,1100,12.83,2573.5,2496.2,377.3,1,575.9
102,2010,288,1200,12.83,3288.5,2641.1,462.87,1,743
102,2010,288,1300,12.84,3546.9,1580.5,487.04,.883,573.4
102,2010,288,1400,12.81,3038.8,1723,412.66,.583,289.9
102,2010,288,1500,12.79,3195,1417.9,434.61,.95,552.4
102,2010,288,1600,12.83,1522.2,901.98,202.86,.4,216.1
102,2010,288,1700,13.17,255.85,234.95,30.115,0,22
102,2010,288,1800,13.28,227.64,208.56,32.541,0,17.02
102,2010,288,1900,12.86,157.72,145.29,23.926,0,5.068
102,2010,288,2000,12.82,10.037,9.235,3.3378,0,5.289
102,2010,288,2100,13.37,0,0,2.4045,0,4.964
102,2010,288,2200,13.37,0,0,1.2734,0,4.964
102,2010,288,2300,13.39,0,0,1.9931,0,4.964
101,2010,288,2400,12.79,19651,13074,2765.3,5.831
102,2010,288,2400,13.41,0,0,2.7286,0,4.964
102,2010,289,100,13.4,0,0,2.0405,0,4.964
102,2010,289,200,13.42,0,0,1.3445,0,4.964
102,2010,289,300,13.43,0,0,2.9421,0,4.964
102,2010,289,400,13.44,0,0,2.4833,0,4.964
102,2010,289,500,13.44,0,0,2.3172,0,4.964
102,2010,289,600,13.45,0,0,2.3172,0,4.964
102,2010,289,700,13.46,0,0,3.0922,0,4.964
102,2010,289,800,13.45,154.64,105.75,25.489,.35,105.2
102,2010,289,900,12.83,571.23,342.56,83.888,.9,295.7
102,2010,289,1000,12.8,1918.4,570.49,284.92,1,792
102,2010,289,1100,12.8,1267.1,892.31,175.08,.367,205.4
102,2010,289,1200,12.79,1038.7,924.14,145.75,.067,48.72
102,2010,289,1300,12.8,2516.5,1677.5,344.76,.583,241.8
102,2010,289,1400,12.81,1006.5,863.08,137.54,.1,62.98
102,2010,289,1500,12.8,2177.3,1093.6,305.02,.45,310
102,2010,289,1600,12.81,1785.6,796.96,247.65,.4,306
102,2010,289,1700,12.79,47.415,41.678,1.3764,0,4.962
102,2010,289,1800,12.78,16.626,14.194,.32431,0,4.964
102,2010,289,1900,12.77,16.128,14.3,1.5503,0,4.964
102,2010,289,2000,12.76,1.1073,1.0423,.57736,0,5.647
102,2010,289,2100,13.04,.05536,.01948,.66434,0,5.708
102,2010,289,2200,13,.33217,.06818,.85414,0,5.703
102,2010,289,2300,13.42,.1819,0,1.5264,0,5.477
101,2010,289,2400,12.76,12518,7337.7,1775.4,4.215
102,2010,289,2400,13.46,0,0,1.9138,0,5.03
102,2010,290,100,13.47,.00791,0,2.1432,0,4.964
102,2010,290,200,13.47,.11863,0,1.5106,0,4.964
102,2010,290,300,13.47,.05536,0,1.9851,0,4.964
102,2010,290,400,13.47,.61689,0,2.2303,0,4.964
102,2010,290,500,13.47,1.044,0,2.8393,0,4.964
102,2010,290,600,13.47,.00791,0,2.4439,0,4.964
102,2010,290,700,13.49,.01582,0,1.4158,0,4.964
102,2010,290,800,12.91,111.26,83.796,16.46,.2,56.43
102,2010,290,900,12.82,509.57,373.11,71.08,.65,159
102,2010,290,1000,12.8,988.93,844.1,141.43,.733,139.4
102,2010,290,1100,12.79,1465.9,1177.5,214.96,.716,178.8
102,2010,290,1200,12.79,2739.2,1729.3,386,1,443.6
102,2010,290,1300,12.79,2620,1881.7,359.36,.683,245.6
102,2010,290,1400,12.8,3148.3,1674.5,424.41,.733,362.4
102,2010,290,1500,12.8,2095.4,1660.5,283.73,.533,153.6
102,2010,290,1600,12.8,1664.8,1193.8,228.28,.483,210.4
102,2010,290,1700,12.8,2069.4,888.71,300.64,1,603.5
102,2010,290,1800,12.79,213.46,201.5,30.354,.033,23.81
102,2010,290,1900,12.77,47.268,41.276,6.0193,0,5.046
102,2010,290,2000,13.32,1.2814,.72088,1.2972,0,5.791
102,2010,290,2100,13.36,.24519,.02922,1.044,0,6.398
102,2010,290,2200,13.39,.30054,.06819,1.5185,0,6.127
102,2010,290,2300,13.42,.15027,.00974,1.7558,0,5.581
101,2010,290,2400,12.77,17679,11751,2486.1,6.764
102,2010,290,2400,13.43,2.0405,.69158,3.1952,0,5.035
102,2010,291,100,13.44,.50615,.02922,3.7566,0,4.964
102,2010,291,200,13.46,.04745,0,2.7126,0,4.964
102,2010,291,300,13.46,.08699,0,1.9296,0,4.964
102,2010,291,400,13.46,.00791,0,2.6888,0,4.964
102,2010,291,500,13.47,.01582,0,2.586,0,4.964
102,2010,291,600,13.47,0,0,2.4595,0,4.964
102,2010,291,700,13.47,0,0,1.898,0,4.953
102,2010,291,800,13.46,155.19,123.81,23.543,.1,50.51
102,2010,291,900,13.44,626.85,368.35,93.398,.8,288.4
102,2010,291,1000,13.37,1774.2,758.69,271.81,1,638.8
102,2010,291,1100,13.31,2399,1042.8,347.01,1,648.8
102,2010,291,1200,13.25,3006.3,1334.8,406.19,1,601
102,2010,291,1300,13.21,3774.9,1473.1,504.24,.966,647.8
102,2010,291,1400,13.2,2992.7,1096.6,393.9,.933,523.8
102,2010,291,1500,13.17,2995.9,1014.4,398.95,.866,566.1
102,2010,291,1600,13.18,2597.3,995.5,360.31,.683,527.2
102,2010,291,1700,13.22,577.53,521.09,77.665,0,22.62
102,2010,291,1800,13.29,100.14,92.361,13.929,0,11.53
102,2010,291,1900,13.33,93.558,86.43,14.443,0,7.31
102,2010,291,2000,13.35,3.5911,4.9878,2.4995,0,5.239
102,2010,291,2100,13.35,0,0,2.365,0,5.079
102,2010,291,2200,13.37,0,0,1.7876,0,4.991
102,2010,291,2300,13.38,0,0,2.6734,0,4.964
101,2010,291,2400,13.17,21098,8913,2936.3,7.35
102,2010,291,2400,13.39,.01582,0,3.5512,0,4.964
102,2010,292,100,13.4,.05536,0,3.7252,0,5.002
102,2010,292,200,13.4,.01582,0,3.0845,0,5.008
102,2010,292,300,13.41,.02373,0,2.7286,0,5.124
102,2010,292,400,13.42,.07118,0,3.0528,0,5.013
102,2010,292,500,13.42,0,0,2.4833,0,5.035
102,2010,292,600,13.43,0,0,2.5307,0,5.074
102,2010,292,700,13.44,0,0,2.3805,0,5.234
102,2010,292,800,13.44,124.72,95.365,18.189,.117,40.84
102,2010,292,900,13.41,554.79,373.96,81.862,.516,209.3
102,2010,292,1000,13.35,1599.1,683.03,239.27,1,569.7
102,2010,292,1100,13.27,2641.5,781.78,364.63,1,765
102,2010,292,1200,13.23,2881.9,1068.8,378.13,.833,589
102,2010,292,1300,13.21,2163.3,1246.8,291.62,.583,307.8
102,2010,292,1400,13.21,1596.7,1278,225.73,.117,63
102,2010,292,1500,13.2,2623.4,1612.1,360.45,.433,234.1
102,2010,292,1600,13.22,3086.3,1414.4,441.86,.983,538.8
102,2010,292,1700,13.25,1042.8,783.1,149.54,.317,121.1
102,2010,292,1800,13.32,233.16,206.14,33.086,0,7.04
102,2010,292,1900,13.36,76.429,67.41,13.929,0,5.212
102,2010,292,2000,13.38,2.5152,3.0295,5.402,0,5.212
102,2010,292,2100,13.4,.09491,.17534,3.6461,0,6.232
102,2010,292,2200,13.4,0,.02922,4.2393,0,6.32
102,2010,292,2300,13.4,.03164,0,3.4958,0,5.581
101,2010,292,2400,13.2,18628,9614.1,2640.6,5.898
102,2010,292,2400,13.41,.99653,0,5.5442,0,5.223
102,2010,293,100,13.41,2.2461,.03896,5.117,0,5.295
102,2010,293,200,13.42,.33217,0,4.0809,0,5.295
102,2010,293,300,13.42,.16608,0,3.4957,0,5.295
102,2010,293,400,13.43,0,0,3.5826,0,5.311
102,2010,293,500,13.44,0,0,3.1397,0,5.295
102,2010,293,600,13.44,0,0,2.4437,0,5.295
102,2010,293,700,13.45,.16608,0,2.3092,0,5.295
102,2010,293,800,13.44,72.552,55.294,11.76,0,5.289
102,2010,293,900,13.42,376.19,328.06,54.735,0,5.636
102,2010,293,1000,13.38,1023.1,905.59,145.3,0,56.12
102,2010,293,1100,13.32,1818.7,1397.8,259.51,.783,222.3
102,2010,293,1200,13.25,3217.2,1390,441.04,1,665.1
102,2010,293,1300,13.21,2977.9,1444.3,394.68,.75,463.2
102,2010,293,1400,13.22,1436.5,1211.8,198.06,.1,56.55
102,2010,293,1500,13.22,1686,1248.8,237.1,.317,138.1
102,2010,293,1600,13.23,612.89,565.25,83.131,0,34.5
102,2010,293,1700,13.25,175.62,160.43,19.996,0,21.07
102,2010,293,1800,13.32,50.115,44.265,9.104,0,6.166
102,2010,293,1900,13.36,20.367,18.392,5.5603,0,5.311
102,2010,293,2000,13.38,.83047,1.7339,3.4801,0,5.295
102,2010,293,2100,13.4,.22145,.13637,3.0924,0,5.295
102,2010,293,2200,13.4,.12654,0,3.0529,0,5.3
102,2010,293,2300,13.42,.14236,0,3.0133,0,5.317
101,2010,293,2400,13.21,13471,8772,1900.1,2.949
102,2010,293,2400,13.42,.0949,0,3.3296,0,5.421
102,2010,294,100,13.43,.11863,0,3.029,0,5.421
102,2010,294,200,13.43,.10281,0,3.5351,0,5.388
102,2010,294,300,13.44,.47451,0,5.0931,0,5.339
102,2010,294,400,13.44,1.4868,0,5.7099,0,5.283
102,2010,294,500,13.44,2.0483,0,5.2591,0,5.295
102,2010,294,600,13.44,.40333,0,4.4445,0,5.295
102,2010,294,700,13.45,.00791,0,3.3927,0,5.295
102,2010,294,800,13.44,75.28,55.849,12.946,0,5.295
102,2010,294,900,13.41,514.6,444.62,74.577,0,33.2
102,2010,294,1000,13.35,1513.7,1173.1,217.52,.833,268.3
102,2010,294,1100,13.3,2000.9,1429.1,275.79,1,441.9
102,2010,294,1200,13.26,2135.3,1775,295.09,.633,187
102,2010,294,1300,13.22,2649.3,2027.6,360.75,.8,180.9
102,2010,294,1400,13.18,3178.2,1459.8,415.82,.95,414.7
102,2010,294,1500,13.16,2416.7,1086.7,306.59,.616,377.4
102,2010,294,1600,13.18,2440.4,724.5,335.11,.816,612.6
102,2010,294,1700,13.18,987.76,751.91,129.76,.117,76
102,2010,294,1800,13.21,562.34,488.69,73.118,.05,50.91
102,2010,294,1900,13.25,208.49,202.93,26.831,0,10.38
102,2010,294,2000,13.28,11.928,15.917,2.9028,0,5.294
102,2010,294,2100,13.31,.00791,.34095,1.1548,0,5.295
102,2010,294,2200,13.33,0,0,1.0441,0,5.3
102,2010,294,2300,13.35,0,0,2.3966,0,5.295
101,2010,294,2400,13.16,18700,11636,2563.7,5.814
102,2010,294,2400,13.37,0,0,1.8587,0,5.295
102,2010,295,100,13.38,.07118,0,1.5186,0,5.295
102,2010,295,200,13.39,.05536,0,2.3411,0,5.295
102,2010,295,300,13.39,.00791,0,2.523,0,5.295
102,2010,295,400,13.4,0,0,2.5309,0,5.306
102,2010,295,500,13.42,0,0,2.8551,0,5.295
102,2010,295,600,13.42,0,0,2.6178,0,5.295
102,2010,295,700,13.43,0,0,1.5343,0,5.295
102,2010,295,800,13.43,100.23,72.75,15.398,0,13.15
102,2010,295,900,13.42,426.49,360.15,58.476,.05,54
102,2010,295,1000,13.41,727.52,643.27,95.168,.033,38.1
102,2010,295,1100,13.39,1154.2,1018.8,154.54,.083,38.94
102,2010,295,1200,13.35,1379,1236.9,185.34,.05,29.31
102,2010,295,1300,13.31,1873.4,1618.1,251.92,.067,30.84
102,2010,295,1400,13.27,2313.9,1655.3,299.94,.5,176.2
102,2010,295,1500,13.25,1672.2,1371.3,227.42,.167,83.5
102,2010,295,1600,13.25,1416,1138,189.7,.383,141.9
102,2010,295,1700,13.27,1900.9,927.2,264.8,.883,429.8
102,2010,295,1800,13.29,71.59,70.519,11.493,0,8.8
102,2010,295,1900,13.35,81.89,74.34,9.729,0,9.02
102,2010,295,2000,12.79,3.8994,8.3679,2.27,0,4.997
102,2010,295,2100,12.76,.16609,3.234,1.6688,0,4.964
102,2010,295,2200,12.75,1.8902,2.591,3.646,0,5.019
102,2010,295,2300,13.42,.15027,.13637,2.5071,0,5.113
101,2010,295,2400,12.75,13124,10201,1791.9,2.216
102,2010,295,2400,13.44,.04745,.00974,1.9692,0,5.03
102,2010,296,100,13.44,.07118,.00974,2.2539,0,4.991
102,2010,296,200,13.45,.02373,0,2.8075,0,4.986
102,2010,296,300,13.45,.41914,0,2.2381,0,4.964
102,2010,296,400,13.46,.11072,0,2.3567,0,4.964
102,2010,296,500,13.47,.0949,0,2.1906,0,4.964
102,2010,296,600,13.47,.27681,0,2.1196,0,4.964
102,2010,296,700,13.47,.30844,.13636,1.9534,0,4.964
102,2010,296,800,13.45,60.111,41.823,9.1025,0,7.22
102,2010,296,900,13.42,286.26,242.09,40.413,0,8.58
102,2010,296,1000,13.4,800.71,592.7,109.94,.1,83
102,2010,296,1100,13.32,2462.8,816.34,329.47,1,692.8
102,2010,296,1200,13.27,2778.7,1026.7,359.98,.983,609.2
102,2010,296,1300,13.23,3279,1024.3,410.04,1,632.3
102,2010,296,1400,13.2,3679.3,1040.8,462.86,.916,673.8
102,2010,296,1500,13.19,2875.3,919.43,370.68,.8,569.9
102,2010,296,1600,13.18,2117.6,747.6,276.04,.566,430.4
102,2010,296,1700,13.2,1604,965.22,228.96,.5,297
102,2010,296,1800,13.2,1370.7,793.8,198.96,.8,362.5
102,2010,296,1900,13.23,258.4,190.82,34.396,.183,69.82
102,2010,296,2000,13.29,3.4487,5.0366,2.1909,0,5.294
102,2010,296,2100,12.78,.02373,1.3541,2.0644,0,5.294
102,2010,296,2200,12.77,0,0,2.9503,0,5.295
102,2010,296,2300,12.76,.02373,0,3.235,0,5.295
101,2010,296,2400,12.76,21578,8408.2,2860.2,6.847
102,2010,296,2400,13.39,0,0,2.9581,0,5.295
102,2010,297,100,13.4,0,0,3.132,0,5.295
102,2010,297,200,13.4,0,0,2.5626,0,5.295
102,2010,297,300,13.41,0,0,2.3727,0,5.295
102,2010,297,400,13.42,0,0,2.4597,0,5.295
102,2010,297,500,13.43,0,0,2.4596,0,5.278
102,2010,297,600,13.44,0,0,2.6652,0,5.223
102,2010,297,700,13.4,.2847,.10714,2.7284,0,5.251
102,2010,297,800,12.94,198.85,115.07,29.19,.533,181.3
102,2010,297,900,12.75,902.61,376.26,137.27,1,554.7
102,2010,297,1000,12.74,1502.8,1001.4,216.77,1,417.9
102,2010,297,1100,12.75,2494.1,1216.9,339.43,1,622.4
102,2010,297,1200,13.2,3364.3,851,435.56,1,798
102,2010,297,1300,13.17,3519.9,724.13,451.92,.95,778
102,2010,297,1400,13.15,3344.1,777.64,429.99,.816,655.4
102,2010,297,1500,13.17,2341.9,981.96,313.51,.55,373.6
102,2010,297,1600,13.16,1803.4,889.66,255.28,.466,266.8
102,2010,297,1700,13.24,305.19,259.37,44.699,0,24.44
102,2010,297,1800,13.28,412.3,355.47,62.254,0,5.305
102,2010,297,1900,13.3,109.82,97.888,19.67,0,5.295
102,2010,297,2000,13.34,2.5074,6.001,2.4521,0,5.295
102,2010,297,2100,13.37,0,.59424,1.7401,0,5.295
102,2010,297,2200,13.39,.01582,.92542,1.2418,0,5.295
102,2010,297,2300,13.4,0,0,1.0519,0,5.295
101,2010,297,2400,12.74,20302,7654.3,2762.2,7.31
102,2010,297,2400,13.41,0,0,1.7953,0,5.295
102,2010,298,100,13.42,0,0,2.1117,0,5.295
102,2010,298,200,13.43,0,0,2.5466,0,5.295
102,2010,298,300,13.44,0,0,1.7795,0,5.295
102,2010,298,400,13.44,0,0,2.4991,0,5.295
102,2010,298,500,13.45,0,0,2.5228,0,5.394
102,2010,298,600,13.45,0,0,1.8427,0,5.361
102,2010,298,700,13.46,.01582,0,1.637,0,5.333
102,2010,298,800,13.44,65.269,48.311,10.605,0,5.41
102,2010,298,900,13.42,327.88,277.84,46.202,0,6.557
102,2010,298,1000,13.42,231.88,207.92,32.735,0,6.546
102,2010,298,1100,13.4,486.7,436.66,70.091,0,5.758
102,2010,298,1200,13.38,718.09,652.65,103.06,0,7.78
102,2010,298,1300,13.29,2722.4,1852.5,378.09,.65,260.6
102,2010,298,1400,13.27,2230.3,1752.9,307.46,.283,91
102,2010,298,1500,13.27,1864.3,1427.9,263.93,.433,150
102,2010,298,1600,13.23,2644,1613.2,370.66,1,466
102,2010,298,1700,13.23,1899.2,946.38,271.11,1,488.3
102,2010,298,1800,13.25,1169.7,683.05,171.31,1,377.9
102,2010,298,1900,13.26,378.05,283.5,52.627,.383,119.8
102,2010,298,2000,13.29,4.1369,7.5208,.0791,0,5.294
102,2010,298,2100,13.32,0,1.2371,1.5028,0,5.294
102,2010,298,2200,13.34,.00791,.40916,1.6294,0,5.295
102,2010,298,2300,13.35,0,.52605,1.6769,0,5.295
101,2010,298,2400,13.23,14742,10193,2098.6,4.748
102,2010,298,2400,13.37,.00791,.03897,.92542,0,5.295
102,2010,299,100,13.38,0,0,1.313,0,5.295
102,2010,299,200,13.39,0,0,2.1276,0,5.295
102,2010,299,300,13.39,0,0,1.6056,0,5.295
102,2010,299,400,13.4,0,0,3.0925,0,5.295
102,2010,299,500,13.41,0,0,2.8314,0,5.295
102,2010,299,600,13.42,0,0,1.9456,0,5.383
102,2010,299,700,13.43,.03954,.05844,1.5738,0,5.311
102,2010,299,800,13.44,207.17,127.14,30.883,.4,126.5
102,2010,299,900,13.4,1016.4,460.67,157.76,1,520.7
102,2010,299,1000,13.33,1962.4,502.52,288.94,1,792
102,2010,299,1100,13.3,2027.7,749.93,284.94,1,596.3
102,2010,299,1200,13.24,2352.4,854.79,316.97,.933,558.8
102,2010,299,1300,13.19,3575.4,949.17,474.07,.95,742
102,2010,299,1400,13.16,3444,1035,462.89,.883,600.5
102,2010,299,1500,13.16,2854.1,1089.4,393.68,.8,490.6
102,2010,299,1600,13.19,577.62,523.15,86.894,0,28.2
102,2010,299,1700,13.24,833.14,673.3,127.1,.433,118.9
102,2010,299,1800,13.25,822.93,461.39,125.36,1,303.9
102,2010,299,1900,13.26,182.01,143.83,24.386,.083,57.79
102,2010,299,2000,13.3,3.496,5.7085,2.4994,0,5.427
102,2010,299,2100,13.34,0,0,2.2147,0,5.306
102,2010,299,2200,13.35,0,0,1.835,0,5.295
102,2010,299,2300,13.38,0,0,2.2383,0,5.295
101,2010,299,2400,13.16,19859,7576.1,2801.7,8.48
102,2010,299,2400,13.4,0,.0487,4.5635,0,5.295
102,2010,300,100,13.4,0,0,2.7997,0,5.295
102,2010,300,200,13.41,0,0,1.7953,0,5.372
102,2010,300,300,13.42,0,0,2.2935,0,5.901
102,2010,300,400,13.44,0,0,2.2302,0,6.001
102,2010,300,500,13.44,0,0,2.6257,0,5.295
102,2010,300,600,13.45,0,0,2.1512,0,5.289
102,2010,300,700,13.46,.47457,.2825,2.3254,0,5.312
102,2010,300,800,12.76,93.311,71.498,14.292,0,5.968
102,2010,300,900,13.42,413.06,360.49,61.791,0,18.33
102,2010,300,1000,13.35,1168.8,938.69,174.58,.65,193.5
102,2010,300,1100,12.84,2413,1342.2,345.9,1,620.9
102,2010,300,1200,13.21,3225.8,1348.2,442.95,1,730
102,2010,300,1300,13.2,2738.6,1657.7,389.31,.566,319.1
102,2010,300,1400,13.19,1554.9,1110.4,219.08,.3,136.8
102,2010,300,1500,13.27,598.15,520.71,81.682,0,11.45
102,2010,300,1600,13.3,816.96,727.23,125.99,0,6.067
102,2010,300,1700,13.32,747.41,678.15,118.61,0,10.25
102,2010,300,1800,13.32,629.18,546.72,93.621,.1,86.2
102,2010,300,1900,13.33,254.64,196.94,40.395,.516,119.1
102,2010,300,2000,13.35,7.72,9.4301,2.9741,0,6.618
102,2010,300,2100,12.79,0,0,3.2112,0,5.295
102,2010,300,2200,13.39,0,0,2.8156,0,5.278
102,2010,300,2300,13.41,0,0,2.8076,0,5.289
101,2010,300,2400,12.76,14662,9508.6,2139.2,4.132
102,2010,300,2400,13.43,.03954,0,2.9578,0,5.25
102,2010,301,100,13.44,0,0,2.0167,0,5.217
102,2010,301,200,13.45,0,0,2.6337,0,5.229
102,2010,301,300,13.46,0,0,2.4835,0,5.29
102,2010,301,400,13.47,0,0,2.8556,0,5.307
102,2010,301,500,13.47,0,0,1.9618,0,5.368
102,2010,301,600,13.48,.01582,0,1.9934,0,5.291
102,2010,301,700,13.49,.40342,.66248,1.8668,0,5.296
102,2010,301,800,13.47,173.7,128.43,26.476,.167,78.4
102,2010,301,900,13.42,762.51,483.84,118.71,1,315.1
102,2010,301,1000,13.35,1771.3,670.43,271.19,1,624.2
102,2010,301,1100,13.29,2557.7,780.21,366.94,1,730
102,2010,301,1200,13.23,2916.4,856.49,404.27,1,674.7
102,2010,301,1300,13.2,3184,1179,442.72,.9,600.8
102,2010,301,1400,13.15,3233.8,1347.8,453.47,.8,515.1
102,2010,301,1500,13.15,2631.7,1157,366.55,.933,491.9
102,2010,301,1600,13.14,3076.1,1019.2,450.91,1,713
102,2010,301,1700,13.14,906.06,729.91,132.79,.1,88
102,2010,301,1800,13.22,601.62,478.19,89.871,.2,67.17
102,2010,301,1900,13.24,123.17,116.38,17.03,0,9.93
102,2010,301,2000,13.29,1.5028,2.8152,1.8983,0,5.427
102,2010,301,2100,13.33,0,0,1.7639,0,5.295
102,2010,301,2200,13.36,0,0,2.6496,0,5.295
102,2010,301,2300,13.38,0,0,1.7637,0,5.295
101,2010,301,2400,13.14,21940,8950.3,3168.6,8.1
102,2010,301,2400,13.4,0,0,3.8199,0,5.295
102,2010,302,100,13.41,0,0,3.4403,0,5.295
102,2010,302,200,13.42,0,0,2.1354,0,5.295
102,2010,302,300,13.44,0,0,2.9185,0,5.295
102,2010,302,400,13.45,0,0,2.5864,0,5.301
102,2010,302,500,13.46,0,0,2.6262,0,5.296
102,2010,302,600,13.47,.00791,0,2.7133,0,5.434
102,2010,302,700,13.47,.01582,0,3.1088,0,5.594
102,2010,302,800,13.47,58.196,44.26,9.3817,0,5.506
102,2010,302,900,13.44,173.34,148.14,28.777,0,11.46
102,2010,302,1000,13.37,877.99,750.8,134.89,.15,60.05
102,2010,302,1100,13.27,2592.5,1602,389.36,1,522
102,2010,302,1200,13.23,2452.9,1800.7,361.37,.9,281.7
102,2010,302,1300,13.2,2543.6,1478.7,373.76,.533,304.9
102,2010,302,1400,13.18,2019.5,1455.3,301.49,.45,150.5
102,2010,302,1500,13.15,2918.2,1648.4,428.33,1,496.1
102,2010,302,1600,13.09,1818.6,1358.6,271.09,.833,272
102,2010,302,1700,13.11,1847.1,768.52,288.58,.816,487.4
102,2010,302,1800,13.2,671.79,395.52,106.23,.433,247.5
102,2010,302,1900,13.23,376.96,138.18,59.217,.566,277.4
102,2010,302,2000,13.25,2.1595,4.8516,.77519,0,5.492
102,2010,302,2100,13.27,0,0,1.5029,0,5.305
102,2010,302,2200,13.32,0,0,1.5265,0,5.294
102,2010,302,2300,13.35,0,0,2.9187,0,5.295
101,2010,302,2400,13.09,18353,11594,2781.7,6.681
102,2010,302,2400,13.37,0,0,3.0135,0,5.295
102,2010,303,100,13.4,0,0,3.8991,0,5.295
102,2010,303,200,13.42,0,0,3.1635,0,5.344
102,2010,303,300,13.45,0,0,2.428,0,5.504
102,2010,303,400,13.46,0,0,2.1355,0,5.345
102,2010,303,500,13.48,0,0,2.5471,0,5.594
102,2010,303,600,13.49,0,0,2.8398,0,5.732
102,2010,303,700,13.5,.71982,.3702,2.8081,0,5.815
102,2010,303,800,13.46,203.09,129.18,35.122,.716,345.3
102,2010,303,900,13.4,944.21,359.58,151.89,1,594.5
102,2010,303,1000,13.32,1890,663.95,294.51,1,724
102,2010,303,1100,13.25,2714.1,936.1,395.4,1,826
102,2010,303,1200,13.22,2766.8,1385.2,398.86,.8,558.3
102,2010,303,1300,13.18,3175.5,1503.4,461.08,.716,561.3
102,2010,303,1400,13.15,3653.6,1480.9,518.98,.916,728
102,2010,303,1500,13.14,3208.3,1494.6,471.51,.866,663.7
102,2010,303,1600,13.14,2554.6,1146.5,384.71,.783,619.6
102,2010,303,1700,13.15,2117.3,914.19,325.43,.8,592.7
102,2010,303,1800,13.17,913.78,505.72,145.16,.45,276.2
102,2010,303,1900,13.19,518.75,290.92,86.823,.5,269.4
102,2010,303,2000,12.95,3.5915,5.5146,.32434,0,5.343
102,2010,303,2100,13.28,0,0,1.8745,0,5.294
102,2010,303,2200,13.31,0,0,2.6101,0,5.294
102,2010,303,2300,13.35,0,0,3.0848,0,5.295
101,2010,303,2400,12.95,24664,10816,3700.3,9.55
102,2010,303,2400,13.36,0,0,3.148,0,5.41
102,2010,304,100,13.38,0,0,3.2191,0,5.642
102,2010,304,200,13.4,0,0,3.3218,0,5.741
102,2010,304,300,13.42,0,0,2.2224,0,5.962
102,2010,304,400,13.44,0,0,1.74,0,5.808
102,2010,304,500,13.45,.00791,0,1.9299,0,5.692
102,2010,304,600,13.46,0,0,2.5784,0,5.67
102,2010,304,700,13.46,.15821,.05845,2.2227,0,5.952
102,2010,304,800,13.46,107.67,89.724,16.231,0,13.47
102,2010,304,900,13.43,323.19,286.37,52.153,0,8.52
102,2010,304,1000,13.38,951.66,805.09,154.62,.45,129.5
102,2010,304,1100,13.19,2273.4,1419.4,354.91,.766,526.5
102,2010,304,1200,13.19,2101.3,1674.9,315.23,.733,257.7
102,2010,304,1300,13.15,2702,2018.4,411.32,.75,234.8
102,2010,304,1400,13.13,2617.3,1848.9,394.51,.433,233.7
102,2010,304,1500,13.11,3174.7,1827.4,472.42,.916,627.4
102,2010,304,1600,13.1,1630.6,1054.4,248.59,.766,320.2
102,2010,304,1700,13.09,1560.7,969.86,251.72,.6,332.1
102,2010,304,1800,13.1,635.57,450.57,100.01,.267,119.5
102,2010,304,1900,13.13,199.42,179,30.851,.117,52.97
102,2010,304,2000,13.19,5.8377,6.0499,1.4396,0,5.873
102,2010,304,2100,13.23,0,0,2.2304,0,5.294
102,2010,304,2200,13.24,0,0,2.2147,0,5.295
102,2010,304,2300,13.26,0,0,2.6498,0,5.3
101,2010,304,2400,13.09,18283,12630,2831.6,5.798
102,2010,304,2400,13.29,0,0,3.3141,0,5.559
102,2010,305,100,13.29,0,0,2.6891,0,5.543
102,2010,305,200,13.32,0,0,2.4755,0,6.475
102,2010,305,300,13.33,0,0,3.4245,0,6.089
102,2010,305,400,13.35,0,0,3.1952,0,6.243
102,2010,305,500,13.35,0,0,2.436,0,6.436
102,2010,305,600,13.36,0,0,2.0564,0,6.619
102,2010,305,700,13.36,1.1469,.61371,3.3377,0,6.553
102,2010,305,800,13.36,84.004,71.821,16.238,0,6.922
102,2010,305,900,13.33,505.36,399.17,87.099,.133,85.4
102,2010,305,1000,13.21,1775.7,1004.4,287.87,1,668.3
102,2010,305,1100,13.18,1972.4,1431.8,299.21,1,467.9
102,2010,305,1200,13.13,1771.2,1469.3,280.55,.533,192.2
102,2010,305,1300,13.2,1878.3,1438.7,294.74,.367,180.6
102,2010,305,1400,13.22,200.34,179.34,28.114,0,7.62
102,2010,305,1500,13.3,175.49,159.58,21.364,0,10.49
102,2010,305,1600,13.34,924.26,810.92,142.67,0,19.84
102,2010,305,1700,13.32,927.59,778.43,150.16,.05,55.12
102,2010,305,1800,13.3,804.75,622.74,135.61,.417,160.5
102,2010,305,1900,13.3,311.09,260.26,50.539,.167,57.72
102,2010,305,2000,13.33,6.0351,5.9814,2.8475,0,5.907
102,2010,305,2100,13.36,0,0,2.1434,0,6.155
102,2010,305,2200,13.37,0,0,2.0168,0,6.58
102,2010,305,2300,13.38,0,0,2.3806,0,5.692
101,2010,305,2400,13.13,11338,8633,1825.7,3.665
102,2010,305,2400,13.4,0,0,2.5388,0,5.559
102,2010,306,100,13.4,.01582,0,2.4122,0,5.306
102,2010,306,200,13.4,.03163,0,2.5545,0,5.295
102,2010,306,300,13.38,.00791,0,3.2109,0,5.295
102,2010,306,400,13.37,0,0,3.2347,0,5.295
102,2010,306,500,13.4,.00791,0,1.3366,0,5.295
102,2010,306,600,12.76,.10282,0,2.6574,0,5.295
102,2010,306,700,13.4,.00791,0,2.4597,0,5.295
102,2010,306,800,13.4,59.641,49.229,11.405,0,5.306
102,2010,306,900,13.38,106.06,93.021,17.051,0,5.399
102,2010,306,1000,13.38,50.695,44.368,5.8604,0,5.421
102,2010,306,1100,13.38,81.666,69.918,7.1575,0,6.16
102,2010,306,1200,13.37,419.65,370.32,53.662,0,5.416
102,2010,306,1300,13.34,1109.7,977.24,167.62,0,12.11
102,2010,306,1400,13.3,1347.8,1198.7,221.18,.033,26.81
102,2010,306,1500,13.24,2334.7,1926.8,377.39,.45,163.5
102,2010,306,1600,13.2,3078.8,2165.1,475.64,1,750
102,2010,306,1700,13.2,2155.2,1543.7,326.79,1,525.1
102,2010,306,1800,13.21,1629.8,1171,264.39,.9,531
102,2010,306,1900,13.2,252.4,238.77,33.602,0,44.91
102,2010,306,2000,13.23,1.6057,2.7569,.15819,0,5.299
102,2010,306,2100,13.28,0,0,1.1706,0,5.294
102,2010,306,2200,13.29,.04746,0,2.0328,0,5.295
102,2010,306,2300,13.3,.06328,0,1.5186,0,5.295
101,2010,306,2400,12.76,12628,9850.8,1986.3,3.382
102,2010,306,2400,13.31,.087,0,1.7638,0,5.295
102,2010,307,100,13.33,0,0,1.0994,0,5.295
102,2010,307,200,13.33,0,0,1.6293,0,5.295
102,2010,307,300,13.35,0,0,1.9535,0,5.295
102,2010,307,400,13.35,0,0,2.0642,0,5.295
102,2010,307,500,13.36,0,0,1.6134,0,5.261
102,2010,307,600,13.38,0,0,.98068,0,5.245
102,2010,307,700,13.36,.19772,.02922,2.4201,0,5.212
102,2010,307,800,13.36,107.92,90.442,17.249,0,5.769
102,2010,307,900,13.35,567.59,477.01,88.806,.2,97.2
102,2010,307,1000,13.28,1650.1,1286.6,264.56,1,606.8
102,2010,307,1100,13.21,2514.9,2081,374.7,1,761
102,2010,307,1200,13.18,2941.9,2314.6,432.8,1,754
102,2010,307,1300,13.14,3526.2,2385.6,505.27,1,847
102,2010,307,1400,12.87,2441.8,1909,364.22,.45,365.6
102,2010,307,1500,13.08,2929.2,2555.1,445.9,.7,481.5
102,2010,307,1600,13.06,2965.9,2641.6,457.9,.833,638.9
102,2010,307,1700,13.07,1762.2,1494,284.08,.783,427.4
102,2010,307,1800,13.14,444.26,401.48,67.126,0,17.52
102,2010,307,1900,13.19,168.03,153.87,26.133,0,5.846
102,2010,307,2000,13.24,2.3018,2.1237,2.8238,0,5.306
102,2010,307,2100,13.28,.01582,0,3.8757,0,5.267
102,2010,307,2200,13.29,0,0,4.105,0,5.295
102,2010,307,2300,13.3,0,0,3.8993,0,5.295
101,2010,307,2400,12.87,22023,17793,3358.2,6.964
102,2010,307,2400,13.31,0,0,2.9976,0,5.295
102,2010,308,100,13.35,.03164,0,3.8042,0,5.295
102,2010,308,200,13.36,0,0,3.812,0,5.295
102,2010,308,300,13.36,0,0,3.2663,0,5.295
102,2010,308,400,13.38,.18981,0,1.8428,0,5.295
102,2010,308,500,13.38,.31635,0,2.3331,0,5.295
102,2010,308,600,13.37,.37172,0,2.5941,0,5.295
102,2010,308,700,13.37,.60897,.0487,3.5273,0,5.295
102,2010,308,800,13.36,124.38,106.73,22.366,0,10.75
102,2010,308,900,13.31,723.62,621.55,117.15,.766,220.8
102,2010,308,1000,13.25,1366.5,1190.7,219.71,1,437.7
102,2010,308,1100,13.19,2428,2202.6,375.7,1,721
102,2010,308,1200,13.12,2956.6,2501.7,457.86,.866,660.5
102,2010,308,1300,13.13,1096.7,974.61,174.78,.05,36.7
102,2010,308,1400,13.14,1063.8,954.2,176.36,.05,27.4
102,2010,308,1500,12.71,1217.4,1075.5,203.3,0,71
102,2010,308,1600,13.16,772.33,707.35,126.5,0,12.73
102,2010,308,1700,13.16,520.98,467.65,81.035,0,10
102,2010,308,1800,13.18,211.28,188.45,33.386,0,6.739
102,2010,308,1900,13.23,39.888,36.151,7.2847,0,5.294
102,2010,308,2000,13.26,1.0124,1.0618,1.2497,0,5.295
102,2010,308,2100,13.28,0,0,2.7604,0,5.295
102,2010,308,2200,13.3,0,0,2.9739,0,5.295
102,2010,308,2300,13.31,0,0,4.3421,0,5.295
101,2010,308,2400,12.71,12524,11028,2031,3.732
102,2010,308,2400,13.32,0,0,3.0291,0,5.295
102,2010,309,100,13.33,0,0,3.0054,0,5.295
102,2010,309,200,13.33,0,0,2.9025,0,5.295
102,2010,309,300,13.34,0,0,2.0879,0,5.515
102,2010,309,400,13.35,0,0,1.2258,0,5.625
102,2010,309,500,13.36,0,0,1.3366,0,5.625
102,2010,309,600,13.36,0,0,1.7479,0,5.626
102,2010,309,700,13.36,.02373,0,1.8508,0,5.615
102,2010,309,800,13.35,143.08,151.14,25.522,.383,136.2
102,2010,309,900,13.32,353.08,320.96,59.299,.067,66.2
102,2010,309,1000,13.27,1261.1,1145.6,208.88,1,375.8
102,2010,309,1100,13.21,2114.3,1960.2,334.25,1,574
102,2010,309,1200,13.16,2923.1,2515.6,450.91,1,638.9
102,2010,309,1300,12.73,3228.6,2569,486,.933,706
102,2010,309,1400,12.71,2925.3,2422.5,453.31,.65,418
102,2010,309,1500,12.71,1931.4,1729.7,315.98,.5,176.3
102,2010,309,1600,12.71,1572.6,1426.1,255.17,.5,190.6
102,2010,309,1700,13.11,2201.5,2028.7,375.08,1,560.6
102,2010,309,1800,13.12,741.87,672.45,119.52,.433,200.1
102,2010,309,1900,13.15,124.17,112.54,17.3,0,19
102,2010,309,2000,13.19,3.2589,3.1272,.87797,0,5.73
102,2010,309,2100,13.23,.00791,0,1.8271,0,5.703
102,2010,309,2200,13.26,0,0,1.4,0,5.67
102,2010,309,2300,12.76,.03955,0,1.7401,0,5.625
101,2010,309,2400,12.71,19523,17058,3123.7,7.46
102,2010,309,2400,13.22,0,0,2.4282,0,5.625
102,2010,310,100,13.24,0,0,1.9931,0,5.625
102,2010,310,200,13.25,0,0,3.0134,0,5.62
102,2010,310,300,13.26,0,0,2.6416,0,5.625
102,2010,310,400,13.27,0,0,2.6969,0,5.625
102,2010,310,500,13.29,0,0,1.9061,0,5.626
102,2010,310,600,13.3,0,0,2.1197,0,5.626
102,2010,310,700,13.31,.82258,.64293,3.2745,0,5.621
102,2010,310,800,12.61,163.36,176.68,26.979,.516,204.9
102,2010,310,900,12.58,938.29,907.66,151.69,1,635.6
102,2010,310,1000,12.56,1868.8,1867.1,307.48,1,794
102,2010,310,1100,12.52,2366,2329.2,366.34,1,730
102,2010,310,1200,12.56,2983.9,2608.2,462.52,.966,675.1
102,2010,310,1300,12.71,3504.6,2896.4,536.57,.866,659.5
102,2010,310,1400,12.72,1806.5,1549.9,285.98,.217,137.7
102,2010,310,1500,12.73,2480.2,2272,407.46,.566,323.6
102,2010,310,1600,12.78,208.17,188.52,33.499,0,20.95
102,2010,310,1700,12.78,450.65,402.06,72.078,0,24.72
102,2010,310,1800,12.77,408.24,358.79,70.644,0,5.719
102,2010,310,1900,12.76,165.87,146.68,32.618,0,5.306
102,2010,310,2000,12.76,4.1606,2.9713,5.7742,0,5.295
102,2010,310,2100,13.33,0,0,3.5751,0,5.295
102,2010,310,2200,13.35,.01582,0,2.4914,0,5.295
102,2010,310,2300,13.37,0,0,2.5942,0,5.295
101,2010,310,2400,12.52,17350,15707,2788.3,6.131
102,2010,310,2400,13.4,0,0,2.3569,0,5.295
102,2010,311,100,13.42,0,0,2.4517,0,5.295
102,2010,311,200,13.44,0,0,1.2891,0,5.295
102,2010,311,300,13.45,0,0,2.6574,0,5.295
102,2010,311,400,13.45,0,0,2.0484,0,5.366
102,2010,311,500,13.46,0,0,2.4598,0,5.471
102,2010,311,600,13.47,0,0,2.2621,0,5.483
102,2010,311,700,12.86,.64066,.62344,1.9932,0,5.544
102,2010,311,800,12.82,149.75,138.7,23.768,.167,64.7
102,2010,311,900,12.8,715.82,670.74,114.57,.816,278.6
102,2010,311,1000,12.74,1553,1488.2,261.5,.566,334.7
102,2010,311,1100,12.73,1547.4,1435.7,248.62,.7,235.2
102,2010,311,1200,12.74,1917.7,1712.5,302.33,.516,245.7
102,2010,311,1300,12.73,402.56,381.16,63.082,0,28.78
102,2010,311,1400,12.75,303.09,276.47,46.745,0,13.13
102,2010,311,1500,12.75,702.31,648.08,117.56,0,38.76
102,2010,311,1600,12.75,849.72,767.34,143.45,0,17.77
102,2010,311,1700,12.75,780.57,706.21,131.06,0,5.758
102,2010,311,1800,12.77,561.35,515.32,91.33,0,18.09
102,2010,311,1900,12.77,222.55,204.65,33.985,0,13.23
102,2010,311,2000,12.97,3.7174,3.8478,1.313,0,5.295
102,2010,311,2100,12.84,0,0,2.0248,0,5.295
102,2010,311,2200,13.38,.04745,0,2.2145,0,5.295
102,2010,311,2300,13.4,0,0,2.9421,0,5.295
101,2010,311,2400,12.73,9710.3,8949.5,1604,2.766
102,2010,311,2400,13.43,0,0,2.3252,0,5.295
102,2010,312,100,13.45,0,0,2.9659,0,5.295
102,2010,312,200,13.46,0,0,3.9468,0,5.295
102,2010,312,300,13.46,0,0,2.2304,0,5.295
102,2010,312,400,13.47,0,0,2.5942,0,5.295
102,2010,312,500,13.48,0,0,3.4801,0,5.295
102,2010,312,600,13.48,0,0,3.0767,0,5.295
102,2010,312,700,13.48,.00791,0,2.6496,0,5.295
102,2010,312,800,13.47,112.44,102.64,20.754,0,37.42
102,2010,312,900,13.4,942.04,941.04,153.42,1,517.6
102,2010,312,1000,13.35,1920.4,1981.2,311.53,1,744
102,2010,312,1100,13.28,2349.4,2439.1,361.37,1,744
102,2010,312,1200,13.21,3138.2,2929.6,471.1,.983,791
102,2010,312,1300,13.2,2309.7,1965.4,361.09,.466,312.1
102,2010,312,1400,13.19,3426.2,2957.8,541.64,.85,593.3
102,2010,312,1500,13.19,3016.4,2910.1,483.22,.85,582.4
102,2010,312,1600,13.21,1759.1,1697.5,287.14,.417,224.3
102,2010,312,1700,13.2,1521.8,1490.3,263.46,.583,350.5
102,2010,312,1800,13.24,123.17,109.92,22.599,0,14.83
102,2010,312,1900,13.31,80.504,68.717,12.268,0,5.703
102,2010,312,2000,13.32,7.2374,6.0301,2.452,0,5.344
102,2010,312,2100,12.79,.48247,.15586,1.566,0,5.328
102,2010,312,2200,13.36,.28473,0,1.7638,0,5.311
102,2010,312,2300,13.37,.25309,0,1.9852,0,5.344
101,2010,312,2400,12.79,20708,19600,3320.1,7.15
102,2010,312,2400,13.37,.14236,0,1.7637,0,5.3
102,2010,313,100,13.38,.23727,0,2.5941,0,5.3
102,2010,313,200,12.74,1.1626,.00974,3.4957,0,5.295
102,2010,313,300,12.72,1.8269,.41884,3.1477,0,5.295
102,2010,313,400,12.71,.24517,0,2.689,0,5.295
102,2010,313,500,12.7,0,0,1.8665,0,5.295
102,2010,313,600,12.69,0,0,1.9298,0,5.295
102,2010,313,700,12.69,0,0,1.6055,0,5.295
102,2010,313,800,12.69,153.8,150.91,26.289,.283,79.1
102,2010,313,900,12.7,786.52,741.35,128.59,1,332.1
102,2010,313,1000,13.23,1808.7,1767.2,295.9,1,576.6
102,2010,313,1100,13.23,1987.4,1894.3,308,1,464.9
102,2010,313,1200,13.19,2464.7,2185.2,391.53,.983,429.8
102,2010,313,1300,13.17,3189.9,2734.4,501.23,.883,518.7
102,2010,313,1400,13.13,3640.4,3225.7,563.26,.916,599.4
102,2010,313,1500,13.15,1504.7,1379,247.33,.283,152.9
102,2010,313,1600,13.17,2158.7,2109.3,353.49,1,457.2
102,2010,313,1700,13.16,2116.8,2078.5,361.11,.85,450.4
102,2010,313,1800,13.18,599.59,556.03,95.779,0,6.837
102,2010,313,1900,13.23,199.62,181.56,32.05,0,8.39
102,2010,313,2000,13.26,1.5423,1.7339,.45082,0,5.294
102,2010,313,2100,13.3,0,0,1.487,0,5.295
102,2010,313,2200,13.31,0,0,2.2701,0,5.295
102,2010,313,2300,13.33,0,0,2.0881,0,5.295
101,2010,313,2400,12.69,20616,19006,3330.3,8.2
102,2010,313,2400,13.35,0,0,2.0959,0,5.295
102,2010,314,100,13.37,0,0,3.1398,0,5.295
102,2010,314,200,13.38,0,0,2.1592,0,5.295
102,2010,314,300,13.38,.07118,0,2.0801,0,5.283
102,2010,314,400,13.38,.03164,0,2.3094,0,5.267
102,2010,314,500,13.38,0,0,2.2699,0,5.278
102,2010,314,600,13.39,0,0,3.3375,0,5.272
102,2010,314,700,13.4,.02373,0,2.0247,0,5.245
102,2010,314,800,13.39,117.03,100.73,18.263,0,25.29
102,2010,314,900,13.36,465.04,412.37,78.449,0,34.86
102,2010,314,1000,13.33,657.09,596.75,114.19,0,13.17
102,2010,314,1100,13.25,1652.4,1463.9,277.39,.45,145.7
102,2010,314,1200,13.18,3112.6,2758,476.91,1,686.3
102,2010,314,1300,13.18,1361.4,1183.5,212.27,.317,157.4
102,2010,314,1400,13.23,353.62,314.36,49.079,0,13.59
102,2010,314,1500,13.24,844.32,743.21,142.41,0,16.04
102,2010,314,1600,13.21,1724.9,1556.9,297,.383,151.9
102,2010,314,1700,13.19,886.77,809.23,146.08,.117,90.7
102,2010,314,1800,13.18,502.98,461.34,79.774,0,9.69
102,2010,314,1900,13.23,189.65,176.73,30.252,0,5.311
102,2010,314,2000,12.74,2.7049,2.9904,2.4597,0,5.295
102,2010,314,2100,12.7,0,0,2.357,0,5.295
102,2010,314,2200,13.28,0,0,3.148,0,5.295
102,2010,314,2300,13.31,.04745,0,1.4553,0,5.295
101,2010,314,2400,12.7,11871,10580,1950.3,2.266
102,2010,314,2400,13.31,.01582,0,1.4473,0,5.344
102,2010,315,100,13.32,.12654,0,1.9931,0,5.344
102,2010,315,200,13.32,.11863,0,1.479,0,5.333
102,2010,315,300,13.33,.03164,0,1.6134,0,5.355
102,2010,315,400,13.34,0,0,1.2812,0,5.344
102,2010,315,500,13.36,0,0,2.2303,0,5.333
102,2010,315,600,13.36,0,0,2.349,0,5.322
102,2010,315,700,13.37,.17401,.09741,1.653,0,5.421
102,2010,315,800,13.36,130.11,122.28,21.411,.283,153.1
102,2010,315,900,13.33,967.48,1041.4,151.54,1,691
102,2010,315,1000,13.26,1883,2011.1,308.53,1,809
102,2010,315,1100,13.21,2567.9,2739.1,402.2,.95,818
102,2010,315,1200,13.18,2509.6,2331.9,398.34,.95,535.6
102,2010,315,1300,13.16,2316,2054.8,367.56,.633,357.9
102,2010,315,1400,13.14,2549.4,2260.6,410.09,.616,398.9
102,2010,315,1500,13.13,2183.8,2055.2,355.18,.483,258.8
102,2010,315,1600,13.15,345.75,315.33,54.177,0,19.39
102,2010,315,1700,13.23,336.85,294.62,56.749,0,19.22
102,2010,315,1800,13.25,189.85,173.94,35.141,0,10.11
102,2010,315,1900,13.28,203.04,183.74,37.049,0,7.18
102,2010,315,2000,13.28,5.1333,4.6565,2.9819,0,5.328
102,2010,315,2100,13.29,0,0,1.9141,0,5.295
102,2010,315,2200,13.33,.00791,0,1.8034,0,5.306
102,2010,315,2300,13.35,0,0,2.9738,0,5.317
101,2010,315,2400,13.13,16188,15589,2623.5,5.914
102,2010,315,2400,13.37,.04746,0,3.2348,0,5.295
102,2010,316,100,13.38,.00791,0,2.2937,0,5.278
102,2010,316,200,13.39,0,0,1.1152,0,5.289
102,2010,316,300,13.39,.00791,0,1.7954,0,5.273
102,2010,316,400,13.4,0,0,1.7243,0,5.251
102,2010,316,500,13.41,0,0,1.7955,0,5.279
102,2010,316,600,13.42,0,0,2.183,0,5.218
102,2010,316,700,13.42,.11864,.03897,2.2146,0,5.235
102,2010,316,800,13.4,162.67,154.2,28.427,.516,196.1
102,2010,316,900,13.36,904.98,967.51,146.58,1,624.9
102,2010,316,1000,13.27,1988.4,2053.8,331.89,1,763
102,2010,316,1100,13.27,2567.6,2720.9,403.05,1,830
102,2010,316,1200,13.25,1770.4,1704.8,279.84,.417,278.2
102,2010,316,1300,13.25,1598,1393.7,263.89,.117,79.8
102,2010,316,1400,13.23,1195.9,1077.5,193.09,.083,99.9
102,2010,316,1500,13.26,1061.2,954.23,174.23,0,27.3
102,2010,316,1600,13.26,817.82,745.86,137.37,0,34.81
102,2010,316,1700,13.27,1441.6,1336.9,249.61,.367,191.1
102,2010,316,1800,13.27,809.55,759.5,137.75,.417,138.2
102,2010,316,1900,13.3,124.05,116.01,18.793,.033,14.99
102,2010,316,2000,13.32,1.1468,1.3637,.68808,0,5.339
102,2010,316,2100,13.33,.00791,0,1.2496,0,5.322
102,2010,316,2200,13.35,.19774,0,1.7876,0,5.295
102,2010,316,2300,13.37,.07909,0,1.4949,0,5.3
101,2010,316,2400,13.23,14444,13986,2385.6,4.948
102,2010,316,2400,13.39,0,0,2.705,0,5.3
102,2010,317,100,13.4,0,0,2.2225,0,5.295
102,2010,317,200,13.4,0,0,2.1196,0,5.295
102,2010,317,300,13.42,0,0,3.0924,0,5.295
102,2010,317,400,13.43,0,0,2.1117,0,5.295
102,2010,317,500,13.44,0,0,2.6496,0,5.295
102,2010,317,600,13.45,0,0,1.6926,0,5.295
102,2010,317,700,13.45,.14237,.08767,2.0328,0,5.3
102,2010,317,800,13.45,139.56,120.86,23.546,.033,36.3
102,2010,317,900,13.42,426.97,379.66,74.561,0,24.95
102,2010,317,1000,13.38,691.63,626.5,121.02,0,9.73
102,2010,317,1100,13.35,603.56,546.08,103.27,0,27.58
102,2010,317,1200,13.32,1224,1093.4,209.22,0,16.68
102,2010,317,1300,13.24,3154.7,2679.1,499.28,.783,462.7
102,2010,317,1400,13.23,2005.8,1753,311.73,.433,220.9
102,2010,317,1500,13.25,676.32,607.1,112.59,0,15.08
102,2010,317,1600,13.29,359.47,328.84,60.652,0,28.8
102,2010,317,1700,13.35,93.775,81.234,14.648,0,7.16
102,2010,317,1800,13.39,165.96,144.57,25.784,0,5.432
102,2010,317,1900,13.4,63.004,54.199,11.002,0,5.295
102,2010,317,2000,13.42,1.6767,.38964,2.2778,0,5.3
102,2010,317,2100,13.44,.30054,0,1.914,0,5.295
102,2010,317,2200,13.44,.10282,0,3.4167,0,5.295
102,2010,317,2300,13.45,.07118,0,4.0417,0,5.295
101,2010,317,2400,13.23,9607.1,8414.9,1599.4,1.249
102,2010,317,2400,13.46,.01582,0,4.4767,0,5.295
102,2010,318,100,13.47,.01582,0,4.1129,0,5.295
102,2010,318,200,13.47,.11073,0,3.5988,0,5.295
102,2010,318,300,13.48,.02373,0,2.9502,0,5.295
102,2010,318,400,13.48,.03164,0,2.1514,0,5.295
102,2010,318,500,13.49,0,0,3.6937,0,5.295
102,2010,318,600,13.49,0,0,3.5513,0,5.295
102,2010,318,700,13.49,.29264,.00974,1.8429,0,5.295
102,2010,318,800,13.48,76.76,63.718,13.406,0,5.499
102,2010,318,900,13.46,293.14,259.34,52.432,0,5.461
102,2010,318,1000,13.43,625.07,556.47,110.94,0,10.14
102,2010,318,1100,13.39,1137,1032.5,199.36,0,14.04
102,2010,318,1200,13.32,2187.2,1940.8,359.05,.55,240.6
102,2010,318,1300,13.28,2444.4,2086.4,381.35,.716,365.7
102,2010,318,1400,13.25,2708.8,2347.9,435.2,.6,356.4
102,2010,318,1500,13.23,2537.6,2285.9,395.03,.683,426.5
102,2010,318,1600,13.24,718.82,703.04,117.68,.1,87.4
102,2010,318,1700,13.3,36.93,31.475,4.3661,0,6.039
102,2010,318,1800,13.36,72.419,61.254,10.504,0,9.3
102,2010,318,1900,13.02,80.397,70.944,14.173,0,5.863
102,2010,318,2000,12.95,2.9501,3.0197,1.7558,0,5.173
102,2010,318,2100,13.44,.15818,0,2.088,0,5.212
102,2010,318,2200,13.44,0,0,1.8666,0,5.206
102,2010,318,2300,13.45,0,0,2.1356,0,5.212
101,2010,318,2400,12.95,12922,11443,2125.1,2.649
102,2010,318,2400,13.46,.00791,0,1.8825,0,5.201
102,2010,319,100,13.47,0,0,2.278,0,5.218
102,2010,319,200,13.48,0,0,2.1039,0,5.218
102,2010,319,300,13.49,.05537,0,1.1785,0,5.235
102,2010,319,400,13.48,.15819,0,.81466,0,5.235
102,2010,319,500,13.48,0,0,1.0836,0,5.24
102,2010,319,600,13.48,.14237,.03897,.62484,0,5.224
102,2010,319,700,13.47,.20565,.04871,1.1785,0,5.229
102,2010,319,800,13.47,95.476,78.633,14.72,0,12.5
102,2010,319,900,13.43,543.27,481.77,88.626,.033,74.1
102,2010,319,1000,13.4,962.27,858.65,165.89,0,53.75
102,2010,319,1100,13.33,1856.2,1659.7,312.28,.583,186.9
102,2010,319,1200,13.27,2686.8,2322.4,429,1,418.4
102,2010,319,1300,13.25,2864.8,2462.2,443.7,.75,576.5
102,2010,319,1400,13.23,2616.8,2229.1,417.09,.633,382.9
102,2010,319,1500,13.24,1759.4,1624.6,292.76,.466,277.3
102,2010,319,1600,13.23,921.97,894.47,140.62,.25,138.6
102,2010,319,1700,13.25,1394.4,1419.3,235.32,.466,303.7
102,2010,319,1800,13.27,1223.4,1266.5,212.93,.833,436.2
102,2010,319,1900,13.29,212.1,213.37,34.882,.05,27.1
102,2010,319,2000,13.32,8.7635,10.744,2.792,0,6.16
102,2010,319,2100,13.37,0,0,4.8327,0,5.295
102,2010,319,2200,13.4,0,0,3.741,0,5.295
102,2010,319,2300,13.42,0,0,2.784,0,5.295
101,2010,319,2400,13.23,17146,15522,2813.1,5.065
102,2010,319,2400,13.43,.00791,0,1.8745,0,5.295
102,2010,320,100,13.09,0,0,2.2541,0,5.295
102,2010,320,200,13.45,.03164,0,2.1355,0,5.295
102,2010,320,300,13.45,0,0,1.5898,0,5.295
102,2010,320,400,13.46,.03164,0,1.6847,0,5.289
102,2010,320,500,13.46,.03164,0,1.4079,0,5.278
102,2010,320,600,13.46,.39547,0,.81468,0,5.267
102,2010,320,700,13.46,.21356,0,1.5819,0,5.3
102,2010,320,800,13.45,17.227,12.119,4.2,0,5.322
102,2010,320,900,13.44,161.29,130.92,28.87,0,6.899
102,2010,320,1000,13.43,364.64,314.32,62.797,0,7.7
102,2010,320,1100,13.4,666.24,587.45,112.2,0,10.77
102,2010,320,1200,13.36,1776,1566.8,299.72,.133,66.96
102,2010,320,1300,13.35,1128.9,1021.2,191.79,0,24.96
102,2010,320,1400,13.3,2207.3,1919.7,366.5,0,26.65
102,2010,320,1500,13.25,2589.4,2204,425.15,.783,241.8
102,2010,320,1600,13.23,1723.5,1539.8,281.61,.283,91.7
102,2010,320,1700,13.22,1475.8,1419.7,242.5,.683,251.7
102,2010,320,1800,13.25,972.4,964.63,168.29,.5,255.2
102,2010,320,1900,13.27,372.21,401.34,64.902,.483,217
102,2010,320,2000,12.83,2.7842,4.9,.6011,0,5.923
102,2010,320,2100,12.83,0,0,2.9187,0,5.295
102,2010,320,2200,12.77,0,0,2.8553,0,5.295
102,2010,320,2300,12.75,0,0,1.827,0,5.295
101,2010,320,2400,12.74,13458,12087,2270.5,2.866
102,2010,320,2400,12.74,0,0,2.2463,0,5.295
102,2010,321,100,12.73,0,0,2.1989,0,5.295
102,2010,321,200,12.73,0,0,1.9379,0,5.295
102,2010,321,300,12.73,0,0,2.5152,0,5.295
102,2010,321,400,12.72,0,0,1.7875,0,5.295
102,2010,321,500,12.71,0,0,2.1751,0,5.295
102,2010,321,600,12.71,0,0,1.8588,0,5.296
102,2010,321,700,12.7,.03164,0,2.4759,0,5.296
102,2010,321,800,12.7,205.71,181.29,33.239,.4,130.2
102,2010,321,900,12.71,805.75,772.17,141.29,.883,344.5
102,2010,321,1000,12.64,1415.9,1401.9,236.92,1,470.1
102,2010,321,1100,12.66,2605.6,2813.2,416.56,1,840
102,2010,321,1200,13.18,2064,1989.8,331.19,.516,354.1
102,2010,321,1300,13.11,3168.1,2658.1,493.59,.833,632.4
102,2010,321,1400,13.11,3029.9,2528.9,489.95,.716,443.6
102,2010,321,1500,13.11,3344.6,3095.4,539.11,1,745
102,2010,321,1600,13.11,2354.7,2421.6,377.89,.85,521.5
102,2010,321,1700,13.15,1004.8,1005.3,161.31,.55,187.3
102,2010,321,1800,13.16,788.88,764.16,133.2,.35,163.8
102,2010,321,1900,13.2,154.5,144.57,24.68,0,16.31
102,2010,321,2000,13.23,4.6351,7.6862,1.313,0,5.377
102,2010,321,2100,13.27,0,.57471,1.3999,0,5.355
102,2010,321,2200,13.3,0,0,.47458,0,5.355
102,2010,321,2300,13.32,0,0,1.9694,0,5.295
101,2010,321,2400,12.64,20947,19785,3401.6,8.1
102,2010,321,2400,13.35,0,0,2.5626,0,5.3
102,2010,322,100,13.37,0,0,2.4836,0,5.454
102,2010,322,200,13.38,0,0,1.7955,0,5.598
102,2010,322,300,13.4,0,0,3.2746,0,5.753
102,2010,322,400,13.4,0,0,2.452,0,5.466
102,2010,322,500,13.42,0,0,2.6655,0,5.45
102,2010,322,600,13.43,0,0,1.4553,0,5.428
102,2010,322,700,13.44,.05537,.01948,2.1594,0,5.483
102,2010,322,800,13.41,83.519,60.584,15.63,0,6.002
102,2010,322,900,13.4,400.82,346.09,71.209,0,10.84
102,2010,322,1000,13.36,788.01,708.85,140.44,.133,42.91
102,2010,322,1100,13.31,1438.3,1291.1,249.32,.4,121.8
102,2010,322,1200,13.25,2383.6,2092.7,399.25,.983,368.3
102,2010,322,1300,13.23,1025.4,917.31,172.56,.2,81.4
102,2010,322,1400,13.28,1147.3,1019.3,194.64,0,30.41
102,2010,322,1500,13.26,1560.7,1388.7,279.15,0,48.69
102,2010,322,1600,13.26,1449.5,1317,253.6,.15,40.22
102,2010,322,1700,13.26,1030.8,934.77,179.14,0,19.38
102,2010,322,1800,13.27,590.25,532.1,102.78,0,7.41
102,2010,322,1900,13.29,163.48,154.17,28.766,0,5.835
102,2010,322,2000,13.31,2.3727,6.5556,1.4237,0,5.394
102,2010,322,2100,13.32,0,1.3638,1.5345,0,5.295
102,2010,322,2200,13.33,.03955,1.091,2.4756,0,5.3
102,2010,322,2300,13.33,.11073,.18508,2.2146,0,5.311
101,2010,322,2400,13.23,12064,10772,2112.2,1.866
102,2010,322,2400,13.35,0,.06819,1.7558,0,5.449
102,2010,323,100,13.37,0,0,1.8903,0,5.41
102,2010,323,200,13.39,0,0,2.0881,0,5.256
102,2010,323,300,13.4,0,0,2.4757,0,5.212
102,2010,323,400,13.38,.09492,.16561,1.2972,0,5.251
102,2010,323,500,13.36,.1661,0,1.4633,0,5.234
102,2010,323,600,13.39,.06328,0,1.3446,0,5.261
102,2010,323,700,13.39,.64069,.31173,1.2418,0,5.361
102,2010,323,800,13.38,11.121,9.079,2.5706,0,6.238
102,2010,323,900,13.37,41.961,31.982,6.0113,0,6.563
102,2010,323,1000,13.38,302.18,245.79,46.278,0,18.63
102,2010,323,1100,13.33,711.84,623.33,119.35,0,13.32
102,2010,323,1200,13.35,843.91,748.88,151.66,0,8.53
102,2010,323,1300,13.33,763.8,686.19,138.12,0,5.791
102,2010,323,1400,13.33,556.05,501.19,98.085,0,10.51
102,2010,323,1500,13.29,1929,1676.1,330.65,.417,115.2
102,2010,323,1600,13.28,1496.3,1320.9,257.01,.133,80.9
102,2010,323,1700,13.28,1298.3,1218.6,219.22,.683,200.4
102,2010,323,1800,13.28,1291.6,1395.9,225.43,1,479.2
102,2010,323,1900,13.29,494.97,537.15,89.67,.833,269.2
102,2010,323,2000,13.32,9.1747,11.816,1.7954,0,7.67
102,2010,323,2100,13.38,0,.02922,3.4801,0,5.157
102,2010,323,2200,13.41,0,.01948,2.6734,0,5.135
102,2010,323,2300,13.43,0,0,1.6531,0,5.184
101,2010,323,2400,13.28,9751.2,9007.5,1708.6,3.065
102,2010,323,2400,13.44,0,0,3.1243,0,5.173
102,2010,324,100,13.46,0,0,2.4915,0,5.108
102,2010,324,200,13.47,0,0,2.2383,0,5.108
102,2010,324,300,13.49,.01582,0,2.6418,0,5.136
102,2010,324,400,13.5,0,0,2.8319,0,5.125
102,2010,324,500,13.5,0,0,2.4759,0,5.087
102,2010,324,600,13.51,0,0,2.2227,0,5.07
102,2010,324,700,13.52,0,0,1.9301,0,5.175
102,2010,324,800,13.5,199.65,171.85,31.49,.35,132.3
102,2010,324,900,13.46,873.12,857.28,148.52,.7,409.5
102,2010,324,1000,13.38,1934.2,2013.8,324.83,1,792
102,2010,324,1100,13.3,2535.9,2638.9,415.5,1,773
102,2010,324,1200,13.23,2916.4,2692.1,464.43,1,738
102,2010,324,1300,13.22,3364.2,2897.5,544.31,.933,642
102,2010,324,1400,13.2,2781,2410.4,453.73,.783,435.2
102,2010,324,1500,13.25,1212.4,1080.5,209.72,.067,42.32
102,2010,324,1600,13.28,1337.5,1195.3,232.71,.033,44.84
102,2010,324,1700,13.26,1342.9,1284.3,234.66,.783,182
102,2010,324,1800,13.27,976.61,931.37,167.89,.95,195.4
102,2010,324,1900,13.27,385.91,391.85,66.428,.483,152.1
102,2010,324,2000,13.3,6.8261,9.0987,1.2181,0,5.493
102,2010,324,2100,13.35,0,0,3.322,0,4.964
102,2010,324,2200,13.38,0,0,3.7016,0,4.964
102,2010,324,2300,13.4,0,.03897,3.2349,0,4.964
101,2010,324,2400,13.2,19867,18574,3324.2,8.08
102,2010,324,2400,13.42,0,0,1.6531,0,4.964
102,2010,325,100,13.44,0,0,3.6227,0,4.964
102,2010,325,200,13.44,0,0,2.4441,0,4.964
102,2010,325,300,13.45,0,0,3.1243,0,4.964
102,2010,325,400,13.47,0,0,2.1672,0,4.964
102,2010,325,500,13.48,0,0,2.6971,0,4.97
102,2010,325,600,13.49,0,0,2.4126,0,4.921
102,2010,325,700,13.5,.27685,0,2.5866,0,5.131
102,2010,325,800,13.5,171.21,149.39,24.434,.583,210.7
102,2010,325,900,13.46,888.83,916.35,155.9,1,622.9
102,2010,325,1000,13.38,1779.5,1926.4,304.31,1,786
102,2010,325,1100,13.29,2557.7,2741.6,409.3,1,863
102,2010,325,1200,13.24,3025.9,2840.6,478.31,1,822
102,2010,325,1300,13.2,3363.9,2912.4,534.89,.95,724
102,2010,325,1400,13.21,2495.1,2191.6,408.52,.583,404.3
102,2010,325,1500,13.2,2801.2,2692.9,472.96,.683,489.1
102,2010,325,1600,13.2,1957.5,2106.7,328.53,.566,417.7
102,2010,325,1700,13.2,2292.6,2577.5,403.82,1,677.2
102,2010,325,1800,13.21,1391.6,1508.9,252.89,1,583.7
102,2010,325,1900,13.23,452.5,501.48,85.704,.866,328.2
102,2010,325,2000,13.25,4.1134,7.8232,.45086,0,5.685
102,2010,325,2100,13.32,0,1.2371,2.3253,0,4.985
102,2010,325,2200,13.35,0,.01948,3.7492,0,4.964
102,2010,325,2300,13.37,0,0,4.4373,0,4.964
101,2010,325,2400,13.2,23182,23075,3893.2,10.23
102,2010,325,2400,13.39,0,0,3.5909,0,4.964
102,2010,326,100,13.42,0,0,1.7718,0,4.964
102,2010,326,200,13.44,0,0,2.1831,0,4.964
102,2010,326,300,13.45,0,0,3.2904,0,4.964
102,2010,326,400,13.47,.01582,0,2.3966,0,4.97
102,2010,326,500,13.48,0,0,2.0485,0,4.976
102,2010,326,600,13.49,0,0,1.7639,0,5.031
102,2010,326,700,13.49,.08701,0,2.3493,0,5.087
102,2010,326,800,13.49,171.19,153.58,24.387,.566,187.2
102,2010,326,900,13.44,901.88,941.38,159.5,1,629.2
102,2010,326,1000,13.37,1726.4,1864.6,295.09,1,755
102,2010,326,1100,13.29,2256.4,2300.6,367.41,1,711
102,2010,326,1200,13.25,2363.8,2154.8,375.14,.916,567.7
102,2010,326,1300,13.2,3084.4,2692,497.38,.733,526.4
102,2010,326,1400,13.19,2973.2,2557.6,484.77,.666,426.7
102,2010,326,1500,13.18,3236.6,3104,530.25,.933,671.2
102,2010,326,1600,13.2,1753.9,1743.6,307.07,.383,249.4
102,2010,326,1700,13.22,501.71,485.53,79.602,0,33.58
102,2010,326,1800,13.27,392.12,359.14,70.001,0,8.07
102,2010,326,1900,13.3,260.6,243.53,47.67,0,10.72
102,2010,326,2000,13.32,6.0108,8.8349,1.9931,0,4.991
102,2010,326,2100,13.37,0,0,3.0768,0,4.975
102,2010,326,2200,13.39,0,.01948,2.3095,0,4.969
102,2010,326,2300,13.4,0,0,2.3333,0,5.063
101,2010,326,2400,13.18,19628,18609,3266.9,7.2
102,2010,326,2400,13.42,0,0,3.1243,0,5.074
102,2010,327,100,13.44,0,0,3.0374,0,5.124
102,2010,327,200,13.44,0,0,2.7842,0,5.62
102,2010,327,300,13.45,.03955,0,2.0249,0,6.216
102,2010,327,400,13.47,.10282,.01948,2.7288,0,6.244
102,2010,327,500,13.47,.14237,0,2.3096,0,6.277
102,2010,327,600,13.47,.34801,.13638,2.5468,0,6.272
102,2010,327,700,13.47,.33219,0,2.2858,0,6.172
102,2010,327,800,13.47,72.877,52.369,14.387,0,6.371
102,2010,327,900,13.45,258.09,213.75,48.287,.017,22.92
102,2010,327,1000,13.44,233.12,205.32,41.329,0,10.75
102,2010,327,1100,13.41,685.43,602.33,118.78,0,17.36
102,2010,327,1200,13.35,1550.3,1370,269.15,.1,45.24
102,2010,327,1300,13.3,2106.2,1853.6,356.52,.333,79
102,2010,327,1400,13.25,2431.1,2097.1,406.41,.4,159
102,2010,327,1500,13.21,3135.9,1841.7,498.72,1,655
102,2010,327,1600,13.21,2355.9,938.11,389.81,.766,493.5
102,2010,327,1700,13.2,2319.9,862.19,406.12,.966,555.8
102,2010,327,1800,13.22,1302.6,558.17,233.06,.966,434.9
102,2010,327,1900,13.25,244.71,200.44,39.869,.2,69.35
102,2010,327,2000,12.85,11.58,13.064,3.0848,0,9.57
102,2010,327,2100,13.34,0,0,2.2068,0,5.267
102,2010,327,2200,13.37,0,.02922,3.0294,0,5.283
102,2010,327,2300,12.84,.03955,0,3.2982,0,5.283
101,2010,327,2400,12.76,16709,10808,2854.1,4.748
102,2010,327,2400,12.76,0,0,2.2938,0,5.377
102,2010,328,100,12.75,0,0,4.0419,0,5.603
102,2010,328,200,12.74,0,0,3.4961,0,5.416
102,2010,328,300,12.73,0,0,2.2859,0,5.957
102,2010,328,400,12.73,0,.14612,1.9616,0,5.615
102,2010,328,500,12.73,0,.15586,2.0169,0,5.61
102,2010,328,600,12.72,0,0,4.461,0,5.604
102,2010,328,700,12.72,0,0,2.4836,0,5.571
102,2010,328,800,12.72,60.319,43.467,11.192,0,12.76
102,2010,328,900,12.69,383.42,320.14,66.133,.1,31.09
102,2010,328,1000,12.69,442.45,399.95,72.853,0,11.61
102,2010,328,1100,12.67,1324.2,1089.9,226.32,.3,101.5
102,2010,328,1200,12.69,2547.5,1411.1,427.17,.9,419.2
102,2010,328,1300,13.17,2942.3,947.94,459.46,.766,552.8
102,2010,328,1400,13.11,2976.3,1092.5,471.12,.833,445.4
102,2010,328,1500,13.12,3051.5,1016.3,501.13,.85,520.2
102,2010,328,1600,13.11,2716.5,1014.3,456.83,.833,519.4
102,2010,328,1700,13.12,2015.6,936.6,351.34,.866,429.7
102,2010,328,1800,13.17,299.89,238.87,41.189,.083,48.78
102,2010,328,1900,12.88,103.76,103.72,16.081,0,13.55
102,2010,328,2000,12.8,5.3865,7.9882,3.7649,0,5.592
102,2010,328,2100,13.27,0,0,3.3772,0,5.322
102,2010,328,2200,13.31,0,0,2.8712,0,5.399
102,2010,328,2300,13.35,0,0,3.0373,0,5.592
101,2010,328,2400,12.67,18869,8623.1,3138.8,5.531
102,2010,328,2400,13.38,.01582,0,4.1923,0,5.874
102,2010,329,100,13.4,.06328,0,2.8396,0,5.747
102,2010,329,200,13.41,.03955,0,2.9186,0,6.172
102,2010,329,300,13.42,0,0,2.0802,0,6.161
102,2010,329,400,13.43,.1661,.17535,2.1039,0,6.416
102,2010,329,500,13.43,.24519,0,2.5073,0,6.366
102,2010,329,600,13.43,.45083,.00974,1.653,0,6.388
102,2010,329,700,13.43,.83839,.41887,1.8824,0,6.366
102,2010,329,800,13.42,136.18,77.433,22.898,.283,96.1
102,2010,329,900,13.39,710.72,447.95,123.29,.75,297.5
102,2010,329,1000,13.31,1555.9,717.23,263.17,.9,499.5
102,2010,329,1100,13.2,1984.1,832.49,326.24,.9,558.7
102,2010,329,1200,13.14,2603.9,1252,418.87,.866,528.1
102,2010,329,1300,13.12,3096.1,924.94,490.11,.866,574.7
102,2010,329,1400,13.1,2770.9,1008,432.25,.616,428.2
102,2010,329,1500,13.1,2967.2,932.89,486.62,.766,566.6
102,2010,329,1600,13.1,2730.9,1169.8,453.16,.85,461.6
102,2010,329,1700,13.12,1309.3,1137.7,218.88,.067,65.7
102,2010,329,1800,13.13,1501.4,809.15,265.17,.816,405.8
102,2010,329,1900,13.12,545.18,365.91,107.49,.833,268.6
102,2010,329,2000,13.13,28.73,28.652,5.988,.033,16.94
102,2010,329,2100,13.17,0,.37991,1.0598,0,5.294
102,2010,329,2200,13.17,0,0,2.7051,0,5.295
102,2010,329,2300,13.21,0,0,2.5231,0,5.311
101,2010,329,2400,13.1,21942,9705.1,3639.5,8.55
102,2010,329,2400,13.25,0,0,3.1005,0,5.752
102,2010,330,100,13.27,0,0,2.6972,0,6.232
102,2010,330,200,13.29,0,0,3.1877,0,6.133
102,2010,330,300,13.31,0,0,3.3063,0,6.486
102,2010,330,400,13.31,0,0,2.0802,0,6.123
102,2010,330,500,13.32,.07909,.12663,2.6417,0,5.946
102,2010,330,600,13.33,.01582,.09741,1.8824,0,5.599
102,2010,330,700,13.34,.50621,1.2956,1.3051,0,5.671
102,2010,330,800,13.33,77.228,56.607,13.375,0,6.834
102,2010,330,900,13.3,391.73,335.27,66.109,0,18.71
102,2010,330,1000,13.25,1106,752.02,190.29,.383,226.2
102,2010,330,1100,13.19,1506.3,1102.9,255.6,.533,206.9
102,2010,330,1200,13.12,3135.1,547.89,488.62,.983,823
102,2010,330,1300,13.12,3150.7,965.91,494.91,.85,631.1
102,2010,330,1400,13.1,3056,1062.4,489.43,.716,482.7
102,2010,330,1500,13.08,2893,1016,462.63,.8,470.7
102,2010,330,1600,13.06,1253.3,970.72,210.17,.25,122.6
102,2010,330,1700,13.06,2052.3,502.52,352.17,.966,607
102,2010,330,1800,13.06,1409.7,335.76,247.48,.916,582.7
102,2010,330,1900,13.14,176.46,140.97,26.303,.083,35.69
102,2010,330,2000,13.19,4.7698,7.5306,1.4712,0,5.376
102,2010,330,2100,13.19,0,0,1.1389,0,5.327
102,2010,330,2200,13.22,0,0,1.8903,0,5.3
102,2010,330,2300,13.22,0,2.1334,2.2147,0,5.289
101,2010,330,2400,13.06,20213,7800.2,3322.4,6.481
102,2010,330,2400,13.28,0,.04871,1.487,0,5.295
102,2010,331,100,13.29,.02373,.01948,1.8429,0,5.295
102,2010,331,200,13.31,.06328,.00974,2.2068,0,5.295
102,2010,331,300,13.31,0,0,3.0294,0,5.295
102,2010,331,400,13.33,0,0,2.0407,0,5.521
102,2010,331,500,13.27,.01582,0,2.0091,0,5.388
102,2010,331,600,13.29,.77517,.15587,1.9775,0,5.295
102,2010,331,700,13.3,.18984,.06819,2.0091,0,5.295
102,2010,331,800,13.11,61.579,45.953,10.552,0,10.23
102,2010,331,900,13.19,492.98,332.72,84.669,.267,156.2
102,2010,331,1000,13.17,224.47,201.01,36.803,.033,24.66
102,2010,331,1100,13.24,149.06,131.6,19.694,0,8.2
102,2010,331,1200,13.24,424.8,382.1,65.908,0,8.81
102,2010,331,1300,13.22,1992.6,1019.8,324.09,.516,191.5
102,2010,331,1400,13.11,3519.8,552.48,544.84,1,707
102,2010,331,1500,13.07,2745,676.02,431.45,.816,548.2
102,2010,331,1600,13.06,2672.1,650.95,425.65,.833,607.9
102,2010,331,1700,13.05,2107.4,1021.9,355.93,.85,478.4
102,2010,331,1800,13.06,1116.6,644.12,191.95,.883,310.9
102,2010,331,1900,13.08,425.85,235.42,79.414,.783,247.8
102,2010,331,2000,13.14,8.3137,10.697,1.6057,0,8.12
102,2010,331,2100,13.17,0,.46758,2.1434,0,5.294
102,2010,331,2200,13.21,0,0,2.6814,0,5.295
102,2010,331,2300,13.24,0,0,3.4564,0,5.306
101,2010,331,2400,13.05,15942,5905.5,2599.7,5.981
102,2010,331,2400,13.2,0,0,3.7175,0,5.46
102,2010,332,100,13.24,0,0,2.9345,0,5.295
102,2010,332,200,13.26,0,0,1.7876,0,5.389
102,2010,332,300,13.17,0,0,1.9774,0,6.012
102,2010,332,400,13.19,0,0,2.5152,0,5.334
102,2010,332,500,13.2,0,0,2.1197,0,5.207
102,2010,332,600,13.21,0,0,1.8271,0,5.23
102,2010,332,700,13.22,.11865,0,2.6341,0,5.467
102,2010,332,800,13.26,127.01,76.311,21.65,.35,131.8
102,2010,332,900,13.22,651.45,383.84,106.18,.816,378.5
102,2010,332,1000,13.15,1262.8,670.76,209.62,.633,367.6
102,2010,332,1100,13.1,2485.5,590,398.17,1,819
102,2010,332,1200,13.07,3024.2,513.48,466.95,1,832
102,2010,332,1300,13.05,2674.7,932.48,421.4,.666,458.5
102,2010,332,1400,13.02,2591.3,991,407.57,.6,381.5
102,2010,332,1500,12.73,2423.5,955.37,390.09,.616,339.8
102,2010,332,1600,13.07,719.74,656.45,127.38,0,24
102,2010,332,1700,12.94,1271.3,864.94,222.8,.417,190.5
102,2010,332,1800,12.99,474.46,439.58,76.698,0,11.27
102,2010,332,1900,13.02,106.42,103.69,16.27,0,5.746
102,2010,332,2000,13.05,5.3229,10.511,1.3604,0,5.35
102,2010,332,2100,13.08,.42712,1.3151,1.4079,0,5.311
102,2010,332,2200,13.08,.06328,.41889,1.6294,0,5.295
102,2010,332,2300,13.1,0,0,3.1875,0,5.339
101,2010,332,2400,12.73,17818,7190.2,2891.5,6.098
102,2010,332,2400,13.12,0,0,3.3221,0,5.328
102,2010,333,100,13.12,0,0,3.2273,0,5.328
102,2010,333,200,13.14,0,0,1.9142,0,6.012
102,2010,333,300,13.16,0,0,2.017,0,6.42
102,2010,333,400,13.17,.01582,0,1.8904,0,6.305
102,2010,333,500,13.18,0,0,1.4632,0,5.985
102,2010,333,600,13.2,0,0,1.2892,0,6.024
102,2010,333,700,13.2,0,0,2.3018,0,6.074
102,2010,333,800,13.28,148.64,65.62,19.759,.45,177.4
102,2010,333,900,13.11,898.71,259.32,156.73,1,666.9
102,2010,333,1000,13.22,1821,382.6,303.53,1,811
102,2010,333,1100,13.17,2523.9,513.55,404.54,1,839
102,2010,333,1200,13.14,2987.4,601.45,476.59,1,810
102,2010,333,1300,13.15,3287,669.1,515.56,.983,735
102,2010,333,1400,13.14,3030.6,814.31,476.61,.833,566.7
102,2010,333,1500,13.12,3277.4,772.48,530.21,1,670.2
102,2010,333,1600,13.1,2906,956.71,483.42,1,597.8
102,2010,333,1700,13.11,2306.7,693.22,397.15,1,614.1
102,2010,333,1800,13.13,1155.5,626.99,205.79,.516,248
102,2010,333,1900,12.79,116.09,104.92,23.05,0,7.54
102,2010,333,2000,13.27,5.7264,8.358,4.0179,0,5.294
102,2010,333,2100,13.31,.60113,1.5976,2.7446,0,5.295
102,2010,333,2200,13.32,.09492,.10716,2.0645,0,5.295
102,2010,333,2300,13.34,0,0,2.191,0,5.504
101,2010,333,2400,12.79,24465,6470.4,4021,9.78
102,2010,333,2400,13.37,0,0,2.9186,0,5.614
102,2010,334,100,13.39,.01582,0,2.5945,0,5.504
102,2010,334,200,13.4,0,0,3.1956,0,5.51
102,2010,334,300,13.41,0,0,2.6103,0,5.499
102,2010,334,400,13.42,0,0,3.6702,0,5.549
102,2010,334,500,13.42,0,0,3.4091,0,5.295
102,2010,334,600,13.43,.00791,0,2.8475,0,5.295
102,2010,334,700,13.44,.00791,0,1.4158,0,5.295
102,2010,334,800,12.74,106.63,70.4,16.42,.15,58.34
102,2010,334,900,12.72,846.64,287.31,149.71,1,580.3
102,2010,334,1000,12.71,1712,407.09,283.76,1,768
102,2010,334,1100,12.75,2462.7,531.26,394.21,1,826
102,2010,334,1200,12.77,3033.6,807.58,483.05,1,763
102,2010,334,1300,12.79,2809.8,1036.4,449.03,.8,503.7
102,2010,334,1400,12.8,1922.2,1219.4,321.14,.233,149.1
102,2010,334,1500,13.13,2355.2,1377.5,400.48,.533,259.3
102,2010,334,1600,13.13,714.68,642.79,116.79,0,25.67
102,2010,334,1700,13.16,749.49,548,125.04,.217,68.28
102,2010,334,1800,13.21,56.263,58.753,10.441,0,11.52
102,2010,334,1900,13.37,9.302,10.453,1.7085,0,4.313
102,2010,334,2000,13.38,1.2103,4.5788,1.3685,0,4.302
102,2010,334,2100,12.86,.47461,2.533,1.8984,0,4.263
102,2010,334,2200,13.42,.98875,1.1885,2.1911,0,4.197
102,2010,334,2300,13.43,.08701,.05845,1.7165,0,4.175
101,2010,334,2400,12.71,16781,7005.3,2780.5,5.931
102,2010,334,2400,13.44,.13447,0,1.8034,0,4.17
102,2010,335,100,13.44,.03164,.03897,2.2068,0,4.253
102,2010,335,200,13.45,0,.1169,2.0249,0,4.302
102,2010,335,300,13.45,.26893,0,3.0531,0,4.363
102,2010,335,400,13.46,.12655,0,2.5231,0,4.253
102,2010,335,500,13.47,.03955,0,2.5547,0,4.132
102,2010,335,600,13.47,.22938,.27277,1.2181,0,4.132
102,2010,335,700,13.47,1.8429,1.5197,3.5039,0,4.187
102,2010,335,800,13.45,100.72,70.302,19.212,0,13.45
102,2010,335,900,13.42,654.46,487.22,113.14,.466,150.1
102,2010,335,1000,13.36,1621.4,626.8,275.61,1,658.9
102,2010,335,1100,13.31,1658.8,1275.9,279.97,.433,251.6
102,2010,335,1200,13.23,2614.9,1408.4,417.61,1,436.1
102,2010,335,1300,13.21,2029.1,1053.4,316.25,.566,328.6
102,2010,335,1400,13.23,465.59,431.17,78.241,.133,42.83
102,2010,335,1500,12.84,152.72,141.28,25.556,0,12.99
102,2010,335,1600,12.88,150.48,134.27,19.442,0,9.37
102,2010,335,1700,13.37,137.28,119.56,18.287,0,4.688
102,2010,335,1800,13.39,188.23,166.19,30.366,0,4.627
102,2010,335,1900,13.39,104.32,97.78,18.462,0,4.517
102,2010,335,2000,13.39,9.4365,14.954,3.3222,0,4.528
102,2010,335,2100,13.4,.11865,2.2991,1.8035,0,4.511
102,2010,335,2200,13.4,.19775,.67221,2.0487,0,4.489
102,2010,335,2300,13.42,.14238,.53579,2.2147,0,4.407
101,2010,335,2400,12.84,9890.6,6034.1,1640.2,3.599
102,2010,335,2400,13.42,.12655,1.4223,1.5819,0,4.38
102,2010,336,100,13.43,.53785,.73062,1.8508,0,4.347
102,2010,336,200,13.43,.49039,.37992,1.5345,0,4.314
102,2010,336,300,13.42,.22147,.36043,1.9616,0,4.308
102,2010,336,400,13.42,.03955,0,2.444,0,4.303
102,2010,336,500,13.43,.04746,0,2.8712,0,4.303
102,2010,336,600,13.45,.03955,0,2.2781,0,4.303
102,2010,336,700,13.45,.3876,.14613,1.4713,0,4.303
102,2010,336,800,13.41,122.7,87.074,21.127,.05,33.64
102,2010,336,900,13.38,597.43,400.05,100.89,.683,242.4
102,2010,336,1000,13.36,1529.3,780.29,260.61,1,528.7
102,2010,336,1100,13.3,1402.8,1100.2,240.36,.533,182.8
102,2010,336,1200,13.26,1601.8,1285.3,264.76,.267,140.8
102,2010,336,1300,13.28,1501.3,1027.5,242.64,.183,106.1
102,2010,336,1400,13.2,3311.9,1141.8,521.8,.866,514.2
102,2010,336,1500,13.2,2271.6,1360.1,355.46,.333,231.9
102,2010,336,1600,13.22,2386.8,1091.6,397.26,.916,443.4
102,2010,336,1700,13.21,2274,779.82,387.39,1,623
102,2010,336,1800,13.23,1245.4,419.81,211.56,.966,469
102,2010,336,1900,13.25,453.76,209.91,84.417,.95,286.9
102,2010,336,2000,13.28,13.494,16.22,2.4283,0,9.35
102,2010,336,2100,12.74,.02373,.95468,1.0599,0,4.302
102,2010,336,2200,12.74,0,0,1.487,0,4.511
102,2010,336,2300,13.35,.31639,1.0326,2.539,0,4.572
101,2010,336,2400,12.74,18715,9703.9,3113,7.75
102,2010,336,2400,13.36,.33221,.53579,2.8,0,4.318
102,2010,337,100,13.36,.5616,.46762,2.5311,0,4.302
102,2010,337,200,13.37,.00791,0,1.7955,0,4.302
102,2010,337,300,13.38,0,0,2.5233,0,4.776
102,2010,337,400,13.39,0,0,2.2306,0,4.534
102,2010,337,500,13.4,.03164,.01948,2.2226,0,4.302
102,2010,337,600,13.41,.07909,.04871,1.6373,0,4.302
102,2010,337,700,13.41,.20565,.1169,1.7164,0,4.303
102,2010,337,800,13.4,104.71,75.478,18.88,0,11.94
102,2010,337,900,13.39,469.16,385.02,78.789,.033,78.6
102,2010,337,1000,13.38,1419.2,929.31,232.78,.983,385.3
102,2010,337,1100,13.33,1623.4,1360.8,259.71,.666,175.1
102,2010,337,1200,12.92,2247,1561.4,350.39,.9,310.3
102,2010,337,1300,13.25,2017.6,1033.7,311.7,.483,286.9
102,2010,337,1400,13.23,2783.9,1501.1,446.34,.7,283.8
102,2010,337,1500,13.23,1611.7,1319.3,269.41,.3,90.9
102,2010,337,1600,13.22,2445.6,1235.8,386.8,1,444.4
102,2010,337,1700,13.23,2073.8,805.32,342.06,1,522.1
102,2010,337,1800,13.22,1043.5,529.59,170.99,.516,269.3
102,2010,337,1900,13.26,156.28,147.36,20.226,0,33.07
102,2010,337,2000,13.3,8.5111,12.314,2.3255,0,5.757
102,2010,337,2100,13.34,0,.78901,3.0529,0,4.633
102,2010,337,2200,13.36,0,0,2.2701,0,4.633
102,2010,337,2300,13.39,0,0,2.3412,0,4.6
101,2010,337,2400,12.92,18005,10898,2916.1,6.581
102,2010,337,2400,13.41,0,0,3.4171,0,4.511
102,2010,338,100,13.43,0,0,3.251,0,4.456
102,2010,338,200,13.44,0,0,2.9979,0,4.506
102,2010,338,300,13.45,.00791,0,1.8984,0,4.429
102,2010,338,400,13.47,0,0,1.4158,0,4.319
102,2010,338,500,13.47,0,0,1.8825,0,4.303
102,2010,338,600,13.49,0,0,2.4836,0,4.33
102,2010,338,700,13.49,.33219,.04871,2.6417,0,4.391
102,2010,338,800,13.49,76.23,58.642,12.283,0,17.39
102,2010,338,900,13.47,592.7,289.56,100.39,.716,302.1
102,2010,338,1000,13.39,1635,472.07,275.01,1,723
102,2010,338,1100,13.32,2408.3,510.37,386.12,1,815
102,2010,338,1200,13.26,2962.3,548.43,459.32,1,812
102,2010,338,1300,13.24,3317.5,633.42,521.44,1,730
102,2010,338,1400,13.22,3212.6,892.54,502.78,.866,551.4
102,2010,338,1500,13.21,2936.3,812.16,479.4,.816,555.8
102,2010,338,1600,13.2,2694,875.25,449.32,.983,575.7
102,2010,338,1700,13.2,2154.3,659.38,371.14,.95,573.6
102,2010,338,1800,13.21,1320,412.49,234.69,1,512.5
102,2010,338,1900,13.23,461.49,225.88,86.594,.9,266
102,2010,338,2000,13.26,15.449,21.161,2.5788,0,10.69
102,2010,338,2100,13.3,0,.00974,.52994,0,4.461
102,2010,338,2200,13.34,.04745,.4773,2.5862,0,4.473
102,2010,338,2300,13.36,0,0,3.148,0,4.467
101,2010,338,2400,13.2,23787,6411.9,3907.9,10.23
102,2010,338,2400,13.38,0,0,3.9943,0,4.489
102,2010,339,100,13.4,0,0,4.7773,0,4.423
102,2010,339,200,13.42,0,0,3.8996,0,4.324
102,2010,339,300,13.43,0,0,3.5358,0,4.313
102,2010,339,400,13.45,0,0,1.9142,0,4.396
102,2010,339,500,13.46,0,0,1.7243,0,4.402
102,2010,339,600,13.48,0,0,2.2147,0,4.336
102,2010,339,700,12.8,0,0,2.2146,0,4.33
102,2010,339,800,12.76,113.21,73.576,18.793,.35,91.4
102,2010,339,900,13.45,697.26,360.43,125.16,1,419
102,2010,339,1000,13.37,1614.8,521.98,280.96,1,702
102,2010,339,1100,13.3,2260.3,723.14,370.34,1,718
102,2010,339,1200,13.24,2909.6,616.03,463.03,1,783
102,2010,339,1300,13.21,3184,658.27,495.35,1,698.8
102,2010,339,1400,13.2,3380.6,816.49,544,1,623.9
102,2010,339,1500,13.19,3197,710.87,524.68,1,672.1
102,2010,339,1600,13.19,2557.8,732.45,432.91,.95,597
102,2010,339,1700,13.2,1806.3,589.59,314.28,.85,502.3
102,2010,339,1800,13.2,1259.5,421.57,227.77,1,472
102,2010,339,1900,13.22,411.27,220.26,76.983,.716,193.2
102,2010,339,2000,13.25,10.371,14.955,1.3448,0,6.121
102,2010,339,2100,13.3,0,0,1.0519,0,4.632
102,2010,339,2200,13.34,0,.18508,2.3728,0,4.633
102,2010,339,2300,13.36,0,0,3.765,0,4.633
101,2010,339,2400,12.76,23402,6459.8,3907,10.86
102,2010,339,2400,13.38,0,0,3.9073,0,4.633
102,2010,340,100,13.39,0,0,3.8361,0,4.633
102,2010,340,200,13.4,0,0,2.8317,0,4.633
102,2010,340,300,13.42,0,0,3.9472,0,4.633
102,2010,340,400,13.44,0,0,2.3256,0,4.633
102,2010,340,500,13.45,0,0,3.5199,0,4.633
102,2010,340,600,13.45,0,0,2.7684,0,4.738
102,2010,340,700,13.46,.08701,0,2.5311,0,5.075
102,2010,340,800,13.46,112.53,82.707,21.008,0,34.78
102,2010,340,900,13.43,655.8,398.66,118.55,.983,328.2
102,2010,340,1000,13.37,1120.6,704.21,195.76,1,358.3
102,2010,340,1100,13.3,2009.2,1056.8,342.69,1,518.8
102,2010,340,1200,13.25,2645.7,1220,441.96,1,504.9
102,2010,340,1300,13.21,2265,1442.3,375.78,.7,257.1
102,2010,340,1400,13.18,1563.9,1276.7,267.44,.083,48.73
102,2010,340,1500,13.2,1393.4,1017.4,240.9,.167,119
102,2010,340,1600,13.2,1260.7,913.53,212.44,.3,125
102,2010,340,1700,13.2,1815.1,806.56,322.08,.733,376.7
102,2010,340,1800,13.23,556.67,506.68,97.361,0,31.4
102,2010,340,1900,13.24,212.68,200.57,35.303,0,6.187
102,2010,340,2000,13.26,7.8545,12.879,1.226,0,4.66
102,2010,340,2100,13.31,0,0,.8542,0,4.644
102,2010,340,2200,13.35,.09491,0,1.8825,0,4.98
102,2010,340,2300,13.37,.09492,.33122,2.2859,0,4.925
101,2010,340,2400,13.18,15619,9639.3,2701.1,5.964
102,2010,340,2400,13.38,0,0,1.8589,0,4.76
102,2010,341,100,13.41,.10283,.60401,2.1753,0,4.704
102,2010,341,200,13.41,.00791,0,2.1436,0,4.633
102,2010,341,300,13.42,.00791,0,2.2306,0,4.633
102,2010,341,400,13.43,0,0,1.843,0,4.633
102,2010,341,500,13.44,.01582,0,3.0611,0,4.633
102,2010,341,600,13.44,0,0,3.1797,0,4.633
102,2010,341,700,13.45,0,0,2.7605,0,4.843
102,2010,341,800,13.45,68.15,48.845,14.57,0,8.99
102,2010,341,900,13.42,437.38,335.38,77.295,.25,107.7
102,2010,341,1000,13.37,1194.8,756.67,202.86,1,326.8
102,2010,341,1100,13.31,1839.8,1017.3,307.28,1,487
102,2010,341,1200,13.24,2589.8,906.5,422.12,1,666.7
102,2010,341,1300,13.21,2675,1445.9,446.54,.8,391.9
102,2010,341,1400,13.2,1753.8,1311,298.21,.183,76.7
102,2010,341,1500,13.17,1974.7,1508.2,340.3,.25,106.6
102,2010,341,1600,13.17,1395.6,1056.4,238.47,.217,97.7
102,2010,341,1700,13.17,608.28,537.77,107.58,0,6.324
102,2010,341,1800,13.21,287.81,264.79,45.34,0,11.5
102,2010,341,1900,13.24,145.08,137.16,23.412,0,9.79
102,2010,341,2000,13.28,3.2507,8.7086,3.2665,0,4.616
102,2010,341,2100,13.32,6.4225,3.2536,4.7299,0,4.55
102,2010,341,2200,13.31,1.7007,2.8058,2.6895,0,4.489
102,2010,341,2300,13.35,.56951,.61374,3.2114,0,4.517
101,2010,341,2400,13.17,14983,9342.1,2558.8,4.698
102,2010,341,2400,13.36,1.0204,.06819,3.5042,0,4.517
102,2010,342,100,13.36,.3164,0,3.2035,0,4.506
102,2010,342,200,13.38,0,0,1.4791,0,4.567
102,2010,342,300,13.39,.01582,.34096,1.1469,0,4.589
102,2010,342,400,13.4,0,0,2.3887,0,4.661
102,2010,342,500,13.4,0,0,2.2305,0,4.738
102,2010,342,600,13.41,0,0,2.1988,0,4.617
102,2010,342,700,13.42,.09491,0,2.8948,0,4.601
102,2010,342,800,13.31,94.232,68.315,16.823,0,10.24
102,2010,342,900,13.41,588.84,412.67,98.868,.85,172.3
102,2010,342,1000,13.37,1124.9,719.64,193.63,1,319.6
102,2010,342,1100,13.31,1726.6,1019.9,290.94,1,418.8
102,2010,342,1200,13.28,1408.3,1159,232.3,.367,110.3
102,2010,342,1300,13.26,1028.1,809.05,174.03,.183,64.81
102,2010,342,1400,13.28,396.7,368.93,70.402,0,30.78
102,2010,342,1500,13.3,152.73,139.47,26.504,0,20.05
102,2010,342,1600,13.39,79.167,67.664,7.9807,0,4.616
102,2010,342,1700,13.42,218.63,186.96,31.19,0,5.085
102,2010,342,1800,13.42,252.58,227.29,38.56,0,7.41
102,2010,342,1900,13.42,45.702,49.449,8.0917,0,7.67
102,2010,342,2000,13.43,1.5424,6.9461,1.321,0,4.749
102,2010,342,2100,13.44,.46669,3.6825,.70399,0,4.787
102,2010,342,2200,13.45,.48251,3.1564,1.2419,0,4.721
102,2010,342,2300,13.46,.91755,2.416,1.5108,0,4.732
101,2010,342,2400,13.26,7120.9,5246.9,1211.6,3.399
102,2010,342,2400,13.46,.60906,1.9094,1.9142,0,4.727
102,2010,343,100,13.46,.7277,1.5295,1.5978,0,4.787
102,2010,343,200,13.46,.86217,1.4418,1.6373,0,4.743
102,2010,343,300,13.47,.65651,.6527,1.4633,0,4.705
102,2010,343,400,13.47,.41921,.33122,1.843,0,4.788
102,2010,343,500,13.48,.83842,.85726,1.1864,0,4.821
102,2010,343,600,13.48,1.4396,.88649,1.139,0,4.821
102,2010,343,700,13.47,.52995,.52605,1.2418,0,4.81
102,2010,343,800,13.47,30.792,21.149,5.4181,0,4.843
102,2010,343,900,13.46,171.82,127.46,28.95,0,4.843
102,2010,343,1000,13.44,281.97,232.22,46.605,0,6.343
102,2010,343,1100,13.41,730.61,640.67,123.72,0,5.758
102,2010,343,1200,13.37,1262.4,1077.8,215.71,0,14.75
102,2010,343,1300,13.35,1060,933.15,181.49,0,8.55
102,2010,343,1400,13.34,1088.4,969.02,186.76,0,5.642
102,2010,343,1500,13.31,1611.6,1307.2,271.56,.2,67.67
102,2010,343,1600,13.27,2457.2,1327.2,405.33,.95,387.9
102,2010,343,1700,13.27,2053.9,1127.5,353.65,.883,382.4
102,2010,343,1800,13.29,1164.9,719.06,203.78,.966,306.8
102,2010,343,1900,13.3,369.53,233.24,65.445,.716,161.6
102,2010,343,2000,13.33,7.5139,11.329,1.9931,0,5.995
102,2010,343,2100,13.38,0,0,1.9616,0,5.289
102,2010,343,2200,13.41,.10283,.29226,2.2464,0,5.261
102,2010,343,2300,13.43,.11865,.01948,1.6057,0,5.272
101,2010,343,2400,13.27,12296,8733.5,2108.3,3.715
102,2010,343,2400,13.45,.03164,0,1.938,0,5.118
102,2010,344,100,13.46,.39549,.22406,1.7718,0,5.014
102,2010,344,200,13.46,.94918,1.0911,1.8825,0,5.003
102,2010,344,300,13.47,.57742,.80857,1.5187,0,4.997
102,2010,344,400,13.47,.52204,.00974,1.2181,0,4.992
102,2010,344,500,13.47,1.3209,.7014,1.5582,0,4.992
102,2010,344,600,13.47,.54577,.29225,2.4678,0,4.975
102,2010,344,700,13.47,.75142,0,1.313,0,4.937
102,2010,344,800,13.47,119.21,78.732,19.956,.15,51.02
102,2010,344,900,13.44,511.84,405.49,83.187,.35,136.1
102,2010,344,1000,13.39,1179.8,771.41,192.01,.666,263.3
102,2010,344,1100,13.32,2102.4,932.01,330.92,1,647.9
102,2010,344,1200,13.28,2735.8,683.67,414.59,1,719
102,2010,344,1300,13.27,1526.6,834.22,233.52,.317,217.9
102,2010,344,1400,13.22,2408.4,1227.3,374.95,.45,270.3
102,2010,344,1500,13.21,1825,963.7,272.08,.333,193.5
102,2010,344,1600,13.22,1858.7,1067.6,296.99,.533,238.9
102,2010,344,1700,13.26,778.36,606.55,121.47,.25,111.3
102,2010,344,1800,13.28,1004.7,559.71,171.22,.85,273.3
102,2010,344,1900,13.29,281.08,197.86,43.797,.217,81.9
102,2010,344,2000,13.32,6.2881,11.534,.46666,0,5.294
102,2010,344,2100,13.35,0,.00974,1.2022,0,5.295
102,2010,344,2200,13.38,.02373,.00974,2.2463,0,5.295
102,2010,344,2300,13.4,0,0,2.982,0,5.295
101,2010,344,2400,13.21,16343,8342.9,2575.9,6.114
102,2010,344,2400,13.42,0,0,2.5707,0,5.295
102,2010,345,100,13.44,.02373,0,3.2036,0,5.267
102,2010,345,200,13.46,.14238,0,2.7685,0,5.278
102,2010,345,300,13.47,.03955,0,1.6294,0,5.218
102,2010,345,400,13.48,.12655,.1169,1.6768,0,5.196
102,2010,345,500,13.48,.45085,.2338,1.3288,0,5.169
102,2010,345,600,13.48,.15028,.14612,1.3051,0,5.102
102,2010,345,700,13.48,.03164,0,1.7717,0,5.08
102,2010,345,800,13.47,66.899,47.344,11.856,0,5.488
102,2010,345,900,13.45,358.6,292.04,58.477,0,7.28
102,2010,345,1000,13.42,641.69,571.93,108.17,0,5.631
102,2010,345,1100,13.38,1139.7,982.04,186.53,.1,50.67
102,2010,345,1200,13.3,2723.8,1362.1,427.61,.783,479.6
102,2010,345,1300,13.25,2603.7,896.37,389.71,.766,492.4
102,2010,345,1400,13.21,3468.7,1284.3,529.38,.883,493.2
102,2010,345,1500,13.21,3344.4,1284.1,521.97,.816,424
102,2010,345,1600,13.24,1217.3,973.43,191.32,.117,67.94
102,2010,345,1700,13.32,311.28,293.94,49.608,0,29.06
102,2010,345,1800,13.35,294.32,257.97,48.258,0,5.973
102,2010,345,1900,13.37,118.5,107.05,19.6,0,5.295
102,2010,345,2000,13.39,12.22,15.353,3.583,0,5.295
102,2010,345,2100,13.41,.01582,1.3248,1.748,0,5.295
102,2010,345,2200,13.43,0,0,1.9142,0,5.289
102,2010,345,2300,13.44,0,0,2.5471,0,5.278
101,2010,345,2400,13.21,16302,8369.8,2568.8,3.465
102,2010,345,2400,13.44,0,0,2.7922,0,5.284
102,2010,346,100,13.46,0,0,2.3255,0,5.278
102,2010,346,200,13.47,0,0,1.7243,0,5.207
102,2010,346,300,13.47,.00791,0,1.5187,0,5.152
102,2010,346,400,13.48,0,0,1.6135,0,5.108
102,2010,346,500,13.49,.2531,.02922,1.9141,0,5.091
102,2010,346,600,13.49,.00791,0,1.5344,0,5.135
102,2010,346,700,13.48,.19774,.1169,1.8745,0,5.097
102,2010,346,800,13.49,87.344,62.725,14.205,0,22.48
102,2010,346,900,13.45,405.34,341.79,60.635,0,63.43
102,2010,346,1000,13.4,1290.7,896.78,212.98,.883,294.3
102,2010,346,1100,13.35,1691.9,1186.3,255.62,.916,317.9
102,2010,346,1200,13.32,1716.2,1155.7,256.83,.516,245.7
102,2010,346,1300,13.3,1466.2,1296.9,230.32,.033,29.31
102,2010,346,1400,13.29,732.25,670.77,114.25,0,19.72
102,2010,346,1500,13.3,682.29,607.33,109.38,.1,53.81
102,2010,346,1600,13.36,712.99,623.13,97.523,0,10.95
102,2010,346,1700,13.35,652.06,581.21,101.09,0,5.295
102,2010,346,1800,13.35,558.55,501.08,91.665,0,5.295
102,2010,346,1900,13.35,282.22,254.87,49.754,0,5.465
102,2010,346,2000,13.37,12.591,17.076,4.7455,0,5.261
102,2010,346,2100,13.39,.41921,1.1008,4.3582,0,5.079
102,2010,346,2200,13.42,.11074,.01948,2.8476,0,5.057
102,2010,346,2300,13.44,.08701,0,2.5154,0,5.013
101,2010,346,2400,13.29,10292,8197,1623.4,2.449
102,2010,346,2400,13.46,.04746,.06819,2.1673,0,5.074
102,2010,347,100,13.47,.26102,.14613,2.1515,0,5.086
102,2010,347,200,13.47,.27684,0,2.5548,0,5.157
102,2010,347,300,13.49,.14237,0,1.4633,0,5.036
102,2010,347,400,13.49,.13446,.02922,1.9457,0,5.069
102,2010,347,500,13.49,.05537,.02922,1.3367,0,5.086
102,2010,347,600,13.49,.03164,.52603,1.1548,0,5.069
102,2010,347,700,13.49,.37966,.41888,1.5423,0,5.069
102,2010,347,800,13.49,51.325,36.677,8.3287,0,6.117
102,2010,347,900,13.47,271.2,212.33,39.287,0,9.4
102,2010,347,1000,13.45,520.96,468.87,82.05,0,10.23
102,2010,347,1100,13.38,1409.7,959.09,217.46,.317,207.6
102,2010,347,1200,13.33,1917.9,1181.6,295.56,.716,329.1
102,2010,347,1300,13.29,1986.6,1606,301.03,.25,118.7
102,2010,347,1400,13.23,3178.9,1441.6,473.96,.666,416.8
102,2010,347,1500,13.23,1587.5,1161.3,233.17,.15,93.6
102,2010,347,1600,13.27,1100.6,907.73,173.13,.1,59.66
102,2010,347,1700,13.28,603.19,559.45,93.472,0,22.46
102,2010,347,1800,13.32,509.24,418.07,77.297,.2,87.1
102,2010,347,1900,13.35,238.9,227.76,37.725,0,47.92
102,2010,347,2000,13.38,15.494,18.751,4.3896,0,7.95
102,2010,347,2100,13.41,0,.09742,2.9267,0,5.283
102,2010,347,2200,13.44,0,.00974,3.3618,0,5.261
102,2010,347,2300,13.46,0,0,2.2464,0,5.13
101,2010,347,2400,13.23,13393,9200.5,2059.9,2.399
102,2010,347,2400,13.47,0,0,2.3175,0,4.986
102,2010,348,100,13.48,0,0,2.5627,0,5.036
102,2010,348,200,13.5,0,0,2.9581,0,5.014
102,2010,348,300,13.51,0,0,2.4994,0,5.042
102,2010,348,400,13.52,0,0,2.6182,0,4.987
102,2010,348,500,13.53,.07119,.02923,2.1832,0,5.009
102,2010,348,600,13.54,.02373,0,2.3018,0,5.054
102,2010,348,700,12.87,.26103,0,1.9775,0,5.004
102,2010,348,800,13.54,114.23,54.809,16.192,.45,155
102,2010,348,900,13.5,796.06,231.24,129.56,1,625
102,2010,348,1000,13.43,1668.8,330.24,264.66,1,789
102,2010,348,1100,13.35,2425.3,357.53,370.64,1,855
102,2010,348,1200,13.29,2948.3,467.12,435.27,1,821
102,2010,348,1300,13.24,3635.1,594.05,531.01,1,812
102,2010,348,1400,13.21,3087.8,1006.4,455.99,.733,496.6
102,2010,348,1500,13.19,3195.8,937.75,487.18,.833,568.7
102,2010,348,1600,13.19,3011.4,691.83,460.93,.95,616.4
102,2010,348,1700,13.2,2088.4,764.57,331.07,.7,459.4
102,2010,348,1800,13.22,990.64,317.4,155.55,.583,345.6
102,2010,348,1900,13.25,625.86,147.44,111.32,1,447.6
102,2010,348,2000,13.27,31.768,22.271,7.7758,.183,50.36
102,2010,348,2100,12.82,0,0,1.044,0,5.294
102,2010,348,2200,12.82,0,0,1.4713,0,5.295
102,2010,348,2300,13.4,0,0,4.8728,0,5.295
101,2010,348,2400,12.82,24620,5922.8,3784.8,10.43
102,2010,348,2400,13.42,0,.1169,3.1481,0,5.273
102,2010,349,100,13.42,0,.15587,3.5751,0,5.29
102,2010,349,200,13.47,0,0,2.618,0,5.213
102,2010,349,300,13.47,0,0,3.2428,0,5.18
102,2010,349,400,13.49,0,.3994,3.0451,0,5.219
102,2010,349,500,13.48,.0791,.95468,.80678,0,5.241
102,2010,349,600,13.48,.24519,1.0034,1.1706,0,5.246
102,2010,349,700,13.47,.4271,1.5099,1.653,0,5.263
102,2010,349,800,13.46,13.612,10.715,3.0609,0,5.29
102,2010,349,900,13.44,174.46,132.76,30.072,0,14.05
102,2010,349,1000,13.39,1299.3,708.6,212.96,.783,401.2
102,2010,349,1100,13.33,2252.5,601.31,356.03,1,763
102,2010,349,1200,13.27,2403.4,1252.7,371.87,.8,501.7
102,2010,349,1300,13.23,2685.2,1512.2,417.26,.833,362
102,2010,349,1400,13.23,1932.6,1449.1,296.04,.2,81.8
102,2010,349,1500,13.2,3273.3,784.61,505.19,.933,641.8
102,2010,349,1600,13.2,2056.3,740.59,309.09,.616,352.5
102,2010,349,1700,12.84,2203.9,876.84,360.96,.783,438.2
102,2010,349,1800,13.21,265.95,250.29,42.335,0,14.88
102,2010,349,1900,13.29,474.42,229.32,83.407,.783,264.5
102,2010,349,2000,13.3,24.194,21.586,4.8246,.083,21.2
102,2010,349,2100,13.36,0,0,4.0814,0,5.295
102,2010,349,2200,13.39,0,0,2.7686,0,5.295
102,2010,349,2300,13.42,0,0,2.7765,0,5.289
101,2010,349,2400,12.84,19060,8574.6,3022.3,6.814
102,2010,349,2400,13.44,0,0,3.4645,0,5.284
102,2010,350,100,13.47,0,0,2.9107,0,5.185
102,2010,350,200,13.48,0,0,3.4406,0,5.152
102,2010,350,300,13.5,0,0,4.8012,0,5.142
102,2010,350,400,13.51,0,0,2.4679,0,5.092
102,2010,350,500,13.52,0,0,3.2985,0,5.048
102,2010,350,600,13.53,0,0,2.8634,0,5.015
102,2010,350,700,13.52,.41132,.36045,2.2702,0,5.042
102,2010,350,800,13.51,21.579,16.552,6.3281,0,5.076
102,2010,350,900,13.48,351.75,272.91,57.851,.083,35.79
102,2010,350,1000,13.41,1433.5,685.88,233.06,1,553.1
102,2010,350,1100,12.8,2280.3,560.35,357.74,1,798
102,2010,350,1200,12.79,2920.3,509.48,454.45,1,820
102,2010,350,1300,12.79,3291.8,558.76,504.88,1,750
102,2010,350,1400,12.8,3401.9,589.84,510.96,1,681.3
102,2010,350,1500,12.82,3175,653.19,480.85,.983,636.3
102,2010,350,1600,13.18,2872.2,729.4,448.47,.966,628.9
102,2010,350,1700,13.21,2283,448.01,364.3,1,650.7
102,2010,350,1800,13.22,1440.7,334.25,235.49,1,538.7
102,2010,350,1900,13.23,568.19,202.19,96.987,1,345.9
102,2010,350,2000,13.25,26.152,24.074,4.4536,.1,23.1
102,2010,350,2100,13.31,0,.26303,.71974,0,5.294
102,2010,350,2200,13.35,0,0,2.1988,0,5.295
102,2010,350,2300,13.38,0,0,3.7176,0,5.295
101,2010,350,2400,12.79,24067,5585.5,3788.5,10.13
102,2010,350,2400,13.4,0,0,3.9789,0,5.295
102,2010,351,100,13.42,0,0,3.2748,0,5.295
102,2010,351,200,13.45,0,0,3.4645,0,5.262
102,2010,351,300,13.47,0,0,4.6429,0,5.262
102,2010,351,400,13.49,0,0,2.705,0,5.23
102,2010,351,500,13.51,0,0,2.8635,0,5.197
102,2010,351,600,13.51,0,0,3.8839,0,5.103
102,2010,351,700,13.52,.16611,0,2.4758,0,5.114
102,2010,351,800,13.52,81.821,47.745,13.178,.267,84.8
102,2010,351,900,13.49,559.43,234.68,92.508,.883,435.7
102,2010,351,1000,13.42,1407,428.07,228.68,1,626.1
102,2010,351,1100,13.33,2283.1,450.96,358.75,1,810
102,2010,351,1200,13.28,2884.2,472.72,436.94,1,816
102,2010,351,1300,13.23,3316,468.24,493.87,1,772
102,2010,351,1400,13.21,3453,457.11,514.16,1,719
102,2010,351,1500,13.18,3314.5,476.09,500.31,1,707
102,2010,351,1600,13.18,2956.6,598.28,455.92,1,650.5
102,2010,351,1700,13.18,1912.8,636.27,299.71,.866,456.5
102,2010,351,1800,13.19,541.14,434.59,80.748,.083,69.67
102,2010,351,1900,13.22,283.83,248.84,44.534,.05,44.97
102,2010,351,2000,13.25,21.351,23.792,3.1642,0,7.37
102,2010,351,2100,13.28,0,0,.43503,0,5.294
102,2010,351,2200,13.31,0,0,1.3524,0,5.294
102,2010,351,2300,13.35,0,0,2.1751,0,5.295
101,2010,351,2400,13.18,23015,4977.4,3553.5,9.15
102,2010,351,2400,13.37,0,0,3.8048,0,5.295
102,2010,352,100,13.4,0,0,3.4568,0,5.295
102,2010,352,200,13.42,0,0,4.0579,0,5.295
102,2010,352,300,13.44,0,0,2.7131,0,5.295
102,2010,352,400,13.47,0,0,2.8079,0,5.262
102,2010,352,500,13.49,0,0,4.2789,0,5.257
102,2010,352,600,13.49,0,0,2.4283,0,5.147
102,2010,352,700,13.5,0,0,2.5708,0,5.147
102,2010,352,800,13.5,71.706,53.914,14.491,0,12.41
102,2010,352,900,13.47,493.74,365.39,81.225,.466,153.4
102,2010,352,1000,12.86,1604.2,521.6,262.31,1,735
102,2010,352,1100,13.34,1890.1,835.55,299.7,.983,561.8
102,2010,352,1200,13.27,2224.6,1148.8,350.91,.633,372.3
102,2010,352,1300,13.21,3208,736.54,474.57,1,713
102,2010,352,1400,13.19,2725,1242.5,411.01,.766,340.5
102,2010,352,1500,13.17,2336.6,1386.4,358.67,.533,226.6
102,2010,352,1600,12.88,1811.9,1294.9,280.78,.466,178
102,2010,352,1700,13.19,2039.6,654.51,328.79,.883,514.3
102,2010,352,1800,13.19,1379.8,465.58,219.39,.866,442.4
102,2010,352,1900,13.2,588.6,314.7,97.919,.933,263.7
102,2010,352,2000,13.22,17.386,20.906,1.6769,0,10.38
102,2010,352,2100,13.28,0,1.2567,.87006,0,5.294
102,2010,352,2200,13.32,0,0,1.566,0,5.294
102,2010,352,2300,13.35,0,0,3.6622,0,5.295
101,2010,352,2400,12.86,20391,9042.5,3211.7,8.53
102,2010,352,2400,13.37,0,0,1.8826,0,5.295
102,2010,353,100,13.39,0,0,1.938,0,5.295
102,2010,353,200,13.4,0,0,2.033,0,5.295
102,2010,353,300,13.42,0,0,2.1436,0,5.289
102,2010,353,400,13.44,0,0,2.4916,0,5.279
102,2010,353,500,13.45,0,0,2.2384,0,5.279
102,2010,353,600,13.47,0,0,3.1401,0,5.246
102,2010,353,700,13.47,0,0,1.8903,0,5.174
102,2010,353,800,13.48,76.459,56.664,13.841,0,8.8
102,2010,353,900,13.45,567.24,391.13,97.736,.283,157
102,2010,353,1000,13.38,1159.7,772.06,192.1,.9,299.7
102,2010,353,1100,13.31,1998.7,734.54,318.24,1,638.7
102,2010,353,1200,13.25,2773.2,717.37,430.08,1,746
102,2010,353,1300,13.21,3198.7,774.75,487.43,1,680.9
102,2010,353,1400,13.19,2890.4,837.32,450.03,.8,493.2
102,2010,353,1500,13.19,2406.9,888.55,371.68,.75,382.1
102,2010,353,1600,13.19,2071,1051.1,334.45,.616,326.7
102,2010,353,1700,13.18,1751.4,788.67,284.8,.833,413.7
102,2010,353,1800,13.19,943.46,476.85,154.59,.733,295.5
102,2010,353,1900,13.21,411.11,259.31,66.468,.367,143.8
102,2010,353,2000,13.24,22.466,26.208,3.2829,0,11.41
102,2010,353,2100,13.28,0,.02922,.18192,0,5.294
102,2010,353,2200,13.32,0,0,.72762,0,5.294
102,2010,353,2300,13.35,0,0,2.9661,0,5.295
101,2010,353,2400,13.18,20271,7774.9,3228.1,8.28
102,2010,353,2400,13.37,0,.28251,3.5675,0,5.295
102,2010,354,100,13.39,0,0,2.5787,0,5.295
102,2010,354,200,13.41,0,0,2.4996,0,5.295
102,2010,354,300,13.43,0,0,2.8001,0,5.284
102,2010,354,400,13.45,0,0,3.6147,0,5.279
102,2010,354,500,13.47,0,0,4.2394,0,5.296
102,2010,354,600,13.48,0,0,3.2112,0,5.296
102,2010,354,700,13.49,0,0,2.0565,0,5.241
102,2010,354,800,13.49,72.49,54.002,13.693,0,22.88
102,2010,354,900,13.46,542.53,352.93,78.757,.55,219.8
102,2010,354,1000,13.38,1267.6,613.59,178.78,1,500
102,2010,354,1100,13.3,1808.5,886.21,244.06,1,544.3
102,2010,354,1200,13.25,2533.8,863.64,329.74,1,680.1
102,2010,354,1300,13.22,3039.5,891.26,386.5,1,658.3
102,2010,354,1400,13.21,3176.7,897.79,404.18,1,565.4
102,2010,354,1500,13.19,2397.6,1378.2,308.22,.85,323.4
102,2010,354,1600,13.2,1670.3,1278.5,221.84,.267,107.4
102,2010,354,1700,13.2,936.62,818.96,123.16,0,29.39
102,2010,354,1800,13.22,603.37,531.5,78.876,0,45.69
102,2010,354,1900,13.24,296.42,256.54,41.364,0,59.84
102,2010,354,2000,13.25,17.07,24.015,2.3493,0,6.33
102,2010,354,2100,13.3,0,.19483,1.6847,0,5.294
102,2010,354,2200,13.32,0,0,1.9377,0,5.295
102,2010,354,2300,13.33,0,0,1.3603,0,5.295
101,2010,354,2400,13.19,18363,8847.3,2439.7,6.664
102,2010,354,2400,13.35,0,0,2.2463,0,5.295
102,2010,355,100,13.37,0,0,3.1402,0,5.295
102,2010,355,200,13.39,0,0,2.5075,0,5.295
102,2010,355,300,13.4,0,0,2.7923,0,5.295
102,2010,355,400,13.41,0,0,2.9109,0,5.295
102,2010,355,500,13.43,0,0,2.5707,0,5.295
102,2010,355,600,13.42,0,0,2.112,0,5.295
102,2010,355,700,13.42,.01582,0,2.3334,0,5.295
102,2010,355,800,13.43,40.973,29.236,8.0365,0,8.09
102,2010,355,900,13.41,341.59,268.32,50.845,0,47.16
102,2010,355,1000,13.38,697.95,589.13,97.12,.183,68.7
102,2010,355,1100,13.32,1675.2,1015.9,230.45,1,375.6
102,2010,355,1200,13.27,2340.3,1249.4,306.63,1,504.1
102,2010,355,1300,13.23,2575.9,1344,331.03,.983,431.9
102,2010,355,1400,13.21,2814,1244.1,370.59,.966,417.5
102,2010,355,1500,13.17,1846.8,1235.8,240.76,.466,122.9