,13.21,0,3416.8,446.93,1,744
102,2012,2,1700,13.22,0,2575.1,373.53,.983,667.6
102,2012,2,1800,13.23,0,1663.4,269.88,1,567.7
102,2012,2,1900,13.25,0,718.88,125.75,.966,355
102,2012,2,2000,13.27,0,59.41,9.6823,.05,25.47
102,2012,2,2100,13.32,0,0,1.8429,0,1.009
102,2012,2,2200,13.35,0,0,3.1958,0,.993
102,2012,2,2300,13.38,0,0,5.7671,0,.943
101,2012,2,2400,13.21,1229.7,26380,3665.8,11.2
102,2012,2,2400,13.4,0,0,5.7827,0,.938
102,2012,3,100,13.42,0,0,4.944,0,.932
102,2012,3,200,13.44,0,0,3.9392,0,.86
102,2012,3,300,13.46,0,0,4.2397,0,.855
102,2012,3,400,13.48,0,0,5.6949,0,.905
102,2012,3,500,13.49,0,0,2.3571,0,.805
102,2012,3,600,13.51,0,0,3.4331,0,.783
102,2012,3,700,13.52,0,0,3.5754,0,.817
102,2012,3,800,13.52,0,45.769,10.734,.1,30.14
102,2012,3,900,13.5,0,539.13,80.779,1,390.3
102,2012,3,1000,13.4,0,1263.2,174.39,1,581.6
102,2012,3,1100,13.32,0,2245.9,298.58,1,747
102,2012,3,1200,13.26,0,3033.4,383.06,1,778
102,2012,3,1300,13.23,0,3169.6,434.79,.966,697
102,2012,3,1400,13.21,0,2638.5,384.97,.766,474
102,2012,3,1500,12.81,0,3164.5,460.17,.9,562.9
102,2012,3,1600,12.8,0,2581.4,358.96,.816,457.7
102,2012,3,1700,12.8,0,1967.9,287.95,.916,408.4
102,2012,3,1800,12.79,0,1350.2,220.22,1,385.6
102,2012,3,1900,12.79,0,634.96,109.1,.933,239.3
102,2012,3,2000,12.86,0,92.398,17.181,.183,40.7
102,2012,3,2100,12.79,0,0,.97288,0,1.655
102,2012,3,2200,12.77,0,0,1.068,0,1.655
102,2012,3,2300,12.77,0,0,1.8512,0,1.605
101,2012,3,2400,12.76,0,22727,3255.1,10.58
102,2012,3,2400,12.76,0,0,2.136,0,1.539
102,2012,4,100,12.75,0,0,3.0614,0,1.417
102,2012,4,200,12.74,0,0,3.3303,0,1.357
102,2012,4,300,12.74,0,0,3.6862,0,1.324
102,2012,4,400,12.73,0,0,1.8273,0,1.324
102,2012,4,500,12.72,0,0,1.669,0,1.324
102,2012,4,600,12.72,187.12,0,2.4836,0,1.324
102,2012,4,700,12.72,355.31,0,2.895,0,1.335
102,2012,4,800,12.71,110.95,40.429,8.3606,0,12.5
102,2012,4,900,12.71,52.411,535.26,76.599,.866,310.9
102,2012,4,1000,13.38,0,1319.9,187.58,1,594
102,2012,4,1100,13.32,0,2192.4,300.38,1,723
102,2012,4,1200,13.27,0,2973.1,380.37,1,757
102,2012,4,1300,13.24,0,3121.5,430.51,1,710
102,2012,4,1400,13.22,0,3074.7,466.99,1,624.3
102,2012,4,1500,13.21,0,3074.2,458.33,.933,542.4
102,2012,4,1600,13.2,0,3137.6,448.47,1,596.5
102,2012,4,1700,13.2,0,2066,301.29,.883,466.3
102,2012,4,1800,13.22,0,1359.9,229.54,1,407.6
102,2012,4,1900,13.24,0,506.13,87.605,.633,167
102,2012,4,2000,13.25,0,55.65,7.3014,0,5.817
102,2012,4,2100,13.29,0,0,.71977,0,1.985
102,2012,4,2200,13.32,0,0,2.1355,0,1.985
102,2012,4,2300,13.34,0,0,3.7498,0,1.985
101,2012,4,2400,12.71,705.79,23457,3412.4,10.31
102,2012,4,2400,13.36,0,0,3.5125,0,1.985
102,2012,5,100,13.37,0,0,5.0393,0,1.985
102,2012,5,200,13.39,0,0,4.5961,0,1.974
102,2012,5,300,13.41,0,0,3.5834,0,1.969
102,2012,5,400,13.43,0,0,2.911,0,1.925
102,2012,5,500,13.45,0,0,2.4125,0,1.886
102,2012,5,600,13.46,0,0,2.4125,0,1.859
102,2012,5,700,13.48,0,0,2.5232,0,1.881
102,2012,5,800,13.49,0,30.591,7.3329,0,9.44
102,2012,5,900,13.47,128.27,443.78,63.883,.75,231.3
102,2012,5,1000,13.42,0,1296.5,182.31,1,542.2
102,2012,5,1100,13.36,0,2160.8,290.32,1,684.4
102,2012,5,1200,13.3,0,2765.6,361.24,1,676
102,2012,5,1300,13,0,2983.3,423.65,1,647.1
102,2012,5,1400,12.83,0,3033.7,460.67,1,590.5
102,2012,5,1500,12.83,0,2604.2,380.66,.783,433.7
102,2012,5,1600,12.83,0,2111.5,299.76,.583,289.6
102,2012,5,1700,12.82,0,1782.8,265.48,.95,327.3
102,2012,5,1800,12.81,0,1276.9,206,1,318.1
102,2012,5,1900,12.8,0,474.83,76.403,.516,113.6
102,2012,5,2000,12.8,0,56.985,7.9421,0,4.229
102,2012,5,2100,13.26,0,0,.49829,0,.993
102,2012,5,2200,13.32,0,0,2.5311,0,.993
102,2012,5,2300,13.34,0,0,1.5425,0,.993
101,2012,5,2400,12.8,128.27,21021,3057.3,9.58
102,2012,5,2400,13.36,0,0,3.6311,0,.993
102,2012,6,100,13.38,0,0,3.5362,0,.993
102,2012,6,200,13.4,0,0,4.4063,0,.993
102,2012,6,300,13.41,0,0,2.5314,0,.993
102,2012,6,400,13.42,0,0,3.1404,0,.976
102,2012,6,500,13.44,0,0,2.6736,0,.965
102,2012,6,600,13.46,0,0,2.3967,0,.971
102,2012,6,700,13.47,5.0543,0,2.1752,0,.96
102,2012,6,800,13.47,0,22.026,7.6644,0,1.065
102,2012,6,900,13.45,0,319.24,50.44,0,23.42
102,2012,6,1000,13.42,0,840.27,124.86,.683,167.5
102,2012,6,1100,13.36,0,1632,229.24,1,383
102,2012,6,1200,13.3,0,2413.2,330.85,1,485.2
102,2012,6,1300,13.27,0,2625.7,383.95,1,432.8
102,2012,6,1400,13.25,0,2480.7,383.63,.883,243.9
102,2012,6,1500,13.23,0,2315,352.29,.866,180.1
102,2012,6,1600,13.22,0,1895.1,284.65,.733,160.9
102,2012,6,1700,13.22,0,1726.4,267.38,1,228.9
102,2012,6,1800,13.24,0,1204.3,198.55,1,273.4
102,2012,6,1900,13.26,0,398.11,62.842,.15,57.21
102,2012,6,2000,13.27,0,59,9.437,0,3.81
102,2012,6,2100,12.8,0,0,.99658,0,1.985
102,2012,6,2200,12.78,0,0,4.1131,0,1.985
102,2012,6,2300,12.77,0,0,3.5915,0,1.985
101,2012,6,2400,12.76,5.0543,17931,2718.2,8.31
102,2012,6,2400,12.76,0,0,2.8954,0,1.985
102,2012,7,100,12.76,0,0,2.3416,0,1.985
102,2012,7,200,13.39,0,0,2.9112,0,1.985
102,2012,7,300,13.41,0,0,3.0139,0,1.986
102,2012,7,400,13.43,0,0,2.8556,0,1.98
102,2012,7,500,13.44,0,0,2.0803,0,1.942
102,2012,7,600,13.46,0,0,2.0328,0,1.975
102,2012,7,700,13.47,0,0,1.9695,0,1.986
102,2012,7,800,12.97,0,18.48,5.1096,0,3.222
102,2012,7,900,13.45,47.229,278.11,42.159,0,35.14
102,2012,7,1000,13.42,0,680.23,101.48,.833,189.3
102,2012,7,1100,13.38,0,1201.2,182.54,.75,219.2
102,2012,7,1200,13.34,0,1398.5,215.07,.117,76.6
102,2012,7,1300,13.3,0,2245.8,335.47,.916,285.2
102,2012,7,1400,13.27,0,2157.7,342.24,.367,151.3
102,2012,7,1500,13.24,0,2783.1,434.86,1,424.4
102,2012,7,1600,13.24,0,2249.9,334.8,1,244.1
102,2012,7,1700,13.24,0,1352.5,208.07,.017,82.6
102,2012,7,1800,13.25,0,801.1,123.88,0,32.22
102,2012,7,1900,13.27,0,545.59,90.093,.183,78.2
102,2012,7,2000,13.27,0,57.529,9.5715,0,4.334
102,2012,7,2100,13.31,0,0,2.5468,0,1.985
102,2012,7,2200,13.34,0,0,4.7382,0,1.985
102,2012,7,2300,13.36,0,0,4.525,0,1.985
101,2012,7,2400,12.76,47.229,15770,2457.6,5.181
102,2012,7,2400,13.38,0,0,3.2197,0,1.985
102,2012,8,100,13.39,0,0,2.9507,0,1.985
102,2012,8,200,13.41,0,0,3.3541,0,1.986
102,2012,8,300,13.43,0,0,5.3394,0,1.986
102,2012,8,400,13.44,0,0,3.9313,0,1.92
102,2012,8,500,13.46,191.34,0,2.5549,0,1.826
102,2012,8,600,13.47,205.69,0,3.3141,0,1.776
102,2012,8,700,13.48,0,0,2.191,0,1.898
102,2012,8,800,13.49,0,44.199,9.6344,0,11.21
102,2012,8,900,13.47,0,444.56,68.713,.8,211.3
102,2012,8,1000,13.42,0,1099.2,162.02,1,462.2
102,2012,8,1100,13.37,0,1672.5,235.54,.933,498.2
102,2012,8,1200,13.35,0,1082.1,165.04,0,18.92
102,2012,8,1300,13.33,0,1294.4,201.13,0,2.78
102,2012,8,1400,13.29,0,1955.9,305.79,.7,157
102,2012,8,1500,13.26,0,2537,383.49,1,333.6
102,2012,8,1600,13.25,0,2464.1,353.77,.933,333.6
102,2012,8,1700,13.24,0,1059.7,152.88,.217,96.7
102,2012,8,1800,13.27,0,305.95,47.795,0,7.79
102,2012,8,1900,13.29,0,162.25,24.948,0,14.44
102,2012,8,2000,13.32,0,40.192,9.3964,0,6
102,2012,8,2100,13.35,0,0,3.3462,0,1.985
102,2012,8,2200,13.39,0,0,4.3193,0,1.985
102,2012,8,2300,13.4,0,0,3.7417,0,1.985
101,2012,8,2400,13.24,397.03,14162,2158,5.581
102,2012,8,2400,13.42,0,0,2.8557,0,1.986
102,2012,9,100,13.44,0,0,2.9584,0,1.986
102,2012,9,200,13.45,0,0,2.4679,0,1.986
102,2012,9,300,13.46,53.028,0,3.8996,0,1.986
102,2012,9,400,13.46,234.61,0,3.7334,0,1.986
102,2012,9,500,13.47,0,0,2.4045,0,1.986
102,2012,9,600,13.48,0,0,2.2306,0,1.986
102,2012,9,700,13.49,0,0,2.5788,0,1.975
102,2012,9,800,13.5,0,19.388,4.3983,0,5.324
102,2012,9,900,13.48,0,371.53,51.249,.8,194.8
102,2012,9,1000,13.44,0,1006.1,146.32,.916,368.2
102,2012,9,1100,13.39,0,1890.6,259.68,1,579.7
102,2012,9,1200,13.32,0,2565.5,338.52,.983,553.2
102,2012,9,1300,13.29,0,2208.5,319.89,.866,315.5
102,2012,9,1400,13.27,0,1709.3,255.41,.483,184.4
102,2012,9,1500,13.27,0,1486,221.82,.3,135
102,2012,9,1600,13.25,0,1731.4,254.02,.45,128.5
102,2012,9,1700,13.25,0,1154.6,172.83,.283,85.9
102,2012,9,1800,13.28,0,451.85,65.798,0,22.01
102,2012,9,1900,13.3,0,357.25,51.073,0,5.714
102,2012,9,2000,12.84,0,52.694,9.7768,0,2.542
102,2012,9,2100,12.77,0,0,1.3844,0,1.985
102,2012,9,2200,12.76,0,0,2.1675,0,1.986
102,2012,9,2300,12.75,0,0,2.2623,0,1.986
101,2012,9,2400,12.74,287.64,15005,2179.6,6.081
102,2012,9,2400,12.74,0,0,2.7052,0,1.986
102,2012,10,100,12.73,0,0,2.0565,0,1.986
102,2012,10,200,12.73,0,0,2.982,0,1.986
102,2012,10,300,12.72,0,0,3.0769,0,1.986
102,2012,10,400,12.72,851.3,0,1.5107,0,1.986
102,2012,10,500,12.71,1839.9,0,1.2894,0,1.981
102,2012,10,600,12.71,700.29,0,1.4397,0,1.986
102,2012,10,700,12.7,133.13,0,1.9934,0,1.986
102,2012,10,800,12.7,1114,21.716,5.11,0,4.916
102,2012,10,900,13.45,0,370.24,50.326,.783,184.7
102,2012,10,1000,13.41,0,1161.2,165.62,1,425.8
102,2012,10,1100,13.36,0,1727.8,236.78,1,458.9
102,2012,10,1200,13.3,0,2290.6,309.68,1,388.9
102,2012,10,1300,13.27,0,2583.1,362.41,1,413.8
102,2012,10,1400,13.27,0,1916.7,280.9,.15,53.01
102,2012,10,1500,13.25,0,1541.8,227.21,0,4.643
102,2012,10,1600,13.24,0,1671.8,244.47,0,51.36
102,2012,10,1700,13.24,0,1223.4,178.25,.033,64.78
102,2012,10,1800,13.25,0,950.79,141.42,.267,86.4
102,2012,10,1900,13.27,0,375.4,55.467,0,21.99
102,2012,10,2000,13.29,0,66.557,11.351,0,2.873
102,2012,10,2100,13.33,0,0,2.1989,0,1.291
102,2012,10,2200,13.35,0,0,2.5788,0,1.241
102,2012,10,2300,13.38,0,0,3.4966,0,1.186
101,2012,10,2400,12.7,4638.6,15901,2296.8,5.231
102,2012,10,2400,13.4,0,0,5.2369,0,1.125
102,2012,11,100,13.42,0,0,3.8207,0,1.081
102,2012,11,200,13.44,0,0,3.4172,0,1.004
102,2012,11,300,13.45,0,0,2.0012,0,.987
102,2012,11,400,13.47,0,0,2.547,0,.998
102,2012,11,500,13.48,0,0,1.922,0,.921
102,2012,11,600,13.48,0,0,1.5899,0,.789
102,2012,11,700,13.48,0,0,2.1515,0,.789
102,2012,11,800,13.42,0,2.5328,3.148,0,.861
102,2012,11,900,13.43,0,80.661,15.851,0,.855
102,2012,11,1000,12.78,0,1014.7,142.23,.633,397.2
102,2012,11,1100,12.75,0,2095.5,271.55,1,684.1
102,2012,11,1200,12.75,0,1972,263.03,1,351.9
102,2012,11,1300,12.77,0,2114.4,300.05,.866,204.9
102,2012,11,1400,12.78,0,1881.4,271.12,0,23.91
102,2012,11,1500,12.78,0,1621.2,235.45,0,13.91
102,2012,11,1600,12.78,0,1756.5,252.94,.267,86.5
102,2012,11,1700,12.78,0,2062.4,305.78,.933,431.2
102,2012,11,1800,12.78,0,1518.8,246.37,1,504.4
102,2012,11,1900,12.76,0,686.69,116.69,1,346.9
102,2012,11,2000,12.76,0,91.735,16.572,.167,54.11
102,2012,11,2100,13.24,0,0,1.4079,0,.651
102,2012,11,2200,13.29,0,0,2.6499,0,.667
102,2012,11,2300,13.32,0,0,4.169,0,.662
101,2012,11,2400,12.75,0,16898,2471.1,6.864
102,2012,11,2400,13.36,0,0,4.6752,0,.656
102,2012,12,100,13.38,0,0,2.8478,0,.612
102,2012,12,200,13.4,0,0,2.6736,0,.629
102,2012,12,300,13.43,0,0,3.1323,0,.662
102,2012,12,400,13.44,0,0,4.6352,0,.938
102,2012,12,500,13.44,0,0,1.7956,0,.949
102,2012,12,600,13.44,0,0,3.3538,0,.883
102,2012,12,700,13.45,0,0,2.6577,0,.949
102,2012,12,800,13.45,0,3.3219,1.6057,0,.701
102,2012,12,900,13.45,0,53.472,9.0012,0,.596
102,2012,12,1000,13.43,0,249.31,39.898,0,5.825
102,2012,12,1100,13.4,0,594.11,88.161,0,4.048
102,2012,12,1200,13.34,0,1236.2,179.98,.083,31.53
102,2012,12,1300,13.32,0,1106,158.24,.033,14.25
102,2012,12,1400,13.27,0,2609,386.92,.583,270.8
102,2012,12,1500,13.24,0,2868.2,414.28,.866,444.8
102,2012,12,1600,13.22,0,2696.6,365.76,.9,408.8
102,2012,12,1700,13.22,0,1959.6,269.69,.733,369.7
102,2012,12,1800,13.25,0,985.94,146.31,.383,154.8
102,2012,12,1900,13.29,0,245.76,32.533,0,6.783
102,2012,12,2000,13.34,29.496,35.169,7.491,0,.607
102,2012,12,2100,13.37,0,0,1.9698,0,.039
102,2012,12,2200,13.4,0,0,3.7258,0,.072
102,2012,12,2300,13.43,0,0,4.8805,0,-.072
101,2012,12,2400,13.22,29.496,14643,2135.1,3.582
102,2012,12,2400,13.44,0,0,3.5436,0,-.072
102,2012,13,100,13.45,0,0,2.8396,0,-.298
102,2012,13,200,13.46,0,0,2.9266,0,-.331
102,2012,13,300,13.48,0,0,3.0295,0,-.32
102,2012,13,400,13.49,101.16,0,2.6026,0,-.314
102,2012,13,500,13.49,0,0,3.2591,0,-.188
102,2012,13,600,13.49,0,0,3.4648,0,-.182
102,2012,13,700,13.49,0,0,2.9981,0,-.27
102,2012,13,800,13.49,0,13.113,4.1846,0,-.028
102,2012,13,900,13.48,0,194.15,30.32,0,1.291
102,2012,13,1000,13.46,0,306.57,49.728,0,1.754
102,2012,13,1100,13.43,0,356.68,56.192,0,3.668
102,2012,13,1200,13.26,0,1019.7,156.15,.017,33.03
102,2012,13,1300,13.3,0,2366.8,357.07,.9,411.7
102,2012,13,1400,13.26,0,2907.4,448.61,.983,539.6
102,2012,13,1500,13.25,0,2254.9,328.66,.666,315.6
102,2012,13,1600,13.25,0,1561.9,220.03,.267,121.3
102,2012,13,1700,13.25,0,754.58,117.99,.067,51
102,2012,13,1800,13.29,5.1491,367.95,58.636,.2,54.01
102,2012,13,1900,13.33,0,206.33,30.897,0,9.39
102,2012,13,2000,13.35,0,43.141,8.3536,0,2.118
102,2012,13,2100,13.39,0,0,2.1042,0,1.985
102,2012,13,2200,12.78,0,0,3.2511,0,1.986
102,2012,13,2300,12.78,0,0,3.9709,0,1.986
101,2012,13,2400,12.78,106.31,12353,1901.6,3.099
102,2012,13,2400,13.45,0,0,4.3821,0,1.997
102,2012,14,100,13.45,0,0,2.2227,0,1.975
102,2012,14,200,13.47,0,0,2.4599,0,1.964
102,2012,14,300,13.47,0,0,2.5153,0,1.986
102,2012,14,400,13.48,0,0,2.0328,0,1.986
102,2012,14,500,13.49,0,0,2.0804,0,1.992
102,2012,14,600,13.5,0,0,2.9902,0,1.986
102,2012,14,700,13.51,0,0,2.9348,0,1.981
102,2012,14,800,13.51,0,23.362,5.7271,0,8.35
102,2012,14,900,13.49,0,438.16,59.613,.883,278
102,2012,14,1000,13.44,0,1199.2,161.87,1,562.5
102,2012,14,1100,13.38,0,1965.5,257.1,1,657.2
102,2012,14,1200,13.32,0,2659.6,338.54,1,715
102,2012,14,1300,13.27,0,2823,397.38,.933,684.6
102,2012,14,1400,13.25,0,1840.9,271.6,.483,284.7
102,2012,14,1500,13.23,0,2912.8,427.6,.933,569.9
102,2012,14,1600,13.24,0,2108.7,279.43,.65,313.2
102,2012,14,1700,13.24,0,1370.2,189.39,.333,188.1
102,2012,14,1800,12.85,0,1397.7,215.02,.783,370.3
102,2012,14,1900,13.25,0,643.95,106.86,.716,209.4
102,2012,14,2000,13.27,0,71.598,10.766,0,14.4
102,2012,14,2100,13.29,0,0,.66441,0,2.178
102,2012,14,2200,13.32,0,0,1.1469,0,2.041
102,2012,14,2300,13.35,0,.58455,1.6691,0,1.991
101,2012,14,2400,12.85,0,19455,2743.7,8.71
102,2012,14,2400,13.36,0,0,2.0567,0,2.024
102,2012,15,100,13.38,0,0,3.6864,0,1.985
102,2012,15,200,13.39,0,0,5.0313,0,1.985
102,2012,15,300,13.41,0,0,3.4965,0,1.985
102,2012,15,400,13.42,0,0,2.3019,0,1.986
102,2012,15,500,13.44,0,0,1.8826,0,1.986
102,2012,15,600,13.45,0,0,4.5718,0,1.986
102,2012,15,700,13.45,0,0,4.0024,0,1.986
102,2012,15,800,13.45,0,10.288,5.9562,0,2.543
102,2012,15,900,13.44,0,355.18,50.877,.5,170.1
102,2012,15,1000,13.4,0,1161.1,156.11,1,494.9
102,2012,15,1100,13.37,0,2088,266.68,1,672.3
102,2012,15,1200,13.32,0,2368.6,309.57,1,586.9
102,2012,15,1300,13.27,0,2654.6,380.3,.966,541.8
102,2012,15,1400,13.23,0,2623.1,383.5,.816,539.8
102,2012,15,1500,13.23,0,1907.9,275.55,.383,202.7
102,2012,15,1600,13.22,0,841.39,115.35,.017,32.59
102,2012,15,1700,13.24,0,1601.5,235.52,.716,225.7
102,2012,15,1800,13.25,0,1428.8,228.94,.95,323.7
102,2012,15,1900,13.27,0,595.35,98.074,.45,136.5
102,2012,15,2000,13.28,0,46.286,6.6051,0,4.081
102,2012,15,2100,13.3,0,0,1.5661,0,2.041
102,2012,15,2200,13.34,0,.01948,.97288,0,2.046
102,2012,15,2300,13.36,0,0,4.1846,0,2.002
101,2012,15,2400,13.22,0,17682,2547.4,7.8
102,2012,15,2400,13.37,0,0,2.658,0,1.985
102,2012,16,100,13.39,0,0,.9572,0,1.985
102,2012,16,200,13.41,0,0,2.0488,0,1.986
102,2012,16,300,13.43,0,0,2.3256,0,1.986
102,2012,16,400,13.45,0,0,3.4883,0,1.986
102,2012,16,500,13.46,0,0,2.1752,0,1.986
102,2012,16,600,13.47,0,0,1.9932,0,1.986
102,2012,16,700,13.48,0,0,2.3254,0,1.986
102,2012,16,800,13.49,0,15.801,4.6827,0,1.981
102,2012,16,900,13.45,0,387.06,61.656,.317,73.6
102,2012,16,1000,13.41,0,1098.6,155.78,1,446.9
102,2012,16,1100,13.35,0,1913.7,253.09,1,607.7
102,2012,16,1200,13.3,0,2543.1,338.22,1,667.6
102,2012,16,1300,13.27,0,2318.6,339.9,.833,466.3
102,2012,16,1400,13.24,0,2434,376.33,.95,403.5
102,2012,16,1500,13.23,0,2595.3,390.86,1,360
102,2012,16,1600,13.22,0,2356.6,336.61,.816,254.6
102,2012,16,1700,13.23,0,1117.9,161.84,.117,56.96
102,2012,16,1800,13.25,0,776.89,116.9,0,30.73
102,2012,16,1900,13.27,0,517.86,81.848,.1,70.8
102,2012,16,2000,13.29,0,58.511,8.97,0,5.691
102,2012,16,2100,13.32,0,0,2.7763,0,1.985
102,2012,16,2200,13.36,0,0,4.2321,0,1.985
102,2012,16,2300,13.38,0,0,3.4096,0,1.985
101,2012,16,2400,13.22,0,18134,2654.3,7.13
102,2012,16,2400,13.4,0,0,1.8907,0,1.985
102,2012,17,100,13.41,0,0,2.4127,0,1.986
102,2012,17,200,13.44,0,0,3.172,0,1.986
102,2012,17,300,13.46,0,0,2.1119,0,1.986
102,2012,17,400,13.47,0,0,3.2983,0,1.986
102,2012,17,500,13.49,0,0,1.9143,0,1.942
102,2012,17,600,13.5,0,0,1.3922,0,1.97
102,2012,17,700,13.51,0,0,1.7798,0,1.986
102,2012,17,800,13.52,0,20.206,6.2095,0,3.884
102,2012,17,900,13.5,0,329.26,49.914,.45,115.9
102,2012,17,1000,13.45,0,1050.4,150.54,1,415.9
102,2012,17,1100,13.39,0,1924.7,254.93,1,612
102,2012,17,1200,13.32,0,2558.9,332.18,1,664.1
102,2012,17,1300,13.27,0,2715.6,384.07,1,658.4
102,2012,17,1400,13.24,0,2679.1,408.42,.983,553.6
102,2012,17,1500,13.23,0,2850.7,421.73,.983,588.5
102,2012,17,1600,13.23,0,2389.7,332.21,.766,409.7
102,2012,17,1700,13.22,0,2327.5,329.66,1,519.9
102,2012,17,1800,13.23,0,1621.3,249.6,1,514.4
102,2012,17,1900,12.84,0,751.12,128.35,1,316.7
102,2012,17,2000,12.82,0,98.521,16.676,.1,30.76
102,2012,17,2100,12.79,0,0,.15819,0,1.985
102,2012,17,2200,12.78,0,0,2.4362,0,1.985
102,2012,17,2300,12.77,0,0,3.4569,0,1.985
101,2012,17,2400,12.77,0,21317,3088.8,10.28
102,2012,17,2400,12.77,0,0,2.1438,0,1.985
102,2012,18,100,13.35,0,0,2.6027,0,1.985
102,2012,18,200,13.4,0,0,2.9823,0,1.985
102,2012,18,300,13.42,0,0,2.9031,0,1.986
102,2012,18,400,13.45,0,0,3.0137,0,1.986
102,2012,18,500,13.46,0,0,3.4803,0,1.986
102,2012,18,600,13.47,0,0,4.5323,0,1.986
102,2012,18,700,13.49,0,0,2.6737,0,1.986
102,2012,18,800,13.49,0,18.959,8.9627,0,3.961
102,2012,18,900,13.48,0,362.99,57.665,.183,64.85
102,2012,18,1000,13.42,0,1321.4,189.36,1,395.5
102,2012,18,1100,13.37,0,1857.9,243.67,1,542.1
102,2012,18,1200,13.32,0,2589.9,344.05,1,526.3
102,2012,18,1300,13.29,0,2736.4,394.11,.916,456
102,2012,18,1400,13.27,0,1743.9,255.47,.4,146.5
102,2012,18,1500,13.27,0,1722.3,258.22,.666,141.5
102,2012,18,1600,13.27,0,1707.7,253.59,.583,199
102,2012,18,1700,13.28,0,812.36,118.74,0,19.98
102,2012,18,1800,13.3,0,799.13,120.43,0,34.82
102,2012,18,1900,13.31,0,334.37,50.795,0,5.146
102,2012,18,2000,13.33,0,51.999,9.8076,0,1.985
102,2012,18,2100,13.34,0,0,2.1199,0,1.985
102,2012,18,2200,13.35,0,0,1.9696,0,1.985
102,2012,18,2300,13.37,0,0,1.7324,0,1.985
101,2012,18,2400,13.27,0,16059,2334.3,5.748
102,2012,18,2400,13.39,0,0,1.4476,0,1.985
102,2012,19,100,13.4,0,0,2.2624,0,1.985
102,2012,19,200,13.42,0,0,3.0851,0,1.986
102,2012,19,300,13.43,0,0,3.8443,0,1.986
102,2012,19,400,13.44,0,0,3.868,0,1.986
102,2012,19,500,13.39,0,0,1.8826,0,1.986
102,2012,19,600,13.42,0,0,2.9504,0,1.986
102,2012,19,700,13.43,0,0,1.5108,0,1.986
102,2012,19,800,13.43,0,11.505,4.034,0,2.107
102,2012,19,900,13.43,0,290.87,47.688,.167,65.27
102,2012,19,1000,13.39,0,846.35,129,1,288
102,2012,19,1100,13.34,0,1546.8,220.75,1,406.9
102,2012,19,1200,13.28,0,2027.6,286.34,1,392.4
102,2012,19,1300,13.25,0,2097.7,310.31,.616,290.4
102,2012,19,1400,13.23,0,2099.8,322.71,.5,128.2
102,2012,19,1500,13.22,0,1649.1,247.09,0,26.83
102,2012,19,1600,13.23,0,1856.1,271.32,.666,180.5
102,2012,19,1700,13.22,0,2384.7,336.09,1,469.7
102,2012,19,1800,13.23,0,1272,193.84,1,329.3
102,2012,19,1900,13.25,0,576.56,93.455,.7,159.5
102,2012,19,2000,12.85,0,75.795,12.063,0,7.04
102,2012,19,2100,12.78,0,0,1.3842,0,1.985
102,2012,19,2200,12.77,0,0,4.4217,0,1.985
102,2012,19,2300,12.76,0,0,2.0093,0,1.985
101,2012,19,2400,12.75,0,16735,2503.9,7.65
102,2012,19,2400,12.75,0,0,2.0172,0,1.985
102,2012,20,100,12.75,0,0,3.2591,0,1.986
102,2012,20,200,12.74,0,0,2.4285,0,1.986
102,2012,20,300,12.73,0,0,1.9301,0,1.986
102,2012,20,400,12.73,0,0,2.286,0,1.986
102,2012,20,500,12.73,0,0,2.4283,0,1.986
102,2012,20,600,12.72,0,0,3.2509,0,1.986
102,2012,20,700,12.72,0,0,2.2859,0,1.986
102,2012,20,800,12.71,0,9.1572,1.9853,0,1.986
102,2012,20,900,13.41,0,185.95,29.449,0,5.462
102,2012,20,1000,13.4,0,502.42,78.046,.117,47.23
102,2012,20,1100,13.35,0,1833,259.22,1,371
102,2012,20,1200,13.3,0,2322.2,316.14,1,517.4
102,2012,20,1300,13.25,0,2220.1,327.09,1,441.1
102,2012,20,1400,13.22,0,2746.5,426.4,1,518.9
102,2012,20,1500,12.9,0,2501.3,368.08,.983,367.5
102,2012,20,1600,12.86,0,2869,400.47,1,598.1
102,2012,20,1700,12.83,0,1536.1,216.06,.866,229.8
102,2012,20,1800,12.81,0,958.75,141.18,.45,134.8
102,2012,20,1900,12.8,0,443.7,66.092,.133,69.11
102,2012,20,2000,13.23,0,105.56,18.858,0,19.82
102,2012,20,2100,13.28,0,0,.24519,0,1.985
102,2012,20,2200,13.33,0,0,.57743,0,1.985
102,2012,20,2300,12.86,0,0,3.6468,0,1.985
101,2012,20,2400,12.71,0,18234,2675.2,7.55
102,2012,20,2400,13.38,0,0,3.7734,0,1.985
102,2012,21,100,13.4,0,0,4.5723,0,1.985
102,2012,21,200,13.42,0,0,6.0356,0,1.986
102,2012,21,300,13.42,0,0,2.7369,0,1.986
102,2012,21,400,13.44,0,0,2.4284,0,1.958
102,2012,21,500,13.47,0,0,2.4678,0,1.898
102,2012,21,600,13.49,0,0,2.0251,0,1.848
102,2012,21,700,13.5,0,0,2.8319,0,1.843
102,2012,21,800,13.51,0,8.6999,4.7383,0,1.782
102,2012,21,900,13.5,0,236.43,38.144,0,9.58
102,2012,21,1000,12.79,0,773.4,118.91,.533,107.9
102,2012,21,1100,12.76,0,1305,194.45,1,196.3
102,2012,21,1200,12.76,0,1560.6,231.32,.966,158.6
102,2012,21,1300,12.77,0,2020.8,308.66,1,256.1
102,2012,21,1400,12.78,0,2385,368.62,1,309.7
102,2012,21,1500,12.79,0,2481.1,373.8,1,332.7
102,2012,21,1600,12.8,0,2212.6,319.85,.966,330.1
102,2012,21,1700,12.8,0,1778.9,257.47,1,297.8
102,2012,21,1800,12.8,0,922.82,136.39,.466,121.2
102,2012,21,1900,12.79,0,525.11,80.04,.283,71.9
102,2012,21,2000,12.78,0,97.102,14.136,0,4.908
102,2012,21,2100,12.77,0,0,1.0678,0,1.985
102,2012,21,2200,12.75,0,0,2.8082,0,1.985
102,2012,21,2300,12.74,0,0,4.1928,0,1.985
101,2012,21,2400,12.74,0,16308,2479.6,8.21
102,2012,21,2400,12.74,0,0,1.8828,0,1.985
102,2012,22,100,12.73,0,0,1.6533,0,1.985
102,2012,22,200,12.73,0,0,2.294,0,1.986
102,2012,22,300,12.72,0,0,2.4046,0,1.986
102,2012,22,400,12.71,0,0,2.3887,0,1.975
102,2012,22,500,12.71,0,0,2.1912,0,1.925
102,2012,22,600,12.7,0,0,4.2241,0,1.947
102,2012,22,700,12.69,0,0,2.3889,0,1.881
102,2012,22,800,12.69,0,17.029,5.7348,0,5.34
102,2012,22,900,12.69,382.57,401.6,60.821,.816,263.7
102,2012,22,1000,12.69,0,1134.4,160.29,1,548.5
102,2012,22,1100,12.7,0,2023.8,266.28,1,674
102,2012,22,1200,12.72,0,2654.6,340.8,1,714
102,2012,22,1300,12.75,0,2675.1,381.07,1,688.7
102,2012,22,1400,12.76,0,2628.5,399.22,1,609.7
102,2012,22,1500,12.79,0,2620.3,396.33,1,568.3
102,2012,22,1600,12.8,0,2575.9,373.01,1,567.9
102,2012,22,1700,12.8,0,1825.9,258.9,1,393.4
102,2012,22,1800,12.79,0,1128.4,168.1,1,319.1
102,2012,22,1900,12.78,0,266.25,37.822,.25,79.4
102,2012,22,2000,12.77,0,30.221,6.6129,0,5.862
102,2012,22,2100,12.75,0,0,1.2972,0,1.985
102,2012,22,2200,12.75,0,0,.9176,0,1.985
102,2012,22,2300,12.73,0,0,1.5664,0,1.985
101,2012,22,2400,12.69,382.57,19982,2879,10.06
102,2012,22,2400,12.73,0,0,2.7054,0,1.985
102,2012,23,100,12.73,0,0,4.3349,0,1.986
102,2012,23,200,12.72,0,0,1.6058,0,1.986
102,2012,23,300,12.71,0,0,2.6499,0,1.986
102,2012,23,400,12.71,0,0,3.4329,0,1.986
102,2012,23,500,12.71,0,0,2.4837,0,1.986
102,2012,23,600,12.71,0,0,2.0249,0,1.986
102,2012,23,700,12.7,0,0,2.1198,0,1.986
102,2012,23,800,12.7,0,13.756,3.6466,0,2.72
102,2012,23,900,12.69,0,278.19,40.115,0,46.41
102,2012,23,1000,12.7,0,945.99,129.09,.916,272.3
102,2012,23,1100,12.71,0,1760.4,224.95,1,439.5
102,2012,23,1200,12.72,0,2311.3,298.2,1,515.1
102,2012,23,1300,12.74,0,2422.7,332.58,1,517.6
102,2012,23,1400,12.76,0,2467.3,347.29,1,428.2
102,2012,23,1500,12.77,0,2095.4,290.61,.75,255
102,2012,23,1600,12.78,0,1657.3,230.44,.666,240.3
102,2012,23,1700,12.78,0,1477.9,205.22,.833,253.9
102,2012,23,1800,12.77,0,1075,155.91,.783,171.4
102,2012,23,1900,12.76,0,392.56,56.718,0,35.15
102,2012,23,2000,12.76,0,69.696,10.948,0,3.976
102,2012,23,2100,13.27,0,0,2.2938,0,1.985
102,2012,23,2200,13.29,0,0,2.2702,0,1.985
102,2012,23,2300,13.31,0,0,3.4173,0,1.985
101,2012,23,2400,12.69,0,16968,2356.2,7.95
102,2012,23,2400,13.33,0,0,3.8287,0,1.985
102,2012,24,100,13.35,0,0,1.3843,0,1.985
102,2012,24,200,13.37,0,0,2.9506,0,1.98
102,2012,24,300,13.39,0,0,3.0532,0,1.975
102,2012,24,400,13.41,0,0,5.1888,0,1.947
102,2012,24,500,13.43,0,0,3.8759,0,1.931
102,2012,24,600,13.43,0,0,4.161,0,1.958
102,2012,24,700,13.45,0,0,5.2606,0,1.931
102,2012,24,800,13.45,0,21.999,8.5038,0,6.356
102,2012,24,900,13.44,0,388.8,58.467,.8,244.7
102,2012,24,1000,13.4,0,1087.5,146.48,1,490.3
102,2012,24,1100,13.01,0,2009.7,251.48,1,660.1
102,2012,24,1200,12.96,0,2576.9,325.77,1,709
102,2012,24,1300,12.95,0,2609.2,354.03,1,656.7
102,2012,24,1400,12.95,0,2691,375.36,1,602.3
102,2012,24,1500,12.95,0,2751.4,378.87,1,567.5
102,2012,24,1600,12.94,0,2214.1,282.17,.733,358.5
102,2012,24,1700,12.93,0,2405,311.17,.983,492.7
102,2012,24,1800,12.92,0,1097.1,155.04,.833,241.9
102,2012,24,1900,13.2,0,732.6,118.11,1,240.7
102,2012,24,2000,13.21,0,120.43,20.924,.067,39.35
102,2012,24,2100,13.24,0,0,1.4633,0,1.985
102,2012,24,2200,13.28,0,0,2.5707,0,1.985
102,2012,24,2300,13.32,0,0,2.7843,0,1.985
101,2012,24,2400,12.92,0,20706,2821.1,10.41
102,2012,24,2400,13.35,0,0,1.9934,0,1.985
102,2012,25,100,13.37,0,0,4.0739,0,1.985
102,2012,25,200,13.39,0,0,3.6072,0,1.985
102,2012,25,300,13.42,0,0,2.4759,0,1.986
102,2012,25,400,13.44,0,0,1.7402,0,1.964
102,2012,25,500,13.45,0,0,4.469,0,1.92
102,2012,25,600,13.47,0,0,4.4059,0,1.876
102,2012,25,700,13.49,0,0,3.7021,0,1.854
102,2012,25,800,13.49,0,27.786,9.2712,0,5.109
102,2012,25,900,13.49,0,405.58,62.501,.666,166.7
102,2012,25,1000,13.43,0,1084,150.09,1,458.2
102,2012,25,1100,13.35,0,1977.8,247.91,1,642.2
102,2012,25,1200,13.29,0,2632.8,317.25,1,704
102,2012,25,1300,13.24,0,2662.8,352.81,1,671.2
102,2012,25,1400,13.21,0,2571.6,361.39,1,559.3
102,2012,25,1500,13.2,0,2814.1,380.74,.983,598.3
102,2012,25,1600,13.19,0,2707.8,336.98,.783,499.9
102,2012,25,1700,13.19,0,1992.2,254.56,.833,393.5
102,2012,25,1800,13.2,0,1631.3,237.91,1,496.8
102,2012,25,1900,13.21,0,600.25,94.811,.716,218.7
102,2012,25,2000,12.94,0,49.438,7.1912,0,9.66
102,2012,25,2100,12.86,0,0,1.6453,0,1.985
102,2012,25,2200,12.85,0,0,1.3921,0,1.985
102,2012,25,2300,12.84,0,0,2.887,0,1.985
101,2012,25,2400,12.83,0,21157,2845.5,9.98
102,2012,25,2400,12.83,0,0,1.677,0,1.985
102,2012,26,100,12.82,0,0,2.3732,0,1.985
102,2012,26,200,12.81,0,0,3.7733,0,1.985
102,2012,26,300,12.8,0,0,3.5834,0,1.986
102,2012,26,400,12.8,0,0,1.9617,0,1.986
102,2012,26,500,12.8,0,0,3.5832,0,1.986
102,2012,26,600,12.8,0,0,3.868,0,1.986
102,2012,26,700,12.79,0,0,2.4996,0,1.986
102,2012,26,800,12.79,0,11.253,2.9823,0,1.986
102,2012,26,900,12.91,0,246.27,38.128,.2,52.09
102,2012,26,1000,12.82,0,480.16,70.398,.1,40.12
102,2012,26,1100,12.8,0,717.01,100.1,.183,67.19
102,2012,26,1200,13.32,0,806.95,112.01,.267,53.81
102,2012,26,1300,13.25,0,2047.4,282,1,205.3
102,2012,26,1400,12.96,0,2105.4,296.29,.983,173.2
102,2012,26,1500,12.91,0,1796.7,246.48,.1,69.2
102,2012,26,1600,12.88,0,2270.8,302.43,1,289.1
102,2012,26,1700,12.87,0,2467.1,320.11,1,435.3
102,2012,26,1800,12.87,0,1506.1,208.45,.8,297.4
102,2012,26,1900,12.86,0,366.39,48.234,0,10.88
102,2012,26,2000,13.21,0,134.38,21.976,0,15.81
102,2012,26,2100,13.25,0,0,2.3175,0,1.985
102,2012,26,2200,13.29,0,0,3.425,0,1.985
102,2012,26,2300,13.33,0,0,3.6465,0,1.985
101,2012,26,2400,12.79,0,14956,2083.6,5.631
102,2012,26,2400,13.35,0,0,2.9188,0,1.985
102,2012,27,100,13.38,0,0,4.1056,0,1.985
102,2012,27,200,13.4,0,0,3.5914,0,1.985
102,2012,27,300,13.42,0,0,3.6388,0,1.986
102,2012,27,400,13.44,0,0,3.8443,0,1.936
102,2012,27,500,13.44,0,0,4.4058,0,1.975
102,2012,27,600,13.42,0,0,2.5628,0,1.892
102,2012,27,700,13.45,0,0,2.5945,0,1.854
102,2012,27,800,13.45,0,17.312,4.6274,0,3.641
102,2012,27,900,13.45,0,338.64,49.958,.583,172.6
102,2012,27,1000,12.9,0,1152.1,156.05,1,527.3
102,2012,27,1100,12.82,0,2037.6,248.99,1,667.1
102,2012,27,1200,12.83,0,2404.1,286.98,1,631.7
102,2012,27,1300,12.83,0,2222.4,302.52,1,381.9
102,2012,27,1400,12.84,0,2448.1,343.92,1,392.5
102,2012,27,1500,12.84,0,2457.5,332.08,.933,339.1
102,2012,27,1600,13.15,0,2662.6,334.14,.933,467.8
102,2012,27,1700,13.17,0,2299.9,290.06,.916,545.7
102,2012,27,1800,13.19,0,1558,216.18,.883,472.8
102,2012,27,1900,13.21,0,525.75,75.746,.5,175.7
102,2012,27,2000,13.23,0,116.92,19.453,.017,35.53
102,2012,27,2100,13.25,0,0,.60118,0,1.985
102,2012,27,2200,13.29,0,0,1.6215,0,1.985
102,2012,27,2300,13.33,0,0,3.5437,0,1.985
101,2012,27,2400,12.82,0,20241,2694.5,9.76
102,2012,27,2400,13.35,0,0,3.259,0,1.985
102,2012,28,100,13.37,0,0,3.0059,0,1.985
102,2012,28,200,13.4,0,0,3.3778,0,1.969
102,2012,28,300,13.41,0,0,3.2591,0,1.969
102,2012,28,400,13.44,0,0,3.2985,0,1.809
102,2012,28,500,13.46,0,0,5.0942,0,1.694
102,2012,28,600,13.47,0,0,3.362,0,1.694
102,2012,28,700,13.49,0,0,2.3415,0,1.594
102,2012,28,800,13.5,0,9.4306,5.3315,0,5.362
102,2012,28,900,13.49,0,343.14,51.971,.566,178.5
102,2012,28,1000,13.42,0,1309.7,172.81,1,589.3
102,2012,28,1100,13.34,0,2171.3,256.92,1,722
102,2012,28,1200,13.27,0,2933.9,332.18,1,794
102,2012,28,1300,13.23,0,2971,375.51,1,774
102,2012,28,1400,13.21,0,2610.2,346.18,.95,517.8
102,2012,28,1500,13.21,0,2177.7,287.41,.683,193.6
102,2012,28,1600,13.2,0,2212.5,283.43,1,211.6
102,2012,28,1700,13.2,0,1776.5,228.57,1,237.4
102,2012,28,1800,13.21,0,1465.9,198.19,1,284.5
102,2012,28,1900,13.22,0,383.46,53.005,.283,98.9
102,2012,28,2000,13.25,0,46.249,8.7649,0,18.76
102,2012,28,2100,13.3,0,0,2.5786,0,1.985
102,2012,28,2200,13.34,0,0,3.4014,0,1.985
102,2012,28,2300,13.35,0,0,2.8002,0,1.985
101,2012,28,2400,13.2,0,20411,2634.9,9.48
102,2012,28,2400,13.37,0,0,2.0804,0,1.985
102,2012,29,100,13.39,0,0,2.65,0,1.985
102,2012,29,200,13.42,0,0,3.6942,0,1.986
102,2012,29,300,13.43,0,0,2.8951,0,1.953
102,2012,29,400,13.45,0,0,4.121,0,1.881
102,2012,29,500,13.47,0,0,3.4963,0,1.721
102,2012,29,600,13.49,0,0,5.4662,0,1.661
102,2012,29,700,13.49,0,0,2.7687,0,1.644
102,2012,29,800,13.51,0,11.535,4.9202,0,4.998
102,2012,29,900,13.5,0,324.68,51.488,.65,202.5
102,2012,29,1000,13.44,0,1133.3,155.43,1,533.4
102,2012,29,1100,13.36,0,2073.4,256.23,1,701
102,2012,29,1200,13.28,0,2825.9,325.04,1,755
102,2012,29,1300,13.24,0,2972.5,374.42,1,763
102,2012,29,1400,13.19,0,3066.2,407.17,1,661.3
102,2012,29,1500,13.18,0,2687.7,344.34,1,379.9
102,2012,29,1600,12.87,0,3130.3,377.1,1,559.7
102,2012,29,1700,13.14,0,2322.5,282.87,1,489.6
102,2012,29,1800,13.19,0,1593.5,222.62,1,489
102,2012,29,1900,13.21,0,877.12,137.93,1,442.2
102,2012,29,2000,13.24,0,134.65,24.058,.367,94.1
102,2012,29,2100,12.87,0,0,2.2228,0,1.985
102,2012,29,2200,12.81,0,0,2.6102,0,1.985
102,2012,29,2300,12.8,0,0,2.4047,0,1.985
101,2012,29,2400,12.79,0,23153,3000.3,11.01
102,2012,29,2400,12.79,0,0,4.319,0,1.985
102,2012,30,100,12.78,0,0,2.9743,0,1.985
102,2012,30,200,13.35,0,0,1.3448,0,1.975
102,2012,30,300,13.43,0,0,3.5042,0,1.92
102,2012,30,400,13.45,0,0,4.398,0,1.876
102,2012,30,500,13.47,0,0,2.7925,0,1.765
102,2012,30,600,13.49,0,0,3.8208,0,1.633
102,2012,30,700,13.5,0,0,2.8794,0,1.583
102,2012,30,800,13.51,0,13.98,4.7857,0,3.067
102,2012,30,900,13.49,9.5635,454.05,70.948,.916,326.2
102,2012,30,1000,13.42,0,1303.9,169.65,1,634
102,2012,30,1100,13.34,0,2070.7,251.11,1,682.2
102,2012,30,1200,13.27,0,2753.7,325.52,1,711
102,2012,30,1300,13.24,0,2836,352.49,1,674.1
102,2012,30,1400,13.21,0,2985.6,397.66,1,668.3
102,2012,30,1500,13.19,0,3125.9,402.63,1,656.5
102,2012,30,1600,12.96,0,3090.8,365.59,.983,630.5
102,2012,30,1700,13.05,0,2350.3,281.3,.933,562.5
102,2012,30,1800,13.2,0,1801.6,249.23,1,613.1
102,2012,30,1900,13.21,0,853.74,133.95,1,426.8
102,2012,30,2000,13.22,0,74.597,10.522,.1,33.36
102,2012,30,2100,13.26,0,0,1.3052,0,1.985
102,2012,30,2200,13.29,0,0,1.7797,0,1.985
102,2012,30,2300,13.32,0,0,1.93,0,1.985
101,2012,30,2400,12.78,9.5635,23715,3045,10.93
102,2012,30,2400,13.35,0,0,2.9109,0,1.985
102,2012,31,100,13.37,0,0,2.547,0,1.985
102,2012,31,200,13.39,0,0,2.8951,0,1.985
102,2012,31,300,13.4,0,0,4.1609,0,1.985
102,2012,31,400,13.43,0,0,3.259,0,1.986
102,2012,31,500,13.45,0,0,4.3979,0,1.986
102,2012,31,600,13.46,0,0,2.9899,0,1.975
102,2012,31,700,13.47,0,0,3.3539,0,1.887
102,2012,31,800,13.49,0,18.141,6.3206,0,8.1
102,2012,31,900,13.48,0,381.46,61.347,.816,257
102,2012,31,1000,13.41,0,1310.8,173.26,1,583.4
102,2012,31,1100,13.34,0,2264.3,268.87,1,741
102,2012,31,1200,13.28,0,2964.7,340.7,1,810
102,2012,31,1300,13.24,0,2989,380.73,1,795
102,2012,31,1400,13.21,0,2960.8,396.94,1,731
102,2012,31,1500,13.2,0,2981.8,379.86,.933,609.4
102,2012,31,1600,13.19,0,2666.9,314.85,.783,511.3
102,2012,31,1700,13.19,0,2404.9,300.15,.866,535.2
102,2012,31,1800,13.2,0,1461,205.24,.883,482.9
102,2012,31,1900,13.22,0,858.67,134.61,1,451.4
102,2012,31,2000,12.85,0,131.58,23.955,.383,95.3
102,2012,31,2100,12.81,0,0,2.468,0,1.985
102,2012,31,2200,12.8,0,0,3.3695,0,1.985
102,2012,31,2300,12.79,0,0,3.702,0,1.985
101,2012,31,2400,12.79,0,23394,3024.5,10.66
102,2012,31,2400,12.79,0,0,4.5086,0,1.985
102,2012,32,100,13.38,0,0,4.8884,0,1.985
102,2012,32,200,13.41,0,0,4.7383,0,1.98
102,2012,32,300,13.43,0,0,5.3156,0,1.908
102,2012,32,400,13.46,0,0,3.9551,0,1.721
102,2012,32,500,13.47,0,0,5.0391,0,1.517
102,2012,32,600,13.49,0,0,4.4932,0,1.495
102,2012,32,700,13.51,0,0,3.797,0,1.512
102,2012,32,800,13.52,0,7.2774,6.2174,0,4.265
102,2012,32,900,13.51,0,422.66,73.058,.833,383.4
102,2012,32,1000,13.44,26.753,1325.8,173.9,1,667.8
102,2012,32,1100,13.35,0,2181.6,258.75,1,716
102,2012,32,1200,13.31,0,1797,221.89,.933,290.8
102,2012,32,1300,13.27,0,1865.4,248.31,.25,102
102,2012,32,1400,13.23,0,3108.7,414.7,1,644.5
102,2012,32,1500,13.21,0,2972.4,380.46,.933,612.4
102,2012,32,1600,13.21,0,2998,351.01,.883,561.1
102,2012,32,1700,13.2,0,2752.4,324.98,.95,662.8
102,2012,32,1800,13.21,0,1765.7,239.71,.916,592
102,2012,32,1900,13.22,0,961.61,148.15,1,520.3
102,2012,32,2000,13.24,0,161.02,30.505,.466,143.5
102,2012,32,2100,13.27,0,0,2.3889,0,1.985
102,2012,32,2200,13.31,0,0,2.9662,0,1.985
102,2012,32,2300,13.34,0,0,4.0975,0,1.985
101,2012,32,2400,13.2,26.753,22320,2918.9,10.16
102,2012,32,2400,13.37,0,0,5.5843,0,1.985
102,2012,33,100,13.4,0,0,6.4862,0,1.985
102,2012,33,200,13.42,0,0,4.4535,0,1.98
102,2012,33,300,13.44,0,0,3.3935,0,1.903
102,2012,33,400,13.46,0,0,4.4297,0,1.716
102,2012,33,500,13.48,0,0,3.6784,0,1.44
102,2012,33,600,13.51,0,0,4.944,0,1.429
102,2012,33,700,13.52,0,0,6.431,0,1.479
102,2012,33,800,13.53,0,15.363,8.0604,0,11.32
102,2012,33,900,13.52,116.61,427.54,71.365,.966,401.7
102,2012,33,1000,13.45,10.758,1380.4,179.43,1,707
102,2012,33,1100,13.36,0,2368.4,276.37,1,803
102,2012,33,1200,13.28,0,2975.2,336.27,1,815
102,2012,33,1300,13.24,0,2979.7,382.16,1,791
102,2012,33,1400,13.21,0,2959.6,401.97,1,727
102,2012,33,1500,13.2,0,3102.6,402.53,1,673.4
102,2012,33,1600,13.19,0,3001,353.78,.9,583.1
102,2012,33,1700,13.19,0,1966.4,243.83,.716,460.9
102,2012,33,1800,13.21,0,1703.9,237.43,.966,557.1
102,2012,33,1900,13.22,0,712.02,106.27,.533,233
102,2012,33,2000,12.84,0,71.644,12.721,0,26.32
102,2012,33,2100,12.81,0,0,2.8081,0,1.985
102,2012,33,2200,12.8,0,0,3.3696,0,1.985
102,2012,33,2300,12.79,0,0,2.8319,0,1.985
101,2012,33,2400,12.79,127.37,23664,3060.1,10.08
102,2012,33,2400,12.79,0,0,5.0466,0,1.985
102,2012,34,100,12.78,0,0,4.1526,0,1.985
102,2012,34,200,12.77,0,0,3.3617,0,1.985
102,2012,34,300,12.76,0,0,3.5913,0,1.986
102,2012,34,400,12.75,0,0,2.1041,0,1.986
102,2012,34,500,12.75,0,0,2.5391,0,1.986
102,2012,34,600,12.75,0,0,3.4567,0,1.986
102,2012,34,700,12.74,0,0,4.0657,0,1.986
102,2012,34,800,12.74,0,13.28,5.5374,0,3.227
102,2012,34,900,12.74,10.972,291.31,43.129,.117,82.9
102,2012,34,1000,13.37,16.257,1174.3,166.92,1,457.5
102,2012,34,1100,13.31,32.462,1513.4,198.74,.766,294.4
102,2012,34,1200,13.25,0,2163.5,273.02,.95,396.8
102,2012,34,1300,13.22,0,2869.3,367.35,1,698.8
102,2012,34,1400,13.19,0,2887,392.31,1,667.6
102,2012,34,1500,13.18,0,3073.4,403.98,1,635.8
102,2012,34,1600,13.18,0,2991,357.19,.95,615.4
102,2012,34,1700,13.18,0,2514.3,315.18,.933,548.7
102,2012,34,1800,13.19,0,1450.1,207.11,.833,425.3
102,2012,34,1900,13.21,0,576.49,85.869,.7,207.7
102,2012,34,2000,13.22,0,108.7,19.248,.1,51.22
102,2012,34,2100,13.25,0,0,1.7798,0,1.985
102,2012,34,2200,13.3,0,0,2.7526,0,1.985
102,2012,34,2300,13.33,0,0,3.4173,0,1.985
101,2012,34,2400,12.74,59.69,21626,2871.3,9.35
102,2012,34,2400,13.36,0,0,4.5166,0,1.985
102,2012,35,100,13.38,0,0,3.1718,0,1.985
102,2012,35,200,13.4,0,0,4.7775,0,1.985
102,2012,35,300,13.41,0,0,2.0012,0,1.985
102,2012,35,400,13.44,0,0,3.3302,0,1.98
102,2012,35,500,13.46,0,0,4.7459,0,1.975
102,2012,35,600,13.47,0,0,4.3428,0,1.969
102,2012,35,700,13.47,0,0,3.0614,0,1.854
102,2012,35,800,13.49,0,19.116,6.9772,0,4.916
102,2012,35,900,13.47,155.04,367.61,61.593,.716,198.3
102,2012,35,1000,13.42,565.02,1068.4,145.68,1,466
102,2012,35,1100,13.35,0,1871.1,225,1,595.3
102,2012,35,1200,13.27,0,2663.8,313.91,1,718
102,2012,35,1300,13.21,0,2858,372.56,1,727
102,2012,35,1400,13.17,0,2836.6,390.65,.966,634.6
102,2012,35,1500,13.13,0,3141.9,422.2,.983,644.2
102,2012,35,1600,13.1,0,2987.7,366.54,.9,-6999
102,2012,35,1700,13.1,0,2423.7,286.38,.95,573.2
102,2012,35,1800,13.12,0,1387.7,183.91,.716,372.9
102,2012,35,1900,13.17,0,593.58,84.887,.7,251.7
102,2012,35,2000,12.81,0,92.428,15.941,.2,55.95
102,2012,35,2100,12.79,0,0,1.8906,0,1.985
102,2012,35,2200,12.78,0,0,3.2272,0,1.985
102,2012,35,2300,12.78,53.275,0,3.7732,0,1.985
101,2012,35,2400,12.78,821.61,22312,2914.5,10.13
102,2012,35,2400,13.32,48.275,0,3.9945,0,1.985
102,2012,36,100,13.35,0,0,3.9074,0,1.985
102,2012,36,200,13.37,0,.1169,4.0734,0,1.985
102,2012,36,300,13.37,0,0,4.0813,0,1.985
102,2012,36,400,13.38,0,0,2.7764,0,1.985
102,2012,36,500,13.4,0,0,4.0341,0,1.985
102,2012,36,600,13.4,0,0,4.2634,0,1.986
102,2012,36,700,13.42,0,0,4.5008,0,1.909
102,2012,36,800,13.44,0,16.047,7.5309,0,12.03
102,2012,36,900,13.43,682.57,470.45,70.074,.983,424.4
102,2012,36,1000,13.37,1092.4,1371.4,172.53,1,702
102,2012,36,1100,13.29,43.835,2361.3,263.51,1,800
102,2012,36,1200,13.22,0,3174.9,334.91,1,841
102,2012,36,1300,13.18,0,3184,381.34,.983,813
102,2012,36,1400,13.16,0,3208.3,411.61,.95,745
102,2012,36,1500,13.15,0,2455.5,297.36,.533,425.1
102,2012,36,1600,13.15,0,2151.8,258.6,.533,374.9
102,2012,36,1700,13.15,0,2182,275.58,.916,540.3
102,2012,36,1800,13.16,0,695.67,88.486,.15,99.4
102,2012,36,1900,13.19,79.62,183.25,24.549,0,10.68
102,2012,36,2000,13.24,0,45.741,9.1996,0,7.32
102,2012,36,2100,13.28,3.1404,0,4.6749,0,1.985
102,2012,36,2200,13.3,0,0,4.8015,0,1.985
102,2012,36,2300,13.33,0,0,5.7426,0,1.985
101,2012,36,2400,13.15,1901.6,21501,2641,8.05
102,2012,36,2400,13.34,0,0,2.8396,0,1.985
102,2012,37,100,13.36,0,0,3.8994,0,1.985
102,2012,37,200,13.38,0,0,4.2,0,1.958
102,2012,37,300,13.39,0,0,3.2509,0,1.809
102,2012,37,400,13.4,0,0,3.2668,0,1.71
102,2012,37,500,13.42,0,0,4.7936,0,1.611
102,2012,37,600,13.43,0,0,5.3003,0,1.578
102,2012,37,700,13.46,0,0,5.0312,0,1.512
102,2012,37,800,13.46,0,28.741,8.7729,0,11.55
102,2012,37,900,13.46,0,444.64,63.427,.916,200.5
102,2012,37,1000,12.83,0,1344.8,171.67,1,452.1
102,2012,37,1100,12.78,0,1873.8,221.39,1,439.8
102,2012,37,1200,12.78,0,2535.4,285.96,1,483.2
102,2012,37,1300,12.79,0,3188.8,372.81,1,684
102,2012,37,1400,12.82,0,2102.3,248.93,.516,289.3
102,2012,37,1500,13.17,0,3085.5,363.61,.8,445.4
102,2012,37,1600,13.17,0,2315.3,274.48,.65,340.8
102,2012,37,1700,13.19,0,1539.3,192.78,.516,266.2
102,2012,37,1800,13.2,0,1288.5,169,.966,359.7
102,2012,37,1900,13.23,0,801.41,114.59,1,270.5
102,2012,37,2000,13.23,0,165.75,26.865,.183,60.96
102,2012,37,2100,12.81,0,0,2.6024,0,1.985
102,2012,37,2200,12.79,101.05,0,3.3777,0,1.985
102,2012,37,2300,12.78,1347.6,0,4.3031,0,1.985
101,2012,37,2400,12.77,3391.4,20714,2558.3,9.55
102,2012,37,2400,12.77,1942.8,0,4.0182,0,1.985
102,2012,38,100,12.76,1169.1,0,2.6892,0,1.985
102,2012,38,200,12.76,2099.3,0,3.4723,0,1.985
102,2012,38,300,12.75,1577.8,0,3.5673,0,1.986
102,2012,38,400,12.74,2595.1,0,3.085,0,1.958
102,2012,38,500,12.73,2623.6,0,4.43,0,1.782
102,2012,38,600,12.73,865.34,0,3.9078,0,1.423
102,2012,38,700,12.72,80.431,0,3.9789,0,1.374
102,2012,38,800,12.72,103.7,25.223,7.8627,0,9.64
102,2012,38,900,13.45,1084.1,437.2,66.065,.533,151.5
102,2012,38,1000,13.4,602.51,1111.2,147.67,1,370.4
102,2012,38,1100,13.35,135.29,1726.3,215.2,1,489.6
102,2012,38,1200,13.29,3.33,2335.3,275.32,1,499
102,2012,38,1300,13.24,0,2929.9,337.81,1,587.8
102,2012,38,1400,13.2,0,3375.7,398.25,1,655.6
102,2012,38,1500,13.17,0,3577.2,416.72,1,696.1
102,2012,38,1600,12.88,0,2295.2,275.78,.716,339.5
102,2012,38,1700,12.86,0,2595.1,337.77,.883,569.2
102,2012,38,1800,13.18,0,1796.9,244.78,1,541.4
102,2012,38,1900,13.2,0,805.52,120.31,1,373.9
102,2012,38,2000,13.22,0,100.71,17.27,.2,48.79
102,2012,38,2100,13.25,0,0,2.0804,0,1.985
102,2012,38,2200,13.29,0,0,2.5153,0,1.985
102,2012,38,2300,13.32,0,0,2.8003,0,1.985
101,2012,38,2400,12.72,12940,23111,2896.2,10.33
102,2012,38,2400,13.34,0,0,2.8951,0,1.985
102,2012,39,100,13.36,0,0,2.5549,0,1.985
102,2012,39,200,13.38,2.0328,0,3.1955,0,1.985
102,2012,39,300,13.39,9.7365,0,3.1242,0,1.985
102,2012,39,400,13.4,186.96,0,2.9423,0,1.985
102,2012,39,500,13.42,0,0,2.3491,0,1.985
102,2012,39,600,13.42,0,0,2.3255,0,1.985
102,2012,39,700,13.43,0,0,2.6103,0,1.986
102,2012,39,800,13.43,4.6588,5.056,2.6972,0,1.986
102,2012,39,900,13.41,27.866,387.72,55.991,.3,130.3
102,2012,39,1000,13.37,57.651,1003.1,133.11,.766,299
102,2012,39,1100,13.34,0,992.74,125.39,.017,31.89
102,2012,39,1200,13.28,7.1589,2362.1,283.91,.866,501.1
102,2012,39,1300,13.24,0,3394,392.48,1,776
102,2012,39,1400,13.2,0,3566.6,415.84,1,732
102,2012,39,1500,13.19,0,3569.9,432.91,1,737
102,2012,39,1600,13.18,0,3145.3,397.16,1,683
102,2012,39,1700,12.88,0,2357.5,310.55,.9,584.8
102,2012,39,1800,13.19,0,1462.1,201.81,.733,448.3
102,2012,39,1900,13.2,0,725.7,105.8,.633,297.5
102,2012,39,2000,12.87,0,64.346,11.289,0,22.52
102,2012,39,2100,12.81,0,0,1.8985,0,1.985
102,2012,39,2200,12.79,0,0,2.8792,0,1.985
102,2012,39,2300,12.79,0,0,3.1009,0,1.985
101,2012,39,2400,12.78,296.06,23036,2898.2,8.21
102,2012,39,2400,12.78,0,0,2.2465,0,1.985
102,2012,40,100,12.77,81.115,0,4.042,0,1.985
102,2012,40,200,12.76,796.24,0,3.8836,0,1.985
102,2012,40,300,12.75,619.29,0,3.9231,0,1.985
102,2012,40,400,12.75,55.621,0,4.6429,0,1.985
102,2012,40,500,12.74,0,0,4.4296,0,1.986
102,2012,40,600,12.74,1407.1,0,5.0467,0,1.958
102,2012,40,700,12.73,483.61,0,3.7893,0,1.765
102,2012,40,800,12.72,0,17.751,6.1306,0,6.83
102,2012,40,900,12.72,313.91,416.13,64.398,.866,297.1
102,2012,40,1000,12.73,1223.6,1279.8,172.24,1,621.1
102,2012,40,1100,12.73,384.21,2133.5,266.98,1,730
102,2012,40,1200,12.75,37.723,2923,349.15,1,798
102,2012,40,1300,12.78,0,3424.8,400.62,1,786
102,2012,40,1400,12.8,0,3695,437.53,1,770
102,2012,40,1500,12.82,0,3630,445.01,1,765
102,2012,40,1600,12.83,0,3187.8,404.08,1,750
102,2012,40,1700,12.83,0,2672.7,352.8,1,737
102,2012,40,1800,13.15,0,1879.8,261.82,1,654.1
102,2012,40,1900,13.16,0,903.8,139.08,1,477.5
102,2012,40,2000,13.18,0,136.29,25.989,.4,112.1
102,2012,40,2100,13.21,0,0,2.919,0,1.985
102,2012,40,2200,13.24,0,0,3.6149,0,1.985
102,2012,40,2300,13.28,0,0,5.007,0,1.985
101,2012,40,2400,12.72,5402.4,26300,3371.9,11.26
102,2012,40,2400,13.32,0,0,4.7699,0,1.985
102,2012,41,100,13.35,14.175,0,4.8409,0,1.985
102,2012,41,200,13.37,62.63,0,5.1493,0,1.985
102,2012,41,300,13.39,730.19,0,5.4892,0,1.985
102,2012,41,400,13.41,111.17,0,4.6348,0,1.974
102,2012,41,500,13.44,0,0,6.312,0,1.925
102,2012,41,600,13.46,0,0,7.1431,0,1.881
102,2012,41,700,13.47,15.45,0,7.547,0,1.887
102,2012,41,800,13.48,0,16.719,8.6465,0,7.91
102,2012,41,900,13.47,202.51,381.11,59.441,.683,252.1
102,2012,41,1000,13.41,67.661,1169.9,160.48,1,530
102,2012,41,1100,12.91,144.8,1995.5,256.05,1,605.9
102,2012,41,1200,12.87,89.206,2466.3,305.98,1,574.2
102,2012,41,1300,12.87,0,3233.1,385.41,1,662.7
102,2012,41,1400,12.87,0,3355.5,401.86,1,551.8
102,2012,41,1500,12.87,0,3033.2,376.96,.966,476.3
102,2012,41,1600,12.86,0,2809.5,359.78,.95,515.5
102,2012,41,1700,12.86,0,2464.5,325.62,.95,567.2
102,2012,41,1800,12.84,0,1572.3,217.61,.816,410.4
102,2012,41,1900,12.84,0,846.55,130.11,1,386.8
102,2012,41,2000,13.18,0,84.225,14.826,.083,31.1
102,2012,41,2100,13.22,0,0,2.9902,0,1.985
102,2012,41,2200,13.28,0,0,4.042,0,1.985
102,2012,41,2300,13.3,0,0,4.6352,0,1.985
101,2012,41,2400,12.84,1437.8,23428,3059.3,10.45
102,2012,41,2400,13.33,0,0,3.7812,0,1.985
102,2012,42,100,13.35,67.243,0,4.5009,0,1.985
102,2012,42,200,13.37,1075.9,0,5.9166,0,1.985
102,2012,42,300,13.39,2106.8,0,4.2,0,1.985
102,2012,42,400,13.41,441.27,0,4.0891,0,1.985
102,2012,42,500,13.42,981.21,0,5.481,0,1.985
102,2012,42,600,13.44,1712,0,3.8598,0,1.986
102,2012,42,700,13.46,997.08,0,4.0578,0,1.986
102,2012,42,800,13.47,0,10.591,5.2369,0,2.598
102,2012,42,900,13.46,0,334.42,51.111,.333,110.8
102,2012,42,1000,13.4,0,1103.6,151.3,1,429.9
102,2012,42,1100,13.32,0,2038.8,258.89,1,631.3
102,2012,42,1200,13.26,0,2778.8,338.42,1,721
102,2012,42,1300,13.22,0,3393.6,400.68,1,758
102,2012,42,1400,13.18,0,3633,437.36,1,715
102,2012,42,1500,13.17,0,3063.7,379.45,.783,540.9
102,2012,42,1600,13.16,0,2789.3,358.45,.783,585.3
102,2012,42,1700,13.16,0,1625.1,213.05,.483,335.3
102,2012,42,1800,13.19,0,1398.6,196.3,.75,392.8
102,2012,42,1900,13.2,0,838.26,129.68,1,412.7
102,2012,42,2000,13.22,0,123.51,21.986,.35,84.1
102,2012,42,2100,13.25,0,0,2.1991,0,1.985
102,2012,42,2200,13.29,0,0,2.6261,0,1.985
102,2012,42,2300,13.31,98.035,0,3.2827,0,1.985
101,2012,42,2400,13.16,8022.1,23131,2986.1,9.48
102,2012,42,2400,13.34,542.64,0,3.9947,0,1.985
102,2012,43,100,13.36,1374.5,0,3.5358,0,1.985
102,2012,43,200,13.37,1700.6,0,3.5278,0,1.985
102,2012,43,300,13.4,2048.6,0,3.322,0,1.985
102,2012,43,400,13.41,1876.7,0,3.6937,0,1.985
102,2012,43,500,13.41,1671.3,0,.80675,0,1.985
102,2012,43,600,13.43,746.11,0,4.3341,0,1.985
102,2012,43,700,13.43,0,0,2.5704,0,1.985
102,2012,43,800,13.44,0,9.0496,4.4845,0,2.78
102,2012,43,900,13.44,0,299.94,46.585,.45,116.5
102,2012,43,1000,13.39,0,1159.9,159.96,1,447.7
102,2012,43,1100,13.32,2.0328,1806.4,227.76,1,512.6
102,2012,43,1200,13.28,0,1831.3,226.75,.55,283.1
102,2012,43,1300,12.85,0,1371.7,169.09,.3,111.8
102,2012,43,1400,12.82,0,903.51,113.53,.05,45.41
102,2012,43,1500,12.82,0,722.79,90.936,0,10.53
102,2012,43,1600,13.25,0,733.99,94.525,0,12.71
102,2012,43,1700,13.24,0,1688,233.16,.633,273.8
102,2012,43,1800,13.23,0,883.73,115.53,.283,127
102,2012,43,1900,13.24,0,295.01,37.309,0,11.81
102,2012,43,2000,13.27,0,63.425,9.9356,0,3.298
102,2012,43,2100,12.84,207.41,0,2.1673,0,1.985
102,2012,43,2200,12.8,2148.1,0,2.0013,0,1.985
102,2012,43,2300,12.79,1475,0,2.8477,0,1.985
101,2012,43,2400,12.79,15042,11769,1561.3,4.265
102,2012,43,2400,13.3,1791.6,0,2.9426,0,1.985
102,2012,44,100,13.35,1411.8,0,1.9538,0,1.985
102,2012,44,200,13.33,108.26,0,2.2939,0,1.985
102,2012,44,300,13.37,109.56,0,3.7096,0,1.985
102,2012,44,400,13.37,0,0,1.8429,0,1.985
102,2012,44,500,13.37,0,0,2.3887,0,1.985
102,2012,44,600,13.37,0,0,1.7005,0,1.985
102,2012,44,700,13.39,0,0,2.1197,0,1.985
102,2012,44,800,13.39,0,3.9549,2.5705,0,1.985
102,2012,44,900,13.39,0,73.204,12.528,0,3.248
102,2012,44,1000,13.38,0,59.802,9.8551,0,2.25
102,2012,44,1100,13.39,0,390.42,41.302,0,6.425
102,2012,44,1200,13.39,0,883.39,104.36,.05,25.84
102,2012,44,1300,13.36,0,1006.1,122.03,0,3.166
102,2012,44,1400,13.31,0,1888.8,223.98,.133,43.99
102,2012,44,1500,13.26,0,3216.6,365.54,1,400.1
102,2012,44,1600,13.25,0,1525.2,177.23,.3,120.6
102,2012,44,1700,13.28,707.57,1721.8,217.93,.65,199
102,2012,44,1800,13.27,249.93,1546,201.25,1,283.1
102,2012,44,1900,13.27,29.655,743.9,99.59,.466,184
102,2012,44,2000,13.29,12.767,116.01,18.035,.05,37.58
102,2012,44,2100,13.31,6.5017,0,1.9064,0,1.985
102,2012,44,2200,13.34,0,0,3.2511,0,1.985
102,2012,44,2300,13.35,0,0,3.3538,0,1.985
101,2012,44,2400,13.25,2636.1,13175,1624.1,3.649
102,2012,44,2400,13.38,0,0,3.3774,0,1.985
102,2012,45,100,13.41,0,0,3.7173,0,1.985
102,2012,45,200,13.43,0,0,3.7251,0,1.969
102,2012,45,300,13.43,0,0,2.8393,0,1.941
102,2012,45,400,13.45,0,0,2.4521,0,1.864
102,2012,45,500,13.46,0,0,2.7291,0,1.848
102,2012,45,600,13.47,0,0,3.1562,0,1.842
102,2012,45,700,13.48,0,0,2.7767,0,1.903
102,2012,45,800,13.49,0,15.501,3.9553,0,3.227
102,2012,45,900,13.48,0,263.08,32.552,0,52
102,2012,45,1000,13.42,0,1092.4,135.55,1,391
102,2012,45,1100,13.34,0,2171.3,254.57,1,705
102,2012,45,1200,13.27,0,2913.6,322.2,1,821
102,2012,45,1300,13.23,0,3401.3,375.27,1,813
102,2012,45,1400,13.2,0,3582.1,405.25,1,752
102,2012,45,1500,13.19,0,2925.4,337.31,.733,486.3
102,2012,45,1600,13.18,0,3445,411.33,1,803
102,2012,45,1700,13.17,0,2663.2,328.29,.95,718
102,2012,45,1800,13.18,0,1762.7,230.92,.916,609.8
102,2012,45,1900,13.2,0,874.31,122.77,.783,391.6
102,2012,45,2000,13.22,0,167.56,26.756,.367,92.1
102,2012,45,2100,12.82,0,0,0,0,1.985
102,2012,45,2200,12.8,0,0,.42714,0,1.985
102,2012,45,2300,12.79,0,0,1.5661,0,1.985
101,2012,45,2400,12.79,240.42,25277,3012.9,9.75
102,2012,45,2400,12.79,240.42,0,2.7844,0,1.985
102,2012,46,100,13.34,886.17,0,4.7936,0,1.985
102,2012,46,200,13.36,1098,0,4.5799,0,1.985
102,2012,46,300,13.37,0,0,4.0023,0,1.985
102,2012,46,400,13.39,0,0,2.8632,0,1.985
102,2012,46,500,13.41,0,0,3.1242,0,1.985
102,2012,46,600,13.41,0,0,2.0168,0,1.985
102,2012,46,700,13.43,0,0,2.871,0,1.985
102,2012,46,800,13.43,0,10.51,5.4888,0,2.471
102,2012,46,900,13.44,0,241.48,34.459,0,27.07
102,2012,46,1000,13.41,0,694.98,91.413,.483,129.6
102,2012,46,1100,13.34,0,1786.3,223.18,.883,467.3
102,2012,46,1200,13.29,0,2007.8,240.89,1,300.9
102,2012,46,1300,13.25,0,2278.5,271.17,.833,223.3
102,2012,46,1400,13.24,0,2269.7,270.12,.267,105.3
102,2012,46,1500,13.22,0,1978.6,240.02,.233,100.3
102,2012,46,1600,13.2,0,2891.9,358.8,.933,561.1
102,2012,46,1700,13.2,0,2476.3,312.93,1,645.7
102,2012,46,1800,13.2,73.048,1439.6,191.67,.716,390.5
102,2012,46,1900,13.26,0,857.75,127.81,1,368.4
102,2012,46,2000,13.27,0,123.79,21.872,.267,71
102,2012,46,2100,13.3,0,0,2.3177,0,1.985
102,2012,46,2200,13.35,92.08,0,3.607,0,1.985
102,2012,46,2300,13.37,168.79,0,5.1413,0,1.98
101,2012,46,2400,13.2,2318.1,19057,2431,7.61
102,2012,46,2400,13.4,0,0,5.8767,0,1.985
102,2012,47,100,13.41,0,0,3.3377,0,1.963
102,2012,47,200,13.43,0,0,4.8165,0,1.864
102,2012,47,300,13.45,0,0,5.4574,0,1.826
102,2012,47,400,13.46,0,0,3.8048,0,1.754
102,2012,47,500,13.48,0,0,3.5361,0,1.644
102,2012,47,600,13.49,0,0,4.3904,0,1.661
102,2012,47,700,13.5,0,0,3.8841,0,1.639
102,2012,47,800,13.51,0,12.558,5.5293,0,3.641
102,2012,47,900,13.49,0,421.07,63.829,.833,298.6
102,2012,47,1000,13.42,0,1269.2,167.3,1,637.4
102,2012,47,1100,13.35,0,2075.1,250.85,1,733
102,2012,47,1200,13.3,0,2177.6,251.27,.85,423.6
102,2012,47,1300,12.82,0,3152.8,351.78,1,694.1
102,2012,47,1400,12.82,0,3061.1,351.43,.966,434.5
102,2012,47,1500,12.82,0,2805.1,330.02,.95,323.6
102,2012,47,1600,13.16,0,2551.9,304.87,.983,496.2
102,2012,47,1700,13.2,0,2395.6,295.16,.783,616.4
102,2012,47,1800,13.2,0,1834.2,243.24,.9,578.6
102,2012,47,1900,13.22,0,914.14,134.03,1,505.4
102,2012,47,2000,13.24,0,138.25,23.14,.367,106.1
102,2012,47,2100,12.98,0,0,3.3223,0,1.985
102,2012,47,2200,13.3,0,0,3.5833,0,1.985
102,2012,47,2300,13.33,0,0,2.8556,0,1.985
101,2012,47,2400,12.82,0,22809,2815.5,10.63
102,2012,47,2400,13.36,0,0,4.042,0,1.985
102,2012,48,100,13.37,0,0,3.5436,0,1.985
102,2012,48,200,13.38,0,0,2.9978,0,1.985
102,2012,48,300,13.39,0,0,2.9344,0,1.985
102,2012,48,400,13.41,0,0,2.7683,0,1.985
102,2012,48,500,13.41,0,0,1.8429,0,1.985
102,2012,48,600,13.41,0,0,1.8271,0,1.985
102,2012,48,700,13.42,0,0,2.2541,0,1.985
102,2012,48,800,13.43,0,3.5165,2.5467,0,1.985
102,2012,48,900,13.41,0,366.32,52.596,.533,177.8
102,2012,48,1000,13.36,0,1140.8,147.3,.95,473.5
102,2012,48,1100,12.82,6.4627,854.6,100.73,.017,38.02
102,2012,48,1200,13.29,0,2222.4,257.58,.783,458.2
102,2012,48,1300,13.25,0,2586.7,294.48,.966,333.8
102,2012,48,1400,13.24,0,1975,231.51,.45,131.2
102,2012,48,1500,13.22,0,2039.1,239.73,.283,84.3
102,2012,48,1600,13.23,0,1368,161.67,0,20.28
102,2012,48,1700,13.25,0,1330.4,165.04,.417,131.7
102,2012,48,1800,13.25,0,1955.5,260.95,1,513.4
102,2012,48,1900,13.26,0,684.41,90.924,.483,129.7
102,2012,48,2000,13.28,0,77.53,11.557,0,6.794
102,2012,48,2100,13.32,0,0,1.7086,0,1.985
102,2012,48,2200,13.35,0,0,2.9425,0,1.985
102,2012,48,2300,13.38,0,0,3.9548,0,1.985
101,2012,48,2400,12.82,6.4627,16604,2046.7,5.881
102,2012,48,2400,13.4,0,0,3.3615,0,1.985
102,2012,49,100,13.41,0,0,3.6304,0,1.985
102,2012,49,200,13.41,0,0,3.0055,0,1.985
102,2012,49,300,13.42,0,0,3.1716,0,1.985
102,2012,49,400,13.42,0,0,2.9027,0,1.985
102,2012,49,500,13.43,0,0,3.2586,0,1.985
102,2012,49,600,13.43,0,0,2.9422,0,1.985
102,2012,49,700,13.43,0,0,2.8552,0,1.985
102,2012,49,800,13.43,0,2.4644,4.1839,0,2.167
102,2012,49,900,13.43,0,272.17,35.25,0,25.08
102,2012,49,1000,13.41,0,661.29,82.064,0,36.74
102,2012,49,1100,13.37,0,1549.4,187.88,.45,253.5
102,2012,49,1200,13.3,0,2531.8,284.67,1,649.3
102,2012,49,1300,13.27,0,2467,275.63,1,344.8
102,2012,49,1400,13.24,0,2724.5,309.94,.5,181.6
102,2012,49,1500,13.22,0,2671.3,305.22,.7,287.6
102,2012,49,1600,13.2,0,2744.6,327.9,.9,500.6
102,2012,49,1700,13.21,0,2289.6,281.97,.883,531.6
102,2012,49,1800,13.22,62.73,398.27,43.165,.017,30.26
102,2012,49,1900,13.27,0,433.75,53.22,0,9.55
102,2012,49,2000,13.32,0,73.673,10.568,0,2.002
102,2012,49,2100,13.34,0,0,2.1911,0,1.985
102,2012,49,2200,13.37,0,0,2.808,0,1.985
102,2012,49,2300,13.39,0,0,2.9424,0,1.985
101,2012,49,2400,13.2,62.73,18820,2234.3,5.448
102,2012,49,2400,13.39,0,0,2.974,0,1.985
102,2012,50,100,13.41,0,0,4.1604,0,2.156
102,2012,50,200,13.43,0,0,3.1003,0,2.272
102,2012,50,300,13.44,0,0,2.7127,0,2.256
102,2012,50,400,13.45,0,0,2.6969,0,2.234
102,2012,50,500,13.46,0,0,4.0414,0,2.228
102,2012,50,600,13.46,0,0,3.4878,0,2.261
102,2012,50,700,13.46,0,.43833,1.5739,0,2.113
102,2012,50,800,13.48,0,.984,1.0362,0,2.002
102,2012,50,900,13.48,0,39.741,4.2639,0,3.067
102,2012,50,1000,13.49,0,355.26,34.728,0,4.06
102,2012,50,1100,13.46,0,681.48,70.196,0,21.83
102,2012,50,1200,13.39,0,1923.1,195.23,.45,199.6
102,2012,50,1300,13.34,0,2849.9,276.13,.916,472.3
102,2012,50,1400,13.29,0,3266.3,325.3,.983,545
102,2012,50,1500,13.26,0,3131.6,322.45,.716,505.4
102,2012,50,1600,13.24,0,3117.1,338.99,.816,546.1
102,2012,50,1700,13.25,0,1186.2,130.27,.233,104.6
102,2012,50,1800,13.27,0,994.75,114.91,.283,107.8
102,2012,50,1900,13.29,0,464.35,54.294,0,31.08
102,2012,50,2000,13.31,0,87.647,12.83,0,4.423
102,2012,50,2100,13.35,0,0,3.1008,0,1.985
102,2012,50,2200,13.38,0,0,2.46,0,1.985
102,2012,50,2300,13.39,0,0,3.0689,0,1.985
101,2012,50,2400,13.24,0,18099,1915.2,4.398
102,2012,50,2400,13.41,0,0,4.184,0,1.985
102,2012,51,100,13.42,0,0,3.567,0,1.985
102,2012,51,200,13.44,0,0,3.9149,0,1.985
102,2012,51,300,13.45,0,0,3.4799,0,1.908
102,2012,51,400,13.46,0,0,2.8867,0,1.842
102,2012,51,500,13.46,0,0,3.037,0,1.859
102,2012,51,600,13.46,0,0,3.0055,0,1.853
102,2012,51,700,13.46,0,0,2.8789,0,1.82
102,2012,51,800,13.46,0,1.1592,2.1038,0,1.98
102,2012,51,900,13.48,0,6.5081,.69611,0,1.975
102,2012,51,1000,13.49,0,49.562,5.0945,0,1.958
102,2012,51,1100,13.47,0,657.19,62.32,0,15.77
102,2012,51,1200,13.4,0,2078.8,213.28,.916,235.9
102,2012,51,1300,13.34,0,3206,326.68,1,506.7
102,2012,51,1400,13.3,0,3234.7,335.58,.833,383
102,2012,51,1500,12.83,0,2580.5,272.51,.6,197
102,2012,51,1600,12.83,0,1918.5,205.06,.283,90.4
102,2012,51,1700,13.29,0,1586.7,173.35,.45,121.1
102,2012,51,1800,13.3,0,919.26,102.85,.017,81.6
102,2012,51,1900,13.32,0,589.21,70.911,0,91.7
102,2012,51,2000,13.32,0,121.1,17.877,0,33.44
102,2012,51,2100,13.33,0,0,3.5755,0,2.041
102,2012,51,2200,13.37,0,0,4.3346,0,1.991
102,2012,51,2300,13.4,0,0,4.7061,0,1.985
101,2012,51,2400,12.83,0,16949,1829.1,4.098
102,2012,51,2400,13.42,0,0,5.3861,0,1.985
102,2012,52,100,13.41,0,0,4.342,0,1.985
102,2012,52,200,13.4,0,0,3.9307,0,1.986
102,2012,52,300,13.44,0,0,4.469,0,1.986
102,2012,52,400,13.46,0,0,3.536,0,1.975
102,2012,52,500,13.46,0,0,3.4174,0,1.942
102,2012,52,600,13.47,0,0,3.8762,0,1.914
102,2012,52,700,13.47,0,0,3.6072,0,1.881
102,2012,52,800,13.48,0,8.6612,4.2321,0,2.323
102,2012,52,900,13.47,0,204.57,23.51,0,11.75
102,2012,52,1000,13.44,0,868.03,92.696,.716,172
102,2012,52,1100,13.41,0,723.65,74.663,.017,13.33
102,2012,52,1200,13.38,0,813.57,82.336,.017,13.65
102,2012,52,1300,13.34,0,1766,181,.3,93
102,2012,52,1400,13.32,0,2145.8,222.46,.083,38.08
102,2012,52,1500,13.3,0,1522.9,157.78,.2,55.6
102,2012,52,1600,13.27,0,1990.5,207.21,.633,178.4
102,2012,52,1700,13.26,0,2517.6,279.32,1,496.9
102,2012,52,1800,12.81,0,1884.3,224.16,1,480.2
102,2012,52,1900,13.29,0,987.38,128.01,1,434.8
102,2012,52,2000,13.3,0,162.2,22.788,.267,73.1
102,2012,52,2100,13.32,0,0,1.1075,0,1.985
102,2012,52,2200,13.34,0,0,3.3855,0,1.985
102,2012,52,2300,13.38,0,0,6.0588,0,1.985
101,2012,52,2400,12.81,0,15595,1744.1,5.231
102,2012,52,2400,13.4,0,0,6.2009,0,1.985
102,2012,53,100,13.42,0,0,5.5679,0,1.985
102,2012,53,200,13.44,0,0,5.8368,0,1.986
102,2012,53,300,13.46,0,0,5.3551,0,1.986
102,2012,53,400,13.47,0,0,5.9092,0,1.931
102,2012,53,500,13.48,0,0,4.873,0,1.953
102,2012,53,600,13.49,0,0,5.0311,0,1.931
102,2012,53,700,13.49,0,0,5.0391,0,1.837
102,2012,53,800,13.49,0,13.065,6.9376,0,2.163
102,2012,53,900,13.47,0,375.79,47.693,.417,184.3
102,2012,53,1000,13.41,0,1234.6,140.71,1,570
102,2012,53,1100,13.35,0,1684.7,176.36,1,462.9
102,2012,53,1200,13.29,0,2096.9,215.21,.9,300.9
102,2012,53,1300,13.25,0,1923,198.49,.25,126.3
102,2012,53,1400,13.23,0,2728.8,287.21,.666,328.4
102,2012,53,1500,13.2,0,3381,357.43,1,566.4
102,2012,53,1600,13.2,0,2238.5,240.83,.733,334.8
102,2012,53,1700,13.2,0,2215.8,249.81,.933,419.9
102,2012,53,1800,13.21,0,1060.8,115.19,.383,126.9
102,2012,53,1900,13.23,0,240.97,24.959,0,2.564
102,2012,53,2000,13.27,0,43.695,5.5451,0,1.985
102,2012,53,2100,13.3,0,0,2.2228,0,1.985
102,2012,53,2200,13.35,0,0,3.8759,0,1.985
102,2012,53,2300,13.38,0,0,3.3141,0,1.985
101,2012,53,2400,13.2,0,19238,2117.6,7.28
102,2012,53,2400,13.39,0,0,4.1445,0,1.958
102,2012,54,100,13.42,0,0,3.4325,0,1.963
102,2012,54,200,13.44,0,0,4.2391,0,1.941
102,2012,54,300,13.44,0,0,4.4527,0,1.903
102,2012,54,400,13.45,0,0,4.4768,0,1.881
102,2012,54,500,13.46,0,0,4.6668,0,1.831
102,2012,54,600,13.47,0,0,3.6624,0,1.705
102,2012,54,700,13.47,0,0,3.3066,0,1.738
102,2012,54,800,13.48,0,0,2.5235,0,1.765
102,2012,54,900,13.47,0,23.042,5.5454,0,1.804
102,2012,54,1000,13.45,0,103.99,11.002,0,1.826
102,2012,54,1100,13.43,0,236.22,23.189,0,3.883
102,2012,54,1200,13.41,0,851.5,88.725,0,12.45
102,2012,54,1300,13.37,0,1226,129.38,0,4.478
102,2012,54,1400,13.3,0,2160.6,229.71,.333,90.4
102,2012,54,1500,12.85,0,3156.9,331.88,.916,357.7
102,2012,54,1600,13.24,0,3047.5,323.91,.983,505.9
102,2012,54,1700,13.24,0,2744.1,305.98,1,583
102,2012,54,1800,13.24,0,1509.3,171.45,1,333.8
102,2012,54,1900,13.27,0,688.58,87.458,.733,294.5
102,2012,54,2000,13.29,0,87.697,13.7,.033,27.92
102,2012,54,2100,13.34,0,0,3.4014,0,1.985
102,2012,54,2200,13.36,0,0,2.5628,0,1.985
102,2012,54,2300,13.39,0,0,4.0813,0,1.98
101,2012,54,2400,12.85,0,15835,1767,4.998
102,2012,54,2400,13.41,0,0,4.2235,0,1.985
102,2012,55,100,13.43,0,0,5.3148,0,1.985
102,2012,55,200,13.44,0,0,4.1284,0,1.985
102,2012,55,300,13.44,0,0,3.2585,0,1.985
102,2012,55,400,13.45,0,0,2.7364,0,1.985
102,2012,55,500,13.45,0,0,1.7874,0,1.958
102,2012,55,600,13.46,0,0,4.635,0,1.942
102,2012,55,700,13.47,0,0,3.1244,0,1.848
102,2012,55,800,13.48,0,5.9234,3.259,0,1.931
102,2012,55,900,13.48,0,196.12,24.365,0,45.48
102,2012,55,1000,13.44,0,819.24,95.223,.666,154.1
102,2012,55,1100,13.41,0,840.31,93.232,0,23.19
102,2012,55,1200,13.37,0,1302.2,142.36,0,27.67
102,2012,55,1300,13.29,0,2901,307.94,.783,399.2
102,2012,55,1400,13.26,0,2643.1,287.98,.516,236.1
102,2012,55,1500,13.24,0,2529.3,273.56,.616,209.2
102,2012,55,1600,13.25,0,1222.5,131.77,.283,83.2
102,2012,55,1700,13.28,0,1032.7,114.91,.1,62.63
102,2012,55,1800,13.31,0,1481.8,189.83,.966,545.1
102,2012,55,1900,13.32,0,972.89,137.48,1,571.8
102,2012,55,2000,12.83,0,94.385,14.682,.167,64.52
102,2012,55,2100,12.78,0,0,2.6894,0,1.985
102,2012,55,2200,12.77,0,0,3.6384,0,1.985
102,2012,55,2300,12.76,0,0,5.6471,0,1.985
101,2012,55,2400,12.75,0,16041,1857.6,5.098
102,2012,55,2400,12.75,0,0,4.0652,0,1.985
102,2012,56,100,12.75,0,0,4.6029,0,1.98
102,2012,56,200,13.39,0,0,3.5277,0,1.782
102,2012,56,300,13.46,0,0,4.232,0,1.76
102,2012,56,400,13.48,0,0,3.8049,0,1.727
102,2012,56,500,13.49,0,0,4.335,0,1.699
102,2012,56,600,13.5,0,0,6.1623,0,1.727
102,2012,56,700,12.86,0,0,4.2005,0,1.738
102,2012,56,800,12.77,0,4.4329,3.8999,0,1.97
102,2012,56,900,12.74,0,101.52,13.211,0,3.652
102,2012,56,1000,12.74,0,115.95,15.449,0,3.117
102,2012,56,1100,12.73,0,601.8,61.504,.1,81.4
102,2012,56,1200,12.74,0,851.95,87.736,.017,19.57
102,2012,56,1300,12.74,0,460.37,46.703,0,20.11
102,2012,56,1400,12.75,0,839.87,79.075,0,12.89
102,2012,56,1500,12.75,0,534.97,56.741,0,4.18
102,2012,56,1600,12.75,0,1007.4,102.92,0,7.24
102,2012,56,1700,12.76,0,1469.6,152.9,.367,93.3
102,2012,56,1800,12.76,0,942.21,97.651,.183,62.25
102,2012,56,1900,13.29,0,658.87,78.621,.583,194.8
102,2012,56,2000,13.31,0,66.785,7.0482,0,8.13
102,2012,56,2100,13.35,0,0,2.5628,0,1.952
102,2012,56,2200,13.4,0,0,2.6417,0,1.814
102,2012,56,2300,13.41,0,0,3.4642,0,1.842
101,2012,56,2400,12.73,0,7655.6,845.43,1.249
102,2012,56,2400,13.43,0,0,2.436,0,1.87
102,2012,57,100,13.43,0,0,2.7998,0,1.881
102,2012,57,200,13.44,0,0,2.1275,0,1.826
102,2012,57,300,13.45,0,0,4.6108,0,1.826
102,2012,57,400,13.46,0,0,4.5238,0,1.776
102,2012,57,500,13.46,0,0,1.6847,0,1.743
102,2012,57,600,13.47,0,0,4.1842,0,1.704
102,2012,57,700,13.47,0,0,4.2397,0,1.721
102,2012,57,800,12.84,0,9.5374,3.0691,0,1.782
102,2012,57,900,12.78,0,219.8,23.723,0,2.085
102,2012,57,1000,12.78,0,509.39,53.352,0,2.731
102,2012,57,1100,12.77,0,374.06,35.368,0,2.008
102,2012,57,1200,12.76,0,996.51,101.43,0,2.62
102,2012,57,1300,12.76,0,1361,141.56,0,2.813
102,2012,57,1400,12.77,0,2704,274.17,.6,269.6
102,2012,57,1500,12.77,0,3534.4,352.88,1,631.4
102,2012,57,1600,12.79,0,3223.4,331.11,1,741
102,2012,57,1700,12.8,0,2380.3,258.89,1,609.4
102,2012,57,1800,12.8,0,1847.6,212.75,1,572.2
102,2012,57,1900,13.22,0,618.84,71.401,.583,200
102,2012,57,2000,13.24,0,67.564,6.6051,0,3.204
102,2012,57,2100,13.29,0,0,2.3177,0,1.985
102,2012,57,2200,13.35,0,0,2.7211,0,1.98
102,2012,57,2300,13.37,0,0,3.591,0,1.864
101,2012,57,2400,12.76,0,17846,1902.5,5.181
102,2012,57,2400,13.39,0,0,3.4248,0,1.886
102,2012,58,100,13.41,0,0,4.1919,0,1.886
102,2012,58,200,13.42,0,0,3.4484,0,1.859
102,2012,58,300,13.43,0,.19482,2.5467,0,1.82
102,2012,58,400,13.44,0,0,1.9377,0,1.759
102,2012,58,500,13.44,0,0,2.001,0,1.759
102,2012,58,600,13.45,0,0,3.0765,0,1.748
102,2012,58,700,13.46,0,0,3.0132,0,1.704
102,2012,58,800,13.47,0,10.53,4.6427,0,2.35
102,2012,58,900,13.46,0,311.42,40.467,.466,147.1
102,2012,58,1000,13.42,0,873.88,98.894,1,345.9
102,2012,58,1100,13.38,0,1248.3,132.66,.966,249.8
102,2012,58,1200,13.32,0,2207.4,229.56,.983,324.8
102,2012,58,1300,13.27,0,3008.1,301.17,.933,446.7
102,2012,58,1400,13.27,0,1367.6,137.77,.2,73.1
102,2012,58,1500,13.25,0,1939.9,207.45,.317,92
102,2012,58,1600,13.25,0,1880.2,200.91,.283,92
102,2012,58,1700,13.26,0,839.98,87.815,0,9.93
102,2012,58,1800,13.29,0,770.18,83.261,0,2.051
102,2012,58,1900,13.3,0,427.16,47.57,0,12.55
102,2012,58,2000,13.31,0,43.36,6.1063,0,2.063
102,2012,58,2100,13.35,0,0,2.294,0,1.985
102,2012,58,2200,13.37,0,0,3.0691,0,1.985
102,2012,58,2300,13.38,0,0,2.3729,0,1.974
101,2012,58,2400,13.25,0,14928,1608.2,5.148
102,2012,58,2400,13.39,0,0,2.0328,0,1.93
102,2012,59,100,13.41,0,0,2.1276,0,1.864
102,2012,59,200,13.43,0,0,3.2111,0,1.792
102,2012,59,300,13.43,0,0,2.9105,0,1.759
102,2012,59,400,13.44,0,0,3.0845,0,1.792
102,2012,59,500,13.45,0,0,2.1116,0,1.781
102,2012,59,600,13.46,0,0,3.2347,0,1.732
102,2012,59,700,13.46,0,0,2.7682,0,1.726
102,2012,59,800,13.47,0,11.125,3.4724,0,2.168
102,2012,59,900,13.46,0,289.59,36.274,.167,64.61
102,2012,59,1000,13.42,0,960.49,116.08,1,282.2
102,2012,59,1100,13.35,0,1650.9,189.81,1,389.8
102,2012,59,1200,13.3,0,2436.9,263.27,1,459.5
102,2012,59,1300,13.24,0,2985.5,315.64,1,507.1
102,2012,59,1400,12.85,0,2966,310.9,.883,359
102,2012,59,1500,12.83,0,2710.7,296.11,.683,304.4
102,2012,59,1600,13.2,0,2561.4,286.32,.833,399.6
102,2012,59,1700,13.2,0,2284.2,266.66,.966,457.4
102,2012,59,1800,13.2,0,1162.2,137.85,.566,170.7
102,2012,59,1900,13.23,0,213.64,23.923,0,6.049
102,2012,59,2000,13.23,0,26.061,3.3382,0,2.162
102,2012,59,2100,13.28,0,0,1.052,0,1.985
102,2012,59,2200,13.3,0,0,.23732,0,1.985
102,2012,59,2300,13.32,0,0,.98087,0,1.985
101,2012,59,2400,12.83,0,20259,2272.9,8.1
102,2012,59,2400,13.34,0,0,1.5424,0,1.985
102,2012,60,100,13.36,0,0,2.3017,0,1.985
102,2012,60,200,13.37,0,0,1.8429,0,1.985
102,2012,60,300,13.39,0,0,1.653,0,1.958
102,2012,60,400,13.4,0,0,1.8507,0,1.914
102,2012,60,500,13.41,0,0,3.7488,0,1.859
102,2012,60,600,13.42,0,0,1.4236,0,1.842
102,2012,60,700,13.42,0,0,2.7997,0,1.87
102,2012,60,800,13.42,0,11.611,3.2821,0,1.848
102,2012,60,900,13.41,0,280.06,37.749,0,37.16
102,2012,60,1000,13.38,0,644.53,80.624,.183,83
102,2012,60,1100,13.34,0,960.8,116.5,0,24.7
102,2012,60,1200,13.32,0,1036,123.3,0,4.252
102,2012,60,1300,13.3,0,1675.4,194.28,0,24.8
102,2012,60,1400,13.27,0,2015.4,233.46,0,32.44
102,2012,60,1500,13.26,0,2367.1,272.4,.633,123.7
102,2012,60,1600,13.25,0,1742.3,202.95,.117,94.4
102,2012,60,1700,13.24,0,1696,204.62,.9,230
102,2012,60,1800,13.25,0,1086.2,133.56,.583,163.8
102,2012,60,1900,13.25,0,377.7,45.09,0,26.35
102,2012,60,2000,13.27,0,70.506,9.4845,0,2.768
102,2012,60,2100,13.29,0,0,.6328,0,1.985
102,2012,60,2200,13.32,0,0,.69612,0,1.985
102,2012,60,2300,13.33,0,0,.74357,0,1.985
101,2012,60,2400,13.24,0,13964,1675.9,2.416
102,2012,60,2400,13.34,0,0,.85429,0,1.985
102,2012,61,100,13.36,0,0,1.2814,0,1.985
102,2012,61,200,13.37,0,0,1.4949,0,1.985
102,2012,61,300,13.38,0,0,1.4,0,1.985
102,2012,61,400,13.39,0,0,1.2971,0,1.98
102,2012,61,500,13.41,0,0,1.1468,0,1.969
102,2012,61,600,13.41,0,0,1.1705,0,1.974
102,2012,61,700,13.42,0,0,1.8982,0,1.947
102,2012,61,800,13.43,0,1.5293,1.7558,0,1.936
102,2012,61,900,13.42,0,60.928,8.6129,0,1.963
102,2012,61,1000,13.41,0,180.16,21.718,0,1.974
102,2012,61,1100,13.38,0,566.85,66.502,0,3.855
102,2012,61,1200,13.32,0,2013.5,230.24,.65,238.1
102,2012,61,1300,13.26,0,2708,296.18,1,386.7
102,2012,61,1400,13.25,0,2555.3,279.29,.65,195
102,2012,61,1500,13.24,0,2857.2,316.72,.983,282.7
102,2012,61,1600,13.23,0,2690.7,301.98,.966,318.4
102,2012,61,1700,13.23,0,1486.4,164.36,.433,138.5
102,2012,61,1800,13.27,71.018,133.31,13.353,0,2.928
102,2012,61,1900,13.29,72.484,16.025,4.2555,0,2.007
102,2012,61,2000,13.32,0,0,9.1838,0,1.704
102,2012,61,2100,13.39,0,0,6.9761,0,1.478
102,2012,61,2200,13.4,0,0,7.498,0,1.103
102,2012,61,2300,13.41,0,0,5.8449,0,.607
101,2012,61,2400,13.23,143.5,15270,1749,4.681
102,2012,61,2400,13.43,0,0,4.872,0,1.098
102,2012,62,100,13.42,0,0,5.4018,0,.678
102,2012,62,200,13.43,0,0,6.1927,0,.678
102,2012,62,300,13.43,0,0,3.7804,0,.121
102,2012,62,400,13.44,0,0,2.8155,0,0
102,2012,62,500,13.44,0,0,2.5308,0,.072
102,2012,62,600,13.45,0,0,2.9341,0,.182
102,2012,62,700,13.45,0,0,2.1433,0,.088
102,2012,62,800,13.46,0,1.1397,4.4212,0,-.298
102,2012,62,900,13.46,0,70.266,13.842,0,1.682
102,2012,62,1000,13.45,0,349.62,39.974,0,2.173
102,2012,62,1100,13.43,0,516.42,58.708,0,2.476
102,2012,62,1200,12.79,0,708.99,78.136,0,2.901
102,2012,62,1300,12.77,0,1122.6,124.08,0,13.13
102,2012,62,1400,13.32,0,1904.6,207.63,.2,124
102,2012,62,1500,13.27,0,3405.5,351.43,.983,534.5
102,2012,62,1600,13.25,0,2502.9,270.07,.816,402.6
102,2012,62,1700,13.25,0,2650.1,299.89,1,720
102,2012,62,1800,13.25,0,1711.9,208.45,1,528.8
102,2012,62,1900,13.27,0,678.11,90.337,.8,300.7
102,2012,62,2000,13.29,0,104.11,15.322,.167,42.63
102,2012,62,2100,13.32,0,0,2.8002,0,2.322
102,2012,62,2200,13.35,0,0,3.1561,0,2.311
102,2012,62,2300,13.37,0,0,3.6622,0,2.151
101,2012,62,2400,12.77,0,15726,1800.5,4.965
102,2012,62,2400,13.39,0,0,2.7763,0,1.991
102,2012,63,100,13.4,0,0,2.3254,0,1.985
102,2012,63,200,13.41,0,0,3.401,0,1.908
102,2012,63,300,13.43,0,0,4.8087,0,1.798
102,2012,63,400,13.44,0,0,3.5036,0,1.792
102,2012,63,500,13.45,0,0,3.5906,0,1.737
102,2012,63,600,13.46,0,0,3.0374,0,1.677
102,2012,63,700,13.47,0,0,3.8838,0,1.671
102,2012,63,800,13.48,0,6.2742,3.9947,0,1.677
102,2012,63,900,13.47,0,99.631,14.784,0,2.157
102,2012,63,1000,13.42,0,994.68,121.41,.5,270.1
102,2012,63,1100,13.35,0,2018.7,226.99,1,638.9
102,2012,63,1200,13.29,0,2401.1,255.44,1,535.7
102,2012,63,1300,13.27,0,1864.1,197.66,.683,195.2
102,2012,63,1400,13.25,0,1802.2,200.19,0,20.9
102,2012,63,1500,13.25,0,2039.9,229.09,.6,132.7
102,2012,63,1600,13.23,0,2321,261.07,1,239.4
102,2012,63,1700,13.23,0,1680.7,189.63,1,173.2
102,2012,63,1800,13.24,0,1245.9,147.88,.666,183.2
102,2012,63,1900,13.25,0,935.36,128.74,.833,309.4
102,2012,63,2000,13.27,0,128.1,15.33,0,7.11
102,2012,63,2100,12.8,0,0,.75144,0,1.985
102,2012,63,2200,12.78,0,0,1.7324,0,1.914
102,2012,63,2300,12.77,0,0,1.6849,0,1.837
101,2012,63,2400,12.76,0,17538,2023.8,7.28
102,2012,63,2400,12.76,0,0,2.8871,0,1.848
102,2012,64,100,12.76,0,0,1.4712,0,1.87
102,2012,64,200,13.36,0,0,1.9853,0,1.814
102,2012,64,300,13.39,0,0,2.357,0,1.765
102,2012,64,400,13.41,0,0,2.7367,0,1.798
102,2012,64,500,13.41,0,0,1.218,0,1.781
102,2012,64,600,12.81,0,0,.87793,0,1.677
102,2012,64,700,12.77,0,0,.86211,0,1.655
102,2012,64,800,12.76,0,0,3.3851,0,1.947
102,2012,64,900,12.75,0,6.9937,2.4675,0,1.985
102,2012,64,1000,12.74,0,34.969,3.5906,0,1.986
102,2012,64,1100,12.74,0,134.48,10.765,0,1.986
102,2012,64,1200,12.73,0,380.42,34.16,0,1.986
102,2012,64,1300,12.73,0,654.86,63.817,0,1.986
102,2012,64,1400,12.74,0,1221.7,137.46,0,6.977
102,2012,64,1500,12.74,0,1637.5,189.63,0,13.57
102,2012,64,1600,12.75,0,1242,131.87,0,3.039
102,2012,64,1700,12.75,0,1102.4,116.12,0,2.984
102,2012,64,1800,13.31,0,730.1,78.088,0,19.64
102,2012,64,1900,13.32,0,218.63,23.88,0,2.438
102,2012,64,2000,13.35,0,20.516,4.0023,0,1.754
102,2012,64,2100,13.39,0,0,2.6892,0,1.688
102,2012,64,2200,13.41,0,0,3.3218,0,1.66
102,2012,64,2300,13.44,0,0,5.2831,0,1.649
101,2012,64,2400,12.73,0,7384.6,826.64,0
102,2012,64,2400,13.46,0,0,4.6031,0,1.605
102,2012,65,100,13.47,0,0,3.2746,0,1.611
102,2012,65,200,13.47,0,0,3.259,0,1.605
102,2012,65,300,13.49,0,0,3.0139,0,1.65
102,2012,65,400,13.49,0,0,2.555,0,1.666
102,2012,65,500,13.5,0,0,2.6184,0,1.666
102,2012,65,600,13.51,0,0,3.1009,0,1.65
102,2012,65,700,13.52,0,0,2.7369,0,1.65
102,2012,65,800,13.53,0,12.07,4.2873,0,2.245
102,2012,65,900,13.51,0,407.97,44.755,.3,89.2
102,2012,65,1000,13.46,0,1173.1,132.69,1,363.6
102,2012,65,1100,13.37,0,2177.2,233.15,1,676.3
102,2012,65,1200,13.3,0,3013.6,295.7,1,789
102,2012,65,1300,13.25,0,3294.7,323.56,.95,618.3
102,2012,65,1400,13.25,0,2279.4,241.29,.2,106.1
102,2012,65,1500,13.23,0,3016.7,319.42,.883,356.1
102,2012,65,1600,13.23,0,2553,280.09,1,339.6
102,2012,65,1700,13.22,0,2107.9,237.27,1,333.4
102,2012,65,1800,13.23,0,1141.9,129.09,.583,150.1
102,2012,65,1900,13.25,0,579.95,76.417,.833,180.6
102,2012,65,2000,13.28,0,139.88,23.177,.3,75.7
102,2012,65,2100,13.31,0,0,1.3289,0,1.671
102,2012,65,2200,13.35,0,0,2.3968,0,1.583
102,2012,65,2300,13.37,0,0,2.9662,0,1.528
101,2012,65,2400,13.22,0,21897,2371.8,9.05
102,2012,65,2400,13.4,0,0,3.6937,0,1.495
102,2012,66,100,13.41,0,0,2.9502,0,1.473
102,2012,66,200,13.43,0,0,2.8394,0,1.462
102,2012,66,300,13.44,0,0,2.95,0,1.423
102,2012,66,400,13.45,0,0,3.4403,0,1.417
102,2012,66,500,13.46,0,0,2.9343,0,1.406
102,2012,66,600,13.47,0,0,3.2429,0,1.396
102,2012,66,700,13.48,0,0,2.8477,0,1.434
102,2012,66,800,13.49,0,10.454,3.4333,0,1.931
102,2012,66,900,13.47,0,341.15,42.924,.35,109.7
102,2012,66,1000,13.43,0,767.59,91.741,.516,184.1
102,2012,66,1100,13.37,0,1454.5,166.05,.6,211.5
102,2012,66,1200,13.31,0,2554.1,272.15,1,593
102,2012,66,1300,13.27,0,2147.2,233.24,.766,188.4
102,2012,66,1400,13.26,0,2344.1,255.31,.533,141.1
102,2012,66,1500,13.26,0,1656.7,186.08,.05,25.01
102,2012,66,1600,13.25,0,1912.7,216.43,.566,141.6
102,2012,66,1700,13.25,0,1246.6,142.15,.383,103.8
102,2012,66,1800,13.27,0,1326.2,168.78,1,419.9
102,2012,66,1900,13.27,0,838.42,116.91,.966,367.9
102,2012,66,2000,13.29,0,60.958,6.5497,0,12.14
102,2012,66,2100,12.8,0,0,1.0046,0,1.655
102,2012,66,2200,12.8,0,0,1.8273,0,1.682
102,2012,66,2300,13.35,0,0,.90967,0,1.688
101,2012,66,2400,12.8,0,16661,1928.2,6.731
102,2012,66,2400,13.37,0,0,1.4633,0,1.638
102,2012,67,100,13.38,0,0,1.8904,0,1.544
102,2012,67,200,13.4,0,0,2.2226,0,1.506
102,2012,67,300,13.41,0,0,1.4869,0,1.473
102,2012,67,400,13.44,0,0,1.3999,0,1.456
102,2012,67,500,12.79,0,0,1.7874,0,1.456
102,2012,67,600,12.75,0,0,1.2338,0,1.384
102,2012,67,700,12.75,0,0,1.8981,0,1.39
102,2012,67,800,13.44,0,5.7469,3.4324,0,1.445
102,2012,67,900,13.44,0,259.64,35.89,0,30.08
102,2012,67,1000,13.42,0,656.45,80.284,.033,47.56
102,2012,67,1100,13.36,0,1425.9,170.04,.9,164.6
102,2012,67,1200,13.3,0,2163.8,248.43,1,258.1
102,2012,67,1300,13.25,0,3114.4,332.66,1,529.3
102,2012,67,1400,13.2,0,3223,335.43,.933,482.5
102,2012,67,1500,13.16,0,2483,271.71,.716,369.9
102,2012,67,1600,13.17,0,2621.3,283.54,.7,477.8
102,2012,67,1700,13.2,7.1202,1526.3,183.84,.6,368.1
102,2012,67,1800,13.22,0,1916,250.86,.983,653.4
102,2012,67,1900,13.22,0,824.95,119.27,.8,421.9
102,2012,67,2000,13.23,0,45.392,5.3713,0,9.58
102,2012,67,2100,13.27,0,0,2.4046,0,1.676
102,2012,67,2200,13.3,0,0,3.0138,0,1.583
102,2012,67,2300,13.32,0,0,2.2227,0,1.555
101,2012,67,2400,12.75,7.1202,20266,2344.2,7.66
102,2012,67,2400,13.35,0,0,3.8757,0,1.484
102,2012,68,100,13.37,0,0,3.8994,0,1.462
102,2012,68,200,13.4,0,0,2.697,0,1.39
102,2012,68,300,13.42,0,0,3.7647,0,1.34
102,2012,68,400,13.44,0,0,2.8235,0,1.351
102,2012,68,500,13.45,0,0,3.1638,0,1.34
102,2012,68,600,13.46,0,0,3.8286,0,1.351
102,2012,68,700,13.46,0,0,3.6231,0,1.363
102,2012,68,800,13.46,0,8.447,4.4932,0,1.357
102,2012,68,900,13.46,0,253.99,33.803,0,18.01
102,2012,68,1000,13.44,0,458,56.489,0,6.327
102,2012,68,1100,13.4,0,961.92,117.24,0,1.814
102,2012,68,1200,13.35,0,1292,154.96,0,2.565
102,2012,68,1300,13.33,0,1421.5,165.77,0,2.929
102,2012,68,1400,13.27,0,2346.4,261.8,.716,125.7
102,2012,68,1500,13.23,0,2750.5,295.86,.766,206.8
102,2012,68,1600,13.22,0,2231.4,250.96,.85,285.2
102,2012,68,1700,13.22,0,2213.5,258.74,1,484.4
102,2012,68,1800,13.23,0,1604.1,204.24,1,501.6
102,2012,68,1900,13.24,0,679.11,94.1,1,312.3
102,2012,68,2000,13.26,0,128.67,23.526,.466,114.7
102,2012,68,2100,13.3,0,0,3.5358,0,1.974
102,2012,68,2200,13.35,0,0,3.955,0,1.93
102,2012,68,2300,13.37,0,0,3.9231,0,1.809
101,2012,68,2400,13.22,0,16349,1962.2,5.798
102,2012,68,2400,13.4,0,0,4.9591,0,1.726
102,2012,69,100,13.41,0,0,3.1478,0,1.621
102,2012,69,200,13.43,0,0,3.4087,0,1.517
102,2012,69,300,13.45,0,0,3.4961,0,1.434
102,2012,69,400,13.46,0,0,5.3871,0,1.434
102,2012,69,500,13.47,0,0,3.8683,0,1.451
102,2012,69,600,13.49,0,0,3.2196,0,1.352
102,2012,69,700,13.5,0,0,4.327,0,1.341
102,2012,69,800,13.51,0,21.842,8.5035,0,9.02
102,2012,69,900,13.47,0,491.02,69.445,.916,343.1
102,2012,69,1000,13.39,0,1387.4,167.18,1,655.5
102,2012,69,1100,13.31,0,2276.8,255.66,1,775
102,2012,69,1200,13.25,0,3046.9,310.1,1,805
102,2012,69,1300,13.21,0,3528.4,348.82,1,774
102,2012,69,1400,12.84,0,3562,351.88,.966,682
102,2012,69,1500,12.83,0,3751.6,375.97,1,788
102,2012,69,1600,13.17,0,3367.5,351.57,1,786
102,2012,69,1700,13.17,0,2795.2,317.95,1,822
102,2012,69,1800,13.19,0,1854.8,234.28,1,716
102,2012,69,1900,13.22,0,840.01,124.22,1,481.7
102,2012,69,2000,12.86,0,112.32,20.592,.4,89
102,2012,69,2100,12.79,0,0,1.9696,0,1.985
102,2012,69,2200,12.78,0,0,2.4205,0,1.974
102,2012,69,2300,12.77,0,0,2.207,0,1.864
101,2012,69,2400,12.77,0,27036,2972.7,11.28
102,2012,69,2400,12.77,0,0,3.0849,0,1.737
102,2012,70,100,12.75,0,0,4.6192,0,1.677
102,2012,70,200,12.75,0,0,3.4169,0,1.588
102,2012,70,300,12.75,0,0,4.0732,0,1.588
102,2012,70,400,12.73,0,0,1.6372,0,1.373
102,2012,70,500,12.74,0,0,2.8474,0,1.384
102,2012,70,600,13.42,0,0,4.2639,0,1.412
102,2012,70,700,13.45,0,0,2.0885,0,1.385
102,2012,70,800,13.47,0,8.3206,3.631,0,1.385
102,2012,70,900,13.46,0,269.23,36.595,.117,58.94
102,2012,70,1000,13.37,0,1314.5,161.89,1,584.7
102,2012,70,1100,13.3,0,2183.8,244.45,1,718
102,2012,70,1200,13.23,0,2793.6,291.18,1,706
102,2012,70,1300,13.2,0,3200.9,320.93,1,645.7
102,2012,70,1400,13.17,0,3261.6,324.74,.9,536.9
102,2012,70,1500,13.16,0,3490,352.88,1,711
102,2012,70,1600,13.14,0,3196.9,333.26,.983,731
102,2012,70,1700,13.16,0,2147.6,241.05,.983,492.6
102,2012,70,1800,13.17,0,1745.6,220.85,1,546.6
102,2012,70,1900,13.19,0,609.04,81.978,.85,197.4
102,2012,70,2000,13.22,0,82.139,13.077,.067,6.19
102,2012,70,2100,13.25,0,0,1.5979,0,-17.09
102,2012,70,2200,13.29,0,0,3.4646,0,-17.3
102,2012,70,2300,13.32,0,0,4.596,0,-17.17
101,2012,70,2400,12.73,0,24303,2661.3,9.9
102,2012,70,2400,13.35,0,0,2.199,0,-17.42
102,2012,71,100,13.36,0,0,3.5595,0,-17.62
102,2012,71,200,13.38,0,0,2.2701,0,-17.52
102,2012,71,300,13.39,0,0,2.5073,0,-17.56
102,2012,71,400,13.41,0,0,3.5354,0,-17.51
102,2012,71,500,13.43,0,0,2.7682,0,-17.7
102,2012,71,600,13.44,0,0,2.3806,0,-17.67
102,2012,71,700,13.46,0,0,2.5707,0,-17.27
102,2012,71,800,13.47,0,7.1024,4.5722,0,-17.57
102,2012,71,900,13.44,0,399.3,54.372,.716,199.7
102,2012,71,1000,13.37,0,1284.5,158.25,1,500.2
102,2012,71,1100,13.3,0,2208.6,243.55,1,669.8
102,2012,71,1200,13.25,0,2485,260.31,.883,527.3
102,2012,71,1300,13.23,0,2649.9,277.42,.783,384.7
102,2012,71,1400,13.22,0,2665.6,267.76,.616,354.9
102,2012,71,1500,13.18,0,3139.6,321.7,.816,498.1
102,2012,71,1600,13.19,0,1925.5,206.45,.483,298.7
102,2012,71,1700,13.19,0,2346,267.29,.866,591.7
102,2012,71,1800,12.89,0,1768.9,220.3,1,616.6
102,2012,71,1900,12.87,0,852.46,118.53,.833,353.8
102,2012,71,2000,13.24,0,124.38,19.097,.2,33.27
102,2012,71,2100,12.8,0,0,1.2815,0,-17.31
102,2012,71,2200,12.79,0,0,1.93,0,-17.57
102,2012,71,2300,13.32,0,0,2.5234,0,-17.66
101,2012,71,2400,12.79,0,21857,2449.3,9.2
102,2012,71,2400,13.34,0,0,4.3585,0,-17.57
102,2012,72,100,13.36,0,0,4.0815,0,-18.03
102,2012,72,200,13.38,0,0,2.6102,0,-17.93
102,2012,72,300,13.4,0,0,3.2745,0,-17.9
102,2012,72,400,13.42,0,0,3.2585,0,-18.25
102,2012,72,500,13.43,0,0,3.1873,0,-18.22
102,2012,72,600,13.45,0,0,2.7444,0,-18.39
102,2012,72,700,13.46,0,0,3.1402,0,-18.37
102,2012,72,800,13.47,0,15.598,5.2683,0,-16.45
102,2012,72,900,13.44,0,405.97,55.545,.516,127.8
102,2012,72,1000,13.37,0,1214.1,148.33,1,466.6
102,2012,72,1100,13.3,0,2221.9,246.29,1,672.6
102,2012,72,1200,13.25,0,2371.2,240.51,.8,532.5
102,2012,72,1300,13.24,0,2259.5,236.32,.733,238.6
102,2012,72,1400,13.22,0,2416,256.29,.566,116.7
102,2012,72,1500,13.2,0,2836,301.04,1,397.2
102,2012,72,1600,13.19,0,2922.8,310.72,.9,536.8
102,2012,72,1700,13.2,0,2652.6,301.46,1,669.1
102,2012,72,1800,13.21,0,1839.9,231.78,1,671.6
102,2012,72,1900,13.23,0,857.88,124.4,1,454.5
102,2012,72,2000,13.25,0,108.17,18.171,.217,44.26
102,2012,72,2100,13.28,0,0,2.6736,0,-17.75
102,2012,72,2200,13.31,0,0,3.4251,0,-18.01
102,2012,72,2300,13.34,0,0,4.1687,0,-3.171
101,2012,72,2400,13.19,0,22122,2512.6,9.73
102,2012,72,2400,13.36,0,0,3.9076,0,-6.221
102,2012,73,100,13.37,0,0,4.2238,0,-3.899
102,2012,73,200,13.4,0,0,4.888,0,-1.026
102,2012,73,300,13.42,0,0,5.046,0,-.662
102,2012,73,400,13.44,0,0,4.0731,0,-.794
102,2012,73,500,13.46,0,0,5.7106,0,-.86
102,2012,73,600,13.47,0,0,3.7019,0,-.916
102,2012,73,700,13.48,0,0,4.5089,0,-1.004
102,2012,73,800,13.49,0,27.29,9.0023,0,9.8
102,2012,73,900,13.44,0,493.19,73.257,.95,333.7
102,2012,73,1000,13.37,0,1434.3,175.13,1,634.4
102,2012,73,1100,13.29,0,2358.4,262.3,1,750
102,2012,73,1200,13.24,0,3055.9,316.29,1,752
102,2012,73,1300,13.2,0,3415.8,337.43,1,662.9
102,2012,73,1400,13.17,0,3659,358.97,.966,593.1
102,2012,73,1500,13.16,0,3123,315.38,.866,509
102,2012,73,1600,13.16,0,2706.8,284.14,.866,555.8
102,2012,73,1700,13.17,0,2402.2,270.58,.95,629.8
102,2012,73,1800,13.19,0,1577,195.01,1,538.4
102,2012,73,1900,12.82,0,772.21,112.29,1,401.1
102,2012,73,2000,12.8,0,88.373,14.699,.183,30.06
102,2012,73,2100,12.8,0,0,2.3889,0,-17.45
102,2012,73,2200,12.79,0,0,1.6769,0,-17.93
102,2012,73,2300,13.26,0,0,1.7719,0,-17.95
101,2012,73,2400,12.79,0,25113,2766.9,10.78
102,2012,73,2400,13.34,0,0,4.4298,0,-18.18
102,2012,74,100,13.37,0,0,4.2318,0,-17.73
102,2012,74,200,13.38,0,0,3.7887,0,-18.02
102,2012,74,300,13.41,0,0,4.0179,0,-18.02
102,2012,74,400,13.42,0,0,4.6505,0,-17.94
102,2012,74,500,13.43,0,0,3.4642,0,-18.11
102,2012,74,600,13.44,0,0,3.3296,0,-18.02
102,2012,74,700,13.45,0,0,4.6662,0,-17.76
102,2012,74,800,13.47,0,24.015,7.997,0,1.672
102,2012,74,900,13.44,0,458.63,67.668,.966,302.9
102,2012,74,1000,13.35,0,1308.9,162.87,1,568.4
102,2012,74,1100,13.28,0,2019.6,224.07,1,560.8
102,2012,74,1200,13.24,0,2642,279.91,1,548.1
102,2012,74,1300,13.2,0,3428.4,339.41,1,671.3
102,2012,74,1400,13.17,0,3399.8,333.69,.9,547
102,2012,74,1500,13.16,0,3237.6,330.7,.883,529.6
102,2012,74,1600,13.16,0,1671.6,172.13,.383,254.7
102,2012,74,1700,13.2,102.02,411.02,42.642,0,-6.666
102,2012,74,1800,13.27,15.458,716.91,81.263,.017,26.61
102,2012,74,1900,13.29,0,598.81,78.897,.5,175.7
102,2012,74,2000,13.29,0,158.68,26.743,.317,98.6
102,2012,74,2100,13.32,0,0,1.7403,0,.927
102,2012,74,2200,13.36,0,0,3.8601,0,.667
102,2012,74,2300,13.39,0,0,3.852,0,.513
101,2012,74,2400,13.16,117.47,20076,2190.1,7.96
102,2012,74,2400,13.41,0,0,4.5083,0,.585
102,2012,75,100,13.43,0,0,4.0099,0,.425
102,2012,75,200,13.44,0,0,3.5669,0,.507
102,2012,75,300,13.46,0,0,4.216,0,.723
102,2012,75,400,13.47,0,0,3.4806,0,.491
102,2012,75,500,13.49,0,0,4.1215,0,.458
102,2012,75,600,13.5,0,0,5.1815,0,.541
102,2012,75,700,13.51,0,0,3.8049,0,.535
102,2012,75,800,13.52,0,26.168,7.768,0,8.88
102,2012,75,900,13.48,0,462.39,66.938,.85,288
102,2012,75,1000,12.83,0,1334.6,164.17,1,600
102,2012,75,1100,13.3,0,2190.7,242.17,1,717
102,2012,75,1200,13.24,0,2889.9,295.04,1,739
102,2012,75,1300,13.2,0,3454.4,347.73,1,724
102,2012,75,1400,13.18,0,3657.7,367.32,1,680.4
102,2012,75,1500,13.17,0,3536.5,361.76,.983,695.8
102,2012,75,1600,13.16,0,3304.5,349.24,1,733
102,2012,75,1700,13.17,0,2632.8,298.3,1,729
102,2012,75,1800,13.19,0,1816,230.13,1,717
102,2012,75,1900,13.2,0,831.21,123.66,1,474.5
102,2012,75,2000,13.23,0,84.456,16.139,.3,42.49
102,2012,75,2100,13.27,0,0,2.6104,0,-17.39
102,2012,75,2200,12.78,0,0,3.3301,0,-17.25
102,2012,75,2300,12.77,0,0,4.509,0,-17.21
101,2012,75,2400,12.72,0,26221,2913.1,11.13
102,2012,75,2400,12.72,0,0,3.9235,0,-17.65
102,2012,76,100,12.75,0,0,4.7223,0,-17.68
102,2012,76,200,12.75,0,0,3.2747,0,-17.63
102,2012,76,300,12.83,0,0,2.539,0,-17.72
102,2012,76,400,12.76,0,0,2.8317,0,-17.8
102,2012,76,500,12.74,0,0,2.7288,0,-17.8
102,2012,76,600,13.34,0,0,2.5706,0,-18.02
102,2012,76,700,13.38,0,0,1.6847,0,-17.92
102,2012,76,800,13.4,0,23.641,7.1339,0,-14.2
102,2012,76,900,13.39,45.777,422.03,57.435,.033,40.53
102,2012,76,1000,13.36,0,898.63,109.46,.733,150.4
102,2012,76,1100,13.29,0,1907.1,216.51,1,466.7
102,2012,76,1200,13.24,0,2721.2,285.93,1,525.1
102,2012,76,1300,13.22,0,2695.1,275.13,.85,374.5
102,2012,76,1400,13.18,0,2874.4,302.19,.783,337.4
102,2012,76,1500,13.17,0,3340.2,357.7,.983,467.6
102,2012,76,1600,13.19,0,1873.7,207.55,.333,107.5
102,2012,76,1700,13.22,0,1333.2,153.26,.05,48.1
102,2012,76,1800,13.23,0,1053.9,130.95,.883,168.7
102,2012,76,1900,13.25,0,589.97,84.681,.883,226.9
102,2012,76,2000,13.27,0,81.436,14.523,.083,14.3
102,2012,76,2100,13.3,0,0,3.9393,0,-15.87
102,2012,76,2200,13.32,0,0,3.9473,0,-16.37
102,2012,76,2300,13.36,0,0,5.3234,0,-16.75
101,2012,76,2400,12.74,45.777,19814,2240.6,7.61
102,2012,76,2400,13.37,0,0,4.6271,0,-16.89
102,2012,77,100,13.39,0,0,3.3457,0,-16.88
102,2012,77,200,13.41,0,0,3.3455,0,-16.96
102,2012,77,300,13.43,0,0,4.4606,0,-17.23
102,2012,77,400,13.44,0,0,3.6381,0,-17.01
102,2012,77,500,13.45,0,0,2.8158,0,-17.28
102,2012,77,600,13.46,0,0,3.4251,0,-17.23
102,2012,77,700,13.47,0,0,3.6152,0,-17.05
102,2012,77,800,13.49,0,19.135,5.8697,0,-13.49
102,2012,77,900,13.45,0,448.7,63.071,.716,195
102,2012,77,1000,13.38,0,1273.9,160.45,1,502.1
102,2012,77,1100,13.3,0,2095.6,234.54,1,632
102,2012,77,1200,13.24,0,2638.2,272.65,1,605.7
102,2012,77,1300,12.81,0,3226.6,320.28,1,606.7
102,2012,77,1400,12.81,0,2526.9,251.19,.566,323.4
102,2012,77,1500,12.82,0,2781.5,288.74,.666,410.4
102,2012,77,1600,12.82,0,2626.8,280.27,.933,505.1
102,2012,77,1700,12.82,0,1872.8,208.31,.916,432
102,2012,77,1800,12.81,0,1471.2,183.02,1,469.2
102,2012,77,1900,12.8,0,561.97,76.156,.716,231.5
102,2012,77,2000,12.8,0,51.425,9.0185,0,-3.392
102,2012,77,2100,13.22,0,0,3.0138,0,-17.56
102,2012,77,2200,13.25,0,0,2.7843,0,-17.76
102,2012,77,2300,13.28,0,0,1.59,0,-17.86
101,2012,77,2400,12.8,0,21595,2387.6,9.51
102,2012,77,2400,13.31,0,0,2.0567,0,-17.88
102,2012,78,100,13.33,0,0,2.5471,0,-18.08
102,2012,78,200,13.35,0,0,3.1482,0,-17.98
102,2012,78,300,13.37,0,0,2.6182,0,-18.01
102,2012,78,400,13.37,0,0,2.0011,0,-17.34
102,2012,78,500,13.39,0,0,3.9072,0,-18.12
102,2012,78,600,13.41,0,0,3.0609,0,-18.22
102,2012,78,700,13.42,0,0,3.2665,0,-17.39
102,2012,78,800,13.43,0,20.874,6.2164,0,-15.84
102,2012,78,900,13.43,0,225.26,29.698,0,-5.317
102,2012,78,1000,13.41,0,364.52,43.16,0,-6.271
102,2012,78,1100,13.36,0,1428.4,166.95,.55,177.6
102,2012,78,1200,13.32,4.0104,1276.9,138.71,.3,107.1
102,2012,78,1300,13.32,0,726.1,78.744,0,-11.97
102,2012,78,1400,13.35,0,909.54,100.6,0,-3.508
102,2012,78,1500,13.32,0,959.8,107.82,0,19.82
102,2012,78,1600,13.3,0,1145.4,127.35,0,7.64
102,2012,78,1700,13.29,0,1307.3,148.02,0,88.3
102,2012,78,1800,13.27,0,893.26,102.05,0,60.36
102,2012,78,1900,13.29,0,632.2,83.475,.833,140.4
102,2012,78,2000,13.29,0,68.885,10.275,.033,15.99
102,2012,78,2100,13.32,0,0,2.3098,0,1.93
102,2012,78,2200,13.36,0,0,3.3064,0,1.881
102,2012,78,2300,13.37,0,0,3.8599,0,1.864
101,2012,78,2400,13.27,4.0104,9958.4,1175.1,1.716
102,2012,78,2400,13.39,0,0,1.9774,0,1.754
102,2012,79,100,13.42,0,0,2.7919,0,1.721
102,2012,79,200,13.43,0,0,3.2901,0,1.627
102,2012,79,300,13.44,0,0,2.515,0,1.627
102,2012,79,400,13.46,0,0,4.0575,0,1.616
102,2012,79,500,13.46,0,0,2.6181,0,1.605
102,2012,79,600,13.47,0,0,2.1277,0,1.622
102,2012,79,700,13.47,0,0,2.6498,0,1.594
102,2012,79,800,13.47,0,14.534,4.2554,0,1.622
102,2012,79,900,13.44,0,330.75,42.608,.217,59.54
102,2012,79,1000,13.36,0,1294.8,159.31,1,503.4
102,2012,79,1100,13.29,0,2187.1,242.77,1,699.3
102,2012,79,1200,13.24,0,2953.7,306,1,740
102,2012,79,1300,13.2,0,2942.4,293.09,.883,524.3
102,2012,79,1400,13.19,0,2214.3,228.57,.45,222.6
102,2012,79,1500,13.19,0,1301.5,135.13,.167,127.5
102,2012,79,1600,13.2,0,715.46,87.935,0,38.76
102,2012,79,1700,13.24,0,719.75,85.902,0,19.18
102,2012,79,1800,13.27,0,860.32,111.98,.417,117.5
102,2012,79,1900,13.29,0,257.08,32.589,0,26.96
102,2012,79,2000,13.3,0,38.16,7.0321,0,3.767
102,2012,79,2100,13.32,0,0,3.5755,0,1.985
102,2012,79,2200,13.34,0,0,4.0026,0,-4.567
102,2012,79,2300,13.36,0,0,3.9946,0,-16.21
101,2012,79,2400,13.19,0,15830,1772.6,5.131
102,2012,79,2400,13.38,0,0,3.7888,0,-16.36
102,2012,80,100,13.38,0,0,3.7571,0,-15.76
102,2012,80,200,13.39,0,0,3.322,0,-15.96
102,2012,80,300,13.41,0,0,3.9863,0,-16.29
102,2012,80,400,13.43,0,0,3.9546,0,-16.42
102,2012,80,500,13.43,0,0,3.5749,0,-16.71
102,2012,80,600,13.44,0,0,3.7725,0,-16.72
102,2012,80,700,13.45,0,0,3.5748,0,-16.51
102,2012,80,800,13.44,0,9.7211,4.2865,0,-15.84
102,2012,80,900,13.43,0,266.44,32.854,.017,-2.57
102,2012,80,1000,13.37,0,1074.1,119.76,.616,247.1
102,2012,80,1100,12.97,0,1731.9,185.94,.666,327.5
102,2012,80,1200,12.79,12.482,910.1,91.914,.133,71.7
102,2012,80,1300,12.78,0,1525.7,159.46,.217,85.8
102,2012,80,1400,12.78,0,3161.4,306.82,.95,379.5
102,2012,80,1500,12.8,0,3389.7,326.72,.9,527
102,2012,80,1600,12.81,0,2320.3,232.31,.566,300.4
102,2012,80,1700,12.81,5.4265,1131,117.74,.217,101.3
102,2012,80,1800,13.18,0,767.88,84.5,.4,158.3
102,2012,80,1900,13.26,0,172.36,18.795,0,18.65
102,2012,80,2000,13.28,0,33.406,6.6682,0,-12.95
102,2012,80,2100,13.31,0,0,3.4964,0,-16.91
102,2012,80,2200,13.34,0,0,3.623,0,-17.43
102,2012,80,2300,13.36,0,0,3.4883,0,-17.26
101,2012,80,2400,12.78,17.908,16494,1727.7,4.681
102,2012,80,2400,13.38,0,0,3.417,0,-17.39
102,2012,81,100,13.4,0,0,3.3774,0,-17.55
102,2012,81,200,13.41,0,0,3.5117,0,-17.84
102,2012,81,300,13.43,0,0,2.3727,0,-17.7
102,2012,81,400,13.44,0,0,3.2584,0,-17.67
102,2012,81,500,13.45,0,0,3.298,0,-17.62
102,2012,81,600,13.45,0,0,2.5467,0,-17.53
102,2012,81,700,13.44,0,0,2.8314,0,-17.79
102,2012,81,800,13.44,0,2.2014,2.9658,0,-17.96
102,2012,81,900,13.44,0,51.421,6.7542,0,-.96
102,2012,81,1000,13.44,0,110.25,13.429,0,1.075
102,2012,81,1100,13.43,0,177.32,15.32,0,3.535
102,2012,81,1200,13.41,0,518.96,49.851,0,5.278
102,2012,81,1300,13.39,0,615.18,64.565,0,8.62
102,2012,81,1400,13.36,0,1270.1,135.77,0,15.21
102,2012,81,1500,13.31,0,1932.4,192.37,.017,32.32
102,2012,81,1600,13.29,0,1791,177.73,.666,161.5
102,2012,81,1700,13.27,0,2098.4,213.44,1,376.2
102,2012,81,1800,13.27,0,1085.6,118.66,1,275.5
102,2012,81,1900,12.97,0,499.73,56.637,.283,105.6
102,2012,81,2000,12.79,0,69.071,8.6456,0,14.82
102,2012,81,2100,12.77,0,0,2.7211,0,1.985
102,2012,81,2200,12.77,0,0,4.0024,0,1.985
102,2012,81,2300,12.75,0,0,3.5277,0,1.985
101,2012,81,2400,12.75,0,10222,1091.4,2.965
102,2012,81,2400,12.75,0,0,3.8676,0,1.941
102,2012,82,100,12.74,0,0,4.3104,0,1.93
102,2012,82,200,12.73,0,0,3.1082,0,1.787
102,2012,82,300,12.73,0,0,3.7334,0,1.759
102,2012,82,400,12.72,0,0,3.7492,0,1.942
102,2012,82,500,12.71,0,0,2.7448,0,1.969
102,2012,82,600,12.71,0,0,2.8873,0,1.986
102,2012,82,700,12.71,0,0,3.6467,0,1.909
102,2012,82,800,13.45,0,27.406,6.3284,0,11.87
102,2012,82,900,13.45,0,254.32,28.454,.083,25.86
102,2012,82,1000,13.42,0,804.89,86.405,.65,218.1
102,2012,82,1100,13.32,0,2346.4,244.64,1,770
102,2012,82,1200,13.25,0,3262.6,320.42,1,745
102,2012,82,1300,13.23,0,2665.9,254.67,.833,400.9
102,2012,82,1400,13.21,0,2632.8,254.06,.55,304.6
102,2012,82,1500,13.2,0,2755.3,266.85,.666,354.4
102,2012,82,1600,13.2,0,2089.3,204.84,.55,340.7
102,2012,82,1700,13.21,0,2152.8,225.8,.833,493.4
102,2012,82,1800,13.21,0,1183.7,135.74,.683,315.3
102,2012,82,1900,13.23,0,442.56,51.422,.233,88.4
102,2012,82,2000,13.25,0,41.028,5.4979,0,-16.75
102,2012,82,2100,12.8,0,0,1.147,0,-17.29
102,2012,82,2200,12.79,0,0,1.2182,0,-17.36
102,2012,82,2300,12.78,0,0,2.0568,0,-17.52
101,2012,82,2400,12.71,0,20659,2116.7,7.08
102,2012,82,2400,12.77,0,0,2.9822,0,-17.57
102,2012,83,100,12.76,0,0,4.0578,0,-17.36
102,2012,83,200,12.76,0,0,4.4769,0,-17.46
102,2012,83,300,12.75,0,0,3.6383,0,-17.34
102,2012,83,400,12.74,0,0,4.5873,0,-17.61
102,2012,83,500,12.73,0,0,3.3375,0,-17.59
102,2012,83,600,12.73,0,0,2.5466,0,-17.68
102,2012,83,700,12.72,0,0,2.5389,0,-17.61
102,2012,83,800,12.72,0,24.354,5.8373,0,-17.27
102,2012,83,900,12.72,0,340.46,41.562,.133,39.49
102,2012,83,1000,12.73,0,829.71,91.239,.383,140.7
102,2012,83,1100,12.74,0,2338.5,242.68,1,623.9
102,2012,83,1200,12.76,0,2055.5,199.9,.566,334.7
102,2012,83,1300,13.22,0,930.7,92.307,0,-2.013
102,2012,83,1400,13.2,0,2676.8,263.21,.533,278.7
102,2012,83,1500,13.17,0,3260.8,309.7,.883,453.3
102,2012,83,1600,13.17,0,1811.6,178.84,.5,243.6
102,2012,83,1700,13.17,0,1624.9,166.87,.65,301.4
102,2012,83,1800,13.2,0,791.12,83.805,.2,84.1
102,2012,83,1900,13.22,0,117.56,13.124,0,-8.56
102,2012,83,2000,13.27,0,8.5537,1.0679,0,-17.83
102,2012,83,2100,13.32,0,0,1.8194,0,-17.75
102,2012,83,2200,13.36,0,0,2.2385,0,-18.12
102,2012,83,2300,13.38,0,0,2.9424,0,-18.03
101,2012,83,2400,12.72,0,16811,1725.6,4.848
102,2012,83,2400,13.4,0,0,3.2744,0,-17.87
102,2012,84,100,13.37,0,0,3.4167,0,-18.02
102,2012,84,200,13.42,0,0,3.551,0,-18.13
102,2012,84,300,13.43,0,0,4.7297,0,-17.99
102,2012,84,400,13.44,0,0,4.1051,0,-18.03
102,2012,84,500,13.44,0,0,3.4803,0,-17.99
102,2012,84,600,13.45,0,0,3.0452,0,-17.8
102,2012,84,700,13.45,0,0,2.6658,0,-17.53
102,2012,84,800,13.45,0,24.074,5.6481,0,-15.33
102,2012,84,900,13.4,0,518.5,63.401,.75,233.7
102,2012,84,1000,13.33,0,1381.7,153.76,1,536.4
102,2012,84,1100,13.27,0,2341.2,234.1,1,703
102,2012,84,1200,13.22,0,2432.6,230.35,.75,399
102,2012,84,1300,13.19,0,2807,264.49,.7,362
102,2012,84,1400,13.19,133.93,895.01,85.283,.033,14.64
102,2012,84,1500,13.2,0,2602.1,255.12,.516,332.7
102,2012,84,1600,13.18,0,1317.9,139.66,.25,166.5
102,2012,84,1700,13.24,0,413.61,37.717,0,9.47
102,2012,84,1800,13.29,0,64.554,10.727,0,2.835
102,2012,84,1900,13.34,0,17.535,1.2023,0,2.427
102,2012,84,2000,13.37,0,9.5657,1.2892,0,2.416
102,2012,84,2100,13.39,0,0,1.6767,0,2.41
102,2012,84,2200,13.4,0,0,3.741,0,2.201
102,2012,84,2300,13.41,0,0,1.9853,0,2.228
101,2012,84,2400,13.18,133.93,14825,1519.3,4.998
102,2012,84,2400,13.42,0,0,4.1843,0,2.234
102,2012,85,100,13.42,0,0,4.4611,0,2.25
102,2012,85,200,13.43,0,0,6.8577,0,2.129
102,2012,85,300,13.42,0,0,7.1899,0,2.013
102,2012,85,400,13.42,0,0,5.6238,0,2.013
102,2012,85,500,13.42,0,0,2.8317,0,1.975
102,2012,85,600,13.42,0,0,1.6926,0,2.024
102,2012,85,700,13.42,0,0,2.27,0,2.135
102,2012,85,800,13.42,0,15.499,3.765,0,2.118
102,2012,85,900,13.4,0,401.38,42.378,.167,66.47
102,2012,85,1000,13.34,0,1286.5,130.78,.666,257.5
102,2012,85,1100,13.3,0,1450.3,142.2,.35,195.5
102,2012,85,1200,13.23,0,3110.9,291.98,1,737
102,2012,85,1300,13.21,0,3329.1,311.25,1,552.7
102,2012,85,1400,13.2,0,3525.5,329.48,.85,560
102,2012,85,1500,13.18,0,3052.2,297.32,.8,399.5
102,2012,85,1600,13.2,0,327.72,39.159,.017,37.43
102,2012,85,1700,13.29,0,767.13,84.219,.383,132.4
102,2012,85,1800,13.3,0,634.28,69.523,.15,73.1
102,2012,85,1900,13.3,0,281.97,31.467,0,39.66
102,2012,85,2000,13.34,0,3.4877,4.9279,0,2.719
102,2012,85,2100,12.83,0,0,4.1049,0,2.338
102,2012,85,2200,12.77,0,0,6.0267,0,2.178
102,2012,85,2300,12.76,0,0,4.4369,0,2.184
101,2012,85,2400,12.76,0,18186,1827.5,5.381
102,2012,85,2400,13.42,0,0,3.5273,0,2.465
102,2012,86,100,13.43,0,0,3.1873,0,2.664
102,2012,86,200,13.44,0,0,3.6462,0,2.405
102,2012,86,300,13.44,0,0,2.2305,0,2.537
102,2012,86,400,13.45,0,0,2.0011,0,2.565
102,2012,86,500,13.45,0,0,2.4757,0,2.477
102,2012,86,600,13.46,0,0,2.6498,0,2.466
102,2012,86,700,13.47,0,0,2.4679,0,2.571
102,2012,86,800,13.47,0,26.625,5.1415,0,12.93
102,2012,86,900,13.43,0,559.68,62.465,.983,359.1
102,2012,86,1000,13.37,0,1309.4,142.4,.733,374.4
102,2012,86,1100,13.32,0,2189.8,217.57,1,617.1
102,2012,86,1200,13.29,0,2502.4,240.12,1,498.5
102,2012,86,1300,13.25,0,3064.5,292.66,.966,537.6
102,2012,86,1400,13.23,0,3419.9,329.23,.95,540.2
102,2012,86,1500,13.21,0,3173.1,313.72,.866,585.9
102,2012,86,1600,13.19,0,3400.3,343.14,.983,764
102,2012,86,1700,13.2,0,1668,173.45,.65,255.3
102,2012,86,1800,12.82,0,1494.2,179.19,.966,533.8
102,2012,86,1900,12.81,0,768.07,108.77,.9,491.9
102,2012,86,2000,13.26,0,41.298,7.0956,.067,32.06
102,2012,86,2100,13.3,0,0,2.9901,0,1.985
102,2012,86,2200,13.33,0,0,4.5722,0,1.985
102,2012,86,2300,13.35,0,0,4.1448,0,1.985
101,2012,86,2400,12.81,0,23617,2450.2,10.06
102,2012,86,2400,13.36,0,0,4.8645,0,1.974
102,2012,87,100,13.37,0,0,4.1604,0,1.908
102,2012,87,200,13.39,0,0,4.9671,0,1.864
102,2012,87,300,13.41,0,0,3.4247,0,1.837
102,2012,87,400,13.41,0,0,2.5388,0,1.792
102,2012,87,500,13.43,0,0,2.9342,0,1.748
102,2012,87,600,13.43,0,0,2.2698,0,1.754
102,2012,87,700,13.43,0,0,2.4596,0,1.765
102,2012,87,800,13.43,0,20.251,4.2628,0,4.677
102,2012,87,900,13.41,0,459.14,54.073,.55,120.5
102,2012,87,1000,13.37,0,823.32,89.463,.383,143.4
102,2012,87,1100,13.3,0,1909.7,198.27,1,482.5
102,2012,87,1200,13.23,0,3088.4,303.71,1,743
102,2012,87,1300,13.2,0,3358.7,323.85,.983,646.7
102,2012,87,1400,13.2,0,1719.5,170,.217,118.7
102,2012,87,1500,13.27,0,710.1,75.949,0,11.01
102,2012,87,1600,13.3,0,708.43,73.488,0,6.067
102,2012,87,1700,13.34,0,524.94,55.497,0,1.985
102,2012,87,1800,13.37,0,591.61,65.254,0,1.991
102,2012,87,1900,13.36,0,333.12,38.812,0,6.999
102,2012,87,2000,13.36,0,47.949,8.3764,0,3.215
102,2012,87,2100,13.39,0,0,3.9152,0,1.864
102,2012,87,2200,13.41,0,0,2.6971,0,1.77
102,2012,87,2300,13.43,0,0,3.654,0,1.781
101,2012,87,2400,13.2,0,14295,1498,4.132
102,2012,87,2400,13.44,0,0,3.9387,0,1.831
102,2012,88,100,13.46,0,0,4.3899,0,1.831
102,2012,88,200,13.46,0,0,2.9029,0,1.826
102,2012,88,300,13.47,0,0,3.0058,0,1.76
102,2012,88,400,13.48,0,0,4.0579,0,1.843
102,2012,88,500,13.49,0,0,3.8445,0,1.898
102,2012,88,600,13.5,0,0,4.0897,0,1.903
102,2012,88,700,13.51,0,0,3.0771,0,1.97
102,2012,88,800,13.51,0,39.837,8.4957,.017,22.55
102,2012,88,900,13.45,0,594.42,73.773,1,378.7
102,2012,88,1000,13.36,0,1480.4,168.73,1,666.4
102,2012,88,1100,13.31,0,2394.7,252.17,1,787
102,2012,88,1200,13.26,0,3104.9,313.04,1,804
102,2012,88,1300,13.23,0,3565.4,350,1,767
102,2012,88,1400,13.21,0,3301.9,327.74,.8,512.8
102,2012,88,1500,13.19,0,3272,330.5,.816,556.6
102,2012,88,1600,13.19,0,2693.2,284.38,.8,506.6
102,2012,88,1700,13.19,0,1898.3,205.36,.933,481.6
102,2012,88,1800,13.22,0,1733.7,217.07,.983,670
102,2012,88,1900,13.23,0,737.26,109.48,.9,399.6
102,2012,88,2000,13.24,0,72.77,11.724,.15,33.83
102,2012,88,2100,13.27,0,0,1.8272,0,1.985
102,2012,88,2200,13.32,0,0,3.4489,0,1.985
102,2012,88,2300,13.34,0,0,5.2919,0,1.985
101,2012,88,2400,13.19,0,24889,2693.9,10.4
102,2012,88,2400,13.35,0,0,5.529,0,1.98
102,2012,89,100,13.38,0,0,5.1492,0,1.93
102,2012,89,200,13.4,0,0,3.5829,0,1.842
102,2012,89,300,13.41,0,0,4.4449,0,1.743
102,2012,89,400,13.43,0,0,3.5907,0,1.715
102,2012,89,500,13.44,0,0,4.2391,0,1.715
102,2012,89,600,13.45,0,0,4.8721,0,1.748
102,2012,89,700,13.46,0,0,3.5119,0,1.848
102,2012,89,800,13.47,0,33.698,7.9337,.033,17.38
102,2012,89,900,13.43,0,453.09,58.792,.85,291.3
102,2012,89,1000,13.36,0,1231.9,143.99,.95,408.1
102,2012,89,1100,13.3,0,1701.8,181.93,.933,379.9
102,2012,89,1200,13.25,0,2751.1,278.59,.983,642.4
102,2012,89,1300,13.21,0,2910.9,296.01,.866,508.1
102,2012,89,1400,13.19,0,2947,296.33,.716,436.5
102,2012,89,1500,13.17,0,3275.7,327.73,.85,557
102,2012,89,1600,13.16,0,2887.2,291.72,.833,530.7
102,2012,89,1700,13.19,16.099,439.42,58.312,0,19.94
102,2012,89,1800,13.25,0,454.04,64.755,0,31.78
102,2012,89,1900,13.27,0,170.32,34.036,0,11.71
102,2012,89,2000,13.3,0,42.69,10.948,0,4.6
102,2012,89,2100,13.34,0,0,4.6908,0,4.396
102,2012,89,2200,13.36,0,0,4.0973,0,4.396
102,2012,89,2300,12.81,0,0,3.4012,0,4.456
101,2012,89,2400,12.81,16.099,19299,2096.6,7.01
102,2012,89,2400,13.39,0,0,3.9152,0,4.362
102,2012,90,100,13.41,0,0,4.2868,0,4.34
102,2012,90,200,13.43,0,0,3.7963,0,4.296
102,2012,90,300,13.43,0,0,4.0889,0,4.302
102,2012,90,400,13.44,0,0,4.4764,0,4.291
102,2012,90,500,13.44,0,0,4.5159,0,4.302
102,2012,90,600,13.44,0,0,1.993,0,4.302
102,2012,90,700,13.44,0,0,1.8902,0,4.252
102,2012,90,800,13.45,0,22.656,5.7022,0,5.013
102,2012,90,900,13.43,0,237.76,29.167,.017,18.27
102,2012,90,1000,13.37,0,1168.7,126.49,.75,302.6
102,2012,90,1100,13.35,0,1300.7,134.08,.45,161
102,2012,90,1200,13.3,0,1695.2,170.98,.516,186.3
102,2012,90,1300,13.24,0,3331.4,322,1,606.6
102,2012,90,1400,13.2,0,3480.6,336.13,.933,596.6
102,2012,90,1500,13.17,0,3769.3,362.53,1,786
102,2012,90,1600,13.16,0,2981.5,299.68,.833,594.3
102,2012,90,1700,13.19,0,2186.7,241.12,.966,488.5
102,2012,90,1800,13.19,0,995.25,120.17,.6,237
102,2012,90,1900,13.27,0,185.13,25.922,0,6.292
102,2012,90,2000,13.29,0,25.797,4.833,0,4.6
102,2012,90,2100,13.3,0,0,2.1121,0,3.563
102,2012,90,2200,13.33,0,0,2.6579,0,3.491
102,2012,90,2300,13.34,0,0,2.3494,0,3.519
101,2012,90,2400,13.16,0,21381,2214.2,7.06
102,2012,90,2400,13.36,0,0,3.251,0,3.53
102,2012,91,100,13.37,0,0,3.6702,0,3.513
102,2012,91,200,13.37,0,0,2.8712,0,3.502
102,2012,91,300,13.38,0,0,2.8475,0,3.541
102,2012,91,400,13.39,0,0,2.7209,0,3.436
102,2012,91,500,13.4,0,0,2.5073,0,3.348
102,2012,91,600,13.41,0,0,2.3649,0,3.315
102,2012,91,700,13.41,0,0,2.8236,0,3.237
102,2012,91,800,13.42,0,11.358,4.1444,0,3.188
102,2012,91,900,13.42,0,231.56,30.039,0,3.298
102,2012,91,1000,13.4,0,647.31,75.881,0,13.83
102,2012,91,1100,12.83,0,678.19,76.342,.033,20.59
102,2012,91,1200,13.33,0,1266.7,138.31,0,13.98
102,2012,91,1300,13.32,0,1035.2,108.9,0,25.13
102,2012,91,1400,12.83,0,1059.3,114.6,0,14.39
102,2012,91,1500,13.36,0,832.93,88.521,0,3.221
102,2012,91,1600,13.37,0,715.14,76.971,0,9.19
102,2012,91,1700,13.36,0,621.74,66.261,0,11.29
102,2012,91,1800,13.35,0,454.48,48.363,0,3.182
102,2012,91,1900,12.86,0,213.28,22.892,0,9.75
102,2012,91,2000,13.38,0,12.742,2.7131,0,2.94
102,2012,91,2100,12.86,0,0,1.9141,0,2.901
102,2012,91,2200,13.39,0,0,3.1637,0,2.917
102,2012,91,2300,13.38,0,0,2.8235,0,3
101,2012,91,2400,12.83,0,7779.9,884.42,.033
102,2012,91,2400,13.42,0,0,2.776,0,3.017
102,2012,92,100,13.42,0,0,2.6969,0,3.039
102,2012,92,200,13.43,0,0,2.0959,0,2.879
102,2012,92,300,13.44,0,0,1.6769,0,2.979
102,2012,92,400,13.44,0,0,2.3729,0,3.028
102,2012,92,500,13.45,0,0,2.1753,0,3.007
102,2012,92,600,13.45,0,0,2.1832,0,3.051
102,2012,92,700,13.45,0,0,2.1437,0,3.089
102,2012,92,800,13.47,0,25.955,5.1577,0,3.443
102,2012,92,900,13.46,0,336,37.583,0,12.8
102,2012,92,1000,13.44,0,557.87,64.511,0,3.58
102,2012,92,1100,13.42,0,702.69,82.378,0,33.31
102,2012,92,1200,13.41,0,421.86,50.174,0,25.75
102,2012,92,1300,13.39,0,627.35,72.756,0,3.425
102,2012,92,1400,13.37,0,669.12,75.97,0,17.6
102,2012,92,1500,13.35,0,841.74,95.394,0,5.625
102,2012,92,1600,13.32,0,1096.9,123.28,0,5.35
102,2012,92,1700,13.32,0,1402.9,161.47,.6,163.8
102,2012,92,1800,13.31,0,975.86,121.27,.983,306.6
102,2012,92,1900,13.32,0,408.61,57.999,.816,197.9
102,2012,92,2000,13.34,0,27.756,4.6592,0,10.79
102,2012,92,2100,13.38,0,0,2.9661,0,2.873
102,2012,92,2200,13.4,0,0,3.7094,0,2.89
102,2012,92,2300,13.42,0,0,3.7409,0,2.857
101,2012,92,2400,13.31,0,8094.7,980.81,2.399
102,2012,92,2400,13.43,0,0,2.4517,0,2.895
102,2012,93,100,13.44,0,0,2.7601,0,2.796
102,2012,93,200,13.44,0,0,3.0371,0,2.84
102,2012,93,300,13.46,0,0,1.7717,0,2.907
102,2012,93,400,13.47,0,0,2.887,0,3.018
102,2012,93,500,13.47,0,0,3.0216,0,3.067
102,2012,93,600,13.46,0,0,3.2431,0,3.078
102,2012,93,700,13.47,0,0,2.7763,0,3.012
102,2012,93,800,13.47,0,31.876,6.0828,0,3.249
102,2012,93,900,13.46,0,353.28,40.617,0,23.28
102,2012,93,1000,13.37,0,1259.5,139.91,.983,486.5
102,2012,93,1100,13.32,0,1981.4,211.5,1,483.7
102,2012,93,1200,13.29,0,2106.3,218.9,1,310.6
102,2012,93,1300,13.26,0,2351.4,242.66,.95,206.5
102,2012,93,1400,13.25,0,2327,239.96,.217,88.4
102,2012,93,1500,13.24,0,2021.2,208.23,0,78.7
102,2012,93,1600,13.23,0,1521.2,157.73,0,27.76
102,2012,93,1700,13.24,0,1144.7,121.88,0,12.53
102,2012,93,1800,13.24,0,886.82,97.91,0,69.84
102,2012,93,1900,13.25,0,515.98,65.933,.45,138.4
102,2012,93,2000,13.27,0,93.398,16.508,.233,63.79
102,2012,93,2100,13.3,0,0,1.5346,0,3.166
102,2012,93,2200,13.34,0,0,2.0092,0,2.917
102,2012,93,2300,13.36,0,0,2.0091,0,2.846
101,2012,93,2400,13.23,0,16594,1795.5,4.831
102,2012,93,2400,13.37,0,0,2.6023,0,2.62
102,2012,94,100,13.39,0,0,3.5039,0,2.592
102,2012,94,200,13.4,0,0,3.3615,0,2.587
102,2012,94,300,13.41,0,0,2.7919,0,2.509
102,2012,94,400,13.43,0,0,3.907,0,2.482
102,2012,94,500,13.44,0,0,3.1477,0,2.482
102,2012,94,600,13.44,0,0,2.5389,0,2.554
102,2012,94,700,13.47,0,0,2.4758,0,2.604
102,2012,94,800,13.47,0,42.401,7.1037,.05,26.52
102,2012,94,900,13.41,0,582.35,66.204,.983,457.2
102,2012,94,1000,13.31,0,1443.4,156.84,1,675.5
102,2012,94,1100,13.25,0,2372.3,234.53,1,780
102,2012,94,1200,13.22,0,3055.1,280.89,1,790
102,2012,94,1300,13.2,0,3155,284.06,.95,671.1
102,2012,94,1400,13.18,0,3708.1,340.46,1,679.8
102,2012,94,1500,13.16,0,3679.4,351.44,.966,644.7
102,2012,94,1600,13.16,0,1622.2,156.73,.3,228.6
102,2012,94,1700,13.2,0,317.43,35.102,0,6.263
102,2012,94,1800,13.22,0,393.35,42.38,0,6.588
102,2012,94,1900,13.23,0,315.36,38.527,.1,50.55
102,2012,94,2000,13.24,0,34.627,2.9429,0,2.762
102,2012,94,2100,13.27,0,0,1.1865,0,2.277
102,2012,94,2200,12.79,0,0,3.1483,0,2.305
102,2012,94,2300,12.77,0,0,2.0171,0,2.217
101,2012,94,2400,12.77,0,20721,2028.3,7.35
102,2012,94,2400,12.77,0,0,2.9662,0,2.228
102,2012,95,100,12.76,0,0,2.974,0,2.245
102,2012,95,200,13.34,0,0,2.9819,0,2.167
102,2012,95,300,13.4,0,0,2.6101,0,2.195
102,2012,95,400,13.4,0,0,2.0406,0,2.129
102,2012,95,500,13.41,0,0,2.4756,0,2.118
102,2012,95,600,13.42,0,0,3.6461,0,2.096
102,2012,95,700,13.43,0,0,3.1794,0,2.085
102,2012,95,800,13.43,0,14.076,4.6822,0,2.178
102,2012,95,900,13.43,0,157.07,18.389,0,4.958
102,2012,95,1000,13.39,0,630.28,70.005,.1,47.12
102,2012,95,1100,13.33,0,1284.7,134.32,.483,241.7
102,2012,95,1200,13.25,0,3065.4,293.4,1,699
102,2012,95,1300,13.21,0,3164.8,293.32,.933,531.9
102,2012,95,1400,13.22,0,2037.8,196.63,.2,80.4
102,2012,95,1500,13.22,0,1334.7,131.67,.2,79.9
102,2012,95,1600,12.81,0,742.14,83.913,.067,60.66
102,2012,95,1700,12.79,0,1117.4,124.7,.2,134.9
102,2012,95,1800,12.87,0,517.97,54.334,0,8.62
102,2012,95,1900,12.8,0,480.65,63.746,.466,169.1
102,2012,95,2000,13.31,0,13.677,3.0769,0,6.695
102,2012,95,2100,12.85,0,0,1.4871,0,2.052
102,2012,95,2200,12.81,0,0,2.2703,0,1.985
102,2012,95,2300,13.36,0,0,2.1278,0,2.03
101,2012,95,2400,12.76,0,14561,1501.2,3.649
102,2012,95,2400,13.36,0,0,3.2747,0,1.991
102,2012,96,100,13.37,0,0,2.8001,0,1.991
102,2012,96,200,13.39,0,0,2.6814,0,1.991
102,2012,96,300,13.4,0,0,3.0452,0,2.007
102,2012,96,400,13.39,0,0,2.1909,0,1.991
102,2012,96,500,13.4,0,0,2.6418,0,2.013
102,2012,96,600,13.41,0,0,2.7604,0,2.024
102,2012,96,700,13.41,0,0,2.9739,0,1.991
102,2012,96,800,13.41,0,19.931,4.7061,0,1.991
102,2012,96,900,13.41,0,225.89,26.805,0,2.101
102,2012,96,1000,13.39,0,224.47,23.428,0,6.254
102,2012,96,1100,13.4,0,101.13,8.4078,0,2.741
102,2012,96,1200,13.41,0,166.4,11.824,0,8.9
102,2012,96,1300,13.41,0,720.77,61.335,0,7.28
102,2012,96,1400,13.39,0,1007.6,103.39,0,2.57
102,2012,96,1500,13.36,0,1961.2,214.51,.1,56.63
102,2012,96,1600,13.33,0,1589.9,171.76,0,34.83
102,2012,96,1700,13.31,0,1417.7,151.64,.483,129.3
102,2012,96,1800,13.31,0,1298.4,154.68,1,467.2
102,2012,96,1900,13.31,0,625.88,85.266,.766,363.6
102,2012,96,2000,12.84,0,35.716,5.6954,0,9.12
102,2012,96,2100,12.77,0,0,2.3888,0,1.985
102,2012,96,2200,12.76,0,0,1.9062,0,1.985
102,2012,96,2300,12.76,0,0,2.7367,0,2.019
101,2012,96,2400,12.76,0,9394.9,1053,2.349
102,2012,96,2400,13.39,0,0,3.3932,0,2.123
102,2012,97,100,13.41,0,0,3.7016,0,1.996
102,2012,97,200,13.43,0,0,3.48,0,2.041
102,2012,97,300,13.43,0,0,3.0924,0,2.068
102,2012,97,400,13.44,0,0,2.7365,0,2.107
102,2012,97,500,13.44,0,0,4.0335,0,2.041
102,2012,97,600,13.44,0,0,3.1556,0,2.002
102,2012,97,700,13.45,0,0,2.8946,0,2.107
102,2012,97,800,13.44,0,22.773,5.7497,0,1.98
102,2012,97,900,13.43,0,398.83,40.43,0,27.91
102,2012,97,1000,13.38,0,1187.1,108.62,.533,156.3
102,2012,97,1100,13.33,0,2172.2,204.69,.866,366
102,2012,97,1200,13.33,0,1363,127.84,.083,43.8
102,2012,97,1300,13.32,0,1257.3,114.87,0,9.24
102,2012,97,1400,13.28,0,2516.7,232.05,.167,62.06
102,2012,97,1500,13.25,0,2809.9,260.85,.75,211.8
102,2012,97,1600,13.26,0,1855.8,174.06,.383,104.8
102,2012,97,1700,13.27,0,1694.4,161.92,.95,234.6
102,2012,97,1800,13.28,5.9246,623.59,57.894,.233,45.56
102,2012,97,1900,13.32,0,250.76,23.153,0,9.14
102,2012,97,2000,13.37,0,12.246,4.6668,0,1.958
102,2012,97,2100,13.4,0,0,4.4846,0,1.991
102,2012,97,2200,13.41,0,0,4.9749,0,2.002
102,2012,97,2300,13.42,0,0,4.1681,0,1.947
101,2012,97,2400,13.25,5.9246,16165,1557,3.965
102,2012,97,2400,13.42,0,0,3.5275,0,1.963
102,2012,98,100,13.43,0,0,3.567,0,1.958
102,2012,98,200,13.43,0,0,4.3184,0,1.98
102,2012,98,300,13.43,0,0,3.4879,0,1.98
102,2012,98,400,13.43,0,0,3.6381,0,1.969
102,2012,98,500,13.44,0,0,3.2031,0,1.991
102,2012,98,600,13.44,0,0,3.9386,0,1.963
102,2012,98,700,13.44,0,0,3.1715,0,1.919
102,2012,98,800,13.44,0,17.251,4.2471,0,1.903
102,2012,98,900,13.41,0,433.07,38.58,.367,94.4
102,2012,98,1000,13.37,0,1022.7,87.288,.716,139.8
102,2012,98,1100,13.34,0,1361.9,118.48,.167,74.2
102,2012,98,1200,13.31,0,1641.2,142.69,.05,37.62
102,2012,98,1300,13.31,0,296.15,24.741,0,15.91
102,2012,98,1400,13.41,0,407.29,27.928,0,3.326
102,2012,98,1500,12.77,0,1182.4,94.339,0,2.063
102,2012,98,1600,12.75,0,1302.7,120.33,0,20.31
102,2012,98,1700,12.75,0,792.27,82.036,0,9.49
102,2012,98,1800,12.75,0,872.91,91.241,.633,122.1
102,2012,98,1900,13.38,0,318.96,32.855,0,55.8
102,2012,98,2000,13.41,0,26.379,5.75,0,4.054
102,2012,98,2100,13.44,0,0,3.5274,0,2.14
102,2012,98,2200,13.44,0,0,3.0528,0,2.256
102,2012,98,2300,13.45,0,0,3.4008,0,2.421
101,2012,98,2400,12.75,0,9675.1,908.72,1.933
102,2012,98,2400,13.46,0,0,2.9025,0,2.542
102,2012,99,100,13.45,0,0,3.4877,0,2.449
102,2012,99,200,13.46,0,0,2.8788,0,2.487
102,2012,99,300,13.46,0,0,2.2461,0,2.515
102,2012,99,400,13.46,0,0,2.7918,0,2.57
102,2012,99,500,13.47,0,0,3.3614,0,2.421
102,2012,99,600,13.48,0,0,2.2859,0,2.317
102,2012,99,700,13.49,0,0,3.0058,0,2.35
102,2012,99,800,13.49,0,19.64,3.346,0,2.322
102,2012,99,900,13.47,0,164.96,15.709,0,2.719
102,2012,99,1000,13.46,0,460.68,44.092,0,4.429
102,2012,99,1100,13.41,0,1086,100.45,0,20.38
102,2012,99,1200,13.32,0,2683.5,233.48,.983,439.2
102,2012,99,1300,13.25,0,3539.6,302.57,1,745
102,2012,99,1400,13.23,0,3501.5,303.62,.916,617.4
102,2012,99,1500,13.19,0,3264.1,295.12,.883,578.3
102,2012,99,1600,13.15,0,2551.4,236.6,.883,480.2
102,2012,99,1700,13.2,0,945.06,88.388,.117,92.2
102,2012,99,1800,13.25,0,1419.5,151.48,.566,378.3
102,2012,99,1900,13.29,0,304.92,30.881,0,43.13
102,2012,99,2000,13.32,0,43.305,6.0277,0,8.39
102,2012,99,2100,13.34,0,0,1.7086,0,1.87
102,2012,99,2200,13.35,0,0,2.9424,0,1.776
102,2012,99,2300,13.37,0,0,3.1954,0,1.853
101,2012,99,2400,13.15,0,19984,1842,5.348
102,2012,99,2400,13.37,0,0,2.3254,0,1.908
102,2012,100,100,13.37,0,0,2.531,0,1.853
102,2012,100,200,13.39,0,0,2.2383,0,1.914
102,2012,100,300,13.41,0,0,2.8948,0,1.947
102,2012,100,400,13.43,0,0,1.8428,0,1.969
102,2012,100,500,13.43,0,0,1.8269,0,2.007
102,2012,100,600,13.44,0,0,2.2698,0,2.063
102,2012,100,700,13.45,0,0,1.4078,0,2.107
102,2012,100,800,13.46,0,30.54,4.2712,0,11.11
102,2012,100,900,13.39,0,501.55,48.942,.816,483.6
102,2012,100,1000,13.3,0,1543.7,142.54,1,670
102,2012,100,1100,13.28,0,1762.9,161.2,.983,430.5
102,2012,100,1200,13.25,0,1890.2,180.11,.433,153
102,2012,100,1300,13.23,0,2289.7,219.04,.4,260.6
102,2012,100,1400,13.23,0,2087.1,195.89,.516,223.4
102,2012,100,1500,13.21,0,2937.3,286.55,.65,485.2
102,2012,100,1600,13.2,0,2862.7,282.96,.833,593.2
102,2012,100,1700,13.2,0,1989.2,205.47,.7,428.7
102,2012,100,1800,13.22,0,1091.8,116.81,.35,253.6
102,2012,100,1900,13.27,0,566.99,70.338,.866,273.5
102,2012,100,2000,13.28,0,46.761,5.3629,0,7.35
102,2012,100,2100,13.3,0,0,.32431,0,1.98
102,2012,100,2200,13.32,0,0,1.1312,0,1.985
102,2012,100,2300,13.34,0,0,2.1436,0,1.886
101,2012,100,2400,13.2,0,19570,1921.5,7.55
102,2012,100,2400,13.35,0,0,2.634,0,1.831
102,2012,101,100,13.36,0,0,2.8634,0,1.792
102,2012,101,200,13.37,0,0,3.4407,0,1.732
102,2012,101,300,13.39,0,0,2.3412,0,1.71
102,2012,101,400,13.39,0,0,2.2858,0,1.71
102,2012,101,500,13.41,0,0,2.6891,0,1.792
102,2012,101,600,13.41,0,0,2.7761,0,1.826
102,2012,101,700,13.42,0,0,2.3964,0,1.831
102,2012,101,800,13.42,0,56.505,8.0433,.05,25.17
102,2012,101,900,13.35,0,746.66,73.293,1,464.5
102,2012,101,1000,13.3,0,1659.9,163.33,1,608.3
102,2012,101,1100,13.26,0,2405.7,231.35,1,771
102,2012,101,1200,13.23,0,3178.8,300.16,1,689.4
102,2012,101,1300,13.21,0,2859.9,273.46,.966,320.5
102,2012,101,1400,13.21,0,2020.4,195.69,.4,125.7
102,2012,101,1500,13.2,0,2515.7,242.53,.65,320.7
102,2012,101,1600,13.19,0,2674.8,263.05,1,468.3
102,2012,101,1700,13.2,0,860.82,90.141,.15,68.7
102,2012,101,1800,13.27,0,555.46,62.831,.033,26.23
102,2012,101,1900,13.28,0,204.96,22.543,0,10.19
102,2012,101,2000,13.3,0,40.186,5.8852,0,3.05
102,2012,101,2100,13.32,0,0,3.3223,0,2.669
102,2012,101,2200,13.35,0,0,1.8431,0,2.647
102,2012,101,2300,13.36,0,0,2.8871,0,2.631
101,2012,101,2400,13.19,0,19780,1963.2,7.25
102,2012,101,2400,13.38,0,0,4.0576,0,2.587
102,2012,102,100,13.4,0,0,4.0733,0,2.537
102,2012,102,200,13.41,0,0,3.3139,0,2.531
102,2012,102,300,13.42,0,0,3.4483,0,2.509
102,2012,102,400,13.43,0,0,2.5308,0,2.504
102,2012,102,500,13.44,0,0,3.8753,0,2.438
102,2012,102,600,13.44,0,0,2.5545,0,2.449
102,2012,102,700,13.45,0,0,3.1793,0,2.636
102,2012,102,800,13.45,0,10.646,3.8278,0,2.796
102,2012,102,900,13.44,0,163.01,17.668,0,2.967
102,2012,102,1000,13.41,0,655.95,63.785,0,5.857
102,2012,102,1100,13.36,0,1482.3,141.92,.566,124.9
102,2012,102,1200,13.32,0,1933.3,178.21,1,202.8
102,2012,102,1300,13.25,0,3161,285.65,.983,548.8
102,2012,102,1400,13.23,0,2998.4,287.69,.866,293.8
102,2012,102,1500,13.23,0,2365.4,234.06,.433,201.2
102,2012,102,1600,13.23,0,2359.6,233.42,1,361.8
102,2012,102,1700,13.24,0,1544.7,157.5,.716,182.8
102,2012,102,1800,13.25,0,1120.8,118.6,.5,183.9
102,2012,102,1900,12.87,0,355.93,37.171,0,7.55
102,2012,102,2000,12.82,0,35.198,5.2285,0,2.459
102,2012,102,2100,13.31,0,0,2.0012,0,2.383
102,2012,102,2200,13.34,0,0,2.4364,0,2.371
102,2012,102,2300,13.35,0,0,3.085,0,2.245
101,2012,102,2400,12.82,0,18186,1799.4,6.064
102,2012,102,2400,13.36,0,0,4.1606,0,2.234
102,2012,103,100,13.38,0,0,3.9944,0,2.173
102,2012,103,200,13.38,0,0,2.9186,0,2.206
102,2012,103,300,13.39,0,0,2.9265,0,2.206
102,2012,103,400,13.4,0,0,3.6384,0,2.123
102,2012,103,500,13.41,0,0,3.0451,0,2.085
102,2012,103,600,13.42,0,0,2.8394,0,2.068
102,2012,103,700,13.43,0,0,3.4404,0,2.096
102,2012,103,800,13.44,0,26.962,6.5248,0,3.452
102,2012,103,900,13.42,0,405.38,42.716,.15,66.22
102,2012,103,1000,13.35,0,1218.6,122.45,.916,311.3
102,2012,103,1100,13.32,0,1613.6,163.33,.516,248.9
102,2012,103,1200,13.29,0,2496.1,243.56,.816,362.3
102,2012,103,1300,13.23,0,3062.6,298.78,.916,424.1
102,2012,103,1400,13.2,0,3448.6,337.57,.883,509
102,2012,103,1500,13.2,0,1985.9,195.77,.35,161.6
102,2012,103,1600,13.2,0,2683.5,274.82,.9,498.6
102,2012,103,1700,13.2,0,1328.1,136.15,.45,188.8
102,2012,103,1800,13.23,21.692,634.92,80.603,.183,65.19
102,2012,103,1900,13.28,0,199.65,36.062,0,16.77
102,2012,103,2000,13.35,0,38.627,13.787,0,4.214
102,2012,103,2100,12.81,0,.10716,11.01,0,2.785
102,2012,103,2200,13.39,0,0,8.7953,0,2.758
102,2012,103,2300,13.41,0,0,5.2676,0,2.73
101,2012,103,2400,12.81,21.692,19143,2003.9,6.081
102,2012,103,2400,13.41,0,0,3.923,0,2.724
102,2012,104,100,12.77,0,0,3.2665,0,2.653
102,2012,104,200,12.75,0,0,4.01,0,2.647
102,2012,104,300,12.75,0,.2143,4.1286,0,2.647
102,2012,104,400,12.74,0,.06818,.96489,0,2.647
102,2012,104,500,12.73,0,.06818,.91741,0,2.647
102,2012,104,600,12.73,0,.20456,.70392,0,2.648
102,2012,104,700,12.72,0,.07793,.36382,0,2.653
102,2012,104,800,12.73,197.32,1.9191,.21356,0,2.637
102,2012,104,900,12.72,117.49,58.09,3.9233,0,2.675
102,2012,104,1000,12.72,0,242.59,18.059,0,2.681
102,2012,104,1100,12.72,0,858.93,75.243,0,3.867
102,2012,104,1200,12.73,0,2479,239.65,.55,269.1
102,2012,104,1300,12.73,0,3557.3,338.42,1,684.9
102,2012,104,1400,12.75,0,4052.4,375.96,1,723
102,2012,104,1500,12.77,0,3778.4,355.54,1,852
102,2012,104,1600,12.79,0,2841.3,275.46,.983,685.6
102,2012,104,1700,13.2,0,2594.7,275.62,1,820
102,2012,104,1800,13.22,0,1790.9,208.84,.95,710
102,2012,104,1900,13.23,0,352.26,39.085,.283,134.3
102,2012,104,2000,13.27,0,49.819,13.138,.217,62.35
102,2012,104,2100,13.3,0,0,2.6183,0,2.631
102,2012,104,2200,13.35,0,0,4.0024,0,2.603
102,2012,104,2300,13.38,0,0,5.1492,0,2.565
101,2012,104,2400,12.72,314.81,22658,2250.4,6.981
102,2012,104,2400,13.4,0,0,5.1569,0,2.559
102,2012,105,100,13.42,0,0,5.576,0,2.509
102,2012,105,200,13.43,0,0,5.125,0,2.465
102,2012,105,300,13.44,0,0,3.986,0,2.449
102,2012,105,400,13.46,0,0,4.6108,0,2.454
102,2012,105,500,13.46,0,0,3.8755,0,2.421
102,2012,105,600,13.48,0,0,3.6071,0,2.438
102,2012,105,700,13.48,0,0,3.797,0,2.455
102,2012,105,800,13.48,0,58.544,11.043,.15,39
102,2012,105,900,13.41,1.8985,663.47,67.556,1,419.6
102,2012,105,1000,13.34,0,1474.6,150.37,1,655.5
102,2012,105,1100,13.28,0,2256.9,216.42,1,736
102,2012,105,1200,13.24,0,3070.1,285.13,1,801
102,2012,105,1300,13.22,0,3591.4,336.98,1,780
102,2012,105,1400,13.2,0,3445.9,331.94,.916,634.6
102,2012,105,1500,13.18,0,3419.3,345.7,.933,707
102,2012,105,1600,13.18,0,3278.4,342.62,.933,745
102,2012,105,1700,13.19,0,2246.5,244.62,.7,544.7
102,2012,105,1800,13.23,0,1207.2,150.68,.85,493.7
102,2012,105,1900,13.27,0,734.81,108.88,.933,478.5
102,2012,105,2000,12.88,0,33.619,5.4341,0,7.26
102,2012,105,2100,12.8,0,0,2.3257,0,2.261
102,2012,105,2200,12.79,0,0,2.5154,0,2.184
102,2012,105,2300,12.79,0,0,2.1989,0,2.129
101,2012,105,2400,12.79,1.8985,25481,2638.5,10.41
102,2012,105,2400,13.39,0,0,3.4803,0,2.145
102,2012,106,100,13.39,0,0,2.8316,0,2.112
102,2012,106,200,13.39,0,0,2.8316,0,2.134
102,2012,106,300,13.4,0,0,3.0056,0,2.112
102,2012,106,400,13.41,0,0,3.6383,0,2.096
102,2012,106,500,13.42,0,0,2.8157,0,2.09
102,2012,106,600,13.42,0,0,3.6382,0,2.101
102,2012,106,700,13.42,0,0,3.8597,0,2.156
102,2012,106,800,13.43,0,14.144,4.959,0,2.383
102,2012,106,900,13.42,0,128.86,14.861,0,6.221
102,2012,106,1000,13.41,0,671.42,67.664,.183,64.92
102,2012,106,1100,13.41,0,89.561,11.469,0,7.48
102,2012,106,1200,13.4,0,50.382,2.4915,0,2.311
102,2012,106,1300,13.41,0,61.925,3.2349,0,2.272
102,2012,106,1400,13.39,0,87.317,4.8087,0,2.217
102,2012,106,1500,13.42,0,301.76,23.22,0,8.46
102,2012,106,1600,13.41,0,658.34,61.095,0,9.34
102,2012,106,1700,13.39,0,699.8,72.716,0,2.3
102,2012,106,1800,13.37,0,615.18,73.406,0,2.305
102,2012,106,1900,13.37,0,301.35,38.669,0,2.581
102,2012,106,2000,13.38,0,33.374,7.4586,0,2.178
102,2012,106,2100,13.4,0,0,3.393,0,2.112
102,2012,106,2200,13.41,0,0,3.2742,0,2.134
102,2012,106,2300,13.42,0,0,2.3489,0,2.112
101,2012,106,2400,13.37,0,3713.4,419.9,.183
102,2012,106,2400,13.44,0,0,2.2144,0,2.14
102,2012,107,100,13.44,0,0,2.2777,0,2.129
102,2012,107,200,13.45,0,0,2.3489,0,2.101
102,2012,107,300,13.46,0,0,2.3411,0,2.195
102,2012,107,400,13.47,0,0,2.1516,0,2.157
102,2012,107,500,13.47,0,0,1.6453,0,2.124
102,2012,107,600,13.48,0,0,2.555,0,2.135
102,2012,107,700,13.48,0,0,2.3415,0,2.146
102,2012,107,800,13.49,0,18.365,4.3825,0,2.405
102,2012,107,900,13.47,0,327.96,34.221,0,13.73
102,2012,107,1000,13.44,0,721.79,77.926,.017,28.1
102,2012,107,1100,13.41,0,947.4,106.33,0,12.93
102,2012,107,1200,13.41,0,737.83,80.184,0,9.23
102,2012,107,1300,13.41,0,497.72,51.062,0,8.87
102,2012,107,1400,13.41,0,818.57,82.817,0,11.17
102,2012,107,1500,13.39,0,1249.1,131.22,0,8.51
102,2012,107,1600,13.37,0,1440.2,161.99,0,41.39
102,2012,107,1700,13.35,0,1599,188.31,.483,285.1
102,2012,107,1800,13.35,0,1750.8,223.1,1,701
102,2012,107,1900,13.35,0,717.94,98.275,.783,336.4
102,2012,107,2000,13.36,0,42.047,5.1574,0,4.506
102,2012,107,2100,13.37,0,0,1.8034,0,2.096
102,2012,107,2200,13.39,0,0,2.2779,0,2.085
102,2012,107,2300,13.41,0,0,3.0529,0,2.041
101,2012,107,2400,13.35,0,10869,1271.8,2.282
102,2012,107,2400,13.42,0,0,4.0178,0,2.09
102,2012,108,100,13.43,0,0,3.0133,0,2.123
102,2012,108,200,13.44,0,0,3.7409,0,2.085
102,2012,108,300,13.45,0,0,2.6415,0,2.118
102,2012,108,400,13.46,0,0,2.7524,0,2.14
102,2012,108,500,13.47,0,0,2.1515,0,2.107
102,2012,108,600,13.48,0,0,2.0014,0,2.058
102,2012,108,700,13.48,0,0,2.2545,0,2.113
102,2012,108,800,13.48,0,26.744,5.213,0,3.459
102,2012,108,900,13.47,0,277.63,33.09,.033,43.41
102,2012,108,1000,13.36,0,1449.4,173.44,.966,503.2
102,2012,108,1100,13.36,0,894.2,115.94,.333,89.8
102,2012,108,1200,13.31,0,1699.6,236.91,.816,256.5
102,2012,108,1300,13.26,0,2367.9,327.7,1,623.1
102,2012,108,1400,13.23,0,2723.2,357.53,.966,565.6
102,2012,108,1500,13.21,0,2205.9,270.41,.9,377.8
102,2012,108,1600,13.21,0,2630.3,340.76,1,730
102,2012,108,1700,13.22,0,1022.1,137.9,.383,203.8
102,2012,108,1800,13.25,0,503.45,69.053,.283,134.3
102,2012,108,1900,13.3,0,195.12,25.858,0,9.08
102,2012,108,2000,13.32,0,18.248,4.1133,0,-2.592
102,2012,108,2100,13.35,0,0,2.3413,0,-2.906
102,2012,108,2200,13.38,0,0,1.6294,0,-2.84
102,2012,108,2300,13.39,0,0,1.1943,0,-2.802
101,2012,108,2400,13.21,0,16014,2123.6,6.681
102,2012,108,2400,13.41,0,0,1.9773,0,-2.741
102,2012,109,100,13.42,0,0,2.3411,0,-2.741
102,2012,109,200,13.42,0,0,2.7523,0,-2.917
102,2012,109,300,13.43,0,0,1.5343,0,-3.149
102,2012,109,400,13.43,0,0,1.0361,0,-2.989
102,2012,109,500,13.44,0,0,1.8902,0,-3.221
102,2012,109,600,13.44,0,0,3.1714,0,-3.265
102,2012,109,700,13.46,0,0,2.3094,0,-3.298
102,2012,109,800,13.46,0,36.88,7.1342,0,9.43
102,2012,109,900,13.4,0,581.48,66.823,.966,355.8
102,2012,109,1000,13.33,0,1430.2,168.04,1,646.4
102,2012,109,1100,13.28,0,1652.3,214.2,.883,530.6
102,2012,109,1200,13.27,0,1396.8,175.47,.083,60.69
102,2012,109,1300,13.25,0,2159.3,272.8,.75,238.5
102,2012,109,1400,13.23,0,1636.3,204.47,.317,141.1
102,2012,109,1500,13.27,0,763.23,96.369,.067,59.78
102,2012,109,1600,13.29,0,875.51,114.67,0,13.55
102,2012,109,1700,13.33,0,626.24,80.257,0,6.359
102,2012,109,1800,13.34,0,49.851,11.596,0,-2.443
102,2012,109,1900,13.39,0,7.8418,1.6927,0,-.088
102,2012,109,2000,13.42,0,1.6754,1.0994,0,-4.837
102,2012,109,2100,13.44,0,0,1.6451,0,-4.611
102,2012,109,2200,13.46,0,0,2.3096,0,-4.633
102,2012,109,2300,13.45,0,0,2.4122,0,-5.179
101,2012,109,2400,13.23,0,11218,1439.1,4.065
102,2012,109,2400,13.46,0,0,3.0845,0,-5.56
102,2012,110,100,13.46,0,0,2.8475,0,-5.521
102,2012,110,200,13.47,0,0,2.6818,0,-4.617
102,2012,110,300,13.49,0,0,3.7655,0,-4.651
102,2012,110,400,13.49,0,0,2.5868,0,-4.717
102,2012,110,500,13.49,0,0,1.8669,0,-4.75
102,2012,110,600,13.49,0,0,3.2671,0,-5.015
102,2012,110,700,13.5,0,0,2.4839,0,-4.745
102,2012,110,800,13.51,0,42.429,6.6922,0,-1.192
102,2012,110,900,13.48,0,456.88,52.858,.117,44.53
102,2012,110,1000,13.45,0,708.17,80.069,.933,190.9
102,2012,110,1100,13.39,0,1532.3,177.63,1,367.8
102,2012,110,1200,13.32,0,2049.6,233.38,.766,276.6
102,2012,110,1300,13.27,0,2775.2,304.67,.666,199.7
102,2012,110,1400,13.25,0,2452.4,278.45,.233,61.69
102,2012,110,1500,13.22,0,2367.4,260.91,.933,201.4
102,2012,110,1600,13.21,0,2993.6,335.82,1,715
102,2012,110,1700,13.22,0,1913,219.15,.916,382.5
102,2012,110,1800,13.24,0,862.25,104.38,.317,107.1
102,2012,110,1900,13.26,0,810.71,124.71,.916,431.9
102,2012,110,2000,13.28,0,44.561,6.6604,.133,32.52
102,2012,110,2100,13.32,0,0,2.0487,0,-6.701
102,2012,110,2200,13.35,0,0,3.1166,0,-6.712
102,2012,110,2300,13.37,0,0,2.1357,0,-7.04
101,2012,110,2400,13.21,0,19009,2215.2,7.93
102,2012,110,2400,13.37,0,0,3.0215,0,-7.04
102,2012,111,100,13.39,0,0,2.8633,0,-7.24
102,2012,111,200,13.39,0,0,2.0328,0,-7.3
102,2012,111,300,13.4,0,0,2.7367,0,-7.31
102,2012,111,400,13.4,0,0,2.3333,0,-7.49
102,2012,111,500,13.41,0,0,3.0925,0,-7.27
102,2012,111,600,13.42,0,0,3.2349,0,-7.29
102,2012,111,700,13.43,0,0,3.5195,0,-7.45
102,2012,111,800,13.43,0,23.076,6.3746,0,-7.61
102,2012,111,900,13.39,0,611.48,76.234,.55,197.2
102,2012,111,1000,13.34,0,1500.1,180.56,1,542.7
102,2012,111,1100,13.28,0,2205.3,264.35,1,679.1
102,2012,111,1200,13.28,0,2033.4,250.41,.966,220.9
102,2012,111,1300,13.26,0,2453.2,293.92,.683,294.4
102,2012,111,1400,13.24,0,2622.1,313.65,.733,349.6
102,2012,111,1500,13.22,0,2913.9,351.28,.833,518.8
102,2012,111,1600,13.2,0,3380.3,408.89,1,730
102,2012,111,1700,13.2,0,1708.2,222.42,.7,312.6
102,2012,111,1800,13.26,0,1031.1,139.89,.566,170.9
102,2012,111,1900,13.29,0,387.98,55.385,.217,89.5
102,2012,111,2000,13.31,0,63.33,9.6814,0,2.283
102,2012,111,2100,13.33,0,0,3.4489,0,-4.125
102,2012,111,2200,13.36,0,0,4.6352,0,-6.458
102,2012,111,2300,13.39,0,0,4.7457,0,-8.92
101,2012,111,2400,13.2,0,20933,2609.4,8.25
102,2012,111,2400,13.41,0,0,3.7411,0,-9.14
102,2012,112,100,13.42,0,0,3.923,0,-8.91
102,2012,112,200,13.43,0,0,4.4369,0,-9.24
102,2012,112,300,13.44,0,0,3.6618,0,-8.69
102,2012,112,400,13.45,0,0,3.3456,0,-8.97
102,2012,112,500,13.45,0,0,4.342,0,-8.85
102,2012,112,600,13.45,0,0,3.9941,0,-9.12
102,2012,112,700,13.46,0,0,2.2936,0,-9.05
102,2012,112,800,13.46,0,25.795,6.4303,0,-8.56
102,2012,112,900,13.46,0,94.349,14.007,0,-7.38
102,2012,112,1000,13.46,0,56.421,6.4856,0,-8.09
102,2012,112,1100,13.47,0,189.62,17.853,0,-6.2
102,2012,112,1200,13.46,0,352.12,35.236,0,-9.15
102,2012,112,1300,13.43,0,855.63,96.964,0,-7.23
102,2012,112,1400,13.36,0,2215.7,279.01,.433,107.5
102,2012,112,1500,13.32,0,2402.1,310.66,.566,253.7
102,2012,112,1600,13.3,0,2591.5,320.98,.983,401.3
102,2012,112,1700,13.29,0,1623.4,209.72,1,219.7
102,2012,112,1800,13.3,0,1301.6,173.35,1,351.8
102,2012,112,1900,13.31,0,305.32,38.781,.233,44.95
102,2012,112,2000,13.34,0,6.3812,2.5787,0,-8.2
102,2012,112,2100,13.37,0,0,2.4837,0,-8.96
102,2012,112,2200,13.39,0,0,2.8158,0,-8.43
102,2012,112,2300,13.4,0,.12664,1.748,0,-9.13
101,2012,112,2400,13.29,0,12020,1546.4,4.215
102,2012,112,2400,13.42,0,0,1.305,0,-9.3
102,2012,113,100,13.44,0,0,2.2699,0,-9.35
102,2012,113,200,13.45,0,0,3.6382,0,-9.27
102,2012,113,300,13.46,0,0,2.7445,0,-9.26
102,2012,113,400,13.46,0,0,1.7637,0,-9.09
102,2012,113,500,13.46,0,0,2.4597,0,-8.74
102,2012,113,600,13.48,0,0,1.7007,0,-9.16
102,2012,113,700,13.48,0,0,3.1327,0,-9.21
102,2012,113,800,13.48,0,7.0634,3.5993,0,-9.13
102,2012,113,900,13.48,0,118.06,17.869,0,-8.67
102,2012,113,1000,13.44,0,683.59,88.118,.083,47.4
102,2012,113,1100,13.39,0,1341.1,167.57,.616,100.4
102,2012,113,1200,13.35,0,1618.4,197.01,.317,72.9
102,2012,113,1300,13.31,0,1848.3,224.13,.067,31.77
102,2012,113,1400,13.3,0,1198.1,144.17,0,10.29
102,2012,113,1500,13.32,0,589.11,75.924,.067,58.38
102,2012,113,1600,13.34,0,1055.2,137.43,0,17.06
102,2012,113,1700,13.33,0,819.98,102.48,0,23.41
102,2012,113,1800,13.34,0,400.47,52.042,0,12.79
102,2012,113,1900,13.35,0,176.06,24.26,0,-.932
102,2012,113,2000,13.38,0,19.026,4.4532,0,-.656
102,2012,113,2100,13.4,0,0,2.7999,0,-2.223
102,2012,113,2200,13.42,0,0,2.61,0,-2.416
102,2012,113,2300,13.42,0,0,2.6653,0,-1.781
101,2012,113,2400,13.3,0,9874.4,1267.7,1.15
102,2012,113,2400,13.42,0,0,2.8393,0,-.154
102,2012,114,100,13.43,0,0,2.6021,0,-.248
102,2012,114,200,13.44,0,0,3.211,0,-3.701
102,2012,114,300,13.44,0,0,3.0528,0,-7.9
102,2012,114,400,13.44,0,0,2.3648,0,-7.85
102,2012,114,500,13.39,0,0,1.8349,0,-7.95
102,2012,114,600,13.44,0,0,2.4992,0,-7.68
102,2012,114,700,13.44,0,0,2.2461,0,-7.74
102,2012,114,800,13.44,0,17.788,3.8915,0,-1.842
102,2012,114,900,13.43,0,147.45,19.844,0,2.405
102,2012,114,1000,13.41,0,423.42,56.421,0,6.9
102,2012,114,1100,13.34,0,1208.2,154.12,.283,70.4
102,2012,114,1200,13.28,0,2262,270.67,1,325.6
102,2012,114,1300,13.21,0,3456.8,382.24,1,784
102,2012,114,1400,13.2,0,3040.5,343.86,.75,560.8
102,2012,114,1500,13.2,0,3061.5,362.15,.966,626.9
102,2012,114,1600,13.19,0,3494.4,417.09,.983,741
102,2012,114,1700,13.2,0,2129.8,283.1,.783,500.6
102,2012,114,1800,12.79,0,1157.6,164.22,.35,250.6
102,2012,114,1900,12.78,0,413.5,55.204,0,31.56
102,2012,114,2000,12.78,0,44.269,7.6096,0,2.515
102,2012,114,2100,13.33,0,0,1.7165,0,.292
102,2012,114,2200,13.36,0,0,3.5673,0,.204
102,2012,114,2300,13.38,0,0,1.922,0,.188
101,2012,114,2400,12.78,0,20857,2546.9,6.114
102,2012,114,2400,13.38,0,0,1.4474,0,.298
102,2012,115,100,13.39,0,0,1.8271,0,.199
102,2012,115,200,13.4,0,0,2.27,0,.248
102,2012,115,300,13.4,0,0,1.3762,0,.331
102,2012,115,400,13.41,0,0,2.0168,0,.358
102,2012,115,500,13.42,0,0,4.6664,0,.325
102,2012,115,600,13.42,0,0,2.9421,0,.292
102,2012,115,700,13.43,0,0,2.2382,0,.27
102,2012,115,800,13.43,0,6.9453,3.1715,0,.463
102,2012,115,900,13.44,0,35.427,6.6752,0,1.936
102,2012,115,1000,13.44,0,108.69,14.703,0,1.848
102,2012,115,1100,13.43,0,308.53,35.962,0,2.884
102,2012,115,1200,13.42,0,544.8,67.368,0,5.201
102,2012,115,1300,13.41,0,861.93,106.95,0,6.624
102,2012,115,1400,13.39,0,1216.3,161.37,0,12.72
102,2012,115,1500,13.35,0,1425.3,193.14,0,8.33
102,2012,115,1600,13.34,0,1212.4,164.75,0,2.234
102,2012,115,1700,13.34,0,955.06,126.05,0,7.64
102,2012,115,1800,13.34,0,985.03,135.9,.417,132.9
102,2012,115,1900,13.35,0,545.39,79.687,.367,115.3
102,2012,115,2000,13.36,0,57.303,9.6423,0,9.51
102,2012,115,2100,13.38,0,0,2.2938,0,.563
102,2012,115,2200,13.41,0,0,2.7841,0,-1.037
102,2012,115,2300,13.41,0,0,2.5151,0,-.882
101,2012,115,2400,13.34,0,8263.1,1132.8,.783
102,2012,115,2400,13.42,0,0,2.5388,0,-.954
102,2012,116,100,13.43,0,0,3.0687,0,-.987
102,2012,116,200,13.44,0,0,3.6144,0,-.805
102,2012,116,300,13.44,0,0,3.298,0,-.816
102,2012,116,400,13.44,0,0,3.6539,0,-.568
102,2012,116,500,13.45,0,0,2.9026,0,-.8
102,2012,116,600,13.45,0,0,2.4676,0,-3.138
102,2012,116,700,13.46,0,0,2.6259,0,-6.828
102,2012,116,800,13.46,0,28.513,5.94,0,-1.655
102,2012,116,900,13.45,0,150,19.671,0,-7.57
102,2012,116,1000,13.44,0,158.12,17.977,0,-4.881
102,2012,116,1100,13.42,0,871.72,89.678,.033,31.17
102,2012,116,1200,13.42,0,414.85,43.753,0,12.18
102,2012,116,1300,13.37,0,1598.4,177.3,.233,96.9
102,2012,116,1400,13.35,0,1582,168.68,.05,30.84
102,2012,116,1500,13.35,0,934.56,99.154,0,17.6
102,2012,116,1600,13.34,0,1338.4,145.79,0,36.77
102,2012,116,1700,13.32,0,1520,169.48,.6,161
102,2012,116,1800,13.33,0,722.11,79.633,0,61.98
102,2012,116,1900,13.34,0,498.39,68.194,.8,180
102,2012,116,2000,13.35,0,57.586,10.299,0,12.14
102,2012,116,2100,12.86,0,0,3.9864,0,-9.92
102,2012,116,2200,13.42,0,0,4.3105,0,-10.13
102,2012,116,2300,13.43,0,0,3.5195,0,-10.01
101,2012,116,2400,12.86,0,9874.7,1133.1,1.716
102,2012,116,2400,13.45,0,0,4.089,0,-9.99
102,2012,117,100,13.46,0,0,2.6813,0,-10.44
102,2012,117,200,13.47,0,0,3.069,0,-10.84
102,2012,117,300,13.48,0,0,3.8445,0,-10.84
102,2012,117,400,13.49,0,0,3.9633,0,-10.94
102,2012,117,500,13.49,0,0,2.6896,0,-10.99
102,2012,117,600,13.51,0,0,3.3857,0,-10.87
102,2012,117,700,13.51,0,0,2.8161,0,-10.44
102,2012,117,800,13.51,0,45.137,7.9024,.033,10.7
102,2012,117,900,13.45,0,588.48,57.303,.866,300.2
102,2012,117,1000,13.36,0,1481.3,150.38,1,571.5
102,2012,117,1100,13.29,0,2354.6,238.05,1,695.1
102,2012,117,1200,13.25,0,2593.8,266.79,.716,467.7
102,2012,117,1300,13.24,0,2457.5,252.11,.483,264
102,2012,117,1400,13.27,0,1453.7,152.66,.017,12.53
102,2012,117,1500,13.26,0,1939.3,201.9,.4,95.2
102,2012,117,1600,13.27,0,1757,183.44,.283,88.6
102,2012,117,1700,13.29,0,970.08,102.64,.017,21.09
102,2012,117,1800,13.32,0,863.03,97.311,.383,89.3
102,2012,117,1900,13.33,0,479.26,59.104,.15,87.9
102,2012,117,2000,13.34,0,24.327,3.4093,0,2.763
102,2012,117,2100,13.36,0,0,2.025,0,1.77
102,2012,117,2200,13.38,0,0,2.6498,0,1.848
102,2012,117,2300,13.39,0,0,2.452,0,1.881
101,2012,117,2400,13.24,0,17007,1804.8,5.348
102,2012,117,2400,13.4,0,0,2.2226,0,1.919
102,2012,118,100,13.41,0,0,2.444,0,1.914
102,2012,118,200,13.42,0,0,2.0722,0,1.892
102,2012,118,300,13.42,0,0,2.5309,0,1.903
102,2012,118,400,13.42,0,0,2.61,0,1.925
102,2012,118,500,13.43,0,0,2.3727,0,1.864
102,2012,118,600,13.44,0,0,2.5388,0,1.864
102,2012,118,700,13.45,0,0,1.9536,0,1.903
102,2012,118,800,13.46,0,31.21,5.3783,0,7.55
102,2012,118,900,13.4,0,583.24,56.126,.683,271
102,2012,118,1000,13.33,0,1328.5,140.21,.966,513.6
102,2012,118,1100,13.28,0,2491.8,265.74,1,702
102,2012,118,1200,13.28,0,838.35,221.49,.566,309
102,2012,118,1300,13.23,0,0,362.46,.9,548
102,2012,118,1400,13.23,0,0,156.16,.1,103.3
102,2012,118,1500,13.22,0,0,397.86,.966,531.6
102,2012,118,1600,13.24,0,0,260.83,.716,342.7
102,2012,118,1700,13.28,0,0,291.54,.966,534.5
102,2012,118,1800,13.28,0,0,251.85,1,568.6
102,2012,118,1900,13.3,0,0,99.892,.983,382.5
102,2012,118,2000,13.32,0,0,8.297,.083,25.81
102,2012,118,2100,13.35,0,0,3.8047,0,1.837
102,2012,118,2200,13.37,0,0,3.4961,0,1.77
102,2012,118,2300,13.39,0,0,2.5944,0,1.699
101,2012,118,2400,13.22,0,5273.1,2546.2,8.93
102,2012,118,2400,13.39,0,0,1.9141,0,1.721
102,2012,119,100,13.4,0,0,2.2226,0,1.737
102,2012,119,200,13.4,0,0,2.9344,0,1.671
102,2012,119,300,13.42,0,0,3.9941,0,1.666
102,2012,119,400,13.43,0,0,2.8631,0,1.671
102,2012,119,500,13.43,0,0,2.5704,0,1.682
102,2012,119,600,13.43,0,0,2.6179,0,1.66
102,2012,119,700,13.45,0,0,2.5864,0,1.704
102,2012,119,800,13.46,0,0,7.2054,0,10.1
102,2012,119,900,13.44,0,0,42.078,.183,74.5
102,2012,119,1000,13.37,0,0,137.6,.666,332.3
102,2012,119,1100,13.34,0,0,145.64,1,294
102,2012,119,1200,13.28,0,0,262.4,1,526.5
102,2012,119,1300,13.27,0,0,110.94,.133,81.7
102,2012,119,1400,13.31,0,0,237.63,.45,182.8
102,2012,119,1500,13.27,0,0,355.42,1,657.2
102,2012,119,1600,13.25,0,0,360.71,1,854
102,2012,119,1700,13.25,0,0,327.8,1,917
102,2012,119,1800,13.26,0,0,187.83,1,639.1
102,2012,119,1900,13.28,0,0,35.532,.317,117.1
102,2012,119,2000,13.3,0,0,6.9763,0,12.19
102,2012,119,2100,13.34,0,0,2.4284,0,1.936
102,2012,119,2200,13.37,0,0,3.8679,0,1.803
102,2012,119,2300,13.38,0,0,4.9673,0,1.743
101,2012,119,2400,13.25,0,0,2252.6,7.75
102,2012,119,2400,13.4,0,0,3.8045,0,1.677
102,2012,120,100,13.41,0,0,4.2868,0,1.677
102,2012,120,200,13.43,0,0,3.6778,0,1.677
102,2012,120,300,13.44,0,0,2.8789,0,1.704
102,2012,120,400,13.45,0,0,2.5942,0,1.809
102,2012,120,500,13.46,0,0,2.8552,0,1.831
102,2012,120,600,13.47,0,0,3.1163,0,1.787
102,2012,120,700,13.48,0,0,3.2588,0,1.749
102,2012,120,800,13.48,0,0,4.3509,0,3.47
102,2012,120,900,13.44,0,0,37.81,.75,184.8
102,2012,120,1000,13.37,0,0,125.65,1,426.5
102,2012,120,1100,13.33,0,0,214.28,.933,486.6
102,2012,120,1200,13.28,0,0,236.66,.8,382.2
102,2012,120,1300,13.23,0,0,332.16,.966,641.9
102,2012,120,1400,13.21,0,0,358.39,1,762
102,2012,120,1500,13.19,0,0,377.84,1,835
102,2012,120,1600,13.17,0,0,333.02,1,789
102,2012,120,1700,13.17,0,0,307.21,1,841
102,2012,120,1800,13.19,0,0,193.66,.883,646.9
102,2012,120,1900,13.22,0,0,11.7,0,11.43
102,2012,120,2000,13.27,0,0,3.6387,0,1.985
102,2012,120,2100,13.32,108.98,0,1.4159,0,1.754
102,2012,120,2200,13.34,0,0,2.7686,0,1.803
102,2012,120,2300,13.37,0,0,1.2339,0,2.03
101,2012,120,2400,13.17,108.98,0,2566.5,9.33
102,2012,120,2400,13.39,0,0,2.0169,0,2.096
102,2012,121,100,13.42,0,0,3.496,0,2.079
102,2012,121,200,13.44,0,0,3.2272,0,2.085
102,2012,121,300,13.45,0,0,3.3854,0,2.096
102,2012,121,400,13.45,0,0,3.9786,0,2.14
102,2012,121,500,13.46,0,0,3.6781,0,1.997
102,2012,121,600,13.46,0,0,3.3142,0,1.986
102,2012,121,700,13.47,0,0,3.1164,0,2.03
102,2012,121,800,13.47,0,0,6.7707,0,6.928
102,2012,121,900,13.45,0,0,38.987,.217,77.9
102,2012,121,1000,13.42,0,0,74.592,.283,89.8
102,2012,121,1100,13.4,0,0,71.152,0,6.166
102,2012,121,1200,13.37,0,0,87.584,0,12.34
102,2012,121,1300,13.34,0,0,135.25,.033,8.55
102,2012,121,1400,13.32,0,0,183.44,0,9.09
102,2012,121,1500,13.32,0,0,175.8,0,35.57
102,2012,121,1600,13.32,0,0,149.12,.133,69.6
102,2012,121,1700,13.31,0,0,146.06,.9,259.9
102,2012,121,1800,13.32,0,0,75.029,.45,143.6
102,2012,121,1900,13.32,0,92.785,36.423,.1,66.34
102,2012,121,2000,13.32,0,0,21.65,.3,107
102,2012,121,2100,13.33,0,0,3.2431,0,1.748
102,2012,121,2200,13.33,0,0,3.678,0,1.677
102,2012,121,2300,13.39,0,0,4.5874,0,1.66
101,2012,121,2400,13.31,0,92.785,1241.4,2.416
102,2012,121,2400,13.4,0,0,3.8043,0,1.666
102,2012,122,100,13.4,0,0,3.6619,0,1.66
102,2012,122,200,13.4,0,0,2.9106,0,1.666
102,2012,122,300,13.41,0,0,2.3411,0,1.688
102,2012,122,400,13.4,0,0,2.7602,0,1.655
102,2012,122,500,13.42,0,0,2.7841,0,1.666
102,2012,122,600,13.42,0,0,3.1164,0,1.721
102,2012,122,700,13.42,0,0,2.6101,0,1.765
102,2012,122,800,13.41,0,0,11.145,.267,56.93
102,2012,122,900,13.35,0,0,69.744,1,471.7
102,2012,122,1000,13.28,0,0,155.17,1,641.1
102,2012,122,1100,13.23,0,0,228.35,1,731
102,2012,122,1200,13.21,0,0,264.27,.766,569.6
102,2012,122,1300,13.19,0,0,372.76,1,736
102,2012,122,1400,13.17,0,0,397.86,.966,753
102,2012,122,1500,13.16,0,0,343.95,.966,718
102,2012,122,1600,13.16,0,0,207.44,.433,333.9
102,2012,122,1700,13.2,0,0,205.86,.816,486.8
102,2012,122,1800,13.22,103.62,0,108.01,.183,124.7
102,2012,122,1900,13.24,0,0,76.92,.317,178.7
102,2012,122,2000,13.31,0,0,12.451,0,2.664
102,2012,122,2100,13.34,0,0,9.7845,0,1.93
102,2012,122,2200,13.37,0,0,5.9955,0,1.881
102,2012,122,2300,13.38,0,0,1.5898,0,1.798
101,2012,122,2400,13.16,103.62,0,2492.9,8.71
102,2012,122,2400,13.39,0,0,1.4553,0,1.732
102,2012,123,100,13.4,0,0,1.5107,0,1.677
102,2012,123,200,13.4,0,0,1.6688,0,1.666
102,2012,123,300,13.42,0,9.1175,3.3614,0,1.781
102,2012,123,400,13.43,0,0,3.4803,0,1.886
102,2012,123,500,13.44,0,0,2.3413,0,1.925
102,2012,123,600,13.45,0,0,3.2668,0,2.024
102,2012,123,700,13.45,0,0,3.7335,0,2.008
102,2012,123,800,13.46,0,0,5.4024,0,1.837
102,2012,123,900,13.46,0,0,27.756,.05,34.92
102,2012,123,1000,13.39,0,0,144.26,.417,202.7
102,2012,123,1100,13.33,0,0,200.14,.95,434.7
102,2012,123,1200,13.3,0,0,272.56,1,465.1
102,2012,123,1300,13.27,0,0,315.26,1,354
102,2012,123,1400,13.25,0,0,307.02,.75,280.6
102,2012,123,1500,13.23,0,0,356.97,.95,691.3
102,2012,123,1600,13.21,0,0,363.56,1,851
102,2012,123,1700,13.22,0,0,255.48,.733,475
102,2012,123,1800,13.24,0,0,141.99,.716,274.5
102,2012,123,1900,13.27,0,0,127.21,.95,485.2
102,2012,123,2000,13.3,0,0,12.608,.217,66.7
102,2012,123,2100,13.32,0,0,3.1324,0,1.892
102,2012,123,2200,13.35,0,0,3.7018,0,1.864
102,2012,123,2300,13.37,0,0,3.4249,0,1.875
101,2012,123,2400,13.21,0,9.1175,2562.4,8.73
102,2012,123,2400,13.38,0,0,2.5864,0,1.886
102,2012,124,100,13.39,0,0,2.8474,0,1.809
102,2012,124,200,13.4,0,0,3.0926,0,1.787
102,2012,124,300,13.41,0,0,3.5513,0,1.732
102,2012,124,400,13.41,0,0,3.5117,0,1.732
102,2012,124,500,13.42,0,0,2.7524,0,1.699
102,2012,124,600,13.42,0,0,2.1671,0,1.671
102,2012,124,700,13.42,0,0,2.6733,0,1.677
102,2012,124,800,13.42,0,0,3.7253,0,1.699
102,2012,124,900,13.42,0,0,6.5883,0,2.024
102,2012,124,1000,13.41,0,0,10.748,0,3.436
102,2012,124,1100,13.41,0,0,14.134,0,5.488
102,2012,124,1200,13.41,0,0,17.147,0,1.803
102,2012,124,1300,13.42,0,0,15.265,0,11.36
102,2012,124,1400,13.4,0,0,90.861,0,2.669
102,2012,124,1500,13.38,0,0,140.73,0,9.2
102,2012,124,1600,13.33,0,0,258.18,.766,282
102,2012,124,1700,13.32,0,0,296.62,1,731
102,2012,124,1800,13.31,0,0,178.9,.75,438
102,2012,124,1900,13.32,0,0,53.16,.317,114.1
102,2012,124,2000,13.35,0,0,6.4152,0,5.918
102,2012,124,2100,13.36,0,0,1.7797,0,1.903
102,2012,124,2200,13.39,0,0,2.0249,0,1.809
102,2012,124,2300,13.4,0,0,3.6621,0,1.776
101,2012,124,2400,13.31,0,0,1052.1,2.832
102,2012,124,2400,13.41,0,0,4.5241,0,1.721
102,2012,125,100,13.42,0,0,3.6303,0,1.693
102,2012,125,200,13.43,0,0,2.8552,0,1.721
102,2012,125,300,13.44,0,490.98,2.3806,0,1.726
102,2012,125,400,13.44,0,452.83,3.2981,0,1.704
102,2012,125,500,13.45,0,237.06,2.7921,0,1.737
102,2012,125,600,13.45,0,96.988,3.0373,0,1.743
102,2012,125,700,13.46,0,361.75,2.2147,0,1.76
102,2012,125,800,13.46,0,0,6.0352,0,4.959
102,2012,125,900,13.44,0,0,44.437,.067,48.06
102,2012,125,1000,13.41,0,0,101.1,0,44.44
102,2012,125,1100,13.36,0,0,172.33,.483,114.3
102,2012,125,1200,13.29,0,0,286.52,1,493.6
102,2012,125,1300,13.25,0,0,301.99,.816,459.2
102,2012,125,1400,13.21,0,0,371.57,.95,572.3
102,2012,125,1500,13.2,0,0,186.53,.3,198.4
102,2012,125,1600,12.84,0,0,314.07,.983,599.6
102,2012,125,1700,13.22,0,0,190.68,.95,399.8
102,2012,125,1800,13.25,0,0,133.3,.466,286.2
102,2012,125,1900,13.27,0,0,13.344,0,4.34
102,2012,125,2000,13.35,33.546,0,3.7335,0,2.195
102,2012,125,2100,13.39,0,0,2.4124,0,1.859
102,2012,125,2200,13.4,0,0,.75141,0,1.77
102,2012,125,2300,13.42,0,0,.76725,0,1.936
101,2012,125,2400,12.84,33.546,1639.6,2150.1,6.014
102,2012,125,2400,13.43,0,0,.28475,0,1.93
102,2012,126,100,13.44,0,0,.2373,0,1.787
102,2012,126,200,13.45,0,0,.42714,0,1.864
102,2012,126,300,13.46,0,0,1.4238,0,1.925
102,2012,126,400,13.46,0,0,1.052,0,1.859
102,2012,126,500,13.46,0,0,1.4633,0,1.787
102,2012,126,600,13.46,0,0,2.1594,0,1.677
102,2012,126,700,13.47,0,0,1.3526,0,1.666
102,2012,126,800,13.46,0,0,4.6747,0,2.592
102,2012,126,900,13.43,0,0,47.166,.433,141.9
102,2012,126,1000,13.35,0,0,187.48,1,547.8
102,2012,126,1100,13.28,0,0,259.16,1,682.5
102,2012,126,1200,13.24,0,0,328.97,1,792
102,2012,126,1300,13.23,0,0,238.53,.6,362.2
102,2012,126,1400,13.23,0,0,277.6,.55,295.7
102,2012,126,1500,13.21,17.325,0,264.89,.633,339.8
102,2012,126,1600,13.28,0,0,136.61,.167,114
102,2012,126,1700,13.27,0,156.78,217.73,.6,271.2
102,2012,126,1800,13.3,0,570.25,87.26,.45,89.7
102,2012,126,1900,13.33,0,0,36.821,0,16.35
102,2012,126,2000,13.35,0,0,10.346,0,3.436
102,2012,126,2100,13.39,0,0,5.2836,0,1.787
102,2012,126,2200,13.41,0,0,5.8054,0,1.754
102,2012,126,2300,13.42,0,0,6.7071,0,1.715
101,2012,126,2400,13.21,17.325,727.03,2128.7,6.431
102,2012,126,2400,13.42,0,0,5.5207,0,1.743
102,2012,127,100,13.43,0,0,4.627,0,1.677
102,2012,127,200,13.44,0,0,3.8995,0,1.704
102,2012,127,300,13.44,0,0,4.5324,0,1.671
102,2012,127,400,13.45,0,0,3.6306,0,1.682
102,2012,127,500,13.46,0,0,3.8758,0,1.66
102,2012,127,600,13.46,0,0,4.0973,0,1.677
102,2012,127,700,13.46,0,0,3.2747,0,1.682
102,2012,127,800,13.46,0,0,7.6251,0,1.671
102,2012,127,900,13.44,0,0,16.294,0,1.737
102,2012,127,1000,13.42,0,0,64.817,0,6.166
102,2012,127,1100,13.4,0,0,77.867,0,5.372
102,2012,127,1200,13.36,0,0,164.08,.167,51.83
102,2012,127,1300,13.33,0,0,199.27,.417,129.5
102,2012,127,1400,13.34,0,0,179.08,0,28.07
102,2012,127,1500,13.32,0,0,305.28,.916,217.4
102,2012,127,1600,13.3,0,0,295.6,.983,294.3
102,2012,127,1700,13.3,0,0,147.4,.15,94.5
102,2012,127,1800,13.31,0,0,126,.683,170.4
102,2012,127,1900,13.32,0,0,46.247,.067,47.42
102,2012,127,2000,13.35,0,0,6.2411,0,14.37
102,2012,127,2100,13.39,0,0,2.6339,0,1.732
102,2012,127,2200,13.41,0,0,2.531,0,1.71
102,2012,127,2300,13.42,0,0,3.0609,0,1.704
101,2012,127,2400,13.3,0,0,1675.7,3.382
102,2012,127,2400,13.42,0,0,3.6778,0,1.688
102,2012,128,100,13.41,0,0,2.3017,0,1.677
102,2012,128,200,13.38,0,0,1.9773,0,1.655
102,2012,128,300,13.42,0,0,1.7875,0,1.666
102,2012,128,400,13.43,0,0,1.7164,0,1.655
102,2012,128,500,13.44,0,0,1.8034,0,1.682
102,2012,128,600,13.44,0,0,1.2497,0,1.677
102,2012,128,700,13.45,0,0,1.2181,0,1.638
102,2012,128,800,13.44,0,0,5.5764,0,4.942
102,2012,128,900,13.41,0,0,43.235,0,25.69
102,2012,128,1000,13.37,0,0,117.1,.466,126.2
102,2012,128,1100,13.33,0,0,222.2,.966,394.2
102,2012,128,1200,13.28,0,0,341.28,.866,579.5
102,2012,128,1300,13.27,0,0,252.97,.433,224.5
102,2012,128,1400,13.26,0,0,325.04,.816,308.2
102,2012,128,1500,13.25,0,0,352.54,.733,536.1
102,2012,128,1600,13.25,0,0,306.1,1,554.7
102,2012,128,1700,13.28,0,0,237.14,.933,468.7
102,2012,128,1800,13.3,11.129,0,117.98,.65,259.4
102,2012,128,1900,13.33,0,0,48.078,.133,56.17
102,2012,128,2000,13.35,0,0,11.722,0,2.228
102,2012,128,2100,13.37,0,0,7.166,0,1.743
102,2012,128,2200,13.39,0,0,4.5162,0,1.699
102,2012,128,2300,13.41,0,0,3.6383,0,1.693
101,2012,128,2400,13.25,11.129,0,2412.4,6.997
102,2012,128,2400,13.42,0,0,4.026,0,1.688
102,2012,129,100,13.42,0,0,3.2113,0,1.688
102,2012,129,200,13.43,0,0,3.1797,0,1.682
102,2012,129,300,13.44,0,0,3.4012,0,1.682
102,2012,129,400,13.45,0,0,3.3617,0,1.671
102,2012,129,500,13.45,0,0,3.425,0,1.671
102,2012,129,600,13.45,0,0,2.9504,0,1.666
102,2012,129,700,13.46,0,0,3.1323,0,1.671
102,2012,129,800,13.46,0,0,4.7538,0,1.655
102,2012,129,900,13.44,0,0,45.987,.05,17.03
102,2012,129,1000,13.4,0,0,122.99,.233,84.9
102,2012,129,1100,13.37,0,0,151.36,.217,90.1
102,2012,129,1200,13.38,0,211.66,26.632,0,7.53
102,2012,129,1300,13.4,0,0,110.25,0,30.5
102,2012,129,1400,13.36,0,0,242.04,.1,71.8
102,2012,129,1500,13.3,0,796.06,338.92,.983,458.2
102,2012,129,1600,13.29,0,1825,232.17,.916,278.3
102,2012,129,1700,13.3,0,757.3,152.76,.367,130.6
102,2012,129,1800,13.3,0,0,117.92,.5,208.4
102,2012,129,1900,13.32,0,89.568,13.423,0,11.55
102,2012,129,2000,13.36,0,0,6.5335,0,1.963
102,2012,129,2100,13.39,0,0,5.6948,0,1.715
102,2012,129,2200,13.4,0,1372.2,4.0654,0,1.765
102,2012,129,2300,13.42,0,133.99,4.6032,0,1.737
101,2012,129,2400,13.29,0,5185.8,1606.5,3.365
102,2012,129,2400,13.43,0,0,3.6939,0,1.682
102,2012,130,100,13.44,0,0,3.1007,0,1.682
102,2012,130,200,13.44,0,0,2.7526,0,1.704
102,2012,130,300,13.44,0,0,2.5945,0,1.693
102,2012,130,400,13.44,0,0,2.2464,0,1.693
102,2012,130,500,13.45,0,0,3.4803,0,1.655
102,2012,130,600,13.46,0,0,3.4487,0,1.699
102,2012,130,700,13.46,0,0,3.7967,0,1.682
102,2012,130,800,13.46,0,0,6.8736,0,1.677
102,2012,130,900,13.44,0,0,42.191,0,2.504
102,2012,130,1000,13.38,0,0,155.01,.85,248.4
102,2012,130,1100,13.32,0,0,235.49,1,383.3
102,2012,130,1200,13.28,0,0,289.64,1,292
102,2012,130,1300,13.27,0,0,260.71,.283,114.3
102,2012,130,1400,13.29,0,0,195.01,0,7.88
102,2012,130,1500,13.29,0,0,181.58,.033,13.16
102,2012,130,1600,13.3,0,0,159.08,0,20.38
102,2012,130,1700,12.82,0,0,222.06,.716,305.5
102,2012,130,1800,13.29,0,0,235.79,1,454.9
102,2012,130,1900,13.3,0,0,69.24,.267,93
102,2012,130,2000,13.34,0,0,7.0084,0,4.964
102,2012,130,2100,13.35,0,0,2.2702,0,1.842
102,2012,130,2200,13.37,0,0,1.7718,0,1.837
102,2012,130,2300,13.38,0,0,1.8904,0,1.848
101,2012,130,2400,12.82,0,0,2089.7,5.148
102,2012,130,2400,13.39,0,0,2.626,0,1.826
102,2012,131,100,13.4,0,0,2.4915,0,1.748
102,2012,131,200,13.4,0,0,2.7446,0,1.726
102,2012,131,300,13.41,0,0,2.6971,0,1.71
102,2012,131,400,13.41,0,0,2.3649,0,1.715
102,2012,131,500,13.42,0,0,2.4598,0,1.748
102,2012,131,600,13.42,0,0,2.1514,0,1.688
102,2012,131,700,13.42,0,0,2.5548,0,1.699
102,2012,131,800,13.42,0,0,4.5953,0,1.693
102,2012,131,900,13.43,0,0,12.853,0,2.228
102,2012,131,1000,13.42,0,0,32.325,0,5.46
102,2012,131,1100,13.42,0,0,19.789,0,2.3
102,2012,131,1200,13.41,0,0,72.513,0,2.173
102,2012,131,1300,13.37,0,0,214.85,.017,24.56
102,2012,131,1400,13.32,0,0,350.58,.666,259.8
102,2012,131,1500,13.27,0,0,379.23,.966,516.8
102,2012,131,1600,13.28,0,0,200.37,.916,240.2
102,2012,131,1700,13.29,0,0,130.28,0,28.12
102,2012,131,1800,13.31,0,0,83.437,0,2.035
102,2012,131,1900,13.32,18.808,0,39.096,0,13.99
102,2012,131,2000,13.33,0,0,8.7007,0,10.47
102,2012,131,2100,12.97,0,0,3.7968,0,1.748
102,2012,131,2200,12.8,0,0,4.1684,0,1.759
102,2012,131,2300,12.8,0,0,4.6666,0,1.699
101,2012,131,2400,12.8,18.808,0,1582,2.566
102,2012,131,2400,12.8,0,0,3.2744,0,1.649
102,2012,132,100,12.78,0,0,2.705,0,1.644
102,2012,132,200,12.76,0,0,3.1559,0,1.616
102,2012,132,300,12.76,0,0,4.2712,0,1.539
102,2012,132,400,12.73,0,0,2.8238,0,1.423
102,2012,132,500,12.73,0,0,2.4916,0,1.456
102,2012,132,600,12.73,0,0,2.8792,0,1.445
102,2012,132,700,12.73,0,0,3.33,0,1.412
102,2012,132,800,12.73,0,0,4.8962,0,1.925
102,2012,132,900,12.73,0,0,19.165,0,2.383
102,2012,132,1000,12.73,0,0,83.931,.217,56.59
102,2012,132,1100,12.78,0,0,226.65,.95,348.9
102,2012,132,1200,13.33,0,0,201.98,.4,136.1
102,2012,132,1300,13.32,0,0,313.37,.616,159.8
102,2012,132,1400,13.32,0,0,242.93,0,35.67
102,2012,132,1500,13.32,0,0,207.17,0,40.81
102,2012,132,1600,13.3,0,0,249.33,.75,286.1
102,2012,132,1700,13.3,0,0,332.71,1,826
102,2012,132,1800,13.31,0,0,238.07,1,694.4
102,2012,132,1900,13.33,0,0,123.06,1,463.6
102,2012,132,2000,13.34,276.21,0,14.666,.2,58.87
102,2012,132,2100,13.38,8.7877,0,3.4486,0,1.627
102,2012,132,2200,13.4,0,0,4.8407,0,1.533
102,2012,132,2300,13.43,2.7764,0,4.4769,0,1.445
101,2012,132,2400,12.73,641.8,0,2296.5,6.131
102,2012,132,2400,13.44,354.02,0,4.1211,0,1.473
102,2012,133,100,13.46,1052.5,0,3.4961,0,1.506
102,2012,133,200,13.47,692.02,0,3.5594,0,1.522
102,2012,133,300,13.48,365.15,0,2.9031,0,1.567
102,2012,133,400,13.49,0,0,3.3461,0,1.567
102,2012,133,500,13.49,0,0,2.9902,0,1.572
102,2012,133,600,13.51,0,0,3.3066,0,1.572
102,2012,133,700,13.51,0,0,2.5867,0,1.506
102,2012,133,800,13.51,218.04,18.277,7.2459,0,6.229
102,2012,133,900,13.46,0,0,70.6,.6,171.2
102,2012,133,1000,12.76,0,0,112.3,.35,136.2
102,2012,133,1100,12.75,0,0,156.83,.6,162.2
102,2012,133,1200,12.76,0,0,98.525,0,9.7
102,2012,133,1300,12.75,0,0,194.71,0,11.98
102,2012,133,1400,12.75,0,0,229.76,.033,32.42
102,2012,133,1500,12.75,0,0,198.46,0,7.1
102,2012,133,1600,12.76,0,0,207.06,.217,72
102,2012,133,1700,12.76,0,0,200.07,.433,184.7
102,2012,133,1800,12.77,0,0,241.35,1,541.3
102,2012,133,1900,12.76,0,0,97.356,1,365.7
102,2012,133,2000,12.75,0,0,15.139,.25,74
102,2012,133,2100,12.75,0,0,3.0531,0,1.991
102,2012,133,2200,12.74,106.7,0,3.5514,0,1.991
102,2012,133,2300,13.37,253.55,0,5.0624,0,2.002
101,2012,133,2400,12.74,2791.2,18.277,1868.1,4.482
102,2012,133,2400,13.24,103.28,0,4.8172,0,1.964
102,2012,134,100,13.42,370.55,0,3.6622,0,1.942
102,2012,134,200,13.44,159.73,0,2.9662,0,1.914
102,2012,134,300,13.46,0,0,2.0566,0,1.898
102,2012,134,400,13.48,0,0,2.903,0,1.848
102,2012,134,500,13.49,323.58,0,2.8715,0,1.787
102,2012,134,600,13.5,597.76,.08768,2.5076,0,1.799
102,2012,134,700,13.51,676.24,9.4308,2.4601,0,1.815
102,2012,134,800,13.51,249.21,8.0765,4.6592,0,1.876
102,2012,134,900,12.85,0,11.155,37.583,.017,22.94
102,2012,134,1000,12.82,0,436.64,36.221,0,8.77
102,2012,134,1100,12.8,.05537,0,128.96,.017,17.61
102,2012,134,1200,12.78,0,0,130.87,0,16.54
102,2012,134,1300,12.78,0,0,320.89,.5,177.5
102,2012,134,1400,12.78,0,0,318.12,.516,196.5
102,2012,134,1500,12.79,0,0,284.37,.633,257.8
102,2012,134,1600,12.79,0,0,322.4,.866,491
102,2012,134,1700,12.78,0,0,326.54,1,580.2
102,2012,134,1800,12.77,0,0,166.65,.983,427.5
102,2012,134,1900,12.77,0,0,87.035,.733,333.6
102,2012,134,2000,12.76,0,0,17.061,.25,86.4
102,2012,134,2100,13.32,0,0,3.3537,0,1.985
102,2012,134,2200,13.35,0,0,4.5084,0,1.98
102,2012,134,2300,13.38,0,0,4.9989,0,1.947
101,2012,134,2400,12.76,2377.1,465.39,2217.8,5.514
102,2012,134,2400,13.42,0,0,4.1922,0,1.875
102,2012,135,100,13.44,0,0,3.2589,0,1.831
102,2012,135,200,13.46,0,0,2.7131,0,1.804
102,2012,135,300,13.47,0,0,2.9662,0,1.71
102,2012,135,400,13.48,89.41,0,3.0217,0,1.754
102,2012,135,500,13.49,495.43,0,2.0805,0,1.672
102,2012,135,600,13.5,564.47,0,2.9348,0,1.699
102,2012,135,700,13.51,1037.3,0,2.5155,0,1.732
102,2012,135,800,13.51,354.81,0,3.6546,0,1.76
102,2012,135,900,13.49,61.495,0,12.103,0,2.819
102,2012,135,1000,13.44,0,0,59.466,0,19.49
102,2012,135,1100,13.38,0,0,175.97,.283,110.3
102,2012,135,1200,13.35,0,0,209.52,.2,91
102,2012,135,1300,13.26,0,0,342.26,.983,429
102,2012,135,1400,12.79,0,0,440.7,.916,576.6
102,2012,135,1500,12.82,0,0,368.95,.866,389
102,2012,135,1600,13.22,0,0,403.98,1,809
102,2012,135,1700,13.22,0,0,329.47,.933,660.5
102,2012,135,1800,13.24,7.625,0,156.49,.383,245.9
102,2012,135,1900,13.31,0,0,33.443,.183,73.3
102,2012,135,2000,13.33,28.373,0,9.8161,.083,24.83
102,2012,135,2100,13.36,0,0,4.3346,0,2.316
102,2012,135,2200,13.38,0,0,5.6081,0,2.316
102,2012,135,2300,13.39,0,0,3.781,0,2.338
101,2012,135,2400,12.79,2651.2,0,2582.6,5.831
102,2012,135,2400,13.4,12.229,0,3.5279,0,2.344
102,2012,136,100,13.42,41.868,0,3.7731,0,2.361
102,2012,136,200,13.42,0,0,2.7843,0,2.421
102,2012,136,300,13.42,0,0,2.8318,0,2.306
102,2012,136,400,13.42,0,0,3.6465,0,2.262
102,2012,136,500,13.42,0,0,3.5595,0,2.339
102,2012,136,600,12.76,0,0,3.947,0,2.322
102,2012,136,700,12.75,0,0,1.9933,0,2.317
102,2012,136,800,12.74,38.164,0,1.7402,0,2.317
102,2012,136,900,12.73,2099.6,0,1.3368,0,2.317
102,2012,136,1000,12.73,1631.8,0,26.817,0,7.16
102,2012,136,1100,12.72,345.77,0,52.349,0,8.67
102,2012,136,1200,12.73,122.87,0,55.954,0,3.039
102,2012,136,1300,13.38,0,0,98.762,0,4.545
102,2012,136,1400,13.38,0,0,187.67,0,18.14
102,2012,136,1500,12.93,0,0,204.44,.167,36.5
102,2012,136,1600,12.82,0,0,288.84,.85,187.4
102,2012,136,1700,12.78,0,0,246.81,.8,400.3
102,2012,136,1800,12.77,0,0,185.76,1,466.3
102,2012,136,1900,12.76,0,0,143.65,1,604.4
102,2012,136,2000,12.89,0,0,16.199,.217,87.1
102,2012,136,2100,12.91,0,0,3.1717,0,2.311
102,2012,136,2200,13.42,0,0,3.4013,0,2.305
102,2012,136,2300,13.43,0,0,2.373,0,2.355
101,2012,136,2400,12.72,4280.1,0,1543.2,4.032
102,2012,136,2400,13.45,0,0,1.3842,0,2.35
102,2012,137,100,13.45,0,0,1.2102,0,2.322
102,2012,137,200,13.46,0,0,.63278,0,2.355
102,2012,137,300,13.46,0,0,1.1153,0,2.344
102,2012,137,400,13.46,0,0,2.6102,0,2.344
102,2012,137,500,13.47,0,0,1.5978,0,2.344
102,2012,137,600,13.47,0,0,.87013,0,2.4
102,2012,137,700,13.47,0,0,.53791,0,2.367
102,2012,137,800,13.47,0,0,.79892,0,2.422
102,2012,137,900,13.47,0,0,1.0124,0,1.594
102,2012,137,1000,13.47,0,0,13.873,0,2.951
102,2012,137,1100,13.45,0,0,54.845,0,4.882
102,2012,137,1200,13.43,0,0,86.597,0,13.13
102,2012,137,1300,13.39,0,0,184.87,0,4.633
102,2012,137,1400,13.33,0,0,335.84,.516,151.6
102,2012,137,1500,13.28,0,0,383.84,.933,477
102,2012,137,1600,13.27,13.495,0,220.54,.317,119.8
102,2012,137,1700,13.27,0,0,274.08,1,381.7
102,2012,137,1800,13.29,0,0,216.16,1,631.7
102,2012,137,1900,13.32,0,0,123.71,.85,513.3
102,2012,137,2000,13.34,0,0,2.3651,0,8.69
102,2012,137,2100,13.37,0,0,2.8396,0,1.191
102,2012,137,2200,13.4,0,0,3.4883,0,1.142
102,2012,137,2300,13.42,0,0,3.6703,0,1.219
101,2012,137,2400,12.79,13.495,0,1920.6,4.615
102,2012,137,2400,12.79,0,0,3.4884,0,1.208
102,2012,138,100,12.77,0,0,2.6419,0,1.169
102,2012,138,200,13.43,0,0,2.7369,0,1.12
102,2012,138,300,13.44,0,0,2.7448,0,1.048
102,2012,138,400,13.44,0,0,2.7922,0,1.07
102,2012,138,500,13.45,0,0,2.5153,0,1.081
102,2012,138,600,13.47,0,0,2.191,0,1.026
102,2012,138,700,13.47,0,342.23,2.0961,0,1.037
102,2012,138,800,13.47,0,0,11.549,.233,52.47
102,2012,138,900,13.42,0,1572,75.184,1,293.2
102,2012,138,1000,13.34,0,0,184.19,1,475
102,2012,138,1100,13.01,0,0,271.08,1,619.1
102,2012,138,1200,13.23,0,0,345.83,.966,625.2
102,2012,138,1300,13.22,0,0,380.55,.85,546.4
102,2012,138,1400,13.22,0,0,346.97,.666,484.9
102,2012,138,1500,13.19,0,0,425.58,.883,645.7
102,2012,138,1600,13.2,0,0,393.11,.983,774
102,2012,138,1700,13.21,0,0,267.65,.766,566.4
102,2012,138,1800,13.24,0,0,202.77,.616,442.8
102,2012,138,1900,13.27,0,0,112.89,.616,330.5
102,2012,138,2000,13.3,0,0,4.6747,0,3.309
102,2012,138,2100,13.34,0,0,1.8272,0,1.985
102,2012,138,2200,13.37,0,0,3.6227,0,1.985
102,2012,138,2300,13.39,0,0,3.852,0,1.996
101,2012,138,2400,12.77,0,1914.2,3052.3,9.58
102,2012,138,2400,13.4,0,0,3.2667,0,1.985
102,2012,139,100,13.41,0,0,2.5154,0,1.985
102,2012,139,200,13.41,0,0,2.6578,0,1.985
102,2012,139,300,13.42,0,0,3.0455,0,2.007
102,2012,139,400,13.43,0,0,3.5438,0,1.986
102,2012,139,500,13.44,0,0,2.5392,0,1.991
102,2012,139,600,13.44,0,0,1.9617,0,2.019
102,2012,139,700,13.44,0,0,1.9933,0,1.991
102,2012,139,800,13.45,0,0,10.243,0,13.05
102,2012,139,900,13.44,0,0,62.797,.183,77.2
102,2012,139,1000,13.4,0,0,108.37,.883,186.4
102,2012,139,1100,13.35,0,0,175.97,.6,138.8
102,2012,139,1200,13.33,0,0,245.28,.716,203.5
102,2012,139,1300,13.3,0,0,325.69,.583,297.9
102,2012,139,1400,13.23,0,0,431.74,.983,597.2
102,2012,139,1500,13.22,0,0,392.32,1,636.2
102,2012,139,1600,13.2,0,0,448.49,1,806
102,2012,139,1700,13.22,0,0,368.69,.916,757
102,2012,139,1800,13.23,0,0,276.9,1,732
102,2012,139,1900,13.27,0,0,161.6,1,611.9
102,2012,139,2000,13.29,0,0,13.51,.217,70.7
102,2012,139,2100,13.33,0,0,1.4633,0,2.305
102,2012,139,2200,13.37,0,0,2.7131,0,2.316
102,2012,139,2300,13.39,0,0,3.235,0,2.206
101,2012,139,2400,13.2,0,0,3051.2,9.08
102,2012,139,2400,13.4,0,0,3.9867,0,2.129
102,2012,140,100,13.42,0,0,3.4725,0,2.096
102,2012,140,200,13.44,0,0,2.2228,0,2.052
102,2012,140,300,13.45,0,0,2.6894,0,2.019
102,2012,140,400,13.46,0,0,2.6656,0,1.986
102,2012,140,500,13.47,0,0,1.3605,0,1.997
102,2012,140,600,13.48,0,0,2.3018,0,2.008
102,2012,140,700,13.49,0,184.96,3.2908,0,2.069
102,2012,140,800,13.49,0,5.7385,6.9376,0,16.9
102,2012,140,900,13.44,0,0,66.057,.633,225.5
102,2012,140,1000,13.35,0,0,183.67,1,449.8
102,2012,140,1100,13.28,0,0,278.01,1,585.7
102,2012,140,1200,13.22,0,0,355.35,1,697.7
102,2012,140,1300,13.21,0,0,274.45,.633,405.5
102,2012,140,1400,13.17,0,0,430.32,.95,630.4
102,2012,140,1500,13.16,0,0,442.97,.883,753
102,2012,140,1600,13.16,0,0,348.29,.85,589.6
102,2012,140,1700,13.19,0,0,175.27,.333,259.5
102,2012,140,1800,13.22,45.423,0,126.37,.25,89.7
102,2012,140,1900,13.29,0,428.58,36.053,.033,19.96
102,2012,140,2000,13.33,0,0,9.5711,0,2.46
102,2012,140,2100,13.36,0,0,6.1143,0,2.316
102,2012,140,2200,13.37,0,0,4.7934,0,2.316
102,2012,140,2300,13.39,0,0,3.0532,0,2.316
101,2012,140,2400,13.16,45.423,619.27,2769,7.56
102,2012,140,2400,13.41,0,0,3.7258,0,2.316
102,2012,141,100,13.42,0,0,2.0092,0,2.316
102,2012,141,200,13.44,0,0,2.8003,0,2.317
102,2012,141,300,13.44,0,0,2.0408,0,2.317
102,2012,141,400,13.46,0,0,2.2781,0,2.317
102,2012,141,500,13.46,0,0,2.2227,0,2.317
102,2012,141,600,13.47,0,0,2.3729,0,2.317
102,2012,141,700,13.48,0,364.95,2.8476,0,2.317
102,2012,141,800,13.48,0,3586.5,10.426,.083,33.58
102,2012,141,900,13.42,0,1124.2,73.175,1,269.2
102,2012,141,1000,13.34,0,0,183.33,1,425.6
102,2012,141,1100,13.27,0,0,275.57,1,567.8
102,2012,141,1200,13.22,0,0,354.84,1,690.7
102,2012,141,1300,13.2,0,0,393.89,1,687.8
102,2012,141,1400,13.2,0,0,372.64,.783,504.1
102,2012,141,1500,13.19,0,0,255.44,.417,241.9
102,2012,141,1600,13.22,0,0,192.57,.367,196.6
102,2012,141,1700,13.23,0,0,370.65,.933,747
102,2012,141,1800,13.25,0,0,53.26,.033,30.79
102,2012,141,1900,13.28,0,0,182.7,1,454.9
102,2012,141,2000,13.3,0,0,17.465,.233,66.93
102,2012,141,2100,13.33,0,0,1.1074,0,2.316
102,2012,141,2200,13.37,0,0,3.1481,0,2.316
102,2012,141,2300,13.39,0,0,3.4092,0,2.316
101,2012,141,2400,13.19,0,5075.7,2763.6,8.85
102,2012,141,2400,13.4,0,0,3.4171,0,2.316
102,2012,142,100,13.42,0,0,2.7764,0,2.316
102,2012,142,200,13.42,0,0,3.1166,0,2.316
102,2012,142,300,13.44,0,0,3.0138,0,2.316
102,2012,142,400,13.44,0,0,2.8714,0,2.317
102,2012,142,500,13.46,0,0,1.3131,0,2.317
102,2012,142,600,13.47,0,0,1.9221,0,2.317
102,2012,142,700,13.47,0,0,1.2577,0,2.317
102,2012,142,800,13.46,0,0,1.9616,0,2.317
102,2012,142,900,13.46,0,0,16.88,0,2.604
102,2012,142,1000,13.44,0,0,62.742,0,3.381
102,2012,142,1100,13.42,0,0,108.5,0,3.822
102,2012,142,1200,13.4,0,0,130.15,0,13.4
102,2012,142,1300,13.37,0,0,174.99,0,6.833
102,2012,142,1400,13.35,0,0,165.67,0,11.33
102,2012,142,1500,13.34,0,0,153.22,0,4.451
102,2012,142,1600,13.32,0,0,206.04,.367,98.8
102,2012,142,1700,13.33,0,0,212.96,.783,324.8
102,2012,142,1800,13.34,0,0,266.48,1,759
102,2012,142,1900,13.34,0,0,140.39,.95,558.6
102,2012,142,2000,13.35,0,0,7.4113,.133,43.34
102,2012,142,2100,13.39,0,0,2.8317,0,2.316
102,2012,142,2200,13.4,0,0,3.1957,0,2.316
102,2012,142,2300,13.42,0,0,3.8127,0,2.316
101,2012,142,2400,13.32,0,0,1676.9,3.232
102,2012,142,2400,13.44,0,0,3.3698,0,2.316
102,2012,143,100,13.45,0,0,2.3967,0,2.317
102,2012,143,200,13.46,0,0,3.0927,0,2.317
102,2012,143,300,13.47,0,0,2.4125,0,2.317
102,2012,143,400,13.49,0,0,2.8714,0,2.317
102,2012,143,500,13.49,0,0,3.6072,0,2.317
102,2012,143,600,13.48,0,0,2.9664,0,2.317
102,2012,143,700,13.45,0,0,3.8207,0,2.317
102,2012,143,800,13.49,0,2815.9,10.932,.1,35.14
102,2012,143,900,13.42,0,107.23,73.139,1,258.8
102,2012,143,1000,13.33,0,0,181.61,1,384.8
102,2012,143,1100,13.25,0,0,280.37,1,534.7
102,2012,143,1200,13.22,0,0,389,1,623.8
102,2012,143,1300,13.2,0,0,381.8,.85,591.7
102,2012,143,1400,13.17,0,0,452.12,.9,659.5
102,2012,143,1500,13.15,0,0,397.44,.783,528.9
102,2012,143,1600,13.15,0,0,381.34,.733,584.4
102,2012,143,1700,13.18,22.736,0,355.85,.933,665.3
102,2012,143,1800,13.2,0,0,201.73,.583,378.9
102,2012,143,1900,13.25,0,0,103.43,.433,200.5
102,2012,143,2000,13.27,0,794.87,15.756,0,12.9
102,2012,143,2100,13.32,0,0,5.5291,0,2.151
102,2012,143,2200,13.35,0,0,5.1651,0,2.041
102,2012,143,2300,13.38,0,0,4.2794,0,2.129
101,2012,143,2400,13.15,22.736,3718,3265.9,9.31
102,2012,143,2400,13.4,0,0,5.2684,0,2.134
102,2012,144,100,13.41,0,0,5.0152,0,2.046
102,2012,144,200,13.42,0,0,2.0804,0,2.002
102,2012,144,300,13.43,0,0,1.9538,0,1.997
102,2012,144,400,13.43,0,0,2.3097,0,2.008
102,2012,144,500,13.44,0,0,2.5629,0,2.002
102,2012,144,600,13.44,0,0,1.8272,0,1.986
102,2012,144,700,13.46,0,0,3.156,0,1.986
102,2012,144,800,13.47,0,0,6.9844,0,3.58
102,2012,144,900,13.44,0,0,48.123,0,46.1
102,2012,144,1000,13.4,33.981,0,128.43,.5,140.6
102,2012,144,1100,13.33,0,0,223.8,.816,272.8
102,2012,144,1200,13.32,0,0,220.79,.367,126
102,2012,144,1300,13.31,0,0,224.18,0,4.583
102,2012,144,1400,13.29,0,0,282.84,.083,51.97
102,2012,144,1500,13.3,0,0,210.15,.15,44.14
102,2012,144,1600,13.29,0,0,268.83,.55,162.4
102,2012,144,1700,13.29,0,0,171.05,.317,100.4
102,2012,144,1800,13.3,0,0,123.62,.666,176
102,2012,144,1900,13.32,0,0,40.015,.033,49.26
102,2012,144,2000,13.34,18.32,0,5.7427,0,4.622
102,2012,144,2100,13.37,0,0,3.9153,0,2.007
102,2012,144,2200,13.4,0,0,4.0658,0,2.002
102,2012,144,2300,13.41,0,0,3.2591,0,1.985
101,2012,144,2400,13.29,52.3,0,1986.8,3.482
102,2012,144,2400,13.42,0,0,2.0646,0,1.991
102,2012,145,100,13.44,0,0,2.6895,0,1.997
102,2012,145,200,13.44,0,0,2.7132,0,1.991
102,2012,145,300,13.44,0,0,2.2465,0,1.986
102,2012,145,400,13.46,0,0,2.5312,0,1.986
102,2012,145,500,13.47,0,0,2.2384,0,2.002
102,2012,145,600,13.48,0,550.71,2.3255,0,2.019
102,2012,145,700,13.49,0,185.25,2.4285,0,2.008
102,2012,145,800,13.49,0,0,3.6547,0,1.981
102,2012,145,900,13.45,0,630.71,68.553,.683,181.5
102,2012,145,1000,13.35,0,61.804,187.17,1,392.3
102,2012,145,1100,13.29,0,0,291.42,1,552.3
102,2012,145,1200,13.25,0,0,379.86,.966,648.4
102,2012,145,1300,13.22,0,0,419.14,.95,596.7
102,2012,145,1400,12.81,0,0,412.96,.933,362.1
102,2012,145,1500,13.22,0,0,326.42,.633,233.8
102,2012,145,1600,13.22,0,0,391.7,1,669.1
102,2012,145,1700,13.23,0,0,384.92,1,799
102,2012,145,1800,13.25,29.157,0,119.88,.217,169.1
102,2012,145,1900,13.33,0,988.92,12.3,0,4.34
102,2012,145,2000,13.35,0,292.02,6.1302,0,2.167
102,2012,145,2100,13.39,0,0,4.058,0,1.98
102,2012,145,2200,13.4,0,0,3.2986,0,1.985
102,2012,145,2300,13.42,0,0,3.3857,0,2.002
101,2012,145,2400,12.81,29.157,2709.4,3035,8.38
102,2012,145,2400,13.42,0,0,2.998,0,1.985
102,2012,146,100,13.43,0,0,2.2149,0,1.985
102,2012,146,200,13.43,0,0,2.4047,0,1.98
102,2012,146,300,13.45,0,238.85,2.6815,0,1.958
102,2012,146,400,13.46,0,45.213,3.1798,0,1.936
102,2012,146,500,13.46,0,0,2.4837,0,1.964
102,2012,146,600,13.47,0,0,1.3605,0,1.98
102,2012,146,700,13.47,0,0,1.313,0,1.997
102,2012,146,800,13.47,0,0,4.8645,0,2.113
102,2012,146,900,13.44,0,0,51.042,0,28.9
102,2012,146,1000,13.4,0,0,122.65,.167,63.25
102,2012,146,1100,13.37,0,0,141.95,0,18
102,2012,146,1200,13.36,0,0,120.71,0,7.94
102,2012,146,1300,13.32,0,0,258.82,0,10.51
102,2012,146,1400,13.27,0,0,309.76,.466,179.9
102,2012,146,1500,13.27,0,0,231.05,.333,138.8
102,2012,146,1600,13.24,0,0,361.3,.916,483.7
102,2012,146,1700,13.25,0,0,332.83,.966,616.6
102,2012,146,1800,13.28,0,0,224.36,.883,496.9
102,2012,146,1900,13.3,0,0,139.82,.816,301.3
102,2012,146,2000,12.8,0,0,7.071,0,7.85
102,2012,146,2100,12.77,0,0,1.9538,0,2.217
102,2012,146,2200,13.38,0,0,3.2351,0,1.985
102,2012,146,2300,13.4,0,0,3.8365,0,1.985
101,2012,146,2400,12.77,0,284.06,2333.6,4.548
102,2012,146,2400,13.42,0,0,2.7449,0,1.985
102,2012,147,100,13.43,0,0,2.8635,0,1.986
102,2012,147,200,13.44,0,0,2.0725,0,1.991
102,2012,147,300,13.46,0,0,1.8114,0,1.986
102,2012,147,400,13.46,0,0,1.8588,0,1.986
102,2012,147,500,13.47,0,0,2.895,0,1.986
102,2012,147,600,13.47,0,0,1.8509,0,1.986
102,2012,147,700,13.47,0,0,1.8825,0,1.986
102,2012,147,800,13.47,0,0,3.9391,0,1.986
102,2012,147,900,13.46,0,0,38.45,0,4.258
102,2012,147,1000,12.76,0,0,80.065,0,3.05
102,2012,147,1100,12.75,0,0,75.749,0,5.973
102,2012,147,1200,13.37,0,0,186.02,.083,68.6
102,2012,147,1300,12.95,0,0,405.66,.883,498.6
102,2012,147,1400,12.8,0,0,327.7,.566,319.6
102,2012,147,1500,13.26,0,0,257.64,.167,72.4
102,2012,147,1600,13.26,0,0,247.47,.733,180.4
102,2012,147,1700,13.27,0,0,270.16,1,522.3
102,2012,147,1800,13.28,0,0,271.15,1,724
102,2012,147,1900,13.29,0,0,80.696,.45,264.7
102,2012,147,2000,13.32,0,0,1.5661,0,5.554
102,2012,147,2100,13.34,0,0,.81474,0,2.316
102,2012,147,2200,13.36,0,0,1.6453,0,2.316
102,2012,147,2300,13.38,0,0,1.9063,0,2.316
101,2012,147,2400,12.75,0,0,2268.3,4.881
102,2012,147,2400,13.39,0,0,2.4046,0,2.316
102,2012,148,100,13.39,0,0,2.7685,0,2.311
102,2012,148,200,13.42,0,0,1.9143,0,2.316
102,2012,148,300,13.44,0,0,2.1753,0,2.317
102,2012,148,400,13.45,0,0,3.0375,0,2.317
102,2012,148,500,13.46,0,0,1.93,0,2.317
102,2012,148,600,13.47,.68814,0,1.3605,0,2.306
102,2012,148,700,13.49,108.1,0,2.3177,0,2.3
102,2012,148,800,13.49,0,0,2.5233,0,2.317
102,2012,148,900,13.48,0,0,7.9017,0,2.378
102,2012,148,1000,13.46,0,0,55.502,0,3.47
102,2012,148,1100,13.44,0,0,101.18,0,10.75
102,2012,148,1200,13.4,0,0,176.99,.05,28.9
102,2012,148,1300,13.36,0,0,272.21,.117,53.21
102,2012,148,1400,13.29,0,0,385.58,.6,241.2
102,2012,148,1500,13.27,0,0,360.59,.666,346.7
102,2012,148,1600,13.26,0,0,342.4,1,549.4
102,2012,148,1700,12.88,0,0,345.17,1,669.1
102,2012,148,1800,12.8,0,0,119.15,.183,95.9
102,2012,148,1900,13.29,0,0,45.759,0,19.66
102,2012,148,2000,12.83,0,0,3.0452,0,2.427
102,2012,148,2100,13.36,0,0,3.0216,0,2.068
102,2012,148,2200,13.39,0,0,3.1324,0,2.002
102,2012,148,2300,13.42,0,0,4.1134,0,1.985
101,2012,148,2400,12.8,108.79,0,2245.8,3.615
102,2012,148,2400,13.44,0,0,2.0487,0,1.986
102,2012,149,100,13.45,162.16,0,3.338,0,1.986
102,2012,149,200,13.45,0,0,1.6057,0,1.986
102,2012,149,300,13.45,0,0,1.5108,0,1.986
102,2012,149,400,13.46,0,0,2.2702,0,1.986
102,2012,149,500,13.47,0,0,2.0724,0,1.986
102,2012,149,600,13.47,0,0,2.0328,0,1.986
102,2012,149,700,13.49,0,0,1.8351,0,1.986
102,2012,149,800,13.48,0,0,7.4592,0,11.47
102,2012,149,900,13.42,.68023,0,84.01,.8,193
102,2012,149,1000,13.36,0,0,189.96,.983,353.7
102,2012,149,1100,13.29,0,0,282.28,.983,467.9
102,2012,149,1200,13.24,0,0,382.47,.966,582.2
102,2012,149,1300,12.82,0,0,377.39,.8,525.3
102,2012,149,1400,12.8,0,0,342.26,.6,383.4
102,2012,149,1500,12.8,0,0,291.38,.4,254.4
102,2012,149,1600,12.8,0,0,239.69,.683,323.3
102,2012,149,1700,12.78,0,0,241.66,.666,418.7
102,2012,149,1800,12.78,0,0,235.71,.716,475.8
102,2012,149,1900,12.77,0,0,20.802,0,16.29
102,2012,149,2000,12.76,0,0,2.7369,0,1.555
102,2012,149,2100,13.32,0,0,1.7402,0,1.103
102,2012,149,2200,13.35,0,0,3.3697,0,1.064
102,2012,149,2300,12.86,0,0,3.0455,0,1.086
101,2012,149,2400,12.76,162.84,0,2724.6,7.6
102,2012,149,2400,12.82,0,0,3.9631,0,1.009
102,2012,150,100,13.42,0,0,2.6579,0,.998
102,2012,150,200,13.43,0,0,2.5946,0,.993
102,2012,150,300,13.45,0,0,2.0408,0,.998
102,2012,150,400,13.46,0,0,2.2939,0,.987
102,2012,150,500,13.47,0,0,1.1153,0,.949
102,2012,150,600,13.47,0,0,1.4554,0,.971
102,2012,150,700,13.48,0,0,1.3763,0,1.087
102,2012,150,800,12.8,397.16,0,6.6836,0,2.488
102,2012,150,900,12.76,134.53,0,42.23,.1,61.98
102,2012,150,1000,12.75,0,0,197.28,.966,351
102,2012,150,1100,12.77,0,0,256.4,1,341.7
102,2012,150,1200,12.77,0,0,378.37,1,466.8
102,2012,150,1300,12.79,0,0,295.29,.466,120.9
102,2012,150,1400,12.78,0,0,341.77,.75,271.7
102,2012,150,1500,12.79,0,0,432.29,.85,620.6
102,2012,150,1600,12.8,0,0,350.67,.9,466.2
102,2012,150,1700,12.79,14.903,0,248.94,.55,412.3
102,2012,150,1800,12.88,0,0,72.867,0,17.31
102,2012,150,1900,13.31,0,0,36.434,0,2.884
102,2012,150,2000,13.35,0,0,4.754,0,1.5
102,2012,150,2100,13.39,0,0,2.9427,0,1.153
102,2012,150,2200,13.42,0,0,3.4093,0,1.015
102,2012,150,2300,13.43,0,0,3.7652,0,1.081
101,2012,150,2400,12.75,546.6,0,2689.9,6.581
102,2012,150,2400,13.4,0,0,2.2227,0,.998
102,2012,151,100,13.45,0,0,1.843,0,1.004
102,2012,151,200,13.46,83.315,0,2.571,0,.982
102,2012,151,300,13.47,0,0,2.4207,0,1.054
102,2012,151,400,13.47,0,0,2.7845,0,1.103
102,2012,151,500,13.48,0,0,2.8715,0,1.109
102,2012,151,600,13.49,0,0,2.6974,0,1.098
102,2012,151,700,13.49,0,34.76,2.5313,0,1.081
102,2012,151,800,13.49,0,0,10.528,.033,27.42
102,2012,151,900,13.45,0,0,73.432,1,214.4
102,2012,151,1000,13.36,0,0,184.67,1,351.6
102,2012,151,1100,13.31,0,0,268.44,1,420
102,2012,151,1200,13.3,0,0,226.73,.15,65.4
102,2012,151,1300,13.24,0,0,405.48,.95,617.5
102,2012,151,1400,13.23,0,0,229.76,.25,164
102,2012,151,1500,13.22,0,0,343.52,.683,382.1
102,2012,151,1600,13.22,0,0,376.75,.916,602.4
102,2012,151,1700,13.22,0,0,280.82,.866,541.3
102,2012,151,1800,13.25,0,0,278.15,1,709
102,2012,151,1900,13.26,0,0,146.39,1,520.3
102,2012,151,2000,13.29,0,0,14.744,.233,58.46
102,2012,151,2100,13.32,0,0,1.5503,0,.838
102,2012,151,2200,13.35,0,0,3.4646,0,.772
102,2012,151,2300,13.38,0,0,4.1133,0,.965
101,2012,151,2400,13.22,83.315,34.76,2870,9.08
102,2012,151,2400,13.4,0,0,3.7258,0,.585
102,2012,152,100,13.42,19.776,0,4.6908,0,.734
102,2012,152,200,13.44,0,0,1.8747,0,.667
102,2012,152,300,13.45,0,0,2.7685,0,.496
102,2012,152,400,13.47,0,0,2.3176,0,.342
102,2012,152,500,13.48,59.091,0,2.7133,0,.408
102,2012,152,600,13.49,0,0,2.3653,0,.342
102,2012,152,700,13.5,0,166.87,1.0363,0,.292
102,2012,152,800,13.51,0,390.27,8.2821,0,16.18
102,2012,152,900,13.45,0,0,71.027,.766,184.5
102,2012,152,1000,13.37,0,0,180.61,.983,269.5
102,2012,152,1100,13.27,0,0,287.17,1,461.6
102,2012,152,1200,13.23,0,0,374.47,1,616.5
102,2012,152,1300,13.19,0,0,421.34,1,702
102,2012,152,1400,13.18,0,0,408.2,.766,573.3
102,2012,152,1500,13.18,0,0,383.3,.666,493.2
102,2012,152,1600,13.18,0,0,365.42,.75,551.3
102,2012,152,1700,13.21,0,0,254.54,.816,474
102,2012,152,1800,13.23,0,0,189.9,.55,396.5
102,2012,152,1900,13.28,0,0,121.81,.65,289.5
102,2012,152,2000,13.29,0,0,24.488,.033,34.12
102,2012,152,2100,13.32,0,0,1.3051,0,.91
102,2012,152,2200,13.35,0,0,3.4329,0,.745
102,2012,152,2300,13.37,0,0,3.5911,0,.618
101,2012,152,2400,13.18,78.867,557.14,3119.3,8.98
102,2012,152,2400,13.39,0,0,2.6816,0,.756
102,2012,153,100,13.4,0,0,2.0726,0,.722
102,2012,153,200,13.42,0,0,2.5709,0,.557
102,2012,153,300,13.44,0,0,1.8035,0,.623
102,2012,153,400,13.46,0,0,1.6374,0,.563
102,2012,153,500,13.46,20.969,0,2.0249,0,.485
102,2012,153,600,13.47,298.57,0,1.7955,0,.717
102,2012,153,700,13.48,0,1295.7,1.7481,0,.105
102,2012,153,800,13.48,0,2260.6,6.107,0,8.59
102,2012,153,900,13.44,0,1426.4,69.984,.8,174.6
102,2012,153,1000,13.36,15.337,0,186.44,1,311.9
102,2012,153,1100,13.3,0,0,292.53,1,442.2
102,2012,153,1200,13.25,0,0,369.36,1,564.9
102,2012,153,1300,13.23,0,0,371.07,.816,459.4
102,2012,153,1400,13.23,0,0,404.37,.816,534.2
102,2012,153,1500,12.84,0,0,402.66,.8,529.8
102,2012,153,1600,12.8,0,0,287.48,.716,368.4
102,2012,153,1700,12.8,0,0,258.85,.816,490.7
102,2012,153,1800,12.79,0,0,276.23,1,697.5
102,2012,153,1900,12.77,0,0,86.179,.65,267.3
102,2012,153,2000,12.77,0,0,10.583,.117,37.84
102,2012,153,2100,12.75,0,0,2.4363,0,2.316
102,2012,153,2200,13.32,0,0,4.5561,0,2.322
102,2012,153,2300,13.37,0,0,4.6039,0,2.327
101,2012,153,2400,12.75,334.88,4982.8,3050.6,9.53
102,2012,153,2400,13.4,0,0,3.5518,0,2.316
102,2012,154,100,13.42,0,0,3.0376,0,2.316
102,2012,154,200,13.44,0,0,4.6749,0,2.317
102,2012,154,300,13.45,0,0,1.7956,0,2.317
102,2012,154,400,13.47,0,0,1.7402,0,2.317
102,2012,154,500,13.48,0,0,2.6103,0,2.317
102,2012,154,600,13.49,111.24,0,2.1596,0,2.317
102,2012,154,700,13.5,83.054,0,2.1042,0,2.29
102,2012,154,800,13.5,0,0,6.3126,0,7.21
102,2012,154,900,13.45,0,0,68.631,.75,162
102,2012,154,1000,13.36,113.74,0,172.02,1,296.6
102,2012,154,1100,13.28,0,0,282.88,1,418.6
102,2012,154,1200,13.25,0,0,371.72,1,539.5
102,2012,154,1300,13.22,0,0,397.32,.933,512.5
102,2012,154,1400,13.21,0,0,381.85,.75,452.2
102,2012,154,1500,13.19,0,0,413.45,.933,591.9
102,2012,154,1600,13.19,0,0,362.82,.783,539.4
102,2012,154,1700,13.21,0,0,303.15,.75,497
102,2012,154,1800,13.22,0,0,248.46,.95,519.3
102,2012,154,1900,13.25,0,0,146.57,1,427.8
102,2012,154,2000,13.27,0,0,12.696,.133,38.67
102,2012,154,2100,13.31,0,0,1.0757,0,2.399
102,2012,154,2200,13.34,0,0,3.0612,0,2.294
102,2012,154,2300,13.37,0,0,3.433,0,2.305
101,2012,154,2400,13.19,308.03,0,3196.5,9.98
102,2012,154,2400,13.39,0,0,2.9664,0,2.316
102,2012,155,100,13.4,0,0,2.832,0,2.311
102,2012,155,200,13.42,0,0,2.8636,0,2.283
102,2012,155,300,13.44,0,0,2.6025,0,2.278
102,2012,155,400,13.45,0,0,2.6578,0,2.278
102,2012,155,500,13.46,0,0,2.4679,0,2.256
102,2012,155,600,13.47,0,0,2.3887,0,2.278
102,2012,155,700,12.78,0,0,2.4125,0,2.273
102,2012,155,800,12.74,0,0,9.7846,0,6.499
102,2012,155,900,13.44,0,0,79.763,.75,128.1
102,2012,155,1000,13.35,0,0,195.16,1,247.8
102,2012,155,1100,13.28,0,0,298.62,1,332.8
102,2012,155,1200,13.25,0,0,353.77,.916,375.6
102,2012,155,1300,13.23,0,0,382.9,.966,428.7
102,2012,155,1400,13.2,0,0,472.66,.966,595.2
102,2012,155,1500,13.2,0,0,228.36,.183,96
102,2012,155,1600,13.2,0,0,306.91,.616,375.2
102,2012,155,1700,13.21,0,0,303.03,1,580
102,2012,155,1800,13.23,0,0,95.693,.3,182.8
102,2012,155,1900,13.27,0,0,36.308,.067,59.1
102,2012,155,2000,13.29,0,0,10.773,0,16.43
102,2012,155,2100,12.78,0,0,1.7243,0,1.864
102,2012,155,2200,12.76,0,0,2.2781,0,1.881
102,2012,155,2300,12.75,0,0,2.0487,0,1.82
101,2012,155,2400,12.74,0,0,2800.3,7.76
102,2012,155,2400,13.34,0,0,2.3334,0,2.101
102,2012,156,100,13.39,0,0,1.764,0,2.134
102,2012,156,200,13.39,0,0,1.0521,0,2.096
102,2012,156,300,13.4,0,0,1.3448,0,2.151
102,2012,156,400,13.4,0,0,1.0204,0,2.057
102,2012,156,500,13.42,0,0,1.0363,0,2.129
102,2012,156,600,13.42,0,0,2.4522,0,2.046
102,2012,156,700,13.44,0,0,1.6612,0,2.079
102,2012,156,800,13.44,0,0,5.5925,0,2.102
102,2012,156,900,13.42,0,0,38.008,0,6.652
102,2012,156,1000,13.39,0,0,117.24,.433,84.5
102,2012,156,1100,13.32,0,0,231.65,.783,289.1
102,2012,156,1200,13.27,0,0,311.79,.916,462.7
102,2012,156,1300,13.23,0,0,423.54,.966,591.5
102,2012,156,1400,13.22,0,0,371.2,.816,465.4
102,2012,156,1500,13.22,0,0,329.25,.666,377.7
102,2012,156,1600,13.22,0,0,339.91,.716,510.7
102,2012,156,1700,13.23,0,0,336.22,.916,634.3
102,2012,156,1800,13.26,0,0,259.13,1,651
102,2012,156,1900,13.28,0,0,130.02,1,424.6
102,2012,156,2000,13.3,0,0,13.106,.2,41.04
102,2012,156,2100,13.34,0,0,1.5978,0,1.947
102,2012,156,2200,13.37,0,0,1.0204,0,1.958
102,2012,156,2300,13.37,0,0,1.0441,0,1.892
101,2012,156,2400,13.22,0,0,2922.3,8.41
102,2012,156,2400,13.38,0,0,1.6294,0,1.803
102,2012,157,100,13.4,0,0,3.5516,0,1.693
102,2012,157,200,13.41,0,0,3.9868,0,1.644
102,2012,157,300,13.43,0,0,3.6783,0,1.605
102,2012,157,400,13.44,0,0,2.5154,0,1.544
102,2012,157,500,13.46,92.49,0,2.0091,0,1.539
102,2012,157,600,13.47,119.3,0,2.1119,0,1.484
102,2012,157,700,13.48,0,0,2.4204,0,1.523
102,2012,157,800,13.48,0,0,6.0354,0,1.55
102,2012,157,900,13.45,46.122,0,32.003,0,8.8
102,2012,157,1000,13.39,55.606,0,140.41,.716,192.4
102,2012,157,1100,13.3,0,0,291.93,1,433.6
102,2012,157,1200,13.26,0,0,363.49,1,516.2
102,2012,157,1300,13.22,0,0,432.67,1,543.7
102,2012,157,1400,13.2,0,0,428.6,.95,506.2
102,2012,157,1500,13.2,0,0,416.16,1,687.7
102,2012,157,1600,13.19,0,0,383.82,.966,673.2
102,2012,157,1700,13.2,0,0,223.78,.6,366.4
102,2012,157,1800,13.25,0,0,269.01,1,645.7
102,2012,157,1900,13.27,0,0,66.92,.367,161.3
102,2012,157,2000,13.29,0,0,9.5473,.017,22.09
102,2012,157,2100,13.33,0,0,1.7402,0,1.787
102,2012,157,2200,13.36,0,0,3.52,0,1.682
102,2012,157,2300,13.38,0,0,2.5233,0,1.699
101,2012,157,2400,13.19,313.51,0,3095.8,8.61
102,2012,157,2400,13.4,0,0,3.354,0,1.627
102,2012,158,100,13.42,0,0,3.8603,0,1.594
102,2012,158,200,13.42,0,0,2.4285,0,1.55
102,2012,158,300,13.44,0,0,2.5471,0,1.478
102,2012,158,400,13.46,0,0,3.0058,0,1.511
102,2012,158,500,13.46,0,0,3.1323,0,1.473
102,2012,158,600,13.47,0,0,2.2859,0,1.462
102,2012,158,700,13.47,0,0,2.2622,0,1.517
102,2012,158,800,13.47,0,0,5.8137,0,2.642
102,2012,158,900,13.45,0,0,45.023,.117,46.25
102,2012,158,1000,12.78,0,0,85.161,0,12.57
102,2012,158,1100,12.75,0,0,183.4,.267,86.4
102,2012,158,1200,13.31,0,0,127.74,0,2.807
102,2012,158,1300,13.27,48.905,0,285.83,.633,215.5
102,2012,158,1400,13.22,0,0,366.8,1,334.7
102,2012,158,1500,12.83,0,0,292.04,1,227.6
102,2012,158,1600,13.22,0,0,289.78,.666,281.4
102,2012,158,1700,13.24,0,0,226.51,.916,343.2
102,2012,158,1800,13.25,0,0,131.2,.816,225.6
102,2012,158,1900,13.28,0,0,52.768,.483,97.8
102,2012,158,2000,13.3,0,0,3.5357,0,3.838
102,2012,158,2100,13.32,0,0,1.9458,0,1.985
102,2012,158,2200,13.3,0,0,1.3684,0,1.985
102,2012,158,2300,13.35,0,0,2.8397,0,1.969
101,2012,158,2400,12.75,48.905,0,2123,5.898
102,2012,158,2400,13.37,0,0,1.7402,0,1.985
102,2012,159,100,13.38,0,0,2.3494,0,2.002
102,2012,159,200,13.38,0,0,2.468,0,1.985
102,2012,159,300,13.39,0,0,2.476,0,1.985
102,2012,159,400,13.4,0,0,1.4239,0,1.985
102,2012,159,500,13.4,0,0,2.2465,0,1.991
102,2012,159,600,13.42,0,0,1.669,0,1.986
102,2012,159,700,13.43,0,0,1.6373,0,1.942
102,2012,159,800,13.43,0,0,7.1426,0,1.936
102,2012,159,900,13.4,0,0,43.125,0,21.72
102,2012,159,1000,13.38,0,0,62.871,0,52.52
102,2012,159,1100,13.36,0,1991.6,147.38,.3,87.9
102,2012,159,1200,13.29,0,341.01,295.13,.983,384.8
102,2012,159,1300,13.22,0,0,372.22,.95,487.5
102,2012,159,1400,13.18,0,0,421.78,1,612.1
102,2012,159,1500,13.18,0,0,186.13,.2,114.4
102,2012,159,1600,13.18,0,0,336.62,.766,401.4
102,2012,159,1700,13.18,0,0,252.19,.783,253.6
102,2012,159,1800,13.2,0,0,114.79,.133,52.32
102,2012,159,1900,13.27,0,0,13.937,0,5.559
102,2012,159,2000,13.3,0,1288.2,4.841,0,3.353
102,2012,159,2100,13.33,0,1887.8,5.885,0,3.48
102,2012,159,2200,13.35,0,0,3.6229,0,3.502
102,2012,159,2300,13.36,0,0,2.7528,0,3.469
101,2012,159,2400,13.18,0,5508.7,2287,5.115
102,2012,159,2400,13.36,0,0,2.3336,0,3.447
102,2012,160,100,13.38,0,0,1.4001,0,3.386
102,2012,160,200,13.38,0,0,1.5504,0,3.403
102,2012,160,300,13.4,0,0,1.5029,0,3.398
102,2012,160,400,13.41,0,0,1.669,0,3.392
102,2012,160,500,13.41,0,0,1.7956,0,3.354
102,2012,160,600,13.41,0,0,1.5029,0,3.354
102,2012,160,700,13.41,0,0,1.582,0,3.442
102,2012,160,800,13.41,0,0,5.9641,0,4.876
102,2012,160,900,13.41,0,0,60.456,.283,86.8
102,2012,160,1000,13.35,0,0,149.52,.95,229.4
102,2012,160,1100,13.28,0,0,260.4,1,343.2
102,2012,160,1200,13.27,0,0,257.6,1,347.3
102,2012,160,1300,13.22,0,0,339.44,1,425.8
102,2012,160,1400,13.18,0,0,431.66,.95,514.7
102,2012,160,1500,13.19,0,0,259.45,.483,275.7
102,2012,160,1600,13.2,0,0,295.22,.816,376.5
102,2012,160,1700,13.2,0,0,136.96,.25,98.9
102,2012,160,1800,13.23,0,0,29.949,0,13.01
102,2012,160,1900,13.27,0,0,35.919,0,10.43
102,2012,160,2000,13.29,0,0,11.042,0,11.87
102,2012,160,2100,13.32,0,0,.5537,0,3.309
102,2012,160,2200,13.35,0,0,1.5345,0,3.309
102,2012,160,2300,13.36,0,0,2.3176,0,3.309
101,2012,160,2400,13.18,0,0,2290.9,6.731
102,2012,160,2400,13.37,0,0,1.8668,0,3.309
102,2012,161,100,13.38,0,0,2.0171,0,3.309
102,2012,161,200,13.39,0,0,1.5108,0,3.309
102,2012,161,300,13.39,0,0,1.3131,0,3.304
102,2012,161,400,13.39,0,0,1.495,0,3.304
102,2012,161,500,13.4,0,0,1.1391,0,3.309
102,2012,161,600,13.4,0,0,1.2498,0,3.298
102,2012,161,700,13.4,0,0,1.1154,0,3.309
102,2012,161,800,13.4,0,0,3.1404,0,3.309
102,2012,161,900,13.4,0,0,30.653,0,6.039
102,2012,161,1000,13.37,0,0,80.081,0,20.55
102,2012,161,1100,13.33,0,0,156.74,.117,56.59
102,2012,161,1200,13.28,0,0,284.2,.533,132.4
102,2012,161,1300,13.29,0,0,132.3,.117,39.36
102,2012,161,1400,13.3,0,0,34.019,0,6.872
102,2012,161,1500,13.33,0,0,33.04,0,11.02
102,2012,161,1600,13.34,0,0,98.377,0,20.06
102,2012,161,1700,13.33,0,0,104.07,0,14.4
102,2012,161,1800,13.33,0,0,17.149,0,5.03
102,2012,161,1900,13.35,0,351.93,16.421,0,3.888
102,2012,161,2000,13.38,0,2510.6,5.6713,0,3.408
102,2012,161,2100,13.39,0,0,2.1991,0,3.419
102,2012,161,2200,13.4,0,263.08,2.0487,0,3.447
102,2012,161,2300,13.41,0,87.379,2.381,0,3.381
101,2012,161,2400,13.28,0,4102.5,1014,.766
102,2012,161,2400,13.42,0,889.53,1.7086,0,3.337
102,2012,162,100,13.42,0,1081.9,1.6849,0,3.32
102,2012,162,200,13.44,0,0,3.0374,0,3.271
102,2012,162,300,13.45,0,0,3.3301,0,3.271
102,2012,162,400,13.45,0,0,3.0532,0,3.293
102,2012,162,500,13.46,0,0,2.1594,0,3.238
102,2012,162,600,13.47,0,0,1.4396,0,3.139
102,2012,162,700,13.48,0,0,2.9111,0,3.117
102,2012,162,800,13.49,0,0,6.811,0,6.929
102,2012,162,900,13.47,0,0,59.969,.4,98.1
102,2012,162,1000,13.4,0,0,151.77,1,218.6
102,2012,162,1100,13.32,0,0,239.09,1,340.9
102,2012,162,1200,13.25,0,0,320.42,1,467.9
102,2012,162,1300,13.21,5.4265,0,374.73,1,536.5
102,2012,162,1400,13.19,0,0,406.52,1,594.2
102,2012,162,1500,13.18,0,0,399.5,1,658.8
102,2012,162,1600,13.17,0,0,359.6,1,620.3
102,2012,162,1700,13.18,0,0,312.19,1,625.7
102,2012,162,1800,13.21,0,0,213.62,1,482.4
102,2012,162,1900,13.23,0,0,97.366,.883,247.5
102,2012,162,2000,13.25,0,0,7.2064,0,15.67
102,2012,162,2100,13.3,0,0,2.4282,0,3.353
102,2012,162,2200,13.32,0,0,1.9933,0,3.16
102,2012,162,2300,13.34,0,0,1.5267,0,3.166
101,2012,162,2400,13.17,5.4265,1081.9,2974.3,10.28
102,2012,162,2400,13.36,0,0,1.9617,0,3.177
102,2012,163,100,13.37,0,0,1.8114,0,3.111
102,2012,163,200,13.38,0,0,2.9899,0,3.061
102,2012,163,300,13.39,0,0,2.0645,0,3.094
102,2012,163,400,13.4,0,0,2.0646,0,3.149
102,2012,163,500,13.41,0,0,1.5346,0,3.188
102,2012,163,600,13.42,0,0,1.0916,0,3.237
102,2012,163,700,13.43,0,0,.94133,0,3.254
102,2012,163,800,13.42,0,0,9.8325,0,3.365
102,2012,163,900,13.41,0,0,42.431,0,5.956
102,2012,163,1000,12.8,0,0,42.455,0,13.03
102,2012,163,1100,12.74,0,0,85.731,0,15.69
102,2012,163,1200,12.73,0,0,228.7,.267,124.2
102,2012,163,1300,12.75,0,0,398.39,.75,442.5
102,2012,163,1400,12.77,0,0,368.39,.916,566.4
102,2012,163,1500,12.79,0,0,385.52,.933,451
102,2012,163,1600,12.8,0,0,442.24,.95,598.2
102,2012,163,1700,12.8,0,0,331.34,1,544
102,2012,163,1800,12.78,0,0,110.91,.466,160.9
102,2012,163,1900,12.78,0,0,77.866,.8,163.4
102,2012,163,2000,12.76,0,0,4.6746,0,6.8
102,2012,163,2100,12.75,0,0,2.6578,0,3.111
102,2012,163,2200,12.75,0,0,3.7177,0,3.039
102,2012,163,2300,13.33,0,0,2.1595,0,3.022
101,2012,163,2400,12.73,0,0,2552.9,6.081
102,2012,163,2400,13.35,0,0,3.4173,0,2.978
102,2012,164,100,13.37,0,0,3.8366,0,2.978
102,2012,164,200,13.4,0,0,3.2116,0,2.978
102,2012,164,300,13.43,6.1858,0,1.5346,0,2.978
102,2012,164,400,13.44,63.123,0,2.2307,0,2.99
102,2012,164,500,13.45,134.76,0,2.025,0,2.979
102,2012,164,600,13.45,0,0,1.843,0,2.99
102,2012,164,700,13.47,0,0,2.1673,0,3.095
102,2012,164,800,13.47,0,0,5.1573,0,3.42
102,2012,164,900,13.46,0,798.15,25.992,.017,16.41
102,2012,164,1000,13.44,0,225.28,72.644,.05,47.12
102,2012,164,1100,13.39,0,0,112.97,.067,40.55
102,2012,164,1200,13.3,0,0,328.49,.783,337.5
102,2012,164,1300,13.27,0,0,242.53,.3,152.5
102,2012,164,1400,13.27,0,0,184.88,.183,108.9
102,2012,164,1500,13.23,0,0,338.22,.683,454.6
102,2012,164,1600,13.22,0,0,284.78,.666,440.1
102,2012,164,1700,13.23,0,0,307.94,.933,585.9
102,2012,164,1800,13.25,0,0,206.95,.85,491.1
102,2012,164,1900,13.27,0,0,79.418,.533,228.7
102,2012,164,2000,13.3,0,0,4.8882,0,6.502
102,2012,164,2100,13.33,0,0,1.8034,0,3.033
102,2012,164,2200,13.36,0,0,2.9741,0,2.989
102,2012,164,2300,13.38,0,0,3.4171,0,2.978
101,2012,164,2400,13.22,204.07,1023.4,2222.7,5.065
102,2012,164,2400,13.4,0,0,2.7686,0,2.978
102,2012,165,100,13.41,0,0,2.5392,0,2.978
102,2012,165,200,13.42,0,0,3.2591,0,2.978
102,2012,165,300,13.44,0,0,2.286,0,2.979
102,2012,165,400,13.45,.08701,0,2.1673,0,2.979
102,2012,165,500,13.46,423.52,0,2.2701,0,2.979
102,2012,165,600,13.47,200.37,0,2.0249,0,2.979
102,2012,165,700,13.48,0,0,2.3257,0,2.979
102,2012,165,800,13.49,0,0,6.6686,0,7.54
102,2012,165,900,13.45,0,0,54.24,.466,113.4
102,2012,165,1000,13.37,52.334,606.87,152.63,1,240.7
102,2012,165,1100,13.3,0,2023.3,253.5,1,356.4
102,2012,165,1200,13.24,0,2495.2,333.85,1,474.2
102,2012,165,1300,13.22,0,2226.6,375.55,1,561.6
102,2012,165,1400,13.19,0,650.11,394.96,1,621.4
102,2012,165,1500,13.18,0,410.79,392.09,1,692.5
102,2012,165,1600,13.17,0,120.49,330.05,.966,617.7
102,2012,165,1700,13.19,0,68.359,274.1,.916,542.5
102,2012,165,1800,13.23,0,1130.5,181.05,.75,406.7
102,2012,165,1900,13.25,0,426.17,73.061,.566,197
102,2012,165,2000,13.27,0,27.161,4.3348,0,5.812
102,2012,165,2100,13.31,0,0,1.5107,0,2.984
102,2012,165,2200,13.34,0,0,2.0329,0,2.978
102,2012,165,2300,13.37,0,0,2.3255,0,2.978
101,2012,165,2400,13.17,676.31,10186,2852.7,9.66
102,2012,165,2400,13.39,0,0,3.8601,0,2.978
102,2012,166,100,13.4,0,0,4.2558,0,2.978
102,2012,166,200,13.42,0,0,4.0422,0,2.978
102,2012,166,300,13.43,0,0,2.7212,0,2.978
102,2012,166,400,13.44,0,0,2.6736,0,2.979
102,2012,166,500,13.45,0,0,2.4047,0,2.979
102,2012,166,600,13.46,0,0,2.4442,0,2.973
102,2012,166,700,13.47,0,0,2.2543,0,2.979
102,2012,166,800,13.47,8.0204,23.059,7.1346,0,5.864
102,2012,166,900,13.44,260.9,0,66.198,.283,88.2
102,2012,166,1000,12.83,0,351.97,146.4,1,220.7
102,2012,166,1100,13.29,0,1450.1,236.37,1,314.1
102,2012,166,1200,12.84,0,523.52,328.22,1,417
102,2012,166,1300,13.23,0,338.99,338.1,1,393.2
102,2012,166,1400,13.19,0,391.72,390.47,1,481.1
102,2012,166,1500,13.18,0,222.69,336.34,.85,438.2
102,2012,166,1600,13.16,0,118.74,299.97,.95,436.8
102,2012,166,1700,13.16,0,43.017,290,.866,476.9
102,2012,166,1800,13.22,0,0,178.56,.883,357.6
102,2012,166,1900,13.24,0,0,82.995,.55,147
102,2012,166,2000,13.27,0,8.3489,8.2501,0,9.36
102,2012,166,2100,13.29,0,6.5656,1.4,0,2.984
102,2012,166,2200,13.32,0,153.56,1.9222,0,2.978
102,2012,166,2300,13.34,0,78.822,2.8317,0,2.978
101,2012,166,2400,12.83,268.92,3756.9,2739.5,9.38
102,2012,166,2400,13.35,0,45.817,3.5358,0,2.978
102,2012,167,100,13.37,0,0,3.4409,0,2.978
102,2012,167,200,13.38,0,52.786,2.737,0,2.978
102,2012,167,300,13.4,0,32.423,2.0963,0,2.978
102,2012,167,400,13.42,0,0,2.3098,0,2.973
102,2012,167,500,13.43,0,0,2.5154,0,2.962
102,2012,167,600,13.44,0,0,2.2464,0,2.962
102,2012,167,700,13.44,0,0,2.3255,0,2.885
102,2012,167,800,13.45,0,0,6.4939,0,3.31
102,2012,167,900,13.44,4.9831,42.464,40.981,0,26.28
102,2012,167,1000,13.35,0,123.44,151.98,.866,221.3
102,2012,167,1100,13.28,0,80.771,252,1,342
102,2012,167,1200,13.25,0,84.143,332.39,1,463.2
102,2012,167,1300,13.22,0,232.18,369.32,.983,512
102,2012,167,1400,13.2,0,165.81,340.04,.783,439.4
102,2012,167,1500,13.2,0,274.95,271.73,.75,347.7
102,2012,167,1600,13.21,0,80.364,231.08,.483,254.1
102,2012,167,1700,13.22,0,378.6,132.62,.167,84.5
102,2012,167,1800,13.25,0,134.98,133.41,.5,232.4
102,2012,167,1900,13.27,0,56.668,113.68,1,347.4
102,2012,167,2000,13.29,0,0,8.7639,.067,25.82
102,2012,167,2100,12.83,0,25.057,1.7323,0,2.973
102,2012,167,2200,13.35,0,0,2.8634,0,2.967
102,2012,167,2300,13.37,0,0,2.7606,0,2.967
101,2012,167,2400,12.83,4.9831,1841.2,2412.8,7.6
102,2012,167,2400,13.39,0,76.517,3.3064,0,2.851
102,2012,168,100,13.41,0,97.883,3.267,0,2.862
102,2012,168,200,13.42,0,0,2.5234,0,2.752
102,2012,168,300,13.44,0,0,2.0724,0,2.67
102,2012,168,400,13.44,0,0,3.1165,0,2.764
102,2012,168,500,13.44,0,0,1.1232,0,2.725
102,2012,168,600,13.45,0,0,1.9379,0,2.741
102,2012,168,700,13.45,0,0,2.2939,0,2.764
102,2012,168,800,13.45,0,0,8.9381,0,8.2
102,2012,168,900,13.44,0,0,53.62,.3,83.8
102,2012,168,1000,13.36,0,1.9679,145.7,1,222.3
102,2012,168,1100,13.29,0,247.82,250.25,1,341.5
102,2012,168,1200,13.23,0,265.57,328.82,1,450.1
102,2012,168,1300,13.22,0,697.43,328.12,.9,391.9
102,2012,168,1400,13.2,0,1075.7,387.94,1,566
102,2012,168,1500,13.19,0,817.25,370.44,1,639.1
102,2012,168,1600,13.19,0,679.41,265.9,.883,359.5
102,2012,168,1700,13.2,0,520.14,298.43,1,622.2
102,2012,168,1800,13.23,0,187.49,212.63,.8,442.7
102,2012,168,1900,13.24,0,90.55,118.46,1,360.4
102,2012,168,2000,13.27,0,188.32,10.631,.05,27.78
102,2012,168,2100,13.3,0,135.13,1.7876,0,2.978
102,2012,168,2200,13.34,0,152.78,2.1674,0,2.978
102,2012,168,2300,13.36,0,.13639,1.7085,0,2.978
101,2012,168,2400,13.19,0,5157.5,2805.2,9.93
102,2012,168,2400,13.38,0,0,3.2905,0,2.906
102,2012,169,100,13.4,0,0,4.3349,0,2.851
102,2012,169,200,13.42,0,0,3.4885,0,2.862
102,2012,169,300,13.43,0,0,2.1753,0,2.807
102,2012,169,400,13.43,0,0,2.5154,0,2.835
102,2012,169,500,13.44,0,0,1.8747,0,2.747
102,2012,169,600,13.46,0,0,3.1165,0,2.708
102,2012,169,700,13.47,0,0,2.7052,0,2.703
102,2012,169,800,13.47,0,0,4.7622,0,2.725
102,2012,169,900,13.46,0,0,36.838,0,19.66
102,2012,169,1000,13.4,0,0,129.91,.633,146.9
102,2012,169,1100,13.32,0,0,210.49,1,231.5
102,2012,169,1200,13.28,0,299.42,298.66,1,346.1
102,2012,169,1300,13.23,0,244.7,380.36,1,521.9
102,2012,169,1400,13.22,0,41.779,286.63,.616,313.3
102,2012,169,1500,13.2,0,486.04,343.77,.716,460.2
102,2012,169,1600,13.22,0,186.3,211.42,.616,169.9
102,2012,169,1700,13.22,0,517.78,287.37,1,422.5
102,2012,169,1800,13.22,0,14.674,140.11,.7,204.3
102,2012,169,1900,13.26,0,246.15,76.336,.6,198.2
102,2012,169,2000,13.29,0,0,7.4195,.033,13.4
102,2012,169,2100,13.32,0,0,1.5345,0,2.984
102,2012,169,2200,13.35,0,0,2.7606,0,2.978
102,2012,169,2300,13.37,0,0,2.7606,0,2.934
101,2012,169,2400,13.2,0,2036.8,2445,7.91
102,2012,169,2400,13.39,0,0,3.7019,0,2.873
102,2012,170,100,13.4,0,0,4.1847,0,2.824
102,2012,170,200,13.42,0,0,2.9902,0,2.813
102,2012,170,300,13.44,0,0,3.702,0,2.752
102,2012,170,400,13.45,0,0,3.4409,0,2.73
102,2012,170,500,13.46,0,0,3.3933,0,2.697
102,2012,170,600,13.47,0,0,2.6737,0,2.709
102,2012,170,700,13.48,0,0,2.7845,0,2.764
102,2012,170,800,13.48,0,0,6.5343,0,2.99
102,2012,170,900,13.44,0,0,71.659,.217,67.08
102,2012,170,1000,13.38,0,20.877,133.03,.766,164
102,2012,170,1100,13.3,0,216.65,252.63,1,325.6
102,2012,170,1200,13.25,0,595.56,319.28,.983,414.2
102,2012,170,1300,13.22,0,179.3,360.23,.833,326.1
102,2012,170,1400,13.2,0,766.69,378.84,1,573.2
102,2012,170,1500,12.83,0,659.59,274.1,.683,401.9
102,2012,170,1600,12.81,0,257.77,316.79,.9,532.8
102,2012,170,1700,12.81,0,124.52,284.55,.833,522.4
102,2012,170,1800,13.23,0,342.43,129.79,.25,179.6
102,2012,170,1900,13.27,0,103.56,29.695,0,18.13
102,2012,170,2000,13.3,0,4.3056,7.2928,0,12.16
102,2012,170,2100,13.32,0,94.783,1.3368,0,2.978
102,2012,170,2200,13.35,0,0,1.7798,0,2.94
102,2012,170,2300,13.37,0,53.424,2.1831,0,2.956
101,2012,170,2400,12.81,0,3740.6,2595.4,7.46
102,2012,170,2400,13.39,0,321.18,2.5391,0,2.906
102,2012,171,100,13.4,0,0,4.9915,0,2.868
102,2012,171,200,13.42,0,8.7684,3.267,0,2.829
102,2012,171,300,13.43,0,0,3.3777,0,2.736
102,2012,171,400,13.46,0,0,2.9504,0,2.675
102,2012,171,500,13.47,0,0,3.0216,0,2.659
102,2012,171,600,13.47,0,0,2.6975,0,2.648
102,2012,171,700,13.49,113.67,0,3.4491,0,2.648
102,2012,171,800,13.49,238.62,0,7.1829,0,5.506
102,2012,171,900,13.45,66.307,0,59.881,.3,87.6
102,2012,171,1000,13.37,0,112.47,153.58,1,222.7
102,2012,171,1100,13.31,0,49.136,247.26,1,315.4
102,2012,171,1200,13.29,0,210.3,301.17,.966,312
102,2012,171,1300,13.27,0,263.3,340.6,.933,387.6
102,2012,171,1400,13.23,0,25.846,395.48,.966,512.8
102,2012,171,1500,13.22,0,427.77,337.26,.75,444
102,2012,171,1600,13.22,0,302.17,223.89,.6,237
102,2012,171,1700,13.26,0,0,149.13,.117,75.6
102,2012,171,1800,13.28,0,159.88,108.64,.1,57.04
102,2012,171,1900,13.3,0,8.2025,63.404,.45,123.9
102,2012,171,2000,13.32,0,0,14.925,.15,39.04
102,2012,171,2100,13.34,0,65.098,2.2702,0,2.747
102,2012,171,2200,13.37,0,0,3.1402,0,2.664
102,2012,171,2300,13.39,0,72.336,3.2351,0,2.647
101,2012,171,2400,13.22,418.59,1767.4,2437.8,7.33
102,2012,171,2400,13.41,0,62.095,2.9742,0,2.647
102,2012,172,100,13.42,0,0,3.9788,0,2.647
102,2012,172,200,13.44,0,0,4.224,0,2.648
102,2012,172,300,13.46,0,0,2.9504,0,2.648
102,2012,172,400,13.47,78.236,0,2.9583,0,2.648
102,2012,172,500,13.49,58.104,0,2.5393,0,2.648
102,2012,172,600,13.49,31.619,0,2.6738,0,2.648
102,2012,172,700,13.51,0,0,2.8161,0,2.648
102,2012,172,800,13.51,0,0,7.4199,0,7.55
102,2012,172,900,13.49,0,0,54.771,.217,83.3
102,2012,172,1000,13.4,143,890.87,155.71,1,228.5
102,2012,172,1100,13.31,0,1572.7,259,1,340.7
102,2012,172,1200,13.26,0,1335.4,329.94,1,468.7
102,2012,172,1300,13.22,0,833.93,355.16,.983,557.3
102,2012,172,1400,13.2,0,268.95,358.22,.85,550.9
102,2012,172,1500,13.2,0,532.99,298.83,.7,486.9
102,2012,172,1600,13.22,0,592.77,224.74,.616,234
102,2012,172,1700,13.23,0,1456.6,297,.766,497.6
102,2012,172,1800,13.25,0,883.29,121.82,.383,179.3
102,2012,172,1900,13.28,0,447.68,85.682,.516,254.1
102,2012,172,2000,13.3,0,36.706,14.103,.183,48.93
102,2012,172,2100,13.34,0,66.866,1.843,0,2.785
102,2012,172,2200,13.37,0,49.528,2.9346,0,2.724
102,2012,172,2300,13.39,0,0,4.5801,0,2.669
101,2012,172,2400,13.2,310.96,9050.8,2597.1,8.21
102,2012,172,2400,13.42,0,82.54,3.2196,0,2.669
102,2012,173,100,13.43,0,0,5.0863,0,2.653
102,2012,173,200,13.45,0,0,3.5042,0,2.648
102,2012,173,300,13.46,0,0,3.3933,0,2.648
102,2012,173,400,13.47,0,0,3.0534,0,2.648
102,2012,173,500,13.49,0,0,3.2434,0,2.648
102,2012,173,600,13.51,0,0,3.1009,0,2.648
102,2012,173,700,13.51,0,0,2.7133,0,2.648
102,2012,173,800,13.52,6.6367,0,5.7902,0,3.023
102,2012,173,900,13.52,0,156.5,26.649,0,17.83
102,2012,173,1000,13.45,0,567.83,97.836,.117,41.78
102,2012,173,1100,13.35,0,475.18,222.24,.916,242.6
102,2012,173,1200,13.27,0,458.4,329.32,1,478.5
102,2012,173,1300,13.24,0,789.03,365.35,1,610.6
102,2012,173,1400,13.22,0,1370.2,399.16,1,655.7
102,2012,173,1500,13.21,0,459.65,185.88,.2,102
102,2012,173,1600,13.25,0,27.426,156.82,0,26.32
102,2012,173,1700,13.25,0,127.34,230.15,.983,357.9
102,2012,173,1800,13.27,0,134.71,142.68,.683,277.7
102,2012,173,1900,13.29,0,152.82,135.18,1,489.2
102,2012,173,2000,13.3,0,398.35,18.295,.283,76.7
102,2012,173,2100,13.34,0,179.73,2.0724,0,2.713
102,2012,173,2200,13.37,0,0,3.164,0,2.68
102,2012,173,2300,13.39,0,0,2.5787,0,2.664
101,2012,173,2400,13.21,6.6367,5297.1,2349.5,7.18
102,2012,173,2400,13.41,0,0,2.2386,0,2.658
102,2012,174,100,13.42,0,0,4.0739,0,2.647
102,2012,174,200,13.44,0,0,2.7053,0,2.648
102,2012,174,300,13.44,0,0,2.1357,0,2.648
102,2012,174,400,13.45,0,0,1.4713,0,2.648
102,2012,174,500,13.46,0,0,1.7085,0,2.648
102,2012,174,600,13.46,0,0,2.0724,0,2.648
102,2012,174,700,13.47,0,0,1.0915,0,2.648
102,2012,174,800,13.47,0,0,2.3809,0,2.648
102,2012,174,900,13.47,0,756.62,18.707,0,2.653
102,2012,174,1000,13.43,0,1140.6,78.189,.067,27.68
102,2012,174,1100,13.34,0,2531.8,178.88,.383,136
102,2012,174,1200,13.25,0,942.71,305.65,1,405.5
102,2012,174,1300,13.18,0,3328.7,342.2,.95,526.9
102,2012,174,1400,13.2,0,2879.3,301.61,.65,396.4
102,2012,174,1500,13.2,0,2754.4,179.11,.133,61.71
102,2012,174,1600,13.22,0,1629.9,231,.716,340.6
102,2012,174,1700,13.22,0,1909.3,289.47,1,587.3
102,2012,174,1800,13.23,0,1676.1,160.45,.5,241
102,2012,174,1900,13.25,0,1538.9,90.524,.65,172.7
102,2012,174,2000,13.27,0,999.15,10.939,0,21.25
102,2012,174,2100,13.3,0,58.19,1.5108,0,2.73
102,2012,174,2200,13.33,0,0,2.4916,0,2.697
102,2012,174,2300,13.35,0,0,2.6735,0,2.664
101,2012,174,2400,13.18,0,22146,2213.1,6.048
102,2012,174,2400,13.37,0,0,2.0407,0,2.68
102,2012,175,100,13.39,0,0,2.3889,0,2.697
102,2012,175,200,13.4,0,127.1,2.0408,0,2.752
102,2012,175,300,13.41,0,0,2.6421,0,2.658
102,2012,175,400,13.42,0,0,2.0804,0,2.647
102,2012,175,500,13.42,0,258.49,2.286,0,2.647
102,2012,175,600,13.43,0,499.12,2.1595,0,2.659
102,2012,175,700,13.43,0,158.71,1.1786,0,2.653
102,2012,175,800,13.44,0,403.24,3.2748,0,2.659
102,2012,175,900,13.42,0,1548,21.104,0,3.15
102,2012,175,1000,12.78,0,266.4,40.602,0,3.282
102,2012,175,1100,12.74,0,224.54,72.327,0,11.79
102,2012,175,1200,12.74,0,.37019,145.15,.05,31.79
102,2012,175,1300,12.75,0,0,132.07,0,4.897
102,2012,175,1400,12.75,0,0,163.62,0,9.12
102,2012,175,1500,12.76,0,0,208.87,.117,64.41
102,2012,175,1600,12.77,0,0,150.58,.033,47.04
102,2012,175,1700,12.77,0,0,118.54,0,36.17
102,2012,175,1800,12.77,0,0,68.924,0,10.59
102,2012,175,1900,13.28,0,0,16.404,0,2.956
102,2012,175,2000,13.3,0,0,2.3334,0,2.89
102,2012,175,2100,13.35,0,0,.1582,0,2.78
102,2012,175,2200,13.36,0,0,.46668,0,2.791
102,2012,175,2300,13.37,58.492,0,.29266,0,2.471
101,2012,175,2400,12.74,58.492,3486,1159.6,.2
102,2012,175,2400,13.39,0,0,.10283,0,2.316
102,2012,176,100,13.41,0,0,.6328,0,2.316
102,2012,176,200,13.42,0,625.82,1.5741,0,2.283
102,2012,176,300,13.44,0,131.63,1.5029,0,2.311
102,2012,176,400,13.44,0,2680.5,.98874,0,2.317
102,2012,176,500,13.45,0,2018.9,1.2419,0,2.317
102,2012,176,600,13.45,0,4591.4,1.3605,0,2.317
102,2012,176,700,13.46,0,1636.1,2.5944,0,2.317
102,2012,176,800,13.46,0,1031.7,6.1063,0,2.3
102,2012,176,900,13.45,0,683.87,41.337,0,5.301
102,2012,176,1000,13.44,0,1668.1,52.885,0,6.553
102,2012,176,1100,13.4,0,1232.5,157.64,.117,48.11
102,2012,176,1200,13.38,0,1417.7,180.23,.017,30.24
102,2012,176,1300,13.37,0,1172.6,191.01,0,6.739
102,2012,176,1400,13.35,0,1473.4,211.7,0,9.29
102,2012,176,1500,13.32,0,133.28,232.8,.183,86.3
102,2012,176,1600,13.3,0,142.8,235.5,.616,245.9
102,2012,176,1700,13.3,0,89.885,98.877,.05,24.46
102,2012,176,1800,13.32,0,4.4323,28.846,0,19.2
102,2012,176,1900,13.35,0,2104.6,11.683,0,4.572
102,2012,176,2000,13.39,0,1240.9,6.2011,0,2.873
102,2012,176,2100,13.41,0,155.91,4.4297,0,2.791
102,2012,176,2200,13.43,0,0,4.659,0,2.769
102,2012,176,2300,13.44,0,0,3.5199,0,2.708
101,2012,176,2400,13.3,0,24236,1479.5,.983
102,2012,176,2400,13.46,0,0,2.2147,0,2.697
102,2012,177,100,13.46,0,0,2.3729,0,2.659
102,2012,177,200,13.46,0,0,2.7842,0,2.681
102,2012,177,300,13.46,0,0,2.9187,0,2.697
102,2012,177,400,13.47,0,0,3.0611,0,2.769
102,2012,177,500,13.47,0,0,1.8667,0,2.725
102,2012,177,600,13.47,0,0,1.5978,0,2.72
102,2012,177,700,13.47,0,0,2.1278,0,2.764
102,2012,177,800,13.47,0,0,2.5866,0,2.78
102,2012,177,900,13.48,0,0,16.675,0,2.835
102,2012,177,1000,13.47,0,0,21.579,0,3.144
102,2012,177,1100,13.46,0,0,37.445,0,4.165
102,2012,177,1200,13.44,0,0,96.097,0,23.96
102,2012,177,1300,13.32,0,129.78,289.26,.533,241.4
102,2012,177,1400,13.26,0,308.68,361.52,1,466.5
102,2012,177,1500,13.22,0,626.16,359.94,1,634.1
102,2012,177,1600,13.21,0,451.34,346.37,1,729
102,2012,177,1700,13.22,0,17.753,294.59,1,684.8
102,2012,177,1800,13.24,0,0,197.1,1,505.2
102,2012,177,1900,13.26,0,0,109.34,1,307.7
102,2012,177,2000,13.29,31.093,0,11.912,.067,28.9
102,2012,177,2100,13.33,0,0,1.6848,0,2.879
102,2012,177,2200,13.37,0,0,2.6418,0,2.78
102,2012,177,2300,13.39,0,0,3.5436,0,2.802
101,2012,177,2400,13.21,31.093,1533.7,2172.2,6.597
102,2012,177,2400,13.4,0,0,3.2274,0,2.702
102,2012,178,100,13.43,0,0,3.6625,0,2.675
102,2012,178,200,13.43,0,0,2.2782,0,2.659
102,2012,178,300,13.44,0,0,2.4047,0,2.659
102,2012,178,400,13.45,0,0,3.2194,0,2.648
102,2012,178,500,13.46,0,0,2.5074,0,2.648
102,2012,178,600,13.47,0,0,2.9664,0,2.653
102,2012,178,700,13.47,0,0,1.6532,0,2.681
102,2012,178,800,13.47,0,0,2.5787,0,2.67
102,2012,178,900,13.47,0,0,8.7088,0,2.907
102,2012,178,1000,13.48,0,0,35.78,0,4.32
102,2012,178,1100,13.46,0,0,91.714,0,8.6
102,2012,178,1200,13.44,0,0,85.317,0,15.83
102,2012,178,1300,13.4,0,0,106.7,0,8.38
102,2012,178,1400,13.39,0,0,108.36,0,4.401
102,2012,178,1500,13.36,0,0,149.66,0,13.63
102,2012,178,1600,13.3,0,3.9745,328.89,.966,407.8
102,2012,178,1700,13.3,0,0,196.28,.883,200.7
102,2012,178,1800,13.3,0,0,186.69,.85,419.8
102,2012,178,1900,13.31,0,0,115.56,.683,313
102,2012,178,2000,13.33,0,0,8.4709,0,18.64
102,2012,178,2100,13.37,0,0,2.9424,0,2.796
102,2012,178,2200,13.4,0,0,3.6544,0,2.73
102,2012,178,2300,13.42,0,0,3.0296,0,2.675
101,2012,178,2400,13.3,0,3.9745,1456.4,3.382
102,2012,178,2400,13.45,0,0,3.3776,0,2.653
102,2012,179,100,13.46,0,0,2.4679,0,2.648
102,2012,179,200,13.48,0,712.83,3.9237,0,2.648
102,2012,179,300,13.49,90.197,757.59,2.832,0,2.648
102,2012,179,400,13.5,22.703,1577.2,2.3652,0,2.648
102,2012,179,500,13.51,43.246,2380.4,2.3098,0,2.648
102,2012,179,600,13.51,0,765.43,3.1088,0,2.648
102,2012,179,700,13.51,0,0,2.6421,0,2.659
102,2012,179,800,13.52,0,0,6.0039,0,4.894
102,2012,179,900,13.49,0,0,46.386,.233,84.7
102,2012,179,1000,13.41,6.2336,12.967,145.84,1,236.7
102,2012,179,1100,13.32,0,0,227.43,.983,344.8
102,2012,179,1200,13.25,0,.20459,306.67,1,495.5
102,2012,179,1300,13.23,0,208.15,335.03,.916,608.3
102,2012,179,1400,13.23,0,216.1,249.91,.417,283.4
102,2012,179,1500,13.22,0,202.48,226.26,.5,279.8
102,2012,179,1600,13.24,0,54.005,159.27,.217,146
102,2012,179,1700,13.27,63.29,0,37.794,0,16.38
102,2012,179,1800,13.32,27.224,0,52.379,0,27.73
102,2012,179,1900,13.36,0,0,10.299,0,3.166
102,2012,179,2000,13.4,0,229.8,6.9926,0,2.912
102,2012,179,2100,13.42,0,0,3.0375,0,2.934
102,2012,179,2200,13.44,0,121.38,3.0691,0,2.901
102,2012,179,2300,13.44,0,2228.6,2.6341,0,2.857
101,2012,179,2400,13.22,252.89,9758.2,1841.1,5.265
102,2012,179,2400,13.46,0,291.1,2.4046,0,2.83
102,2012,180,100,13.45,0,1052.5,2.3967,0,2.775
102,2012,180,200,13.46,0,2277.9,1.8035,0,2.813
102,2012,180,300,13.46,0,4373.9,2.0645,0,2.741
102,2012,180,400,13.47,0,2182.7,2.7684,0,2.758
102,2012,180,500,13.47,0,2320.8,3.1165,0,2.769
102,2012,180,600,13.49,0,1428.9,2.9902,0,2.72
102,2012,180,700,13.49,0,490.64,3.5598,0,2.786
102,2012,180,800,13.51,0,0,6.0911,0,5.12
102,2012,180,900,13.47,0,0,60.927,.516,119.6
102,2012,180,1000,13.38,0,0,158.84,1,249.1
102,2012,180,1100,13.33,0,0,215.73,1,309.4
102,2012,180,1200,13.25,0,123.27,310.32,.966,454.4
102,2012,180,1300,13.25,0,527.71,324.36,.783,346.6
102,2012,180,1400,13.24,0,399.14,282.69,.583,408.4
102,2012,180,1500,12.92,0,499.08,287.41,.766,473.8
102,2012,180,1600,13.22,0,650.5,350.95,.85,625.9
102,2012,180,1700,13.24,0,54.767,258.81,.75,514.5
102,2012,180,1800,13.26,0,1.9387,236.74,1,588.1
102,2012,180,1900,13.3,0,0,123.12,1,371.8
102,2012,180,2000,13.32,0,0,19.086,.233,62.21
102,2012,180,2100,13.35,0,0,1.9696,0,2.895
102,2012,180,2200,13.38,0,0,3.1244,0,2.873
102,2012,180,2300,13.4,0,0,2.7765,0,2.796
101,2012,180,2400,12.92,0,16420,2663.8,9.45
102,2012,180,2400,13.42,0,36.387,2.199,0,2.802
102,2012,181,100,13.42,0,125.07,3.7337,0,2.691
102,2012,181,200,13.45,0,0,4.1607,0,2.659
102,2012,181,300,13.47,0,84.1,3.0453,0,2.648
102,2012,181,400,13.48,0,32.45,3.2512,0,2.648
102,2012,181,500,13.5,0,0,2.7925,0,2.648
102,2012,181,600,13.51,0,0,3.1563,0,2.648
102,2012,181,700,13.52,116.01,0,3.6466,0,2.703
102,2012,181,800,12.91,412.68,0,3.2907,0,2.714
102,2012,181,900,13.5,.52999,0,26.729,0,2.896
102,2012,181,1000,13.47,0,0,64.082,0,7.39
102,2012,181,1100,13.37,0,439.21,204.25,.733,270.2
102,2012,181,1200,13.28,0,943.65,322.92,1,516.3
102,2012,181,1300,13.24,0,1373.3,367.22,1,664.5
102,2012,181,1400,13.21,0,1528.2,380.27,1,676.3
102,2012,181,1500,13.2,0,1111.9,351.03,.916,535
102,2012,181,1600,13.21,0,514.88,286.86,.866,370.7
102,2012,181,1700,13.23,0,9.6945,222.74,1,261.1
102,2012,181,1800,13.25,0,0,154.95,1,215
102,2012,181,1900,13.27,0,0,69.585,.483,129.6
102,2012,181,2000,13.3,0,7.316,13.763,.083,35
102,2012,181,2100,13.34,0,0,1.3922,0,2.978
102,2012,181,2200,13.37,0,0,1.4791,0,2.84
102,2012,181,2300,13.39,0,0,1.9062,0,2.785
101,2012,181,2400,12.91,529.22,6169.7,2498.9,8.08
102,2012,181,2400,13.4,0,0,2.6815,0,2.747
102,2012,182,100,13.42,0,43.539,3.0139,0,2.664
102,2012,182,200,13.44,0,494.18,3.8997,0,2.653
102,2012,182,300,13.45,0,1624,2.1594,0,2.648
102,2012,182,400,13.44,0,595.89,2.7605,0,2.648
102,2012,182,500,13.44,0,250.3,2.389,0,2.648
102,2012,182,600,13.46,0,2170.2,1.7957,0,2.648
102,2012,182,700,13.45,0,2345.7,1.9065,0,2.648
102,2012,182,800,13.45,0,540.46,4.0898,0,2.648
102,2012,182,900,13.43,0,355.52,48.173,.267,66.61
102,2012,182,1000,12.79,0,8.4169,154.35,1,262.8
102,2012,182,1100,12.75,0,54.153,249.47,1,375.7
102,2012,182,1200,12.75,0,533.3,317.87,1,515.5
102,2012,182,1300,12.77,0,915.3,354.27,1,671.6
102,2012,182,1400,12.78,0,942.79,364.3,1,721
102,2012,182,1500,12.78,0,793.42,360.98,1,733
102,2012,182,1600,12.79,0,538.81,328.78,.983,635.4
102,2012,182,1700,13.13,0,135.5,213.48,.65,385.3
102,2012,182,1800,13.19,0,0,202.46,1,510.5
102,2012,182,1900,13.22,0,0,119.18,1,372.2
102,2012,182,2000,13.24,0,0,12.269,.117,34.91
102,2012,182,2100,13.29,0,0,1.0758,0,2.675
102,2012,182,2200,13.33,0,0,1.8747,0,2.647
102,2012,182,2300,13.35,0,0,2.4046,0,2.647
101,2012,182,2400,12.75,0,14007,2756.4,10.01
102,2012,182,2400,13.39,0,1665.8,3.4803,0,2.647
102,2012,183,100,13.4,0,55.065,4.1055,0,2.647
102,2012,183,200,13.42,0,0,4.3664,0,2.648
102,2012,183,300,13.43,0,64.024,2.9504,0,2.648
102,2012,183,400,13.45,0,6.4979,4.8251,0,2.648
102,2012,183,500,13.46,0,282.59,2.2229,0,2.648
102,2012,183,600,13.48,0,0,2.2782,0,2.648
102,2012,183,700,13.49,0,0,2.6895,0,2.648
102,2012,183,800,13.5,0,0,8.8754,0,8.09
102,2012,183,900,13.47,0,15.987,63.52,.6,120.6
102,2012,183,1000,13.39,0,5.0756,153.36,1,256.7
102,2012,183,1100,13.32,0,71.242,192.87,1,299.4
102,2012,183,1200,13.25,0,789.37,301.72,1,498.3
102,2012,183,1300,13.22,0,976.19,338.17,.983,573
102,2012,183,1400,13.19,0,1171.3,369.89,1,607.5
102,2012,183,1500,13.19,0,581.4,309.77,.916,437
102,2012,183,1600,13.2,0,347.2,288.93,1,466.3
102,2012,183,1700,13.21,0,32.436,246.17,1,431.9
102,2012,183,1800,13.24,0,0,207.87,1,520.2
102,2012,183,1900,13.25,0,0,103.7,.983,317.7
102,2012,183,2000,13.27,0,0,9.3497,.1,27.44
102,2012,183,2100,13.31,0,0,3.069,0,2.978
102,2012,183,2200,13.34,0,0,2.6815,0,2.978
102,2012,183,2300,13.37,0,0,3.2825,0,2.956
101,2012,183,2400,13.19,0,4405.6,2630.5,10.58
102,2012,183,2400,13.39,0,7.2578,3.7968,0,2.89
102,2012,184,100,13.41,0,0,4.7383,0,2.84
102,2012,184,200,13.43,0,0,3.8127,0,2.78
102,2012,184,300,13.44,0,178.97,3.7493,0,2.769
102,2012,184,400,13.45,0,0,3.156,0,2.736
102,2012,184,500,13.45,0,0,1.6611,0,2.664
102,2012,184,600,13.48,0,0,2.0884,0,2.654
102,2012,184,700,13.49,590.01,232.28,2.5867,0,2.648
102,2012,184,800,13.49,684.62,521.62,4.9203,0,3.067
102,2012,184,900,13.48,3.441,2157.7,38.326,.117,60.26
102,2012,184,1000,13.43,0,1181.1,94.441,.117,61.93
102,2012,184,1100,13.33,0,175.59,190.58,.616,225.6
102,2012,184,1200,13.27,0,481.52,283.74,1,416.5
102,2012,184,1300,13.23,0,744.61,299.97,.816,469.8
102,2012,184,1400,13.21,0,1040.3,355.06,.966,618.2
102,2012,184,1500,13.19,0,945.91,372.16,.983,719
102,2012,184,1600,13.18,0,413.04,286.52,.866,580.5
102,2012,184,1700,13.2,0,30.302,296.8,1,746
102,2012,184,1800,13.22,0,0,211.36,.966,618.5
102,2012,184,1900,13.25,0,0,115.28,.933,410.8
102,2012,184,2000,13.27,0,0,21.808,.35,82.1
102,2012,184,2100,13.31,0,0,1.9063,0,2.978
102,2012,184,2200,13.34,0,0,3.0612,0,2.967
102,2012,184,2300,13.37,0,0,3.3537,0,2.929
101,2012,184,2400,13.18,1278.1,8103,2605.1,8.73
102,2012,184,2400,13.39,0,0,3.9786,0,2.796
102,2012,185,100,13.4,0,0,4.0895,0,2.752
102,2012,185,200,13.42,0,.81835,5.0072,0,2.697
102,2012,185,300,13.44,0,22.806,3.9866,0,2.659
102,2012,185,400,13.46,0,0,2.8714,0,2.648
102,2012,185,500,13.47,0,0,4.2164,0,2.648
102,2012,185,600,13.49,0,0,4.2717,0,2.648
102,2012,185,700,13.5,168.48,134.86,3.3857,0,2.648
102,2012,185,800,13.51,221.1,0,6.8344,0,9.19
102,2012,185,900,13.49,0,0,48.134,.383,88
102,2012,185,1000,13.41,0,0,152.63,1,257.9
102,2012,185,1100,13.32,0,17.506,238.4,1,357.2
102,2012,185,1200,13.25,0,455.72,298.23,1,457.6
102,2012,185,1300,12.85,0,870.15,338.81,1,592.7
102,2012,185,1400,13.2,0,892.38,357.41,1,610.1
102,2012,185,1500,13.19,0,772.76,335.73,.866,608.6
102,2012,185,1600,13.19,0,451.04,334.89,.933,691.9
102,2012,185,1700,13.19,0,77.561,294.93,.966,723
102,2012,185,1800,13.22,0,0,226.23,.933,651
102,2012,185,1900,13.25,0,0,111.95,.883,389.1
102,2012,185,2000,13.27,0,0,10.584,.067,32.07
102,2012,185,2100,13.31,0,0,2.1515,0,2.912
102,2012,185,2200,13.35,0,0,4.6115,0,2.835
102,2012,185,2300,13.38,0,0,4.2477,0,2.835
101,2012,185,2400,12.85,389.58,3695.6,2798.4,10.03
102,2012,185,2400,13.4,0,0,4.7382,0,2.813
102,2012,186,100,13.42,0,649.23,4.7383,0,2.719
102,2012,186,200,13.43,0,1652.6,2.998,0,2.675
102,2012,186,300,13.46,0,493.84,2.903,0,2.648
102,2012,186,400,13.47,0,0,3.1404,0,2.648
102,2012,186,500,13.49,0,0,3.6073,0,2.648
102,2012,186,600,13.5,241.06,279.94,2.9506,0,2.648
102,2012,186,700,13.51,575.77,0,2.2782,0,2.665
102,2012,186,800,13.52,0,104.82,5.3156,0,3.9
102,2012,186,900,13.5,0,1265.1,53.188,.233,69.53
102,2012,186,1000,12.84,252.22,15.724,132.52,.783,200.8
102,2012,186,1100,13.36,0,244.14,200.79,.916,265.9
102,2012,186,1200,13.29,0,446.07,284.82,1,380
102,2012,186,1300,13.25,0,701.55,293.51,.75,375
102,2012,186,1400,13.22,0,628.69,269.26,.65,369.4
102,2012,186,1500,13.22,0,734.52,320.32,.883,515.6
102,2012,186,1600,13.2,0,161.95,254.26,1,386.5
102,2012,186,1700,13.22,0,1.9195,189.06,.666,306.5
102,2012,186,1800,13.25,0,0,97.15,.583,196.5
102,2012,186,1900,13.27,0,0,94.487,.85,262.1
102,2012,186,2000,13.29,0,0,5.355,0,15.05
102,2012,186,2100,13.33,0,0,3.607,0,2.945
102,2012,186,2200,13.37,0,0,3.947,0,2.912
102,2012,186,2300,13.38,0,0,4.121,0,2.818
101,2012,186,2400,12.84,1069,7380.1,2238.8,8.31
102,2012,186,2400,13.4,0,0,4.485,0,2.747
102,2012,187,100,13.42,0,0,4.4456,0,2.658
102,2012,187,200,13.45,0,0,3.9708,0,2.648
102,2012,187,300,13.46,0,0,3.6703,0,2.648
102,2012,187,400,13.48,0,0,2.8558,0,2.648
102,2012,187,500,13.48,0,0,2.8716,0,2.648
102,2012,187,600,13.5,0,0,2.5393,0,2.648
102,2012,187,700,13.51,275.03,0,2.6816,0,2.648
102,2012,187,800,13.52,168.31,0,4.1133,0,2.902
102,2012,187,900,13.51,378.43,0,30.422,0,6.907
102,2012,187,1000,13.47,124.23,0,76.834,.017,23.73
102,2012,187,1100,12.8,0,0,130.33,.033,31.19
102,2012,187,1200,13.35,0,.4676,236.62,.516,209
102,2012,187,1300,13.28,0,174.59,306.46,1,449.9
102,2012,187,1400,13.25,0,393.42,300.39,.833,311
102,2012,187,1500,13.22,0,356.06,319.4,.883,384.7
102,2012,187,1600,13.22,0,6.002,275.91,1,397.2
102,2012,187,1700,13.22,0,0,241.42,1,479.2
102,2012,187,1800,13.25,0,0,173.69,.75,280.6
102,2012,187,1900,13.27,0,0,49.716,.083,80.8
102,2012,187,2000,13.3,0,0,18.137,.133,43.02
102,2012,187,2100,13.33,0,0,2.373,0,2.923
102,2012,187,2200,13.37,0,0,3.243,0,2.879
102,2012,187,2300,13.39,0,0,2.9663,0,2.791
101,2012,187,2400,12.8,945.99,930.54,2198.5,6.248
102,2012,187,2400,13.42,0,0,3.4013,0,2.73
102,2012,188,100,13.43,0,0,3.8839,0,2.703
102,2012,188,200,13.44,0,0,3.5279,0,2.681
102,2012,188,300,13.46,0,0,2.5549,0,2.675
102,2012,188,400,13.45,0,182.07,1.9617,0,2.681
102,2012,188,500,13.46,0,0,2.0249,0,2.653
102,2012,188,600,13.47,0,0,3.4569,0,2.648
102,2012,188,700,13.48,0,0,3.2118,0,2.648
102,2012,188,800,13.5,0,0,4.8808,0,3.9
102,2012,188,900,13.49,0,0,33.62,0,41.13
102,2012,188,1000,12.73,0,0,79.613,0,28.56
102,2012,188,1100,12.73,0,0,219.65,.85,298.2
102,2012,188,1200,12.75,0,591.51,291.64,1,437.7
102,2012,188,1300,13.23,0,0,332.98,1,559.6
102,2012,188,1400,13.19,0,0,350.96,1,631
102,2012,188,1500,13.19,0,0,344.7,1,662
102,2012,188,1600,13.19,0,0,334.3,1,694.9
102,2012,188,1700,13.2,0,0,238,.866,518
102,2012,188,1800,13.23,0,0,190.62,.833,473.4
102,2012,188,1900,13.26,0,0,113.96,.933,354.4
102,2012,188,2000,13.28,0,0,12.996,.117,37.43
102,2012,188,2100,13.32,0,2745.5,2.1199,0,2.978
102,2012,188,2200,13.35,0,1668.5,2.7211,0,2.901
102,2012,188,2300,13.37,0,0,3.7888,0,2.824
101,2012,188,2400,12.73,0,5187.6,2580.9,8.6
102,2012,188,2400,13.41,0,0,3.7257,0,2.724
102,2012,189,100,13.43,0,0,4.8569,0,2.692
102,2012,189,200,13.44,0,0,4.0658,0,2.648
102,2012,189,300,13.46,0,0,4.8093,0,2.648
102,2012,189,400,13.48,0,0,2.8241,0,2.648
102,2012,189,500,13.49,0,0,3.275,0,2.648
102,2012,189,600,13.51,0,0,4.1767,0,2.648
102,2012,189,700,13.52,0,0,3.876,0,2.648
102,2012,189,800,13.53,0,0,5.5766,0,4.634
102,2012,189,900,13.51,0,0,54.437,.367,97.1
102,2012,189,1000,13.44,0,0,140.43,1,235.1
102,2012,189,1100,13.34,0,699.46,238.58,1,359.1
102,2012,189,1200,13.31,0,2085.5,222.26,.367,106.5
102,2012,189,1300,13.25,0,0,310.62,.8,386.4
102,2012,189,1400,13.22,0,0,349.68,1,577.7
102,2012,189,1500,13.19,0,0,354.16,1,655.1
102,2012,189,1600,13.19,0,0,319.64,1,641.4
102,2012,189,1700,13.2,0,0,277.43,1,624.8
102,2012,189,1800,13.22,0,0,191.22,1,441.9
102,2012,189,1900,13.24,0,0,95.055,.816,205
102,2012,189,2000,13.26,0,0,3.5202,0,3.932
102,2012,189,2100,13.3,0,0,.27684,0,2.989
102,2012,189,2200,13.32,0,3482.2,1.5108,0,2.945
102,2012,189,2300,13.36,0,520.57,2.634,0,2.818
101,2012,189,2400,13.19,0,6787.7,2597.7,9.35
102,2012,189,2400,13.39,0,0,2.8238,0,2.758
102,2012,190,100,13.4,0,0,2.5312,0,2.719
102,2012,190,200,13.42,0,0,4.5247,0,2.658
102,2012,190,300,13.4,0,0,3.2906,0,2.648
102,2012,190,400,13.44,0,0,3.9155,0,2.648
102,2012,190,500,13.45,0,0,4.2402,0,2.648
102,2012,190,600,13.47,0,0,3.1405,0,2.648
102,2012,190,700,13.49,0,0,3.3856,0,2.648
102,2012,190,800,13.49,0,0,6.518,0,4.055
102,2012,190,900,13.47,0,0,52.389,.233,81.1
102,2012,190,1000,13.39,0,0,134.79,1,211.7
102,2012,190,1100,13.31,0,1044.5,216.47,1,323.4
102,2012,190,1200,13.26,0,1815.8,278.47,1,428.4
102,2012,190,1300,13.21,0,0,314.93,1,513.7
102,2012,190,1400,13.19,0,0,334.02,1,535.4
102,2012,190,1500,13.16,0,0,333.53,1,603.8
102,2012,190,1600,13.16,0,0,319.59,1,584.1
102,2012,190,1700,13.17,0,0,229.9,1,432.5
102,2012,190,1800,13.2,0,0,114.97,.65,238.5
102,2012,190,1900,13.23,0,0,56.72,.333,119
102,2012,190,2000,13.25,0,0,10.307,0,18.25
102,2012,190,2100,13.29,0,0,1.748,0,2.978
102,2012,190,2200,13.32,0,2201.1,2.2228,0,2.973
102,2012,190,2300,13.34,0,0,2.7448,0,2.884
101,2012,190,2400,13.16,0,5061.4,2437.5,9.21
102,2012,190,2400,13.37,0,0,3.1797,0,2.774
102,2012,191,100,13.39,0,0,3.9311,0,2.735
102,2012,191,200,13.4,0,0,3.2114,0,2.675
102,2012,191,300,13.42,0,0,2.7211,0,2.653
102,2012,191,400,13.44,0,0,3.3143,0,2.648
102,2012,191,500,13.46,0,0,3.2274,0,2.648
102,2012,191,600,13.47,0,0,2.0885,0,2.648
102,2012,191,700,13.49,263.11,0,2.302,0,2.648
102,2012,191,800,13.49,436.09,0,5.3158,0,4.231
102,2012,191,900,13.46,512.35,0,51.181,.15,78
102,2012,191,1000,13.39,0,0,131.91,1,210
102,2012,191,1100,13.31,0,752.92,212.34,1,317
102,2012,191,1200,13.25,0,1578,268.99,1,392.5
102,2012,191,1300,13.21,0,0,288.26,.933,430.1
102,2012,191,1400,13.18,0,0,310.13,.9,442.8
102,2012,191,1500,13.19,0,0,298.05,.85,406.5
102,2012,191,1600,13.18,0,0,289.58,1,474.4
102,2012,191,1700,13.19,0,0,168.41,.833,271.3
102,2012,191,1800,13.22,0,0,166.86,1,376.2
102,2012,191,1900,13.23,0,0,42.915,.25,91.9
102,2012,191,2000,12.84,0,1401.6,7.9102,0,12.47
102,2012,191,2100,12.76,0,49.14,2.6974,0,2.978
102,2012,191,2200,12.75,0,0,2.6735,0,2.978
102,2012,191,2300,12.75,0,0,3.4644,0,2.951
101,2012,191,2400,12.74,1211.5,3781.7,2274.9,8.91
102,2012,191,2400,12.74,0,0,3.417,0,2.796
102,2012,192,100,12.73,0,0,4.1211,0,2.702
102,2012,192,200,12.73,0,0,3.963,0,2.647
102,2012,192,300,12.72,0,0,4.137,0,2.648
102,2012,192,400,12.71,0,0,2.8001,0,2.648
102,2012,192,500,12.71,209.67,0,2.1832,0,2.648
102,2012,192,600,12.71,1040.4,0,3.6785,0,2.648
102,2012,192,700,12.7,0,0,2.8874,0,2.648
102,2012,192,800,12.7,1411.9,0,2.658,0,2.648
102,2012,192,900,12.7,1044.7,0,20.093,0,4.165
102,2012,192,1000,12.7,448.96,0,54.322,.033,20.6
102,2012,192,1100,12.71,0,0,185.51,1,233.6
102,2012,192,1200,12.73,0,1076.7,193.81,.3,88.3
102,2012,192,1300,12.75,0,1587.9,278.54,.716,240.3
102,2012,192,1400,12.76,0,0,320.61,.866,395.8
102,2012,192,1500,12.78,0,0,240.04,.65,323.8
102,2012,192,1600,12.78,0,0,322.8,1,605.6
102,2012,192,1700,12.79,0,0,277.8,1,586.5
102,2012,192,1800,12.78,0,0,162.96,.633,298.2
102,2012,192,1900,12.78,0,0,53.373,.217,103.1
102,2012,192,2000,12.77,0,0,13.542,0,27.1
102,2012,192,2100,12.75,0,2243.8,1.7876,0,2.978
102,2012,192,2200,12.75,0,1928.1,2.1437,0,2.934
102,2012,192,2300,13.32,0,0,1.7955,0,2.868
101,2012,192,2400,12.7,4155.6,6836.6,2158.1,6.414
102,2012,192,2400,13.33,0,0,2.5865,0,2.807
102,2012,193,100,13.35,0,0,3.6621,0,2.791
102,2012,193,200,13.37,0,0,3.8916,0,2.818
102,2012,193,300,13.37,0,0,2.1199,0,2.736
102,2012,193,400,13.4,0,0,3.3539,0,2.758
102,2012,193,500,13.42,0,0,3.0928,0,2.725
102,2012,193,600,13.45,0,0,2.0172,0,2.681
102,2012,193,700,13.47,123.3,0,2.0726,0,2.742
102,2012,193,800,13.49,0,723.02,4.3903,0,4.287
102,2012,193,900,13.47,0,0,47.408,.283,86.9
102,2012,193,1000,13.4,0,0,136.09,1,231.8
102,2012,193,1100,13.31,0,1263.4,222.31,1,357.1
102,2012,193,1200,13.24,0,130.66,284.62,1,462.2
102,2012,193,1300,13.2,0,0,321.88,1,554.9
102,2012,193,1400,13.18,0,0,321.68,.866,497.5
102,2012,193,1500,13.17,0,0,328.03,.883,540.7
102,2012,193,1600,13.16,0,0,305.11,.933,560.6
102,2012,193,1700,13.18,0,0,173.57,.5,325.1
102,2012,193,1800,13.22,0,0,137.52,.633,360.6
102,2012,193,1900,13.23,0,0,112.85,1,360.4
102,2012,193,2000,13.26,0,0,9.0337,.017,17.38
102,2012,193,2100,13.3,0,2577,1.4871,0,3.006
102,2012,193,2200,13.34,0,27.814,2.5075,0,2.89
102,2012,193,2300,13.36,0,0,2.2701,0,2.829
101,2012,193,2400,13.16,123.3,4721.8,2434,9.11
102,2012,193,2400,13.38,0,0,3.0056,0,2.818
102,2012,194,100,13.4,0,0,2.8633,0,2.818
102,2012,194,200,13.42,0,0,2.7843,0,2.818
102,2012,194,300,13.43,0,431.37,2.3098,0,2.736
102,2012,194,400,13.44,0,0,2.8635,0,2.791
102,2012,194,500,13.44,0,0,1.5425,0,2.747
102,2012,194,600,13.44,0,0,1.3764,0,2.802
102,2012,194,700,13.45,0,0,1.5029,0,2.752
102,2012,194,800,13.46,0,602.15,4.3583,0,2.758
102,2012,194,900,13.44,0,0,25.976,0,8.67
102,2012,194,1000,13.4,0,0,84.543,.3,79
102,2012,194,1100,13.33,0,1777.4,193.26,1,268.4
102,2012,194,1200,13.28,0,0,244.4,.65,237.1
102,2012,194,1300,13.27,0,0,240.1,.25,117.5