,2247.6,.783,493.5,2107.7,2272,2181.4
101,2016,282,1200,12.12,4841,1704,.333,188.6,1506.3,1651.8,1593.5
101,2016,282,1300,12.14,4841,1134.3,.017,23.9,1044.7,1104.9,1083.4
101,2016,282,1400,12.13,4841,1693.3,.217,71,1536.1,1634.6,1602.6
101,2016,282,1500,12.14,4841,2938,.783,488.5,2646.4,2759.4,2746.1
101,2016,282,1600,12.14,4841,2586.1,1,647,2349.6,2411.3,2432.8
101,2016,282,1700,12.12,4841,1274.7,1,371.9,1126.5,1174.3,1184
101,2016,282,1800,12.08,4841,621.12,.666,185.5,531.56,561.43,562.92
101,2016,282,1900,12.14,4841,151.49,.033,39.61,126.47,136.51,130.06
101,2016,282,2000,12.12,4841,.10797,0,3.353,.01737,.19622,0
101,2016,282,2100,12.11,4841,0,0,3.353,0,0,0
101,2016,282,2200,12.13,4841,0,0,3.353,0,0,0
101,2016,282,2300,12.1,4841,0,0,3.353,0,0,0
101,2016,282,2400,12.12,4841,0,0,3.353,0,0,0
102,2016,282,2400,12.08,4841,17540,6.531,141.2,16096,17001,16657
101,2016,283,100,12.13,4841,0,0,3.353,0,0,0
101,2016,283,200,12.13,4841,0,0,3.353,0,0,0
101,2016,283,300,12.12,4841,0,0,3.353,0,0,0
101,2016,283,400,12.11,4841,0,0,3.353,0,0,0
101,2016,283,500,12.12,4841,0,0,3.353,0,0,0
101,2016,283,600,12.16,4841,0,0,3.353,0,0,0
101,2016,283,700,12.14,4841,1.2597,0,3.353,1.1028,1.398,1.0257
101,2016,283,800,12.12,4841,234.96,.417,117.1,262,265.1,239.15
101,2016,283,900,12.08,4841,1190.2,1,520.3,1277.3,1315.1,1230.7
101,2016,283,1000,12.1,4841,1994.9,1,600.1,1968.2,2078.8,1983.9
101,2016,283,1100,12.11,4841,2795.7,1,690.6,2640.9,2854.1,2733.3
101,2016,283,1200,12.12,4841,3047.5,.766,496.4,2768.1,3038.3,2909.7
101,2016,283,1300,12.1,4841,3104.7,.716,429.5,2768.8,3051.4,2962.5
101,2016,283,1400,12.1,4841,2648.4,.666,385.3,2435.5,2618.1,2560.5
101,2016,283,1500,12.11,4841,3391.4,1,762,3206.8,3292.1,3294.5
101,2016,283,1600,12.09,4841,2688.1,1,695.8,2519.4,2577.8,2609.5
101,2016,283,1700,12.1,4841,2155.4,1,719,1974.8,2034.2,2081.6
101,2016,283,1800,12.12,4841,1111.6,1,545.6,1040.7,1035.1,1081.8
101,2016,283,1900,12.13,4841,317.28,.616,244.9,291,278.18,299.11
101,2016,283,2000,12.12,4841,.04799,0,3.353,0,.12264,0
101,2016,283,2100,12.12,4841,0,0,3.353,0,0,0
101,2016,283,2200,12.13,4841,0,0,3.353,0,0,0
101,2016,283,2300,12.16,4841,0,0,3.353,0,0,0
101,2016,283,2400,12.16,4841,0,0,3.353,0,0,0
102,2016,283,2400,12.08,4841,24681,10.18,260.3,23155,24440,23987
101,2016,284,100,12.14,4841,0,0,3.353,0,.04905,0
101,2016,284,200,12.12,4841,0,0,3.353,0,0,0
101,2016,284,300,12.09,4841,0,0,3.353,0,0,0
101,2016,284,400,12.1,4841,0,0,3.353,0,0,0
101,2016,284,500,12.13,4841,0,0,3.353,0,0,0
101,2016,284,600,12.08,4841,0,0,3.353,.2084,.02453,.07025
101,2016,284,700,12.13,4841,.02399,0,3.353,0,.20848,0
101,2016,284,800,12.12,4841,259.23,.367,80.1,260.7,274.96,263.56
101,2016,284,900,12.11,4841,1057.6,.866,358,1125.9,1149.5,1095
101,2016,284,1000,12.11,4841,2199.6,1,642.6,2183.3,2293.6,2201.6
101,2016,284,1100,12.08,4841,2901.3,1,728,2754.3,2969.8,2853.1
101,2016,284,1200,12.09,4841,3359.6,1,697.3,3095.6,3423,3294.7
101,2016,284,1300,12.11,4841,3398.4,.85,530.4,3068.1,3379.1,3289.9
101,2016,284,1400,12.11,4841,3669.7,1,638.6,3356.1,3583.3,3526.4
101,2016,284,1500,12.1,4841,3071.6,.8,533.2,2812.3,2928.9,2911.4
101,2016,284,1600,12.09,4841,2324.5,.816,524.4,2065.4,2154.9,2175.2
101,2016,284,1700,12.08,4841,2123.8,1,732,1922.6,1978.9,2030.5
101,2016,284,1800,12.12,4841,1149.8,1,584.3,1053.6,1052.1,1105.9
101,2016,284,1900,12.12,4841,220.63,.516,141.7,197.65,194.45,203.63
101,2016,284,2000,12.11,4841,.03599,0,3.353,0,.11037,0
101,2016,284,2100,12.13,4841,0,0,3.353,0,0,0
101,2016,284,2200,12.1,4841,0,0,3.353,0,0,0
101,2016,284,2300,12.1,4841,0,0,3.353,0,0,0
101,2016,284,2400,12.11,4841,0,0,3.353,0,0,0
102,2016,284,2400,12.08,4841,25736,10.21,259.6,23896,25383,24951
101,2016,285,100,12.1,4841,0,0,3.353,0,0,0
101,2016,285,200,12.12,4841,0,0,3.353,0,0,0
101,2016,285,300,12.12,4841,0,0,3.353,0,0,0
101,2016,285,400,12.12,4841,0,0,3.353,0,0,0
101,2016,285,500,12.14,4841,0,0,3.353,0,0,0
101,2016,285,600,12.1,4841,0,0,3.353,0,0,0
101,2016,285,700,12.1,4841,.58185,0,3.353,.62519,1.0424,.35126
101,2016,285,800,12.1,4841,233.95,.3,82.6,248.34,254.78,237.11
101,2016,285,900,12.14,4841,1018.8,1,388.4,1088.1,1112.3,1043.1
101,2016,285,1000,12.16,4841,1979.6,1,576.4,1965.5,2061.5,1968.1
101,2016,285,1100,12.85,4841,2864.5,1,650.3,2746.3,2932.7,2828.1
101,2016,285,1200,12.85,4841,2929.6,.783,423.9,2707.4,2951.9,2844.2
101,2016,285,1300,12.84,4841,2060.8,.367,187.1,1843.6,2013.5,1961.6
101,2016,285,1400,12.85,4841,3668.8,1,658.9,3342.7,3566.6,3505.9
101,2016,285,1500,12.84,4841,3207.7,.95,690.7,2989.4,3081.5,3076.4
101,2016,285,1600,12.84,4841,2774,1,733,2579.4,2635.5,2675.2
101,2016,285,1700,12.84,4841,2000.9,1,693.2,1837.4,1883,1933.2
101,2016,285,1800,12.85,4841,1050,1,529.7,979.47,972.52,1021.1
101,2016,285,1900,12.84,4841,274.77,.566,200.8,255.79,246.73,261.78
101,2016,285,2000,12.84,4841,.27589,0,3.353,.03473,.26976,0
101,2016,285,2100,12.84,4841,0,0,3.353,0,0,0
101,2016,285,2200,12.85,4841,0,0,3.353,0,0,0
101,2016,285,2300,12.86,4841,0,0,3.353,0,0,0
101,2016,285,2400,12.85,4841,0,0,3.353,0,0,0
102,2016,285,2400,12.1,4841,24064,9.96,244,22584,23714,23356
101,2016,286,100,12.86,4841,0,0,3.353,0,0,0
101,2016,286,200,12.86,4841,0,0,3.353,0,0,0
101,2016,286,300,12.85,4841,0,0,3.353,0,0,0
101,2016,286,400,12.85,4841,0,0,3.353,0,0,0
101,2016,286,500,12.85,4841,0,0,3.353,0,0,0
101,2016,286,600,12.85,4841,0,0,3.353,0,0,0
101,2016,286,700,12.85,4841,1.3737,0,3.353,.9812,1.6433,.64631
101,2016,286,800,12.85,4841,283.4,.317,92.5,298.3,304.8,285.49
101,2016,286,900,12.84,4841,1266.5,1,498.6,1351.9,1382.3,1294.8
101,2016,286,1000,12.84,4841,1946.7,1,555.6,1916.1,2019.7,1923.9
101,2016,286,1100,12.84,4841,2628.8,1,609.4,2502.3,2677.8,2578.3
101,2016,286,1200,12.84,4841,3169.1,1,563.5,2914.6,3193.7,3075.9
101,2016,286,1300,12.84,4841,3408.8,1,590.9,3101.7,3394,3289.2
101,2016,286,1400,12.84,4841,3137.5,.833,515.1,2912.8,3085.5,3032.7
101,2016,286,1500,12.84,4841,1776,.45,223,1617.8,1690.2,1665.4
101,2016,286,1600,12.84,4841,2019.9,.7,373.7,1845,1910.4,1910.3
101,2016,286,1700,12.84,4841,983.95,.317,199.3,867.91,918.74,919.15
101,2016,286,1800,12.84,4841,917.13,1,437.2,852.14,851.93,889.35
101,2016,286,1900,12.84,4841,240.32,.483,171,223.34,215.32,227.5
101,2016,286,2000,12.85,4841,.65374,0,3.353,.26914,.69892,.07727
101,2016,286,2100,12.84,4841,0,0,3.353,0,0,0
101,2016,286,2200,12.85,4841,0,0,3.353,0,0,0
101,2016,286,2300,12.84,4841,0,0,3.353,0,0,0
101,2016,286,2400,12.84,4841,0,0,3.353,0,0,0
102,2016,286,2400,12.84,4841,21780,9.1,202.9,20405,21647,21093
101,2016,287,100,12.85,4841,0,0,3.353,0,0,0
101,2016,287,200,12.85,4841,0,0,3.353,0,0,0
101,2016,287,300,12.85,4841,0,0,3.353,0,0,0
101,2016,287,400,12.85,4841,0,0,3.353,0,0,0
101,2016,287,500,12.85,4841,0,0,3.353,0,0,0
101,2016,287,600,12.85,4841,0,0,3.353,0,0,0
101,2016,287,700,12.85,4841,1.3497,0,3.353,1.1896,1.4103,1.2575
101,2016,287,800,12.84,4841,273.33,.3,90.1,287.58,293.32,274.79
101,2016,287,900,12.84,4841,1124.4,.8,370.7,1175.4,1208.2,1141
101,2016,287,1000,12.84,4841,2045.2,1,596.5,2039.2,2138.3,2045.4
101,2016,287,1100,12.84,4841,1788.6,.483,253.7,1664,1780.7,1721.5
101,2016,287,1200,12.84,4841,2022.6,.5,229.9,1852.4,2010.5,1954.3
101,2016,287,1300,12.84,4841,2410.5,.5,232.3,2174,2353.1,2313.5
101,2016,287,1400,12.84,4841,2453.5,.466,233.7,2237,2377.1,2356.2
101,2016,287,1500,12.84,4841,2782.1,1,477,2593.6,2687.8,2703.7
101,2016,287,1600,12.84,4841,2198.2,1,414.9,2026.8,2095.8,2118.9
101,2016,287,1700,12.84,4841,1866.1,1,550.2,1729.6,1773.1,1817.3
101,2016,287,1800,12.84,4841,745.4,.9,293.2,687.69,694.95,714.73
101,2016,287,1900,12.84,4841,212.08,.417,98.5,185.81,189.68,191.78
101,2016,287,2000,12.84,4841,0,0,3.353,0,.04905,0
101,2016,287,2100,12.84,4841,0,0,3.353,0,0,0
101,2016,287,2200,12.84,4841,0,0,3.353,0,0,0
101,2016,287,2300,12.84,4841,0,0,3.353,0,0,0
101,2016,287,2400,12.84,4841,0,0,3.353,0,0,0
102,2016,287,2400,12.84,4841,19923,8.36,161.7,18654,19604,19354
101,2016,288,100,12.84,4841,0,0,3.353,0,0,0
101,2016,288,200,12.84,4841,0,0,3.353,0,0,0
101,2016,288,300,12.85,4841,0,0,3.353,0,0,0
101,2016,288,400,12.85,4841,0,0,3.353,0,0,0
101,2016,288,500,12.85,4841,0,0,3.353,0,0,0
101,2016,288,600,12.84,4841,0,0,3.353,0,0,0
101,2016,288,700,12.84,4841,1.1997,0,3.353,.62519,1.3981,.40746
101,2016,288,800,12.84,4841,314,.533,172.2,362.54,363.98,335.53
101,2016,288,900,12.84,4841,1215.1,1,514.6,1322.6,1345.4,1262.1
101,2016,288,1000,12.84,4841,2142.7,1,643.4,2142.6,2238.7,2142.4
101,2016,288,1100,12.84,4841,2780.6,1,671.7,2660.8,2834.9,2737.7
101,2016,288,1200,12.84,4841,3298.5,1,648.2,3066,3346.4,3243.7
101,2016,288,1300,12.84,4841,2897.3,.666,360.3,2655.8,2874.3,2811.2
101,2016,288,1400,12.84,4841,1176.8,.1,50.01,1076.4,1136.1,1124.3
101,2016,288,1500,12.84,4841,1658.5,.783,250.4,1564.2,1615.8,1619.3
101,2016,288,1600,12.84,4841,2024.5,1,432.9,1942.2,1975.3,2008.7
101,2016,288,1700,12.84,4841,2005.4,1,650.7,1876.8,1917.3,1970.8
101,2016,288,1800,12.84,4841,1045.7,1,522.7,989.84,979.55,1025.8
101,2016,288,1900,12.84,4841,175.71,.317,92,160.39,161.49,161.73
101,2016,288,2000,12.84,4841,.03599,0,3.353,0,.07357,0
101,2016,288,2100,12.84,4841,0,0,3.353,0,0,0
101,2016,288,2200,12.84,4841,0,0,3.353,0,0,0
101,2016,288,2300,12.84,4841,0,0,3.353,0,0,0
101,2016,288,2400,12.84,4841,0,0,3.353,0,0,0
102,2016,288,2400,12.84,4841,20736,9.4,210.4,19821,20791,20444
101,2016,289,100,12.84,4841,0,0,3.353,0,0,0
101,2016,289,200,12.84,4841,0,0,3.353,0,0,0
101,2016,289,300,12.84,4841,0,0,3.353,0,0,0
101,2016,289,400,12.84,4841,0,0,3.353,0,0,0
101,2016,289,500,12.84,4841,0,0,3.353,0,0,0
101,2016,289,600,12.84,4841,0,0,3.353,0,0,0
101,2016,289,700,12.84,4841,3.4911,0,3.364,3.2388,4.0715,2.6555
101,2016,289,800,12.84,4841,197.13,0,23.88,191,199.16,189.6
101,2016,289,900,12.84,4841,429.41,.067,28.34,393.05,414.58,401.12
101,2016,289,1000,12.84,4841,1552.4,.766,324.7,1502,1587,1526.1
101,2016,289,1100,12.84,4841,2608.1,1,573.7,2484.5,2645,2563
101,2016,289,1200,12.84,4841,2823.2,.783,442.1,2606.4,2834.7,2753.7
101,2016,289,1300,12.84,4841,2505.1,.533,277,2247.3,2443.3,2396
101,2016,289,1400,12.84,4841,3193.2,.9,551.6,2970.7,3156.7,3119.4
101,2016,289,1500,12.84,4841,3221.9,1,695.4,3029,3120.2,3127.3
101,2016,289,1600,12.84,4841,2784.7,1,697.5,2603.6,2663.6,2703.8
101,2016,289,1700,12.84,4841,1986.3,1,537.8,1779.9,1856.9,1889.4
101,2016,289,1800,12.84,4841,699.55,.35,132.2,615.18,648.19,647.37
101,2016,289,1900,12.84,4841,164.46,0,11.15,139.05,151.47,143.35
101,2016,289,2000,12.84,4841,.012,0,3.353,0,.03679,0
101,2016,289,2100,12.84,4841,0,0,3.353,0,0,0
101,2016,289,2200,12.84,4841,0,0,3.353,0,0,0
101,2016,289,2300,12.84,4841,0,0,3.353,0,0,0
101,2016,289,2400,12.84,4841,0,0,3.353,0,0,0
102,2016,289,2400,12.84,4841,22169,7.4,180.7,20565,21725,21463
101,2016,290,100,12.84,4841,0,0,3.353,0,0,0
101,2016,290,200,12.84,4841,0,0,3.353,0,0,0
101,2016,290,300,12.84,4841,0,0,3.353,0,0,0
101,2016,290,400,12.84,4841,0,0,3.353,0,0,0
101,2016,290,500,12.84,4841,1.4696,0,3.353,.83359,1.9254,.00703
101,2016,290,600,12.84,4841,0,0,3.353,0,.02453,.18266
101,2016,290,700,12.84,4841,1.8955,0,3.353,1.9885,2.3056,3.077
101,2016,290,800,12.84,4841,84.885,0,3.375,79.573,84.325,85.51
101,2016,290,900,12.84,4841,296.18,0,13.91,283.59,295.92,294.08
101,2016,290,1000,12.84,4841,980.52,.083,58.94,892.58,950.93,924.44
101,2016,290,1100,12.84,4841,2567.7,.833,493.3,2448.6,2615.6,2524.7
101,2016,290,1200,12.84,4841,3338,1,681.5,3104.8,3405.2,3261.7
101,2016,290,1300,12.84,4841,3786.1,1,614,3490.2,3802.3,3687.1
101,2016,290,1400,12.84,4841,3141.3,.816,491.8,2872.6,3056.2,3007.4
101,2016,290,1500,12.84,4841,2185,.733,431.8,2036.4,2095.3,2090.5
101,2016,290,1600,12.84,4841,2244.7,.966,523,2124,2168.8,2198
101,2016,290,1700,12.84,4841,1247.4,.633,301.9,1169.7,1197.2,1214.6
101,2016,290,1800,12.84,4841,397.47,0,29.82,371.48,388.09,382.82
101,2016,290,1900,12.84,4841,101.95,0,4.163,93.721,100.26,93.484
101,2016,290,2000,12.84,4841,0,0,3.353,0,0,0
101,2016,290,2100,12.84,4841,0,0,3.353,0,0,0
101,2016,290,2200,12.84,4841,0,0,3.353,0,0,0
101,2016,290,2300,12.84,4841,0,0,3.353,0,0,0
101,2016,290,2400,12.84,4841,0,0,3.353,0,0,0
102,2016,290,2400,12.84,4841,20375,6.064,153.7,18970,20164,19768
101,2016,291,100,12.84,4841,0,0,3.353,0,0,0
101,2016,291,200,12.84,4841,0,0,3.353,0,0,0
101,2016,291,300,12.84,4841,0,0,3.353,0,0,0
101,2016,291,400,12.84,4841,0,0,3.353,0,0,0
101,2016,291,500,12.84,4841,0,0,3.353,0,0,0
101,2016,291,600,12.84,4841,0,0,3.353,0,0,0
101,2016,291,700,12.84,4841,.63585,0,3.353,.64256,.93204,.36531
101,2016,291,800,12.84,4841,119.74,0,3.353,104.42,113.06,107.24
101,2016,291,900,12.84,4841,402.99,0,3.353,358.72,382.86,370.93
101,2016,291,1000,12.84,4841,1552.5,.666,289.2,1471.4,1559.7,1502.4
101,2016,291,1100,12.84,4841,2858.7,1,707,2770.9,2948.5,2840.9
101,2016,291,1200,12.83,4841,3271,1,604,3129.6,3375.3,3241.9
101,2016,291,1300,12.84,4841,2053.9,.766,192.9,1945.5,2072,2023.6
101,2016,291,1400,12.84,4841,2986.2,.716,376.5,2728.3,2915.2,2844.1
101,2016,291,1500,12.84,4841,2582.1,.933,507.7,2396.9,2478.4,2470.9
101,2016,291,1600,12.83,4841,2559.8,1,504.4,2414.3,2472.9,2498.1
101,2016,291,1700,12.84,4841,748.67,.117,58.89,685.61,718.64,713.33
101,2016,291,1800,12.84,4841,595.22,.367,133.7,541.23,557.27,561.31
101,2016,291,1900,12.84,4841,92.615,0,31.26,92.045,93.19,89.803
101,2016,291,2000,12.84,4841,0,0,3.353,0,0,0
101,2016,291,2100,12.84,4841,0,0,3.353,0,0,0
101,2016,291,2200,12.84,4841,0,0,3.353,0,0,0
101,2016,291,2300,12.84,4841,0,0,3.353,0,0,0
101,2016,291,2400,12.84,4841,0,0,3.353,0,0,0
102,2016,291,2400,12.83,4841,19824,6.564,143.8,18640,19688,19265
101,2016,292,100,12.84,4841,0,0,3.353,0,0,0
101,2016,292,200,12.84,4841,0,0,3.353,0,0,0
101,2016,292,300,12.84,4841,0,0,3.353,0,0,0
101,2016,292,400,12.84,4841,0,0,3.353,0,0,0
101,2016,292,500,12.84,4841,0,0,3.353,0,0,0
101,2016,292,600,12.84,4841,0,0,3.353,0,0,0
101,2016,292,700,12.84,4841,.67783,0,3.353,.52968,.78488,.35828
101,2016,292,800,12.84,4841,140.29,0,8.75,130.12,137.17,131.86
101,2016,292,900,12.84,4841,728.74,.433,131.6,685.59,725.43,695.24
101,2016,292,1000,12.84,4841,1115.5,.25,118.2,1035.4,1097.1,1070.8
101,2016,292,1100,12.84,4841,1191.2,.017,22.39,1052,1133.1,1101.4
101,2016,292,1200,12.84,4841,2647.9,.783,269.6,2411.8,2613.6,2539.2
101,2016,292,1300,12.84,4841,1365.9,.05,41.22,1176.9,1282.8,1244.2
101,2016,292,1400,12.84,4841,1762.1,.283,143,1577.1,1688.4,1647.5
101,2016,292,1500,12.84,4841,1124.2,.083,60.22,1006.1,1067.3,1048.8
101,2016,292,1600,12.84,4841,788.06,.017,22.23,667.1,726.2,704.3
101,2016,292,1700,12.84,4841,1341.2,.7,397.5,1229,1254.9,1276.9
101,2016,292,1800,12.84,4841,241.36,.017,21.25,207.43,222.39,213.02
101,2016,292,1900,12.83,4841,70.389,0,11.55,60.406,64.884,59.725
101,2016,292,2000,12.84,4841,0,0,3.353,0,.02453,0
101,2016,292,2100,12.84,4841,0,0,3.353,0,0,0
101,2016,292,2200,12.84,4841,0,0,3.353,0,0,0
101,2016,292,2300,12.84,4841,0,0,3.353,0,0,0
101,2016,292,2400,12.84,4841,0,0,3.353,0,0,0
102,2016,292,2400,12.83,4841,12518,2.632,53.65,11239,12014,11733
101,2016,293,100,12.84,4841,0,0,3.353,0,0,0
101,2016,293,200,12.84,4841,0,0,3.353,0,0,0
101,2016,293,300,12.84,4841,0,0,3.353,0,0,0
101,2016,293,400,12.84,4841,0,0,3.353,0,0,0
101,2016,293,500,12.84,4841,0,0,3.353,0,0,0
101,2016,293,600,12.84,4841,0,0,3.353,0,0,0
101,2016,293,700,12.84,4841,4.169,0,3.353,3.5775,4.3536,3.1192
101,2016,293,800,12.84,4841,462.95,.583,202.8,545.57,539.33,510.01
101,2016,293,900,12.83,4841,1441.3,1,503.8,1579.2,1589.3,1517.1
101,2016,293,1000,12.83,4841,2129.1,1,651.5,2173.5,2251.7,2169.5
101,2016,293,1100,12.83,4841,2791.7,1,689.5,2701.8,2890.5,2782.2
101,2016,293,1200,12.84,4841,2685.5,.75,484.6,2536.2,2748.6,2651.8
101,2016,293,1300,12.83,4841,3247,.783,468.5,2960.1,3217.6,3125
101,2016,293,1400,12.83,4841,2580.9,.75,451.9,2372.8,2535.8,2490.3
101,2016,293,1500,12.83,4841,3379.5,1,752,3198.6,3287.1,3285
101,2016,293,1600,12.83,4841,1295,.433,252,1196.7,1237.4,1236.4
101,2016,293,1700,12.83,4841,849.52,.35,146.2,803.9,823.91,828.61
101,2016,293,1800,12.83,4841,306.33,.267,97.7,286.93,288.24,292.09
101,2016,293,1900,12.83,4841,257.94,.417,120.2,246.97,242.17,250.53
101,2016,293,2000,12.83,4841,.08996,0,3.353,0,.12262,0
101,2016,293,2100,12.83,4841,0,0,3.353,0,0,0
101,2016,293,2200,12.83,4841,0,0,3.353,0,0,0
101,2016,293,2300,12.83,4841,0,0,3.353,0,0,0
101,2016,293,2400,12.83,4841,0,0,3.353,0,0,0
102,2016,293,2400,12.83,4841,21431,8.33,202.5,20606,21656,21142
101,2016,294,100,12.83,4841,0,0,3.353,0,0,0
101,2016,294,200,12.83,4841,0,0,3.353,0,0,0
101,2016,294,300,12.83,4841,0,0,3.353,0,0,0
101,2016,294,400,12.83,4841,0,0,3.353,0,0,0
101,2016,294,500,12.83,4841,0,0,3.353,0,0,0
101,2016,294,600,12.83,4841,0,0,3.353,0,0,0
101,2016,294,700,12.83,4841,4.5589,0,3.398,4.1419,5.0894,3.2175
101,2016,294,800,12.83,4841,202.94,0,35.69,204.74,212,201.38
101,2016,294,900,12.83,4841,539.14,0,17,484.83,516.34,502.61
101,2016,294,1000,12.82,4841,1940.1,.8,469.4,1905.3,1994.4,1927.1
101,2016,294,1100,12.82,4841,2634.4,1,622.4,2549.4,2716.3,2618.5
101,2016,294,1200,12.82,4841,2208.3,.583,349.1,2055.2,2218.4,2137.8
101,2016,294,1300,12.82,4841,708.54,.033,34.69,666.87,698.04,684.91
101,2016,294,1400,12.82,4841,2040.1,.433,263.1,1905.1,2011.3,1989.7
101,2016,294,1500,12.83,4841,2952.2,.883,543.9,2788.7,2893,2891.4
101,2016,294,1600,12.82,4841,1500.5,.516,311.5,1404.9,1447.6,1462.1
101,2016,294,1700,12.82,4841,1863.4,1,632.1,1766.2,1779.2,1838.6
101,2016,294,1800,12.83,4841,1026.3,1,524.3,996.58,967.56,1023.1
101,2016,294,1900,12.83,4841,152.14,.383,90.2,142.96,139.03,141.21
101,2016,294,2000,12.83,4841,0,0,3.353,0,.01226,0
101,2016,294,2100,12.83,4841,0,0,3.353,0,0,0
101,2016,294,2200,12.83,4841,0,0,3.353,0,0,0
101,2016,294,2300,12.83,4841,0,0,3.353,0,0,0
101,2016,294,2400,12.83,4841,0,0,3.353,0,0,0
102,2016,294,2400,12.82,4841,17773,6.631,163.9,16875,17598,17422
101,2016,295,100,12.84,4841,0,0,3.353,0,0,0
101,2016,295,200,12.84,4841,0,0,3.353,0,0,0
101,2016,295,300,12.84,4841,0,0,3.353,0,0,0
101,2016,295,400,12.84,4841,0,0,3.353,0,0,0
101,2016,295,500,12.84,4841,0,0,3.353,0,0,0
101,2016,295,600,12.83,4841,0,0,3.353,0,0,0
101,2016,295,700,12.83,4841,.58786,0,3.353,.46021,.73583,.39341
101,2016,295,800,12.83,4841,221.98,.283,89.8,249.32,251.68,231.84
101,2016,295,900,12.83,4841,443.52,.1,54.66,396.9,426.25,405.66
101,2016,295,1000,12.83,4841,384.8,0,3.442,295.19,334.92,320.03
101,2016,295,1100,12.83,4841,1055.6,.217,87.8,1012.6,1071.2,1061.4
101,2016,295,1200,12.83,4841,2075.7,.3,91.6,1899.9,2019.3,1984.6
101,2016,295,1300,12.83,4841,2698.1,.716,205.7,2516.2,2688.9,2642.7
101,2016,295,1400,12.83,4841,3367.7,.866,494.5,3177.3,3350.1,3313.6
101,2016,295,1500,12.82,4841,2865.3,.75,440.1,2655.1,2763.2,2743.2
101,2016,295,1600,12.83,4841,1496.4,.65,247,1399.9,1436.4,1453
101,2016,295,1700,12.82,4841,1795.7,.983,400.1,1671.6,1713.4,1742.1
101,2016,295,1800,12.83,4841,539.77,.017,32.91,465.35,499.27,484.13
101,2016,295,1900,12.83,4841,195.66,0,17.81,153.3,172.37,161.66
101,2016,295,2000,12.83,4841,.04799,0,3.353,0,.22075,0
101,2016,295,2100,12.83,4841,0,0,3.353,0,0,0
101,2016,295,2200,12.83,4841,0,0,3.353,0,0,0
101,2016,295,2300,12.83,4841,0,0,3.353,0,0,0
101,2016,295,2400,12.83,4841,0,0,3.353,0,0,0
102,2016,295,2400,12.82,4841,17141,4.881,91.9,15893,16728,16544
101,2016,296,100,12.83,4841,0,0,3.353,0,0,0
101,2016,296,200,12.83,4841,0,0,3.353,0,0,0
101,2016,296,300,12.83,4841,0,0,3.353,0,0,0
101,2016,296,400,12.83,4841,0,0,3.353,0,0,0
101,2016,296,500,12.83,4841,0,0,3.353,0,0,0
101,2016,296,600,12.83,4841,0,0,3.353,0,0,0
101,2016,296,700,12.83,4841,3.5571,0,3.353,3.8553,4.0961,3.2175
101,2016,296,800,12.83,4841,358.33,.65,227.7,467.21,450.51,412.7
101,2016,296,900,12.83,4841,1229.8,1,553,1423.5,1418,1343.5
101,2016,296,1000,12.83,4841,2127.7,1,663.3,2202.8,2276,2191.4
101,2016,296,1100,12.83,4841,2855.3,1,720,2803.5,2970,2866.1
101,2016,296,1200,12.83,4841,3333.9,1,702,3177.5,3452.7,3320.9
101,2016,296,1300,12.83,4841,3365.8,.816,563.1,3166.2,3417.5,3327.2
101,2016,296,1400,12.83,4841,3364.7,.783,573.2,3167.7,3338.5,3282.5
101,2016,296,1500,12.83,4841,1321.9,.217,152.1,1235.4,1289.3,1269.1
101,2016,296,1600,12.83,4841,228.59,0,8.35,242.31,243.75,237.75
101,2016,296,1700,12.83,4841,759.18,.367,159.3,755.41,753.93,769.26
101,2016,296,1800,12.83,4841,971.4,.85,311,921.98,925.97,943.24
101,2016,296,1900,12.83,4841,275.65,.65,169,273.79,262.82,272.37
101,2016,296,2000,12.83,4841,.03599,0,3.353,0,.09811,0
101,2016,296,2100,12.83,4841,0,0,3.353,0,0,0
101,2016,296,2200,12.83,4841,0,0,3.353,0,0,0
101,2016,296,2300,12.83,4841,0,0,3.353,0,0,0
101,2016,296,2400,12.83,4841,0,0,3.353,0,0,0
102,2016,296,2400,12.83,4841,20196,8.33,201.8,19841,20803,20239
101,2016,297,100,12.83,4841,0,0,3.353,0,0,0
101,2016,297,200,12.83,4841,0,0,3.353,0,0,0
101,2016,297,300,12.83,4841,0,0,3.353,0,0,0
101,2016,297,400,12.83,4841,0,0,3.353,0,0,0
101,2016,297,500,12.83,4841,0,0,3.353,0,0,0
101,2016,297,600,12.83,4841,0,0,3.353,0,0,0
101,2016,297,700,12.83,4841,1.8355,0,3.353,1.4935,2.2933,1.0116
101,2016,297,800,12.83,4841,192.74,.15,41.64,204.85,208.51,196.97
101,2016,297,900,12.83,4841,646.1,.367,112,620.84,650.96,622.2
101,2016,297,1000,12.83,4841,2028.6,1,441.6,1984.8,2072.3,2000.4
101,2016,297,1100,12.83,4841,1865.7,.566,194,1728.8,1840.2,1780
101,2016,297,1200,12.83,4841,2481.6,.583,259.9,2300.9,2466.6,2369.3
101,2016,297,1300,12.83,4841,3631.8,1,701,3379.1,3664.3,3549.7
101,2016,297,1400,12.83,4841,3625.4,1,646,3437.6,3623.7,3562.7
101,2016,297,1500,12.83,4841,1290.4,.183,131.7,1229.9,1277.8,1258.6
101,2016,297,1600,12.83,4841,1705.2,.5,288.8,1581.2,1631.1,1646.1
101,2016,297,1700,12.83,4841,1971.7,.866,494.4,1800,1851.3,1882.7
101,2016,297,1800,12.83,4841,453.11,.167,81.3,421.72,435.49,431.06
101,2016,297,1900,12.84,4841,180.06,.133,36.16,160.35,168.31,164.15
101,2016,297,2000,12.83,4841,.012,0,3.353,0,.04906,0
101,2016,297,2100,12.83,4841,0,0,3.353,0,0,0
101,2016,297,2200,12.83,4841,0,0,3.353,0,0,0
101,2016,297,2300,12.84,4841,0,0,3.353,0,0,0
101,2016,297,2400,12.84,4841,0,0,3.353,0,0,0
102,2016,297,2400,12.83,4841,20074,6.514,144.5,18852,19893,19465
101,2016,298,100,12.84,4841,0,0,3.353,0,0,0
101,2016,298,200,12.83,4841,0,0,3.353,0,0,0
101,2016,298,300,12.84,4841,0,0,3.353,0,0,0
101,2016,298,400,12.83,4841,0,0,3.353,0,0,0
101,2016,298,500,12.83,4841,0,0,3.353,0,0,0
101,2016,298,600,12.83,4841,0,0,3.353,0,0,0
101,2016,298,700,12.83,4841,1.2777,0,3.353,1.1201,1.6433,.51986
101,2016,298,800,12.83,4841,110.8,0,3.353,92.528,101.87,95.767
101,2016,298,900,12.83,4841,482.58,.017,30.34,428.45,460.45,442.58
101,2016,298,1000,12.82,4841,1497.8,.766,370.2,1529,1580.5,1533.4
101,2016,298,1100,12.82,4841,2914.1,1,713,2846.9,3010,2911
101,2016,298,1200,12.82,4841,3338.4,1,699.3,3168.2,3436.1,3309
101,2016,298,1300,12.83,4841,3594,1,697.5,3362,3645.5,3537.6
101,2016,298,1400,12.83,4841,3530.7,.933,664.8,3322,3507.8,3449.1
101,2016,298,1500,12.83,4841,1701,.3,166.9,1615.4,1677.6,1658.4
101,2016,298,1600,12.83,4841,1123.6,.317,107.2,1002,1057,1042.1
101,2016,298,1700,12.83,4841,373.62,.067,31.06,297.98,331.26,317.25
101,2016,298,1800,12.82,4841,93.175,0,5.437,79.859,88.948,81.822
101,2016,298,1900,12.83,4841,36.747,0,3.353,36.843,38.189,34.395
101,2016,298,2000,12.83,4841,0,0,3.353,0,.03679,0
101,2016,298,2100,12.83,4841,0,0,3.353,0,0,0
101,2016,298,2200,12.83,4841,0,0,3.353,0,0,0
101,2016,298,2300,12.83,4841,0,0,3.353,0,0,0
101,2016,298,2400,12.83,4841,0,0,3.353,0,0,0
102,2016,298,2400,12.82,4841,18798,5.398,147.2,17782,18937,18413
101,2016,299,100,12.83,4841,0,0,3.353,0,0,0
101,2016,299,200,12.83,4841,0,0,3.353,0,0,0
101,2016,299,300,12.83,4841,0,0,3.353,0,0,0
101,2016,299,400,12.83,4841,0,0,3.353,0,0,0
101,2016,299,500,12.83,4841,0,0,3.353,0,0,0
101,2016,299,600,12.83,4841,0,0,3.353,0,0,0
101,2016,299,700,12.83,4841,3.4311,0,3.353,3.5688,4.0102,2.782
101,2016,299,800,12.83,4841,366.83,.75,216.2,483.97,465.75,433.05
101,2016,299,900,12.83,4841,1241.2,1,537.7,1452,1438.1,1359.9
101,2016,299,1000,12.83,4841,2144.7,1,669.5,2239.1,2298.6,2213.8
101,2016,299,1100,12.82,4841,2780,1,664.8,2757.3,2895.4,2803.5
101,2016,299,1200,12.82,4841,3209.6,1,652.6,3040.9,3293.3,3185
101,2016,299,1300,12.82,4841,3627.4,.983,648.5,3366.1,3637.3,3545
101,2016,299,1400,12.82,4841,2908.9,.733,478.6,2751.5,2895.6,2855.9
101,2016,299,1500,12.82,4841,2937.1,.833,566,2849.4,2891.8,2892.4
101,2016,299,1600,12.83,4841,1500.8,.3,210,1378.7,1421.9,1407.7
101,2016,299,1700,12.83,4841,279.23,0,5.063,238.86,265.32,253.21
101,2016,299,1800,12.83,4841,75.325,0,3.353,80.551,81.591,79.415
101,2016,299,1900,12.83,4841,32.382,0,3.353,31.663,37.276,37.762
101,2016,299,2000,12.82,4841,0,0,3.353,.26916,.90744,.0281
101,2016,299,2100,12.82,4841,0,0,3.353,0,0,0
101,2016,299,2200,12.82,4841,0,0,3.353,0,0,0
101,2016,299,2300,12.82,4841,0,0,3.353,0,0,0
101,2016,299,2400,12.82,4841,0,0,3.353,0,0,0
102,2016,299,2400,12.82,4841,21107,7.6,195.7,20674,21627,21070
101,2016,300,100,12.82,4841,0,0,3.353,0,0,0
101,2016,300,200,12.82,4841,0,0,3.353,0,0,0
101,2016,300,300,12.82,4841,0,0,3.353,0,0,0
101,2016,300,400,12.82,4841,0,0,3.353,0,0,0
101,2016,300,500,12.82,4841,0,0,3.353,0,0,0
101,2016,300,600,12.82,4841,0,0,3.353,0,0,0
101,2016,300,700,12.82,4841,4.025,0,3.353,3.8033,4.2555,3.2246
101,2016,300,800,12.82,4841,171.39,0,3.565,160.21,168.92,160.35
101,2016,300,900,12.82,4841,775.87,.383,86.6,739.07,775.24,742.51
101,2016,300,1000,12.82,4841,1621,1,293.1,1610.6,1667.5,1611.6
101,2016,300,1100,12.82,4841,2218,1,347.1,2119.7,2231.4,2166.9
101,2016,300,1200,12.82,4841,3374.6,1,540.6,3115.9,3378.7,3253.7
101,2016,300,1300,12.82,4841,3694.1,1,636.2,3419.2,3712.8,3603.3
101,2016,300,1400,12.82,4841,3024.4,.85,435.4,2864,3035.1,2984.6
101,2016,300,1500,12.82,4841,1040.8,.133,50.29,957.86,1014.5,993.69
101,2016,300,1600,12.82,4841,597.51,.1,29.32,552.09,581.27,564.98
101,2016,300,1700,12.82,4841,700.39,.167,80,687.52,701.08,701.1
101,2016,300,1800,12.82,4841,526.29,.25,83.3,508.05,517.46,516.16
101,2016,300,1900,12.82,4841,155.43,0,27.1,150.88,154.5,149.94
101,2016,300,2000,12.84,4841,0,0,3.353,0,.02452,0
101,2016,300,2100,12.84,4841,0,0,3.353,0,0,0
101,2016,300,2200,12.84,4841,0,0,3.353,0,0,0
101,2016,300,2300,12.84,4841,0,0,3.353,0,0,0
101,2016,300,2400,12.83,4841,0,0,3.353,0,0,0
102,2016,300,2400,12.82,4841,17904,5.881,110.5,16889,17943,17452
101,2016,301,100,12.84,4841,0,0,3.353,0,0,0
101,2016,301,200,12.84,4841,0,0,3.353,0,0,0
101,2016,301,300,12.84,4841,0,0,3.353,0,0,0
101,2016,301,400,12.84,4841,0,0,3.353,0,0,0
101,2016,301,500,12.84,4841,0,0,3.353,0,0,0
101,2016,301,600,12.84,4841,0,0,3.353,0,0,0
101,2016,301,700,12.84,4841,.4139,0,3.353,.56441,.69903,.30911
101,2016,301,800,12.84,4841,107.17,0,7.1,98.016,103.53,99.174
101,2016,301,900,12.83,4841,598.39,.117,79.9,578.93,602.88,581.85
101,2016,301,1000,12.83,4841,1227.1,.183,133.5,1168.8,1226,1200.6
101,2016,301,1100,12.83,4841,2870.7,1,702,2891.7,2996.5,2926.1
101,2016,301,1200,12.83,4841,3194.7,.983,652.1,3076.2,3290.6,3196.9
101,2016,301,1300,12.83,4841,2965.2,.666,388.5,2769.9,2965.4,2895.3
101,2016,301,1400,12.84,4841,1701.1,.2,120.8,1518.9,1632,1588
101,2016,301,1500,12.83,4841,967.77,.167,121.2,861.59,916.18,894.22
101,2016,301,1600,12.83,4841,182.42,0,3.476,186.83,191.52,185.28
101,2016,301,1700,12.83,4841,136.21,0,3.353,143.4,144.72,149.57
101,2016,301,1800,12.83,4841,48.744,0,3.353,57.353,56.904,57.705
101,2016,301,1900,12.83,4841,8.6679,0,3.353,9.9684,10.841,8.9993
101,2016,301,2000,12.83,4841,0,0,3.353,0,.07358,0
101,2016,301,2100,12.83,4841,0,0,3.353,0,0,0
101,2016,301,2200,12.84,4841,0,0,3.353,0,0,0
101,2016,301,2300,12.84,4841,0,0,3.353,0,0,0
101,2016,301,2400,12.84,4841,0,0,3.353,0,0,0
102,2016,301,2400,12.83,4841,14009,3.315,94.1,13362,14138,13784
101,2016,302,100,12.83,4841,0,0,3.353,0,0,0
101,2016,302,200,12.83,4841,0,0,3.353,0,0,0
101,2016,302,300,12.83,4841,0,0,3.353,0,0,0
101,2016,302,400,12.83,4841,0,0,3.353,0,0,0
101,2016,302,500,12.83,4841,0,0,3.353,0,0,0
101,2016,302,600,12.84,4841,0,0,3.353,0,0,0
101,2016,302,700,12.83,4841,1.4996,0,3.353,1.4588,1.7169,1.0889
101,2016,302,800,12.83,4841,146.54,0,3.644,127.06,136.71,129.87
101,2016,302,900,12.17,4841,983.67,.65,249.1,1009.7,1034.2,989.12
101,2016,302,1000,12.14,4841,2098.3,1,555.5,2172.9,2227.9,2155.4
101,2016,302,1100,12.05,4841,1866.7,1,354.4,1863.6,1933.3,1880.2
101,2016,302,1200,12.01,4841,2563.9,1,423,2423.9,2593.5,2519
101,2016,302,1300,11.96,4841,3198,.833,462.2,2972.3,3209.7,3125.8
101,2016,302,1400,11.95,4841,3829.2,.95,582.6,3540.8,3763.8,3704.2
101,2016,302,1500,12,4841,2453.9,.95,503.7,2367.8,2409.4,2416.5
101,2016,302,1600,12,4841,1395.8,.333,240,1322.9,1359,1355.1
101,2016,302,1700,12.04,4841,1346,.666,329.6,1300.8,1318.6,1350.7
101,2016,302,1800,12.04,4841,451.11,0,44.84,419.49,435.19,434.73
101,2016,302,1900,12.04,4841,154.07,0,18.63,145.24,150.01,142.81
101,2016,302,2000,12.03,4841,.06598,0,3.353,.01737,.14717,0
101,2016,302,2100,12.02,4841,0,0,3.353,0,0,0
101,2016,302,2200,12.02,4841,0,0,3.353,0,0,0
101,2016,302,2300,12.02,4841,0,0,3.353,0,0,0
101,2016,302,2400,12.02,4841,0,0,3.353,0,0,0
102,2016,302,2400,11.95,4841,20489,7.38,158.6,19668,20573,20205
101,2016,303,100,12.02,4841,.22794,0,3.353,.07815,.39244,0
101,2016,303,200,12.02,4841,.11397,0,3.353,.09552,.51508,.06323
101,2016,303,300,12.02,4841,0,0,3.353,0,.06132,1.2083
101,2016,303,400,12.02,4841,0,0,3.353,.85963,1.4839,2.9997
101,2016,303,500,12.02,4841,0,0,3.353,0,.2698,.29505
101,2016,303,600,12.01,4841,0,0,3.353,0,.46601,.13348
101,2016,303,700,12,4841,2.2434,0,3.353,1.9798,2.5018,1.4331
101,2016,303,800,12,4841,277.04,.5,128.3,345.13,336.13,315.9
101,2016,303,900,11.99,4841,1197.7,.983,435.4,1355.8,1346.9,1291.3
101,2016,303,1000,11.98,4841,2154.3,1,686.7,2305.8,2347.2,2266.8
101,2016,303,1100,11.98,4841,2886.6,.95,677.7,2949.3,3072.3,2982
101,2016,303,1200,11.98,4841,2074.6,.45,281.8,2015.9,2125.3,2063.8
101,2016,303,1300,11.98,4841,2488.8,.5,342.3,2345.6,2513.2,2451.4
101,2016,303,1400,11.98,4841,3102.6,.8,558.8,2972.1,3127.2,3080.3
101,2016,303,1500,11.98,4841,2523,.633,503.7,2446.9,2495.7,2490.8
101,2016,303,1600,11.98,4841,2765.8,.95,742,2742.2,2720.7,2778
101,2016,303,1700,11.97,4841,1073.9,.417,247.7,1022.4,1040.2,1047.1
101,2016,303,1800,11.96,4841,563.24,.433,214.1,554.56,544.51,557.94
101,2016,303,1900,11.97,4841,221.46,.516,141.3,237.34,220.37,231.88
101,2016,303,2000,11.97,4841,0,0,3.353,0,.01226,0
101,2016,303,2100,11.97,4841,0,0,3.353,0,0,0
101,2016,303,2200,11.96,4841,0,0,3.353,0,0,0
101,2016,303,2300,11.96,4841,0,0,3.353,0,0,0
101,2016,303,2400,11.96,4841,0,0,3.353,0,0,0
102,2016,303,2400,11.96,4841,21332,8.13,208.3,21296,21895,21563
101,2016,304,100,11.96,4841,0,0,3.353,0,0,0
101,2016,304,200,11.96,4841,0,0,3.353,0,0,0
101,2016,304,300,11.95,4841,0,0,3.353,0,0,0
101,2016,304,400,11.95,4841,0,0,3.353,0,0,0
101,2016,304,500,11.93,4841,0,0,3.353,0,0,0
101,2016,304,600,11.94,4841,0,0,3.353,0,0,0
101,2016,304,700,11.93,4841,1.8236,0,3.364,1.9016,2.3546,1.2645
101,2016,304,800,11.94,4841,351.36,.583,185.4,456.11,440.28,412.61
101,2016,304,900,11.93,4841,748.19,.583,213.3,815.87,820.77,784.02
101,2016,304,1000,11.93,4841,2061.6,1,556.1,2128.6,2186.3,2113.6
101,2016,304,1100,11.94,4841,1780,.65,225.9,1676.4,1786.6,1727.3
101,2016,304,1200,11.93,4841,2220.8,.716,231.8,2109.8,2240,2179.9
101,2016,304,1300,11.93,4841,1624.5,.283,104.4,1511.9,1612.9,1578.7
101,2016,304,1400,11.94,4841,389.43,0,19.89,398.52,400.54,395.78
101,2016,304,1500,11.93,4841,1338.5,.417,128.5,1202.9,1269.5,1260.1
101,2016,304,1600,11.93,4841,2468.8,.85,464.8,2364.8,2404.4,2437.7
101,2016,304,1700,11.93,4841,388.58,0,8.26,402.46,403.93,398.83
101,2016,304,1800,11.59,4841,434.55,.233,69.67,413.05,420.59,418.33
101,2016,304,1900,11.49,4841,209.52,.417,117.5,216.26,204.06,209.39
101,2016,304,2000,11.56,4841,0,0,3.353,0,0,0
101,2016,304,2100,11.58,4841,0,0,3.353,0,0,0
101,2016,304,2200,11.74,4841,0,0,3.353,0,0,0
101,2016,304,2300,11.73,4841,0,0,3.353,0,0,0
101,2016,304,2400,11.74,4841,0,0,3.353,0,0,0
102,2016,304,2400,11.49,4841,14018,5.731,98.6,13699,14192,13917
101,2016,305,100,11.75,4841,0,0,3.353,0,0,0
101,2016,305,200,11.73,4841,0,0,3.353,0,0,0
101,2016,305,300,11.68,4841,0,0,3.353,0,0,0
101,2016,305,400,11.69,4841,0,0,3.353,0,0,0
101,2016,305,500,11.67,4841,0,0,3.353,0,0,0
101,2016,305,600,11.68,4841,0,0,3.353,0,0,0
101,2016,305,700,11.67,4841,3.1312,0,3.375,2.6657,3.5932,2.1848
101,2016,305,800,11.67,4841,322.57,.65,196.9,441.41,420.86,394.71
101,2016,305,900,12.84,0,57.339,.033,614.6,64.316,64.751,62.158
101,2016,305,1000,12.83,0,2166.4,1,653.1,2302,2349.5,2263.7
101,2016,305,1100,12.45,0,2632.7,1,646.9,2650.8,2758,2668.6
101,2016,305,1200,12.65,0,3064.5,.85,570.9,2956,3144.7,3053.7
101,2016,305,1300,12.69,0,2603,.516,361.5,2449.2,2595.2,2538
101,2016,305,1400,12.71,0,3112.2,.816,545.1,2976.5,3123.8,3098.6
101,2016,305,1500,12.71,0,2747.4,.75,568.8,2711.8,2750.3,2767.6
101,2016,305,1600,12.69,0,1884.6,.55,382.5,1832.1,1840.1,1861.4
101,2016,305,1700,12.55,0,1328.5,.45,281.2,1262.5,1283.5,1291.9
101,2016,305,1800,12.5,0,467.36,.233,81.3,457.18,464.56,469.17
101,2016,305,1900,12.75,0,94.374,.067,42.07,98.206,96.453,91.502
101,2016,305,2000,12.75,0,0,0,3.353,0,0,0
101,2016,305,2100,12.74,0,0,0,3.353,0,0,0
101,2016,305,2200,12.75,0,0,0,3.353,0,0,0
101,2016,305,2300,12.74,0,0,0,3.353,0,0,0
101,2016,305,2400,12.74,4841,0,0,3.353,0,0,0
102,2016,305,2400,12.45,4841,20158,6.264,277.4,19760,20471,20166
101,2016,306,100,12.74,4841,0,0,3.353,0,0,0
101,2016,306,200,12.74,4841,0,0,3.353,0,0,0
101,2016,306,300,12.74,4841,0,0,3.353,0,0,0
101,2016,306,400,12.74,4841,0,0,3.353,0,0,0
101,2016,306,500,12.74,4841,0,0,3.353,0,0,0
101,2016,306,600,12.74,4841,0,0,3.353,0,0,0
101,2016,306,700,12.74,4841,4.3129,0,3.364,4.2287,4.9054,3.6812
101,2016,306,800,12.73,4841,263.17,.033,39.74,263.95,272.72,259.14
101,2016,306,900,12.71,4841,791.55,.233,92.6,775.46,804.19,774.75
101,2016,306,1000,12.71,4841,2013.9,.966,447.1,2128.4,2162.1,2100.5
101,2016,306,1100,12.73,4841,2849.8,1,702,2901.6,3012.6,2914.2
101,2016,306,1200,12.74,4841,2478.4,.716,417.6,2380.6,2538.4,2451.8
101,2016,306,1300,12.74,4841,960.33,.033,25.63,859.95,919.85,895.46
101,2016,306,1400,12.74,4841,728.57,.05,30.09,664.65,701.68,686.88
101,2016,306,1500,12.74,4841,755.07,.017,21.41,696.66,734.9,722.76
101,2016,306,1600,12.74,4841,215.83,0,3.856,210.14,218.49,212.01
101,2016,306,1700,12.74,4841,427.46,0,3.353,386.14,409.32,397.07
101,2016,306,1800,12.74,4841,370.89,0,3.498,320.87,348.68,333.06
101,2016,306,1900,12.74,4841,124.57,0,5.951,113.31,121.09,114.17
101,2016,306,2000,12.74,4841,0,0,3.353,0,0,0
101,2016,306,2100,12.74,4841,0,0,3.353,0,0,0
101,2016,306,2200,12.74,4841,0,0,3.353,0,0,0
101,2016,306,2300,12.74,4841,0,0,3.353,0,0,0
101,2016,306,2400,12.74,4841,0,0,3.353,0,0,0
102,2016,306,2400,12.71,4841,11984,3.049,76.4,11706,12249,11865
101,2016,307,100,12.74,4841,0,0,3.353,0,0,0
101,2016,307,200,12.74,4841,0,0,3.353,0,0,0
101,2016,307,300,12.74,4841,0,0,3.353,0,0,0
101,2016,307,400,12.74,4841,0,0,3.353,.01737,.24527,.80789
101,2016,307,500,12.74,4841,0,0,3.353,.19103,.07358,.15455
101,2016,307,600,12.74,4841,0,0,3.353,.65124,2.1339,2.0443
101,2016,307,700,12.74,4841,.07198,0,3.353,.49494,1.0915,2.2972
101,2016,307,800,12.74,4841,38.39,0,3.37,34.324,38.054,36.278
101,2016,307,900,12.74,4841,288.44,0,3.353,252.79,273.75,270
101,2016,307,1000,12.74,4841,266.18,0,5.817,241.2,256.01,251.79
101,2016,307,1100,12.74,4841,568.78,0,5.264,450.97,503.71,485.46
101,2016,307,1200,12.74,4841,867.84,0,10.82,777.54,831.84,811.83
101,2016,307,1300,12.74,4841,2374.6,.267,113.8,2236.5,2363.2,2324.6
101,2016,307,1400,12.74,4841,642.08,0,12.08,553.97,598.52,583.78
101,2016,307,1500,12.74,4841,701.16,0,3.353,576.99,634.89,614.7
101,2016,307,1600,12.74,4841,1976.5,.866,396.6,1904,1929.5,1956.6
101,2016,307,1700,12.74,4841,1758.9,1,538.9,1752,1738.5,1792.1
101,2016,307,1800,12.74,4841,971.89,.816,328.5,965.11,949.86,977.67
101,2016,307,1900,12.75,4841,128.09,0,4.482,113.07,122.56,116.04
101,2016,307,2000,12.74,4841,2.3634,0,3.353,1.042,1.7782,0
101,2016,307,2100,12.74,4841,0,0,3.353,.52099,1.3735,2.4026
101,2016,307,2200,12.74,4841,0,0,3.353,.28654,2.6367,2.6134
101,2016,307,2300,12.74,4841,0,0,3.353,.40811,1.0424,.66036
101,2016,307,2400,12.74,4841,0,0,3.353,0,0,0
102,2016,307,2400,12.74,4841,10585,2.949,61.11,9862.2,10251,10232
101,2016,308,100,12.74,4841,0,0,3.353,.60782,0,.01405
101,2016,308,200,12.73,4841,0,0,3.353,0,0,0
101,2016,308,300,12.74,4841,0,0,3.353,0,0,0
101,2016,308,400,12.74,4841,0,0,3.353,0,0,0
101,2016,308,500,12.74,4841,0,0,3.353,0,0,0
101,2016,308,600,12.74,4841,0,0,3.353,0,0,0
101,2016,308,700,12.74,4841,0,0,3.353,0,.15943,.01405
101,2016,308,800,12.74,4841,76.685,0,3.353,65.618,72.416,69.092
101,2016,308,900,12.74,4841,226.94,0,3.353,190.79,209.33,204.7
101,2016,308,1000,12.74,4841,543.59,0,6.941,501.26,529.11,524.96
101,2016,308,1100,12.74,4841,578.43,0,4.571,517.33,550.76,538.94
101,2016,308,1200,12.74,4841,1361.3,.017,14.05,1203.9,1293.9,1265
101,2016,308,1300,12.74,4841,2363.1,.317,140.3,2154.1,2304.9,2264.8
101,2016,308,1400,12.74,4841,3203.6,.883,449.4,3067.2,3235.6,3183.3
101,2016,308,1500,12.74,4841,1043.7,.2,90,946.12,1002.1,990.69
101,2016,308,1600,12.74,4841,87.429,0,3.353,61.633,68.885,58.049
101,2016,308,1700,12.74,4841,146.74,0,4.37,141.39,144.76,148.79
101,2016,308,1800,12.74,4841,483.42,0,4.711,401.31,439.76,437.89
101,2016,308,1900,12.74,4841,98.249,0,4.683,80.319,86.936,84.301
101,2016,308,2000,12.74,4841,.7858,0,3.353,.5644,.6377,.3372
101,2016,308,2100,12.74,4841,.03599,0,3.353,.00868,.46601,.07025
101,2016,308,2200,12.74,4841,0,0,3.353,.28654,1.165,2.4939
101,2016,308,2300,12.73,4841,0,0,3.353,0,0,0
101,2016,308,2400,12.73,4841,0,0,3.353,0,0,0
102,2016,308,2400,12.73,4841,10214,1.416,32.05,9332.4,9940.9,9773.4
101,2016,309,100,12.74,4841,0,0,3.353,0,0,0
101,2016,309,200,12.73,4841,0,0,3.353,0,0,0
101,2016,309,300,12.74,4841,0,0,3.353,0,.233,.37935
101,2016,309,400,12.74,4841,0,0,3.353,.24312,1.3858,.77978
101,2016,309,500,12.74,4841,0,0,3.353,0,.5028,0
101,2016,309,600,12.74,4841,0,0,3.353,0,0,0
101,2016,309,700,12.74,4841,2.3694,0,3.353,2.0492,2.5017,1.1662
101,2016,309,800,12.74,4841,197,0,25.04,193.4,201.34,185.71
101,2016,309,900,12.74,4841,614.63,.05,61.29,561.97,596.38,572.89
101,2016,309,1000,12.74,4841,1612.8,.383,256.5,1601.7,1662.9,1631.7
101,2016,309,1100,12.74,4841,1443.1,.117,45.95,1319.4,1403.9,1369.8
101,2016,309,1200,12.74,4841,2827,.733,337.6,2763.4,2904.7,2754.7
101,2016,309,1300,12.74,4841,2796,.766,397.5,2675.2,2843.3,2767.7
101,2016,309,1400,12.74,4841,3154.3,.866,606.6,2983.2,3145.1,3111.8
101,2016,309,1500,12.74,4841,2858.7,.95,595.3,2749.1,2816.4,2826.3
101,2016,309,1600,12.74,4841,1088.6,.167,113.5,1035.2,1075.8,1072
101,2016,309,1700,12.74,4841,1757.9,.833,580.4,1771.9,1749.4,1809.1
101,2016,309,1800,12.74,4841,865.18,.833,447,910.44,859.4,911.33
101,2016,309,1900,12.74,4841,163.49,.516,141.2,191.96,169.67,180.9
101,2016,309,2000,12.74,4841,0,0,3.353,0,0,0
101,2016,309,2100,12.74,4841,0,0,3.353,0,0,0
101,2016,309,2200,12.74,4841,0,0,3.353,0,0,0
101,2016,309,2300,12.74,4841,0,0,3.353,0,0,0
101,2016,309,2400,12.74,4841,0,0,3.353,0,0,0
102,2016,309,2400,12.73,4841,19381,6.214,152,18759,19433,19196
101,2016,310,100,12.74,4841,0,0,3.353,0,0,0
101,2016,310,200,12.74,4841,0,0,3.353,0,0,0
101,2016,310,300,12.74,4841,0,0,3.353,0,0,0
101,2016,310,400,12.74,4841,0,0,3.353,0,0,0
101,2016,310,500,12.74,4841,0,0,3.353,0,0,0
101,2016,310,600,12.74,4841,0,0,3.353,0,0,0
101,2016,310,700,12.74,4841,6.3403,0,3.353,6.1476,6.561,5.9502
101,2016,310,800,12.74,4841,49.865,0,3.588,48.408,49.937,47.054
101,2016,310,900,12.75,4841,428.02,0,7.04,399.21,419.99,408.89
101,2016,310,1000,12.74,4841,1276.3,.2,94.2,1227,1279.1,1250.2
101,2016,310,1100,12.74,4841,1051.9,.117,43.95,940.42,1006.2,978.73
101,2016,310,1200,12.74,4841,2967.5,.766,389.8,2891.2,3045.6,2986
101,2016,310,1300,12.74,4841,2890.5,.8,249.2,2739.1,2902,2842.1
101,2016,310,1400,12.74,4841,1500.4,0,15.04,1333.4,1432.1,1400.4
101,2016,310,1500,12.74,4841,369.18,0,11.2,356.64,371.67,364.47
101,2016,310,1600,12.74,4841,436.4,0,3.353,444.01,448.33,455.94
101,2016,310,1700,12.74,4841,893.4,.367,93.8,821.61,851.78,858.24
101,2016,310,1800,12.74,4841,683.67,.466,248.5,677.93,659.78,680.6
101,2016,310,1900,12.74,4841,159.25,.433,144.4,200.7,173.84,186.83
101,2016,310,2000,12.74,4841,.006,0,3.353,0,.09811,0
101,2016,310,2100,12.74,4841,0,0,3.353,0,0,0
101,2016,310,2200,12.74,4841,0,0,3.353,0,0,0
101,2016,310,2300,12.74,4841,0,0,3.353,0,0,0
101,2016,310,2400,12.74,4841,0,0,3.353,0,0,0
102,2016,310,2400,12.74,4841,12713,3.149,56.01,12086,12647,12465
101,2016,311,100,12.71,4841,0,0,3.353,0,0,0
101,2016,311,200,12.74,4841,0,0,3.353,0,0,0
101,2016,311,300,12.74,4841,0,0,3.353,0,.51507,.56201
101,2016,311,400,12.71,4841,0,0,3.353,0,.15943,.00703
101,2016,311,500,12.71,4841,.006,0,3.353,.39074,1.6924,.96946
101,2016,311,600,12.74,4841,0,0,3.353,0,.24527,0
101,2016,311,700,12.73,4841,1.2537,0,3.353,.96382,1.4839,.70953
101,2016,311,800,12.74,4841,173.47,0,3.487,173.04,177.96,171.5
101,2016,311,900,12.74,4841,494.65,0,3.42,445.87,474.02,458.11
101,2016,311,1000,12.71,4841,1001.4,0,14.68,895.48,958.83,928.71
101,2016,311,1100,12.73,4841,1083.1,0,3.387,904.21,995.25,960.05
101,2016,311,1200,12.71,4841,1058.6,0,3.532,880.27,973.64,938.31
101,2016,311,1300,12.72,4841,1159.8,0,5.795,1044.6,1113.2,1088.1
101,2016,311,1400,12.74,4841,962.73,0,7.51,871.4,922.55,901.94
101,2016,311,1500,12.72,4841,889.55,0,3.677,774.3,832.82,806.99
101,2016,311,1600,12.74,4841,1362.8,.466,146,1266.5,1318.9,1313.6
101,2016,311,1700,12.74,4841,1259.5,.733,197.6,1207.6,1235,1241.5
101,2016,311,1800,12.71,4841,567.58,0,28.15,511.32,540.41,528.72
101,2016,311,1900,12.71,4841,115.72,.033,12.55,105.58,111.93,106.03
101,2016,311,2000,12.74,4841,0,0,3.353,0,0,0
101,2016,311,2100,12.71,4841,0,0,3.353,0,0,0
101,2016,311,2200,12.74,4841,0,0,3.353,0,0,0
101,2016,311,2300,12.71,4841,0,0,3.353,0,0,0
101,2016,311,2400,12.74,4841,0,0,3.353,0,0,0
102,2016,311,2400,12.71,4841,10130,1.233,19.59,9081.6,9658.6,9445.8
101,2016,312,100,12.74,4841,0,0,3.353,0,0,0
101,2016,312,200,12.74,4841,0,0,3.353,0,0,0
101,2016,312,300,12.75,4841,0,0,3.353,0,0,0
101,2016,312,400,12.75,4841,0,0,3.353,0,0,0
101,2016,312,500,12.72,4841,0,0,3.353,0,0,0
101,2016,312,600,12.71,4841,0,0,3.353,0,0,0
101,2016,312,700,12.74,4841,.12597,0,3.353,.21708,.49054,.21778
101,2016,312,800,12.74,4841,125.97,.117,29.78,131.83,135.76,130.19
101,2016,312,900,12.74,4841,716.95,.716,222.2,831.72,820.31,789.32
101,2016,312,1000,12.74,4841,899.37,0,31.92,824.89,875.44,856.07
101,2016,312,1100,12.74,4841,2462,.95,418.9,2433.7,2547.1,2480.8
101,2016,312,1200,12.74,4841,2302.5,.983,311.4,2297.7,2404.6,2348.8
101,2016,312,1300,12.74,4841,2981.1,.583,353.6,2870.3,3023.2,2931.8
101,2016,312,1400,12.74,4841,2750.2,.683,419.1,2596.2,2763.3,2725.3
101,2016,312,1500,12.74,4841,2906.1,.733,529.9,2783,2875.2,2871.7
101,2016,312,1600,12.74,4841,378.99,0,8.97,324.79,350.46,335.7
101,2016,312,1700,12.74,4841,65.936,0,3.353,62.797,63.121,60.901
101,2016,312,1800,12.74,4841,136.45,0,4.331,159.56,150.2,162.17
101,2016,312,1900,12.74,4841,136.81,0,5.527,142.93,141.35,145.21
101,2016,312,2000,12.74,4841,.09598,0,3.353,.12156,.2698,.00703
101,2016,312,2100,12.74,4841,0,0,3.353,0,0,0
101,2016,312,2200,12.74,4841,0,0,3.353,0,0,0
101,2016,312,2300,12.74,4841,0,0,3.353,0,0,0
101,2016,312,2400,12.74,4841,0,0,3.353,0,0,0
102,2016,312,2400,12.71,4841,15863,4.765,99.1,15460,16151,15838
101,2016,313,100,12.74,4841,0,0,3.353,0,0,0
101,2016,313,200,12.74,4841,0,0,3.353,.07815,.07358,0
101,2016,313,300,12.74,4841,0,0,3.353,0,0,0
101,2016,313,400,12.74,4841,0,0,3.353,0,0,0
101,2016,313,500,12.74,4841,0,0,3.353,0,0,0
101,2016,313,600,12.74,4841,0,0,3.353,0,0,0
101,2016,313,700,12.74,4841,.40189,0,3.353,.38205,.69902,.87111
101,2016,313,800,12.74,4841,97,0,3.353,89.209,95.373,95.878
101,2016,313,900,12.74,4841,364.53,0,3.353,319.89,344.55,341.21
101,2016,313,1000,12.74,4841,1005.6,.017,30.34,903.78,964.93,941.07
101,2016,313,1100,12.74,4841,900.03,0,4.46,786.91,844.69,828.51
101,2016,313,1200,12.73,4841,1340.1,0,5.679,1198.6,1279.5,1255
101,2016,313,1300,12.74,4841,1609.4,0,6.673,1396.7,1511.9,1473.1
101,2016,313,1400,12.74,4841,1579.8,.083,37.13,1363.3,1483.9,1442.9
101,2016,313,1500,12.74,4841,1731.6,.083,47.43,1567.3,1657.3,1634.1
101,2016,313,1600,12.74,4841,1954.1,.65,267.3,1938.1,1958.7,1977.2
101,2016,313,1700,12.73,4841,1609.4,1,486,1657.5,1623,1679.3
101,2016,313,1800,12.74,4841,901.19,.816,401.8,947.03,902.18,949.26
101,2016,313,1900,12.74,4841,184.23,.283,103,203.18,188.06,195.83
101,2016,313,2000,12.74,4841,0,0,3.353,0,0,0
101,2016,313,2100,12.74,4841,0,0,3.353,0,0,0
101,2016,313,2200,12.74,4841,0,0,3.353,0,0,0
101,2016,313,2300,12.74,4841,0,0,3.353,0,0,0
101,2016,313,2400,12.74,4841,0,0,3.353,0,0,0
102,2016,313,2400,12.73,4841,13278,2.932,59.86,12372,12855,12814
101,2016,314,100,12.74,4841,0,0,3.353,0,0,0
101,2016,314,200,12.74,4841,0,0,3.353,0,0,0
101,2016,314,300,12.74,4841,0,0,3.353,0,0,0
101,2016,314,400,12.74,4841,0,0,3.353,0,0,0
101,2016,314,500,12.74,4841,0,0,3.353,0,0,0
101,2016,314,600,12.74,4841,0,0,3.353,0,0,0
101,2016,314,700,12.74,4841,4.0489,0,3.353,3.3256,3.9979,3.0138
101,2016,314,800,12.74,4841,203.86,.05,24.94,202.78,209.04,197.67
101,2016,314,900,12.74,4841,769.25,.2,110.8,816.83,822.36,799
101,2016,314,1000,12.74,4841,1304.2,.35,123.1,1282.8,1328.8,1293.7
101,2016,314,1100,12.74,4841,2313.6,.816,358.7,2351.8,2421,2338.2
101,2016,314,1200,12.74,4841,2473.9,.8,308.6,2339.2,2480.4,2405
101,2016,314,1300,12.74,4841,2436.6,.533,264.2,2357.6,2465.6,2410.3
101,2016,314,1400,12.74,4841,3064.1,.75,342,3010.8,3119.6,3098.8
101,2016,314,1500,12.74,4841,3103.6,.866,570,3108,3123.5,3154.7
101,2016,314,1600,12.73,4841,2634.6,1,663.9,2680.2,2644,2702
101,2016,314,1700,12.74,4841,646.46,.15,79.1,592.31,615.36,605.64
101,2016,314,1800,12.74,4841,220.36,0,3.476,188.97,207.77,199.44
101,2016,314,1900,12.74,4841,46.519,0,3.353,34.802,41.047,36.299
101,2016,314,2000,12.74,4841,0,0,3.353,0,0,0
101,2016,314,2100,12.74,4841,0,0,3.353,0,0,0
101,2016,314,2200,12.74,4841,0,0,3.353,0,0,0
101,2016,314,2300,12.74,4841,0,0,3.353,0,0,0
101,2016,314,2400,12.73,4841,0,0,3.353,0,0,0
102,2016,314,2400,12.73,4841,19221,5.514,120.5,18969,19482,19244
101,2016,315,100,12.73,4841,0,0,3.353,0,0,0
101,2016,315,200,12.73,4841,0,0,3.353,0,0,0
101,2016,315,300,12.74,4841,0,0,3.353,0,0,0
101,2016,315,400,12.74,4841,0,0,3.353,0,0,0
101,2016,315,500,12.74,4841,0,0,3.353,0,0,0
101,2016,315,600,12.74,4841,0,0,3.353,0,0,0
101,2016,315,700,12.74,4841,1.4456,0,3.353,1.3893,1.9499,.91326
101,2016,315,800,12.74,4841,160.64,0,11.16,154.77,161.14,152.84
101,2016,315,900,12.74,4841,673.81,.483,112,682.39,700.57,674.16
101,2016,315,1000,12.73,4841,1728.2,.966,460,1876.4,1890.3,1841.9
101,2016,315,1100,12.73,4841,1900.4,.383,153.6,1822.3,1911.9,1859.6
101,2016,315,1200,12.74,4841,2670.4,.633,338.6,2654.8,2768.1,2663.1
101,2016,315,1300,12.73,4841,2977.3,.7,458.6,2909.9,3064.2,2966
101,2016,315,1400,12.74,4841,2240,.516,344.8,2156,2242.1,2217.3
101,2016,315,1500,12.74,4841,2957.9,.883,645.7,2938.4,2970.5,2998.5
101,2016,315,1600,12.74,4841,2639.7,1,726,2641.3,2615.7,2681
101,2016,315,1700,12.74,4841,1063,.383,282.2,1020.3,1028.1,1041.7
101,2016,315,1800,12.75,4841,302.64,.017,15.07,280.67,296.08,288.93
101,2016,315,1900,12.74,4841,79.474,0,4.359,65.853,74.87,67.849
101,2016,315,2000,12.74,4841,0,0,3.353,0,0,0
101,2016,315,2100,12.74,4841,0,0,3.353,0,0,0
101,2016,315,2200,12.74,4841,0,0,3.353,0,0,0
101,2016,315,2300,12.74,4841,0,0,3.353,0,0,0
101,2016,315,2400,12.74,4841,0,0,3.353,0,0,0
102,2016,315,2400,12.73,4841,19395,5.964,149.7,19205,19726,19454
101,2016,316,100,12.74,4841,0,0,3.353,0,0,0
101,2016,316,200,12.74,4841,0,0,3.353,0,0,0
101,2016,316,300,12.75,4841,0,0,3.353,0,0,0
101,2016,316,400,12.75,4841,0,0,3.353,0,0,0
101,2016,316,500,12.75,4841,0,0,3.353,0,0,0
101,2016,316,600,12.75,4841,0,0,3.353,0,0,0
101,2016,316,700,12.75,4841,2.4594,0,3.353,2.3792,2.9065,1.7212
101,2016,316,800,12.75,4841,344.43,.483,129.6,439.25,422.46,398.5
101,2016,316,900,12.74,4841,1198.8,.983,348.2,1375.5,1355.9,1313.9
101,2016,316,1000,12.74,4841,1851.6,1,518.6,2012.7,2029.5,1962.4
101,2016,316,1100,12.72,4841,2612.5,1,637.8,2730.4,2803.7,2723.1
101,2016,316,1200,12.71,4841,3455.5,1,707,3426.1,3615.8,3483.5
101,2016,316,1300,12.71,4841,3636.1,1,677.8,3584.7,3777.2,3682
101,2016,316,1400,12.71,4841,2434.2,.566,372,2382.7,2492.4,2458.5
101,2016,316,1500,12.71,4841,1378.6,.217,132.3,1290.6,1348.5,1330.1
101,2016,316,1600,12.72,4841,263.34,0,4.739,263.75,274.77,268.63
101,2016,316,1700,12.71,4841,471.75,0,3.353,406.06,441.35,427.57
101,2016,316,1800,12.72,4841,403.1,0,3.353,335.86,368.38,355.36
101,2016,316,1900,12.72,4841,108.2,0,3.353,86.068,98.392,89.803
101,2016,316,2000,12.72,4841,0,0,3.353,0,0,0
101,2016,316,2100,12.72,4841,0,0,3.353,0,0,0
101,2016,316,2200,12.72,4841,0,0,3.353,0,0,0
101,2016,316,2300,12.72,4841,0,0,3.353,0,0,0
101,2016,316,2400,12.72,4841,0,0,3.353,0,0,0
102,2016,316,2400,12.71,4841,18161,6.248,149.1,18336,19031,18495
101,2016,317,100,12.72,4841,0,0,3.353,0,0,0
101,2016,317,200,12.72,4841,0,0,3.353,0,0,0
101,2016,317,300,12.72,4841,0,0,3.353,0,0,0
101,2016,317,400,12.72,4841,0,0,3.353,0,0,0
101,2016,317,500,12.72,4841,0,0,3.353,0,0,0
101,2016,317,600,12.72,4841,0,0,3.353,0,0,0
101,2016,317,700,12.72,4841,1.3557,0,3.353,1.2156,1.4103,1.0678
101,2016,317,800,12.72,4841,183.75,0,14.83,176.49,184.57,178.3
101,2016,317,900,12.71,4841,953.92,.95,302.4,1104.5,1087.6,1051.2
101,2016,317,1000,12.71,4841,2026.3,1,617.3,2260.4,2260.6,2194.5
101,2016,317,1100,12.71,4841,2791,1,711,2934.9,3002.1,2926
101,2016,317,1200,12.72,4841,2964.5,.866,579,2948.3,3072.8,3005
101,2016,317,1300,12.71,4841,2831.3,.716,480.5,2793.6,2922.2,2854
101,2016,317,1400,12.71,4841,1026.1,.083,65.67,991.93,1041.5,1024.3
101,2016,317,1500,12.72,4841,386.02,0,9.36,322.32,351.45,342.58
101,2016,317,1600,12.71,4841,1231.7,.516,192.7,1180.7,1205.5,1221.4
101,2016,317,1700,12.72,4841,1447.2,.833,371.1,1455.6,1442,1491.6
101,2016,317,1800,12.72,4841,819.23,.633,291.9,854.33,825.66,859.72
101,2016,317,1900,12.72,4841,164.7,0,17.42,158.78,163.07,159.35
101,2016,317,2000,12.72,4841,.012,0,3.353,0,.07358,0
101,2016,317,2100,12.71,4841,0,0,3.353,0,0,0
101,2016,317,2200,12.72,4841,0,0,3.353,0,0,0
101,2016,317,2300,12.72,4841,0,0,3.353,0,0,0
101,2016,317,2400,12.72,4841,0,0,3.353,0,0,0
102,2016,317,2400,12.71,4841,16827,6.597,153.9,17183,17561,17309
101,2016,318,100,12.72,4841,0,0,3.353,0,0,0
101,2016,318,200,12.72,4841,0,0,3.353,0,0,0
101,2016,318,300,12.72,4841,0,0,3.353,0,0,0
101,2016,318,400,12.72,4841,0,0,3.353,0,0,0
101,2016,318,500,12.72,4841,0,0,3.353,0,0,0
101,2016,318,600,12.71,4841,0,0,3.353,0,0,0
101,2016,318,700,12.72,4841,.65384,0,3.353,.84227,1.0547,.49176
101,2016,318,800,12.72,4841,262.97,.45,119.9,362.39,348.29,329.87
101,2016,318,900,12.71,4841,1178.8,1,462.8,1484.3,1433.9,1370.9
101,2016,318,1000,12.71,4841,2052.4,1,620.9,2313.7,2311.2,2240.4
101,2016,318,1100,12.71,4841,2663.3,1,657.1,2813.7,2867.1,2795.8
101,2016,318,1200,12.71,4841,2374,.65,402,2380.9,2488.4,2430.8
101,2016,318,1300,12.67,4841,987.6,.117,68.52,942.79,985.19,965.5
101,2016,318,1400,12.71,4841,252.59,0,4.828,247.05,253.82,242.17
101,2016,318,1500,12.71,4841,1404.7,.267,122.1,1236.8,1311.7,1324.8
101,2016,318,1600,12.71,4841,856.08,.067,26,727.18,784.01,768.44
101,2016,318,1700,12.69,4841,1308.9,.583,284.9,1312.5,1302.8,1342.1
101,2016,318,1800,12.67,4841,987.37,1,449.1,1109.4,1030,1092.9
101,2016,318,1900,12.71,4841,204.05,.516,132.1,241.94,216.33,226.71
101,2016,318,2000,12.68,4841,.04799,0,3.353,0,.19622,0
101,2016,318,2100,12.71,4841,0,0,3.353,0,0,0
101,2016,318,2200,12.72,4841,0,0,3.353,0,0,0
101,2016,318,2300,12.71,4841,0,0,3.353,0,0,0
101,2016,318,2400,12.69,4841,0,0,3.353,0,0,0
102,2016,318,2400,12.67,4841,14533,6.647,141.3,15174,15334,15131
101,2016,319,100,12.68,4841,0,0,3.353,0,0,0
101,2016,319,200,12.71,4841,0,0,3.353,0,0,0
101,2016,319,300,12.67,4841,0,0,3.353,0,0,0
101,2016,319,400,12.71,4841,0,0,3.353,0,0,0
101,2016,319,500,12.7,4841,0,0,3.353,0,0,0
101,2016,319,600,12.69,4841,0,0,3.353,0,0,0
101,2016,319,700,12.71,4841,.55186,0,3.353,.45152,.73582,.21778
101,2016,319,800,12.68,4841,5.9565,0,3.353,5.5572,5.9356,5.3391
101,2016,319,900,12.67,4841,26.591,0,3.353,19.902,22.81,21.637
101,2016,319,1000,12.7,4841,101.26,0,3.353,75.439,85.772,85.622
101,2016,319,1100,12.67,4841,282.09,0,3.409,234.72,257.47,255.19
101,2016,319,1200,12.67,4841,626.72,0,3.353,530.66,577.98,568.35
101,2016,319,1300,12.71,4841,934.55,0,3.353,789.65,858.78,849.57
101,2016,319,1400,12.71,4841,1892.1,.183,55.95,1706.6,1810.5,1795.3
101,2016,319,1500,12.71,4841,1261.6,0,6.784,1136.9,1206.9,1182
101,2016,319,1600,12.71,4841,1444.6,.267,153,1371.9,1411.7,1420.8
101,2016,319,1700,12.71,4841,1737.9,.933,554.3,1798.3,1748.1,1821.1
101,2016,319,1800,12.71,4841,1047.7,1,591.2,1198,1094.4,1176.5
101,2016,319,1900,12.67,4841,188.43,.433,153.4,240.16,209.3,220.56
101,2016,319,2000,12.69,4841,0,0,3.353,0,.02453,0
101,2016,319,2100,12.71,4841,0,0,3.353,0,0,0
101,2016,319,2200,12.71,4841,0,0,3.353,0,0,0
101,2016,319,2300,12.71,4841,0,0,3.353,0,0,0
101,2016,319,2400,12.71,4841,0,0,3.353,0,0,0
102,2016,319,2400,12.67,4841,9550,2.816,65.62,9108.1,9290.4,9402.3
101,2016,320,100,12.71,4841,0,0,3.353,0,0,0
101,2016,320,200,12.71,4841,0,0,3.353,0,0,0
101,2016,320,300,12.71,4841,0,0,3.353,0,0,0
101,2016,320,400,12.71,4841,0,0,3.353,0,0,0
101,2016,320,500,12.71,4841,0,0,3.353,0,.41696,.42853
101,2016,320,600,12.71,4841,0,0,3.353,0,0,0
101,2016,320,700,12.71,4841,.62984,0,3.353,.7207,.89524,.28803
101,2016,320,800,12.71,4841,17.492,0,3.353,14.813,16.004,15.048
101,2016,320,900,12.71,4841,241.68,0,4.661,213.17,230.51,227.7
101,2016,320,1000,12.71,4841,517.02,0,13.03,430.35,473,465.7
101,2016,320,1100,12.71,4841,925.37,0,20.71,846.44,894.95,884.08
101,2016,320,1200,12.71,4841,2387.3,.45,215.8,2321.6,2440.2,2367.2
101,2016,320,1300,12.71,4841,3812.9,1,627.2,3769.4,3962.9,3856.6
101,2016,320,1400,12.71,4841,3180.9,1,510.6,3160.8,3273,3253.5
101,2016,320,1500,12.71,4841,2094.8,.783,255.5,2024.1,2089.6,2089.6
101,2016,320,1600,12.71,4841,1800.5,.916,211.9,1713.8,1762.9,1772.4
101,2016,320,1700,12.71,4841,1123.3,.083,92.2,1051.6,1092.7,1089.4
101,2016,320,1800,12.71,4841,764.08,.6,161.7,758.18,755.16,769.86
101,2016,320,1900,12.71,4841,147.13,0,32.07,145.37,146.58,142.74
101,2016,320,2000,12.71,4841,0,0,3.353,0,0,0
101,2016,320,2100,12.71,4841,0,0,3.353,0,0,0
101,2016,320,2200,12.71,4841,0,0,3.353,0,0,0
101,2016,320,2300,12.71,4841,0,0,3.353,0,0,0
101,2016,320,2400,12.71,4841,0,0,3.353,0,0,0
102,2016,320,2400,12.71,4841,17013,4.831,91.2,16450,17139,16935
101,2016,321,100,12.71,4841,0,0,3.353,0,0,0
101,2016,321,200,12.71,4841,0,0,3.353,0,0,0
101,2016,321,300,12.71,4841,0,0,3.353,0,0,0
101,2016,321,400,12.71,4841,0,0,3.353,0,0,0
101,2016,321,500,12.71,4841,0,0,3.353,0,0,0
101,2016,321,600,12.71,4841,0,0,3.353,0,0,0
101,2016,321,700,12.71,4841,1.8835,0,3.353,1.8148,2.0603,1.2434
101,2016,321,800,12.71,4841,240.14,0,23.1,226.02,238.48,228.24
101,2016,321,900,12.71,4841,1129.9,.783,339.4,1284.2,1275.6,1226.7
101,2016,321,1000,12.71,4841,1508.5,.816,369.9,1637,1654.6,1616.2
101,2016,321,1100,12.71,4841,2594.5,1,602.4,2817.6,2846.9,2779.1
101,2016,321,1200,12.71,4841,3188.7,1,563.8,3293.9,3405.1,3297.5
101,2016,321,1300,12.71,4841,2296.1,.8,244.2,2311.8,2400.1,2367.1
101,2016,321,1400,12.71,4841,2696.1,.516,313.7,2680.8,2778.8,2765
101,2016,321,1500,12.71,4841,3446.2,1,780,3513.4,3529.1,3580.1
101,2016,321,1600,12.71,4841,2451.4,1,625.6,2552,2497.9,2577.6
101,2016,321,1700,12.71,4841,1546.4,1,414.4,1488.9,1496.6,1537.5
101,2016,321,1800,12.71,4841,856.88,.783,303.8,855.03,837.38,869.17
101,2016,321,1900,12.71,4841,130.32,0,23.53,115.81,122.23,116.36
101,2016,321,2000,12.71,4841,.012,0,3.353,0,.02453,0
101,2016,321,2100,12.71,4841,0,0,3.353,0,0,0
101,2016,321,2200,12.71,4841,0,0,3.353,0,0,0
101,2016,321,2300,12.72,4841,0,0,3.353,0,0,0
101,2016,321,2400,12.72,4841,0,0,3.353,0,0,0
102,2016,321,2400,12.71,4841,22087,8.7,193.5,22778,23085,22962
101,2016,322,100,12.71,4841,0,0,3.353,0,0,0
101,2016,322,200,12.71,4841,0,0,3.353,0,0,0
101,2016,322,300,12.71,4841,0,0,3.353,0,.01226,0
101,2016,322,400,12.71,4841,0,0,3.353,.0521,.14716,0
101,2016,322,500,12.71,4841,0,0,3.353,0,0,0
101,2016,322,600,12.71,4841,0,0,3.353,0,.09811,.80086
101,2016,322,700,12.71,4841,.68382,0,3.353,.65991,.94429,1.6298
101,2016,322,800,12.71,4841,146.1,0,3.353,128.32,138.86,137.82
101,2016,322,900,12.71,4841,654.14,0,20.12,590.39,628.14,613.1
101,2016,322,1000,12.71,4841,607.01,0,3.353,533.26,570.86,558.3
101,2016,322,1100,12.71,4841,741.91,0,3.353,654.24,698.3,684.65
101,2016,322,1200,12.72,4841,1338.5,0,5.599,1209,1290,1260.1
101,2016,322,1300,12.71,4841,2908.2,.5,207.9,2826.2,2966.2,2880.4
101,2016,322,1400,12.71,4841,1298,.117,63.67,1274.9,1317.9,1304.1
101,2016,322,1500,12.71,4841,760.7,.033,39.33,803.59,799.96,801.69
101,2016,322,1600,12.71,4841,1744.3,.6,291.9,1724.5,1735.6,1771.9
101,2016,322,1700,12.71,4841,769.02,.217,64.23,712.44,740.76,731.09
101,2016,322,1800,12.71,4841,109.74,0,3.364,102.66,111.32,106.41
101,2016,322,1900,12.71,4841,98.585,0,4.23,94.793,99.555,103.29
101,2016,322,2000,12.71,4841,.91177,0,3.353,1.3633,1.9867,2.529
101,2016,322,2100,12.71,4841,.11397,0,3.353,.24313,.07358,0
101,2016,322,2200,12.71,4841,.47988,0,3.353,.22576,0,0
101,2016,322,2300,12.71,4841,0,0,3.353,0,0,0
101,2016,322,2400,12.71,4841,0,0,3.353,0,0,0
102,2016,322,2400,12.71,4841,11178,1.466,31.28,10657,11101,10958
101,2016,323,100,12.71,4841,0,0,3.353,0,0,0
101,2016,323,200,12.71,4841,0,0,3.353,0,0,0
101,2016,323,300,12.71,4841,0,0,3.353,0,.08584,0
101,2016,323,400,12.71,4841,0,0,3.353,0,0,0
101,2016,323,500,12.71,4841,0,0,3.353,0,0,0
101,2016,323,600,12.71,4841,0,0,3.353,0,0,0
101,2016,323,700,12.71,4841,1.1697,0,3.353,1.2677,1.349,1.3418
101,2016,323,800,12.71,4841,153.92,0,8.03,155.27,160.06,158.93
101,2016,323,900,12.71,4841,637.25,0,35.61,605.74,634.77,619.43
101,2016,323,1000,12.71,4841,1461.9,.8,188.3,1483.5,1521.7,1487.6
101,2016,323,1100,12.71,4841,1695.6,1,174.6,1678.6,1743.5,1698.4
101,2016,323,1200,12.71,4841,2967.2,1,467.5,3006.7,3130.7,3037.1
101,2016,323,1300,12.71,4841,2242.1,.45,278.3,2149.2,2272.4,2206.9
101,2016,323,1400,12.71,4841,2613.1,.583,380.4,2597.3,2712.6,2636.5
101,2016,323,1500,12.71,4841,186.71,0,4.146,191.83,195.8,190.73
101,2016,323,1600,12.71,4841,155.16,0,3.353,145.11,148.5,147.59
101,2016,323,1700,12.71,4841,155.98,0,3.353,152.42,157,162.05
101,2016,323,1800,12.71,4841,267.77,0,3.353,237.23,252.74,248.1
101,2016,323,1900,12.71,4841,113.88,0,3.521,102.89,108.88,103.11
101,2016,323,2000,12.71,4841,.29992,0,3.353,.09551,.2698,0
101,2016,323,2100,12.71,4841,0,0,3.353,0,0,0
101,2016,323,2200,12.71,4841,0,0,3.353,0,0,0
101,2016,323,2300,12.71,4841,0,0,3.353,0,0,0
101,2016,323,2400,12.71,4841,0,0,3.353,0,0,0
102,2016,323,2400,12.71,4841,12652,3.832,66.28,12507,13040,12698
101,2016,324,100,12.72,4841,0,0,3.353,0,0,0
101,2016,324,200,12.71,4841,0,0,3.353,0,0,0
101,2016,324,300,12.71,4841,0,0,3.353,0,0,0
101,2016,324,400,12.71,4841,.13796,0,3.353,.09551,1.3122,.94838
101,2016,324,500,12.71,4841,1.1757,0,3.353,1.9016,3.3234,2.529
101,2016,324,600,12.71,4841,0,0,3.353,0,0,0
101,2016,324,700,12.71,4841,.58184,0,3.353,.52098,.79712,.83598
101,2016,324,800,12.71,4841,98.92,0,3.353,85.519,93.386,91.845
101,2016,324,900,12.71,4841,412.55,0,5.271,362.23,388.96,380.96
101,2016,324,1000,12.71,4841,1232.6,.35,123.8,1228.9,1268.8,1248.2
101,2016,324,1100,12.71,4841,2416.3,1,505.2,2489.8,2571,2511.7
101,2016,324,1200,12.71,4841,2924,.866,538,2929,3091.5,2969.9
101,2016,324,1300,12.71,4841,3466,.816,557.9,3435.7,3632.9,3505.8
101,2016,324,1400,12.71,4841,1475.8,.15,73.6,1356,1451.5,1422.4
101,2016,324,1500,12.71,4841,981.43,0,36.87,906.39,954.82,948.34
101,2016,324,1600,12.72,4841,369.11,0,4.387,376.08,378.42,375.46
101,2016,324,1700,12.71,4841,713.29,.067,23.7,640.85,677.4,668.57
101,2016,324,1800,12.71,4841,781.73,.716,188,785.25,774.38,797.4
101,2016,324,1900,12.71,4841,177.29,0,18.02,172.39,175.01,172.46
101,2016,324,2000,12.71,4841,.87578,0,3.353,.84226,1.0301,.51986
101,2016,324,2100,12.71,4841,0,0,3.353,0,0,0
101,2016,324,2200,12.71,4841,0,0,3.353,0,0,0
101,2016,324,2300,12.71,4841,0,0,3.353,0,0,0
101,2016,324,2400,12.71,4841,0,0,3.353,0,0,0
102,2016,324,2400,12.71,4841,15052,3.965,88.3,14771,15465,15098
101,2016,325,100,12.71,4841,0,0,3.353,0,0,0
101,2016,325,200,12.71,4841,0,0,3.353,0,0,0
101,2016,325,300,12.71,4841,0,0,3.353,0,0,0
101,2016,325,400,12.71,4841,0,0,3.353,0,0,0
101,2016,325,500,12.71,4841,0,0,3.353,0,0,0
101,2016,325,600,12.71,4841,0,0,3.353,0,0,0
101,2016,325,700,12.71,4841,1.5116,0,3.353,1.9711,1.9254,1.3207
101,2016,325,800,12.71,4841,290.38,.466,166.9,478.93,436.35,413.83
101,2016,325,900,12.67,4841,1204.4,1,529.4,1602.2,1518.2,1452.9
101,2016,325,1000,12.68,4841,2126,1,680.8,2458.9,2433.1,2368.4
101,2016,325,1100,12.71,4841,2843.5,1,753,3055.9,3114.9,3026.3
101,2016,325,1200,12.67,4841,3336.8,1,763,3431.2,3584.4,3460.4
101,2016,325,1300,12.67,4841,3347.9,.933,620.8,3332.8,3534.8,3441.4
101,2016,325,1400,12.71,4841,3755.8,1,703,3660.2,3830.7,3786
101,2016,325,1500,12.67,4841,3366.3,1,812,3403.9,3440.6,3479.5
101,2016,325,1600,12.71,4841,2750.4,1,804,2868.3,2799,2891.7
101,2016,325,1700,12.71,4841,2046,1,753,2149.9,2064.7,2167.1
101,2016,325,1800,12.71,4841,950.69,.666,378.8,1034.3,983.78,1033.5
101,2016,325,1900,12.69,4841,118.81,.217,62.28,151.76,135.42,140.23
101,2016,325,2000,12.67,4841,.05998,0,3.353,.01737,.20848,0
101,2016,325,2100,12.69,4841,0,0,3.353,0,0,0
101,2016,325,2200,12.69,4841,0,0,3.353,0,0,0
101,2016,325,2300,12.67,4841,0,0,3.353,0,0,0
101,2016,325,2400,12.69,4841,0,0,3.353,0,0,0
102,2016,325,2400,12.67,4841,26139,10.28,294.5,27630,27878,27662
101,2016,326,100,12.61,4841,0,0,3.353,0,0,0
101,2016,326,200,12.67,4841,0,0,3.353,0,0,0
101,2016,326,300,12.72,4841,0,0,3.353,0,0,0
101,2016,326,400,12.72,4841,0,0,3.353,0,0,0
101,2016,326,500,12.68,4841,0,0,3.353,0,0,0
101,2016,326,600,12.68,4841,0,0,3.353,0,0,0
101,2016,326,700,12.72,4841,2.9093,0,3.386,3.1954,3.3602,2.4307
101,2016,326,800,12.69,4841,282.28,.683,203.3,510.59,458.56,433.69
101,2016,326,900,12.7,4841,1102,1,471,1455.8,1378.8,1320.8
101,2016,326,1000,12.7,4841,2055.5,1,654.2,2386,2360,2293.9
101,2016,326,1100,12.73,4841,2392.5,.9,566.2,2570,2615.6,2542.5
101,2016,326,1200,12.73,4841,2355.7,.5,326.4,2348.3,2468.6,2396.8
101,2016,326,1300,12.63,4841,3229.6,.766,508.2,3220.1,3385.9,3319.1
101,2016,326,1400,12.73,4841,2326.5,.55,342.8,2305.9,2408.6,2395.3
101,2016,326,1500,12.73,4841,3097.7,.883,712,3144.1,3166.8,3210
101,2016,326,1600,12.73,4841,2988.4,1,836,3032.6,2988.6,3079.5
101,2016,326,1700,12.73,4841,1979.4,1,619,1954.8,1941.7,2009
101,2016,326,1800,12.71,4841,1075.6,.983,441,1136.8,1085,1141.6
101,2016,326,1900,12.7,4841,249.22,.65,150.6,283.71,256.59,270.72
101,2016,326,2000,12.73,4841,.09598,0,3.353,.01737,.19622,0
101,2016,326,2100,12.63,4841,0,0,3.353,0,0,0
101,2016,326,2200,12.66,4841,0,0,3.353,0,0,0
101,2016,326,2300,12.73,4841,0,0,3.353,0,0,0
101,2016,326,2400,12.73,4841,0,0,3.353,0,0,0
102,2016,326,2400,12.61,4841,23137,9.91,244.6,24352,24518,24415
101,2016,327,100,12.73,4841,0,0,3.353,0,0,0
101,2016,327,200,12.73,4841,0,0,3.353,.01737,.5764,.51987
101,2016,327,300,12.73,4841,.20995,0,3.353,.47757,1.3735,1.6369
101,2016,327,400,12.73,4841,.27593,0,3.353,1.3546,1.3245,1.5315
101,2016,327,500,12.73,4841,0,0,3.353,0,0,0
101,2016,327,600,12.73,4841,0,0,3.353,0,0,0
101,2016,327,700,12.73,4841,.71382,0,3.353,.64255,.8094,.43556
101,2016,327,800,12.73,4841,240.43,.067,33.52,242.45,251.76,239.32
101,2016,327,900,12.73,4841,1086.7,.75,319.1,1320.5,1279.8,1246
101,2016,327,1000,12.73,4841,2110.4,1,605.3,2413.7,2393.2,2336.3
101,2016,327,1100,12.73,4841,3056.8,1,679.3,3277.5,3349.1,3280.6
101,2016,327,1200,12.73,4841,3488.9,.983,692.9,3557.9,3731.9,3641.1
101,2016,327,1300,12.73,4841,2792.7,.55,370.3,2725.9,2881.8,2816.9
101,2016,327,1400,12.73,4841,2855.1,.633,435.5,2770.6,2886.4,2880.4
101,2016,327,1500,12.73,4841,2769.6,.783,507.6,2715.5,2753.5,2782.6
101,2016,327,1600,12.73,4841,3005.3,1,786,3025.8,2999.9,3081.6
101,2016,327,1700,12.73,4841,1952.4,1,656.2,1998.3,1942.8,2025.1
101,2016,327,1800,12.73,4841,1129.2,1,526.1,1239.9,1152.1,1231.9
101,2016,327,1900,12.73,4841,295.8,.333,116.5,318.07,300.09,308.16
101,2016,327,2000,12.73,4841,.2939,0,3.353,.1476,.51502,.01405
101,2016,327,2100,12.73,4841,0,0,3.353,0,0,0
101,2016,327,2200,12.73,4841,0,0,3.353,0,0,0
101,2016,327,2300,12.73,4841,0,0,3.353,0,0,0
101,2016,327,2400,12.73,4841,0,0,3.353,0,0,0
102,2016,327,2400,12.73,4841,24785,9.1,240.4,25609,25927,25874
101,2016,328,100,12.73,4841,0,0,3.353,0,0,0
101,2016,328,200,12.73,4841,0,0,3.353,0,0,0
101,2016,328,300,12.73,4841,0,0,3.353,0,0,0
101,2016,328,400,12.73,4841,0,0,3.353,0,0,0
101,2016,328,500,12.73,4841,0,0,3.353,0,0,0
101,2016,328,600,12.73,4841,0,0,3.353,0,0,0
101,2016,328,700,12.74,4841,.75581,0,3.353,.7207,1.0301,.51284
101,2016,328,800,12.73,4841,47.424,0,5.784,45.474,47.669,45.994
101,2016,328,900,12.74,4841,611.16,0,21.44,565.65,599.29,594.96
101,2016,328,1000,12.74,4841,1109.4,.117,78.5,1073.9,1118.4,1106
101,2016,328,1100,12.74,4841,2662.2,.966,519.4,2773.6,2841.6,2767.2
101,2016,328,1200,12.73,4841,2793.7,.716,403,2837.4,2973.2,2884.6
101,2016,328,1300,12.73,4841,2495.3,.483,262.6,2424.5,2548.4,2470.1
101,2016,328,1400,12.74,4841,1406.8,.067,44.3,1321.6,1378.9,1366.5
101,2016,328,1500,12.73,4841,2165.9,.6,389.2,2150.2,2169.1,2180.6
101,2016,328,1600,12.73,4841,1461,.45,291,1473.3,1471.6,1492.1
101,2016,328,1700,12.73,4841,76.553,0,3.565,65.497,69.584,61.828
101,2016,328,1800,12.73,4841,77.639,0,3.426,68.137,72.442,73.575
101,2016,328,1900,12.74,4841,13.911,0,3.353,13.225,13.699,14.907
101,2016,328,2000,12.74,4841,.03599,0,3.353,.01737,.24527,.40746
101,2016,328,2100,12.73,4841,.77981,0,3.353,.59046,1.2632,2.3394
101,2016,328,2200,12.73,4841,2.2314,0,3.353,1.9103,2.7471,3.6812
101,2016,328,2300,12.74,4841,3.6171,0,3.353,2.5355,3.3848,5.9714
101,2016,328,2400,12.74,4841,.018,0,3.353,0,.5396,.30911
102,2016,328,2400,12.73,4841,14928,3.399,86.1,14818,15313,15072
101,2016,329,100,12.74,4841,0,0,3.353,0,0,0
101,2016,329,200,12.74,4841,0,0,3.353,0,0,0
101,2016,329,300,12.74,4841,0,0,3.353,0,0,0
101,2016,329,400,12.74,4841,0,0,3.353,0,0,0
101,2016,329,500,12.73,4841,0,0,3.353,0,.30659,.73062
101,2016,329,600,12.73,4841,0,0,3.353,0,.07358,0
101,2016,329,700,12.74,4841,2.3394,0,3.353,2.631,2.7961,2.6485
101,2016,329,800,12.73,4841,153.18,.183,45.93,226.22,217.7,208.55
101,2016,329,900,12.74,4841,498.14,0,45.43,487.22,505.55,493.04
101,2016,329,1000,12.73,4841,1390.1,.616,174.1,1386.4,1431.8,1394.8
101,2016,329,1100,12.74,4841,2048.8,1,262.6,2015.8,2115.3,2049.9
101,2016,329,1200,12.74,4841,3351.2,1,565.9,3342.2,3503.9,3334.4
101,2016,329,1300,12.74,4841,3149.5,1,458.1,3139.1,3304.1,3132.3
101,2016,329,1400,12.73,4841,2961.5,.9,504.3,2940.2,3058.7,2993
101,2016,329,1500,12.73,4841,2987.5,.95,691,3066.7,3073.6,3104.8
101,2016,329,1600,12.73,4841,2804.4,1,719,2906.3,2860.9,2928.6
101,2016,329,1700,12.73,4841,1018.5,.35,248.2,1011,1005.5,1019.7
101,2016,329,1800,12.74,4841,451.45,.283,128.8,467.68,453.12,467.11
101,2016,329,1900,12.74,4841,247.68,.716,236.7,344.55,281.57,310.21
101,2016,329,2000,12.73,4841,.08398,0,3.353,0,.29433,0
101,2016,329,2100,12.74,4841,0,0,3.353,0,0,0
101,2016,329,2200,12.74,4841,0,0,3.353,0,0,0
101,2016,329,2300,12.74,4841,0,0,3.353,0,0,0
101,2016,329,2400,12.73,4841,0,0,3.353,0,0,0
102,2016,329,2400,12.73,4841,21065,8,171.7,21336,21815,21440
101,2016,330,100,12.74,4841,0,0,3.353,0,0,0
101,2016,330,200,12.74,4841,0,0,3.353,0,0,0
101,2016,330,300,12.74,4841,0,0,3.353,0,0,0
101,2016,330,400,12.74,4841,0,0,3.353,0,0,0
101,2016,330,500,12.74,4841,0,0,3.353,0,0,0
101,2016,330,600,12.74,4841,0,0,3.353,0,0,0
101,2016,330,700,12.73,4841,.53387,0,3.353,.34733,.78487,.0843
101,2016,330,800,12.74,4841,140.31,.117,44.44,174.74,173.38,162.82
101,2016,330,900,12.73,4841,461.24,0,38.09,441.75,463.17,449.79
101,2016,330,1000,12.73,4841,782.75,.183,64.87,735.05,775.63,760.09
101,2016,330,1100,12.73,4841,1151.5,0,10.97,1014.5,1097.4,1075.4
101,2016,330,1200,12.73,4841,1597.3,0,12.31,1422,1533.1,1501.8
101,2016,330,1300,12.73,4841,2022.3,.083,37.46,1863.6,1981.9,1947.1
101,2016,330,1400,12.73,4841,1442.2,0,49.98,1314.1,1391.3,1376.5
101,2016,330,1500,12.73,4841,1545.1,.433,117.1,1421.8,1491.5,1480.3
101,2016,330,1600,12.73,4841,2075.5,1,407,2025.9,2043.7,2077.3
101,2016,330,1700,12.73,4841,2355.3,1,672.6,2469.4,2389.1,2475.9
101,2016,330,1800,12.73,4841,1257.8,.566,322.9,1317.5,1281.8,1316.9
101,2016,330,1900,12.74,4841,157.41,0,3.353,150.86,158.35,149.55
101,2016,330,2000,12.74,4841,.04799,0,3.353,0,.18395,0
101,2016,330,2100,12.74,4841,0,0,3.353,0,0,0
101,2016,330,2200,12.74,4841,0,0,3.353,0,0,0
101,2016,330,2300,12.74,4841,0,0,3.353,0,0,0
101,2016,330,2400,12.73,4841,0,0,3.353,0,0,0
102,2016,330,2400,12.73,4841,14989,3.382,75.9,14351,14781,14773
101,2016,331,100,12.73,4841,0,0,3.353,0,0,0
101,2016,331,200,12.74,4841,0,0,3.353,0,0,0
101,2016,331,300,12.74,4841,0,0,3.353,0,0,0
101,2016,331,400,12.74,4841,0,0,3.353,0,0,0
101,2016,331,500,12.73,4841,0,0,3.353,0,0,0
101,2016,331,600,12.73,4841,0,0,3.353,0,0,0
101,2016,331,700,12.74,4841,1.9195,0,3.353,2.1187,2.2565,1.5666
101,2016,331,800,12.73,4841,325.2,.65,183.7,514.53,478.26,444.54
101,2016,331,900,12.73,4841,1159.8,1,493.5,1555.3,1459.4,1410.1
101,2016,331,1000,12.73,4841,1925.8,1,592.3,2236.3,2208.7,2142.1
101,2016,331,1100,12.73,4841,2746.8,1,672.9,2966.9,3016.1,2921.5
101,2016,331,1200,12.73,4841,3414.2,.983,676,3518,3665.5,3541.1
101,2016,331,1300,12.73,4841,1743.3,.317,176.9,1670.2,1763,1719.9
101,2016,331,1400,12.73,4841,3508.4,.866,581,3408.6,3595,3538.3
101,2016,331,1500,12.73,4841,3633.4,1,731,3602,3700.6,3714.8
101,2016,331,1600,12.73,4841,1729.4,.45,269.5,1693.7,1728.2,1729.9
101,2016,331,1700,12.74,4841,822.28,.2,94.5,783.17,807.46,808.03
101,2016,331,1800,12.73,4841,1530.8,1,483.8,1621.8,1554.8,1626.7
101,2016,331,1900,12.74,4841,346.04,.5,141.6,401.1,368.44,383.52
101,2016,331,2000,12.74,4841,.11397,0,3.353,.01737,.29433,.00703
101,2016,331,2100,12.74,4841,0,0,3.353,0,0,0
101,2016,331,2200,12.74,4841,0,0,3.353,0,0,0
101,2016,331,2300,12.74,4841,0,0,3.353,0,0,0
101,2016,331,2400,12.74,4841,0,0,3.353,0,0,0
102,2016,331,2400,12.73,4841,22887,8.96,214,23974,24348,23982
101,2016,332,100,12.74,4841,0,0,3.353,0,0,0
101,2016,332,200,12.74,4841,0,0,3.353,0,0,0
101,2016,332,300,12.74,4841,0,0,3.353,0,0,0
101,2016,332,400,12.74,4841,0,0,3.353,0,0,0
101,2016,332,500,12.74,4841,0,0,3.353,0,0,0
101,2016,332,600,12.74,4841,0,0,3.353,0,0,0
101,2016,332,700,12.74,4841,4.6909,0,3.353,4.6455,5.0526,3.6109
101,2016,332,800,12.74,4841,354.3,.4,127.1,481.27,458.1,431.84
101,2016,332,900,12.73,4841,763.25,.367,144.2,859.7,851.44,823.69
101,2016,332,1000,12.74,4841,1463.7,.55,258.1,1536.7,1565.4,1525.5
101,2016,332,1100,12.73,4841,259.09,.067,23.05,215.57,237.3,218.76
101,2016,332,1200,12.73,4841,104.58,0,3.353,97.92,101.43,102.76
101,2016,332,1300,12.73,4841,212.13,0,8.98,197.29,205.17,207.25
101,2016,332,1400,12.73,4841,137.07,0,3.353,130,135.12,135.06
101,2016,332,1500,12.73,4841,327.65,0,3.716,265.42,295.98,290.36
101,2016,332,1600,12.73,4841,800.06,0,4.566,677.23,740.97,729.91
101,2016,332,1700,12.73,4841,837.69,0,3.353,744.15,792.52,781.46
101,2016,332,1800,12.73,4841,480.63,0,5.756,419.13,448.23,438.73
101,2016,332,1900,12.73,4841,131.71,0,4.409,116.6,125.96,118.56
101,2016,332,2000,12.74,4841,.05999,0,3.353,0,.12264,0
101,2016,332,2100,12.74,4841,0,0,3.353,0,0,0
101,2016,332,2200,12.74,4841,0,0,3.353,0,0,0
101,2016,332,2300,12.73,4841,0,0,3.353,0,0,0
101,2016,332,2400,12.74,4841,0,0,3.353,0,0,0
102,2016,332,2400,12.73,4841,5876.6,1.383,26.26,5745.6,5962.8,5807.5
101,2016,333,100,12.74,4841,0,0,3.353,0,0,0
101,2016,333,200,12.74,4841,0,0,3.353,0,0,0
101,2016,333,300,12.74,4841,0,0,3.353,0,0,0
101,2016,333,400,12.74,4841,0,0,3.353,0,0,0
101,2016,333,500,12.74,4841,0,0,3.353,0,0,0
101,2016,333,600,12.74,4841,0,0,3.353,0,0,0
101,2016,333,700,12.74,4841,1.8955,0,3.364,2.3792,2.7961,2.3956
101,2016,333,800,12.74,4841,310.24,.633,164.3,474.19,431.92,417.74
101,2016,333,900,12.72,4841,1086.8,1,400.1,1400.6,1333.6,1302
101,2016,333,1000,12.71,4841,1927.6,1,558.9,2235.9,2205.5,2146.5
101,2016,333,1100,12.73,4841,2616.9,1,626.4,2836.8,2873,2801.1
101,2016,333,1200,12.73,4841,2656.8,.766,513.9,2742.9,2856.5,2765
101,2016,333,1300,12.71,4841,2993.2,.716,448.1,2983.9,3117.9,2982
101,2016,333,1400,12.69,4841,2528.2,.633,363.1,2475.5,2578.6,2519.8
101,2016,333,1500,12.72,4841,3276,.966,716,3351.3,3370.1,3387.6
101,2016,333,1600,12.7,4841,1922.6,.6,424,1993.9,1966.6,1994.4
101,2016,333,1700,12.72,4841,681.85,.167,95.6,648.24,659.09,654.93
101,2016,333,1800,12.72,4841,454.4,.333,116.1,455.9,450.08,459.66
101,2016,333,1900,12.72,4841,248.01,.25,74.5,260.63,253.01,256.91
101,2016,333,2000,12.71,4841,.09598,0,3.353,0,.22075,0
101,2016,333,2100,12.69,4841,0,0,3.353,0,0,0
101,2016,333,2200,12.71,4841,0,0,3.353,0,0,0
101,2016,333,2300,12.71,4841,0,0,3.353,0,0,0
101,2016,333,2400,12.69,4841,0,0,3.353,0,0,0
102,2016,333,2400,12.69,4841,20705,8.06,189.2,21862,22099,21690
101,2016,334,100,12.72,4841,0,0,3.353,0,0,0
101,2016,334,200,12.69,4841,0,0,3.353,0,0,0
101,2016,334,300,12.72,4841,0,0,3.353,0,0,.0562
101,2016,334,400,12.72,4841,0,0,3.353,0,.18395,0
101,2016,334,500,12.69,4841,0,0,3.353,0,.71129,0
101,2016,334,600,12.68,4841,0,0,3.353,0,.49054,.02108
101,2016,334,700,12.7,4841,.07798,0,3.353,.03473,.20848,0
101,2016,334,800,12.7,4841,75.652,0,3.353,63.404,70.356,65.544
101,2016,334,900,12.69,4841,434.83,0,3.409,383.13,412.88,400.44
101,2016,334,1000,12.72,4841,1076.4,0,41.17,1007.7,1062.4,1034.2
101,2016,334,1100,12.72,4841,1485.6,.35,136.2,1473.2,1531.6,1496.5
101,2016,334,1200,12.72,4841,2298.5,1,406.4,2327.8,2430,2368.1
101,2016,334,1300,12.72,4841,2795,1,445.5,2734.7,2897.7,2834.4
101,2016,334,1400,12.72,4841,3101.2,.833,420.7,3008.6,3164.8,3108.1
101,2016,334,1500,12.72,4841,2727.5,.866,516,2710.5,2765.2,2780.1
101,2016,334,1600,12.69,4841,2532.1,.883,700,2668,2611.3,2682.2
101,2016,334,1700,12.7,4841,1685.1,1,610.5,1823.4,1734.8,1825
101,2016,334,1800,12.72,4841,1178.9,1,589.7,1329.1,1220.5,1313.4
101,2016,334,1900,12.72,4841,280.81,.733,203.4,348.04,302.85,325.36
101,2016,334,2000,12.72,4841,.29993,0,3.375,.13893,.50281,.04215
101,2016,334,2100,12.72,4841,0,0,3.353,0,0,0
101,2016,334,2200,12.72,4841,0,0,3.353,0,0,0
101,2016,334,2300,12.72,4841,0,0,3.353,0,0,0
101,2016,334,2400,12.72,4841,0,0,3.353,0,0,0
102,2016,334,2400,12.68,4841,19672,7.66,171.5,19878,20207,20234
101,2016,335,100,12.72,4841,0,0,3.353,0,0,0
101,2016,335,200,12.72,4841,0,0,3.353,0,0,0
101,2016,335,300,12.72,4841,0,0,3.353,0,0,0
101,2016,335,400,12.72,4841,0,0,3.353,0,0,0
101,2016,335,500,12.72,4841,0,0,3.353,0,.25754,0
101,2016,335,600,12.72,4841,0,0,3.353,0,0,0
101,2016,335,700,12.72,4841,2.1595,0,3.353,2.4834,2.8452,1.7212
101,2016,335,800,12.72,4841,224.33,.1,46.11,254.97,252.14,239.44
101,2016,335,900,12.72,4841,1004.7,.883,315.6,1231.1,1192,1135.7
101,2016,335,1000,12.72,4841,1629.2,1,352.9,1795.8,1796.7,1745.3
101,2016,335,1100,12.72,4841,2505.9,1,557.4,2687.2,2741.2,2669.1
101,2016,335,1200,12.72,4841,2894.8,.85,451.7,2902.7,3027.4,2932.7
101,2016,335,1300,12.72,4841,1451.6,.15,84.6,1384.4,1457.5,1423.7
101,2016,335,1400,12.72,4841,2381.6,.533,254.9,2325.8,2432.4,2383.2
101,2016,335,1500,12.72,4841,1820.7,.65,249.3,1790.4,1839.6,1833.4
101,2016,335,1600,12.72,4841,836.68,0,19.14,766.03,810.29,791.91
101,2016,335,1700,12.72,4841,738.29,.033,43.41,758.07,762.73,764.53
101,2016,335,1800,12.72,4841,396.73,0,30.83,378.61,387.69,386.88
101,2016,335,1900,12.72,4841,171.09,0,11.3,161.78,169.14,162.49
101,2016,335,2000,12.72,4841,.11997,0,3.353,.01737,.24528,0
101,2016,335,2100,12.72,4841,0,0,3.353,0,0,0
101,2016,335,2200,12.72,4841,0,0,3.353,0,0,0
101,2016,335,2300,12.72,4841,0,0,3.353,0,0,0
101,2016,335,2400,12.72,4841,0,0,3.353,0,0,0
102,2016,335,2400,12.72,4841,16058,5.198,102.4,16439,16872,16470
101,2016,336,100,12.72,4841,0,0,3.353,0,0,0
101,2016,336,200,12.72,4841,0,0,3.353,0,0,0
101,2016,336,300,12.71,4841,0,0,3.353,0,0,0
101,2016,336,400,12.72,4841,0,0,3.353,0,0,0
101,2016,336,500,12.72,4841,0,0,3.353,0,0,0
101,2016,336,600,12.71,4841,0,0,3.353,0,0,0
101,2016,336,700,12.71,4841,.04799,0,3.353,.0521,.19622,.01405
101,2016,336,800,12.72,4841,100.1,0,3.353,78.66,90.517,87.097
101,2016,336,900,12.71,4841,357.4,0,10.65,318.1,340.6,329.13
101,2016,336,1000,12.72,4841,852.81,.033,31.38,804.85,845.14,824.56
101,2016,336,1100,12.71,4841,2046.4,.866,301.6,2103.1,2162.4,2112.5
101,2016,336,1200,12.71,4841,2788.3,1,446.4,2864.7,2975.6,2880.3
101,2016,336,1300,12.72,4841,2501.5,.333,152.9,2438.1,2561.1,2491.2
101,2016,336,1400,12.72,4841,1700.6,.033,22.82,1599.2,1682.3,1659
101,2016,336,1500,12.71,4841,2204.1,.683,220.9,2211.2,2258.3,2257
101,2016,336,1600,12.71,4841,2525.1,1,503.9,2608.7,2580.9,2629.7
101,2016,336,1700,12.71,4841,1467.4,.883,267.5,1481.7,1477.2,1505.7
101,2016,336,1800,12.72,4841,834,.733,186.7,863.89,848.25,866.02
101,2016,336,1900,12.72,4841,268.92,.25,83.6,280.32,271.25,275.54
101,2016,336,2000,12.71,4841,.72583,0,3.353,.34733,.80941,.18266
101,2016,336,2100,12.71,4841,0,0,3.353,0,0,0
101,2016,336,2200,12.72,4841,0,0,3.353,0,0,0
101,2016,336,2300,12.72,4841,0,0,3.353,0,0,0
101,2016,336,2400,12.72,4841,0,0,3.353,0,0,0
102,2016,336,2400,12.71,4841,17648,5.814,94.7,17653,18094,17918
101,2016,337,100,12.72,4841,0,0,3.353,0,0,0
101,2016,337,200,12.72,4841,0,0,3.353,0,0,0
101,2016,337,300,12.72,4841,0,0,3.353,0,0,0
101,2016,337,400,12.72,4841,0,0,3.353,0,0,0
101,2016,337,500,12.72,4841,0,0,3.353,0,0,0
101,2016,337,600,12.71,4841,0,0,3.353,0,0,0
101,2016,337,700,12.71,4841,.18595,0,3.353,.39943,.57639,.0562
101,2016,337,800,12.71,4841,260.8,.483,134.9,419.84,368.03,353.12
101,2016,337,900,12.71,4841,1056.8,1,429.4,1444.5,1352.2,1306.6
101,2016,337,1000,12.71,4841,1314.1,.716,346,1492.3,1479.7,1437.4
101,2016,337,1100,12.72,4841,1092.9,.15,87.4,1042,1097.8,1067.8
101,2016,337,1200,12.72,4841,1429.8,.367,139.9,1425.4,1492.4,1458
101,2016,337,1300,12.72,4841,2434.4,.583,349.5,2444.2,2574.2,2508.9
101,2016,337,1400,12.72,4841,2424.6,.516,321.6,2387.6,2484.1,2410.4
101,2016,337,1500,12.72,4841,996.71,.067,43.03,900.97,964.1,938.11
101,2016,337,1600,12.72,4841,734.01,0,3.353,627.13,685.69,667.83
101,2016,337,1700,12.72,4841,525.91,0,3.738,469.31,504.22,490.8
101,2016,337,1800,12.72,4841,461.35,0,12.13,407.71,436.26,426.52
101,2016,337,1900,12.72,4841,135.82,0,5.812,117.86,128.33,120.28
101,2016,337,2000,12.72,4841,.28793,0,3.353,.1042,.46602,.01405
101,2016,337,2100,12.72,4841,0,0,3.353,0,0,0
101,2016,337,2200,12.72,4841,0,0,3.353,0,0,0
101,2016,337,2300,12.72,4841,0,0,3.353,0,0,0
101,2016,337,2400,12.72,4841,0,0,3.353,0,0,0
102,2016,337,2400,12.71,4841,12868,3.882,79.9,13179,13568,13186
101,2016,338,100,12.72,4841,0,0,3.353,0,0,0
101,2016,338,200,12.72,4841,0,0,3.353,0,0,0
101,2016,338,300,12.72,4841,0,0,3.353,0,0,0
101,2016,338,400,12.72,4841,0,0,3.353,0,0,0
101,2016,338,500,12.72,4841,0,0,3.353,0,0,0
101,2016,338,600,12.72,4841,0,0,3.353,0,0,0
101,2016,338,700,10.54,4841,.32392,0,3.353,.37338,.6745,.23183
101,2016,338,800,12.67,4841,2.4774,0,3.353,2.2229,2.8452,2.3323
101,2016,338,900,12.67,4841,55.594,0,3.353,47.644,51.875,51.705
101,2016,338,1000,12.67,4841,336.38,0,3.353,275.06,303.33,300.85
101,2016,338,1100,12.67,4841,1287.2,.233,67.56,1184.2,1257.9,1246.7
101,2016,338,1200,12.67,4841,2183.6,1,293.3,2249,2317.9,2292.4
101,2016,338,1300,12.67,4841,3186.5,.95,501.5,3274.2,3395.9,3338.4
101,2016,338,1400,12.67,4841,3296.4,.816,433.9,3283.9,3407.3,3363.8
101,2016,338,1500,12.67,4841,1976,.35,153.3,1959.9,2017.5,1996.6
101,2016,338,1600,12.67,4841,1961.8,.55,317.3,1975.7,1978.1,2009.1
101,2016,338,1700,12.67,4841,1934.2,.95,533.1,2006.1,1954.7,2025.6
101,2016,338,1800,12.67,4841,1166.7,1,480.9,1296,1206.5,1282.5
101,2016,338,1900,10.93,4841,308.5,.75,222.9,389.84,336.7,362.64
101,2016,338,2000,10.93,4841,2.1175,0,3.576,1.2764,2.3301,1.1381
101,2016,338,2100,11.05,4841,0,0,3.353,0,0,0
101,2016,338,2200,10.83,4841,0,0,3.353,0,0,0
101,2016,338,2300,10.95,4841,0,0,3.353,0,0,0
101,2016,338,2400,10.83,4841,0,0,3.353,0,0,0
102,2016,338,2400,10.54,4841,17698,6.597,127.3,17945,18233,18274
101,2016,339,100,11.05,4841,0,0,3.353,0,0,0
101,2016,339,200,11.08,4841,0,0,3.353,0,0,0
101,2016,339,300,11.06,4841,0,0,3.353,0,0,0
101,2016,339,400,11.04,4841,0,0,3.353,0,0,0
101,2016,339,500,11.07,4841,.49188,0,3.353,.93778,1.8518,4.2994
101,2016,339,600,11.05,4841,.19795,0,3.353,.83358,1.9867,1.1732
101,2016,339,700,11.06,4841,2.1835,0,3.353,2.4747,3.3602,1.3207
101,2016,339,800,11.05,4841,201.29,.267,78.5,295.17,270.78,256.35
101,2016,339,900,10.81,4841,1066.4,1,429.8,1471.9,1368.3,1320.1
101,2016,339,1000,11,4841,2103.3,1,602.8,2488.7,2447.8,2397
101,2016,339,1100,11.13,4841,2688,.95,608,2926.2,2960.9,2907.6
101,2016,339,1200,10.67,4841,2506.7,.65,487.1,2659.9,2718.2,2663.6
101,2016,339,1300,10.66,4841,1972.7,.35,243.1,2010.6,2092.4,2064.2
101,2016,339,1400,10.92,4841,3056.5,.716,523.7,3002.2,3138.4,3089.4
101,2016,339,1500,11.07,4841,2833.1,.883,610.7,2890.9,2915.8,2948.3
101,2016,339,1600,11.02,4841,2726.3,.966,777,2892,2812.6,2901.7
101,2016,339,1700,10.95,4841,2051,1,746,2246.1,2130.9,2249.7
101,2016,339,1800,11.04,4841,1063,1,561,1264.3,1143.7,1238.8
101,2016,339,1900,10.51,4841,301.05,.633,259.2,418.58,345.37,380.75
101,2016,339,2000,10.79,4841,.67184,0,3.515,.58178,.93205,.28101
101,2016,339,2100,10.86,4841,0,0,3.353,0,0,0
101,2016,339,2200,10.82,4841,0,0,3.353,0,0,0
101,2016,339,2300,10.78,4841,0,0,3.353,0,0,0
101,2016,339,2400,11.09,4841,0,0,3.353,0,0,0
102,2016,339,2400,10.51,4841,22573,9.41,248.7,24571,24353,24425
101,2016,340,100,11.17,4841,0,0,3.353,0,0,0
101,2016,340,200,11.49,4841,0,0,3.353,0,0,0
101,2016,340,300,10.91,4841,0,0,3.353,0,0,0
101,2016,340,400,11.49,4841,0,0,3.353,0,0,0
101,2016,340,500,11.53,4841,0,0,3.353,0,0,0
101,2016,340,600,11.51,4841,0,0,3.353,0,0,0
101,2016,340,700,11.5,4841,.30592,0,3.353,.46889,.69903,.0562
101,2016,340,800,11.44,4841,89.168,0,5.806,91.39,93.596,85.58
101,2016,340,900,11.38,4841,702.76,.367,163,817.51,802.74,763.54
101,2016,340,1000,11.54,4841,1113.8,.7,179.4,1157.7,1185,1152.9
101,2016,340,1100,11.52,4841,2272.2,1,390.3,2417.3,2461.3,2414
101,2016,340,1200,11.46,4841,3223.5,.933,632.3,3462.2,3553.1,3459.9
101,2016,340,1300,11.53,4841,3473.6,1,691.2,3522.6,3686.1,3596.8
101,2016,340,1400,11.54,4841,3549.7,1,704,3565.8,3715.5,3624.1
101,2016,340,1500,11.35,4841,2504.6,.766,481.9,2527.7,2558.6,2557.8
101,2016,340,1600,11.45,4841,1531.4,.483,298,1555.2,1551.3,1561.4
101,2016,340,1700,11.4,4841,1078.6,.367,211.4,1072.5,1080.8,1103.8
101,2016,340,1800,12.74,4841,989.26,.983,507.6,1169.4,1064,1144.2
101,2016,340,1900,12.74,4841,249.29,.566,182.2,324.14,279.79,298.11
101,2016,340,2000,12.74,4841,.39589,0,3.364,.13893,.62543,.04215
101,2016,340,2100,12.74,4841,0,0,3.353,0,0,0
101,2016,340,2200,12.74,4841,0,0,3.353,0,0,0
101,2016,340,2300,12.74,4841,0,0,3.353,0,0,0
101,2016,340,2400,12.74,4841,0,0,3.353,0,0,0
102,2016,340,2400,10.91,4841,20779,8.16,187,21684,22033,21762
101,2016,341,100,12.74,4841,0,0,3.353,0,0,0
101,2016,341,200,12.73,4841,0,0,3.353,0,0,0
101,2016,341,300,12.73,4841,0,0,3.353,0,0,0
101,2016,341,400,12.73,4841,0,0,3.353,0,0,0
101,2016,341,500,12.73,4841,0,0,3.353,0,0,0
101,2016,341,600,12.73,4841,0,0,3.353,0,0,0
101,2016,341,700,12.71,4841,.04799,0,3.353,.13893,.30659,0
101,2016,341,800,12.73,4841,231.26,.417,99.7,345,314.62,298.22
101,2016,341,900,12.73,4841,1079.1,1,411.9,1455,1359.5,1308.7
101,2016,341,1000,12.73,4841,1962.2,1,577.5,2304.4,2265,2208.2
101,2016,341,1100,12.71,4841,2723.9,1,672.3,2969.1,3002.6,2924.5
101,2016,341,1200,12.73,4841,3249.4,1,724,3390.6,3511.8,3407.9
101,2016,341,1300,12.72,4841,3466.4,1,701,3522.5,3687.5,3595.1
101,2016,341,1400,12.73,4841,3393.8,1,678.2,3435,3562.6,3522.7
101,2016,341,1500,12.73,4841,3146.1,1,721,3254.1,3265.5,3295.7
101,2016,341,1600,12.73,4841,2484.8,1,660.6,2627.5,2563.1,2619.4
101,2016,341,1700,12.73,4841,1726.4,1,519.2,1844.5,1779.7,1844.5
101,2016,341,1800,12.72,4841,977.42,1,361.4,1090.2,1025.6,1078.2
101,2016,341,1900,12.73,4841,280.27,.483,120.7,325.82,298.85,308.69
101,2016,341,2000,12.73,4841,1.1036,0,3.364,.71195,1.2262,.41444
101,2016,341,2100,12.73,4841,0,0,3.353,0,0,0
101,2016,341,2200,12.72,4841,0,0,3.353,0,0,0
101,2016,341,2300,12.73,4841,0,0,3.353,0,0,0
101,2016,341,2400,12.73,4841,0,0,3.353,0,0,0
102,2016,341,2400,12.71,4841,24722,10.9,262,26565,26638,26412
101,2016,342,100,12.72,4841,0,0,3.353,0,0,0
101,2016,342,200,12.73,4841,0,0,3.353,0,0,0
101,2016,342,300,12.73,4841,0,0,3.353,0,0,0
101,2016,342,400,12.72,4841,0,0,3.353,0,0,0
101,2016,342,500,12.71,4841,0,0,3.353,0,0,0
101,2016,342,600,12.73,4841,0,0,3.353,0,0,0
101,2016,342,700,12.72,4841,.10797,0,3.353,.12156,.42923,0
101,2016,342,800,12.71,4841,199.07,.1,47.94,234.12,229.59,212.64
101,2016,342,900,12.71,4841,1025.9,1,299.6,1274.7,1221.4,1171
101,2016,342,1000,12.73,4841,1598.7,1,381.1,1810.6,1798.3,1750.5
101,2016,342,1100,12.72,4841,2459.2,1,563.9,2683.5,2710.4,2640
101,2016,342,1200,12.72,4841,3189.5,1,708,3357.3,3464.6,3362.7
101,2016,342,1300,12.72,4841,3482.1,1,714,3565,3723.4,3643.1
101,2016,342,1400,12.72,4841,3496.6,1,698.9,3558.5,3689.5,3661.8
101,2016,342,1500,12.72,4841,3180.8,1,720,3278.8,3302.9,3341.8
101,2016,342,1600,12.73,4841,2261.2,.65,437.2,2282.6,2279,2315.3
101,2016,342,1700,12.72,4841,768.39,.133,61.34,747.79,763.47,766.72
101,2016,342,1800,12.71,4841,380.62,.25,82.5,398.24,389.3,396.87
101,2016,342,1900,12.73,4841,150.1,.133,58.17,167.97,156.45,158.63
101,2016,342,2000,12.73,4841,1.2115,0,3.386,1.0245,1.4714,.57598
101,2016,342,2100,12.73,4841,0,0,3.353,0,0,0
101,2016,342,2200,12.73,4841,0,0,3.353,0,0,0
101,2016,342,2300,12.73,4841,0,0,3.353,0,0,0
101,2016,342,2400,12.73,4841,0,0,3.353,0,0,0
102,2016,342,2400,12.71,4841,22194,8.26,200.5,23360,23730,23422
101,2016,343,100,12.73,4841,0,0,3.353,0,0,0
101,2016,343,200,12.73,4841,0,0,3.353,0,0,0
101,2016,343,300,12.73,4841,0,0,3.353,0,0,0
101,2016,343,400,12.73,4841,0,0,3.353,0,0,0
101,2016,343,500,12.73,4841,0,0,3.353,0,0,0
101,2016,343,600,12.73,4841,0,0,3.353,0,0,0
101,2016,343,700,12.73,4841,.012,0,3.353,.01737,.09811,0
101,2016,343,800,12.73,4841,176.14,.317,69.8,253.74,234.27,220.07
101,2016,343,900,12.73,4841,1001.1,1,381,1359.7,1274.6,1239.4
101,2016,343,1000,12.73,4841,1770.1,.966,516.9,2097.9,2054.1,2016.8
101,2016,343,1100,12.73,4841,304.28,.017,13.7,260.7,287.22,275.51
101,2016,343,1200,12.73,4841,287.65,0,8.03,278.53,285.19,284.41
101,2016,343,1300,12.73,4841,211.56,0,8.38,180.6,192.28,197.5
101,2016,343,1400,12.72,4841,466.32,0,14.81,434.63,457.7,462.39
101,2016,343,1500,12.73,4841,2780.7,.9,509.6,2878.4,2887.2,2938.3
101,2016,343,1600,12.73,4841,2929.7,1,733,3120.7,3048.6,3143.2
101,2016,343,1700,12.73,4841,2166,1,751,2368.1,2257.9,2378.6
101,2016,343,1800,12.73,4841,653.25,1,327.8,780.68,706.45,757.56
101,2016,343,1900,12.73,4841,213.2,.483,151,270.64,233.91,249.29
101,2016,343,2000,12.73,4841,3.965,0,3.576,2.3792,3.7404,1.9038
101,2016,343,2100,12.73,4841,0,0,3.353,0,0,0
101,2016,343,2200,12.73,4841,0,0,3.353,0,0,0
101,2016,343,2300,12.73,4841,0,0,3.353,0,0,0
101,2016,343,2400,12.73,4841,0,0,3.353,0,0,0
102,2016,343,2400,12.72,4841,12964,6.681,146.9,14287,13923,14165
101,2016,344,100,12.73,4841,0,0,3.353,0,0,0
101,2016,344,200,12.73,4841,0,0,3.353,0,0,0
101,2016,344,300,12.73,4841,0,0,3.353,0,0,0
101,2016,344,400,12.73,4841,0,0,3.353,0,0,0
101,2016,344,500,12.73,4841,0,0,3.353,0,0,0
101,2016,344,600,12.73,4841,0,0,3.353,0,0,0
101,2016,344,700,12.73,4841,.29393,0,3.353,.21708,.47828,.07025
101,2016,344,800,12.73,4841,126.96,0,14.47,133.84,136.02,126.5
101,2016,344,900,12.73,4841,836.51,.583,252.8,1049,1007.9,975.07
101,2016,344,1000,12.73,4841,1496.1,.866,431.2,1765.2,1735.2,1686.6
101,2016,344,1100,12.73,4841,2515.6,1,613.4,2784.7,2811.7,2753.2
101,2016,344,1200,12.73,4841,3047.1,.883,617.5,3193.9,3309.6,3174.6
101,2016,344,1300,12.73,4841,3279.9,.833,493.5,3262.1,3454.9,3357.5
101,2016,344,1400,12.73,4841,1430.7,.183,79.2,1393.4,1462.7,1441.3
101,2016,344,1500,12.73,4841,3007.4,.883,677.7,3103.8,3112.2,3158.2
101,2016,344,1600,12.73,4841,1920.7,1,521.5,2001.2,1963.9,2014.5
101,2016,344,1700,12.73,4841,985.37,1,270.9,1032.3,1005.8,1040.4
101,2016,344,1800,12.73,4841,766.41,1,332.8,896.52,823.42,876.81
101,2016,344,1900,12.72,4841,354.23,.766,270.2,496.62,413.81,452.53
101,2016,344,2000,12.72,4841,2.7473,0,3.487,2.5615,3.3357,1.9179
101,2016,344,2100,12.73,4841,0,0,3.353,0,0,0
101,2016,344,2200,12.73,4841,0,0,3.353,0,0,0
101,2016,344,2300,12.73,4841,0,0,3.353,0,0,0
101,2016,344,2400,12.73,4841,0,0,3.353,0,0,0
102,2016,344,2400,12.72,4841,19770,9,192.3,21115,21241,21059
101,2016,345,100,12.73,4841,0,0,3.353,0,0,0
101,2016,345,200,12.73,4841,0,0,3.353,0,0,0
101,2016,345,300,12.73,4841,0,0,3.353,0,0,0
101,2016,345,400,12.73,4841,0,0,3.353,0,0,0
101,2016,345,500,12.73,4841,0,0,3.353,0,0,0
101,2016,345,600,12.73,4841,0,0,3.353,0,0,0
101,2016,345,700,12.73,4841,.05999,0,3.353,.08683,.18395,0
101,2016,345,800,12.73,4841,167.22,.217,52.61,211.84,203.82,185.2
101,2016,345,900,12.73,4841,494.8,.417,121.2,597.31,579.97,548.62
101,2016,345,1000,12.73,4841,1137.5,.6,206.4,1226.8,1233.4,1207.9
101,2016,345,1100,12.73,4841,2248.3,1,435,2394.2,2439.6,2385.2
101,2016,345,1200,12.73,4841,2437.2,.916,323.3,2489.4,2584.8,2534.5
101,2016,345,1300,12.73,4841,1853.6,.383,156.1,1736.9,1841.7,1798.1
101,2016,345,1400,12.73,4841,1810.4,.333,151.9,1689.6,1778.1,1760.2
101,2016,345,1500,12.73,4841,1587.3,.383,144.1,1497.5,1562.5,1551.7
101,2016,345,1600,12.73,4841,1529.9,.55,186,1480.7,1519.7,1524.9
101,2016,345,1700,12.73,4841,1806.9,1,455.4,1832.9,1802.3,1851.1
101,2016,345,1800,12.73,4841,614.98,.35,133.9,621.66,614.34,622.21
101,2016,345,1900,12.73,4841,269.91,.233,78.3,296.97,282.04,287.07
101,2016,345,2000,12.73,4841,1.4516,0,3.353,1.0854,1.6924,.80087
101,2016,345,2100,12.73,4841,0,0,3.353,0,0,0
101,2016,345,2200,12.73,4841,0,0,3.353,0,0,0
101,2016,345,2300,12.73,4841,0,0,3.353,0,0,0
101,2016,345,2400,12.73,4841,0,0,3.353,0,0,0
102,2016,345,2400,12.73,4841,15960,6.381,103.5,16077,16444,16257
101,2016,346,100,12.73,4841,0,0,3.353,0,0,0
101,2016,346,200,12.73,4841,0,0,3.353,.28655,.68677,.58309
101,2016,346,300,12.73,4841,.17996,0,3.353,.76412,1.9131,2.515
101,2016,346,400,12.73,4841,.07798,0,3.353,.18235,1.2509,.57606
101,2016,346,500,12.73,4841,.61785,0,3.353,.60782,1.6433,1.1451
101,2016,346,600,12.73,4841,.10797,0,3.353,.41679,1.5084,1.0257
101,2016,346,700,12.73,4841,.14396,0,3.353,.22576,.31886,.06323
101,2016,346,800,12.73,4841,260.35,.45,90.1,379.27,349.46,338.16
101,2016,346,900,12.73,4841,999.54,.883,284.9,1273.4,1213.5,1174.9
101,2016,346,1000,12.73,4841,1287.7,.417,225.5,1380.6,1396.5,1361.5
101,2016,346,1100,12.73,4841,1184,.217,117.9,1151.7,1220.1,1186.1
101,2016,346,1200,12.73,4841,2349.2,.466,217.5,2278.2,2394.6,2335.4
101,2016,346,1300,12.73,4841,2118.9,.55,171.7,2032.1,2155.4,2129.3
101,2016,346,1400,12.73,4841,2991.4,.833,396.4,2934.5,3076.8,3055.6
101,2016,346,1500,12.72,4841,2446.4,.633,314.7,2355,2457.9,2452.4
101,2016,346,1600,12.73,4841,1630.8,.516,120.3,1525,1592.4,1591.2
101,2016,346,1700,12.73,4841,1279.8,.666,150.6,1265.7,1278.7,1298.3
101,2016,346,1800,12.73,4841,927.73,.833,213.2,974.92,950.24,985.13
101,2016,346,1900,12.72,4841,187.11,0,9.34,178.19,185.67,179.94
101,2016,346,2000,12.73,4841,.86379,0,3.353,.55573,1.0547,.33721
101,2016,346,2100,12.73,4841,0,0,3.353,0,0,0
101,2016,346,2200,12.73,4841,0,0,3.353,0,0,0
101,2016,346,2300,12.73,4841,0,0,3.353,0,0,0
101,2016,346,2400,12.73,4841,0,0,3.353,0,0,0
102,2016,346,2400,12.72,4841,17665,6.464,98,17732,18280,18094
101,2016,347,100,12.73,4841,0,0,3.353,0,0,0
101,2016,347,200,12.73,4841,0,0,3.353,0,0,0
101,2016,347,300,12.73,4841,0,0,3.353,0,0,0
101,2016,347,400,12.73,4841,0,0,3.353,0,0,0
101,2016,347,500,12.73,4841,0,0,3.353,.16498,.52734,.88517
101,2016,347,600,12.73,4841,0,0,3.353,.25181,.1349,.1686
101,2016,347,700,12.73,4841,.02399,0,3.353,0,.08584,0
101,2016,347,800,12.73,4841,38.372,0,3.353,29.644,33.921,30.826
101,2016,347,900,12.73,4841,215.86,0,13.9,173.82,195.47,186.8
101,2016,347,1000,12.73,4841,1320.5,.45,184.4,1392,1421,1393.9
101,2016,347,1100,12.73,4841,2629.6,.95,581.7,2929.3,2946.8,2900.4
101,2016,347,1200,12.73,4841,2345.2,1,390.8,2489.6,2560.7,2524.9
101,2016,347,1300,12.73,4841,3180.9,.9,517.9,3249.7,3399.6,3349.9
101,2016,347,1400,12.73,4841,3137.4,.883,519.6,3161.9,3284.6,3265.3
101,2016,347,1500,12.73,4841,1959,.4,286.7,1965.7,2004.8,2025.5
101,2016,347,1600,12.73,4841,2336.8,.65,430.9,2340.3,2349.7,2384.5
101,2016,347,1700,12.73,4841,1200.7,.516,299.2,1291.5,1254.9,1307.4
101,2016,347,1800,12.73,4841,340.95,.2,55.09,384.22,368.51,373.73
101,2016,347,1900,12.73,4841,283.5,.666,182.9,384.41,325.43,351.34
101,2016,347,2000,12.73,4841,1.9855,0,3.431,1.5109,2.1584,1.3348
101,2016,347,2100,12.73,4841,0,0,3.353,0,0,0
101,2016,347,2200,12.73,4841,0,0,3.353,0,0,0
101,2016,347,2300,12.73,4841,0,0,3.353,0,0,0
101,2016,347,2400,12.73,4841,0,0,3.353,0,0,0
102,2016,347,2400,12.73,4841,18991,6.614,146.1,19794,20148,20097
101,2016,348,100,12.73,4841,0,0,3.353,0,0,0
101,2016,348,200,12.73,4841,0,0,3.353,0,0,0
101,2016,348,300,12.73,4841,0,0,3.353,0,0,0
101,2016,348,400,12.73,4841,0,0,3.353,0,.07358,.16158
101,2016,348,500,12.73,4841,0,0,3.353,0,0,0
101,2016,348,600,12.73,4841,0,0,3.353,0,0,0
101,2016,348,700,12.73,4841,.98976,0,3.353,1.3372,1.2877,1.0397
101,2016,348,800,12.73,4841,207.65,.317,78.6,311.84,285.51,275.37
101,2016,348,900,12.73,4841,846.19,1,262.6,1122.4,1059.5,1024.6
101,2016,348,1000,12.73,4841,1843.2,1,527.3,2209.8,2158.3,2109.3
101,2016,348,1100,12.73,4841,2542.6,1,576.5,2758.4,2820.2,2764.1
101,2016,348,1200,12.73,4841,3411.1,.983,694.3,3615.4,3721.4,3648.6
101,2016,348,1300,12.73,4841,2560.1,.45,269.3,2547.8,2674.9,2625.8
101,2016,348,1400,12.73,4841,1532.1,.017,23.1,1393.2,1487.6,1458.7
101,2016,348,1500,12.73,4841,1162.9,.15,72.4,1086.3,1145.7,1135.7
101,2016,348,1600,12.73,4841,668.27,0,19.01,599.61,640.21,629.24
101,2016,348,1700,12.72,4841,175.98,0,7.39,169.64,172.43,172.69
101,2016,348,1800,12.72,4841,441.98,.067,27.02,422.3,433.87,447.94
101,2016,348,1900,12.73,4841,316.24,.6,137.3,364.61,328.36,359.15
101,2016,348,2000,12.73,4841,3.3412,0,3.677,3.0131,3.5442,3.3861
101,2016,348,2100,12.73,4841,0,0,3.353,0,0,0
101,2016,348,2200,12.73,4841,0,0,3.353,0,0,0
101,2016,348,2300,12.73,4841,0,0,3.353,0,0,0
101,2016,348,2400,12.73,4841,0,0,3.353,0,0,0
102,2016,348,2400,12.72,4841,15713,5.581,114,16606,16933,16656
101,2016,349,100,12.73,4841,0,0,3.353,0,0,0
101,2016,349,200,12.73,4841,0,0,3.353,0,0,0
101,2016,349,300,12.73,4841,0,0,3.353,0,0,0
101,2016,349,400,12.73,4841,0,0,3.353,0,0,0
101,2016,349,500,12.73,4841,0,0,3.353,0,0,0
101,2016,349,600,12.73,4841,0,0,3.353,0,0,0
101,2016,349,700,12.73,4841,.67783,0,3.353,.94646,1.1037,.61821
101,2016,349,800,12.72,4841,110.25,0,23.46,141.73,135.08,130.49
101,2016,349,900,12.73,4841,703.2,.45,188.2,900.01,864.51,823.7
101,2016,349,1000,12.73,4841,1758.7,.616,367.3,1996.8,1979.9,1954.6
101,2016,349,1100,12.72,4841,1890.3,.65,422.2,2102,2110.7,2074.9
101,2016,349,1200,12.71,4841,2533.4,.7,446.8,2673.9,2760.5,2702.5
101,2016,349,1300,12.73,4841,3144.7,.9,446.1,3179.3,3322.3,3270.3
101,2016,349,1400,12.72,4841,2582.9,.916,293.5,2562.2,2679.2,2660.8
101,2016,349,1500,12.73,4841,3302.2,1,640,3402.9,3444.7,3467.3
101,2016,349,1600,12.73,4841,2778.2,1,745,2994.9,2913.5,2989.9
101,2016,349,1700,12.73,4841,2147.8,1,705,2379.7,2257.6,2364
101,2016,349,1800,12.73,4841,1188.9,1,540.1,1406.3,1284.7,1372.7
101,2016,349,1900,12.71,4841,338.32,.666,230.2,443.68,378.72,408.68
101,2016,349,2000,12.72,4841,2.1955,0,3.677,2.0145,2.5999,1.4331
101,2016,349,2100,12.73,4841,0,0,3.353,0,0,0
101,2016,349,2200,12.71,4841,0,0,3.353,0,0,0
101,2016,349,2300,12.73,4841,0,0,3.353,0,0,0
101,2016,349,2400,12.73,4841,0,0,3.353,0,0,0
102,2016,349,2400,12.71,4841,22482,8.9,212,24186,24135,24222
101,2016,350,100,12.72,4841,0,0,3.353,0,0,0
101,2016,350,200,12.73,4841,0,0,3.353,0,0,0
101,2016,350,300,12.73,4841,0,0,3.353,0,0,0
101,2016,350,400,12.71,4841,0,0,3.353,0,0,0
101,2016,350,500,12.71,4841,0,0,3.353,0,0,0
101,2016,350,600,12.73,4841,0,0,3.353,0,0,0
101,2016,350,700,12.71,4841,.06598,0,3.353,.1563,.57639,0
101,2016,350,800,12.71,4841,186.2,.3,66.87,280.01,255.03,244.97
101,2016,350,900,12.73,4841,784.1,.633,206.5,973.79,933.22,910.66
101,2016,350,1000,12.73,4841,1639.8,1,456.2,1937.4,1899.9,1859
101,2016,350,1100,12.73,4841,2571.3,1,638.2,2845.1,2866.3,2817.9
101,2016,350,1200,12.73,4841,2975.3,.95,630.3,3128.5,3235,3126.4
101,2016,350,1300,12.73,4841,2908.6,.783,445.2,2947.8,3079,2969.1
101,2016,350,1400,12.73,4841,2741.4,.666,405.6,2721.2,2823,2709.9
101,2016,350,1500,12.73,4841,2476.4,.7,463.8,2555.8,2598.9,2568
101,2016,350,1600,12.71,4841,2649,.966,676.8,2797.3,2731.7,2783
101,2016,350,1700,12.71,4841,1733.2,.85,501.9,1879.5,1800.8,1859.4
101,2016,350,1800,12.73,4841,567.2,.3,144.6,587.76,580.53,589.93
101,2016,350,1900,12.72,4841,90.326,0,15.29,82.803,88.409,81.626
101,2016,350,2000,12.73,4841,2.3994,0,3.364,2.1534,2.9923,1.391
101,2016,350,2100,12.72,4841,0,0,3.353,0,0,0
101,2016,350,2200,12.73,4841,0,0,3.353,0,0,0
101,2016,350,2300,12.73,4841,0,0,3.353,0,0,0
101,2016,350,2400,12.73,4841,0,0,3.353,0,0,0
102,2016,350,2400,12.71,4841,21325,8.15,195.5,22739,22895,22521
101,2016,351,100,12.73,4841,0,0,3.353,0,0,0
101,2016,351,200,12.73,4841,0,0,3.353,0,0,0
101,2016,351,300,12.73,4841,0,0,3.353,0,0,0
101,2016,351,400,12.73,4841,0,0,3.353,0,0,0
101,2016,351,500,12.73,4841,0,0,3.353,0,0,0
101,2016,351,600,12.73,4841,0,0,3.353,0,0,0
101,2016,351,700,12.73,4841,0,0,3.353,.03473,.07358,0
101,2016,351,800,12.73,4841,166.67,.3,69.76,259.91,239.61,221.7
101,2016,351,900,12.73,4841,886.79,1,322.7,1218.3,1134.4,1111.7
101,2016,351,1000,12.73,4841,1706.1,1,489.7,2046.5,2000.8,1960.1
101,2016,351,1100,12.73,4841,2456.7,1,588.6,2719,2735.3,2702.2
101,2016,351,1200,12.73,4841,2414.6,.716,416.5,2497,2590.1,2546.7
101,2016,351,1300,12.73,4841,2547.8,.65,371,2556.4,2681.4,2621.5
101,2016,351,1400,12.73,4841,3247.5,.883,531.5,3291.8,3419.1,3366.7
101,2016,351,1500,12.73,4841,1647.4,.367,218,1618.8,1665.5,1652.6
101,2016,351,1600,12.73,4841,1213.1,.417,199.9,1217.8,1220.3,1228.6
101,2016,351,1700,12.73,4841,448.84,0,8.1,460.19,465.72,455.16
101,2016,351,1800,12.73,4841,353.25,0,5.706,322.74,341.04,350.75
101,2016,351,1900,12.72,4841,169.66,0,3.353,161.21,165.44,169.97
101,2016,351,2000,12.73,4841,1.5596,0,3.353,1.5283,1.7292,2.1216
101,2016,351,2100,12.73,4841,0,0,3.353,0,0,0
101,2016,351,2200,12.73,4841,0,0,3.353,0,0,0
101,2016,351,2300,12.73,4841,0,0,3.353,0,0,0
101,2016,351,2400,12.73,4841,0,0,3.353,0,0,0
102,2016,351,2400,12.72,4841,17260,6.331,136,18371,18660,18390
101,2016,352,100,12.73,4841,0,0,3.353,0,0,0
101,2016,352,200,12.73,4841,0,0,3.353,0,0,0
101,2016,352,300,12.73,4841,0,0,3.353,0,0,0
101,2016,352,400,12.72,4841,0,0,3.353,0,0,0
101,2016,352,500,12.73,4841,0,0,3.353,0,0,0
101,2016,352,600,12.73,4841,0,0,3.353,0,0,0
101,2016,352,700,12.73,4841,0,0,3.353,0,0,0
101,2016,352,800,12.72,4841,52.103,0,4.912,46.142,51.47,45.551
101,2016,352,900,12.72,4841,329.73,0,18.51,302.97,323.21,315.83
101,2016,352,1000,12.73,4841,1624.1,.883,402.2,1872.1,1847.3,1816.3
101,2016,352,1100,12.72,4841,2450.5,1,590.5,2710.1,2731.3,2687.3
101,2016,352,1200,11.89,4841,2890.8,1,538.4,2990.4,3107,3031.5
101,2016,352,1300,11.87,4841,3228.1,.966,603.3,3318.7,3474.7,3361.4
101,2016,352,1400,11.85,4841,2336,.4,158.4,2302,2407,2377.5
101,2016,352,1500,11.48,4841,2544.7,.9,487.2,2604.1,2610.1,2634.7
101,2016,352,1600,11.32,4841,2057.8,.633,414.1,2157.1,2122.6,2150
101,2016,352,1700,11.35,4841,1941.9,.95,402.7,1967.6,1959.2,2008.4
101,2016,352,1800,11.38,4841,1034.8,.833,388.4,1129,1069.7,1116.7
101,2016,352,1900,11.79,4841,298.49,.666,188,383.04,332.69,355.73
101,2016,352,2000,11.8,4841,2.4414,0,3.364,1.5543,2.7348,1.1381
101,2016,352,2100,11.79,4841,0,0,3.353,0,0,0
101,2016,352,2200,11.79,4841,0,0,3.353,0,0,0
101,2016,352,2300,11.79,4841,0,0,3.353,0,0,0
101,2016,352,2400,11.79,4841,0,0,3.353,0,0,0
102,2016,352,2400,11.32,4841,20791,8.23,176.5,21785,22039,21902
101,2016,353,100,11.79,4841,0,0,3.353,0,0,0
101,2016,353,200,11.77,4841,0,0,3.353,0,0,0
101,2016,353,300,11.79,4841,0,0,3.353,0,0,0
101,2016,353,400,11.78,4841,0,0,3.353,0,0,0
101,2016,353,500,11.77,4841,0,0,3.353,0,0,0
101,2016,353,600,11.76,4841,0,0,3.353,0,0,0
101,2016,353,700,11.75,4841,0,0,3.353,.01737,.02453,0
101,2016,353,800,11.57,4841,155.88,.1,42.98,220.14,203.69,195.29
101,2016,353,900,11.57,4841,862.88,1,294,1171.2,1102.5,1054.2
101,2016,353,1000,11.32,4841,1696.2,.966,471.6,2028.2,1985.3,1951.6
101,2016,353,1100,11.59,4841,1928.8,.633,305.4,2009.5,2059.7,2030.5
101,2016,353,1200,11.59,4841,2716.6,.866,492.3,2798.9,2897.6,2841.6
101,2016,353,1300,11.37,4841,3271.1,.883,563.7,3307.8,3471.7,3414.5
101,2016,353,1400,11.06,4841,2755.3,.666,356.8,2714.9,2855,2835.5
101,2016,353,1500,11.02,4841,3087.4,.8,514.2,3098.2,3181.6,3211
101,2016,353,1600,11.38,4841,736.71,.133,64.71,666.04,705.88,692.33
101,2016,353,1700,11.05,4841,262.49,0,3.621,254.76,265.07,262.85
101,2016,353,1800,11.87,4841,368.34,0,4.839,361.38,372.09,371.68
101,2016,353,1900,12.61,4841,231.48,.15,46.62,247.21,240,242.2
101,2016,353,2000,12.53,4841,6.2805,0,3.772,5.948,6.7696,4.6436
101,2016,353,2100,12.5,4841,0,0,3.353,0,0,0
101,2016,353,2200,12.47,4841,0,0,3.353,0,0,0
101,2016,353,2300,12.63,4841,0,0,3.353,0,0,0
101,2016,353,2400,12.64,4841,0,0,3.353,0,0,0
102,2016,353,2400,11.02,4841,18079,6.198,133.4,18884,19347,19108
101,2016,354,100,12.61,4841,0,0,3.353,0,0,0
101,2016,354,200,12.62,4841,0,0,3.353,0,0,0
101,2016,354,300,12.64,4841,0,0,3.353,0,0,0
101,2016,354,400,12.64,4841,0,0,3.353,0,0,0
101,2016,354,500,12.63,4841,0,0,3.353,0,0,0
101,2016,354,600,12.63,4841,0,0,3.353,0,0,0
101,2016,354,700,12.63,4841,.04199,0,3.353,.07815,.12264,0
101,2016,354,800,12.63,4841,173.02,.35,78.7,275.37,250.33,238.17
101,2016,354,900,12.63,4841,936.83,1,358.3,1318.4,1223.4,1176
101,2016,354,1000,12.63,4841,1742.6,1,511.3,2087.4,2047.3,1997.2
101,2016,354,1100,12.62,4841,2481.2,1,613.8,2740.4,2768.1,2713.1
101,2016,354,1200,12.62,4841,3002,1,656.5,3172.6,3287.6,3222.2
101,2016,354,1300,12.62,4841,3418.8,.966,610.3,3444.4,3635.7,3571.5
101,2016,354,1400,12.62,4841,3181.6,.866,537.3,3237.6,3366.4,3338.5
101,2016,354,1500,12.62,4841,3189.2,1,730,3329.4,3356.1,3380.4
101,2016,354,1600,12.61,4841,2521.3,.95,675.3,2672.8,2618.2,2666.1
101,2016,354,1700,12.61,4841,1933.5,1,662.8,2108,2010.8,2092.6
101,2016,354,1800,12.61,4841,1097.9,1,536.1,1300.5,1182,1258.2
101,2016,354,1900,12.61,4841,340.05,.816,268,469.39,389.48,418.84
101,2016,354,2000,12.61,4841,3.5088,0,3.42,2.5352,4.0711,1.714
101,2016,354,2100,12.6,4841,0,0,3.353,0,0,0
101,2016,354,2200,12.61,4841,0,0,3.353,0,0,0
101,2016,354,2300,12.61,4841,0,0,3.353,0,0,0
101,2016,354,2400,12.61,4841,0,0,3.353,0,0,0
102,2016,354,2400,12.6,4841,24022,10.95,261.6,26159,26139,26074
101,2016,355,100,12.61,4841,0,0,3.353,0,0,0
101,2016,355,200,12.6,4841,0,0,3.353,0,0,0
101,2016,355,300,12.59,4841,0,0,3.353,0,0,0
101,2016,355,400,12.59,4841,0,0,3.353,0,0,0
101,2016,355,500,12.59,4841,0,0,3.353,0,0,0
101,2016,355,600,12.59,4841,0,0,3.353,0,0,0
101,2016,355,700,12.59,4841,0,0,3.353,0,.04905,0
101,2016,355,800,12.59,4841,165.84,.317,72.6,262.51,236.87,222.73
101,2016,355,900,12.58,4841,935.26,1,348.9,1306.5,1211.4,1166
101,2016,355,1000,12.58,4841,1732.6,1,496.2,2069.9,2027.7,1982.1
101,2016,355,1100,12.58,4841,2442,1,586.9,2693.5,2716.9,2678.7
101,2016,355,1200,12.58,4841,3042.3,1,662.3,3218.5,3324.3,3272.3
101,2016,355,1300,12.58,4841,3318.3,1,665.6,3395.1,3569.7,3499.6
101,2016,355,1400,12.58,4841,3329.1,1,630,3379.9,3538.4,3462.2
101,2016,355,1500,12.58,4841,2496.1,.716,493.3,2557.6,2605.3,2590.5
101,2016,355,1600,12.58,4841,2682.9,1,649.7,2790.1,2755.7,2806.2
101,2016,355,1700,12.58,4841,1938.2,1,643.5,2110.6,2018,2103
101,2016,355,1800,12.57,4841,1089.7,1,500,1274,1168.5,1242.3
101,2016,355,1900,12.59,4841,321.25,.683,199.5,409.94,356.28,376.34
101,2016,355,2000,12.58,4841,4.8161,0,4.023,4.3236,5.2113,3.3856
101,2016,355,2100,12.58,4841,0,0,3.353,0,0,0
101,2016,355,2200,12.59,4841,0,0,3.353,0,0,0
101,2016,355,2300,12.59,4841,0,0,3.353,0,0,0
101,2016,355,2400,12.58,4841,0,0,3.353,0,0,0
102,2016,355,2400,12.57,4841,23498,10.71,249.6,25472,25534,25405
101,2016,356,100,12.58,4841,0,0,3.353,0,0,0
101,2016,356,200,12.59,4841,0,0,3.353,0,0,0
101,2016,356,300,12.59,4841,0,0,3.353,0,0,0
101,2016,356,400,12.59,4841,0,0,3.353,0,0,0
101,2016,356,500,12.59,4841,0,0,3.353,0,0,0
101,2016,356,600,12.59,4841,0,0,3.353,0,0,0
101,2016,356,700,12.59,4841,.04799,0,3.353,.18235,.41697,0
101,2016,356,800,12.59,4841,179.91,.35,80,290.23,260.22,244.49
101,2016,356,900,12.59,4841,938.55,1,357.9,1325.8,1228.5,1177.2
101,2016,356,1000,12.59,4841,1772.5,1,519.1,2134,2089.7,2044.7
101,2016,356,1100,12.59,4841,2518.7,1,620.3,2791.1,2817.6,2774.3
101,2016,356,1200,12.59,4841,3055,1,667.9,3235.9,3341.9,3301.7
101,2016,356,1300,12.59,4841,3354.9,1,672.9,3439.3,3616.6,3551.7
101,2016,356,1400,12.59,4841,3507.7,1,587.6,3535.5,3707.2,3674.7
101,2016,356,1500,12.59,4841,2133.3,.6,318.4,2103.4,2175.4,2173.7
101,2016,356,1600,12.59,4841,2703.6,1,674.1,2826.6,2780.7,2844.4
101,2016,356,1700,12.59,4841,1954.4,1,640.9,2121.7,2027.7,2115.3
101,2016,356,1800,12.59,4841,949.84,.783,374.3,1078.6,1008,1063.1
101,2016,356,1900,12.59,4841,323.96,.683,201.7,414.8,360,381.78
101,2016,356,2000,12.59,4841,4.4982,0,3.722,3.985,5.1255,3.3435
101,2016,356,2100,12.59,4841,0,0,3.353,0,0,0
101,2016,356,2200,12.59,4841,0,0,3.353,0,0,0
101,2016,356,2300,12.59,4841,0,0,3.353,0,0,0
101,2016,356,2400,12.59,4841,0,0,3.353,0,0,0
102,2016,356,2400,12.58,4841,23397,10.41,239.8,25301,25419,25350
101,2016,357,100,12.59,4841,0,0,3.353,0,0,0
101,2016,357,200,12.59,4841,0,0,3.353,0,0,0
101,2016,357,300,12.59,4841,0,0,3.353,0,0,0
101,2016,357,400,12.59,4841,0,0,3.353,0,0,0
101,2016,357,500,12.59,4841,0,0,3.353,0,0,0
101,2016,357,600,12.59,4841,0,0,3.353,0,0,0
101,2016,357,700,12.59,4841,.03599,0,3.353,.22576,.17169,0
101,2016,357,800,12.59,4841,211.94,.4,90.1,336.23,302.12,291.75
101,2016,357,900,12.59,4841,600.79,.4,125.5,752.95,718.47,695.9
101,2016,357,1000,12.59,4841,894.72,.233,131.9,959.54,967.46,955.98
101,2016,357,1100,12.59,4841,1677.5,.45,266.5,1721.2,1786.5,1777.8
101,2016,357,1200,12.59,4841,3356.8,1,641.8,3532,3651.6,3628.7
101,2016,357,1300,12.59,4841,3426.1,1,715,3508.2,3700.1,3633.2
101,2016,357,1400,12.59,4841,3097.2,.85,548.2,3092.2,3262.5,3228.2
101,2016,357,1500,12.59,4841,3193.4,1,704,3300.9,3353.1,3383.9
101,2016,357,1600,12.59,4841,2654.3,1,739,2849.3,2784.6,2856.3
101,2016,357,1700,12.59,4841,2072.8,1,729,2291.5,2170.9,2279.7
101,2016,357,1800,12.59,4841,1235,1,580,1430.9,1309.7,1397.5
101,2016,357,1900,12.59,4841,340.12,.75,234.1,444.1,379.78,402.81
101,2016,357,2000,12.59,4841,7.827,0,3.979,6.8327,8.24,6.097
101,2016,357,2100,12.59,4841,0,0,3.353,0,0,0
101,2016,357,2200,12.59,4841,0,0,3.353,0,0,0
101,2016,357,2300,12.59,4841,0,0,3.353,0,0,0
101,2016,357,2400,12.59,4841,0,0,3.353,0,0,0
102,2016,357,2400,12.59,4841,22769,9.08,231.1,24226,24395,24538
101,2016,358,100,12.84,4841,0,0,3.353,0,0,0
101,2016,358,200,12.84,4841,0,0,3.353,0,0,0
101,2016,358,300,12.84,4841,0,0,3.353,0,0,0
101,2016,358,400,12.84,4841,0,0,3.353,0,0,0
101,2016,358,500,12.84,4841,0,0,3.353,0,0,0
101,2016,358,600,12.84,4841,0,0,3.353,0,0,0
101,2016,358,700,12.84,4841,0,0,3.353,0,0,0
101,2016,358,800,12.84,4841,181.51,.417,116.7,351.89,303.92,286.38
101,2016,358,900,12.84,4841,1020.6,1,431.6,1511.1,1382.5,1326.1
101,2016,358,1000,12.84,4841,1926,1,587.8,2350.6,2287.1,2254
101,2016,358,1100,12.84,4841,2650.2,1,674.9,2953.7,2967.9,2953.9
101,2016,358,1200,12.84,4841,3106.8,1,702,3293.8,3400.9,3357.1
101,2016,358,1300,12.84,4841,3360.8,1,706,3440.7,3628.9,3530.2
101,2016,358,1400,12.84,4841,3364.5,1,663.5,3424.8,3591.5,3551.6
101,2016,358,1500,12.84,4841,3001.1,.916,672.1,3136.5,3180.5,3200.7
101,2016,358,1600,12.84,4841,2496.3,.9,644.1,2616.1,2573.8,2625.7
101,2016,358,1700,12.84,4841,2119.9,1,706,2276.6,2183.5,2280.9
101,2016,358,1800,12.84,4841,1236.4,1,582.4,1422.5,1306,1393.9
101,2016,358,1900,12.84,4841,362.3,.883,287.8,495.2,412.99,444.52
101,2016,358,2000,12.85,4841,8.0187,0,5.32,7.449,8.6077,6.2233
101,2016,358,2100,12.85,4841,0,0,3.353,0,0,0
101,2016,358,2200,12.85,4841,0,0,3.353,0,0,0
101,2016,358,2300,12.85,4841,0,0,3.353,0,0,0
101,2016,358,2400,12.84,4841,0,0,3.353,0,0,0
102,2016,358,2400,12.84,4841,24835,11.11,284,27281,27228,27211
101,2016,359,100,12.85,4841,0,0,3.353,0,0,0
101,2016,359,200,12.84,4841,0,0,3.353,0,0,0
101,2016,359,300,12.85,4841,0,0,3.353,0,0,0
101,2016,359,400,12.84,4841,0,0,3.353,0,0,0
101,2016,359,500,12.84,4841,0,0,3.353,0,0,0
101,2016,359,600,12.84,4841,0,0,3.353,0,0,0
101,2016,359,700,12.84,4841,0,0,3.353,0,.09811,0
101,2016,359,800,12.84,4841,182.3,.417,104.1,333.51,290.25,277.59
101,2016,359,900,12.84,4841,1003.7,1,407,1465.9,1344.6,1296.9
101,2016,359,1000,12.84,4841,1886.6,1,567.7,2299,2238.2,2203.7
101,2016,359,1100,12.84,4841,2625.7,1,660.8,2926.5,2940,2924.9
101,2016,359,1200,12.84,4841,3107.6,1,697.1,3297.3,3402.3,3362.5
101,2016,359,1300,12.84,4841,3354.3,1,688.9,3437.9,3622.5,3556.3
101,2016,359,1400,12.84,4841,3354.7,1,652.7,3417.7,3582.1,3529.6
101,2016,359,1500,12.84,4841,3162.1,1,721,3295.5,3338.1,3354.5
101,2016,359,1600,12.84,4841,2732.5,1,729,2903.5,2856,2908.4
101,2016,359,1700,12.84,4841,2023.4,1,676.7,2206.2,2110.7,2199.8
101,2016,359,1800,12.84,4841,1186.9,1,556.2,1391.8,1270.6,1357.3
101,2016,359,1900,12.84,4841,449.88,.8,257.3,549.42,484.88,513.27
101,2016,359,2000,12.84,4841,7.8925,0,5.012,7.5529,8.5707,6.5321
101,2016,359,2100,12.84,4841,0,0,3.353,0,0,0
101,2016,359,2200,12.84,4841,0,0,3.353,0,0,0
101,2016,359,2300,12.84,4841,0,0,3.353,0,0,0
101,2016,359,2400,12.84,4841,0,0,3.353,0,0,0
102,2016,359,2400,12.84,4841,25078,11.21,281.7,27532,27489,27491
101,2016,360,100,12.84,4841,0,0,3.353,0,0,0
101,2016,360,200,12.85,4841,0,0,3.353,0,0,0
101,2016,360,300,12.84,4841,0,0,3.353,0,0,0
101,2016,360,400,12.84,4841,0,0,3.353,.02605,0,0
101,2016,360,500,12.84,4841,0,0,3.353,0,0,0
101,2016,360,600,12.84,4841,0,0,3.353,0,0,0
101,2016,360,700,12.84,4841,0,0,3.353,0,.06131,0
101,2016,360,800,12.84,4841,154.55,.217,57.31,229.96,211.46,198.14
101,2016,360,900,12.84,4841,616.77,.616,193.1,821.17,775.61,739.62
101,2016,360,1000,12.84,4841,1446.5,.75,344.9,1657.7,1645.3,1613.5
101,2016,360,1100,12.84,4841,2385.1,1,580.2,2648.8,2671.3,2626.6
101,2016,360,1200,12.84,4841,3019.6,1,664.3,3195.7,3300.2,3245.4
101,2016,360,1300,12.84,4841,3345.1,1,682.1,3425.2,3604.8,3538.9
101,2016,360,1400,12.84,4841,3380.5,1,651.5,3445.8,3606.5,3570.5
101,2016,360,1500,12.84,4841,3221.5,1,696.6,3354.3,3390.8,3413.5
101,2016,360,1600,12.84,4841,2453.7,.816,600.8,2584.7,2545,2584.4
101,2016,360,1700,12.84,4841,2024.9,.983,669.8,2195.5,2103.7,2189.3
101,2017,3,1100,12.41,0,1663.7,.6,606.7,1807.5,1836.3,1827.5
101,2017,3,1200,12.35,0,3152.3,.933,626.5,3351.6,3441.9,3411.2
101,2017,3,1300,12.36,0,2402.5,.583,320.7,2397.8,2512,2500.3
101,2017,3,1400,12.43,0,2363.8,.65,363.6,2306.7,2423.4,2416.2
101,2017,3,1500,12.41,0,3062.6,.966,667.4,3077,3161.1,3195.2
101,2017,3,1600,12.4,0,2848.5,1,754,2986.5,2936.8,3006.3
101,2017,3,1700,12.45,0,2139.6,1,723,2320.5,2217.7,2316.8
101,2017,3,1800,12.43,0,1365.2,1,616.3,1531.5,1418.7,1514.6
101,2017,3,1900,12.36,0,619.76,.916,312.4,668.48,612.87,644.71
101,2017,3,2000,12.34,0,24.066,0,9.8,19.746,22.357,19.038
101,2017,3,2100,12.34,0,0,0,3.353,0,0,0
101,2017,3,2200,12.4,0,0,0,3.353,0,0,0
101,2017,3,2300,12.4,0,0,0,3.353,0,0,0
101,2017,3,2400,12.44,4841,0,0,3.353,0,0,0
102,2017,3,2400,12.34,4841,19642,7.65,350.8,20467,20583,20852
101,2017,4,100,12.45,4841,0,0,3.353,0,0,0
101,2017,4,200,12.47,4841,0,0,3.353,0,0,0
101,2017,4,300,12.48,4841,0,0,3.353,0,0,0
101,2017,4,400,12.49,4841,0,0,3.353,0,0,0
101,2017,4,500,12.49,4841,0,0,3.353,0,0,0
101,2017,4,600,12.45,4841,0,0,3.353,0,0,0
101,2017,4,700,12.48,4841,0,0,3.353,0,0,0
101,2017,4,800,12.49,4841,109,.117,39.49,158.17,146.48,141.06
101,2017,4,900,12.49,4841,798.42,.783,291.8,1083.1,1023.4,980.77
101,2017,4,1000,12.49,4841,1605.1,1,488.1,1948.7,1896.5,1860.1
101,2017,4,1100,12.49,4841,2334,.966,583.5,2595.9,2610.2,2568.2
101,2017,4,1200,12.49,4841,2775.5,.833,574.1,2940.5,3024.7,2977.8
101,2017,4,1300,12.49,4841,2034.4,.367,253,2032.4,2115.7,2104.7
101,2017,4,1400,12.49,4841,3110.3,.816,448.8,3143.7,3279.2,3280.2
101,2017,4,1500,12.49,4841,3100.5,.916,648.7,3169.9,3229.2,3264.8
101,2017,4,1600,12.47,4841,2838,1,784,3035.6,2971.5,3043
101,2017,4,1700,12.45,4841,2135.2,1,734,2329.6,2221.5,2321.9
101,2017,4,1800,12.43,4841,1337.8,1,646.9,1558.7,1429.9,1529.8
101,2017,4,1900,12.43,4841,486.15,1,417.3,676.91,555.99,612.32
101,2017,4,2000,12.47,4841,13.153,0,13.69,16.617,15.769,13.838
101,2017,4,2100,12.47,4841,0,0,3.353,0,0,0
101,2017,4,2200,12.47,4841,0,0,3.353,0,0,0
101,2017,4,2300,12.42,4841,0,0,3.353,0,0,0
101,2017,4,2400,12.45,4841,0,0,3.353,0,0,0
102,2017,4,2400,12.42,4841,22677,9.8,248.3,24690,24520,24698
101,2017,5,100,12.43,4841,0,0,3.353,0,0,0
101,2017,5,200,12.49,4841,0,0,3.353,0,0,0
101,2017,5,300,12.49,4841,0,0,3.353,0,0,0
101,2017,5,400,12.47,4841,0,0,3.353,0,0,0
101,2017,5,500,12.45,4841,0,0,3.353,0,0,0
101,2017,5,600,12.34,4841,0,0,3.353,0,0,0
101,2017,5,700,12.32,4841,0,0,3.353,0,0,0
101,2017,5,800,12.34,4841,124.72,.3,65.67,206.04,183.6,175.57
101,2017,5,900,12.41,4841,895.48,1,377.4,1301,1197.9,1151.9
101,2017,5,1000,12.39,4841,1761.1,1,546.9,2135.6,2076.6,2029.1
101,2017,5,1100,12.3,4841,2569.5,1,670.7,2864.9,2880,2834.5
101,2017,5,1200,12.38,4841,3104.5,1,711,3309.1,3402.6,3359.3
101,2017,5,1300,12.28,4841,3423.3,1,714,3548.6,3681.1,3662.3
101,2017,5,1400,12.31,4841,3569.7,1,700,3642.3,3772.8,3774.9
101,2017,5,1500,12.3,4841,3187.4,.966,710,3303.6,3350.3,3383.9
101,2017,5,1600,12.33,4841,2874.9,1,783,3044.7,2984.9,3050.3
101,2017,5,1700,12.32,4841,2180.3,1,753,2376.6,2275.3,2369
101,2017,5,1800,12.28,4841,1330.2,1,638.6,1538.2,1417.9,1510.6
101,2017,5,1900,12.34,4841,452.19,.95,351,606.55,509.44,552.26
101,2017,5,2000,12.31,4841,13.95,0,10.95,15.653,16.026,13.275
101,2017,5,2100,12.18,4841,0,0,3.353,0,0,0
101,2017,5,2200,12.31,4841,0,0,3.353,0,0,0
101,2017,5,2300,12.36,4841,0,0,3.353,0,0,0
101,2017,5,2400,12.32,4841,0,0,3.353,0,0,0
102,2017,5,2400,12.18,4841,25487,11.21,294.5,27893,27748,27867
101,2017,6,100,12.32,4841,0,0,3.353,0,0,0
101,2017,6,200,12.34,4841,0,0,3.353,0,0,0
101,2017,6,300,12.32,4841,0,0,3.353,0,0,0
101,2017,6,400,12.35,4841,0,0,3.353,0,0,0
101,2017,6,500,12.31,4841,0,0,3.353,0,0,0
101,2017,6,600,12.31,4841,0,0,3.353,0,0,0
101,2017,6,700,12.33,4841,0,0,3.353,0,0,0
101,2017,6,800,12.29,4841,133.83,.333,90.2,249.25,219.9,206.42
101,2017,6,900,12.26,4841,924.84,1,433.4,1386.5,1265.6,1208.8
101,2017,6,1000,12.28,4841,1823.7,1,594.6,2238.2,2169.5,2123.7
101,2017,6,1100,12.24,4841,2630.1,1,702,2945.9,2954.5,2915.6
101,2017,6,1200,12.28,4841,3197,1,749,3402.4,3498,3444.5
101,2017,6,1300,12.24,4841,3497.1,1,757,3606.8,3749.5,3707.9
101,2017,6,1400,12.3,4841,3529.2,1,714,3581.3,3722.1,3698.6
101,2017,6,1500,12.26,4841,3232.6,.983,737,3349.2,3389.7,3410.2
101,2017,6,1600,12.28,4841,2835.9,1,779,3028.1,2962.2,3021.4
101,2017,6,1700,12.24,4841,2155.3,1,738,2352.5,2254.4,2352.8
101,2017,6,1800,12.27,4841,1239.9,1,566.7,1418,1313.8,1396.9
101,2017,6,1900,12.25,4841,468.37,1,394.7,643.85,530.01,581.48
101,2017,6,2000,12.22,4841,16.721,.05,17.73,22.554,20.378,17.798
101,2017,6,2100,12.24,4841,0,0,3.353,0,0,0
101,2017,6,2200,12.26,4841,0,0,3.353,0,0,0
101,2017,6,2300,12.28,4841,0,0,3.353,0,0,0
101,2017,6,2400,12.3,4841,0,0,3.353,0,0,0
102,2017,6,2400,12.22,4841,25685,11.36,304.6,28225,28050,28086
101,2017,7,100,12.26,4841,0,0,3.353,0,0,0
101,2017,7,200,12.28,4841,0,0,3.353,0,0,0
101,2017,7,300,12.37,4841,0,0,3.353,0,0,0
101,2017,7,400,12.41,4841,0,0,3.353,0,0,0
101,2017,7,500,12.37,4841,0,0,3.353,0,0,0
101,2017,7,600,11.97,4841,0,0,3.353,0,0,0
101,2017,7,700,11.95,4841,0,0,3.353,0,0,0
101,2017,7,800,12.14,4841,149.16,.3,66.53,229.78,210.57,199.47
101,2017,7,900,12.22,4841,778.86,.733,266.6,1012.5,961.38,924.69
101,2017,7,1000,12.16,4841,1681.6,1,531.2,2049.7,1989.7,1944.8
101,2017,7,1100,12.17,4841,2421.4,1,610,2696.1,2708.7,2665.3
101,2017,7,1200,12.21,4841,2628.8,.966,489.7,2792.3,2859.6,2809.6
101,2017,7,1300,12.18,4841,2621.5,.85,381.8,2693.4,2781.5,2746.8
101,2017,7,1400,12.21,4841,3529,1,603.3,3551.9,3704.7,3690
101,2017,7,1500,12.2,4841,3159.5,.966,550.9,3167.4,3248.6,3270.2
101,2017,7,1600,12.21,4841,2658.5,1,649.9,2756.4,2729.3,2788.8
101,2017,7,1700,12.17,4841,1942.8,.916,496.6,1969.8,1955.6,2015.4
101,2017,7,1800,12.2,4841,1254.2,.983,558.6,1411.7,1316.2,1401.6
101,2017,7,1900,12.22,4841,448.45,.933,311.2,577.76,493.06,535.32
101,2017,7,2000,12.18,4841,17.636,0,11.76,20.712,19.591,17.775
101,2017,7,2100,12.12,4841,0,0,3.353,0,0,0
101,2017,7,2200,12.2,4841,0,0,3.353,0,0,0
101,2017,7,2300,12.16,4841,0,0,3.353,0,0,0
101,2017,7,2400,12.16,4841,0,0,3.353,0,0,0
102,2017,7,2400,11.95,4841,23291,10.65,231.9,24929,24978,25010
101,2017,8,100,12.24,4841,0,0,3.353,0,0,0
101,2017,8,200,12.24,4841,0,0,3.353,0,0,0
101,2017,8,300,12.2,4841,0,0,3.353,0,0,0
101,2017,8,400,12.17,4841,0,0,3.353,0,0,0
101,2017,8,500,12.16,4841,0,0,3.353,0,0,0
101,2017,8,600,12.25,4841,0,0,3.353,0,0,0
101,2017,8,700,12.22,4841,0,0,3.353,0,0,0
101,2017,8,800,12.16,4841,83.717,.017,29.56,118.62,111.87,103.43
101,2017,8,900,12.2,4841,628.19,.75,159.1,754.19,733.89,712.78
101,2017,8,1000,12.23,4841,848.82,.167,64.56,816.01,856.16,837.87
101,2017,8,1100,12.1,4841,1635.8,.483,273,1712.2,1742.8,1716.5
101,2017,8,1200,12.15,4841,1960.3,.483,192.6,1930.9,2014.7,1988
101,2017,8,1300,12.17,4841,2975.6,.983,518.8,3026.3,3155.1,3104.3
101,2017,8,1400,12.18,4841,3265.5,1,601.7,3318.7,3441.6,3416.6
101,2017,8,1500,12.22,4841,3130.1,1,669,3227.1,3272.1,3285.7
101,2017,8,1600,12.19,4841,2812.2,1,711,2979.2,2925.8,2979.3
101,2017,8,1700,12.21,4841,1965.5,.866,579.9,2103.2,2034.5,2093.8
101,2017,8,1800,12.2,4841,1033.3,.9,426.5,1154.7,1085.9,1136
101,2017,8,1900,12.22,4841,400.3,.766,228.6,488.82,434.77,456.34
101,2017,8,2000,12.2,4841,8.678,0,4.918,7.9521,9.7721,6.6374
101,2017,8,2100,12.33,4841,0,0,3.353,0,0,0
101,2017,8,2200,12.19,4841,0,0,3.353,0,0,0
101,2017,8,2300,12.18,4841,0,0,3.353,0,0,0
101,2017,8,2400,12.2,4841,0,0,3.353,0,0,0
102,2017,8,2400,12.1,4841,20748,8.41,187.4,21638,21819,21837
101,2017,9,100,12.19,4841,0,0,3.353,0,0,0
101,2017,9,200,12.22,4841,0,0,3.353,0,0,0
101,2017,9,300,12.25,4841,0,0,3.353,0,0,0
101,2017,9,400,12.24,4841,0,0,3.353,0,0,0
101,2017,9,500,12.22,4841,0,0,3.353,0,0,0
101,2017,9,600,12.26,4841,0,0,3.353,0,0,0
101,2017,9,700,12.26,4841,0,0,3.353,0,0,0
101,2017,9,800,12.34,4841,73.153,0,20.71,95.343,92.163,85.034
101,2017,9,900,12.28,4841,583.65,.866,204.6,772.53,729.83,703.02
101,2017,9,1000,12.24,4841,1273.3,1,361.7,1500,1468.2,1433.6
101,2017,9,1100,12.26,4841,2046.2,1,488.6,2243.8,2257.3,2223.3
101,2017,9,1200,12.25,4841,2658.3,1,554.4,2789.6,2864.8,2829.2
101,2017,9,1300,12.3,4841,3017.7,1,563.3,3080.4,3200,3166.6
101,2017,9,1400,12.28,4841,3100.3,1,521.2,3138.8,3254.2,3246.1
101,2017,9,1500,12.29,4841,2759.7,1,516.6,2803.8,2852,2867.8
101,2017,9,1600,12.3,4841,2480.4,1,601.1,2584,2551.9,2591.8
101,2017,9,1700,12.3,4841,1429.5,.683,335.4,1452,1442,1466.4
101,2017,9,1800,12.28,4841,925.37,1,293.8,980.94,946.59,984.43
101,2017,9,1900,12.26,4841,289.05,.333,99.8,318.3,299.94,307.43
101,2017,9,2000,12.33,4841,12.269,0,4.504,12.023,12.947,10.464
101,2017,9,2100,12.3,4841,0,0,3.353,0,0,0
101,2017,9,2200,12.29,4841,0,0,3.353,0,0,0
101,2017,9,2300,12.33,4841,0,0,3.353,0,0,0
101,2017,9,2400,12.3,4841,0,0,3.353,0,0,0
102,2017,9,2400,12.19,4841,20649,9.88,191.8,21771,21972,21915
101,2017,10,100,12.37,4841,0,0,3.353,0,0,0
101,2017,10,200,12.38,4841,0,0,3.353,0,0,0
101,2017,10,300,12.38,4841,0,0,3.353,0,0,0
101,2017,10,400,12.38,4841,0,0,3.353,0,0,0
101,2017,10,500,12.39,4841,0,0,3.353,0,0,0
101,2017,10,600,12.4,4841,0,0,3.353,0,0,0
101,2017,10,700,12.41,4841,0,0,3.353,0,0,0
101,2017,10,800,12.41,4841,67.196,0,13.03,78.384,77.581,75.451
101,2017,10,900,12.4,4841,634.26,.716,215.1,816.01,782.29,768.8
101,2017,10,1000,12.4,4841,1405.2,1,401.5,1663.3,1630.7,1609.5
101,2017,10,1100,12.42,4841,2137.4,1,502.3,2351,2362.8,2349.4
101,2017,10,1200,12.43,4841,2682.4,1,541.7,2827.8,2900.2,2870.3
101,2017,10,1300,12.42,4841,2916.4,1,502.5,2983.6,3091.3,3067.3
101,2017,10,1400,12.4,4841,2743,.816,369.6,2755.5,2858.3,2837.6
101,2017,10,1500,12.38,4841,1007.1,.133,93.7,968.21,1001.3,1006.1
101,2017,10,1600,12.41,4841,1506.2,.483,262.1,1526.2,1532.7,1551.6
101,2017,10,1700,12.4,4841,1234.6,.6,321.5,1250.2,1241.5,1284.2
101,2017,10,1800,12.41,4841,871.77,.783,306.6,940.18,898.3,943.06
101,2017,10,1900,12.43,4841,345.22,.616,163.2,404.32,365.38,386.15
101,2017,10,2000,12.42,4841,13.403,0,4.867,12.995,13.854,11.75
101,2017,10,2100,12.42,4841,0,0,3.353,0,0,0
101,2017,10,2200,12.42,4841,0,0,3.353,0,0,0
101,2017,10,2300,12.43,4841,0,0,3.353,0,0,0
101,2017,10,2400,12.4,4841,0,0,3.353,0,0,0
102,2017,10,2400,12.37,4841,17564,8.15,155.6,18578,18756,18761
101,2017,11,100,12.42,4841,0,0,3.353,0,0,0
101,2017,11,200,12.43,4841,0,0,3.353,0,0,0
101,2017,11,300,12.43,4841,0,0,3.353,0,0,0
101,2017,11,400,12.43,4841,0,0,3.353,0,0,0
101,2017,11,500,12.42,4841,0,0,3.353,0,0,0
101,2017,11,600,12.42,4841,0,0,3.353,0,0,0
101,2017,11,700,12.41,4841,0,0,3.353,0,0,0
101,2017,11,800,12.45,4841,23.191,0,3.353,21.022,23.865,20.366
101,2017,11,900,12.41,4841,293.11,0,14.77,263.63,282.72,274.82
101,2017,11,1000,12.38,4841,814.03,.117,76.5,807.04,833.81,823.44
101,2017,11,1100,12.38,4841,1662.5,.983,281.7,1800.4,1811.8,1815.6
101,2017,11,1200,12.4,4841,2383.5,1,361.2,2469.1,2541.5,2558.3
101,2017,11,1300,12.41,4841,2674.7,1,324.4,2679.3,2783.2,2807.5
101,2017,11,1400,12.43,4841,2621.2,.6,220.6,2559.2,2663.9,2683
101,2017,11,1500,12.41,4841,2997.6,1,473.8,3007.7,3069.7,3111.6
101,2017,11,1600,12.39,4841,2309.3,1,466.7,2355.2,2351.1,2390.1
101,2017,11,1700,12.32,4841,1623.2,1,403.5,1674.3,1651.1,1695.1
101,2017,11,1800,12.44,4841,1088.5,1,342.5,1150.4,1113.8,1157.3
101,2017,11,1900,12.47,4841,447.42,.55,177.5,495.57,463.53,480.89
101,2017,11,2000,12.45,4841,16.917,0,5.627,15.539,17.324,14.643
101,2017,11,2100,12.45,4841,0,0,3.353,0,0,0
101,2017,11,2200,12.34,4841,0,0,3.353,0,0,0
101,2017,11,2300,12.45,4841,0,0,3.353,0,0,0
101,2017,11,2400,12.47,4841,0,0,3.353,0,0,0
102,2017,11,2400,12.32,4841,18955,8.25,132.9,19298,19607,19833
101,2017,12,100,12.47,4841,0,0,3.353,0,0,0
101,2017,12,200,12.46,4841,0,0,3.353,0,0,0
101,2017,12,300,12.41,4841,0,0,3.353,0,0,0
101,2017,12,400,12.46,4841,0,0,3.353,0,0,0
101,2017,12,500,12.32,4841,0,0,3.353,0,0,0
101,2017,12,600,12.39,4841,0,0,3.353,0,0,0
101,2017,12,700,12.43,4841,0,0,3.353,0,0,0
101,2017,12,800,12.46,4841,108.75,.233,50.63,164.3,152.84,142.39
101,2017,12,900,12.45,4841,811.15,1,352.5,1141.9,1066.6,1022.8
101,2017,12,1000,12.41,4841,1649.3,1,520,1982.5,1937.2,1912
101,2017,12,1100,12.41,4841,2403.2,1,614.9,2654.9,2665.1,2668.4
101,2017,12,1200,12.43,4841,2927.2,1,650.9,3089.9,3178.8,3182
101,2017,12,1300,12.38,4841,3277.2,1,659.1,3372.8,3496.8,3506.7
101,2017,12,1400,12.42,4841,3394.6,1,641.8,3444.4,3563.9,3603.5
101,2017,12,1500,12.44,4841,3221.9,1,705,3313.1,3352.1,3405.5
101,2017,12,1600,12.45,4841,2768.4,1,733,2920.5,2863.7,2930
101,2017,12,1700,12.45,4841,2038.7,1,671.9,2181.9,2107.4,2184.9
101,2017,12,1800,12.41,4841,1225.9,1,526.9,1359.7,1280.5,1353
101,2017,12,1900,12.41,4841,399.57,.833,236.4,486.62,429.44,455.25
101,2017,12,2000,12.39,4841,17.103,0,7.47,17.457,18.096,15.486
101,2017,12,2100,12.39,4841,0,0,3.353,0,0,0
101,2017,12,2200,12.4,4841,0,0,3.353,0,0,0
101,2017,12,2300,12.43,4841,0,0,3.353,0,0,0
101,2017,12,2400,12.42,4841,0,0,3.353,0,0,0
102,2017,12,2400,12.32,4841,24243,11.06,267,26130,26113,26382
101,2017,13,100,12.46,4841,0,0,3.353,0,0,0
101,2017,13,200,12.47,4841,0,0,3.353,0,0,0
101,2017,13,300,12.45,4841,0,0,3.353,0,0,0
101,2017,13,400,12.41,4841,0,0,3.353,0,0,0
101,2017,13,500,12.4,4841,0,0,3.353,0,0,0
101,2017,13,600,12.43,4841,0,0,3.353,0,0,0
101,2017,13,700,12.41,4841,0,0,3.353,0,0,0
101,2017,13,800,12.4,4841,86.307,.15,41.11,131.49,124.29,116.06
101,2017,13,900,12.4,4841,729.5,1,304.2,1011.5,948.65,921.68
101,2017,13,1000,12.39,4841,1554.1,1,480.7,1862.4,1817.7,1805.5
101,2017,13,1100,12.4,4841,2149.7,1,523.9,2364.2,2372,2392.5
101,2017,13,1200,12.41,4841,2840.1,1,596,2993.3,3069,3111.3
101,2017,13,1300,12.44,4841,3042.1,.933,513.7,3097.5,3213.6,3269.9
101,2017,13,1400,12.45,4841,3237.2,.85,422.3,3159.2,3322,3383
101,2017,13,1500,12.46,4841,2494.6,.716,372,2460.1,2539.7,2592.8
101,2017,13,1600,12.45,4841,2719.6,1,675.3,2821.7,2796.1,2882.9
101,2017,13,1700,12.45,4841,2050.8,1,653.6,2182.1,2115.6,2210.1
101,2017,13,1800,12.45,4841,1210.5,.983,516.1,1346.9,1266.8,1342.3
101,2017,13,1900,12.45,4841,440.2,.95,279.4,544.97,475.48,507.88
101,2017,13,2000,12.45,4841,22.524,0,13.12,25.07,24.581,22.383
101,2017,13,2100,12.47,4841,0,0,3.353,0,0,0
101,2017,13,2200,12.46,4841,0,0,3.353,0,0,0
101,2017,13,2300,12.47,4841,0,0,3.353,0,0,0
101,2017,13,2400,12.46,4841,0,0,3.353,0,0,0
102,2017,13,2400,12.39,4841,22577,10.58,226.2,24000,24085,24558
101,2017,14,100,12.47,4841,0,0,3.353,0,0,0
101,2017,14,200,12.48,4841,0,0,3.353,0,0,0
101,2017,14,300,12.49,4841,0,0,3.353,0,0,0
101,2017,14,400,12.48,4841,0,0,3.353,0,0,0
101,2017,14,500,12.47,4841,0,0,3.353,0,0,0
101,2017,14,600,12.47,4841,0,0,3.353,0,0,0
101,2017,14,700,12.46,4841,0,0,3.353,0,0,0
101,2017,14,800,12.46,4841,61.954,0,6.901,59.186,63.048,59.989
101,2017,14,900,12.4,4841,503.37,.35,117.9,576.2,568.55,553.49
101,2017,14,1000,12.38,4841,1004.6,.35,177.9,1086.5,1095.8,1086.8
101,2017,14,1100,12.44,4841,2227.3,1,547.2,2442.8,2449.6,2463.5
101,2017,14,1200,12.36,4841,2726.3,1,565.6,2877,2943.6,2973.4
101,2017,14,1300,12.41,4841,2923.9,1,521.8,3002.5,3100.3,3141.3
101,2017,14,1400,12.38,4841,2977,1,439.4,3022.9,3119.7,3180.6
101,2017,14,1500,12.37,4841,1189.4,.2,125.3,1162.1,1198.8,1207.2
101,2017,14,1600,12.38,4841,2453.3,.966,545.3,2520.1,2512.4,2576.6
101,2017,14,1700,12.38,4841,1819.4,1,565,1930.4,1877.5,1953
101,2017,14,1800,12.33,4841,1129.7,1,460.7,1240.3,1174.9,1237.9
101,2017,14,1900,12.35,4841,384.76,.783,209.6,456.31,408.6,431.61
101,2017,14,2000,12.52,4841,16.803,0,6.957,16.849,17.654,15.247
101,2017,14,2100,12.35,4841,0,0,3.353,0,0,0
101,2017,14,2200,12.41,4841,0,0,3.353,0,0,0
101,2017,14,2300,12.45,4841,0,0,3.353,0,0,0
101,2017,14,2400,12.45,4841,0,0,3.353,0,0,0
102,2017,14,2400,12.33,4841,19418,8.65,180.3,20393,20531,20881
101,2017,15,100,12.47,4841,0,0,3.353,0,0,0
101,2017,15,200,12.47,4841,0,0,3.353,0,0,0
101,2017,15,300,12.47,4841,0,0,3.353,0,0,0
101,2017,15,400,12.47,4841,0,0,3.353,0,0,0
101,2017,15,500,12.47,4841,0,0,3.353,0,0,0
101,2017,15,600,12.47,4841,0,0,3.353,0,0,0
101,2017,15,700,12.48,4841,0,0,3.353,0,0,0
101,2017,15,800,12.47,4841,70.148,.067,31.39,111.88,104.41,99.281
101,2017,15,900,12.48,4841,667.77,1,274.9,921.6,869.35,845.56
101,2017,15,1000,12.47,4841,1505.1,1,450.2,1808.7,1777,1762.4
101,2017,15,1100,12.47,4841,1527.8,.45,244.5,1595.2,1629.8,1636
101,2017,15,1200,12.46,4841,2726.2,.933,525.2,2851.6,2928.9,2942.6
101,2017,15,1300,12.45,4841,2629.6,.75,436.4,2651.8,2763.9,2788.7
101,2017,15,1400,12.47,4841,2653.8,.666,351.1,2644,2768.7,2794.4
101,2017,15,1500,12.45,4841,3187.8,.933,538.7,3134.4,3248.4,3286.8
101,2017,15,1600,12.45,4841,2647.4,1,662.2,2736.6,2715.3,2797.8
101,2017,15,1700,12.45,4841,2002.8,1,644.4,2136.9,2067.3,2173.8
101,2017,15,1800,12.45,4841,1225.7,1,530.6,1361.7,1282.5,1364.1
101,2017,15,1900,12.45,4841,442.56,.883,284.9,546.4,476.41,511.36
101,2017,15,2000,12.45,4841,18.578,0,9.04,19.531,19.604,17.628
101,2017,15,2100,12.46,4841,0,0,3.353,0,0,0
101,2017,15,2200,12.46,4841,0,0,3.353,0,0,0
101,2017,15,2300,12.47,4841,0,0,3.353,0,0,0
101,2017,15,2400,12.48,4841,0,0,3.353,0,0,0
102,2017,15,2400,12.45,4841,21305,9.68,209.2,22520,22651,23020
101,2017,16,100,12.49,4841,0,0,3.353,0,0,0
101,2017,16,200,12.51,4841,0,0,3.353,0,0,0
101,2017,16,300,12.51,4841,0,0,3.353,0,0,0
101,2017,16,400,12.51,4841,0,0,3.353,0,0,0
101,2017,16,500,12.52,4841,0,0,3.353,0,0,0
101,2017,16,600,12.51,4841,0,0,3.353,0,0,0
101,2017,16,700,12.52,4841,0,0,3.353,0,0,0
101,2017,16,800,12.51,4841,63.555,.233,50.52,139.78,127.4,123.91
101,2017,16,900,12.47,4841,788,1,371,1136.2,1062.2,1020.2
101,2017,16,1000,12.45,4841,1515.7,1,488.3,1825.1,1791.7,1769.8
101,2017,16,1100,12.47,4841,2311.2,1,584.1,2545.5,2557.8,2571.4
101,2017,16,1200,12.45,4841,2940.6,1,635.1,3085.3,3172.5,3194
101,2017,16,1300,12.47,4841,3209.2,1,612.7,3273.3,3402.8,3442.8
101,2017,16,1400,12.47,4841,3199.7,.983,568.2,3225,3377.1,3405.9
101,2017,16,1500,12.46,4841,3088.1,1,639,3144.7,3230.1,3278.4
101,2017,16,1600,12.47,4841,2679.9,1,675,2795.1,2769.1,2852.3
101,2017,16,1700,12.48,4841,2041.9,1,648.7,2174.2,2108,2213.3
101,2017,16,1800,12.47,4841,1305.6,1,564,1449.1,1369.3,1455.8
101,2017,16,1900,12.47,4841,501.87,1,337.7,625.22,541.03,579.99
101,2017,16,2000,12.46,4841,25.492,0,16.97,29.184,27.965,26.063
101,2017,16,2100,12.47,4841,0,0,3.353,0,0,0
101,2017,16,2200,12.49,4841,0,0,3.353,0,0,0
101,2017,16,2300,12.49,4841,0,0,3.353,0,0,0
101,2017,16,2400,12.5,4841,0,0,3.353,0,0,0
102,2017,16,2400,12.45,4841,23671,11.21,259.5,25448,25537,25934
101,2017,17,100,12.51,4841,0,0,3.353,0,0,0
101,2017,17,200,12.51,4841,0,0,3.353,0,0,0
101,2017,17,300,12.51,4841,0,0,3.353,0,0,0
101,2017,17,400,12.51,4841,0,0,3.353,0,0,0
101,2017,17,500,12.49,4841,0,0,3.353,0,0,0
101,2017,17,600,12.49,4841,0,0,3.353,0,0,0
101,2017,17,700,12.49,4841,0,0,3.353,0,0,0
101,2017,17,800,12.49,4841,65.54,.2,45.38,133.29,121.79,115.74
101,2017,17,900,12.47,4841,781.6,1,344.3,1101.5,1032.6,1002.6
101,2017,17,1000,12.46,4841,1615,1,505.8,1935.8,1899.1,1884.5
101,2017,17,1100,12.46,4841,2437.8,1,614.5,2685.9,2689.7,2714.6
101,2017,17,1200,12.43,4841,2931.3,1,626,3070.7,3146.5,3159.7
101,2017,17,1300,12.44,4841,3238,1,613.2,3305.5,3423.8,3443
101,2017,17,1400,12.45,4841,3310.4,1,589.6,3338.7,3478.4,3487.2
101,2017,17,1500,12.44,4841,3098.9,1,647.1,3159.5,3233.2,3263.4
101,2017,17,1600,12.45,4841,2622.1,1,655.4,2729.1,2711.6,2775.1
101,2017,17,1700,12.46,4841,2020.5,1,632.9,2138.8,2080.9,2181.8
101,2017,17,1800,12.3,4841,1232.6,1,488.9,1332.6,1273.9,1344.2
101,2017,17,1900,12.86,4841,416.53,.766,195.3,469.21,431.72,450.76
101,2017,17,2000,12.77,4841,22.938,0,8.15,22.518,23.699,20.753
101,2017,17,2100,12.85,4841,0,0,3.353,0,0,0
101,2017,17,2200,12.86,4841,0,0,3.353,0,0,0
101,2017,17,2300,12.86,4841,0,0,3.353,0,0,0
101,2017,17,2400,12.86,4841,0,0,3.353,0,0,0
102,2017,17,2400,12.3,4841,23793,10.96,250.1,25423,25547,25843
101,2017,18,100,12.86,4841,0,0,3.353,0,0,0
101,2017,18,200,12.86,4841,0,0,3.353,0,0,0
101,2017,18,300,12.86,4841,0,0,3.353,0,0,0
101,2017,18,400,12.86,4841,0,0,3.353,0,0,0
101,2017,18,500,12.86,4841,0,0,3.353,0,0,0
101,2017,18,600,12.86,4841,0,0,3.353,0,0,0
101,2017,18,700,12.86,4841,0,0,3.353,0,0,0
101,2017,18,800,12.86,4841,80.729,.2,48.57,149.21,139.23,130.48
101,2017,18,900,12.85,4841,777.79,1,340.4,1080.6,1019.3,984.19
101,2017,18,1000,12.85,4841,1661.1,1,529.8,1987.3,1952.1,1932.6
101,2017,18,1100,12.85,4841,2390.3,1,598.9,2622,2629.9,2656.5
101,2017,18,1200,12.85,4841,2882.8,1,608,3015.8,3092.8,3118.9
101,2017,18,1300,12.85,4841,3181.4,1,594.2,3237.2,3352.5,3380.2
101,2017,18,1400,12.85,4841,3213.2,1,554.8,3240.5,3375.7,3392.7
101,2017,18,1500,12.85,4841,2994.7,1,603.2,3050.7,3126.5,3162.4
101,2017,18,1600,12.85,4841,2641.8,1,628.8,2724.4,2716.7,2794.1
101,2017,18,1700,12.85,4841,1956.7,1,581.3,2056.6,2008.7,2102.2
101,2017,18,1800,12.85,4841,1070.6,1,400.8,1157.4,1107.6,1164.8
101,2017,18,1900,12.86,4841,340.16,.533,140.6,378.85,352.47,365.45
101,2017,18,2000,12.86,4841,17.139,0,7,16.658,17.495,15.261
101,2017,18,2100,12.85,4841,0,0,3.353,0,0,0
101,2017,18,2200,12.86,4841,0,0,3.353,0,0,0
101,2017,18,2300,12.86,4841,0,0,3.353,0,0,0
101,2017,18,2400,12.86,4841,0,0,3.353,0,0,0
102,2017,18,2400,12.85,4841,23208,10.73,236.4,24717,24891,25200
101,2017,19,100,12.86,4841,0,0,3.353,0,0,0
101,2017,19,200,12.86,4841,0,0,3.353,0,0,0
101,2017,19,300,12.86,4841,0,0,3.353,0,0,0
101,2017,19,400,12.86,4841,0,0,3.353,0,0,0
101,2017,19,500,12.86,4841,0,0,3.353,0,0,0
101,2017,19,600,12.86,4841,0,0,3.353,0,0,0
101,2017,19,700,12.86,4841,0,0,3.353,0,0,0
101,2017,19,800,12.85,4841,71.39,0,12.67,81.094,82.463,78.206
101,2017,19,900,12.85,4841,638.78,.566,162.2,759.48,746.17,733.07
101,2017,19,1000,12.85,4841,1512.1,1,447.2,1778.7,1757.7,1739
101,2017,19,1100,12.85,4841,2331.6,1,568.2,2547.2,2564.3,2587.3
101,2017,19,1200,12.85,4841,2875.9,1,596.7,2994.4,3082.3,3116.4
101,2017,19,1300,12.85,4841,3168.7,1,584.3,3222,3346,3390.7
101,2017,19,1400,12.85,4841,3197.7,1,547.6,3215.8,3367,3408.2
101,2017,19,1500,12.85,4841,2985,1,588.5,3036.6,3118,3166.1
101,2017,19,1600,12.85,4841,2650.7,1,643.2,2757.9,2742.8,2826.8
101,2017,19,1700,12.85,4841,2037.5,1,628.9,2155,2099.8,2205.2
101,2017,19,1800,12.85,4841,1248.8,1,536.9,1371.2,1299.1,1381.2
101,2017,19,1900,12.85,4841,438.33,.966,275.3,529.65,464.67,493.84
101,2017,19,2000,12.86,4841,35.89,0,18.76,39.618,37.957,36.731
101,2017,19,2100,12.86,4841,0,0,3.353,0,0,0
101,2017,19,2200,12.86,4841,0,0,3.353,0,0,0
101,2017,19,2300,12.86,4841,0,0,3.353,0,0,0
101,2017,19,2400,12.86,4841,0,0,3.353,0,0,0
102,2017,19,2400,12.85,4841,23192,10.53,235.3,24489,24708,25163
101,2017,20,100,12.86,4841,0,0,3.353,0,0,0
101,2017,20,200,12.86,4841,0,0,3.353,0,0,0
101,2017,20,300,12.86,4841,0,0,3.353,0,0,0
101,2017,20,400,12.86,4841,0,0,3.353,0,0,0
101,2017,20,500,12.86,4841,0,0,3.353,0,0,0
101,2017,20,600,12.86,4841,0,0,3.353,0,0,0
101,2017,20,700,12.86,4841,0,0,3.353,0,0,0
101,2017,20,800,12.86,4841,44.573,0,3.576,40.271,43.902,42.352
101,2017,20,900,12.86,4841,288.97,.017,10.45,274.28,286.82,282.9
101,2017,20,1000,12.86,4841,1010.8,.417,174.8,1071.7,1088.4,1077.1
101,2017,20,1100,12.86,4841,1908.9,.866,354.9,1992.1,2040.3,2040.3
101,2017,20,1200,12.86,4841,2470.3,1,470.8,2554.3,2628.5,2648
101,2017,20,1300,12.85,4841,2678.4,.95,424.9,2712.1,2824.4,2855.1
101,2017,20,1400,12.86,4841,3018.2,.983,461.1,2997.9,3133.4,3172.2
101,2017,20,1500,12.86,4841,2842.8,.966,535.8,2844.6,2929.5,2975.3
101,2017,20,1600,12.86,4841,2487.1,.95,550.7,2549.4,2550.8,2626.5
101,2017,20,1700,12.85,4841,1984.8,1,575.6,2065.8,2029,2122.7
101,2017,20,1800,12.86,4841,1174.4,1,466.6,1266.2,1212.7,1281.4
101,2017,20,1900,12.79,4841,453.82,.916,270.2,536.64,476.9,505.36
101,2017,20,2000,12.8,4841,23.213,0,10.38,23.637,24.066,21.989
101,2017,20,2100,12.79,4841,0,0,3.352,0,0,0
101,2017,20,2200,12.79,4841,0,0,3.353,0,0,0
101,2017,20,2300,12.79,4841,0,0,3.353,0,0,0
101,2017,20,2400,12.79,4841,0,0,3.353,0,0,0
102,2017,20,2400,12.79,4841,20386,9.06,181.1,20929,21269,21651
101,2017,21,100,12.79,4841,0,0,3.353,0,0,0
101,2017,21,200,12.79,4841,0,0,3.353,0,0,0
101,2017,21,300,12.79,4841,0,0,3.353,0,0,0
101,2017,21,400,12.78,4841,0,0,3.353,0,0,0
101,2017,21,500,12.78,4841,0,0,3.353,0,0,0
101,2017,21,600,12.77,4841,0,0,3.353,0,0,0
101,2017,21,700,12.77,4841,0,0,3.353,0,0,0
101,2017,21,800,12.77,4841,64.111,0,24.05,94.011,91.281,85.936
101,2017,21,900,12.77,4841,591.09,.916,220.6,766.55,740.82,715.21
101,2017,21,1000,12.77,4841,1361.9,1,393.8,1589.9,1576.7,1554.6
101,2017,21,1100,12.77,4841,1487.9,.583,248.1,1563.5,1597.1,1601.6
101,2017,21,1200,12.77,4841,1915.9,.583,272.4,1904.5,1961.5,1971.3
101,2017,21,1300,12.77,4841,876.3,0,4.158,768.88,835.78,826.27
101,2017,21,1400,12.77,4841,232.12,0,15.15,202.61,218.27,215.37
101,2017,21,1500,12.76,4841,73.728,0,3.353,62.836,69.567,72.003
101,2017,21,1600,12.76,4841,640.96,.233,63.15,589.79,615.83,624.55
101,2017,21,1700,12.76,4841,2133.5,1,513.8,2107.1,2079.3,2176.6
101,2017,21,1800,12.76,4841,1283.7,1,364.4,1261.5,1204.3,1298.4
101,2017,21,1900,12.76,4841,408.06,.85,188.9,433.31,408.28,425.2
101,2017,21,2000,12.76,4841,18.006,0,7.06,14.665,18.247,14.274
101,2017,21,2100,12.76,4841,0,0,3.353,0,0,0
101,2017,21,2200,12.76,4841,0,0,3.353,0,0,0
101,2017,21,2300,12.76,4841,0,0,3.353,0,0,0
101,2017,21,2400,12.75,4841,0,0,3.353,0,0,0
102,2017,21,2400,12.75,4841,11087,6.164,98.2,11359,11417,11581
101,2017,22,100,12.75,4841,0,0,3.353,0,0,0
101,2017,22,200,12.75,4841,0,0,3.353,0,0,0
101,2017,22,300,12.76,4841,0,0,3.353,0,0,0
101,2017,22,400,12.76,4841,0,0,3.353,0,0,0
101,2017,22,500,12.76,4841,0,0,3.353,0,0,0
101,2017,22,600,12.76,4841,0,0,3.353,0,0,0
101,2017,22,700,12.76,4841,0,0,3.353,0,0,0
101,2017,22,800,12.76,4841,44.898,0,8.01,52.802,52.905,51.058
101,2017,22,900,12.76,4841,689.55,.333,155.7,780.01,773.31,752.25
101,2017,22,1000,12.76,4841,1118.3,.7,183.6,1162.6,1192.1,1164.9
101,2017,22,1100,12.77,4841,2491.4,.983,610.7,2765.9,2783.5,2749.9
101,2017,22,1200,12.77,4841,2675.7,.8,480,2784.4,2879.9,2848.4
101,2017,22,1300,12.77,4841,3299.5,.916,631.1,3342.6,3503,3482.8
101,2017,22,1400,12.77,4841,3102.6,.833,556.4,3084.1,3245.4,3246.3
101,2017,22,1500,12.77,4841,3344.6,.983,721,3330.1,3436.1,3478.3
101,2017,22,1600,12.77,4841,3045.4,1,768,3054.2,3061.9,3134.8
101,2017,22,1700,12.77,4841,2314.6,1,749,2394.6,2300.9,2439.4
101,2017,22,1800,12.76,4841,1450.5,1,642.8,1570.8,1368.2,1576.4
101,2017,22,1900,12.76,4841,524.72,1,369.8,642.14,563.82,604.95
101,2017,22,2000,12.76,4841,18.8,0,14.24,20.885,21.013,18.169
101,2017,22,2100,12.76,4841,0,0,3.353,0,0,0
101,2017,22,2200,12.76,4841,0,0,3.353,0,0,0
101,2017,22,2300,12.76,4841,0,0,3.353,0,0,0
101,2017,22,2400,12.75,4841,0,0,3.353,0,0,0
102,2017,22,2400,12.75,4841,24120,9.55,247,24985,25182,25548
101,2017,23,100,12.75,4841,0,0,3.353,0,0,0
101,2017,23,200,12.75,4841,0,0,3.353,0,0,0
101,2017,23,300,12.75,4841,0,0,3.353,0,0,0
101,2017,23,400,12.75,4841,0,0,3.353,0,0,0
101,2017,23,500,12.75,4841,0,0,3.353,0,0,0
101,2017,23,600,12.75,4841,0,0,3.353,0,0,0
101,2017,23,700,12.74,4841,0,0,3.353,0,0,0
101,2017,23,800,12.74,4841,53.356,0,19.23,76.862,75.26,69.337
101,2017,23,900,12.74,4841,432.05,.067,59.1,458.44,462.19,451.93
101,2017,23,1000,12.77,4841,977.3,.716,217.1,1061.9,1070,1042.9
101,2017,23,1100,12.77,4841,1809.3,.633,254.3,1826.1,1888.5,1862.2
101,2017,23,1200,12.77,4841,2264.6,.55,338.5,2276.4,2370.2,2329.6
101,2017,23,1300,12.77,4841,2294.7,.433,262.3,2278.7,2384.3,2378.5
101,2017,23,1400,12.77,4841,3577.6,.983,630.5,3555.3,3738.7,3733.2
101,2017,23,1500,12.77,4841,1212.5,.2,115.2,1165.1,1223.4,1217.6
101,2017,23,1600,12.77,4841,969.38,.15,63.45,931.13,963.95,973.04
101,2017,23,1700,12.77,4841,1150.7,.383,226.4,1124.2,1134,1157.5
101,2017,23,1800,12.77,4841,308.1,0,12.53,265.15,288.68,282.25
101,2017,23,1900,12.77,4841,197.65,.033,46.55,181.78,186.91,185.08
101,2017,23,2000,12.77,4841,32.186,.117,31.32,40.331,34.795,35.355
101,2017,23,2100,12.76,4841,0,0,3.353,0,0,0
101,2017,23,2200,12.76,4841,0,0,3.353,0,0,0
101,2017,23,2300,12.77,4841,0,0,3.353,0,0,0
101,2017,23,2400,12.76,4841,0,0,3.353,0,0,0
102,2017,23,2400,12.74,4841,15279,4.265,96.4,15241,15821,15718
101,2017,24,100,12.77,4841,0,0,3.353,0,0,0
101,2017,24,200,12.76,4841,0,0,3.353,0,0,0
101,2017,24,300,12.77,4841,0,0,3.353,0,0,0
101,2017,24,400,12.76,4841,0,0,3.353,0,0,0
101,2017,24,500,12.76,4841,0,0,3.353,0,0,0
101,2017,24,600,12.76,4841,0,0,3.353,0,0,0
101,2017,24,700,12.76,4841,0,0,3.353,0,0,0
101,2017,24,800,12.76,4841,61.816,.15,39.86,112.78,106.92,97.855
101,2017,24,900,12.75,4841,724.37,1,337.1,997.24,934.54,895.37
101,2017,24,1000,12.75,4841,1504,.916,482.9,1787,1754,1700.8
101,2017,24,1100,12.75,4841,2149.2,.933,524,2340.1,2373.3,2327.9
101,2017,24,1200,12.75,4841,2954.3,1,613.7,3097.4,3205.6,3165
101,2017,24,1300,12.75,4841,3348.2,1,652.6,3407.8,3561.5,3537
101,2017,24,1400,12.75,4841,3225.9,.966,565,3202.2,3370.1,3354.9
101,2017,24,1500,12.75,4841,3099.9,.95,635.7,3077.7,3183.9,3206
101,2017,24,1600,12.75,4841,2781.5,1,696.8,2835.9,2829.4,2897.2
101,2017,24,1700,12.75,4841,2174,1,683.5,2254.9,2169,2299.1
101,2017,24,1800,12.76,4841,1377.6,1,584.5,1484.6,1314.4,1501.2
101,2017,24,1900,12.75,4841,496.54,.95,287.4,573.81,517.53,550.52
101,2017,24,2000,12.75,4841,33.749,0,17.88,36.901,35.247,33.556
101,2017,24,2100,12.75,4841,0,0,3.353,0,0,0
101,2017,24,2200,12.75,4841,0,0,3.353,0,0,0
101,2017,24,2300,12.75,4841,0,0,3.353,0,0,0
101,2017,24,2400,12.75,4841,0,0,3.353,0,0,0
102,2017,24,2400,12.75,4841,23931,10.86,256.6,25208,25355,25566
101,2017,25,100,12.75,4841,0,0,3.353,0,0,0
101,2017,25,200,12.75,4841,0,0,3.353,0,0,0
101,2017,25,300,12.75,4841,0,0,3.353,0,0,0
101,2017,25,400,12.75,4841,0,0,3.353,0,0,0
101,2017,25,500,12.75,4841,0,0,3.353,0,0,0
101,2017,25,600,12.75,4841,0,0,3.353,0,0,0
101,2017,25,700,12.75,4841,0,0,3.353,0,0,0
101,2017,25,800,12.75,4841,54.689,.183,43.21,111.57,104.82,94.989
101,2017,25,900,12.75,4841,764.26,1,382.3,1069.8,999.94,950.95
101,2017,25,1000,12.74,4841,1667.4,1,573.8,1974.4,1942.9,1881.6
101,2017,25,1100,12.75,4841,2453.4,1,668.2,2679.3,2716.9,2662.8
101,2017,25,1200,12.74,4841,2958.1,1,666.6,3079.7,3192.3,3146.3
101,2017,25,1300,12.74,4841,3296.4,1,672.5,3339.6,3495.3,3459.2
101,2017,25,1400,12.74,4841,3418.8,1,655.4,3405.1,3583.6,3545.9
101,2017,25,1500,12.74,4841,2963.1,.916,622.9,2962.1,3057.7,3067.4
101,2017,25,1600,12.74,4841,1891.9,.666,438.6,1908,1918.2,1945.9
101,2017,25,1700,12.74,4841,1448.8,.4,304.3,1441.8,1434.5,1465.2
101,2017,25,1800,12.74,4841,1029.1,.833,306.7,1049.3,991.45,1075.5
101,2017,25,1900,12.74,4841,461.67,.916,260,529.93,479.77,507.22
101,2017,25,2000,12.75,4841,26.505,0,12.68,27.361,27.757,24.707
101,2017,25,2100,12.75,4841,0,0,3.353,0,0,0
101,2017,25,2200,12.75,4841,0,0,3.353,0,0,0
101,2017,25,2300,12.75,4841,0,0,3.353,0,0,0
101,2017,25,2400,12.75,4841,0,0,3.353,0,0,0
102,2017,25,2400,12.74,4841,22434,9.91,235.2,23578,23945,23828
101,2017,26,100,12.75,4841,0,0,3.353,0,0,0
101,2017,26,200,12.75,4841,0,0,3.353,0,0,0
101,2017,26,300,12.75,4841,0,0,3.353,0,0,0
101,2017,26,400,12.75,4841,0,0,3.353,0,0,0
101,2017,26,500,12.75,4841,0,0,3.353,0,0,0
101,2017,26,600,12.75,4841,0,0,3.353,0,0,0
101,2017,26,700,12.75,4841,0,0,3.353,0,0,0
101,2017,26,800,12.75,4841,81.201,.15,37.04,119.38,114.68,106.61
101,2017,26,900,12.74,4841,726.8,1,323.5,980.47,925.89,884.14
101,2017,26,1000,12.74,4841,1412.5,1,452.8,1652.7,1634.1,1581.9
101,2017,26,1100,12.74,4841,2193,.983,560.8,2393,2428.3,2392.2
101,2017,26,1200,12.74,4841,2818.3,1,602.4,2940.9,3039.8,3011.6
101,2017,26,1300,12.74,4841,3180.8,.983,571.1,3210.1,3361.8,3358.6
101,2017,26,1400,12.74,4841,961.78,.067,41.24,879.37,937.63,929.2
101,2017,26,1500,12.74,4841,879.21,0,7.98,806.34,857.54,852.81
101,2017,26,1600,12.74,4841,2057.2,.766,229.4,1952.6,2021.6,2046.5
101,2017,26,1700,12.73,4841,1067.9,.983,204,1019,1035.1,1058.5
101,2017,26,1800,12.74,4841,608.64,.716,134.6,581.06,582.95,599.86
101,2017,26,1900,12.74,4841,264.43,0,62.8,259.73,259.38,261.61
101,2017,26,2000,12.74,4841,25.055,0,10.42,25.452,25.599,23.429
101,2017,26,2100,12.74,4841,0,0,3.353,0,0,0
101,2017,26,2200,12.74,4841,0,0,3.353,0,0,0
101,2017,26,2300,12.74,4841,0,0,3.353,0,0,0
101,2017,26,2400,12.74,4841,0,0,3.353,0,0,0
102,2017,26,2400,12.73,4841,16277,7.65,136.5,16820,17224,17107
101,2017,27,100,12.74,4841,0,0,3.353,0,0,0
101,2017,27,200,12.74,4841,0,0,3.353,0,0,0
101,2017,27,300,12.74,4841,0,0,3.353,0,0,0
101,2017,27,400,12.74,4841,0,0,3.353,0,0,0
101,2017,27,500,12.74,4841,0,0,3.353,0,0,0
101,2017,27,600,12.74,4841,0,0,3.353,0,0,0
101,2017,27,700,12.74,4841,0,0,3.353,0,0,0
101,2017,27,800,12.65,4841,68.59,.1,32.72,98.245,93.469,85.822
101,2017,27,900,12.63,4841,625.59,1,274.2,821.84,781.75,743.59
101,2017,27,1000,12.2,4841,1408.8,1,457.6,1631,1616.8,1563.6
101,2017,27,1100,12.42,4841,2150.7,1,550.3,2321.2,2358.7,2322.2
101,2017,27,1200,12.51,4841,2635.3,1,549.1,2725.2,2819.5,2799.5
101,2017,27,1300,12.55,4841,1302.1,.233,125.7,1299.5,1363.5,1353.9
101,2017,27,1400,12.55,4841,2569.2,.716,263.8,2520.4,2639.1,2653
101,2017,27,1500,12.61,4841,2784.3,.883,497.4,2718.8,2812.9,2847.1
101,2017,27,1600,12.63,4841,2603.3,.966,603.2,2597.5,2606.3,2679.7
101,2017,27,1700,12.61,4841,2058.9,1,623.6,2115.4,2046.9,2169.6
101,2017,27,1800,12.63,4841,1299.8,.983,521.8,1368.7,1227.5,1393.8
101,2017,27,1900,12.63,4841,376.22,.466,170.7,401.02,378.43,393.94
101,2017,27,2000,12.63,4841,18.644,0,10.79,17.717,19.616,16.09
101,2017,27,2100,12.63,4841,0,0,3.353,0,0,0
101,2017,27,2200,12.63,4841,0,0,3.353,0,0,0
101,2017,27,2300,12.61,4841,0,0,3.353,0,0,0
101,2017,27,2400,12.58,4841,0,0,3.353,0,0,0
102,2017,27,2400,12.2,4841,19902,9.35,196.6,20637,20764,21022
101,2017,28,100,12.57,4841,0,0,3.353,0,0,0
101,2017,28,200,12.59,4841,0,0,3.353,0,0,0
101,2017,28,300,12.59,4841,0,0,3.353,0,0,0
101,2017,28,400,12.59,4841,0,0,3.353,0,0,0
101,2017,28,500,12.61,4841,0,0,3.353,0,0,0
101,2017,28,600,12.59,4841,0,0,3.353,0,0,0
101,2017,28,700,12.58,4841,0,0,3.353,0,0,0
101,2017,28,800,12.56,4841,28.179,0,3.353,25.475,27.334,24.909
101,2017,28,900,12.57,4841,273.77,.067,24.27,267.74,278.56,276.12
101,2017,28,1000,12.55,4841,1543.9,1,429.9,1751.8,1740.8,1701.9
101,2017,28,1100,12.55,4841,2045.8,1,501.5,2208.6,2236.1,2216
101,2017,28,1200,12.57,4841,2562.3,1,444.5,2630.4,2721.6,2717.6
101,2017,28,1300,12.55,4841,2331.4,.583,249.7,2295,2396.1,2398.8
101,2017,28,1400,12.55,4841,593.55,0,5.085,570.82,598.86,593.03
101,2017,28,1500,12.72,4841,313.12,0,3.426,247.86,280.62,275.85
101,2017,28,1600,12.72,4841,307.36,0,3.353,250.73,277.44,268.37
101,2017,28,1700,12.71,4841,701.31,0,4.281,612.37,658.21,652.09
101,2017,28,1800,12.71,4841,691.55,0,12.13,616.41,655.31,652.58
101,2017,28,1900,12.71,4841,249.97,0,10.53,236.09,244.67,242.29
101,2017,28,2000,12.7,4841,25.607,0,8.16,27.221,26.624,25.36
101,2017,28,2100,12.7,4841,0,0,3.353,0,0,0
101,2017,28,2200,12.7,4841,0,0,3.353,0,0,0
101,2017,28,2300,12.7,4841,0,0,3.353,0,0,0
101,2017,28,2400,12.69,4841,0,0,3.353,0,0,0
102,2017,28,2400,12.55,4841,11668,3.649,72.4,11740,12142,12045
101,2017,29,100,12.69,4841,0,0,3.353,0,0,0
101,2017,29,200,12.69,4841,0,0,3.353,0,0,0
101,2017,29,300,12.69,4841,0,0,3.353,0,0,0
101,2017,29,400,12.69,4841,0,0,3.353,0,0,.24588
101,2017,29,500,12.69,4841,0,0,3.353,0,.19622,.14753
101,2017,29,600,12.69,4841,0,0,3.353,.07815,.49055,2.1708
101,2017,29,700,12.69,4841,0,0,3.353,0,.04906,.06323
101,2017,29,800,12.69,4841,2.1595,0,3.353,2.0492,2.5999,2.4167
101,2017,29,900,12.69,4841,32.698,0,3.353,27.595,30.892,30.25
101,2017,29,1000,12.69,4841,415.28,0,21.05,372.53,403.82,398.18
101,2017,29,1100,12.69,4841,971.99,0,25.68,863.79,927.29,916.22
101,2017,29,1200,12.69,4841,934.14,.033,29.78,861.36,916.6,913.78
101,2017,29,1300,12.69,4841,2289.9,.183,74.3,2172.8,2285.7,2284
101,2017,29,1400,12.69,4841,2791,.716,193,2686.9,2810.8,2822.2
101,2017,29,1500,12.69,4841,3285.1,1,569.4,3215.3,3319.6,3354.4
101,2017,29,1600,12.69,4841,2657.5,1,597.8,2671.1,2674.5,2737.1
101,2017,29,1700,12.69,4841,1975.5,1,464.7,1968.3,1953.3,2022.6
101,2017,29,1800,12.69,4841,1234.7,.666,322.2,1217.9,1155.7,1253.8
101,2017,29,1900,12.69,4841,289.17,0,5.303,255.56,274.35,266.93
101,2017,29,2000,12.69,4841,37.701,0,3.353,30.548,34.339,31.227
101,2017,29,2100,12.69,4841,0,0,3.353,0,0,0
101,2017,29,2200,12.69,4841,0,0,3.353,0,0,0
101,2017,29,2300,12.69,4841,0,0,3.353,0,0,0
101,2017,29,2400,12.69,4841,0,0,3.353,0,0,0
102,2017,29,2400,12.69,4841,16917,4.598,97.9,16346,16790,17036
101,2017,30,100,12.69,4841,0,0,3.353,0,0,0
101,2017,30,200,12.69,4841,0,0,3.353,0,0,0
101,2017,30,300,12.69,4841,0,0,3.353,0,0,0
101,2017,30,400,12.69,4841,0,0,3.353,0,0,0
101,2017,30,500,12.69,4841,0,0,3.353,.26918,.96884,.46366
101,2017,30,600,12.69,4841,0,0,3.353,0,0,.28803
101,2017,30,700,12.69,4841,0,0,3.353,0,.36791,0
101,2017,30,800,12.69,4841,37.449,0,3.649,38.345,39.82,38.596
101,2017,30,900,12.69,4841,259.36,0,3.353,230.22,246.51,245.09
101,2017,30,1000,12.69,4841,609.06,0,3.353,539.8,578.66,570.23
101,2017,30,1100,12.69,4841,616.7,0,6.823,532.55,576.29,566.97
101,2017,30,1200,12.69,4841,745.93,0,3.353,641.24,694.45,681.29
101,2017,30,1300,12.69,4841,2057.3,.35,114.4,1961.8,2067.1,2052.1
101,2017,30,1400,12.69,4841,2637.1,.716,271.2,2603.2,2716.5,2703.2
101,2017,30,1500,12.69,4841,407.38,0,5.549,305.8,352.11,338.9
101,2017,30,1600,12.69,4841,165.19,0,6.482,135.07,153.49,142.26
101,2017,30,1700,12.69,4841,459.11,0,10.3,411.54,439.99,438.46
101,2017,30,1800,12.69,4841,986.54,.8,375.6,1032,921.15,1044.5
101,2017,30,1900,12.69,4841,346.91,.616,164.6,375.43,347.2,364.6
101,2017,30,2000,12.7,4841,13.587,0,4.644,11.002,13.551,10.201
101,2017,30,2100,12.69,4841,0,0,3.353,0,0,0
101,2017,30,2200,12.7,4841,0,0,3.353,0,0,0
101,2017,30,2300,12.7,4841,0,0,3.353,0,0,0
101,2017,30,2400,12.7,4841,0,0,3.353,0,0,0
102,2017,30,2400,12.69,4841,9341.6,2.482,42.09,8818.2,9148.1,9197.1
101,2017,31,100,12.7,4841,0,0,3.353,0,0,0
101,2017,31,200,12.7,4841,0,0,3.353,0,0,0
101,2017,31,300,12.7,4841,0,0,3.353,0,0,0
101,2017,31,400,12.69,4841,0,0,3.353,0,0,0
101,2017,31,500,12.7,4841,0,0,3.353,0,0,0
101,2017,31,600,12.7,4841,0,0,3.353,0,0,0
101,2017,31,700,12.69,4841,0,0,3.353,0,0,0
101,2017,31,800,12.69,4841,9.5976,0,3.353,6.0608,7.7383,6.2383
101,2017,31,900,12.69,4841,62.774,0,3.498,51.535,57.443,57.072
101,2017,31,1000,12.69,4841,167.65,0,7.07,147.81,159.37,154.81
101,2017,31,1100,12.69,4841,467.34,0,3.353,410.11,446.33,439.49
101,2017,31,1200,12.69,4841,552.08,0,3.364,483.87,520.6,514.08
101,2017,31,1300,12.69,4841,577.41,0,4.158,478.87,527.33,518.26
101,2017,31,1400,12.69,4841,2401.6,.333,95.4,2259.3,2379.7,2376.8
101,2017,31,1500,12.69,4841,3258.1,1,557.7,3157.1,3258.4,3283.9
101,2017,31,1600,12.69,4841,2972.9,1,690.7,2985.7,2976,3047.1
101,2017,31,1700,12.69,4841,2325.5,1,604.1,2350.1,2298.8,2409.9
101,2017,31,1800,12.69,4841,1505,1,530.5,1536.3,1393.8,1563.9
101,2017,31,1900,12.69,4841,713.06,.433,150.9,683.28,679.9,694.99
101,2017,31,2000,12.69,4841,94.291,0,16.77,92.807,92.689,92.459
101,2017,31,2100,12.69,4841,0,0,3.353,0,.20848,0
101,2017,31,2200,12.69,4841,0,0,3.353,0,0,0
101,2017,31,2300,12.69,4841,0,0,3.353,0,0,0
101,2017,31,2400,12.69,4841,0,0,3.353,0,0,0
102,2017,31,2400,12.69,4841,15107,4.765,112.8,14643,14798,15159
101,2017,32,100,12.69,4841,0,0,3.353,0,0,0
101,2017,32,200,12.69,4841,0,0,3.353,0,0,0
101,2017,32,300,12.69,4841,0,0,3.353,0,0,0
101,2017,32,400,12.69,4841,0,0,3.353,0,0,0
101,2017,32,500,12.69,4841,0,0,3.353,0,0,0
101,2017,32,600,12.69,4841,0,0,3.353,0,0,0
101,2017,32,700,12.69,4841,0,0,3.353,0,0,0
101,2017,32,800,12.69,4841,31.15,0,4.225,27.586,31.003,26.892
101,2017,32,900,12.69,4841,314.53,0,22.05,291.56,309.85,301.11
101,2017,32,1000,12.69,4841,1215.3,.5,216.6,1264.2,1292.6,1270.6
101,2017,32,1100,12.69,4841,1685.3,.833,375.2,1797.5,1838.7,1800.8
101,2017,32,1200,12.69,4841,2487.4,.916,370.4,2432.4,2570.1,2528.1
101,2017,32,1300,12.69,4841,2545.9,.566,315.7,2445.8,2582.1,2543.6
101,2017,32,1400,12.69,4841,2025.7,.4,201.7,1931.6,2040.3,2021.5
101,2017,32,1500,12.69,4841,446.1,.033,19.63,386.84,421.85,405.55
101,2017,32,1600,12.69,4841,283.31,0,10.03,232.56,263.55,255.32
101,2017,32,1700,12.69,4841,534.64,0,18.09,474.64,506.44,501.47
101,2017,32,1800,12.69,4841,535.75,.433,143,516.39,499.12,530.62
101,2017,32,1900,12.69,4841,328.56,.433,100.7,328.96,316,325.83
101,2017,32,2000,12.69,4841,39.05,0,4.035,33.587,36.534,33.278
101,2017,32,2100,12.69,4841,0,0,3.353,0,0,0
101,2017,32,2200,12.69,4841,0,0,3.353,0,0,0
101,2017,32,2300,12.69,4841,0,0,3.353,0,0,0
101,2017,32,2400,12.69,4841,0,0,3.353,0,0,0
102,2017,32,2400,12.69,4841,12473,4.115,76.6,12164,12708,12545
101,2017,33,100,12.69,4841,0,0,3.353,0,0,0
101,2017,33,200,12.69,4841,0,0,3.353,0,0,0
101,2017,33,300,12.69,4841,0,0,3.353,0,0,0
101,2017,33,400,12.69,4841,0,0,3.353,0,0,0
101,2017,33,500,12.69,4841,0,0,3.353,0,0,0
101,2017,33,600,12.69,4841,0,0,3.353,0,0,0
101,2017,33,700,12.69,4841,0,0,3.353,0,0,0
101,2017,33,800,12.69,4841,110.23,.15,37.64,143.57,138.31,129.33
101,2017,33,900,12.7,4841,689.59,.75,231.8,850.92,825.04,798.79
101,2017,33,1000,12.7,4841,1575.2,.933,495.3,1803.5,1799.3,1744.6
101,2017,33,1100,12.69,4841,2351.1,1,537.8,2473.1,2542.8,2476.6
101,2017,33,1200,12.69,4841,2688.5,.8,496.6,2693.2,2823.6,2758.8
101,2017,33,1300,12.69,4841,2155.6,.45,249.8,2064.3,2165.2,2127.2
101,2017,33,1400,12.69,4841,1032.5,0,8.37,911.02,983.43,968.51
101,2017,33,1500,12.69,4841,2271.5,.616,319.8,2170.2,2258.1,2274.1
101,2017,33,1600,12.69,4841,3110.3,1,716,3124,3125.2,3191.5
101,2017,33,1700,12.69,4841,2184.4,.95,589.5,2161.7,2143.3,2224
101,2017,33,1800,12.69,4841,1301.6,1,484.9,1322.7,1209.4,1342.1
101,2017,33,1900,12.69,4841,489.82,.95,267,534.45,487.87,516.56
101,2017,33,2000,12.7,4841,37.261,.033,20.14,38.091,37.819,35.847
101,2017,33,2100,12.7,4841,0,0,3.353,0,0,0
101,2017,33,2200,12.7,4841,0,0,3.353,0,0,0
101,2017,33,2300,12.71,4841,0,0,3.353,0,0,0
101,2017,33,2400,12.7,4841,0,0,3.353,0,0,0
102,2017,33,2400,12.69,4841,19998,8.63,187.1,20291,20539,20588
101,2017,34,100,12.71,4841,0,0,3.353,0,0,0
101,2017,34,200,12.71,4841,2.5254,0,3.353,2.3532,2.931,.8641
101,2017,34,300,12.7,4841,1.1817,0,3.353,1.6411,2.8329,4.5032
101,2017,34,400,12.7,4841,.72583,0,3.353,2.9436,3.7527,5.3743
101,2017,34,500,12.7,4841,.31792,0,3.353,.92042,1.2018,1.7422
101,2017,34,600,12.7,4841,0,0,3.353,0,0,0
101,2017,34,700,12.7,4841,0,0,3.353,0,0,0
101,2017,34,800,12.7,4841,20.251,0,3.353,17.67,19.107,16.692
101,2017,34,900,12.69,4841,293.71,0,11.81,265.55,283.97,275.85
101,2017,34,1000,12.74,4841,1004.1,.6,118.3,985.93,1026.9,1003.4
101,2017,34,1100,12.74,4841,1406.8,.7,176.8,1369.4,1434.8,1408.5
101,2017,34,1200,12.74,4841,2440,1,384.9,2424.7,2532.9,2493.2
101,2017,34,1300,12.73,4841,2992.7,1,462,2939.9,3086.9,3042.6
101,2017,34,1400,12.74,4841,3282.2,1,527.2,3187.1,3358.9,3337.3
101,2017,34,1500,12.73,4841,2975.1,1,575.3,2926.8,3021.8,3035.8
101,2017,34,1600,12.73,4841,2913.7,1,640.2,2912.2,2921,2960.4
101,2017,34,1700,12.73,4841,2162.5,1,612.6,2170.2,2129.2,2202.4
101,2017,34,1800,12.73,4841,1250.3,1,464.8,1282.1,1173.8,1291.8
101,2017,34,1900,12.73,4841,399.18,.8,186.2,424.52,398.97,414.36
101,2017,34,2000,12.74,4841,27.375,0,9.54,25.5,27.395,24.003
101,2017,34,2100,12.74,4841,0,0,3.353,0,0,0
101,2017,34,2200,12.74,4841,0,0,3.353,0,0,0
101,2017,34,2300,12.74,4841,0,0,3.353,0,0,0
101,2017,34,2400,12.74,4841,0,0,3.353,0,0,0
102,2017,34,2400,12.69,4841,21173,9.1,175.4,20939,21426,21519
101,2017,35,100,12.74,4841,0,0,3.353,0,0,0
101,2017,35,200,12.74,4841,0,0,3.353,0,0,0
101,2017,35,300,12.74,4841,0,0,3.353,0,0,0
101,2017,35,400,12.74,4841,0,0,3.353,0,0,0
101,2017,35,500,12.74,4841,0,0,3.353,0,0,0
101,2017,35,600,12.73,4841,0,0,3.353,0,0,0
101,2017,35,700,12.73,4841,0,0,3.353,0,0,0
101,2017,35,800,12.73,4841,81.653,0,7.52,78.106,82.265,79.188
101,2017,35,900,12.73,4841,607.81,.117,45.94,595.87,617.79,605.88
101,2017,35,1000,12.72,4841,1112.5,.633,193.5,1150.3,1177.6,1149.2
101,2017,35,1100,12.72,4841,1402.9,.45,206,1386.4,1449.1,1423.2
101,2017,35,1200,12.72,4841,2702.9,1,491.1,2738.9,2864.3,2817.8
101,2017,35,1300,12.72,4841,2408.3,.633,305.3,2318.5,2449.3,2419.6
101,2017,35,1400,12.72,4841,1853.5,.45,187.8,1743.1,1840.4,1828.6
101,2017,35,1500,12.72,4841,1626.7,.333,154,1559,1623.7,1614.2
101,2017,35,1600,12.71,4841,1650,.55,229.7,1602.1,1632.9,1637.9
101,2017,35,1700,12.71,4841,51.334,0,3.353,49.493,52.389,38.687
101,2017,35,1800,12.72,4841,176.22,0,6.303,156.21,168.42,170.92
101,2017,35,1900,12.72,4841,285.42,0,3.878,261.63,273.21,280.25
101,2017,35,2000,12.72,4841,41.936,0,3.442,36.235,38.508,39.608
101,2017,35,2100,12.72,4841,0,0,3.353,0,0,0
101,2017,35,2200,12.72,4841,0,0,3.353,0,0,0
101,2017,35,2300,12.72,4841,0,0,3.353,0,0,0
101,2017,35,2400,12.71,4841,0,0,3.353,0,0,0
102,2017,35,2400,12.71,4841,14001,4.165,78.1,13676,14270,14105
101,2017,36,100,12.72,4841,0,0,3.353,0,0,0
101,2017,36,200,12.72,4841,0,0,3.353,0,0,0
101,2017,36,300,12.71,4841,0,0,3.353,0,0,0
101,2017,36,400,12.71,4841,0,0,3.353,0,0,0
101,2017,36,500,12.71,4841,0,0,3.353,0,0,0
101,2017,36,600,12.71,4841,0,0,3.353,0,0,0
101,2017,36,700,12.7,4841,0,0,3.353,0,0,0
101,2017,36,800,12.7,4841,93.32,.2,49.46,128.92,122.65,113.89
101,2017,36,900,12.69,4841,762.63,1,367.5,996.09,960.48,909.7
101,2017,36,1000,12.69,4841,1572,1,550.8,1805.5,1806.7,1741.3
101,2017,36,1100,12.69,4841,2467.7,1,679.7,2609.6,2687.6,2611
101,2017,36,1200,12.69,4841,3115.2,1,710,3139.4,3317,3223.6
101,2017,36,1300,12.68,4841,2297.7,.533,331.1,2222.3,2348.1,2295.8
101,2017,36,1400,12.68,4841,3047.6,.733,479.6,2900.2,3084.8,3020.7
101,2017,36,1500,12.69,4841,2113.3,.45,317.3,2022.4,2105.3,2100.3
101,2017,36,1600,12.69,4841,2696.2,.916,637,2647.9,2661.1,2685.3
101,2017,36,1700,12.69,4841,2274.6,1,699.8,2273.3,2231.8,2313.2
101,2017,36,1800,12.69,4841,1440,1,603.1,1477.8,1336.5,1498.6
101,2017,36,1900,12.69,4841,548.86,1,349.2,616.57,553.08,595.68
101,2017,36,2000,12.69,4841,35.207,.05,24.48,37.898,35.892,35.255
101,2017,36,2100,12.69,4841,0,0,3.353,0,0,0
101,2017,36,2200,12.69,4841,0,0,3.353,0,0,0
101,2017,36,2300,12.68,4841,0,0,3.353,0,0,0
101,2017,36,2400,12.68,4841,0,0,3.353,0,0,0
102,2017,36,2400,12.68,4841,22464,9.88,243.2,22878,23251,23144
101,2017,37,100,12.68,4841,0,0,3.353,0,0,0
101,2017,37,200,12.68,4841,0,0,3.353,0,0,0
101,2017,37,300,12.68,4841,0,0,3.353,0,0,0
101,2017,37,400,12.68,4841,0,0,3.353,0,0,0
101,2017,37,500,12.68,4841,0,0,3.353,0,0,0
101,2017,37,600,12.68,4841,0,0,3.353,0,0,0
101,2017,37,700,12.68,4841,0,0,3.353,0,0,0
101,2017,37,800,12.67,4841,96.727,0,4.929,80.928,89.366,84.323
101,2017,37,900,12.67,4841,317.64,0,4.985,263.22,290.56,279.42
101,2017,37,1000,12.67,4841,780.02,0,17.09,700.3,750.16,731.1
101,2017,37,1100,12.67,4841,2315.6,.95,472.4,2350.3,2444,2381
101,2017,37,1200,12.67,4841,3174,1,684.9,3203.6,3369.6,3285.7
101,2017,37,1300,12.67,4841,3508,1,714,3433.5,3663,3581.3
101,2017,37,1400,12.67,4841,3433.4,.95,629,3279.2,3508.1,3454.2
101,2017,37,1500,12.67,4841,3444.4,1,739,3358.8,3469.5,3467.8
101,2017,37,1600,12.67,4841,2993.9,1,751,2978,2973.2,3012.6
101,2017,37,1700,12.67,4841,2305.7,1,717,2315.5,2267.9,2355.7
101,2017,37,1800,12.67,4841,1503.5,1,644.1,1540.3,1390.1,1568.7
101,2017,37,1900,12.67,4841,592.91,1,398.2,669.3,596.46,645.76
101,2017,37,2000,12.67,4841,36.341,.083,26.97,39.532,37.197,36.563
101,2017,37,2100,12.67,4841,0,0,3.353,0,0,0
101,2017,37,2200,12.67,4841,0,0,3.353,0,0,0
101,2017,37,2300,12.67,4841,0,0,3.353,0,0,0
101,2017,37,2400,12.67,4841,0,0,3.353,0,0,0
102,2017,37,2400,12.67,4841,24502,8.98,243.3,24213,24849,24884
101,2017,38,100,12.67,4841,0,0,3.353,0,0,0
101,2017,38,200,12.67,4841,0,0,3.353,0,0,0
101,2017,38,300,12.67,4841,0,0,3.353,0,0,0
101,2017,38,400,12.67,4841,0,0,3.353,0,0,0
101,2017,38,500,12.67,4841,0,0,3.353,0,0,0
101,2017,38,600,12.67,4841,0,0,3.353,0,0,0
101,2017,38,700,12.67,4841,0,0,3.353,0,0,0
101,2017,38,800,12.67,4841,37.352,0,3.353,32.119,35.49,32.266
101,2017,38,900,12.67,4841,320.32,0,11.16,278.75,301.4,290.55
101,2017,38,1000,12.67,4841,632.87,0,16.5,552.7,597.59,583.91
101,2017,38,1100,12.67,4841,1891.8,.516,251.6,1876.2,1965.6,1933.1
101,2017,38,1200,12.67,4841,3119.8,.95,474.1,3056.5,3239.2,3174.5
101,2017,38,1300,12.66,4841,3188,.85,476.6,3041.2,3256.4,3188.1
101,2017,38,1400,12.66,4841,3098.1,.733,449.2,2935.8,3121.4,3081.9
101,2017,38,1500,12.67,4841,3003.2,.7,465.7,2825.4,2982.7,2963.7
101,2017,38,1600,12.67,4841,1429.2,.5,166.6,1333.2,1391.1,1385.6
101,2017,38,1700,12.66,4841,2011.4,1,617.6,2003.5,1970.9,2055.1
101,2017,38,1800,12.66,4841,1463.2,1,618.5,1502.6,1358.2,1527.9
101,2017,38,1900,12.66,4841,532.07,.733,300.2,580.43,528.4,561.88
101,2017,38,2000,12.67,4841,15.37,0,3.548,12.396,14.504,11.082
101,2017,38,2100,12.67,4841,0,0,3.353,0,0,0
101,2017,38,2200,12.67,4841,0,0,3.353,0,0,0
101,2017,38,2300,12.67,4841,0,0,3.353,0,0,0
101,2017,38,2400,12.67,4841,0,0,3.353,0,0,0
102,2017,38,2400,12.66,4841,20743,6.981,162.2,20031,20763,20790
101,2017,39,100,12.67,4841,0,0,3.353,0,0,0
101,2017,39,200,12.67,4841,0,0,3.353,0,0,0
101,2017,39,300,12.67,4841,0,0,3.353,0,0,0
101,2017,39,400,12.67,4841,0,0,3.353,0,0,0
101,2017,39,500,12.67,4841,0,0,3.353,0,0,0
101,2017,39,600,12.67,4841,0,0,3.353,0,0,0
101,2017,39,700,12.67,4841,0,0,3.353,0,0,0
101,2017,39,800,12.66,4841,74.131,0,23.44,87.12,88.373,81.114
101,2017,39,900,12.66,4841,563.39,1,234.1,699.99,684.24,652.32
101,2017,39,1000,12.66,4841,1573.7,1,508.8,1775.8,1790,1723.1
101,2017,39,1100,12.66,4841,1654.6,.8,292.5,1674,1748.9,1701.2
101,2017,39,1200,12.64,4841,3074.4,1,647.9,3083.9,3258.4,3170.7
101,2017,39,1300,12.64,4841,2764,.8,426,2677.9,2833.6,2770.5
101,2017,39,1400,12.87,4841,3168.8,.816,480,3049.1,3245.6,3204.9
101,2017,39,1500,12.87,4841,3377.3,.983,689.2,3289.9,3405.4,3410.3
101,2017,39,1600,12.86,4841,3061.3,1,758,2998.7,3014.9,3054.8
101,2017,39,1700,12.86,4841,2056.3,1,607.1,1998,1989.5,2055.5
101,2017,39,1800,12.86,4841,1536.3,1,618.3,1535.4,1408.8,1572.3
101,2017,39,1900,12.86,4841,595.17,1,373.2,647.9,586.99,627.41
101,2017,39,2000,12.86,4841,35.554,.083,26.9,37.448,35.946,34.413
101,2017,39,2100,12.85,4841,0,0,3.353,0,0,0
101,2017,39,2200,12.86,4841,0,0,3.353,0,0,0
101,2017,39,2300,12.86,4841,0,0,3.353,0,0,0
101,2017,39,2400,12.85,4841,0,0,3.353,0,0,0
102,2017,39,2400,12.64,4841,23535,10.48,238.4,23555,24091,24058
101,2017,40,100,12.85,4841,0,0,3.353,0,0,0
101,2017,40,200,12.86,4841,0,0,3.353,0,0,0
101,2017,40,300,12.85,4841,0,0,3.353,0,0,0
101,2017,40,400,12.85,4841,0,0,3.353,0,0,0
101,2017,40,500,12.85,4841,0,0,3.353,0,0,0
101,2017,40,600,12.85,4841,0,0,3.353,0,0,0
101,2017,40,700,12.85,4841,0,0,3.353,0,0,0
101,2017,40,800,12.85,4841,73.51,.183,43.35,101.44,98.536,89.21
101,2017,40,900,12.85,4841,735.84,1,367.3,955.82,921.1,876.8
101,2017,40,1000,12.85,4841,1604.6,1,558.5,1817.4,1832.1,1762.2
101,2017,40,1100,12.86,4841,2033,.916,524.7,2111.5,2189.2,2125.3
101,2017,40,1200,12.85,4841,3063.8,1,637.1,3039.6,3229.4,3144.8
101,2017,40,1300,12.84,4841,3378.1,.95,615.7,3274.4,3495.1,3414
101,2017,40,1400,12.84,4841,2510.8,.583,334.7,2364.1,2545.6,2506.6
101,2017,40,1500,12.84,4841,3234.1,.95,651,3131.7,3240.7,3238.5
101,2017,40,1600,12.86,4841,2933.1,1,715,2904.1,2910.3,2950.9
101,2017,40,1700,12.86,4841,2243.4,1,655.4,2219.1,2200.1,2280.4
101,2017,40,1800,12.86,4841,1438.5,1,543.6,1441.7,1338.2,1473.9
101,2017,40,1900,12.86,4841,515.61,.783,263.4,545.82,505.38,533.9
101,2017,40,2000,12.86,4841,29.792,0,11.76,28.524,29.179,26.919
101,2017,40,2100,12.86,4841,0,0,3.353,0,0,0
101,2017,40,2200,12.86,4841,0,0,3.353,0,0,0
101,2017,40,2300,12.87,4841,0,0,3.353,0,0,0
101,2017,40,2400,12.86,4841,0,0,3.353,0,0,0
102,2017,40,2400,12.84,4841,23794,10.36,248.2,23935,24535,24423
101,2017,41,100,12.87,4841,0,0,3.353,0,0,0
101,2017,41,200,12.86,4841,0,0,3.353,0,0,0
101,2017,41,300,12.86,4841,0,0,3.353,0,0,0
101,2017,41,400,12.86,4841,0,0,3.353,0,0,0
101,2017,41,500,12.87,4841,0,0,3.353,0,0,0
101,2017,41,600,12.87,4841,0,0,3.353,0,0,0
101,2017,41,700,12.86,4841,0,0,3.353,0,0,0
101,2017,41,800,12.86,4841,69.659,.017,22.35,83.183,82.435,75.975
101,2017,41,900,12.86,4841,712.84,1,272,868.13,849.92,813.27
101,2017,41,1000,12.86,4841,1128.4,.7,247.7,1184,1219.5,1180.2
101,2017,41,1100,12.86,4841,1948.4,.8,383.7,1964.1,2049.4,2009.9
101,2017,41,1200,12.86,4841,2956,.966,568.2,2924.3,3093.8,3033.9
101,2017,41,1300,12.86,4841,3082.6,.883,525.3,2982.5,3184.9,3141.4
101,2017,41,1400,12.86,4841,3313.8,.9,516.4,3154.9,3349.9,3326.2
101,2017,41,1500,12.86,4841,2676.5,.85,491.4,2581.8,2682.3,2692.1
101,2017,41,1600,12.86,4841,3042.9,1,712,2996.7,3011.7,3061
101,2017,41,1700,12.86,4841,2281.1,1,684.9,2262.7,2238.5,2321.9
101,2017,41,1800,12.86,4841,1309.3,1,494.3,1320.8,1226.7,1346.4
101,2017,41,1900,12.86,4841,480.22,.75,203.1,493.67,467.88,487.82
101,2017,41,2000,12.86,4841,40.592,0,21.51,40.634,39.894,38.606
101,2017,41,2100,12.86,4841,0,0,3.353,0,0,0
101,2017,41,2200,12.86,4841,0,0,3.353,0,0,0
101,2017,41,2300,12.86,4841,0,0,3.353,0,0,0
101,2017,41,2400,12.86,4841,0,0,3.353,0,0,0
102,2017,41,2400,12.86,4841,23042,9.86,215.8,22857,23497,23529
101,2017,42,100,12.86,4841,0,0,3.353,0,0,0
101,2017,42,200,12.86,4841,0,0,3.353,0,0,0
101,2017,42,300,12.86,4841,0,0,3.353,0,0,0
101,2017,42,400,12.86,4841,0,0,3.353,0,0,0
101,2017,42,500,12.86,4841,0,0,3.353,0,0,0
101,2017,42,600,12.86,4841,0,0,3.353,0,0,0
101,2017,42,700,12.86,4841,0,0,3.353,0,0,0
101,2017,42,800,12.86,4841,38.809,0,4.001,39.255,40.296,39.191
101,2017,42,900,12.86,4841,325.45,0,9.1,303.53,319.04,314.84
101,2017,42,1000,12.86,4841,1464.9,.933,369.3,1534,1583.3,1528.7
101,2017,42,1100,12.86,4841,1963.5,.983,315.7,1931.6,2029,1982.3
101,2017,42,1200,12.86,4841,2095.9,.533,163.6,1971.7,2099.1,2065.2
101,2017,42,1300,12.86,4841,2229.7,.533,123.4,2113,2242.9,2227.9
101,2017,42,1400,12.86,4841,2916.9,.733,249.7,2786.8,2945.6,2940.9
101,2017,42,1500,12.86,4841,2966.6,.9,437.7,2891.4,2997.3,3017.5
101,2017,42,1600,12.86,4841,2887.5,1,515.1,2810.6,2856.7,2895.5
101,2017,42,1700,12.86,4841,1689.6,.816,221.5,1590.5,1639.3,1662.7
101,2017,42,1800,12.86,4841,724.34,0,28.38,686.48,712.68,711.73
101,2017,42,1900,12.86,4841,256.05,0,3.353,236.9,250.96,245.1
101,2017,42,2000,12.86,4841,20.623,0,4.973,18.611,20.033,17.361
101,2017,42,2100,12.86,4841,0,0,3.353,0,0,0
101,2017,42,2200,12.86,4841,0,0,3.353,0,0,0
101,2017,42,2300,12.86,4841,0,0,3.353,0,0,0
101,2017,42,2400,12.86,4841,0,0,3.353,0,0,0
102,2017,42,2400,12.86,4841,19580,6.431,103.4,18914,19736,19649
101,2017,43,100,12.86,4841,0,0,3.353,0,0,0
101,2017,43,200,12.86,4841,0,0,3.353,0,0,0
101,2017,43,300,12.86,4841,0,0,3.353,0,0,0
101,2017,43,400,12.86,4841,0,0,3.353,0,0,0
101,2017,43,500,12.86,4841,0,0,3.353,0,0,0
101,2017,43,600,12.86,4841,0,0,3.353,0,0,0
101,2017,43,700,12.86,4841,0,0,3.353,0,0,0
101,2017,43,800,12.86,4841,74.033,.117,35.29,94.394,93.448,83.437
101,2017,43,900,12.86,4841,845.71,1,398.2,1076.8,1042.7,1001.9
101,2017,43,1000,12.86,4841,1723.3,1,591.3,1954.1,1971,1904.5
101,2017,43,1100,12.86,4841,2497.3,1,662.1,2597.3,2696.6,2619.7
101,2017,43,1200,12.86,4841,2983.3,1,623.1,2920,3116.8,3030
101,2017,43,1300,12.86,4841,3476.6,1,643.1,3288.2,3543.8,3478.3
101,2017,43,1400,12.86,4841,3510.6,1,625,3304.1,3554.9,3510
101,2017,43,1500,12.86,4841,3343.8,1,696.6,3247.9,3383.3,3374.7
101,2017,43,1600,12.85,4841,2959.3,1,711,2915.6,2932.7,2969.6
101,2017,43,1700,12.86,4841,2334.1,.966,507.6,2219.1,2257.8,2304.3
101,2017,43,1800,12.86,4841,1043.9,.6,346.5,1012.4,969.1,1038.1
101,2017,43,1900,12.86,4841,618.49,1,431,665.44,599.44,638.96
101,2017,43,2000,12.86,4841,41.479,.117,32.56,44.314,42.297,41.31
101,2017,43,2100,12.86,4841,0,0,3.353,0,0,0
101,2017,43,2200,12.86,4841,0,0,3.353,0,0,0
101,2017,43,2300,12.86,4841,0,0,3.353,0,0,0
101,2017,43,2400,12.86,4841,0,0,3.353,0,0,0
102,2017,43,2400,12.85,4841,25452,10.8,264.2,25340,26204,25995
101,2017,44,100,12.86,4841,0,0,3.353,0,0,0
101,2017,44,200,12.86,4841,0,0,3.353,0,0,0
101,2017,44,300,12.86,4841,0,0,3.353,0,0,0
101,2017,44,400,12.86,4841,0,0,3.353,0,0,0
101,2017,44,500,12.86,4841,0,0,3.353,0,0,0
101,2017,44,600,12.86,4841,0,0,3.353,0,0,0
101,2017,44,700,12.86,4841,0,0,3.353,0,0,0
101,2017,44,800,12.86,4841,74.329,.05,23.51,83.416,84.619,74.568
101,2017,44,900,12.86,4841,788.54,.916,352.9,984.44,963.17,910.15
101,2017,44,1000,12.86,4841,1646.6,1,571.5,1851.7,1876.6,1803.1
101,2017,44,1100,12.86,4841,2373.3,.933,609.1,2437.6,2554.9,2480.2
101,2017,44,1200,12.86,4841,1887.7,.55,273.9,1771.6,1888.6,1849
101,2017,44,1300,12.86,4841,2323.6,.516,296.1,2156,2312.6,2284.1
101,2017,44,1400,12.86,4841,2358.5,.5,247.9,2147.3,2322.4,2303.9
101,2017,44,1500,12.86,4841,2242.4,.383,230.5,2095.4,2225.3,2220.7
101,2017,44,1600,12.86,4841,798.47,0,3.459,745.17,787.59,778.51
101,2017,44,1700,12.86,4841,916.64,0,10.43,825.76,882.17,873.06
101,2017,44,1800,12.86,4841,1274.5,.533,243.6,1169.8,1173.6,1220.5
101,2017,44,1900,12.86,4841,305.98,.1,62.19,269.25,277.1,273.63
101,2017,44,2000,12.86,4841,20.821,0,5.487,17.899,20.45,16.904
101,2017,44,2100,12.86,4841,0,0,3.353,0,0,0
101,2017,44,2200,12.86,4841,0,0,3.353,0,0,0
101,2017,44,2300,12.86,4841,0,0,3.353,0,0,0
101,2017,44,2400,12.86,4841,0,0,3.353,0,0,0
102,2017,44,2400,12.86,4841,17011,5.481,123.6,16555,17369,17088
101,2017,45,100,12.86,4841,0,0,3.353,0,0,0
101,2017,45,200,12.86,4841,0,0,3.353,0,0,0
101,2017,45,300,12.86,4841,0,0,3.353,0,0,0
101,2017,45,400,12.86,4841,0,0,3.353,0,0,0
101,2017,45,500,12.86,4841,0,0,3.353,0,0,0
101,2017,45,600,12.86,4841,0,0,3.353,0,0,0
101,2017,45,700,12.86,4841,0,0,3.353,0,0,0
101,2017,45,800,12.86,4841,47.484,0,3.694,46.072,48.796,44.869
101,2017,45,900,12.86,4841,417.96,0,29.73,398.37,417.6,401.76
101,2017,45,1000,12.86,4841,1119.6,.766,133.1,1086,1138.2,1106.7
101,2017,45,1100,12.86,4841,1498.5,.716,141.6,1417.5,1500.2,1465.9
101,2017,45,1200,12.86,4841,1811.9,.367,113.9,1668.3,1784.9,1750.2
101,2017,45,1300,12.86,4841,1821.7,0,42.13,1641,1763.9,1735.7
101,2017,45,1400,12.86,4841,1933.6,0,25.47,1723.7,1855.3,1831.9
101,2017,45,1500,12.86,4841,1427.5,0,15.19,1204,1321.1,1293.3
101,2017,45,1600,12.86,4841,519.49,0,21.76,488.12,514.38,506.04
101,2017,45,1700,12.86,4841,723.24,.1,39.54,677.75,706.64,702.83
101,2017,45,1800,12.86,4841,817.21,.1,58,775.65,792.85,794.12
101,2017,45,1900,12.86,4841,200.65,0,10.81,191.7,199.6,195.13
101,2017,45,2000,12.86,4841,17.906,0,3.353,14.019,16.771,14.285
101,2017,45,2100,12.86,4841,0,0,3.353,0,0,0
101,2017,45,2200,12.86,4841,0,0,3.353,0,0,0
101,2017,45,2300,12.86,4841,0,0,3.353,0,0,0
101,2017,45,2400,12.86,4841,0,0,3.353,0,0,0
102,2017,45,2400,12.86,4841,12357,2.049,28.13,11332,12060,11843
101,2017,46,100,12.86,4841,0,0,3.353,0,0,0
101,2017,46,200,12.86,4841,0,0,3.353,0,0,0
101,2017,46,300,12.86,4841,0,0,3.353,0,0,0
101,2017,46,400,12.86,4841,0,0,3.353,0,0,0
101,2017,46,500,12.86,4841,0,0,3.353,0,0,0
101,2017,46,600,12.86,4841,0,0,3.353,0,0,0
101,2017,46,700,12.86,4841,0,0,3.353,0,0,0
101,2017,46,800,12.86,4841,13.341,0,3.353,11.132,12.791,11.683
101,2017,46,900,12.86,4841,139.69,0,3.353,121.35,131.31,127.8
101,2017,46,1000,12.86,4841,310.96,0,3.353,259.47,285.46,277.44
101,2017,46,1100,12.86,4841,461.17,0,3.353,412.22,440.81,432.79
101,2017,46,1200,12.86,4841,1090.6,0,4.946,966.79,1040.5,1023.3
101,2017,46,1300,12.86,4841,1110.8,0,9.26,988.17,1056.8,1040.5
101,2017,46,1400,12.86,4841,2362,.367,131.6,2190.7,2326.1,2314.2
101,2017,46,1500,12.86,4841,3255,1,623.3,3165.8,3287.8,3298.1
101,2017,46,1600,12.86,4841,2875.1,1,647.3,2831.6,2865.4,2898.6
101,2017,46,1700,12.86,4841,2063.9,1,575.6,1995.3,2014.4,2066
101,2017,46,1800,12.86,4841,1105.7,1,416.1,1072.1,1020,1096
101,2017,46,1900,12.86,4841,536.73,1,315.3,547.6,509.48,531.15
101,2017,46,2000,12.86,4841,39.554,.083,24.74,36.493,37.344,35.038
101,2017,46,2100,12.86,4841,0,0,3.353,0,0,0
101,2017,46,2200,12.86,4841,0,0,3.353,0,0,0
101,2017,46,2300,12.86,4841,0,0,3.353,0,0,0
101,2017,46,2400,12.86,4841,0,0,3.353,0,0,0
102,2017,46,2400,12.86,4841,15364,5.448,116.6,14599,15028,15153
101,2017,47,100,12.85,4841,0,0,3.353,0,0,0
101,2017,47,200,12.86,4841,0,0,3.353,0,0,0
101,2017,47,300,12.86,4841,0,0,3.353,0,0,0
101,2017,47,400,12.86,4841,0,0,3.353,0,0,0
101,2017,47,500,12.86,4841,0,0,3.353,0,0,0
101,2017,47,600,12.86,4841,0,0,3.353,0,0,0
101,2017,47,700,12.86,4841,0,0,3.353,0,0,0
101,2017,47,800,12.86,4841,71.466,.15,31.37,87.7,86.961,79.587
101,2017,47,900,12.86,4841,795.55,1,413.8,1013.1,985.74,925.94
101,2017,47,1000,12.86,4841,1606.1,1,557,1773.3,1808.7,1718.6
101,2017,47,1100,12.86,4841,1982.5,1,530.2,2024.2,2120.1,2037.7
101,2017,47,1200,12.86,4841,1746.3,.616,186.5,1628.7,1747.6,1704.6
101,2017,47,1300,12.86,4841,2308.9,.433,128.7,2119.2,2270.9,2249.1
101,2017,47,1400,12.86,4841,2783.1,1,364.6,2602.1,2785.6,2768.1
101,2017,47,1500,12.86,4841,3173.4,1,593.4,3068,3195.1,3200.1
101,2017,47,1600,12.86,4841,3005.9,1,705,2937.6,2980.9,3003.3
101,2017,47,1700,12.86,4841,2252.2,1,672.8,2200.7,2214.1,2264.1
101,2017,47,1800,12.86,4841,1459.5,1,584.3,1439.2,1355.1,1468.5
101,2017,47,1900,12.86,4841,715.62,.9,317.4,701.64,674.31,694.65
101,2017,47,2000,12.86,4841,22.152,0,3.604,19.245,21.05,18.084
101,2017,47,2100,12.86,4841,1.3972,0,3.353,3.8542,3.1508,10.247
101,2017,47,2200,12.86,4841,0,0,3.353,0,0,0
101,2017,47,2300,12.86,4841,0,0,3.353,0,0,0
101,2017,47,2400,12.86,4841,0,0,3.353,0,.07356,.5478
102,2017,47,2400,12.85,4841,21924,10.1,213.6,21619,22249,22143
101,2017,48,100,12.86,4841,0,0,3.353,0,0,0
101,2017,48,200,12.86,4841,0,0,3.353,0,.18393,0
101,2017,48,300,12.86,4841,0,0,3.353,0,0,0
101,2017,48,400,12.86,4841,0,0,3.353,0,.29431,1.0467
101,2017,48,500,12.86,4841,.29992,0,3.353,.93777,2.7225,1.9389
101,2017,48,600,12.86,4841,0,0,3.353,.25181,.84619,.12645
101,2017,48,700,12.86,4841,0,0,3.353,0,0,0
101,2017,48,800,12.86,4841,117.85,.267,59.36,149.32,147.07,137.92
101,2017,48,900,12.86,4841,409.82,.1,62.41,433.81,439.15,427.09
101,2017,48,1000,12.84,4841,988.45,.483,109.5,969.53,1009.1,988
101,2017,48,1100,12.84,4841,1061.4,.017,36.5,957.52,1025.5,1008.4
101,2017,48,1200,12.84,4841,1392.5,0,10.88,1229.1,1326.1,1299.6
101,2017,48,1300,12.84,4841,1760.3,0,8.61,1544.8,1674.5,1640.4
101,2017,48,1400,12.84,4841,1627.7,0,3.794,1411.8,1532,1502.1
101,2017,48,1500,12.84,4841,1369.2,0,10.26,1188.1,1284.9,1261.8
101,2017,48,1600,12.84,4841,1349.5,.017,44.02,1177.3,1266.2,1249.3
101,2017,48,1700,12.84,4841,924.85,.1,86.8,792.95,852.45,845.08
101,2017,48,1800,12.84,4841,1039.1,.883,409.4,1003.2,956.07,1036.9
101,2017,48,1900,12.84,4841,505.97,.833,270.8,522.46,488.88,517.1
101,2017,48,2000,12.84,4841,39.18,0,7.22,35.373,37.684,34.646
101,2017,48,2100,12.84,4841,0,0,3.353,0,0,0
101,2017,48,2200,12.84,4841,0,0,3.353,0,0,0
101,2017,48,2300,12.84,4841,0,0,3.353,0,0,0
101,2017,48,2400,12.84,4841,0,0,3.353,0,0,0
102,2017,48,2400,12.84,4841,12586,2.699,48.19,11417,12044,11952
101,2017,49,100,12.84,4841,0,0,3.353,0,0,0
101,2017,49,200,12.85,4841,0,0,3.353,0,0,0
101,2017,49,300,12.85,4841,0,0,3.353,0,0,0
101,2017,49,400,12.85,4841,0,0,3.353,0,0,.30209
101,2017,49,500,12.85,4841,.09598,0,3.353,.16498,.69903,1.5666
101,2017,49,600,12.85,4841,.02399,0,3.353,.13893,.36791,1.3488
101,2017,49,700,12.85,4841,.07198,0,3.353,.2084,.29433,.836
101,2017,49,800,12.85,4841,.37791,0,3.353,.42548,.73583,.82898
101,2017,49,900,12.85,4841,12.555,0,3.353,10.307,12.313,11.261
101,2017,49,1000,12.85,4841,315.8,0,3.722,266.51,294.51,289.07
101,2017,49,1100,12.85,4841,942.86,.033,15.54,816.72,890.57,871.53
101,2017,49,1200,12.84,4841,1815.6,.35,95,1644.9,1763.8,1720.5
101,2017,49,1300,12.84,4841,731.48,0,22.87,630.92,693.7,672.95
101,2017,49,1400,12.84,4841,2347.2,.367,132.4,2121.3,2282.9,2263.4
101,2017,49,1500,12.84,4841,2915,.933,360.1,2708.7,2848.3,2852.4
101,2017,49,1600,12.84,4841,2107.9,.7,334.2,1954.5,2024.8,2038.1
101,2017,49,1700,12.84,4841,2464,1,647.7,2353.4,2383.7,2443.7
101,2017,49,1800,12.84,4841,1468.4,1,557.9,1420.7,1370.5,1464.3
101,2017,49,1900,12.84,4841,587.15,.666,210.7,580.12,565.74,583.63
101,2017,49,2000,12.84,4841,46.374,.05,19.06,41.991,42.787,41.982
101,2017,49,2100,12.84,4841,0,0,3.353,0,0,0
101,2017,49,2200,12.84,4841,0,0,3.353,0,0,0
101,2017,49,2300,12.84,4841,0,0,3.353,0,0,0
101,2017,49,2400,12.84,4841,0,0,3.353,0,0,0
102,2017,49,2400,12.84,4841,15755,5.098,101.8,14551,15176,15258
101,2017,50,100,12.84,4841,0,0,3.353,0,0,0
101,2017,50,200,12.84,4841,0,0,3.353,0,0,0
101,2017,50,300,12.84,4841,0,0,3.353,0,0,0
101,2017,50,400,12.84,4841,0,0,3.353,0,0,.33018
101,2017,50,500,12.84,4841,0,0,3.353,.03473,.64998,.73764
101,2017,50,600,12.85,4841,0,0,3.353,.00868,.6745,.18265
101,2017,50,700,12.84,4841,.74382,0,3.353,.67729,2.3792,2.7609
101,2017,50,800,12.84,4841,26.897,0,3.353,21.717,26.477,25.691
101,2017,50,900,12.84,4841,78.029,0,3.353,65.575,72.392,69.816
101,2017,50,1000,12.84,4841,241.43,0,3.353,214.69,229.76,225.66
101,2017,50,1100,12.84,4841,931.62,0,3.353,825.78,884.81,866.41
101,2017,50,1200,12.84,4841,2594.4,.75,303.3,2474.5,2636,2577.4
101,2017,50,1300,12.84,4841,3078.2,.716,390.3,2787.8,3040.1,2969.7
101,2017,50,1400,12.84,4841,3519.1,.983,565,3293,3543.9,3500.4
101,2017,50,1500,12.84,4841,3343.2,1,678.8,3183.7,3333,3325.3
101,2017,50,1600,12.84,4841,2584.2,.9,531.8,2459,2514.1,2516
101,2017,50,1700,12.84,4841,2108.5,.983,510.9,1998.4,2038.9,2067.7
101,2017,50,1800,12.84,4841,1270.5,1,406.2,1209.8,1196.2,1248.5
101,2017,50,1900,12.84,4841,708.41,1,273.4,692.5,678.15,700.38
101,2017,50,2000,12.84,4841,61.69,.033,18.26,51.509,56.34,52.844
101,2017,50,2100,12.84,4841,0,0,3.353,0,0,0
101,2017,50,2200,12.84,4841,0,0,3.353,0,0,0
101,2017,50,2300,12.84,4841,0,0,3.353,0,0,0
101,2017,50,2400,12.84,4841,0,0,3.353,0,.07358,.11943
102,2017,50,2400,12.84,4841,20547,7.36,155.3,19279,20254,20150
101,2017,51,100,12.84,4841,.11997,0,3.353,.8249,2.2443,1.7704
101,2017,51,200,12.84,4841,.03599,0,3.353,.13025,.77262,.60417
101,2017,51,300,12.84,4841,0,0,3.353,0,0,0
101,2017,51,400,12.84,4841,0,0,3.353,0,0,0
101,2017,51,500,12.84,4841,0,0,3.353,0,0,0
101,2017,51,600,12.84,4841,0,0,3.353,0,0,0
101,2017,51,700,12.84,4841,0,0,3.353,0,.02453,.56904
101,2017,51,800,12.84,4841,34.995,0,3.353,32.449,35.344,36.91
101,2017,51,900,12.84,4841,766.26,.6,223.9,845.84,854.13,824.25
101,2017,51,1000,12.84,4841,1419.7,1,408.2,1497.8,1542.8,1485.5
101,2017,51,1100,12.83,4841,2046.3,1,452.6,2071.4,2167.6,2105.2
101,2017,51,1200,12.84,4841,2315.9,1,367.4,2217.2,2370.5,2298.7
101,2017,51,1300,12.84,4841,2968.2,1,347.3,2770.9,2981.6,2913.5
101,2017,51,1400,12.83,4841,3362.1,.933,479,3106.5,3349.5,3301
101,2017,51,1500,12.83,4841,2993.3,.833,581.4,2822.1,2955.5,2948.8
101,2017,51,1600,12.84,4841,2272.2,.566,444.9,2158,2206.1,2210.3
101,2017,51,1700,12.84,4841,2113.8,.75,515.4,1996.3,2036.9,2073
101,2017,51,1800,12.84,4841,1490.7,.783,503.5,1394.1,1382.6,1458
101,2017,51,1900,12.84,4841,601.39,.833,338,579.31,557.9,585.61
101,2017,51,2000,12.84,4841,25.731,0,15.41,21.15,22.477,20.293
101,2017,51,2100,12.84,4841,0,0,3.353,0,0,0
101,2017,51,2200,12.84,4841,0,0,3.353,0,0,0
101,2017,51,2300,12.85,4841,0,0,3.353,0,0,0
101,2017,51,2400,12.85,4841,0,0,3.353,0,0,0
102,2017,51,2400,12.83,4841,22411,9.3,196.5,21514,22466,22264
101,2017,52,100,12.85,4841,0,0,3.353,0,0,0
101,2017,52,200,12.85,4841,0,0,3.353,0,0,0
101,2017,52,300,12.85,4841,0,0,3.353,0,0,0
101,2017,52,400,12.85,4841,0,0,3.353,0,0,0
101,2017,52,500,12.85,4841,0,0,3.353,0,0,0
101,2017,52,600,12.85,4841,0,0,3.353,0,0,0
101,2017,52,700,12.84,4841,0,0,3.353,0,0,0
101,2017,52,800,12.84,4841,39.657,0,5.102,39.474,41.329,34.641
101,2017,52,900,12.84,4841,626.83,.65,275.7,735.48,731.44,690.63
101,2017,52,1000,12.84,4841,1484,.983,483.6,1582.8,1628.1,1561.6
101,2017,52,1100,12.84,4841,2142.5,.866,473.4,2097.8,2206.3,2140.7
101,2017,52,1200,12.84,4841,2801.1,.883,471.4,2661,2850,2776.2
101,2017,52,1300,12.84,4841,2901.8,.666,371.5,2684.5,2905.6,2842.5
101,2017,52,1400,12.84,4841,3235.4,.816,501.6,3011.1,3233.6,3195.8
101,2017,52,1500,12.84,4841,606.56,.017,15.19,515.04,575.76,553.94
101,2017,52,1600,12.84,4841,1087.9,.283,139.2,953.45,1017.3,1016.9
101,2017,52,1700,12.84,4841,2344.3,1,696.7,2204.4,2242.6,2300.9
101,2017,52,1800,12.84,4841,1487.8,1,556.4,1409.5,1383.8,1462.1
101,2017,52,1900,12.84,4841,479.1,.633,206,464.01,454.35,467.23
101,2017,52,2000,12.84,4841,27.329,0,5.56,23.852,26.195,23.246
101,2017,52,2100,12.84,4841,0,0,3.353,0,0,0
101,2017,52,2200,12.84,4841,0,0,3.353,0,0,0
101,2017,52,2300,12.84,4841,0,0,3.353,0,0,0
101,2017,52,2400,12.84,4841,0,0,3.353,0,0,0
102,2017,52,2400,12.84,4841,19264,7.8,176.6,18382,19296,19066
101,2017,53,100,12.84,4841,0,0,3.353,0,.04906,.37234
101,2017,53,200,12.84,4841,1.1337,0,3.353,2.1274,3.4584,4.2854
101,2017,53,300,12.84,4841,.34192,0,3.353,.32128,.76035,1.2505
101,2017,53,400,12.84,4841,3.2092,0,3.353,3.0391,2.9065,.0562
101,2017,53,500,12.85,4841,0,0,3.353,0,0,0
101,2017,53,600,12.85,4841,0,0,3.353,0,0,0
101,2017,53,700,12.85,4841,0,0,3.353,0,0,0
101,2017,53,800,12.85,4841,3.4371,0,3.353,3.0912,3.5074,3.3791
101,2017,53,900,12.84,4841,59.535,0,3.353,51.117,55.922,56.208
101,2017,53,1000,12.84,4841,184.57,0,3.353,156.05,171.64,170.18
101,2017,53,1100,12.84,4841,347.44,0,3.353,290.93,319.34,318.8
101,2017,53,1200,12.84,4841,646.21,0,3.353,567.46,610.88,605.35
101,2017,53,1300,12.84,4841,1276.3,0,3.353,1072.6,1179,1159.2
101,2017,53,1400,12.84,4841,1680.4,.167,49.29,1488.3,1605.3,1575.6
101,2017,53,1500,12.84,4841,2615.4,1,353.5,2427.3,2543.5,2537
101,2017,53,1600,12.84,4841,2673,1,543.2,2546,2596.8,2613.6
101,2017,53,1700,12.84,4841,1587.7,.916,302.2,1467.1,1518.9,1531
101,2017,53,1800,12.84,4841,1431.5,1,478.2,1346.9,1341.7,1400
101,2017,53,1900,12.85,4841,656.97,1,398.5,653.4,616.65,653.52
101,2017,53,2000,12.85,4841,40.292,.1,24.36,37.581,38.177,36.264
101,2017,53,2100,12.85,4841,0,0,3.353,0,0,0
101,2017,53,2200,12.85,4841,0,0,3.353,0,0,0
101,2017,53,2300,12.84,4841,0,0,3.353,0,0,0
101,2017,53,2400,12.85,4841,0,0,3.353,0,0,0
102,2017,53,2400,12.84,4841,13207,5.181,91.9,12113,12608,12666
101,2017,54,100,12.85,4841,0,0,3.353,0,0,0
101,2017,54,200,12.85,4841,0,0,3.353,0,0,0
101,2017,54,300,12.86,4841,0,0,3.353,0,0,0
101,2017,54,400,12.85,4841,0,0,3.353,0,0,0
101,2017,54,500,12.85,4841,0,0,3.353,0,0,0
101,2017,54,600,12.85,4841,0,0,3.353,0,0,0
101,2017,54,700,12.85,4841,0,0,3.353,0,0,0
101,2017,54,800,12.85,4841,52.679,0,8.19,52.09,55.665,50.525
101,2017,54,900,12.85,4841,580.42,.716,219.7,652.1,658.63,619.9
101,2017,54,1000,12.85,4841,1020.6,.417,169.3,1027.1,1069.7,1038.5
101,2017,54,1100,12.85,4841,1320.7,.55,164.7,1210.4,1307,1267.3
101,2017,54,1200,12.85,4841,2238.1,.783,281.5,2058.8,2223.5,2152.8
101,2017,54,1300,12.84,4841,1462.4,0,3.487,1298.3,1403.8,1373.1
101,2017,54,1400,12.85,4841,2416,.466,146.4,2181.7,2346.6,2316.3
101,2017,54,1500,12.85,4841,2490.3,.55,371.9,2311.9,2431.6,2423.7
101,2017,54,1600,12.84,4841,2431.9,.75,457.9,2251.3,2329.7,2338.2
101,2017,54,1700,12.85,4841,1563.4,.616,322.9,1410.4,1483.5,1492.7
101,2017,54,1800,12.85,4841,660.63,.233,114.8,611.67,629.3,633.39
101,2017,54,1900,12.85,4841,352.43,.4,123,350.34,342.79,354.45
101,2017,54,2000,12.85,4841,41.414,.05,23.98,38.302,38.741,37.142
101,2017,54,2100,12.85,4841,0,0,3.353,0,0,0
101,2017,54,2200,12.85,4841,0,0,3.353,0,0,0
101,2017,54,2300,12.85,4841,0,0,3.353,0,0,0
101,2017,54,2400,12.85,4841,0,0,3.353,0,0,0
102,2017,54,2400,12.84,4841,16631,5.531,101.9,15454,16321,16098
101,2017,55,100,12.85,4841,0,0,3.353,0,0,0
101,2017,55,200,12.85,4841,0,0,3.353,0,0,0
101,2017,55,300,12.85,4841,0,0,3.353,0,0,0
101,2017,55,400,12.85,4841,0,0,3.353,0,0,0
101,2017,55,500,12.85,4841,0,0,3.353,0,0,0
101,2017,55,600,12.85,4841,0,0,3.353,0,0,0
101,2017,55,700,12.85,4841,0,0,3.353,0,0,.42854
101,2017,55,800,12.85,4841,7.8341,0,3.353,6.3822,8.0695,7.6575
101,2017,55,900,12.85,4841,15.044,0,3.353,13.884,15.832,14.669
101,2017,55,1000,12.84,4841,55.342,0,3.353,49.459,53.2,51.768
101,2017,55,1100,12.84,4841,415.68,0,3.353,350.95,385.82,384.6
101,2017,55,1200,12.84,4841,888.42,0,3.353,763.48,830.4,823.33
101,2017,55,1300,12.84,4841,1247.1,.033,11.49,1041.5,1148.6,1136.4
101,2017,55,1400,12.84,4841,3529.7,.983,486.7,3247.3,3495.5,3482.2
101,2017,55,1500,12.84,4841,3436.4,.966,587,3139.1,3323.1,3327.6
101,2017,55,1600,12.84,4841,3091.4,1,701,2886.7,2965.2,3010.3
101,2017,55,1700,12.84,4841,2341.7,1,492.9,2134.4,2215.9,2251.7
101,2017,55,1800,12.84,4841,1291.5,1,378,1192.8,1208.9,1253.5
101,2017,55,1900,12.84,4841,741.79,.95,295.1,692.18,690.1,718.75
101,2017,55,2000,12.84,4841,49.026,0,16.96,43.668,45.327,43.43
101,2017,55,2100,12.84,4841,0,0,3.353,0,0,0
101,2017,55,2200,12.84,4841,0,0,3.353,0,0,0
101,2017,55,2300,12.84,4841,0,0,3.353,0,0,0
101,2017,55,2400,12.84,4841,0,0,3.353,0,0,0
102,2017,55,2400,12.84,4841,17111,5.931,126,15562,16386,16506
101,2017,56,100,12.84,4841,0,0,3.353,0,0,0
101,2017,56,200,12.84,4841,0,0,3.353,0,.07358,.36531
101,2017,56,300,12.84,4841,.012,0,3.353,.22576,.89525,.59011
101,2017,56,400,12.84,4841,.91178,0,3.353,1.4067,2.7471,4.4399
101,2017,56,500,12.85,4841,0,0,3.353,0,0,0
101,2017,56,600,12.85,4841,0,0,3.353,0,0,.18265
101,2017,56,700,12.85,4841,0,0,3.353,0,0,0
101,2017,56,800,12.85,4841,7.7261,0,3.353,6.6513,8.0081,7.278
101,2017,56,900,12.85,4841,254.72,0,6.18,217.78,238.55,236.33
101,2017,56,1000,12.84,4841,758.12,0,4.901,666.65,717.54,708.64
101,2017,56,1100,12.84,4841,1584.2,.283,77.4,1450.5,1549.9,1522.4
101,2017,56,1200,12.84,4841,1819.7,.2,73.8,1639.6,1770.8,1737.6
101,2017,56,1300,12.84,4841,1854.7,.15,52.74,1684.1,1811,1786.3
101,2017,56,1400,12.84,4841,2407,.45,185,2202.2,2365.6,2340.9
101,2017,56,1500,12.84,4841,2811.8,.7,408.2,2559.9,2703.1,2703
101,2017,56,1600,12.84,4841,2638.2,.9,540,2423.6,2503.6,2536.2
101,2017,56,1700,12.84,4841,2373.3,1,648.1,2181.5,2247.5,2303.3
101,2017,56,1800,12.84,4841,1725.1,1,575.7,1549.7,1581.4,1648.9
101,2017,56,1900,12.84,4841,500.12,.516,121.6,462.96,472.36,480.08
101,2017,56,2000,12.84,4841,66.206,0,22.72,61.616,63.072,61.793
101,2017,56,2100,12.84,4841,0,0,3.353,0,0,0
101,2017,56,2200,12.84,4841,0,0,3.353,0,0,0
101,2017,56,2300,12.84,4841,0,0,3.353,0,0,0
101,2017,56,2400,12.84,4841,0,0,3.353,0,0,0
102,2017,56,2400,12.84,4841,18802,5.198,114.9,17108,18036,18078
101,2017,57,100,12.84,4841,0,0,3.353,0,0,0
101,2017,57,200,12.85,4841,0,0,3.353,0,0,0
101,2017,57,300,12.85,4841,0,0,3.353,0,0,0
101,2017,57,400,12.85,4841,0,0,3.353,0,0,0
101,2017,57,500,12.85,4841,0,0,3.353,0,0,0
101,2017,57,600,12.85,4841,0,0,3.353,0,0,0
101,2017,57,700,12.85,4841,0,0,3.353,0,0,0
101,2017,57,800,12.85,4841,175.76,.117,44.08,170.69,176.42,166.12
101,2017,57,900,12.84,4841,738.28,.65,273.8,818.32,834.24,788.06
101,2017,57,1000,12.85,4841,1574.3,.966,454,1620.4,1692.8,1619
101,2017,57,1100,12.85,4841,2551.1,.933,569.8,2465.9,2631.3,2545.9
101,2017,57,1200,12.85,4841,2554.1,.7,429.8,2399.7,2599.5,2521.9
101,2017,57,1300,12.85,4841,2146.1,.35,178.6,1921.5,2093.4,2050.4
101,2017,57,1400,12.85,4841,3184.2,.733,393.1,2892.5,3128.6,3081.9
101,2017,57,1500,12.85,4841,1486.7,.267,183.6,1326.1,1407.9,1409.2
101,2017,57,1600,12.85,4841,3111.8,1,646.1,2823.5,2930.1,2956.2
101,2017,57,1700,12.85,4841,1647.1,.733,447.5,1500.1,1550.2,1583.8
101,2017,57,1800,12.85,4841,1470,.966,606,1352.9,1358.1,1431.3
101,2017,57,1900,12.85,4841,614,.883,370.9,591.98,570.83,606.12
101,2017,57,2000,12.85,4841,34.786,.117,27.54,30.973,31.089,32.365
101,2017,57,2100,12.85,4841,0,0,3.353,0,0,0
101,2017,57,2200,12.85,4841,0,0,3.353,0,0,0
101,2017,57,2300,12.85,4841,0,0,3.353,0,0,0
101,2017,57,2400,12.85,4841,0,0,3.353,0,0,0
102,2017,57,2400,12.84,4841,21288,8.41,194.2,19915,21004,20792
101,2017,58,100,12.85,4841,0,0,3.353,0,0,0
101,2017,58,200,12.85,4841,0,0,3.353,0,0,0
101,2017,58,300,12.85,4841,0,0,3.353,0,0,0
101,2017,58,400,12.85,4841,0,0,3.353,0,0,0
101,2017,58,500,12.85,4841,0,0,3.353,0,0,0
101,2017,58,600,12.85,4841,.23994,0,3.353,.37338,.42923,0
101,2017,58,700,12.85,4841,.13197,0,3.353,.26049,.36791,0
101,2017,58,800,12.85,4841,46.212,0,3.37,39.352,43.229,43.05
101,2017,58,900,12.85,4841,442.81,.083,45.19,400.81,431.52,425.51
101,2017,58,1000,12.84,4841,1627.5,.9,358.6,1638.4,1705.1,1670.4
101,2017,58,1100,12.84,4841,1696.5,.5,233.6,1578.5,1682.9,1648.4
101,2017,58,1200,12.84,4841,623.3,0,12.32,539.22,586.27,575.99
101,2017,58,1300,12.84,4841,1576.6,.05,38.77,1399.5,1511.2,1497.5
101,2017,58,1400,12.84,4841,3257.5,.783,360.1,2899.6,3135.7,3122.6
101,2017,58,1500,12.84,4841,2946.1,.7,407.3,2687.8,2840.5,2859.8
101,2017,58,1600,12.84,4841,3160.3,.983,730,2927.5,3006.6,3064.1
101,2017,58,1700,12.84,4841,2338.7,.916,610.8,2125.5,2198.6,2261.6
101,2017,58,1800,12.84,4841,1417.6,.966,565.8,1294.5,1305.5,1376
101,2017,58,1900,12.84,4841,430.16,.367,100,394.06,402.79,407.99
101,2017,58,2000,12.84,4841,36.687,0,9.04,33.37,34.571,33.426
101,2017,58,2100,12.84,4841,0,0,3.353,0,0,0
101,2017,58,2200,12.84,4841,0,0,3.353,0,0,0
101,2017,58,2300,12.84,4841,0,0,3.353,0,0,0
101,2017,58,2400,12.84,4841,0,0,3.353,0,0,0
102,2017,58,2400,12.84,4841,19600,6.248,146.3,17959,18885,18986
101,2017,59,100,12.84,4841,0,0,3.353,0,0,0
101,2017,59,200,12.84,4841,0,0,3.353,0,0,0
101,2017,59,300,12.84,4841,0,0,3.353,0,0,0
101,2017,59,400,12.84,4841,0,0,3.353,0,0,0
101,2017,59,500,12.84,4841,0,0,3.353,0,0,0
101,2017,59,600,12.84,4841,0,0,3.353,0,0,0
101,2017,59,700,12.84,4841,0,0,3.353,0,0,0
101,2017,59,800,12.84,4841,53.632,0,3.353,47.297,51.593,51.698
101,2017,59,900,12.83,4841,349.28,0,15.26,310.73,336.66,327.19
101,2017,59,1000,12.83,4841,909.71,.15,53.13,783.82,857.63,836.48
101,2017,59,1100,12.83,4841,987.61,0,3.353,800.83,895.2,872.15
101,2017,59,1200,12.83,4841,949.88,0,6.739,814.62,885.3,866.5
101,2017,59,1300,12.83,4841,1844.7,0,11.9,1608.3,1747.2,1716.5
101,2017,59,1400,12.83,4841,1658.6,.183,38.01,1441.6,1565.2,1545
101,2017,59,1500,12.83,4841,3188.1,.833,577.5,2910.1,3062.3,3077.9
101,2017,59,1600,12.83,4841,3374.2,.983,685.1,2989.1,3153.1,3166.2
101,2017,59,1700,12.83,4841,2013.3,1,551.2,1737.6,1841.7,1866.8
101,2017,59,1800,12.83,4841,1635.3,1,707,1463.7,1489.5,1557.1
101,2017,59,1900,12.83,4841,625.77,1,475.2,590.48,564.47,606.78
101,2017,59,2000,12.83,4841,36.129,.217,54.62,35.176,33.136,36.313
101,2017,59,2100,12.83,4841,0,0,3.353,0,0,0
101,2017,59,2200,12.83,4841,0,0,3.353,0,0,0
101,2017,59,2300,12.84,4841,0,0,3.353,0,0,0
101,2017,59,2400,12.83,4841,0,0,3.353,0,0,0
102,2017,59,2400,12.83,4841,17626,5.365,134.1,15533,16483,16527
101,2017,60,100,12.84,4841,0,0,3.353,0,0,0
101,2017,60,200,12.84,4841,0,0,3.353,0,0,0
101,2017,60,300,12.84,4841,0,0,3.353,0,.06132,.04215
101,2017,60,400,12.84,4841,.57586,0,3.353,.43416,.47828,0
101,2017,60,500,12.84,4841,.72582,0,3.353,.13893,.71129,2.2902
101,2017,60,600,12.84,4841,.76181,0,3.353,.99856,1.165,3.1964
101,2017,60,700,12.84,4841,0,0,3.353,0,0,0
101,2017,60,800,12.84,4841,32.47,0,3.353,25.737,29.298,29.906
101,2017,60,900,12.84,4841,277.63,0,3.353,227.57,251.24,246.88
101,2017,60,1000,12.82,4841,884.92,.067,56.42,785.84,848.51,829.37
101,2017,60,1100,12.82,4841,2196.5,1,460.3,2099.9,2244.7,2192.5
101,2017,60,1200,12.82,4841,1663.3,.516,240.7,1535,1654.4,1615.9
101,2017,60,1300,12.82,4841,1679.6,.283,131.7,1526.5,1654.3,1632
101,2017,60,1400,12.82,4841,2137.6,.367,188.9,1925.3,2061.8,2050.5
101,2017,60,1500,12.82,4841,2655,.633,249.2,2362.8,2527.9,2517.6
101,2017,60,1600,12.82,4841,1418.8,.5,140.2,1242.3,1329.5,1326.8
101,2017,60,1700,12.82,4841,2126.4,1,624.1,1919.6,1996.1,2052.3
101,2017,60,1800,12.82,4841,1530.1,1,666.8,1396.1,1412.3,1484.9
101,2017,60,1900,12.82,4841,624.01,1,463.2,590.24,562.02,608.86
101,2017,60,2000,12.82,4841,31.918,.117,34.76,30.244,29.04,29.681
101,2017,60,2100,12.82,4841,0,0,3.353,0,0,0
101,2017,60,2200,12.82,4841,0,0,3.353,0,0,0
101,2017,60,2300,12.82,4841,0,0,3.353,0,0,0
101,2017,60,2400,12.82,4841,0,0,3.353,0,0,0
102,2017,60,2400,12.82,4841,17260,6.481,137.5,15669,16604,16623
101,2017,61,100,12.82,4841,0,0,3.353,0,0,0
101,2017,61,200,12.82,4841,0,0,3.353,0,0,0
101,2017,61,300,12.82,4841,0,0,3.353,0,0,0
101,2017,61,400,12.82,4841,0,0,3.353,0,0,0
101,2017,61,500,12.82,4841,0,0,3.353,0,0,0
101,2017,61,600,12.82,4841,0,0,3.353,0,0,0
101,2017,61,700,12.82,4841,0,0,3.353,0,0,0
101,2017,61,800,12.82,4841,19.459,0,3.353,14.501,16.36,14.507
101,2017,61,900,12.82,4841,279.63,0,4.929,233.31,256.97,249.19
101,2017,61,1000,12.82,4841,1022.9,.466,146.9,998.61,1047.5,1018.7
101,2017,61,1100,12.84,4841,1416.1,.333,110.6,1278.6,1379.5,1349.8
101,2017,61,1200,12.83,4841,2187.9,.883,229.6,2005.8,2165.9,2122.3
101,2017,61,1300,12.84,4841,2358.4,.383,111.1,2148.4,2318.9,2284.5
101,2017,61,1400,12.84,4841,3372.8,.9,339.9,3040.4,3284.1,3256.5
101,2017,61,1500,12.82,4841,3055.3,1,464.9,2791.1,2957.6,2956.6
101,2017,61,1600,12.82,4841,2835,.85,618.3,2600.2,2695.6,2733.6
101,2017,61,1700,12.82,4841,2529.5,.966,657.9,2280.2,2386.1,2439.6
101,2017,61,1800,12.82,4841,1506.7,1,587.5,1355.7,1385.9,1437.4
101,2017,61,1900,12.82,4841,547.24,.95,328.2,506.03,494.3,520.97
101,2017,61,2000,12.82,4841,30.821,0,18.02,26.901,27.851,26.387
101,2017,61,2100,12.82,4841,0,0,3.353,0,0,0
101,2017,61,2200,12.82,4841,0,0,3.353,0,0,0
101,2017,61,2300,12.82,4841,0,0,3.353,0,0,0
101,2017,61,2400,12.82,4841,0,0,3.353,0,0,0
102,2017,61,2400,12.82,4841,21162,7.73,152.4,19280,20416,20410
101,2017,62,100,12.82,4841,0,0,3.353,0,0,0
101,2017,62,200,12.82,4841,0,0,3.353,0,0,0
101,2017,62,300,12.82,4841,0,0,3.353,0,0,0
101,2017,62,400,12.82,4841,0,0,3.353,0,0,0
101,2017,62,500,12.82,4841,.012,0,3.353,.02605,.1349,0
101,2017,62,600,12.82,4841,.4199,0,3.353,.19103,.58865,0
101,2017,62,700,12.82,4841,0,0,3.353,0,0,1.11
101,2017,62,800,12.82,4841,33.465,0,3.353,26.379,30.818,31.824
101,2017,62,900,12.82,4841,295.44,0,4.136,242.91,267.58,261.56
101,2017,62,1000,12.84,4841,466.49,0,6.316,392.15,426.83,421.81
101,2017,62,1100,12.83,4841,468.55,0,3.353,373.88,417.62,408.23
101,2017,62,1200,12.83,4841,695.19,0,3.432,583.24,642.58,631.88
101,2017,62,1300,12.83,4841,2277.7,.15,47.04,2007.3,2179.7,2161.3
101,2017,62,1400,12.83,4841,3387,.616,277,3100.9,3345.8,3335
101,2017,62,1500,12.83,4841,3770.9,1,710,3488,3659.8,3693.1
101,2017,62,1600,12.83,4841,3172.2,1,741,2882.7,2992.8,3044.8
101,2017,62,1700,12.82,4841,2428.2,1,730,2172.8,2269.8,2323.4
101,2017,62,1800,12.82,4841,1559,1,649.2,1393.5,1423.3,1489.7
101,2017,62,1900,12.82,4841,629.76,1,426.9,574.8,556.17,599.44
101,2017,62,2000,12.84,4841,25.998,0,12.9,20.223,22.688,19.895
101,2017,62,2100,12.84,4841,0,0,3.353,0,0,0
101,2017,62,2200,12.84,4841,0,0,3.353,0,0,0
101,2017,62,2300,12.84,4841,0,0,3.353,0,0,0
101,2017,62,2400,12.84,4841,0,0,3.353,0,0,0
102,2017,62,2400,12.82,4841,19210,5.764,152.1,17259,18236,18423
101,2017,63,100,12.84,4841,0,0,3.353,0,0,0
101,2017,63,200,12.84,4841,0,0,3.353,0,0,0
101,2017,63,300,12.84,4841,0,0,3.353,0,0,0
101,2017,63,400,12.84,4841,0,0,3.353,0,0,0
101,2017,63,500,12.84,4841,0,0,3.353,0,0,0
101,2017,63,600,12.84,4841,0,0,3.353,0,0,0
101,2017,63,700,12.84,4841,0,0,3.353,0,0,0
101,2017,63,800,12.84,4841,81.591,.083,17.31,68.857,76.585,72.007
101,2017,63,900,12.84,4841,252.5,0,20.73,203.37,228.71,217.49
101,2017,63,1000,12.84,4841,697.88,.033,75.2,614.19,667.7,649.16
101,2017,63,1100,12.84,4841,1161.8,.333,76.5,1026.9,1116.7,1092
101,2017,63,1200,12.84,4841,1750.6,.4,94,1537.8,1679.6,1653.4
101,2017,63,1300,12.84,4841,3245.3,1,360.1,2993.8,3240,3207.8
101,2017,63,1400,12.84,4841,3429.6,1,478.7,3106.9,3366.4,3349.7
101,2017,63,1500,12.84,4841,3572.9,1,712,3258.3,3440.4,3461.5
101,2017,63,1600,12.84,4841,3136.8,1,752,2858.2,2967.2,3011.2
101,2017,63,1700,12.84,4841,2413.5,1,733,2151.1,2252.5,2303.7
101,2017,63,1800,12.84,4841,1530.3,1,641.9,1367.4,1400.9,1462
101,2017,63,1900,12.84,4841,612.68,1,393.9,559.1,545.54,584.05
101,2017,63,2000,12.84,4841,47.221,.083,28,41.028,41.709,40.999
101,2017,63,2100,12.84,4841,0,0,3.353,0,0,0
101,2017,63,2200,12.84,4841,0,0,3.353,0,0,0
101,2017,63,2300,12.84,4841,0,0,3.353,0,0,0
101,2017,63,2400,12.84,4841,0,0,3.353,0,0,0
102,2017,63,2400,12.84,4841,21933,7.93,184.1,19787,21024,21105
101,2017,64,100,12.84,4841,0,0,3.353,0,0,0
101,2017,64,200,12.84,4841,0,0,3.353,0,0,0
101,2017,64,300,12.84,4841,0,0,3.353,0,0,0
101,2017,64,400,12.85,4841,0,0,3.353,0,0,0
101,2017,64,500,12.85,4841,0,0,3.353,0,0,0
101,2017,64,600,12.84,4841,0,0,3.353,0,0,0
101,2017,64,700,12.84,4841,0,0,3.353,0,0,0
101,2017,64,800,12.85,4841,64.256,.017,13.85,57.777,61.661,57.697
101,2017,64,900,12.84,4841,837.53,.833,342,916.17,939.61,886.03
101,2017,64,1000,12.84,4841,1704.7,.983,560.1,1728,1824.5,1741.3
101,2017,64,1100,12.84,4841,2664.3,1,653.5,2535.8,2734.7,2654
101,2017,64,1200,12.84,4841,2986.1,.983,558.7,2728.1,2995.1,2921.3
101,2017,64,1300,12.84,4841,3572,1,629.5,3197.4,3537,3472.9
101,2017,64,1400,12.84,4841,3578.7,.966,590.3,3177.5,3483.7,3451
101,2017,64,1500,12.84,4841,3372.3,.95,605.6,3023,3220.7,3220.7
101,2017,64,1600,12.84,4841,1893.8,.483,294.5,1687.1,1785.8,1789.5
101,2017,64,1700,12.84,4841,1440.6,.666,247.2,1230.5,1324.4,1330.6
101,2017,64,1800,12.84,4841,1183.6,1,405.4,975.69,1037.2,1060.5
101,2017,64,1900,12.84,4841,434.99,.95,249.2,367.14,372.83,389.57
101,2017,64,2000,12.84,4841,21.451,0,4.901,15.942,18.727,15.301
101,2017,64,2100,12.84,4841,0,0,3.353,0,0,0
101,2017,64,2200,12.84,4841,0,0,3.353,0,0,0
101,2017,64,2300,12.84,4841,0,0,3.353,0,0,0
101,2017,64,2400,12.84,4841,0,0,3.353,0,0,0
102,2017,64,2400,12.84,4841,23754,9.83,216.3,21640,23336,22991
101,2017,65,100,12.84,4841,0,0,3.353,0,0,0
101,2017,65,200,12.84,4841,0,0,3.353,0,0,0
101,2017,65,300,12.84,4841,0,0,3.353,0,0,0
101,2017,65,400,12.84,4841,0,0,3.353,0,0,0
101,2017,65,500,12.84,4841,0,0,3.353,0,0,0
101,2017,65,600,12.84,4841,0,0,3.353,0,0,0
101,2017,65,700,12.84,4841,0,0,3.353,0,0,0
101,2017,65,800,12.84,4841,9.4777,0,3.353,6.3561,7.9959,6.6036
101,2017,65,900,12.84,4841,235.49,0,3.811,188.48,210.52,204.22
101,2017,65,1000,12.84,4841,1048.3,.466,109.9,969.9,1038.2,1013.4
101,2017,65,1100,12.82,4841,2150,1,405.3,2058.5,2198.3,2149.2
101,2017,65,1200,12.82,4841,3249.8,1,609.2,2959.2,3251.3,3176.1
101,2017,65,1300,12.82,4841,3589.1,1,593.3,3195.7,3531.7,3471.3
101,2017,65,1400,12.82,4841,3527.2,.95,554.2,3131.5,3430.6,3409.2
101,2017,65,1500,12.82,4841,3449.6,.966,604.1,3106.8,3306.8,3317.9
101,2017,65,1600,12.82,4841,3212.2,1,699.9,2860.4,3007.4,3041.3
101,2017,65,1700,12.82,4841,2386.5,1,685.6,2079.7,2194.8,2237
101,2017,65,1800,12.82,4841,1553.3,1,632.1,1354.5,1401.4,1450.7
101,2017,65,1900,12.79,4841,597.01,1,404.8,523.46,518.99,548.77
101,2017,65,2000,12.85,4841,31.859,.083,25.06,27.179,27.778,27.11
101,2017,65,2100,12.85,4841,0,0,3.353,0,0,0
101,2017,65,2200,12.85,4841,0,0,3.353,0,0,0
101,2017,65,2300,12.85,4841,0,0,3.353,0,0,0
101,2017,65,2400,12.85,4841,0,0,3.353,0,0,0
102,2017,65,2400,12.79,4841,25040,9.46,223.6,22462,24126,24053
101,2017,66,100,12.85,4841,0,0,3.353,0,0,0
101,2017,66,200,12.85,4841,0,0,3.353,0,0,0
101,2017,66,300,12.85,4841,0,0,3.353,0,0,0
101,2017,66,400,12.85,4841,0,0,3.353,0,0,0
101,2017,66,500,12.86,4841,0,0,3.353,0,0,0
101,2017,66,600,12.86,4841,0,0,3.353,0,0,0
101,2017,66,700,12.86,4841,0,0,3.353,0,0,0
101,2017,66,800,12.85,4841,55.649,0,3.353,44.675,50.294,46.479
101,2017,66,900,12.84,4841,378.62,0,3.386,327.65,355.21,347.44
101,2017,66,1000,12.84,4841,1116.3,.4,162.8,1040.3,1110.9,1081.7
101,2017,66,1100,12.84,4841,2090.6,.916,451,1991.2,2140.4,2089.5
101,2017,66,1200,12.84,4841,2996.6,.933,547.1,2761.9,3011.4,2952.9
101,2017,66,1300,12.84,4841,3471.3,.966,596.2,3069.2,3388.9,3344.8
101,2017,66,1400,12.84,4841,3640.5,1,599.7,3225.5,3539.2,3519.5
101,2017,66,1500,12.84,4841,3481.4,1,672.8,3154.6,3342.5,3352.2
101,2017,66,1600,12.84,4841,3092.9,1,729,2773.8,2906.9,2947.5
101,2017,66,1700,12.84,4841,2405.6,1,722,2088.8,2203.2,2251.2
101,2017,66,1800,12.84,4841,1087.2,.716,402.6,936.98,969.39,993.09
101,2017,66,1900,12.84,4841,532.84,1,376.8,467.89,462.89,483.7
101,2017,66,2000,12.84,4841,31.186,.1,25.2,26.215,27.74,26.169
101,2017,66,2100,12.84,4841,0,0,3.353,0,0,0
101,2017,66,2200,12.84,4841,0,0,3.353,0,0,0
101,2017,66,2300,12.84,4841,0,0,3.353,0,0,0
101,2017,66,2400,12.84,4841,0,0,3.353,0,0,0
102,2017,66,2400,12.84,4841,24381,9.03,222,21909,23509,23436
101,2017,67,100,12.84,4841,0,0,3.353,0,0,0
101,2017,67,200,12.84,4841,0,0,3.353,0,0,0
101,2017,67,300,12.84,4841,0,0,3.353,0,0,0
101,2017,67,400,12.84,4841,0,0,3.353,0,0,0
101,2017,67,500,12.85,4841,0,0,3.353,0,0,0
101,2017,67,600,12.84,4841,0,0,3.353,0,0,0
101,2017,67,700,12.85,4841,0,0,3.353,0,0,0
101,2017,67,800,12.85,4841,92.869,.117,33.21,102.03,104.88,94.615
101,2017,67,900,12.84,4841,769.9,1,344.1,831.83,860.95,808.75
101,2017,67,1000,12.84,4841,1655.8,1,537,1644.2,1750.2,1663.7
101,2017,67,1100,12.84,4841,2555,1,625.3,2382.4,2594,2510.3
101,2017,67,1200,12.84,4841,3095.6,.9,508.1,2735.7,3025.4,2956.9
101,2017,67,1300,12.85,4841,1413.5,.25,124.6,1242.6,1339.4,1321.1
101,2017,67,1400,12.84,4841,293.52,0,10.92,241.4,271.08,261.92
101,2017,67,1500,12.84,4841,377.01,0,20.47,302.88,341.95,337.56
101,2017,67,1600,12.84,4841,1012.8,.083,45.28,871.99,941.56,934.19
101,2017,67,1700,12.84,4841,2161.2,1,622,1881.8,1987.6,2018.5
101,2017,67,1800,12.84,4841,1508.4,1,640.3,1313,1362.3,1404.5
101,2017,67,1900,12.84,4841,511.92,.75,321.4,450,450.38,470.09
101,2017,67,2000,12.84,4841,18.889,0,10.62,15.031,17.096,14.521
101,2017,67,2100,12.84,4841,0,0,3.353,0,0,0
101,2017,67,2200,12.85,4841,0,0,3.353,0,0,0
101,2017,67,2300,12.84,4841,0,0,3.353,0,0,0
101,2017,67,2400,12.84,4841,0,0,3.353,0,0,0
102,2017,67,2400,12.84,4841,15466,7.1,161.7,14015,15047,14797
101,2017,68,100,12.85,4841,0,0,3.353,0,0,0
101,2017,68,200,12.85,4841,0,0,3.353,0,0,0
101,2017,68,300,12.85,4841,0,0,3.353,0,0,0
101,2017,68,400,12.85,4841,0,0,3.353,0,0,0
101,2017,68,500,12.85,4841,1.4517,0,3.353,1.0073,1.5452,0
101,2017,68,600,12.85,4841,.006,0,3.353,.00868,.01226,0
101,2017,68,700,12.84,4841,.06598,0,3.353,.02605,.1349,0
101,2017,68,800,12.84,4841,.66583,0,3.353,.69465,1.2264,.72359
101,2017,68,900,12.85,4841,16.478,0,3.353,13.216,15.452,14.851
101,2017,68,1000,12.85,4841,88.999,0,3.353,72.226,81.062,80.578
101,2017,68,1100,12.85,4841,339.28,0,3.353,274.89,306.4,306.76
101,2017,68,1200,12.85,4841,705.37,0,3.353,582.27,640.72,630.89
101,2017,68,1300,12.84,4841,1563.8,0,3.364,1322.1,1454.4,1426.4
101,2017,68,1400,12.84,4841,2404.9,.183,60.51,2120,2298.6,2274
101,2017,68,1500,12.85,4841,2768.5,1,212.9,2477.9,2651.9,2641
101,2017,68,1600,12.85,4841,2381.3,1,287.6,2120,2254.3,2264
101,2017,68,1700,12.84,4841,2320.4,1,586.5,2062.4,2168.8,2209.3
101,2017,68,1800,12.84,4841,1650,.983,481.5,1439.2,1512.4,1547.3
101,2017,68,1900,12.84,4841,392.84,0,32.09,342.42,367.69,361.05
101,2017,68,2000,12.84,4841,24.84,0,3.565,20.484,23.865,20.535
101,2017,68,2100,12.84,4841,0,0,3.353,0,0,0
101,2017,68,2200,12.84,4841,0,0,3.353,0,0,0
101,2017,68,2300,12.84,4841,0,0,3.353,0,0,0
101,2017,68,2400,12.84,4841,0,0,3.353,0,0,0
102,2017,68,2400,12.84,4841,14659,4.165,71.7,12849,13778,13777
101,2017,69,100,12.84,4841,0,0,3.353,0,0,0
101,2017,69,200,12.84,4841,0,0,3.353,0,0,0
101,2017,69,300,12.84,4841,0,0,3.353,0,0,0
101,2017,69,400,12.84,4841,0,0,3.353,0,0,0
101,2017,69,500,12.84,4841,0,0,3.353,0,0,0
101,2017,69,600,12.84,4841,0,0,3.353,0,0,0
101,2017,69,700,12.84,4841,0,0,3.353,0,0,0
101,2017,69,800,12.35,0,48.114,0,3.353,40.194,44.627,41.399
101,2017,69,900,12.75,0,397.28,0,15.3,349.36,377.12,366.95
101,2017,69,1000,12.41,0,1030.5,.683,154.7,971.58,1037.3,1003.1
101,2017,69,1100,12.41,0,1554.3,.933,195.2,1429.1,1547.2,1512.7
101,2017,69,1200,12.73,0,1839.7,.583,217.5,1662.7,1811.1,1775.1
101,2017,69,1300,12.74,0,2962.2,.833,421.8,2640.6,2913.8,2865.1
101,2017,69,1400,12.74,0,3746.4,.9,510.4,3311.6,3625.9,3597.1
101,2017,69,1500,12.73,0,2518.7,.7,243.1,2246.7,2415.4,2405.6
101,2017,69,1600,12.72,0,3116.1,1,630,2720.7,2893.5,2917.8
101,2017,69,1700,12.4,0,1882.4,1,557.8,1616.6,1720.2,1750.3
101,2017,69,1800,12.41,0,1129.5,.966,440.1,988.14,1027.2,1057.6
101,2017,69,1900,12.28,0,312.23,.616,181.8,329.68,332.64,345.12
101,2017,69,2000,12.65,0,29.273,0,8.54,26.744,27.029,25.916
101,2017,69,2100,12.67,0,0,0,3.353,0,0,0
101,2017,69,2200,12.6,0,0,0,3.353,0,0,0
101,2017,69,2300,12.68,0,0,0,3.353,0,0,0
101,2017,69,2400,12.68,4841,0,0,3.353,0,0,0
102,2017,69,2400,12.28,4841,20567,8.21,217.7,18334,19773,19664
101,2017,70,100,12.57,4841,0,0,3.353,0,0,0
101,2017,70,200,12.71,4841,0,0,3.353,0,0,0
101,2017,70,300,12.72,4841,0,0,3.353,0,0,0
101,2017,70,400,12.73,4841,0,0,3.353,0,0,0
101,2017,70,500,12.73,4841,0,0,3.353,0,0,0
101,2017,70,600,12.72,4841,0,0,3.353,0,0,0
101,2017,70,700,12.72,4841,0,0,3.353,0,0,0
101,2017,70,800,12.72,4841,86.865,.2,49.69,97.391,102.65,91.524
101,2017,70,900,12.71,4841,998.47,1,471.8,1063.4,1112.4,1034.1
101,2017,70,1000,12.71,4841,1779.3,1,597.7,1738.6,1867.2,1768
101,2017,70,1100,12.71,4841,2709.5,1,669.5,2538.8,2762.4,2669.7
101,2017,70,1200,12.71,4841,2452.5,.65,397.2,2168.8,2401.9,2339.4
101,2017,70,1300,12.71,4841,2019.2,.383,229,1752.9,1942.8,1899.7
101,2017,70,1400,12.71,4841,425.68,0,16.09,360.1,395.67,383.68
101,2017,70,1500,12.71,4841,582.53,0,4.392,495.56,545.43,540.8
101,2017,70,1600,12.71,4841,2336.1,.8,495.3,2026.2,2161.9,2186.8
101,2017,70,1700,12.7,4841,2083.6,.916,623.3,1791.7,1906,1946.3
101,2017,70,1800,12.71,4841,1576.2,1,665.2,1351.7,1411.9,1464.3
101,2017,70,1900,12.71,4841,326.57,.916,369.4,468.87,468.79,510.98
101,2017,70,2000,12.7,4841,23.532,0,8.81,20.232,21.4,20.731
101,2017,70,2100,12.7,4841,0,0,3.353,0,0,0
101,2017,70,2200,12.69,4841,0,0,3.353,0,0,0
101,2017,70,2300,12.69,4841,0,0,3.353,0,0,0
101,2017,70,2400,12.69,4841,0,0,3.353,0,0,0
102,2017,70,2400,12.57,4841,17400,7.86,193.1,15874,17100,16856
101,2017,71,100,12.69,4841,0,0,3.353,0,0,0
101,2017,71,200,12.59,4841,0,0,3.353,0,0,0
101,2017,71,300,12.64,4841,0,0,3.353,0,0,0
101,2017,71,400,12.71,4841,0,0,3.353,0,0,0
101,2017,71,500,12.71,4841,0,0,3.353,0,0,0
101,2017,71,600,12.71,4841,0,0,3.353,0,0,0
101,2017,71,700,12.73,4841,0,0,3.353,0,0,0
101,2017,71,800,12.73,4841,82.48,0,14.31,73.807,82.412,74.706
101,2017,71,900,12.73,4841,351.69,0,21.11,285.79,321.37,307.36
101,2017,71,1000,12.74,4841,680.88,.133,54.86,577.16,639.48,618.52
101,2017,71,1100,12.74,4841,2707.8,1,528.2,2499.6,2716.2,2626.8
101,2017,71,1200,12.74,4841,3081.2,1,571.9,2763.4,3056.2,2959.3
101,2017,71,1300,12.74,4841,3642,1,632.3,3210.8,3572.1,3476.2
101,2017,71,1400,12.74,4841,3709.7,1,599.8,3252.3,3578.1,3505.9
101,2017,71,1500,12.74,4841,3493.3,1,669.7,3127.6,3341.7,3316.6
101,2017,71,1600,12.73,4841,3140.2,1,733,2760.5,2935.8,2964.4
101,2017,71,1700,12.73,4841,2354.9,1,708,2032.4,2164.3,2207.1
101,2017,71,1800,12.73,4841,1478,1,589.6,1266.5,1323.4,1364.6
101,2017,71,1900,12.73,4841,365.67,.783,236.5,417.52,425.67,443.7
101,2017,71,2000,12.73,4841,26.142,0,7.71,22.021,24.515,21.596
101,2017,71,2100,12.74,4841,0,0,3.353,0,0,0
101,2017,71,2200,12.74,4841,0,0,3.353,0,0,0
101,2017,71,2300,12.74,4841,0,0,3.353,0,0,0
101,2017,71,2400,12.75,4841,0,0,3.353,0,0,0
102,2017,71,2400,12.59,4841,25114,8.91,225.1,22289,24181,23887
101,2017,72,100,12.75,4841,0,0,3.353,0,0,0
101,2017,72,200,12.75,4841,0,0,3.353,0,0,0
101,2017,72,300,12.75,4841,0,0,3.353,0,0,0
101,2017,72,400,12.75,4841,0,0,3.353,0,0,0
101,2017,72,500,12.75,4841,0,0,3.353,0,0,0
101,2017,72,600,12.75,4841,0,0,3.353,0,0,0
101,2017,72,700,12.75,4841,0,0,3.353,0,0,0
101,2017,72,800,12.74,4841,75.576,.05,15.07,72.253,77.679,69.957
101,2017,72,900,12.74,4841,796.89,.933,324.1,827.67,869.04,812.5
101,2017,72,1000,12.74,4841,1706.9,1,548.2,1662.3,1784.4,1688.3
101,2017,72,1100,12.61,4841,2671.3,1,677.7,2467.3,2709.4,2604.9
101,2017,72,1200,12.74,4841,2782.2,.8,517.4,2486.2,2765.3,2678.8
101,2017,72,1300,12.75,4841,3251.7,.883,530.2,2826.3,3159.9,3088.7
101,2017,72,1400,12.74,4841,3181.5,.766,467.4,2768.4,3064.4,3016.3
101,2017,72,1500,12.73,4841,3577.5,1,698.6,3160.6,3392.7,3386.7
101,2017,72,1600,12.71,4841,3120.4,1,722,2708.1,2897.7,2922.5
101,2017,72,1700,12.72,4841,2417.3,1,727,2046.8,2201.6,2244.5
101,2017,72,1800,12.73,4841,1509.9,1,637.9,1268.8,1336.7,1384.2
101,2017,72,1900,12.73,4841,337.8,.6,241.1,367.56,379.05,394.59
101,2017,72,2000,12.73,4841,17.639,0,4.482,14.09,16.112,13.275
101,2017,72,2100,12.72,4841,0,0,3.353,0,0,0
101,2017,72,2200,12.73,4841,0,0,3.353,0,0,0
101,2017,72,2300,12.73,4841,0,0,3.353,0,0,0
101,2017,72,2400,12.73,4841,0,0,3.353,0,0,0
102,2017,72,2400,12.61,4841,25447,10.03,256.1,22676,24654,24305
101,2017,73,100,12.73,4841,0,0,3.353,0,0,0
101,2017,73,200,12.73,4841,0,0,3.353,0,0,0
101,2017,73,300,12.73,4841,0,0,3.353,0,0,0
101,2017,73,400,12.73,4841,0,0,3.353,0,0,0
101,2017,73,500,12.73,4841,0,0,3.353,0,0,0
101,2017,73,600,12.73,4841,0,0,3.353,0,0,0
101,2017,73,700,12.73,4841,0,0,3.353,0,0,0
101,2017,73,800,12.73,4841,86.872,.133,42.16,90.914,97.032,85.87
101,2017,73,900,12.73,4841,751.85,1,362.5,785.74,827.85,765.73
101,2017,73,1000,12.73,4841,1614.8,.983,518.2,1572.9,1689.1,1600.6
101,2017,73,1100,12.73,4841,2168.2,.9,490.4,1963.5,2151.6,2075
101,2017,73,1200,12.72,4841,3218.2,1,604.5,2859.6,3188.9,3102.7
101,2017,73,1300,12.72,4841,3648.4,1,575.5,3191,3563.2,3499.1
101,2017,73,1400,12.72,4841,3520.7,.916,477,3029.8,3347.9,3312.4
101,2017,73,1500,12.72,4841,3218.2,.933,565.6,2795.2,3009.2,3006.4
101,2017,73,1600,12.72,4841,2983.4,1,635.8,2550.1,2746.6,2768.9
101,2017,73,1700,12.73,4841,1696.6,.75,390.7,1432.8,1543.6,1563.3
101,2017,73,1800,12.73,4841,723.35,.583,157.3,607.55,650.72,653.58
101,2017,73,1900,12.73,4841,190.36,0,36.47,159.85,170.84,167
101,2017,73,2000,12.73,4841,15.21,0,6.058,11.651,13.181,10.782
101,2017,73,2100,12.73,4841,0,0,3.353,0,0,0
101,2017,73,2200,12.73,4841,0,0,3.353,0,0,0
101,2017,73,2300,12.73,4841,0,0,3.353,0,0,0
101,2017,73,2400,12.73,4841,0,0,3.353,0,0,0
102,2017,73,2400,12.72,4841,23836,9.2,204.1,21051,23000,22611
101,2017,74,100,12.73,4841,0,0,3.353,0,0,0
101,2017,74,200,12.73,4841,0,0,3.353,0,0,0
101,2017,74,300,12.73,4841,0,0,3.353,0,0,0
101,2017,74,400,12.73,4841,0,0,3.353,0,0,0
101,2017,74,500,12.73,4841,0,0,3.353,0,0,0
101,2017,74,600,12.72,4841,0,0,3.353,0,0,0
101,2017,74,700,12.72,4841,0,0,3.353,0,0,0
101,2017,74,800,12.72,4841,64.635,0,14.22,57.422,63.6,57.586
101,2017,74,900,12.71,4841,342.43,0,14.65,294.95,322.16,310.23
101,2017,74,1000,12.71,4841,1161,.466,114.4,1044.9,1132.6,1098.7
101,2017,74,1100,12.8,4841,2072.3,1,232.1,1862.5,2032.2,1980.7
101,2017,74,1200,12.8,4841,2214.1,.683,161.3,1974,2152.9,2114.9
101,2017,74,1300,12.8,4841,2461.4,.75,141.3,2155.4,2363.4,2342.9
101,2017,74,1400,12.8,4841,2968.4,.883,182.7,2564.2,2813.3,2799
101,2017,74,1500,12.79,4841,1350.9,.1,85.9,1169.4,1265.3,1264.4
101,2017,74,1600,12.79,4841,880.21,0,7.09,773.07,830.49,824.31
101,2017,74,1700,12.79,4841,1062.7,0,17.61,928.97,1002,996.14
101,2017,74,1800,12.8,4841,769.92,0,27.58,687.5,732.58,730.83
101,2017,74,1900,12.8,4841,345.44,0,23.89,302.64,325.02,320.53
101,2017,74,2000,12.79,4841,18.618,0,3.353,14.874,17.769,14.857
101,2017,74,2100,12.78,4841,0,0,3.353,0,0,0
101,2017,74,2200,12.78,4841,0,0,3.353,0,0,0
101,2017,74,2300,12.78,4841,0,0,3.353,0,0,0
101,2017,74,2400,12.78,4841,0,0,3.353,0,0,0
102,2017,74,2400,12.71,4841,15712,3.882,44.29,13830,15053,14855
101,2017,75,100,12.78,4841,0,0,3.353,0,0,0
101,2017,75,200,12.78,4841,0,0,3.353,.13893,.49055,0
101,2017,75,300,12.78,4841,1.3257,0,3.353,2.4487,3.2867,5.6553
101,2017,75,400,12.77,4841,.99576,0,3.353,1.2157,1.6433,1.7352
101,2017,75,500,12.77,4841,2.1715,0,3.353,2.0406,2.9801,6.133
101,2017,75,600,12.77,4841,3.2452,0,3.353,3.8119,3.6423,7.3975
101,2017,75,700,12.77,4841,1.8475,0,3.353,1.3459,2.0358,2.1989
101,2017,75,800,12.77,4841,17.12,0,3.353,12.478,14.373,13.833
101,2017,75,900,12.76,4841,93.925,0,3.833,78.461,86.532,83.115
101,2017,75,1000,12.47,4841,359.26,0,3.353,301.32,332.88,326.23
101,2017,75,1100,12.66,4841,908.72,0,3.973,775.82,851.84,839.54
101,2017,75,1200,12.39,4841,1391.2,0,5.404,1182.5,1301.7,1281.7
101,2017,75,1300,12.67,4841,1854.8,0,9.15,1619.1,1764.5,1749.7
101,2017,75,1400,12.65,4841,2002,.067,29.86,1737.1,1896.5,1886.2
101,2017,75,1500,12.68,4841,1974.4,.283,79.8,1715.9,1856.5,1853.5
101,2017,75,1600,12.64,4841,2337.7,.95,283.5,2024,2183.9,2196.2
101,2017,75,1700,12.58,4841,2087,.9,450.7,1785.3,1911.4,1943.3
101,2017,75,1800,12.46,4841,1495.9,.983,365.3,1270.2,1348.7,1373.3
101,2017,75,1900,12.75,4841,404.19,.05,35.95,345.44,371.17,367.77
101,2017,75,2000,12.75,4841,28.121,0,5.789,24,25.925,23.921
101,2017,75,2100,12.74,4841,0,0,3.353,0,0,0
101,2017,75,2200,12.75,4841,0,0,3.353,0,0,0
101,2017,75,2300,12.75,4841,0,0,3.353,0,0,0
101,2017,75,2400,12.75,4841,0,0,3.353,.12156,.45375,0
102,2017,75,2400,12.39,4841,14964,3.232,54.87,12883,13960,13961
101,2017,76,100,12.75,4841,0,0,3.353,0,.28206,.80087
101,2017,76,200,12.75,4841,0,0,3.353,.02605,1.165,.80086
101,2017,76,300,12.75,4841,0,0,3.353,.44284,.9075,.44258
101,2017,76,400,12.75,4841,0,0,3.353,0,0,0
101,2017,76,500,12.75,4841,0,0,3.353,0,0,0
101,2017,76,600,12.75,4841,0,0,3.353,0,0,0
101,2017,76,700,12.74,4841,0,0,3.353,0,.07358,0
101,2017,76,800,12.58,4841,28.216,0,3.353,23.618,27.176,27.714
101,2017,76,900,12.89,4841,156.91,0,3.353,131.47,145.48,144.21
101,2017,76,1000,12.89,4841,551.22,0,3.365,496.17,529.5,526.17
101,2017,76,1100,12.89,4841,1276.7,.217,67.15,1096.8,1204.8,1179.6
101,2017,76,1200,12.89,4841,2482,.833,187.1,2186.8,2399.4,2352.4
101,2017,76,1300,12.89,4841,2915.7,.8,182.3,2559.9,2814.8,2770.9
101,2017,76,1400,12.89,4841,2952.4,.317,111.1,2561.6,2807.1,2774.8
101,2017,76,1500,12.89,4841,3462.4,.9,353.3,3035.9,3299.8,3272.3
101,2017,76,1600,12.89,4841,2564.6,1,459.1,2242.8,2404.9,2413.2
101,2017,76,1700,12.89,4841,2523.6,1,712,2182.7,2320.6,2365.8
101,2017,76,1800,12.89,4841,1580.1,.866,516.9,1365.7,1436.6,1464.1
101,2017,76,1900,12.89,4841,371.12,.283,100.7,351.26,369.6,375.62
101,2017,76,2000,12.89,4841,40.298,0,11.52,33.161,35.16,33.074
101,2017,76,2100,12.9,4841,0,0,3.353,0,0,0
101,2017,76,2200,12.9,4841,0,0,3.353,0,0,0
101,2017,76,2300,12.9,4841,0,0,3.353,0,0,0
101,2017,76,2400,12.9,4841,0,0,3.353,0,0,0
102,2017,76,2400,12.58,4841,20905,6.214,114.5,18268,19797,19702
101,2017,77,100,12.9,4841,0,0,3.353,0,0,0
101,2017,77,200,12.9,4841,0,0,3.353,0,0,0
101,2017,77,300,12.9,4841,0,0,3.353,0,0,0
101,2017,77,400,12.9,4841,0,0,3.353,0,0,0
101,2017,77,500,12.9,4841,0,0,3.353,0,0,0
101,2017,77,600,12.9,4841,0,0,3.353,0,0,0
101,2017,77,700,12.9,4841,0,0,3.353,0,0,0
101,2017,77,800,12.9,4841,109.75,.333,92.8,130.1,138.84,118.89
101,2017,77,900,12.9,4841,860.61,1,451.9,879.91,951.49,855.5
101,2017,77,1000,12.9,4841,1693.2,1,560.7,1596.6,1741.6,1637.1
101,2017,77,1100,12.9,4841,2613.8,1,672.8,2344.3,2609.9,2500.2
101,2017,77,1200,12.9,4841,3247.7,1,683.1,2839,3199.1,3089.3
101,2017,77,1300,12.89,4841,3250.8,.8,506.1,2794.8,3141.4,3059.8
101,2017,77,1400,12.9,4841,2046.4,.417,227.8,1724.2,1939.7,1896.2
101,2017,77,1500,12.9,4841,175.48,0,6.164,167.73,178.82,170.85
101,2017,77,1600,12.9,4841,400.07,0,14.77,310.61,355.35,346.42
101,2017,77,1700,12.9,4841,1247,.55,153.3,1017,1118.2,1113.2
101,2017,77,1800,12.9,4841,909.58,.35,137.1,765.31,828.48,826.48
101,2017,77,1900,12.9,4841,294.67,0,21.85,256.75,276.53,269.25
101,2017,77,2000,12.9,4841,14.774,0,3.398,11.609,13.809,11.156
101,2017,77,2100,12.9,4841,0,0,3.353,0,0,0
101,2017,77,2200,12.9,4841,0,0,3.353,0,0,0
101,2017,77,2300,12.9,4841,0,0,3.353,0,0,0
101,2017,77,2400,12.9,4841,0,0,3.353,0,0,0
102,2017,77,2400,12.89,4841,16864,6.447,148.7,14838,16493,15894
101,2017,78,100,12.9,4841,0,0,3.353,0,0,0
101,2017,78,200,12.9,4841,0,0,3.353,0,0,0
101,2017,78,300,12.9,4841,0,0,3.353,0,0,0
101,2017,78,400,12.9,4841,0,0,3.353,0,0,0
101,2017,78,500,12.9,4841,0,0,3.353,0,0,0
101,2017,78,600,12.9,4841,1.1217,0,3.353,1.068,1.4594,0
101,2017,78,700,12.9,4841,1.0377,0,3.353,1.1549,1.582,2.227
101,2017,78,800,12.9,4841,1.4996,0,3.353,1.5282,1.9376,1.4331
101,2017,78,900,12.89,4841,113.23,0,3.432,89.514,100.47,101.93
101,2017,78,1000,12.9,4841,698.45,.133,42.09,582.93,646.56,637.94
101,2017,78,1100,12.9,4841,1565.7,.333,157.1,1375.4,1507.3,1478.2
101,2017,78,1200,12.9,4841,3071.2,1,546,2783.5,3061.2,2981.8
101,2017,78,1300,12.9,4841,2997.2,1,425.2,2646.2,2933.2,2853.7
101,2017,78,1400,12.9,4841,3258.9,.983,315.7,2861.5,3133.9,3082.7
101,2017,78,1500,12.9,4841,2857.7,.866,283.3,2503,2707.8,2683.2
101,2017,78,1600,12.9,4841,2199.6,1,236.3,1886.2,2042.3,2035.6
101,2017,78,1700,12.9,4841,1393,1,269.1,1192.8,1277.3,1283
101,2017,78,1800,12.9,4841,1559.4,1,554.4,1309,1387.6,1417.1
101,2017,78,1900,12.9,4841,380.21,.65,206.6,403.83,424.02,433.03
101,2017,78,2000,12.9,4841,19.381,0,3.867,15.812,18.359,15.673
101,2017,78,2100,12.9,4841,0,0,3.353,0,0,0
101,2017,78,2200,12.9,4841,0,0,3.353,0,0,0
101,2017,78,2300,12.9,4841,0,0,3.353,0,0,0
101,2017,78,2400,12.9,4841,0,0,3.353,0,0,0
102,2017,78,2400,12.89,4841,20118,7.96,128.5,17654,19245,19007
101,2017,79,100,12.9,4841,0,0,3.353,0,0,0
101,2017,79,200,12.9,4841,0,0,3.353,0,0,0
101,2017,79,300,12.9,4841,1.4996,0,3.353,1.0854,1.9867,1.8476
101,2017,79,400,12.9,4841,.59985,0,3.353,.95515,1.815,2.7398
101,2017,79,500,12.9,4841,0,0,3.353,0,.02453,.2529
101,2017,79,600,12.9,4841,0,0,3.353,0,0,0
101,2017,79,700,12.9,4841,0,0,3.353,0,0,0
101,2017,79,800,12.9,4841,104.48,.15,45.91,108.72,116.85,106.8
101,2017,79,900,12.9,4841,811.99,.65,282.4,800.97,855.1,801.5
101,2017,79,1000,12.9,4841,1920.6,1,585.9,1808,1972.5,1869.2
101,2017,79,1100,12.9,4841,2841.4,.933,570.7,2584.8,2857.4,2767.3
101,2017,79,1200,12.9,4841,2649,.716,372.4,2336.5,2607.1,2542.3
101,2017,79,1300,12.9,4841,2509.5,.516,291.5,2180.5,2432.5,2388.5
101,2017,79,1400,12.9,4841,2924.2,.7,284.2,2504.4,2788.6,2750.1
101,2017,79,1500,12.9,4841,3498.6,.8,446.2,2997.9,3293.7,3271.4
101,2017,79,1600,12.9,4841,3197.1,.95,630.4,2671.8,2916.8,2936.2
101,2017,79,1700,12.9,4841,2366,.983,701,1935.6,2106.1,2143.1
101,2017,79,1800,12.9,4841,1561.9,1,665.3,1270.1,1360.3,1395.1
101,2017,79,1900,12.9,4841,478.21,.7,360.9,419.58,442.28,477.29
101,2017,79,2000,12.9,4841,13.065,0,5.175,11.062,12.411,9.9477
101,2017,79,2100,12.9,4841,0,0,3.353,0,0,0
101,2017,79,2200,12.9,4841,0,0,3.353,0,0,0
101,2017,79,2300,12.9,4841,0,0,3.353,0,0,0
101,2017,79,2400,12.9,4841,0,0,3.353,0,0,0
102,2017,79,2400,12.9,4841,24878,9.1,220,21632,23765,23464
101,2017,80,100,12.9,4841,0,0,3.353,0,0,0
101,2017,80,200,12.9,4841,0,0,3.353,0,0,0
101,2017,80,300,12.9,4841,0,0,3.353,0,0,0
101,2017,80,400,12.9,4841,0,0,3.353,0,0,0
101,2017,80,500,12.9,4841,1.2117,0,3.353,1.0159,1.349,0
101,2017,80,600,12.9,4841,0,0,3.353,0,0,0
101,2017,80,700,12.9,4841,0,0,3.353,0,0,.3372
101,2017,80,800,12.9,4841,69.906,0,3.521,62.283,67.388,66.899
101,2017,80,900,12.9,4841,468.5,.233,60.58,428.14,458.64,445.82
101,2017,80,1000,12.89,4841,1827.8,1,481,1713.2,1855.1,1777.8
101,2017,80,1100,12.89,4841,2564.4,1,547.4,2332.8,2567.3,2481.4
101,2017,80,1200,12.89,4841,3328.1,1,650.9,2891.5,3260.4,3154.8
101,2017,80,1300,12.89,4841,3676.8,1,677.8,3145.2,3562.6,3469.5
101,2017,80,1400,12.89,4841,3784,1,608,3227.8,3599.9,3532.4