,143.77,.317,90.5
102,2009,166,900,13.04,423.31,.333,126.2
102,2009,166,1000,13.04,449.92,1,583
102,2009,166,1100,13.04,1117.9,.433,260.4
102,2009,166,1200,13.69,1184.7,.05,36.06
102,2009,166,1300,13.69,1240,.15,53.09
102,2009,166,1400,13.69,1423.8,.183,82.1
102,2009,166,1500,13.69,1099.9,.017,28.48
102,2009,166,1600,13.7,471.44,0,8.6
102,2009,166,1700,13.71,646.9,0,8.79
102,2009,166,1800,13.71,267.32,0,8.75
102,2009,166,1900,13.71,129.4,0,7.27
102,2009,166,2000,13.72,1.9733,0,7.27
102,2009,166,2100,13.73,0,0,7.27
102,2009,166,2200,13.73,0,0,7.27
102,2009,166,2300,13.74,0,0,7.27
101,2009,166,2400,13.04,8602.1,2.482
102,2009,166,2400,13.74,0,0,7.27
102,2009,167,100,13.75,0,0,7.27
102,2009,167,200,13.75,0,0,7.28
102,2009,167,300,13.75,0,0,7.3
102,2009,167,400,13.75,0,0,7.31
102,2009,167,500,13.76,0,0,7.31
102,2009,167,600,13.76,0,0,7.29
102,2009,167,700,13.76,3.3051,0,7.29
102,2009,167,800,13.78,135.75,.367,89.3
102,2009,167,900,13.75,306.5,1,447
102,2009,167,1000,13.39,395.59,1,638.3
102,2009,167,1100,13.26,437.71,1,692.8
102,2009,167,1200,13.2,457.42,1,636.4
102,2009,167,1300,13.17,602.71,.833,414
102,2009,167,1400,13.16,707.02,.783,391.4
102,2009,167,1500,13.15,1722.1,.583,326.8
102,2009,167,1600,13.15,2288.1,.833,509.3
102,2009,167,1700,13.15,1943.6,.933,548.7
102,2009,167,1800,13.15,1172.8,1,480.1
102,2009,167,1900,13.14,345.13,.683,198.9
102,2009,167,2000,13.14,4.3484,0,7.27
102,2009,167,2100,13.13,0,0,7.27
102,2009,167,2200,13.12,0,0,7.27
102,2009,167,2300,13.11,0,0,7.27
101,2009,167,2400,13.11,10522,10.01
102,2009,167,2400,13.11,0,0,7.27
102,2009,168,100,13.11,0,0,7.27
102,2009,168,200,13.11,0,0,7.27
102,2009,168,300,13.1,0,0,7.27
102,2009,168,400,13.09,0,0,7.27
102,2009,168,500,13.09,0,0,7.27
102,2009,168,600,13.09,0,0,7.27
102,2009,168,700,13.09,2.0406,0,7.27
102,2009,168,800,13.08,133.25,.333,101.5
102,2009,168,900,13.07,236.7,1,518.8
102,2009,168,1000,13.07,393.75,1,609.4
102,2009,168,1100,13.07,957.72,1,330.1
102,2009,168,1200,13.71,1098.8,.533,322.2
102,2009,168,1300,13.71,1264.2,.033,17.15
102,2009,168,1400,13.7,1369,.017,15.85
102,2009,168,1500,13.69,2056.7,.866,452.4
102,2009,168,1600,13.68,2070.6,.75,487.7
102,2009,168,1700,13.68,1920.6,.983,589.1
102,2009,168,1800,13.68,900.19,.566,307.4
102,2009,168,1900,13.68,243.86,.433,123.4
102,2009,168,2000,13.68,2.7298,0,7.4
102,2009,168,2100,13.71,.00958,0,7.28
102,2009,168,2200,13.72,0,0,7.31
102,2009,168,2300,13.73,.49816,0,7.31
101,2009,168,2400,13.07,12651,7.51
102,2009,168,2400,13.74,.22993,0,7.3
102,2009,169,100,13.75,.00958,0,7.27
102,2009,169,200,13.75,0,0,7.27
102,2009,169,300,13.76,0,0,7.27
102,2009,169,400,13.76,0,0,7.27
102,2009,169,500,13.76,0,0,7.27
102,2009,169,600,13.76,0,0,7.27
102,2009,169,700,13.77,1.2837,0,7.29
102,2009,169,800,13.52,140.1,0,10.26
102,2009,169,900,13.33,436.92,.65,307.5
102,2009,169,1000,13.22,340.43,1,617.9
102,2009,169,1100,13.17,290.76,1,750
102,2009,169,1200,13.15,551.67,1,663.2
102,2009,169,1300,13.15,575.63,.933,512.5
102,2009,169,1400,13.15,1137.4,.883,365.5
102,2009,169,1500,13.14,2456,1,595.8
102,2009,169,1600,13.14,2236.7,.783,515.9
102,2009,169,1700,13.14,1148.2,.483,299.9
102,2009,169,1800,13.13,1311,.9,410.3
102,2009,169,1900,13.63,511.33,.466,150.5
102,2009,169,2000,13.68,.84287,0,7.27
102,2009,169,2100,13.69,0,0,7.27
102,2009,169,2200,13.7,0,0,7.27
102,2009,169,2300,13.7,0,0,7.27
101,2009,169,2400,13.13,11138,9.1
102,2009,169,2400,13.72,.0479,0,7.27
102,2009,170,100,13.73,0,0,7.27
102,2009,170,200,13.75,0,0,7.27
102,2009,170,300,13.75,0,0,7.27
102,2009,170,400,13.75,0,0,7.27
102,2009,170,500,13.75,0,0,7.27
102,2009,170,600,13.76,0,0,7.27
102,2009,170,700,13.77,1.7148,0,7.27
102,2009,170,800,13.78,164.13,.367,125.9
102,2009,170,900,13.78,256.84,.933,522.5
102,2009,170,1000,13.77,207.53,1,729
102,2009,170,1100,13.74,231.43,1,763
102,2009,170,1200,13.72,274.92,.983,682.9
102,2009,170,1300,13.72,533.41,.833,435.7
102,2009,170,1400,13.7,703.05,.417,186.5
102,2009,170,1500,13.68,1842.6,.55,293.2
102,2009,170,1600,13.69,480.17,.017,24.19
102,2009,170,1700,13.69,1631.4,.8,472.1
102,2009,170,1800,13.68,1191.4,1,491.4
102,2009,170,1900,13.68,327.19,.566,190.1
102,2009,170,2000,13.69,2.0114,0,7.37
102,2009,170,2100,13.71,0,0,7.27
102,2009,170,2200,13.72,0,0,7.27
102,2009,170,2300,13.73,0,0,7.27
101,2009,170,2400,13.68,7847.7,8.46
102,2009,170,2400,13.73,0,0,7.27
102,2009,171,100,13.75,0,0,7.27
102,2009,171,200,13.75,0,0,7.27
102,2009,171,300,13.77,0,0,7.27
102,2009,171,400,13.78,0,0,7.27
102,2009,171,500,13.78,0,0,7.27
102,2009,171,600,13.8,0,0,7.27
102,2009,171,700,13.8,.94844,0,7.27
102,2009,171,800,13.8,100.85,.367,122.8
102,2009,171,900,13.8,208.57,1,550.2
102,2009,171,1000,13.79,464.69,.583,354.5
102,2009,171,1100,13.77,715.63,.583,366.4
102,2009,171,1200,13.76,954.43,.533,292.9
102,2009,171,1300,13.74,1011.5,.516,260.6
102,2009,171,1400,13.73,966.64,.217,93.6
102,2009,171,1500,13.72,1690.4,.433,255.4
102,2009,171,1600,13.71,2319.6,.75,478
102,2009,171,1700,13.7,2162.1,.983,610.1
102,2009,171,1800,13.69,991.47,.633,296.7
102,2009,171,1900,13.7,395.01,.733,211.5
102,2009,171,2000,13.7,1.0249,0,7.36
102,2009,171,2100,13.71,0,0,7.27
102,2009,171,2200,13.72,0,0,7.27
102,2009,171,2300,13.73,0,0,7.27
101,2009,171,2400,13.69,11983,7.33
102,2009,171,2400,13.74,0,0,7.27
102,2009,172,100,13.74,0,0,7.27
102,2009,172,200,13.75,0,0,7.27
102,2009,172,300,13.76,0,0,7.27
102,2009,172,400,13.77,0,0,7.27
102,2009,172,500,13.78,0,0,7.27
102,2009,172,600,13.79,0,0,7.29
102,2009,172,700,13.8,1.1975,0,7.27
102,2009,172,800,13.8,102.81,.367,102.5
102,2009,172,900,13.8,224.06,1,500
102,2009,172,1000,13.78,293.38,1,671.7
102,2009,172,1100,13.77,487.38,.916,601.7
102,2009,172,1200,13.75,906.36,.716,403.2
102,2009,172,1300,13.75,908.82,.566,247.4
102,2009,172,1400,13.73,854.85,.95,480.2
102,2009,172,1500,13.72,1510.8,.483,274.2
102,2009,172,1600,13.7,2471.2,.933,628.2
102,2009,172,1700,13.7,1208.3,.5,289
102,2009,172,1800,13.68,834.13,.666,317.1
102,2009,172,1900,13.7,387.04,.75,236.7
102,2009,172,2000,13.71,2.1934,0,7.31
102,2009,172,2100,13.73,0,0,7.27
102,2009,172,2200,13.74,0,0,7.27
102,2009,172,2300,13.74,0,0,7.27
101,2009,172,2400,13.68,10192,8.85
102,2009,172,2400,13.76,0,0,7.27
102,2009,173,100,13.77,0,0,7.27
102,2009,173,200,13.78,0,0,7.27
102,2009,173,300,13.78,0,0,7.28
102,2009,173,400,13.79,0,0,7.26
102,2009,173,500,13.8,0,0,7.25
102,2009,173,600,13.8,0,0,7.26
102,2009,173,700,13.82,1.1783,0,7.27
102,2009,173,800,13.83,103.76,.367,114.2
102,2009,173,900,13.84,232.76,1,519.5
102,2009,173,1000,13.82,314.2,1,681.3
102,2009,173,1100,13.79,361.01,1,721
102,2009,173,1200,13.77,413.67,1,658
102,2009,173,1300,13.75,471.71,1,533
102,2009,173,1400,13.73,947.51,.8,363.2
102,2009,173,1500,13.72,1837.1,.633,334.3
102,2009,173,1600,13.71,2068.9,.766,460.4
102,2009,173,1700,13.7,1753.6,.85,483.6
102,2009,173,1800,13.7,1134.1,1,450.8
102,2009,173,1900,13.7,330.74,.7,184.3
102,2009,173,2000,13.71,3.6781,0,7.46
102,2009,173,2100,13.32,0,0,7.27
102,2009,173,2200,13.19,0,0,7.27
102,2009,173,2300,13.12,0,0,7.27
101,2009,173,2400,13.09,9974,10.11
102,2009,173,2400,13.09,0,0,7.27
102,2009,174,100,13.08,0,0,7.27
102,2009,174,200,13.07,0,0,7.27
102,2009,174,300,13.07,0,0,7.27
102,2009,174,400,13.07,0,0,7.27
102,2009,174,500,13.07,0,0,7.27
102,2009,174,600,13.07,0,0,7.27
102,2009,174,700,13.07,.75682,0,7.27
102,2009,174,800,13.07,114.1,.317,98.7
102,2009,174,900,13.07,274.73,1,478.6
102,2009,174,1000,13.06,352.24,1,658.7
102,2009,174,1100,13.07,397.61,1,697.7
102,2009,174,1200,13.07,420.66,1,646.6
102,2009,174,1300,13.08,470.99,1,522.6
102,2009,174,1400,13.08,795.43,.95,458.1
102,2009,174,1500,13.08,1787.9,.666,349.1
102,2009,174,1600,13.09,1738.5,.516,310.2
102,2009,174,1700,13.09,1204.5,.6,327.6
102,2009,174,1800,13.09,855.55,.6,250
102,2009,174,1900,13.1,189.36,.367,73.8
102,2009,174,2000,13.64,2.816,0,7.27
102,2009,174,2100,13.66,0,0,7.27
102,2009,174,2200,13.68,0,0,7.27
102,2009,174,2300,13.68,0,0,7.27
101,2009,174,2400,13.06,8605.1,9.01
102,2009,174,2400,13.69,0,0,7.27
102,2009,175,100,13.7,0,0,7.27
102,2009,175,200,13.7,.05747,0,7.27
102,2009,175,300,13.71,0,0,7.27
102,2009,175,400,13.71,0,0,7.27
102,2009,175,500,13.71,0,0,7.29
102,2009,175,600,13.72,0,0,7.34
102,2009,175,700,13.73,.86216,0,7.31
102,2009,175,800,13.75,147.7,.15,52.04
102,2009,175,900,13.76,490.28,.583,199.6
102,2009,175,1000,13.76,512.09,.983,546.8
102,2009,175,1100,13.76,856.01,.583,363.2
102,2009,175,1200,13.54,904.66,.883,395.1
102,2009,175,1300,13.44,983.1,.267,90.1
102,2009,175,1400,13.27,1203.3,.5,105.7
102,2009,175,1500,13.19,860.46,0,7.82
102,2009,175,1600,13.15,257.56,0,7.43
102,2009,175,1700,13.13,314.74,0,7.33
102,2009,175,1800,13.12,417.47,.367,82.7
102,2009,175,1900,13.11,247.71,.25,70.3
102,2009,175,2000,13.11,3.2473,0,7.29
102,2009,175,2100,13.1,0,0,7.27
102,2009,175,2200,13.09,0,0,7.33
102,2009,175,2300,13.09,0,0,7.34
101,2009,175,2400,13.08,7199.2,4.565
102,2009,175,2400,13.08,0,0,7.27
102,2009,176,100,13.07,0,0,7.27
102,2009,176,200,13.06,0,0,7.27
102,2009,176,300,13.05,0,0,7.3
102,2009,176,400,13.05,0,0,7.32
102,2009,176,500,13.04,0,0,7.32
102,2009,176,600,13.04,0,0,7.31
102,2009,176,700,13.04,.37362,0,7.27
102,2009,176,800,13.04,104.44,0,7.28
102,2009,176,900,13.04,392.93,.067,40.32
102,2009,176,1000,13.04,599.72,.017,40.24
102,2009,176,1100,13.04,998.83,.533,174.6
102,2009,176,1200,13.04,1360.8,.35,154.4
102,2009,176,1300,13.04,1198.4,.433,189.2
102,2009,176,1400,13.05,701.73,1,488
102,2009,176,1500,13.05,2103,1,561.6
102,2009,176,1600,13.06,2445.7,1,620.9
102,2009,176,1700,13.06,1818.2,1,570.2
102,2009,176,1800,13.06,1054,1,406.6
102,2009,176,1900,13.07,235.87,.417,105.4
102,2009,176,2000,13.06,1.2835,0,7.35
102,2009,176,2100,13.06,0,0,7.27
102,2009,176,2200,13.06,0,0,7.27
102,2009,176,2300,13.06,0,0,7.27
101,2009,176,2400,13.04,13015,6.814
102,2009,176,2400,13.06,0,0,7.27
102,2009,177,100,13.06,0,0,7.27
102,2009,177,200,13.05,0,0,7.27
102,2009,177,300,13.05,0,0,7.27
102,2009,177,400,13.05,0,0,7.27
102,2009,177,500,13.05,0,0,7.27
102,2009,177,600,13.04,0,0,7.27
102,2009,177,700,13.04,.65144,0,7.27
102,2009,177,800,13.04,105.91,0,35.48
102,2009,177,900,13.04,372.22,0,15.15
102,2009,177,1000,13.04,729.56,.383,119.9
102,2009,177,1100,13.51,852.51,1,571.9
102,2009,177,1200,13.32,1007.9,.983,478.9
102,2009,177,1300,13.27,689.1,.95,411.4
102,2009,177,1400,13.64,812.86,.6,270.2
102,2009,177,1500,13.63,727.14,.7,356.4
102,2009,177,1600,13.64,908.29,.683,341.8
102,2009,177,1700,13.63,1634.4,.916,478.1
102,2009,177,1800,13.63,719.68,.45,209.2
102,2009,177,1900,13.63,49.923,0,7.32
102,2009,177,2000,13.65,.78543,0,7.27
102,2009,177,2100,13.66,0,0,7.27
102,2009,177,2200,13.68,0,0,7.27
102,2009,177,2300,13.68,0,0,7.27
101,2009,177,2400,13.04,8611,6.664
102,2009,177,2400,13.69,0,0,7.27
102,2009,178,100,13.71,0,0,7.27
102,2009,178,200,13.72,0,0,7.27
102,2009,178,300,13.73,0,0,7.27
102,2009,178,400,13.73,0,0,7.27
102,2009,178,500,13.74,0,0,7.27
102,2009,178,600,13.75,0,0,7.27
102,2009,178,700,13.75,1.14,0,7.27
102,2009,178,800,13.76,112.55,.317,98.5
102,2009,178,900,13.76,262.38,1,460.7
102,2009,178,1000,13.75,360.14,1,654.8
102,2009,178,1100,13.73,420.62,1,695.4
102,2009,178,1200,13.72,472.74,1,638.9
102,2009,178,1300,13.7,553.3,1,518.9
102,2009,178,1400,13.68,809.22,.45,172.8
102,2009,178,1500,13.67,881.31,.65,296.2
102,2009,178,1600,13.67,714.33,.417,243.7
102,2009,178,1700,13.66,1445.6,.966,548.1
102,2009,178,1800,13.66,896.35,.8,290.2
102,2009,178,1900,13.66,281.83,.25,100.7
102,2009,178,2000,13.66,3.3141,0,7.39
102,2009,178,2100,13.68,0,0,7.27
102,2009,178,2200,13.7,0,0,7.27
102,2009,178,2300,13.71,.01916,0,7.27
101,2009,178,2400,13.66,7214.8,8.85
102,2009,178,2400,13.72,0,0,7.27
102,2009,179,100,13.73,0,0,7.27
102,2009,179,200,13.73,0,0,7.27
102,2009,179,300,13.74,.01916,0,7.27
102,2009,179,400,13.74,0,0,7.27
102,2009,179,500,13.75,0,0,7.27
102,2009,179,600,13.76,0,0,7.27
102,2009,179,700,13.77,1.0059,0,7.28
102,2009,179,800,13.78,126.03,.283,79.3
102,2009,179,900,13.78,339.58,.983,407.3
102,2009,179,1000,13.77,687.26,.883,391.7
102,2009,179,1100,13.76,1055,.583,308.1
102,2009,179,1200,13.75,1134.2,.6,272.6
102,2009,179,1300,13.74,973.57,.05,21.8
102,2009,179,1400,13.74,520.97,0,7.82
102,2009,179,1500,13.74,658.72,.167,97.8
102,2009,179,1600,13.73,484.53,.117,59.02
102,2009,179,1700,13.3,551.94,.017,31.15
102,2009,179,1800,13.24,624.59,.2,71.3
102,2009,179,1900,13.75,149.05,0,7.55
102,2009,179,2000,13.76,2.4235,0,7.27
102,2009,179,2100,13.78,1.7242,0,7.24
102,2009,179,2200,13.82,0,0,7.25
102,2009,179,2300,13.83,.0958,0,7.21
101,2009,179,2400,13.24,7310.8,3.882
102,2009,179,2400,13.84,.11496,0,7.23
102,2009,180,100,13.85,.23949,0,7.22
102,2009,180,200,13.85,.0958,0,7.2
102,2009,180,300,13.86,0,0,7.23
102,2009,180,400,13.85,.00958,0,7.23
102,2009,180,500,13.85,0,0,7.24
102,2009,180,600,13.85,0,0,7.25
102,2009,180,700,13.85,1.2549,0,7.23
102,2009,180,800,13.85,211.84,0,20.47
102,2009,180,900,13.86,518.48,.233,90.9
102,2009,180,1000,13.85,858.77,.916,296.7
102,2009,180,1100,13.85,985.84,.85,301.8
102,2009,180,1200,13.83,1400.6,.8,204.4
102,2009,180,1300,13.82,1806.2,.05,30
102,2009,180,1400,13.8,1683.8,.05,20.75
102,2009,180,1500,13.34,1481.8,.583,183.7
102,2009,180,1600,13.25,1044.4,.2,50.89
102,2009,180,1700,13.78,923.34,0,16.5
102,2009,180,1800,13.77,1025.9,.783,261.5
102,2009,180,1900,13.77,338.4,.516,130.6
102,2009,180,2000,13.78,4.6937,0,7.27
102,2009,180,2100,13.78,0,0,7.27
102,2009,180,2200,13.79,0,0,7.27
102,2009,180,2300,13.8,0,0,7.28
101,2009,180,2400,13.25,12286,4.981
102,2009,180,2400,13.8,0,0,7.26
102,2009,181,100,13.81,0,0,7.25
102,2009,181,200,13.82,0,0,7.2
102,2009,181,300,13.82,0,0,7.22
102,2009,181,400,13.84,0,0,7.2
102,2009,181,500,13.84,0,0,7.2
102,2009,181,600,13.84,0,0,7.24
102,2009,181,700,13.85,.73764,0,7.27
102,2009,181,800,13.44,100.21,.3,102.8
102,2009,181,900,13.28,239.9,1,484.9
102,2009,181,1000,13.16,319.82,1,674.7
102,2009,181,1100,13.1,646.35,.716,519.5
102,2009,181,1200,13.08,1023.2,.616,357
102,2009,181,1300,13.08,992.36,.566,256.6
102,2009,181,1400,13.08,882.81,.566,258.2
102,2009,181,1500,13.09,787.62,.716,374.2
102,2009,181,1600,13.09,1463.5,.983,620.8
102,2009,181,1700,13.1,1845.2,.95,592.5
102,2009,181,1800,13.1,1141.4,.95,432.1
102,2009,181,1900,13.1,365.26,.616,166.4
102,2009,181,2000,13.1,5.2683,0,7.27
102,2009,181,2100,13.1,2.1649,0,7.27
102,2009,181,2200,13.1,1.3794,0,7.27
102,2009,181,2300,13.09,.03832,0,7.27
101,2009,181,2400,13.08,9817.7,8.98
102,2009,181,2400,13.09,.49816,0,7.27
102,2009,182,100,13.09,.13412,0,7.27
102,2009,182,200,13.08,0,0,7.27
102,2009,182,300,13.08,0,0,7.27
102,2009,182,400,13.07,0,0,7.27
102,2009,182,500,13.07,0,0,7.27
102,2009,182,600,13.07,0,0,7.27
102,2009,182,700,13.07,1.3603,0,7.27
102,2009,182,800,13.07,102.82,0,10.49
102,2009,182,900,13.07,310.36,.9,381.9
102,2009,182,1000,13.06,514.55,1,519.4
102,2009,182,1100,13.06,698.07,1,529.4
102,2009,182,1200,13.07,722.93,.95,522.5
102,2009,182,1300,13.07,808.84,1,446.9
102,2009,182,1400,13.07,1039.7,.333,123.6
102,2009,182,1500,13.07,928.07,.883,442.5
102,2009,182,1600,13.07,1359.4,1,602.6
102,2009,182,1700,13.07,1748.9,1,566.1
102,2009,182,1800,13.07,810.01,.583,228.3
102,2009,182,1900,13.64,363.58,.4,111.6
102,2009,182,2000,13.58,8.1129,0,7.28
102,2009,182,2100,13.42,0,0,7.27
102,2009,182,2200,13.69,.5556,0,7.27
102,2009,182,2300,13.71,.36402,0,7.31
101,2009,182,2400,13.06,9418.2,9.05
102,2009,182,2400,13.73,.54604,0,7.3
102,2009,183,100,13.75,0,0,7.3
102,2009,183,200,13.45,0,0,7.28
102,2009,183,300,13.29,0,0,7.27
102,2009,183,400,13.22,0,0,7.27
102,2009,183,500,13.18,0,0,7.27
102,2009,183,600,13.16,0,0,7.27
102,2009,183,700,13.14,1.1304,0,7.27
102,2009,183,800,13.12,134.14,0,20.13
102,2009,183,900,13.11,425.33,.966,335.5
102,2009,183,1000,13.1,616.92,1,540.6
102,2009,183,1100,13.1,756.39,1,566
102,2009,183,1200,13.75,1068.8,.833,402.8
102,2009,183,1300,13.57,1343.5,.7,235.3
102,2009,183,1400,13.34,1016.6,.7,227.5
102,2009,183,1500,13.23,1267,.516,176.3
102,2009,183,1600,13.17,1469.2,.883,435.8
102,2009,183,1700,13.13,1762.1,1,530.9
102,2009,183,1800,13.1,1002,1,301.9
102,2009,183,1900,13.09,324.05,.466,85.9
102,2009,183,2000,13.71,7.6346,0,7.29
102,2009,183,2100,13.72,0,0,7.27
102,2009,183,2200,13.73,0,0,7.27
102,2009,183,2300,13.73,0,0,7.27
101,2009,183,2400,13.09,11195,9.06
102,2009,183,2400,13.73,0,0,7.27
102,2009,184,100,13.75,0,0,7.27
102,2009,184,200,13.75,0,0,7.27
102,2009,184,300,13.75,0,0,7.27
102,2009,184,400,13.77,0,0,7.27
102,2009,184,500,13.78,0,0,7.26
102,2009,184,600,13.77,0,0,7.29
102,2009,184,700,13.78,.90052,0,7.27
102,2009,184,800,13.78,114.95,0,8.2
102,2009,184,900,13.78,544.43,.167,80.7
102,2009,184,1000,13.78,1003.4,.633,259.9
102,2009,184,1100,13.6,840.23,1,526.8
102,2009,184,1200,13.35,918.13,.933,571.8
102,2009,184,1300,13.27,910.9,.966,472.4
102,2009,184,1400,13.75,792.74,.816,335.3
102,2009,184,1500,13.73,645.87,1,530.3
102,2009,184,1600,13.73,1102.4,.9,521.3
102,2009,184,1700,13.72,1485.9,.683,319.3
102,2009,184,1800,13.72,1040,1,331.9
102,2009,184,1900,13.72,243.22,.25,69.65
102,2009,184,2000,13.73,6.782,0,7.27
102,2009,184,2100,13.74,0,0,7.27
102,2009,184,2200,13.75,0,0,7.27
102,2009,184,2300,13.75,0,0,7.27
101,2009,184,2400,13.27,9649.8,8.35
102,2009,184,2400,13.76,0,0,7.27
102,2009,185,100,13.77,0,0,7.27
102,2009,185,200,13.78,0,0,7.27
102,2009,185,300,13.78,0,0,7.27
102,2009,185,400,13.78,0,0,7.27
102,2009,185,500,13.8,0,0,7.27
102,2009,185,600,13.8,0,0,7.27
102,2009,185,700,13.81,.08622,0,7.27
102,2009,185,800,13.82,104.48,.25,71.1
102,2009,185,900,13.82,322.51,1,388.3
102,2009,185,1000,13.81,387.53,1,618.7
102,2009,185,1100,13.8,740.93,.916,594.4
102,2009,185,1200,13.78,1398.9,.533,232.7
102,2009,185,1300,13.77,1269.4,.883,325.6
102,2009,185,1400,13.75,982.84,.833,298.1
102,2009,185,1500,13.75,809.34,.983,470.5
102,2009,185,1600,13.74,1229.6,1,590.8
102,2009,185,1700,13.73,1448.4,.983,442.5
102,2009,185,1800,13.72,1083.1,1,330.1
102,2009,185,1900,13.31,325.62,.133,56.51
102,2009,185,2000,13.73,7.5859,0,7.4
102,2009,185,2100,13.74,0,0,7.27
102,2009,185,2200,13.75,0,0,7.27
102,2009,185,2300,13.76,0,0,7.27
101,2009,185,2400,13.31,10110,9.51
102,2009,185,2400,13.77,0,0,7.27
102,2009,186,100,13.78,0,0,7.27
102,2009,186,200,13.78,0,0,7.27
102,2009,186,300,13.78,0,0,7.27
102,2009,186,400,13.78,0,0,7.27
102,2009,186,500,13.8,0,0,7.27
102,2009,186,600,13.8,0,0,7.26
102,2009,186,700,13.8,.06706,0,7.27
102,2009,186,800,13.82,43.982,0,7.71
102,2009,186,900,13.82,343.36,0,16.23
102,2009,186,1000,13.82,601.14,.05,37.3
102,2009,186,1100,13.8,919.89,.8,370.9
102,2009,186,1200,13.79,890.18,.983,465.7
102,2009,186,1300,13.78,793.5,.916,409.9
102,2009,186,1400,13.77,738.76,.95,406
102,2009,186,1500,13.75,678.44,1,499.3
102,2009,186,1600,13.74,1093.9,1,520.2
102,2009,186,1700,13.73,1651.1,1,533.9
102,2009,186,1800,13.73,1152.5,1,447.3
102,2009,186,1900,13.74,401.67,.7,191.5
102,2009,186,2000,13.74,9.1477,0,7.27
102,2009,186,2100,13.75,0,0,7.27
102,2009,186,2200,13.76,0,0,7.27
102,2009,186,2300,13.77,0,0,7.27
101,2009,186,2400,13.73,9317.6,8.4
102,2009,186,2400,13.78,0,0,7.27
102,2009,187,100,13.79,0,0,7.27
102,2009,187,200,13.8,0,0,7.27
102,2009,187,300,13.81,0,0,7.27
102,2009,187,400,13.82,0,0,7.27
102,2009,187,500,13.82,0,0,7.27
102,2009,187,600,13.82,0,0,7.27
102,2009,187,700,13.82,.0479,0,7.27
102,2009,187,800,13.82,82.983,0,7.42
102,2009,187,900,13.83,228.49,0,17.09
102,2009,187,1000,13.82,640.25,.633,280.4
102,2009,187,1100,13.82,1005.2,1,395.8
102,2009,187,1200,13.8,1073,1,424.1
102,2009,187,1300,13.79,1224.4,.833,203.3
102,2009,187,1400,13.77,1156.5,.5,108
102,2009,187,1500,13.76,1093.6,.783,245.5
102,2009,187,1600,13.75,1175.9,.766,278.2
102,2009,187,1700,13.75,1350.4,.916,356.6
102,2009,187,1800,13.75,825.43,.933,245.3
102,2009,187,1900,13.75,238.68,.183,66.74
102,2009,187,2000,13.75,5.9581,0,7.27
102,2009,187,2100,13.75,0,0,7.27
102,2009,187,2200,13.77,0,0,7.27
102,2009,187,2300,13.78,0,0,7.27
101,2009,187,2400,13.75,10101,7.55
102,2009,187,2400,13.78,0,0,7.27
102,2009,188,100,13.8,0,0,7.27
102,2009,188,200,13.8,0,0,7.27
102,2009,188,300,13.81,0,0,7.27
102,2009,188,400,13.82,0,0,7.27
102,2009,188,500,13.82,0,0,7.27
102,2009,188,600,13.82,0,0,7.27
102,2009,188,700,13.82,.02874,0,7.27
102,2009,188,800,13.83,106.13,0,7.73
102,2009,188,900,13.83,244.77,0,7.27
102,2009,188,1000,13.83,512.65,0,7.67
102,2009,188,1100,13.82,954.07,.633,237.3
102,2009,188,1200,13.8,1310.6,.55,228.5
102,2009,188,1300,13.79,1308.8,.583,141.9
102,2009,188,1400,13.77,1274.3,.866,159.9
102,2009,188,1500,13.76,1071.3,.433,91.6
102,2009,188,1600,13.76,897.8,.5,108.5
102,2009,188,1700,13.75,1128.5,.983,233.5
102,2009,188,1800,13.75,557.72,.433,124.5
102,2009,188,1900,13.75,180.97,0,37.14
102,2009,188,2000,13.75,6.3893,0,7.35
102,2009,188,2100,13.76,0,0,7.27
102,2009,188,2200,13.77,0,0,7.27
102,2009,188,2300,13.78,0,0,7.27
101,2009,188,2400,13.75,9554.1,4.981
102,2009,188,2400,13.8,0,0,7.27
102,2009,189,100,13.8,0,0,7.27
102,2009,189,200,13.8,.05748,0,7.24
102,2009,189,300,13.82,1.1113,0,7.22
102,2009,189,400,13.83,.35446,0,7.25
102,2009,189,500,13.83,1.8394,0,7.28
102,2009,189,600,13.83,.73766,0,7.23
102,2009,189,700,13.83,.7664,0,7.26
102,2009,189,800,13.84,159.6,0,23.99
102,2009,189,900,13.84,495.68,.816,236.7
102,2009,189,1000,13.83,741.57,1,429.3
102,2009,189,1100,13.82,1044.1,1,437.6
102,2009,189,1200,13.8,857.26,1,487.8
102,2009,189,1300,13.79,925.34,.966,388.3
102,2009,189,1400,13.77,1045.3,1,282.4
102,2009,189,1500,13.75,1025.1,.683,244.4
102,2009,189,1600,13.75,900.44,.5,215.4
102,2009,189,1700,13.74,808.98,.317,116.7
102,2009,189,1800,13.74,677.94,.633,168.6
102,2009,189,1900,13.74,284.3,.25,77.6
102,2009,189,2000,13.75,5.4793,0,7.31
102,2009,189,2100,13.75,1.0441,0,7.31
102,2009,189,2200,13.78,.62266,0,7.27
102,2009,189,2300,13.78,.06706,0,7.27
101,2009,189,2400,13.74,8977.7,8.16
102,2009,189,2400,13.78,0,0,7.27
102,2009,190,100,13.79,0,0,7.27
102,2009,190,200,13.8,0,0,7.27
102,2009,190,300,13.8,0,0,7.27
102,2009,190,400,13.8,0,0,7.27
102,2009,190,500,13.8,0,0,7.27
102,2009,190,600,13.81,0,0,7.27
102,2009,190,700,13.82,.11496,0,7.27
102,2009,190,800,13.82,118.83,0,27.14
102,2009,190,900,13.4,463.08,.583,185.2
102,2009,190,1000,13.24,635.93,1,513.6
102,2009,190,1100,13.15,890.37,.916,443.5
102,2009,190,1200,13.09,1249.6,.317,108.2
102,2009,190,1300,13.07,1286.6,.317,120.4
102,2009,190,1400,13.07,867.75,.4,161.8
102,2009,190,1500,13.06,950.34,.783,358.1
102,2009,190,1600,13.06,934.24,.866,411.5
102,2009,190,1700,13.07,1140,.716,336.8
102,2009,190,1800,13.07,870.96,.85,271.5
102,2009,190,1900,13.08,313.39,.516,128
102,2009,190,2000,13.7,5.3259,0,7.43
102,2009,190,2100,13.71,0,0,7.27
102,2009,190,2200,13.71,0,0,7.27
102,2009,190,2300,13.73,0,0,7.27
101,2009,190,2400,13.06,9726.5,7.26
102,2009,190,2400,13.74,0,0,7.27
102,2009,191,100,13.75,0,0,7.27
102,2009,191,200,13.78,0,0,7.26
102,2009,191,300,13.8,0,0,7.26
102,2009,191,400,13.8,0,0,7.25
102,2009,191,500,13.8,0,0,7.24
102,2009,191,600,13.81,0,0,7.25
102,2009,191,700,13.82,.2874,0,7.25
102,2009,191,800,13.81,55.152,0,7.26
102,2009,191,900,13.43,125.33,0,7.29
102,2009,191,1000,13.27,527.73,0,7.84
102,2009,191,1100,13.18,1123,.183,71.6
102,2009,191,1200,13.13,1397.6,.167,66.08
102,2009,191,1300,13.1,1378.3,.483,124.9
102,2009,191,1400,13.09,1322.3,.4,142.7
102,2009,191,1500,13.08,1480.2,.133,62.63
102,2009,191,1600,13.06,1330,.983,492.3
102,2009,191,1700,13.06,1384,1,533.6
102,2009,191,1800,13.06,1093.8,.933,430.6
102,2009,191,1900,13.06,144.21,.033,47.07
102,2009,191,2000,13.71,4.665,0,7.38
102,2009,191,2100,13.72,.00958,0,7.27
102,2009,191,2200,13.73,0,0,7.27
102,2009,191,2300,13.73,0,0,7.27
101,2009,191,2400,13.06,11367,4.315
102,2009,191,2400,13.74,0,0,7.27
102,2009,192,100,13.75,0,0,7.27
102,2009,192,200,13.76,0,0,7.27
102,2009,192,300,13.77,0,0,7.27
102,2009,192,400,13.79,0,0,7.27
102,2009,192,500,13.8,0,0,7.27
102,2009,192,600,13.8,0,0,7.27
102,2009,192,700,13.81,.18202,0,7.27
102,2009,192,800,13.81,110.81,.05,38.75
102,2009,192,900,13.42,402.84,.433,101.8
102,2009,192,1000,13.27,758.82,.35,205.6
102,2009,192,1100,13.18,948.69,.783,440.3
102,2009,192,1200,13.12,1121.3,.433,207.7
102,2009,192,1300,13.11,813.08,.133,60.5
102,2009,192,1400,13.09,962.7,.8,298.7
102,2009,192,1500,13.08,760.88,.833,452.3
102,2009,192,1600,13.06,665.39,.6,347.5
102,2009,192,1700,13.05,1097.1,1,481.2
102,2009,192,1800,13.05,1204.9,1,452.8
102,2009,192,1900,13.05,350.61,.433,116.1
102,2009,192,2000,13.69,8.8222,0,7.85
102,2009,192,2100,13.7,0,0,7.27
102,2009,192,2200,13.71,0,0,7.27
102,2009,192,2300,13.72,0,0,7.27
101,2009,192,2400,13.05,9206.1,6.847
102,2009,192,2400,13.73,0,0,7.27
102,2009,193,100,13.74,.49813,0,7.27
102,2009,193,200,13.75,0,0,7.27
102,2009,193,300,13.76,.05748,0,7.27
102,2009,193,400,13.77,0,0,7.27
102,2009,193,500,13.78,.13413,0,7.27
102,2009,193,600,13.78,0,0,7.37
102,2009,193,700,13.78,.33531,0,7.34
102,2009,193,800,13.79,76.45,0,7.34
102,2009,193,900,13.8,380.42,0,8.96
102,2009,193,1000,13.8,640.56,.716,390
102,2009,193,1100,13.78,510.11,1,696.7
102,2009,193,1200,13.77,796.86,.75,413.6
102,2009,193,1300,13.76,804.93,.9,434.3
102,2009,193,1400,13.75,979.75,.283,116.4
102,2009,193,1500,13.73,906.07,.6,282.9
102,2009,193,1600,13.73,1253.6,.783,425.4
102,2009,193,1700,13.72,1846.4,.866,577.1
102,2009,193,1800,13.72,1206,1,460.7
102,2009,193,1900,13.71,254,.35,103.4
102,2009,193,2000,13.72,6.4748,0,7.35
102,2009,193,2100,13.74,0,0,7.27
102,2009,193,2200,13.74,0,0,7.27
102,2009,193,2300,13.75,0,0,7.27
101,2009,193,2400,13.71,9662.6,7.25
102,2009,193,2400,13.76,0,0,7.27
102,2009,194,100,13.77,0,0,7.27
102,2009,194,200,13.78,0,0,7.27
102,2009,194,300,13.79,0,0,7.27
102,2009,194,400,13.8,0,0,7.27
102,2009,194,500,13.8,.01916,0,7.27
102,2009,194,600,13.8,0,0,7.27
102,2009,194,700,13.8,.40237,0,7.27
102,2009,194,800,13.8,90.456,.317,97
102,2009,194,900,13.8,212.06,1,492.6
102,2009,194,1000,13.33,288.33,1,683.2
102,2009,194,1100,13.21,323.13,1,728
102,2009,194,1200,13.13,370.88,1,675.3
102,2009,194,1300,13.1,614.81,.9,467.6
102,2009,194,1400,13.1,667.34,.833,386.2
102,2009,194,1500,13.09,638.75,.4,229.1
102,2009,194,1600,13.09,815.92,.583,330.7
102,2009,194,1700,13.67,1721.6,.9,536.2
102,2009,194,1800,13.67,1115.5,.8,331.5
102,2009,194,1900,13.69,432.85,.6,188.9
102,2009,194,2000,13.71,6.4081,0,7.56
102,2009,194,2100,13.72,0,0,7.27
102,2009,194,2200,13.73,0,0,7.27
102,2009,194,2300,13.74,.09579,0,7.27
101,2009,194,2400,13.09,7298.5,9.33
102,2009,194,2400,13.75,0,0,7.27
102,2009,195,100,13.75,0,0,7.27
102,2009,195,200,13.76,0,0,7.27
102,2009,195,300,13.77,0,0,7.27
102,2009,195,400,13.79,0,0,7.27
102,2009,195,500,13.8,0,0,7.27
102,2009,195,600,13.82,0,0,7.27
102,2009,195,700,13.82,.36404,0,7.27
102,2009,195,800,13.82,144.26,0,7.34
102,2009,195,900,13.44,305.23,.083,35.56
102,2009,195,1000,13.28,499.89,.367,247.7
102,2009,195,1100,13.17,894.7,.966,477.1
102,2009,195,1200,13.11,1054.6,.516,204.5
102,2009,195,1300,13.09,507.62,.933,483.3
102,2009,195,1400,13.07,409.45,1,514.4
102,2009,195,1500,13.06,503.72,1,582.3
102,2009,195,1600,13.05,885.66,1,670.6
102,2009,195,1700,13.05,1765.9,1,634.4
102,2009,195,1800,13.04,1236.6,1,497.7
102,2009,195,1900,13.05,336.34,.45,157.8
102,2009,195,2000,13.05,8.8119,0,7.56
102,2009,195,2100,13.05,0,0,7.27
102,2009,195,2200,13.06,0,0,7.27
102,2009,195,2300,13.05,0,0,7.27
101,2009,195,2400,13.04,8553.1,8.31
102,2009,195,2400,13.05,0,0,7.27
102,2009,196,100,13.05,0,0,7.27
102,2009,196,200,13.05,0,0,7.27
102,2009,196,300,13.05,0,0,7.27
102,2009,196,400,13.04,0,0,7.27
102,2009,196,500,13.04,.57482,0,7.27
102,2009,196,600,13.04,0,0,7.27
102,2009,196,700,13.04,.05748,0,7.27
102,2009,196,800,13.03,88.109,.317,108.1
102,2009,196,900,13.03,228.58,1,487.1
102,2009,196,1000,13.03,305.43,1,680.8
102,2009,196,1100,13.04,361.87,1,718
102,2009,196,1200,13.04,465.53,.933,604.2
102,2009,196,1300,13.04,884.73,.716,350.8
102,2009,196,1400,13.66,909.51,.566,229.2
102,2009,196,1500,13.65,1452.9,.583,295.1
102,2009,196,1600,13.65,2648.7,1,628.2
102,2009,196,1700,13.64,2073.9,1,600.6
102,2009,196,1800,13.63,1376.6,1,431.2
102,2009,196,1900,13.64,375.1,.5,116.3
102,2009,196,2000,13.65,2.8161,0,7.28
102,2009,196,2100,13.67,0,0,7.27
102,2009,196,2200,13.68,0,0,7.27
102,2009,196,2300,13.7,0,0,7.27
101,2009,196,2400,13.03,11174,9.61
102,2009,196,2400,13.7,0,0,7.27
102,2009,197,100,13.71,0,0,7.27
102,2009,197,200,13.72,0,0,7.27
102,2009,197,300,13.73,0,0,7.34
102,2009,197,400,13.73,0,0,7.33
102,2009,197,500,13.73,0,0,7.27
102,2009,197,600,13.75,.16286,0,7.27
102,2009,197,700,13.76,0,0,7.27
102,2009,197,800,13.78,3.1614,0,7.29
102,2009,197,900,13.64,63.897,0,7.3
102,2009,197,1000,13.39,369.14,0,7.27
102,2009,197,1100,13.26,1064.4,.167,57.49
102,2009,197,1200,13.17,989.63,.8,404.1
102,2009,197,1300,13.13,802.41,1,564.4
102,2009,197,1400,13.12,1190.7,.95,455.3
102,2009,197,1500,13.12,2097.8,.65,244.3
102,2009,197,1600,13.68,2644.7,1,669.9
102,2009,197,1700,13.34,2010.4,.983,617.6
102,2009,197,1800,13.21,1041.1,.933,305
102,2009,197,1900,13.14,357.23,.283,76.9
102,2009,197,2000,13.11,4.6742,0,7.32
102,2009,197,2100,13.1,0,0,7.27
102,2009,197,2200,13.09,0,0,7.27
102,2009,197,2300,13.09,0,0,7.27
101,2009,197,2400,13.08,12640,6.764
102,2009,197,2400,13.08,0,0,7.27
102,2009,198,100,13.08,0,0,7.27
102,2009,198,200,13.07,0,0,7.27
102,2009,198,300,13.07,0,0,7.27
102,2009,198,400,13.07,0,0,7.27
102,2009,198,500,13.05,0,0,7.27
102,2009,198,600,13.05,0,0,7.27
102,2009,198,700,13.05,.33531,0,7.27
102,2009,198,800,13.05,106.6,.05,23.01
102,2009,198,900,13.75,283.61,1,436.9
102,2009,198,1000,13.47,340.72,1,631.2
102,2009,198,1100,13.29,395.03,1,696.6
102,2009,198,1200,13.2,456.68,1,636.7
102,2009,198,1300,13.15,539.97,.95,491.9
102,2009,198,1400,13.14,741.01,.816,356.5
102,2009,198,1500,13.11,1762.8,.8,425.7
102,2009,198,1600,13.09,2305.9,.816,495.5
102,2009,198,1700,13.64,1759.9,.883,528.5
102,2009,198,1800,13.66,1175,1,452.2
102,2009,198,1900,13.66,279.62,.45,134.9
102,2009,198,2000,13.67,2.8351,0,7.27
102,2009,198,2100,13.68,0,0,7.27
102,2009,198,2200,13.69,0,0,7.27
102,2009,198,2300,13.7,0,0,7.27
101,2009,198,2400,13.05,10150,9.76
102,2009,198,2400,13.7,0,0,7.27
102,2009,199,100,13.71,0,0,7.27
102,2009,199,200,13.73,0,0,7.27
102,2009,199,300,13.75,0,0,7.27
102,2009,199,400,13.75,0,0,7.27
102,2009,199,500,13.75,0,0,7.27
102,2009,199,600,13.77,0,0,7.27
102,2009,199,700,13.79,.18202,0,7.27
102,2009,199,800,13.79,88.25,.183,67.7
102,2009,199,900,13.5,270.83,.733,339
102,2009,199,1000,13.31,353.26,1,618.9
102,2009,199,1100,13.2,508.55,1,507.3
102,2009,199,1200,13.15,807.6,.816,502.1
102,2009,199,1300,13.13,793.28,1,457.7
102,2009,199,1400,13.12,914.25,.866,355.2
102,2009,199,1500,13.11,1835.4,.816,395.3
102,2009,199,1600,13.1,543.48,0,7.79
102,2009,199,1700,13.1,171.93,0,7.34
102,2009,199,1800,13.07,51.042,0,7.27
102,2009,199,1900,13.05,118.56,0,7.27
102,2009,199,2000,13.05,12.589,0,7.27
102,2009,199,2100,13.03,.86223,0,7.27
102,2009,199,2200,13.03,.40237,0,7.27
102,2009,199,2300,13.03,.22035,0,7.27
101,2009,199,2400,13.03,6470.7,6.414
102,2009,199,2400,13.03,0,0,7.27
102,2009,200,100,13.02,0,0,7.27
102,2009,200,200,13.02,0,0,7.27
102,2009,200,300,13.02,0,0,7.27
102,2009,200,400,13.02,0,0,7.27
102,2009,200,500,13.02,0,0,7.27
102,2009,200,600,13.02,0,0,7.27
102,2009,200,700,13.02,.25866,0,7.27
102,2009,200,800,13.02,88.69,.333,77.8
102,2009,200,900,13.01,254.49,1,435.3
102,2009,200,1000,13.01,733.33,.933,441.6
102,2009,200,1100,13.28,861.12,.8,479.9
102,2009,200,1200,13.17,473.67,1,643
102,2009,200,1300,13.09,636.89,.85,459.4
102,2009,200,1400,13.06,753.35,.933,444.3
102,2009,200,1500,13.04,1658.8,1,528.5
102,2009,200,1600,13.04,2101.8,.8,489.8
102,2009,200,1700,13.04,1180.8,.516,266.9
102,2009,200,1800,13.64,707.01,.333,171.6
102,2009,200,1900,13.68,144.39,0,7.4
102,2009,200,2000,13.69,3.3431,0,7.27
102,2009,200,2100,13.69,0,0,7.27
102,2009,200,2200,13.71,0,0,7.27
102,2009,200,2300,13.72,0,0,7.27
101,2009,200,2400,13.01,9598,8.5
102,2009,200,2400,13.73,0,0,7.27
102,2009,201,100,13.73,0,0,7.27
102,2009,201,200,13.75,0,0,7.27
102,2009,201,300,13.75,0,0,7.27
102,2009,201,400,13.75,0,0,7.27
102,2009,201,500,13.75,0,0,7.27
102,2009,201,600,13.76,0,0,7.27
102,2009,201,700,13.76,.17244,0,7.27
102,2009,201,800,13.76,99.825,.05,29.74
102,2009,201,900,13.46,330.73,0,21.66
102,2009,201,1000,13.3,443.84,0,7.39
102,2009,201,1100,13.2,673.7,0,7.57
102,2009,201,1200,13.17,1018.4,0,7.68
102,2009,201,1300,13.14,1334.7,0,7.87
102,2009,201,1400,13.13,1673.9,.25,86.4
102,2009,201,1500,13.12,1579.4,1,384.3
102,2009,201,1600,13.11,2342.5,1,648.2
102,2009,201,1700,13.11,1976.7,1,616
102,2009,201,1800,13.1,1186.9,1,462.3
102,2009,201,1900,13.1,364.48,.716,195
102,2009,201,2000,13.7,5.7475,0,7.37
102,2009,201,2100,13.71,0,0,7.27
102,2009,201,2200,13.73,0,0,7.27
102,2009,201,2300,13.73,0,0,7.27
101,2009,201,2400,13.1,13031,5.015
102,2009,201,2400,13.75,0,0,7.27
102,2009,202,100,13.75,0,0,7.27
102,2009,202,200,13.76,0,0,7.27
102,2009,202,300,13.76,.03832,0,7.27
102,2009,202,400,13.76,0,0,7.27
102,2009,202,500,13.77,0,0,7.27
102,2009,202,600,13.78,0,0,7.27
102,2009,202,700,13.78,.0479,0,7.27
102,2009,202,800,13.78,77.8,0,7.27
102,2009,202,900,13.78,264.1,0,8.95
102,2009,202,1000,13.65,787.61,.233,113.9
102,2009,202,1100,13.37,1114.9,.9,374.9
102,2009,202,1200,13.24,1334.9,.65,289.6
102,2009,202,1300,13.17,1291.2,.616,243.4
102,2009,202,1400,13.15,906.21,.866,362.4
102,2009,202,1500,13.14,1186.3,1,539.9
102,2009,202,1600,13.12,2184.2,1,621
102,2009,202,1700,13.11,1869.4,1,568.2
102,2009,202,1800,13.1,988.82,.9,338.5
102,2009,202,1900,13.08,147.18,0,8.69
102,2009,202,2000,13.08,2.0977,0,7.27
102,2009,202,2100,13.07,0,0,7.27
102,2009,202,2200,13.07,0,0,7.27
102,2009,202,2300,13.06,0,0,7.27
101,2009,202,2400,13.06,12155,7.16
102,2009,202,2400,13.06,0,0,7.27
102,2009,203,100,13.05,0,0,7.27
102,2009,203,200,13.05,0,0,7.27
102,2009,203,300,13.04,0,0,7.27
102,2009,203,400,13.04,0,0,7.27
102,2009,203,500,13.03,0,0,7.27
102,2009,203,600,13.03,0,0,7.27
102,2009,203,700,13.02,.11496,0,7.27
102,2009,203,800,13.02,116.9,0,9.59
102,2009,203,900,13.01,393.4,.733,204
102,2009,203,1000,13.02,743,.95,370.8
102,2009,203,1100,13.02,996.88,.866,331.4
102,2009,203,1200,13.02,870.65,.35,170.7
102,2009,203,1300,13.03,716.78,.05,22.52
102,2009,203,1400,13.03,875.46,.133,47.98
102,2009,203,1500,13.03,1336.4,.85,327.5
102,2009,203,1600,13.03,1904.7,.833,396.4
102,2009,203,1700,13.04,1290.5,.65,318.1
102,2009,203,1800,13.04,1036.8,1,361.7
102,2009,203,1900,13.04,307.26,.483,121.5
102,2009,203,2000,13.04,5.6801,0,7.42
102,2009,203,2100,13.04,0,0,7.27
102,2009,203,2200,13.04,0,0,7.27
102,2009,203,2300,13.04,0,0,7.27
101,2009,203,2400,13.01,10595,6.897
102,2009,203,2400,13.04,0,0,7.27
102,2009,204,100,13.04,1.0154,0,7.27
102,2009,204,200,13.04,.43106,0,7.27
102,2009,204,300,13.03,0,0,7.27
102,2009,204,400,13.03,0,0,7.27
102,2009,204,500,13.03,0,0,7.27
102,2009,204,600,13.03,0,0,7.27
102,2009,204,700,13.03,.1437,0,7.27
102,2009,204,800,13.03,99.816,.183,61.93
102,2009,204,900,13.03,435.65,.75,235.4
102,2009,204,1000,13.03,789.05,.1,62.26
102,2009,204,1100,13.03,880.75,.766,425.6
102,2009,204,1200,13.03,815.79,.716,427.2
102,2009,204,1300,13.04,862.63,.217,92.2
102,2009,204,1400,13.04,713.86,.133,44.51
102,2009,204,1500,13.04,619.24,.1,42.74
102,2009,204,1600,13.04,901.93,.25,142.6
102,2009,204,1700,13.04,1687,.85,422.4
102,2009,204,1800,13.04,1175.9,.866,338.2
102,2009,204,1900,13.05,179.54,.033,26.74
102,2009,204,2000,13.05,2.883,0,7.27
102,2009,204,2100,13.05,0,0,7.27
102,2009,204,2200,13.05,0,0,7.27
102,2009,204,2300,13.05,0,0,7.27
101,2009,204,2400,13.03,9165.6,4.965
102,2009,204,2400,13.05,0,0,7.27
102,2009,205,100,13.04,0,0,7.27
102,2009,205,200,13.04,0,0,7.27
102,2009,205,300,13.04,0,0,7.27
102,2009,205,400,13.04,.0479,0,7.27
102,2009,205,500,13.04,.01916,0,7.27
102,2009,205,600,13.03,.1437,0,7.27
102,2009,205,700,13.03,.55564,0,7.27
102,2009,205,800,13.03,136.56,0,10
102,2009,205,900,13.03,374.63,.783,346
102,2009,205,1000,13.03,428.09,1,623.1
102,2009,205,1100,13.03,436.41,1,703
102,2009,205,1200,13.04,614.49,.783,492.3
102,2009,205,1300,13.04,642.76,.966,478.3
102,2009,205,1400,13.04,774.85,.883,388.9
102,2009,205,1500,13.04,846.58,.633,337.2
102,2009,205,1600,13.05,992.97,.4,234.4
102,2009,205,1700,13.05,1648.5,.733,435.4
102,2009,205,1800,13.05,995.95,.883,367.8
102,2009,205,1900,13.05,357.9,.683,184.7
102,2009,205,2000,13.05,7.5189,0,7.91
102,2009,205,2100,13.05,0,0,7.27
102,2009,205,2200,13.05,0,0,7.27
102,2009,205,2300,13.05,0,0,7.27
101,2009,205,2400,13.03,8258,8.75
102,2009,205,2400,13.04,0,0,7.27
102,2009,206,100,13.04,.11495,0,7.27
102,2009,206,200,13.04,0,0,7.27
102,2009,206,300,13.04,0,0,7.27
102,2009,206,400,13.04,0,0,7.27
102,2009,206,500,13.03,0,0,7.27
102,2009,206,600,13.03,0,0,7.27
102,2009,206,700,13.03,.10538,0,7.27
102,2009,206,800,13.03,111.71,0,7.3
102,2009,206,900,13.03,257.61,0,7.27
102,2009,206,1000,13.69,370.58,0,7.29
102,2009,206,1100,13.7,958.93,.033,14.6
102,2009,206,1200,13.7,1146,.017,11.23
102,2009,206,1300,13.69,1551.9,.2,71.6
102,2009,206,1400,13.69,965.13,.633,326.6
102,2009,206,1500,13.68,685.12,.95,568.2
102,2009,206,1600,13.67,1516.5,.95,501.5
102,2009,206,1700,13.67,2035.3,.983,604.4
102,2009,206,1800,13.66,1094.9,.566,253.8
102,2009,206,1900,13.67,88.752,0,7.3
102,2009,206,2000,13.68,1.8869,0,7.27
102,2009,206,2100,13.71,0,0,7.27
102,2009,206,2200,13.73,0,0,7.27
102,2009,206,2300,13.73,0,0,7.27
101,2009,206,2400,13.03,10784,4.332
102,2009,206,2400,13.73,0,0,7.27
102,2009,207,100,13.74,0,0,7.27
102,2009,207,200,13.74,0,0,7.27
102,2009,207,300,13.75,0,0,7.27
102,2009,207,400,13.75,0,0,7.27
102,2009,207,500,13.76,0,0,7.27
102,2009,207,600,13.75,0,0,7.27
102,2009,207,700,13.76,.20118,0,7.27
102,2009,207,800,13.76,96.894,0,7.27
102,2009,207,900,13.76,345.97,0,7.27
102,2009,207,1000,13.76,772.92,.4,123.1
102,2009,207,1100,13.75,637.41,.933,608.8
102,2009,207,1200,13.74,871.82,.866,491.3
102,2009,207,1300,13.73,1515.3,.283,137.8
102,2009,207,1400,13.71,1122.6,.367,154.5
102,2009,207,1500,13.71,852.8,.783,405.3
102,2009,207,1600,13.7,770.93,.95,601.4
102,2009,207,1700,13.69,561.73,.85,506
102,2009,207,1800,13.69,345.3,.966,444.2
102,2009,207,1900,13.69,166.03,.733,185.9
102,2009,207,2000,13.69,3.4865,0,7.27
102,2009,207,2100,13.7,0,0,7.27
102,2009,207,2200,13.71,0,0,7.27
102,2009,207,2300,13.72,0,0,7.27
101,2009,207,2400,13.69,8063.4,7.13
102,2009,207,2400,13.73,0,0,7.27
102,2009,208,100,13.73,0,0,7.27
102,2009,208,200,13.74,0,0,7.27
102,2009,208,300,13.75,0,0,7.27
102,2009,208,400,13.75,0,0,7.27
102,2009,208,500,13.76,0,0,7.27
102,2009,208,600,13.76,0,0,7.27
102,2009,208,700,13.77,.20118,0,7.27
102,2009,208,800,13.78,160.69,.217,55.84
102,2009,208,900,13.48,630.64,.65,211.6
102,2009,208,1000,13.3,914.43,.4,178
102,2009,208,1100,13.2,2220.9,1,601.6
102,2009,208,1200,13.15,2319.5,.8,458.1
102,2009,208,1300,13.13,1916.4,.7,338.3
102,2009,208,1400,13.13,899.17,.7,300.2
102,2009,208,1500,13.13,747.18,.766,414.9
102,2009,208,1600,13.13,463.05,1,660.9
102,2009,208,1700,13.13,441.03,.7,429.5
102,2009,208,1800,13.13,322.68,1,459
102,2009,208,1900,13.14,166.05,.716,187.8
102,2009,208,2000,13.14,6.2642,0,7.56
102,2009,208,2100,13.13,0,0,7.27
102,2009,208,2200,13.13,0,0,7.27
102,2009,208,2300,13.13,0,0,7.27
101,2009,208,2400,13.12,11208,8.65
102,2009,208,2400,13.12,.10537,0,7.27
102,2009,209,100,13.12,.00958,0,7.27
102,2009,209,200,13.12,0,0,7.27
102,2009,209,300,13.11,0,0,7.27
102,2009,209,400,13.11,0,0,7.27
102,2009,209,500,13.11,0,0,7.27
102,2009,209,600,13.11,0,0,7.27
102,2009,209,700,13.11,.08622,0,7.27
102,2009,209,800,13.11,146.6,.267,81.2
102,2009,209,900,13.1,777.22,.866,322.7
102,2009,209,1000,13.1,1628.4,1,626.1
102,2009,209,1100,13.1,2206.7,.916,463.4
102,2009,209,1200,13.11,2429.3,.983,494.5
102,2009,209,1300,13.11,2111.1,.95,446.8
102,2009,209,1400,13.11,960.44,.966,423.6
102,2009,209,1500,13.11,937,.916,411.5
102,2009,209,1600,13.12,858.48,.383,207
102,2009,209,1700,13.11,510.33,1,561.3
102,2009,209,1800,13.11,345.27,1,438.1
102,2009,209,1900,13.63,220.12,.5,143.5
102,2009,209,2000,13.64,8.8119,0,7.28
102,2009,209,2100,13.66,0,0,7.27
102,2009,209,2200,13.68,0,0,7.27
102,2009,209,2300,13.69,0,0,7.27
101,2009,209,2400,13.1,13140,9.75
102,2009,209,2400,13.7,0,0,7.27
102,2009,210,100,13.71,0,0,7.27
102,2009,210,200,13.71,0,0,7.27
102,2009,210,300,13.72,0,0,7.27
102,2009,210,400,13.73,0,0,7.27
102,2009,210,500,13.74,0,0,7.27
102,2009,210,600,13.75,0,0,7.27
102,2009,210,700,13.75,.12454,0,7.27
102,2009,210,800,13.76,102.46,.233,83.1
102,2009,210,900,13.76,701.61,1,451.8
102,2009,210,1000,13.56,1623.7,1,639.2
102,2009,210,1100,13.75,2334.6,1,691.7
102,2009,210,1200,13.72,2803.6,1,627.6
102,2009,210,1300,13.41,2448.1,.933,440.1
102,2009,210,1400,13.26,1108.1,.85,369.3
102,2009,210,1500,13.19,700.23,1,528.5
102,2009,210,1600,13.16,560.24,1,630.9
102,2009,210,1700,13.15,469.65,.916,536.8
102,2009,210,1800,13.14,373.25,1,442.3
102,2009,210,1900,13.64,164.18,.716,187.5
102,2009,210,2000,13.67,5.6129,0,7.7
102,2009,210,2100,13.68,0,0,7.27
102,2009,210,2200,13.69,0,0,7.27
102,2009,210,2300,13.7,0,0,7.27
101,2009,210,2400,13.14,13395,10.65
102,2009,210,2400,13.7,0,0,7.27
102,2009,211,100,13.71,0,0,7.27
102,2009,211,200,13.72,0,0,7.27
102,2009,211,300,13.73,0,0,7.27
102,2009,211,400,13.74,0,0,7.27
102,2009,211,500,13.75,0,0,7.26
102,2009,211,600,13.76,0,0,7.27
102,2009,211,700,13.76,.36405,0,7.27
102,2009,211,800,13.55,135.61,.05,28.53
102,2009,211,900,13.33,671.53,.983,372.8
102,2009,211,1000,13.22,1562.5,1,601
102,2009,211,1100,13.16,2261.1,1,659.7
102,2009,211,1200,13.13,2819.2,1,621
102,2009,211,1300,13.12,2581.9,.9,433.3
102,2009,211,1400,13.1,1209.2,.783,336
102,2009,211,1500,13.1,753.44,.117,69.19
102,2009,211,1600,13.1,655.99,.866,467.6
102,2009,211,1700,13.65,582.05,.95,522.5
102,2009,211,1800,13.65,435.6,1,425.2
102,2009,211,1900,13.65,166.31,.666,176.1
102,2009,211,2000,13.65,5.1532,0,7.63
102,2009,211,2100,13.66,0,0,7.27
102,2009,211,2200,13.68,0,0,7.27
102,2009,211,2300,13.69,0,0,7.27
101,2009,211,2400,13.1,13840,9.31
102,2009,211,2400,13.7,.44064,0,7.28
102,2009,212,100,13.37,2.299,0,7.28
102,2009,212,200,13.22,0,0,7.27
102,2009,212,300,13.16,0,0,7.27
102,2009,212,400,13.13,0,0,7.27
102,2009,212,500,13.1,0,0,7.27
102,2009,212,600,13.09,0,0,7.27
102,2009,212,700,13.07,.71851,0,7.27
102,2009,212,800,13.07,140.47,.183,53.83
102,2009,212,900,13.06,542.22,.666,262.6
102,2009,212,1000,13.06,1604.8,1,533.2
102,2009,212,1100,13.31,1496.5,.433,240
102,2009,212,1200,13.17,2783.3,.9,499
102,2009,212,1300,13.11,2157.7,.516,239.8
102,2009,212,1400,13.09,1741.5,.5,176.6
102,2009,212,1500,13.08,1019.5,.317,138.1
102,2009,212,1600,13.08,634.93,.75,429.2
102,2009,212,1700,13.08,459.71,.766,468.9
102,2009,212,1800,13.09,350.98,1,445.1
102,2009,212,1900,13.09,140.91,.367,118
102,2009,212,2000,13.09,2.385,0,7.29
102,2009,212,2100,13.09,0,0,7.27
102,2009,212,2200,13.08,0,0,7.27
102,2009,212,2300,13.08,0,0,7.27
101,2009,212,2400,13.06,13078,7.4
102,2009,212,2400,13.07,0,0,7.27
102,2009,213,100,13.07,0,0,7.27
102,2009,213,200,13.07,.23951,0,7.27
102,2009,213,300,13.07,.1916,0,7.27
102,2009,213,400,13.07,0,0,7.27
102,2009,213,500,13.06,0,0,7.27
102,2009,213,600,13.06,0,0,7.27
102,2009,213,700,13.06,.16287,0,7.27
102,2009,213,800,13.06,109,.083,28.76
102,2009,213,900,13.06,613.56,1,386.8
102,2009,213,1000,13.05,1567,1,598.1
102,2009,213,1100,13.05,2285.6,1,667.5
102,2009,213,1200,13.06,2783.5,.983,601.1
102,2009,213,1300,13.06,3055.4,.933,444.9
102,2009,213,1400,13.07,2059.1,.55,222.9
102,2009,213,1500,13.07,1268.6,1,530.7
102,2009,213,1600,13.07,874.66,.95,522.5
102,2009,213,1700,13.07,728.1,1,569.9
102,2009,213,1800,13.07,494.58,1,421.8
102,2009,213,1900,13.07,166.03,.633,165.1
102,2009,213,2000,13.07,3.688,0,7.31
102,2009,213,2100,13.07,0,0,7.27
102,2009,213,2200,13.07,0,0,7.27
102,2009,213,2300,13.07,.11495,0,7.27
101,2009,213,2400,13.05,16009,10.13
102,2009,213,2400,13.07,0,0,7.27
102,2009,214,100,13.06,0,0,7.27
102,2009,214,200,13.06,0,0,7.27
102,2009,214,300,13.06,0,0,7.27
102,2009,214,400,13.05,0,0,7.27
102,2009,214,500,13.05,0,0,7.27
102,2009,214,600,13.05,0,0,7.27
102,2009,214,700,13.05,.13412,0,7.27
102,2009,214,800,13.05,121.71,.1,43.97
102,2009,214,900,13.05,639.31,.983,392.2
102,2009,214,1000,13.04,1592.9,1,618.9
102,2009,214,1100,13.04,2273.6,1,665
102,2009,214,1200,13.05,2822.4,1,606.4
102,2009,214,1300,13.05,3234.5,1,456.8
102,2009,214,1400,13.06,1912.4,.417,143.7
102,2009,214,1500,13.06,1436,.816,412.9
102,2009,214,1600,13.06,690.73,.983,587
102,2009,214,1700,13.06,498.92,.8,445.9
102,2009,214,1800,13.06,361.5,.983,403.2
102,2009,214,1900,13.06,217.2,.483,134.5
102,2009,214,2000,13.06,21.225,0,7.37
102,2009,214,2100,13.06,0,0,7.27
102,2009,214,2200,13.05,.16285,0,7.27
102,2009,214,2300,13.05,0,0,7.27
101,2009,214,2400,13.04,15823,9.56
102,2009,214,2400,13.04,0,0,7.27
102,2009,215,100,13.04,.40232,0,7.27
102,2009,215,200,13.04,.03832,0,7.27
102,2009,215,300,13.04,0,0,7.27
102,2009,215,400,13.03,0,0,7.27
102,2009,215,500,13.03,0,0,7.27
102,2009,215,600,13.04,0,0,7.27
102,2009,215,700,13.03,.35447,0,7.27
102,2009,215,800,13.03,151.28,.1,40.7
102,2009,215,900,13.03,727.16,1,350.6
102,2009,215,1000,13.03,1432.1,1,516.3
102,2009,215,1100,13.03,2237.2,1,610
102,2009,215,1200,13.04,3008,1,645.2
102,2009,215,1300,13.04,3110.2,.916,396.2
102,2009,215,1400,13.04,2629.6,.6,237.8
102,2009,215,1500,13.04,1275.8,.317,148.5
102,2009,215,1600,13.04,790.57,.433,233.4
102,2009,215,1700,13.04,333.86,0,7.55
102,2009,215,1800,13.04,397.21,.117,47.15
102,2009,215,1900,13.04,152.21,.333,94.8
102,2009,215,2000,13.04,3.0175,0,7.29
102,2009,215,2100,13.04,0,0,7.27
102,2009,215,2200,13.04,0,0,7.27
102,2009,215,2300,13.03,0,0,7.27
101,2009,215,2400,13.03,16249,6.814
102,2009,215,2400,13.03,0,0,7.27
102,2009,216,100,13.03,.12453,0,7.27
102,2009,216,200,13.03,.00958,0,7.27
102,2009,216,300,13.02,0,0,7.27
102,2009,216,400,13.02,0,0,7.27
102,2009,216,500,13.02,.10538,0,7.27
102,2009,216,600,13.02,0,0,7.27
102,2009,216,700,13.02,.4311,0,7.27
102,2009,216,800,13.01,153.81,.1,42.28
102,2009,216,900,13.01,739.95,1,347.5
102,2009,216,1000,13.01,1460.3,1,499.2
102,2009,216,1100,13.02,2306.5,1,661.4
102,2009,216,1200,13.02,2424.8,1,506.5
102,2009,216,1300,13.02,2634.4,.75,351.3
102,2009,216,1400,13.03,2674.4,.683,287.9
102,2009,216,1500,13.03,1937.6,.683,330.7
102,2009,216,1600,13.03,788.7,.8,441.9
102,2009,216,1700,13.04,519.68,.766,463.3
102,2009,216,1800,13.04,345.45,1,460.2
102,2009,216,1900,13.04,172.07,.666,171.9
102,2009,216,2000,13.04,4.8084,0,7.48
102,2009,216,2100,13.04,0,0,7.27
102,2009,216,2200,13.03,0,0,7.27
102,2009,216,2300,12.98,1.7147,0,7.27
101,2009,216,2400,12.98,16165,9.45
102,2009,216,2400,13.02,.02874,0,7.27
102,2009,217,100,13.02,0,0,7.27
102,2009,217,200,13.02,0,0,7.27
102,2009,217,300,13.02,0,0,7.27
102,2009,217,400,13.02,0,0,7.27
102,2009,217,500,13.02,0,0,7.27
102,2009,217,600,13.01,0,0,7.27
102,2009,217,700,13.01,.90053,0,7.27
102,2009,217,800,13.01,174.33,.1,45.67
102,2009,217,900,13.01,678.84,.933,314
102,2009,217,1000,13.01,1414.9,.8,395.3
102,2009,217,1100,13.02,2390.7,1,703
102,2009,217,1200,13.02,2989,1,652.3
102,2009,217,1300,13.02,3348.3,.933,429.5
102,2009,217,1400,13.02,3037.9,.816,362.7
102,2009,217,1500,13.02,2011.7,.733,381.1
102,2009,217,1600,13.03,773.92,.883,586
102,2009,217,1700,13.03,449.03,.75,475.3
102,2009,217,1800,13.03,328.71,1,473.1
102,2009,217,1900,13.03,161.65,.7,187.6
102,2009,217,2000,13.03,5.1531,0,7.67
102,2009,217,2100,13.03,0,0,7.27
102,2009,217,2200,13.03,0,0,7.27
102,2009,217,2300,13.03,0,0,7.27
101,2009,217,2400,13.01,17765,9.65
102,2009,217,2400,13.02,0,0,7.27
102,2009,218,100,13.02,0,0,7.27
102,2009,218,200,13.02,0,0,7.27
102,2009,218,300,13.02,0,0,7.27
102,2009,218,400,13.02,0,0,7.27
102,2009,218,500,13.02,0,0,7.27
102,2009,218,600,13.02,0,0,7.27
102,2009,218,700,13.02,.13413,0,7.27
102,2009,218,800,13.02,143.98,.1,53.56
102,2009,218,900,13.01,755.66,1,418.3
102,2009,218,1000,13.01,1621.8,1,624.7
102,2009,218,1100,13.01,2338.7,1,686
102,2009,218,1200,13.02,2917.2,1,646.4
102,2009,218,1300,13.02,2963,.833,415.7
102,2009,218,1400,13.02,3019.1,.833,323.8
102,2009,218,1500,13.03,2549.1,.866,475.7
102,2009,218,1600,13.03,994.87,.816,529
102,2009,218,1700,13.03,492.85,1,619.1
102,2009,218,1800,13.03,346.07,1,465.7
102,2009,218,1900,13.03,168.01,.7,189.8
102,2009,218,2000,13.03,1.408,0,7.27
102,2009,218,2100,13.03,0,0,7.27
102,2009,218,2200,13.02,0,0,7.27
102,2009,218,2300,13.02,0,0,7.27
101,2009,218,2400,13.01,18312,10.15
102,2009,218,2400,13.02,.37359,0,7.27
102,2009,219,100,13.02,.02874,0,7.27
102,2009,219,200,13.02,0,0,7.27
102,2009,219,300,13.02,0,0,7.27
102,2009,219,400,13.01,0,0,7.27
102,2009,219,500,13.01,0,0,7.27
102,2009,219,600,13.01,0,0,7.27
102,2009,219,700,13.01,.24909,0,7.27
102,2009,219,800,13.01,148.07,0,24.54
102,2009,219,900,13,552.03,.183,94
102,2009,219,1000,13,1728.9,1,639.1
102,2009,219,1100,13,2417.7,1,719
102,2009,219,1200,13.01,2973.1,1,669.9
102,2009,219,1300,13.61,2916.3,.783,403.5
102,2009,219,1400,13.6,2936.8,.8,349.6
102,2009,219,1500,13.53,2789,.916,499.9
102,2009,219,1700,13.54,151.84,.3,560.4
102,2009,219,1800,13.54,384.98,.983,424.4
102,2009,219,1900,13.58,180.67,.7,186.7
102,2009,219,2000,13.59,4.6168,0,7.6
102,2009,219,2100,13.6,0,0,7.38
102,2009,219,2200,13.61,.00958,0,7.42
102,2009,219,2300,13.62,0,0,7.41
101,2009,219,2400,13.54,722.11,1.983
102,2009,219,2400,13.64,0,0,7.42
102,2009,220,100,13.65,0,0,7.4
102,2009,220,200,13.66,0,0,7.75
102,2009,220,300,13.69,0,0,8.82
102,2009,220,400,13.69,0,0,8.54
102,2009,220,500,13.7,0,0,14.94
102,2009,220,600,13.71,.68018,0,11.08
102,2009,220,700,13.72,1.1784,0,7.75
102,2009,220,800,13.72,118.37,0,7.48
102,2009,220,900,13.73,693.05,.616,293.2
102,2009,220,1000,13.71,1652.8,1,643.2
102,2009,220,1100,13.71,2387.8,1,715
102,2009,220,1200,13.69,2970,1,660.3
102,2009,220,1300,13.67,3537.7,.983,455.2
102,2009,220,1400,13.66,2414.2,.466,170.1
102,2009,220,1500,13.65,2234.8,.533,254.3
102,2009,220,1600,13.64,1058.9,.433,278.7
102,2009,220,1700,13.63,745.26,.583,342
102,2009,220,1800,13.63,502.05,.983,392.7
102,2009,220,1900,13.63,226.75,.566,148.4
102,2009,220,2000,13.64,2.749,0,7.39
102,2009,220,2100,13.65,0,0,7.44
102,2009,220,2200,13.66,0,0,7.45
102,2009,220,2300,13.68,.0479,0,7.43
101,2009,220,2400,13.63,18546,8.16
102,2009,220,2400,13.68,.08621,0,7.38
102,2009,221,100,13.68,.48855,0,7.3
102,2009,221,200,13.75,.0958,0,11.82
102,2009,221,300,13.76,.01916,0,12
102,2009,221,400,13.76,0,0,12.02
102,2009,221,500,13.76,0,0,11.64
102,2009,221,600,13.76,0,0,11.78
102,2009,221,700,13.76,.0958,0,12.24
102,2009,221,800,13.76,86.567,0,10.32
102,2009,221,900,13.76,714.55,.65,235.5
102,2009,221,1000,13.75,1508.8,1,584.9
102,2009,221,1100,13.73,2380.8,1,710
102,2009,221,1200,13.71,2922.1,1,647.7
102,2009,221,1300,13.7,3240.3,.95,475.2
102,2009,221,1400,13.68,3253.9,.966,363
102,2009,221,1500,13.68,3113.6,.966,480.3
102,2009,221,1600,13.66,1653.3,.566,319.7
102,2009,221,1700,13.66,725.51,.95,458.7
102,2009,221,1800,13.66,499.42,1,372.9
102,2009,221,1900,13.66,214.06,.433,126.8
102,2009,221,2000,13.67,5.7281,0,7.39
102,2009,221,2100,13.68,0,0,7.32
102,2009,221,2200,13.7,0,0,7.37
102,2009,221,2300,13.7,0,0,7.37
101,2009,221,2400,13.66,20319,9.48
102,2009,221,2400,13.71,.06705,0,7.4
102,2009,222,100,13.72,0,0,7.42
102,2009,222,200,13.73,0,0,13.98
102,2009,222,300,13.74,0,0,13.26
102,2009,222,400,13.76,0,0,14.06
102,2009,222,500,13.76,0,0,14.49
102,2009,222,600,13.77,0,0,12.88
102,2009,222,700,13.77,.97719,0,11.61
102,2009,222,800,13.77,202.14,.05,37.04
102,2009,222,900,13.78,854.57,1,410.3
102,2009,222,1000,13.78,1715.6,.95,475.3
102,2009,222,1100,13.75,2174,.85,562.4
102,2009,222,1200,13.6,2941,1,651.3
102,2009,222,1300,13.25,3175.5,.933,484.9
102,2009,222,1400,13.47,2640,.55,187.2
102,2009,222,1500,13.36,1751.6,.383,171.9
102,2009,222,1600,12.75,1639.9,.55,266.9
102,2009,222,1700,13.54,954.16,.267,157.3
102,2009,222,1800,13.53,523.97,.783,285.5
102,2009,222,1900,13.43,208.02,.7,184.9
102,2009,222,2000,12.79,6.0824,0,7.94
102,2009,222,2100,12.64,0,0,7.27
102,2009,222,2200,12.64,0,0,7.37
102,2009,222,2300,12.65,0,0,7.46
101,2009,222,2400,12.64,18787,8.01
102,2009,222,2400,12.66,0,0,7.86
102,2009,223,100,12.67,0,0,7.66
102,2009,223,200,12.67,0,0,7.58
102,2009,223,300,12.68,0,0,7.36
102,2009,223,400,12.68,0,0,8.78
102,2009,223,500,12.68,0,0,12.69
102,2009,223,600,12.68,0,0,13.94
102,2009,223,700,12.68,.24908,0,10.84
102,2009,223,800,12.68,160.68,.033,28.82
102,2009,223,900,13.3,813,.666,312.9
102,2009,223,1000,13.66,1756,1,686.2
102,2009,223,1100,13.4,2461.3,1,744
102,2009,223,1200,13.56,2862.1,1,559.7
102,2009,223,1300,12.95,3319.3,.866,371.3
102,2009,223,1400,13.39,3015.6,.766,335.5
102,2009,223,1500,13.46,1700.6,.35,192.5
102,2009,223,1600,12.39,1463,.516,353.9
102,2009,223,1700,13.59,935.71,1,641.8
102,2009,223,1800,13.59,433.27,1,494
102,2009,223,1900,12.42,168.22,.733,198.2
102,2009,223,2000,12.78,3.2279,0,7.36
102,2009,223,2100,12.76,0,0,7.27
102,2009,223,2200,12.74,0,0,7.27
102,2009,223,2300,12.72,0,0,7.29
101,2009,223,2400,12.39,19092,8.93
102,2009,223,2400,12.7,0,0,7.33
102,2009,224,100,12.7,0,0,7.54
102,2009,224,200,12.7,0,0,7.66
102,2009,224,300,12.7,0,0,9.27
102,2009,224,400,12.69,0,0,9.43
102,2009,224,500,12.69,0,0,10.63
102,2009,224,600,12.69,0,0,10.41
102,2009,224,700,12.69,.51734,0,11.09
102,2009,224,800,12.69,122.8,0,10.66
102,2009,224,900,12.62,328.6,0,13.6
102,2009,224,1000,12.31,550.61,0,9.43
102,2009,224,1100,12.3,1526,.45,188
102,2009,224,1500,13.38,1936.9,.516,338.7
102,2009,224,1600,13.12,2100.3,.8,565.6
102,2009,224,1700,12.74,820.24,.4,306.6
102,2009,224,1800,12.71,264.22,.033,30.82
102,2009,224,1900,12.68,120.34,.033,39.28
102,2009,224,2000,12.78,3.6784,0,7.31
102,2009,224,2100,12.76,0,0,7.27
102,2009,224,2200,12.76,0,0,7.27
102,2009,224,2300,12.74,0,0,7.33
101,2009,224,2400,12.68,5245.7,1.783
102,2009,224,2400,12.73,0,0,7.54
102,2009,225,100,12.72,0,0,7.86
102,2009,225,200,12.71,0,0,7.89
102,2009,225,300,12.7,0,0,7.83
102,2009,225,400,12.7,0,0,7.71
102,2009,225,500,12.69,0,0,7.63
102,2009,225,600,12.68,.26825,0,10.98
102,2009,225,700,12.68,.32573,0,12.27
102,2009,225,800,12.68,18.25,0,11.29
102,2009,225,900,12.7,245.33,0,12.18
102,2009,225,1000,13.29,708.24,0,8.25
102,2009,225,1100,13.22,888.14,0,7.64
102,2009,225,1200,13.5,1437.4,0,7.93
102,2009,225,1300,12.85,2058,0,11.18
102,2009,225,1400,13.58,2926.5,.916,241.5
102,2009,225,1500,13.56,2468.3,1,359.4
102,2009,225,1600,13.4,2610.9,1,653.2
102,2009,225,1700,13.57,1143.4,1,656.7
102,2009,225,1800,13.46,363.46,1,499.3
102,2009,225,1900,13.42,235.72,.25,88.6
102,2009,225,2000,12.84,4.8759,0,7.31
102,2009,225,2100,12.78,0,0,7.27
102,2009,225,2200,12.78,0,0,7.28
102,2009,225,2300,12.77,0,0,7.27
101,2009,225,2400,12.77,13248,5.165
102,2009,225,2400,12.77,0,0,7.29
102,2009,226,100,12.77,0,0,7.37
102,2009,226,200,12.76,0,0,7.62
102,2009,226,300,12.75,0,0,8.5
102,2009,226,400,12.75,0,0,9.47
102,2009,226,500,12.75,0,0,12.07
102,2009,226,600,12.73,0,0,11.34
102,2009,226,700,12.73,.12454,0,12.05
102,2009,226,800,12.73,156.29,.117,70.7
102,2009,226,900,13.16,863.14,1,522.6
102,2009,226,1000,13.68,1766,1,704
102,2009,226,1100,13.67,2501.4,1,754
102,2009,226,1200,13.15,2370.2,.766,666.8
102,2009,226,1300,13.29,3444.3,1,563.9
102,2009,226,1400,13.47,2803.8,.65,297.8
102,2009,226,1500,13.49,2741,.666,361.2
102,2009,226,1600,12.69,2183.7,.716,446
102,2009,226,1700,13.56,1198,1,466
102,2009,226,1800,13.52,443.54,1,464.9
102,2009,226,1900,13.45,238.95,.3,79.4
102,2009,226,2000,12.84,15.173,0,7.35
102,2009,226,2100,12.75,0,0,7.29
102,2009,226,2200,12.75,0,0,7.27
102,2009,226,2300,12.76,0,0,7.27
101,2009,226,2400,12.69,15439,6.098
102,2009,226,2400,12.75,0,0,7.27
102,2009,227,100,12.74,0,0,7.33
102,2009,227,200,12.73,0,0,7.31
102,2009,227,300,12.72,.30657,0,8.54
102,2009,227,400,12.71,.02874,0,11.26
102,2009,227,500,12.7,.51733,0,11.38
102,2009,227,600,12.7,.05748,0,10.95
102,2009,227,700,12.7,1.7915,0,8.4
102,2009,227,800,12.7,195.64,0,8.99
102,2009,227,900,12.96,479.5,0,9.38
102,2009,227,1000,12.87,1027.5,.417,251.9
102,2009,227,1100,13.58,1999.7,1,453.4
102,2009,227,1200,13.51,3107.5,.966,550.7
102,2009,227,1300,13.45,2560.7,.516,262.6
102,2009,227,1400,13.49,3049.7,.65,273.3
102,2009,227,1500,13.47,2770.1,.75,431.8
102,2009,227,1600,13.58,2810.7,1,692.8
102,2009,227,1700,13.53,1584.6,1,533.3
102,2009,227,1800,13.35,486.69,.6,170.2
102,2009,227,1900,13.33,195.87,0,33.34
102,2009,227,2000,12.78,3.3336,0,7.28
102,2009,227,2100,12.74,0,0,7.27
102,2009,227,2200,12.74,0,0,8.79
102,2009,227,2300,12.75,.02874,0,10.93
101,2009,227,2400,12.7,20274,6.897
102,2009,227,2400,12.74,0,0,12.45
102,2009,228,100,12.73,0,0,12.81
102,2009,228,200,12.72,0,0,11.52
102,2009,228,300,12.7,0,0,11.11
102,2009,228,400,12.7,0,0,11.63
102,2009,228,500,12.69,0,0,12.05
102,2009,228,600,12.68,0,0,12.22
102,2009,228,700,12.68,.46943,0,12.97
102,2009,228,800,12.57,146.01,.1,55.93
102,2009,228,900,12.61,812.77,1,433.8
102,2009,228,1000,13.33,1574.2,1,587.5
102,2009,228,1100,13.6,2024.9,.883,435.9
102,2009,228,1200,13.5,2657.2,.966,553.1
102,2009,228,1300,13.55,3259.6,.966,490
102,2009,228,1400,12.53,2562.9,.516,173.8
102,2009,228,1500,13.49,2166.8,.55,227.4
102,2009,228,1600,13.41,2669.8,1,557.7
102,2009,228,1700,13.49,1653.5,.816,404.7
102,2009,228,1800,13.44,557.27,.766,226.1
102,2009,228,1900,13.3,195.4,.25,89.6
102,2009,228,2000,12.78,4.6172,0,7.5
102,2009,228,2100,12.74,0,0,7.37
102,2009,228,2200,12.75,0,0,7.4
102,2009,228,2300,12.76,2.184,0,9.58
101,2009,228,2400,12.53,20288,8.81
102,2009,228,2400,12.75,.6131,0,11.86
102,2009,229,100,12.74,.03832,0,11.85
102,2009,229,200,12.73,.00958,0,12.22
102,2009,229,300,12.72,0,0,11.83
102,2009,229,400,12.72,0,0,12.59
102,2009,229,500,12.7,0,0,12.09
102,2009,229,600,12.7,0,0,12.05
102,2009,229,700,12.68,.21076,0,11.44
102,2009,229,800,12.68,127.98,0,13.37
102,2009,229,900,13.14,854.44,.883,418.3
102,2009,229,1000,12.6,923.44,0,9.21
102,2009,229,1100,13.14,1615.2,.233,66.99
102,2009,229,1200,13.58,1945.2,.067,39.98
102,2009,229,1300,12.87,2269.2,0,7.95
102,2009,229,1400,13.57,2648,.2,53.19
102,2009,229,1500,13.56,2105.1,.466,154.9
102,2009,229,1600,12.82,2370.8,.883,445.3
102,2009,229,1700,13.53,1694.6,.983,516.7
102,2009,229,1800,13.46,580.88,.766,322.5
102,2009,229,1900,13.28,154.61,.566,137.6
102,2009,229,2000,12.76,3.6881,0,7.65
102,2009,229,2100,12.74,0,0,7.29
102,2009,229,2200,12.74,0,0,7.33
102,2009,229,2300,12.74,0,0,7.55
101,2009,229,2400,12.6,17294,5.048
102,2009,229,2400,12.74,.01916,0,8.43
102,2009,230,100,12.74,0,0,8.03
102,2009,230,200,12.73,0,0,8.5
102,2009,230,300,12.72,0,0,10.62
102,2009,230,400,12.7,0,0,10.55
102,2009,230,500,12.69,0,0,11.12
102,2009,230,600,12.68,0,0,10.91
102,2009,230,700,12.68,.16286,0,10.59
102,2009,230,800,12.67,151.36,.1,65.43
102,2009,230,900,13.74,844.99,1,491
102,2009,230,1000,13.73,1653.1,1,630.9
102,2009,230,1100,13.72,2514.3,1,628.1
102,2009,230,1200,13.71,1189.8,.083,60.86
102,2009,230,1300,13.69,1616.4,.233,112.2
102,2009,230,1400,13.68,2888.3,.65,230.9
102,2009,230,1500,13.68,2263.2,.55,305.8
102,2009,230,1600,13.66,1894.4,.616,385.5
102,2009,230,1700,13.66,1581.6,.816,512.2
102,2009,230,1800,13.65,694.31,.933,430.6
102,2009,230,1900,13.65,178.04,.666,182.9
102,2009,230,2000,13.66,1.3794,0,7.39
102,2009,230,2100,13.67,0,0,7.38
102,2009,230,2200,13.68,0,0,7.4
102,2009,230,2300,13.69,.52686,0,7.37
101,2009,230,2400,12.67,17472,7.65
102,2009,230,2400,13.69,0,0,13.46
102,2009,231,100,13.7,1.3315,0,10.48
102,2009,231,200,13.71,.8717,0,11.6
102,2009,231,300,13.75,.03832,0,12.95
102,2009,231,400,12.88,.06706,0,9.25
102,2009,231,500,12.87,0,0,7.27
102,2009,231,600,12.86,0,0,7.3
102,2009,231,700,12.86,2.2609,0,8.4
102,2009,231,800,13.78,229.61,.083,43.16
102,2009,231,900,13.77,898.84,1,339.7
102,2009,231,1000,13.75,1745.9,1,617.4
102,2009,231,1100,13.68,2497.3,1,717
102,2009,231,1200,13.62,3059.9,1,668.6
102,2009,231,1300,12.82,3029.6,.75,393.1
102,2009,231,1400,13.41,3596.1,.883,313.5
102,2009,231,1500,13.39,3435.4,1,527.1
102,2009,231,1600,12.99,2687.1,.933,594.9
102,2009,231,1700,13.67,1873.3,.95,571.2
102,2009,231,1800,13.67,888.46,.95,407.5
102,2009,231,1900,13.66,213.99,.233,77
102,2009,231,2000,13.67,6.6858,0,7.38
102,2009,231,2100,13.72,.36401,0,12.33
102,2009,231,2200,13.73,0,0,11.66
102,2009,231,2300,13.73,0,0,11.72
101,2009,231,2400,12.82,24167,9.78
102,2009,231,2400,13.73,.0479,0,12.53
102,2009,232,100,13.77,.64188,0,8.74
102,2009,232,200,13.78,.16286,0,8.01
102,2009,232,300,13.78,0,0,7.57
102,2009,232,400,13.78,0,0,8.1
102,2009,232,500,13.78,0,0,9.33
102,2009,232,600,13.78,0,0,9.57
102,2009,232,700,13.78,.82388,0,8.92
102,2009,232,800,13.8,208.68,.167,80
102,2009,232,900,13.81,843.12,.983,429.1
102,2009,232,1000,13.81,1917.9,1,731
102,2009,232,1100,13.78,2541.8,1,721
102,2009,232,1200,13.76,2547.5,1,463.6
102,2009,232,1300,13.74,2549.6,.45,152.6
102,2009,232,1400,13.72,3282.6,.866,383.4
102,2009,232,1500,13.71,2556.8,.683,405.7
102,2009,232,1600,13.7,2854,1,641.3
102,2009,232,1700,13.68,2025.6,.9,580.6
102,2009,232,1800,13.68,1110.7,1,452.8
102,2009,232,1900,13.68,217.17,.733,197.6
102,2009,232,2000,13.68,2.117,0,7.42
102,2009,232,2100,13.7,.12453,0,7.4
102,2009,232,2200,13.71,0,0,7.4
102,2009,232,2300,13.72,0,0,7.45
101,2009,232,2400,13.68,22659,9.78
102,2009,232,2400,13.73,0,0,7.47
102,2009,233,100,13.74,0,0,7.45
102,2009,233,200,13.75,0,0,7.39
102,2009,233,300,13.75,0,0,7.38
102,2009,233,400,13.76,0,0,7.41
102,2009,233,500,13.76,0,0,7.39
102,2009,233,600,13.76,0,0,11.49
102,2009,233,700,13.77,.25867,0,14.5
102,2009,233,800,13.78,133.85,.083,61.85
102,2009,233,900,13.78,740.68,.533,275.7
102,2009,233,1000,13.77,1706.2,1,669.4
102,2009,233,1100,13.75,2332.5,.8,569.7
102,2009,233,1200,13.74,2724.7,.75,474.6
102,2009,233,1300,13.73,2897.7,.683,308.4
102,2009,233,1400,13.45,2882.9,.633,258.8
102,2009,233,1500,13.42,3426.7,.95,507.7
102,2009,233,1600,13.4,2654,.966,616.5
102,2009,233,1700,13.68,2146.6,1,675.7
102,2009,233,1800,13.67,1112,.95,490.8
102,2009,233,1900,13.67,315,.75,185.4
102,2009,233,2000,13.68,6.7527,0,8.85
102,2009,233,2100,13.69,0,0,7.39
102,2009,233,2200,13.7,0,0,7.34
102,2009,233,2300,13.72,0,0,7.42
101,2009,233,2400,13.4,23080,9.1
102,2009,233,2400,13.73,0,0,7.32
102,2009,234,100,13.77,0,0,8.06
102,2009,234,200,13.78,0,0,10.71
102,2009,234,300,13.78,0,0,12.74
102,2009,234,400,13.78,0,0,12.48
102,2009,234,500,13.78,0,0,12.82
102,2009,234,600,13.79,0,0,12.91
102,2009,234,700,13.8,.25867,0,11.94
102,2009,234,800,13.8,109.92,0,11.05
102,2009,234,900,13.8,379.54,0,13.27
102,2009,234,1000,13.79,730.6,0,14.14
102,2009,234,1100,13.79,772.64,0,10.75
102,2009,234,1200,13.78,968.13,.1,41.24
102,2009,234,1300,13.53,958.6,0,9.93
102,2009,234,1400,12.34,1383.2,.05,30.15
102,2009,234,1500,13.6,3102.5,1,471.6
102,2009,234,1600,13.6,2926.6,1,703
102,2009,234,1700,13.61,2132.3,1,692.6
102,2009,234,1800,13.61,1200.5,1,468.2
102,2009,234,1900,13.61,329.12,.65,196.6
102,2009,234,2000,13.28,2.5577,0,7.27
102,2009,234,2100,13.14,0,0,7.27
102,2009,234,2200,13.04,0,0,7.27
102,2009,234,2300,12.96,0,0,7.27
101,2009,234,2400,12.34,14997,4.798
102,2009,234,2400,12.9,0,0,7.27
102,2009,235,100,12.86,0,0,7.27
102,2009,235,200,12.83,0,0,7.27
102,2009,235,300,12.82,0,0,7.27
102,2009,235,400,12.81,0,0,7.27
102,2009,235,500,12.81,0,0,7.27
102,2009,235,600,12.81,0,0,7.27
102,2009,235,700,12.81,1.6095,0,7.27
102,2009,235,800,12.81,21.68,0,7.27
102,2009,235,900,12.9,301.22,0,8.63
102,2009,235,1000,13.67,728.81,.083,42.14
102,2009,235,1100,13.48,1086.8,0,7.79
102,2009,235,1200,13.52,2655.9,.566,275.8
102,2009,235,1300,13,3419.3,1,496.4
102,2009,235,1400,13.45,3516.6,.966,361.3
102,2009,235,1500,13.47,3109.5,.916,478.2
102,2009,235,1600,12.95,2903.2,1,630
102,2009,235,1700,12.85,2120.2,1,645
102,2009,235,1800,13.16,1233,1,497.6
102,2009,235,1900,13.46,314.5,.783,210
102,2009,235,2000,13.27,1.868,0,7.27
102,2009,235,2100,13.13,0,0,7.27
102,2009,235,2200,13.04,0,0,7.27
102,2009,235,2300,12.96,0,0,7.27
101,2009,235,2400,12.81,21414,7.31
102,2009,235,2400,12.9,0,0,7.27
102,2009,236,100,12.85,0,0,7.27
102,2009,236,200,12.83,0,0,7.27
102,2009,236,300,12.8,0,0,7.27
102,2009,236,400,12.79,0,0,7.27
102,2009,236,500,12.79,0,0,7.27
102,2009,236,600,12.79,0,0,7.27
102,2009,236,700,12.78,.10538,0,7.27
102,2009,236,800,12.78,123.85,.017,19.92
102,2009,236,900,13.69,734.31,.4,200.3
102,2009,236,1000,13.49,1641.6,1,622.4
102,2009,236,1100,13.36,2509.4,1,704
102,2009,236,1200,13.71,3062.1,1,655.2
102,2009,236,1300,13.72,3024.9,.616,311.1
102,2009,236,1400,13.7,1933.8,.233,61.75
102,2009,236,1500,13.7,1411,.217,112.4
102,2009,236,1600,13.52,2253.1,.85,549.8
102,2009,236,1700,13.67,2149.4,1,595.5
102,2009,236,1800,13.67,1194.9,1,460.9
102,2009,236,1900,13.67,381.34,.633,162.6
102,2009,236,2000,13.68,4.2436,0,7.46
102,2009,236,2100,13.69,0,0,7.65
102,2009,236,2200,13.7,.01916,0,7.76
102,2009,236,2300,13.71,.00958,0,7.7
101,2009,236,2400,12.78,20424,7.96
102,2009,236,2400,13.72,.0479,0,9.32
102,2009,237,100,13.75,0,0,12.96
102,2009,237,200,13.77,.05748,0,12.03
102,2009,237,300,13.78,0,0,11.82
102,2009,237,400,13.77,.00958,0,11.08
102,2009,237,500,13.78,.00958,0,11.75
102,2009,237,600,13.78,0,0,10.88
102,2009,237,700,13.79,.37363,0,9.92
102,2009,237,800,13.8,95.898,0,9.91
102,2009,237,900,13.8,243.82,0,9.75
102,2009,237,1000,13.8,923.94,.15,75.1
102,2009,237,1100,13.78,1934.6,.783,371.5
102,2009,237,1200,13.77,3097.8,1,680.3
102,2009,237,1300,13.75,1848.1,.383,223.9
102,2009,237,1400,13.73,1996.3,.267,99.9
102,2009,237,1500,13.73,1660,.217,98
102,2009,237,1600,13.72,1957.7,.5,314.4
102,2009,237,1700,13.72,926.49,.417,232.3
102,2009,237,1800,13.72,1250.1,1,499.6
102,2009,237,1900,13.62,363.6,.716,206.1
102,2009,237,2000,13.72,2.4619,0,7.31
102,2009,237,2100,13.73,0,0,7.32
102,2009,237,2200,13.74,0,0,7.39
102,2009,237,2300,13.76,0,0,8.05
101,2009,237,2400,13.62,16301,5.431
102,2009,237,2400,13.76,0,0,8.16
102,2009,238,100,13.77,0,0,7.39
102,2009,238,200,13.77,0,0,7.36
102,2009,238,300,13.77,0,0,7.36
102,2009,238,400,13.78,0,0,12.27
102,2009,238,500,13.78,.03832,0,14.08
102,2009,238,600,13.8,0,0,14.32
102,2009,238,700,13.8,.1437,0,12.81
102,2009,238,800,13.8,95.86,0,16.78
102,2009,238,900,13.81,681.04,.45,272.1
102,2009,238,1000,13.8,1867.1,1,739
102,2009,238,1100,13.78,2110.7,.866,511.6
102,2009,238,1200,13.76,3203.3,1,717
102,2009,238,1300,13.74,3555.3,.983,563.9
102,2009,238,1400,13.73,2535.8,.516,210.8
102,2009,238,1500,13.72,3553,.95,500.1
102,2009,238,1600,13.7,2742.8,.9,646.6
102,2009,238,1700,13.7,1862.2,.816,547.5
102,2009,238,1800,13.7,1316.4,1,517.5
102,2009,238,1900,13.7,397.42,.7,231.4
102,2009,238,2000,13.7,2.7971,0,7.53
102,2009,238,2100,13.72,0,0,7.27
102,2009,238,2200,13.73,0,0,7.27
102,2009,238,2300,13.73,0,0,7.27
101,2009,238,2400,13.7,23924,9.18
102,2009,238,2400,13.75,0,0,7.27
102,2009,239,100,13.75,.00958,0,9.36
102,2009,239,200,13.76,.08621,0,9.04
102,2009,239,300,13.77,0,0,8.2
102,2009,239,400,13.77,0,0,8.65
102,2009,239,500,13.77,0,0,9.33
102,2009,239,600,13.78,0,0,9.33
102,2009,239,700,13.79,.31615,0,9.56
102,2009,239,800,13.8,116.39,.2,85.9
102,2009,239,900,13.81,958.85,1,583.7
102,2009,239,1000,13.8,1882.2,1,751
102,2009,239,1100,13.78,2632.6,1,787
102,2009,239,1200,13.76,3217.1,1,727
102,2009,239,1300,13.6,3610.1,1,585.8
102,2009,239,1400,13.59,3710.2,1,485.5
102,2009,239,1500,13.72,3443.8,.95,539.4
102,2009,239,1600,13.7,2106.7,.583,374.8
102,2009,239,1700,13.68,1954.6,.916,592.4
102,2009,239,1800,13.68,1215.8,.933,484.2
102,2009,239,1900,13.68,397.02,.7,214.9
102,2009,239,2000,13.68,2.9023,0,7.39
102,2009,239,2100,13.7,0,0,7.27
102,2009,239,2200,13.71,0,0,7.27
102,2009,239,2300,13.72,.00958,0,7.27
101,2009,239,2400,13.59,25249,10.28
102,2009,239,2400,13.73,.18201,0,7.27
102,2009,240,100,13.73,0,0,7.27
102,2009,240,200,13.74,0,0,7.27
102,2009,240,300,13.75,0,0,7.27
102,2009,240,400,13.76,0,0,7.27
102,2009,240,500,13.76,0,0,7.33
102,2009,240,600,13.77,0,0,7.29
102,2009,240,700,13.77,.43111,0,7.29
102,2009,240,800,13.78,117.53,.183,79
102,2009,240,900,13.78,922.31,1,558.2
102,2009,240,1000,13.77,1868.2,1,707
102,2009,240,1100,13.75,2061.3,.816,414.5
102,2009,240,1200,13.74,2441.4,.466,285.9
102,2009,240,1300,13.73,2156.6,.383,195.5
102,2009,240,1400,13.71,3698.7,1,471
102,2009,240,1500,13.69,3512.9,1,606.9
102,2009,240,1600,13.68,2924,.95,672
102,2009,240,1700,13.67,2224.5,1,649.9
102,2009,240,1800,13.66,1205.1,.9,461.8
102,2009,240,1900,13.66,328.93,.683,178.7
102,2009,240,2000,13.68,1.5996,0,7.28
102,2009,240,2100,13.7,0,0,7.27
102,2009,240,2200,13.7,0,0,7.27
102,2009,240,2300,13.72,0,0,7.27
101,2009,240,2400,13.66,23463,9.38
102,2009,240,2400,13.73,0,0,7.27
102,2009,241,100,13.73,0,0,7.27
102,2009,241,200,13.74,0,0,7.27
102,2009,241,300,13.75,0,0,7.27
102,2009,241,400,13.76,0,0,7.27
102,2009,241,500,13.77,0,0,11.25
102,2009,241,600,13.77,0,0,13
102,2009,241,700,13.78,.45986,0,12.77
102,2009,241,800,13.8,125.73,.217,83.9
102,2009,241,900,13.79,917.5,1,543.8
102,2009,241,1100,13.77,2294.7,.866,764
102,2009,241,1200,13.75,3176,1,706
102,2009,241,1300,13.73,3569.3,1,560.3
102,2009,241,1400,13.7,3550,.933,437.3
102,2009,241,1500,13.68,3274.1,.916,468.8
102,2009,241,1600,13.68,2776.4,.933,635.2
102,2009,241,1700,13.66,2045.8,.933,623
102,2009,241,1800,13.66,1316.6,1,536.8
102,2009,241,1900,13.66,395.59,.766,226.5
102,2009,241,2000,13.67,2.0977,0,7.46
102,2009,241,2100,13.68,0,0,7.27
102,2009,241,2200,13.7,0,0,7.27
102,2009,241,2300,13.7,0,0,7.27
101,2009,241,2400,13.66,22401,8.35
102,2009,241,2400,13.73,0,0,7.27
102,2009,242,100,13.73,0,0,7.27
102,2009,242,200,13.75,0,0,7.34
102,2009,242,300,13.75,0,0,7.94
102,2009,242,400,13.77,0,0,9.29
102,2009,242,500,13.77,0,0,11.72
102,2009,242,600,13.78,0,0,12.65
102,2009,242,700,13.78,.45986,0,13.85
102,2009,242,800,13.8,126.27,.217,107.2
102,2009,242,900,13.79,980.2,1,590.1
102,2009,242,1000,13.78,1929.9,1,761
102,2009,242,1100,13.77,2697.4,1,798
102,2009,242,1200,13.74,3284.6,1,734
102,2009,242,1300,13.73,3648.7,1,580.8
102,2009,242,1400,13.7,3731.6,1,486.4
102,2009,242,1500,13.69,3436.4,1,617.3
102,2009,242,1600,13.67,2876.6,1,738
102,2009,242,1700,13.66,2112.6,.966,673.2
102,2009,242,1800,13.66,1299,1,518.2
102,2009,242,1900,13.66,367.75,.7,196.6
102,2009,242,2000,13.67,2.8352,0,7.41
102,2009,242,2100,13.69,0,0,7.27
102,2009,242,2200,13.7,.00958,0,7.27
102,2009,242,2300,13.71,0,0,7.27
101,2009,242,2400,13.66,26494,10.88
102,2009,242,2400,13.72,0,0,7.27
102,2009,243,100,13.73,0,0,7.39
102,2009,243,200,13.73,0,0,7.38
102,2009,243,300,13.75,0,0,7.37
102,2009,243,400,13.75,0,0,7.35
102,2009,243,500,13.77,0,0,7.72
102,2009,243,600,13.77,0,0,8.93
102,2009,243,700,13.78,.93888,0,8.33
102,2009,243,800,13.79,145.14,.233,90.5
102,2009,243,900,13.78,906.77,1,508.2
102,2009,243,1000,13.77,1832.9,1,699.7
102,2009,243,1200,13.73,2606.9,.75,601.6
102,2009,243,1300,13.72,3592.8,.966,460.8
102,2009,243,1400,13.69,3616.2,.966,408
102,2009,243,1500,13.68,3406.3,1,605
102,2009,243,1600,13.66,2369.6,.75,518.7
102,2009,243,1700,13.66,1675.3,.65,390.2
102,2009,243,1800,13.66,813.95,.466,185.2
102,2009,243,1900,13.66,191.78,0,17.19
102,2009,243,2000,13.67,1.59,0,7.29
102,2009,243,2100,13.69,0,0,7.27
102,2009,243,2200,13.7,0,0,7.27
102,2009,243,2300,13.72,0,0,7.27
101,2009,243,2400,13.66,18274,5.548
102,2009,243,2400,13.72,0,0,7.27
102,2009,244,100,13.73,0,0,7.32
102,2009,244,200,13.74,0,0,7.64
102,2009,244,300,13.75,0,0,7.83
102,2009,244,400,13.76,0,0,7.51
102,2009,244,500,13.76,0,0,7.63
102,2009,244,600,13.77,0,0,9.25
102,2009,244,700,13.77,.50769,0,9.92
102,2009,244,800,13.78,182.28,.233,77.1
102,2009,244,900,13.77,939.15,.983,479.6
102,2009,244,1000,13.76,1747.4,1,651.2
102,2009,244,1100,13.74,2394.1,.933,598.2
102,2009,244,1200,13.72,2873.6,1,457.1
102,2009,244,1300,13.7,2932.1,.65,220.1
102,2009,244,1400,13.68,2665.4,.533,141.3
102,2009,244,1500,13.67,2076.5,.417,171
102,2009,244,1600,13.66,2701.9,.983,620.2
102,2009,244,1700,13.65,1930.8,.966,561.6
102,2009,244,1800,13.65,777,.816,218.7
102,2009,244,1900,13.65,213.41,0,29.29
102,2009,244,2000,13.66,1.2261,0,7.28
102,2009,244,2100,13.68,0,0,7.27
102,2009,244,2200,13.68,0,0,7.27
102,2009,244,2300,13.7,0,0,7.27
101,2009,244,2400,13.65,21438,8.51
102,2009,244,2400,13.7,2.7875,0,7.77
102,2009,245,1000,13.73,517.74,0,27.36
102,2009,245,1100,13.8,1127.6,0,35.27
102,2009,245,1200,13.79,2898.9,.933,514.3
102,2009,245,1300,13.77,3253.4,.966,439.3
102,2009,245,1400,13.75,2491.2,.35,123.8
102,2009,245,1500,13.74,2979.2,.866,364.2
102,2009,245,1600,13.72,2264.3,.816,324.1
102,2009,245,1700,13.72,1276.6,.233,91.7
102,2009,245,2000,13.72,0,0,7.27
102,2009,245,2100,13.75,0,0,7.27
102,2009,245,2200,13.75,0,0,7.27
102,2009,245,2300,13.77,0,0,7.27
101,2009,245,2400,13.72,0,0
102,2009,245,2400,13.78,0,0,7.27
102,2009,246,100,13.79,0,0,7.27
102,2009,246,200,13.79,0,0,7.32
102,2009,246,300,13.79,0,0,7.3
102,2009,246,400,13.8,0,0,7.3
102,2009,246,500,13.8,0,0,7.31
102,2009,246,600,13.8,0,0,7.32
102,2009,246,700,13.81,2.6825,0,7.51
102,2009,246,800,13.8,116.27,0,9.04
102,2009,246,900,13.8,563.89,0,33.68
102,2009,246,1000,13.8,648.91,0,10.69
102,2009,246,1100,13.81,1745.1,.616,333.9
102,2009,246,1200,13.78,2828.9,.9,490.8
102,2009,246,1300,13.77,2838.8,.7,314.3
102,2009,246,1400,13.75,2365.1,.4,130.1
102,2009,246,1600,13.72,1087.4,.433,553.2
102,2009,246,1700,13.72,1851.1,.866,578.8
102,2009,246,1800,13.72,1253,1,499.9
102,2009,246,1900,13.72,297.57,.45,142.6
102,2009,246,2000,13.72,.71846,0,7.27
102,2009,246,2100,13.73,0,0,7.27
102,2009,246,2200,13.75,.00958,0,7.34
102,2009,246,2300,13.75,0,0,7.32
101,2009,246,2400,13.72,4489.9,2.749
102,2009,246,2400,13.77,.02874,0,7.27
102,2009,247,100,13.8,0,0,7.28
102,2009,247,200,13.8,0,0,7.36
102,2009,247,300,13.8,0,0,8.06
102,2009,247,400,13.81,0,0,8.77
102,2009,247,500,13.82,0,0,10.63
102,2009,247,600,13.83,0,0,12.09
102,2009,247,700,13.83,2.0501,0,12.19
102,2009,247,800,13.82,183.32,.217,97.9
102,2009,247,900,13.82,922.16,1,501.1
102,2009,247,1000,13.8,1812.2,1,688.5
102,2009,247,1100,13.78,2511.2,1,696.2
102,2009,247,1200,13.75,3433.7,1,667.8
102,2009,247,1300,13.73,3532.9,.883,461.2
102,2009,247,1500,13.67,2193.1,.583,468.4
102,2009,247,1600,13.7,2079,.666,434.3
102,2009,247,1700,13.69,2067.6,1,621.8
102,2009,247,1800,13.69,1220.6,1,476.7
102,2009,247,1900,13.69,328.93,.583,154.1
102,2009,247,2000,13.7,2.4521,0,7.29
102,2009,247,2100,13.71,0,0,7.27
102,2009,247,2200,13.72,0,0,7.27
102,2009,247,2300,13.73,0,0,7.27
101,2009,247,2400,13.67,7891.7,3.832
102,2009,247,2400,13.73,0,0,7.27
102,2009,248,100,13.75,0,0,7.27
102,2009,248,200,13.75,0,0,7.27
102,2009,248,300,13.75,0,0,7.33
102,2009,248,400,13.76,0,0,7.53
102,2009,248,500,13.77,0,0,7.52
102,2009,248,600,13.78,0,0,8.8
102,2009,248,700,13.79,.32573,0,10.2
102,2009,248,800,13.8,159.23,.217,78.4
102,2009,248,900,13.79,930.8,1,444.3
102,2009,248,1000,13.77,1586.4,1,552.7
102,2009,248,1100,13.76,2376.3,1,659.4
102,2009,248,1200,13.74,2742.8,.833,446.8
102,2009,248,1300,13.72,3414.7,.9,377
102,2009,248,1400,13.7,3501.9,.9,287.9
102,2009,248,1500,13.69,2601.4,.683,333.8
102,2009,248,1600,13.67,2389.8,.85,525.6
102,2009,248,1700,13.66,1753.3,.95,454.1
102,2009,248,1800,13.66,1060.4,1,362.4
102,2009,248,1900,13.67,220.65,.233,86.5
102,2009,248,2000,13.67,1.3889,0,7.34
102,2009,248,2100,13.69,0,0,7.27
102,2009,248,2200,13.7,0,0,7.27
102,2009,248,2300,13.71,0,0,7.27
101,2009,248,2400,13.66,22739,9.56
102,2009,248,2400,13.72,0,0,7.27
102,2009,249,100,13.72,.0958,0,10.48
102,2009,249,200,13.73,1.6764,0,9.5
102,2009,249,300,13.75,.4598,0,8.02
102,2009,249,400,13.76,.26822,0,7.39
102,2009,249,500,13.76,0,0,7.33
102,2009,249,600,13.77,0,0,7.32
102,2009,249,700,13.77,.57479,0,7.31
102,2009,249,800,13.78,166.61,.233,106.9
102,2009,249,900,13.78,962.93,1,514.1
102,2009,249,1000,13.76,1755.4,1,556.8
102,2009,249,1100,13.74,2527.8,.9,584.4
102,2009,249,1200,13.72,3242,1,700
102,2009,249,1300,13.71,3737.8,1,505
102,2009,249,1400,13.69,3153.1,.8,352.2
102,2009,249,1500,13.68,3029.2,.833,481
102,2009,249,1600,13.66,2933.8,1,692.8
102,2009,249,1700,13.66,2084.4,.983,606.6
102,2009,249,1800,13.66,1219.5,1,469.4
102,2009,249,1900,13.68,358.1,.583,145.5
102,2009,249,2000,13.68,3.9558,0,7.27
102,2009,249,2100,13.7,0,0,7.27
102,2009,249,2200,13.72,0,0,7.27
102,2009,249,2300,13.73,0,0,7.27
101,2009,249,2400,13.66,25178,10.33
102,2009,249,2400,13.73,0,0,7.27
102,2009,250,100,13.73,0,0,7.27
102,2009,250,200,13.74,0,0,7.27
102,2009,250,300,13.76,0,0,7.27
102,2009,250,400,13.77,0,0,7.54
102,2009,250,500,13.77,0,0,7.54
102,2009,250,600,13.78,0,0,7.29
102,2009,250,700,13.78,.56525,0,7.31
102,2009,250,800,13.79,161.78,.233,92.9
102,2009,250,1900,13.62,328.79,.55,146.6
102,2009,250,2100,13.68,.03832,0,9.51
102,2009,250,2200,13.71,1.1687,0,7.38
102,2009,250,2300,13.73,0,0,11.27
101,2009,250,2400,13.68,1.207,0
102,2009,250,2400,13.74,0,0,11.7
102,2009,251,100,13.75,0,0,11.69
102,2009,251,200,13.75,0,0,10.39
102,2009,251,300,13.76,0,0,9.4
102,2009,251,400,13.76,0,0,9.07
102,2009,251,500,13.77,0,0,12.01
102,2009,251,600,13.78,0,0,13.16
102,2009,251,700,13.78,.71853,0,12.43
102,2009,251,800,13.79,163.14,.133,62.12
102,2009,253,1100,13.68,504.47,.083,184.5
102,2009,253,1200,13.71,2165.1,.466,294
102,2009,253,1300,13.7,3208.6,.933,439.7
102,2009,253,1400,13.68,3708.9,.933,386.9
102,2009,253,1500,13.66,2848.7,.716,375
102,2009,253,1600,13.66,2164.4,.666,474.7
102,2009,253,1700,13.66,2095.7,1,676.1
102,2009,253,1800,13.66,1221.8,1,467
102,2009,253,1900,13.66,340.36,.466,125.7
102,2009,253,2000,13.67,2.0881,0,7.27
102,2009,253,2100,13.68,0,0,7.27
102,2009,253,2200,13.69,0,0,7.27
102,2009,253,2300,13.7,0,0,7.27
101,2009,253,2400,13.66,18260,6.264
102,2009,253,2400,13.72,0,0,7.27
102,2009,254,100,13.72,0,0,7.27
102,2009,254,200,13.73,.00958,0,7.27
102,2009,254,300,13.73,.00958,0,7.27
102,2009,254,400,13.74,0,0,7.27
102,2009,254,500,13.75,0,0,7.27
102,2009,254,600,13.75,0,0,7.29
102,2009,254,800,13.77,206.11,.25,137
102,2009,254,900,13.75,1076,1,513.1
102,2009,254,1000,13.75,1140,.916,282
102,2009,254,1100,13.73,2634.2,.933,443.6
102,2009,254,1200,13.71,3369.2,.983,538.1
102,2009,254,1300,13.69,3541.1,.95,379.8
102,2009,254,1400,13.67,2992.2,.7,231.5
102,2009,254,1500,13.65,2676.2,.616,289.8
102,2009,254,1600,13.65,2794.8,1,680.7
102,2009,254,1700,13.65,2194.8,1,586.4
102,2009,254,1800,13.64,1143.7,.883,387.1
102,2009,254,1900,13.65,139.76,.033,27.04
102,2009,254,2000,13.65,1.3027,0,7.27
102,2009,254,2100,13.67,0,0,7.27
102,2009,254,2200,13.7,0,0,7.27
102,2009,254,2300,13.71,0,0,7.27
101,2009,254,2400,13.64,23909,9.26
102,2009,254,2400,13.73,0,0,7.27
102,2009,255,100,13.73,0,0,7.27
102,2009,255,200,13.74,0,0,7.27
102,2009,255,300,13.74,0,0,7.27
102,2009,255,400,13.75,0,0,7.27
102,2009,255,500,13.75,0,0,7.27
102,2009,255,600,13.76,0,0,8.69
102,2009,255,700,13.77,1.2453,0,7.34
102,2009,255,800,13.77,133.85,0,7.49
102,2009,255,900,13.78,373.4,0,31.69
102,2009,255,1000,13.77,1540.2,.75,511.4
102,2009,255,1100,13.75,2620.3,1,718
102,2009,255,1200,13.72,3235.7,1,693.9
102,2009,255,1300,13.7,3458.9,.933,481.3
102,2009,255,1400,13.68,3402.7,.85,338.4
102,2009,255,1500,13.68,1662.3,.317,133.1
102,2009,255,1600,13.67,2316.2,.833,501.3
102,2009,255,1700,13.66,1224.5,.466,265.3
102,2009,255,1800,13.66,226.05,0,15.11
102,2009,255,1900,13.64,2.1935,0,8.53
102,2009,255,2000,13.69,.52682,0,7.27
102,2009,255,2100,13.7,0,0,7.27
102,2009,255,2200,13.7,.06706,0,7.27
102,2009,256,800,13.74,173.55,.333,155.1
102,2009,256,900,13.8,1046.6,1,546.9
102,2009,256,1000,13.78,2005,1,739
102,2009,256,1100,13.77,2516.5,1,662.5
102,2009,256,1200,13.75,3238.6,.85,559
102,2009,256,1300,13.73,3580.3,.916,382.7
102,2009,256,1400,13.7,3441.1,.833,338.6
102,2009,256,1500,13.68,3454.3,.95,591.4
102,2009,256,1600,13.68,2403.2,.833,593.4
102,2009,256,1700,13.66,1971.4,.933,598.7
102,2009,256,1800,13.66,1195.7,1,478.6
102,2009,256,1900,13.66,300.98,.45,136.4
102,2009,256,2000,13.67,.16283,0,7.35
102,2009,256,2100,13.69,0,0,7.32
102,2009,256,2200,13.7,0,0,7.27
102,2009,256,2300,13.72,0,0,7.28
101,2009,256,2400,13.66,25328,10.1
102,2009,256,2400,13.73,0,0,7.28
102,2009,257,100,13.73,0,0,7.34
102,2009,257,200,13.73,0,0,7.35
102,2009,257,300,13.74,0,0,7.54
102,2009,257,400,13.75,0,0,8.17
102,2009,257,500,13.76,0,0,8.44
102,2009,257,600,13.77,0,0,9.06
102,2009,257,700,13.77,2.5769,0,8.14
102,2009,257,800,13.77,226.66,.267,89.3
102,2009,257,900,13.77,911.92,1,346.6
102,2009,257,1000,13.76,1762.3,1,499.9
102,2009,257,1100,13.75,1702.2,.883,358.2
102,2009,257,1300,13.69,506.43,.217,141.7
102,2009,257,1400,13.71,1282.9,.566,158
102,2009,257,1500,13.68,752.52,.983,541.3
102,2009,257,1600,13.68,736.54,.983,713
102,2009,257,1700,13.68,1372.3,1,636.1
102,2009,257,1800,13.67,1199.6,1,476.1
102,2009,257,1900,13.67,169.26,.183,67.97
102,2009,257,2000,13.68,.09578,0,7.29
102,2009,257,2100,13.69,0,0,7.27
102,2009,257,2300,13.79,0,0,7.67
102,2009,258,800,13.74,47.422,0,20.37
102,2009,258,900,13.77,504.38,.666,333.5
102,2009,258,1000,13.8,496.81,1,687.8
102,2009,258,1100,13.77,548.32,.983,704
102,2009,258,1200,13.75,592.01,1,680.9
102,2009,258,1300,13.73,845.31,.95,449.9
102,2009,258,1400,13.71,795.67,.783,307.6
102,2009,258,1500,13.69,1010.1,.666,331.9
102,2009,258,1600,13.68,835.14,.816,540.7
102,2009,258,1700,13.68,1125.4,.933,598.4
102,2009,258,1800,13.67,843.44,.933,338.6
102,2009,258,1900,13.68,165,.217,64.02
102,2009,258,2000,13.68,.27777,0,7.4
102,2009,259,1000,13.74,802.43,.4,164
102,2009,259,1100,13.8,791.22,1,728
102,2009,259,1200,13.78,918.12,1,533.6
102,2009,259,1300,13.77,1091,.8,309.3
102,2009,259,1400,13.75,808.21,.933,430.9
102,2009,259,1500,13.72,855.45,.966,513.4
102,2009,259,1600,13.72,776.84,.9,606.7
102,2009,259,1700,13.7,809.22,.833,593
102,2009,259,1800,13.7,991.1,1,450.8
102,2009,259,1900,13.7,287.96,.433,126.9
102,2009,259,2000,13.7,.4885,0,7.38
102,2009,259,2100,13.7,0,0,7.29
102,2009,259,2200,13.72,0,0,7.36
102,2009,259,2300,13.75,0,0,7.29
101,2009,259,2400,13.7,2088.8,2.266
102,2009,259,2400,13.75,0,0,7.3
102,2009,260,100,13.76,0,0,7.29
102,2009,260,200,13.76,0,0,7.31
102,2009,260,300,13.76,0,0,7.33
102,2009,260,400,13.77,0,0,7.28
102,2009,260,500,13.77,0,0,7.28
102,2009,260,600,13.78,0,0,7.27
102,2009,260,700,13.78,1.7628,0,7.28
102,2009,260,800,13.78,190.95,.083,66.34
102,2009,260,900,13.8,469.96,.75,170.1
102,2009,260,1000,13.79,794.3,1,440
102,2009,260,1700,13.66,509.73,.733,697.3
102,2009,260,1800,13.69,697.58,1,391.6
102,2009,260,1900,13.69,127.26,.05,41.83
102,2009,260,2000,13.7,0,0,7.39
102,2009,260,2100,13.7,0,0,7.31
102,2009,260,2200,13.7,0,0,7.29
102,2009,260,2300,13.72,.05748,0,7.27
101,2009,260,2400,13.7,.05748,0
102,2009,260,2400,13.72,0,0,7.27
102,2009,261,100,13.72,0,0,7.27
102,2009,261,200,13.74,0,0,7.27
102,2009,261,300,13.75,0,0,7.27
102,2009,261,400,13.76,0,0,7.27
102,2009,261,500,13.77,0,0,7.27
102,2009,261,600,13.78,0,0,7.27
102,2009,261,700,13.79,1.4275,0,7.27
102,2009,261,800,13.78,253.61,.283,74.5
102,2009,261,900,13.78,866.98,1,451.9
102,2009,261,1300,13.68,86.636,.083,223.6
102,2009,261,1400,13.71,1181.6,.75,254
102,2009,261,1500,13.7,1197.9,.583,220.8
102,2009,261,1600,13.7,1070.3,.4,89.2
102,2009,261,1700,13.7,870.33,0,12.79
102,2009,261,1800,13.71,113.89,0,7.48
102,2009,261,1900,13.72,2.4715,0,8.78
102,2009,261,2000,13.75,0,0,9.48
102,2009,261,2100,13.77,0,0,9.51
102,2009,261,2200,13.77,0,0,9.6
102,2009,261,2300,13.77,0,0,8.86
101,2009,261,2400,13.68,4523.1,1.816
102,2009,261,2400,13.77,0,0,8.48
102,2009,262,100,13.78,0,0,9.01
102,2009,262,200,13.78,0,0,9.06
102,2009,262,300,13.78,0,0,9.28
102,2009,262,400,13.79,0,0,9.49
102,2009,262,500,13.8,.07664,0,9.92
102,2009,262,600,13.8,0,0,9.99
102,2009,262,700,13.8,.73768,0,9.86
102,2009,262,800,13.82,140.2,.367,110.2
102,2009,262,900,13.82,539.97,.466,195
102,2009,262,1000,13.8,1158.8,.7,468.2
102,2009,262,1100,13.78,1246.5,.966,549.7
102,2009,262,1200,13.77,1070.5,.75,418.1
102,2009,262,1300,13.75,1241.5,.45,212.1
102,2009,262,1400,13.74,826.08,.833,421.1
102,2009,262,1500,13.72,1064.4,.783,386.7
102,2009,262,1600,13.71,1043.3,.267,153.8
102,2009,262,1700,13.73,283.7,0,9.39
102,2009,262,1800,13.77,158.86,0,7.41
102,2009,262,1900,13.76,60.601,0,7.37
102,2009,262,2000,13.76,.03832,0,7.31
102,2009,262,2100,13.77,0,0,7.3
102,2009,262,2200,13.77,0,0,7.27
102,2009,262,2300,13.77,0,0,7.28
101,2009,262,2400,13.71,8835.2,5.581
102,2009,262,2400,13.77,0,0,7.33
102,2009,263,100,13.78,0,0,7.29
102,2009,263,200,13.78,0,0,7.37
102,2009,263,300,13.79,0,0,7.28
102,2009,263,400,13.8,0,0,7.62
102,2009,263,500,13.8,0,0,8.06
102,2009,263,600,13.8,0,0,8.07
102,2009,263,700,13.81,2.2609,0,8.07
102,2009,263,800,13.82,184.48,.633,211
102,2009,263,900,13.81,913.1,1,580.3
102,2009,263,1000,13.8,1498.2,1,754
102,2009,263,1100,13.77,1325.6,1,781
102,2009,263,1200,13.75,711.74,.966,641.3
102,2009,263,1300,13.73,615.83,.866,464.8
102,2009,263,1400,13.72,837.86,.7,325.1
102,2009,263,1600,13.7,519.75,.966,712
102,2009,263,1700,13.69,348.71,.983,683.2
102,2009,263,1800,13.68,396.55,1,476.1
102,2009,263,1900,13.68,233.91,.35,98.4
102,2009,263,2000,13.69,.39273,0,7.45
102,2009,263,2100,13.71,0,0,7.32
102,2009,263,2200,13.72,0,0,7.28
102,2009,263,2300,13.73,0,0,7.32
101,2009,263,2400,13.68,1500.4,3.299
102,2009,263,2400,13.73,1.092,0,9.95
102,2009,264,100,13.74,.30654,0,8.14
102,2009,264,200,13.75,0,0,7.99
102,2009,264,300,13.75,0,0,7.56
102,2009,264,400,13.76,0,0,7.55
102,2009,264,500,13.77,0,0,7.96
102,2009,264,600,13.77,0,0,7.8
102,2009,264,700,13.78,2.1364,0,8.06
102,2009,264,800,13.79,210.69,.383,147.7
102,2009,264,900,13.79,1029.3,.983,479.2
102,2009,264,1900,13.7,144.65,0,18.72
102,2009,264,2000,13.71,2.3756,0,9.17
102,2009,264,2100,13.75,.0479,0,7.43
102,2009,264,2200,13.75,.00958,0,7.37
102,2009,264,2300,13.75,.00958,0,7.27
101,2009,264,2400,13.7,147.51,0
102,2009,264,2400,13.76,.4119,0,7.29
102,2009,265,100,13.76,.74717,0,9.92
102,2009,265,200,13.77,.01916,0,8.22
102,2009,265,300,13.78,.03832,0,7.71
102,2009,265,400,13.79,0,0,8.29
102,2009,265,500,13.8,0,0,8.42
102,2009,265,600,13.8,0,0,8.4
102,2009,265,700,13.82,3.0657,0,8.4
102,2009,265,800,13.81,211.16,.533,124.5
102,2009,265,900,13.8,1013.1,1,429.3
102,2009,265,1000,13.79,1797.3,1,535.3
102,2009,265,1100,13.77,2150.9,.95,701
102,2009,265,1700,13.64,317.67,.983,698
102,2009,265,1800,13.7,282.03,1,496.9
102,2009,265,1900,13.7,210,.367,116.9
102,2009,265,2000,13.7,.70883,0,7.35
102,2009,265,2100,13.75,.14369,0,7.59
102,2009,265,2200,13.79,0,0,7.27
102,2009,265,2300,13.78,0,0,7.27
101,2009,265,2400,13.64,810.55,2.349
102,2009,265,2400,13.78,0,0,7.27
102,2009,266,100,13.78,0,0,7.27
102,2009,266,200,13.78,0,0,7.27
102,2009,266,300,13.79,0,0,7.27
102,2009,266,400,13.79,0,0,7.27
102,2009,266,500,13.8,0,0,7.27
102,2009,266,600,13.81,0,0,7.54
102,2009,266,700,13.81,2.0693,0,8.45
102,2009,266,800,13.82,215.55,.766,261.5
102,2009,266,900,13.8,1109.1,1,567.3
102,2009,268,1000,13.59,491.88,.217,770
102,2009,268,1100,13.58,2603.6,1,727
102,2009,268,1200,13.6,2733.9,1,703
102,2009,268,1300,13.23,1228.4,1,517
102,2009,268,1400,13.52,761.94,.883,406.2
102,2009,268,1500,13.48,586.93,.933,596.8
102,2009,268,1600,13.17,445.03,.95,735
102,2009,268,1700,13.48,331.59,.966,671.6
102,2009,268,1800,13.56,230.72,1,461
102,2009,268,1900,13.45,83.124,.317,104.7
102,2009,268,2000,13.26,0,0,7.32
102,2009,268,2100,13.14,0,0,7.31
102,2009,268,2200,13.04,0,0,7.27
102,2009,268,2300,12.95,0,0,7.27
101,2009,268,2400,12.88,9497.1,8.26
102,2009,268,2400,12.88,0,0,7.27
102,2009,269,100,12.83,0,0,7.27
102,2009,269,200,12.8,0,0,7.27
102,2009,269,300,12.78,0,0,7.27
102,2009,269,400,12.78,0,0,7.27
102,2009,269,500,12.78,0,0,7.38
102,2009,269,600,12.76,0,0,7.86
102,2009,269,700,12.75,2.625,0,8.04
102,2009,269,800,12.77,206.15,.716,215.3
102,2009,269,900,13.74,1010.6,1,534.6
102,2009,269,1000,13.73,1650.4,.85,523.1
102,2009,269,1100,13.7,2737.2,1,754
102,2009,269,1200,13.62,3042.2,1,693.8
102,2009,269,1300,13.57,1756.7,1,493.7
102,2009,269,1400,13.56,551.52,1,502.5
102,2009,269,1500,13.56,445.38,1,644.2
102,2009,269,1600,12.58,400.4,1,771
102,2009,269,1700,13.55,319.98,1,683.5
102,2009,269,1800,13.55,354.18,.95,424.9
102,2009,269,1900,13.55,96.573,.4,126.8
102,2009,269,2000,13.63,0,0,7.33
102,2009,269,2100,13.65,0,0,7.27
102,2009,269,2200,13.66,0,0,7.27
102,2009,269,2300,13.66,0,0,7.27
101,2009,269,2400,12.58,12574,10.91
102,2009,269,2400,13.68,0,0,7.27
102,2009,270,100,12.83,2.5769,0,9.14
102,2009,270,200,12.79,0,0,7.27
102,2009,270,300,12.78,1.8967,0,7.27
102,2009,270,400,12.78,0,0,7.27
102,2009,270,500,12.78,0,0,7.27
102,2009,270,600,12.76,0,0,7.27
102,2009,270,700,12.75,2.3854,0,7.27
102,2009,270,800,12.77,188.64,.167,88.9
102,2009,270,900,13.65,986.37,1,461.1
102,2009,270,1000,12.68,1923.5,1,625.1
102,2009,270,1100,13.73,2263.1,.95,518
102,2009,270,1200,13.7,2739.1,.816,474.3
102,2009,270,1300,13.69,2229,.816,382.6
102,2009,270,1400,13.67,819.4,.966,516.5
102,2009,270,1500,13.66,837.98,.633,379.6
102,2009,270,1600,13.64,703.71,.683,551.9
102,2009,270,1700,13.64,462.92,1,598.6
102,2009,270,1800,13.63,294.03,.9,458.2
102,2009,270,1900,13.64,90.949,.033,33.18
102,2009,270,2000,13.27,4.5403,0,7.78
102,2009,270,2100,13.14,.33528,0,7.32
102,2009,270,2200,13.04,0,0,7.27
102,2009,270,2300,12.95,0,0,7.27
101,2009,270,2400,12.68,13550,8.96
102,2009,270,2400,12.88,0,0,7.27
102,2009,271,100,12.82,0,0,7.27
102,2009,271,200,12.79,0,0,7.27
102,2009,271,300,12.79,0,0,7.27
102,2009,271,400,12.79,.25867,0,7.27
102,2009,271,500,12.77,.37363,0,7.27
102,2009,271,600,12.75,0,0,7.27
102,2009,271,700,12.75,2.4909,0,7.27
102,2009,271,800,12.76,289.08,.766,259.7
102,2009,271,900,13.69,1221,1,636.8
102,2009,271,1000,13.75,2068.8,1,775
102,2009,271,1100,13.62,2827.2,1,773
102,2009,271,1200,13.6,3287.9,1,679.6
102,2009,271,1300,13.08,2234.6,.75,322.3
102,2009,271,1400,13.46,970.43,.9,452.5
102,2009,271,1500,13.33,609.28,.766,462.1
102,2009,271,1600,13.06,483.08,1,752
102,2009,271,1700,13.55,287.71,1,693.3
102,2009,271,1800,13.56,211.2,1,488
102,2009,271,1900,13.46,175.18,.45,120.6
102,2009,271,2000,13.27,.24905,0,7.29
102,2009,271,2100,13.15,0,0,7.5
102,2009,271,2200,13.04,0,0,7.34
102,2009,271,2300,12.97,0,0,7.33
101,2009,271,2400,12.75,14669,10.63
102,2009,271,2400,12.88,0,0,7.27
102,2009,272,100,12.83,0,0,7.27
102,2009,272,200,12.79,0,0,7.27
102,2009,272,300,12.78,0,0,7.27
102,2009,272,400,12.78,.07663,0,7.27
102,2009,272,500,12.78,0,0,7.27
102,2009,272,600,12.77,0,0,7.27
102,2009,272,700,12.75,4.2058,0,7.35
102,2009,272,800,12.78,292.88,.8,270.2
102,2009,272,900,13.48,1153.2,1,532
102,2009,272,1000,13.02,1619.3,1,534.8
102,2009,272,1100,13.61,2386.2,1,602.4
102,2009,272,1200,13.45,2670,.8,380.9
102,2009,272,1300,13.1,2127.3,.45,103.4
102,2009,272,1400,13.5,1578.3,.733,293
102,2009,272,1500,13.45,1157.2,.883,425.8
102,2009,272,1600,12.87,638.88,.65,461
102,2009,272,1700,13.51,401.31,1,681.5
102,2009,272,1800,13.61,256.09,.95,295.5
102,2009,272,1900,13.53,88.411,.117,43.23
102,2009,272,2000,13.29,1.1974,0,7.28
102,2009,272,2100,13.15,1.3507,0,7.27
102,2009,272,2200,13.06,0,0,7.28
102,2009,272,2300,12.97,0,0,7.27
101,2009,272,2400,12.75,14376,9.38
102,2009,272,2400,12.89,0,0,7.27
102,2009,273,100,12.83,0,0,7.27
102,2009,273,200,12.79,0,0,7.27
102,2009,273,300,12.77,0,0,7.27
102,2009,273,400,12.78,0,0,7.27
102,2009,273,500,12.77,0,0,7.27
102,2009,273,600,12.76,0,0,7.27
102,2009,273,700,12.75,2.3471,0,7.68
102,2009,273,800,12.75,173.09,0,8.78
102,2009,273,900,13.68,629.74,.2,65.26
102,2009,273,1000,13.56,2160.6,1,634.3
102,2009,273,1100,13.42,3068.2,1,699.3
102,2009,273,1200,13.44,3443.9,.983,671.5
102,2009,273,1300,13.02,3294.3,.95,468.7
102,2009,273,1400,13.48,1762.2,.616,276.7
102,2009,273,1500,13.37,814.64,.566,332.3
102,2009,273,1600,12.86,822.07,1,623
102,2009,273,1700,13.61,303.44,1,687.7
102,2009,273,1800,13.61,284.21,1,450.9
102,2009,273,1900,13.46,135.79,.466,105.2
102,2009,273,2000,13.28,0,0,7.33
102,2009,273,2100,13.15,1.3124,0,9.37
102,2009,273,2200,13.04,1.1591,0,9.74
102,2009,273,2300,12.96,.02874,0,10.57
101,2009,273,2400,12.75,16897,8.78
102,2009,273,2400,12.89,0,0,10.37
102,2009,274,100,12.83,0,0,10.57
102,2009,274,200,12.79,0,0,11.14
102,2009,274,300,12.77,0,0,9.22
102,2009,274,400,12.78,0,0,7.93
102,2009,274,500,12.77,0,0,7.87
102,2009,274,600,12.75,0,0,7.69
102,2009,274,700,12.74,.96761,0,7.91
102,2009,274,800,12.74,118,0,7.81
102,2009,274,900,13.69,495.92,0,7.51
102,2009,274,1000,12.83,1908.9,.85,550
102,2009,274,1100,13.52,1500.7,.383,148
102,2009,274,1200,13.51,2030.4,.033,25.38
102,2009,274,1300,13.18,2206,.017,14.53
102,2009,274,1400,13.51,2370.9,.833,357.8
102,2009,274,1500,13.5,1163.4,.883,493.3
102,2009,274,1600,12.61,637.46,.883,588.4
102,2009,274,1700,13.49,371.53,1,657.3
102,2009,274,1800,13.59,231.03,1,467.1
102,2009,274,1900,13.64,91.228,.5,133.2
102,2009,274,2000,13.65,0,0,7.28
102,2009,274,2100,13.66,.30654,0,7.27
102,2009,274,2200,13.67,.68014,0,7.27
102,2009,274,2300,12.96,3.9563,0,7.84
101,2009,274,2400,12.61,13131,6.381
102,2009,274,2400,12.89,.05748,0,7.27
102,2009,275,100,12.85,.00958,0,7.46
102,2009,275,200,13.75,.01916,0,7.82
102,2009,275,300,13.75,.0958,0,8.02
102,2009,275,400,13.75,.13413,0,7.76
102,2009,275,500,13.75,0,0,7.84
102,2009,275,600,13.75,0,0,8.1
102,2009,275,700,12.75,3.6118,0,7.92
102,2009,275,800,12.77,173.09,.35,113.8
102,2009,275,900,13.43,865.87,.716,372.4
102,2009,275,1000,12.69,1461.7,.866,303.2
102,2009,275,1100,13.51,2811.8,1,768
102,2009,275,1200,13.43,3068,.966,612.3
102,2009,275,1300,13.45,2761.2,.783,358.3
102,2009,275,1400,13.48,751.12,1,512.2
102,2009,275,1500,13.46,776.06,.9,517.5
102,2009,275,1600,13.66,632.67,.85,590.6
102,2009,275,1700,13.65,412.3,1,663.5
102,2009,275,1800,13.65,282.01,.9,383.5
102,2009,275,1900,13.65,179.74,.383,101.7
102,2009,275,2000,13.65,3.0941,0,8.11
102,2009,275,2100,13.69,3.257,0,7.72
102,2009,275,2200,13.7,.19159,0,7.32
102,2009,275,2300,13.7,.05748,0,7.38
101,2009,275,2400,12.69,14187,9.71
102,2009,275,2400,13.72,.88129,0,7.27
102,2009,276,100,13.74,.98667,0,7.27
102,2009,276,200,13.75,.00958,0,7.3
102,2009,276,300,13.75,0,0,7.27
102,2009,276,400,13.75,0,0,8.23
102,2009,276,500,13.75,0,0,8.77
102,2009,276,600,13.75,0,0,9.04
102,2009,276,700,13.75,3.8801,0,9.67
102,2009,276,800,13.08,55.844,0,8.55
102,2009,276,900,13.21,550.5,.183,84.9
102,2009,276,1000,13.67,891.8,.217,89.9
102,2009,276,1100,13.43,1858.7,.883,435
102,2009,276,1200,13.49,2961.7,.983,630.8
102,2009,276,1300,13.46,2147.7,.683,356.5
102,2009,276,1400,13.45,1306.7,.816,374.4
102,2009,276,1500,13.49,915.57,.716,393.5
102,2009,276,1600,12.85,761.22,.9,642.3
102,2009,276,1700,13.6,703.83,.833,435.5
102,2009,276,1800,13.61,487.57,.583,193
102,2009,276,1900,13.58,56.969,0,7.39
102,2009,276,2000,13.73,0,0,7.27
102,2009,276,2100,13.73,0,0,7.27
102,2009,276,2200,13.75,0,0,7.28
102,2009,276,2300,13.75,0,0,7.28
101,2009,276,2400,12.85,12703,6.797
102,2009,276,2400,13.75,0,0,7.3
102,2009,277,100,13.75,0,0,7.3
102,2009,277,200,13.75,0,0,7.27
102,2009,277,300,13.75,0,0,7.3
102,2009,277,400,13.76,0,0,7.27
102,2009,277,500,13.76,0,0,7.27
102,2009,277,600,13.77,0,0,7.27
102,2009,277,700,12.76,2.443,0,7.33
102,2009,277,800,12.58,157.63,0,7.27
102,2009,277,900,12.54,634.34,.317,70.2
102,2009,277,1000,13.65,1999.9,1,692
102,2009,277,1100,12.79,2637.9,1,754
102,2009,277,1200,13.6,3294.2,1,717
102,2009,277,1300,12.67,2959,1,518.6
102,2009,277,1400,13.45,1526.8,.75,372.8
102,2009,277,1500,13.48,581.26,1,681.9
102,2009,277,1600,12.54,656.47,1,649.3
102,2009,277,1700,13.61,477.1,1,632.8
102,2009,277,1800,13.62,277.67,.75,348.9
102,2009,277,1900,13.66,109.39,.067,35.02
102,2009,277,2000,13.67,0,0,7.35
102,2009,277,2100,13.68,.00958,0,7.33
102,2009,277,2200,13.7,0,0,7.27
102,2009,277,2300,13.72,0,0,7.27
101,2009,277,2400,12.54,15314,8.88
102,2009,277,2400,13.72,0,0,7.27
102,2009,278,100,13.73,.03832,0,7.27
102,2009,278,200,12.78,0,0,7.27
102,2009,278,300,12.78,.60349,0,7.27
102,2009,278,400,12.79,0,0,7.27
102,2009,278,500,12.81,0,0,7.27
102,2009,278,600,12.8,0,0,7.27
102,2009,278,700,12.79,1.2263,0,7.27
102,2009,278,800,12.79,124.72,0,7.27
102,2009,278,900,13.71,408.12,0,7.59
102,2009,278,1000,13.78,653.64,0,7.57
102,2009,278,1100,13.76,2345.9,.65,425.8
102,2009,278,1200,13.73,3404.1,1,586.5
102,2009,278,1300,13.72,3361.8,.983,442.5
102,2009,278,1400,13.69,2695.5,.267,75
102,2009,278,1500,13.68,991.7,.883,516.9
102,2009,278,1600,13.67,394.63,1,770
102,2009,278,1700,13.66,379.27,1,650.4
102,2009,278,1800,13.66,300.43,1,393.7
102,2009,278,1900,13.66,103.26,.15,46.79
102,2009,278,2000,13.67,0,0,7.33
102,2009,278,2100,13.68,.02874,0,7.34
102,2009,278,2200,13.7,0,0,7.29
102,2009,278,2300,13.7,0,0,7.28
101,2009,278,2400,12.78,15165,6.931
102,2009,278,2400,13.71,0,0,7.34
102,2009,279,100,13.72,0,0,7.33
102,2009,279,200,13.72,.02874,0,7.35
102,2009,279,300,13.73,0,0,7.33
102,2009,279,400,13.73,0,0,8.47
102,2009,279,500,13.73,0,0,11
102,2009,279,600,13.74,0,0,10.33
102,2009,279,700,13.75,4.962,0,9.07
102,2009,279,800,13.75,322.53,.35,91
102,2009,279,900,13.75,771.67,.566,197.8
102,2009,279,1000,13.75,1423.4,.9,257.5
102,2009,279,1100,13.73,2246.5,.9,393.9
102,2009,279,1200,13.47,1965,.9,275.8
102,2009,279,1300,12.44,1600.7,.866,218.7
102,2009,279,1400,13.46,983.59,.95,439.1
102,2009,279,1500,13.44,646.65,.916,577.9
102,2009,279,1600,13.05,519.15,.966,688.3
102,2009,279,1700,13.56,429.87,1,664.9
102,2009,279,1800,13.57,266.9,.566,312.3
102,2009,279,1900,13.68,111.01,.383,96.5
102,2009,279,2000,13.68,0,0,7.29
102,2009,279,2100,13.7,0,0,7.3
102,2009,279,2200,13.7,0,0,7.27
102,2009,279,2300,13.73,0,0,7.27
101,2009,279,2400,12.44,11292,9.26
102,2009,279,2400,13.73,0,0,7.27
102,2009,280,100,13.75,0,0,7.27
102,2009,280,200,13.75,0,0,7.27
102,2009,280,300,13.75,0,0,7.27
102,2009,280,400,13.77,0,0,7.27
102,2009,280,500,13.77,0,0,7.27
102,2009,280,600,13.78,0,0,7.27
102,2009,280,700,12.77,4.1579,0,7.46
102,2009,280,800,12.8,188.19,0,20.74
102,2009,280,900,13.43,961.19,.783,346.4
102,2009,280,1000,12.81,2011.2,1,744
102,2009,280,1100,13.75,2728.8,1,734
102,2009,280,1200,13.73,3198.1,1,642.5
102,2009,280,1300,13.53,2297.4,.583,247.4
102,2009,280,1400,13.46,1231.2,.45,220.7
102,2009,280,1500,13.49,959.38,1,481.1
102,2009,280,1600,12.94,946.05,1,464.6
102,2009,280,1700,13.58,866.03,1,238.3
102,2009,280,1800,13.35,449.23,.117,49.45
102,2009,280,1900,13.67,31.868,0,7.42
102,2009,280,2000,13.7,0,0,9.3
102,2009,280,2100,13.17,0,0,9.99
102,2009,280,2200,13.75,0,0,10.46
102,2009,280,2300,13.75,0,0,9.73
101,2009,280,2400,12.77,15873,7.93
102,2009,280,2400,13.75,0,0,9.94
102,2009,281,100,13.76,0,0,8.87
102,2009,281,200,13.76,0,0,7.8
102,2009,281,300,13.77,0,0,7.77
102,2009,281,400,13.77,0,0,7.79
102,2009,281,500,13.77,0,0,7.71
102,2009,281,600,13.77,0,0,7.6
102,2009,281,700,13.78,.72812,0,8.58
102,2009,281,800,13.79,47.116,0,11.51
102,2009,281,900,12.58,88.359,0,11.1
102,2009,281,1000,12.65,760.79,0,9.47
102,2009,281,1100,13.8,1538.4,.017,14.42
102,2009,281,1200,13.64,2218.2,.05,21.03
102,2009,281,1300,12.94,2288.6,.15,48.47
102,2009,281,1400,13.51,1808.6,1,458
102,2009,281,1500,13.47,1274.9,.933,402.2
102,2009,281,1600,13.35,742.78,1,668.7
102,2009,281,1700,13.59,476.97,1,427.2
102,2009,281,1800,13.61,384.31,.4,116.5
102,2009,281,1900,13.38,105.9,.067,31.67
102,2009,281,2000,13.23,0,0,7.29
102,2009,281,2100,13.11,.19158,0,7.59
102,2009,281,2200,13.02,0,0,8.66
102,2009,281,2300,12.93,0,0,9.7
101,2009,281,2400,12.58,11736,4.615
102,2009,281,2400,12.87,0,0,9.07
102,2009,282,100,12.82,0,0,7.28
102,2009,282,200,12.79,0,0,7.43
102,2009,282,300,12.78,0,0,7.36
102,2009,282,400,12.78,0,0,7.36
102,2009,282,500,12.79,0,0,7.25
102,2009,282,600,12.79,0,0,7.34
102,2009,282,700,12.8,4.1098,0,7.31
102,2009,282,800,12.83,208.37,0,11.02
102,2009,282,900,12.73,701.88,.033,53.89
102,2009,282,1000,13.66,1163,.267,67.24
102,2009,282,1100,13.78,2079.5,.95,323.6
102,2009,282,1200,13.76,2900.2,1,492.3
102,2009,282,1300,13.74,3248.1,1,457.4
102,2009,282,1400,13.72,1922.1,.816,386.6
102,2009,282,1500,13.7,682.29,.95,587.2
102,2009,282,1600,13.69,652.35,.733,550
102,2009,282,1700,13.69,584.66,.3,165.8
102,2009,282,1800,13.7,118.56,0,10.91
102,2009,282,1900,13.75,12.377,0,9.78
102,2009,282,2000,13.77,.0479,0,9.27
102,2009,282,2100,13.77,.0479,0,9.1
102,2009,282,2200,13.77,.00958,0,8.03
102,2009,282,2300,13.77,.03832,0,7.44
101,2009,282,2400,12.73,14278,6.048
102,2009,282,2400,13.78,0,0,7.36
102,2009,283,100,13.78,0,0,7.32
102,2009,283,200,13.78,0,0,7.53
102,2009,283,300,13.79,0,0,7.46
102,2009,283,400,13.8,0,0,7.58
102,2009,283,500,13.8,0,0,7.59
102,2009,283,600,13.8,0,0,7.27
102,2009,283,700,13.8,1.7628,0,7.4
102,2009,283,800,13.81,159.4,0,7.42
102,2009,283,900,13.7,449.06,0,7.54
102,2009,283,1000,12.55,1052.5,.067,24.76
102,2009,283,1100,13.67,1357.4,0,7.79
102,2009,283,1200,13.51,1926.3,.083,28.94
102,2009,283,1300,12.71,1939.5,0,7.97
102,2009,283,1400,13.52,2068.7,.033,23.41
102,2009,283,1500,13.5,841.47,.95,507.8
102,2009,283,1600,13.27,1189.1,.95,548.3
102,2009,283,1700,13.61,893.19,.55,332.1
102,2009,283,1800,13.62,575.6,0,7.63
102,2009,283,1900,13.73,190.1,0,9.03
102,2009,283,2000,13.75,0,0,7.54
102,2009,283,2100,13.77,0,0,9.88
102,2009,283,2200,13.79,0,0,8.69
102,2009,283,2300,12.99,0,0,7.96
101,2009,283,2400,12.55,12644,2.632
102,2009,283,2400,12.98,0,0,7.79
102,2009,284,100,13.79,0,0,7.45
102,2009,284,200,13.79,0,0,7.32
102,2009,284,300,13.79,0,0,7.36
102,2009,284,400,13.8,0,0,9.25
102,2009,284,500,13.8,0,0,10.74
102,2009,284,600,13.8,0,0,10.9
102,2009,284,700,13.8,3.0561,0,10.69
102,2009,284,800,13.8,304.83,.417,148.2
102,2009,284,900,13.8,1221.1,1,637.2
102,2009,284,1000,13.79,1602,.833,472.3
102,2009,284,1100,13.77,2785.8,.983,678.3
102,2009,284,1200,13.75,2884.9,.75,516.6
102,2009,284,1300,13.49,3055.5,.7,348.5
102,2009,284,1400,13.43,2679,.8,399.1
102,2009,284,1500,13.61,1504.7,1,543.8
102,2009,284,1600,13.05,523.26,1,760
102,2009,284,1700,13.51,339.55,1,680.1
102,2009,284,1800,13.61,387.5,1,416.4
102,2009,284,1900,13.7,119.34,.4,126.5
102,2009,284,2000,13.7,0,0,7.31
102,2009,284,2100,13.72,0,0,7.27
102,2009,284,2200,13.72,.00958,0,7.27
102,2009,284,2300,13.73,.01916,0,7.27
101,2009,284,2400,13.05,17411,9.88
102,2009,284,2400,13.75,0,0,7.27
102,2009,285,100,13.75,0,0,7.27
102,2009,285,200,13.75,0,0,7.27
102,2009,285,300,13.76,0,0,7.27
102,2009,285,400,13.76,0,0,8.12
102,2009,285,500,13.77,0,0,11.16
102,2009,285,600,13.77,0,0,12.63
102,2009,285,700,13.78,5.7483,0,11.88
102,2009,285,800,13.79,355.32,.45,148
102,2009,285,900,13.78,871.44,1,435.5
102,2009,285,1000,12.85,1012.9,.283,83.5
102,2009,285,1100,13.62,2093.8,.466,271.5
102,2009,285,1200,13.6,3468,1,750
102,2009,285,1300,13.36,3766.3,1,583.7
102,2009,285,1400,13.6,3242,1,601.8
102,2009,285,1500,13.57,1072.7,1,710
102,2009,285,1600,13.21,340.59,1,820
102,2009,285,1700,13.44,303.62,1,709
102,2009,285,1800,13.55,181.86,1,507.6
102,2009,285,1900,13.39,55.212,.516,152
102,2009,285,2000,13.23,0,0,7.33
102,2009,285,2100,13.12,0,0,7.28
102,2009,285,2200,13.02,0,0,7.27
102,2009,285,2300,12.93,0,0,7.29
101,2009,285,2400,12.85,16770,9.71
102,2009,285,2400,12.86,.07664,0,7.27
102,2009,286,100,12.81,0,0,7.27
102,2009,286,200,12.78,0,0,7.27
102,2009,286,300,12.78,0,0,7.33
102,2009,286,400,12.78,0,0,7.99
102,2009,286,500,12.78,0,0,7.43
102,2009,286,600,12.76,0,0,7.36
102,2009,286,700,12.66,4.771,0,7.71
102,2009,286,800,12.53,323.11,.417,200.9
102,2009,286,900,12.72,1236.1,1,689.5
102,2009,286,1000,13,2159.5,1,821
102,2009,286,1100,13.61,2905.7,.5,409.2
102,2009,286,1200,13.62,3449,0,-.231
102,2009,286,1300,13.24,3726.7,0,-.231
102,2009,286,1400,13.55,3474.6,0,-.264
102,2009,286,1500,13.56,1462.8,0,-.215
102,2009,286,1600,12.9,329.73,0,-.242
102,2009,286,1700,13.55,255.26,0,-.204
102,2009,286,1800,13.18,179.54,0,-.253
102,2009,286,1900,12.6,58.353,0,-.264
102,2009,286,2000,12.8,0,0,-.253
102,2009,286,2100,12.8,0,0,-.253
102,2009,286,2200,12.8,0,0,-.259
102,2009,286,2300,12.79,0,0,-.253
101,2009,286,2400,12.53,19565,2.915
102,2009,286,2400,12.78,.00958,0,-.253
102,2009,287,100,12.78,.00958,0,-.292
102,2009,287,200,12.78,0,0,-.248
102,2009,287,300,12.77,0,0,-.253
102,2009,287,400,12.77,0,0,-.374
102,2009,287,500,12.76,0,0,-.424
102,2009,287,600,12.76,0,0,-.485
102,2009,287,700,12.76,4.723,0,-.479
102,2009,287,800,12.79,311.48,0,-.33
102,2009,287,900,12.84,1212.6,0,-.231
102,2009,287,1000,12.92,2123.3,0,-.231
102,2009,287,1100,13.61,2925.4,0,-.204
102,2009,287,1200,13.61,2995.7,0,-.215
102,2009,287,1300,13.44,2149.4,0,-.237
102,2009,287,1400,13.46,344.15,0,-.193
102,2009,287,1500,13.56,346.48,0,-.237
102,2009,287,1600,13.53,581.14,0,-.226
102,2009,287,1700,13.56,1426.8,0,-.193
102,2009,287,1800,13.14,1080.4,0,-.204
102,2009,287,1900,12.61,155.23,0,-.215
102,2009,287,2000,13.63,0,0,-.242
102,2009,287,2100,13.65,0,0,-.264
102,2009,287,2200,13.65,0,0,-.253
102,2009,287,2300,13.66,0,0,-.264
101,2009,287,2400,12.61,15657,0
102,2009,287,2400,13.67,0,0,-.286
102,2009,288,100,13.68,0,0,-.242
102,2009,288,200,13.68,0,0,-.231
102,2009,288,300,13.7,0,0,-.27
102,2009,288,400,13.7,0,0,-.231
102,2009,288,500,13.72,0,0,-.231
102,2009,288,600,13.72,0,0,-.303
102,2009,288,700,13.73,4.3298,0,-.259
102,2009,288,800,13.74,169.76,0,-.264
102,2009,288,900,13.74,377.76,0,-.231
102,2009,288,1000,13.73,455.74,0,-.242
102,2009,288,1100,13.72,539.64,0,-.242
102,2009,288,1200,13.7,655.16,0,-.231
102,2009,288,1300,13.68,911.43,0,-.209
102,2009,288,1400,13.66,1359.1,0,-.209
102,2009,288,1500,13.65,1189,0,-.209
102,2009,288,1600,13.65,922.16,0,-.231
102,2009,288,1700,13.64,1110.7,0,-.226
102,2009,288,1800,13.63,607.75,0,-.407
102,2009,288,1900,13.65,30.604,0,-.281
102,2009,288,2000,13.68,0,0,-.253
102,2009,288,2100,13.7,0,0,-.215
102,2009,288,2200,13.7,0,0,-.248
102,2009,288,2300,13.71,0,0,-.242
101,2009,288,2400,13.63,8333.1,0
102,2009,288,2400,13.72,0,0,-.226
102,2009,289,100,13.72,0,0,-.209
102,2009,289,200,13.73,0,0,-.242
102,2009,289,300,13.74,0,0,-.231
102,2009,289,400,13.75,0,0,-.226
102,2009,289,500,13.75,0,0,-.22
102,2009,289,600,13.76,0,0,-.451
102,2009,289,700,13.77,4.7227,0,-.534
102,2009,289,800,13.77,230.05,0,-.435
102,2009,289,900,13.45,563.76,0,-.237
102,2009,289,1000,13.63,1007,0,-.242
102,2009,289,1100,13.5,1108.1,0,-.204
102,2009,289,1200,13.43,1067.5,0,-.209
102,2009,289,1300,12.34,901.78,0,-.193
102,2009,289,1400,13.46,1057.1,0,-.231
102,2009,289,1500,13.44,995.14,0,-.209
102,2009,289,1600,12.42,817.59,0,-.231
102,2009,289,1700,13.05,567.4,0,-.33
102,2009,289,1800,13.21,39.955,0,-.44
102,2009,289,1900,13.17,10.173,0,-.259
102,2009,289,2000,13.07,.03832,0,-.385
102,2009,289,2100,12.98,0,0,-.451
102,2009,289,2200,12.9,0,0,-.407
102,2009,289,2300,12.85,0,0,-.187
101,2009,289,2400,12.34,8370.4,0
102,2009,289,2400,12.8,0,0,-.6
102,2009,290,100,12.77,0,0,-.529
102,2009,290,200,12.77,0,0,-.523
102,2009,290,300,12.77,0,0,-.501
102,2009,290,400,12.78,0,0,-.551
102,2009,290,500,12.77,0,0,-.518
102,2009,290,600,12.77,0,0,-.54
102,2009,290,700,12.77,3.3722,0,-.562
102,2009,290,800,12.79,186.1,0,-.512
102,2009,290,900,13.57,478.82,0,-.231
102,2009,290,1000,13.33,766.85,0,-.242
102,2009,290,1100,13.57,892.76,0,-.259
102,2009,290,1200,13.61,988.71,0,-.231
102,2009,290,1300,13.6,925.84,0,-.231
102,2009,290,1400,13.6,1122.8,0,-.226
102,2009,290,1500,13.61,1313.1,0,-.226
102,2009,290,1600,13.61,591.57,0,-.49
102,2009,290,1700,13.61,108.46,0,-.33
102,2009,290,1800,13.51,44.563,0,-.281
102,2009,290,1900,13.33,11.735,0,-.308
102,2009,290,2000,13.19,0,0,-.275
102,2009,290,2100,13.1,0,0,-.226
102,2009,290,2200,13,.22032,0,-.22
102,2009,290,2300,12.92,.29697,0,-.242
101,2009,290,2400,12.77,7435.2,0
102,2009,290,2400,12.85,0,0,-.226
102,2009,291,100,12.81,0,0,-.248
102,2009,291,200,12.78,0,0,-.407
102,2009,291,300,12.77,0,0,-.457
102,2009,291,400,12.77,0,0,-.507
102,2009,291,500,12.77,0,0,-.54
102,2009,291,600,12.77,0,0,-.567
102,2009,291,700,12.77,3.1423,0,-.54
102,2009,291,800,12.51,140.2,0,-.556
102,2009,291,900,13.3,532.43,0,-.38
102,2009,291,1000,13.63,643.44,0,-.248
102,2009,291,1100,13.57,415.23,0,-.264
102,2009,291,1200,13.53,504.74,0,-.264
102,2009,291,1300,12.74,863.77,0,-.237
102,2009,291,1400,13.52,955.05,0,-.226
102,2009,291,1500,13.48,795.85,0,-.204
102,2009,291,1600,13.14,836.66,0,-.253
102,2009,291,1700,13.43,748.59,0,-.226
102,2009,291,1800,13.61,434.98,0,-.253
102,2009,291,1900,13.67,70.649,0,-.193
102,2009,291,2000,13.67,0,0,-.215
102,2009,291,2100,13.67,.0479,0,-.209
102,2009,291,2200,13.68,0,0,-.253
102,2009,291,2300,13.68,0,0,-.253
101,2009,291,2400,12.51,6944.8,0
102,2009,291,2400,13.68,0,0,-.226
102,2009,292,100,13.68,0,0,-.226
102,2009,292,200,13.69,0,0,-.358
102,2009,292,300,13.7,0,0,-.413
102,2009,292,400,13.71,0,0,-.435
102,2009,292,500,13.72,0,0,-.374
102,2009,292,600,13.72,0,0,-.474
102,2009,292,700,13.72,1.4179,0,-.474
102,2009,292,800,13.72,147.82,0,-.424
102,2009,292,900,13.73,528.2,0,-.248
102,2009,292,1000,13.75,951.91,0,-.242
102,2009,292,1100,13.75,1524.1,0,-.264
102,2009,292,1200,13.73,1262.2,0,-.226
102,2009,292,1300,13.72,1382.2,0,-.275
102,2009,292,1400,13.71,1198.7,0,-.204
102,2009,292,1500,13.7,671.34,0,-.253
102,2009,292,1600,13.69,657.57,0,-.226
102,2009,292,1700,13.68,494.82,0,-.242
102,2009,292,1800,13.68,251.93,0,-.22
102,2009,292,1900,13.7,11.639,0,-.274
102,2009,292,2000,13.7,0,0,-.264
102,2009,292,2100,13.71,0,0,-.259
102,2009,292,2200,13.72,0,0,-.253
102,2009,292,2300,13.72,0,0,-.204
101,2009,292,2400,13.7,11.639,0
102,2009,292,2400,13.73,0,0,-.231
102,2009,293,100,13.73,0,0,-.248
102,2009,293,200,13.73,0,0,-.391
102,2009,293,300,13.74,0,0,-.424
102,2009,293,400,13.74,0,0,-.49
102,2009,293,500,13.75,0,0,-.496
102,2009,293,600,13.77,0,0,-.396
102,2009,293,700,13.78,5.8632,0,-.429
102,2009,293,800,13.78,311.83,0,-.396
102,2009,293,900,13.78,798.94,0,-.253
102,2009,293,1000,13.77,900.02,0,-.242
102,2009,293,1100,13.75,500.5,0,-.242
102,2009,293,1200,13.73,362.61,0,-.204
102,2009,293,1300,13.71,511.8,0,-.22
102,2009,293,1400,13.69,713.97,0,-.248
102,2009,293,1500,13.68,737.24,0,-.27
102,2009,293,1600,13.67,587.99,0,-.248
102,2009,293,1700,13.67,632.44,0,-.198
102,2009,293,1800,13.67,416.72,0,-.259
102,2009,293,1900,13.68,106.18,0,-.281
102,2009,293,2000,13.68,0,0,-.286
102,2009,293,2100,13.7,0,0,-.281
102,2009,293,2200,13.72,0,0,-.248
102,2009,293,2300,13.74,0,0,-.242
101,2009,293,2400,13.67,6586.1,0
102,2009,293,2400,13.74,0,0,-.237
102,2009,294,100,13.74,0,0,-.281
102,2009,294,200,13.75,0,0,-.226
102,2009,294,300,13.75,0,0,-.242
102,2009,294,400,13.76,0,0,-.281
102,2009,294,500,13.77,0,0,-.281
102,2009,294,600,13.78,0,0,-.275
102,2009,294,700,13.79,7.3098,0,-.292
102,2009,294,800,13.79,222.38,0,-.264
102,2009,294,900,13.79,799.54,0,-.297
102,2009,294,1000,13.77,1201.9,0,-.242
102,2009,294,1100,13.76,852.42,0,-.242
102,2009,294,1200,13.74,339.46,0,-.226
102,2009,294,1300,13.72,509.11,0,-.237
102,2009,294,1500,13.68,563.19,0,-.234
102,2009,294,1600,13.69,788.6,0,-.27
102,2009,294,1700,13.69,591.73,0,-.248
102,2009,294,1800,13.69,330.5,0,-.253
102,2009,294,1900,13.69,107.76,0,-.248
102,2009,294,2000,13.7,0,0,-.281
102,2009,294,2100,13.72,0,0,-.27
102,2009,294,2200,13.73,0,0,-.253
102,2009,294,2300,13.74,0,0,-.27
101,2009,294,2400,13.68,2381.8,0
102,2009,294,2400,13.75,0,0,-.264
102,2009,295,100,13.75,0,0,-.253
102,2009,295,200,13.76,0,0,-.248
102,2009,295,300,13.77,0,0,-.275
102,2009,295,400,13.79,0,0,-.259
102,2009,295,500,13.79,0,0,-.275
102,2009,295,600,13.79,0,0,-.264
102,2009,295,700,13.79,2.6345,0,-.253
102,2009,295,800,13.79,140.63,0,-.259
102,2009,295,900,13.79,667.25,0,-.259
102,2009,295,1000,13.77,1456.3,0,-.242
102,2009,295,1100,13.77,69.488,0,-.33
102,2009,295,1200,13.73,1926.7,0,-.16
102,2009,295,1300,13.72,1715.4,0,-.22
102,2009,295,1400,13.7,1018.3,0,-.248
102,2009,295,1500,13.7,475.45,0,-.248
102,2009,295,1600,13.72,619.52,0,-.198
102,2009,295,1700,13.7,192.3,0,-.224
102,2009,295,1800,13.7,273.62,0,-.193
102,2009,295,1900,13.7,67.263,0,-.237
102,2009,295,2000,13.7,0,0,-.187
102,2009,295,2100,13.72,0,0,-.231
102,2009,295,2200,13.72,0,0,-.275
102,2009,295,2300,13.77,0,0,-.33
101,2009,295,2400,13.74,0,0
102,2009,295,2400,13.74,0,0,-.27
102,2009,296,100,13.75,0,0,-.281
102,2009,296,200,13.76,0,0,-.253
102,2009,296,300,13.77,0,0,-.275
102,2009,296,400,13.77,0,0,-.259
102,2009,296,500,13.77,0,0,-.259
102,2009,296,600,13.78,0,0,-.286
102,2009,296,700,13.78,3.7168,0,-.33
102,2009,296,800,13.79,157.06,0,-.242
102,2009,296,900,13.79,610.99,0,-.259
102,2009,296,1000,13.78,981.88,0,-.215
102,2009,296,1100,13.51,1746.1,0,-.248
102,2009,296,1200,13.75,1260.8,0,-.242
102,2009,296,1300,13.73,1294.6,0,-.237
102,2009,296,1400,13.72,883.93,0,-.231
102,2009,296,1500,13.69,878.39,0,-.226
102,2009,296,1600,12.49,621.84,0,-.303
102,2009,296,1700,13.53,428.02,0,-.242
102,2009,296,1800,12.58,183.52,0,-.286
102,2009,296,1900,13.01,57.87,0,-.253
102,2009,296,2000,13.73,0,0,-.259
102,2009,296,2100,13.74,0,0,-.231
102,2009,296,2200,13.74,0,0,-.231
102,2009,296,2300,13.75,0,0,-.253
101,2009,296,2400,12.49,9108.7,0
102,2009,296,2400,13.76,0,0,-.226
102,2009,297,100,13.77,0,0,-.374
102,2009,297,200,13.77,.01916,0,-.341
102,2009,297,300,13.77,0,0,-.418
102,2009,297,400,13.77,0,0,-.495
102,2009,297,500,13.78,0,0,-.556
102,2009,297,600,13.79,0,0,-.545
102,2009,297,700,13.79,5.422,0,-.534
102,2009,297,800,13.79,253.69,0,-.402
102,2009,297,900,13.78,959.26,0,-.275
102,2009,297,1000,13.77,1868.2,0,-.226
102,2009,297,1100,13.75,1957.1,0,-.237
102,2009,297,1200,13.74,1083.3,0,-.226
102,2009,297,1300,13.72,852.27,0,-.22
102,2009,297,1400,13.71,890.4,0,-.264
102,2009,297,1500,13.7,737.98,0,-.319
102,2009,297,1600,13.71,348.14,0,-.495
102,2009,297,1700,13.72,382.01,0,-.286
102,2009,297,1800,13.74,350.84,0,-.22
102,2009,297,1900,13.14,101.41,0,-.308
102,2009,297,2000,13.74,0,0,-.495
102,2009,297,2100,13.75,0,0,-.391
102,2009,297,2200,13.75,0,0,-.297
102,2009,297,2300,13.75,0,0,-.248
101,2009,297,2400,13.14,9790.1,0
102,2009,297,2400,13.76,0,0,-.264
102,2009,298,100,13.77,0,0,-.501
102,2009,298,200,13.77,0,0,-.666
102,2009,298,300,13.77,0,0,-.506
102,2009,298,400,13.77,0,0,-.567
102,2009,298,500,13.78,0,0,-.518
102,2009,298,600,13.79,0,0,-.545
102,2009,298,700,13.8,3.4105,0,-.49
102,2009,298,800,13.8,181.97,0,-.622
102,2009,298,900,13.79,1252.3,0,-.33
102,2009,298,1000,13.77,1914.1,0,-.248
102,2009,298,1100,13.75,2370.7,0,-.231
102,2009,298,1200,13.74,1563.3,0,-.253
102,2009,298,1300,13.72,860.95,0,-.215
102,2009,298,1400,13.71,910.37,0,-.237
102,2009,298,1500,13.7,608.56,0,-.198
102,2009,298,1600,13.68,735.7,0,-.209
102,2009,298,1700,13.69,554.69,0,-.259
102,2009,298,1800,13.7,213.37,0,-.369
102,2009,298,1900,13.71,68.426,0,-.264
102,2009,298,2000,13.72,0,0,-.248
102,2009,298,2100,13.73,0,0,-.248
102,2009,298,2200,13.74,0,0,-.237
102,2009,298,2300,13.74,0,0,-.275
101,2009,298,2400,13.68,11238,0
102,2009,298,2400,13.75,0,0,-.253
102,2009,299,100,13.75,0,0,-.259
102,2009,299,200,13.75,0,0,-.237
102,2009,299,300,13.77,0,0,-.534
102,2009,299,400,13.77,0,0,-.49
102,2009,299,500,13.77,0,0,-.501
102,2009,299,600,13.77,0,0,-.545
102,2009,299,700,13.78,6.2169,0,-.562
102,2009,299,800,13.78,187.53,0,-.49
102,2009,299,900,13.78,649.65,0,-.248
102,2009,299,1000,13.79,1872.8,0,-.198
102,2009,299,1100,13.78,2049.6,0,-.259
102,2009,299,1200,13.75,2069.6,0,-.27
102,2009,299,1300,13.74,1663.1,0,-.231
102,2009,299,1400,13.72,1077.6,0,-.242
102,2009,299,1500,13.41,595.91,0,-.292
102,2009,299,1600,13.16,717.43,0,-.292
102,2009,299,1700,12.61,168.74,0,-1.195
102,2009,299,1800,13.76,27.723,0,-.611
102,2009,299,1900,13.77,12.482,0,-.523
102,2009,299,2000,13.77,0,0,-.473
102,2009,299,2100,13.77,0,0,-.528
102,2009,299,2200,13.77,0,0,-.54
102,2009,299,2300,13.77,0,0,-.562
101,2009,299,2400,12.61,11098,0
102,2009,299,2400,13.78,0,0,-.578
102,2009,300,100,13.79,0,0,-.584
102,2009,300,200,13.79,0,0,-.573
102,2009,300,300,13.8,0,0,-.65
102,2009,300,400,13.81,0,0,-.556
102,2009,300,500,13.82,0,0,-.606
102,2009,300,600,13.82,0,0,-.551
102,2009,300,700,13.82,7.9133,0,-.529
102,2009,300,800,13.82,269.95,0,-.573
102,2009,300,900,13.82,1039.9,0,-.347
102,2009,300,1000,13.82,1829.8,0,-.303
102,2009,300,1100,13.8,2197.4,0,-.275
102,2009,300,1200,13.78,2202.1,0,-.281
102,2009,300,1300,13.75,1395.9,0,-.209
102,2009,300,1400,13.74,876.21,0,-.204
102,2009,300,1500,13.73,740.57,0,-.237
102,2009,300,1600,12.77,719.32,0,-.231
102,2009,300,1700,12.98,726.19,0,-.297
102,2009,300,1800,12.67,456.15,0,-.325
102,2009,300,1900,13.2,82.335,0,-.248
102,2009,300,2000,13.74,0,0,-.242
102,2009,300,2100,13.74,0,0,-.231
102,2009,300,2200,13.75,0,0,-.237
102,2009,300,2300,13.75,0,0,-.248
101,2009,300,2400,12.67,12544,0
102,2009,300,2400,13.75,0,0,-.281
102,2009,301,100,13.76,0,0,-.264
102,2009,301,200,13.77,0,0,-.259
102,2009,301,300,13.78,0,0,-.396
102,2009,301,400,13.79,0,0,-.507
102,2009,301,500,13.8,0,0,-.507
102,2009,301,600,13.8,0,0,-.501
102,2009,301,700,13.8,4.3304,0,-.534
102,2009,301,800,13.8,252.61,0,-.319
102,2009,301,900,13.8,1184.7,0,-.242
102,2009,301,1000,13.78,2085.1,0,-.248
102,2009,301,1100,13.75,2452.1,0,-.264
102,2009,301,1200,13.75,1307.1,0,-.259
102,2009,301,1300,13.73,1310.9,0,-.231
102,2009,301,1400,13.72,755.01,0,-.187
102,2009,301,1500,13.7,706.65,0,-.22
102,2009,301,1600,13.71,673.97,0,-.259
102,2009,301,1700,13.75,492.15,0,-.253
102,2009,301,1800,13.74,271.35,0,-.264
102,2009,301,1900,13.74,47.188,0,-.259
102,2009,301,2000,13.75,0,0,-.264
102,2009,301,2100,13.76,0,0,-.259
102,2009,301,2200,13.77,0,0,-.215
102,2009,301,2300,13.77,0,0,-.226
101,2009,301,2400,13.7,11543,0
102,2009,301,2400,13.78,0,0,-.358
102,2009,302,100,13.79,0,0,-.6
102,2009,302,200,13.79,0,0,-.567
102,2009,302,300,13.79,0,0,-.595
102,2009,302,400,13.79,0,0,-.584
102,2009,302,500,13.8,0,0,-.578
102,2009,302,600,13.8,0,0,-.562
102,2009,302,700,13.8,4.1483,0,-.595
102,2009,302,800,13.81,252.74,0,-.297
102,2009,302,900,13.81,1050.7,0,-.374
102,2009,302,1000,13.8,1837.2,0,-.231
102,2009,302,1100,13.78,2339.9,0,-.259
102,2009,302,1200,13.76,2912.6,0,-.209
102,2009,302,1300,13.75,2080.1,0,-.264
102,2009,302,1400,13.73,1550.3,0,-.259
102,2009,302,1500,13.73,356.72,0,-.545
102,2009,302,1600,13.8,34.181,0,-.76
102,2009,302,1700,13.8,53.076,0,-.655
102,2009,302,1800,13.81,32.842,0,-.534
102,2009,302,1900,13.81,17.417,0,-.584
102,2009,302,2000,13.8,0,0,-.501
102,2009,302,2100,13.81,0,0,-.534
102,2009,302,2200,13.82,0,0,-.567
102,2009,302,2300,13.82,0,0,-.545
101,2009,302,2400,13.73,12522,0
102,2009,302,2400,13.82,0,0,-.534
102,2009,303,100,13.82,0,0,-.589
102,2009,303,200,13.81,0,0,-.529
102,2009,303,300,13.81,0,0,-.6
102,2009,303,400,13.82,0,0,-.534
102,2009,303,500,13.82,0,0,-.578
102,2009,303,600,13.82,0,0,-.573
102,2009,303,700,13.82,3.8704,0,-.556
102,2009,303,800,12.6,288.79,0,-.523
102,2009,303,900,13.82,1230.8,0,-.259
102,2009,303,1000,13.81,2098.2,0,-.264
102,2009,303,1100,13.79,2828.2,0,-.226
102,2009,303,1200,13.61,3459.2,0,-.286
102,2009,303,1300,12.76,1898.3,0,-.248
102,2009,303,1400,13.74,935.69,0,-.231
102,2009,303,1500,13.72,846.02,0,-.253
102,2009,303,1600,13.72,583.47,0,-.22
102,2009,303,1700,13.7,369.2,0,-.215
102,2009,303,1800,13.7,462.47,0,-.253
102,2009,303,1900,13.7,71.9,0,-.253
102,2009,303,2000,13.73,0,0,-.275
102,2009,303,2100,13.73,0,0,-.231
102,2009,303,2200,13.74,0,0,-.264
102,2009,303,2300,13.75,0,0,-.253
101,2009,303,2400,12.6,15076,0
102,2009,303,2400,13.75,0,0,-.253
102,2009,304,100,13.75,0,0,-.226
102,2009,304,200,13.77,0,0,-.396
102,2009,304,300,13.77,0,0,-.529
102,2009,304,400,13.78,0,0,-.606
102,2009,304,500,13.79,0,0,-.529
102,2009,304,600,13.79,0,0,-.578
102,2009,304,700,13.8,5.6237,0,-.617
102,2009,304,800,13.8,236.7,0,-.622
102,2009,304,900,13.79,1220.1,0,-.303
102,2009,304,1000,13.78,2121.9,0,-.231
102,2009,304,1100,13.76,2872,0,-.231
102,2009,304,1200,13.74,3402.5,0,-.22
102,2009,304,1300,13.72,2786.6,0,-.237
102,2009,304,1400,13.38,1014.9,0,-.237
102,2009,304,1500,13.23,581.64,0,-.292
102,2009,304,1600,13.28,439.08,0,-.286
102,2009,304,1700,13.68,330.07,0,-.193
102,2009,304,1800,13.68,263.33,0,-.204
102,2009,304,1900,13.68,73.305,0,-.237
102,2009,304,2000,13.69,0,0,-.193
102,2009,304,2100,13.7,0,0,-.231
102,2009,304,2200,13.72,0,0,-.237
102,2009,304,2300,13.73,0,0,-.237
101,2009,304,2400,13.23,15348,0
102,2009,304,2400,13.75,0,0,-.248
102,2009,305,100,13.75,0,0,-.22
102,2009,305,200,13.77,0,0,-.242
102,2009,305,300,13.77,0,0,-.226
102,2009,305,400,13.78,0,0,-.259
102,2009,305,500,13.79,0,0,-.429
102,2009,305,600,13.8,0,0,-.413
102,2009,305,700,13.8,3.1519,0,-.237
102,2009,305,800,13.82,237.89,0,-.259
102,2009,305,900,13.8,1240.7,0,-.248
102,2009,305,1000,13.78,1989.1,0,-.237
102,2009,305,1100,13.76,2889.3,0,-.27
102,2009,305,1200,13.73,3447.2,0,-.27
102,2009,305,1300,13.72,3161.6,0,-.248
102,2009,305,1400,13.7,1070.8,0,-.259
102,2009,305,1500,13.68,472.23,0,-.237
102,2009,305,1600,13.67,367.43,0,-.215
102,2009,305,1700,13.66,424.89,0,-.204
102,2009,305,1800,13.66,253.83,0,-.231
102,2009,305,1900,13.66,71.802,0,-.242
102,2009,305,2000,13.68,0,0,-.231
102,2009,305,2100,13.7,0,0,-.248
102,2009,305,2200,13.71,0,0,-.204
102,2009,305,2300,13.72,0,0,-.275
101,2009,305,2400,13.66,15630,0
102,2009,305,2400,13.74,0,0,-.242
102,2009,306,100,13.74,0,0,-.396
102,2009,306,200,13.75,0,0,-.468
102,2009,306,300,13.75,0,0,-.484
102,2009,306,400,13.77,0,0,-.308
102,2009,306,500,13.78,0,0,-.264
102,2009,306,600,12.79,0,0,-.264
102,2009,306,700,12.79,6.2944,0,-.435
102,2009,306,800,13.8,247.98,0,-.391
102,2009,306,900,13.78,1168.6,0,-.237
102,2009,306,1000,13.77,2073.7,0,-.204
102,2009,306,1100,13.75,2774.6,0,-.253
102,2009,306,1200,13.73,3364,0,-.237
102,2009,306,1300,13.71,3317.4,0,-.237
102,2009,306,1400,13.69,1560.4,0,-.275
102,2009,306,1500,13.68,621.14,0,-.275
102,2009,306,1600,13.66,551.92,0,-.22
102,2009,306,1700,13.66,546.5,0,-.215
102,2009,306,1800,13.66,398.4,0,-.248
102,2009,306,1900,12.64,59.503,0,-.281
102,2009,306,2000,12.86,0,0,-.259
102,2009,306,2100,12.83,0,0,-.209
102,2009,306,2200,12.82,0,0,-.226
102,2009,306,2300,12.82,0,0,-.231
101,2009,306,2400,12.64,16690,0
102,2009,306,2400,12.81,0,0,-.237
102,2009,307,100,12.81,0,0,-.259
102,2009,307,200,12.81,0,0,-.264
102,2009,307,300,12.8,0,0,-.237
102,2009,307,400,12.8,0,0,-.286
102,2009,307,500,12.8,0,0,-.231
102,2009,307,600,12.8,0,0,-.275
102,2009,307,700,12.79,4.6752,0,-.259
102,2009,307,800,12.83,184.76,0,-.253
102,2009,307,900,13.5,590.56,0,-.275
102,2009,307,1000,13.56,1202.5,0,-.22
102,2009,307,1100,13.49,1920.1,0,-.259
102,2009,307,1200,13.46,1971.1,0,-.22
102,2009,307,1300,13.23,3136.3,0,-.226
102,2009,307,1400,13.36,1287.7,0,-.226
102,2009,307,1500,12.63,901.8,0,-.325
102,2009,307,1600,12.41,264.72,0,-.457
102,2009,307,1700,12.59,255.22,0,-.253
102,2009,307,1800,12.63,216.2,0,-.215
102,2009,307,1900,13.01,48.558,0,-.248
102,2009,307,2000,12.93,0,0,-.259
102,2009,307,2100,12.89,0,0,-.237
102,2009,307,2200,12.87,0,0,-.275
102,2009,307,2300,12.85,0,0,-.253
101,2009,307,2400,12.41,11984,0
102,2009,307,2400,12.84,0,0,-.275
102,2009,308,100,12.83,0,0,-.308
102,2009,308,200,12.82,0,0,-.534
102,2009,308,300,12.81,0,0,-.518
102,2009,308,400,12.81,0,0,-.573
102,2009,308,500,12.81,0,0,-.589
102,2009,308,600,12.81,0,0,-.606
102,2009,308,700,12.8,5.0105,0,-.578
102,2009,308,800,12.82,170.29,0,-.49
102,2009,308,900,13.31,679.47,0,-.27
102,2009,308,1000,13.7,2248.8,0,-.226
102,2009,308,1100,13.73,2017.2,0,-.242
102,2009,308,1200,13.71,2107.1,0,-.253
102,2009,308,1300,13.69,3263.9,0,-.187
102,2009,308,1400,13.67,2012.2,0,-.259
102,2009,308,1500,13.66,1216.8,0,-.209
102,2009,308,1600,13.66,489.87,0,-.396
102,2009,308,1700,13.69,373.7,0,-.27
102,2009,308,1800,13.69,278.76,0,-.237
102,2009,308,1900,13.69,24.323,0,-.226
102,2009,308,2000,13.7,0,0,-.226
102,2009,308,2100,13.7,0,0,-.275
102,2009,308,2200,13.73,0,0,-.578
102,2009,308,2300,13.73,0,0,-.506
101,2009,308,2400,12.8,14887,0
102,2009,308,2400,13.74,0,0,-.479
102,2009,309,100,13.74,0,0,-.501
102,2009,309,200,13.75,0,0,-.473
102,2009,309,300,13.75,0,0,-.413
102,2009,309,400,13.77,0,0,-.27
102,2009,309,500,13.77,0,0,-.242
102,2009,309,600,13.78,0,0,-.253
102,2009,309,700,13.8,2.5005,0,-.292
102,2009,309,800,13.79,142.72,0,-.248
102,2009,309,900,13.79,596.9,0,-.264
102,2009,309,1000,13.78,756.13,0,-.22
102,2009,309,1100,13.77,1180.6,0,-.264
102,2009,309,1200,13.75,1779.5,0,-.237
102,2009,309,1300,13.74,1606.7,0,-.259
102,2009,309,1400,13.73,1650.5,0,-.226
102,2009,309,1500,13.46,1185.2,0,-.242
102,2009,309,1600,13.7,566.16,0,-.253
102,2009,309,1700,13.69,572.14,0,-.27
102,2009,309,1800,13.72,38.633,0,-.606
102,2009,309,1900,13.72,7.6732,0,-.578
102,2009,309,2000,13.73,0,0,-.589
102,2009,309,2100,13.73,0,0,-.545
102,2009,309,2200,13.75,0,0,-.517
102,2009,309,2300,13.76,0,0,-.573
101,2009,309,2400,13.46,10085,0
102,2009,309,2400,13.76,0,0,-.584
102,2009,310,100,13.76,0,0,-.611
102,2009,310,200,13.77,0,0,-.501
102,2009,310,300,13.78,0,0,-.6
102,2009,310,400,13.78,0,0,-.589
102,2009,310,500,13.79,0,0,-.584
102,2009,310,600,13.79,0,0,-.584
102,2009,310,700,13.79,3.5831,0,-.567
102,2009,310,800,13.8,192.21,0,-.529
102,2009,310,900,13.81,529.17,0,-.589
102,2009,310,1000,13.8,1595.2,0,-.281
102,2009,310,1100,13.78,2611.5,0,-.27
102,2009,310,1200,13.77,2762.4,0,-.215
102,2009,310,1300,13.75,3021,0,-.253
102,2009,310,1400,13.73,2544.4,0,-.242
102,2009,310,1500,13.73,1033.2,0,-.231
102,2009,310,1600,13.72,1217.9,0,-.237
102,2009,310,1700,13.72,851.33,0,-.275
102,2009,310,1800,13.72,434.46,0,-.242
102,2009,310,1900,13.72,103.96,0,-.22
102,2009,310,2000,13.73,0,0,-.226
102,2009,310,2100,13.74,0,0,-.242
102,2009,310,2200,13.75,0,0,-.253
102,2009,310,2300,13.75,0,0,-.259
101,2009,310,2400,13.72,16900,0
102,2009,310,2400,13.76,0,0,-.242
102,2009,311,100,13.77,0,0,-.391
102,2009,311,200,13.78,0,0,-.485
102,2009,311,300,13.79,0,0,-.6
102,2009,311,400,13.79,0,0,-.562
102,2009,311,500,13.8,0,0,-.545
102,2009,311,600,13.8,0,0,-.578
102,2009,311,700,13.8,3.3723,0,-.677
102,2009,311,800,13.82,165.32,0,-.611
102,2009,311,900,13.8,890.38,0,-.435
102,2009,311,1000,13.79,1726.4,0,-.27
102,2009,311,1100,13.77,2690.7,0,-.259
102,2009,311,1200,13.75,3088.1,0,-.231
102,2009,311,1300,13.74,2432.3,0,-.275
102,2009,311,1400,13.73,1812.6,0,-.281
102,2009,311,1500,13.72,1431.7,0,-.286
102,2009,311,1600,13.71,620.94,0,-.264
102,2009,311,1700,13.7,360.34,0,-.215
102,2009,311,1800,13.7,233.67,0,-.237
102,2009,311,1900,13.7,71.385,0,-.248
102,2009,311,2000,13.7,0,0,-.242
102,2009,311,2100,13.2,0,0,-.264
102,2009,311,2200,13.72,0,0,-.253
102,2009,311,2300,13.73,0,0,-.281
101,2009,311,2400,13.2,15527,0
102,2009,311,2400,13.74,0,0,-.242
102,2009,312,100,13.74,0,0,-.231
102,2009,312,200,13.75,0,0,-.242
102,2009,312,300,13.77,0,0,-.264
102,2009,312,400,13.77,0,0,-.253
102,2009,312,500,13.77,0,0,-.303
102,2009,312,600,13.78,0,0,-.584
102,2009,312,700,13.78,6.1598,0,-.589
102,2009,312,800,13.78,302.31,0,-.435
102,2009,312,900,13.77,1140.8,0,-.286
102,2009,312,1000,13.76,1970.1,0,-.264
102,2009,312,1100,13.74,1936.2,0,-.231
102,2009,312,1200,13.73,2549,0,-.275
102,2009,312,1300,13.72,2955.8,0,-.264
102,2009,312,1400,13.7,1305.6,0,-.231
102,2009,312,1500,13.7,1668.1,0,-.242
102,2009,312,1600,13.68,788.65,0,-.237
102,2009,312,1700,13.68,536.79,0,-.237
102,2009,312,1800,13.68,335.54,0,-.209
102,2009,312,1900,13.68,66.992,0,-.248
102,2009,312,2000,13.68,0,0,-.264
102,2009,312,2100,13.69,0,0,-.248
102,2009,312,2200,13.7,0,0,-.264
102,2009,312,2300,13.72,0,0,-.27
101,2009,312,2400,13.68,15562,0
102,2009,312,2400,13.72,0,0,-.242
102,2009,313,100,13.73,0,0,-.264
102,2009,313,200,13.74,0,0,-.38
102,2009,313,300,13.75,0,0,-.551
102,2009,313,400,13.76,0,0,-.545
102,2009,313,500,13.77,0,0,-.534
102,2009,313,600,13.77,0,0,-.606
102,2009,313,700,13.78,7.7116,0,-.6
102,2009,313,800,13.79,249.65,0,-.595
102,2009,313,900,13.78,921.43,0,-.341
102,2009,313,1000,13.77,1388.6,0,-.209
102,2009,313,1100,13.75,1616.6,0,-.231
102,2009,313,1200,13.74,1459,0,-.259
102,2009,313,1300,13.72,3352.2,0,-.259
102,2009,313,1400,13.7,3066.1,0,-.286
102,2009,313,1500,13.69,1802.8,0,-.275
102,2009,313,1600,13.5,794.81,0,-.248
102,2009,313,1700,13.45,613.34,0,-.242
102,2009,313,1800,13.42,369.74,0,-.253
102,2009,313,1900,13.37,166.68,.05,7.61
102,2009,313,2000,13.2,5.5557,.2,25.98
102,2009,313,2100,13.09,1.4082,0,1.811
102,2009,313,2200,13,.21075,0,.578
102,2009,313,2300,12.93,1.9063,0,0
101,2009,313,2400,12.87,15818,.25
102,2009,313,2400,12.87,0,0,0
102,2009,314,100,12.83,0,0,0
102,2009,314,200,12.81,0,0,.083
102,2009,314,300,12.8,0,.15,.083
102,2009,314,400,12.8,0,.15,.099
102,2009,314,500,12.8,0,.05,.132
102,2009,314,600,12.8,0,0,.253
102,2009,314,700,12.8,4.8764,0,.182
102,2009,314,800,12.84,235.25,0,.198
102,2009,314,900,13.69,1109.9,0,.611
102,2009,314,1000,12.94,1987.5,0,.006
102,2009,314,1100,13.62,2652.6,0,-.083
102,2009,314,1200,13.49,3121.2,0,-.149
102,2009,314,1300,13.28,3313.1,0,-.303
102,2009,314,1400,13.62,3339.7,0,-.264
102,2009,314,1500,13.68,1907.5,0,-.204
102,2009,314,1600,13.68,802.22,0,-.198
102,2009,314,1700,13.66,495.35,0,-.237
102,2009,314,1800,13.66,365.87,0,-.248
102,2009,314,1900,13.38,97.981,0,-.303
102,2009,314,2000,13.29,0,0,-.275
102,2009,314,2100,13.68,0,0,-.253
102,2009,314,2200,13.7,0,0,-.22
102,2009,314,2300,13.7,0,0,-.215
101,2009,314,2400,12.8,19433,.35
102,2009,314,2400,13.71,0,0,-.27
102,2009,315,100,13.72,0,0,-.297
102,2009,315,200,13.73,0,0,-.27
102,2009,315,300,13.74,0,0,-.385
102,2009,315,400,13.75,0,0,-.435
102,2009,315,500,13.75,0,0,-.495
102,2009,315,600,13.77,0,0,-.551
102,2009,315,700,13.77,4.7418,0,-.628
102,2009,315,800,13.77,244.01,0,-.556
102,2009,315,900,13.77,940.03,0,-.402
102,2009,315,1000,13.75,2028.8,0,-.215
102,2009,315,1100,13.73,2555.5,0,-.248
102,2009,315,1200,13.72,1796.6,0,-.248
102,2009,315,1300,13.7,2991.3,0,-.27
102,2009,315,1400,13.69,1974.6,0,-.242
102,2009,315,1500,13.68,2112.1,0,-.242
102,2009,315,1600,13.66,1017.7,0,-.215
102,2009,315,1700,13.66,452.69,0,-.237
102,2009,315,1800,13.65,271.11,0,-.22
102,2009,315,1900,13.65,54.695,0,-.248
102,2009,315,2000,13.2,0,0,-.253
102,2009,315,2100,13.14,0,0,-.286
102,2009,315,2200,13.7,0,0,-.264
102,2009,315,2300,13.7,0,0,-.248
101,2009,315,2400,13.14,16444,0
102,2009,315,2400,13.71,0,0,-.215
102,2009,316,100,13.72,0,0,-.231
102,2009,316,200,13.74,0,0,-.248
102,2009,316,300,13.74,0,0,-.259
102,2009,316,400,13.75,0,0,-.562
102,2009,316,500,13.76,0,0,-.655
102,2009,316,600,13.77,0,0,-.633
102,2009,316,700,13.77,4.2819,0,-.661
102,2009,316,800,13.78,243.37,0,-.479
102,2009,316,900,13.77,1058.3,0,-.363
102,2009,316,1000,13.75,1975,0,-.231
102,2009,316,1100,13.74,2666.3,0,-.264
102,2009,316,1200,13.72,2870.6,0,-.297
102,2009,316,1300,13.7,3449.1,0,-.286
102,2009,316,1400,13.68,3160,0,-.22
102,2009,316,1500,13.67,3055.2,0,-.242
102,2009,316,1600,13.66,1246.8,0,-.275
102,2009,316,1700,13.65,535.46,0,-.215
102,2009,316,1800,13.66,355.01,0,-.182
102,2009,316,1900,13.19,79.905,0,-.237
102,2009,316,2000,13.12,0,0,-.281
102,2009,316,2100,13.7,0,0,-.248
102,2009,316,2200,13.7,0,0,-.242
102,2009,316,2300,13.72,0,0,-.193
101,2009,316,2400,13.12,20699,0
102,2009,316,2400,13.72,0,0,-.237
102,2009,317,100,13.74,0,0,-.237
102,2009,317,200,13.75,0,0,-.231
102,2009,317,300,13.75,0,0,-.259
102,2009,317,400,13.76,0,0,-.297
102,2009,317,500,13.76,0,0,-.529
102,2009,317,600,13.77,0,0,-.507
102,2009,317,700,13.77,5.3068,0,-.529
102,2009,317,800,13.79,244.39,0,-.474
102,2009,317,900,13.77,1052,0,-.275
102,2009,317,1000,13.75,2020.6,0,-.22
102,2009,317,1100,13.74,2461.1,0,-.275
102,2009,317,1200,13.72,2680.3,0,-.22
102,2009,317,1300,13.71,2831.2,0,-.242
102,2009,317,1400,13.7,1903.7,0,-.209
102,2009,317,1500,13.68,3114.2,0,-.275
102,2009,317,1600,13.67,1179.2,0,-.242
102,2009,317,1700,13.66,636.85,0,-.281
102,2009,317,1800,13.66,414.4,0,-.209
102,2009,317,1900,13.67,116.82,0,-.231
102,2009,317,2000,13.68,0,0,-.336
102,2009,317,2100,13.7,0,0,-.215
102,2009,317,2200,13.72,0,0,-.259
102,2009,317,2300,13.73,0,0,-.275
101,2009,317,2400,13.66,18660,0
102,2009,317,2400,13.74,0,0,-.253
102,2009,318,100,13.74,.00958,0,-.27
102,2009,318,200,13.75,0,0,-.303
102,2009,318,300,13.76,0,0,-.402
102,2009,318,400,13.77,0,0,-.385
102,2009,318,500,13.78,0,0,-.413
102,2009,318,600,13.78,0,0,-.485
102,2009,318,700,13.79,4.4262,0,-.44
102,2009,318,800,13.8,237.18,0,-.374
102,2009,318,900,13.79,848.82,0,-.27
102,2009,318,1000,13.77,1763.3,0,-.242
102,2009,318,1100,13.75,2600.3,0,-.253
102,2009,318,1200,13.74,1500.3,0,-.253
102,2009,318,1300,13.73,1234.4,0,-.253
102,2009,318,1400,13.72,2749.2,0,-.27
102,2009,318,1500,13.7,2155,0,-.248
102,2009,318,1600,13.69,1070.9,0,-.22
102,2009,318,1700,13.68,549.88,0,-.242
102,2009,318,1800,13.67,310.72,0,-.226
102,2009,318,1900,13.68,72.194,0,-.253
102,2009,318,2000,13.68,0,0,-.264
102,2009,318,2100,13.7,0,0,-.27
102,2009,318,2200,13.7,0,0,-.248
102,2009,318,2300,13.71,0,0,-.209
101,2009,318,2400,13.67,15097,0
102,2009,318,2400,13.72,0,0,-.242
102,2009,319,100,13.74,0,0,-.226
102,2009,319,200,13.75,0,0,-.242
102,2009,319,300,13.75,0,0,-.385
102,2009,319,400,13.76,0,0,-.484
102,2009,319,500,13.77,0,0,-.551
102,2009,319,600,13.78,0,0,-.567
102,2009,319,700,13.79,7.3385,0,-.628
102,2009,319,800,13.8,266.9,0,-.529
102,2009,319,900,13.79,1031.4,0,-.281
102,2009,319,1000,13.77,1675.2,0,-.226
102,2009,319,1100,13.75,2237.9,0,-.253
102,2009,319,1200,13.73,2165.4,0,-.253
102,2009,319,1300,13.72,2677.3,0,-.259
102,2009,319,1400,13.7,2682.4,0,-.237
102,2009,319,1500,13.68,1927.2,0,-.281
102,2009,319,1600,13.67,1499.1,0,-.237
102,2009,319,1700,13.66,754.43,0,-.253
102,2009,319,1800,13.66,353.78,0,-.253
102,2009,319,1900,13.66,91.295,0,-.253
102,2009,319,2000,13.67,0,0,-.259
102,2009,319,2100,13.68,0,0,-.248
102,2009,319,2200,13.69,.22032,0,-.341
102,2009,319,2300,13.72,0,0,-.308
101,2009,319,2400,12.84,17370,0
102,2009,319,2400,12.84,.45024,0,-.242
102,2009,320,100,12.8,.15327,0,-.22
102,2009,320,200,12.78,0,0,-.242
102,2009,320,300,12.79,0,0,-.231
102,2009,320,400,12.81,0,0,-.259
102,2009,320,500,12.81,0,0,-.275
102,2009,320,600,12.81,0,0,-.297
102,2009,320,700,12.81,9.991,0,-.22
102,2009,320,800,12.61,355.26,0,-.22
102,2009,320,900,12.74,1094.9,0,-.281
102,2009,320,1000,13.79,1964.6,0,-.231
102,2009,320,1100,13.79,2578.3,0,-.248
102,2009,320,1200,13.77,2172.2,0,-.22
102,2009,320,1300,13.77,3016.1,0,-.275
102,2009,320,1400,13.74,2948.3,0,-.286
102,2009,320,1500,13.73,2378.9,0,-.259
102,2009,320,1600,13.72,2076,0,-.27
102,2009,320,1700,13.72,765.77,0,-.281
102,2009,320,1800,13.7,536.34,0,-.209
102,2009,320,1900,13.37,267.45,0,-.27
102,2009,320,2000,13.31,.96753,0,-.292
102,2009,320,2100,13.74,1.0442,0,-.451
102,2009,320,2200,13.75,0,0,-.479
102,2009,320,2300,12.93,0,0,-.347
101,2009,320,2400,12.61,20166,0
102,2009,320,2400,12.86,0,0,-.325
102,2009,321,100,12.82,0,0,-.292
102,2009,321,200,12.78,0,0,-.325
102,2009,321,300,12.78,0,0,-.33
102,2009,321,400,12.8,0,0,-.325
102,2009,321,500,12.81,0,0,-.325
102,2009,321,600,12.81,0,0,-.314
102,2009,321,700,12.81,3.7746,0,-.325
102,2009,321,800,12.82,238.68,0,-.286
102,2009,321,900,13.65,991.74,0,-.303
102,2009,321,1000,13.73,1218.2,0,-.281
102,2009,321,1100,13.77,1372.7,0,-.204
102,2009,321,1200,13.77,1086.8,0,-.275
102,2009,321,1300,13.77,786.06,0,-.551
102,2009,321,1400,13.74,3097.1,0,-.562
102,2009,321,1500,13.73,2977.7,0,-.281
102,2009,321,1600,13.72,778.85,0,-.413
102,2009,321,1700,13.74,164.2,0,-.589
102,2009,321,1800,13.75,189.64,0,-.584
102,2009,321,1900,13.74,73.895,0,-.528
102,2009,321,2000,13.75,0,0,-.512
102,2009,321,2100,13.77,0,0,-.506
102,2009,321,2200,13.77,0,0,-.567
102,2009,321,2300,13.77,0,0,-.617
101,2009,321,2400,12.78,12979,0
102,2009,321,2400,13.77,0,0,-.54
102,2009,322,100,13.77,0,0,-.617
102,2009,322,200,13.78,0,0,-.567
102,2009,322,300,13.79,0,0,-.573
102,2009,322,400,13.79,0,0,-.551
102,2009,322,500,13.8,0,0,-.567
102,2009,322,600,13.8,0,0,-.556
102,2009,322,700,13.8,1.964,0,-.6
102,2009,322,800,13.63,176.09,0,-.584
102,2009,322,900,13.63,733.17,0,-.325
102,2009,322,1000,13.8,1856.3,0,-.281
102,2009,322,1100,13.46,1496.4,0,-.275
102,2009,322,1200,13.79,1722.3,0,-.237
102,2009,322,1300,13.77,2398,0,-.259
102,2009,322,1400,13.75,2765.1,0,-.22
102,2009,322,1500,13.75,1057.4,0,-.215
102,2009,322,1600,13.75,590.52,0,-.248
102,2009,322,1700,13.75,751.11,0,-.226
102,2009,322,1800,13.75,375.06,0,-.259
102,2009,322,1900,13.62,203.93,0,-.248
102,2009,322,2000,13.74,0,0,-.264
102,2009,322,2100,13.75,0,0,-.242
102,2009,322,2200,13,0,0,-.253
102,2009,322,2300,13.78,0,0,-.259
101,2009,322,2400,12.88,14127,0
102,2009,322,2400,12.88,0,0,-.275
102,2009,323,100,12.85,0,0,-.303
102,2009,323,200,12.83,0,0,-.319
102,2009,323,300,12.83,0,0,-.33
102,2009,323,400,12.83,0,0,-.33
102,2009,323,500,12.82,0,0,-.297
102,2009,323,600,12.81,0,0,-.259
102,2009,323,700,12.81,4.2153,0,-.264
102,2009,323,800,12.83,177.66,0,-.193
102,2009,323,900,13.62,788,0,-.281
102,2009,323,1000,13.74,1689.4,0,-.264
102,2009,323,1100,13.79,2264.8,0,-.259
102,2009,323,1200,13.76,2989.3,0,-.286
102,2009,323,1300,13.74,3085.3,0,-.248
102,2009,323,1400,13.72,2122.4,0,-.259
102,2009,323,1500,13.71,2487.1,0,-.237
102,2009,323,1600,13.7,1689.1,0,-.297
102,2009,323,1700,13.7,365.75,0,-.606
102,2009,323,1800,13.74,392.48,0,-.264
102,2009,323,1900,13.57,128.65,0,-.248
102,2009,323,2000,13.75,0,0,-.297
102,2009,323,2100,13.77,0,0,-.259
102,2009,323,2200,13.78,0,0,-.281
102,2009,323,2300,13.78,0,0,-.275
101,2009,323,2400,12.81,18184,0
102,2009,323,2400,13.78,0,0,-.54
102,2009,324,100,13.78,0,0,-.49
102,2009,324,200,13.78,0,0,-.584
102,2009,324,300,13.78,0,0,-.507
102,2009,324,400,13.79,0,0,-.507
102,2009,324,500,13.8,0,0,-.485
102,2009,324,600,13.8,0,0,-.429
102,2009,324,700,13.8,2.5388,0,-.463
102,2009,324,800,13.8,112.91,0,-.33
102,2009,324,900,13.8,753.49,0,-.275
102,2009,324,1000,13.78,2032.1,0,-.231
102,2009,324,1100,13.77,2498.1,0,-.253
102,2009,324,1200,13.75,2536.4,0,-.275
102,2009,324,1300,13.74,2481,0,-.264
102,2009,324,1400,13.72,2668.3,0,-.264
102,2009,324,1500,13.7,2923.8,0,-.215
102,2009,324,1600,13.69,2474.9,0,-.226
102,2009,324,1700,13.68,1406.8,0,-.226
102,2009,324,1800,13.68,365.42,0,-.27
102,2009,324,1900,13.71,54.937,0,-.617
102,2009,324,2000,13.72,0,0,-.534
102,2009,324,2100,13.73,0,0,-.539
102,2009,324,2200,13.74,0,0,-.534
102,2009,324,2300,13.74,.23949,0,-.451
101,2009,324,2400,13.68,20311,0
102,2009,324,2400,13.75,.00958,0,-.49
102,2009,325,100,13.75,0,0,-.517
102,2009,325,200,13.76,0,0,-.446
102,2009,325,300,13.77,0,0,-.551
102,2009,325,400,13.78,0,0,-.529
102,2009,325,500,13.79,0,0,-.562
102,2009,325,600,13.79,0,0,-.479
102,2009,325,700,13.8,3.4873,0,-.518
102,2009,325,800,13.8,240.05,0,-.424
102,2009,325,900,13.78,1016.2,0,-.281
102,2009,325,1000,13.77,1910.8,0,-.248
102,2009,325,1100,13.75,2682.3,0,-.281
102,2009,325,1200,13.73,3087.5,0,-.209
102,2009,325,1300,13.72,2877.6,0,-.198
102,2009,325,1400,13.59,2373.6,0,-.237
102,2009,325,1500,13.59,2729.7,0,-.242
102,2009,325,1600,13.02,2582.6,0,-.286
102,2009,325,1700,13.47,1515.2,0,-.27
102,2009,325,1800,12.6,624.22,0,-.622
102,2009,325,1900,12.59,78.499,0,-.545
102,2009,325,2000,12.83,.55559,0,-.248
102,2009,325,2100,12.8,0,0,-.248
102,2009,325,2200,12.8,0,0,-.22
102,2009,325,2300,12.79,0,0,-.275
101,2009,325,2400,12.59,21722,0
102,2009,325,2400,12.79,0,0,-.33
102,2009,326,100,12.79,0,0,-.33
102,2009,326,200,12.78,0,0,-.325
102,2009,326,300,12.78,0,0,-.33
102,2009,326,400,12.78,0,0,-.33
102,2009,326,500,12.78,0,0,-.33
102,2009,326,600,12.77,0,0,-.319
102,2009,326,700,12.77,3.5926,0,-.314
102,2009,326,800,12.8,249.72,0,-.292
102,2009,326,900,13.67,1041.4,0,-.253
102,2009,326,1000,12.78,1938.4,0,-.253
102,2009,326,1100,13.42,2602.4,0,-.187
102,2009,326,1200,13.38,3143,0,-.242
102,2009,326,1300,13.1,3475.2,0,-.209
102,2009,326,1400,13.39,3380.4,0,-.281
102,2009,326,1500,13.61,3227.8,0,-.275
102,2009,326,1600,13.65,2632,0,-.248
102,2009,326,1700,13.65,1591.3,0,-.215
102,2009,326,1800,13.64,731.14,0,-.215
102,2009,326,1900,13.63,157.45,0,-.248
102,2009,326,2000,13.64,0,0,-.248
102,2009,326,2100,13.66,0,0,-.253
102,2009,326,2200,13.68,0,0,-.259
102,2009,326,2300,13.68,0,0,-.198
101,2009,326,2400,12.77,24174,0
102,2009,326,2400,13.69,0,0,-.231
102,2009,327,100,13.7,0,0,-.237
102,2009,327,200,13.7,0,0,-.27
102,2009,327,300,13.73,0,0,-.336
102,2009,327,400,13.74,0,0,-.314
102,2009,327,500,13.75,0,0,-.308
102,2009,327,600,13.76,0,0,-.462
102,2009,327,700,13.76,3.0845,0,-.589
102,2009,327,800,13.77,246.15,0,-.385
102,2009,327,900,13.75,993.29,0,-.171
102,2009,327,1000,13.74,1857.1,0,-.226
102,2009,327,1100,13.72,2375.8,0,-.281
102,2009,327,1200,13.7,2839.7,0,-.281
102,2009,327,1300,13.69,3164.3,0,-.264
102,2009,327,1400,13.68,2995.9,0,-.264
102,2009,327,1500,13.66,1884.7,0,-.281
102,2009,327,1600,13.66,1948.2,0,-.292
102,2009,327,1700,13.66,1505.5,0,-.27
102,2009,327,1800,13.66,718.36,0,-.27
102,2009,327,1900,13.66,37.798,0,-.732
102,2009,327,2000,13.7,1.7914,0,-.589
102,2009,327,2100,13.72,.01916,0,-.567
102,2009,327,2200,13.72,0,0,-.584
102,2009,327,2300,13.73,0,0,-.534
101,2009,327,2400,13.66,20572,0
102,2009,327,2400,13.73,0,0,-.567
102,2009,328,100,13.75,0,0,-.573
102,2009,328,200,13.75,0,0,-.534
102,2009,328,300,13.77,0,0,-.551
102,2009,328,400,13.78,0,0,-.595
102,2009,328,500,13.79,0,0,-.567
102,2009,328,600,13.79,0,0,-.54
102,2009,328,700,13.8,2.7783,0,-.595
102,2009,328,800,13.8,222.71,0,-.573
102,2009,328,900,13.79,1023.8,0,-.358
102,2009,328,1000,13.77,1945.3,0,-.226
102,2009,328,1100,13.75,2650.1,0,-.259
102,2009,328,1200,13.73,3237.6,0,-.303
102,2009,328,1300,13.72,3530.6,0,-.264
102,2009,328,1400,13.69,3602.1,0,-.259
102,2009,328,1500,13.68,3184.7,0,-.237
102,2009,328,1600,13.66,2659,0,-.259
102,2009,328,1700,13.66,682.98,0,-.314
102,2009,328,1800,13.69,595.38,0,-.286
102,2009,328,1900,13.69,73.958,0,-.215
102,2009,328,2000,13.7,0,0,-.22
102,2009,328,2100,13.71,0,0,-.22
102,2009,328,2200,13.72,0,0,-.259
102,2009,328,2300,13.72,0,0,-.248
101,2009,328,2400,13.66,23411,0
102,2009,328,2400,13.73,0,0,-.253
102,2009,329,100,13.74,0,0,-.292
102,2009,329,200,13.75,0,0,-.33
102,2009,329,300,13.76,0,0,-.457
102,2009,329,400,13.77,0,0,-.506
102,2009,329,500,13.77,0,0,-.501
102,2009,329,600,13.77,0,0,-.54
102,2009,329,700,13.79,2.9795,0,-.496
102,2009,329,800,13.8,245.6,0,-.507
102,2009,329,900,13.78,994.18,0,-.259
102,2009,329,1000,13.76,1842.5,0,-.248
102,2009,329,1100,13.75,1003.1,0,-.253
102,2009,329,1200,13.74,1172.2,0,-.319
102,2009,329,1300,13.73,1794.6,0,-.275
102,2009,329,1400,13.71,3337.4,0,-.253
102,2009,329,1500,13.7,2628.6,0,-.209
102,2009,329,1600,13.69,2310,0,-.253
102,2009,329,1700,13.68,1784.4,0,-.264
102,2009,329,1800,13.68,497.81,0,-.253
102,2009,329,1900,13.68,38.621,0,-.286
102,2009,329,2000,13.68,0,0,-.253
102,2009,329,2100,13.7,0,0,-.264
102,2009,329,2200,13.7,0,0,-.237
102,2009,329,2300,13.71,0,0,-.275
101,2009,329,2400,13.68,17652,0
102,2009,329,2400,13.72,0,0,-.396
102,2009,330,100,13.72,0,0,-.446
102,2009,330,200,13.74,0,0,-.38
102,2009,330,300,13.74,0,0,-.528
102,2009,330,400,13.74,0,0,-.584
102,2009,330,500,13.75,0,0,-.573
102,2009,330,600,13.76,0,0,-.551
102,2009,330,700,13.77,3.0078,0,-.534
102,2009,330,800,13.77,252.92,0,-.639
102,2009,330,900,13.77,679.65,0,-.358
102,2009,330,1000,13.75,1954.6,0,-.286
102,2009,330,1100,13.74,2503.1,0,-.248
102,2009,330,1200,13.72,3121.8,0,-.286
102,2009,330,1300,13.7,3531.3,0,-.27
102,2009,330,1400,13.69,3409.3,0,-.281
102,2009,330,1500,13.67,3076.1,0,-.237
102,2009,330,1600,13.66,2492.9,0,-.27
102,2009,330,1700,13.65,1715,0,-.242
102,2009,330,1800,13.65,775.37,0,-.204
102,2009,330,1900,13.65,127.26,0,-.281
102,2009,330,2000,13.66,0,0,-.259
102,2009,330,2100,13.67,0,0,-.248
102,2009,330,2200,13.68,0,0,-.242
102,2009,330,2300,13.7,0,0,-.259
101,2009,330,2400,13.65,23642,0
102,2009,330,2400,13.7,0,0,-.248
102,2009,331,100,13.71,0,0,-.347
102,2009,331,200,13.72,0,0,-.446
102,2009,331,300,13.73,0,0,-.523
102,2009,331,400,13.74,0,0,-.495
102,2009,331,500,13.75,0,0,-.589
102,2009,331,600,13.76,0,0,-.606
102,2009,331,700,13.77,2.7588,0,-.567
102,2009,331,800,13.78,242.83,0,-.826
102,2009,331,900,13.77,1041.9,0,-.49
102,2009,331,1000,13.75,1631.8,0,-.209
102,2009,331,1100,13.74,2004.9,0,-.226
102,2009,331,1200,13.71,2799.2,0,-.226
102,2009,331,1300,13.7,3015,0,-.231
102,2009,331,1400,13.57,3506.1,0,-.27
102,2009,331,1500,13.55,3144.3,0,-.303
102,2009,331,1600,13.63,2552.6,0,-.242
102,2009,331,1700,13.65,1673.1,0,-.248
102,2009,331,1800,13.65,620.88,0,-.231
102,2009,331,1900,13.65,123.99,0,-.275
102,2009,331,2000,13.65,0,0,-.231
102,2009,331,2100,13.67,0,0,-.231
102,2009,331,2200,13.68,0,0,-.209
102,2009,331,2300,13.69,0,0,-.237
101,2009,331,2400,13.55,22359,0
102,2009,331,2400,13.7,.00958,0,-.226
102,2009,332,100,13.72,0,0,-.231
102,2009,332,200,13.72,0,0,-.237
102,2009,332,300,13.72,.00958,0,-.22
102,2009,332,400,13.74,0,0,-.391
102,2009,332,500,13.75,0,0,-.523
102,2009,332,600,13.76,0,0,-.473
102,2009,332,700,13.77,2.5768,0,-.446
102,2009,332,800,13.77,234.05,0,-.407
102,2009,332,900,13.76,917.66,0,-.237
102,2009,332,1000,13.74,1855.1,0,-.242
102,2009,332,1100,13.73,2516,0,-.27
102,2009,332,1200,13.71,2962.1,0,-.264
102,2009,332,1300,13.69,3182.1,0,-.286
102,2009,332,1400,13.68,2999.2,0,-.248
102,2009,332,1500,13.66,3238.4,0,-.209
102,2009,332,1600,13.65,1723.4,0,-.226
102,2009,332,1700,13.65,570.23,0,-.237
102,2009,332,1800,13.65,202.1,0,-.275
102,2009,332,1900,13.67,108.87,0,-.27
102,2009,332,2000,13.68,0,0,-.281
102,2009,332,2100,13.68,0,0,-.215
102,2009,332,2200,13.7,0,0,-.237
102,2009,332,2300,13.71,0,0,-.281
101,2009,332,2400,13.65,20512,0
102,2009,332,2400,13.71,0,0,-.264
102,2009,333,100,13.72,0,0,-.292
102,2009,333,200,13.72,0,0,-.534
102,2009,333,300,13.72,0,0,-.545
102,2009,333,400,13.74,0,0,-.584
102,2009,333,500,13.75,0,0,-.551
102,2009,333,600,13.75,0,0,-.584
102,2009,333,700,13.75,1.6093,0,-.512
102,2009,333,800,13.77,67.379,0,-.468
102,2009,333,900,13.77,408.13,0,-.27
102,2009,333,1000,13.75,1062.4,0,-.242
102,2009,333,1100,13.75,1651.3,0,-.248
102,2009,333,1200,13.73,2856,0,-.286
102,2009,333,1300,13.72,2301.3,0,-.253
102,2009,333,1400,13.72,875.61,.15,25.11
102,2009,333,1500,13.74,274.66,.916,192.9
102,2009,333,1600,13.76,1285,.933,139.6
102,2009,333,1700,13.75,1035.5,.317,4.074
102,2009,333,1800,13.73,294.07,0,-.182
102,2009,333,1900,13.73,79.96,0,-.154
102,2009,333,2000,13.73,0,0,-.336
102,2009,333,2100,13.74,0,0,-.473
102,2009,333,2200,13.75,0,0,-.495
102,2009,333,2300,13.76,0,0,-.473
101,2009,333,2400,13.72,12193,2.316
102,2009,333,2400,13.77,0,0,-.479
102,2009,334,100,13.77,0,0,-.462
102,2009,334,200,13.78,0,0,-.501
102,2009,334,300,13.78,0,0,-.463
102,2009,334,400,13.79,0,0,-.418
102,2009,334,500,13.8,0,0,-.474
102,2009,334,600,13.8,0,0,-.457
102,2009,334,700,13.8,2.51,0,-.496
102,2009,334,800,13.82,219.27,0,-.452
102,2009,334,900,13.81,752.33,0,-.457
102,2009,334,1000,13.79,1550.2,0,-.176
102,2009,334,1100,13.78,1914.5,0,-.198
102,2009,334,1200,13.76,2853.7,0,-.248
102,2009,334,1300,13.74,3124.5,0,-.237
102,2009,334,1400,13.73,2612.5,0,-.242
102,2009,334,1500,13.71,3421.8,0,-.253
102,2009,334,1600,13.7,2439,0,-.237
102,2009,334,1700,13.69,1407.9,0,-.281
102,2009,334,1800,13.69,854.76,0,-.27
102,2009,334,1900,13.68,192.5,0,-.259
102,2009,334,2000,13.69,0,0,-.281
102,2009,334,2100,13.7,0,0,-.275
102,2009,334,2200,13.7,0,0,-.248
102,2009,334,2300,13.72,0,0,-.308
101,2009,334,2400,13.68,21345,0
102,2009,334,2400,13.74,0,0,-.253
102,2009,335,100,13.74,0,0,-.292
102,2009,335,200,13.75,0,0,-.275
102,2009,335,300,13.75,0,0,-.319
102,2009,335,400,13.77,0,0,-.314
102,2009,335,500,13.77,0,0,-.424
102,2009,335,600,13.77,0,0,-.484
102,2009,335,700,13.78,2.9121,0,-.573
102,2009,335,800,13.78,170.67,0,-.518
102,2009,335,900,13.78,716.92,0,-.248
102,2009,335,1000,13.77,1867.6,0,-.237
102,2009,335,1100,13.75,2647.2,0,-.231
102,2009,335,1200,13.73,3170.4,0,-.253
102,2009,335,1300,13.71,3498.4,0,-.237
102,2009,335,1400,13.69,3153.3,0,-.27
102,2009,335,1500,13.68,2315.7,0,-.259
102,2009,335,1600,13.66,2211.9,0,-.27
102,2009,335,1700,13.66,1459,0,-.27
102,2009,335,1800,13.66,341.22,0,-.281
102,2009,335,1900,13.66,53.641,0,-.281
102,2009,335,2000,13.67,0,0,-.275
102,2009,335,2100,13.68,0,0,-.259
102,2009,335,2200,13.68,0,0,-.22
102,2009,335,2300,13.7,0,0,-.275
101,2009,335,2400,13.66,21609,0
102,2009,335,2400,13.7,0,0,-.22
102,2009,336,100,13.71,0,0,-.314
102,2009,336,200,13.72,0,0,-.49
102,2009,336,300,13.74,0,0,-.562
102,2009,336,400,13.74,0,0,-.545
102,2009,336,500,13.76,0,0,-.578
102,2009,336,600,13.77,0,0,-.545
102,2009,336,700,13.77,1.9542,0,-.573
102,2009,336,800,13.79,219.73,0,-.589
102,2009,336,900,13.78,1008.9,0,-.363
102,2009,336,1000,13.76,1884.9,0,-.253
102,2009,336,1100,13.74,2649,0,-.27
102,2009,336,1200,13.72,3183.4,0,-.226
102,2009,336,1300,13.7,3427,0,-.259
102,2009,336,1400,13.68,3133.2,0,-.259
102,2009,336,1500,13.66,2724.6,0,-.275
102,2009,336,1600,13.65,2489.6,0,-.275
102,2009,336,1700,13.65,638.15,0,-.253
102,2009,336,1800,13.65,955.35,0,-.292
102,2009,336,1900,13.65,132.09,0,-.281
102,2009,336,2000,13.66,0,0,-.253
102,2009,336,2100,13.67,0,0,-.231
102,2009,336,2200,13.68,0,0,-.275
102,2009,336,2300,13.7,0,0,-.237
101,2009,336,2400,13.65,22448,0
102,2009,336,2400,13.7,0,0,-.259
102,2009,337,100,13.71,0,0,-.242
102,2009,337,200,13.72,0,0,-.237
102,2009,337,300,13.73,0,0,-.253
102,2009,337,400,13.74,0,0,-.275
102,2009,337,500,13.75,0,0,-.347
102,2009,337,600,13.76,0,0,-.512
102,2009,337,700,13.77,1.801,0,-.512
102,2009,337,800,13.79,222.44,0,-.341
102,2009,337,900,13.78,981.79,0,-.248
102,2009,337,1000,13.75,1859.3,0,-.231
102,2009,337,1100,13.61,2584.1,0,-.176
102,2009,337,1200,13.72,3149.8,0,-.292
102,2009,337,1300,13.69,3256.2,0,-.292
102,2009,337,1400,13.67,3135.2,0,-.308
102,2009,337,1500,13.66,3146.1,0,-.253
102,2009,337,1600,13.65,2644,0,-.259
102,2009,337,1700,13.64,890.77,0,-.501
102,2009,337,1800,13.66,341.22,0,-.374
102,2009,337,1900,13.45,129.04,0,-.259
102,2009,337,2000,13.67,0,0,-.237
102,2009,337,2100,13.68,0,0,-.248
102,2009,337,2200,13.7,0,0,-.259
102,2009,337,2300,13.7,0,0,-.259
101,2009,337,2400,13.45,22342,0
102,2009,337,2400,13.71,0,0,-.231
102,2009,338,100,13.72,0,0,-.259
102,2009,338,200,13.73,0,0,-.292
102,2009,338,300,13.74,0,0,-.418
102,2009,338,400,13.75,0,0,-.435
102,2009,338,500,13.76,0,0,-.457
102,2009,338,600,13.76,0,0,-.54
102,2009,338,700,13.77,1.3028,0,-.523
102,2009,338,800,13.77,179.47,0,-.407
102,2009,338,900,13.75,600.84,0,-.22
102,2009,338,1000,13.75,1345.2,0,-.259
102,2009,338,1100,13.74,1845.4,0,-.292
102,2009,338,1200,13.72,2493.4,0,-.237
102,2009,338,1300,13.25,2210.2,0,-.286
102,2009,338,1400,13.34,1875.8,0,-.292
102,2009,338,1500,13.69,1588.9,0,-.253
102,2009,338,1600,13.68,1771.8,0,-.27
102,2009,338,1700,13.67,1601.6,0,-.253
102,2009,338,1800,13.66,472.47,0,-.242
102,2009,338,1900,13.66,48.343,0,-.303
102,2009,338,2000,13.67,0,0,-.27
102,2009,338,2100,13.68,0,0,-.242
102,2009,338,2200,13.69,0,0,-.248
102,2009,338,2300,13.7,0,0,-.248
101,2009,338,2400,13.25,16035,0
102,2009,338,2400,13.72,0,0,-.391
102,2009,339,100,13.73,0,0,-.506
102,2009,339,200,13.74,0,0,-.512
102,2009,339,300,13.75,0,0,-.545
102,2009,339,400,13.76,0,0,-.551
102,2009,339,500,13.76,0,0,-.589
102,2009,339,600,13.77,0,0,-.573
102,2009,339,700,13.78,2.5674,0,-.628
102,2009,339,800,13.78,218.61,0,-.672
102,2009,339,900,13.77,934.02,0,-.633
102,2009,339,1000,13.76,1858.2,0,-.275
102,2009,339,1100,13.74,2569.8,0,-.281
102,2009,339,1200,13.72,3157.9,0,-.275
102,2009,339,1300,13.7,3167,0,-.253
102,2009,339,1400,13.68,3518.9,0,-.275
102,2009,339,1500,13.53,3102.2,0,-.242
102,2009,339,1600,13.24,2494.9,0,-.226
102,2009,339,1700,12.63,1168,0,-.204
102,2009,339,1800,13.29,383.89,0,-.545
102,2009,339,1900,13.68,8.6113,0,-.661
102,2009,339,2000,13.7,1.7912,0,-.336
102,2009,339,2100,13.71,.36401,0,-.231
102,2009,339,2200,13.72,.38318,0,-.22
102,2009,339,2300,13.73,.00958,0,-.253
101,2009,339,2400,12.63,22587,0
102,2009,339,2400,13.73,0,0,-.226
102,2009,340,100,13.73,0,0,-.446
102,2009,340,200,13.74,0,0,-.495
102,2009,340,300,13.74,0,0,-.562
102,2009,340,400,13.75,0,0,-.551
102,2009,340,500,13.77,0,0,-.584
102,2009,340,600,13.78,0,0,-.567
102,2009,340,700,13.79,2.5387,0,-.545
102,2009,340,800,13.79,254.01,0,-.529
102,2009,340,900,13.77,926.72,0,-.308
102,2009,340,1000,13.75,1814.3,0,-.259
102,2009,340,1100,13.74,2476.4,0,-.264
102,2009,340,1200,13.72,3091.2,0,-.248
102,2009,340,1300,13.7,2850.1,0,-.209
102,2009,340,1400,13.69,2063.9,0,-.226
102,2009,340,1500,13.67,2574.4,0,-.22
102,2009,340,1600,13.66,1358.8,0,-.259
102,2009,340,1700,13.66,1022.8,0,-.209
102,2009,340,1800,13.66,244.88,0,-.336
102,2009,340,1900,13.68,33.736,0,-.187
102,2009,340,2000,13.68,0,0,-.303
102,2009,340,2100,13.69,0,0,-.275
102,2009,340,2200,12.93,0,0,-.237
102,2009,340,2300,12.89,.05748,0,-.253
101,2009,340,2400,12.88,18714,0
102,2009,340,2400,12.88,0,0,-.253
102,2009,341,100,12.87,0,0,-.187
102,2009,341,200,12.86,0,0,-.215
102,2009,341,300,12.86,0,0,-.193
102,2009,341,400,12.85,0,0,-.248
102,2009,341,500,12.85,0,0,-.281
102,2009,341,600,12.85,0,0,-.275
102,2009,341,700,12.84,1.389,0,-.264
102,2009,341,800,12.85,216.26,0,-.248
102,2009,341,900,13.7,961.49,0,-.149
102,2009,341,1000,13.75,1856.7,0,-.215
102,2009,341,1100,13.73,2651.9,0,-.259
102,2009,341,1200,13.71,3227.3,0,-.204
102,2009,341,1300,13.69,2458.9,0,-.215
102,2009,341,1400,13.68,2363.9,0,-.193
102,2009,341,1500,13.67,1522.7,0,-.237
102,2009,341,1600,13.66,1148.7,0,-.16
102,2009,341,1700,13.66,1571.3,0,-.248
102,2009,341,1800,13.24,820.59,0,-.253
102,2009,341,1900,13.5,65.173,0,-.528
102,2009,341,2000,13.73,1.1495,0,-.523
102,2009,341,2100,13.74,.51729,0,-.33
102,2009,341,2200,13.74,.03832,0,-.27
102,2009,341,2300,13.74,0,0,-.209
101,2009,341,2400,12.84,18868,0
102,2009,341,2400,13.74,0,0,-.286
102,2009,342,100,13.75,0,0,-.264
102,2009,342,200,13.76,0,0,-.27
102,2009,342,300,13.76,0,0,-.391
102,2009,342,400,13.77,0,0,-.358
102,2009,342,500,13.77,0,0,-.457
102,2009,342,600,13.77,0,0,-.446
102,2009,342,700,13.78,1.0729,0,-.446
102,2009,342,800,13.79,210.39,0,-.358
102,2009,342,900,13.78,936.27,0,-.264
102,2009,342,1000,13.76,1609.1,0,-.253
102,2009,342,1100,13.74,2532.7,0,-.215
102,2009,342,1200,13.72,3087.1,0,-.242
102,2009,342,1300,13.7,3384.5,0,-.259
102,2009,342,1400,13.68,3583.3,0,-.226
102,2009,342,1500,13.66,3015.9,0,-.248
102,2009,342,1600,13.65,2548.6,0,-.215
102,2009,342,1700,13.65,1835.3,0,-.226
102,2009,342,1800,13.65,333.05,0,-.264
102,2009,342,1900,13.65,122.19,0,-.242
102,2009,342,2000,13.65,0,0,-.27
102,2009,342,2100,13.66,0,0,-.259
102,2009,342,2200,13.67,0,0,-.286
102,2009,342,2300,13.68,0,0,-.231
101,2009,342,2400,13.65,23199,0
102,2009,342,2400,13.7,0,0,-.22
102,2009,343,100,13.7,0,0,-.264
102,2009,343,200,13.72,0,0,-.517
102,2009,343,300,13.72,0,0,-.545
102,2009,343,400,13.74,0,0,-.545
102,2009,343,500,13.75,0,0,-.567
102,2009,343,600,13.75,0,0,-.556
102,2009,343,700,13.75,3.2378,0,-.589
102,2009,343,800,13.77,156.99,0,-.429
102,2009,343,900,13.76,784.43,0,-.319
102,2009,343,1000,13.74,1850.5,0,-.237
102,2009,343,1100,13.73,2564.6,0,-.253
102,2009,343,1200,13.7,2884.8,0,-.193
102,2009,343,1300,13.68,3106.7,0,-.204
102,2009,343,1400,13.67,2705.4,0,-.226
102,2009,343,1500,13.66,2849.8,0,-.248
102,2009,343,1600,13.64,2504.2,0,-.226
102,2009,343,1700,13.63,1637.2,0,-.215
102,2009,343,1800,13.54,728.44,0,-.314
102,2009,343,1900,13.33,120.27,0,-.308
102,2009,343,2000,13.21,0,0,-.314
102,2009,343,2100,13.67,0,0,-.248
102,2009,343,2200,13.67,0,0,-.242
102,2009,343,2300,13.67,0,0,-.242
101,2009,343,2400,13.21,21897,0
102,2009,343,2400,13.67,0,0,-.237
102,2009,344,100,13.68,0,0,-.204
102,2009,344,200,13.69,0,0,-.275
102,2009,344,300,13.7,0,0,-.253
102,2009,344,400,13.7,0,0,-.264
102,2009,344,500,13.71,0,0,-.44
102,2009,344,600,13.72,0,0,-.562
102,2009,344,700,13.74,.53645,0,-.589
102,2009,344,800,13.75,53.75,0,-.512
102,2009,344,900,13.75,314.28,0,-.501
102,2009,344,1000,13.58,804.49,0,-.275
102,2009,344,1100,13.75,1901.5,0,-.27
102,2009,344,1200,13.74,1888.4,0,-.286
102,2009,344,1300,13.72,2516.8,0,-.253
102,2009,344,1400,13.71,2652.7,0,-.253
102,2009,344,1500,13.69,2118.2,0,-.248
102,2009,344,1600,13.69,1480.5,0,-.242
102,2009,344,1700,13.68,974.67,0,-.237
102,2009,344,1800,13.61,618.25,0,-.182
102,2009,344,1900,13.38,134.07,0,-.215
102,2009,344,2000,13.29,.20115,0,-.198
102,2009,344,2100,13.7,0,0,-.253
102,2009,344,2200,13.7,0,0,-.264
102,2009,344,2300,13.72,0,0,-.275
101,2009,344,2400,13.29,15458,0
102,2009,344,2400,13.74,0,0,-.281
102,2009,345,100,13.75,0,0,-.468
102,2009,345,200,13.76,0,0,-.584
102,2009,345,300,13.77,0,0,-.573
102,2009,345,400,13.77,0,0,-.573
102,2009,345,500,13.77,0,0,-.617
102,2009,345,600,13.79,0,0,-.54
102,2009,345,700,13.78,.6227,0,-.529
102,2009,345,800,13.78,186.54,0,-.727
102,2009,345,900,13.77,567.89,0,-.462
102,2009,345,1000,13.77,792.67,0,-.253
102,2009,345,1100,13.76,1056.9,0,-.275
102,2009,345,1200,13.75,1799.8,0,-.231
102,2009,345,1300,13.75,2321,0,-.237
102,2009,345,1400,13.72,2778.8,0,-.248
102,2009,345,1500,13.72,982.79,0,-.578
102,2009,345,1600,12.52,119.15,.866,124
102,2009,345,1700,13.8,99.779,1,246.9
102,2009,345,1800,13.8,56.716,1,289.6
102,2009,345,1900,13.78,16.66,.816,106.9
102,2009,345,2000,13.78,0,.75,125.7
102,2009,345,2100,13.78,0,.783,98.9
102,2009,345,2200,13.78,0,.716,41.63
102,2009,345,2300,13.79,0,.583,33.53
101,2009,345,2400,12.52,10779,7.25
102,2009,345,2400,13.79,0,.733,138.8
102,2009,346,100,13.79,0,.6,46.92
102,2009,346,200,13.79,0,.616,51.43
102,2009,346,300,13.8,0,.533,159.9
102,2009,346,400,13.81,0,.733,128.5
102,2009,346,500,13.82,0,.733,134.6
102,2009,346,600,13.82,0,.7,158.2
102,2009,346,700,13.82,.1437,.75,174
102,2009,346,800,13.83,90.646,.916,250.3
102,2009,346,900,13.82,287.92,.883,188.5
102,2009,346,1000,13.82,1330.5,.933,242.5
102,2009,346,1100,13.81,993.48,.8,268.7
102,2009,346,1200,13.8,1432.6,0,38.02
102,2009,346,1300,13.77,3976.5,0,4.51
102,2009,346,1400,13.76,1452,0,19.09
102,2009,346,1500,13.78,61.368,0,11.14
102,2009,346,1600,13.8,108.3,0,-.512
102,2009,346,1700,13.81,440.17,0,-.507
102,2009,346,1800,13.8,416.68,0,-.507
102,2009,346,1900,13.8,75.397,0,-.358
102,2009,346,2000,13.8,.00958,0,-.402
102,2009,346,2100,13.8,0,0,-.419
102,2009,346,2200,13.8,0,0,-.479
102,2009,346,2300,13.8,0,0,-.567
101,2009,346,2400,13.76,10666,8.2
102,2009,346,2400,13.81,0,0,-.578
102,2009,347,100,13.81,0,0,-.545
102,2009,347,200,13.82,0,0,-.545
102,2009,347,300,13.82,0,0,-.551
102,2009,347,400,13.83,0,0,-.6
102,2009,347,500,13.83,0,0,-.578
102,2009,347,600,13.83,0,0,-.529
102,2009,347,700,13.84,.85262,0,-.49
102,2009,347,800,13.84,116.34,0,-.424
102,2009,347,900,13.83,693.47,0,-.264
102,2009,347,1000,13.82,1193.8,0,-.259
102,2009,347,1100,13.8,1507.8,0,-.231
102,2009,347,1200,13.78,2268,0,-.264
102,2009,347,1300,13.77,2630.3,0,-.281
102,2009,347,1400,13.75,3500.7,0,-.292
102,2009,347,1500,13.73,3010.6,0,-.275
102,2009,347,1600,13.62,2415.3,0,-.248
102,2009,347,1700,13.71,2080.4,0,-.231
102,2009,347,1800,13.7,698.46,0,-.253
102,2009,347,1900,13.72,120.78,0,-.248
102,2009,347,2000,13.72,0,0,-.27
102,2009,347,2100,13.73,0,0,-.253
102,2009,347,2200,13.74,0,0,-.253
102,2009,347,2300,13.75,0,0,-.275
101,2009,347,2400,13.62,20237,0
102,2009,347,2400,13.75,0,0,-.396
102,2009,348,100,13.76,0,0,-.507
102,2009,348,200,13.77,0,0,-.562
102,2009,348,300,13.79,0,0,-.589
102,2009,348,400,13.79,0,0,-.534
102,2009,348,500,13.8,0,0,-.611
102,2009,348,600,13.8,0,0,-.534
102,2009,348,700,13.8,.39279,0,-.485
102,2009,348,800,13.81,166.5,0,-.43
102,2009,348,900,13.8,849.99,0,-.369
102,2009,348,1000,13.78,1762.1,0,-.248
102,2009,348,1100,13.77,2437.5,0,-.242
102,2009,348,1200,13.75,2967.5,0,-.253
102,2009,348,1300,13.73,2596.6,0,-.259
102,2009,348,1400,13.72,2809.3,0,-.27
102,2009,348,1500,13.7,2315.3,0,-.237
102,2009,348,1600,13.7,575.46,.183,3.105
102,2009,348,1700,13.55,1223.3,0,4.228
102,2009,348,1800,13.73,210.36,0,5.208
102,2009,348,1900,13.74,29.477,0,.947
102,2009,348,2000,13.73,0,0,.198
102,2009,348,2100,13.08,0,0,-.187
102,2009,348,2200,13.75,0,0,-.259
102,2009,348,2300,13.76,0,0,-.314
101,2009,348,2400,13.08,17944,.183
102,2009,348,2400,13.75,0,0,-.528
102,2009,349,100,13.77,0,0,-.578
102,2009,349,200,13.77,0,0,-.485
102,2009,349,300,13.78,0,0,-.54
102,2009,349,400,13.79,0,0,-.556
102,2009,349,500,13.79,0,0,-.666
102,2009,349,600,13.8,0,0,-.611
102,2009,349,700,13.81,.6323,0,-.54
102,2009,349,800,13.81,182.46,0,-.633
102,2009,349,900,13.81,892.67,0,-.463
102,2009,349,1000,13.79,1756.3,0,-.226
102,2009,349,1100,13.77,2494.4,0,-.27
102,2009,349,1200,13.75,2765.7,0,-.264
102,2009,349,1300,13.73,2593.4,0,-.259
102,2009,349,1400,13.72,1786.9,0,-.259
102,2009,349,1500,13.72,211.99,0,-.628
102,2009,349,1600,13.77,871.38,0,-.418
102,2009,349,1700,13.75,658.42,0,-.27
102,2009,349,1800,13.76,317.48,0,-.292
102,2009,349,1900,13.76,102.16,0,-.259
102,2009,349,2000,13.77,.00958,0,-.22
102,2009,349,2100,13.78,0,0,-.237
102,2009,349,2200,13.79,0,0,-.237
102,2009,349,2300,13.79,0,0,-.54
101,2009,349,2400,13.72,14634,0
102,2009,349,2400,13.79,0,0,-.496
102,2009,350,100,13.79,0,0,-.589
102,2009,350,200,13.8,0,0,-.545
102,2009,350,300,13.8,0,0,-.589
102,2009,350,400,13.81,0,0,-.611
102,2009,350,500,13.82,0,0,-.534
102,2009,350,600,13.82,0,0,-.573
102,2009,350,700,13.83,1.0346,0,-.606
102,2009,350,800,13.84,122.27,0,-.644
102,2009,350,900,13.83,479.47,0,-.496
102,2009,350,1000,13.82,976.31,0,-.33
102,2009,350,1100,13.8,1323.6,0,-.264
102,2009,350,1200,13.79,2147.9,0,-.259
102,2009,350,1300,13.77,2220.7,0,-.237
102,2009,350,1400,13.75,2415.6,0,-.281
102,2009,350,1500,13.73,2252.3,0,-.297
102,2009,350,1600,13.73,2179,0,-.264
102,2009,350,1700,13.72,1432.6,0,-.226
102,2009,350,1800,13.72,552.94,0,-.259
102,2009,350,1900,13.73,131.53,0,-.237
102,2009,350,2000,13.18,0,0,-.286
102,2009,350,2100,13.11,0,0,-.286
102,2009,350,2200,13.76,0,0,-.292
102,2009,350,2300,13.77,0,0,-.435
101,2009,350,2400,13.11,16235,0
102,2009,350,2400,13.77,0,0,-.435
102,2009,351,100,13.78,0,0,-.457
102,2009,351,200,13.78,0,0,-.562
102,2009,351,300,13.79,0,0,-.578
102,2009,351,400,13.8,0,0,-.578
102,2009,351,500,13.8,0,0,-.567
102,2009,351,600,13.81,0,0,-.584
102,2009,351,700,13.82,.31614,0,-.666
102,2009,351,800,13.83,167.64,0,-.578
102,2009,351,900,13.82,859.37,0,-.435
102,2009,351,1000,13.79,1742.6,0,-.231
102,2009,351,1100,13.78,2510.1,0,-.253
102,2009,351,1200,13.75,2913.7,0,-.237
102,2009,351,1300,13.74,2686.1,0,-.259
102,2009,351,1400,13.72,3171.8,0,-.264
102,2009,351,1500,13.7,3215.5,0,-.242
102,2009,351,1600,13.69,2616,0,-.253
102,2009,351,1700,13.68,1911.3,0,-.264
102,2009,351,1800,13.68,1087.4,0,-.308
102,2009,351,1900,13.68,206.01,0,-.237
102,2009,351,2000,13.68,.02874,0,-.242
102,2009,351,2100,13.7,0,0,-.253
102,2009,351,2200,13.7,0,0,-.242
102,2009,351,2300,13.72,0,0,-.253
101,2009,351,2400,13.68,23088,0
102,2009,351,2400,13.72,.10537,0,-.237
102,2009,352,100,13.73,0,0,-.237
102,2009,352,200,13.74,0,0,-.292
102,2009,352,300,13.75,0,0,-.484
102,2009,352,400,13.76,0,0,-.545
102,2009,352,500,13.76,0,0,-.6
102,2009,352,600,13.77,0,0,-.611
102,2009,352,700,13.78,1.0346,0,-.551
102,2009,352,800,13.79,180.91,0,-.622
102,2009,352,900,13.77,876.33,0,-.259
102,2009,352,1000,13.76,1733,0,-.253
102,2009,352,1100,13.74,2494,0,-.22
102,2009,352,1200,13.72,3074.8,0,-.253
102,2009,352,1300,13.71,3387.8,0,-.253
102,2009,352,1400,13.69,3417.7,0,-.27
102,2009,352,1500,13.67,3108.3,0,-.281
102,2009,352,1600,13.66,2525.5,0,-.281
102,2009,352,1700,13.65,1297.4,0,-.259
102,2009,352,1800,13.65,408.88,0,-.242
102,2009,352,1900,13.65,137.27,0,-.215
102,2009,352,2000,13.66,.02874,0,-.237
102,2009,352,2100,13.67,0,0,-.231
102,2009,352,2200,13.69,0,0,-.215
102,2009,352,2300,13.7,0,0,-.248
101,2009,352,2400,13.65,22643,0
102,2009,352,2400,13.72,0,0,-.242
102,2009,353,100,13.73,0,0,-.248
102,2009,353,200,13.74,0,0,-.286
102,2009,353,300,13.74,0,0,-.237
102,2009,353,400,13.75,0,0,-.242
102,2009,353,500,13.77,0,0,-.253
102,2009,353,600,13.78,0,0,-.226
102,2009,353,700,13.79,.52692,0,-.253
102,2009,353,800,13.8,165.41,0,-.253
102,2009,353,900,13.78,883.77,0,-.231
102,2009,353,1000,13.77,1705,0,-.275
102,2009,353,1100,13.74,2311,0,-.237
102,2009,353,1200,13.72,3057.3,0,-.242
102,2009,353,1300,13.7,3321.4,0,-.286
102,2009,353,1400,13.68,3216.4,0,-.204
102,2009,353,1500,13.55,740.68,0,-.22
102,2009,353,1600,13.56,600.32,.033,25.73
102,2009,353,1700,13.65,455.62,0,-.237
102,2009,353,1800,13.64,497.25,0,-.226
102,2009,353,1900,13.65,200.91,0,-.248
102,2009,353,2000,13.66,.07663,0,-.187
102,2009,353,2100,13.68,0,0,-.187
102,2009,353,2200,13.7,0,0,-.226
102,2009,353,2300,13.72,0,0,-.209
101,2009,353,2400,13.55,17156,.033
102,2009,353,2400,13.74,0,0,-.237
102,2009,354,100,13.75,0,0,-.193
102,2009,354,200,13.76,0,0,-.22
102,2009,354,300,13.76,0,0,-.259
102,2009,354,400,13.77,0,0,-.237
102,2009,354,500,13.78,0,0,-.253
102,2009,354,600,13.79,0,0,-.27
102,2009,354,700,13.79,.57483,0,-.27
102,2009,354,800,12.87,145.3,0,-.204
102,2009,354,900,13.67,708.58,0,-.231
102,2009,354,1000,12.87,1196.5,0,-.187
102,2009,354,1100,13.53,890.68,0,-.204
102,2009,354,1200,13.59,382.3,0,-.275
102,2009,354,1300,12.8,370.31,0,-.253
102,2009,354,1400,13.55,410.44,0,-.242
102,2009,354,1500,13.56,506.97,0,-.231
102,2009,354,1600,12.93,505.12,0,-.231
102,2009,354,1700,13.55,457.25,0,-.253
102,2009,354,1800,13.55,542.2,0,-.27
102,2009,354,1900,13.5,201.37,0,-.27
102,2009,354,2000,13.28,.27778,0,-.308
102,2009,354,2100,13.14,0,0,-.253
102,2009,354,2200,13.04,0,0,-.27
102,2009,354,2300,12.95,0,0,-.264
101,2009,354,2400,12.8,6317.9,0
102,2009,354,2400,12.89,0,0,-.264
102,2009,355,100,12.84,0,0,-.259
102,2009,355,200,12.8,0,0,-.237
102,2009,355,300,12.79,0,0,-.204
102,2009,355,400,12.78,0,0,-.231
102,2009,355,500,12.78,0,0,-.248
102,2009,355,600,12.77,0,0,-.237
102,2009,355,700,12.76,.31615,0,-.204
102,2009,355,800,12.77,159.1,0,-.248
102,2009,355,900,13.56,711.15,0,-.303
102,2009,355,1000,12.87,1181.2,0,-.231
102,2009,355,1100,13.6,916.15,0,-.275
102,2009,355,1200,13.62,405.79,0,-.281
102,2009,355,1300,13.67,349.1,0,-.275
102,2009,355,1400,13.65,419.64,0,-.248
102,2009,355,1500,13.52,507.71,0,-.22
102,2009,355,1600,13.09,620.41,0,-.336
102,2009,355,1700,13.52,736.3,0,-.275
102,2009,355,1800,13.52,572.61,0,-.253
102,2009,355,1900,12.4,217.21,0,-.297
102,2009,355,2000,12.94,.01916,0,-.259
102,2009,355,2100,12.88,0,0,-.275
102,2009,355,2200,12.84,0,0,-.226
102,2009,355,2300,12.82,0,0,-.22
101,2009,355,2400,12.4,6796.7,0
102,2009,355,2400,12.8,0,0,-.253
102,2009,356,100,12.8,0,0,-.204
102,2009,356,200,12.8,0,0,-.248
102,2009,356,300,12.79,0,0,-.226
102,2009,356,400,12.79,0,0,-.176
102,2009,356,500,12.79,0,0,-.22
102,2009,356,600,12.79,0,0,-.237
102,2009,356,700,12.78,.38317,0,-.275
102,2009,356,800,12.79,144.59,0,-.264
102,2009,356,900,13.54,659.58,0,-.292
102,2009,356,1000,13.21,1108.1,0,-.264
102,2009,356,1100,13.61,937.46,0,-.253
102,2009,356,1200,13.07,510.32,0,-.215
102,2009,356,1300,13.1,509.11,0,-.248
102,2009,356,1400,13.53,531.23,0,-.253
102,2009,356,1500,13.52,619.49,0,-.27
102,2009,356,1600,12.98,596.06,0,-.253
102,2009,356,1700,13.52,477.48,0,-.231
102,2009,356,1800,13.2,540.1,0,-.264
102,2009,356,1900,12.43,142.96,0,-.237
102,2009,356,2000,12.84,.07663,0,-.16
102,2009,356,2100,12.82,0,0,-.193
102,2009,356,2200,12.81,0,0,-.226
102,2009,356,2300,12.8,0,0,-.187
101,2009,356,2400,12.43,6776.9,0
102,2009,356,2400,12.8,0,0,-.226
102,2009,357,100,12.8,0,0,-.215
102,2009,357,200,12.8,.00958,0,-.209
102,2009,357,300,12.79,0,0,-.215
102,2009,357,400,12.79,.41192,0,-.462
102,2009,357,500,12.79,.05748,0,-.253
102,2009,357,600,12.79,0,0,-.264
102,2009,357,700,12.78,.00958,0,-.248
102,2009,357,800,12.78,94.538,0,-.226
102,2009,357,900,13.3,723.63,0,-.264
102,2009,357,1000,12.87,1209,0,-.22
102,2009,357,1100,13.59,952.75,0,-.231
102,2009,357,1200,13.41,499.25,0,-.259
102,2009,357,1300,13.08,623.68,0,-.171
102,2009,357,1400,13.46,927.79,0,-.215
102,2009,357,1500,13.52,867.09,0,-.204
102,2009,357,1600,13.07,846.91,0,-.27
102,2009,357,1700,13.55,916.52,0,-.297
102,2009,357,1800,13.55,542.44,0,-.253
102,2009,357,1900,13.37,85.023,0,-.27
102,2009,357,2000,13.2,.04789,0,-.138
102,2009,357,2100,13.08,.03832,0,-.204
102,2009,357,2200,12.99,0,0,-.215
102,2009,357,2300,12.91,0,0,-.204
101,2009,357,2400,12.78,8289.2,0
102,2009,357,2400,12.86,0,0,-.176
102,2009,358,100,12.82,0,0,-.187
102,2009,358,200,12.8,0,0,-.209
102,2009,358,300,12.8,0,0,-.325
102,2009,358,400,12.8,0,0,-.297
102,2009,358,500,12.8,0,0,-.347
102,2009,358,600,12.8,0,0,-.534
102,2009,358,700,12.8,0,0,-.528
102,2009,358,800,12.8,22.895,0,-.363
102,2009,358,900,12.92,134.11,0,-.507
102,2009,358,1000,12.33,824.78,0,-.275
102,2009,358,1100,13.12,1188.4,0,-.259
102,2009,358,1200,13.21,793.01,0,-.281
102,2009,358,1300,12.33,475.71,0,-.308
102,2009,358,1400,12.99,1172.1,0,-.259
102,2009,358,1500,13.49,1448.2,0,-.209
102,2009,358,1600,13.45,1078,0,-.242
102,2009,358,1700,13.5,934.8,0,-.292
102,2009,358,1800,13.49,705.92,0,-.264
102,2009,358,1900,13.42,171.42,0,-.264
102,2009,358,2000,13.23,.07663,0,-.215
102,2009,358,2100,13.11,0,0,-.204
102,2009,358,2200,13.02,0,0,-.275
102,2009,358,2300,12.94,0,0,-.253
101,2009,358,2400,12.33,8949.5,0
102,2009,358,2400,12.87,0,0,-.259
102,2009,359,100,12.83,0,0,-.286
102,2009,359,200,12.8,0,0,-.215
102,2009,359,300,12.79,0,0,-.253
102,2009,359,400,12.8,0,0,-.253
102,2009,359,500,12.81,0,0,-.253
102,2009,359,600,12.81,.05748,0,-.347
102,2009,359,700,12.81,.05748,0,-.661
102,2009,359,800,12.81,57.415,0,-.661
102,2009,359,900,12.79,277.08,0,-.589
102,2009,359,1000,12.33,702.51,0,-.441
102,2009,359,1100,13.11,1199.7,0,-.248
102,2009,359,1200,13.52,1469.7,0,-.297
102,2009,359,1300,13.33,1238,0,-.226
102,2009,359,1400,13.26,1182.2,0,-.226
102,2009,359,1500,13.38,802.36,0,-.242
102,2009,359,1600,12.39,791.52,0,-.204
102,2009,359,1700,13.44,768.29,0,-.204
102,2009,359,1800,12.66,383.56,0,-.259
102,2009,359,1900,13.11,78.722,0,-.286
102,2009,359,2000,13.06,.89087,0,-.231
102,2009,359,2100,12.97,0,0,-.226
102,2009,359,2200,12.91,0,0,-.242
102,2009,359,2300,12.87,0,0,-.286
101,2009,359,2400,12.33,8952,0
102,2009,359,2400,12.85,0,0,-.396
102,2009,360,100,12.83,0,0,-.49
102,2009,360,200,12.81,0,0,-.534
102,2009,360,300,12.8,0,0,-.567
102,2009,360,400,12.79,0,0,-.545
102,2009,360,500,12.79,0,0,-.551
102,2009,360,600,12.78,0,0,-.413
102,2009,360,700,12.77,0,0,-.281
102,2009,360,800,12.77,49.452,0,-.27
102,2009,360,900,13.1,376.26,0,-.259
102,2009,360,1000,12.47,861.47,0,-.259
102,2009,360,1100,13.49,1369.9,0,-.226
102,2009,360,1200,13.36,1473.1,0,-.248
102,2009,360,1300,12.7,1124.6,0,-.215
102,2009,360,1400,13.23,746.45,0,-.253
102,2009,360,1500,13.39,972.27,0,-.27
102,2009,360,1600,12.39,532.65,0,-.264
102,2009,360,1700,12.56,345.89,0,-.292
102,2009,360,1800,12.59,274.09,0,-.27
102,2009,360,1900,13.08,24.197,0,-.303
102,2009,360,2000,13,.57477,0,-.622
102,2009,360,2100,12.96,.05748,0,-.556
102,2009,360,2200,12.93,0,0,-.463
102,2009,360,2300,12.9,0,0,.446
101,2009,360,2400,12.39,8150.9,0
102,2009,360,2400,12.88,0,0,.138
102,2009,361,100,12.87,0,0,.127
102,2009,361,200,12.85,0,0,.281
102,2009,361,300,12.84,0,0,.65
102,2009,361,400,12.83,0,0,.887
102,2009,361,500,12.81,0,0,.98
102,2009,361,600,12.81,.0958,0,.534
102,2009,361,700,12.79,1.3987,0,.49
102,2009,361,800,12.79,93.873,0,.396
102,2009,361,900,13.31,425.29,0,-.094
102,2009,361,1000,13.59,1146.4,0,-.242
102,2009,361,1100,13.54,1142.4,0,-.242
102,2009,361,1200,13.42,808.04,0,-.275
102,2009,361,1300,12.51,886.59,0,-.248
102,2009,361,1400,13.41,1060.4,0,-.215
102,2009,361,1500,13.41,788.46,0,-.231
102,2009,361,1600,12.57,629.37,0,-.248
102,2009,361,1700,13.39,787.86,0,-.253
102,2009,361,1800,13.34,527.95,0,-.259
102,2009,361,1900,13.21,11.754,0,-.506
102,2009,361,2000,13.09,.31611,0,-.54
102,2009,361,2100,12.99,0,0,-.573
102,2009,361,2200,12.92,.38316,0,-.573
102,2009,361,2300,12.87,0,0,-.556
101,2009,361,2400,12.51,8310.6,0
102,2009,361,2400,12.83,0,0,-.496
102,2009,362,100,12.81,.00958,0,-.462
102,2009,362,200,12.81,.0479,0,-.556
102,2009,362,300,12.81,.16287,0,-.611
102,2009,362,400,12.81,.00958,0,-.611
102,2009,362,500,12.81,0,0,-.606
102,2009,362,600,12.81,0,0,-.545
102,2009,362,700,12.81,0,0,-.584
102,2009,362,800,12.8,8.0568,0,-.556
102,2009,362,900,12.82,111.25,0,-.578
102,2009,362,1000,13.67,487.34,0,-.419
102,2009,362,1100,13.67,887.27,0,-.27
102,2009,362,1200,13.4,1062.1,0,-.209
102,2009,362,1300,13.29,1343.1,0,-.275
102,2009,362,1400,13.44,1635.9,0,-.264
102,2009,362,1500,13.45,1277.9,0,-.22
102,2009,362,1600,12.63,453.72,0,-.259
102,2009,362,1700,13.59,784.4,0,-.281
102,2009,362,1800,13.59,697.84,0,-.253
102,2009,362,1900,13.59,209.5,0,-.27
102,2009,362,2000,13.23,1.5518,0,-.204
102,2009,362,2100,13.11,0,0,-.259
102,2009,362,2200,13.02,0,0,-.281
102,2009,362,2300,12.94,0,0,-.363
101,2009,362,2400,12.63,8960.1,0
102,2009,362,2400,12.89,0,0,-.523
102,2009,363,100,12.83,0,0,-.6
102,2009,363,200,12.81,0,0,-.562
102,2009,363,300,12.79,0,0,-.545
102,2009,363,400,12.79,0,0,-.54
102,2009,363,500,12.79,.12454,0,-.639
102,2009,363,600,12.78,0,0,-.611
102,2009,363,700,12.78,0,0,-.611
102,2009,363,800,12.78,93.952,0,-.551
102,2009,363,900,13.66,561.85,0,-.424
102,2009,363,1000,13.67,1037.6,0,-.314
102,2009,363,1100,13.41,1304.9,0,-.27
102,2009,363,1200,13.46,1200.1,0,-.215
102,2009,363,1300,12.27,1151.1,0,-.22
102,2009,363,1400,13.43,1066.3,0,-.248
102,2009,363,1500,12.79,728.33,0,-.413
102,2009,363,1600,12.38,1095.9,0,-.341
102,2009,363,1700,12.61,428.78,0,-.275
102,2009,363,1800,12.76,40.578,0,-.396
102,2009,363,1900,12.89,18.7,0,-.501
102,2009,363,2000,12.83,.01916,0,-.567
102,2009,363,2100,12.81,0,0,-.545
102,2009,363,2200,12.8,0,0,-.595
102,2009,363,2300,12.79,0,0,-.567
101,2009,363,2400,12.27,8728.1,0
102,2009,363,2400,12.79,0,0,-.6
102,2009,364,100,12.79,0,0,-.578
102,2009,364,200,12.78,0,0,-.578
102,2009,364,300,12.78,0,0,-.573
102,2009,364,400,12.77,0,0,-.573
102,2009,364,500,12.77,.03832,0,-.54
102,2009,364,600,12.77,0,0,-.606
102,2009,364,700,12.77,0,0,-.589
102,2009,364,800,12.77,79.916,0,-.54
102,2009,364,900,13.32,339.8,0,-.468
102,2009,364,1000,13.41,649.55,0,-.303
102,2009,364,1100,13.67,865.02,0,-.259
102,2009,364,1200,13.65,1413.7,0,-.242
102,2009,364,1300,12.96,1206.4,0,-.27
102,2009,364,1400,13.43,1201.7,0,-.259
102,2009,364,1500,13.41,1068.7,0,-.253
102,2009,364,1600,12.43,374.58,0,-.286
102,2009,364,1700,13.59,434.09,0,-.281
102,2009,364,1800,13.59,860.97,0,-.237
102,2009,364,1900,12.34,252.22,0,-.209
102,2009,364,2000,12.87,.97715,0,-.231
102,2009,364,2100,12.85,0,0,-.226
102,2009,364,2200,12.84,0,0,-.237
102,2009,364,2300,12.83,0,0,-.303
101,2009,364,2400,12.34,8747.6,0
102,2009,364,2400,12.81,0,0,-.507
102,2009,365,100,12.8,0,0,-.54
102,2009,365,200,12.79,0,0,-.578
102,2009,365,300,12.78,0,0,-.606
102,2009,365,400,12.77,0,0,-.556
102,2009,365,500,12.77,0,0,-.611
102,2009,365,600,12.77,0,0,-.683
102,2009,365,700,12.76,.03832,0,-.584
102,2009,365,800,12.76,89.64,0,-.699
102,2009,365,900,13.31,505.9,0,-.391
102,2009,365,1000,13.48,788.06,0,-.198
102,2009,365,1100,13.48,988.56,0,-.253
102,2009,365,1200,13.62,1011.9,0,-.253
102,2009,365,1300,12.82,735.21,0,-.237
102,2009,365,1400,13.47,1214.1,0,-.237
102,2009,365,1500,13.6,723.44,0,-.264
102,2009,365,1600,12.94,668.19,0,-.237
102,2009,365,1700,13.6,810.61,0,-.259
102,2009,365,1800,13.59,806.36,0,-.286
102,2009,365,1900,13.61,262.1,0,-.209
102,2009,365,2000,13.21,6.255,0,-.446
102,2009,365,2100,13.1,0,0,-.567
102,2009,365,2200,13,1.3411,0,-.578
102,2009,365,2300,12.93,.56518,0,-.517
101,2009,365,2400,12.76,8612.5,0
102,2009,365,2400,12.87,.26822,0,-.061
102,2010,1,100,12.83,.06705,0,-.226
102,2010,1,200,12.82,0,0,-.226
102,2010,1,300,12.81,0,0,-.259
102,2010,1,400,12.81,0,0,-.297
102,2010,1,500,12.81,0,0,-.292
102,2010,1,600,12.81,0,0,-.286
102,2010,1,700,12.81,0,0,-.303
102,2010,1,800,12.81,112.31,0,-.292
102,2010,1,900,13.65,532.31,0,-.16
102,2010,1,1000,13.52,910.01,0,-.314
102,2010,1,1100,13.61,960.57,0,-.314
102,2010,1,1200,13.62,979.05,0,-.308
102,2010,1,1300,12.4,1153,0,-.325
102,2010,1,1400,13.61,984.39,0,-.314
102,2010,1,1500,13.61,771.24,0,-.319
102,2010,1,1600,12.61,972.82,0,-.341
102,2010,1,1700,13.62,715.7,0,-.314
102,2010,1,1800,13.62,412.69,0,-.314
102,2010,1,1900,13.38,98.198,0,-.336
102,2010,1,2000,13.22,.24906,0,-.33
102,2010,1,2100,13.1,0,0,-.314
102,2010,1,2200,13,0,0,-.297
102,2010,1,2300,12.93,0,0,-.33
101,2010,1,2400,12.4,8602.6,0
102,2010,1,2400,12.87,0,0,-.314
102,2010,2,100,12.83,0,0,-.253
102,2010,2,200,12.8,0,0,-.215
102,2010,2,300,12.79,0,0,-.237
102,2010,2,400,12.8,0,0,-.226
102,2010,2,500,12.81,0,0,-.237
102,2010,2,600,12.81,0,0,-.281
102,2010,2,700,12.81,0,0,-.253
102,2010,2,800,12.81,73.853,0,-.237
102,2010,2,900,13.43,578.92,0,-.248
102,2010,2,1000,12.94,660.85,0,-.33
102,2010,2,1100,13.66,984.21,0,-.314
102,2010,2,1200,13.5,1218.8,0,-.319
102,2010,2,1300,13.47,1314.6,0,-.314
102,2010,2,1400,13.47,1315.3,0,-.253
102,2010,2,1500,13.47,898.01,0,-.253
102,2010,2,1600,12.55,568.67,0,-.275
102,2010,2,1700,13.47,752.99,0,-.292
102,2010,2,1800,13.49,732.26,0,-.204
102,2010,2,1900,13.57,264.06,0,-.242
102,2010,2,2000,13.25,1.4848,0,-.237
102,2010,2,2100,13.12,0,0,-.209
102,2010,2,2200,13.02,0,0,-.237
102,2010,2,2300,12.95,0,0,-.242
101,2010,2,2400,12.55,9364.1,0
102,2010,2,2400,12.88,0,0,-.248
102,2010,3,100,12.83,0,0,-.281
102,2010,3,200,12.8,0,0,-.215
102,2010,3,300,12.78,0,0,-.286
102,2010,3,400,12.78,0,0,-.413
102,2010,3,500,12.79,0,0,-.452
102,2010,3,600,12.79,0,0,-.385
102,2010,3,700,12.78,0,0,-.374
102,2010,3,800,12.54,87.994,0,-.385
102,2010,3,900,12.56,391.57,0,-.286
102,2010,3,1000,13.13,647.07,0,-.275
102,2010,3,1100,13.65,421.12,0,-.264
102,2010,3,1200,13.63,360.62,0,-.242
102,2010,3,1300,13.61,450.29,0,-.264
102,2010,3,1400,13.44,653.75,0,-.259
102,2010,3,1500,13.36,850.48,0,-.297
102,2010,3,1600,12.31,685.53,0,-.259
102,2010,3,1700,13.19,704.17,0,-.253
102,2010,3,1800,13.28,821.73,0,-.187
102,2010,3,1900,13.41,255.33,0,-.264
102,2010,3,2000,13.21,1.9158,0,-.281
102,2010,3,2100,13.09,.02874,0,-.264
102,2010,3,2200,12.99,0,0,-.176
102,2010,3,2300,12.92,0,0,-.215
101,2010,3,2400,12.31,6331.6,0
102,2010,3,2400,12.86,0,0,-.231
102,2010,4,100,12.83,0,0,-.182
102,2010,4,200,12.8,0,0,-.226
102,2010,4,300,12.8,0,0,-.248
102,2010,4,400,12.8,0,0,-.297
102,2010,4,500,12.81,0,0,-.429
102,2010,4,600,12.81,0,0,-.512
102,2010,4,700,12.81,0,0,-.584
102,2010,4,800,12.81,83.071,0,-.606
102,2010,4,900,13.46,388.82,0,-.286
102,2010,4,1000,12.52,617.45,0,-.248
102,2010,4,1100,12.81,541.95,0,-.248
102,2010,4,1200,13.43,541.82,0,-.27
102,2010,4,1300,12.67,532.23,0,-.22
102,2010,4,1400,13.41,724.38,0,-.226
102,2010,4,1500,13.21,780.86,0,-.248
102,2010,4,1600,12.67,659.09,0,-.27
102,2010,4,1700,13.51,586.64,0,-.292
102,2010,4,1800,13.12,665.35,0,-.231
102,2010,4,1900,13.37,329.41,0,-.231
102,2010,4,2000,13.2,3.9655,0,-.319
102,2010,4,2100,13.08,.26822,0,-.286
102,2010,4,2200,12.99,.72805,0,-.286
102,2010,4,2300,12.92,.38318,0,-.297
101,2010,4,2400,12.52,6456.9,0
102,2010,4,2400,12.86,.48855,0,-.319
102,2010,5,100,12.82,0,0,-.308
102,2010,5,200,12.8,0,0,-.303
102,2010,5,300,12.78,0,0,-.325
102,2010,5,400,12.79,0,0,-.33
102,2010,5,500,12.79,0,0,-.33
102,2010,5,600,12.79,0,0,-.33
102,2010,5,700,12.79,0,0,-.33
102,2010,5,800,12.79,82.2,0,-.33
102,2010,5,900,13.34,490.42,0,-.264
102,2010,5,1000,13.13,785.1,0,-.281
102,2010,5,1100,13.43,715.96,0,-.303
102,2010,5,1200,13.44,592.35,0,-.237
102,2010,5,1300,12.59,550.64,0,-.27
102,2010,5,1400,13.39,634.3,0,-.286
102,2010,5,1500,13.4,624.17,0,-.242
102,2010,5,1600,12.51,628.52,0,-.231
102,2010,5,1700,13.57,685.05,0,-.176
102,2010,5,1800,13.46,906.19,0,-.204
102,2010,5,1900,13.36,299.14,0,-.253
102,2010,5,2000,13.2,.1341,0,-.215
102,2010,5,2100,13.08,.00958,0,-.187
102,2010,5,2200,12.99,0,0,-.242
102,2010,5,2300,12.91,0,0,-.226
101,2010,5,2400,12.51,6994.2,0
102,2010,5,2400,12.86,0,0,-.248
102,2010,6,100,12.82,0,0,-.347
102,2010,6,200,12.79,0,0,-.358
102,2010,6,300,12.79,0,0,-.38
102,2010,6,400,12.79,0,0,-.369
102,2010,6,500,12.78,0,0,-.517
102,2010,6,600,12.78,0,0,-.534
102,2010,6,700,12.78,0,0,-.501
102,2010,6,800,12.78,78.41,0,-.611
102,2010,6,900,13.17,349.5,0,-.347
102,2010,6,1000,13.43,515.36,0,-.253
102,2010,6,1100,13.47,504.15,0,-.237
102,2010,6,1200,13.44,555.45,0,-.248
102,2010,6,1300,12.82,532.82,0,-.253
102,2010,6,1400,13.37,589.92,0,-.248
102,2010,6,1500,13.35,708.36,0,-.209
102,2010,6,1600,12.81,593.16,0,-.248
102,2010,6,1700,13.29,729.3,0,-.193
102,2010,6,1800,13.55,1012.3,0,-.171
102,2010,6,1900,13.46,330.3,0,-.275
102,2010,6,2000,13.21,.96746,0,-.204
102,2010,6,2100,13.09,0,0,-.204
102,2010,6,2200,13,0,0,-.259
102,2010,6,2300,12.91,0,0,-.27
101,2010,6,2400,12.78,6500,0
102,2010,6,2400,12.86,0,0,-.237
102,2010,7,100,12.82,0,0,-.242
102,2010,7,200,12.8,0,0,-.231
102,2010,7,300,12.79,0,0,-.33
102,2010,7,400,12.79,0,0,-.413
102,2010,7,500,12.78,0,0,-.457
102,2010,7,600,12.78,0,0,-.49
102,2010,7,700,12.77,0,0,-.479
102,2010,7,800,12.77,86.557,0,-.38
102,2010,7,900,13.62,303.5,0,-.204
102,2010,7,1000,13.41,464.18,0,-.248
102,2010,7,1100,12.44,408.33,0,-.215
102,2010,7,1200,13.59,459.79,0,-.27
102,2010,7,1300,12.56,836.3,0,-.248
102,2010,7,1400,13.36,923.68,0,-.237
102,2010,7,1500,13.42,1089.9,0,-.231
102,2010,7,1600,12.58,580.1,0,-.248
102,2010,7,1700,13.36,772.29,0,-.237
102,2010,7,1800,13.55,940.89,0,-.182
102,2010,7,1900,13.35,262.61,0,-.27
102,2010,7,2000,13.18,.93872,0,-.22
102,2010,7,2100,13.07,0,0,-.204
102,2010,7,2200,12.98,0,0,-.231
102,2010,7,2300,12.91,.10537,0,-.237
101,2010,7,2400,12.44,7129.2,0
102,2010,7,2400,12.85,0,0,-.248
102,2010,8,100,12.81,0,0,-.27
102,2010,8,200,12.79,0,0,-.297
102,2010,8,300,12.79,0,0,-.264
102,2010,8,400,12.79,0,0,-.264
102,2010,8,500,12.78,0,0,-.248
102,2010,8,600,12.76,0,0,-.237
102,2010,8,700,12.76,0,0,-.22
102,2010,8,800,12.76,72.476,0,-.253
102,2010,8,900,13.4,291.29,0,-.275
102,2010,8,1000,13.43,450.47,0,-.242
102,2010,8,1100,13.28,481.88,0,-.281
102,2010,8,1200,13.63,541.33,0,-.198
102,2010,8,1300,13.63,577.7,0,-.259
102,2010,8,1400,13.61,600.36,0,-.237
102,2010,8,1500,13.61,586.8,0,-.292
102,2010,8,1600,13.6,599.71,0,-.281
102,2010,8,1700,13.6,888.69,0,-.253
102,2010,8,1800,13.6,804.19,0,-.231
102,2010,8,1900,13.6,247.2,0,-.187
102,2010,8,2000,13.61,10.776,0,-.204
102,2010,8,2100,13.62,0,0,-.286
102,2010,8,2200,13.63,0,0,-.308
102,2010,8,2300,13.65,0,0,-.281
101,2010,8,2400,12.76,6152.8,0
102,2010,8,2400,13.66,0,0,-.259
102,2010,9,100,13.68,0,0,-.248
102,2010,9,200,13.7,0,0,-.248
102,2010,9,300,13.7,0,0,-.242
102,2010,9,400,13.71,0,0,-.242
102,2010,9,500,13.72,0,0,-.286
102,2010,9,600,13.72,0,0,-.446
102,2010,9,700,13.73,0,0,-.479
102,2010,9,800,13.74,74.227,0,-.523
102,2010,9,900,13.73,326.66,0,-.264
102,2010,9,1000,13.72,464.62,0,-.242
102,2010,9,1100,13.71,595.36,0,-.292
102,2010,9,1200,13.69,643.71,0,-.303
102,2010,9,1300,13.49,834.61,0,-.286
102,2010,9,1400,13.66,857.4,0,-.231
102,2010,9,1500,13.65,731.96,0,-.264
102,2010,9,1600,13.64,705.69,0,-.22
102,2010,9,1700,13.63,842.57,0,-.242
102,2010,9,1800,13.63,590.74,0,-.209
102,2010,9,1900,13.64,291.96,0,-.242
102,2010,9,2000,13.64,3.2663,0,-.248
102,2010,9,2100,13.65,0,0,-.253
102,2010,9,2200,13.68,0,0,-.226
102,2010,9,2300,13.7,0,0,-.242
101,2010,9,2400,13.49,6962.8,0
102,2010,9,2400,13.71,0,0,-.242
102,2010,10,100,13.72,0,0,-.264
102,2010,10,200,13.73,0,0,-.264
102,2010,10,300,13.73,0,0,-.253
102,2010,10,400,13.73,0,0,-.226
102,2010,10,500,13.73,0,0,-.226
102,2010,10,600,13.74,0,0,-.248
102,2010,10,700,13.74,0,0,-.314
102,2010,10,800,13.75,38.47,0,-.374
102,2010,10,900,13.75,301.64,0,-.264
102,2010,10,1000,13.73,519.09,0,-.275
102,2010,10,1100,13.72,626.5,0,-.308
102,2010,10,1200,13.7,707.4,0,-.286
102,2010,10,1300,13.69,794.32,0,-.275
102,2010,10,1400,13.67,876.75,0,-.231
102,2010,10,1500,13.66,785.24,0,-.253
102,2010,10,1600,13.63,741.44,0,-.226
102,2010,10,1700,13.65,1083.7,0,-.22
102,2010,10,1800,13.64,921.1,0,-.231
102,2010,10,1900,13.64,225.18,0,-.231
102,2010,10,2000,13.65,1.1399,0,-.27
102,2010,10,2100,13.66,0,0,-.297
102,2010,10,2200,13.67,0,0,-.292
102,2010,10,2300,13.68,0,0,-.259
101,2010,10,2400,13.63,7622,0
102,2010,10,2400,13.68,.04789,0,-.242
102,2010,11,100,13.68,0,0,-.27
102,2010,11,200,13.7,0,0,-.264
102,2010,11,300,13.7,0,0,-.237
102,2010,11,400,13.72,0,0,-.259
102,2010,11,500,13.73,0,0,-.292
102,2010,11,600,13.74,.09579,0,-.303
102,2010,11,700,13.75,0,0,-.248
102,2010,11,800,13.75,69.726,0,-.275
102,2010,11,900,13.75,307.25,0,-.259
102,2010,11,1000,13.74,497.21,0,-.248
102,2010,11,1100,13.72,642.4,0,-.286
102,2010,11,1200,13.7,929.64,0,-.303
102,2010,11,1300,13.68,781.96,0,-.275
102,2010,11,1400,13.66,698.87,0,-.259
102,2010,11,1500,13.65,833.4,0,-.264
102,2010,11,1600,13.64,780.83,0,-.264
102,2010,11,1700,13.63,1158.1,0,-.226
102,2010,11,1800,13.63,798.55,0,-.248
102,2010,11,1900,13.63,115.07,0,-.264
102,2010,11,2000,13.65,3.228,0,-.259
102,2010,11,2100,13.68,0,0,-.209
102,2010,11,2200,13.69,0,0,-.264
102,2010,11,2300,13.7,0,0,-.303
101,2010,11,2400,13.63,7616.3,0
102,2010,11,2400,13.72,0,0,-.264
102,2010,12,100,13.73,0,0,-.363
102,2010,12,200,13.73,0,0,-.413
102,2010,12,300,13.75,0,0,-.495
102,2010,12,400,13.76,0,0,-.6
102,2010,12,500,13.77,0,0,-.54
102,2010,12,600,13.77,0,0,-.6
102,2010,12,700,13.78,0,0,-.545
102,2010,12,800,13.78,67.954,0,-.584
102,2010,12,900,13.78,370.06,0,-.33
102,2010,12,1000,13.77,471.77,0,-.308
102,2010,12,1100,13.75,491.5,0,-.248
102,2010,12,1200,13.73,510.42,0,-.314
102,2010,12,1300,13.72,514.03,0,-.292
102,2010,12,1400,13.69,502.03,0,-.292
102,2010,12,1500,13.67,508.13,0,-.242
102,2010,12,1600,13.66,601.52,0,-.242
102,2010,12,1700,13.55,1234.2,0,-.264
102,2010,12,1800,13.55,1061.9,0,-.253
102,2010,12,1900,13.61,298.88,0,-.264
102,2010,12,2000,13.66,.67051,0,-.209
102,2010,12,2100,13.68,0,0,-.231
102,2010,12,2200,13.68,0,0,-.242
102,2010,12,2300,13.7,0,0,-.242
101,2010,12,2400,13.55,6633.1,0
102,2010,12,2400,13.71,0,0,-.198
102,2010,13,100,13.72,0,0,-.193
102,2010,13,200,13.74,0,0,-.209
102,2010,13,300,13.75,0,0,-.187
102,2010,13,400,13.76,0,0,-.215
102,2010,13,500,13.77,0,0,-.215
102,2010,13,600,13.78,0,0,-.215
102,2010,13,700,13.79,0,0,-.253
102,2010,13,800,13.3,89.002,0,-.237
102,2010,13,900,12.97,392.62,0,-.281
102,2010,13,1000,13.45,554.72,0,-.27
102,2010,13,1100,13.62,659.21,0,-.259
102,2010,13,1200,13.62,775.8,0,-.286
102,2010,13,1300,13.62,920.89,0,-.22
102,2010,13,1400,13.58,979.26,0,-.275
102,2010,13,1500,13.7,966.01,0,-.226
102,2010,13,1600,13.68,1099.6,0,-.237
102,2010,13,1700,13.67,1342.5,0,-.281
102,2010,13,1800,13.42,945.4,0,-.27
102,2010,13,1900,13.67,259.84,0,-.231
102,2010,13,2000,13.66,2.2797,0,-.22
102,2010,13,2100,13.68,0,0,-.231
102,2010,13,2200,13.68,0,0,-.226
102,2010,13,2300,13.7,0,0,-.242
101,2010,13,2400,12.97,8987.1,0
102,2010,13,2400,13.7,0,0,-.215
102,2010,14,100,13.71,0,0,-.242
102,2010,14,200,13.73,0,0,-.22
102,2010,14,300,13.74,0,0,-.248
102,2010,14,400,13.75,0,0,-.226
102,2010,14,500,13.75,.0479,0,-.275
102,2010,14,600,13.75,0,0,-.314
102,2010,14,700,13.77,0,0,-.292
102,2010,14,800,13.77,100.43,0,-.292
102,2010,14,900,13.79,406.7,0,-.231
102,2010,14,1000,13.76,501.83,0,-.242
102,2010,14,1100,13.74,626.4,0,-.259
102,2010,14,1200,13.73,673.95,0,-.231
102,2010,14,1300,13.71,1021.1,0,-.215
102,2010,14,1400,13.68,662.18,0,-.226
102,2010,14,1500,13.66,721.94,0,-.198
102,2010,14,1600,13.65,798.31,0,-.209
102,2010,14,1700,13.65,1397.8,0,-.171
102,2010,14,1800,13.29,1014.8,0,-.281
102,2010,14,1900,13.52,304.02,0,-.275
102,2010,14,2000,13.23,3.8507,0,-.253
102,2010,14,2100,13.11,0,0,-.253
102,2010,14,2200,13.01,0,0,-.253
102,2010,14,2300,12.93,0,0,-.27
101,2010,14,2400,12.86,8233.4,0
102,2010,14,2400,12.86,0,0,-.242
102,2010,15,100,12.82,0,0,-.187
102,2010,15,200,12.79,0,0,-.209
102,2010,15,300,12.79,0,0,-.176
102,2010,15,400,12.79,0,0,-.248
102,2010,15,500,12.8,0,0,-.242
102,2010,15,600,12.8,.2778,0,-.259
102,2010,15,700,12.79,0,0,-.253
102,2010,15,800,12.78,52.415,0,-.264
102,2010,15,900,13.17,64.371,0,-.281
102,2010,15,1000,13.71,208.58,0,-.231
102,2010,15,1100,13.74,384.94,0,-.27
102,2010,15,1200,13.73,410.11,0,-.253
102,2010,15,1300,13.7,423.06,0,-.22
102,2010,15,1400,13.68,460.11,0,-.22
102,2010,15,1500,13.58,557.24,0,-.226
102,2010,15,1600,13.66,921.13,0,-.237
102,2010,15,1700,13.65,1502.9,0,-.253
102,2010,15,1800,13.25,1110.3,0,-.259
102,2010,15,1900,13.55,352.14,0,-.264
102,2010,15,2000,13.24,7.3086,0,-.237
102,2010,15,2100,13.11,0,0,-.204
102,2010,15,2200,13.01,0,0,-.204
102,2010,15,2300,12.94,0,0,-.171
101,2010,15,2400,12.78,6454.9,0
102,2010,15,2400,12.87,0,0,-.242
102,2010,16,100,12.82,0,0,-.182
102,2010,16,200,12.79,0,0,-.286
102,2010,16,300,12.8,0,0,-.248
102,2010,16,400,12.8,0,0,-.253
102,2010,16,500,12.79,0,0,-.391
102,2010,16,600,12.78,0,0,-.589
102,2010,16,700,12.77,0,0,-.584
102,2010,16,800,12.77,60.755,0,-.578
102,2010,16,900,13.41,218.25,0,-.165
102,2010,16,1000,13.51,293.11,0,-.248
102,2010,16,1100,12.5,344.27,0,-.248
102,2010,16,1200,13.44,375.08,0,-.281
102,2010,16,1300,13.1,530.01,0,-.231
102,2010,16,1400,13.34,807.17,0,-.275
102,2010,16,1500,13.37,789.32,0,-.187
102,2010,16,1600,12.85,971.49,0,-.231
102,2010,16,1700,13.36,1701.4,0,-.209
102,2010,16,1800,13.46,1254.5,0,-.209
102,2010,16,1900,13.55,348.88,0,-.231
102,2010,16,2000,13.23,4.5787,0,-.248
102,2010,16,2100,13.1,0,0,-.264
102,2010,16,2200,13.01,0,0,-.237
102,2010,16,2300,12.93,0,0,-.193
101,2010,16,2400,12.5,7698.8,0
102,2010,16,2400,12.86,0,0,-.27
102,2010,17,100,12.82,0,0,-.27
102,2010,17,200,12.78,0,0,-.253
102,2010,17,300,12.79,0,0,-.473
102,2010,17,400,12.8,0,0,-.435
102,2010,17,500,12.78,0,0,-.539
102,2010,17,600,12.78,0,0,-.567
102,2010,17,700,12.76,0,0,-.562
102,2010,17,800,12.76,52.12,0,-.6
102,2010,17,900,13.24,192.37,0,-.352
102,2010,17,1000,13.48,260.87,0,-.248
102,2010,17,1100,13.44,284.67,0,-.27
102,2010,17,1200,13.33,345.5,0,-.242
102,2010,17,1300,12.63,484.39,0,-.231
102,2010,17,1400,13.22,588.77,0,-.22
102,2010,17,1500,13.33,536.22,0,-.226
102,2010,17,1600,12.91,1046.6,0,-.22
102,2010,17,1700,13.23,1740.7,0,-.209
102,2010,17,1800,13.52,1305.4,0,-.226
102,2010,17,1900,13.55,449.44,0,-.264
102,2010,17,2000,13.22,3.9466,0,-.292
102,2010,17,2100,13.09,0,0,-.259
102,2010,17,2200,13,0,0,-.253
102,2010,17,2300,12.92,0,0,-.292
101,2010,17,2400,12.63,7291,0
102,2010,17,2400,12.85,0,0,-.253
102,2010,18,100,12.8,0,0,-.248
102,2010,18,200,12.78,0,0,-.165
102,2010,18,300,12.78,0,0,-.215
102,2010,18,400,12.8,0,0,-.231
102,2010,18,500,12.78,0,0,-.171
102,2010,18,600,12.77,0,0,-.193
102,2010,18,700,12.76,0,0,-.242
102,2010,18,800,12.75,50.923,0,-.22
102,2010,18,900,13.21,180.3,0,-.264
102,2010,18,1000,12.64,238.23,0,-.248
102,2010,18,1100,13.45,263.26,0,-.259
102,2010,18,1200,13.43,267.07,0,-.253
102,2010,18,1300,12.76,272.2,0,-.209
102,2010,18,1400,13.36,400.56,0,-.248
102,2010,18,1500,13.27,513.86,0,-.215
102,2010,18,1600,13.03,1270.8,0,-.226
102,2010,18,1700,13.35,1889.1,0,-.209
102,2010,18,1800,13.33,1049.1,0,-.237
102,2010,18,1900,13.52,421.92,0,-.248
102,2010,18,2000,13.22,4.416,0,-.281
102,2010,18,2100,13.09,0,0,-.264
102,2010,18,2200,12.99,0,0,-.281
102,2010,18,2300,12.92,0,0,-.27
101,2010,18,2400,12.64,6821.7,0
102,2010,18,2400,12.86,0,0,-.27
102,2010,19,100,12.81,0,0,-.292
102,2010,19,200,12.78,0,0,-.215
102,2010,19,300,12.79,0,0,-.198
102,2010,19,400,12.8,0,0,-.193
102,2010,19,500,12.78,0,0,-.259
102,2010,19,600,12.78,0,0,-.303
102,2010,19,700,12.76,0,0,-.303
102,2010,19,800,12.75,52.849,0,-.259
102,2010,19,900,13.23,188.94,0,-.237
102,2010,19,1000,12.52,330.93,0,-.231
102,2010,19,1100,13.29,353.77,0,-.231
102,2010,19,1200,13.58,373.71,0,-.226
102,2010,19,1300,12.65,374.5,0,-.248
102,2010,19,1400,13.37,510.43,0,-.22
102,2010,19,1500,13.26,825.05,0,-.237
102,2010,19,1600,12.37,1519.9,0,-.237
102,2010,19,1700,12.9,1324.1,0,-.248
102,2010,19,1800,13.29,1172,0,-.204
102,2010,19,1900,13.03,373.42,0,-.248
102,2010,19,2000,13.19,1.2261,0,-.275
102,2010,19,2100,13.07,0,0,-.27
102,2010,19,2200,12.97,0,0,-.259
102,2010,19,2300,12.89,0,0,-.226
101,2010,19,2400,12.37,7400.8,0
102,2010,19,2400,12.84,0,0,-.281
102,2010,20,100,12.8,0,0,-.275
102,2010,20,200,12.8,0,0,-.264
102,2010,20,300,12.81,0,0,-.33
102,2010,20,400,12.79,0,0,-.33
102,2010,20,500,12.78,0,0,-.33
102,2010,20,600,12.76,0,0,-.33
102,2010,20,700,12.75,0,0,-.33
102,2010,20,800,12.76,71.002,0,-.33
102,2010,20,900,13.36,420.67,0,-.314
102,2010,20,1000,13.34,558.69,0,-.292
102,2010,20,1100,13.27,509.08,0,-.248
102,2010,20,1200,13.29,633.49,0,-.237
102,2010,20,1300,13.13,761.36,0,-.242
102,2010,20,1400,13.32,813.01,0,-.259
102,2010,20,1500,13.29,824.18,0,-.253
102,2010,20,1600,12.9,1598.8,0,-.253
102,2010,20,1700,13.16,1781.8,0,-.248
102,2010,20,1800,12.99,1194,0,-.253
102,2010,20,1900,13.52,441.34,0,-.248
102,2010,20,2000,13.2,2.4043,0,-.281
102,2010,20,2100,13.07,0,0,-.27
102,2010,20,2200,12.98,0,0,-.292
102,2010,20,2300,12.91,.01916,0,-.231
101,2010,20,2400,12.75,9609.9,0
102,2010,20,2400,12.85,0,0,-.209
102,2010,21,100,12.8,0,0,-.27
102,2010,21,200,12.78,0,0,-.204
102,2010,21,300,12.79,0,0,-.259
102,2010,21,400,12.79,0,0,-.264
102,2010,21,500,12.79,0,0,-.275
102,2010,21,600,12.78,0,0,-.253
102,2010,21,700,12.77,0,0,-.27
102,2010,21,800,12.76,54.564,0,-.518
102,2010,21,900,13.33,323.96,0,-.248
102,2010,21,1000,12.48,535.52,0,-.253
102,2010,21,1100,13.59,359.39,0,-.27
102,2010,21,1200,13.57,342.1,0,-.27
102,2010,21,1300,13.11,503.34,0,-.264
102,2010,21,1400,13.29,776.95,0,-.215
102,2010,21,1500,13.31,817.31,0,-.22
102,2010,21,1600,13.1,1271,0,-.198
102,2010,21,1700,13.35,1890.8,0,-.215
102,2010,21,1800,13.52,1299.4,0,-.193
102,2010,21,1900,13.52,418.64,0,-.259
102,2010,21,2000,13.21,6.3126,0,-.237
102,2010,21,2100,13.08,0,0,-.204
102,2010,21,2200,12.99,0,0,-.187
102,2010,21,2300,12.92,0,0,-.231
101,2010,21,2400,12.48,8599.5,0
102,2010,21,2400,12.85,.16284,0,-.215
102,2010,22,100,12.8,0,0,-.226
102,2010,22,200,12.78,0,0,-.292
102,2010,22,300,12.78,0,0,-.22
102,2010,22,400,12.8,0,0,-.237
102,2010,22,500,12.79,0,0,-.237
102,2010,22,600,12.78,.23948,0,-.22
102,2010,22,700,12.76,.57475,0,-.369
102,2010,22,800,12.76,77.421,0,-.611
102,2010,22,900,13.36,245.49,0,-.396
102,2010,22,1000,13.34,463.56,0,-.297
102,2010,22,1100,13.44,476.74,0,-.242
102,2010,22,1200,12.66,480.26,0,-.226
102,2010,22,1300,13.12,482.02,0,-.281
102,2010,22,1400,13.33,763.38,0,-.237
102,2010,22,1500,13.34,1164.2,0,-.226
102,2010,22,1600,12.43,1723.5,0,-.248
102,2010,22,1700,13.29,1800.2,0,-.264
102,2010,22,1800,13.46,1312.3,0,-.237
102,2010,22,1900,13.52,347.99,0,-.231
102,2010,22,2000,13.23,14.723,0,-.237
102,2010,22,2100,13.11,0,0,-.22
102,2010,22,2200,13.01,0,0,-.226
102,2010,22,2300,12.92,0,0,-.248
101,2010,22,2400,12.43,9352.6,0
102,2010,22,2400,12.86,0,0,-.198
102,2010,23,100,12.8,0,0,-.209
102,2010,23,200,12.78,.05747,0,-.237
102,2010,23,300,12.79,0,0,-.231
102,2010,23,400,12.79,0,0,-.264
102,2010,23,500,12.79,0,0,-.275
102,2010,23,600,12.77,0,0,-.325
102,2010,23,700,12.76,0,0,-.473
102,2010,23,800,12.76,66.72,0,-.457
102,2010,23,900,13.44,248.75,0,-.297
102,2010,23,1000,13.66,324.26,0,-.292
102,2010,23,1100,13.66,407.42,0,-.303
102,2010,23,1200,13.65,567.8,0,-.264
102,2010,23,1300,13.64,935.76,0,-.281
102,2010,23,1400,13.63,948.89,0,-.253
102,2010,23,1500,13.61,1211.9,0,-.27
102,2010,23,1600,13.6,2589.1,0,-.264
102,2010,23,1700,13.59,1311.3,0,-.237
102,2010,23,1800,12.58,1001.1,0,-.231
102,2010,23,1900,12.54,114.85,0,-.292
102,2010,23,2000,13.61,2.6342,0,-.253
102,2010,23,2100,12.82,0,0,-.248
102,2010,23,2200,12.82,0,0,-.237
102,2010,23,2300,13.65,0,0,-.226
101,2010,23,2400,12.54,9730.6,0
102,2010,23,2400,13.65,0,0,-.248
102,2010,24,100,13.66,0,0,-.264
102,2010,24,200,13.67,0,0,-.347
102,2010,24,300,13.68,0,0,-.506
102,2010,24,400,13.69,0,0,-.457
102,2010,24,500,13.7,0,0,-.446
102,2010,24,600,13.7,0,0,-.44
102,2010,24,700,13.72,0,0,-.292
102,2010,24,800,13.72,78.071,0,-.237
102,2010,24,900,13.72,394.97,0,-.242
102,2010,24,1000,13.72,633.51,0,-.259
102,2010,24,1100,13.7,484.04,0,-.198
102,2010,24,1200,13.69,844.4,0,-.176
102,2010,24,1300,12.51,918.14,0,-.286
102,2010,24,1400,13.55,818,0,-.242
102,2010,24,1500,13.66,1613.1,0,-.292
102,2010,24,1600,13.63,2588.5,0,-.27
102,2010,24,1700,13.63,1237.1,0,-.22
102,2010,24,1800,13.63,1236.4,0,-.264
102,2010,24,1900,13.63,293.92,0,-.253
102,2010,24,2000,13.63,13.305,0,-.248
102,2010,24,2100,13.64,0,0,-.242
102,2010,24,2200,13.65,0,0,-.253
102,2010,24,2300,13.66,0,0,-.237
101,2010,24,2400,12.51,11153,0
102,2010,24,2400,13.66,0,0,-.325
102,2010,25,100,13.69,0,0,-.512
102,2010,25,200,13.7,0,0,-.512
102,2010,25,300,13.71,0,0,-.551
102,2010,25,400,13.72,0,0,-.584
102,2010,25,500,13.73,0,0,-.683
102,2010,25,600,13.73,0,0,-.567
102,2010,25,700,13.73,0,0,-.584
102,2010,25,800,13.75,51.44,0,-.54
102,2010,25,900,13.75,188.99,0,-.468
102,2010,25,1000,13.73,246.6,0,-.237
102,2010,25,1100,13.72,289.81,0,-.242
102,2010,25,1200,13.7,316.77,0,-.237
102,2010,25,1300,13.67,348.26,0,-.264
102,2010,25,1400,13.65,669.87,0,-.209
102,2010,25,1500,13.63,1737.9,0,-.215
102,2010,25,1600,13.63,2583.1,0,-.182
102,2010,25,1700,13.61,2193.4,0,-.193
102,2010,25,1800,12.58,1054.7,0,-.22
102,2010,25,1900,12.56,99.527,0,-.286
102,2010,25,2000,13.62,8.2284,0,-.226
102,2010,25,2100,13.65,0,0,-.176
102,2010,25,2200,13.66,0,0,-.182
102,2010,25,2300,13.67,0,0,-.16
101,2010,25,2400,12.56,9788.6,0
102,2010,25,2400,13.69,0,0,-.242
102,2010,26,100,13.7,0,0,-.193
102,2010,26,200,13.72,0,0,-.237
102,2010,26,300,13.73,0,0,-.215
102,2010,26,400,13.74,0,0,-.237
102,2010,26,500,13.75,0,0,-.281
102,2010,26,600,13.77,0,0,-.237
102,2010,26,700,13.78,0,0,-.259
102,2010,26,800,13.79,48.214,0,-.253
102,2010,26,900,13.79,179.63,0,-.226
102,2010,26,1000,13.77,248.3,0,-.22
102,2010,26,1100,13.74,286.55,0,-.231
102,2010,26,1200,13.72,319.62,0,-.248
102,2010,26,1300,13.7,364.31,0,-.264
102,2010,26,1400,13.4,756.25,0,-.231
102,2010,26,1500,13.65,2124.9,0,-.275
102,2010,26,1600,13.63,2913.2,0,-.237
102,2010,26,1700,13.62,2132.8,0,-.231
102,2010,26,1800,13.62,1275.9,0,-.209
102,2010,26,1900,13.62,386.41,0,-.231
102,2010,26,2000,13.63,10.307,0,-.231
102,2010,26,2100,13.65,0,0,-.204
102,2010,26,2200,13.66,0,0,-.176
102,2010,26,2300,13.68,0,0,-.165
101,2010,26,2400,13.4,11046,0
102,2010,26,2400,13.68,0,0,-.187
102,2010,27,100,13.7,0,0,-.176
102,2010,27,200,13.72,0,0,-.187
102,2010,27,300,13.74,0,0,-.204
102,2010,27,400,13.75,0,0,-.22
102,2010,27,500,13.75,0,0,-.259
102,2010,27,600,13.76,0,0,-.198
102,2010,27,700,13.79,0,0,-.259
102,2010,27,800,13.79,47.393,0,-.281
102,2010,27,900,13.79,162.72,0,-.253
102,2010,27,1000,13.77,218.89,0,-.275
102,2010,27,1100,13.73,254.49,0,-.264
102,2010,27,1200,13.71,285.78,0,-.237
102,2010,27,1300,13.68,390.03,0,-.242
102,2010,27,1400,13.66,846.73,0,-.226
102,2010,27,1500,13.64,2083.2,0,-.237
102,2010,27,1600,13.63,1882.5,0,-.253
102,2010,27,1700,13.63,1624.3,0,-.248
102,2010,27,1800,13.63,1366.8,0,-.253
102,2010,27,1900,13.63,325.21,0,-.237
102,2010,27,2000,13.63,7.5866,0,-.226
102,2010,27,2100,13.66,0,0,-.22
102,2010,27,2200,13.68,0,0,-.242
102,2010,27,2300,13.69,0,0,-.204
101,2010,27,2400,13.63,9495.5,0
102,2010,27,2400,13.7,0,0,-.198
102,2010,28,100,13.7,0,0,-.231
102,2010,28,200,13.73,0,0,-.209
102,2010,28,300,13.74,0,0,-.22
102,2010,28,400,13.76,0,0,-.22
102,2010,28,500,13.77,0,0,-.198
102,2010,28,600,13.77,0,0,-.198
102,2010,28,700,13.78,0,0,-.27
102,2010,28,800,13.79,56.192,0,-.237
102,2010,28,900,13.78,191.15,0,-.242
102,2010,28,1000,13.75,262.48,0,-.264
102,2010,28,1100,13.72,306.63,0,-.286
102,2010,28,1200,13.69,336.19,0,-.27
102,2010,28,1300,13.66,379.94,0,-.242
102,2010,28,1400,13.65,765.34,0,-.248
102,2010,28,1500,13.34,2583.2,0,-.264
102,2010,28,1600,13.62,2481.2,0,-.248
102,2010,28,1700,13.61,1340.1,0,-.242
102,2010,28,1800,12.79,828.87,0,-.259
102,2010,28,1900,13.62,202.04,0,-.253
102,2010,28,2000,13.63,12.137,0,-.231
102,2010,28,2100,13.65,0,0,-.182
102,2010,28,2200,13.67,0,0,-.215
102,2010,28,2300,13.68,0,0,-.204
101,2010,28,2400,12.79,9745.5,0
102,2010,28,2400,13.7,0,0,-.237
102,2010,29,100,13.72,0,0,-.226
102,2010,29,200,13.72,0,0,-.215
102,2010,29,300,13.75,0,0,-.231
102,2010,29,400,13.75,0,0,-.27
102,2010,29,500,13.76,0,0,-.237
102,2010,29,600,13.77,0,0,-.198
102,2010,29,700,13.78,0,0,-.226
102,2010,29,800,13.79,54.716,0,-.209
102,2010,29,900,13.78,200.08,0,-.231
102,2010,29,1000,13.63,304.38,0,-.253
102,2010,29,1100,13.72,357.61,0,-.209
102,2010,29,1200,13.68,383.71,0,-.248
102,2010,29,1300,13.66,426.39,0,-.281
102,2010,29,1400,13.63,980.45,0,-.253
102,2010,29,1500,13.62,2450.5,0,-.248
102,2010,29,1600,13.61,2357.5,0,-.231
102,2010,29,1700,13.6,1787,0,-.259
102,2010,29,1800,13.6,1002.6,0,-.253
102,2010,29,1900,13.6,299.22,0,-.253
102,2010,29,2000,13.62,8.8602,0,-.193
102,2010,29,2100,13.63,0,0,-.182
102,2010,29,2200,13.65,0,0,-.193
102,2010,29,2300,13.67,0,0,-.226
101,2010,29,2400,13.6,10613,0
102,2010,29,2400,13.68,0,0,-.176
102,2010,30,100,13.69,0,0,-.193
102,2010,30,200,13.7,0,0,-.204
102,2010,30,300,13.72,0,0,-.226
102,2010,30,400,13.73,0,0,-.215
102,2010,30,500,13.74,0,0,-.264
102,2010,30,600,13.75,0,0,-.237
102,2010,30,700,13.75,0,0,-.237
102,2010,30,800,13.76,54.813,0,-.253
102,2010,30,900,13.76,209.92,0,-.231
102,2010,30,1000,13.74,292.15,0,-.281
102,2010,30,1100,13.71,355.36,0,-.253
102,2010,30,1200,13.68,364.98,0,-.27
102,2010,30,1300,13.65,379.72,0,-.242
102,2010,30,1400,13.63,454.02,0,-.27
102,2010,30,1500,13.62,1218.8,0,-.27
102,2010,30,1600,13.61,2318.8,0,-.259
102,2010,30,1700,13.59,2226,0,-.286
102,2010,30,1800,13.59,1444.7,0,-.253
102,2010,30,1900,13.59,471.62,0,-.253
102,2010,30,2000,13.6,8.1412,0,-.176
102,2010,30,2100,13.62,0,0,-.198
102,2010,30,2200,13.63,0,0,-.182
102,2010,30,2300,13.65,0,0,-.215
101,2010,30,2400,13.59,9799,0
102,2010,30,2400,13.67,0,0,-.237
102,2010,31,100,13.67,0,0,-.215
102,2010,31,200,13.68,0,0,-.226
102,2010,31,300,13.69,0,0,-.204
102,2010,31,400,13.7,0,0,-.204
102,2010,31,500,13.72,0,0,-.237
102,2010,31,600,13.73,0,0,-.253
102,2010,31,700,13.74,0,0,-.242
102,2010,31,800,13.75,43.95,0,-.248
102,2010,31,900,13.74,189.02,0,-.281
102,2010,31,1000,13.72,270.49,0,-.226
102,2010,31,1100,13.7,318.38,0,-.297
102,2010,31,1200,13.67,349.07,0,-.27
102,2010,31,1300,13.65,395.78,0,-.286
102,2010,31,1400,13.61,651.19,0,-.259
102,2010,31,1500,13.61,1011.2,0,-.259
102,2010,31,1600,13.61,1350.1,0,-.281
102,2010,31,1700,13.59,2116,0,-.259
102,2010,31,1800,13.59,1379,0,-.242
102,2010,31,1900,13.59,507.9,0,-.231
102,2010,31,2000,13.59,10.076,0,-.209
102,2010,31,2100,13.61,0,0,-.16
102,2010,31,2200,13.63,0,0,-.204
102,2010,31,2300,13.65,0,0,-.176
101,2010,31,2400,13.59,8592.2,0
102,2010,31,2400,13.67,0,0,-.182
102,2010,32,100,13.68,0,0,-.248
102,2010,32,200,13.68,0,0,-.198
102,2010,32,300,13.69,0,0,-.27
102,2010,32,400,13.7,0,0,-.242
102,2010,32,500,13.72,0,0,-.297
102,2010,32,600,13.72,0,0,-.275
102,2010,32,700,13.74,0,0,-.275
102,2010,32,800,13.75,48.835,0,-.275
102,2010,32,900,13.75,179.75,0,-.286
102,2010,32,1000,13.73,248.69,0,-.281
102,2010,32,1100,13.7,295.36,0,-.275
102,2010,32,1200,13.66,327.05,0,-.22
102,2010,32,1300,13.64,357.41,0,-.242
102,2010,32,1400,13.61,537.98,0,-.242
102,2010,32,1500,13.52,1959.9,0,-.27
102,2010,32,1600,13.33,2138.5,0,-.231
102,2010,32,1700,13.59,2117.8,0,-.209
102,2010,32,1800,13.58,1382.4,0,-.242
102,2010,32,1900,13.58,417.78,0,-.248
102,2010,32,2000,13.59,10.833,0,-.209
102,2010,32,2100,13.6,0,0,-.204
102,2010,32,2200,13.62,0,0,-.204
102,2010,32,2300,12.92,0,0,-.204
101,2010,32,2400,12.85,10022,0
102,2010,32,2400,12.85,0,0,-.292
102,2010,33,100,12.82,0,0,-.33
102,2010,33,200,12.8,0,0,-.33
102,2010,33,300,12.8,0,0,-.33
102,2010,33,400,12.81,0,0,-.33
102,2010,33,500,12.82,0,0,-.33
102,2010,33,600,12.82,0,0,-.33
102,2010,33,700,12.82,0,0,-.33
102,2010,33,800,12.56,50.794,0,-.33
102,2010,33,900,12.56,224.72,0,-.237
102,2010,33,1000,13.74,345.35,0,-.209
102,2010,33,1100,13.7,421.8,0,-.215
102,2010,33,1200,13.68,471.92,0,-.231
102,2010,33,1300,13.65,526.29,0,-.182
102,2010,33,1400,13.62,808.31,0,-.193
102,2010,33,1500,13.6,2287.3,0,-.182
102,2010,33,1600,13.59,1831.1,0,-.215
102,2010,33,1700,13.59,1349.3,0,-.215
102,2010,33,1800,13.5,1149.1,0,-.226
102,2010,33,1900,13.5,353.38,0,-.303
102,2010,33,2000,13.26,6.7142,0,-.308
102,2010,33,2100,13.59,0,0,-.182
102,2010,33,2200,13.62,0,0,-.198
102,2010,33,2300,13.63,0,0,-.182
101,2010,33,2400,12.56,9826.2,0
102,2010,33,2400,13.64,0,0,-.171
102,2010,34,100,13.65,0,0,-.193
102,2010,34,200,13.65,0,0,-.253
102,2010,34,300,13.67,0,0,-.226
102,2010,34,400,13.68,0,0,-.237
102,2010,34,500,13.69,0,0,-.264
102,2010,34,600,12.82,0,0,-.308
102,2010,34,700,13.72,0,0,-.264
102,2010,34,800,13.74,59.879,0,-.292
102,2010,34,900,13.75,257.86,0,-.27
102,2010,34,1000,13.73,501.13,0,-.292
102,2010,34,1100,13.7,515.63,0,-.27
102,2010,34,1200,13.66,626.95,0,-.253
102,2010,34,1300,13.64,708.69,0,-.248
102,2010,34,1400,13.61,1142.3,0,-.231
102,2010,34,1500,13.59,2337.3,0,-.292
102,2010,34,1600,13.58,723.43,0,-.253
102,2010,34,1700,13.58,728.88,0,-.226
102,2010,34,1800,13.58,441.79,0,-.253
102,2010,34,1900,13.58,179.48,0,-.204
102,2010,34,2000,13.33,7.1356,0,-.248
102,2010,34,2100,13.61,0,0,-.226
102,2010,34,2200,13.63,0,0,-.286
102,2010,34,2300,13.63,0,0,-.226
101,2010,34,2400,12.82,8230.4,0
102,2010,34,2400,13.64,0,0,-.231
102,2010,35,100,13.65,0,0,-.231
102,2010,35,200,13.67,0,0,-.253
102,2010,35,300,13.67,0,0,-.27
102,2010,35,400,13.68,0,0,-.352
102,2010,35,500,13.7,0,0,-.468
102,2010,35,600,13.71,.0862,0,-.303
102,2010,35,700,13.72,0,0,-.303
102,2010,35,800,13.72,56.655,0,-.358
102,2010,35,900,13.73,329.27,0,-.242
102,2010,35,1000,13.74,395.47,0,-.264
102,2010,35,1100,13.73,637.35,0,-.259
102,2010,35,1200,13.38,885.66,0,-.253
102,2010,35,1300,12.41,754.49,0,-.264
102,2010,35,1400,12.95,1104.1,0,-.391
102,2010,35,1500,13.49,1003.7,0,-.237
102,2010,35,1600,12.58,834.49,0,-.231
102,2010,35,1700,13.31,629.86,0,-.264
102,2010,35,1800,12.69,399.38,0,-.27
102,2010,35,1900,13.63,302.24,0,-.248
102,2010,35,2000,13.66,12.788,0,-.22
102,2010,35,2100,13.67,0,0,-.198
102,2010,35,2200,13.68,0,0,-.242
102,2010,35,2300,13.69,.04789,0,-.259
101,2010,35,2400,12.41,7346.2,0
102,2010,35,2400,13.7,.61301,0,-.193
102,2010,36,100,13.7,.01916,0,-.468
102,2010,36,200,13.72,1.5133,0,-.573
102,2010,36,300,13.72,.94823,0,-.369
102,2010,36,400,13.72,.16283,0,-.369
102,2010,36,500,13.73,.17241,0,-.264
102,2010,36,600,13.73,0,0,-.512
102,2010,36,700,13.74,.04789,0,-.578
102,2010,36,800,13.75,49.359,0,-.595
102,2010,36,900,13.75,264.23,0,-.506
102,2010,36,1000,13.75,773.17,0,-.253
102,2010,36,1100,13.75,474.21,0,-.264
102,2010,36,1200,13.78,212.72,0,-.352
102,2010,36,1300,13.77,1277.6,0,-.341
102,2010,36,1400,13.75,1027.7,0,-.292
102,2010,36,1500,13.72,902.31,0,-.303
102,2010,36,1600,13.7,923.96,0,-.275
102,2010,36,1700,13.69,808.09,0,-.231
102,2010,36,1800,13.69,536.47,0,-.253
102,2010,36,1900,13.68,196.88,0,-.215
102,2010,36,2000,13.69,9.0132,0,-.204
102,2010,36,2100,13.7,0,0,-.226
102,2010,36,2200,13.7,0,0,-.237
102,2010,36,2300,13.71,0,0,-.27
101,2010,36,2400,13.68,7458.7,0
102,2010,36,2400,13.71,0,0,-.248
102,2010,37,100,13.72,0,0,-.242
102,2010,37,200,13.72,0,0,-.237
102,2010,37,300,13.73,0,0,-.237
102,2010,37,400,13.73,0,0,-.215
102,2010,37,500,13.73,0,0,-.22
102,2010,37,600,13.74,0,0,-.303
102,2010,37,700,13.73,0,0,-.231
102,2010,37,800,13.74,22.597,0,-.259
102,2010,37,900,13.74,111.43,0,-.281
102,2010,37,1000,13.75,550.23,0,-.248
102,2010,37,1100,13.75,889.8,0,-.226
102,2010,37,1200,13.5,1473.8,0,-.308
102,2010,37,1300,12.42,1333.3,0,-.314
102,2010,37,1400,13.72,988.22,0,-.27
102,2010,37,1500,13.72,1111.7,0,-.259
102,2010,37,1600,13.71,1250.9,0,-.231
102,2010,37,1700,13.7,762.32,0,-.259
102,2010,37,1800,13.7,411,0,-.259
102,2010,37,1900,13.33,260.45,0,-.325
102,2010,37,2000,13.53,14.76,0,-.27
102,2010,37,2100,13.73,0,0,-.231
102,2010,37,2200,13.73,0,0,-.253
102,2010,37,2300,13.74,0,0,-.264
101,2010,37,2400,12.42,9180.4,0
102,2010,37,2400,13.74,0,0,-.242
102,2010,38,100,13.75,0,0,-.259
102,2010,38,200,13.75,0,0,-.281
102,2010,38,300,13.76,0,0,-.303
102,2010,38,400,13.77,0,0,-.429
102,2010,38,500,13.77,0,0,-.528
102,2010,38,600,13.77,0,0,-.534
102,2010,38,700,13.78,0,0,-.628
102,2010,38,800,13.77,28.307,0,-.551
102,2010,38,900,13.77,211.39,0,-.529
102,2010,38,1000,13.77,761.01,0,-.253
102,2010,38,1100,13.75,1190.8,0,-.248
102,2010,38,1200,13.74,1176.8,0,-.308
102,2010,38,1300,13.73,915.25,0,-.347
102,2010,38,1400,13.73,1263.2,0,-.303
102,2010,38,1500,13.71,1198.4,0,-.303
102,2010,38,1600,13.7,671.84,0,-.237
102,2010,38,1700,13.7,301.13,0,-.231
102,2010,38,1800,13.7,186.94,0,-.248
102,2010,38,1900,13.72,60.533,0,-.242
102,2010,38,2000,13.72,2.7969,0,-.237
102,2010,38,2100,13.73,0,0,-.264
102,2010,38,2200,13.75,0,0,-.259
102,2010,38,2300,13.76,0,0,-.237
101,2010,38,2400,13.7,7968.4,0
102,2010,38,2400,13.76,0,0,-.237
102,2010,39,100,13.75,0,0,-.281
102,2010,39,200,13.76,0,0,-.264
102,2010,39,300,13.76,0,0,-.468
102,2010,39,400,13.77,.01916,0,-.518
102,2010,39,500,13.8,.11495,0,-.479
102,2010,39,600,13.8,0,0,-.518
102,2010,39,700,13.8,0,0,-.551
102,2010,39,800,13.8,20.262,0,-.512
102,2010,39,900,13.79,221.01,0,-.38
102,2010,39,1000,13.8,821.71,0,-.242
102,2010,39,1100,13.79,982.67,0,-.237
102,2010,39,1200,13.77,1214.6,0,-.286
102,2010,39,1300,13.15,1488.9,0,-.27
102,2010,39,1400,13.27,992.2,0,-.27
102,2010,39,1500,13.26,964.45,0,-.297
102,2010,39,1600,12.52,1039.3,0,-.297
102,2010,39,1700,13.58,852.04,0,-.303
102,2010,39,1800,13.59,920.89,0,-.242
102,2010,39,1900,13.6,245.35,0,-.281
102,2010,39,2000,13.14,7.222,0,-.259
102,2010,39,2100,13.03,0,0,-.308
102,2010,39,2200,12.95,0,0,-.259
102,2010,39,2300,12.89,0,0,-.231
101,2010,39,2400,12.52,9770.7,0
102,2010,39,2400,12.86,0,0,-.275
102,2010,40,100,12.85,0,0,-.264
102,2010,40,200,12.84,0,0,-.341
102,2010,40,300,12.84,0,0,-.418
102,2010,40,400,12.83,0,0,-.545
102,2010,40,500,12.83,0,0,-.556
102,2010,40,600,12.83,0,0,-.589
102,2010,40,700,12.83,0,0,-.54
102,2010,40,800,12.83,58.366,0,-.567
102,2010,40,900,13.53,247.4,0,-.336
102,2010,40,1000,13.59,343.45,0,-.297
102,2010,40,1100,12.43,411.96,0,-.264
102,2010,40,1200,13.27,808.37,0,-.242
102,2010,40,1300,13.04,636.09,0,-.275
102,2010,40,1400,13.27,728.05,0,-.292
102,2010,40,1500,13.25,846.65,0,-.292
102,2010,40,1600,12.67,647.3,0,-.27
102,2010,40,1700,12.64,597.53,0,-.286
102,2010,40,1800,12.65,860.92,0,-.253
102,2010,40,1900,13.52,440.13,0,-.286
102,2010,40,2000,13.14,7.3662,0,-.242
102,2010,40,2100,13.03,0,0,-.259
102,2010,40,2200,12.95,0,0,-.259
102,2010,40,2300,12.88,0,0,-.259
101,2010,40,2400,12.43,6633.6,0
102,2010,40,2400,12.85,0,0,-.286
102,2010,41,100,12.82,0,0,-.248
102,2010,41,200,12.8,.00958,0,-.237
102,2010,41,300,12.79,0,0,-.259
102,2010,41,400,12.8,0,0,-.242
102,2010,41,500,12.79,0,0,-.242
102,2010,41,600,12.79,0,0,-.275
102,2010,41,700,12.79,0,0,-.264
102,2010,41,800,12.79,43.873,0,-.369
102,2010,41,900,13.22,186.39,0,-.253
102,2010,41,1000,12.63,265.88,0,-.286
102,2010,41,1100,13.69,288.09,0,-.275
102,2010,41,1200,13.67,309.37,0,-.242
102,2010,41,1300,13.64,318.79,0,-.281
102,2010,41,1400,13.63,495.5,0,-.259
102,2010,41,1500,13.61,549.1,0,-.231
102,2010,41,1600,13.59,425.52,0,-.248
102,2010,41,1700,13.49,559.69,0,-.248
102,2010,41,1800,13.48,850.18,0,-.215
102,2010,41,1900,13.57,414.67,0,-.248
102,2010,41,2000,13.59,13.525,0,-.27
102,2010,41,2100,13.6,0,0,-.237
102,2010,41,2200,13.62,0,0,-.259
102,2010,41,2300,13.63,0,0,-.281
101,2010,41,2400,12.63,4720.6,0
102,2010,41,2400,13.64,0,0,-.242
102,2010,42,100,13.65,.1341,0,-.253
102,2010,42,200,13.65,0,0,-.27
102,2010,42,300,13.66,0,0,-.292
102,2010,42,400,13.68,0,0,-.226
102,2010,42,500,13.7,0,0,-.248
102,2010,42,600,13.7,0,0,-.369
102,2010,42,700,13.7,0,0,-.424
102,2010,42,800,13.72,45.046,0,-.523
102,2010,42,900,13.73,173.43,0,-.275
102,2010,42,1000,13.71,242.25,0,-.22
102,2010,42,1100,13.68,290.29,0,-.259
102,2010,42,1200,13.66,330.58,0,-.297
102,2010,42,1300,13.64,579.92,0,-.264
102,2010,42,1400,13.62,764.84,0,-.303
102,2010,42,1500,13.61,893.18,0,-.237
102,2010,42,1600,13.59,885.3,0,-.248
102,2010,42,1700,13.58,791.62,0,-.237
102,2010,42,1800,13.58,784.96,0,-.22
102,2010,42,1900,13.58,361.61,0,-.193
102,2010,42,2000,13.59,3.0649,0,-.215
102,2010,42,2100,13.61,0,0,-.198
102,2010,42,2200,13.62,0,0,-.193
102,2010,42,2300,13.63,0,0,-.237
101,2010,42,2400,13.58,6146.2,0
102,2010,42,2400,13.64,0,0,-.242
102,2010,43,100,13.66,0,0,-.248
102,2010,43,200,13.67,0,0,-.259
102,2010,43,300,13.67,0,0,-.286
102,2010,43,400,13.68,0,0,-.413
102,2010,43,500,13.7,0,0,-.242
102,2010,43,600,12.78,0,0,-.292
102,2010,43,700,13.72,0,0,-.226
102,2010,43,800,13.72,58.723,0,-.27
102,2010,43,900,13.62,195.64,0,-.231
102,2010,43,1000,13.71,282.36,0,-.253
102,2010,43,1100,13.69,380.12,0,-.27
102,2010,43,1200,13.66,626.97,0,-.242
102,2010,43,1300,12.52,1017.3,0,-.281
102,2010,43,1400,13.65,1670,0,-.231
102,2010,43,1500,13.63,2332.8,0,-.242
102,2010,43,1600,13.61,1843.2,0,-.187
102,2010,43,1700,13.59,1443.1,0,-.231
102,2010,43,1800,13.51,1299.3,0,-.259
102,2010,43,1900,13.59,528.21,0,-.237
102,2010,43,2000,13.59,16.867,0,-.22
102,2010,43,2100,13.61,0,0,-.242
102,2010,43,2200,13.62,0,0,-.215
102,2010,43,2300,13.63,0,0,-.182
101,2010,43,2400,12.52,11695,0
102,2010,43,2400,13.64,0,0,-.176
102,2010,44,100,13.65,0,0,-.176
102,2010,44,200,13.67,0,0,-.248
102,2010,44,300,13.68,0,0,-.253
102,2010,44,400,13.69,0,0,-.248
102,2010,44,500,13.7,0,0,-.253
102,2010,44,600,13.72,0,0,-.292
102,2010,44,700,13.72,0,0,-.27
102,2010,44,800,13.74,36.4,0,-.275
102,2010,44,900,13.73,193.8,0,-.27
102,2010,44,1000,13.72,252.77,0,-.27
102,2010,44,1100,13.69,290.93,0,-.204
102,2010,44,1200,13.66,359.9,0,-.22
102,2010,44,1300,13.64,1086.1,0,-.226
102,2010,44,1400,13.61,2408.7,0,-.242
102,2010,44,1500,13.6,2558.8,0,-.264
102,2010,44,1600,13.59,2263.3,0,-.242
102,2010,44,1700,13.58,1576.9,0,-.242
102,2010,44,1800,13.57,1342.4,0,-.226
102,2010,44,1900,13.57,357.07,0,-.226
102,2010,44,2000,13.59,10.258,0,-.237
102,2010,44,2100,13.6,0,0,-.204
102,2010,44,2200,13.61,0,0,-.16
102,2010,44,2300,13.62,0,0,-.193
101,2010,44,2400,13.57,12737,0
102,2010,44,2400,13.63,0,0,-.22
102,2010,45,100,13.65,0,0,-.209
102,2010,45,200,13.65,0,0,-.231
102,2010,45,300,13.67,.00958,0,-.22
102,2010,45,400,13.67,0,0,-.215
102,2010,45,500,13.68,0,0,-.259
102,2010,45,600,13.69,0,0,-.264
102,2010,45,700,13.7,.02873,0,-.275
102,2010,45,800,13.7,71.703,0,-.237
102,2010,45,900,13.71,376.81,0,-.264
102,2010,45,1000,13.69,774.53,0,-.237
102,2010,45,1100,13.67,786.26,0,-.209
102,2010,45,1200,13.65,1073.5,0,-.248
102,2010,45,1300,13.64,1148.3,0,-.242
102,2010,45,1400,13.61,1202.3,0,-.237
102,2010,45,1500,13.59,2283.8,0,-.231
102,2010,45,1600,13.59,2143.2,0,-.264
102,2010,45,1700,13.58,1638.7,0,-.27
102,2010,45,1800,13.57,951.28,0,-.231
102,2010,45,1900,13.57,212.68,0,-.209
102,2010,45,2000,13.59,6.6662,0,-.275
102,2010,45,2100,13.61,0,0,-.226
102,2010,45,2200,13.61,0,0,-.237
102,2010,45,2300,13.63,0,0,-.22
101,2010,45,2400,13.57,12670,0
102,2010,45,2400,13.63,0,0,-.237
102,2010,46,100,13.64,0,0,-.286
102,2010,46,200,13.65,0,0,-.259
102,2010,46,300,13.66,.02874,0,-.275
102,2010,46,400,13.67,0,0,-.253
102,2010,46,500,13.68,0,0,-.259
102,2010,46,600,13.69,0,0,-.253
102,2010,46,700,13.7,0,0,-.264
102,2010,46,800,13.7,80.198,0,-.319
102,2010,46,900,13.71,247.57,0,-.248
102,2010,46,1000,13.7,348.58,0,-.226
102,2010,46,1100,13.68,456.03,0,-.209
102,2010,46,1200,13.65,606.46,0,-.215
102,2010,46,1300,13.63,599.65,0,-.275
102,2010,46,1400,13.61,1449.2,0,-.248
102,2010,46,1500,13.59,2231.7,0,-.27
102,2010,46,1600,13.58,2400.1,0,-.275
102,2010,46,1700,13.57,2070.1,0,-.264
102,2010,46,1800,13.57,1101.3,0,-.215
102,2010,46,1900,13.58,397.52,0,-.226
102,2010,46,2000,13.58,5.651,0,-.198
102,2010,46,2100,13.59,0,0,-.209
102,2010,46,2200,13.61,0,0,-.176
102,2010,46,2300,13.61,0,0,-.341
101,2010,46,2400,13.57,11996,0
102,2010,46,2400,13.64,1.5039,0,-.495
102,2010,47,100,13.65,1.389,0,-.248
102,2010,47,200,13.65,.74716,0,-.413
102,2010,47,300,13.65,0,0,-.292
102,2010,47,400,13.66,0,0,-.27
102,2010,47,500,13.67,0,0,-.231
102,2010,47,600,13.67,0,0,-.253
102,2010,47,700,13.68,0,0,-.248
102,2010,47,800,13.69,20.258,0,-.275
102,2010,47,900,13.7,230.12,0,-.231
102,2010,47,1000,13.72,651.83,0,-.231
102,2010,47,1100,13.72,838.75,0,-.154
102,2010,47,1200,13.71,1270.7,0,-.292
102,2010,47,1300,13.7,1651.8,0,-.303
102,2010,47,1400,13.68,1873.3,0,-.314
102,2010,47,1500,13.66,2413.2,0,-.253
102,2010,47,1600,13.66,2060.9,0,-.308
102,2010,47,1700,13.66,245.29,0,-.209
102,2010,47,1800,13.72,126.88,.333,5.323
102,2010,47,1900,13.73,79.45,.05,11.11
102,2010,47,2000,13.73,2.5957,0,12.5
102,2010,47,2100,13.75,.34483,0,5.142
102,2010,47,2200,13.76,.00958,0,4.641
102,2010,47,2300,13.77,0,0,6.777
101,2010,47,2400,13.65,11468,.383
102,2010,47,2400,13.77,0,0,12.57
102,2010,48,100,13.79,.61306,0,19.12
102,2010,48,200,13.79,1.0538,0,19.67
102,2010,48,300,13.8,.40237,0,21.54
102,2010,48,400,13.78,0,0,26.9
102,2010,48,500,13.78,0,.033,31.42
102,2010,48,600,13.79,0,.167,32.23
102,2010,48,700,13.8,0,.167,33.2
102,2010,48,800,13.8,18.404,.183,32.38
102,2010,48,900,13.8,188.69,.067,29.14
102,2010,48,1000,13.8,608.99,0,19.85
102,2010,48,1100,13.8,893.71,0,5.016
102,2010,48,1200,13.79,1329,0,.341
102,2010,48,1300,13.77,1589.1,0,-.226
102,2010,48,1400,13.75,1950.5,0,-.226
102,2010,48,1500,13.73,2779.5,0,-.281
102,2010,48,1600,13.72,2536.8,0,-.226
102,2010,48,1700,13.72,1220.6,0,-.281
102,2010,48,1800,13.71,1016,0,-.303
102,2010,48,1900,13.71,428.25,0,-.275
102,2010,48,2000,13.71,12.93,0,-.253
102,2010,48,2100,13.72,0,0,-.286
102,2010,48,2200,13.72,0,0,-.226
102,2010,48,2300,13.75,0,0,-.259
101,2010,48,2400,13.71,14575,.616
102,2010,48,2400,13.75,0,0,-.248
102,2010,49,100,13.75,0,0,-.253
102,2010,49,200,13.77,0,0,-.429
102,2010,49,300,13.77,0,0,-.468
102,2010,49,400,13.77,0,0,-.396
102,2010,49,500,13.78,0,0,-.352
102,2010,49,600,13.78,0,0,-.347
102,2010,49,700,13.78,0,0,-.462
102,2010,49,800,13.79,51.149,0,-.446
102,2010,49,900,13.79,385.38,0,-.308
102,2010,49,1000,13.78,749.25,0,-.209
102,2010,49,1100,13.75,914.37,0,-.275
102,2010,49,1200,13.61,1167.9,0,-.259
102,2010,49,1300,13.19,1579.1,0,-.237
102,2010,49,1400,13.42,2300.3,0,-.237
102,2010,49,1500,13.37,2984.4,0,-.231
102,2010,49,1600,12.54,2608.5,0,-.231
102,2010,49,1700,13.54,2060.7,0,-.275
102,2010,49,1800,13.55,1349.7,0,-.253
102,2010,49,1900,13.59,450.74,0,-.259
102,2010,49,2000,13.65,12.596,0,-.259
102,2010,49,2100,13.66,0,0,-.281
102,2010,49,2200,13.68,0,0,-.22
102,2010,49,2300,13.69,0,0,-.275
101,2010,49,2400,12.54,16614,0
102,2010,49,2400,13.7,0,0,-.27
102,2010,50,100,13.7,0,0,-.275
102,2010,50,200,13.71,0,0,-.286
102,2010,50,300,13.72,0,0,-.253
102,2010,50,400,13.72,0,0,-.281
102,2010,50,500,13.73,0,0,-.27
102,2010,50,600,13.74,0,0,-.314
102,2010,50,700,13.75,0,0,-.473
102,2010,50,800,13.75,41.313,0,-.495
102,2010,50,900,13.75,216.06,0,-.253
102,2010,50,1000,13.74,320.34,0,-.231
102,2010,50,1100,13.73,392.77,0,-.198
102,2010,50,1200,13.71,441.45,0,-.22
102,2010,50,1300,13.68,438.4,0,-.248
102,2010,50,1400,13.65,527.06,0,-.303
102,2010,50,1500,13.64,645.95,0,-.27
102,2010,50,1600,13.63,1635.9,0,-.264
102,2010,50,1700,13.61,2162.5,0,-.27
102,2010,50,1800,13.61,1379.9,0,-.303
102,2010,50,1900,13.61,486.96,0,-.248
102,2010,50,2000,13.62,8.2954,0,-.253
102,2010,50,2100,13.63,0,0,-.237
102,2010,50,2200,13.65,0,0,-.281
102,2010,50,2300,13.65,0,0,-.237
101,2010,50,2400,13.61,8696.9,0
102,2010,50,2400,13.66,0,0,-.578
102,2010,51,100,13.71,1.3122,0,-.396
102,2010,51,200,13.72,.09578,0,-.264
102,2010,51,300,13.72,0,0,-.231
102,2010,51,400,13.72,0,0,-.242
102,2010,51,500,13.72,0,0,-.226
102,2010,51,600,13.72,0,0,-.275
102,2010,51,700,13.72,0,0,-.308
102,2010,51,800,13.72,13.179,0,-.259
102,2010,51,900,12.99,220.83,0,-.275
102,2010,51,1000,-6799,626.97,0,-6999
102,2010,51,1100,13.38,742.78,0,-.286
102,2010,51,1200,13.72,1072.3,0,-.237
102,2010,51,1300,13.72,1186.7,0,-.248
102,2010,51,1400,13.59,1593,0,-.286
102,2010,51,1500,13.59,1611.4,0,-.314
102,2010,51,1600,13.54,2165.4,0,-.336
102,2010,51,1700,13.54,2079.3,0,-.308
102,2010,51,1800,13.65,863.73,0,-.27
102,2010,51,1900,13.68,306.15,0,-.231
102,2010,51,2000,13.68,5.5555,0,-.248
102,2010,51,2100,13.71,0,0,-.264
102,2010,51,2200,13.72,0,0,-.484
102,2010,51,2300,13.73,.01916,0,-.517
101,2010,51,2400,-6799,12489,0
102,2010,51,2400,13.73,.01916,0,-.606
102,2010,52,100,13.74,.00958,0,-.622
102,2010,52,200,13.74,0,0,-.595
102,2010,52,300,13.74,0,0,-.545
102,2010,52,400,13.74,0,0,-.573
102,2010,52,500,13.75,0,0,-.562
102,2010,52,600,13.75,0,0,-.573
102,2010,52,700,13.75,0,0,-.611
102,2010,52,800,13.77,60.387,0,-.584
102,2010,52,900,13.09,298.71,0,-.347
102,2010,52,1000,12.64,700.85,0,-.33
102,2010,52,1100,13.47,620.15,0,-.286
102,2010,52,1200,13.75,567.09,0,-.231
102,2010,52,1300,13.73,804.57,0,-.264
102,2010,52,1400,13.71,1069.5,0,-.242
102,2010,52,1500,13.55,1367.5,0,-.275
102,2010,52,1600,13.68,2495.1,0,-.242
102,2010,52,1700,13.66,1944.2,0,-.237
102,2010,52,1800,13.66,1005.8,0,-.237
102,2010,52,1900,13.66,345.11,0,-.231
102,2010,52,2000,13.67,10.565,0,-.209
102,2010,52,2100,13.67,0,0,-.259
102,2010,52,2200,13.68,0,0,-.237
102,2010,52,2300,13.69,0,0,-.248
101,2010,52,2400,12.64,11289,0
102,2010,52,2400,13.7,0,0,-.259
102,2010,53,100,13.7,0,0,-.259
102,2010,53,200,13.71,0,0,-.347
102,2010,53,300,13.72,.2203,0,-.551
102,2010,53,400,13.72,.05747,0,-.551
102,2010,53,500,13.73,0,0,-.617
102,2010,53,600,13.73,0,0,-.573
102,2010,53,700,13.74,0,0,-.628
102,2010,53,800,13.75,12.184,0,-.589
102,2010,53,900,13.75,106.55,0,-.6
102,2010,53,1000,13.75,303.19,0,-.562
102,2010,53,1100,13.75,390.57,0,-.628
102,2010,53,1200,13.76,516.3,0,-.617
102,2010,53,1300,13.77,901.28,0,-.556
102,2010,53,1400,13.75,1111,0,-.297
102,2010,53,1500,13.75,1014.4,0,-.259
102,2010,53,1600,13.75,888.99,0,-.27
102,2010,53,1700,13.75,768.98,0,-.242
102,2010,53,1800,13.75,336.8,0,-.292
102,2010,53,1900,13.75,172.1,0,-.281
102,2010,53,2000,13.75,15.805,0,-.275
102,2010,53,2100,13.75,0,0,-.65
102,2010,53,2200,13.77,0,0,-.567
102,2010,53,2300,13.77,0,0,-.562
101,2010,53,2400,13.7,6538.5,0
102,2010,53,2400,13.78,0,0,-.529
102,2010,54,100,13.77,0,0,-.584
102,2010,54,200,13.78,0,0,-.617
102,2010,54,300,13.78,0,0,-.606
102,2010,54,400,13.8,0,0,-.567
102,2010,54,500,13.8,0,0,-.6
102,2010,54,600,13.8,0,0,-.628
102,2010,54,700,13.82,0,0,-.573
102,2010,54,800,13.82,54.205,0,-.617
102,2010,54,900,13.82,335.81,0,-.435
102,2010,54,1000,13.8,698.99,0,-.264
102,2010,54,1100,13.78,373.6,0,-.314
102,2010,54,1200,13.77,380.3,0,-.286
102,2010,54,1300,13.73,826.27,0,-.259
102,2010,54,1400,13.72,1000.9,0,-.248
102,2010,54,1500,13.71,1018.9,0,-.286
102,2010,54,1600,13.7,895.57,0,-.264
102,2010,54,1700,13.7,783.15,0,-.303
102,2010,54,1800,13.7,390.49,0,-.259
102,2010,54,1900,13.7,63.895,0,-.27
102,2010,54,2000,13.7,1.7432,0,-.374
102,2010,54,2100,13.72,.04789,0,-.413
102,2010,54,2200,13.74,0,0,-.479
102,2010,54,2300,13.75,0,0,-.578
101,2010,54,2400,13.7,6823.9,0
102,2010,54,2400,13.75,0,0,-.539
102,2010,55,100,13.76,0,0,-.562
102,2010,55,200,13.77,0,0,-.6
102,2010,55,300,13.77,0,0,-.666
102,2010,55,400,13.77,0,0,-.617
102,2010,55,500,13.77,0,0,-.589
102,2010,55,600,13.77,0,0,-.584
102,2010,55,700,13.77,0,0,-.545
102,2010,55,800,13.77,53.221,0,-.595
102,2010,55,900,13.78,355.63,0,-.507
102,2010,55,1000,13.77,734.52,0,-.27
102,2010,55,1100,13.77,1126.8,0,-.242
102,2010,55,1200,13.75,1627.1,0,-.248
102,2010,55,1300,13.73,1529.9,0,-.27
102,2010,55,1400,13.71,1791.6,0,-.215
102,2010,55,1500,13.69,1492.7,0,-.22
102,2010,55,1600,13.68,1143,0,-.27
102,2010,55,1700,13.68,906.8,0,-.275
102,2010,55,1800,13.67,743.23,0,-.259
102,2010,55,1900,13.67,322.8,0,-.226
102,2010,55,2000,13.68,12.117,0,-.264
102,2010,55,2100,13.69,0,0,-.275
102,2010,55,2200,13.7,0,0,-.259
102,2010,55,2300,13.7,0,0,-.27
101,2010,55,2400,13.67,11839,0
102,2010,55,2400,13.7,0,0,-.253
102,2010,56,100,13.71,0,0,-.231
102,2010,56,200,13.72,0,0,-.248
102,2010,56,300,13.73,0,0,-.297
102,2010,56,400,13.73,0,0,-.259
102,2010,56,500,13.44,0,0,-.253
102,2010,56,600,13.49,0,0,-.264
102,2010,56,700,13.79,0,0,-.336
102,2010,56,800,13.79,46.765,0,-.303
102,2010,56,900,13.02,371.9,0,-.275
102,2010,56,1000,12.35,475.5,0,-.253
102,2010,56,1100,12.5,685.13,0,-.402
102,2010,56,1200,12.61,312.32,0,-.528
102,2010,56,1300,12.29,351.41,0,-.556
102,2010,56,1400,12.81,864.01,0,-.567
102,2010,56,1500,12.9,632.48,0,-.385
102,2010,56,1600,12.54,525.93,0,-.534
102,2010,56,1700,12.63,395.25,0,-.573
102,2010,56,1800,12.66,350.11,0,-.6
102,2010,56,1900,13.1,133.52,0,-.573
102,2010,56,2000,13.01,3.899,0,-.523
102,2010,56,2100,12.97,.0479,0,-.534
102,2010,56,2200,12.94,0,0,-.606
102,2010,56,2300,12.93,0,0,-.611
101,2010,56,2400,12.29,5148.3,0
102,2010,56,2400,12.91,0,0,-.606
102,2010,57,100,12.9,0,0,-.65
102,2010,57,200,12.88,0,0,-.65
102,2010,57,300,12.87,0,0,-.606
102,2010,57,400,12.87,0,0,-.567
102,2010,57,500,12.85,0,0,-.562
102,2010,57,600,12.85,0,0,-.589
102,2010,57,700,12.84,0,0,-.556
102,2010,57,800,12.84,24.007,0,-.556
102,2010,57,900,12.95,180.52,0,-.562
102,2010,57,1000,12.54,378.55,0,-.402
102,2010,57,1100,12.71,599.16,0,-.485
102,2010,57,1200,13.2,1060.4,0,-.275
102,2010,57,1300,12.81,1010.7,0,-.264
102,2010,57,1400,13.39,725.78,0,-.259
102,2010,57,1500,13.67,492.2,0,-.925
102,2010,57,1600,13.67,712.8,0,-.363
102,2010,57,1700,13.67,566.82,0,-.705
102,2010,57,1800,13.67,317.85,0,-.556
102,2010,57,1900,13.39,89.372,0,-1.503
102,2010,57,2000,13.21,3.0369,0,-.567
102,2010,57,2100,13.09,0,0,-.551
102,2010,57,2200,13.01,0,0,-.496
102,2010,57,2300,12.94,0,0,-.479
101,2010,57,2400,12.54,6161.2,0
102,2010,57,2400,12.9,0,0,-.446
102,2010,58,100,12.88,0,0,-.584
102,2010,58,200,12.86,0,0,-.385
102,2010,58,300,12.85,0,0,-.441
102,2010,58,400,12.85,.00958,0,-.275
102,2010,58,500,12.84,0,0,-.281
102,2010,58,600,12.84,0,0,-.27
102,2010,58,700,12.84,0,0,-.474
102,2010,58,800,12.56,57.929,0,-.551
102,2010,58,900,12.63,467.73,0,-.391
102,2010,58,1000,12.78,887.84,0,-.303
102,2010,58,1100,13.63,1534.1,0,-.248
102,2010,58,1200,13.77,1655.6,0,-.248
102,2010,58,1300,13.75,1272,0,-.281
102,2010,58,1400,13.73,2120.8,0,-.27
102,2010,58,1500,13.72,1665.7,0,-.27
102,2010,58,1600,13.71,1298.8,0,-.264
102,2010,58,1700,13.7,1207.9,0,-.264
102,2010,58,1800,13.69,761.66,0,-.308
102,2010,58,1900,13.6,178.15,0,-.33
102,2010,58,2000,13.3,4.9328,0,-.259
102,2010,58,2100,13.71,0,0,-.275
102,2010,58,2200,13.73,.03832,0,-.264
102,2010,58,2300,13.76,0,0,-.363
101,2010,58,2400,12.56,13113,0
102,2010,58,2400,13.75,0,0,-.303
102,2010,59,100,13.77,0,0,-.259
102,2010,59,200,13.77,0,0,-.27
102,2010,59,300,13.77,0,0,-.424
102,2010,59,400,13.77,0,0,-.468
102,2010,59,500,13.78,0,0,-.463
102,2010,59,600,13.78,0,0,-.523
102,2010,59,700,13.78,0,0,-.556
102,2010,59,800,13.78,63.996,0,-.6
102,2010,59,900,13.79,296.5,0,-.418
102,2010,59,1000,13.78,784.76,0,-.259
102,2010,59,1100,13.76,904.65,0,-.27
102,2010,59,1200,13.74,1513.4,0,-.231
102,2010,59,1300,13.73,1231.2,0,-.248
102,2010,59,1400,13.72,845.1,0,-.264
102,2010,59,1500,13.75,329.45,0,-.286
102,2010,59,1600,13.75,938.59,0,-.27
102,2010,59,1700,13.73,977.37,0,-.242
102,2010,59,1800,13.72,1482.6,0,-.248
102,2010,59,1900,13.72,331.06,0,-.303
102,2010,59,2000,13.72,8.6207,0,-.226
102,2010,59,2100,13.73,0,0,-.27
102,2010,59,2200,13.73,1.0728,0,-.528
102,2010,59,2300,13.75,.09579,0,-.606
101,2010,59,2400,13.72,9709,0
102,2010,59,2400,13.75,.49812,0,.688
102,2010,60,100,13.76,1.1495,.083,2.004
102,2010,60,200,13.78,.0958,0,1.063
102,2010,60,300,13.78,.07664,0,.986
102,2010,60,400,13.78,.03832,0,1.327
102,2010,60,500,13.79,.03832,0,2.417
102,2010,60,600,13.79,0,0,7.3
102,2010,60,700,13.79,0,0,5.836
102,2010,60,800,13.8,36.357,0,6.464
102,2010,60,900,13.8,235.59,0,6.927
102,2010,60,1000,12.42,218.37,0,8.4
102,2010,60,1100,12.63,392.21,0,3.502
102,2010,60,1200,12.75,805.95,0,-.011
102,2010,60,1300,12.98,1278.1,0,-.275
102,2010,60,1400,13.61,1916.9,0,-.248
102,2010,60,1500,13.62,1781.6,0,-.253
102,2010,60,1600,12.87,1445.8,0,-.275
102,2010,60,1700,13.63,1233.3,0,-.275
102,2010,60,1800,13.13,1218.6,0,-.319
102,2010,60,1900,13.36,210.76,0,-.314
102,2010,60,2000,13.2,18.315,0,-.248
102,2010,60,2100,13.07,0,0,-.242
102,2010,60,2200,12.99,0,0,-.264
102,2010,60,2300,12.93,0,0,-.259
101,2010,60,2400,12.42,10793,.083
102,2010,60,2400,12.9,0,0,-.242
102,2010,61,100,12.87,0,0,-.286
102,2010,61,200,12.85,0,0,-.259
102,2010,61,300,12.84,0,0,-.281
102,2010,61,400,12.84,0,0,-.292
102,2010,61,500,12.83,0,0,-.468
102,2010,61,600,12.83,0,0,-.562
102,2010,61,700,12.83,0,0,-.463
102,2010,61,800,12.83,44.739,0,-.435
102,2010,61,900,13.11,406.8,0,-.292
102,2010,61,1000,13.67,954.25,0,-.237
102,2010,61,1100,13.76,1139.3,0,-.253
102,2010,61,1200,13.74,672.52,0,-.226
102,2010,61,1300,13.73,548.65,0,-.248
102,2010,61,1400,13.71,668.12,0,-.237
102,2010,61,1500,13.7,774.15,0,-.281
102,2010,61,1600,13.6,1529.8,0,-.286
102,2010,61,1700,13.36,1518.2,0,-.231
102,2010,61,1800,13.4,1239.6,0,-.275
102,2010,61,1900,13.59,461.27,0,-.297
102,2010,61,2000,13.19,17.969,0,-.281
102,2010,61,2100,13.06,0,0,-.292
102,2010,61,2200,12.97,0,0,-.264
102,2010,61,2300,12.91,0,0,-.292
101,2010,61,2400,12.83,9975.3,0
102,2010,61,2400,12.87,0,0,-.242
102,2010,62,100,12.84,0,0,-.264
102,2010,62,200,12.81,0,0,-.248
102,2010,62,300,12.8,0,0,-.242
102,2010,62,400,12.79,.02874,0,-.264
102,2010,62,500,12.79,.05747,0,-.281
102,2010,62,600,12.79,.09579,0,-.231
102,2010,62,700,12.8,.00958,0,-.297
102,2010,62,800,12.8,38.815,0,-.281
102,2010,62,900,13.75,382.63,0,-.281
102,2010,62,1000,13.73,476.75,0,-.319
102,2010,62,1100,13.73,759.87,0,-.303
102,2010,62,1200,13.71,903,0,-.297
102,2010,62,1300,13.7,901.94,0,-.259
102,2010,62,1400,13.67,838.13,0,-.275
102,2010,62,1500,13.67,881.19,0,-.314
102,2010,62,1600,13.65,927,0,-.292
102,2010,62,1700,13.65,879.78,0,-.259
102,2010,62,1800,13.65,634.49,0,-.242
102,2010,62,1900,13.66,146.65,0,-.204
102,2010,62,2000,13.67,3.0076,0,-.22
102,2010,62,2100,13.69,0,0,-.242
102,2010,62,2200,13.71,0,0,-.242
102,2010,62,2300,13.72,0,0,-.264
101,2010,62,2400,12.79,7773.4,0
102,2010,62,2400,13.73,0,0,-.259
102,2010,63,100,13.73,0,0,-.253
102,2010,63,200,13.73,0,0,-.231
102,2010,63,300,13.75,0,0,-.253
102,2010,63,400,13.75,0,0,-.187
102,2010,63,500,13.75,0,0,-.242
102,2010,63,600,13.76,0,0,-.54
102,2010,63,700,13.77,0,0,-.501
102,2010,63,800,13.77,44.335,0,-.518
102,2010,63,900,13.78,343.62,0,-.204
102,2010,63,1000,13.78,577.58,0,-.27
102,2010,63,1100,13.77,1064,0,-.286
102,2010,63,1200,13.75,1240.2,0,-.308
102,2010,63,1300,13.73,972.65,0,-.292
102,2010,63,1400,13.71,1317.8,0,-.314
102,2010,63,1500,13.7,898.28,0,-.303
102,2010,63,1600,13.7,670.67,0,-.281
102,2010,63,1700,13.7,428.18,0,-.253
102,2010,63,1800,13.73,95.473,0,-.237
102,2010,63,1900,13.73,76.335,0,-.567
102,2010,63,2000,13.74,8.9945,0,-.523
102,2010,63,2100,13.75,0,0,-.539
102,2010,63,2200,13.76,0,0,-.589
102,2010,63,2300,13.76,0,0,-.589
101,2010,63,2400,13.7,7738.1,0
102,2010,63,2400,13.77,0,0,-.567
102,2010,64,100,13.78,0,0,-.556
102,2010,64,200,13.78,0,0,-.54
102,2010,64,300,13.79,0,0,-.529
102,2010,64,400,13.79,0,0,-.556
102,2010,64,500,13.8,0,0,-.468
102,2010,64,600,13.8,0,0,-.534
102,2010,64,700,13.81,0,0,-.562
102,2010,64,800,13.82,54.52,0,-.551
102,2010,64,900,13.82,186.28,0,-.286
102,2010,64,1000,13.8,256.41,0,-.253
102,2010,64,1100,13.66,295.82,0,-.253
102,2010,64,1200,13.56,328.81,0,-.297
102,2010,64,1300,13.74,462.42,0,-.281
102,2010,64,1400,13.72,795.59,0,-.27
102,2010,64,1500,13.71,2413.5,0,-.264
102,2010,64,1600,13.69,2442.9,0,-.281
102,2010,64,1700,13.68,1763,0,-.27
102,2010,64,1800,12.65,458.28,0,-.281
102,2010,64,1900,13.68,184.21,0,-.275
102,2010,64,2000,13.68,28.419,0,-.242
102,2010,64,2100,13.7,0,0,-.22
102,2010,64,2200,13.71,0,0,-.226
102,2010,64,2300,13.72,.06705,0,-.27
101,2010,64,2400,12.65,9670.3,0
102,2010,64,2400,13.73,0,0,-.264
102,2010,65,100,13.73,.0479,0,-.281
102,2010,65,200,13.73,.67053,0,-.407
102,2010,65,300,13.75,1.6668,0,-.694
102,2010,65,400,13.77,0,0,-.54
102,2010,65,500,13.77,0,0,-.496
102,2010,65,600,13.77,0,0,-.457
102,2010,65,700,13.78,.25865,0,-.226
102,2010,65,800,13.78,38.578,0,-.231
102,2010,65,900,13.78,284.9,0,-.65
102,2010,65,1000,13.78,765.1,0,-.226
102,2010,65,1100,13.77,1043.7,0,-.248
102,2010,65,1200,13.76,616.07,0,-.259
102,2010,65,1300,13.76,678.77,0,-.336
102,2010,65,1400,13.75,624,0,-.248
102,2010,65,1500,13.74,1041.4,0,-.27
102,2010,65,1600,13.73,922.81,0,-.292
102,2010,65,1700,13.73,1302.5,0,-.281
102,2010,65,1800,13.72,1269.8,0,-.259
102,2010,65,1900,13.72,650.5,0,-.27
102,2010,65,2000,13.73,6.9255,0,-.628
102,2010,65,2100,13.75,0,0,-.534
102,2010,65,2200,13.75,0,0,-.495
102,2010,65,2300,13.76,0,0,-.506
101,2010,65,2400,13.72,9247.7,0
102,2010,65,2400,13.76,0,0,-.556
102,2010,66,100,13.77,0,0,-.562
102,2010,66,200,13.77,0,0,-.545
102,2010,66,300,13.78,0,0,-.584
102,2010,66,400,13.78,0,0,-.545
102,2010,66,500,13.79,0,0,-.611
102,2010,66,600,13.8,0,0,-.578
102,2010,66,700,13.8,0,0,-.479
102,2010,66,800,13.8,87.621,0,-.33
102,2010,66,900,13.8,406.15,0,-.275
102,2010,66,1000,13.79,342.34,0,-.264
102,2010,66,1100,13.78,338.41,0,-.264
102,2010,66,1200,13.75,519.86,0,-.27
102,2010,66,1300,13.74,886.85,0,-.275
102,2010,66,1400,13.72,1405.6,0,-.248
102,2010,66,1500,13.7,2856.2,0,-.275
102,2010,66,1600,13.68,2593.7,0,-.27
102,2010,66,1700,13.68,1839.9,0,-.27
102,2010,66,1800,13.68,1588.2,0,-.242
102,2010,66,1900,13.68,125.17,0,-.204
102,2010,66,2000,13.7,3.7546,0,-.264
102,2010,66,2100,13.71,0,0,-.22
102,2010,66,2200,13.72,0,0,-.259
102,2010,66,2300,13.72,0,0,-.281
101,2010,66,2400,13.68,12994,0
102,2010,66,2400,13.73,0,0,-.237
102,2010,67,100,13.73,0,0,-.27
102,2010,67,200,13.73,0,0,-.264
102,2010,67,300,13.74,0,0,-.248
102,2010,67,400,13.75,0,0,-.253
102,2010,67,500,13.75,0,0,-.259
102,2010,67,600,13.77,0,0,-.292
102,2010,67,700,13.77,0,0,-.264
102,2010,67,800,13.78,48.206,0,-.286
102,2010,67,900,13.78,299.08,0,-.264
102,2010,67,1000,13.78,350.03,0,-.259
102,2010,67,1100,13.78,1118,0,-.286
102,2010,67,1200,13.76,922.59,0,-.27
102,2010,67,1300,13.73,1418.3,0,-.242
102,2010,67,1400,13.73,1827.1,0,-.303
102,2010,67,1500,13.72,1542.9,0,-.308
102,2010,67,1600,13.71,1473.2,0,-.281
102,2010,67,1700,13.7,1057.5,0,-.286
102,2010,67,1800,13.7,555.2,0,-.187
102,2010,67,1900,13.7,181.06,0,-.341
102,2010,67,2000,13.73,11.993,0,-.215
102,2010,67,2100,13.06,0,0,-.27
102,2010,67,2200,13.76,0,0,-.27
102,2010,67,2300,13.76,0,0,-.402
101,2010,67,2400,13.06,10805,0
102,2010,67,2400,13.77,0,0,-.589
102,2010,68,100,13.77,0,0,-.573
102,2010,68,200,13.77,0,0,-.562
102,2010,68,300,13.78,0,0,-.27
102,2010,68,400,13.79,0,0,-.242
102,2010,68,500,13.8,0,0,-.264
102,2010,68,600,13.8,0,0,-.463
102,2010,68,700,13.8,0,0,-.551
102,2010,68,800,13.81,75.022,0,-.545
102,2010,68,900,13.45,464.24,0,-.275
102,2010,68,1000,13.63,618.88,0,-.264
102,2010,68,1100,13.62,609.02,0,-.27
102,2010,68,1200,13.39,652.81,0,-.259
102,2010,68,1300,12.46,858.73,0,-.226
102,2010,68,1400,13.34,2344,0,-.248
102,2010,68,1500,13.31,1446.3,0,-.226
102,2010,68,1600,12.37,1032.2,0,-.27
102,2010,68,1700,13.41,1065,0,-.231
102,2010,68,1800,13.2,1114.3,0,-.27
102,2010,68,1900,13.6,522.15,0,-.264
102,2010,68,2000,13.19,12.892,0,-.275
102,2010,68,2100,13.06,0,0,-.27
102,2010,68,2200,12.97,0,0,-.248
102,2010,68,2300,12.9,0,0,-.275
101,2010,68,2400,12.37,10816,0
102,2010,68,2400,12.86,0,0,-.286
102,2010,69,100,12.83,0,0,-.275
102,2010,69,200,12.79,0,0,-.204
102,2010,69,300,12.78,0,0,-.259
102,2010,69,400,12.78,0,0,-.253
102,2010,69,500,12.77,0,0,-.22
102,2010,69,600,12.77,0,0,-.215
102,2010,69,700,12.78,0,0,-.248
102,2010,69,800,12.78,72.274,0,-.237
102,2010,69,900,13.64,302.97,0,-.264
102,2010,69,1000,12.82,469.98,0,-.297
102,2010,69,1100,13.42,449.75,0,-.259
102,2010,69,1200,13.17,484.8,0,-.248
102,2010,69,1300,13.14,527.75,0,-.275
102,2010,69,1400,13.44,506.62,0,-.286
102,2010,69,1500,13.55,492.74,0,-.292
102,2010,69,1600,13.54,536.62,0,-.242
102,2010,69,1700,13.53,892.66,0,-.242
102,2010,69,1800,13.54,1194.2,0,-.264
102,2010,69,1900,13.53,416.68,0,-.226
102,2010,69,2000,13.17,9.1093,0,-.275
102,2010,69,2100,13.05,0,0,-.292
102,2010,69,2200,12.96,0,0,-.303
102,2010,69,2300,12.9,0,0,-.275
101,2010,69,2400,12.77,6356.1,0
102,2010,69,2400,12.85,0,0,-.297
102,2010,70,100,12.82,0,0,-.259
102,2010,70,200,12.81,0,0,-.253
102,2010,70,300,12.79,0,0,-.215
102,2010,70,400,12.78,0,0,-.237
102,2010,70,500,12.78,0,0,-.231
102,2010,70,600,12.77,0,0,-.297
102,2010,70,700,12.77,0,0,-.242
102,2010,70,800,12.76,57.54,0,-.292
102,2010,70,900,13.41,218.12,0,-.27
102,2010,70,1000,12.87,313.43,0,-.259
102,2010,70,1100,13.7,381.58,0,-.281
102,2010,70,1200,13.68,476.72,0,-.248
102,2010,70,1300,13.02,514.19,0,-.319
102,2010,70,1400,13.66,664.41,0,-.27
102,2010,70,1500,13.64,997,0,-.27
102,2010,70,1600,13.63,1338.2,0,-.242
102,2010,70,1700,13.63,1217.6,0,-.231
102,2010,70,1800,13.55,748.26,0,-.297
102,2010,70,1900,13.51,249.57,0,-.319
102,2010,70,2000,13.38,9.4157,0,-.242
102,2010,70,2100,13.66,0,0,-.187
102,2010,70,2200,13.67,0,0,-.176
102,2010,70,2300,13.68,0,0,-.242
101,2010,70,2400,12.76,7186.1,0
102,2010,70,2400,13.7,0,0,-.22
102,2010,71,100,13.7,0,0,-.226
102,2010,71,200,13.71,0,0,-.242
102,2010,71,300,13.72,0,0,-.187
102,2010,71,400,13.73,0,0,-.198
102,2010,71,500,13.74,0,0,-.209
102,2010,71,600,13.75,0,0,-.226
102,2010,71,700,13.76,0,0,-.264
102,2010,71,800,13.77,72.035,0,-.27
102,2010,71,900,13.77,271.39,0,-.264
102,2010,71,1000,13.75,404.46,0,-.286
102,2010,71,1100,13.7,470.01,0,-.259
102,2010,71,1200,13.43,479.55,0,-.297
102,2010,71,1300,13.25,497.95,0,-.292
102,2010,71,1400,13.67,513,0,-.215
102,2010,71,1500,13.66,613.68,0,-.231
102,2010,71,1600,13.65,1718.4,0,-.226
102,2010,71,1700,13.63,2267.1,0,-.209
102,2010,71,1800,13.41,1394.4,0,-.264
102,2010,71,1900,13.27,461.96,0,-.242
102,2010,71,2000,13.64,8.8029,0,-.193
102,2010,71,2100,13.65,0,0,-.231
102,2010,71,2200,13.67,0,0,-.215
102,2010,71,2300,13.68,0,0,-.226
101,2010,71,2400,13.25,9172.8,0
102,2010,71,2400,13.7,0,0,-.209
102,2010,72,100,13.7,0,0,-.204
102,2010,72,200,13.72,0,0,-.22
102,2010,72,300,13.72,0,0,-.248
102,2010,72,400,13.74,0,0,-.215
102,2010,72,500,13.75,0,0,-.198
102,2010,72,600,13.75,0,0,-.198
102,2010,72,700,13.75,0,0,-.22
102,2010,72,800,13.76,112.29,0,-.226
102,2010,72,900,13.77,446.62,0,-.204
102,2010,72,1000,13.76,590.91,0,-.242
102,2010,72,1100,13.73,765.98,0,-.286
102,2010,72,1200,13.71,967.57,0,-.303
102,2010,72,1300,13.68,948.61,0,-.297
102,2010,72,1400,13.66,1045.2,0,-.264
102,2010,72,1500,13.65,1287.4,0,-.275
102,2010,72,1600,13.63,1952.6,0,-.248
102,2010,72,1700,13.57,1654,0,-.27
102,2010,72,1800,13.38,1017.4,0,-.242
102,2010,72,1900,13.63,359.24,0,-.226
102,2010,72,2000,13.65,13.516,0,-.248
102,2010,72,2100,13.65,0,0,-.248
102,2010,72,2200,13.67,0,0,-.204
102,2010,72,2300,13.68,0,0,-.237
101,2010,72,2400,13.38,11161,0
102,2010,72,2400,13.7,0,0,-.198
102,2010,73,100,13.7,0,0,-.226
102,2010,73,200,13.72,0,0,-.187
102,2010,73,300,13.73,0,0,-.226
102,2010,73,400,13.75,0,0,-.226
102,2010,73,500,13.75,0,0,-.22
102,2010,73,600,13.76,0,0,-.242
102,2010,73,700,13.76,0,0,-.226
102,2010,73,800,13.77,76.519,0,-.204
102,2010,73,900,13.77,284.17,0,-.237
102,2010,73,1000,13.75,394.92,0,-.27
102,2010,73,1100,13.72,469.07,0,-.314
102,2010,73,1200,13.7,523.45,0,-.319
102,2010,73,1300,13.68,555.9,0,-.292
102,2010,73,1400,13.65,598.9,0,-.303
102,2010,73,1500,13.5,1114.4,0,-.297
102,2010,73,1600,13.49,2484.7,0,-.264
102,2010,73,1700,13.63,2232.4,0,-.341
102,2010,73,1800,13.62,1370.6,0,-.275
102,2010,73,1900,13.62,414.58,0,-.231
102,2010,73,2000,13.63,9.9334,0,-.226
102,2010,73,2100,13.65,0,0,-.215
102,2010,73,2200,13.66,0,0,-.198
102,2010,73,2300,13.67,0,0,-.209
101,2010,73,2400,13.49,10530,0
102,2010,73,2400,13.68,0,0,-.248
102,2010,74,100,13.69,0,0,-.182
102,2010,74,200,13.71,0,0,-.226
102,2010,74,300,13.72,0,0,-.248
102,2010,74,400,13.73,0,0,-.231
102,2010,74,500,13.74,0,0,-.226
102,2010,74,600,13.75,0,0,-.231
102,2010,74,700,13.76,0,0,-.215
102,2010,74,800,13.77,93.549,0,-.182
102,2010,74,900,13.76,366.47,0,-.22
102,2010,74,1000,13.75,559.86,0,-.264
102,2010,74,1100,13.72,689.6,0,-.275
102,2010,74,1200,13.7,774.47,0,-.275
102,2010,74,1300,13.66,879.41,0,-.286
102,2010,74,1400,13.65,1144.6,0,-.242
102,2010,74,1500,13.64,1746.3,0,-.248
102,2010,74,1600,13.64,1955.3,0,-.242
102,2010,74,1700,13.63,1420.5,0,-.237
102,2010,74,1800,13.63,818.33,0,-.275
102,2010,74,1900,13.64,287.48,0,-.259
102,2010,74,2000,13.64,8.937,0,-.242
102,2010,74,2100,13.66,0,0,-.226
102,2010,74,2200,13.67,0,0,-.209
102,2010,74,2300,13.68,0,0,-.237
101,2010,74,2400,13.63,10745,0
102,2010,74,2400,13.69,0,0,-.259
102,2010,75,100,13.7,0,0,-.149
102,2010,75,200,13.71,0,0,-.22
102,2010,75,300,13.72,0,0,-.209
102,2010,75,400,13.72,0,0,-.22
102,2010,75,500,13.72,0,0,-.237
102,2010,75,600,13.73,0,0,-.231
102,2010,75,700,13.74,0,0,-.253
102,2010,75,800,13.75,115.86,0,-.27
102,2010,75,900,13.75,389.28,0,-.215
102,2010,75,1000,13.74,606.09,0,-.297
102,2010,75,1100,13.72,615.96,0,-.281
102,2010,75,1200,13.69,810.26,0,-.303
102,2010,75,1300,13.66,1209.5,0,-.242
102,2010,75,1400,13.65,1451.5,0,-.248
102,2010,75,1500,13.63,1760.8,0,-.27
102,2010,75,1600,13.63,2380.3,0,-.226
102,2010,75,1700,13.61,1871.2,0,-.248
102,2010,75,1800,13.61,1355,0,-.264
102,2010,75,1900,13.61,289.48,0,-.253
102,2010,75,2000,13.63,5.2685,0,-.226
102,2010,75,2100,13.63,.00958,0,-.253
102,2010,75,2200,13.65,0,0,-.226
102,2010,75,2300,13.65,0,0,-.253
101,2010,75,2400,13.61,12860,0
102,2010,75,2400,13.67,0,0,-.297
102,2010,76,100,13.68,0,0,-.297
102,2010,76,200,13.69,0,0,-.292
102,2010,76,300,13.7,0,0,-.264
102,2010,76,400,13.7,0,0,-.27
102,2010,76,500,13.71,0,0,-.242
102,2010,76,600,13.72,0,0,-.292
102,2010,76,700,13.73,0,0,-.242
102,2010,76,800,13.73,94.832,0,-.264
102,2010,76,900,13.73,432.35,0,-.259
102,2010,76,1000,13.72,617.77,0,-.303
102,2010,76,1100,13.7,831.99,0,-.237
102,2010,76,1200,13.69,1004.5,0,-.248
102,2010,76,1300,13.66,1011.5,0,-.242
102,2010,76,1400,13.65,1423.8,0,-.248
102,2010,76,1500,13.64,1893.8,0,-.22
102,2010,76,1600,13.63,2677.2,0,-.248
102,2010,76,1700,13.62,2016.8,0,-.248
102,2010,76,1800,13.61,1343.4,0,-.237
102,2010,76,1900,13.61,264.62,0,-.27
102,2010,76,2000,13.62,6.4371,0,-.248
102,2010,76,2100,13.63,0,0,-.237
102,2010,76,2200,13.65,0,0,-.204
102,2010,76,2300,13.66,0,0,-.193
101,2010,76,2400,13.61,13619,0
102,2010,76,2400,13.67,0,0,-.259
102,2010,77,100,13.68,0,0,-.231
102,2010,77,200,13.69,0,0,-.259
102,2010,77,300,13.69,0,0,-.248
102,2010,77,400,13.7,0,0,-.281
102,2010,77,500,13.72,0,0,-.248
102,2010,77,600,13.73,0,0,-.253
102,2010,77,700,13.73,0,0,-.314
102,2010,77,800,13.74,90.179,0,-.286
102,2010,77,900,13.75,361.63,0,-.27
102,2010,77,1000,13.73,701.57,0,-.248
102,2010,77,1100,13.71,1103.7,0,-.264
102,2010,77,1200,13.7,1411.4,0,-.226
102,2010,77,1300,13.68,1476.1,0,-.242
102,2010,77,1400,13.66,1681.7,0,-.281
102,2010,77,1500,13.66,1673.8,0,-.237
102,2010,77,1600,13.65,1370,0,-.231
102,2010,77,1700,13.64,989.01,0,-.292
102,2010,77,1800,13.64,695.69,0,-.325
102,2010,77,1900,13.64,332.93,0,-.286
102,2010,77,2000,13.65,7.6151,0,-.259
102,2010,77,2100,13.66,0,0,-.215
102,2010,77,2200,13.66,0,0,-.237
102,2010,77,2300,13.67,0,0,-.27
101,2010,77,2400,13.64,11895,0
102,2010,77,2400,13.69,.02873,0,-.275
102,2010,78,100,13.69,0,0,-.259
102,2010,78,200,13.7,0,0,-.424
102,2010,78,300,13.7,0,0,-.506
102,2010,78,400,13.72,0,0,-.617
102,2010,78,500,13.72,0,0,-.655
102,2010,78,600,13.72,0,0,-.512
102,2010,78,700,13.72,0,0,-.551
102,2010,78,800,12.96,88.416,0,-.677
102,2010,78,900,12.86,438.67,0,-.325
102,2010,78,1000,13.74,836.22,0,-.275
102,2010,78,1100,13.73,1125.6,0,-.259
102,2010,78,1200,13.72,1163.3,0,-.259
102,2010,78,1300,13.7,1345.8,0,-.253
102,2010,78,1400,13.68,1231.7,0,-.275
102,2010,78,1500,13.66,2088.3,0,-.281
102,2010,78,1600,13.65,1595.1,0,-.275
102,2010,78,1700,13.65,1572.4,0,-.27
102,2010,78,1800,13.65,181.72,0,-.413
102,2010,78,1900,13.71,11.533,0,-.396
102,2010,78,2000,13.75,.0479,0,-.556
102,2010,78,2100,13.75,0,0,-.512
102,2010,78,2200,13.75,.05748,0,-.506
102,2010,78,2300,13.75,.03832,0,-.545
101,2010,78,2400,12.86,11679,0
102,2010,78,2400,13.75,.00958,0,-.534
102,2010,79,100,13.74,.02874,0,-.551
102,2010,79,200,13.75,.01916,0,-.523
102,2010,79,300,13.75,0,0,-.429
102,2010,79,400,13.75,0,0,-.27
102,2010,79,500,13.77,0,0,-.264
102,2010,79,600,13.78,0,0,-.325
102,2010,79,700,13.78,0,0,-.27
102,2010,79,800,13.79,109.98,0,-.242
102,2010,79,900,13.78,598.61,.083,.463
102,2010,79,1000,13.78,1188.9,0,-.22
102,2010,79,1100,13.76,1712.4,0,-.242
102,2010,79,1200,13.75,1300,0,-.242
102,2010,79,1300,13.72,1501.8,0,-.275
102,2010,79,1400,13.7,1540.4,0,-.297
102,2010,79,1500,13.68,1477.8,0,-.242
102,2010,79,1600,13.68,1025.4,0,-.248
102,2010,79,1700,13.66,349.8,0,-.27
102,2010,79,1800,13.66,515.56,0,-.264
102,2010,79,1900,13.66,138.29,0,-.292
102,2010,79,2000,13.67,5.9386,0,-.462
102,2010,79,2100,13.72,0,0,-.523
102,2010,79,2200,13.73,0,0,-.484
102,2010,79,2300,13.73,0,0,-.44
101,2010,79,2400,13.66,11465,.083
102,2010,79,2400,13.73,0,0,-.479
102,2010,80,100,13.73,0,0,-.512
102,2010,80,200,13.73,0,0,-.567
102,2010,80,300,13.75,0,0,-.556
102,2010,80,400,13.76,0,0,-.584
102,2010,80,500,13.77,0,0,-.551
102,2010,80,600,13.78,0,0,-.556
102,2010,80,700,13.78,0,0,-.573
102,2010,80,800,13.78,115.95,0,-.666
102,2010,80,900,13.78,492.42,0,-.286
102,2010,80,1000,13.77,1140.9,0,-.259
102,2010,80,1100,13.75,1296.8,0,-.248
102,2010,80,1200,13.74,1375.7,0,-.281
102,2010,80,1300,13.72,921.35,0,-.281
102,2010,80,1400,13.7,875.09,0,-.242
102,2010,80,1500,13.69,750.86,0,-.242
102,2010,80,1600,13.68,746.67,0,-.242
102,2010,80,1700,13.68,352.94,0,-.49
102,2010,80,1800,13.73,308.93,0,-.446
102,2010,80,1900,13.72,179.15,0,-.253
102,2010,80,2000,13.72,5.4503,0,-.253
102,2010,80,2100,13.73,0,0,-.275
102,2010,80,2200,13.73,0,0,-.336
102,2010,80,2300,13.73,0,0,-.27
101,2010,80,2400,13.68,8562.2,0
102,2010,80,2400,13.73,0,0,-.248
102,2010,81,100,13.74,0,0,-.237
102,2010,81,200,13.75,0,0,-.424
102,2010,81,300,13.75,0,0,-.473
102,2010,81,400,13.76,0,0,-.567
102,2010,81,500,13.77,0,0,-.567
102,2010,81,600,13.77,0,0,-.534
102,2010,81,700,13.77,.03832,0,-.534
102,2010,81,800,13.77,89.234,0,-.584
102,2010,81,900,13.78,476.8,0,-.451
102,2010,81,1000,13.77,1277.1,0,-.209
102,2010,81,1100,13.75,1600.6,0,-.259
102,2010,81,1200,13.48,1003.7,0,-.27
102,2010,81,1300,13.74,1103.5,0,-.253
102,2010,81,1400,13.72,1001.3,0,-.248
102,2010,81,1500,13.71,1002.3,0,-.248
102,2010,81,1600,13.7,564.76,0,-.27
102,2010,81,1700,13.68,604.44,0,-.281
102,2010,81,1800,13.67,461.23,0,-.264
102,2010,81,1900,13.68,105.67,0,-.347
102,2010,81,2000,13.7,2.8447,0,-.198
102,2010,81,2100,13.7,0,0,-.292
102,2010,81,2200,13.71,0,0,-.253
102,2010,81,2300,13.72,0,0,-.27
101,2010,81,2400,13.48,9293.5,0
102,2010,81,2400,13.72,0,0,-.391
102,2010,82,100,13.73,0,0,-.424
102,2010,82,200,13.73,0,0,-.424
102,2010,82,300,13.73,0,0,-.407
102,2010,82,400,13.73,0,0,-.506
102,2010,82,500,13.75,0,0,-.517
102,2010,82,600,13.75,0,0,-.578
102,2010,82,700,13.76,.03832,0,-.567
102,2010,82,800,13.77,89.897,0,-.523
102,2010,82,900,13.77,369.38,0,-.264
102,2010,82,1000,13.77,724.6,0,-.248
102,2010,82,1100,13.74,742.42,0,-.248
102,2010,82,1200,13.73,1448.5,0,-.27
102,2010,82,1300,13.72,1612.4,0,-.242
102,2010,82,1400,13.7,1175.4,0,-.226
102,2010,82,1500,13.69,779.68,0,-.281
102,2010,82,1600,13.67,601.09,0,-.242
102,2010,82,1700,13.66,674.1,0,-.275
102,2010,82,1800,13.66,634.69,0,-.539
102,2010,82,1900,13.69,97.747,0,-.424
102,2010,82,2000,13.74,.182,0,.083
102,2010,82,2100,13.74,.59391,0,.055
102,2010,82,2200,13.75,0,0,.886
102,2010,82,2300,13.75,.02874,0,.501
101,2010,82,2400,13.66,8950.8,0
102,2010,82,2400,13.76,0,0,.534
102,2010,83,100,13.77,0,0,1.553
102,2010,83,200,12.84,0,0,1.927
102,2010,83,300,12.83,0,0,2.153
102,2010,83,400,12.83,0,0,2.346
102,2010,83,500,12.83,0,0,2.714
102,2010,83,600,12.82,0,0,3.182
102,2010,83,700,12.82,0,0,3.337
102,2010,83,800,12.58,31.452,0,3.871
102,2010,83,900,12.56,241.78,0,3.904
102,2010,83,1000,12.7,643.94,0,4.191
102,2010,83,1100,12.91,792.66,0,1.459
102,2010,83,1200,13.43,1413.2,0,-.149
102,2010,83,1300,13.79,1610.3,0,-.187
102,2010,83,1400,13.78,774.94,0,-.083
102,2010,83,1500,13.8,516.39,0,.094
102,2010,83,1600,13.82,1082.3,0,-.297
102,2010,83,1700,13.8,1113.8,0,-.253
102,2010,83,1800,13.78,595.32,0,-.297
102,2010,83,1900,13.78,144.51,0,-.259
102,2010,83,2000,13.78,2.0119,0,-.275
102,2010,83,2100,13.78,0,0,-.27
102,2010,83,2200,13.78,0,0,-.286
102,2010,83,2300,13.78,0,0,-.314
101,2010,83,2400,12.56,8962.5,0
102,2010,83,2400,13.78,0,0,-.507
102,2010,84,100,13.79,0,0,-.534
102,2010,84,200,13.8,0,0,-.38
102,2010,84,300,13.8,0,0,-.248
102,2010,84,400,13.82,0,0,-.303
102,2010,84,500,13.82,0,0,-.275
102,2010,84,600,13.82,0,0,-.264
102,2010,84,700,13.83,0,0,-.248
102,2010,84,800,13.84,114.44,0,-.352
102,2010,84,900,13.84,298.58,0,-.292
102,2010,84,1000,13.82,832.77,0,-.248
102,2010,84,1100,13.8,1044.1,0,-.27
102,2010,84,1200,13.78,946.11,0,-.237
102,2010,84,1300,13.77,1081.7,0,-.231
102,2010,84,1400,13.76,941.91,0,-.264
102,2010,84,1500,13.75,1454,0,-.264
102,2010,84,1600,13.73,966.11,0,-.314
102,2010,84,1700,13.74,105.14,0,-.259
102,2010,84,1800,13.77,48.59,0,-.248
102,2010,84,1900,13.78,55.633,0,-.226
102,2010,84,2000,13.78,2.0789,0,-.237
102,2010,84,2100,13.78,0,0,-.49
102,2010,84,2200,13.79,0,0,-.567
102,2010,84,2300,13.8,0,0,-.584
101,2010,84,2400,13.73,7891.1,0
102,2010,84,2400,13.8,0,0,-.573
102,2010,85,100,13.8,0,0,-.584
102,2010,85,200,13.8,0,0,-.578
102,2010,85,300,13.81,0,0,-.644
102,2010,85,400,13.81,0,0,-.545
102,2010,85,500,13.82,0,0,-.534
102,2010,85,600,13.82,0,0,-.446
102,2010,85,700,13.82,0,0,-.369
102,2010,85,800,13.82,150.19,0,-.286
102,2010,85,900,13.81,427.91,0,-.286
102,2010,85,1000,13.8,583.11,0,-.286
102,2010,85,1100,13.66,757.31,0,-.308
102,2010,85,1200,13.42,1337.7,0,-.281
102,2010,85,1300,12.74,1227.2,0,-.259
102,2010,85,1400,13.34,912.11,0,-.27
102,2010,85,1500,13.34,1157.1,0,-.237
102,2010,85,1600,12.54,1171.5,0,-.237
102,2010,85,1700,12.64,576.76,0,-.253
102,2010,85,1800,12.65,37.311,0,-.363
102,2010,85,1900,12.83,13.143,0,-.325
102,2010,85,2000,12.85,0,0,-.33
102,2010,85,2100,12.85,0,0,-.33
102,2010,85,2200,12.84,0,0,-.325
102,2010,85,2300,12.83,0,0,-.33
101,2010,85,2400,12.54,8351.3,0
102,2010,85,2400,12.83,0,0,-.325
102,2010,86,100,12.83,0,0,-.33
102,2010,86,200,12.82,0,0,-.33
102,2010,86,300,12.82,0,0,-.33
102,2010,86,400,12.81,0,0,-.33
102,2010,86,500,12.81,0,0,-.33
102,2010,86,600,12.81,0,0,-.33
102,2010,86,700,12.81,.05748,0,-.33
102,2010,86,800,12.81,105.98,0,-.33
102,2010,86,900,13.25,464.79,0,-.325
102,2010,86,1000,12.73,937.02,0,-.297
102,2010,86,1100,13.59,1060.4,0,-.336
102,2010,86,1200,13.46,1069.5,0,-.325
102,2010,86,1300,13.22,1423.8,0,-.314
102,2010,86,1400,13.3,839.19,0,-.314
102,2010,86,1500,13.23,371.33,0,-.33
102,2010,86,1600,13.16,743.96,0,-.325