102,2010,183,1700,13.66,113.25,0,99.5
102,2010,183,1800,13.71,109.25,0,111.5
102,2010,183,1900,13.71,16.841,0,126.6
102,2010,183,2000,13.72,.12453,0,149.1
102,2010,183,2100,13.72,0,0,157.1
102,2010,183,2200,13.74,0,0,154
102,2010,183,2300,13.74,0,0,161.3
101,2010,183,2400,12.53,507.77,0
102,2010,183,2400,13.75,0,0,158
102,2010,184,100,13.77,0,0,139
102,2010,184,200,13.78,0,0,136.3
102,2010,184,300,13.79,0,0,130.4
102,2010,184,400,13.79,0,0,108.4
102,2010,184,500,13.79,0,0,62.08
102,2010,184,600,13.8,0,0,78.6
102,2010,184,700,13.8,0,0,67.75
102,2010,184,800,13.8,0,0,58.09
102,2010,184,900,13.8,119.09,0,147.6
102,2010,184,1000,13.79,0,0,116.3
102,2010,184,1100,13.79,14.112,0,130.7
102,2010,184,1200,13.77,0,0,122.6
102,2010,184,1300,13.75,22.092,0,118.8
102,2010,184,1400,13.74,47.628,0,117.6
102,2010,184,1500,13.73,104.93,0,106.5
102,2010,184,1600,13.72,84.116,0,105.4
102,2010,184,1700,13.72,92.182,0,104.1
102,2010,184,1800,13.72,8.5161,0,120.7
102,2010,184,1900,13.72,12.654,0,136.6
102,2010,184,2000,13.73,.86214,0,150.8
102,2010,184,2100,13.74,0,0,149.5
102,2010,184,2200,13.75,0,0,148.9
102,2010,184,2300,13.75,0,0,150.3
101,2010,184,2400,13.72,506.19,0
102,2010,184,2400,13.77,0,0,151.3
102,2010,185,100,13.77,0,0,143.4
102,2010,185,200,13.77,0,0,123.9
102,2010,185,300,13.77,0,0,116.5
102,2010,185,400,13.78,0,0,102.4
102,2010,185,500,13.78,0,0,138
102,2010,185,600,13.79,0,0,149.5
102,2010,185,700,13.79,0,0,116.2
102,2010,185,800,13.8,0,0,79
102,2010,185,900,13.8,0,0,116.9
102,2010,185,1000,13.8,103.32,0,186.4
102,2010,185,1100,13.26,4.9435,0,138.5
102,2010,185,1200,13.62,29.948,0,123.4
102,2010,185,1300,12.91,11.822,0,107.3
102,2010,185,1400,13.44,0,0,105.5
102,2010,185,1500,13.37,42.283,0,96.7
102,2010,185,1600,12.68,54.707,0,100.9
102,2010,185,1700,12.56,6.3703,0,97.3
102,2010,185,1800,12.53,0,.35,170.4
102,2010,185,1900,12.53,0,.433,465
102,2010,185,2000,13.77,0,.516,582.8
102,2010,185,2100,13.79,0,.55,1063
102,2010,185,2200,13.79,0,.566,1075
102,2010,185,2300,13.79,0,.933,-6999
101,2010,185,2400,12.53,253.4,3.848
102,2010,185,2400,13.79,0,.5,-6999
102,2010,186,100,13.8,0,0,35.27
102,2010,186,200,13.81,0,0,16.88
102,2010,186,300,13.81,0,0,7.67
102,2010,186,400,13.82,0,.017,40.96
102,2010,186,500,13.82,0,.317,43.63
102,2010,186,600,13.82,0,.1,31.17
102,2010,186,700,13.82,0,0,14.68
102,2010,186,800,13.83,0,0,-20.1
102,2010,186,900,13.82,0,0,17.63
102,2010,186,1000,13.01,0,0,104.8
102,2010,186,1100,13.08,0,0,107.7
102,2010,186,1200,13.63,29.66,0,117.8
102,2010,186,1300,13.61,6.8691,0,104.2
102,2010,186,1400,13.56,6.0261,0,97
102,2010,186,1500,13.36,38.935,0,94.5
102,2010,186,1600,13.38,14.753,0,95.5
102,2010,186,1700,13.3,14.905,0,97.7
102,2010,186,1800,13.44,118.13,0,101.8
102,2010,186,1900,13.28,17.434,0,108.8
102,2010,186,2000,13.72,0,0,134
102,2010,186,2100,13.74,0,0,147.5
102,2010,186,2200,13.75,0,0,150.7
102,2010,186,2300,13.76,0,0,148.8
101,2010,186,2400,13.01,246.71,.433
102,2010,186,2400,13.77,0,0,144.9
102,2010,187,100,13.79,0,0,148.3
102,2010,187,200,13.79,0,0,147.3
102,2010,187,300,13.8,0,0,159.6
102,2010,187,400,13.8,0,0,143.3
102,2010,187,500,13.81,0,0,143.1
102,2010,187,600,13.81,0,0,165.3
102,2010,187,700,13.82,0,0,161
102,2010,187,800,13.82,0,0,114.1
102,2010,187,900,13.82,58.361,0,162.3
102,2010,187,1000,13.82,6.3611,0,143.8
102,2010,187,1100,13.81,120.32,0,128.4
102,2010,187,1200,13.64,5.4319,0,111.5
102,2010,187,1300,13.16,8.1816,0,92.3
102,2010,187,1400,13.34,14.792,0,92.8
102,2010,187,1500,13.35,31.144,0,95.2
102,2010,187,1600,12.41,31.526,0,93.7
102,2010,187,1700,13.21,26.266,0,94.9
102,2010,187,1800,13.38,126.29,0,96.6
102,2010,187,1900,13,4.5502,0,105.9
102,2010,187,2000,13.29,1.0729,0,141
102,2010,187,2100,13.74,0,0,166.7
102,2010,187,2200,13.75,0,0,164.5
102,2010,187,2300,13.76,0,0,163.1
101,2010,187,2400,12.41,434.3,0
102,2010,187,2400,13.77,0,0,166.9
102,2010,188,100,13.78,0,0,171.3
102,2010,188,200,13.79,0,0,162
102,2010,188,300,13.8,0,0,154.5
102,2010,188,400,13.8,0,0,153.8
102,2010,188,500,13.81,0,0,145.7
102,2010,188,600,13.82,0,0,132.6
102,2010,188,700,13.82,0,0,101.6
102,2010,188,800,13.84,0,0,93.5
102,2010,188,900,13.83,0,0,139.6
102,2010,188,1000,13.81,.60354,0,116.3
102,2010,188,1100,13.79,27.802,0,103.2
102,2010,188,1200,13.77,29.488,0,95.9
102,2010,188,1300,13.75,28.137,0,94.1
102,2010,188,1400,13.43,147.14,0,93.7
102,2010,188,1500,13.6,175.91,0,89.3
102,2010,188,1600,13.73,150.15,0,93.4
102,2010,188,1700,12.85,213.06,0,92.2
102,2010,188,1800,13.46,269.35,0,94.3
102,2010,188,1900,13.58,23.374,0,104.5
102,2010,188,2000,13.18,0,0,129.1
102,2010,188,2100,13.72,0,0,147.4
102,2010,188,2200,13.74,0,0,156.1
102,2010,188,2300,13.75,0,0,167.6
101,2010,188,2400,12.85,1065,0
102,2010,188,2400,12.86,0,0,170.9
102,2010,189,100,12.84,0,0,154.7
102,2010,189,200,12.82,0,0,161.6
102,2010,189,300,12.81,0,0,141.5
102,2010,189,400,12.8,0,0,122.3
102,2010,189,500,12.79,0,0,112.5
102,2010,189,600,12.79,0,0,145
102,2010,189,700,12.79,0,0,135.5
102,2010,189,800,12.79,0,0,110.6
102,2010,189,900,12.6,59.588,0,122.9
102,2010,189,1000,12.85,133.13,0,114.4
102,2010,189,1100,13.49,164.86,0,109.6
102,2010,189,1200,13.73,56.677,0,104.3
102,2010,189,1300,13.74,193.65,0,97.8
102,2010,189,1400,13.73,187.55,0,99.1
102,2010,189,1500,13.73,353.2,0,112.5
102,2010,189,1600,13.73,125.13,0,119.8
102,2010,189,1700,13.72,265.69,0,101.1
102,2010,189,1800,13.72,242.3,0,104
102,2010,189,1900,13.72,19.762,0,117.4
102,2010,189,2000,13.73,0,0,141.1
102,2010,189,2100,13.74,0,0,150.7
102,2010,189,2200,13.75,0,0,154.6
102,2010,189,2300,13.76,0,0,155.2
101,2010,189,2400,12.6,1801.5,0
102,2010,189,2400,13.77,0,0,150.2
102,2010,190,100,13.78,0,0,146.9
102,2010,190,200,13.78,0,0,142.4
102,2010,190,300,13.79,0,0,149.7
102,2010,190,400,13.79,0,0,145.4
102,2010,190,500,13.8,0,.333,113.1
102,2010,190,600,13.8,0,.45,444.7
102,2010,190,700,13.8,0,.516,566.6
102,2010,190,800,13.82,0,.683,-6999
102,2010,190,900,13.82,9.2352,.1,121
102,2010,190,1000,13.8,6.4762,0,106.5
102,2010,190,1100,13.79,28.262,0,124.6
102,2010,190,1200,13.78,68.289,0,125.7
102,2010,190,1300,13.76,330.64,0,109
102,2010,190,1400,13.75,41.951,0,116.1
102,2010,190,1500,13.75,161.2,0,111.7
102,2010,190,1600,13.74,72.582,0,111.9
102,2010,190,1700,13.74,54.18,0,104.1
102,2010,190,1800,13.73,75.935,0,107.8
102,2010,190,1900,13.73,13.574,0,128.1
102,2010,190,2000,13.73,0,0,144.4
102,2010,190,2100,13.74,0,0,152.8
102,2010,190,2200,13.75,0,.117,248.1
102,2010,190,2300,13.76,0,.5,1301
101,2010,190,2400,13.73,862.33,3.699
102,2010,190,2400,13.77,0,1,-6999
102,2010,191,100,13.78,0,.85,-6999
102,2010,191,200,13.79,0,.45,413.5
102,2010,191,300,13.79,0,.566,354.9
102,2010,191,400,13.8,0,.516,374.5
102,2010,191,500,13.8,0,.55,440.2
102,2010,191,600,13.8,0,.633,423.2
102,2010,191,700,13.8,0,.816,446.9
102,2010,191,800,13.81,0,.883,473.1
102,2010,191,900,13.82,0,.183,78.5
102,2010,191,1000,13.81,0,0,143.7
102,2010,191,1100,13.8,77.322,0,135.6
102,2010,191,1200,13.78,4.5027,0,121
102,2010,191,1300,13.77,27.505,0,112.1
102,2010,191,1400,13.75,90.84,0,106.9
102,2010,191,1500,13.61,180.28,.4,619.6
102,2010,191,1600,13.72,332.03,0,137.5
102,2010,191,1700,13.72,148.49,0,132.6
102,2010,191,1800,13.72,15.576,0,137
102,2010,191,1900,13.72,10.566,0,197.8
102,2010,191,2000,13.72,0,.733,705
102,2010,191,2100,13.73,0,1,1149
102,2010,191,2200,13.75,0,1,1134
102,2010,191,2300,13.76,0,.966,988
101,2010,191,2400,13.61,887.11,10.05
102,2010,191,2400,13.77,0,.5,578.6
102,2010,192,100,13.78,0,.6,716
102,2010,192,200,13.78,0,.516,758
102,2010,192,300,13.78,0,.6,850
102,2010,192,400,13.79,0,.533,783
102,2010,192,500,13.8,0,.583,763
102,2010,192,600,13.8,0,.516,711
102,2010,192,700,13.81,0,.55,652
102,2010,192,800,13.81,0,.566,970
102,2010,192,900,13.82,0,.816,829
102,2010,192,1000,13.81,.55564,.267,444.5
102,2010,192,1100,13.79,0,0,240.9
102,2010,192,1200,13.77,11.64,0,180.4
102,2010,192,1300,13.75,49.656,0,147.4
102,2010,192,1400,13.73,104.04,0,133.8
102,2010,192,1500,13.72,152.37,0,128.5
102,2010,192,1600,13.71,95.239,0,120.6
102,2010,192,1700,13.7,29.869,0,121.7
102,2010,192,1800,13.7,44.852,0,123
102,2010,192,1900,13.7,10.873,0,139.5
102,2010,192,2000,13.7,2.3278,.167,302.4
102,2010,192,2100,13.71,0,.966,622.9
102,2010,192,2200,13.72,0,1,697.5
102,2010,192,2300,13.72,0,1,933
101,2010,192,2400,13.7,501.42,9.68
102,2010,192,2400,13.73,0,1,1115
102,2010,193,100,13.74,0,1,1191
102,2010,193,200,13.75,0,1,1211
102,2010,193,300,13.75,0,1,1272
102,2010,193,400,13.76,0,1,1310
102,2010,193,500,13.77,0,1,1186
102,2010,193,600,13.78,0,1,1094
102,2010,193,700,13.78,0,1,1004
102,2010,193,800,12.53,0,1,902
102,2010,193,900,13.8,0,.983,781
102,2010,193,1000,13.79,5.0967,.05,359.5
102,2010,193,1100,13.78,15.348,0,272.5
102,2010,193,1200,13.77,74.028,0,258.9
102,2010,193,1300,13.75,126.39,0,172.5
102,2010,193,1400,13.74,138.9,0,152.3
102,2010,193,1500,13.72,135.09,0,136.1
102,2010,193,1600,13.71,88.006,0,130.3
102,2010,193,1700,13.72,21.592,0,223.9
102,2010,193,1800,13.73,7.8359,0,267.8
102,2010,193,1900,13.72,7.4144,0,244.5
102,2010,193,2000,13.73,0,.716,812
102,2010,193,2100,13.73,0,1,1243
102,2010,193,2200,13.74,0,1,1277
102,2010,193,2300,13.75,0,1,1263
101,2010,193,2400,12.53,619.7,13.74
102,2010,193,2400,13.75,0,1,1322
102,2010,194,100,13.76,0,1,1333
102,2010,194,200,13.77,0,1,1341
102,2010,194,300,13.77,0,1,1243
102,2010,194,400,13.78,0,1,1194
102,2010,194,500,13.8,0,1,1079
102,2010,194,600,13.8,0,1,1264
102,2010,194,700,13.81,0,1,1324
102,2010,194,800,13.81,0,1,917
102,2010,194,900,12.8,0,.766,616.4
102,2010,194,1000,12.62,28.396,0,249.1
102,2010,194,1100,13.27,50.134,0,188.5
102,2010,194,1200,13.39,63.039,0,157
102,2010,194,1300,13.08,77.271,0,144.4
102,2010,194,1400,13.33,63.98,0,134.9
102,2010,194,1500,13.27,113.78,0,131.8
102,2010,194,1600,12.92,117.8,0,127.3
102,2010,194,1700,12.97,26.066,0,140.7
102,2010,194,1800,12.57,0,0,147.7
102,2010,194,1900,12.61,0,0,152.6
102,2010,194,2000,13.68,0,0,307.4
102,2010,194,2100,13.71,0,0,321.3
102,2010,194,2200,13.72,0,.3,490.4
102,2010,194,2300,13.72,0,.433,509.4
101,2010,194,2400,12.57,540.47,10.5
102,2010,194,2400,13.73,0,1,992
102,2010,195,100,13.74,0,1,1111
102,2010,195,200,13.75,0,1,1101
102,2010,195,300,13.75,0,1,1116
102,2010,195,400,13.76,0,1,1278
102,2010,195,500,13.77,0,1,1397
102,2010,195,600,13.77,0,1,1453
102,2010,195,700,13.78,0,1,1510
102,2010,195,800,13.79,0,1,1118
102,2010,195,900,13.17,0,1,986
102,2010,195,1000,13.19,0,1,766
102,2010,195,1100,13.79,19.314,.083,365.5
102,2010,195,1200,13.77,122.22,0,213.9
102,2010,195,1300,13.75,125.58,0,175.6
102,2010,195,1400,13.74,204.18,0,159.7
102,2010,195,1500,13.72,353.58,0,155.9
102,2010,195,1600,13.72,316.79,0,150.9
102,2010,195,1700,13.71,187.52,0,156.4
102,2010,195,1800,13.71,85.334,.117,338.1
102,2010,195,1900,13.61,23.527,.35,489.2
102,2010,195,2000,13.13,0,.45,377.6
102,2010,195,2100,13.03,0,.367,407.6
102,2010,195,2200,13.77,0,.6,465.9
102,2010,195,2300,13.78,0,.666,330.5
101,2010,195,2400,13.03,1438,13.21
102,2010,195,2400,13.78,0,.583,346.2
102,2010,196,100,13.79,0,.683,393.9
102,2010,196,200,13.8,0,.85,437.5
102,2010,196,300,13.79,0,1,599
102,2010,196,400,13.8,0,1,710
102,2010,196,500,13.8,0,.383,-6999
102,2010,196,600,13.8,0,.317,-6999
102,2010,196,700,13.8,0,.167,216.1
102,2010,196,800,13.81,0,.383,669.2
102,2010,196,900,13.81,11.122,0,190.8
102,2010,196,1000,13.8,90.685,0,161.9
102,2010,196,1100,13.78,227.46,0,158.6
102,2010,196,1200,13.76,182.77,0,149.6
102,2010,196,1300,13.75,89.673,0,136.3
102,2010,196,1400,13.73,144.37,0,135.7
102,2010,196,1500,13.72,267.1,0,132.2
102,2010,196,1600,13.72,105.13,0,129.4
102,2010,196,1700,13.7,43.817,0,132.7
102,2010,196,1800,13.7,63.397,0,145.4
102,2010,196,1900,13.7,4.6173,0,173.6
102,2010,196,2000,13.71,0,.267,387.1
102,2010,196,2100,13.72,0,1,907
102,2010,196,2200,13.73,0,.733,-6999
102,2010,196,2300,13.75,0,.65,377.6
101,2010,196,2400,13.7,1230.1,7.7
102,2010,196,2400,13.77,0,.267,256.9
102,2010,197,100,13.8,0,.466,423.1
102,2010,197,200,13.8,0,.766,559.6
102,2010,197,300,13.81,0,1,617.1
102,2010,197,400,13.82,0,1,730
102,2010,197,500,13.81,0,1,735
102,2010,197,600,13.81,0,1,836
102,2010,197,700,13.82,0,1,967
102,2010,197,800,13.82,0,1,707
102,2010,197,900,13.82,0,1,777
102,2010,197,1000,13.82,15.079,.1,378.2
102,2010,197,1100,13.8,125.72,0,239.1
102,2010,197,1200,13.78,196.41,0,186.5
102,2010,197,1300,13.76,91.512,0,162.4
102,2010,197,1400,13.75,50.124,0,153.5
102,2010,197,1500,13.73,210.94,0,142.5
102,2010,197,1600,13.73,105.17,0,142.5
102,2010,197,1700,13.31,115.24,0,143.6
102,2010,197,1800,13.74,46.029,0,143.3
102,2010,197,1900,13.73,11.84,0,182
102,2010,197,2000,13.73,0,.333,411.7
102,2010,197,2100,13.74,0,1,713
102,2010,197,2200,13.75,0,1,766
102,2010,197,2300,13.76,0,1,725
101,2010,197,2400,13.31,968.06,12.66
102,2010,197,2400,13.77,0,1,941
102,2010,198,100,13.78,0,1,946
102,2010,198,200,13.79,0,1,1068
102,2010,198,300,13.8,0,1,908
102,2010,198,400,13.8,0,1,819
102,2010,198,500,13.8,0,1,801
102,2010,198,600,13.8,0,.75,651.7
102,2010,198,700,13.8,0,.566,626.5
102,2010,198,800,13.82,0,.65,778
102,2010,198,900,13.81,112.39,.85,654.6
102,2010,198,1000,13.8,49.807,0,264.6
102,2010,198,1100,13.78,244.54,0,164.1
102,2010,198,1200,13.77,333.13,0,149.7
102,2010,198,1300,13.75,132.77,0,140.8
102,2010,198,1400,13.73,31.794,0,137.1
102,2010,198,1500,13.36,107.88,0,131.1
102,2010,198,1600,13.18,5.0388,0,128.1
102,2010,198,1700,13.36,12.817,0,130.4
102,2010,198,1800,13.69,.92923,0,133.5
102,2010,198,1900,13.7,0,0,144.1
102,2010,198,2000,13.7,0,0,256.9
102,2010,198,2100,13.71,0,0,354.5
102,2010,198,2200,13.72,0,.666,567.3
102,2010,198,2300,13.73,0,1,970
101,2010,198,2400,13.18,1031.1,10.48
102,2010,198,2400,13.73,0,1,1085
102,2010,199,100,13.75,0,1,938
102,2010,199,200,13.77,0,.866,822
102,2010,199,300,13.77,0,.983,837
102,2010,199,400,13.78,0,.916,749
102,2010,199,500,13.78,0,.633,580.7
102,2010,199,600,13.79,0,.533,577.7
102,2010,199,700,13.8,0,.466,575.1
102,2010,199,800,13.8,0,.417,417.4
102,2010,199,900,13.8,39.02,.966,674.4
102,2010,199,1000,13.79,53.506,.15,340.3
102,2010,199,1100,13.77,192.77,0,208.8
102,2010,199,1200,13.75,209.73,0,169.2
102,2010,199,1300,13.73,497.43,0,140.8
102,2010,199,1400,13.72,24.466,.383,512.7
102,2010,199,1500,13.72,183.15,0,196.5
102,2010,199,1600,13.7,107.22,0,150.3
102,2010,199,1700,13.7,155.39,0,151.3
102,2010,199,1800,13.57,54.92,0,167.6
102,2010,199,1900,13.56,7.4721,0,237.9
102,2010,199,2000,13.71,0,.716,765
102,2010,199,2100,13.72,0,1,1122
102,2010,199,2200,13.73,0,1,1025
102,2010,199,2300,13.75,0,1,956
101,2010,199,2400,13.56,1525.1,12.03
102,2010,199,2400,13.75,0,1,887
102,2010,200,100,13.76,0,.95,799
102,2010,200,200,13.77,0,.983,798
102,2010,200,300,13.79,0,1,981
102,2010,200,400,13.79,0,1,1120
102,2010,200,500,13.8,0,1,1168
102,2010,200,600,13.8,0,1,1092
102,2010,200,700,13.8,0,1,982
102,2010,200,800,13.8,0,1,772
102,2010,200,900,13.8,11.841,.9,813
102,2010,200,1000,13.78,401.88,0,264
102,2010,200,1100,13.77,901.01,0,173.1
102,2010,200,1200,13.75,1084.4,0,158.8
102,2010,200,1300,13.74,522.18,0,153.9
102,2010,200,1400,13.72,88.197,0,144.2
102,2010,200,1500,13.71,250.19,0,145.9
102,2010,200,1600,13.7,67.009,0,145.1
102,2010,200,1700,13.69,114.98,0,181
102,2010,200,1800,13.7,6.2363,0,146.2
102,2010,200,1900,13.69,4.7419,0,157.3
102,2010,200,2000,13.7,0,0,202.3
102,2010,200,2100,13.71,0,0,225.1
102,2010,200,2200,13.72,0,.45,773
102,2010,200,2300,13.73,0,.8,1089
101,2010,200,2400,13.69,3452.7,11.08
102,2010,200,2400,13.74,0,1,1084
102,2010,201,100,13.75,0,.616,-6999
102,2010,201,200,12.79,0,.65,379.2
102,2010,201,300,12.78,0,.966,420.5
102,2010,201,400,12.76,0,.983,131.2
102,2010,201,500,12.75,0,1,103.8
102,2010,201,600,12.74,0,.433,290.7
102,2010,201,700,12.74,0,0,298.4
102,2010,201,800,12.74,0,.033,338.1
102,2010,201,900,13.6,74.715,.566,478
102,2010,201,1000,12.7,13.843,.117,350.3
102,2010,201,1100,13.43,79.162,0,214.8
102,2010,201,1200,13.39,142.95,0,161.3
102,2010,201,1300,13.38,153.64,0,145.9
102,2010,201,1400,13.33,29.907,0,137.4
102,2010,201,1500,13.26,28.786,0,137.5
102,2010,201,1600,12.65,0,0,131.1
102,2010,201,1700,13.37,13.105,0,130.7
102,2010,201,1800,13.4,9.4934,0,133.2
102,2010,201,1900,13.24,3.123,0,153.2
102,2010,201,2000,13.68,0,.55,583.9
102,2010,201,2100,13.71,0,1,885
102,2010,201,2200,13.73,0,1,922
102,2010,201,2300,13.74,0,1,1103
101,2010,201,2400,12.65,548.73,9.91
102,2010,201,2400,13.75,0,1,1340
102,2010,202,100,13.76,0,1,1472
102,2010,202,200,13.77,0,1,1432
102,2010,202,300,13.77,0,1,1441
102,2010,202,400,13.79,0,1,1369
102,2010,202,500,13.78,0,1,1328
102,2010,202,600,13.78,0,1,1159
102,2010,202,700,13.79,0,.916,936
102,2010,202,800,13.8,0,.583,528.2
102,2010,202,900,13.67,6.4379,.95,948
102,2010,202,1000,12.25,0,.833,751
102,2010,202,1100,13.62,4.8763,.033,384.9
102,2010,202,1200,13.43,16.2,0,241.8
102,2010,202,1300,13.23,56.342,0,191.3
102,2010,202,1400,13.36,20.368,0,164.2
102,2010,202,1500,13.17,136.53,0,146.4
102,2010,202,1600,12.24,7.2994,0,158.4
102,2010,202,1700,13.58,62.075,0,176.5
102,2010,202,1800,13.58,35.003,0,168.8
102,2010,202,1900,13.59,5.8625,0,231.8
102,2010,202,2000,13.72,0,.516,469.3
102,2010,202,2100,13.74,0,.666,503.7
102,2010,202,2200,13.75,0,1,684.8
102,2010,202,2300,13.75,0,1,774
101,2010,202,2400,12.24,350.99,13.49
102,2010,202,2400,13.76,0,1,1076
102,2010,203,100,13.77,0,1,1156
102,2010,203,200,13.77,0,.916,1099
102,2010,203,300,13.78,0,.616,527
102,2010,203,400,13.79,0,.516,422.8
102,2010,203,500,13.8,0,.65,862
102,2010,203,600,13.79,0,.85,-6999
102,2010,203,700,13.79,0,1,-6999
102,2010,203,800,13.8,0,.766,-6999
102,2010,203,900,13.81,42.679,.566,525
102,2010,203,1000,13.55,19.122,.2,411
102,2010,203,1100,13.53,39.585,0,265.7
102,2010,203,1200,13.59,194.21,0,211.3
102,2010,203,1300,12.59,187.55,0,182.8
102,2010,203,1400,13.34,152.84,0,174.5
102,2010,203,1500,13.27,151.74,0,159
102,2010,203,1600,12.69,82.152,0,151.5
102,2010,203,1700,12.55,0,0,149.6
102,2010,203,1800,12.5,0,0,205.1
102,2010,203,1900,13.72,0,.317,374.3
102,2010,203,2000,13.75,0,1,829
102,2010,203,2100,13.75,0,1,1255
102,2010,203,2200,13.77,0,1,1190
102,2010,203,2300,13.77,0,1,1204
101,2010,203,2400,12.5,869.88,12.4
102,2010,203,2400,13.77,0,1,1181
102,2010,204,100,13.77,0,.983,1005
102,2010,204,200,13.78,0,1,1016
102,2010,204,300,13.78,0,1,1120
102,2010,204,400,13.78,0,1,1240
102,2010,204,500,13.79,0,1,1280
102,2010,204,600,13.8,0,1,1279
102,2010,204,700,13.8,0,1,1262
102,2010,204,800,13.8,0,1,964
102,2010,204,900,13.81,6.0546,1,762
102,2010,204,1000,13.81,7.3384,.783,543.7
102,2010,204,1100,12.95,44.634,.233,399.7
102,2010,204,1200,12.79,44.184,0,313.8
102,2010,204,1300,12.57,7.1756,.05,358.5
102,2010,204,1400,12.67,12.167,.4,422.5
102,2010,204,1500,13.61,44.414,0,246.3
102,2010,204,1600,13.5,2.4334,0,235.2
102,2010,204,1700,12.43,0,.167,360.4
102,2010,204,1800,13.76,0,.65,651.9
102,2010,204,1900,13.78,0,1,599.2
102,2010,204,2000,13.79,0,1,847
102,2010,204,2100,13.79,0,1,1025
102,2010,204,2200,13.8,0,1,1007
102,2010,204,2300,13.8,0,1,998
101,2010,204,2400,12.43,168.4,17.01
102,2010,204,2400,13.8,0,.75,834
102,2010,205,100,13.82,0,.683,762
102,2010,205,200,13.82,0,.683,800
102,2010,205,300,13.83,0,.6,709
102,2010,205,400,13.84,0,.533,705
102,2010,205,500,13.84,0,.566,671.8
102,2010,205,600,13.84,0,.583,676.5
102,2010,205,700,13.85,0,.417,582.7
102,2010,205,800,13.85,0,.55,413.7
102,2010,205,900,13.86,0,.533,433.7
102,2010,205,1000,12.45,0,.616,569.7
102,2010,205,1100,12.76,292,.35,477.1
102,2010,205,1200,13.54,120.77,0,280.8
102,2010,205,1300,12.76,0,0,202.9
102,2010,205,1400,13.39,0,0,185.4
102,2010,205,1500,13.29,10.691,0,184.8
102,2010,205,1600,13.15,34.547,0,185.3
102,2010,205,1700,13.75,78.473,0,193.5
102,2010,205,1800,13.77,86.712,0,232.4
102,2010,205,1900,13.77,22.84,0,323.9
102,2010,205,2000,13.77,8.3254,.666,741
102,2010,205,2100,13.78,0,1,1053
102,2010,205,2200,13.78,0,1,1118
102,2010,205,2300,13.79,0,1,1183
101,2010,205,2400,12.45,654.36,10.78
102,2010,205,2400,13.79,0,1,1192
102,2010,206,100,13.8,0,1,1194
102,2010,206,200,13.8,0,1,1231
102,2010,206,300,13.8,0,1,1236
102,2010,206,400,13.81,0,.933,1104
102,2010,206,500,13.83,0,.8,976
102,2010,206,600,13.83,0,1,1171
102,2010,206,700,13.84,0,.433,750
102,2010,206,800,13.85,0,.5,663.2
102,2010,206,900,13.69,7.9416,.9,1013
102,2010,206,1000,13.62,0,.45,514.4
102,2010,206,1100,13.42,908.34,0,233.6
102,2010,206,1200,13.41,234.16,0,179.9
102,2010,206,1300,13.38,5.7098,0,168
102,2010,206,1400,13.36,11.382,0,155.5
102,2010,206,1500,13.44,35.409,0,149.1
102,2010,206,1600,12.44,22.215,0,148.4
102,2010,206,1700,12.99,0,0,142.6
102,2010,206,1800,13.06,0,0,236.6
102,2010,206,1900,13.74,1.8297,0,255.3
102,2010,206,2000,13.74,0,.633,674.5
102,2010,206,2100,13.75,0,1,915
102,2010,206,2200,13.75,0,1,1295
102,2010,206,2300,13.76,0,1,1055
101,2010,206,2400,12.44,1227,12.64
102,2010,206,2400,13.77,0,1,1129
102,2010,207,100,13.78,0,1,1228
102,2010,207,200,13.79,0,1,1090
102,2010,207,300,13.81,0,1,1160
102,2010,207,400,13.82,0,1,1183
102,2010,207,500,13.83,0,1,1150
102,2010,207,600,13.84,0,1,1179
102,2010,207,700,13.85,0,1,1160
102,2010,207,800,13.85,0,1,930
102,2010,207,900,13.66,0,1,1037
102,2010,207,1000,13.44,1.6381,1,915
102,2010,207,1100,12.78,47.583,.133,391.6
102,2010,207,1200,13.64,71.073,0,296.8
102,2010,207,1300,12.5,131.85,0,284.6
102,2010,207,1400,13.62,48.092,0,224.6
102,2010,207,1500,13.43,119.91,0,177.2
102,2010,207,1600,12.97,98.687,0,178.6
102,2010,207,1700,12.65,64.927,0,168.5
102,2010,207,1800,13.41,8.5458,0,175.5
102,2010,207,1900,13.69,19.314,0,213.1
102,2010,207,2000,13.76,0,.083,357.7
102,2010,207,2100,13.77,0,.966,652.7
102,2010,207,2200,13.77,0,1,845
102,2010,207,2300,13.78,0,1,1078
101,2010,207,2400,12.5,611.62,14.18
102,2010,207,2400,13.79,0,1,1213
102,2010,208,100,13.8,0,1,1187
102,2010,208,200,13.8,0,1,1140
102,2010,208,300,13.81,0,1,1098
102,2010,208,400,13.82,0,1,1060
102,2010,208,500,13.85,0,1,1212
102,2010,208,600,13.87,0,1,1305
102,2010,208,700,13.87,0,1,1237
102,2010,208,800,13.87,0,1,894
102,2010,208,900,13.86,2.8164,.883,662
102,2010,208,1000,13.84,128.85,0,351.4
102,2010,208,1100,13.82,183.89,0,241.3
102,2010,208,1200,13.49,317.9,0,201.1
102,2010,208,1300,13.38,1463.9,0,169.5
102,2010,208,1400,13.34,403.27,0,158.8
102,2010,208,1500,13.32,180.78,0,153.8
102,2010,208,1600,12.49,51.125,0,159.4
102,2010,208,1700,13.68,351.32,0,158.9
102,2010,208,1800,13.74,40.904,.2,346.9
102,2010,208,1900,13.75,0,.616,4.74
102,2010,208,2000,13.75,0,.616,-6999
102,2010,208,2100,13.78,0,.533,512.1
102,2010,208,2200,13.79,0,.45,384.7
102,2010,208,2300,13.79,0,.483,386.6
101,2010,208,2400,12.49,3124.7,12.35
102,2010,208,2400,13.8,0,.566,457.9
102,2010,209,100,13.81,0,.417,260.3
102,2010,209,200,13.82,0,.7,504.3
102,2010,209,300,13.84,0,.75,531.6
102,2010,209,400,13.84,0,.367,427
102,2010,209,500,13.84,0,.6,399.9
102,2010,209,600,13.84,0,.45,439
102,2010,209,700,13.84,0,.733,501.2
102,2010,209,800,13.84,0,.516,356.1
102,2010,209,900,13.84,0,.583,452.5
102,2010,209,1000,13.84,0,.283,254.1
102,2010,209,1100,13.84,0,.033,351.3
102,2010,209,1200,13.83,0,0,383.5
102,2010,209,1300,13.82,24.688,0,275.6
102,2010,209,1400,13.8,42.009,0,220.7
102,2010,209,1500,13.79,89.412,0,200.4
102,2010,209,1600,13.77,13.25,0,199.2
102,2010,209,1700,13.76,5.4705,0,204.2
102,2010,209,1800,13.75,13.135,0,200.1
102,2010,209,1900,13.75,3.9951,0,253.8
102,2010,209,2000,13.76,0,.65,597.5
102,2010,209,2100,13.77,0,1,928
102,2010,209,2200,13.78,0,1,923
102,2010,209,2300,13.79,0,1,952
101,2010,209,2400,13.75,191.96,9.9
102,2010,209,2400,13.8,0,.816,727
102,2010,210,100,13.8,0,.483,375.5
102,2010,210,200,13.82,0,.533,277.6
102,2010,210,300,13.82,0,.4,305.5
102,2010,210,400,13.82,0,.483,325.8
102,2010,210,500,13.82,0,.516,533.5
102,2010,210,600,13.82,0,.583,478.4
102,2010,210,700,13.82,0,.55,313.5
102,2010,210,800,13.82,0,.4,326
102,2010,210,900,13.83,0,.2,311.1
102,2010,210,1000,13.82,0,0,319.9
102,2010,210,1100,13.82,0,0,368.2
102,2010,210,1200,13.8,0,0,221.4
102,2010,210,1300,13.77,0,0,181
102,2010,210,1400,13.76,72.427,0,161.6
102,2010,210,1500,13.75,120.28,0,151.1
102,2010,210,1600,13.73,48.118,0,148.7
102,2010,210,1700,13.73,62.984,0,151.8
102,2010,210,1800,13.73,16.697,0,166.6
102,2010,210,1900,13.73,1.0729,0,252.2
102,2010,210,2000,13.74,0,.367,428.8
102,2010,210,2100,13.75,0,.367,500.7
102,2010,210,2200,13.76,0,.966,719
102,2010,210,2300,13.77,0,1,841
101,2010,210,2400,13.73,321.58,7.85
102,2010,210,2400,13.78,0,1,964
102,2010,211,100,13.78,0,1,966
102,2010,211,200,13.79,0,1,989
102,2010,211,300,13.79,0,1,893
102,2010,211,400,13.8,0,1,900
102,2010,211,500,13.81,0,.916,764
102,2010,211,600,13.82,0,.933,765
102,2010,211,700,13.82,0,.983,792
102,2010,211,800,13.82,0,.417,399.2
102,2010,211,900,13.82,0,.883,616.8
102,2010,211,1000,13.82,0,.9,658.2
102,2010,211,1100,13.81,0,.433,89.3
102,2010,211,1200,13.8,0,0,307.6
102,2010,211,1300,13.78,0,0,235.3
102,2010,211,1400,13.76,104,0,177.2
102,2010,211,1500,13.74,77.253,0,158.1
102,2010,211,1600,13.73,48.701,0,171.7
102,2010,211,1700,13.73,62.591,0,194.9
102,2010,211,1800,13.73,124.05,0,168
102,2010,211,1900,13.73,8.0465,0,218.2
102,2010,211,2000,13.73,0,0,390.5
102,2010,211,2100,13.75,0,.733,567.8
102,2010,211,2200,13.76,0,1,675.7
102,2010,211,2300,13.77,0,1,933
101,2010,211,2400,13.73,424.65,13.19
102,2010,211,2400,13.77,0,1,1068
102,2010,212,100,13.78,0,1,1202
102,2010,212,200,13.79,0,1,1051
102,2010,212,300,13.8,0,.866,792
102,2010,212,400,13.81,0,.45,441.1
102,2010,212,500,13.82,0,.45,464.5
102,2010,212,600,13.84,0,.533,708
102,2010,212,700,13.83,0,.583,521.5
102,2010,212,800,13.83,0,.35,453.1
102,2010,212,900,13.83,54.855,.383,462.5
102,2010,212,1000,13.82,0,.616,503.6
102,2010,212,1100,13.82,10.5,0,372.8
102,2010,212,1200,13.8,0,0,325.9
102,2010,212,1300,13.79,18.384,0,270.7
102,2010,212,1400,13.77,91.195,0,184.5
102,2010,212,1500,13.75,1.8203,0,153.4
102,2010,212,1600,13.73,20.385,0,146.6
102,2010,212,1700,13.73,40.003,0,162
102,2010,212,1800,13.72,107.37,0,154.8
102,2010,212,1900,13.72,34.476,0,170.3
102,2010,212,2000,13.73,1.3315,.033,314.1
102,2010,212,2100,13.74,0,.583,504.1
102,2010,212,2200,13.75,0,.533,529.9
102,2010,212,2300,13.75,0,.633,584.3
101,2010,212,2400,13.72,380.32,9.01
102,2010,212,2400,13.76,0,1,838
102,2010,213,100,13.77,0,1,900
102,2010,213,200,13.78,0,1,962
102,2010,213,300,13.79,0,1,1039
102,2010,213,400,13.8,0,.983,1070
102,2010,213,500,13.8,0,.716,868
102,2010,213,600,13.8,0,.8,791
102,2010,213,700,13.8,0,1,1014
102,2010,213,800,13.81,0,1,945
102,2010,213,900,12.55,0,1,847
102,2010,213,1000,12.32,0,1,758
102,2010,213,1100,12.6,0,.983,639.2
102,2010,213,1200,12.84,0,.05,305.7
102,2010,213,1300,13.59,0,0,183.8
102,2010,213,1400,13.56,0,0,165.4
102,2010,213,1500,13.53,0,0,165.4
102,2010,213,1600,12.76,0,0,154.2
102,2010,213,1700,13.25,0,0,155.7
102,2010,213,1800,13.57,0,0,159
102,2010,213,1900,13.59,0,0,186.5
102,2010,213,2000,13.17,0,.083,381.9
102,2010,213,2100,13.05,0,1,780
102,2010,213,2200,12.98,0,1,989
102,2010,213,2300,12.94,0,1,1046
101,2010,213,2400,12.32,0,14.61
102,2010,213,2400,12.91,0,1,1137
102,2010,214,100,12.9,0,1,1118
102,2010,214,200,12.89,0,1,1005
102,2010,214,300,12.87,0,1,1012
102,2010,214,400,12.87,0,1,1068
102,2010,214,500,12.86,0,1,1110
102,2010,214,600,12.85,0,1,1163
102,2010,214,700,12.85,0,1,1126
102,2010,214,800,12.85,0,1,797
102,2010,214,900,13.65,0,.9,817
102,2010,214,1000,12.89,0,0,288.9
102,2010,214,1100,13.62,0,0,194.4
102,2010,214,1200,13.59,0,0,168.1
102,2010,214,1300,13.03,0,0,166.4
102,2010,214,1400,13.27,0,0,150
102,2010,214,1500,13.24,0,0,148.5
102,2010,214,1600,12.93,0,0,146.1
102,2010,214,1700,13.05,0,0,147.1
102,2010,214,1800,13.16,0,0,147.6
102,2010,214,1900,13.57,0,0,162.4
102,2010,214,2000,13.12,0,0,226.3
102,2010,214,2100,13.01,0,0,232.3
102,2010,214,2200,12.93,0,0,278.9
102,2010,214,2300,12.89,0,0,378.7
101,2010,214,2400,12.85,0,9.63
102,2010,214,2400,12.85,0,.733,674.6
102,2010,215,100,12.83,0,1,1156
102,2010,215,200,12.82,0,1,1132
102,2010,215,300,12.81,0,1,1103
102,2010,215,400,12.81,0,1,1130
102,2010,215,500,12.8,0,1,1134
102,2010,215,600,12.8,0,1,1157
102,2010,215,700,12.8,0,.783,1121
102,2010,215,800,12.8,0,.733,828
102,2010,215,900,13.27,0,.95,846
102,2010,215,1000,12.49,0,0,249.2
102,2010,215,1100,13.62,0,0,175.2
102,2010,215,1200,13.43,0,0,159.5
102,2010,215,1300,12.99,0,0,152.3
102,2010,215,1400,12.78,0,0,149.3
102,2010,215,1500,13.27,0,0,150.9
102,2010,215,1600,12.71,0,0,149.5
102,2010,215,1700,12.99,0,0,149
102,2010,215,1800,13.11,0,0,149.4
102,2010,215,1900,13.57,0,0,164.9
102,2010,215,2000,13.1,0,0,269.3
102,2010,215,2100,13,0,0,403.1
102,2010,215,2200,12.93,0,.267,462.1
102,2010,215,2300,12.87,0,1,663.4
101,2010,215,2400,12.49,0,10.73
102,2010,215,2400,12.84,0,1,885
102,2010,216,100,12.82,0,.733,626.3
102,2010,216,200,12.81,0,.6,458.5
102,2010,216,300,12.79,0,.45,256
102,2010,216,400,12.79,0,.483,494.1
102,2010,216,500,12.78,0,.6,479.9
102,2010,216,600,12.77,0,.983,611.8
102,2010,216,700,12.77,0,1,753
102,2010,216,800,12.77,0,1,611.6
102,2010,216,900,13.29,0,.75,618.3
102,2010,216,1000,12.3,0,0,296.9
102,2010,216,1100,13.5,0,0,238.1
102,2010,216,1200,13.43,0,0,183.5
102,2010,216,1300,13.67,0,0,172.3
102,2010,216,1400,13.69,0,0,163.1
102,2010,216,1500,13.68,0,0,159.6
102,2010,216,1600,13.67,0,0,153.3
102,2010,216,1700,13.66,0,0,155.1
102,2010,216,1800,13.66,0,0,162.4
102,2010,216,1900,13.66,0,0,187.7
102,2010,216,2000,13.67,0,0,315.6
102,2010,216,2100,13.68,0,.083,428.2
102,2010,216,2200,13.7,0,.816,530
102,2010,216,2300,13.71,0,1,673.1
101,2010,216,2400,12.3,0,9.5
102,2010,216,2400,13.71,0,1,892
102,2010,217,100,13.72,0,1,910
102,2010,217,200,13.73,0,1,1052
102,2010,217,300,13.73,0,1,1105
102,2010,217,400,13.74,0,1,1058
102,2010,217,500,13.76,0,.833,-6999
102,2010,217,600,13.77,0,.816,1038
102,2010,217,700,13.77,0,.716,925
102,2010,217,800,13.77,0,.666,716
102,2010,217,900,13.78,68.307,1,855
102,2010,217,1000,13.76,0,.067,320.6
102,2010,217,1100,13.74,0,0,196
102,2010,217,1200,13.73,0,0,172.3
102,2010,217,1300,13.72,0,0,163.3
102,2010,217,1400,13.23,0,0,157.7
102,2010,217,1500,13.69,0,0,155.6
102,2010,217,1600,13.68,0,0,153.9
102,2010,217,1700,13.67,0,0,156
102,2010,217,1800,13.53,0,0,158.5
102,2010,217,1900,13.66,0,0,164.8
102,2010,217,2000,13.67,0,0,213.7
102,2010,217,2100,13.68,0,0,320.1
102,2010,217,2200,13.7,0,.833,557.7
102,2010,217,2300,13.7,0,.317,461.4
101,2010,217,2400,13.23,68.307,9.7
102,2010,217,2400,13.72,0,.45,491.2
102,2010,218,100,13.72,0,.4,-6999
102,2010,218,200,13.73,0,.816,665
102,2010,218,300,13.75,0,.866,1019
102,2010,218,400,13.75,0,1,-6999
102,2010,218,500,13.77,0,1,-6999
102,2010,218,600,13.77,0,1,-6999
102,2010,218,700,13.78,0,.833,-6999
102,2010,218,800,13.79,0,.75,-6999
102,2010,218,900,13.79,0,.217,489
102,2010,218,1000,13.78,0,0,336.6
102,2010,218,1100,13.75,0,0,258
102,2010,218,1200,13.74,0,0,208.5
102,2010,218,1300,13.72,0,0,181.9
102,2010,218,1400,13.7,0,0,167.5
102,2010,218,1500,13.39,0,.017,166.7
102,2010,218,1600,13.55,0,0,156.9
102,2010,218,1700,13.69,0,0,157.1
102,2010,218,1800,13.68,0,0,160.7
102,2010,218,1900,13.68,0,0,167.3
102,2010,218,2000,13.68,0,0,206.7
102,2010,218,2100,13.69,0,0,249.6
102,2010,218,2200,13.7,0,0,307.3
102,2010,218,2300,13.71,0,.083,381.2
101,2010,218,2400,13.39,0,7.46
102,2010,218,2400,13.72,0,.483,499.8
102,2010,219,100,13.73,0,.6,505.8
102,2010,219,200,13.73,0,.766,537.2
102,2010,219,300,13.74,0,1,1166
102,2010,219,400,13.75,0,1,954
102,2010,219,500,13.77,0,1,957
102,2010,219,600,13.77,0,1,903
102,2010,219,700,13.78,0,1,779
102,2010,219,800,13.79,0,.766,538.1
102,2010,219,900,13.79,0,0,300.6
102,2010,219,1000,13.77,0,0,198.9
102,2010,219,1100,13.75,0,0,167.7
102,2010,219,1200,13.74,0,0,152.4
102,2010,219,1300,13.13,1.4848,0,146.2
102,2010,219,1400,13.46,1.1208,0,145.1
102,2010,219,1500,13.7,0,0,144.9
102,2010,219,1600,13.68,0,0,148.1
102,2010,219,1700,13.68,0,0,152.6
102,2010,219,1800,13.68,0,0,152.9
102,2010,219,1900,13.68,0,0,188
102,2010,219,2000,13.7,0,.65,888
102,2010,219,2100,13.73,0,.7,1144
102,2010,219,2200,13.73,0,.866,-6999
102,2010,219,2300,13.75,0,1,1097
101,2010,219,2400,13.13,2.6056,11.35
102,2010,219,2400,13.75,0,1,1168
102,2010,220,100,13.77,0,1,1179
102,2010,220,200,13.77,0,.733,-6999
102,2010,220,300,13.77,0,.516,606.1
102,2010,220,400,13.78,0,.683,724
102,2010,220,500,13.78,0,.733,865
102,2010,220,600,13.79,0,.7,882
102,2010,220,700,13.79,0,.466,409.2
102,2010,220,800,13.17,314.38,.317,544.9
102,2010,220,900,13.62,50.67,1,652.9
102,2010,220,1000,12.97,0,.167,372.2
102,2010,220,1100,13.64,0,0,219.7
102,2010,220,1200,13.57,0,0,182
102,2010,220,1300,13.28,0,0,162.1
102,2010,220,1400,13.42,0,0,150.7
102,2010,220,1500,13.36,0,0,149.9
102,2010,220,1600,13.28,0,0,147.1
102,2010,220,1700,13.49,0,0,154.4
102,2010,220,1800,13.69,0,0,152.2
102,2010,220,1900,13.69,0,0,176.5
102,2010,220,2000,13.7,0,0,341.4
102,2010,220,2100,13.7,0,.75,554.4
102,2010,220,2200,13.72,0,.95,691.3
102,2010,220,2300,13.72,0,1,946
101,2010,220,2400,12.97,365.05,10.01
102,2010,220,2400,13.73,0,1,1107
102,2010,221,100,13.75,0,1,1202
102,2010,221,200,13.75,0,.766,1154
102,2010,221,300,13.75,0,.833,1154
102,2010,221,400,13.76,0,.683,-6999
102,2010,221,500,13.79,0,.3,358.4
102,2010,221,600,13.8,0,.45,350.1
102,2010,221,700,13.8,0,.583,393.6
102,2010,221,800,13.8,0,.55,482.7
102,2010,221,900,13.8,0,.333,568
102,2010,221,1000,13.1,0,0,202.5
102,2010,221,1100,13.79,0,0,231.5
102,2010,221,1200,13.62,0,0,193.9
102,2010,221,1300,13.75,0,0,171.7
102,2010,221,1400,13.72,0,.017,163.9
102,2010,221,1500,13.71,0,0,155.9
102,2010,221,1600,13.7,0,.017,197.2
102,2010,221,1700,13.71,0,.133,376.4
102,2010,221,1800,13.72,0,0,321.9
102,2010,221,1900,13.72,0,0,243.9
102,2010,221,2000,13.71,0,.333,440.8
102,2010,221,2100,13.72,0,1,706
102,2010,221,2200,13.73,0,1,729
102,2010,221,2300,13.74,0,1,1017
101,2010,221,2400,13.1,0,10
102,2010,221,2400,13.74,0,1,1162
102,2010,222,100,13.75,0,1,-6999
102,2010,222,200,13.77,0,1,-6999
102,2010,222,300,13.78,0,.866,-6999
102,2010,222,400,13.78,0,.75,-6999
102,2010,222,500,13.78,0,1,1232
102,2010,222,600,13.79,0,1,1046
102,2010,222,700,13.79,0,1,1121
102,2010,222,800,12.93,0,1,873
102,2010,222,900,13.28,71.833,1,778
102,2010,222,1000,12.7,0,.683,643.2
102,2010,222,1100,13.6,0,0,294.4
102,2010,222,1200,13.53,0,0,216.9
102,2010,222,1300,13.58,0,0,194.2
102,2010,222,1400,13.57,8.8704,0,163.5
102,2010,222,1500,13.56,0,0,203.2
102,2010,222,1600,13.56,0,0,164.6
102,2010,222,1700,13.57,0,0,170.9
102,2010,222,1800,13.02,0,0,166
102,2010,222,1900,12.62,0,0,210
102,2010,222,2000,12.63,0,.75,692.9
102,2010,222,2100,12.67,0,1,1062
102,2010,222,2200,12.66,0,1,1101
102,2010,222,2300,12.65,0,1,1183
101,2010,222,2400,12.62,80.703,14.04
102,2010,222,2400,12.63,0,1,1195
102,2010,223,100,12.61,0,1,1260
102,2010,223,200,12.59,0,1,1283
102,2010,223,300,12.57,0,1,1334
102,2010,223,400,12.55,0,1,1322
102,2010,223,500,12.53,0,1,1312
102,2010,223,600,12.51,0,1,1305
102,2010,223,700,12.49,0,1,1257
102,2010,223,800,12.49,0,1,1001
102,2010,223,900,12.53,0,.883,655.5
102,2010,223,1000,12.64,0,0,337.9
102,2010,223,1100,12.83,67.024,0,305.7
102,2010,223,1200,13.14,127.23,0,207.7
102,2010,223,1300,13.17,23.472,0,188.8
102,2010,223,1400,12.91,61.066,.516,375.4
102,2010,223,1500,13.28,0,0,218.9
102,2010,223,1600,12.93,7.3003,0,203.5
102,2010,223,1700,13.57,6.5139,0,195.6
102,2010,223,1800,13.35,0,0,219.5
102,2010,223,1900,13.1,55.014,0,351.9
102,2010,223,2000,13.05,13.957,.616,-6999
102,2010,223,2100,13.02,143.56,.25,325.2
102,2010,223,2200,13,0,0,385.7
102,2010,223,2300,13,0,.367,477.2
101,2010,223,2400,12.49,505.14,10.98
102,2010,223,2400,12.98,0,.35,787
102,2010,224,100,12.98,0,.716,806
102,2010,224,200,12.97,0,0,383.5
102,2010,224,300,12.96,0,0,302.4
102,2010,224,400,12.96,0,.133,566.1
102,2010,224,500,12.95,0,.15,491
102,2010,224,600,12.95,0,0,451.6
102,2010,224,700,12.94,0,.516,508.5
102,2010,224,800,12.94,0,1,663.3
102,2010,224,900,13.43,38.904,.167,259.7
102,2010,224,1000,12.7,0,0,152.7
102,2010,224,1100,13.11,0,0,156
102,2010,224,1200,13.56,0,0,165.4
102,2010,224,1300,12.83,0,0,164.6
102,2010,224,1400,13.62,0,0,162
102,2010,224,1500,13.54,0,0,147
102,2010,224,1600,13.26,0,0,146.5
102,2010,224,1700,13.45,0,0,144
102,2010,224,1800,12.74,0,0,154.5
102,2010,224,1900,12.64,0,0,161.2
102,2010,224,2000,12.91,0,0,231.1
102,2010,224,2100,12.91,0,0,309.6
102,2010,224,2200,12.9,0,0,419.6
102,2010,224,2300,12.9,0,.483,500.5
101,2010,224,2400,12.64,38.904,3.699
102,2010,224,2400,12.89,0,.533,629.3
102,2010,225,100,12.89,0,.683,1218
102,2010,225,200,12.89,0,.75,1352
102,2010,225,300,12.88,0,.616,1362
102,2010,225,400,12.88,0,.633,-6999
102,2010,225,500,12.88,0,.533,-6999
102,2010,225,600,12.87,0,.683,-6999
102,2010,225,700,12.87,0,.65,1309
102,2010,225,800,12.87,0,.666,-6999
102,2010,225,900,13.47,0,.8,485.8
102,2010,225,1000,12.62,0,.117,333.9
102,2010,225,1100,13.41,0,0,198.9
102,2010,225,1200,13.53,0,0,173.8
102,2010,225,1300,13.34,0,0,155.5
102,2010,225,1400,13.46,0,0,149.9
102,2010,225,1500,13.45,0,0,144.7
102,2010,225,1600,12.89,0,0,145
102,2010,225,1700,13.25,0,0,148
102,2010,225,1800,13.59,0,0,175.7
102,2010,225,1900,13.65,0,0,177.6
102,2010,225,2000,13.68,0,0,243.3
102,2010,225,2100,13.7,0,0,334.2
102,2010,225,2200,13.71,0,0,383.9
102,2010,225,2300,13.71,0,.367,441.6
101,2010,225,2400,12.62,0,6.947
102,2010,225,2400,13.72,0,.45,473.8
102,2010,226,100,13.73,0,.533,503.3
102,2010,226,200,13.73,0,.866,535.9
102,2010,226,300,13.74,0,.466,567.2
102,2010,226,400,13.76,0,0,200.8
102,2010,226,500,13.77,0,0,212.7
102,2010,226,600,13.78,0,.1,294.7
102,2010,226,700,13.78,0,.1,268.4
102,2010,226,800,13.79,0,0,203.3
102,2010,226,900,13.79,0,0,237.8
102,2010,226,1000,12.91,0,0,166.4
102,2010,226,1100,13.46,65.233,0,164.1
102,2010,226,1200,13.43,123.65,0,153
102,2010,226,1300,12.67,205.58,0,140.8
102,2010,226,1400,13.34,12.454,0,140.8
102,2010,226,1500,13.36,0,0,145.5
102,2010,226,1600,12.78,0,0,124.9
102,2010,226,1700,13.58,0,0,163.9
102,2010,226,1800,13.58,0,0,155.1
102,2010,226,1900,13.59,0,0,157.8
102,2010,226,2000,13.17,0,0,163.9
102,2010,226,2100,13.06,0,0,136.7
102,2010,226,2200,12.98,0,0,125
102,2010,226,2300,12.92,0,0,162.6
101,2010,226,2400,12.67,406.92,2.066
102,2010,226,2400,12.88,0,0,204.2
102,2010,227,100,12.85,0,0,165.9
102,2010,227,200,12.84,0,0,171
102,2010,227,300,12.82,0,.033,208.1
102,2010,227,400,12.81,0,.683,828
102,2010,227,500,12.81,0,.683,735
102,2010,227,600,12.8,0,.583,558.8
102,2010,227,700,12.79,0,.55,675.2
102,2010,227,800,12.79,0,.516,500.7
102,2010,227,900,13.37,0,.183,216.9
102,2010,227,1000,13.34,0,0,190.3
102,2010,227,1100,13.41,0,0,155.7
102,2010,227,1200,13.43,0,0,152
102,2010,227,1300,13.39,0,0,147.1
102,2010,227,1400,13.39,0,0,131.4
102,2010,227,1500,13.32,0,0,128.8
102,2010,227,1600,13.19,0,0,130.8
102,2010,227,1700,13.22,0,0,128.8
102,2010,227,1800,13.02,0,0,144.3
102,2010,227,1900,13.47,.63225,0,165.4
102,2010,227,2000,13.16,0,0,151.8
102,2010,227,2100,13.05,0,0,150.2
102,2010,227,2200,12.98,0,0,218.6
102,2010,227,2300,12.92,0,0,233.1
101,2010,227,2400,12.79,.63225,3.232
102,2010,227,2400,12.87,0,0,292.9
102,2010,228,100,12.84,0,.017,271.5
102,2010,228,200,12.82,0,0,226.4
102,2010,228,300,12.81,0,.067,246.9
102,2010,228,400,12.79,0,0,228.1
102,2010,228,500,12.79,0,.133,414.7
102,2010,228,600,12.78,0,.55,739
102,2010,228,700,12.77,0,.616,514.9
102,2010,228,800,12.77,0,.6,542.2
102,2010,228,900,13.63,0,.233,396.2
102,2010,228,1000,12.72,0,0,186
102,2010,228,1100,13.49,0,0,158.2
102,2010,228,1200,13.43,0,0,151.7
102,2010,228,1300,12.73,0,0,141.3
102,2010,228,1400,13.43,0,0,138.6
102,2010,228,1500,13.42,0,0,134.7
102,2010,228,1600,13.16,0,0,132.9
102,2010,228,1700,13.58,0,0,132.1
102,2010,228,1800,13.55,0,0,162.7
102,2010,228,1900,13.55,0,0,174.7
102,2010,228,2000,13.23,0,0,253.5
102,2010,228,2100,13.12,0,.217,461.7
102,2010,228,2200,13.02,0,.183,293.8
102,2010,228,2300,12.95,0,.45,459.6
101,2010,228,2400,12.72,0,4.032
102,2010,228,2400,12.9,0,.966,858
102,2010,229,100,12.86,0,.5,263
102,2010,229,200,12.83,0,.566,728
102,2010,229,300,12.81,0,.5,444.1
102,2010,229,400,12.79,0,.466,388.3
102,2010,229,500,12.78,0,.6,583.4
102,2010,229,600,12.77,0,.766,739
102,2010,229,700,12.76,0,.75,693.4
102,2010,229,800,12.76,0,.616,347
102,2010,229,900,12.86,0,.5,-6999
102,2010,229,1000,13.53,0,.4,487.1
102,2010,229,1100,13.71,0,0,324.2
102,2010,229,1200,13.76,0,0,341
102,2010,229,1300,13.76,0,.317,460.1
102,2010,229,1400,13.75,0,.167,425.3
102,2010,229,1500,13.75,0,0,362.5
102,2010,229,1600,13.75,0,0,372.7
102,2010,229,1700,13.75,0,0,300.6
102,2010,229,1800,13.75,0,0,345.9
102,2010,229,1900,13.75,0,.816,512.3
102,2010,229,2000,13.77,0,1,796
102,2010,229,2100,13.77,0,1,956
102,2010,229,2200,13.78,0,1,949
102,2010,229,2300,13.78,0,1,1011
101,2010,229,2400,12.76,0,11.96
102,2010,229,2400,13.79,0,1,966
102,2010,230,100,13.8,0,.816,844
102,2010,230,200,13.8,0,.916,910
102,2010,230,300,13.82,0,1,903
102,2010,230,400,13.82,0,1,940
102,2010,230,500,13.82,0,1,983
102,2010,230,600,13.84,0,1,1002
102,2010,230,700,13.84,0,1,994
102,2010,230,800,13.84,14.188,.933,707
102,2010,230,900,13.46,0,1,711
102,2010,230,1000,12.39,0,.2,377.2
102,2010,230,1100,13.67,0,0,234.6
102,2010,230,1200,13.65,0,0,189.5
102,2010,230,1300,13.47,3.8034,0,160.1
102,2010,230,1400,13.49,92.662,0,153.6
102,2010,230,1500,13.45,0,0,152.5
102,2010,230,1600,12.34,0,0,149.4
102,2010,230,1700,13.44,1.6955,0,149.8
102,2010,230,1800,13.58,0,0,150.8
102,2010,230,1900,13.59,0,0,169
102,2010,230,2000,13.25,0,0,242.1
102,2010,230,2100,13.12,0,0,324.5
102,2010,230,2200,13.02,0,.233,463.8
102,2010,230,2300,12.96,0,1,787
101,2010,230,2400,12.34,112.35,11.1
102,2010,230,2400,12.91,0,1,620.2
102,2010,231,100,12.88,0,1,888
102,2010,231,200,12.86,0,1,934
102,2010,231,300,12.85,0,1,896
102,2010,231,400,12.83,0,1,972
102,2010,231,500,12.81,0,1,1000
102,2010,231,600,12.81,0,1,1026
102,2010,231,700,12.8,0,1,1033
102,2010,231,800,12.8,0,1,776
102,2010,231,900,13.68,0,.633,564.2
102,2010,231,1000,13.69,0,0,252.5
102,2010,231,1100,13.63,1.2742,0,195.5
102,2010,231,1200,13.49,0,0,165.8
102,2010,231,1300,13.26,0,0,149.1
102,2010,231,1400,13.36,0,0,149.5
102,2010,231,1500,13.37,0,0,149.2
102,2010,231,1600,12.45,0,0,149
102,2010,231,1700,13.59,0,0,155.1
102,2010,231,1800,13.59,0,0,156.5
102,2010,231,1900,13.68,0,0,163.9
102,2010,231,2000,13.7,0,0,215.5
102,2010,231,2100,13.72,0,0,257.9
102,2010,231,2200,13.73,0,0,305.1
102,2010,231,2300,13.74,0,.716,617
101,2010,231,2400,12.45,1.2742,10.35
102,2010,231,2400,13.75,0,1,691.2
102,2010,232,100,13.76,0,1,996
102,2010,232,200,13.77,0,1,989
102,2010,232,300,13.79,0,.966,961
102,2010,232,400,13.79,0,1,903
102,2010,232,500,13.8,0,1,979
102,2010,232,600,13.8,0,.933,884
102,2010,232,700,13.8,0,.866,1284
102,2010,232,800,13.8,0,.783,-6999
102,2010,232,900,13.8,35.811,1,914
102,2010,232,1000,12.53,0,.633,561.6
102,2010,232,1100,13.43,0,0,270.5
102,2010,232,1200,13.45,0,0,222
102,2010,232,1300,12.5,0,0,195.5
102,2010,232,1400,13.36,0,0,179.2
102,2010,232,1500,13.33,0,0,170.2
102,2010,232,1600,12.66,0,0,167.9
102,2010,232,1700,13.32,0,0,185.7
102,2010,232,1800,12.91,0,0,208
102,2010,232,1900,12.58,0,0,268.2
102,2010,232,2000,12.93,0,.616,500.7
102,2010,232,2100,12.87,0,.516,501.8
102,2010,232,2200,12.83,0,1,674.6
102,2010,232,2300,12.81,0,1,862
101,2010,232,2400,12.5,35.811,13.31
102,2010,232,2400,12.8,0,1,972
102,2010,233,100,12.79,0,1,982
102,2010,233,200,12.79,0,.983,993
102,2010,233,300,12.79,0,.9,1178
102,2010,233,400,12.79,0,.816,1127
102,2010,233,500,12.78,0,.75,1158
102,2010,233,600,12.78,0,.75,1429
102,2010,233,700,12.78,0,.8,1286
102,2010,233,800,12.78,0,.683,1224
102,2010,233,900,13.69,0,.933,737
102,2010,233,1000,12.66,0,.333,427.6
102,2010,233,1100,13.64,0,0,252.2
102,2010,233,1200,13.61,0,0,179
102,2010,233,1300,13.11,0,0,152.4
102,2010,233,1400,13.55,0,0,146.1
102,2010,233,1500,13.38,0,0,144.1
102,2010,233,1600,12.58,0,0,141.3
102,2010,233,1700,13.42,0,0,144.5
102,2010,233,1800,13.44,0,0,150.9
102,2010,233,1900,13.59,0,0,166.5
102,2010,233,2000,13.17,0,0,240
102,2010,233,2100,13.06,0,0,299.5
102,2010,233,2200,12.98,0,0,367.6
102,2010,233,2300,12.91,0,.9,596.6
101,2010,233,2400,12.58,0,9.85
102,2010,233,2400,12.87,0,1,691.6
102,2010,234,100,12.84,0,1,993
102,2010,234,200,12.82,0,1,1047
102,2010,234,300,12.81,0,1,1016
102,2010,234,400,12.79,0,1,1153
102,2010,234,500,12.79,0,1,1262
102,2010,234,600,12.78,0,.983,1003
102,2010,234,700,12.78,0,.183,-105.7
102,2010,234,800,12.78,17.973,.317,164.2
102,2010,234,900,12.81,0,1,706
102,2010,234,1000,12.36,0,.916,630
102,2010,234,1100,12.76,0,0,361.3
102,2010,234,1200,13.54,0,0,251.2
102,2010,234,1300,12.91,0,0,180.2
102,2010,234,1400,13.41,0,0,160.5
102,2010,234,1500,13.44,0,0,154.3
102,2010,234,1600,12.48,0,0,154.1
102,2010,234,1700,13,0,0,173.6
102,2010,234,1800,13.58,0,0,200.3
102,2010,234,1900,13.36,0,0,257.5
102,2010,234,2000,13.16,0,.733,572.7
102,2010,234,2100,13.06,0,1,758
102,2010,234,2200,12.97,0,1,856
102,2010,234,2300,12.91,0,1,887
101,2010,234,2400,12.36,17.973,13.13
102,2010,234,2400,12.87,0,1,842
102,2010,235,100,12.83,0,.85,783
102,2010,235,200,12.81,0,.75,874
102,2010,235,300,12.79,0,.716,718
102,2010,235,400,12.79,0,.75,926
102,2010,235,500,12.79,0,.866,1459
102,2010,235,600,12.78,0,.783,1197
102,2010,235,700,12.78,0,.533,768
102,2010,235,800,12.78,0,.483,493.7
102,2010,235,900,13.31,0,.7,530.5
102,2010,235,1000,12.25,0,.483,508.7
102,2010,235,1100,12.58,0,.933,507.5
102,2010,235,1200,12.65,0,.833,509.3
102,2010,235,1300,12.49,0,0,299.9
102,2010,235,1400,13.63,0,0,190.6
102,2010,235,1500,13.59,0,0,164.5
102,2010,235,1600,13.09,0,0,147.6
102,2010,235,1700,13.58,0,0,157.1
102,2010,235,1800,13.61,0,0,174.5
102,2010,235,1900,13.66,0,0,207.3
102,2010,235,2000,13.69,0,.15,376.4
102,2010,235,2100,13.7,0,1,680.4
102,2010,235,2200,13.71,0,1,847
102,2010,235,2300,13.72,0,1,784
101,2010,235,2400,12.25,0,12.61
102,2010,235,2400,13.75,0,.783,698
102,2010,236,100,13.75,0,.816,676.3
102,2010,236,200,13.77,0,.916,792
102,2010,236,300,13.78,0,.766,744
102,2010,236,400,13.78,0,.616,723
102,2010,236,500,13.79,0,.783,720
102,2010,236,600,13.8,0,.8,691.2
102,2010,236,700,13.8,0,.633,633.9
102,2010,236,800,13.81,0,.483,489.7
102,2010,236,900,13.6,0,.8,510.5
102,2010,236,1000,12.27,0,.583,511.9
102,2010,236,1100,12.72,0,0,318
102,2010,236,1200,13.6,0,0,212.1
102,2010,236,1300,12.61,0,0,197
102,2010,236,1400,13.49,0,0,183.8
102,2010,236,1500,13.44,0,0,219.1
102,2010,236,1600,12.34,0,0,210.2
102,2010,236,1700,12.66,0,0,252
102,2010,236,1800,13.43,0,0,279.9
102,2010,236,1900,13.45,0,.033,359.5
102,2010,236,2000,13.18,0,.933,738
102,2010,236,2100,13.06,0,1,911
102,2010,236,2200,12.99,0,1,932
102,2010,236,2300,12.94,0,1,924
101,2010,236,2400,12.27,0,12.16
102,2010,236,2400,12.91,0,1,889
102,2010,237,100,12.89,0,1,995
102,2010,237,200,12.88,0,.9,904
102,2010,237,300,12.87,0,.783,1440
102,2010,237,400,12.86,0,.616,1199
102,2010,237,500,12.85,0,.683,-6999
102,2010,237,600,12.84,0,.866,-6999
102,2010,237,700,12.83,0,.716,-6999
102,2010,237,800,12.83,0,.55,-6999
102,2010,237,900,13.17,0,.75,651.4
102,2010,237,1000,13.31,0,1,718
102,2010,237,1100,13.21,0,.117,449.8
102,2010,237,1200,13.75,0,0,335.8
102,2010,237,1300,13.77,0,0,232
102,2010,237,1400,13.76,0,0,226.3
102,2010,237,1500,13.75,0,0,194.9
102,2010,237,1600,13.75,0,.017,239.7
102,2010,237,1700,13.75,0,0,309
102,2010,237,1800,13.78,0,.633,489.5
102,2010,237,1900,13.78,0,1,617.4
102,2010,237,2000,13.78,0,1,895
102,2010,237,2100,13.79,0,1,1001
102,2010,237,2200,13.8,0,1,1012
102,2010,237,2300,13.81,0,1,944
101,2010,237,2400,12.83,0,14.63
102,2010,237,2400,13.82,0,1,937
102,2010,238,100,13.82,0,1,950
102,2010,238,200,13.83,0,.783,798
102,2010,238,300,13.84,0,.666,831
102,2010,238,400,13.84,0,.783,761
102,2010,238,500,13.84,0,.716,783
102,2010,238,600,13.84,0,.6,854
102,2010,238,700,13.84,0,.7,907
102,2010,238,800,13.84,0,.55,543.9
102,2010,238,900,13.85,0,.833,692.2
102,2010,238,1000,13.84,0,.716,641.5
102,2010,238,1100,13.65,0,0,318.4
102,2010,238,1200,13.4,0,0,219.7
102,2010,238,1300,13.42,0,0,184.1
102,2010,238,1400,13.77,0,0,168.4
102,2010,238,1500,13.58,0,0,160.8
102,2010,238,1600,12.33,0,0,156.7
102,2010,238,1700,13.51,0,0,150.9
102,2010,238,1800,13.13,0,0,168.7
102,2010,238,1900,13.41,0,0,258.6
102,2010,238,2000,13.12,0,0,351.1
102,2010,238,2100,13.02,0,.1,448.6
102,2010,238,2200,12.96,0,1,643.3
102,2010,238,2300,12.91,0,1,847
101,2010,238,2400,12.33,0,10.21
102,2010,238,2400,12.87,0,.766,753
102,2010,239,100,12.85,0,.616,-6999
102,2010,239,200,12.83,0,.933,991
102,2010,239,300,12.81,0,1,1036
102,2010,239,400,12.8,0,1,1072
102,2010,239,500,12.8,0,1,1043
102,2010,239,600,12.79,0,1,927
102,2010,239,700,12.79,0,1,860
102,2010,239,800,12.79,0,.9,719
102,2010,239,900,13.45,14.61,1,913
102,2010,239,1000,12.51,0,.317,414.1
102,2010,239,1100,13.45,0,0,230.6
102,2010,239,1200,13.4,0,0,227.8
102,2010,239,1300,12.41,0,0,233.1
102,2010,239,1400,13.47,0,0,179.8
102,2010,239,1500,13.38,0,0,168.2
102,2010,239,1600,12.37,0,0,163
102,2010,239,1700,13.31,0,0,159
102,2010,239,1800,13.57,0,0,189.7
102,2010,239,1900,13.23,0,0,271.6
102,2010,239,2000,13.08,2.1074,.583,-6999
102,2010,239,2100,12.99,.42154,.6,717
102,2010,239,2200,12.93,1.0539,.45,497.5
102,2010,239,2300,12.88,1.9544,.516,439.2
101,2010,239,2400,12.37,21.249,11.35
102,2010,239,2400,12.85,1.1017,.433,471.8
102,2010,240,100,12.83,.31615,.45,469.5
102,2010,240,200,12.8,.58439,.483,542.5
102,2010,240,300,12.79,.17244,.516,622.2
102,2010,240,400,12.78,.00958,.6,784
102,2010,240,500,12.77,0,.65,1010
102,2010,240,600,12.77,.05748,.533,940
102,2010,240,700,12.76,.78557,.633,1106
102,2010,240,800,12.77,130.87,.833,-6999
102,2010,240,900,13.65,700.9,.55,946
102,2010,240,1000,13.15,1292.2,0,380.5
102,2010,240,1100,12.6,2407.8,0,253.2
102,2010,240,1200,13.27,3006.4,0,206.5
102,2010,240,1300,12.61,2749.6,0,184.2
102,2010,240,1400,13.29,3020.2,0,171.8
102,2010,240,1500,13.22,2414.5,0,167.1
102,2010,240,1600,12.74,2181.6,0,163.3
102,2010,240,1700,13.27,1094.5,0,164.8
102,2010,240,1800,13.05,565.8,0,153
102,2010,240,1900,13.51,121.18,.033,325.9
102,2010,240,2000,13.1,1.3507,.516,542.6
102,2010,240,2100,13.01,0,1,749
102,2010,240,2200,12.94,0,1,922
102,2010,240,2300,12.89,0,1,959
101,2010,240,2400,12.6,19689,9.8
102,2010,240,2400,12.85,0,1,1045
102,2010,241,100,12.83,0,.833,907
102,2010,241,200,12.81,0,.733,943
102,2010,241,300,12.8,1.5616,.783,1213
102,2010,241,400,12.79,1.916,.733,1425
102,2010,241,500,12.78,1.6765,.783,1532
102,2010,241,600,12.77,.50775,.65,891
102,2010,241,700,12.77,3.9661,.483,502.3
102,2010,241,800,12.77,160.35,.516,541.9
102,2010,241,900,13.65,723.48,.8,563.9
102,2010,241,1000,13.33,1616.1,.317,424.7
102,2010,241,1100,13.34,2392.3,0,256.6
102,2010,241,1200,13.3,3056.8,0,204.8
102,2010,241,1300,13.28,3508.8,0,175.1
102,2010,241,1400,13.29,3434,0,166.2
102,2010,241,1500,13.28,3338.6,0,160.1
102,2010,241,1600,13.27,2548.7,0,159.8
102,2010,241,1700,13.27,1231.4,0,163.3
102,2010,241,1800,13.16,157.58,.367,-6999
102,2010,241,1900,13.07,6.8974,.783,530.9
102,2010,241,2000,12.98,.24909,.25,360.3
102,2010,241,2100,12.91,0,.566,723
102,2010,241,2200,12.87,0,.633,635.7
102,2010,241,2300,12.85,0,.433,284.9
101,2010,241,2400,12.77,22185,9.98
102,2010,241,2400,12.82,0,.317,103.9
102,2010,242,100,12.8,0,.217,97.5
102,2010,242,200,12.79,0,.4,378.2
102,2010,242,300,12.77,0,.466,539.4
102,2010,242,400,12.76,0,.566,739
102,2010,242,500,12.75,0,.533,716
102,2010,242,600,12.75,0,.65,789
102,2010,242,700,12.73,0,.633,874
102,2010,242,800,12.45,0,.4,740
102,2010,242,900,12.54,199.99,.067,28.85
102,2010,242,1000,12.71,1309.9,0,92.2
102,2010,242,1100,13.61,2725.3,0,168.4
102,2010,242,1200,13.54,3143.1,0,162.7
102,2010,242,1300,13.34,3550,0,156.6
102,2010,242,1400,13.37,3010.4,0,155.8
102,2010,242,1500,13.32,3112.7,0,149.6
102,2010,242,1600,13.08,2395.9,0,156.6
102,2010,242,1700,13.2,971.5,0,157.1
102,2010,242,1800,13.55,246.06,0,161.3
102,2010,242,1900,13.57,172.91,0,172.6
102,2010,242,2000,13.15,4.2437,0,183.1
102,2010,242,2100,13.04,0,0,172.1
102,2010,242,2200,12.97,0,0,164.6
102,2010,242,2300,12.91,0,0,160.3
101,2010,242,2400,12.45,20842,3.932
102,2010,242,2400,12.87,0,0,161.9
102,2010,243,100,12.85,0,0,188.7
102,2010,243,200,12.83,.0479,.033,155.4
102,2010,243,300,12.82,0,.333,130
102,2010,243,400,12.81,0,.317,195.6
102,2010,243,500,12.81,0,.283,157.4
102,2010,243,600,12.81,0,.017,130.4
102,2010,243,700,12.8,0,0,128.4
102,2010,243,800,12.8,0,0,92.5
102,2010,243,900,12.96,127.52,0,80.9
102,2010,243,1000,12.29,585.91,0,95.5
102,2010,243,1100,13.48,1278,0,128.3
102,2010,243,1200,13.47,2669.6,0,149.6
102,2010,243,1300,12.53,1556.4,0,152.2
102,2010,243,1400,13.58,1307.9,0,139.3
102,2010,243,1500,13.3,1156,0,168.1
102,2010,243,1600,12.37,1019.9,0,147.8
102,2010,243,1700,12.65,347.29,0,178.9
102,2010,243,1800,13.66,154.57,0,162
102,2010,243,1900,13.68,28.895,0,161.8
102,2010,243,2000,13.19,0,0,136
102,2010,243,2100,13.06,0,0,128.1
102,2010,243,2200,13,0,0,132.8
102,2010,243,2300,12.92,0,0,148.3
101,2010,243,2400,12.29,10232,1.1
102,2010,243,2400,12.92,0,.117,170.4
102,2010,244,100,13.75,0,.3,189.4
102,2010,244,200,13.75,0,.283,165.2
102,2010,244,300,13.75,0,.25,233
102,2010,244,400,13.76,0,.65,379
102,2010,244,500,13.76,0,.433,328.1
102,2010,244,600,13.77,0,.267,30.26
102,2010,244,700,13.78,0,.283,42.39
102,2010,244,800,13.8,0,.35,61.3
102,2010,244,900,13.79,0,0,103.8
102,2010,244,1000,13.78,1238.8,0,117.6
102,2010,244,1100,13.78,967.85,0,129.3
102,2010,244,1200,13.41,1904.2,0,154.1
102,2010,244,1300,13.11,2212.7,0,152.7
102,2010,244,1400,13.31,3133,0,139.4
102,2010,244,1500,13.25,1892,0,136.5
102,2010,244,1600,12.32,1032.2,0,156.7
102,2010,244,1700,13.68,877.57,0,165.3
102,2010,244,1800,13.73,109.47,0,154.1
102,2010,244,1900,13.75,0,.05,150.4
102,2010,244,2000,13.78,0,.433,239.4
102,2010,244,2100,13.79,0,.516,890
102,2010,244,2200,13.8,0,.483,499.6
102,2010,244,2300,13.8,0,.666,1139
101,2010,244,2400,12.32,13368,5.564
102,2010,244,2400,13.8,0,.6,724
102,2010,245,100,13.8,0,.55,449.9
102,2010,245,200,13.8,0,.433,387.8
102,2010,245,300,13.8,0,.466,978
102,2010,245,400,13.8,0,.916,-6999
102,2010,245,500,13.8,0,.75,-6999
102,2010,245,600,13.81,0,.65,1046
102,2010,245,700,13.81,0,.666,1087
102,2010,245,800,13.81,0,.383,366.7
102,2010,245,900,13.81,117.5,.167,395.1
102,2010,245,1000,13.81,1522.1,0,264.8
102,2010,245,1100,13.8,1422.2,0,206.7
102,2010,245,1200,13.79,979.86,0,197.5
102,2010,245,1300,13.77,2725.7,0,173.9
102,2010,245,1400,13.75,3108.3,0,158.2
102,2010,245,1500,13.74,2705.7,0,154.9
102,2010,245,1600,13.72,3261.6,0,149.7
102,2010,245,1700,13.72,170.91,.267,434.1
102,2010,245,1800,13.74,0,.5,-6999
102,2010,245,1900,13.75,0,.267,-6999
102,2010,245,2000,13.75,0,0,193.5
102,2010,245,2100,13.77,0,0,253.4
102,2010,245,2200,13.77,0,0,297
102,2010,245,2300,13.78,0,0,242.7
101,2010,245,2400,13.72,16014,6.014
102,2010,245,2400,13.79,0,0,261.2
102,2010,246,100,13.79,0,0,219.3
102,2010,246,200,13.79,0,0,183.6
102,2010,246,300,13.8,0,0,228.8
102,2010,246,400,13.8,0,0,210.2
102,2010,246,500,13.8,0,0,224.3
102,2010,246,600,13.8,0,0,315.9
102,2010,246,700,13.8,0,.133,511.6
102,2010,246,800,13.81,24.697,0,213.3
102,2010,246,900,13.81,392.82,0,167.3
102,2010,246,1000,13.8,1120.5,0,170.2
102,2010,246,1100,13.78,2071.7,0,170.8
102,2010,246,1200,13.77,2760.1,0,155.3
102,2010,246,1300,13.75,3023.1,0,148.7
102,2010,246,1400,13.73,2522.1,0,144
102,2010,246,1500,13.72,2623,0,142.9
102,2010,246,1600,13.71,1621,0,148
102,2010,246,1700,13.7,2036.2,0,141.1
102,2010,246,1800,13.69,795.04,0,160.6
102,2010,246,1900,13.53,156.54,.017,194.5
102,2010,246,2000,13.1,0,.017,182.8
102,2010,246,2100,13.02,0,.05,136.2
102,2010,246,2200,13.75,0,.267,34.67
102,2010,246,2300,13.76,0,.3,-16.81
101,2010,246,2400,13.02,19147,.85
102,2010,246,2400,13.76,0,.067,88.6
102,2010,247,100,12.84,0,0,103.6
102,2010,247,200,12.81,0,0,172.8
102,2010,247,300,12.8,0,0,180.2
102,2010,247,400,12.79,0,0,169.9
102,2010,247,500,12.79,0,0,159.8
102,2010,247,600,12.78,0,0,173.1
102,2010,247,700,12.77,0,0,181.3
102,2010,247,800,12.79,40.313,0,159.5
102,2010,247,900,13.73,849.99,0,142.5
102,2010,247,1000,13.79,1865.2,0,164.1
102,2010,247,1100,13.77,2554.1,0,158.5
102,2010,247,1200,13.27,2412,0,146.7
102,2010,247,1300,13.74,3049.4,0,143.3
102,2010,247,1400,13.59,3428.2,0,138.6
102,2010,247,1500,13.49,3554.2,0,139.6
102,2010,247,1600,13.68,2910.3,0,142.4
102,2010,247,1700,13.68,2208,0,144.7
102,2010,247,1800,13.68,722.57,0,152.4
102,2010,247,1900,13.68,93.183,0,174.8
102,2010,247,2000,13.68,15.874,.033,-6999
102,2010,247,2100,13.7,4.1767,.35,-6999
102,2010,247,2200,13.74,0,.716,-6999
102,2010,247,2300,13.75,0,.516,543.7
101,2010,247,2400,12.77,23708,2.116
102,2010,247,2400,13.75,0,.5,484.3
102,2010,248,100,13.77,0,.333,812
102,2010,248,200,13.78,0,.5,602.4
102,2010,248,300,13.79,0,.516,531.2
102,2010,248,400,13.79,0,.45,950
102,2010,248,500,13.79,0,.766,1114
102,2010,248,600,13.8,0,.583,1225
102,2010,248,700,13.81,0,.566,1122
102,2010,248,800,13.81,0,.583,1045
102,2010,248,900,13.64,0,.317,458.4
102,2010,248,1000,12.67,0,0,332.2
102,2010,248,1100,13.43,0,0,212
102,2010,248,1200,13.32,0,0,168.5
102,2010,248,1300,13.14,0,0,146.8
102,2010,248,1400,13.28,49.822,0,153.9
102,2010,248,1500,13.27,0,0,148.3
102,2010,248,1600,12.42,0,0,146.7
102,2010,248,1700,13.57,25.482,0,148.1
102,2010,248,1800,13.55,0,0,152
102,2010,248,1900,13.38,0,0,184.4
102,2010,248,2000,13.12,0,0,272.8
102,2010,248,2100,13.01,0,.017,363.6
102,2010,248,2200,12.95,0,.417,504.3
102,2010,248,2300,12.89,0,.417,440.9
101,2010,248,2400,12.42,75.304,5.798
102,2010,248,2400,12.85,0,.333,401.8
102,2010,249,100,12.82,0,.017,307.5
102,2010,249,200,12.8,0,0,198
102,2010,249,300,12.79,0,0,155.7
102,2010,249,400,12.77,0,0,149
102,2010,249,500,12.76,0,0,134.8
102,2010,249,600,12.76,0,0,121.6
102,2010,249,700,12.76,0,0,124.8
102,2010,249,800,12.76,0,0,102.2
102,2010,249,900,13.66,0,0,147.3
102,2010,249,1000,13.76,0,0,142.2
102,2010,249,1100,13.77,0,0,152.8
102,2010,249,1200,13.76,0,0,152.1
102,2010,249,1300,13.74,0,0,150
102,2010,249,1400,13.74,0,0,158.4
102,2010,249,1500,13.72,0,0,128
102,2010,249,1600,13.47,0,0,181.3
102,2010,249,1700,13.72,0,0,141.7
102,2010,249,1800,12.84,0,0,164.3
102,2010,249,1900,12.81,0,0,165.7
102,2010,249,2000,13.42,0,0,133.2
102,2010,249,2100,13.06,196.87,.383,-6999
102,2010,249,2200,13,0,.2,602.6
102,2010,249,2300,13.77,0,.083,542.5
101,2010,249,2400,12.76,196.87,.683
102,2010,249,2400,13.84,0,0,275.6
102,2010,250,100,13.84,0,0,261.5
102,2010,250,200,13.84,0,0,291.8
102,2010,250,300,13.85,0,0,217
102,2010,250,400,13.86,0,0,236.5
102,2010,250,500,13.86,0,.283,420.9
102,2010,250,600,13.87,0,0,242
102,2010,250,700,13.46,0,0,240.1
102,2010,250,800,13.41,0,0,256.9
102,2010,250,900,13.63,0,0,195.1
102,2010,250,1000,12.49,0,0,145.5
102,2010,250,1100,13.56,0,0,167.2
102,2010,250,1200,13.49,0,0,161
102,2010,250,1300,12.7,0,0,147.2
102,2010,250,1400,13.46,0,0,137.9
102,2010,250,1500,13.41,0,0,134.7
102,2010,250,1600,13.34,0,0,133.1
102,2010,250,1700,13.14,0,0,134.2
102,2010,250,1800,12.55,0,0,140.6
102,2010,250,1900,12.53,0,0,191.1
102,2010,250,2000,13.08,0,0,189.3
102,2010,250,2100,12.98,0,.25,509.5
102,2010,250,2200,12.91,24.602,.05,263.2
102,2010,250,2300,12.85,0,0,468.7
101,2010,250,2400,12.49,24.602,1.133
102,2010,250,2400,12.81,0,.55,631.7
102,2010,251,100,12.79,0,.117,471.8
102,2010,251,200,12.76,0,.167,458.4
102,2010,251,300,12.75,0,1,873
102,2010,251,400,12.75,0,.367,630.2
102,2010,251,500,12.75,0,0,290.7
102,2010,251,600,12.75,0,0,178.4
102,2010,251,700,12.74,0,0,309.6
102,2010,251,800,12.53,0,0,379
102,2010,251,900,13.78,13.891,0,127.6
102,2010,251,1000,13.84,72.108,0,145.7
102,2010,251,1100,13.82,167.5,0,153.5
102,2010,251,1200,13.8,0,0,142.6
102,2010,251,1300,13.78,0,0,127.6
102,2010,251,1400,13.77,0,0,126.7
102,2010,251,1500,13.75,0,0,134.1
102,2010,251,1600,13.74,0,0,137
102,2010,251,1700,13.74,0,0,140.7
102,2010,251,1800,12.74,0,0,152.1
102,2010,251,1900,13.44,14.867,0,179.1
102,2010,251,2000,13.23,0,0,185.2
102,2010,251,2100,13.77,0,0,154.7
102,2010,251,2200,13.78,0,0,148.9
102,2010,251,2300,12.91,0,0,117.1
101,2010,251,2400,12.53,268.36,1.649
102,2010,251,2400,12.86,0,0,118.9
102,2010,252,100,12.83,0,0,111.5
102,2010,252,200,12.81,0,0,68.94
102,2010,252,300,12.79,0,0,311.8
102,2010,252,400,12.79,0,0,267.2
102,2010,252,500,12.78,0,0,368.6
102,2010,252,600,12.78,0,0,206.3
102,2010,252,700,12.78,0,0,169.8
102,2010,252,800,12.78,0,0,154
102,2010,252,900,13.69,0,0,157.8
102,2010,252,1000,13.84,0,0,144.5
102,2010,252,1100,13.82,0,0,147.2
102,2010,252,1200,13.8,0,0,150.8
102,2010,252,1300,13.79,0,0,142.5
102,2010,252,1400,13.77,0,0,128.7
102,2010,252,1500,13.75,0,0,128.7
102,2010,252,1600,13.73,0,0,128
102,2010,252,1700,13.28,0,0,129.7
102,2010,252,1800,13.31,0,0,132.9
102,2010,252,1900,13.58,0,0,151.1
102,2010,252,2000,13.16,59.336,0,171.2
102,2010,252,2100,13.05,174.17,.067,-6999
102,2010,252,2200,12.97,0,.85,-6999
102,2010,252,2300,12.91,0,.783,457.6
101,2010,252,2400,12.78,233.51,2.649
102,2010,252,2400,12.87,0,.95,415.2
102,2010,253,100,12.83,0,.95,-6999
102,2010,253,200,12.81,0,.233,250.4
102,2010,253,300,12.79,0,1,107.6
102,2010,253,400,12.79,0,1,431.2
102,2010,253,500,12.79,0,1,561.2
102,2010,253,600,12.79,0,1,733
102,2010,253,700,12.78,0,1,740
102,2010,253,800,12.78,41.127,.816,710
102,2010,253,900,13.65,1.5615,.35,536.1
102,2010,253,1000,12.32,0,.033,355.6
102,2010,253,1100,12.58,26.278,.033,337.1
102,2010,253,1200,12.69,62.194,.133,242.2
102,2010,253,1300,12.51,150.87,0,146.9
102,2010,253,1400,13.65,203.01,0,156.8
102,2010,253,1500,13.45,855.73,0,195.3
102,2010,253,1600,13.41,1627.5,0,185.6
102,2010,253,1700,12.45,1223.9,0,182
102,2010,253,1800,13.59,256.24,0,191.8
102,2010,253,1900,13.29,3.353,0,350.5
102,2010,253,2000,13.13,0,.417,-6999
102,2010,253,2100,13.02,0,.95,555.9
102,2010,253,2200,12.95,0,1,598.8
102,2010,253,2300,12.9,0,1,673.8
101,2010,253,2400,12.32,4451.7,11.91
102,2010,253,2400,12.86,0,1,671.8
102,2010,254,100,12.83,0,1,639
102,2010,254,200,12.81,0,1,609.1
102,2010,254,300,12.8,0,1,604.5
102,2010,254,400,12.79,0,1,569.5
102,2010,254,500,12.79,0,1,537
102,2010,254,600,12.79,0,.916,511.4
102,2010,254,700,12.79,0,.183,540
102,2010,254,800,12.8,0,.283,489.6
102,2010,254,900,13.26,0,.017,360.9
102,2010,254,1000,12.89,0,0,276
102,2010,254,1100,13.36,29.152,0,196.5
102,2010,254,1200,13.33,1175.3,0,181.8
102,2010,254,1300,12.59,2225,0,162
102,2010,254,1400,13.34,2026.8,0,152.5
102,2010,254,1500,13.35,2174.7,0,143.2
102,2010,254,1600,12.6,798.99,0,148.3
102,2010,254,1700,13.57,1140.1,0,146.3
102,2010,254,1800,13.57,157.42,0,158.3
102,2010,254,1900,13.25,9.7806,0,213.8
102,2010,254,2000,13.12,0,.3,370.9
102,2010,254,2100,13.02,0,.65,789
102,2010,254,2200,12.94,0,.616,221.7
102,2010,254,2300,12.89,0,.833,690.7
101,2010,254,2400,12.59,9737.2,9.8
102,2010,254,2400,12.85,0,1,1422
102,2010,255,100,12.82,0,1,1597
102,2010,255,200,12.79,0,1,787
102,2010,255,300,12.78,0,1,1442
102,2010,255,400,12.77,0,1,1504
102,2010,255,500,12.77,0,1,954
102,2010,255,600,12.77,0,1,958
102,2010,255,700,12.77,0,1,918
102,2010,255,800,12.78,0,1,858
102,2010,255,900,13.11,19.782,.9,670
102,2010,255,1000,12.72,554.44,.1,347
102,2010,255,1100,13.37,822.1,0,284.6
102,2010,255,1200,13.3,646.15,0,277.7
102,2010,255,1300,13.17,588.17,0,208.3
102,2010,255,1400,13.39,344.85,0,190.6
102,2010,255,1500,13.39,119.46,0,202.5
102,2010,255,1600,13.02,23.951,0,182.2
102,2010,255,1700,13.58,108.32,0,178.2
102,2010,255,1800,13.6,217.19,0,181.4
102,2010,255,1900,13.6,10.845,0,210.6
102,2010,255,2000,13.7,0,0,324.9
102,2010,255,2100,13.72,0,.367,472.1
102,2010,255,2200,13.73,0,1,701
102,2010,255,2300,12.92,0,1,766
101,2010,255,2400,12.72,3455.3,12.36
102,2010,255,2400,12.87,0,1,856
102,2010,256,100,12.83,0,1,883
102,2010,256,200,12.81,0,.95,884
102,2010,256,300,12.79,26.068,.4,432.9
102,2010,256,400,12.77,0,1,705
102,2010,256,500,12.77,0,1,893
102,2010,256,600,12.76,0,1,899
102,2010,256,700,12.76,0,1,913
102,2010,256,800,12.5,0,.966,1127
102,2010,256,900,12.55,0,0,889
102,2010,256,1000,13.81,24.381,0,226.5
102,2010,256,1100,13.8,0,0,246.2
102,2010,256,1200,13.79,0,0,215.9
102,2010,256,1300,13.41,17.724,0,184.9
102,2010,256,1400,13.76,27.975,0,186.6
102,2010,256,1500,13.75,42.909,0,167.7
102,2010,256,1600,13.75,101.73,0,205.3
102,2010,256,1700,13.75,242.47,0,191.7
102,2010,256,1800,13.42,39.601,0,185.5
102,2010,256,1900,13.74,11.85,0,259.2
102,2010,256,2000,13.75,2.893,0,375.4
102,2010,256,2100,13.08,0,.733,614.8
102,2010,256,2200,13.03,0,1,753
102,2010,256,2300,12.95,0,1,762
101,2010,256,2400,12.5,537.6,11.05
102,2010,256,2400,13.21,0,1,713
102,2010,257,100,13.16,0,1,865
102,2010,257,200,13.39,0,1,827
102,2010,257,300,13.26,0,1,801
102,2010,257,400,13.35,0,.916,809
102,2010,257,500,13.24,0,.833,846
102,2010,257,600,13.18,0,.933,973
102,2010,257,700,13.13,0,1,1177
102,2010,257,800,13.09,0,.716,824
102,2010,257,900,13.79,0,.85,611
102,2010,257,1000,13.82,0,.15,375.7
102,2010,257,1100,13.8,0,0,229.7
102,2010,257,1200,13.78,0,0,197
102,2010,257,1300,13.77,0,0,182.6
102,2010,257,1400,13.74,0,0,157.6
102,2010,257,1500,13.74,0,0,171.4
102,2010,257,1600,12.35,0,.133,337.8
102,2010,257,1700,13.19,0,.017,263.6
102,2010,257,1800,12.63,0,.367,420.3
102,2010,257,1900,12.69,0,.583,527.2
102,2010,257,2000,12.88,0,.733,479.5
102,2010,257,2100,12.84,0,.566,474.6
102,2010,257,2200,12.82,0,1,693.1
102,2010,257,2300,12.81,0,1,818
101,2010,257,2400,12.35,0,13.76
102,2010,257,2400,12.8,0,.966,859
102,2010,258,100,12.79,0,.783,482.4
102,2010,258,200,12.78,0,.233,87.4
102,2010,258,300,12.77,0,.45,96.1
102,2010,258,400,12.77,0,.383,129.3
102,2010,258,500,12.77,0,.35,364.5
102,2010,258,600,12.77,0,.533,584.1
102,2010,258,700,12.77,0,.483,469.5
102,2010,258,800,12.76,0,.333,358.4
102,2010,258,900,13.39,0,0,223.8
102,2010,258,1000,12.75,0,0,251.7
102,2010,258,1100,13.39,0,0,233.1
102,2010,258,1200,13.28,0,0,196.2
102,2010,258,1300,12.52,0,0,171.3
102,2010,258,1400,13.29,0,0,161.1
102,2010,258,1500,13.69,0,0,159.1
102,2010,258,1600,13.72,0,0,152.4
102,2010,258,1700,13.72,0,0,155.1
102,2010,258,1800,13.72,0,0,164.2
102,2010,258,1900,13.72,0,0,197.8
102,2010,258,2000,13.72,0,0,319
102,2010,258,2100,13.08,0,.5,522.7
102,2010,258,2200,12.99,0,1,687.2
102,2010,258,2300,13.77,0,1,733
101,2010,258,2400,12.52,0,6.914
102,2010,258,2400,12.86,0,.866,-6999
102,2010,259,100,13.25,0,.6,-6999
102,2010,259,200,13.15,0,.35,509.8
102,2010,259,300,13.09,0,.75,959
102,2010,259,400,13.07,0,.966,1135
102,2010,259,500,13.04,0,.85,1384
102,2010,259,600,13.02,0,.083,82.2
102,2010,259,700,13,0,.033,105.9
102,2010,259,800,13,0,0,108.6
102,2010,259,900,12.6,0,.017,135.5
102,2010,259,1000,13.8,0,0,163.9
102,2010,259,1100,13.81,0,0,182.9
102,2010,259,1200,13.8,16.038,0,170.8
102,2010,259,1300,13.78,11.698,0,155.9
102,2010,259,1400,13.77,0,0,149
102,2010,259,1500,13.75,0,0,143.5
102,2010,259,1600,13.74,0,0,148.1
102,2010,259,1700,13.74,0,0,148.2
102,2010,259,1800,13.73,0,0,149.5
102,2010,259,1900,13.25,12.75,0,194
102,2010,259,2000,13.11,0,0,401.1
102,2010,259,2100,13.75,0,.883,558.7
102,2010,259,2200,13.77,0,1,692.2
102,2010,259,2300,12.89,0,.783,-6999
101,2010,259,2400,12.6,40.486,6.964
102,2010,259,2400,12.86,0,.65,866
102,2010,260,100,12.84,0,.15,775
102,2010,260,200,12.83,0,0,277.8
102,2010,260,300,12.83,0,0,99.3
102,2010,260,400,12.82,0,0,93.2
102,2010,260,500,12.81,0,0,109.4
102,2010,260,600,12.81,0,0,124.3
102,2010,260,700,12.81,0,0,82.2
102,2010,260,800,12.81,0,0,78.3
102,2010,260,900,13.84,0,0,177.8
102,2010,260,1000,13.84,15.098,0,184.4
102,2010,260,1100,13.82,0,0,164.1
102,2010,260,1200,13.8,0,0,151.8
102,2010,260,1300,13.78,0,0,142.6
102,2010,260,1400,13.76,0,0,143.9
102,2010,260,1500,13.34,0,0,145.6
102,2010,260,1600,12.91,0,0,141
102,2010,260,1700,13.18,0,0,142.5
102,2010,260,1800,13.33,0,0,150.6
102,2010,260,1900,12.56,0,0,164.7
102,2010,260,2000,12.75,0,0,215.5
102,2010,260,2100,13.74,0,0,303.9
102,2010,260,2200,13.41,0,0,332.6
102,2010,260,2300,13.23,0,0,316.5
101,2010,260,2400,12.56,15.098,.283
102,2010,260,2400,13.14,0,.133,422.6
102,2010,261,100,13.07,0,.983,749
102,2010,261,200,13.04,0,1,1004
102,2010,261,300,13.02,0,1,988
102,2010,261,400,13.01,0,1,782
102,2010,261,500,13,0,1,799
102,2010,261,600,13,0,1,837
102,2010,261,700,12.99,0,1,779
102,2010,261,800,13,0,1,554.3
102,2010,261,900,13,0,.283,386.8
102,2010,261,1000,13.25,0,0,188.9
102,2010,261,1100,13.25,0,0,170.4
102,2010,261,1200,13.24,0,0,157
102,2010,261,1300,13.25,0,0,154.7
102,2010,261,1400,13.45,0,0,147.4
102,2010,261,1500,13.27,0,0,148.9
102,2010,261,1600,13.31,0,0,148.7
102,2010,261,1700,13.16,0,0,152.1
102,2010,261,1800,13.7,0,0,152.4
102,2010,261,1900,12.89,0,0,185.9
102,2010,261,2000,12.95,0,0,300.7
102,2010,261,2100,12.89,0,.083,-6999
102,2010,261,2200,13.24,0,.117,-6999
102,2010,261,2300,12.85,0,.033,9.35
101,2010,261,2400,12.85,0,8.51
102,2010,261,2400,12.85,0,.017,208.2
102,2010,262,100,12.84,0,.183,460.4
102,2010,262,200,12.84,0,.483,791
102,2010,262,300,12.83,0,.65,883
102,2010,262,400,12.83,0,.733,889
102,2010,262,500,12.82,0,.566,794
102,2010,262,600,12.82,0,.167,578.7
102,2010,262,700,12.81,0,.933,1294
102,2010,262,800,12.82,0,.4,2099
102,2010,262,900,12.75,0,0,523
102,2010,262,1000,12.9,42.066,0,199.5
102,2010,262,1100,13.07,76.68,0,191
102,2010,262,1200,13.36,0,0,170.2
102,2010,262,1300,13.75,20.876,0,165.7
102,2010,262,1400,13.75,59.349,0,153
102,2010,262,1500,13.73,0,0,145.5
102,2010,262,1600,13.72,0,0,143.8
102,2010,262,1700,13.72,0,0,144.9
102,2010,262,1800,13.71,0,0,150.2
102,2010,262,1900,13.72,0,0,166.8
102,2010,262,2000,13.15,0,0,195.3
102,2010,262,2100,13.74,0,0,195.4
102,2010,262,2200,13.75,0,0,226.9
102,2010,262,2300,12.89,0,0,189.3
101,2010,262,2400,12.75,198.97,4.115
102,2010,262,2400,12.86,0,0,213.7
102,2010,263,100,12.84,0,0,251.2
102,2010,263,200,12.82,0,0,172.9
102,2010,263,300,12.81,0,0,215.6
102,2010,263,400,12.8,0,0,94.7
102,2010,263,500,12.79,0,0,73.8
102,2010,263,600,12.78,0,0,43.68
102,2010,263,700,12.78,0,0,105.7
102,2010,263,800,12.79,0,0,104.7
102,2010,263,900,13.68,0,0,163.3
102,2010,263,1000,13.81,0,0,161.7
102,2010,263,1100,13.62,108.62,0,165.5
102,2010,263,1200,13.58,300.68,0,149.6
102,2010,263,1300,13.6,28.349,0,143
102,2010,263,1400,13.46,0,0,149
102,2010,263,1500,13.35,.71846,0,131.9
102,2010,263,1600,13.75,0,0,142.3
102,2010,263,1700,13.74,0,0,136.8
102,2010,263,1800,13.59,0,0,142.5
102,2010,263,1900,13.27,0,0,154.5
102,2010,263,2000,13.2,0,.117,125.1
102,2010,263,2100,13.77,0,.433,73
102,2010,263,2200,13.77,0,.367,126.4
102,2010,263,2300,13.77,0,.433,124.1
101,2010,263,2400,12.78,438.37,1.616
102,2010,263,2400,13.77,0,.267,138.2
102,2010,264,100,13.78,0,.017,139
102,2010,264,200,13.78,0,0,118.5
102,2010,264,300,13.79,0,0,145.8
102,2010,264,400,13.79,0,.083,126.4
102,2010,264,500,13.8,0,.466,82
102,2010,264,600,13.81,0,.367,79.4
102,2010,264,700,13.81,0,.333,106.5
102,2010,264,800,13.8,0,.45,85.2
102,2010,264,900,12.71,0,.017,159.9
102,2010,264,1000,12.78,60.384,0,163.1
102,2010,264,1100,13.49,27.505,0,165.6
102,2010,264,1200,13.47,31.002,0,143.4
102,2010,264,1300,13.77,0,0,143
102,2010,264,1400,13.75,0,0,133.6
102,2010,264,1500,13.39,0,0,128.7
102,2010,264,1600,13.01,0,0,129.8
102,2010,264,1700,13.33,0,0,142.8
102,2010,264,1800,13.58,60.179,0,-22.22
102,2010,264,1900,13.27,0,0,161.4
102,2010,264,2000,13.12,0,0,139
102,2010,264,2100,13.02,0,0,114.6
102,2010,264,2200,12.95,0,0,89.8
102,2010,264,2300,12.89,0,0,83.4
101,2010,264,2400,12.71,179.07,1.733
102,2010,264,2400,12.85,0,0,66.76
102,2010,265,100,12.83,0,.067,24.12
102,2010,265,200,12.81,0,.233,21.13
102,2010,265,300,12.79,0,.217,50.76
102,2010,265,400,12.78,0,.317,75.5
102,2010,265,500,12.77,0,.217,65.46
102,2010,265,600,12.77,0,.4,57.82
102,2010,265,700,12.77,0,.367,58.04
102,2010,265,800,12.53,0,.283,22.74
102,2010,265,900,12.54,0,.05,75.1
102,2010,265,1000,13.78,0,0,137.7
102,2010,265,1100,13.79,0,0,138.6
102,2010,265,1200,13.77,0,0,128.7
102,2010,265,1300,13.75,0,0,125.2
102,2010,265,1400,13.74,0,0,118.7
102,2010,265,1500,13.73,0,0,113.3
102,2010,265,1600,12.93,0,0,119.5
102,2010,265,1700,13.71,0,0,124.7
102,2010,265,1800,13.71,0,0,133.2
102,2010,265,1900,13.59,0,0,150.5
102,2010,265,2000,13.72,0,0,181.2
102,2010,265,2100,13.73,0,0,181.1
102,2010,265,2200,13.74,0,0,167.3
102,2010,265,2300,13.75,0,0,158.8
101,2010,265,2400,12.53,0,2.282
102,2010,265,2400,13.77,0,.133,149.7
102,2010,266,100,13.77,0,.466,193
102,2010,266,200,13.78,0,.433,435.6
102,2010,266,300,13.79,0,.45,726
102,2010,266,400,13.79,0,.483,815
102,2010,266,500,13.8,0,.6,884
102,2010,266,600,13.8,0,.583,967
102,2010,266,700,13.81,0,.716,-6999
102,2010,266,800,13.82,0,.833,-6999
102,2010,266,900,13.82,0,.367,-6999
102,2010,266,1000,13.81,0,0,246.9
102,2010,266,1100,13.79,0,0,204.5
102,2010,266,1200,13.77,0,0,175.7
102,2010,266,1300,13.75,0,0,145.8
102,2010,266,1400,13.74,0,0,138.9
102,2010,266,1500,13.72,0,0,136.5
102,2010,266,1600,13.72,0,0,135.7
102,2010,266,1700,13.7,0,0,140.2
102,2010,266,1800,13.7,0,0,143.7
102,2010,266,1900,13.7,0,0,170
102,2010,266,2000,13.72,0,0,239.9
102,2010,266,2100,13.74,0,0,334.8
102,2010,266,2200,13.75,0,0,418.9
102,2010,266,2300,13.76,0,0,396.4
101,2010,266,2400,13.7,0,4.931
102,2010,266,2400,13.76,0,0,351.7
102,2010,267,100,13.77,0,.783,588.5
102,2010,267,200,13.77,0,.4,449.9
102,2010,267,300,13.77,0,.55,380.8
102,2010,267,400,13.78,0,.4,509.2
102,2010,267,500,13.78,0,.9,587.6
102,2010,267,600,13.78,0,1,611.6
102,2010,267,700,13.79,0,.766,548.1
102,2010,267,800,13.8,0,.383,474.7
102,2010,267,900,13.8,0,.55,503.9
102,2010,267,1000,13.81,0,.133,368.3
102,2010,267,1100,13.79,0,0,241
102,2010,267,1200,13.77,0,0,196.8
102,2010,267,1300,13.75,0,0,166.3
102,2010,267,1400,13.74,0,0,139.4
102,2010,267,1500,13.73,0,0,144.1
102,2010,267,1600,13.72,0,0,143.2
102,2010,267,1700,13.72,0,0,154.5
102,2010,267,1800,13.72,0,0,180.1
102,2010,267,1900,13.72,0,0,237.3
102,2010,267,2000,13.72,0,.433,458.8
102,2010,267,2100,13.74,0,.983,546.5
102,2010,267,2200,13.75,0,1,568.9
102,2010,267,2300,13.75,0,.95,560.2
101,2010,267,2400,13.72,0,10.21
102,2010,267,2400,13.75,0,.983,620.4
102,2010,268,100,13.78,0,1,703
102,2010,268,200,13.79,0,.95,712
102,2010,268,300,13.79,0,.533,663.8
102,2010,268,400,13.79,0,.566,624.5
102,2010,268,500,13.79,0,.75,645.1
102,2010,268,600,13.79,0,.633,656.5
102,2010,268,700,13.8,0,.666,743
102,2010,268,800,13.81,0,.566,576.6
102,2010,268,900,13.8,0,.933,754
102,2010,268,1000,13.8,0,.583,564.2
102,2010,268,1100,13.79,0,0,267.3
102,2010,268,1200,13.77,0,0,200.5
102,2010,268,1300,13.77,0,.083,284.9
102,2010,268,1400,13.77,0,.616,562.2
102,2010,268,1500,13.77,16.325,.367,123.1
102,2010,268,1600,13.77,0,0,131.4
102,2010,268,1700,13.77,0,0,166.2
102,2010,268,1800,13.77,0,0,155.1
102,2010,268,1900,13.77,0,0,127.2
102,2010,268,2000,13.77,0,0,119.2
102,2010,268,2100,13.79,0,0,107.6
102,2010,268,2200,13.79,0,0,123.9
102,2010,268,2300,13.8,0,0,119.8
101,2010,268,2400,13.77,16.325,8.25
102,2010,268,2400,13.8,0,0,-10.25
102,2010,269,100,13.8,0,.017,80.3
102,2010,269,200,13.82,0,.267,153.1
102,2010,269,300,13.82,0,.367,446.7
102,2010,269,400,13.83,0,.583,471.7
102,2010,269,500,13.84,0,.55,478.6
102,2010,269,600,13.84,0,.6,519
102,2010,269,700,13.84,0,.433,227.6
102,2010,269,800,13.85,0,.333,161
102,2010,269,900,13.84,0,.45,466.6
102,2010,269,1000,13.82,0,0,323.3
102,2010,269,1100,13.8,0,0,187.9
102,2010,269,1200,13.78,0,0,150.1
102,2010,269,1300,13.76,0,0,141.1
102,2010,269,1400,13.74,0,0,135.7
102,2010,269,1500,13.72,0,0,126.7
102,2010,269,1600,13.71,0,0,127.2
102,2010,269,1700,13.7,0,0,131.3
102,2010,269,1800,13.57,0,0,143.2
102,2010,269,1900,13.72,0,0,165.6
102,2010,269,2000,13.41,0,0,206.7
102,2010,269,2100,13.27,0,0,256
102,2010,269,2200,13.2,0,0,318.1
102,2010,269,2300,13.11,0,0,354.1
101,2010,269,2400,13.06,0,4.032
102,2010,269,2400,13.06,0,.433,476.6
102,2010,270,100,13.03,0,.566,503.9
102,2010,270,200,13.01,0,.433,478.4
102,2010,270,300,13,0,.033,326.7
102,2010,270,400,12.99,0,.117,331.6
102,2010,270,500,12.98,0,.017,316.6
102,2010,270,600,12.98,0,.05,315.6
102,2010,270,700,12.98,0,.167,373.8
102,2010,270,800,12.56,0,0,310.9
102,2010,270,900,12.66,0,0,323.2
102,2010,270,1000,13.08,0,0,252.2
102,2010,270,1100,13.03,0,0,178.2
102,2010,270,1200,13.01,0,0,142.6
102,2010,270,1300,13.01,0,0,132.2
102,2010,270,1400,13.68,0,0,126.4
102,2010,270,1500,13.35,0,0,125.9
102,2010,270,1600,12.47,0,0,125.7
102,2010,270,1700,13.26,0,0,130
102,2010,270,1800,13.57,0,0,136.6
102,2010,270,1900,13.24,0,0,150.2
102,2010,270,2000,13.1,0,0,176.6
102,2010,270,2100,13.01,0,0,173.4
102,2010,270,2200,12.93,0,0,167.9
102,2010,270,2300,12.88,0,.333,468.1
101,2010,270,2400,12.47,0,1.783
102,2010,270,2400,12.85,0,.067,239.3
102,2010,271,100,12.83,0,0,101.7
102,2010,271,200,12.82,0,0,90.1
102,2010,271,300,12.81,0,0,111.5
102,2010,271,400,12.81,0,.217,110.7
102,2010,271,500,12.8,0,.15,97.7
102,2010,271,600,12.8,0,.2,134.9
102,2010,271,700,12.8,0,.233,101.1
102,2010,271,800,12.81,0,0,151.5
102,2010,271,900,13.62,0,0,321.4
102,2010,271,1000,13.62,0,0,156.8
102,2010,271,1100,13.48,0,0,130.4
102,2010,271,1200,13.59,0,0,132.2
102,2010,271,1300,12.58,0,0,121.8
102,2010,271,1400,13.37,0,0,122.4
102,2010,271,1500,13.33,0,0,121.3
102,2010,271,1600,12.94,0,0,121.8
102,2010,271,1700,13.64,0,0,128.2
102,2010,271,1800,13.64,0,0,130.2
102,2010,271,1900,13.65,0,0,138.7
102,2010,271,2000,13.66,0,0,32.62
102,2010,271,2100,13.68,0,.65,737
102,2010,271,2200,13.72,0,.933,782
102,2010,271,2300,13.75,0,.217,428.4
101,2010,271,2400,12.58,0,3.365
102,2010,271,2400,13.75,0,.766,561.6
102,2010,272,100,13.76,0,1,647.1
102,2010,272,200,13.76,0,1,768
102,2010,272,300,13.77,0,1,787
102,2010,272,400,13.78,0,1,796
102,2010,272,500,13.79,0,1,847
102,2010,272,600,13.79,0,1,784
102,2010,272,700,13.79,0,.9,762
102,2010,272,800,13.79,0,.533,447.4
102,2010,272,900,13.79,0,.133,345.4
102,2010,272,1000,13.77,0,0,179.7
102,2010,272,1100,13.49,0,0,149.9
102,2010,272,1200,13.57,153.16,0,143.6
102,2010,272,1300,13.04,25.529,0,135.5
102,2010,272,1400,13.54,7.156,0,130.6
102,2010,272,1500,13.33,0,0,130.2
102,2010,272,1600,12.43,0,0,166.6
102,2010,272,1700,13.37,0,0,138.7
102,2010,272,1800,13.58,0,0,112.3
102,2010,272,1900,13.61,0,.017,207.8
102,2010,272,2000,13.16,0,.666,-6999
102,2010,272,2100,13.74,0,.733,-6999
102,2010,272,2200,13.75,0,.983,-6999
102,2010,272,2300,13.77,0,.983,848
101,2010,272,2400,12.43,185.84,11.88
102,2010,272,2400,13.77,0,.933,675.8
102,2010,273,100,13.76,0,.983,625.9
102,2010,273,200,13.76,0,.883,583.5
102,2010,273,300,13.76,0,.733,482.7
102,2010,273,400,13.78,0,.6,437.7
102,2010,273,500,13.79,0,.55,418.8
102,2010,273,600,13.8,0,.533,384.2
102,2010,273,700,13.8,0,.5,325.8
102,2010,273,800,13.8,0,.083,287
102,2010,273,900,13.05,0,0,257.3
102,2010,273,1000,13.66,0,0,251.6
102,2010,273,1100,13.77,0,0,175.6
102,2010,273,1200,13.63,0,0,153.9
102,2010,273,1300,12.64,0,0,142.2
102,2010,273,1400,13.34,0,0,137.2
102,2010,273,1500,13.42,0,0,134.5
102,2010,273,1600,12.88,0,0,135.5
102,2010,273,1700,13.21,0,0,139.7
102,2010,273,1800,13.04,0,0,150.8
102,2010,273,1900,13.27,0,0,178.5
102,2010,273,2000,13.13,0,0,271.4
102,2010,273,2100,13.03,0,.017,386.3
102,2010,273,2200,12.95,0,.816,565.3
102,2010,273,2300,12.89,0,1,639.9
101,2010,273,2400,12.64,0,7.7
102,2010,273,2400,12.85,0,1,697.5
102,2010,274,100,12.82,0,1,730
102,2010,274,200,12.8,0,1,896
102,2010,274,300,12.78,0,1,1022
102,2010,274,400,12.77,0,1,1017
102,2010,274,500,12.76,0,1,1012
102,2010,274,600,12.76,0,1,947
102,2010,274,700,12.75,0,1,921
102,2010,274,800,12.75,0,1,722
102,2010,274,900,13.27,0,.75,680.8
102,2010,274,1000,12.71,0,0,278.8
102,2010,274,1100,13.48,0,0,196.6
102,2010,274,1200,13.43,0,0,150
102,2010,274,1300,13.2,0,0,138.4
102,2010,274,1400,13.7,0,0,135.7
102,2010,274,1500,13.7,0,0,136.5
102,2010,274,1600,13.68,0,0,132.8
102,2010,274,1700,13.68,0,0,139.4
102,2010,274,1800,13.68,0,0,143.5
102,2010,274,1900,13.69,0,0,147.7
102,2010,274,2000,13.16,0,0,176.4
102,2010,274,2100,13.06,0,0,188.7
102,2010,274,2200,12.97,0,0,257.3
102,2010,274,2300,13.69,0,.566,536.4
101,2010,274,2400,12.71,0,10.31
102,2010,274,2400,13.75,0,1,663.6
102,2010,275,100,13.76,0,1,771
102,2010,275,200,12.8,0,1,908
102,2010,275,300,12.78,0,1,928
102,2010,275,400,12.78,0,1,991
102,2010,275,500,13.79,0,1,905
102,2010,275,600,13.8,0,1,746
102,2010,275,700,13.8,0,.983,787
102,2010,275,800,13.81,0,.95,729
102,2010,275,900,13.82,0,.916,830
102,2010,275,1000,13.8,0,0,259.5
102,2010,275,1100,13.77,0,0,177.2
102,2010,275,1200,13.75,0,0,150.9
102,2010,275,1300,13.72,0,0,135.3
102,2010,275,1400,13.71,0,0,131.2
102,2010,275,1500,13.69,0,.017,156.5
102,2010,275,1600,13.68,0,.05,-6999
102,2010,275,1700,13.66,0,0,169.2
102,2010,275,1800,1.841,0,.683,-6999
102,2010,275,1900,13.67,0,.616,192.9
102,2010,275,2000,13.68,0,0,5.863
102,2010,275,2100,13.7,0,0,5.676
102,2010,275,2200,13.71,0,0,5.56
102,2010,275,2300,13.73,0,0,5.511
101,2010,275,2400,1.841,0,10.21
102,2010,275,2400,13.74,0,0,5.467
102,2010,276,100,13.75,0,0,5.517
102,2010,276,200,13.75,0,0,5.545
102,2010,276,300,13.77,0,0,5.573
102,2010,276,400,13.77,0,0,5.567
102,2010,276,500,13.78,0,0,5.573
102,2010,276,600,13.8,0,0,5.584
102,2010,276,700,13.8,0,0,5.623
102,2010,276,800,13.8,0,.683,271.6
102,2010,276,900,13.79,0,1,622
102,2010,276,1000,13.76,0,1,759
102,2010,276,1100,13.74,0,1,801
102,2010,276,1200,13.55,0,1,803
102,2010,276,1300,12.69,0,1,687.8
102,2010,276,1400,13.55,0,.933,433.2
102,2010,276,1500,13.68,0,.9,467.9
102,2010,276,1600,13.66,0,.65,407.1
102,2010,276,1700,13.66,0,1,656.4
102,2010,276,1800,13.66,0,.85,416.1
102,2010,276,1900,13.66,0,.616,193.9
102,2010,276,2000,13.67,0,0,5.868
102,2010,276,2100,13.68,0,0,5.709
102,2010,276,2200,13.69,0,0,5.615
102,2010,276,2300,13.7,0,0,5.56
101,2010,276,2400,12.69,0,10.63
102,2010,276,2400,13.72,0,0,5.621
102,2010,277,100,13.72,0,0,5.516
102,2010,277,200,13.75,0,0,5.462
102,2010,277,300,13.76,0,0,5.386
102,2010,277,400,13.77,0,0,5.424
102,2010,277,500,13.77,0,0,5.386
102,2010,277,600,13.79,0,0,5.54
102,2010,277,700,13.8,0,0,5.567
102,2010,277,800,13.8,0,0,31.36
102,2010,277,900,13.79,0,.466,306.5
102,2010,277,1000,13.64,0,1,742
102,2010,277,1100,13.46,0,1,806
102,2010,277,1200,13.39,0,1,818
102,2010,277,1300,13.7,0,1,724
102,2010,277,1400,13.69,0,1,507.6
102,2010,277,1500,13.67,0,.833,472.9
102,2010,277,1600,13.66,0,.55,373.9
102,2010,277,1700,13.66,0,.966,617.1
102,2010,277,1800,13.65,0,1,546.7
102,2010,277,1900,13.66,0,.5,186
102,2010,277,2000,13.12,0,0,5.896
102,2010,277,2100,13.68,0,0,5.78
102,2010,277,2200,13.69,0,0,5.747
102,2010,277,2300,13.7,0,0,5.637
101,2010,277,2400,13.12,0,9.31
102,2010,277,2400,13.75,0,0,5.6
102,2010,278,100,13.75,0,0,5.595
102,2010,278,200,13.77,0,0,5.573
102,2010,278,300,12.78,0,0,5.446
102,2010,278,400,12.78,0,0,5.287
102,2010,278,500,12.78,0,0,5.286
102,2010,278,600,12.77,0,0,5.287
102,2010,278,700,12.77,0,0,5.287
102,2010,278,800,12.78,0,.683,234.4
102,2010,278,900,13.47,70.608,.933,583.5
102,2010,278,1000,12.48,11.746,1,726
102,2010,278,1100,13.44,2.3951,.267,176.8
102,2010,278,1200,13.4,0,.283,102.8
102,2010,278,1300,13.32,0,.3,111.1
102,2010,278,1400,13.36,0,1,481.3
102,2010,278,1500,13.29,0,.766,387.3
102,2010,278,1600,12.59,0,.983,700
102,2010,278,1700,13.43,0,1,669.8
102,2010,278,1800,13.53,0,1,471.2
102,2010,278,1900,13.53,0,.067,25.28
102,2010,278,2000,13.71,0,0,5.571
102,2010,278,2100,13.74,0,0,5.572
102,2010,278,2200,13.74,0,0,5.578
102,2010,278,2300,13.74,0,0,5.545
101,2010,278,2400,12.48,84.749,8.28
102,2010,278,2400,13.75,0,0,5.567
102,2010,279,100,13.76,0,0,5.578
102,2010,279,200,13.77,0,0,5.578
102,2010,279,300,13.77,0,0,5.584
102,2010,279,400,13.78,0,0,5.573
102,2010,279,500,13.77,0,0,5.573
102,2010,279,600,13.78,0,0,5.584
102,2010,279,700,13.78,0,0,5.573
102,2010,279,800,13.79,0,.067,37.26
102,2010,279,900,13.79,0,.333,138.9
102,2010,279,1000,13.77,0,.483,220
102,2010,279,1100,13.76,0,.683,401.1
102,2010,279,1200,13.75,0,1,770
102,2010,279,1300,13.73,0,0,5.946
102,2010,279,1400,13.72,0,.2,59.69
102,2010,279,1500,13.71,0,1,541.9
102,2010,279,1600,13.7,0,.8,477.2
102,2010,279,1800,13.67,0,0,5.746
102,2010,280,900,13.75,0,0,5.992
102,2010,280,1000,13.83,0,.117,40.92
102,2010,280,1100,13.84,0,0,5.947
102,2010,280,1200,13.81,0,.217,61.34
102,2010,280,1300,13.8,0,0,5.947
102,2010,280,1400,13.79,0,0,5.947
102,2010,280,1500,13.77,0,0,7.25
102,2010,280,1700,13.69,0,.033,93.4
102,2010,280,1800,13.74,0,.6,169.1
102,2010,280,1900,13.74,0,.283,74.7
102,2010,280,2000,13.74,0,0,5.611
102,2010,280,2100,13.75,0,0,5.567
102,2010,280,2200,13.75,0,0,5.55
102,2010,280,2300,13.76,0,0,5.578
101,2010,280,2400,13.69,0,.916
102,2010,280,2400,13.77,0,0,5.49
102,2010,281,100,13.77,0,0,5.485
102,2010,281,200,13.77,0,0,5.518
102,2010,281,300,13.78,0,0,5.485
102,2010,281,400,13.78,0,0,5.474
102,2010,281,500,13.79,0,0,5.518
102,2010,281,600,13.79,0,0,5.479
102,2010,281,700,13.79,0,0,5.512
102,2010,281,800,13.79,0,.05,29
102,2010,281,900,13.79,0,.466,144.3
102,2010,281,1000,13.77,0,1,556.6
102,2010,281,1100,13.76,0,1,615.8
102,2010,281,1200,13.74,0,1,752
102,2010,281,1300,13.72,0,.866,522.1
102,2010,281,1800,13.66,0,0,5.817
102,2010,281,1900,13.72,0,0,5.842
102,2010,281,2000,13.74,0,0,5.605
102,2010,281,2100,13.75,0,0,5.484
102,2010,281,2200,13.78,0,0,5.309
102,2010,281,2300,13.8,0,0,5.287
101,2010,281,2400,13.66,0,0
102,2010,281,2400,13.8,0,0,5.32
102,2010,282,100,13.79,0,0,5.342
102,2010,282,200,13.79,0,0,5.347
102,2010,282,300,13.8,0,0,5.314
102,2010,282,400,13.8,0,0,5.336
102,2010,282,500,13.8,0,0,5.424
102,2010,282,600,13.8,0,0,5.369
102,2010,282,700,13.81,0,0,5.408
102,2010,282,800,13.81,0,.4,201.4
102,2010,282,900,13.8,0,1,608.6
102,2010,282,1000,13.79,0,1,774
102,2010,282,1100,13.77,0,1,803
102,2010,282,1200,13.75,0,.833,592.1
102,2010,282,1300,13.74,0,.167,69.7
102,2010,282,1400,13.73,0,.7,265.1
102,2010,282,1500,13.72,0,.45,189.2
102,2010,282,1600,13.72,0,.833,346.2
102,2010,282,1700,13.7,0,.217,310.1
102,2010,282,1800,13.7,0,0,5.907
102,2010,282,1900,13.72,0,0,5.588
102,2010,282,2000,13.75,0,0,5.446
102,2010,282,2100,13.76,0,0,5.523
102,2010,282,2200,13.77,0,0,5.54
102,2010,282,2300,13.79,0,0,5.38
101,2010,282,2400,13.7,0,.217
102,2010,282,2400,13.8,0,0,5.358
102,2010,283,100,13.8,0,0,5.358
102,2010,283,200,13.8,0,0,5.353
102,2010,283,300,13.8,0,0,5.342
102,2010,283,400,13.8,0,0,5.386
102,2010,283,500,13.81,0,0,5.364
102,2010,283,600,13.82,0,0,5.353
102,2010,283,700,13.82,0,0,5.364
102,2010,283,800,13.83,0,0,5.578
102,2010,283,900,13.83,0,0,20.55
102,2010,283,1000,13.83,0,0,5.848
102,2010,283,1100,13.82,0,0,5.947
102,2010,283,1200,13.81,0,.05,29.94
102,2010,283,1300,13.79,0,.233,83.7
102,2010,283,1400,13.77,0,.483,144.2
102,2010,283,1500,13.75,0,.85,343.5
102,2010,283,1600,13.74,0,.816,464.6
102,2010,283,1700,13.72,0,.683,356.2
102,2010,283,1800,13.74,0,.533,232.3
102,2010,283,1900,13.74,0,.483,159.4
102,2010,283,2000,13.75,0,0,5.556
102,2010,283,2100,13.75,0,0,5.523
102,2010,283,2200,13.77,0,0,5.479
102,2010,283,2300,13.77,0,0,5.507
101,2010,283,2400,13.72,0,4.132
102,2010,283,2400,13.78,0,0,5.512
102,2010,284,100,13.79,0,0,5.534
102,2010,284,200,13.79,0,0,5.523
102,2010,284,300,13.8,0,0,5.463
102,2010,284,400,13.8,0,0,5.402
102,2010,284,500,13.81,0,0,5.38
102,2010,284,600,13.82,0,0,5.402
102,2010,284,700,13.82,0,0,5.578
102,2010,284,800,13.83,0,.367,194.5
102,2010,284,900,13.82,0,1,647
102,2010,285,900,13.73,0,0,6.106
102,2010,285,1200,13.77,0,.766,347.5
102,2010,285,1300,13.74,0,1,681.7
102,2010,285,1400,13.72,0,.9,434.7
102,2010,285,1500,13.71,0,.483,153.5
102,2010,285,1600,13.71,0,.183,71.4
102,2010,285,1700,13.71,0,0,6.805
102,2010,285,1800,13.73,0,0,5.93
102,2010,285,1900,13.73,0,0,6.299
102,2010,285,2000,13.74,0,0,5.589
102,2010,285,2100,13.74,0,0,5.501
102,2010,285,2200,13.75,0,0,5.485
102,2010,285,2300,13.76,0,0,5.567
101,2010,285,2400,13.71,0,3.332
102,2010,285,2400,13.77,0,0,5.485
102,2010,286,100,13.77,0,0,5.54
102,2010,286,200,13.78,0,0,5.435
102,2010,286,300,13.79,0,0,5.468
102,2010,286,400,13.8,0,0,5.435
102,2010,286,500,13.8,0,0,5.413
102,2010,286,600,13.8,0,0,5.435
102,2010,286,700,13.8,0,0,5.38
102,2010,286,800,13.8,0,.017,41.95
102,2010,287,1000,13.71,0,.433,800
102,2010,287,1100,13.73,0,1,821
102,2010,287,1200,13.72,0,1,822
102,2010,287,1300,13.7,0,1,694.8
102,2010,287,1400,13.69,0,1,526.3
102,2010,287,1500,13.68,0,1,622.8
102,2010,287,1600,13.66,0,.966,694.1
102,2010,287,1700,13.66,0,.85,526.7
102,2010,287,1800,13.67,0,.017,20.42
102,2010,287,1900,13.72,0,0,5.688
102,2010,287,2000,13.72,0,0,5.589
102,2010,287,2100,13.74,0,0,5.528
102,2010,287,2200,13.74,0,0,5.517
102,2010,287,2300,13.74,0,0,5.528
101,2010,287,2400,13.66,0,7.26
102,2010,287,2400,13.75,0,0,5.49
102,2010,288,100,13.75,0,0,5.463
102,2010,288,200,13.77,0,0,5.402
102,2010,288,300,13.77,0,0,5.424
102,2010,288,400,13.77,0,0,5.38
102,2010,288,500,13.79,0,0,5.369
102,2010,288,600,13.79,0,0,5.358
102,2010,288,700,13.79,0,0,5.512
102,2010,288,800,13.79,0,.283,97.7
102,2010,288,900,13.8,0,1,528
102,2010,288,1000,13.78,0,1,750
102,2010,288,1100,13.76,0,.117,813
102,2010,288,1200,13.75,0,.866,579.8
102,2010,288,1300,13.73,0,.583,317.2
102,2010,288,1400,13.71,0,.783,355.4
102,2010,288,1500,13.7,0,.95,587.8
102,2010,288,1600,13.68,0,1,690
102,2010,288,1700,13.68,0,.133,84.1
102,2010,288,1800,13.7,0,0,5.544
102,2010,288,1900,13.74,0,0,5.418
102,2010,288,2000,13.75,0,0,5.424
102,2010,288,2100,13.76,0,0,5.397
102,2010,288,2200,13.76,0,0,5.419
102,2010,288,2300,13.76,0,0,5.452
101,2010,288,2400,13.68,0,4.432
102,2010,288,2400,13.78,0,0,5.375
102,2010,289,100,13.79,0,0,5.358
102,2010,289,200,13.79,0,0,5.386
102,2010,289,300,13.79,0,0,5.413
102,2010,289,400,13.79,0,0,5.419
102,2010,289,500,13.79,0,0,5.402
102,2010,289,600,13.8,0,0,5.364
102,2010,289,700,13.8,0,0,5.408
102,2010,289,800,13.81,0,0,19.03
102,2010,289,900,13.8,0,.8,452.9
102,2010,289,1000,13.78,0,1,709
102,2010,289,1100,13.77,0,1,731
102,2010,289,1200,13.75,0,1,795
102,2010,289,1300,13.73,0,.916,561.7
102,2010,289,1400,13.72,0,.666,307.7
102,2010,289,1500,13.7,0,.7,343.2
102,2010,289,1600,13.69,0,.933,539.1
102,2010,289,1700,13.68,0,.916,587.2
102,2010,289,1800,13.68,0,.233,147.1
102,2010,289,1900,13.69,0,0,5.957
102,2010,289,2000,13.72,0,0,5.33
102,2010,289,2100,13.75,0,0,5.292
102,2010,289,2200,13.77,0,0,5.303
102,2010,289,2300,13.77,0,0,5.309
101,2010,289,2400,13.68,0,8.16
102,2010,289,2400,13.78,0,0,5.342
102,2010,290,100,13.79,0,0,5.325
102,2010,290,200,13.81,0,0,5.347
102,2010,290,300,13.81,0,0,5.298
102,2010,290,400,13.8,0,0,5.298
102,2010,290,500,13.8,0,0,5.292
102,2010,290,600,13.81,0,0,5.292
102,2010,290,700,13.82,0,0,5.287
102,2010,290,800,13.82,0,0,19.98
102,2010,290,900,13.81,0,.7,306.7
102,2010,290,1000,13.8,0,1,590.6
102,2010,290,1100,13.78,0,1,626.2
102,2010,290,1200,13.77,0,1,266.1
102,2010,290,1300,13.75,0,.683,214.7
102,2010,290,1400,13.74,0,.117,32.14
102,2010,290,1500,13.73,0,.616,173.9
102,2010,290,1600,13.72,0,.5,226.7
102,2010,290,1700,13.71,0,.383,226.7
102,2010,290,1800,13.72,0,0,11.75
102,2010,290,1900,13.72,0,0,10.23
102,2010,290,2000,13.72,0,0,5.622
102,2010,290,2100,13.74,0,0,5.413
102,2010,290,2200,13.76,0,0,5.325
102,2010,290,2300,13.77,0,0,5.38
101,2010,290,2400,13.71,0,5.998
102,2010,290,2400,13.78,0,0,5.353
102,2010,291,100,13.79,0,0,5.331
102,2010,291,200,13.79,0,0,5.298
102,2010,291,300,13.8,0,0,5.309
102,2010,291,400,13.8,0,0,5.331
102,2010,291,500,13.8,0,0,5.336
102,2010,291,600,13.8,0,0,5.353
102,2010,291,700,13.81,0,0,5.347
102,2010,291,800,13.81,0,0,12.89
102,2010,291,900,13.81,0,0,5.766
102,2010,291,1100,13.8,0,.8,395.8
102,2010,291,1200,13.77,0,.65,499
102,2010,291,1300,13.74,0,.533,291.4
102,2010,291,1400,13.73,0,.533,193.8
102,2010,291,1500,13.72,0,.683,317.4
102,2010,291,1600,13.7,0,.966,672
102,2010,291,1700,13.7,0,.783,523.3
102,2010,291,1800,13.7,0,.65,340
102,2010,291,1900,13.7,0,0,5.813
102,2010,291,2000,13.72,0,0,5.577
102,2010,291,2100,13.74,0,0,5.396
102,2010,291,2200,13.75,0,0,5.419
102,2010,291,2300,13.77,0,0,5.441
101,2010,291,2400,13.7,0,4.798
102,2010,291,2400,13.78,0,0,5.479
102,2010,292,100,13.78,0,0,5.43
102,2010,292,200,13.79,0,0,5.424
102,2010,292,300,13.79,0,0,5.38
102,2010,292,400,13.8,0,0,5.397
102,2010,292,500,13.8,0,0,5.43
102,2010,292,600,13.8,0,0,5.369
102,2010,292,700,13.8,0,0,5.386
102,2010,292,800,13.81,0,0,5.408
102,2010,292,900,13.82,0,0,10.54
102,2010,292,1000,13.81,0,.45,155.8
102,2010,292,1100,13.79,0,.883,276.1
102,2010,292,1200,13.76,0,1,717
102,2010,292,1300,13.74,0,.766,516.9
102,2010,292,1400,13.72,0,.7,318.3
102,2010,292,1500,13.71,0,.133,71.9
102,2010,292,1600,13.71,0,.217,119
102,2010,292,1700,13.7,0,.3,141.1
102,2010,292,1800,13.71,0,0,6.001
102,2010,292,1900,13.71,0,0,5.77
102,2010,292,2000,13.72,0,0,5.61
102,2010,292,2100,13.73,0,0,5.577
102,2010,292,2200,13.74,0,0,5.561
102,2010,292,2300,13.75,0,0,5.375
101,2010,292,2400,13.7,0,4.448
102,2010,292,2400,13.76,0,0,5.419
102,2010,293,100,13.78,0,0,5.43
102,2010,293,200,13.79,0,0,5.413
102,2010,293,300,13.79,0,0,5.413
102,2010,293,400,13.8,0,0,5.38
102,2010,293,500,13.8,0,0,5.369
102,2010,293,600,13.8,0,0,5.336
102,2010,293,700,13.8,0,0,5.309
102,2010,293,800,13.81,0,0,18.05
102,2010,293,900,13.8,0,.716,374
102,2010,293,1000,13.8,0,1,503.1
102,2010,293,1100,13.79,0,1,722
102,2010,293,1200,13.77,0,.716,418.8
102,2010,293,1300,13.75,0,.383,205.3
102,2010,293,1400,13.74,0,.533,182.7
102,2010,293,1500,13.73,0,.05,532.5
102,2010,293,1600,13.72,0,.766,314.7
102,2010,293,1700,13.71,0,.117,34.02
102,2010,293,1800,13.72,0,0,7.34
102,2010,293,1900,13.73,0,0,5.732
102,2010,293,2000,13.75,0,0,5.369
102,2010,293,2100,13.77,0,0,5.375
102,2010,293,2200,13.77,0,0,5.331
102,2010,293,2300,13.78,0,0,5.303
101,2010,293,2400,13.71,0,.117
102,2010,293,2400,13.78,0,0,5.331
102,2010,294,100,13.78,0,0,5.457
102,2010,294,200,13.79,0,0,5.397
102,2010,294,300,13.79,0,0,5.375
102,2010,294,400,13.8,0,0,5.402
102,2010,294,500,13.79,0,0,5.364
102,2010,294,600,13.8,0,0,5.375
102,2010,294,700,13.81,0,0,5.584
102,2010,294,800,13.82,0,.4,171.3
102,2010,294,900,13.8,0,1,659.5
102,2010,296,1800,13.61,0,.5,472.5
102,2010,296,1900,13.64,0,.167,59.64
102,2010,296,2000,13.66,0,0,5.588
102,2010,296,2100,13.7,0,0,5.457
102,2010,296,2200,13.71,0,0,5.479
102,2010,296,2300,13.71,0,0,5.534
101,2010,296,2400,13.64,0,.167
102,2010,296,2400,13.72,0,0,5.561
102,2010,297,100,13.72,0,0,5.523
102,2010,297,200,13.74,0,0,5.501
102,2010,297,300,13.74,0,0,5.512
102,2010,297,400,13.75,0,0,5.457
102,2010,297,500,13.76,0,0,5.474
102,2010,297,600,13.76,0,0,5.468
102,2010,297,700,13.77,0,0,5.947
102,2010,297,800,13.78,0,.5,197.5
102,2010,297,900,13.77,0,1,629.3
102,2010,297,1000,13.75,0,1,778
102,2010,297,1100,13.74,0,.916,594.2
102,2010,297,1200,13.72,0,.933,668.7
102,2010,297,1300,13.7,0,.666,365.8
102,2010,297,1400,13.69,0,.25,84.8
102,2010,297,1500,13.68,0,.466,197.1
102,2010,297,1600,13.67,0,1,734
102,2010,297,1700,13.67,0,1,626.5
102,2010,297,1900,13.7,0,0,5.639
102,2010,297,2000,13.72,0,0,5.379
102,2010,297,2100,13.75,0,0,5.451
102,2010,298,800,13.76,0,0,27.75
102,2010,298,900,13.78,0,.05,59.68
102,2010,298,1000,13.79,0,.983,448.6
102,2010,298,1100,13.77,0,.95,534.9
102,2010,298,1200,13.75,0,.55,273
102,2010,298,1300,13.74,0,.267,104.7
102,2010,298,1400,13.72,0,.85,376.6
102,2010,298,1500,13.71,0,.95,508.4
102,2010,298,1600,13.7,0,.9,601.9
102,2010,298,1700,13.69,0,1,605.5
102,2010,298,1800,13.68,0,.8,306.4
102,2010,298,1900,13.69,0,0,8.16
102,2010,298,2000,13.69,0,0,5.709
102,2010,298,2200,13.72,0,0,5.448
102,2010,299,900,13.79,0,.733,547.9
102,2010,299,1000,13.83,0,1,800
102,2010,299,1100,13.8,0,1,836
102,2010,299,1200,13.77,0,1,814
102,2010,299,1300,13.75,0,.983,652.2
102,2010,299,1400,13.74,0,.933,493.7
102,2010,299,2000,13.65,0,0,5.633
102,2010,299,2100,13.73,0,0,5.572
102,2010,299,2200,13.75,0,0,5.556
102,2010,300,1100,13.73,0,.816,763
102,2010,300,1200,13.74,0,.983,804
102,2010,300,1300,13.73,0,.9,566.6
102,2010,300,1400,13.71,0,.85,455.7
102,2010,300,1500,13.68,0,.6,609.4
102,2010,300,1600,13.67,0,.916,633.5
102,2010,300,1700,13.66,0,1,664
102,2010,300,1800,13.66,0,.916,390.5
102,2010,300,1900,13.66,0,.183,51.76
102,2010,300,2000,13.71,0,0,5.605
102,2010,300,2100,13.72,0,0,5.5
102,2010,300,2200,13.74,0,0,5.456
102,2010,301,1200,13.68,0,.566,813
102,2010,301,1300,13.73,0,.75,438.6
102,2010,301,1400,13.72,0,.65,284.9
102,2010,301,1500,13.71,0,.983,473
102,2010,301,1600,13.7,0,.983,664.4
102,2010,301,2000,13.68,0,0,5.545
102,2010,301,2100,13.74,0,0,5.506
102,2010,301,2200,13.74,0,0,5.462
102,2010,301,2300,13.75,0,0,5.49
101,2010,301,2400,13.68,0,0
102,2010,301,2400,13.75,0,0,5.484
102,2010,302,100,13.77,0,0,5.474
102,2010,302,200,13.78,0,0,5.446
102,2010,302,300,13.79,0,0,5.474
102,2010,302,400,13.79,0,0,5.468
102,2010,302,500,13.78,0,0,5.468
102,2010,302,600,13.79,0,0,5.446
102,2010,302,700,13.8,0,0,5.862
102,2010,302,800,13.8,0,.45,275.7
102,2010,302,900,13.79,0,1,564.5
102,2010,302,1000,13.77,0,.933,565
102,2010,302,1100,13.75,0,.966,643.6
102,2010,302,1200,13.74,0,.566,382.1
102,2010,302,1300,13.73,0,.883,556
102,2010,302,1400,13.72,0,.267,106.7
102,2010,302,1500,13.7,0,.85,520.8
102,2010,302,1600,13.7,0,.95,655.7
102,2010,302,1700,13.68,0,1,706
102,2010,302,1800,13.68,0,1,542.4
102,2010,302,1900,13.68,0,.3,116.4
102,2010,302,2000,13.69,0,0,5.736
102,2010,302,2100,13.7,0,0,5.676
102,2010,302,2200,13.7,0,0,5.621
102,2010,302,2300,13.71,0,0,5.582
101,2010,302,2400,13.68,0,9.16
102,2010,302,2400,13.72,0,0,5.511
102,2010,303,100,13.74,0,0,5.418
102,2010,303,200,13.75,0,0,5.396
102,2010,303,300,13.76,0,0,5.424
102,2010,303,400,13.77,0,0,5.369
102,2010,303,500,13.78,0,0,5.32
102,2010,303,600,13.79,0,0,5.314
102,2010,303,700,13.79,0,0,5.369
102,2010,303,800,13.8,0,.483,209.4
102,2010,303,1000,13.77,0,.566,636.1
102,2010,303,1100,13.75,0,1,883
102,2010,303,1200,13.74,0,1,875
102,2010,303,1300,13.71,0,1,758
102,2010,303,1400,13.69,0,1,602.9
102,2010,303,1500,13.68,0,.983,625.7
102,2010,303,1600,13.67,0,.95,709
102,2010,303,1700,13.66,0,.9,576.9
102,2010,303,1800,13.66,0,.1,57.7
102,2010,303,1900,13.68,0,.183,60.29
102,2010,303,2000,13.7,0,0,5.593
102,2010,303,2100,13.7,0,0,5.582
102,2010,303,2200,13.72,0,0,5.582
102,2010,303,2300,13.73,0,0,5.538
101,2010,303,2400,13.66,56.663,7.68
102,2010,303,2400,13.73,56.663,0,5.572
102,2010,304,100,13.74,0,0,5.445
102,2010,304,200,13.75,0,0,5.347
102,2010,304,300,13.76,0,0,5.358
102,2010,304,400,13.76,0,0,5.391
102,2010,304,500,13.76,0,0,5.369
102,2010,304,600,13.77,0,0,5.342
102,2010,304,700,13.78,0,0,7.08
102,2010,304,800,13.79,0,.483,258.2
102,2010,304,900,13.8,0,.083,749
102,2010,304,1000,13.77,0,1,787
102,2010,304,1100,13.75,0,.167,818
102,2010,304,1200,13.73,0,1,859
102,2010,304,1300,13.7,0,.983,664.1
102,2010,304,1400,13.68,0,.9,489
102,2010,304,1500,13.66,0,1,621.6
102,2010,304,1600,13.66,0,.983,676.3
102,2010,304,1700,13.65,0,1,682.9
102,2010,304,1800,13.65,0,1,499.7
102,2010,304,1900,13.65,0,.05,32.82
102,2010,304,2000,13.66,0,0,5.753
102,2010,304,2100,13.68,0,0,5.599
102,2010,304,2200,13.7,0,0,5.555
102,2010,304,2300,13.71,0,0,5.549
101,2010,304,2400,13.65,0,7.08
102,2010,304,2400,13.72,0,0,5.538
102,2010,305,100,13.73,0,0,5.478
102,2010,305,200,13.74,0,0,5.44
102,2010,305,300,13.75,0,0,5.473
102,2010,305,400,13.75,0,0,5.418
102,2010,305,500,13.77,0,0,5.38
102,2010,305,600,13.77,0,0,5.32
102,2010,305,700,13.78,0,0,5.551
102,2010,305,800,13.79,0,.483,254.8
102,2010,305,900,13.77,0,1,677.7
102,2010,305,1100,13.74,0,.833,861
102,2010,305,1200,13.72,0,1,863
102,2010,305,1300,13.71,0,1,746
102,2010,305,1400,13.69,0,1,558.1
102,2010,305,1500,13.68,0,1,630.5
102,2010,305,1600,13.66,0,.966,579.3
102,2010,305,1900,13.63,0,0,5.639
102,2010,305,2000,13.68,0,0,5.566
102,2010,305,2100,13.7,0,0,5.527
102,2010,305,2200,13.71,0,0,5.555
102,2010,305,2300,13.72,0,0,5.533
101,2010,305,2400,13.63,0,0
102,2010,305,2400,13.74,0,0,5.528
102,2010,306,100,13.74,0,0,5.522
102,2010,306,200,13.74,0,0,5.517
102,2010,306,300,13.75,0,0,5.44
102,2010,306,400,13.75,0,0,5.457
102,2010,306,500,13.76,0,0,5.479
102,2010,306,600,13.77,0,0,5.43
102,2010,306,700,13.77,0,0,5.435
102,2010,306,800,13.77,0,.017,39.12
102,2010,306,900,13.77,0,.533,141
102,2010,306,1000,13.76,0,.433,140.8
102,2010,306,1100,13.75,0,.65,187.4
102,2010,307,1000,13.71,0,.633,756
102,2010,307,1100,13.73,0,1,809
102,2010,307,1200,13.72,0,1,844
102,2010,307,1300,13.7,0,.033,215.2
102,2010,307,2100,13.63,0,0,5.607
102,2010,307,2200,13.68,0,0,5.56
102,2010,307,2300,13.7,0,0,5.549
101,2010,307,2400,13.63,0,0
102,2010,307,2400,13.72,0,0,5.571
102,2010,308,100,13.72,0,0,5.505
102,2010,308,200,13.73,0,0,5.401
102,2010,308,300,13.74,0,0,5.418
102,2010,308,400,13.75,0,0,5.352
102,2010,308,500,13.77,0,0,5.347
102,2010,308,600,13.76,0,0,5.419
102,2010,308,700,13.76,0,0,5.468
102,2010,308,800,13.77,0,.417,109.8
102,2010,308,900,13.75,0,1,430.7
102,2010,308,1000,13.75,0,1,466.9
102,2010,308,1100,13.74,0,1,586.4
102,2010,308,1200,13.72,0,1,727
102,2010,308,1300,13.7,0,1,508.1
102,2010,308,1400,13.68,0,1,330.6
102,2010,308,1500,13.67,0,1,371.3
102,2010,308,1800,13.61,0,.75,466
102,2010,308,1900,13.65,0,.1,41.54
102,2010,308,2100,13.67,0,0,5.734
102,2010,308,2200,13.68,0,0,5.654
102,2010,308,2300,13.71,0,0,5.483
101,2010,308,2400,13.67,0,0
102,2010,308,2400,13.74,0,0,5.489
102,2010,309,100,13.74,0,0,5.407
102,2010,309,200,13.75,0,0,5.429
102,2010,309,300,13.76,0,0,5.457
102,2010,309,400,13.75,0,0,5.396
102,2010,309,500,13.76,0,0,5.44
102,2010,309,600,13.77,0,0,5.43
102,2010,309,700,13.76,0,0,5.628
102,2010,309,800,13.77,0,.017,34.39
102,2010,309,900,13.77,0,.983,388.6
102,2010,309,1000,13.75,0,1,654.9
102,2010,309,1100,13.74,0,1,768
102,2010,309,1200,13.72,0,1,801
102,2010,310,1600,13.58,0,.417,695.6
102,2010,310,1700,13.61,0,1,649.5
102,2010,310,1800,13.61,0,1,326.9
102,2010,310,1900,13.61,0,.1,35.99
102,2010,310,2000,13.63,0,0,5.874
102,2010,310,2100,13.64,0,0,5.764
102,2010,310,2200,13.66,0,0,5.599
102,2010,310,2300,13.67,0,0,5.61
101,2010,310,2400,13.58,0,2.516
102,2010,310,2400,13.68,0,0,5.786
102,2010,311,100,13.69,0,0,5.692
102,2010,311,200,13.7,0,0,5.505
102,2010,311,300,13.71,0,0,5.39
102,2010,311,400,13.72,0,0,5.329
102,2010,311,500,13.73,0,0,5.335
102,2010,311,600,13.75,0,0,5.308
102,2010,311,700,13.76,0,0,5.374
102,2010,311,800,13.76,0,.383,97.6
102,2010,311,900,13.75,0,.7,357.7
102,2010,311,1000,13.74,0,1,686.2
102,2010,311,1100,13.71,0,1,731
102,2010,311,1200,13.7,0,1,755
102,2010,311,1300,13.68,0,.583,580.7
102,2010,311,1400,13.66,0,1,497.5
102,2010,311,1500,13.64,0,.417,555
102,2010,311,1600,13.65,0,.75,271.4
102,2010,311,1700,13.63,0,1,491.9
102,2010,311,1900,13.64,0,0,15.04
102,2010,311,2000,13.65,0,0,5.852
102,2010,311,2100,13.67,0,0,5.714
102,2010,311,2200,13.68,0,0,5.632
102,2010,311,2300,13.68,0,0,5.599
101,2010,311,2400,13.64,0,0
102,2010,311,2400,13.69,0,0,5.621
102,2010,312,100,13.7,0,0,5.593
102,2010,312,200,13.7,0,0,5.516
102,2010,312,300,13.7,0,0,5.478
102,2010,312,400,13.72,0,0,5.472
102,2010,312,500,13.73,0,0,5.362
102,2010,312,600,13.74,0,0,5.33
102,2010,312,700,13.75,0,0,5.313
102,2010,312,800,13.75,0,0,5.517
102,2010,314,900,13.72,0,0,5.775
102,2010,314,1000,13.75,0,.167,59.54
102,2010,314,1100,13.73,0,.6,293.2
102,2010,314,1200,13.72,0,1,681
102,2010,314,1300,13.7,0,.816,539.3
102,2010,314,1400,13.68,0,.816,402.8
102,2010,314,1500,13.67,0,.816,498.4
102,2010,314,1600,13.66,0,.983,714
102,2010,314,1700,13.66,0,1,686
102,2010,314,1800,13.66,0,1,467.2
102,2010,314,1900,13.66,0,.283,102.7
102,2010,314,2000,13.67,0,0,5.692
102,2010,314,2100,13.69,0,0,5.577
102,2010,314,2200,13.7,0,0,5.56
102,2010,314,2300,13.72,0,0,5.5
101,2010,314,2400,13.66,0,7.48
102,2010,314,2400,13.74,0,0,5.357
102,2010,315,100,13.74,0,0,5.401
102,2010,315,200,13.75,0,0,5.446
102,2010,315,300,13.76,0,0,5.484
102,2010,315,400,13.76,0,0,5.473
102,2010,315,500,13.77,0,0,5.479
102,2010,315,600,13.77,0,0,5.468
102,2010,315,700,13.77,0,0,5.441
102,2010,315,800,13.77,0,.167,55.37
102,2010,315,900,13.77,0,.3,111.1
102,2010,315,1500,13.65,0,0,51.29
102,2010,315,1600,13.7,0,.766,317.2
102,2010,315,1700,13.69,0,1,611.9
102,2010,315,1800,13.68,0,1,532.6
102,2010,315,1900,13.68,0,.3,106.6
102,2010,315,2000,13.69,0,0,5.626
102,2010,315,2100,13.7,0,0,5.593
102,2010,315,2200,13.71,0,0,5.621
102,2010,315,2300,13.72,0,0,5.566
101,2010,315,2400,13.65,0,3.065
102,2010,315,2400,13.72,0,0,5.56
102,2010,316,100,13.73,0,0,5.549
102,2010,316,200,13.74,0,0,5.55
102,2010,316,300,13.75,0,0,5.55
102,2010,316,400,13.75,0,0,5.501
102,2010,316,500,13.76,0,0,5.496
102,2010,316,600,13.78,0,0,5.468
102,2010,316,700,13.79,0,0,5.463
102,2010,316,800,13.79,0,.616,167.6
102,2010,316,900,13.78,0,1,475
102,2010,316,1600,13.62,0,.5,436.5
102,2010,316,1700,13.67,0,1,419.6
102,2010,316,1800,13.67,0,.983,258.3
102,2010,316,1900,13.68,0,.017,16.18
102,2010,316,2000,13.68,0,0,5.703
102,2010,316,2200,13.28,0,0,5.599
102,2010,316,2300,13.14,0,0,5.61
101,2010,316,2400,13.06,0,0
102,2010,316,2400,13.06,0,0,5.61
102,2010,317,100,13.04,0,0,5.579
102,2010,317,200,13.02,0,0,5.583
102,2010,317,700,13.02,0,0,5.606
102,2010,317,800,13,0,0,29.11
102,2010,317,900,13.25,0,.933,326.8
102,2010,317,1000,13.5,0,1,456.1
102,2010,317,1100,13.49,0,.067,399.4
102,2010,317,1200,13.34,0,.017,782
102,2010,317,1300,13.44,0,.083,440.3
102,2010,317,1400,13.36,0,.017,109.9
102,2010,317,1500,13.29,0,.633,435.3
102,2010,317,1600,13.24,0,.933,374.1
102,2010,317,1700,13.34,0,0,5.92
102,2010,317,1800,13.33,0,0,6.419
102,2010,317,1900,13.38,0,0,5.676
102,2010,317,2000,13.35,0,0,5.615
102,2010,317,2100,13.25,0,0,5.626
102,2010,317,2200,13.27,0,0,5.61
102,2010,317,2300,13.23,0,0,5.626
101,2010,317,2400,13.11,0,0
102,2010,317,2400,13.11,0,0,5.604
102,2010,318,600,13.02,0,0,5.534
102,2010,318,700,12.98,0,0,5.689
102,2010,318,800,12.97,0,.1,60.7
102,2010,318,900,13.09,0,.833,204.2
102,2010,318,1000,13,0,1,621.9
102,2010,318,1100,13.08,0,.05,637.8
102,2010,318,1200,13.01,0,.067,405.2
102,2010,318,1300,13.42,0,.05,530.5
102,2010,318,1400,13.35,0,.516,425.3
102,2010,318,1500,13.43,0,.583,609.4
102,2010,318,1600,13.34,0,.167,488.1
102,2010,318,1700,13.4,0,0,6.47
102,2010,318,1800,13.37,0,0,6.753
102,2010,318,1900,13.38,0,0,5.637
102,2010,318,2000,13.33,0,0,5.593
102,2010,318,2100,13.24,0,0,5.604
102,2010,318,2200,13.15,0,0,5.568
102,2010,318,2300,13.08,0,0,5.594
101,2010,318,2400,13.02,0,0
102,2010,318,2400,13.02,0,0,5.588
102,2010,319,100,12.99,0,0,5.583
102,2010,319,200,12.97,0,0,5.567
102,2010,319,300,12.97,0,0,5.573
102,2010,319,400,12.97,0,0,5.573
102,2010,319,500,12.96,0,0,5.562
102,2010,319,600,12.96,0,0,5.54
102,2010,319,700,12.97,0,0,5.656
102,2010,319,800,13.08,0,.45,185.1
102,2010,319,900,13.36,0,1,660
102,2010,319,1000,13.75,0,1,797
102,2010,319,1100,13.74,0,1,854
102,2010,319,1200,13.72,0,1,851
102,2010,319,1300,13.71,0,.983,666.8
102,2010,319,1400,13.7,0,.983,551.9
102,2010,319,1500,13.68,0,.933,598.8
102,2010,319,1600,13.68,0,.783,487.5
102,2010,319,1700,13.67,0,.966,625.6
102,2010,319,1800,13.67,0,1,436.2
102,2010,319,1900,13.67,0,.167,53.07
102,2010,319,2000,13.23,0,0,5.632
102,2010,319,2100,13.12,0,0,5.576
102,2010,319,2200,13.1,0,0,5.593
102,2010,319,2300,13.07,0,0,5.588
101,2010,319,2400,13.04,0,0
102,2010,319,2400,13.04,0,0,5.483
102,2010,320,100,13.01,0,0,5.506
102,2010,320,200,13,0,0,5.528
102,2010,320,300,12.99,0,0,5.523
102,2010,320,400,12.98,0,0,5.485
102,2010,320,500,12.98,0,0,5.485
102,2010,320,600,12.98,0,0,5.507
102,2010,320,700,12.97,0,0,5.573
102,2010,320,800,13.71,0,.716,288.9
102,2010,321,1800,13.57,0,.533,362.5
102,2010,321,1900,13.61,0,0,5.945
102,2010,321,2000,13.48,0,0,5.813
102,2010,321,2100,13.26,0,0,5.659
102,2010,321,2200,13.27,0,0,5.621
102,2010,321,2300,13.27,0,0,5.604
101,2010,321,2400,13.16,0,.533
102,2010,321,2400,13.16,0,0,5.516
102,2010,322,100,13.11,0,0,5.522
102,2010,322,200,13.08,0,0,5.517
102,2010,322,300,13.04,0,0,5.5
102,2010,322,400,13.02,0,0,5.501
102,2010,322,500,13,0,0,5.49
102,2010,322,600,12.99,0,0,5.512
102,2010,322,700,13.02,0,0,5.496
102,2010,322,800,12.99,0,.45,102.5
102,2010,322,900,13.71,0,.966,240.5
102,2010,322,1100,13.73,0,.067,485.7
102,2010,322,1200,13.72,0,1,366.3
102,2010,322,1300,13.7,0,1,507
102,2010,322,1400,13.68,0,1,494.3
102,2010,322,1500,13.67,0,.95,511.4
102,2010,322,1600,13.66,0,1,692.5
102,2010,322,1700,13.66,0,1,634.7
102,2010,322,1800,13.65,0,1,399.8
102,2010,322,1900,13.35,0,0,5.813
102,2010,322,2200,13.63,0,0,5.523
102,2010,322,2300,13.68,0,0,5.522
101,2010,322,2400,13.63,0,0
102,2010,322,2400,13.7,0,0,5.522
102,2010,323,100,13.72,0,0,5.516
102,2010,323,200,13.74,0,0,5.483
102,2010,323,300,13.74,0,0,5.407
102,2010,323,400,13.75,0,0,5.418
102,2010,323,500,13.76,0,0,5.39
102,2010,323,600,13.77,0,0,5.374
102,2010,323,700,13.77,0,0,5.446
102,2010,325,1300,13.66,0,.933,672.8
102,2010,325,1400,13.65,0,.983,584
102,2010,325,1500,13.65,0,1,662.5
102,2010,325,1600,13.63,0,.483,761
102,2010,325,1700,13.65,0,1,707
102,2010,325,1800,13.65,0,1,548.1
102,2010,325,1900,13.65,0,.433,143.5
102,2010,325,2000,13.66,0,0,5.626
102,2010,325,2100,13.68,0,0,5.604
102,2010,325,2200,13.7,0,0,5.599
102,2010,325,2300,13.7,0,0,5.599
101,2010,325,2400,13.63,0,2.915
102,2010,325,2400,13.72,0,0,5.566
102,2010,326,100,13.74,0,0,5.566
102,2010,326,200,13.74,0,0,5.527
102,2010,326,300,13.76,0,0,5.511
102,2010,326,400,13.77,0,0,5.495
102,2010,326,500,13.78,0,0,5.501
102,2010,326,600,13.79,0,0,5.49
102,2010,326,700,13.8,0,0,5.612
102,2010,326,800,13.81,0,.683,213.4
102,2010,326,900,13.79,0,1,610.4
102,2010,326,1600,13.6,0,.5,718
102,2010,326,1700,13.66,0,1,675.7
102,2010,326,1800,13.66,0,1,471.3
102,2010,326,1900,13.66,0,.083,23.3
102,2010,326,2000,13.68,0,0,5.522
102,2010,326,2100,13.71,0,0,5.516
102,2010,326,2200,13.72,0,0,5.505
102,2010,326,2300,13.72,0,0,5.434
101,2010,326,2400,13.6,0,2.582
102,2010,326,2400,13.74,0,0,5.384
102,2010,327,100,13.75,0,0,5.401
102,2010,327,200,13.76,0,0,5.39
102,2010,327,300,13.77,0,0,5.368
102,2010,327,400,13.77,0,0,5.352
102,2010,327,500,13.78,0,0,5.286
102,2010,327,600,13.78,0,0,5.286
102,2010,327,700,13.79,0,0,5.441
102,2010,327,800,13.81,0,.633,187.3
102,2010,327,900,13.79,0,1,434
102,2010,327,1000,13.77,0,1,696.1
102,2010,327,1100,13.75,0,1,781
102,2010,327,1200,13.73,0,1,698.8
102,2010,327,1300,13.71,0,.716,340.3
102,2010,327,1400,13.57,0,.583,375.3
102,2010,327,1500,13.69,0,.716,342.2
102,2010,327,1600,13.68,0,.933,452.4
102,2010,327,1700,13.68,0,.367,134.7
102,2010,327,1800,13.71,0,0,5.461
102,2010,327,1900,13.74,0,0,5.483
102,2010,328,800,13.74,0,.067,96.7
102,2010,328,900,13.77,0,.916,347.8
102,2010,330,1600,13.57,0,.083,191.2
102,2010,330,1700,13.58,0,.866,567
102,2010,330,1800,13.61,0,.683,306.4
102,2010,330,1900,13.62,0,.017,24.19
102,2010,330,2000,13.36,0,0,5.703
102,2010,330,2100,13.2,0,0,5.615
102,2010,330,2200,13.15,0,0,5.604
102,2010,330,2300,13.13,0,0,5.621
101,2010,330,2400,13.1,0,1.649
102,2010,330,2400,13.1,0,0,5.615
102,2010,331,600,13.08,0,0,5.407
102,2010,331,700,13.02,0,0,5.474
102,2010,331,800,13,0,.65,243.1
102,2010,331,1200,13.13,0,.483,862
102,2010,331,1300,13.34,0,1,778
102,2010,331,1400,13.4,0,.566,681.3
102,2010,331,1500,13.33,0,.566,665.2
102,2010,331,1600,13.21,0,.916,582.1
102,2010,331,1700,13.18,0,.816,519.4
102,2010,331,1800,13.18,0,1,476.9
102,2010,331,1900,13.17,0,.433,106.9
102,2010,331,2000,13.14,0,0,5.648
102,2010,331,2100,13.08,0,0,5.632
102,2010,331,2200,13.06,0,0,5.61
102,2010,331,2300,13.07,0,0,5.604
101,2010,331,2400,13.03,0,2.249
102,2010,331,2400,13.03,0,0,5.604
102,2010,332,100,13.01,0,0,5.593
102,2010,332,200,13,0,0,5.516
102,2010,332,300,12.99,0,0,5.533
102,2010,332,400,12.99,0,0,5.495
102,2010,332,500,12.98,0,0,5.479
102,2010,332,600,12.98,0,0,5.507
102,2010,332,700,12.98,0,0,5.512
102,2010,332,800,12.98,0,.633,203
102,2010,332,900,12.97,0,1,585.2
102,2010,332,1100,12.99,0,.566,864
102,2010,332,1200,12.99,0,1,850
102,2010,332,1300,13.41,0,.133,672.2
102,2010,332,1400,13.33,0,.883,487.7
102,2010,332,1700,13.16,0,.25,563.8
102,2010,332,1800,13.39,0,.283,239.7
102,2010,332,1900,13.2,0,.083,28.29
102,2010,332,2000,13.16,0,0,5.676
102,2010,332,2100,13.11,0,0,5.632
102,2010,332,2200,13.08,0,0,5.615
102,2010,332,2300,13.13,0,0,5.61
101,2010,332,2400,13.07,0,0
102,2010,332,2400,13.07,0,0,5.578
102,2010,333,100,13.04,0,0,5.5
102,2010,333,200,13.02,0,0,5.495
102,2010,333,300,13,0,0,5.495
102,2010,333,400,12.99,0,0,5.474
102,2010,333,1800,13.59,0,.167,467.6
102,2010,333,1900,13.59,0,.4,131.1
102,2010,333,2000,13.61,0,0,5.769
102,2010,333,2100,13.64,0,0,5.604
102,2010,333,2200,13.65,0,0,5.533
102,2010,333,2300,13.68,0,0,5.483
101,2010,333,2400,13.59,0,.566
102,2010,333,2400,13.7,0,0,5.461
102,2010,334,100,13.71,0,0,5.4
102,2010,334,200,13.73,0,0,5.324
102,2010,334,300,13.73,0,0,5.285
102,2010,334,400,13.75,0,0,5.297
102,2010,334,500,13.75,0,0,5.319
102,2010,334,600,13.77,0,0,5.286
102,2010,334,700,13.76,0,0,5.286
102,2010,334,800,13.77,0,.45,126.8
102,2010,334,900,13.76,0,1,482.6
102,2010,334,1000,13.75,0,1,674.3
102,2010,334,1100,13.73,0,1,762
102,2010,334,1200,13.71,0,.9,651.4
102,2010,334,1300,13.7,0,.9,611.3
102,2010,334,1400,13.68,0,1,582.9
102,2010,334,1500,13.67,0,1,639.2
102,2010,334,1600,13.66,0,1,706
102,2010,334,1700,13.66,0,1,656
102,2010,334,1800,13.65,0,1,490.8
102,2010,334,1900,13.65,0,.433,115.5
102,2010,334,2000,13.66,0,0,5.802
102,2010,334,2100,13.67,0,0,5.659
102,2010,334,2200,13.68,0,0,5.61
102,2010,334,2300,13.68,0,0,5.577
101,2010,334,2400,13.65,0,10.68
102,2010,334,2400,13.7,0,0,5.538
102,2010,335,100,13.71,0,0,5.434
102,2010,335,200,13.72,0,0,5.378
102,2010,335,300,13.73,0,0,5.423
102,2010,335,400,13.74,0,0,5.389
102,2010,335,500,13.74,0,0,5.357
102,2010,335,600,13.75,0,0,5.291
102,2010,335,700,13.75,0,0,5.302
102,2010,335,800,13.75,0,.35,95.1
102,2010,335,900,13.75,0,1,473.1
102,2010,335,1000,13.74,0,1,688.7
102,2010,335,1100,13.72,0,1,628.9
102,2010,335,1200,13.71,0,.983,662
102,2010,335,1300,13.7,0,.483,281.4
102,2010,335,1400,13.68,0,.966,518.6
102,2010,335,1500,13.67,0,.866,483.5
102,2010,335,1600,13.66,0,.95,533
102,2010,335,1800,13.65,0,.716,340.1
102,2010,335,1900,13.65,0,0,13.2
102,2010,335,2000,13.66,0,0,5.725
102,2010,335,2100,13.68,0,0,5.637
102,2010,335,2200,13.69,0,0,5.709
102,2010,335,2300,13.7,0,0,5.56
101,2010,335,2400,13.65,0,.716
102,2010,335,2400,13.72,0,0,5.434
102,2010,336,100,13.76,0,0,5.478
102,2010,336,200,13.77,0,0,5.489
102,2010,336,300,13.77,0,0,5.462
102,2010,336,400,13.77,0,0,5.435
102,2010,336,500,13.79,0,0,5.385
102,2010,336,600,13.79,0,0,5.413
102,2010,336,700,13.79,0,0,5.402
102,2010,336,800,13.8,0,.5,145.6
102,2010,336,900,13.8,0,.916,438.3
102,2010,336,1000,13.77,0,1,646.4
102,2010,336,1100,13.75,0,.916,624.3
102,2010,336,1200,13.74,0,.633,426.1
102,2010,336,1300,13.72,0,.466,259.2
102,2010,336,1400,13.7,0,.9,441
102,2010,336,1500,13.7,0,.433,196.8
102,2010,336,1600,13.69,0,.217,84
102,2010,336,1700,13.68,0,.283,112
102,2010,336,1800,13.7,0,.367,138
102,2010,336,1900,13.7,0,.4,118.6
102,2010,336,2000,13.7,0,0,5.505
102,2010,336,2100,13.72,0,0,5.378
102,2010,336,2200,13.72,0,0,5.412
102,2010,336,2300,13.73,0,0,5.378
101,2010,336,2400,13.68,0,7.03
102,2010,336,2400,13.74,0,0,5.357
102,2010,337,100,13.75,0,0,5.33
102,2010,337,200,13.77,0,0,5.33
102,2010,337,300,13.78,0,0,5.347
102,2010,337,400,13.79,0,0,5.342
102,2010,337,500,13.8,0,0,5.38
102,2010,337,600,13.81,0,0,5.353
102,2010,337,700,13.81,0,0,5.347
102,2010,337,800,13.81,0,.566,164.6
102,2010,337,900,13.79,0,1,566.2
102,2010,337,1000,13.77,0,1,741
102,2010,337,1100,13.75,0,1,811
102,2010,337,1200,13.74,0,.966,774
102,2010,337,1300,13.72,0,.966,677.9
102,2010,337,1400,13.71,0,1,598.1
102,2010,337,1500,13.69,0,.966,620.8
102,2010,337,1600,13.68,0,1,701
102,2010,337,1700,13.67,0,1,644.8
102,2010,337,1800,13.67,0,1,479.2
102,2010,337,1900,13.67,0,.466,111.1
102,2010,337,2000,13.68,0,0,5.725
102,2010,337,2100,13.68,0,0,5.478
102,2010,337,2200,13.7,0,0,5.45
102,2010,337,2300,13.72,0,0,5.384
101,2010,337,2400,13.67,0,10.93
102,2010,337,2400,13.72,0,0,5.345
102,2010,338,100,13.74,0,0,5.334
102,2010,338,200,13.75,0,0,5.302
102,2010,338,300,13.76,0,0,5.286
102,2010,338,400,13.78,0,0,5.286
102,2010,338,500,13.79,0,0,5.286
102,2010,338,600,13.8,0,0,5.287
102,2010,338,700,13.82,0,0,5.287
102,2010,338,800,13.82,0,.566,197.6
102,2010,338,900,13.81,0,1,615.4
102,2010,338,1000,13.78,0,1,776
102,2010,338,1100,13.76,0,1,843
102,2010,338,1200,13.74,0,1,841
102,2010,338,1300,13.72,0,1,748
102,2010,338,1400,13.7,0,1,624.1
102,2010,338,1500,13.68,0,1,674
102,2010,338,1600,13.67,0,1,746
102,2010,338,1700,13.66,0,1,717
102,2010,338,1800,13.66,0,1,564.2
102,2010,338,1900,13.66,0,.483,172.5
102,2010,338,2000,13.66,0,0,5.742
102,2010,338,2100,13.68,0,0,5.533
102,2010,338,2200,13.7,0,0,5.478
102,2010,338,2300,13.7,0,0,5.384
101,2010,338,2400,13.66,0,11.05
102,2010,338,2400,13.72,0,0,5.329
102,2010,339,100,13.73,0,0,5.296
102,2010,339,200,13.75,0,0,5.291
102,2010,339,300,13.76,0,0,5.286
102,2010,339,400,13.77,0,0,5.286
102,2010,339,500,13.79,0,0,5.287
102,2010,339,600,13.81,0,0,5.287
102,2010,339,700,13.81,0,0,5.287
102,2010,339,800,13.82,0,.55,185.9
102,2010,339,900,13.81,0,1,551.5
102,2010,339,1000,13.78,0,1,737
102,2010,339,1100,13.75,0,1,794
102,2010,339,1200,13.73,0,1,779
102,2010,339,1300,13.71,0,1,691.7
102,2010,339,1400,13.68,0,1,579.8
102,2010,339,1500,13.66,0,1,640.3
102,2010,339,1600,13.66,0,1,713
102,2010,339,1700,13.65,0,1,685.3
102,2010,339,1800,13.64,0,.117,398.8
102,2010,339,1900,13.65,0,.483,152.1
102,2010,339,2000,13.66,0,0,5.731
102,2010,339,2100,13.67,0,0,5.582
102,2010,339,2200,13.68,0,0,5.494
102,2010,339,2300,13.7,0,0,5.434
101,2010,339,2400,13.64,0,.6
102,2010,339,2400,13.71,0,0,5.373
102,2010,340,100,13.72,0,0,5.34
102,2010,340,200,13.73,0,0,5.345
102,2010,340,300,13.74,0,0,5.329
102,2010,340,400,13.74,0,0,5.323
102,2010,340,500,13.74,0,0,5.351
102,2010,340,600,13.74,0,0,5.368
102,2010,340,700,13.74,0,0,5.302
102,2010,340,800,13.76,0,0,22.16
102,2010,340,900,13.77,0,0,15.74
102,2010,340,1000,13.77,0,.6,186.3
102,2010,340,1100,13.74,0,1,580.6
102,2010,340,1200,13.72,0,1,631.7
102,2010,340,1300,13.7,0,1,480.5
102,2010,340,1400,13.68,0,1,344.4
102,2010,340,1500,13.66,0,.766,304.8
102,2010,340,1600,13.66,0,.916,364.3
102,2010,340,1700,13.65,0,1,399.6
102,2010,340,1800,13.65,0,.55,175.6
102,2010,340,1900,13.65,0,.133,47.16
102,2010,340,2000,13.65,0,0,5.852
102,2010,340,2100,13.66,0,0,5.725
102,2010,340,2200,13.68,0,0,5.599
102,2010,340,2300,13.68,0,0,5.544
101,2010,340,2400,13.65,0,7.96
102,2010,340,2400,13.69,0,0,5.389
102,2010,341,100,13.69,0,0,5.356
102,2010,341,200,13.7,0,0,5.301
102,2010,341,300,13.72,0,0,5.29
102,2010,341,400,13.73,0,0,5.301
102,2010,341,500,13.74,0,0,5.285
102,2010,341,600,13.74,0,0,5.291
102,2010,341,700,13.75,0,0,5.302
102,2010,341,800,13.75,0,0,5.374
102,2010,341,900,13.76,0,0,6.806
102,2010,341,1000,13.77,0,0,14
102,2010,341,1100,13.77,0,.05,30.33
102,2010,341,1200,13.74,0,.85,374.3
102,2010,341,1300,13.72,0,.4,143.6
102,2010,341,1400,13.72,0,0,5.945
102,2010,341,1500,13.71,0,.05,20.42
102,2010,341,1600,13.7,0,.533,137.3
102,2010,341,1700,13.69,0,.167,492.1
102,2010,341,1800,13.68,0,1,325.4
102,2010,341,2000,13.21,0,0,5.644
102,2010,341,2100,13.1,0,0,5.615
102,2010,341,2200,13.09,0,0,5.593
102,2010,341,2300,13.08,0,0,5.571
101,2010,341,2400,13.02,0,0
102,2010,341,2400,13.02,0,0,5.555
102,2010,342,100,13.01,0,0,5.506
102,2010,342,200,13.01,0,0,5.517
102,2010,342,300,13.01,0,0,5.545
102,2010,342,400,13.01,0,0,5.49
102,2010,342,500,13.02,0,0,5.518
102,2010,342,600,13.02,0,0,5.518
102,2010,342,700,13.02,0,0,5.523
102,2010,342,800,13.02,0,0,5.518
102,2010,342,1400,13.67,0,.133,433.3
102,2010,342,1500,13.67,0,.133,244.6
102,2010,342,1600,13.67,0,.5,235.8
102,2010,342,1700,13.66,0,.367,351.7
102,2010,342,1800,13.66,0,.317,106.9
102,2010,342,1900,13.66,0,0,15.01
102,2010,342,2000,13.68,0,0,5.753
102,2010,342,2100,13.7,0,0,5.588
102,2010,342,2200,13.72,0,0,5.615
102,2010,342,2300,13.73,0,0,5.582
101,2010,342,2400,13.66,0,.683
102,2010,342,2400,13.74,0,0,5.428
102,2010,343,100,13.75,0,0,5.39
102,2010,343,200,13.75,0,0,5.396
102,2010,343,300,13.76,0,0,5.429
102,2010,343,400,13.76,0,0,5.407
102,2010,343,500,13.77,0,0,5.429
102,2010,343,600,13.78,0,0,5.419
102,2010,343,700,13.79,0,0,5.441
102,2010,343,800,13.8,0,0,13.32
102,2010,343,1400,13.66,0,.217,147.2
102,2010,343,1500,13.71,0,.533,220.3
102,2010,343,1600,13.71,26.631,0,6.931
102,2010,343,1700,13.72,0,0,9.11
102,2010,343,1800,13.73,9.8861,0,5.946
102,2010,343,1900,13.74,0,0,5.836
102,2010,343,2000,13.77,0,0,5.379
102,2010,343,2100,13.76,0,0,5.308
102,2010,343,2200,13.77,0,0,5.286
102,2010,343,2300,13.78,0,0,5.308
101,2010,343,2400,13.66,36.517,.75
102,2010,343,2400,13.79,0,0,5.303
102,2010,344,100,13.79,0,0,5.303
102,2010,344,200,13.8,0,0,5.331
102,2010,344,300,13.79,0,0,5.292
102,2010,344,400,13.8,0,0,5.303
102,2010,344,500,13.81,0,0,5.309
102,2010,344,600,13.81,0,0,5.309
102,2010,344,700,13.81,0,0,5.287
102,2010,344,800,13.82,0,0,11.38
102,2010,344,900,13.81,0,.05,38.06
102,2010,344,1000,13.8,0,1,496.1
102,2010,347,900,13.73,0,.466,325.5
102,2010,347,1000,13.73,0,.983,460.4
102,2010,347,1100,13.72,0,.816,456.8
102,2010,347,1200,13.71,0,.233,515.5
102,2010,347,1300,13.7,0,.983,457.2
102,2010,347,1400,13.69,0,.683,176
102,2010,347,1500,13.68,0,.983,337.4
102,2010,347,1600,13.67,0,1,435
102,2010,347,1700,13.67,0,1,319.3
102,2010,347,1800,13.66,0,.983,336.6
102,2010,347,1900,13.66,0,0,15.9
102,2010,347,2000,13.67,0,0,5.764
102,2010,347,2100,13.68,0,0,5.599
102,2010,347,2200,13.7,0,0,5.566
102,2010,347,2300,13.71,0,0,5.571
101,2010,347,2400,13.66,0,5.864
102,2010,347,2400,13.72,0,0,5.527
102,2010,348,100,13.74,0,0,5.517
102,2010,348,200,13.75,0,0,5.495
102,2010,348,300,13.77,0,0,5.451
102,2010,348,400,13.77,0,0,5.375
102,2010,348,500,13.79,0,0,5.331
102,2010,348,600,13.82,0,0,5.292
102,2010,348,700,13.82,0,0,5.287
102,2010,348,800,13.84,0,.466,205.6
102,2010,348,900,13.83,0,1,644.9
102,2010,348,1000,13.8,0,1,801
102,2010,348,1100,13.78,0,1,852
102,2010,348,1200,13.75,0,1,860
102,2010,348,1300,13.72,0,1,784
102,2010,348,1400,13.7,0,1,649.8
102,2010,348,1600,13.65,0,.433,557.9
102,2010,348,1700,13.68,0,.583,309.3
102,2010,348,1800,13.68,0,.55,283.4
102,2010,348,1900,13.31,0,0,5.751
102,2010,348,2000,13.65,0,0,5.615
102,2010,348,2100,13.72,0,0,5.61
102,2010,348,2200,13.38,0,0,5.6
102,2010,348,2300,13.32,0,0,5.571
101,2010,348,2400,13.23,0,0
102,2010,348,2400,13.23,0,0,5.544
102,2010,349,100,13.12,0,0,5.578
102,2010,349,200,13.07,0,0,5.539
102,2010,349,300,13.06,0,0,5.551
102,2010,349,400,13.05,0,0,5.556
102,2010,349,500,13.05,0,0,5.556
102,2010,349,600,13.04,0,0,5.534
102,2010,349,700,13.04,0,0,5.518
102,2010,349,800,13.05,0,.45,190.7
102,2010,349,900,13.75,0,.75,672.2
102,2010,349,1000,13.75,0,1,804
102,2010,349,1100,13.74,0,1,858
102,2010,349,1300,13.7,0,.85,754
102,2010,349,1400,13.67,0,1,635.7
102,2010,349,1600,13.63,0,.8,609.5
102,2010,349,1700,13.66,0,.966,564.2
102,2010,349,1800,13.67,0,.05,335
102,2010,349,1900,13.66,0,.417,104.5
102,2010,349,2000,13.68,0,0,5.633
102,2010,349,2100,13.7,0,0,5.599
102,2010,349,2200,13.71,0,0,5.582
102,2010,349,2300,13.29,0,0,5.568
101,2010,349,2400,13.15,0,0
102,2010,349,2400,13.15,0,0,5.511
102,2010,350,100,13.08,0,0,5.495
102,2010,350,200,13.06,0,0,5.484
102,2010,350,300,13.05,0,0,5.473
102,2010,350,400,13.02,0,0,5.479
102,2010,350,500,13.02,0,0,5.468
102,2010,350,600,13,0,0,5.457
102,2010,350,700,13,0,0,5.435
102,2010,350,800,13,0,.45,143.7
102,2010,350,900,13.73,0,.6,630.4
102,2010,350,1000,13.76,0,1,755
102,2010,350,1100,13.77,0,1,826
102,2010,350,1200,13.74,0,1,827
102,2010,350,1300,13.73,0,1,751
102,2010,350,1400,13.7,0,.217,653.5
102,2010,350,1500,13.68,0,1,682.9
102,2010,350,1600,13.66,0,.7,403.9
102,2010,350,1700,13.66,0,1,634.8
102,2010,350,1800,13.65,0,.833,336.4
102,2010,350,1900,13.66,0,.55,131
102,2010,350,2000,13.66,0,0,5.835
102,2010,350,2100,13.68,0,0,5.709
102,2010,350,2200,13.68,0,0,5.643
102,2010,350,2300,13.7,0,0,5.582
101,2010,350,2400,13.65,0,4.298
102,2010,350,2400,13.71,0,0,5.489
102,2010,351,100,13.72,0,0,5.389
102,2010,351,200,13.74,0,0,5.329
102,2010,351,300,13.75,0,0,5.291
102,2010,351,400,13.77,0,0,5.286
102,2010,351,500,13.77,0,0,5.286
102,2010,351,600,13.79,0,0,5.286
102,2010,351,700,13.79,0,0,5.287
102,2010,351,800,13.81,0,.433,152.4
102,2010,351,900,13.8,0,1,582.2
102,2010,351,1000,13.77,0,1,769
102,2010,351,1100,13.74,0,1,827
102,2010,351,1200,13.72,0,1,835
102,2010,351,1300,13.7,0,1,759
102,2010,351,1400,13.68,0,1,629.7
102,2010,351,1500,13.65,0,.05,705
102,2010,351,1600,13.65,0,1,703
102,2010,351,1700,13.64,0,1,666
102,2010,351,1800,13.64,0,1,524.3
102,2010,351,1900,13.64,0,.55,148.7
102,2010,351,2000,13.44,0,0,5.907
102,2010,351,2100,13.39,0,0,5.654
102,2010,351,2200,13.39,0,0,5.615
102,2010,351,2300,13.71,0,0,5.577
101,2010,351,2400,13.39,0,3.599
102,2010,351,2400,13.72,0,0,5.527
102,2010,352,100,13.74,0,0,5.555
102,2010,352,200,13.75,0,0,5.527
102,2010,352,300,13.76,0,0,5.533
102,2010,352,400,13.78,0,0,5.451
102,2010,352,500,13.79,0,0,5.49
102,2010,352,600,13.81,0,0,5.49
102,2010,352,700,13.82,0,0,5.485
102,2010,352,2000,13.42,0,0,5.674
102,2010,352,2100,13.38,0,0,5.626
102,2010,352,2200,13.59,0,0,5.621
102,2010,352,2300,13.59,0,0,5.588
101,2010,352,2400,13.38,0,0
102,2010,352,2400,13.68,0,0,5.588
102,2010,353,100,13.74,0,0,5.549
102,2010,353,200,13.75,0,0,5.56
102,2010,353,300,13.77,0,0,5.55
102,2010,353,400,13.78,0,0,5.512
102,2010,353,500,13.79,0,0,5.55
102,2010,353,600,13.81,0,0,5.523
102,2010,353,2000,13.48,0,0,5.656
102,2010,353,2100,13.42,0,0,5.621
102,2010,353,2200,13.47,0,0,5.599
102,2010,353,2300,13.65,0,0,5.593
101,2010,353,2400,13.42,0,0
102,2010,353,2400,13.72,0,0,5.56
102,2010,354,100,13.74,0,0,5.505
102,2010,354,200,13.76,0,0,5.511
102,2010,354,300,13.76,0,0,5.522
102,2010,354,400,13.77,0,0,5.5
102,2010,354,500,13.8,0,0,5.44
102,2010,354,600,13.82,0,0,5.435
102,2010,354,700,13.82,0,0,5.468
102,2010,354,800,13.82,0,.283,69.75
102,2010,355,1800,13.61,0,.183,82
102,2010,355,1900,13.63,0,.183,57.91
102,2010,355,2000,13.65,0,0,5.692
102,2010,355,2100,13.66,0,0,5.544
102,2010,355,2200,13.69,0,0,5.389
102,2010,355,2300,13.71,0,0,5.312
101,2010,355,2400,13.61,0,.367
102,2010,355,2400,13.72,0,0,5.373
102,2010,356,100,13.74,0,0,5.285
102,2010,356,200,13.75,0,0,5.286
102,2010,356,300,13.75,0,0,5.291
102,2010,356,400,13.77,0,0,5.286
102,2010,356,500,13.79,0,0,5.287
102,2010,356,600,13.8,0,0,5.287
102,2010,356,700,13.8,0,0,5.287
102,2010,356,800,13.81,0,0,5.292
102,2010,356,900,13.81,0,0,5.639
102,2010,356,1000,13.78,0,.916,408.4
102,2010,356,1100,13.75,0,.883,559.2
102,2010,356,1200,13.74,0,1,542.6
102,2010,356,1300,13.72,0,.983,489.2
102,2010,356,1400,13.7,0,.8,298.1
102,2010,356,1500,13.69,0,.1,38.63
102,2010,356,1600,13.7,0,0,5.945
102,2010,356,1700,13.71,0,0,5.945
102,2010,356,1800,13.71,0,0,5.945
102,2010,356,1900,13.71,0,0,5.809
102,2010,356,2000,13.72,0,0,5.654
102,2010,356,2100,13.73,0,0,5.472
102,2010,356,2200,13.74,0,0,5.34
102,2010,356,2300,13.75,0,0,5.285
101,2010,356,2400,13.71,0,0
102,2010,356,2400,13.76,0,0,5.286
102,2010,357,100,13.77,0,0,5.286
102,2010,357,200,13.78,0,0,5.286
102,2010,357,300,13.79,0,0,5.287
102,2010,357,400,13.81,0,0,5.287
102,2010,357,500,13.81,0,0,5.287
102,2010,357,600,13.82,0,0,5.287
102,2010,357,700,13.83,0,0,5.287
102,2010,357,800,13.85,0,.233,55.63
102,2010,357,900,13.84,0,1,369
102,2010,357,1000,13.8,0,1,563.7
102,2010,357,1100,13.78,0,1,647.1
102,2010,357,1200,13.75,0,1,667.1
102,2010,357,1300,13.73,0,.8,448.4
102,2010,357,1400,13.72,0,.5,182.3
102,2010,357,1500,13.7,0,.783,389.8
102,2010,357,1600,13.68,0,.916,513.6
102,2010,357,1700,13.67,0,.833,454.9
102,2010,357,1800,13.66,0,.716,285.3
102,2010,357,1900,13.67,0,0,18.05
102,2010,357,2000,13.68,0,0,5.78
102,2010,357,2100,13.69,0,0,5.709
102,2010,357,2200,13.7,0,0,5.533
102,2010,357,2300,13.72,0,0,5.4
101,2010,357,2400,13.66,0,8.78
102,2010,357,2400,13.73,0,0,5.356
102,2010,358,100,13.74,0,0,5.323
102,2010,358,200,13.75,0,0,5.329
102,2010,358,300,13.75,0,0,5.341
102,2010,358,400,13.77,0,0,5.297
102,2010,358,500,13.8,0,0,5.292
102,2010,358,600,13.81,0,0,5.347
102,2010,358,700,13.81,0,0,5.375
102,2010,358,800,13.81,0,.183,51.95
102,2010,358,900,13.8,0,.95,249.9
102,2010,358,1000,13.79,0,1,514.3
102,2010,358,1100,13.76,0,1,605.2
102,2010,358,1200,13.74,0,1,613.1
102,2010,358,1300,13.72,0,.85,437.5
102,2010,358,1400,13.7,0,.85,293.9
102,2010,358,1500,13.68,0,.816,338.5
102,2010,358,1600,13.67,0,.9,509.6
102,2010,358,1700,13.66,0,1,496.1
102,2010,358,1800,13.66,0,1,334.6
102,2010,358,1900,13.66,0,.5,105.7
102,2010,358,2000,13.66,0,0,5.797
102,2010,358,2100,13.68,0,0,5.659
102,2010,358,2200,13.69,0,0,5.5
102,2010,358,2300,13.7,0,0,5.478
101,2010,358,2400,13.66,0,10.05
102,2010,358,2400,13.72,0,0,5.45
102,2010,359,100,13.72,0,0,5.456
102,2010,359,200,13.73,0,0,5.461
102,2010,359,300,13.74,0,0,5.472
102,2010,359,400,13.74,0,0,5.516
102,2010,359,500,13.75,0,0,5.439
102,2010,359,600,13.76,0,0,5.357
102,2010,359,700,13.77,0,0,5.396
102,2010,359,800,13.78,0,.017,35
102,2010,359,900,13.77,0,1,268.3
102,2010,359,1000,13.75,0,1,488
102,2010,359,1100,13.73,0,.916,597.3
102,2010,359,1200,13.72,0,.783,435.3
102,2010,359,1300,13.7,0,.466,200.7
102,2010,359,1400,13.68,0,.716,265.3
102,2010,359,1500,13.68,0,.15,45.39
102,2010,359,1600,13.68,0,0,6.837
102,2010,359,1700,13.72,0,0,17.62
102,2010,359,1800,13.73,0,0,5.94
102,2010,359,1900,13.74,0,0,5.715
102,2010,359,2000,13.74,0,0,5.516
102,2010,359,2100,13.74,0,0,5.593
102,2010,359,2200,13.74,0,0,5.544
102,2010,359,2300,13.75,0,0,5.544
101,2010,359,2400,13.68,0,3.032
102,2010,359,2400,13.77,0,0,5.55
102,2010,360,100,13.77,0,0,5.528
102,2010,360,200,13.77,0,0,5.506
102,2010,360,300,13.78,0,0,5.529
102,2010,360,400,13.78,0,0,5.501
102,2010,360,500,13.79,0,0,5.485
102,2010,360,600,13.79,0,0,5.474
102,2010,360,700,13.79,0,0,5.479
102,2010,360,800,13.8,0,.3,70.2
102,2010,360,900,13.8,0,1,421.6
102,2010,360,1000,13.77,0,.983,585.6
102,2010,360,1100,13.76,0,1,728
102,2010,360,1200,13.74,0,1,753
102,2010,360,1300,13.72,0,.783,524.5
102,2010,360,1400,13.7,0,.616,303.1
102,2010,360,1500,13.69,0,.833,512.6
102,2010,360,1600,13.66,0,.95,609.3
102,2010,360,1700,13.66,0,.733,462.9
102,2010,360,1800,13.66,0,.933,460.9
102,2010,360,1900,13.65,0,.283,93.7
102,2010,360,2000,13.67,0,0,5.808
102,2010,360,2100,13.68,0,0,5.659
102,2010,360,2200,13.7,0,0,5.445
102,2010,360,2300,13.7,0,0,5.472
101,2010,360,2400,13.65,0,9.41
102,2010,360,2400,13.72,0,0,5.461
102,2010,361,100,13.73,0,0,5.478
102,2010,361,200,13.74,0,0,5.445
102,2010,361,300,13.75,0,0,5.396
102,2010,361,400,13.75,0,0,5.341
102,2010,361,500,13.76,0,0,5.385
102,2010,361,600,13.76,0,0,5.346
102,2010,361,700,13.77,0,0,5.347
102,2010,361,800,13.78,0,.15,55.49
102,2010,361,900,13.77,0,.966,450.2
102,2010,361,1000,13.75,0,.9,316.6
102,2010,361,1100,13.74,0,1,512.8
102,2010,361,1200,13.72,0,1,620
102,2010,361,1300,13.7,0,.95,625.7
102,2010,361,1400,13.68,0,.833,434.1
102,2010,361,1500,13.66,0,.95,568.4
102,2010,361,1600,13.65,0,.95,583.2
102,2010,361,1700,13.64,0,.966,604.7
102,2010,361,1800,13.64,0,.5,223.5
102,2010,361,1900,13.66,0,0,7.02
102,2010,361,2000,13.66,0,0,5.654
102,2010,361,2100,13.68,0,0,5.571
102,2010,361,2200,13.7,0,0,5.588
102,2010,361,2300,13.7,0,0,5.549
101,2010,361,2400,13.64,0,9.16
102,2010,361,2400,13.72,0,0,5.483
102,2010,362,100,13.72,0,0,5.406
102,2010,362,200,13.73,0,0,5.345
102,2010,362,300,13.73,0,0,5.34
102,2010,362,400,13.74,0,0,5.291
102,2010,362,500,13.75,0,0,5.319
102,2010,362,600,13.75,0,0,5.346
102,2010,362,700,13.77,0,0,5.374
102,2010,362,800,13.77,0,0,11.74
102,2010,362,1600,13.61,0,.033,36.57
102,2010,362,1700,12.83,0,0,13.68
102,2010,362,1800,1.807,0,0,-6999
102,2010,362,1900,1.801,0,0,-6999
102,2010,362,2000,13.72,0,0,5.384
102,2010,362,2100,13.74,0,0,5.285
102,2010,362,2200,13.75,0,0,5.286
101,2010,362,2400,13.77,0,0
102,2010,362,2400,13.77,0,0,5.297
102,2010,363,100,13.77,0,0,5.286
102,2010,363,200,13.77,0,0,5.286
102,2010,363,300,13.78,0,0,5.286
102,2010,363,400,13.79,0,0,5.287
102,2010,363,500,13.79,0,0,5.287
102,2010,363,600,13.79,0,0,5.336
102,2010,363,700,13.8,0,0,5.43
102,2010,363,800,13.8,0,0,8.63
102,2010,363,900,13.8,0,0,20.08
102,2010,363,1000,13.79,0,.117,83.7
102,2010,363,1100,13.77,0,.883,521
102,2010,363,1200,13.75,0,.616,319.8
102,2010,363,1300,13.74,0,.15,99.3
102,2010,363,1400,13.74,0,.033,17.67
102,2010,363,1500,13.75,0,0,6.553
102,2010,363,1600,13.76,0,0,5.947
102,2010,363,1700,13.75,0,.65,419.9
102,2010,363,1800,13.74,0,.983,558.3
102,2010,363,1900,13.74,0,.117,45.57
102,2010,363,2000,13.39,0,0,5.6
102,2010,363,2100,13.3,0,0,5.583
102,2010,363,2200,13.18,0,0,5.572
102,2010,363,2300,13.17,0,0,5.539
101,2010,363,2400,13.17,0,0
102,2010,363,2400,13.25,0,0,5.534
102,2010,364,100,13.12,0,0,5.496
102,2010,364,200,13.03,0,0,5.507
102,2010,364,300,13.01,0,0,5.512
102,2010,364,400,13,0,0,5.545
102,2010,364,500,12.99,0,0,5.463
102,2010,364,600,12.99,0,0,5.474
102,2010,364,700,12.98,0,0,5.479
102,2010,364,800,12.98,0,.317,90.6
102,2010,364,900,13.05,0,1,529
102,2010,364,1000,13.76,0,1,709
102,2010,364,1900,13.62,0,.1,43.98
102,2010,364,2000,13.67,0,0,5.758
102,2010,364,2100,13.69,0,0,5.434
102,2010,364,2200,13.71,0,0,5.296
102,2010,364,2300,13.72,0,0,5.291
101,2010,364,2400,13.62,0,.1
102,2010,364,2400,13.74,0,0,5.319
102,2010,365,100,13.75,0,0,5.473
102,2010,365,200,13.75,0,0,5.478
102,2010,365,300,13.76,0,0,5.478
102,2010,365,400,13.76,0,0,5.528
102,2010,365,500,13.77,0,0,5.484
102,2010,365,600,13.77,0,0,5.512
102,2010,365,700,13.78,0,0,5.463
102,2010,365,800,13.79,0,.183,51.51
102,2010,365,900,13.79,0,.85,305.1
102,2010,365,1000,13.78,0,1,604.6
102,2010,365,1100,13.77,0,.916,663.3
102,2010,365,1200,13.75,0,.85,595.3
102,2010,365,1300,13.74,0,.783,517.2
102,2010,365,1400,13.71,0,.966,538.7
102,2010,365,1500,13.68,0,.983,638.5
102,2010,365,1600,13.67,0,1,708
102,2010,365,1700,13.66,0,1,665.7
102,2010,365,1800,13.66,0,1,559.5
102,2010,365,1900,13.66,0,.666,200.2
102,2010,365,2000,13.67,0,0,5.857
102,2010,365,2100,13.68,0,0,5.648
102,2010,365,2200,13.68,0,0,5.571
102,2010,365,2300,13.69,0,0,5.544
101,2010,365,2400,13.66,0,10.2
102,2010,365,2400,13.7,0,0,5.676
102,2011,1,100,13.7,0,0,5.577
102,2011,1,200,13.72,0,0,5.45
102,2011,1,300,13.72,0,0,5.301
102,2011,1,400,13.74,0,0,5.302
102,2011,1,500,13.75,0,0,5.285
102,2011,1,600,13.76,0,0,5.286
102,2011,1,700,13.77,0,0,5.286
102,2011,1,800,13.77,0,.1,42.47
102,2011,1,900,13.78,0,1,353.2
102,2011,1,1000,13.78,0,1,453.1
102,2011,1,1100,13.75,0,1,507.1
102,2011,1,1200,13.73,0,1,593.8
102,2011,1,1300,13.71,0,1,672
102,2011,1,1400,13.68,0,.8,425.5
102,2011,1,1500,13.66,0,.833,490.3
102,2011,1,1600,13.66,0,.516,315
102,2011,1,1700,13.65,0,.516,276.4
102,2011,1,1800,13.65,0,.5,162.5
102,2011,1,1900,13.65,0,.533,126.9
102,2011,1,2000,13.66,0,0,5.857
102,2011,1,2100,13.66,0,0,5.626
102,2011,1,2200,13.68,0,0,5.494
102,2011,1,2300,13.7,0,0,5.389
101,2011,1,2400,13.65,0,8.8
102,2011,1,2400,13.72,0,0,5.378
102,2011,2,100,13.72,0,0,5.296
102,2011,2,200,13.75,0,0,5.285
102,2011,2,300,13.76,0,0,5.286
102,2011,2,400,13.77,0,0,5.286
102,2011,2,500,13.77,0,0,5.286
102,2011,2,600,13.77,0,0,5.287
102,2011,2,700,13.79,0,0,5.287
102,2011,2,800,13.8,0,.283,71.5
102,2011,2,900,13.79,0,1,494.7
102,2011,2,1000,13.77,0,1,727
102,2011,2,1100,13.75,0,1,827
102,2011,2,1200,13.72,0,1,848
102,2011,2,1300,13.7,0,1,785
102,2011,2,1400,13.68,0,1,664.8
102,2011,2,1600,13.65,0,.966,760
102,2011,2,1700,13.65,0,1,730
102,2011,2,1800,13.65,0,1,530.1
102,2011,2,1900,13.64,0,.55,150.9
102,2011,2,2000,13.65,0,0,5.753
102,2011,2,2100,13.66,0,0,5.626
102,2011,2,2200,13.68,0,0,5.61
102,2011,2,2300,13.69,0,0,5.577
101,2011,2,2400,13.64,0,3.515
102,2011,2,2400,13.7,0,0,5.549
102,2011,3,100,13.72,0,0,5.533
102,2011,3,200,13.73,0,0,5.549
102,2011,3,300,13.76,0,0,5.511
102,2011,3,400,13.77,0,0,5.479
102,2011,3,500,13.78,0,0,5.468
102,2011,3,600,13.81,0,0,5.452
102,2011,3,700,13.82,0,0,5.468
102,2011,3,800,13.83,0,.3,102.1
102,2011,3,900,13.81,0,1,567.9
102,2011,3,1000,13.75,0,.15,813
102,2011,3,1100,13.75,0,1,849
102,2011,3,1200,13.72,0,1,858
102,2011,3,1300,13.69,0,1,801
102,2011,3,1500,13.66,0,.716,689.4
102,2011,3,1600,13.65,0,1,759
102,2011,3,1700,13.63,0,1,746
102,2011,3,1800,13.63,0,1,580.2
102,2011,3,1900,13.63,0,.55,194.1
102,2011,3,2000,13.64,0,0,5.901
102,2011,3,2100,13.65,0,0,5.687
102,2011,3,2200,13.67,0,0,5.577
102,2011,3,2300,13.68,0,0,5.489
101,2011,3,2400,13.63,0,4.265
102,2011,3,2400,13.7,0,0,5.367
102,2011,4,100,13.72,0,0,5.285
102,2011,4,200,13.74,0,0,5.301
102,2011,4,300,13.75,0,0,5.285
102,2011,4,400,13.77,0,0,5.286
102,2011,4,500,13.77,0,0,5.286
102,2011,4,600,13.79,0,0,5.286
102,2011,4,700,13.8,0,0,5.287
102,2011,4,800,13.82,0,.3,104
102,2011,4,900,13.8,0,1,566.6
102,2011,4,1000,13.77,0,1,781
102,2011,4,1100,13.75,0,1,854
102,2011,5,1300,13.61,0,.1,627.6
102,2011,5,1400,13.63,0,.916,576.2
102,2011,6,900,13.73,0,.25,489.4
102,2011,6,1000,13.73,0,.916,412
102,2011,6,1100,13.71,0,.933,594.1
102,2011,6,1200,13.69,0,1,735
102,2011,6,1300,13.66,0,1,682.1
102,2011,6,1400,13.65,0,.267,569.7
102,2011,6,1500,13.63,0,.9,505
102,2011,6,1600,13.61,0,.9,526.7
102,2011,6,1700,13.61,0,.683,419.7
102,2011,6,1800,13.61,0,1,425.5
102,2011,6,2100,13.61,0,0,5.9
102,2011,6,2200,13.65,0,0,5.566
102,2011,6,2300,13.66,0,0,5.538
101,2011,6,2400,13.61,0,0
102,2011,6,2400,13.68,0,0,5.522
102,2011,7,100,13.69,0,0,5.406
102,2011,7,200,13.7,0,0,5.367
102,2011,7,300,13.72,0,0,5.285
102,2011,7,400,13.73,0,0,5.285
102,2011,7,500,13.74,0,0,5.286
102,2011,7,600,13.74,0,0,5.291
102,2011,7,700,13.75,0,0,5.341
102,2011,7,800,13.76,0,0,24.4
102,2011,7,900,13.77,0,.883,242.3
102,2011,7,1000,13.77,0,1,539.5
102,2011,7,1100,13.75,0,1,688.4
102,2011,7,1200,13.72,0,1,720
102,2011,7,1300,13.7,0,1,670.5
102,2011,7,1400,13.67,0,1,509
102,2011,7,1500,13.65,0,1,540.7
102,2011,7,1600,13.64,0,.783,414.8
102,2011,7,1700,13.63,0,.95,481.4
102,2011,7,1800,13.63,0,1,341.9
102,2011,7,1900,13.63,0,.367,92.6
102,2011,7,2000,13.26,0,0,5.731
102,2011,7,2100,13.2,0,0,5.637
102,2011,7,2200,13.13,0,0,5.626
102,2011,7,2300,13.14,0,0,5.593
101,2011,7,2400,13.1,0,9.98
102,2011,7,2400,13.1,0,0,5.604
102,2011,8,100,13.04,0,0,5.588
102,2011,8,200,13.03,0,0,5.571
102,2011,8,300,13.01,0,0,5.571
102,2011,8,400,12.99,0,0,5.533
102,2011,8,500,12.98,0,0,5.528
102,2011,8,600,12.97,0,0,5.529
102,2011,8,700,12.98,0,0,5.556
102,2011,8,800,12.98,0,.067,140
102,2011,8,1800,13.57,0,.733,232.1
102,2011,8,1900,13.61,0,.333,87.4
102,2011,8,2000,13.62,0,0,5.841
102,2011,8,2100,13.63,0,0,5.538
102,2011,8,2200,13.66,0,0,5.384
102,2011,8,2300,13.68,0,0,5.34
101,2011,8,2400,13.57,0,1.066
102,2011,8,2400,13.7,0,0,5.373
102,2011,9,100,13.7,0,0,5.334
102,2011,9,200,13.72,0,0,5.368
102,2011,9,300,13.72,0,0,5.34
102,2011,9,400,13.74,0,0,5.285
102,2011,9,500,13.75,0,0,5.286
102,2011,9,600,13.77,0,0,5.286
102,2011,9,700,13.78,0,0,5.287
102,2011,9,800,13.8,0,0,13.13
102,2011,9,900,13.82,0,.167,285.8
102,2011,9,1000,13.79,0,1,470.3
102,2011,9,1100,13.78,0,1,455
102,2011,9,1200,13.76,0,1,473.3
102,2011,9,1300,13.74,0,1,493.9
102,2011,9,1400,13.71,0,.933,315.6
102,2011,9,1500,13.7,0,.666,170.1
102,2011,9,1600,13.68,0,.9,218.2
102,2011,9,1900,13.66,0,.15,45.88
102,2011,9,2000,13.68,0,0,5.714
102,2011,9,2100,13.69,0,0,5.478
102,2011,9,2200,13.7,0,0,5.373
102,2011,9,2300,13.71,0,0,5.34
101,2011,9,2400,13.66,0,.15
102,2011,9,2400,13.72,0,0,5.329
102,2011,10,100,13.73,0,0,5.312
102,2011,10,200,13.75,0,0,5.286
102,2011,10,300,13.77,0,0,5.292
102,2011,10,400,13.78,0,0,5.286
102,2011,10,500,13.79,0,0,5.287
102,2011,10,600,13.8,0,0,5.287
102,2011,10,700,13.8,0,0,5.287
102,2011,10,800,13.8,0,.033,31.33
102,2011,10,900,13.8,0,1,333.9
102,2011,10,1000,13.8,0,1,594.4
102,2011,10,1100,13.78,0,1,698.3
102,2011,10,1200,13.76,0,1,722
102,2011,10,1300,13.73,0,1,677.6
102,2011,10,1400,13.72,0,1,545
102,2011,10,1500,13.7,0,.983,557.2
102,2011,10,1600,13.67,0,1,643.9
102,2011,10,1700,13.66,0,1,650.6
102,2011,10,1800,13.65,0,1,459.2
102,2011,10,1900,13.65,0,.716,182.3
102,2011,10,2000,13.66,0,0,6.017
102,2011,10,2300,13.65,0,0,5.326
101,2011,10,2400,13.65,0,0
102,2011,10,2400,13.68,0,0,5.351
102,2011,11,100,13.72,0,0,5.318
102,2011,11,200,13.74,0,0,5.291
102,2011,11,300,13.76,0,0,5.286
102,2011,11,400,13.77,0,0,5.286
102,2011,11,500,13.78,0,0,5.286
102,2011,11,600,13.78,0,0,5.286
102,2011,11,700,13.79,0,0,5.287
102,2011,11,800,13.81,0,.15,43.14
102,2011,11,900,13.8,0,1,366.6
102,2011,11,1000,13.8,0,1,627.3
102,2011,11,1100,13.78,0,1,727
102,2011,11,1200,13.75,0,1,732
102,2011,11,1300,13.72,0,1,671.8
102,2011,11,1400,13.7,0,1,514.8
102,2011,11,1500,13.67,0,1,580.7
102,2011,11,1600,13.65,0,1,644.2
102,2011,11,1700,13.65,0,1,646.7
102,2011,11,1800,13.64,0,1,480.8
102,2011,11,1900,13.64,0,.633,160.9
102,2011,11,2000,13.65,0,0,5.918
102,2011,11,2100,13.66,0,0,5.769
102,2011,11,2200,13.68,0,0,5.703
102,2011,11,2300,13.68,0,0,5.472
101,2011,11,2400,13.64,0,10.78
102,2011,11,2400,13.69,0,0,5.4
102,2011,12,100,13.71,0,0,5.329
102,2011,12,200,13.72,0,0,5.29
102,2011,12,300,13.74,0,0,5.29
102,2011,12,400,13.75,0,0,5.286
102,2011,12,500,13.78,0,0,5.286
102,2011,12,600,13.79,0,0,5.287
102,2011,12,700,13.79,0,0,5.287
102,2011,12,800,13.8,0,.25,52.71
102,2011,12,900,13.8,0,1,411.2
102,2011,12,1000,13.79,0,.233,656.3
102,2011,12,1100,13.77,0,1,713
102,2011,12,1200,13.74,0,1,753
102,2011,12,1300,13.71,0,1,689.2
102,2011,12,1400,13.68,0,.866,418.2
102,2011,12,1500,13.66,0,.716,357.6
102,2011,12,1700,13.64,0,0,94.3
102,2011,12,1800,13.65,0,.733,177
102,2011,12,1900,13.66,0,0,46.24
102,2011,12,2000,13.66,0,0,5.808
102,2011,12,2100,13.68,0,0,5.681
102,2011,12,2200,13.68,0,0,5.527
102,2011,12,2300,13.69,0,0,5.45
101,2011,12,2400,13.64,0,.733
102,2011,12,2400,13.7,0,0,5.345
102,2011,13,100,13.72,0,0,5.389
102,2011,13,200,13.73,0,0,5.323
102,2011,13,300,13.75,0,0,5.291
102,2011,13,400,13.75,0,0,5.291
102,2011,13,500,13.77,0,0,5.286
102,2011,13,600,13.77,0,0,5.286
102,2011,13,700,13.79,0,0,5.287
102,2011,13,800,13.8,0,0,9.89
102,2011,13,900,13.8,0,.283,74.4
102,2011,13,1000,13.77,0,1,345.1
102,2011,13,1100,13.75,0,.8,460.4
102,2011,13,1200,13.73,0,.9,562.1
102,2011,13,1300,13.7,0,.983,506.9
102,2011,13,1400,13.68,0,.75,244.4
102,2011,13,1500,13.67,0,.683,236.1
102,2011,13,1600,13.66,0,.95,443
102,2011,13,1700,13.65,0,.766,318.1
102,2011,13,1800,13.65,0,.933,289.2
102,2011,13,1900,13.65,0,.333,75.7
102,2011,13,2000,13.65,0,0,5.945
102,2011,13,2100,13.66,0,0,5.923
102,2011,13,2200,13.66,0,0,5.879
102,2011,13,2300,13.67,0,0,5.83
101,2011,13,2400,13.65,0,6.298
102,2011,13,2400,13.67,0,0,5.72
102,2011,14,100,13.69,0,0,5.709
102,2011,14,200,13.7,0,0,5.643
102,2011,14,300,13.7,0,0,5.527
102,2011,14,400,13.71,0,0,5.45
102,2011,14,500,13.73,0,0,5.467
102,2011,14,600,13.74,0,0,5.367
102,2011,14,700,13.74,0,0,5.456
102,2011,14,800,13.76,0,.117,41.79
102,2011,14,900,13.75,0,1,314.9
102,2011,14,1000,13.74,0,1,371.8
102,2011,14,1100,13.72,0,1,473.1
102,2011,14,1200,13.7,0,.35,167.9
102,2011,14,1300,13.68,0,.683,338.8
102,2011,14,1400,13.67,0,.333,142.8
102,2011,14,1500,13.66,0,0,8.11
102,2011,14,1600,13.66,0,0,7.19
102,2011,14,1700,13.67,0,.65,166.4
102,2011,14,1800,13.66,0,0,22.7
102,2011,14,1900,13.67,0,0,5.94
102,2011,14,2000,13.68,0,0,5.775
102,2011,14,2100,13.68,0,0,5.538
102,2011,14,2200,13.7,0,0,5.4
102,2011,14,2300,13.72,0,0,5.406
101,2011,14,2400,13.66,0,5.131
102,2011,14,2400,13.73,0,0,5.373
102,2011,15,100,13.75,0,0,5.362
102,2011,15,200,13.76,0,0,5.33
102,2011,15,300,13.77,0,0,5.346
102,2011,15,400,13.77,0,0,5.319
102,2011,15,500,13.79,0,0,5.358
102,2011,15,600,13.79,0,0,5.435
102,2011,15,1200,13.68,0,.25,370.2
102,2011,15,1300,13.72,0,.8,501.9
102,2011,15,1400,13.7,0,.566,281.3
102,2011,15,1500,13.69,0,.4,224.6
102,2011,15,1600,13.67,0,.433,247.3
102,2011,15,1700,13.67,0,.25,122.3
102,2011,15,1800,13.67,0,.217,113.5
102,2011,17,900,13.78,0,.067,389.2
102,2011,17,1000,13.79,0,1,506.1
102,2011,17,1100,13.8,0,1,641.5
102,2011,17,1200,13.78,0,1,646.5
102,2011,17,1300,13.75,0,.333,532.6
102,2011,17,1400,13.74,0,1,434.2
102,2011,17,1500,13.71,0,.466,514.5
102,2011,17,1600,13.71,0,1,536.7
102,2011,17,1700,13.68,0,.683,456.7
102,2011,17,1800,13.68,0,1,305.5
102,2011,17,1900,13.68,0,.25,65.64
102,2011,17,2000,13.69,0,0,5.544
102,2011,17,2100,13.7,0,0,5.312
102,2011,17,2200,13.72,0,0,5.296
102,2011,17,2300,13.73,0,0,5.291
101,2011,17,2400,13.68,0,1.933
102,2011,17,2400,13.73,0,0,5.296
102,2011,18,100,13.75,0,0,5.33
102,2011,18,200,13.77,0,0,5.292
102,2011,18,300,13.79,0,0,5.287
102,2011,18,400,13.8,0,0,5.287
102,2011,18,500,13.8,0,0,5.287
102,2011,18,600,13.83,0,0,5.287
102,2011,18,700,13.83,0,0,5.287
102,2011,18,800,13.85,0,0,6.922
102,2011,18,900,13.84,0,.6,216.4
102,2011,18,1000,13.84,0,.067,673.3
102,2011,18,1100,13.8,0,1,691.2
102,2011,18,1200,13.77,0,1,699.1
102,2011,18,1300,13.73,0,1,645.2
102,2011,18,1400,13.71,0,1,499.1
102,2011,18,1500,13.68,0,1,529.5
102,2011,18,1600,13.67,0,.883,289.1
102,2011,18,1700,13.67,0,.317,146.4
102,2011,18,1800,13.67,0,.05,79.9
102,2011,18,1900,13.66,0,0,12.36
102,2011,18,2000,13.66,0,0,5.868
102,2011,18,2100,13.68,0,0,5.764
102,2011,18,2200,13.69,0,0,5.769
102,2011,18,2300,13.7,0,0,5.626
101,2011,18,2400,13.66,0,.05
102,2011,18,2400,13.71,0,0,5.456
102,2011,19,100,13.72,0,0,5.334
102,2011,19,200,13.74,0,0,5.307
102,2011,19,300,13.73,0,0,5.291
102,2011,19,400,13.75,0,0,5.291
102,2011,19,500,13.77,0,0,5.286
102,2011,19,600,13.78,0,0,5.303
102,2011,19,700,13.79,0,0,5.298
102,2011,19,800,13.79,0,0,5.347
102,2011,19,900,13.8,0,0,9.62
102,2011,19,1000,13.8,0,.417,118
102,2011,19,1100,13.79,0,.6,143.4
102,2011,19,1200,13.77,0,.45,135.2
102,2011,19,1300,13.75,0,.5,123.4
102,2011,19,1400,13.74,0,.033,14.58
102,2011,19,1500,13.71,0,.2,59.23
102,2011,19,1600,13.69,0,.883,211
102,2011,19,1700,13.68,0,.367,104.4
102,2011,19,1800,13.68,0,0,24.6
102,2011,19,1900,13.68,0,.017,19.82
102,2011,19,2000,13.68,0,0,5.687
102,2011,19,2100,13.7,0,0,5.483
102,2011,19,2200,13.71,0,0,5.312
102,2011,19,2300,13.73,0,0,5.29
101,2011,19,2400,13.68,0,3.465
102,2011,19,2400,13.74,0,0,5.286
102,2011,20,100,13.76,0,0,5.286
102,2011,20,200,13.77,0,0,5.286
102,2011,20,300,13.78,0,0,5.286
102,2011,20,400,13.79,0,0,5.287
102,2011,20,500,13.79,0,0,5.287
102,2011,20,600,13.79,0,0,5.286
102,2011,20,700,13.79,0,0,5.287
102,2011,20,800,13.8,0,0,9.88
102,2011,20,900,13.8,0,0,39.75
102,2011,20,1000,13.82,0,.983,363.3
102,2011,20,1100,13.8,0,1,426.7
102,2011,20,1200,13.77,0,.916,334.9
102,2011,20,1300,13.75,0,1,255.5
102,2011,20,1400,13.72,0,.5,118.2
102,2011,20,1500,13.71,0,.95,312.1
102,2011,20,1600,13.69,0,.9,299.8
102,2011,20,1700,13.68,0,.783,220
102,2011,20,1800,13.68,0,.2,67.17
102,2011,20,1900,13.69,0,0,12.8
102,2011,20,2000,13.7,0,0,5.643
102,2011,20,2100,13.71,0,0,5.412
102,2011,20,2200,13.72,0,0,5.334
102,2011,20,2300,13.73,0,0,5.307
101,2011,20,2400,13.69,0,0
102,2011,20,2400,13.74,0,0,5.291
102,2011,21,100,13.76,0,0,5.286
102,2011,21,200,13.77,0,0,5.286
102,2011,21,300,13.79,0,0,5.286
102,2011,21,400,13.8,0,0,5.287
102,2011,21,500,13.8,0,0,5.287
102,2011,21,600,13.82,0,0,5.287
102,2011,21,700,13.83,0,0,5.287
102,2011,21,800,13.85,0,.233,58.84
102,2011,21,900,13.85,0,1,453.9
102,2011,21,1000,13.82,0,1,685.3
102,2011,21,1100,13.79,0,1,766
102,2011,21,1200,13.75,0,1,778
102,2011,21,1300,13.72,0,1,724
102,2011,21,1400,13.7,0,.983,483.1
102,2011,21,1500,13.68,0,.916,475.3
102,2011,21,1600,13.65,0,.8,494.1
102,2011,21,1700,13.65,0,.7,470.6
102,2011,21,1800,13.64,0,.95,562.9
102,2011,21,1900,13.65,0,.833,303.9
102,2011,21,2000,13.65,0,0,9.69
102,2011,21,2100,13.66,0,0,5.731
102,2011,21,2200,13.68,0,0,5.544
102,2011,21,2300,13.7,0,0,5.494
101,2011,21,2400,13.64,0,10.41
102,2011,21,2400,13.7,0,0,5.483
102,2011,22,100,13.72,0,0,5.351
102,2011,22,200,13.73,0,0,5.323
102,2011,22,300,13.74,0,0,5.307
102,2011,22,400,13.75,0,0,5.286
102,2011,22,500,13.77,0,0,5.286
102,2011,22,600,13.78,0,0,5.286
102,2011,22,700,13.79,0,0,5.286
102,2011,22,800,13.8,0,.25,73.3
102,2011,22,900,13.79,0,1,528.3
102,2011,22,1000,13.77,0,1,758
102,2011,22,1100,13.75,0,1,793
102,2011,22,1200,13.72,0,1,779
102,2011,22,1300,13.68,0,1,561.5
102,2011,22,1400,13.66,0,1,462.2
102,2011,22,1500,13.64,0,.95,547.6
102,2011,22,1600,13.63,0,.766,380.9
102,2011,22,1700,13.63,0,.466,246.1
102,2011,22,1800,13.62,0,.55,170
102,2011,22,1900,13.63,0,.367,92.2
102,2011,22,2000,13.63,0,0,5.94
102,2011,22,2100,13.65,0,0,5.786
102,2011,22,2200,13.66,0,0,5.67
102,2011,22,2300,13.67,0,0,5.56
101,2011,22,2400,13.62,0,9.35
102,2011,22,2400,13.68,0,0,5.467
102,2011,23,100,13.7,0,0,5.345
102,2011,23,200,13.71,0,0,5.351
102,2011,23,300,13.73,0,0,5.285
102,2011,23,400,13.74,0,0,5.285
102,2011,23,500,13.75,0,0,5.307
102,2011,23,600,13.75,0,0,5.319
102,2011,23,700,13.77,0,0,5.302
102,2011,23,800,13.78,0,0,12.05
102,2011,23,900,13.78,0,.483,250.5
102,2011,23,1000,13.75,0,1,591.5
102,2011,23,1100,13.73,0,1,696.1
102,2011,23,1200,13.7,0,1,771
102,2011,23,1300,13.66,0,1,699.7
102,2011,23,1400,13.65,0,1,515
102,2011,23,1500,13.63,0,.966,514.4
102,2011,23,1600,13.61,0,1,563.1
102,2011,23,1800,13.57,0,.2,357.2
102,2011,23,1900,13.61,0,.533,120.5
102,2011,23,2000,13.61,0,0,8.02
102,2011,23,2100,13.64,0,0,5.797
102,2011,23,2200,13.65,0,0,5.758
102,2011,23,2300,13.66,0,0,5.621
101,2011,23,2400,13.57,0,.733
102,2011,23,2400,13.67,0,0,5.445
102,2011,24,100,13.68,0,0,5.367
102,2011,24,200,13.7,0,0,5.296
102,2011,24,300,13.7,0,0,5.301
102,2011,24,400,13.73,0,0,5.323
102,2011,24,500,13.74,0,0,5.29
102,2011,24,600,13.75,0,0,5.313
102,2011,24,700,13.75,0,0,5.307
102,2011,24,800,13.77,0,.25,86.9
102,2011,24,900,13.75,0,1,560.6
102,2011,24,1000,13.73,0,1,773
102,2011,24,1100,13.7,0,1,827
102,2011,24,1200,13.68,0,1,819
102,2011,24,1300,13.66,0,.983,736
102,2011,24,1400,13.63,0,1,582.5
102,2011,24,1500,13.61,0,.933,575.6
102,2011,24,1600,13.6,0,.933,621.4
102,2011,24,1700,13.59,0,.866,597.7
102,2011,24,1800,13.59,0,.916,558.2
102,2011,24,1900,13.59,0,.65,200.6
102,2011,24,2000,13.6,0,0,6.474
102,2011,24,2100,13.63,0,0,5.923
102,2011,24,2200,13.64,0,0,5.89
102,2011,24,2300,13.66,0,0,5.901
101,2011,24,2400,13.59,0,10.53
102,2011,24,2400,13.67,0,0,5.67
102,2011,25,100,13.68,0,0,5.406
102,2011,25,200,13.7,0,0,5.334
102,2011,25,300,13.71,0,0,5.329
102,2011,25,400,13.72,0,0,5.312
102,2011,25,500,13.73,0,0,5.29
102,2011,25,600,13.75,0,0,5.296
102,2011,25,700,13.76,0,0,5.285
102,2011,25,800,13.77,0,.233,61.47
102,2011,25,900,13.77,0,1,480.8
102,2011,25,1000,13.74,0,1,722
102,2011,25,1100,13.72,0,1,796
102,2011,25,1200,13.69,0,1,806
102,2011,25,1300,13.68,0,1,755
102,2011,25,1400,13.65,0,1,579.5
102,2011,25,1500,13.63,0,.983,578.5
102,2011,25,1600,13.57,0,.2,536.4
102,2011,25,1700,13.61,0,.7,465.4
102,2011,25,1800,13.61,0,1,605.6
102,2011,25,1900,13.61,0,.417,227.8
102,2011,25,2000,13.61,0,0,10.09
102,2011,25,2100,13.63,0,0,5.835
102,2011,25,2200,13.65,0,0,5.901
102,2011,25,2300,13.66,0,0,5.819
101,2011,25,2400,13.61,0,.417
102,2011,25,2400,13.66,0,0,5.643
102,2011,26,100,13.68,0,0,5.4
102,2011,26,200,13.7,0,0,5.389
102,2011,26,300,13.72,0,0,5.389
102,2011,26,400,13.72,0,0,5.301
102,2011,26,500,13.73,0,0,5.285
102,2011,26,600,13.75,0,0,5.285
102,2011,26,700,13.77,0,0,5.286
102,2011,26,800,13.79,0,.233,67.67
102,2011,26,900,13.78,0,1,478.8
102,2011,26,1000,13.75,0,1,718
102,2011,26,1100,13.72,0,1,801
102,2011,26,1200,13.69,0,1,798
102,2011,26,1300,13.66,0,1,728
102,2011,26,1400,13.63,0,1,550.3
102,2011,26,1500,13.61,0,1,590.6
102,2011,26,1600,13.59,0,.183,645
102,2011,26,1700,13.59,0,1,648.4
102,2011,26,1800,13.59,0,.983,500.9
102,2011,26,1900,13.59,0,.833,251.4
102,2011,26,2000,13.61,0,0,8.27
102,2011,26,2100,13.63,0,0,5.901
102,2011,26,2200,13.64,0,0,5.824
102,2011,26,2300,13.65,0,0,5.676
101,2011,26,2400,13.59,0,2.999
102,2011,26,2400,13.69,0,0,5.571
102,2011,27,100,13.69,0,0,5.478
102,2011,27,200,13.7,0,0,5.384
102,2011,27,300,13.71,0,0,5.329
102,2011,27,400,13.74,0,0,5.334
102,2011,27,500,13.75,0,0,5.29
102,2011,27,600,13.75,0,0,5.285
102,2011,27,700,13.76,0,0,5.285
102,2011,27,800,13.76,0,.25,80
102,2011,27,900,13.77,0,1,554.4
102,2011,27,1000,13.75,0,1,775
102,2011,27,1100,13.72,0,1,815
102,2011,27,1200,13.69,0,1,860
102,2011,27,1300,13.66,0,1,844
102,2011,27,1500,13.59,0,.433,708
102,2011,27,1600,13.61,0,.883,744
102,2011,27,1700,13.6,0,1,757
102,2011,27,1800,13.59,0,1,627.3
102,2011,27,1900,13.6,0,.85,347.8
102,2011,27,2000,13.61,0,0,7.33
102,2011,27,2100,13.63,0,0,5.819
102,2011,27,2200,13.65,0,0,5.731
102,2011,27,2300,13.67,0,0,5.626
101,2011,27,2400,13.59,0,3.732
102,2011,27,2400,13.69,0,0,5.478
102,2011,28,100,13.7,0,0,5.351
102,2011,28,200,13.71,0,0,5.307
102,2011,28,300,13.71,0,0,5.29
102,2011,28,400,13.72,0,0,5.285
102,2011,28,500,13.74,0,0,5.285
102,2011,28,600,13.75,0,0,5.307
102,2011,28,700,13.76,0,0,5.286
102,2011,28,800,13.78,0,.25,92.1
102,2011,28,900,13.78,0,1,601.9
102,2011,28,1000,13.74,0,1,794
102,2011,28,1100,13.72,0,1,875
102,2011,28,1200,13.68,0,1,915
102,2011,28,1300,13.65,0,1,864
102,2011,28,1400,13.63,0,1,679.5
102,2011,28,1500,13.61,0,1,696.2
102,2011,28,1700,13.59,0,.933,783
102,2011,28,1800,13.59,0,.933,585.6
102,2011,28,1900,13.57,0,.75,312.9
102,2011,28,2000,13.59,0,0,7.15
102,2011,28,2100,13.61,0,0,5.874
102,2011,29,1500,13.54,0,.2,630.5
102,2011,29,1800,13.54,0,.7,436.5
102,2011,29,1900,13.56,0,.733,267.9
102,2011,29,2000,13.57,0,0,9.27
102,2011,29,2100,13.58,0,0,5.907
102,2011,29,2200,13.61,0,0,5.841
102,2011,29,2300,13.63,0,0,5.747
101,2011,29,2400,13.54,0,1.433
102,2011,29,2400,13.65,0,0,5.67
102,2011,30,100,13.68,0,0,5.742
102,2011,30,200,13.68,0,0,5.467
102,2011,30,300,13.68,0,0,5.362
102,2011,30,400,13.7,0,0,5.329
102,2011,30,500,13.71,0,0,5.307
102,2011,30,600,13.72,0,0,5.29
102,2011,30,700,13.74,0,0,5.285
102,2011,30,800,13.75,0,.233,67.85
102,2011,30,900,13.75,0,.716,274.8
102,2011,30,1000,13.72,0,1,690.5
102,2011,30,1100,13.7,0,1,569.8
102,2011,30,1400,13.6,0,.85,584.8
102,2011,30,1500,13.59,0,.033,666.9
102,2011,30,1800,13.59,0,.466,273.1
102,2011,30,1900,13.59,0,.45,137.5
102,2011,30,2000,13.6,0,0,7.69
102,2011,30,2100,13.61,0,0,5.945
102,2011,30,2200,13.62,0,0,5.945
102,2011,30,2300,13.63,0,0,5.934
101,2011,30,2400,13.59,0,.916
102,2011,30,2400,13.63,0,0,5.94
102,2011,31,100,13.63,0,0,5.852
102,2011,31,200,13.65,0,0,5.67
102,2011,31,300,13.66,0,0,5.406
102,2011,31,400,13.68,0,0,5.395
102,2011,31,500,13.7,0,0,5.417
102,2011,31,600,13.7,0,0,5.356
102,2011,31,700,13.72,0,0,5.312
102,2011,31,800,13.74,0,0,5.356
102,2011,31,900,13.74,0,0,10.69
102,2011,31,1000,13.73,0,0,6.083
102,2011,31,1100,13.72,0,0,5.968
102,2011,31,1200,13.69,0,0,5.945
102,2011,31,1300,13.65,0,.283,625.6
102,2011,31,1500,13.65,0,.25,155
102,2011,31,1600,13.63,0,1,636.2
102,2011,31,1700,13.59,0,.1,206.9
102,2011,31,1800,13.61,0,.883,494
102,2011,31,1900,13.61,0,.616,211.2
102,2011,31,2000,13.62,0,0,9.64
102,2011,31,2100,13.63,0,0,5.912
102,2011,31,2200,13.64,0,0,5.852
102,2011,31,2300,13.64,0,0,5.863
101,2011,31,2400,13.59,0,1.599
102,2011,31,2400,13.65,0,0,5.885
102,2011,32,100,13.65,0,0,5.879
102,2011,32,200,13.66,0,0,5.813
102,2011,32,300,13.67,0,0,5.527
102,2011,32,400,13.7,0,0,5.461
102,2011,32,500,13.71,0,0,5.445
102,2011,32,600,13.72,0,0,5.423
102,2011,32,700,13.73,0,0,5.356
102,2011,32,800,13.74,0,.067,24.97
102,2011,32,900,13.75,0,1,381.4
102,2011,32,1900,13.42,0,0,5.643
102,2011,32,2000,13.26,0,0,5.582
102,2011,32,2100,13.14,0,0,5.593
102,2011,32,2200,13.09,0,0,5.566
102,2011,32,2300,13.25,0,0,5.566
101,2011,32,2400,13.09,0,0
102,2011,32,2400,13.11,0,0,5.555
102,2011,33,100,13.02,0,0,5.577
102,2011,33,200,12.98,0,0,5.567
102,2011,33,300,12.97,0,0,5.523
102,2011,33,400,12.97,0,0,5.501
102,2011,33,500,12.96,0,0,5.523
102,2011,33,600,12.96,0,0,5.496
102,2011,33,700,12.97,0,0,5.507
102,2011,33,800,12.98,0,0,9.19
102,2011,33,900,12.98,0,.866,355.1
102,2011,33,1000,13.74,0,1,660.2
102,2011,33,1100,13.75,0,.167,813
102,2011,33,1200,13.73,0,1,795
102,2011,33,1300,13.71,0,.633,574.3
102,2011,33,1400,13.69,0,.65,322.2
102,2011,33,1500,13.67,0,.75,393.5
102,2011,33,1600,13.66,0,.333,185.5
102,2011,33,1700,13.68,0,0,18.3
102,2011,33,1800,13.68,0,.883,398.6
102,2011,33,1900,13.68,0,.8,261.2
102,2011,33,2000,13.68,0,0,6.419
102,2011,33,2100,13.69,0,0,5.604
102,2011,33,2200,13.7,0,0,5.494
102,2011,33,2300,13.72,0,0,5.483
101,2011,33,2400,13.66,0,4.048
102,2011,33,2400,13.74,0,0,5.494
102,2011,34,100,13.73,0,0,5.489
102,2011,34,200,13.73,0,0,5.461
102,2011,34,300,13.75,0,0,5.368
102,2011,34,400,13.76,0,0,5.396
102,2011,34,500,13.77,0,0,5.401
102,2011,34,600,13.78,0,0,5.456
102,2011,34,700,13.77,0,0,5.429
102,2011,34,800,13.78,0,.15,44
102,2011,34,900,13.78,0,1,393.6
102,2011,34,1000,13.77,0,1,656.1
102,2011,34,1100,13.75,0,1,778
102,2011,34,1200,13.73,0,.6,475.6
102,2011,34,1300,13.72,0,.317,258.5
102,2011,34,1400,13.7,0,.533,303
102,2011,34,1500,13.69,0,.916,552.1
102,2011,34,1600,13.68,0,.766,253.1
102,2011,34,1700,13.66,0,.683,275.1
102,2011,34,1800,13.66,0,1,616
102,2011,34,1900,13.66,0,.233,100.3
102,2011,34,2000,13.67,0,0,5.687
102,2011,34,2100,13.7,0,0,5.582
102,2011,34,2200,13.7,0,0,5.588
102,2011,34,2300,13.7,0,0,5.489
101,2011,34,2400,13.66,0,4.448
102,2011,34,2400,13.71,0,0,5.483
102,2011,35,100,13.72,0,0,5.489
102,2011,35,200,13.74,0,0,5.472
102,2011,35,300,13.75,0,0,5.478
102,2011,35,400,13.77,0,0,5.495
102,2011,35,500,13.78,0,0,5.456
102,2011,35,600,13.8,0,0,5.44
102,2011,35,700,13.8,0,0,5.479
102,2011,35,800,13.8,0,0,15.24
102,2011,35,900,13.8,0,.533,162.7
102,2011,35,1000,13.78,0,1,465
102,2011,35,1100,13.75,0,.9,534.9
102,2011,35,1200,13.73,0,.883,646.7
102,2011,35,1300,13.72,0,.4,261.2
102,2011,35,1400,13.7,0,.65,274.4
102,2011,35,1500,13.68,0,.566,323.1
102,2011,35,1600,13.66,0,.616,437.9
102,2011,35,1700,13.65,0,.8,530.1
102,2011,35,1800,13.65,0,1,509.1
102,2011,35,1900,13.65,0,.5,194.4
102,2011,35,2000,13.65,0,0,6.457
102,2011,35,2100,13.67,0,0,5.654
102,2011,35,2200,13.68,0,0,5.593
102,2011,35,2300,13.7,0,0,5.599
101,2011,35,2400,13.65,0,7.85
102,2011,35,2400,13.7,0,0,5.423
102,2011,36,100,13.72,0,0,5.312
102,2011,36,200,13.73,0,0,5.312
102,2011,36,300,13.75,0,0,5.296
102,2011,36,400,13.77,0,0,5.291
102,2011,36,500,13.77,0,0,5.286
102,2011,36,600,13.78,0,0,5.297
102,2011,36,700,13.79,0,0,5.33
102,2011,36,800,13.79,0,.217,62.45
102,2011,36,900,13.78,0,1,539.1
102,2011,36,1000,13.77,0,1,772
102,2011,36,1100,13.75,0,1,872
102,2011,36,1200,13.72,0,1,891
102,2011,36,1300,13.69,0,1,842
102,2011,36,1400,13.66,0,1,658.8
102,2011,36,1500,13.65,0,1,682.5
102,2011,36,1700,13.61,0,.35,578.6
102,2011,36,1800,13.63,0,.8,507
102,2011,36,1900,13.63,0,.75,298.2
102,2011,36,2000,13.64,0,0,8.55
102,2011,36,2100,13.65,0,0,5.819
102,2011,36,2200,13.67,0,0,5.648
102,2011,36,2300,13.68,0,0,5.615
101,2011,36,2400,13.61,0,1.899
102,2011,36,2400,13.71,0,0,5.522
102,2011,37,100,13.72,0,0,5.406
102,2011,37,200,13.74,0,0,5.318
102,2011,37,300,13.76,0,0,5.285
102,2011,37,400,13.77,0,0,5.297
102,2011,37,500,13.77,0,0,5.286
102,2011,37,600,13.77,0,0,5.324
102,2011,37,700,13.77,0,0,5.396
102,2011,37,800,13.79,0,.217,66.19
102,2011,37,900,13.78,0,1,573.9
102,2011,37,1000,13.77,0,1,812
102,2011,37,1100,13.73,0,1,900
102,2011,37,1200,13.7,0,1,916
102,2011,37,1300,13.66,0,1,870
102,2011,37,1400,13.63,0,1,673.5
102,2011,37,1500,13.61,0,1,691.9
102,2011,37,1600,13.6,0,1,752
102,2011,37,1700,13.59,0,1,805
102,2011,37,2000,13.58,0,0,5.945
102,2011,37,2100,13.62,0,0,5.808
102,2011,37,2200,13.69,0,0,5.615
102,2011,38,1100,13.66,0,.183,930
102,2011,38,1200,13.68,0,1,937
102,2011,38,1300,13.66,0,1,890
102,2011,38,1400,13.64,0,1,697.3
102,2011,38,1500,13.63,0,1,713
102,2011,38,2000,13.57,0,0,5.945
102,2011,38,2100,13.57,0,0,5.797
102,2011,38,2200,13.65,0,0,5.687
102,2011,39,900,13.74,0,.283,636
102,2011,39,1000,13.77,0,1,757
102,2011,39,1100,13.74,0,1,852
102,2011,39,1200,13.71,0,1,851
102,2011,39,1300,13.67,0,1,794
102,2011,39,1400,13.63,0,.766,568.1
102,2011,39,1500,13.61,0,1,637.5
102,2011,39,1600,13.59,0,1,696.8
102,2011,39,1900,13.58,0,.117,99.6
102,2011,39,2000,13.6,0,0,6.771
102,2011,39,2100,13.62,0,0,5.78
102,2011,39,2200,13.64,0,0,5.632
102,2011,39,2300,13.65,0,0,5.527
101,2011,39,2400,13.58,0,.117
102,2011,39,2400,13.68,0,0,5.373
102,2011,40,100,13.7,0,0,5.296
102,2011,40,200,13.71,0,0,5.296
102,2011,40,300,13.72,0,0,5.285
102,2011,40,400,13.73,0,0,5.285
102,2011,40,500,13.74,0,0,5.301
102,2011,40,600,13.75,0,0,5.378
102,2011,40,700,13.75,0,0,5.395
102,2011,40,900,13.74,0,.2,405.3
102,2011,40,1000,13.75,0,1,553.4
102,2011,40,1100,13.74,0,.583,734
102,2011,40,1200,13.72,0,1,759
102,2011,40,1300,13.68,0,.933,636.9
102,2011,40,1400,13.66,0,.95,452.9
102,2011,40,1500,13.64,0,.666,503.3
102,2011,40,1600,13.62,0,1,613.7
102,2011,40,1700,13.61,0,.866,501.7
102,2011,40,1800,13.61,0,.9,308
102,2011,40,1900,13.61,0,.483,105.6
102,2011,40,2000,13.62,0,0,6.496
102,2011,40,2100,13.63,0,0,5.863
102,2011,40,2200,13.65,0,0,5.736
102,2011,40,2300,13.66,0,0,5.813
101,2011,40,2400,13.61,0,3.915
102,2011,40,2400,13.66,0,0,5.731
102,2011,41,100,13.67,0,0,5.632
102,2011,41,200,13.68,0,0,5.533
102,2011,41,300,13.68,0,0,5.467
102,2011,41,400,13.7,0,0,5.373
102,2011,41,500,13.71,0,0,5.395
102,2011,41,600,13.72,0,0,5.406
102,2011,41,700,13.73,0,0,5.406
102,2011,41,800,13.74,0,.017,28.4
102,2011,41,900,13.74,0,.95,392.4
102,2011,41,1000,13.75,0,.117,703
102,2011,41,1100,13.72,0,1,737
102,2011,41,1200,13.7,0,.783,558.2
102,2011,41,1300,13.68,0,.85,492.3
102,2011,41,1500,13.65,0,.6,398.6
102,2011,41,1600,13.63,0,.85,448.9
102,2011,41,1700,13.61,0,.716,434.2
102,2011,41,1800,13.61,0,.666,280.8
102,2011,41,2000,13.59,0,0,5.938
102,2011,41,2100,13.62,0,0,5.923
102,2011,41,2200,13.64,0,0,5.874
102,2011,41,2300,13.65,0,0,5.769
101,2011,41,2400,13.62,0,0
102,2011,41,2400,13.65,0,0,5.83
102,2011,42,100,13.66,0,0,5.857
102,2011,42,200,13.67,0,0,5.764
102,2011,42,300,13.68,0,0,5.588
102,2011,42,400,13.68,0,0,5.329
102,2011,42,500,13.72,0,0,5.29
102,2011,42,600,13.73,0,0,5.285
102,2011,42,700,13.73,0,0,5.285
102,2011,42,800,13.77,0,0,21.11
102,2011,42,900,13.78,0,.933,324.8
102,2011,42,1000,13.75,0,1,618.6
102,2011,42,1100,13.73,0,.167,765
102,2011,42,1200,13.7,0,1,775
102,2011,42,1300,13.67,0,1,725
102,2011,42,1400,13.65,0,1,542.3
102,2011,42,1500,13.63,0,1,585.8
102,2011,42,1600,13.61,0,.966,635.8
102,2011,42,1700,13.6,0,.95,630.4
102,2011,42,1800,13.57,0,.583,420.5
102,2011,42,1900,13.59,0,.4,112.4
102,2011,42,2000,13.59,0,0,5.945
102,2011,42,2100,13.61,0,0,5.907
102,2011,42,2200,13.63,0,0,5.78
102,2011,42,2300,13.64,0,0,5.692
101,2011,42,2400,13.57,0,.983
102,2011,42,2400,13.65,0,0,5.582
102,2011,43,100,13.66,0,0,5.544
102,2011,43,200,13.66,0,0,5.483
102,2011,43,300,13.67,0,0,5.29
102,2011,43,400,13.68,0,0,5.334
102,2011,43,500,13.7,0,0,5.285
102,2011,43,600,13.71,0,0,5.285
102,2011,43,700,13.73,0,0,5.285
102,2011,43,800,13.73,0,0,17.77
102,2011,43,900,13.73,0,.916,307.6
102,2011,43,1000,13.73,0,1,612.9
102,2011,43,1100,13.7,0,1,735
102,2011,43,1200,13.69,0,1,762
102,2011,43,1300,13.66,0,1,716
102,2011,43,1400,13.65,0,1,523.7
102,2011,43,1500,13.63,0,1,570.8
102,2011,43,1600,13.61,0,1,621.2
102,2011,43,1700,13.61,0,1,630.5
102,2011,43,1800,13.61,0,1,473.3
102,2011,43,1900,13.61,0,.716,195.5
102,2011,43,2000,13.61,0,0,6.76
102,2011,43,2100,13.63,0,0,5.824
102,2011,43,2200,13.65,0,0,5.736
102,2011,43,2300,13.66,0,0,5.4
101,2011,43,2400,13.61,0,10.63
102,2011,43,2400,13.67,0,0,5.329
102,2011,44,100,13.68,0,0,5.29
102,2011,44,200,13.7,0,0,5.285
102,2011,44,300,13.72,0,0,5.285
102,2011,44,400,13.72,0,0,5.285
102,2011,44,500,13.74,0,0,5.285
102,2011,44,600,13.76,0,0,5.286
102,2011,44,700,13.78,0,0,5.286
102,2011,44,800,13.78,0,0,14.15
102,2011,44,900,13.78,0,.783,230
102,2011,44,1000,13.75,0,1,480
102,2011,44,1800,13.57,0,.533,227.5
102,2011,44,1900,13.63,0,0,9.05
102,2011,44,2000,13.65,0,0,5.94
102,2011,44,2100,13.65,0,0,5.857
102,2011,44,2200,13.66,0,0,5.714
102,2011,44,2300,13.67,0,0,5.472
101,2011,44,2400,13.57,0,.533
102,2011,44,2400,13.68,0,0,5.384
102,2011,45,100,13.68,0,0,5.296
102,2011,45,200,13.71,0,0,5.296
102,2011,45,300,13.73,0,0,5.285
102,2011,45,400,13.75,0,0,5.285
102,2011,45,500,13.75,0,0,5.285
102,2011,45,600,13.76,0,0,5.346
102,2011,45,700,13.77,0,0,5.357
102,2011,45,800,13.77,0,0,11.86
102,2011,45,900,13.77,0,.783,254.4
102,2011,45,1000,13.75,0,1,464.9
102,2011,45,1100,13.73,0,1,502.8
102,2011,45,1200,13.72,0,1,668.4
102,2011,45,1300,13.7,0,1,591.1
102,2011,45,1400,13.68,0,1,433.3
102,2011,45,1500,13.66,0,1,493.5
102,2011,45,1600,13.65,0,1,551.9
102,2011,45,1700,13.63,0,1,555.3
102,2011,45,1800,13.63,0,1,346.3
102,2011,45,1900,13.63,0,.417,111.4
102,2011,45,2000,13.64,0,0,5.901
102,2011,45,2100,13.65,0,0,5.709
102,2011,45,2200,13.66,0,0,5.599
102,2011,45,2300,13.68,0,0,5.615
101,2011,45,2400,13.63,0,10.2
102,2011,45,2400,13.68,0,0,5.362
102,2011,46,100,13.7,0,0,5.285
102,2011,46,200,13.73,0,0,5.285
102,2011,46,300,13.73,0,0,5.285
102,2011,46,400,13.75,0,0,5.285
102,2011,46,500,13.78,0,0,5.286
102,2011,46,600,13.77,0,0,5.286
102,2011,46,700,13.8,0,0,5.286
102,2011,46,800,13.83,0,0,12.21
102,2011,46,900,13.82,0,.683,198.2
102,2011,46,1000,13.8,0,1,502.4
102,2011,46,1100,13.76,0,1,603.8
102,2011,46,1200,13.73,0,1,719
102,2011,46,1300,13.7,0,1,703
102,2011,46,1400,13.68,0,1,481
102,2011,46,1500,13.66,0,1,463.4
102,2011,46,1600,13.65,0,1,479.4
102,2011,46,1700,13.63,0,1,411.5
102,2011,46,2000,13.6,0,0,5.892
102,2011,46,2100,13.66,0,0,5.863
102,2011,46,2200,13.67,0,0,5.626
102,2011,46,2300,13.68,0,0,5.334
101,2011,46,2400,13.6,0,0
102,2011,46,2400,13.7,0,0,5.296
102,2011,47,100,13.72,0,0,5.285
102,2011,47,200,13.73,0,0,5.285
102,2011,47,300,13.75,0,0,5.285
102,2011,47,400,13.77,0,0,5.286
102,2011,47,500,13.78,0,0,5.286
102,2011,47,600,13.78,0,0,5.286
102,2011,47,700,13.78,0,0,5.291
102,2011,47,800,13.78,0,0,11.04
102,2011,47,900,13.79,0,.6,152
102,2011,47,1000,13.77,0,1,326.4
102,2011,47,1100,13.75,0,1,409.2
102,2011,47,1200,13.73,0,1,532.1
102,2011,47,1300,13.7,0,1,570.6
102,2011,47,1400,13.68,0,.7,246.4
102,2011,47,1500,13.68,0,0,13.82
102,2011,47,1700,13.66,0,.1,34.05
102,2011,47,1800,13.66,0,.25,165.8
102,2011,47,1900,13.67,0,.3,91.7
102,2011,47,2000,13.67,0,0,5.846
102,2011,47,2100,13.68,0,0,5.544
102,2011,47,2200,13.7,0,0,5.356
102,2011,47,2300,13.71,0,0,5.511
101,2011,47,2400,13.66,0,.55
102,2011,47,2400,13.71,0,0,5.29
102,2011,48,100,13.73,0,0,5.285
102,2011,48,200,13.75,0,0,5.29
102,2011,48,300,13.75,0,0,5.29
102,2011,48,400,13.76,0,0,5.291
102,2011,48,500,13.76,0,0,5.357
102,2011,48,600,13.75,0,0,5.307
102,2011,48,700,13.76,0,0,5.291
102,2011,48,800,13.77,0,0,5.291
102,2011,48,900,13.77,0,0,5.528
102,2011,48,1000,13.76,0,.55,230.2
102,2011,48,1100,13.73,0,1,698.7
102,2011,48,1200,13.71,0,1,723
102,2011,48,1300,13.68,0,1,682.8
102,2011,48,1400,13.65,0,1,469.5
102,2011,48,1500,13.64,0,.483,237
102,2011,48,1600,13.63,0,.883,420.9
102,2011,48,1700,13.62,0,.067,29.7
102,2011,48,1800,13.63,0,.317,114.2
102,2011,48,1900,13.63,0,.117,47.43
102,2011,48,2000,13.63,0,0,6.111
102,2011,48,2100,13.64,0,0,5.929
102,2011,48,2200,13.65,0,0,5.802
102,2011,48,2300,13.66,0,0,5.78
101,2011,48,2400,13.62,0,6.414
102,2011,48,2400,13.67,0,0,5.791
102,2011,49,100,13.67,0,0,5.544
102,2011,49,200,13.69,0,0,5.417
102,2011,49,300,13.7,0,0,5.389
102,2011,49,400,13.71,0,0,5.593
102,2011,49,500,13.72,0,0,5.494
102,2011,49,600,13.72,0,0,5.4
102,2011,49,700,13.72,0,0,5.29
102,2011,49,800,13.74,0,0,5.301
102,2011,49,900,13.75,0,.117,56.56
102,2011,49,1000,13.73,0,.233,112.8
102,2011,49,1100,13.71,0,.95,680.7
102,2011,49,1200,13.68,0,.35,204.2
102,2011,49,1300,13.67,0,0,6.012
102,2011,49,1400,13.72,0,0,5.615
102,2011,49,1500,13.72,0,0,5.648
102,2011,49,1600,13.73,0,.433,198.9
102,2011,49,1700,13.71,0,1,719
102,2011,49,1800,13.68,0,1,626
102,2011,49,1900,13.68,0,.583,193.5
102,2011,49,2000,13.68,0,0,7.27
102,2011,49,2100,13.68,0,0,5.753
102,2011,49,2200,13.69,0,0,5.769
102,2011,49,2300,13.7,0,0,5.505
101,2011,49,2400,13.68,0,3.015
102,2011,49,2400,13.71,0,0,5.483
102,2011,50,100,13.72,0,0,5.384
102,2011,50,200,13.73,0,0,5.367
102,2011,50,300,13.74,0,0,5.296
102,2011,50,400,13.76,0,0,5.291
102,2011,50,500,13.76,0,0,5.318
102,2011,50,600,13.77,0,0,5.33
102,2011,50,700,13.78,0,0,5.286
102,2011,50,800,13.8,0,.1,37.46
102,2011,50,900,13.8,0,1,402.1
102,2011,50,1000,13.77,0,1,671.3
102,2011,50,1100,13.74,0,1,777
102,2011,50,1200,13.71,0,1,815
102,2011,50,1300,13.68,0,1,760
102,2011,50,1400,13.65,0,.85,476.6
102,2011,50,1500,13.63,0,.733,404.3
102,2011,50,1600,13.62,0,.45,269.2
102,2011,50,1700,13.61,0,.916,601
102,2011,50,1800,13.6,0,.8,441.3
102,2011,50,1900,13.59,0,.683,218.5
102,2011,50,2000,13.61,0,0,7.43
102,2011,50,2100,13.63,0,0,5.94
102,2011,50,2200,13.64,0,0,5.868
102,2011,50,2300,13.66,0,0,5.626
101,2011,50,2400,13.59,0,9.53
102,2011,50,2400,13.66,0,0,5.439
102,2011,51,100,13.68,0,0,5.345
102,2011,51,200,13.69,0,0,5.373
102,2011,51,300,13.72,0,0,5.285
102,2011,51,400,13.72,0,0,5.29
102,2011,51,500,13.74,0,0,5.29
102,2011,51,600,13.76,0,0,5.285
102,2011,51,700,13.77,0,0,5.291
102,2011,51,800,13.77,0,.033,23.38
102,2011,51,900,13.76,0,.9,303.8
102,2011,51,1000,13.74,0,1,705
102,2011,51,1100,13.72,0,1,826
102,2011,51,1200,13.7,0,1,869
102,2011,51,1300,13.67,0,1,801
102,2011,51,1400,13.65,0,1,600.3
102,2011,51,1500,13.63,0,1,655.1
102,2011,51,1600,13.6,0,1,712
102,2011,51,1700,13.59,0,.933,668.3
102,2011,51,1800,13.59,0,1,603.5
102,2011,51,1900,13.59,0,.783,283.5
102,2011,51,2000,13.6,0,0,6.936
102,2011,51,2100,13.62,0,0,5.934
102,2011,51,2200,13.64,0,0,5.802
102,2011,51,2300,13.66,0,0,5.527
101,2011,51,2400,13.59,0,10.65
102,2011,51,2400,13.66,0,0,5.478
102,2011,52,100,13.68,0,0,5.29
102,2011,52,200,13.69,0,0,5.285
102,2011,52,300,13.71,0,0,5.29
102,2011,52,400,13.72,0,0,5.285
102,2011,52,500,13.74,0,0,5.285
102,2011,52,600,13.74,0,0,5.285
102,2011,52,700,13.75,0,0,5.285
102,2011,52,1400,13.61,0,.017,601.8
102,2011,52,1500,13.58,0,1,639.9
102,2011,52,1600,13.6,0,1,705
102,2011,52,1700,13.6,0,1,747
102,2011,52,1800,13.59,0,1,545.8
102,2011,52,1900,13.6,0,.883,283
102,2011,52,2000,13.61,0,0,7.43
102,2011,52,2100,13.63,0,0,5.901
102,2011,52,2200,13.63,0,0,5.901
102,2011,52,2300,13.65,0,0,5.621
101,2011,52,2400,13.58,0,4.898
102,2011,52,2400,13.66,0,0,5.389
102,2011,53,100,13.68,0,0,5.345
102,2011,53,200,13.69,0,0,5.296
102,2011,53,300,13.7,0,0,5.285
102,2011,53,400,13.72,0,0,5.296
102,2011,53,500,13.72,0,0,5.285
102,2011,53,600,13.73,0,0,5.285
102,2011,53,700,13.75,0,0,5.285
102,2011,53,800,13.76,0,.05,28.2
102,2011,53,900,13.75,0,.95,393.7
102,2011,53,1000,13.73,0,1,667.4
102,2011,53,1100,13.72,0,1,764
102,2011,53,1200,13.69,0,.7,418.6
102,2011,53,1300,13.66,0,.816,551.1
102,2011,53,1400,13.65,0,.533,245.9
102,2011,53,1500,13.63,0,.916,508.9
102,2011,53,1600,13.61,0,1,604.3
102,2011,53,1700,13.6,0,.8,471.2
102,2011,53,1800,13.59,0,.267,98.4
102,2011,53,1900,13.63,0,0,6.468
102,2011,53,2000,13.65,0,0,5.819
102,2011,53,2100,13.65,0,0,5.56
102,2011,53,2200,13.67,0,0,5.428
102,2011,53,2300,13.68,0,0,5.423
101,2011,53,2400,13.59,0,8.03
102,2011,53,2400,13.7,0,0,5.384
102,2011,54,100,13.7,0,0,5.318
102,2011,54,200,13.71,0,0,5.285
102,2011,54,300,13.72,0,0,5.29
102,2011,54,400,13.73,0,0,5.312
102,2011,54,500,13.75,0,0,5.285
102,2011,54,600,13.77,0,0,5.286
102,2011,54,700,13.77,0,0,5.286
102,2011,54,800,13.78,0,0,16.33
102,2011,54,900,13.78,0,.433,244.6
102,2011,54,1000,13.75,5.6521,.983,663.2
102,2011,54,1100,13.73,8.5351,1,785
102,2011,54,1200,13.7,0,1,832
102,2011,54,1300,13.68,0,.566,348.7
102,2011,54,1400,13.66,0,.45,163.6
102,2011,54,1500,13.66,0,.1,31.4
102,2011,54,1900,13.57,0,0,6.427
102,2011,54,2000,13.64,0,0,5.901
102,2011,54,2100,13.65,0,0,5.384
102,2011,54,2200,13.67,0,0,5.29
102,2011,54,2300,13.69,0,0,5.318
101,2011,54,2400,13.57,0,0
102,2011,54,2400,13.7,0,0,5.351
102,2011,55,100,13.72,0,0,5.456
102,2011,55,200,13.72,0,0,5.395
102,2011,55,300,13.73,0,0,5.456
102,2011,55,400,13.73,0,0,5.467
102,2011,55,500,13.74,0,0,5.362
102,2011,55,600,13.75,0,0,5.312
102,2011,55,700,13.76,0,0,5.313
102,2011,55,800,13.77,0,.1,43.75
102,2011,55,1900,13.54,0,.133,49.15
102,2011,55,2000,13.59,0,0,8.23
102,2011,55,2100,13.61,0,0,5.929
102,2011,55,2200,13.63,0,0,5.83
102,2011,55,2300,13.65,0,0,5.753
101,2011,55,2400,13.54,0,.133
102,2011,55,2400,13.67,0,0,5.681
102,2011,56,100,13.68,0,0,5.467
102,2011,56,200,13.69,0,0,5.329
102,2011,56,300,13.7,0,0,5.301
102,2011,56,400,13.72,0,0,5.285
102,2011,56,500,13.73,0,0,5.285
102,2011,56,600,13.75,0,0,5.285
102,2011,56,700,13.76,0,0,5.285
102,2011,56,800,13.78,0,.167,44.07
102,2011,56,2000,13.54,0,0,5.915
102,2011,56,2100,13.59,0,0,5.863
102,2011,56,2200,13.61,0,0,5.747
102,2011,56,2300,13.63,0,0,5.736
101,2011,56,2400,13.54,0,0
102,2011,56,2400,13.66,0,0,5.648
102,2011,57,100,13.68,0,0,5.703
102,2011,57,200,13.69,0,0,5.577
102,2011,57,300,13.7,0,0,5.461
102,2011,57,400,13.72,0,0,5.373
102,2011,57,500,13.73,0,0,5.307
102,2011,57,600,13.75,0,0,5.285
102,2011,57,700,13.76,0,0,5.285
102,2011,57,800,13.77,0,.1,41.43
102,2011,57,1100,13.66,0,.083,841
102,2011,57,1200,13.68,54.662,1,778
102,2011,57,1300,13.65,58.927,1,608.3
102,2011,57,1400,13.63,54.053,1,431.8
102,2011,57,1500,13.61,42.703,1,572.6
102,2011,57,1600,13.59,0,.883,552
102,2011,62,1600,13.51,0,.933,391.5
102,2011,62,2000,13.53,0,0,5.936
102,2011,62,2100,13.54,0,0,5.879
102,2011,62,2200,13.56,0,0,5.83
102,2011,62,2300,13.58,0,0,5.72
101,2011,62,2400,13.53,0,0
102,2011,62,2400,13.59,0,0,5.522
102,2011,63,100,13.61,0,0,5.384
102,2011,63,200,13.63,0,0,5.323
102,2011,63,300,13.65,0,0,5.307
102,2011,63,400,13.68,0,0,5.29
102,2011,63,500,13.68,0,0,5.285
102,2011,63,600,13.71,0,0,5.285
102,2011,63,700,13.73,0,0,5.285
102,2011,63,800,13.74,0,.367,98.2
102,2011,63,900,13.76,0,1,423.1
102,2011,63,1000,13.73,0,1,696.6
102,2011,63,1100,13.7,0,1,709
102,2011,63,1200,13.67,0,1,803
102,2011,63,1300,13.64,0,.966,481.1
102,2011,63,1400,13.62,0,.983,463.3
102,2011,63,1500,13.6,0,.533,286.2
102,2011,63,1600,13.59,0,.6,375.1
102,2011,63,1700,13.58,0,.833,558.7
102,2011,63,1800,13.58,0,.15,81.8
102,2011,63,1900,13.58,0,.217,49.9
102,2011,63,2000,13.59,0,0,5.945
102,2011,63,2100,13.6,0,0,5.918
102,2011,63,2200,13.61,0,0,5.896
102,2011,63,2300,13.63,0,0,5.868
101,2011,63,2400,13.58,0,8.65
102,2011,63,2400,13.63,0,0,5.802
102,2011,64,100,13.65,0,0,5.599
102,2011,64,200,13.67,0,0,5.533
102,2011,64,300,13.67,0,0,5.549
102,2011,64,400,13.69,0,0,5.516
102,2011,64,500,13.7,0,0,5.461
102,2011,64,600,13.71,0,0,5.362
102,2011,64,700,13.73,0,0,5.34
102,2011,64,800,13.74,0,.133,45.75
102,2011,64,900,13.74,0,1,398.4
102,2011,64,1000,13.72,0,1,665.7
102,2011,64,1100,13.7,0,1,759
102,2011,64,1200,13.68,0,.966,692
102,2011,64,1300,13.65,0,.716,453.6
102,2011,64,1400,13.64,0,.45,194
102,2011,64,1500,13.62,0,.566,247.6
102,2011,64,1600,13.61,0,.916,455.8
102,2011,64,1700,13.6,0,.966,585.1
102,2011,64,1800,13.59,0,.783,388
102,2011,64,1900,13.6,0,.017,13.55
102,2011,64,2000,13.62,0,0,5.929
102,2011,64,2100,13.63,0,0,5.896
102,2011,64,2200,13.65,0,0,5.764
102,2011,64,2300,13.65,0,0,5.626
101,2011,64,2400,13.59,0,8.51
102,2011,64,2400,13.66,0,0,5.593
102,2011,65,100,13.68,0,0,5.604
102,2011,65,200,13.69,0,0,5.555
102,2011,65,300,13.7,0,0,5.45
102,2011,65,400,13.71,0,0,5.367
102,2011,65,500,13.72,0,0,5.351
102,2011,65,600,13.73,0,0,5.34
102,2011,65,700,13.75,0,0,5.351
102,2011,65,800,13.75,0,.25,62.53
102,2011,65,900,13.74,0,1,426.5
102,2011,65,1000,13.72,0,.933,485.2
102,2011,65,1100,13.71,0,.633,396.1
102,2011,65,1200,13.7,0,.017,18.56
102,2011,65,1600,13.73,0,0,5.706
102,2011,65,1700,13.77,0,0,6.094
102,2011,65,1800,13.75,0,0,18.4
102,2011,65,1900,13.74,0,0,5.846
102,2011,65,2000,13.74,0,0,5.577
102,2011,65,2100,13.75,0,0,5.472
102,2011,65,2200,13.75,0,0,5.478
102,2011,65,2300,13.77,0,0,5.417
101,2011,65,2400,13.73,0,0
102,2011,65,2400,13.78,0,0,5.484
102,2011,66,100,13.78,0,0,5.506
102,2011,66,200,13.78,0,0,5.423
102,2011,66,300,13.78,0,0,5.473
102,2011,66,400,13.79,0,0,5.451
102,2011,66,500,13.8,0,0,5.412
102,2011,66,600,13.81,0,0,5.396
102,2011,66,700,13.82,0,0,5.435
102,2011,66,800,13.82,0,.283,75.5
102,2011,66,900,13.82,0,1,461.4
102,2011,66,1500,13.63,0,0,5.945
102,2011,66,1600,13.7,0,0,6.408
102,2011,66,1700,13.7,0,.633,236.9
102,2011,66,1800,13.68,0,.333,121.4
102,2011,66,1900,13.69,0,.067,32.52
102,2011,66,2000,13.71,0,0,6.557
102,2011,66,2100,13.73,0,0,5.681
102,2011,66,2200,13.73,0,0,5.593
102,2011,66,2300,13.74,0,0,5.522
101,2011,66,2400,13.63,0,1.033
102,2011,66,2400,13.74,0,0,5.4
102,2011,67,100,13.75,0,0,5.307
102,2011,67,200,13.76,0,0,5.296
102,2011,67,300,13.75,0,0,5.285
102,2011,67,400,13.76,0,0,5.285
102,2011,67,500,13.77,0,0,5.285
102,2011,67,600,13.78,0,0,5.297
102,2011,67,700,13.8,0,0,5.286
102,2011,67,800,13.8,0,.417,116.3
102,2011,67,900,13.79,0,1,564.2
102,2011,67,1000,13.77,1.7817,1,780
102,2011,67,1100,13.74,0,1,864
102,2011,67,1200,13.71,0,1,884
102,2011,67,1300,13.68,0,1,840
102,2011,67,1400,13.66,0,1,622.3
102,2011,67,1500,13.64,0,1,674.5
102,2011,67,1600,13.63,0,.466,780
102,2011,67,1700,13.61,0,.983,733
102,2011,67,1800,13.61,0,.85,549.6
102,2011,67,1900,13.61,0,1,383.8
102,2011,67,2000,13.61,0,0,10.57
102,2011,67,2100,13.63,0,0,5.94
102,2011,67,2200,13.65,0,0,5.945
102,2011,67,2300,13.66,0,0,5.929
101,2011,67,2400,13.61,0,3.299
102,2011,67,2400,13.67,0,0,5.824
102,2011,68,100,13.68,0,0,5.824
102,2011,68,200,13.69,0,0,5.67
102,2011,68,300,13.7,0,0,5.445
102,2011,68,400,13.71,0,0,5.312
102,2011,68,500,13.73,0,0,5.307
102,2011,68,600,13.73,0,0,5.373
102,2011,68,700,13.74,0,0,5.285
102,2011,68,800,13.75,0,.033,31.97
102,2011,68,1900,13.54,0,.383,180.9
102,2011,68,2000,13.57,0,0,6.133
102,2011,68,2100,13.6,0,0,5.934
102,2011,68,2200,13.62,0,0,5.83
102,2011,68,2300,13.64,0,0,5.769
101,2011,68,2400,13.54,0,.383
102,2011,68,2400,13.66,0,0,5.758
102,2011,69,100,13.68,0,0,5.709
102,2011,69,200,13.69,0,0,5.731
102,2011,69,300,13.7,0,0,5.417
102,2011,69,400,13.7,0,0,5.318
102,2011,69,500,13.72,0,0,5.285
102,2011,69,600,13.73,0,0,5.285
102,2011,69,700,13.74,0,0,5.285
102,2011,69,800,13.76,0,.217,75.3
102,2011,69,900,13.75,0,.983,509.4
102,2011,69,1000,13.73,0,1,734
102,2011,69,1100,13.71,0,1,809
102,2011,69,1200,13.68,0,1,661.4
102,2011,69,1300,13.66,0,1,722
102,2011,69,1400,13.63,0,.833,402.9
102,2011,69,1500,13.61,0,.833,491.5
102,2011,69,1600,13.59,0,.766,453.8
102,2011,69,1700,13.59,0,.35,167.3
102,2011,69,1800,13.59,0,.533,229.6
102,2011,69,1900,13.59,0,0,5.945
102,2011,69,2000,13.61,0,0,5.945
102,2011,69,2100,13.62,0,0,5.852
102,2011,69,2200,13.63,0,0,5.857
102,2011,69,2300,13.65,0,0,5.857
101,2011,69,2400,13.59,0,0
102,2011,69,2400,13.66,0,0,5.775
102,2011,70,100,13.67,0,0,5.643
102,2011,70,200,13.67,0,0,5.439
102,2011,70,300,13.69,0,0,5.29
102,2011,70,400,13.71,0,0,5.285
102,2011,70,500,13.72,0,0,5.285
102,2011,70,600,13.73,0,0,5.285
102,2011,70,700,13.75,0,0,5.285
102,2011,70,800,13.75,0,.25,76.1
102,2011,70,1300,13.62,0,.75,549.9
102,2011,70,1400,13.64,0,.816,368.3
102,2011,70,1500,13.63,0,.4,207.9
102,2011,70,1600,13.61,0,.7,400.2
102,2011,70,1700,13.61,0,.816,468.9
102,2011,70,1800,13.6,0,.716,407.6
102,2011,70,1900,13.61,0,.433,166.3
102,2011,70,2000,13.61,0,0,5.945
102,2011,71,1000,13.66,0,.616,708
102,2011,71,1100,13.68,0,1,773
102,2011,71,1200,13.66,0,1,735
102,2011,71,1300,13.65,0,.083,57.55
102,2011,71,1400,13.63,0,.4,163.4
102,2011,71,1500,13.63,0,.217,94.4
102,2011,71,1600,13.63,0,.966,512.8
102,2011,71,1700,13.61,0,1,654.6
102,2011,71,1800,13.61,0,.117,42.48
102,2011,71,1900,13.61,0,0,5.945
102,2011,71,2000,13.62,0,0,5.945
102,2011,71,2100,13.63,0,0,5.918
102,2011,71,2200,13.65,0,0,5.841
102,2011,71,2300,13.66,0,0,5.791
101,2011,71,2400,13.61,0,5.398
102,2011,71,2400,13.66,0,0,5.687
102,2011,72,100,13.68,0,0,5.555
102,2011,72,200,13.68,0,0,5.301
102,2011,72,300,13.7,0,0,5.307
102,2011,72,400,13.7,0,0,5.351
102,2011,72,500,13.71,0,0,5.318
102,2011,72,600,13.72,0,0,5.345
102,2011,72,700,13.72,0,0,5.323
102,2011,72,800,13.72,0,0,9.8
102,2011,72,900,13.72,0,.383,189.5
102,2011,72,1000,13.7,0,1,691.7
102,2011,72,1100,13.68,0,1,773
102,2011,72,1200,13.66,0,.95,711
102,2011,72,1300,13.65,0,.783,515.5
102,2011,72,1400,13.63,0,.916,403.1
102,2011,72,1500,13.61,0,.583,292.9
102,2011,72,1600,13.59,0,.75,366.1
102,2011,72,1700,13.59,0,.117,59.62
102,2011,72,1800,13.59,0,.65,343.6
102,2011,72,1900,13.59,0,0,18.9
102,2011,72,2000,13.61,0,0,5.995
102,2011,72,2100,13.62,0,0,5.945
102,2011,72,2200,13.63,0,0,5.929
102,2011,72,2300,13.64,0,0,5.824
101,2011,72,2400,13.59,0,7.13
102,2011,72,2400,13.65,0,0,5.775
102,2011,73,100,13.65,0,0,5.599
102,2011,73,200,13.66,0,0,5.533
102,2011,73,300,13.67,0,0,5.516
102,2011,73,400,13.68,0,0,5.511
102,2011,73,500,13.7,0,0,5.456
102,2011,73,600,13.7,0,0,5.423
102,2011,73,700,13.71,0,0,5.456
102,2011,73,800,13.71,0,.233,70.8
102,2011,73,900,13.7,0,.1,49.72
102,2011,73,1000,13.7,0,1,641
102,2011,73,1100,13.68,0,1,781
102,2011,73,1200,13.66,0,.816,556
102,2011,73,1300,13.65,0,.683,503.6
102,2011,73,1400,13.63,0,.367,167.7
102,2011,73,1500,13.62,0,.633,306.8
102,2011,73,1600,13.61,0,.25,121.8
102,2011,73,1700,13.61,0,.033,24.83
102,2011,73,1800,13.61,0,.117,62.87
102,2011,73,2000,13.66,0,0,5.69
102,2011,73,2100,13.67,0,0,5.439
102,2011,73,2200,13.69,0,0,5.389
102,2011,73,2300,13.7,0,0,5.417
101,2011,73,2400,13.66,0,0
102,2011,73,2400,13.71,0,0,5.34
102,2011,74,100,13.72,0,0,5.301
102,2011,74,200,13.73,0,0,5.334
102,2011,74,300,13.72,0,0,5.362
102,2011,74,400,13.72,0,0,5.417
102,2011,74,500,13.73,0,0,5.334
102,2011,74,600,13.73,0,0,5.323
102,2011,74,800,13.75,0,0,5.417
102,2011,74,1000,13.77,0,.067,58.5
102,2011,74,1500,13.71,0,0,6.265
102,2011,74,1600,13.74,0,.916,504.9
102,2011,74,1700,13.73,0,.65,320.8
102,2011,74,1900,13.69,0,0,5.72
102,2011,74,2000,13.73,0,0,5.351
102,2011,74,2100,13.75,0,0,5.378
102,2011,74,2200,13.76,0,0,5.29
102,2011,74,2300,13.76,0,0,5.334
101,2011,74,2400,13.69,0,0
102,2011,74,2400,13.77,0,0,5.34
102,2011,75,100,13.77,0,0,5.34
102,2011,75,200,13.78,0,0,5.346
102,2011,75,300,13.79,0,0,5.341
102,2011,75,400,13.8,0,0,5.374
102,2011,75,500,13.8,0,0,5.401
102,2011,75,600,13.8,0,0,5.341
102,2011,75,700,13.8,0,0,5.314
102,2011,76,1200,13.75,0,.383,199.2
102,2011,76,1300,13.75,0,.117,71.5
102,2011,76,1400,13.74,0,.117,36.74
102,2011,77,1200,13.69,0,.583,734
102,2011,77,1300,13.69,0,.716,541.2
102,2011,77,1400,13.69,0,.317,131.2
102,2011,77,1500,13.69,0,.167,86.1
102,2011,77,1600,13.66,1.5517,.833,438.2
102,2011,77,1700,13.66,0,.733,539.4
102,2011,77,1800,13.66,0,.6,215.7
102,2011,77,1900,13.66,0,0,6.881
102,2011,77,2000,13.68,0,0,5.934
102,2011,77,2100,13.68,0,0,5.907
102,2011,77,2200,13.7,0,0,5.918
102,2011,77,2300,13.7,0,0,5.747
101,2011,77,2400,13.66,1.5517,3.948
102,2011,77,2400,13.7,0,0,5.637
102,2011,78,100,13.71,0,0,5.544
102,2011,78,200,13.73,0,0,5.483
102,2011,78,300,13.76,0,0,5.423
102,2011,78,400,13.77,0,0,5.429
102,2011,78,500,13.79,0,0,5.484
102,2011,78,600,13.8,0,0,5.434
102,2011,78,700,13.8,0,0,5.462
102,2011,78,800,13.82,0,0,5.507
102,2011,78,900,13.82,0,.083,37.41
102,2011,78,1000,13.8,0,.65,210.5
102,2011,78,1100,13.78,0,.8,385.6
102,2011,78,1500,13.71,141.11,.083,41.31
102,2011,78,1600,13.73,51.223,.5,249.9
102,2011,78,1700,13.73,24.05,.533,261.1
102,2011,78,1800,13.73,0,.217,73.9
102,2011,78,1900,13.73,0,0,7.66
102,2011,78,2000,13.77,0,0,5.39
102,2011,78,2100,13.78,0,0,5.39
102,2011,78,2200,13.8,0,0,5.401
102,2011,78,2300,13.8,0,0,5.369
101,2011,78,2400,13.71,216.38,1.333
102,2011,78,2400,13.8,0,0,5.297
102,2011,79,100,13.81,0,0,5.308
102,2011,79,200,13.81,0,0,5.33
102,2011,79,300,13.82,0,0,5.303
102,2011,79,400,13.83,0,0,5.292
102,2011,79,500,13.84,0,0,5.303
102,2011,79,600,13.84,0,0,5.331
102,2011,79,700,13.84,0,0,5.342
102,2011,79,800,13.84,0,0,7.08
102,2011,79,1800,13.66,0,0,82.2
102,2011,79,1900,13.68,0,0,15.01
102,2011,79,2000,13.74,0,0,5.489
102,2011,79,2100,13.75,0,0,5.511
102,2011,79,2200,13.75,0,0,5.456
102,2011,79,2300,13.77,0,0,5.467
101,2011,79,2400,13.66,0,0
102,2011,79,2400,13.77,0,0,5.473
102,2011,80,100,13.78,0,0,5.429
102,2011,80,200,13.78,0,0,5.445
102,2011,80,300,13.79,0,0,5.33
102,2011,80,400,13.8,0,0,5.308
102,2011,80,500,13.81,0,0,5.369
102,2011,80,600,13.82,0,0,5.386
102,2011,80,700,13.82,0,0,5.402
102,2011,80,800,13.82,0,.233,64.33
102,2011,80,1200,13.74,76.259,.283,225.2
102,2011,80,1300,13.78,26.93,.483,193.6
102,2011,80,1400,13.76,3.985,.35,94.9
102,2011,80,1500,13.75,0,0,10.71
102,2011,80,1600,13.74,0,.067,48.31
102,2011,80,1700,13.75,0,.3,160.8
102,2011,80,1800,13.73,0,.833,185
102,2011,80,1900,13.74,0,.4,91.1
102,2011,80,2000,13.74,0,0,5.654
102,2011,80,2100,13.75,0,0,5.439
102,2011,80,2200,13.76,0,0,5.39
102,2011,80,2300,13.77,0,0,5.412
101,2011,80,2400,13.73,107.17,2.716
102,2011,80,2400,13.78,0,0,5.451
102,2011,81,100,13.78,0,0,5.374
102,2011,81,200,13.79,0,0,5.407
102,2011,81,300,13.79,0,0,5.434
102,2011,81,400,13.8,0,0,5.413
102,2011,81,500,13.81,0,0,5.407
102,2011,81,600,13.82,0,0,5.419
102,2011,81,700,13.82,0,0,5.518
102,2011,81,800,13.84,0,.133,49.77
102,2011,81,1800,13.64,0,.683,448.4
102,2011,81,1900,13.7,0,.616,180
102,2011,81,2000,13.7,0,0,5.819
102,2011,81,2100,13.72,0,0,5.423
102,2011,81,2200,13.75,0,0,5.395
102,2011,81,2300,13.75,0,0,5.494
101,2011,81,2400,13.64,0,1.299
102,2011,81,2400,13.76,0,0,5.505
102,2011,82,100,13.77,0,0,5.462
102,2011,82,200,13.77,0,0,5.478
102,2011,82,300,13.78,0,0,5.423
102,2011,82,400,13.79,0,0,5.434
102,2011,82,500,13.8,0,0,5.457
102,2011,82,600,13.81,0,0,5.435
102,2011,82,700,13.82,0,0,5.358
102,2011,82,800,13.82,0,0,22.99
102,2011,82,900,13.82,0,.533,168.2
102,2011,82,1000,13.8,0,1,434.3
102,2011,82,1100,13.78,0,1,517.2
102,2011,82,1200,13.77,0,.866,462
102,2011,82,1300,13.74,0,.966,563.9
102,2011,82,1400,13.73,0,.417,198.5
102,2011,82,1500,13.72,0,.616,284.1
102,2011,82,1800,13.71,0,0,5.616
102,2011,82,1900,13.76,0,0,5.61
102,2011,82,2000,13.77,0,0,5.401
102,2011,82,2100,13.77,0,0,5.434
102,2011,82,2200,13.77,0,0,5.439
102,2011,82,2300,13.77,0,0,5.406
101,2011,82,2400,13.71,0,0
102,2011,82,2400,13.78,0,0,5.412
102,2011,83,100,13.78,0,0,5.374
102,2011,83,200,13.78,0,0,5.412
102,2011,83,300,13.79,0,0,5.495
102,2011,83,400,13.8,0,0,5.479
102,2011,83,500,13.81,0,0,5.407
102,2011,83,600,13.81,0,0,5.468
102,2011,83,700,13.81,0,0,5.429
102,2011,83,800,13.82,0,.117,45.62
102,2011,83,1900,13.62,0,0,26.03
102,2011,83,2000,13.66,0,0,5.692
102,2011,83,2100,13.69,0,0,5.626
102,2011,83,2200,13.7,0,0,5.571
102,2011,83,2300,13.71,0,0,5.533
101,2011,83,2400,13.62,0,0
102,2011,83,2400,13.72,0,0,5.522
102,2011,84,100,13.73,0,0,5.505
102,2011,84,200,13.74,0,0,5.516
102,2011,84,300,13.75,0,0,5.445
102,2011,84,400,13.77,0,0,5.506
102,2011,84,500,13.77,0,0,5.445
102,2011,84,600,13.78,0,0,5.511
102,2011,84,700,13.78,0,0,5.462
102,2011,84,800,13.78,0,.117,47.07
102,2011,84,900,13.78,0,.983,420.3
102,2011,84,1000,13.76,0,1,669.1
102,2011,84,1100,13.74,16.888,1,763
102,2011,84,1200,13.72,63.706,1,715
102,2011,84,1300,13.7,0,.983,660
102,2011,84,1400,13.68,0,1,482.1
102,2011,84,1500,13.66,0,.866,393.5
102,2011,84,1600,13.65,0,.983,319.1
102,2011,84,1700,13.65,0,.75,169.3
102,2011,84,1800,13.64,0,0,28.78
102,2011,84,1900,13.65,0,0,18.81
102,2011,84,2000,13.65,0,0,5.907
102,2011,84,2100,13.66,0,0,5.698
102,2011,84,2200,13.68,0,0,5.654
102,2011,84,2300,13.69,0,0,5.604
101,2011,84,2400,13.64,80.593,8.68
102,2011,84,2400,13.69,0,0,5.56
102,2011,85,100,13.72,0,0,5.445
102,2011,85,200,13.73,0,0,5.389
102,2011,85,300,13.74,0,0,5.395
102,2011,85,400,13.75,0,0,5.379
102,2011,85,500,13.75,0,0,5.461
102,2011,85,600,13.77,0,0,5.489
102,2011,85,700,13.77,0,0,5.456
102,2011,85,800,13.77,0,0,29.53
102,2011,85,900,13.77,0,.716,298.4
102,2011,85,1000,13.75,0,1,632.7
102,2011,85,1100,13.73,0,1,730
102,2011,85,1200,13.7,0,1,691.7
102,2011,85,1300,13.7,0,.6,334
102,2011,85,1400,13.68,0,.15,45.77
102,2011,85,1500,13.66,0,.783,294
102,2011,85,1600,13.66,0,.483,254.9
102,2011,85,1700,13.65,0,.783,419.2
102,2011,85,1800,13.65,0,.916,402.8
102,2011,85,1900,13.65,0,.65,201.6
102,2011,85,2000,13.65,0,0,5.934
102,2011,85,2100,13.67,0,0,5.78
102,2011,85,2200,13.68,0,0,5.654
102,2011,85,2300,13.68,0,0,5.527
101,2011,85,2400,13.65,0,8.08
102,2011,85,2400,13.72,0,0,5.434
102,2011,86,100,13.73,0,0,5.511
102,2011,86,200,13.74,0,0,5.45
102,2011,86,300,13.76,0,0,5.428
102,2011,86,400,13.77,0,0,5.412
102,2011,86,500,13.78,0,0,5.341
102,2011,86,600,13.79,0,0,5.286
102,2011,86,700,13.79,0,0,5.286
102,2011,86,800,13.8,0,0,29.69
102,2011,86,900,13.8,0,.966,447.9
102,2011,86,1000,13.77,0,.916,497.3
102,2011,86,1100,13.75,0,.8,380.2
102,2011,86,1200,13.74,52.809,.916,548.9
102,2011,86,1300,13.72,12.088,.367,215.8
102,2011,86,1400,13.71,0,.317,142
102,2011,86,1500,13.7,0,.133,74.9
102,2011,86,1600,13.69,53.378,.783,456.9
102,2011,86,1700,13.69,151.24,1,704
102,2011,86,2000,13.72,0,0,5.408
102,2011,86,2100,13.75,0,0,5.368
102,2011,86,2200,13.76,0,0,5.368
102,2011,86,2300,13.75,0,0,5.417
101,2011,86,2400,13.72,0,0
102,2011,86,2400,13.77,0,0,5.461
102,2011,87,100,13.77,0,0,5.434
102,2011,87,800,13.76,0,.183,168.1
102,2011,87,900,13.8,0,1,394.7
102,2011,87,1000,13.8,3.0369,1,449.3
102,2011,87,1100,13.78,342.21,.983,744
102,2011,87,1600,13.64,242.47,.25,577.5
102,2011,87,1700,13.69,438.97,1,623.5
102,2011,87,1800,13.68,0,.1,100.7
102,2011,87,2000,13.69,0,0,6.082
102,2011,87,2100,13.72,0,0,5.494
102,2011,87,2200,13.73,0,0,5.412
102,2011,87,2300,13.74,0,0,5.445
101,2011,87,2400,13.69,0,0
102,2011,87,2400,13.75,0,0,5.395
102,2011,88,100,13.74,0,0,5.424
102,2011,88,200,13.75,0,0,5.34
102,2011,88,300,13.76,0,0,5.357
102,2011,88,400,13.77,0,0,5.352
102,2011,88,500,13.77,0,0,5.357
102,2011,88,600,13.78,0,0,5.401
102,2011,88,700,13.79,0,0,5.396
102,2011,88,800,13.8,0,.133,63.16
102,2011,88,900,13.78,0,.85,533.2
102,2011,88,1000,13.78,91.846,.4,753
102,2011,88,1100,13.75,941.51,1,791
102,2011,88,1200,13.73,1412.5,1,805
102,2011,88,1300,13.7,616.27,.983,701
102,2011,88,1400,13.68,0,.65,285.4
102,2011,88,1500,13.66,0,.766,448.4
102,2011,88,1600,13.65,0,.916,642.4
102,2011,88,1700,13.64,0,.883,645.6
102,2011,88,1800,13.64,0,.916,532.1
102,2011,88,1900,13.64,0,.5,189.8
102,2011,88,2000,13.65,0,0,5.885
102,2011,88,2100,13.66,0,0,5.604
102,2011,88,2200,13.68,0,0,5.549
102,2011,88,2300,13.69,0,0,5.5
101,2011,88,2400,13.64,3062.2,8.01
102,2011,88,2400,13.71,0,0,5.478
102,2011,89,100,13.71,0,0,5.527
102,2011,89,200,13.72,0,0,5.445
102,2011,89,300,13.73,0,0,5.489
102,2011,89,400,13.74,0,0,5.439
102,2011,89,500,13.75,0,0,5.472
102,2011,89,600,13.76,0,0,5.5
102,2011,89,700,13.77,0,0,5.528
102,2011,89,800,13.77,0,.2,59.18
102,2011,89,900,13.77,0,1,455.2
102,2011,89,1000,13.75,0,1,678.8
102,2011,89,1100,13.72,0,.766,558.1
102,2011,89,1200,13.71,48.562,.15,98.4
102,2011,89,1600,13.75,0,0,5.411
102,2011,89,1700,13.8,0,0,5.567
102,2011,89,1800,13.78,0,0,5.611
102,2011,89,1900,13.77,0,0,5.506
102,2011,89,2000,13.78,0,0,5.346
102,2011,89,2100,13.78,0,0,5.368
102,2011,89,2200,13.79,0,0,5.33
102,2011,89,2300,13.78,0,0,5.413
101,2011,89,2400,13.77,0,0
102,2011,89,2400,13.8,0,0,5.495
102,2011,90,100,13.8,0,0,5.551
102,2011,90,200,13.8,0,0,5.496
102,2011,90,300,13.82,0,0,5.529
102,2011,90,400,13.82,0,0,5.534
102,2011,90,500,13.83,0,0,5.534
102,2011,90,600,13.83,0,0,5.59
102,2011,90,700,13.84,0,0,5.573
102,2011,90,800,13.84,0,.217,71.6
102,2011,90,900,13.83,0,1,516
102,2011,90,1200,13.76,0,1,794
102,2011,90,1300,13.75,0,.966,675.6
102,2011,90,1400,13.74,0,.916,432.5
102,2011,90,1500,13.72,0,.75,407
102,2011,90,2000,13.66,0,0,5.373
102,2011,90,2100,13.7,0,0,5.307
102,2011,90,2200,13.73,0,0,5.285
102,2011,90,2300,13.75,0,0,5.29
101,2011,90,2400,13.66,0,0
102,2011,90,2400,13.76,0,0,5.286
102,2011,91,100,13.77,0,0,5.286
102,2011,91,200,13.78,0,0,5.286
102,2011,91,300,13.79,0,0,5.292
102,2011,91,400,13.8,0,0,5.369
102,2011,91,500,13.8,0,0,5.43
102,2011,91,600,13.81,0,0,5.479
102,2011,91,700,13.82,0,0,5.397
102,2011,91,900,13.81,0,.45,493
102,2011,91,1100,13.75,0,.05,611.8
102,2011,91,1900,13.66,0,0,5.945
102,2011,91,2000,13.68,0,0,5.637
102,2011,91,2100,13.73,0,0,5.367
102,2011,91,2200,13.75,0,0,5.318
102,2011,91,2300,13.76,0,0,5.319
101,2011,91,2400,13.66,0,0
102,2011,91,2400,13.76,0,0,5.379
102,2011,92,100,13.77,0,0,5.462
102,2011,92,200,13.78,0,0,5.424
102,2011,92,300,13.8,0,0,5.374
102,2011,92,400,13.8,0,0,5.446
102,2011,92,500,13.81,0,0,5.452
102,2011,92,600,13.81,0,0,5.446
102,2011,92,700,13.81,0,0,5.43
102,2011,92,800,13.82,0,.117,62.34
102,2011,92,2000,13.62,0,0,5.907
102,2011,92,2100,13.65,0,0,5.731
102,2011,93,2000,13.6,0,0,5.842
102,2011,93,2100,13.63,0,0,5.659
102,2011,93,2200,13.66,0,0,5.577
102,2011,93,2300,13.66,0,0,5.511
101,2011,93,2400,13.6,0,0
102,2011,93,2400,13.69,0,0,5.389
102,2011,94,100,13.7,0,0,5.428
102,2011,94,200,13.71,0,0,5.296
102,2011,94,300,13.72,0,0,5.296
102,2011,94,400,13.73,0,0,5.307
102,2011,94,500,13.75,0,0,5.379
102,2011,94,600,13.75,0,0,5.473
102,2011,94,700,13.76,0,0,5.412
102,2011,94,800,13.77,0,0,31.97
102,2011,94,900,13.76,0,.883,274.8
102,2011,94,1000,13.75,0,.866,441.6
102,2011,94,1100,13.73,0,1,669.5
102,2011,94,1300,13.67,0,.2,86.8
102,2011,94,1600,13.62,0,.5,362.1
102,2011,94,1700,13.66,0,.15,69.21
102,2011,94,1900,13.64,0,0,14.64
102,2011,94,2000,13.66,0,0,6.21
102,2011,94,2100,13.68,0,0,5.813
102,2011,94,2200,13.68,0,0,5.659
102,2011,94,2300,13.69,0,0,5.533
101,2011,94,2400,13.64,0,0
102,2011,94,2400,13.7,0,0,5.461
102,2011,95,100,13.72,0,0,5.307
102,2011,95,200,13.72,0,0,5.285
102,2011,95,300,13.73,0,0,5.323
102,2011,95,400,13.74,0,0,5.356
102,2011,95,500,13.75,0,0,5.417
102,2011,95,600,13.76,0,0,5.319
102,2011,95,700,13.77,0,0,5.396
102,2011,95,800,13.77,0,.05,45.63
102,2011,95,900,13.77,0,1,357.7
102,2011,95,1000,13.75,0,1,539.1
102,2011,95,1100,13.74,0,.95,482.9
102,2011,95,1200,13.72,0,.916,620.7
102,2011,95,1300,13.7,0,.7,410.1
102,2011,95,1400,13.68,0,.6,156.3
102,2011,95,1500,13.67,0,.666,162.4
102,2011,95,1600,13.66,0,.983,388.3
102,2011,95,1700,13.65,0,.816,369.4
102,2011,95,1800,13.65,0,1,481.3
102,2011,95,1900,13.65,0,.666,242.1
102,2011,95,2000,13.65,0,0,6.43
102,2011,95,2100,13.66,0,0,5.621
102,2011,95,2200,13.69,0,0,5.505
102,2011,95,2300,13.71,0,0,5.334
101,2011,95,2400,13.65,0,9.35
102,2011,95,2400,13.72,0,0,5.334
102,2011,96,100,13.72,0,0,5.423
102,2011,96,200,13.74,0,0,5.367
102,2011,96,300,13.75,0,0,5.406
102,2011,96,400,13.75,0,0,5.417
102,2011,96,500,13.76,0,0,5.445
102,2011,96,600,13.77,0,0,5.407
102,2011,96,700,13.77,0,0,5.379
102,2011,96,800,13.78,0,.133,61.52
102,2011,96,900,13.78,0,1,558.9
102,2011,96,1000,13.76,0,1,746
102,2011,96,1100,13.73,0,1,819
102,2011,96,1200,13.72,0,.966,755
102,2011,96,1300,13.69,0,.633,402.9
102,2011,96,1400,13.68,0,.533,274.1
102,2011,96,1500,13.66,0,.816,502.6
102,2011,96,1600,13.65,0,.9,592.2
102,2011,96,1700,13.63,0,.8,527.5
102,2011,96,1800,13.63,0,1,543.5
102,2011,96,1900,13.63,0,.733,218
102,2011,96,2000,13.64,0,0,6.524
102,2011,96,2100,13.65,0,0,5.802
102,2011,96,2200,13.66,0,0,5.643
102,2011,96,2300,13.68,0,0,5.599
101,2011,96,2400,13.63,0,9.51
102,2011,96,2400,13.69,0,0,5.516
102,2011,97,100,13.7,0,0,5.533
102,2011,97,200,13.72,0,0,5.389
102,2011,97,300,13.72,0,0,5.389
102,2011,97,400,13.73,0,0,5.461
102,2011,97,500,13.74,0,0,5.522
102,2011,97,600,13.75,0,0,5.527
102,2011,97,700,13.75,0,0,5.478
102,2011,97,800,13.75,0,.133,60.66
102,2011,97,900,13.75,0,1,461.5
102,2011,97,1000,13.74,0,1,649.8
102,2011,97,1100,13.72,0,1,774
102,2011,97,1200,13.7,0,.95,725
102,2011,97,1300,13.68,0,.866,582.3
102,2011,97,1400,13.66,0,.716,312.4
102,2011,97,1500,13.65,0,.65,352
102,2011,97,1600,13.64,0,.55,356.2
102,2011,97,1700,13.63,0,.966,681.1
102,2011,97,1800,13.63,0,1,589.8
102,2011,97,1900,13.63,0,.367,187.6
102,2011,97,2000,13.63,0,0,5.968
102,2011,97,2100,13.64,0,0,5.879
102,2011,97,2200,13.65,0,0,5.742
102,2011,97,2300,13.66,0,0,5.566
101,2011,97,2400,13.66,0,0
102,2011,97,2400,13.66,0,0,5.496
102,2011,98,100,13.72,0,0,5.56
102,2011,98,200,13.73,0,0,5.483
102,2011,98,300,13.74,0,0,5.378
102,2011,98,400,13.75,0,0,5.313
102,2011,98,500,13.77,0,0,5.357
102,2011,98,800,13.75,0,.067,81.7
102,2011,98,1000,13.78,0,.866,399.7
102,2011,98,1100,13.76,0,1,737
102,2011,98,1200,13.74,0,.933,668.8
102,2011,98,1300,13.72,0,.733,441.7
102,2011,98,1400,13.7,0,.2,165.8
102,2011,98,1500,13.68,0,.6,249
102,2011,98,1600,13.68,0,1,453.9
102,2011,98,1700,13.67,0,.267,120.4
102,2011,98,1800,13.72,0,0,5.692
102,2011,98,1900,13.73,0,0,5.527
102,2011,98,2000,13.75,0,0,5.549
102,2011,98,2200,13.75,0,0,5.293
102,2011,98,2300,13.78,0,0,5.302
101,2011,98,2400,13.75,0,0
102,2011,98,2400,13.78,0,0,5.33
102,2011,99,100,13.8,0,0,5.292
102,2011,99,200,13.8,0,0,5.303
102,2011,99,300,13.8,0,0,5.286
102,2011,99,400,13.8,0,0,5.331
102,2011,99,500,13.81,0,0,5.397
102,2011,99,600,13.82,0,0,5.413
102,2011,99,700,13.82,0,0,5.656
102,2011,99,2100,13.62,0,0,5.766
102,2011,99,2200,13.68,0,0,5.505
102,2011,99,2300,13.69,0,0,5.45
101,2011,99,2400,13.62,0,0
102,2011,99,2400,13.7,0,0,5.367
102,2011,100,100,13.72,0,0,5.351
102,2011,100,200,13.74,0,0,5.406
102,2011,100,300,13.75,0,0,5.379
102,2011,100,400,13.76,0,0,5.363
102,2011,100,500,13.77,0,0,5.357
102,2011,100,600,13.77,0,0,5.357
102,2011,100,2000,13.59,0,0,5.946
102,2011,100,2100,13.63,0,0,5.912
102,2011,100,2200,13.66,0,0,5.769
102,2011,100,2300,13.68,0,0,5.571
101,2011,100,2400,13.59,0,0
102,2011,100,2400,13.7,0,0,5.4
102,2011,101,100,13.72,0,0,5.323
102,2011,101,200,13.73,0,0,5.285
102,2011,101,300,13.75,0,0,5.307
102,2011,101,400,13.75,0,0,5.307
102,2011,101,500,13.76,0,0,5.412
102,2011,101,600,13.77,0,0,5.5
102,2011,101,700,13.77,0,0,5.572
102,2011,101,800,13.78,0,.15,70.5
102,2011,101,1000,13.75,0,.35,816
102,2011,101,1100,13.74,0,1,841
102,2011,101,1200,13.72,0,1,839
102,2011,101,1300,13.69,0,1,794
102,2011,101,1400,13.66,0,.933,518.2
102,2011,101,1500,13.64,0,1,632
102,2011,101,1600,13.63,0,1,708
102,2011,101,1700,13.62,0,1,729
102,2011,101,1800,13.61,0,1,622.2
102,2011,101,1900,13.61,0,.866,361.8
102,2011,101,2000,13.65,0,0,5.846
102,2011,101,2100,13.65,0,0,5.879
102,2011,101,2200,13.66,0,0,5.835
102,2011,101,2300,13.67,0,0,5.725
101,2011,101,2400,13.65,0,0
102,2011,101,2400,13.68,0,0,5.621
102,2011,102,100,13.7,0,0,5.544
102,2011,102,200,13.71,0,0,5.406
102,2011,102,300,13.73,0,0,5.4
102,2011,102,400,13.73,0,0,5.378
102,2011,102,500,13.75,0,0,5.384
102,2011,102,600,13.75,0,0,5.285
102,2011,102,700,13.77,0,0,5.286
102,2011,102,800,13.78,0,.1,53.18
102,2011,102,900,13.76,0,1,580.8
102,2011,102,1000,13.76,0,.35,793
102,2011,102,1100,13.74,0,1,811
102,2011,102,1200,13.7,0,1,827
102,2011,102,1500,13.59,0,.983,629.5
102,2011,102,1600,13.62,0,.983,669.6
102,2011,102,1700,13.62,0,.816,558.4
102,2011,102,2300,13.62,0,0,5.851
101,2011,102,2400,13.62,0,0
102,2011,102,2400,13.64,0,0,5.813
102,2011,103,100,13.69,0,0,5.659
102,2011,103,200,13.7,0,0,5.643
102,2011,103,300,13.7,0,0,5.643
102,2011,103,400,13.72,0,0,5.445
102,2011,103,500,13.73,0,0,5.34
102,2011,103,600,13.74,0,0,5.296
102,2011,103,700,13.76,0,0,5.307
102,2011,103,800,13.77,0,.067,35.11
102,2011,103,1800,13.55,0,.067,465.3
102,2011,103,1900,13.64,0,0,5.945
102,2011,103,2000,13.62,0,0,5.725
102,2011,103,2100,13.65,0,0,5.505
102,2011,103,2200,13.67,0,0,5.478
102,2011,103,2300,13.68,0,0,5.329
101,2011,103,2400,13.62,0,0
102,2011,103,2400,13.7,0,0,5.296
102,2011,104,100,13.71,0,0,5.29
102,2011,104,200,13.73,0,0,5.296
102,2011,104,300,13.73,0,0,5.285
102,2011,104,400,13.74,0,0,5.296
102,2011,104,500,13.74,0,0,5.285
102,2011,104,600,13.77,0,0,5.286
102,2011,104,700,13.78,0,0,5.286
102,2011,104,800,13.8,0,.033,154.3
102,2011,104,1700,13.68,0,.583,518.4
102,2011,104,2100,13.69,0,0,5.541
102,2011,105,1100,13.71,0,.183,848
102,2011,106,1900,13.6,0,0,20.31
102,2011,106,2300,13.66,0,0,5.55
101,2011,106,2400,13.66,0,0
102,2011,106,2400,13.7,0,0,5.389
102,2011,107,100,13.7,0,0,5.351
102,2011,107,200,13.73,0,0,5.313
102,2011,107,300,13.74,0,0,5.368
102,2011,107,400,13.75,0,0,5.341
102,2011,107,500,13.76,0,0,5.357
102,2011,107,600,13.77,0,0,5.335
102,2011,107,700,13.78,0,0,5.451
102,2011,107,800,13.78,0,.067,56.02
102,2011,107,900,13.77,0,1,551.3
102,2011,107,1000,13.76,0,1,758
102,2011,107,1100,13.74,0,.95,692
102,2011,107,1200,13.73,0,.333,179.2
102,2011,107,1300,13.71,0,.933,712
102,2011,111,800,13.67,0,.1,128.1
102,2011,111,900,13.69,0,1,594.6
102,2011,112,800,13.71,0,0,23.59
102,2011,112,900,13.72,0,.583,218.8
102,2011,112,1000,13.71,0,.966,552.9
102,2011,112,1300,13.67,0,.217,240.1
102,2011,112,1400,13.66,0,.7,359.1
102,2011,112,1500,13.64,0,.417,226.4
102,2011,112,1600,13.64,0,.75,660.5
102,2011,112,1700,13.64,0,.117,622.2
102,2011,112,1800,13.63,0,.483,281.7
102,2011,112,1900,13.67,0,0,5.527
102,2011,112,2000,13.7,0,0,5.505
102,2011,112,2100,13.71,0,0,5.555
102,2011,112,2200,13.72,0,0,5.538
102,2011,112,2300,13.73,0,0,5.511
101,2011,112,2400,13.63,0,.6
102,2011,112,2400,13.74,0,0,5.461
102,2011,113,100,13.75,0,0,5.407
102,2011,113,200,13.75,0,0,5.434
102,2011,113,300,13.76,0,0,5.44
102,2011,113,400,13.76,0,0,5.445
102,2011,113,500,13.77,0,0,5.374
102,2011,113,600,13.77,0,0,5.363
102,2011,113,700,13.79,0,0,5.424
102,2011,113,1400,13.67,0,.583,336.7
102,2011,113,1500,13.7,0,.566,274.8
102,2011,114,900,13.74,0,.516,628.5
102,2011,114,1000,13.75,0,1,739
102,2011,114,1100,13.75,0,.85,508.8
102,2011,114,1800,13.61,0,.017,24.24
102,2011,114,1900,13.62,0,0,5.577
102,2011,114,2000,13.75,0,0,5.615
102,2011,114,2100,13.75,0,0,5.582
102,2011,114,2200,13.75,0,0,5.533
102,2011,114,2300,13.75,0,0,5.505
101,2011,114,2400,13.75,0,0
102,2011,114,2400,13.76,0,0,5.368
102,2011,115,100,13.78,0,0,5.39
102,2011,115,200,13.78,0,0,5.423
102,2011,115,300,13.79,0,0,5.363
102,2011,115,400,13.77,0,0,5.433
102,2011,115,500,13.79,0,0,5.363
102,2011,115,600,13.8,0,0,5.374
102,2011,115,700,13.8,0,0,5.413
102,2011,115,800,13.81,0,.15,73.6
102,2011,115,900,13.8,0,1,602.3
102,2011,115,1000,13.78,0,1,681.9
102,2011,115,1100,13.77,0,.983,704
102,2011,115,1200,13.75,0,.716,365.9
102,2011,115,1300,13.74,0,.916,662.8
102,2011,115,1400,13.72,0,.783,408.7
102,2011,115,1500,13.7,0,.167,190.4
102,2011,115,1600,13.69,0,0,11.23
102,2011,115,1800,13.74,0,0,5.772
102,2011,115,1900,13.79,0,0,5.496
102,2011,115,2000,13.79,0,0,5.572
102,2011,115,2100,13.8,0,0,5.512
102,2011,115,2200,13.8,0,0,5.479
102,2011,115,2300,13.8,0,0,5.501
101,2011,115,2400,13.79,0,0
102,2011,115,2400,13.8,0,0,5.429
102,2011,116,100,13.8,0,0,5.378
102,2011,116,200,13.81,0,0,5.369
102,2011,116,300,13.8,0,0,5.32
102,2011,116,400,13.81,0,0,5.347
102,2011,116,500,13.81,0,0,5.331
102,2011,116,600,13.81,0,0,5.375
102,2011,116,700,13.82,0,0,5.364
102,2011,116,800,13.82,0,.133,59.07
102,2011,117,1300,13.71,0,.966,535.6
102,2011,117,1400,13.72,0,.833,306.3
102,2011,117,1500,13.71,0,.866,409.5
102,2011,117,1600,13.7,0,.983,512.6
102,2011,117,1700,13.7,0,.866,546.9
102,2011,117,1800,13.7,0,.45,183.3
102,2011,118,1700,13.74,0,0,8.46
102,2011,119,2100,13.67,0,0,5.616
102,2011,119,2200,13.72,0,0,5.478
102,2011,119,2300,13.76,0,0,5.479
102,2011,120,900,13.76,0,.6,589.2
102,2011,122,1000,13.74,0,.7,645.3
102,2011,122,1100,13.75,0,1,531.3
102,2011,122,1200,13.75,0,.95,364.3
102,2011,122,2100,13.69,0,0,5.533
102,2011,123,1000,13.78,0,0,5.578
102,2011,123,1100,13.84,0,0,5.65
102,2011,123,1200,13.84,0,.15,46.37
102,2011,123,1300,13.81,0,.383,116.5
102,2011,123,1400,13.8,0,0,5.947
102,2011,123,2100,13.73,0,0,5.503
102,2011,124,900,13.76,0,0,92.8
102,2011,124,1000,13.78,0,.716,465
102,2011,124,1100,13.82,0,.65,284.7
102,2011,124,1200,13.81,0,0,5.947
102,2011,124,1300,13.8,0,.25,57.74
102,2011,124,1400,13.78,0,1,363.9
102,2011,124,2200,13.7,0,0,5.591
102,2011,124,2300,13.74,0,0,5.462
101,2011,124,2400,13.7,0,0
102,2011,124,2400,13.79,0,0,5.423
102,2011,125,900,13.76,0,.067,122.7
102,2011,125,1000,13.82,0,1,625.6
102,2011,125,1100,13.8,0,1,668.8
102,2011,125,1200,13.77,0,1,610.8
102,2011,125,1300,13.75,0,1,717
102,2011,126,900,13.76,0,.05,48.63
102,2011,126,1000,13.82,0,.317,141.7
102,2011,126,1100,13.8,0,.566,299.1
102,2011,126,1200,13.79,0,.883,402.8
102,2011,126,1300,13.78,0,.633,356.2
102,2011,129,1000,13.73,0,.45,760
102,2011,129,1100,13.73,0,1,782
102,2011,129,1200,13.73,0,1,769
102,2011,129,1300,13.73,0,.883,597.3
102,2011,129,1400,13.72,0,.75,319.4
102,2011,130,900,13.73,0,.233,611.1
102,2011,130,1000,13.73,0,1,684.5
102,2011,130,1100,13.76,0,.916,637.3
102,2011,130,1200,13.74,0,.983,663.2
102,2011,130,1300,13.74,0,.916,542.5
102,2011,131,900,13.74,0,.233,428.1
102,2011,131,1000,13.75,0,1,540.8
102,2011,131,1100,13.78,0,1,539.6
102,2011,131,1200,13.77,0,1,467.3
102,2011,131,1300,13.76,0,.933,400
102,2011,131,1400,13.74,0,.566,201.4
102,2011,131,1500,13.73,0,.55,192.4
102,2011,131,1600,13.73,0,.4,170.8
102,2011,131,1700,13.74,0,.9,421.9
102,2011,131,1800,13.73,0,.233,339.5
102,2011,131,1900,13.72,0,.716,195.1
102,2011,131,2000,13.73,0,0,5.901
102,2011,131,2100,13.74,0,0,5.571
102,2011,131,2200,13.75,0,0,5.478
102,2011,131,2300,13.77,0,0,5.467
101,2011,131,2400,13.72,0,.95
102,2011,131,2400,13.77,0,0,5.445
102,2011,132,100,13.78,0,0,5.352
102,2011,132,200,13.79,0,0,5.33
102,2011,132,300,13.79,0,0,5.325
102,2011,132,400,13.8,0,0,5.336
102,2011,132,500,13.8,0,0,5.463
102,2011,132,600,13.8,0,0,5.529
102,2011,132,700,13.8,0,0,5.534
102,2011,132,800,13.81,0,.15,86.1
102,2011,132,900,13.8,0,1,579.1
102,2011,132,1200,13.72,0,.35,737
102,2011,132,1300,13.75,0,0,5.946
102,2011,132,1400,13.74,0,.55,268.3
102,2011,132,2100,13.68,0,0,5.533
102,2011,132,2200,13.75,0,0,5.489
102,2011,132,2300,13.76,0,0,5.517
101,2011,132,2400,13.68,0,0
102,2011,132,2400,13.77,0,0,5.407
102,2011,133,100,13.77,0,0,5.291
102,2011,133,200,13.78,0,0,5.423
102,2011,133,300,13.78,0,0,5.319
102,2011,133,400,13.79,0,0,5.325
102,2011,133,500,13.79,0,0,5.44
102,2011,133,600,13.8,0,0,5.512
102,2011,133,700,13.8,0,0,5.518
102,2011,133,800,13.81,0,.15,68.1
102,2011,133,900,13.81,0,1,422.9
102,2011,133,1100,13.78,0,.033,785
102,2011,133,1200,13.77,0,.916,605.2
102,2011,133,1300,13.75,0,.833,528.3
102,2011,133,1400,13.74,0,.8,348.5
102,2011,133,1600,13.68,0,.2,311.1
102,2011,133,1700,13.7,0,.65,335.1
102,2011,133,1800,13.72,0,0,5.762
102,2011,133,2100,13.73,0,0,5.401
102,2011,133,2200,13.77,0,0,5.357
102,2011,133,2300,13.77,0,0,5.308
101,2011,133,2400,13.73,0,0
102,2011,133,2400,13.78,0,0,5.297
102,2011,134,100,13.8,0,0,5.286
102,2011,134,200,13.8,0,0,5.297
102,2011,134,300,13.8,0,0,5.353
102,2011,134,400,13.82,0,0,5.347
102,2011,134,500,13.82,0,0,5.303
102,2011,134,600,13.82,0,0,5.287
102,2011,134,700,13.83,0,0,5.298
102,2011,134,800,13.83,0,.233,95.1
102,2011,134,900,13.82,0,1,572.1
102,2011,134,1100,13.78,0,.65,802
102,2011,134,1200,13.77,0,.333,809
102,2011,134,1300,13.74,0,1,759
102,2011,134,1400,13.73,0,.783,423.1
102,2011,134,1500,13.7,0,1,576.3
102,2011,134,1600,13.69,0,.833,508.9
102,2011,134,1700,13.68,0,.733,447.4
102,2011,134,1800,13.69,0,.583,460.6
102,2011,134,1900,13.69,0,.666,243
102,2011,134,2000,13.72,0,0,5.765
101,2011,134,2400,13.71,0,0
102,2011,134,2400,13.71,0,0,5.482
102,2011,135,100,13.75,0,0,5.478
102,2011,135,200,13.76,0,0,5.539
102,2011,135,300,13.76,0,0,5.55
102,2011,135,400,13.77,0,0,5.511
102,2011,135,500,13.77,0,0,5.407
102,2011,135,600,13.79,0,0,5.298
102,2011,135,700,13.8,0,0,5.287
102,2011,135,800,13.82,0,.233,97.4
102,2011,135,900,13.81,0,1,611.8
102,2011,135,1000,13.79,0,1,752
102,2011,135,1100,13.77,0,1,798
102,2011,135,1200,13.75,0,1,808
102,2011,135,1300,13.72,0,.333,717
102,2011,135,1400,13.7,0,.966,511.1
102,2011,135,1500,13.69,0,.733,388.2
102,2011,139,1000,13.73,0,.217,597.2
102,2011,139,1100,13.73,0,1,637.4
102,2011,139,1200,13.72,0,.9,555.2
102,2011,139,1300,13.72,0,.983,557.5
102,2011,139,1400,13.71,0,.566,211.4
102,2011,139,1900,13.65,.55561,0,5.566
102,2011,139,2000,13.73,3.075,0,5.578
102,2011,139,2100,13.75,0,0,5.545
102,2011,139,2200,13.77,0,0,5.529
102,2011,139,2300,13.77,0,0,5.496
101,2011,139,2400,13.65,3.6306,0
102,2011,139,2400,13.78,0,0,5.534
102,2011,140,100,13.79,0,0,5.584
102,2011,140,200,13.79,0,0,5.567
102,2011,140,300,13.8,0,0,5.545
102,2011,140,400,13.8,0,0,5.711
102,2011,140,500,13.8,0,0,5.716
102,2011,140,600,13.8,0,0,5.711
102,2011,140,700,13.82,0,0,5.562
102,2011,140,800,13.82,0,0,5.578
102,2011,140,1700,13.72,12.579,.383,146.1
102,2011,140,1800,13.77,0,0,5.605
102,2011,140,1900,13.79,0,0,5.551
102,2011,140,2100,13.82,0,0,5.571
102,2011,141,1300,13.75,0,0,5.947
102,2011,141,1400,13.75,0,0,5.947
102,2011,141,1500,13.79,0,.15,47.95
102,2011,141,1600,13.78,0,0,8.63
102,2011,141,1700,13.78,0,.017,8.98
102,2011,141,1800,13.77,0,.45,142.3
102,2011,141,1900,13.77,0,0,11.73
102,2011,141,2000,13.79,0,0,5.578
102,2011,141,2100,13.8,0,0,5.562
102,2011,141,2200,13.81,0,0,5.584
102,2011,141,2300,13.8,0,0,5.595
101,2011,141,2400,13.75,0,.616
102,2011,141,2400,13.8,0,0,5.595
102,2011,142,100,13.81,0,0,5.612
102,2011,142,200,13.82,0,0,5.562
102,2011,142,300,13.82,0,0,5.551
102,2011,142,400,13.82,0,0,5.584
102,2011,142,500,13.82,0,0,5.578
102,2011,142,600,13.82,0,0,5.634
102,2011,142,700,13.84,0,0,5.7
102,2011,142,1100,13.8,0,.067,27.02
102,2011,142,1200,13.82,0,0,52.05
102,2011,142,1300,13.81,0,.117,48.53
102,2011,142,1400,13.79,0,.083,29.8
102,2011,142,1500,13.78,0,.083,29.66
102,2011,143,1100,13.75,0,.65,513.7
102,2011,144,800,13.76,0,.417,281.4
102,2011,144,900,13.78,0,1,540.7
102,2011,144,1000,13.82,0,.816,720
102,2011,144,1400,13.73,0,.033,19.67
102,2011,144,1500,13.77,0,0,10.79
102,2011,144,1600,13.79,0,.167,64.56
102,2011,144,1700,13.8,0,.65,207.5
102,2011,144,2000,13.72,0,0,5.582
102,2011,144,2100,13.8,0,0,5.545
102,2011,144,2200,13.8,0,0,5.507
102,2011,144,2300,13.8,0,0,5.314
101,2011,144,2400,13.72,0,0
102,2011,144,2400,13.81,0,0,5.298
102,2011,145,100,13.81,0,0,5.292
102,2011,145,200,13.81,0,0,5.336
102,2011,145,300,13.82,0,0,5.38
102,2011,145,400,13.83,0,0,5.397
102,2011,145,500,13.84,0,0,5.463
102,2011,145,600,13.84,0,0,5.534
102,2011,145,700,13.84,0,0,5.556
102,2011,145,800,13.84,0,0,10.52
102,2011,145,900,13.85,0,0,14.11
102,2011,145,1000,13.85,0,0,9.68
102,2011,145,1100,13.84,0,.183,67.09
102,2011,145,1200,13.82,0,.55,373.4
102,2011,145,1300,13.79,0,1,662.2
102,2011,145,1400,13.78,0,.833,447.4
102,2011,145,1500,13.77,0,.916,446.8
102,2011,145,1600,13.75,0,.816,364.2
102,2011,145,1700,13.75,0,.5,221.1
102,2011,145,1800,13.74,0,0,56.27
102,2011,145,1900,13.74,0,0,19.88
102,2011,145,2000,13.74,0,0,5.676
102,2011,145,2100,13.76,0,0,5.561
102,2011,145,2200,13.77,0,0,5.561
102,2011,145,2300,13.77,0,0,5.561
101,2011,145,2400,13.74,0,4.798
102,2011,145,2400,13.77,0,0,5.578
102,2011,146,100,13.78,0,0,5.545
102,2011,146,200,13.79,0,0,5.529
102,2011,146,300,13.8,0,0,5.556
102,2011,146,400,13.8,0,0,5.446
102,2011,146,500,13.8,0,0,5.287
102,2011,146,600,13.82,0,0,5.298
102,2011,146,700,13.82,0,0,5.287
102,2011,146,800,13.83,0,.25,62.4
102,2011,146,900,13.83,0,.8,303
102,2011,146,1000,13.83,0,.3,456.2
102,2011,146,1100,13.81,0,.75,460.2
102,2011,146,1300,13.79,0,.566,534.9
102,2011,146,1400,13.77,0,.783,387.1
102,2011,146,1500,13.75,0,.733,417.8
102,2011,146,1600,13.74,0,.7,463.4
102,2011,146,1700,13.73,0,1,653.8
102,2011,146,1800,13.73,0,.05,474
102,2011,146,2000,13.64,0,0,6.016
102,2011,146,2100,13.71,0,0,5.586
102,2011,146,2200,13.74,0,0,5.577
102,2011,146,2300,13.75,0,0,5.478
101,2011,146,2400,13.71,0,0
102,2011,146,2400,13.76,0,0,5.352
102,2011,147,100,13.77,0,0,5.291
102,2011,147,200,13.77,0,0,5.292
102,2011,147,300,13.78,0,0,5.303
102,2011,147,400,13.79,0,0,5.358
102,2011,147,500,13.79,0,0,5.353
102,2011,147,600,13.8,0,0,5.298
102,2011,147,700,13.81,0,0,5.287
102,2011,147,800,13.82,0,0,14
102,2011,147,900,13.83,0,.117,238.9
102,2011,147,1000,13.81,0,.533,214.4
102,2011,147,1100,13.8,0,.816,555.5
102,2011,147,1200,13.79,0,.267,487
102,2011,147,1300,13.77,0,.733,439.4
102,2011,147,1400,13.75,0,.317,167.1
102,2011,147,1500,13.74,0,.45,279
102,2011,147,1600,13.72,0,1,628.9
102,2011,147,1700,13.72,0,.6,389.2
101,2011,147,2400,13.73,0,0
102,2011,147,2400,13.73,0,0,5.587
102,2011,148,1900,13.66,0,0,5.819
102,2011,149,1500,13.66,0,.716,431.1
102,2011,149,1600,13.68,0,.9,487
102,2011,149,1700,13.68,0,.983,589.8
102,2011,149,1800,13.68,0,1,481.4
102,2011,149,1900,13.68,0,.6,200.4
102,2011,149,2000,13.7,0,0,5.775
102,2011,149,2100,13.71,0,0,5.648
102,2011,149,2200,13.72,0,0,5.643
102,2011,149,2300,13.73,0,0,5.599
101,2011,149,2400,13.66,0,4.198
102,2011,149,2400,13.74,0,0,5.561
102,2011,150,100,13.74,0,0,5.489
102,2011,150,200,13.75,0,0,5.33
102,2011,150,300,13.76,0,0,5.292
102,2011,150,400,13.77,0,0,5.319
102,2011,150,500,13.77,0,0,5.468
102,2011,150,600,13.78,0,0,5.369
102,2011,150,700,13.79,0,0,5.331
102,2011,150,800,13.79,0,.317,111.4
102,2011,150,900,13.78,0,.117,631.8
102,2011,150,1000,13.79,0,1,701
102,2011,150,1100,13.78,0,.466,309.3
102,2011,150,1200,13.76,0,.983,747
102,2011,150,1300,13.75,0,1,650.4
102,2011,150,1400,13.73,0,1,557.4
102,2011,150,1500,13.72,0,.666,331.8
102,2011,150,1600,13.7,0,.683,335.6
102,2011,150,1700,13.7,0,.533,205.3
102,2011,150,1900,13.67,0,0,5.863
102,2011,150,2300,13.71,0,0,5.585
101,2011,150,2400,13.71,0,0
102,2011,150,2400,13.77,0,0,5.434
102,2011,151,100,13.77,0,0,5.314
102,2011,151,200,13.78,0,0,5.292
102,2011,151,300,13.79,0,0,5.298
102,2011,151,400,13.79,0,0,5.287
102,2011,151,500,13.79,0,0,5.287
102,2011,151,600,13.8,0,0,5.287
102,2011,151,700,13.82,0,0,5.287
102,2011,151,800,13.83,0,.317,126
102,2011,151,900,13.82,0,.533,600.3
102,2011,151,1000,13.81,0,.95,560
102,2011,151,1100,13.79,0,1,629.2
102,2011,151,1200,13.77,0,1,787
102,2011,151,1300,13.75,0,.95,641.4
102,2011,151,1400,13.72,0,.933,488.8
102,2011,151,1500,13.71,0,.5,271.9
102,2011,151,1600,13.7,0,.683,449
102,2011,151,1700,13.7,0,1,643.9
102,2011,151,1800,13.7,0,1,505.8
102,2011,151,1900,13.7,0,.616,216.4
102,2011,152,900,13.76,0,.017,31.03
102,2011,152,1000,13.79,0,1,680.5
102,2011,152,1100,13.78,0,1,710
102,2011,152,1200,13.77,0,1,792
102,2011,152,1300,13.74,0,1,701
102,2011,152,1400,13.73,0,.95,499.8
102,2011,152,1500,13.72,0,.2,97.4
102,2011,152,1600,13.71,0,.65,352.4
102,2011,152,1700,13.71,0,.566,272.7
102,2011,152,2000,13.68,0,0,5.615
102,2011,152,2100,13.74,0,0,5.56
102,2011,152,2200,13.75,0,0,5.533
102,2011,152,2300,13.75,0,0,5.467
101,2011,152,2400,13.68,0,0
102,2011,152,2400,13.76,0,0,5.407
102,2011,153,100,13.77,0,0,5.396
102,2011,153,200,13.77,0,0,5.325
102,2011,153,300,13.77,0,0,5.375
102,2011,153,400,13.77,0,0,5.358
102,2011,153,500,13.78,0,0,5.353
102,2011,153,600,13.79,0,0,5.38
102,2011,153,700,13.79,0,0,5.413
102,2011,153,800,13.79,0,0,6.041
102,2011,153,900,13.8,0,.483,605.3
102,2011,153,1000,13.79,0,1,717
102,2011,153,1100,13.78,0,1,687.9
102,2011,153,1200,13.76,0,1,813
102,2011,153,1300,13.74,0,.95,722
102,2011,153,1400,13.72,0,.883,455.3
102,2011,153,1500,13.72,0,.516,267.2
102,2011,153,1600,13.7,0,0,7.56
102,2011,153,1700,13.7,0,0,7.51
102,2011,153,1800,13.7,0,0,6.045
102,2011,153,1900,13.72,0,0,5.951
102,2011,153,2000,13.73,0,0,5.616
102,2011,153,2200,13.72,0,0,5.368
102,2011,153,2300,13.77,0,0,5.572
101,2011,153,2400,13.72,0,0
102,2011,153,2400,13.77,0,0,5.473
102,2011,154,100,13.77,0,0,5.517
102,2011,154,200,13.77,0,0,5.529
102,2011,154,300,13.77,0,0,5.512
102,2011,154,400,13.77,0,0,5.611
102,2011,154,500,13.78,0,0,5.567
102,2011,154,600,13.78,0,0,5.567
102,2011,154,700,13.79,0,0,5.556
102,2011,154,800,13.79,0,0,5.595
102,2011,154,900,13.79,0,0,10.84
102,2011,154,1000,13.78,0,.017,27.5
102,2011,154,1100,13.77,0,.7,739
102,2011,154,1200,13.74,0,1,780
102,2011,154,1300,13.73,0,.966,688.4
102,2011,154,1400,13.71,0,1,538.9
102,2011,154,1500,13.7,0,.933,537
102,2011,154,1600,13.69,0,.933,513.8
102,2011,154,1700,13.68,0,.583,344.6
102,2011,154,1800,13.68,0,.933,440.4
102,2011,154,1900,13.69,0,.633,212.5
102,2011,154,2200,13.71,0,0,5.565
102,2011,154,2300,13.76,0,0,5.523
101,2011,154,2400,13.71,0,0
102,2011,154,2400,13.77,0,0,5.347
102,2011,155,100,13.77,0,0,5.33
102,2011,155,200,13.77,0,0,5.374
102,2011,155,300,13.77,0,0,5.479
102,2011,155,400,13.77,0,0,5.551
102,2011,155,500,13.78,0,0,5.595
102,2011,155,600,13.78,0,0,5.584
102,2011,155,700,13.78,0,0,5.584
102,2011,155,800,13.78,0,.15,51.31
102,2011,155,900,13.78,0,.783,377.6
102,2011,155,1000,13.77,0,1,680.4
102,2011,155,1100,13.75,0,1,739
102,2011,155,1200,13.74,0,1,750
102,2011,155,1300,13.72,0,.583,421.2
102,2011,155,1400,13.71,0,.85,427
102,2011,155,1500,13.7,0,.616,311.9
102,2011,155,1600,13.68,0,.6,347.5
102,2011,155,1700,13.69,0,.433,238.8
102,2011,155,1800,13.68,0,1,481.5
102,2011,155,1900,13.68,0,.633,229.6
102,2011,155,2000,13.69,0,0,6.237
102,2011,155,2100,13.7,0,0,5.687
102,2011,155,2200,13.72,0,0,5.637
102,2011,155,2300,13.72,0,0,5.637
101,2011,155,2400,13.68,0,8.65
102,2011,155,2400,13.74,0,0,5.544
102,2011,156,100,13.74,0,0,5.506
102,2011,156,200,13.75,0,0,5.528
102,2011,156,300,13.77,0,0,5.462
102,2011,156,400,13.77,0,0,5.319
102,2011,156,500,13.78,0,0,5.413
102,2011,156,600,13.78,0,0,5.551
102,2011,156,700,13.79,0,0,5.523
102,2011,156,800,13.79,0,.317,131.8
102,2011,156,900,13.79,0,1,519.8
102,2011,156,1000,13.78,0,1,681.5
102,2011,156,1100,13.77,0,1,738
102,2011,156,1200,13.75,0,.966,712
102,2011,156,1300,13.73,0,.866,591.4
102,2011,156,1400,13.71,0,.95,492.9
102,2011,156,1500,13.7,0,.8,365
102,2011,156,1600,13.68,0,.983,527.5
102,2011,156,1700,13.68,0,.533,272.1
102,2011,156,1800,13.68,0,.716,438.3
102,2011,156,1900,13.67,0,.616,196.4
102,2011,156,2000,13.68,0,0,6.182
102,2011,156,2100,13.69,0,0,5.731
102,2011,156,2200,13.7,0,0,5.621
102,2011,156,2300,13.71,0,0,5.626
101,2011,156,2400,13.67,0,1.333
102,2011,156,2400,13.72,0,0,5.582
102,2011,157,100,13.73,0,0,5.517
102,2011,157,200,13.74,0,0,5.445
102,2011,157,300,13.75,0,0,5.319
102,2011,157,400,13.75,0,0,5.336
102,2011,157,500,13.75,0,0,5.319
102,2011,157,600,13.75,0,0,5.385
102,2011,157,700,13.76,0,0,5.347
102,2011,157,800,13.76,0,0,5.639
102,2011,158,1800,13.67,0,.117,138.1
102,2011,158,1900,13.67,0,.033,65.03
102,2011,158,2100,13.74,0,0,5.402
102,2011,158,2200,13.77,0,0,5.545
102,2011,158,2300,13.78,0,0,5.534
101,2011,158,2400,13.74,0,0
102,2011,158,2400,13.78,0,0,5.562
102,2011,159,100,13.8,0,0,5.485
102,2011,159,200,13.81,0,0,5.518
102,2011,159,300,13.82,0,0,5.479
102,2011,159,400,13.82,0,0,5.446
102,2011,159,500,13.82,0,0,5.496
102,2011,159,600,13.82,0,0,5.479
102,2011,159,700,13.82,0,0,5.457
102,2011,159,800,13.82,0,.283,98.5
102,2011,159,900,13.82,0,1,485.9
102,2011,159,1600,13.66,0,.233,481.5
102,2011,159,1700,13.69,0,.75,410.8
102,2011,159,1800,13.71,0,1,449.6
102,2011,159,1900,13.71,0,.616,158.6
102,2011,159,2000,13.73,0,0,5.819
102,2011,159,2100,13.72,0,0,5.649
102,2011,159,2200,13.74,0,0,5.533
102,2011,159,2300,13.74,0,0,5.446
101,2011,159,2400,13.72,0,0
102,2011,159,2400,13.75,0,0,5.451
102,2011,160,100,13.75,0,0,5.363
102,2011,160,200,13.76,0,0,5.352
102,2011,160,300,13.77,0,0,5.364
102,2011,160,400,13.77,0,0,5.402
102,2011,160,500,13.78,0,0,5.336
102,2011,160,600,13.78,0,0,5.358
102,2011,160,700,13.79,0,0,5.336
102,2011,160,800,13.8,0,.283,155.7
102,2011,160,900,13.81,0,.033,611.3
102,2011,160,1000,13.78,0,1,646.4
102,2011,160,1100,13.77,0,1,725
102,2011,160,1200,13.75,0,1,746
102,2011,160,1300,13.73,0,1,699.4
102,2011,160,1400,13.69,0,.716,495.4
102,2011,160,1500,13.7,0,.933,496.9
102,2011,160,1600,13.68,0,1,554.5
102,2011,160,1700,13.68,0,.666,489.7
102,2011,160,1800,13.68,0,.9,359.4
102,2011,160,1900,13.68,0,0,7.54
102,2011,160,2000,13.68,0,0,5.893
102,2011,160,2100,13.7,0,0,5.835
102,2011,160,2200,13.71,0,0,5.731
102,2011,160,2300,13.72,0,0,5.61
101,2011,160,2400,13.68,0,0
102,2011,160,2400,13.73,0,0,5.572
102,2011,161,100,13.73,0,0,5.456
102,2011,161,200,13.75,0,0,5.346
102,2011,161,300,13.75,0,0,5.319
102,2011,161,400,13.76,0,0,5.292
102,2011,161,500,13.77,0,0,5.303
102,2011,161,600,13.77,0,0,5.314
102,2011,161,700,13.78,0,0,5.501
102,2011,161,800,13.79,0,0,5.529
102,2011,161,900,13.79,0,0,5.645
102,2011,161,1000,13.79,0,.283,128.4
102,2011,161,1100,13.77,0,0,13.92
102,2011,161,1200,13.76,0,.033,20.33
102,2011,161,1300,13.75,0,.033,24.2
102,2011,161,1400,13.75,0,0,13.1
102,2011,161,1500,13.74,0,0,5.947
102,2011,161,1600,13.75,0,0,5.655
102,2011,161,1700,13.79,0,0,5.573
102,2011,161,1800,13.81,0,0,5.573
102,2011,161,1900,13.83,0,0,5.584
102,2011,161,2100,13.84,0,0,5.408
102,2011,161,2200,13.84,0,0,5.292
102,2011,161,2300,13.83,0,0,5.292
101,2011,161,2400,13.82,0,0
102,2011,161,2400,13.82,0,0,5.287
102,2011,162,100,13.82,0,0,5.298
102,2011,162,200,13.82,0,0,5.287
102,2011,162,300,13.82,0,0,5.292
102,2011,162,400,13.82,0,0,5.292
102,2011,162,500,13.83,0,0,5.314
102,2011,162,600,13.84,0,0,5.292
102,2011,162,700,13.84,0,0,5.292
102,2011,162,800,13.85,0,0,5.292
102,2011,162,900,13.84,0,0,5.457
102,2011,162,1000,13.84,0,0,5.859
102,2011,162,1100,13.83,0,0,5.947
102,2011,162,1400,13.82,0,0,5.947
102,2011,162,1500,13.8,0,.533,164.6
102,2011,162,1600,13.79,0,.55,237
102,2011,162,1700,13.79,0,.383,166.8
102,2011,162,1800,13.78,0,.05,48.59
102,2011,162,1900,13.78,0,0,5.898
102,2011,162,2000,13.78,0,0,5.562
102,2011,162,2100,13.79,0,0,5.347
102,2011,162,2200,13.8,0,0,5.298
102,2011,162,2300,13.81,0,0,5.287
101,2011,162,2400,13.78,0,.05
102,2011,162,2400,13.82,0,0,5.336
102,2011,163,100,13.82,0,0,5.457
102,2011,163,200,13.82,0,0,5.507
102,2011,163,300,13.82,0,0,5.518
102,2011,163,400,13.82,0,0,5.518
102,2011,163,500,13.82,0,0,5.485
102,2011,163,600,13.84,0,0,5.523
102,2011,163,700,13.84,0,0,5.617
102,2011,163,800,13.84,0,0,25.44
102,2011,163,900,13.85,0,0,20.03
102,2011,163,1000,13.84,0,0,5.87
102,2011,163,1100,13.84,0,.3,130.4
102,2011,163,1200,13.81,0,.55,277.4
102,2011,163,1300,13.8,0,.25,139.7
102,2011,163,1400,13.79,0,.2,58.23
102,2011,163,1500,13.77,0,.35,129.3
102,2011,163,1600,13.75,0,.916,465.3
102,2011,163,1700,13.75,0,.8,345.3
102,2011,163,1800,13.75,0,.5,164.9
102,2011,163,1900,13.75,0,.083,26.48
102,2011,163,2000,13.75,0,0,5.655
102,2011,163,2100,13.77,0,0,5.578
102,2011,163,2200,13.77,51.255,0,5.529
102,2011,163,2300,13.78,0,0,5.551
101,2011,163,2400,13.75,51.255,3.948
102,2011,163,2400,13.79,0,0,5.578
102,2011,164,100,13.79,0,0,5.578
102,2011,164,200,13.8,0,0,5.578
102,2011,164,300,13.8,0,0,5.562
102,2011,164,400,13.8,0,0,5.551
102,2011,164,500,13.81,0,0,5.556
102,2011,164,600,13.8,0,0,5.551
102,2011,164,700,13.81,0,0,5.562
102,2011,164,800,13.82,0,0,11.32
102,2011,164,900,13.82,0,.816,312.2
102,2011,164,1000,13.81,0,1,513.7
102,2011,164,1100,13.8,0,.55,633.8
102,2011,164,1200,13.8,0,.816,450.6
102,2011,164,1300,13.78,0,.95,552.2
102,2011,164,1400,13.76,0,.733,320.3
102,2011,164,1500,13.75,0,.95,448.1
102,2011,164,1600,13.74,0,.8,344.2
102,2011,164,1700,13.74,0,0,9.47
102,2011,164,1800,13.74,0,0,5.946
102,2011,165,900,13.76,0,.2,183.8
102,2011,165,1200,13.75,0,.317,598.3
102,2011,165,1300,13.75,0,.733,579.5
102,2011,165,1400,13.74,0,.966,428
102,2011,165,1500,13.73,0,.783,354.3
102,2011,165,1600,13.73,0,.267,95
102,2011,165,1700,13.74,0,.55,281.8
102,2011,165,2100,13.72,0,0,5.434
102,2011,165,2200,13.77,0,0,5.397
102,2011,165,2300,13.77,0,0,5.364
101,2011,165,2400,13.72,0,0
102,2011,165,2400,13.79,0,0,5.419
102,2011,166,100,13.79,0,0,5.49
102,2011,166,200,13.79,0,0,5.49
102,2011,166,300,13.8,0,0,5.556
102,2011,166,400,13.8,0,0,5.556
102,2011,166,500,13.8,0,0,5.534
102,2011,166,600,13.82,0,0,5.556
102,2011,166,700,13.82,0,0,5.551
102,2011,166,800,13.84,0,0,11.88
102,2011,166,900,13.83,0,.167,114
102,2011,166,1000,13.82,0,.933,462.4
102,2011,166,1100,13.82,0,.05,138.6
102,2011,166,1200,13.79,0,.483,570.1
102,2011,166,1300,13.77,0,.916,649.5
102,2011,166,1400,13.75,0,.55,258
102,2011,166,1500,13.74,0,.483,212.8
102,2011,166,1600,13.74,0,0,6.409
102,2011,166,1700,13.74,0,.017,10.69
102,2011,166,1800,13.73,0,0,5.946
102,2011,166,1900,13.73,0,0,13.53
102,2011,166,2100,13.76,0,0,5.856
102,2011,166,2200,13.76,0,0,5.611
102,2011,166,2300,13.77,0,0,5.518
101,2011,166,2400,13.76,0,0
102,2011,166,2400,13.77,0,0,5.457
102,2011,167,100,13.77,0,0,5.606
102,2011,167,200,13.77,0,0,5.562
102,2011,167,300,13.77,0,0,5.573
102,2011,167,400,13.77,0,0,5.529
102,2011,167,500,13.77,0,0,5.545
102,2011,167,600,13.78,0,0,5.523
102,2011,167,700,13.79,0,0,5.466
102,2011,167,800,13.79,0,.25,78.7
102,2011,167,900,13.79,0,1,447.9
102,2011,168,800,13.71,0,.233,110.1
102,2011,168,900,13.75,0,1,438.4
102,2011,168,1000,13.74,0,1,625.1
102,2011,168,1100,13.73,0,1,692.4
102,2011,168,1200,13.72,0,1,708
102,2011,168,1300,13.71,0,1,657.3
102,2011,168,1400,13.69,0,.95,449
102,2011,168,1500,13.68,0,.9,427.8
102,2011,168,1600,13.66,0,1,476.3
102,2011,168,1700,13.66,0,1,473
102,2011,168,1800,13.66,0,1,320.3
102,2011,168,1900,13.66,0,.35,91.7
102,2011,168,2000,13.68,0,0,5.824
102,2011,168,2100,13.69,0,0,5.725
102,2011,168,2200,13.7,0,0,5.714
102,2011,168,2300,13.72,0,0,5.692
101,2011,168,2400,13.66,0,10.43
102,2011,168,2400,13.72,0,0,5.604
102,2011,169,100,13.72,0,0,5.625
102,2011,169,200,13.74,0,0,5.567
102,2011,169,300,13.74,0,0,5.456
102,2011,169,400,13.75,0,0,5.512
102,2011,169,500,13.75,0,0,5.474
102,2011,169,600,13.76,0,0,5.386
102,2011,169,700,13.77,0,0,5.391
102,2011,169,800,13.77,0,0,17.69
102,2011,169,900,13.77,0,.666,167.3
102,2011,169,1600,13.63,0,.133,398
102,2011,169,1700,13.63,0,1,353.7
102,2011,169,2100,13.63,0,0,5.801
102,2011,169,2200,13.72,0,0,5.739
102,2011,169,2300,13.73,0,0,5.698
101,2011,169,2400,13.72,0,0
102,2011,169,2400,13.72,0,0,5.654
102,2011,170,100,13.73,2.9601,0,5.654
102,2012,5,1700,12.13,0,0,-1.569
102,2012,5,1800,12.1,0,0,-2.911
102,2012,5,1900,12.09,0,0,-1.652
102,2012,5,2000,12.08,35.864,0,-1.652
102,2012,5,2100,12.11,0,0,-1.652
102,2012,5,2200,12.11,0,0,-1.652
102,2012,5,2300,12.11,0,0,-1.613
101,2012,5,2400,12.08,35.864,0
102,2012,5,2400,12.11,0,0,-1.613
102,2012,6,100,12.11,0,0,-1.608
102,2012,6,200,12.1,0,0,-1.597
102,2012,6,300,12.1,0,0,-1.735
102,2012,6,400,12.09,0,0,-1.823
102,2012,6,500,12.09,0,0,-1.806
102,2012,6,600,12.09,0,0,-1.762
102,2012,6,700,12.09,0,0,-1.823
102,2012,6,800,12.08,42.178,0,-1.707
102,2012,6,900,12.08,263.83,0,-1.966
102,2012,6,1000,12.08,272.38,0,-1.982
102,2012,6,1100,12.09,172.44,0,-1.971
102,2012,6,1200,12.09,2955.2,0,-1.658
102,2012,6,1300,12.09,2906.7,0,-1.657
102,2012,6,1400,12.09,35.685,0,-2.015
102,2012,6,1500,12.1,132.03,0,-1.982
102,2012,6,1600,12.1,297.19,0,-1.993
102,2012,6,1700,12.1,270.51,0,-1.998
102,2012,6,1800,12.1,590.73,0,-1.674
102,2012,6,1900,12.1,6.593,0,-1.652
102,2012,6,2000,12.1,0,0,-1.707
102,2012,6,2100,12.1,0,0,-1.943
102,2012,6,2200,12.09,0,0,-2.037
102,2012,6,2300,12.09,0,0,-2.026
101,2012,6,2400,12.08,7945.5,0
102,2012,6,2400,12.09,0,0,-2.004
102,2012,7,100,12.09,0,0,-1.954
102,2012,7,200,12.09,0,0,-1.927
102,2012,7,300,12.09,0,0,-1.894
102,2012,7,400,12.09,0,0,-1.85
102,2012,7,500,12.08,0,0,-1.773
102,2012,7,600,12.08,0,0,-1.801
102,2012,7,700,12.08,0,0,-1.828
102,2012,7,800,12.08,54.277,0,-1.768
102,2012,7,900,12.07,201.82,0,-1.861
102,2012,7,1000,12.08,1166.8,0,-1.817
102,2012,7,1100,12.08,519.02,0,-1.927
102,2012,7,1200,12.08,966.59,0,-1.746
102,2012,7,1300,12.08,767.71,0,-1.872
102,2012,7,1400,12.09,726.76,0,-1.839
102,2012,7,1500,12.09,743.04,0,-1.795
102,2012,7,1600,12.09,1540.7,0,-1.756
102,2012,7,1700,12.09,1581.1,0,-1.652
102,2012,7,1800,12.09,653.56,0,-1.652
102,2012,7,1900,12.09,29.351,0,-1.718
102,2012,7,2000,12.09,0,0,-2.004
102,2012,7,2100,12.09,0,0,-1.987
102,2012,7,2200,12.08,0,0,-1.916
102,2012,7,2300,12.08,0,0,-1.811
101,2012,7,2400,12.07,8950.8,0
102,2012,7,2400,12.08,0,0,-1.85
102,2012,8,100,12.08,0,0,-1.74
102,2012,8,200,12.07,0,0,-1.8
102,2012,8,300,12.07,0,0,-1.839
102,2012,8,400,12.07,0,0,-1.845
102,2012,8,500,12.07,0,0,-1.613
102,2012,8,600,12.07,0,0,-1.652
102,2012,8,700,12.07,0,0,-1.718
102,2012,8,800,12.06,63.762,0,-1.746
102,2012,8,900,12.07,750.58,0,-1.867
102,2012,8,1000,12.07,849.38,0,-1.949
102,2012,8,1100,12.07,324.78,0,-1.988
102,2012,8,1200,12.07,145.93,0,-1.993
102,2012,8,1300,12.07,15.104,0,-1.943
102,2012,8,1400,12.07,157.78,0,-1.927
102,2012,8,1500,12.08,169.92,0,-1.861
102,2012,8,1600,12.08,280.64,0,-1.883
102,2012,8,1700,12.08,921.84,0,-1.872
102,2012,8,1800,12.08,682.71,0,-1.905
102,2012,8,1900,12.08,43.356,0,-1.916
102,2012,8,2000,12.08,0,0,-1.674
102,2012,8,2100,12.08,0,0,-1.652
102,2012,8,2200,12.08,0,0,-1.652
102,2012,8,2300,12.07,0,0,-1.437
101,2012,8,2400,12.06,4405.8,0
102,2012,8,2400,12.07,0,0,-1.195
102,2012,9,100,12.07,0,0,-1.321
102,2012,9,200,12.07,0,0,-1.497
102,2012,9,300,12.07,0,0,-1.547
102,2012,9,400,12.07,0,0,-1.542
102,2012,9,500,12.07,0,0,-1.597
102,2012,9,600,12.07,0,0,-1.701
102,2012,9,700,12.06,0,0,-1.751
102,2012,9,800,12.06,67.547,0,-1.779
102,2012,9,900,12.06,340.43,0,-1.911
102,2012,9,1000,12.06,445.21,0,-1.971
102,2012,9,1100,12.06,255.43,0,-1.999
102,2012,9,1200,12.06,262.27,0,-1.976
102,2012,9,1300,12.07,0,0,-1.971
102,2012,9,1400,12.07,57.061,0,-1.954
102,2012,9,1500,12.07,317.75,0,-2.009
102,2012,9,1600,12.07,587.49,0,-1.976
102,2012,9,1700,12.07,1294.3,0,-1.982
102,2012,9,1800,12.07,693.15,0,-1.954
102,2012,9,1900,12.07,46.423,0,-1.954
102,2012,9,2000,12.07,0,0,-1.949
102,2012,9,2100,12.07,0,0,-1.921
102,2012,9,2200,12.07,0,0,-2.02
102,2012,9,2300,12.07,0,0,-1.998
101,2012,9,2400,12.06,4367.1,0
102,2012,9,2400,12.06,0,0,-1.993
102,2012,10,100,12.06,0,0,-2.015
102,2012,10,200,12.06,0,0,-1.944
102,2012,10,300,12.06,0,0,-1.977
102,2012,10,400,12.05,0,0,-2.004
102,2012,10,500,12.05,0,0,-1.977
102,2012,10,600,12.05,0,0,-1.944
102,2012,10,700,12.05,0,0,-1.867
102,2012,10,800,12.05,116.2,0,-1.883
102,2012,10,900,12.05,938.39,0,-1.784
102,2012,10,1000,12.05,1711.3,0,-1.674
102,2012,10,1100,12.05,1211,0,-1.927
102,2012,10,1200,12.05,908.41,0,-1.8
102,2012,10,1300,12.06,681.94,0,-1.954
102,2012,10,1400,12.06,1139.6,0,-1.844
102,2012,10,1500,12.06,836.72,0,-1.85
102,2012,10,1600,12.07,1577,0,-1.806
102,2012,10,1700,12.07,1499.1,0,-1.806
102,2012,10,1800,12.07,518.37,0,-1.822
102,2012,10,1900,12.07,41.056,0,-1.784
102,2012,10,2000,12.06,0,0,-1.652
102,2012,10,2100,12.06,.91196,0,-1.652
102,2012,10,2200,12.06,0,0,-1.778
102,2012,10,2300,12.07,0,0,-1.888
101,2012,10,2400,12.05,11180,0
102,2012,10,2400,12.06,0,0,-1.652
102,2012,11,100,12.05,0,0,-1.652
102,2012,11,200,12.05,0,0,-1.652
102,2012,11,300,12.05,0,0,-1.652
102,2012,11,400,12.05,0,0,-1.459
102,2012,11,500,12.05,0,0,-1.321
102,2012,11,600,12.05,0,0,-1.509
102,2012,11,700,12.05,0,0,-1.597
102,2012,11,800,12.05,123.98,0,-1.531
102,2012,11,900,12.05,905.14,0,-1.696
102,2012,11,1000,12.05,1710.5,0,-1.944
102,2012,11,1100,12.05,236.82,0,-2.01
102,2012,11,1200,12.05,54.282,0,-2.015
102,2012,11,1300,12.05,1493.8,0,-1.844
102,2012,11,1400,12.05,517.24,0,-1.894
102,2012,11,1500,12.05,261.88,0,-1.899
102,2012,11,1600,12.06,1040,0,-1.938
102,2012,11,1700,12.06,726.35,0,-1.883
102,2012,11,1800,12.06,229.18,0,-1.993
102,2012,11,1900,12.06,7.7349,0,-2.004
102,2012,11,2000,12.06,0,0,-1.894
102,2012,11,2100,12.05,0,0,-1.91
102,2012,11,2200,12.05,0,0,-1.932
102,2012,11,2300,12.05,0,0,-1.806
101,2012,11,2400,12.05,7307,0
102,2012,11,2400,12.05,0,0,-1.822
102,2012,12,100,12.05,0,0,-1.641
102,2012,12,200,12.05,0,0,-1.69
102,2012,12,300,12.05,0,0,-1.712
102,2012,12,400,12.04,0,0,-1.707
102,2012,12,500,12.04,0,0,-1.701
102,2012,12,600,12.03,0,0,-1.773
102,2012,12,700,12.04,0,0,-1.702
102,2012,12,800,12.03,41.511,0,-1.707
102,2012,12,900,12.03,390.08,0,-1.817
102,2012,12,1000,12.03,366.34,0,-1.988
102,2012,12,1100,12.03,386.79,0,-2.043
102,2012,12,1200,12.04,0,0,-2.054
102,2012,12,1300,12.04,112.09,0,-2.009
102,2012,12,1400,12.04,114.3,0,-2.02
102,2012,12,1500,12.05,271.26,0,-2.015
102,2012,12,1600,12.05,520.03,0,-2.004
102,2012,12,1700,12.05,811.14,0,-1.954
102,2012,12,1800,12.05,426.88,0,-1.8
102,2012,12,1900,12.05,73.591,0,-1.921
102,2012,12,2000,12.05,25.548,0,-1.85
102,2012,12,2100,12.05,26.332,0,-1.971
102,2012,12,2200,12.05,50.71,0,-1.998
102,2012,12,2300,12.04,6.8293,0,-1.707
101,2012,12,2400,12.03,3623.4,0
102,2012,12,2400,12.04,0,0,-1.657
102,2012,13,100,12.03,0,0,-1.652
102,2012,13,200,12.03,0,0,-1.652
102,2012,13,300,12.03,0,0,-1.652
102,2012,13,400,12.03,0,0,-2.01
102,2012,13,500,12.03,0,0,-1.96
102,2012,13,600,12.03,0,0,-1.933
102,2012,13,700,12.03,0,0,-1.823
102,2012,13,800,12.02,111.66,0,-1.966
102,2012,13,900,12.02,730.39,0,-1.977
102,2012,13,1000,12.02,612.64,0,-2.071
102,2012,13,1100,12.03,699.59,0,-1.872
102,2012,13,1200,12.03,3081.9,0,-1.652
102,2012,13,1300,12.03,1584.2,0,-1.828
102,2012,13,1400,12.03,798.68,0,-1.971
102,2012,13,1500,12.03,2037.6,0,-1.806
102,2012,13,1600,12.03,2449.2,0,-1.652
102,2012,13,1700,12.04,1650.6,0,-1.652
102,2012,13,1800,12.04,730.2,0,-1.652
102,2012,13,1900,12.04,58.466,0,-1.861
102,2012,13,2000,12.04,0,0,-1.927
102,2012,13,2100,12.03,0,0,-1.971
102,2012,13,2200,12.04,0,0,-1.998
102,2012,13,2300,12.03,0,0,-1.938
101,2012,13,2400,12.02,14545,0
102,2012,13,2400,12.03,0,0,-1.932
102,2012,14,100,12.03,0,0,-1.877
102,2012,14,200,12.03,0,0,-1.745
102,2012,14,300,12.03,0,0,-1.762
102,2012,14,400,12.03,0,0,-1.723
102,2012,14,500,12.02,0,0,-1.685
102,2012,14,600,12.02,0,0,-1.382
102,2012,14,700,12.02,0,0,-1.509
102,2012,14,800,12.02,31.533,0,-1.63
102,2012,14,900,12.02,122.63,0,-1.658
102,2012,14,1000,12.02,206.63,0,-1.971
102,2012,14,1100,12.02,185.52,0,-1.982
102,2012,14,1200,12.03,0,0,-2.026
102,2012,14,1300,12.02,105,0,-1.982
102,2012,14,1400,12.02,0,0,-2.043
102,2012,14,1500,12.02,43.946,0,-2.004
102,2012,14,1600,12.03,248.05,0,-1.982
102,2012,14,1700,12.03,470.18,0,-2.009
102,2012,14,1800,12.03,531.1,0,-1.982
102,2012,14,1900,12.03,40.091,0,-2.015
102,2012,14,2000,12.03,0,0,-1.69
102,2012,14,2100,12.03,0,0,-1.652
102,2012,14,2200,12.03,0,0,-1.652
102,2012,14,2300,12.02,0,0,-1.652
101,2012,14,2400,12.02,1984.7,0
102,2012,14,2400,12.02,0,0,-1.652
102,2012,15,100,12.02,0,0,-1.652
102,2012,15,200,12.02,0,0,-1.668
102,2012,15,300,12.02,0,0,-1.988
102,2012,15,400,12.01,0,0,-1.982
102,2012,15,500,12.01,0,0,-2.043
102,2012,15,600,12.01,0,0,-1.999
102,2012,15,700,12.01,0,0,-1.988
102,2012,15,800,12.01,58.088,0,-1.988
102,2012,15,900,12.01,440.34,0,-2.054
102,2012,15,1000,12.01,480.12,0,-2.021
102,2012,15,1100,12.01,358.18,0,-2.087
102,2012,15,1200,12.01,99.662,0,-2.043
102,2012,15,1300,12.01,212.16,0,-2.054
102,2012,15,1400,12.01,0,0,-1.993
102,2012,15,1500,12.01,240.98,0,-1.965
102,2012,15,1600,12.02,358.52,0,-1.987
102,2012,15,1700,12.02,979.7,0,-1.943
102,2012,15,1800,12.02,624.41,0,-1.987
102,2012,15,1900,12.02,52.601,0,-1.998
102,2012,15,2000,12.02,0,0,-1.927
102,2012,15,2100,12.02,0,0,-1.993
102,2012,15,2200,12.02,0,0,-1.976
102,2012,15,2300,12.01,0,0,-2.004
101,2012,15,2400,12.01,3904.8,0
102,2012,15,2400,12.01,0,0,-1.982
102,2012,16,100,12.01,0,0,-2.053
102,2012,16,200,12.01,0,0,-2.021
102,2012,16,300,12.01,0,0,-2.07
102,2012,16,400,12.01,0,0,-2.048
102,2012,16,500,12.01,0,0,-1.971
102,2012,16,600,12.01,0,0,-1.889
102,2012,16,700,12.01,0,0,-1.916
102,2012,16,800,12.01,75.827,0,-1.938
102,2012,16,900,12.01,530.83,0,-1.938
102,2012,16,1000,12.01,337.18,0,-2.038
102,2012,16,1100,12,987.9,0,-1.9
102,2012,16,1200,12.01,2961.4,0,-1.652
102,2012,16,1300,12.01,3087.4,0,-1.641
102,2012,16,1400,12.01,1002.6,0,-1.921
102,2012,16,1500,12.01,1225.4,0,-1.888
102,2012,16,1600,12.02,1741.2,0,-1.663
102,2012,16,1700,12.02,1668.9,0,-1.652
102,2012,16,1800,12.02,676.61,0,-1.701
102,2012,16,1900,12.02,69.822,0,-1.971
102,2012,16,2000,12.02,0,0,-1.701
102,2012,16,2100,12.02,0,0,-1.652
102,2012,16,2200,12.02,0,0,-1.652
102,2012,16,2300,12.01,0,0,-1.652
101,2012,16,2400,12,14365,0
102,2012,16,2400,12.01,0,0,-1.652
102,2012,17,100,12.01,0,0,-1.971
102,2012,17,200,12.01,0,0,-2.053
102,2012,17,300,12.01,0,0,-2.026
102,2012,17,400,12.01,0,0,-2.01
102,2012,17,500,12,0,0,-1.988
102,2012,17,600,12,0,0,-1.977
102,2012,17,700,12,0,0,-1.883
102,2012,17,800,12,69.322,0,-1.927
102,2012,17,900,11.99,572.88,0,-1.927
102,2012,17,1000,12,670.55,0,-2.109
102,2012,17,1100,12,573.66,0,-2.026
102,2012,17,1200,12,220.51,0,-2.043
102,2012,17,1300,12,1435.3,0,-1.855
102,2012,17,1400,12.01,815.89,0,-2.004
102,2012,17,1500,12.01,1853.4,0,-1.91
102,2012,17,1600,12.01,1539.4,0,-1.916
102,2012,17,1700,12.02,1023,0,-1.976
102,2012,17,1800,12.02,503.4,0,-1.965
102,2012,17,1900,12.02,55.02,0,-1.982
102,2012,17,2000,12.01,0,0,-2.026
102,2012,17,2100,12.01,0,0,-2.07
102,2012,17,2200,12.01,0,0,-2.092
102,2012,17,2300,12.01,0,0,-2.02
101,2012,17,2400,11.99,9332.4,0
102,2012,17,2400,12.01,0,0,-1.943
102,2012,18,100,12.01,0,0,-1.91
102,2012,18,200,12,0,0,-2.026
102,2012,18,300,12,0,0,-2.031
102,2012,18,400,12,0,0,-2.048
102,2012,18,500,12,0,0,-2.081
102,2012,18,600,11.99,0,0,-2.07
102,2012,18,700,11.99,0,0,-2.01
102,2012,18,800,11.99,136.08,0,-1.889
102,2012,18,900,11.99,535.58,0,-2.043
102,2012,18,1000,11.99,421.14,0,-2.049
102,2012,18,1100,11.99,648.41,0,-2.032
102,2012,18,1200,11.99,189.37,0,-2.081
102,2012,18,1300,12,158.05,0,-1.971
102,2012,18,1400,12,1597.7,0,-1.844
102,2012,18,1500,12,2918.7,0,-1.652