,13.32,774.68,691.03,121.89,.017,36.42
102,2009,358,1800,13.33,364.14,331.31,54.897,0,16.33
102,2009,358,1900,13.35,86.794,76.911,14.886,0,7.82
102,2009,358,2000,13.39,3.1875,2.1334,1.3209,0,4.964
102,2009,358,2100,13.42,.10282,0,1.1784,0,4.958
102,2009,358,2200,13.42,0,0,1.6213,0,4.942
102,2009,358,2300,13.43,0,0,2.0326,0,4.964
101,2009,358,2400,13.23,10612,8402.3,1658.8,1.799
102,2009,358,2400,13.44,0,0,1.9139,0,4.964
102,2009,359,100,13.44,.00791,0,1.6846,0,4.964
102,2009,359,200,13.44,.06327,0,2.3647,0,4.964
102,2009,359,300,13.44,0,0,2.2619,0,4.964
102,2009,359,400,13.45,0,0,2.2144,0,4.964
102,2009,359,500,13.45,.01582,0,2.2065,0,4.964
102,2009,359,600,13.45,.23725,0,3.0448,0,4.964
102,2009,359,700,13.46,.45869,0,3.9463,0,4.964
102,2009,359,800,13.45,17.288,14.386,4.5315,0,4.964
102,2009,359,900,13.46,247.05,220.98,38.633,0,12.83
102,2009,359,1000,13.43,504.9,448.2,78.321,0,12.88
102,2009,359,1100,13.37,1449.6,925.21,224.24,.383,230.1
102,2009,359,1200,13.23,2201.4,1070.7,319.49,1,523.7
102,2009,359,1300,13.26,2657.2,1466.8,383.53,1,417
102,2009,359,1400,13.23,2633.6,1474,382.95,.766,307.4
102,2009,359,1500,13.23,1299.4,1002,190.73,.233,83
102,2009,359,1600,13.27,297.66,246.59,46.813,.017,26.15
102,2009,359,1700,13.02,345.34,309.84,49.472,0,24.24
102,2009,359,1800,12.92,359.48,321.08,54.161,0,5.09
102,2009,359,1900,13.34,47.612,37.989,11.547,0,4.975
102,2009,359,2000,13.39,1.6056,.95466,.41129,0,4.964
102,2009,359,2100,13.43,.10282,.01948,.42708,0,4.964
102,2009,359,2200,13.44,.04745,0,.40335,0,4.964
102,2009,359,2300,13.45,.00791,0,.63269,0,4.964
101,2009,359,2400,12.92,12063,7538.7,1805,3.399
102,2009,359,2400,13.46,0,0,.98856,0,4.964
102,2009,360,100,13.46,0,0,1.2891,0,4.964
102,2009,360,200,13.43,0,0,.95693,0,4.964
102,2009,360,300,13.42,0,0,1.3998,0,4.964
102,2009,360,400,13.45,0,0,1.0835,0,4.964
102,2009,360,500,13.46,0,0,1.1863,0,4.964
102,2009,360,600,13.46,0,0,.80667,0,4.964
102,2009,360,700,13.45,0,0,1.2337,0,4.964
102,2009,360,800,13.45,12.013,10.412,2.4358,0,4.964
102,2009,360,900,13.45,85.616,76.78,11.942,0,4.964
102,2009,360,1000,13.42,260.87,236.36,36.988,0,5.829
102,2009,360,1100,13.41,342.89,307.46,49.991,0,4.969
102,2009,360,1200,13.4,550.52,492.18,79.912,0,5.372
102,2009,360,1300,13.38,633.33,572.38,90.987,0,9.96
102,2009,360,1400,13.37,1490.3,1320.9,218.76,0,12.26
102,2009,360,1500,13.35,1123.1,1019.8,163.56,0,11.75
102,2009,360,1600,13.33,1331.7,1168,200.83,0,22.27
102,2009,360,1700,13.31,1468,1043.7,227.43,.6,197.7
102,2009,360,1800,13.3,1479.7,529.2,230.57,1,518.8
102,2009,360,1900,13.3,558.64,259.19,96.205,1,336.2
102,2009,360,2000,13.32,26.614,20.884,5.3939,.017,21.27
102,2009,360,2100,13.38,0,0,2.5627,0,4.964
102,2009,360,2200,13.4,0,0,3.3139,0,4.964
102,2009,360,2300,13.42,0,0,3.6855,0,4.964
101,2009,360,2400,13.3,9363.2,7057.3,1435.2,2.616
102,2009,360,2400,13.43,0,0,2.6415,0,4.964
102,2009,361,100,13.43,0,0,1.7715,0,4.964
102,2009,361,200,13.44,0,0,1.5106,0,4.964
102,2009,361,300,13.44,0,0,1.6924,0,4.964
102,2009,361,400,13.45,0,0,1.7082,0,4.964
102,2009,361,500,13.45,0,0,1.6924,0,4.964
102,2009,361,600,13.45,0,0,1.1546,0,4.964
102,2009,361,700,13.45,0,0,1.8901,0,4.964
102,2009,361,800,13.45,79.772,69.836,12.084,0,16.46
102,2009,361,900,13.44,189.01,168.33,27.197,0,14.33
102,2009,361,1000,13.43,238.22,215.38,35.541,0,7.36
102,2009,361,1100,13.42,295.88,267.21,42.7,0,7.48
102,2009,361,1200,13.41,392.6,357.72,54.588,0,14.38
102,2009,361,1300,13.4,549.32,498.14,77.312,0,8.68
102,2009,361,1400,13.36,1222.4,1091.7,179.45,0,12.67
102,2009,361,1500,13.33,1364.7,1237.9,200.83,0,8.76
102,2009,361,1600,12.97,1389.9,1197.6,205.07,.117,58.38
102,2009,361,1700,13.3,1632.2,1195.2,244.05,.733,185.8
102,2009,361,1800,13.3,779.9,660.51,114.34,.017,70
102,2009,361,1900,13.3,311.93,281.09,45.179,0,18.24
102,2009,361,2000,13.33,27.619,25.249,4.7139,0,5.78
102,2009,361,2100,13.37,0,0,2.7367,0,4.964
102,2009,361,2200,13.4,0,0,3.4088,0,4.964
102,2009,361,2300,13.42,0,0,2.5546,0,4.964
101,2009,361,2400,12.97,8473.5,7265.8,1266.4,.866
102,2009,361,2400,13.42,.01582,0,3.1714,0,4.964
102,2009,362,100,13.44,0,0,2.2619,0,4.964
102,2009,362,200,13.44,0,0,2.1037,0,4.964
102,2009,362,300,13.45,0,0,1.9138,0,4.964
102,2009,362,400,13.47,0,0,1.7399,0,4.964
102,2009,362,500,13.47,0,0,1.906,0,4.964
102,2009,362,600,13.49,0,0,2.349,0,4.964
102,2009,362,700,13.49,.01582,0,.63278,0,4.965
102,2009,362,800,13.48,37.837,33.596,5.4257,0,4.964
102,2009,362,900,13.47,317.68,284.24,41.489,0,27.19
102,2009,362,1000,13.42,954.64,764.76,138.08,.666,177.1
102,2009,362,1100,13.36,1584.8,1336.1,231.03,.883,203.7
102,2009,362,1200,13.3,2184.7,1604.9,300.77,1,381.1
102,2009,362,1300,13.25,3096.8,1386.8,416.69,.983,558.2
102,2009,362,1400,13.25,1709.4,1200.1,236.92,.433,140
102,2009,362,1500,13.28,1032.2,882.77,149.69,0,47.02
102,2009,362,1600,13.29,308.4,281.76,41.889,0,14.52
102,2009,362,1700,13.32,1212.4,872.6,187.45,.433,107.3
102,2009,362,1800,13.32,1218.6,668.65,189.31,.966,321.7
102,2009,362,1900,13.33,389.83,337.55,59.119,.117,84.7
102,2009,362,2000,13.35,32.759,28.521,5.4018,0,12.31
102,2009,362,2100,13.38,0,0,1.8429,0,4.964
102,2009,362,2200,13.4,0,0,2.1196,0,4.964
102,2009,362,2300,13.42,0,0,2.3252,0,4.964
101,2009,362,2400,13.25,14080,9682.3,2024.7,5.481
102,2009,362,2400,13.42,0,0,2.2382,0,4.964
102,2009,363,100,13.44,0,0,2.2698,0,4.964
102,2009,363,200,13.44,0,0,2.2381,0,4.964
102,2009,363,300,13.45,.00791,0,1.8031,0,4.964
102,2009,363,400,13.45,0,0,1.8427,0,4.964
102,2009,363,500,13.45,0,0,2.3409,0,4.964
102,2009,363,600,13.45,0,0,1.5659,0,4.964
102,2009,363,700,13.46,0,0,1.1942,0,4.964
102,2009,363,800,13.45,35.367,30.477,7.3628,0,5.852
102,2009,363,900,13.43,594.15,407.79,86.9,.383,168.6
102,2009,363,1000,13.39,1144.8,765.12,175.79,.983,265.6
102,2009,363,1100,13.34,1301.3,1078.2,196.44,.3,96.6
102,2009,363,1200,13.33,1259,1137.1,188.55,0,10.45
102,2009,363,1300,13.33,1216,1114.9,181.03,0,6.028
102,2009,363,1400,13.3,1572.1,1400.5,233.28,0,7.77
102,2009,363,1500,13.28,1534.3,1360.6,221.63,0,10.92
102,2009,363,1600,13.28,1116.2,959.85,159.21,.1,58.91
102,2009,363,1700,13.29,140.07,123.81,17.425,0,11.86
102,2009,363,1800,13.34,171.77,152.36,23.49,0,12.08
102,2009,363,1900,13.37,230.06,206.38,33.292,0,10.86
102,2009,363,2000,13.39,20.225,17.535,5.0541,0,6.425
102,2009,363,2100,13.42,0,0,1.5976,0,4.964
102,2009,363,2200,13.44,0,0,2.2223,0,4.964
102,2009,363,2300,13.45,0,0,1.7003,0,4.964
101,2009,363,2400,13.28,10335,8754.7,1550.4,1.766
102,2009,363,2400,13.46,0,0,2.1274,0,4.964
102,2009,364,100,13.46,0,0,2.3251,0,4.964
102,2009,364,200,13.47,0,0,2.1985,0,4.964
102,2009,364,300,13.47,0,0,2.4991,0,4.964
102,2009,364,400,13.48,0,0,1.218,0,4.964
102,2009,364,500,13.49,0,0,1.5977,0,4.964
102,2009,364,600,13.49,0,0,1.3288,0,4.964
102,2009,364,700,13.49,0,0,1.0915,0,4.964
102,2009,364,800,13.49,65.067,58.552,10.535,0,11
102,2009,364,900,13.46,550.41,443.51,77.078,.533,194.4
102,2009,364,1000,13.44,711.58,625,109.6,.117,53.55
102,2009,364,1100,13.4,716.25,650.88,111.72,0,12.7
102,2009,364,1200,12.93,804.64,734.81,124.16,0,16.03
102,2009,364,1300,12.88,825.1,755.77,123.01,0,7.47
102,2009,364,1400,13.34,990.79,904.3,147.55,0,10.09
102,2009,364,1500,13.33,1220.1,1115.4,180.36,0,13.81
102,2009,364,1600,13.33,1249,1083,187.93,.067,34.17
102,2009,364,1700,13.32,1270,1040.3,191.66,.267,88.7
102,2009,364,1800,13.32,1248.3,669.06,196.8,.8,336.5
102,2009,364,1900,13.32,628.66,302.48,98.58,.6,260.3
102,2009,364,2000,13.33,18.08,16.862,1.4316,0,8.45
102,2009,364,2100,13.38,0,0,2.096,0,4.964
102,2009,364,2200,13.4,0,0,2.8236,0,4.964
102,2009,364,2300,13.42,0,0,2.2224,0,4.964
101,2009,364,2400,12.88,10298,8400,1581.2,2.382
102,2009,364,2400,13.44,0,0,1.3999,0,4.964
102,2009,365,100,13.45,0,0,2.1433,0,4.964
102,2009,365,200,13.45,0,0,1.3207,0,4.964
102,2009,365,300,13.46,0,0,1.5343,0,4.964
102,2009,365,400,13.47,0,0,1.8269,0,4.964
102,2009,365,500,13.49,0,0,1.6609,0,4.964
102,2009,365,600,13.49,0,0,1.8033,0,4.964
102,2009,365,700,13.5,0,0,1.2418,0,4.964
102,2009,365,800,13.49,61.487,54.911,8.3997,0,5.461
102,2009,365,900,13.47,633.73,517.35,91.531,.4,134.4
102,2009,365,1000,13.41,1359.4,628.78,206.59,1,566.5
102,2009,365,1100,13.34,1746.9,1178.4,254.86,1,359.8
102,2009,365,1200,13.31,1531.4,1247.5,222.98,.65,144.4
102,2009,365,1300,13.27,2209,1595.2,317.13,.75,179.3
102,2009,365,1400,13.25,1991.1,1575.5,284.76,.05,44.95
102,2009,365,1500,13.24,2168.3,1579.5,310.72,.45,131.5
102,2009,365,1600,13.23,2438.3,1441.7,355.89,1,271.9
102,2009,365,1700,13.24,1827.1,819.52,272.63,1,408.4
102,2009,365,1800,13.24,1480.1,355.82,226.08,1,547.1
102,2009,365,1900,13.25,707.83,242.47,120.53,1,446.3
102,2009,365,2000,13.27,45.239,30.64,7.8312,.183,45.13
102,2009,365,2100,13.3,0,0,1.0282,0,5.255
102,2009,365,2200,13.35,0,0,2.8632,0,5.179
102,2009,365,2300,13.37,0,0,3.7412,0,5.107
101,2009,365,2400,13.23,18200,11267,2703.1,8.48
102,2009,365,2400,13.4,0,0,4.01,0,5.052
102,2010,1,100,13.42,0,0,2.5626,0,4.997
102,2010,1,200,13.43,0,0,2.3806,0,4.975
102,2010,1,300,13.45,0,0,2.0958,0,4.975
102,2010,1,400,13.45,0,0,1.9534,0,4.964
102,2010,1,500,13.47,.02373,0,1.5184,0,4.969
102,2010,1,600,13.47,.01582,0,1.5343,0,4.98
102,2010,1,700,13.47,0,0,2.0325,0,4.969
102,2010,1,800,13.46,60.152,53.181,11.91,0,7.32
102,2010,1,900,13.44,438.62,357.36,65.293,.417,104.7
102,2010,1,1000,13.4,1003.5,751.22,150.32,.816,236.3
102,2010,1,1100,13.35,1438.4,953.65,211.47,1,319.4
102,2010,1,1200,13.32,1141,1007,169.97,.267,66.2
102,2010,1,1300,13.31,1076.8,996.19,158.64,0,16.67
102,2010,1,1400,13.31,613.5,561.26,88.159,0,25.32
102,2010,1,1500,13.32,492.87,444.08,70.582,0,26.74
102,2010,1,1600,13.35,631.17,561.82,83.494,0,38.67
102,2010,1,1700,13.35,576.16,525.96,90.763,0,12.64
102,2010,1,1800,13.34,794.09,652.53,127.65,.15,71.3
102,2010,1,1900,13.34,309.48,249.91,53.227,.05,26.33
102,2010,1,2000,13.37,29.107,23.818,7.0316,0,5.278
102,2010,1,2100,13.39,0,0,.56157,0,5.283
102,2010,1,2200,13.41,0,0,1.0757,0,5.256
102,2010,1,2300,13.42,0,0,1.7163,0,5.184
101,2010,1,2400,13.31,8604.9,7138,1307.3,2.699
102,2010,1,2400,13.44,0,0,1.3287,0,5.118
102,2010,2,100,13.45,0,0,2.6098,0,5.057
102,2010,2,200,13.46,0,0,3.6933,0,5.079
102,2010,2,300,13.47,0,0,3.385,0,5.008
102,2010,2,400,13.48,0,0,3.1003,0,5.025
102,2010,2,500,13.49,0,0,2.7365,0,5.042
102,2010,2,600,13.49,0,0,1.7005,0,5.042
102,2010,2,700,13.49,0,0,.75928,0,4.992
102,2010,2,800,13.49,18.507,16.423,3.5907,0,5.053
102,2010,2,900,13.47,350.7,299.55,53.64,.083,49.22
102,2010,2,1000,13.43,996.8,771.35,152.64,.783,195.2
102,2010,2,1100,13.38,1262.8,969.48,192.29,.9,168.2
102,2010,2,1200,13.34,1364.8,1149.2,206.91,.4,83.2
102,2010,2,1300,13.31,1524.8,1316.2,230.13,0,33.11
102,2010,2,1400,13.28,1765.3,1468.1,267.02,0,33.07
102,2010,2,1500,13.29,1377,1224.1,210.28,0,12.01
102,2010,2,1600,13.3,1195.8,1055.4,184.94,0,32.19
102,2010,2,1700,13.08,828.5,752.36,125.73,0,8.24
102,2010,2,1800,13.32,563.36,488.61,83.127,0,52.55
102,2010,2,1900,13.34,236.14,188.98,36.903,.2,77.1
102,2010,2,2000,13.35,33.993,28.005,6.8018,0,17.54
102,2010,2,2100,13.39,0,0,2.8,0,5.289
102,2010,2,2200,13.4,0,0,3.1479,0,5.212
102,2010,2,2300,13.42,0,0,3.0213,0,5.217
101,2010,2,2400,13.08,11519,9727.7,1783.8,2.366
102,2010,2,2400,13.43,0,0,2.7998,0,5.157
102,2010,3,100,13.44,0,0,2.3568,0,5.14
102,2010,3,200,13.44,0,0,1.5106,0,5.063
102,2010,3,300,13.45,0,0,1.5422,0,5.063
102,2010,3,400,13.46,0,0,1.2258,0,5.03
102,2010,3,500,13.46,0,0,1.5896,0,5.052
102,2010,3,600,13.47,0,0,2.341,0,5.019
102,2010,3,700,13.48,0,0,1.5422,0,5.013
102,2010,3,800,13.48,38.572,33.187,7.83,0,17.63
102,2010,3,900,13.47,358.56,222.2,50.072,.55,195.5
102,2010,3,1000,13.42,1402,480.07,221.67,1,708
102,2010,3,1100,13.35,2174.8,553.25,319.52,1,778
102,2010,3,1200,13.31,2318.4,746.46,319.42,.933,624.5
102,2010,3,1300,13.27,2850.6,829.44,392.06,.8,624.7
102,2010,3,1400,13.25,3059,1102.6,447.4,.8,507
102,2010,3,1500,13.22,3244,1008.7,480.2,.916,602.8
102,2010,3,1600,13.22,2415.9,991.39,371.72,.733,433.4
102,2010,3,1700,13.23,724.58,595.13,106.69,.033,52.18
102,2010,3,1800,13.25,251.55,237.78,36.713,0,12.63
102,2010,3,1900,12.89,108.96,102.2,15.211,0,5.955
102,2010,3,2000,13.3,16.681,15.206,3.1796,0,6.071
102,2010,3,2100,13.34,0,0,1.8191,0,5.824
102,2010,3,2200,13.36,0,0,2.7605,0,5.625
102,2010,3,2300,13.39,0,0,3.5435,0,5.609
101,2010,3,2400,12.89,18964,6917.6,2795.7,6.764
102,2010,3,2400,13.4,0,0,3.749,0,5.443
102,2010,4,100,13.42,0,0,3.8438,0,5.355
102,2010,4,200,13.42,0,0,1.8033,0,5.328
102,2010,4,300,13.4,0,0,1.7162,0,5.306
102,2010,4,400,13.38,0,0,2.2382,0,5.3
102,2010,4,500,13.42,0,0,1.6767,0,5.295
102,2010,4,600,13.43,0,0,1.6529,0,5.295
102,2010,4,700,13.44,0,0,2.7996,0,5.73
102,2010,4,800,13.44,80.626,70.476,14.806,0,29.27
102,2010,4,900,13.42,425.48,272.83,63.587,.783,224.1
102,2010,4,1000,13.37,1154.7,611.11,188.39,.766,457.5
102,2010,4,1100,13.32,1283.4,933.26,197.9,.75,247
102,2010,4,1200,13.28,1444.4,1238.8,226.13,0,51.2
102,2010,4,1300,13.27,1084.9,989.06,171.17,0,23.98
102,2010,4,1400,13.28,864.8,789.87,136.51,0,8.82
102,2010,4,1500,13.28,1027.9,933.57,162.7,0,9.49
102,2010,4,1600,13.27,1819.2,1383,285.75,.5,114.9
102,2010,4,1700,13.27,1085.4,950.81,169.13,0,26.1
102,2010,4,1800,13.28,714.31,628.98,113.93,0,29.93
102,2010,4,1900,13.29,299.04,271.23,46.809,0,11.37
102,2010,4,2000,13.32,23.672,21.898,4.9116,0,6.039
102,2010,4,2100,13.35,0,0,2.7209,0,6.061
102,2010,4,2200,13.38,0,0,2.7288,0,5.995
102,2010,4,2300,13.4,0,0,2.3649,0,5.967
101,2010,4,2400,13.27,11308,9094.9,1807.2,2.799
102,2010,4,2400,13.41,0,0,1.8745,0,5.967
102,2010,5,100,13.42,0,0,2.0484,0,5.956
102,2010,5,200,13.43,0,0,1.7004,0,5.956
102,2010,5,300,13.45,0,0,1.4394,0,5.956
102,2010,5,400,13.45,0,0,1.5264,0,5.956
102,2010,5,500,13.46,.03954,0,.2768,0,5.957
102,2010,5,600,13.45,.03954,0,.46662,0,5.956
102,2010,5,700,13.46,.03954,0,1.044,0,5.956
102,2010,5,800,13.47,70.617,63.02,11.57,0,6.955
102,2010,5,900,13.45,478.81,419.11,70.633,.033,71.8
102,2010,5,1000,13.39,1119.4,838.14,183.32,.633,237.1
102,2010,5,1100,13.35,1668.3,1195.6,263.47,.8,320.4
102,2010,5,1200,13.28,2596,1578.3,391.17,1,504.5
102,2010,5,1300,13.26,2747.6,1384.4,411.7,1,485.5
102,2010,5,1400,13.22,262.03,95.134,36.973,.067,470.7
102,2010,5,1500,12.91,2760.3,1200.9,392.18,.65,377.6
102,2010,5,1600,12.89,1164.5,921.75,173.85,.317,79.4
102,2010,5,1700,13.25,336.69,307.61,50.722,0,8.29
102,2010,5,1800,13.29,424.41,392.36,67.748,0,8.64
102,2010,5,1900,13.3,360.14,322.22,56.893,0,15.29
102,2010,5,2000,13.33,43.739,39.247,7.1975,0,5.73
102,2010,5,2100,13.37,0,0,1.1627,0,5.294
102,2010,5,2200,13.39,0,0,1.8666,0,5.295
102,2010,5,2300,13.41,0,0,2.9976,0,5.295
101,2010,5,2400,12.89,5351.8,3279.2,796.08,1.033
102,2010,5,2400,13.43,0,0,4.4923,0,5.295
102,2010,6,100,13.45,0,0,1.3761,0,5.295
102,2010,6,200,13.46,0,0,1.7557,0,5.283
102,2010,6,300,13.47,0,0,2.7444,0,5.295
102,2010,6,400,13.47,0,0,2.2778,0,5.283
102,2010,6,500,13.47,0,0,1.5659,0,5.289
102,2010,6,600,13.47,0,0,1.9376,0,5.295
102,2010,6,700,13.47,0,0,2.0404,0,5.295
102,2010,6,800,13.46,27.277,23.767,6.1767,0,5.295
102,2010,6,900,13.46,320.06,287.35,50.6,0,14.52
102,2010,6,1000,13.4,1107.3,832.24,175.14,.933,265.6
102,2010,6,1100,13.34,2062.5,762.54,313.32,1,685.8
102,2010,6,1200,13.29,2705,1065.3,396.3,1,646.6
102,2010,6,1300,13.29,500.64,383.43,74.458,.05,56.9
102,2010,6,1400,12.92,1202.7,1049.2,166.25,.017,34.21
102,2010,6,1500,12.86,436.81,387.01,64.742,0,27.45
102,2010,6,1600,13.37,288.52,257.82,38.472,0,11.96
102,2010,6,1700,13.39,362.72,330.6,53.895,0,7.08
102,2010,6,1800,13.4,348.68,314.7,51.798,0,6.315
102,2010,6,1900,13.4,381.65,297.67,58.063,.217,79.5
102,2010,6,2000,13.4,36.154,33.14,5.5683,0,6.458
102,2010,6,2100,13.42,0,0,2.7129,0,5.283
102,2010,6,2200,13.44,0,0,1.6293,0,5.289
102,2010,6,2300,13.44,0,0,1.7795,0,5.267
101,2010,6,2400,12.86,9780.1,6024.7,1476,3.215
102,2010,6,2400,13.45,0,0,1.3999,0,5.267
102,2010,7,100,13.46,0,0,2.0088,0,5.267
102,2010,7,200,13.46,0,0,1.3524,0,5.25
102,2010,7,300,13.46,0,0,1.819,0,5.267
102,2010,7,400,13.46,0,0,1.8744,0,5.234
102,2010,7,500,13.46,0,0,2.1195,0,5.162
102,2010,7,600,13.47,0,0,1.8902,0,5.14
102,2010,7,700,13.47,0,0,1.4789,0,5.118
102,2010,7,800,13.48,38.579,33.566,6.8885,0,13.53
102,2010,7,900,13.46,485.18,286.62,72.286,.833,288.7
102,2010,7,1000,13.4,1223.9,491.73,200.28,1,555.8
102,2010,7,1100,13.33,1998.1,651.34,302.63,1,704
102,2010,7,1200,13.26,2724.2,686.61,387.72,1,786
102,2010,7,1300,13.19,3188.9,1112.6,456.96,1,647.7
102,2010,7,1400,13.23,2814.8,1170.3,424.48,.733,436
102,2010,7,1500,13.23,972.87,748.64,145.53,.083,65.28
102,2010,7,1600,13.24,1101.7,898.32,170.31,.167,65.25
102,2010,7,1700,13.25,680.64,610.89,104.78,0,65.51
102,2010,7,1800,13.26,599.45,523.84,95.633,.033,41.8
102,2010,7,1900,13.27,373.64,256.21,65.21,.283,102.5
102,2010,7,2000,13.28,10.749,10.375,1.6689,0,5.768
102,2010,7,2100,13.33,0,0,1.2022,0,5.294
102,2010,7,2200,12.86,0,0,2.365,0,5.295
102,2010,7,2300,12.82,0,0,3.8045,0,5.295
101,2010,7,2400,12.8,16213,7481,2456.4,6.131
102,2010,7,2400,12.8,0,0,2.1276,0,5.295
102,2010,8,100,12.8,0,0,2.7287,0,5.295
102,2010,8,200,12.79,0,0,3.1161,0,5.289
102,2010,8,300,12.78,0,0,4.2787,0,5.295
102,2010,8,400,13.38,0,0,2.7364,0,5.267
102,2010,8,500,13.43,0,0,3.7962,0,5.295
102,2010,8,600,13.43,0,0,2.8551,0,5.295
102,2010,8,700,13.43,0,0,2.1828,0,5.289
102,2010,8,800,13.43,31.603,27.653,5.1407,0,5.631
102,2010,8,900,13.42,155.79,140.05,25.577,0,6.227
102,2010,8,1000,13.39,514.98,461.22,85.005,0,11.98
102,2010,8,1100,13.36,1011.9,813.69,166.84,.4,101.2
102,2010,8,1200,13.32,1526.4,1220.4,251.22,.566,138
102,2010,8,1300,13.28,2276.1,1509.9,365.92,.783,238
102,2010,8,1400,13.24,2628.4,1284.3,406.3,1,350
102,2010,8,1500,13.22,2047.9,1322.6,326.87,.433,156.1
102,2010,8,1600,13.22,1401,1125.9,232.33,.633,149.3
102,2010,8,1700,13.24,1384.2,557.25,237.21,1,369
102,2010,8,1800,13.23,1460,541.63,262.78,1,463.5
102,2010,8,1900,13.24,563.01,370.48,100.92,.666,167.5
102,2010,8,2000,13.25,58.718,48.751,10.703,0,20.29
102,2010,8,2100,13.3,0,0,2.6417,0,5.294
102,2010,8,2200,13.33,0,0,3.7728,0,5.294
102,2010,8,2300,13.35,0,0,1.5582,0,5.289
101,2010,8,2400,12.78,15060,9423.8,2512.1,6.481
102,2010,8,2400,13.37,0,0,5.6157,0,5.278
102,2010,9,100,13.38,0,0,3.0529,0,5.234
102,2010,9,200,13.4,0,0,4.1363,0,5.217
102,2010,9,300,13.42,0,0,3.4562,0,5.146
102,2010,9,400,13.43,0,0,3.6066,0,5.151
102,2010,9,500,13.44,0,0,2.3728,0,5.063
102,2010,9,600,13.45,0,0,2.9186,0,5.036
102,2010,9,700,13.45,0,0,1.7242,0,5.031
102,2010,9,800,13.47,37.565,31.418,8.0602,0,11.55
102,2010,9,900,13.47,455.49,257.53,72.088,.816,273.4
102,2010,9,1000,13.42,1018.4,470.22,175.13,1,431.7
102,2010,9,1100,13.35,1824,707.29,298.17,1,594
102,2010,9,1200,13.28,2497.2,839.18,390.78,1,676.3
102,2010,9,1300,13.25,2764.2,864.16,417.09,1,597.3
102,2010,9,1400,13.21,2418.4,1012.5,363.95,.716,354.8
102,2010,9,1500,13.19,2362.5,1177.7,371.15,.6,308.8
102,2010,9,1600,13.2,1274,784.16,200.58,.267,151.1
102,2010,9,1700,13.23,910.48,682.26,154.69,.217,93.6
102,2010,9,1800,13.24,930.96,674.23,162.57,.417,136.2
102,2010,9,1900,13.26,245.84,190.41,39.726,.217,57.12
102,2010,9,2000,13.29,23.587,22.29,3.7572,0,5.801
102,2010,9,2100,13.33,0,0,2.001,0,5.294
102,2010,9,2200,13.35,0,0,2.9661,0,5.295
102,2010,9,2300,13.37,0,0,2.6577,0,5.295
101,2010,9,2400,13.19,16763,7713.3,2688.6,7.25
102,2010,9,2400,13.38,0,0,1.9616,0,5.295
102,2010,10,100,13.39,0,0,2.5073,0,5.295
102,2010,10,200,13.4,0,0,.49828,0,5.295
102,2010,10,300,13.41,0,0,1.479,0,5.295
102,2010,10,400,13.42,0,0,1.5422,0,5.295
102,2010,10,500,13.44,0,0,2.436,0,5.295
102,2010,10,600,13.45,0,0,2.6654,0,5.295
102,2010,10,700,13.46,0,0,2.2067,0,5.295
102,2010,10,800,13.47,40.613,34.94,8.004,0,12.57
102,2010,10,900,13.46,441.15,271.65,70.036,.783,241.4
102,2010,10,1000,13.41,1167.4,555.16,198.85,1,502.2
102,2010,10,1100,13.36,1406.4,996.08,225.22,1,371.7
102,2010,10,1200,13.3,2006.6,1525.2,320.71,1,321.9
102,2010,10,1300,13.26,2704.7,1514.2,407.04,1,448.6
102,2010,10,1400,13.23,2718.5,1435.7,400,.683,332.2
102,2010,10,1500,12.92,2121.2,1360.6,318.86,.45,165.5
102,2010,10,1600,13.22,1151.2,953.82,178.12,.15,57.3
102,2010,10,1700,13.24,455.74,419.8,69.177,0,7.26
102,2010,10,1800,13.27,798.19,602,132.41,.4,116.2
102,2010,10,1900,13.27,385.61,296.56,62.751,.2,65.69
102,2010,10,2000,13.3,22.424,20.867,3.5989,0,6.694
102,2010,10,2100,13.34,0,0,1.5976,0,5.294
102,2010,10,2200,13.35,0,0,2.0803,0,5.295
102,2010,10,2300,13.39,0,0,3.1164,0,5.295
101,2010,10,2400,12.92,15420,9986.5,2417.3,6.664
102,2010,10,2400,13.39,0,0,2.3649,0,5.295
102,2010,11,100,13.4,0,0,1.5502,0,5.295
102,2010,11,200,13.41,0,0,2.1909,0,5.295
102,2010,11,300,13.4,0,0,1.7875,0,5.295
102,2010,11,400,13.41,0,0,2.0406,0,5.295
102,2010,11,500,13.41,0,0,1.5739,0,5.295
102,2010,11,600,13.41,0,0,1.3446,0,5.295
102,2010,11,700,13.42,0,0,1.3762,0,5.295
102,2010,11,800,13.42,1.1626,.75979,1.7637,0,5.295
102,2010,11,900,13.42,24.787,21.05,5.2753,0,5.295
102,2010,11,1000,13.42,282.41,255.85,42.495,0,5.465
102,2010,11,1100,13.39,505.21,456.16,83.622,0,8.95
102,2010,11,1200,13.37,969.78,869.34,158.27,0,7.19
102,2010,11,1300,13.35,842.63,768.58,132.19,0,6.37
102,2010,11,1400,13.35,1017.3,928.47,158,0,10.36
102,2010,11,1500,13.34,2108.3,1632,334,.367,99.9
102,2010,11,1600,13.32,2139.2,1437.2,345.14,.766,251.2
102,2010,11,1700,13.31,1992.8,858.3,323.89,1,472.5
102,2010,11,1800,13.32,1195.8,549.01,204.05,1,366.5
102,2010,11,1900,13.32,553.49,325.62,98.393,.716,190.6
102,2010,11,2000,13.32,25.437,23.652,2.1593,0,7.74
102,2010,11,2100,13.37,0,0,2.5627,0,5.294
102,2010,11,2200,13.39,0,0,3.0847,0,5.295
102,2010,11,2300,13.42,0,0,3.2586,0,5.295
101,2010,11,2400,13.31,11658,8126,1913.1,3.848
102,2010,11,2400,13.43,0,0,3.0766,0,5.295
102,2010,12,100,13.45,0,0,3.2663,0,5.295
102,2010,12,200,13.46,0,0,1.7083,0,5.295
102,2010,12,300,13.46,0,0,2.2145,0,5.295
102,2010,12,400,13.47,0,0,2.0563,0,5.295
102,2010,12,500,13.47,0,0,2.1434,0,5.295
102,2010,12,600,13.48,0,0,1.4869,0,5.295
102,2010,12,700,13.48,0,0,1.3762,0,5.295
102,2010,12,800,13.49,34.659,29.818,6.3116,0,7.25
102,2010,12,900,13.47,330.89,294.19,48.421,0,21.03
102,2010,12,1000,13.44,761.93,679.73,119.4,0,52.02
102,2010,12,1100,13.35,1739.4,1123.1,263.44,.9,409.8
102,2010,12,1200,13.3,2683.5,1263.1,391.82,1,681.8
102,2010,12,1300,13.26,2960.4,1477.9,418.03,1,574.7
102,2010,12,1400,13.24,2588.3,1761.8,370.4,.8,251.8
102,2010,12,1500,13.22,3093.6,1586,443.81,.983,438.4
102,2010,12,1600,13.22,1782.3,1402.9,254.18,.4,158.2
102,2010,12,1700,13.23,1600.6,1183.9,242.79,.65,200.7
102,2010,12,1800,13.23,1198.2,778.77,188.23,.7,227.7
102,2010,12,1900,12.92,472.45,392.67,73.261,.233,78.8
102,2010,12,2000,13.27,39.536,36.573,4.6355,0,7.17
102,2010,12,2100,13.31,0,0,.37965,0,5.294
102,2010,12,2200,13.34,0,0,1.4869,0,5.294
102,2010,12,2300,13.36,0,0,2.4756,0,5.295
101,2010,12,2400,12.92,19286,12010,2846,6.664
102,2010,12,2400,13.37,0,0,2.7051,0,5.295
102,2010,13,100,13.39,0,0,1.7797,0,5.295
102,2010,13,200,13.4,0,0,2.0485,0,5.295
102,2010,13,300,13.42,0,0,1.8587,0,5.295
102,2010,13,400,13.43,0,0,1.8665,0,5.295
102,2010,13,500,13.44,0,0,2.1987,0,5.295
102,2010,13,600,13.45,0,0,1.9376,0,5.295
102,2010,13,700,13.46,0,0,.43498,0,5.295
102,2010,13,800,13.46,11.563,10.189,2.2065,0,5.295
102,2010,13,900,13.43,424.74,330.83,65.991,.383,101.9
102,2010,13,1000,13.37,1247.4,738.51,200.7,1,451.2
102,2010,13,1100,13.31,2064.6,939.4,308.39,1,681.2
102,2010,13,1200,13.26,2662.3,1090.8,380.61,1,710
102,2010,13,1300,13.24,3069.9,1400.8,447.48,.966,572.6
102,2010,13,1400,13.22,2799.2,1271.3,406.04,.766,370
102,2010,13,1500,13.2,3109.1,1368.9,445.21,.916,454.8
102,2010,13,1600,13.19,2422.4,1460.5,359.93,.7,302.9
102,2010,13,1700,13.21,805.95,693.47,120.34,.067,61.27
102,2010,13,1800,13.24,398.97,357.62,58.515,0,34.11
102,2010,13,1900,13.26,373.29,312.85,56.899,0,68.92
102,2010,13,2000,13.29,47.057,42.505,6.8106,0,6.6
102,2010,13,2100,13.32,0,0,.45874,0,5.294
102,2010,13,2200,13.34,0,0,.71182,0,5.294
102,2010,13,2300,13.36,0,0,1.1548,0,5.267
101,2010,13,2400,13.19,19437,10018,2874.5,6.797
102,2010,13,2400,13.39,0,0,.91753,0,5.245
102,2010,14,100,13.39,0,0,.30847,0,5.261
102,2010,14,200,13.4,.15028,0,2.5785,0,5.184
102,2010,14,300,13.42,.6802,.03896,.87002,0,5.124
102,2010,14,400,13.43,.15818,0,1.1705,0,5.107
102,2010,14,500,13.44,1.7558,.42859,4.2629,0,5.074
102,2010,14,600,13.45,3.8437,1.1104,5.2436,0,5.124
102,2010,14,700,13.46,3.2268,.28247,5.283,0,5.135
102,2010,14,800,13.46,27.729,23.027,7.5926,0,5.581
102,2010,14,900,13.45,174.29,155.09,29.357,0,5.217
102,2010,14,1000,13.42,662.97,586.93,103.87,0,13.11
102,2010,14,1100,13.39,1060.2,840.13,167.53,.2,92.7
102,2010,14,1200,13.3,2683.2,984.51,381.15,1,709
102,2010,14,1300,13.27,3150.8,1108.8,434.33,1,670.2
102,2010,14,1400,13.24,3067.6,1023.4,431.15,.916,542.8
102,2010,14,1500,13.23,2985.1,1266.7,430.46,.933,442.1
102,2010,14,1600,13.23,2690.4,1101.5,402.02,1,568.6
102,2010,14,1700,13.22,2131.7,1210.7,324.83,.95,345
102,2010,14,1800,13.23,1322.6,877.93,214.32,.966,310.3
102,2010,14,1900,13.25,680.48,449.06,114.55,.733,232.8
102,2010,14,2000,13.26,68.561,58.807,10.45,0,20.36
102,2010,14,2100,13.3,0,0,.89378,0,5.294
102,2010,14,2200,13.34,0,0,2.4202,0,5.294
102,2010,14,2300,13.36,0,0,2.3492,0,5.295
101,2010,14,2400,13.22,20715,9688.3,3079.7,7.7
102,2010,14,2400,13.38,0,0,2.7209,0,5.272
102,2010,15,100,13.4,0,0,3.1322,0,5.179
102,2010,15,200,13.42,0,0,3.1162,0,5.173
102,2010,15,300,13.42,0,0,3.0055,0,5.206
102,2010,15,400,13.42,0,0,2.4281,0,5.146
102,2010,15,500,13.44,0,0,2.0247,0,5.124
102,2010,15,600,13.45,0,0,2.2698,0,5.101
102,2010,15,700,13.45,0,0,2.4122,0,5.096
102,2010,15,800,13.46,31.082,27.283,6.1056,0,9.79
102,2010,15,900,13.46,129.61,90.188,20.84,.1,77.9
102,2010,15,1000,13.42,730.36,352.74,114.48,.55,277.1
102,2010,15,1100,13.33,2069.4,761.64,307.46,1,702
102,2010,15,1200,13.29,1616.5,1128.1,228.39,.616,241.4
102,2010,15,1300,13.28,2010.3,1509.2,294.23,.583,211.1
102,2010,15,1400,13.26,1827.8,1483.7,271.64,.15,63.36
102,2010,15,1500,13.23,2781.1,1211.1,395.11,.75,399.6
102,2010,15,1600,13.22,2256.3,1108.3,335.83,.7,360.4
102,2010,15,1700,13.23,539.42,502.54,76.296,0,32.15
102,2010,15,1800,13.27,407.09,362.07,60.103,0,35.54
102,2010,15,1900,13.29,516.42,248.37,89.485,.95,265.1
102,2010,15,2000,13.3,46.176,33.326,8.2181,.117,31.09
102,2010,15,2100,13.34,0,0,2.1197,0,5.432
102,2010,15,2200,13.37,0,0,3.0927,0,5.328
102,2010,15,2300,13.39,0,0,4.2315,0,5.311
101,2010,15,2400,13.22,14962,8818.5,2240,5.514
102,2010,15,2400,13.42,0,0,4.0257,0,5.333
102,2010,16,100,13.42,0,0,3.7726,0,5.322
102,2010,16,200,13.44,0,0,3.2584,0,5.306
102,2010,16,300,13.45,0,0,2.6336,0,5.3
102,2010,16,400,13.46,0,0,2.7524,0,5.295
102,2010,16,500,13.47,0,0,2.1277,0,5.295
102,2010,16,600,13.47,0,0,3.0452,0,5.295
102,2010,16,700,13.49,0,0,2.009,0,5.295
102,2010,16,800,13.48,27.454,24.081,4.8959,0,6.652
102,2010,16,900,13.46,309.69,265.77,45.715,.067,32.43
102,2010,16,1000,13.42,574.32,419.66,89.759,.25,110.4
102,2010,16,1100,13.43,295.27,264.85,40.312,0,11.05
102,2010,16,1200,13.4,1202.4,1074.1,180.42,0,18.14
102,2010,16,1300,13.37,1426.4,987.78,212.16,.333,154.1
102,2010,16,1400,13.32,1995.7,1523,282.87,.3,105.2
102,2010,16,1500,13.29,2460.8,1529.4,356.93,.433,243
102,2010,16,1600,13.27,3143.1,597.49,447.91,1,766
102,2010,16,1700,13.26,2408.1,559.72,354.54,1,643.3
102,2010,16,1800,13.26,1742,410.33,269.54,1,591.6
102,2010,16,1900,13.27,761.79,225.9,128.75,1,470.6
102,2010,16,2000,13.28,60.941,36.544,10.497,.2,64.93
102,2010,16,2100,13.32,0,0,1.1785,0,5.581
102,2010,16,2200,13.35,0,0,3.5908,0,5.432
102,2010,16,2300,13.37,0,0,4.0893,0,5.355
101,2010,16,2400,13.26,16408,7918.6,2456.6,5.581
102,2010,16,2400,13.37,0,0,3.8755,0,5.328
102,2010,17,100,13.41,0,0,3.907,0,5.328
102,2010,17,200,13.43,0,0,3.5985,0,5.3
102,2010,17,300,13.44,0,0,2.4438,0,5.3
102,2010,17,400,13.45,0,0,2.887,0,5.295
102,2010,17,500,13.47,0,0,2.7367,0,5.295
102,2010,17,600,13.47,0,0,2.8397,0,5.296
102,2010,17,700,13.49,0,0,2.998,0,5.296
102,2010,17,800,13.48,47.857,35.608,9.8483,0,24.14
102,2010,17,900,13.45,407.33,235.04,50.001,.8,323.8
102,2010,17,1000,13.38,1320,574.98,198.94,.766,491.8
102,2010,17,1100,13.33,2339.8,476.67,337.35,1,866
102,2010,17,1200,13.27,2829.2,586.43,384.62,1,829
102,2010,17,1300,13.22,2722.4,1130.3,375.54,1,550.9
102,2010,17,1400,13.17,3185.5,1135.5,451.08,.716,500.9
102,2010,17,1500,13.17,3000.3,959.81,412.42,.783,451.1
102,2010,17,1600,13.2,1152.6,1013.7,169.68,0,23.44
102,2010,17,1700,13.23,675.67,611.17,99.445,.033,69.04
102,2010,17,1800,13.25,455.25,325.55,65.048,.383,113.9
102,2010,17,1900,13.26,535.29,264.15,86.987,.966,244.3
102,2010,17,2000,13.27,70.754,62.3,9.4682,.033,17.22
102,2010,17,2100,13.32,0,0,1.5186,0,5.267
102,2010,17,2200,13.33,0,0,2.5705,0,5.256
102,2010,17,2300,13.36,0,0,3.0452,0,5.173
101,2010,17,2400,13.17,18742,7411.2,2683.4,7.48
102,2010,17,2400,13.39,0,0,4.4056,0,5.074
102,2010,18,100,13.4,0,0,3.7648,0,5.041
102,2010,18,200,13.42,0,0,2.6891,0,5.013
102,2010,18,300,13.43,0,0,2.2857,0,4.991
102,2010,18,400,13.45,0,0,3.488,0,4.986
102,2010,18,500,13.46,0,0,2.183,0,4.975
102,2010,18,600,13.47,0,0,2.0406,0,4.975
102,2010,18,700,13.48,0,0,2.5943,0,4.97
102,2010,18,800,13.49,41.795,30.521,6.921,0,25.72
102,2010,18,900,13.46,535.8,197.41,71.747,.85,485.5
102,2010,18,1000,13.39,1456.4,308.65,226.32,1,768
102,2010,18,1100,13.3,2270.7,374.26,322.49,1,847
102,2010,18,1200,13.25,3022,432.23,406.4,1,905
102,2010,18,1300,13.22,3218.2,634.78,433.11,.933,752
102,2010,18,1400,13.19,2285,963.6,325,.483,345.7
102,2010,18,1500,13.19,1444.6,1230.7,215.57,.033,43.15
102,2010,18,1600,13.21,1514,1252.9,234.25,.15,72.8
102,2010,18,1700,13.2,2220.9,1296.4,350.01,.85,334
102,2010,18,1800,13.2,1774.7,636.93,280.64,1,553.7
102,2010,18,1900,13.22,739.36,209.53,124.78,1,465.1
102,2010,18,2000,13.24,86.242,54.94,16.755,.25,80.2
102,2010,18,2100,13.29,0,0,1.574,0,6.242
102,2010,18,2200,13.32,0,0,3.306,0,6.182
102,2010,18,2300,13.35,0,0,4.2555,0,6.028
101,2010,18,2400,13.19,20610,7622.8,3046.5,8.55
102,2010,18,2400,13.38,0,0,4.3265,0,5.989
102,2010,19,100,13.39,0,0,3.7095,0,5.962
102,2010,19,200,13.4,0,0,3.4167,0,5.956
102,2010,19,300,13.42,0,0,3.9545,0,5.956
102,2010,19,400,13.44,0,0,3.1241,0,5.956
102,2010,19,500,13.45,0,0,1.7005,0,5.956
102,2010,19,600,13.46,0,0,2.0565,0,5.957
102,2010,19,700,13.47,0,0,1.487,0,5.957
102,2010,19,800,13.47,39.99,31.153,7.6406,0,20.67
102,2010,19,900,13.44,354.19,274.1,54.511,.183,100.9
102,2010,19,1000,13.38,1376.7,461.75,218.52,.966,667.5
102,2010,19,1100,13.31,2302.2,441.01,336.48,1,855
102,2010,19,1200,13.26,2985.5,477.15,408.86,1,878
102,2010,19,1300,12.87,2937.4,958.76,403.93,.75,607.7
102,2010,19,1400,12.86,3004,1017.6,429.99,.733,507.6
102,2010,19,1500,12.86,1361.9,1002.8,190,.167,83.3
102,2010,19,1600,13.19,2444.6,860.57,364.71,.7,443
102,2010,19,1700,13.19,2652.4,1010.9,404.51,.866,521.8
102,2010,19,1800,13.21,1001.9,773.55,153.8,.167,114.5
102,2010,19,1900,12.89,488.19,390.65,75.554,.117,71.3
102,2010,19,2000,13.27,40.026,37.274,6.0276,0,5.299
102,2010,19,2100,13.31,0,0,1.8982,0,5.283
102,2010,19,2200,13.34,0,0,3.2587,0,5.223
102,2010,19,2300,13.37,0,0,2.5786,0,5.046
101,2010,19,2400,12.86,20989,7737.2,3084.2,6.647
102,2010,19,2400,13.39,0,0,2.4361,0,5.008
102,2010,20,100,13.41,0,0,2.349,0,4.98
102,2010,20,200,13.43,0,0,3.0924,0,4.997
102,2010,20,300,13.45,0,0,4.1839,0,4.969
102,2010,20,400,13.45,0,0,2.3807,0,4.964
102,2010,20,500,13.47,0,0,2.5547,0,4.97
102,2010,20,600,13.47,0,0,3.6858,0,4.975
102,2010,20,700,13.48,0,0,4.2949,0,4.97
102,2010,20,800,13.48,55.303,44.801,11.271,0,16.59
102,2010,20,900,13.44,442.47,234.66,60.548,.75,328.5
102,2010,20,1000,13.37,1259.3,484.8,197.51,.916,579.9
102,2010,20,1100,13.3,1759.7,865.47,259.12,1,537.7
102,2010,20,1200,13.26,2162.5,1390,313.58,.683,323.4
102,2010,20,1300,13.25,1109.6,867.69,157.66,.233,114.9
102,2010,20,1400,13.26,1182.9,960.03,179.19,.05,44.32
102,2010,20,1500,13.27,917.25,823.5,143.84,0,36.71
102,2010,20,1600,13.28,744.41,638.46,115.25,.05,44.61
102,2010,20,1700,13.26,2001.5,969.7,312.4,1,382.9
102,2010,20,1800,13.25,872.75,673.6,130.33,.25,99.9
102,2010,20,1900,13.3,420.25,371.25,66.392,0,41.41
102,2010,20,2000,13.32,13.05,10.462,7.2923,0,7.24
102,2010,20,2100,13.33,0,0,4.2791,0,4.975
102,2010,20,2200,13.33,0,0,3.4564,0,4.969
102,2010,20,2300,13.35,0,0,2.2936,0,4.969
101,2010,20,2400,13.25,12941,8334.4,1989,4.931
102,2010,20,2400,13.37,0,0,2.0642,0,4.964
102,2010,21,100,13.42,0,0,2.3173,0,4.98
102,2010,21,200,13.42,0,0,2.4201,0,4.969
102,2010,21,300,13.44,0,0,1.5423,0,4.964
102,2010,21,400,13.44,0,0,2.3254,0,4.964
102,2010,21,500,13.45,0,0,2.357,0,4.964
102,2010,21,600,13.46,0,0,2.1909,0,4.964
102,2010,21,700,13.47,0,0,1.6768,0,4.964
102,2010,21,800,13.47,34.843,28.339,6.1539,0,14.9
102,2010,21,900,13.43,516.64,263.53,70.434,.8,378.5
102,2010,21,1000,13.4,890.43,606.64,142.17,.6,265.8
102,2010,21,1100,13.31,2022.8,590.87,303.05,.95,706
102,2010,21,1200,13.26,2827.7,662.91,396.5,1,814
102,2010,21,1300,13.21,3300.1,883.01,453.34,1,752
102,2010,21,1400,13.2,2548.9,1316.3,366.49,.683,328.8
102,2010,21,1500,13.19,1178.4,557.14,177.95,.25,163.9
102,2010,21,1600,13.27,463.14,420.02,57.474,0,31.24
102,2010,21,1700,13.3,560.31,502.96,82.09,0,11.38
102,2010,21,1800,13.31,602.8,465.18,91.54,.5,121.5
102,2010,21,1900,13.32,428.36,278.62,68.2,.783,158.7
102,2010,21,2000,13.32,52.801,45.373,7.4978,0,19.54
102,2010,21,2100,13.36,0,0,1.8034,0,5.09
102,2010,21,2200,13.39,0,0,3.2745,0,5.068
102,2010,21,2300,13.4,0,0,1.9219,0,4.997
101,2010,21,2400,13.19,15427,6620.9,2247.2,6.564
102,2010,21,2400,13.42,0,0,2.5151,0,5.019
102,2010,22,100,13.44,0,0,1.8032,0,4.986
102,2010,22,200,13.44,0,0,2.3332,0,4.986
102,2010,22,300,13.45,0,0,1.7954,0,4.969
102,2010,22,400,13.46,0,0,2.1197,0,4.975
102,2010,22,500,13.47,0,0,2.27,0,4.97
102,2010,22,600,13.47,0,0,3.14,0,4.97
102,2010,22,700,13.47,0,0,3.9468,0,4.97
102,2010,22,800,13.47,35.102,30.276,8.036,0,13.64
102,2010,22,900,13.45,431.48,269.92,60.926,.766,257.4
102,2010,22,1000,13.4,869.41,574.29,131.06,.35,213.7
102,2010,22,1100,13.39,541.17,429.31,77.495,.15,73.9
102,2010,22,1200,13.39,964.19,787.06,143.06,.083,46.64
102,2010,22,1300,13.37,629.31,579.68,92.476,0,37.88
102,2010,22,1400,12.84,1321.6,1199.8,199.79,0,26.69
102,2010,22,1500,12.88,1259.5,1116.1,192.47,0,12.93
102,2010,22,1600,13.3,1589,1159.1,243.46,.25,154.8
102,2010,22,1700,12.83,1675.2,1105.9,250.55,.716,231.9
102,2010,22,1800,13.28,941.3,700.17,146.36,.417,142.9
102,2010,22,1900,13.3,370.06,287.45,56.07,.2,88.9
102,2010,22,2000,13.32,48.863,38.925,9.6018,.133,29.21
102,2010,22,2100,13.35,0,0,2.982,0,5.14
102,2010,22,2200,13.38,0,0,2.4678,0,5.013
102,2010,22,2300,13.4,0,0,1.8507,0,4.969
101,2010,22,2400,12.83,10676,8278,1639.6,3.065
102,2010,22,2400,13.42,0,0,3.5511,0,4.98
102,2010,23,100,13.42,0,0,2.7048,0,5.019
102,2010,23,200,13.44,0,0,1.5027,0,4.997
102,2010,23,300,13.44,0,0,1.4948,0,5.013
102,2010,23,400,13.44,0,0,1.6451,0,4.986
102,2010,23,500,13.45,0,0,2.3728,0,4.98
102,2010,23,600,13.45,0,0,1.8033,0,4.964
102,2010,23,700,13.46,0,0,2.8156,0,4.964
102,2010,23,800,13.47,31.606,26.896,6.6913,0,12.47
102,2010,23,900,13.36,311.33,273.24,46.025,.2,79.4
102,2010,23,1000,13.35,762.75,608.75,117.65,.267,117.1
102,2010,23,1100,13.28,2059.4,793.13,310.94,1,664.1
102,2010,23,1200,13.21,2443.3,1237.2,350.81,1,570.6
102,2010,23,1300,13.18,3127.7,969.99,432.12,1,734
102,2010,23,1400,13.15,3246.2,1044.7,459.9,.916,599.5
102,2010,23,1500,13.14,3203.2,1055.6,474.88,.916,519.2
102,2010,23,1600,13.14,2738.8,1131.8,419.64,.983,521.8
102,2010,23,1700,13.13,2318.5,877.54,364.51,1,561.6
102,2010,23,1800,13.15,1396.1,697.24,226.92,1,344.9
102,2010,23,1900,13.17,599.66,352.87,97.341,.9,205.8
102,2010,23,2000,13.2,80.039,66.143,12.427,.067,25.46
102,2010,23,2100,13.24,0,0,.61695,0,5.294
102,2010,23,2200,13.28,0,0,2.0643,0,5.278
102,2010,23,2300,13.3,0,0,3.0057,0,5.228
101,2010,23,2400,13.13,22319,9135,3343.3,9.25
102,2010,23,2400,13.32,0,0,3.4407,0,5.162
102,2010,24,100,13.34,0,0,1.7717,0,5.074
102,2010,24,200,13.35,0,0,2.7603,0,5.107
102,2010,24,300,13.37,0,0,2.5942,0,5.057
102,2010,24,400,13.38,0,0,2.3648,0,5.019
102,2010,24,500,13.39,0,0,1.7795,0,4.98
102,2010,24,600,13.4,0,0,2.1592,0,4.997
102,2010,24,700,13.41,0,0,1.8903,0,4.975
102,2010,24,800,13.41,6.2248,5.2701,1.574,0,4.975
102,2010,24,900,13.4,114.92,104.62,14.909,0,7.58
102,2010,24,1000,13.38,153.23,136.57,22.833,0,7.18
102,2010,24,1100,13.38,180.4,162.4,19.678,0,7.14
102,2010,24,1200,12.8,152.62,136.64,18.389,0,7.8
102,2010,24,1300,13.4,255.13,230.1,27.112,0,31.99
102,2010,24,1400,13.38,748.43,664.64,99.092,0,42.37
102,2010,24,1500,13.35,1244.9,1110.6,184.31,0,40.78
102,2010,24,1600,13.33,1562.6,1357.7,230.49,.4,103
102,2010,24,1700,13.3,1424.5,1088.7,209.42,.267,110.9
102,2010,24,1800,13.29,1545.4,552.64,236.86,1,518.5
102,2010,24,1900,13.29,754.13,203.98,123.51,1,477.3
102,2010,24,2000,13.3,50.952,34.367,6.0032,.117,44.28
102,2010,24,2100,13.34,0,0,2.1593,0,5.212
102,2010,24,2200,13.37,0,0,3.6304,0,5.057
102,2010,24,2300,13.39,0,0,2.6812,0,5.019
101,2010,24,2400,12.8,8193.3,5788.2,1220.2,2.782
102,2010,24,2400,13.4,0,0,2.2224,0,4.964
102,2010,25,100,13.42,0,0,2.341,0,4.964
102,2010,25,200,13.43,0,0,2.0722,0,4.964
102,2010,25,300,13.44,0,0,3.9071,0,4.964
102,2010,25,400,13.44,0,0,4.1919,0,4.964
102,2010,25,500,13.44,0,0,2.3253,0,4.969
102,2010,25,600,13.45,0,0,1.8271,0,4.964
102,2010,25,700,13.46,0,0,1.9773,0,4.964
102,2010,25,800,13.47,34.493,29.574,6.5331,0,15.82
102,2010,25,900,13.44,516.89,233.49,68.582,.833,432.8
102,2010,25,1000,13.33,1408.9,364.72,215.26,1,736
102,2010,25,1100,13.26,2259.9,450.98,317.98,1,841
102,2010,25,1200,13.21,2884.7,710.61,386.97,1,817
102,2010,25,1300,13.17,3095.4,1256.5,426.33,.833,584.7
102,2010,25,1400,13.14,3633.4,940.3,500.37,.916,713
102,2010,25,1500,13.13,3526.2,1188.8,502.34,.916,632.3
102,2010,25,1600,13.13,1889.7,1153.8,274.66,.516,215.9
102,2010,25,1700,13.22,2343.8,590.17,359.53,.933,607.6
102,2010,25,1800,13.23,1825.1,514.22,288.29,.966,597.4
102,2010,25,1900,13.25,845.11,459.21,141.28,.633,291.3
102,2010,25,2000,13.3,57.973,51.117,7.9891,0,5.382
102,2010,25,2100,13.34,0,0,3.4009,0,4.964
102,2010,25,2200,13.35,0,0,4.0021,0,4.964
102,2010,25,2300,13.39,0,0,3.4803,0,4.964
101,2010,25,2400,13.13,24321,7943.5,3529.4,9.55
102,2010,25,2400,13.41,0,0,3.7333,0,4.964
102,2010,26,100,13.44,0,0,3.48,0,4.964
102,2010,26,200,13.44,0,0,3.1161,0,4.964
102,2010,26,300,13.47,0,0,2.6257,0,4.964
102,2010,26,400,13.48,0,0,2.8236,0,4.964
102,2010,26,500,13.49,0,0,1.8587,0,4.964
102,2010,26,600,13.5,0,0,2.6497,0,4.964
102,2010,26,700,13.51,0,0,2.6024,0,4.965
102,2010,26,800,13.51,35.2,30.191,7.8865,0,18.8
102,2010,26,900,13.46,495.4,219.7,66.35,.883,429.8
102,2010,26,1000,13.4,1402.6,368.35,224.74,1,726
102,2010,26,1100,13.32,2217.5,465.28,326.38,1,818
102,2010,26,1200,13.25,2932.5,509.41,410.81,1,859
102,2010,26,1300,13.23,2519.4,864.32,354.48,.883,565.4
102,2010,26,1400,13.2,3046.8,1009.7,442.24,.75,566.2
102,2010,26,1500,13.19,2874,984.83,417.14,.683,476.4
102,2010,26,1600,13.18,2515,866.06,374.39,.7,473
102,2010,26,1700,13.19,2437.9,495.62,375.51,.966,659.9
102,2010,26,1800,13.19,1706.8,354.04,270.23,1,628.1
102,2010,26,1900,13.2,833.8,343.87,138.68,.833,397.2
102,2010,26,2000,13.22,62.938,49.416,10.569,.233,57.17
102,2010,26,2100,13.26,0,0,.72771,0,4.979
102,2010,26,2200,13.3,0,0,1.7717,0,4.963
102,2010,26,2300,13.34,0,0,2.8396,0,4.964
101,2010,26,2400,13.18,23080,6560.8,3447.7,9.93
102,2010,26,2400,13.37,0,0,3.8441,0,4.964
102,2010,27,100,13.4,0,0,4.2157,0,4.964
102,2010,27,200,13.41,0,0,3.3219,0,4.964
102,2010,27,300,13.42,0,0,2.9184,0,4.964
102,2010,27,400,13.45,0,0,2.6179,0,4.964
102,2010,27,500,13.45,0,0,1.922,0,4.964
102,2010,27,600,13.47,0,0,1.8192,0,4.964
102,2010,27,700,13.49,0,0,2.2463,0,4.965
102,2010,27,800,13.51,30.905,26.743,6.9531,0,23.44
102,2010,27,900,13.47,491.34,221.61,66.712,1,443.1
102,2010,27,1000,13.42,963.51,586.49,153.37,1,345.8
102,2010,27,1100,13.35,1691.1,1100.1,257.3,1,357.6
102,2010,27,1200,13.28,2883.2,579.54,409.06,1,811
102,2010,27,1300,13.23,3327.4,464.9,479.65,1,839
102,2010,27,1400,13.21,3620.5,409.52,534.77,1,820
102,2010,27,1500,13.19,3598.4,495.86,523.41,1,759
102,2010,27,1600,13.19,2305.6,859.9,338.92,.6,383.3
102,2010,27,1700,13.2,1273,735.19,195.24,.283,204.4
102,2010,27,1800,13.21,1853.8,514.49,309.14,.983,620.8
102,2010,27,1900,13.22,788.52,256.64,137.83,1,467.4
102,2010,27,2000,13.24,77.961,45.081,15.125,.283,89.7
102,2010,27,2100,13.28,0,0,.12656,0,5.288
102,2010,27,2200,13.31,0,0,1.1627,0,5.162
102,2010,27,2300,13.35,0,0,3.5118,0,5.074
101,2010,27,2400,13.19,22905,6296.1,3454.1,10.15
102,2010,27,2400,13.37,0,0,2.7921,0,4.964
102,2010,28,100,13.39,0,0,3.7807,0,4.964
102,2010,28,200,13.42,0,0,3.2744,0,4.964
102,2010,28,300,13.44,0,0,4.6267,0,4.964
102,2010,28,400,13.46,0,0,3.9704,0,4.964
102,2010,28,500,13.48,0,0,2.6972,0,4.964
102,2010,28,600,13.49,0,0,2.9425,0,4.965
102,2010,28,700,13.51,0,0,2.7765,0,4.965
102,2010,28,800,13.52,26.357,22.271,9.4685,0,18.93
102,2010,28,900,13.49,430.03,209.57,66.199,.95,363.2
102,2010,28,1000,13.41,1391.4,356.5,229.15,1,729
102,2010,28,1100,13.33,2326.9,420.73,354.52,1,881
102,2010,28,1200,13.27,3014.3,496.23,444.77,1,892
102,2010,28,1300,13.23,3386.4,646.56,504.42,1,828
102,2010,28,1400,13.2,3585.7,591.52,531.81,1,770
102,2010,28,1500,13.19,3359.5,653.65,494.09,.983,684.3
102,2010,28,1600,13.18,2826.9,662.03,425.18,1,654.8
102,2010,28,1700,13.18,2351.2,592.15,371.41,1,662.8
102,2010,28,1800,13.19,1648.2,463.3,271.93,1,591.5
102,2010,28,1900,13.21,474.51,256.02,75.63,.983,240.2
102,2010,28,2000,13.24,66.292,50.956,11.945,.1,48.51
102,2010,28,2100,13.29,0,0,1.1786,0,5.294
102,2010,28,2200,13.32,0,0,2.1355,0,5.294
102,2010,28,2300,13.34,0,0,2.5469,0,5.239
101,2010,28,2400,13.18,24888,5421.5,3824.6,11.01
102,2010,28,2400,13.37,0,0,4.0972,0,5.101
102,2010,29,100,13.4,0,0,2.0406,0,5.074
102,2010,29,200,13.42,0,0,3.3851,0,4.964
102,2010,29,300,13.44,0,0,4.2867,0,4.964
102,2010,29,400,13.46,0,0,1.8034,0,4.964
102,2010,29,500,13.48,0,0,3.4802,0,4.964
102,2010,29,600,13.49,0,0,3.7808,0,4.965
102,2010,29,700,13.51,0,0,3.1245,0,4.965
102,2010,29,800,13.52,25.993,21.628,8.3136,0,12.4
102,2010,29,900,13.5,463.73,237.44,71.276,.85,326.8
102,2010,29,1000,13.43,1370.2,399.78,230.63,1,692.5
102,2010,29,1100,13.33,2257.5,446.18,348.23,1,838
102,2010,29,1200,13.27,2998.3,469.12,437.16,1,871
102,2010,29,1300,13.23,3435.1,512,502.16,1,845
102,2010,29,1400,13.2,3176.2,642.32,462.25,.85,673.9
102,2010,29,1500,13.19,2261.6,950.05,341.96,.466,297.9
102,2010,29,1600,13.19,1665.3,952.49,248.08,.317,190.9
102,2010,29,1700,13.2,1438.1,770.58,230.36,.433,266.7
102,2010,29,1800,13.2,1056.8,564.12,168.6,.35,227.7
102,2010,29,1900,13.22,386.78,306.36,58.591,.133,80.3
102,2010,29,2000,13.25,57.812,47.701,9.0182,.1,28.64
102,2010,29,2100,13.29,0,0,.60905,0,5.294
102,2010,29,2200,13.33,0,0,1.9457,0,5.294
102,2010,29,2300,13.35,0,0,2.1199,0,5.295
101,2010,29,2400,13.19,20593,6319.8,3146.2,7.5
102,2010,29,2400,13.38,0,0,2.9424,0,5.261
102,2010,30,100,13.4,0,0,3.3773,0,5.151
102,2010,30,200,13.42,0,0,3.2348,0,5.079
102,2010,30,300,13.44,0,0,4.255,0,4.964
102,2010,30,400,13.45,0,0,2.5469,0,4.964
102,2010,30,500,13.46,0,0,1.8508,0,4.969
102,2010,30,600,13.45,0,0,1.8746,0,4.964
102,2010,30,700,13.45,.07118,0,2.5469,0,4.969
102,2010,30,800,13.46,13.778,12.089,3.5987,0,4.964
102,2010,30,900,13.44,243.11,216.57,41.072,0,18.21
102,2010,30,1000,13.38,1087.2,581.37,178.86,.683,378.6
102,2010,30,1100,13.3,2131.2,568.31,332.89,1,765
102,2010,30,1200,13.23,2785.6,827.17,405.64,1,755
102,2010,30,1300,13.18,3294.4,680.43,468.42,1,793
102,2010,30,1400,13.16,3505.7,662.21,511.95,1,745
102,2010,30,1500,13.14,2564.2,967.08,380.72,.666,443.2
102,2010,30,1600,13.15,2047.2,996.84,315.16,.666,330
102,2010,30,1700,13.16,2506.8,524.96,399.3,1,714
102,2010,30,1800,13.17,1781.2,605.39,294.39,.95,579.4
102,2010,30,1900,12.93,408.65,253.21,61.854,.3,125.9
102,2010,30,2000,13.22,60.301,48.479,8.3217,.067,24.16
102,2010,30,2100,13.25,0,0,.81477,0,5.294
102,2010,30,2200,13.29,0,0,.72771,0,5.294
102,2010,30,2300,13.32,0,0,2.1039,0,5.294
101,2010,30,2400,12.93,22429,6944.1,3429,8.33
102,2010,30,2400,13.35,0,0,3.4803,0,5.184
102,2010,31,100,13.38,0,0,5.1254,0,5.107
102,2010,31,200,13.4,0,0,4.01,0,5.085
102,2010,31,300,13.43,0,0,3.3613,0,5.03
102,2010,31,400,13.45,0,0,4.7455,0,4.975
102,2010,31,500,13.47,0,0,2.6892,0,4.975
102,2010,31,600,13.47,.05537,0,3.8599,0,4.975
102,2010,31,700,13.47,0,0,3.0135,0,4.986
102,2010,31,800,13.47,5.774,4.5006,4.0497,0,5.025
102,2010,31,900,13.45,115.09,101.18,20.581,0,5.366
102,2010,31,1000,13.4,995.34,521.25,160.92,.5,303.9
102,2010,31,1100,13.31,2272.3,498.2,348.2,1,839
102,2010,31,1200,13.25,2770.7,795.78,409.3,1,795
102,2010,31,1300,13.21,3199.1,1150.9,466.36,1,713
102,2010,31,1400,13.19,3263.1,1064,476.69,1,622.3
102,2010,31,1500,13.17,3434.5,682.35,497.49,1,690.4
102,2010,31,1600,13.17,3056.2,556.47,460.6,1,741
102,2010,31,1700,13.16,2440.9,442.91,386.11,1,717
102,2010,31,1800,13.17,1746.4,335.51,283.92,1,659.1
102,2010,31,1900,13.19,808.95,250.64,139.05,.933,460.2
102,2010,31,2000,13.21,73.923,48.596,14.626,.25,74.3
102,2010,31,2100,13.26,0,0,.45879,0,5.624
102,2010,31,2200,13.3,0,0,.73561,0,5.625
102,2010,31,2300,13.34,0,0,3.7095,0,5.625
101,2010,31,2400,13.16,24182,6452.2,3702.9,9.68
102,2010,31,2400,13.36,0,0,3.3459,0,5.625
102,2010,32,100,13.38,0,0,1.9458,0,5.625
102,2010,32,200,13.4,0,0,2.9502,0,5.625
102,2010,32,300,13.42,0,0,4.1681,0,5.625
102,2010,32,400,13.44,0,0,3.9228,0,5.625
102,2010,32,500,13.46,0,0,2.5784,0,5.598
102,2010,32,600,13.46,0,0,3.2586,0,5.554
102,2010,32,700,13.49,0,0,3.3141,0,5.544
102,2010,32,800,13.5,25.516,21.567,8.8191,.133,36.1
102,2010,32,900,12.88,470.88,188.59,71.739,1,490
102,2010,32,1000,12.82,1416.3,312.84,228.59,1,746
102,2010,32,1100,13.3,2262.1,381.5,338.98,1,841
102,2010,32,1200,13.23,2968.3,375.39,413.55,1,873
102,2010,32,1300,13.19,3388.4,394.46,465.9,1,852
102,2010,32,1400,13.16,3243.4,574.35,456.02,.883,692.3
102,2010,32,1500,13.14,3230.7,927.03,459.29,.8,575.8
102,2010,32,1600,13.15,2130.4,848.01,318.06,.483,344.7
102,2010,32,1700,13.16,1571.3,984.56,241.99,.35,193.5
102,2010,32,1800,13.17,930.83,568.7,148.71,.483,234.4
102,2010,32,1900,13.2,807.78,343.6,140.68,1,431
102,2010,32,2000,13.22,97.362,66.435,18.637,.317,82.1
102,2010,32,2100,13.25,0,0,.26104,0,5.624
102,2010,32,2200,13.28,0,0,.2373,0,5.619
102,2010,32,2300,13.3,0,0,1.0045,0,5.597
101,2010,32,2400,12.82,22543,5987,3336.2,9.45
102,2010,32,2400,13.34,0,0,1.5502,0,5.504
102,2010,33,100,13.35,0,0,2.6972,0,5.443
102,2010,33,200,13.36,0,0,1.5583,0,5.35
102,2010,33,300,13.39,0,0,3.1401,0,5.234
102,2010,33,400,13.4,0,0,3.0135,0,5.168
102,2010,33,500,13.42,0,0,2.1908,0,5.135
102,2010,33,600,13.44,0,0,2.8709,0,5.068
102,2010,33,700,13.46,0,0,4.7375,0,5.107
102,2010,33,800,13.46,31.132,27.383,8.819,.083,26.03
102,2010,33,900,13.44,439.45,215.53,71.08,1,397.1
102,2010,33,1000,13.37,1334.9,432.02,220.05,1,661
102,2010,33,1100,13.28,2208.9,493.49,337.02,1,805
102,2010,33,1200,13.22,2794.3,651.49,406.38,1,783
102,2010,33,1300,13.18,3169.4,728.2,459.66,1,746
102,2010,33,1400,13.16,3344.1,705.52,492.16,1,703
102,2010,33,1500,13.14,3022.1,761.79,428.25,.866,564
102,2010,33,1600,13.14,2779.4,821.39,419.11,.85,602.6
102,2010,33,1700,13.14,1574,672.19,244.17,.616,343.8
102,2010,33,1800,13.16,1286.5,498.1,213.82,.766,407.5
102,2010,33,1900,13.17,473.32,274.72,73.096,.466,188.7
102,2010,33,2000,13.19,62.413,56.166,8.9625,0,17.65
102,2010,33,2100,13.21,0,0,.07911,0,5.48
102,2010,33,2200,13.25,0,0,.66445,0,5.316
102,2010,33,2300,13.28,0,0,1.5187,0,5.294
101,2010,33,2400,13.14,22520,6338,3407.1,9.65
102,2010,33,2400,13.31,0,0,2.0327,0,5.294
102,2010,34,100,13.33,0,0,1.9299,0,5.267
102,2010,34,200,13.35,0,0,1.2023,0,5.46
102,2010,34,300,13.37,0,0,2.4836,0,5.614
102,2010,34,400,13.39,0,0,1.4316,0,5.587
102,2010,34,500,13.41,0,0,2.4439,0,5.46
102,2010,34,600,13.43,0,0,3.8279,0,5.432
102,2010,34,700,13.44,0,0,3.9544,0,5.377
102,2010,34,800,13.45,33.368,29.602,9.2061,0,17.5
102,2010,34,900,13.44,404.55,287.25,65.383,.7,185.7
102,2010,34,1000,13.37,1160.4,528.8,193.94,1,491.5
102,2010,34,1100,13.29,1960.3,675.3,308.94,1,660.1
102,2010,34,1200,13.24,2739,767.32,408.74,1,741
102,2010,34,1300,13.18,3156.4,904.53,451.58,1,706
102,2010,34,1400,13.19,8.7413,8.0866,1.2973,0,5.624
102,2010,34,1500,13.19,489.27,450.74,75.017,0,24.39
102,2010,34,1600,13.22,867.92,753.34,143.1,0,42.74
102,2010,34,1700,13.23,1231.6,912.29,208.31,.566,155
102,2010,34,1800,13.23,954.51,605.48,165.02,.816,217.2
102,2010,34,1900,13.27,215.77,197.57,33.991,0,13.15
102,2010,34,2000,13.01,36.885,33.425,5.6953,0,5.669
102,2010,34,2100,12.89,0,0,.06327,0,5.294
102,2010,34,2200,13.35,1.6532,.74039,2.9583,0,5.272
102,2010,34,2300,13.38,1.843,.6332,2.6577,0,5.239
101,2010,34,2400,12.89,3809.9,2962.5,641.36,1.383
102,2010,34,2400,13.4,1.7717,.15586,3.2508,0,5.217
102,2010,35,100,13.41,6.3828,.15586,4.619,0,5.19
102,2010,35,200,13.42,4.3817,0,3.1478,0,5.195
102,2010,35,300,13.42,0,0,0,0,5.14
102,2010,35,400,13.42,0,0,.10282,0,5.168
102,2010,35,500,13.43,0,0,1.218,0,5.146
102,2010,35,600,13.44,0,0,1.5185,0,5.107
102,2010,35,700,13.43,0,0,.97281,0,5.124
102,2010,35,800,13.43,8.6288,7.2959,2.436,0,5.129
102,2010,35,900,13.42,144.57,129.88,23.182,0,5.234
102,2010,35,1000,13.41,321.4,288.98,49.765,0,5.477
102,2010,35,1100,13.39,496.57,448.14,77.102,0,8.37
102,2010,35,1200,13.35,874.57,782.02,135.8,0,17.47
102,2010,35,1300,13.29,2249.1,1599.7,345.81,.633,213.3
102,2010,35,1400,13.27,2006.3,1602,300.33,.35,107.2
102,2010,35,1500,13.24,2180.3,1540.3,326.87,.466,172.1
102,2010,35,1600,13.23,2601.6,1186.8,390.81,1,564.5
102,2010,35,1700,13.22,1921.3,1005.1,292.23,1,442.8
102,2010,35,1800,13.24,1616.1,762.42,272.18,.933,473
102,2010,35,1900,13.25,590.19,451.17,94.452,.433,143.1
102,2010,35,2000,13.29,44.456,41.512,6.0118,0,6.716
102,2010,35,2100,13.32,0,0,.00791,0,5.46
102,2010,35,2200,13.35,0,0,.29267,0,5.344
102,2010,35,2300,13.37,0,0,2.1673,0,5.322
101,2010,35,2400,13.22,15066,9845.5,2333.5,4.815
102,2010,35,2400,13.4,0,0,2.4678,0,5.311
102,2010,36,100,13.41,0,0,2.3807,0,5.3
102,2010,36,200,13.42,0,0,2.5151,0,5.311
102,2010,36,300,13.43,0,0,2.4439,0,5.283
102,2010,36,400,13.44,0,0,1.8428,0,5.289
102,2010,36,500,13.44,0,0,1.9456,0,5.283
102,2010,36,600,13.44,0,0,1.5897,0,5.272
102,2010,36,700,13.44,0,0,1.2654,0,5.283
102,2010,36,800,13.44,17.676,15.117,3.6618,0,5.283
102,2010,36,900,13.43,330.26,286.51,51.646,0,24.48
102,2010,36,1000,13.39,663.13,580.84,100.24,0,53.15
102,2010,36,1100,13.35,1134,917.92,170.24,.383,113.5
102,2010,36,1200,13.29,2344.8,1027.6,338.53,.933,516.4
102,2010,36,1300,13.24,3322.8,885.52,462.48,1,717
102,2010,36,1400,13.19,3583.5,1176.9,506.39,.983,596
102,2010,36,1500,13.18,2498.5,1196.4,356.56,.55,346.9
102,2010,36,1600,13.2,1829.2,1098.5,266.21,.7,323.6
102,2010,36,1700,13.2,1137.5,761.05,167.02,.267,132.7
102,2010,36,1800,13.24,233.48,207.63,30.029,0,12.15
102,2010,36,1900,13.28,295.45,201.33,54.498,.217,89.5
102,2010,36,2000,13.32,191.07,164.2,36.477,0,10.41
102,2010,36,2100,13.35,1.8747,0,5.2364,0,5.079
102,2010,36,2200,13.37,.52996,0,3.7571,0,5.013
102,2010,36,2300,13.4,0,0,4.2158,0,5.019
101,2010,36,2400,13.18,17584,8519.6,2574.1,5.031
102,2010,36,2400,13.41,0,0,2.9027,0,5.002
102,2010,37,100,13.42,0,0,2.1988,0,4.986
102,2010,37,200,13.42,0,0,2.088,0,4.997
102,2010,37,300,13.42,.00791,0,1.4632,0,5.008
102,2010,37,400,13.42,0,0,2.5468,0,5.008
102,2010,37,500,13.42,0,0,.79091,0,5.002
102,2010,37,600,13.38,0,0,2.5863,0,5.013
102,2010,37,700,13.42,0,0,2.1433,0,5.035
102,2010,37,800,13.42,7.466,6.1074,2.1433,0,4.986
102,2010,37,900,13.41,154.7,138.06,23.181,0,5.03
102,2010,37,1000,13.38,506.18,452.21,76.909,0,5.785
102,2010,37,1100,13.34,837.3,746.17,128.4,0,6.276
102,2010,37,1200,13.32,891.23,809.4,134,0,5.416
102,2010,37,1300,13.27,1901.9,1530.8,282.98,.417,93.7
102,2010,37,1400,13.24,2574.5,1924.3,377.44,.716,141.2
102,2010,37,1500,13.23,2194.5,1576.1,330.93,.45,158.8
102,2010,37,1600,13.24,936.25,760.27,138.41,.083,43.43
102,2010,37,1700,13.27,311.3,273.39,41.928,0,12.52
102,2010,37,1800,13.31,1029.4,755.41,159.21,.433,153.1
102,2010,37,1900,13.31,496.14,391.84,79.005,.217,78.9
102,2010,37,2000,13.32,33.409,31.386,4.4529,0,5.156
102,2010,37,2100,13.35,0,0,1.9696,0,5.019
102,2010,37,2200,13.37,0,0,1.9616,0,5.079
102,2010,37,2300,13.39,0,0,2.096,0,5.002
101,2010,37,2400,13.23,11874,9395.4,1799.9,2.316
102,2010,37,2400,13.4,0,0,1.0203,0,4.986
102,2010,38,100,13.41,0,0,1.7242,0,4.991
102,2010,38,200,13.41,0,0,1.6688,0,5.019
102,2010,38,300,13.42,0,0,2.3964,0,5.013
102,2010,38,400,13.44,0,0,1.305,0,5.013
102,2010,38,500,13.44,0,0,1.7083,0,5.002
102,2010,38,600,13.44,0,0,1.1072,0,4.98
102,2010,38,700,13.45,0,0,1.6766,0,4.98
102,2010,38,800,13.45,23.331,20.241,4.4684,0,5.504
102,2010,38,900,13.44,143.2,127.68,21.63,0,5.013
102,2010,38,1000,13.42,289.35,260.63,43.942,0,5.101
102,2010,38,1100,13.39,912.99,749.58,136.45,.2,54.79
102,2010,38,1200,13.33,1571.7,1380.7,231.68,.05,55.36
102,2010,38,1300,13.29,1450,1327,210.09,0,6.667
102,2010,38,1400,13.24,2603.1,1775.2,365.19,.533,195.3
102,2010,38,1500,13.2,3368.1,775.72,464.57,1,695.6
102,2010,38,1600,13.18,2714.4,911.64,371.63,1,643.6
102,2010,38,1700,13.17,2544,675.29,378.13,1,722
102,2010,38,1800,13.18,1729.5,757.36,259.07,.883,498.5
102,2010,38,1900,13.19,408.19,278.62,60.953,.25,110.6
102,2010,38,2000,13.24,14.619,12.744,5.0705,0,5.233
102,2010,38,2100,13.3,1.5899,.00974,2.3651,0,4.985
102,2010,38,2200,13.34,.73563,.04871,.22148,0,4.991
102,2010,38,2300,13.37,.13447,0,.42712,0,5.19
101,2010,38,2400,13.17,17775,9052.4,2568.4,4.915
102,2010,38,2400,13.39,0,0,.9254,0,5.206
102,2010,39,100,13.4,0,0,.80675,0,5.173
102,2010,39,200,13.41,.02373,0,1.2813,0,5.129
102,2010,39,300,13.42,0,0,1.8349,0,5.107
102,2010,39,400,13.42,0,0,1.5264,0,5.096
102,2010,39,500,13.43,0,0,1.2101,0,5.09
102,2010,39,600,13.43,0,0,.83835,0,5.09
102,2010,39,700,13.43,0,0,.84626,0,5.09
102,2010,39,800,13.44,5.1092,4.3931,1.8902,0,5.107
102,2010,39,900,13.43,146.65,130.88,19.883,0,5.157
102,2010,39,1000,13.42,470.68,421.77,65.178,0,6.717
102,2010,39,1100,13.39,696.82,625.98,100.67,0,5.295
102,2010,39,1200,13.36,989.65,888.03,139.76,0,5.388
102,2010,39,1300,13.34,1146.4,1039.3,158.15,0,6.646
102,2010,39,1400,13.32,1212.9,1080.6,167.89,0,30.74
102,2010,39,1500,13.24,2976.7,1694.1,399.04,.916,388.2
102,2010,39,1600,13.22,2857.5,1282.4,373.86,.883,523.7
102,2010,39,1700,13.23,874.63,582.64,117.6,.367,157.8
102,2010,39,1800,13.27,351.29,314.89,46.861,.017,37.13
102,2010,39,1900,13.29,167.66,157.96,21.895,0,31.76
102,2010,39,2000,13.32,19.924,18.937,2.0011,0,5.548
102,2010,39,2100,13.35,0,0,1.4633,0,5.157
102,2010,39,2200,13.37,0,0,2.2068,0,5.135
102,2010,39,2300,13.38,0,0,2.9899,0,5.129
101,2010,39,2400,13.22,11916,8241.9,1632.9,2.182
102,2010,39,2400,13.4,0,0,3.1875,0,5.124
102,2010,40,100,13.4,0,0,2.6101,0,5.085
102,2010,40,200,12.88,0,0,2.3412,0,5.09
102,2010,40,300,12.81,0,0,2.7129,0,4.975
102,2010,40,400,12.8,0,0,2.0247,0,4.964
102,2010,40,500,12.78,0,0,2.784,0,4.964
102,2010,40,600,12.77,0,0,2.1749,0,4.964
102,2010,40,700,12.77,0,0,1.9613,0,4.964
102,2010,40,800,12.76,22.223,19.237,3.9068,0,5.063
102,2010,40,900,12.76,227.56,198.88,28.748,.017,24.65
102,2010,40,1000,13.42,371.02,334.79,52.507,0,8.4
102,2010,40,1100,12.95,1327.3,1048,179.32,.3,135.4
102,2010,40,1200,13.32,1765.7,1200.2,227.41,.35,238
102,2010,40,1300,13.27,3011.5,1654,385.11,.733,422
102,2010,40,1400,13.25,2513.2,1436.1,321.8,.516,284.3
102,2010,40,1500,13.24,3389.5,872.76,433.38,.85,616.8
102,2010,40,1600,13.22,3050.4,945.2,401.29,1,663.8
102,2010,40,1700,13.23,1700.5,877.45,235.91,.916,371.4
102,2010,40,1800,13.22,1796.1,643.5,265.52,.916,558
102,2010,40,1900,13.25,379.78,343.3,49.773,0,15.62
102,2010,40,2000,12.89,39.005,35.277,4.2478,0,5.851
102,2010,40,2100,13.32,0,0,2.2463,0,5.73
102,2010,40,2200,13.34,0,0,3.3616,0,5.636
102,2010,40,2300,13.37,0,0,3.2272,0,5.642
101,2010,40,2400,12.76,19594,9608.7,2619.9,5.598
102,2010,40,2400,13.4,0,0,5.513,0,5.625
102,2010,41,100,13.4,0,0,3.4406,0,5.625
102,2010,41,200,13.43,0,0,2.4518,0,5.625
102,2010,41,300,13.44,0,0,3.5669,0,5.62
102,2010,41,400,13.45,0,0,2.6494,0,5.625
102,2010,41,500,13.46,.00791,0,1.2179,0,5.625
102,2010,41,600,13.45,0,0,2.4042,0,5.62
102,2010,41,700,13.46,0,0,1.9455,0,5.625
102,2010,41,800,13.45,23.9,21.244,5.1406,0,8.18
102,2010,41,900,13.44,500.31,240.42,66.932,.733,348.3
102,2010,41,1000,13.38,1156.2,443.27,165.36,1,553
102,2010,41,1100,13.3,2045.6,851.58,274.55,1,608.2
102,2010,41,1200,13.24,3062.6,572.71,393.13,1,846
102,2010,41,1300,13.22,3671.7,732.21,470.49,1,793
102,2010,41,1400,13.2,3704.8,728.15,475.21,.966,742
102,2010,41,1500,13.17,3734.7,714.8,475.69,.983,774
102,2010,41,1600,13.17,2813.4,795.32,369.8,.8,615
102,2010,41,1700,13.07,2424.5,650.23,339.45,.9,667.4
102,2010,41,1800,12.85,1909.8,621.11,280.21,.966,644.1
102,2010,41,1900,13.22,759.22,344.84,117.4,.966,419.8
102,2010,41,2000,13.25,96.431,65.112,16.874,.35,90
102,2010,41,2100,13.29,0,0,1.6136,0,5.933
102,2010,41,2200,13.32,0,0,4.3976,0,5.763
102,2010,41,2300,13.35,0,0,3.765,0,5.636
101,2010,41,2400,12.85,25903,6781,3482.3,10.66
102,2010,41,2400,13.37,0,0,4.5956,0,5.647
102,2010,42,100,13.39,0,0,5.5684,0,5.647
102,2010,42,200,13.41,0,0,6.9681,0,5.642
102,2010,42,300,13.42,0,0,4.2155,0,5.642
102,2010,42,400,13.44,0,0,4.7216,0,5.625
102,2010,42,500,13.46,0,0,3.0686,0,5.625
102,2010,42,600,13.47,0,0,3.5511,0,5.626
102,2010,42,700,13.48,0,0,2.6892,0,5.626
102,2010,42,800,13.49,31.258,26.828,7.0789,.2,54.66
102,2010,42,900,13.45,541.55,190.44,73.406,1,567.8
102,2010,42,1000,13.38,1493.5,275.31,219.18,1,774
102,2010,42,1100,13.28,2401.9,299.2,320.06,1,886
102,2010,42,1200,12.87,3042.5,382.36,394.59,.983,865
102,2010,42,1300,13.2,3443.7,625.9,447.02,1,806
102,2010,42,1400,13.19,3575.2,535.39,461.45,.933,785
102,2010,42,1500,13.17,3104.4,734.19,400.1,.783,623.2
102,2010,42,1600,13.17,2848.9,584.48,379.98,.866,680.6
102,2010,42,1700,13.18,2452.5,417.16,345.92,.933,764
102,2010,42,1800,13.19,1847.3,386,277.22,1,734
102,2010,42,1900,12.87,905.29,327.68,144.08,1,571.1
102,2010,42,2000,13.24,94.442,58.967,16.613,.3,116.5
102,2010,42,2100,12.98,0,0,.52206,0,5.299
102,2010,42,2200,13.31,0,0,1.7955,0,5.289
102,2010,42,2300,13.34,0,0,3.2588,0,5.25
101,2010,42,2400,12.87,25783,4843.9,3527.1,11
102,2010,42,2400,13.37,.1582,.00974,4.0024,0,5.151
102,2010,43,100,13.38,0,0,4.2713,0,5.162
102,2010,43,200,13.4,0,0,5.2361,0,5.046
102,2010,43,300,13.42,0,0,2.8711,0,5.068
102,2010,43,400,13.44,0,0,4.7612,0,5.019
102,2010,43,500,13.45,0,0,4.1917,0,5.013
102,2010,43,600,13.46,0,0,4.9984,0,4.991
102,2010,43,700,13.47,0,0,4.5318,0,5.013
102,2010,43,800,12.82,53.407,47.153,11.681,.133,35.24
102,2010,43,900,12.79,487.64,405.59,73.242,.35,114.5
102,2010,43,1000,13.36,1317.1,796.89,191.08,.883,452.4
102,2010,43,1100,13.29,1689.3,758.17,227.78,1,560.3
102,2010,43,1200,13.23,2696.7,700.95,353.69,1,755
102,2010,43,1300,13.18,3235.1,757.47,412.67,.983,743
102,2010,43,1400,13.16,3624.8,841.72,464.31,.95,718
102,2010,43,1500,12.89,3727.4,770.77,469.87,1,754
102,2010,43,1600,13.13,3204.5,787.36,410.46,.983,718
102,2010,43,1700,12.89,2334.3,703.79,323.91,.866,659.9
102,2010,43,1800,12.86,1437.9,556.9,203.84,.666,506.9
102,2010,43,1900,13.16,478.76,349.58,65.539,.15,120.1
102,2010,43,2000,13.23,55.868,50.967,6.3921,0,16.6
102,2010,43,2100,13.27,0,0,.05537,0,5.305
102,2010,43,2200,13.29,0,0,1.8746,0,5.283
102,2010,43,2300,13.33,0,0,4.3185,0,5.261
101,2010,43,2400,12.79,24343,7527.3,3255.4,8.96
102,2010,43,2400,13.35,0,0,3.8758,0,5.173
102,2010,44,100,13.37,0,0,3.9786,0,5.151
102,2010,44,200,13.4,0,0,5.7582,0,5.118
102,2010,44,300,13.42,0,0,3.8439,0,5.046
102,2010,44,400,13.42,0,0,3.3851,0,5.063
102,2010,44,500,13.44,0,0,4.3421,0,5.057
102,2010,44,600,13.44,0,0,3.6382,0,5.068
102,2010,44,700,13.43,0,0,2.7523,0,5.057
102,2010,44,800,13.43,7.7825,6.2537,3.6619,0,5.118
102,2010,44,900,13.44,51.228,43.123,11.263,0,6.784
102,2010,44,1000,13.43,265.14,230.28,37.038,0,11.57
102,2010,44,1100,13.41,406.86,361.21,58.093,0,9.75
102,2010,44,1200,13.39,660.41,590.57,97.224,0,7.82
102,2010,44,1300,13.28,2968.5,1461.5,389.05,.75,501.6
102,2010,44,1400,13.23,3520.3,973.03,442.3,1,691.3
102,2010,44,1500,12.9,3476,831.18,441.8,1,761
102,2010,44,1600,12.88,3163.4,1012.3,415.99,.983,753
102,2010,44,1700,13.18,2576.4,1026.9,355.75,.983,756
102,2010,44,1800,13.19,1414.8,706.39,198.37,.816,571.3
102,2010,44,1900,13.21,743.81,467.43,109,.933,424.8
102,2010,44,2000,13.23,36.62,34.637,2.1676,.05,24.51
102,2010,44,2100,13.28,0,0,1.5978,0,5.294
102,2010,44,2200,13.32,0,0,2.713,0,5.278
102,2010,44,2300,13.34,0,0,3.583,0,5.25
101,2010,44,2400,12.88,19291,7744.7,2600.7,6.514
102,2010,44,2400,13.35,0,0,3.4092,0,5.228
102,2010,45,100,13.37,0,0,3.5357,0,5.168
102,2010,45,200,13.39,0,0,3.4565,0,5.168
102,2010,45,300,13.4,0,0,3.0689,0,5.146
102,2010,45,400,13.41,0,0,2.8316,0,5.113
102,2010,45,500,13.42,0,0,2.2858,0,5.113
102,2010,45,600,13.42,0,0,2.7208,0,5.079
102,2010,45,700,13.43,.03955,0,2.2699,0,5.101
102,2010,45,800,13.42,5.2675,4.2666,3.6778,0,5.096
102,2010,45,900,13.4,381.48,316.84,58.117,.25,88
102,2010,45,1000,13.37,646.67,556.59,88.802,.267,82.7
102,2010,45,1100,13.28,2137.9,1115.4,297.39,.983,604.2
102,2010,45,1200,13.25,1982,1567.9,270.5,.583,213.5
102,2010,45,1300,13.25,1372.3,1153.8,183.4,.05,41.2
102,2010,45,1400,13.25,1042.9,952.08,141.66,0,29.98
102,2010,45,1500,13.29,680.66,623.75,92.008,0,30.2
102,2010,45,1600,13.23,2187.7,1534.8,309.99,.55,247.3
102,2010,45,1700,13.22,2542.6,1345.7,357.38,1,742
102,2010,45,1800,13.22,1424.9,958.21,203.41,1,539.5
102,2010,45,1900,13.23,550.3,445.24,74.109,.766,250.1
102,2010,45,2000,13.25,48.581,47.284,4.8415,0,15.39
102,2010,45,2100,13.29,0,0,.75143,0,5.288
102,2010,45,2200,13.33,0,0,2.8869,0,5.256
102,2010,45,2300,13.35,0,0,2.7922,0,5.256
101,2010,45,2400,13.22,15003,10622,2115.4,5.448
102,2010,45,2400,13.37,0,0,3.5437,0,5.217
102,2010,46,100,13.39,0,0,3.2193,0,5.157
102,2010,46,200,13.4,0,0,2.3412,0,5.079
102,2010,46,300,13.41,0,0,2.1988,0,5.107
102,2010,46,400,13.43,0,0,2.0959,0,5.09
102,2010,46,500,13.43,0,0,2.3332,0,5.063
102,2010,46,600,13.44,.00791,0,1.5818,0,5.079
102,2010,46,700,13.44,0,0,1.8902,0,5.085
102,2010,46,800,13.46,31.216,28.004,6.2084,0,16.02
102,2010,46,900,13.43,522.44,371.2,71.836,.916,333.4
102,2010,46,1000,13.37,1315,799.82,198.22,1,603
102,2010,46,1100,13.3,2035.1,1143.9,278.29,1,662.5
102,2010,46,1200,13.24,2864.6,1104.4,370.35,1,726
102,2010,46,1300,13.2,2872.9,1323.4,367.02,.85,467
102,2010,46,1400,13.19,2438.9,1518.3,315.86,.417,203.3
102,2010,46,1500,13.19,1700.1,1379.6,223.57,.15,64.92
102,2010,46,1600,13.21,502.2,446.73,67.517,0,50.78
102,2010,46,1700,13.26,385.15,346.15,53.04,0,38.04
102,2010,46,1800,13.27,548.17,494.59,72.211,0,10.21
102,2010,46,1900,13.32,272.58,246.45,36.802,0,5.344
102,2010,46,2000,13.33,40.392,36.617,5.9003,0,5.245
102,2010,46,2100,13.35,0,0,1.8588,0,5.228
102,2010,46,2200,13.37,0,0,2.1199,0,5.228
102,2010,46,2300,13.38,0,0,2.0882,0,5.239
101,2010,46,2400,13.19,15529,9239,2091,5.331
102,2010,46,2400,13.38,0,0,2.4362,0,5.19
102,2010,47,100,13.35,0,0,1.0204,0,5.201
102,2010,47,200,13.33,0,0,1.1706,0,5.19
102,2010,47,300,13.37,0,0,.82261,0,5.201
102,2010,47,400,13.37,0,0,1.226,0,5.151
102,2010,47,500,13.38,0,0,.86213,0,5.184
102,2010,47,600,13.39,0,0,.77512,0,5.14
102,2010,47,700,13.39,0,0,1.2101,0,5.124
102,2010,47,800,13.4,9.7915,8.7572,3.4168,0,5.068
102,2010,47,900,13.39,94.222,83.413,12.939,0,5.228
102,2010,47,1000,13.38,238.6,214.71,32.199,0,6.607
102,2010,47,1100,13.36,341.56,305.79,44.594,0,5.995
102,2010,47,1200,13.36,342.14,304.88,43.685,0,8.84
102,2010,47,1300,13.37,402.75,355.4,49.57,0,9.81
102,2010,47,1400,13.37,273.01,240.17,31.892,0,7.51
102,2010,47,1500,13.39,267.83,236.19,30.515,0,6.607
102,2010,47,1600,13.39,658.44,583.67,77.892,0,11.9
102,2010,47,1700,13.37,625.35,548.23,80.504,0,5.339
102,2010,47,1800,13.37,462.9,410.69,62.116,0,5.306
102,2010,47,1900,13.37,203.89,182.51,26.387,0,5.239
102,2010,47,2000,13.38,55.044,49.215,8.1391,0,5.179
102,2010,47,2100,13.4,0,0,2.0881,0,5.135
102,2010,47,2200,13.41,0,0,2.4281,0,5.118
102,2010,47,2300,13.42,0,0,1.8665,0,5.135
101,2010,47,2400,13.33,3975.5,3523.6,519.27,0
102,2010,47,2400,13.42,0,0,1.9535,0,5.101
102,2010,48,100,13.42,0,0,1.8665,0,5.057
102,2010,48,200,13.44,0,0,1.7558,0,5.068
102,2010,48,300,13.44,0,0,1.5185,0,5.118
102,2010,48,400,13.44,0,0,1.5343,0,5.113
102,2010,48,500,13.44,0,0,1.8823,0,5.118
102,2010,48,600,13.44,0,0,1.5343,0,5.101
102,2010,48,700,13.45,0,0,1.993,0,5.113
102,2010,48,800,13.45,15.817,13.5,3.3453,0,5.09
102,2010,48,900,13.44,315.08,278.87,40.943,0,5.785
102,2010,48,1000,13.42,527.64,472.99,70.034,0,5.559
102,2010,48,1100,13.37,1122.2,979.68,147.75,.117,41.22
102,2010,48,1200,13.32,1535.4,1367.3,200.21,.1,44.39
102,2010,48,1300,13.27,1945.9,1701.7,256.01,.067,40.38
102,2010,48,1400,13.23,2541.9,2001.8,332.04,.167,86.2
102,2010,48,1500,13.23,1994.3,1632.5,257.44,.1,42.81
102,2010,48,1600,13.2,2776,1827.1,361.82,.983,336
102,2010,48,1700,13.21,1522.1,1264,198.39,.283,122.3
102,2010,48,1800,13.22,735.43,663.02,95.814,0,27.62
102,2010,48,1900,13.27,500.5,406.83,70.529,.167,93.9
102,2010,48,2000,13.29,70.138,56.231,9.5632,.05,27.52
102,2010,48,2100,13.32,0,0,.5932,0,5.283
102,2010,48,2200,13.33,0,0,1.0677,0,5.278
102,2010,48,2300,13.35,0,0,1.1311,0,5.25
101,2010,48,2400,13.2,15603,12665,2059.6,2.033
102,2010,48,2400,13.36,0,0,.88592,0,5.195
102,2010,49,100,13.37,0,0,1.1232,0,5.168
102,2010,49,200,13.37,0,0,2.1198,0,5.096
102,2010,49,300,13.38,0,0,1.1706,0,5.168
102,2010,49,400,13.39,0,0,1.487,0,5.157
102,2010,49,500,13.4,0,0,1.6452,0,5.096
102,2010,49,600,13.4,0,0,2.0248,0,5.14
102,2010,49,700,13.41,0,0,2.2225,0,5.118
102,2010,49,800,13.42,29.818,25.677,5.8133,0,8.21
102,2010,49,900,13.4,390.86,325.23,52.525,.45,103.3
102,2010,49,1000,13.36,1038.6,722.45,141.07,1,341.4
102,2010,49,1100,13.29,2239.2,674.93,290.06,1,725
102,2010,49,1200,13.23,3134.8,423.6,375.28,1,869
102,2010,49,1300,13.2,3551.2,418.24,418.86,1,865
102,2010,49,1400,13.19,3374.6,693.32,396.56,.95,677.6
102,2010,49,1500,13.17,2527,1211.5,305.68,.916,344.5
102,2010,49,1600,13.19,1768,1288.1,226.81,.65,177.3
102,2010,49,1700,13.19,1207.2,1065.3,156.6,.217,77.9
102,2010,49,1800,13.21,1292.6,510.03,184.23,1,495.8
102,2010,49,1900,13.22,759.68,287.8,108.19,.683,374.6
102,2010,49,2000,13.24,86.316,63.525,11.4,.233,53.75
102,2010,49,2100,13.27,0,0,.91756,0,5.294
102,2010,49,2200,13.3,0,0,2.0327,0,5.294
102,2010,49,2300,13.32,0,0,2.3965,0,5.267
101,2010,49,2400,13.17,21400,7709.7,2693.1,9.1
102,2010,49,2400,13.34,0,0,2.8871,0,5.283
102,2010,50,100,13.36,0,0,3.4883,0,5.261
102,2010,50,200,13.38,0,0,3.9628,0,5.162
102,2010,50,300,13.4,0,0,3.6384,0,5.184
102,2010,50,400,13.4,0,0,3.1954,0,5.113
102,2010,50,500,13.42,0,0,1.6688,0,5.013
102,2010,50,600,13.43,0,0,2.7286,0,4.997
102,2010,50,700,13.44,.02373,0,2.001,0,4.98
102,2010,50,800,13.44,20.247,17.475,5.0143,0,5.863
102,2010,50,900,13.42,301.04,263.59,43.373,0,23.99
102,2010,50,1000,13.38,628.72,529.57,89.535,.367,100.8
102,2010,50,1100,13.31,1448.9,982.71,200.92,.5,222.6
102,2010,50,1200,13.25,2176.2,1347.4,286.95,1,339.5
102,2010,50,1300,13.23,2501.3,1481.9,322.87,.933,318.1
102,2010,50,1400,13.19,3560.8,1062.9,445.38,1,615.5
102,2010,50,1500,13.17,3119.1,1095.3,373.64,.833,523.9
102,2010,50,1600,13.16,2523.1,962.07,304.2,.7,490.2
102,2010,50,1700,13.18,497.36,470.97,55.896,0,28
102,2010,50,1800,13.21,1049,778.78,151.19,.233,163.1
102,2010,50,1900,13.23,347.29,210.78,55.48,.2,96.7
102,2010,50,2000,13.3,61.674,50.484,15.005,0,7.19
102,2010,50,2100,13.33,5.0228,.42864,8.7959,0,5.294
102,2010,50,2200,13.35,1.1074,0,7.0952,0,5.295
102,2010,50,2300,13.37,0,0,3.9628,0,5.295
101,2010,50,2400,13.16,18244,9254.4,2396.5,5.764
102,2010,50,2400,13.38,3.2667,0,6.4939,0,5.295
102,2010,51,100,13.39,5.5447,1.0034,6.8419,0,5.295
102,2010,51,200,13.39,3.2509,2.9712,1.9379,0,5.118
102,2010,51,300,13.42,.30846,.03896,.01582,0,4.964
102,2010,51,400,13.44,.10282,0,.43499,0,4.964
102,2010,51,500,13.44,.15027,.12663,.56944,0,4.975
102,2010,51,600,13.44,.49826,.51625,.6248,0,4.986
102,2010,51,700,13.44,.91742,.05844,3.8674,0,4.975
102,2010,51,800,13.44,17.937,11.387,6.2322,0,4.986
102,2010,51,900,13.42,406.37,283.7,53.599,.433,132
102,2010,51,1000,13.37,1258.3,612.19,162.16,1,505.8
102,2010,51,1100,13.35,1345.9,1079.3,174.5,.65,178.7
102,2010,51,1200,13.35,1003.9,864.65,133.66,.083,43.44
102,2010,51,1300,13.32,1471.8,1257.3,193.53,.083,41.84
102,2010,51,1400,13.31,550.4,487.31,64.352,0,28.22
102,2010,51,1500,13.33,230.89,202.78,27.786,0,8.25
102,2010,51,1600,13.36,284.66,249.86,31.742,0,6.271
102,2010,51,1700,13.37,956.83,837.17,123.8,0,18.43
102,2010,51,1800,13.37,543.96,483.9,76.22,0,12.92
102,2010,51,1900,13.38,308.6,270.95,47.531,0,8.16
102,2010,51,2000,13.39,41.858,34.953,10.33,0,5.388
102,2010,51,2100,13.4,0,0,4.5005,0,5.295
102,2010,51,2200,13.42,0,0,3.5433,0,5.295
102,2010,51,2300,13.44,0,0,2.6575,0,5.295
101,2010,51,2400,13.31,8432.2,6680.1,1132,2.249
102,2010,51,2400,13.44,0,0,1.5185,0,5.295
102,2010,52,100,13.44,0,0,1.8033,0,5.295
102,2010,52,200,13.44,0,0,1.2971,0,5.295
102,2010,52,300,13.44,0,0,1.2575,0,5.295
102,2010,52,400,13.44,0,0,1.4869,0,5.295
102,2010,52,500,13.44,0,0,2.4992,0,5.295
102,2010,52,600,13.45,0,0,1.3287,0,5.295
102,2010,52,700,13.46,0,0,2.3173,0,5.295
102,2010,52,800,13.46,24.256,20.601,4.5316,0,7.18
102,2010,52,900,13.45,342.73,295.03,44.85,0,40.31
102,2010,52,1000,13.42,776.96,665.67,104.17,.25,108.9
102,2010,52,1100,13.35,1881.8,839.27,243.89,1,575.2
102,2010,52,1200,13.28,2755.6,1034.2,334.7,1,695.8
102,2010,52,1300,13.24,3243.1,976.84,380.65,1,698.3
102,2010,52,1400,13.23,2624.7,872.36,311.52,.683,461.6
102,2010,52,1500,13.22,2207.8,916.66,272.96,.5,325.7
102,2010,52,1600,13.19,2774.8,1158.7,353.22,.85,493.3
102,2010,52,1700,13.19,2193.5,896.46,299.77,.816,577.2
102,2010,52,1800,13.2,1557,533.95,220.13,1,573.6
102,2010,52,1900,13.22,318.66,192.07,45.532,.183,100.3
102,2010,52,2000,13.27,16.628,11.496,5.205,0,5.211
102,2010,52,2100,13.33,2.4519,.26302,4.1921,0,5.206
102,2010,52,2200,13.35,.9571,0,2.7447,0,5.223
102,2010,52,2300,13.38,.00791,0,1.8351,0,5.146
101,2010,52,2400,13.19,20721,8413.6,2644.2,7.28
102,2010,52,2400,13.39,.03164,0,2.278,0,5.168
102,2010,53,100,13.39,.00791,0,2.191,0,5.19
102,2010,53,200,13.4,0,0,1.8034,0,5.19
102,2010,53,300,13.4,0,0,2.2779,0,5.179
102,2010,53,400,13.4,0,0,2.3096,0,5.179
102,2010,53,500,12.84,0,0,2.5705,0,5.184
102,2010,53,600,13.42,0,0,2.2462,0,5.107
102,2010,53,700,13.43,0,0,1.6372,0,5.096
102,2010,53,800,13.43,4.2868,3.4093,1.5818,0,5.085
102,2010,53,900,13.42,49.25,42.529,6.8968,0,5.151
102,2010,53,1000,13.41,215.52,189.18,28.252,0,6.58
102,2010,53,1100,13.39,476.68,425.32,62.706,0,9.62
102,2010,53,1200,13.36,791.05,704.75,99.933,0,6.883
102,2010,53,1300,13.34,1060.5,954.89,127.45,0,27.11
102,2010,53,1400,13.34,965.01,863.68,117.67,0,17.17
102,2010,53,1500,13.34,800.32,716.85,99.782,0,31.2
102,2010,53,1600,13.34,1357.3,1207.2,174.67,0,7.19
102,2010,53,1700,13.34,1218.3,1060,159.87,.05,24.99
102,2010,53,1800,13.35,624.08,555.32,80.382,0,11.27
102,2010,53,1900,13.36,239.78,216.13,31.055,0,10.54
102,2010,53,2000,13.37,76.529,66.664,12.308,.033,22.02
102,2010,53,2100,13.39,0,0,1.3921,0,5.035
102,2010,53,2200,13.41,0,0,2.4045,0,4.991
102,2010,53,2300,13.42,0,0,2.4519,0,4.997
101,2010,53,2400,12.84,7878.6,7005.9,1026.2,.083
102,2010,53,2400,13.44,0,0,2.3648,0,4.969
102,2010,54,100,13.45,0,0,2.0326,0,4.986
102,2010,54,200,13.46,.00791,0,1.5422,0,4.98
102,2010,54,300,13.46,0,0,1.3998,0,4.969
102,2010,54,400,13.46,0,0,2.0009,0,4.997
102,2010,54,500,13.47,0,0,2.4437,0,4.969
102,2010,54,600,13.47,0,0,1.9059,0,4.964
102,2010,54,700,13.48,0,0,1.6766,0,4.964
102,2010,54,800,13.49,33.271,25.072,5.8523,.15,40.47
102,2010,54,900,13.45,676.88,238.64,91.733,1,542.3
102,2010,54,1000,13.38,1563,828.67,216.33,1,613.6
102,2010,54,1100,12.86,1751.8,1231.2,220.35,1,456.8
102,2010,54,1200,12.84,1586.1,1415.6,203.54,.466,101.8
102,2010,54,1300,13.26,1884.9,1665.7,248.32,.167,45.98
102,2010,54,1400,13.21,3118.6,1586.6,397.15,.516,354.1
102,2010,54,1500,13.2,3453.4,866.02,416.88,1,664.8
102,2010,54,1600,13.19,2882.1,640.4,353.34,.866,659.2
102,2010,54,1700,13.2,2491.8,587.74,332.87,.933,712
102,2010,54,1800,13.2,1675.2,408.19,234.88,1,649.6
102,2010,54,1900,13.22,439.64,360.53,53.959,.45,107.1
102,2010,54,2000,13.25,50.613,48.87,4.96,0,5.288
102,2010,54,2100,12.85,0,0,.54578,0,5.272
102,2010,54,2200,12.84,0,0,.87795,0,5.173
102,2010,54,2300,13.34,0,0,1.5818,0,5.013
101,2010,54,2400,12.84,21607,9903.2,2798.1,8.55
102,2010,54,2400,13.35,0,0,1.8984,0,5.008
102,2010,55,100,13.37,0,0,2.8792,0,4.991
102,2010,55,200,13.38,0,0,2.3334,0,4.975
102,2010,55,300,13.4,0,0,2.887,0,4.969
102,2010,55,400,13.4,0,0,2.6972,0,4.964
102,2010,55,500,13.4,0,0,1.2893,0,4.964
102,2010,55,600,13.4,0,0,1.6847,0,4.964
102,2010,55,700,13.42,0,0,1.574,0,4.964
102,2010,55,800,13.42,17.329,14.173,4.7851,0,5.901
102,2010,55,900,12.97,190.96,168.81,27.801,0,7.84
102,2010,55,1000,13.39,440.27,390.45,60.761,0,13.04
102,2010,55,1100,13.36,1135.7,1003.6,153.77,.167,56.22
102,2010,55,1200,13.3,2202.3,1624.1,292.56,.966,301.7
102,2010,55,1300,13.25,2561.6,1921.9,322.14,.783,238.5
102,2010,55,1400,13.25,2230.6,1854,292.16,.1,40.07
102,2010,55,1500,13.25,899.4,802.63,116.42,.017,34.61
102,2010,55,1600,13.28,472.6,427.89,62.538,0,38.71
102,2010,55,1700,13.32,293.71,265.27,41.919,0,25.04
102,2010,55,1800,13.33,529.28,476.4,77.835,0,35.35
102,2010,55,1900,13.33,612.6,492.01,93.028,.433,140
102,2010,55,2000,13.33,134.02,103.06,21.569,.15,63.18
102,2010,55,2100,13.35,0,0,1.2418,0,4.964
102,2010,55,2200,13.39,0,0,2.3017,0,4.964
102,2010,55,2300,13.4,0,0,2.5944,0,4.964
101,2010,55,2400,12.97,11720,9544.3,1591.4,2.616
102,2010,55,2400,13.4,0,0,2.5943,0,4.964
102,2010,56,100,13.4,0,0,2.009,0,4.964
102,2010,56,200,13.41,0,0,1.7559,0,4.964
102,2010,56,300,13.41,0,0,1.7559,0,4.964
102,2010,56,400,13.42,0,0,1.7954,0,4.964
102,2010,56,500,13.42,0,0,1.3999,0,4.964
102,2010,56,600,13.42,0,0,1.7717,0,4.964
102,2010,56,700,13.42,0,0,1.5027,0,4.964
102,2010,56,800,13.42,20.129,17.115,4.4529,0,4.964
102,2010,56,900,13.4,291.94,256.9,40.867,0,11.81
102,2010,56,1000,13.36,219.73,200.12,29.487,0,12.28
102,2010,56,1100,13.34,591.79,527.55,78.853,0,7.46
102,2010,56,1200,13.33,530.75,478.78,67.799,0,6.679
102,2010,56,1300,13.31,622.33,562.21,79.929,0,15.18
102,2010,56,1400,13.29,900.23,821.02,120.87,0,22.14
102,2010,56,1500,13.1,2541.7,1649.4,341.43,.683,287.7
102,2010,56,1600,13.22,2589.6,1413.1,339.89,.966,410.2
102,2010,56,1700,13.21,1038.8,896.72,135.32,.1,41.74
102,2010,56,1800,13.26,156.63,145.61,18.984,0,6.479
102,2010,56,1900,13.3,45.693,38.235,8.8823,0,5.703
102,2010,56,2000,13.33,12.023,9.3328,4.5403,0,4.969
102,2010,56,2100,13.36,.09491,0,2.6576,0,4.964
102,2010,56,2200,13.37,1.9378,.13638,2.7841,0,4.964
102,2010,56,2300,13.39,.11073,0,2.4519,0,4.964
101,2010,56,2400,13.1,9563.4,7016.2,1293.5,1.749
102,2010,56,2400,13.39,.00791,0,2.2778,0,4.964
102,2010,57,100,13.4,0,0,1.4553,0,4.964
102,2010,57,200,13.4,.00791,0,1.6213,0,4.964
102,2010,57,300,13.41,0,0,1.819,0,4.964
102,2010,57,400,13.4,.01582,0,1.2338,0,4.964
102,2010,57,500,13.41,0,0,1.4157,0,4.964
102,2010,57,600,13.42,0,0,1.4157,0,4.964
102,2010,57,700,13.43,0,0,1.4236,0,4.964
102,2010,57,800,13.44,6.8569,5.5911,2.1354,0,4.969
102,2010,57,900,13.42,117.23,102.1,13.951,0,5.002
102,2010,57,1000,13.41,341.13,300.81,42.108,0,5.41
102,2010,57,1100,13.4,668.6,591.19,81.347,0,5.874
102,2010,57,1200,13.37,1232.2,1081.8,151.92,0,9.29
102,2010,57,1300,13.37,895.16,799.14,112.14,0,5.752
102,2010,57,1400,13.37,1015.4,897.01,124.89,0,6.48
102,2010,57,1500,13.36,699.83,619.35,83.084,0,5.129
102,2010,57,1600,13.37,583.7,514.47,70.445,0,5.179
102,2010,57,1700,13.38,506.65,446.48,62.525,0,5.068
102,2010,57,1800,13.38,362.65,317.42,47.149,0,5.008
102,2010,57,1900,13.39,157.14,137.69,21.791,0,5.008
102,2010,57,2000,13.4,26.338,22.278,6.1772,0,4.986
102,2010,57,2100,13.4,0,0,2.784,0,5.013
102,2010,57,2200,13.41,0,0,1.74,0,5.008
102,2010,57,2300,13.43,0,0,2.3015,0,5.002
101,2010,57,2400,13.36,6612.8,5835.3,839.03,0
102,2010,57,2400,13.44,0,0,2.1591,0,4.969
102,2010,58,100,13.44,0,0,2.4754,0,4.964
102,2010,58,200,13.45,0,0,3.0606,0,4.964
102,2010,58,300,13.46,0,0,1.8664,0,4.964
102,2010,58,400,13.46,0,0,.42705,0,4.964
102,2010,58,500,13.46,.06327,.05844,.43497,0,4.964
102,2010,58,600,13.46,0,0,.78295,0,4.964
102,2010,58,700,13.46,0,0,1.384,0,4.964
102,2010,58,800,12.82,11.965,9.9349,2.1432,0,4.964
102,2010,58,900,12.79,229.86,203.22,28.344,0,4.964
102,2010,58,1000,12.77,839.06,730.43,107.64,.283,79.9
102,2010,58,1100,12.77,2019.7,850.75,259.12,1,612.9
102,2010,58,1200,12.79,3051,595.51,366.73,1,763
102,2010,58,1300,12.8,2699.7,1199.4,323.54,.95,424.8
102,2010,58,1400,12.81,3145,1477.8,393.44,.85,353.2
102,2010,58,1500,12.82,2341.1,1569,293.97,.8,192.2
102,2010,58,1600,12.82,1551,1201.9,198.35,.566,180.1
102,2010,58,1700,12.82,1079.3,939.66,145.51,.167,51.94
102,2010,58,1800,12.81,1091.9,797.74,154.62,.683,169
102,2010,58,1900,12.81,993.8,363.66,149.62,1,573
102,2010,58,2000,12.8,115.14,60.208,19.23,.35,154
102,2010,58,2100,13.27,0,0,1.3841,0,5.018
102,2010,58,2200,13.3,0,0,1.5186,0,5.057
102,2010,58,2300,13.33,0,0,1.7956,0,5.008
101,2010,58,2400,12.77,19168,9999.2,2458.7,7.65
102,2010,58,2400,13.36,0,0,1.2577,0,5.035
102,2010,59,100,13.37,0,0,1.6611,0,4.997
102,2010,59,200,13.39,0,0,1.7243,0,5.008
102,2010,59,300,13.39,0,0,2.3254,0,4.98
102,2010,59,400,13.4,0,0,1.7954,0,4.969
102,2010,59,500,13.4,0,0,1.9141,0,4.98
102,2010,59,600,13.41,0,0,2.0564,0,4.964
102,2010,59,700,13.42,0,0,1.6767,0,4.964
102,2010,59,800,13.42,19.551,16.725,3.4642,0,5.736
102,2010,59,900,12.86,246.04,179.94,30.142,.283,76.4
102,2010,59,1000,12.84,882.15,781.13,119.46,.083,76.5
102,2010,59,1100,12.83,1671.1,1411.9,222.05,.6,190
102,2010,59,1200,12.82,2649.7,1577.5,335.26,1,534.2
102,2010,59,1300,12.83,2428.6,1166.6,291.42,.7,421.4
102,2010,59,1400,12.83,2603.1,1419.6,331.92,.583,287.4
102,2010,59,1500,12.84,1693.8,1449.5,220.78,.083,36.36
102,2010,59,1600,12.82,1085.3,947.68,141.17,.067,64.51
102,2010,59,1700,12.81,815.01,737.55,109.16,0,21.44
102,2010,59,1800,12.8,792.91,556.27,113.61,.367,160.4
102,2010,59,1900,12.79,394.13,279.32,52.969,.167,101.3
102,2010,59,2000,12.78,48.309,39.188,8.1701,.05,22.05
102,2010,59,2100,12.78,0,0,1.2102,0,4.964
102,2010,59,2200,13.33,0,0,1.9458,0,4.964
102,2010,59,2300,13.34,0,0,2.6023,0,4.964
101,2010,59,2400,12.78,15330,10563,2000.8,3.982
102,2010,59,2400,13.35,0,0,2.2621,0,4.964
102,2010,60,100,13.38,0,0,2.626,0,4.969
102,2010,60,200,13.4,.04746,0,1.6926,0,4.964
102,2010,60,300,13.4,1.7875,.41887,4.2315,0,4.964
102,2010,60,400,13.42,.30055,.06819,.26891,0,4.964
102,2010,60,500,13.44,.03954,0,1.5422,0,4.964
102,2010,60,600,13.45,0,0,1.8902,0,4.964
102,2010,60,700,13.45,.00791,0,1.8269,0,4.964
102,2010,60,800,13.46,21.677,17.971,5.6626,0,4.964
102,2010,60,900,13.45,151.13,132,19.985,0,4.964
102,2010,60,1000,13.44,220.87,197.48,30.702,0,5.708
102,2010,60,1100,13.42,785.15,690.6,104.27,0,17.89
102,2010,60,1200,13.4,599.98,532.19,80.073,0,6.221
102,2010,60,1300,13.39,878.25,777.51,118.89,0,8.88
102,2010,60,1400,13.38,879.81,786.53,114.49,0,10.52
102,2010,60,1500,13.37,843.18,754.22,112.72,0,17.09
102,2010,60,1600,13.39,1024.5,915.85,138.02,0,21.53
102,2010,60,1700,13.38,1004.2,897.69,136.67,0,17.48
102,2010,60,1800,13.37,960.28,820.65,133.81,.283,89.8
102,2010,60,1900,13.37,455.71,314.5,65.904,.3,155.4
102,2010,60,2000,13.39,107.01,77.836,18.311,.183,71.5
102,2010,60,2100,13.42,0,0,1.0282,0,4.964
102,2010,60,2200,13.43,0,0,1.8823,0,4.964
102,2010,60,2300,13.44,0,0,1.6213,0,4.964
101,2010,60,2400,13.37,7934,6915.5,1100.9,.766
102,2010,60,2400,13.46,0,0,2.7918,0,4.964
102,2010,61,100,13.45,0,0,2.7443,0,4.964
102,2010,61,200,13.46,0,0,2.7285,0,4.964
102,2010,61,300,13.46,0,0,3.9384,0,4.964
102,2010,61,400,13.47,.22144,.02922,4.8796,0,4.964
102,2010,61,500,13.47,.00791,0,1.5659,0,4.964
102,2010,61,600,13.47,0,0,.32427,0,4.964
102,2010,61,700,13.47,0,0,.40335,0,4.964
102,2010,61,800,13.47,19.061,15.936,2.5783,0,5.069
102,2010,61,900,13.47,305.19,269.13,39.891,0,19.58
102,2010,61,1000,13.42,1054.9,907.41,143.08,.766,147.1
102,2010,61,1100,13.36,1905,1217.6,251.22,1,440.7
102,2010,61,1200,13.3,3068.7,815.31,385,1,821
102,2010,61,1300,13.24,3318.9,1039.2,398.41,1,752
102,2010,61,1400,13.2,3848.8,714.56,484.72,1,838
102,2010,61,1500,13.19,3711.7,518.72,473.68,1,777
102,2010,61,1600,13.19,3277.2,1036.8,441.29,1,708
102,2010,61,1700,13.19,2630.8,643.12,375.24,1,749
102,2010,61,1800,13.21,1522.3,442.09,229.3,.966,633.9
102,2010,61,1900,13.23,840.51,285.24,134.86,1,576.8
102,2010,61,2000,13.25,78.482,54.482,11.708,.233,80.3
102,2010,61,2100,13.29,0,0,1.2972,0,5.035
102,2010,61,2200,13.32,0,0,1.653,0,4.996
102,2010,61,2300,13.35,0,0,4.4452,0,4.969
101,2010,61,2400,13.19,25582,7960,3397.2,9.96
102,2010,61,2400,13.37,.11865,.30199,2.191,0,4.964
102,2010,62,100,13.39,.04746,.07793,2.0802,0,4.964
102,2010,62,200,13.39,0,0,2.0486,0,4.969
102,2010,62,300,13.39,0,0,1.8983,0,4.964
102,2010,62,400,13.4,0,0,2.009,0,4.964
102,2010,62,500,13.41,0,0,2.1276,0,4.964
102,2010,62,600,13.41,0,0,2.1513,0,4.964
102,2010,62,700,13.42,0,0,2.3965,0,4.964
102,2010,62,800,13.42,35.069,28.989,6.7781,0,9.23
102,2010,62,900,13.4,442.03,365.69,67.552,.367,111.7
102,2010,62,1000,13.37,575.67,519.76,82.947,0,7.5
102,2010,62,1100,13.32,1175,974.92,167.71,.3,109.2
102,2010,62,1200,13.26,2497.4,1549.8,339.9,1,467.5
102,2010,62,1300,13.22,2897.8,1920.3,384.68,.883,354.8
102,2010,62,1400,13.22,1927.7,1388,262.99,.433,150.4
102,2010,62,1500,13.23,674.34,626.65,90.703,.017,26.01
102,2010,62,1600,13.22,2178.1,1325.1,322.46,.566,324.1
102,2010,62,1700,13.22,1556.7,1062.5,224.6,.4,203.5
102,2010,62,1800,13.25,816.84,707.19,119.91,.117,62.23
102,2010,62,1900,13.27,389.09,346.18,54.588,0,48.12
102,2010,62,2000,13.3,59.347,55.48,8.8115,0,8.38
102,2010,62,2100,13.33,0,0,.95701,0,4.964
102,2010,62,2200,13.35,0,0,.70397,0,4.964
102,2010,62,2300,13.37,0,0,1.495,0,4.964
101,2010,62,2400,13.22,15225,10871,2154.4,4.082
102,2010,62,2400,13.38,0,0,2.9108,0,4.964
102,2010,63,100,13.4,0,0,3.0847,0,4.964
102,2010,63,200,13.41,0,0,2.6022,0,4.964
102,2010,63,300,13.42,0,0,2.4598,0,4.964
102,2010,63,400,13.42,0,0,2.1987,0,4.964
102,2010,63,500,13.43,0,0,2.2224,0,4.964
102,2010,63,600,13.43,0,0,1.7954,0,4.964
102,2010,63,700,13.44,0,0,1.7795,0,4.964
102,2010,63,800,13.44,6.5565,5.1041,2.2699,0,4.964
102,2010,63,900,13.43,118.6,99.542,17.859,0,7.11
102,2010,63,1000,13.4,345.27,309.56,52.367,0,9.93
102,2010,63,1100,13.37,613.7,550.68,91.205,0,13.74
102,2010,63,1200,13.32,1573,1319,220.34,.4,131.2
102,2010,63,1300,13.25,2888.7,1375.1,393.32,1,624.3
102,2010,63,1400,13.22,2982,1548.7,405.68,.716,381.3
102,2010,63,1500,13.22,2157.5,1511.7,305.18,.35,149.3
102,2010,63,1600,13.25,1091.2,964.25,152.93,.067,47.69
102,2010,63,1700,13.27,1095.3,946.44,155.82,.017,19.32
102,2010,63,1800,13.3,963.86,820.7,141.81,.25,91
102,2010,63,1900,13.32,721.14,530.82,113.09,.666,274.6
102,2010,63,2000,13.33,44.284,42.189,6.0269,0,8.49
102,2010,63,2100,13.36,0,0,2.9187,0,4.964
102,2010,63,2200,13.38,0,0,3.1481,0,4.964
102,2010,63,2300,13.39,0,0,2.7288,0,4.964
101,2010,63,2400,13.22,14601,10024,2084.9,3.465
102,2010,63,2400,13.41,0,0,2.096,0,4.964
102,2010,64,100,13.42,0,0,2.1117,0,4.964
102,2010,64,200,13.44,0,0,2.1117,0,4.964
102,2010,64,300,13.44,0,0,2.0721,0,4.964
102,2010,64,400,13.44,0,0,1.9377,0,4.964
102,2010,64,500,13.45,0,0,1.7162,0,4.964
102,2010,64,600,13.45,0,0,1.9218,0,4.964
102,2010,64,700,13.46,0,0,2.0167,0,4.964
102,2010,64,800,12.91,27.285,24.195,5.1486,.083,29
102,2010,64,900,13.44,463.83,308.2,63.009,.317,192
102,2010,64,1000,13.35,1549.2,493.33,227.28,1,798
102,2010,64,1100,13.27,2374.4,550.73,318.96,1,827
102,2010,64,1200,13.2,3165.8,552.44,403.97,1,853
102,2010,64,1300,13.18,3556.3,839.45,453.83,.95,776
102,2010,64,1400,13.15,3094.3,880.8,409.28,.75,589.5
102,2010,64,1500,13.13,3635.5,970.06,473.67,.966,749
102,2010,64,1600,13.13,3192.1,1104.4,428.85,1,799
102,2010,64,1700,12.88,2264,1016.7,333.21,.983,732
102,2010,64,1800,12.86,1750.2,951.17,269.98,.916,722
102,2010,64,1900,13.17,275.84,240.13,31.753,.333,130.6
102,2010,64,2000,13.24,69.078,59.813,13.227,.333,80.9
102,2010,64,2100,13.27,0,0,1.0046,0,5.161
102,2010,64,2200,13.3,0,0,3.0294,0,5.002
102,2010,64,2300,13.33,0,0,3.4168,0,4.969
101,2010,64,2400,12.86,25418,7991.5,3457,9.63
102,2010,64,2400,13.35,0,0,3.5041,0,4.964
102,2010,65,100,13.37,0,0,3.8679,0,4.964
102,2010,65,200,13.39,0,0,3.2983,0,4.964
102,2010,65,300,13.4,0,0,3.0926,0,4.964
102,2010,65,400,13.41,0,0,1.9457,0,4.964
102,2010,65,500,13.42,0,0,1.8428,0,4.964
102,2010,65,600,13.43,0,0,2.2066,0,4.964
102,2010,65,700,13.44,0,0,1.6055,0,4.964
102,2010,65,800,13.46,26.653,22.482,6.3746,0,10.77
102,2010,65,900,12.85,398.17,339.82,56.168,.35,127.4
102,2010,65,1000,12.82,1110.8,885.55,164.05,.666,253
102,2010,65,1100,12.95,1194.5,1022,169.32,.433,142.9
102,2010,65,1200,13.3,1069.8,956.84,150.4,.017,29.92
102,2010,65,1300,13.3,397.32,372.76,54.846,0,25.35
102,2010,65,1400,13.32,1260.6,1132.4,185.69,0,83
102,2010,65,1500,13.28,1783.2,1538.6,262.94,.083,31.79
102,2010,65,1600,13.29,1130.8,1040.3,167.89,.05,24.28
102,2010,65,1700,13.27,1362.1,1169.8,199.39,.233,83.2
102,2010,65,1800,13.27,824.43,749.16,119.21,.083,61.19
102,2010,65,1900,13.23,645.55,553.75,98.971,.666,229.6
102,2010,65,2000,13.28,52.396,50.23,7.0953,0,14.05
102,2010,65,2100,13.32,0,0,1.4791,0,4.963
102,2010,65,2200,13.33,0,0,.68026,0,4.975
102,2010,65,2300,13.35,0,0,1.8825,0,4.964
101,2010,65,2400,12.82,11256,9833.8,1667.4,2.582
102,2010,65,2400,13.37,0,0,3.1876,0,4.964
102,2010,66,100,13.38,0,0,2.4994,0,4.964
102,2010,66,200,13.39,0,0,2.3016,0,4.964
102,2010,66,300,13.4,0,0,2.1592,0,4.964
102,2010,66,400,13.41,0,0,2.1354,0,4.964
102,2010,66,500,13.42,0,0,2.08,0,4.964
102,2010,66,600,13.44,0,0,2.2777,0,4.964
102,2010,66,700,13.45,0,0,1.297,0,4.964
102,2010,66,800,13.45,27.073,22.453,5.2041,0,5.008
102,2010,66,900,13.44,328.72,285.84,45.428,0,9.29
102,2010,66,1000,13.4,631.21,562.91,94.109,0,16.39
102,2010,66,1100,13.32,1420.5,1209.2,210.51,.4,113.6
102,2010,66,1200,13.24,2637.6,1775.6,368.4,1,506.4
102,2010,66,1300,13.22,2980.5,1701.3,401.4,1,560.9
102,2010,66,1400,13.19,3446.5,1463.8,455.7,.9,661.3
102,2010,66,1500,12.99,3522.5,1841,472.33,.883,721
102,2010,66,1600,13.18,3025.3,1944,413.34,.916,764
102,2010,66,1700,13.19,2318.8,1716.1,340.78,1,745
102,2010,66,1800,13.21,1585.2,1312.6,246.18,1,646.8
102,2010,66,1900,13.23,653.19,597.88,104.64,.75,391.5
102,2010,66,2000,13.24,29.42,30.847,2.3337,0,8.28
102,2010,66,2100,13.27,0,0,1.7244,0,5.101
102,2010,66,2200,13.3,.94917,.00974,7.443,0,4.985
102,2010,66,2300,13.34,0,0,4.5242,0,4.964
101,2010,66,2400,12.99,22607,14463,3192.7,7.85
102,2010,66,2400,13.35,0,0,3.8917,0,4.964
102,2010,67,100,13.37,0,0,3.3538,0,4.964
102,2010,67,200,13.39,0,0,2.9819,0,4.969
102,2010,67,300,13.4,0,0,2.7446,0,4.964
102,2010,67,400,13.41,0,0,2.183,0,4.964
102,2010,67,500,13.42,0,0,1.5897,0,4.964
102,2010,67,600,13.44,0,0,2.5071,0,4.964
102,2010,67,700,13.44,.087,0,1.7558,0,4.964
102,2010,67,800,13.44,8.2332,5.8834,4.5318,0,4.964
102,2010,67,900,13.43,22.406,18.069,4.7612,0,4.964
102,2010,67,1000,13.43,48.696,41.672,4.8008,0,4.964
102,2010,67,1100,13.43,130.26,113.24,13.255,0,6.011
102,2010,67,1200,13.4,744.11,654.67,94.157,0,13.39
102,2010,67,1300,13.35,1299.4,1156.8,183.03,0,6.684
102,2010,67,1400,13.32,1451.4,1278.8,211.36,0,5.449
102,2010,67,1500,13.3,1619.2,1437.6,224.08,0,21.17
102,2010,67,1600,13.29,1271.3,1166.4,174.54,.05,47.39
102,2010,67,1700,13.28,2117,1874.2,307.69,1,618.7
102,2010,67,1800,13.28,1475.9,1396.1,216.11,1,594.1
102,2010,67,1900,13.3,821.92,819.39,135,1,564.7
102,2010,67,2000,13.32,36.495,36.219,4.1446,.033,23.31
102,2010,67,2100,13.35,0,0,2.017,0,4.986
102,2010,67,2200,13.37,0,0,3.7809,0,4.98
102,2010,67,2300,13.39,0,0,3.2034,0,4.991
101,2010,67,2400,13.28,11046,9999.1,1607.5,3.082
102,2010,67,2400,13.4,0,0,3.931,0,4.964
102,2010,68,100,13.42,0,0,3.0846,0,4.98
102,2010,68,200,13.42,0,0,1.4474,0,4.964
102,2010,68,300,13.44,0,0,1.6846,0,4.964
102,2010,68,400,13.44,0,0,2.1275,0,4.964
102,2010,68,500,13.44,0,0,1.8507,0,4.964
102,2010,68,600,13.46,0,0,1.8902,0,4.964
102,2010,68,700,13.46,0,0,1.645,0,4.964
102,2010,68,800,13.47,40.598,46.893,8.9689,.25,63.09
102,2010,68,900,12.93,686.73,673.32,104.84,1,575.5
102,2010,68,1000,13.34,1617.2,1478.9,235.35,1,817
102,2010,68,1100,13.29,2436.6,1982.1,324.14,1,862
102,2010,68,1200,13.25,2987,2203.3,379.45,1,811
102,2010,68,1300,13.23,3319.6,2232.4,428.63,.983,721
102,2010,68,1400,13.22,2327.2,1651.4,302.21,.6,393.1
102,2010,68,1500,13.24,1737.6,1488.7,247.56,.317,130
102,2010,68,1600,13.22,2124.2,1891.5,303.31,1,328.5
102,2010,68,1700,13.22,1849.9,1726.5,275.4,.933,458.1
102,2010,68,1800,13.24,884.18,834.66,132.04,.55,223
102,2010,68,1900,13.26,341.59,314.23,48.302,.167,44.86
102,2010,68,2000,13.27,48.878,47.231,6.4153,0,11.22
102,2010,68,2100,12.84,0,0,1.5028,0,5.294
102,2010,68,2200,12.84,0,0,1.7005,0,5.289
102,2010,68,2300,13.36,0,0,2.4362,0,5.201
101,2010,68,2400,12.84,20401,16571,2820.9,8.8
102,2010,68,2400,13.39,0,0,4.904,0,5.179
102,2010,69,100,13.4,0,0,2.9819,0,5.146
102,2010,69,200,13.42,0,0,4.9037,0,5.041
102,2010,69,300,13.44,0,0,3.7014,0,5.035
102,2010,69,400,13.44,0,0,3.2743,0,5.019
102,2010,69,500,13.46,0,0,2.602,0,5.013
102,2010,69,600,13.46,0,0,2.4122,0,5.013
102,2010,69,700,13.47,0,0,2.2382,0,4.991
102,2010,69,800,13.47,43.699,42.082,8.0437,.1,31.48
102,2010,69,900,13.44,403.79,370.33,56.998,.583,183
102,2010,69,1000,13.35,1529.9,1527.4,229.47,1,729
102,2010,69,1100,12.88,2445.2,2322.1,333.23,1,842
102,2010,69,1200,13.22,3088.8,2677.4,399.84,1,845
102,2010,69,1300,13.19,3407.8,2638.9,457.2,.883,672.9
102,2010,69,1400,13.18,3510.1,2598.3,476.25,.883,651.6
102,2010,69,1500,12.99,1696.3,1379,231.75,.317,188.6
102,2010,69,1600,13.24,1409.8,1386.6,183.19,.466,297.6
102,2010,69,1700,12.87,2561.1,2657.8,385.81,1,832
102,2010,69,1800,13.24,1338.7,1330.5,201.97,.6,447.4
102,2010,69,1900,13.26,408.41,368.35,55.73,0,47.85
102,2010,69,2000,13.28,66.099,71.5,13.851,.2,72.9
102,2010,69,2100,13.32,0,0,2.0169,0,5.013
102,2010,69,2200,13.34,0,0,1.9141,0,5.013
102,2010,69,2300,13.36,0,0,2.3255,0,5.008
101,2010,69,2400,12.87,21910,19370,3064.6,8.03
102,2010,69,2400,13.38,0,0,2.8713,0,4.986
102,2010,70,100,13.4,0,0,3.3695,0,5.002
102,2010,70,200,13.42,0,0,4.7851,0,4.969
102,2010,70,300,13.43,0,0,4.2946,0,4.964
102,2010,70,400,13.44,0,0,2.6653,0,4.964
102,2010,70,500,13.46,0,0,1.7083,0,4.964
102,2010,70,600,13.46,0,0,2.3331,0,4.964
102,2010,70,700,13.47,0,0,2.2857,0,4.964
102,2010,70,800,13.47,47.511,44.673,9.847,.033,31.36
102,2010,70,900,13.42,570.64,559.2,89.086,1,347.3
102,2010,70,1000,13.37,1110.7,1043.3,164.01,1,414.3
102,2010,70,1100,12.86,2226.6,2159,305.58,1,717
102,2010,70,1200,12.86,3095.7,2871.7,402.57,1,834
102,2010,70,1300,12.92,3515.6,2900.3,449.05,.95,784
102,2010,70,1400,12.9,3234.9,2621.5,430.08,.766,617.7
102,2010,70,1500,12.93,3550,3145.8,470.32,.916,710
102,2010,70,1600,13.17,2905.5,2977.4,404.23,.85,596.9
102,2010,70,1700,13.18,2345.2,2517.5,353.13,.916,748
102,2010,70,1800,13.2,1633.4,1639.7,256.75,.883,553.3
102,2010,70,1900,13.22,668.16,669.97,107.96,.783,270.8
102,2010,70,2000,13.24,67.22,66.157,9.6515,0,21.06
102,2010,70,2100,13.29,0,0,2.4046,0,5.294
102,2010,70,2200,13.32,0,0,4.4529,0,5.283
102,2010,70,2300,13.35,0,0,4.1525,0,5.261
101,2010,70,2400,12.86,24971,23216,3489.8,10.1
102,2010,70,2400,13.38,0,0,5.0544,0,5.261
102,2010,71,100,13.4,0,0,5.078,0,5.228
102,2010,71,200,13.4,0,0,3.9389,0,5.157
102,2010,71,300,13.42,0,0,2.4518,0,5.09
102,2010,71,400,13.44,0,0,3.5274,0,5.03
102,2010,71,500,13.46,0,0,2.9579,0,5.046
102,2010,71,600,13.47,0,0,3.0055,0,5.047
102,2010,71,700,13.48,0,0,2.9423,0,4.992
102,2010,71,800,13.49,39.515,38.089,8.1783,.117,36.16
102,2010,71,900,13.43,634.21,652.65,100.34,1,473
102,2010,71,1000,13.35,1551,1622.7,242.32,1,744
102,2010,71,1100,13.27,2412.6,2556.2,342.79,1,837
102,2010,71,1200,12.87,3142,3007.2,419.51,1,849
102,2010,71,1300,13.18,3612.8,3034.5,482.2,1,817
102,2010,71,1400,13.17,3472.3,2883.8,475.74,.9,676.7
102,2010,71,1500,13.16,3367.8,2988.9,464.7,.95,680
102,2010,71,1600,13.16,2913.3,2990.1,417.77,.883,666.1
102,2010,71,1700,13.17,2255,2379.3,346.32,.883,605.2
102,2010,71,1800,13.18,1744.3,1773.2,282.49,1,700
102,2010,71,1900,13.21,739.83,770.33,129.76,1,520.8
102,2010,71,2000,13.23,63.431,68.486,10.427,.167,58.31
102,2010,71,2100,13.26,0,0,.63283,0,5.294
102,2010,71,2200,13.3,0,0,1.3051,0,5.288
102,2010,71,2300,13.32,0,0,1.9932,0,5.272
101,2010,71,2400,12.87,25948,24765,3752.9,10.9
102,2010,71,2400,13.35,0,0,2.4837,0,5.239
102,2010,72,100,13.37,0,0,3.2668,0,5.256
102,2010,72,200,13.39,0,0,4.0814,0,5.212
102,2010,72,300,13.4,0,0,3.4881,0,5.184
102,2010,72,400,13.42,0,0,3.0055,0,5.118
102,2010,72,500,13.43,0,0,3.1636,0,5.085
102,2010,72,600,13.46,0,0,2.7997,0,5.041
102,2010,72,700,13.46,0,0,3.3059,0,5.052
102,2010,72,800,13.47,46.5,48.084,9.4676,.15,40.88
102,2010,72,900,13.42,690.53,698.12,115.16,1,468.7
102,2010,72,1000,13.33,1547,1611.9,242.95,1,723
102,2010,72,1100,12.9,2369,2498.5,341.04,1,804
102,2010,72,1200,13.17,3123.7,3045.8,432.88,1,840
102,2010,72,1300,13.18,3565.6,3083.6,492.95,1,799
102,2010,72,1400,13.17,3605.2,3097.4,499.34,.966,684.8
102,2010,72,1500,13.16,3441.2,3040.8,476.67,.95,685.1
102,2010,72,1600,13.09,3000.8,3035,425.94,.966,671.3
102,2010,72,1700,13.16,2335.4,2465.1,362.1,.933,572.3
102,2010,72,1800,13.18,1291.6,1240.9,212.11,.683,335.9
102,2010,72,1900,13.22,363.19,350.64,57.758,.267,119.9
102,2010,72,2000,13.25,71.323,70.392,12.016,.033,30.58
102,2010,72,2100,12.84,0,0,.878,0,5.294
102,2010,72,2200,12.83,0,0,3.6304,0,5.283
102,2010,72,2300,13.34,0,0,3.2665,0,5.283
101,2010,72,2400,12.83,25451,24286,3714.1,9.95
102,2010,72,2400,13.35,0,0,2.808,0,5.25
102,2010,73,100,13.37,0,0,1.8747,0,5.239
102,2010,73,200,13.38,0,0,2.634,0,5.239
102,2010,73,300,13.39,0,0,2.713,0,5.173
102,2010,73,400,13.41,0,0,3.053,0,5.14
102,2010,73,500,13.42,0,0,2.4123,0,5.124
102,2010,73,600,13.44,0,0,2.0168,0,5.074
102,2010,73,700,13.44,0,0,2.6574,0,5.074
102,2010,73,800,13.46,62.344,57.8,11.618,.1,34.38
102,2010,73,900,13.41,671.74,646.08,106.7,1,364.9
102,2010,73,1000,13.33,1371.6,1337.2,218.6,1,495.7
102,2010,73,1100,13.27,2143.6,2111.6,321.02,1,532.9
102,2010,73,1200,13.24,2465.6,2250,362.25,1,420.7
102,2010,73,1300,13.22,2447.6,2123.2,370.34,1,262
102,2010,73,1400,13.2,2768.1,2405.1,412.28,.883,227.9
102,2010,73,1500,13.19,2929.9,2585.9,437.45,.95,323
102,2010,73,1600,13.17,3091.8,3113.2,456.46,.95,607
102,2010,73,1700,13.18,2095.2,2141.1,330.25,1,503.3
102,2010,73,1800,13.2,1332.6,1306.1,215.39,1,398.9
102,2010,73,1900,13.21,625.56,607.76,105.08,.783,239.4
102,2010,73,2000,13.24,61.398,60.418,9.4695,0,19.84
102,2010,73,2100,13.28,0,0,.70398,0,5.294
102,2010,73,2200,13.31,0,0,1.3367,0,5.289
102,2010,73,2300,13.32,0,0,2.1355,0,5.267
101,2010,73,2400,13.17,22067,20745,3381.7,10.66
102,2010,73,2400,13.35,0,0,3.2825,0,5.234
102,2010,74,100,13.37,0,0,3.5041,0,5.228
102,2010,74,200,13.38,0,0,3.0611,0,5.245
102,2010,74,300,13.39,0,0,3.3853,0,5.206
102,2010,74,400,13.41,0,0,3.1322,0,5.206
102,2010,74,500,13.42,0,0,1.6689,0,5.135
102,2010,74,600,13.43,0,0,2.2857,0,5.096
102,2010,74,700,13.44,0,0,4.4132,0,5.113
102,2010,74,800,13.46,39.797,36.147,9.1347,0,25.89
102,2010,74,900,13.4,582.7,589.91,97.857,.983,392.3
102,2010,74,1000,13.32,1524.9,1595.9,238.9,1,713
102,2010,74,1100,13.25,2352,2499.5,341.56,1,799
102,2010,74,1200,13.22,3085.6,2926.8,440.37,1,804
102,2010,74,1300,13.2,3111.7,2693.5,437.85,.9,633.8
102,2010,74,1400,13.18,3183.3,2778.6,450.99,.75,463.5
102,2010,74,1500,13.17,2538,2220.1,366.96,.633,254.3
102,2010,74,1600,13.17,2931.4,3010.5,435.82,.916,614.6
102,2010,74,1700,13.18,1631.9,1664.3,254.53,.633,410.5
102,2010,74,1800,13.19,633.26,603.75,92.988,.083,67.23
102,2010,74,1900,13.23,309.07,293.34,45.899,.167,69.14
102,2010,74,2000,13.26,32.465,32.073,5.2368,0,9.18
102,2010,74,2100,13.3,0,0,1.9221,0,5.283
102,2010,74,2200,13.33,0,0,2.8394,0,5.267
102,2010,74,2300,13.35,0,0,2.9504,0,5.261
101,2010,74,2400,13.17,21956,20944,3251.7,8.06
102,2010,74,2400,13.37,0,0,4.3821,0,5.212
102,2010,75,100,13.39,0,0,3.6068,0,5.184
102,2010,75,200,13.41,0,0,3.1796,0,5.118
102,2010,75,300,13.42,0,0,2.8631,0,5.118
102,2010,75,400,13.44,0,0,3.2032,0,5.068
102,2010,75,500,13.45,0,0,4.516,0,5.068
102,2010,75,600,13.46,0,0,3.2426,0,5.03
102,2010,75,700,13.47,0,0,2.1037,0,5.024
102,2010,75,800,13.47,49.014,43.65,10.329,0,14.4
102,2010,75,900,13.43,542.03,517.71,89.797,.683,188.5
102,2010,75,1000,13.37,1157,1112.2,183.98,1,368.1
102,2010,75,1100,13.3,1717.9,1626.2,261.43,1,377.1
102,2010,75,1200,13.24,2756,2435.6,403.76,1,529.4
102,2010,75,1300,13.21,2978.7,2539,436.38,1,425
102,2010,75,1400,13.19,3043.3,2641.5,452.38,1,281.2
102,2010,75,1500,13.19,2359.8,2101.2,347.64,.65,212.8
102,2010,75,1600,13.18,2002.9,1943.2,306.26,.65,272.1
102,2010,75,1700,13.18,1588.9,1564.1,241.07,.633,261.9
102,2010,75,1800,13.19,814.37,772.05,124.61,.5,119.7
102,2010,75,1900,13.21,483.83,461.52,78.01,.65,144.6
102,2010,75,2000,13.2,48.778,46.669,7.3966,0,10.53
102,2010,75,2100,13.26,0,0,.791,0,5.288
102,2010,75,2200,13.28,0,0,.92544,0,5.255
102,2010,75,2300,13.3,0,0,2.0011,0,5.228
101,2010,75,2400,13.18,19543,17805,2971.5,8.76
102,2010,75,2400,13.32,0,0,1.9774,0,5.212
102,2010,76,100,13.34,0,0,2.9742,0,5.206
102,2010,76,200,13.36,0,0,2.4046,0,5.195
102,2010,76,300,13.38,.03164,.01948,1.8192,0,5.168
102,2010,76,400,13.39,.06327,.08767,2.0248,0,5.146
102,2010,76,500,13.38,1.1627,.14612,3.9231,0,5.162
102,2010,76,600,13.4,2.1671,.93514,3.2428,0,5.19
102,2010,76,700,13.41,.61691,.08767,1.392,0,5.168
102,2010,76,800,13.42,13.09,10.452,3.915,0,5.239
102,2010,76,900,13.39,556.16,523.06,92.253,.417,197
102,2010,76,1000,13.33,1046.4,973.45,155.7,.866,252.8
102,2010,76,1100,13.27,2168.1,2112.1,312.76,.95,547.7
102,2010,76,1200,13.22,3102,2823.8,433.84,1,814
102,2010,76,1300,13.2,2712.8,2306.5,369.46,.85,515.8
102,2010,76,1400,13.19,2928.1,2591.1,419.41,.7,459.7
102,2010,76,1500,13.17,2814.8,2592.3,402.25,.666,406.9
102,2010,76,1600,13.17,2594.2,2735.4,387.38,.766,504.6
102,2010,76,1700,13.17,2543.7,2734.4,399.53,1,753
102,2010,76,1800,12.88,1651.2,1723,275.09,1,696.9
102,2010,76,1900,12.87,797.74,834,149.16,1,558.5
102,2010,76,2000,13.25,87.413,92.538,18.171,.3,85
102,2010,76,2100,13.28,0,0,.76727,0,5.294
102,2010,76,2200,13.3,0,0,1.7401,0,5.294
102,2010,76,2300,13.34,0,0,3.1718,0,5.278
101,2010,76,2400,12.87,23020,22053,3445.3,9.51
102,2010,76,2400,13.35,0,0,2.9583,0,5.278
102,2010,77,100,13.37,0,0,3.4487,0,5.272
102,2010,77,200,13.37,0,0,1.9062,0,5.245
102,2010,77,300,13.38,0,0,1.9695,0,5.25
102,2010,77,400,13.4,0,0,2.4915,0,5.245
102,2010,77,500,13.4,0,0,2.3728,0,5.212
102,2010,77,600,13.4,0,0,2.0881,0,5.239
102,2010,77,700,13.4,0,0,1.7717,0,5.261
102,2010,77,800,13.42,42.307,37.591,7.8618,0,8.76
102,2010,77,900,13.4,176.12,157.44,29.383,0,5.962
102,2010,77,1000,13.38,492.13,444.53,75.963,0,26.48
102,2010,77,1100,13.33,1035.4,942.53,161.34,0,27.38
102,2010,77,1200,13.28,2074.5,1826.2,316.92,.683,208.4
102,2010,77,1300,13.22,3273,2827.7,471.79,1,481.1
102,2010,77,1400,13.19,2897.8,2610.6,409.98,.583,345.4
102,2010,77,1500,13.18,2274.4,2090.2,323.34,.433,304.9
102,2010,77,1600,12.87,795.72,733.34,113.49,.067,54.11
102,2010,77,1700,13.23,435.1,377.83,61.336,0,42.51
102,2010,77,1800,13.32,396.27,352.59,58.873,0,39.21
102,2010,77,1900,12.87,260.19,236.42,40.174,0,10.8
102,2010,77,2000,13.38,50.061,44.997,9.6815,0,5.239
102,2010,77,2100,13.4,0,0,2.7525,0,5.184
102,2010,77,2200,13.42,0,0,2.7129,0,5.14
102,2010,77,2300,13.43,0,0,2.8077,0,5.068
101,2010,77,2400,12.87,14203,12682,2107,2.766
102,2010,77,2400,13.44,0,0,2.515,0,5.063
102,2010,78,100,13.45,0,0,4.3656,0,5.063
102,2010,78,200,13.47,0,0,2.523,0,5.03
102,2010,78,300,13.47,0,0,2.2936,0,5.08
102,2010,78,400,13.47,0,0,4.3263,0,5.069
102,2010,78,500,13.47,.01582,0,3.7489,0,5.085
102,2010,78,600,13.45,.51407,0,4.0809,0,5.151
102,2010,78,700,13.44,0,.00974,.60107,0,5.124
102,2010,78,800,13.44,3.2585,2.328,2.4518,0,5.09
102,2010,78,900,13.44,129.69,113.6,20.706,0,5.096
102,2010,78,1000,13.39,904.46,822.27,135.21,.35,147.4
102,2010,78,1100,13.35,1267.7,1153.3,187.59,.516,161.5
102,2010,78,1200,13.28,2593.2,2316.8,371.23,.883,437.9
102,2010,78,1300,12.86,2818.1,2484,392.31,.75,397.5
102,2010,78,1400,13.23,2381.7,2156.7,327.48,.4,215.6
102,2010,78,1500,13.22,2449.8,2177.7,352.47,.533,161.3
102,2010,78,1600,13.22,1547.4,1396.9,230,.1,38.96
102,2010,78,1700,13.22,1513.3,1410.7,228.67,.966,202.2
102,2010,78,1800,13.23,1176.5,1128.9,184.2,1,317.6
102,2010,78,1900,13.25,550.37,556.96,92.524,.95,289.4
102,2010,78,2000,13.27,36.499,39.759,5.9723,.05,27.53
102,2010,78,2100,13.32,0,0,.5932,0,5.244
102,2010,78,2200,13.34,0,0,2.1514,0,5.261
102,2010,78,2300,13.36,0,0,2.5944,0,5.239
101,2010,78,2400,12.86,17373,15760,2561.1,6.497
102,2010,78,2400,13.39,0,0,3.0057,0,5.173
102,2010,79,100,13.4,0,0,3.2666,0,5.146
102,2010,79,200,13.42,0,0,1.8507,0,5.096
102,2010,79,300,13.44,0,0,2.1117,0,5.107
102,2010,79,400,13.45,0,0,2.3015,0,5.101
102,2010,79,500,13.46,0,0,2.0088,0,5.057
102,2010,79,600,13.47,.09491,.00974,1.5501,0,5.08
102,2010,79,700,13.46,.20563,0,2.0405,0,5.129
102,2010,79,800,13.45,7.6399,5.7177,2.1986,0,5.124
102,2010,79,900,13.43,76.433,65.127,12.045,0,5.283
102,2010,79,1000,13.42,302.6,268.65,42.583,0,8.96
102,2010,79,1100,13.32,1878.1,1746.1,273.99,.616,302.6
102,2010,79,1200,13.27,2176.3,1984,302.08,.75,341.3
102,2010,79,1300,13.26,1533.2,1377.5,221.95,.083,24.88
102,2010,79,1400,13.25,1862.1,1658.3,274.95,0,23.46
102,2010,79,1500,13.21,3197.1,2966.8,444.53,.883,551.5
102,2010,79,1600,13.18,1259.6,1177.8,167.07,.15,111.5
102,2010,79,1700,13.22,925.46,864.69,137.03,.183,86.7
102,2010,79,1800,13.25,572.69,528.66,83.07,0,59.27
102,2010,79,1900,13.27,394.03,407,63.274,.45,240.4
102,2010,79,2000,13.3,33.055,33.639,4.0419,.017,14.03
102,2010,79,2100,13.33,0,0,.45084,0,5.261
102,2010,79,2200,13.35,0,0,.94919,0,5.261
102,2010,79,2300,13.37,0,0,2.3255,0,5.261
101,2010,79,2400,13.18,14219,13084,2050.3,3.132
102,2010,79,2400,13.4,.01582,0,2.626,0,5.201
102,2010,80,100,13.4,0,0,1.8033,0,5.184
102,2010,80,200,13.42,0,0,2.0802,0,5.107
102,2010,80,300,13.43,0,0,2.2541,0,5.107
102,2010,80,400,13.44,0,0,1.9535,0,5.113
102,2010,80,500,13.44,0,0,2.9658,0,5.09
102,2010,80,600,13.45,0,0,2.1195,0,5.046
102,2010,80,700,13.46,0,0,2.4991,0,5.09
102,2010,80,800,13.47,37.202,32.026,7.1969,0,8.39
102,2010,80,900,13.46,308.12,277.38,44.028,0,40.45
102,2010,80,1000,13.42,650.96,587.16,101.09,0,11.91
102,2010,80,1100,12.88,1038.7,935.73,160.48,0,10.28
102,2010,80,1200,12.83,1897.9,1677.7,283.69,.367,130
102,2010,80,1300,12.82,2685.4,2352.2,380.43,.533,271.8
102,2010,80,1400,12.82,1775.2,1593.2,256.03,.15,100.2
102,2010,80,1500,12.82,2149,1965.6,307.27,.516,193.4
102,2010,80,1600,12.82,1922.9,1987.5,283.88,.5,346.7
102,2010,80,1700,13.17,2563.1,2713.9,390.96,1,722
102,2010,80,1800,13.19,1004.8,963.5,150.71,.466,188.6
102,2010,80,1900,13.27,361.61,334.07,54.472,0,67.43
102,2010,80,2000,13.3,26.127,25.115,4.9595,0,9.9
102,2010,80,2100,13.34,0,0,1.7718,0,5.239
102,2010,80,2200,13.36,0,0,3.425,0,5.217
102,2010,80,2300,13.39,0,0,3.6385,0,5.195
101,2010,80,2400,12.82,16421,15445,2452,3.532
102,2010,80,2400,13.41,0,0,2.2858,0,5.101
102,2010,81,100,13.42,0,0,2.5151,0,5.09
102,2010,81,200,13.44,0,0,2.2224,0,5.085
102,2010,81,300,13.45,0,0,2.5229,0,5.135
102,2010,81,400,13.46,0,0,2.1749,0,5.113
102,2010,81,500,13.47,0,0,1.9693,0,5.068
102,2010,81,600,13.47,0,0,1.9536,0,5.036
102,2010,81,700,13.49,0,0,1.914,0,5.047
102,2010,81,800,13.49,48.097,43.778,8.4394,0,21.34
102,2010,81,900,13.45,533.17,515.85,80.271,.55,264.6
102,2010,81,1000,13.36,1534.5,1562.5,238.87,1,660.7
102,2010,81,1100,13.27,2454.9,2589.2,346.7,1,826
102,2010,81,1200,13.22,3127.3,2877.8,409.96,1,842
102,2010,81,1300,13.18,3575.6,3215.2,447.22,1,803
102,2010,81,1400,13.17,2981.3,2862.5,387.24,.7,532.6
102,2010,81,1500,13.16,2984.7,2882.3,382.2,1,599.9
102,2010,81,1600,13.16,2702.1,2818.6,359.81,.8,572.5
102,2010,81,1700,13.16,1824,1906.4,255.45,.583,400.4
102,2010,81,1800,13.19,1638.7,1656.3,257.03,.933,561
102,2010,81,1900,13.2,368.79,361.77,52.367,.083,71.5
102,2010,81,2000,13.24,31.272,29.609,3.9001,0,5.288
102,2010,81,2100,13.27,0,0,.03955,0,5.261
102,2010,81,2200,13.31,0,0,.46666,0,5.272
102,2010,81,2300,13.34,0,0,2.3017,0,5.245
101,2010,81,2400,13.16,23804,23322,3250.1,8.65
102,2010,81,2400,13.36,0,0,2.5312,0,5.228
102,2010,82,100,13.37,0,0,2.7368,0,5.217
102,2010,82,200,13.37,0,0,2.8554,0,5.179
102,2010,82,300,13.4,0,0,3.4328,0,5.184
102,2010,82,400,13.4,0,0,2.1197,0,5.179
102,2010,82,500,13.42,0,0,1.9299,0,5.068
102,2010,82,600,13.43,.00791,0,1.9536,0,5.129
102,2010,82,700,13.43,0,0,1.7004,0,5.14
102,2010,82,800,13.44,46.781,41.115,8.3834,0,11.34
102,2010,82,900,13.4,596.36,572.43,95.992,.666,221.4
102,2010,82,1000,13.34,1269.6,1242.5,193.52,1,426.5
102,2010,82,1100,13.3,1746.8,1619.5,252.35,1,308
102,2010,82,1200,13.29,1022.1,914.34,145.92,.2,65.94
102,2010,82,1300,13.32,871,781.27,119.22,.05,19.33
102,2010,82,1400,13.27,2953.9,1697.1,412.67,.9,299.1
102,2010,82,1500,13.23,3375.1,1392.8,476.34,.966,584.1
102,2010,82,1600,13.22,2883.4,1241.6,408.96,1,558.8
102,2010,82,1700,13.22,1587.7,945.14,230.9,1,339.4
102,2010,82,1800,13.25,1125.9,767.54,169.07,1,275.6
102,2010,82,1900,13.25,592.94,450.56,90.244,.583,181.6
102,2010,82,2000,13.27,40.343,39.165,4.7779,0,5.933
102,2010,82,2100,13.3,2.009,1.2664,2.0644,0,5.206
102,2010,82,2200,13.34,1.139,.04871,.01582,0,5.162
102,2010,82,2300,13.37,.30057,.00974,.15029,0,5.195
101,2010,82,2400,13.22,18116,11707,2629.8,8.36
102,2010,82,2400,13.39,.75932,.32147,2.5073,0,5.129
102,2010,83,100,13.41,.07909,0,1.6847,0,5.096
102,2010,83,200,13.42,.10282,0,1.4869,0,5.124
102,2010,83,300,13.43,.13445,0,1.9377,0,5.107
102,2010,83,400,13.43,.07118,0,3.1399,0,5.101
102,2010,83,500,13.44,0,0,2.5308,0,5.096
102,2010,83,600,13.44,0,0,2.4913,0,5.118
102,2010,83,700,13.44,0,0,3.124,0,5.129
102,2010,83,800,13.44,19.424,15.439,4.9114,0,5.101
102,2010,83,900,13.44,238.62,207.11,34.973,0,5.223
102,2010,83,1000,13.42,403.63,358.41,61.304,0,5.272
102,2010,83,1100,13.4,459.96,407.18,67.096,0,6.53
102,2010,83,1200,13.38,832.09,743.81,122.2,0,6.188
102,2010,83,1300,13.36,691.04,617.06,94.871,0,5.89
102,2010,83,1400,13.34,1085.5,975.42,151.57,0,6.464
102,2010,83,1500,13.29,2248.7,1827.5,317.93,.283,74.6
102,2010,83,1600,12.96,1660.5,1442.4,233.31,.083,45.46
102,2010,83,1700,12.85,1787.6,1145.2,254.39,.483,219
102,2010,83,1800,13.27,671.42,600.97,95.404,0,15.23
102,2010,83,1900,13.31,315.78,285.4,44.491,0,17.62
102,2010,83,2000,13.34,28.726,27.694,5.3229,0,6.249
102,2010,83,2100,13.37,0,0,2.8396,0,5.217
102,2010,83,2200,13.38,0,0,2.9425,0,5.212
102,2010,83,2300,13.4,0,0,2.7446,0,5.184
101,2010,83,2400,12.85,10443,8653.7,1514.7,.85
102,2010,83,2400,13.42,0,0,2.0327,0,5.096
102,2010,84,100,13.43,0,0,1.9456,0,4.986
102,2010,84,200,13.44,0,0,1.6767,0,4.991
102,2010,84,300,13.44,0,0,1.6609,0,4.986
102,2010,84,400,13.45,0,0,1.6846,0,4.991
102,2010,84,500,13.46,0,0,1.471,0,4.997
102,2010,84,600,13.46,0,0,1.1309,0,4.991
102,2010,84,700,13.46,0,0,1.21,0,4.98
102,2010,84,800,13.46,54.112,46.365,8.1065,0,6.034
102,2010,84,900,13.44,358.87,318.5,49.644,0,17.04
102,2010,84,1000,13.37,1171.4,825.64,169.44,.983,319.2
102,2010,84,1100,13.33,1597,1361.5,234.34,.25,130.9
102,2010,84,1200,13.3,1780.4,1541.1,252.57,.1,76.5
102,2010,84,1300,13.3,1620.7,1404.6,230.13,0,19.41
102,2010,84,1400,13.28,1770.4,1460.4,250.56,.4,90
102,2010,84,1500,13.29,1699.7,1470.2,243.03,0,32.1
102,2010,84,1600,13.3,1401.8,1222.4,203.49,.117,40.88
102,2010,84,1700,13.28,1547.3,1208.1,227.83,.966,159.6
102,2010,84,1800,13.28,841.53,674.63,120.16,.7,157.2
102,2010,84,1900,13.3,257.49,234.37,33.934,0,57.01
102,2010,84,2000,13.32,17.109,17.165,2.9265,0,7.07
102,2010,84,2100,13.36,0,0,3.0136,0,5.079
102,2010,84,2200,13.38,0,0,3.5436,0,5.046
102,2010,84,2300,13.4,0,0,2.8237,0,4.986
101,2010,84,2400,13.28,14118,11785,2048.1,3.515
102,2010,84,2400,13.41,0,0,1.7796,0,5.002
102,2010,85,100,13.42,0,0,3.2112,0,5.041
102,2010,85,200,13.43,0,0,1.2971,0,5.046
102,2010,85,300,13.44,0,0,2.1829,0,5.024
102,2010,85,400,13.44,0,0,2.7365,0,4.997
102,2010,85,500,13.46,0,0,2.167,0,4.991
102,2010,85,600,13.46,0,0,1.7715,0,4.997
102,2010,85,700,13.46,0,0,2.4991,0,5.002
102,2010,85,800,13.45,28.97,23.358,4.7216,0,12.02
102,2010,85,900,13.4,627.42,274.41,95.601,.883,405.6
102,2010,85,1000,13.32,1459.2,432.29,218.03,1,664.8
102,2010,85,1100,13.28,1815.1,885.24,254.52,1,490
102,2010,85,1200,13.25,1974.8,1405.1,275.62,1,241.6
102,2010,85,1300,13.22,2468.5,1798.2,346.57,.866,176
102,2010,85,1400,13.2,2453.8,1813.6,345.41,.05,86
102,2010,85,1500,13.18,2877.5,1649.8,405.82,1,319.8
102,2010,85,1600,13.18,2543.8,1168,363.19,.866,473.3
102,2010,85,1700,13.18,2580.8,1009.8,386.41,1,646.7
102,2010,85,1800,12.88,1542,574.21,242.11,1,579.7
102,2010,85,1900,13.22,405.61,210.64,60.114,.566,210.3
102,2010,85,2000,13.25,21.817,19.816,3.4884,0,12.67
102,2010,85,2100,13.28,0,0,2.6576,0,5.25
102,2010,85,2200,13.3,0,0,3.0688,0,5.267
102,2010,85,2300,13.33,0,0,2.7843,0,5.239
101,2010,85,2400,12.88,20799,11264,3027.9,9.23
102,2010,85,2400,13.34,0,0,1.9063,0,5.245
102,2010,86,100,13.35,0,0,2.0723,0,5.256
102,2010,86,200,13.36,0,0,2.4361,0,5.173
102,2010,86,300,13.37,0,0,3.1084,0,5.146
102,2010,86,400,13.39,0,0,2.5626,0,5.151
102,2010,86,500,13.39,0,0,1.74,0,5.129
102,2010,86,600,13.4,0,0,1.6293,0,5.124
102,2010,86,700,13.4,0,0,2.2224,0,5.14
102,2010,86,800,12.78,68.49,48.927,11.95,.133,49.08
102,2010,86,900,12.77,763.97,320.94,126.32,1,519.7
102,2010,86,1000,13.29,1536.3,509.58,230.84,1,635.8
102,2010,86,1100,13.25,2050.3,1004.5,286.7,1,556.8
102,2010,86,1200,13.2,2805.9,1393.3,384.32,1,567.6
102,2010,86,1300,13.15,3419.5,1164.8,448.66,.883,677.6
102,2010,86,1400,13.13,2658.6,1214.2,363.72,.533,328.3
102,2010,86,1500,13.15,699.77,640.86,99.641,0,24.25
102,2010,86,1600,13.21,1468.4,1122,212.42,.333,124.6
102,2010,86,1700,13.19,1845.4,1100.1,269.89,.45,281.7
102,2010,86,1800,13.21,288.35,260.68,34.246,0,8.49
102,2010,86,1900,13.25,116.76,104.08,15.045,0,5.751
102,2010,86,2000,13.3,10.86,10.258,2.6892,0,5.201
102,2010,86,2100,13.33,0,0,.84635,0,5.19
102,2010,86,2200,13.35,0,0,.66441,0,5.124
102,2010,86,2300,13.36,0,0,1.6373,0,5.113
101,2010,86,2400,12.77,17733,8894.2,2507.7,6.331
102,2010,86,2400,13.37,0,0,2.3333,0,5.096
102,2010,87,100,13.37,0,0,1.8271,0,5.118
102,2010,87,200,13.37,0,0,2.531,0,5.113
102,2010,87,300,13.38,0,0,3.1795,0,5.079
102,2010,87,400,13.39,.01582,0,2.1829,0,5.09
102,2010,87,500,13.39,.02373,0,2.6416,0,5.135
102,2010,87,600,13.4,.522,.05844,3.2032,0,5.101
102,2010,87,700,13.4,1.3683,.16559,3.306,0,5.068
102,2010,87,800,13.4,17.155,13.316,5.0222,0,5.096
102,2010,87,900,13.4,273.19,238.71,41.262,0,5.769
102,2010,87,1000,13.38,837.04,733.56,120.18,0,25.88
102,2010,87,1100,13.37,974.67,873.49,141.36,0,6.188
102,2010,87,1200,13.35,1268.8,1142.1,186.06,0,11.69
102,2010,87,1300,13.26,2798.3,1681,390.65,.716,326.1
102,2010,87,1400,12.87,2934.8,1833.5,395.69,.533,239.2
102,2010,87,1500,12.86,3880.3,1791.7,525.65,.883,518.7
102,2010,87,1600,13.17,1535.7,897.25,208.52,.45,214.7
102,2010,87,1700,13.23,164.03,151.64,21.351,0,11.04
102,2010,87,1800,13.28,47.46,39.845,6.9687,0,5.25
102,2010,87,1900,13.33,9.911,7.8617,.12656,0,5.124
102,2010,87,2000,13.37,1.8904,1.2761,.05537,0,5.14
102,2010,87,2100,13.39,.13446,.04871,.98075,0,5.124
102,2010,87,2200,13.4,.06327,.03896,.97284,0,5.057
102,2010,87,2300,13.41,.00791,0,1.2655,0,5.068
101,2010,87,2400,12.86,14745,9405.6,2066.8,2.582
102,2010,87,2400,13.42,0,0,1.8586,0,5.041
102,2010,88,100,13.43,0,0,1.7004,0,5.035
102,2010,88,200,13.44,0,0,1.993,0,5.052
102,2010,88,300,13.44,0,0,2.0879,0,5.041
102,2010,88,400,13.45,0,0,1.7162,0,5.024
102,2010,88,500,13.45,0,0,1.384,0,5.052
102,2010,88,600,13.45,0,0,1.5817,0,5.057
102,2010,88,700,13.45,0,0,.92531,0,5.079
102,2010,88,800,13.45,37.052,31.364,6.0343,0,7.2
102,2010,88,900,13.44,295.88,263.4,37.661,0,52.98
102,2010,88,1000,13.35,1486.6,397.91,217.01,.9,642.7
102,2010,88,1100,12.87,2454,408.03,340.21,1,805
102,2010,88,1200,12.84,2678.4,904.57,355.65,1,628.1
102,2010,88,1300,12.84,2608.2,1340.6,358.34,.666,380.7
102,2010,88,1400,13.19,2819.6,1005.7,386.12,.683,436.4
102,2010,88,1500,13.18,3742,854.48,501.56,1,687.1
102,2010,88,1600,13.2,3210.1,882.96,448.18,1,741
102,2010,88,1700,13.2,2325.4,677.93,355.82,1,710
102,2010,88,1800,13.21,1007,512.09,152.55,.716,327.7
102,2010,88,1900,12.89,881.68,267.14,157.11,1,651.7
102,2010,88,2000,12.84,48.475,38.162,7.8946,.15,43.79
102,2010,88,2100,13.3,0,0,1.487,0,5.261
102,2010,88,2200,13.34,0,0,2.6578,0,5.19
102,2010,88,2300,13.37,0,0,3.0295,0,5.124
101,2010,88,2400,12.84,23594,7584.4,3347.3,9.11
102,2010,88,2400,13.39,0,0,4.635,0,5.085
102,2010,89,100,13.4,0,0,3.314,0,5.074
102,2010,89,200,13.41,0,0,3.3614,0,5.035
102,2010,89,300,13.42,0,0,2.8314,0,5.124
102,2010,89,400,13.43,0,0,2.8235,0,5.129
102,2010,89,500,13.44,0,0,1.8823,0,5.035
102,2010,89,600,13.46,0,0,2.4754,0,5.063
102,2010,89,700,13.46,0,0,1.9851,0,4.986
102,2010,89,800,13.47,40.667,33.06,6.9282,0,13.94
102,2010,89,900,13.42,559.78,304.58,83.2,.9,309.5
102,2010,89,1000,13.39,896.46,720.41,135.1,.383,126.2
102,2010,89,1100,13.37,876.76,764.65,132.95,.033,18.61
102,2010,89,1200,13.28,2615.4,1253.9,362.63,1,505.9
102,2010,89,1300,13.24,2997.6,1416.5,393.34,.8,511.6
102,2010,89,1400,13.22,2437.2,1875.6,348.25,.25,80.3
102,2010,89,1500,13.21,2145.8,1761.6,301.3,.183,71
102,2010,89,1600,13.22,1557.2,1270.9,223.91,.15,93.5
102,2010,89,1700,13.2,2031.2,940.16,300.09,.75,477.7
102,2010,89,1800,13.24,1872.6,502.23,312.05,1,756
102,2010,89,1900,13.25,514.7,315.22,80.293,.25,183.1
102,2010,89,2000,13.28,36.949,29.422,6.7,.117,38.64
102,2010,89,2100,13.3,0,0,.6644,0,5.233
102,2010,89,2200,13.32,0,0,1.1864,0,5.278
102,2010,89,2300,13.34,0,0,2.626,0,5.267
101,2010,89,2400,13.2,18582,11188,2712.2,5.814
102,2010,89,2400,13.37,0,0,2.3413,0,5.245
102,2010,90,100,13.39,0,0,2.3492,0,5.184
102,2010,90,200,13.4,0,0,2.6892,0,5.157
102,2010,90,300,13.42,0,0,2.1118,0,5.162
102,2010,90,400,13.42,0,0,1.9219,0,5.129
102,2010,90,500,13.44,0,0,1.5106,0,5.129
102,2010,90,600,13.44,0,0,1.4394,0,5.129
102,2010,90,700,13.45,0,0,1.5422,0,5.151
102,2010,90,800,13.45,29.318,23.796,4.6108,0,5.151
102,2010,90,900,13.43,283.47,234.96,42.289,.05,27.59
102,2010,90,1000,13.35,1582.3,957.71,240.75,.9,424.6
102,2010,90,1100,13.34,1652.5,1280.7,244.66,.533,183.5
102,2010,90,1200,13.27,3312.9,782.43,468.18,1,793
102,2010,90,1300,13.22,3757.5,535.26,508.01,1,841
102,2010,90,1400,13.2,3698.5,512.79,502.53,.966,762
102,2010,90,1500,13.17,3723.1,669.18,504.97,.983,784
102,2010,90,1600,13.17,3014.7,726.8,422.8,.916,627
102,2010,90,1700,13.17,2147.1,804.67,320.38,.933,576.6
102,2010,90,1800,13.21,1595.5,242.81,256.72,1,759
102,2010,90,1900,13.22,744.68,215.66,130.52,1,587
102,2010,90,2000,13.24,38.542,37.687,4.9523,.017,29.33
102,2010,90,2100,13.29,0,.33122,1.5108,0,5.255
102,2010,90,2200,13.31,0,0,.87796,0,5.261
102,2010,90,2300,13.33,0,0,.83048,0,5.256
101,2010,90,2400,13.17,25580,7024.8,3669.9,9.3
102,2010,90,2400,13.35,0,0,1.7402,0,5.201
102,2010,91,100,13.37,0,0,2.4758,0,5.162
102,2010,91,200,13.39,0,0,3.9864,0,5.135
102,2010,91,300,13.41,0,0,3.7965,0,5.151
102,2010,91,400,13.42,0,0,2.6179,0,5.09
102,2010,91,500,13.44,0,0,2.2857,0,5.14
102,2010,91,600,13.45,0,0,2.8788,0,5.085
102,2010,91,700,13.46,0,0,2.2461,0,5.09
102,2010,91,800,13.46,65.241,51.051,12.069,0,19.41
102,2010,91,900,13.4,677.54,316.07,111.41,.95,397.2
102,2010,91,1000,13.33,1334.7,544.29,204.49,1,501
102,2010,91,1100,13.26,2535.2,405.43,354.42,1,802
102,2010,91,1200,13.22,2890,1245.8,395.77,.983,602.2
102,2010,91,1300,13.2,2386.2,1825.9,340.63,.533,136.4
102,2010,91,1400,13.17,2992.7,1659.5,413.46,.933,357.7
102,2010,91,1500,13.15,1962.4,1407.6,278.22,.666,235.4
102,2010,91,1600,13.05,194.61,172.01,23.336,0,8.5
102,2010,91,1700,13.29,301.72,262.94,38.662,0,17.21
102,2010,91,1800,12.9,566.05,497.58,80.382,0,6.144
102,2010,91,1900,12.92,215.81,191.58,30.712,0,5.25
102,2010,91,2000,13.34,13.019,12.517,1.914,0,5.184
102,2010,91,2100,13.36,0,0,1.1707,0,5.179
102,2010,91,2200,13.39,0,0,2.0961,0,5.118
102,2010,91,2300,13.41,0,0,2.4282,0,5.129
101,2010,91,2400,12.9,16135,8592.4,2313.6,6.064
102,2010,91,2400,13.43,0,0,2.1354,0,5.09
102,2010,92,100,13.44,0,0,1.993,0,5.118
102,2010,92,200,13.44,0,0,3.0686,0,5.046
102,2010,92,300,13.45,0,0,2.9183,0,5.041
102,2010,92,400,13.46,0,0,2.6732,0,5.074
102,2010,92,500,13.47,0,0,3.1003,0,5.069
102,2010,92,600,13.47,0,0,1.9773,0,5.064
102,2010,92,700,13.48,0,0,1.74,0,5.058
102,2010,92,800,13.47,27.856,21.401,3.8122,0,7.51
102,2010,92,900,13.44,543.23,358.13,81.23,.367,192.6
102,2010,92,1000,13.43,312.52,271.73,44.227,0,5.725
102,2010,92,1100,13.43,276.19,242.57,35.836,0,5.708
102,2010,92,1200,13.39,1083.3,952.1,153.62,0,7.87
102,2010,92,1300,13.34,1691,1494.8,262.27,0,5.421
102,2010,92,1400,13.27,3286.8,2107,482.84,.683,256.6
102,2010,92,1500,13.25,2817.3,1554.9,397.2,1,472
102,2010,92,1600,13.23,3440.5,590.37,487.91,1,897
102,2010,92,1700,13.22,2566.6,320.56,386.42,1,864
102,2010,92,1800,13.25,1406.4,277.1,223.34,.933,659.6
102,2010,92,1900,13.27,637.27,219.05,111.4,.966,486.2
102,2010,92,2000,13.3,17.971,20.341,2.0012,0,10.56
102,2010,92,2100,13.34,0,0,1.5582,0,5.206
102,2010,92,2200,13.37,0,0,3.0928,0,5.239
102,2010,92,2300,13.39,0,0,3.4407,0,5.195
101,2010,92,2400,13.22,18107,8430,2700.7,5.948
102,2010,92,2400,13.41,0,0,2.9739,0,5.201
102,2010,93,100,13.42,0,0,3.5354,0,5.151
102,2010,93,200,13.44,0,0,3.1952,0,5.151
102,2010,93,300,13.44,0,0,3.7646,0,5.124
102,2010,93,400,13.46,0,0,2.167,0,5.118
102,2010,93,500,13.46,0,0,1.8585,0,5.085
102,2010,93,600,13.47,0,0,1.5027,0,5.146
102,2010,93,700,13.48,0,0,2.0248,0,5.113
102,2010,93,800,13.48,41.096,33.402,7.9804,0,9.87
102,2010,93,900,13.43,569.67,341.52,86.879,.65,224
102,2010,93,1000,13.4,968.81,754.65,144.83,.65,153.5
102,2010,93,1100,13.37,1242.9,1071.8,185.35,.117,48.85
102,2010,93,1200,13.32,1605.4,1333.6,235.6,.3,89.3
102,2010,93,1300,13.31,1542.8,1350.5,226.73,0,23.6
102,2010,93,1400,13.3,1526,1351.7,227.53,0,12.96
102,2010,93,1500,13.31,1100.1,989.66,170.45,0,19
102,2010,93,1600,13.3,858.57,782.37,133.47,0,6.656
102,2010,93,1700,13.32,846.04,763,130.81,0,5.371
102,2010,93,1800,13.32,794.25,693.49,121.38,0,30.17
102,2010,93,1900,13.32,335.8,309.63,48.018,0,20.71
102,2010,93,2000,13.34,18.453,18.801,3.8202,0,7.79
102,2010,93,2100,13.37,0,0,3.2193,0,5.228
102,2010,93,2200,13.4,0,0,2.0565,0,5.151
102,2010,93,2300,13.35,0,0,2.5705,0,5.146
101,2010,93,2400,13.3,11450,9794,1750.7,1.716
102,2010,93,2400,13.44,0,0,1.9298,0,5.162
102,2010,94,100,13.46,0,0,1.9376,0,5.118
102,2010,94,200,13.46,0,0,2.3331,0,5.096
102,2010,94,300,13.47,0,0,2.0563,0,5.102
102,2010,94,400,13.48,0,0,1.5344,0,5.102
102,2010,94,500,13.47,0,0,1.6292,0,5.091
102,2010,94,600,13.47,0,0,1.6845,0,5.118
102,2010,94,700,12.84,0,0,1.5501,0,5.079
102,2010,94,800,13.47,80.272,58.695,14.417,.1,34.62
102,2010,94,900,13.44,453.5,381.05,70.064,.133,67.54
102,2010,94,1000,13.41,472.92,426.55,69.355,0,13.55
102,2010,94,1100,13.42,238.04,210.62,31.179,0,6.999
102,2010,94,1200,13.43,569.72,501.59,70.755,0,5.73
102,2010,94,1300,13.42,548.47,485.21,64.562,0,13.59
102,2010,94,1400,13.42,746.98,670.03,95.607,0,8.77
102,2010,94,1500,13.36,2006.5,1548.3,290.79,.4,168.9
102,2010,94,1600,13.31,2401.9,1526.8,359.74,1,364.7
102,2010,94,1700,13.28,2258.7,526.09,350.77,1,761
102,2010,94,1800,13.29,1625.7,286.84,266.16,1,782
102,2010,94,1900,13.28,627.99,263.29,104.83,.616,388.9
102,2010,94,2000,13.29,20.399,21.022,3.67,0,12.36
102,2010,94,2100,13.35,0,0,2.7842,0,5.261
102,2010,94,2200,13.38,0,0,3.2666,0,5.206
102,2010,94,2300,13.39,0,0,4.2947,0,5.206
101,2010,94,2400,12.84,12051,6906.1,1817.6,4.248
102,2010,94,2400,13.41,0,0,2.61,0,5.168
102,2010,95,100,13.42,0,0,3.0449,0,5.162
102,2010,95,200,13.43,0,0,1.9376,0,5.135
102,2010,95,300,13.43,0,0,1.5975,0,5.101
102,2010,95,400,13.44,0,0,1.7162,0,5.09
102,2010,95,500,13.44,0,0,1.5896,0,5.069
102,2010,95,600,13.45,0,0,2.175,0,5.019
102,2010,95,700,13.47,0,0,1.9457,0,5.053
102,2010,95,800,13.47,31.796,25.444,4.9988,0,5.389
102,2010,95,900,13.44,377.03,299.66,55.253,.217,75.8
102,2010,95,1000,13.37,1245.4,857.57,190.67,.966,325.2
102,2010,95,1100,13.3,2127.6,1209.4,310.74,1,523.1
102,2010,95,1200,13.25,2601.5,1313.6,372.94,1,506.5
102,2010,95,1300,13.21,3466.8,1364.3,477.42,1,659
102,2010,95,1400,13.18,3746.4,1071.6,512.53,.933,662.4
102,2010,95,1500,13.18,2802.5,937.06,389.05,.983,575.1
102,2010,95,1600,13.18,2492.7,1130.4,363.09,.9,486
102,2010,95,1700,13.17,546.03,412.09,85.004,.117,60.64
102,2010,95,1800,13.26,671.48,574.71,94.81,.05,21.41
102,2010,95,1900,13.28,250.92,218.69,37.817,0,9.5
102,2010,95,2000,13.3,21.435,16.911,5.2124,0,6.915
102,2010,95,2100,13.34,0,0,2.3017,0,5.239
102,2010,95,2200,13.37,0,0,2.3018,0,5.245
102,2010,95,2300,13.39,0,0,1.8192,0,5.206
101,2010,95,2400,13.17,20382,9431.5,2921.9,7.16
102,2010,95,2400,13.4,0,0,1.9931,0,5.179
102,2010,96,100,13.42,0,0,2.5942,0,5.184
102,2010,96,200,13.43,0,0,3.4166,0,5.107
102,2010,96,300,13.44,0,0,2.6178,0,5.135
102,2010,96,400,13.45,0,0,3.0054,0,5.113
102,2010,96,500,13.46,0,0,3.2664,0,5.085
102,2010,96,600,13.47,0,0,2.4994,0,5.097
102,2010,96,700,13.48,0,0,2.2067,0,5.02
102,2010,96,800,13.49,37.151,31.387,6.3908,0,5.373
102,2010,96,900,13.47,320.3,280.46,44.001,0,19.28
102,2010,96,1000,13.38,1117.8,695.8,167.83,.317,223.1
102,2010,96,1100,13.3,2223.6,1018.8,323.54,1,552.7
102,2010,96,1200,13.25,2932.9,1037.8,426,.966,624.7
102,2010,96,1300,12.87,3245.4,1407.1,470.43,.866,505.4
102,2010,96,1400,12.86,3451.7,1192,493.89,1,594.1
102,2010,96,1500,13.22,3053.6,1346.1,439.17,1,548.8
102,2010,96,1600,13.21,3279.1,1158.7,482.63,1,783
102,2010,96,1700,13.22,2222.9,868.21,349.26,1,708
102,2010,96,1800,13.23,1479.3,670.52,253.23,1,706
102,2010,96,1900,13.25,518.8,289.47,93.359,.85,407.8
102,2010,96,2000,13.28,34.37,31.935,8.3452,.133,57.14
102,2010,96,2100,13.32,0,0,2.2146,0,5.294
102,2010,96,2200,13.35,0,0,3.6622,0,5.295
102,2010,96,2300,13.37,0,0,4.1131,0,5.295
101,2010,96,2400,12.86,23917,10028,3592.2,9.13
102,2010,96,2400,13.4,0,0,4.5005,0,5.295
102,2010,97,100,13.41,0,0,2.9501,0,5.289
102,2010,97,200,13.43,0,0,2.2383,0,5.289
102,2010,97,300,13.44,0,0,2.5783,0,5.283
102,2010,97,400,13.45,0,0,3.2268,0,5.278
102,2010,97,500,13.45,0,0,2.08,0,5.278
102,2010,97,600,13.45,0,0,2.5071,0,5.289
102,2010,97,700,13.45,0,0,2.9342,0,5.283
102,2010,97,800,13.45,42.225,33.517,8.5968,0,7
102,2010,97,900,13.42,391.27,310.26,62.843,.2,77.5
102,2010,97,1000,13.4,288.88,270.99,47.558,0,12.55
102,2010,97,1100,13.39,770.84,678.16,107.79,0,17.57
102,2010,97,1200,13.33,1751.5,1364.4,257.51,.4,137.9
102,2010,97,1300,13.25,3699.8,1577.3,524.42,1,622.4
102,2010,97,1400,13.22,3661.4,1273.7,512.72,1,678.2
102,2010,97,1500,13.19,3544.7,1268.3,497.62,1,769
102,2010,97,1600,13.18,2634.2,1057.7,376.1,.85,641.8
102,2010,97,1700,13.18,2477.7,1065.3,383.52,1,818
102,2010,97,1800,13.2,1145.3,723.37,180.62,.716,368
102,2010,97,1900,13.22,247.66,191.78,35.733,.433,159
102,2010,97,2000,13.26,15.544,18.57,3.6546,0,10.9
102,2010,97,2100,13.3,0,0,2.974,0,5.294
102,2010,97,2200,13.33,0,0,2.5389,0,5.294
102,2010,97,2300,13.35,0,0,2.8238,0,5.295
101,2010,97,2400,13.18,20671,9833.3,3028.5,6.597
102,2010,97,2400,13.38,0,0,2.9662,0,5.295
102,2010,98,100,13.39,0,0,4.0101,0,5.295
102,2010,98,200,13.41,0,0,5.3309,0,5.295
102,2010,98,300,13.42,0,0,3.7726,0,5.295
102,2010,98,400,13.44,0,0,3.2268,0,5.295
102,2010,98,500,13.45,0,0,3.3771,0,5.295
102,2010,98,600,13.45,0,0,2.4992,0,5.295
102,2010,98,700,13.45,0,0,2.2936,0,5.295
102,2010,98,800,13.45,23.996,17.075,5.2041,0,5.295
102,2010,98,900,13.43,250.19,199.68,42.763,.083,45.42
102,2010,98,1000,13.33,1367.6,958.85,214.93,.7,367.5
102,2010,98,1100,13.32,1021.2,876.74,148.2,.217,79.1
102,2010,98,1200,13.3,1553.9,1268.8,236.84,.3,119.2
102,2010,98,1300,13.26,3371.7,2296.8,500.66,.766,396.6
102,2010,98,1400,12.86,3494,2029.3,524.2,1,444.2
102,2010,98,1500,13.2,3555.3,1900.6,529.46,1,742
102,2010,98,1600,13.2,2933.9,1518.3,434.15,1,807
102,2010,98,1700,13.2,2290.8,1438.5,361.12,1,719
102,2010,98,1800,13.22,1385,1068,231.03,1,496.3
102,2010,98,1900,13.23,197.26,183.1,31.335,.017,20.44
102,2010,98,2000,12.86,26.174,25.709,6.3199,0,5.399
102,2010,98,2100,12.84,0,0,3.4803,0,5.306
102,2010,98,2200,13.38,0,0,2.4915,0,5.322
102,2010,98,2300,13.4,0,0,2.3886,0,5.25
101,2010,98,2400,12.84,21471,13781,3301.7,7.08
102,2010,98,2400,13.42,0,0,2.5626,0,5.256
102,2010,99,100,13.42,0,0,2.3411,0,5.245
102,2010,99,200,13.43,0,0,1.9219,0,5.272
102,2010,99,300,13.44,0,0,2.4755,0,5.234
102,2010,99,400,13.46,0,0,2.0879,0,5.25
102,2010,99,500,13.46,0,0,2.254,0,5.261
102,2010,99,600,13.46,0,0,.68017,0,5.245
102,2010,99,700,13.46,0,0,1.1784,0,5.261
102,2010,99,800,13.45,45.42,33.595,8.3279,0,15.56
102,2010,99,900,13.43,318.03,272.23,47.556,.15,64.96
102,2010,99,1000,13.39,636.1,568.47,101.67,0,19.85
102,2010,99,1100,13.34,1319.6,1125.8,207.35,.55,113.1
102,2010,99,1200,13.26,2974,1710.3,436.85,1,657.1
102,2010,99,1300,13.22,3566.7,1677.3,490.02,1,800
102,2010,99,1400,13.19,3239,1267.3,454.89,.833,604.2
102,2010,99,1500,13.18,2870.6,1006.6,409.87,.916,516.5
102,2010,99,1600,13.17,2569.1,888.49,377.41,.683,522.7
102,2010,99,1700,13.18,1390,744.5,214.38,.583,300.5
102,2010,99,1800,12.99,1781.6,502.57,306.6,1,694.2
102,2010,99,1900,12.93,411.05,266.51,78.404,.183,133
102,2010,99,2000,13.29,40.642,38.121,11.651,0,6.071
102,2010,99,2100,13.34,.22147,0,4.904,0,5.294
102,2010,99,2200,13.36,.06328,0,5.9325,0,5.295
102,2010,99,2300,13.38,0,0,5.9719,0,5.295
101,2010,99,2400,12.93,21162,10102,3180.4,6.897
102,2010,99,2400,13.39,0,0,5.6712,0,5.295
102,2010,100,100,13.4,0,0,3.7807,0,5.295
102,2010,100,200,13.42,0,0,2.9106,0,5.295
102,2010,100,300,13.43,0,0,2.5467,0,5.295
102,2010,100,400,13.44,0,0,3.0845,0,5.278
102,2010,100,500,13.46,0,0,3.4482,0,5.283
102,2010,100,600,13.46,0,0,2.2304,0,5.262
102,2010,100,700,13.45,0,0,1.5898,0,5.267
102,2010,100,800,13.46,82.008,53.038,14.299,.15,47.62
102,2010,100,900,13.42,490.44,324.63,74.667,.75,225.4
102,2010,100,1000,13.34,1450.4,805.84,226.06,.733,393.6
102,2010,100,1100,13.28,2510.9,1026.5,365.95,1,695.2
102,2010,100,1200,13.23,2987.6,1201.6,432.37,1,651.5
102,2010,100,1300,13.22,2766.2,1554.4,395.46,1,425.4
102,2010,100,1400,13.22,2125.6,1764.9,316.12,.183,50.88
102,2010,100,1500,13.2,2409.6,1853.6,349.57,.417,154.2
102,2010,100,1600,13.2,2453.6,1573.8,364.42,1,422.2
102,2010,100,1700,13.15,2063.1,823.83,322.76,1,626.9
102,2010,100,1800,13.23,1183.2,589.75,189.49,.733,388.8
102,2010,100,1900,13.25,533.14,379.41,91.748,.716,229.3
102,2010,100,2000,13.26,34.11,26.89,5.4028,.033,21.44
102,2010,100,2100,13.32,0,0,2.0169,0,5.294
102,2010,100,2200,13.35,0,0,4.2872,0,5.295
102,2010,100,2300,13.38,0,0,4.0735,0,5.295
101,2010,100,2400,13.15,21090,11978,3181.5,8.71
102,2010,100,2400,13.4,0,0,3.2191,0,5.295
102,2010,101,100,13.42,0,0,2.8078,0,5.295
102,2010,101,200,13.44,0,0,2.7761,0,5.295
102,2010,101,300,13.46,0,0,2.6732,0,5.295
102,2010,101,400,13.46,0,0,3.2269,0,5.295
102,2010,101,500,13.47,0,0,2.9265,0,5.289
102,2010,101,600,13.48,0,0,2.9186,0,5.295
102,2010,101,700,13.49,0,0,2.9581,0,5.295
102,2010,101,800,13.48,78.762,50.139,15.811,.25,71.1
102,2010,101,900,13.41,770.68,275.84,129.61,1,553.5
102,2010,101,1000,13.3,1614.8,468.86,250.51,1,685.8
102,2010,101,1100,13.25,2483.3,486.75,352.54,1,796
102,2010,101,1200,13.23,3156.4,453.01,448.29,1,822
102,2010,101,1300,13.2,3492.5,687.59,490.22,.966,705
102,2010,101,1400,13.18,3249.4,1054.7,463.77,.816,537.5
102,2010,101,1500,13.16,3582,803.25,505.4,.966,703
102,2010,101,1600,13.16,2907.9,762.09,422.63,.916,664
102,2010,101,1700,13.16,2013.4,565.92,312.91,.9,600.1
102,2010,101,1800,13.17,1073.4,488.03,174.71,.633,370.4
102,2010,101,1900,13.22,599.74,239.26,108.78,.9,435.4
102,2010,101,2000,13.25,18.171,15.423,2.4681,0,13.77
102,2010,101,2100,13.29,0,0,.94128,0,5.338
102,2010,101,2200,13.31,0,0,1.922,0,5.327
102,2010,101,2300,13.34,0,0,2.183,0,5.294
101,2010,101,2400,13.16,25041,6350.8,3705.3,10.35
102,2010,101,2400,13.36,0,0,2.3492,0,5.295
102,2010,102,100,13.39,0,0,2.7368,0,5.295
102,2010,102,200,13.39,0,0,2.4915,0,5.295
102,2010,102,300,13.4,0,0,3.0688,0,5.295
102,2010,102,400,13.42,0,0,2.001,0,5.295
102,2010,102,500,13.43,0,0,2.6337,0,5.295
102,2010,102,600,13.43,0,0,2.4993,0,5.295
102,2010,102,700,13.44,0,0,1.9693,0,5.278
102,2010,102,800,13.44,53.511,46.219,10.321,0,7.72
102,2010,102,900,13.42,267.13,230.35,43.049,0,25.73
102,2010,102,1000,13.31,1198.8,583,189.33,.85,351.7
102,2010,102,1100,13.28,2014.3,804.08,305.85,1,553.9
102,2010,102,1200,13.25,2847.3,965.71,428.46,1,676.9
102,2010,102,1300,13.2,2774.7,1121.7,405.94,.916,511.9
102,2010,102,1400,13.19,2998.4,1193.8,444.72,.866,451.3
102,2010,102,1500,13.17,3280.8,997.59,476.22,.933,624.8
102,2010,102,1600,13.16,2783.5,886.35,413.54,.983,625
102,2010,102,1700,13.19,2324.5,709.35,374.08,1,692.4
102,2010,102,1800,13.19,1556.6,526.54,267.41,1,650.7
102,2010,102,1900,13.22,648.92,303.86,115.81,.916,385
102,2010,102,2000,13.24,34.238,30.798,5.7433,0,13.33
102,2010,102,2100,13.28,0,0,1.0362,0,5.294
102,2010,102,2200,13.3,0,0,1.5582,0,5.294
102,2010,102,2300,13.33,0,0,2.3807,0,5.294
101,2010,102,2400,13.16,22783,8399.3,3506.9,9.46
102,2010,102,2400,13.35,0,0,4.0578,0,5.295
102,2010,103,100,13.37,0,0,4.8962,0,5.295
102,2010,103,200,13.39,0,0,3.4011,0,5.295
102,2010,103,300,13.4,0,0,2.2146,0,5.289
102,2010,103,400,13.42,0,0,3.0688,0,5.278
102,2010,103,500,13.43,0,0,2.5151,0,5.272
102,2010,103,600,13.44,0,0,2.4518,0,5.278
102,2010,103,700,13.45,0,0,1.8665,0,5.278
102,2010,103,800,13.46,71.117,57.694,12.741,0,22.63
102,2010,103,900,13.43,360.73,317.2,56.897,0,20.37
102,2010,103,1000,12.84,1416.9,813.14,225.85,.8,347.4
102,2010,103,1100,12.83,1765.9,1242.4,274.23,.583,247.3
102,2010,103,1200,13.24,1513.7,1139.5,231.4,.433,146
102,2010,103,1300,13.28,684.44,638.78,103.61,0,8.35
102,2010,103,1400,13.28,1745.3,1481.4,271.47,.083,33.44
102,2010,103,1500,13.25,1977.9,1513.7,293.81,.616,203.1
102,2010,103,1600,13.25,1526.1,1219.2,237.58,.3,96.6
102,2010,103,1700,13.24,1098.4,937.51,171.92,.217,93.3
102,2010,103,1800,13.26,382.02,353.13,56.307,0,10.44
102,2010,103,1900,13.29,113.26,102.94,15.622,0,6.088
102,2010,103,2000,12.84,7.9333,6.9067,1.4158,0,5.322
102,2010,103,2100,12.84,.04745,.44808,3.0371,0,5.3
102,2010,103,2200,13.39,0,0,1.6373,0,5.295
102,2010,103,2300,13.4,.00791,0,2.531,0,5.289
101,2010,103,2400,12.83,12664,9824,1983.3,3.032
102,2010,103,2400,13.43,0,0,2.8394,0,5.295
102,2010,104,100,13.44,0,0,3.0449,0,5.278
102,2010,104,200,13.45,0,0,2.0405,0,5.289
102,2010,104,300,13.46,0,0,1.3682,0,5.272
102,2010,104,400,13.47,0,0,1.7796,0,5.289
102,2010,104,500,13.48,0,0,2.4757,0,5.257
102,2010,104,600,13.49,0,0,2.4836,0,5.251
102,2010,104,700,13.49,0,0,1.835,0,5.235
102,2010,104,800,13.49,68.251,53.899,12.22,.033,25.05
102,2010,104,900,13.41,698.83,229.6,116.13,.816,402.4
102,2010,104,1000,12.81,1676.5,226.72,258.74,1,768
102,2010,104,1100,12.76,2498.6,267.23,357.56,1,819
102,2010,104,1200,12.8,3055.9,423.79,433.04,.983,776
102,2010,104,1300,12.81,3309,717.31,472.92,.9,643.5
102,2010,104,1400,12.82,3606.9,677.56,517.56,.966,712
102,2010,104,1500,12.83,3647.1,631.46,516.29,.983,821
102,2010,104,1600,12.83,3150.5,544.18,453.13,.983,817
102,2010,104,1700,12.83,2194.8,656.74,336.92,.983,655.3
102,2010,104,1800,12.81,1056.7,611.45,169.15,1,323.9
102,2010,104,1900,12.8,558.65,392.12,91.383,.417,163.9
102,2010,104,2000,12.78,15.41,14.751,1.8274,0,5.293
102,2010,104,2100,13.23,0,0,.1661,0,5.3
102,2010,104,2200,13.26,2.0881,1.4904,2.1513,0,5.372
102,2010,104,2300,13.3,.84633,.17535,1.226,0,5.289
101,2010,104,2400,12.76,25540,5448.5,3757.3,10.06
102,2010,104,2400,13.35,.05537,.00974,1.8745,0,5.306
102,2010,105,100,13.37,.00791,0,2.0406,0,5.267
102,2010,105,200,13.38,.03164,0,1.1389,0,5.256
102,2010,105,300,13.39,.46665,.08767,1.2497,0,5.267
102,2010,105,400,13.4,2.0564,.3799,1.4395,0,5.261
102,2010,105,500,13.41,.52991,.1656,.32427,0,5.361
102,2010,105,600,13.42,.35591,.01948,.15027,0,5.421
102,2010,105,700,13.41,.11073,0,.15027,0,5.477
102,2010,105,800,13.42,4.9748,4.2081,1.0124,0,5.532
102,2010,105,900,13.43,63.059,55.737,7.4029,0,5.25
102,2010,105,1000,13.42,306.38,276.55,40.375,0,13.8
102,2010,105,1100,12.88,1068.1,945.51,155.17,0,55.68
102,2010,105,1200,13.35,1296.7,1167.5,201.96,0,44.4
102,2010,105,1300,13.3,1995.1,1726.8,296.86,.217,62.87
102,2010,105,1400,13.23,2512.5,1946.7,357.5,.267,104.2
102,2010,105,1500,13.2,2744.8,1220.6,384.26,.866,452.9
102,2010,105,1600,13.19,2254.2,981.78,328.16,.716,392.5
102,2010,105,1700,13.26,207.37,184.48,25.542,0,19.59
102,2010,105,1800,13.32,99.935,87.649,15.1,0,9.63
102,2010,105,1900,13.36,44.602,38.168,8.7481,0,5.295
102,2010,105,2000,13.39,3.9231,2.7763,2.9265,0,5.278
102,2010,105,2100,13.4,.01582,0,3.6304,0,5.3
102,2010,105,2200,13.41,.06327,0,3.6303,0,5.295
102,2010,105,2300,13.42,.85419,0,5.1884,0,5.272
101,2010,105,2400,12.88,12606,8639.2,1849.4,2.066
102,2010,105,2400,13.42,.06327,0,5.481,0,5.278
102,2010,106,100,13.43,0,0,3.6144,0,5.289
102,2010,106,200,13.44,0,0,1.7479,0,5.295
102,2010,106,300,13.44,0,0,1.8744,0,5.295
102,2010,106,400,13.45,0,0,1.2812,0,5.289
102,2010,106,500,13.44,0,0,1.6609,0,5.283
102,2010,106,600,13.44,.01582,0,1.5027,0,5.278
102,2010,106,700,13.44,0,0,2.6337,0,5.245
102,2010,106,800,13.45,44.622,39.108,7.6953,0,5.245
102,2010,106,900,13.44,269.25,239.9,40.462,0,6.023
102,2010,106,1000,13.42,550.51,482.56,85.891,.033,25.33
102,2010,106,1100,13.38,1423.7,1185.4,219.85,.233,81.7
102,2010,106,1200,13.32,1752.5,1532.9,267.25,.25,82.4
102,2010,106,1300,13.28,2361.2,1773,344.75,.766,225.2
102,2010,106,1400,13.22,3351,1402.5,475.37,.916,523.3
102,2010,106,1500,13.22,2599.3,893.9,364.42,.633,489.9
102,2010,106,1600,13.2,2576.7,899.55,369.33,.95,599.4
102,2010,106,1700,13.21,1638.2,1190.6,246.56,1,314.9
102,2010,106,1800,13.22,1739.8,837.26,288.51,1,673.9
102,2010,106,1900,13.23,546.74,203.14,89.003,.6,365.1
102,2010,106,2000,13.27,16.169,15.52,1.4792,0,10.29
102,2010,106,2100,13.31,0,0,1.5661,0,5.3
102,2010,106,2200,13.33,0,0,1.4474,0,5.311
102,2010,106,2300,13.34,0,0,1.3763,0,5.317
101,2010,106,2400,13.2,18870,10695,2820.8,6.381
102,2010,106,2400,13.35,0,0,1.5741,0,5.295
102,2010,107,100,13.37,0,0,1.3763,0,5.295
102,2010,107,200,13.37,0,0,1.0995,0,5.295
102,2010,107,300,13.37,0,0,1.4475,0,5.295
102,2010,107,400,13.38,0,0,1.7559,0,5.295
102,2010,107,500,13.39,0,0,1.8667,0,5.295
102,2010,107,600,13.4,0,0,1.5503,0,5.295
102,2010,107,700,13.4,0,0,1.9536,0,5.295
102,2010,107,800,13.39,50.312,43.495,9.4834,0,10.58
102,2010,107,900,13.32,781.08,385.21,131.27,.7,365
102,2010,107,1000,13.28,1611.1,415.1,248.57,1,672.2
102,2010,107,1100,12.92,2442.8,790.76,369.58,.983,658
102,2010,107,1200,13.23,2650.6,968.43,389.31,.933,549.9
102,2010,107,1300,13.19,2963.8,854.22,419.2,.966,567
102,2010,107,1400,13.19,2993.8,775.9,424.82,.733,547.4
102,2010,107,1500,13.17,3222.8,733.88,452.1,.9,668.9
102,2010,107,1600,13.15,1987.2,632.96,287.39,.483,412
102,2010,107,1700,13.17,1795.4,766.79,290.53,.65,455.7
102,2010,107,1800,12.88,1341.7,495.04,227.36,.883,510.8
102,2010,107,1900,13.21,200.11,183.7,28.803,0,9.54
102,2010,107,2000,13.27,2.0883,1.286,4.2476,0,5.344
102,2010,107,2100,13.34,.26894,0,3.2905,0,5.372
102,2010,107,2200,13.37,0,0,3.8995,0,5.383
102,2010,107,2300,13.39,0,0,3.2824,0,5.35
101,2010,107,2400,12.88,22043,7046.8,3307.5,8.23
102,2010,107,2400,13.4,0,0,3.3299,0,5.317
102,2010,108,100,13.4,0,0,3.0688,0,5.306
102,2010,108,200,13.42,0,0,3.2032,0,5.317
102,2010,108,300,13.42,0,0,3.2111,0,5.306
102,2010,108,400,13.43,0,0,2.0247,0,5.339
102,2010,108,500,13.44,0,0,2.0879,0,5.339
102,2010,108,600,13.45,0,0,1.74,0,5.317
102,2010,108,700,13.45,0,0,2.523,0,5.306
102,2010,108,800,13.45,45.263,40.22,7.126,0,12.49
102,2010,108,900,13.39,688.78,299.58,109.47,.8,400.9
102,2010,108,1000,13.32,1700.5,551.22,267.61,1,660.3
102,2010,108,1100,13.27,2514.3,266.59,358.32,1,825
102,2010,108,1200,13.23,2621.4,626.73,369.78,.85,638.5
102,2010,108,1300,13.21,3023.2,1130.4,438.88,.783,507
102,2010,108,1400,13.2,2703.8,1416,393.69,.616,361.4
102,2010,108,1500,13.25,800.93,697.24,125.16,.033,74.7
102,2010,108,1600,13.31,473.77,427.56,75.892,0,17.74
102,2010,108,1700,13.27,2201.9,1281.3,364.11,.816,400.1
102,2010,108,1800,13.27,842.15,660.97,132.87,.333,112.1
102,2010,108,1900,13.29,234.48,203.54,36.363,0,59.43
102,2010,108,2000,13.3,18.976,17.34,4.3266,0,7.27
102,2010,108,2100,13.35,0,0,2.808,0,5.328
102,2010,108,2200,13.37,0,0,2.3571,0,5.306
102,2010,108,2300,13.39,0,0,2.8237,0,5.3
101,2010,108,2400,13.2,17869,7618.6,2712.2,6.231
102,2010,108,2400,13.4,0,0,2.7287,0,5.3
102,2010,109,100,13.41,0,0,2.2067,0,5.3
102,2010,109,200,13.42,0,0,1.7716,0,5.295
102,2010,109,300,13.43,0,0,2.4992,0,5.295
102,2010,109,400,13.44,0,0,1.7004,0,5.295
102,2010,109,500,13.45,0,0,1.5185,0,5.295
102,2010,109,600,13.45,0,0,1.2733,0,5.295
102,2010,109,700,13.45,.00791,0,1.3445,0,5.295
102,2010,109,800,13.44,14.639,12.448,4.2629,0,5.333
102,2010,109,900,13.41,428.49,344.74,70.01,.4,78.9
102,2010,109,1000,13.36,995.81,818.58,157.06,.566,146.7
102,2010,109,1100,13.3,1547.6,1148.4,231.88,.666,261.2
102,2010,109,1200,13.25,2404.5,1738.5,357.66,1,341
102,2010,109,1300,13.23,1959.1,1689.8,297.76,.217,66.37
102,2010,109,1400,13.22,2849.9,1638.6,434.83,.45,317.9
102,2010,109,1500,13.19,3485.8,425.49,503.79,1,822
102,2010,109,1600,13.16,3053.5,458.4,454.93,1,831
102,2010,109,1700,13.16,1933.3,774.21,297.62,.6,441.9
102,2010,109,1800,13.19,946.89,764.52,148.97,.15,82.3
102,2010,109,1900,13.25,161.03,145.79,24.032,0,16.19
102,2010,109,2000,13.3,2.5232,2.3088,1.0441,0,5.366
102,2010,109,2100,13.32,0,0,1.5897,0,5.339
102,2010,109,2200,13.34,0,0,1.0994,0,5.333
102,2010,109,2300,13.37,0,0,2.3967,0,5.3
101,2010,109,2400,13.16,19783,9961.9,3004.5,6.048
102,2010,109,2400,13.38,0,0,3.2746,0,5.306
102,2010,110,100,13.4,0,0,2.3412,0,5.295
102,2010,110,200,13.41,0,0,1.7321,0,5.3
102,2010,110,300,13.42,0,0,2.0643,0,5.295
102,2010,110,400,13.44,0,0,1.7321,0,5.295
102,2010,110,500,13.44,0,0,1.9061,0,5.295
102,2010,110,600,13.44,0,0,1.6609,0,5.295
102,2010,110,700,13.46,0,0,1.7162,0,5.3
102,2010,110,800,13.46,47.102,40.827,8.3446,0,11.61
102,2010,110,900,13.43,431.83,348.6,66.39,.417,120.3
102,2010,110,1000,13.35,1304.9,778.25,209.07,.933,309.1
102,2010,110,1100,13.27,2416,750.34,366.31,1,681.1
102,2010,110,1200,13.23,3019.3,819.15,452.01,1,713
102,2010,110,1300,13.19,3544,590.92,511.68,1,776
102,2010,110,1400,13.18,3588.7,943.87,526.44,.916,699.2
102,2010,110,1500,13.16,3289.7,1121.5,483.36,.983,645.4
102,2010,110,1600,13.16,2550.1,1125.6,387.33,.766,491.6
102,2010,110,1700,12.91,980.21,583.26,156.54,.267,195.9
102,2010,110,1800,13.23,403.81,366.59,62.733,0,92.7
102,2010,110,1900,13.25,363.37,283.85,65.854,.666,199.1
102,2010,110,2000,13.27,15.639,14.35,2.3889,0,8.33
102,2010,110,2100,13.32,0,0,1.6293,0,5.394
102,2010,110,2200,13.34,0,0,2.7999,0,5.377
102,2010,110,2300,13.36,0,0,3.9708,0,5.35
101,2010,110,2400,12.91,21955,7767.1,3324,7.95
102,2010,110,2400,13.37,0,0,4.0024,0,5.361
102,2010,111,100,13.39,0,0,3.8679,0,5.366
102,2010,111,200,13.39,0,0,1.139,0,5.333
102,2010,111,300,13.41,0,0,1.6135,0,5.311
102,2010,111,400,13.42,0,0,1.2101,0,5.306
102,2010,111,500,13.43,0,0,1.3208,0,5.3
102,2010,111,600,13.44,0,0,1.8507,0,5.295
102,2010,111,700,13.45,0,0,1.7162,0,5.306
102,2010,111,800,13.45,69.542,58.706,12.796,.117,36.87
102,2010,111,900,13.36,730.21,365.91,125.9,.85,440
102,2010,111,1000,13.27,1697.9,663.66,270.94,1,721
102,2010,111,1100,13.23,2482.4,660.25,361.39,1,805
102,2010,111,1200,13.19,3193.4,815.48,469.65,1,799
102,2010,111,1300,13.19,3247.5,1085.3,482.44,.866,627.8
102,2010,111,1400,13.17,3722.8,1250.3,547.39,1,748
102,2010,111,1500,13.16,2715.1,1409.3,407.61,.683,481.4
102,2010,111,1600,13.2,1314.1,1142.4,206.63,0,15.67
102,2010,111,1700,13.22,1601,1120.2,265.79,.533,304.8
102,2010,111,1800,13.25,439.95,402.56,68.346,0,22.37
102,2010,111,1900,13.27,183.29,168.07,28.746,0,5.52
102,2010,111,2000,13.3,9.1519,8.495,1.9617,0,5.377
102,2010,111,2100,13.33,0,0,2.1434,0,5.344
102,2010,111,2200,13.36,0,0,2.7922,0,5.322
102,2010,111,2300,13.38,0,0,2.6419,0,5.311
101,2010,111,2400,13.16,21406,9150.5,3271.8,7.05
102,2010,111,2400,13.39,0,0,1.9774,0,5.3
102,2010,112,100,13.4,0,0,2.2621,0,5.295
102,2010,112,200,13.42,0,0,2.1118,0,5.295
102,2010,112,300,13.43,0,0,1.7321,0,5.295
102,2010,112,400,13.44,0,0,2.6574,0,5.295
102,2010,112,500,13.45,.00791,.00974,2.2857,0,5.295
102,2010,112,600,13.45,0,0,1.2338,0,5.295
102,2010,112,700,13.46,0,0,1.471,0,5.306
102,2010,112,800,13.45,85.696,73.107,14.782,.117,39.05
102,2010,112,900,13.38,668.54,460.77,114.21,1,356
102,2010,112,1000,13.34,1083.7,757.79,176.84,1,305.1
102,2010,112,1100,13.27,2216.4,1259.9,341.04,1,543.7
102,2010,112,1200,13.22,2846.4,1448.9,435.47,1,565.2
102,2010,112,1300,13.19,3299.2,1494.4,496.39,.933,657.3
102,2010,112,1400,13.17,3035.4,1609.8,461.78,.733,495.8
102,2010,112,1500,13.16,2792,1526.3,420.85,.8,512.9
102,2010,112,1600,13.14,2328.2,1367.7,355.92,.666,501.3
102,2010,112,1700,12.96,818.35,643.74,128.98,.117,90.1
102,2010,112,1800,12.83,136.62,123.34,15.409,0,6.821
102,2010,112,1900,12.82,274.13,246.18,41.888,0,9.93
102,2010,112,2000,13.33,24.629,20.174,6.715,0,5.295
102,2010,112,2100,13.36,0,0,2.5312,0,5.295
102,2010,112,2200,13.39,0,0,2.1752,0,5.295
102,2010,112,2300,13.39,0,0,1.5266,0,5.295
101,2010,112,2400,12.82,19609,11032,3031.6,7.36
102,2010,112,2400,13.4,0,0,1.2972,0,5.295
102,2010,113,100,13.42,0,0,1.2734,0,5.289
102,2010,113,200,13.42,0,0,1.5186,0,5.267
102,2010,113,300,12.89,0,0,1.7005,0,5.267
102,2010,113,400,13.44,0,0,1.653,0,5.283
102,2010,113,500,13.44,0,0,2.4597,0,5.267
102,2010,113,600,13.45,.05536,.16559,.71971,0,5.284
102,2010,113,700,13.46,0,0,1.9139,0,5.295
102,2010,113,800,13.44,97.493,81.003,18.032,.25,96.6
102,2010,113,900,13.36,783.94,576.76,133.66,1,543.5
102,2010,113,1000,13.3,1730.6,1057.3,276.36,1,744
102,2010,113,1100,13.24,2558.3,1392.1,371.65,1,806
102,2010,113,1200,13.2,3338.3,1842.4,495.06,.966,707
102,2010,113,1300,13.2,2999.4,1777.1,448.53,.8,527.2
102,2010,113,1400,13.18,2665.5,1934.2,402.58,.433,269.7
102,2010,113,1500,12.9,3265.1,2303.3,483.33,.616,406.3
102,2010,113,1600,13.17,1801.6,1445.9,275.42,.483,260.2
102,2010,113,1700,13.21,556.62,509.76,82.325,0,16.78
102,2010,113,1800,12.87,442.35,386.11,67.734,0,16.84
102,2010,113,1900,13.32,43.526,37.495,7.2767,0,5.289
102,2010,113,2000,13.35,5.8454,4.3156,3.9945,0,5.3
102,2010,113,2100,13.37,.57742,.16561,3.0453,0,5.3
102,2010,113,2200,13.39,.00791,0,1.8113,0,5.289
102,2010,113,2300,13.4,.06328,0,1.9537,0,5.295
101,2010,113,2400,12.87,20289,13348,3086.6,6.547
102,2010,113,2400,13.41,.05537,0,2.6101,0,5.3
102,2010,114,100,13.42,.01582,0,3.2033,0,5.278
102,2010,114,200,13.41,.00791,0,2.966,0,5.261
102,2010,114,300,13.43,0,0,2.1513,0,5.261
102,2010,114,400,13.43,.01582,0,1.3445,0,5.272
102,2010,114,500,13.43,.07118,.27274,1.3762,0,5.283
102,2010,114,600,13.38,.36382,.83772,1.8112,0,5.278
102,2010,114,700,13.42,1.5106,1.5585,2.0405,0,5.245
102,2010,114,800,13.42,18.167,15.848,2.7839,0,5.195
102,2010,114,900,13.42,227.89,204.98,33.415,0,6.651
102,2010,114,1000,13.39,615.01,550.85,93.659,0,12.08
102,2010,114,1100,13.33,1235.8,1091.7,196.23,0,25.11
102,2010,114,1200,13.3,1644,1451,261.44,.033,41.06
102,2010,114,1300,13.26,2393.5,2077.3,363.4,.217,90.9
102,2010,114,1400,13.27,1165.8,1069.9,174.53,0,9.59
102,2010,114,1500,13.26,1685.3,1475.2,261.05,.117,42.7
102,2010,114,1600,13.24,1686.8,1489.7,257.58,.367,99.8
102,2010,114,1700,13.22,1279.3,1164.8,192.68,.117,82.8
102,2010,114,1800,13.22,794.67,718.21,117.16,.067,99.2
102,2010,114,1900,13.23,230.86,212.21,31.104,0,19.09
102,2010,114,2000,13.26,14.634,13.776,1.9222,0,7.62
102,2010,114,2100,13.3,.54574,0,3.393,0,5.333
102,2010,114,2200,13.32,.03955,0,4.1369,0,5.339
102,2010,114,2300,12.82,0,0,4.8883,0,5.295
101,2010,114,2400,12.82,12994,11538,2016.7,.916
102,2010,114,2400,12.82,0,0,2.4678,0,5.311
102,2010,115,100,13.39,0,0,2.7367,0,5.289
102,2010,115,200,13.4,0,0,1.5265,0,5.3
102,2010,115,300,13.41,0,0,1.3999,0,5.295
102,2010,115,400,13.42,0,0,1.3762,0,5.295
102,2010,115,500,13.41,0,0,1.8665,0,5.289
102,2010,115,600,13.42,0,0,1.3841,0,5.295
102,2010,115,700,13.43,0,0,1.7162,0,5.283
102,2010,115,800,13.42,33.138,30.089,4.595,0,5.576
102,2010,115,900,13.4,292.92,257.06,40.755,0,57.89
102,2010,115,1000,13.34,1133.9,956.21,174.12,.666,275
102,2010,115,1100,13.29,2057.2,1683.4,312.9,1,555.1
102,2010,115,1200,13.24,2937.2,2318.5,422.81,1,777
102,2010,115,1300,13.2,3424.2,2708.9,474.84,.983,808
102,2010,115,1400,13.18,3552.3,2897.6,489.28,1,765
102,2010,115,1500,13.17,3258.7,2746.8,454.94,.916,701
102,2010,115,1600,13.17,2779.7,2490.4,411.31,.85,721
102,2010,115,1700,13.18,1779.2,1647.9,279.2,.9,523.6
102,2010,115,1800,13.2,1449.2,1410.6,246.75,.933,610.8
102,2010,115,1900,13.24,177.36,159,23.511,0,29.37
102,2010,115,2000,13.28,9.4131,8.6414,2.3176,0,5.658
102,2010,115,2100,13.32,0,0,3.1717,0,5.3
102,2010,115,2200,13.34,0,0,1.9142,0,5.295
102,2010,115,2300,13.35,0,0,1.9538,0,5.295
101,2010,115,2400,13.17,22885,19315,3360.2,8.25
102,2010,115,2400,13.37,0,0,3.8679,0,5.295
102,2010,116,100,13.39,0,0,3.5277,0,5.295
102,2010,116,200,13.39,0,0,2.7366,0,5.295
102,2010,116,300,13.41,0,0,1.9219,0,5.295
102,2010,116,400,13.42,0,0,1.5581,0,5.295
102,2010,116,500,13.42,0,0,2.2225,0,5.295
102,2010,116,600,13.42,0,0,2.0801,0,5.295
102,2010,116,700,13.43,0,0,2.5467,0,5.295
102,2010,116,800,13.41,135.68,119.16,25.356,.283,80.9
102,2010,116,900,12.97,820.21,780.68,144.76,1,472.8
102,2010,116,1000,12.83,1484.2,1359.4,229.72,.9,542.4
102,2010,116,1100,12.82,2383.1,2151,349.25,1,707
102,2010,116,1200,12.82,2569.4,2306.1,383.11,.783,564.1
102,2010,116,1300,12.82,2906.2,2627.9,431.93,.766,537
102,2010,116,1400,12.82,3088,2801.8,459.19,.916,538.1
102,2010,116,1500,12.82,2299.3,2115.5,348.59,.566,368.1
102,2010,116,1600,12.82,2239.1,2082.6,355.21,.6,390
102,2010,116,1700,12.82,1914.3,1821.3,316.86,.916,552.4
102,2010,116,1800,12.81,895.18,836.95,148.85,.833,248.1
102,2010,116,1900,12.79,266.05,247.66,45.674,.367,117.2
102,2010,116,2000,12.79,15.124,13.736,2.6498,0,9.56
102,2010,116,2100,12.78,0,0,1.5898,0,5.3
102,2010,116,2200,13.3,0,0,2.6182,0,5.295
102,2010,116,2300,13.32,0,0,3.3934,0,5.295
101,2010,116,2400,12.78,21016,19264,3269,8.93
102,2010,116,2400,13.34,0,0,3.6385,0,5.295
102,2010,117,100,13.37,0,0,2.6972,0,5.295
102,2010,117,200,13.39,0,0,2.9265,0,5.295
102,2010,117,300,13.39,0,0,1.4395,0,5.295
102,2010,117,400,13.4,.02373,0,1.8034,0,5.295
102,2010,117,500,13.4,0,0,2.1988,0,5.295
102,2010,117,600,13.41,0,0,1.2655,0,5.295
102,2010,117,700,13.42,0,0,1.2654,0,5.283
102,2010,117,800,13.42,105.41,97.865,18.444,.183,53.02
102,2010,117,900,12.88,661.12,613.16,111.52,1,324.5
102,2010,117,1000,13.27,1607.3,1542,254.48,1,621.7
102,2010,117,1100,13.25,2263.9,2098.1,337.14,1,639.1
102,2010,117,1200,13.21,2513.4,2349.1,385.22,.7,471.9
102,2010,117,1300,13.23,2337.3,2101,371.45,.483,169.1
102,2010,117,1400,13.23,2284.7,2047.7,361.47,.233,94.8
102,2010,117,1500,13.22,2680.4,2419.4,423.58,.85,365.2
102,2010,117,1600,13.2,2905.5,2843.1,454.57,1,772
102,2010,117,1700,13.2,2054.3,1929.9,338.3,1,614
102,2010,117,1800,13.24,1208.6,1160.5,207.6,1,512.7
102,2010,117,1900,12.89,275.08,244.19,45.649,.4,111.6
102,2010,117,2000,13.3,18.604,16.999,4.4373,0,10.71
102,2010,117,2100,13.32,0,0,2.5389,0,5.294
102,2010,117,2200,13.35,0,0,3.599,0,5.295
102,2010,117,2300,13.36,0,0,3.5278,0,5.295
101,2010,117,2400,12.88,20916,19463,3340.3,8.85
102,2010,117,2400,13.38,0,0,3.1639,0,5.295
102,2010,118,100,13.39,0,0,1.6768,0,5.295
102,2010,118,200,13.41,0,0,1.7875,0,5.295
102,2010,118,300,13.42,0,0,2.1355,0,5.295
102,2010,118,400,13.43,0,0,1.5106,0,5.295
102,2010,118,500,13.44,0,0,1.1784,0,5.295
102,2010,118,600,13.44,0,0,1.5422,0,5.295
102,2010,118,700,13.44,0,0,1.5343,0,5.272
102,2010,118,800,13.43,100.42,108.36,21.299,.183,60.59
102,2010,118,900,13.35,762.71,729.22,129.92,.533,278.4
102,2010,118,1000,13.28,1756.1,1722.6,282.24,1,689.3
102,2010,118,1100,13.25,2464,2381.7,379.68,1,725
102,2010,118,1200,13.23,1960.6,1772.5,304.53,.466,237.8
102,2010,118,1300,13.25,1574.6,1415.5,254.33,.033,19.48
102,2010,118,1400,12.91,2002.8,1868.9,317.66,.333,175.5
102,2010,118,1500,13.22,1561.9,1413.5,241.3,.15,77.9
102,2010,118,1600,13.25,770.74,691.92,119.12,.083,45.69
102,2010,118,1700,13.23,2155.9,2095.2,352.67,1,730
102,2010,118,1800,13.25,1488.2,1484.1,255.69,1,668.8
102,2010,118,1900,13.27,518.12,493.25,86.176,.466,232.2
102,2010,118,2000,13.29,15.757,15.13,1.2736,0,5.917
102,2010,118,2100,13.32,0,0,1.4158,0,5.294
102,2010,118,2200,13.35,0,0,3.2271,0,5.295
102,2010,118,2300,13.37,0,0,3.2193,0,5.295
101,2010,118,2400,12.91,17132,16192,2768.9,6.248
102,2010,118,2400,13.38,0,0,3.7413,0,5.295
102,2010,119,100,13.39,0,0,1.661,0,5.295
102,2010,119,200,13.4,0,0,1.3446,0,5.295
102,2010,119,300,13.41,0,0,1.2497,0,5.295
102,2010,119,400,13.42,0,0,2.2541,0,5.295
102,2010,119,500,13.43,.02373,0,1.1547,0,5.295
102,2010,119,600,13.42,.00791,0,1.8586,0,5.295
102,2010,119,700,13.43,0,0,1.3525,0,5.295
102,2010,119,800,13.43,16.728,14.202,4.3184,0,5.295
102,2010,119,900,13.42,58.567,50.799,11.959,0,5.89
102,2010,119,1000,13.44,233.84,207.1,34.396,0,6.888
102,2010,119,1100,13.43,372.78,331.26,53.203,0,6.795
102,2010,119,1200,13.42,471.32,418.57,67.038,0,5.703
102,2010,119,1300,13.38,1213.1,1082.5,192.4,0,15.49
102,2010,119,1400,13.35,1479.3,1333.1,240.15,0,5.835
102,2010,119,1500,13.3,2142.6,1938.8,335.43,.8,157.5
102,2010,119,1600,13.26,2574.9,2462.4,403.11,1,592.5
102,2010,119,1700,13.26,2136.5,2083.5,340.13,1,663.1
102,2010,119,1800,13.27,1457,1461.4,250.76,1,691.6
102,2010,119,1900,13.29,551.15,546.77,101.18,1,421.2
102,2010,119,2000,13.32,23.95,22.639,5.4339,.1,31.84
102,2010,119,2100,13.36,0,0,3.417,0,5.295
102,2010,119,2200,13.37,0,0,3.4803,0,5.295
102,2010,119,2300,13.4,0,0,2.8395,0,5.295
101,2010,119,2400,13.26,12732,11953,2062.2,4.898
102,2010,119,2400,13.42,0,0,2.0327,0,5.295
102,2010,120,100,13.42,0,0,1.479,0,5.295
102,2010,120,200,13.44,0,0,1.8823,0,5.295
102,2010,120,300,13.46,0,0,.9886,0,5.289
102,2010,120,400,13.46,0,0,1.9693,0,5.267
102,2010,120,500,13.47,0,0,1.392,0,5.278
102,2010,120,600,13.47,0,0,.90165,0,5.267
102,2010,120,700,13.47,.087,0,.83047,0,5.289
102,2010,120,800,13.47,34.476,30.577,8.3995,0,5.3
102,2010,120,900,13.47,142.42,125.44,22.992,0,5.355
102,2010,120,1000,13.44,403.32,357.77,61.287,0,5.449
102,2010,120,1100,13.4,837.09,739.46,129.87,0,8.95
102,2010,120,1200,13.39,975.99,869.54,155.64,.033,25.25
102,2010,120,1300,13.33,1822.2,1632.6,288.84,0,27.24
102,2010,120,1400,13.3,1731.8,1576.5,274.56,.017,19.06
102,2010,120,1500,13.26,2607.7,2385.7,394.38,.783,337.2
102,2010,120,1600,13.23,2777.6,2639.8,420.58,1,709
102,2010,120,1700,13.23,2304.2,2298.7,361.94,1,711
102,2010,120,1800,13.24,1271.9,1242.4,215.99,1,567.7
102,2010,120,1900,13.28,480.39,461.98,83.223,.383,255.6
102,2010,120,2000,13.3,22.598,20.575,4.9673,.033,21.14
102,2010,120,2100,13.34,0,0,2.4757,0,5.294
102,2010,120,2200,13.37,0,0,3.4961,0,5.295
102,2010,120,2300,13.39,0,0,3.5435,0,5.295
101,2010,120,2400,13.23,15412,14381,2443.7,4.248
102,2010,120,2400,13.4,0,0,2.0248,0,5.295
102,2010,121,100,13.42,0,0,1.5581,0,5.295
102,2010,121,200,13.42,0,0,2.7129,0,5.295
102,2010,121,300,13.42,0,0,1.7559,0,5.295
102,2010,121,400,13.42,0,0,1.9615,0,5.295
102,2010,121,500,13.43,0,0,1.7084,0,5.295
102,2010,121,600,13.43,0,0,1.5344,0,5.295
102,2010,121,700,13.42,0,0,.65646,0,5.295
102,2010,121,800,13.42,17.74,15.225,3.6698,0,5.295
102,2010,121,900,13.42,58.235,51.023,9.4989,0,5.769
102,2010,121,1000,13.43,24.392,20.729,2.8552,0,5.267
102,2010,121,1100,13.42,130.71,117.08,13.113,0,5.339
102,2010,121,1200,13.42,398.69,360.92,51.56,0,7.82
102,2010,121,1300,13.35,1952.3,1739.5,301.18,.083,65.93
102,2010,121,1400,13.28,3181.8,2989.3,503.69,.666,369.4
102,2010,121,1500,12.85,3346.3,3314.2,503.63,.966,648.9
102,2010,121,1600,13.22,3082.4,3047.9,470.87,1,754
102,2010,121,1700,13.23,1081,1023.7,170.86,.933,328.9
102,2010,121,1800,13.27,653.33,607,108.2,.2,103.7
102,2010,121,1900,13.29,279.3,261.63,43.639,.333,93.7
102,2010,121,2000,13.32,9.7604,8.7966,2.5785,0,9.19
102,2010,121,2100,13.36,0,0,2.4441,0,5.295
102,2010,121,2200,13.39,0,0,2.357,0,5.295
102,2010,121,2300,13.4,0,0,2.7604,0,5.295
101,2010,121,2400,12.85,14216,13557,2206,4.182
102,2010,121,2400,13.42,0,0,1.2101,0,5.295
102,2010,122,100,13.42,0,0,2.2067,0,5.295
102,2010,122,200,13.43,0,0,1.3762,0,5.295
102,2010,122,300,13.43,.00791,0,1.2259,0,5.295
102,2010,122,400,13.44,0,0,1.5976,0,5.295
102,2010,122,500,13.45,0,0,1.5739,0,5.295
102,2010,122,600,13.45,.00791,0,1.5501,0,5.295
102,2010,122,700,13.45,.00791,0,1.4157,0,5.295
102,2010,122,800,13.44,13.761,11.328,2.8077,0,5.295
102,2010,122,900,13.44,19.709,16.832,2.8472,0,5.261
102,2010,122,1000,13.45,45.864,40.17,3.8832,0,5.212
102,2010,122,1100,13.43,439.38,392.99,58.684,0,6.657
102,2010,122,1200,13.39,1187.5,1069.8,185,0,13.85
102,2010,122,1300,13.38,901.28,810.15,142.92,0,12.35
102,2010,122,1400,13.37,860.88,766.15,134.21,0,8.08
102,2010,122,1500,13.37,1044,929.17,164.89,0,7.4
102,2010,122,1600,13.35,1335.5,1193.2,223.49,.1,50.55
102,2010,122,1700,13.31,1609.3,1533.5,265.48,.716,396.7
102,2010,122,1800,13.31,1065.6,1026.9,171.45,.716,360.6
102,2010,122,1900,13.32,286.52,267.3,46.097,.666,150.5
102,2010,122,2000,13.35,23.704,22.346,4.3896,0,12.57
102,2010,122,2100,13.39,0,0,2.792,0,5.289
102,2010,122,2200,13.42,0,0,3.4009,0,5.272
102,2010,122,2300,13.44,0,0,2.4676,0,5.283
101,2010,122,2400,13.31,8833.1,8079.9,1428.1,2.199
102,2010,122,2400,13.45,0,0,2.3805,0,5.278
102,2010,123,100,13.46,0,0,1.3761,0,5.245
102,2010,123,200,13.47,0,0,1.9299,0,5.223
102,2010,123,300,13.47,0,0,1.9694,0,5.223
102,2010,123,400,13.47,0,0,2.0802,0,5.19
102,2010,123,500,13.48,0,0,3.5908,0,5.24
102,2010,123,600,13.48,0,0,3.3535,0,5.256
102,2010,123,700,13.49,0,0,2.3807,0,5.179
102,2010,123,800,13.48,58.443,52.75,9.8394,0,11.47
102,2010,123,900,13.45,400.25,356.93,60.531,0,45.98
102,2010,123,1000,13.36,1169.1,1090.9,187.33,.317,195.5
102,2010,123,1100,13.28,1946.4,1822.5,294.03,1,481.5
102,2010,123,1200,13.24,2513.4,2380.8,378.87,1,491.2
102,2010,123,1300,13.2,2957,2878.7,439.12,1,513
102,2010,123,1400,13.2,2298.4,2140.9,356.43,.483,140.5
102,2010,123,1500,13.17,3252.2,3222.9,493.74,1,652.4
102,2010,123,1600,13.16,2804.4,2762.5,427.82,1,674.2
102,2010,123,1700,13.16,1979.5,1907.6,314.89,1,535.9
102,2010,123,1800,13.19,1234.4,1194.7,207.06,.75,434.3
102,2010,123,1900,13.07,593.64,586.04,110.29,1,396.6
102,2010,123,2000,13.24,19.831,18.647,2.7053,.017,12.2
102,2010,123,2100,13.29,0,0,1.1706,0,5.294
102,2010,123,2200,13.31,0,0,2.3572,0,5.295
102,2010,123,2300,13.33,0,0,1.9695,0,5.295
101,2010,123,2400,13.07,21227,20416,3307.7,8.56
102,2010,123,2400,13.36,0,0,2.9028,0,5.295
102,2010,124,100,13.39,0,0,1.7954,0,5.295
102,2010,124,200,13.4,0,0,1.4553,0,5.283
102,2010,124,300,13.42,0,0,2.4993,0,5.267
102,2010,124,400,13.44,0,0,2.2462,0,5.261
102,2010,124,500,13.45,0,0,1.7876,0,5.267
102,2010,124,600,13.45,0,0,2.0565,0,5.234
102,2010,124,700,13.46,0,0,2.0644,0,5.224
102,2010,124,800,13.47,38.899,35.488,6.4542,0,8.04
102,2010,124,900,13.43,466.98,417.3,71.456,.167,89.1
102,2010,124,1000,13.33,1453.9,1425.4,231.22,.95,495.3
102,2010,124,1100,13.28,1984.4,1878,302.04,1,481.8
102,2010,124,1200,13.26,1830.5,1686.1,282.29,.616,154.8
102,2010,124,1300,13.24,2204.6,2047.7,349.19,.167,90.6
102,2010,124,1400,13.21,2756.6,2688.8,418.12,.666,343.5
102,2010,124,1500,13.19,3000.3,2901.4,459.21,.766,382.3
102,2010,124,1600,13.21,2209.2,2074.1,354.97,.966,359.4
102,2010,124,1700,13.22,2110,2049.2,353.93,.983,597.7
102,2010,124,1800,13.22,697.44,617.93,108.34,.466,121.4
102,2010,124,1900,13.27,397.67,385.42,69.942,.516,244.9
102,2010,124,2000,13.3,14.388,13.336,3.4486,0,7.03
102,2010,124,2100,13.34,0,0,1.9221,0,5.295
102,2010,124,2200,13.37,0,0,2.452,0,5.295
102,2010,124,2300,13.37,0,0,2.0091,0,5.295
101,2010,124,2400,13.19,19165,18220,3032.8,7.26
102,2010,124,2400,13.39,0,0,1.922,0,5.295
102,2010,125,100,13.4,0,0,1.5265,0,5.295
102,2010,125,200,13.4,0,0,1.566,0,5.295
102,2010,125,300,13.4,0,0,1.9378,0,5.295
102,2010,125,400,13.41,0,0,1.9061,0,5.295
102,2010,125,500,13.42,0,0,1.044,0,5.283
102,2010,125,600,13.43,0,0,.79881,0,5.239
102,2010,125,700,13.43,.01582,0,.83836,0,5.234
102,2010,125,800,13.42,49.265,43.532,8.7632,0,10.67
102,2010,125,900,13.4,447.58,400.3,71.609,.25,77.2
102,2010,125,1000,13.4,186.63,166,27.517,0,8.4
102,2010,125,1100,13.4,775.22,686.99,116.87,.233,61.16
102,2010,125,1200,13.32,1941.7,1726.8,314.37,.233,96.8
102,2010,125,1300,13.27,2650.7,2396.2,427.75,.4,159.5
102,2010,125,1400,13.23,2891.2,2690.3,442.11,.95,313.6
102,2010,125,1500,13.21,2814.6,2678,432.24,.966,394.3
102,2010,125,1600,13.2,2934.9,2992.3,453.69,1,832
102,2010,125,1700,13.2,1595.5,1527.7,252.4,1,452.3
102,2010,125,1800,13.22,769.82,700.92,121.29,.65,173.7
102,2010,125,1900,13.25,492.78,475.33,90.876,.983,254.7
102,2010,125,2000,13.27,43.831,40.596,9.4448,.117,34.71
102,2010,125,2100,12.83,0,0,1.5423,0,5.294
102,2010,125,2200,12.81,0,0,2.286,0,5.295
102,2010,125,2300,12.79,0,0,2.4757,0,5.295
101,2010,125,2400,12.77,17594,16525,2787.5,6.781
102,2010,125,2400,12.77,0,0,2.618,0,5.295
102,2010,126,100,12.76,0,0,3.8043,0,5.295
102,2010,126,200,12.76,0,0,2.0643,0,5.295
102,2010,126,300,12.75,0,0,1.7321,0,5.278
102,2010,126,400,12.75,0,0,1.4711,0,5.272
102,2010,126,500,12.75,0,0,1.2576,0,5.272
102,2010,126,600,12.75,0,0,2.001,0,5.267
102,2010,126,700,12.74,0,0,1.3208,0,5.173
102,2010,126,800,12.74,33.332,29.829,5.1809,0,5.719
102,2010,126,900,12.74,404.75,356.25,62.665,0,26.74
102,2010,126,1000,12.75,608.1,548.87,99.987,0,9.29
102,2010,126,1100,12.75,1134,1017.1,183.86,0,29.37
102,2010,126,1200,12.76,683.75,619.43,106.63,0,14.11
102,2010,126,1300,12.77,100.32,88.052,9.7049,0,5.421
102,2010,126,1400,12.76,200.23,177.33,20.571,0,5.267
102,2010,126,1500,12.75,795.05,710.01,119.65,0,22.5
102,2010,126,1600,12.75,1619.3,1455.2,271.61,.3,125.1
102,2010,126,1700,12.76,1669.3,1532,280.2,1,361.8
102,2010,126,1800,12.77,1223.2,1173.1,217.29,1,469.2
102,2010,126,1900,12.77,516.52,488.61,91.915,.417,228.6
102,2010,126,2000,12.77,23.15,21.723,3.219,0,5.3
102,2010,126,2100,12.76,0,0,.98079,0,5.295
102,2010,126,2200,12.76,0,0,2.531,0,5.267
102,2010,126,2300,12.75,0,0,3.7885,0,5.239
101,2010,126,2400,12.74,9011,8217.5,1495.6,2.716
102,2010,126,2400,12.75,0,0,2.1591,0,5.135
102,2010,127,100,12.75,0,0,3.0529,0,5.184
102,2010,127,200,12.74,0,0,2.4677,0,5.179
102,2010,127,300,12.74,0,0,1.7875,0,5.179
102,2010,127,400,12.74,0,0,1.9853,0,5.19
102,2010,127,500,12.74,0,0,1.7559,0,5.151
102,2010,127,600,12.73,0,0,1.7322,0,5.179
102,2010,127,700,12.73,0,0,1.8588,0,5.124
102,2010,127,800,12.73,70.205,66.378,11.635,0,16.44
102,2010,127,900,12.73,558.43,533.43,88.308,.85,187.4
102,2010,127,1000,12.74,1294.8,1217.8,201.75,1,369
102,2010,127,1100,12.75,2622.6,2607.7,394.35,1,723
102,2010,127,1200,12.78,2897.5,2859.6,438.5,.85,560.9
102,2010,127,1300,12.8,2450.7,2336.9,380.37,.633,265.6
102,2010,127,1400,12.81,3228.6,3270,495.76,.95,593.5
102,2010,127,1500,12.82,2382.2,2299.7,363.96,.816,352.7
102,2010,127,1600,12.82,2763.1,2795.8,434.47,.966,765
102,2010,127,1700,12.82,2175.7,2157.6,352.78,1,727
102,2010,127,1800,12.8,965.32,913.78,158.25,.733,320.9
102,2010,127,1900,12.79,248.03,222.77,37.179,0,46.09
102,2010,127,2000,12.77,9.8873,9.4885,1.0836,0,5.95
102,2010,127,2100,12.77,0,0,1.2655,0,5.294
102,2010,127,2200,12.76,0,0,2.634,0,5.295
102,2010,127,2300,12.75,0,0,2.278,0,5.295
101,2010,127,2400,12.73,21667,21291,3381.8,8.8
102,2010,127,2400,12.75,0,0,2.5864,0,5.295
102,2010,128,100,12.75,0,0,2.5073,0,5.295
102,2010,128,200,12.74,0,0,1.305,0,5.295
102,2010,128,300,12.74,0,0,1.0282,0,5.295
102,2010,128,400,12.73,0,0,1.1073,0,5.256
102,2010,128,500,12.73,.03954,0,1.1943,0,5.272
102,2010,128,600,12.74,0,0,1.9298,0,5.245
102,2010,128,700,12.73,0,0,2.349,0,5.228
102,2010,128,800,12.73,49.384,48.548,7.7508,0,11.7
102,2010,128,900,12.73,375.56,360.02,58.812,.3,87.3
102,2010,128,1000,12.73,210.68,188.87,32.096,0,6.502
102,2010,128,1100,12.74,1148.8,1013.8,179.08,.15,68.46
102,2010,128,1200,12.75,1871.6,1709.2,284.24,.566,209.3
102,2010,128,1300,12.76,2215.1,2117.4,334.71,.766,284.6
102,2010,128,1400,12.78,1472,1374.2,218.65,.317,128.7
102,2010,128,1500,12.78,1424.2,1259.1,210.52,.183,77.9
102,2010,128,1600,12.78,2093.6,2033.9,315.18,.5,376.6
102,2010,128,1700,13.2,1432.1,1373,216.01,.433,318.7
102,2010,128,1800,13.23,810.86,728.42,124.74,.183,83.5
102,2010,128,1900,13.25,291.78,263.92,42.539,0,15.04
102,2010,128,2000,13.27,8.4315,7.7834,.94122,0,5.294
102,2010,128,2100,13.3,0,0,.93335,0,5.295
102,2010,128,2200,13.32,0,0,1.9142,0,5.295
102,2010,128,2300,13.33,0,0,1.5345,0,5.295
101,2010,128,2400,12.73,13404,12478,2043.1,3.399
102,2010,128,2400,13.35,0,0,1.9932,0,5.295
102,2010,129,100,13.35,0,0,2.1514,0,5.295
102,2010,129,200,13.36,.00791,0,1.9299,0,5.295
102,2010,129,300,13.36,0,0,2.1909,0,5.295
102,2010,129,400,13.37,0,0,1.5819,0,5.295
102,2010,129,500,13.37,0,0,1.4158,0,5.295
102,2010,129,600,13.37,0,0,2.4123,0,5.295
102,2010,129,700,13.38,0,0,1.7321,0,5.295
102,2010,129,800,13.38,19.259,16.424,4.967,0,5.283
102,2010,129,900,13.39,143.17,128.48,23.237,0,5.3
102,2010,129,1000,13.37,294.21,263.26,45.772,0,11.1
102,2010,129,1100,13.37,208.52,184.88,32.619,0,6.739
102,2010,129,1200,13.33,931.17,816.24,141.96,0,21.18
102,2010,129,1300,13.28,1690.9,1512.4,258.97,.017,31.69
102,2010,129,1400,13.27,2322.5,2127.5,334.34,.367,105.2
102,2010,129,1500,13.25,2260.9,2115.2,333.6,.85,286
102,2010,129,1600,13.23,2027.4,1892.3,296.56,.933,317.8
102,2010,129,1700,13.25,1306.2,1171.3,189.9,.733,185.4
102,2010,129,1800,13.26,846.03,771.26,123.31,.2,102
102,2010,129,1900,13.27,436.77,397.5,65.259,.067,46.39
102,2010,129,2000,13.3,16.927,16.181,2.365,0,7.9
102,2010,129,2100,13.34,0,0,.37176,0,5.294
102,2010,129,2200,13.36,0,0,2.1989,0,5.283
102,2010,129,2300,13.39,0,0,2.3808,0,5.289
101,2010,129,2400,13.23,12504,11413,1874,3.165
102,2010,129,2400,13.4,0,0,2.7999,0,5.295
102,2010,130,100,13.4,.11073,0,2.966,0,5.295
102,2010,130,200,13.41,.30055,0,2.966,0,5.295
102,2010,130,300,13.42,0,0,1.914,0,5.295
102,2010,130,400,13.43,0,0,2.2541,0,5.278
102,2010,130,500,13.44,0,0,2.602,0,5.239
102,2010,130,600,13.45,0,0,2.5625,0,5.278
102,2010,130,700,13.45,0,0,2.3016,0,5.267
102,2010,130,800,13.45,71.761,64.389,13.011,0,10.18
102,2010,130,900,13.42,466.72,421.3,71.355,0,22.22
102,2010,130,1000,13.36,1338,1211.7,200.01,.683,176.7
102,2010,130,1100,13.34,1417.7,1278.6,211.37,.217,79.6
102,2010,130,1200,13.31,1526.2,1386.9,229.42,0,30.09
102,2010,130,1300,13.25,2630.8,2521.1,377.64,.866,332
102,2010,130,1400,13.2,3022.9,3030.2,421.09,.866,412.4
102,2010,130,1500,13.21,1013.2,918.9,147.38,0,24.35
102,2010,130,1600,13.22,797.31,733.74,115.89,.067,43.1
102,2010,130,1700,13.24,253.54,228.1,37.544,0,14.67
102,2010,130,1800,13.3,96.948,85.618,12.299,0,6.915
102,2010,130,1900,13.33,83.435,75.844,12.86,0,6.26
102,2010,130,2000,13.35,4.39,3.3122,2.808,0,5.289
102,2010,130,2100,13.37,.00791,0,2.1673,0,5.295
102,2010,130,2200,13.39,0,0,2.7762,0,5.283
102,2010,130,2300,13.4,0,0,1.7717,0,5.289
101,2010,130,2400,13.2,12724,11960,1878.2,2.699
102,2010,130,2400,13.4,.15818,.00974,1.2576,0,5.295
102,2010,131,100,13.41,.03955,.09741,1.0282,0,5.295
102,2010,131,200,13.42,.02373,.00974,1.0836,0,5.295
102,2010,131,300,13.42,0,0,1.5739,0,5.295
102,2010,131,400,13.42,0,0,1.914,0,5.295
102,2010,131,500,13.43,0,0,1.7953,0,5.289
102,2010,131,600,13.43,.25309,0,2.4439,0,5.283
102,2010,131,700,13.43,.00791,0,2.9342,0,5.283
102,2010,131,800,13.44,59.533,52.563,11.935,0,7.79
102,2010,131,900,13.42,229.78,207.9,37.869,0,14.66
102,2010,131,1000,13.39,792.82,706.43,120.05,0,46.16
102,2010,131,1100,13.34,1470.8,1333.6,226.57,.2,88.7
102,2010,131,1200,13.32,1367,1233.8,210.87,0,16.25
102,2010,131,1300,13.25,2749.9,2543.6,406.51,.4,175.5
102,2010,131,1400,13.24,2528,2360.2,364.9,.4,175
102,2010,131,1500,13.25,2604.8,2460.4,378.44,1,430.4
102,2010,131,1600,13.21,2888.9,2874.4,420.15,1,703
102,2010,131,1700,13.2,2308.3,2212.2,343.42,1,496.8
102,2010,131,1800,13.21,764.74,711.19,111.87,.383,102.7
102,2010,131,1900,12.94,132.01,121.9,16.525,0,5.977
102,2010,131,2000,13.28,4.8802,4.0622,4.0654,0,5.244
102,2010,131,2100,12.99,1.3842,.47733,.23728,0,4.936
102,2010,131,2200,13.39,.26101,.02922,.18191,0,5.019
102,2010,131,2300,13.42,.05536,0,.55364,0,5.046
101,2010,131,2400,12.94,17904,16823,2667.8,4.382
102,2010,131,2400,13.42,.01582,0,.87791,0,5.052
102,2010,132,100,13.43,.02373,0,1.0282,0,5.085
102,2010,132,200,13.43,0,0,1.5818,0,5.046
102,2010,132,300,13.44,.00791,.03896,1.4079,0,5.008
102,2010,132,400,13.45,0,.02922,1.0678,0,5.019
102,2010,132,500,13.45,0,.00974,.98872,0,5.03
102,2010,132,600,13.46,0,0,2.3412,0,4.997
102,2010,132,700,13.46,0,0,1.8034,0,4.992
102,2010,132,800,13.46,87.346,80.066,14.657,0,21.45
102,2010,132,900,13.41,618.72,564.9,93.981,.616,171.4
102,2010,132,1000,13.34,1501.7,1457.9,229.5,1,455.2
102,2010,132,1100,13.28,2412.8,2419.3,337.29,1,647.1
102,2010,132,1200,13.24,2979.7,3010.7,391.58,1,682.4
102,2010,132,1300,13.22,3196.2,1618.5,431.23,.866,594.7
102,2010,132,1400,13.2,2957.8,1006.7,404.9,.816,544.5
102,2010,132,1500,12.9,910.55,590.49,116.19,.15,120.1
102,2010,132,1600,12.87,783.59,717.51,116.95,.067,43.47
102,2010,132,1700,13.23,1716.9,960.49,260.31,1,438.8
102,2010,132,1800,13.23,1507.8,769.05,245.37,.983,480.7
102,2010,132,1900,13.23,376.73,335.6,53.576,0,12.71
102,2010,132,2000,13.28,18.865,17.116,3.0452,0,5.294
102,2010,132,2100,13.31,0,0,1.0598,0,5.261
102,2010,132,2200,13.33,0,0,2.2146,0,5.239
102,2010,132,2300,13.35,0,0,2.4362,0,5.239
101,2010,132,2400,12.87,19069,13548,2716.8,7.5
102,2010,132,2400,13.36,0,0,2.3017,0,5.212
102,2010,133,100,13.37,0,0,2.2384,0,5.179
102,2010,133,200,13.38,0,0,2.0643,0,5.206
102,2010,133,300,13.39,0,0,1.914,0,5.223
102,2010,133,400,13.4,0,0,1.8982,0,5.146
102,2010,133,500,13.41,0,0,1.9377,0,5.068
102,2010,133,600,13.42,0,0,1.8191,0,5.101
102,2010,133,700,13.44,0,0,2.1831,0,5.035
102,2010,133,800,13.45,51.967,45.104,7.8861,0,7.86
102,2010,133,900,13.4,518.9,410.43,76.618,.067,60.38
102,2010,133,1000,13.37,825.56,721.7,127.33,.017,48.26
102,2010,133,1100,13.33,1190.6,1064.4,179.64,0,51.89
102,2010,133,1200,13.26,2323.3,1563.2,342.8,.483,229.6
102,2010,133,1300,13.26,406.06,368.34,55.916,.017,18.43
102,2010,133,1400,13.32,519.55,489.59,73.413,0,11.95
102,2010,133,1500,13.3,1078.8,971.09,162.94,0,19.13
102,2010,133,1600,13.28,1359.7,1185.7,206.6,.083,71.3
102,2010,133,1700,13.28,1018.8,792.51,157.17,.866,180
102,2010,133,1800,13.28,1046.6,661.78,172.87,1,332.5
102,2010,133,1900,13.28,421.47,316.59,68.967,.417,123.7
102,2010,133,2000,13.31,13.225,12.245,2.4362,0,5.575
102,2010,133,2100,13.35,0,0,2.4837,0,5.295
102,2010,133,2200,13.38,0,0,2.8158,0,5.295
102,2010,133,2300,13.4,0,0,1.922,0,5.295
101,2010,133,2400,13.26,10774,8602.6,1658.1,2.949
102,2010,133,2400,13.41,0,0,2.2304,0,5.295
102,2010,134,100,13.42,0,0,1.5344,0,5.295
102,2010,134,200,13.43,0,0,1.3524,0,5.295
102,2010,134,300,13.43,.05536,0,.91747,0,5.295
102,2010,134,400,13.44,0,0,1.2417,0,5.295
102,2010,134,500,13.44,.00791,0,1.2417,0,5.295
102,2010,134,600,13.43,0,0,1.2575,0,5.295
102,2010,134,700,13.44,.04745,0,1.2971,0,5.295
102,2010,134,800,13.42,27.27,23.826,5.1092,0,5.295
102,2010,134,900,13.42,136.81,123.05,20.548,0,6.409
102,2010,134,1000,13.4,291.78,262.22,43.698,0,8.41
102,2010,134,1100,13.33,1512.7,803.95,228.17,.45,236.4
102,2010,134,1200,13.25,2748.5,653.19,400.66,.933,630.1
102,2010,134,1300,13.22,3432.2,517.51,479.48,.983,760
102,2010,134,1400,13.18,3362.2,957.13,478.89,.85,594.3
102,2010,134,1500,13.19,1668.8,1281.9,238.64,.183,93
102,2010,134,1600,13.22,729.17,664.79,109.15,0,21.72
102,2010,134,1700,13.29,1084,947.05,160.42,0,40.18
102,2010,134,1800,13.31,603.02,520.62,97.237,0,37.86
102,2010,134,1900,13.33,207.19,181.52,34.136,0,6.966
102,2010,134,2000,13.34,8.4469,6.39,3.8439,0,5.322
102,2010,134,2100,13.36,0,0,2.4204,0,5.295
102,2010,134,2200,13.37,0,0,1.8034,0,5.295
102,2010,134,2300,13.38,0,0,1.7401,0,5.295
101,2010,134,2400,13.18,15812,6943.2,2316.9,3.399
102,2010,134,2400,13.39,0,0,2.096,0,5.295
102,2010,135,100,13.39,0,0,1.8271,0,5.295
102,2010,135,200,13.4,0,0,1.6531,0,5.295
102,2010,135,300,13.41,0,0,2.2146,0,5.295
102,2010,135,400,13.42,0,0,1.6846,0,5.295
102,2010,135,500,13.43,0,0,2.0247,0,5.295
102,2010,135,600,13.44,0,0,1.4237,0,5.278
102,2010,135,700,13.45,0,0,1.5661,0,5.245
102,2010,135,800,13.44,38.915,34.923,6.122,0,6.067
102,2010,135,900,13.42,221.73,202.58,31.052,0,7.27
102,2010,135,1000,13.39,727.15,656.69,106.93,0,23.28
102,2010,135,1100,13.36,1144.4,960.69,173.29,.167,72.5
102,2010,135,1200,13.29,2720.3,974.8,402.87,.8,474
102,2010,135,1300,13.26,2427.8,1308.9,356.55,.483,252.9
102,2010,135,1400,13.22,3117.7,1688.3,458.78,.633,337.9
102,2010,135,1500,13.22,2817.3,1014.5,405.75,.95,562.9
102,2010,135,1600,13.24,1322.8,818.38,194.59,.566,226.1
102,2010,135,1700,13.26,705.83,640.38,104,0,33.56
102,2010,135,1800,13.28,521.36,476.5,80.008,0,5.371
102,2010,135,1900,13.29,204.7,188.16,31.544,0,5.602
102,2010,135,2000,13.31,7.1661,6.673,.8226,0,5.294
102,2010,135,2100,13.34,0,0,1.1705,0,5.294
102,2010,135,2200,13.36,0,0,1.7638,0,5.295
102,2010,135,2300,13.37,0,0,1.8667,0,5.295
101,2010,135,2400,13.22,15977,8971.5,2370.9,3.599
102,2010,135,2400,13.37,0,0,1.4317,0,5.295
102,2010,136,100,13.39,0,0,.76724,0,5.295
102,2010,136,200,13.39,0,0,.93332,0,5.295
102,2010,136,300,13.4,.087,0,1.0757,0,5.283
102,2010,136,400,13.4,.97286,.62344,1.6372,0,5.239
102,2010,136,500,13.42,.45874,.08767,1.0757,0,5.234
102,2010,136,600,13.43,.22145,0,.47454,0,5.272
102,2010,136,700,13.44,.11863,0,1.5739,0,5.267
102,2010,136,800,13.44,45.565,40.24,8.621,0,5.973
102,2010,136,900,13.44,126.81,115.17,19.014,0,5.184
102,2010,136,1000,13.44,288.81,269.32,41.381,0,5.438
102,2010,136,1100,13.4,796.35,717.76,120.84,0,12.73
102,2010,136,1200,12.84,2324.3,1492.3,353.18,.816,331
102,2010,136,1300,12.84,1665.8,1401,257.64,.167,59.4
102,2010,136,1400,12.83,1273.7,1116.2,193.62,.05,35.87
102,2010,136,1500,12.83,708.43,651.47,107.84,0,21.15
102,2010,136,1600,12.82,2407.4,1215.3,367.66,.9,442.9
102,2010,136,1700,12.83,1063,809.23,163.33,.267,131.6
102,2010,136,1800,13.25,333.54,277,46.121,.05,60.25
102,2010,136,1900,12.99,138.33,129.03,18.286,0,5.664
102,2010,136,2000,12.88,12.259,11.27,2.9976,0,6.524
102,2010,136,2100,13.38,0,0,2.2147,0,5.295
102,2010,136,2200,13.4,0,0,2.1276,0,5.295
102,2010,136,2300,13.42,0,0,1.5818,0,5.295
101,2010,136,2400,12.82,11186,8246.1,1715.8,2.249
102,2010,136,2400,13.44,0,0,1.7796,0,5.289
102,2010,137,100,13.44,.00791,0,1.2259,0,5.295
102,2010,137,200,13.44,.02373,0,1.5661,0,5.295
102,2010,137,300,13.44,.00791,0,1.2813,0,5.295
102,2010,137,400,13.44,.03164,0,1.4078,0,5.295
102,2010,137,500,13.44,.087,0,1.1943,0,5.295
102,2010,137,600,13.44,.15027,0,1.4078,0,5.295
102,2010,137,700,13.44,.00791,0,1.4078,0,5.289
102,2010,137,800,13.44,74.402,65.996,12.671,0,5.256
102,2010,137,900,13.39,600.25,426.41,97.899,.4,116.4
102,2010,137,1000,13.31,1570,404.66,245.55,.983,431.8
102,2010,137,1100,13.25,2355.6,539.31,341.05,.933,541
102,2010,137,1200,13.19,2960.4,647.91,432.92,.916,624.5
102,2010,137,1300,13.17,2981.3,1097.3,435.21,.85,473.1
102,2010,137,1400,13.18,1675.1,1437.7,251.53,.067,32.84
102,2010,137,1500,13.17,2374,1746.4,359.27,.6,181
102,2010,137,1600,13.18,1540.9,1095.6,231.3,.516,193.9
102,2010,137,1700,13.2,1084.3,666.78,165.76,.367,201.5
102,2010,137,1800,13.23,149.85,144.75,18.937,0,11.07
102,2010,137,1900,13.3,126.3,115.16,18.864,0,10.76
102,2010,137,2000,13.32,6.2249,4.0525,4.5481,0,5.25
102,2010,137,2100,13.35,.18192,0,3.0927,0,5.283
102,2010,137,2200,13.36,.44294,0,3.1638,0,5.295
102,2010,137,2300,13.37,.29265,0,3.0847,0,5.295
101,2010,137,2400,13.17,17500,8391.9,2636.3,5.631
102,2010,137,2400,13.37,0,0,1.9932,0,5.295
102,2010,138,100,13.38,0,0,1.6926,0,5.295
102,2010,138,200,13.39,.03164,0,1.8903,0,5.295
102,2010,138,300,13.39,.07118,0,2.0722,0,5.295
102,2010,138,400,13.39,0,0,2.1751,0,5.295
102,2010,138,500,13.4,0,0,1.2497,0,5.295
102,2010,138,600,13.4,.02373,0,1.2496,0,5.295
102,2010,138,700,13.4,.06327,0,1.7321,0,5.295
102,2010,138,800,13.39,45.066,40.094,8.2413,0,5.686
102,2010,138,900,13.38,306.57,278.44,48.705,0,5.929
102,2010,138,1000,13.33,562.75,512.16,89.963,0,11.1
102,2010,138,1100,13.28,1495.8,1162.7,225.92,.283,132.8
102,2010,138,1200,13.19,2921.2,505.24,418.99,1,658.2
102,2010,138,1300,13.17,3147,377.04,440.65,.966,714
102,2010,138,1400,13.14,3204.5,648.65,461.41,.966,670
102,2010,138,1500,13.13,3492.5,587.78,501.95,1,815
102,2010,138,1600,13.13,2789.5,725.17,414.35,1,683
102,2010,138,1700,13.14,1056.5,518.17,157.57,.283,213
102,2010,138,1800,13.2,395.27,363.45,58.738,0,8.68
102,2010,138,1900,13.23,218.11,172.38,36.839,.133,49.82
102,2010,138,2000,13.25,7.7757,6.8877,1.3131,0,5.294
102,2010,138,2100,13.29,0,0,.56948,0,5.294
102,2010,138,2200,13.3,0,0,1.6688,0,5.295
102,2010,138,2300,13.32,0,0,2.2542,0,5.295
101,2010,138,2400,13.13,19643,5898.2,2882.5,5.631
102,2010,138,2400,13.33,0,0,1.3368,0,5.295
102,2010,139,100,13.34,0,0,1.7797,0,5.295
102,2010,139,200,13.35,0,0,1.7402,0,5.295
102,2010,139,300,13.35,0,0,1.4949,0,5.295
102,2010,139,400,13.37,0,0,2.6892,0,5.295
102,2010,139,500,13.38,0,0,1.3762,0,5.295
102,2010,139,600,13.39,0,0,1.1943,0,5.295
102,2010,139,700,13.39,0,0,1.1706,0,5.289
102,2010,139,800,13.39,102.7,69.951,18.69,.05,42.3
102,2010,139,900,13.34,620.74,340.44,104.36,.683,180.5
102,2010,139,1000,12.84,1516.8,490.25,240.69,1,396.6
102,2010,139,1100,13.2,2331.9,789.02,350.79,1,544.8
102,2010,139,1200,13.19,2068.6,1439.7,315.33,.516,202.6
102,2010,139,1300,13.18,2854,1158.7,427.59,.75,434.2
102,2010,139,1400,13.14,3142.4,778.08,465.56,.816,609.1
102,2010,139,1500,13.16,2522.6,769.66,381.68,.683,527.5
102,2010,139,1600,13.17,2777.4,535.73,429.22,.983,783
102,2010,139,1700,13.17,2053.8,572.64,330.31,.95,680.6
102,2010,139,1800,13.19,813.18,527.84,130.42,.616,226.1
102,2010,139,1900,13.23,290.23,255.1,45.944,0,31.18
102,2010,139,2000,13.25,11.343,10.424,2.0487,0,5.299
102,2010,139,2100,13.28,0,0,1.7954,0,5.289
102,2010,139,2200,13.32,0,0,2.8633,0,5.256
102,2010,139,2300,13.33,0,0,3.2193,0,5.223
101,2010,139,2400,12.84,21106,7737.6,3265.8,8.05
102,2010,139,2400,13.35,0,0,3.8204,0,5.245
102,2010,140,100,13.36,0,0,2.5232,0,5.245
102,2010,140,200,13.36,0,0,1.5186,0,5.195
102,2010,140,300,13.37,0,0,1.2497,0,5.223
102,2010,140,400,13.37,0,0,1.9695,0,5.168
102,2010,140,500,13.39,0,0,2.5942,0,5.096
102,2010,140,600,13.4,0,0,1.8903,0,5.085
102,2010,140,700,13.41,0,0,1.5265,0,5.024
102,2010,140,800,13.41,49.926,44.13,8.1707,0,6.249
102,2010,140,900,13.39,258.17,229.7,40.305,0,9.94
102,2010,140,1000,13.34,825.96,725.21,128.33,.033,47.21
102,2010,140,1100,13.26,1686.2,1239.8,259.37,.8,217
102,2010,140,1200,13.2,2880.5,478.81,428.71,1,665.6
102,2010,140,1300,13.18,3302.7,434.54,481.44,1,723
102,2010,140,1400,13.14,2756.1,682.19,398.97,.8,563.3
102,2010,140,1500,13.14,2427.5,913.75,368.33,.6,426
102,2010,140,1600,13.16,1342.2,557.79,203.72,.383,269.6
102,2010,140,1700,13.16,2054.9,564.68,332.64,1,657.5
102,2010,140,1800,13.15,1299.3,372.66,220,1,625.3
102,2010,140,1900,13.18,509.88,211.18,92.34,1,394.3
102,2010,140,2000,13.21,19.91,15.656,3.1166,0,19.08
102,2010,140,2100,13.26,0,0,1.9062,0,5.289
102,2010,140,2200,13.28,0,0,2.088,0,5.289
102,2010,140,2300,12.78,0,0,2.721,0,5.295
101,2010,140,2400,12.78,19413,6470.1,2988.4,7.61
102,2010,140,2400,13.32,0,0,2.9504,0,5.295
102,2010,141,100,13.33,0,0,1.8667,0,5.295
102,2010,141,200,13.35,0,0,2.4203,0,5.19
102,2010,141,300,13.37,0,0,2.3253,0,5.063
102,2010,141,400,12.82,0,0,1.8982,0,5.063
102,2010,141,500,13.38,0,0,1.7638,0,5.041
102,2010,141,600,13.39,0,0,1.313,0,5.063
102,2010,141,700,13.39,0,0,.94915,0,5.024
102,2010,141,800,13.39,103.91,55.429,20.13,.2,53.32
102,2010,141,900,13.31,744.29,195.16,132.28,1,269.1
102,2010,141,1000,13.23,1639,288.87,263.17,1,455.6
102,2010,141,1100,13.17,2382.4,483.93,361.66,1,585.3
102,2010,141,1200,13.14,2132.2,1140.9,317.66,1,416.9
102,2010,141,1300,13.12,2578.6,1495.1,389.32,.933,363.4
102,2010,141,1400,13.11,3122,998.85,461.95,.816,514.2
102,2010,141,1500,13.1,2254.8,709.43,339.73,.616,453.6
102,2010,141,1600,12.98,1777.7,886.52,275.42,.616,336.6
102,2010,141,1700,12.83,838.04,658.74,126.96,.483,125.2
102,2010,141,1800,13.15,1433.5,255.08,246.56,1,733
102,2010,141,1900,13.19,557.39,151.36,104.61,1,513.2
102,2010,141,2000,13.21,15.512,9.8104,3.0217,.083,23.26
102,2010,141,2100,13.25,0,0,1.6135,0,5.294
102,2010,141,2200,13.29,0,0,2.0328,0,5.295
102,2010,141,2300,13.32,0,0,3.061,0,5.289
101,2010,141,2400,12.82,19579,7329.2,3066.4,9.75
102,2010,141,2400,13.35,0,0,4.6823,0,5.272
102,2010,142,100,13.37,0,0,4.0892,0,5.267
102,2010,142,200,13.38,0,0,3.3695,0,5.25
102,2010,142,300,13.38,0,0,2.0328,0,5.228
102,2010,142,400,13.36,0,0,1.9537,0,5.218
102,2010,142,500,13.34,0,0,2.1277,0,5.224
102,2010,142,600,13.4,0,0,2.9266,0,5.18
102,2010,142,700,13.4,0,0,3.3774,0,5.196
102,2010,142,800,13.38,106.76,53.276,22.226,.2,60.12
102,2010,142,900,13.29,765,185.63,137.25,1,287
102,2010,142,1000,13.19,1645,223.59,260.85,1,440.2
102,2010,142,1100,13.14,2433.5,262.9,364.14,1,582.7
102,2010,142,1200,13.11,2922.4,366.16,430.95,.95,675.4
102,2010,142,1300,13.1,3058.8,552.25,436.28,.85,649.5
102,2010,142,1400,13.08,2942,909.6,422.87,.7,484.4
102,2010,142,1500,13.08,2510.8,692.75,369.69,.65,493.5
102,2010,142,1600,13.07,2449.5,478.19,362.57,.783,651.8
102,2010,142,1700,13.08,2244.9,327.12,352.26,1,812
102,2010,142,1800,13.1,1295.2,241.96,212.42,.9,660.9
102,2010,142,1900,13.14,560.18,145.88,101.46,.95,508.6
102,2010,142,2000,13.17,15.006,11.311,2.2782,.033,19.47
102,2010,142,2100,13.21,0,0,1.0757,0,5.294
102,2010,142,2200,13.24,0,0,1.0757,0,5.295
102,2010,142,2300,13.26,0,0,3.251,0,5.295
101,2010,142,2400,13.07,22949,4450.6,3504.5,10.01
102,2010,142,2400,13.29,0,0,3.9707,0,5.278
102,2010,143,100,13.31,0,0,2.6497,0,5.278
102,2010,143,200,13.32,0,0,2.6892,0,5.25
102,2010,143,300,13.33,0,0,2.5627,0,5.234
102,2010,143,400,13.34,0,0,2.2622,0,5.206
102,2010,143,500,13.35,.03164,0,2.0961,0,5.206
102,2010,143,600,13.35,.06328,0,1.9379,0,5.157
102,2010,143,700,13.36,.00791,0,1.7876,0,5.157
102,2010,143,800,13.35,128.33,66.526,26.387,.183,63.78
102,2010,143,900,13.26,778.55,205.83,134.29,1,266.5
102,2010,143,1000,13.17,1622.9,310.9,248.58,1,411.6
102,2010,143,1100,13.12,2302.7,661.37,342.56,1,518.1
102,2010,143,1200,13.1,2887.7,1006.3,430.29,.983,541.5
102,2010,143,1300,13.08,2412.1,1147.8,355.92,.516,310.8
102,2010,143,1400,13.07,3041,1434.3,445.72,.7,373.1
102,2010,143,1500,13.07,2852.7,1254.9,418.72,.783,439.8
102,2010,143,1600,13.09,1860.7,920.8,285.95,.533,327.7
102,2010,143,1700,13.14,336.22,303.95,49.487,0,14.52
102,2010,143,1800,13.22,550.62,484.66,84.42,0,10.25
102,2010,143,1900,13.25,200.11,172.29,33.598,0,5.62
102,2010,143,2000,13.26,11.144,8.163,4.6824,0,5.289
102,2010,143,2100,13.29,.26103,0,1.9854,0,5.295
102,2010,143,2200,13.3,.11865,0,2.0407,0,5.295
102,2010,143,2300,13.31,.00791,0,1.6215,0,5.289
101,2010,143,2400,13.07,18985,7977.8,2883.7,6.697
102,2010,143,2400,13.31,0,0,1.4474,0,5.295
102,2010,144,100,13.33,0,0,1.3209,0,5.295
102,2010,144,200,13.33,0,0,1.4712,0,5.295
102,2010,144,300,13.34,0,0,1.2338,0,5.295
102,2010,144,400,13.36,0,0,.84629,0,5.283
102,2010,144,500,13.37,.01582,0,1.5344,0,5.267
102,2010,144,600,13.37,0,0,1.2972,0,5.261
102,2010,144,700,13.37,.03164,0,1.3526,0,5.25
102,2010,144,800,13.37,89.63,67.303,18.888,.05,30.88
102,2010,144,900,13.37,325.21,285.41,50.912,0,54.46
102,2010,144,1000,13.32,976.87,598.91,148.63,.816,195.3
102,2010,144,1100,13.22,2641.3,567.12,390.24,1,523.1
102,2010,144,1200,13.18,3116,438.17,451.21,1,675.4
102,2010,144,1300,13.16,2660.3,758.79,378.23,.733,495
102,2010,144,1400,12.84,2557.2,820.16,365.21,.616,402.7
102,2010,144,1500,12.83,2348.8,925.34,349.53,.55,412.9
102,2010,144,1600,13.14,2725.2,780.94,409.49,.95,634.5
102,2010,144,1700,13.14,707.59,456.83,103.46,.267,169
102,2010,144,1800,13.18,1187.3,573.8,190.06,.6,387
102,2010,144,1900,13.2,515.61,326.3,83.31,.483,216
102,2010,144,2000,12.83,19.674,18.131,2.4997,0,8.33
102,2010,144,2100,12.8,0,0,.58531,0,5.294
102,2010,144,2200,12.79,0,0,1.4949,0,5.294
102,2010,144,2300,12.78,0,0,3.0058,0,5.295
101,2010,144,2400,12.78,19871,6617.2,2958.1,7.06
102,2010,144,2400,13.33,0,0,2.278,0,5.295
102,2010,145,100,13.35,0,0,2.183,0,5.261
102,2010,145,200,13.37,0,0,1.922,0,5.256
102,2010,145,300,13.37,0,0,1.7242,0,5.25
102,2010,145,400,13.38,0,0,1.5818,0,5.206
102,2010,145,500,13.39,.00791,0,1.8112,0,5.19
102,2010,145,600,13.4,0,0,1.6056,0,5.173
102,2010,145,700,13.41,0,0,1.7085,0,5.168
102,2010,145,800,13.4,151.79,115.48,32.003,.133,58.25
102,2010,145,900,13.35,682.23,288.43,110.69,.833,217.6
102,2010,145,1000,13.28,1525.1,385.38,238.19,1,384.2
102,2010,145,1100,13.24,2037.3,479.06,300.41,.85,429.2
102,2010,145,1200,13.2,2464.6,483.41,360.9,.766,533.6
102,2010,145,1300,13.15,3268.2,481.18,456.97,.966,710
102,2010,145,1400,13.12,3470.7,797.66,491.67,.916,689.2
102,2010,145,1500,13.12,1559.6,882.5,236.29,.267,206
102,2010,145,1600,13.13,2355.8,1187.1,360.11,.583,366.6
102,2010,145,1700,13.17,1418.2,643.04,223.03,.716,416.8
102,2010,145,1800,13.2,489.33,384.65,72.47,.167,92.3
102,2010,145,1900,13.26,261.06,234.18,40.799,0,25.37
102,2010,145,2000,13.29,15.075,12.878,2.792,0,6.866
102,2010,145,2100,13.32,0,0,1.2339,0,5.295
102,2010,145,2200,13.32,0,0,.94127,0,5.295
102,2010,145,2300,13.34,0,0,1.4792,0,5.295
101,2010,145,2400,13.12,19699,6375,2944.4,7.2
102,2010,145,2400,13.36,0,0,1.9063,0,5.295
102,2010,146,100,13.37,0,0,2.3729,0,5.289
102,2010,146,200,13.38,0,0,1.6768,0,5.261
102,2010,146,300,13.39,0,0,1.9378,0,5.278
102,2010,146,400,13.4,0,0,1.6451,0,5.25
102,2010,146,500,13.41,0,0,1.7243,0,5.184
102,2010,146,600,13.42,0,0,1.7718,0,5.195
102,2010,146,700,13.43,0,0,1.7006,0,5.162
102,2010,146,800,13.43,93.851,79.094,18.509,.017,33.41
102,2010,146,900,13.36,663.49,302.66,115.84,1,189.9
102,2010,146,1000,13.27,1501,368.08,240.44,1,352.5
102,2010,146,1100,13.23,2137.7,620.31,324.6,.933,424.1
102,2010,146,1200,13.22,2304.2,907.73,351.7,.766,394.5
102,2010,146,1300,13.2,2094.5,1138,313.35,.35,220.5
102,2010,146,1400,13.19,2426,990.78,367.45,.6,383.1
102,2010,146,1500,13.17,2392,1330.2,358.96,.833,327.3
102,2010,146,1600,13.21,1479.3,952.83,225.83,.7,258.5
102,2010,146,1700,13.2,1115,775.57,173.5,.666,220
102,2010,146,1800,13.22,726.13,542.94,114,.766,186.7
102,2010,146,1900,12.85,362.32,300.67,56.614,.217,85.2
102,2010,146,2000,12.8,10.267,9.5863,1.3526,0,5.349
102,2010,146,2100,12.8,0,0,.86211,0,5.294
102,2010,146,2200,13.32,0,0,.97288,0,5.295
102,2010,146,2300,13.33,0,0,1.3526,0,5.295
101,2010,146,2400,12.8,17306,8318.4,2680.3,7.85
102,2010,146,2400,13.35,0,0,2.1198,0,5.295
102,2010,147,100,13.37,0,0,2.1356,0,5.278
102,2010,147,200,13.39,0,0,2.1197,0,5.228
102,2010,147,300,13.4,0,0,2.2146,0,5.179
102,2010,147,400,13.42,0,0,2.6497,0,5.162
102,2010,147,500,13.43,0,0,2.0961,0,5.14
102,2010,147,600,13.44,0,0,2.2069,0,5.168
102,2010,147,700,13.44,0,0,1.6136,0,5.152
102,2010,147,800,13.44,115.85,83.146,22.282,0,39.25
102,2010,147,900,13.36,732.34,331.86,130.41,.966,216.3
102,2010,147,1000,13.27,1607.6,506.33,257.89,.95,350
102,2010,147,1100,13.23,2390.5,627.01,370.08,.95,481.7
102,2010,147,1200,13.2,2467.4,689.61,372.95,.9,500.4
102,2010,147,1300,13.17,2843.8,874.46,423.53,.733,477.6
102,2010,147,1400,13.14,2785.2,849.89,415.33,.75,509.7
102,2010,147,1500,13.12,2859.3,870.55,427.91,.816,574.7
102,2010,147,1600,13.12,2526.2,731.19,388.56,.9,638.8
102,2010,147,1700,13.11,1999.5,676.35,321.68,.9,622.8
102,2010,147,1800,13.15,1352.9,514.53,229.99,.966,637.9
102,2010,147,1900,13.18,522.19,291.75,93.742,.966,374.2
102,2010,147,2000,13.23,19.255,16.826,3.3225,0,13.58
102,2010,147,2100,13.28,0,0,1.3842,0,5.294
102,2010,147,2200,13.31,0,0,2.0882,0,5.295
102,2010,147,2300,13.35,0,0,2.634,0,5.289
101,2010,147,2400,13.11,22222,7063.5,3482.5,9.8
102,2010,147,2400,13.35,0,0,3.6305,0,5.295
102,2010,148,100,13.37,0,0,3.8361,0,5.295
102,2010,148,200,13.39,0,0,2.3965,0,5.283
102,2010,148,300,13.41,0,0,2.104,0,5.228
102,2010,148,400,13.42,0,0,2.0329,0,5.168
102,2010,148,500,13.44,.16611,0,1.7797,0,5.141
102,2010,148,600,13.44,0,0,2.0328,0,5.146
102,2010,148,700,13.45,.02373,0,1.9853,0,5.113
102,2010,148,800,13.45,108.57,90.343,22.764,.067,40.53
102,2010,148,900,13.39,608.34,361.75,104.55,.7,155.8
102,2010,148,1000,13.33,1163.1,492,187.43,1,263.3
102,2010,148,1100,13.27,1571.3,745.61,240.06,.75,267.6
102,2010,148,1200,13.2,2381.2,745.47,363.68,1,500.3
102,2010,148,1300,13.15,2877.2,862.91,432.31,1,568.9
102,2010,148,1400,13.12,3085.9,1157.3,457.26,.866,458.7
102,2010,148,1500,13.11,2576.6,1346.6,393.69,.866,389.9
102,2010,148,1600,13.12,2269.8,1310.8,355.54,.983,379.6
102,2010,148,1700,13.13,1272.4,1021.3,202.69,.45,127.7
102,2010,148,1800,13.16,907.53,689.41,145.7,.683,163.5
102,2010,148,1900,13.19,335.02,290.79,52.9,.083,76.5
102,2010,148,2000,13.22,22.823,20.051,4.1136,0,15.41
102,2010,148,2100,13.27,0,0,1.9537,0,5.294
102,2010,148,2200,13.3,0,0,2.4362,0,5.295
102,2010,148,2300,13.33,0,0,3.1402,0,5.295
101,2010,148,2400,13.11,19180,9134.3,2990,8.45
102,2010,148,2400,13.35,0,0,3.6543,0,5.295
102,2010,149,100,13.37,0,0,4.1604,0,5.295
102,2010,149,200,13.39,0,0,3.8281,0,5.295
102,2010,149,300,13.4,0,0,1.4316,0,5.295
102,2010,149,400,13.41,.10283,0,1.7401,0,5.289
102,2010,149,500,13.41,.02373,0,1.661,0,5.295
102,2010,149,600,13.42,.00791,0,1.2814,0,5.256
102,2010,149,700,13.44,.00791,0,1.7322,0,5.251
102,2010,149,800,12.78,103.31,69.167,18.968,.083,43.97
102,2010,149,900,12.75,776.83,306.76,137.03,1,241.9
102,2010,149,1000,12.75,1594.8,387.78,254.28,1,370.9
102,2010,149,1100,12.76,2367,390.67,350.43,1,509.9
102,2010,149,1200,12.78,2545.6,705.94,379.94,.766,503.1
102,2010,149,1300,12.8,2876.1,834.06,432.17,.8,549
102,2010,149,1400,12.81,2373.2,1088,357.66,.516,345.1
102,2010,149,1500,12.81,2378.2,709.99,360.92,.6,459.8
102,2010,149,1600,12.8,2206,773.09,346.1,.766,588.7
102,2010,149,1700,12.8,1965.3,735.51,316.03,1,675.2
102,2010,149,1800,12.8,932,578.51,152.1,.65,353
102,2010,149,1900,12.82,264.01,224.46,38.137,.083,58.86
102,2010,149,2000,12.82,7.0638,7.0339,.74356,0,5.757
102,2010,149,2100,12.96,0,0,1.0282,0,5.294
102,2010,149,2200,12.86,0,0,1.8825,0,5.294
102,2010,149,2300,12.82,0,0,2.9346,0,5.295
101,2010,149,2400,12.75,20389,6811,3168.9,8.26
102,2010,149,2400,12.8,0,0,2.7526,0,5.295
102,2010,150,100,12.78,0,0,1.8429,0,5.295
102,2010,150,200,12.77,0,0,2.4993,0,5.295
102,2010,150,300,12.77,0,0,2.1671,0,5.295
102,2010,150,400,12.76,0,0,2.1829,0,5.295
102,2010,150,500,12.76,0,0,1.5503,0,5.295
102,2010,150,600,12.76,0,0,1.8272,0,5.295
102,2010,150,700,12.75,0,0,1.9616,0,5.295
102,2010,150,800,12.75,62.376,49.497,10.979,0,18.76
102,2010,150,900,12.75,722.56,330.27,126.71,.95,219.1
102,2010,150,1000,12.77,1601.9,491.31,258.19,1,355.2
102,2010,150,1100,12.79,2314.8,684.18,352.58,1,491.3
102,2010,150,1200,12.81,2570.1,788.16,385.24,.983,556
102,2010,150,1300,12.82,2444.3,769.64,359.22,.683,475.5
102,2010,150,1400,12.82,2372,1606.9,361.8,.5,177
102,2010,150,1500,12.83,2283.4,1408.8,353.44,.633,288.5
102,2010,150,1600,12.83,1764.5,1167.3,270.07,.933,263.4
102,2010,150,1700,12.82,2265.3,1112.3,370.26,.966,661.4
102,2010,150,1800,12.82,1456.8,829.93,243.88,.966,586.7
102,2010,150,1900,12.81,587.37,367.86,108.94,1,514.7
102,2010,150,2000,12.79,17.347,15.072,3.1246,.05,21.01
102,2010,150,2100,13.27,0,0,1.3841,0,5.294
102,2010,150,2200,13.31,0,0,2.2781,0,5.295
102,2010,150,2300,13.33,0,0,3.0057,0,5.295
101,2010,150,2400,12.75,20463,9621.2,3229.3,9.66
102,2010,150,2400,13.35,0,0,4.1288,0,5.295
102,2010,151,100,13.37,0,0,2.7682,0,5.295
102,2010,151,200,13.39,0,0,2.7366,0,5.295
102,2010,151,300,13.41,0,0,2.357,0,5.245
102,2010,151,400,13.44,0,0,2.3018,0,5.207
102,2010,151,500,13.46,0,0,2.0644,0,5.19
102,2010,151,600,13.47,0,0,2.0565,0,5.196
102,2010,151,700,13.49,0,0,1.7954,0,5.124
102,2010,151,800,13.49,116.63,91.645,19.955,.1,40.74
102,2010,151,900,13.39,757.7,381.74,124.96,1,214.3
102,2010,151,1000,13.31,1493.5,561.67,214.28,.95,330.9
102,2010,151,1100,13.24,2314.6,614.05,315.83,1,489.8
102,2010,151,1200,13.2,2771,1195.8,375.36,.933,501.4
102,2010,151,1300,13.2,2854,987.87,373.8,.966,573.6
102,2010,151,1400,13.19,2715.8,888.5,354.95,.733,510.2
102,2010,151,1500,13.2,1937.4,1021.2,254.56,.433,271.8
102,2010,151,1600,13.21,1225.3,970.47,159.39,.333,139.4
102,2010,151,1700,13.22,2140.8,988.59,302.42,1,736
102,2010,151,1800,13.22,1325.7,725.52,188.22,.933,647.9
102,2010,151,1900,13.26,523.78,357.25,79.531,1,456.4
102,2010,151,2000,13.29,16.026,13.59,3.0453,.083,22.03
102,2010,151,2100,12.88,0,0,1.9299,0,5.294
102,2010,151,2200,12.86,0,0,2.6103,0,5.295
102,2010,151,2300,12.84,0,0,3.1401,0,5.295
101,2010,151,2400,12.83,20192,8797.9,2794.7,9.46
102,2010,151,2400,12.83,0,0,4.6744,0,5.295
102,2010,152,100,12.82,0,0,3.1163,0,5.295
102,2010,152,200,13.38,0,0,1.7401,0,5.278
102,2010,152,300,13.42,0,0,3.2589,0,5.284
102,2010,152,400,13.4,0,0,2.7526,0,5.257
102,2010,152,500,13.46,.03164,0,2.1989,0,5.229
102,2010,152,600,13.45,.11073,0,2.5073,0,5.29
102,2010,152,700,13.45,.01582,0,2.104,0,5.29
102,2010,152,800,13.44,113.2,94.115,20.708,0,29.33
102,2010,152,900,13.37,630.59,491.53,95.361,.267,104.6
102,2010,152,1000,13.26,1474.8,782.15,209.99,1,288.5
102,2010,152,1100,13.2,2277.2,927.67,309.64,1,438.4
102,2010,152,1200,13.18,2588,1056.5,344.12,1,474.5
102,2010,152,1300,13.13,3115.6,1006.2,406.94,1,617.2
102,2010,152,1400,13.12,3107.2,1053,404.93,.9,643.7
102,2010,152,1500,12.89,3257.4,1199.6,430.92,.983,682.8
102,2010,152,1600,12.87,1651.3,1206.2,216.8,.3,171.6
102,2010,152,1700,12.86,1471.2,1144.4,204.84,.566,234
102,2010,152,1800,12.84,949.69,736.41,131.79,.583,238.1
102,2010,152,1900,12.83,299.93,253.71,41.958,.433,97.4
102,2010,152,2000,12.81,9.967,9.5378,1.3447,0,5.823
102,2010,152,2100,12.81,0,0,.83051,0,5.294
102,2010,152,2200,13.27,0,0,.93331,0,5.294
102,2010,152,2300,13.3,.00791,0,1.0757,0,5.295
101,2010,152,2400,12.81,20946,9961,2841.2,8.03
102,2010,152,2400,13.32,0,0,1.305,0,5.295
102,2010,153,100,13.33,.0791,0,1.0916,0,5.295
102,2010,153,200,13.34,.01582,0,1.1944,0,5.295
102,2010,153,300,13.35,0,0,1.2814,0,5.295
102,2010,153,400,13.36,0,0,1.8034,0,5.295
102,2010,153,500,13.37,0,0,2.2305,0,5.295
102,2010,153,600,13.39,0,0,2.5943,0,5.295
102,2010,153,700,13.4,0,0,2.183,0,5.295
102,2010,153,800,13.4,72.306,64.203,13.082,0,5.57
102,2010,153,900,13.37,526.75,426.12,79.402,.283,59.28
102,2010,153,1000,13.32,1266.7,887.03,184.1,.666,190.4
102,2010,153,1100,13.3,1574.3,1164.1,219.21,.35,151
102,2010,153,1200,13.21,2495,1177.1,336.87,.816,431.9
102,2010,153,1300,13.2,1622.7,1086.2,220.17,.317,163.1
102,2010,153,1400,13.19,2579.4,1303.9,360.44,.666,421.4
102,2010,153,1500,13.16,2529.6,1285.3,347.46,1,549.8
102,2010,153,1600,13.17,1175.7,974.3,155.83,.133,97.7
102,2010,153,1700,12.95,501.53,460.22,66.323,0,8.44
102,2010,153,1800,13.23,589.15,518.25,81.679,.067,30.94
102,2010,153,1900,13.25,310.07,276.57,45.897,.267,86.5
102,2010,153,2000,13.27,17.521,15.51,2.7212,0,13.53
102,2010,153,2100,13.3,0,0,.83051,0,5.294
102,2010,153,2200,13.32,0,0,.94121,0,5.294
102,2010,153,2300,13.35,0,0,3.0216,0,5.295
101,2010,153,2400,12.95,15261,9638.8,2132.1,4.565
102,2010,153,2400,13.37,0,0,1.7402,0,5.295
102,2010,154,100,13.39,.13446,0,1.7243,0,5.295
102,2010,154,200,13.39,.06328,0,2.1197,0,5.295
102,2010,154,300,13.4,0,0,1.8113,0,5.295
102,2010,154,400,13.4,0,0,1.7796,0,5.295
102,2010,154,500,13.41,0,0,1.3367,0,5.278
102,2010,154,600,13.43,0,0,1.2814,0,5.212
102,2010,154,700,13.45,0,0,1.0757,0,5.195
102,2010,154,800,13.45,59.07,51.028,9.3415,0,8.8
102,2010,154,900,13.42,288.68,259.67,42.325,0,10.19
102,2010,154,1000,13.33,1180.9,834.1,174.24,.9,233.3
102,2010,154,1100,13.28,1137.9,982.83,154.83,.217,77.2
102,2010,154,1200,13.24,1396.4,1249.2,189.7,.033,38.6
102,2010,154,1300,13.2,2329.3,1848,313.36,.583,159.6
102,2010,154,1400,13.2,1427,1253,189.29,.133,47.65
102,2010,154,1500,13.23,434.65,405.82,56.134,0,7.26
102,2010,154,1600,13.26,615.49,563.96,86.103,0,11.09
102,2010,154,1700,13.27,814.42,748.12,112.51,0,24.2
102,2010,154,1800,13.27,743.73,638.07,102.61,.816,155
102,2010,154,1900,13.29,357,300.44,52.262,.4,132.2
102,2010,154,2000,13.31,10.662,9.5955,1.7322,0,5.785
102,2010,154,2100,13.34,.11074,0,2.2543,0,5.09
102,2010,154,2200,13.35,.17402,0,1.7481,0,5.068
102,2010,154,2300,13.37,.01582,0,1.9379,0,5.074
101,2010,154,2400,13.2,10796,9143.9,1504.1,3.082
102,2010,154,2400,13.38,.07119,0,2.5627,0,5.074
102,2010,155,100,13.39,0,0,1.8983,0,5.085
102,2010,155,200,13.39,0,0,.96495,0,5.024
102,2010,155,300,13.4,0,0,1.8112,0,5.035
102,2010,155,400,13.4,.02373,0,1.5502,0,5.063
102,2010,155,500,13.41,0,0,1.3209,0,5.046
102,2010,155,600,13.41,0,0,1.1785,0,5.008
102,2010,155,700,13.42,.00791,0,.96491,0,5.03
102,2010,155,800,13.42,27.903,24.547,5.647,0,5.113
102,2010,155,900,13.4,334.97,290.41,49.567,.05,24.95
102,2010,155,1000,13.31,1219.6,904.64,177.74,.633,179.5
102,2010,155,1100,13.23,2052.6,1102.1,276.01,.983,392.4
102,2010,155,1200,13.19,2544,1385.9,343.87,.816,399.8
102,2010,155,1300,13.17,2548.3,1377.3,342.66,.666,393.7
102,2010,155,1400,13.17,2076.4,1488.5,280.95,.45,209
102,2010,155,1500,13.14,2563.8,1659.3,352.31,.566,367.5
102,2010,155,1600,13.14,2258.6,1562.2,316.94,.616,404.4
102,2010,155,1700,13.18,2201.6,1531.8,318.83,1,652.2
102,2010,155,1800,13.2,933.76,773.51,131.89,.383,187.9
102,2010,155,1900,13.28,110.25,100.8,16.634,0,13.33
102,2010,155,2000,13.3,9.0482,7.978,3.0055,0,5.25
102,2010,155,2100,13.34,0,0,2.0091,0,5.283
102,2010,155,2200,13.35,.00791,0,2.0803,0,5.057
102,2010,155,2300,13.37,.00791,0,1.5424,0,5.085
101,2010,155,2400,13.14,18881,12209,2633.1,6.164
102,2010,155,2400,13.37,0,0,1.7006,0,5.057
102,2010,156,100,13.38,0,0,1.9932,0,5.03
102,2010,156,200,13.39,.01582,0,2.2463,0,5.008
102,2010,156,300,13.4,0,0,2.7841,0,5.019
102,2010,156,400,13.4,0,0,2.0327,0,5.008
102,2010,156,500,13.42,0,0,1.74,0,4.969
102,2010,156,600,13.42,0,0,1.6293,0,4.986
102,2010,156,700,13.44,0,0,2.1672,0,4.997
102,2010,156,800,13.44,76.051,66.213,12.513,0,15.62
102,2010,156,900,13.37,813.8,650.84,130.89,.716,150.9
102,2010,156,1000,13.28,1497.1,1009.6,220.98,1,291.1
102,2010,156,1100,13.23,2055.9,1300.7,279.86,1,316.1
102,2010,156,1200,13.22,2178.9,1611.9,292.77,.95,278.2
102,2010,156,1300,13.18,2456.1,1694.7,329.39,.733,273.8
102,2010,156,1400,13.14,2768.6,1768.7,373.63,.7,373.3
102,2010,156,1500,13.14,2709.8,1783.1,366.3,.816,486.3
102,2010,156,1600,13.15,920.78,795.4,114.07,.167,85
102,2010,156,1700,13.19,718.74,630.58,97.341,.117,60.17
102,2010,156,1800,13.22,1178.9,958.71,173.45,.816,410.7
102,2010,156,1900,13.24,136.59,124.43,17.071,0,19.7
102,2010,156,2000,12.84,1.7481,1.6074,.49831,0,5.294
102,2010,156,2100,12.8,.08701,0,3.7729,0,5.294
102,2010,156,2200,12.78,.21356,0,1.5345,0,5.295
102,2010,156,2300,12.77,.24519,.00974,1.922,0,5.295
101,2010,156,2400,12.77,17514,12396,2433.4,7.01
102,2010,156,2400,12.77,.05536,0,2.8236,0,5.295
102,2010,157,100,13.38,0,0,3.654,0,5.295
102,2010,157,200,13.44,0,0,4.1605,0,5.295
102,2010,157,300,13.45,0,0,2.8001,0,5.289
102,2010,157,400,13.45,0,0,1.843,0,5.295
102,2010,157,500,13.46,0,0,2.6023,0,5.29
102,2010,157,600,13.47,0,0,2.0565,0,5.29
102,2010,157,700,13.48,0,0,2.183,0,5.279
102,2010,157,800,13.47,37.578,33.374,5.3547,0,6.807
102,2010,157,900,13.42,497.6,403.39,64.559,.45,104.2
102,2010,157,1000,13.33,1460.3,1025.3,199.43,1,300.2
102,2010,157,1100,13.26,2014.7,1382.6,254.34,1,308.7
102,2010,157,1200,13.23,2113,1449.5,257.28,.983,345.3
102,2010,157,1300,13.23,2175.6,1778.2,273.83,.533,119
102,2010,157,1400,13.24,1109.3,1002.7,136.42,.017,36.86
102,2010,157,1500,13.27,1212.4,1104.2,151.64,0,14.92
102,2010,157,1600,13.26,968.97,877.98,121.84,0,45.12
102,2010,157,1700,13.25,1505.4,1215,203.97,.766,340.3
102,2010,157,1800,13.25,1265.8,1052.4,174.97,1,491.8
102,2010,157,1900,13.28,348.42,313.69,45.8,.466,153.1
102,2010,157,2000,13.3,6.146,6.0984,.92542,0,6.259
102,2010,157,2100,13.34,0,0,2.3966,0,5.294
102,2010,157,2200,13.37,0,0,3.0374,0,5.295
102,2010,157,2300,13.39,0,0,3.6463,0,5.295
101,2010,157,2400,13.23,14715,11644,1922.9,6.214
102,2010,157,2400,13.41,0,0,4.1524,0,5.295
102,2010,158,100,13.42,0,0,3.7173,0,5.295
102,2010,158,200,13.44,0,0,2.1197,0,5.295
102,2010,158,300,13.45,.00791,0,2.4362,0,5.295
102,2010,158,400,13.45,0,0,2.0408,0,5.295
102,2010,158,500,13.45,0,0,2.1673,0,5.295
102,2010,158,600,13.46,.00791,0,1.9221,0,5.295
102,2010,158,700,13.46,.05537,0,1.2972,0,5.295
102,2010,158,800,13.45,57.948,51.301,8.4873,0,10.93
102,2010,158,900,13.39,726.2,619,110.09,.65,143.2
102,2010,158,1000,13.35,795.68,687.48,102.5,.15,75.6
102,2010,158,1100,13.26,2070.3,1415.1,264.06,.916,374.6
102,2010,158,1200,13.25,2094.6,1516.7,262.26,.85,317.5
102,2010,158,1300,13.22,2423.7,1963.9,309.85,.533,148.5
102,2010,158,1400,13.18,3236.9,2007.7,400.12,.933,607.8
102,2010,158,1500,13.17,2591.8,1733.9,324.56,.866,562
102,2010,158,1600,13.18,2260.7,1673.6,288.37,1,518.2
102,2010,158,1700,13.17,1910.8,1475.1,251.2,1,646.3
102,2010,158,1800,13.2,1194.8,1009.3,160.48,.85,405.2
102,2010,158,1900,13.23,120.75,111.72,12.586,0,13.98
102,2010,158,2000,13.27,1.8272,1.5296,2.6498,0,5.332
102,2010,158,2100,13.32,.74352,0,3.5356,0,5.305
102,2010,158,2200,13.37,.47458,0,2.8317,0,5.3
102,2010,158,2300,13.39,.72768,0,4.4847,0,5.295
101,2010,158,2400,13.17,19489,14266,2527.9,7.75
102,2010,158,2400,13.39,.43501,0,4.1682,0,5.283
102,2010,159,100,13.41,0,0,4.0811,0,5.289
102,2010,159,200,13.42,.09491,0,3.6145,0,5.295
102,2010,159,300,13.43,.10282,0,3.8518,0,5.295
102,2010,159,400,13.44,0,0,5.3547,0,5.295
102,2010,159,500,13.45,0,0,5.5369,0,5.295
102,2010,159,600,13.45,.00791,0,3.6227,0,5.289
102,2010,159,700,13.46,.14238,0,2.547,0,5.295
102,2010,159,800,13.45,36.354,31.788,6.2409,0,5.295
102,2010,159,900,13.42,440.26,386.67,55.479,.067,39.54
102,2010,159,1000,13.33,1377.1,1086.8,172.14,.833,227.1
102,2010,159,1100,13.27,2118.9,1467,253.78,.966,394.3
102,2010,159,1200,13.21,2751.4,1767.5,328.62,1,534.8
102,2010,159,1300,13.19,3032.4,1918.2,362.2,1,569.5
102,2010,159,1400,13.18,2343.1,1668,278.81,.816,320.1
102,2010,159,1500,13.17,2477.7,1832.5,298.53,.733,439.8
102,2010,159,1600,13.18,2180.8,1708.5,269.46,.95,430.1
102,2010,159,1700,13.18,1826.8,1512.6,230.41,1,428.5
102,2010,159,1800,13.21,776.17,676.05,97.744,.883,256
102,2010,159,1900,13.22,438.54,398.17,58.319,1,269
102,2010,159,2000,13.23,35.565,32.696,4.9835,.15,34.56
102,2010,159,2100,13.27,0,0,1.8826,0,5.294
102,2010,159,2200,13.31,0,0,3.0373,0,5.294
102,2010,159,2300,13.35,0,0,3.7098,0,5.295
101,2010,159,2400,13.17,19836,14487,2457.4,9.4
102,2010,159,2400,13.37,0,0,3.4803,0,5.295
102,2010,160,100,13.39,0,0,3.6463,0,5.295
102,2010,160,200,13.41,0,0,2.1118,0,5.295
102,2010,160,300,13.42,0,0,1.7321,0,5.295
102,2010,160,400,13.44,0,0,1.9694,0,5.295
102,2010,160,500,13.45,0,0,1.8825,0,5.284
102,2010,160,600,13.46,0,0,1.7876,0,5.284
102,2010,160,700,13.47,0,0,1.8271,0,5.295
102,2010,160,800,13.47,82.917,84.917,13.209,0,34.91
102,2010,160,900,13.41,700.77,577.08,97.868,.933,193.1
102,2010,160,1000,13.31,1584.5,1249.7,208.73,1,318.5
102,2010,160,1100,13.23,2078.6,1475.9,254.53,1,400
102,2010,160,1200,13.19,2809.8,1863.3,347.28,1,574
102,2010,160,1300,13.17,2999.7,1026.8,363.32,.95,645.9
102,2010,160,1400,13.15,2796,725.5,329.57,.766,492.5
102,2010,160,1500,13.16,2464.2,932.47,302.21,.633,440.7
102,2010,160,1600,13.14,2684.3,611.61,329.38,.95,691.7
102,2010,160,1700,13.14,1798.2,505.38,225.83,.733,534.1
102,2010,160,1800,13.17,1093.1,447.96,138.91,.666,399.5
102,2010,160,1900,13.2,274.68,203.28,29.216,.133,78.9
102,2010,160,2000,13.25,20.75,18.005,2.6263,0,12.85
102,2010,160,2100,13.3,0,0,1.5503,0,5.294
102,2010,160,2200,13.33,0,0,2.7368,0,5.295
102,2010,160,2300,13.35,0,0,4.3584,0,5.295
101,2010,160,2400,13.14,21388,9721.9,2670.5,8.76
102,2010,160,2400,13.39,0,0,4.2316,0,5.295
102,2010,161,100,13.4,0,0,3.9942,0,5.295
102,2010,161,200,13.42,0,0,3.2032,0,5.295
102,2010,161,300,13.44,0,0,2.5073,0,5.295
102,2010,161,400,13.46,0,0,2.808,0,5.295
102,2010,161,500,13.47,0,0,2.8633,0,5.29
102,2010,161,600,13.48,0,0,2.278,0,5.262
102,2010,161,700,13.49,0,0,1.6373,0,5.218
102,2010,161,800,13.48,86.932,51.97,15.028,.033,34.49
102,2010,161,900,13.39,762.4,199.49,112.01,.966,189.3
102,2010,161,1000,13.32,1546,199.78,203.92,1,309.7
102,2010,161,1100,13.25,2288.7,226.68,274.42,1,440.4
102,2010,161,1200,13.21,2835.2,298.22,339.48,1,593.6
102,2010,161,1300,13.19,2815.6,590.16,334.46,.85,562.8
102,2010,161,1400,13.16,3075.2,668.25,365.39,.916,577.6
102,2010,161,1500,13.16,2564.5,685.72,305.35,.833,537.4
102,2010,161,1600,13.15,2712.7,548.54,332.04,.916,715
102,2010,161,1700,13.15,1182.6,578.72,142.99,.283,228.5
102,2010,161,1800,13.22,848.5,382.76,110.23,.433,296.2
102,2010,161,1900,13.25,425,150.07,59.447,.733,383.4
102,2010,161,2000,13.28,35.461,21.501,5.7982,.117,43.32
102,2010,161,2100,13.32,0,0,2.2147,0,5.294
102,2010,161,2200,13.34,0,0,1.8351,0,5.295
102,2010,161,2300,13.35,0,0,3.4883,0,5.295
101,2010,161,2400,13.15,21179,4601.8,2630.8,9.08
102,2010,161,2400,13.34,0,0,3.4249,0,5.295
102,2010,162,100,13.39,0,0,4.3976,0,5.295
102,2010,162,200,13.4,0,0,3.5196,0,5.295
102,2010,162,300,13.41,0,0,2.7842,0,5.295
102,2010,162,400,13.42,0,0,2.3334,0,5.295
102,2010,162,500,13.44,0,0,2.4758,0,5.295
102,2010,162,600,13.45,0,0,1.9616,0,5.273
102,2010,162,700,13.45,.00791,0,2.1119,0,5.268
102,2010,162,800,13.45,53.477,40.573,8.9695,0,13.94
102,2010,162,900,13.37,656.59,222.4,94.451,.666,142.6
102,2010,162,1000,13.29,1562.9,221.92,213.44,1,308.8
102,2010,162,1100,13.23,2291.7,273.25,289.43,1,431.6
102,2010,162,1200,13.23,2848.8,280.63,347.11,1,596.4
102,2010,162,1300,13.18,2906.4,575.64,349.2,.933,581.2
102,2010,162,1400,13.17,3107.3,1056.4,369.91,.9,521.1
102,2010,162,1500,13.16,1986.3,1283.7,241.96,.4,199.8
102,2010,162,1600,13.16,1826.5,1045.8,224.73,.766,374
102,2010,162,1700,13.15,2108.3,498.38,275.53,.85,633
102,2010,162,1800,13.17,859.26,350.45,110.9,.45,309.6
102,2010,162,1900,13.22,467,165.93,66.76,.883,384.6
102,2010,162,2000,13.25,23.233,16.017,3.4015,.083,23.84
102,2010,162,2100,13.29,0,0,2.1435,0,5.294
102,2010,162,2200,13.31,0,0,1.7321,0,5.294
102,2010,162,2300,13.34,0,0,2.8792,0,5.295
101,2010,162,2400,13.15,20698,6031.1,2625.2,8.93
102,2010,162,2400,13.37,.19775,0,3.0769,0,5.295
102,2010,163,100,13.38,.04746,0,2.5074,0,5.295
102,2010,163,200,13.39,0,0,2.7051,0,5.295
102,2010,163,300,13.4,0,0,3.1084,0,5.295
102,2010,163,400,13.42,0,0,2.5073,0,5.295
102,2010,163,500,13.44,0,0,2.8317,0,5.295
102,2010,163,600,13.46,.01582,0,1.8588,0,5.295
102,2010,163,700,13.47,0,0,2.2147,0,5.29
102,2010,163,800,13.46,45.393,39.648,7.348,0,6.785
102,2010,163,900,13.41,518.48,296.26,77.375,.516,118.6
102,2010,163,1000,13.31,1490.2,466.74,208.54,.966,277
102,2010,163,1100,13.23,2183.9,426.97,284,1,402.5
102,2010,163,1200,13.21,2720.3,456.6,341.51,1,538.3
102,2010,163,1300,13.19,2689,739.26,333.89,.783,459
102,2010,163,1400,13.17,1794.8,1063.5,217.12,.267,166.2
102,2010,163,1500,13.18,2188.9,860.5,275.79,.616,422
102,2010,163,1600,13.16,2195.6,719.2,281.63,.783,530.9
102,2010,163,1700,13.18,1860.1,489.22,248.67,.883,620.3
102,2010,163,1800,13.2,1310.1,406.36,186.22,.966,585.6
102,2010,163,1900,13.23,421.97,192.31,61.546,.883,297.4
102,2010,163,2000,13.26,16.952,14.01,3.0771,0,12.74
102,2010,163,2100,13.31,0,0,2.3808,0,5.294
102,2010,163,2200,13.34,0,0,2.4284,0,5.295
102,2010,163,2300,13.36,0,0,2.3572,0,5.295
101,2010,163,2400,13.16,19436,6170.6,2554.4,8.66
102,2010,163,2400,13.39,.14237,0,2.7446,0,5.295
102,2010,164,100,13.39,.18983,0,1.9774,0,5.295
102,2010,164,200,13.4,.05537,0,1.8666,0,5.295
102,2010,164,300,13.41,0,0,2.1355,0,5.295
102,2010,164,400,13.42,.32427,.07793,2.6496,0,5.295
102,2010,164,500,13.43,0,0,3.1875,0,5.295
102,2010,164,600,13.44,0,0,3.4961,0,5.295
102,2010,164,700,13.46,0,0,1.9616,0,5.295
102,2010,164,800,13.47,63.657,47.968,10.132,0,13.79
102,2010,164,900,13.4,567.78,287.95,89.8,.55,127.2
102,2010,164,1000,13.35,1143.9,488.5,164.96,.883,208.5
102,2010,164,1100,13.27,2041.5,618.5,273.2,1,358.6
102,2010,164,1200,13.22,2515.8,658.95,324.66,1,482.4
102,2010,164,1300,13.19,2954.6,902.47,380,.95,499.8
102,2010,164,1400,13.19,2156.3,1160.9,275.49,.516,239.8
102,2010,164,1500,13.19,1860.7,1049.9,245.24,.583,291.7
102,2010,164,1600,13.21,1231.8,1007.5,161.14,.45,139.7
102,2010,164,1700,13.24,1007.1,714.47,137.72,.516,210.3
102,2010,164,1800,13.24,1088.3,434.67,163.95,.9,455.9
102,2010,164,1900,13.27,406.42,194.97,62.863,.766,240.8
102,2010,164,2000,13.29,9.4841,8.8945,1.7876,0,5.564
102,2010,164,2100,13.32,0,0,2.2146,0,5.294
102,2010,164,2200,13.35,0,0,2.5154,0,5.295
102,2010,164,2300,13.38,0,0,2.9187,0,5.295
101,2010,164,2400,13.19,17048,7575.8,2319.9,8.11
102,2010,164,2400,13.4,0,0,4.0655,0,5.295
102,2010,165,100,13.42,0,0,2.183,0,5.295
102,2010,165,200,13.44,.35591,0,2.0643,0,5.295
102,2010,165,300,13.44,0,0,3.4484,0,5.295
102,2010,165,400,13.45,0,0,2.2462,0,5.295
102,2010,165,500,13.47,0,0,2.1277,0,5.289
102,2010,165,600,13.48,0,0,2.0407,0,5.284
102,2010,165,700,13.49,0,0,2.6576,0,5.218
102,2010,165,800,13.5,50.295,38.419,8.6765,0,9.85
102,2010,165,900,13.47,371.27,299.19,51.894,0,54.56
102,2010,165,1000,13.4,970,684.66,135.76,.3,110.6
102,2010,165,1100,13.3,1822.2,547.93,245.93,.916,318
102,2010,165,1200,13.22,2656.1,460.26,346.48,1,523.5
102,2010,165,1300,13.19,2982.1,471.19,379.45,1,623.9
102,2010,165,1400,13.15,3085.3,490.13,386.6,1,647
102,2010,165,1500,13.14,2830.9,536.41,356.08,.983,653.3
102,2010,165,1600,13.14,1693,721.28,216.49,.633,366.9
102,2010,165,1700,13.16,1351.1,728.36,180.72,.516,312
102,2010,165,1800,13.19,712.32,447.95,92.703,.4,207.8
102,2010,165,1900,13.23,462.36,229.2,72.392,1,288.9
102,2010,165,2000,13.25,27.039,21.181,4.4379,.017,20.14
102,2010,165,2100,13.3,0,0,2.1356,0,5.294
102,2010,165,2200,13.34,0,0,3.314,0,5.294
102,2010,165,2300,13.36,0,0,3.0691,0,5.295
101,2010,165,2400,13.14,19014,5676.2,2506.6,7.76
102,2010,165,2400,13.38,0,0,3.7414,0,5.295
102,2010,166,100,13.39,.08701,0,2.6339,0,5.295
102,2010,166,200,13.4,0,0,2.1197,0,5.295
102,2010,166,300,13.42,0,0,2.8157,0,5.295
102,2010,166,400,13.44,0,0,2.5232,0,5.283
102,2010,166,500,13.46,0,0,2.6024,0,5.256
102,2010,166,600,13.46,0,0,2.7448,0,5.267
102,2010,166,700,13.47,0,0,1.5424,0,5.201
102,2010,166,800,13.48,67.326,50.295,11.714,0,15.36
102,2010,166,900,12.81,538.2,269.57,88.146,.516,122.6
102,2010,166,1000,12.8,1277.1,428.09,188.28,1,248.8
102,2010,166,1100,13.07,1965.5,667.96,263.71,1,363.3
102,2010,166,1200,13.2,2237.4,1021.6,290.44,1,357.9
102,2010,166,1300,13.2,1772.9,1501.3,227.73,.1,48.72
102,2010,166,1400,13.17,2862.1,1461.4,372.86,.883,368.7
102,2010,166,1500,13.16,2616.3,1163.4,345.21,.866,443.1
102,2010,166,1600,13.16,2206.3,907.87,296.28,1,524.4
102,2010,166,1700,13.16,1295.5,698.94,170.73,.833,340.8
102,2010,166,1800,13.19,851.69,521.6,121.68,.766,265.1
102,2010,166,1900,13.22,362.97,234.8,53.493,.616,151.4
102,2010,166,2000,13.25,8.3222,7.8822,1.0126,0,6.975
102,2010,166,2100,13.3,0,0,2.3966,0,5.294
102,2010,166,2200,13.33,0,0,2.2542,0,5.295
102,2010,166,2300,13.35,0,0,2.5233,0,5.295
101,2010,166,2400,12.8,18062,8934.6,2457.8,8.58
102,2010,166,2400,13.37,0,0,2.4046,0,5.295
102,2010,167,100,13.38,0,0,2.5074,0,5.295
102,2010,167,200,13.4,0,0,2.618,0,5.295
102,2010,167,300,13.42,0,0,3.4643,0,5.295
102,2010,167,400,13.43,0,0,3.4327,0,5.295
102,2010,167,500,13.44,.02373,0,1.7875,0,5.295
102,2010,167,600,13.44,0,0,1.922,0,5.295
102,2010,167,700,13.46,0,0,1.9537,0,5.295
102,2010,167,800,13.47,39.383,32.967,7.4748,0,7.68
102,2010,167,900,13.42,382.14,265.46,62.085,0,62.39
102,2010,167,1000,12.82,1079.7,528.06,164.4,.983,190.4
102,2010,167,1100,12.82,1806,696.62,253.16,1,307.5
102,2010,167,1200,13.21,2389.7,788.88,316.08,1,427.5
102,2010,167,1300,13.18,2349.4,957.37,302.11,.766,352.8
102,2010,167,1400,13.19,1627.2,1016.9,220.58,.383,164.6
102,2010,167,1500,13.18,1919.2,1139.1,267.32,.6,267.4
102,2010,167,1600,13.18,1131.5,960.78,150.66,.05,69.64
102,2010,167,1700,13.2,1346.7,916.04,193.73,.8,262.9
102,2010,167,1800,13.22,1053.7,596.67,154.71,1,344.1
102,2010,167,1900,13.24,405.44,252.35,60.329,.6,172.8
102,2010,167,2000,13.27,16.628,15.481,2.7529,0,6.545
102,2010,167,2100,13.3,0,0,1.4712,0,5.294
102,2010,167,2200,13.34,0,0,2.5786,0,5.294
102,2010,167,2300,13.36,0,0,2.5075,0,5.295
101,2010,167,2400,12.82,15547,8166.7,2181.5,7.18
102,2010,167,2400,13.38,0,0,1.8272,0,5.295
102,2010,168,100,13.4,0,0,2.3017,0,5.295
102,2010,168,200,13.41,0,0,2.1909,0,5.295
102,2010,168,300,13.42,0,0,1.914,0,5.295
102,2010,168,400,13.43,.07118,0,2.8235,0,5.295
102,2010,168,500,13.44,0,0,1.6451,0,5.295
102,2010,168,600,13.46,0,0,2.1435,0,5.295
102,2010,168,700,13.47,0,0,3.6306,0,5.295
102,2010,168,800,13.45,15.408,13.453,4.121,0,5.339
102,2010,168,900,13.43,298.27,268.63,43.376,0,13.7
102,2010,168,1000,13.39,670.64,599.7,95.505,0,24.26
102,2010,168,1100,13.35,917.41,838.32,126.92,0,7.97
102,2010,168,1200,13.29,1369.7,1147,187.22,0,30.46
102,2010,168,1300,13.25,1944.4,1366.5,263.21,.417,108.4
102,2010,168,1400,13.25,1040.4,916.72,137.76,.133,55.27
102,2010,168,1500,13.27,678.75,629.6,90.866,.017,41.16
102,2010,168,1600,13.25,1376.7,1042.1,185.74,.483,124.2
102,2010,168,1700,13.24,1090.9,926.68,143.54,.167,69.37
102,2010,168,1800,13.27,308.47,282.7,39.425,0,12.51
102,2010,168,1900,13.31,161.08,146.75,22.075,0,5.41
102,2010,168,2000,13.33,10.836,9.8191,2.3807,0,5.322
102,2010,168,2100,13.35,0,0,1.669,0,5.295
102,2010,168,2200,13.37,.01582,0,1.2102,0,5.295
102,2010,168,2300,13.37,.06328,0,1.4238,0,5.295
101,2010,168,2400,13.24,9883.1,8187.9,1364.6,1.216
102,2010,168,2400,13.39,.04746,0,1.5266,0,5.295
102,2010,169,100,13.39,.05537,0,1.7797,0,5.295
102,2010,169,200,13.39,0,0,2.6893,0,5.295
102,2010,169,300,13.4,.13446,0,1.7006,0,5.295
102,2010,169,400,13.41,.17401,0,1.5028,0,5.295
102,2010,169,500,13.42,.00791,0,2.1988,0,5.295
102,2010,169,600,13.42,0,0,2.27,0,5.295
102,2010,169,700,13.44,.12654,0,2.262,0,5.295
102,2010,169,800,13.43,5.7499,4.5295,2.8393,0,5.295
102,2010,169,900,13.42,137.85,125.21,20.524,0,6.795
102,2010,169,1000,13.39,511.87,473.34,70.401,0,7.82
102,2010,169,1100,13.35,1031.7,953.31,140.36,0,13.73
102,2010,169,1200,13.29,1815.9,1289.9,248.24,.383,143.5
102,2010,169,1300,13.27,1155.8,881.84,153.6,.117,61.07
102,2010,169,1400,13.29,667.61,589.23,88.546,.133,40.79
102,2010,169,1500,13.29,1018.2,932.9,137.9,0,7.83
102,2010,169,1600,13.28,1308.2,1203.6,175.41,0,16.29
102,2010,169,1700,13.28,909.04,813.94,121.94,.1,43.61
102,2010,169,1800,13.29,589.05,540.99,78.587,0,20.32
102,2010,169,1900,13.32,243.25,224.84,33.038,0,10.91
102,2010,169,2000,13.33,16.491,15.547,2.6496,0,5.388
102,2010,169,2100,13.36,0,0,.74354,0,5.295
102,2010,169,2200,13.38,0,0,.97292,0,5.295
102,2010,169,2300,13.39,0,0,1.0045,0,5.295
101,2010,169,2400,13.27,9411.1,8049.2,1293.1,.733
102,2010,169,2400,13.41,.00791,0,1.9141,0,5.295
102,2010,170,100,13.43,.56946,0,2.7287,0,5.295
102,2010,170,200,13.42,.05536,0,1.218,0,5.295
102,2010,170,300,13.42,.30055,0,1.0757,0,5.295
102,2010,170,400,13.44,.19773,0,2.9976,0,5.295
102,2010,170,500,13.44,.65645,0,2.4122,0,5.295
102,2010,170,600,13.44,.19772,0,1.9456,0,5.295
102,2010,170,700,13.46,.05536,0,1.2575,0,5.295
102,2010,170,800,13.46,23.624,21.147,5.1486,0,5.289
102,2010,170,900,13.44,255.36,232.61,36.325,0,5.372
102,2010,170,1000,13.37,998.86,552.8,141.29,.5,153.6
102,2010,170,1100,13.27,2158.4,564.17,299.64,1,395.7
102,2010,170,1200,13.23,2709.7,485.88,355.49,1,516.8
102,2010,170,1300,13.2,2229.8,1392.6,293.34,.433,215.5
102,2010,170,1400,13.21,2204.1,1575.5,287.92,.466,171.9
102,2010,170,1500,13.22,1404.2,1247.7,186.56,.017,23.33
102,2010,170,1600,13.24,946.01,879.12,125.66,0,9.34
102,2010,170,1700,13.26,1566.1,1146,217.93,.733,247.5
102,2010,170,1800,13.26,1390.2,612.47,210.21,.966,511.3
102,2010,170,1900,13.28,529.13,283.81,83.419,1,301.5
102,2010,170,2000,13.31,27.582,22.163,4.6035,0,15.64
102,2010,170,2100,13.35,0,0,1.756,0,5.294
102,2010,170,2200,13.02,0,0,2.1119,0,5.295
102,2010,170,2300,12.8,0,0,2.365,0,5.295
101,2010,170,2400,12.79,16445,9015.9,2269.6,6.114
102,2010,170,2400,12.79,0,0,2.1989,0,5.295
102,2010,171,100,12.78,.00791,0,1.6294,0,5.295
102,2010,171,200,12.77,0,0,1.2022,0,5.295
102,2010,171,300,12.77,0,0,1.2022,0,5.295
102,2010,171,400,12.76,0,0,1.8745,0,5.295
102,2010,171,500,12.76,0,0,1.5897,0,5.295
102,2010,171,600,12.75,0,0,2.175,0,5.295
102,2010,171,700,12.75,0,0,2.8314,0,5.295
102,2010,171,800,12.74,46.682,34.485,8.384,0,13.48
102,2010,171,900,12.75,417.32,271.49,61.843,.167,97
102,2010,171,1000,12.75,827.6,512.07,113.79,.666,156.2
102,2010,171,1100,12.76,2159.2,695.78,294.69,.966,356.3
102,2010,171,1200,12.77,2344.2,1247.1,306.1,.533,253.2
102,2010,171,1300,12.78,2081.6,1092,273.16,.5,228.8
102,2010,171,1400,12.75,2865.1,959.92,362.25,.8,446.4
102,2010,171,1500,12.8,1629.2,1177.4,209.64,.333,146.8
102,2010,171,1600,12.79,1820.9,1158,244.47,.516,244.5
102,2010,171,1700,12.79,1318.7,870.43,182.31,.5,253.7
102,2010,171,1800,12.78,1327,418.25,197.72,1,588.4
102,2010,171,1900,12.77,512.65,203.26,79.299,1,368.1
102,2010,171,2000,12.76,27.376,18.967,4.7063,.05,28.33
102,2010,171,2100,12.75,0,0,2.3492,0,5.294
102,2010,171,2200,12.75,0,0,2.4442,0,5.295
102,2010,171,2300,12.74,0,0,3.6068,0,5.295
101,2010,171,2400,12.73,17378,8659.2,2364,7.03
102,2010,171,2400,12.73,0,0,4.6981,0,5.295
102,2010,172,100,12.73,0,0,3.2823,0,5.295
102,2010,172,200,12.71,0,0,2.5704,0,5.295
102,2010,172,300,12.71,0,0,2.8633,0,5.295
102,2010,172,400,12.71,0,0,2.9819,0,5.295
102,2010,172,500,12.7,0,0,3.0214,0,5.295
102,2010,172,600,12.7,0,0,2.7208,0,5.295
102,2010,172,700,12.7,0,0,2.27,0,5.295
102,2010,172,800,12.7,72.647,48.317,12.971,0,20.82
102,2010,172,900,12.71,625.66,200.05,101.61,.766,155.7
102,2010,172,1000,13.27,1453.5,264.16,211.54,1,272.7
102,2010,172,1100,13.22,1895.4,385.66,257.58,1,311.3
102,2010,172,1200,13.09,2780.9,389.72,359.77,1,533.9
102,2010,172,1300,13.14,3076.1,842.16,388.98,.883,518
102,2010,172,1400,13.14,2760.7,1386.5,353.96,.633,349.2
102,2010,172,1500,13.14,1853.7,1008.4,234.48,.45,239.2
102,2010,172,1600,13.17,1531.5,1014.5,204.37,.816,229.5
102,2010,172,1700,13.17,1296.6,610.41,178.74,1,385
102,2010,172,1800,13.18,1010.1,340.14,145.8,1,450.9
102,2010,172,1900,13.19,472.57,212.89,69.798,1,325.5
102,2010,172,2000,13.22,26.992,20.548,3.7893,.017,24.35
102,2010,172,2100,13.27,0,0,1.5187,0,5.404
102,2010,172,2200,13.31,0,0,1.8982,0,5.328
102,2010,172,2300,13.34,0,0,1.6769,0,5.306
101,2010,172,2400,12.7,18856,6723.5,2551.6,9.56
102,2010,172,2400,13.35,0,0,3.3933,0,5.328
102,2010,173,100,13.37,0,0,3.1322,0,5.3
102,2010,173,200,13.4,0,0,3.3456,0,5.295
102,2010,173,300,13.4,0,0,2.2779,0,5.295
102,2010,173,400,13.43,0,0,2.7843,0,5.295
102,2010,173,500,13.44,.2373,0,2.9979,0,5.295
102,2010,173,600,13.44,0,0,2.8555,0,5.295
102,2010,173,700,13.45,0,0,2.1752,0,5.295
102,2010,173,800,13.45,60.51,39.932,10.014,0,18.26
102,2010,173,900,13.38,591.16,276.57,93.233,.533,123.1
102,2010,173,1000,13.28,1333.5,509.88,193.51,.816,206.7
102,2010,173,1100,13.26,1246.5,951.88,165.1,.15,88.4
102,2010,173,1200,13.2,2352.6,1159.7,321.21,.716,301.3
102,2010,173,1300,13.16,2790.1,754.47,363.73,.95,524.2
102,2010,173,1400,13.14,2978.2,1014.5,380.63,.783,472.8
102,2010,173,1500,13.13,1702.6,894.01,215.59,.35,250
102,2010,173,1600,13.15,1707.3,917.97,230.01,.566,307.2
102,2010,173,1700,13.17,1576.2,654.81,223.12,.766,475.6
102,2010,173,1800,13.18,1104.3,427.58,160.11,1,473.2
102,2010,173,1900,13.22,475.63,224.24,74.822,.95,298.7
102,2010,173,2000,13.24,27.735,21.659,4.3509,0,19.11
102,2010,173,2100,13.28,0,0,1.9221,0,5.443
102,2010,173,2200,13.31,0,0,2.3728,0,5.344
102,2010,173,2300,13.34,0,0,2.5311,0,5.317
101,2010,173,2400,13.13,17947,7847.2,2465.5,7.58
102,2010,173,2400,13.37,0,0,3.6544,0,5.306
102,2010,174,100,13.39,0,0,3.9153,0,5.3
102,2010,174,200,13.4,0,0,2.5389,0,5.295
102,2010,174,300,13.42,0,0,2.5863,0,5.295
102,2010,174,400,13.44,0,0,3.1163,0,5.295
102,2010,174,500,13.46,0,0,3.0137,0,5.295
102,2010,174,600,13.46,0,0,2.0249,0,5.295
102,2010,174,700,13.47,0,0,2.4599,0,5.295
102,2010,174,800,13.46,69.446,49.458,15.036,0,17.57
102,2010,174,900,13.4,585.95,240.72,97.44,.65,138.6
102,2010,174,1000,13.32,1246.3,363.78,185.78,1,239.5
102,2010,174,1100,13.26,1480.8,479.7,207.28,.883,235.6
102,2010,174,1200,13.19,2660.6,539.97,357.18,1,483.8
102,2010,174,1300,13.16,2984.5,531.9,384.01,1,587.6
102,2010,174,1400,13.14,3073,550.76,388.64,1,628.9
102,2010,174,1500,13.12,2985.5,622.93,379.86,1,696.5
102,2010,174,1600,13.11,1903.8,674.84,246.11,.666,437
102,2010,174,1700,13.14,1472.7,486.7,206.25,.7,466.2
102,2010,174,1800,13.16,1237.2,317,183,.95,577.7
102,2010,174,1900,13.19,495.29,204.44,77.003,1,339
102,2010,174,2000,13.22,27.159,20.286,4.3273,.033,21.59
102,2010,174,2100,13.27,0,0,1.6927,0,5.476
102,2010,174,2200,13.3,0,0,1.8745,0,5.443
102,2010,174,2300,13.33,0,0,2.3492,0,5.388
101,2010,174,2400,13.11,20222,5082.5,2760.6,9.88
102,2010,174,2400,13.35,0,0,3.1244,0,5.377
102,2010,175,100,13.37,.00791,0,2.6893,0,5.344
102,2010,175,200,13.39,0,0,3.0056,0,5.333
102,2010,175,300,13.41,0,0,4.0021,0,5.366
102,2010,175,400,13.42,0,0,1.6214,0,5.3
102,2010,175,500,13.44,0,0,2.5074,0,5.306
102,2010,175,600,13.45,.09492,0,3.4883,0,5.317
102,2010,175,700,13.45,0,0,2.3255,0,5.317
102,2010,175,800,13.45,54.927,36.747,10.623,0,18.81
102,2010,175,900,13.38,581.51,218.4,95.943,.666,144
102,2010,175,1000,13.3,1375,342.48,206.77,1,258.3
102,2010,175,1100,13.26,2116.5,410.32,296.94,1,370.9
102,2010,175,1200,13.21,2665,436.23,357.37,1,507.2
102,2010,175,1300,13.19,2928.8,480.72,376.45,.983,574.9
102,2010,175,1400,13.15,3052.5,591.68,392.14,.983,580.2
102,2010,175,1500,13.11,2736.8,817.21,353.02,.883,549.6
102,2010,175,1600,13.11,2137,596,283,.783,549.8
102,2010,175,1700,13.15,1845.5,465.2,261.43,.95,621.3
102,2010,175,1800,13.18,1310.4,315.7,197.83,1,619.2
102,2010,175,1900,13.21,353.78,190.53,50.685,.317,159.8
102,2010,175,2000,13.24,11.66,11.058,1.6375,0,5.547
102,2010,175,2100,13.28,0,0,1.9774,0,5.476
102,2010,175,2200,13.32,0,0,2.199,0,5.383
102,2010,175,2300,13.35,0,0,2.9425,0,5.35
101,2010,175,2400,13.11,21170,4912.3,2914.2,9.56
102,2010,175,2400,13.37,0,0,3.6147,0,5.328
102,2010,176,100,13.39,.45084,.06819,3.8677,0,5.339
102,2010,176,200,13.39,.21355,0,2.0802,0,5.35
102,2010,176,300,13.4,0,0,1.3841,0,5.333
102,2010,176,400,13.41,.20564,0,2.4835,0,5.328
102,2010,176,500,13.41,.05536,0,2.0247,0,5.328
102,2010,176,600,13.41,.03164,0,1.3999,0,5.311
102,2010,176,700,13.42,0,0,2.1829,0,5.3
102,2010,176,800,13.43,21.189,18.333,5.5286,0,5.377
102,2010,176,900,13.42,167.48,151.08,23.886,0,9.36
102,2010,176,1000,13.39,488.45,444.98,68.13,0,12.06
102,2010,176,1100,13.38,462.08,428.79,64.447,0,8.09
102,2010,176,1200,13.34,920.23,858.44,129.37,0,14.21
102,2010,176,1300,13.32,1179.1,1091.3,161.85,0,7.05
102,2010,176,1400,13.25,2003.8,1476.5,275.01,.35,118.6
102,2010,176,1500,13.24,1803.1,1516.4,243.21,.217,69.91
102,2010,176,1600,13.23,1323.1,1060.5,182.41,.267,101.8
102,2010,176,1700,13.21,1764.4,1011.2,251.48,.6,367.1
102,2010,176,1800,13.22,518.1,457.96,66.965,.05,64.32
102,2010,176,1900,13.27,629.84,284.66,98.577,.916,378.2
102,2010,176,2000,13.29,22.844,17.487,3.5199,0,20.68
102,2010,176,2100,13.34,0,0,1.9616,0,5.306
102,2010,176,2200,13.37,0,0,2.9978,0,5.311
102,2010,176,2300,13.39,0,0,3.9468,0,5.3
101,2010,176,2400,13.21,11305,8817.7,1602.6,2.399
102,2010,176,2400,13.4,0,0,3.9072,0,5.3
102,2010,177,100,13.42,0,0,3.3455,0,5.3
102,2010,177,200,13.44,0,0,3.1637,0,5.289
102,2010,177,300,13.45,0,0,1.9379,0,5.267
102,2010,177,400,13.47,0,0,2.6339,0,5.262
102,2010,177,500,13.49,0,0,2.6734,0,5.24
102,2010,177,600,13.49,0,0,2.9187,0,5.246
102,2010,177,700,13.51,.12657,0,2.6895,0,5.252
102,2010,177,800,13.49,73.527,50.369,14.911,0,23.8
102,2010,177,900,13.42,618.56,197.67,101.8,.783,159
102,2010,177,1000,13.34,1378,297.91,204.73,1,267.2
102,2010,177,1100,13.27,2108.3,419.98,291.77,1,374.6
102,2010,177,1200,13.2,2669.8,451.25,357.74,1,505.9
102,2010,177,1300,13.16,2928.6,508.14,379.41,1,573.3
102,2010,177,1400,13.13,3089,538.24,392.71,1,617
102,2010,177,1500,13.11,2979.3,562.69,376.31,1,674.5
102,2010,177,1600,13.11,2371.1,677.43,306.1,.916,581.9
102,2010,177,1700,13.13,1933.1,622.03,263.34,.933,573.4
102,2010,177,1800,13.16,983.94,479.66,136.5,.533,332.3
102,2010,177,1900,13.19,517.17,204.45,77.331,.916,387.5
102,2010,177,2000,13.23,25.971,17.586,3.8446,.067,26.48
102,2010,177,2100,13.28,0,0,1.5345,0,5.382
102,2010,177,2200,13.3,0,0,2.088,0,5.339
102,2010,177,2300,13.34,0,0,3.0373,0,5.311
101,2010,177,2400,13.11,21677,5027.4,2935.6,10.15
102,2010,177,2400,13.37,0,0,3.069,0,5.306
102,2010,178,100,13.37,.46666,0,2.3333,0,5.328
102,2010,178,200,13.37,.31638,0,1.5977,0,5.322
102,2010,178,300,13.38,.06328,0,1.4,0,5.344
102,2010,178,400,13.38,0,0,1.1785,0,5.333
102,2010,178,500,13.39,0,0,1.6531,0,5.35
102,2010,178,600,13.4,0,0,1.0915,0,5.328
102,2010,178,700,13.4,.01582,0,1.9219,0,5.306
102,2010,178,800,13.42,46.587,38.732,9.5152,0,10.03
102,2010,178,900,13.35,607.84,385.74,100.73,.433,119.7
102,2010,178,1000,13.34,612.49,532.36,85.128,.033,33.74
102,2010,178,1100,13.3,849.93,633.62,119.67,.117,65.71
102,2010,178,1200,13.2,2410.8,913.07,331.41,.8,348.8
102,2010,178,1300,13.17,1817.4,951.34,247.78,.433,201.7
102,2010,178,1400,13.17,1718,1092.8,229.49,.283,155.8
102,2010,178,1500,13.17,1952.8,930.08,262.45,.5,308.8
102,2010,178,1600,13.18,1479.9,779.57,207.61,.367,227.4
102,2010,178,1700,13.18,1316.9,737.67,182.42,.466,277.6
102,2010,178,1800,13.2,943.42,447.29,138.86,.716,304.2
102,2010,178,1900,13.23,198.43,185.88,26.793,0,7.02
102,2010,178,2000,13.26,13.803,12.87,2.1041,0,5.536
102,2010,178,2100,13.29,0,0,.86215,0,5.487
102,2010,178,2200,13.31,0,0,1.9457,0,5.355
102,2010,178,2300,13.34,0,0,2.3491,0,5.344
101,2010,178,2400,13.17,13969,7641,1962.1,4.148
102,2010,178,2400,13.35,0,0,1.7718,0,5.328
102,2010,179,100,13.37,.01582,0,3.0215,0,5.333
102,2010,179,200,13.39,.20564,0,2.6813,0,5.333
102,2010,179,300,13.4,0,0,1.7559,0,5.322
102,2010,179,400,13.4,0,0,2.5547,0,5.317
102,2010,179,500,13.41,.07909,0,2.1276,0,5.344
102,2010,179,600,13.42,.11864,0,2.0248,0,5.328
102,2010,179,700,13.42,.22147,.01948,2.7208,0,5.322
102,2010,179,800,13.42,45.574,34.766,8.811,0,10.44
102,2010,179,900,13.4,225.94,204.85,32.705,0,11.41
102,2010,179,1000,13.36,730.58,649.32,106.05,0,44.48
102,2010,179,1100,13.27,1651.5,1117.9,234.1,.683,198
102,2010,179,1200,13.23,2151.9,1306.5,294.35,.716,215.9
102,2010,179,1300,13.19,2764.7,869.4,365.25,.883,471.1
102,2010,179,1400,13.2,1329.9,1185.1,175.97,.05,32.7
102,2010,179,1500,13.21,1452.1,1318.9,197.02,0,24.2
102,2010,179,1600,13.2,1448.6,1112.1,198.16,.233,109.2
102,2010,179,1700,13.24,654.27,614.61,89.343,0,10.93
102,2010,179,1800,13.27,473.21,439.76,65.408,0,5.9
102,2010,179,1900,13.27,243.03,225.53,33.601,0,7.05
102,2010,179,2000,13.3,26.181,24.14,3.7097,0,5.388
102,2010,179,2100,13.32,0,0,1.6847,0,5.3
102,2010,179,2200,13.34,0,0,1.5818,0,5.317
102,2010,179,2300,13.37,0,0,2.4441,0,5.295
101,2010,179,2400,12.91,13198,9102.9,1830.1,2.566
102,2010,179,2400,12.91,0,0,3.0531,0,5.295
102,2010,180,100,13.4,0,0,2.4203,0,5.295
102,2010,180,200,13.42,0,0,2.9659,0,5.295
102,2010,180,300,13.43,0,0,2.0881,0,5.295
102,2010,180,400,13.44,0,0,2.1038,0,5.295
102,2010,180,500,13.45,0,0,1.9932,0,5.295
102,2010,180,600,13.47,0,0,3.8362,0,5.295
102,2010,180,700,13.47,0,0,3.1006,0,5.295
102,2010,180,800,13.48,44.562,38.206,9.6259,0,9.18
102,2010,180,900,13.44,420.95,287.81,67.05,.233,79.2
102,2010,180,1000,13.4,673.47,583.47,94.982,.083,49.91
102,2010,180,1100,13.3,1900.6,878.06,269.73,.9,284.2
102,2010,180,1200,13.24,2547.2,803.46,345.03,1,408.1
102,2010,180,1300,13.2,2658.9,1172.6,352.59,.883,382.8
102,2010,180,1400,13.2,1389,1294.7,183.14,0,6.583
102,2010,180,1500,13.23,1847.5,1610.6,257.46,.1,75
102,2010,180,1600,13.21,2041.7,1417.8,288.73,.95,325.1
102,2010,180,1700,13.23,1240.9,1024.3,178.04,.283,144.3
102,2010,180,1800,13.24,1116.9,570.93,169.2,1,406.7
102,2010,180,1900,13.27,476.86,269.68,75.116,.7,238.4
102,2010,180,2000,13.3,15.219,13.678,2.895,0,8.33
102,2010,180,2100,13.34,0,0,1.6135,0,5.642
102,2010,180,2200,13.36,0,0,1.8509,0,5.625
102,2010,180,2300,13.37,0,0,1.6611,0,5.625
101,2010,180,2400,13.2,16374,9965.2,2319.1,6.131
102,2010,180,2400,13.38,0,0,1.93,0,5.625
102,2010,181,100,13.39,0,0,1.843,0,5.625
102,2010,181,200,13.39,0,0,1.4158,0,5.625
102,2010,181,300,13.4,0,0,2.7762,0,5.62
102,2010,181,400,13.42,0,0,3.219,0,5.625
102,2010,181,500,13.43,.00791,0,1.6372,0,5.609
102,2010,181,600,13.43,0,0,2.1987,0,5.598
102,2010,181,700,13.44,0,0,1.8033,0,5.576
102,2010,181,800,13.42,55.471,38.694,10.18,0,14.57
102,2010,181,900,13.38,535.68,226,92.209,.566,132.4
102,2010,181,1000,13.31,1247.4,371.3,193.32,1,244
102,2010,181,1100,13.25,1994.5,455.46,282.66,1,358.6
102,2010,181,1200,13.18,2521.1,559.63,345.47,.983,470.2
102,2010,181,1300,13.17,2440.4,802.78,322.03,.7,391.8
102,2010,181,1400,13.17,2568.5,712.25,338.48,.766,451.5
102,2010,181,1500,13.15,2493.3,720.14,329.76,.783,513.7
102,2010,181,1600,13.15,2390.2,630.08,323.92,.9,594.2
102,2010,181,1700,13.15,1621.6,583.07,230.33,.716,465.9
102,2010,181,1800,13.18,1321.8,539.79,200.41,1,493.1
102,2010,181,1900,13.22,345.24,222.73,50.177,.733,170
102,2010,181,2000,13.25,38.895,30.698,7.491,0,21.33
102,2010,181,2100,13.28,0,0,2.2463,0,5.294
102,2010,181,2200,13.32,0,0,3.14,0,5.295
102,2010,181,2300,13.35,0,0,3.5436,0,5.295
101,2010,181,2400,13.15,19574,5892.6,2754,9.15
102,2010,181,2400,13.38,0,0,3.7729,0,5.295
102,2010,182,100,13.4,0,0,4.5953,0,5.289
102,2010,182,200,13.41,0,0,3.1083,0,5.278
102,2010,182,300,13.43,0,0,3.4803,0,5.206
102,2010,182,400,13.45,0,0,3.7255,0,5.162
102,2010,182,500,13.47,0,0,3.67,0,5.141
102,2010,182,600,13.48,0,0,4.2869,0,5.102
102,2010,182,700,13.49,0,0,3.5276,0,5.031
102,2010,182,800,13.49,48.244,36.495,10.291,0,12.88
102,2010,182,900,13.45,475.82,299.9,76.486,.217,92.3
102,2010,182,1000,13.35,1242,359.89,189.54,1,234
102,2010,182,1100,13.27,2065.5,401,297.33,1,371
102,2010,182,1200,13.22,2580,459.73,355.46,1,494.7
102,2010,182,1300,13.19,2844.6,511.12,379.68,1,548.6
102,2010,182,1400,13.16,3105.5,566.4,403.75,1,584.7
102,2010,182,1500,13.15,2733.9,622.91,360.22,1,597.6
102,2010,182,1600,13.14,2318.1,687.1,315.87,.866,569.7
102,2010,182,1700,13.16,1527.8,794.38,213.69,.616,325.4
102,2010,182,1800,13.19,991.73,577.98,147.05,1,294.9
102,2010,182,1900,13.24,231.93,161.51,34.6,.25,91
102,2010,182,2000,13.27,29.109,20.975,6.3359,.05,22.6
102,2010,182,2100,13.32,0,0,3.227,0,5.294
102,2010,182,2200,13.34,0,0,3.5672,0,5.295
102,2010,182,2300,13.36,0,0,2.9346,0,5.295
101,2010,182,2400,13.14,20194,5499.4,2829.3,9
102,2010,182,2400,13.38,0,0,2.887,0,5.295
102,2010,183,100,13.39,0,0,3.7412,0,5.278
102,2010,183,200,13.41,0,0,1.6688,0,5.217
102,2010,183,300,13.43,0,0,2.1593,0,5.068
102,2010,183,400,13.45,0,0,3.0294,0,5.03
102,2010,183,500,13.46,0,0,2.9582,0,5.008
102,2010,183,600,13.47,0,0,4.3502,0,5.02
102,2010,183,700,13.48,0,0,3.235,0,5.053
102,2010,183,800,13.48,47.157,27.062,8.8746,0,19.85
102,2010,183,900,13.4,626.85,177.69,101.38,.85,165.9
102,2010,183,1000,13.32,1426.2,282.15,215.09,1,267.3
102,2010,183,1100,13.27,2162.8,381.47,304.81,1,370.1
102,2010,183,1200,13.24,2667.7,357.9,359.05,1,511.1
102,2010,183,1300,13.2,2979.7,365.08,388.52,1,590.6
102,2010,183,1400,13.18,3095.2,462.66,397.52,1,634.7
102,2010,183,1500,13.16,2610.4,699.29,340.42,.816,544.4
102,2010,183,1600,13.16,1741.2,859.39,235.44,.5,310.5
102,2010,183,1700,13.17,1317.6,723.5,188.13,.433,253.4
102,2010,183,1800,13.19,1034.8,413.03,156.47,.7,412.2
102,2010,183,1900,13.22,548.71,188.13,86.906,.966,386.5
102,2010,183,2000,13.25,19.436,14.468,2.9111,0,14.85
102,2010,183,2100,13.3,0,0,1.5424,0,5.294
102,2010,183,2200,12.84,0,0,1.9536,0,5.294
102,2010,183,2300,12.81,0,0,2.4758,0,5.295
101,2010,183,2400,12.79,20278,4951.8,2816.1,9.26
102,2010,183,2400,12.79,0,0,3.504,0,5.295
102,2010,184,100,12.78,0,0,3.8281,0,5.295
102,2010,184,200,12.77,0,0,3.3298,0,5.295
102,2010,184,300,12.76,0,0,3.4643,0,5.272
102,2010,184,400,12.76,0,0,3.8361,0,5.201
102,2010,184,500,12.75,0,0,2.6735,0,5.185
102,2010,184,600,12.74,0,0,3.4565,0,5.069
102,2010,184,700,12.74,0,0,4.3344,0,5.185
102,2010,184,800,12.74,57.101,36.405,12.861,0,20.68
102,2010,184,900,12.74,596.86,205.49,95.255,.733,152.3
102,2010,184,1000,12.74,1361.5,308.6,205.24,1,262.6
102,2010,184,1100,12.77,2111.6,351.78,298.05,1,377.4
102,2010,184,1200,12.79,2642.7,374.87,355.96,1,505.7
102,2010,184,1300,12.81,2941.8,426.36,379.41,1,564.2
102,2010,184,1400,12.82,2947.5,678.83,379.28,.916,525.7
102,2010,184,1500,13.14,2922.7,651.16,383.98,1,633.3
102,2010,184,1600,13.14,2407.5,459.99,324.33,.9,652.3
102,2010,184,1700,13.14,1887.8,424.68,268.41,.933,627.3
102,2010,184,1800,13.16,1369.6,345.26,208.07,1,626.8
102,2010,184,1900,13.2,586.99,192.35,94.109,1,430.9
102,2010,184,2000,13.24,39.348,22.273,7.2858,.183,47.37
102,2010,184,2100,13.29,0,0,1.5898,0,5.294
102,2010,184,2200,13.33,0,0,2.3569,0,5.294
102,2010,184,2300,13.36,0,0,3.8758,0,5.295
101,2010,184,2400,12.74,21873,4478,3048.6,10.66
102,2010,184,2400,13.38,0,0,3.5831,0,5.295
102,2010,185,100,13.4,0,0,4.4451,0,5.261
102,2010,185,200,13.42,.01582,0,5.4415,0,5.283
102,2010,185,300,13.42,0,0,2.6417,0,5.195
102,2010,185,400,13.45,0,0,3.4406,0,5.107
102,2010,185,500,13.47,0,0,3.4565,0,5.014
102,2010,185,600,13.49,0,0,3.9629,0,4.992
102,2010,185,700,13.5,.00791,0,3.5359,0,5.031
102,2010,185,800,13.5,54.455,35.521,14.341,0,19.97
102,2010,185,900,13.44,595.46,207.48,96.132,.75,154
102,2010,185,1000,13.33,1386.4,311.41,206.2,1,279.9
102,2010,185,1100,13.27,2138.3,419.23,293.77,1,410.9
102,2010,185,1200,13.22,2636.6,546.08,349.33,1,516.1
102,2010,185,1300,13.2,2932.8,590.08,380.52,1,608.1
102,2010,185,1400,13.17,3091.9,570.72,391.41,1,659