,58,200,12.86,0,0,-.385
102,2010,58,300,12.85,0,0,-.441
102,2010,58,400,12.85,.00958,0,-.275
102,2010,58,500,12.84,0,0,-.281
102,2010,58,600,12.84,0,0,-.27
102,2010,58,700,12.84,0,0,-.474
102,2010,58,800,12.56,57.929,0,-.551
102,2010,58,900,12.63,467.73,0,-.391
102,2010,58,1000,12.78,887.84,0,-.303
102,2010,58,1100,13.63,1534.1,0,-.248
102,2010,58,1200,13.77,1655.6,0,-.248
102,2010,58,1300,13.75,1272,0,-.281
102,2010,58,1400,13.73,2120.8,0,-.27
102,2010,58,1500,13.72,1665.7,0,-.27
102,2010,58,1600,13.71,1298.8,0,-.264
102,2010,58,1700,13.7,1207.9,0,-.264
102,2010,58,1800,13.69,761.66,0,-.308
102,2010,58,1900,13.6,178.15,0,-.33
102,2010,58,2000,13.3,4.9328,0,-.259
102,2010,58,2100,13.71,0,0,-.275
102,2010,58,2200,13.73,.03832,0,-.264
102,2010,58,2300,13.76,0,0,-.363
101,2010,58,2400,12.56,13113,0
102,2010,58,2400,13.75,0,0,-.303
102,2010,59,100,13.77,0,0,-.259
102,2010,59,200,13.77,0,0,-.27
102,2010,59,300,13.77,0,0,-.424
102,2010,59,400,13.77,0,0,-.468
102,2010,59,500,13.78,0,0,-.463
102,2010,59,600,13.78,0,0,-.523
102,2010,59,700,13.78,0,0,-.556
102,2010,59,800,13.78,63.996,0,-.6
102,2010,59,900,13.79,296.5,0,-.418
102,2010,59,1000,13.78,784.76,0,-.259
102,2010,59,1100,13.76,904.65,0,-.27
102,2010,59,1200,13.74,1513.4,0,-.231
102,2010,59,1300,13.73,1231.2,0,-.248
102,2010,59,1400,13.72,845.1,0,-.264
102,2010,59,1500,13.75,329.45,0,-.286
102,2010,59,1600,13.75,938.59,0,-.27
102,2010,59,1700,13.73,977.37,0,-.242
102,2010,59,1800,13.72,1482.6,0,-.248
102,2010,59,1900,13.72,331.06,0,-.303
102,2010,59,2000,13.72,8.6207,0,-.226
102,2010,59,2100,13.73,0,0,-.27
102,2010,59,2200,13.73,1.0728,0,-.528
102,2010,59,2300,13.75,.09579,0,-.606
101,2010,59,2400,13.72,9709,0
102,2010,59,2400,13.75,.49812,0,.688
102,2010,60,100,13.76,1.1495,.083,2.004
102,2010,60,200,13.78,.0958,0,1.063
102,2010,60,300,13.78,.07664,0,.986
102,2010,60,400,13.78,.03832,0,1.327
102,2010,60,500,13.79,.03832,0,2.417
102,2010,60,600,13.79,0,0,7.3
102,2010,60,700,13.79,0,0,5.836
102,2010,60,800,13.8,36.357,0,6.464
102,2010,60,900,13.8,235.59,0,6.927
102,2010,60,1000,12.42,218.37,0,8.4
102,2010,60,1100,12.63,392.21,0,3.502
102,2010,60,1200,12.75,805.95,0,-.011
102,2010,60,1300,12.98,1278.1,0,-.275
102,2010,60,1400,13.61,1916.9,0,-.248
102,2010,60,1500,13.62,1781.6,0,-.253
102,2010,60,1600,12.87,1445.8,0,-.275
102,2010,60,1700,13.63,1233.3,0,-.275
102,2010,60,1800,13.13,1218.6,0,-.319
102,2010,60,1900,13.36,210.76,0,-.314
102,2010,60,2000,13.2,18.315,0,-.248
102,2010,60,2100,13.07,0,0,-.242
102,2010,60,2200,12.99,0,0,-.264
102,2010,60,2300,12.93,0,0,-.259
101,2010,60,2400,12.42,10793,.083
102,2010,60,2400,12.9,0,0,-.242
102,2010,61,100,12.87,0,0,-.286
102,2010,61,200,12.85,0,0,-.259
102,2010,61,300,12.84,0,0,-.281
102,2010,61,400,12.84,0,0,-.292
102,2010,61,500,12.83,0,0,-.468
102,2010,61,600,12.83,0,0,-.562
102,2010,61,700,12.83,0,0,-.463
102,2010,61,800,12.83,44.739,0,-.435
102,2010,61,900,13.11,406.8,0,-.292
102,2010,61,1000,13.67,954.25,0,-.237
102,2010,61,1100,13.76,1139.3,0,-.253
102,2010,61,1200,13.74,672.52,0,-.226
102,2010,61,1300,13.73,548.65,0,-.248
102,2010,61,1400,13.71,668.12,0,-.237
102,2010,61,1500,13.7,774.15,0,-.281
102,2010,61,1600,13.6,1529.8,0,-.286
102,2010,61,1700,13.36,1518.2,0,-.231
102,2010,61,1800,13.4,1239.6,0,-.275
102,2010,61,1900,13.59,461.27,0,-.297
102,2010,61,2000,13.19,17.969,0,-.281
102,2010,61,2100,13.06,0,0,-.292
102,2010,61,2200,12.97,0,0,-.264
102,2010,61,2300,12.91,0,0,-.292
101,2010,61,2400,12.83,9975.3,0
102,2010,61,2400,12.87,0,0,-.242
102,2010,62,100,12.84,0,0,-.264
102,2010,62,200,12.81,0,0,-.248
102,2010,62,300,12.8,0,0,-.242
102,2010,62,400,12.79,.02874,0,-.264
102,2010,62,500,12.79,.05747,0,-.281
102,2010,62,600,12.79,.09579,0,-.231
102,2010,62,700,12.8,.00958,0,-.297
102,2010,62,800,12.8,38.815,0,-.281
102,2010,62,900,13.75,382.63,0,-.281
102,2010,62,1000,13.73,476.75,0,-.319
102,2010,62,1100,13.73,759.87,0,-.303
102,2010,62,1200,13.71,903,0,-.297
102,2010,62,1300,13.7,901.94,0,-.259
102,2010,62,1400,13.67,838.13,0,-.275
102,2010,62,1500,13.67,881.19,0,-.314
102,2010,62,1600,13.65,927,0,-.292
102,2010,62,1700,13.65,879.78,0,-.259
102,2010,62,1800,13.65,634.49,0,-.242
102,2010,62,1900,13.66,146.65,0,-.204
102,2010,62,2000,13.67,3.0076,0,-.22
102,2010,62,2100,13.69,0,0,-.242
102,2010,62,2200,13.71,0,0,-.242
102,2010,62,2300,13.72,0,0,-.264
101,2010,62,2400,12.79,7773.4,0
102,2010,62,2400,13.73,0,0,-.259
102,2010,63,100,13.73,0,0,-.253
102,2010,63,200,13.73,0,0,-.231
102,2010,63,300,13.75,0,0,-.253
102,2010,63,400,13.75,0,0,-.187
102,2010,63,500,13.75,0,0,-.242
102,2010,63,600,13.76,0,0,-.54
102,2010,63,700,13.77,0,0,-.501
102,2010,63,800,13.77,44.335,0,-.518
102,2010,63,900,13.78,343.62,0,-.204
102,2010,63,1000,13.78,577.58,0,-.27
102,2010,63,1100,13.77,1064,0,-.286
102,2010,63,1200,13.75,1240.2,0,-.308
102,2010,63,1300,13.73,972.65,0,-.292
102,2010,63,1400,13.71,1317.8,0,-.314
102,2010,63,1500,13.7,898.28,0,-.303
102,2010,63,1600,13.7,670.67,0,-.281
102,2010,63,1700,13.7,428.18,0,-.253
102,2010,63,1800,13.73,95.473,0,-.237
102,2010,63,1900,13.73,76.335,0,-.567
102,2010,63,2000,13.74,8.9945,0,-.523
102,2010,63,2100,13.75,0,0,-.539
102,2010,63,2200,13.76,0,0,-.589
102,2010,63,2300,13.76,0,0,-.589
101,2010,63,2400,13.7,7738.1,0
102,2010,63,2400,13.77,0,0,-.567
102,2010,64,100,13.78,0,0,-.556
102,2010,64,200,13.78,0,0,-.54
102,2010,64,300,13.79,0,0,-.529
102,2010,64,400,13.79,0,0,-.556
102,2010,64,500,13.8,0,0,-.468
102,2010,64,600,13.8,0,0,-.534
102,2010,64,700,13.81,0,0,-.562
102,2010,64,800,13.82,54.52,0,-.551
102,2010,64,900,13.82,186.28,0,-.286
102,2010,64,1000,13.8,256.41,0,-.253
102,2010,64,1100,13.66,295.82,0,-.253
102,2010,64,1200,13.56,328.81,0,-.297
102,2010,64,1300,13.74,462.42,0,-.281
102,2010,64,1400,13.72,795.59,0,-.27
102,2010,64,1500,13.71,2413.5,0,-.264
102,2010,64,1600,13.69,2442.9,0,-.281
102,2010,64,1700,13.68,1763,0,-.27
102,2010,64,1800,12.65,458.28,0,-.281
102,2010,64,1900,13.68,184.21,0,-.275
102,2010,64,2000,13.68,28.419,0,-.242
102,2010,64,2100,13.7,0,0,-.22
102,2010,64,2200,13.71,0,0,-.226
102,2010,64,2300,13.72,.06705,0,-.27
101,2010,64,2400,12.65,9670.3,0
102,2010,64,2400,13.73,0,0,-.264
102,2010,65,100,13.73,.0479,0,-.281
102,2010,65,200,13.73,.67053,0,-.407
102,2010,65,300,13.75,1.6668,0,-.694
102,2010,65,400,13.77,0,0,-.54
102,2010,65,500,13.77,0,0,-.496
102,2010,65,600,13.77,0,0,-.457
102,2010,65,700,13.78,.25865,0,-.226
102,2010,65,800,13.78,38.578,0,-.231
102,2010,65,900,13.78,284.9,0,-.65
102,2010,65,1000,13.78,765.1,0,-.226
102,2010,65,1100,13.77,1043.7,0,-.248
102,2010,65,1200,13.76,616.07,0,-.259
102,2010,65,1300,13.76,678.77,0,-.336
102,2010,65,1400,13.75,624,0,-.248
102,2010,65,1500,13.74,1041.4,0,-.27
102,2010,65,1600,13.73,922.81,0,-.292
102,2010,65,1700,13.73,1302.5,0,-.281
102,2010,65,1800,13.72,1269.8,0,-.259
102,2010,65,1900,13.72,650.5,0,-.27
102,2010,65,2000,13.73,6.9255,0,-.628
102,2010,65,2100,13.75,0,0,-.534
102,2010,65,2200,13.75,0,0,-.495
102,2010,65,2300,13.76,0,0,-.506
101,2010,65,2400,13.72,9247.7,0
102,2010,65,2400,13.76,0,0,-.556
102,2010,66,100,13.77,0,0,-.562
102,2010,66,200,13.77,0,0,-.545
102,2010,66,300,13.78,0,0,-.584
102,2010,66,400,13.78,0,0,-.545
102,2010,66,500,13.79,0,0,-.611
102,2010,66,600,13.8,0,0,-.578
102,2010,66,700,13.8,0,0,-.479
102,2010,66,800,13.8,87.621,0,-.33
102,2010,66,900,13.8,406.15,0,-.275
102,2010,66,1000,13.79,342.34,0,-.264
102,2010,66,1100,13.78,338.41,0,-.264
102,2010,66,1200,13.75,519.86,0,-.27
102,2010,66,1300,13.74,886.85,0,-.275
102,2010,66,1400,13.72,1405.6,0,-.248
102,2010,66,1500,13.7,2856.2,0,-.275
102,2010,66,1600,13.68,2593.7,0,-.27
102,2010,66,1700,13.68,1839.9,0,-.27
102,2010,66,1800,13.68,1588.2,0,-.242
102,2010,66,1900,13.68,125.17,0,-.204
102,2010,66,2000,13.7,3.7546,0,-.264
102,2010,66,2100,13.71,0,0,-.22
102,2010,66,2200,13.72,0,0,-.259
102,2010,66,2300,13.72,0,0,-.281
101,2010,66,2400,13.68,12994,0
102,2010,66,2400,13.73,0,0,-.237
102,2010,67,100,13.73,0,0,-.27
102,2010,67,200,13.73,0,0,-.264
102,2010,67,300,13.74,0,0,-.248
102,2010,67,400,13.75,0,0,-.253
102,2010,67,500,13.75,0,0,-.259
102,2010,67,600,13.77,0,0,-.292
102,2010,67,700,13.77,0,0,-.264
102,2010,67,800,13.78,48.206,0,-.286
102,2010,67,900,13.78,299.08,0,-.264
102,2010,67,1000,13.78,350.03,0,-.259
102,2010,67,1100,13.78,1118,0,-.286
102,2010,67,1200,13.76,922.59,0,-.27
102,2010,67,1300,13.73,1418.3,0,-.242
102,2010,67,1400,13.73,1827.1,0,-.303
102,2010,67,1500,13.72,1542.9,0,-.308
102,2010,67,1600,13.71,1473.2,0,-.281
102,2010,67,1700,13.7,1057.5,0,-.286
102,2010,67,1800,13.7,555.2,0,-.187
102,2010,67,1900,13.7,181.06,0,-.341
102,2010,67,2000,13.73,11.993,0,-.215
102,2010,67,2100,13.06,0,0,-.27
102,2010,67,2200,13.76,0,0,-.27
102,2010,67,2300,13.76,0,0,-.402
101,2010,67,2400,13.06,10805,0
102,2010,67,2400,13.77,0,0,-.589
102,2010,68,100,13.77,0,0,-.573
102,2010,68,200,13.77,0,0,-.562
102,2010,68,300,13.78,0,0,-.27
102,2010,68,400,13.79,0,0,-.242
102,2010,68,500,13.8,0,0,-.264
102,2010,68,600,13.8,0,0,-.463
102,2010,68,700,13.8,0,0,-.551
102,2010,68,800,13.81,75.022,0,-.545
102,2010,68,900,13.45,464.24,0,-.275
102,2010,68,1000,13.63,618.88,0,-.264
102,2010,68,1100,13.62,609.02,0,-.27
102,2010,68,1200,13.39,652.81,0,-.259
102,2010,68,1300,12.46,858.73,0,-.226
102,2010,68,1400,13.34,2344,0,-.248
102,2010,68,1500,13.31,1446.3,0,-.226
102,2010,68,1600,12.37,1032.2,0,-.27
102,2010,68,1700,13.41,1065,0,-.231
102,2010,68,1800,13.2,1114.3,0,-.27
102,2010,68,1900,13.6,522.15,0,-.264
102,2010,68,2000,13.19,12.892,0,-.275
102,2010,68,2100,13.06,0,0,-.27
102,2010,68,2200,12.97,0,0,-.248
102,2010,68,2300,12.9,0,0,-.275
101,2010,68,2400,12.37,10816,0
102,2010,68,2400,12.86,0,0,-.286
102,2010,69,100,12.83,0,0,-.275
102,2010,69,200,12.79,0,0,-.204
102,2010,69,300,12.78,0,0,-.259
102,2010,69,400,12.78,0,0,-.253
102,2010,69,500,12.77,0,0,-.22
102,2010,69,600,12.77,0,0,-.215
102,2010,69,700,12.78,0,0,-.248
102,2010,69,800,12.78,72.274,0,-.237
102,2010,69,900,13.64,302.97,0,-.264
102,2010,69,1000,12.82,469.98,0,-.297
102,2010,69,1100,13.42,449.75,0,-.259
102,2010,69,1200,13.17,484.8,0,-.248
102,2010,69,1300,13.14,527.75,0,-.275
102,2010,69,1400,13.44,506.62,0,-.286
102,2010,69,1500,13.55,492.74,0,-.292
102,2010,69,1600,13.54,536.62,0,-.242
102,2010,69,1700,13.53,892.66,0,-.242
102,2010,69,1800,13.54,1194.2,0,-.264
102,2010,69,1900,13.53,416.68,0,-.226
102,2010,69,2000,13.17,9.1093,0,-.275
102,2010,69,2100,13.05,0,0,-.292
102,2010,69,2200,12.96,0,0,-.303
102,2010,69,2300,12.9,0,0,-.275
101,2010,69,2400,12.77,6356.1,0
102,2010,69,2400,12.85,0,0,-.297
102,2010,70,100,12.82,0,0,-.259
102,2010,70,200,12.81,0,0,-.253
102,2010,70,300,12.79,0,0,-.215
102,2010,70,400,12.78,0,0,-.237
102,2010,70,500,12.78,0,0,-.231
102,2010,70,600,12.77,0,0,-.297
102,2010,70,700,12.77,0,0,-.242
102,2010,70,800,12.76,57.54,0,-.292
102,2010,70,900,13.41,218.12,0,-.27
102,2010,70,1000,12.87,313.43,0,-.259
102,2010,70,1100,13.7,381.58,0,-.281
102,2010,70,1200,13.68,476.72,0,-.248
102,2010,70,1300,13.02,514.19,0,-.319
102,2010,70,1400,13.66,664.41,0,-.27
102,2010,70,1500,13.64,997,0,-.27
102,2010,70,1600,13.63,1338.2,0,-.242
102,2010,70,1700,13.63,1217.6,0,-.231
102,2010,70,1800,13.55,748.26,0,-.297
102,2010,70,1900,13.51,249.57,0,-.319
102,2010,70,2000,13.38,9.4157,0,-.242
102,2010,70,2100,13.66,0,0,-.187
102,2010,70,2200,13.67,0,0,-.176
102,2010,70,2300,13.68,0,0,-.242
101,2010,70,2400,12.76,7186.1,0
102,2010,70,2400,13.7,0,0,-.22
102,2010,71,100,13.7,0,0,-.226
102,2010,71,200,13.71,0,0,-.242
102,2010,71,300,13.72,0,0,-.187
102,2010,71,400,13.73,0,0,-.198
102,2010,71,500,13.74,0,0,-.209
102,2010,71,600,13.75,0,0,-.226
102,2010,71,700,13.76,0,0,-.264
102,2010,71,800,13.77,72.035,0,-.27
102,2010,71,900,13.77,271.39,0,-.264
102,2010,71,1000,13.75,404.46,0,-.286
102,2010,71,1100,13.7,470.01,0,-.259
102,2010,71,1200,13.43,479.55,0,-.297
102,2010,71,1300,13.25,497.95,0,-.292
102,2010,71,1400,13.67,513,0,-.215
102,2010,71,1500,13.66,613.68,0,-.231
102,2010,71,1600,13.65,1718.4,0,-.226
102,2010,71,1700,13.63,2267.1,0,-.209
102,2010,71,1800,13.41,1394.4,0,-.264
102,2010,71,1900,13.27,461.96,0,-.242
102,2010,71,2000,13.64,8.8029,0,-.193
102,2010,71,2100,13.65,0,0,-.231
102,2010,71,2200,13.67,0,0,-.215
102,2010,71,2300,13.68,0,0,-.226
101,2010,71,2400,13.25,9172.8,0
102,2010,71,2400,13.7,0,0,-.209
102,2010,72,100,13.7,0,0,-.204
102,2010,72,200,13.72,0,0,-.22
102,2010,72,300,13.72,0,0,-.248
102,2010,72,400,13.74,0,0,-.215
102,2010,72,500,13.75,0,0,-.198
102,2010,72,600,13.75,0,0,-.198
102,2010,72,700,13.75,0,0,-.22
102,2010,72,800,13.76,112.29,0,-.226
102,2010,72,900,13.77,446.62,0,-.204
102,2010,72,1000,13.76,590.91,0,-.242
102,2010,72,1100,13.73,765.98,0,-.286
102,2010,72,1200,13.71,967.57,0,-.303
102,2010,72,1300,13.68,948.61,0,-.297
102,2010,72,1400,13.66,1045.2,0,-.264
102,2010,72,1500,13.65,1287.4,0,-.275
102,2010,72,1600,13.63,1952.6,0,-.248
102,2010,72,1700,13.57,1654,0,-.27
102,2010,72,1800,13.38,1017.4,0,-.242
102,2010,72,1900,13.63,359.24,0,-.226
102,2010,72,2000,13.65,13.516,0,-.248
102,2010,72,2100,13.65,0,0,-.248
102,2010,72,2200,13.67,0,0,-.204
102,2010,72,2300,13.68,0,0,-.237
101,2010,72,2400,13.38,11161,0
102,2010,72,2400,13.7,0,0,-.198
102,2010,73,100,13.7,0,0,-.226
102,2010,73,200,13.72,0,0,-.187
102,2010,73,300,13.73,0,0,-.226
102,2010,73,400,13.75,0,0,-.226
102,2010,73,500,13.75,0,0,-.22
102,2010,73,600,13.76,0,0,-.242
102,2010,73,700,13.76,0,0,-.226
102,2010,73,800,13.77,76.519,0,-.204
102,2010,73,900,13.77,284.17,0,-.237
102,2010,73,1000,13.75,394.92,0,-.27
102,2010,73,1100,13.72,469.07,0,-.314
102,2010,73,1200,13.7,523.45,0,-.319
102,2010,73,1300,13.68,555.9,0,-.292
102,2010,73,1400,13.65,598.9,0,-.303
102,2010,73,1500,13.5,1114.4,0,-.297
102,2010,73,1600,13.49,2484.7,0,-.264
102,2010,73,1700,13.63,2232.4,0,-.341
102,2010,73,1800,13.62,1370.6,0,-.275
102,2010,73,1900,13.62,414.58,0,-.231
102,2010,73,2000,13.63,9.9334,0,-.226
102,2010,73,2100,13.65,0,0,-.215
102,2010,73,2200,13.66,0,0,-.198
102,2010,73,2300,13.67,0,0,-.209
101,2010,73,2400,13.49,10530,0
102,2010,73,2400,13.68,0,0,-.248
102,2010,74,100,13.69,0,0,-.182
102,2010,74,200,13.71,0,0,-.226
102,2010,74,300,13.72,0,0,-.248
102,2010,74,400,13.73,0,0,-.231
102,2010,74,500,13.74,0,0,-.226
102,2010,74,600,13.75,0,0,-.231
102,2010,74,700,13.76,0,0,-.215
102,2010,74,800,13.77,93.549,0,-.182
102,2010,74,900,13.76,366.47,0,-.22
102,2010,74,1000,13.75,559.86,0,-.264
102,2010,74,1100,13.72,689.6,0,-.275
102,2010,74,1200,13.7,774.47,0,-.275
102,2010,74,1300,13.66,879.41,0,-.286
102,2010,74,1400,13.65,1144.6,0,-.242
102,2010,74,1500,13.64,1746.3,0,-.248
102,2010,74,1600,13.64,1955.3,0,-.242
102,2010,74,1700,13.63,1420.5,0,-.237
102,2010,74,1800,13.63,818.33,0,-.275
102,2010,74,1900,13.64,287.48,0,-.259
102,2010,74,2000,13.64,8.937,0,-.242
102,2010,74,2100,13.66,0,0,-.226
102,2010,74,2200,13.67,0,0,-.209
102,2010,74,2300,13.68,0,0,-.237
101,2010,74,2400,13.63,10745,0
102,2010,74,2400,13.69,0,0,-.259
102,2010,75,100,13.7,0,0,-.149
102,2010,75,200,13.71,0,0,-.22
102,2010,75,300,13.72,0,0,-.209
102,2010,75,400,13.72,0,0,-.22
102,2010,75,500,13.72,0,0,-.237
102,2010,75,600,13.73,0,0,-.231
102,2010,75,700,13.74,0,0,-.253
102,2010,75,800,13.75,115.86,0,-.27
102,2010,75,900,13.75,389.28,0,-.215
102,2010,75,1000,13.74,606.09,0,-.297
102,2010,75,1100,13.72,615.96,0,-.281
102,2010,75,1200,13.69,810.26,0,-.303
102,2010,75,1300,13.66,1209.5,0,-.242
102,2010,75,1400,13.65,1451.5,0,-.248
102,2010,75,1500,13.63,1760.8,0,-.27
102,2010,75,1600,13.63,2380.3,0,-.226
102,2010,75,1700,13.61,1871.2,0,-.248
102,2010,75,1800,13.61,1355,0,-.264
102,2010,75,1900,13.61,289.48,0,-.253
102,2010,75,2000,13.63,5.2685,0,-.226
102,2010,75,2100,13.63,.00958,0,-.253
102,2010,75,2200,13.65,0,0,-.226
102,2010,75,2300,13.65,0,0,-.253
101,2010,75,2400,13.61,12860,0
102,2010,75,2400,13.67,0,0,-.297
102,2010,76,100,13.68,0,0,-.297
102,2010,76,200,13.69,0,0,-.292
102,2010,76,300,13.7,0,0,-.264
102,2010,76,400,13.7,0,0,-.27
102,2010,76,500,13.71,0,0,-.242
102,2010,76,600,13.72,0,0,-.292
102,2010,76,700,13.73,0,0,-.242
102,2010,76,800,13.73,94.832,0,-.264
102,2010,76,900,13.73,432.35,0,-.259
102,2010,76,1000,13.72,617.77,0,-.303
102,2010,76,1100,13.7,831.99,0,-.237
102,2010,76,1200,13.69,1004.5,0,-.248
102,2010,76,1300,13.66,1011.5,0,-.242
102,2010,76,1400,13.65,1423.8,0,-.248
102,2010,76,1500,13.64,1893.8,0,-.22
102,2010,76,1600,13.63,2677.2,0,-.248
102,2010,76,1700,13.62,2016.8,0,-.248
102,2010,76,1800,13.61,1343.4,0,-.237
102,2010,76,1900,13.61,264.62,0,-.27
102,2010,76,2000,13.62,6.4371,0,-.248
102,2010,76,2100,13.63,0,0,-.237
102,2010,76,2200,13.65,0,0,-.204
102,2010,76,2300,13.66,0,0,-.193
101,2010,76,2400,13.61,13619,0
102,2010,76,2400,13.67,0,0,-.259
102,2010,77,100,13.68,0,0,-.231
102,2010,77,200,13.69,0,0,-.259
102,2010,77,300,13.69,0,0,-.248
102,2010,77,400,13.7,0,0,-.281
102,2010,77,500,13.72,0,0,-.248
102,2010,77,600,13.73,0,0,-.253
102,2010,77,700,13.73,0,0,-.314
102,2010,77,800,13.74,90.179,0,-.286
102,2010,77,900,13.75,361.63,0,-.27
102,2010,77,1000,13.73,701.57,0,-.248
102,2010,77,1100,13.71,1103.7,0,-.264
102,2010,77,1200,13.7,1411.4,0,-.226
102,2010,77,1300,13.68,1476.1,0,-.242
102,2010,77,1400,13.66,1681.7,0,-.281
102,2010,77,1500,13.66,1673.8,0,-.237
102,2010,77,1600,13.65,1370,0,-.231
102,2010,77,1700,13.64,989.01,0,-.292
102,2010,77,1800,13.64,695.69,0,-.325
102,2010,77,1900,13.64,332.93,0,-.286
102,2010,77,2000,13.65,7.6151,0,-.259
102,2010,77,2100,13.66,0,0,-.215
102,2010,77,2200,13.66,0,0,-.237
102,2010,77,2300,13.67,0,0,-.27
101,2010,77,2400,13.64,11895,0
102,2010,77,2400,13.69,.02873,0,-.275
102,2010,78,100,13.69,0,0,-.259
102,2010,78,200,13.7,0,0,-.424
102,2010,78,300,13.7,0,0,-.506
102,2010,78,400,13.72,0,0,-.617
102,2010,78,500,13.72,0,0,-.655
102,2010,78,600,13.72,0,0,-.512
102,2010,78,700,13.72,0,0,-.551
102,2010,78,800,12.96,88.416,0,-.677
102,2010,78,900,12.86,438.67,0,-.325
102,2010,78,1000,13.74,836.22,0,-.275
102,2010,78,1100,13.73,1125.6,0,-.259
102,2010,78,1200,13.72,1163.3,0,-.259
102,2010,78,1300,13.7,1345.8,0,-.253
102,2010,78,1400,13.68,1231.7,0,-.275
102,2010,78,1500,13.66,2088.3,0,-.281
102,2010,78,1600,13.65,1595.1,0,-.275
102,2010,78,1700,13.65,1572.4,0,-.27
102,2010,78,1800,13.65,181.72,0,-.413
102,2010,78,1900,13.71,11.533,0,-.396
102,2010,78,2000,13.75,.0479,0,-.556
102,2010,78,2100,13.75,0,0,-.512
102,2010,78,2200,13.75,.05748,0,-.506
102,2010,78,2300,13.75,.03832,0,-.545
101,2010,78,2400,12.86,11679,0
102,2010,78,2400,13.75,.00958,0,-.534
102,2010,79,100,13.74,.02874,0,-.551
102,2010,79,200,13.75,.01916,0,-.523
102,2010,79,300,13.75,0,0,-.429
102,2010,79,400,13.75,0,0,-.27
102,2010,79,500,13.77,0,0,-.264
102,2010,79,600,13.78,0,0,-.325
102,2010,79,700,13.78,0,0,-.27
102,2010,79,800,13.79,109.98,0,-.242
102,2010,79,900,13.78,598.61,.083,.463
102,2010,79,1000,13.78,1188.9,0,-.22
102,2010,79,1100,13.76,1712.4,0,-.242
102,2010,79,1200,13.75,1300,0,-.242
102,2010,79,1300,13.72,1501.8,0,-.275
102,2010,79,1400,13.7,1540.4,0,-.297
102,2010,79,1500,13.68,1477.8,0,-.242
102,2010,79,1600,13.68,1025.4,0,-.248
102,2010,79,1700,13.66,349.8,0,-.27
102,2010,79,1800,13.66,515.56,0,-.264
102,2010,79,1900,13.66,138.29,0,-.292
102,2010,79,2000,13.67,5.9386,0,-.462
102,2010,79,2100,13.72,0,0,-.523
102,2010,79,2200,13.73,0,0,-.484
102,2010,79,2300,13.73,0,0,-.44
101,2010,79,2400,13.66,11465,.083
102,2010,79,2400,13.73,0,0,-.479
102,2010,80,100,13.73,0,0,-.512
102,2010,80,200,13.73,0,0,-.567
102,2010,80,300,13.75,0,0,-.556
102,2010,80,400,13.76,0,0,-.584
102,2010,80,500,13.77,0,0,-.551
102,2010,80,600,13.78,0,0,-.556
102,2010,80,700,13.78,0,0,-.573
102,2010,80,800,13.78,115.95,0,-.666
102,2010,80,900,13.78,492.42,0,-.286
102,2010,80,1000,13.77,1140.9,0,-.259
102,2010,80,1100,13.75,1296.8,0,-.248
102,2010,80,1200,13.74,1375.7,0,-.281
102,2010,80,1300,13.72,921.35,0,-.281
102,2010,80,1400,13.7,875.09,0,-.242
102,2010,80,1500,13.69,750.86,0,-.242
102,2010,80,1600,13.68,746.67,0,-.242
102,2010,80,1700,13.68,352.94,0,-.49
102,2010,80,1800,13.73,308.93,0,-.446
102,2010,80,1900,13.72,179.15,0,-.253
102,2010,80,2000,13.72,5.4503,0,-.253
102,2010,80,2100,13.73,0,0,-.275
102,2010,80,2200,13.73,0,0,-.336
102,2010,80,2300,13.73,0,0,-.27
101,2010,80,2400,13.68,8562.2,0
102,2010,80,2400,13.73,0,0,-.248
102,2010,81,100,13.74,0,0,-.237
102,2010,81,200,13.75,0,0,-.424
102,2010,81,300,13.75,0,0,-.473
102,2010,81,400,13.76,0,0,-.567
102,2010,81,500,13.77,0,0,-.567
102,2010,81,600,13.77,0,0,-.534
102,2010,81,700,13.77,.03832,0,-.534
102,2010,81,800,13.77,89.234,0,-.584
102,2010,81,900,13.78,476.8,0,-.451
102,2010,81,1000,13.77,1277.1,0,-.209
102,2010,81,1100,13.75,1600.6,0,-.259
102,2010,81,1200,13.48,1003.7,0,-.27
102,2010,81,1300,13.74,1103.5,0,-.253
102,2010,81,1400,13.72,1001.3,0,-.248
102,2010,81,1500,13.71,1002.3,0,-.248
102,2010,81,1600,13.7,564.76,0,-.27
102,2010,81,1700,13.68,604.44,0,-.281
102,2010,81,1800,13.67,461.23,0,-.264
102,2010,81,1900,13.68,105.67,0,-.347
102,2010,81,2000,13.7,2.8447,0,-.198
102,2010,81,2100,13.7,0,0,-.292
102,2010,81,2200,13.71,0,0,-.253
102,2010,81,2300,13.72,0,0,-.27
101,2010,81,2400,13.48,9293.5,0
102,2010,81,2400,13.72,0,0,-.391
102,2010,82,100,13.73,0,0,-.424
102,2010,82,200,13.73,0,0,-.424
102,2010,82,300,13.73,0,0,-.407
102,2010,82,400,13.73,0,0,-.506
102,2010,82,500,13.75,0,0,-.517
102,2010,82,600,13.75,0,0,-.578
102,2010,82,700,13.76,.03832,0,-.567
102,2010,82,800,13.77,89.897,0,-.523
102,2010,82,900,13.77,369.38,0,-.264
102,2010,82,1000,13.77,724.6,0,-.248
102,2010,82,1100,13.74,742.42,0,-.248
102,2010,82,1200,13.73,1448.5,0,-.27
102,2010,82,1300,13.72,1612.4,0,-.242
102,2010,82,1400,13.7,1175.4,0,-.226
102,2010,82,1500,13.69,779.68,0,-.281
102,2010,82,1600,13.67,601.09,0,-.242
102,2010,82,1700,13.66,674.1,0,-.275
102,2010,82,1800,13.66,634.69,0,-.539
102,2010,82,1900,13.69,97.747,0,-.424
102,2010,82,2000,13.74,.182,0,.083
102,2010,82,2100,13.74,.59391,0,.055
102,2010,82,2200,13.75,0,0,.886
102,2010,82,2300,13.75,.02874,0,.501
101,2010,82,2400,13.66,8950.8,0
102,2010,82,2400,13.76,0,0,.534
102,2010,83,100,13.77,0,0,1.553
102,2010,83,200,12.84,0,0,1.927
102,2010,83,300,12.83,0,0,2.153
102,2010,83,400,12.83,0,0,2.346
102,2010,83,500,12.83,0,0,2.714
102,2010,83,600,12.82,0,0,3.182
102,2010,83,700,12.82,0,0,3.337
102,2010,83,800,12.58,31.452,0,3.871
102,2010,83,900,12.56,241.78,0,3.904
102,2010,83,1000,12.7,643.94,0,4.191
102,2010,83,1100,12.91,792.66,0,1.459
102,2010,83,1200,13.43,1413.2,0,-.149
102,2010,83,1300,13.79,1610.3,0,-.187
102,2010,83,1400,13.78,774.94,0,-.083
102,2010,83,1500,13.8,516.39,0,.094
102,2010,83,1600,13.82,1082.3,0,-.297
102,2010,83,1700,13.8,1113.8,0,-.253
102,2010,83,1800,13.78,595.32,0,-.297
102,2010,83,1900,13.78,144.51,0,-.259
102,2010,83,2000,13.78,2.0119,0,-.275
102,2010,83,2100,13.78,0,0,-.27
102,2010,83,2200,13.78,0,0,-.286
102,2010,83,2300,13.78,0,0,-.314
101,2010,83,2400,12.56,8962.5,0
102,2010,83,2400,13.78,0,0,-.507
102,2010,84,100,13.79,0,0,-.534
102,2010,84,200,13.8,0,0,-.38
102,2010,84,300,13.8,0,0,-.248
102,2010,84,400,13.82,0,0,-.303
102,2010,84,500,13.82,0,0,-.275
102,2010,84,600,13.82,0,0,-.264
102,2010,84,700,13.83,0,0,-.248
102,2010,84,800,13.84,114.44,0,-.352
102,2010,84,900,13.84,298.58,0,-.292
102,2010,84,1000,13.82,832.77,0,-.248
102,2010,84,1100,13.8,1044.1,0,-.27
102,2010,84,1200,13.78,946.11,0,-.237
102,2010,84,1300,13.77,1081.7,0,-.231
102,2010,84,1400,13.76,941.91,0,-.264
102,2010,84,1500,13.75,1454,0,-.264
102,2010,84,1600,13.73,966.11,0,-.314
102,2010,84,1700,13.74,105.14,0,-.259
102,2010,84,1800,13.77,48.59,0,-.248
102,2010,84,1900,13.78,55.633,0,-.226
102,2010,84,2000,13.78,2.0789,0,-.237
102,2010,84,2100,13.78,0,0,-.49
102,2010,84,2200,13.79,0,0,-.567
102,2010,84,2300,13.8,0,0,-.584
101,2010,84,2400,13.73,7891.1,0
102,2010,84,2400,13.8,0,0,-.573
102,2010,85,100,13.8,0,0,-.584
102,2010,85,200,13.8,0,0,-.578
102,2010,85,300,13.81,0,0,-.644
102,2010,85,400,13.81,0,0,-.545
102,2010,85,500,13.82,0,0,-.534
102,2010,85,600,13.82,0,0,-.446
102,2010,85,700,13.82,0,0,-.369
102,2010,85,800,13.82,150.19,0,-.286
102,2010,85,900,13.81,427.91,0,-.286
102,2010,85,1000,13.8,583.11,0,-.286
102,2010,85,1100,13.66,757.31,0,-.308
102,2010,85,1200,13.42,1337.7,0,-.281
102,2010,85,1300,12.74,1227.2,0,-.259
102,2010,85,1400,13.34,912.11,0,-.27
102,2010,85,1500,13.34,1157.1,0,-.237
102,2010,85,1600,12.54,1171.5,0,-.237
102,2010,85,1700,12.64,576.76,0,-.253
102,2010,85,1800,12.65,37.311,0,-.363
102,2010,85,1900,12.83,13.143,0,-.325
102,2010,85,2000,12.85,0,0,-.33
102,2010,85,2100,12.85,0,0,-.33
102,2010,85,2200,12.84,0,0,-.325
102,2010,85,2300,12.83,0,0,-.33
101,2010,85,2400,12.54,8351.3,0
102,2010,85,2400,12.83,0,0,-.325
102,2010,86,100,12.83,0,0,-.33
102,2010,86,200,12.82,0,0,-.33
102,2010,86,300,12.82,0,0,-.33
102,2010,86,400,12.81,0,0,-.33
102,2010,86,500,12.81,0,0,-.33
102,2010,86,600,12.81,0,0,-.33
102,2010,86,700,12.81,.05748,0,-.33
102,2010,86,800,12.81,105.98,0,-.33
102,2010,86,900,13.25,464.79,0,-.325
102,2010,86,1000,12.73,937.02,0,-.297
102,2010,86,1100,13.59,1060.4,0,-.336
102,2010,86,1200,13.46,1069.5,0,-.325
102,2010,86,1300,13.22,1423.8,0,-.314
102,2010,86,1400,13.3,839.19,0,-.314
102,2010,86,1500,13.23,371.33,0,-.33
102,2010,86,1600,13.16,743.96,0,-.325
102,2010,86,1700,12.45,328.94,0,-.363
102,2010,86,1800,12.56,46.822,0,-.407
102,2010,86,1900,12.55,6.5522,.267,246.7
102,2010,86,2000,13.73,.22991,.766,370.4
102,2010,86,2100,12.75,.00958,.5,323.9
102,2010,86,2200,12.75,0,.983,431.7
102,2010,86,2300,12.75,0,.583,869
101,2010,86,2400,12.45,1497.8,3.449
102,2010,86,2400,12.76,0,.35,443.3
102,2010,87,100,13.76,0,.217,353.6
102,2010,87,200,13.76,0,.533,664.2
102,2010,87,300,13.76,0,.6,773
102,2010,87,400,13.77,0,.433,559.5
102,2010,87,500,13.77,0,.866,864
102,2010,87,600,13.78,0,1,1334
102,2010,87,700,13.78,0,.9,1457
102,2010,87,800,13.78,50.708,.533,964
102,2010,87,900,12.55,128.68,.433,725
102,2010,87,1000,12.48,634.15,.15,332.9
102,2010,87,1100,13.34,1095.7,0,147.7
102,2010,87,1200,13.6,1717.6,0,134.7
102,2010,87,1300,13.75,1392.4,0,192.2
102,2010,87,1400,13.73,1794.5,0,150.8
102,2010,87,1500,13.72,1393.8,0,89.5
102,2010,87,1600,13.71,1203.6,0,78.2
102,2010,87,1700,13.7,1715.8,0,81
102,2010,87,1800,13.7,1378.7,0,75.5
102,2010,87,1900,13.7,458.39,0,67.18
102,2010,87,2000,13.7,14.119,0,79
102,2010,87,2100,13.72,0,0,110.7
102,2010,87,2200,13.72,0,0,162.1
102,2010,87,2300,13.73,0,.05,285.5
101,2010,87,2400,12.48,12978,6.414
102,2010,87,2400,13.74,0,.7,624.5
102,2010,88,100,13.75,0,1,742
102,2010,88,200,13.77,0,.766,536.1
102,2010,88,300,13.77,0,.35,455.6
102,2010,88,400,13.78,0,.516,944
102,2010,88,500,13.78,0,.516,941
102,2010,88,600,13.78,0,.516,949
102,2010,88,700,13.79,0,.716,1324
102,2010,88,800,13.8,63.939,.65,1428
102,2010,88,900,13.8,490.97,.783,800
102,2010,88,1000,13.78,719.55,.217,375.3
102,2010,88,1100,13.78,767.18,0,187.6
102,2010,88,1200,13.76,702.52,0,148.8
102,2010,88,1300,13.75,781.13,0,123.5
102,2010,88,1400,13.73,1086,0,107.4
102,2010,88,1500,13.72,1340.7,0,95.6
102,2010,88,1600,13.7,1529.8,0,90.9
102,2010,88,1700,13.7,2306.5,0,83.4
102,2010,88,1800,13.69,556.83,0,79.3
102,2010,88,1900,13.69,120.37,0,121.2
102,2010,88,2000,13.7,18.476,.033,160.9
102,2010,88,2100,13.72,0,.033,183
102,2010,88,2200,13.73,0,.167,220
102,2010,88,2300,13.77,.34485,.4,268.4
101,2010,88,2400,13.69,10484,6.964
102,2010,88,2400,13.77,0,.3,241.7
102,2010,89,100,13.78,0,.417,336.6
102,2010,89,200,13.78,.00958,.433,439.7
102,2010,89,300,13.78,0,.4,540.8
102,2010,89,400,13.78,0,.333,582.4
102,2010,89,500,13.78,0,.333,343.8
102,2010,89,600,13.8,.01916,.966,586.2
102,2010,89,700,13.8,0,.6,470.6
102,2010,89,800,13.8,61.793,.217,290.1
102,2010,89,900,13.8,570.98,.5,447.5
102,2010,89,1000,13.79,907.15,.233,333.3
102,2010,89,1100,13.77,716.74,0,209
102,2010,89,1200,13.75,397.48,0,182.3
102,2010,89,1300,12.85,764.66,0,136
102,2010,89,1400,13.21,733.98,0,113.9
102,2010,89,1500,13.7,897.23,0,123.5
102,2010,89,1600,13.7,1172.9,0,98.8
102,2010,89,1700,13.7,749.01,.25,206.5
102,2010,89,1800,13.72,283.39,.05,-21.27
102,2010,89,1900,13.72,92.611,0,61.88
102,2010,89,2000,13.72,3.8508,.4,366.7
102,2010,89,2100,13.73,.05748,.383,408.4
102,2010,89,2200,13.75,0,.25,293.6
102,2010,89,2300,13.75,0,.317,178.6
101,2010,89,2400,12.85,7351.9,6.464
102,2010,89,2400,13.75,0,.383,285.9
102,2010,90,100,13.75,0,.3,223.5
102,2010,90,200,13.76,0,.317,197.5
102,2010,90,300,13.77,0,.5,544.8
102,2010,90,400,13.77,0,.333,605.1
102,2010,90,500,13.77,0,.566,624.8
102,2010,90,600,13.78,0,.5,620.3
102,2010,90,700,13.78,.08622,.4,661.2
102,2010,90,800,13.79,118.18,.65,849
102,2010,90,900,13.78,366.45,.033,103
102,2010,90,1000,13.77,406.06,0,220.9
102,2010,90,1100,13.75,923.34,0,217.6
102,2010,90,1200,13.75,1275.6,0,168.5
102,2010,90,1300,13.73,1091.5,0,133.9
102,2010,90,1400,13.72,1030.5,0,115.2
102,2010,90,1500,13.7,1126.1,0,103.7
102,2010,90,1600,12.36,1231.4,0,88.8
102,2010,90,1700,13.69,1531.1,0,79.3
102,2010,90,1800,13.7,405.69,0,65.75
102,2010,90,1900,13.72,119.59,0,154.3
102,2010,90,2000,13.73,1.6477,0,254.1
102,2010,90,2100,13.74,0,.083,351.7
102,2010,90,2200,13.74,0,.083,314.5
102,2010,90,2300,13.75,0,0,178.8
101,2010,90,2400,12.36,9627.2,3.915
102,2010,90,2400,13.75,0,.15,253.3
102,2010,91,100,13.75,0,.283,404.2
102,2010,91,200,13.75,0,.766,-6999
102,2010,91,300,13.77,0,.633,-6999
102,2010,91,400,13.77,0,.65,1137
102,2010,91,500,13.77,0,.616,1368
102,2010,91,600,13.78,0,.9,-6999
102,2010,91,700,13.79,.25867,.516,-6999
102,2010,91,800,13.79,98.218,.233,202
102,2010,91,900,13.79,357.06,.133,352.1
102,2010,91,1000,13.78,518.89,.083,329.8
102,2010,91,1100,13.76,463.08,0,175.4
102,2010,91,1200,13.74,1049.4,0,134.7
102,2010,91,1300,13.73,1180.9,0,115.7
102,2010,91,1400,13.72,1328.6,0,100.4
102,2010,91,1500,13.7,1483.8,0,89.9
102,2010,91,1600,13.69,1984.5,0,77.9
102,2010,91,1700,13.68,1531.9,0,83.1
102,2010,91,1800,13.68,1015.1,0,78.8
102,2010,91,1900,13.68,282.33,0,90.1
102,2010,91,2000,13.69,4.0803,0,120.9
102,2010,91,2100,13.7,0,0,149.7
102,2010,91,2200,13.7,0,0,168.9
102,2010,91,2300,13.72,0,0,177.6
101,2010,91,2400,13.68,11298,4.815
102,2010,91,2400,13.72,0,0,205.6
102,2010,92,100,13.73,0,0,208.3
102,2010,92,200,13.75,0,0,228.2
102,2010,92,300,13.75,0,.1,248
102,2010,92,400,13.76,0,.383,173
102,2010,92,500,13.76,0,.933,-6999
102,2010,92,600,13.77,0,.55,-6999
102,2010,92,700,13.78,.17244,.433,351.2
102,2010,92,800,13.78,111.85,.383,417
102,2010,92,900,13.78,367.67,.05,291.5
102,2010,92,1000,13.77,691.44,.267,396.4
102,2010,92,1100,13.76,928.75,.167,305.5
102,2010,92,1200,13.74,987.7,0,141.3
102,2010,92,1300,13.73,907.62,0,106.7
102,2010,92,1400,13.72,1161,0,87.3
102,2010,92,1500,13.7,1688.4,0,82.2
102,2010,92,1600,13.68,2545.6,0,77.7
102,2010,92,1700,13.68,1140.4,.217,134.7
102,2010,92,1800,13.28,47.26,.033,72.3
102,2010,92,1900,13.27,54.18,.067,167.1
102,2010,92,2000,13.74,2.1362,.1,246
102,2010,92,2100,13.75,.03832,.1,294.9
102,2010,92,2200,13.75,0,0,186.4
102,2010,92,2300,13.75,0,.167,113
101,2010,92,2400,13.27,10634,4.365
102,2010,92,2400,13.75,0,.417,95.7
102,2010,93,100,13.76,0,.417,70.8
102,2010,93,200,13.76,0,.233,113.4
102,2010,93,300,13.77,0,.15,224
102,2010,93,400,13.78,0,.133,190.7
102,2010,93,500,13.79,0,.317,174.3
102,2010,93,600,13.8,0,.466,190.1
102,2010,93,700,13.81,0,.25,157
102,2010,93,800,13.81,51.081,0,50.59
102,2010,93,900,13.81,444.16,0,156.5
102,2010,93,1000,13.79,426.95,.033,224.5
102,2010,93,1100,13.78,354.12,0,119.8
102,2010,93,1200,13.76,623.23,0,115.3
102,2010,93,1300,13.74,721.33,0,94.5
102,2010,93,1400,13.72,1108.5,0,85.9
102,2010,93,1500,13.71,2219.6,0,81.1
102,2010,93,1600,13.69,1937.7,0,111.4
102,2010,93,1700,13.7,551.01,.2,153.3
102,2010,93,1800,13.71,804.18,0,163.1
102,2010,93,1900,13.72,217.61,.267,256.1
102,2010,93,2000,13.73,5.9871,.233,87.8
102,2010,93,2100,13.73,0,0,-47.75
102,2010,93,2200,13.75,0,0,-42.2
102,2010,93,2300,13.75,0,0,10.37
101,2010,93,2400,13.69,9465.5,2.699
102,2010,93,2400,13.76,0,0,168.2
102,2010,94,100,13.76,.05747,0,159.7
102,2010,94,200,13.76,0,0,158.8
102,2010,94,300,13.77,0,0,144.9
102,2010,94,400,13.78,0,0,182.4
102,2010,94,500,13.78,0,0,61.74
102,2010,94,600,13.79,0,0,149
102,2010,94,700,13.8,.00958,0,184.9
102,2010,94,800,13.8,100.25,.1,270
102,2010,94,900,13.8,292.19,0,197
102,2010,94,1000,13.79,355.42,0,123.4
102,2010,94,1100,13.76,346.18,0,99.2
102,2010,94,1200,13.74,370.21,0,89.5
102,2010,94,1300,13.72,624.76,0,78.6
102,2010,94,1400,13.69,1330.1,0,78
102,2010,94,1500,13.67,2898,0,77.3
102,2010,94,1600,13.66,2769.2,0,82.4
102,2010,94,1700,13.66,1891.8,0,80.6
102,2010,94,1800,13.66,1410.6,0,81.5
102,2010,94,1900,13.66,128.02,0,79.8
102,2010,94,2000,13.67,6.7144,0,95.7
102,2010,94,2100,13.69,0,0,106.6
102,2010,94,2200,13.7,0,0,126.9
102,2010,94,2300,13.71,0,0,133.5
101,2010,94,2400,13.66,12523,.1
102,2010,94,2400,13.73,0,0,154.5
102,2010,95,100,13.73,0,0,231
102,2010,95,200,13.74,0,0,168.2
102,2010,95,300,13.75,0,0,159.2
102,2010,95,400,13.76,0,0,162
102,2010,95,500,13.77,0,.1,224.7
102,2010,95,600,13.78,0,.3,176.8
102,2010,95,700,13.78,0,.367,228.8
102,2010,95,800,13.78,125.17,.217,153.3
102,2010,95,900,13.65,386.62,.083,225.8
102,2010,95,1000,12.85,524.87,0,106.7
102,2010,95,1100,13.75,616.64,0,82.1
102,2010,95,1200,13.74,731.03,0,74.9
102,2010,95,1300,13.72,870.07,0,71.8
102,2010,95,1400,13.7,1933.5,0,74.3
102,2010,95,1500,13.68,2850.4,0,78.4
102,2010,95,1600,13.67,2949.8,0,79.8
102,2010,95,1700,13.36,2287.9,0,73.5
102,2010,95,1800,13.36,1330.4,0,79.3
102,2010,95,1900,13.55,390.74,0,77.1
102,2010,95,2000,13.68,4.6934,0,78.5
102,2010,95,2100,13.68,0,0,75.3
102,2010,95,2200,13.7,0,0,78.2
102,2010,95,2300,13.7,0,0,94.6
101,2010,95,2400,12.85,15002,1.066
102,2010,95,2400,13.72,0,0,110
102,2010,96,100,13.72,0,0,119.8
102,2010,96,200,13.74,0,0,140.3
102,2010,96,300,13.74,0,0,156.8
102,2010,96,400,13.75,0,0,238.8
102,2010,96,500,13.76,0,0,226.7
102,2010,96,600,13.77,0,0,237.4
102,2010,96,700,13.77,0,0,189.8
102,2010,96,800,13.78,103.16,0,149.8
102,2010,96,900,13.78,251.61,0,211.8
102,2010,96,1000,13.76,316.45,0,150.8
102,2010,96,1100,13.74,293.83,0,96.9
102,2010,96,1200,13.72,355.64,0,72.3
102,2010,96,1300,13.7,839.82,0,67.01
102,2010,96,1400,13.68,2492.3,0,68.03
102,2010,96,1500,13.67,3158.6,0,72.4
102,2010,96,1600,13.66,2577.9,0,69.62
102,2010,96,1700,12.99,1952.9,0,66.17
102,2010,96,1800,13.65,1181.9,0,65.62
102,2010,96,1900,13.66,336.43,0,80.1
102,2010,96,2000,13.66,5.0191,0,132.6
102,2010,96,2100,13.68,0,0,179.2
102,2010,96,2200,13.68,0,0,173.2
102,2010,96,2300,13.7,0,0,185.7
101,2010,96,2400,12.99,13866,.017
102,2010,96,2400,13.7,0,.017,282.6
102,2010,97,100,13.71,0,.117,315.4
102,2010,97,200,13.72,0,.267,269.5
102,2010,97,300,13.72,0,.383,90.5
102,2010,97,400,13.73,0,.3,-14.19
102,2010,97,500,13.74,0,.217,61.28
102,2010,97,600,13.75,0,.25,273.5
102,2010,97,700,13.75,0,.217,290.1
102,2010,97,800,13.77,89.56,0,214.6
102,2010,97,900,13.77,251.64,0,204.8
102,2010,97,1000,13.75,278.87,0,124.2
102,2010,97,1100,13.58,294.84,0,96.5
102,2010,97,1200,13.73,436.49,0,81.8
102,2010,97,1300,13.52,1298.2,0,74.6
102,2010,97,1400,13.51,2621.6,0,68.18
102,2010,97,1500,13.48,631.67,0,72.7
102,2010,97,1600,12.5,1955.8,0,69.14
102,2010,97,1700,13.12,1651.9,.033,103.7
102,2010,97,1800,13.25,1478.9,0,69.19
102,2010,97,1900,12.8,397.8,0,71
102,2010,97,2000,13.03,4.0135,0,86.2
102,2010,97,2100,12.99,0,0,136.2
102,2010,97,2200,13.67,0,0,148
102,2010,97,2300,13.67,0,0,219.3
101,2010,97,2400,12.5,11391,1.799
102,2010,97,2400,13.68,0,.017,305.3
102,2010,98,100,13.68,0,.4,378.1
102,2010,98,200,13.7,0,.217,348.7
102,2010,98,300,13.7,0,0,171.3
102,2010,98,400,13.72,0,.067,307.3
102,2010,98,500,13.73,0,.283,381
102,2010,98,600,13.74,0,.4,381.3
102,2010,98,700,13.75,.00958,.367,371.1
102,2010,98,800,13.76,98.09,.033,231.3
102,2010,98,900,13.75,305.24,.017,211
102,2010,98,1000,13.74,583.37,0,160.6
102,2010,98,1100,13.73,451.84,0,92.5
102,2010,98,1200,13.7,434.19,0,74.7
102,2010,98,1300,13.68,457.87,0,73.3
102,2010,98,1400,13.66,833.73,0,72.7
102,2010,98,1500,13.65,1158.8,0,67.71
102,2010,98,1600,13.65,2203.4,0,68.45
102,2010,98,1700,13.64,1671.8,0,62.49
102,2010,98,1800,13.63,790.93,.083,132.8
102,2010,98,1900,13.65,345.49,0,65.95
102,2010,98,2000,13.65,1.8774,0,66.26
102,2010,98,2100,13.66,0,0,73.4
102,2010,98,2200,13.67,0,0,73.9
102,2010,98,2300,13.68,0,0,101.7
101,2010,98,2400,13.63,9336.6,1.866
102,2010,98,2400,13.7,0,0,117.9
102,2010,99,100,13.7,0,.133,238.9
102,2010,99,200,13.71,0,.417,307.2
102,2010,99,300,13.72,0,.383,353.8
102,2010,99,400,13.72,0,.35,269.7
102,2010,99,500,13.74,0,.333,341.9
102,2010,99,600,13.75,0,.35,287.3
102,2010,99,700,13.75,.92917,.283,176.9
102,2010,99,800,13.76,153.69,.1,223.2
102,2010,99,900,13.77,335.06,0,186.3
102,2010,99,1000,13.75,555.08,0,109.7
102,2010,99,1100,13.73,1004.7,0,83
102,2010,99,1200,13.72,1231.8,0,73.1
102,2010,99,1300,13.7,1201,0,69.67
102,2010,99,1400,13.68,1352.7,0,65.46
102,2010,99,1500,13.66,1680.5,0,68.46
102,2010,99,1600,13.66,1880.1,0,65.07
102,2010,99,1700,13.65,1480.7,0,66.26
102,2010,99,1800,13.65,687.49,0,63.24
102,2010,99,1900,13.65,193.7,0,67.49
102,2010,99,2000,13.66,5.2107,0,69.45
102,2010,99,2100,13.67,0,0,74.1
102,2010,99,2200,13.68,0,0,68.42
102,2010,99,2300,13.68,0,0,79.6
101,2010,99,2400,13.65,11763,2.349
102,2010,99,2400,13.7,0,0,106.1
102,2010,100,100,13.7,0,0,128.2
102,2010,100,200,13.72,0,0,142.5
102,2010,100,300,13.73,0,0,147.9
102,2010,100,400,13.73,0,0,164.1
102,2010,100,500,13.74,0,0,213.8
102,2010,100,600,13.75,0,.117,322
102,2010,100,700,13.76,.20117,.283,299.9
102,2010,100,800,13.78,85.992,.2,298.2
102,2010,100,900,13.78,205.16,.167,263.9
102,2010,100,1000,13.76,258.46,0,87.4
102,2010,100,1100,13.73,313.63,0,81.4
102,2010,100,1200,13.71,378.98,0,72.7
102,2010,100,1300,13.68,568.4,0,66.84
102,2010,100,1400,13.67,849.07,0,69.3
102,2010,100,1500,13.66,1877.8,0,65.98
102,2010,100,1600,13.65,2244.3,0,62.29
102,2010,100,1700,13.64,1772.9,0,67.1
102,2010,100,1800,13.64,1116.5,0,60.06
102,2010,100,1900,13.64,288.97,0,61.59
102,2010,100,2000,13.65,3.0364,0,76.5
102,2010,100,2100,13.66,0,0,91.6
102,2010,100,2200,13.67,0,0,84.3
102,2010,100,2300,13.68,0,0,96.7
101,2010,100,2400,13.64,9963.4,.766
102,2010,100,2400,13.69,0,0,138.1
102,2010,101,100,13.7,0,0,217
102,2010,101,200,13.7,0,0,245.4
102,2010,101,300,13.72,0,.133,301.6
102,2010,101,400,13.73,0,.283,286
102,2010,101,500,13.73,0,.283,165.9
102,2010,101,600,13.74,0,.217,102.4
102,2010,101,700,13.75,.07663,.483,131.7
102,2010,101,800,13.75,100.54,.3,57.04
102,2010,101,900,13.75,271.2,.333,370.1
102,2010,101,1000,13.74,375.87,0,186.7
102,2010,101,1100,13.72,431.21,0,96.6
102,2010,101,1200,13.7,627.61,0,86.3
102,2010,101,1300,13.68,976.45,0,75.5
102,2010,101,1400,13.66,1396.1,0,72.3
102,2010,101,1500,13.65,1251,0,73
102,2010,101,1600,13.65,1564.4,0,72.1
102,2010,101,1700,13.65,1122.6,0,66.83
102,2010,101,1800,13.64,1348.9,0,68.26
102,2010,101,1900,13.64,468.15,0,70.1
102,2010,101,2000,13.65,3.1418,0,83.1
102,2010,101,2100,13.66,0,0,108.1
102,2010,101,2200,13.66,0,0,108.6
102,2010,101,2300,13.67,0,0,120.9
101,2010,101,2400,13.64,9937.2,2.033
102,2010,101,2400,13.68,0,0,174.4
102,2010,102,100,13.69,0,0,236.7
102,2010,102,200,13.7,0,.167,328.8
102,2010,102,300,13.72,0,.117,358.1
102,2010,102,400,13.72,0,.417,388.4
102,2010,102,500,13.73,0,.317,282.1
102,2010,102,600,13.74,0,.367,322.5
102,2010,102,700,13.74,0,.5,414.9
102,2010,102,800,13.75,128.99,.317,321.1
102,2010,102,900,13.75,397.43,.267,376.3
102,2010,102,1000,13.74,682.65,.05,234.3
102,2010,102,1100,13.72,860.73,0,121.9
102,2010,102,1200,13.7,915.67,0,86.3
102,2010,102,1300,13.68,1084.4,0,83.4
102,2010,102,1400,13.39,1363.7,0,70.7
102,2010,102,1500,13.66,2260.5,0,66.71
102,2010,102,1600,13.65,2672.4,0,68.68
102,2010,102,1700,13.64,1474,0,69.79
102,2010,102,1800,13.63,575.54,.05,101.8
102,2010,102,1900,13.66,41.6,.25,3.204
102,2010,102,2000,13.68,2.1935,.017,308.9
102,2010,102,2100,13.68,.05747,.083,315.9
102,2010,102,2200,12.91,.18199,.333,436.4
102,2010,102,2300,12.88,.76634,.15,20.26
101,2010,102,2400,12.88,12461,3.898
102,2010,102,2400,13.75,.33528,.5,395.3
102,2010,103,100,13.76,.0479,.75,558.8
102,2010,103,200,13.76,1.0441,.15,110.5
102,2010,103,300,13.75,.06705,0,-16.92
102,2010,103,400,13.76,.30653,0,91.2
102,2010,103,500,13.75,0,0,100.4
102,2010,103,600,13.76,0,.233,110.8
102,2010,103,700,13.75,.01916,.233,106.5
102,2010,103,800,13.76,144.17,0,55.66
102,2010,103,900,13.77,547.68,0,183.6
102,2010,103,1000,13.75,791.85,0,171.6
102,2010,103,1100,13.74,1071,0,148.3
102,2010,103,1200,13.73,841.4,.083,-6999
102,2010,103,1300,13.75,326.36,.35,408.7
102,2010,103,1400,13.76,234.13,0,73.3
102,2010,103,1500,13.77,158.09,0,88.7
102,2010,103,1600,13.77,264.02,.083,147.3
102,2010,103,1700,12.69,442.14,.017,144.4
102,2010,103,1800,12.69,377.4,0,146.2
102,2010,103,1900,12.96,111.7,0,169.6
102,2010,103,2000,12.87,.21074,0,212.8
102,2010,103,2100,12.85,0,.017,188
102,2010,103,2200,12.83,0,0,139.8
102,2010,103,2300,12.82,0,0,113.5
101,2010,103,2400,12.69,5311.6,1.916
102,2010,103,2400,12.81,0,0,53.5
102,2010,104,100,12.81,0,0,40.48
102,2010,104,200,12.8,0,.183,103.1
102,2010,104,300,12.8,.10538,.417,505.7
102,2010,104,400,12.8,.25867,.583,770
102,2010,104,500,12.79,.15328,.466,872
102,2010,104,600,12.79,1.2454,.433,1004
102,2010,104,700,12.79,1.3795,.666,1153
102,2010,104,800,12.61,89.238,.583,1194
102,2010,104,900,12.68,247.38,.167,230
102,2010,104,1000,13.02,296.01,.017,221.5
102,2010,104,1100,13.69,362.66,0,169.4
102,2010,104,1200,13.61,432.4,0,157.3
102,2010,104,1300,13.71,926.69,0,142.9
102,2010,104,1400,13.7,1992.7,0,115.9
102,2010,104,1500,13.7,2713.9,0,100.2
102,2010,104,1600,13.68,2727.8,0,86.7
102,2010,104,1700,13.68,247.66,.3,295.7
102,2010,104,1800,13.73,139.19,.566,362.3
102,2010,104,1900,13.74,123.66,.333,-12.98
102,2010,104,2000,13.74,2.4906,.417,-23.21
102,2010,104,2100,13.75,.70886,.167,-21.43
102,2010,104,2200,13.75,.00958,0,-15.76
102,2010,104,2300,13.75,0,0,60.64
101,2010,104,2400,12.61,10306,5.298
102,2010,104,2400,13.76,0,0,94.8
102,2010,105,100,13.76,0,0,82.2
102,2010,105,200,13.77,0,0,129.8
102,2010,105,300,13.77,0,0,110.4
102,2010,105,400,13.77,0,0,112.7
102,2010,105,500,13.77,0,0,72.9
102,2010,105,600,13.78,0,0,82.9
102,2010,105,700,13.78,0,0,88.9
102,2010,105,800,13.78,129.85,.017,77.6
102,2010,105,900,13.78,583.71,.167,301.3
102,2010,105,1000,13.78,918.89,.1,284
102,2010,105,1100,13.77,1403.9,0,190.3
102,2010,105,1200,13.76,1363.4,0,181.7
102,2010,105,1300,13.74,1333.9,0,161.7
102,2010,105,1400,13.73,1743.3,0,136.4
102,2010,105,1500,13.72,2555.2,0,116.2
102,2010,105,1600,13.71,2882.1,0,102.5
102,2010,105,1700,13.7,1057.3,0,88.9
102,2010,105,1800,13.72,9.8376,.516,-6999
102,2010,105,1900,13.75,0,.466,332.6
102,2010,105,2000,13.77,0,.6,354.1
102,2010,105,2100,13.77,0,.45,322.6
102,2010,105,2200,13.77,0,.516,329.6
102,2010,105,2300,13.77,0,.5,330.9
101,2010,105,2400,13.7,13981,3.848
102,2010,105,2400,13.77,0,.516,347.7
102,2010,106,100,13.78,0,.583,321.8
102,2010,106,200,13.79,0,.533,353.9
102,2010,106,300,13.78,0,.483,384.3
102,2010,106,400,13.8,0,.633,374.5
102,2010,106,500,13.8,0,.4,368.3
102,2010,106,600,13.82,0,.417,345.7
102,2010,106,700,13.82,0,.317,379.3
102,2010,106,800,13.83,0,.5,402.4
102,2010,106,900,13.19,0,.65,396.3
102,2010,106,1000,12.45,737.03,.133,201.2
102,2010,106,1100,13.18,1203.3,.05,170.4
102,2010,106,1200,13.81,1430.3,0,269.9
102,2010,106,1300,13.78,1610.2,0,212.1
102,2010,106,1400,13.77,2440.7,0,162.4
102,2010,106,1500,13.75,3518.4,0,120.4
102,2010,106,1600,13.74,2041.6,0,130.2
102,2010,106,1700,13.73,2545.9,0,120
102,2010,106,1800,13.72,1382.6,0,131.6
102,2010,106,1900,13.72,323.21,0,219.8
102,2010,106,2000,13.73,0,.816,666
102,2010,106,2100,13.74,0,1,1039
102,2010,106,2200,13.75,0,1,1024
102,2010,106,2300,13.77,0,1,967
101,2010,106,2400,12.45,17233,9.51
102,2010,106,2400,13.77,0,1,937
102,2010,107,100,13.78,0,.95,784
102,2010,107,200,13.78,0,.783,575.1
102,2010,107,300,13.78,0,.317,335.1
102,2010,107,400,13.79,0,.383,430.4
102,2010,107,500,13.8,0,.35,455.2
102,2010,107,600,13.81,0,.45,485.7
102,2010,107,700,13.81,0,.516,449.8
102,2010,107,800,13.81,4.2632,.25,316.7
102,2010,107,900,13.81,204.18,1,843
102,2010,107,1000,13.8,281.08,1,777
102,2010,107,1100,13.79,819.75,.533,477.6
102,2010,107,1200,13.77,1580.5,0,223.6
102,2010,107,1300,13.75,1561.3,0,158.8
102,2010,107,1400,13.73,1788.4,.117,222.2
102,2010,107,1500,13.74,1050.2,.5,647.4
102,2010,107,1600,13.62,947.23,0,192.7
102,2010,107,1700,13.73,760.61,0,160.2
102,2010,107,1800,13.72,371.11,0,200.3
102,2010,107,1900,13.73,123.99,.15,355.6
102,2010,107,2000,13.73,0,1,583
102,2010,107,2100,13.73,0,1,585.9
102,2010,107,2200,13.75,0,1,711
102,2010,107,2300,13.75,0,.85,614.2
101,2010,107,2400,13.62,9492.7,11.41
102,2010,107,2400,13.76,0,.267,523.3
102,2010,108,100,13.77,0,.35,495.6
102,2010,108,200,13.77,0,.466,646.4
102,2010,108,300,13.77,0,.583,1037
102,2010,108,400,13.78,0,.5,1161
102,2010,108,500,13.79,0,.55,960
102,2010,108,600,13.8,0,.4,604.2
102,2010,108,700,13.8,0,.45,415.1
102,2010,108,800,13.81,0,.583,510.6
102,2010,108,900,13.8,147.94,.217,233.3
102,2010,108,1000,13.79,197.85,.017,293.3
102,2010,108,1100,13.77,429.82,0,164.8
102,2010,108,1200,13.75,664.5,0,138.2
102,2010,108,1300,13.73,1931.5,0,121.6
102,2010,108,1400,13.72,3128.2,0,109.6
102,2010,108,1500,13.7,3017,0,107.7
102,2010,108,1600,13.68,2976.5,0,104.3
102,2010,108,1700,13.67,1898.6,0,100
102,2010,108,1800,13.67,1312.9,0,103
102,2010,108,1900,13.67,353.62,0,114.2
102,2010,108,2000,13.68,0,0,176
102,2010,108,2100,13.69,0,0,276.9
102,2010,108,2200,13.7,0,.117,321.1
102,2010,108,2300,13.71,0,1,554.9
101,2010,108,2400,13.67,16058,6.231
102,2010,108,2400,13.72,0,1,764
102,2010,109,100,13.72,0,.95,744
102,2010,109,200,13.73,0,.983,888
102,2010,109,300,13.74,0,1,914
102,2010,109,400,13.75,0,.95,614.3
102,2010,109,500,13.77,0,.533,501.9
102,2010,109,600,13.77,0,.35,438.4
102,2010,109,700,13.77,0,.466,553.4
102,2010,109,800,13.78,58.171,.367,288
102,2010,109,900,13.78,60.682,.966,656.2
102,2010,109,1000,13.76,264.65,.05,313.9
102,2010,109,1100,13.75,796.14,0,198.5
102,2010,109,1200,13.73,1131,0,151
102,2010,109,1300,13.71,2135.1,0,121.9
102,2010,109,1400,13.7,3021.3,0,113.9
102,2010,109,1500,13.68,2799.9,0,106.3
102,2010,109,1600,13.67,2212.7,0,103.3
102,2010,109,1700,13.66,1162.1,0,103.4
102,2010,109,1800,13.14,508.95,0,101.3
102,2010,109,1900,13.43,131.2,0,107.5
102,2010,109,2000,13.19,0,0,197.7
102,2010,109,2100,13.06,0,.45,446
102,2010,109,2200,12.99,0,1,916
102,2010,109,2300,12.93,0,1,1017
101,2010,109,2400,12.89,14282,10.06
102,2010,109,2400,12.89,0,1,948
102,2010,110,100,12.87,0,.583,619.3
102,2010,110,200,12.85,0,.466,426.6
102,2010,110,300,12.84,0,.4,403
102,2010,110,400,12.83,0,.367,323.8
102,2010,110,500,12.83,0,.217,247.5
102,2010,110,600,12.83,0,.25,307.3
102,2010,110,700,12.83,0,.516,450.4
102,2010,110,800,12.83,45.219,.35,468.2
102,2010,110,900,13.65,202.76,1,708
102,2010,110,1000,13.58,372.9,.133,316.5
102,2010,110,1100,13.6,469.78,0,178.1
102,2010,110,1200,13.58,1278.8,0,126
102,2010,110,1300,12.7,2848.3,0,112.2
102,2010,110,1400,13.51,3480.1,0,106.6
102,2010,110,1500,13.37,2844.1,0,98.1
102,2010,110,1600,12.41,923.05,0,126.9
102,2010,110,1700,12.65,453.26,0,127.5
102,2010,110,1800,12.66,201.08,0,154.8
102,2010,110,1900,13.43,239,0,161.1
102,2010,110,2000,13.15,0,.017,232.8
102,2010,110,2100,13.03,0,.217,520.7
102,2010,110,2200,12.97,0,.95,692.4
102,2010,110,2300,12.93,0,1,736
101,2010,110,2400,12.41,13358,7.46
102,2010,110,2400,12.91,0,1,790
102,2010,111,100,12.89,0,1,743
102,2010,111,200,12.87,0,1,723
102,2010,111,300,12.86,0,.616,579.2
102,2010,111,400,12.85,0,.2,5.158
102,2010,111,500,12.85,0,0,-58.09
102,2010,111,600,12.85,0,0,-48.68
102,2010,111,700,12.84,0,0,57.12
102,2010,111,800,12.76,42.495,.117,289.6
102,2010,111,900,13.73,366.02,.55,498.9
102,2010,111,1000,13.72,540.1,.233,361.2
102,2010,111,1100,13.7,1160.9,0,170.6
102,2010,111,1200,13.68,1734.8,0,141.7
102,2010,111,1300,13.66,3061,0,130.6
102,2010,111,1400,13.66,2772,0,126.1
102,2010,111,1500,13.64,3291.8,0,111.5
102,2010,111,1600,13.63,2226.2,0,110.7
102,2010,111,1700,13.63,931.85,0,121.2
102,2010,111,1800,13.63,980.92,0,100.6
102,2010,111,1900,13.66,66.753,.45,478.5
102,2010,111,2000,13.69,0,.733,865
102,2010,111,2100,13.7,0,.933,987
102,2010,111,2200,13.72,0,1,936
102,2010,111,2300,13.72,0,1,1139
101,2010,111,2400,12.76,17175,8.83
102,2010,111,2400,13.72,0,1,1080
102,2010,112,100,13.73,0,1,1014
102,2010,112,200,13.74,0,1,1085
102,2010,112,300,13.75,0,.983,1052
102,2010,112,400,13.75,0,.633,754
102,2010,112,500,13.76,0,.65,623.1
102,2010,112,600,13.76,0,.533,567.8
102,2010,112,700,13.76,0,.466,524.1
102,2010,112,800,13.77,50.574,.383,342.1
102,2010,112,900,13.77,168.64,.55,501.2
102,2010,112,1000,13.77,449.76,0,315.3
102,2010,112,1100,13.75,823.32,0,180.1
102,2010,112,1200,13.73,1684.9,0,153
102,2010,112,1300,13.7,3350.3,0,134.1
102,2010,112,1400,13.68,3742.8,0,120.3
102,2010,112,1500,13.67,3358.5,0,114.3
102,2010,112,1600,13.66,2469.4,0,111.1
102,2010,112,1700,13.65,2205.7,0,110.6
102,2010,112,1800,13.65,1192.8,0,115.1
102,2010,112,1900,13.64,367.88,0,128.7
102,2010,112,2000,13.66,9.6742,.483,462
102,2010,112,2100,13.7,0,.983,659.3
102,2010,112,2200,13.72,0,.983,975
102,2010,112,2300,13.73,0,1,1062
101,2010,112,2400,13.64,19874,10.65
102,2010,112,2400,13.73,0,1,1072
102,2010,113,100,13.73,0,.766,999
102,2010,113,200,13.75,0,1,990
102,2010,113,300,13.76,0,1,970
102,2010,113,400,13.76,0,.616,885
102,2010,113,500,13.77,0,.683,863
102,2010,113,600,13.78,0,.65,819
102,2010,113,700,13.78,0,.633,797
102,2010,113,800,13.78,0,.666,632.8
102,2010,113,900,13.78,63.576,.833,792
102,2010,113,1000,13.78,362.61,1,902
102,2010,113,1100,13.76,1621.8,.583,499.5
102,2010,113,1200,13.75,1662.6,0,246.1
102,2010,113,1300,13.73,2847.8,0,180.9
102,2010,113,1400,13.71,3577.7,0,147.9
102,2010,113,1500,13.7,3194.5,0,136.2
102,2010,113,1600,13.68,2430.9,0,137.9
102,2010,113,1700,13.68,634.1,0,130.2
102,2010,113,1800,13.68,38.545,.466,-6999
102,2010,113,1900,13.73,0,.417,298.1
102,2010,113,2000,13.75,0,.35,302.9
102,2010,113,2100,13.75,0,.533,331.3
102,2010,113,2200,13.76,0,.466,380.8
102,2010,113,2300,13.77,0,.533,477.4
101,2010,113,2400,13.68,16434,11.98
102,2010,113,2400,13.77,0,.783,461.5
102,2010,114,100,13.77,0,.6,359.6
102,2010,114,200,13.77,0,.633,467.7
102,2010,114,300,13.78,0,.466,438.8
102,2010,114,400,13.78,0,.566,414.8
102,2010,114,500,13.78,0,.683,511.6
102,2010,114,600,13.8,0,.633,440.2
102,2010,114,700,13.8,0,.783,396.7
102,2010,114,800,12.57,0,.533,367.8
102,2010,114,900,13.8,0,.483,337.1
102,2010,114,1000,13.78,0,0,95.6
102,2010,114,1100,13.78,0,0,217.8
102,2010,114,1200,13.77,0,0,220.5
102,2010,114,1300,13.75,0,0,193
102,2010,114,1400,13.74,0,0,181.8
102,2010,114,1500,13.73,0,0,172.2
102,2010,114,1600,13.74,0,.017,190.3
102,2010,114,1700,13.75,0,.15,428.1
102,2010,114,1800,13.74,0,0,260.9
102,2010,114,1900,13.74,0,0,255.4
102,2010,114,2000,13.74,0,0,324.2
102,2010,114,2100,13.75,0,0,377.1
102,2010,114,2200,13.76,0,.133,372.5
102,2010,114,2300,13.77,0,.417,436.5
101,2010,114,2400,12.57,0,6.164
102,2010,114,2400,13.78,0,.067,364.9
102,2010,115,100,13.8,0,.05,355.6
102,2010,115,200,13.8,0,.067,348.4
102,2010,115,300,13.81,0,0,277.7
102,2010,115,400,13.82,0,0,271.4
102,2010,115,500,13.83,0,0,247.3
102,2010,115,600,13.83,0,0,245.9
102,2010,115,700,13.83,0,0,191.5
102,2010,115,800,13.84,0,0,116.9
102,2010,115,900,13.83,0,.033,256.7
102,2010,115,1000,13.82,0,.117,313.4
102,2010,115,1100,13.81,0,0,264
102,2010,115,1200,13.8,0,0,197.8
102,2010,115,1300,13.78,0,0,148.3
102,2010,115,1400,13.76,0,0,135.6
102,2010,115,1500,13.74,0,0,119.7
102,2010,115,1600,13.72,0,0,121.9
102,2010,115,1700,13.72,0,0,116.2
102,2010,115,1800,13.71,0,0,115.3
102,2010,115,1900,13.71,0,0,145.7
102,2010,115,2000,13.72,0,.017,286.1
102,2010,115,2100,13.73,0,0,353.6
102,2010,115,2200,13.74,0,0,283.1
102,2010,115,2300,13.75,0,0,292.2
101,2010,115,2400,13.71,0,.283
102,2010,115,2400,13.76,0,0,373.5
102,2010,116,100,13.76,0,.05,426.8
102,2010,116,200,13.76,0,.25,445.1
102,2010,116,300,13.77,0,.017,431.2
102,2010,116,400,13.77,0,.45,445.8
102,2010,116,500,13.77,0,.766,464.4
102,2010,116,600,13.78,0,.45,440.7
102,2010,116,700,13.78,0,.783,497.8
102,2010,116,800,13.78,0,0,302.9
102,2010,116,900,13.78,0,0,252.2
102,2010,116,1000,13.77,0,0,188.1
102,2010,116,1100,13.75,0,0,145.7
102,2010,116,1200,13.73,0,0,128.1
102,2010,116,1300,13.72,0,0,114.7
102,2010,116,1400,13.7,0,0,112.4
102,2010,116,1500,13.69,0,0,112.2
102,2010,116,1600,13.68,0,0,110.3
102,2010,116,1700,13.66,0,0,110.7
102,2010,116,1800,13.55,0,.133,227.9
102,2010,116,1900,13.17,17.941,.133,277.6
102,2010,116,2000,13.06,0,0,331.5
102,2010,116,2100,12.97,0,.083,327
102,2010,116,2200,12.92,0,0,385.6
102,2010,116,2300,12.89,0,0,436
101,2010,116,2400,12.87,17.941,3.115
102,2010,116,2400,12.87,0,0,448.6
102,2010,117,100,12.85,0,.133,430.9
102,2010,117,200,12.85,0,1,437
102,2010,117,300,12.84,0,1,491.8
102,2010,117,400,12.83,0,1,397.2
102,2010,117,500,12.83,0,1,365
102,2010,117,600,12.82,0,1,401.9
102,2010,117,700,12.81,0,1,398.1
102,2010,117,800,12.81,0,.966,386.2
102,2010,117,900,13.5,47.097,.05,90.4
102,2010,117,1000,12.51,13.374,0,166.5
102,2010,117,1100,13.71,0,0,140.5
102,2010,117,1200,13.73,0,0,135.6
102,2010,117,1300,13.72,0,0,126.2
102,2010,117,1400,13.7,0,0,120.9
102,2010,117,1500,13.7,0,0,107.2
102,2010,117,1600,13.69,10.211,.017,4.999
102,2010,117,1700,12.56,0,.05,305.2
102,2010,117,1800,12.86,0,0,45.52
102,2010,117,1900,13.07,0,0,14.59
102,2010,117,2000,12.98,0,0,96.3
102,2010,117,2100,13.73,0,0,196.1
102,2010,117,2200,13.76,0,0,136.8
102,2010,117,2300,13.77,0,0,88.9
101,2010,117,2400,12.51,70.682,7.21
102,2010,117,2400,13.77,0,0,68.11
102,2010,118,100,13.77,0,0,74.7
102,2010,118,200,13.77,0,0,70.2
102,2010,118,300,13.78,0,0,72
102,2010,118,400,13.79,0,0,64.15
102,2010,118,500,13.79,0,0,71.1
102,2010,118,600,13.79,0,0,89.5
102,2010,118,700,13.8,0,.267,157.6
102,2010,118,800,13.8,0,.283,152.1
102,2010,118,900,13.8,0,.1,234.5
102,2010,118,1000,13.78,0,0,193.2
102,2010,118,1100,13.76,0,0,162.4
102,2010,118,1200,13.74,0,0,122.5
102,2010,118,1300,13.72,0,0,132.2
102,2010,118,1400,13.71,0,0,129.7
102,2010,118,1500,13.7,0,0,111.7
102,2010,118,1600,13.68,0,0,98.6
102,2010,118,1700,13.67,0,0,105.9
102,2010,118,1800,13.22,21.332,.117,-6999
102,2010,118,1900,13.03,13.746,.033,222.7
102,2010,118,2000,13.76,0,.466,259.1
102,2010,118,2100,13.76,0,.417,305.4
102,2010,118,2200,13.76,0,.55,301.1
102,2010,118,2300,13.77,0,.4,323.1
101,2010,118,2400,13.03,35.078,3.049
102,2010,118,2400,13.78,0,.417,287.5
102,2010,119,100,13.78,0,.45,308.2
102,2010,119,200,13.78,0,.566,323.1
102,2010,119,300,13.78,0,.417,325.6
102,2010,119,400,13.78,0,.55,347.3
102,2010,119,500,13.78,0,.533,359.4
102,2010,119,600,13.78,0,.533,366.9
102,2010,119,700,13.8,0,.433,399
102,2010,119,800,13.8,0,.633,420.2
102,2010,119,900,13.79,0,.15,398.8
102,2010,119,1000,13.78,0,0,162.6
102,2010,119,1100,13.77,0,0,185.8
102,2010,119,1200,13.75,0,0,155.7
102,2010,119,1300,13.73,0,0,142
102,2010,119,1400,13.73,27.234,0,129.3
102,2010,119,1500,13.72,0,.117,160.5
102,2010,119,1600,13.78,0,.3,236.6
102,2010,119,1700,13.78,0,.466,306.4
102,2010,119,1800,13.79,0,.417,325.1
102,2010,119,1900,13.78,0,.367,266.2
102,2010,119,2000,13.78,0,.516,257.2
102,2010,119,2100,13.79,0,.35,269.8
102,2010,119,2200,13.8,0,.466,268.6
102,2010,119,2300,13.8,0,.45,335.4
101,2010,119,2400,13.72,27.234,8.13
102,2010,119,2400,13.81,0,.417,320.9
102,2010,120,100,13.81,0,.383,306.5
102,2010,120,200,13.82,0,.533,290.4
102,2010,120,300,13.82,0,.483,297.9
102,2010,120,400,13.82,0,.417,296.3
102,2010,120,500,13.82,0,.583,307.5
102,2010,120,600,13.82,0,.433,328
102,2010,120,700,13.82,0,.516,355.2
102,2010,120,800,13.82,0,.65,567.1
102,2010,120,900,13.82,0,.05,165
102,2010,120,1000,13.81,0,.333,274.9
102,2010,120,1100,13.79,0,.017,233.5
102,2010,120,1200,13.78,0,0,169.5
102,2010,120,1300,13.77,1.1688,0,155.9
102,2010,120,1400,13.75,0,0,137.1
102,2010,120,1500,13.73,0,0,126.6
102,2010,120,1600,13.73,0,0,128.9
102,2010,120,1700,13.6,0,0,117.6
102,2010,120,1800,13.72,0,0,118.1
102,2010,120,1900,13.72,0,0,134.7
102,2010,120,2000,13.73,0,0,130.3
102,2010,120,2100,13.73,0,0,86.2
102,2010,120,2200,13.74,0,0,81.1
102,2010,120,2300,13.75,0,0,138.2
101,2010,120,2400,13.6,1.1688,4.398
102,2010,120,2400,13.76,0,0,100
102,2010,121,100,13.77,0,.05,104.2
102,2010,121,200,13.78,0,.017,95.9
102,2010,121,300,13.78,0,.05,106.8
102,2010,121,400,13.78,0,0,74
102,2010,121,500,13.79,0,.033,92.5
102,2010,121,600,13.8,0,.383,112.4
102,2010,121,700,13.8,0,.433,136.8
102,2010,121,800,13.8,0,.267,111.8
102,2010,121,900,13.8,0,0,171.7
102,2010,121,1000,13.78,0,0,167.5
102,2010,121,1100,13.56,8.5266,0,126.2
102,2010,121,1200,13.45,132.73,0,113.7
102,2010,121,1300,12.39,165.34,0,104.8
102,2010,121,1400,13.43,61.048,0,99.6
102,2010,121,1500,13.71,0,0,94.3
102,2010,121,1600,13.7,0,0,93.7
102,2010,121,1700,13.7,0,0,98.5
102,2010,121,1800,13.7,1.5902,.033,78.4
102,2010,121,1900,13.71,25.414,.35,290
102,2010,121,2000,13.72,1.6381,.45,333.1
102,2010,121,2100,13.73,1.7147,.466,315.8
102,2010,121,2200,13.75,1.025,.45,326.2
102,2010,121,2300,13.75,.47896,.466,319.7
101,2010,121,2400,12.39,399.63,3.898
102,2010,121,2400,13.75,.11495,.45,353.8
102,2010,122,100,13.76,.39276,.45,256.2
102,2010,122,200,13.77,0,.516,436.1
102,2010,122,300,13.77,.0958,.417,294.6
102,2010,122,400,13.77,0,.516,241.8
102,2010,122,500,13.78,.28741,.55,224.6
102,2010,122,600,13.79,.10538,.45,223.3
102,2010,122,700,13.78,2.328,.383,232.9
102,2010,122,800,13.79,126.13,.466,325.7
102,2010,122,900,13.78,442.14,.083,41.64
102,2010,122,1000,13.77,846.55,0,142.3
102,2010,122,1100,13.76,1023.1,0,135.1
102,2010,122,1200,13.75,1093,0,145.9
102,2010,122,1300,13.73,1339.4,0,136.3
102,2010,122,1400,13.72,1342.9,0,124.3
102,2010,122,1500,13.7,1236.2,0,104.6
102,2010,122,1600,13.7,1203.5,0,108.5
102,2010,122,1700,13.69,850.76,0,130.1
102,2010,122,1800,13.69,317.44,0,153
102,2010,122,1900,13.7,148.96,0,119.2
102,2010,122,2000,13.72,.44065,0,80.8
102,2010,122,2100,13.73,0,0,53.61
102,2010,122,2200,13.74,0,0,101.3
102,2010,122,2300,13.74,.43106,.25,119.6
101,2010,122,2400,13.69,9975.3,4.382
102,2010,122,2400,13.75,1.0058,.3,235.6
102,2010,123,100,13.75,1.5135,.4,253.6
102,2010,123,200,13.77,.94835,.383,200.3
102,2010,123,300,13.77,1.2837,.383,211.9
102,2010,123,400,13.77,.28741,.466,242.4
102,2010,123,500,13.77,.4407,.333,291.9
102,2010,123,600,12.82,.18203,.183,284.5
102,2010,123,700,12.82,0,0,221.7
102,2010,123,800,12.59,171.04,0,97.8
102,2010,123,900,13.73,595.9,0,69.18
102,2010,123,1000,13.78,924.01,0,132.8
102,2010,123,1100,13.57,1089.9,0,134.5
102,2010,123,1200,13.54,1201.1,0,129.5
102,2010,123,1300,13.73,1200.9,0,131.3
102,2010,123,1400,13.73,942.41,0,112.7
102,2010,123,1500,13.72,873.93,0,102.6
102,2010,123,1600,13.7,789.06,0,98.6
102,2010,123,1700,13.7,707.41,0,100.4
102,2010,123,1800,13.7,686.55,0,109.5
102,2010,123,1900,13.7,469.11,0,118.3
102,2010,123,2000,13.7,.03832,0,147.8
102,2010,123,2100,13.72,0,0,145.8
102,2010,123,2200,13.72,0,0,117.6
102,2010,123,2300,13.72,0,0,109
101,2010,123,2400,12.59,9656.1,2.149
102,2010,123,2400,13.73,0,0,124.8
102,2010,124,100,13.74,0,0,168.9
102,2010,124,200,13.75,0,0,206.9
102,2010,124,300,13.77,0,.05,192.1
102,2010,124,400,13.77,.00958,.217,206.9
102,2010,124,500,13.77,.12454,.333,282.1
102,2010,124,600,13.77,.56525,.317,259.8
102,2010,124,700,13.78,.40238,.417,154.4
102,2010,124,800,13.78,148.61,.3,107.7
102,2010,124,900,13.78,323.54,.033,207.8
102,2010,124,1000,13.76,481.71,0,158.2
102,2010,124,1100,13.75,857.68,0,144
102,2010,124,1200,13.73,806.29,0,125.8
102,2010,124,1300,13.73,659.4,.117,122.1
102,2010,124,1400,13.72,574.32,0,106.7
102,2010,124,1500,12.58,405.56,.05,54.27
102,2010,124,1600,13.47,546.73,0,109.6
102,2010,124,1700,13.72,645.26,0,119
102,2010,124,1800,13.7,716.04,0,160.9
102,2010,124,1900,13.7,134.04,0,208.8
102,2010,124,2000,13.71,0,.067,206.7
102,2010,124,2100,13.72,0,.3,30.59
102,2010,124,2200,13.75,0,.317,410.7
102,2010,124,2300,13.75,0,.2,190.8
101,2010,124,2400,12.58,6300.3,2.949
102,2010,124,2400,13.76,0,.233,148.1
102,2010,125,100,13.76,.12453,.217,28.58
102,2010,125,200,13.77,0,.1,20.68
102,2010,125,300,13.77,.4311,.05,51.81
102,2010,125,400,13.78,0,.017,94.3
102,2010,125,500,13.78,0,.133,245.3
102,2010,125,600,13.79,0,.3,372.5
102,2010,125,700,13.8,0,.4,361.7
102,2010,125,800,13.8,48.926,.267,233.2
102,2010,125,900,13.79,238.62,0,124.2
102,2010,125,1000,13.77,272.23,0,123
102,2010,125,1100,13.76,904.82,0,127.3
102,2010,125,1200,13.75,1138,0,110.7
102,2010,125,1300,13.73,1046.3,0,103.2
102,2010,125,1400,13.74,566.47,.25,193.4
102,2010,125,1500,13.74,829.33,.05,96.6
102,2010,125,1600,13.77,0,.383,219.7
102,2010,125,1700,13.77,193.37,.183,71.5
102,2010,125,1800,13.77,636.99,0,66.96
102,2010,125,1900,13.76,150.68,0,107.6
102,2010,125,2000,13.76,0,.333,24.07
102,2010,125,2100,13.76,0,.4,226.6
102,2010,125,2200,13.77,.02874,.433,307.4
102,2010,125,2300,13.77,0,.267,463.9
101,2010,125,2400,13.73,6026.4,4.348
102,2010,125,2400,13.78,0,.566,642.4
102,2010,126,100,13.79,0,.55,610.8
102,2010,126,200,13.8,0,.666,1077
102,2010,126,300,13.8,0,.45,995
102,2010,126,400,13.8,0,0,39.31
102,2010,126,500,13.8,0,0,79.4
102,2010,126,600,13.8,0,.1,137.9
102,2010,126,700,13.8,0,.033,74.9
102,2010,126,800,13.81,27.926,.217,56.5
102,2010,126,900,13.81,63.133,0,167.5
102,2010,126,1000,13.79,261.14,0,152.2
102,2010,126,1100,13.77,1057,0,127.9
102,2010,126,1200,13.76,1668.3,0,114.4
102,2010,126,1300,13.74,1761.4,0,100.4
102,2010,126,1400,13.73,1698.3,0,94.6
102,2010,126,1500,13.71,593.08,0,99.6
102,2010,126,1600,13.7,365.34,0,100.8
102,2010,126,1700,13.69,773.66,0,96.4
102,2010,126,1800,13.69,566.08,0,108
102,2010,126,1900,13.7,128.77,0,141.4
102,2010,126,2000,13.71,.66098,0,143.9
102,2010,126,2100,13.72,.87172,0,120
102,2010,126,2200,13.74,1.9446,.283,-6999
102,2010,126,2300,13.75,.02874,.35,291.3
101,2010,126,2400,13.69,8969,3.082
102,2010,126,2400,13.76,1.3028,.433,424.8
102,2010,127,100,13.77,0,.217,488.6
102,2010,127,200,13.78,0,.3,155.8
102,2010,127,300,13.8,0,.317,221.2
102,2010,127,400,13.81,0,.317,220.7
102,2010,127,500,13.82,0,.283,255.5
102,2010,127,600,13.82,0,.333,351.7
102,2010,127,700,13.83,0,.317,474.1
102,2010,127,800,13.83,129.41,.283,557.3
102,2010,127,900,13.82,243.63,0,93.2
102,2010,127,1000,13.81,834.21,0,127.2
102,2010,127,1100,13.79,1216,0,130.4
102,2010,127,1200,13.77,1631.1,0,123.9
102,2010,127,1300,13.76,1872.7,0,114.8
102,2010,127,1400,13.74,1431.2,0,104.2
102,2010,127,1500,13.73,747.95,0,101.3
102,2010,127,1600,12.76,637.61,0,95.1
102,2010,127,1700,12.99,596.15,0,101.3
102,2010,127,1800,12.75,407.6,0,134.9
102,2010,127,1900,13.72,3.9563,.283,154.1
102,2010,127,2000,13.75,0,.217,267.5
102,2010,127,2100,13.75,0,.25,460.5
102,2010,127,2200,13.75,0,.033,385.7
102,2010,127,2300,13.76,0,0,120.4
101,2010,127,2400,12.75,9751.5,3.149
102,2010,127,2400,13.76,0,0,48.07
102,2010,128,100,13.77,0,0,6.299
102,2010,128,200,13.77,0,0,54.38
102,2010,128,300,13.77,0,0,118.7
102,2010,128,400,13.77,0,0,112.1
102,2010,128,500,13.78,0,0,54.38
102,2010,128,600,13.78,0,0,18.88
102,2010,128,700,13.78,0,0,19.98
102,2010,128,800,13.78,14.361,0,93.3
102,2010,128,900,13.79,35.716,0,214.3
102,2010,128,1000,13.77,126.7,0,169.1
102,2010,128,1100,13.75,738.53,0,152.9
102,2010,128,1200,13.75,890.02,0,150.9
102,2010,128,1300,13.73,817.65,0,152.3
102,2010,128,1400,13.73,122.65,.35,169.7
102,2010,128,1500,13.73,712.36,.017,137
102,2010,128,1600,13.73,194.98,.117,-20.25
102,2010,128,1700,13.75,369.22,.083,20.56
102,2010,128,1800,13.75,418.01,0,105.4
102,2010,128,1900,13.74,176.37,0,110.9
102,2010,128,2000,13.75,0,0,114.4
102,2010,128,2100,13.75,0,0,114
102,2010,128,2200,13.76,0,.067,149.3
102,2010,128,2300,13.77,0,.3,-31.74
101,2010,128,2400,13.73,4616.6,1.216
102,2010,128,2400,13.77,0,.283,-38.39
102,2010,129,100,13.78,0,.3,-16.52
102,2010,129,200,13.78,0,.017,-13.43
102,2010,129,300,13.78,0,.017,16.95
102,2010,129,400,13.79,0,0,38.59
102,2010,129,500,13.78,0,0,74.5
102,2010,129,600,13.79,0,0,80.1
102,2010,129,700,13.8,0,0,88.1
102,2010,129,800,13.8,3.5926,0,96.8
102,2010,129,900,13.79,13.47,0,110.8
102,2010,129,1000,13.78,227.37,0,127
102,2010,129,1100,13.78,532.38,0,128.5
102,2010,129,1200,13.77,550.88,0,129.8
102,2010,129,1300,13.75,645.56,0,115.3
102,2010,129,1400,13.73,841.77,0,119
102,2010,129,1500,13.73,921.12,0,119.9
102,2010,129,1600,13.73,403.86,0,128.5
102,2010,129,1700,13.73,97.957,0,154.8
102,2010,129,1800,13.74,127.02,0,163.8
102,2010,129,1900,13.74,178.76,0,158.7
102,2010,129,2000,13.75,1.8775,0,116.8
102,2010,129,2100,13.75,0,0,136.3
102,2010,129,2200,13.75,0,0,112.3
102,2010,129,2300,13.77,0,0,117.1
101,2010,129,2400,13.73,4545.6,.333
102,2010,129,2400,13.77,0,0,104.3
102,2010,130,100,13.78,0,0,85.7
102,2010,130,200,13.78,0,0,60.93
102,2010,130,300,13.78,0,0,47.84
102,2010,130,400,13.78,0,.05,54.48
102,2010,130,500,13.78,0,.283,33.9
102,2010,130,600,13.78,0,.35,25.4
102,2010,130,700,13.8,0,.283,30.59
102,2010,130,800,13.8,0,.117,51.43
102,2010,130,900,13.8,135.24,0,64.07
102,2010,130,1000,13.78,68.193,0,111.8
102,2010,130,1100,13.77,376.11,0,120.6
102,2010,130,1200,13.77,527.43,0,119.4
102,2010,130,1300,13.75,912.03,0,110.6
102,2010,130,1400,13.75,1046.1,0,111.4
102,2010,130,1500,13.73,966.33,0,104.2
102,2010,130,1600,13.73,1035.7,0,101.3
102,2010,130,1700,13.71,1200.6,0,102.5
102,2010,130,1800,13.72,800.03,0,93.5
102,2010,130,1900,13.72,85.104,0,91.3
102,2010,130,2000,13.75,0,0,80.4
102,2010,130,2100,13.77,0,.083,102.1
102,2010,130,2200,13.77,0,.383,305.8
102,2010,130,2300,13.77,0,.566,270.7
101,2010,130,2400,13.71,7152.9,2.566
102,2010,130,2400,13.78,0,.45,306.1
102,2010,131,100,13.78,0,.25,375
102,2010,131,200,13.78,0,.466,583
102,2010,131,300,13.8,.06706,.75,714
102,2010,131,400,13.8,0,.35,419.6
102,2010,131,500,13.81,0,0,19.55
102,2010,131,600,13.81,0,0,28.32
102,2010,131,700,13.82,0,0,22.26
102,2010,131,800,13.82,68.517,0,10.08
102,2010,131,900,12.86,402.28,0,151.2
102,2010,131,1000,12.96,673.33,0,132.1
102,2010,131,1100,13.45,860.77,0,115.4
102,2010,131,1200,13.41,1428.5,0,103.7
102,2010,131,1300,13.08,1128,0,94.8
102,2010,131,1400,13.25,1405.2,0,95.7
102,2010,131,1500,13.31,1040.9,0,90.1
102,2010,131,1600,13.64,895.62,0,97.4
102,2010,131,1700,13.7,1841.7,0,99
102,2010,131,1800,13.7,828.97,0,105.4
102,2010,131,1900,13.7,55.84,0,136.3
102,2010,131,2000,13.71,0,.117,166.4
102,2010,131,2100,13.75,0,.367,-6999
102,2010,131,2200,13.77,0,.35,233.5
102,2010,131,2300,13.78,0,.383,234
101,2010,131,2400,12.86,10630,3.582
102,2010,131,2400,13.79,0,.55,289.7
102,2010,132,100,13.81,0,.45,363.9
102,2010,132,200,13.82,0,.15,57.12
102,2010,132,300,13.82,0,0,48.37
102,2010,132,400,13.83,0,0,54.14
102,2010,132,500,13.83,0,0,53.4
102,2010,132,600,13.84,0,0,36.06
102,2010,132,700,13.84,0,0,20.54
102,2010,132,800,13.84,144.02,0,-.876
102,2010,132,900,13.84,435.75,0,86.9
102,2010,132,1000,13.48,214.83,0,105.1
102,2010,132,1100,13.8,253.29,0,107.4
102,2010,132,1200,13.65,328.77,0,111.9
102,2010,132,1300,13.2,302.88,0,106.9
102,2010,132,1400,13.3,855.53,0,101.5
102,2010,132,1500,13.28,875.54,0,94.4
102,2010,132,1600,13.73,975.61,0,100
102,2010,132,1700,13.73,1766.1,0,87.3
102,2010,132,1800,13.72,332.77,0,38.65
102,2010,132,1900,13.61,79.73,0,119.2
102,2010,132,2000,13.25,.91004,0,94.2
102,2010,132,2100,13.74,0,0,70.6
102,2010,132,2200,13.75,0,0,79.5
102,2010,132,2300,13.76,0,0,141.3
101,2010,132,2400,13.2,6565.7,.6
102,2010,132,2400,13.77,0,0,153.5
102,2010,133,100,13.77,0,0,177.6
102,2010,133,200,13.78,0,0,139.3
102,2010,133,300,13.78,0,0,20.65
102,2010,133,400,13.78,0,0,59.33
102,2010,133,500,13.79,0,0,18.56
102,2010,133,600,13.79,0,.017,65.22
102,2010,133,700,13.8,0,.317,142.7
102,2010,133,800,13.8,8.7276,.267,106.1
102,2010,133,900,13.72,142.21,0,84.8
102,2010,133,1000,13.71,209.03,0,108
102,2010,133,1100,13.76,339.84,0,110.1
102,2010,133,1200,13.74,586.59,0,101.1
102,2010,133,1300,13.72,612.31,0,101.4
102,2010,133,1400,13.71,823.89,0,94.8
102,2010,133,1500,13.7,875.06,0,95.2
102,2010,133,1600,13.69,1627.6,0,92.5
102,2010,133,1700,13.68,1575,0,93.5
102,2010,133,1800,13.52,115.83,0,117
102,2010,133,1900,13.25,78.735,0,126.9
102,2010,133,2000,13.1,1.4752,0,115.7
102,2010,133,2100,13,4.4352,0,66.79
102,2010,133,2200,12.94,0,0,54.05
102,2010,133,2300,12.89,0,0,39.42
101,2010,133,2400,12.86,7000.8,.6
102,2010,133,2400,12.86,0,0,37.26
102,2010,134,100,12.84,0,0,20.34
102,2010,134,200,12.83,0,0,50.94
102,2010,134,300,12.83,0,0,247.1
102,2010,134,400,12.82,0,0,212.3
102,2010,134,500,12.82,0,0,242.9
102,2010,134,600,12.81,0,0,339.2
102,2010,134,700,12.81,0,0,285.9
102,2010,134,800,12.82,111.62,0,58.05
102,2010,134,900,13.47,168.22,0,111
102,2010,134,1000,12.47,208.08,0,109.5
102,2010,134,1100,13.43,239.55,0,113.1
102,2010,134,1200,13.32,404.71,0,99.2
102,2010,134,1300,12.82,1102.4,0,90.7
102,2010,134,1400,13.26,1085.3,0,84.2
102,2010,134,1500,12.89,572.73,.083,133.8
102,2010,134,1600,12.74,1815.8,0,89.1
102,2010,134,1700,12.63,464.57,0,111.7
102,2010,134,1800,12.87,508.64,0,103.6
102,2010,134,1900,13.45,80.907,.017,114.4
102,2010,134,2000,13.16,0,0,55.96
102,2010,134,2100,13.04,0,0,47.56
102,2010,134,2200,12.96,0,0,41.12
102,2010,134,2300,12.91,0,0,47.05
101,2010,134,2400,12.47,6762.5,.1
102,2010,134,2400,12.86,0,0,34.72
102,2010,135,100,12.83,0,0,62.9
102,2010,135,200,12.81,0,0,63.57
102,2010,135,300,12.79,0,0,53.94
102,2010,135,400,12.79,0,.05,116.3
102,2010,135,500,12.79,0,.35,267.5
102,2010,135,600,12.79,0,.183,141.2
102,2010,135,700,12.79,0,.367,332.3
102,2010,135,800,12.82,24.315,.317,209.5
102,2010,135,900,13.62,264.44,0,173.5
102,2010,135,1000,12.42,776.61,0,119.1
102,2010,135,1100,13.46,409.9,0,119.8
102,2010,135,1200,13.37,375.45,0,99
102,2010,135,1300,12.4,918.08,0,93.3
102,2010,135,1400,13.34,1166.5,0,84.6
102,2010,135,1500,13.38,864.82,0,112.4
102,2010,135,1600,12.42,817.45,0,138.2
102,2010,135,1700,13.15,688.02,0,149.9
102,2010,135,1800,13.7,295.89,0,143.8
102,2010,135,1900,13.7,44.093,0,63.11
102,2010,135,2000,13.71,0,.117,66.66
102,2010,135,2100,13.75,0,.383,131.7
102,2010,135,2200,13.75,0,.383,336.7
102,2010,135,2300,13.75,0,.483,336.4
101,2010,135,2400,12.4,6645.6,3.165
102,2010,135,2400,13.75,0,.533,386.7
102,2010,136,100,13.76,0,.633,394.6
102,2010,136,200,13.77,0,.516,394
102,2010,136,300,13.78,0,.483,378.3
102,2010,136,400,13.78,0,.583,380
102,2010,136,500,13.78,0,.65,360.3
102,2010,136,600,13.79,0,.566,370
102,2010,136,700,13.8,0,.483,383
102,2010,136,800,13.8,0,.683,416.9
102,2010,136,900,13.8,247.53,.317,242.4
102,2010,136,1000,13.79,919.87,0,117.3
102,2010,136,1100,13.78,1143.6,0,119.9
102,2010,136,1200,13.77,1443.7,0,118.9
102,2010,136,1300,13.77,1526,0,119.1
102,2010,136,1400,13.75,1441.9,0,118.3
102,2010,136,1500,13.73,1780.3,0,104.9
102,2010,136,1600,13.72,2465.3,0,103.6
102,2010,136,1700,13.72,1202.4,0,106.8
102,2010,136,1800,13.72,1023.9,0,107.6
102,2010,136,1900,13.72,259.07,0,119.2
102,2010,136,2000,13.73,0,0,126.2
102,2010,136,2100,13.73,0,0,101.1
102,2010,136,2200,13.77,0,0,22.88
102,2010,136,2300,13.78,0,.033,14.33
101,2010,136,2400,13.72,13454,4.948
102,2010,136,2400,13.79,0,0,52.83
102,2010,137,100,13.8,0,0,74.8
102,2010,137,200,13.8,0,0,60.92
102,2010,137,300,13.8,0,0,54.14
102,2010,137,400,13.8,0,0,41.74
102,2010,137,500,13.8,0,0,30.07
102,2010,137,600,13.8,0,0,13.02
102,2010,137,700,13.81,0,0,14.68
102,2010,137,800,13.82,0,.183,-2.913
102,2010,137,900,13.82,134.72,0,67.48
102,2010,137,1000,13.8,146.91,0,114.2
102,2010,137,1100,13.77,246.45,0,95.2
102,2010,137,1200,13.75,184.47,0,90.5
102,2010,137,1300,13.73,527.18,0,89.9
102,2010,137,1400,13.73,737.04,0,86.2
102,2010,137,1500,13.34,1466.3,0,89.4
102,2010,137,1600,12.91,2100.1,0,84.2
102,2010,137,1700,13.3,1923.7,0,86.6
102,2010,137,1800,12.59,995.13,0,87.5
102,2010,137,1900,12.57,95.25,0,115.6
102,2010,137,2000,13.06,0,0,140
102,2010,137,2100,12.96,0,0,124.9
102,2010,137,2200,12.89,0,.267,194.6
102,2010,137,2300,12.84,0,.317,310
101,2010,137,2400,12.57,8557.2,1.333
102,2010,137,2400,12.8,0,.566,385.5
102,2010,138,100,12.78,0,.483,329
102,2010,138,200,12.76,0,.25,298.2
102,2010,138,300,12.76,0,.516,284.6
102,2010,138,400,12.76,0,.417,304.1
102,2010,138,500,12.75,0,.433,335.7
102,2010,138,600,12.75,0,.4,361.5
102,2010,138,700,12.75,0,.4,377.2
102,2010,138,800,12.76,0,.3,377.4
102,2010,138,900,13.62,186.28,0,55.85
102,2010,138,1000,12.7,200.78,0,105
102,2010,138,1100,13.59,239.79,0,119.3
102,2010,138,1200,13.59,1123.5,0,104.1
102,2010,138,1300,12.88,1316.4,0,97.1
102,2010,138,1400,13.69,1266.7,0,97.3
102,2010,138,1500,13.57,1182.8,0,101.7
102,2010,138,1600,13.19,1110.2,0,99
102,2010,138,1700,13.68,882.53,0,112.1
102,2010,138,1800,13.68,549.41,0,104.2
102,2010,138,1900,13.68,63.235,0,129.1
102,2010,138,2000,13.69,0,0,148.5
102,2010,138,2100,13.7,0,0,150.9
102,2010,138,2200,13.72,0,0,178.3
102,2010,138,2300,13.73,0,0,188
101,2010,138,2400,12.7,8121.5,3.199
102,2010,138,2400,13.73,0,0,198.1
102,2010,139,100,13.75,0,0,230.8
102,2010,139,200,13.75,0,0,220.7
102,2010,139,300,13.76,0,.083,187.8
102,2010,139,400,13.76,0,.2,167.8
102,2010,139,500,13.77,0,.283,213.4
102,2010,139,600,13.78,0,.25,240.9
102,2010,139,700,13.78,0,.067,160.5
102,2010,139,800,13.78,146.58,0,117.7
102,2010,139,900,13.62,184.79,0,144.2
102,2010,139,1000,12.86,596.55,0,99.1
102,2010,139,1100,13.33,1178.2,0,110.5
102,2010,139,1200,13.32,1258.3,0,110.5
102,2010,139,1300,13.11,956.82,0,100
102,2010,139,1400,13.27,803.23,0,96.3
102,2010,139,1500,13.19,1556.1,0,93.8
102,2010,139,1600,12.76,2131.5,0,97.3
102,2010,139,1700,12.56,953.8,0,98.4
102,2010,139,1800,12.53,92.674,.017,62.2
102,2010,139,1900,12.54,0,.117,255.7
102,2010,139,2000,12.78,0,.333,265.8
102,2010,139,2100,13.76,0,.267,300.7
102,2010,139,2200,13.77,0,.417,313.5
102,2010,139,2300,13.78,0,.35,384.1
101,2010,139,2400,12.53,9858.6,2.816
102,2010,139,2400,13.79,0,.433,419.8
102,2010,140,100,13.79,0,.566,491.9
102,2010,140,200,13.8,0,.466,504.6
102,2010,140,300,13.8,0,.083,153.5
102,2010,140,400,13.8,0,0,73.6
102,2010,140,500,13.8,0,.067,105
102,2010,140,600,13.8,0,.2,91.8
102,2010,140,700,13.8,0,.25,103
102,2010,140,800,13.8,1.37,.167,89.1
102,2010,140,900,13.81,362.09,0,41.16
102,2010,140,1000,13.8,837.44,0,86.7
102,2010,140,1100,13.79,1228.1,0,101.8
102,2010,140,1200,13.78,1292.8,0,115.4
102,2010,140,1300,13.76,1040.8,0,117
102,2010,140,1400,13.75,1095.3,0,108.9
102,2010,140,1500,13.73,2143.2,0,96.9
102,2010,140,1600,13.72,2271,0,99.3
102,2010,140,1700,13.71,1893.2,0,96
102,2010,140,1800,13.57,1099.2,0,96.5
102,2010,140,1900,13.58,205.61,0,112.4
102,2010,140,2000,13.29,2.4715,0,120.6
102,2010,140,2100,13.73,0,0,115.6
102,2010,140,2200,13.74,0,0,98.7
102,2010,140,2300,13.75,0,0,104.9
101,2010,140,2400,13.29,13473,1.799
102,2010,140,2400,13.75,0,0,116.5
102,2010,141,100,13.76,0,0,119.2
102,2010,141,200,13.77,0,0,123.4
102,2010,141,300,13.77,0,0,131.9
102,2010,141,400,13.77,.78559,0,108
102,2010,141,500,13.78,0,0,71.5
102,2010,141,600,13.78,0,0,56.61
102,2010,141,700,13.79,0,0,61.19
102,2010,141,800,13.8,38.867,0,83.9
102,2010,141,900,13.8,208.24,0,122.7
102,2010,141,1000,13.78,320.94,0,96.7
102,2010,141,1100,13.6,412.45,0,101.7
102,2010,141,1200,13.42,593.45,0,101.9
102,2010,141,1300,12.43,859.28,0,99.4
102,2010,141,1400,13.41,840.04,0,92.5
102,2010,141,1500,13.36,768.81,0,91
102,2010,141,1600,13.68,1054,0,93.7
102,2010,141,1700,13.68,1622.7,0,94.1
102,2010,141,1800,13.68,1032.8,0,99.5
102,2010,141,1900,13.68,124.22,0,127.2
102,2010,141,2000,13.68,0,0,130.9
102,2010,141,2100,13.16,0,0,130.4
102,2010,141,2200,13.71,0,0,107.4
102,2010,141,2300,13.72,0,0,115.3
101,2010,141,2400,12.43,7876.6,0
102,2010,141,2400,13.73,0,0,125.6
102,2010,142,100,13.74,0,.067,198.7
102,2010,142,200,13.74,0,.483,441.8
102,2010,142,300,13.75,0,.566,553.8
102,2010,142,400,13.75,0,.616,547.3
102,2010,142,500,13.75,0,.583,474
102,2010,142,600,13.77,0,.633,648.4
102,2010,142,700,13.77,0,.75,653.6
102,2010,142,800,13.77,0,.3,53.99
102,2010,142,900,13.77,153.89,.033,233.2
102,2010,142,1000,13.75,182.64,0,134.1
102,2010,142,1100,13.74,213.8,0,122.4
102,2010,142,1200,13.59,235.56,0,107.5
102,2010,142,1300,12.58,405.31,0,97.3
102,2010,142,1400,13.36,665.78,0,100.7
102,2010,142,1500,13.36,624.59,0,104
102,2010,142,1600,13.68,944.8,0,106.9
102,2010,142,1700,13.68,1768.3,0,104.3
102,2010,142,1800,13.68,768.65,0,111.9
102,2010,142,1900,13.68,336.23,0,123.4
102,2010,142,2000,13.68,.16286,0,140.5
102,2010,142,2100,13.69,0,0,152.3
102,2010,142,2200,13.71,0,0,159.8
102,2010,142,2300,13.72,0,0,163.1
101,2010,142,2400,12.58,6299.7,4.032
102,2010,142,2400,13.74,0,0,161
102,2010,143,100,13.75,0,0,161.9
102,2010,143,200,13.75,0,0,186.7
102,2010,143,300,13.75,0,0,192.3
102,2010,143,400,13.75,0,0,191.3
102,2010,143,500,13.75,0,0,176.2
102,2010,143,600,13.76,0,0,169.2
102,2010,143,700,13.77,0,0,174.6
102,2010,143,800,13.77,73.843,0,111.9
102,2010,143,900,13.77,362.02,0,133.9
102,2010,143,1000,13.75,578.84,0,120.5
102,2010,143,1100,13.74,835.15,0,116.4
102,2010,143,1200,13.73,1296.8,0,117.6
102,2010,143,1300,13.71,1175.8,0,110.6
102,2010,143,1400,13.7,928.69,0,100
102,2010,143,1500,13.68,912.59,0,102.6
102,2010,143,1600,13.69,612.4,0,125.8
102,2010,143,1700,13.7,1094.7,0,113.2
102,2010,143,1800,13.7,364.62,0,134.9
102,2010,143,1900,13.7,81.532,0,150.6
102,2010,143,2000,13.72,0,0,154.6
102,2010,143,2100,13.72,0,0,186.7
102,2010,143,2200,13.73,0,0,160.8
102,2010,143,2300,13.75,0,0,166.6
101,2010,143,2400,13.68,8317,0
102,2010,143,2400,13.75,0,0,172.5
102,2010,144,100,13.77,0,0,174.9
102,2010,144,200,13.77,0,0,187.4
102,2010,144,300,13.77,0,0,185.5
102,2010,144,400,13.77,0,0,183
102,2010,144,500,13.77,0,0,186.7
102,2010,144,600,13.77,0,0,210.2
102,2010,144,700,13.78,0,0,197.1
102,2010,144,800,13.79,43.706,0,115.4
102,2010,144,900,13.78,203.8,0,125.1
102,2010,144,1000,13.77,606.25,0,125.4
102,2010,144,1100,13.29,747.24,0,129.9
102,2010,144,1200,13.19,771.75,0,140.7
102,2010,144,1300,12.58,345.56,.267,269.1
102,2010,144,1400,13.43,1055.3,0,121.5
102,2010,144,1500,13.36,1187.5,0,111.3
102,2010,144,1600,12.46,841.64,0,106.2
102,2010,144,1700,13.59,418.44,0,130.9
102,2010,144,1800,13.59,279.41,0,136.7
102,2010,144,1900,13.51,104.02,0,159
102,2010,144,2000,13.14,0,0,170.1
102,2010,144,2100,13.03,0,0,187.1
102,2010,144,2200,12.96,0,0,197.1
102,2010,144,2300,12.89,0,0,195.1
101,2010,144,2400,12.46,6604.6,.267
102,2010,144,2400,12.85,0,0,204.6
102,2010,145,100,12.83,0,0,219
102,2010,145,200,12.81,0,0,212.6
102,2010,145,300,12.8,0,0,230.2
102,2010,145,400,12.79,0,0,221.5
102,2010,145,500,12.79,0,0,226
102,2010,145,600,12.79,0,0,209.6
102,2010,145,700,12.79,0,0,205
102,2010,145,800,12.74,28.789,0,136.5
102,2010,145,900,13.77,315.35,0,135.7
102,2010,145,1000,13.77,877.46,0,138.6
102,2010,145,1100,13.75,588.49,0,120.7
102,2010,145,1200,13.73,409.6,0,117.7
102,2010,145,1300,13.72,603.9,0,108.9
102,2010,145,1400,13.7,864.83,0,103.6
102,2010,145,1500,13.7,1053.1,0,105.1
102,2010,145,1600,13.69,1670.1,0,106.9
102,2010,145,1700,13.68,1744.9,0,104.7
102,2010,145,1800,13.68,937.04,0,107.6
102,2010,145,1900,13.69,227.92,0,116.8
102,2010,145,2000,13.7,0,0,153.9
102,2010,145,2100,13.72,0,0,157.6
102,2010,145,2200,13.73,0,0,159.5
102,2010,145,2300,13.73,0,0,178
101,2010,145,2400,12.74,9321.4,0
102,2010,145,2400,13.74,0,0,184.7
102,2010,146,100,13.75,0,0,197.4
102,2010,146,200,13.75,0,.2,268.8
102,2010,146,300,13.75,0,.483,530.1
102,2010,146,400,13.76,0,.783,758
102,2010,146,500,13.77,0,.133,260.9
102,2010,146,600,13.78,0,0,148.4
102,2010,146,700,13.78,0,0,161
102,2010,146,800,13.78,73.932,0,164.9
102,2010,146,900,13.78,347.83,0,147.9
102,2010,146,1000,13.77,230.86,0,118
102,2010,146,1100,13.74,250.91,0,114.5
102,2010,146,1200,13.73,335.36,0,112.1
102,2010,146,1300,13.71,715.51,0,107.7
102,2010,146,1400,13.7,1080.1,0,104
102,2010,146,1500,13.69,993.94,.017,124.5
102,2010,146,1600,13.32,331.51,.183,55.35
102,2010,146,1700,13.28,908.52,0,119.1
102,2010,146,1800,13.72,481.91,0,132.8
102,2010,146,1900,13.72,55.896,0,152.7
102,2010,146,2000,13.73,0,0,205.3
102,2010,146,2100,13.74,0,0,243.9
102,2010,146,2200,13.74,0,0,279.4
102,2010,146,2300,13.74,0,.217,299.4
101,2010,146,2400,13.28,5806.2,2.532
102,2010,146,2400,13.74,0,.516,295.5
102,2010,147,100,13.74,0,.533,340.3
102,2010,147,200,13.75,0,.433,383.9
102,2010,147,300,13.75,0,.333,316.3
102,2010,147,400,13.77,0,.3,255.2
102,2010,147,500,13.77,0,.317,266.4
102,2010,147,600,13.78,0,.5,256.4
102,2010,147,700,13.78,0,.4,283.2
102,2010,147,800,13.79,0,.45,265.5
102,2010,147,900,13.78,262.25,.133,286.7
102,2010,147,1000,13.77,318.78,0,141.7
102,2010,147,1100,13.75,481.8,0,128.5
102,2010,147,1200,13.74,598.52,0,116.5
102,2010,147,1300,13.73,551.87,0,104.8
102,2010,147,1400,13.72,750.5,0,102.9
102,2010,147,1500,13.7,1016.1,0,100.8
102,2010,147,1600,13.69,1577.2,0,100.3
102,2010,147,1700,13.68,1300.9,0,103
102,2010,147,1800,13.68,1117.8,0,105.8
102,2010,147,1900,13.68,318.92,0,119.6
102,2010,147,2000,13.69,3.238,0,161.6
102,2010,147,2100,13.7,0,0,210.7
102,2010,147,2200,12.94,0,0,251.3
102,2010,147,2300,12.89,0,0,298
101,2010,147,2400,12.89,8297.8,3.399
102,2010,147,2400,13.74,0,0,277.8
102,2010,148,100,13.74,0,0,300.4
102,2010,148,200,13.74,0,0,319.1
102,2010,148,300,13.74,0,0,324.9
102,2010,148,400,13.75,0,0,334.9
102,2010,148,500,13.76,0,0,316.1
102,2010,148,600,13.77,0,0,307.8
102,2010,148,700,13.77,0,.117,258.8
102,2010,148,800,13.78,59.236,.217,196.5
102,2010,148,900,13.78,156.36,0,254
102,2010,148,1000,13.76,228.21,0,132.5
102,2010,148,1100,13.74,337.72,0,119.3
102,2010,148,1200,13.73,434.81,0,106.6
102,2010,148,1300,13.72,789.53,0,105.6
102,2010,148,1400,13.7,723.3,0,97.3
102,2010,148,1500,13.68,1144.4,0,100.6
102,2010,148,1600,13.68,1277,0,102.5
102,2010,148,1700,13.67,1924.3,0,102.2
102,2010,148,1800,13.68,161.78,0,124.2
102,2010,148,1900,13.68,223.12,0,132.3
102,2010,148,2000,13.68,.10538,0,212.2
102,2010,148,2100,13.7,0,0,281.9
102,2010,148,2200,13.71,.20117,0,267.5
102,2010,148,2300,13.72,0,0,267.7
101,2010,148,2400,13.67,7460.1,.333
102,2010,148,2400,13.73,0,0,298
102,2010,149,100,13.74,0,0,318.4
102,2010,149,200,13.75,0,0,322.8
102,2010,149,300,13.75,0,0,321.4
102,2010,149,400,13.75,0,0,312.2
102,2010,149,500,13.76,0,.233,291.4
102,2010,149,600,13.77,0,.167,289
102,2010,149,700,13.77,0,.383,253.5
102,2010,149,800,13.78,64.726,.183,174.8
102,2010,149,900,13.62,307.6,.033,294.1
102,2010,149,1000,12.55,442.65,0,144.2
102,2010,149,1100,13.34,454.88,0,120.2
102,2010,149,1200,13.32,975.19,0,108.7
102,2010,149,1300,13.1,974.13,0,104
102,2010,149,1400,13.22,828.77,0,103.8
102,2010,149,1500,13.18,1097.4,0,95.7
102,2010,149,1600,12.61,1634.8,0,94.2
102,2010,149,1700,13.18,1703.9,0,97.7
102,2010,149,1800,12.58,805.04,0,106.9
102,2010,149,1900,12.83,33.99,0,162.8
102,2010,149,2000,13.67,0,0,248.6
102,2010,149,2100,13.7,0,.033,260
102,2010,149,2200,13.74,1.1783,0,279.3
102,2010,149,2300,13.74,0,0,273.9
101,2010,149,2400,12.55,9324.2,1.033
102,2010,149,2400,13.75,0,0,282.6
102,2010,150,100,13.75,0,.383,401.4
102,2010,150,200,13.77,0,.333,361.7
102,2010,150,300,13.77,0,.433,416.9
102,2010,150,400,13.77,0,.433,423.1
102,2010,150,500,13.78,0,.8,-6999
102,2010,150,600,13.79,0,.1,511
102,2010,150,700,13.8,0,0,326.4
102,2010,150,800,13.8,61.209,.033,203.6
102,2010,150,900,13.8,451.41,0,312.2
102,2010,150,1000,13.79,870.78,0,186.9
102,2010,150,1100,13.77,1203.1,0,139.7
102,2010,150,1200,13.75,704.56,0,128.5
102,2010,150,1300,13.74,846.76,0,119.7
102,2010,150,1400,13.72,990.55,0,114.7
102,2010,150,1500,13.7,1180.6,0,114.7
102,2010,150,1600,12.81,2027.8,0,110.3
102,2010,150,1700,13.01,1619.5,0,112.2
102,2010,150,1800,13.68,1169.9,0,115.9
102,2010,150,1900,13.7,269.74,0,116.6
102,2010,150,2000,13.72,2.8451,.317,260.7
102,2010,150,2100,13.75,0,.483,344.2
102,2010,150,2200,13.77,0,.466,392.2
102,2010,150,2300,13.77,0,.383,12.83
101,2010,150,2400,12.81,11399,4.398
102,2010,150,2400,13.77,0,.233,216.9
102,2010,151,100,13.77,0,.217,274.6
102,2010,151,200,13.77,0,.35,192.3
102,2010,151,300,13.77,0,.45,87.8
102,2010,151,400,13.77,0,.383,322.2
102,2010,151,500,13.79,0,.367,342.4
102,2010,151,600,13.79,0,.417,298.1
102,2010,151,700,13.78,0,.383,255.6
102,2010,151,800,13.79,0,.433,198
102,2010,151,900,13.78,249.12,.067,242.9
102,2010,151,1000,12.63,252.08,0,142.5
102,2010,151,1100,13.57,382.44,0,132.1
102,2010,151,1200,13.58,432.7,0,109.3
102,2010,151,1300,12.97,597.27,0,106.6
102,2010,151,1400,13.26,655.68,0,105.5
102,2010,151,1500,13.23,1296,0,106
102,2010,151,1600,12.95,2220.8,0,105.1
102,2010,151,1700,13.38,2023.9,0,103.2
102,2010,151,1800,12.6,949.91,0,107.5
102,2010,151,1900,13.63,198.85,0,130.8
102,2010,151,2000,13.69,0,0,158.3
102,2010,151,2100,13.71,0,0,197.1
102,2010,151,2200,13.73,0,0,178.1
102,2010,151,2300,13.74,0,0,235.6
101,2010,151,2400,12.6,9258.7,3.065
102,2010,151,2400,13.74,0,0,309
102,2010,152,100,13.74,0,0,312.5
102,2010,152,200,13.75,0,0,311.9
102,2010,152,300,13.75,0,0,340.3
102,2010,152,400,13.75,0,.25,363.2
102,2010,152,500,13.76,0,.217,327
102,2010,152,600,13.77,0,.25,301.8
102,2010,152,700,13.77,0,.317,239.7
102,2010,152,800,13.78,1.5616,.3,176.8
102,2010,152,900,13.79,126.62,0,172
102,2010,152,1000,13.77,198.11,0,142.7
102,2010,152,1100,13.75,300.49,0,122.1
102,2010,152,1200,13.73,393.09,0,106.1
102,2010,152,1300,13.38,498.5,0,99
102,2010,152,1400,13.7,674.1,0,101.1
102,2010,152,1500,13.69,971.15,0,101.1
102,2010,152,1600,13.68,1784.4,0,99.2
102,2010,152,1700,13.68,1399.3,0,100.8
102,2010,152,1800,13.68,1235.3,0,110.3
102,2010,152,1900,13.68,176.36,0,131.7
102,2010,152,2000,13.69,0,0,186.5
102,2010,152,2100,13.7,0,0,227.5
102,2010,152,2200,13.7,0,0,206.5
102,2010,152,2300,13.71,0,0,247.8
101,2010,152,2400,13.38,7759,1.583
102,2010,152,2400,13.72,0,.25,325.1
102,2010,153,100,13.74,0,0,331.7
102,2010,153,200,13.75,0,.566,446.4
102,2010,153,300,13.77,0,.3,404.1
102,2010,153,400,13.79,0,0,22.67
102,2010,153,500,13.78,0,0,9.08
102,2010,153,600,13.79,0,.05,36.45
102,2010,153,700,13.78,0,.233,64.75
102,2010,153,800,13.79,0,.417,167.5
102,2010,153,900,13.79,273.34,.05,88.7
102,2010,153,1000,13.77,495.42,0,131.5
102,2010,153,1100,13.75,1146.9,0,124.2
102,2010,153,1200,13.74,801.16,0,122.2
102,2010,153,1300,13.73,989.14,0,113.2
102,2010,153,1400,13.71,1031.2,0,109.2
102,2010,153,1500,13.7,1820.9,0,104.5
102,2010,153,1600,13.69,2300,0,107
102,2010,153,1700,13.68,900.33,0,119.3
102,2010,153,1800,13.69,367.01,0,121
102,2010,153,1900,13.7,61.78,0,146.8
102,2010,153,2000,13.73,0,0,278.4
102,2010,153,2100,13,0,0,220.5
102,2010,153,2200,12.93,0,0,108.7
102,2010,153,2300,12.91,0,.25,425.5
101,2010,153,2400,12.91,10187,2.166
102,2010,153,2400,13.77,0,.3,390.5
102,2010,154,100,13.78,0,.383,347.3
102,2010,154,200,13.78,0,.25,287.2
102,2010,154,300,13.78,0,.183,301.2
102,2010,154,400,13.78,0,.167,321.6
102,2010,154,500,13.78,0,.367,270.8
102,2010,154,600,13.78,0,.317,264
102,2010,154,700,13.79,0,.45,487.6
102,2010,154,800,13.79,0,.483,474.2
102,2010,154,900,13.78,306.14,.1,294.5
102,2010,154,1000,13.78,597.13,0,156.6
102,2010,154,1100,13.42,613.07,0,139.3
102,2010,154,1200,13.36,1166.6,0,127.4
102,2010,154,1300,13.09,976.44,0,118.3
102,2010,154,1400,13.31,938.7,0,107.9
102,2010,154,1500,13.23,1372.7,0,101.6
102,2010,154,1600,12.9,2635.8,0,89.7
102,2010,154,1700,13.54,2085.7,0,99.1
102,2010,154,1800,13.66,715.08,.183,229.8
102,2010,154,1900,13.72,20.079,.383,566.7
102,2010,154,2000,13.73,0,0,98.3
102,2010,154,2100,13.75,0,0,107.7
102,2010,154,2200,13.75,0,0,113.2
102,2010,154,2300,13.75,0,0,110.1
101,2010,154,2400,12.9,11427,3.265
102,2010,154,2400,13.76,0,0,95.9
102,2010,155,100,13.77,0,0,93.7
102,2010,155,200,13.78,0,0,91.5
102,2010,155,300,13.78,0,0,97
102,2010,155,400,13.79,0,0,119.6
102,2010,155,500,13.79,0,0,121.8
102,2010,155,600,13.79,0,0,104.6
102,2010,155,700,13.8,0,0,78.6
102,2010,155,800,13.8,0,0,65.3
102,2010,155,900,13.8,64.533,0,110.1
102,2010,155,1000,13.78,275.16,0,120.7
102,2010,155,1100,13.77,407.43,0,119.9
102,2010,155,1200,13.75,423.52,0,118.8
102,2010,155,1300,13.74,785.96,0,115.2
102,2010,155,1400,13.72,851.71,0,103.6
102,2010,155,1500,13.72,795.98,.017,131.5
102,2010,155,1600,13.71,1050.2,0,103.9
102,2010,155,1700,13.71,244.82,0,115.7
102,2010,155,1800,13.71,71.866,0,142.9
102,2010,155,1900,13.72,12.836,.05,152.6
102,2010,155,2000,13.72,1.3507,.033,14.57
102,2010,155,2100,13.76,0,0,96.9
102,2010,155,2200,13.77,0,0,85
102,2010,155,2300,13.77,0,0,77.4
101,2010,155,2400,13.71,4985.3,.1
102,2010,155,2400,13.79,0,0,70.5
102,2010,156,100,13.8,0,0,84.4
102,2010,156,200,13.8,0,0,98.5
102,2010,156,300,13.8,0,0,87.4
102,2010,156,400,13.8,0,0,85.9
102,2010,156,500,13.8,0,0,74
102,2010,156,600,13.81,0,0,70.5
102,2010,156,700,13.81,0,.2,130.1
102,2010,156,800,13.82,0,.383,256.4
102,2010,156,900,13.82,181.02,0,94.5
102,2010,156,1000,13.8,0,0,127
102,2010,156,1100,13.78,1.7628,0,110.5
102,2010,156,1200,13.77,19.717,0,102.9
102,2010,156,1300,12.95,163.43,0,94
102,2010,156,1400,13.31,208.2,0,92.6
102,2010,156,1500,13.74,187.06,0,92.3
102,2010,156,1600,13.73,280.99,0,91.4
102,2010,156,1700,13.71,139.31,0,90.9
102,2010,156,1800,13.7,54.556,0,93.5
102,2010,156,1900,13.7,11.419,0,109.3
102,2010,156,2000,13.71,0,0,133.8
102,2010,156,2100,13.72,0,0,125
102,2010,156,2200,13.73,0,0,108
102,2010,156,2300,13.74,0,0,63.17
101,2010,156,2400,12.95,1247.5,.583
102,2010,156,2400,13.75,0,0,13.29
102,2010,157,100,13.76,0,0,18.03
102,2010,157,200,13.77,0,0,21.05
102,2010,157,300,13.77,0,0,28.92
102,2010,157,400,13.77,0,0,46.96
102,2010,157,500,13.77,0,0,52.64
102,2010,157,600,13.78,0,.483,333.3
102,2010,157,700,13.79,0,.483,632.7
102,2010,157,800,13.8,0,.516,793
102,2010,157,900,13.79,22.466,.05,136.4
102,2010,157,1000,13.78,0,0,125.8
102,2010,157,1100,13.77,6.7543,0,130.4
102,2010,157,1200,13.37,102.24,0,104.6
102,2010,157,1300,13.27,89.537,0,101.5
102,2010,157,1400,13.73,29.255,0,101.1
102,2010,157,1500,13.72,42.523,0,103.7
102,2010,157,1600,13.72,13.162,.167,109
102,2010,157,1700,13.72,223.92,.15,28.88
102,2010,157,1800,13.72,0,0,116.1
102,2010,157,1900,13.72,4.3969,0,122.4
102,2010,157,2000,13.73,0,0,108.9
102,2010,157,2100,13.75,0,0,109.7
102,2010,157,2200,13.75,0,0,82.7
102,2010,157,2300,13.76,0,0,81.6
101,2010,157,2400,13.27,534.25,1.849
102,2010,157,2400,13.77,0,0,93.7
102,2010,158,100,13.77,0,0,120.9
102,2010,158,200,13.77,0,0,131.6
102,2010,158,300,13.77,0,0,117.7
102,2010,158,400,13.78,0,0,122.5
102,2010,158,500,13.78,0,0,117.6
102,2010,158,600,13.79,0,0,96.5
102,2010,158,700,13.79,0,0,79
102,2010,158,800,13.79,0,0,34.43
102,2010,158,900,13.79,0,0,126.6
102,2010,158,1000,13.78,0,0,117.8
102,2010,158,1100,13.76,0,0,116.1
102,2010,158,1200,13.74,3.1612,0,108.8
102,2010,158,1300,13.73,55.388,0,102.4
102,2010,158,1400,13.72,27.282,0,105.8
102,2010,158,1500,13.72,52.361,0,103.6
102,2010,158,1600,13.71,1408.7,0,99.4
102,2010,158,1700,13.25,1162.6,0,96.5
102,2010,158,1800,12.74,439.01,0,102.5
102,2010,158,1900,13.61,38.08,0,107.1
102,2010,158,2000,13.7,0,0,129.1
102,2010,158,2100,13.7,0,0,131
102,2010,158,2200,13.72,0,0,139.6
102,2010,158,2300,13.73,0,0,129.6
101,2010,158,2400,12.74,3186.5,0
102,2010,158,2400,13.75,0,0,128.9
102,2010,159,100,13.75,0,0,117.8
102,2010,159,200,13.77,0,.217,-6999
102,2010,159,300,13.78,0,.4,337.6
102,2010,159,400,13.79,0,.483,355
102,2010,159,500,13.79,0,.433,412.2
102,2010,159,600,13.79,0,.5,439
102,2010,159,700,13.81,0,.516,439
102,2010,159,800,13.82,0,.733,490.7
102,2010,159,900,13.81,0,.05,93.8
102,2010,159,1000,13.79,59.79,0,123.9
102,2010,159,1100,13.78,65.003,0,131.2
102,2010,159,1200,13.75,162.92,0,122.8
102,2010,159,1300,13.74,216.01,0,109.8
102,2010,159,1400,13.72,342.03,0,108
102,2010,159,1500,13.71,385.37,0,99.2
102,2010,159,1600,13.7,206.9,0,104.5
102,2010,159,1700,13.54,512.69,0,103.4
102,2010,159,1800,13.53,165.94,0,105.3
102,2010,159,1900,13.69,7.6255,0,121.6
102,2010,159,2000,13.7,0,0,142.5
102,2010,159,2100,13.7,0,0,140.9
102,2010,159,2200,13.72,0,0,142.2
102,2010,159,2300,13.72,0,0,113.6
101,2010,159,2400,13.53,2124.3,3.332
102,2010,159,2400,13.74,0,0,105.4
102,2010,160,100,13.75,0,0,89.5
102,2010,160,200,13.75,0,0,106.9
102,2010,160,300,13.75,0,0,90.5
102,2010,160,400,13.77,0,0,91.9
102,2010,160,500,13.77,0,0,94.6
102,2010,160,600,13.77,0,0,85.9
102,2010,160,700,13.78,0,0,83.2
102,2010,160,800,13.78,80.945,0,63.75
102,2010,160,900,13.64,0,0,128.2
102,2010,160,1000,12.95,0,0,111.8
102,2010,160,1100,13.41,0,0,116.6
102,2010,160,1200,13.28,0,0,108
102,2010,160,1300,13.01,15.528,0,102.2
102,2010,160,1400,13.28,2.6823,0,100
102,2010,160,1500,13.11,0,0,96
102,2010,160,1600,12.99,4.627,0,102.6
102,2010,160,1700,13.25,15.194,0,105.7
102,2010,160,1800,13.53,72.155,0,101.5
102,2010,160,1900,13.54,5.2018,0,114.6
102,2010,160,2000,13.64,0,0,143.6
102,2010,160,2100,13.68,0,0,156.2
102,2010,160,2200,13.7,0,0,150.2
102,2010,160,2300,13.71,0,0,149.4
101,2010,160,2400,12.95,196.33,0
102,2010,160,2400,13.72,0,0,145.9
102,2010,161,100,13.73,0,0,126.5
102,2010,161,200,13.74,0,0,124
102,2010,161,300,13.74,0,0,93.7
102,2010,161,400,13.75,0,0,65.41
102,2010,161,500,13.75,0,0,64.75
102,2010,161,600,13.76,0,0,73
102,2010,161,700,13.77,0,0,71.4
102,2010,161,800,13.77,2.9221,0,58.02
102,2010,161,900,13.77,0,0,130.6
102,2010,161,1000,13.75,0,0,115.4
102,2010,161,1100,13.74,0,0,110.1
102,2010,161,1200,13.73,1.207,0,100.2
102,2010,161,1300,13.71,59.949,0,95.1
102,2010,161,1400,13.7,8.181,0,94.8
102,2010,161,1500,13.69,19.552,0,95.8
102,2010,161,1600,13.67,13.402,0,94.8
102,2010,161,1700,13.67,348.02,0,96.5
102,2010,161,1800,13.67,330.08,0,101.1
102,2010,161,1900,13.55,18.92,0,105.2
102,2010,161,2000,13.23,0,0,126.8
102,2010,161,2100,13.68,0,0,137.6
102,2010,161,2200,13.7,0,0,144.6
102,2010,161,2300,13.71,0,0,151.9
101,2010,161,2400,13.23,802.23,0
102,2010,161,2400,13.72,0,0,152.5
102,2010,162,100,13.73,0,0,152.5
102,2010,162,200,13.74,0,0,147.1
102,2010,162,300,13.74,0,0,128.4
102,2010,162,400,13.75,0,0,110.7
102,2010,162,500,13.75,0,0,81.5
102,2010,162,600,13.75,0,0,99.9
102,2010,162,700,13.76,0,0,136.7
102,2010,162,800,13.77,25.387,0,117.3
102,2010,162,900,13.77,0,0,116.7
102,2010,162,1000,13.75,45.651,0,125.7
102,2010,162,1100,13.74,179.13,0,110.8
102,2010,162,1200,13.73,54.88,0,111.2
102,2010,162,1300,13.72,38.193,0,109
102,2010,162,1400,13.7,26.66,0,98.3
102,2010,162,1500,13.68,25.894,0,95.5
102,2010,162,1600,13.68,22.676,0,98.5
102,2010,162,1700,13.67,529.13,0,99.2
102,2010,162,1800,13.67,288.39,0,110.8
102,2010,162,1900,13.68,5.3456,0,141.2
102,2010,162,2000,13.69,0,0,147.8
102,2010,162,2100,13.7,0,.133,185.8
102,2010,162,2200,13.75,0,.516,345.6
102,2010,162,2300,13.75,0,.566,350.2
101,2010,162,2400,13.67,1241.3,1.683
102,2010,162,2400,13.75,0,.466,391.3
102,2010,163,100,13.76,0,.5,466.4
102,2010,163,200,13.77,0,.883,925
102,2010,163,300,13.79,0,.9,-6999
102,2010,163,400,13.79,0,.183,69.4
102,2010,163,500,13.8,0,.167,82.8
102,2010,163,600,13.8,0,0,97.3
102,2010,163,700,13.8,0,0,116.2
102,2010,163,800,12.52,0,.033,85.6
102,2010,163,900,12.52,0,.1,54
102,2010,163,1000,12.44,7.6067,0,75.2
102,2010,163,1100,13.17,10.663,0,112.1
102,2010,163,1200,13.58,0,0,126.1
102,2010,163,1300,13.15,0,0,109.2
102,2010,163,1400,13.38,2.8739,0,105.1
102,2010,163,1500,13.39,35.348,0,103.1
102,2010,163,1600,12.44,0,.167,430.1
102,2010,163,1700,13.54,157.54,.05,186.5
102,2010,163,1800,13.55,79.967,0,148.8
102,2010,163,1900,13.56,121.75,0,128.6
102,2010,163,2000,13.19,0,0,66.49
102,2010,163,2100,13.08,0,0,72.6
102,2010,163,2200,12.99,0,0,77.5
102,2010,163,2300,12.93,0,0,60.52
101,2010,163,2400,12.44,415.75,2.982
102,2010,163,2400,12.88,0,0,59.98
102,2010,164,100,12.85,0,0,86.1
102,2010,164,200,12.84,0,0,124.7
102,2010,164,300,12.83,0,0,105.3
102,2010,164,400,12.82,0,0,81.3
102,2010,164,500,12.81,0,0,79.7
102,2010,164,600,12.81,0,0,72.6
102,2010,164,700,12.81,0,0,59.15
102,2010,164,800,12.81,0,0,15.13
102,2010,164,900,12.58,.59397,0,15.66
102,2010,164,1000,13.03,3.9375,0,104.6
102,2010,164,1100,13.65,30.111,0,116.6
102,2010,164,1200,13.55,540.74,0,106.4
102,2010,164,1300,13.75,226.55,0,107.3
102,2010,164,1400,13.73,95.412,0,102.1
102,2010,164,1500,13.72,25.184,0,96.3
102,2010,164,1600,13.7,100.92,0,91.6
102,2010,164,1700,13.7,0,0,114
102,2010,164,1800,12.75,0,0,122.2
102,2010,164,1900,12.97,0,0,125.3
102,2010,164,2000,12.93,0,.1,29.24
102,2010,164,2100,12.87,0,.5,275.7
102,2010,164,2200,12.84,0,.4,342.4
102,2010,164,2300,12.83,0,.35,384.2
101,2010,164,2400,12.58,1023.4,1.783
102,2010,164,2400,12.82,0,.433,418.6
102,2010,165,100,12.81,0,.433,475.3
102,2010,165,200,12.81,0,.766,614.6
102,2010,165,300,12.81,0,.683,1211
102,2010,165,400,12.8,0,.1,-6999
102,2010,165,500,12.79,0,0,128.3
102,2010,165,600,12.79,0,0,134.9
102,2010,165,700,12.79,0,0,118
102,2010,165,800,12.79,0,0,79.4
102,2010,165,900,13.24,11.467,0,124.6
102,2010,165,1000,12.53,119.95,0,120.9
102,2010,165,1100,13.64,337.14,0,122.8
102,2010,165,1200,13.63,110.74,0,109
102,2010,165,1300,12.61,196.94,0,98.1
102,2010,165,1400,13.41,181.57,0,100.7
102,2010,165,1500,13.36,198.02,0,94.5
102,2010,165,1600,12.31,355.91,0,94
102,2010,165,1700,13.53,916.01,0,94.7
102,2010,165,1800,13.58,726.28,0,99.6
102,2010,165,1900,13.43,80.458,0,116
102,2010,165,2000,13.14,0,0,137.5
102,2010,165,2100,13.03,0,0,129.2
102,2010,165,2200,12.95,0,0,128.8
102,2010,165,2300,12.91,0,0,121.9
101,2010,165,2400,12.31,3234.5,1.983
102,2010,165,2400,12.87,0,0,120
102,2010,166,100,12.85,0,0,116.9
102,2010,166,200,12.84,0,0,78.5
102,2010,166,300,12.82,0,.033,118.5
102,2010,166,400,12.81,0,.017,151.7
102,2010,166,500,12.81,0,0,65.47
102,2010,166,600,12.8,0,0,85
102,2010,166,700,12.79,0,0,68.95
102,2010,166,800,12.81,0,0,52.74
102,2010,166,900,13.64,0,0,104
102,2010,166,1000,12.85,0,0,105.2
102,2010,166,1100,13.43,8.8331,0,108.6
102,2010,166,1200,13.55,63.514,0,106.3
102,2010,166,1300,13.7,53.864,0,97.5
102,2010,166,1400,13.68,81.665,0,95.5
102,2010,166,1500,13.67,80.707,0,100.2
102,2010,166,1600,13.67,105,0,112.7
102,2010,166,1700,13.65,145.16,0,99.9
102,2010,166,1800,13.66,125.52,0,104.8
102,2010,166,1900,13.66,0,0,133.6
102,2010,166,2000,13.66,0,0,130.1
102,2010,166,2100,13.68,0,0,125.1
102,2010,166,2200,13.69,0,0,98.5
102,2010,166,2300,13.7,0,0,97.9
101,2010,166,2400,12.79,664.27,.05
102,2010,166,2400,13.72,0,0,91.8
102,2010,167,100,13.72,0,0,87.2
102,2010,167,200,13.73,0,0,62.41
102,2010,167,300,13.74,0,0,67.04
102,2010,167,400,13.75,0,0,108.1
102,2010,167,500,13.75,0,0,79.6
102,2010,167,600,13.75,0,0,56.93
102,2010,167,700,13.76,0,0,73.8
102,2010,167,800,13.79,0,0,75.7
102,2010,167,900,13.8,0,.283,271.4
102,2010,167,1000,12.25,0,.483,372
102,2010,167,1100,12.57,248.46,.2,234.2
102,2010,167,1200,13.51,214.95,0,86
102,2010,167,1300,12.84,573.71,0,103.2
102,2010,167,1400,13.58,532.7,0,92.6
102,2010,167,1500,13.56,103.92,0,90.4
102,2010,167,1600,13.16,86.721,0,93.9
102,2010,167,1700,13.38,250.15,0,100.6
102,2010,167,1800,13.38,105.11,0,103.1
102,2010,167,1900,12.93,1.0346,0,118.4
102,2010,167,2000,13.69,0,0,143.1
102,2010,167,2100,13.72,0,0,137.8
102,2010,167,2200,13.73,0,0,128.7
102,2010,167,2300,13.74,0,0,135.1
101,2010,167,2400,12.25,2116.8,.966
102,2010,167,2400,13.75,0,0,122.7
102,2010,168,100,13.75,0,0,125.2
102,2010,168,200,13.76,0,0,151.2
102,2010,168,300,13.76,0,0,156.4
102,2010,168,400,13.77,0,0,157.5
102,2010,168,500,13.79,0,0,153
102,2010,168,600,13.79,0,0,171
102,2010,168,700,12.82,0,0,143.2
102,2010,168,800,12.82,0,0,88.3
102,2010,168,900,12.62,43.858,0,122.3
102,2010,168,1000,12.34,0,0,109.1
102,2010,168,1100,12.94,4.0237,0,125.2
102,2010,168,1200,13.05,6.8404,0,121.3
102,2010,168,1300,12.5,34.633,0,117.6
102,2010,168,1400,13.6,40.093,0,123.6
102,2010,168,1500,13.42,40.563,0,110.6
102,2010,168,1600,12.52,14.11,0,97.1
102,2010,168,1700,13.39,87.046,0,115
102,2010,168,1800,13.4,10.815,0,121.8
102,2010,168,1900,13.72,0,0,132.6
102,2010,168,2000,13.73,0,.083,290.5
102,2010,168,2100,13.74,0,.067,166.9
102,2010,168,2200,13.76,0,.566,339.2
102,2010,168,2300,13.77,0,.516,480.8
101,2010,168,2400,12.34,281.98,1.799
102,2010,168,2400,13.77,0,.566,493
102,2010,169,100,13.77,0,.666,574.9
102,2010,169,200,13.78,0,.333,338.6
102,2010,169,300,13.78,0,.1,10.43
102,2010,169,400,13.8,0,.383,214
102,2010,169,500,13.8,0,.367,219
102,2010,169,600,13.8,0,.333,246.8
102,2010,169,700,13.81,0,.433,361.5
102,2010,169,800,12.56,0,.5,497.6
102,2010,169,900,12.55,0,.333,491.3
102,2010,169,1000,12.27,10.222,0,.452
102,2010,169,1100,12.79,3.1422,0,97.1
102,2010,169,1200,13.11,4.0523,0,113.9
102,2010,169,1300,12.61,11.573,0,117.1
102,2010,169,1400,13.56,35.102,0,117.3
102,2010,169,1500,13.44,11.87,0,109.2
102,2010,169,1600,12.48,8.5266,0,121.8
102,2010,169,1700,13.36,62.204,0,55.66
102,2010,169,1800,13.47,30.704,0,118.2
102,2010,169,1900,12.66,14.121,0,97.4
102,2010,169,2000,12.67,0,0,88.8
102,2010,169,2100,13.75,0,0,116.4
102,2010,169,2200,13.76,0,0,136.5
102,2010,169,2300,13.77,0,0,124.3
101,2010,169,2400,12.27,191.52,3.449
102,2010,169,2400,13.77,0,0,131
102,2010,170,100,13.78,0,0,130.4
102,2010,170,200,13.78,0,.417,93
102,2010,170,300,13.78,0,.417,115
102,2010,170,400,13.79,0,.367,53.84
102,2010,170,500,13.78,0,.583,333.4
102,2010,170,600,13.79,0,.583,323.1
102,2010,170,700,13.79,0,.367,302.2
102,2010,170,800,13.8,0,.35,366.2
102,2010,170,900,13.8,0,.417,489.9
102,2010,170,1000,13.69,180.24,.117,165.8
102,2010,170,1100,12.49,374.36,0,106.1
102,2010,170,1200,13.63,668.81,0,123
102,2010,170,1300,13.79,35.495,0,123.8
102,2010,170,1400,13.77,65.157,0,118.7
102,2010,170,1500,13.76,38.446,0,114.1
102,2010,170,1600,13.75,32.869,0,120.6
102,2010,170,1700,13.73,269.17,0,114.8
102,2010,170,1800,13.73,71.576,.4,-6999
102,2010,170,1900,13.74,0,.267,36.26
102,2010,170,2000,13.75,0,.1,46.81
102,2010,170,2100,13.76,.10538,.15,153.5
102,2010,170,2200,13.78,2.4909,.367,370.3
102,2010,170,2300,13.79,.20119,.433,443.7
101,2010,170,2400,12.49,1739.3,5.814
102,2010,170,2400,13.8,.39279,.483,772
102,2010,171,100,13.81,.38321,.333,-6999
102,2010,171,200,13.82,0,.367,268
102,2010,171,300,13.82,0,.367,379
102,2010,171,400,13.82,0,.433,398.4
102,2010,171,500,13.82,0,.55,420
102,2010,171,600,13.82,0,.533,442.3
102,2010,171,700,13.82,0,.666,431.8
102,2010,171,800,13.83,0,.6,433.5
102,2010,171,900,13.83,5.3073,.25,305.8
102,2010,171,1000,13.82,263.66,0,100.7
102,2010,171,1100,13.81,415.77,0,117.5
102,2010,171,1200,13.79,17.426,0,114.1
102,2010,171,1300,13.78,31.845,0,112.8
102,2010,171,1400,13.76,79.489,0,104.7
102,2010,171,1500,13.75,115.07,0,105.3
102,2010,171,1600,13.73,159.4,0,109.5
102,2010,171,1700,13.73,160.79,0,112.7
102,2010,171,1800,13.73,159.03,0,114.3
102,2010,171,1900,13.73,0,0,131.8
102,2010,171,2000,13.74,0,0,131.3
102,2010,171,2100,13.74,0,0,135.9
102,2010,171,2200,13.75,0,0,99.3
102,2010,171,2300,13.75,0,0,55.34
101,2010,171,2400,13.73,1408.2,4.098
102,2010,171,2400,13.76,0,0,257.3
102,2010,172,100,13.77,0,0,-11.66
102,2010,172,200,13.78,0,0,38.77
102,2010,172,300,13.79,0,0,44.86
102,2010,172,400,13.79,0,.267,109.5
102,2010,172,500,13.8,0,.25,144.9
102,2010,172,600,13.81,0,.55,182.9
102,2010,172,700,13.82,0,.433,251.5
102,2010,172,800,13.82,0,.433,345.7
102,2010,172,900,13.82,54.06,.067,151.4
102,2010,172,1000,13.8,6.6007,0,108.3
102,2010,172,1100,13.78,.9772,0,130.2
102,2010,172,1200,13.76,20.205,0,116.5
102,2010,172,1300,13.74,103.1,0,107.6
102,2010,172,1400,13.73,158.3,0,104.6
102,2010,172,1500,13.72,23.968,0,103.6
102,2010,172,1600,13.7,133.83,0,106.6
102,2010,172,1700,13.7,377.24,0,107
102,2010,172,1800,13.7,147.58,0,112.1
102,2010,172,1900,13.7,10.911,0,131.5
102,2010,172,2000,13.7,0,0,120.5
102,2010,172,2100,13.72,0,0,110.9
102,2010,172,2200,13.72,0,0,68.28
102,2010,172,2300,13.73,0,0,85
101,2010,172,2400,13.7,1036.8,1.999
102,2010,172,2400,13.74,0,0,100.5
102,2010,173,100,13.75,0,0,90.6
102,2010,173,200,13.76,0,0,94.4
102,2010,173,300,13.76,0,0,91.6
102,2010,173,400,13.77,0,.1,74.1
102,2010,173,500,13.77,0,.167,99.7
102,2010,173,600,13.78,0,.433,99.9
102,2010,173,700,13.78,0,.3,215.4
102,2010,173,800,13.78,0,.283,161.9
102,2010,173,900,13.78,28.923,.017,140.4
102,2010,173,1000,13.77,0,0,121.2
102,2010,173,1100,13.76,1.188,0,117.8
102,2010,173,1200,13.75,72.736,0,105.3
102,2010,173,1300,13.73,82.181,0,101.4
102,2010,173,1400,13.72,94.214,0,98.6
102,2010,173,1500,13.7,86.657,0,99
102,2010,173,1600,13.69,129.97,0,97.5
102,2010,173,1700,13.69,237.15,0,99.2
102,2010,173,1800,13.68,699.96,0,111.5
102,2010,173,1900,13.68,10.902,.267,33.32
102,2010,173,2000,13.7,0,0,43.63
102,2010,173,2100,13.71,0,0,139.8
102,2010,173,2200,13.72,0,0,137.8
102,2010,173,2300,13.72,0,0,132.2
101,2010,173,2400,13.68,1443.9,1.566
102,2010,173,2400,13.74,0,0,122.3
102,2010,174,100,13.75,0,0,104.7
102,2010,174,200,13.76,0,0,44.31
102,2010,174,300,13.77,0,0,68.07
102,2010,174,400,13.77,0,0,96.8
102,2010,174,500,13.78,0,0,85.8
102,2010,174,600,13.78,0,0,30.12
102,2010,174,700,13.78,0,0,78.4
102,2010,174,800,13.79,0,0,30.49
102,2010,174,900,13.79,0,0,138.1
102,2010,174,1000,13.78,0,0,126.5
102,2010,174,1100,13.77,31.165,0,120.6
102,2010,174,1200,13.75,10.241,0,113.5
102,2010,174,1300,13.73,27.272,0,105.8
102,2010,174,1400,13.72,54.402,0,101.3
102,2010,174,1500,13.7,67.047,0,98.8
102,2010,174,1600,13.69,72.183,0,98.4
102,2010,174,1700,13.69,173.98,0,100.5
102,2010,174,1800,13.68,262.74,0,103.1
102,2010,174,1900,13.68,14.283,0,121.6
102,2010,174,2000,13.69,0,0,147
102,2010,174,2100,13.7,0,0,147.6
102,2010,174,2200,13.72,0,0,143.5
102,2010,174,2300,13.72,0,0,139.6
101,2010,174,2400,13.68,713.32,0
102,2010,174,2400,13.74,0,0,120.7
102,2010,175,100,13.76,0,0,126.2
102,2010,175,200,13.76,0,0,116.4
102,2010,175,300,13.76,0,0,103.1
102,2010,175,400,13.78,0,0,119.7
102,2010,175,500,13.79,0,0,103.6
102,2010,175,600,13.8,0,0,111.4
102,2010,175,700,13.8,0,0,126.4
102,2010,175,800,13.8,0,0,108.4
102,2010,175,900,13.8,.64188,0,147.6
102,2010,175,1000,13.78,0,0,118
102,2010,175,1100,13.77,0,0,110
102,2010,175,1200,13.75,13.623,0,106.6
102,2010,175,1300,13.74,52.494,0,100.9
102,2010,175,1400,13.72,104.65,0,99.1
102,2010,175,1500,13.72,47.773,0,108.5
102,2010,175,1600,13.72,57.611,0,112
102,2010,175,1700,13.7,179.14,0,108.8
102,2010,175,1800,13.71,2.6439,0,109.8
102,2010,175,1900,13.71,0,.05,165.1
102,2010,175,2000,13.72,0,.5,461.5
102,2010,175,2100,13.74,0,.15,19.82
102,2010,175,2200,13.74,0,.383,59.65
102,2010,175,2300,13.75,0,.1,39.01
101,2010,175,2400,13.7,458.58,1.399
102,2010,175,2400,13.75,0,.217,26.97
102,2010,176,100,13.76,0,.333,66.9
102,2010,176,200,13.76,0,.25,-14.14
102,2010,176,300,13.77,0,.233,-10.04
102,2010,176,400,13.78,0,.283,-12.87
102,2010,176,500,13.79,0,.383,-10.22
102,2010,176,600,13.8,0,.317,38.13
102,2010,176,700,13.81,0,.816,416.4
102,2010,176,800,13.82,0,1,467.9
102,2010,176,900,13.16,26.087,.2,72.8
102,2010,176,1000,12.75,0,0,95.4
102,2010,176,1100,13.56,0,0,112.1
102,2010,176,1200,13.45,16.44,0,108.6
102,2010,176,1300,13.13,6.064,0,99.4
102,2010,176,1400,13.36,9.1674,0,103.2
102,2010,176,1500,13.26,16.591,0,98
102,2010,176,1600,13.06,29.064,0,92.9
102,2010,176,1700,13.36,116.92,0,95
102,2010,176,1800,12.63,0,0,111.9
102,2010,176,1900,12.55,0,0,119.8
102,2010,176,2000,12.77,0,0,128.1
102,2010,176,2100,12.79,0,0,125.4
102,2010,176,2200,12.79,0,.017,126
102,2010,176,2300,12.79,0,.017,126.6
101,2010,176,2400,12.55,220.33,4.032
102,2010,176,2400,12.78,0,.183,106.9
102,2010,177,100,12.78,0,.383,79
102,2010,177,200,12.78,0,.05,95
102,2010,177,300,12.78,0,0,114.5
102,2010,177,400,12.77,0,0,94.1
102,2010,177,500,12.77,0,.317,55
102,2010,177,600,12.77,0,.25,187.3
102,2010,177,700,12.77,0,.367,419.2
102,2010,177,800,12.77,0,.217,245.7
102,2010,177,900,13.27,.1437,0,97.4
102,2010,177,1000,13.52,0,0,119.1
102,2010,177,1100,13.53,0,0,102.5
102,2010,177,1200,13.34,4.9818,0,100.8
102,2010,177,1300,13.13,21.526,0,96.7
102,2010,177,1400,13.27,60.245,0,95.6
102,2010,177,1500,13.3,51.796,0,95.1
102,2010,177,1600,12.65,23.968,0,93.1
102,2010,177,1700,12.86,2.2607,0,95.4
102,2010,177,1800,13.05,20.644,0,95.2
102,2010,177,1900,12.61,6.6003,0,107.9
102,2010,177,2000,12.64,0,0,138.5
102,2010,177,2100,12.87,0,0,154.2
102,2010,177,2200,13.7,0,0,153.8
102,2010,177,2300,13.7,0,0,151.2
101,2010,177,2400,12.61,192.16,1.583
102,2010,177,2400,13.71,0,0,137.9
102,2010,178,100,13.71,0,.017,147.2
102,2010,178,200,13.72,0,0,138.8
102,2010,178,300,13.73,0,.033,61.58
102,2010,178,400,13.74,0,.433,-6999
102,2010,178,500,13.77,0,.417,449.4
102,2010,178,600,13.77,0,.583,485
102,2010,178,700,13.78,0,.683,910
102,2010,178,800,13.79,0,.916,-6999
102,2010,178,900,13.78,73.231,.117,350
102,2010,178,1000,13.78,7.5492,0,154.3
102,2010,178,1100,13.77,1.8586,0,136.7
102,2010,178,1200,13.75,7.6069,0,124
102,2010,178,1300,13.73,13,0,110
102,2010,178,1400,13.72,32.244,0,105.5
102,2010,178,1500,13.71,16.812,0,105.6
102,2010,178,1600,13.37,33.691,0,105.7
102,2010,178,1700,13.33,134.48,0,102.8
102,2010,178,1800,13.59,243.46,0,108.9
102,2010,178,1900,13.7,17.109,0,116.8
102,2010,178,2000,13.7,0,0,142.9
102,2010,178,2100,13.7,0,0,154.6
102,2010,178,2200,13.72,0,0,162.8
102,2010,178,2300,13.72,0,0,154.6
101,2010,178,2400,13.33,581.04,3.199
102,2010,178,2400,13.74,0,0,151.9
102,2010,179,100,13.74,0,.233,53.94
102,2010,179,200,13.75,0,.3,-13.62
102,2010,179,300,13.75,0,.317,51.35
102,2010,179,400,13.75,0,.616,424.8
102,2010,179,500,13.76,0,.75,508
102,2010,179,600,13.77,0,.5,825
102,2010,179,700,13.79,0,.183,20.06
102,2010,179,800,13.79,0,.167,9.91
102,2010,179,900,13.78,65.271,0,62.46
102,2010,179,1000,13.77,10.376,0,113
102,2010,179,1100,13.76,59.81,0,126
102,2010,179,1200,13.75,45.927,0,117.3
102,2010,179,1300,13.73,31.746,0,107.4
102,2010,179,1400,13.72,75.984,0,104
102,2010,179,1500,13.7,41.939,0,101.3
102,2010,179,1600,13.7,67.201,0,102.5
102,2010,179,1700,13.69,23.834,.033,-6999
102,2010,179,1800,13.7,0,.433,-6999
102,2010,179,1900,13.72,0,.55,414.6
102,2010,179,2000,13.73,0,.65,593
102,2010,179,2100,13.74,0,.033,81.2
102,2010,179,2200,13.75,0,0,-1.321
102,2010,179,2300,13.76,0,.1,48.22
101,2010,179,2400,13.69,422.09,5.198
102,2010,179,2400,13.77,0,.333,-20.97
102,2010,180,100,13.78,0,.267,-22.84
102,2010,180,200,13.79,0,.083,12.35
102,2010,180,300,13.79,0,0,-7.64
102,2010,180,400,13.79,0,0,2.087
102,2010,180,500,13.8,0,0,10.15
102,2010,180,600,13.8,0,0,12.75
102,2010,180,700,13.81,0,.383,111.5
102,2010,180,800,13.82,0,.4,214.1
102,2010,180,900,13.82,0,.217,114.9
102,2010,180,1000,13.8,0,0,116.4
102,2010,180,1100,13.79,4.953,0,120.6
102,2010,180,1200,13.77,61.631,0,113.6
102,2010,180,1300,13.75,130.15,0,106.4
102,2010,180,1400,13.73,45.628,0,96.5
102,2010,180,1500,13.72,110.43,0,92.9
102,2010,180,1600,13.71,86.292,0,96.4
102,2010,180,1700,13.71,206.99,0,94.9
102,2010,180,1800,13.71,6.083,.083,74.8
102,2010,180,1900,13.72,0,.533,311
102,2010,180,2000,13.74,0,.367,380.7
102,2010,180,2100,13.76,0,.117,3.304
102,2010,180,2200,13.77,0,.217,21.01
102,2010,180,2300,13.78,0,.3,140.2
101,2010,180,2400,13.71,652.16,3.349
102,2010,180,2400,13.79,0,.383,135.1
102,2010,181,100,13.78,0,.433,69.73
102,2010,181,200,13.8,0,.183,65.6
102,2010,181,300,13.81,0,0,55.7
102,2010,181,400,13.81,0,0,58.44
102,2010,181,500,13.82,0,0,45.45
102,2010,181,600,13.82,0,0,46.65
102,2010,181,700,13.82,0,0,33.16
102,2010,181,800,13.83,0,0,9.51
102,2010,181,900,13.69,21.373,0,133.9
102,2010,181,1000,12.7,17.033,0,119.9
102,2010,181,1100,13.62,5.6235,0,122.4
102,2010,181,1200,13.35,3.6692,0,106.4
102,2010,181,1300,12.59,63.997,0,100.8
102,2010,181,1400,13.29,28.597,0,86.6
102,2010,181,1500,13.3,41.086,0,90.4
102,2010,181,1600,13.03,108,0,94.2
102,2010,181,1700,13.68,345.9,0,97.3
102,2010,181,1800,13.72,505,0,100.8
102,2010,181,1900,13.72,.39276,0,134.8
102,2010,181,2000,13.72,0,0,141.8
102,2010,181,2100,13.73,0,0,137.3
102,2010,181,2200,13.74,0,0,81.3
102,2010,181,2300,13.75,0,0,83.2
101,2010,181,2400,12.59,1140.7,.616
102,2010,181,2400,13.75,0,0,106.9
102,2010,182,100,13.76,0,0,107.2
102,2010,182,200,13.77,0,0,131.2
102,2010,182,300,13.79,0,0,152.7
102,2010,182,400,13.78,0,0,124
102,2010,182,500,13.8,0,0,89.3
102,2010,182,600,13.8,0,0,131.9
102,2010,182,700,13.8,0,0,59.03
102,2010,182,800,13.82,0,0,34.64
102,2010,182,900,13.81,0,0,114.9
102,2010,182,1000,13.8,2.9699,0,121.9
102,2010,182,1100,13.78,1.6382,0,114.7
102,2010,182,1200,13.76,10.941,0,107.5
102,2010,182,1300,13.74,24.083,0,98.8
102,2010,182,1400,13.73,71.988,0,97
102,2010,182,1500,13.72,224.3,0,93.7
102,2010,182,1600,13.72,343.53,0,92.6
102,2010,182,1700,13.72,209.8,0,99.5
102,2010,182,1800,13.72,66.74,0,108.6
102,2010,182,1900,13.72,.64183,0,127.3
102,2010,182,2000,13.72,0,0,150.7
102,2010,182,2100,13.73,0,0,148.5
102,2010,182,2200,13.74,0,0,135
102,2010,182,2300,13.75,0,0,153.3
101,2010,182,2400,13.72,956.63,0
102,2010,182,2400,13.76,0,0,151.6
102,2010,183,100,13.77,0,0,149.1
102,2010,183,200,13.77,0,0,136.6
102,2010,183,300,13.77,0,0,143
102,2010,183,400,13.78,0,0,136
102,2010,183,500,13.79,0,0,126.6
102,2010,183,600,13.79,0,0,101.7
102,2010,183,700,13.8,0,0,129.6
102,2010,183,800,13.81,23.318,0,114.6
102,2010,183,900,13.81,20.923,0,154.9
102,2010,183,1000,12.53,2.6633,0,125.9
102,2010,183,1100,13.5,0,0,112.3
102,2010,183,1200,13.45,38.916,0,106.4
102,2010,183,1300,13.4,44.569,0,100.8
102,2010,183,1400,13.3,67.783,0,102.6
102,2010,183,1500,13.25,27.866,0,93.5
102,2010,183,1600,13.1,42.264,0,93.3
102,2010,183,1700,13.66,113.25,0,99.5
102,2010,183,1800,13.71,109.25,0,111.5
102,2010,183,1900,13.71,16.841,0,126.6
102,2010,183,2000,13.72,.12453,0,149.1
102,2010,183,2100,13.72,0,0,157.1
102,2010,183,2200,13.74,0,0,154
102,2010,183,2300,13.74,0,0,161.3
101,2010,183,2400,12.53,507.77,0
102,2010,183,2400,13.75,0,0,158
102,2010,184,100,13.77,0,0,139
102,2010,184,200,13.78,0,0,136.3
102,2010,184,300,13.79,0,0,130.4
102,2010,184,400,13.79,0,0,108.4
102,2010,184,500,13.79,0,0,62.08
102,2010,184,600,13.8,0,0,78.6
102,2010,184,700,13.8,0,0,67.75
102,2010,184,800,13.8,0,0,58.09
102,2010,184,900,13.8,119.09,0,147.6
102,2010,184,1000,13.79,0,0,116.3
102,2010,184,1100,13.79,14.112,0,130.7
102,2010,184,1200,13.77,0,0,122.6
102,2010,184,1300,13.75,22.092,0,118.8
102,2010,184,1400,13.74,47.628,0,117.6
102,2010,184,1500,13.73,104.93,0,106.5
102,2010,184,1600,13.72,84.116,0,105.4
102,2010,184,1700,13.72,92.182,0,104.1
102,2010,184,1800,13.72,8.5161,0,120.7
102,2010,184,1900,13.72,12.654,0,136.6
102,2010,184,2000,13.73,.86214,0,150.8
102,2010,184,2100,13.74,0,0,149.5
102,2010,184,2200,13.75,0,0,148.9
102,2010,184,2300,13.75,0,0,150.3
101,2010,184,2400,13.72,506.19,0
102,2010,184,2400,13.77,0,0,151.3
102,2010,185,100,13.77,0,0,143.4
102,2010,185,200,13.77,0,0,123.9
102,2010,185,300,13.77,0,0,116.5
102,2010,185,400,13.78,0,0,102.4
102,2010,185,500,13.78,0,0,138
102,2010,185,600,13.79,0,0,149.5
102,2010,185,700,13.79,0,0,116.2
102,2010,185,800,13.8,0,0,79
102,2010,185,900,13.8,0,0,116.9
102,2010,185,1000,13.8,103.32,0,186.4
102,2010,185,1100,13.26,4.9435,0,138.5
102,2010,185,1200,13.62,29.948,0,123.4
102,2010,185,1300,12.91,11.822,0,107.3
102,2010,185,1400,13.44,0,0,105.5
102,2010,185,1500,13.37,42.283,0,96.7
102,2010,185,1600,12.68,54.707,0,100.9
102,2010,185,1700,12.56,6.3703,0,97.3
102,2010,185,1800,12.53,0,.35,170.4
102,2010,185,1900,12.53,0,.433,465
102,2010,185,2000,13.77,0,.516,582.8
102,2010,185,2100,13.79,0,.55,1063
102,2010,185,2200,13.79,0,.566,1075
102,2010,185,2300,13.79,0,.933,-6999
101,2010,185,2400,12.53,253.4,3.848
102,2010,185,2400,13.79,0,.5,-6999
102,2010,186,100,13.8,0,0,35.27
102,2010,186,200,13.81,0,0,16.88
102,2010,186,300,13.81,0,0,7.67
102,2010,186,400,13.82,0,.017,40.96
102,2010,186,500,13.82,0,.317,43.63
102,2010,186,600,13.82,0,.1,31.17
102,2010,186,700,13.82,0,0,14.68
102,2010,186,800,13.83,0,0,-20.1
102,2010,186,900,13.82,0,0,17.63
102,2010,186,1000,13.01,0,0,104.8
102,2010,186,1100,13.08,0,0,107.7
102,2010,186,1200,13.63,29.66,0,117.8
102,2010,186,1300,13.61,6.8691,0,104.2
102,2010,186,1400,13.56,6.0261,0,97
102,2010,186,1500,13.36,38.935,0,94.5
102,2010,186,1600,13.38,14.753,0,95.5
102,2010,186,1700,13.3,14.905,0,97.7
102,2010,186,1800,13.44,118.13,0,101.8
102,2010,186,1900,13.28,17.434,0,108.8
102,2010,186,2000,13.72,0,0,134
102,2010,186,2100,13.74,0,0,147.5
102,2010,186,2200,13.75,0,0,150.7
102,2010,186,2300,13.76,0,0,148.8
101,2010,186,2400,13.01,246.71,.433
102,2010,186,2400,13.77,0,0,144.9
102,2010,187,100,13.79,0,0,148.3
102,2010,187,200,13.79,0,0,147.3
102,2010,187,300,13.8,0,0,159.6
102,2010,187,400,13.8,0,0,143.3
102,2010,187,500,13.81,0,0,143.1
102,2010,187,600,13.81,0,0,165.3
102,2010,187,700,13.82,0,0,161
102,2010,187,800,13.82,0,0,114.1
102,2010,187,900,13.82,58.361,0,162.3
102,2010,187,1000,13.82,6.3611,0,143.8
102,2010,187,1100,13.81,120.32,0,128.4
102,2010,187,1200,13.64,5.4319,0,111.5
102,2010,187,1300,13.16,8.1816,0,92.3
102,2010,187,1400,13.34,14.792,0,92.8
102,2010,187,1500,13.35,31.144,0,95.2
102,2010,187,1600,12.41,31.526,0,93.7
102,2010,187,1700,13.21,26.266,0,94.9
102,2010,187,1800,13.38,126.29,0,96.6
102,2010,187,1900,13,4.5502,0,105.9
102,2010,187,2000,13.29,1.0729,0,141
102,2010,187,2100,13.74,0,0,166.7
102,2010,187,2200,13.75,0,0,164.5
102,2010,187,2300,13.76,0,0,163.1
101,2010,187,2400,12.41,434.3,0
102,2010,187,2400,13.77,0,0,166.9
102,2010,188,100,13.78,0,0,171.3
102,2010,188,200,13.79,0,0,162
102,2010,188,300,13.8,0,0,154.5
102,2010,188,400,13.8,0,0,153.8
102,2010,188,500,13.81,0,0,145.7
102,2010,188,600,13.82,0,0,132.6
102,2010,188,700,13.82,0,0,101.6
102,2010,188,800,13.84,0,0,93.5
102,2010,188,900,13.83,0,0,139.6
102,2010,188,1000,13.81,.60354,0,116.3
102,2010,188,1100,13.79,27.802,0,103.2
102,2010,188,1200,13.77,29.488,0,95.9
102,2010,188,1300,13.75,28.137,0,94.1
102,2010,188,1400,13.43,147.14,0,93.7
102,2010,188,1500,13.6,175.91,0,89.3
102,2010,188,1600,13.73,150.15,0,93.4
102,2010,188,1700,12.85,213.06,0,92.2
102,2010,188,1800,13.46,269.35,0,94.3
102,2010,188,1900,13.58,23.374,0,104.5
102,2010,188,2000,13.18,0,0,129.1
102,2010,188,2100,13.72,0,0,147.4
102,2010,188,2200,13.74,0,0,156.1
102,2010,188,2300,13.75,0,0,167.6
101,2010,188,2400,12.85,1065,0
102,2010,188,2400,12.86,0,0,170.9
102,2010,189,100,12.84,0,0,154.7
102,2010,189,200,12.82,0,0,161.6
102,2010,189,300,12.81,0,0,141.5
102,2010,189,400,12.8,0,0,122.3
102,2010,189,500,12.79,0,0,112.5
102,2010,189,600,12.79,0,0,145
102,2010,189,700,12.79,0,0,135.5
102,2010,189,800,12.79,0,0,110.6
102,2010,189,900,12.6,59.588,0,122.9
102,2010,189,1000,12.85,133.13,0,114.4
102,2010,189,1100,13.49,164.86,0,109.6
102,2010,189,1200,13.73,56.677,0,104.3
102,2010,189,1300,13.74,193.65,0,97.8
102,2010,189,1400,13.73,187.55,0,99.1
102,2010,189,1500,13.73,353.2,0,112.5
102,2010,189,1600,13.73,125.13,0,119.8
102,2010,189,1700,13.72,265.69,0,101.1
102,2010,189,1800,13.72,242.3,0,104
102,2010,189,1900,13.72,19.762,0,117.4
102,2010,189,2000,13.73,0,0,141.1
102,2010,189,2100,13.74,0,0,150.7
102,2010,189,2200,13.75,0,0,154.6
102,2010,189,2300,13.76,0,0,155.2
101,2010,189,2400,12.6,1801.5,0
102,2010,189,2400,13.77,0,0,150.2
102,2010,190,100,13.78,0,0,146.9
102,2010,190,200,13.78,0,0,142.4
102,2010,190,300,13.79,0,0,149.7
102,2010,190,400,13.79,0,0,145.4
102,2010,190,500,13.8,0,.333,113.1
102,2010,190,600,13.8,0,.45,444.7
102,2010,190,700,13.8,0,.516,566.6
102,2010,190,800,13.82,0,.683,-6999
102,2010,190,900,13.82,9.2352,.1,121
102,2010,190,1000,13.8,6.4762,0,106.5
102,2010,190,1100,13.79,28.262,0,124.6
102,2010,190,1200,13.78,68.289,0,125.7
102,2010,190,1300,13.76,330.64,0,109
102,2010,190,1400,13.75,41.951,0,116.1
102,2010,190,1500,13.75,161.2,0,111.7
102,2010,190,1600,13.74,72.582,0,111.9
102,2010,190,1700,13.74,54.18,0,104.1
102,2010,190,1800,13.73,75.935,0,107.8
102,2010,190,1900,13.73,13.574,0,128.1
102,2010,190,2000,13.73,0,0,144.4
102,2010,190,2100,13.74,0,0,152.8
102,2010,190,2200,13.75,0,.117,248.1
102,2010,190,2300,13.76,0,.5,1301
101,2010,190,2400,13.73,862.33,3.699
102,2010,190,2400,13.77,0,1,-6999
102,2010,191,100,13.78,0,.85,-6999
102,2010,191,200,13.79,0,.45,413.5
102,2010,191,300,13.79,0,.566,354.9
102,2010,191,400,13.8,0,.516,374.5
102,2010,191,500,13.8,0,.55,440.2
102,2010,191,600,13.8,0,.633,423.2
102,2010,191,700,13.8,0,.816,446.9
102,2010,191,800,13.81,0,.883,473.1
102,2010,191,900,13.82,0,.183,78.5
102,2010,191,1000,13.81,0,0,143.7
102,2010,191,1100,13.8,77.322,0,135.6
102,2010,191,1200,13.78,4.5027,0,121
102,2010,191,1300,13.77,27.505,0,112.1
102,2010,191,1400,13.75,90.84,0,106.9
102,2010,191,1500,13.61,180.28,.4,619.6
102,2010,191,1600,13.72,332.03,0,137.5
102,2010,191,1700,13.72,148.49,0,132.6
102,2010,191,1800,13.72,15.576,0,137
102,2010,191,1900,13.72,10.566,0,197.8
102,2010,191,2000,13.72,0,.733,705
102,2010,191,2100,13.73,0,1,1149
102,2010,191,2200,13.75,0,1,1134
102,2010,191,2300,13.76,0,.966,988
101,2010,191,2400,13.61,887.11,10.05
102,2010,191,2400,13.77,0,.5,578.6
102,2010,192,100,13.78,0,.6,716
102,2010,192,200,13.78,0,.516,758
102,2010,192,300,13.78,0,.6,850
102,2010,192,400,13.79,0,.533,783
102,2010,192,500,13.8,0,.583,763
102,2010,192,600,13.8,0,.516,711
102,2010,192,700,13.81,0,.55,652
102,2010,192,800,13.81,0,.566,970
102,2010,192,900,13.82,0,.816,829
102,2010,192,1000,13.81,.55564,.267,444.5
102,2010,192,1100,13.79,0,0,240.9
102,2010,192,1200,13.77,11.64,0,180.4
102,2010,192,1300,13.75,49.656,0,147.4
102,2010,192,1400,13.73,104.04,0,133.8
102,2010,192,1500,13.72,152.37,0,128.5
102,2010,192,1600,13.71,95.239,0,120.6
102,2010,192,1700,13.7,29.869,0,121.7
102,2010,192,1800,13.7,44.852,0,123
102,2010,192,1900,13.7,10.873,0,139.5
102,2010,192,2000,13.7,2.3278,.167,302.4
102,2010,192,2100,13.71,0,.966,622.9
102,2010,192,2200,13.72,0,1,697.5
102,2010,192,2300,13.72,0,1,933
101,2010,192,2400,13.7,501.42,9.68
102,2010,192,2400,13.73,0,1,1115
102,2010,193,100,13.74,0,1,1191
102,2010,193,200,13.75,0,1,1211
102,2010,193,300,13.75,0,1,1272
102,2010,193,400,13.76,0,1,1310
102,2010,193,500,13.77,0,1,1186
102,2010,193,600,13.78,0,1,1094
102,2010,193,700,13.78,0,1,1004
102,2010,193,800,12.53,0,1,902
102,2010,193,900,13.8,0,.983,781
102,2010,193,1000,13.79,5.0967,.05,359.5
102,2010,193,1100,13.78,15.348,0,272.5
102,2010,193,1200,13.77,74.028,0,258.9
102,2010,193,1300,13.75,126.39,0,172.5
102,2010,193,1400,13.74,138.9,0,152.3
102,2010,193,1500,13.72,135.09,0,136.1
102,2010,193,1600,13.71,88.006,0,130.3
102,2010,193,1700,13.72,21.592,0,223.9
102,2010,193,1800,13.73,7.8359,0,267.8
102,2010,193,1900,13.72,7.4144,0,244.5
102,2010,193,2000,13.73,0,.716,812
102,2010,193,2100,13.73,0,1,1243
102,2010,193,2200,13.74,0,1,1277
102,2010,193,2300,13.75,0,1,1263
101,2010,193,2400,12.53,619.7,13.74
102,2010,193,2400,13.75,0,1,1322
102,2010,194,100,13.76,0,1,1333
102,2010,194,200,13.77,0,1,1341
102,2010,194,300,13.77,0,1,1243
102,2010,194,400,13.78,0,1,1194
102,2010,194,500,13.8,0,1,1079
102,2010,194,600,13.8,0,1,1264
102,2010,194,700,13.81,0,1,1324
102,2010,194,800,13.81,0,1,917
102,2010,194,900,12.8,0,.766,616.4
102,2010,194,1000,12.62,28.396,0,249.1
102,2010,194,1100,13.27,50.134,0,188.5
102,2010,194,1200,13.39,63.039,0,157
102,2010,194,1300,13.08,77.271,0,144.4
102,2010,194,1400,13.33,63.98,0,134.9
102,2010,194,1500,13.27,113.78,0,131.8
102,2010,194,1600,12.92,117.8,0,127.3
102,2010,194,1700,12.97,26.066,0,140.7
102,2010,194,1800,12.57,0,0,147.7
102,2010,194,1900,12.61,0,0,152.6
102,2010,194,2000,13.68,0,0,307.4
102,2010,194,2100,13.71,0,0,321.3
102,2010,194,2200,13.72,0,.3,490.4
102,2010,194,2300,13.72,0,.433,509.4
101,2010,194,2400,12.57,540.47,10.5
102,2010,194,2400,13.73,0,1,992
102,2010,195,100,13.74,0,1,1111
102,2010,195,200,13.75,0,1,1101
102,2010,195,300,13.75,0,1,1116
102,2010,195,400,13.76,0,1,1278
102,2010,195,500,13.77,0,1,1397
102,2010,195,600,13.77,0,1,1453
102,2010,195,700,13.78,0,1,1510
102,2010,195,800,13.79,0,1,1118
102,2010,195,900,13.17,0,1,986
102,2010,195,1000,13.19,0,1,766
102,2010,195,1100,13.79,19.314,.083,365.5
102,2010,195,1200,13.77,122.22,0,213.9
102,2010,195,1300,13.75,125.58,0,175.6
102,2010,195,1400,13.74,204.18,0,159.7
102,2010,195,1500,13.72,353.58,0,155.9
102,2010,195,1600,13.72,316.79,0,150.9
102,2010,195,1700,13.71,187.52,0,156.4
102,2010,195,1800,13.71,85.334,.117,338.1
102,2010,195,1900,13.61,23.527,.35,489.2
102,2010,195,2000,13.13,0,.45,377.6
102,2010,195,2100,13.03,0,.367,407.6
102,2010,195,2200,13.77,0,.6,465.9
102,2010,195,2300,13.78,0,.666,330.5
101,2010,195,2400,13.03,1438,13.21
102,2010,195,2400,13.78,0,.583,346.2
102,2010,196,100,13.79,0,.683,393.9
102,2010,196,200,13.8,0,.85,437.5
102,2010,196,300,13.79,0,1,599
102,2010,196,400,13.8,0,1,710
102,2010,196,500,13.8,0,.383,-6999
102,2010,196,600,13.8,0,.317,-6999
102,2010,196,700,13.8,0,.167,216.1
102,2010,196,800,13.81,0,.383,669.2
102,2010,196,900,13.81,11.122,0,190.8
102,2010,196,1000,13.8,90.685,0,161.9
102,2010,196,1100,13.78,227.46,0,158.6
102,2010,196,1200,13.76,182.77,0,149.6
102,2010,196,1300,13.75,89.673,0,136.3
102,2010,196,1400,13.73,144.37,0,135.7
102,2010,196,1500,13.72,267.1,0,132.2
102,2010,196,1600,13.72,105.13,0,129.4
102,2010,196,1700,13.7,43.817,0,132.7
102,2010,196,1800,13.7,63.397,0,145.4
102,2010,196,1900,13.7,4.6173,0,173.6
102,2010,196,2000,13.71,0,.267,387.1
102,2010,196,2100,13.72,0,1,907
102,2010,196,2200,13.73,0,.733,-6999
102,2010,196,2300,13.75,0,.65,377.6
101,2010,196,2400,13.7,1230.1,7.7
102,2010,196,2400,13.77,0,.267,256.9
102,2010,197,100,13.8,0,.466,423.1
102,2010,197,200,13.8,0,.766,559.6
102,2010,197,300,13.81,0,1,617.1
102,2010,197,400,13.82,0,1,730
102,2010,197,500,13.81,0,1,735
102,2010,197,600,13.81,0,1,836
102,2010,197,700,13.82,0,1,967
102,2010,197,800,13.82,0,1,707
102,2010,197,900,13.82,0,1,777
102,2010,197,1000,13.82,15.079,.1,378.2
102,2010,197,1100,13.8,125.72,0,239.1
102,2010,197,1200,13.78,196.41,0,186.5
102,2010,197,1300,13.76,91.512,0,162.4
102,2010,197,1400,13.75,50.124,0,153.5
102,2010,197,1500,13.73,210.94,0,142.5
102,2010,197,1600,13.73,105.17,0,142.5
102,2010,197,1700,13.31,115.24,0,143.6
102,2010,197,1800,13.74,46.029,0,143.3
102,2010,197,1900,13.73,11.84,0,182
102,2010,197,2000,13.73,0,.333,411.7
102,2010,197,2100,13.74,0,1,713
102,2010,197,2200,13.75,0,1,766
102,2010,197,2300,13.76,0,1,725
101,2010,197,2400,13.31,968.06,12.66
102,2010,197,2400,13.77,0,1,941
102,2010,198,100,13.78,0,1,946
102,2010,198,200,13.79,0,1,1068
102,2010,198,300,13.8,0,1,908
102,2010,198,400,13.8,0,1,819
102,2010,198,500,13.8,0,1,801
102,2010,198,600,13.8,0,.75,651.7
102,2010,198,700,13.8,0,.566,626.5
102,2010,198,800,13.82,0,.65,778
102,2010,198,900,13.81,112.39,.85,654.6
102,2010,198,1000,13.8,49.807,0,264.6
102,2010,198,1100,13.78,244.54,0,164.1
102,2010,198,1200,13.77,333.13,0,149.7
102,2010,198,1300,13.75,132.77,0,140.8
102,2010,198,1400,13.73,31.794,0,137.1
102,2010,198,1500,13.36,107.88,0,131.1
102,2010,198,1600,13.18,5.0388,0,128.1
102,2010,198,1700,13.36,12.817,0,130.4
102,2010,198,1800,13.69,.92923,0,133.5
102,2010,198,1900,13.7,0,0,144.1
102,2010,198,2000,13.7,0,0,256.9
102,2010,198,2100,13.71,0,0,354.5
102,2010,198,2200,13.72,0,.666,567.3
102,2010,198,2300,13.73,0,1,970
101,2010,198,2400,13.18,1031.1,10.48
102,2010,198,2400,13.73,0,1,1085
102,2010,199,100,13.75,0,1,938
102,2010,199,200,13.77,0,.866,822
102,2010,199,300,13.77,0,.983,837
102,2010,199,400,13.78,0,.916,749
102,2010,199,500,13.78,0,.633,580.7
102,2010,199,600,13.79,0,.533,577.7
102,2010,199,700,13.8,0,.466,575.1
102,2010,199,800,13.8,0,.417,417.4
102,2010,199,900,13.8,39.02,.966,674.4
102,2010,199,1000,13.79,53.506,.15,340.3
102,2010,199,1100,13.77,192.77,0,208.8
102,2010,199,1200,13.75,209.73,0,169.2
102,2010,199,1300,13.73,497.43,0,140.8
102,2010,199,1400,13.72,24.466,.383,512.7
102,2010,199,1500,13.72,183.15,0,196.5
102,2010,199,1600,13.7,107.22,0,150.3
102,2010,199,1700,13.7,155.39,0,151.3
102,2010,199,1800,13.57,54.92,0,167.6
102,2010,199,1900,13.56,7.4721,0,237.9
102,2010,199,2000,13.71,0,.716,765
102,2010,199,2100,13.72,0,1,1122
102,2010,199,2200,13.73,0,1,1025
102,2010,199,2300,13.75,0,1,956
101,2010,199,2400,13.56,1525.1,12.03
102,2010,199,2400,13.75,0,1,887
102,2010,200,100,13.76,0,.95,799
102,2010,200,200,13.77,0,.983,798
102,2010,200,300,13.79,0,1,981
102,2010,200,400,13.79,0,1,1120
102,2010,200,500,13.8,0,1,1168
102,2010,200,600,13.8,0,1,1092
102,2010,200,700,13.8,0,1,982
102,2010,200,800,13.8,0,1,772
102,2010,200,900,13.8,11.841,.9,813
102,2010,200,1000,13.78,401.88,0,264
102,2010,200,1100,13.77,901.01,0,173.1
102,2010,200,1200,13.75,1084.4,0,158.8
102,2010,200,1300,13.74,522.18,0,153.9
102,2010,200,1400,13.72,88.197,0,144.2
102,2010,200,1500,13.71,250.19,0,145.9
102,2010,200,1600,13.7,67.009,0,145.1
102,2010,200,1700,13.69,114.98,0,181
102,2010,200,1800,13.7,6.2363,0,146.2
102,2010,200,1900,13.69,4.7419,0,157.3
102,2010,200,2000,13.7,0,0,202.3
102,2010,200,2100,13.71,0,0,225.1
102,2010,200,2200,13.72,0,.45,773
102,2010,200,2300,13.73,0,.8,1089
101,2010,200,2400,13.69,3452.7,11.08
102,2010,200,2400,13.74,0,1,1084
102,2010,201,100,13.75,0,.616,-6999
102,2010,201,200,12.79,0,.65,379.2
102,2010,201,300,12.78,0,.966,420.5
102,2010,201,400,12.76,0,.983,131.2
102,2010,201,500,12.75,0,1,103.8
102,2010,201,600,12.74,0,.433,290.7
102,2010,201,700,12.74,0,0,298.4
102,2010,201,800,12.74,0,.033,338.1
102,2010,201,900,13.6,74.715,.566,478
102,2010,201,1000,12.7,13.843,.117,350.3
102,2010,201,1100,13.43,79.162,0,214.8
102,2010,201,1200,13.39,142.95,0,161.3
102,2010,201,1300,13.38,153.64,0,145.9
102,2010,201,1400,13.33,29.907,0,137.4
102,2010,201,1500,13.26,28.786,0,137.5
102,2010,201,1600,12.65,0,0,131.1
102,2010,201,1700,13.37,13.105,0,130.7
102,2010,201,1800,13.4,9.4934,0,133.2
102,2010,201,1900,13.24,3.123,0,153.2
102,2010,201,2000,13.68,0,.55,583.9
102,2010,201,2100,13.71,0,1,885
102,2010,201,2200,13.73,0,1,922
102,2010,201,2300,13.74,0,1,1103
101,2010,201,2400,12.65,548.73,9.91
102,2010,201,2400,13.75,0,1,1340
102,2010,202,100,13.76,0,1,1472
102,2010,202,200,13.77,0,1,1432
102,2010,202,300,13.77,0,1,1441
102,2010,202,400,13.79,0,1,1369
102,2010,202,500,13.78,0,1,1328
102,2010,202,600,13.78,0,1,1159
102,2010,202,700,13.79,0,.916,936
102,2010,202,800,13.8,0,.583,528.2
102,2010,202,900,13.67,6.4379,.95,948
102,2010,202,1000,12.25,0,.833,751
102,2010,202,1100,13.62,4.8763,.033,384.9
102,2010,202,1200,13.43,16.2,0,241.8
102,2010,202,1300,13.23,56.342,0,191.3
102,2010,202,1400,13.36,20.368,0,164.2
102,2010,202,1500,13.17,136.53,0,146.4
102,2010,202,1600,12.24,7.2994,0,158.4
102,2010,202,1700,13.58,62.075,0,176.5
102,2010,202,1800,13.58,35.003,0,168.8
102,2010,202,1900,13.59,5.8625,0,231.8
102,2010,202,2000,13.72,0,.516,469.3
102,2010,202,2100,13.74,0,.666,503.7
102,2010,202,2200,13.75,0,1,684.8
102,2010,202,2300,13.75,0,1,774
101,2010,202,2400,12.24,350.99,13.49
102,2010,202,2400,13.76,0,1,1076
102,2010,203,100,13.77,0,1,1156
102,2010,203,200,13.77,0,.916,1099
102,2010,203,300,13.78,0,.616,527
102,2010,203,400,13.79,0,.516,422.8
102,2010,203,500,13.8,0,.65,862
102,2010,203,600,13.79,0,.85,-6999
102,2010,203,700,13.79,0,1,-6999
102,2010,203,800,13.8,0,.766,-6999
102,2010,203,900,13.81,42.679,.566,525
102,2010,203,1000,13.55,19.122,.2,411
102,2010,203,1100,13.53,39.585,0,265.7
102,2010,203,1200,13.59,194.21,0,211.3
102,2010,203,1300,12.59,187.55,0,182.8
102,2010,203,1400,13.34,152.84,0,174.5
102,2010,203,1500,13.27,151.74,0,159
102,2010,203,1600,12.69,82.152,0,151.5
102,2010,203,1700,12.55,0,0,149.6
102,2010,203,1800,12.5,0,0,205.1
102,2010,203,1900,13.72,0,.317,374.3
102,2010,203,2000,13.75,0,1,829
102,2010,203,2100,13.75,0,1,1255
102,2010,203,2200,13.77,0,1,1190
102,2010,203,2300,13.77,0,1,1204
101,2010,203,2400,12.5,869.88,12.4
102,2010,203,2400,13.77,0,1,1181
102,2010,204,100,13.77,0,.983,1005
102,2010,204,200,13.78,0,1,1016
102,2010,204,300,13.78,0,1,1120
102,2010,204,400,13.78,0,1,1240
102,2010,204,500,13.79,0,1,1280
102,2010,204,600,13.8,0,1,1279
102,2010,204,700,13.8,0,1,1262
102,2010,204,800,13.8,0,1,964
102,2010,204,900,13.81,6.0546,1,762
102,2010,204,1000,13.81,7.3384,.783,543.7
102,2010,204,1100,12.95,44.634,.233,399.7
102,2010,204,1200,12.79,44.184,0,313.8
102,2010,204,1300,12.57,7.1756,.05,358.5
102,2010,204,1400,12.67,12.167,.4,422.5
102,2010,204,1500,13.61,44.414,0,246.3
102,2010,204,1600,13.5,2.4334,0,235.2
102,2010,204,1700,12.43,0,.167,360.4
102,2010,204,1800,13.76,0,.65,651.9
102,2010,204,1900,13.78,0,1,599.2
102,2010,204,2000,13.79,0,1,847
102,2010,204,2100,13.79,0,1,1025
102,2010,204,2200,13.8,0,1,1007
102,2010,204,2300,13.8,0,1,998
101,2010,204,2400,12.43,168.4,17.01
102,2010,204,2400,13.8,0,.75,834
102,2010,205,100,13.82,0,.683,762
102,2010,205,200,13.82,0,.683,800
102,2010,205,300,13.83,0,.6,709
102,2010,205,400,13.84,0,.533,705
102,2010,205,500,13.84,0,.566,671.8
102,2010,205,600,13.84,0,.583,676.5
102,2010,205,700,13.85,0,.417,582.7
102,2010,205,800,13.85,0,.55,413.7
102,2010,205,900,13.86,0,.533,433.7
102,2010,205,1000,12.45,0,.616,569.7
102,2010,205,1100,12.76,292,.35,477.1
102,2010,205,1200,13.54,120.77,0,280.8
102,2010,205,1300,12.76,0,0,202.9
102,2010,205,1400,13.39,0,0,185.4
102,2010,205,1500,13.29,10.691,0,184.8
102,2010,205,1600,13.15,34.547,0,185.3
102,2010,205,1700,13.75,78.473,0,193.5
102,2010,205,1800,13.77,86.712,0,232.4
102,2010,205,1900,13.77,22.84,0,323.9
102,2010,205,2000,13.77,8.3254,.666,741
102,2010,205,2100,13.78,0,1,1053
102,2010,205,2200,13.78,0,1,1118
102,2010,205,2300,13.79,0,1,1183
101,2010,205,2400,12.45,654.36,10.78
102,2010,205,2400,13.79,0,1,1192
102,2010,206,100,13.8,0,1,1194
102,2010,206,200,13.8,0,1,1231
102,2010,206,300,13.8,0,1,1236
102,2010,206,400,13.81,0,.933,1104
102,2010,206,500,13.83,0,.8,976
102,2010,206,600,13.83,0,1,1171
102,2010,206,700,13.84,0,.433,750
102,2010,206,800,13.85,0,.5,663.2
102,2010,206,900,13.69,7.9416,.9,1013
102,2010,206,1000,13.62,0,.45,514.4
102,2010,206,1100,13.42,908.34,0,233.6
102,2010,206,1200,13.41,234.16,0,179.9
102,2010,206,1300,13.38,5.7098,0,168
102,2010,206,1400,13.36,11.382,0,155.5
102,2010,206,1500,13.44,35.409,0,149.1
102,2010,206,1600,12.44,22.215,0,148.4
102,2010,206,1700,12.99,0,0,142.6
102,2010,206,1800,13.06,0,0,236.6
102,2010,206,1900,13.74,1.8297,0,255.3
102,2010,206,2000,13.74,0,.633,674.5
102,2010,206,2100,13.75,0,1,915
102,2010,206,2200,13.75,0,1,1295
102,2010,206,2300,13.76,0,1,1055
101,2010,206,2400,12.44,1227,12.64
102,2010,206,2400,13.77,0,1,1129
102,2010,207,100,13.78,0,1,1228
102,2010,207,200,13.79,0,1,1090
102,2010,207,300,13.81,0,1,1160
102,2010,207,400,13.82,0,1,1183
102,2010,207,500,13.83,0,1,1150
102,2010,207,600,13.84,0,1,1179
102,2010,207,700,13.85,0,1,1160
102,2010,207,800,13.85,0,1,930
102,2010,207,900,13.66,0,1,1037
102,2010,207,1000,13.44,1.6381,1,915
102,2010,207,1100,12.78,47.583,.133,391.6
102,2010,207,1200,13.64,71.073,0,296.8
102,2010,207,1300,12.5,131.85,0,284.6
102,2010,207,1400,13.62,48.092,0,224.6
102,2010,207,1500,13.43,119.91,0,177.2
102,2010,207,1600,12.97,98.687,0,178.6
102,2010,207,1700,12.65,64.927,0,168.5
102,2010,207,1800,13.41,8.5458,0,175.5
102,2010,207,1900,13.69,19.314,0,213.1
102,2010,207,2000,13.76,0,.083,357.7
102,2010,207,2100,13.77,0,.966,652.7
102,2010,207,2200,13.77,0,1,845
102,2010,207,2300,13.78,0,1,1078
101,2010,207,2400,12.5,611.62,14.18
102,2010,207,2400,13.79,0,1,1213
102,2010,208,100,13.8,0,1,1187
102,2010,208,200,13.8,0,1,1140
102,2010,208,300,13.81,0,1,1098
102,2010,208,400,13.82,0,1,1060
102,2010,208,500,13.85,0,1,1212
102,2010,208,600,13.87,0,1,1305
102,2010,208,700,13.87,0,1,1237
102,2010,208,800,13.87,0,1,894
102,2010,208,900,13.86,2.8164,.883,662
102,2010,208,1000,13.84,128.85,0,351.4
102,2010,208,1100,13.82,183.89,0,241.3
102,2010,208,1200,13.49,317.9,0,201.1
102,2010,208,1300,13.38,1463.9,0,169.5
102,2010,208,1400,13.34,403.27,0,158.8
102,2010,208,1500,13.32,180.78,0,153.8
102,2010,208,1600,12.49,51.125,0,159.4
102,2010,208,1700,13.68,351.32,0,158.9
102,2010,208,1800,13.74,40.904,.2,346.9
102,2010,208,1900,13.75,0,.616,4.74
102,2010,208,2000,13.75,0,.616,-6999
102,2010,208,2100,13.78,0,.533,512.1
102,2010,208,2200,13.79,0,.45,384.7
102,2010,208,2300,13.79,0,.483,386.6
101,2010,208,2400,12.49,3124.7,12.35
102,2010,208,2400,13.8,0,.566,457.9
102,2010,209,100,13.81,0,.417,260.3
102,2010,209,200,13.82,0,.7,504.3
102,2010,209,300,13.84,0,.75,531.6
102,2010,209,400,13.84,0,.367,427
102,2010,209,500,13.84,0,.6,399.9
102,2010,209,600,13.84,0,.45,439
102,2010,209,700,13.84,0,.733,501.2
102,2010,209,800,13.84,0,.516,356.1
102,2010,209,900,13.84,0,.583,452.5
102,2010,209,1000,13.84,0,.283,254.1
102,2010,209,1100,13.84,0,.033,351.3
102,2010,209,1200,13.83,0,0,383.5
102,2010,209,1300,13.82,24.688,0,275.6
102,2010,209,1400,13.8,42.009,0,220.7
102,2010,209,1500,13.79,89.412,0,200.4
102,2010,209,1600,13.77,13.25,0,199.2
102,2010,209,1700,13.76,5.4705,0,204.2
102,2010,209,1800,13.75,13.135,0,200.1
102,2010,209,1900,13.75,3.9951,0,253.8
102,2010,209,2000,13.76,0,.65,597.5
102,2010,209,2100,13.77,0,1,928
102,2010,209,2200,13.78,0,1,923
102,2010,209,2300,13.79,0,1,952
101,2010,209,2400,13.75,191.96,9.9
102,2010,209,2400,13.8,0,.816,727
102,2010,210,100,13.8,0,.483,375.5
102,2010,210,200,13.82,0,.533,277.6
102,2010,210,300,13.82,0,.4,305.5
102,2010,210,400,13.82,0,.483,325.8
102,2010,210,500,13.82,0,.516,533.5
102,2010,210,600,13.82,0,.583,478.4
102,2010,210,700,13.82,0,.55,313.5
102,2010,210,800,13.82,0,.4,326
102,2010,210,900,13.83,0,.2,311.1
102,2010,210,1000,13.82,0,0,319.9
102,2010,210,1100,13.82,0,0,368.2
102,2010,210,1200,13.8,0,0,221.4
102,2010,210,1300,13.77,0,0,181
102,2010,210,1400,13.76,72.427,0,161.6
102,2010,210,1500,13.75,120.28,0,151.1
102,2010,210,1600,13.73,48.118,0,148.7
102,2010,210,1700,13.73,62.984,0,151.8
102,2010,210,1800,13.73,16.697,0,166.6
102,2010,210,1900,13.73,1.0729,0,252.2
102,2010,210,2000,13.74,0,.367,428.8
102,2010,210,2100,13.75,0,.367,500.7
102,2010,210,2200,13.76,0,.966,719
102,2010,210,2300,13.77,0,1,841
101,2010,210,2400,13.73,321.58,7.85
102,2010,210,2400,13.78,0,1,964
102,2010,211,100,13.78,0,1,966
102,2010,211,200,13.79,0,1,989
102,2010,211,300,13.79,0,1,893
102,2010,211,400,13.8,0,1,900
102,2010,211,500,13.81,0,.916,764
102,2010,211,600,13.82,0,.933,765
102,2010,211,700,13.82,0,.983,792
102,2010,211,800,13.82,0,.417,399.2
102,2010,211,900,13.82,0,.883,616.8
102,2010,211,1000,13.82,0,.9,658.2
102,2010,211,1100,13.81,0,.433,89.3
102,2010,211,1200,13.8,0,0,307.6
102,2010,211,1300,13.78,0,0,235.3
102,2010,211,1400,13.76,104,0,177.2
102,2010,211,1500,13.74,77.253,0,158.1
102,2010,211,1600,13.73,48.701,0,171.7
102,2010,211,1700,13.73,62.591,0,194.9
102,2010,211,1800,13.73,124.05,0,168
102,2010,211,1900,13.73,8.0465,0,218.2
102,2010,211,2000,13.73,0,0,390.5
102,2010,211,2100,13.75,0,.733,567.8
102,2010,211,2200,13.76,0,1,675.7
102,2010,211,2300,13.77,0,1,933
101,2010,211,2400,13.73,424.65,13.19
102,2010,211,2400,13.77,0,1,1068
102,2010,212,100,13.78,0,1,1202
102,2010,212,200,13.79,0,1,1051
102,2010,212,300,13.8,0,.866,792
102,2010,212,400,13.81,0,.45,441.1
102,2010,212,500,13.82,0,.45,464.5
102,2010,212,600,13.84,0,.533,708
102,2010,212,700,13.83,0,.583,521.5
102,2010,212,800,13.83,0,.35,453.1
102,2010,212,900,13.83,54.855,.383,462.5
102,2010,212,1000,13.82,0,.616,503.6
102,2010,212,1100,13.82,10.5,0,372.8
102,2010,212,1200,13.8,0,0,325.9
102,2010,212,1300,13.79,18.384,0,270.7
102,2010,212,1400,13.77,91.195,0,184.5
102,2010,212,1500,13.75,1.8203,0,153.4
102,2010,212,1600,13.73,20.385,0,146.6
102,2010,212,1700,13.73,40.003,0,162
102,2010,212,1800,13.72,107.37,0,154.8
102,2010,212,1900,13.72,34.476,0,170.3
102,2010,212,2000,13.73,1.3315,.033,314.1
102,2010,212,2100,13.74,0,.583,504.1
102,2010,212,2200,13.75,0,.533,529.9
102,2010,212,2300,13.75,0,.633,584.3
101,2010,212,2400,13.72,380.32,9.01
102,2010,212,2400,13.76,0,1,838
102,2010,213,100,13.77,0,1,900
102,2010,213,200,13.78,0,1,962
102,2010,213,300,13.79,0,1,1039
102,2010,213,400,13.8,0,.983,1070
102,2010,213,500,13.8,0,.716,868
102,2010,213,600,13.8,0,.8,791
102,2010,213,700,13.8,0,1,1014
102,2010,213,800,13.81,0,1,945
102,2010,213,900,12.55,0,1,847
102,2010,213,1000,12.32,0,1,758
102,2010,213,1100,12.6,0,.983,639.2
102,2010,213,1200,12.84,0,.05,305.7
102,2010,213,1300,13.59,0,0,183.8
102,2010,213,1400,13.56,0,0,165.4
102,2010,213,1500,13.53,0,0,165.4
102,2010,213,1600,12.76,0,0,154.2
102,2010,213,1700,13.25,0,0,155.7
102,2010,213,1800,13.57,0,0,159
102,2010,213,1900,13.59,0,0,186.5
102,2010,213,2000,13.17,0,.083,381.9
102,2010,213,2100,13.05,0,1,780
102,2010,213,2200,12.98,0,1,989
102,2010,213,2300,12.94,0,1,1046
101,2010,213,2400,12.32,0,14.61
102,2010,213,2400,12.91,0,1,1137
102,2010,214,100,12.9,0,1,1118
102,2010,214,200,12.89,0,1,1005
102,2010,214,300,12.87,0,1,1012
102,2010,214,400,12.87,0,1,1068
102,2010,214,500,12.86,0,1,1110
102,2010,214,600,12.85,0,1,1163
102,2010,214,700,12.85,0,1,1126
102,2010,214,800,12.85,0,1,797
102,2010,214,900,13.65,0,.9,817
102,2010,214,1000,12.89,0,0,288.9
102,2010,214,1100,13.62,0,0,194.4
102,2010,214,1200,13.59,0,0,168.1
102,2010,214,1300,13.03,0,0,166.4
102,2010,214,1400,13.27,0,0,150
102,2010,214,1500,13.24,0,0,148.5
102,2010,214,1600,12.93,0,0,146.1
102,2010,214,1700,13.05,0,0,147.1
102,2010,214,1800,13.16,0,0,147.6
102,2010,214,1900,13.57,0,0,162.4
102,2010,214,2000,13.12,0,0,226.3
102,2010,214,2100,13.01,0,0,232.3
102,2010,214,2200,12.93,0,0,278.9
102,2010,214,2300,12.89,0,0,378.7
101,2010,214,2400,12.85,0,9.63
102,2010,214,2400,12.85,0,.733,674.6
102,2010,215,100,12.83,0,1,1156
102,2010,215,200,12.82,0,1,1132
102,2010,215,300,12.81,0,1,1103
102,2010,215,400,12.81,0,1,1130
102,2010,215,500,12.8,0,1,1134
102,2010,215,600,12.8,0,1,1157
102,2010,215,700,12.8,0,.783,1121
102,2010,215,800,12.8,0,.733,828
102,2010,215,900,13.27,0,.95,846
102,2010,215,1000,12.49,0,0,249.2
102,2010,215,1100,13.62,0,0,175.2
102,2010,215,1200,13.43,0,0,159.5
102,2010,215,1300,12.99,0,0,152.3
102,2010,215,1400,12.78,0,0,149.3
102,2010,215,1500,13.27,0,0,150.9
102,2010,215,1600,12.71,0,0,149.5
102,2010,215,1700,12.99,0,0,149
102,2010,215,1800,13.11,0,0,149.4
102,2010,215,1900,13.57,0,0,164.9
102,2010,215,2000,13.1,0,0,269.3
102,2010,215,2100,13,0,0,403.1
102,2010,215,2200,12.93,0,.267,462.1
102,2010,215,2300,12.87,0,1,663.4
101,2010,215,2400,12.49,0,10.73
102,2010,215,2400,12.84,0,1,885
102,2010,216,100,12.82,0,.733,626.3
102,2010,216,200,12.81,0,.6,458.5
102,2010,216,300,12.79,0,.45,256
102,2010,216,400,12.79,0,.483,494.1
102,2010,216,500,12.78,0,.6,479.9
102,2010,216,600,12.77,0,.983,611.8
102,2010,216,700,12.77,0,1,753
102,2010,216,800,12.77,0,1,611.6
102,2010,216,900,13.29,0,.75,618.3
102,2010,216,1000,12.3,0,0,296.9
102,2010,216,1100,13.5,0,0,238.1
102,2010,216,1200,13.43,0,0,183.5
102,2010,216,1300,13.67,0,0,172.3
102,2010,216,1400,13.69,0,0,163.1
102,2010,216,1500,13.68,0,0,159.6
102,2010,216,1600,13.67,0,0,153.3
102,2010,216,1700,13.66,0,0,155.1
102,2010,216,1800,13.66,0,0,162.4
102,2010,216,1900,13.66,0,0,187.7
102,2010,216,2000,13.67,0,0,315.6
102,2010,216,2100,13.68,0,.083,428.2
102,2010,216,2200,13.7,0,.816,530
102,2010,216,2300,13.71,0,1,673.1
101,2010,216,2400,12.3,0,9.5
102,2010,216,2400,13.71,0,1,892
102,2010,217,100,13.72,0,1,910
102,2010,217,200,13.73,0,1,1052
102,2010,217,300,13.73,0,1,1105
102,2010,217,400,13.74,0,1,1058
102,2010,217,500,13.76,0,.833,-6999
102,2010,217,600,13.77,0,.816,1038
102,2010,217,700,13.77,0,.716,925
102,2010,217,800,13.77,0,.666,716
102,2010,217,900,13.78,68.307,1,855
102,2010,217,1000,13.76,0,.067,320.6
102,2010,217,1100,13.74,0,0,196
102,2010,217,1200,13.73,0,0,172.3
102,2010,217,1300,13.72,0,0,163.3
102,2010,217,1400,13.23,0,0,157.7
102,2010,217,1500,13.69,0,0,155.6
102,2010,217,1600,13.68,0,0,153.9
102,2010,217,1700,13.67,0,0,156
102,2010,217,1800,13.53,0,0,158.5
102,2010,217,1900,13.66,0,0,164.8
102,2010,217,2000,13.67,0,0,213.7
102,2010,217,2100,13.68,0,0,320.1
102,2010,217,2200,13.7,0,.833,557.7
102,2010,217,2300,13.7,0,.317,461.4
101,2010,217,2400,13.23,68.307,9.7
102,2010,217,2400,13.72,0,.45,491.2
102,2010,218,100,13.72,0,.4,-6999
102,2010,218,200,13.73,0,.816,665
102,2010,218,300,13.75,0,.866,1019
102,2010,218,400,13.75,0,1,-6999
102,2010,218,500,13.77,0,1,-6999
102,2010,218,600,13.77,0,1,-6999
102,2010,218,700,13.78,0,.833,-6999
102,2010,218,800,13.79,0,.75,-6999
102,2010,218,900,13.79,0,.217,489
102,2010,218,1000,13.78,0,0,336.6
102,2010,218,1100,13.75,0,0,258
102,2010,218,1200,13.74,0,0,208.5
102,2010,218,1300,13.72,0,0,181.9
102,2010,218,1400,13.7,0,0,167.5
102,2010,218,1500,13.39,0,.017,166.7
102,2010,218,1600,13.55,0,0,156.9
102,2010,218,1700,13.69,0,0,157.1
102,2010,218,1800,13.68,0,0,160.7
102,2010,218,1900,13.68,0,0,167.3
102,2010,218,2000,13.68,0,0,206.7
102,2010,218,2100,13.69,0,0,249.6
102,2010,218,2200,13.7,0,0,307.3
102,2010,218,2300,13.71,0,.083,381.2
101,2010,218,2400,13.39,0,7.46
102,2010,218,2400,13.72,0,.483,499.8
102,2010,219,100,13.73,0,.6,505.8
102,2010,219,200,13.73,0,.766,537.2
102,2010,219,300,13.74,0,1,1166
102,2010,219,400,13.75,0,1,954
102,2010,219,500,13.77,0,1,957
102,2010,219,600,13.77,0,1,903
102,2010,219,700,13.78,0,1,779
102,2010,219,800,13.79,0,.766,538.1
102,2010,219,900,13.79,0,0,300.6
102,2010,219,1000,13.77,0,0,198.9
102,2010,219,1100,13.75,0,0,167.7
102,2010,219,1200,13.74,0,0,152.4
102,2010,219,1300,13.13,1.4848,0,146.2
102,2010,219,1400,13.46,1.1208,0,145.1
102,2010,219,1500,13.7,0,0,144.9
102,2010,219,1600,13.68,0,0,148.1
102,2010,219,1700,13.68,0,0,152.6
102,2010,219,1800,13.68,0,0,152.9
102,2010,219,1900,13.68,0,0,188
102,2010,219,2000,13.7,0,.65,888
102,2010,219,2100,13.73,0,.7,1144
102,2010,219,2200,13.73,0,.866,-6999
102,2010,219,2300,13.75,0,1,1097
101,2010,219,2400,13.13,2.6056,11.35
102,2010,219,2400,13.75,0,1,1168
102,2010,220,100,13.77,0,1,1179
102,2010,220,200,13.77,0,.733,-6999
102,2010,220,300,13.77,0,.516,606.1
102,2010,220,400,13.78,0,.683,724
102,2010,220,500,13.78,0,.733,865
102,2010,220,600,13.79,0,.7,882
102,2010,220,700,13.79,0,.466,409.2
102,2010,220,800,13.17,314.38,.317,544.9
102,2010,220,900,13.62,50.67,1,652.9
102,2010,220,1000,12.97,0,.167,372.2
102,2010,220,1100,13.64,0,0,219.7
102,2010,220,1200,13.57,0,0,182
102,2010,220,1300,13.28,0,0,162.1
102,2010,220,1400,13.42,0,0,150.7
102,2010,220,1500,13.36,0,0,149.9
102,2010,220,1600,13.28,0,0,147.1
102,2010,220,1700,13.49,0,0,154.4
102,2010,220,1800,13.69,0,0,152.2
102,2010,220,1900,13.69,0,0,176.5
102,2010,220,2000,13.7,0,0,341.4
102,2010,220,2100,13.7,0,.75,554.4
102,2010,220,2200,13.72,0,.95,691.3
102,2010,220,2300,13.72,0,1,946
101,2010,220,2400,12.97,365.05,10.01
102,2010,220,2400,13.73,0,1,1107
102,2010,221,100,13.75,0,1,1202
102,2010,221,200,13.75,0,.766,1154
102,2010,221,300,13.75,0,.833,1154
102,2010,221,400,13.76,0,.683,-6999
102,2010,221,500,13.79,0,.3,358.4
102,2010,221,600,13.8,0,.45,350.1
102,2010,221,700,13.8,0,.583,393.6
102,2010,221,800,13.8,0,.55,482.7
102,2010,221,900,13.8,0,.333,568
102,2010,221,1000,13.1,0,0,202.5
102,2010,221,1100,13.79,0,0,231.5
102,2010,221,1200,13.62,0,0,193.9
102,2010,221,1300,13.75,0,0,171.7
102,2010,221,1400,13.72,0,.017,163.9
102,2010,221,1500,13.71,0,0,155.9
102,2010,221,1600,13.7,0,.017,197.2
102,2010,221,1700,13.71,0,.133,376.4
102,2010,221,1800,13.72,0,0,321.9
102,2010,221,1900,13.72,0,0,243.9
102,2010,221,2000,13.71,0,.333,440.8
102,2010,221,2100,13.72,0,1,706
102,2010,221,2200,13.73,0,1,729
102,2010,221,2300,13.74,0,1,1017
101,2010,221,2400,13.1,0,10
102,2010,221,2400,13.74,0,1,1162
102,2010,222,100,13.75,0,1,-6999
102,2010,222,200,13.77,0,1,-6999
102,2010,222,300,13.78,0,.866,-6999
102,2010,222,400,13.78,0,.75,-6999
102,2010,222,500,13.78,0,1,1232
102,2010,222,600,13.79,0,1,1046
102,2010,222,700,13.79,0,1,1121
102,2010,222,800,12.93,0,1,873
102,2010,222,900,13.28,71.833,1,778
102,2010,222,1000,12.7,0,.683,643.2
102,2010,222,1100,13.6,0,0,294.4
102,2010,222,1200,13.53,0,0,216.9
102,2010,222,1300,13.58,0,0,194.2
102,2010,222,1400,13.57,8.8704,0,163.5
102,2010,222,1500,13.56,0,0,203.2
102,2010,222,1600,13.56,0,0,164.6
102,2010,222,1700,13.57,0,0,170.9
102,2010,222,1800,13.02,0,0,166
102,2010,222,1900,12.62,0,0,210
102,2010,222,2000,12.63,0,.75,692.9
102,2010,222,2100,12.67,0,1,1062
102,2010,222,2200,12.66,0,1,1101
102,2010,222,2300,12.65,0,1,1183
101,2010,222,2400,12.62,80.703,14.04
102,2010,222,2400,12.63,0,1,1195
102,2010,223,100,12.61,0,1,1260
102,2010,223,200,12.59,0,1,1283
102,2010,223,300,12.57,0,1,1334
102,2010,223,400,12.55,0,1,1322
102,2010,223,500,12.53,0,1,1312
102,2010,223,600,12.51,0,1,1305
102,2010,223,700,12.49,0,1,1257
102,2010,223,800,12.49,0,1,1001
102,2010,223,900,12.53,0,.883,655.5
102,2010,223,1000,12.64,0,0,337.9
102,2010,223,1100,12.83,67.024,0,305.7
102,2010,223,1200,13.14,127.23,0,207.7
102,2010,223,1300,13.17,23.472,0,188.8
102,2010,223,1400,12.91,61.066,.516,375.4
102,2010,223,1500,13.28,0,0,218.9
102,2010,223,1600,12.93,7.3003,0,203.5
102,2010,223,1700,13.57,6.5139,0,195.6
102,2010,223,1800,13.35,0,0,219.5
102,2010,223,1900,13.1,55.014,0,351.9
102,2010,223,2000,13.05,13.957,.616,-6999
102,2010,223,2100,13.02,143.56,.25,325.2
102,2010,223,2200,13,0,0,385.7
102,2010,223,2300,13,0,.367,477.2
101,2010,223,2400,12.49,505.14,10.98
102,2010,223,2400,12.98,0,.35,787
102,2010,224,100,12.98,0,.716,806
102,2010,224,200,12.97,0,0,383.5
102,2010,224,300,12.96,0,0,302.4
102,2010,224,400,12.96,0,.133,566.1
102,2010,224,500,12.95,0,.15,491
102,2010,224,600,12.95,0,0,451.6
102,2010,224,700,12.94,0,.516,508.5
102,2010,224,800,12.94,0,1,663.3
102,2010,224,900,13.43,38.904,.167,259.7
102,2010,224,1000,12.7,0,0,152.7
102,2010,224,1100,13.11,0,0,156
102,2010,224,1200,13.56,0,0,165.4
102,2010,224,1300,12.83,0,0,164.6
102,2010,224,1400,13.62,0,0,162
102,2010,224,1500,13.54,0,0,147
102,2010,224,1600,13.26,0,0,146.5
102,2010,224,1700,13.45,0,0,144
102,2010,224,1800,12.74,0,0,154.5
102,2010,224,1900,12.64,0,0,161.2
102,2010,224,2000,12.91,0,0,231.1
102,2010,224,2100,12.91,0,0,309.6
102,2010,224,2200,12.9,0,0,419.6
102,2010,224,2300,12.9,0,.483,500.5
101,2010,224,2400,12.64,38.904,3.699
102,2010,224,2400,12.89,0,.533,629.3
102,2010,225,100,12.89,0,.683,1218
102,2010,225,200,12.89,0,.75,1352
102,2010,225,300,12.88,0,.616,1362
102,2010,225,400,12.88,0,.633,-6999
102,2010,225,500,12.88,0,.533,-6999
102,2010,225,600,12.87,0,.683,-6999
102,2010,225,700,12.87,0,.65,1309
102,2010,225,800,12.87,0,.666,-6999
102,2010,225,900,13.47,0,.8,485.8
102,2010,225,1000,12.62,0,.117,333.9
102,2010,225,1100,13.41,0,0,198.9
102,2010,225,1200,13.53,0,0,173.8
102,2010,225,1300,13.34,0,0,155.5
102,2010,225,1400,13.46,0,0,149.9
102,2010,225,1500,13.45,0,0,144.7
102,2010,225,1600,12.89,0,0,145
102,2010,225,1700,13.25,0,0,148
102,2010,225,1800,13.59,0,0,175.7
102,2010,225,1900,13.65,0,0,177.6
102,2010,225,2000,13.68,0,0,243.3
102,2010,225,2100,13.7,0,0,334.2
102,2010,225,2200,13.71,0,0,383.9
102,2010,225,2300,13.71,0,.367,441.6
101,2010,225,2400,12.62,0,6.947
102,2010,225,2400,13.72,0,.45,473.8
102,2010,226,100,13.73,0,.533,503.3
102,2010,226,200,13.73,0,.866,535.9
102,2010,226,300,13.74,0,.466,567.2
102,2010,226,400,13.76,0,0,200.8
102,2010,226,500,13.77,0,0,212.7
102,2010,226,600,13.78,0,.1,294.7
102,2010,226,700,13.78,0,.1,268.4
102,2010,226,800,13.79,0,0,203.3
102,2010,226,900,13.79,0,0,237.8
102,2010,226,1000,12.91,0,0,166.4
102,2010,226,1100,13.46,65.233,0,164.1
102,2010,226,1200,13.43,123.65,0,153
102,2010,226,1300,12.67,205.58,0,140.8
102,2010,226,1400,13.34,12.454,0,140.8
102,2010,226,1500,13.36,0,0,145.5
102,2010,226,1600,12.78,0,0,124.9
102,2010,226,1700,13.58,0,0,163.9
102,2010,226,1800,13.58,0,0,155.1
102,2010,226,1900,13.59,0,0,157.8
102,2010,226,2000,13.17,0,0,163.9
102,2010,226,2100,13.06,0,0,136.7
102,2010,226,2200,12.98,0,0,125
102,2010,226,2300,12.92,0,0,162.6
101,2010,226,2400,12.67,406.92,2.066
102,2010,226,2400,12.88,0,0,204.2
102,2010,227,100,12.85,0,0,165.9
102,2010,227,200,12.84,0,0,171
102,2010,227,300,12.82,0,.033,208.1
102,2010,227,400,12.81,0,.683,828
102,2010,227,500,12.81,0,.683,735
102,2010,227,600,12.8,0,.583,558.8
102,2010,227,700,12.79,0,.55,675.2
102,2010,227,800,12.79,0,.516,500.7
102,2010,227,900,13.37,0,.183,216.9
102,2010,227,1000,13.34,0,0,190.3
102,2010,227,1100,13.41,0,0,155.7
102,2010,227,1200,13.43,0,0,152
102,2010,227,1300,13.39,0,0,147.1
102,2010,227,1400,13.39,0,0,131.4
102,2010,227,1500,13.32,0,0,128.8
102,2010,227,1600,13.19,0,0,130.8
102,2010,227,1700,13.22,0,0,128.8
102,2010,227,1800,13.02,0,0,144.3
102,2010,227,1900,13.47,.63225,0,165.4
102,2010,227,2000,13.16,0,0,151.8
102,2010,227,2100,13.05,0,0,150.2
102,2010,227,2200,12.98,0,0,218.6
102,2010,227,2300,12.92,0,0,233.1
101,2010,227,2400,12.79,.63225,3.232
102,2010,227,2400,12.87,0,0,292.9
102,2010,228,100,12.84,0,.017,271.5
102,2010,228,200,12.82,0,0,226.4
102,2010,228,300,12.81,0,.067,246.9
102,2010,228,400,12.79,0,0,228.1
102,2010,228,500,12.79,0,.133,414.7
102,2010,228,600,12.78,0,.55,739
102,2010,228,700,12.77,0,.616,514.9
102,2010,228,800,12.77,0,.6,542.2
102,2010,228,900,13.63,0,.233,396.2
102,2010,228,1000,12.72,0,0,186
102,2010,228,1100,13.49,0,0,158.2
102,2010,228,1200,13.43,0,0,151.7
102,2010,228,1300,12.73,0,0,141.3
102,2010,228,1400,13.43,0,0,138.6
102,2010,228,1500,13.42,0,0,134.7
102,2010,228,1600,13.16,0,0,132.9
102,2010,228,1700,13.58,0,0,132.1
102,2010,228,1800,13.55,0,0,162.7
102,2010,228,1900,13.55,0,0,174.7
102,2010,228,2000,13.23,0,0,253.5
102,2010,228,2100,13.12,0,.217,461.7
102,2010,228,2200,13.02,0,.183,293.8
102,2010,228,2300,12.95,0,.45,459.6
101,2010,228,2400,12.72,0,4.032
102,2010,228,2400,12.9,0,.966,858
102,2010,229,100,12.86,0,.5,263
102,2010,229,200,12.83,0,.566,728
102,2010,229,300,12.81,0,.5,444.1
102,2010,229,400,12.79,0,.466,388.3
102,2010,229,500,12.78,0,.6,583.4
102,2010,229,600,12.77,0,.766,739
102,2010,229,700,12.76,0,.75,693.4
102,2010,229,800,12.76,0,.616,347
102,2010,229,900,12.86,0,.5,-6999
102,2010,229,1000,13.53,0,.4,487.1
102,2010,229,1100,13.71,0,0,324.2
102,2010,229,1200,13.76,0,0,341
102,2010,229,1300,13.76,0,.317,460.1
102,2010,229,1400,13.75,0,.167,425.3
102,2010,229,1500,13.75,0,0,362.5
102,2010,229,1600,13.75,0,0,372.7
102,2010,229,1700,13.75,0,0,300.6
102,2010,229,1800,13.75,0,0,345.9
102,2010,229,1900,13.75,0,.816,512.3
102,2010,229,2000,13.77,0,1,796
102,2010,229,2100,13.77,0,1,956
102,2010,229,2200,13.78,0,1,949
102,2010,229,2300,13.78,0,1,1011
101,2010,229,2400,12.76,0,11.96
102,2010,229,2400,13.79,0,1,966
102,2010,230,100,13.8,0,.816,844
102,2010,230,200,13.8,0,.916,910
102,2010,230,300,13.82,0,1,903
102,2010,230,400,13.82,0,1,940
102,2010,230,500,13.82,0,1,983
102,2010,230,600,13.84,0,1,1002
102,2010,230,700,13.84,0,1,994
102,2010,230,800,13.84,14.188,.933,707
102,2010,230,900,13.46,0,1,711
102,2010,230,1000,12.39,0,.2,377.2
102,2010,230,1100,13.67,0,0,234.6
102,2010,230,1200,13.65,0,0,189.5
102,2010,230,1300,13.47,3.8034,0,160.1
102,2010,230,1400,13.49,92.662,0,153.6
102,2010,230,1500,13.45,0,0,152.5
102,2010,230,1600,12.34,0,0,149.4
102,2010,230,1700,13.44,1.6955,0,149.8
102,2010,230,1800,13.58,0,0,150.8
102,2010,230,1900,13.59,0,0,169
102,2010,230,2000,13.25,0,0,242.1
102,2010,230,2100,13.12,0,0,324.5
102,2010,230,2200,13.02,0,.233,463.8
102,2010,230,2300,12.96,0,1,787
101,2010,230,2400,12.34,112.35,11.1
102,2010,230,2400,12.91,0,1,620.2
102,2010,231,100,12.88,0,1,888
102,2010,231,200,12.86,0,1,934
102,2010,231,300,12.85,0,1,896
102,2010,231,400,12.83,0,1,972
102,2010,231,500,12.81,0,1,1000
102,2010,231,600,12.81,0,1,1026
102,2010,231,700,12.8,0,1,1033
102,2010,231,800,12.8,0,1,776
102,2010,231,900,13.68,0,.633,564.2
102,2010,231,1000,13.69,0,0,252.5
102,2010,231,1100,13.63,1.2742,0,195.5
102,2010,231,1200,13.49,0,0,165.8
102,2010,231,1300,13.26,0,0,149.1
102,2010,231,1400,13.36,0,0,149.5
102,2010,231,1500,13.37,0,0,149.2
102,2010,231,1600,12.45,0,0,149
102,2010,231,1700,13.59,0,0,155.1
102,2010,231,1800,13.59,0,0,156.5
102,2010,231,1900,13.68,0,0,163.9
102,2010,231,2000,13.7,0,0,215.5
102,2010,231,2100,13.72,0,0,257.9
102,2010,231,2200,13.73,0,0,305.1
102,2010,231,2300,13.74,0,.716,617
101,2010,231,2400,12.45,1.2742,10.35
102,2010,231,2400,13.75,0,1,691.2
102,2010,232,100,13.76,0,1,996
102,2010,232,200,13.77,0,1,989
102,2010,232,300,13.79,0,.966,961
102,2010,232,400,13.79,0,1,903
102,2010,232,500,13.8,0,1,979
102,2010,232,600,13.8,0,.933,884
102,2010,232,700,13.8,0,.866,1284
102,2010,232,800,13.8,0,.783,-6999
102,2010,232,900,13.8,35.811,1,914
102,2010,232,1000,12.53,0,.633,561.6
102,2010,232,1100,13.43,0,0,270.5
102,2010,232,1200,13.45,0,0,222
102,2010,232,1300,12.5,0,0,195.5
102,2010,232,1400,13.36,0,0,179.2
102,2010,232,1500,13.33,0,0,170.2
102,2010,232,1600,12.66,0,0,167.9
102,2010,232,1700,13.32,0,0,185.7
102,2010,232,1800,12.91,0,0,208
102,2010,232,1900,12.58,0,0,268.2
102,2010,232,2000,12.93,0,.616,500.7
102,2010,232,2100,12.87,0,.516,501.8
102,2010,232,2200,12.83,0,1,674.6
102,2010,232,2300,12.81,0,1,862
101,2010,232,2400,12.5,35.811,13.31
102,2010,232,2400,12.8,0,1,972
102,2010,233,100,12.79,0,1,982
102,2010,233,200,12.79,0,.983,993
102,2010,233,300,12.79,0,.9,1178
102,2010,233,400,12.79,0,.816,1127
102,2010,233,500,12.78,0,.75,1158
102,2010,233,600,12.78,0,.75,1429
102,2010,233,700,12.78,0,.8,1286
102,2010,233,800,12.78,0,.683,1224
102,2010,233,900,13.69,0,.933,737
102,2010,233,1000,12.66,0,.333,427.6
102,2010,233,1100,13.64,0,0,252.2
102,2010,233,1200,13.61,0,0,179
102,2010,233,1300,13.11,0,0,152.4
102,2010,233,1400,13.55,0,0,146.1
102,2010,233,1500,13.38,0,0,144.1
102,2010,233,1600,12.58,0,0,141.3
102,2010,233,1700,13.42,0,0,144.5
102,2010,233,1800,13.44,0,0,150.9
102,2010,233,1900,13.59,0,0,166.5
102,2010,233,2000,13.17,0,0,240
102,2010,233,2100,13.06,0,0,299.5
102,2010,233,2200,12.98,0,0,367.6
102,2010,233,2300,12.91,0,.9,596.6
101,2010,233,2400,12.58,0,9.85
102,2010,233,2400,12.87,0,1,691.6
102,2010,234,100,12.84,0,1,993
102,2010,234,200,12.82,0,1,1047
102,2010,234,300,12.81,0,1,1016
102,2010,234,400,12.79,0,1,1153
102,2010,234,500,12.79,0,1,1262
102,2010,234,600,12.78,0,.983,1003
102,2010,234,700,12.78,0,.183,-105.7
102,2010,234,800,12.78,17.973,.317,164.2
102,2010,234,900,12.81,0,1,706
102,2010,234,1000,12.36,0,.916,630
102,2010,234,1100,12.76,0,0,361.3
102,2010,234,1200,13.54,0,0,251.2
102,2010,234,1300,12.91,0,0,180.2
102,2010,234,1400,13.41,0,0,160.5
102,2010,234,1500,13.44,0,0,154.3
102,2010,234,1600,12.48,0,0,154.1
102,2010,234,1700,13,0,0,173.6
102,2010,234,1800,13.58,0,0,200.3
102,2010,234,1900,13.36,0,0,257.5
102,2010,234,2000,13.16,0,.733,572.7
102,2010,234,2100,13.06,0,1,758
102,2010,234,2200,12.97,0,1,856
102,2010,234,2300,12.91,0,1,887
101,2010,234,2400,12.36,17.973,13.13
102,2010,234,2400,12.87,0,1,842
102,2010,235,100,12.83,0,.85,783
102,2010,235,200,12.81,0,.75,874
102,2010,235,300,12.79,0,.716,718
102,2010,235,400,12.79,0,.75,926
102,2010,235,500,12.79,0,.866,1459
102,2010,235,600,12.78,0,.783,1197
102,2010,235,700,12.78,0,.533,768
102,2010,235,800,12.78,0,.483,493.7
102,2010,235,900,13.31,0,.7,530.5
102,2010,235,1000,12.25,0,.483,508.7
102,2010,235,1100,12.58,0,.933,507.5
102,2010,235,1200,12.65,0,.833,509.3
102,2010,235,1300,12.49,0,0,299.9
102,2010,235,1400,13.63,0,0,190.6
102,2010,235,1500,13.59,0,0,164.5
102,2010,235,1600,13.09,0,0,147.6
102,2010,235,1700,13.58,0,0,157.1
102,2010,235,1800,13.61,0,0,174.5
102,2010,235,1900,13.66,0,0,207.3
102,2010,235,2000,13.69,0,.15,376.4
102,2010,235,2100,13.7,0,1,680.4
102,2010,235,2200,13.71,0,1,847
102,2010,235,2300,13.72,0,1,784
101,2010,235,2400,12.25,0,12.61
102,2010,235,2400,13.75,0,.783,698
102,2010,236,100,13.75,0,.816,676.3
102,2010,236,200,13.77,0,.916,792
102,2010,236,300,13.78,0,.766,744
102,2010,236,400,13.78,0,.616,723
102,2010,236,500,13.79,0,.783,720
102,2010,236,600,13.8,0,.8,691.2
102,2010,236,700,13.8,0,.633,633.9
102,2010,236,800,13.81,0,.483,489.7
102,2010,236,900,13.6,0,.8,510.5
102,2010,236,1000,12.27,0,.583,511.9
102,2010,236,1100,12.72,0,0,318
102,2010,236,1200,13.6,0,0,212.1
102,2010,236,1300,12.61,0,0,197
102,2010,236,1400,13.49,0,0,183.8
102,2010,236,1500,13.44,0,0,219.1
102,2010,236,1600,12.34,0,0,210.2
102,2010,236,1700,12.66,0,0,252
102,2010,236,1800,13.43,0,0,279.9
102,2010,236,1900,13.45,0,.033,359.5
102,2010,236,2000,13.18,0,.933,738
102,2010,236,2100,13.06,0,1,911
102,2010,236,2200,12.99,0,1,932
102,2010,236,2300,12.94,0,1,924
101,2010,236,2400,12.27,0,12.16
102,2010,236,2400,12.91,0,1,889
102,2010,237,100,12.89,0,1,995
102,2010,237,200,12.88,0,.9,904
102,2010,237,300,12.87,0,.783,1440
102,2010,237,400,12.86,0,.616,1199
102,2010,237,500,12.85,0,.683,-6999
102,2010,237,600,12.84,0,.866,-6999
102,2010,237,700,12.83,0,.716,-6999
102,2010,237,800,12.83,0,.55,-6999
102,2010,237,900,13.17,0,.75,651.4
102,2010,237,1000,13.31,0,1,718
102,2010,237,1100,13.21,0,.117,449.8
102,2010,237,1200,13.75,0,0,335.8
102,2010,237,1300,13.77,0,0,232
102,2010,237,1400,13.76,0,0,226.3
102,2010,237,1500,13.75,0,0,194.9
102,2010,237,1600,13.75,0,.017,239.7
102,2010,237,1700,13.75,0,0,309
102,2010,237,1800,13.78,0,.633,489.5
102,2010,237,1900,13.78,0,1,617.4
102,2010,237,2000,13.78,0,1,895
102,2010,237,2100,13.79,0,1,1001
102,2010,237,2200,13.8,0,1,1012
102,2010,237,2300,13.81,0,1,944
101,2010,237,2400,12.83,0,14.63
102,2010,237,2400,13.82,0,1,937
102,2010,238,100,13.82,0,1,950
102,2010,238,200,13.83,0,.783,798
102,2010,238,300,13.84,0,.666,831
102,2010,238,400,13.84,0,.783,761
102,2010,238,500,13.84,0,.716,783
102,2010,238,600,13.84,0,.6,854
102,2010,238,700,13.84,0,.7,907
102,2010,238,800,13.84,0,.55,543.9
102,2010,238,900,13.85,0,.833,692.2
102,2010,238,1000,13.84,0,.716,641.5
102,2010,238,1100,13.65,0,0,318.4
102,2010,238,1200,13.4,0,0,219.7
102,2010,238,1300,13.42,0,0,184.1
102,2010,238,1400,13.77,0,0,168.4
102,2010,238,1500,13.58,0,0,160.8
102,2010,238,1600,12.33,0,0,156.7
102,2010,238,1700,13.51,0,0,150.9
102,2010,238,1800,13.13,0,0,168.7
102,2010,238,1900,13.41,0,0,258.6
102,2010,238,2000,13.12,0,0,351.1
102,2010,238,2100,13.02,0,.1,448.6
102,2010,238,2200,12.96,0,1,643.3
102,2010,238,2300,12.91,0,1,847
101,2010,238,2400,12.33,0,10.21
102,2010,238,2400,12.87,0,.766,753
102,2010,239,100,12.85,0,.616,-6999
102,2010,239,200,12.83,0,.933,991
102,2010,239,300,12.81,0,1,1036
102,2010,239,400,12.8,0,1,1072
102,2010,239,500,12.8,0,1,1043
102,2010,239,600,12.79,0,1,927
102,2010,239,700,12.79,0,1,860
102,2010,239,800,12.79,0,.9,719
102,2010,239,900,13.45,14.61,1,913
102,2010,239,1000,12.51,0,.317,414.1
102,2010,239,1100,13.45,0,0,230.6
102,2010,239,1200,13.4,0,0,227.8
102,2010,239,1300,12.41,0,0,233.1
102,2010,239,1400,13.47,0,0,179.8
102,2010,239,1500,13.38,0,0,168.2
102,2010,239,1600,12.37,0,0,163
102,2010,239,1700,13.31,0,0,159
102,2010,239,1800,13.57,0,0,189.7
102,2010,239,1900,13.23,0,0,271.6
102,2010,239,2000,13.08,2.1074,.583,-6999
102,2010,239,2100,12.99,.42154,.6,717
102,2010,239,2200,12.93,1.0539,.45,497.5
102,2010,239,2300,12.88,1.9544,.516,439.2
101,2010,239,2400,12.37,21.249,11.35
102,2010,239,2400,12.85,1.1017,.433,471.8
102,2010,240,100,12.83,.31615,.45,469.5
102,2010,240,200,12.8,.58439,.483,542.5
102,2010,240,300,12.79,.17244,.516,622.2
102,2010,240,400,12.78,.00958,.6,784
102,2010,240,500,12.77,0,.65,1010
102,2010,240,600,12.77,.05748,.533,940
102,2010,240,700,12.76,.78557,.633,1106
102,2010,240,800,12.77,130.87,.833,-6999
102,2010,240,900,13.65,700.9,.55,946
102,2010,240,1000,13.15,1292.2,0,380.5
102,2010,240,1100,12.6,2407.8,0,253.2
102,2010,240,1200,13.27,3006.4,0,206.5
102,2010,240,1300,12.61,2749.6,0,184.2
102,2010,240,1400,13.29,3020.2,0,171.8
102,2010,240,1500,13.22,2414.5,0,167.1
102,2010,240,1600,12.74,2181.6,0,163.3
102,2010,240,1700,13.27,1094.5,0,164.8
102,2010,240,1800,13.05,565.8,0,153
102,2010,240,1900,13.51,121.18,.033,325.9
102,2010,240,2000,13.1,1.3507,.516,542.6
102,2010,240,2100,13.01,0,1,749
102,2010,240,2200,12.94,0,1,922
102,2010,240,2300,12.89,0,1,959
101,2010,240,2400,12.6,19689,9.8
102,2010,240,2400,12.85,0,1,1045
102,2010,241,100,12.83,0,.833,907
102,2010,241,200,12.81,0,.733,943
102,2010,241,300,12.8,1.5616,.783,1213
102,2010,241,400,12.79,1.916,.733,1425
102,2010,241,500,12.78,1.6765,.783,1532
102,2010,241,600,12.77,.50775,.65,891
102,2010,241,700,12.77,3.9661,.483,502.3
102,2010,241,800,12.77,160.35,.516,541.9
102,2010,241,900,13.65,723.48,.8,563.9
102,2010,241,1000,13.33,1616.1,.317,424.7
102,2010,241,1100,13.34,2392.3,0,256.6
102,2010,241,1200,13.3,3056.8,0,204.8
102,2010,241,1300,13.28,3508.8,0,175.1
102,2010,241,1400,13.29,3434,0,166.2
102,2010,241,1500,13.28,3338.6,0,160.1
102,2010,241,1600,13.27,2548.7,0,159.8
102,2010,241,1700,13.27,1231.4,0,163.3
102,2010,241,1800,13.16,157.58,.367,-6999
102,2010,241,1900,13.07,6.8974,.783,530.9
102,2010,241,2000,12.98,.24909,.25,360.3
102,2010,241,2100,12.91,0,.566,723
102,2010,241,2200,12.87,0,.633,635.7
102,2010,241,2300,12.85,0,.433,284.9
101,2010,241,2400,12.77,22185,9.98
102,2010,241,2400,12.82,0,.317,103.9
102,2010,242,100,12.8,0,.217,97.5
102,2010,242,200,12.79,0,.4,378.2
102,2010,242,300,12.77,0,.466,539.4
102,2010,242,400,12.76,0,.566,739
102,2010,242,500,12.75,0,.533,716
102,2010,242,600,12.75,0,.65,789
102,2010,242,700,12.73,0,.633,874
102,2010,242,800,12.45,0,.4,740
102,2010,242,900,12.54,199.99,.067,28.85
102,2010,242,1000,12.71,1309.9,0,92.2
102,2010,242,1100,13.61,2725.3,0,168.4
102,2010,242,1200,13.54,3143.1,0,162.7
102,2010,242,1300,13.34,3550,0,156.6
102,2010,242,1400,13.37,3010.4,0,155.8
102,2010,242,1500,13.32,3112.7,0,149.6
102,2010,242,1600,13.08,2395.9,0,156.6
102,2010,242,1700,13.2,971.5,0,157.1
102,2010,242,1800,13.55,246.06,0,161.3
102,2010,242,1900,13.57,172.91,0,172.6
102,2010,242,2000,13.15,4.2437,0,183.1
102,2010,242,2100,13.04,0,0,172.1
102,2010,242,2200,12.97,0,0,164.6
102,2010,242,2300,12.91,0,0,160.3
101,2010,242,2400,12.45,20842,3.932
102,2010,242,2400,12.87,0,0,161.9
102,2010,243,100,12.85,0,0,188.7
102,2010,243,200,12.83,.0479,.033,155.4
102,2010,243,300,12.82,0,.333,130
102,2010,243,400,12.81,0,.317,195.6
102,2010,243,500,12.81,0,.283,157.4
102,2010,243,600,12.81,0,.017,130.4
102,2010,243,700,12.8,0,0,128.4
102,2010,243,800,12.8,0,0,92.5
102,2010,243,900,12.96,127.52,0,80.9
102,2010,243,1000,12.29,585.91,0,95.5
102,2010,243,1100,13.48,1278,0,128.3
102,2010,243,1200,13.47,2669.6,0,149.6
102,2010,243,1300,12.53,1556.4,0,152.2
102,2010,243,1400,13.58,1307.9,0,139.3
102,2010,243,1500,13.3,1156,0,168.1
102,2010,243,1600,12.37,1019.9,0,147.8
102,2010,243,1700,12.65,347.29,0,178.9
102,2010,243,1800,13.66,154.57,0,162
102,2010,243,1900,13.68,28.895,0,161.8
102,2010,243,2000,13.19,0,0,136
102,2010,243,2100,13.06,0,0,128.1
102,2010,243,2200,13,0,0,132.8
102,2010,243,2300,12.92,0,0,148.3
101,2010,243,2400,12.29,10232,1.1
102,2010,243,2400,12.92,0,.117,170.4
102,2010,244,100,13.75,0,.3,189.4
102,2010,244,200,13.75,0,.283,165.2
102,2010,244,300,13.75,0,.25,233
102,2010,244,400,13.76,0,.65,379
102,2010,244,500,13.76,0,.433,328.1
102,2010,244,600,13.77,0,.267,30.26
102,2010,244,700,13.78,0,.283,42.39
102,2010,244,800,13.8,0,.35,61.3
102,2010,244,900,13.79,0,0,103.8
102,2010,244,1000,13.78,1238.8,0,117.6
102,2010,244,1100,13.78,967.85,0,129.3
102,2010,244,1200,13.41,1904.2,0,154.1
102,2010,244,1300,13.11,2212.7,0,152.7
102,2010,244,1400,13.31,3133,0,139.4
102,2010,244,1500,13.25,1892,0,136.5
102,2010,244,1600,12.32,1032.2,0,156.7
102,2010,244,1700,13.68,877.57,0,165.3
102,2010,244,1800,13.73,109.47,0,154.1
102,2010,244,1900,13.75,0,.05,150.4
102,2010,244,2000,13.78,0,.433,239.4
102,2010,244,2100,13.79,0,.516,890
102,2010,244,2200,13.8,0,.483,499.6
102,2010,244,2300,13.8,0,.666,1139
101,2010,244,2400,12.32,13368,5.564
102,2010,244,2400,13.8,0,.6,724
102,2010,245,100,13.8,0,.55,449.9
102,2010,245,200,13.8,0,.433,387.8
102,2010,245,300,13.8,0,.466,978
102,2010,245,400,13.8,0,.916,-6999
102,2010,245,500,13.8,0,.75,-6999
102,2010,245,600,13.81,0,.65,1046
102,2010,245,700,13.81,0,.666,1087
102,2010,245,800,13.81,0,.383,366.7
102,2010,245,900,13.81,117.5,.167,395.1
102,2010,245,1000,13.81,1522.1,0,264.8
102,2010,245,1100,13.8,1422.2,0,206.7
102,2010,245,1200,13.79,979.86,0,197.5
102,2010,245,1300,13.77,2725.7,0,173.9
102,2010,245,1400,13.75,3108.3,0,158.2
102,2010,245,1500,13.74,2705.7,0,154.9
102,2010,245,1600,13.72,3261.6,0,149.7
102,2010,245,1700,13.72,170.91,.267,434.1
102,2010,245,1800,13.74,0,.5,-6999
102,2010,245,1900,13.75,0,.267,-6999
102,2010,245,2000,13.75,0,0,193.5
102,2010,245,2100,13.77,0,0,253.4
102,2010,245,2200,13.77,0,0,297
102,2010,245,2300,13.78,0,0,242.7
101,2010,245,2400,13.72,16014,6.014
102,2010,245,2400,13.79,0,0,261.2
102,2010,246,100,13.79,0,0,219.3
102,2010,246,200,13.79,0,0,183.6
102,2010,246,300,13.8,0,0,228.8
102,2010,246,400,13.8,0,0,210.2
102,2010,246,500,13.8,0,0,224.3
102,2010,246,600,13.8,0,0,315.9
102,2010,246,700,13.8,0,.133,511.6
102,2010,246,800,13.81,24.697,0,213.3
102,2010,246,900,13.81,392.82,0,167.3
102,2010,246,1000,13.8,1120.5,0,170.2
102,2010,246,1100,13.78,2071.7,0,170.8
102,2010,246,1200,13.77,2760.1,0,155.3
102,2010,246,1300,13.75,3023.1,0,148.7
102,2010,246,1400,13.73,2522.1,0,144
102,2010,246,1500,13.72,2623,0,142.9
102,2010,246,1600,13.71,1621,0,148
102,2010,246,1700,13.7,2036.2,0,141.1
102,2010,246,1800,13.69,795.04,0,160.6
102,2010,246,1900,13.53,156.54,.017,194.5
102,2010,246,2000,13.1,0,.017,182.8
102,2010,246,2100,13.02,0,.05,136.2
102,2010,246,2200,13.75,0,.267,34.67
102,2010,246,2300,13.76,0,.3,-16.81
101,2010,246,2400,13.02,19147,.85
102,2010,246,2400,13.76,0,.067,88.6
102,2010,247,100,12.84,0,0,103.6
102,2010,247,200,12.81,0,0,172.8
102,2010,247,300,12.8,0,0,180.2
102,2010,247,400,12.79,0,0,169.9
102,2010,247,500,12.79,0,0,159.8
102,2010,247,600,12.78,0,0,173.1
102,2010,247,700,12.77,0,0,181.3
102,2010,247,800,12.79,40.313,0,159.5
102,2010,247,900,13.73,849.99,0,142.5
102,2010,247,1000,13.79,1865.2,0,164.1
102,2010,247,1100,13.77,2554.1,0,158.5
102,2010,247,1200,13.27,2412,0,146.7
102,2010,247,1300,13.74,3049.4,0,143.3
102,2010,247,1400,13.59,3428.2,0,138.6
102,2010,247,1500,13.49,3554.2,0,139.6
102,2010,247,1600,13.68,2910.3,0,142.4
102,2010,247,1700,13.68,2208,0,144.7
102,2010,247,1800,13.68,722.57,0,152.4
102,2010,247,1900,13.68,93.183,0,174.8
102,2010,247,2000,13.68,15.874,.033,-6999
102,2010,247,2100,13.7,4.1767,.35,-6999
102,2010,247,2200,13.74,0,.716,-6999
102,2010,247,2300,13.75,0,.516,543.7
101,2010,247,2400,12.77,23708,2.116
102,2010,247,2400,13.75,0,.5,484.3
102,2010,248,100,13.77,0,.333,812
102,2010,248,200,13.78,0,.5,602.4
102,2010,248,300,13.79,0,.516,531.2
102,2010,248,400,13.79,0,.45,950
102,2010,248,500,13.79,0,.766,1114
102,2010,248,600,13.8,0,.583,1225
102,2010,248,700,13.81,0,.566,1122
102,2010,248,800,13.81,0,.583,1045
102,2010,248,900,13.64,0,.317,458.4
102,2010,248,1000,12.67,0,0,332.2
102,2010,248,1100,13.43,0,0,212
102,2010,248,1200,13.32,0,0,168.5
102,2010,248,1300,13.14,0,0,146.8
102,2010,248,1400,13.28,49.822,0,153.9
102,2010,248,1500,13.27,0,0,148.3
102,2010,248,1600,12.42,0,0,146.7
102,2010,248,1700,13.57,25.482,0,148.1
102,2010,248,1800,13.55,0,0,152
102,2010,248,1900,13.38,0,0,184.4
102,2010,248,2000,13.12,0,0,272.8
102,2010,248,2100,13.01,0,.017,363.6
102,2010,248,2200,12.95,0,.417,504.3
102,2010,248,2300,12.89,0,.417,440.9
101,2010,248,2400,12.42,75.304,5.798
102,2010,248,2400,12.85,0,.333,401.8
102,2010,249,100,12.82,0,.017,307.5
102,2010,249,200,12.8,0,0,198
102,2010,249,300,12.79,0,0,155.7
102,2010,249,400,12.77,0,0,149
102,2010,249,500,12.76,0,0,134.8
102,2010,249,600,12.76,0,0,121.6
102,2010,249,700,12.76,0,0,124.8
102,2010,249,800,12.76,0,0,102.2
102,2010,249,900,13.66,0,0,147.3
102,2010,249,1000,13.76,0,0,142.2
102,2010,249,1100,13.77,0,0,152.8
102,2010,249,1200,13.76,0,0,152.1
102,2010,249,1300,13.74,0,0,150
102,2010,249,1400,13.74,0,0,158.4
102,2010,249,1500,13.72,0,0,128
102,2010,249,1600,13.47,0,0,181.3
102,2010,249,1700,13.72,0,0,141.7
102,2010,249,1800,12.84,0,0,164.3
102,2010,249,1900,12.81,0,0,165.7
102,2010,249,2000,13.42,0,0,133.2
102,2010,249,2100,13.06,196.87,.383,-6999
102,2010,249,2200,13,0,.2,602.6
102,2010,249,2300,13.77,0,.083,542.5
101,2010,249,2400,12.76,196.87,.683
102,2010,249,2400,13.84,0,0,275.6
102,2010,250,100,13.84,0,0,261.5
102,2010,250,200,13.84,0,0,291.8
102,2010,250,300,13.85,0,0,217
102,2010,250,400,13.86,0,0,236.5
102,2010,250,500,13.86,0,.283,420.9
102,2010,250,600,13.87,0,0,242
102,2010,250,700,13.46,0,0,240.1
102,2010,250,800,13.41,0,0,256.9
102,2010,250,900,13.63,0,0,195.1
102,2010,250,1000,12.49,0,0,145.5
102,2010,250,1100,13.56,0,0,167.2
102,2010,250,1200,13.49,0,0,161
102,2010,250,1300,12.7,0,0,147.2
102,2010,250,1400,13.46,0,0,137.9
102,2010,250,1500,13.41,0,0,134.7
102,2010,250,1600,13.34,0,0,133.1
102,2010,250,1700,13.14,0,0,134.2
102,2010,250,1800,12.55,0,0,140.6
102,2010,250,1900,12.53,0,0,191.1
102,2010,250,2000,13.08,0,0,189.3
102,2010,250,2100,12.98,0,.25,509.5
102,2010,250,2200,12.91,24.602,.05,263.2
102,2010,250,2300,12.85,0,0,468.7
101,2010,250,2400,12.49,24.602,1.133
102,2010,250,2400,12.81,0,.55,631.7
102,2010,251,100,12.79,0,.117,471.8
102,2010,251,200,12.76,0,.167,458.4
102,2010,251,300,12.75,0,1,873
102,2010,251,400,12.75,0,.367,630.2
102,2010,251,500,12.75,0,0,290.7
102,2010,251,600,12.75,0,0,178.4
102,2010,251,700,12.74,0,0,309.6
102,2010,251,800,12.53,0,0,379
102,2010,251,900,13.78,13.891,0,127.6
102,2010,251,1000,13.84,72.108,0,145.7
102,2010,251,1100,13.82,167.5,0,153.5
102,2010,251,1200,13.8,0,0,142.6
102,2010,251,1300,13.78,0,0,127.6
102,2010,251,1400,13.77,0,0,126.7
102,2010,251,1500,13.75,0,0,134.1
102,2010,251,1600,13.74,0,0,137
102,2010,251,1700,13.74,0,0,140.7
102,2010,251,1800,12.74,0,0,152.1
102,2010,251,1900,13.44,14.867,0,179.1
102,2010,251,2000,13.23,0,0,185.2
102,2010,251,2100,13.77,0,0,154.7
102,2010,251,2200,13.78,0,0,148.9
102,2010,251,2300,12.91,0,0,117.1
101,2010,251,2400,12.53,268.36,1.649
102,2010,251,2400,12.86,0,0,118.9
102,2010,252,100,12.83,0,0,111.5
102,2010,252,200,12.81,0,0,68.94
102,2010,252,300,12.79,0,0,311.8
102,2010,252,400,12.79,0,0,267.2
102,2010,252,500,12.78,0,0,368.6
102,2010,252,600,12.78,0,0,206.3
102,2010,252,700,12.78,0,0,169.8
102,2010,252,800,12.78,0,0,154
102,2010,252,900,13.69,0,0,157.8
102,2010,252,1000,13.84,0,0,144.5
102,2010,252,1100,13.82,0,0,147.2
102,2010,252,1200,13.8,0,0,150.8
102,2010,252,1300,13.79,0,0,142.5
102,2010,252,1400,13.77,0,0,128.7
102,2010,252,1500,13.75,0,0,128.7
102,2010,252,1600,13.73,0,0,128
102,2010,252,1700,13.28,0,0,129.7
102,2010,252,1800,13.31,0,0,132.9
102,2010,252,1900,13.58,0,0,151.1
102,2010,252,2000,13.16,59.336,0,171.2
102,2010,252,2100,13.05,174.17,.067,-6999
102,2010,252,2200,12.97,0,.85,-6999
102,2010,252,2300,12.91,0,.783,457.6
101,2010,252,2400,12.78,233.51,2.649
102,2010,252,2400,12.87,0,.95,415.2
102,2010,253,100,12.83,0,.95,-6999
102,2010,253,200,12.81,0,.233,250.4
102,2010,253,300,12.79,0,1,107.6
102,2010,253,400,12.79,0,1,431.2
102,2010,253,500,12.79,0,1,561.2
102,2010,253,600,12.79,0,1,733
102,2010,253,700,12.78,0,1,740
102,2010,253,800,12.78,41.127,.816,710
102,2010,253,900,13.65,1.5615,.35,536.1
102,2010,253,1000,12.32,0,.033,355.6
102,2010,253,1100,12.58,26.278,.033,337.1
102,2010,253,1200,12.69,62.194,.133,242.2
102,2010,253,1300,12.51,150.87,0,146.9
102,2010,253,1400,13.65,203.01,0,156.8
102,2010,253,1500,13.45,855.73,0,195.3
102,2010,253,1600,13.41,1627.5,0,185.6
102,2010,253,1700,12.45,1223.9,0,182
102,2010,253,1800,13.59,256.24,0,191.8
102,2010,253,1900,13.29,3.353,0,350.5
102,2010,253,2000,13.13,0,.417,-6999
102,2010,253,2100,13.02,0,.95,555.9
102,2010,253,2200,12.95,0,1,598.8
102,2010,253,2300,12.9,0,1,673.8
101,2010,253,2400,12.32,4451.7,11.91
102,2010,253,2400,12.86,0,1,671.8
102,2010,254,100,12.83,0,1,639
102,2010,254,200,12.81,0,1,609.1
102,2010,254,300,12.8,0,1,604.5
102,2010,254,400,12.79,0,1,569.5
102,2010,254,500,12.79,0,1,537
102,2010,254,600,12.79,0,.916,511.4
102,2010,254,700,12.79,0,.183,540
102,2010,254,800,12.8,0,.283,489.6
102,2010,254,900,13.26,0,.017,360.9
102,2010,254,1000,12.89,0,0,276
102,2010,254,1100,13.36,29.152,0,196.5
102,2010,254,1200,13.33,1175.3,0,181.8
102,2010,254,1300,12.59,2225,0,162
102,2010,254,1400,13.34,2026.8,0,152.5
102,2010,254,1500,13.35,2174.7,0,143.2
102,2010,254,1600,12.6,798.99,0,148.3
102,2010,254,1700,13.57,1140.1,0,146.3
102,2010,254,1800,13.57,157.42,0,158.3
102,2010,254,1900,13.25,9.7806,0,213.8
102,2010,254,2000,13.12,0,.3,370.9
102,2010,254,2100,13.02,0,.65,789
102,2010,254,2200,12.94,0,.616,221.7
102,2010,254,2300,12.89,0,.833,690.7
101,2010,254,2400,12.59,9737.2,9.8
102,2010,254,2400,12.85,0,1,1422
102,2010,255,100,12.82,0,1,1597
102,2010,255,200,12.79,0,1,787
102,2010,255,300,12.78,0,1,1442
102,2010,255,400,12.77,0,1,1504
102,2010,255,500,12.77,0,1,954
102,2010,255,600,12.77,0,1,958
102,2010,255,700,12.77,0,1,918
102,2010,255,800,12.78,0,1,858
102,2010,255,900,13.11,19.782,.9,670
102,2010,255,1000,12.72,554.44,.1,347
102,2010,255,1100,13.37,822.1,0,284.6
102,2010,255,1200,13.3,646.15,0,277.7
102,2010,255,1300,13.17,588.17,0,208.3
102,2010,255,1400,13.39,344.85,0,190.6
102,2010,255,1500,13.39,119.46,0,202.5
102,2010,255,1600,13.02,23.951,0,182.2
102,2010,255,1700,13.58,108.32,0,178.2
102,2010,255,1800,13.6,217.19,0,181.4
102,2010,255,1900,13.6,10.845,0,210.6
102,2010,255,2000,13.7,0,0,324.9
102,2010,255,2100,13.72,0,.367,472.1
102,2010,255,2200,13.73,0,1,701
102,2010,255,2300,12.92,0,1,766
101,2010,255,2400,12.72,3455.3,12.36
102,2010,255,2400,12.87,0,1,856
102,2010,256,100,12.83,0,1,883
102,2010,256,200,12.81,0,.95,884
102,2010,256,300,12.79,26.068,.4,432.9
102,2010,256,400,12.77,0,1,705
102,2010,256,500,12.77,0,1,893
102,2010,256,600,12.76,0,1,899
102,2010,256,700,12.76,0,1,913
102,2010,256,800,12.5,0,.966,1127
102,2010,256,900,12.55,0,0,889
102,2010,256,1000,13.81,24.381,0,226.5
102,2010,256,1100,13.8,0,0,246.2
102,2010,256,1200,13.79,0,0,215.9
102,2010,256,1300,13.41,17.724,0,184.9
102,2010,256,1400,13.76,27.975,0,186.6
102,2010,256,1500,13.75,42.909,0,167.7
102,2010,256,1600,13.75,101.73,0,205.3
102,2010,256,1700,13.75,242.47,0,191.7
102,2010,256,1800,13.42,39.601,0,185.5
102,2010,256,1900,13.74,11.85,0,259.2
102,2010,256,2000,13.75,2.893,0,375.4
102,2010,256,2100,13.08,0,.733,614.8
102,2010,256,2200,13.03,0,1,753
102,2010,256,2300,12.95,0,1,762
101,2010,256,2400,12.5,537.6,11.05
102,2010,256,2400,13.21,0,1,713
102,2010,257,100,13.16,0,1,865
102,2010,257,200,13.39,0,1,827
102,2010,257,300,13.26,0,1,801
102,2010,257,400,13.35,0,.916,809
102,2010,257,500,13.24,0,.833,846
102,2010,257,600,13.18,0,.933,973
102,2010,257,700,13.13,0,1,1177
102,2010,257,800,13.09,0,.716,824
102,2010,257,900,13.79,0,.85,611
102,2010,257,1000,13.82,0,.15,375.7
102,2010,257,1100,13.8,0,0,229.7
102,2010,257,1200,13.78,0,0,197
102,2010,257,1300,13.77,0,0,182.6
102,2010,257,1400,13.74,0,0,157.6
102,2010,257,1500,13.74,0,0,171.4
102,2010,257,1600,12.35,0,.133,337.8
102,2010,257,1700,13.19,0,.017,263.6
102,2010,257,1800,12.63,0,.367,420.3
102,2010,257,1900,12.69,0,.583,527.2
102,2010,257,2000,12.88,0,.733,479.5
102,2010,257,2100,12.84,0,.566,474.6
102,2010,257,2200,12.82,0,1,693.1
102,2010,257,2300,12.81,0,1,818
101,2010,257,2400,12.35,0,13.76
102,2010,257,2400,12.8,0,.966,859
102,2010,258,100,12.79,0,.783,482.4
102,2010,258,200,12.78,0,.233,87.4
102,2010,258,300,12.77,0,.45,96.1
102,2010,258,400,12.77,0,.383,129.3
102,2010,258,500,12.77,0,.35,364.5
102,2010,258,600,12.77,0,.533,584.1
102,2010,258,700,12.77,0,.483,469.5
102,2010,258,800,12.76,0,.333,358.4
102,2010,258,900,13.39,0,0,223.8
102,2010,258,1000,12.75,0,0,251.7
102,2010,258,1100,13.39,0,0,233.1
102,2010,258,1200,13.28,0,0,196.2
102,2010,258,1300,12.52,0,0,171.3
102,2010,258,1400,13.29,0,0,161.1
102,2010,258,1500,13.69,0,0,159.1
102,2010,258,1600,13.72,0,0,152.4
102,2010,258,1700,13.72,0,0,155.1
102,2010,258,1800,13.72,0,0,164.2
102,2010,258,1900,13.72,0,0,197.8
102,2010,258,2000,13.72,0,0,319
102,2010,258,2100,13.08,0,.5,522.7
102,2010,258,2200,12.99,0,1,687.2
102,2010,258,2300,13.77,0,1,733
101,2010,258,2400,12.52,0,6.914
102,2010,258,2400,12.86,0,.866,-6999
102,2010,259,100,13.25,0,.6,-6999
102,2010,259,200,13.15,0,.35,509.8
102,2010,259,300,13.09,0,.75,959
102,2010,259,400,13.07,0,.966,1135
102,2010,259,500,13.04,0,.85,1384
102,2010,259,600,13.02,0,.083,82.2
102,2010,259,700,13,0,.033,105.9
102,2010,259,800,13,0,0,108.6
102,2010,259,900,12.6,0,.017,135.5
102,2010,259,1000,13.8,0,0,163.9
102,2010,259,1100,13.81,0,0,182.9
102,2010,259,1200,13.8,16.038,0,170.8
102,2010,259,1300,13.78,11.698,0,155.9
102,2010,259,1400,13.77,0,0,149
102,2010,259,1500,13.75,0,0,143.5
102,2010,259,1600,13.74,0,0,148.1
102,2010,259,1700,13.74,0,0,148.2
102,2010,259,1800,13.73,0,0,149.5
102,2010,259,1900,13.25,12.75,0,194
102,2010,259,2000,13.11,0,0,401.1
102,2010,259,2100,13.75,0,.883,558.7
102,2010,259,2200,13.77,0,1,692.2
102,2010,259,2300,12.89,0,.783,-6999
101,2010,259,2400,12.6,40.486,6.964
102,2010,259,2400,12.86,0,.65,866
102,2010,260,100,12.84,0,.15,775
102,2010,260,200,12.83,0,0,277.8
102,2010,260,300,12.83,0,0,99.3
102,2010,260,400,12.82,0,0,93.2
102,2010,260,500,12.81,0,0,109.4
102,2010,260,600,12.81,0,0,124.3
102,2010,260,700,12.81,0,0,82.2
102,2010,260,800,12.81,0,0,78.3
102,2010,260,900,13.84,0,0,177.8
102,2010,260,1000,13.84,15.098,0,184.4
102,2010,260,1100,13.82,0,0,164.1
102,2010,260,1200,13.8,0,0,151.8
102,2010,260,1300,13.78,0,0,142.6
102,2010,260,1400,13.76,0,0,143.9
102,2010,260,1500,13.34,0,0,145.6
102,2010,260,1600,12.91,0,0,141
102,2010,260,1700,13.18,0,0,142.5
102,2010,260,1800,13.33,0,0,150.6
102,2010,260,1900,12.56,0,0,164.7
102,2010,260,2000,12.75,0,0,215.5
102,2010,260,2100,13.74,0,0,303.9
102,2010,260,2200,13.41,0,0,332.6
102,2010,260,2300,13.23,0,0,316.5
101,2010,260,2400,12.56,15.098,.283
102,2010,260,2400,13.14,0,.133,422.6
102,2010,261,100,13.07,0,.983,749
102,2010,261,200,13.04,0,1,1004
102,2010,261,300,13.02,0,1,988
102,2010,261,400,13.01,0,1,782
102,2010,261,500,13,0,1,799
102,2010,261,600,13,0,1,837
102,2010,261,700,12.99,0,1,779
102,2010,261,800,13,0,1,554.3
102,2010,261,900,13,0,.283,386.8
102,2010,261,1000,13.25,0,0,188.9
102,2010,261,1100,13.25,0,0,170.4
102,2010,261,1200,13.24,0,0,157
102,2010,261,1300,13.25,0,0,154.7
102,2010,261,1400,13.45,0,0,147.4
102,2010,261,1500,13.27,0,0,148.9
102,2010,261,1600,13.31,0,0,148.7
102,2010,261,1700,13.16,0,0,152.1
102,2010,261,1800,13.7,0,0,152.4
102,2010,261,1900,12.89,0,0,185.9
102,2010,261,2000,12.95,0,0,300.7
102,2010,261,2100,12.89,0,.083,-6999
102,2010,261,2200,13.24,0,.117,-6999
102,2010,261,2300,12.85,0,.033,9.35
101,2010,261,2400,12.85,0,8.51
102,2010,261,2400,12.85,0,.017,208.2
102,2010,262,100,12.84,0,.183,460.4
102,2010,262,200,12.84,0,.483,791
102,2010,262,300,12.83,0,.65,883
102,2010,262,400,12.83,0,.733,889
102,2010,262,500,12.82,0,.566,794
102,2010,262,600,12.82,0,.167,578.7
102,2010,262,700,12.81,0,.933,1294
102,2010,262,800,12.82,0,.4,2099
102,2010,262,900,12.75,0,0,523
102,2010,262,1000,12.9,42.066,0,199.5
102,2010,262,1100,13.07,76.68,0,191
102,2010,262,1200,13.36,0,0,170.2
102,2010,262,1300,13.75,20.876,0,165.7
102,2010,262,1400,13.75,59.349,0,153
102,2010,262,1500,13.73,0,0,145.5
102,2010,262,1600,13.72,0,0,143.8
102,2010,262,1700,13.72,0,0,144.9
102,2010,262,1800,13.71,0,0,150.2
102,2010,262,1900,13.72,0,0,166.8
102,2010,262,2000,13.15,0,0,195.3
102,2010,262,2100,13.74,0,0,195.4
102,2010,262,2200,13.75,0,0,226.9
102,2010,262,2300,12.89,0,0,189.3
101,2010,262,2400,12.75,198.97,4.115
102,2010,262,2400,12.86,0,0,213.7
102,2010,263,100,12.84,0,0,251.2
102,2010,263,200,12.82,0,0,172.9
102,2010,263,300,12.81,0,0,215.6
102,2010,263,400,12.8,0,0,94.7
102,2010,263,500,12.79,0,0,73.8
102,2010,263,600,12.78,0,0,43.68
102,2010,263,700,12.78,0,0,105.7
102,2010,263,800,12.79,0,0,104.7
102,2010,263,900,13.68,0,0,163.3
102,2010,263,1000,13.81,0,0,161.7
102,2010,263,1100,13.62,108.62,0,165.5
102,2010,263,1200,13.58,300.68,0,149.6
102,2010,263,1300,13.6,28.349,0,143
102,2010,263,1400,13.46,0,0,149
102,2010,263,1500,13.35,.71846,0,131.9
102,2010,263,1600,13.75,0,0,142.3
102,2010,263,1700,13.74,0,0,136.8
102,2010,263,1800,13.59,0,0,142.5
102,2010,263,1900,13.27,0,0,154.5
102,2010,263,2000,13.2,0,.117,125.1
102,2010,263,2100,13.77,0,.433,73
102,2010,263,2200,13.77,0,.367,126.4
102,2010,263,2300,13.77,0,.433,124.1
101,2010,263,2400,12.78,438.37,1.616
102,2010,263,2400,13.77,0,.267,138.2
102,2010,264,100,13.78,0,.017,139
102,2010,264,200,13.78,0,0,118.5
102,2010,264,300,13.79,0,0,145.8
102,2010,264,400,13.79,0,.083,126.4
102,2010,264,500,13.8,0,.466,82
102,2010,264,600,13.81,0,.367,79.4
102,2010,264,700,13.81,0,.333,106.5
102,2010,264,800,13.8,0,.45,85.2
102,2010,264,900,12.71,0,.017,159.9
102,2010,264,1000,12.78,60.384,0,163.1
102,2010,264,1100,13.49,27.505,0,165.6
102,2010,264,1200,13.47,31.002,0,143.4
102,2010,264,1300,13.77,0,0,143
102,2010,264,1400,13.75,0,0,133.6
102,2010,264,1500,13.39,0,0,128.7
102,2010,264,1600,13.01,0,0,129.8
102,2010,264,1700,13.33,0,0,142.8
102,2010,264,1800,13.58,60.179,0,-22.22
102,2010,264,1900,13.27,0,0,161.4
102,2010,264,2000,13.12,0,0,139
102,2010,264,2100,13.02,0,0,114.6
102,2010,264,2200,12.95,0,0,89.8
102,2010,264,2300,12.89,0,0,83.4
101,2010,264,2400,12.71,179.07,1.733
102,2010,264,2400,12.85,0,0,66.76
102,2010,265,100,12.83,0,.067,24.12
102,2010,265,200,12.81,0,.233,21.13
102,2010,265,300,12.79,0,.217,50.76
102,2010,265,400,12.78,0,.317,75.5
102,2010,265,500,12.77,0,.217,65.46
102,2010,265,600,12.77,0,.4,57.82
102,2010,265,700,12.77,0,.367,58.04
102,2010,265,800,12.53,0,.283,22.74
102,2010,265,900,12.54,0,.05,75.1
102,2010,265,1000,13.78,0,0,137.7
102,2010,265,1100,13.79,0,0,138.6
102,2010,265,1200,13.77,0,0,128.7
102,2010,265,1300,13.75,0,0,125.2
102,2010,265,1400,13.74,0,0,118.7
102,2010,265,1500,13.73,0,0,113.3
102,2010,265,1600,12.93,0,0,119.5
102,2010,265,1700,13.71,0,0,124.7
102,2010,265,1800,13.71,0,0,133.2
102,2010,265,1900,13.59,0,0,150.5
102,2010,265,2000,13.72,0,0,181.2
102,2010,265,2100,13.73,0,0,181.1
102,2010,265,2200,13.74,0,0,167.3
102,2010,265,2300,13.75,0,0,158.8
101,2010,265,2400,12.53,0,2.282
102,2010,265,2400,13.77,0,.133,149.7
102,2010,266,100,13.77,0,.466,193
102,2010,266,200,13.78,0,.433,435.6
102,2010,266,300,13.79,0,.45,726
102,2010,266,400,13.79,0,.483,815
102,2010,266,500,13.8,0,.6,884
102,2010,266,600,13.8,0,.583,967
102,2010,266,700,13.81,0,.716,-6999
102,2010,266,800,13.82,0,.833,-6999
102,2010,266,900,13.82,0,.367,-6999
102,2010,266,1000,13.81,0,0,246.9
102,2010,266,1100,13.79,0,0,204.5
102,2010,266,1200,13.77,0,0,175.7
102,2010,266,1300,13.75,0,0,145.8
102,2010,266,1400,13.74,0,0,138.9
102,2010,266,1500,13.72,0,0,136.5
102,2010,266,1600,13.72,0,0,135.7
102,2010,266,1700,13.7,0,0,140.2
102,2010,266,1800,13.7,0,0,143.7
102,2010,266,1900,13.7,0,0,170
102,2010,266,2000,13.72,0,0,239.9
102,2010,266,2100,13.74,0,0,334.8
102,2010,266,2200,13.75,0,0,418.9
102,2010,266,2300,13.76,0,0,396.4
101,2010,266,2400,13.7,0,4.931
102,2010,266,2400,13.76,0,0,351.7
102,2010,267,100,13.77,0,.783,588.5
102,2010,267,200,13.77,0,.4,449.9
102,2010,267,300,13.77,0,.55,380.8
102,2010,267,400,13.78,0,.4,509.2
102,2010,267,500,13.78,0,.9,587.6
102,2010,267,600,13.78,0,1,611.6
102,2010,267,700,13.79,0,.766,548.1
102,2010,267,800,13.8,0,.383,474.7
102,2010,267,900,13.8,0,.55,503.9
102,2010,267,1000,13.81,0,.133,368.3
102,2010,267,1100,13.79,0,0,241
102,2010,267,1200,13.77,0,0,196.8
102,2010,267,1300,13.75,0,0,166.3
102,2010,267,1400,13.74,0,0,139.4
102,2010,267,1500,13.73,0,0,144.1
102,2010,267,1600,13.72,0,0,143.2
102,2010,267,1700,13.72,0,0,154.5
102,2010,267,1800,13.72,0,0,180.1
102,2010,267,1900,13.72,0,0,237.3
102,2010,267,2000,13.72,0,.433,458.8
102,2010,267,2100,13.74,0,.983,546.5
102,2010,267,2200,13.75,0,1,568.9
102,2010,267,2300,13.75,0,.95,560.2
101,2010,267,2400,13.72,0,10.21
102,2010,267,2400,13.75,0,.983,620.4
102,2010,268,100,13.78,0,1,703
102,2010,268,200,13.79,0,.95,712
102,2010,268,300,13.79,0,.533,663.8
102,2010,268,400,13.79,0,.566,624.5
102,2010,268,500,13.79,0,.75,645.1
102,2010,268,600,13.79,0,.633,656.5
102,2010,268,700,13.8,0,.666,743
102,2010,268,800,13.81,0,.566,576.6
102,2010,268,900,13.8,0,.933,754
102,2010,268,1000,13.8,0,.583,564.2
102,2010,268,1100,13.79,0,0,267.3
102,2010,268,1200,13.77,0,0,200.5
102,2010,268,1300,13.77,0,.083,284.9
102,2010,268,1400,13.77,0,.616,562.2
102,2010,268,1500,13.77,16.325,.367,123.1
102,2010,268,1600,13.77,0,0,131.4
102,2010,268,1700,13.77,0,0,166.2
102,2010,268,1800,13.77,0,0,155.1
102,2010,268,1900,13.77,0,0,127.2
102,2010,268,2000,13.77,0,0,119.2
102,2010,268,2100,13.79,0,0,107.6
102,2010,268,2200,13.79,0,0,123.9
102,2010,268,2300,13.8,0,0,119.8
101,2010,268,2400,13.77,16.325,8.25
102,2010,268,2400,13.8,0,0,-10.25
102,2010,269,100,13.8,0,.017,80.3
102,2010,269,200,13.82,0,.267,153.1
102,2010,269,300,13.82,0,.367,446.7
102,2010,269,400,13.83,0,.583,471.7
102,2010,269,500,13.84,0,.55,478.6
102,2010,269,600,13.84,0,.6,519
102,2010,269,700,13.84,0,.433,227.6
102,2010,269,800,13.85,0,.333,161
102,2010,269,900,13.84,0,.45,466.6
102,2010,269,1000,13.82,0,0,323.3
102,2010,269,1100,13.8,0,0,187.9
102,2010,269,1200,13.78,0,0,150.1
102,2010,269,1300,13.76,0,0,141.1
102,2010,269,1400,13.74,0,0,135.7
102,2010,269,1500,13.72,0,0,126.7
102,2010,269,1600,13.71,0,0,127.2
102,2010,269,1700,13.7,0,0,131.3
102,2010,269,1800,13.57,0,0,143.2
102,2010,269,1900,13.72,0,0,165.6
102,2010,269,2000,13.41,0,0,206.7
102,2010,269,2100,13.27,0,0,256
102,2010,269,2200,13.2,0,0,318.1
102,2010,269,2300,13.11,0,0,354.1
101,2010,269,2400,13.06,0,4.032
102,2010,269,2400,13.06,0,.433,476.6
102,2010,270,100,13.03,0,.566,503.9
102,2010,270,200,13.01,0,.433,478.4
102,2010,270,300,13,0,.033,326.7
102,2010,270,400,12.99,0,.117,331.6
102,2010,270,500,12.98,0,.017,316.6
102,2010,270,600,12.98,0,.05,315.6
102,2010,270,700,12.98,0,.167,373.8
102,2010,270,800,12.56,0,0,310.9
102,2010,270,900,12.66,0,0,323.2
102,2010,270,1000,13.08,0,0,252.2
102,2010,270,1100,13.03,0,0,178.2
102,2010,270,1200,13.01,0,0,142.6
102,2010,270,1300,13.01,0,0,132.2
102,2010,270,1400,13.68,0,0,126.4
102,2010,270,1500,13.35,0,0,125.9
102,2010,270,1600,12.47,0,0,125.7
102,2010,270,1700,13.26,0,0,130
102,2010,270,1800,13.57,0,0,136.6
102,2010,270,1900,13.24,0,0,150.2
102,2010,270,2000,13.1,0,0,176.6
102,2010,270,2100,13.01,0,0,173.4
102,2010,270,2200,12.93,0,0,167.9
102,2010,270,2300,12.88,0,.333,468.1
101,2010,270,2400,12.47,0,1.783
102,2010,270,2400,12.85,0,.067,239.3
102,2010,271,100,12.83,0,0,101.7
102,2010,271,200,12.82,0,0,90.1
102,2010,271,300,12.81,0,0,111.5
102,2010,271,400,12.81,0,.217,110.7
102,2010,271,500,12.8,0,.15,97.7
102,2010,271,600,12.8,0,.2,134.9
102,2010,271,700,12.8,0,.233,101.1
102,2010,271,800,12.81,0,0,151.5
102,2010,271,900,13.62,0,0,321.4
102,2010,271,1000,13.62,0,0,156.8
102,2010,271,1100,13.48,0,0,130.4
102,2010,271,1200,13.59,0,0,132.2
102,2010,271,1300,12.58,0,0,121.8
102,2010,271,1400,13.37,0,0,122.4
102,2010,271,1500,13.33,0,0,121.3
102,2010,271,1600,12.94,0,0,121.8
102,2010,271,1700,13.64,0,0,128.2
102,2010,271,1800,13.64,0,0,130.2
102,2010,271,1900,13.65,0,0,138.7
102,2010,271,2000,13.66,0,0,32.62
102,2010,271,2100,13.68,0,.65,737
102,2010,271,2200,13.72,0,.933,782
102,2010,271,2300,13.75,0,.217,428.4
101,2010,271,2400,12.58,0,3.365
102,2010,271,2400,13.75,0,.766,561.6
102,2010,272,100,13.76,0,1,647.1
102,2010,272,200,13.76,0,1,768
102,2010,272,300,13.77,0,1,787
102,2010,272,400,13.78,0,1,796
102,2010,272,500,13.79,0,1,847
102,2010,272,600,13.79,0,1,784
102,2010,272,700,13.79,0,.9,762
102,2010,272,800,13.79,0,.533,447.4
102,2010,272,900,13.79,0,.133,345.4
102,2010,272,1000,13.77,0,0,179.7
102,2010,272,1100,13.49,0,0,149.9
102,2010,272,1200,13.57,153.16,0,143.6
102,2010,272,1300,13.04,25.529,0,135.5
102,2010,272,1400,13.54,7.156,0,130.6
102,2010,272,1500,13.33,0,0,130.2
102,2010,272,1600,12.43,0,0,166.6
102,2010,272,1700,13.37,0,0,138.7
102,2010,272,1800,13.58,0,0,112.3
102,2010,272,1900,13.61,0,.017,207.8
102,2010,272,2000,13.16,0,.666,-6999
102,2010,272,2100,13.74,0,.733,-6999
102,2010,272,2200,13.75,0,.983,-6999
102,2010,272,2300,13.77,0,.983,848
101,2010,272,2400,12.43,185.84,11.88
102,2010,272,2400,13.77,0,.933,675.8
102,2010,273,100,13.76,0,.983,625.9
102,2010,273,200,13.76,0,.883,583.5
102,2010,273,300,13.76,0,.733,482.7
102,2010,273,400,13.78,0,.6,437.7
102,2010,273,500,13.79,0,.55,418.8
102,2010,273,600,13.8,0,.533,384.2
102,2010,273,700,13.8,0,.5,325.8
102,2010,273,800,13.8,0,.083,287
102,2010,273,900,13.05,0,0,257.3
102,2010,273,1000,13.66,0,0,251.6
102,2010,273,1100,13.77,0,0,175.6
102,2010,273,1200,13.63,0,0,153.9
102,2010,273,1300,12.64,0,0,142.2
102,2010,273,1400,13.34,0,0,137.2
102,2010,273,1500,13.42,0,0,134.5
102,2010,273,1600,12.88,0,0,135.5
102,2010,273,1700,13.21,0,0,139.7
102,2010,273,1800,13.04,0,0,150.8
102,2010,273,1900,13.27,0,0,178.5
102,2010,273,2000,13.13,0,0,271.4
102,2010,273,2100,13.03,0,.017,386.3
102,2010,273,2200,12.95,0,.816,565.3
102,2010,273,2300,12.89,0,1,639.9
101,2010,273,2400,12.64,0,7.7
102,2010,273,2400,12.85,0,1,697.5
102,2010,274,100,12.82,0,1,730
102,2010,274,200,12.8,0,1,896
102,2010,274,300,12.78,0,1,1022
102,2010,274,400,12.77,0,1,1017
102,2010,274,500,12.76,0,1,1012
102,2010,274,600,12.76,0,1,947
102,2010,274,700,12.75,0,1,921
102,2010,274,800,12.75,0,1,722
102,2010,274,900,13.27,0,.75,680.8
102,2010,274,1000,12.71,0,0,278.8
102,2010,274,1100,13.48,0,0,196.6
102,2010,274,1200,13.43,0,0,150
102,2010,274,1300,13.2,0,0,138.4
102,2010,274,1400,13.7,0,0,135.7
102,2010,274,1500,13.7,0,0,136.5
102,2010,274,1600,13.68,0,0,132.8
102,2010,274,1700,13.68,0,0,139.4
102,2010,274,1800,13.68,0,0,143.5
102,2010,274,1900,13.69,0,0,147.7
102,2010,274,2000,13.16,0,0,176.4
102,2010,274,2100,13.06,0,0,188.7
102,2010,274,2200,12.97,0,0,257.3
102,2010,274,2300,13.69,0,.566,536.4
101,2010,274,2400,12.71,0,10.31
102,2010,274,2400,13.75,0,1,663.6
102,2010,275,100,13.76,0,1,771
102,2010,275,200,12.8,0,1,908
102,2010,275,300,12.78,0,1,928
102,2010,275,400,12.78,0,1,991
102,2010,275,500,13.79,0,1,905
102,2010,275,600,13.8,0,1,746
102,2010,275,700,13.8,0,.983,787
102,2010,275,800,13.81,0,.95,729
102,2010,275,900,13.82,0,.916,830
102,2010,275,1000,13.8,0,0,259.5
102,2010,275,1100,13.77,0,0,177.2
102,2010,275,1200,13.75,0,0,150.9
102,2010,275,1300,13.72,0,0,135.3
102,2010,275,1400,13.71,0,0,131.2
102,2010,275,1500,13.69,0,.017,156.5
102,2010,275,1600,13.68,0,.05,-6999
102,2010,275,1700,13.66,0,0,169.2
102,2010,275,1800,1.841,0,.683,-6999
102,2010,275,1900,13.67,0,.616,192.9
102,2010,275,2000,13.68,0,0,5.863
102,2010,275,2100,13.7,0,0,5.676
102,2010,275,2200,13.71,0,0,5.56
102,2010,275,2300,13.73,0,0,5.511
101,2010,275,2400,1.841,0,10.21
102,2010,275,2400,13.74,0,0,5.467
102,2010,276,100,13.75,0,0,5.517
102,2010,276,200,13.75,0,0,5.545
102,2010,276,300,13.77,0,0,5.573
102,2010,276,400,13.77,0,0,5.567
102,2010,276,500,13.78,0,0,5.573
102,2010,276,600,13.8,0,0,5.584
102,2010,276,700,13.8,0,0,5.623
102,2010,276,800,13.8,0,.683,271.6
102,2010,276,900,13.79,0,1,622
102,2010,276,1000,13.76,0,1,759
102,2010,276,1100,13.74,0,1,801
102,2010,276,1200,13.55,0,1,803
102,2010,276,1300,12.69,0,1,687.8
102,2010,276,1400,13.55,0,.933,433.2
102,2010,276,1500,13.68,0,.9,467.9
102,2010,276,1600,13.66,0,.65,407.1
102,2010,276,1700,13.66,0,1,656.4
102,2010,276,1800,13.66,0,.85,416.1
102,2010,276,1900,13.66,0,.616,193.9
102,2010,276,2000,13.67,0,0,5.868
102,2010,276,2100,13.68,0,0,5.709
102,2010,276,2200,13.69,0,0,5.615
102,2010,276,2300,13.7,0,0,5.56
101,2010,276,2400,12.69,0,10.63
102,2010,276,2400,13.72,0,0,5.621
102,2010,277,100,13.72,0,0,5.516
102,2010,277,200,13.75,0,0,5.462
102,2010,277,300,13.76,0,0,5.386
102,2010,277,400,13.77,0,0,5.424
102,2010,277,500,13.77,0,0,5.386
102,2010,277,600,13.79,0,0,5.54
102,2010,277,700,13.8,0,0,5.567
102,2010,277,800,13.8,0,0,31.36
102,2010,277,900,13.79,0,.466,306.5
102,2010,277,1000,13.64,0,1,742
102,2010,277,1100,13.46,0,1,806
102,2010,277,1200,13.39,0,1,818
102,2010,277,1300,13.7,0,1,724
102,2010,277,1400,13.69,0,1,507.6
102,2010,277,1500,13.67,0,.833,472.9
102,2010,277,1600,13.66,0,.55,373.9
102,2010,277,1700,13.66,0,.966,617.1
102,2010,277,1800,13.65,0,1,546.7
102,2010,277,1900,13.66,0,.5,186
102,2010,277,2000,13.12,0,0,5.896
102,2010,277,2100,13.68,0,0,5.78
102,2010,277,2200,13.69,0,0,5.747
102,2010,277,2300,13.7,0,0,5.637
101,2010,277,2400,13.12,0,9.31
102,2010,277,2400,13.75,0,0,5.6
102,2010,278,100,13.75,0,0,5.595
102,2010,278,200,13.77,0,0,5.573
102,2010,278,300,12.78,0,0,5.446
102,2010,278,400,12.78,0,0,5.287
102,2010,278,500,12.78,0,0,5.286
102,2010,278,600,12.77,0,0,5.287
102,2010,278,700,12.77,0,0,5.287
102,2010,278,800,12.78,0,.683,234.4
102,2010,278,900,13.47,70.608,.933,583.5
102,2010,278,1000,12.48,11.746,1,726
102,2010,278,1100,13.44,2.3951,.267,176.8
102,2010,278,1200,13.4,0,.283,102.8
102,2010,278,1300,13.32,0,.3,111.1
102,2010,278,1400,13.36,0,1,481.3
102,2010,278,1500,13.29,0,.766,387.3
102,2010,278,1600,12.59,0,.983,700
102,2010,278,1700,13.43,0,1,669.8
102,2010,278,1800,13.53,0,1,471.2
102,2010,278,1900,13.53,0,.067,25.28
102,2010,278,2000,13.71,0,0,5.571
102,2010,278,2100,13.74,0,0,5.572
102,2010,278,2200,13.74,0,0,5.578
102,2010,278,2300,13.74,0,0,5.545
101,2010,278,2400,12.48,84.749,8.28
102,2010,278,2400,13.75,0,0,5.567
102,2010,279,100,13.76,0,0,5.578
102,2010,279,200,13.77,0,0,5.578
102,2010,279,300,13.77,0,0,5.584
102,2010,279,400,13.78,0,0,5.573
102,2010,279,500,13.77,0,0,5.573
102,2010,279,600,13.78,0,0,5.584
102,2010,279,700,13.78,0,0,5.573
102,2010,279,800,13.79,0,.067,37.26
102,2010,279,900,13.79,0,.333,138.9
102,2010,279,1000,13.77,0,.483,220
102,2010,279,1100,13.76,0,.683,401.1
102,2010,279,1200,13.75,0,1,770
102,2010,279,1300,13.73,0,0,5.946
102,2010,279,1400,13.72,0,.2,59.69
102,2010,279,1500,13.71,0,1,541.9
102,2010,279,1600,13.7,0,.8,477.2
102,2010,279,1800,13.67,0,0,5.746
102,2010,280,900,13.75,0,0,5.992
102,2010,280,1000,13.83,0,.117,40.92
102,2010,280,1100,13.84,0,0,5.947
102,2010,280,1200,13.81,0,.217,61.34
102,2010,280,1300,13.8,0,0,5.947
102,2010,280,1400,13.79,0,0,5.947
102,2010,280,1500,13.77,0,0,7.25
102,2010,280,1700,13.69,0,.033,93.4
102,2010,280,1800,13.74,0,.6,169.1
102,2010,280,1900,13.74,0,.283,74.7
102,2010,280,2000,13.74,0,0,5.611
102,2010,280,2100,13.75,0,0,5.567
102,2010,280,2200,13.75,0,0,5.55
102,2010,280,2300,13.76,0,0,5.578
101,2010,280,2400,13.69,0,.916
102,2010,280,2400,13.77,0,0,5.49
102,2010,281,100,13.77,0,0,5.485
102,2010,281,200,13.77,0,0,5.518
102,2010,281,300,13.78,0,0,5.485
102,2010,281,400,13.78,0,0,5.474
102,2010,281,500,13.79,0,0,5.518
102,2010,281,600,13.79,0,0,5.479
102,2010,281,700,13.79,0,0,5.512
102,2010,281,800,13.79,0,.05,29
102,2010,281,900,13.79,0,.466,144.3
102,2010,281,1000,13.77,0,1,556.6
102,2010,281,1100,13.76,0,1,615.8
102,2010,281,1200,13.74,0,1,752
102,2010,281,1300,13.72,0,.866,522.1
102,2010,281,1800,13.66,0,0,5.817
102,2010,281,1900,13.72,0,0,5.842
102,2010,281,2000,13.74,0,0,5.605
102,2010,281,2100,13.75,0,0,5.484
102,2010,281,2200,13.78,0,0,5.309
102,2010,281,2300,13.8,0,0,5.287
101,2010,281,2400,13.66,0,0
102,2010,281,2400,13.8,0,0,5.32
102,2010,282,100,13.79,0,0,5.342
102,2010,282,200,13.79,0,0,5.347
102,2010,282,300,13.8,0,0,5.314
102,2010,282,400,13.8,0,0,5.336
102,2010,282,500,13.8,0,0,5.424
102,2010,282,600,13.8,0,0,5.369
102,2010,282,700,13.81,0,0,5.408
102,2010,282,800,13.81,0,.4,201.4
102,2010,282,900,13.8,0,1,608.6
102,2010,282,1000,13.79,0,1,774
102,2010,282,1100,13.77,0,1,803
102,2010,282,1200,13.75,0,.833,592.1
102,2010,282,1300,13.74,0,.167,69.7
102,2010,282,1400,13.73,0,.7,265.1
102,2010,282,1500,13.72,0,.45,189.2
102,2010,282,1600,13.72,0,.833,346.2
102,2010,282,1700,13.7,0,.217,310.1
102,2010,282,1800,13.7,0,0,5.907
102,2010,282,1900,13.72,0,0,5.588
102,2010,282,2000,13.75,0,0,5.446
102,2010,282,2100,13.76,0,0,5.523
102,2010,282,2200,13.77,0,0,5.54
102,2010,282,2300,13.79,0,0,5.38
101,2010,282,2400,13.7,0,.217
102,2010,282,2400,13.8,0,0,5.358
102,2010,283,100,13.8,0,0,5.358
102,2010,283,200,13.8,0,0,5.353
102,2010,283,300,13.8,0,0,5.342
102,2010,283,400,13.8,0,0,5.386
102,2010,283,500,13.81,0,0,5.364
102,2010,283,600,13.82,0,0,5.353
102,2010,283,700,13.82,0,0,5.364
102,2010,283,800,13.83,0,0,5.578
102,2010,283,900,13.83,0,0,20.55
102,2010,283,1000,13.83,0,0,5.848
102,2010,283,1100,13.82,0,0,5.947
102,2010,283,1200,13.81,0,.05,29.94
102,2010,283,1300,13.79,0,.233,83.7
102,2010,283,1400,13.77,0,.483,144.2
102,2010,283,1500,13.75,0,.85,343.5
102,2010,283,1600,13.74,0,.816,464.6
102,2010,283,1700,13.72,0,.683,356.2
102,2010,283,1800,13.74,0,.533,232.3
102,2010,283,1900,13.74,0,.483,159.4
102,2010,283,2000,13.75,0,0,5.556
102,2010,283,2100,13.75,0,0,5.523
102,2010,283,2200,13.77,0,0,5.479
102,2010,283,2300,13.77,0,0,5.507
101,2010,283,2400,13.72,0,4.132
102,2010,283,2400,13.78,0,0,5.512
102,2010,284,100,13.79,0,0,5.534
102,2010,284,200,13.79,0,0,5.523
102,2010,284,300,13.8,0,0,5.463
102,2010,284,400,13.8,0,0,5.402
102,2010,284,500,13.81,0,0,5.38
102,2010,284,600,13.82,0,0,5.402
102,2010,284,700,13.82,0,0,5.578
102,2010,284,800,13.83,0,.367,194.5
102,2010,284,900,13.82,0,1,647
102,2010,285,900,13.73,0,0,6.106
102,2010,285,1200,13.77,0,.766,347.5
102,2010,285,1300,13.74,0,1,681.7
102,2010,285,1400,13.72,0,.9,434.7
102,2010,285,1500,13.71,0,.483,153.5
102,2010,285,1600,13.71,0,.183,71.4
102,2010,285,1700,13.71,0,0,6.805
102,2010,285,1800,13.73,0,0,5.93
102,2010,285,1900,13.73,0,0,6.299
102,2010,285,2000,13.74,0,0,5.589
102,2010,285,2100,13.74,0,0,5.501
102,2010,285,2200,13.75,0,0,5.485
102,2010,285,2300,13.76,0,0,5.567
101,2010,285,2400,13.71,0,3.332
102,2010,285,2400,13.77,0,0,5.485
102,2010,286,100,13.77,0,0,5.54
102,2010,286,200,13.78,0,0,5.435
102,2010,286,300,13.79,0,0,5.468
102,2010,286,400,13.8,0,0,5.435
102,2010,286,500,13.8,0,0,5.413
102,2010,286,600,13.8,0,0,5.435
102,2010,286,700,13.8,0,0,5.38
102,2010,286,800,13.8,0,.017,41.95
102,2010,287,1000,13.71,0,.433,800
102,2010,287,1100,13.73,0,1,821
102,2010,287,1200,13.72,0,1,822
102,2010,287,1300,13.7,0,1,694.8
102,2010,287,1400,13.69,0,1,526.3
102,2010,287,1500,13.68,0,1,622.8
102,2010,287,1600,13.66,0,.966,694.1
102,2010,287,1700,13.66,0,.85,526.7
102,2010,287,1800,13.67,0,.017,20.42
102,2010,287,1900,13.72,0,0,5.688
102,2010,287,2000,13.72,0,0,5.589
102,2010,287,2100,13.74,0,0,5.528
102,2010,287,2200,13.74,0,0,5.517
102,2010,287,2300,13.74,0,0,5.528
101,2010,287,2400,13.66,0,7.26
102,2010,287,2400,13.75,0,0,5.49
102,2010,288,100,13.75,0,0,5.463
102,2010,288,200,13.77,0,0,5.402
102,2010,288,300,13.77,0,0,5.424
102,2010,288,400,13.77,0,0,5.38
102,2010,288,500,13.79,0,0,5.369
102,2010,288,600,13.79,0,0,5.358
102,2010,288,700,13.79,0,0,5.512
102,2010,288,800,13.79,0,.283,97.7
102,2010,288,900,13.8,0,1,528
102,2010,288,1000,13.78,0,1,750
102,2010,288,1100,13.76,0,.117,813
102,2010,288,1200,13.75,0,.866,579.8
102,2010,288,1300,13.73,0,.583,317.2
102,2010,288,1400,13.71,0,.783,355.4
102,2010,288,1500,13.7,0,.95,587.8
102,2010,288,1600,13.68,0,1,690
102,2010,288,1700,13.68,0,.133,84.1
102,2010,288,1800,13.7,0,0,5.544
102,2010,288,1900,13.74,0,0,5.418
102,2010,288,2000,13.75,0,0,5.424
102,2010,288,2100,13.76,0,0,5.397
102,2010,288,2200,13.76,0,0,5.419
102,2010,288,2300,13.76,0,0,5.452
101,2010,288,2400,13.68,0,4.432
102,2010,288,2400,13.78,0,0,5.375
102,2010,289,100,13.79,0,0,5.358
102,2010,289,200,13.79,0,0,5.386
102,2010,289,300,13.79,0,0,5.413
102,2010,289,400,13.79,0,0,5.419
102,2010,289,500,13.79,0,0,5.402
102,2010,289,600,13.8,0,0,5.364
102,2010,289,700,13.8,0,0,5.408
102,2010,289,800,13.81,0,0,19.03
102,2010,289,900,13.8,0,.8,452.9
102,2010,289,1000,13.78,0,1,709
102,2010,289,1100,13.77,0,1,731
102,2010,289,1200,13.75,0,1,795
102,2010,289,1300,13.73,0,.916,561.7
102,2010,289,1400,13.72,0,.666,307.7
102,2010,289,1500,13.7,0,.7,343.2
102,2010,289,1600,13.69,0,.933,539.1
102,2010,289,1700,13.68,0,.916,587.2
102,2010,289,1800,13.68,0,.233,147.1
102,2010,289,1900,13.69,0,0,5.957
102,2010,289,2000,13.72,0,0,5.33
102,2010,289,2100,13.75,0,0,5.292
102,2010,289,2200,13.77,0,0,5.303
102,2010,289,2300,13.77,0,0,5.309
101,2010,289,2400,13.68,0,8.16
102,2010,289,2400,13.78,0,0,5.342
102,2010,290,100,13.79,0,0,5.325
102,2010,290,200,13.81,0,0,5.347
102,2010,290,300,13.81,0,0,5.298
102,2010,290,400,13.8,0,0,5.298
102,2010,290,500,13.8,0,0,5.292
102,2010,290,600,13.81,0,0,5.292
102,2010,290,700,13.82,0,0,5.287
102,2010,290,800,13.82,0,0,19.98
102,2010,290,900,13.81,0,.7,306.7
102,2010,290,1000,13.8,0,1,590.6
102,2010,290,1100,13.78,0,1,626.2
102,2010,290,1200,13.77,0,1,266.1
102,2010,290,1300,13.75,0,.683,214.7
102,2010,290,1400,13.74,0,.117,32.14
102,2010,290,1500,13.73,0,.616,173.9
102,2010,290,1600,13.72,0,.5,226.7
102,2010,290,1700,13.71,0,.383,226.7
102,2010,290,1800,13.72,0,0,11.75
102,2010,290,1900,13.72,0,0,10.23
102,2010,290,2000,13.72,0,0,5.622
102,2010,290,2100,13.74,0,0,5.413
102,2010,290,2200,13.76,0,0,5.325
102,2010,290,2300,13.77,0,0,5.38
101,2010,290,2400,13.71,0,5.998
102,2010,290,2400,13.78,0,0,5.353
102,2010,291,100,13.79,0,0,5.331
102,2010,291,200,13.79,0,0,5.298
102,2010,291,300,13.8,0,0,5.309
102,2010,291,400,13.8,0,0,5.331
102,2010,291,500,13.8,0,0,5.336
102,2010,291,600,13.8,0,0,5.353
102,2010,291,700,13.81,0,0,5.347
102,2010,291,800,13.81,0,0,12.89
102,2010,291,900,13.81,0,0,5.766
102,2010,291,1100,13.8,0,.8,395.8
102,2010,291,1200,13.77,0,.65,499
102,2010,291,1300,13.74,0,.533,291.4
102,2010,291,1400,13.73,0,.533,193.8
102,2010,291,1500,13.72,0,.683,317.4
102,2010,291,1600,13.7,0,.966,672
102,2010,291,1700,13.7,0,.783,523.3
102,2010,291,1800,13.7,0,.65,340
102,2010,291,1900,13.7,0,0,5.813
102,2010,291,2000,13.72,0,0,5.577
102,2010,291,2100,13.74,0,0,5.396
102,2010,291,2200,13.75,0,0,5.419
102,2010,291,2300,13.77,0,0,5.441
101,2010,291,2400,13.7,0,4.798
102,2010,291,2400,13.78,0,0,5.479
102,2010,292,100,13.78,0,0,5.43
102,2010,292,200,13.79,0,0,5.424
102,2010,292,300,13.79,0,0,5.38
102,2010,292,400,13.8,0,0,5.397
102,2010,292,500,13.8,0,0,5.43
102,2010,292,600,13.8,0,0,5.369
102,2010,292,700,13.8,0,0,5.386
102,2010,292,800,13.81,0,0,5.408
102,2010,292,900,13.82,0,0,10.54
102,2010,292,1000,13.81,0,.45,155.8
102,2010,292,1100,13.79,0,.883,276.1
102,2010,292,1200,13.76,0,1,717
102,2010,292,1300,13.74,0,.766,516.9
102,2010,292,1400,13.72,0,.7,318.3
102,2010,292,1500,13.71,0,.133,71.9
102,2010,292,1600,13.71,0,.217,119
102,2010,292,1700,13.7,0,.3,141.1
102,2010,292,1800,13.71,0,0,6.001
102,2010,292,1900,13.71,0,0,5.77
102,2010,292,2000,13.72,0,0,5.61
102,2010,292,2100,13.73,0,0,5.577
102,2010,292,2200,13.74,0,0,5.561
102,2010,292,2300,13.75,0,0,5.375
101,2010,292,2400,13.7,0,4.448
102,2010,292,2400,13.76,0,0,5.419
102,2010,293,100,13.78,0,0,5.43
102,2010,293,200,13.79,0,0,5.413
102,2010,293,300,13.79,0,0,5.413
102,2010,293,400,13.8,0,0,5.38
102,2010,293,500,13.8,0,0,5.369
102,2010,293,600,13.8,0,0,5.336
102,2010,293,700,13.8,0,0,5.309
102,2010,293,800,13.81,0,0,18.05
102,2010,293,900,13.8,0,.716,374
102,2010,293,1000,13.8,0,1,503.1
102,2010,293,1100,13.79,0,1,722
102,2010,293,1200,13.77,0,.716,418.8
102,2010,293,1300,13.75,0,.383,205.3
102,2010,293,1400,13.74,0,.533,182.7
102,2010,293,1500,13.73,0,.05,532.5
102,2010,293,1600,13.72,0,.766,314.7
102,2010,293,1700,13.71,0,.117,34.02
102,2010,293,1800,13.72,0,0,7.34
102,2010,293,1900,13.73,0,0,5.732
102,2010,293,2000,13.75,0,0,5.369
102,2010,293,2100,13.77,0,0,5.375
102,2010,293,2200,13.77,0,0,5.331
102,2010,293,2300,13.78,0,0,5.303
101,2010,293,2400,13.71,0,.117
102,2010,293,2400,13.78,0,0,5.331
102,2010,294,100,13.78,0,0,5.457
102,2010,294,200,13.79,0,0,5.397
102,2010,294,300,13.79,0,0,5.375
102,2010,294,400,13.8,0,0,5.402
102,2010,294,500,13.79,0,0,5.364
102,2010,294,600,13.8,0,0,5.375
102,2010,294,700,13.81,0,0,5.584
102,2010,294,800,13.82,0,.4,171.3
102,2010,294,900,13.8,0,1,659.5
102,2010,296,1800,13.61,0,.5,472.5
102,2010,296,1900,13.64,0,.167,59.64
102,2010,296,2000,13.66,0,0,5.588
102,2010,296,2100,13.7,0,0,5.457
102,2010,296,2200,13.71,0,0,5.479
102,2010,296,2300,13.71,0,0,5.534
101,2010,296,2400,13.64,0,.167
102,2010,296,2400,13.72,0,0,5.561
102,2010,297,100,13.72,0,0,5.523
102,2010,297,200,13.74,0,0,5.501
102,2010,297,300,13.74,0,0,5.512
102,2010,297,400,13.75,0,0,5.457
102,2010,297,500,13.76,0,0,5.474
102,2010,297,600,13.76,0,0,5.468
102,2010,297,700,13.77,0,0,5.947
102,2010,297,800,13.78,0,.5,197.5
102,2010,297,900,13.77,0,1,629.3
102,2010,297,1000,13.75,0,1,778
102,2010,297,1100,13.74,0,.916,594.2
102,2010,297,1200,13.72,0,.933,668.7
102,2010,297,1300,13.7,0,.666,365.8
102,2010,297,1400,13.69,0,.25,84.8
102,2010,297,1500,13.68,0,.466,197.1
102,2010,297,1600,13.67,0,1,734
102,2010,297,1700,13.67,0,1,626.5
102,2010,297,1900,13.7,0,0,5.639
102,2010,297,2000,13.72,0,0,5.379
102,2010,297,2100,13.75,0,0,5.451
102,2010,298,800,13.76,0,0,27.75
102,2010,298,900,13.78,0,.05,59.68
102,2010,298,1000,13.79,0,.983,448.6
102,2010,298,1100,13.77,0,.95,534.9
102,2010,298,1200,13.75,0,.55,273
102,2010,298,1300,13.74,0,.267,104.7
102,2010,298,1400,13.72,0,.85,376.6
102,2010,298,1500,13.71,0,.95,508.4
102,2010,298,1600,13.7,0,.9,601.9
102,2010,298,1700,13.69,0,1,605.5
102,2010,298,1800,13.68,0,.8,306.4
102,2010,298,1900,13.69,0,0,8.16
102,2010,298,2000,13.69,0,0,5.709
102,2010,298,2200,13.72,0,0,5.448
102,2010,299,900,13.79,0,.733,547.9
102,2010,299,1000,13.83,0,1,800
102,2010,299,1100,13.8,0,1,836
102,2010,299,1200,13.77,0,1,814
102,2010,299,1300,13.75,0,.983,652.2
102,2010,299,1400,13.74,0,.933,493.7
102,2010,299,2000,13.65,0,0,5.633
102,2010,299,2100,13.73,0,0,5.572
102,2010,299,2200,13.75,0,0,5.556
102,2010,300,1100,13.73,0,.816,763
102,2010,300,1200,13.74,0,.983,804
102,2010,300,1300,13.73,0,.9,566.6
102,2010,300,1400,13.71,0,.85,455.7
102,2010,300,1500,13.68,0,.6,609.4
102,2010,300,1600,13.67,0,.916,633.5
102,2010,300,1700,13.66,0,1,664
102,2010,300,1800,13.66,0,.916,390.5
102,2010,300,1900,13.66,0,.183,51.76
102,2010,300,2000,13.71,0,0,5.605
102,2010,300,2100,13.72,0,0,5.5
102,2010,300,2200,13.74,0,0,5.456
102,2010,301,1200,13.68,0,.566,813
102,2010,301,1300,13.73,0,.75,438.6
102,2010,301,1400,13.72,0,.65,284.9
102,2010,301,1500,13.71,0,.983,473
102,2010,301,1600,13.7,0,.983,664.4
102,2010,301,2000,13.68,0,0,5.545
102,2010,301,2100,13.74,0,0,5.506
102,2010,301,2200,13.74,0,0,5.462
102,2010,301,2300,13.75,0,0,5.49
101,2010,301,2400,13.68,0,0
102,2010,301,2400,13.75,0,0,5.484
102,2010,302,100,13.77,0,0,5.474
102,2010,302,200,13.78,0,0,5.446
102,2010,302,300,13.79,0,0,5.474
102,2010,302,400,13.79,0,0,5.468
102,2010,302,500,13.78,0,0,5.468
102,2010,302,600,13.79,0,0,5.446
102,2010,302,700,13.8,0,0,5.862
102,2010,302,800,13.8,0,.45,275.7
102,2010,302,900,13.79,0,1,564.5
102,2010,302,1000,13.77,0,.933,565
102,2010,302,1100,13.75,0,.966,643.6
102,2010,302,1200,13.74,0,.566,382.1
102,2010,302,1300,13.73,0,.883,556
102,2010,302,1400,13.72,0,.267,106.7
102,2010,302,1500,13.7,0,.85,520.8
102,2010,302,1600,13.7,0,.95,655.7
102,2010,302,1700,13.68,0,1,706
102,2010,302,1800,13.68,0,1,542.4
102,2010,302,1900,13.68,0,.3,116.4
102,2010,302,2000,13.69,0,0,5.736
102,2010,302,2100,13.7,0,0,5.676
102,2010,302,2200,13.7,0,0,5.621
102,2010,302,2300,13.71,0,0,5.582
101,2010,302,2400,13.68,0,9.16
102,2010,302,2400,13.72,0,0,5.511
102,2010,303,100,13.74,0,0,5.418
102,2010,303,200,13.75,0,0,5.396
102,2010,303,300,13.76,0,0,5.424
102,2010,303,400,13.77,0,0,5.369
102,2010,303,500,13.78,0,0,5.32
102,2010,303,600,13.79,0,0,5.314
102,2010,303,700,13.79,0,0,5.369
102,2010,303,800,13.8,0,.483,209.4
102,2010,303,1000,13.77,0,.566,636.1
102,2010,303,1100,13.75,0,1,883
102,2010,303,1200,13.74,0,1,875
102,2010,303,1300,13.71,0,1,758
102,2010,303,1400,13.69,0,1,602.9
102,2010,303,1500,13.68,0,.983,625.7
102,2010,303,1600,13.67,0,.95,709
102,2010,303,1700,13.66,0,.9,576.9
102,2010,303,1800,13.66,0,.1,57.7
102,2010,303,1900,13.68,0,.183,60.29
102,2010,303,2000,13.7,0,0,5.593
102,2010,303,2100,13.7,0,0,5.582
102,2010,303,2200,13.72,0,0,5.582
102,2010,303,2300,13.73,0,0,5.538
101,2010,303,2400,13.66,56.663,7.68
102,2010,303,2400,13.73,56.663,0,5.572
102,2010,304,100,13.74,0,0,5.445
102,2010,304,200,13.75,0,0,5.347
102,2010,304,300,13.76,0,0,5.358
102,2010,304,400,13.76,0,0,5.391
102,2010,304,500,13.76,0,0,5.369
102,2010,304,600,13.77,0,0,5.342
102,2010,304,700,13.78,0,0,7.08
102,2010,304,800,13.79,0,.483,258.2
102,2010,304,900,13.8,0,.083,749
102,2010,304,1000,13.77,0,1,787
102,2010,304,1100,13.75,0,.167,818
102,2010,304,1200,13.73,0,1,859
102,2010,304,1300,13.7,0,.983,664.1
102,2010,304,1400,13.68,0,.9,489
102,2010,304,1500,13.66,0,1,621.6
102,2010,304,1600,13.66,0,.983,676.3
102,2010,304,1700,13.65,0,1,682.9
102,2010,304,1800,13.65,0,1,499.7
102,2010,304,1900,13.65,0,.05,32.82
102,2010,304,2000,13.66,0,0,5.753
102,2010,304,2100,13.68,0,0,5.599
102,2010,304,2200,13.7,0,0,5.555
102,2010,304,2300,13.71,0,0,5.549
101,2010,304,2400,13.65,0,7.08
102,2010,304,2400,13.72,0,0,5.538
102,2010,305,100,13.73,0,0,5.478
102,2010,305,200,13.74,0,0,5.44
102,2010,305,300,13.75,0,0,5.473
102,2010,305,400,13.75,0,0,5.418
102,2010,305,500,13.77,0,0,5.38
102,2010,305,600,13.77,0,0,5.32
102,2010,305,700,13.78,0,0,5.551
102,2010,305,800,13.79,0,.483,254.8
102,2010,305,900,13.77,0,1,677.7
102,2010,305,1100,13.74,0,.833,861
102,2010,305,1200,13.72,0,1,863
102,2010,305,1300,13.71,0,1,746
102,2010,305,1400,13.69,0,1,558.1
102,2010,305,1500,13.68,0,1,630.5
102,2010,305,1600,13.66,0,.966,579.3
102,2010,305,1900,13.63,0,0,5.639
102,2010,305,2000,13.68,0,0,5.566
102,2010,305,2100,13.7,0,0,5.527
102,2010,305,2200,13.71,0,0,5.555
102,2010,305,2300,13.72,0,0,5.533
101,2010,305,2400,13.63,0,0
102,2010,305,2400,13.74,0,0,5.528
102,2010,306,100,13.74,0,0,5.522
102,2010,306,200,13.74,0,0,5.517
102,2010,306,300,13.75,0,0,5.44
102,2010,306,400,13.75,0,0,5.457
102,2010,306,500,13.76,0,0,5.479
102,2010,306,600,13.77,0,0,5.43
102,2010,306,700,13.77,0,0,5.435
102,2010,306,800,13.77,0,.017,39.12
102,2010,306,900,13.77,0,.533,141
102,2010,306,1000,13.76,0,.433,140.8
102,2010,306,1100,13.75,0,.65,187.4
102,2010,307,1000,13.71,0,.633,756
102,2010,307,1100,13.73,0,1,809
102,2010,307,1200,13.72,0,1,844
102,2010,307,1300,13.7,0,.033,215.2
102,2010,307,2100,13.63,0,0,5.607
102,2010,307,2200,13.68,0,0,5.56
102,2010,307,2300,13.7,0,0,5.549
101,2010,307,2400,13.63,0,0
102,2010,307,2400,13.72,0,0,5.571
102,2010,308,100,13.72,0,0,5.505
102,2010,308,200,13.73,0,0,5.401
102,2010,308,300,13.74,0,0,5.418
102,2010,308,400,13.75,0,0,5.352
102,2010,308,500,13.77,0,0,5.347
102,2010,308,600,13.76,0,0,5.419
102,2010,308,700,13.76,0,0,5.468
102,2010,308,800,13.77,0,.417,109.8
102,2010,308,900,13.75,0,1,430.7
102,2010,308,1000,13.75,0,1,466.9
102,2010,308,1100,13.74,0,1,586.4
102,2010,308,1200,13.72,0,1,727
102,2010,308,1300,13.7,0,1,508.1
102,2010,308,1400,13.68,0,1,330.6
102,2010,308,1500,13.67,0,1,371.3
102,2010,308,1800,13.61,0,.75,466
102,2010,308,1900,13.65,0,.1,41.54
102,2010,308,2100,13.67,0,0,5.734
102,2010,308,2200,13.68,0,0,5.654
102,2010,308,2300,13.71,0,0,5.483
101,2010,308,2400,13.67,0,0
102,2010,308,2400,13.74,0,0,5.489
102,2010,309,100,13.74,0,0,5.407
102,2010,309,200,13.75,0,0,5.429
102,2010,309,300,13.76,0,0,5.457
102,2010,309,400,13.75,0,0,5.396
102,2010,309,500,13.76,0,0,5.44
102,2010,309,600,13.77,0,0,5.43
102,2010,309,700,13.76,0,0,5.628
102,2010,309,800,13.77,0,.017,34.39
102,2010,309,900,13.77,0,.983,388.6
102,2010,309,1000,13.75,0,1,654.9
102,2010,309,1100,13.74,0,1,768
102,2010,309,1200,13.72,0,1,801
102,2010,310,1600,13.58,0,.417,695.6
102,2010,310,1700,13.61,0,1,649.5
102,2010,310,1800,13.61,0,1,326.9
102,2010,310,1900,13.61,0,.1,35.99
102,2010,310,2000,13.63,0,0,5.874
102,2010,310,2100,13.64,0,0,5.764
102,2010,310,2200,13.66,0,0,5.599
102,2010,310,2300,13.67,0,0,5.61
101,2010,310,2400,13.58,0,2.516
102,2010,310,2400,13.68,0,0,5.786
102,2010,311,100,13.69,0,0,5.692
102,2010,311,200,13.7,0,0,5.505
102,2010,311,300,13.71,0,0,5.39
102,2010,311,400,13.72,0,0,5.329
102,2010,311,500,13.73,0,0,5.335
102,2010,311,600,13.75,0,0,5.308
102,2010,311,700,13.76,0,0,5.374
102,2010,311,800,13.76,0,.383,97.6
102,2010,311,900,13.75,0,.7,357.7
102,2010,311,1000,13.74,0,1,686.2
102,2010,311,1100,13.71,0,1,731
102,2010,311,1200,13.7,0,1,755
102,2010,311,1300,13.68,0,.583,580.7
102,2010,311,1400,13.66,0,1,497.5
102,2010,311,1500,13.64,0,.417,555
102,2010,311,1600,13.65,0,.75,271.4
102,2010,311,1700,13.63,0,1,491.9
102,2010,311,1900,13.64,0,0,15.04
102,2010,311,2000,13.65,0,0,5.852
102,2010,311,2100,13.67,0,0,5.714
102,2010,311,2200,13.68,0,0,5.632
102,2010,311,2300,13.68,0,0,5.599
101,2010,311,2400,13.64,0,0
102,2010,311,2400,13.69,0,0,5.621
102,2010,312,100,13.7,0,0,5.593
102,2010,312,200,13.7,0,0,5.516
102,2010,312,300,13.7,0,0,5.478
102,2010,312,400,13.72,0,0,5.472
102,2010,312,500,13.73,0,0,5.362
102,2010,312,600,13.74,0,0,5.33
102,2010,312,700,13.75,0,0,5.313
102,2010,312,800,13.75,0,0,5.517
102,2010,314,900,13.72,0,0,5.775
102,2010,314,1000,13.75,0,.167,59.54
102,2010,314,1100,13.73,0,.6,293.2
102,2010,314,1200,13.72,0,1,681
102,2010,314,1300,13.7,0,.816,539.3
102,2010,314,1400,13.68,0,.816,402.8
102,2010,314,1500,13.67,0,.816,498.4
102,2010,314,1600,13.66,0,.983,714
102,2010,314,1700,13.66,0,1,686
102,2010,314,1800,13.66,0,1,467.2
102,2010,314,1900,13.66,0,.283,102.7
102,2010,314,2000,13.67,0,0,5.692
102,2010,314,2100,13.69,0,0,5.577
102,2010,314,2200,13.7,0,0,5.56
102,2010,314,2300,13.72,0,0,5.5
101,2010,314,2400,13.66,0,7.48
102,2010,314,2400,13.74,0,0,5.357
102,2010,315,100,13.74,0,0,5.401
102,2010,315,200,13.75,0,0,5.446
102,2010,315,300,13.76,0,0,5.484
102,2010,315,400,13.76,0,0,5.473
102,2010,315,500,13.77,0,0,5.479
102,2010,315,600,13.77,0,0,5.468
102,2010,315,700,13.77,0,0,5.441
102,2010,315,800,13.77,0,.167,55.37
102,2010,315,900,13.77,0,.3,111.1
102,2010,315,1500,13.65,0,0,51.29
102,2010,315,1600,13.7,0,.766,317.2
102,2010,315,1700,13.69,0,1,611.9
102,2010,315,1800,13.68,0,1,532.6
102,2010,315,1900,13.68,0,.3,106.6
102,2010,315,2000,13.69,0,0,5.626
102,2010,315,2100,13.7,0,0,5.593
102,2010,315,2200,13.71,0,0,5.621
102,2010,315,2300,13.72,0,0,5.566
101,2010,315,2400,13.65,0,3.065
102,2010,315,2400,13.72,0,0,5.56
102,2010,316,100,13.73,0,0,5.549
102,2010,316,200,13.74,0,0,5.55
102,2010,316,300,13.75,0,0,5.55
102,2010,316,400,13.75,0,0,5.501
102,2010,316,500,13.76,0,0,5.496
102,2010,316,600,13.78,0,0,5.468
102,2010,316,700,13.79,0,0,5.463
102,2010,316,800,13.79,0,.616,167.6
102,2010,316,900,13.78,0,1,475
102,2010,316,1600,13.62,0,.5,436.5
102,2010,316,1700,13.67,0,1,419.6
102,2010,316,1800,13.67,0,.983,258.3
102,2010,316,1900,13.68,0,.017,16.18
102,2010,316,2000,13.68,0,0,5.703
102,2010,316,2200,13.28,0,0,5.599
102,2010,316,2300,13.14,0,0,5.61
101,2010,316,2400,13.06,0,0
102,2010,316,2400,13.06,0,0,5.61
102,2010,317,100,13.04,0,0,5.579
102,2010,317,200,13.02,0,0,5.583
102,2010,317,700,13.02,0,0,5.606
102,2010,317,800,13,0,0,29.11
102,2010,317,900,13.25,0,.933,326.8
102,2010,317,1000,13.5,0,1,456.1
102,2010,317,1100,13.49,0,.067,399.4
102,2010,317,1200,13.34,0,.017,782
102,2010,317,1300,13.44,0,.083,440.3
102,2010,317,1400,13.36,0,.017,109.9
102,2010,317,1500,13.29,0,.633,435.3
102,2010,317,1600,13.24,0,.933,374.1
102,2010,317,1700,13.34,0,0,5.92
102,2010,317,1800,13.33,0,0,6.419
102,2010,317,1900,13.38,0,0,5.676
102,2010,317,2000,13.35,0,0,5.615
102,2010,317,2100,13.25,0,0,5.626
102,2010,317,2200,13.27,0,0,5.61
102,2010,317,2300,13.23,0,0,5.626
101,2010,317,2400,13.11,0,0
102,2010,317,2400,13.11,0,0,5.604
102,2010,318,600,13.02,0,0,5.534
102,2010,318,700,12.98,0,0,5.689
102,2010,318,800,12.97,0,.1,60.7
102,2010,318,900,13.09,0,.833,204.2
102,2010,318,1000,13,0,1,621.9
102,2010,318,1100,13.08,0,.05,637.8
102,2010,318,1200,13.01,0,.067,405.2
102,2010,318,1300,13.42,0,.05,530.5
102,2010,318,1400,13.35,0,.516,425.3
102,2010,318,1500,13.43,0,.583,609.4
102,2010,318,1600,13.34,0,.167,488.1
102,2010,318,1700,13.4,0,0,6.47
102,2010,318,1800,13.37,0,0,6.753
102,2010,318,1900,13.38,0,0,5.637
102,2010,318,2000,13.33,0,0,5.593
102,2010,318,2100,13.24,0,0,5.604
102,2010,318,2200,13.15,0,0,5.568
102,2010,318,2300,13.08,0,0,5.594
101,2010,318,2400,13.02,0,0
102,2010,318,2400,13.02,0,0,5.588
102,2010,319,100,12.99,0,0,5.583
102,2010,319,200,12.97,0,0,5.567
102,2010,319,300,12.97,0,0,5.573
102,2010,319,400,12.97,0,0,5.573
102,2010,319,500,12.96,0,0,5.562
102,2010,319,600,12.96,0,0,5.54
102,2010,319,700,12.97,0,0,5.656
102,2010,319,800,13.08,0,.45,185.1
102,2010,319,900,13.36,0,1,660
102,2010,319,1000,13.75,0,1,797
102,2010,319,1100,13.74,0,1,854
102,2010,319,1200,13.72,0,1,851
102,2010,319,1300,13.71,0,.983,666.8
102,2010,319,1400,13.7,0,.983,551.9
102,2010,319,1500,13.68,0,.933,598.8
102,2010,319,1600,13.68,0,.783,487.5
102,2010,319,1700,13.67,0,.966,625.6
102,2010,319,1800,13.67,0,1,436.2
102,2010,319,1900,13.67,0,.167,53.07
102,2010,319,2000,13.23,0,0,5.632
102,2010,319,2100,13.12,0,0,5.576
102,2010,319,2200,13.1,0,0,5.593
102,2010,319,2300,13.07,0,0,5.588
101,2010,319,2400,13.04,0,0
102,2010,319,2400,13.04,0,0,5.483
102,2010,320,100,13.01,0,0,5.506
102,2010,320,200,13,0,0,5.528
102,2010,320,300,12.99,0,0,5.523
102,2010,320,400,12.98,0,0,5.485
102,2010,320,500,12.98,0,0,5.485
102,2010,320,600,12.98,0,0,5.507
102,2010,320,700,12.97,0,0,5.573
102,2010,320,800,13.71,0,.716,288.9
102,2010,321,1800,13.57,0,.533,362.5
102,2010,321,1900,13.61,0,0,5.945
102,2010,321,2000,13.48,0,0,5.813
102,2010,321,2100,13.26,0,0,5.659
102,2010,321,2200,13.27,0,0,5.621
102,2010,321,2300,13.27,0,0,5.604
101,2010,321,2400,13.16,0,.533
102,2010,321,2400,13.16,0,0,5.516
102,2010,322,100,13.11,0,0,5.522
102,2010,322,200,13.08,0,0,5.517
102,2010,322,300,13.04,0,0,5.5
102,2010,322,400,13.02,0,0,5.501
102,2010,322,500,13,0,0,5.49
102,2010,322,600,12.99,0,0,5.512
102,2010,322,700,13.02,0,0,5.496
102,2010,322,800,12.99,0,.45,102.5
102,2010,322,900,13.71,0,.966,240.5
102,2010,322,1100,13.73,0,.067,485.7
102,2010,322,1200,13.72,0,1,366.3
102,2010,322,1300,13.7,0,1,507
102,2010,322,1400,13.68,0,1,494.3
102,2010,322,1500,13.67,0,.95,511.4
102,2010,322,1600,13.66,0,1,692.5
102,2010,322,1700,13.66,0,1,634.7
102,2010,322,1800,13.65,0,1,399.8
102,2010,322,1900,13.35,0,0,5.813
102,2010,322,2200,13.63,0,0,5.523
102,2010,322,2300,13.68,0,0,5.522
101,2010,322,2400,13.63,0,0
102,2010,322,2400,13.7,0,0,5.522
102,2010,323,100,13.72,0,0,5.516
102,2010,323,200,13.74,0,0,5.483
102,2010,323,300,13.74,0,0,5.407
102,2010,323,400,13.75,0,0,5.418
102,2010,323,500,13.76,0,0,5.39
102,2010,323,600,13.77,0,0,5.374
102,2010,323,700,13.77,0,0,5.446
102,2010,325,1300,13.66,0,.933,672.8
102,2010,325,1400,13.65,0,.983,584
102,2010,325,1500,13.65,0,1,662.5
102,2010,325,1600,13.63,0,.483,761
102,2010,325,1700,13.65,0,1,707
102,2010,325,1800,13.65,0,1,548.1
102,2010,325,1900,13.65,0,.433,143.5
102,2010,325,2000,13.66,0,0,5.626
102,2010,325,2100,13.68,0,0,5.604
102,2010,325,2200,13.7,0,0,5.599
102,2010,325,2300,13.7,0,0,5.599
101,2010,325,2400,13.63,0,2.915
102,2010,325,2400,13.72,0,0,5.566
102,2010,326,100,13.74,0,0,5.566
102,2010,326,200,13.74,0,0,5.527
102,2010,326,300,13.76,0,0,5.511
102,2010,326,400,13.77,0,0,5.495
102,2010,326,500,13.78,0,0,5.501
102,2010,326,600,13.79,0,0,5.49
102,2010,326,700,13.8,0,0,5.612
102,2010,326,800,13.81,0,.683,213.4
102,2010,326,900,13.79,0,1,610.4
102,2010,326,1600,13.6,0,.5,718
102,2010,326,1700,13.66,0,1,675.7
102,2010,326,1800,13.66,0,1,471.3
102,2010,326,1900,13.66,0,.083,23.3
102,2010,326,2000,13.68,0,0,5.522
102,2010,326,2100,13.71,0,0,5.516
102,2010,326,2200,13.72,0,0,5.505
102,2010,326,2300,13.72,0,0,5.434
101,2010,326,2400,13.6,0,2.582
102,2010,326,2400,13.74,0,0,5.384
102,2010,327,100,13.75,0,0,5.401
102,2010,327,200,13.76,0,0,5.39
102,2010,327,300,13.77,0,0,5.368
102,2010,327,400,13.77,0,0,5.352
102,2010,327,500,13.78,0,0,5.286
102,2010,327,600,13.78,0,0,5.286
102,2010,327,700,13.79,0,0,5.441
102,2010,327,800,13.81,0,.633,187.3
102,2010,327,900,13.79,0,1,434
102,2010,327,1000,13.77,0,1,696.1
102,2010,327,1100,13.75,0,1,781
102,2010,327,1200,13.73,0,1,698.8
102,2010,327,1300,13.71,0,.716,340.3
102,2010,327,1400,13.57,0,.583,375.3
102,2010,327,1500,13.69,0,.716,342.2
102,2010,327,1600,13.68,0,.933,452.4
102,2010,327,1700,13.68,0,.367,134.7
102,2010,327,1800,13.71,0,0,5.461
102,2010,327,1900,13.74,0,0,5.483
102,2010,328,800,13.74,0,.067,96.7
102,2010,328,900,13.77,0,.916,347.8
102,2010,330,1600,13.57,0,.083,191.2
102,2010,330,1700,13.58,0,.866,567
102,2010,330,1800,13.61,0,.683,306.4
102,2010,330,1900,13.62,0,.017,24.19
102,2010,330,2000,13.36,0,0,5.703
102,2010,330,2100,13.2,0,0,5.615
102,2010,330,2200,13.15,0,0,5.604
102,2010,330,2300,13.13,0,0,5.621
101,2010,330,2400,13.1,0,1.649
102,2010,330,2400,13.1,0,0,5.615
102,2010,331,600,13.08,0,0,5.407
102,2010,331,700,13.02,0,0,5.474
102,2010,331,800,13,0,.65,243.1
102,2010,331,1200,13.13,0,.483,862
102,2010,331,1300,13.34,0,1,778
102,2010,331,1400,13.4,0,.566,681.3
102,2010,331,1500,13.33,0,.566,665.2
102,2010,331,1600,13.21,0,.916,582.1
102,2010,331,1700,13.18,0,.816,519.4
102,2010,331,1800,13.18,0,1,476.9
102,2010,331,1900,13.17,0,.433,106.9
102,2010,331,2000,13.14,0,0,5.648
102,2010,331,2100,13.08,0,0,5.632
102,2010,331,2200,13.06,0,0,5.61
102,2010,331,2300,13.07,0,0,5.604
101,2010,331,2400,13.03,0,2.249
102,2010,331,2400,13.03,0,0,5.604
102,2010,332,100,13.01,0,0,5.593
102,2010,332,200,13,0,0,5.516
102,2010,332,300,12.99,0,0,5.533
102,2010,332,400,12.99,0,0,5.495
102,2010,332,500,12.98,0,0,5.479
102,2010,332,600,12.98,0,0,5.507
102,2010,332,700,12.98,0,0,5.512
102,2010,332,800,12.98,0,.633,203
102,2010,332,900,12.97,0,1,585.2
102,2010,332,1100,12.99,0,.566,864
102,2010,332,1200,12.99,0,1,850
102,2010,332,1300,13.41,0,.133,672.2
102,2010,332,1400,13.33,0,.883,487.7
102,2010,332,1700,13.16,0,.25,563.8
102,2010,332,1800,13.39,0,.283,239.7
102,2010,332,1900,13.2,0,.083,28.29
102,2010,332,2000,13.16,0,0,5.676
102,2010,332,2100,13.11,0,0,5.632
102,2010,332,2200,13.08,0,0,5.615
102,2010,332,2300,13.13,0,0,5.61
101,2010,332,2400,13.07,0,0
102,2010,332,2400,13.07,0,0,5.578
102,2010,333,100,13.04,0,0,5.5
102,2010,333,200,13.02,0,0,5.495
102,2010,333,300,13,0,0,5.495
102,2010,333,400,12.99,0,0,5.474
102,2010,333,1800,13.59,0,.167,467.6
102,2010,333,1900,13.59,0,.4,131.1
102,2010,333,2000,13.61,0,0,5.769
102,2010,333,2100,13.64,0,0,5.604
102,2010,333,2200,13.65,0,0,5.533
102,2010,333,2300,13.68,0,0,5.483
101,2010,333,2400,13.59,0,.566
102,2010,333,2400,13.7,0,0,5.461
102,2010,334,100,13.71,0,0,5.4
102,2010,334,200,13.73,0,0,5.324
102,2010,334,300,13.73,0,0,5.285
102,2010,334,400,13.75,0,0,5.297
102,2010,334,500,13.75,0,0,5.319
102,2010,334,600,13.77,0,0,5.286
102,2010,334,700,13.76,0,0,5.286
102,2010,334,800,13.77,0,.45,126.8
102,2010,334,900,13.76,0,1,482.6
102,2010,334,1000,13.75,0,1,674.3
102,2010,334,1100,13.73,0,1,762
102,2010,334,1200,13.71,0,.9,651.4
102,2010,334,1300,13.7,0,.9,611.3
102,2010,334,1400,13.68,0,1,582.9
102,2010,334,1500,13.67,0,1,639.2
102,2010,334,1600,13.66,0,1,706
102,2010,334,1700,13.66,0,1,656
102,2010,334,1800,13.65,0,1,490.8
102,2010,334,1900,13.65,0,.433,115.5
102,2010,334,2000,13.66,0,0,5.802
102,2010,334,2100,13.67,0,0,5.659
102,2010,334,2200,13.68,0,0,5.61
102,2010,334,2300,13.68,0,0,5.577
101,2010,334,2400,13.65,0,10.68
102,2010,334,2400,13.7,0,0,5.538
102,2010,335,100,13.71,0,0,5.434
102,2010,335,200,13.72,0,0,5.378
102,2010,335,300,13.73,0,0,5.423
102,2010,335,400,13.74,0,0,5.389
102,2010,335,500,13.74,0,0,5.357
102,2010,335,600,13.75,0,0,5.291
102,2010,335,700,13.75,0,0,5.302
102,2010,335,800,13.75,0,.35,95.1
102,2010,335,900,13.75,0,1,473.1
102,2010,335,1000,13.74,0,1,688.7
102,2010,335,1100,13.72,0,1,628.9
102,2010,335,1200,13.71,0,.983,662
102,2010,335,1300,13.7,0,.483,281.4
102,2010,335,1400,13.68,0,.966,518.6
102,2010,335,1500,13.67,0,.866,483.5
102,2010,335,1600,13.66,0,.95,533
102,2010,335,1800,13.65,0,.716,340.1
102,2010,335,1900,13.65,0,0,13.2
102,2010,335,2000,13.66,0,0,5.725
102,2010,335,2100,13.68,0,0,5.637
102,2010,335,2200,13.69,0,0,5.709
102,2010,335,2300,13.7,0,0,5.56
101,2010,335,2400,13.65,0,.716
102,2010,335,2400,13.72,0,0,5.434
102,2010,336,100,13.76,0,0,5.478
102,2010,336,200,13.77,0,0,5.489
102,2010,336,300,13.77,0,0,5.462
102,2010,336,400,13.77,0,0,5.435
102,2010,336,500,13.79,0,0,5.385
102,2010,336,600,13.79,0,0,5.413
102,2010,336,700,13.79,0,0,5.402
102,2010,336,800,13.8,0,.5,145.6
102,2010,336,900,13.8,0,.916,438.3
102,2010,336,1000,13.77,0,1,646.4
102,2010,336,1100,13.75,0,.916,624.3
102,2010,336,1200,13.74,0,.633,426.1
102,2010,336,1300,13.72,0,.466,259.2
102,2010,336,1400,13.7,0,.9,441
102,2010,336,1500,13.7,0,.433,196.8
102,2010,336,1600,13.69,0,.217,84
102,2010,336,1700,13.68,0,.283,112
102,2010,336,1800,13.7,0,.367,138
102,2010,336,1900,13.7,0,.4,118.6
102,2010,336,2000,13.7,0,0,5.505
102,2010,336,2100,13.72,0,0,5.378
102,2010,336,2200,13.72,0,0,5.412
102,2010,336,2300,13.73,0,0,5.378
101,2010,336,2400,13.68,0,7.03
102,2010,336,2400,13.74,0,0,5.357
102,2010,337,100,13.75,0,0,5.33
102,2010,337,200,13.77,0,0,5.33
102,2010,337,300,13.78,0,0,5.347
102,2010,337,400,13.79,0,0,5.342
102,2010,337,500,13.8,0,0,5.38
102,2010,337,600,13.81,0,0,5.353
102,2010,337,700,13.81,0,0,5.347
102,2010,337,800,13.81,0,.566,164.6
102,2010,337,900,13.79,0,1,566.2
102,2010,337,1000,13.77,0,1,741
102,2010,337,1100,13.75,0,1,811
102,2010,337,1200,13.74,0,.966,774
102,2010,337,1300,13.72,0,.966,677.9
102,2010,337,1400,13.71,0,1,598.1
102,2010,337,1500,13.69,0,.966,620.8
102,2010,337,1600,13.68,0,1,701
102,2010,337,1700,13.67,0,1,644.8
102,2010,337,1800,13.67,0,1,479.2
102,2010,337,1900,13.67,0,.466,111.1
102,2010,337,2000,13.68,0,0,5.725
102,2010,337,2100,13.68,0,0,5.478
102,2010,337,2200,13.7,0,0,5.45
102,2010,337,2300,13.72,0,0,5.384
101,2010,337,2400,13.67,0,10.93
102,2010,337,2400,13.72,0,0,5.345
102,2010,338,100,13.74,0,0,5.334
102,2010,338,200,13.75,0,0,5.302
102,2010,338,300,13.76,0,0,5.286
102,2010,338,400,13.78,0,0,5.286
102,2010,338,500,13.79,0,0,5.286
102,2010,338,600,13.8,0,0,5.287
102,2010,338,700,13.82,0,0,5.287
102,2010,338,800,13.82,0,.566,197.6
102,2010,338,900,13.81,0,1,615.4
102,2010,338,1000,13.78,0,1,776
102,2010,338,1100,13.76,0,1,843
102,2010,338,1200,13.74,0,1,841
102,2010,338,1300,13.72,0,1,748
102,2010,338,1400,13.7,0,1,624.1
102,2010,338,1500,13.68,0,1,674
102,2010,338,1600,13.67,0,1,746
102,2010,338,1700,13.66,0,1,717
102,2010,338,1800,13.66,0,1,564.2
102,2010,338,1900,13.66,0,.483,172.5
102,2010,338,2000,13.66,0,0,5.742
102,2010,338,2100,13.68,0,0,5.533
102,2010,338,2200,13.7,0,0,5.478
102,2010,338,2300,13.7,0,0,5.384
101,2010,338,2400,13.66,0,11.05
102,2010,338,2400,13.72,0,0,5.329
102,2010,339,100,13.73,0,0,5.296
102,2010,339,200,13.75,0,0,5.291
102,2010,339,300,13.76,0,0,5.286
102,2010,339,400,13.77,0,0,5.286
102,2010,339,500,13.79,0,0,5.287
102,2010,339,600,13.81,0,0,5.287
102,2010,339,700,13.81,0,0,5.287
102,2010,339,800,13.82,0,.55,185.9
102,2010,339,900,13.81,0,1,551.5
102,2010,339,1000,13.78,0,1,737
102,2010,339,1100,13.75,0,1,794
102,2010,339,1200,13.73,0,1,779
102,2010,339,1300,13.71,0,1,691.7
102,2010,339,1400,13.68,0,1,579.8
102,2010,339,1500,13.66,0,1,640.3
102,2010,339,1600,13.66,0,1,713
102,2010,339,1700,13.65,0,1,685.3
102,2010,339,1800,13.64,0,.117,398.8
102,2010,339,1900,13.65,0,.483,152.1
102,2010,339,2000,13.66,0,0,5.731
102,2010,339,2100,13.67,0,0,5.582
102,2010,339,2200,13.68,0,0,5.494
102,2010,339,2300,13.7,0,0,5.434
101,2010,339,2400,13.64,0,.6
102,2010,339,2400,13.71,0,0,5.373
102,2010,340,100,13.72,0,0,5.34
102,2010,340,200,13.73,0,0,5.345
102,2010,340,300,13.74,0,0,5.329
102,2010,340,400,13.74,0,0,5.323
102,2010,340,500,13.74,0,0,5.351
102,2010,340,600,13.74,0,0,5.368
102,2010,340,700,13.74,0,0,5.302
102,2010,340,800,13.76,0,0,22.16
102,2010,340,900,13.77,0,0,15.74
102,2010,340,1000,13.77,0,.6,186.3
102,2010,340,1100,13.74,0,1,580.6
102,2010,340,1200,13.72,0,1,631.7
102,2010,340,1300,13.7,0,1,480.5
102,2010,340,1400,13.68,0,1,344.4
102,2010,340,1500,13.66,0,.766,304.8
102,2010,340,1600,13.66,0,.916,364.3
102,2010,340,1700,13.65,0,1,399.6
102,2010,340,1800,13.65,0,.55,175.6
102,2010,340,1900,13.65,0,.133,47.16
102,2010,340,2000,13.65,0,0,5.852
102,2010,340,2100,13.66,0,0,5.725
102,2010,340,2200,13.68,0,0,5.599
102,2010,340,2300,13.68,0,0,5.544
101,2010,340,2400,13.65,0,7.96
102,2010,340,2400,13.69,0,0,5.389
102,2010,341,100,13.69,0,0,5.356
102,2010,341,200,13.7,0,0,5.301
102,2010,341,300,13.72,0,0,5.29
102,2010,341,400,13.73,0,0,5.301
102,2010,341,500,13.74,0,0,5.285
102,2010,341,600,13.74,0,0,5.291
102,2010,341,700,13.75,0,0,5.302
102,2010,341,800,13.75,0,0,5.374
102,2010,341,900,13.76,0,0,6.806
102,2010,341,1000,13.77,0,0,14
102,2010,341,1100,13.77,0,.05,30.33
102,2010,341,1200,13.74,0,.85,374.3
102,2010,341,1300,13.72,0,.4,143.6
102,2010,341,1400,13.72,0,0,5.945
102,2010,341,1500,13.71,0,.05,20.42
102,2010,341,1600,13.7,0,.533,137.3
102,2010,341,1700,13.69,0,.167,492.1
102,2010,341,1800,13.68,0,1,325.4
102,2010,341,2000,13.21,0,0,5.644
102,2010,341,2100,13.1,0,0,5.615
102,2010,341,2200,13.09,0,0,5.593
102,2010,341,2300,13.08,0,0,5.571
101,2010,341,2400,13.02,0,0
102,2010,341,2400,13.02,0,0,5.555
102,2010,342,100,13.01,0,0,5.506
102,2010,342,200,13.01,0,0,5.517
102,2010,342,300,13.01,0,0,5.545
102,2010,342,400,13.01,0,0,5.49
102,2010,342,500,13.02,0,0,5.518
102,2010,342,600,13.02,0,0,5.518
102,2010,342,700,13.02,0,0,5.523
102,2010,342,800,13.02,0,0,5.518
102,2010,342,1400,13.67,0,.133,433.3
102,2010,342,1500,13.67,0,.133,244.6
102,2010,342,1600,13.67,0,.5,235.8
102,2010,342,1700,13.66,0,.367,351.7
102,2010,342,1800,13.66,0,.317,106.9
102,2010,342,1900,13.66,0,0,15.01
102,2010,342,2000,13.68,0,0,5.753
102,2010,342,2100,13.7,0,0,5.588
102,2010,342,2200,13.72,0,0,5.615
102,2010,342,2300,13.73,0,0,5.582
101,2010,342,2400,13.66,0,.683
102,2010,342,2400,13.74,0,0,5.428
102,2010,343,100,13.75,0,0,5.39
102,2010,343,200,13.75,0,0,5.396
102,2010,343,300,13.76,0,0,5.429
102,2010,343,400,13.76,0,0,5.407
102,2010,343,500,13.77,0,0,5.429
102,2010,343,600,13.78,0,0,5.419
102,2010,343,700,13.79,0,0,5.441
102,2010,343,800,13.8,0,0,13.32
102,2010,343,1400,13.66,0,.217,147.2
102,2010,343,1500,13.71,0,.533,220.3
102,2010,343,1600,13.71,26.631,0,6.931
102,2010,343,1700,13.72,0,0,9.11
102,2010,343,1800,13.73,9.8861,0,5.946
102,2010,343,1900,13.74,0,0,5.836
102,2010,343,2000,13.77,0,0,5.379
102,2010,343,2100,13.76,0,0,5.308
102,2010,343,2200,13.77,0,0,5.286
102,2010,343,2300,13.78,0,0,5.308
101,2010,343,2400,13.66,36.517,.75
102,2010,343,2400,13.79,0,0,5.303
102,2010,344,100,13.79,0,0,5.303
102,2010,344,200,13.8,0,0,5.331
102,2010,344,300,13.79,0,0,5.292
102,2010,344,400,13.8,0,0,5.303
102,2010,344,500,13.81,0,0,5.309
102,2010,344,600,13.81,0,0,5.309
102,2010,344,700,13.81,0,0,5.287
102,2010,344,800,13.82,0,0,11.38
102,2010,344,900,13.81,0,.05,38.06
102,2010,344,1000,13.8,0,1,496.1
102,2010,347,900,13.73,0,.466,325.5
102,2010,347,1000,13.73,0,.983,460.4
102,2010,347,1100,13.72,0,.816,456.8
102,2010,347,1200,13.71,0,.233,515.5
102,2010,347,1300,13.7,0,.983,457.2
102,2010,347,1400,13.69,0,.683,176
102,2010,347,1500,13.68,0,.983,337.4
102,2010,347,1600,13.67,0,1,435
102,2010,347,1700,13.67,0,1,319.3
102,2010,347,1800,13.66,0,.983,336.6
102,2010,347,1900,13.66,0,0,15.9
102,2010,347,2000,13.67,0,0,5.764
102,2010,347,2100,13.68,0,0,5.599
102,2010,347,2200,13.7,0,0,5.566
102,2010,347,2300,13.71,0,0,5.571
101,2010,347,2400,13.66,0,5.864
102,2010,347,2400,13.72,0,0,5.527
102,2010,348,100,13.74,0,0,5.517
102,2010,348,200,13.75,0,0,5.495
102,2010,348,300,13.77,0,0,5.451
102,2010,348,400,13.77,0,0,5.375
102,2010,348,500,13.79,0,0,5.331
102,2010,348,600,13.82,0,0,5.292
102,2010,348,700,13.82,0,0,5.287
102,2010,348,800,13.84,0,.466,205.6
102,2010,348,900,13.83,0,1,644.9
102,2010,348,1000,13.8,0,1,801
102,2010,348,1100,13.78,0,1,852
102,2010,348,1200,13.75,0,1,860
102,2010,348,1300,13.72,0,1,784
102,2010,348,1400,13.7,0,1,649.8
102,2010,348,1600,13.65,0,.433,557.9
102,2010,348,1700,13.68,0,.583,309.3
102,2010,348,1800,13.68,0,.55,283.4
102,2010,348,1900,13.31,0,0,5.751
102,2010,348,2000,13.65,0,0,5.615
102,2010,348,2100,13.72,0,0,5.61
102,2010,348,2200,13.38,0,0,5.6
102,2010,348,2300,13.32,0,0,5.571
101,2010,348,2400,13.23,0,0
102,2010,348,2400,13.23,0,0,5.544
102,2010,349,100,13.12,0,0,5.578
102,2010,349,200,13.07,0,0,5.539
102,2010,349,300,13.06,0,0,5.551
102,2010,349,400,13.05,0,0,5.556
102,2010,349,500,13.05,0,0,5.556
102,2010,349,600,13.04,0,0,5.534
102,2010,349,700,13.04,0,0,5.518
102,2010,349,800,13.05,0,.45,190.7
102,2010,349,900,13.75,0,.75,672.2
102,2010,349,1000,13.75,0,1,804
102,2010,349,1100,13.74,0,1,858
102,2010,349,1300,13.7,0,.85,754
102,2010,349,1400,13.67,0,1,635.7
102,2010,349,1600,13.63,0,.8,609.5
102,2010,349,1700,13.66,0,.966,564.2
102,2010,349,1800,13.67,0,.05,335
102,2010,349,1900,13.66,0,.417,104.5
102,2010,349,2000,13.68,0,0,5.633
102,2010,349,2100,13.7,0,0,5.599
102,2010,349,2200,13.71,0,0,5.582
102,2010,349,2300,13.29,0,0,5.568
101,2010,349,2400,13.15,0,0
102,2010,349,2400,13.15,0,0,5.511
102,2010,350,100,13.08,0,0,5.495
102,2010,350,200,13.06,0,0,5.484
102,2010,350,300,13.05,0,0,5.473
102,2010,350,400,13.02,0,0,5.479
102,2010,350,500,13.02,0,0,5.468
102,2010,350,600,13,0,0,5.457
102,2010,350,700,13,0,0,5.435
102,2010,350,800,13,0,.45,143.7
102,2010,350,900,13.73,0,.6,630.4
102,2010,350,1000,13.76,0,1,755
102,2010,350,1100,13.77,0,1,826
102,2010,350,1200,13.74,0,1,827
102,2010,350,1300,13.73,0,1,751
102,2010,350,1400,13.7,0,.217,653.5
102,2010,350,1500,13.68,0,1,682.9
102,2010,350,1600,13.66,0,.7,403.9
102,2010,350,1700,13.66,0,1,634.8
102,2010,350,1800,13.65,0,.833,336.4
102,2010,350,1900,13.66,0,.55,131
102,2010,350,2000,13.66,0,0,5.835
102,2010,350,2100,13.68,0,0,5.709
102,2010,350,2200,13.68,0,0,5.643
102,2010,350,2300,13.7,0,0,5.582
101,2010,350,2400,13.65,0,4.298
102,2010,350,2400,13.71,0,0,5.489
102,2010,351,100,13.72,0,0,5.389
102,2010,351,200,13.74,0,0,5.329
102,2010,351,300,13.75,0,0,5.291
102,2010,351,400,13.77,0,0,5.286
102,2010,351,500,13.77,0,0,5.286
102,2010,351,600,13.79,0,0,5.286
102,2010,351,700,13.79,0,0,5.287
102,2010,351,800,13.81,0,.433,152.4
102,2010,351,900,13.8,0,1,582.2
102,2010,351,1000,13.77,0,1,769
102,2010,351,1100,13.74,0,1,827
102,2010,351,1200,13.72,0,1,835
102,2010,351,1300,13.7,0,1,759
102,2010,351,1400,13.68,0,1,629.7
102,2010,351,1500,13.65,0,.05,705
102,2010,351,1600,13.65,0,1,703
102,2010,351,1700,13.64,0,1,666
102,2010,351,1800,13.64,0,1,524.3
102,2010,351,1900,13.64,0,.55,148.7
102,2010,351,2000,13.44,0,0,5.907
102,2010,351,2100,13.39,0,0,5.654
102,2010,351,2200,13.39,0,0,5.615
102,2010,351,2300,13.71,0,0,5.577
101,2010,351,2400,13.39,0,3.599
102,2010,351,2400,13.72,0,0,5.527
102,2010,352,100,13.74,0,0,5.555
102,2010,352,200,13.75,0,0,5.527
102,2010,352,300,13.76,0,0,5.533
102,2010,352,400,13.78,0,0,5.451
102,2010,352,500,13.79,0,0,5.49
102,2010,352,600,13.81,0,0,5.49
102,2010,352,700,13.82,0,0,5.485
102,2010,352,2000,13.42,0,0,5.674
102,2010,352,2100,13.38,0,0,5.626
102,2010,352,2200,13.59,0,0,5.621
102,2010,352,2300,13.59,0,0,5.588
101,2010,352,2400,13.38,0,0
102,2010,352,2400,13.68,0,0,5.588
102,2010,353,100,13.74,0,0,5.549
102,2010,353,200,13.75,0,0,5.56
102,2010,353,300,13.77,0,0,5.55
102,2010,353,400,13.78,0,0,5.512
102,2010,353,500,13.79,0,0,5.55
102,2010,353,600,13.81,0,0,5.523
102,2010,353,2000,13.48,0,0,5.656
102,2010,353,2100,13.42,0,0,5.621
102,2010,353,2200,13.47,0,0,5.599
102,2010,353,2300,13.65,0,0,5.593
101,2010,353,2400,13.42,0,0
102,2010,353,2400,13.72,0,0,5.56
102,2010,354,100,13.74,0,0,5.505
102,2010,354,200,13.76,0,0,5.511
102,2010,354,300,13.76,0,0,5.522
102,2010,354,400,13.77,0,0,5.5
102,2010,354,500,13.8,0,0,5.44
102,2010,354,600,13.82,0,0,5.435
102,2010,354,700,13.82,0,0,5.468
102,2010,354,800,13.82,0,.283,69.75
102,2010,355,1800,13.61,0,.183,82
102,2010,355,1900,13.63,0,.183,57.91
102,2010,355,2000,13.65,0,0,5.692
102,2010,355,2100,13.66,0,0,5.544
102,2010,355,2200,13.69,0,0,5.389
102,2010,355,2300,13.71,0,0,5.312
101,2010,355,2400,13.61,0,.367
102,2010,355,2400,13.72,0,0,5.373
102,2010,356,100,13.74,0,0,5.285
102,2010,356,200,13.75,0,0,5.286
102,2010,356,300,13.75,0,0,5.291
102,2010,356,400,13.77,0,0,5.286
102,2010,356,500,13.79,0,0,5.287
102,2010,356,600,13.8,0,0,5.287
102,2010,356,700,13.8,0,0,5.287
102,2010,356,800,13.81,0,0,5.292
102,2010,356,900,13.81,0,0,5.639
102,2010,356,1000,13.78,0,.916,408.4
102,2010,356,1100,13.75,0,.883,559.2
102,2010,356,1200,13.74,0,1,542.6
102,2010,356,1300,13.72,0,.983,489.2
102,2010,356,1400,13.7,0,.8,298.1
102,2010,356,1500,13.69,0,.1,38.63
102,2010,356,1600,13.7,0,0,5.945
102,2010,356,1700,13.71,0,0,5.945
102,2010,356,1800,13.71,0,0,5.945
102,2010,356,1900,13.71,0,0,5.809
102,2010,356,2000,13.72,0,0,5.654
102,2010,356,2100,13.73,0,0,5.472
102,2010,356,2200,13.74,0,0,5.34
102,2010,356,2300,13.75,0,0,5.285
101,2010,356,2400,13.71,0,0
102,2010,356,2400,13.76,0,0,5.286
102,2010,357,100,13.77,0,0,5.286
102,2010,357,200,13.78,0,0,5.286
102,2010,357,300,13.79,0,0,5.287
102,2010,357,400,13.81,0,0,5.287
102,2010,357,500,13.81,0,0,5.287
102,2010,357,600,13.82,0,0,5.287
102,2010,357,700,13.83,0,0,5.287
102,2010,357,800,13.85,0,.233,55.63
102,2010,357,900,13.84,0,1,369
102,2010,357,1000,13.8,0,1,563.7
102,2010,357,1100,13.78,0,1,647.1
102,2010,357,1200,13.75,0,1,667.1
102,2010,357,1300,13.73,0,.8,448.4
102,2010,357,1400,13.72,0,.5,182.3
102,2010,357,1500,13.7,0,.783,389.8
102,2010,357,1600,13.68,0,.916,513.6
102,2010,357,1700,13.67,0,.833,454.9
102,2010,357,1800,13.66,0,.716,285.3
102,2010,357,1900,13.67,0,0,18.05
102,2010,357,2000,13.68,0,0,5.78
102,2010,357,2100,13.69,0,0,5.709
102,2010,357,2200,13.7,0,0,5.533
102,2010,357,2300,13.72,0,0,5.4
101,2010,357,2400,13.66,0,8.78
102,2010,357,2400,13.73,0,0,5.356
102,2010,358,100,13.74,0,0,5.323
102,2010,358,200,13.75,0,0,5.329
102,2010,358,300,13.75,0,0,5.341
102,2010,358,400,13.77,0,0,5.297
102,2010,358,500,13.8,0,0,5.292
102,2010,358,600,13.81,0,0,5.347
102,2010,358,700,13.81,0,0,5.375
102,2010,358,800,13.81,0,.183,51.95
102,2010,358,900,13.8,0,.95,249.9
102,2010,358,1000,13.79,0,1,514.3
102,2010,358,1100,13.76,0,1,605.2
102,2010,358,1200,13.74,0,1,613.1
102,2010,358,1300,13.72,0,.85,437.5
102,2010,358,1400,13.7,0,.85,293.9
102,2010,358,1500,13.68,0,.816,338.5
102,2010,358,1600,13.67,0,.9,509.6
102,2010,358,1700,13.66,0,1,496.1
102,2010,358,1800,13.66,0,1,334.6
102,2010,358,1900,13.66,0,.5,105.7
102,2010,358,2000,13.66,0,0,5.797
102,2010,358,2100,13.68,0,0,5.659
102,2010,358,2200,13.69,0,0,5.5
102,2010,358,2300,13.7,0,0,5.478
101,2010,358,2400,13.66,0,10.05
102,2010,358,2400,13.72,0,0,5.45
102,2010,359,100,13.72,0,0,5.456
102,2010,359,200,13.73,0,0,5.461
102,2010,359,300,13.74,0,0,5.472
102,2010,359,400,13.74,0,0,5.516
102,2010,359,500,13.75,0,0,5.439
102,2010,359,600,13.76,0,0,5.357
102,2010,359,700,13.77,0,0,5.396
102,2010,359,800,13.78,0,.017,35
102,2010,359,900,13.77,0,1,268.3
102,2010,359,1000,13.75,0,1,488
102,2010,359,1100,13.73,0,.916,597.3
102,2010,359,1200,13.72,0,.783,435.3
102,2010,359,1300,13.7,0,.466,200.7
102,2010,359,1400,13.68,0,.716,265.3
102,2010,359,1500,13.68,0,.15,45.39
102,2010,359,1600,13.68,0,0,6.837
102,2010,359,1700,13.72,0,0,17.62
102,2010,359,1800,13.73,0,0,5.94
102,2010,359,1900,13.74,0,0,5.715
102,2010,359,2000,13.74,0,0,5.516
102,2010,359,2100,13.74,0,0,5.593
102,2010,359,2200,13.74,0,0,5.544
102,2010,359,2300,13.75,0,0,5.544
101,2010,359,2400,13.68,0,3.032
102,2010,359,2400,13.77,0,0,5.55
102,2010,360,100,13.77,0,0,5.528
102,2010,360,200,13.77,0,0,5.506
102,2010,360,300,13.78,0,0,5.529
102,2010,360,400,13.78,0,0,5.501
102,2010,360,500,13.79,0,0,5.485
102,2010,360,600,13.79,0,0,5.474
102,2010,360,700,13.79,0,0,5.479
102,2010,360,800,13.8,0,.3,70.2
102,2010,360,900,13.8,0,1,421.6
102,2010,360,1000,13.77,0,.983,585.6
102,2010,360,1100,13.76,0,1,728
102,2010,360,1200,13.74,0,1,753
102,2010,360,1300,13.72,0,.783,524.5
102,2010,360,1400,13.7,0,.616,303.1
102,2010,360,1500,13.69,0,.833,512.6
102,2010,360,1600,13.66,0,.95,609.3
102,2010,360,1700,13.66,0,.733,462.9
102,2010,360,1800,13.66,0,.933,460.9
102,2010,360,1900,13.65,0,.283,93.7
102,2010,360,2000,13.67,0,0,5.808
102,2010,360,2100,13.68,0,0,5.659
102,2010,360,2200,13.7,0,0,5.445
102,2010,360,2300,13.7,0,0,5.472
101,2010,360,2400,13.65,0,9.41
102,2010,360,2400,13.72,0,0,5.461
102,2010,361,100,13.73,0,0,5.478
102,2010,361,200,13.74,0,0,5.445
102,2010,361,300,13.75,0,0,5.396
102,2010,361,400,13.75,0,0,5.341
102,2010,361,500,13.76,0,0,5.385
102,2010,361,600,13.76,0,0,5.346
102,2010,361,700,13.77,0,0,5.347
102,2010,361,800,13.78,0,.15,55.49
102,2010,361,900,13.77,0,.966,450.2
102,2010,361,1000,13.75,0,.9,316.6
102,2010,361,1100,13.74,0,1,512.8
102,2010,361,1200,13.72,0,1,620
102,2010,361,1300,13.7,0,.95,625.7
102,2010,361,1400,13.68,0,.833,434.1
102,2010,361,1500,13.66,0,.95,568.4
102,2010,361,1600,13.65,0,.95,583.2
102,2010,361,1700,13.64,0,.966,604.7
102,2010,361,1800,13.64,0,.5,223.5
102,2010,361,1900,13.66,0,0,7.02
102,2010,361,2000,13.66,0,0,5.654
102,2010,361,2100,13.68,0,0,5.571
102,2010,361,2200,13.7,0,0,5.588
102,2010,361,2300,13.7,0,0,5.549
101,2010,361,2400,13.64,0,9.16
102,2010,361,2400,13.72,0,0,5.483
102,2010,362,100,13.72,0,0,5.406
102,2010,362,200,13.73,0,0,5.345
102,2010,362,300,13.73,0,0,5.34
102,2010,362,400,13.74,0,0,5.291
102,2010,362,500,13.75,0,0,5.319
102,2010,362,600,13.75,0,0,5.346
102,2010,362,700,13.77,0,0,5.374
102,2010,362,800,13.77,0,0,11.74