,698.09,.1,46.95,606.73,656.78,642.47
101,2016,219,1700,12.08,4841,577.77,0,30.17,529.25,554.13,549.01
101,2016,219,1800,12.07,4841,261.74,0,20.1,232.26,248.53,246.88
101,2016,219,1900,12.07,4841,230.18,.067,44.24,185.93,196.35,200.04
101,2016,219,2000,12.07,4841,7.744,0,4.096,7.6672,8.4864,6.6739
101,2016,219,2100,12.07,4841,0,0,3.353,0,0,0
101,2016,219,2200,12.06,4841,0,0,3.353,0,0,0
101,2016,219,2300,12.07,4841,0,0,3.353,0,0,0
101,2016,219,2400,12.06,4841,0,0,3.353,0,0,0
102,2016,219,2400,11.71,4841,12682,2.949,54.31,10216,11494,11056
101,2016,220,100,12.05,4841,0,0,3.353,0,0,0
101,2016,220,200,11.91,4841,0,0,3.353,0,0,0
101,2016,220,300,12.06,4841,0,0,3.353,0,0,0
101,2016,220,400,12.04,4841,0,0,3.353,0,0,0
101,2016,220,500,11.81,4841,0,0,3.353,0,0,0
101,2016,220,600,12.08,4841,0,0,3.353,0,0,0
101,2016,220,700,12.1,4841,0,0,3.353,0,0,0
101,2016,220,800,12.1,4841,12.795,0,3.353,12.46,14.618,14.458
101,2016,220,900,12.1,4841,240.95,0,3.353,206.92,226.37,220.72
101,2016,220,1000,12.1,4841,647.45,0,3.432,560.14,607.28,587.46
101,2016,220,1100,12.1,4841,1218.3,0,17.54,1038.8,1132.4,1095.1
101,2016,220,1200,12.07,4841,1584.5,.383,82.5,1372.3,1494.8,1443.5
101,2016,220,1300,12.05,4841,893.4,.15,60.25,764.16,830.56,804.28
101,2016,220,1400,11.81,4841,284.38,0,7.9,272.7,280.66,282.16
101,2016,220,1500,12.12,4841,2197.1,.55,244.1,1696.6,1937.6,1909.5
101,2016,220,1600,12.12,4841,2253.3,.966,323,1684.2,1929.5,1892.6
101,2016,220,1700,12.12,4841,1674.5,1,299.3,1199.5,1391,1365.9
101,2016,220,1800,12.11,4841,785,0,71.9,636.05,701.04,688.82
101,2016,220,1900,12.06,4841,278.13,0,12.06,246.99,262.59,254.74
101,2016,220,2000,12.1,4841,15.5,0,3.353,12.721,14.459,12.301
101,2016,220,2100,12.1,4841,0,0,3.353,0,0,0
101,2016,220,2200,12.1,4841,0,0,3.353,0,0,0
101,2016,220,2300,12.11,4841,0,0,3.353,0,0,0
101,2016,220,2400,11.81,4841,0,0,3.353,0,0,0
102,2016,220,2400,11.81,4841,12085,3.049,48.7,9703.5,10823,10572
101,2016,221,100,11.88,4841,0,0,3.353,0,0,0
101,2016,221,200,11.88,4841,0,0,3.353,0,0,0
101,2016,221,300,12.09,4841,0,0,3.353,0,0,0
101,2016,221,400,12.12,4841,0,0,3.353,0,0,0
101,2016,221,500,12.12,4841,0,0,3.353,0,.20848,0
101,2016,221,600,12.12,4841,0,0,3.353,.02605,.31885,.3091
101,2016,221,700,12.12,4841,0,0,3.353,.00868,.57638,.25993
101,2016,221,800,12.12,4841,56.787,0,3.353,49.389,54.327,51.367
101,2016,221,900,12.12,4841,289.38,0,3.353,245.89,267.42,257.72
101,2016,221,1000,12.12,4841,562,0,3.353,500.31,533.78,520.88
101,2016,221,1100,12.12,4841,740.3,0,3.845,634.78,687.6,668.41
101,2016,221,1200,12.12,4841,671.8,0,3.353,588.92,633.58,619.8
101,2016,221,1300,12.1,4841,1842.3,.033,24.19,1544.9,1696.6,1650.2
101,2016,221,1400,12.12,4841,1711.7,0,12.22,1464.1,1592.7,1550.8
101,2016,221,1500,12.12,4841,1382.9,0,54.84,1160.4,1262.3,1236.3
101,2016,221,1600,12.1,4841,2078.1,.35,193.2,1625.1,1833.3,1788.1
101,2016,221,1700,12.09,4841,2340.2,1,415.1,1735.7,1989.7,1943.8
101,2016,221,1800,12.11,4841,1151.7,.916,277.5,811.2,932.89,916.52
101,2016,221,1900,12.11,4841,247,.133,34.98,189.46,208.69,201.94
101,2016,221,2000,12.11,4841,7.654,0,3.353,6,7.0147,5.9432
101,2016,221,2100,12.11,4841,0,0,3.353,0,0,0
101,2016,221,2200,12.1,4841,0,0,3.353,0,0,0
101,2016,221,2300,12.1,4841,0,0,3.353,0,0,0
101,2016,221,2400,12.1,4841,0,0,3.353,0,0,0
102,2016,221,2400,11.88,4841,13082,2.432,44.56,10556,11701,11412
101,2016,222,100,12.1,4841,0,0,3.353,0,0,0
101,2016,222,200,12.1,4841,0,0,3.353,0,0,0
101,2016,222,300,12.1,4841,0,0,3.353,0,0,0
101,2016,222,400,12.1,4841,0,0,3.353,0,0,0
101,2016,222,500,12.1,4841,0,0,3.353,0,0,0
101,2016,222,600,12.1,4841,0,0,3.353,0,0,0
101,2016,222,700,12.1,4841,0,0,3.353,0,0,0
101,2016,222,800,12.1,4841,47.381,0,3.365,43.389,45.767,44.152
101,2016,222,900,12.1,4841,146.46,0,3.353,127.39,137.04,133.01
101,2016,222,1000,12.08,4841,390.2,0,6.768,327.01,357.98,347.34
101,2016,222,1100,12.06,4841,879.27,0,24.29,748.47,820.4,799.66
101,2016,222,1200,12.06,4841,2200.1,.267,110.2,1824.2,2030.8,1968.7
101,2016,222,1300,12.08,4841,2287.8,.183,85,1842.5,2081.3,2016.8
101,2016,222,1400,12.08,4841,1751.9,.267,127.2,1442.7,1613.5,1567.2
101,2016,222,1500,12.08,4841,2363.4,.3,166.2,1933.7,2159.5,2110.6
101,2016,222,1600,12.09,4841,1211.1,.017,20.42,1096.4,1168.1,1148.8
101,2016,222,1700,12.1,4841,695.58,0,12.02,625.11,669.98,651.48
101,2016,222,1800,12.09,4841,488.52,0,3.393,423.9,458.13,444.72
101,2016,222,1900,11.87,4841,139.78,0,3.353,123.91,133.61,127.34
101,2016,222,2000,11.88,4841,4.6668,0,3.353,3.6556,4.4762,3.2175
101,2016,222,2100,11.89,4841,0,0,3.353,0,0,0
101,2016,222,2200,11.9,4841,0,0,3.353,0,0,0
101,2016,222,2300,11.91,4841,0,0,3.353,0,0,0
101,2016,222,2400,11.89,4841,0,0,3.353,0,0,0
102,2016,222,2400,11.87,4841,12606,1.033,25.24,10562,11681,11363
101,2016,223,100,11.89,4841,0,0,3.353,0,0,0
101,2016,223,200,11.88,4841,0,0,3.353,0,0,0
101,2016,223,300,11.87,4841,0,0,3.353,0,0,0
101,2016,223,400,11.87,4841,0,0,3.353,0,0,0
101,2016,223,500,11.85,4841,0,0,3.353,0,0,0
101,2016,223,600,11.91,4841,0,0,3.353,0,0,0
101,2016,223,700,11.91,4841,0,0,3.353,0,0,0
101,2016,223,800,11.87,4841,114.15,.133,38.46,90.225,107.22,91.782
101,2016,223,900,11.87,4841,756.51,1,343.6,545.04,697.24,597.06
101,2016,223,1000,11.87,4841,1502.3,.95,415.3,1159.2,1376.5,1251
101,2016,223,1100,11.87,4841,1647.3,.55,240.6,1316,1498,1413.3
101,2016,223,1200,11.88,4841,2277.7,.566,311.1,1812.3,2083.7,1993.1
101,2016,223,1300,12.06,4841,271.6,0,17.87,230.15,252.25,233.79
101,2016,223,1400,11.85,4841,338.08,0,19.82,308.72,328.39,323.62
101,2016,223,1500,11.88,4841,986.66,0,21.9,879.56,940.15,929.61
101,2016,223,1600,11.86,4841,486.14,0,39.94,444.6,457.86,460.04
101,2016,223,1700,11.89,4841,923.6,.383,147.1,721.76,803.85,790.59
101,2016,223,1800,12.08,4841,1177.2,.8,419.2,745.67,886.16,868.99
101,2016,223,1900,12.09,4841,460.84,.267,130.5,262.94,309.7,298.5
101,2016,223,2000,12.02,4841,9.6455,0,3.666,6.5384,8.5354,5.9292
101,2016,223,2100,12.06,4841,0,0,3.353,0,0,0
101,2016,223,2200,11.79,4841,0,0,3.353,0,0,0
101,2016,223,2300,12.12,4841,0,0,3.353,0,0,0
101,2016,223,2400,12.12,4841,0,0,3.353,0,0,0
102,2016,223,2400,11.79,4841,10952,4.648,91.1,8522.7,9749.6,9257.2
101,2016,224,100,12.12,4841,0,0,3.353,0,0,0
101,2016,224,200,12.11,4841,0,0,3.353,0,0,0
101,2016,224,300,12.11,4841,0,0,3.353,0,0,0
101,2016,224,400,12.11,4841,0,0,3.353,0,0,0
101,2016,224,500,12.11,4841,0,0,3.353,0,0,0
101,2016,224,600,12.11,4841,0,0,3.353,0,0,.01405
101,2016,224,700,12.1,4841,0,0,3.353,.00868,0,.0281
101,2016,224,800,12.11,4841,42.684,0,3.353,37.059,39.954,39.551
101,2016,224,900,12.1,4841,638.35,.4,94,524.03,594.04,548.35
101,2016,224,1000,12.1,4841,1518.5,1,393.6,1142,1368.3,1232.8
101,2016,224,1100,12.04,4841,1823.8,1,321.8,1471.7,1686.7,1583.7
101,2016,224,1200,11.83,4841,2118.5,.5,165.2,1734.4,1955.5,1868.8
101,2016,224,1300,12.08,4841,1858.5,.183,68.15,1524.2,1702.9,1641.2
101,2016,224,1400,12.08,4841,2686.7,.75,257.2,2088.1,2395.5,2321.7
101,2016,224,1500,12.04,4841,2567.6,.683,303.5,1925,2229.1,2155.3
101,2016,224,1600,12.07,4841,2381.2,.8,350.4,1777.2,2044.8,1988.7
101,2016,224,1700,11.95,4841,1874,.816,460.7,1286.5,1517.9,1474.8
101,2016,224,1800,11.79,4841,1323.1,1,481.3,792.14,976.1,949.21
101,2016,224,1900,12.09,4841,297.57,.417,121.9,165.33,205.27,193.41
101,2016,224,2000,12.09,4841,7.6301,0,3.353,4.9667,6.7204,4.0324
101,2016,224,2100,12.06,4841,0,0,3.353,0,0,0
101,2016,224,2200,12.08,4841,0,0,3.353,0,0,0
101,2016,224,2300,12.08,4841,0,0,3.353,0,0,0
101,2016,224,2400,12.06,4841,0,0,3.353,0,0,0
102,2016,224,2400,11.79,4841,19138,7.55,127.6,14473,16723,16002
101,2016,225,100,12.06,4841,0,0,3.353,0,0,0
101,2016,225,200,12.06,4841,0,0,3.353,0,0,0
101,2016,225,300,12.08,4841,0,0,3.353,0,0,0
101,2016,225,400,12.07,4841,.03599,0,3.353,.41679,.14716,.15455
101,2016,225,500,12.08,4841,0,0,3.353,0,0,0
101,2016,225,600,12.08,4841,0,0,3.353,0,0,0
101,2016,225,700,12.08,4841,0,0,3.353,0,0,0
101,2016,225,800,12.08,4841,73.505,.033,17.14,54.755,65.45,56.39
101,2016,225,900,12.04,4841,594.17,.666,190,464,554.31,493.26
101,2016,225,1000,12.04,4841,1181.1,.75,273.4,937.74,1088.2,997.85
101,2016,225,1100,12,4841,1955.1,.583,268.8,1572.7,1789.7,1699.1
101,2016,225,1200,11.77,4841,2223.4,.533,254.2,1793.7,2032.2,1942
101,2016,225,1300,12,4841,677.79,.033,43.92,602.36,646.74,625.68
101,2016,225,1400,12.04,4841,662.21,0,15.46,611.28,650.57,631.88
101,2016,225,1500,12.05,4841,576.74,0,7.04,537.42,567.94,555.2
101,2016,225,1600,12.06,4841,1531.6,.267,141.4,1233.2,1372.4,1336.2
101,2016,225,1700,11.83,4841,1436.2,.566,242.5,1140.7,1276,1249.1
101,2016,225,1800,12.09,4841,1046.1,.55,267,744.2,855.06,834.79
101,2016,225,1900,12.1,4841,224.37,0,6.415,177.19,191.41,183.1
101,2016,225,2000,12.08,4841,9.7475,0,3.387,7.2504,8.7194,6.3156
101,2016,225,2100,12.06,4841,0,0,3.353,0,0,0
101,2016,225,2200,12.09,4841,0,0,3.353,0,0,0
101,2016,225,2300,12.09,4841,0,0,3.353,0,0,0
101,2016,225,2400,12.09,4841,0,0,3.353,0,0,0
102,2016,225,2400,11.77,4841,12192,3.982,73.6,9876.9,11099,10611
101,2016,226,100,12.09,4841,0,0,3.353,0,1.0915,.04215
101,2016,226,200,12.09,4841,0,0,3.353,.78148,3.446,2.7046
101,2016,226,300,12.04,4841,0,0,3.353,0,.84618,.16158
101,2016,226,400,11.78,4841,0,0,3.353,0,.01226,0
101,2016,226,500,12.1,4841,0,0,3.353,0,0,0
101,2016,226,600,12.1,4841,0,0,3.353,0,0,0
101,2016,226,700,12.1,4841,0,0,3.353,0,0,0
101,2016,226,800,12.11,4841,149,.25,63.19,110.24,137.49,115.8
101,2016,226,900,12.1,4841,884.23,1,367.2,665.08,822.59,724.72
101,2016,226,1000,12.1,4841,1636.5,1,478.4,1246,1486.3,1345.9
101,2016,226,1100,12.1,4841,2430,1,638.6,1856.3,2204.3,2043.1
101,2016,226,1200,12.1,4841,2991.5,1,657.4,2294.5,2716.2,2560.9
101,2016,226,1300,12.1,4841,3174.1,.933,571.5,2438.1,2854.1,2731.6
101,2016,226,1400,12.1,4841,3303.3,.9,478.5,2560.7,2952.4,2848.4
101,2016,226,1500,12.1,4841,1736.5,.3,158.4,1402.1,1565,1517.3
101,2016,226,1600,12.1,4841,1831.1,.533,240.7,1400.1,1589.5,1544.8
101,2016,226,1700,12.1,4841,1508.5,1,288.3,1072.7,1247.6,1209.9
101,2016,226,1800,12.11,4841,781.27,1,210.3,519.86,609.45,588.75
101,2016,226,1900,12.11,4841,453.91,.433,110.8,306.98,344.31,334.02
101,2016,226,2000,12.11,4841,17.798,0,3.353,12.512,15.636,12.61
101,2016,226,2100,12.11,4841,0,0,3.353,0,0,0
101,2016,226,2200,12.11,4841,0,0,3.353,0,0,0
101,2016,226,2300,12.11,4841,0,0,3.353,0,0,0
101,2016,226,2400,12.11,4841,0,0,3.353,0,0,0
102,2016,226,2400,11.78,4841,20898,9.35,179.3,15886,18550,17581
101,2016,227,100,12.11,4841,0,0,3.353,0,0,0
101,2016,227,200,12.12,4841,0,0,3.353,0,0,0
101,2016,227,300,12.12,4841,0,0,3.353,0,0,0
101,2016,227,400,12.12,4841,0,0,3.353,0,0,0
101,2016,227,500,12.11,4841,0,0,3.353,0,0,0
101,2016,227,600,12.11,4841,0,0,3.353,0,0,0
101,2016,227,700,12.11,4841,0,0,3.353,0,0,0
101,2016,227,800,12.1,4841,108.07,.283,67.9,69.873,99.825,78.519
101,2016,227,900,12.1,4841,786.94,.85,363,592.57,738.83,639.36
101,2016,227,1000,12.1,4841,1704.5,1,561.9,1306.6,1563.8,1408.8
101,2016,227,1100,12.02,4841,2253.9,1,584.1,1742.8,2058.1,1909.8
101,2016,227,1200,12.04,4841,2992.3,1,645.2,2313.4,2727.6,2573.8
101,2016,227,1300,12.04,4841,2679.6,.683,389.1,2100,2435.1,2329.5
101,2016,227,1400,11.83,4841,2419.9,.516,278.7,1943.7,2191.2,2130.6
101,2016,227,1500,12.11,4841,2279.7,.516,298.5,1775,2021.5,1954.5
101,2016,227,1600,12.11,4841,95.238,0,3.526,94.343,94.994,82.679
101,2016,227,1700,12.1,4841,151.35,0,5.795,138.76,147.6,152.13
101,2016,227,1800,12.1,4841,338.85,0,3.828,298.14,319.37,318.12
101,2016,227,1900,12.1,4841,165.25,0,3.543,147.68,155.12,152.37
101,2016,227,2000,12.11,4841,2.7713,0,3.353,2.5355,2.7838,2.255
101,2016,227,2100,12.1,4841,0,0,3.353,0,.82165,.0843
101,2016,227,2200,12.1,4841,0,0,3.353,0,0,0
101,2016,227,2300,12.11,4841,0,0,3.353,0,0,0
101,2016,227,2400,12.1,4841,0,0,3.353,0,0,0
102,2016,227,2400,11.83,4841,15978,5.848,135.2,12525,14557,13732
101,2016,228,100,12.1,4841,0,0,3.353,0,0,0
101,2016,228,200,12.1,4841,0,0,3.353,0,0,0
101,2016,228,300,12.1,4841,0,0,3.353,0,0,0
101,2016,228,400,12.1,4841,0,0,3.353,0,0,0
101,2016,228,500,12.1,4841,0,0,3.353,0,0,0
101,2016,228,600,12.1,4841,0,0,3.353,0,0,0
101,2016,228,700,12.1,4841,0,0,3.353,0,0,0
101,2016,228,800,12.1,4841,80.108,0,26.87,57.004,71.226,55.448
101,2016,228,900,12.09,4841,330.74,.2,88.1,269.82,311.61,274.51
101,2016,228,1000,12.02,4841,560.44,0,14.38,460.56,506.64,485.84
101,2016,228,1100,12.07,4841,884.76,0,6.528,775.03,829.94,808.65
101,2016,228,1200,12.05,4841,2260.9,.55,231.2,1819.8,2065.7,1980
101,2016,228,1300,12.02,4841,3444.6,.983,584.7,2667.9,3104.3,2972.9
101,2016,228,1400,12.06,4841,3721.6,.983,594.5,2917.3,3344.4,3233.9
101,2016,228,1500,12.04,4841,3175.9,.866,505.3,2426.8,2776.9,2695.6
101,2016,228,1600,12.01,4841,2260.6,.633,385.8,1659.5,1927.3,1875.6
101,2016,228,1700,11.79,4841,740.81,.017,21.08,615.91,674.86,657.83
101,2016,228,1800,12.09,4841,583.57,0,16.3,475.44,522.03,507.06
101,2016,228,1900,12.09,4841,262.87,.017,36.34,195.5,213.58,204.7
101,2016,228,2000,12.1,4841,10.659,0,3.699,7.3807,9.3694,6.428
101,2016,228,2100,12.1,4841,0,0,3.353,0,0,0
101,2016,228,2200,12.1,4841,0,0,3.353,0,0,0
101,2016,228,2300,12.1,4841,0,0,3.353,0,0,0
101,2016,228,2400,12.1,4841,0,0,3.353,0,0,0
102,2016,228,2400,11.79,4841,18318,4.248,106.3,14348,16358,15758
101,2016,229,100,12.1,4841,0,0,3.353,0,0,0
101,2016,229,200,12.1,4841,0,0,3.353,0,0,0
101,2016,229,300,12.1,4841,0,0,3.353,0,0,0
101,2016,229,400,12.1,4841,0,0,3.353,0,0,0
101,2016,229,500,12.1,4841,0,0,3.353,0,0,0
101,2016,229,600,12.1,4841,0,0,3.353,0,0,0
101,2016,229,700,12.1,4841,0,0,3.353,0,0,0
101,2016,229,800,12.1,4841,16.19,0,3.353,13.25,14.741,13.973
101,2016,229,900,11.45,4841,165.91,0,3.353,149.73,158.46,158.01
101,2016,229,1000,11.98,4841,1896.6,.766,431,1499.2,1746.1,1639
101,2016,229,1100,11.98,4841,2150.2,.783,440.8,1728.7,1982.2,1870.3
101,2016,229,1200,11.94,4841,1871,.383,145.6,1586.6,1756.9,1706.7
101,2016,229,1300,11.9,4841,2268.3,.566,212.8,1851.3,2084,2012.4
101,2016,229,1400,11.89,4841,3331.2,.85,388.5,2622.2,2989,2906.3
101,2016,229,1500,11.88,4841,2761,.85,368.3,2135.5,2437.8,2379.7
101,2016,229,1600,11.79,4841,2812.3,1,660.3,2043.3,2372,2329.1
101,2016,229,1700,11.74,4841,2049.3,1,591.9,1406,1653.7,1623.2
101,2016,229,1800,11.78,4841,1231.1,1,471.5,761.64,919.15,906.68
101,2016,229,1900,11.75,4841,392.35,.466,150.2,215.36,259.65,253.68
101,2016,229,2000,11.77,4841,10.396,0,3.811,6.7903,8.5601,6.1119
101,2016,229,2100,11.75,4841,0,0,3.353,0,0,0
101,2016,229,2200,11.63,4841,0,0,3.353,0,0,0
101,2016,229,2300,11.67,4841,0,0,3.353,0,0,0
101,2016,229,2400,11.57,4841,0,0,3.353,0,0,0
102,2016,229,2400,11.45,4841,20956,7.66,162.8,16020,18382,17805
101,2016,230,100,11.73,4841,0,0,3.353,0,0,0
101,2016,230,200,11.8,4841,0,0,3.353,0,0,0
101,2016,230,300,11.94,4841,0,0,3.353,0,0,0
101,2016,230,400,11.93,4841,0,0,3.353,0,0,0
101,2016,230,500,11.96,4841,0,0,3.353,0,0,0
101,2016,230,600,12,4841,0,0,3.353,0,0,0
101,2016,230,700,11.92,4841,0,0,3.353,0,0,.00703
101,2016,230,800,11.96,4841,116.36,.233,61.22,87.022,110.59,93.447
101,2016,230,900,11.93,4841,769.65,1,360.3,588.9,727.99,632.41
101,2016,230,1000,11.92,4841,1612.4,1,478.5,1286.4,1506.5,1380.9
101,2016,230,1100,11.96,4841,2502.6,.983,571,1951.3,2283,2144.2
101,2016,230,1200,11.95,4841,3074.8,1,632.4,2395.9,2806.9,2676.3
101,2016,230,1300,11.98,4841,3230.7,.933,596.2,2493.7,2918.7,2825.4
101,2016,230,1400,11.94,4841,3036.8,.866,493.1,2341.3,2712.4,2642.4
101,2016,230,1500,11.96,4841,3195.5,1,604.3,2421.2,2794.6,2739.3
101,2016,230,1600,11.9,4841,2731.8,1,631.5,1994.4,2313.3,2279.7
101,2016,230,1700,11.9,4841,1928.7,.933,470.9,1368.1,1585.9,1566.2
101,2016,230,1800,11.91,4841,1169.5,.966,398.8,752.2,890.39,880.82
101,2016,230,1900,11.97,4841,382.52,.466,149.1,214.72,254.94,249.29
101,2016,230,2000,11.95,4841,9.8616,0,3.833,6.9118,8.4619,6.0908
101,2016,230,2100,11.95,4841,0,0,3.353,0,0,0
101,2016,230,2200,11.87,4841,0,0,3.353,0,0,0
101,2016,230,2300,11.91,4841,0,0,3.353,0,0,0
101,2016,230,2400,11.9,4841,0,0,3.353,0,0,0
102,2016,230,2400,11.73,4841,23761,10.38,228.7,17902,20914,20116
101,2016,231,100,11.85,4841,0,0,3.353,0,0,0
101,2016,231,200,11.92,4841,0,0,3.353,0,0,0
101,2016,231,300,11.85,4841,0,0,3.353,0,0,0
101,2016,231,400,11.94,4841,0,0,3.353,0,0,0
101,2016,231,500,11.94,4841,0,0,3.353,0,0,0
101,2016,231,600,11.96,4841,0,0,3.353,0,0,0
101,2016,231,700,11.86,4841,0,0,3.353,0,0,0
101,2016,231,800,11.82,4841,137.81,.317,75.9,102.72,130.08,104.45
101,2016,231,900,11.91,4841,811.67,1,406.4,622.97,769.95,654.25
101,2016,231,1000,11.91,4841,1644.5,1,541.8,1285.3,1523.4,1381
101,2016,231,1100,11.94,4841,2431.2,1,611.9,1915.5,2237.6,2093.6
101,2016,231,1200,11.96,4841,2654.3,.8,489.8,2101.8,2425.8,2315.2
101,2016,231,1300,11.84,4841,3161,.816,517,2480.3,2883.8,2785.2
101,2016,231,1400,11.87,4841,3320.9,.933,581.7,2555.5,2967.5,2883.5
101,2016,231,1500,11.87,4841,3280.4,1,640.7,2491.9,2873.4,2811.2
101,2016,231,1600,11.88,4841,2789.2,1,664.7,2034.9,2363.8,2322.9
101,2016,231,1700,11.93,4841,2121.8,.983,637.9,1445.4,1704.9,1683.9
101,2016,231,1800,11.88,4841,1319,1,552.2,792.24,968.14,962.58
101,2016,231,1900,11.96,4841,439.46,.483,202.1,211.39,262.71,257.43
101,2016,231,2000,12.04,4841,12.429,0,3.856,8.5964,10.277,7.5169
101,2016,231,2100,12.04,4841,0,0,3.353,0,0,0
101,2016,231,2200,12.03,4841,0,0,3.353,0,0,0
101,2016,231,2300,12.05,4841,0,0,3.353,0,0,0
101,2016,231,2400,12.04,4841,0,0,3.353,0,0,0
102,2016,231,2400,11.82,4841,24124,10.33,248.5,18048,21121,20263
101,2016,232,100,12.02,4841,0,0,3.353,0,0,0
101,2016,232,200,12.03,4841,0,0,3.353,0,0,0
101,2016,232,300,12.04,4841,0,0,3.353,0,0,0
101,2016,232,400,11.98,4841,0,0,3.353,0,0,0
101,2016,232,500,12.05,4841,0,0,3.353,0,0,0
101,2016,232,600,12.08,4841,0,0,3.353,0,0,0
101,2016,232,700,12.08,4841,0,0,3.353,0,0,0
101,2016,232,800,12.04,4841,106.82,.233,60.57,77.974,101.86,82.608
101,2016,232,900,12.12,4841,522.76,.317,124.8,432.95,495.11,454.56
101,2016,232,1000,12.11,4841,1556.9,.983,487.3,1250.7,1454.8,1327.9
101,2016,232,1100,12.08,4841,2247.3,.783,441.7,1853,2109.8,2004.4
101,2016,232,1200,12.04,4841,2329.5,.55,341.2,1896.2,2166.4,2077.2
101,2016,232,1300,12.08,4841,1900,.35,154.6,1578.3,1759.8,1714.6
101,2016,232,1400,12.08,4841,2816.2,.616,342.5,2191.8,2503.6,2435.8
101,2016,232,1500,12.07,4841,2961.1,.883,549,2247.4,2586.5,2530.2
101,2016,232,1600,12.11,4841,2883.5,1,691.8,2101.8,2436.2,2397.5
101,2016,232,1700,12.11,4841,2193.6,1,659.1,1501.1,1767.5,1746.8
101,2016,232,1800,12.11,4841,1352.8,1,539.9,827.73,1004.4,995.98
101,2016,232,1900,12.19,4841,489.77,.5,222.9,248.35,303.37,298.02
101,2016,232,2000,12.15,4841,11.793,0,4.102,7.9885,10.044,6.9759
101,2016,232,2100,12.07,4841,0,0,3.353,0,0,0
101,2016,232,2200,12.04,4841,0,0,3.353,0,0,0
101,2016,232,2300,12.12,4841,0,0,3.353,0,0,0
101,2016,232,2400,12.14,4841,0,0,3.353,0,0,0
102,2016,232,2400,11.98,4841,21372,8.21,194,16215,18699,18072
101,2016,233,100,12.2,4841,0,0,3.353,0,0,0
101,2016,233,200,12.2,4841,0,0,3.353,0,0,0
101,2016,233,300,12.12,4841,0,0,3.353,0,0,0
101,2016,233,400,12.12,4841,0,0,3.353,0,0,0
101,2016,233,500,12.12,4841,0,0,3.353,0,0,0
101,2016,233,600,12.16,4841,0,0,3.353,0,0,0
101,2016,233,700,12.13,4841,0,0,3.353,0,0,0
101,2016,233,800,12.15,4841,139.95,.417,102.3,100.95,135.31,110.69
101,2016,233,900,12.08,4841,842.58,1,429.2,642.4,799.62,687.46
101,2016,233,1000,12.06,4841,1734.5,1,577.5,1366.4,1614,1470.7
101,2016,233,1100,12.09,4841,2475,1,646.1,1955.6,2279.8,2139
101,2016,233,1200,12.16,4841,2484.6,.833,484.2,1992.1,2289.2,2187.2
101,2016,233,1300,12.16,4841,2292.9,.566,316.3,1827.3,2097,2034.3
101,2016,233,1400,12.08,4841,2588.1,.616,305.5,2051.1,2332.3,2272.3
101,2016,233,1500,12.05,4841,2457.1,.716,396.2,1897.9,2178.8,2134.4
101,2016,233,1600,12.14,4841,2763.9,1,636.1,2030.1,2347,2305.9
101,2016,233,1700,12.12,4841,1987.6,.883,525.7,1365.4,1607.5,1579.6
101,2016,233,1800,12.12,4841,815.52,.783,279.9,532.7,630.27,619.9
101,2016,233,1900,12.12,4841,366.72,.5,170.2,197.2,239.67,232.33
101,2016,233,2000,12.06,4841,10.359,0,3.755,7.0334,8.9279,6.1892
101,2016,233,2100,12.08,4841,0,0,3.353,0,0,0
101,2016,233,2200,12.07,4841,0,0,3.353,0,0,0
101,2016,233,2300,12.1,4841,0,0,3.353,0,0,0
101,2016,233,2400,12.13,4841,0,0,3.353,0,0,0
102,2016,233,2400,12.05,4841,20959,9.31,204.6,15966,18559,17780
101,2016,234,100,12.14,4841,0,0,3.353,0,0,0
101,2016,234,200,12.15,4841,0,0,3.353,0,0,0
101,2016,234,300,12.13,4841,0,0,3.353,0,0,0
101,2016,234,400,12.08,4841,0,0,3.353,0,0,0
101,2016,234,500,12.14,4841,0,0,3.353,0,0,0
101,2016,234,600,12.07,4841,0,0,3.353,0,0,0
101,2016,234,700,12.04,4841,0,0,3.353,0,0,0
101,2016,234,800,12.08,4841,48.168,0,3.353,42.704,45.437,45.649
101,2016,234,900,12.15,4841,357.6,0,7.56,312.67,336.46,321.36
101,2016,234,1000,12.08,4841,956.15,.15,73.8,806.09,884.98,850.17
101,2016,234,1100,12.14,4841,2220.7,.85,465.3,1822.4,2084.8,1972.1
101,2016,234,1200,12.12,4841,2079.2,.55,318.1,1695.4,1919.3,1832.5
101,2016,234,1300,12.16,4841,2208.3,.483,251.4,1802.8,2041.6,1977.5
101,2016,234,1400,12.11,4841,1938.3,.367,188.5,1592,1781.2,1738.3
101,2016,234,1500,12.12,4841,2928.4,.733,394.8,2343.2,2627,2573.3
101,2016,234,1600,12.11,4841,3008.5,1,581.8,2329.3,2638.5,2587.7
101,2016,234,1700,12.14,4841,1569.5,.533,324.3,1199,1361,1332.8
101,2016,234,1800,12.12,4841,862.46,.683,296.4,579.84,671.95,665.09
101,2016,234,1900,12.15,4841,415.94,.5,159.6,235.52,281.56,273.36
101,2016,234,2000,12.18,4841,6.1605,0,3.353,4.0464,5.7517,3.4704
101,2016,234,2100,12.2,4841,0,0,3.353,0,0,0
101,2016,234,2200,12.14,4841,0,0,3.353,0,0,0
101,2016,234,2300,12.14,4841,0,0,3.353,0,0,0
101,2016,234,2400,12.1,4841,0,0,3.353,0,0,0
102,2016,234,2400,12.04,4841,18599,5.848,129.4,14765,16679,16173
101,2016,235,100,12.17,4841,0,0,3.353,0,0,0
101,2016,235,200,12.14,4841,0,0,3.353,0,0,0
101,2016,235,300,12.19,4841,0,0,3.353,0,0,0
101,2016,235,400,12.17,4841,0,0,3.353,0,0,0
101,2016,235,500,12.13,4841,0,0,3.353,0,0,0
101,2016,235,600,12.13,4841,0,0,3.353,0,0,0
101,2016,235,700,12.12,4841,0,0,3.353,0,0,0
101,2016,235,800,12.1,4841,95.718,0,14.71,83.011,92.394,85.159
101,2016,235,900,12.16,4841,484.96,0,44.9,415.57,455.63,434.02
101,2016,235,1000,12.16,4841,1602.5,.9,403.6,1269,1475.6,1358.2
101,2016,235,1100,12.16,4841,2252.4,1,531.1,1763.1,2061.6,1928.8
101,2016,235,1200,12.16,4841,3006.3,1,637.2,2370.9,2741.8,2634.4
101,2016,235,1300,12.14,4841,2984.2,.85,504.5,2395.7,2753.3,2666.6
101,2016,235,1400,12.11,4841,2286.8,.5,228.8,1906,2132.6,2081.9
101,2016,235,1500,12.12,4841,904.65,.167,111.2,718.3,810.54,784.36
101,2016,235,1600,12.12,4841,687.34,0,15.65,583.87,638.09,622.16
101,2016,235,1700,12.04,4841,288.46,0,9.09,286.64,293.51,288.89
101,2016,235,1800,12.04,4841,169.53,0,3.353,158.33,167.27,159.82
101,2016,235,1900,12.12,4841,64.526,0,3.353,53.697,60.963,53.806
101,2016,235,2000,12.15,4841,2.4954,0,3.353,1.5977,2.5999,1.3278
101,2016,235,2100,12.1,4841,0,0,3.353,0,0,0
101,2016,235,2200,12.04,4841,0,0,3.353,0,0,0
101,2016,235,2300,12.12,4841,0,0,3.353,0,0,0
101,2016,235,2400,12.12,4841,0,0,3.353,0,0,0
102,2016,235,2400,12.04,4841,14830,4.415,106.2,12006,13686,13099
101,2016,236,100,12.12,4841,0,0,3.353,0,0,0
101,2016,236,200,12.11,4841,0,0,3.353,0,0,0
101,2016,236,300,12.08,4841,0,0,3.353,0,0,0
101,2016,236,400,12.1,4841,0,0,3.353,0,0,0
101,2016,236,500,12.14,4841,0,0,3.353,0,0,0
101,2016,236,600,12.12,4841,0,0,3.353,0,0,0
101,2016,236,700,12.12,4841,0,0,3.353,0,0,0
101,2016,236,800,12.11,4841,51.389,0,3.353,42.877,47.558,45.031
101,2016,236,900,12.08,4841,366.75,0,4.136,318.8,343.98,334.23
101,2016,236,1000,12.04,4841,1037.2,.417,138.7,896.34,983.02,937.86
101,2016,236,1100,12.16,4841,1607.9,.8,245.3,1331.3,1503.5,1429.5
101,2016,236,1200,12.16,4841,2898,1,499.2,2328.5,2664.6,2567.1
101,2016,236,1300,12.15,4841,3068.3,.916,485.1,2452.7,2806.8,2730.1
101,2016,236,1400,12.12,4841,3620.1,1,526.5,2942.7,3318.7,3241.6
101,2016,236,1500,12.12,4841,2607.8,.866,365,2103.8,2346.1,2301.2
101,2016,236,1600,12.13,4841,2454,.916,527.5,1852.4,2109.5,2081.9
101,2016,236,1700,12.1,4841,1258.2,.566,320.7,904.7,1040.8,1032.3
101,2016,236,1800,12.07,4841,1030.8,.866,354.8,685.55,803.83,803.82
101,2016,236,1900,12.08,4841,232.64,.083,59.86,164.84,189.78,180.63
101,2016,236,2000,12.1,4841,6.1066,0,3.543,3.7946,5.4206,3.351
101,2016,236,2100,12.12,4841,0,0,3.353,0,0,0
101,2016,236,2200,12.09,4841,0,0,3.353,0,0,0
101,2016,236,2300,12.08,4841,0,0,3.353,0,0,0
101,2016,236,2400,12.07,4841,0,0,3.353,0,0,0
102,2016,236,2400,12.04,4841,20239,7.43,148.8,16028,18164,17689
101,2016,237,100,12.06,4841,0,0,3.353,0,0,0
101,2016,237,200,12.06,4841,0,0,3.353,0,0,0
101,2016,237,300,12.1,4841,0,0,3.353,0,0,0
101,2016,237,400,12.12,4841,0,0,3.353,0,0,0
101,2016,237,500,12.12,4841,0,0,3.353,0,0,0
101,2016,237,600,12.13,4841,0,0,3.353,0,0,0
101,2016,237,700,12.14,4841,0,0,3.353,0,0,0
101,2016,237,800,12.13,4841,55.756,0,3.353,47.879,52.881,49.049
101,2016,237,900,12.11,4841,350.66,0,5.761,312.34,332.31,323.24
101,2016,237,1000,12.1,4841,921.5,0,58.09,793.79,864.23,832.96
101,2016,237,1100,12.11,4841,1125.6,.217,96.8,999.41,1079.1,1042.4
101,2016,237,1200,12.12,4841,1975.6,.6,226.9,1612.2,1822,1763.5
101,2016,237,1300,12.13,4841,3161.1,.983,469.8,2519,2880.8,2811.8
101,2016,237,1400,12.1,4841,2206.3,.333,120.6,1780.8,2005.5,1958.4
101,2016,237,1500,12.08,4841,2117.3,.6,289.1,1701,1895.7,1876.1
101,2016,237,1600,12.08,4841,2481.3,.85,528.1,1883.7,2143.8,2134.1
101,2016,237,1700,12.1,4841,1737.2,.8,383.4,1316.9,1475.8,1479.2
101,2016,237,1800,12.1,4841,1489.2,.9,385.7,1064.8,1218.3,1230.6
101,2016,237,1900,12.09,4841,346.55,.2,89.5,259.05,290.55,286.55
101,2016,237,2000,12.13,4841,7.1923,0,3.353,5.2273,6.6101,5.2478
101,2016,237,2100,12.08,4841,0,0,3.353,0,0,0
101,2016,237,2200,12.06,4841,0,0,3.353,0,0,0
101,2016,237,2300,12.05,4841,0,0,3.353,0,0,0
101,2016,237,2400,12,4841,0,0,3.353,0,0,0
102,2016,237,2400,12,4841,17975,5.481,112.4,14296,16068,15793
101,2016,238,100,12.01,4841,0,0,3.353,0,0,0
101,2016,238,200,12.02,4841,0,0,3.353,0,0,0
101,2016,238,300,12.08,4841,0,0,3.353,0,0,0
101,2016,238,400,12.12,4841,0,0,3.353,0,0,0
101,2016,238,500,12.13,4841,0,0,3.353,0,0,0
101,2016,238,600,12.12,4841,0,0,3.353,0,0,0
101,2016,238,700,12.1,4841,0,0,3.353,0,0,0
101,2016,238,800,12.1,4841,57.43,0,4.728,56.189,59.712,52.267
101,2016,238,900,12.1,4841,324.42,0,33.02,286.34,310.2,294.42
101,2016,238,1000,12.1,4841,769.89,.133,46.99,690.4,740.5,719.65
101,2016,238,1100,12.1,4841,1494.2,.6,172.7,1260.3,1398.3,1344.5
101,2016,238,1200,12.1,4841,2000.9,.417,140.3,1696.4,1873.9,1828.4
101,2016,238,1300,12.1,4841,2936,.666,252,2427.1,2719.5,2677.7
101,2016,238,1400,12.1,4841,3066.4,.733,360.1,2518.9,2835.5,2795.2
101,2016,238,1500,12.1,4841,1238.3,.15,63.59,1049.6,1151.6,1137.9
101,2016,238,1600,12.04,4841,468.91,.017,9.74,432.43,459.21,449.47
101,2016,238,1700,12.06,4841,454.13,.067,43.56,397.59,425.99,426.27
101,2016,238,1800,12.03,4841,1151.8,.933,411.4,813.68,925.27,939.12
101,2016,238,1900,11.98,4841,423.31,.533,172.5,261.71,302.04,302.85
101,2016,238,2000,12.06,4841,12.717,0,4.281,9.3778,11.013,9.0063
101,2016,238,2100,12.12,4841,0,0,3.353,0,0,0
101,2016,238,2200,12.12,4841,0,0,3.353,0,0,0
101,2016,238,2300,12.14,4841,0,0,3.353,0,0,0
101,2016,238,2400,12.15,4841,0,0,3.353,0,0,0
102,2016,238,2400,11.98,4841,14398,4.248,73,11900,13213,12977
101,2016,239,100,12.14,4841,0,0,3.353,0,0,0
101,2016,239,200,12.11,4841,0,0,3.353,0,0,0
101,2016,239,300,12.08,4841,0,0,3.353,0,0,0
101,2016,239,400,12.07,4841,0,0,3.353,0,0,0
101,2016,239,500,12.09,4841,0,0,3.353,0,0,0
101,2016,239,600,12.09,4841,0,0,3.353,0,0,.38638
101,2016,239,700,12.1,4841,0,0,3.353,0,.24527,.07025
101,2016,239,800,12.12,4841,48.426,0,5.712,38.805,47.902,41.589
101,2016,239,900,12.1,4841,303.73,0,7.77,258.21,286.28,282.68
101,2016,239,1000,11.98,4841,1040.3,.267,95,884.95,974.46,931.81
101,2016,239,1100,12.02,4841,1053.9,.15,62.65,927.96,1008.9,972.3
101,2016,239,1200,12.08,4841,3039.3,1,605.2,2449.9,2833.8,2700.1
101,2016,239,1300,12.01,4841,2478.3,.716,411.5,1985.7,2285.5,2189.4
101,2016,239,1400,12.06,4841,207.7,0,6.141,180.83,198.5,189.03
101,2016,239,1500,12.1,4841,1202.1,.267,96.6,981.38,1094.1,1075.9
101,2016,239,1600,12.04,4841,1190.1,.1,36.23,993.71,1090.6,1067.2
101,2016,239,1700,12.1,4841,619.13,0,3.353,569.97,597.79,590.23
101,2016,239,1800,12.12,4841,660.09,.367,151.8,493.13,551.77,548.61
101,2016,239,1900,12.05,4841,235.14,0,42.58,175.7,194.45,187.95
101,2016,239,2000,12.05,4841,7.1442,0,3.688,5.0623,6.4507,4.6998
101,2016,239,2100,12.1,4841,0,0,3.353,0,0,0
101,2016,239,2200,12.09,4841,0,0,3.353,0,0,0
101,2016,239,2300,12.1,4841,0,0,3.353,0,0,0
101,2016,239,2400,12.11,4841,0,0,3.353,0,0,0
102,2016,239,2400,11.98,4841,12085,2.866,65.21,9945.4,11171,10782
101,2016,240,100,12.1,4841,0,0,3.353,0,0,0
101,2016,240,200,12.08,4841,0,0,3.353,0,0,0
101,2016,240,300,12.08,4841,0,0,3.353,0,0,0
101,2016,240,400,12.14,4841,0,0,3.353,0,0,0
101,2016,240,500,12.07,4841,0,0,3.353,0,0,0
101,2016,240,600,12.07,4841,0,0,3.353,0,0,0
101,2016,240,700,12.08,4841,.05399,0,3.353,.03473,.14716,.00703
101,2016,240,800,12.13,4841,101.49,0,11.54,84.348,95.374,87.926
101,2016,240,900,12.14,4841,652.18,.267,116.8,563.38,624.58,586.21
101,2016,240,1000,12.14,4841,1738.2,1,496.1,1445,1652.9,1522.6
101,2016,240,1100,12.12,4841,2225.7,.833,456.3,1838.8,2092,1976.8
101,2016,240,1200,12.12,4841,1709.7,.4,246.3,1425.2,1606.8,1544.7
101,2016,240,1300,12.12,4841,3710.8,1,595.4,2916.6,3378.2,3271
101,2016,240,1400,12.11,4841,2531.4,.5,241.2,2072.5,2326.1,2269.1
101,2016,240,1500,12.11,4841,3466.6,1,612.1,2796.3,3139,3084.5
101,2016,240,1600,12.09,4841,2982,1,630.1,2351.3,2633.1,2606.2
101,2016,240,1700,12.1,4841,2114.5,1,623.9,1558.6,1771.1,1775
101,2016,240,1800,12.11,4841,1293.9,1,542.8,864.48,999.18,1018.2
101,2016,240,1900,12.04,4841,415.12,.55,216.6,229.38,271.25,275.15
101,2016,240,2000,12.06,4841,5.1827,0,3.375,3.0652,4.1819,2.2621
101,2016,240,2100,12.07,4841,0,0,3.353,0,0,0
101,2016,240,2200,12.07,4841,0,0,3.353,0,0,0
101,2016,240,2300,12.1,4841,0,0,3.353,0,0,0
101,2016,240,2400,12.03,4841,0,0,3.353,0,0,0
102,2016,240,2400,12.03,4841,22947,8.55,201.2,18149,20594,20020
101,2016,241,100,12.05,4841,0,0,3.353,0,0,0
101,2016,241,200,12.12,4841,0,0,3.353,0,0,0
101,2016,241,300,12.06,4841,0,0,3.353,0,0,0
101,2016,241,400,12.08,4841,0,0,3.353,0,0,0
101,2016,241,500,12.06,4841,0,0,3.353,0,0,0
101,2016,241,600,12.05,4841,0,0,3.353,0,0,0
101,2016,241,700,12.13,4841,0,0,3.353,0,0,0
101,2016,241,800,12.04,4841,69.151,0,9.02,64.082,69.069,63.05
101,2016,241,900,12.03,4841,441.32,0,22.44,393.93,422.03,406.49
101,2016,241,1000,12.08,4841,1117,.2,105.5,960.59,1051.7,1007.7
101,2016,241,1100,12.1,4841,1953,.9,329.1,1623.8,1827.3,1735.8
101,2016,241,1200,12.08,4841,1630.9,.383,186.3,1393.3,1542,1483
101,2016,241,1300,12.07,4841,2050.1,.45,270.6,1655,1883,1829.6
101,2016,241,1400,12.08,4841,1561.6,.383,113.4,1296.1,1437.6,1413.4
101,2016,241,1500,12.06,4841,3254.3,1,615.5,2659.8,2965,2917.8
101,2016,241,1600,12.04,4841,2781.5,1,649.3,2195.7,2455.8,2437.9
101,2016,241,1700,12.07,4841,2146.8,1,656.2,1559.8,1784.1,1788.8
101,2016,241,1800,12.04,4841,1280.9,1,542,849.68,986.84,1003.7
101,2016,241,1900,11.99,4841,421.37,.566,216.2,244.59,282.71,287.63
101,2016,241,2000,12.02,4841,10.053,0,3.912,6.9118,8.1798,6.0205
101,2016,241,2100,12.04,4841,0,0,3.353,0,0,0
101,2016,241,2200,12.06,4841,0,0,3.353,0,0,0
101,2016,241,2300,12.05,4841,0,0,3.353,0,0,0
101,2016,241,2400,12.09,4841,0,0,3.353,0,0,0
102,2016,241,2400,11.99,4841,18718,6.881,156.5,14903,16715,16381
101,2016,242,100,12.08,4841,0,0,3.353,0,0,0
101,2016,242,200,12.06,4841,0,0,3.353,0,0,0
101,2016,242,300,12.05,4841,0,0,3.353,0,0,0
101,2016,242,400,12.02,4841,0,0,3.353,0,0,0
101,2016,242,500,12.05,4841,0,0,3.353,0,0,0
101,2016,242,600,12.04,4841,0,0,3.353,0,0,0
101,2016,242,700,12.03,4841,0,0,3.353,0,0,0
101,2016,242,800,12.02,4841,113.33,.083,45.34,96.225,110.52,97.072
101,2016,242,900,12.01,4841,786.23,.666,313.5,661.88,767.02,690.72
101,2016,242,1000,11.99,4841,1819.5,1,581.3,1506.7,1742.2,1607.1
101,2016,242,1100,11.98,4841,2599.2,1,655.3,2140.2,2458.8,2320.6
101,2016,242,1200,11.99,4841,3182.4,1,682.2,2575.4,2978.7,2854.1
101,2016,242,1300,11.97,4841,3198.3,.8,508.5,2579.7,2957.6,2868.1
101,2016,242,1400,11.99,4841,3166.6,.866,503.5,2543.4,2890.7,2820.5
101,2016,242,1500,11.96,4841,3297.2,.983,665.5,2603.7,2949.9,2890.3
101,2016,242,1600,11.96,4841,2844,1,695.8,2175.9,2467.8,2438.2
101,2016,242,1700,11.96,4841,2143.7,1,659,1560.3,1783.2,1787.3
101,2016,242,1800,11.98,4841,1267.2,1,535.9,845.75,978.05,995.42
101,2016,242,1900,11.99,4841,400.44,.566,205.6,232.92,270.39,273.66
101,2016,242,2000,12.07,4841,8.4819,0,3.761,5.8004,7.1252,5.03
101,2016,242,2100,11.92,4841,0,0,3.353,0,0,0
101,2016,242,2200,12.06,4841,0,0,3.353,0,0,0
101,2016,242,2300,12.04,4841,0,0,3.353,0,0,0
101,2016,242,2400,12.04,4841,0,0,3.353,0,0,0
102,2016,242,2400,11.92,4841,24826,9.96,253.8,19528,22362,21648
101,2016,243,100,11.98,4841,0,0,3.353,0,0,0
101,2016,243,200,12.04,4841,0,0,3.353,0,0,0
101,2016,243,300,12.07,4841,0,0,3.353,0,0,0
101,2016,243,400,12.03,4841,0,0,3.353,0,0,0
101,2016,243,500,12,4841,0,0,3.353,0,0,0
101,2016,243,600,12.02,4841,0,0,3.353,0,0,0
101,2016,243,700,12.02,4841,0,0,3.353,0,0,0
101,2016,243,800,12.02,4841,126.63,.283,67.59,108.23,127.86,108.95
101,2016,243,900,12.04,4841,866.1,1,403.2,724.26,852.88,753.86
101,2016,243,1000,12.06,4841,1867.5,1,568.2,1554.5,1786.9,1652.9
101,2016,243,1100,12.02,4841,2581.4,.966,616.5,2143.7,2444.8,2307
101,2016,243,1200,12,4841,2493.4,.766,477.9,2058.1,2357.9,2266.6
101,2016,243,1300,12,4841,3312.8,.916,606.9,2682.5,3090.3,2996
101,2016,243,1400,11.98,4841,3369,.966,556.9,2696.3,3068.7,2987.3
101,2016,243,1500,11.99,4841,3369.4,1,668.9,2672.1,3029.1,2964.8
101,2016,243,1600,12.02,4841,2846.4,1,704,2188,2478.8,2449.4
101,2016,243,1700,12,4841,2184.3,1,685.6,1589.9,1819,1823.7
101,2016,243,1800,11.98,4841,1318.8,1,578.8,875.11,1014.5,1034.8
101,2016,243,1900,11.93,4841,421.59,.583,237.9,232.54,273.79,278.4
101,2016,243,2000,12.02,4841,8.6799,0,3.711,5.6528,7.0271,4.7982
101,2016,243,2100,12,4841,0,0,3.353,0,0,0
101,2016,243,2200,11.93,4841,0,0,3.353,0,0,0
101,2016,243,2300,11.98,4841,0,0,3.353,0,0,0
101,2016,243,2400,12,4841,0,0,3.353,0,0,0
102,2016,243,2400,11.93,4841,24766,10.48,258.9,19531,22351,21629
101,2016,244,100,11.98,4841,0,0,3.353,0,0,0
101,2016,244,200,12,4841,0,0,3.353,0,0,0
101,2016,244,300,11.99,4841,0,0,3.353,0,0,0
101,2016,244,400,11.98,4841,0,0,3.353,0,0,0
101,2016,244,500,11.98,4841,0,0,3.353,0,0,0
101,2016,244,600,11.97,4841,0,0,3.353,0,0,0
101,2016,244,700,11.96,4841,0,0,3.353,0,0,0
101,2016,244,800,11.98,4841,117.29,.15,40.83,102.91,117.34,105.16
101,2016,244,900,11.95,4841,765.52,.566,239.1,647.29,736.38,674.23
101,2016,244,1000,12,4841,1525.8,1,443.4,1254.6,1436.6,1320.6
101,2016,244,1100,11.96,4841,2061.1,.683,340.1,1760.5,1950,1854.8
101,2016,244,1200,11.98,4841,2542,.75,339.4,2131.8,2387.4,2293.5
101,2016,244,1300,12.06,4841,919.07,.033,40.46,741.57,837.57,809.52
101,2016,244,1400,12,4841,3446.3,.883,391.4,2886.6,3232.1,3161.5
101,2016,244,1500,12,4841,2647.9,.666,253.5,2172.3,2433.5,2374.5
101,2016,244,1600,12.02,4841,2507,.866,463.4,2013.5,2236.6,2218.3
101,2016,244,1700,12.02,4841,2179.9,1,646.8,1622.6,1832.4,1838.3
101,2016,244,1800,11.98,4841,1248.8,1,535.2,846.93,972.11,989.15
101,2016,244,1900,12,4841,372.32,.583,205.6,221.85,257.53,260.29
101,2016,244,2000,12.06,4841,5.6746,0,3.453,3.7945,5.1262,3.0489
101,2016,244,2100,12.07,4841,0,0,3.353,0,0,0
101,2016,244,2200,11.95,4841,0,0,3.353,0,0,0
101,2016,244,2300,12,4841,0,0,3.353,0,0,0
101,2016,244,2400,11.99,4841,0,0,3.353,0,0,0
102,2016,244,2400,11.95,4841,20339,8.18,165.8,16406,18435,17903
101,2016,245,100,11.96,4841,0,0,3.353,0,0,0
101,2016,245,200,11.98,4841,0,0,3.353,0,0,0
101,2016,245,300,11.97,4841,0,0,3.353,0,0,0
101,2016,245,400,12,4841,0,0,3.353,0,0,0
101,2016,245,500,12,4841,0,0,3.353,0,0,0
101,2016,245,600,12.06,4841,0,0,3.353,0,0,0
101,2016,245,700,12.06,4841,0,0,3.353,0,.03679,0
101,2016,245,800,12.06,4841,126.36,0,3.353,110.39,118.4,113.84
101,2016,245,900,12.06,4841,296.09,.017,37.05,265.98,286.67,270.12
101,2016,245,1000,12.06,4841,749.29,.233,114.2,662.87,723.24,692.05
101,2016,245,1100,12.04,4841,2140.2,1,516.8,1773.1,2009.3,1890.7
101,2016,245,1200,12.04,4841,1212.7,1,254.1,982.3,1129.2,1070.1
101,2016,245,1300,12.04,4841,1637.4,1,289.4,1333.7,1514.8,1463.3
101,2016,245,1400,12.05,4841,1843.5,.4,191.3,1550.3,1717.9,1673.9
101,2016,245,1500,12.04,4841,3161.3,.916,526.2,2532.2,2846.6,2792.5
101,2016,245,1600,12.02,4841,2751.3,.916,522.1,2144.6,2408.8,2373.1
101,2016,245,1700,12,4841,1000.7,.3,120.9,826.08,901.97,888.69
101,2016,245,1800,12.02,4841,1585.1,1,393.5,1169.7,1319.6,1321.8
101,2016,245,1900,12.04,4841,546.63,.6,209.8,383.95,424.15,429.72
101,2016,245,2000,12.02,4841,10.821,0,4.113,7.2679,8.928,6.6318
101,2016,245,2100,12.02,4841,0,0,3.353,0,0,0
101,2016,245,2200,12.01,4841,0,0,3.353,0,0,0
101,2016,245,2300,12.02,4841,0,0,3.353,0,0,0
101,2016,245,2400,12.02,4841,0,0,3.353,0,0,0
102,2016,245,2400,11.96,4841,17062,7.38,134.2,13742,15410,14987
101,2016,246,100,12.03,4841,0,0,3.353,0,0,0
101,2016,246,200,11.99,4841,0,0,3.353,0,0,0
101,2016,246,300,12,4841,0,0,3.353,0,0,0
101,2016,246,400,12.03,4841,0,0,3.353,0,0,0
101,2016,246,500,12.02,4841,0,0,3.353,0,0,0
101,2016,246,600,12.03,4841,0,0,3.353,0,0,0
101,2016,246,700,12.02,4841,0,0,3.353,0,0,0
101,2016,246,800,12.02,4841,91.831,.017,19.69,82.29,91.363,80.655
101,2016,246,900,12.02,4841,885.82,1,391.6,749.51,872.33,780.13
101,2016,246,1000,12.02,4841,1784.6,1,553.4,1501.8,1713.2,1578.6
101,2016,246,1100,12,4841,2586.8,.966,587.9,2161.5,2443.5,2312.2
101,2016,246,1200,12.01,4841,2790.1,.833,529.6,2310.1,2634.4,2534.5
101,2016,246,1300,12.02,4841,3246,.916,589.7,2646.4,3025.4,2932.9
101,2016,246,1400,12.01,4841,3321.4,.916,523.1,2720.1,3067.1,2989.9
101,2016,246,1500,12.01,4841,3103.3,1,506.8,2477.2,2794.5,2736.7
101,2016,246,1600,12,4841,2126.7,.866,389.1,1630.3,1828.9,1809.7
101,2016,246,1700,12,4841,1217.9,.583,304.1,923.55,1036.6,1027.6
101,2016,246,1800,12.02,4841,739.28,.533,231.4,531.77,599.23,600.69
101,2016,246,1900,12,4841,280.76,.067,36.07,224.88,246.95,239.62
101,2016,246,2000,12.02,4841,10.167,0,3.353,9.4994,10.62,8.5356
101,2016,246,2100,12.04,4841,0,0,3.353,0,0,0
101,2016,246,2200,12.06,4841,0,0,3.353,0,0,0
101,2016,246,2300,12.04,4841,0,0,3.353,0,0,0
101,2016,246,2400,12.01,4841,0,0,3.353,0,0,0
102,2016,246,2400,11.99,4841,22185,8.7,195.9,17969,20364,19632
101,2016,247,100,12.04,4841,0,0,3.353,0,0,0
101,2016,247,200,12.06,4841,0,0,3.353,0,0,0
101,2016,247,300,12.07,4841,0,0,3.353,0,0,0
101,2016,247,400,12.06,4841,0,0,3.353,.03473,0,0
101,2016,247,500,12.05,4841,0,0,3.353,.02605,0,0
101,2016,247,600,12.04,4841,0,0,3.353,0,0,0
101,2016,247,700,12.05,4841,0,0,3.353,0,0,0
101,2016,247,800,12.04,4841,149.45,.333,83.6,129.59,153.25,131.38
101,2016,247,900,12.04,4841,853.59,1,381.5,732.4,847.66,751.51
101,2016,247,1000,12.04,4841,1669.8,1,503,1421.3,1607.9,1484.3
101,2016,247,1100,12.05,4841,1942,.95,389.1,1635,1829.5,1736.3
101,2016,247,1200,12.04,4841,2862.6,1,575.2,2378.7,2699.4,2590.4
101,2016,247,1300,12.04,4841,2306.2,.616,311.8,1924.7,2170.7,2102.5
101,2016,247,1400,12.04,4841,2545.1,.633,304.2,2065.7,2325.3,2268.1
101,2016,247,1500,12.04,4841,2913.6,.883,499.2,2349.2,2637.5,2592.3
101,2016,247,1600,12.05,4841,2594.4,1,605.9,2054.9,2289.1,2275.7
101,2016,247,1700,12.03,4841,2014,1,583,1532.2,1709.9,1719.5
101,2016,247,1800,12,4841,1142.9,1,458.5,812.51,913.46,929.05
101,2016,247,1900,12.02,4841,333.18,.6,167.2,218.11,245.96,247.66
101,2016,247,2000,11.99,4841,4.175,0,3.47,2.5529,3.4952,1.96
101,2016,247,2100,12.03,4841,0,0,3.353,0,0,0
101,2016,247,2200,12.03,4841,0,0,3.353,0,0,0
101,2016,247,2300,12.02,4841,0,0,3.353,0,0,0
101,2016,247,2400,12.04,4841,0,0,3.353,0,0,0
102,2016,247,2400,11.99,4841,21331,10.01,204.3,17257,19433,18831
101,2016,248,100,12.06,4841,0,0,3.353,0,0,0
101,2016,248,200,12.06,4841,0,0,3.353,0,0,0
101,2016,248,300,12.05,4841,0,0,3.353,0,0,0
101,2016,248,400,12.06,4841,0,0,3.353,0,0,0
101,2016,248,500,12.08,4841,0,0,3.353,0,0,0
101,2016,248,600,12.08,4841,0,0,3.353,0,0,0
101,2016,248,700,12.08,4841,0,0,3.353,0,0,0
101,2016,248,800,12.08,4841,153.73,.167,43.35,138.23,153.59,140.99
101,2016,248,900,12.08,4841,737.73,.583,170.7,648.81,720.16,669.63
101,2016,248,1000,12.08,4841,1812.5,1,438.9,1561.4,1744,1635
101,2016,248,1100,12.08,4841,2383.6,1,478.3,2021.2,2266.3,2157.7
101,2016,248,1200,12.08,4841,1766.5,.45,160,1495.4,1662.7,1611.1
101,2016,248,1300,12.09,4841,1657.2,.067,25.43,1428.2,1554.2,1524.7
101,2016,248,1400,12.09,4841,1291.2,.2,95.1,1131.2,1228.5,1196.9
101,2016,248,1500,12.1,4841,225.54,0,9.85,202.85,213.46,214.52
101,2016,248,1600,12.1,4841,679.35,.033,13.66,574.91,624.26,622.77
101,2016,248,1700,12.1,4841,1502.8,.55,345,1176.9,1296.6,1306.8
101,2016,248,1800,12.09,4841,1067.4,.866,428.7,746.23,844.8,856.2
101,2016,248,1900,12.1,4841,238.92,.067,40.21,170.82,192.83,183.97
101,2016,248,2000,12.09,4841,5.5186,0,3.353,3.6904,4.9668,3.4564
101,2016,248,2100,12.1,4841,0,0,3.353,0,0,0
101,2016,248,2200,12.09,4841,0,0,3.353,0,0,0
101,2016,248,2300,12.08,4841,0,0,3.353,0,0,0
101,2016,248,2400,12.08,4841,0,0,3.353,0,0,0
102,2016,248,2400,12.05,4841,13522,4.981,95.4,11300,12506,12124
101,2016,249,100,12.08,4841,0,0,3.353,0,0,0
101,2016,249,200,12.09,4841,0,0,3.353,0,0,0
101,2016,249,300,12.05,4841,0,0,3.353,0,0,0
101,2016,249,400,12.06,4841,0,0,3.353,0,0,0
101,2016,249,500,12.08,4841,0,0,3.353,0,0,0
101,2016,249,600,12.08,4841,0,0,3.353,0,0,0
101,2016,249,700,12.07,4841,0,0,3.353,0,0,0
101,2016,249,800,12.06,4841,90.901,.017,32.43,80.327,91.891,81.161
101,2016,249,900,12.05,4841,646.17,.25,94.6,564.84,617.54,583.8
101,2016,249,1000,12.06,4841,1596.7,.8,399.3,1385.6,1543.9,1446.6
101,2016,249,1100,12.05,4841,2452.3,1,594.4,2065.1,2329.9,2202.2
101,2016,249,1200,12.04,4841,3051,1,633.6,2539.4,2888.1,2766.2
101,2016,249,1300,12.05,4841,3150.8,1,570.1,2628.9,2968.4,2868.8
101,2016,249,1400,12.11,4841,3323.8,.95,534.2,2726.5,3075.7,2995.7
101,2016,249,1500,12.03,4841,2401.5,.633,362.2,1937.3,2173.5,2127.9
101,2016,249,1600,11.99,4841,2445.5,.833,476.4,1981.9,2193,2175.9
101,2016,249,1700,11.91,4841,1971.7,1,570,1525.2,1690.8,1694.8
101,2016,249,1800,11.86,4841,1093.6,1,411.2,802.37,892.68,906.52
101,2016,249,1900,11.86,4841,365.44,.616,179.9,247.91,275.44,277.96
101,2016,249,2000,11.96,4841,7.0123,0,3.677,5.4531,6.6347,4.6858
101,2016,249,2100,11.89,4841,0,0,3.353,0,0,0
101,2016,249,2200,11.98,4841,0,0,3.353,0,0,0
101,2016,249,2300,11.95,4841,0,0,3.353,0,0,0
101,2016,249,2400,11.91,4841,0,0,3.353,0,0,0
102,2016,249,2400,11.86,4841,22596,9.1,204.1,18491,20748,20132
101,2016,250,100,11.87,4841,0,0,3.353,0,0,0
101,2016,250,200,11.99,4841,0,0,3.353,0,0,0
101,2016,250,300,11.94,4841,0,0,3.353,0,0,0
101,2016,250,400,12.04,4841,0,0,3.353,0,0,0
101,2016,250,500,12.06,4841,0,0,3.353,0,0,0
101,2016,250,600,12.12,4841,0,0,3.353,0,0,0
101,2016,250,700,12.16,4841,.16796,0,3.353,.19103,.2698,.09835
101,2016,250,800,12.07,4841,100.74,0,10.57,92.05,98.833,94.952
101,2016,250,900,12.05,4841,786.84,.483,190.9,686.96,768.33,705.06
101,2016,250,1000,12.08,4841,1530.6,.716,359.2,1332.4,1481.6,1382.4
101,2016,250,1100,12.07,4841,2430,1,541.1,2073.5,2323.6,2199.4
101,2016,250,1200,12.02,4841,2576.8,.733,478.4,2195.6,2460.9,2361.1
101,2016,250,1300,12,4841,3038.9,.783,458.5,2533.8,2860.9,2780.1
101,2016,250,1400,12.01,4841,3250.7,.883,503.6,2678.1,3004.4,2923.3
101,2016,250,1500,12.03,4841,3274.7,1,657.2,2675,2983.9,2929.2
101,2016,250,1600,11.99,4841,2783.8,1,684.4,2232.4,2469.3,2448.7
101,2016,250,1700,12.03,4841,2112.6,1,661.7,1616,1796.3,1802
101,2016,250,1800,12.07,4841,1204.9,.883,454.9,869.89,973.95,982.6
101,2016,250,1900,12.02,4841,191.4,.167,75.8,137.19,151.89,146.45
101,2016,250,2000,12.08,4841,2.8913,0,3.353,2.0058,3.0169,1.5385
101,2016,250,2100,12.1,4841,0,0,3.353,0,0,0
101,2016,250,2200,12.16,4841,0,0,3.353,0,0,0
101,2016,250,2300,12.13,4841,0,0,3.353,0,0,0
101,2016,250,2400,12.12,4841,0,0,3.353,0,0,0
102,2016,250,2400,11.87,4841,23285,8.65,213.2,19125,21377,20757
101,2016,251,100,12.06,4841,0,0,3.353,0,0,0
101,2016,251,200,12.08,4841,0,0,3.353,0,0,0
101,2016,251,300,12.06,4841,0,0,3.353,0,0,0
101,2016,251,400,12.17,4841,0,0,3.353,0,0,0
101,2016,251,500,12.18,4841,0,0,3.353,0,0,0
101,2016,251,600,12.16,4841,0,0,3.353,0,0,0
101,2016,251,700,12.16,4841,.012,0,3.353,0,.04905,0
101,2016,251,800,12.16,4841,149,.133,38.15,121.5,140.68,127.68
101,2016,251,900,12.13,4841,691.14,.35,118.1,614.96,674.2,638.26
101,2016,251,1000,12.1,4841,1356.1,.616,231.7,1180.8,1298.6,1231.1
101,2016,251,1100,12.1,4841,1337.5,.45,178.1,1181.2,1289.4,1247.8
101,2016,251,1200,12.12,4841,2479.6,.866,405.7,2110.4,2352.8,2279.3
101,2016,251,1300,12.11,4841,2848.4,.833,418.9,2354.3,2658.3,2583.3
101,2016,251,1400,11.96,4841,3200.3,.833,434.7,2690.7,2998.4,2921.6
101,2016,251,1500,12.16,4841,2396.1,.633,345.3,1987,2203.6,2173.5
101,2016,251,1600,12.15,4841,1018.5,.167,90.7,910.74,971.84,960.17
101,2016,251,1700,11.94,4841,422.43,0,22.46,391.28,410.14,401.06
101,2016,251,1800,11.94,4841,799.2,.7,311.3,599.94,658.18,669.92
101,2016,251,1900,12.04,4841,246.61,.167,54.76,186.79,209.58,201.58
101,2016,251,2000,12.04,4841,3.7191,0,3.353,2.4747,3.7282,2.1006
101,2016,251,2100,12.03,4841,0,0,3.353,0,0,0
101,2016,251,2200,12,4841,0,0,3.353,0,0,0
101,2016,251,2300,12.01,4841,0,0,3.353,0,0,0
101,2016,251,2400,12.05,4841,0,0,3.353,0,0,0
102,2016,251,2400,11.94,4841,16949,5.748,112.1,14332,15870,15437
101,2016,252,100,12.02,4841,0,0,3.353,0,0,0
101,2016,252,200,12.08,4841,0,0,3.353,0,0,0
101,2016,252,300,12.07,4841,0,0,3.353,0,0,0
101,2016,252,400,12.1,4841,0,0,3.353,0,0,0
101,2016,252,500,12.11,4841,0,0,3.353,0,0,0
101,2016,252,600,12.06,4841,0,0,3.353,0,0,0
101,2016,252,700,12.12,4841,0,0,3.353,0,.02453,0
101,2016,252,800,12.08,4841,70.627,0,3.353,59.567,65.414,61.583
101,2016,252,900,12.08,4841,147.99,0,3.353,134.08,140.47,137.01
101,2016,252,1000,12.07,4841,465.17,0,5.264,411.13,442.45,432.24
101,2016,252,1100,12.04,4841,1038.4,0,3.744,925.67,994.52,978.96
101,2016,252,1200,12.1,4841,1139.5,0,3.431,996.39,1074.3,1050.6
101,2016,252,1300,12.09,4841,1650.9,.05,31.33,1416.4,1548.4,1515
101,2016,252,1400,12.1,4841,360.8,0,9.3,297.3,326.89,316.26
101,2016,252,1500,12.1,4841,123.71,0,3.643,96.652,110.42,106.32
101,2016,252,1600,12.09,4841,80.362,0,3.353,76.681,79.554,78.646
101,2016,252,1700,12.08,4841,280.87,0,3.353,248.09,267.89,267.48
101,2016,252,1800,12.07,4841,277.11,0,3.454,247.31,265.21,262.72
101,2016,252,1900,12.06,4841,96.108,0,3.951,88.299,94.172,94.881
101,2016,252,2000,12.03,4841,1.5896,0,3.353,.8249,1.3735,1.2153
101,2016,252,2100,12.04,4841,0,0,3.353,0,0,0
101,2016,252,2200,12.08,4841,0,0,3.353,0,0,0
101,2016,252,2300,12.07,4841,0,0,3.353,0,0,0
101,2016,252,2400,12.05,4841,0,0,3.353,0,0,0
102,2016,252,2400,12.02,4841,5733.1,.05,4.907,4998.4,5411.1,5302.8
101,2016,253,100,12.04,4841,0,0,3.353,0,0,0
101,2016,253,200,12.08,4841,0,0,3.353,0,0,0
101,2016,253,300,12.06,4841,0,0,3.353,0,0,0
101,2016,253,400,12.04,4841,0,0,3.353,0,0,0
101,2016,253,500,12.06,4841,0,0,3.353,0,0,0
101,2016,253,600,12.03,4841,0,0,3.353,0,0,0
101,2016,253,700,12.05,4841,.012,0,3.353,.01737,.17169,0
101,2016,253,800,12.08,4841,108.47,.083,38.15,100.9,114.12,100.11
101,2016,253,900,12.07,4841,1008.4,1,428.9,912.61,1026.7,920.11
101,2016,253,1000,12.06,4841,1829.1,1,564.2,1611.4,1804.2,1676
101,2016,253,1100,12.09,4841,2583.4,1,570.7,2216.3,2477.1,2355.2
101,2016,253,1200,12.04,4841,3064.3,.983,577.4,2601.7,2939.1,2822.4
101,2016,253,1300,12.08,4841,3537.9,.983,607.6,2954.9,3353.6,3238
101,2016,253,1400,12.07,4841,2844.9,.65,356.3,2421.4,2675,2609.7
101,2016,253,1500,12.08,4841,2964.1,.816,465.6,2454.3,2724.2,2677
101,2016,253,1600,12.07,4841,2780.5,1,680.8,2243,2468,2450.8
101,2016,253,1700,12.05,4841,2048.8,1,650,1589.5,1756.4,1764.2
101,2016,253,1800,12.06,4841,1033.5,.866,429.8,759.01,841.77,853.8
101,2016,253,1900,12.05,4841,201.02,.167,81.6,146.1,162.56,158.71
101,2016,253,2000,12.09,4841,1.6736,0,3.353,.92042,1.6679,.44961
101,2016,253,2100,12.06,4841,0,0,3.353,0,0,0
101,2016,253,2200,12.06,4841,0,0,3.353,0,0,0
101,2016,253,2300,12.09,4841,0,0,3.353,0,0,0
101,2016,253,2400,12.11,4841,0,0,3.353,0,0,0
102,2016,253,2400,12.03,4841,24006,9.55,228.8,20012,22345,21626
101,2016,254,100,12.1,4841,0,0,3.353,0,0,0
101,2016,254,200,12.1,4841,0,0,3.353,0,0,0
101,2016,254,300,12.1,4841,0,0,3.353,0,0,0
101,2016,254,400,12.1,4841,0,0,3.353,0,0,0
101,2016,254,500,12.08,4841,0,0,3.353,0,0,0
101,2016,254,600,12.1,4841,0,0,3.353,0,0,0
101,2016,254,700,12.1,4841,0,0,3.353,0,.07358,0
101,2016,254,800,12.06,4841,94.715,0,18.63,87.265,95.962,84.252
101,2016,254,900,12.06,4841,487.38,.067,36.14,434.91,468.1,449.8
101,2016,254,1000,12.01,4841,2027.2,1,548.2,1794.9,1989.9,1868
101,2016,254,1100,11.98,4841,2628.1,1,618,2241.1,2514.2,2387.8
101,2016,254,1200,12.08,4841,3102.2,1,619.5,2630.4,2974.1,2860.2
101,2016,254,1300,12.04,4841,2940,.766,494.1,2473,2783.5,2686.8
101,2016,254,1400,12,4841,2710.8,.55,279.8,2323.2,2561.6,2496.6
101,2016,254,1500,12.02,4841,2311.9,.5,256.5,1983.1,2161.5,2131.5
101,2016,254,1600,12.04,4841,2139.4,.65,364.4,1770.4,1938.5,1926.8
101,2016,254,1700,12.08,4841,1590.4,.7,305.9,1306.4,1423.9,1417
101,2016,254,1800,12.06,4841,705.33,.716,238.6,552.56,601.14,603.32
101,2016,254,1900,12.04,4841,151.82,.183,49.52,119.36,130.46,124.61
101,2016,254,2000,12.1,4841,2.0935,0,3.386,1.2504,1.9009,.9203
101,2016,254,2100,12.1,4841,0,0,3.353,0,0,0
101,2016,254,2200,12.06,4841,0,0,3.353,0,0,0
101,2016,254,2300,12.02,4841,0,0,3.353,0,0,0
101,2016,254,2400,12.04,4841,0,0,3.353,0,0,0
102,2016,254,2400,11.98,4841,20891,7.13,161.2,17718,19645,19038
101,2016,255,100,12.01,4841,0,0,3.353,0,0,0
101,2016,255,200,12.04,4841,0,0,3.353,0,0,0
101,2016,255,300,12.11,4841,0,0,3.353,0,0,0
101,2016,255,400,12.11,4841,0,0,3.353,0,0,0
101,2016,255,500,12.02,4841,0,0,3.353,0,0,0
101,2016,255,600,12.07,4841,0,0,3.353,0,0,0
101,2016,255,700,12.11,4841,0,0,3.353,.01737,.09811,.00703
101,2016,255,800,12.16,4841,121.76,0,6.271,104.08,113.54,107.98
101,2016,255,900,12.08,4841,622.98,.3,92.3,551.33,596.85,565.83
101,2016,255,1000,12.06,4841,1914.3,1,543.4,1673.7,1869.7,1744.2
101,2016,255,1100,12.08,4841,2622,1,651,2258.7,2524,2393.2
101,2016,255,1200,12.09,4841,2394.1,.666,455.4,2063,2302.6,2210.5
101,2016,255,1300,12.04,4841,1846.8,.383,219.9,1569.6,1741,1687.9
101,2016,255,1400,12.1,4841,1418.2,.183,82.5,1200.5,1311.2,1280.8
101,2016,255,1500,12.07,4841,2318.6,.55,274.3,1957.5,2140.4,2113.9
101,2016,255,1600,12.14,4841,1633.2,.383,203.1,1355.7,1482.8,1466.7
101,2016,255,1700,12.17,4841,1323.1,.45,279.4,1096.5,1189.8,1186.7
101,2016,255,1800,12.16,4841,242.11,0,18.26,198.6,218.62,211.19
101,2016,255,1900,12.2,4841,159.54,0,26.43,119.11,132.57,125.16
101,2016,255,2000,12.08,4841,4.157,0,3.521,2.9176,3.8017,2.3183
101,2016,255,2100,12.18,4841,0,0,3.353,0,0,0
101,2016,255,2200,12.2,4841,0,0,3.353,0,0,0
101,2016,255,2300,12.2,4841,0,0,3.353,0,0,0
101,2016,255,2400,12.22,4841,0,0,3.353,0,0,0
102,2016,255,2400,12.01,4841,16621,4.915,120.5,14151,15627,15096
101,2016,256,100,12.22,4841,0,0,3.353,0,0,0
101,2016,256,200,12.22,4841,0,0,3.353,0,0,0
101,2016,256,300,12.2,4841,0,0,3.353,0,0,0
101,2016,256,400,12.2,4841,0,0,3.353,0,0,0
101,2016,256,500,12.2,4841,0,0,3.353,0,0,0
101,2016,256,600,12.2,4841,0,0,3.353,0,0,0
101,2016,256,700,12.21,4841,.02999,0,3.353,.03473,.1349,0
101,2016,256,800,12.21,4841,220.67,.183,66.43,199.76,220.55,203.18
101,2016,256,900,12.21,4841,442.09,0,3.521,374.26,406.96,395
101,2016,256,1000,12.18,4841,1604.9,.55,278.3,1448.9,1573.8,1500.9
101,2016,256,1100,12.18,4841,2291.8,.9,436.8,2004.2,2214.2,2122.5
101,2016,256,1200,12.2,4841,2044.6,.45,232.2,1724.3,1925,1852.4
101,2016,256,1300,12.21,4841,726.5,0,29.5,656.29,703.86,691.35
101,2016,256,1400,12.21,4841,1567.5,.017,14.45,1404.5,1507.1,1478.4
101,2016,256,1500,12.21,4841,1701.9,.15,52.5,1477.5,1594.8,1569.3
101,2016,256,1600,12.22,4841,1685,.417,218.8,1425.8,1551.1,1539.1
101,2016,256,1700,12.22,4841,1713.4,.683,384.4,1400.3,1520.9,1520.7
101,2016,256,1800,12.22,4841,521.34,.017,48.87,465.28,493,488.61
101,2016,256,1900,12.22,4841,134.82,0,13.57,116.78,126.48,119.17
101,2016,256,2000,12.21,4841,2.2974,0,3.353,1.5369,2.1829,1.117
101,2016,256,2100,12.21,4841,0,0,3.353,0,0,0
101,2016,256,2200,12.21,4841,0,0,3.353,0,0,0
101,2016,256,2300,12.2,4841,0,0,3.353,0,0,0
101,2016,256,2400,12.2,4841,0,0,3.353,0,0,0
102,2016,256,2400,12.18,4841,14657,3.365,75.8,12699,13840,13482
101,2016,257,100,12.2,4841,0,0,3.353,0,0,0
101,2016,257,200,12.2,4841,0,0,3.353,0,0,0
101,2016,257,300,12.19,4841,0,0,3.353,0,0,0
101,2016,257,400,12.18,4841,0,0,3.353,0,0,0
101,2016,257,500,12.19,4841,0,0,3.353,0,0,0
101,2016,257,600,12.2,4841,0,0,3.353,0,0,0
101,2016,257,700,12.19,4841,0,0,3.353,0,.03679,0
101,2016,257,800,12.19,4841,165.04,.15,47.27,155.68,169.33,156.98
101,2016,257,900,12.17,4841,1034,.683,317.1,935.65,1033.6,953.18
101,2016,257,1000,12.07,4841,1955.8,1,587.8,1722.5,1922.6,1788.3
101,2016,257,1100,12.18,4841,2677.8,1,667.7,2319.6,2587.8,2461.9
101,2016,257,1200,12.18,4841,3176.1,1,670.1,2691.6,3048.6,2933.1
101,2016,257,1300,12.2,4841,3602.4,.983,640.1,3061.6,3453.6,3353.6
101,2016,257,1400,12.2,4841,2488,.516,283,2165.4,2370.8,2313
101,2016,257,1500,12.2,4841,1234.5,.167,97.8,1068.3,1155.9,1137
101,2016,257,1600,12.2,4841,845.06,.083,67.97,727.51,789.08,772.59
101,2016,257,1700,12.22,4841,626.52,0,3.509,554.22,598.27,585.93
101,2016,257,1800,12.22,4841,570.83,0,4.258,483.07,527.27,514.1
101,2016,257,1900,12.22,4841,242.78,0,24.5,205.89,219.51,213.04
101,2016,257,2000,12.22,4841,11.355,0,4.124,7.5718,9.627,7.3835
101,2016,257,2100,12.2,4841,0,0,3.353,0,0,0
101,2016,257,2200,12.2,4841,0,0,3.353,0,0,0
101,2016,257,2300,12.2,4841,0,0,3.353,0,0,0
101,2016,257,2400,12.2,4841,0,0,3.353,0,0,0
102,2016,257,2400,12.07,4841,18630,5.581,143.8,16099,17886,17190
101,2016,258,100,12.2,4841,0,0,3.353,0,0,0
101,2016,258,200,12.2,4841,0,0,3.353,0,0,0
101,2016,258,300,12.2,4841,0,0,3.353,0,0,0
101,2016,258,400,12.2,4841,0,0,3.353,0,0,0
101,2016,258,500,12.2,4841,0,0,3.353,0,0,0
101,2016,258,600,12.2,4841,0,0,3.353,0,0,0
101,2016,258,700,12.19,4841,.13197,0,3.353,.06078,.2698,0
101,2016,258,800,12.19,4841,191.32,.383,97.3,183.43,204.32,182.61
101,2016,258,900,12.18,4841,972.29,1,390.7,885.66,984.81,895.08
101,2016,258,1000,12.18,4841,771.47,.017,36.43,651.36,716,688.46
101,2016,258,1100,12.14,4841,1345.9,0,18.77,1153.9,1259.4,1226.6
101,2016,258,1200,12.16,4841,2427.9,.566,222.6,2056.4,2290.8,2226.4
101,2016,258,1300,12.18,4841,3616.1,1,469.7,3068.7,3438.6,3353
101,2016,258,1400,12.18,4841,3431,.933,501.6,2938.6,3232.8,3185.3
101,2016,258,1500,12.18,4841,3330.9,1,589.6,2806.2,3078.1,3048.8
101,2016,258,1600,12.18,4841,2177.1,.883,406.5,1806.3,1962.9,1954.3
101,2016,258,1700,12.18,4841,1200.4,.533,154.7,1004.2,1088.1,1075.6
101,2016,258,1800,12.18,4841,895.43,.716,162.8,743.3,798.27,792.83
101,2016,258,1900,12.18,4841,292.65,.133,44.63,232.49,254.3,247.13
101,2016,258,2000,12.18,4841,2.0275,0,3.353,1.2243,2.0113,1.0678
101,2016,258,2100,12.19,4841,0,0,3.353,0,0,0
101,2016,258,2200,12.2,4841,0,0,3.353,0,0,0
101,2016,258,2300,12.2,4841,0,0,3.353,0,0,0
101,2016,258,2400,12.19,4841,0,0,3.353,0,0,0
102,2016,258,2400,12.14,4841,20655,7.16,130.6,17532,19311,18877
101,2016,259,100,12.18,4841,0,0,3.353,0,0,0
101,2016,259,200,12.1,4841,0,0,3.353,0,0,0
101,2016,259,300,12.12,4841,0,0,3.353,0,0,0
101,2016,259,400,12.1,4841,0,0,3.353,0,0,0
101,2016,259,500,12.18,4841,0,0,3.353,0,0,0
101,2016,259,600,12.2,4841,0,0,3.353,0,0,0
101,2016,259,700,12.2,4841,.14396,0,3.353,.24313,.30659,0
101,2016,259,800,12.19,4841,221.91,.5,145.4,213.47,242.45,203.86
101,2016,259,900,12.18,4841,925.77,.733,325.7,844.64,934.35,859.66
101,2016,259,1000,12.18,4841,1438.5,.533,154.5,1273.4,1386.1,1333.3
101,2016,259,1100,12.18,4841,2073.1,.866,393,1800.2,1987.9,1895.4
101,2016,259,1200,12.18,4841,2131.2,.583,332.3,1845.6,2063.3,1992.9
101,2016,259,1300,12.18,4841,2922.6,.8,418.4,2500.6,2793.4,2704
101,2016,259,1400,12.18,4841,2927.6,.7,373,2493.6,2756.1,2678.6
101,2016,259,1500,12.18,4841,2680.2,.733,465.2,2242.9,2463.3,2422
101,2016,259,1600,12.18,4841,2626.6,.966,670.6,2153.8,2349.4,2328.5
101,2016,259,1700,12.17,4841,2073.2,1,650.8,1644.7,1803.6,1805.9
101,2016,259,1800,12.17,4841,1025.7,.95,439.5,787.31,857.04,876.89
101,2016,259,1900,12.17,4841,282.64,.4,132.6,199.75,216.44,220.29
101,2016,259,2000,12.17,4841,2.4714,0,3.353,1.2851,2.0971,1.0327
101,2016,259,2100,12.17,4841,0,0,3.353,0,0,0
101,2016,259,2200,12.18,4841,0,0,3.353,0,0,0
101,2016,259,2300,12.17,4841,.018,0,3.353,0,0,0
101,2016,259,2400,12.17,4841,0,0,3.353,0,0,0
102,2016,259,2400,12.1,4841,21332,8.76,189.2,18002,19856,19322
101,2016,260,100,12.17,4841,0,0,3.353,0,0,0
101,2016,260,200,12.17,4841,0,0,3.353,0,0,0
101,2016,260,300,12.16,4841,0,0,3.353,0,0,0
101,2016,260,400,12.15,4841,0,0,3.353,0,0,0
101,2016,260,500,12.16,4841,0,0,3.353,0,0,0
101,2016,260,600,12.16,4841,0,0,3.353,0,0,0
101,2016,260,700,12.16,4841,.10197,0,3.353,.06947,.12264,.01405
101,2016,260,800,12.16,4841,133.3,0,3.822,117.39,126.08,121.54
101,2016,260,900,12.16,4841,418.33,0,23.1,389.89,411.24,397.76
101,2016,260,1000,12.15,4841,957.46,.083,46.28,852.1,918.32,892.44
101,2016,260,1100,12.12,4841,2121.6,.633,236.4,1857.9,2033.3,1967.6
101,2016,260,1200,12.16,4841,2268.8,.816,209.8,1963.9,2166.5,2103
101,2016,260,1300,12.13,4841,970.72,.017,20.27,783.85,876.38,849.88
101,2016,260,1400,12.13,4841,1003.7,.1,63.52,825.82,918.79,893.69
101,2016,260,1500,12.15,4841,182.42,0,7.53,163.53,172.88,174.67
101,2016,260,1600,12.16,4841,66.32,0,3.364,54.557,59.761,58.808
101,2016,260,1700,12.16,4841,589.14,0,3.632,489.59,539.97,530.65
101,2016,260,1800,12.17,4841,684.8,0,25.18,591.14,636.06,629.54
101,2016,260,1900,12.14,4841,181.74,0,8.14,159.05,168.65,161.94
101,2016,260,2000,12.14,4841,3.5512,0,3.353,2.605,3.3848,2.4377
101,2016,260,2100,12.14,4841,0,0,3.353,0,0,0
101,2016,260,2200,12.14,4841,0,0,3.353,0,0,0
101,2016,260,2300,12.14,4841,0,0,3.353,0,0,0
101,2016,260,2400,12.14,4841,0,0,3.353,0,0,0
102,2016,260,2400,12.12,4841,9581.9,1.649,28.8,8251.4,9031.5,8783.9
101,2016,261,100,12.13,4841,0,0,3.353,0,0,0
101,2016,261,200,12.13,4841,0,0,3.353,0,0,0
101,2016,261,300,12.13,4841,0,0,3.353,0,0,0
101,2016,261,400,12.13,4841,0,0,3.353,0,0,0
101,2016,261,500,12.12,4841,0,0,3.353,0,0,0
101,2016,261,600,12.12,4841,0,0,3.353,0,0,0
101,2016,261,700,12.13,4841,0,0,3.353,0,0,0
101,2016,261,800,12.13,4841,20.125,0,3.353,17.418,18.947,17.324
101,2016,261,900,12.12,4841,358.87,.083,28.33,335.56,354.75,344.22
101,2016,261,1000,12.11,4841,1844.2,1,434.2,1658.3,1811.6,1715.5
101,2016,261,1100,12.06,4841,2188.1,.833,269.3,1959.3,2125.4,2051.3
101,2016,261,1200,12.1,4841,2661.2,.816,360.3,2271.8,2533.1,2455.9
101,2016,261,1300,12.09,4841,3278.8,.883,576.6,2806.3,3147.2,3057.5
101,2016,261,1400,12.12,4841,3138.7,.833,462.2,2693.5,2962.1,2896.7
101,2016,261,1500,12.12,4841,1561.4,.333,155.8,1335.8,1434.9,1410.9
101,2016,261,1600,12.12,4841,2370.2,.816,541.1,1978.9,2128.9,2121.2
101,2016,261,1700,12.13,4841,1780.8,.733,435.8,1494,1606.8,1609.3
101,2016,261,1800,12.13,4841,1274.2,.9,341.3,1023.8,1110.8,1104.9
101,2016,261,1900,12.14,4841,77.063,0,5.398,58.412,66.285,65.039
101,2016,261,2000,12.14,4841,3.2152,0,3.353,3.3257,6.5979,5.7887
101,2016,261,2100,12.14,4841,0,0,3.353,0,1.8886,.13348
101,2016,261,2200,12.13,4841,0,0,3.353,0,1.2386,0
101,2016,261,2300,12.13,4841,0,0,3.353,0,.02453,0
101,2016,261,2400,12.12,4841,0,0,3.353,0,0,0
102,2016,261,2400,12.06,4841,20557,7.23,152.3,17636,19311,18856
101,2016,262,100,12.06,4841,0,0,3.353,0,0,0
101,2016,262,200,12.11,4841,0,0,3.353,0,0,0
101,2016,262,300,12.11,4841,0,0,3.353,0,0,0
101,2016,262,400,12.1,4841,0,0,3.353,0,0,0
101,2016,262,500,12.12,4841,0,0,3.353,0,0,0
101,2016,262,600,12.09,4841,0,0,3.353,0,0,0
101,2016,262,700,12.12,4841,.09598,0,3.353,.08683,.22074,0
101,2016,262,800,12.12,4841,219.99,.566,137.9,224.09,247.28,216.88
101,2016,262,900,12.12,4841,1048.9,1,457.9,990.38,1085.7,988.56
101,2016,262,1000,12.12,4841,1951.5,1,594.9,1759.7,1944.8,1816.3
101,2016,262,1100,12.1,4841,2700.6,1,645,2367.2,2620.7,2500.8
101,2016,262,1200,12.09,4841,3325.8,1,696.6,2855.3,3219.2,3099.8
101,2016,262,1300,12.08,4841,3396.9,.866,559.9,2914.6,3261.2,3164.2
101,2016,262,1400,12.09,4841,2762.6,.55,345.6,2417.5,2634.3,2575.3
101,2016,262,1500,12.09,4841,1500,.267,182.9,1297.5,1410.2,1382.5
101,2016,262,1600,12.08,4841,188.67,0,3.353,143.46,164.04,153.3
101,2016,262,1700,12.08,4841,258.79,0,7.02,253.28,262.81,262
101,2016,262,1800,12,4841,294.62,0,9.57,259.8,277.54,270.12
101,2016,262,1900,12.06,4841,96.835,0,11.55,75.857,86.324,77.439
101,2016,262,2000,12.08,4841,1.2417,0,3.353,.65992,1.2632,.30911
101,2016,262,2100,12.07,4841,0,0,3.353,0,0,0
101,2016,262,2200,12.09,4841,0,0,3.353,0,0,0
101,2016,262,2300,12.09,4841,0,0,3.353,0,0,0
101,2016,262,2400,12.1,4841,0,0,3.353,0,0,0
102,2016,262,2400,12,4841,17746,6.248,153.8,15559,17216,16508
101,2016,263,100,12.1,4841,0,0,3.353,0,0,0
101,2016,263,200,12.1,4841,0,0,3.353,0,0,0
101,2016,263,300,12.1,4841,0,0,3.353,0,0,0
101,2016,263,400,12.1,4841,0,0,3.353,0,0,0
101,2016,263,500,12.1,4841,0,0,3.353,0,0,0
101,2016,263,600,12.11,4841,0,0,3.353,0,0,0
101,2016,263,700,12.11,4841,0,0,3.353,.23444,.19622,0
101,2016,263,800,12.1,4841,71.166,0,8.3,59.592,66.297,59.207
101,2016,263,900,12.11,4841,396.76,0,13.02,341.65,370.63,357.72
101,2016,263,1000,12.11,4841,414.33,0,7.13,354.72,382.03,371.87
101,2016,263,1100,12.14,4841,148.96,0,3.353,127.88,138.58,135.94
101,2016,263,1200,12.13,4841,89.059,0,3.353,79.798,84.938,84.589
101,2016,263,1300,12.1,4841,164,0,3.353,137.32,150.71,149.58
101,2016,263,1400,12.1,4841,595.53,0,3.353,520.63,560.85,557.86
101,2016,263,1500,12.1,4841,873.43,0,3.353,769.46,823.08,821.87
101,2016,263,1600,12.11,4841,1519.2,.417,84.4,1286.6,1395.1,1387
101,2016,263,1700,12.12,4841,876.08,.117,37.14,747.72,806.75,792.48
101,2016,263,1800,12.11,4841,454.3,0,3.353,384.72,421.69,406.14
101,2016,263,1900,12.1,4841,106.89,0,3.353,87.864,99.801,92.619
101,2016,263,2000,12.1,4841,.99574,0,3.353,.5123,1.0301,.54093
101,2016,263,2100,12.08,4841,0,0,3.353,0,0,0
101,2016,263,2200,12.09,4841,0,0,3.353,0,0,0
101,2016,263,2300,12.09,4841,0,0,3.353,0,0,0
101,2016,263,2400,12.08,4841,0,0,3.353,0,0,0
102,2016,263,2400,12.08,4841,5710.7,.533,8.9,4898.7,5301.7,5217.5
101,2016,264,100,12.08,4841,0,0,3.353,0,0,0
101,2016,264,200,12.07,4841,0,0,3.353,0,0,0
101,2016,264,300,12.06,4841,0,0,3.353,0,0,0
101,2016,264,400,12.01,4841,0,0,3.353,0,0,0
101,2016,264,500,12.06,4841,0,0,3.353,0,0,0
101,2016,264,600,12.08,4841,0,0,3.353,0,0,0
101,2016,264,700,12.07,4841,.70781,0,3.353,.65991,.82165,.281
101,2016,264,800,12.03,4841,206.43,0,26.07,194.54,208.33,189.41
101,2016,264,900,12.04,4841,1062.8,.866,362.8,1040.6,1120.8,1025
101,2016,264,1000,12.1,4841,1912.6,1,575.7,1751.7,1917.5,1794.3
101,2016,264,1100,12.09,4841,2569,1,626.6,2278.5,2514,2396.7
101,2016,264,1200,12.1,4841,3192.7,1,671.2,2773.7,3115.9,3000.1
101,2016,264,1300,12.1,4841,3222,.85,559.6,2772.1,3111.3,3017.4
101,2016,264,1400,12.1,4841,3468,.983,622.8,2997.7,3305.3,3229.3
101,2016,264,1500,12.1,4841,2878.9,.8,529.8,2453.3,2669.7,2642.4
101,2016,264,1600,12.1,4841,2620.7,.933,686.7,2204.1,2375.6,2380.7
101,2016,264,1700,12.1,4841,2077.7,1,708,1696.3,1829.7,1850.5
101,2016,264,1800,12.11,4841,1171.4,1,542.1,920.58,983,1015.5
101,2016,264,1900,12.11,4841,314.41,.466,177,226.51,242.34,245.08
101,2016,264,2000,12.1,4841,2.9273,0,3.465,1.8061,2.6367,1.405
101,2016,264,2100,12.1,4841,0,0,3.353,0,0,0
101,2016,264,2200,12.1,4841,0,0,3.353,0,0,0
101,2016,264,2300,12.1,4841,0,0,3.353,0,0,0
101,2016,264,2400,12.09,4841,0,0,3.353,0,0,0
102,2016,264,2400,12.01,4841,24700,9.9,255.4,21312,23397,22788
101,2016,265,100,12.09,4841,0,0,3.353,0,0,0
101,2016,265,200,12.08,4841,0,0,3.353,0,0,0
101,2016,265,300,12.02,4841,0,0,3.353,0,0,0
101,2016,265,400,12.06,4841,0,0,3.353,0,0,0
101,2016,265,500,12.1,4841,0,0,3.353,0,0,0
101,2016,265,600,12.1,4841,0,0,3.353,0,0,0
101,2016,265,700,12.1,4841,.23994,0,3.353,.39074,.52733,0
101,2016,265,800,12.1,4841,198.73,.417,113,206.76,224.54,199.19
101,2016,265,900,12.1,4841,953.91,1,394,915.12,998.79,899.97
101,2016,265,1000,12.1,4841,1801.1,.916,516.3,1651.8,1800.8,1689.2
101,2016,265,1100,12.1,4841,1925.8,.716,350.5,1739.5,1900.5,1828
101,2016,265,1200,12.1,4841,2780.4,.733,417.7,2400.4,2646.2,2552.1
101,2016,265,1300,12.1,4841,2633.1,.65,368,2301,2546,2471.4
101,2016,265,1400,12.1,4841,2774.7,.633,386.4,2396,2617.2,2562.8
101,2016,265,1500,12.1,4841,2936.1,.75,494.2,2533.8,2744,2707.6
101,2016,265,1600,12.39,4841,2345.2,.683,475.8,2030.6,2172.7,2158.8
101,2016,265,1700,12.53,4841,1759.6,1,500.7,1482,1581.8,1592.8
101,2016,265,1800,12.49,4841,1230.9,1,467.7,1045.1,1088.3,1111.6
101,2016,265,1900,12.51,4841,340.48,.466,134.3,293.08,302.88,305.78
101,2016,265,2000,12.46,4841,.8098,0,3.353,.28655,1.0669,.19671
101,2016,265,2100,12.46,4841,0,0,3.353,0,0,0
101,2016,265,2200,12.45,4841,0,0,3.353,0,0,0
101,2016,265,2300,12.39,4841,0,0,3.353,0,0,0
101,2016,265,2400,12.36,4841,.14397,0,3.353,.06947,.17169,0
102,2016,265,2400,12.02,4841,21681,8.96,194.1,18996,20626,20079
101,2016,266,100,12.37,4841,0,0,3.353,0,0,0
101,2016,266,200,12.28,4841,0,0,3.353,0,0,0
101,2016,266,300,12.22,4841,0,0,3.353,0,.07358,.01405
101,2016,266,400,12.27,4841,.05999,0,3.353,.24313,.98109,.68144
101,2016,266,500,12.18,4841,.05998,0,3.353,.60782,1.7905,.68144
101,2016,266,600,12.2,4841,0,0,3.353,0,.11037,0
101,2016,266,700,12.22,4841,.23394,0,3.353,.25181,.39243,.07025
101,2016,266,800,12.18,4841,92.13,0,3.353,87.196,91.302,87.54
101,2016,266,900,12.24,4841,837.49,.383,202.2,782.45,842.04,793.76
101,2016,266,1000,12.33,4841,2047,1,604.6,1874.6,2051.1,1919
101,2016,266,1100,12.31,4841,2781.9,1,690.2,2480.3,2735,2603.1
101,2016,266,1200,12.34,4841,3303.7,1,706,2873.5,3226.8,3102.6
101,2016,266,1300,12.28,4841,3678.9,1,688.5,3217.4,3598.1,3480.9
101,2016,266,1400,12.24,4841,3159.4,.783,484.2,2789,3057.6,2983.1
101,2016,266,1500,12.28,4841,911.76,.05,24.18,740.71,813.46,789.28
101,2016,266,1600,12.25,4841,187.39,0,11.75,199.93,205.77,199.69
101,2016,266,1700,12.25,4841,213.24,0,11.52,227.52,229.48,227.76
101,2016,266,1800,12.23,4841,382.44,.017,20.85,347.58,367.57,362.34
101,2016,266,1900,12.18,4841,196.42,.067,23.77,169.24,183.98,176.08
101,2016,266,2000,12.17,4841,.91778,0,3.353,.43416,1.0424,.29506
101,2016,266,2100,12.26,4841,0,0,3.353,0,0,0
101,2016,266,2200,12.26,4841,0,0,3.353,0,0,0
101,2016,266,2300,12.22,4841,0,0,3.353,0,0,0
101,2016,266,2400,12.32,4841,0,0,3.353,0,0,0
102,2016,266,2400,12.17,4841,17793,5.298,146.3,15791,17407,16727
101,2016,267,100,12.28,4841,0,0,3.353,0,0,0
101,2016,267,200,12.26,4841,0,0,3.353,0,0,0
101,2016,267,300,12.2,4841,0,0,3.353,0,0,0
101,2016,267,400,12.19,4841,0,0,3.353,0,0,0
101,2016,267,500,12.25,4841,0,0,3.353,0,0,0
101,2016,267,600,12.17,4841,0,0,3.353,0,0,0
101,2016,267,700,12.14,4841,.13797,0,3.353,.11288,.30659,.03513
101,2016,267,800,12.15,4841,112.83,0,4.94,101.72,109.06,103.08
101,2016,267,900,12.19,4841,911.83,.616,273.4,871.13,931.47,868.19
101,2016,267,1000,12.19,4841,1908.4,.966,479.1,1743.2,1901.3,1799
101,2016,267,1100,12.16,4841,2414,.85,578,2193.4,2384.1,2281.1
101,2016,267,1200,12.2,4841,1504.7,.367,186.6,1340.2,1464.2,1423.8
101,2016,267,1300,12.21,4841,404.58,0,13.17,350.47,382.61,365.76
101,2016,267,1400,12.13,4841,678.57,0,20.16,696.35,709.6,715.29
101,2016,267,1500,12.14,4841,1069.1,.1,29.07,1003.3,1050.6,1051.7
101,2016,267,1600,12.16,4841,1014.8,.2,62.34,961.54,996.94,995.14
101,2016,267,1700,12.18,4841,949.5,.85,186.3,815.01,864.65,861.92
101,2016,267,1800,12.18,4841,710.42,.533,128.9,581.96,633.75,627.77
101,2016,267,1900,12.17,4841,201.43,0,17.82,167.62,186.41,177.77
101,2016,267,2000,12.16,4841,.37191,0,3.353,.0521,.51508,.04215
101,2016,267,2100,12.17,4841,0,0,3.353,0,0,0
101,2016,267,2200,12.2,4841,0,0,3.353,0,0,0
101,2016,267,2300,12.21,4841,0,0,3.353,0,0,0
101,2016,267,2400,12.16,4841,0,0,3.353,0,0,0
102,2016,267,2400,12.13,4841,11881,4.482,84.2,10826,11615,11271
101,2016,268,100,12.12,4841,0,0,3.353,0,0,0
101,2016,268,200,12.13,4841,0,0,3.353,0,0,0
101,2016,268,300,12.16,4841,0,0,3.353,0,0,0
101,2016,268,400,12.19,4841,0,0,3.353,0,0,0
101,2016,268,500,12.21,4841,0,0,3.353,0,0,0
101,2016,268,600,12.18,4841,0,0,3.353,0,0,0
101,2016,268,700,12.13,4841,.16796,0,3.353,.16498,.33111,.01405
101,2016,268,800,12.08,4841,111.16,.033,15.26,109.75,114.03,107.48
101,2016,268,900,12.08,4841,725.82,.367,114.4,662.75,715.8,673.58
101,2016,268,1000,12.04,4841,1272.6,.417,134.9,1131.5,1225.5,1182.6
101,2016,268,1100,12.04,4841,1585.8,.683,167.7,1406.8,1528.4,1476.4
101,2016,268,1200,12.1,4841,2780.7,.75,412.8,2491.3,2721.9,2636.4
101,2016,268,1300,12.14,4841,2169.6,.383,160.4,1954.7,2127.6,2079.7
101,2016,268,1400,12.19,4841,1680.4,.35,86.8,1429.2,1570.9,1522.6
101,2016,268,1500,12.18,4841,779.21,0,8.99,617.07,697.42,676.28
101,2016,268,1600,12.16,4841,1080.2,.017,20.97,915.94,996.52,984.4
101,2016,268,1700,12.14,4841,698.57,0,3.51,634.73,673.6,659.14
101,2016,268,1800,12.16,4841,354.09,0,3.353,326.5,347.13,336.67
101,2016,268,1900,12.1,4841,112.3,0,3.353,100.61,109.97,102.04
101,2016,268,2000,12.12,4841,.22794,0,3.353,.08683,.39243,.04215
101,2016,268,2100,12.17,4841,0,0,3.353,0,0,0
101,2016,268,2200,12.16,4841,0,0,3.353,0,0,0
101,2016,268,2300,12.17,4841,0,0,3.353,0,0,0
101,2016,268,2400,12.17,4841,0,0,3.353,0,0,0
102,2016,268,2400,12.04,4841,13351,2.999,48.87,11781,12829,12437
101,2016,269,100,12.14,4841,0,0,3.353,0,0,0
101,2016,269,200,12.19,4841,0,0,3.353,0,0,0
101,2016,269,300,12.16,4841,0,0,3.353,0,0,0
101,2016,269,400,12.11,4841,0,0,3.353,0,0,0
101,2016,269,500,12.1,4841,0,0,3.353,0,0,0
101,2016,269,600,12.12,4841,0,0,3.353,0,0,0
101,2016,269,700,12.12,4841,.84578,0,3.353,.84225,1.2877,.21075
101,2016,269,800,12.01,4841,193.8,.233,82.6,197.96,212.33,191.16
101,2016,269,900,12.06,4841,1050.1,1,442.8,1036.7,1111.4,1021.1
101,2016,269,1000,12.15,4841,1994.1,1,590.7,1858.6,2015.8,1899.2
101,2016,269,1100,12.08,4841,2698.6,1,658.1,2439.5,2660.4,2549.2
101,2016,269,1200,12.05,4841,3094.3,.933,631.8,2733.5,3039,2927.2
101,2016,269,1300,12.1,4841,2434.9,.533,357.2,2134.8,2360.8,2289.1
101,2016,269,1400,12.08,4841,3579.8,.866,536.7,3169.2,3453.8,3378.9
101,2016,269,1500,12.1,4841,1500.9,.2,136.1,1287.7,1396.2,1364.6
101,2016,269,1600,12.06,4841,187.06,.017,10.41,148.44,171.14,153.58
101,2016,269,1700,12.06,4841,169.85,0,17.07,164.34,165.89,173.91
101,2016,269,1800,12.15,4841,496.6,0,52.52,456.93,477.43,489.07
101,2016,269,1900,12.11,4841,163.88,0,10.57,133.63,145.32,141.76
101,2016,269,2000,12.1,4841,.69583,0,3.353,.39074,.6745,.18265
101,2016,269,2100,12.02,4841,0,0,3.353,0,0,0
101,2016,269,2200,12.17,4841,0,0,3.353,0,0,0
101,2016,269,2300,12.19,4841,0,0,3.353,0,0,0
101,2016,269,2400,12.03,4841,0,0,3.353,0,0,0
102,2016,269,2400,12.01,4841,17565,5.781,148.6,15763,17211,16579
101,2016,270,100,12.14,4841,0,0,3.353,0,0,0
101,2016,270,200,12.12,4841,0,0,3.353,0,0,0
101,2016,270,300,12.1,4841,0,0,3.353,0,0,0
101,2016,270,400,12.12,4841,0,0,3.353,0,0,0
101,2016,270,500,12.08,4841,0,0,3.353,0,0,0
101,2016,270,600,12.05,4841,0,0,3.353,0,0,0
101,2016,270,700,12.07,4841,.02399,0,3.353,.03473,.12263,.07025
101,2016,270,800,12.05,4841,49.859,0,3.443,42.347,46.246,44.869
101,2016,270,900,12.04,4841,376.74,0,10.44,310.43,342.92,336.88
101,2016,270,1000,12.03,4841,110.19,0,3.566,90.261,98.697,99.581
101,2016,270,1100,12,4841,40.117,0,3.353,37.537,39.648,40.289
101,2016,270,1200,11.97,4841,194.84,0,3.398,172.14,184.75,185.9
101,2016,270,1300,11.85,4841,628.58,0,3.376,538.83,586.61,583.66
101,2016,270,1400,12,4841,1165.2,0,5.36,1015.6,1096.1,1084.6
101,2016,270,1500,12.08,4841,1652.8,0,9.4,1410.7,1525.8,1509
101,2016,270,1600,12.04,4841,1326.5,0,25.18,1143.3,1226.3,1216.1
101,2016,270,1700,12.04,4841,2309.5,.983,600.6,1960.9,2085.7,2117.4
101,2016,270,1800,12.04,4841,1050.1,.65,258.8,890.95,943.86,953.96
101,2016,270,1900,12.02,4841,69.582,0,3.353,56.232,65.475,59.826
101,2016,270,2000,12.02,4841,.22794,0,3.353,.0521,.34338,.04215
101,2016,270,2100,12,4841,0,0,3.353,0,0,0
101,2016,270,2200,12.01,4841,0,0,3.353,0,0,0
101,2016,270,2300,12,4841,0,0,3.353,0,0,0
101,2016,270,2400,11.99,4841,0,0,3.353,0,0,0
102,2016,270,2400,11.85,4841,8974.2,1.633,40.44,7669.4,8242.6,8232.2
101,2016,271,100,11.98,4841,0,0,3.353,0,0,0
101,2016,271,200,11.98,4841,0,0,3.353,0,0,0
101,2016,271,300,11.98,4841,0,0,3.353,0,0,0
101,2016,271,400,12.01,4841,0,0,3.353,0,0,0
101,2016,271,500,11.97,4841,0,0,3.353,0,0,0
101,2016,271,600,12,4841,0,0,3.353,0,0,0
101,2016,271,700,12,4841,.45588,0,3.353,.34732,.58865,.18265
101,2016,271,800,12,4841,313.78,.417,116,314.89,335.45,309.36
101,2016,271,900,11.96,4841,776.15,.167,97.3,703.65,758.6,726.18
101,2016,271,1000,11.89,4841,2225.5,.95,510.3,2083.5,2239.9,2142.6
101,2016,271,1100,11.93,4841,2674.1,1,612.1,2449,2659.7,2560.1
101,2016,271,1200,11.92,4841,1942.9,.35,118.4,1744.9,1877.8,1839.3
101,2016,271,1300,11.98,4841,1715,0,5.248,1488.6,1616.3,1586.2
101,2016,271,1400,11.9,4841,2372.8,.367,146.6,2119.8,2278.5,2252.7
101,2016,271,1500,12.02,4841,1417.9,.233,97.2,1133.9,1252.3,1222.7
101,2016,271,1600,11.97,4841,647.5,0,7.43,507.86,567.89,552.08
101,2016,271,1700,11.91,4841,82.611,0,7.61,66.287,73.25,65.235
101,2016,271,1800,11.93,4841,38.312,0,3.353,32.075,34.497,34.964
101,2016,271,1900,11.91,4841,41.221,0,3.353,34.142,39.072,41.659
101,2016,271,2000,12,4841,1.3736,0,3.353,2.3271,2.6735,4.8403
101,2016,271,2100,11.89,4841,3.1072,0,3.353,3.5601,4.513,8.3528
101,2016,271,2200,12.03,4841,.11997,0,3.353,0,0,1.2013
101,2016,271,2300,12.03,4841,0,0,3.353,0,0,0
101,2016,271,2400,11.96,4841,0,0,3.353,0,0,0
102,2016,271,2400,11.89,4841,14253,3.482,73.5,12685,13741,13348
101,2016,272,100,11.97,4841,0,0,3.353,0,0,0
101,2016,272,200,11.98,4841,0,0,3.353,0,0,0
101,2016,272,300,12.04,4841,0,0,3.353,0,0,0
101,2016,272,400,11.98,4841,0,0,3.353,0,0,0
101,2016,272,500,11.94,4841,0,0,3.353,0,0,0
101,2016,272,600,12,4841,0,0,3.353,0,0,0
101,2016,272,700,11.91,4841,1.2537,0,3.353,1.0593,1.1896,1.1381
101,2016,272,800,11.93,4841,220.78,0,4.997,197.26,210.32,206.96
101,2016,272,900,11.94,4841,434.15,0,4.505,363.56,392.17,385.92
101,2016,272,1000,11.98,4841,1118.5,.583,179,1016.4,1093.5,1053.3
101,2016,272,1100,11.93,4841,1941.5,1,404.9,1779.7,1925.3,1856.2
101,2016,272,1200,11.95,4841,2839.9,.983,438.4,2505.5,2768,2684.8
101,2016,272,1300,11.93,4841,1670.2,.15,49.78,1466.7,1590.9,1554.4
101,2016,272,1400,11.92,4841,1140.8,.033,28.4,988.03,1070.1,1049.6
101,2016,272,1500,11.87,4841,1044.4,.15,94.4,960.14,1009.2,1001.6
101,2016,272,1600,11.87,4841,1168.8,.167,82.5,1046.9,1112.7,1105.2
101,2016,272,1700,11.83,4841,1139,.367,105.7,961.55,1041,1034.6
101,2016,272,1800,11.85,4841,530.26,.217,106.5,479.32,499.96,501.97
101,2016,272,1900,11.85,4841,124.67,0,4.258,109.4,118.45,113.5
101,2016,272,2000,11.85,4841,.52187,0,3.353,.31259,.61318,.18265
101,2016,272,2100,11.87,4841,0,0,3.353,0,0,0
101,2016,272,2200,11.85,4841,0,0,3.353,0,0,0
101,2016,272,2300,11.96,4841,0,0,3.353,0,0,0
101,2016,272,2400,12.04,4841,0,0,3.353,0,0,0
102,2016,272,2400,11.83,4841,13375,3.649,64.32,11876,12833,12549
101,2016,273,100,12.06,4841,0,0,3.353,0,0,0
101,2016,273,200,12.08,4841,0,0,3.353,0,0,0
101,2016,273,300,12.08,4841,0,0,3.353,0,0,0
101,2016,273,400,12.08,4841,0,0,3.353,0,0,0
101,2016,273,500,12.06,4841,0,0,3.353,0,0,0
101,2016,273,600,12.08,4841,0,0,3.353,0,0,0
101,2016,273,700,12.07,4841,.018,0,3.353,.01737,.08584,.0281
101,2016,273,800,12.09,4841,26.255,0,3.353,22.246,24.404,23.597
101,2016,273,900,12.09,4841,143.46,0,3.353,125.31,135.7,132.91
101,2016,273,1000,12.06,4841,356.22,0,3.353,313.28,338.89,333.33
101,2016,273,1100,12.08,4841,532.31,0,6.232,453.94,491.47,485.53
101,2016,273,1200,12.03,4841,623.13,0,3.963,592.95,615.1,618.33
101,2016,273,1300,12.11,4841,1506.3,.117,39.09,1336.6,1450.8,1421.9
101,2016,273,1400,12.12,4841,2802.4,.417,133.1,2463.2,2687.8,2627.8
101,2016,273,1500,12.1,4841,3223.7,1,436.8,2862.7,3087.2,3022.5
101,2016,273,1600,12.06,4841,2336.5,.816,274.1,2071.2,2200.1,2194.4
101,2016,273,1700,12.02,4841,1835.3,.833,320.5,1595.2,1697.8,1702.9
101,2016,273,1800,11.95,4841,940.4,1,271.8,791.03,845.65,851.56
101,2016,273,1900,12,4841,225.52,.283,91.9,215.7,225.29,222.57
101,2016,273,2000,11.95,4841,.7678,0,3.353,.48625,1.1528,.23183
101,2016,273,2100,11.97,4841,0,0,3.353,0,0,0
101,2016,273,2200,11.96,4841,0,0,3.353,0,0,0
101,2016,273,2300,12,4841,0,0,3.353,0,0,0
101,2016,273,2400,12.02,4841,0,0,3.353,0,0,0
102,2016,273,2400,11.95,4841,14552,4.465,67.82,12844,13802,13638
101,2016,274,100,12.06,4841,0,0,3.353,0,0,0
101,2016,274,200,12.06,4841,0,0,3.353,0,0,0
101,2016,274,300,12.03,4841,0,0,3.353,0,0,0
101,2016,274,400,12,4841,0,0,3.353,0,0,0
101,2016,274,500,12.04,4841,0,0,3.353,0,0,0
101,2016,274,600,12.01,4841,0,0,3.353,0,0,0
101,2016,274,700,12.02,4841,.95975,0,3.353,.95513,1.1405,.35125
101,2016,274,800,12.03,4841,279.94,.55,184.5,310.69,326.64,282.43
101,2016,274,900,12.04,4841,1030.9,.983,458.6,1056.7,1115.8,1031.2
101,2016,274,1000,12.02,4841,1790.5,1,530.2,1698.1,1822.8,1725.6
101,2016,274,1100,12.06,4841,2717.2,1,698.9,2496,2709.3,2598.2
101,2016,274,1200,12.05,4841,2932.7,.916,588.8,2656.1,2933.6,2830.1
101,2016,274,1300,12.08,4841,1649.7,.233,155.3,1458.5,1595.4,1557.5
101,2016,274,1400,12.04,4841,939.57,.033,43.14,743.51,844.65,815.52
101,2016,274,1500,12.08,4841,479.26,0,6.164,408.25,449.13,438.02
101,2016,274,1600,12,4841,1318.3,.466,128.2,1152.3,1235.7,1225.6
101,2016,274,1700,12,4841,1701.6,1,404.7,1520.7,1592.1,1608.2
101,2016,274,1800,12.09,4841,809.6,.966,305.8,759.22,771.48,789.76
101,2016,274,1900,11.98,4841,147.87,.433,117.1,177.28,176.51,187.96
101,2016,274,2000,12.06,4841,.83379,0,3.353,.36469,1.1283,.16158
101,2016,274,2100,12.07,4841,0,0,3.353,0,0,0
101,2016,274,2200,12.13,4841,0,0,3.353,0,0,0
101,2016,274,2300,12.1,4841,0,0,3.353,0,0,0
101,2016,274,2400,12.12,4841,0,0,3.353,0,0,0
102,2016,274,2400,11.98,4841,15799,7.58,152.6,14439,15576,15091
101,2016,275,100,12.12,4841,0,0,3.353,0,0,0
101,2016,275,200,12.12,4841,0,0,3.353,0,0,0
101,2016,275,300,12.12,4841,0,0,3.353,0,0,0
101,2016,275,400,12.12,4841,0,0,3.353,0,0,0
101,2016,275,500,12.12,4841,0,0,3.353,0,0,0
101,2016,275,600,12.11,4841,0,0,3.353,0,0,0
101,2016,275,700,12.12,4841,.35991,0,3.353,.26049,.55186,.02108
101,2016,275,800,12.12,4841,107.1,.05,30.51,104.65,112.13,98.822
101,2016,275,900,12.14,4841,1114.7,1,483,1151.8,1200.1,1126.8
101,2016,275,1000,12.14,4841,1989.1,1,591.2,1910.7,2048.2,1934.5
101,2016,275,1100,12.14,4841,2279.5,.683,417.9,2089.4,2280.4,2181.2
101,2016,275,1200,12.14,4841,2363.3,.666,418.1,2125.9,2393.4,2274.1
101,2016,275,1300,12.16,4841,2766.5,.633,351.1,2415.1,2699.9,2569.2
101,2016,275,1400,12.14,4841,1757.8,.317,168.6,1578.4,1724.6,1680
101,2016,275,1500,12.14,4841,1999.8,.5,240.5,1752.8,1887.7,1860.9
101,2016,275,1600,12.14,4841,475.48,.033,16.03,436.8,461.84,451.2
101,2016,275,1700,12.15,4841,452.1,0,3.621,387.03,426.35,413.9
101,2016,275,1800,12.14,4841,189.61,0,3.353,186.19,194,188.27
101,2016,275,1900,12.04,4841,31.852,0,3.353,29.644,31.567,28.311
101,2016,275,2000,12.14,4841,0,0,3.353,0,0,0
101,2016,275,2100,12.12,4841,0,0,3.353,0,0,0
101,2016,275,2200,11.98,4841,0,0,3.353,0,0,0
101,2016,275,2300,12.02,4841,0,0,3.353,0,0,0
101,2016,275,2400,12,4841,0,0,3.353,0,0,0
102,2016,275,2400,11.98,4841,15527,4.881,115.3,14169,15461,14807
101,2016,276,100,11.99,4841,0,0,3.353,0,0,0
101,2016,276,200,11.98,4841,0,0,3.353,0,0,0
101,2016,276,300,12.14,4841,0,0,3.353,0,0,0
101,2016,276,400,12.13,4841,0,0,3.353,0,0,0
101,2016,276,500,11.96,4841,0,0,3.353,0,0,0
101,2016,276,600,11.97,4841,0,0,3.353,0,0,0
101,2016,276,700,12.11,4841,0,0,3.353,0,0,.03513
101,2016,276,800,12.14,4841,140.53,0,7.41,125.1,136.14,130.2
101,2016,276,900,12.16,4841,771.31,.417,182.6,734.98,776.83,737
101,2016,276,1000,12.17,4841,1242,.566,259.2,1156.6,1235.3,1179
101,2016,276,1100,12.14,4841,2693.8,.933,591,2506.3,2731.9,2603.9
101,2016,276,1200,12.12,4841,3359.3,1,629.9,3049.4,3410,3241.4
101,2016,276,1300,12.11,4841,2569.1,.683,210.7,2253.6,2503.4,2412.5
101,2016,276,1400,12.1,4841,1131.1,.033,39.85,969.13,1059.8,1036.2
101,2016,276,1500,12.11,4841,2664.6,.966,380.2,2335,2527.3,2512.6
101,2016,276,1600,12.09,4841,897.22,.167,50.19,759.81,831.84,810.66
101,2016,276,1700,12.1,4841,737.29,0,3.738,631.29,692.39,668.73
101,2016,276,1800,12.1,4841,572.8,0,34.99,506.99,541.67,531.46
101,2016,276,1900,12.12,4841,173.48,0,19.76,148.14,161.88,153.54
101,2016,276,2000,12.13,4841,.4199,0,3.353,.13893,.60092,.07025
101,2016,276,2100,12.06,4841,0,0,3.353,0,0,0
101,2016,276,2200,12.12,4841,0,0,3.353,0,0,0
101,2016,276,2300,12.13,4841,0,0,3.353,0,0,0
101,2016,276,2400,12.14,4841,0,0,3.353,0,0,0
102,2016,276,2400,11.96,4841,16953,4.765,102.1,15176,16609,16017
101,2016,277,100,12.14,4841,0,0,3.353,0,0,0
101,2016,277,200,12.11,4841,0,0,3.353,0,0,.07025
101,2016,277,300,12.09,4841,0,0,3.353,0,0,0
101,2016,277,400,12.1,4841,0,0,3.353,0,0,0
101,2016,277,500,12.1,4841,0,0,3.353,0,0,0
101,2016,277,600,12.11,4841,0,0,3.353,0,0,0
101,2016,277,700,12.08,4841,.13796,0,3.353,.19103,.30659,.09835
101,2016,277,800,12.1,4841,82.221,0,3.353,69.248,76.439,72.893
101,2016,277,900,12.1,4841,357.89,0,12.69,305.26,335.04,322.4
101,2016,277,1000,12.07,4841,1259,.65,170.5,1123.8,1219.5,1167.8
101,2016,277,1100,12.08,4841,1313.1,.367,111.5,1170.8,1276.3,1228.5
101,2016,277,1200,12.09,4841,2606,1,344.6,2372.9,2617.3,2511.9
101,2016,277,1300,12.07,4841,2928.9,.966,304.2,2598.4,2879.2,2776.2
101,2016,277,1400,12.06,4841,2890.2,.733,271.9,2563,2797.9,2723.3
101,2016,277,1500,12.02,4841,1991.3,.35,112.7,1706.8,1864.3,1819.3
101,2016,277,1600,12.08,4841,1773.5,.666,157.5,1538.8,1656.7,1635.8
101,2016,277,1700,12.06,4841,1065.8,.466,131,910.97,976.63,961.93
101,2016,277,1800,12.02,4841,549.81,0,26.33,470.07,508.11,492.81
101,2016,277,1900,12.06,4841,217.28,.133,40.83,180.7,195.73,188.51
101,2016,277,2000,12.06,4841,.20395,0,3.353,0,.23301,0
101,2016,277,2100,12.05,4841,0,0,3.353,0,0,0
101,2016,277,2200,12.01,4841,0,0,3.353,0,0,0
101,2016,277,2300,12.04,4841,0,0,3.353,0,0,0
101,2016,277,2400,12.06,4841,0,0,3.353,0,0,0
102,2016,277,2400,12.01,4841,17035,5.331,72,15011,16404,15902
101,2016,278,100,12.09,4841,0,0,3.353,0,0,0
101,2016,278,200,12.12,4841,0,0,3.353,0,0,0
101,2016,278,300,12.09,4841,0,0,3.353,0,0,0
101,2016,278,400,12.05,4841,0,0,3.353,0,0,0
101,2016,278,500,12.14,4841,0,0,3.353,0,0,0
101,2016,278,600,12.11,4841,0,0,3.353,0,0,0
101,2016,278,700,12.1,4841,.53986,0,3.353,.5123,.74808,.37233
101,2016,278,800,12.08,4841,268.62,.383,144,311.86,317.36,290.94
101,2016,278,900,12.07,4841,1016,1,365,1072.1,1112.4,1028.6
101,2016,278,1000,12.1,4841,2178.6,1,619.6,2157.7,2274.3,2163.4
101,2016,278,1100,12.07,4841,1857.2,.483,222.1,1679.3,1829.7,1749.2
101,2016,278,1200,12.08,4841,2443.3,.533,274.1,2192.2,2429.2,2332.8
101,2016,278,1300,12.1,4841,1682.9,.283,153.9,1475.3,1658.3,1595.4
101,2016,278,1400,12.08,4841,1947,.317,172.3,1764.4,1918.6,1846
101,2016,278,1500,12.09,4841,566.12,0,10.59,462.18,520.1,494.49
101,2016,278,1600,12.12,4841,76.007,0,3.353,57.726,65.88,60.325
101,2016,278,1700,12.1,4841,121.1,0,3.353,108.47,114.28,115.35
101,2016,278,1800,12.05,4841,260.58,0,3.353,249.65,264.26,262.82
101,2016,278,1900,12.13,4841,152.52,0,3.353,138.98,147.96,147.34
101,2016,278,2000,12.14,4841,.55786,0,3.353,.39942,.68676,.40043
101,2016,278,2100,12.12,4841,0,0,3.353,0,0,0
101,2016,278,2200,12.12,4841,0,0,3.353,0,0,0
101,2016,278,2300,12.1,4841,0,0,3.353,0,0,0
101,2016,278,2400,12.14,4841,0,0,3.353,0,0,0
102,2016,278,2400,12.05,4841,12571,3.998,84,11671,12654,12087
101,2016,279,100,12.14,4841,0,0,3.353,0,0,0
101,2016,279,200,12.12,4841,0,0,3.353,0,0,0
101,2016,279,300,12.12,4841,0,0,3.353,0,0,0
101,2016,279,400,12.14,4841,.006,0,3.353,0,.01226,0
101,2016,279,500,12.14,4841,1.9795,0,3.353,1.4674,1.582,0
101,2016,279,600,12.14,4841,0,0,3.353,0,0,0
101,2016,279,700,12.12,4841,0,0,3.353,0,0,0
101,2016,279,800,12.14,4841,14.534,0,3.353,12.477,13.514,13.446
101,2016,279,900,12.12,4841,84.667,0,3.353,67.919,75.555,74.774
101,2016,279,1000,12.14,4841,123.96,0,3.353,96.859,108.05,106.56
101,2016,279,1100,12.14,4841,177.98,0,3.353,141.65,157.6,154.94
101,2016,279,1200,12.12,4841,656.5,0,3.532,580.23,623.38,617.97
101,2016,279,1300,12.15,4841,1667.3,0,16.72,1470.8,1584.3,1558.5
101,2016,279,1400,12.14,4841,2798.3,.85,177.5,2521.1,2686.7,2650.9
101,2016,279,1500,12.14,4841,2608.9,.916,277.5,2418,2521.4,2506.4
101,2016,279,1600,12.13,4841,2058.4,1,377,1866.2,1945.2,1937.2
101,2016,279,1700,12.14,4841,758.63,.083,104.8,673.85,710.55,698.13
101,2016,279,1800,12.13,4841,396.43,0,57.29,355.15,373.45,364.71
101,2016,279,1900,12.12,4841,134.59,0,31.41,121.42,126.73,123.72
101,2016,279,2000,12.11,4841,.19795,0,3.353,.04342,.2698,.01405
101,2016,279,2100,12.1,4841,0,0,3.353,0,0,0
101,2016,279,2200,12.1,4841,0,0,3.353,0,0,0
101,2016,279,2300,12.09,4841,0,0,3.353,0,0,0
101,2016,279,2400,12.08,4841,0,0,3.353,0,0,0
102,2016,279,2400,12.08,4841,11482,2.849,45.81,10327,10928,10807
101,2016,280,100,12.1,4841,0,0,3.353,0,0,0
101,2016,280,200,12.1,4841,0,0,3.353,0,0,0
101,2016,280,300,12.07,4841,0,0,3.353,0,0,0
101,2016,280,400,12.08,4841,0,0,3.353,0,0,0
101,2016,280,500,12.1,4841,0,0,3.353,0,0,0
101,2016,280,600,12.1,4841,0,0,3.353,0,0,0
101,2016,280,700,12.11,4841,.44988,0,3.353,.69464,.69901,.48472
101,2016,280,800,12.12,4841,132.31,0,3.476,112.78,122.46,117.68
101,2016,280,900,12.11,4841,269.46,0,6.852,232.37,247.61,241.96
101,2016,280,1000,12.11,4841,474.78,0,4.494,394.68,430.46,416.19
101,2016,280,1100,12.1,4841,1133.9,0,3.644,1007.4,1076.2,1046.9
101,2016,280,1200,12.09,4841,1985.3,.267,108.6,1781.4,1922.9,1855.4
101,2016,280,1300,12.09,4841,2795.3,.566,271.3,2453.5,2693.9,2540.6
101,2016,280,1400,12.12,4841,1960.3,.05,23.91,1703.3,1844.6,1793.4
101,2016,280,1500,12.1,4841,2254.4,.916,328.2,2013.1,2108.8,2080.9
101,2016,280,1600,12.08,4841,1289.8,.35,201.8,1132.1,1199.1,1181.1
101,2016,280,1700,12.1,4841,618.71,.15,50.95,545.15,585.41,578.62
101,2016,280,1800,12.11,4841,870.9,.816,256.3,798.11,819.49,834.41
101,2016,280,1900,12.12,4841,115.79,.15,33.4,114.02,116.07,112.11
101,2016,280,2000,12.12,4841,0,0,3.353,0,0,0
101,2016,280,2100,12.12,4841,0,0,3.353,0,0,0
101,2016,280,2200,12.12,4841,0,0,3.353,0,0,0
101,2016,280,2300,12.11,4841,0,0,3.353,0,0,0
101,2016,280,2400,12.12,4841,0,0,3.353,0,0,0
102,2016,280,2400,12.07,4841,13901,3.265,55.54,12289,13168,12800
101,2016,281,100,12.13,4841,0,0,3.353,0,0,0
101,2016,281,200,12.13,4841,0,0,3.353,0,0,0
101,2016,281,300,12.12,4841,0,0,3.353,0,0,0
101,2016,281,400,12.13,4841,0,0,3.353,0,0,0
101,2016,281,500,12.12,4841,0,0,3.353,0,0,0
101,2016,281,600,12.12,4841,0,0,3.353,0,0,0
101,2016,281,700,12.12,4841,.53986,0,3.353,.30391,.6377,.14753
101,2016,281,800,12.12,4841,113.14,0,3.901,95.791,105.36,95.569
101,2016,281,900,12.13,4841,404.82,0,25.07,351.95,380.72,364.2
101,2016,281,1000,12.12,4841,835.82,0,24.72,737.16,792.76,766.73
101,2016,281,1100,12.13,4841,1578,0,90.3,1401.8,1518.8,1467.8
101,2016,281,1200,12.13,4841,1740.6,0,36,1537.7,1663.2,1619
101,2016,281,1300,12.12,4841,2571.4,.417,137.4,2312.9,2491.2,2431.1
101,2016,281,1400,12.12,4841,1331.9,.133,53.59,1187.9,1267.7,1239.7
101,2016,281,1500,12.13,4841,1428.4,.333,80.9,1297.8,1371.1,1352.5
101,2016,281,1600,12.12,4841,1955.7,1,294.7,1755.4,1843,1840.8
101,2016,281,1700,12.13,4841,1253.8,.666,206,1123.3,1176.4,1179.2
101,2016,281,1800,12.11,4841,665.97,.833,181.4,608.69,628.22,638.72
101,2016,281,1900,12.13,4841,198.92,.083,62.31,172.04,180.05,178.96
101,2016,281,2000,12.11,4841,.36591,0,3.353,.13893,.41696,.04215
101,2016,281,2100,12.12,4841,0,0,3.353,0,0,0
101,2016,281,2200,12.12,4841,0,0,3.353,0,0,0
101,2016,281,2300,12.13,4841,0,0,3.353,0,0,0
101,2016,281,2400,12.14,4841,0,0,3.353,0,0,0
102,2016,281,2400,12.11,4841,14079,3.465,51.53,12583,13419,13174
101,2016,282,100,12.14,4841,0,0,3.353,0,0,0
101,2016,282,200,12.13,4841,0,0,3.353,0,0,0
101,2016,282,300,12.14,4841,0,0,3.353,0,0,0
101,2016,282,400,12.14,4841,0,0,3.353,0,0,0
101,2016,282,500,12.13,4841,0,0,3.353,0,0,0
101,2016,282,600,12.14,4841,0,0,3.353,0,0,0
101,2016,282,700,12.13,4841,1.3976,0,3.353,1.5022,1.8518,1.6368
101,2016,282,800,12.12,4841,223.24,0,9.29,211.2,221.58,214.91
101,2016,282,900,12.12,4841,1014,.7,280.9,1022.7,1064.6,1010.9
101,2016,282,1000,12.1,4841,1950.5,1,549.4,1885.2,2006.4,1913.4
101,2016,282,1100,12.12,4841,2247.6,.783,493.5,2107.7,2272,2181.4
101,2016,282,1200,12.12,4841,1704,.333,188.6,1506.3,1651.8,1593.5
101,2016,282,1300,12.14,4841,1134.3,.017,23.9,1044.7,1104.9,1083.4
101,2016,282,1400,12.13,4841,1693.3,.217,71,1536.1,1634.6,1602.6
101,2016,282,1500,12.14,4841,2938,.783,488.5,2646.4,2759.4,2746.1
101,2016,282,1600,12.14,4841,2586.1,1,647,2349.6,2411.3,2432.8
101,2016,282,1700,12.12,4841,1274.7,1,371.9,1126.5,1174.3,1184
101,2016,282,1800,12.08,4841,621.12,.666,185.5,531.56,561.43,562.92
101,2016,282,1900,12.14,4841,151.49,.033,39.61,126.47,136.51,130.06
101,2016,282,2000,12.12,4841,.10797,0,3.353,.01737,.19622,0
101,2016,282,2100,12.11,4841,0,0,3.353,0,0,0
101,2016,282,2200,12.13,4841,0,0,3.353,0,0,0
101,2016,282,2300,12.1,4841,0,0,3.353,0,0,0
101,2016,282,2400,12.12,4841,0,0,3.353,0,0,0
102,2016,282,2400,12.08,4841,17540,6.531,141.2,16096,17001,16657
101,2016,283,100,12.13,4841,0,0,3.353,0,0,0
101,2016,283,200,12.13,4841,0,0,3.353,0,0,0
101,2016,283,300,12.12,4841,0,0,3.353,0,0,0
101,2016,283,400,12.11,4841,0,0,3.353,0,0,0
101,2016,283,500,12.12,4841,0,0,3.353,0,0,0
101,2016,283,600,12.16,4841,0,0,3.353,0,0,0
101,2016,283,700,12.14,4841,1.2597,0,3.353,1.1028,1.398,1.0257
101,2016,283,800,12.12,4841,234.96,.417,117.1,262,265.1,239.15
101,2016,283,900,12.08,4841,1190.2,1,520.3,1277.3,1315.1,1230.7
101,2016,283,1000,12.1,4841,1994.9,1,600.1,1968.2,2078.8,1983.9
101,2016,283,1100,12.11,4841,2795.7,1,690.6,2640.9,2854.1,2733.3
101,2016,283,1200,12.12,4841,3047.5,.766,496.4,2768.1,3038.3,2909.7
101,2016,283,1300,12.1,4841,3104.7,.716,429.5,2768.8,3051.4,2962.5
101,2016,283,1400,12.1,4841,2648.4,.666,385.3,2435.5,2618.1,2560.5
101,2016,283,1500,12.11,4841,3391.4,1,762,3206.8,3292.1,3294.5
101,2016,283,1600,12.09,4841,2688.1,1,695.8,2519.4,2577.8,2609.5
101,2016,283,1700,12.1,4841,2155.4,1,719,1974.8,2034.2,2081.6
101,2016,283,1800,12.12,4841,1111.6,1,545.6,1040.7,1035.1,1081.8
101,2016,283,1900,12.13,4841,317.28,.616,244.9,291,278.18,299.11
101,2016,283,2000,12.12,4841,.04799,0,3.353,0,.12264,0
101,2016,283,2100,12.12,4841,0,0,3.353,0,0,0
101,2016,283,2200,12.13,4841,0,0,3.353,0,0,0
101,2016,283,2300,12.16,4841,0,0,3.353,0,0,0
101,2016,283,2400,12.16,4841,0,0,3.353,0,0,0
102,2016,283,2400,12.08,4841,24681,10.18,260.3,23155,24440,23987
101,2016,284,100,12.14,4841,0,0,3.353,0,.04905,0
101,2016,284,200,12.12,4841,0,0,3.353,0,0,0
101,2016,284,300,12.09,4841,0,0,3.353,0,0,0
101,2016,284,400,12.1,4841,0,0,3.353,0,0,0
101,2016,284,500,12.13,4841,0,0,3.353,0,0,0
101,2016,284,600,12.08,4841,0,0,3.353,.2084,.02453,.07025
101,2016,284,700,12.13,4841,.02399,0,3.353,0,.20848,0
101,2016,284,800,12.12,4841,259.23,.367,80.1,260.7,274.96,263.56
101,2016,284,900,12.11,4841,1057.6,.866,358,1125.9,1149.5,1095
101,2016,284,1000,12.11,4841,2199.6,1,642.6,2183.3,2293.6,2201.6
101,2016,284,1100,12.08,4841,2901.3,1,728,2754.3,2969.8,2853.1
101,2016,284,1200,12.09,4841,3359.6,1,697.3,3095.6,3423,3294.7
101,2016,284,1300,12.11,4841,3398.4,.85,530.4,3068.1,3379.1,3289.9
101,2016,284,1400,12.11,4841,3669.7,1,638.6,3356.1,3583.3,3526.4
101,2016,284,1500,12.1,4841,3071.6,.8,533.2,2812.3,2928.9,2911.4
101,2016,284,1600,12.09,4841,2324.5,.816,524.4,2065.4,2154.9,2175.2
101,2016,284,1700,12.08,4841,2123.8,1,732,1922.6,1978.9,2030.5
101,2016,284,1800,12.12,4841,1149.8,1,584.3,1053.6,1052.1,1105.9
101,2016,284,1900,12.12,4841,220.63,.516,141.7,197.65,194.45,203.63
101,2016,284,2000,12.11,4841,.03599,0,3.353,0,.11037,0
101,2016,284,2100,12.13,4841,0,0,3.353,0,0,0
101,2016,284,2200,12.1,4841,0,0,3.353,0,0,0
101,2016,284,2300,12.1,4841,0,0,3.353,0,0,0
101,2016,284,2400,12.11,4841,0,0,3.353,0,0,0
102,2016,284,2400,12.08,4841,25736,10.21,259.6,23896,25383,24951
101,2016,285,100,12.1,4841,0,0,3.353,0,0,0
101,2016,285,200,12.12,4841,0,0,3.353,0,0,0
101,2016,285,300,12.12,4841,0,0,3.353,0,0,0
101,2016,285,400,12.12,4841,0,0,3.353,0,0,0
101,2016,285,500,12.14,4841,0,0,3.353,0,0,0
101,2016,285,600,12.1,4841,0,0,3.353,0,0,0
101,2016,285,700,12.1,4841,.58185,0,3.353,.62519,1.0424,.35126
101,2016,285,800,12.1,4841,233.95,.3,82.6,248.34,254.78,237.11
101,2016,285,900,12.14,4841,1018.8,1,388.4,1088.1,1112.3,1043.1
101,2016,285,1000,12.16,4841,1979.6,1,576.4,1965.5,2061.5,1968.1
101,2016,285,1100,12.85,4841,2864.5,1,650.3,2746.3,2932.7,2828.1
101,2016,285,1200,12.85,4841,2929.6,.783,423.9,2707.4,2951.9,2844.2
101,2016,285,1300,12.84,4841,2060.8,.367,187.1,1843.6,2013.5,1961.6
101,2016,285,1400,12.85,4841,3668.8,1,658.9,3342.7,3566.6,3505.9
101,2016,285,1500,12.84,4841,3207.7,.95,690.7,2989.4,3081.5,3076.4
101,2016,285,1600,12.84,4841,2774,1,733,2579.4,2635.5,2675.2
101,2016,285,1700,12.84,4841,2000.9,1,693.2,1837.4,1883,1933.2
101,2016,285,1800,12.85,4841,1050,1,529.7,979.47,972.52,1021.1
101,2016,285,1900,12.84,4841,274.77,.566,200.8,255.79,246.73,261.78
101,2016,285,2000,12.84,4841,.27589,0,3.353,.03473,.26976,0
101,2016,285,2100,12.84,4841,0,0,3.353,0,0,0
101,2016,285,2200,12.85,4841,0,0,3.353,0,0,0
101,2016,285,2300,12.86,4841,0,0,3.353,0,0,0
101,2016,285,2400,12.85,4841,0,0,3.353,0,0,0
102,2016,285,2400,12.1,4841,24064,9.96,244,22584,23714,23356
101,2016,286,100,12.86,4841,0,0,3.353,0,0,0
101,2016,286,200,12.86,4841,0,0,3.353,0,0,0
101,2016,286,300,12.85,4841,0,0,3.353,0,0,0
101,2016,286,400,12.85,4841,0,0,3.353,0,0,0
101,2016,286,500,12.85,4841,0,0,3.353,0,0,0
101,2016,286,600,12.85,4841,0,0,3.353,0,0,0
101,2016,286,700,12.85,4841,1.3737,0,3.353,.9812,1.6433,.64631
101,2016,286,800,12.85,4841,283.4,.317,92.5,298.3,304.8,285.49
101,2016,286,900,12.84,4841,1266.5,1,498.6,1351.9,1382.3,1294.8
101,2016,286,1000,12.84,4841,1946.7,1,555.6,1916.1,2019.7,1923.9
101,2016,286,1100,12.84,4841,2628.8,1,609.4,2502.3,2677.8,2578.3
101,2016,286,1200,12.84,4841,3169.1,1,563.5,2914.6,3193.7,3075.9
101,2016,286,1300,12.84,4841,3408.8,1,590.9,3101.7,3394,3289.2
101,2016,286,1400,12.84,4841,3137.5,.833,515.1,2912.8,3085.5,3032.7
101,2016,286,1500,12.84,4841,1776,.45,223,1617.8,1690.2,1665.4
101,2016,286,1600,12.84,4841,2019.9,.7,373.7,1845,1910.4,1910.3
101,2016,286,1700,12.84,4841,983.95,.317,199.3,867.91,918.74,919.15
101,2016,286,1800,12.84,4841,917.13,1,437.2,852.14,851.93,889.35
101,2016,286,1900,12.84,4841,240.32,.483,171,223.34,215.32,227.5
101,2016,286,2000,12.85,4841,.65374,0,3.353,.26914,.69892,.07727
101,2016,286,2100,12.84,4841,0,0,3.353,0,0,0
101,2016,286,2200,12.85,4841,0,0,3.353,0,0,0
101,2016,286,2300,12.84,4841,0,0,3.353,0,0,0
101,2016,286,2400,12.84,4841,0,0,3.353,0,0,0
102,2016,286,2400,12.84,4841,21780,9.1,202.9,20405,21647,21093
101,2016,287,100,12.85,4841,0,0,3.353,0,0,0
101,2016,287,200,12.85,4841,0,0,3.353,0,0,0
101,2016,287,300,12.85,4841,0,0,3.353,0,0,0
101,2016,287,400,12.85,4841,0,0,3.353,0,0,0
101,2016,287,500,12.85,4841,0,0,3.353,0,0,0
101,2016,287,600,12.85,4841,0,0,3.353,0,0,0
101,2016,287,700,12.85,4841,1.3497,0,3.353,1.1896,1.4103,1.2575
101,2016,287,800,12.84,4841,273.33,.3,90.1,287.58,293.32,274.79
101,2016,287,900,12.84,4841,1124.4,.8,370.7,1175.4,1208.2,1141
101,2016,287,1000,12.84,4841,2045.2,1,596.5,2039.2,2138.3,2045.4
101,2016,287,1100,12.84,4841,1788.6,.483,253.7,1664,1780.7,1721.5
101,2016,287,1200,12.84,4841,2022.6,.5,229.9,1852.4,2010.5,1954.3
101,2016,287,1300,12.84,4841,2410.5,.5,232.3,2174,2353.1,2313.5
101,2016,287,1400,12.84,4841,2453.5,.466,233.7,2237,2377.1,2356.2
101,2016,287,1500,12.84,4841,2782.1,1,477,2593.6,2687.8,2703.7
101,2016,287,1600,12.84,4841,2198.2,1,414.9,2026.8,2095.8,2118.9
101,2016,287,1700,12.84,4841,1866.1,1,550.2,1729.6,1773.1,1817.3
101,2016,287,1800,12.84,4841,745.4,.9,293.2,687.69,694.95,714.73
101,2016,287,1900,12.84,4841,212.08,.417,98.5,185.81,189.68,191.78
101,2016,287,2000,12.84,4841,0,0,3.353,0,.04905,0
101,2016,287,2100,12.84,4841,0,0,3.353,0,0,0
101,2016,287,2200,12.84,4841,0,0,3.353,0,0,0
101,2016,287,2300,12.84,4841,0,0,3.353,0,0,0
101,2016,287,2400,12.84,4841,0,0,3.353,0,0,0
102,2016,287,2400,12.84,4841,19923,8.36,161.7,18654,19604,19354
101,2016,288,100,12.84,4841,0,0,3.353,0,0,0
101,2016,288,200,12.84,4841,0,0,3.353,0,0,0
101,2016,288,300,12.85,4841,0,0,3.353,0,0,0
101,2016,288,400,12.85,4841,0,0,3.353,0,0,0
101,2016,288,500,12.85,4841,0,0,3.353,0,0,0
101,2016,288,600,12.84,4841,0,0,3.353,0,0,0
101,2016,288,700,12.84,4841,1.1997,0,3.353,.62519,1.3981,.40746
101,2016,288,800,12.84,4841,314,.533,172.2,362.54,363.98,335.53
101,2016,288,900,12.84,4841,1215.1,1,514.6,1322.6,1345.4,1262.1
101,2016,288,1000,12.84,4841,2142.7,1,643.4,2142.6,2238.7,2142.4
101,2016,288,1100,12.84,4841,2780.6,1,671.7,2660.8,2834.9,2737.7
101,2016,288,1200,12.84,4841,3298.5,1,648.2,3066,3346.4,3243.7
101,2016,288,1300,12.84,4841,2897.3,.666,360.3,2655.8,2874.3,2811.2
101,2016,288,1400,12.84,4841,1176.8,.1,50.01,1076.4,1136.1,1124.3
101,2016,288,1500,12.84,4841,1658.5,.783,250.4,1564.2,1615.8,1619.3
101,2016,288,1600,12.84,4841,2024.5,1,432.9,1942.2,1975.3,2008.7
101,2016,288,1700,12.84,4841,2005.4,1,650.7,1876.8,1917.3,1970.8
101,2016,288,1800,12.84,4841,1045.7,1,522.7,989.84,979.55,1025.8
101,2016,288,1900,12.84,4841,175.71,.317,92,160.39,161.49,161.73
101,2016,288,2000,12.84,4841,.03599,0,3.353,0,.07357,0
101,2016,288,2100,12.84,4841,0,0,3.353,0,0,0
101,2016,288,2200,12.84,4841,0,0,3.353,0,0,0
101,2016,288,2300,12.84,4841,0,0,3.353,0,0,0
101,2016,288,2400,12.84,4841,0,0,3.353,0,0,0
102,2016,288,2400,12.84,4841,20736,9.4,210.4,19821,20791,20444
101,2016,289,100,12.84,4841,0,0,3.353,0,0,0
101,2016,289,200,12.84,4841,0,0,3.353,0,0,0
101,2016,289,300,12.84,4841,0,0,3.353,0,0,0
101,2016,289,400,12.84,4841,0,0,3.353,0,0,0
101,2016,289,500,12.84,4841,0,0,3.353,0,0,0
101,2016,289,600,12.84,4841,0,0,3.353,0,0,0
101,2016,289,700,12.84,4841,3.4911,0,3.364,3.2388,4.0715,2.6555
101,2016,289,800,12.84,4841,197.13,0,23.88,191,199.16,189.6
101,2016,289,900,12.84,4841,429.41,.067,28.34,393.05,414.58,401.12
101,2016,289,1000,12.84,4841,1552.4,.766,324.7,1502,1587,1526.1
101,2016,289,1100,12.84,4841,2608.1,1,573.7,2484.5,2645,2563
101,2016,289,1200,12.84,4841,2823.2,.783,442.1,2606.4,2834.7,2753.7
101,2016,289,1300,12.84,4841,2505.1,.533,277,2247.3,2443.3,2396
101,2016,289,1400,12.84,4841,3193.2,.9,551.6,2970.7,3156.7,3119.4
101,2016,289,1500,12.84,4841,3221.9,1,695.4,3029,3120.2,3127.3
101,2016,289,1600,12.84,4841,2784.7,1,697.5,2603.6,2663.6,2703.8
101,2016,289,1700,12.84,4841,1986.3,1,537.8,1779.9,1856.9,1889.4
101,2016,289,1800,12.84,4841,699.55,.35,132.2,615.18,648.19,647.37
101,2016,289,1900,12.84,4841,164.46,0,11.15,139.05,151.47,143.35
101,2016,289,2000,12.84,4841,.012,0,3.353,0,.03679,0
101,2016,289,2100,12.84,4841,0,0,3.353,0,0,0
101,2016,289,2200,12.84,4841,0,0,3.353,0,0,0
101,2016,289,2300,12.84,4841,0,0,3.353,0,0,0
101,2016,289,2400,12.84,4841,0,0,3.353,0,0,0
102,2016,289,2400,12.84,4841,22169,7.4,180.7,20565,21725,21463
101,2016,290,100,12.84,4841,0,0,3.353,0,0,0
101,2016,290,200,12.84,4841,0,0,3.353,0,0,0
101,2016,290,300,12.84,4841,0,0,3.353,0,0,0
101,2016,290,400,12.84,4841,0,0,3.353,0,0,0
101,2016,290,500,12.84,4841,1.4696,0,3.353,.83359,1.9254,.00703
101,2016,290,600,12.84,4841,0,0,3.353,0,.02453,.18266
101,2016,290,700,12.84,4841,1.8955,0,3.353,1.9885,2.3056,3.077
101,2016,290,800,12.84,4841,84.885,0,3.375,79.573,84.325,85.51
101,2016,290,900,12.84,4841,296.18,0,13.91,283.59,295.92,294.08
101,2016,290,1000,12.84,4841,980.52,.083,58.94,892.58,950.93,924.44
101,2016,290,1100,12.84,4841,2567.7,.833,493.3,2448.6,2615.6,2524.7
101,2016,290,1200,12.84,4841,3338,1,681.5,3104.8,3405.2,3261.7
101,2016,290,1300,12.84,4841,3786.1,1,614,3490.2,3802.3,3687.1
101,2016,290,1400,12.84,4841,3141.3,.816,491.8,2872.6,3056.2,3007.4
101,2016,290,1500,12.84,4841,2185,.733,431.8,2036.4,2095.3,2090.5
101,2016,290,1600,12.84,4841,2244.7,.966,523,2124,2168.8,2198
101,2016,290,1700,12.84,4841,1247.4,.633,301.9,1169.7,1197.2,1214.6
101,2016,290,1800,12.84,4841,397.47,0,29.82,371.48,388.09,382.82
101,2016,290,1900,12.84,4841,101.95,0,4.163,93.721,100.26,93.484
101,2016,290,2000,12.84,4841,0,0,3.353,0,0,0
101,2016,290,2100,12.84,4841,0,0,3.353,0,0,0
101,2016,290,2200,12.84,4841,0,0,3.353,0,0,0
101,2016,290,2300,12.84,4841,0,0,3.353,0,0,0
101,2016,290,2400,12.84,4841,0,0,3.353,0,0,0
102,2016,290,2400,12.84,4841,20375,6.064,153.7,18970,20164,19768
101,2016,291,100,12.84,4841,0,0,3.353,0,0,0
101,2016,291,200,12.84,4841,0,0,3.353,0,0,0
101,2016,291,300,12.84,4841,0,0,3.353,0,0,0
101,2016,291,400,12.84,4841,0,0,3.353,0,0,0
101,2016,291,500,12.84,4841,0,0,3.353,0,0,0
101,2016,291,600,12.84,4841,0,0,3.353,0,0,0
101,2016,291,700,12.84,4841,.63585,0,3.353,.64256,.93204,.36531
101,2016,291,800,12.84,4841,119.74,0,3.353,104.42,113.06,107.24
101,2016,291,900,12.84,4841,402.99,0,3.353,358.72,382.86,370.93
101,2016,291,1000,12.84,4841,1552.5,.666,289.2,1471.4,1559.7,1502.4
101,2016,291,1100,12.84,4841,2858.7,1,707,2770.9,2948.5,2840.9
101,2016,291,1200,12.83,4841,3271,1,604,3129.6,3375.3,3241.9
101,2016,291,1300,12.84,4841,2053.9,.766,192.9,1945.5,2072,2023.6
101,2016,291,1400,12.84,4841,2986.2,.716,376.5,2728.3,2915.2,2844.1
101,2016,291,1500,12.84,4841,2582.1,.933,507.7,2396.9,2478.4,2470.9
101,2016,291,1600,12.83,4841,2559.8,1,504.4,2414.3,2472.9,2498.1
101,2016,291,1700,12.84,4841,748.67,.117,58.89,685.61,718.64,713.33
101,2016,291,1800,12.84,4841,595.22,.367,133.7,541.23,557.27,561.31
101,2016,291,1900,12.84,4841,92.615,0,31.26,92.045,93.19,89.803
101,2016,291,2000,12.84,4841,0,0,3.353,0,0,0
101,2016,291,2100,12.84,4841,0,0,3.353,0,0,0
101,2016,291,2200,12.84,4841,0,0,3.353,0,0,0
101,2016,291,2300,12.84,4841,0,0,3.353,0,0,0
101,2016,291,2400,12.84,4841,0,0,3.353,0,0,0
102,2016,291,2400,12.83,4841,19824,6.564,143.8,18640,19688,19265
101,2016,292,100,12.84,4841,0,0,3.353,0,0,0
101,2016,292,200,12.84,4841,0,0,3.353,0,0,0
101,2016,292,300,12.84,4841,0,0,3.353,0,0,0
101,2016,292,400,12.84,4841,0,0,3.353,0,0,0
101,2016,292,500,12.84,4841,0,0,3.353,0,0,0
101,2016,292,600,12.84,4841,0,0,3.353,0,0,0
101,2016,292,700,12.84,4841,.67783,0,3.353,.52968,.78488,.35828
101,2016,292,800,12.84,4841,140.29,0,8.75,130.12,137.17,131.86
101,2016,292,900,12.84,4841,728.74,.433,131.6,685.59,725.43,695.24
101,2016,292,1000,12.84,4841,1115.5,.25,118.2,1035.4,1097.1,1070.8
101,2016,292,1100,12.84,4841,1191.2,.017,22.39,1052,1133.1,1101.4
101,2016,292,1200,12.84,4841,2647.9,.783,269.6,2411.8,2613.6,2539.2
101,2016,292,1300,12.84,4841,1365.9,.05,41.22,1176.9,1282.8,1244.2
101,2016,292,1400,12.84,4841,1762.1,.283,143,1577.1,1688.4,1647.5
101,2016,292,1500,12.84,4841,1124.2,.083,60.22,1006.1,1067.3,1048.8
101,2016,292,1600,12.84,4841,788.06,.017,22.23,667.1,726.2,704.3
101,2016,292,1700,12.84,4841,1341.2,.7,397.5,1229,1254.9,1276.9
101,2016,292,1800,12.84,4841,241.36,.017,21.25,207.43,222.39,213.02
101,2016,292,1900,12.83,4841,70.389,0,11.55,60.406,64.884,59.725
101,2016,292,2000,12.84,4841,0,0,3.353,0,.02453,0
101,2016,292,2100,12.84,4841,0,0,3.353,0,0,0
101,2016,292,2200,12.84,4841,0,0,3.353,0,0,0
101,2016,292,2300,12.84,4841,0,0,3.353,0,0,0
101,2016,292,2400,12.84,4841,0,0,3.353,0,0,0
102,2016,292,2400,12.83,4841,12518,2.632,53.65,11239,12014,11733
101,2016,293,100,12.84,4841,0,0,3.353,0,0,0
101,2016,293,200,12.84,4841,0,0,3.353,0,0,0
101,2016,293,300,12.84,4841,0,0,3.353,0,0,0
101,2016,293,400,12.84,4841,0,0,3.353,0,0,0
101,2016,293,500,12.84,4841,0,0,3.353,0,0,0
101,2016,293,600,12.84,4841,0,0,3.353,0,0,0
101,2016,293,700,12.84,4841,4.169,0,3.353,3.5775,4.3536,3.1192
101,2016,293,800,12.84,4841,462.95,.583,202.8,545.57,539.33,510.01
101,2016,293,900,12.83,4841,1441.3,1,503.8,1579.2,1589.3,1517.1
101,2016,293,1000,12.83,4841,2129.1,1,651.5,2173.5,2251.7,2169.5
101,2016,293,1100,12.83,4841,2791.7,1,689.5,2701.8,2890.5,2782.2
101,2016,293,1200,12.84,4841,2685.5,.75,484.6,2536.2,2748.6,2651.8
101,2016,293,1300,12.83,4841,3247,.783,468.5,2960.1,3217.6,3125
101,2016,293,1400,12.83,4841,2580.9,.75,451.9,2372.8,2535.8,2490.3
101,2016,293,1500,12.83,4841,3379.5,1,752,3198.6,3287.1,3285
101,2016,293,1600,12.83,4841,1295,.433,252,1196.7,1237.4,1236.4
101,2016,293,1700,12.83,4841,849.52,.35,146.2,803.9,823.91,828.61
101,2016,293,1800,12.83,4841,306.33,.267,97.7,286.93,288.24,292.09
101,2016,293,1900,12.83,4841,257.94,.417,120.2,246.97,242.17,250.53
101,2016,293,2000,12.83,4841,.08996,0,3.353,0,.12262,0
101,2016,293,2100,12.83,4841,0,0,3.353,0,0,0
101,2016,293,2200,12.83,4841,0,0,3.353,0,0,0
101,2016,293,2300,12.83,4841,0,0,3.353,0,0,0
101,2016,293,2400,12.83,4841,0,0,3.353,0,0,0
102,2016,293,2400,12.83,4841,21431,8.33,202.5,20606,21656,21142
101,2016,294,100,12.83,4841,0,0,3.353,0,0,0
101,2016,294,200,12.83,4841,0,0,3.353,0,0,0
101,2016,294,300,12.83,4841,0,0,3.353,0,0,0
101,2016,294,400,12.83,4841,0,0,3.353,0,0,0
101,2016,294,500,12.83,4841,0,0,3.353,0,0,0
101,2016,294,600,12.83,4841,0,0,3.353,0,0,0
101,2016,294,700,12.83,4841,4.5589,0,3.398,4.1419,5.0894,3.2175
101,2016,294,800,12.83,4841,202.94,0,35.69,204.74,212,201.38
101,2016,294,900,12.83,4841,539.14,0,17,484.83,516.34,502.61
101,2016,294,1000,12.82,4841,1940.1,.8,469.4,1905.3,1994.4,1927.1
101,2016,294,1100,12.82,4841,2634.4,1,622.4,2549.4,2716.3,2618.5
101,2016,294,1200,12.82,4841,2208.3,.583,349.1,2055.2,2218.4,2137.8
101,2016,294,1300,12.82,4841,708.54,.033,34.69,666.87,698.04,684.91
101,2016,294,1400,12.82,4841,2040.1,.433,263.1,1905.1,2011.3,1989.7
101,2016,294,1500,12.83,4841,2952.2,.883,543.9,2788.7,2893,2891.4
101,2016,294,1600,12.82,4841,1500.5,.516,311.5,1404.9,1447.6,1462.1
101,2016,294,1700,12.82,4841,1863.4,1,632.1,1766.2,1779.2,1838.6
101,2016,294,1800,12.83,4841,1026.3,1,524.3,996.58,967.56,1023.1
101,2016,294,1900,12.83,4841,152.14,.383,90.2,142.96,139.03,141.21
101,2016,294,2000,12.83,4841,0,0,3.353,0,.01226,0
101,2016,294,2100,12.83,4841,0,0,3.353,0,0,0
101,2016,294,2200,12.83,4841,0,0,3.353,0,0,0
101,2016,294,2300,12.83,4841,0,0,3.353,0,0,0
101,2016,294,2400,12.83,4841,0,0,3.353,0,0,0
102,2016,294,2400,12.82,4841,17773,6.631,163.9,16875,17598,17422
101,2016,295,100,12.84,4841,0,0,3.353,0,0,0
101,2016,295,200,12.84,4841,0,0,3.353,0,0,0
101,2016,295,300,12.84,4841,0,0,3.353,0,0,0
101,2016,295,400,12.84,4841,0,0,3.353,0,0,0
101,2016,295,500,12.84,4841,0,0,3.353,0,0,0
101,2016,295,600,12.83,4841,0,0,3.353,0,0,0
101,2016,295,700,12.83,4841,.58786,0,3.353,.46021,.73583,.39341
101,2016,295,800,12.83,4841,221.98,.283,89.8,249.32,251.68,231.84
101,2016,295,900,12.83,4841,443.52,.1,54.66,396.9,426.25,405.66
101,2016,295,1000,12.83,4841,384.8,0,3.442,295.19,334.92,320.03
101,2016,295,1100,12.83,4841,1055.6,.217,87.8,1012.6,1071.2,1061.4
101,2016,295,1200,12.83,4841,2075.7,.3,91.6,1899.9,2019.3,1984.6
101,2016,295,1300,12.83,4841,2698.1,.716,205.7,2516.2,2688.9,2642.7
101,2016,295,1400,12.83,4841,3367.7,.866,494.5,3177.3,3350.1,3313.6
101,2016,295,1500,12.82,4841,2865.3,.75,440.1,2655.1,2763.2,2743.2
101,2016,295,1600,12.83,4841,1496.4,.65,247,1399.9,1436.4,1453
101,2016,295,1700,12.82,4841,1795.7,.983,400.1,1671.6,1713.4,1742.1
101,2016,295,1800,12.83,4841,539.77,.017,32.91,465.35,499.27,484.13
101,2016,295,1900,12.83,4841,195.66,0,17.81,153.3,172.37,161.66
101,2016,295,2000,12.83,4841,.04799,0,3.353,0,.22075,0
101,2016,295,2100,12.83,4841,0,0,3.353,0,0,0
101,2016,295,2200,12.83,4841,0,0,3.353,0,0,0
101,2016,295,2300,12.83,4841,0,0,3.353,0,0,0
101,2016,295,2400,12.83,4841,0,0,3.353,0,0,0
102,2016,295,2400,12.82,4841,17141,4.881,91.9,15893,16728,16544
101,2016,296,100,12.83,4841,0,0,3.353,0,0,0
101,2016,296,200,12.83,4841,0,0,3.353,0,0,0
101,2016,296,300,12.83,4841,0,0,3.353,0,0,0
101,2016,296,400,12.83,4841,0,0,3.353,0,0,0
101,2016,296,500,12.83,4841,0,0,3.353,0,0,0
101,2016,296,600,12.83,4841,0,0,3.353,0,0,0
101,2016,296,700,12.83,4841,3.5571,0,3.353,3.8553,4.0961,3.2175
101,2016,296,800,12.83,4841,358.33,.65,227.7,467.21,450.51,412.7
101,2016,296,900,12.83,4841,1229.8,1,553,1423.5,1418,1343.5
101,2016,296,1000,12.83,4841,2127.7,1,663.3,2202.8,2276,2191.4
101,2016,296,1100,12.83,4841,2855.3,1,720,2803.5,2970,2866.1
101,2016,296,1200,12.83,4841,3333.9,1,702,3177.5,3452.7,3320.9
101,2016,296,1300,12.83,4841,3365.8,.816,563.1,3166.2,3417.5,3327.2
101,2016,296,1400,12.83,4841,3364.7,.783,573.2,3167.7,3338.5,3282.5
101,2016,296,1500,12.83,4841,1321.9,.217,152.1,1235.4,1289.3,1269.1
101,2016,296,1600,12.83,4841,228.59,0,8.35,242.31,243.75,237.75
101,2016,296,1700,12.83,4841,759.18,.367,159.3,755.41,753.93,769.26
101,2016,296,1800,12.83,4841,971.4,.85,311,921.98,925.97,943.24
101,2016,296,1900,12.83,4841,275.65,.65,169,273.79,262.82,272.37
101,2016,296,2000,12.83,4841,.03599,0,3.353,0,.09811,0
101,2016,296,2100,12.83,4841,0,0,3.353,0,0,0
101,2016,296,2200,12.83,4841,0,0,3.353,0,0,0
101,2016,296,2300,12.83,4841,0,0,3.353,0,0,0
101,2016,296,2400,12.83,4841,0,0,3.353,0,0,0
102,2016,296,2400,12.83,4841,20196,8.33,201.8,19841,20803,20239
101,2016,297,100,12.83,4841,0,0,3.353,0,0,0
101,2016,297,200,12.83,4841,0,0,3.353,0,0,0
101,2016,297,300,12.83,4841,0,0,3.353,0,0,0
101,2016,297,400,12.83,4841,0,0,3.353,0,0,0
101,2016,297,500,12.83,4841,0,0,3.353,0,0,0
101,2016,297,600,12.83,4841,0,0,3.353,0,0,0
101,2016,297,700,12.83,4841,1.8355,0,3.353,1.4935,2.2933,1.0116
101,2016,297,800,12.83,4841,192.74,.15,41.64,204.85,208.51,196.97
101,2016,297,900,12.83,4841,646.1,.367,112,620.84,650.96,622.2
101,2016,297,1000,12.83,4841,2028.6,1,441.6,1984.8,2072.3,2000.4
101,2016,297,1100,12.83,4841,1865.7,.566,194,1728.8,1840.2,1780
101,2016,297,1200,12.83,4841,2481.6,.583,259.9,2300.9,2466.6,2369.3
101,2016,297,1300,12.83,4841,3631.8,1,701,3379.1,3664.3,3549.7
101,2016,297,1400,12.83,4841,3625.4,1,646,3437.6,3623.7,3562.7
101,2016,297,1500,12.83,4841,1290.4,.183,131.7,1229.9,1277.8,1258.6
101,2016,297,1600,12.83,4841,1705.2,.5,288.8,1581.2,1631.1,1646.1
101,2016,297,1700,12.83,4841,1971.7,.866,494.4,1800,1851.3,1882.7
101,2016,297,1800,12.83,4841,453.11,.167,81.3,421.72,435.49,431.06
101,2016,297,1900,12.84,4841,180.06,.133,36.16,160.35,168.31,164.15
101,2016,297,2000,12.83,4841,.012,0,3.353,0,.04906,0
101,2016,297,2100,12.83,4841,0,0,3.353,0,0,0
101,2016,297,2200,12.83,4841,0,0,3.353,0,0,0
101,2016,297,2300,12.84,4841,0,0,3.353,0,0,0
101,2016,297,2400,12.84,4841,0,0,3.353,0,0,0
102,2016,297,2400,12.83,4841,20074,6.514,144.5,18852,19893,19465
101,2016,298,100,12.84,4841,0,0,3.353,0,0,0
101,2016,298,200,12.83,4841,0,0,3.353,0,0,0
101,2016,298,300,12.84,4841,0,0,3.353,0,0,0
101,2016,298,400,12.83,4841,0,0,3.353,0,0,0
101,2016,298,500,12.83,4841,0,0,3.353,0,0,0
101,2016,298,600,12.83,4841,0,0,3.353,0,0,0
101,2016,298,700,12.83,4841,1.2777,0,3.353,1.1201,1.6433,.51986
101,2016,298,800,12.83,4841,110.8,0,3.353,92.528,101.87,95.767
101,2016,298,900,12.83,4841,482.58,.017,30.34,428.45,460.45,442.58
101,2016,298,1000,12.82,4841,1497.8,.766,370.2,1529,1580.5,1533.4
101,2016,298,1100,12.82,4841,2914.1,1,713,2846.9,3010,2911
101,2016,298,1200,12.82,4841,3338.4,1,699.3,3168.2,3436.1,3309
101,2016,298,1300,12.83,4841,3594,1,697.5,3362,3645.5,3537.6
101,2016,298,1400,12.83,4841,3530.7,.933,664.8,3322,3507.8,3449.1
101,2016,298,1500,12.83,4841,1701,.3,166.9,1615.4,1677.6,1658.4
101,2016,298,1600,12.83,4841,1123.6,.317,107.2,1002,1057,1042.1
101,2016,298,1700,12.83,4841,373.62,.067,31.06,297.98,331.26,317.25
101,2016,298,1800,12.82,4841,93.175,0,5.437,79.859,88.948,81.822
101,2016,298,1900,12.83,4841,36.747,0,3.353,36.843,38.189,34.395
101,2016,298,2000,12.83,4841,0,0,3.353,0,.03679,0
101,2016,298,2100,12.83,4841,0,0,3.353,0,0,0
101,2016,298,2200,12.83,4841,0,0,3.353,0,0,0
101,2016,298,2300,12.83,4841,0,0,3.353,0,0,0
101,2016,298,2400,12.83,4841,0,0,3.353,0,0,0
102,2016,298,2400,12.82,4841,18798,5.398,147.2,17782,18937,18413
101,2016,299,100,12.83,4841,0,0,3.353,0,0,0
101,2016,299,200,12.83,4841,0,0,3.353,0,0,0
101,2016,299,300,12.83,4841,0,0,3.353,0,0,0
101,2016,299,400,12.83,4841,0,0,3.353,0,0,0
101,2016,299,500,12.83,4841,0,0,3.353,0,0,0
101,2016,299,600,12.83,4841,0,0,3.353,0,0,0
101,2016,299,700,12.83,4841,3.4311,0,3.353,3.5688,4.0102,2.782
101,2016,299,800,12.83,4841,366.83,.75,216.2,483.97,465.75,433.05
101,2016,299,900,12.83,4841,1241.2,1,537.7,1452,1438.1,1359.9
101,2016,299,1000,12.83,4841,2144.7,1,669.5,2239.1,2298.6,2213.8
101,2016,299,1100,12.82,4841,2780,1,664.8,2757.3,2895.4,2803.5
101,2016,299,1200,12.82,4841,3209.6,1,652.6,3040.9,3293.3,3185
101,2016,299,1300,12.82,4841,3627.4,.983,648.5,3366.1,3637.3,3545
101,2016,299,1400,12.82,4841,2908.9,.733,478.6,2751.5,2895.6,2855.9
101,2016,299,1500,12.82,4841,2937.1,.833,566,2849.4,2891.8,2892.4
101,2016,299,1600,12.83,4841,1500.8,.3,210,1378.7,1421.9,1407.7
101,2016,299,1700,12.83,4841,279.23,0,5.063,238.86,265.32,253.21
101,2016,299,1800,12.83,4841,75.325,0,3.353,80.551,81.591,79.415
101,2016,299,1900,12.83,4841,32.382,0,3.353,31.663,37.276,37.762
101,2016,299,2000,12.82,4841,0,0,3.353,.26916,.90744,.0281
101,2016,299,2100,12.82,4841,0,0,3.353,0,0,0
101,2016,299,2200,12.82,4841,0,0,3.353,0,0,0
101,2016,299,2300,12.82,4841,0,0,3.353,0,0,0
101,2016,299,2400,12.82,4841,0,0,3.353,0,0,0
102,2016,299,2400,12.82,4841,21107,7.6,195.7,20674,21627,21070
101,2016,300,100,12.82,4841,0,0,3.353,0,0,0
101,2016,300,200,12.82,4841,0,0,3.353,0,0,0
101,2016,300,300,12.82,4841,0,0,3.353,0,0,0
101,2016,300,400,12.82,4841,0,0,3.353,0,0,0
101,2016,300,500,12.82,4841,0,0,3.353,0,0,0
101,2016,300,600,12.82,4841,0,0,3.353,0,0,0
101,2016,300,700,12.82,4841,4.025,0,3.353,3.8033,4.2555,3.2246
101,2016,300,800,12.82,4841,171.39,0,3.565,160.21,168.92,160.35
101,2016,300,900,12.82,4841,775.87,.383,86.6,739.07,775.24,742.51
101,2016,300,1000,12.82,4841,1621,1,293.1,1610.6,1667.5,1611.6
101,2016,300,1100,12.82,4841,2218,1,347.1,2119.7,2231.4,2166.9
101,2016,300,1200,12.82,4841,3374.6,1,540.6,3115.9,3378.7,3253.7
101,2016,300,1300,12.82,4841,3694.1,1,636.2,3419.2,3712.8,3603.3
101,2016,300,1400,12.82,4841,3024.4,.85,435.4,2864,3035.1,2984.6
101,2016,300,1500,12.82,4841,1040.8,.133,50.29,957.86,1014.5,993.69
101,2016,300,1600,12.82,4841,597.51,.1,29.32,552.09,581.27,564.98
101,2016,300,1700,12.82,4841,700.39,.167,80,687.52,701.08,701.1
101,2016,300,1800,12.82,4841,526.29,.25,83.3,508.05,517.46,516.16
101,2016,300,1900,12.82,4841,155.43,0,27.1,150.88,154.5,149.94
101,2016,300,2000,12.84,4841,0,0,3.353,0,.02452,0
101,2016,300,2100,12.84,4841,0,0,3.353,0,0,0
101,2016,300,2200,12.84,4841,0,0,3.353,0,0,0
101,2016,300,2300,12.84,4841,0,0,3.353,0,0,0
101,2016,300,2400,12.83,4841,0,0,3.353,0,0,0
102,2016,300,2400,12.82,4841,17904,5.881,110.5,16889,17943,17452
101,2016,301,100,12.84,4841,0,0,3.353,0,0,0
101,2016,301,200,12.84,4841,0,0,3.353,0,0,0
101,2016,301,300,12.84,4841,0,0,3.353,0,0,0
101,2016,301,400,12.84,4841,0,0,3.353,0,0,0
101,2016,301,500,12.84,4841,0,0,3.353,0,0,0
101,2016,301,600,12.84,4841,0,0,3.353,0,0,0
101,2016,301,700,12.84,4841,.4139,0,3.353,.56441,.69903,.30911
101,2016,301,800,12.84,4841,107.17,0,7.1,98.016,103.53,99.174
101,2016,301,900,12.83,4841,598.39,.117,79.9,578.93,602.88,581.85
101,2016,301,1000,12.83,4841,1227.1,.183,133.5,1168.8,1226,1200.6
101,2016,301,1100,12.83,4841,2870.7,1,702,2891.7,2996.5,2926.1
101,2016,301,1200,12.83,4841,3194.7,.983,652.1,3076.2,3290.6,3196.9
101,2016,301,1300,12.83,4841,2965.2,.666,388.5,2769.9,2965.4,2895.3
101,2016,301,1400,12.84,4841,1701.1,.2,120.8,1518.9,1632,1588
101,2016,301,1500,12.83,4841,967.77,.167,121.2,861.59,916.18,894.22
101,2016,301,1600,12.83,4841,182.42,0,3.476,186.83,191.52,185.28
101,2016,301,1700,12.83,4841,136.21,0,3.353,143.4,144.72,149.57
101,2016,301,1800,12.83,4841,48.744,0,3.353,57.353,56.904,57.705
101,2016,301,1900,12.83,4841,8.6679,0,3.353,9.9684,10.841,8.9993
101,2016,301,2000,12.83,4841,0,0,3.353,0,.07358,0
101,2016,301,2100,12.83,4841,0,0,3.353,0,0,0
101,2016,301,2200,12.84,4841,0,0,3.353,0,0,0
101,2016,301,2300,12.84,4841,0,0,3.353,0,0,0
101,2016,301,2400,12.84,4841,0,0,3.353,0,0,0
102,2016,301,2400,12.83,4841,14009,3.315,94.1,13362,14138,13784
101,2016,302,100,12.83,4841,0,0,3.353,0,0,0
101,2016,302,200,12.83,4841,0,0,3.353,0,0,0
101,2016,302,300,12.83,4841,0,0,3.353,0,0,0
101,2016,302,400,12.83,4841,0,0,3.353,0,0,0
101,2016,302,500,12.83,4841,0,0,3.353,0,0,0
101,2016,302,600,12.84,4841,0,0,3.353,0,0,0
101,2016,302,700,12.83,4841,1.4996,0,3.353,1.4588,1.7169,1.0889
101,2016,302,800,12.83,4841,146.54,0,3.644,127.06,136.71,129.87
101,2016,302,900,12.17,4841,983.67,.65,249.1,1009.7,1034.2,989.12
101,2016,302,1000,12.14,4841,2098.3,1,555.5,2172.9,2227.9,2155.4
101,2016,302,1100,12.05,4841,1866.7,1,354.4,1863.6,1933.3,1880.2
101,2016,302,1200,12.01,4841,2563.9,1,423,2423.9,2593.5,2519
101,2016,302,1300,11.96,4841,3198,.833,462.2,2972.3,3209.7,3125.8
101,2016,302,1400,11.95,4841,3829.2,.95,582.6,3540.8,3763.8,3704.2
101,2016,302,1500,12,4841,2453.9,.95,503.7,2367.8,2409.4,2416.5
101,2016,302,1600,12,4841,1395.8,.333,240,1322.9,1359,1355.1
101,2016,302,1700,12.04,4841,1346,.666,329.6,1300.8,1318.6,1350.7
101,2016,302,1800,12.04,4841,451.11,0,44.84,419.49,435.19,434.73
101,2016,302,1900,12.04,4841,154.07,0,18.63,145.24,150.01,142.81
101,2016,302,2000,12.03,4841,.06598,0,3.353,.01737,.14717,0
101,2016,302,2100,12.02,4841,0,0,3.353,0,0,0
101,2016,302,2200,12.02,4841,0,0,3.353,0,0,0
101,2016,302,2300,12.02,4841,0,0,3.353,0,0,0
101,2016,302,2400,12.02,4841,0,0,3.353,0,0,0
102,2016,302,2400,11.95,4841,20489,7.38,158.6,19668,20573,20205
101,2016,303,100,12.02,4841,.22794,0,3.353,.07815,.39244,0
101,2016,303,200,12.02,4841,.11397,0,3.353,.09552,.51508,.06323
101,2016,303,300,12.02,4841,0,0,3.353,0,.06132,1.2083
101,2016,303,400,12.02,4841,0,0,3.353,.85963,1.4839,2.9997
101,2016,303,500,12.02,4841,0,0,3.353,0,.2698,.29505
101,2016,303,600,12.01,4841,0,0,3.353,0,.46601,.13348
101,2016,303,700,12,4841,2.2434,0,3.353,1.9798,2.5018,1.4331
101,2016,303,800,12,4841,277.04,.5,128.3,345.13,336.13,315.9
101,2016,303,900,11.99,4841,1197.7,.983,435.4,1355.8,1346.9,1291.3
101,2016,303,1000,11.98,4841,2154.3,1,686.7,2305.8,2347.2,2266.8
101,2016,303,1100,11.98,4841,2886.6,.95,677.7,2949.3,3072.3,2982
101,2016,303,1200,11.98,4841,2074.6,.45,281.8,2015.9,2125.3,2063.8
101,2016,303,1300,11.98,4841,2488.8,.5,342.3,2345.6,2513.2,2451.4
101,2016,303,1400,11.98,4841,3102.6,.8,558.8,2972.1,3127.2,3080.3
101,2016,303,1500,11.98,4841,2523,.633,503.7,2446.9,2495.7,2490.8
101,2016,303,1600,11.98,4841,2765.8,.95,742,2742.2,2720.7,2778
101,2016,303,1700,11.97,4841,1073.9,.417,247.7,1022.4,1040.2,1047.1
101,2016,303,1800,11.96,4841,563.24,.433,214.1,554.56,544.51,557.94
101,2016,303,1900,11.97,4841,221.46,.516,141.3,237.34,220.37,231.88
101,2016,303,2000,11.97,4841,0,0,3.353,0,.01226,0
101,2016,303,2100,11.97,4841,0,0,3.353,0,0,0
101,2016,303,2200,11.96,4841,0,0,3.353,0,0,0
101,2016,303,2300,11.96,4841,0,0,3.353,0,0,0
101,2016,303,2400,11.96,4841,0,0,3.353,0,0,0
102,2016,303,2400,11.96,4841,21332,8.13,208.3,21296,21895,21563
101,2016,304,100,11.96,4841,0,0,3.353,0,0,0
101,2016,304,200,11.96,4841,0,0,3.353,0,0,0
101,2016,304,300,11.95,4841,0,0,3.353,0,0,0
101,2016,304,400,11.95,4841,0,0,3.353,0,0,0
101,2016,304,500,11.93,4841,0,0,3.353,0,0,0
101,2016,304,600,11.94,4841,0,0,3.353,0,0,0
101,2016,304,700,11.93,4841,1.8236,0,3.364,1.9016,2.3546,1.2645
101,2016,304,800,11.94,4841,351.36,.583,185.4,456.11,440.28,412.61
101,2016,304,900,11.93,4841,748.19,.583,213.3,815.87,820.77,784.02
101,2016,304,1000,11.93,4841,2061.6,1,556.1,2128.6,2186.3,2113.6
101,2016,304,1100,11.94,4841,1780,.65,225.9,1676.4,1786.6,1727.3
101,2016,304,1200,11.93,4841,2220.8,.716,231.8,2109.8,2240,2179.9
101,2016,304,1300,11.93,4841,1624.5,.283,104.4,1511.9,1612.9,1578.7
101,2016,304,1400,11.94,4841,389.43,0,19.89,398.52,400.54,395.78
101,2016,304,1500,11.93,4841,1338.5,.417,128.5,1202.9,1269.5,1260.1
101,2016,304,1600,11.93,4841,2468.8,.85,464.8,2364.8,2404.4,2437.7
101,2016,304,1700,11.93,4841,388.58,0,8.26,402.46,403.93,398.83
101,2016,304,1800,11.59,4841,434.55,.233,69.67,413.05,420.59,418.33
101,2016,304,1900,11.49,4841,209.52,.417,117.5,216.26,204.06,209.39
101,2016,304,2000,11.56,4841,0,0,3.353,0,0,0
101,2016,304,2100,11.58,4841,0,0,3.353,0,0,0
101,2016,304,2200,11.74,4841,0,0,3.353,0,0,0
101,2016,304,2300,11.73,4841,0,0,3.353,0,0,0
101,2016,304,2400,11.74,4841,0,0,3.353,0,0,0
102,2016,304,2400,11.49,4841,14018,5.731,98.6,13699,14192,13917
101,2016,305,100,11.75,4841,0,0,3.353,0,0,0
101,2016,305,200,11.73,4841,0,0,3.353,0,0,0
101,2016,305,300,11.68,4841,0,0,3.353,0,0,0
101,2016,305,400,11.69,4841,0,0,3.353,0,0,0
101,2016,305,500,11.67,4841,0,0,3.353,0,0,0
101,2016,305,600,11.68,4841,0,0,3.353,0,0,0
101,2016,305,700,11.67,4841,3.1312,0,3.375,2.6657,3.5932,2.1848
101,2016,305,800,11.67,4841,322.57,.65,196.9,441.41,420.86,394.71
101,2016,305,900,12.84,0,57.339,.033,614.6,64.316,64.751,62.158
101,2016,305,1000,12.83,0,2166.4,1,653.1,2302,2349.5,2263.7
101,2016,305,1100,12.45,0,2632.7,1,646.9,2650.8,2758,2668.6
101,2016,305,1200,12.65,0,3064.5,.85,570.9,2956,3144.7,3053.7
101,2016,305,1300,12.69,0,2603,.516,361.5,2449.2,2595.2,2538
101,2016,305,1400,12.71,0,3112.2,.816,545.1,2976.5,3123.8,3098.6
101,2016,305,1500,12.71,0,2747.4,.75,568.8,2711.8,2750.3,2767.6
101,2016,305,1600,12.69,0,1884.6,.55,382.5,1832.1,1840.1,1861.4
101,2016,305,1700,12.55,0,1328.5,.45,281.2,1262.5,1283.5,1291.9
101,2016,305,1800,12.5,0,467.36,.233,81.3,457.18,464.56,469.17
101,2016,305,1900,12.75,0,94.374,.067,42.07,98.206,96.453,91.502
101,2016,305,2000,12.75,0,0,0,3.353,0,0,0
101,2016,305,2100,12.74,0,0,0,3.353,0,0,0
101,2016,305,2200,12.75,0,0,0,3.353,0,0,0
101,2016,305,2300,12.74,0,0,0,3.353,0,0,0
101,2016,305,2400,12.74,4841,0,0,3.353,0,0,0
102,2016,305,2400,12.45,4841,20158,6.264,277.4,19760,20471,20166
101,2016,306,100,12.74,4841,0,0,3.353,0,0,0
101,2016,306,200,12.74,4841,0,0,3.353,0,0,0
101,2016,306,300,12.74,4841,0,0,3.353,0,0,0
101,2016,306,400,12.74,4841,0,0,3.353,0,0,0
101,2016,306,500,12.74,4841,0,0,3.353,0,0,0
101,2016,306,600,12.74,4841,0,0,3.353,0,0,0
101,2016,306,700,12.74,4841,4.3129,0,3.364,4.2287,4.9054,3.6812
101,2016,306,800,12.73,4841,263.17,.033,39.74,263.95,272.72,259.14
101,2016,306,900,12.71,4841,791.55,.233,92.6,775.46,804.19,774.75
101,2016,306,1000,12.71,4841,2013.9,.966,447.1,2128.4,2162.1,2100.5
101,2016,306,1100,12.73,4841,2849.8,1,702,2901.6,3012.6,2914.2
101,2016,306,1200,12.74,4841,2478.4,.716,417.6,2380.6,2538.4,2451.8
101,2016,306,1300,12.74,4841,960.33,.033,25.63,859.95,919.85,895.46
101,2016,306,1400,12.74,4841,728.57,.05,30.09,664.65,701.68,686.88
101,2016,306,1500,12.74,4841,755.07,.017,21.41,696.66,734.9,722.76
101,2016,306,1600,12.74,4841,215.83,0,3.856,210.14,218.49,212.01
101,2016,306,1700,12.74,4841,427.46,0,3.353,386.14,409.32,397.07
101,2016,306,1800,12.74,4841,370.89,0,3.498,320.87,348.68,333.06
101,2016,306,1900,12.74,4841,124.57,0,5.951,113.31,121.09,114.17
101,2016,306,2000,12.74,4841,0,0,3.353,0,0,0
101,2016,306,2100,12.74,4841,0,0,3.353,0,0,0
101,2016,306,2200,12.74,4841,0,0,3.353,0,0,0
101,2016,306,2300,12.74,4841,0,0,3.353,0,0,0
101,2016,306,2400,12.74,4841,0,0,3.353,0,0,0
102,2016,306,2400,12.71,4841,11984,3.049,76.4,11706,12249,11865
101,2016,307,100,12.74,4841,0,0,3.353,0,0,0
101,2016,307,200,12.74,4841,0,0,3.353,0,0,0
101,2016,307,300,12.74,4841,0,0,3.353,0,0,0
101,2016,307,400,12.74,4841,0,0,3.353,.01737,.24527,.80789
101,2016,307,500,12.74,4841,0,0,3.353,.19103,.07358,.15455
101,2016,307,600,12.74,4841,0,0,3.353,.65124,2.1339,2.0443
101,2016,307,700,12.74,4841,.07198,0,3.353,.49494,1.0915,2.2972
101,2016,307,800,12.74,4841,38.39,0,3.37,34.324,38.054,36.278
101,2016,307,900,12.74,4841,288.44,0,3.353,252.79,273.75,270
101,2016,307,1000,12.74,4841,266.18,0,5.817,241.2,256.01,251.79
101,2016,307,1100,12.74,4841,568.78,0,5.264,450.97,503.71,485.46
101,2016,307,1200,12.74,4841,867.84,0,10.82,777.54,831.84,811.83
101,2016,307,1300,12.74,4841,2374.6,.267,113.8,2236.5,2363.2,2324.6
101,2016,307,1400,12.74,4841,642.08,0,12.08,553.97,598.52,583.78
101,2016,307,1500,12.74,4841,701.16,0,3.353,576.99,634.89,614.7
101,2016,307,1600,12.74,4841,1976.5,.866,396.6,1904,1929.5,1956.6
101,2016,307,1700,12.74,4841,1758.9,1,538.9,1752,1738.5,1792.1
101,2016,307,1800,12.74,4841,971.89,.816,328.5,965.11,949.86,977.67
101,2016,307,1900,12.75,4841,128.09,0,4.482,113.07,122.56,116.04
101,2016,307,2000,12.74,4841,2.3634,0,3.353,1.042,1.7782,0
101,2016,307,2100,12.74,4841,0,0,3.353,.52099,1.3735,2.4026
101,2016,307,2200,12.74,4841,0,0,3.353,.28654,2.6367,2.6134
101,2016,307,2300,12.74,4841,0,0,3.353,.40811,1.0424,.66036
101,2016,307,2400,12.74,4841,0,0,3.353,0,0,0
102,2016,307,2400,12.74,4841,10585,2.949,61.11,9862.2,10251,10232
101,2016,308,100,12.74,4841,0,0,3.353,.60782,0,.01405
101,2016,308,200,12.73,4841,0,0,3.353,0,0,0
101,2016,308,300,12.74,4841,0,0,3.353,0,0,0
101,2016,308,400,12.74,4841,0,0,3.353,0,0,0
101,2016,308,500,12.74,4841,0,0,3.353,0,0,0
101,2016,308,600,12.74,4841,0,0,3.353,0,0,0
101,2016,308,700,12.74,4841,0,0,3.353,0,.15943,.01405
101,2016,308,800,12.74,4841,76.685,0,3.353,65.618,72.416,69.092
101,2016,308,900,12.74,4841,226.94,0,3.353,190.79,209.33,204.7
101,2016,308,1000,12.74,4841,543.59,0,6.941,501.26,529.11,524.96
101,2016,308,1100,12.74,4841,578.43,0,4.571,517.33,550.76,538.94
101,2016,308,1200,12.74,4841,1361.3,.017,14.05,1203.9,1293.9,1265
101,2016,308,1300,12.74,4841,2363.1,.317,140.3,2154.1,2304.9,2264.8
101,2016,308,1400,12.74,4841,3203.6,.883,449.4,3067.2,3235.6,3183.3
101,2016,308,1500,12.74,4841,1043.7,.2,90,946.12,1002.1,990.69
101,2016,308,1600,12.74,4841,87.429,0,3.353,61.633,68.885,58.049
101,2016,308,1700,12.74,4841,146.74,0,4.37,141.39,144.76,148.79
101,2016,308,1800,12.74,4841,483.42,0,4.711,401.31,439.76,437.89
101,2016,308,1900,12.74,4841,98.249,0,4.683,80.319,86.936,84.301
101,2016,308,2000,12.74,4841,.7858,0,3.353,.5644,.6377,.3372
101,2016,308,2100,12.74,4841,.03599,0,3.353,.00868,.46601,.07025
101,2016,308,2200,12.74,4841,0,0,3.353,.28654,1.165,2.4939
101,2016,308,2300,12.73,4841,0,0,3.353,0,0,0
101,2016,308,2400,12.73,4841,0,0,3.353,0,0,0
102,2016,308,2400,12.73,4841,10214,1.416,32.05,9332.4,9940.9,9773.4
101,2016,309,100,12.74,4841,0,0,3.353,0,0,0
101,2016,309,200,12.73,4841,0,0,3.353,0,0,0
101,2016,309,300,12.74,4841,0,0,3.353,0,.233,.37935
101,2016,309,400,12.74,4841,0,0,3.353,.24312,1.3858,.77978
101,2016,309,500,12.74,4841,0,0,3.353,0,.5028,0
101,2016,309,600,12.74,4841,0,0,3.353,0,0,0
101,2016,309,700,12.74,4841,2.3694,0,3.353,2.0492,2.5017,1.1662
101,2016,309,800,12.74,4841,197,0,25.04,193.4,201.34,185.71
101,2016,309,900,12.74,4841,614.63,.05,61.29,561.97,596.38,572.89
101,2016,309,1000,12.74,4841,1612.8,.383,256.5,1601.7,1662.9,1631.7
101,2016,309,1100,12.74,4841,1443.1,.117,45.95,1319.4,1403.9,1369.8
101,2016,309,1200,12.74,4841,2827,.733,337.6,2763.4,2904.7,2754.7
101,2016,309,1300,12.74,4841,2796,.766,397.5,2675.2,2843.3,2767.7
101,2016,309,1400,12.74,4841,3154.3,.866,606.6,2983.2,3145.1,3111.8
101,2016,309,1500,12.74,4841,2858.7,.95,595.3,2749.1,2816.4,2826.3
101,2016,309,1600,12.74,4841,1088.6,.167,113.5,1035.2,1075.8,1072
101,2016,309,1700,12.74,4841,1757.9,.833,580.4,1771.9,1749.4,1809.1
101,2016,309,1800,12.74,4841,865.18,.833,447,910.44,859.4,911.33
101,2016,309,1900,12.74,4841,163.49,.516,141.2,191.96,169.67,180.9
101,2016,309,2000,12.74,4841,0,0,3.353,0,0,0
101,2016,309,2100,12.74,4841,0,0,3.353,0,0,0
101,2016,309,2200,12.74,4841,0,0,3.353,0,0,0
101,2016,309,2300,12.74,4841,0,0,3.353,0,0,0
101,2016,309,2400,12.74,4841,0,0,3.353,0,0,0
102,2016,309,2400,12.73,4841,19381,6.214,152,18759,19433,19196
101,2016,310,100,12.74,4841,0,0,3.353,0,0,0
101,2016,310,200,12.74,4841,0,0,3.353,0,0,0
101,2016,310,300,12.74,4841,0,0,3.353,0,0,0
101,2016,310,400,12.74,4841,0,0,3.353,0,0,0
101,2016,310,500,12.74,4841,0,0,3.353,0,0,0
101,2016,310,600,12.74,4841,0,0,3.353,0,0,0
101,2016,310,700,12.74,4841,6.3403,0,3.353,6.1476,6.561,5.9502
101,2016,310,800,12.74,4841,49.865,0,3.588,48.408,49.937,47.054
101,2016,310,900,12.75,4841,428.02,0,7.04,399.21,419.99,408.89
101,2016,310,1000,12.74,4841,1276.3,.2,94.2,1227,1279.1,1250.2
101,2016,310,1100,12.74,4841,1051.9,.117,43.95,940.42,1006.2,978.73
101,2016,310,1200,12.74,4841,2967.5,.766,389.8,2891.2,3045.6,2986
101,2016,310,1300,12.74,4841,2890.5,.8,249.2,2739.1,2902,2842.1
101,2016,310,1400,12.74,4841,1500.4,0,15.04,1333.4,1432.1,1400.4
101,2016,310,1500,12.74,4841,369.18,0,11.2,356.64,371.67,364.47
101,2016,310,1600,12.74,4841,436.4,0,3.353,444.01,448.33,455.94
101,2016,310,1700,12.74,4841,893.4,.367,93.8,821.61,851.78,858.24
101,2016,310,1800,12.74,4841,683.67,.466,248.5,677.93,659.78,680.6
101,2016,310,1900,12.74,4841,159.25,.433,144.4,200.7,173.84,186.83
101,2016,310,2000,12.74,4841,.006,0,3.353,0,.09811,0
101,2016,310,2100,12.74,4841,0,0,3.353,0,0,0
101,2016,310,2200,12.74,4841,0,0,3.353,0,0,0
101,2016,310,2300,12.74,4841,0,0,3.353,0,0,0
101,2016,310,2400,12.74,4841,0,0,3.353,0,0,0
102,2016,310,2400,12.74,4841,12713,3.149,56.01,12086,12647,12465
101,2016,311,100,12.71,4841,0,0,3.353,0,0,0
101,2016,311,200,12.74,4841,0,0,3.353,0,0,0
101,2016,311,300,12.74,4841,0,0,3.353,0,.51507,.56201
101,2016,311,400,12.71,4841,0,0,3.353,0,.15943,.00703
101,2016,311,500,12.71,4841,.006,0,3.353,.39074,1.6924,.96946
101,2016,311,600,12.74,4841,0,0,3.353,0,.24527,0
101,2016,311,700,12.73,4841,1.2537,0,3.353,.96382,1.4839,.70953
101,2016,311,800,12.74,4841,173.47,0,3.487,173.04,177.96,171.5
101,2016,311,900,12.74,4841,494.65,0,3.42,445.87,474.02,458.11
101,2016,311,1000,12.71,4841,1001.4,0,14.68,895.48,958.83,928.71
101,2016,311,1100,12.73,4841,1083.1,0,3.387,904.21,995.25,960.05
101,2016,311,1200,12.71,4841,1058.6,0,3.532,880.27,973.64,938.31
101,2016,311,1300,12.72,4841,1159.8,0,5.795,1044.6,1113.2,1088.1
101,2016,311,1400,12.74,4841,962.73,0,7.51,871.4,922.55,901.94
101,2016,311,1500,12.72,4841,889.55,0,3.677,774.3,832.82,806.99
101,2016,311,1600,12.74,4841,1362.8,.466,146,1266.5,1318.9,1313.6
101,2016,311,1700,12.74,4841,1259.5,.733,197.6,1207.6,1235,1241.5
101,2016,311,1800,12.71,4841,567.58,0,28.15,511.32,540.41,528.72
101,2016,311,1900,12.71,4841,115.72,.033,12.55,105.58,111.93,106.03
101,2016,311,2000,12.74,4841,0,0,3.353,0,0,0
101,2016,311,2100,12.71,4841,0,0,3.353,0,0,0
101,2016,311,2200,12.74,4841,0,0,3.353,0,0,0
101,2016,311,2300,12.71,4841,0,0,3.353,0,0,0
101,2016,311,2400,12.74,4841,0,0,3.353,0,0,0
102,2016,311,2400,12.71,4841,10130,1.233,19.59,9081.6,9658.6,9445.8
101,2016,312,100,12.74,4841,0,0,3.353,0,0,0
101,2016,312,200,12.74,4841,0,0,3.353,0,0,0
101,2016,312,300,12.75,4841,0,0,3.353,0,0,0
101,2016,312,400,12.75,4841,0,0,3.353,0,0,0
101,2016,312,500,12.72,4841,0,0,3.353,0,0,0
101,2016,312,600,12.71,4841,0,0,3.353,0,0,0
101,2016,312,700,12.74,4841,.12597,0,3.353,.21708,.49054,.21778
101,2016,312,800,12.74,4841,125.97,.117,29.78,131.83,135.76,130.19
101,2016,312,900,12.74,4841,716.95,.716,222.2,831.72,820.31,789.32
101,2016,312,1000,12.74,4841,899.37,0,31.92,824.89,875.44,856.07
101,2016,312,1100,12.74,4841,2462,.95,418.9,2433.7,2547.1,2480.8
101,2016,312,1200,12.74,4841,2302.5,.983,311.4,2297.7,2404.6,2348.8
101,2016,312,1300,12.74,4841,2981.1,.583,353.6,2870.3,3023.2,2931.8
101,2016,312,1400,12.74,4841,2750.2,.683,419.1,2596.2,2763.3,2725.3
101,2016,312,1500,12.74,4841,2906.1,.733,529.9,2783,2875.2,2871.7
101,2016,312,1600,12.74,4841,378.99,0,8.97,324.79,350.46,335.7
101,2016,312,1700,12.74,4841,65.936,0,3.353,62.797,63.121,60.901
101,2016,312,1800,12.74,4841,136.45,0,4.331,159.56,150.2,162.17
101,2016,312,1900,12.74,4841,136.81,0,5.527,142.93,141.35,145.21
101,2016,312,2000,12.74,4841,.09598,0,3.353,.12156,.2698,.00703
101,2016,312,2100,12.74,4841,0,0,3.353,0,0,0
101,2016,312,2200,12.74,4841,0,0,3.353,0,0,0
101,2016,312,2300,12.74,4841,0,0,3.353,0,0,0
101,2016,312,2400,12.74,4841,0,0,3.353,0,0,0
102,2016,312,2400,12.71,4841,15863,4.765,99.1,15460,16151,15838
101,2016,313,100,12.74,4841,0,0,3.353,0,0,0
101,2016,313,200,12.74,4841,0,0,3.353,.07815,.07358,0
101,2016,313,300,12.74,4841,0,0,3.353,0,0,0
101,2016,313,400,12.74,4841,0,0,3.353,0,0,0
101,2016,313,500,12.74,4841,0,0,3.353,0,0,0
101,2016,313,600,12.74,4841,0,0,3.353,0,0,0
101,2016,313,700,12.74,4841,.40189,0,3.353,.38205,.69902,.87111
101,2016,313,800,12.74,4841,97,0,3.353,89.209,95.373,95.878
101,2016,313,900,12.74,4841,364.53,0,3.353,319.89,344.55,341.21
101,2016,313,1000,12.74,4841,1005.6,.017,30.34,903.78,964.93,941.07
101,2016,313,1100,12.74,4841,900.03,0,4.46,786.91,844.69,828.51
101,2016,313,1200,12.73,4841,1340.1,0,5.679,1198.6,1279.5,1255
101,2016,313,1300,12.74,4841,1609.4,0,6.673,1396.7,1511.9,1473.1
101,2016,313,1400,12.74,4841,1579.8,.083,37.13,1363.3,1483.9,1442.9
101,2016,313,1500,12.74,4841,1731.6,.083,47.43,1567.3,1657.3,1634.1
101,2016,313,1600,12.74,4841,1954.1,.65,267.3,1938.1,1958.7,1977.2
101,2016,313,1700,12.73,4841,1609.4,1,486,1657.5,1623,1679.3
101,2016,313,1800,12.74,4841,901.19,.816,401.8,947.03,902.18,949.26
101,2016,313,1900,12.74,4841,184.23,.283,103,203.18,188.06,195.83
101,2016,313,2000,12.74,4841,0,0,3.353,0,0,0
101,2016,313,2100,12.74,4841,0,0,3.353,0,0,0
101,2016,313,2200,12.74,4841,0,0,3.353,0,0,0
101,2016,313,2300,12.74,4841,0,0,3.353,0,0,0
101,2016,313,2400,12.74,4841,0,0,3.353,0,0,0
102,2016,313,2400,12.73,4841,13278,2.932,59.86,12372,12855,12814
101,2016,314,100,12.74,4841,0,0,3.353,0,0,0
101,2016,314,200,12.74,4841,0,0,3.353,0,0,0
101,2016,314,300,12.74,4841,0,0,3.353,0,0,0
101,2016,314,400,12.74,4841,0,0,3.353,0,0,0
101,2016,314,500,12.74,4841,0,0,3.353,0,0,0
101,2016,314,600,12.74,4841,0,0,3.353,0,0,0
101,2016,314,700,12.74,4841,4.0489,0,3.353,3.3256,3.9979,3.0138
101,2016,314,800,12.74,4841,203.86,.05,24.94,202.78,209.04,197.67
101,2016,314,900,12.74,4841,769.25,.2,110.8,816.83,822.36,799
101,2016,314,1000,12.74,4841,1304.2,.35,123.1,1282.8,1328.8,1293.7
101,2016,314,1100,12.74,4841,2313.6,.816,358.7,2351.8,2421,2338.2
101,2016,314,1200,12.74,4841,2473.9,.8,308.6,2339.2,2480.4,2405
101,2016,314,1300,12.74,4841,2436.6,.533,264.2,2357.6,2465.6,2410.3
101,2016,314,1400,12.74,4841,3064.1,.75,342,3010.8,3119.6,3098.8
101,2016,314,1500,12.74,4841,3103.6,.866,570,3108,3123.5,3154.7
101,2016,314,1600,12.73,4841,2634.6,1,663.9,2680.2,2644,2702
101,2016,314,1700,12.74,4841,646.46,.15,79.1,592.31,615.36,605.64
101,2016,314,1800,12.74,4841,220.36,0,3.476,188.97,207.77,199.44
101,2016,314,1900,12.74,4841,46.519,0,3.353,34.802,41.047,36.299
101,2016,314,2000,12.74,4841,0,0,3.353,0,0,0
101,2016,314,2100,12.74,4841,0,0,3.353,0,0,0
101,2016,314,2200,12.74,4841,0,0,3.353,0,0,0
101,2016,314,2300,12.74,4841,0,0,3.353,0,0,0
101,2016,314,2400,12.73,4841,0,0,3.353,0,0,0
102,2016,314,2400,12.73,4841,19221,5.514,120.5,18969,19482,19244
101,2016,315,100,12.73,4841,0,0,3.353,0,0,0
101,2016,315,200,12.73,4841,0,0,3.353,0,0,0
101,2016,315,300,12.74,4841,0,0,3.353,0,0,0
101,2016,315,400,12.74,4841,0,0,3.353,0,0,0
101,2016,315,500,12.74,4841,0,0,3.353,0,0,0
101,2016,315,600,12.74,4841,0,0,3.353,0,0,0
101,2016,315,700,12.74,4841,1.4456,0,3.353,1.3893,1.9499,.91326
101,2016,315,800,12.74,4841,160.64,0,11.16,154.77,161.14,152.84
101,2016,315,900,12.74,4841,673.81,.483,112,682.39,700.57,674.16
101,2016,315,1000,12.73,4841,1728.2,.966,460,1876.4,1890.3,1841.9
101,2016,315,1100,12.73,4841,1900.4,.383,153.6,1822.3,1911.9,1859.6
101,2016,315,1200,12.74,4841,2670.4,.633,338.6,2654.8,2768.1,2663.1
101,2016,315,1300,12.73,4841,2977.3,.7,458.6,2909.9,3064.2,2966
101,2016,315,1400,12.74,4841,2240,.516,344.8,2156,2242.1,2217.3
101,2016,315,1500,12.74,4841,2957.9,.883,645.7,2938.4,2970.5,2998.5
101,2016,315,1600,12.74,4841,2639.7,1,726,2641.3,2615.7,2681
101,2016,315,1700,12.74,4841,1063,.383,282.2,1020.3,1028.1,1041.7
101,2016,315,1800,12.75,4841,302.64,.017,15.07,280.67,296.08,288.93
101,2016,315,1900,12.74,4841,79.474,0,4.359,65.853,74.87,67.849
101,2016,315,2000,12.74,4841,0,0,3.353,0,0,0
101,2016,315,2100,12.74,4841,0,0,3.353,0,0,0
101,2016,315,2200,12.74,4841,0,0,3.353,0,0,0
101,2016,315,2300,12.74,4841,0,0,3.353,0,0,0
101,2016,315,2400,12.74,4841,0,0,3.353,0,0,0
102,2016,315,2400,12.73,4841,19395,5.964,149.7,19205,19726,19454
101,2016,316,100,12.74,4841,0,0,3.353,0,0,0
101,2016,316,200,12.74,4841,0,0,3.353,0,0,0
101,2016,316,300,12.75,4841,0,0,3.353,0,0,0
101,2016,316,400,12.75,4841,0,0,3.353,0,0,0
101,2016,316,500,12.75,4841,0,0,3.353,0,0,0
101,2016,316,600,12.75,4841,0,0,3.353,0,0,0
101,2016,316,700,12.75,4841,2.4594,0,3.353,2.3792,2.9065,1.7212
101,2016,316,800,12.75,4841,344.43,.483,129.6,439.25,422.46,398.5
101,2016,316,900,12.74,4841,1198.8,.983,348.2,1375.5,1355.9,1313.9
101,2016,316,1000,12.74,4841,1851.6,1,518.6,2012.7,2029.5,1962.4
101,2016,316,1100,12.72,4841,2612.5,1,637.8,2730.4,2803.7,2723.1
101,2016,316,1200,12.71,4841,3455.5,1,707,3426.1,3615.8,3483.5
101,2016,316,1300,12.71,4841,3636.1,1,677.8,3584.7,3777.2,3682
101,2016,316,1400,12.71,4841,2434.2,.566,372,2382.7,2492.4,2458.5
101,2016,316,1500,12.71,4841,1378.6,.217,132.3,1290.6,1348.5,1330.1
101,2016,316,1600,12.72,4841,263.34,0,4.739,263.75,274.77,268.63
101,2016,316,1700,12.71,4841,471.75,0,3.353,406.06,441.35,427.57
101,2016,316,1800,12.72,4841,403.1,0,3.353,335.86,368.38,355.36
101,2016,316,1900,12.72,4841,108.2,0,3.353,86.068,98.392,89.803
101,2016,316,2000,12.72,4841,0,0,3.353,0,0,0
101,2016,316,2100,12.72,4841,0,0,3.353,0,0,0
101,2016,316,2200,12.72,4841,0,0,3.353,0,0,0
101,2016,316,2300,12.72,4841,0,0,3.353,0,0,0
101,2016,316,2400,12.72,4841,0,0,3.353,0,0,0
102,2016,316,2400,12.71,4841,18161,6.248,149.1,18336,19031,18495
101,2016,317,100,12.72,4841,0,0,3.353,0,0,0
101,2016,317,200,12.72,4841,0,0,3.353,0,0,0
101,2016,317,300,12.72,4841,0,0,3.353,0,0,0
101,2016,317,400,12.72,4841,0,0,3.353,0,0,0
101,2016,317,500,12.72,4841,0,0,3.353,0,0,0
101,2016,317,600,12.72,4841,0,0,3.353,0,0,0
101,2016,317,700,12.72,4841,1.3557,0,3.353,1.2156,1.4103,1.0678
101,2016,317,800,12.72,4841,183.75,0,14.83,176.49,184.57,178.3
101,2016,317,900,12.71,4841,953.92,.95,302.4,1104.5,1087.6,1051.2
101,2016,317,1000,12.71,4841,2026.3,1,617.3,2260.4,2260.6,2194.5
101,2016,317,1100,12.71,4841,2791,1,711,2934.9,3002.1,2926
101,2016,317,1200,12.72,4841,2964.5,.866,579,2948.3,3072.8,3005
101,2016,317,1300,12.71,4841,2831.3,.716,480.5,2793.6,2922.2,2854
101,2016,317,1400,12.71,4841,1026.1,.083,65.67,991.93,1041.5,1024.3
101,2016,317,1500,12.72,4841,386.02,0,9.36,322.32,351.45,342.58
101,2016,317,1600,12.71,4841,1231.7,.516,192.7,1180.7,1205.5,1221.4
101,2016,317,1700,12.72,4841,1447.2,.833,371.1,1455.6,1442,1491.6
101,2016,317,1800,12.72,4841,819.23,.633,291.9,854.33,825.66,859.72
101,2016,317,1900,12.72,4841,164.7,0,17.42,158.78,163.07,159.35
101,2016,317,2000,12.72,4841,.012,0,3.353,0,.07358,0
101,2016,317,2100,12.71,4841,0,0,3.353,0,0,0
101,2016,317,2200,12.72,4841,0,0,3.353,0,0,0
101,2016,317,2300,12.72,4841,0,0,3.353,0,0,0
101,2016,317,2400,12.72,4841,0,0,3.353,0,0,0
102,2016,317,2400,12.71,4841,16827,6.597,153.9,17183,17561,17309
101,2016,318,100,12.72,4841,0,0,3.353,0,0,0
101,2016,318,200,12.72,4841,0,0,3.353,0,0,0
101,2016,318,300,12.72,4841,0,0,3.353,0,0,0
101,2016,318,400,12.72,4841,0,0,3.353,0,0,0
101,2016,318,500,12.72,4841,0,0,3.353,0,0,0
101,2016,318,600,12.71,4841,0,0,3.353,0,0,0
101,2016,318,700,12.72,4841,.65384,0,3.353,.84227,1.0547,.49176
101,2016,318,800,12.72,4841,262.97,.45,119.9,362.39,348.29,329.87
101,2016,318,900,12.71,4841,1178.8,1,462.8,1484.3,1433.9,1370.9
101,2016,318,1000,12.71,4841,2052.4,1,620.9,2313.7,2311.2,2240.4
101,2016,318,1100,12.71,4841,2663.3,1,657.1,2813.7,2867.1,2795.8
101,2016,318,1200,12.71,4841,2374,.65,402,2380.9,2488.4,2430.8
101,2016,318,1300,12.67,4841,987.6,.117,68.52,942.79,985.19,965.5
101,2016,318,1400,12.71,4841,252.59,0,4.828,247.05,253.82,242.17
101,2016,318,1500,12.71,4841,1404.7,.267,122.1,1236.8,1311.7,1324.8
101,2016,318,1600,12.71,4841,856.08,.067,26,727.18,784.01,768.44
101,2016,318,1700,12.69,4841,1308.9,.583,284.9,1312.5,1302.8,1342.1
101,2016,318,1800,12.67,4841,987.37,1,449.1,1109.4,1030,1092.9
101,2016,318,1900,12.71,4841,204.05,.516,132.1,241.94,216.33,226.71
101,2016,318,2000,12.68,4841,.04799,0,3.353,0,.19622,0
101,2016,318,2100,12.71,4841,0,0,3.353,0,0,0
101,2016,318,2200,12.72,4841,0,0,3.353,0,0,0
101,2016,318,2300,12.71,4841,0,0,3.353,0,0,0
101,2016,318,2400,12.69,4841,0,0,3.353,0,0,0
102,2016,318,2400,12.67,4841,14533,6.647,141.3,15174,15334,15131
101,2016,319,100,12.68,4841,0,0,3.353,0,0,0
101,2016,319,200,12.71,4841,0,0,3.353,0,0,0
101,2016,319,300,12.67,4841,0,0,3.353,0,0,0
101,2016,319,400,12.71,4841,0,0,3.353,0,0,0
101,2016,319,500,12.7,4841,0,0,3.353,0,0,0
101,2016,319,600,12.69,4841,0,0,3.353,0,0,0
101,2016,319,700,12.71,4841,.55186,0,3.353,.45152,.73582,.21778
101,2016,319,800,12.68,4841,5.9565,0,3.353,5.5572,5.9356,5.3391
101,2016,319,900,12.67,4841,26.591,0,3.353,19.902,22.81,21.637
101,2016,319,1000,12.7,4841,101.26,0,3.353,75.439,85.772,85.622
101,2016,319,1100,12.67,4841,282.09,0,3.409,234.72,257.47,255.19
101,2016,319,1200,12.67,4841,626.72,0,3.353,530.66,577.98,568.35
101,2016,319,1300,12.71,4841,934.55,0,3.353,789.65,858.78,849.57
101,2016,319,1400,12.71,4841,1892.1,.183,55.95,1706.6,1810.5,1795.3
101,2016,319,1500,12.71,4841,1261.6,0,6.784,1136.9,1206.9,1182
101,2016,319,1600,12.71,4841,1444.6,.267,153,1371.9,1411.7,1420.8
101,2016,319,1700,12.71,4841,1737.9,.933,554.3,1798.3,1748.1,1821.1
101,2016,319,1800,12.71,4841,1047.7,1,591.2,1198,1094.4,1176.5
101,2016,319,1900,12.67,4841,188.43,.433,153.4,240.16,209.3,220.56
101,2016,319,2000,12.69,4841,0,0,3.353,0,.02453,0
101,2016,319,2100,12.71,4841,0,0,3.353,0,0,0
101,2016,319,2200,12.71,4841,0,0,3.353,0,0,0
101,2016,319,2300,12.71,4841,0,0,3.353,0,0,0
101,2016,319,2400,12.71,4841,0,0,3.353,0,0,0
102,2016,319,2400,12.67,4841,9550,2.816,65.62,9108.1,9290.4,9402.3
101,2016,320,100,12.71,4841,0,0,3.353,0,0,0
101,2016,320,200,12.71,4841,0,0,3.353,0,0,0
101,2016,320,300,12.71,4841,0,0,3.353,0,0,0
101,2016,320,400,12.71,4841,0,0,3.353,0,0,0
101,2016,320,500,12.71,4841,0,0,3.353,0,.41696,.42853
101,2016,320,600,12.71,4841,0,0,3.353,0,0,0
101,2016,320,700,12.71,4841,.62984,0,3.353,.7207,.89524,.28803
101,2016,320,800,12.71,4841,17.492,0,3.353,14.813,16.004,15.048
101,2016,320,900,12.71,4841,241.68,0,4.661,213.17,230.51,227.7
101,2016,320,1000,12.71,4841,517.02,0,13.03,430.35,473,465.7
101,2016,320,1100,12.71,4841,925.37,0,20.71,846.44,894.95,884.08
101,2016,320,1200,12.71,4841,2387.3,.45,215.8,2321.6,2440.2,2367.2
101,2016,320,1300,12.71,4841,3812.9,1,627.2,3769.4,3962.9,3856.6
101,2016,320,1400,12.71,4841,3180.9,1,510.6,3160.8,3273,3253.5
101,2016,320,1500,12.71,4841,2094.8,.783,255.5,2024.1,2089.6,2089.6
101,2016,320,1600,12.71,4841,1800.5,.916,211.9,1713.8,1762.9,1772.4
101,2016,320,1700,12.71,4841,1123.3,.083,92.2,1051.6,1092.7,1089.4
101,2016,320,1800,12.71,4841,764.08,.6,161.7,758.18,755.16,769.86
101,2016,320,1900,12.71,4841,147.13,0,32.07,145.37,146.58,142.74
101,2016,320,2000,12.71,4841,0,0,3.353,0,0,0
101,2016,320,2100,12.71,4841,0,0,3.353,0,0,0
101,2016,320,2200,12.71,4841,0,0,3.353,0,0,0
101,2016,320,2300,12.71,4841,0,0,3.353,0,0,0
101,2016,320,2400,12.71,4841,0,0,3.353,0,0,0
102,2016,320,2400,12.71,4841,17013,4.831,91.2,16450,17139,16935
101,2016,321,100,12.71,4841,0,0,3.353,0,0,0
101,2016,321,200,12.71,4841,0,0,3.353,0,0,0
101,2016,321,300,12.71,4841,0,0,3.353,0,0,0
101,2016,321,400,12.71,4841,0,0,3.353,0,0,0
101,2016,321,500,12.71,4841,0,0,3.353,0,0,0
101,2016,321,600,12.71,4841,0,0,3.353,0,0,0
101,2016,321,700,12.71,4841,1.8835,0,3.353,1.8148,2.0603,1.2434
101,2016,321,800,12.71,4841,240.14,0,23.1,226.02,238.48,228.24
101,2016,321,900,12.71,4841,1129.9,.783,339.4,1284.2,1275.6,1226.7
101,2016,321,1000,12.71,4841,1508.5,.816,369.9,1637,1654.6,1616.2
101,2016,321,1100,12.71,4841,2594.5,1,602.4,2817.6,2846.9,2779.1
101,2016,321,1200,12.71,4841,3188.7,1,563.8,3293.9,3405.1,3297.5
101,2016,321,1300,12.71,4841,2296.1,.8,244.2,2311.8,2400.1,2367.1
101,2016,321,1400,12.71,4841,2696.1,.516,313.7,2680.8,2778.8,2765
101,2016,321,1500,12.71,4841,3446.2,1,780,3513.4,3529.1,3580.1
101,2016,321,1600,12.71,4841,2451.4,1,625.6,2552,2497.9,2577.6
101,2016,321,1700,12.71,4841,1546.4,1,414.4,1488.9,1496.6,1537.5
101,2016,321,1800,12.71,4841,856.88,.783,303.8,855.03,837.38,869.17
101,2016,321,1900,12.71,4841,130.32,0,23.53,115.81,122.23,116.36
101,2016,321,2000,12.71,4841,.012,0,3.353,0,.02453,0
101,2016,321,2100,12.71,4841,0,0,3.353,0,0,0
101,2016,321,2200,12.71,4841,0,0,3.353,0,0,0
101,2016,321,2300,12.72,4841,0,0,3.353,0,0,0
101,2016,321,2400,12.72,4841,0,0,3.353,0,0,0
102,2016,321,2400,12.71,4841,22087,8.7,193.5,22778,23085,22962
101,2016,322,100,12.71,4841,0,0,3.353,0,0,0
101,2016,322,200,12.71,4841,0,0,3.353,0,0,0
101,2016,322,300,12.71,4841,0,0,3.353,0,.01226,0
101,2016,322,400,12.71,4841,0,0,3.353,.0521,.14716,0
101,2016,322,500,12.71,4841,0,0,3.353,0,0,0
101,2016,322,600,12.71,4841,0,0,3.353,0,.09811,.80086
101,2016,322,700,12.71,4841,.68382,0,3.353,.65991,.94429,1.6298
101,2016,322,800,12.71,4841,146.1,0,3.353,128.32,138.86,137.82
101,2016,322,900,12.71,4841,654.14,0,20.12,590.39,628.14,613.1
101,2016,322,1000,12.71,4841,607.01,0,3.353,533.26,570.86,558.3
101,2016,322,1100,12.71,4841,741.91,0,3.353,654.24,698.3,684.65
101,2016,322,1200,12.72,4841,1338.5,0,5.599,1209,1290,1260.1
101,2016,322,1300,12.71,4841,2908.2,.5,207.9,2826.2,2966.2,2880.4
101,2016,322,1400,12.71,4841,1298,.117,63.67,1274.9,1317.9,1304.1
101,2016,322,1500,12.71,4841,760.7,.033,39.33,803.59,799.96,801.69
101,2016,322,1600,12.71,4841,1744.3,.6,291.9,1724.5,1735.6,1771.9
101,2016,322,1700,12.71,4841,769.02,.217,64.23,712.44,740.76,731.09
101,2016,322,1800,12.71,4841,109.74,0,3.364,102.66,111.32,106.41
101,2016,322,1900,12.71,4841,98.585,0,4.23,94.793,99.555,103.29
101,2016,322,2000,12.71,4841,.91177,0,3.353,1.3633,1.9867,2.529
101,2016,322,2100,12.71,4841,.11397,0,3.353,.24313,.07358,0
101,2016,322,2200,12.71,4841,.47988,0,3.353,.22576,0,0
101,2016,322,2300,12.71,4841,0,0,3.353,0,0,0
101,2016,322,2400,12.71,4841,0,0,3.353,0,0,0
102,2016,322,2400,12.71,4841,11178,1.466,31.28,10657,11101,10958
101,2016,323,100,12.71,4841,0,0,3.353,0,0,0
101,2016,323,200,12.71,4841,0,0,3.353,0,0,0
101,2016,323,300,12.71,4841,0,0,3.353,0,.08584,0
101,2016,323,400,12.71,4841,0,0,3.353,0,0,0
101,2016,323,500,12.71,4841,0,0,3.353,0,0,0
101,2016,323,600,12.71,4841,0,0,3.353,0,0,0
101,2016,323,700,12.71,4841,1.1697,0,3.353,1.2677,1.349,1.3418
101,2016,323,800,12.71,4841,153.92,0,8.03,155.27,160.06,158.93
101,2016,323,900,12.71,4841,637.25,0,35.61,605.74,634.77,619.43
101,2016,323,1000,12.71,4841,1461.9,.8,188.3,1483.5,1521.7,1487.6
101,2016,323,1100,12.71,4841,1695.6,1,174.6,1678.6,1743.5,1698.4
101,2016,323,1200,12.71,4841,2967.2,1,467.5,3006.7,3130.7,3037.1
101,2016,323,1300,12.71,4841,2242.1,.45,278.3,2149.2,2272.4,2206.9
101,2016,323,1400,12.71,4841,2613.1,.583,380.4,2597.3,2712.6,2636.5
101,2016,323,1500,12.71,4841,186.71,0,4.146,191.83,195.8,190.73
101,2016,323,1600,12.71,4841,155.16,0,3.353,145.11,148.5,147.59
101,2016,323,1700,12.71,4841,155.98,0,3.353,152.42,157,162.05
101,2016,323,1800,12.71,4841,267.77,0,3.353,237.23,252.74,248.1
101,2016,323,1900,12.71,4841,113.88,0,3.521,102.89,108.88,103.11
101,2016,323,2000,12.71,4841,.29992,0,3.353,.09551,.2698,0
101,2016,323,2100,12.71,4841,0,0,3.353,0,0,0
101,2016,323,2200,12.71,4841,0,0,3.353,0,0,0
101,2016,323,2300,12.71,4841,0,0,3.353,0,0,0
101,2016,323,2400,12.71,4841,0,0,3.353,0,0,0
102,2016,323,2400,12.71,4841,12652,3.832,66.28,12507,13040,12698
101,2016,324,100,12.72,4841,0,0,3.353,0,0,0
101,2016,324,200,12.71,4841,0,0,3.353,0,0,0
101,2016,324,300,12.71,4841,0,0,3.353,0,0,0
101,2016,324,400,12.71,4841,.13796,0,3.353,.09551,1.3122,.94838
101,2016,324,500,12.71,4841,1.1757,0,3.353,1.9016,3.3234,2.529
101,2016,324,600,12.71,4841,0,0,3.353,0,0,0
101,2016,324,700,12.71,4841,.58184,0,3.353,.52098,.79712,.83598
101,2016,324,800,12.71,4841,98.92,0,3.353,85.519,93.386,91.845
101,2016,324,900,12.71,4841,412.55,0,5.271,362.23,388.96,380.96
101,2016,324,1000,12.71,4841,1232.6,.35,123.8,1228.9,1268.8,1248.2
101,2016,324,1100,12.71,4841,2416.3,1,505.2,2489.8,2571,2511.7
101,2016,324,1200,12.71,4841,2924,.866,538,2929,3091.5,2969.9
101,2016,324,1300,12.71,4841,3466,.816,557.9,3435.7,3632.9,3505.8
101,2016,324,1400,12.71,4841,1475.8,.15,73.6,1356,1451.5,1422.4
101,2016,324,1500,12.71,4841,981.43,0,36.87,906.39,954.82,948.34
101,2016,324,1600,12.72,4841,369.11,0,4.387,376.08,378.42,375.46
101,2016,324,1700,12.71,4841,713.29,.067,23.7,640.85,677.4,668.57
101,2016,324,1800,12.71,4841,781.73,.716,188,785.25,774.38,797.4
101,2016,324,1900,12.71,4841,177.29,0,18.02,172.39,175.01,172.46
101,2016,324,2000,12.71,4841,.87578,0,3.353,.84226,1.0301,.51986
101,2016,324,2100,12.71,4841,0,0,3.353,0,0,0
101,2016,324,2200,12.71,4841,0,0,3.353,0,0,0
101,2016,324,2300,12.71,4841,0,0,3.353,0,0,0
101,2016,324,2400,12.71,4841,0,0,3.353,0,0,0
102,2016,324,2400,12.71,4841,15052,3.965,88.3,14771,15465,15098
101,2016,325,100,12.71,4841,0,0,3.353,0,0,0
101,2016,325,200,12.71,4841,0,0,3.353,0,0,0
101,2016,325,300,12.71,4841,0,0,3.353,0,0,0
101,2016,325,400,12.71,4841,0,0,3.353,0,0,0
101,2016,325,500,12.71,4841,0,0,3.353,0,0,0
101,2016,325,600,12.71,4841,0,0,3.353,0,0,0
101,2016,325,700,12.71,4841,1.5116,0,3.353,1.9711,1.9254,1.3207
101,2016,325,800,12.71,4841,290.38,.466,166.9,478.93,436.35,413.83
101,2016,325,900,12.67,4841,1204.4,1,529.4,1602.2,1518.2,1452.9
101,2016,325,1000,12.68,4841,2126,1,680.8,2458.9,2433.1,2368.4
101,2016,325,1100,12.71,4841,2843.5,1,753,3055.9,3114.9,3026.3
101,2016,325,1200,12.67,4841,3336.8,1,763,3431.2,3584.4,3460.4
101,2016,325,1300,12.67,4841,3347.9,.933,620.8,3332.8,3534.8,3441.4
101,2016,325,1400,12.71,4841,3755.8,1,703,3660.2,3830.7,3786
101,2016,325,1500,12.67,4841,3366.3,1,812,3403.9,3440.6,3479.5
101,2016,325,1600,12.71,4841,2750.4,1,804,2868.3,2799,2891.7
101,2016,325,1700,12.71,4841,2046,1,753,2149.9,2064.7,2167.1
101,2016,325,1800,12.71,4841,950.69,.666,378.8,1034.3,983.78,1033.5
101,2016,325,1900,12.69,4841,118.81,.217,62.28,151.76,135.42,140.23
101,2016,325,2000,12.67,4841,.05998,0,3.353,.01737,.20848,0
101,2016,325,2100,12.69,4841,0,0,3.353,0,0,0
101,2016,325,2200,12.69,4841,0,0,3.353,0,0,0
101,2016,325,2300,12.67,4841,0,0,3.353,0,0,0
101,2016,325,2400,12.69,4841,0,0,3.353,0,0,0
102,2016,325,2400,12.67,4841,26139,10.28,294.5,27630,27878,27662
101,2016,326,100,12.61,4841,0,0,3.353,0,0,0
101,2016,326,200,12.67,4841,0,0,3.353,0,0,0
101,2016,326,300,12.72,4841,0,0,3.353,0,0,0
101,2016,326,400,12.72,4841,0,0,3.353,0,0,0
101,2016,326,500,12.68,4841,0,0,3.353,0,0,0
101,2016,326,600,12.68,4841,0,0,3.353,0,0,0
101,2016,326,700,12.72,4841,2.9093,0,3.386,3.1954,3.3602,2.4307
101,2016,326,800,12.69,4841,282.28,.683,203.3,510.59,458.56,433.69
101,2016,326,900,12.7,4841,1102,1,471,1455.8,1378.8,1320.8
101,2016,326,1000,12.7,4841,2055.5,1,654.2,2386,2360,2293.9
101,2016,326,1100,12.73,4841,2392.5,.9,566.2,2570,2615.6,2542.5
101,2016,326,1200,12.73,4841,2355.7,.5,326.4,2348.3,2468.6,2396.8
101,2016,326,1300,12.63,4841,3229.6,.766,508.2,3220.1,3385.9,3319.1
101,2016,326,1400,12.73,4841,2326.5,.55,342.8,2305.9,2408.6,2395.3
101,2016,326,1500,12.73,4841,3097.7,.883,712,3144.1,3166.8,3210
101,2016,326,1600,12.73,4841,2988.4,1,836,3032.6,2988.6,3079.5
101,2016,326,1700,12.73,4841,1979.4,1,619,1954.8,1941.7,2009
101,2016,326,1800,12.71,4841,1075.6,.983,441,1136.8,1085,1141.6
101,2016,326,1900,12.7,4841,249.22,.65,150.6,283.71,256.59,270.72
101,2016,326,2000,12.73,4841,.09598,0,3.353,.01737,.19622,0
101,2016,326,2100,12.63,4841,0,0,3.353,0,0,0
101,2016,326,2200,12.66,4841,0,0,3.353,0,0,0
101,2016,326,2300,12.73,4841,0,0,3.353,0,0,0
101,2016,326,2400,12.73,4841,0,0,3.353,0,0,0
102,2016,326,2400,12.61,4841,23137,9.91,244.6,24352,24518,24415
101,2016,327,100,12.73,4841,0,0,3.353,0,0,0
101,2016,327,200,12.73,4841,0,0,3.353,.01737,.5764,.51987
101,2016,327,300,12.73,4841,.20995,0,3.353,.47757,1.3735,1.6369
101,2016,327,400,12.73,4841,.27593,0,3.353,1.3546,1.3245,1.5315
101,2016,327,500,12.73,4841,0,0,3.353,0,0,0
101,2016,327,600,12.73,4841,0,0,3.353,0,0,0
101,2016,327,700,12.73,4841,.71382,0,3.353,.64255,.8094,.43556
101,2016,327,800,12.73,4841,240.43,.067,33.52,242.45,251.76,239.32
101,2016,327,900,12.73,4841,1086.7,.75,319.1,1320.5,1279.8,1246
101,2016,327,1000,12.73,4841,2110.4,1,605.3,2413.7,2393.2,2336.3
101,2016,327,1100,12.73,4841,3056.8,1,679.3,3277.5,3349.1,3280.6
101,2016,327,1200,12.73,4841,3488.9,.983,692.9,3557.9,3731.9,3641.1
101,2016,327,1300,12.73,4841,2792.7,.55,370.3,2725.9,2881.8,2816.9
101,2016,327,1400,12.73,4841,2855.1,.633,435.5,2770.6,2886.4,2880.4
101,2016,327,1500,12.73,4841,2769.6,.783,507.6,2715.5,2753.5,2782.6
101,2016,327,1600,12.73,4841,3005.3,1,786,3025.8,2999.9,3081.6
101,2016,327,1700,12.73,4841,1952.4,1,656.2,1998.3,1942.8,2025.1
101,2016,327,1800,12.73,4841,1129.2,1,526.1,1239.9,1152.1,1231.9
101,2016,327,1900,12.73,4841,295.8,.333,116.5,318.07,300.09,308.16
101,2016,327,2000,12.73,4841,.2939,0,3.353,.1476,.51502,.01405
101,2016,327,2100,12.73,4841,0,0,3.353,0,0,0
101,2016,327,2200,12.73,4841,0,0,3.353,0,0,0
101,2016,327,2300,12.73,4841,0,0,3.353,0,0,0
101,2016,327,2400,12.73,4841,0,0,3.353,0,0,0
102,2016,327,2400,12.73,4841,24785,9.1,240.4,25609,25927,25874
101,2016,328,100,12.73,4841,0,0,3.353,0,0,0
101,2016,328,200,12.73,4841,0,0,3.353,0,0,0
101,2016,328,300,12.73,4841,0,0,3.353,0,0,0
101,2016,328,400,12.73,4841,0,0,3.353,0,0,0
101,2016,328,500,12.73,4841,0,0,3.353,0,0,0
101,2016,328,600,12.73,4841,0,0,3.353,0,0,0
101,2016,328,700,12.74,4841,.75581,0,3.353,.7207,1.0301,.51284
101,2016,328,800,12.73,4841,47.424,0,5.784,45.474,47.669,45.994
101,2016,328,900,12.74,4841,611.16,0,21.44,565.65,599.29,594.96
101,2016,328,1000,12.74,4841,1109.4,.117,78.5,1073.9,1118.4,1106
101,2016,328,1100,12.74,4841,2662.2,.966,519.4,2773.6,2841.6,2767.2
101,2016,328,1200,12.73,4841,2793.7,.716,403,2837.4,2973.2,2884.6
101,2016,328,1300,12.73,4841,2495.3,.483,262.6,2424.5,2548.4,2470.1
101,2016,328,1400,12.74,4841,1406.8,.067,44.3,1321.6,1378.9,1366.5
101,2016,328,1500,12.73,4841,2165.9,.6,389.2,2150.2,2169.1,2180.6
101,2016,328,1600,12.73,4841,1461,.45,291,1473.3,1471.6,1492.1
101,2016,328,1700,12.73,4841,76.553,0,3.565,65.497,69.584,61.828
101,2016,328,1800,12.73,4841,77.639,0,3.426,68.137,72.442,73.575
101,2016,328,1900,12.74,4841,13.911,0,3.353,13.225,13.699,14.907
101,2016,328,2000,12.74,4841,.03599,0,3.353,.01737,.24527,.40746
101,2016,328,2100,12.73,4841,.77981,0,3.353,.59046,1.2632,2.3394
101,2016,328,2200,12.73,4841,2.2314,0,3.353,1.9103,2.7471,3.6812
101,2016,328,2300,12.74,4841,3.6171,0,3.353,2.5355,3.3848,5.9714
101,2016,328,2400,12.74,4841,.018,0,3.353,0,.5396,.30911
102,2016,328,2400,12.73,4841,14928,3.399,86.1,14818,15313,15072
101,2016,329,100,12.74,4841,0,0,3.353,0,0,0
101,2016,329,200,12.74,4841,0,0,3.353,0,0,0
101,2016,329,300,12.74,4841,0,0,3.353,0,0,0
101,2016,329,400,12.74,4841,0,0,3.353,0,0,0
101,2016,329,500,12.73,4841,0,0,3.353,0,.30659,.73062
101,2016,329,600,12.73,4841,0,0,3.353,0,.07358,0
101,2016,329,700,12.74,4841,2.3394,0,3.353,2.631,2.7961,2.6485
101,2016,329,800,12.73,4841,153.18,.183,45.93,226.22,217.7,208.55
101,2016,329,900,12.74,4841,498.14,0,45.43,487.22,505.55,493.04
101,2016,329,1000,12.73,4841,1390.1,.616,174.1,1386.4,1431.8,1394.8
101,2016,329,1100,12.74,4841,2048.8,1,262.6,2015.8,2115.3,2049.9
101,2016,329,1200,12.74,4841,3351.2,1,565.9,3342.2,3503.9,3334.4
101,2016,329,1300,12.74,4841,3149.5,1,458.1,3139.1,3304.1,3132.3
101,2016,329,1400,12.73,4841,2961.5,.9,504.3,2940.2,3058.7,2993
101,2016,329,1500,12.73,4841,2987.5,.95,691,3066.7,3073.6,3104.8
101,2016,329,1600,12.73,4841,2804.4,1,719,2906.3,2860.9,2928.6
101,2016,329,1700,12.73,4841,1018.5,.35,248.2,1011,1005.5,1019.7
101,2016,329,1800,12.74,4841,451.45,.283,128.8,467.68,453.12,467.11
101,2016,329,1900,12.74,4841,247.68,.716,236.7,344.55,281.57,310.21
101,2016,329,2000,12.73,4841,.08398,0,3.353,0,.29433,0
101,2016,329,2100,12.74,4841,0,0,3.353,0,0,0
101,2016,329,2200,12.74,4841,0,0,3.353,0,0,0
101,2016,329,2300,12.74,4841,0,0,3.353,0,0,0
101,2016,329,2400,12.73,4841,0,0,3.353,0,0,0
102,2016,329,2400,12.73,4841,21065,8,171.7,21336,21815,21440
101,2016,330,100,12.74,4841,0,0,3.353,0,0,0
101,2016,330,200,12.74,4841,0,0,3.353,0,0,0
101,2016,330,300,12.74,4841,0,0,3.353,0,0,0
101,2016,330,400,12.74,4841,0,0,3.353,0,0,0
101,2016,330,500,12.74,4841,0,0,3.353,0,0,0
101,2016,330,600,12.74,4841,0,0,3.353,0,0,0
101,2016,330,700,12.73,4841,.53387,0,3.353,.34733,.78487,.0843
101,2016,330,800,12.74,4841,140.31,.117,44.44,174.74,173.38,162.82
101,2016,330,900,12.73,4841,461.24,0,38.09,441.75,463.17,449.79
101,2016,330,1000,12.73,4841,782.75,.183,64.87,735.05,775.63,760.09
101,2016,330,1100,12.73,4841,1151.5,0,10.97,1014.5,1097.4,1075.4
101,2016,330,1200,12.73,4841,1597.3,0,12.31,1422,1533.1,1501.8
101,2016,330,1300,12.73,4841,2022.3,.083,37.46,1863.6,1981.9,1947.1
101,2016,330,1400,12.73,4841,1442.2,0,49.98,1314.1,1391.3,1376.5
101,2016,330,1500,12.73,4841,1545.1,.433,117.1,1421.8,1491.5,1480.3
101,2016,330,1600,12.73,4841,2075.5,1,407,2025.9,2043.7,2077.3
101,2016,330,1700,12.73,4841,2355.3,1,672.6,2469.4,2389.1,2475.9
101,2016,330,1800,12.73,4841,1257.8,.566,322.9,1317.5,1281.8,1316.9
101,2016,330,1900,12.74,4841,157.41,0,3.353,150.86,158.35,149.55
101,2016,330,2000,12.74,4841,.04799,0,3.353,0,.18395,0
101,2016,330,2100,12.74,4841,0,0,3.353,0,0,0
101,2016,330,2200,12.74,4841,0,0,3.353,0,0,0
101,2016,330,2300,12.74,4841,0,0,3.353,0,0,0
101,2016,330,2400,12.73,4841,0,0,3.353,0,0,0
102,2016,330,2400,12.73,4841,14989,3.382,75.9,14351,14781,14773
101,2016,331,100,12.73,4841,0,0,3.353,0,0,0
101,2016,331,200,12.74,4841,0,0,3.353,0,0,0
101,2016,331,300,12.74,4841,0,0,3.353,0,0,0
101,2016,331,400,12.74,4841,0,0,3.353,0,0,0
101,2016,331,500,12.73,4841,0,0,3.353,0,0,0
101,2016,331,600,12.73,4841,0,0,3.353,0,0,0
101,2016,331,700,12.74,4841,1.9195,0,3.353,2.1187,2.2565,1.5666
101,2016,331,800,12.73,4841,325.2,.65,183.7,514.53,478.26,444.54
101,2016,331,900,12.73,4841,1159.8,1,493.5,1555.3,1459.4,1410.1
101,2016,331,1000,12.73,4841,1925.8,1,592.3,2236.3,2208.7,2142.1
101,2016,331,1100,12.73,4841,2746.8,1,672.9,2966.9,3016.1,2921.5
101,2016,331,1200,12.73,4841,3414.2,.983,676,3518,3665.5,3541.1
101,2016,331,1300,12.73,4841,1743.3,.317,176.9,1670.2,1763,1719.9
101,2016,331,1400,12.73,4841,3508.4,.866,581,3408.6,3595,3538.3
101,2016,331,1500,12.73,4841,3633.4,1,731,3602,3700.6,3714.8
101,2016,331,1600,12.73,4841,1729.4,.45,269.5,1693.7,1728.2,1729.9
101,2016,331,1700,12.74,4841,822.28,.2,94.5,783.17,807.46,808.03
101,2016,331,1800,12.73,4841,1530.8,1,483.8,1621.8,1554.8,1626.7
101,2016,331,1900,12.74,4841,346.04,.5,141.6,401.1,368.44,383.52
101,2016,331,2000,12.74,4841,.11397,0,3.353,.01737,.29433,.00703
101,2016,331,2100,12.74,4841,0,0,3.353,0,0,0
101,2016,331,2200,12.74,4841,0,0,3.353,0,0,0
101,2016,331,2300,12.74,4841,0,0,3.353,0,0,0
101,2016,331,2400,12.74,4841,0,0,3.353,0,0,0
102,2016,331,2400,12.73,4841,22887,8.96,214,23974,24348,23982
101,2016,332,100,12.74,4841,0,0,3.353,0,0,0
101,2016,332,200,12.74,4841,0,0,3.353,0,0,0
101,2016,332,300,12.74,4841,0,0,3.353,0,0,0
101,2016,332,400,12.74,4841,0,0,3.353,0,0,0
101,2016,332,500,12.74,4841,0,0,3.353,0,0,0
101,2016,332,600,12.74,4841,0,0,3.353,0,0,0
101,2016,332,700,12.74,4841,4.6909,0,3.353,4.6455,5.0526,3.6109
101,2016,332,800,12.74,4841,354.3,.4,127.1,481.27,458.1,431.84
101,2016,332,900,12.73,4841,763.25,.367,144.2,859.7,851.44,823.69
101,2016,332,1000,12.74,4841,1463.7,.55,258.1,1536.7,1565.4,1525.5
101,2016,332,1100,12.73,4841,259.09,.067,23.05,215.57,237.3,218.76
101,2016,332,1200,12.73,4841,104.58,0,3.353,97.92,101.43,102.76
101,2016,332,1300,12.73,4841,212.13,0,8.98,197.29,205.17,207.25
101,2016,332,1400,12.73,4841,137.07,0,3.353,130,135.12,135.06
101,2016,332,1500,12.73,4841,327.65,0,3.716,265.42,295.98,290.36
101,2016,332,1600,12.73,4841,800.06,0,4.566,677.23,740.97,729.91
101,2016,332,1700,12.73,4841,837.69,0,3.353,744.15,792.52,781.46
101,2016,332,1800,12.73,4841,480.63,0,5.756,419.13,448.23,438.73
101,2016,332,1900,12.73,4841,131.71,0,4.409,116.6,125.96,118.56
101,2016,332,2000,12.74,4841,.05999,0,3.353,0,.12264,0
101,2016,332,2100,12.74,4841,0,0,3.353,0,0,0
101,2016,332,2200,12.74,4841,0,0,3.353,0,0,0
101,2016,332,2300,12.73,4841,0,0,3.353,0,0,0
101,2016,332,2400,12.74,4841,0,0,3.353,0,0,0
102,2016,332,2400,12.73,4841,5876.6,1.383,26.26,5745.6,5962.8,5807.5
101,2016,333,100,12.74,4841,0,0,3.353,0,0,0
101,2016,333,200,12.74,4841,0,0,3.353,0,0,0
101,2016,333,300,12.74,4841,0,0,3.353,0,0,0
101,2016,333,400,12.74,4841,0,0,3.353,0,0,0
101,2016,333,500,12.74,4841,0,0,3.353,0,0,0
101,2016,333,600,12.74,4841,0,0,3.353,0,0,0
101,2016,333,700,12.74,4841,1.8955,0,3.364,2.3792,2.7961,2.3956
101,2016,333,800,12.74,4841,310.24,.633,164.3,474.19,431.92,417.74
101,2016,333,900,12.72,4841,1086.8,1,400.1,1400.6,1333.6,1302
101,2016,333,1000,12.71,4841,1927.6,1,558.9,2235.9,2205.5,2146.5
101,2016,333,1100,12.73,4841,2616.9,1,626.4,2836.8,2873,2801.1
101,2016,333,1200,12.73,4841,2656.8,.766,513.9,2742.9,2856.5,2765
101,2016,333,1300,12.71,4841,2993.2,.716,448.1,2983.9,3117.9,2982
101,2016,333,1400,12.69,4841,2528.2,.633,363.1,2475.5,2578.6,2519.8
101,2016,333,1500,12.72,4841,3276,.966,716,3351.3,3370.1,3387.6
101,2016,333,1600,12.7,4841,1922.6,.6,424,1993.9,1966.6,1994.4
101,2016,333,1700,12.72,4841,681.85,.167,95.6,648.24,659.09,654.93
101,2016,333,1800,12.72,4841,454.4,.333,116.1,455.9,450.08,459.66
101,2016,333,1900,12.72,4841,248.01,.25,74.5,260.63,253.01,256.91
101,2016,333,2000,12.71,4841,.09598,0,3.353,0,.22075,0
101,2016,333,2100,12.69,4841,0,0,3.353,0,0,0
101,2016,333,2200,12.71,4841,0,0,3.353,0,0,0
101,2016,333,2300,12.71,4841,0,0,3.353,0,0,0
101,2016,333,2400,12.69,4841,0,0,3.353,0,0,0
102,2016,333,2400,12.69,4841,20705,8.06,189.2,21862,22099,21690
101,2016,334,100,12.72,4841,0,0,3.353,0,0,0
101,2016,334,200,12.69,4841,0,0,3.353,0,0,0
101,2016,334,300,12.72,4841,0,0,3.353,0,0,.0562
101,2016,334,400,12.72,4841,0,0,3.353,0,.18395,0
101,2016,334,500,12.69,4841,0,0,3.353,0,.71129,0
101,2016,334,600,12.68,4841,0,0,3.353,0,.49054,.02108
101,2016,334,700,12.7,4841,.07798,0,3.353,.03473,.20848,0
101,2016,334,800,12.7,4841,75.652,0,3.353,63.404,70.356,65.544
101,2016,334,900,12.69,4841,434.83,0,3.409,383.13,412.88,400.44
101,2016,334,1000,12.72,4841,1076.4,0,41.17,1007.7,1062.4,1034.2
101,2016,334,1100,12.72,4841,1485.6,.35,136.2,1473.2,1531.6,1496.5
101,2016,334,1200,12.72,4841,2298.5,1,406.4,2327.8,2430,2368.1
101,2016,334,1300,12.72,4841,2795,1,445.5,2734.7,2897.7,2834.4
101,2016,334,1400,12.72,4841,3101.2,.833,420.7,3008.6,3164.8,3108.1
101,2016,334,1500,12.72,4841,2727.5,.866,516,2710.5,2765.2,2780.1
101,2016,334,1600,12.69,4841,2532.1,.883,700,2668,2611.3,2682.2
101,2016,334,1700,12.7,4841,1685.1,1,610.5,1823.4,1734.8,1825
101,2016,334,1800,12.72,4841,1178.9,1,589.7,1329.1,1220.5,1313.4
101,2016,334,1900,12.72,4841,280.81,.733,203.4,348.04,302.85,325.36
101,2016,334,2000,12.72,4841,.29993,0,3.375,.13893,.50281,.04215
101,2016,334,2100,12.72,4841,0,0,3.353,0,0,0
101,2016,334,2200,12.72,4841,0,0,3.353,0,0,0
101,2016,334,2300,12.72,4841,0,0,3.353,0,0,0
101,2016,334,2400,12.72,4841,0,0,3.353,0,0,0
102,2016,334,2400,12.68,4841,19672,7.66,171.5,19878,20207,20234
101,2016,335,100,12.72,4841,0,0,3.353,0,0,0
101,2016,335,200,12.72,4841,0,0,3.353,0,0,0
101,2016,335,300,12.72,4841,0,0,3.353,0,0,0
101,2016,335,400,12.72,4841,0,0,3.353,0,0,0
101,2016,335,500,12.72,4841,0,0,3.353,0,.25754,0
101,2016,335,600,12.72,4841,0,0,3.353,0,0,0
101,2016,335,700,12.72,4841,2.1595,0,3.353,2.4834,2.8452,1.7212
101,2016,335,800,12.72,4841,224.33,.1,46.11,254.97,252.14,239.44
101,2016,335,900,12.72,4841,1004.7,.883,315.6,1231.1,1192,1135.7
101,2016,335,1000,12.72,4841,1629.2,1,352.9,1795.8,1796.7,1745.3
101,2016,335,1100,12.72,4841,2505.9,1,557.4,2687.2,2741.2,2669.1
101,2016,335,1200,12.72,4841,2894.8,.85,451.7,2902.7,3027.4,2932.7
101,2016,335,1300,12.72,4841,1451.6,.15,84.6,1384.4,1457.5,1423.7
101,2016,335,1400,12.72,4841,2381.6,.533,254.9,2325.8,2432.4,2383.2
101,2016,335,1500,12.72,4841,1820.7,.65,249.3,1790.4,1839.6,1833.4
101,2016,335,1600,12.72,4841,836.68,0,19.14,766.03,810.29,791.91
101,2016,335,1700,12.72,4841,738.29,.033,43.41,758.07,762.73,764.53
101,2016,335,1800,12.72,4841,396.73,0,30.83,378.61,387.69,386.88
101,2016,335,1900,12.72,4841,171.09,0,11.3,161.78,169.14,162.49
101,2016,335,2000,12.72,4841,.11997,0,3.353,.01737,.24528,0
101,2016,335,2100,12.72,4841,0,0,3.353,0,0,0
101,2016,335,2200,12.72,4841,0,0,3.353,0,0,0
101,2016,335,2300,12.72,4841,0,0,3.353,0,0,0
101,2016,335,2400,12.72,4841,0,0,3.353,0,0,0
102,2016,335,2400,12.72,4841,16058,5.198,102.4,16439,16872,16470
101,2016,336,100,12.72,4841,0,0,3.353,0,0,0
101,2016,336,200,12.72,4841,0,0,3.353,0,0,0
101,2016,336,300,12.71,4841,0,0,3.353,0,0,0
101,2016,336,400,12.72,4841,0,0,3.353,0,0,0
101,2016,336,500,12.72,4841,0,0,3.353,0,0,0
101,2016,336,600,12.71,4841,0,0,3.353,0,0,0
101,2016,336,700,12.71,4841,.04799,0,3.353,.0521,.19622,.01405
101,2016,336,800,12.72,4841,100.1,0,3.353,78.66,90.517,87.097
101,2016,336,900,12.71,4841,357.4,0,10.65,318.1,340.6,329.13
101,2016,336,1000,12.72,4841,852.81,.033,31.38,804.85,845.14,824.56
101,2016,336,1100,12.71,4841,2046.4,.866,301.6,2103.1,2162.4,2112.5
101,2016,336,1200,12.71,4841,2788.3,1,446.4,2864.7,2975.6,2880.3
101,2016,336,1300,12.72,4841,2501.5,.333,152.9,2438.1,2561.1,2491.2
101,2016,336,1400,12.72,4841,1700.6,.033,22.82,1599.2,1682.3,1659
101,2016,336,1500,12.71,4841,2204.1,.683,220.9,2211.2,2258.3,2257
101,2016,336,1600,12.71,4841,2525.1,1,503.9,2608.7,2580.9,2629.7
101,2016,336,1700,12.71,4841,1467.4,.883,267.5,1481.7,1477.2,1505.7
101,2016,336,1800,12.72,4841,834,.733,186.7,863.89,848.25,866.02
101,2016,336,1900,12.72,4841,268.92,.25,83.6,280.32,271.25,275.54
101,2016,336,2000,12.71,4841,.72583,0,3.353,.34733,.80941,.18266
101,2016,336,2100,12.71,4841,0,0,3.353,0,0,0
101,2016,336,2200,12.72,4841,0,0,3.353,0,0,0
101,2016,336,2300,12.72,4841,0,0,3.353,0,0,0
101,2016,336,2400,12.72,4841,0,0,3.353,0,0,0
102,2016,336,2400,12.71,4841,17648,5.814,94.7,17653,18094,17918
101,2016,337,100,12.72,4841,0,0,3.353,0,0,0
101,2016,337,200,12.72,4841,0,0,3.353,0,0,0
101,2016,337,300,12.72,4841,0,0,3.353,0,0,0
101,2016,337,400,12.72,4841,0,0,3.353,0,0,0
101,2016,337,500,12.72,4841,0,0,3.353,0,0,0
101,2016,337,600,12.71,4841,0,0,3.353,0,0,0
101,2016,337,700,12.71,4841,.18595,0,3.353,.39943,.57639,.0562
101,2016,337,800,12.71,4841,260.8,.483,134.9,419.84,368.03,353.12
101,2016,337,900,12.71,4841,1056.8,1,429.4,1444.5,1352.2,1306.6
101,2016,337,1000,12.71,4841,1314.1,.716,346,1492.3,1479.7,1437.4
101,2016,337,1100,12.72,4841,1092.9,.15,87.4,1042,1097.8,1067.8
101,2016,337,1200,12.72,4841,1429.8,.367,139.9,1425.4,1492.4,1458
101,2016,337,1300,12.72,4841,2434.4,.583,349.5,2444.2,2574.2,2508.9
101,2016,337,1400,12.72,4841,2424.6,.516,321.6,2387.6,2484.1,2410.4
101,2016,337,1500,12.72,4841,996.71,.067,43.03,900.97,964.1,938.11
101,2016,337,1600,12.72,4841,734.01,0,3.353,627.13,685.69,667.83
101,2016,337,1700,12.72,4841,525.91,0,3.738,469.31,504.22,490.8
101,2016,337,1800,12.72,4841,461.35,0,12.13,407.71,436.26,426.52
101,2016,337,1900,12.72,4841,135.82,0,5.812,117.86,128.33,120.28
101,2016,337,2000,12.72,4841,.28793,0,3.353,.1042,.46602,.01405
101,2016,337,2100,12.72,4841,0,0,3.353,0,0,0
101,2016,337,2200,12.72,4841,0,0,3.353,0,0,0
101,2016,337,2300,12.72,4841,0,0,3.353,0,0,0
101,2016,337,2400,12.72,4841,0,0,3.353,0,0,0
102,2016,337,2400,12.71,4841,12868,3.882,79.9,13179,13568,13186
101,2016,338,100,12.72,4841,0,0,3.353,0,0,0
101,2016,338,200,12.72,4841,0,0,3.353,0,0,0
101,2016,338,300,12.72,4841,0,0,3.353,0,0,0
101,2016,338,400,12.72,4841,0,0,3.353,0,0,0
101,2016,338,500,12.72,4841,0,0,3.353,0,0,0
101,2016,338,600,12.72,4841,0,0,3.353,0,0,0
101,2016,338,700,10.54,4841,.32392,0,3.353,.37338,.6745,.23183
101,2016,338,800,12.67,4841,2.4774,0,3.353,2.2229,2.8452,2.3323
101,2016,338,900,12.67,4841,55.594,0,3.353,47.644,51.875,51.705
101,2016,338,1000,12.67,4841,336.38,0,3.353,275.06,303.33,300.85
101,2016,338,1100,12.67,4841,1287.2,.233,67.56,1184.2,1257.9,1246.7
101,2016,338,1200,12.67,4841,2183.6,1,293.3,2249,2317.9,2292.4
101,2016,338,1300,12.67,4841,3186.5,.95,501.5,3274.2,3395.9,3338.4
101,2016,338,1400,12.67,4841,3296.4,.816,433.9,3283.9,3407.3,3363.8
101,2016,338,1500,12.67,4841,1976,.35,153.3,1959.9,2017.5,1996.6
101,2016,338,1600,12.67,4841,1961.8,.55,317.3,1975.7,1978.1,2009.1
101,2016,338,1700,12.67,4841,1934.2,.95,533.1,2006.1,1954.7,2025.6
101,2016,338,1800,12.67,4841,1166.7,1,480.9,1296,1206.5,1282.5
101,2016,338,1900,10.93,4841,308.5,.75,222.9,389.84,336.7,362.64
101,2016,338,2000,10.93,4841,2.1175,0,3.576,1.2764,2.3301,1.1381
101,2016,338,2100,11.05,4841,0,0,3.353,0,0,0
101,2016,338,2200,10.83,4841,0,0,3.353,0,0,0
101,2016,338,2300,10.95,4841,0,0,3.353,0,0,0
101,2016,338,2400,10.83,4841,0,0,3.353,0,0,0
102,2016,338,2400,10.54,4841,17698,6.597,127.3,17945,18233,18274
101,2016,339,100,11.05,4841,0,0,3.353,0,0,0
101,2016,339,200,11.08,4841,0,0,3.353,0,0,0
101,2016,339,300,11.06,4841,0,0,3.353,0,0,0
101,2016,339,400,11.04,4841,0,0,3.353,0,0,0
101,2016,339,500,11.07,4841,.49188,0,3.353,.93778,1.8518,4.2994
101,2016,339,600,11.05,4841,.19795,0,3.353,.83358,1.9867,1.1732
101,2016,339,700,11.06,4841,2.1835,0,3.353,2.4747,3.3602,1.3207
101,2016,339,800,11.05,4841,201.29,.267,78.5,295.17,270.78,256.35
101,2016,339,900,10.81,4841,1066.4,1,429.8,1471.9,1368.3,1320.1
101,2016,339,1000,11,4841,2103.3,1,602.8,2488.7,2447.8,2397
101,2016,339,1100,11.13,4841,2688,.95,608,2926.2,2960.9,2907.6
101,2016,339,1200,10.67,4841,2506.7,.65,487.1,2659.9,2718.2,2663.6
101,2016,339,1300,10.66,4841,1972.7,.35,243.1,2010.6,2092.4,2064.2
101,2016,339,1400,10.92,4841,3056.5,.716,523.7,3002.2,3138.4,3089.4
101,2016,339,1500,11.07,4841,2833.1,.883,610.7,2890.9,2915.8,2948.3
101,2016,339,1600,11.02,4841,2726.3,.966,777,2892,2812.6,2901.7
101,2016,339,1700,10.95,4841,2051,1,746,2246.1,2130.9,2249.7
101,2016,339,1800,11.04,4841,1063,1,561,1264.3,1143.7,1238.8
101,2016,339,1900,10.51,4841,301.05,.633,259.2,418.58,345.37,380.75
101,2016,339,2000,10.79,4841,.67184,0,3.515,.58178,.93205,.28101
101,2016,339,2100,10.86,4841,0,0,3.353,0,0,0
101,2016,339,2200,10.82,4841,0,0,3.353,0,0,0
101,2016,339,2300,10.78,4841,0,0,3.353,0,0,0
101,2016,339,2400,11.09,4841,0,0,3.353,0,0,0
102,2016,339,2400,10.51,4841,22573,9.41,248.7,24571,24353,24425
101,2016,340,100,11.17,4841,0,0,3.353,0,0,0
101,2016,340,200,11.49,4841,0,0,3.353,0,0,0
101,2016,340,300,10.91,4841,0,0,3.353,0,0,0
101,2016,340,400,11.49,4841,0,0,3.353,0,0,0
101,2016,340,500,11.53,4841,0,0,3.353,0,0,0
101,2016,340,600,11.51,4841,0,0,3.353,0,0,0
101,2016,340,700,11.5,4841,.30592,0,3.353,.46889,.69903,.0562
101,2016,340,800,11.44,4841,89.168,0,5.806,91.39,93.596,85.58
101,2016,340,900,11.38,4841,702.76,.367,163,817.51,802.74,763.54
101,2016,340,1000,11.54,4841,1113.8,.7,179.4,1157.7,1185,1152.9
101,2016,340,1100,11.52,4841,2272.2,1,390.3,2417.3,2461.3,2414
101,2016,340,1200,11.46,4841,3223.5,.933,632.3,3462.2,3553.1,3459.9
101,2016,340,1300,11.53,4841,3473.6,1,691.2,3522.6,3686.1,3596.8
101,2016,340,1400,11.54,4841,3549.7,1,704,3565.8,3715.5,3624.1
101,2016,340,1500,11.35,4841,2504.6,.766,481.9,2527.7,2558.6,2557.8
101,2016,340,1600,11.45,4841,1531.4,.483,298,1555.2,1551.3,1561.4
101,2016,340,1700,11.4,4841,1078.6,.367,211.4,1072.5,1080.8,1103.8
101,2016,340,1800,12.74,4841,989.26,.983,507.6,1169.4,1064,1144.2
101,2016,340,1900,12.74,4841,249.29,.566,182.2,324.14,279.79,298.11
101,2016,340,2000,12.74,4841,.39589,0,3.364,.13893,.62543,.04215
101,2016,340,2100,12.74,4841,0,0,3.353,0,0,0
101,2016,340,2200,12.74,4841,0,0,3.353,0,0,0
101,2016,340,2300,12.74,4841,0,0,3.353,0,0,0
101,2016,340,2400,12.74,4841,0,0,3.353,0,0,0
102,2016,340,2400,10.91,4841,20779,8.16,187,21684,22033,21762
101,2016,341,100,12.74,4841,0,0,3.353,0,0,0
101,2016,341,200,12.73,4841,0,0,3.353,0,0,0
101,2016,341,300,12.73,4841,0,0,3.353,0,0,0
101,2016,341,400,12.73,4841,0,0,3.353,0,0,0
101,2016,341,500,12.73,4841,0,0,3.353,0,0,0
101,2016,341,600,12.73,4841,0,0,3.353,0,0,0
101,2016,341,700,12.71,4841,.04799,0,3.353,.13893,.30659,0
101,2016,341,800,12.73,4841,231.26,.417,99.7,345,314.62,298.22
101,2016,341,900,12.73,4841,1079.1,1,411.9,1455,1359.5,1308.7
101,2016,341,1000,12.73,4841,1962.2,1,577.5,2304.4,2265,2208.2
101,2016,341,1100,12.71,4841,2723.9,1,672.3,2969.1,3002.6,2924.5
101,2016,341,1200,12.73,4841,3249.4,1,724,3390.6,3511.8,3407.9
101,2016,341,1300,12.72,4841,3466.4,1,701,3522.5,3687.5,3595.1
101,2016,341,1400,12.73,4841,3393.8,1,678.2,3435,3562.6,3522.7
101,2016,341,1500,12.73,4841,3146.1,1,721,3254.1,3265.5,3295.7
101,2016,341,1600,12.73,4841,2484.8,1,660.6,2627.5,2563.1,2619.4
101,2016,341,1700,12.73,4841,1726.4,1,519.2,1844.5,1779.7,1844.5
101,2016,341,1800,12.72,4841,977.42,1,361.4,1090.2,1025.6,1078.2
101,2016,341,1900,12.73,4841,280.27,.483,120.7,325.82,298.85,308.69
101,2016,341,2000,12.73,4841,1.1036,0,3.364,.71195,1.2262,.41444
101,2016,341,2100,12.73,4841,0,0,3.353,0,0,0
101,2016,341,2200,12.72,4841,0,0,3.353,0,0,0
101,2016,341,2300,12.73,4841,0,0,3.353,0,0,0
101,2016,341,2400,12.73,4841,0,0,3.353,0,0,0
102,2016,341,2400,12.71,4841,24722,10.9,262,26565,26638,26412
101,2016,342,100,12.72,4841,0,0,3.353,0,0,0
101,2016,342,200,12.73,4841,0,0,3.353,0,0,0
101,2016,342,300,12.73,4841,0,0,3.353,0,0,0
101,2016,342,400,12.72,4841,0,0,3.353,0,0,0
101,2016,342,500,12.71,4841,0,0,3.353,0,0,0
101,2016,342,600,12.73,4841,0,0,3.353,0,0,0
101,2016,342,700,12.72,4841,.10797,0,3.353,.12156,.42923,0
101,2016,342,800,12.71,4841,199.07,.1,47.94,234.12,229.59,212.64
101,2016,342,900,12.71,4841,1025.9,1,299.6,1274.7,1221.4,1171
101,2016,342,1000,12.73,4841,1598.7,1,381.1,1810.6,1798.3,1750.5
101,2016,342,1100,12.72,4841,2459.2,1,563.9,2683.5,2710.4,2640
101,2016,342,1200,12.72,4841,3189.5,1,708,3357.3,3464.6,3362.7
101,2016,342,1300,12.72,4841,3482.1,1,714,3565,3723.4,3643.1
101,2016,342,1400,12.72,4841,3496.6,1,698.9,3558.5,3689.5,3661.8
101,2016,342,1500,12.72,4841,3180.8,1,720,3278.8,3302.9,3341.8
101,2016,342,1600,12.73,4841,2261.2,.65,437.2,2282.6,2279,2315.3
101,2016,342,1700,12.72,4841,768.39,.133,61.34,747.79,763.47,766.72
101,2016,342,1800,12.71,4841,380.62,.25,82.5,398.24,389.3,396.87
101,2016,342,1900,12.73,4841,150.1,.133,58.17,167.97,156.45,158.63
101,2016,342,2000,12.73,4841,1.2115,0,3.386,1.0245,1.4714,.57598
101,2016,342,2100,12.73,4841,0,0,3.353,0,0,0
101,2016,342,2200,12.73,4841,0,0,3.353,0,0,0
101,2016,342,2300,12.73,4841,0,0,3.353,0,0,0
101,2016,342,2400,12.73,4841,0,0,3.353,0,0,0
102,2016,342,2400,12.71,4841,22194,8.26,200.5,23360,23730,23422
101,2016,343,100,12.73,4841,0,0,3.353,0,0,0
101,2016,343,200,12.73,4841,0,0,3.353,0,0,0
101,2016,343,300,12.73,4841,0,0,3.353,0,0,0
101,2016,343,400,12.73,4841,0,0,3.353,0,0,0
101,2016,343,500,12.73,4841,0,0,3.353,0,0,0
101,2016,343,600,12.73,4841,0,0,3.353,0,0,0
101,2016,343,700,12.73,4841,.012,0,3.353,.01737,.09811,0
101,2016,343,800,12.73,4841,176.14,.317,69.8,253.74,234.27,220.07
101,2016,343,900,12.73,4841,1001.1,1,381,1359.7,1274.6,1239.4
101,2016,343,1000,12.73,4841,1770.1,.966,516.9,2097.9,2054.1,2016.8
101,2016,343,1100,12.73,4841,304.28,.017,13.7,260.7,287.22,275.51
101,2016,343,1200,12.73,4841,287.65,0,8.03,278.53,285.19,284.41
101,2016,343,1300,12.73,4841,211.56,0,8.38,180.6,192.28,197.5
101,2016,343,1400,12.72,4841,466.32,0,14.81,434.63,457.7,462.39
101,2016,343,1500,12.73,4841,2780.7,.9,509.6,2878.4,2887.2,2938.3
101,2016,343,1600,12.73,4841,2929.7,1,733,3120.7,3048.6,3143.2
101,2016,343,1700,12.73,4841,2166,1,751,2368.1,2257.9,2378.6
101,2016,343,1800,12.73,4841,653.25,1,327.8,780.68,706.45,757.56
101,2016,343,1900,12.73,4841,213.2,.483,151,270.64,233.91,249.29
101,2016,343,2000,12.73,4841,3.965,0,3.576,2.3792,3.7404,1.9038
101,2016,343,2100,12.73,4841,0,0,3.353,0,0,0
101,2016,343,2200,12.73,4841,0,0,3.353,0,0,0
101,2016,343,2300,12.73,4841,0,0,3.353,0,0,0
101,2016,343,2400,12.73,4841,0,0,3.353,0,0,0
102,2016,343,2400,12.72,4841,12964,6.681,146.9,14287,13923,14165
101,2016,344,100,12.73,4841,0,0,3.353,0,0,0
101,2016,344,200,12.73,4841,0,0,3.353,0,0,0
101,2016,344,300,12.73,4841,0,0,3.353,0,0,0
101,2016,344,400,12.73,4841,0,0,3.353,0,0,0
101,2016,344,500,12.73,4841,0,0,3.353,0,0,0
101,2016,344,600,12.73,4841,0,0,3.353,0,0,0
101,2016,344,700,12.73,4841,.29393,0,3.353,.21708,.47828,.07025
101,2016,344,800,12.73,4841,126.96,0,14.47,133.84,136.02,126.5
101,2016,344,900,12.73,4841,836.51,.583,252.8,1049,1007.9,975.07
101,2016,344,1000,12.73,4841,1496.1,.866,431.2,1765.2,1735.2,1686.6
101,2016,344,1100,12.73,4841,2515.6,1,613.4,2784.7,2811.7,2753.2
101,2016,344,1200,12.73,4841,3047.1,.883,617.5,3193.9,3309.6,3174.6
101,2016,344,1300,12.73,4841,3279.9,.833,493.5,3262.1,3454.9,3357.5
101,2016,344,1400,12.73,4841,1430.7,.183,79.2,1393.4,1462.7,1441.3
101,2016,344,1500,12.73,4841,3007.4,.883,677.7,3103.8,3112.2,3158.2
101,2016,344,1600,12.73,4841,1920.7,1,521.5,2001.2,1963.9,2014.5
101,2016,344,1700,12.73,4841,985.37,1,270.9,1032.3,1005.8,1040.4
101,2016,344,1800,12.73,4841,766.41,1,332.8,896.52,823.42,876.81
101,2016,344,1900,12.72,4841,354.23,.766,270.2,496.62,413.81,452.53
101,2016,344,2000,12.72,4841,2.7473,0,3.487,2.5615,3.3357,1.9179
101,2016,344,2100,12.73,4841,0,0,3.353,0,0,0
101,2016,344,2200,12.73,4841,0,0,3.353,0,0,0
101,2016,344,2300,12.73,4841,0,0,3.353,0,0,0
101,2016,344,2400,12.73,4841,0,0,3.353,0,0,0
102,2016,344,2400,12.72,4841,19770,9,192.3,21115,21241,21059
101,2016,345,100,12.73,4841,0,0,3.353,0,0,0
101,2016,345,200,12.73,4841,0,0,3.353,0,0,0
101,2016,345,300,12.73,4841,0,0,3.353,0,0,0
101,2016,345,400,12.73,4841,0,0,3.353,0,0,0
101,2016,345,500,12.73,4841,0,0,3.353,0,0,0
101,2016,345,600,12.73,4841,0,0,3.353,0,0,0
101,2016,345,700,12.73,4841,.05999,0,3.353,.08683,.18395,0
101,2016,345,800,12.73,4841,167.22,.217,52.61,211.84,203.82,185.2
101,2016,345,900,12.73,4841,494.8,.417,121.2,597.31,579.97,548.62
101,2016,345,1000,12.73,4841,1137.5,.6,206.4,1226.8,1233.4,1207.9
101,2016,345,1100,12.73,4841,2248.3,1,435,2394.2,2439.6,2385.2
101,2016,345,1200,12.73,4841,2437.2,.916,323.3,2489.4,2584.8,2534.5
101,2016,345,1300,12.73,4841,1853.6,.383,156.1,1736.9,1841.7,1798.1
101,2016,345,1400,12.73,4841,1810.4,.333,151.9,1689.6,1778.1,1760.2
101,2016,345,1500,12.73,4841,1587.3,.383,144.1,1497.5,1562.5,1551.7
101,2016,345,1600,12.73,4841,1529.9,.55,186,1480.7,1519.7,1524.9
101,2016,345,1700,12.73,4841,1806.9,1,455.4,1832.9,1802.3,1851.1
101,2016,345,1800,12.73,4841,614.98,.35,133.9,621.66,614.34,622.21
101,2016,345,1900,12.73,4841,269.91,.233,78.3,296.97,282.04,287.07
101,2016,345,2000,12.73,4841,1.4516,0,3.353,1.0854,1.6924,.80087
101,2016,345,2100,12.73,4841,0,0,3.353,0,0,0
101,2016,345,2200,12.73,4841,0,0,3.353,0,0,0
101,2016,345,2300,12.73,4841,0,0,3.353,0,0,0
101,2016,345,2400,12.73,4841,0,0,3.353,0,0,0
102,2016,345,2400,12.73,4841,15960,6.381,103.5,16077,16444,16257
101,2016,346,100,12.73,4841,0,0,3.353,0,0,0
101,2016,346,200,12.73,4841,0,0,3.353,.28655,.68677,.58309
101,2016,346,300,12.73,4841,.17996,0,3.353,.76412,1.9131,2.515
101,2016,346,400,12.73,4841,.07798,0,3.353,.18235,1.2509,.57606
101,2016,346,500,12.73,4841,.61785,0,3.353,.60782,1.6433,1.1451
101,2016,346,600,12.73,4841,.10797,0,3.353,.41679,1.5084,1.0257
101,2016,346,700,12.73,4841,.14396,0,3.353,.22576,.31886,.06323
101,2016,346,800,12.73,4841,260.35,.45,90.1,379.27,349.46,338.16
101,2016,346,900,12.73,4841,999.54,.883,284.9,1273.4,1213.5,1174.9
101,2016,346,1000,12.73,4841,1287.7,.417,225.5,1380.6,1396.5,1361.5
101,2016,346,1100,12.73,4841,1184,.217,117.9,1151.7,1220.1,1186.1
101,2016,346,1200,12.73,4841,2349.2,.466,217.5,2278.2,2394.6,2335.4
101,2016,346,1300,12.73,4841,2118.9,.55,171.7,2032.1,2155.4,2129.3
101,2016,346,1400,12.73,4841,2991.4,.833,396.4,2934.5,3076.8,3055.6
101,2016,346,1500,12.72,4841,2446.4,.633,314.7,2355,2457.9,2452.4
101,2016,346,1600,12.73,4841,1630.8,.516,120.3,1525,1592.4,1591.2
101,2016,346,1700,12.73,4841,1279.8,.666,150.6,1265.7,1278.7,1298.3
101,2016,346,1800,12.73,4841,927.73,.833,213.2,974.92,950.24,985.13
101,2016,346,1900,12.72,4841,187.11,0,9.34,178.19,185.67,179.94
101,2016,346,2000,12.73,4841,.86379,0,3.353,.55573,1.0547,.33721
101,2016,346,2100,12.73,4841,0,0,3.353,0,0,0
101,2016,346,2200,12.73,4841,0,0,3.353,0,0,0
101,2016,346,2300,12.73,4841,0,0,3.353,0,0,0
101,2016,346,2400,12.73,4841,0,0,3.353,0,0,0
102,2016,346,2400,12.72,4841,17665,6.464,98,17732,18280,18094
101,2016,347,100,12.73,4841,0,0,3.353,0,0,0
101,2016,347,200,12.73,4841,0,0,3.353,0,0,0
101,2016,347,300,12.73,4841,0,0,3.353,0,0,0
101,2016,347,400,12.73,4841,0,0,3.353,0,0,0
101,2016,347,500,12.73,4841,0,0,3.353,.16498,.52734,.88517
101,2016,347,600,12.73,4841,0,0,3.353,.25181,.1349,.1686
101,2016,347,700,12.73,4841,.02399,0,3.353,0,.08584,0
101,2016,347,800,12.73,4841,38.372,0,3.353,29.644,33.921,30.826
101,2016,347,900,12.73,4841,215.86,0,13.9,173.82,195.47,186.8
101,2016,347,1000,12.73,4841,1320.5,.45,184.4,1392,1421,1393.9
101,2016,347,1100,12.73,4841,2629.6,.95,581.7,2929.3,2946.8,2900.4
101,2016,347,1200,12.73,4841,2345.2,1,390.8,2489.6,2560.7,2524.9
101,2016,347,1300,12.73,4841,3180.9,.9,517.9,3249.7,3399.6,3349.9
101,2016,347,1400,12.73,4841,3137.4,.883,519.6,3161.9,3284.6,3265.3
101,2016,347,1500,12.73,4841,1959,.4,286.7,1965.7,2004.8,2025.5
101,2016,347,1600,12.73,4841,2336.8,.65,430.9,2340.3,2349.7,2384.5
101,2016,347,1700,12.73,4841,1200.7,.516,299.2,1291.5,1254.9,1307.4
101,2016,347,1800,12.73,4841,340.95,.2,55.09,384.22,368.51,373.73
101,2016,347,1900,12.73,4841,283.5,.666,182.9,384.41,325.43,351.34
101,2016,347,2000,12.73,4841,1.9855,0,3.431,1.5109,2.1584,1.3348
101,2016,347,2100,12.73,4841,0,0,3.353,0,0,0
101,2016,347,2200,12.73,4841,0,0,3.353,0,0,0
101,2016,347,2300,12.73,4841,0,0,3.353,0,0,0
101,2016,347,2400,12.73,4841,0,0,3.353,0,0,0
102,2016,347,2400,12.73,4841,18991,6.614,146.1,19794,20148,20097
101,2016,348,100,12.73,4841,0,0,3.353,0,0,0
101,2016,348,200,12.73,4841,0,0,3.353,0,0,0
101,2016,348,300,12.73,4841,0,0,3.353,0,0,0
101,2016,348,400,12.73,4841,0,0,3.353,0,.07358,.16158
101,2016,348,500,12.73,4841,0,0,3.353,0,0,0
101,2016,348,600,12.73,4841,0,0,3.353,0,0,0
101,2016,348,700,12.73,4841,.98976,0,3.353,1.3372,1.2877,1.0397
101,2016,348,800,12.73,4841,207.65,.317,78.6,311.84,285.51,275.37
101,2016,348,900,12.73,4841,846.19,1,262.6,1122.4,1059.5,1024.6
101,2016,348,1000,12.73,4841,1843.2,1,527.3,2209.8,2158.3,2109.3
101,2016,348,1100,12.73,4841,2542.6,1,576.5,2758.4,2820.2,2764.1
101,2016,348,1200,12.73,4841,3411.1,.983,694.3,3615.4,3721.4,3648.6
101,2016,348,1300,12.73,4841,2560.1,.45,269.3,2547.8,2674.9,2625.8
101,2016,348,1400,12.73,4841,1532.1,.017,23.1,1393.2,1487.6,1458.7
101,2016,348,1500,12.73,4841,1162.9,.15,72.4,1086.3,1145.7,1135.7
101,2016,348,1600,12.73,4841,668.27,0,19.01,599.61,640.21,629.24
101,2016,348,1700,12.72,4841,175.98,0,7.39,169.64,172.43,172.69
101,2016,348,1800,12.72,4841,441.98,.067,27.02,422.3,433.87,447.94
101,2016,348,1900,12.73,4841,316.24,.6,137.3,364.61,328.36,359.15
101,2016,348,2000,12.73,4841,3.3412,0,3.677,3.0131,3.5442,3.3861
101,2016,348,2100,12.73,4841,0,0,3.353,0,0,0
101,2016,348,2200,12.73,4841,0,0,3.353,0,0,0
101,2016,348,2300,12.73,4841,0,0,3.353,0,0,0
101,2016,348,2400,12.73,4841,0,0,3.353,0,0,0
102,2016,348,2400,12.72,4841,15713,5.581,114,16606,16933,16656
101,2016,349,100,12.73,4841,0,0,3.353,0,0,0
101,2016,349,200,12.73,4841,0,0,3.353,0,0,0
101,2016,349,300,12.73,4841,0,0,3.353,0,0,0
101,2016,349,400,12.73,4841,0,0,3.353,0,0,0
101,2016,349,500,12.73,4841,0,0,3.353,0,0,0
101,2016,349,600,12.73,4841,0,0,3.353,0,0,0
101,2016,349,700,12.73,4841,.67783,0,3.353,.94646,1.1037,.61821
101,2016,349,800,12.72,4841,110.25,0,23.46,141.73,135.08,130.49
101,2016,349,900,12.73,4841,703.2,.45,188.2,900.01,864.51,823.7
101,2016,349,1000,12.73,4841,1758.7,.616,367.3,1996.8,1979.9,1954.6
101,2016,349,1100,12.72,4841,1890.3,.65,422.2,2102,2110.7,2074.9
101,2016,349,1200,12.71,4841,2533.4,.7,446.8,2673.9,2760.5,2702.5
101,2016,349,1300,12.73,4841,3144.7,.9,446.1,3179.3,3322.3,3270.3
101,2016,349,1400,12.72,4841,2582.9,.916,293.5,2562.2,2679.2,2660.8
101,2016,349,1500,12.73,4841,3302.2,1,640,3402.9,3444.7,3467.3
101,2016,349,1600,12.73,4841,2778.2,1,745,2994.9,2913.5,2989.9
101,2016,349,1700,12.73,4841,2147.8,1,705,2379.7,2257.6,2364
101,2016,349,1800,12.73,4841,1188.9,1,540.1,1406.3,1284.7,1372.7
101,2016,349,1900,12.71,4841,338.32,.666,230.2,443.68,378.72,408.68
101,2016,349,2000,12.72,4841,2.1955,0,3.677,2.0145,2.5999,1.4331
101,2016,349,2100,12.73,4841,0,0,3.353,0,0,0
101,2016,349,2200,12.71,4841,0,0,3.353,0,0,0
101,2016,349,2300,12.73,4841,0,0,3.353,0,0,0
101,2016,349,2400,12.73,4841,0,0,3.353,0,0,0
102,2016,349,2400,12.71,4841,22482,8.9,212,24186,24135,24222
101,2016,350,100,12.72,4841,0,0,3.353,0,0,0
101,2016,350,200,12.73,4841,0,0,3.353,0,0,0
101,2016,350,300,12.73,4841,0,0,3.353,0,0,0
101,2016,350,400,12.71,4841,0,0,3.353,0,0,0
101,2016,350,500,12.71,4841,0,0,3.353,0,0,0
101,2016,350,600,12.73,4841,0,0,3.353,0,0,0
101,2016,350,700,12.71,4841,.06598,0,3.353,.1563,.57639,0
101,2016,350,800,12.71,4841,186.2,.3,66.87,280.01,255.03,244.97
101,2016,350,900,12.73,4841,784.1,.633,206.5,973.79,933.22,910.66
101,2016,350,1000,12.73,4841,1639.8,1,456.2,1937.4,1899.9,1859
101,2016,350,1100,12.73,4841,2571.3,1,638.2,2845.1,2866.3,2817.9
101,2016,350,1200,12.73,4841,2975.3,.95,630.3,3128.5,3235,3126.4
101,2016,350,1300,12.73,4841,2908.6,.783,445.2,2947.8,3079,2969.1
101,2016,350,1400,12.73,4841,2741.4,.666,405.6,2721.2,2823,2709.9
101,2016,350,1500,12.73,4841,2476.4,.7,463.8,2555.8,2598.9,2568
101,2016,350,1600,12.71,4841,2649,.966,676.8,2797.3,2731.7,2783
101,2016,350,1700,12.71,4841,1733.2,.85,501.9,1879.5,1800.8,1859.4
101,2016,350,1800,12.73,4841,567.2,.3,144.6,587.76,580.53,589.93
101,2016,350,1900,12.72,4841,90.326,0,15.29,82.803,88.409,81.626
101,2016,350,2000,12.73,4841,2.3994,0,3.364,2.1534,2.9923,1.391
101,2016,350,2100,12.72,4841,0,0,3.353,0,0,0
101,2016,350,2200,12.73,4841,0,0,3.353,0,0,0
101,2016,350,2300,12.73,4841,0,0,3.353,0,0,0
101,2016,350,2400,12.73,4841,0,0,3.353,0,0,0
102,2016,350,2400,12.71,4841,21325,8.15,195.5,22739,22895,22521
101,2016,351,100,12.73,4841,0,0,3.353,0,0,0
101,2016,351,200,12.73,4841,0,0,3.353,0,0,0
101,2016,351,300,12.73,4841,0,0,3.353,0,0,0
101,2016,351,400,12.73,4841,0,0,3.353,0,0,0
101,2016,351,500,12.73,4841,0,0,3.353,0,0,0
101,2016,351,600,12.73,4841,0,0,3.353,0,0,0
101,2016,351,700,12.73,4841,0,0,3.353,.03473,.07358,0
101,2016,351,800,12.73,4841,166.67,.3,69.76,259.91,239.61,221.7
101,2016,351,900,12.73,4841,886.79,1,322.7,1218.3,1134.4,1111.7
101,2016,351,1000,12.73,4841,1706.1,1,489.7,2046.5,2000.8,1960.1
101,2016,351,1100,12.73,4841,2456.7,1,588.6,2719,2735.3,2702.2
101,2016,351,1200,12.73,4841,2414.6,.716,416.5,2497,2590.1,2546.7
101,2016,351,1300,12.73,4841,2547.8,.65,371,2556.4,2681.4,2621.5
101,2016,351,1400,12.73,4841,3247.5,.883,531.5,3291.8,3419.1,3366.7
101,2016,351,1500,12.73,4841,1647.4,.367,218,1618.8,1665.5,1652.6
101,2016,351,1600,12.73,4841,1213.1,.417,199.9,1217.8,1220.3,1228.6
101,2016,351,1700,12.73,4841,448.84,0,8.1,460.19,465.72,455.16
101,2016,351,1800,12.73,4841,353.25,0,5.706,322.74,341.04,350.75
101,2016,351,1900,12.72,4841,169.66,0,3.353,161.21,165.44,169.97
101,2016,351,2000,12.73,4841,1.5596,0,3.353,1.5283,1.7292,2.1216
101,2016,351,2100,12.73,4841,0,0,3.353,0,0,0
101,2016,351,2200,12.73,4841,0,0,3.353,0,0,0
101,2016,351,2300,12.73,4841,0,0,3.353,0,0,0
101,2016,351,2400,12.73,4841,0,0,3.353,0,0,0
102,2016,351,2400,12.72,4841,17260,6.331,136,18371,18660,18390
101,2016,352,100,12.73,4841,0,0,3.353,0,0,0
101,2016,352,200,12.73,4841,0,0,3.353,0,0,0
101,2016,352,300,12.73,4841,0,0,3.353,0,0,0
101,2016,352,400,12.72,4841,0,0,3.353,0,0,0
101,2016,352,500,12.73,4841,0,0,3.353,0,0,0
101,2016,352,600,12.73,4841,0,0,3.353,0,0,0
101,2016,352,700,12.73,4841,0,0,3.353,0,0,0
101,2016,352,800,12.72,4841,52.103,0,4.912,46.142,51.47,45.551
101,2016,352,900,12.72,4841,329.73,0,18.51,302.97,323.21,315.83
101,2016,352,1000,12.73,4841,1624.1,.883,402.2,1872.1,1847.3,1816.3
101,2016,352,1100,12.72,4841,2450.5,1,590.5,2710.1,2731.3,2687.3
101,2016,352,1200,11.89,4841,2890.8,1,538.4,2990.4,3107,3031.5
101,2016,352,1300,11.87,4841,3228.1,.966,603.3,3318.7,3474.7,3361.4
101,2016,352,1400,11.85,4841,2336,.4,158.4,2302,2407,2377.5
101,2016,352,1500,11.48,4841,2544.7,.9,487.2,2604.1,2610.1,2634.7
101,2016,352,1600,11.32,4841,2057.8,.633,414.1,2157.1,2122.6,2150
101,2016,352,1700,11.35,4841,1941.9,.95,402.7,1967.6,1959.2,2008.4
101,2016,352,1800,11.38,4841,1034.8,.833,388.4,1129,1069.7,1116.7
101,2016,352,1900,11.79,4841,298.49,.666,188,383.04,332.69,355.73
101,2016,352,2000,11.8,4841,2.4414,0,3.364,1.5543,2.7348,1.1381
101,2016,352,2100,11.79,4841,0,0,3.353,0,0,0
101,2016,352,2200,11.79,4841,0,0,3.353,0,0,0
101,2016,352,2300,11.79,4841,0,0,3.353,0,0,0
101,2016,352,2400,11.79,4841,0,0,3.353,0,0,0
102,2016,352,2400,11.32,4841,20791,8.23,176.5,21785,22039,21902
101,2016,353,100,11.79,4841,0,0,3.353,0,0,0
101,2016,353,200,11.77,4841,0,0,3.353,0,0,0
101,2016,353,300,11.79,4841,0,0,3.353,0,0,0
101,2016,353,400,11.78,4841,0,0,3.353,0,0,0
101,2016,353,500,11.77,4841,0,0,3.353,0,0,0
101,2016,353,600,11.76,4841,0,0,3.353,0,0,0
101,2016,353,700,11.75,4841,0,0,3.353,.01737,.02453,0
101,2016,353,800,11.57,4841,155.88,.1,42.98,220.14,203.69,195.29
101,2016,353,900,11.57,4841,862.88,1,294,1171.2,1102.5,1054.2
101,2016,353,1000,11.32,4841,1696.2,.966,471.6,2028.2,1985.3,1951.6
101,2016,353,1100,11.59,4841,1928.8,.633,305.4,2009.5,2059.7,2030.5
101,2016,353,1200,11.59,4841,2716.6,.866,492.3,2798.9,2897.6,2841.6
101,2016,353,1300,11.37,4841,3271.1,.883,563.7,3307.8,3471.7,3414.5
101,2016,353,1400,11.06,4841,2755.3,.666,356.8,2714.9,2855,2835.5
101,2016,353,1500,11.02,4841,3087.4,.8,514.2,3098.2,3181.6,3211
101,2016,353,1600,11.38,4841,736.71,.133,64.71,666.04,705.88,692.33
101,2016,353,1700,11.05,4841,262.49,0,3.621,254.76,265.07,262.85
101,2016,353,1800,11.87,4841,368.34,0,4.839,361.38,372.09,371.68
101,2016,353,1900,12.61,4841,231.48,.15,46.62,247.21,240,242.2
101,2016,353,2000,12.53,4841,6.2805,0,3.772,5.948,6.7696,4.6436
101,2016,353,2100,12.5,4841,0,0,3.353,0,0,0
101,2016,353,2200,12.47,4841,0,0,3.353,0,0,0
101,2016,353,2300,12.63,4841,0,0,3.353,0,0,0
101,2016,353,2400,12.64,4841,0,0,3.353,0,0,0
102,2016,353,2400,11.02,4841,18079,6.198,133.4,18884,19347,19108
101,2016,354,100,12.61,4841,0,0,3.353,0,0,0
101,2016,354,200,12.62,4841,0,0,3.353,0,0,0
101,2016,354,300,12.64,4841,0,0,3.353,0,0,0
101,2016,354,400,12.64,4841,0,0,3.353,0,0,0
101,2016,354,500,12.63,4841,0,0,3.353,0,0,0
101,2016,354,600,12.63,4841,0,0,3.353,0,0,0
101,2016,354,700,12.63,4841,.04199,0,3.353,.07815,.12264,0
101,2016,354,800,12.63,4841,173.02,.35,78.7,275.37,250.33,238.17
101,2016,354,900,12.63,4841,936.83,1,358.3,1318.4,1223.4,1176
101,2016,354,1000,12.63,4841,1742.6,1,511.3,2087.4,2047.3,1997.2
101,2016,354,1100,12.62,4841,2481.2,1,613.8,2740.4,2768.1,2713.1
101,2016,354,1200,12.62,4841,3002,1,656.5,3172.6,3287.6,3222.2
101,2016,354,1300,12.62,4841,3418.8,.966,610.3,3444.4,3635.7,3571.5
101,2016,354,1400,12.62,4841,3181.6,.866,537.3,3237.6,3366.4,3338.5
101,2016,354,1500,12.62,4841,3189.2,1,730,3329.4,3356.1,3380.4
101,2016,354,1600,12.61,4841,2521.3,.95,675.3,2672.8,2618.2,2666.1
101,2016,354,1700,12.61,4841,1933.5,1,662.8,2108,2010.8,2092.6
101,2016,354,1800,12.61,4841,1097.9,1,536.1,1300.5,1182,1258.2
101,2016,354,1900,12.61,4841,340.05,.816,268,469.39,389.48,418.84
101,2016,354,2000,12.61,4841,3.5088,0,3.42,2.5352,4.0711,1.714
101,2016,354,2100,12.6,4841,0,0,3.353,0,0,0
101,2016,354,2200,12.61,4841,0,0,3.353,0,0,0
101,2016,354,2300,12.61,4841,0,0,3.353,0,0,0
101,2016,354,2400,12.61,4841,0,0,3.353,0,0,0
102,2016,354,2400,12.6,4841,24022,10.95,261.6,26159,26139,26074
101,2016,355,100,12.61,4841,0,0,3.353,0,0,0
101,2016,355,200,12.6,4841,0,0,3.353,0,0,0
101,2016,355,300,12.59,4841,0,0,3.353,0,0,0
101,2016,355,400,12.59,4841,0,0,3.353,0,0,0
101,2016,355,500,12.59,4841,0,0,3.353,0,0,0
101,2016,355,600,12.59,4841,0,0,3.353,0,0,0
101,2016,355,700,12.59,4841,0,0,3.353,0,.04905,0
101,2016,355,800,12.59,4841,165.84,.317,72.6,262.51,236.87,222.73
101,2016,355,900,12.58,4841,935.26,1,348.9,1306.5,1211.4,1166
101,2016,355,1000,12.58,4841,1732.6,1,496.2,2069.9,2027.7,1982.1
101,2016,355,1100,12.58,4841,2442,1,586.9,2693.5,2716.9,2678.7
101,2016,355,1200,12.58,4841,3042.3,1,662.3,3218.5,3324.3,3272.3
101,2016,355,1300,12.58,4841,3318.3,1,665.6,3395.1,3569.7,3499.6
101,2016,355,1400,12.58,4841,3329.1,1,630,3379.9,3538.4,3462.2
101,2016,355,1500,12.58,4841,2496.1,.716,493.3,2557.6,2605.3,2590.5
101,2016,355,1600,12.58,4841,2682.9,1,649.7,2790.1,2755.7,2806.2
101,2016,355,1700,12.58,4841,1938.2,1,643.5,2110.6,2018,2103
101,2016,355,1800,12.57,4841,1089.7,1,500,1274,1168.5,1242.3
101,2016,355,1900,12.59,4841,321.25,.683,199.5,409.94,356.28,376.34
101,2016,355,2000,12.58,4841,4.8161,0,4.023,4.3236,5.2113,3.3856
101,2016,355,2100,12.58,4841,0,0,3.353,0,0,0
101,2016,355,2200,12.59,4841,0,0,3.353,0,0,0
101,2016,355,2300,12.59,4841,0,0,3.353,0,0,0
101,2016,355,2400,12.58,4841,0,0,3.353,0,0,0
102,2016,355,2400,12.57,4841,23498,10.71,249.6,25472,25534,25405
101,2016,356,100,12.58,4841,0,0,3.353,0,0,0
101,2016,356,200,12.59,4841,0,0,3.353,0,0,0
101,2016,356,300,12.59,4841,0,0,3.353,0,0,0
101,2016,356,400,12.59,4841,0,0,3.353,0,0,0
101,2016,356,500,12.59,4841,0,0,3.353,0,0,0
101,2016,356,600,12.59,4841,0,0,3.353,0,0,0
101,2016,356,700,12.59,4841,.04799,0,3.353,.18235,.41697,0
101,2016,356,800,12.59,4841,179.91,.35,80,290.23,260.22,244.49
101,2016,356,900,12.59,4841,938.55,1,357.9,1325.8,1228.5,1177.2
101,2016,356,1000,12.59,4841,1772.5,1,519.1,2134,2089.7,2044.7
101,2016,356,1100,12.59,4841,2518.7,1,620.3,2791.1,2817.6,2774.3
101,2016,356,1200,12.59,4841,3055,1,667.9,3235.9,3341.9,3301.7
101,2016,356,1300,12.59,4841,3354.9,1,672.9,3439.3,3616.6,3551.7
101,2016,356,1400,12.59,4841,3507.7,1,587.6,3535.5,3707.2,3674.7
101,2016,356,1500,12.59,4841,2133.3,.6,318.4,2103.4,2175.4,2173.7
101,2016,356,1600,12.59,4841,2703.6,1,674.1,2826.6,2780.7,2844.4
101,2016,356,1700,12.59,4841,1954.4,1,640.9,2121.7,2027.7,2115.3
101,2016,356,1800,12.59,4841,949.84,.783,374.3,1078.6,1008,1063.1
101,2016,356,1900,12.59,4841,323.96,.683,201.7,414.8,360,381.78
101,2016,356,2000,12.59,4841,4.4982,0,3.722,3.985,5.1255,3.3435
101,2016,356,2100,12.59,4841,0,0,3.353,0,0,0
101,2016,356,2200,12.59,4841,0,0,3.353,0,0,0
101,2016,356,2300,12.59,4841,0,0,3.353,0,0,0
101,2016,356,2400,12.59,4841,0,0,3.353,0,0,0
102,2016,356,2400,12.58,4841,23397,10.41,239.8,25301,25419,25350
101,2016,357,100,12.59,4841,0,0,3.353,0,0,0
101,2016,357,200,12.59,4841,0,0,3.353,0,0,0
101,2016,357,300,12.59,4841,0,0,3.353,0,0,0
101,2016,357,400,12.59,4841,0,0,3.353,0,0,0
101,2016,357,500,12.59,4841,0,0,3.353,0,0,0
101,2016,357,600,12.59,4841,0,0,3.353,0,0,0
101,2016,357,700,12.59,4841,.03599,0,3.353,.22576,.17169,0
101,2016,357,800,12.59,4841,211.94,.4,90.1,336.23,302.12,291.75
101,2016,357,900,12.59,4841,600.79,.4,125.5,752.95,718.47,695.9
101,2016,357,1000,12.59,4841,894.72,.233,131.9,959.54,967.46,955.98
101,2016,357,1100,12.59,4841,1677.5,.45,266.5,1721.2,1786.5,1777.8
101,2016,357,1200,12.59,4841,3356.8,1,641.8,3532,3651.6,3628.7
101,2016,357,1300,12.59,4841,3426.1,1,715,3508.2,3700.1,3633.2
101,2016,357,1400,12.59,4841,3097.2,.85,548.2,3092.2,3262.5,3228.2
101,2016,357,1500,12.59,4841,3193.4,1,704,3300.9,3353.1,3383.9
101,2016,357,1600,12.59,4841,2654.3,1,739,2849.3,2784.6,2856.3
101,2016,357,1700,12.59,4841,2072.8,1,729,2291.5,2170.9,2279.7
101,2016,357,1800,12.59,4841,1235,1,580,1430.9,1309.7,1397.5
101,2016,357,1900,12.59,4841,340.12,.75,234.1,444.1,379.78,402.81
101,2016,357,2000,12.59,4841,7.827,0,3.979,6.8327,8.24,6.097
101,2016,357,2100,12.59,4841,0,0,3.353,0,0,0
101,2016,357,2200,12.59,4841,0,0,3.353,0,0,0
101,2016,357,2300,12.59,4841,0,0,3.353,0,0,0
101,2016,357,2400,12.59,4841,0,0,3.353,0,0,0
102,2016,357,2400,12.59,4841,22769,9.08,231.1,24226,24395,24538
101,2016,358,100,12.84,4841,0,0,3.353,0,0,0
101,2016,358,200,12.84,4841,0,0,3.353,0,0,0
101,2016,358,300,12.84,4841,0,0,3.353,0,0,0
101,2016,358,400,12.84,4841,0,0,3.353,0,0,0
101,2016,358,500,12.84,4841,0,0,3.353,0,0,0
101,2016,358,600,12.84,4841,0,0,3.353,0,0,0
101,2016,358,700,12.84,4841,0,0,3.353,0,0,0
101,2016,358,800,12.84,4841,181.51,.417,116.7,351.89,303.92,286.38
101,2016,358,900,12.84,4841,1020.6,1,431.6,1511.1,1382.5,1326.1
101,2016,358,1000,12.84,4841,1926,1,587.8,2350.6,2287.1,2254
101,2016,358,1100,12.84,4841,2650.2,1,674.9,2953.7,2967.9,2953.9
101,2016,358,1200,12.84,4841,3106.8,1,702,3293.8,3400.9,3357.1
101,2016,358,1300,12.84,4841,3360.8,1,706,3440.7,3628.9,3530.2
101,2016,358,1400,12.84,4841,3364.5,1,663.5,3424.8,3591.5,3551.6
101,2016,358,1500,12.84,4841,3001.1,.916,672.1,3136.5,3180.5,3200.7
101,2016,358,1600,12.84,4841,2496.3,.9,644.1,2616.1,2573.8,2625.7
101,2016,358,1700,12.84,4841,2119.9,1,706,2276.6,2183.5,2280.9
101,2016,358,1800,12.84,4841,1236.4,1,582.4,1422.5,1306,1393.9
101,2016,358,1900,12.84,4841,362.3,.883,287.8,495.2,412.99,444.52
101,2016,358,2000,12.85,4841,8.0187,0,5.32,7.449,8.6077,6.2233
101,2016,358,2100,12.85,4841,0,0,3.353,0,0,0
101,2016,358,2200,12.85,4841,0,0,3.353,0,0,0
101,2016,358,2300,12.85,4841,0,0,3.353,0,0,0
101,2016,358,2400,12.84,4841,0,0,3.353,0,0,0
102,2016,358,2400,12.84,4841,24835,11.11,284,27281,27228,27211
101,2016,359,100,12.85,4841,0,0,3.353,0,0,0
101,2016,359,200,12.84,4841,0,0,3.353,0,0,0
101,2016,359,300,12.85,4841,0,0,3.353,0,0,0
101,2016,359,400,12.84,4841,0,0,3.353,0,0,0
101,2016,359,500,12.84,4841,0,0,3.353,0,0,0
101,2016,359,600,12.84,4841,0,0,3.353,0,0,0
101,2016,359,700,12.84,4841,0,0,3.353,0,.09811,0
101,2016,359,800,12.84,4841,182.3,.417,104.1,333.51,290.25,277.59
101,2016,359,900,12.84,4841,1003.7,1,407,1465.9,1344.6,1296.9
101,2016,359,1000,12.84,4841,1886.6,1,567.7,2299,2238.2,2203.7
101,2016,359,1100,12.84,4841,2625.7,1,660.8,2926.5,2940,2924.9
101,2016,359,1200,12.84,4841,3107.6,1,697.1,3297.3,3402.3,3362.5
101,2016,359,1300,12.84,4841,3354.3,1,688.9,3437.9,3622.5,3556.3
101,2016,359,1400,12.84,4841,3354.7,1,652.7,3417.7,3582.1,3529.6
101,2016,359,1500,12.84,4841,3162.1,1,721,3295.5,3338.1,3354.5
101,2016,359,1600,12.84,4841,2732.5,1,729,2903.5,2856,2908.4
101,2016,359,1700,12.84,4841,2023.4,1,676.7,2206.2,2110.7,2199.8
101,2016,359,1800,12.84,4841,1186.9,1,556.2,1391.8,1270.6,1357.3
101,2016,359,1900,12.84,4841,449.88,.8,257.3,549.42,484.88,513.27
101,2016,359,2000,12.84,4841,7.8925,0,5.012,7.5529,8.5707,6.5321
101,2016,359,2100,12.84,4841,0,0,3.353,0,0,0
101,2016,359,2200,12.84,4841,0,0,3.353,0,0,0
101,2016,359,2300,12.84,4841,0,0,3.353,0,0,0
101,2016,359,2400,12.84,4841,0,0,3.353,0,0,0
102,2016,359,2400,12.84,4841,25078,11.21,281.7,27532,27489,27491
101,2016,360,100,12.84,4841,0,0,3.353,0,0,0
101,2016,360,200,12.85,4841,0,0,3.353,0,0,0
101,2016,360,300,12.84,4841,0,0,3.353,0,0,0
101,2016,360,400,12.84,4841,0,0,3.353,.02605,0,0
101,2016,360,500,12.84,4841,0,0,3.353,0,0,0
101,2016,360,600,12.84,4841,0,0,3.353,0,0,0
101,2016,360,700,12.84,4841,0,0,3.353,0,.06131,0
101,2016,360,800,12.84,4841,154.55,.217,57.31,229.96,211.46,198.14
101,2016,360,900,12.84,4841,616.77,.616,193.1,821.17,775.61,739.62
101,2016,360,1000,12.84,4841,1446.5,.75,344.9,1657.7,1645.3,1613.5
101,2016,360,1100,12.84,4841,2385.1,1,580.2,2648.8,2671.3,2626.6
101,2016,360,1200,12.84,4841,3019.6,1,664.3,3195.7,3300.2,3245.4
101,2016,360,1300,12.84,4841,3345.1,1,682.1,3425.2,3604.8,3538.9
101,2016,360,1400,12.84,4841,3380.5,1,651.5,3445.8,3606.5,3570.5
101,2016,360,1500,12.84,4841,3221.5,1,696.6,3354.3,3390.8,3413.5
101,2016,360,1600,12.84,4841,2453.7,.816,600.8,2584.7,2545,2584.4
101,2016,360,1700,12.84,4841,2024.9,.983,669.8,2195.5,2103.7,2189.3
101,2017,3,1100,12.41,0,1663.7,.6,606.7,1807.5,1836.3,1827.5
101,2017,3,1200,12.35,0,3152.3,.933,626.5,3351.6,3441.9,3411.2
101,2017,3,1300,12.36,0,2402.5,.583,320.7,2397.8,2512,2500.3
101,2017,3,1400,12.43,0,2363.8,.65,363.6,2306.7,2423.4,2416.2
101,2017,3,1500,12.41,0,3062.6,.966,667.4,3077,3161.1,3195.2
101,2017,3,1600,12.4,0,2848.5,1,754,2986.5,2936.8,3006.3
101,2017,3,1700,12.45,0,2139.6,1,723,2320.5,2217.7,2316.8
101,2017,3,1800,12.43,0,1365.2,1,616.3,1531.5,1418.7,1514.6
101,2017,3,1900,12.36,0,619.76,.916,312.4,668.48,612.87,644.71
101,2017,3,2000,12.34,0,24.066,0,9.8,19.746,22.357,19.038
101,2017,3,2100,12.34,0,0,0,3.353,0,0,0
101,2017,3,2200,12.4,0,0,0,3.353,0,0,0
101,2017,3,2300,12.4,0,0,0,3.353,0,0,0
101,2017,3,2400,12.44,4841,0,0,3.353,0,0,0
102,2017,3,2400,12.34,4841,19642,7.65,350.8,20467,20583,20852
101,2017,4,100,12.45,4841,0,0,3.353,0,0,0
101,2017,4,200,12.47,4841,0,0,3.353,0,0,0
101,2017,4,300,12.48,4841,0,0,3.353,0,0,0
101,2017,4,400,12.49,4841,0,0,3.353,0,0,0
101,2017,4,500,12.49,4841,0,0,3.353,0,0,0
101,2017,4,600,12.45,4841,0,0,3.353,0,0,0
101,2017,4,700,12.48,4841,0,0,3.353,0,0,0
101,2017,4,800,12.49,4841,109,.117,39.49,158.17,146.48,141.06
101,2017,4,900,12.49,4841,798.42,.783,291.8,1083.1,1023.4,980.77
101,2017,4,1000,12.49,4841,1605.1,1,488.1,1948.7,1896.5,1860.1
101,2017,4,1100,12.49,4841,2334,.966,583.5,2595.9,2610.2,2568.2
101,2017,4,1200,12.49,4841,2775.5,.833,574.1,2940.5,3024.7,2977.8
101,2017,4,1300,12.49,4841,2034.4,.367,253,2032.4,2115.7,2104.7
101,2017,4,1400,12.49,4841,3110.3,.816,448.8,3143.7,3279.2,3280.2
101,2017,4,1500,12.49,4841,3100.5,.916,648.7,3169.9,3229.2,3264.8
101,2017,4,1600,12.47,4841,2838,1,784,3035.6,2971.5,3043
101,2017,4,1700,12.45,4841,2135.2,1,734,2329.6,2221.5,2321.9
101,2017,4,1800,12.43,4841,1337.8,1,646.9,1558.7,1429.9,1529.8
101,2017,4,1900,12.43,4841,486.15,1,417.3,676.91,555.99,612.32
101,2017,4,2000,12.47,4841,13.153,0,13.69,16.617,15.769,13.838
101,2017,4,2100,12.47,4841,0,0,3.353,0,0,0
101,2017,4,2200,12.47,4841,0,0,3.353,0,0,0
101,2017,4,2300,12.42,4841,0,0,3.353,0,0,0
101,2017,4,2400,12.45,4841,0,0,3.353,0,0,0
102,2017,4,2400,12.42,4841,22677,9.8,248.3,24690,24520,24698
101,2017,5,100,12.43,4841,0,0,3.353,0,0,0
101,2017,5,200,12.49,4841,0,0,3.353,0,0,0
101,2017,5,300,12.49,4841,0,0,3.353,0,0,0
101,2017,5,400,12.47,4841,0,0,3.353,0,0,0
101,2017,5,500,12.45,4841,0,0,3.353,0,0,0
101,2017,5,600,12.34,4841,0,0,3.353,0,0,0
101,2017,5,700,12.32,4841,0,0,3.353,0,0,0
101,2017,5,800,12.34,4841,124.72,.3,65.67,206.04,183.6,175.57
101,2017,5,900,12.41,4841,895.48,1,377.4,1301,1197.9,1151.9
101,2017,5,1000,12.39,4841,1761.1,1,546.9,2135.6,2076.6,2029.1
101,2017,5,1100,12.3,4841,2569.5,1,670.7,2864.9,2880,2834.5
101,2017,5,1200,12.38,4841,3104.5,1,711,3309.1,3402.6,3359.3
101,2017,5,1300,12.28,4841,3423.3,1,714,3548.6,3681.1,3662.3
101,2017,5,1400,12.31,4841,3569.7,1,700,3642.3,3772.8,3774.9
101,2017,5,1500,12.3,4841,3187.4,.966,710,3303.6,3350.3,3383.9
101,2017,5,1600,12.33,4841,2874.9,1,783,3044.7,2984.9,3050.3
101,2017,5,1700,12.32,4841,2180.3,1,753,2376.6,2275.3,2369
101,2017,5,1800,12.28,4841,1330.2,1,638.6,1538.2,1417.9,1510.6
101,2017,5,1900,12.34,4841,452.19,.95,351,606.55,509.44,552.26
101,2017,5,2000,12.31,4841,13.95,0,10.95,15.653,16.026,13.275
101,2017,5,2100,12.18,4841,0,0,3.353,0,0,0
101,2017,5,2200,12.31,4841,0,0,3.353,0,0,0
101,2017,5,2300,12.36,4841,0,0,3.353,0,0,0
101,2017,5,2400,12.32,4841,0,0,3.353,0,0,0
102,2017,5,2400,12.18,4841,25487,11.21,294.5,27893,27748,27867
101,2017,6,100,12.32,4841,0,0,3.353,0,0,0
101,2017,6,200,12.34,4841,0,0,3.353,0,0,0
101,2017,6,300,12.32,4841,0,0,3.353,0,0,0
101,2017,6,400,12.35,4841,0,0,3.353,0,0,0
101,2017,6,500,12.31,4841,0,0,3.353,0,0,0
101,2017,6,600,12.31,4841,0,0,3.353,0,0,0
101,2017,6,700,12.33,4841,0,0,3.353,0,0,0
101,2017,6,800,12.29,4841,133.83,.333,90.2,249.25,219.9,206.42
101,2017,6,900,12.26,4841,924.84,1,433.4,1386.5,1265.6,1208.8
101,2017,6,1000,12.28,4841,1823.7,1,594.6,2238.2,2169.5,2123.7
101,2017,6,1100,12.24,4841,2630.1,1,702,2945.9,2954.5,2915.6
101,2017,6,1200,12.28,4841,3197,1,749,3402.4,3498,3444.5
101,2017,6,1300,12.24,4841,3497.1,1,757,3606.8,3749.5,3707.9
101,2017,6,1400,12.3,4841,3529.2,1,714,3581.3,3722.1,3698.6
101,2017,6,1500,12.26,4841,3232.6,.983,737,3349.2,3389.7,3410.2
101,2017,6,1600,12.28,4841,2835.9,1,779,3028.1,2962.2,3021.4
101,2017,6,1700,12.24,4841,2155.3,1,738,2352.5,2254.4,2352.8
101,2017,6,1800,12.27,4841,1239.9,1,566.7,1418,1313.8,1396.9
101,2017,6,1900,12.25,4841,468.37,1,394.7,643.85,530.01,581.48
101,2017,6,2000,12.22,4841,16.721,.05,17.73,22.554,20.378,17.798
101,2017,6,2100,12.24,4841,0,0,3.353,0,0,0
101,2017,6,2200,12.26,4841,0,0,3.353,0,0,0
101,2017,6,2300,12.28,4841,0,0,3.353,0,0,0
101,2017,6,2400,12.3,4841,0,0,3.353,0,0,0
102,2017,6,2400,12.22,4841,25685,11.36,304.6,28225,28050,28086
101,2017,7,100,12.26,4841,0,0,3.353,0,0,0
101,2017,7,200,12.28,4841,0,0,3.353,0,0,0
101,2017,7,300,12.37,4841,0,0,3.353,0,0,0
101,2017,7,400,12.41,4841,0,0,3.353,0,0,0
101,2017,7,500,12.37,4841,0,0,3.353,0,0,0
101,2017,7,600,11.97,4841,0,0,3.353,0,0,0
101,2017,7,700,11.95,4841,0,0,3.353,0,0,0
101,2017,7,800,12.14,4841,149.16,.3,66.53,229.78,210.57,199.47
101,2017,7,900,12.22,4841,778.86,.733,266.6,1012.5,961.38,924.69
101,2017,7,1000,12.16,4841,1681.6,1,531.2,2049.7,1989.7,1944.8
101,2017,7,1100,12.17,4841,2421.4,1,610,2696.1,2708.7,2665.3
101,2017,7,1200,12.21,4841,2628.8,.966,489.7,2792.3,2859.6,2809.6
101,2017,7,1300,12.18,4841,2621.5,.85,381.8,2693.4,2781.5,2746.8
101,2017,7,1400,12.21,4841,3529,1,603.3,3551.9,3704.7,3690
101,2017,7,1500,12.2,4841,3159.5,.966,550.9,3167.4,3248.6,3270.2
101,2017,7,1600,12.21,4841,2658.5,1,649.9,2756.4,2729.3,2788.8
101,2017,7,1700,12.17,4841,1942.8,.916,496.6,1969.8,1955.6,2015.4
101,2017,7,1800,12.2,4841,1254.2,.983,558.6,1411.7,1316.2,1401.6
101,2017,7,1900,12.22,4841,448.45,.933,311.2,577.76,493.06,535.32
101,2017,7,2000,12.18,4841,17.636,0,11.76,20.712,19.591,17.775
101,2017,7,2100,12.12,4841,0,0,3.353,0,0,0
101,2017,7,2200,12.2,4841,0,0,3.353,0,0,0
101,2017,7,2300,12.16,4841,0,0,3.353,0,0,0
101,2017,7,2400,12.16,4841,0,0,3.353,0,0,0
102,2017,7,2400,11.95,4841,23291,10.65,231.9,24929,24978,25010
101,2017,8,100,12.24,4841,0,0,3.353,0,0,0
101,2017,8,200,12.24,4841,0,0,3.353,0,0,0
101,2017,8,300,12.2,4841,0,0,3.353,0,0,0
101,2017,8,400,12.17,4841,0,0,3.353,0,0,0
101,2017,8,500,12.16,4841,0,0,3.353,0,0,0
101,2017,8,600,12.25,4841,0,0,3.353,0,0,0
101,2017,8,700,12.22,4841,0,0,3.353,0,0,0
101,2017,8,800,12.16,4841,83.717,.017,29.56,118.62,111.87,103.43
101,2017,8,900,12.2,4841,628.19,.75,159.1,754.19,733.89,712.78
101,2017,8,1000,12.23,4841,848.82,.167,64.56,816.01,856.16,837.87
101,2017,8,1100,12.1,4841,1635.8,.483,273,1712.2,1742.8,1716.5
101,2017,8,1200,12.15,4841,1960.3,.483,192.6,1930.9,2014.7,1988
101,2017,8,1300,12.17,4841,2975.6,.983,518.8,3026.3,3155.1,3104.3
101,2017,8,1400,12.18,4841,3265.5,1,601.7,3318.7,3441.6,3416.6
101,2017,8,1500,12.22,4841,3130.1,1,669,3227.1,3272.1,3285.7
101,2017,8,1600,12.19,4841,2812.2,1,711,2979.2,2925.8,2979.3
101,2017,8,1700,12.21,4841,1965.5,.866,579.9,2103.2,2034.5,2093.8
101,2017,8,1800,12.2,4841,1033.3,.9,426.5,1154.7,1085.9,1136
101,2017,8,1900,12.22,4841,400.3,.766,228.6,488.82,434.77,456.34
101,2017,8,2000,12.2,4841,8.678,0,4.918,7.9521,9.7721,6.6374
101,2017,8,2100,12.33,4841,0,0,3.353,0,0,0
101,2017,8,2200,12.19,4841,0,0,3.353,0,0,0
101,2017,8,2300,12.18,4841,0,0,3.353,0,0,0
101,2017,8,2400,12.2,4841,0,0,3.353,0,0,0
102,2017,8,2400,12.1,4841,20748,8.41,187.4,21638,21819,21837
101,2017,9,100,12.19,4841,0,0,3.353,0,0,0
101,2017,9,200,12.22,4841,0,0,3.353,0,0,0
101,2017,9,300,12.25,4841,0,0,3.353,0,0,0
101,2017,9,400,12.24,4841,0,0,3.353,0,0,0
101,2017,9,500,12.22,4841,0,0,3.353,0,0,0
101,2017,9,600,12.26,4841,0,0,3.353,0,0,0
101,2017,9,700,12.26,4841,0,0,3.353,0,0,0
101,2017,9,800,12.34,4841,73.153,0,20.71,95.343,92.163,85.034
101,2017,9,900,12.28,4841,583.65,.866,204.6,772.53,729.83,703.02
101,2017,9,1000,12.24,4841,1273.3,1,361.7,1500,1468.2,1433.6
101,2017,9,1100,12.26,4841,2046.2,1,488.6,2243.8,2257.3,2223.3
101,2017,9,1200,12.25,4841,2658.3,1,554.4,2789.6,2864.8,2829.2
101,2017,9,1300,12.3,4841,3017.7,1,563.3,3080.4,3200,3166.6
101,2017,9,1400,12.28,4841,3100.3,1,521.2,3138.8,3254.2,3246.1
101,2017,9,1500,12.29,4841,2759.7,1,516.6,2803.8,2852,2867.8
101,2017,9,1600,12.3,4841,2480.4,1,601.1,2584,2551.9,2591.8
101,2017,9,1700,12.3,4841,1429.5,.683,335.4,1452,1442,1466.4
101,2017,9,1800,12.28,4841,925.37,1,293.8,980.94,946.59,984.43
101,2017,9,1900,12.26,4841,289.05,.333,99.8,318.3,299.94,307.43
101,2017,9,2000,12.33,4841,12.269,0,4.504,12.023,12.947,10.464
101,2017,9,2100,12.3,4841,0,0,3.353,0,0,0
101,2017,9,2200,12.29,4841,0,0,3.353,0,0,0
101,2017,9,2300,12.33,4841,0,0,3.353,0,0,0
101,2017,9,2400,12.3,4841,0,0,3.353,0,0,0
102,2017,9,2400,12.19,4841,20649,9.88,191.8,21771,21972,21915
101,2017,10,100,12.37,4841,0,0,3.353,0,0,0
101,2017,10,200,12.38,4841,0,0,3.353,0,0,0
101,2017,10,300,12.38,4841,0,0,3.353,0,0,0
101,2017,10,400,12.38,4841,0,0,3.353,0,0,0
101,2017,10,500,12.39,4841,0,0,3.353,0,0,0
101,2017,10,600,12.4,4841,0,0,3.353,0,0,0
101,2017,10,700,12.41,4841,0,0,3.353,0,0,0
101,2017,10,800,12.41,4841,67.196,0,13.03,78.384,77.581,75.451
101,2017,10,900,12.4,4841,634.26,.716,215.1,816.01,782.29,768.8
101,2017,10,1000,12.4,4841,1405.2,1,401.5,1663.3,1630.7,1609.5
101,2017,10,1100,12.42,4841,2137.4,1,502.3,2351,2362.8,2349.4
101,2017,10,1200,12.43,4841,2682.4,1,541.7,2827.8,2900.2,2870.3
101,2017,10,1300,12.42,4841,2916.4,1,502.5,2983.6,3091.3,3067.3
101,2017,10,1400,12.4,4841,2743,.816,369.6,2755.5,2858.3,2837.6
101,2017,10,1500,12.38,4841,1007.1,.133,93.7,968.21,1001.3,1006.1
101,2017,10,1600,12.41,4841,1506.2,.483,262.1,1526.2,1532.7,1551.6
101,2017,10,1700,12.4,4841,1234.6,.6,321.5,1250.2,1241.5,1284.2
101,2017,10,1800,12.41,4841,871.77,.783,306.6,940.18,898.3,943.06
101,2017,10,1900,12.43,4841,345.22,.616,163.2,404.32,365.38,386.15
101,2017,10,2000,12.42,4841,13.403,0,4.867,12.995,13.854,11.75
101,2017,10,2100,12.42,4841,0,0,3.353,0,0,0
101,2017,10,2200,12.42,4841,0,0,3.353,0,0,0
101,2017,10,2300,12.43,4841,0,0,3.353,0,0,0
101,2017,10,2400,12.4,4841,0,0,3.353,0,0,0
102,2017,10,2400,12.37,4841,17564,8.15,155.6,18578,18756,18761
101,2017,11,100,12.42,4841,0,0,3.353,0,0,0
101,2017,11,200,12.43,4841,0,0,3.353,0,0,0
101,2017,11,300,12.43,4841,0,0,3.353,0,0,0
101,2017,11,400,12.43,4841,0,0,3.353,0,0,0
101,2017,11,500,12.42,4841,0,0,3.353,0,0,0
101,2017,11,600,12.42,4841,0,0,3.353,0,0,0
101,2017,11,700,12.41,4841,0,0,3.353,0,0,0
101,2017,11,800,12.45,4841,23.191,0,3.353,21.022,23.865,20.366
101,2017,11,900,12.41,4841,293.11,0,14.77,263.63,282.72,274.82
101,2017,11,1000,12.38,4841,814.03,.117,76.5,807.04,833.81,823.44
101,2017,11,1100,12.38,4841,1662.5,.983,281.7,1800.4,1811.8,1815.6
101,2017,11,1200,12.4,4841,2383.5,1,361.2,2469.1,2541.5,2558.3
101,2017,11,1300,12.41,4841,2674.7,1,324.4,2679.3,2783.2,2807.5
101,2017,11,1400,12.43,4841,2621.2,.6,220.6,2559.2,2663.9,2683
101,2017,11,1500,12.41,4841,2997.6,1,473.8,3007.7,3069.7,3111.6
101,2017,11,1600,12.39,4841,2309.3,1,466.7,2355.2,2351.1,2390.1
101,2017,11,1700,12.32,4841,1623.2,1,403.5,1674.3,1651.1,1695.1
101,2017,11,1800,12.44,4841,1088.5,1,342.5,1150.4,1113.8,1157.3
101,2017,11,1900,12.47,4841,447.42,.55,177.5,495.57,463.53,480.89
101,2017,11,2000,12.45,4841,16.917,0,5.627,15.539,17.324,14.643
101,2017,11,2100,12.45,4841,0,0,3.353,0,0,0
101,2017,11,2200,12.34,4841,0,0,3.353,0,0,0
101,2017,11,2300,12.45,4841,0,0,3.353,0,0,0
101,2017,11,2400,12.47,4841,0,0,3.353,0,0,0
102,2017,11,2400,12.32,4841,18955,8.25,132.9,19298,19607,19833
101,2017,12,100,12.47,4841,0,0,3.353,0,0,0
101,2017,12,200,12.46,4841,0,0,3.353,0,0,0
101,2017,12,300,12.41,4841,0,0,3.353,0,0,0
101,2017,12,400,12.46,4841,0,0,3.353,0,0,0
101,2017,12,500,12.32,4841,0,0,3.353,0,0,0
101,2017,12,600,12.39,4841,0,0,3.353,0,0,0
101,2017,12,700,12.43,4841,0,0,3.353,0,0,0
101,2017,12,800,12.46,4841,108.75,.233,50.63,164.3,152.84,142.39
101,2017,12,900,12.45,4841,811.15,1,352.5,1141.9,1066.6,1022.8
101,2017,12,1000,12.41,4841,1649.3,1,520,1982.5,1937.2,1912
101,2017,12,1100,12.41,4841,2403.2,1,614.9,2654.9,2665.1,2668.4
101,2017,12,1200,12.43,4841,2927.2,1,650.9,3089.9,3178.8,3182
101,2017,12,1300,12.38,4841,3277.2,1,659.1,3372.8,3496.8,3506.7
101,2017,12,1400,12.42,4841,3394.6,1,641.8,3444.4,3563.9,3603.5
101,2017,12,1500,12.44,4841,3221.9,1,705,3313.1,3352.1,3405.5
101,2017,12,1600,12.45,4841,2768.4,1,733,2920.5,2863.7,2930
101,2017,12,1700,12.45,4841,2038.7,1,671.9,2181.9,2107.4,2184.9
101,2017,12,1800,12.41,4841,1225.9,1,526.9,1359.7,1280.5,1353
101,2017,12,1900,12.41,4841,399.57,.833,236.4,486.62,429.44,455.25
101,2017,12,2000,12.39,4841,17.103,0,7.47,17.457,18.096,15.486
101,2017,12,2100,12.39,4841,0,0,3.353,0,0,0
101,2017,12,2200,12.4,4841,0,0,3.353,0,0,0
101,2017,12,2300,12.43,4841,0,0,3.353,0,0,0
101,2017,12,2400,12.42,4841,0,0,3.353,0,0,0
102,2017,12,2400,12.32,4841,24243,11.06,267,26130,26113,26382
101,2017,13,100,12.46,4841,0,0,3.353,0,0,0
101,2017,13,200,12.47,4841,0,0,3.353,0,0,0
101,2017,13,300,12.45,4841,0,0,3.353,0,0,0
101,2017,13,400,12.41,4841,0,0,3.353,0,0,0
101,2017,13,500,12.4,4841,0,0,3.353,0,0,0
101,2017,13,600,12.43,4841,0,0,3.353,0,0,0
101,2017,13,700,12.41,4841,0,0,3.353,0,0,0
101,2017,13,800,12.4,4841,86.307,.15,41.11,131.49,124.29,116.06
101,2017,13,900,12.4,4841,729.5,1,304.2,1011.5,948.65,921.68
101,2017,13,1000,12.39,4841,1554.1,1,480.7,1862.4,1817.7,1805.5
101,2017,13,1100,12.4,4841,2149.7,1,523.9,2364.2,2372,2392.5
101,2017,13,1200,12.41,4841,2840.1,1,596,2993.3,3069,3111.3
101,2017,13,1300,12.44,4841,3042.1,.933,513.7,3097.5,3213.6,3269.9
101,2017,13,1400,12.45,4841,3237.2,.85,422.3,3159.2,3322,3383
101,2017,13,1500,12.46,4841,2494.6,.716,372,2460.1,2539.7,2592.8
101,2017,13,1600,12.45,4841,2719.6,1,675.3,2821.7,2796.1,2882.9
101,2017,13,1700,12.45,4841,2050.8,1,653.6,2182.1,2115.6,2210.1
101,2017,13,1800,12.45,4841,1210.5,.983,516.1,1346.9,1266.8,1342.3
101,2017,13,1900,12.45,4841,440.2,.95,279.4,544.97,475.48,507.88
101,2017,13,2000,12.45,4841,22.524,0,13.12,25.07,24.581,22.383
101,2017,13,2100,12.47,4841,0,0,3.353,0,0,0
101,2017,13,2200,12.46,4841,0,0,3.353,0,0,0
101,2017,13,2300,12.47,4841,0,0,3.353,0,0,0
101,2017,13,2400,12.46,4841,0,0,3.353,0,0,0
102,2017,13,2400,12.39,4841,22577,10.58,226.2,24000,24085,24558
101,2017,14,100,12.47,4841,0,0,3.353,0,0,0
101,2017,14,200,12.48,4841,0,0,3.353,0,0,0
101,2017,14,300,12.49,4841,0,0,3.353,0,0,0
101,2017,14,400,12.48,4841,0,0,3.353,0,0,0
101,2017,14,500,12.47,4841,0,0,3.353,0,0,0
101,2017,14,600,12.47,4841,0,0,3.353,0,0,0
101,2017,14,700,12.46,4841,0,0,3.353,0,0,0
101,2017,14,800,12.46,4841,61.954,0,6.901,59.186,63.048,59.989
101,2017,14,900,12.4,4841,503.37,.35,117.9,576.2,568.55,553.49
101,2017,14,1000,12.38,4841,1004.6,.35,177.9,1086.5,1095.8,1086.8
101,2017,14,1100,12.44,4841,2227.3,1,547.2,2442.8,2449.6,2463.5
101,2017,14,1200,12.36,4841,2726.3,1,565.6,2877,2943.6,2973.4
101,2017,14,1300,12.41,4841,2923.9,1,521.8,3002.5,3100.3,3141.3
101,2017,14,1400,12.38,4841,2977,1,439.4,3022.9,3119.7,3180.6
101,2017,14,1500,12.37,4841,1189.4,.2,125.3,1162.1,1198.8,1207.2
101,2017,14,1600,12.38,4841,2453.3,.966,545.3,2520.1,2512.4,2576.6
101,2017,14,1700,12.38,4841,1819.4,1,565,1930.4,1877.5,1953
101,2017,14,1800,12.33,4841,1129.7,1,460.7,1240.3,1174.9,1237.9
101,2017,14,1900,12.35,4841,384.76,.783,209.6,456.31,408.6,431.61
101,2017,14,2000,12.52,4841,16.803,0,6.957,16.849,17.654,15.247
101,2017,14,2100,12.35,4841,0,0,3.353,0,0,0
101,2017,14,2200,12.41,4841,0,0,3.353,0,0,0
101,2017,14,2300,12.45,4841,0,0,3.353,0,0,0
101,2017,14,2400,12.45,4841,0,0,3.353,0,0,0
102,2017,14,2400,12.33,4841,19418,8.65,180.3,20393,20531,20881
101,2017,15,100,12.47,4841,0,0,3.353,0,0,0
101,2017,15,200,12.47,4841,0,0,3.353,0,0,0
101,2017,15,300,12.47,4841,0,0,3.353,0,0,0
101,2017,15,400,12.47,4841,0,0,3.353,0,0,0
101,2017,15,500,12.47,4841,0,0,3.353,0,0,0
101,2017,15,600,12.47,4841,0,0,3.353,0,0,0
101,2017,15,700,12.48,4841,0,0,3.353,0,0,0
101,2017,15,800,12.47,4841,70.148,.067,31.39,111.88,104.41,99.281
101,2017,15,900,12.48,4841,667.77,1,274.9,921.6,869.35,845.56
101,2017,15,1000,12.47,4841,1505.1,1,450.2,1808.7,1777,1762.4
101,2017,15,1100,12.47,4841,1527.8,.45,244.5,1595.2,1629.8,1636
101,2017,15,1200,12.46,4841,2726.2,.933,525.2,2851.6,2928.9,2942.6
101,2017,15,1300,12.45,4841,2629.6,.75,436.4,2651.8,2763.9,2788.7
101,2017,15,1400,12.47,4841,2653.8,.666,351.1,2644,2768.7,2794.4
101,2017,15,1500,12.45,4841,3187.8,.933,538.7,3134.4,3248.4,3286.8
101,2017,15,1600,12.45,4841,2647.4,1,662.2,2736.6,2715.3,2797.8
101,2017,15,1700,12.45,4841,2002.8,1,644.4,2136.9,2067.3,2173.8
101,2017,15,1800,12.45,4841,1225.7,1,530.6,1361.7,1282.5,1364.1
101,2017,15,1900,12.45,4841,442.56,.883,284.9,546.4,476.41,511.36
101,2017,15,2000,12.45,4841,18.578,0,9.04,19.531,19.604,17.628
101,2017,15,2100,12.46,4841,0,0,3.353,0,0,0
101,2017,15,2200,12.46,4841,0,0,3.353,0,0,0
101,2017,15,2300,12.47,4841,0,0,3.353,0,0,0
101,2017,15,2400,12.48,4841,0,0,3.353,0,0,0
102,2017,15,2400,12.45,4841,21305,9.68,209.2,22520,22651,23020
101,2017,16,100,12.49,4841,0,0,3.353,0,0,0
101,2017,16,200,12.51,4841,0,0,3.353,0,0,0
101,2017,16,300,12.51,4841,0,0,3.353,0,0,0
101,2017,16,400,12.51,4841,0,0,3.353,0,0,0
101,2017,16,500,12.52,4841,0,0,3.353,0,0,0
101,2017,16,600,12.51,4841,0,0,3.353,0,0,0
101,2017,16,700,12.52,4841,0,0,3.353,0,0,0
101,2017,16,800,12.51,4841,63.555,.233,50.52,139.78,127.4,123.91
101,2017,16,900,12.47,4841,788,1,371,1136.2,1062.2,1020.2
101,2017,16,1000,12.45,4841,1515.7,1,488.3,1825.1,1791.7,1769.8
101,2017,16,1100,12.47,4841,2311.2,1,584.1,2545.5,2557.8,2571.4
101,2017,16,1200,12.45,4841,2940.6,1,635.1,3085.3,3172.5,3194
101,2017,16,1300,12.47,4841,3209.2,1,612.7,3273.3,3402.8,3442.8
101,2017,16,1400,12.47,4841,3199.7,.983,568.2,3225,3377.1,3405.9
101,2017,16,1500,12.46,4841,3088.1,1,639,3144.7,3230.1,3278.4
101,2017,16,1600,12.47,4841,2679.9,1,675,2795.1,2769.1,2852.3
101,2017,16,1700,12.48,4841,2041.9,1,648.7,2174.2,2108,2213.3
101,2017,16,1800,12.47,4841,1305.6,1,564,1449.1,1369.3,1455.8
101,2017,16,1900,12.47,4841,501.87,1,337.7,625.22,541.03,579.99
101,2017,16,2000,12.46,4841,25.492,0,16.97,29.184,27.965,26.063
101,2017,16,2100,12.47,4841,0,0,3.353,0,0,0
101,2017,16,2200,12.49,4841,0,0,3.353,0,0,0
101,2017,16,2300,12.49,4841,0,0,3.353,0,0,0
101,2017,16,2400,12.5,4841,0,0,3.353,0,0,0
102,2017,16,2400,12.45,4841,23671,11.21,259.5,25448,25537,25934
101,2017,17,100,12.51,4841,0,0,3.353,0,0,0
101,2017,17,200,12.51,4841,0,0,3.353,0,0,0
101,2017,17,300,12.51,4841,0,0,3.353,0,0,0
101,2017,17,400,12.51,4841,0,0,3.353,0,0,0
101,2017,17,500,12.49,4841,0,0,3.353,0,0,0
101,2017,17,600,12.49,4841,0,0,3.353,0,0,0
101,2017,17,700,12.49,4841,0,0,3.353,0,0,0
101,2017,17,800,12.49,4841,65.54,.2,45.38,133.29,121.79,115.74
101,2017,17,900,12.47,4841,781.6,1,344.3,1101.5,1032.6,1002.6
101,2017,17,1000,12.46,4841,1615,1,505.8,1935.8,1899.1,1884.5
101,2017,17,1100,12.46,4841,2437.8,1,614.5,2685.9,2689.7,2714.6
101,2017,17,1200,12.43,4841,2931.3,1,626,3070.7,3146.5,3159.7
101,2017,17,1300,12.44,4841,3238,1,613.2,3305.5,3423.8,3443
101,2017,17,1400,12.45,4841,3310.4,1,589.6,3338.7,3478.4,3487.2
101,2017,17,1500,12.44,4841,3098.9,1,647.1,3159.5,3233.2,3263.4
101,2017,17,1600,12.45,4841,2622.1,1,655.4,2729.1,2711.6,2775.1
101,2017,17,1700,12.46,4841,2020.5,1,632.9,2138.8,2080.9,2181.8
101,2017,17,1800,12.3,4841,1232.6,1,488.9,1332.6,1273.9,1344.2
101,2017,17,1900,12.86,4841,416.53,.766,195.3,469.21,431.72,450.76