,0,0,6.335
101,2012,149,2400,12.72,21411,7.98
102,2012,149,2400,13.38,0,0,6.297
102,2012,150,100,13.38,0,0,6.313
102,2012,150,200,13.38,0,0,6.324
102,2012,150,300,13.38,0,0,6.335
102,2012,150,400,13.38,0,0,6.324
102,2012,150,500,13.38,0,0,6.302
102,2012,150,600,13.39,0,0,6.302
102,2012,150,700,13.39,8.4582,0,6.825
102,2012,150,800,13.4,333.57,.583,227
102,2012,150,900,13.4,1158.2,1,614.4
102,2012,150,1000,13.38,2002.3,1,741
102,2012,150,1100,13.38,2664.8,1,781
102,2012,150,1200,13.37,3122,1,776
102,2012,150,1300,13.35,3432.1,1,749
102,2012,150,1400,13.35,3075,.866,558.2
102,2012,150,1500,13.34,2871.8,.883,578.3
102,2012,150,1600,13.33,2513.9,1,678.1
102,2012,150,1700,13.33,1649.9,1,541.9
102,2012,150,1800,13.33,870.48,.9,408.2
102,2012,150,1900,13.33,190.24,.4,111
102,2012,150,2000,13.33,0,0,6.592
102,2012,150,2100,13.34,0,0,6.593
102,2012,150,2200,13.35,0,0,6.593
102,2012,150,2300,13.35,0,0,6.511
101,2012,150,2400,13.33,23893,10.63
102,2012,150,2400,13.35,0,0,6.528
102,2012,151,100,13.36,0,0,6.517
102,2012,151,200,13.36,0,0,6.506
102,2012,151,300,13.36,0,0,6.429
102,2012,151,400,13.36,0,0,6.39
102,2012,151,500,13.37,0,0,6.385
102,2012,151,600,13.37,0,0,6.418
102,2012,151,700,13.38,7.4232,0,6.594
102,2012,151,800,13.38,334.51,.583,222.8
102,2012,151,900,13.38,1137.5,1,597
102,2012,151,1000,13.37,1962.6,1,731
102,2012,151,1100,13.36,2653.8,1,785
102,2012,151,1200,13.35,3120.1,1,779
102,2012,151,1300,13.35,3252.5,.966,717
102,2012,151,1400,13.35,3395.3,1,665.7
102,2012,151,1500,13.34,3049.2,1,648.8
102,2012,151,1600,13.33,2206.4,.866,536.4
102,2012,151,1700,12.73,1735.3,1,566
102,2012,151,1800,13.33,717.82,.95,298.7
102,2012,151,1900,13.33,152.88,.35,85
102,2012,151,2000,13.33,0,0,6.603
102,2012,151,2100,13.33,0,0,6.603
102,2012,151,2200,13.33,0,0,6.603
102,2012,151,2300,13.33,0,0,6.603
101,2012,151,2400,12.73,23725,10.71
102,2012,151,2400,13.33,0,0,6.598
102,2012,152,100,13.34,0,0,6.587
102,2012,152,200,13.34,0,0,6.549
102,2012,152,300,13.34,0,0,6.521
102,2012,152,400,13.35,0,0,6.532
102,2012,152,500,13.35,0,0,6.56
102,2012,152,600,13.35,0,0,6.555
102,2012,152,700,13.35,7.1884,0,6.869
102,2012,152,800,13.36,332.55,.583,226.1
102,2012,152,900,13.36,1165.2,1,615
102,2012,152,1000,13.36,2021.2,1,755
102,2012,152,1100,13.35,2719.5,1,802
102,2012,152,1200,13.35,3174.7,1,793
102,2012,152,1300,13.34,3350.7,1,744
102,2012,152,1400,13.33,3266.1,1,661.4
102,2012,152,1500,13.33,2963.2,1,648.9
102,2012,152,1600,13.32,2423.5,1,634.2
102,2012,152,1700,13.31,1687.1,1,556.7
102,2012,152,1800,13.31,860.02,1,383
102,2012,152,1900,13.31,128.97,.233,61.09
102,2012,152,2000,13.31,0,0,6.603
102,2012,152,2100,13.32,0,0,6.603
102,2012,152,2200,13.32,0,0,6.603
102,2012,152,2300,13.32,0,0,6.603
101,2012,152,2400,13.31,24100,10.81
102,2012,152,2400,13.33,0,0,6.603
102,2012,153,100,13.33,0,0,6.603
102,2012,153,200,13.33,0,0,6.603
102,2012,153,300,13.33,0,0,6.598
102,2012,153,400,13.34,0,0,6.593
102,2012,153,500,13.34,0,0,6.565
102,2012,153,600,13.34,0,0,6.51
102,2012,153,700,13.34,6.3074,0,6.649
102,2012,153,800,13.35,295.09,.516,155.9
102,2012,153,900,13.35,1012.9,1,446.6
102,2012,153,1000,13.35,1902.8,1,675.7
102,2012,153,1100,13.35,2614,1,745
102,2012,153,1200,13.34,2893,.95,688.3
102,2012,153,1300,13.33,3385.9,1,698.7
102,2012,153,1400,13.32,2949.5,.783,459.6
102,2012,153,1500,13.32,1858.3,.483,245.6
102,2012,153,1600,13.31,2186.4,.816,448.5
102,2012,153,1700,13.31,505.49,.05,31.17
102,2012,153,1800,13.32,182.14,0,30.48
102,2012,153,1900,13.33,75.582,0,10.27
102,2012,153,2000,13.33,0,0,6.604
102,2012,153,2100,13.33,.54338,0,6.565
102,2012,153,2200,13.33,0,0,6.455
102,2012,153,2300,13.34,0,0,6.406
101,2012,153,2400,13.31,19868,7.6
102,2012,153,2400,13.34,0,0,6.334
102,2012,154,100,13.34,0,0,6.312
102,2012,154,200,13.35,0,0,6.296
102,2012,154,300,13.35,0,0,6.357
102,2012,154,400,13.35,0,0,6.324
102,2012,154,500,13.36,0,0,6.335
102,2012,154,600,13.36,0,0,6.346
102,2012,154,700,13.36,8.018,0,6.627
102,2012,154,800,13.36,315.4,.566,171.5
102,2012,154,900,13.36,1038.3,1,475.6
102,2012,154,1000,13.36,1709.4,1,561.4
102,2012,154,1100,13.35,2465.8,1,637.3
102,2012,154,1200,13.35,3008.6,1,643
102,2012,154,1300,13.33,3261.3,1,662.7
102,2012,154,1400,13.33,2815.2,.716,430
102,2012,154,1500,13.33,859.29,0,13.98
102,2012,154,1600,13.33,919.16,.017,24.91
102,2012,154,1700,13.33,805.73,.017,40.24
102,2012,154,1800,13.33,879.13,.9,281.8
102,2012,154,1900,13.33,106.64,0,22.96
102,2012,154,2000,13.33,0,0,6.603
102,2012,154,2100,13.33,0,0,6.603
102,2012,154,2200,13.34,0,0,6.576
102,2012,154,2300,13.34,0,0,6.549
101,2012,154,2400,13.33,18192,7.21
102,2012,154,2400,13.34,0,0,6.565
102,2012,155,100,13.34,0,0,6.571
102,2012,155,200,13.34,0,0,6.549
102,2012,155,300,13.35,0,0,6.528
102,2012,155,400,13.35,0,0,6.517
102,2012,155,500,13.36,0,0,6.511
102,2012,155,600,13.36,0,0,6.473
102,2012,155,700,13.36,4.1118,0,6.429
102,2012,155,800,13.37,212.61,.267,72.2
102,2012,155,900,13.37,1033.6,1,460.6
102,2012,155,1000,13.36,1812.8,1,579
102,2012,155,1100,13.35,2596.1,1,699.6
102,2012,155,1200,13.34,3132.8,1,686.8
102,2012,155,1300,12.77,2581.3,.6,289.7
102,2012,155,1400,12.73,1653.5,.25,146
102,2012,155,1500,12.75,196.2,0,6.763
102,2012,155,1600,13.35,142.19,0,6.604
102,2012,155,1700,13.35,307.87,0,8.77
102,2012,155,1800,13.35,253.92,0,6.715
102,2012,155,1900,13.35,85.652,0,6.588
102,2012,155,2000,13.35,0,0,6.572
102,2012,155,2100,13.35,0,0,6.55
102,2012,155,2200,13.35,0,0,6.5
102,2012,155,2300,13.36,0,0,6.489
101,2012,155,2400,12.73,14013,5.115
102,2012,155,2400,13.36,0,0,6.462
102,2012,156,100,13.36,0,0,6.539
102,2012,156,200,13.36,0,0,6.55
102,2012,156,300,13.36,0,0,6.528
102,2012,156,400,13.37,0,0,6.495
102,2012,156,500,13.37,0,0,6.522
102,2012,156,600,13.37,0,0,6.434
102,2012,156,700,13.38,3.9208,0,6.451
102,2012,156,800,13.38,249.97,.133,46.59
102,2012,156,900,13.38,998.89,1,399.8
102,2012,156,1000,13.37,1782.8,1,612.5
102,2012,156,1100,13.36,2510.1,1,697.2
102,2012,156,1200,13.35,2894.7,1,627.1
102,2012,156,1300,12.71,3004,.95,570.4
102,2012,156,1400,12.71,3549.8,.983,570.7
102,2012,156,1500,13.34,1951.7,.383,197.2
102,2012,156,1600,13.34,414.13,.017,14.12
102,2012,156,1700,13.35,211.93,0,8.01
102,2012,156,1800,13.35,86.352,0,6.604
102,2012,156,1900,13.35,30.825,0,6.571
102,2012,156,2000,13.36,.06608,0,6.55
102,2012,156,2100,13.35,.26433,0,6.544
102,2012,156,2200,13.36,0,0,6.511
102,2012,156,2300,13.36,0,0,6.412
101,2012,156,2400,12.71,17689,6.464
102,2012,156,2400,13.36,0,0,6.451
102,2012,157,100,13.36,0,0,6.451
102,2012,157,200,13.36,0,0,6.418
102,2012,157,300,13.36,0,0,6.434
102,2012,157,400,13.36,0,0,6.456
102,2012,157,500,13.36,0,0,6.429
102,2012,157,600,13.37,0,0,6.418
102,2012,157,700,13.37,4.6918,0,6.456
102,2012,157,800,13.38,259.3,.233,82.9
102,2012,157,900,13.37,980.59,.6,317.6
102,2012,157,1000,13.36,1869.9,1,640.4
102,2012,157,1100,13.36,1805.1,.666,275.2
102,2012,157,1200,13.35,2806.9,.8,516.7
102,2012,157,1300,13.35,3099,.966,619.2
102,2012,157,1400,13.34,2387.3,.5,269.6
102,2012,157,1500,13.33,2550.5,.85,357.8
102,2012,157,1600,13.33,698.79,0,21.92
102,2012,157,1700,13.33,417.86,0,13.13
102,2012,157,1800,13.34,606.9,.35,101.7
102,2012,157,1900,13.34,275.98,.233,63.16
102,2012,157,2000,13.34,0,0,6.604
102,2012,157,2100,13.34,0,0,6.598
102,2012,157,2200,13.34,0,0,6.593
102,2012,157,2300,13.35,0,0,6.582
101,2012,157,2400,13.33,17763,6.198
102,2012,157,2400,13.35,0,0,6.549
102,2012,158,100,13.35,0,0,6.539
102,2012,158,200,13.35,0,0,6.522
102,2012,158,300,13.35,0,0,6.572
102,2012,158,400,13.35,0,0,6.528
102,2012,158,500,13.36,0,0,6.583
102,2012,158,600,13.36,0,0,6.577
102,2012,158,700,13.36,3.7741,0,6.561
102,2012,158,800,13.36,183.4,.133,34.83
102,2012,158,900,13.36,919.18,.95,332.7
102,2012,158,1000,12.78,1520,1,422.4
102,2012,158,1100,13.35,2333.9,1,608.9
102,2012,158,1200,13.34,2639.1,.916,536.3
102,2012,158,1300,13.34,2083.8,.433,219.6
102,2012,158,1400,12.71,1331.9,.083,53.33
102,2012,158,1500,12.7,600.29,.017,38.51
102,2012,158,1600,12.7,219.53,0,8.49
102,2012,158,1700,12.7,520.81,.083,66.65
102,2012,158,1800,12.7,850.47,.783,235.7
102,2012,158,1900,13.35,168.27,0,44.94
102,2012,158,2000,13.35,0,0,6.605
102,2012,158,2100,12.91,0,0,6.572
102,2012,158,2200,12.74,0,0,6.588
102,2012,158,2300,13.36,0,0,6.511
101,2012,158,2400,12.7,13374,5.398
102,2012,158,2400,13.36,0,0,6.506
102,2012,159,100,13.36,0,0,6.533
102,2012,159,200,13.36,.02937,0,6.423
102,2012,159,300,13.36,0,0,6.335
102,2012,159,400,13.36,0,0,6.313
102,2012,159,500,13.37,0,0,6.352
102,2012,159,600,13.37,0,0,6.352
102,2012,159,700,13.38,1.9311,0,6.335
102,2012,159,800,13.38,108.94,0,6.352
102,2012,159,900,13.37,508.59,0,14.97
102,2012,159,1000,13.37,1672.7,.7,386.6
102,2012,159,1100,12.71,1971,.7,360.4
102,2012,159,1200,12.69,2618,.716,475
102,2012,159,1300,12.69,3032.2,.85,510.2
102,2012,159,1400,12.7,2724.4,.633,371.2
102,2012,159,1500,12.7,2192.1,.566,323.4
102,2012,159,1600,12.7,2299.4,.9,505.7
102,2012,159,1700,12.7,1736.7,.933,493.3
102,2012,159,1800,12.7,578.35,.317,145.2
102,2012,159,1900,12.7,130.88,0,22.65
102,2012,159,2000,13.34,0,0,6.582
102,2012,159,2100,13.34,0,0,6.544
102,2012,159,2200,13.34,0,0,6.516
102,2012,159,2300,13.34,0,0,6.522
101,2012,159,2400,12.69,19575,6.314
102,2012,159,2400,13.35,0,0,6.594
102,2012,160,100,13.35,0,0,6.594
102,2012,160,200,13.36,0,0,6.55
102,2012,160,300,13.36,0,0,6.55
102,2012,160,400,13.36,0,0,6.467
102,2012,160,500,13.36,0,0,6.418
102,2012,160,600,13.36,0,0,6.368
102,2012,160,700,13.37,7.4967,0,6.412
102,2012,160,800,13.37,228.16,0,44.76
102,2012,160,900,13.37,916.69,.983,382.5
102,2012,160,1000,13.36,1828.1,1,649.1
102,2012,160,1100,13.36,2513.9,1,719
102,2012,160,1200,13.35,3001,1,705
102,2012,160,1300,13.33,3517.9,1,666.9
102,2012,160,1400,13.33,3384.8,1,608.8
102,2012,160,1500,13.33,2991.9,1,626.6
102,2012,160,1600,13.33,2355.1,.983,572.4
102,2012,160,1700,13.32,1169,.866,276.5
102,2012,160,1800,13.32,556.89,.267,91.7
102,2012,160,1900,13.33,135.13,0,7.15
102,2012,160,2000,13.33,0,0,6.603
102,2012,160,2100,13.34,0,0,6.604
102,2012,160,2200,13.34,0,0,6.604
102,2012,160,2300,13.34,0,0,6.604
101,2012,160,2400,13.32,22606,9.1
102,2012,160,2400,13.34,0,0,6.598
102,2012,161,100,13.34,0,0,6.604
102,2012,161,200,13.35,0,0,6.604
102,2012,161,300,13.34,0,0,6.604
102,2012,161,400,13.34,0,0,6.604
102,2012,161,500,13.35,0,0,6.599
102,2012,161,600,13.34,0,0,6.605
102,2012,161,700,13.35,5.4115,0,6.605
102,2012,161,800,13.35,271.31,.433,138.9
102,2012,161,900,13.36,542.96,.183,84.4
102,2012,161,1000,12.73,1811.7,.966,585
102,2012,161,1100,12.7,2510.6,1,702
102,2012,161,1200,12.7,2955.6,1,670
102,2012,161,1300,12.7,2921.3,.833,482.7
102,2012,161,1400,12.7,1632.5,.05,37.26
102,2012,161,1500,12.7,1200.5,.05,24.63
102,2012,161,1600,12.7,1299.7,.183,97
102,2012,161,1700,12.7,1047.8,.4,151.9
102,2012,161,1800,12.7,230.02,.067,24.4
102,2012,161,1900,12.7,29.071,0,6.603
102,2012,161,2000,12.7,0,0,6.603
102,2012,161,2100,13.28,.02203,0,6.565
102,2012,161,2200,12.74,0,0,6.582
102,2012,161,2300,13.33,0,0,6.521
101,2012,161,2400,12.7,16458,5.165
102,2012,161,2400,12.81,0,0,6.483
102,2012,162,100,13.34,0,0,6.428
102,2012,162,200,13.34,0,0,6.445
102,2012,162,300,13.35,0,0,6.5
102,2012,162,400,13.35,.39651,0,6.544
102,2012,162,500,13.35,1.5493,0,6.489
102,2012,162,600,12.73,0,0,6.511
102,2012,162,700,12.71,6.1751,0,6.605
102,2012,162,800,12.71,107.91,0,7.05
102,2012,162,900,12.7,784.9,.367,118.2
102,2012,162,1000,12.7,894.51,0,33.47
102,2012,162,1100,12.76,1319.8,0,30.88
102,2012,162,1200,13.36,2604.5,.75,316.9
102,2012,162,1300,13.35,3158.2,.95,393.7
102,2012,162,1400,13.34,2672.1,.616,241.8
102,2012,162,1500,13.34,2704.9,1,420.7
102,2012,162,1600,13.33,1886.8,.633,268.1
102,2012,162,1700,13.33,838.17,.217,95
102,2012,162,1800,13.33,348.9,.083,35.94
102,2012,162,1900,13.34,146.53,0,8.5
102,2012,162,2000,13.34,0,0,6.604
102,2012,162,2100,13.35,0,0,6.604
102,2012,162,2200,13.35,0,0,6.604
102,2012,162,2300,13.35,0,0,6.605
101,2012,162,2400,12.7,17476,4.615
102,2012,162,2400,13.35,.20559,0,6.594
102,2012,163,100,12.73,.54335,0,6.555
102,2012,163,200,12.71,0,0,6.605
102,2012,163,300,12.7,0,0,6.605
102,2012,163,400,12.7,0,0,6.605
102,2012,163,500,12.69,0,0,6.605
102,2012,163,600,12.69,0,0,6.605
102,2012,163,700,12.69,.58738,0,6.605
102,2012,163,800,12.69,139.94,0,8.09
102,2012,163,900,12.69,614.75,0,30.5
102,2012,163,1000,13.36,879.04,0,14.46
102,2012,163,1100,13.36,1601.7,.367,118.4
102,2012,163,1200,13.36,2512.7,.75,368.4
102,2012,163,1300,13.35,3050.9,1,507.8
102,2012,163,1400,13.35,2826.5,1,437.1
102,2012,163,1500,13.34,2857.7,1,572.4
102,2012,163,1600,13.34,2614.4,1,549
102,2012,163,1700,13.34,565.72,.067,39.2
102,2012,163,1800,13.34,857.58,.583,218.5
102,2012,163,1900,13.34,150.21,0,40.73
102,2012,163,2000,13.34,0,0,6.604
102,2012,163,2100,13.35,0,0,6.604
102,2012,163,2200,13.34,0,0,6.604
102,2012,163,2300,13.35,0,0,6.604
101,2012,163,2400,12.69,18672,5.764
102,2012,163,2400,13.35,0,0,6.604
102,2012,164,100,13.35,0,0,6.605
102,2012,164,200,13.35,0,0,6.605
102,2012,164,300,13.36,0,0,6.594
102,2012,164,400,13.36,0,0,6.594
102,2012,164,500,13.36,0,0,6.594
102,2012,164,600,13.36,0,0,6.561
102,2012,164,700,13.37,5.4408,0,6.589
102,2012,164,800,13.37,270.71,.5,129.3
102,2012,164,900,13.37,969.34,1,446.8
102,2012,164,1000,13.37,1764.1,1,615.4
102,2012,164,1100,13.36,2465,1,694.4
102,2012,164,1200,13.35,2998.4,1,695.6
102,2012,164,1300,13.34,2949.2,.9,540.9
102,2012,164,1400,13.33,2790.8,.816,434.8
102,2012,164,1500,13.33,2342.3,.75,409.9
102,2012,164,1600,13.33,2225.2,.9,487.8
102,2012,164,1700,13.33,1296.1,.566,240.9
102,2012,164,1800,13.33,727.65,.75,242.1
102,2012,164,1900,13.33,170.32,.167,63.68
102,2012,164,2000,13.33,.01469,0,6.603
102,2012,164,2100,13.33,0,0,6.603
102,2012,164,2200,13.33,0,0,6.603
102,2012,164,2300,13.33,0,0,6.604
101,2012,164,2400,13.33,20975,9.35
102,2012,164,2400,13.34,0,0,6.604
102,2012,165,100,13.34,0,0,6.604
102,2012,165,200,13.34,0,0,6.604
102,2012,165,300,13.34,0,0,6.605
102,2012,165,400,13.35,0,0,6.594
102,2012,165,500,13.35,0,0,6.588
102,2012,165,600,13.36,0,0,6.6
102,2012,165,700,13.36,3.3702,0,6.6
102,2012,165,800,13.05,270.37,.5,133.4
102,2012,165,900,12.71,978.88,1,462.8
102,2012,165,1000,13.36,1787.8,1,625
102,2012,165,1100,13.34,2492.1,1,695.5
102,2012,165,1200,13.34,2934.3,1,679
102,2012,165,1300,13.33,3175.9,1,627.6
102,2012,165,1400,13.33,3006.3,.9,495.3
102,2012,165,1500,13.32,2720.4,.916,491.7
102,2012,165,1600,13.31,1958,.65,332.1
102,2012,165,1700,13.31,948.15,.233,119.5
102,2012,165,1800,13.32,401.81,.017,25.37
102,2012,165,1900,13.32,142.69,.033,28.82
102,2012,165,2000,13.33,.46996,0,6.603
102,2012,165,2100,13.33,.05874,0,6.603
102,2012,165,2200,13.33,0,0,6.603
102,2012,165,2300,13.33,0,0,6.604
101,2012,165,2400,12.71,20821,8.25
102,2012,165,2400,13.34,0,0,6.598
102,2012,166,100,13.34,0,0,6.593
102,2012,166,200,13.35,0,0,6.599
102,2012,166,300,13.35,0,0,6.588
102,2012,166,400,13.35,0,0,6.588
102,2012,166,500,13.35,0,0,6.594
102,2012,166,600,13.35,0,0,6.583
102,2012,166,700,13.36,2.9591,0,6.6
102,2012,166,800,13.36,198.37,.133,60.01
102,2012,166,900,13.36,797.57,.55,192.5
102,2012,166,1000,13.36,1650.9,.8,476.5
102,2012,166,1100,13.34,2420.7,1,661.9
102,2012,166,1200,13.33,2917.9,1,665.7
102,2012,166,1300,12.73,3283.2,.983,593.8
102,2012,166,1400,12.71,3081.4,.816,413
102,2012,166,1500,12.7,2304.9,.683,309.7
102,2012,166,1600,12.7,1125.2,.317,125
102,2012,166,1700,12.7,822.38,.167,86.6
102,2012,166,1800,13.33,457.95,0,26.58
102,2012,166,1900,13.33,142.69,0,21.77
102,2012,166,2000,13.33,0,0,6.603
102,2012,166,2100,13.33,0,0,6.603
102,2012,166,2200,13.33,0,0,6.592
102,2012,166,2300,13.33,0,0,6.576
101,2012,166,2400,12.7,19206,6.447
102,2012,166,2400,13.33,0,0,6.603
102,2012,167,100,13.33,0,0,6.604
102,2012,167,200,13.34,0,0,6.604
102,2012,167,300,13.34,0,0,6.598
102,2012,167,400,13.34,0,0,6.604
102,2012,167,500,13.35,0,0,6.604
102,2012,167,600,13.35,0,0,6.604
102,2012,167,700,13.35,2.849,0,6.605
102,2012,167,800,13.35,232.75,0,34.42
102,2012,167,900,13.35,725.35,.317,132.3
102,2012,167,1000,12.75,1269.8,.633,170.2
102,2012,167,1100,12.7,2273.5,.95,419.2
102,2012,167,1200,12.69,1607.3,.333,169
102,2012,167,1300,12.7,1402.6,.15,75.9
102,2012,167,1400,13.34,912.52,.033,29.17
102,2012,167,1500,13.34,1168,.117,66.57
102,2012,167,1600,13.34,1442.1,.383,158.2
102,2012,167,1700,13.34,564.77,.1,45.04
102,2012,167,1800,13.34,278.44,0,7.54
102,2012,167,1900,13.35,87.725,0,6.604
102,2012,167,2000,13.35,0,0,6.599
102,2012,167,2100,13.35,0,0,6.605
102,2012,167,2200,13.35,0,0,6.605
102,2012,167,2300,13.35,0,0,6.589
101,2012,167,2400,12.69,11968,3.015
102,2012,167,2400,13.36,0,0,6.566
102,2012,168,100,13.36,0,0,6.517
102,2012,168,200,13.36,0,0,6.5
102,2012,168,300,13.36,0,0,6.522
102,2012,168,400,13.36,0,0,6.506
102,2012,168,500,13.37,0,0,6.5
102,2012,168,600,13.37,0,0,6.473
102,2012,168,700,13.37,1.9604,0,6.423
102,2012,168,800,13.38,247.59,.483,122.9
102,2012,168,900,13.38,957.02,1,454.7
102,2012,168,1000,13.37,1730,1,597.8
102,2012,168,1100,13.36,2331.8,1,618.4
102,2012,168,1200,13.35,2784.7,1,607.2
102,2012,168,1300,13.35,3181.6,1,599.8
102,2012,168,1400,12.72,1823.5,.367,194.1
102,2012,168,1500,13.35,530.22,0,11.04
102,2012,168,1600,13.35,1135.1,.15,78.4
102,2012,168,1700,13.34,1229.2,.217,78.4
102,2012,168,1800,13.34,856.89,.716,169.9
102,2012,168,1900,13.34,194.02,0,52.86
102,2012,168,2000,13.34,0,0,6.604
102,2012,168,2100,13.35,0,0,6.604
102,2012,168,2200,13.35,0,0,6.604
102,2012,168,2300,13.35,0,0,6.604
101,2012,168,2400,12.72,17004,6.931
102,2012,168,2400,13.35,0,0,6.605
102,2012,169,100,13.35,0,0,6.6
102,2012,169,200,13.36,0,0,6.6
102,2012,169,300,13.36,0,0,6.594
102,2012,169,400,13.36,0,0,6.589
102,2012,169,500,13.36,0,0,6.544
102,2012,169,600,13.37,0,0,6.511
102,2012,169,700,13.37,5.0222,0,6.522
102,2012,169,800,13.38,272.8,.017,36.05
102,2012,169,900,13.37,820.71,.516,218
102,2012,169,1000,13.36,1667.7,1,550.1
102,2012,169,1100,13.36,2390.4,1,642.4
102,2012,169,1200,13.35,2798.3,.983,609
102,2012,169,1300,13.35,2648.9,.733,403.7
102,2012,169,1400,13.34,2667.3,.683,325
102,2012,169,1500,13.34,1466.7,.217,93.6
102,2012,169,1600,13.34,780.97,.2,86.1
102,2012,169,1700,13.35,134.35,0,6.604
102,2012,169,1800,13.35,109.08,0,6.604
102,2012,169,1900,13.35,38.476,0,6.594
102,2012,169,2000,13.35,.12483,0,6.605
102,2012,169,2100,13.36,0,0,6.566
102,2012,169,2200,13.36,0,0,6.566
102,2012,169,2300,13.36,0,0,6.506
101,2012,169,2400,13.34,15801,5.348
102,2012,169,2400,13.37,0,0,6.511
102,2012,170,100,13.37,0,0,6.462
102,2012,170,200,13.38,0,0,6.484
102,2012,170,300,13.38,0,0,6.511
102,2012,170,400,13.38,0,0,6.489
102,2012,170,500,13.38,0,0,6.451
102,2012,170,600,13.38,0,0,6.484
102,2012,170,700,13.39,.80765,0,6.495
102,2012,170,800,13.39,132.68,0,6.528
102,2012,170,900,13.4,506.08,0,26.68
102,2012,170,1000,13.38,1471.9,.9,320.2
102,2012,170,1100,13.38,2197.1,1,479.9
102,2012,170,1200,13.36,2062.8,.75,314.6
102,2012,170,1300,13.36,1754.8,.6,225.8
102,2012,170,1400,13.36,1889.6,.367,190.9
102,2012,170,1500,13.35,2878.7,1,563.3
102,2012,170,1600,13.34,2276,.983,485.6
102,2012,170,1700,13.34,754.71,.25,84.8
102,2012,170,1800,13.35,352.2,0,15.84
102,2012,170,1900,13.35,93.304,0,6.605
102,2012,170,2000,13.35,0,0,6.588
102,2012,170,2100,13.35,0,0,6.55
102,2012,170,2200,13.36,.23496,0,6.522
102,2012,170,2300,13.36,.44056,0,6.467
101,2012,170,2400,13.34,16372,5.848
102,2012,170,2400,13.36,.85908,0,6.566
102,2012,171,100,13.36,.89579,0,6.528
102,2012,171,200,13.37,.05874,0,6.495
102,2012,171,300,13.37,0,0,6.484
102,2012,171,400,13.38,0,0,6.528
102,2012,171,500,13.38,0,0,6.495
102,2012,171,600,13.38,0,0,6.506
102,2012,171,700,13.38,4.354,0,6.478
102,2012,171,800,13.39,290.4,.35,105.3
102,2012,171,900,13.39,752.88,.566,234.3
102,2012,171,1000,13.38,1292.2,.5,206.2
102,2012,171,1100,13.38,1504.2,.616,159.1
102,2012,171,1200,13.37,1224.8,.117,60.49
102,2012,171,1300,13.36,2926.7,.95,513.3
102,2012,171,1400,13.36,1952.3,.25,102.4
102,2012,171,1500,13.35,903.57,0,16.16
102,2012,171,1600,13.36,358.09,0,7.42
102,2012,171,1700,13.36,307.79,0,6.605
102,2012,171,1800,13.37,268.34,0,6.721
102,2012,171,1900,13.37,21.447,0,6.605
102,2012,171,2000,13.37,0,0,6.605
102,2012,171,2100,13.37,0,0,6.605
102,2012,171,2200,13.38,0,0,6.6
102,2012,171,2300,13.38,0,0,6.544
101,2012,171,2400,13.35,11808,3.349
102,2012,171,2400,13.38,0,0,6.522
102,2012,172,100,13.38,0,0,6.5
102,2012,172,200,13.38,0,0,6.5
102,2012,172,300,13.38,0,0,6.522
102,2012,172,400,13.38,0,0,6.473
102,2012,172,500,13.39,0,0,6.462
102,2012,172,600,13.38,0,0,6.495
102,2012,172,700,13.39,1.9751,0,6.495
102,2012,172,800,13.39,98.291,0,6.511
102,2012,172,900,13.39,949.08,.616,289.1
102,2012,172,1000,13.38,1879.4,1,519.9
102,2012,172,1100,13.38,1783.4,.6,202
102,2012,172,1200,13.37,2548.6,1,420.1
102,2012,172,1300,13.36,3345.5,1,632.3
102,2012,172,1400,13.35,1910.8,.633,173.2
102,2012,172,1500,13.35,1282.8,.167,54.37
102,2012,172,1600,13.35,921.25,.017,16.38
102,2012,172,1700,13.35,752.51,.067,53.58
102,2012,172,1800,13.36,300.96,0,13.03
102,2012,172,1900,13.37,53.652,0,6.704
102,2012,172,2000,13.37,.11014,0,6.561
102,2012,172,2100,13.37,.00734,0,6.511
102,2012,172,2200,13.37,.47726,0,6.506
102,2012,172,2300,13.37,.39649,0,6.572
101,2012,172,2400,13.35,15829,5.098
102,2012,172,2400,13.37,.19825,0,6.572
102,2012,173,100,13.38,0,0,6.489
102,2012,173,200,13.38,0,0,6.511
102,2012,173,300,13.38,0,0,6.517
102,2012,173,400,13.38,0,0,6.462
102,2012,173,500,13.38,0,0,6.517
102,2012,173,600,13.39,0,0,6.473
102,2012,173,700,13.39,2.1733,0,6.418
102,2012,173,800,13.4,108.12,0,6.522
102,2012,173,900,13.4,421.92,0,11.86
102,2012,173,1000,13.4,780.52,.033,26.6
102,2012,173,1100,13.39,1144.6,.033,30.58
102,2012,173,1200,13.38,1935.2,.317,128.9
102,2012,173,1300,13.38,2837,.816,359.8
102,2012,173,1400,13.36,3231.2,1,573.2
102,2012,173,1500,13.36,2557.4,.8,331
102,2012,173,1600,13.36,468.51,0,13.18
102,2012,173,1700,13.36,644.99,.017,17.93
102,2012,173,1800,13.36,384.09,0,17.71
102,2012,173,1900,13.36,65.209,0,6.693
102,2012,173,2000,13.36,0,0,6.605
102,2012,173,2100,13.36,0,0,6.605
102,2012,173,2200,13.37,0,0,6.589
102,2012,173,2300,13.38,0,0,6.533
101,2012,173,2400,13.36,14581,3.015
102,2012,173,2400,13.38,0,0,6.533
102,2012,174,100,13.39,0,0,6.495
102,2012,174,200,13.4,0,0,6.407
102,2012,174,300,13.41,0,0,6.467
102,2012,174,400,13.42,0,0,6.478
102,2012,174,500,13.42,0,0,6.445
102,2012,174,600,13.43,0,0,6.423
102,2012,174,700,13.42,1.5641,0,6.484
102,2012,174,800,13.42,145.24,0,6.517
102,2012,174,900,13.42,387.96,0,6.616
102,2012,174,1000,13.4,1293.8,.516,179.1
102,2012,174,1100,13.4,1434.4,.283,112.7
102,2012,174,1200,13.38,1784.5,.417,199
102,2012,174,1300,13.37,3267.1,1,671.9
102,2012,174,1400,13.36,2327.4,.55,333.7
102,2012,174,1500,13.36,688.37,0,8.09
102,2012,174,1600,13.38,493.38,0,6.605
102,2012,174,1700,12.71,682.58,0,31.64
102,2012,174,1800,12.69,454.53,.033,57.93
102,2012,174,1900,12.69,87.785,0,7.33
102,2012,174,2000,13.38,2.3495,0,6.484
102,2012,174,2100,13.38,0,0,6.434
102,2012,174,2200,13.38,0,0,6.368
102,2012,174,2300,13.38,0,0,6.363
101,2012,174,2400,12.69,13051,2.799
102,2012,174,2400,13.39,0,0,6.324
102,2012,175,100,13.39,0,0,6.33
102,2012,175,200,13.4,0,0,6.324
102,2012,175,300,13.4,0,0,6.352
102,2012,175,400,13.4,0,0,6.308
102,2012,175,500,13.4,0,0,6.346
102,2012,175,600,13.4,0,0,6.335
102,2012,175,700,13.4,4.171,0,6.335
102,2012,175,800,13.41,106.4,0,7.34
102,2012,175,900,13.42,333.04,0,7.3
102,2012,175,1000,13.41,850.49,0,15.44
102,2012,175,1100,13.4,2058.6,.566,263.1
102,2012,175,1200,13.39,2778.4,1,390.8
102,2012,175,1300,13.38,2982.7,.766,290.9
102,2012,175,1400,13.37,3550.3,.966,646.3
102,2012,175,1500,13.36,2974,.966,536.9
102,2012,175,1600,13.35,2794.7,.95,474.2
102,2012,175,1700,13.35,1434.2,.533,236.6
102,2012,175,1800,13.36,413.87,0,58
102,2012,175,1900,13.36,123.44,0,18.55
102,2012,175,2000,13.36,0,0,6.528
102,2012,175,2100,13.37,0,0,6.434
102,2012,175,2200,13.37,0,0,6.456
102,2012,175,2300,13.38,0,0,6.368
101,2012,175,2400,13.35,20404,5.748
102,2012,175,2400,13.38,0,0,6.368
102,2012,176,100,13.38,0,0,6.385
102,2012,176,200,13.38,0,0,6.33
102,2012,176,300,13.38,0,0,6.368
102,2012,176,400,13.39,0,0,6.341
102,2012,176,500,13.4,0,0,6.324
102,2012,176,600,13.4,0,0,6.319
102,2012,176,700,13.4,2.7757,0,6.335
102,2012,176,800,13.42,183.12,0,15.35
102,2012,176,900,13.42,452.78,0,6.6
102,2012,176,1000,13.42,617.81,0,6.594
102,2012,176,1100,13.42,1100,0,22.2
102,2012,176,1200,13.4,2410.2,.683,329.6
102,2012,176,1300,13.39,3024.9,.766,383.4
102,2012,176,1400,13.38,1849.8,.033,27.04
102,2012,176,1500,13.38,2503.6,.666,264.8
102,2012,176,1600,13.37,2845.1,.966,445.9
102,2012,176,1700,13.36,1321.1,.433,238.3
102,2012,176,1800,13.37,155.62,0,30.37
102,2012,176,1900,13.38,52,0,8.36
102,2012,176,2000,13.38,.02937,0,6.478
102,2012,176,2100,13.38,0,0,6.407
102,2012,176,2200,13.38,0,0,6.379
102,2012,176,2300,13.38,0,0,6.346
101,2012,176,2400,13.36,16519,3.549
102,2012,176,2400,13.38,0,0,6.39
102,2012,177,100,13.39,0,0,6.357
102,2012,177,200,13.39,0,0,6.379
102,2012,177,300,13.4,0,0,6.418
102,2012,177,400,13.4,0,0,6.423
102,2012,177,500,13.4,0,0,6.374
102,2012,177,600,13.4,0,0,6.418
102,2012,177,700,13.41,2.4967,0,6.429
102,2012,177,800,13.41,158.23,.1,47.47
102,2012,177,900,13.42,1125.1,.95,568.1
102,2012,177,1000,13.41,2004.3,1,749
102,2012,177,1100,13.4,2233.8,1,472.5
102,2012,177,1200,13.39,2548.6,.983,469.3
102,2012,177,1300,13.37,3420.9,1,734
102,2012,177,1400,13.36,3331.4,1,709
102,2012,177,1500,13.35,3093.1,1,698.3
102,2012,177,1600,13.35,2521.7,.966,629.2
102,2012,177,1700,13.34,1774.4,.95,566.8
102,2012,177,1800,13.34,1161.5,.983,413.4
102,2012,177,1900,13.34,320.83,.616,166.4
102,2012,177,2000,13.34,.02937,0,6.604
102,2012,177,2100,13.35,0,0,6.605
102,2012,177,2200,13.35,0,0,6.599
102,2012,177,2300,13.36,0,0,6.605
101,2012,177,2400,13.34,23696,10.55
102,2012,177,2400,13.36,0,0,6.561
102,2012,178,100,13.36,0,0,6.495
102,2012,178,200,13.36,0,0,6.407
102,2012,178,300,13.36,0,0,6.357
102,2012,178,400,13.37,0,0,6.401
102,2012,178,500,13.37,0,0,6.335
102,2012,178,600,13.37,0,0,6.324
102,2012,178,700,13.38,1.909,0,6.401
102,2012,178,800,13.38,120.87,0,6.462
102,2012,178,900,13.38,417.7,0,11.92
102,2012,178,1000,13.38,897.12,0,48.08
102,2012,178,1100,13.37,2398.8,.633,406.7
102,2012,178,1200,13.37,2701.9,1,564.9
102,2012,178,1300,13.36,3267.4,.966,592.5
102,2012,178,1400,13.35,3191.4,.966,569.3
102,2012,178,1500,13.35,2781.2,.8,481.8
102,2012,178,1600,13.35,2090.4,.75,460.7
102,2012,178,1700,13.34,1836.3,.966,558.8
102,2012,178,1800,12.7,1004.2,.866,356.2
102,2012,178,1900,12.7,393.53,.417,104.5
102,2012,178,2000,13.35,1.6228,0,6.56
102,2012,178,2100,13.35,0,0,6.539
102,2012,178,2200,13.36,0,0,6.473
102,2012,178,2300,13.36,0,0,6.473
101,2012,178,2400,12.7,21104,7.36
102,2012,178,2400,13.36,0,0,6.478
102,2012,179,100,13.36,0,0,6.434
102,2012,179,200,13.36,0,0,6.44
102,2012,179,300,13.37,0,0,6.462
102,2012,179,400,13.38,0,0,6.407
102,2012,179,500,13.38,0,0,6.418
102,2012,179,600,13.38,0,0,6.445
102,2012,179,700,13.38,3.003,0,6.445
102,2012,179,800,13.38,296.45,.466,213.6
102,2012,179,900,13.38,1118.4,1,638.3
102,2012,179,1000,13.38,1909.5,1,746
102,2012,179,1100,13.38,2705.7,1,809
102,2012,179,1200,13.36,2697.3,1,654.8
102,2012,179,1300,12.79,3328.3,1,747
102,2012,179,1400,12.72,2927.9,.75,501.7
102,2012,179,1500,13.35,3182.8,.916,491.8
102,2012,179,1600,13.35,1170.4,.217,147.3
102,2012,179,1700,13.35,1443.5,.6,313.9
102,2012,179,1800,13.34,826.45,.616,220.7
102,2012,179,1900,13.35,85.583,0,7.85
102,2012,179,2000,13.35,0,0,6.587
102,2012,179,2100,12.71,2.1221,0,6.604
102,2012,179,2200,13.36,0,0,6.533
102,2012,179,2300,13.36,0,0,6.5
101,2012,179,2400,12.71,21697,8.56
102,2012,179,2400,13.36,0,0,6.484
102,2012,180,100,13.36,0,0,6.511
102,2012,180,200,13.36,0,0,6.517
102,2012,180,300,13.36,0,0,6.407
102,2012,180,400,13.36,0,0,6.385
102,2012,180,500,13.37,0,0,6.44
102,2012,180,600,13.37,0,0,6.451
102,2012,180,700,13.38,.4846,0,6.55
102,2012,180,800,13.38,72.117,0,6.572
102,2012,180,900,13.38,331.17,0,9.06
102,2012,180,1000,13.38,1247.9,.566,145.7
102,2012,180,1100,13.38,1883.8,1,206.4
102,2012,180,1200,12.71,2267.9,1,292.1
102,2012,180,1300,12.92,3528.2,1,557.4
102,2012,180,1400,13.36,3350.3,.95,558
102,2012,180,1500,13.35,1736.2,.633,193
102,2012,180,1600,13.35,2206.2,1,362.7
102,2012,180,1700,13.35,1059.1,.383,123.5
102,2012,180,1800,13.35,305.79,0,25.27
102,2012,180,1900,13.35,116.82,0,26.56
102,2012,180,2000,13.35,.40385,0,6.605
102,2012,180,2100,13.35,0,0,6.605
102,2012,180,2200,13.36,0,0,6.594
102,2012,180,2300,13.36,0,0,6.577
101,2012,180,2400,12.71,18106,6.531
102,2012,180,2400,13.36,0,0,6.544
102,2012,181,100,13.36,0,0,6.495
102,2012,181,200,13.37,0,0,6.533
102,2012,181,300,13.37,0,0,6.489
102,2012,181,400,13.38,0,0,6.489
102,2012,181,500,13.38,0,0,6.533
102,2012,181,600,13.38,0,0,6.522
102,2012,181,700,13.38,1.7401,0,6.555
102,2012,181,800,13.38,190.23,.067,28.46
102,2012,181,900,13.39,585.75,.067,74.5
102,2012,181,1000,13.38,1162.5,.766,235.8
102,2012,181,1100,13.38,2400.8,1,670.6
102,2012,181,1200,13.37,2202.2,.533,415.9
102,2012,181,1300,13.36,1524.2,.15,102.4
102,2012,181,1400,13.36,2663.5,.583,380
102,2012,181,1500,13.36,2598.9,.9,443.6
102,2012,181,1600,13.35,1594.3,.433,228.5
102,2012,181,1700,13.35,738.08,.3,90.9
102,2012,181,1800,13.36,500.08,.017,21.9
102,2012,181,1900,13.35,246.56,.367,82
102,2012,181,2000,13.36,.44791,0,6.605
102,2012,181,2100,13.36,0,0,6.605
102,2012,181,2200,13.36,0,0,6.594
102,2012,181,2300,13.36,0,0,6.572
101,2012,181,2400,13.35,16409,5.181
102,2012,181,2400,13.36,0,0,6.583
102,2012,182,100,13.36,0,0,6.511
102,2012,182,200,13.37,0,0,6.473
102,2012,182,300,13.37,0,0,6.495
102,2012,182,400,13.38,0,0,6.473
102,2012,182,500,13.38,0,0,6.456
102,2012,182,600,13.38,0,0,6.489
102,2012,182,700,12.82,2.4597,0,6.555
102,2012,182,800,13.39,237.59,.45,167.7
102,2012,182,900,13.4,1006.4,1,548.8
102,2012,182,1000,13.4,938.62,.866,228.9
102,2012,182,1100,13.39,1486.9,.4,109.5
102,2012,182,1200,13.38,1770.2,.05,51.74
102,2012,182,1300,13.37,2590.3,.65,284.4
102,2012,182,1400,13.36,3185.6,.966,645.3
102,2012,182,1500,13.36,2498.4,.733,445.9
102,2012,182,1600,13.35,1854,.65,304
102,2012,182,1700,12.69,1250.1,.4,209.9
102,2012,182,1800,12.69,660.25,.1,70.9
102,2012,182,1900,13.33,138.32,0,7.71
102,2012,182,2000,13.36,.02937,0,6.605
102,2012,182,2100,13.36,0,0,6.605
102,2012,182,2200,13.36,0,0,6.605
102,2012,182,2300,13.36,0,0,6.605
101,2012,182,2400,12.69,17619,6.264
102,2012,182,2400,13.36,0,0,6.605
102,2012,183,100,13.36,0,0,6.577
102,2012,183,200,13.37,0,0,6.533
102,2012,183,300,13.37,0,0,6.517
102,2012,183,400,13.37,0,0,6.473
102,2012,183,500,13.38,0,0,6.495
102,2012,183,600,13.38,0,0,6.511
102,2012,183,700,13.38,3.3041,0,6.533
102,2012,183,800,13.38,230.97,.067,42.47
102,2012,183,900,13.39,528.55,0,36.69
102,2012,183,1000,13.39,844.01,.067,65.6
102,2012,183,1100,13.38,2215.2,.716,376.2
102,2012,183,1200,13.37,2915.2,1,646.1
102,2012,183,1300,13.36,3239.1,1,706
102,2012,183,1400,13.36,3288.5,.983,578.6
102,2012,183,1500,13.35,2212.2,.616,298.2
102,2012,183,1600,13.34,2876.9,.95,524.2
102,2012,183,1700,13.34,946.53,.25,135
102,2012,183,1800,13.35,50.623,0,6.576
102,2012,183,1900,13.36,45.885,0,6.572
102,2012,183,2000,13.36,.33042,0,6.577
102,2012,183,2100,13.36,2.5773,0,6.594
102,2012,183,2200,13.36,.24965,0,6.467
102,2012,183,2300,13.36,.83705,0,6.456
101,2012,183,2400,13.34,19401,5.648
102,2012,183,2400,13.36,.33041,0,6.462
102,2012,184,100,13.37,0,0,6.517
102,2012,184,200,13.37,0,0,6.517
102,2012,184,300,13.38,0,0,6.517
102,2012,184,400,13.38,0,0,6.506
102,2012,184,500,13.38,0,0,6.495
102,2012,184,600,13.38,0,0,6.473
102,2012,184,700,13.38,3.6124,0,6.539
102,2012,184,800,13.39,278.37,.433,136.4
102,2012,184,900,13.4,926.67,1,449.6
102,2012,184,1000,13.39,1807.5,1,648.9
102,2012,184,1100,13.38,2446.6,1,725
102,2012,184,1200,13.37,2964.4,1,705
102,2012,184,1300,13.36,3229.5,.933,614.2
102,2012,184,1400,13.35,3338.9,1,664.9
102,2012,184,1500,12.86,2619.9,.85,470.3
102,2012,184,1600,13.35,1707.3,.45,264.8
102,2012,184,1700,13.35,913.71,.3,126.8
102,2012,184,1800,13.36,310.77,0,7.46
102,2012,184,1900,12.85,223.01,0,8.77
102,2012,184,2000,13.37,.02937,0,6.605
102,2012,184,2100,13.37,0,0,6.605
102,2012,184,2200,13.38,0,0,6.589
102,2012,184,2300,13.38,0,0,6.555
101,2012,184,2400,12.85,20770,7.96
102,2012,184,2400,13.38,0,0,6.5
102,2012,185,100,13.38,0,0,6.528
102,2012,185,200,13.39,0,0,6.456
102,2012,185,300,13.4,0,0,6.462
102,2012,185,400,13.4,0,0,6.412
102,2012,185,500,13.4,0,0,6.544
102,2012,185,600,13.4,0,0,6.533
102,2012,185,700,13.41,1.4246,0,6.533
102,2012,185,800,13.41,227.5,.367,128.2
102,2012,185,900,13.41,863.57,.916,432
102,2012,185,1000,13.4,1806.3,1,690.7
102,2012,185,1100,13.39,2491.3,1,752
102,2012,185,1200,12.69,2976.7,1,754
102,2012,185,1300,12.69,3160.3,.983,702
102,2012,185,1400,13.36,3256.9,.95,597.9
102,2012,185,1500,13.35,3032.9,.883,487.4
102,2012,185,1600,13.35,981.03,.25,135.5
102,2012,185,1700,13.36,321.93,0,28.37
102,2012,185,1800,13.36,349.25,0,15.15
102,2012,185,1900,13.37,88.625,0,6.605
102,2012,185,2000,12.86,0,0,6.594
102,2012,185,2100,13.38,0,0,6.577
102,2012,185,2200,13.38,0,0,6.522
102,2012,185,2300,13.38,0,0,6.495
101,2012,185,2400,12.69,19558,7.35
102,2012,185,2400,13.38,0,0,6.522
102,2012,186,100,13.38,0,0,6.489
102,2012,186,200,13.4,0,0,6.495
102,2012,186,300,13.4,0,0,6.473
102,2012,186,400,13.41,0,0,6.467
102,2012,186,500,13.42,0,0,6.445
102,2012,186,600,13.42,0,0,6.407
102,2012,186,700,13.43,1.7771,0,6.39
102,2012,186,800,13.43,246.56,.433,174.6
102,2012,186,900,13.42,1040.6,1,550
102,2012,186,1000,13.41,1832.5,1,700
102,2012,186,1100,13.4,2527.4,1,767
102,2012,186,1200,13.39,3021.6,1,775
102,2012,186,1300,12.98,3293.8,1,747
102,2012,186,1400,12.78,3215.9,.966,630.9
102,2012,186,1500,13.36,2494.8,.733,445.5
102,2012,186,1600,13.35,2238.2,.666,320.9
102,2012,186,1700,13.35,783.81,.017,18.28
102,2012,186,1800,13.35,385.16,0,7.3
102,2012,186,1900,13.35,140.22,0,9.91
102,2012,186,2000,13.35,.02937,0,6.604
102,2012,186,2100,13.35,0,0,6.605
102,2012,186,2200,13.36,0,0,6.605
102,2012,186,2300,13.36,0,0,6.605
101,2012,186,2400,12.78,21222,7.81
102,2012,186,2400,13.36,0,0,6.594
102,2012,187,100,13.37,0,0,6.572
102,2012,187,200,13.37,0,0,6.572
102,2012,187,300,13.37,0,0,6.566
102,2012,187,400,13.38,0,0,6.561
102,2012,187,500,13.38,0,0,6.566
102,2012,187,600,13.38,0,0,6.566
102,2012,187,700,13.39,.6755,0,6.506
102,2012,187,800,13.4,115.49,0,6.605
102,2012,187,900,13.4,461.85,0,43.75
102,2012,187,1000,13.4,1470.5,.983,492.2
102,2012,187,1100,13.38,2232.5,1,619.5
102,2012,187,1200,13.36,2758.5,1,526.8
102,2012,187,1300,13.36,2932.7,.983,519.7
102,2012,187,1400,13.36,1068.7,.067,71
102,2012,187,1500,13.36,172.66,0,10.52
102,2012,187,1600,13.37,364.67,0,16.72
102,2012,187,1700,13.37,202.19,0,7.15
102,2012,187,1800,13.38,153.49,0,6.605
102,2012,187,1900,13.39,51.441,0,6.638
102,2012,187,2000,13.38,.31572,0,6.589
102,2012,187,2100,13.38,0,0,6.577
102,2012,187,2200,13.38,0,0,6.522
102,2012,187,2300,13.39,0,0,6.55
101,2012,187,2400,13.36,11986,4.032
102,2012,187,2400,13.4,0,0,6.55
102,2012,188,100,13.4,0,0,6.55
102,2012,188,200,13.4,0,0,6.489
102,2012,188,300,13.4,0,0,6.451
102,2012,188,400,13.4,0,0,6.396
102,2012,188,500,13.41,0,0,6.429
102,2012,188,600,13.41,0,0,6.434
102,2012,188,700,13.41,.89588,0,6.473
102,2012,188,800,13.41,39.162,0,6.566
102,2012,188,900,13.42,258.78,0,7.01
102,2012,188,1000,13.42,470.39,0,6.616
102,2012,188,1100,13.42,828.01,0,18.92
102,2012,188,1200,13.4,2102.8,.666,281.7
102,2012,188,1300,13.39,3434.2,1,559.5
102,2012,188,1400,13.38,2857.1,.8,474.5
102,2012,188,1500,13.37,1296.9,.267,125.9
102,2012,188,1600,13.37,1870.8,.566,345.8
102,2012,188,1700,13.36,1794.4,.966,545.6
102,2012,188,1800,13.36,993.62,1,433.3
102,2012,188,1900,13.36,223.81,.55,149.5
102,2012,188,2000,13.36,0,0,6.605
102,2012,188,2100,13.36,0,0,6.589
102,2012,188,2200,13.36,0,0,6.55
102,2012,188,2300,13.37,0,0,6.544
101,2012,188,2400,13.36,16171,5.814
102,2012,188,2400,13.38,0,0,6.533
102,2012,189,100,13.38,0,0,6.561
102,2012,189,200,13.38,0,0,6.577
102,2012,189,300,13.38,0,0,6.589
102,2012,189,400,13.38,0,0,6.589
102,2012,189,500,13.39,0,0,6.522
102,2012,189,600,12.7,0,0,6.566
102,2012,189,700,12.68,1.6155,0,6.594
102,2012,189,800,12.67,145.54,.067,41.09
102,2012,189,900,12.67,591.86,.466,156
102,2012,189,1000,12.67,1257.9,.433,291
102,2012,189,1100,12.67,2400.8,1,712
102,2012,189,1200,12.67,2929.4,1,740
102,2012,189,1300,12.67,3249.9,1,723
102,2012,189,1400,12.68,3166.6,1,617.6
102,2012,189,1500,12.68,2642.8,1,408.7
102,2012,189,1600,13.32,2436,.933,561.2
102,2012,189,1700,13.36,1293.8,.766,348.7
102,2012,189,1800,13.35,482.46,.4,96.9
102,2012,189,1900,13.29,78.766,0,9.29
102,2012,189,2000,13.01,.27902,0,6.605
102,2012,189,2100,13.36,0,0,6.605
102,2012,189,2200,12.76,0,0,6.605
102,2012,189,2300,12.71,0,0,6.605
101,2012,189,2400,12.67,20678,8.06
102,2012,189,2400,13.36,0,0,6.605
102,2012,190,100,13.36,0,0,6.605
102,2012,190,200,13.36,0,0,6.605
102,2012,190,300,13.37,0,0,6.605
102,2012,190,400,13.37,0,0,6.605
102,2012,190,500,13.37,0,0,6.605
102,2012,190,600,13.38,0,0,6.605
102,2012,190,700,13.38,1.329,0,6.594
102,2012,190,800,13.38,239.57,.383,122
102,2012,190,900,13.38,981.03,1,531.6
102,2012,190,1000,13.38,1781,1,694
102,2012,190,1100,13.36,2438.7,1,740
102,2012,190,1200,13.36,2941.9,1,748
102,2012,190,1300,13.36,3213.6,1,714
102,2012,190,1400,13.35,3159.8,.983,596.4
102,2012,190,1500,13.35,2268.2,.7,403.3
102,2012,190,1600,13.35,1966.6,.75,472.1
102,2012,190,1700,13.34,1728,.783,397.1
102,2012,190,1800,13.33,1021.6,.916,324
102,2012,190,1900,13.34,237.53,.5,115.4
102,2012,190,2000,13.34,0,0,6.603
102,2012,190,2100,12.72,0,0,6.604
102,2012,190,2200,12.71,0,0,6.604
102,2012,190,2300,13.35,0,0,6.604
101,2012,190,2400,12.71,21979,10.01
102,2012,190,2400,13.35,0,0,6.604
102,2012,191,100,13.35,0,0,6.605
102,2012,191,200,13.35,0,0,6.605
102,2012,191,300,13.35,0,0,6.605
102,2012,191,400,13.36,0,0,6.605
102,2012,191,500,13.36,0,0,6.6
102,2012,191,600,13.36,0,0,6.594
102,2012,191,700,13.36,5.9548,0,6.605
102,2012,191,800,13.36,213.38,.317,86.4
102,2012,191,900,12.86,880.01,1,418.8
102,2012,191,1000,13.37,1673.7,1,605.3
102,2012,191,1100,13.36,2313.6,1,668.8
102,2012,191,1200,13.35,2796.7,1,659.2
102,2012,191,1300,13.34,3195.1,1,658
102,2012,191,1400,13.33,2277.4,.5,249.7
102,2012,191,1500,13.33,1049.5,.217,62.4
102,2012,191,1600,13.35,778.43,0,18.52
102,2012,191,1700,13.35,625.59,0,9.1
102,2012,191,1800,13.35,406.26,0,6.605
102,2012,191,1900,13.35,111.86,0,6.605
102,2012,191,2000,13.35,0,0,6.604
102,2012,191,2100,13.35,0,0,6.605
102,2012,191,2200,13.35,0,0,6.605
102,2012,191,2300,13.35,0,0,6.605
101,2012,191,2400,12.86,16328,6.031
102,2012,191,2400,13.35,0,0,6.605
102,2012,192,100,13.36,0,0,6.6
102,2012,192,200,13.36,0,0,6.605
102,2012,192,300,13.36,0,0,6.605
102,2012,192,400,13.36,0,0,6.605
102,2012,192,500,13.36,0,0,6.605
102,2012,192,600,13.36,0,0,6.605
102,2012,192,700,13.37,1.7769,0,6.6
102,2012,192,800,13.37,206.51,.35,91.3
102,2012,192,900,13.37,870.04,1,408
102,2012,192,1000,13.37,1535.4,1,464.5
102,2012,192,1100,13.37,2149.5,1,495.5
102,2012,192,1200,13.36,2925,1,697.1
102,2012,192,1300,13.34,3094.8,.983,608.4
102,2012,192,1400,13.34,2689.4,.733,318.9
102,2012,192,1500,13.33,2649.7,.733,326.1
102,2012,192,1600,13.33,1108.2,0,25.74
102,2012,192,1700,12.83,733.06,.017,27.01
102,2012,192,1800,12.7,595.34,.033,33.45
102,2012,192,1900,12.7,170.82,0,6.791
102,2012,192,2000,12.7,.1028,0,6.604
102,2012,192,2100,12.73,0,0,6.605
102,2012,192,2200,13.35,0,0,6.605
102,2012,192,2300,13.35,0,0,6.605
101,2012,192,2400,12.7,18730,6.847
102,2012,192,2400,13.35,0,0,6.605
102,2012,193,100,13.35,0,0,6.605
102,2012,193,200,13.35,0,0,6.605
102,2012,193,300,13.36,0,0,6.605
102,2012,193,400,13.36,0,0,6.605
102,2012,193,500,13.36,0,0,6.594
102,2012,193,600,13.36,0,0,6.594
102,2012,193,700,13.37,2.2615,0,6.572
102,2012,193,800,13.38,98.712,0,6.589
102,2012,193,900,13.37,710.27,.466,229.1
102,2012,193,1000,13.37,1631.5,1,581
102,2012,193,1100,12.71,2359.9,1,676.9
102,2012,193,1200,12.69,2873.9,1,679.8
102,2012,193,1300,12.69,2892.8,.883,515.5
102,2012,193,1400,12.84,3184.1,1,550.8
102,2012,193,1500,13.34,2918.8,1,537.5
102,2012,193,1600,13.28,2239.6,.933,481.3
102,2012,193,1700,13.33,1322.4,.633,219.2
102,2012,193,1800,13.33,621.03,.417,119.1
102,2012,193,1900,13.33,192.92,.083,47.06
102,2012,193,2000,13.33,0,0,6.603
102,2012,193,2100,13.33,0,0,6.604
102,2012,193,2200,13.1,0,0,6.604
102,2012,193,2300,13.34,0,0,6.604
101,2012,193,2400,12.69,21048,8.41
102,2012,193,2400,13.34,0,0,6.604
102,2012,194,100,13.34,0,0,6.604
102,2012,194,200,13.35,0,0,6.604
102,2012,194,300,13.34,0,0,6.605
102,2012,194,400,13.35,0,0,6.605
102,2012,194,500,13.35,0,0,6.605
102,2012,194,600,13.35,0,0,6.605
102,2012,194,700,13.35,1.0059,0,6.605
102,2012,194,800,13.36,168.23,.067,43.82
102,2012,194,900,13.35,829.3,.883,333.5
102,2012,194,1000,13.35,1627.8,1,578.3
102,2012,194,1100,13.35,2329.2,1,654.4
102,2012,194,1200,13.35,2829.7,1,655.3
102,2012,194,1300,13.34,3157.5,1,623.9
102,2012,194,1400,13.33,3048.6,.966,501.6
102,2012,194,1500,12.75,1995.3,.417,206.4
102,2012,194,1600,13.32,1572.3,.516,235.6
102,2012,194,1700,13.32,1371.7,.683,320.7
102,2012,194,1800,13.32,788.26,.633,175.4
102,2012,194,1900,13.32,49.39,0,6.603
102,2012,194,2000,13.33,.14686,0,6.604
102,2012,194,2100,12.72,0,0,6.603
102,2012,194,2200,12.71,0,0,6.603
102,2012,194,2300,12.72,0,0,6.604
101,2012,194,2400,12.71,19768,8.16
102,2012,194,2400,13.33,0,0,6.604
102,2012,195,100,13.33,0,0,6.598
102,2012,195,200,13.34,0,0,6.593
102,2012,195,300,13.34,0,0,6.587
102,2012,195,400,13.34,0,0,6.599
102,2012,195,500,13.35,0,0,6.588
102,2012,195,600,13.35,0,0,6.594
102,2012,195,700,13.35,1.7769,0,6.577
102,2012,195,800,13.35,169,.05,27.66
102,2012,195,900,12.73,928.61,.8,308.6
102,2012,195,1000,13.35,1629.8,1,539.7
102,2012,195,1100,13.34,2311.6,1,669.3
102,2012,195,1200,13.34,3059.9,1,648.2
102,2012,195,1300,13.33,2481.4,.533,284.2
102,2012,195,1400,13.33,2612.1,.666,306.3
102,2012,195,1500,13.33,566,.017,38.93
102,2012,195,1600,13.33,1186.5,.333,176.4
102,2012,195,1700,13.33,1949.9,1,512.6
102,2012,195,1800,13.33,639.95,.633,225.8
102,2012,195,1900,13.33,159.71,.183,43.98
102,2012,195,2000,13.33,1.3071,0,6.604
102,2012,195,2100,13.33,0,0,6.604
102,2012,195,2200,13.34,0,0,6.604
102,2012,195,2300,13.34,0,0,6.599
101,2012,195,2400,12.73,17698,7.21
102,2012,195,2400,13.34,0,0,6.605
102,2012,196,100,13.34,0,0,6.594
102,2012,196,200,13.35,0,0,6.561
102,2012,196,300,13.35,0,0,6.572
102,2012,196,400,13.35,0,0,6.583
102,2012,196,500,13.36,0,0,6.594
102,2012,196,600,13.36,0,0,6.577
102,2012,196,700,13.36,1.3804,0,6.6
102,2012,196,800,13.36,166.11,0,13.06
102,2012,196,900,12.69,680.04,.283,137.9
102,2012,196,1000,12.68,1109,.383,200.2
102,2012,196,1100,12.68,1991.2,.833,396.8
102,2012,196,1200,12.68,2803.7,1,652.5
102,2012,196,1300,12.68,3114.3,1,616.1
102,2012,196,1400,12.69,3175.8,1,500.2
102,2012,196,1500,12.69,2982.4,.966,495.5
102,2012,196,1600,12.69,2274.6,.95,510.2
102,2012,196,1700,12.69,1535.4,.95,395.1
102,2012,196,1800,12.69,1063.6,.883,250.9
102,2012,196,1900,12.69,127.86,.133,44.84
102,2012,196,2000,12.69,0,0,6.605
102,2012,196,2100,12.69,0,0,6.605
102,2012,196,2200,12.69,0,0,6.605
102,2012,196,2300,12.69,0,0,6.605
101,2012,196,2400,12.68,21025,8.38
102,2012,196,2400,12.68,0,0,6.605
102,2012,197,100,12.69,0,0,6.594
102,2012,197,200,13.29,0,0,6.528
102,2012,197,300,13.35,0,0,6.539
102,2012,197,400,13.35,0,0,6.517
102,2012,197,500,13.36,0,0,6.555
102,2012,197,600,13.36,0,0,6.544
102,2012,197,700,13.36,2.0632,0,6.566
102,2012,197,800,13.37,229.91,.417,134.9
102,2012,197,900,12.72,931.13,1,503.3
102,2012,197,1000,12.71,1726.1,1,633.7
102,2012,197,1100,12.71,2499.3,1,742
102,2012,197,1200,12.71,2863.7,.95,696.1
102,2012,197,1300,12.71,3379.5,1,714
102,2012,197,1400,12.71,3132.6,.9,553.7
102,2012,197,1500,12.71,2670.1,.766,442.5
102,2012,197,1600,12.7,1829.1,.7,335.8
102,2012,197,1700,12.7,1628.7,.883,478.5
102,2012,197,1800,12.7,1002,.883,340.9
102,2012,197,1900,12.7,263.01,.167,44.26
102,2012,197,2000,12.69,2.8784,0,6.604
102,2012,197,2100,12.69,0,0,6.604
102,2012,197,2200,12.82,0,0,6.604
102,2012,197,2300,13.33,0,0,6.605
101,2012,197,2400,12.69,22160,9.66
102,2012,197,2400,13.34,0,0,6.599
102,2012,198,100,13.34,0,0,6.594
102,2012,198,200,13.34,0,0,6.577
102,2012,198,300,13.34,0,0,6.605
102,2012,198,400,13.34,0,0,6.594
102,2012,198,500,13.35,0,0,6.605
102,2012,198,600,13.35,0,0,6.6
102,2012,198,700,13.36,1.3804,0,6.6
102,2012,198,800,13.36,218.32,.4,126.9
102,2012,198,900,13.36,940.26,1,505.4
102,2012,198,1000,13.36,1772.6,1,676.3
102,2012,198,1100,13.35,2433.8,1,724
102,2012,198,1200,13.34,2440.7,.95,403.1
102,2012,198,1300,13.33,2353.6,.55,185
102,2012,198,1400,13.33,2646.8,.533,238.9
102,2012,198,1500,13.33,1578.2,.317,113.6
102,2012,198,1600,13.32,1893.6,.683,334.9
102,2012,198,1700,13.32,484.79,.05,55.78
102,2012,198,1800,13.33,454.41,.183,48.81
102,2012,198,1900,13.33,254.92,.017,44.17
102,2012,198,2000,12.92,1.3585,0,6.604
102,2012,198,2100,12.76,0,0,6.604
102,2012,198,2200,13.28,0,0,6.604
102,2012,198,2300,13.34,0,0,6.604
101,2012,198,2400,12.76,17475,6.681
102,2012,198,2400,13.34,0,0,6.599
102,2012,199,100,13.34,0,0,6.604
102,2012,199,200,12.71,0,0,6.605
102,2012,199,300,12.72,0,0,6.577
102,2012,199,400,13.35,0,0,6.605
102,2012,199,500,13.36,0,0,6.605
102,2012,199,600,13.36,0,0,6.589
102,2012,199,700,13.36,1.1087,0,6.555
102,2012,199,800,13.36,220.99,.4,117
102,2012,199,900,13.23,887.5,1,459.2
102,2012,199,1000,13.37,1776.2,1,679.2
102,2012,199,1100,13.36,2476.7,1,744
102,2012,199,1200,12.71,3008.4,1,754
102,2012,199,1300,12.71,3291.1,1,715
102,2012,199,1400,13.32,3304.2,1,637.1
102,2012,199,1500,13.31,3065.8,1,630
102,2012,199,1600,13.31,2457.9,.95,565.2
102,2012,199,1700,12.75,1081.3,.55,271.2
102,2012,199,1800,13.33,1154.1,1,396.9
102,2012,199,1900,13.33,294.22,.55,145.1
102,2012,199,2000,13.33,.00734,0,6.603
102,2012,199,2100,13.33,0,0,6.603
102,2012,199,2200,13.33,0,0,6.603
102,2012,199,2300,13.33,0,0,6.603
101,2012,199,2400,12.71,23019,10.45
102,2012,199,2400,13.33,0,0,6.604
102,2012,200,100,13.33,0,0,6.604
102,2012,200,200,13.33,0,0,6.604
102,2012,200,300,13.34,0,0,6.604
102,2012,200,400,13.34,0,0,6.604
102,2012,200,500,13.35,0,0,6.605
102,2012,200,600,13.34,0,0,6.594
102,2012,200,700,13.35,.3084,0,6.605
102,2012,200,800,13.35,110.29,0,6.605
102,2012,200,900,13.35,404.66,0,10.35
102,2012,200,1000,13.35,1177,.433,175
102,2012,200,1100,13.35,1588.2,.433,246
102,2012,200,1200,13.36,969,.017,17.54
102,2012,200,1300,13.35,2464.4,.666,225.1
102,2012,200,1400,13.35,2977.8,.783,367.8
102,2012,200,1500,13.35,2752.6,.833,460
102,2012,200,1600,13.35,355.56,0,13.45
102,2012,200,1700,12.85,232.41,0,7.17
102,2012,200,1800,13.39,494.86,.117,41.55
102,2012,200,1900,12.71,75.248,0,6.605
102,2012,200,2000,12.71,0,0,6.605
102,2012,200,2100,12.7,0,0,6.605
102,2012,200,2200,13.37,0,0,6.605
102,2012,200,2300,13.37,0,0,6.566
101,2012,200,2400,12.7,13602,3.282
102,2012,200,2400,13.37,0,0,6.55
102,2012,201,100,13.37,0,0,6.544
102,2012,201,200,13.37,0,0,6.561
102,2012,201,300,13.37,0,0,6.511
102,2012,201,400,13.37,0,0,6.589
102,2012,201,500,13.37,0,0,6.566
102,2012,201,600,13.38,0,0,6.555
102,2012,201,700,13.38,.33775,0,6.583
102,2012,201,800,13.38,65.736,0,6.6
102,2012,201,900,13.39,195.84,0,6.605
102,2012,201,1000,13.39,891.41,.367,117.2
102,2012,201,1100,13.38,2440.8,1,639.2
102,2012,201,1200,13.37,2953.1,1,691.3
102,2012,201,1300,13.36,3129,1,649.4
102,2012,201,1400,13.35,3132.6,1,587.2
102,2012,201,1500,12.77,2962.6,1,529.4
102,2012,201,1600,13.35,1647.6,.466,253.6
102,2012,201,1700,13.34,1015.1,.333,150.5
102,2012,201,1800,13.34,600.16,.167,68.79
102,2012,201,1900,12.83,81.522,0,6.604
102,2012,201,2000,13.34,1.3805,0,6.604
102,2012,201,2100,13.34,0,0,6.598
102,2012,201,2200,13.35,.22763,0,6.588
102,2012,201,2300,13.35,1.9018,0,6.56
101,2012,201,2400,12.77,19119,6.331
102,2012,201,2400,13.35,0,0,6.566
102,2012,202,100,13.35,0,0,6.566
102,2012,202,200,13.36,0,0,6.577
102,2012,202,300,13.36,0,0,6.572
102,2012,202,400,13.36,0,0,6.561
102,2012,202,500,13.36,0,0,6.6
102,2012,202,600,13.37,0,0,6.594
102,2012,202,700,13.38,1.0133,0,6.594
102,2012,202,800,13.38,215.75,.4,120.4
102,2012,202,900,13.39,848.31,1,467.1
102,2012,202,1000,13.38,1685.2,1,626.3
102,2012,202,1100,13.37,2316.5,.983,655.3
102,2012,202,1200,13.36,2782.6,.866,613.4
102,2012,202,1300,13.35,3271.3,.95,646.2
102,2012,202,1400,13.34,3396.6,1,622
102,2012,202,1500,13.34,1599.7,.283,160.9
102,2012,202,1600,13.34,336.39,0,16.7
102,2012,202,1700,13.35,689.56,.183,76.3
102,2012,202,1800,13.34,656.08,.25,84.8
102,2012,202,1900,13.35,74.692,0,7.79
102,2012,202,2000,13.35,0,0,6.604
102,2012,202,2100,13.35,0,0,6.604
102,2012,202,2200,13.35,0,0,6.605
102,2012,202,2300,13.35,0,0,6.594
101,2012,202,2400,13.34,17874,6.914
102,2012,202,2400,13.35,0,0,6.55
102,2012,203,100,13.36,0,0,6.511
102,2012,203,200,13.36,0,0,6.506
102,2012,203,300,13.36,0,0,6.434
102,2012,203,400,13.37,0,0,6.495
102,2012,203,500,13.38,0,0,6.434
102,2012,203,600,13.38,0,0,6.473
102,2012,203,700,13.38,1.1014,0,6.489
102,2012,203,800,13.38,212.45,.383,97.6
102,2012,203,900,13.39,768.57,.8,354.4
102,2012,203,1000,13.39,1725.6,1,631
102,2012,203,1100,13.37,2404.5,1,711
102,2012,203,1200,13.36,2572.8,1,613.8
102,2012,203,1300,13.35,3000.5,1,554.3
102,2012,203,1400,13.35,3232,1,585.9
102,2012,203,1500,13.34,2965.4,.966,563.1
102,2012,203,1600,13.34,799.12,.167,105.5
102,2012,203,1700,13.35,340.57,0,6.681
102,2012,203,1800,13.34,617.63,.15,74
102,2012,203,1900,13.34,335.11,.583,176.5
102,2012,203,2000,13.35,1.1528,0,6.604
102,2012,203,2100,13.35,0,0,6.604
102,2012,203,2200,13.35,0,0,6.604
102,2012,203,2300,13.34,0,0,6.588
101,2012,203,2400,13.34,18976,8.05
102,2012,203,2400,13.35,0,0,6.55
102,2012,204,100,13.35,0,0,6.555
102,2012,204,200,13.36,0,0,6.489
102,2012,204,300,13.36,0,0,6.462
102,2012,204,400,13.36,0,0,6.462
102,2012,204,500,13.36,0,0,6.412
102,2012,204,600,13.37,0,0,6.533
102,2012,204,700,13.38,1.4979,0,6.506
102,2012,204,800,13.38,229.33,.417,139
102,2012,204,900,13.38,867.84,1,494.2
102,2012,204,1000,13.38,1744.4,1,653.8
102,2012,204,1100,13.36,2444,1,714
102,2012,204,1200,13.36,2777,1,639.6
102,2012,204,1300,13.35,3314.8,1,667.3
102,2012,204,1400,13.34,3289.6,1,556.5
102,2012,204,1500,13.33,2638.7,.866,465.8
102,2012,204,1600,13.33,1018.3,.533,126.9
102,2012,204,1700,13.33,1190.5,.566,205.8
102,2012,204,1800,13.33,459.32,0,9.3
102,2012,204,1900,13.33,153.07,0,7.31
102,2012,204,2000,13.33,.41855,0,6.604
102,2012,204,2100,13.33,0,0,6.604
102,2012,204,2200,13.34,0,0,6.604
102,2012,204,2300,13.34,0,0,6.604
101,2012,204,2400,13.33,20129,8.38
102,2012,204,2400,13.35,0,0,6.604
102,2012,205,100,13.35,0,0,6.605
102,2012,205,200,13.35,0,0,6.605
102,2012,205,300,13.35,0,0,6.605
102,2012,205,400,13.36,0,0,6.605
102,2012,205,500,13.36,0,0,6.605
102,2012,205,600,13.36,0,0,6.605
102,2012,205,700,13.36,1.4098,0,6.605
102,2012,205,800,13.37,111.56,0,7.07
102,2012,205,900,13.38,219.53,0,6.798
102,2012,205,1000,13.38,675.42,0,28.42
102,2012,205,1100,13.38,1419.1,.267,143.7
102,2012,205,1200,13.37,433.62,0,16.6
102,2012,205,1300,13.38,1193.2,0,45.84
102,2012,205,1400,13.38,632.11,0,20.72
102,2012,205,1500,13.38,314.64,0,12.84
102,2012,205,1600,13.38,649.41,0,16.83
102,2012,205,1700,13.37,505.85,0,19.07
102,2012,205,1800,13.37,200.57,0,7.36
102,2012,205,1900,13.37,83.301,0,6.605
102,2012,205,2000,13.37,.08811,0,6.6
102,2012,205,2100,13.37,0,0,6.589
102,2012,205,2200,13.37,0,0,6.561
102,2012,205,2300,13.38,0,0,6.572
101,2012,205,2400,13.35,6439.8,.267
102,2012,205,2400,13.38,0,0,6.561
102,2012,206,100,13.38,0,0,6.544
102,2012,206,200,13.38,0,0,6.5
102,2012,206,300,13.38,0,0,6.517
102,2012,206,400,13.38,0,0,6.517
102,2012,206,500,13.38,0,0,6.555
102,2012,206,600,13.38,0,0,6.55
102,2012,206,700,13.39,.49193,0,6.572
102,2012,206,800,13.4,100.36,0,6.605
102,2012,206,900,13.4,686.55,.4,188.9
102,2012,206,1000,13.4,1755.1,1,663.7
102,2012,206,1100,13.39,2495,1,714
102,2012,206,1200,13.38,1732,.383,134.4
102,2012,206,1300,13.37,2131.9,.217,94
102,2012,206,1400,13.36,2375.1,.417,115.6
102,2012,206,1500,13.36,1660.7,.117,51.6
102,2012,206,1600,13.36,991.21,0,6.764
102,2012,206,1700,13.35,1530.5,.566,212.5
102,2012,206,1800,13.35,1304.1,1,410.6
102,2012,206,1900,13.35,105.09,.1,38.41
102,2012,206,2000,13.35,0,0,6.604
102,2012,206,2100,13.35,0,0,6.605
102,2012,206,2200,13.35,0,0,6.605
102,2012,206,2300,13.35,0,0,6.605
101,2012,206,2400,13.35,16868,5.198
102,2012,206,2400,13.35,0,0,6.605
102,2012,207,100,12.72,0,0,6.605
102,2012,207,200,12.69,0,0,6.605
102,2012,207,300,13.36,0,0,6.605
102,2012,207,400,13.36,0,0,6.605
102,2012,207,500,13.36,0,0,6.6
102,2012,207,600,13.37,0,0,6.605
102,2012,207,700,13.37,.62411,0,6.605
102,2012,207,800,13.38,61.398,0,6.93
102,2012,207,900,13.38,382.43,0,14.47
102,2012,207,1000,13.38,598.31,0,22.07
102,2012,207,1100,13.39,601.26,0,6.627
102,2012,207,1200,13.4,580.39,0,9.78
102,2012,207,1300,13.4,1261.2,.033,30.36
102,2012,207,1400,13.39,2938.2,.633,322.7
102,2012,207,1500,13.38,1877.6,.317,127.7
102,2012,207,1600,13.38,2038.8,1,398.5
102,2012,207,1700,13.38,1632.7,1,445.5
102,2012,207,1800,13.37,995.7,.933,339.9
102,2012,207,1900,13.37,279.2,.4,98.6
102,2012,207,2000,12.73,.08811,0,6.605
102,2012,207,2100,12.72,0,0,6.605
102,2012,207,2200,13.37,0,0,6.605
102,2012,207,2300,13.37,0,0,6.605
101,2012,207,2400,12.69,13248,4.315
102,2012,207,2400,13.38,0,0,6.605
102,2012,208,100,13.38,0,0,6.605
102,2012,208,200,13.38,0,0,6.605
102,2012,208,300,13.38,0,0,6.589
102,2012,208,400,13.38,0,0,6.583
102,2012,208,500,13.38,0,0,6.6
102,2012,208,600,13.38,0,0,6.605
102,2012,208,700,13.39,1.3804,0,6.577
102,2012,208,800,13.4,235.19,.233,70.6
102,2012,208,900,13.4,773.17,.816,298.5
102,2012,208,1000,13.39,1408.8,1,466.6
102,2012,208,1100,13.38,2208.4,1,621.8
102,2012,208,1200,13.38,2798.1,1,649.2
102,2012,208,1300,13.37,2079.1,.616,341.5
102,2012,208,1400,13.36,2536.1,.65,350.6
102,2012,208,1500,13.36,2632.1,.833,464.8
102,2012,208,1600,13.35,2350.4,.816,417.9
102,2012,208,1700,13.35,1542.1,.683,250.7
102,2012,208,1800,13.35,416.86,0,12.02
102,2012,208,1900,13.35,55.879,0,6.604
102,2012,208,2000,13.35,0,0,6.605
102,2012,208,2100,13.35,0,0,6.605
102,2012,208,2200,13.35,0,0,6.605
102,2012,208,2300,13.35,0,0,6.605
101,2012,208,2400,13.35,19037,7.65
102,2012,208,2400,13.35,0,0,6.605
102,2012,209,100,13.35,0,0,6.605
102,2012,209,200,13.35,0,0,6.605
102,2012,209,300,13.35,0,0,6.605
102,2012,209,400,13.36,0,0,6.605
102,2012,209,500,13.36,0,0,6.605
102,2012,209,600,13.36,0,0,6.605
102,2012,209,700,13.36,1.2409,0,6.605
102,2012,209,800,13.37,110.42,0,12.16
102,2012,209,900,13.38,428.66,.15,60.97
102,2012,209,1000,13.38,1634.9,1,548.4
102,2012,209,1100,13.37,1980.2,.783,469.2
102,2012,209,1200,13.36,2633.8,.85,567.1
102,2012,209,1300,13.35,2447.3,.533,379.2
102,2012,209,1400,13.34,3366.8,.9,553.1
102,2012,209,1500,13.33,2349.9,.7,263.8
102,2012,209,1600,13.33,1201.7,.117,62.12
102,2012,209,1700,13.33,241.27,0,18.7
102,2012,209,1800,12.71,34.57,0,6.594
102,2012,209,1900,12.69,10.236,0,6.605
102,2012,209,2000,13.34,1.0353,0,6.555
102,2012,209,2100,13.36,0,0,6.539
102,2012,209,2200,13.36,0,0,6.495
102,2012,209,2300,13.36,0,0,6.473
101,2012,209,2400,12.69,16443,5.031
102,2012,209,2400,13.36,.74895,0,6.55
102,2012,210,100,13.36,.25699,0,6.561
102,2012,210,200,13.36,0,0,6.517
102,2012,210,300,13.36,0,0,6.55
102,2012,210,400,13.36,0,0,6.577
102,2012,210,500,13.37,0,0,6.561
102,2012,210,600,13.37,0,0,6.528
102,2012,210,700,13.37,.9325,0,6.572
102,2012,210,800,13.38,64.415,0,6.577
102,2012,210,900,13.38,414.8,.017,31.8
102,2012,210,1000,13.39,1019.6,.3,150.1
102,2012,210,1100,13.38,1991.6,.633,335.3
102,2012,210,1200,13.38,1536.3,.25,98
102,2012,210,1300,13.36,2316.5,.666,205.7
102,2012,210,1400,13.35,2664.3,.7,358.4
102,2012,210,1500,13.34,2503.2,.633,337.2
102,2012,210,1600,13.35,2066.3,.666,342.9
102,2012,210,1700,13.35,1664,.85,279.4
102,2012,210,1800,12.7,409.23,.133,58.23
102,2012,210,1900,12.7,36.324,0,6.605
102,2012,210,2000,13.36,0,0,6.566
102,2012,210,2100,13.36,0,0,6.605
102,2012,210,2200,13.36,0,0,6.605
102,2012,210,2300,13.36,0,0,6.539
101,2012,210,2400,12.7,16688,4.848
102,2012,210,2400,13.36,0,0,6.495
102,2012,211,100,13.36,0,0,6.511
102,2012,211,200,13.36,0,0,6.495
102,2012,211,300,13.36,0,0,6.539
102,2012,211,400,13.36,0,0,6.511
102,2012,211,500,13.36,0,0,6.462
102,2012,211,600,13.37,0,0,6.489
102,2012,211,700,13.37,.1909,0,6.572
102,2012,211,800,13.38,78.168,0,6.577
102,2012,211,900,13.38,261.65,0,6.594
102,2012,211,1000,13.38,784.29,0,16.67
102,2012,211,1100,13.37,1849,.833,270
102,2012,211,1200,13.37,2644.8,1,540
102,2012,211,1300,13.36,2681.6,1,390.8
102,2012,211,1400,13.35,2877.7,.766,410.4
102,2012,211,1500,13.35,2793.8,.9,551.1
102,2012,211,1600,13.35,2305.9,.95,516.3
102,2012,211,1700,13.34,1498.3,.85,363.6
102,2012,211,1800,13.34,446.56,.167,52.84
102,2012,211,1900,13.34,73.29,0,6.604
102,2012,211,2000,13.35,0,0,6.604
102,2012,211,2100,13.35,0,0,6.604
102,2012,211,2200,13.35,0,0,6.604
102,2012,211,2300,13.35,0,0,6.605
101,2012,211,2400,13.34,18295,6.464
102,2012,211,2400,13.35,0,0,6.605
102,2012,212,100,13.35,0,0,6.605
102,2012,212,200,13.36,0,0,6.6
102,2012,212,300,13.36,0,0,6.605
102,2012,212,400,13.36,0,0,6.605
102,2012,212,500,13.36,0,0,6.583
102,2012,212,600,13.36,0,0,6.572
102,2012,212,700,13.36,.25699,0,6.589
102,2012,212,800,13.36,170.09,0,29.26
102,2012,212,900,13.37,708.81,1,280.8
102,2012,212,1000,13.37,1118.2,1,297.7
102,2012,212,1100,13.36,2199.5,1,566.1
102,2012,212,1200,13.36,1724.9,.566,267
102,2012,212,1300,13.35,2441.1,.65,365.6
102,2012,212,1400,13.35,3159.6,.966,468
102,2012,212,1500,13.34,1440,.35,165.2
102,2012,212,1600,12.7,482.47,0,18.62
102,2012,212,1700,12.68,550.68,0,7.53
102,2012,212,1800,12.68,443.52,0,6.605
102,2012,212,1900,12.68,160.54,0,6.605
102,2012,212,2000,13.36,1.0426,0,6.605
102,2012,212,2100,13.36,0,0,6.605
102,2012,212,2200,13.35,0,0,6.605
102,2012,212,2300,13.36,0,0,6.605
101,2012,212,2400,12.68,14601,5.531
102,2012,212,2400,13.36,0,0,6.605
102,2012,213,100,13.36,0,0,6.605
102,2012,213,200,13.36,0,0,6.605
102,2012,213,300,13.37,0,0,6.605
102,2012,213,400,13.37,0,0,6.605
102,2012,213,500,13.37,0,0,6.589
102,2012,213,600,13.37,0,0,6.589
102,2012,213,700,13.37,.48461,0,6.605
102,2012,213,800,13.37,31.771,0,6.666
102,2012,213,900,13.38,305.23,.133,51.28
102,2012,213,1000,13.38,880.94,.017,40.02
102,2012,213,1100,13.38,1501.4,.283,131
102,2012,213,1200,13.36,2045.3,.466,154.8
102,2012,213,1300,12.89,2333.4,.317,144.9
102,2012,213,1400,13.35,2604.8,.733,336
102,2012,213,1500,12.79,1738.7,.566,193.8
102,2012,213,1600,13.34,643.28,0,57.6
102,2012,213,1700,13.36,308.42,0,7.27
102,2012,213,1800,13.36,83.008,0,6.627
102,2012,213,1900,12.72,13.657,0,6.605
102,2012,213,2000,12.69,0,0,6.605
102,2012,213,2100,13.36,0,0,6.6
102,2012,213,2200,13.36,0,0,6.6
102,2012,213,2300,13.36,0,0,6.6
101,2012,213,2400,12.69,12490,2.516
102,2012,213,2400,13.36,0,0,6.6
102,2012,214,100,13.36,0,0,6.583
102,2012,214,200,13.36,0,0,6.594
102,2012,214,300,13.37,0,0,6.589
102,2012,214,400,13.37,0,0,6.605
102,2012,214,500,13.37,0,0,6.577
102,2012,214,600,13.38,0,0,6.605
102,2012,214,700,13.38,3.5244,0,6.605
102,2012,214,800,13.38,171.3,0,11.7
102,2012,214,900,13.38,533.95,.067,42.18
102,2012,214,1000,13.38,1576.7,1,547
102,2012,214,1100,13.38,2530.3,1,733
102,2012,214,1200,13.37,3050.1,1,754
102,2012,214,1300,13.36,2927,.916,617.3
102,2012,214,1400,13.35,3481.1,1,596.8
102,2012,214,1500,13.35,1782.1,.433,234.2
102,2012,214,1600,13.35,99.518,0,8.08
102,2012,214,1700,13.36,186.52,0,6.605
102,2012,214,1800,13.36,105.37,0,6.715
102,2012,214,1900,13.36,74.226,0,6.627
102,2012,214,2000,13.36,.20559,0,6.566
102,2012,214,2100,13.36,0,0,6.555
102,2012,214,2200,13.36,0,0,6.533
102,2012,214,2300,13.36,0,0,6.566
101,2012,214,2400,13.35,16522,5.415
102,2012,214,2400,13.37,0,0,6.55
102,2012,215,100,13.37,0,0,6.555
102,2012,215,200,13.37,0,0,6.55
102,2012,215,300,13.38,0,0,6.533
102,2012,215,400,13.38,0,0,6.511
102,2012,215,500,13.38,0,0,6.528
102,2012,215,600,13.38,0,0,6.511
102,2012,215,700,13.38,2.0485,0,6.528
102,2012,215,800,13.38,128.81,0,6.589
102,2012,215,900,13.39,555.13,.3,90.4
102,2012,215,1000,13.38,1999.2,1,669
102,2012,215,1100,13.38,2492,1,738
102,2012,215,1200,13.37,3307.4,1,781
102,2012,215,1300,13.36,3408.5,1,721
102,2012,215,1400,13.36,1134.2,.083,62.53
102,2012,215,1500,13.36,912.39,0,6.682
102,2012,215,1600,13.35,1337.4,.117,58.71
102,2012,215,1700,13.35,967.05,.133,67.08
102,2012,215,1800,13.35,657.3,.083,32.38
102,2012,215,1900,13.36,102.15,0,6.605
102,2012,215,2000,13.36,.02937,0,6.605
102,2012,215,2100,13.36,0,0,6.6
102,2012,215,2200,13.36,0,0,6.566
102,2012,215,2300,13.36,0,0,6.484
101,2012,215,2400,13.35,17004,4.715
102,2012,215,2400,13.36,0,0,6.484
102,2012,216,100,13.37,0,0,6.506
102,2012,216,200,13.37,0,0,6.533
102,2012,216,300,13.37,0,0,6.555
102,2012,216,400,13.37,0,0,6.533
102,2012,216,500,13.37,0,0,6.517
102,2012,216,600,13.38,0,0,6.533
102,2012,216,700,13.38,.06608,0,6.561
102,2012,216,800,13.38,83.417,0,12.11
102,2012,216,900,13.38,327.76,0,8.65
102,2012,216,1000,13.38,742.19,0,9.23
102,2012,216,1100,13.38,1238.7,0,21.82
102,2012,216,1200,13.38,2065.7,.483,147.9
102,2012,216,1300,13.37,2586.9,.533,250.7
102,2012,216,1400,13.36,2895.6,.816,438.2
102,2012,216,1500,13.36,3170.1,1,672.7
102,2012,216,1600,13.36,2600,1,651.3
102,2012,216,1700,13.35,1820.4,.95,522.4
102,2012,216,1800,13.35,948.43,.95,313.5
102,2012,216,1900,13.35,200.32,.4,89
102,2012,216,2000,13.35,0,0,6.605
102,2012,216,2100,13.35,0,0,6.605
102,2012,216,2200,13.35,0,0,6.605
102,2012,216,2300,13.35,0,0,6.605
101,2012,216,2400,13.35,18680,6.131
102,2012,216,2400,13.35,0,0,6.605
102,2012,217,100,13.36,0,0,6.605
102,2012,217,200,13.36,0,0,6.605
102,2012,217,300,13.36,0,0,6.6
102,2012,217,400,13.36,0,0,6.605
102,2012,217,500,13.36,0,0,6.589
102,2012,217,600,13.37,0,0,6.605
102,2012,217,700,13.37,.7416,0,6.6
102,2012,217,800,13.37,218.32,.383,116
102,2012,217,900,13.37,638.88,.85,347
102,2012,217,1000,13.37,929.05,.133,87.2
102,2012,217,1100,13.36,2273.3,.983,595.7
102,2012,217,1200,13.36,2327.6,.766,443.9
102,2012,217,1300,13.36,2511,.616,407.9
102,2012,217,1400,13.36,806.89,0,24.01
102,2012,217,1500,13.36,127.01,0,10.98
102,2012,217,1600,13.36,227.74,0,18.57
102,2012,217,1700,13.36,404.46,0,12.16
102,2012,217,1800,13.36,542.46,0,39.59
102,2012,217,1900,13.36,199.21,0,26.21
102,2012,217,2000,13.36,1.1308,0,6.605
102,2012,217,2100,13.36,0,0,6.594
102,2012,217,2200,13.36,0,0,6.605
102,2012,217,2300,13.37,0,0,6.6
101,2012,217,2400,13.36,11208,3.732
102,2012,217,2400,13.37,0,0,6.572
102,2012,218,100,13.37,0,0,6.6
102,2012,218,200,13.38,0,0,6.6
102,2012,218,300,13.38,0,0,6.577
102,2012,218,400,13.38,0,0,6.566
102,2012,218,500,13.38,.73423,0,6.589
102,2012,218,600,13.38,0,0,6.55
102,2012,218,700,13.38,.51396,0,6.533
102,2012,218,800,13.39,107.53,0,8.07
102,2012,218,900,13.39,436.72,.083,40.93
102,2012,218,1000,13.38,836.83,.183,61.18
102,2012,218,1100,13.38,2197.2,1,356.6
102,2012,218,1200,13.38,1924.1,.5,166.9
102,2012,218,1300,13.38,2627,.733,310.1
102,2012,218,1400,13.36,3645.8,.983,545
102,2012,218,1500,13.36,1503.7,.35,169
102,2012,218,1600,13.36,489.51,0,9.69
102,2012,218,1700,13.36,922.85,.35,112.6
102,2012,218,1800,13.36,878.48,.683,269
102,2012,218,1900,13.36,114.07,0,18.55
102,2012,218,2000,13.36,.2056,0,6.605
102,2012,218,2100,13.36,0,0,6.605
102,2012,218,2200,13.36,0,0,6.594
102,2012,218,2300,13.36,0,0,6.594
101,2012,218,2400,13.36,15685,4.865
102,2012,218,2400,13.36,0,0,6.583
102,2012,219,100,13.37,0,0,6.555
102,2012,219,200,12.69,0,0,6.589
102,2012,219,300,12.67,0,0,6.605
102,2012,219,400,12.67,0,0,6.605
102,2012,219,500,12.67,0,0,6.605
102,2012,219,600,12.67,0,0,6.605
102,2012,219,700,12.67,.71965,0,6.605
102,2012,219,800,12.67,231.14,.183,81.6
102,2012,219,900,12.67,587.23,.783,305.2
102,2012,219,1000,12.67,912.38,.133,57.32
102,2012,219,1100,12.67,1354.3,.217,124.8
102,2012,219,1200,13.32,2870,1,651.9
102,2012,219,1300,13.37,2976.5,.916,389.6
102,2012,219,1400,13.36,3159,1,449.6
102,2012,219,1500,13.36,2375.6,.583,256.5
102,2012,219,1600,13.35,2378.8,.75,343.6
102,2012,219,1700,13.35,2105.8,1,613.3
102,2012,219,1800,13.35,1292,.95,437.4
102,2012,219,1900,13.35,146.75,0,20.19
102,2012,219,2000,13.35,.2056,0,6.604
102,2012,219,2100,13.34,0,0,6.604
102,2012,219,2200,13.35,0,0,6.604
102,2012,219,2300,13.35,0,0,6.604
101,2012,219,2400,12.67,20390,7.51
102,2012,219,2400,13.35,0,0,6.605
102,2012,220,100,13.35,0,0,6.605
102,2012,220,200,13.35,0,0,6.605
102,2012,220,300,13.35,0,0,6.605
102,2012,220,400,13.35,0,0,6.605
102,2012,220,500,13.35,0,0,6.605
102,2012,220,600,13.36,0,0,6.605
102,2012,220,700,13.36,.7049,0,6.605
102,2012,220,800,13.36,114.43,0,7.32
102,2012,220,900,13.37,562.09,.1,55.28
102,2012,220,1000,13.37,845.5,.05,32.38
102,2012,220,1100,13.38,1258,.25,90.3
102,2012,220,1200,13.39,1929.4,.45,130.2
102,2012,220,1300,13.38,1852.2,0,11.9
102,2012,220,1400,13.38,1944.6,.083,52.14
102,2012,220,1500,13.36,3151.2,1,484.4
102,2012,220,1600,13.36,2407.8,.966,407.1
102,2012,220,1700,13.35,1721.5,.6,299.5
102,2012,220,1800,13.36,803.48,.367,128
102,2012,220,1900,13.36,162.12,.117,49.74
102,2012,220,2000,13.36,0,0,6.605
102,2012,220,2100,13.36,0,0,6.605
102,2012,220,2200,13.36,0,0,6.605
102,2012,220,2300,13.36,0,0,6.605
101,2012,220,2400,13.35,16753,3.982
102,2012,220,2400,13.36,0,0,6.605
102,2012,221,100,13.36,0,0,6.605
102,2012,221,200,13.37,0,0,6.605
102,2012,221,300,13.37,0,0,6.605
102,2012,221,400,13.38,0,0,6.605
102,2012,221,500,13.38,0,0,6.605
102,2012,221,600,13.38,0,0,6.605
102,2012,221,700,13.38,.85905,0,6.605
102,2012,221,800,13.38,256.19,.217,85.6
102,2012,221,900,13.38,463.43,.983,518.3
102,2012,221,1000,13.39,1796.3,1,693.2
102,2012,221,1100,13.38,2299.3,.966,611.3
102,2012,221,1200,13.36,2377.7,.833,373.5
102,2012,221,1300,13.35,3313.8,.9,609.8
102,2012,221,1400,13.34,1543.3,.3,99.5
102,2012,221,1500,13.35,1399.6,.2,77.2
102,2012,221,1600,13.35,1647.8,.417,144.4
102,2012,221,1700,13.36,840.79,.217,58.54
102,2012,221,1800,13.36,313.45,0,6.66
102,2012,221,1900,13.36,63.984,0,6.605
102,2012,221,2000,13.35,0,0,6.605
102,2012,221,2100,13.35,0,0,6.605
102,2012,221,2200,13.35,0,0,6.605
102,2012,221,2300,13.36,0,0,6.605
101,2012,221,2400,13.34,16316,6.031
102,2012,221,2400,13.36,0,0,6.605
102,2012,222,100,13.36,0,0,6.605
102,2012,222,200,13.36,0,0,6.605
102,2012,222,300,13.36,0,0,6.605
102,2012,222,400,13.36,0,0,6.605
102,2012,222,500,13.37,0,0,6.605
102,2012,222,600,13.37,0,0,6.605
102,2012,222,700,13.38,.536,0,6.605
102,2012,222,800,13.38,149.81,.017,29.31
102,2012,222,900,13.38,500.72,.6,246.2
102,2012,222,1000,13.39,1587.7,1,614.4
102,2012,222,1100,13.38,2505.9,1,710
102,2012,222,1200,13.37,2906.4,1,624
102,2012,222,1300,13.36,3229.9,1,498.7
102,2012,222,1400,12.7,3326.5,.833,378.1
102,2012,222,1500,12.69,2166.6,.516,214
102,2012,222,1600,13.34,2026,.933,252.4
102,2012,222,1700,13.34,1184.1,.5,147.9
102,2012,222,1800,13.35,235.99,0,10.25
102,2012,222,1900,13.35,20.89,0,6.605
102,2012,222,2000,13.35,0,0,6.605
102,2012,222,2100,13.35,0,0,6.605
102,2012,222,2200,13.35,0,0,6.605
102,2012,222,2300,13.35,0,0,6.605
101,2012,222,2400,12.69,19841,7.4
102,2012,222,2400,13.35,0,0,6.605
102,2012,223,100,13.36,0,0,6.605
102,2012,223,200,13.36,0,0,6.605
102,2012,223,300,13.36,0,0,6.605
102,2012,223,400,13.36,0,0,6.605
102,2012,223,500,13.36,0,0,6.605
102,2012,223,600,13.37,0,0,6.605
102,2012,223,700,13.37,1.9825,0,6.605
102,2012,223,800,13.38,168.55,.117,38.89
102,2012,223,900,13.38,726.24,.933,345.6
102,2012,223,1000,13.38,1013.4,.716,151.9
102,2012,223,1100,13.37,2106.9,1,544.6
102,2012,223,1200,13.36,2925.1,1,609.2
102,2012,223,1300,13.36,3524.3,1,772
102,2012,223,1400,13.3,2985.2,.866,525.9
102,2012,223,1500,13.33,2868.3,.866,551.6
102,2012,223,1600,13.33,1776.1,.533,347.9
102,2012,223,1700,13.32,1985.2,1,659.8
102,2012,223,1800,13.32,1046.9,.933,458.1
102,2012,223,1900,13.33,234.75,.4,138
102,2012,223,2000,13.33,.14686,0,6.604
102,2012,223,2100,13.33,0,0,6.604
102,2012,223,2200,13.34,0,0,6.604
102,2012,223,2300,13.34,0,0,6.604
101,2012,223,2400,13.3,21363,9.36
102,2012,223,2400,13.34,0,0,6.605
102,2012,224,100,13.34,0,0,6.605
102,2012,224,200,13.34,0,0,6.605
102,2012,224,300,13.34,0,0,6.605
102,2012,224,400,13.34,0,0,6.605
102,2012,224,500,13.34,0,0,6.605
102,2012,224,600,13.35,0,0,6.605
102,2012,224,700,13.35,1.2262,0,6.605
102,2012,224,800,13.35,125.36,0,9.99
102,2012,224,900,13.11,541.82,0,60.83
102,2012,224,1000,13.36,1923.7,.983,635.8
102,2012,224,1100,13.36,2345.6,1,458.7
102,2012,224,1200,13.36,2288.7,.5,274.5
102,2012,224,1300,13.34,3183.6,.816,530.9
102,2012,224,1400,13.33,3250.4,.9,484.7
102,2012,224,1500,13.33,2227.1,.433,176.5
102,2012,224,1600,13.32,1625.2,.483,190.2
102,2012,224,1700,13.32,1656.1,.85,540.6
102,2012,224,1800,13.31,851.06,.4,237.3
102,2012,224,1900,13.33,143.94,.133,47.06
102,2012,224,2000,13.33,.84445,0,6.604
102,2012,224,2100,13.34,0,0,6.604
102,2012,224,2200,13.34,0,0,6.605
102,2012,224,2300,13.34,0,0,6.605
101,2012,224,2400,13.11,20165,6.497
102,2012,224,2400,13.34,0,0,6.605
102,2012,225,100,13.34,0,0,6.605
102,2012,225,200,13.35,0,0,6.605
102,2012,225,300,13.34,0,0,6.605
102,2012,225,400,13.34,0,0,6.605
102,2012,225,500,13.34,0,0,6.605
102,2012,225,600,13.35,0,0,6.605
102,2012,225,700,13.35,1.3951,0,6.605
102,2012,225,800,13.35,230.13,.433,117.2
102,2012,225,900,13.36,468.64,1,514.8
102,2012,225,1000,13.36,1517.2,1,586.2
102,2012,225,1100,13.35,2821.7,1,789
102,2012,225,1200,12.74,3310.8,1,821
102,2012,225,1300,12.69,3412.8,1,746
102,2012,225,1400,13.33,3416.4,.95,688.1
102,2012,225,1500,13.33,3193.6,.833,561.1
102,2012,225,1600,13.32,1792.6,.75,259.8
102,2012,225,1700,12.72,905.55,.766,140.3
102,2012,225,1800,13.34,609.27,.183,92.2
102,2012,225,1900,12.71,187.98,.15,53.77
102,2012,225,2000,13.34,.06609,0,6.605
102,2012,225,2100,13.34,0,0,6.604
102,2012,225,2200,13.34,0,0,6.604
102,2012,225,2300,13.34,0,0,6.604
101,2012,225,2400,12.69,21868,9.06
102,2012,225,2400,13.34,0,0,6.604
102,2012,226,100,13.34,0,0,6.604
102,2012,226,200,13.34,0,0,6.604
102,2012,226,300,13.34,0,0,6.605
102,2012,226,400,13.35,0,0,6.605
102,2012,226,500,13.35,0,0,6.605
102,2012,226,600,13.35,0,0,6.605
102,2012,226,700,13.35,1.1675,0,6.605
102,2012,226,800,13.36,215.04,.183,74.5
102,2012,226,900,13.36,418.45,.966,416
102,2012,226,1000,13.38,1671.2,1,778
102,2012,226,1100,13.36,2698.2,.983,796
102,2012,226,1200,13.35,3143.5,.966,729
102,2012,226,1300,12.71,2804.6,.7,511.3
102,2012,226,1400,12.69,3390.6,.866,604.3
102,2012,226,1500,12.73,3135.4,.916,649
102,2012,226,1600,12.71,2546.9,.866,619.9
102,2012,226,1700,13.33,1507.8,.7,464.1
102,2012,226,1800,13.33,1012.3,1,380.3
102,2012,226,1900,12.81,229.8,.233,82.9
102,2012,226,2000,13.33,.05875,0,6.603
102,2012,226,2100,13.33,0,0,6.603
102,2012,226,2200,13.33,0,0,6.604
102,2012,226,2300,13.33,0,0,6.604
101,2012,226,2400,12.69,22775,9.38
102,2012,226,2400,13.33,0,0,6.604
102,2012,227,100,13.33,0,0,6.604
102,2012,227,200,13.34,0,0,6.604
102,2012,227,300,13.34,0,0,6.604
102,2012,227,400,13.34,0,0,6.605
102,2012,227,500,13.34,0,0,6.605
102,2012,227,600,13.35,0,0,6.605
102,2012,227,700,13.35,1.3217,0,6.605
102,2012,227,800,13.36,230.21,.333,87.9
102,2012,227,900,13.32,419.76,1,518
102,2012,227,1000,13.36,1553.8,1,734
102,2012,227,1100,13.36,1747.4,1,349
102,2012,227,1200,13.34,3196.1,1,631.2
102,2012,227,1300,13.33,2946.4,.65,384.7
102,2012,227,1400,13.33,2412.7,.483,216.3
102,2012,227,1500,13.33,3084.6,.966,532.5
102,2012,227,1600,13.32,2362.2,1,476.4
102,2012,227,1700,13.32,911.82,.217,132.3
102,2012,227,1800,13.33,82.339,0,7.14
102,2012,227,1900,12.71,47.546,0,6.61
102,2012,227,2000,13.34,.41119,0,6.605
102,2012,227,2100,13.34,0,0,6.605
102,2012,227,2200,13.34,0,0,6.604
102,2012,227,2300,13.34,0,0,6.604
101,2012,227,2400,12.71,18997,7.65
102,2012,227,2400,13.34,0,0,6.604
102,2012,228,100,13.34,0,0,6.604
102,2012,228,200,13.35,0,0,6.605
102,2012,228,300,13.35,0,0,6.605
102,2012,228,400,13.35,0,0,6.605
102,2012,228,500,13.34,0,0,6.605
102,2012,228,600,13.35,0,0,6.605
102,2012,228,700,13.35,.99127,0,6.605
102,2012,228,800,13.36,204.33,.3,110
102,2012,228,900,13.36,392.41,.75,323.5
102,2012,228,1000,13.36,1454,1,586.7
102,2012,228,1100,13.36,2617,1,787
102,2012,228,1200,13.35,3145.7,.966,732
102,2012,228,1300,13.33,3649.2,.916,641.4
102,2012,228,1400,13.33,1865.7,.4,198.8
102,2012,228,1500,13.33,2948.6,.983,628.3
102,2012,228,1600,13.33,1602.6,.433,263.4
102,2012,228,1700,13.33,1227,.35,192.7
102,2012,228,1800,12.7,326.69,0,8.26
102,2012,228,1900,12.69,13.313,0,7.48
102,2012,228,2000,13.34,.09546,0,6.632
102,2012,228,2100,12.72,0,0,6.61
102,2012,228,2200,13.34,0,0,6.61
102,2012,228,2300,13.34,0,0,6.616
101,2012,228,2400,12.69,19448,7.1
102,2012,228,2400,13.35,0,0,6.622
102,2012,229,100,13.35,0,0,6.627
102,2012,229,200,13.35,0,0,6.655
102,2012,229,300,13.34,0,0,6.621
102,2012,229,400,13.35,0,0,6.644
102,2012,229,500,13.35,0,0,6.649
102,2012,229,600,13.35,0,0,6.644
102,2012,229,700,13.36,1.1161,0,6.605
102,2012,229,800,13.36,219.71,0,14.78
102,2012,229,900,13.36,482.1,0,17.26
102,2012,229,1000,13.36,1307,.383,212.6
102,2012,229,1100,12.69,2597.8,1,697.5
102,2012,229,1200,12.67,3103.8,1,709
102,2012,229,1300,13.35,3442.7,1,737
102,2012,229,1400,13.34,2674.6,.633,303.8
102,2012,229,1500,13.33,2125.9,.516,187.5
102,2012,229,1600,12.71,1007.2,0,8.38
102,2012,229,1700,12.7,678.08,0,23.95
102,2012,229,1800,13.34,372.33,.017,14.18
102,2012,229,1900,13.34,32.676,0,6.615
102,2012,229,2000,13.34,.01469,0,6.605
102,2012,229,2100,13.34,0,0,6.605
102,2012,229,2200,13.34,0,0,6.605
102,2012,229,2300,13.34,0,0,6.605
101,2012,229,2400,12.67,18045,4.548
102,2012,229,2400,13.34,0,0,6.605
102,2012,230,100,13.35,0,0,6.605
102,2012,230,200,13.34,0,0,6.605
102,2012,230,300,13.35,0,0,6.605
102,2012,230,400,13.35,0,0,6.605
102,2012,230,500,13.35,0,0,6.605
102,2012,230,600,13.35,0,0,6.605
102,2012,230,700,13.36,1.05,0,6.605
102,2012,230,800,13.36,177.6,.017,22.75
102,2012,230,900,13.36,457.3,.133,106.2
102,2012,230,1000,13.36,1419.4,1,609.1
102,2012,230,1100,13.36,1863,.916,442.8
102,2012,230,1200,13.35,1844.5,.417,145.4
102,2012,230,1300,13.34,3342.9,1,541.8
102,2012,230,1400,13.34,3277.9,1,584.1
102,2012,230,1500,13.33,3131.8,1,662.1
102,2012,230,1600,13.33,2630.9,1,694
102,2012,230,1700,13.33,1905.3,1,629.7
102,2012,230,1800,13.32,871.7,.666,245.6
102,2012,230,1900,13.33,182.22,.083,48.91
102,2012,230,2000,13.33,.04406,0,6.604
102,2012,230,2100,13.33,0,0,6.604
102,2012,230,2200,13.33,0,0,6.604
102,2012,230,2300,13.33,0,0,6.604
101,2012,230,2400,13.32,21106,8.23
102,2012,230,2400,13.33,0,0,6.604
102,2012,231,100,13.33,0,0,6.604
102,2012,231,200,13.33,0,0,6.604
102,2012,231,300,13.33,0,0,6.604
102,2012,231,400,13.34,0,0,6.604
102,2012,231,500,13.34,0,0,6.605
102,2012,231,600,13.34,0,0,6.605
102,2012,231,700,13.34,1.6081,0,6.605
102,2012,231,800,13.34,213.31,.516,129
102,2012,231,900,13.35,473.03,.816,363.4
102,2012,231,1000,13.35,1224.8,1,484.9
102,2012,231,1100,13.35,2528,1,733
102,2012,231,1200,13.34,3060.5,1,739
102,2012,231,1300,13.34,3106.3,.9,490
102,2012,231,1400,13.33,2188,.417,256.2
102,2012,231,1500,13.33,758.31,0,21.16
102,2012,231,1600,13.33,603.19,.083,40.22
102,2012,231,1700,12.72,376.3,0,14.54
102,2012,231,1800,12.69,224.24,0,9.63
102,2012,231,1900,13.34,20.838,0,6.605
102,2012,231,2000,13.34,0,0,6.605
102,2012,231,2100,13.34,0,0,6.605
102,2012,231,2200,13.34,0,0,6.604
102,2012,231,2300,13.34,0,0,6.604
101,2012,231,2400,12.69,14778,5.731
102,2012,231,2400,13.34,0,0,6.604
102,2012,232,100,13.34,0,0,6.604
102,2012,232,200,13.34,0,0,6.604
102,2012,232,300,13.34,0,0,6.604
102,2012,232,400,13.35,0,0,6.605
102,2012,232,500,13.35,0,0,6.605
102,2012,232,600,13.35,0,0,6.605
102,2012,232,700,13.35,1.6741,0,6.605
102,2012,232,800,13.35,95.521,0,10.03
102,2012,232,900,13.36,549.84,.5,251.3
102,2012,232,1000,13.36,1577.9,1,743
102,2012,232,1100,13.35,2813.2,1,792
102,2012,232,1200,13.34,3235.4,1,704
102,2012,232,1300,13.35,3523.9,.95,738
102,2012,232,1400,13.34,3625.9,.916,614
102,2012,232,1500,13.33,3121.2,.733,459.8
102,2012,232,1600,13.33,495.79,.05,44.53
102,2012,232,1700,13.33,1054.4,.633,347
102,2012,232,1800,13.33,1307.9,.916,428.4
102,2012,232,1900,13.33,87.515,0,15.98
102,2012,232,2000,13.33,0,0,6.604
102,2012,232,2100,13.34,0,0,6.604
102,2012,232,2200,13.34,0,0,6.604
102,2012,232,2300,13.34,0,0,6.605
101,2012,232,2400,13.33,21490,7.7
102,2012,232,2400,13.34,0,0,6.594
102,2012,233,100,13.34,0,0,6.555
102,2012,233,200,13.34,0,0,6.583
102,2012,233,300,13.34,0,0,6.561
102,2012,233,400,13.35,0,0,6.6
102,2012,233,500,13.35,0,0,6.605
102,2012,233,600,13.36,0,0,6.561
102,2012,233,700,13.36,1.2996,0,6.566
102,2012,233,800,13.36,161.29,0,14.49
102,2012,233,900,13.37,580.44,.533,218.7
102,2012,233,1000,13.36,1888.3,1,537.7
102,2012,233,1100,13.36,2638.6,.966,643.1
102,2012,233,1200,13.36,2726.1,.9,624.7
102,2012,233,1300,13.35,3524.9,1,793
102,2012,233,1400,13.34,3312,.883,579.5
102,2012,233,1500,13.34,983.12,.217,163.2
102,2012,233,1600,13.33,2750.8,1,746
102,2012,233,1700,13.32,1999.7,.933,516.1
102,2012,233,1800,12.89,150.13,0,15.81
102,2012,233,1900,12.69,.13952,0,6.604
102,2012,233,2000,12.68,0,0,6.599
102,2012,233,2100,13.34,0,0,6.594
102,2012,233,2200,13.34,0,0,6.588
102,2012,233,2300,13.34,0,0,6.577
101,2012,233,2400,12.68,20717,7.43
102,2012,233,2400,13.34,0,0,6.594
102,2012,234,100,13.34,0,0,6.55
102,2012,234,200,13.35,0,0,6.55
102,2012,234,300,13.35,0,0,6.555
102,2012,234,400,13.36,0,0,6.55
102,2012,234,500,13.36,0,0,6.544
102,2012,234,600,13.36,0,0,6.566
102,2012,234,700,13.37,2.5405,0,6.517
102,2012,234,800,13.38,205.82,0,36.26
102,2012,234,900,13.38,672.18,.6,218.1
102,2012,234,1000,13.38,1668.9,1,698.8
102,2012,234,1100,13.38,2816,1,841
102,2012,234,1200,13.37,3343.2,1,849
102,2012,234,1300,13.36,3618.3,1,856
102,2012,234,1400,12.69,3594.7,1,784
102,2012,234,1500,13.35,3370,1,774
102,2012,234,1600,13.34,2752.8,1,771
102,2012,234,1700,13,2080.5,1,740
102,2012,234,1800,13.33,1242.4,1,627.1
102,2012,234,1900,13.33,298.77,.816,335.2
102,2012,234,2000,13.34,.02937,0,8.01
102,2012,234,2100,13.34,0,0,7.95
102,2012,234,2200,13.35,0,0,7.93
102,2012,234,2300,13.35,0,0,7.93
101,2012,234,2400,12.69,25666,10.41
102,2012,234,2400,13.35,0,0,7.99
102,2012,235,100,13.35,0,0,8.55
102,2012,235,200,13.35,0,0,8.94
102,2012,235,300,13.36,0,0,9.25
102,2012,235,400,13.36,0,0,9.25
102,2012,235,500,13.36,0,0,9.25
102,2012,235,600,13.37,0,0,8.83
102,2012,235,700,13.37,2.5478,0,8.07
102,2012,235,800,13.38,296.31,.516,217.3
102,2012,235,900,13.38,383.21,.8,438.2
102,2012,235,1000,13.38,1616.8,1,770
102,2012,235,1100,13.38,2686.3,.983,684.8
102,2012,235,1200,13.36,2496.6,.716,491.2
102,2012,235,1300,13.35,3358.4,.85,673.8
102,2012,235,1400,13.34,3126.7,.683,497.3
102,2012,235,1500,13.34,881.2,.167,68.01
102,2012,235,1600,12.69,710.85,0,37.14
102,2012,235,1700,12.67,1556.3,.833,411.8
102,2012,235,1800,12.67,726.67,.3,107.9
102,2012,235,1900,13.38,77.925,0,25.45
102,2012,235,2000,12.74,0,0,9.27
102,2012,235,2100,12.69,0,0,9.25
102,2012,235,2200,12.69,0,0,9.26
102,2012,235,2300,13.36,0,0,9.25
101,2012,235,2400,12.67,17920,6.847
102,2012,235,2400,13.36,0,0,9.25
102,2012,236,100,13.36,0,0,9.25
102,2012,236,200,13.37,0,0,9.25
102,2012,236,300,13.37,0,0,9.25
102,2012,236,400,13.37,0,0,9.25
102,2012,236,500,13.37,0,0,8.45
102,2012,236,600,13.38,0,0,7.27
102,2012,236,700,13.38,2.3055,0,7.29
102,2012,236,800,13.39,199.79,.616,229.8
102,2012,236,900,13.4,573.49,.966,326.9
102,2012,236,1000,13.4,1364.3,1,634.5
102,2012,236,1100,13.38,2589.9,1,660.1
102,2012,236,1200,13.37,2735.9,1,612.3
102,2012,236,1300,13.36,3123.1,.9,568.3
102,2012,236,1400,13.34,3300.2,.883,470.9
102,2012,236,1500,13.34,2687.4,.8,309.1
102,2012,236,1600,13.33,1727.9,.7,174.1
102,2012,236,1700,13.35,241.86,0,14.85
102,2012,236,1800,13.36,214.09,0,14.71
102,2012,236,1900,13.36,71.912,0,9.71
102,2012,236,2000,13.36,.11748,0,8.12
102,2012,236,2100,13.36,0,0,9.13
102,2012,236,2200,13.36,0,0,9.37
102,2012,236,2300,13.36,0,0,9.27
101,2012,236,2400,13.33,18832,7.86
102,2012,236,2400,13.36,0,0,9.25
102,2012,237,100,13.36,0,0,9.27
102,2012,237,200,13.36,0,0,9.14
102,2012,237,300,13.37,0,0,9.23
102,2012,237,400,13.37,0,0,9.16
102,2012,237,500,13.38,0,0,9.23
102,2012,237,600,13.38,0,0,8.19
102,2012,237,700,13.38,1.9164,0,7.27
102,2012,237,800,13.39,227.71,.217,83.6
102,2012,237,900,13.4,504.08,.766,274.8
102,2012,237,1000,13.4,1368.2,1,321.6
102,2012,237,1100,13.38,2735.3,1,780
102,2012,237,1200,13.37,3348.5,1,837
102,2012,237,1300,13.36,3609.9,1,834
102,2012,237,1400,13.34,3572.3,1,740
102,2012,237,1500,13.33,3242,1,693.8
102,2012,237,1600,13.33,1941.5,.833,473.7
102,2012,237,1700,13.33,1874,.833,568.6
102,2012,237,1800,13.33,1148.5,.683,359.5
102,2012,237,1900,13.33,255.4,.317,129.9
102,2012,237,2000,13.33,0,0,9.55
102,2012,237,2100,13.34,0,0,9.34
102,2012,237,2200,13.34,0,0,9.26
102,2012,237,2300,13.34,0,0,9.27
101,2012,237,2400,13.33,23829,9.65
102,2012,237,2400,13.34,0,0,9.25
102,2012,238,100,13.35,0,0,9.25
102,2012,238,200,13.35,0,0,9.25
102,2012,238,300,13.35,0,0,9.25
102,2012,238,400,13.36,0,0,9.25
102,2012,238,500,13.36,0,0,9.25
102,2012,238,600,13.36,0,0,9.25
102,2012,238,700,13.36,2.0926,0,9.22
102,2012,238,800,13.36,213.1,.666,250.9
102,2012,238,900,13.38,352.05,.65,343.2
102,2012,238,1000,13.38,1410.8,1,693.9
102,2012,238,1100,13.36,2766.3,1,776
102,2012,238,1200,13.34,3128.9,.95,675.7
102,2012,238,1300,13.28,3272.9,.85,593.6
102,2012,238,1400,12.69,2496.2,.45,293.2
102,2012,238,1500,12.71,2745.1,.8,385.8
102,2012,238,1600,12.68,1934,.65,386.5
102,2012,238,1700,12.68,1308.8,.167,109.7
102,2012,238,1800,13.34,1122.2,.966,331.9
102,2012,238,1900,13.34,40.312,.017,16.58
102,2012,238,2000,13.34,0,0,7.28
102,2012,238,2100,13.34,.07343,0,7.12
102,2012,238,2200,13.34,.05874,0,7
102,2012,238,2300,13.34,0,0,6.868
101,2012,238,2400,12.68,20793,8.16
102,2012,238,2400,12.69,0,0,7.2
102,2012,239,100,12.68,0,0,7.27
102,2012,239,200,12.67,0,0,7.27
102,2012,239,300,12.67,0,0,7.27
102,2012,239,400,12.67,0,0,7.27
102,2012,239,500,12.67,0,0,7.27
102,2012,239,600,12.67,0,0,7.27
102,2012,239,700,12.67,.5874,0,7.27
102,2012,239,800,12.67,179.51,.367,115.5
102,2012,239,900,13.34,382.15,.7,328.4
102,2012,239,1000,13.4,1699.4,1,751
102,2012,239,1100,13.38,2550.5,1,655.1
102,2012,239,1200,13.3,3331,1,799
102,2012,239,1300,13.29,3601.5,1,801
102,2012,239,1400,13.33,3242.5,.8,498.1
102,2012,239,1500,13.33,3594.9,1,644
102,2012,239,1600,13.33,2172.4,.65,318.6
102,2012,239,1700,13.33,927.76,.616,174.4
102,2012,239,1800,13.33,624.56,.5,224.7
102,2012,239,1900,13.33,237.23,.15,80.8
102,2012,239,2000,13.33,.1028,0,6.835
102,2012,239,2100,13.33,0,0,7.1
102,2012,239,2200,13.33,0,0,7.12
102,2012,239,2300,13.33,0,0,6.967
101,2012,239,2400,12.67,22544,8.78
102,2012,239,2400,13.33,0,0,7.13
102,2012,240,100,13.34,0,0,6.874
102,2012,240,200,13.34,0,0,6.902
102,2012,240,300,13.34,0,0,6.88
102,2012,240,400,13.34,0,0,7.15
102,2012,240,500,12.71,0,0,7.27
102,2012,240,600,12.69,0,0,8.01
102,2012,240,700,12.68,1.7549,0,8.59
102,2012,240,800,12.68,187.64,.033,33.81
102,2012,240,900,12.68,527.82,.417,177.5
102,2012,240,1000,13.38,1237.9,.866,393.8
102,2012,240,1100,13.38,1266.3,.117,66.52
102,2012,240,1200,13.36,2249.5,.55,202.7
102,2012,240,1300,13.36,1810.7,.3,107
102,2012,240,1400,13.36,1355.4,.133,55.16
102,2012,240,1500,13.36,1344.1,0,19.89
102,2012,240,1600,13.35,792.07,0,16.08
102,2012,240,1700,13.35,204.52,0,7.52
102,2012,240,1800,13.35,225.55,0,8.66
102,2012,240,1900,13.34,66.408,0,9.63
102,2012,240,2000,13.34,0,0,9.3
102,2012,240,2100,13.35,0,0,9.3
102,2012,240,2200,13.35,0,0,9.33
102,2012,240,2300,13.35,0,0,9.37
101,2012,240,2400,12.68,11270,2.416
102,2012,240,2400,13.35,0,0,9.36
102,2012,241,100,13.35,0,0,9.32
102,2012,241,200,13.35,0,0,9.29
102,2012,241,300,13.36,0,0,9.29
102,2012,241,400,13.36,0,0,9.26
102,2012,241,500,13.36,0,0,9.25
102,2012,241,600,13.36,0,0,9.25
102,2012,241,700,13.37,3.0692,0,9.25
102,2012,241,800,13.37,205.21,0,15.16
102,2012,241,900,12.7,550.86,0,25.21
102,2012,241,1000,12.68,765.95,0,9.86
102,2012,241,1100,12.67,1779.3,.633,241.4
102,2012,241,1200,12.67,3121.5,1,754
102,2012,241,1300,12.67,3632.4,1,824
102,2012,241,1400,12.67,3660.7,1,771
102,2012,241,1500,12.67,3309.5,1,760
102,2012,241,1600,12.67,2776.1,1,767
102,2012,241,1700,12.67,1740.1,.783,538.5
102,2012,241,1800,12.68,697.37,.1,83.5
102,2012,241,1900,12.68,153.26,.267,62.54
102,2012,241,2000,13.27,0,0,8.28
102,2012,241,2100,13.33,.04406,0,6.604
102,2012,241,2200,13.33,0,0,6.604
102,2012,241,2300,13.33,0,0,6.604
101,2012,241,2400,12.67,22395,6.781
102,2012,241,2400,13.33,0,0,6.604
102,2012,242,100,13.34,0,0,6.604
102,2012,242,200,13.34,0,0,6.605
102,2012,242,300,13.35,0,0,6.605
102,2012,242,400,13.36,0,0,6.605
102,2012,242,500,13.36,0,0,6.605
102,2012,242,600,13.36,0,0,6.605
102,2012,242,700,13.37,2.2248,0,6.605
102,2012,242,800,13.38,181.69,.666,180.1
102,2012,242,900,13.39,383.74,.566,205.7
102,2012,242,1000,13.38,1464.5,1,658.6
102,2012,242,1100,13.36,2728,1,781
102,2012,242,1200,13.35,3347.3,1,808
102,2012,242,1300,13.33,3618.3,1,770
102,2012,242,1400,13.33,3898.2,1,710
102,2012,242,1500,13.32,2721.1,.716,420.7
102,2012,242,1600,13.32,1730.3,.616,246.7
102,2012,242,1700,13.32,744.16,.067,63.15
102,2012,242,1800,13.33,142,0,8.28
102,2012,242,1900,13.33,58.149,0,8.11
102,2012,242,2000,13.33,0,0,8.23
102,2012,242,2100,13.33,0,0,8.78
102,2012,242,2200,13.33,0,0,8.53
102,2012,242,2300,13.33,0,0,7.22
101,2012,242,2400,13.32,21019,7.63
102,2012,242,2400,13.33,0,0,6.742
102,2012,243,100,13.34,0,0,6.604
102,2012,243,200,13.34,0,0,6.605
102,2012,243,300,13.34,0,0,6.605
102,2012,243,400,13.34,0,0,6.605
102,2012,243,500,13.35,0,0,6.605
102,2012,243,600,13.35,0,0,6.605
102,2012,243,700,13.35,8.7745,0,6.952
102,2012,243,800,13.36,175.3,0,19.77
102,2012,243,900,13.36,376.58,0,11.53
102,2012,243,1000,12.7,1050.2,.167,88.9
102,2012,243,1100,12.69,1698.9,.367,220
102,2012,243,1200,12.69,2055.2,.383,175.7
102,2012,243,1300,12.69,2465.7,.45,267.6
102,2012,243,1400,12.68,1883.7,.317,217.2
102,2012,243,1500,12.68,834.04,.05,41.74
102,2012,243,1600,12.68,230.85,0,8.32
102,2012,243,1700,12.67,234.05,0,19.7
102,2012,243,1800,12.67,27.718,0,9.25
102,2012,243,1900,12.68,38.739,0,9.28
102,2012,243,2000,13.35,0,0,9.27
102,2012,243,2100,13.36,0,0,9.26
102,2012,243,2200,13.36,0,0,9.28
102,2012,243,2300,13.36,0,0,9.29
101,2012,243,2400,12.67,11080,1.733
102,2012,243,2400,13.36,0,0,9.36
102,2012,244,100,13.36,0,0,8.99
102,2012,244,200,13.37,0,0,8.83
102,2012,244,300,13.38,0,0,8.81
102,2012,244,400,13.38,0,0,9.24
102,2012,244,500,13.38,0,0,9.3
102,2012,244,600,13.38,0,0,9.25
102,2012,244,700,13.38,3.1719,0,9.19
102,2012,244,800,13.39,202.32,.683,256.5
102,2012,244,900,13.39,298.82,.367,186.7
102,2012,244,1000,13.39,1693.8,1,785
102,2012,244,1100,13.38,2827.4,1,813
102,2012,244,1200,13.37,3382.6,1,818
102,2012,244,1300,13.36,3629.8,1,802
102,2012,244,1400,13.36,2543.3,.766,428.3
102,2012,244,1500,13.35,2621.6,.716,500.1
102,2012,244,1600,13.35,1848.3,.916,451.2
102,2012,244,1700,13.35,300.38,0,12.18
102,2012,244,1800,13.13,158.02,0,8.19
102,2012,244,1900,12.7,3.7008,0,6.654
102,2012,244,2000,13.36,0,0,6.583
102,2012,244,2100,13.36,.00734,0,6.6
102,2012,244,2200,13.36,0,0,6.666
102,2012,244,2300,13.36,0,0,6.671
101,2012,244,2400,12.7,19513,7.45
102,2012,244,2400,13.36,0,0,6.622
102,2012,245,100,13.36,0,0,6.566
102,2012,245,200,12.71,0,0,6.566
102,2012,245,300,12.69,0,0,6.605
102,2012,245,400,12.68,0,0,6.605
102,2012,245,500,12.67,0,0,6.605
102,2012,245,600,12.67,0,0,6.605
102,2012,245,700,12.67,4.5603,0,6.605
102,2012,245,800,12.68,167.69,.65,224.6
102,2012,245,900,13.4,321.38,.333,175.5
102,2012,245,1000,13.4,1720.5,1,776
102,2012,245,1100,13.38,2834.7,1,812
102,2012,245,1200,13.37,3389.6,1,810
102,2012,245,1300,13.36,3134.7,.883,635.2
102,2012,245,1400,13.36,3610.4,.983,723
102,2012,245,1500,13.35,2877.5,.8,595
102,2012,245,1600,13.35,2803.1,1,773
102,2012,245,1700,13.34,2073.9,1,694.7
102,2012,245,1800,13.34,890.99,.766,323.8
102,2012,245,1900,13.33,227.23,.283,84
102,2012,245,2000,13.34,0,0,9.27
102,2012,245,2100,13.34,0,0,9.49
102,2012,245,2200,13.34,0,0,9.42
102,2012,245,2300,13.34,0,0,9.37
101,2012,245,2400,12.67,24056,9.7
102,2012,245,2400,13.35,0,0,9.29
102,2012,246,100,13.35,0,0,9.29
102,2012,246,200,12.73,0,0,9.27
102,2012,246,300,12.69,0,0,9.18
102,2012,246,400,12.68,1.4538,0,7.96
102,2012,246,500,12.68,.14685,0,6.605
102,2012,246,600,12.67,.16153,0,6.605
102,2012,246,700,12.67,24.839,0,6.605
102,2012,246,800,12.67,220.67,0,14.59
102,2012,246,900,12.67,622.43,0,45.89
102,2012,246,1000,13.35,1419.8,.516,235.3
102,2012,246,1100,13.37,1875.9,1,263.5
102,2012,246,1200,13.37,2290.8,.65,220
102,2012,246,1300,13.36,2739,.716,277.9
102,2012,246,1400,13.35,3408.9,.866,462.9
102,2012,246,1500,13.35,1779.2,.367,138.5
102,2012,246,1600,13.36,1513.5,.25,80.3
102,2012,246,1700,13.36,936.02,.117,58.93
102,2012,246,1800,13.36,247.8,0,22.81
102,2012,246,1900,13.36,4.758,0,9.14
102,2012,246,2000,13.36,0,0,8.47
102,2012,246,2100,13.36,0,0,7.95
102,2012,246,2200,13.36,0,0,7.94
102,2012,246,2300,13.36,0,0,7.95
101,2012,246,2400,12.67,17085,4.482
102,2012,246,2400,13.37,0,0,7.99
102,2012,247,100,13.37,0,0,8.06
102,2012,247,200,13.37,0,0,8.07
102,2012,247,300,13.38,0,0,8.04
102,2012,247,400,13.38,0,0,8
102,2012,247,500,13.38,0,0,8
102,2012,247,600,13.39,0,0,8.03
102,2012,247,700,13.39,1.3585,0,8.01
102,2012,247,800,13.4,226.39,0,26.27
102,2012,247,900,13.4,543.77,.633,161.2
102,2012,247,1000,13.4,1724.7,1,750
102,2012,247,1100,13.38,2756.2,1,756
102,2012,247,1200,13.38,3446.7,1,820
102,2012,247,1300,13.36,3134.1,.966,559.4
102,2012,247,1400,13.35,3637.6,.983,704
102,2012,247,1500,13.34,3389.7,1,751
102,2012,247,1600,13.34,2810,1,773
102,2012,247,1700,13.34,1711.7,1,593.2
102,2012,247,1800,13.34,881.95,1,469.5
102,2012,247,1900,13.34,275.53,.533,152.7
102,2012,247,2000,13.34,0,0,9.53
102,2012,247,2100,13.34,0,0,9.45
102,2012,247,2200,13.35,0,0,9.39
102,2012,247,2300,13.35,0,0,8.62
101,2012,247,2400,13.34,24540,10.11
102,2012,247,2400,13.35,0,0,9.14
102,2012,248,100,13.36,0,0,9.25
102,2012,248,200,13.36,0,0,9.25
102,2012,248,300,13.36,0,0,9.25
102,2012,248,400,13.37,0,0,9.25
102,2012,248,500,13.37,0,0,9.25
102,2012,248,600,13.38,0,0,9.25
102,2012,248,700,13.38,2.166,0,9.25
102,2012,248,800,13.38,130.2,.05,31.68
102,2012,248,900,13.39,554.54,.083,88.2
102,2012,248,1000,13.38,1103.7,.25,117.1
102,2012,248,1100,13.38,2438.7,1,614.4
102,2012,248,1200,13.37,3154,1,651.4
102,2012,248,1300,13.36,3208.9,.833,644
102,2012,248,1400,13.36,3238,.75,533
102,2012,248,1500,13.35,2427.7,.6,375.5
102,2012,248,1600,13.35,988.79,0,15.34
102,2012,248,1700,13.35,531.1,0,17.63
102,2012,248,1800,13.35,506.25,.233,96.4
102,2012,248,1900,13.35,133.17,0,9.68
102,2012,248,2000,13.35,0,0,7.93
102,2012,248,2100,13.35,0,0,7.93
102,2012,248,2200,13.35,0,0,9.28
102,2012,248,2300,13.35,0,0,9.33
101,2012,248,2400,13.35,18417,4.798
102,2012,248,2400,13.35,0,0,8.19
102,2012,249,100,13.34,0,0,7.93
102,2012,249,200,13.35,0,0,8.64
102,2012,249,300,13.36,0,0,8.82
102,2012,249,400,13.36,0,0,8.83
102,2012,249,500,13.36,0,0,8.88
102,2012,249,600,12.69,0,0,8.92
102,2012,249,700,12.67,.02937,0,9.25
102,2012,249,800,12.67,56.603,0,8.78
102,2012,249,900,12.67,141.93,0,8.97
102,2012,249,1000,13.38,471.6,0,15.73
102,2012,249,1100,13.38,1013.1,0,20.48
102,2012,249,1200,13.38,737.12,0,16.86
102,2012,249,1300,12.88,804.13,0,12.05
102,2012,249,1400,13.37,1128,.033,68.88
102,2012,249,1500,13.37,988.03,0,9.96
102,2012,249,1600,13.36,927.75,0,9.8
102,2012,249,1700,13.36,633.18,0,9.85
102,2012,249,1800,13.36,481.46,.15,66.77
102,2012,249,1900,13.37,38.527,0,8.6
102,2012,249,2000,13.38,0,0,7.57
102,2012,249,2100,13.38,0,0,7.27
102,2012,249,2200,13.38,0,0,7.27
102,2012,249,2300,13.38,0,0,7.27
101,2012,249,2400,12.67,7421.4,.183
102,2012,249,2400,13.38,0,0,7.28
102,2012,250,100,13.38,0,0,7.28
102,2012,250,200,13.38,0,0,7.28
102,2012,250,300,13.38,0,0,7.29
102,2012,250,400,13.38,0,0,7.27
102,2012,250,500,13.39,0,0,7.27
102,2012,250,600,13.39,0,0,7.27
102,2012,250,700,13.4,2.6876,0,7.27
102,2012,250,800,13.4,154.7,0,26.04
102,2012,250,900,12.86,424.32,.2,99.1
102,2012,250,1000,13.4,1827.2,1,753
102,2012,250,1100,12.71,2909.1,1,823
102,2012,250,1200,13.37,3420.6,1,819
102,2012,250,1300,13.35,3550.5,1,765
102,2012,250,1400,13.34,2978.6,.95,459.3
102,2012,250,1500,13.34,2293.3,.883,266.8
102,2012,250,1600,13.33,2558.3,1,606.6
102,2012,250,1700,13.33,1904.9,.966,451.4
102,2012,250,1800,13.34,772.56,.433,108.5
102,2012,250,1900,13.34,54.315,0,10.01
102,2012,250,2000,13.34,0,0,8.79
102,2012,250,2100,13.34,0,0,7.93
102,2012,250,2200,13.34,0,0,7.93
102,2012,250,2300,13.35,0,0,7.93
101,2012,250,2400,12.71,22851,8.43
102,2012,250,2400,13.35,0,0,7.93
102,2012,251,100,13.35,0,0,7.93
102,2012,251,200,13.35,0,0,7.93
102,2012,251,300,13.35,0,0,7.93
102,2012,251,400,13.36,0,0,7.93
102,2012,251,500,13.36,0,0,7.93
102,2012,251,600,13.36,0,0,7.93
102,2012,251,700,13.36,4.8534,0,7.93
102,2012,251,800,13.37,124.46,0,8.67
102,2012,251,900,13.38,488.42,0,14.83
102,2012,251,1000,13.38,1117.4,0,74
102,2012,251,1100,13.37,1700,.383,144.4
102,2012,251,1200,13.36,3188.2,.966,584.9
102,2012,251,1300,13.36,2501.2,.6,398.8
102,2012,251,1400,13.35,3350,.866,562.5
102,2012,251,1500,13.35,2993.9,.866,557.3
102,2012,251,1600,13.34,2068.6,.6,323
102,2012,251,1700,13.34,970.69,.167,88.1
102,2012,251,1800,12.7,123.06,0,13.33
102,2012,251,1900,12.69,3.7522,0,7.27
102,2012,251,2000,13.35,0,0,7.28
102,2012,251,2100,13.35,0,0,7.28
102,2012,251,2200,13.35,0,0,8.43
102,2012,251,2300,13.36,0,0,8.71
101,2012,251,2400,12.69,18634,4.448
102,2012,251,2400,13.36,0,0,8.16
102,2012,252,100,13.36,0,0,8.1
102,2012,252,200,13.36,0,0,8.08
102,2012,252,300,13.36,0,0,8.05
102,2012,252,400,13.37,0,0,8.32
102,2012,252,500,13.37,0,0,7.28
102,2012,252,600,13.38,0,0,7.09
102,2012,252,700,13.38,4.611,0,7.82
102,2012,252,800,13.38,186.91,.217,99.1
102,2012,252,900,13.38,345.3,.183,114.2
102,2012,252,1000,13.38,1828.3,1,596.3
102,2012,252,1100,12.7,2407.7,1,450.7
102,2012,252,1200,12.67,2946.4,1,546.6
102,2012,252,1300,12.67,3136.4,.816,542.1
102,2012,252,1400,12.67,3068.4,.716,348.8
102,2012,252,1500,12.67,2519.7,.933,417.1
102,2012,252,1600,12.67,2594.5,1,650.9
102,2012,252,1700,12.67,1508.6,.666,261.1
102,2012,252,1800,12.73,465.49,0,43.03
102,2012,252,1900,13.35,40.789,0,11.99
102,2012,252,2000,13.34,0,0,6.605
102,2012,252,2100,13.35,0,0,6.605
102,2012,252,2200,13.35,0,0,6.605
102,2012,252,2300,13.35,0,0,6.605
101,2012,252,2400,12.67,21053,7.53
102,2012,252,2400,13.35,0,0,6.605
102,2012,253,100,13.36,0,0,6.605
102,2012,253,200,12.88,0,0,6.605
102,2012,253,300,13.36,0,0,6.605
102,2012,253,400,13.36,0,0,6.605
102,2012,253,500,13.36,0,0,6.605
102,2012,253,600,13.36,0,0,6.605
102,2012,253,700,13.37,4.1632,0,6.605
102,2012,253,800,13.37,205.6,.183,63.72
102,2012,253,900,13.37,439.77,.333,115.3
102,2012,253,1000,13.37,1672.8,1,453.1
102,2012,253,1100,13.36,2680.3,.916,632
102,2012,253,1200,13.36,3406.5,.9,681.9
102,2012,253,1300,13.35,3523,.883,647.7
102,2012,253,1400,13.35,2348.2,.383,196.6
102,2012,253,1500,12.7,562.17,0,15.53
102,2012,253,1600,12.68,32.881,0,6.605
102,2012,253,1700,12.7,62.419,0,6.605
102,2012,253,1800,12.69,115.62,0,7.55
102,2012,253,1900,13.38,53.027,0,6.633
102,2012,253,2000,13.36,0,0,6.649
102,2012,253,2100,13.36,0,0,6.759
102,2012,253,2200,13.36,0,0,6.71
102,2012,253,2300,13.37,0,0,6.743
101,2012,253,2400,12.68,15106,4.598
102,2012,253,2400,13.37,0,0,6.704
102,2012,254,100,13.38,0,0,6.605
102,2012,254,200,13.38,0,0,6.605
102,2012,254,300,13.38,0,0,6.605
102,2012,254,400,13.38,0,0,6.605
102,2012,254,500,13.39,0,0,6.605
102,2012,254,600,13.39,0,0,6.605
102,2012,254,700,13.4,5.133,0,8.17
102,2012,254,800,13.4,171.52,0,9.18
102,2012,254,900,13.4,677.82,.3,71.7
102,2012,254,1000,13.4,1971.3,1,624.8
102,2012,254,1100,13.39,2829.3,1,706
102,2012,254,1200,13.38,3507.6,1,755
102,2012,254,1300,13.38,3510.5,.9,695.7
102,2012,254,1400,13.37,3590.5,.833,589.5
102,2012,254,1500,13.36,3316.5,.883,617.8
102,2012,254,1600,13.36,1932.4,.533,335.9
102,2012,254,1700,13.36,1371.7,.583,237.1
102,2012,254,1800,13.36,171.42,0,16.83
102,2012,254,1900,13.36,33.909,0,8.53
102,2012,254,2000,13.36,0,0,8.85
102,2012,254,2100,13.36,0,0,8.5
102,2012,254,2200,13.36,0,0,8.46
102,2012,254,2300,13.36,0,0,8.42
101,2012,254,2400,13.36,23090,7.03
102,2012,254,2400,13.37,0,0,8.4
102,2012,255,100,13.37,0,0,8.76
102,2012,255,200,13.37,0,0,9.28
102,2012,255,300,13.37,0,0,9.38
102,2012,255,400,13.38,0,0,9.4
102,2012,255,500,13.38,0,0,9.4
102,2012,255,600,13.38,0,0,9.46
102,2012,255,700,13.38,3.1499,0,9.47
102,2012,255,800,13.38,141.83,0,9.78
102,2012,255,900,13.38,706.64,.533,116.3
102,2012,255,1000,13.4,1153.4,1,229.7
102,2012,255,1100,13.39,2349.3,1,550.2
102,2012,255,1200,13.38,3484.7,1,743
102,2012,255,1300,13.37,1908.1,.25,96.1
102,2012,255,1400,13.36,3419.1,.983,659.2
102,2012,255,1500,13.35,3241,1,727
102,2012,255,1600,13.34,2711.7,.95,651.5
102,2012,255,1700,13.34,1207.4,.367,151.5
102,2012,255,1800,13.33,721.17,.633,138.7
102,2012,255,1900,13.34,130.85,0,45.12
102,2012,255,2000,13.34,0,0,9.06
102,2012,255,2100,13.35,0,0,8.14
102,2012,255,2200,13.34,0,0,8.55
102,2012,255,2300,13.35,0,0,9.08
101,2012,255,2400,13.33,21178,7.71
102,2012,255,2400,13.35,0,0,9.26
102,2012,256,100,13.35,0,0,9.29
102,2012,256,200,13.36,0,0,9.27
102,2012,256,300,13.36,0,0,9.27
102,2012,256,400,13.36,0,0,9.28
102,2012,256,500,13.36,0,0,9.29
102,2012,256,600,13.36,0,0,9.28
102,2012,256,700,13.37,3.1426,0,9.25
102,2012,256,800,13.37,113.98,0,9.32
102,2012,256,900,13.38,500.37,0,12.44
102,2012,256,1000,13.39,1309.2,.283,98.7
102,2012,256,1100,13.38,2669.5,1,546.1
102,2012,256,1200,13.37,2998.8,.983,616.2
102,2012,256,1300,13.36,3338.8,.75,568.6
102,2012,256,1400,13.35,2151.9,.383,214.3
102,2012,256,1500,13.35,1004.3,.133,51.35
102,2012,256,1600,13.34,1973.8,1,493.1
102,2012,256,1700,13.34,1350.9,.516,293.5
102,2012,256,1800,13.34,287.17,0,15.54
102,2012,256,1900,12.69,6.5498,0,7.48
102,2012,256,2000,12.67,0,0,8.12
102,2012,256,2100,13.35,0,0,8.59
102,2012,256,2200,13.35,0,0,8.59
102,2012,256,2300,13.36,0,0,8.59
101,2012,256,2400,12.67,17708,5.048
102,2012,256,2400,13.36,0,0,8.59
102,2012,257,100,13.36,0,0,8.59
102,2012,257,200,13.36,0,0,8.59
102,2012,257,300,13.36,0,0,9.24
102,2012,257,400,13.36,0,0,9.26
102,2012,257,500,13.37,0,0,9.25
102,2012,257,600,13.37,0,0,9.25
102,2012,257,700,13.37,1.5493,0,9.25
102,2012,257,800,13.37,143.69,0,9.51
102,2012,257,900,13.38,741.17,0,58.99
102,2012,257,1000,12.68,1378.7,.483,149.3
102,2012,257,1100,12.67,3225.2,1,811
102,2012,257,1200,12.67,3481.9,1,839
102,2012,257,1300,13.36,3726,.983,795
102,2012,257,1400,13.35,3297.4,.833,593.1
102,2012,257,1500,13.35,1251.6,.267,156.8
102,2012,257,1600,13.35,1071.6,.35,140.3
102,2012,257,1700,13.36,1010,.25,141
102,2012,257,1800,13.35,203.44,0,9.4
102,2012,257,1900,13.35,37.852,0,8.42
102,2012,257,2000,13.35,0,0,7.93
102,2012,257,2100,13.35,0,0,7.3
102,2012,257,2200,13.35,0,0,7.27
102,2012,257,2300,13.35,0,0,6.985
101,2012,257,2400,12.67,19570,5.165
102,2012,257,2400,13.35,0,0,6.605
102,2012,258,100,13.36,0,0,6.605
102,2012,258,200,13.36,0,0,6.605
102,2012,258,300,13.36,0,0,6.605
102,2012,258,400,13.36,0,0,6.605
102,2012,258,500,13.36,0,0,6.605
102,2012,258,600,13.37,0,0,6.605
102,2012,258,700,13.37,8.2456,0,7.49
102,2012,258,800,13.37,264.09,.117,67.56
102,2012,258,900,13.37,350.31,.05,57.62
102,2012,258,1000,13.37,1980.8,1,767
102,2012,258,1100,13.36,2990,1,827
102,2012,258,1200,13.35,2292.7,.6,381.5
102,2012,258,1300,13.35,1954.8,.3,236.4
102,2012,258,1400,13.34,529.08,0,16.19
102,2012,258,1500,13.35,325.76,0,10.43
102,2012,258,1600,13.36,860.26,0,25.26
102,2012,258,1700,13.36,439.51,0,11.07
102,2012,258,1800,13.37,224,0,10.06
102,2012,258,1900,13.36,54.026,0,8.56
102,2012,258,2000,13.36,0,0,9.07
102,2012,258,2100,13.36,0,0,9.1
102,2012,258,2200,13.36,0,0,8.94
102,2012,258,2300,13.36,0,0,8.93
101,2012,258,2400,13.34,12274,3.065
102,2012,258,2400,13.36,0,0,8.93
102,2012,259,100,13.36,0,0,9.25
102,2012,259,200,13.36,0,0,9.25
102,2012,259,300,13.37,0,0,9.25
102,2012,259,400,13.37,0,0,9.25
102,2012,259,500,13.37,0,0,9.25
102,2012,259,600,13.38,0,0,9.25
102,2012,259,700,13.38,4.6037,0,9.25
102,2012,259,800,13.38,188.27,0,21.31
102,2012,259,900,13.38,513.94,0,14.95
102,2012,259,1000,13.38,1102.5,.167,76.7
102,2012,259,1100,13.37,2641,1,464.2
102,2012,259,1200,13.36,3112.4,.816,620.8
102,2012,259,1300,13.36,1439.3,.117,123.6
102,2012,259,1400,13.35,2491.8,.516,314.2
102,2012,259,1500,13.35,1086.5,.317,110.7
102,2012,259,1600,13.38,298.58,0,12.15
102,2012,259,1700,13.4,157.4,0,16.73
102,2012,259,1800,13.39,33.846,0,6.638
102,2012,259,1900,13.38,14.466,0,6.605
102,2012,259,2000,13.38,0,0,6.6
102,2012,259,2100,13.38,0,0,6.605
102,2012,259,2200,13.38,0,0,6.605
102,2012,259,2300,13.38,0,0,6.611
101,2012,259,2400,13.35,13085,2.932
102,2012,259,2400,13.38,.2423,0,6.754
102,2012,260,100,13.38,.30838,0,7.42
102,2012,260,200,13.39,0,0,7.9
102,2012,260,300,13.39,0,0,7.87
102,2012,260,400,12.81,0,0,8.1
102,2012,260,500,12.67,0,0,7.93
102,2012,260,600,12.66,0,0,7.93
102,2012,260,700,12.66,6.8221,0,8.05
102,2012,260,800,12.67,151.05,.167,79.5
102,2012,260,900,13.4,330.13,.1,75.8
102,2012,260,1000,13.4,1967.1,1,758
102,2012,260,1100,13.39,2952,1,835
102,2012,260,1200,13.38,3443.8,1,826
102,2012,260,1300,13.38,3692.1,1,807
102,2012,260,1400,13.37,3629.1,1,746
102,2012,260,1500,13.36,3139.1,.966,686.8
102,2012,260,1600,13.35,2825.3,1,762
102,2012,260,1700,13.35,1402.5,.466,311.2
102,2012,260,1800,13.35,388.13,.05,63.68
102,2012,260,1900,13.35,132.76,.25,89
102,2012,260,2000,13.35,0,0,9.2
102,2012,260,2100,13.35,0,0,9.36
102,2012,260,2200,13.36,0,0,9.3
102,2012,260,2300,13.36,0,0,9.27
101,2012,260,2400,12.66,24060,8
102,2012,260,2400,13.36,0,0,9.25
102,2012,261,100,13.36,0,0,9.25
102,2012,261,200,13.36,0,0,9.23
102,2012,261,300,13.36,0,0,9.04
102,2012,261,400,13.37,0,0,9.05
102,2012,261,500,13.37,0,0,7.7
102,2012,261,600,13.38,0,0,7.27
102,2012,261,700,13.38,6.8138,0,7.34
102,2012,261,800,13.38,150.32,.25,82.2
102,2012,261,900,13.38,344.45,.133,81.7
102,2012,261,1000,13.38,1940.7,1,748
102,2012,261,1100,13.38,2947.6,1,831
102,2012,261,1200,13.36,3480.9,1,833
102,2012,261,1300,13.35,3649.8,.983,789
102,2012,261,1400,13.34,3911.3,1,755
102,2012,261,1500,13.33,3070.7,.866,548.3
102,2012,261,1600,13.32,2243.9,.733,578.2
102,2012,261,1700,13.32,1853.1,.916,582.9
102,2012,261,1800,13.32,491.45,.25,101.4
102,2012,261,1900,13.33,87.757,0,9.07
102,2012,261,2000,13.33,0,0,9.33
102,2012,261,2100,13.33,0,0,9.28
102,2012,261,2200,13.34,0,0,9.27
102,2012,261,2300,13.34,0,0,9.25
101,2012,261,2400,13.32,24179,8.13
102,2012,261,2400,13.34,0,0,9.25
102,2012,262,100,13.34,0,0,9.04
102,2012,262,200,13.35,0,0,9.01
102,2012,262,300,13.35,0,0,9
102,2012,262,400,13.36,0,0,9.02
102,2012,262,500,13.36,0,0,9.04
102,2012,262,600,13.36,0,0,8.96
102,2012,262,700,13.36,7.8492,0,9.13
102,2012,262,800,13.37,162.42,.233,88.2
102,2012,262,900,13.37,370.36,.133,103.4
102,2012,262,1000,12.81,1990,1,753
102,2012,262,1100,13.37,2941.1,1,818
102,2012,262,1200,12.78,3525.5,1,816
102,2012,262,1300,13.35,3402.2,.95,675.2
102,2012,262,1400,13.34,2869,.733,473.5
102,2012,262,1500,13.33,2683.2,.716,477.9
102,2012,262,1600,13.32,2325.5,.816,575.8
102,2012,262,1700,13.32,1844.3,.766,516.9
102,2012,262,1800,13.32,520.57,.5,213.7
102,2012,262,1900,13.33,163.11,.367,126.5
102,2012,262,2000,13.33,0,0,7.84
102,2012,262,2100,13.33,0,0,7.26
102,2012,262,2200,13.33,0,0,7.26
102,2012,262,2300,13.33,0,0,7.26
101,2012,262,2400,12.78,22805,8.21
102,2012,262,2400,13.33,0,0,7.26
102,2012,263,100,13.33,0,0,7.26
102,2012,263,200,13.34,0,0,7.26
102,2012,263,300,13.34,0,0,7.27
102,2012,263,400,13.34,0,0,7.27
102,2012,263,500,13.34,0,0,7.27
102,2012,263,600,13.35,0,0,7.27
102,2012,263,700,13.35,8.3928,0,7.65
102,2012,263,800,13.35,207.39,.183,75.7
102,2012,263,900,13.35,488.58,.283,123.2
102,2012,263,1000,13.36,2041.2,1,719
102,2012,263,1100,13.35,2872.1,1,793
102,2012,263,1200,13.34,3504.3,1,817
102,2012,263,1300,12.7,3523.7,.916,678.4
102,2012,263,1400,13.33,3808.2,1,722
102,2012,263,1500,13.32,3113,.9,701
102,2012,263,1600,13.31,2660.9,1,741
102,2012,263,1700,13.31,1205.4,.616,330.4
102,2012,263,1800,13.33,603.93,.25,121.1
102,2012,263,1900,13.34,0,0,6.599
102,2012,263,2000,13.34,0,0,6.583
102,2012,263,2100,13.34,0,0,6.577
102,2012,263,2200,13.34,0,0,6.605
102,2012,263,2300,13.34,0,0,6.572
101,2012,263,2400,12.7,24037,8.15
102,2012,263,2400,13.35,0,0,6.583
102,2012,264,100,13.34,0,0,6.577
102,2012,264,200,13.35,0,0,6.589
102,2012,264,300,13.35,0,0,6.594
102,2012,264,400,13.35,0,0,6.594
102,2012,264,500,13.36,0,0,6.533
102,2012,264,600,13.36,0,0,6.589
102,2012,264,700,13.36,9.8243,0,7.05
102,2012,264,800,13.38,179.11,.217,87.3
102,2012,264,900,13.39,393.72,.167,99.3
102,2012,264,1000,13.38,2097,1,769
102,2012,264,1100,13.37,2939.4,1,813
102,2012,264,1200,13.36,3461.1,1,812
102,2012,264,1300,13.34,3706.7,1,783
102,2012,264,1400,13.33,3302.7,.85,569.9
102,2012,264,1500,13.32,3402.3,.983,704
102,2012,264,1600,13.31,2777,.966,728
102,2012,264,1700,13.3,2031.7,.716,486.6
102,2012,264,1800,13.31,105.42,0,10.92
102,2012,264,1900,13.33,4.0093,0,6.605
102,2012,264,2000,13.34,0,0,6.605
102,2012,264,2100,13.34,0,0,6.605
102,2012,264,2200,13.34,0,0,6.605
102,2012,264,2300,13.34,0,0,6.605
101,2012,264,2400,13.3,24410,7.9
102,2012,264,2400,13.34,0,0,6.605
102,2012,265,100,13.34,0,0,6.605
102,2012,265,200,13.34,0,0,6.605
102,2012,265,300,13.34,0,0,8.05
102,2012,265,400,13.35,0,0,8.59
102,2012,265,500,13.35,0,0,8.59
102,2012,265,600,13.35,0,0,8.93
102,2012,265,700,13.35,8.9728,0,7.5
102,2012,265,800,13.36,191.41,.183,55.51
102,2012,265,900,13.38,447.93,.15,100.1
102,2012,265,1000,13.37,2104.9,1,757
102,2012,265,1100,13.36,2888,1,801
102,2012,265,1200,13.35,3480.6,1,830
102,2012,265,1300,13.34,3728.6,1,798
102,2012,265,1400,13.33,3648.7,1,739
102,2012,265,1500,13.32,3437.3,1,763
102,2012,265,1600,12.76,2620.7,1,626.2
102,2012,265,1700,12.69,1710.7,.783,568.6
102,2012,265,1800,13.33,323.66,0,15.39
102,2012,265,1900,13.33,74.53,0,11.2
102,2012,265,2000,13.33,0,0,8.48
102,2012,265,2100,13.33,0,0,8.42
102,2012,265,2200,13.33,0,0,8.27
102,2012,265,2300,13.33,0,0,8.03
101,2012,265,2400,12.69,24666,8.11
102,2012,265,2400,13.33,0,0,7.92
102,2012,266,100,13.34,0,0,7.93
102,2012,266,200,13.34,0,0,7.93
102,2012,266,300,13.34,0,0,7.93
102,2012,266,400,13.35,0,0,7.93
102,2012,266,500,13.35,0,0,7.93
102,2012,266,600,13.36,0,0,7.93
102,2012,266,700,13.36,9.9859,0,8.23
102,2012,266,800,13.36,154.74,.117,64.78
102,2012,266,900,13.38,347.2,.017,71.5
102,2012,266,1000,13.37,2123.9,1,791
102,2012,266,1100,13.36,2972.1,1,838
102,2012,266,1200,13.35,3467.6,1,832
102,2012,266,1300,13.35,3736.5,1,798
102,2012,266,1400,13.33,3022,.583,324.2
102,2012,266,1500,13.33,1721.4,.25,106.5
102,2012,266,1600,13.32,1278.3,.816,218.8
102,2012,266,1700,13.31,1693,.883,480.1
102,2012,266,1800,13.31,467.5,.017,28.54
102,2012,266,1900,13.32,78.565,0,8.58
102,2012,266,2000,13.33,0,0,6.604
102,2012,266,2100,13.33,0,0,6.604
102,2012,266,2200,13.33,0,0,6.604
102,2012,266,2300,13.33,0,0,6.604
101,2012,266,2400,13.31,21073,6.681
102,2012,266,2400,13.33,0,0,6.604
102,2012,267,100,13.33,0,0,6.604
102,2012,267,200,13.33,0,0,6.604
102,2012,267,300,13.34,0,0,6.604
102,2012,267,400,13.34,0,0,6.605
102,2012,267,500,13.34,0,0,6.594
102,2012,267,600,13.35,0,0,6.6
102,2012,267,700,13.35,9.9128,0,6.803
102,2012,267,800,13.35,191.54,.083,58.07
102,2012,267,900,13.36,538.51,.15,91.6
102,2012,267,1000,13.37,1459.3,1,368.7
102,2012,267,1100,13.36,2233.9,1,388.4
102,2012,267,1200,13.35,2358.4,.883,307.6
102,2012,267,1300,12.75,2725.8,.8,368.1
102,2012,267,1400,12.73,1775.6,.333,124.9
102,2012,267,1500,13.32,1625.3,.267,139.2
102,2012,267,1600,13.32,1379.9,.883,208.6
102,2012,267,1700,13.32,1162.2,.566,267.1
102,2012,267,1800,13.33,364.2,0,15.21
102,2012,267,1900,13.33,59.015,0,8.88
102,2012,267,2000,13.33,0,0,9.22
102,2012,267,2100,13.33,0,0,9.25
102,2012,267,2200,13.33,0,0,9.14
102,2012,267,2300,13.33,0,0,8.97
101,2012,267,2400,12.73,15884,5.964
102,2012,267,2400,13.33,0,0,8.96
102,2012,268,100,13.33,0,0,9.06
102,2012,268,200,13.34,0,0,9.25
102,2012,268,300,13.34,0,0,9.25
102,2012,268,400,13.34,0,0,9.25
102,2012,268,500,13.34,0,0,9.25
102,2012,268,600,13.35,0,0,9.25
102,2012,268,700,13.35,6.7847,0,7.53
102,2012,268,800,13.36,233.45,.05,64.65
102,2012,268,900,13.37,608.7,.033,83.4
102,2012,268,1000,13.37,1817.5,.783,556.9
102,2012,268,1100,13.36,2731.7,1,721
102,2012,268,1200,13.35,3459.5,1,774
102,2012,268,1300,13.33,3827.5,1,789
102,2012,268,1400,13.31,3480.3,.85,413.8
102,2012,268,1500,12.71,2084.5,.4,148
102,2012,268,1600,13.31,1195.5,.033,45.04
102,2012,268,1700,13.31,683.95,0,21.21
102,2012,268,1800,13.31,1020,.966,454.4
102,2012,268,1900,13.31,136.22,.067,39.49
102,2012,268,2000,13.32,0,0,8.73
102,2012,268,2100,13.33,0,0,8.59
102,2012,268,2200,13.33,0,0,8.76
102,2012,268,2300,13.33,0,0,8.84
101,2012,268,2400,12.71,21286,6.181
102,2012,268,2400,12.75,0,0,8.85
102,2012,269,100,13.33,0,0,8.83
102,2012,269,200,13.33,0,0,8.79
102,2012,269,300,13.33,0,0,8.81
102,2012,269,400,13.34,0,0,8.82
102,2012,269,500,13.34,0,0,8.75
102,2012,269,600,13.34,0,0,8.74
102,2012,269,700,13.34,3.2602,0,8.45
102,2012,269,800,13.34,141,0,8.11
102,2012,269,900,12.88,403.92,0,7.88
102,2012,269,1000,13.36,732.97,0,15.34
102,2012,269,1100,13.37,890.08,0,10.61
102,2012,269,1200,13.37,580.79,0,9.82
102,2012,269,1300,13.36,903.23,0,9.91
102,2012,269,1400,13.36,1291.1,0,11.18
102,2012,269,1500,13.35,1542.3,.067,56.25
102,2012,269,1600,13.34,2251.7,.866,539.8
102,2012,269,1700,13.34,1942.4,1,645.5
102,2012,269,1800,13.34,703.53,1,311.2
102,2012,269,1900,13.34,162,.483,148.7
102,2012,269,2000,13.34,0,0,7.53
102,2012,269,2100,13.34,0,0,8.59
102,2012,269,2200,13.34,0,0,7.93
102,2012,269,2300,13.34,0,0,7.93
101,2012,269,2400,12.88,11548,3.415
102,2012,269,2400,13.35,0,0,8.17
102,2012,270,100,13.34,0,0,9.25
102,2012,270,200,13.35,0,0,9.25
102,2012,270,300,13.35,0,0,9.25
102,2012,270,400,13.36,0,0,9.25
102,2012,270,500,13.36,0,0,9.1
102,2012,270,600,13.36,0,0,8.39
102,2012,270,700,13.36,11.227,0,8.14
102,2012,270,800,13.36,295.46,0,41.15
102,2012,270,900,13.36,431.07,.183,111.7
102,2012,270,1000,13.37,1932.1,1,719
102,2012,270,1100,13.35,2782.2,1,728
102,2012,270,1200,13.34,2747.7,.966,447.8
102,2012,270,1300,13.33,2212,.5,268.3
102,2012,270,1400,13.33,2648.9,.616,388.7
102,2012,270,1500,13.33,778.52,.15,90.7
102,2012,270,1600,13.36,685.03,0,9.73
102,2012,270,1700,13.35,677.78,0,29.61
102,2012,270,1800,13.35,24.304,0,6.605
102,2012,270,1900,13.35,3.2088,0,6.616
102,2012,270,2000,13.35,0,0,6.616
102,2012,270,2100,13.36,0,0,6.622
102,2012,270,2200,13.35,0,0,6.666
102,2012,270,2300,13.35,0,0,6.693
101,2012,270,2400,13.33,15229,4.415
102,2012,270,2400,13.35,0,0,6.765
102,2012,271,100,13.35,0,0,6.809
102,2012,271,200,13.36,0,0,9.25
102,2012,271,300,13.36,0,0,9.25
102,2012,271,400,13.36,0,0,9.25
102,2012,271,500,13.36,0,0,9.25
102,2012,271,600,13.36,0,0,9.15
102,2012,271,700,13.36,4.2734,0,8.59
102,2012,271,800,13.38,156.7,0,9.29
102,2012,271,900,13.4,521.56,0,9.51
102,2012,271,1000,13.4,688.57,0,11.33
102,2012,271,1100,13.39,1812.1,.433,170.1
102,2012,271,1200,13.38,2660.8,.8,445.1
102,2012,271,1300,13.36,3343.7,.816,530.1
102,2012,271,1400,13.36,2878.4,.783,492.4
102,2012,271,1500,13.35,2230.5,.683,434.9
102,2012,271,1600,13.34,1370.3,.367,247.5
102,2012,271,1700,13.34,835.08,.283,160.9
102,2012,271,1800,13.35,52.817,0,7.68
102,2012,271,1900,13.36,2.4084,0,6.902
102,2012,271,2000,12.71,0,0,6.6
102,2012,271,2100,13.37,0,0,6.6
102,2012,271,2200,13.37,0,0,6.594
102,2012,271,2300,13.37,0,0,6.583
101,2012,271,2400,12.71,16557,4.165
102,2012,271,2400,13.37,0,0,6.55
102,2012,272,100,13.37,0,0,6.561
102,2012,272,200,13.37,0,0,6.528
102,2012,272,300,13.38,0,0,6.555
102,2012,272,400,13.38,0,0,6.594
102,2012,272,500,13.38,0,0,6.517
102,2012,272,600,13.38,0,0,6.528
102,2012,272,700,13.38,8.5611,0,8.02
102,2012,272,800,12.69,169.12,0,11.09
102,2012,272,900,13.39,516.92,.067,101.9
102,2012,272,1000,13.38,2251.9,1,778
102,2012,272,1100,12.69,3015.9,1,772
102,2012,272,1200,13.37,3236.1,.916,720
102,2012,272,1300,13.36,3460.7,.833,658.2
102,2012,272,1400,13.35,3325.7,.766,514.4
102,2012,272,1500,13.35,1071.4,.15,112.8
102,2012,272,1600,13.34,2108.5,.85,588.2
102,2012,272,1700,13.34,2269.6,1,696.6
102,2012,272,1800,13.34,735.8,.5,213.3
102,2012,272,1900,13.34,165.93,.367,112.2
102,2012,272,2000,13.35,0,0,7.3
102,2012,272,2100,13.35,0,0,7.27
102,2012,272,2200,13.35,0,0,7.27
102,2012,272,2300,13.35,0,0,7.27
101,2012,272,2400,12.69,22336,7.45
102,2012,272,2400,13.36,0,0,7.27
102,2012,273,100,13.36,0,0,7.27
102,2012,273,200,13.36,0,0,7.27
102,2012,273,300,13.37,0,0,7.27
102,2012,273,400,13.37,0,0,7.27
102,2012,273,500,13.38,0,0,7.27
102,2012,273,600,13.38,0,0,7.27
102,2012,273,700,13.38,10.625,0,7.5
102,2012,273,800,13.39,154.29,0,31.69
102,2012,273,900,13.38,281.57,.167,96
102,2012,273,1000,13.38,2141.3,1,833
102,2012,273,1100,13.37,3034.4,1,861
102,2012,273,1200,13.36,3536.6,1,847
102,2012,273,1300,13.36,3787,1,832
102,2012,273,1400,13.34,3781.1,1,788
102,2012,273,1500,13.34,3448.2,.983,792
102,2012,273,1600,13.33,2767.5,.95,728
102,2012,273,1700,13.33,837.59,.217,143.5
102,2012,273,1800,13.07,244.94,0,8.22
102,2012,273,1900,12.68,36.194,0,10.29
102,2012,273,2000,12.67,0,0,8.78
102,2012,273,2100,13.34,0,0,8.05
102,2012,273,2200,13.34,0,0,8.15
102,2012,273,2300,13.34,0,0,8.2
101,2012,273,2400,12.67,24061,7.31
102,2012,273,2400,13.35,0,0,8.11
102,2012,274,100,13.35,.58742,0,8.16
102,2012,274,200,13.35,.01469,0,8.15
102,2012,274,300,13.36,0,0,8.05
102,2012,274,400,13.36,0,0,8.14
102,2012,274,500,13.36,0,0,8.12
102,2012,274,600,13.36,0,0,8.03
102,2012,274,700,13.36,11.19,0,8.22
102,2012,274,800,13.37,168.64,0,37.8
102,2012,274,900,13.37,281.21,.1,85.6
102,2012,274,1000,13.36,2081.7,1,813
102,2012,274,1100,13.36,3017.5,1,850
102,2012,274,1200,13.34,3534.9,1,840
102,2012,274,1300,13.33,2361.1,.666,392.8
102,2012,274,1400,13.33,2939,.683,482.4
102,2012,274,1500,13.32,3053.7,.883,580.6
102,2012,274,1600,13.31,2068.6,.666,474.1
102,2012,274,1700,12.7,1113.7,.45,227.9
102,2012,274,1800,12.68,217.27,.017,19.53
102,2012,274,1900,13.33,12.16,0,8.59
102,2012,274,2000,13.33,0,0,8.59
102,2012,274,2100,13.33,0,0,8.5
102,2012,274,2200,13.33,0,0,8.26
102,2012,274,2300,13.33,0,0,8.26
101,2012,274,2400,12.68,20861,6.464
102,2012,274,2400,13.34,0,0,8.26
102,2012,275,100,13.34,0,0,8.27
102,2012,275,200,13.34,0,0,8.28
102,2012,275,300,13.35,0,0,8.33
102,2012,275,400,13.34,0,0,8.27
102,2012,275,500,13.35,0,0,8.27
102,2012,275,600,13.35,0,0,8.27
102,2012,275,700,13.36,9.7584,0,8.82
102,2012,275,800,13.36,175,0,36.36
102,2012,275,900,13.37,330.97,.133,113
102,2012,275,1000,13.37,2039.5,1,822
102,2012,275,1100,13.36,3040.2,1,863
102,2012,275,1200,13.35,3520.7,1,857
102,2012,275,1300,13.34,3741.9,1,827
102,2012,275,1400,13.33,3682.8,1,787
102,2012,275,1500,13.33,3332.8,1,787
102,2012,275,1600,13.31,2740.4,1,783
102,2012,275,1700,13.31,1415.6,.483,361.6
102,2012,275,1800,13.32,769.98,.833,359.9
102,2012,275,1900,13.32,140.49,.483,145.4
102,2012,275,2000,13.32,0,0,9.61
102,2012,275,2100,13.32,0,0,9.37
102,2012,275,2200,13.33,0,0,8.35
102,2012,275,2300,13.32,0,0,8.58
101,2012,275,2400,13.31,24940,8.93
102,2012,275,2400,13.33,0,0,8.79
102,2012,276,100,13.33,0,0,9.25
102,2012,276,200,13.33,0,0,9.25
102,2012,276,300,13.34,0,0,9.25
102,2012,276,400,13.34,0,0,9.25
102,2012,276,500,13.34,0,0,9.25
102,2012,276,600,13.35,0,0,9.18
102,2012,276,700,13.35,35.12,0,9.71
102,2012,276,800,13.36,403.16,0,35.31
102,2012,276,900,13.36,800.3,.067,66.56
102,2012,276,1000,13.36,1534.9,1,316
102,2012,276,1100,13.35,2222.5,1,463.1
102,2012,276,1200,13.35,2315.3,1,353.6
102,2012,276,1300,13.35,2134.5,.566,157.2
102,2012,276,1400,13.33,2800.3,.983,410.4
102,2012,276,1500,13.33,2684,.933,529.2
102,2012,276,1600,13.32,2471.5,.966,565
102,2012,276,1700,13.32,1655.6,1,423.4
102,2012,276,1800,12.91,478.93,.267,92.8
102,2012,276,1900,12.67,16.97,0,6.604
102,2012,276,2000,12.67,.11749,0,6.604
102,2012,276,2100,12.67,.22029,0,7.43
102,2012,276,2200,12.67,.11014,0,8.46
102,2012,276,2300,12.67,0,0,8.96
101,2012,276,2400,12.67,19554,7.78
102,2012,276,2400,12.67,0,0,8.36
102,2012,277,100,12.67,0,0,7.93
102,2012,277,200,12.67,0,0,7.93
102,2012,277,300,12.67,0,0,7.95
102,2012,277,400,12.67,0,0,7.74
102,2012,277,500,12.66,0,0,7.27
102,2012,277,600,12.66,0,0,7.27
102,2012,277,700,12.66,15.067,0,7.62
102,2012,277,800,12.66,151.81,0,31.48
102,2012,277,900,12.66,264.72,.283,142.9
102,2012,277,1000,12.65,1966.7,1,835
102,2012,277,1100,13.3,3029.1,1,859
102,2012,277,1200,13.34,3584.1,.983,830
102,2012,277,1300,13.34,3724,1,792
102,2012,277,1400,13.33,3211.7,.8,588.4
102,2012,277,1500,13.33,3149.8,.883,614.2
102,2012,277,1600,13.33,999.86,.05,66.89
102,2012,277,1700,13.33,760.65,.333,161.8
102,2012,277,1800,13.34,291.46,.117,82.1
102,2012,277,1900,13.34,24.495,0,9.59
102,2012,277,2000,13.34,.24231,0,7.38
102,2012,277,2100,13.35,.94722,0,6.605
102,2012,277,2200,13.35,0,0,6.6
102,2012,277,2300,13.34,0,0,6.605
101,2012,277,2400,12.65,21175,6.447
102,2012,277,2400,13.34,0,0,6.605
102,2012,278,100,13.35,0,0,6.594
102,2012,278,200,13.35,0,0,6.6
102,2012,278,300,13.35,0,0,6.594
102,2012,278,400,13.36,0,0,6.605
102,2012,278,500,13.36,0,0,6.605
102,2012,278,600,13.36,0,0,6.6
102,2012,278,700,13.36,19.898,0,7.8
102,2012,278,800,13.37,252.14,0,22.71
102,2012,278,900,13.37,585.16,.367,142.2
102,2012,278,1000,13.37,1928.4,1,704
102,2012,278,1100,13.36,2845.9,1,729
102,2012,278,1200,13.35,3557.2,1,844
102,2012,278,1300,13.34,3450.5,.85,679.9
102,2012,278,1400,13.34,3850.6,.983,719
102,2012,278,1500,13.33,3393.6,.983,760
102,2012,278,1600,13.33,2550.6,.95,694.3
102,2012,278,1700,13.32,976.25,.4,247.9
102,2012,278,1800,13.32,474.77,.317,142
102,2012,278,1900,12.73,211.66,.217,80.6
102,2012,278,2000,12.72,.6168,0,6.648
102,2012,278,2100,13.34,.84443,0,6.605
102,2012,278,2200,13.34,0,0,6.605
102,2012,278,2300,13.34,0,0,6.605
101,2012,278,2400,12.72,24098,8.06
102,2012,278,2400,13.34,0,0,6.605
102,2012,279,100,13.35,0,0,6.605
102,2012,279,200,13.35,0,0,6.605
102,2012,279,300,13.35,0,0,6.605
102,2012,279,400,13.35,0,0,6.605
102,2012,279,500,13.36,0,0,6.605
102,2012,279,600,13.36,0,0,6.605
102,2012,279,700,13.36,7.4087,0,6.605
102,2012,279,800,13.36,264.46,0,19.83
102,2012,279,900,13.36,822.38,.167,124.7
102,2012,279,1000,13.36,2080.3,.966,732
102,2012,279,1100,12.69,3040.4,1,868
102,2012,279,1200,12.68,3492.8,1,844
102,2012,279,1300,13.32,3809,1,797
102,2012,279,1400,13.33,3331.4,.9,532.7
102,2012,279,1500,13.33,3388.8,.983,747
102,2012,279,1600,13.31,2241.3,.8,521
102,2012,279,1700,13.31,536.19,.117,73.1
102,2012,279,1800,12.71,72.361,0,6.829
102,2012,279,1900,13.34,4.0827,0,6.604
102,2012,279,2000,13.34,2.0633,0,6.605
102,2012,279,2100,13.34,1.2997,0,6.594
102,2012,279,2200,13.34,0,0,6.605
102,2012,279,2300,13.35,0,0,6.605
101,2012,279,2400,12.68,23094,6.931
102,2012,279,2400,13.34,0,0,6.605
102,2012,280,100,13.34,0,0,6.605
102,2012,280,200,13.35,0,0,6.605
102,2012,280,300,13.35,0,0,6.605
102,2012,280,400,13.35,0,0,6.605
102,2012,280,500,13.36,0,0,6.605
102,2012,280,600,13.36,0,0,6.605
102,2012,280,700,13.36,14.876,0,6.902
102,2012,280,800,13.37,241.73,0,28.8
102,2012,280,900,13.36,570.77,.333,143.7
102,2012,280,1000,13.36,1587.6,1,458.9
102,2012,280,1100,13.36,2896.6,1,658.3
102,2012,280,1200,13.36,3408.1,1,611.6
102,2012,280,1300,13.34,3399.5,.933,474.1
102,2012,280,1400,13.34,2628.9,.933,319.2
102,2012,280,1500,13.33,2297.1,.95,299
102,2012,280,1600,13.33,1470.2,1,283.8
102,2012,280,1700,13.33,1539.8,1,511.4
102,2012,280,1800,13.32,797.25,.583,226.3
102,2012,280,1900,13.33,29.116,0,14.42
102,2012,280,2000,13.33,0,0,7.92
102,2012,280,2100,13.33,0,0,7.92
102,2012,280,2200,13.33,0,0,7.93
102,2012,280,2300,13.34,0,0,7.93
101,2012,280,2400,13.32,20882,8.73
102,2012,280,2400,13.34,.12483,0,7.94
102,2012,281,100,13.35,.07343,0,8.04
102,2012,281,200,13.35,.33043,0,8.05
102,2012,281,300,13.35,0,0,8.07
102,2012,281,400,13.35,0,0,8.09
102,2012,281,500,13.35,0,0,8.05
102,2012,281,600,13.36,0,0,7.98
102,2012,281,700,13.36,19.884,0,8.48
102,2012,281,800,13.36,197.64,0,30.64
102,2012,281,900,13.36,351.03,.283,172.9
102,2012,281,1000,13.36,2088.4,1,789
102,2012,281,1100,13.36,3079.1,1,855
102,2012,281,1200,13.35,3579,1,837
102,2012,281,1300,13.35,3846.8,1,781
102,2012,281,1400,13.35,3639.3,1,758
102,2012,281,1500,13.33,3229.9,.983,689.8
102,2012,281,1600,13.33,2679.2,.933,488.1
102,2012,281,1700,13.34,352.99,.05,45.59
102,2012,281,1800,13.34,93.233,0,8.07
102,2012,281,1900,13.35,44.784,0,8.01
102,2012,281,2000,13.35,0,0,8.01
102,2012,281,2100,13.34,0,0,8.03
102,2012,281,2200,13.35,0,0,8.04
102,2012,281,2300,13.35,0,0,7.98
101,2012,281,2400,13.33,23202,7.25
102,2012,281,2400,13.35,0,0,8.03
102,2012,282,100,13.35,0,0,8.01
102,2012,282,200,12.75,0,0,7.93
102,2012,282,300,13.36,0,0,7.93
102,2012,282,400,13.36,0,0,7.96
102,2012,282,500,13.36,0,0,7.94
102,2012,282,600,13.36,0,0,7.93
102,2012,282,700,13.37,13.863,0,8.22
102,2012,282,800,13.37,172.34,0,33.19
102,2012,282,900,13.37,293.65,.267,184.4
102,2012,282,1000,13.37,1976.8,1,784
102,2012,282,1100,13.36,3022.6,1,867
102,2012,282,1200,13.36,3470.3,.983,811
102,2012,282,1300,13.35,3675.8,.883,716
102,2012,282,1400,13.35,3441.7,.783,570.4
102,2012,282,1500,13.34,3433.3,1,693.9
102,2012,282,1600,13.33,779.49,.083,68.48
102,2012,282,1700,12.71,71.984,0,9.04
102,2012,282,1800,12.69,223.88,0,11.6
102,2012,282,1900,12.67,58.28,0,6.605
102,2012,282,2000,12.67,0,0,6.6
102,2012,282,2100,13.35,0,0,6.605
102,2012,282,2200,13.35,0,0,6.605
102,2012,282,2300,13.35,0,0,6.594
101,2012,282,2400,12.67,20634,5.998
102,2012,282,2400,13.35,0,0,6.577
102,2012,283,100,13.36,0,0,6.528
102,2012,283,200,13.36,0,0,6.555
102,2012,283,300,13.36,0,0,6.522
102,2012,283,400,13.36,0,0,6.594
102,2012,283,500,13.36,0,0,6.511
102,2012,283,600,13.37,0,0,6.522
102,2012,283,700,13.38,20.485,0,6.71
102,2012,283,800,13.38,174.78,0,23.12
102,2012,283,900,13.38,281.01,.317,170
102,2012,283,1000,13.38,2157.3,1,834
102,2012,283,1100,13.37,3050.4,1,838
102,2012,283,1200,12.67,3632.2,1,845
102,2012,283,1300,12.67,3127.7,1,542.3
102,2012,283,1400,12.67,3013.1,1,500.8
102,2012,283,1500,12.69,3147.9,1,639
102,2012,283,1600,13.35,2380.8,.983,625
102,2012,283,1700,13.35,1750.9,1,594.3
102,2012,283,1800,12.77,860.2,.8,310.3
102,2012,283,1900,13.33,59.251,0,10.57
102,2012,283,2000,13.33,0,0,6.94
102,2012,283,2100,13.33,0,0,6.824
102,2012,283,2200,13.34,0,0,6.813
102,2012,283,2300,13.34,0,0,6.819
101,2012,283,2400,12.67,23656,9.1
102,2012,283,2400,13.34,0,0,6.659
102,2012,284,100,13.34,0,0,6.687
102,2012,284,200,13.34,0,0,6.714
102,2012,284,300,13.34,0,0,6.72
102,2012,284,400,13.34,0,0,6.759
102,2012,284,500,13.34,0,0,6.732
102,2012,284,600,13.35,0,0,6.721
102,2012,284,700,13.35,24.914,0,6.693
102,2012,284,800,13.35,234.5,0,23.05
102,2012,284,900,13.35,731.95,0,51.52
102,2012,284,1000,13.35,1970.7,.866,566.2
102,2012,284,1100,13.34,2323.4,1,436.8
102,2012,284,1200,13.34,3373.3,1,579.6
102,2012,284,1300,13.33,3319.2,.833,465.6
102,2012,284,1400,13.32,2953,.633,401
102,2012,284,1500,13.31,2585.7,.85,386.2
102,2012,284,1600,13.31,1470.9,.233,150.9
102,2012,284,1700,12.72,332.39,0,14.06
102,2012,284,1800,13.33,72.432,0,6.791
102,2012,284,1900,13.34,20.458,0,6.605
102,2012,284,2000,13.34,0,0,6.605
102,2012,284,2100,13.34,0,0,6.605
102,2012,284,2200,13.33,0,0,6.604
102,2012,284,2300,13.34,0,0,6.604
101,2012,284,2400,12.72,19413,5.415
102,2012,284,2400,13.34,0,0,6.604
102,2012,285,100,13.34,0,0,6.604
102,2012,285,200,13.34,0,0,6.605
102,2012,285,300,13.34,0,0,6.605
102,2012,285,400,13.34,0,0,6.605
102,2012,285,500,13.35,0,0,6.605
102,2012,285,600,13.35,0,0,6.605
102,2012,285,700,13.35,27.77,0,6.908
102,2012,285,800,13.35,320.72,0,15.32
102,2012,285,900,13.36,760.08,.267,116.3
102,2012,285,1000,13.35,1659.5,1,530.5
102,2012,285,1100,13.35,2560.6,1,708
102,2012,285,1200,13.34,3120.4,.916,711
102,2012,285,1300,13.34,3294.5,.85,482.3
102,2012,285,1400,13.33,2304.8,.3,127.6
102,2012,285,1500,13.33,2558.4,.8,437.1
102,2012,285,1600,13.33,899.39,.25,107.2
102,2012,285,1700,13.33,502.7,0,27.29
102,2012,285,1800,13.33,440.13,.117,39.58
102,2012,285,1900,13.32,110.42,.2,56.62
102,2012,285,2000,13.33,.24232,0,7.92
102,2012,285,2100,13.33,0,0,7.92
102,2012,285,2200,13.33,0,0,7.92
102,2012,285,2300,13.33,.23498,0,6.802
101,2012,285,2400,13.32,18560,5.698
102,2012,285,2400,13.33,0,0,6.582
102,2012,286,100,13.33,0,0,6.604
102,2012,286,200,13.34,0,0,6.599
102,2012,286,300,13.34,0,0,6.605
102,2012,286,400,13.35,0,0,6.605
102,2012,286,500,13.35,0,0,6.605
102,2012,286,600,13.35,0,0,6.605
102,2012,286,700,13.35,23.636,0,6.605
102,2012,286,800,13.36,279.58,0,34.56
102,2012,286,900,13.36,409.13,.267,135.6
102,2012,286,1000,12.69,2067.1,1,785
102,2012,286,1100,13.35,3156.8,1,879
102,2012,286,1200,13.34,2565.7,.65,417.3
102,2012,286,1300,13.34,1709.8,.283,196.9
102,2012,286,1400,12.67,1989.2,.5,235.3
102,2012,286,1500,12.67,1373.4,.2,131.3
102,2012,286,1600,13.34,214.98,0,7.35
102,2012,286,1700,13.35,59.8,0,6.902
102,2012,286,1800,13.35,16.051,0,7.28
102,2012,286,1900,13.36,.46259,0,7.27
102,2012,286,2000,13.36,0,0,7.28
102,2012,286,2100,13.36,0,0,7.27
102,2012,286,2200,13.36,0,0,7.27
102,2012,286,2300,13.36,0,0,7.27
101,2012,286,2400,12.67,13866,3.898
102,2012,286,2400,13.36,0,0,7.27
102,2012,287,100,13.36,0,0,7.27
102,2012,287,200,13.36,0,0,7.27
102,2012,287,300,13.36,0,0,7.26
102,2012,287,400,13.37,0,0,7.28
102,2012,287,500,13.37,0,0,7.27
102,2012,287,600,13.37,0,0,7.26
102,2012,287,700,13.38,24.282,0,8.55
102,2012,287,800,13.38,193.44,0,26.57
102,2012,287,900,13.38,399.57,.283,88.5
102,2012,287,1000,13.38,1220.9,.233,86.7
102,2012,287,1100,13.38,2083.8,.666,179.1
102,2012,287,1200,13.37,1839.3,.15,67.11
102,2012,287,1300,13.36,2720.3,.566,267.7
102,2012,287,1400,13.36,2875.7,.583,358.7
102,2012,287,1500,13.35,2897.7,.783,554.9
102,2012,287,1600,13.35,1754.9,.4,185.2
102,2012,287,1700,13.35,728.51,0,37.11
102,2012,287,1800,13.35,489.75,.1,58.28
102,2012,287,1900,13.35,57.054,0,7.95
102,2012,287,2000,12.69,0,0,8.06
102,2012,287,2100,12.67,0,0,8.82
102,2012,287,2200,13.36,0,0,7.47
102,2012,287,2300,13.36,0,0,7.45
101,2012,287,2400,12.67,17285,3.765
102,2012,287,2400,13.36,0,0,7.5
102,2012,288,100,13.36,0,0,7.54
102,2012,288,200,13.36,0,0,7.56
102,2012,288,300,13.36,0,0,7.49
102,2012,288,400,13.36,0,0,7.47
102,2012,288,500,13.37,0,0,7.39
102,2012,288,600,13.37,0,0,7.48
102,2012,288,700,13.37,15.559,0,7.44
102,2012,288,800,13.38,283.32,0,37.62
102,2012,288,900,12.79,790.76,.05,55.99
102,2012,288,1000,12.68,1955.2,1,475.2
102,2012,288,1100,13.37,2999,1,680.7
102,2012,288,1200,13.36,3616.5,1,876
102,2012,288,1300,13.36,3847,1,730
102,2012,288,1400,13.34,2797,.583,344.3
102,2012,288,1500,13.35,1721.4,.2,129.3
102,2012,288,1600,12.83,1726.5,.75,181
102,2012,288,1700,12.81,1555.7,.516,315.2
102,2012,288,1800,13.34,125.82,0,10.37
102,2012,288,1900,12.69,4.1341,0,9.33
102,2012,288,2000,12.67,0,0,9.25
102,2012,288,2100,13.34,0,0,9.36
102,2012,288,2200,13.35,0,0,9.33
102,2012,288,2300,13.35,0,0,9.42
101,2012,288,2400,12.67,21438,6.098
102,2012,288,2400,13.35,0,0,9.46
102,2012,289,100,12.84,0,0,9.35
102,2012,289,200,12.67,0,0,9.25
102,2012,289,300,12.66,0,0,9.25
102,2012,289,400,12.66,0,0,9.25
102,2012,289,500,12.66,0,0,9.25
102,2012,289,600,12.66,0,0,9.25
102,2012,289,700,12.66,12.335,0,9.25
102,2012,289,800,12.66,249.68,0,11.79
102,2012,289,900,12.66,720.64,.167,58.56
102,2012,289,1000,12.66,1280.3,.2,109
102,2012,289,1100,12.66,2633.9,.966,476.7
102,2012,289,1200,12.66,3771.7,1,837
102,2012,289,1300,12.66,3308.9,.833,568.6
102,2012,289,1400,12.66,2060.4,.3,94.5
102,2012,289,1500,12.67,2278.4,.6,194
102,2012,289,1600,12.67,1120.8,0,33.64
102,2012,289,1700,12.67,1326,.466,210.3
102,2012,289,1800,12.67,247.56,0,18.6
102,2012,289,1900,12.67,17.491,0,9.56
102,2012,289,2000,12.67,0,0,9.26
102,2012,289,2100,12.67,1.1822,0,9.25
102,2012,289,2200,12.67,0,0,9.25
102,2012,289,2300,12.67,0,0,9.25
101,2012,289,2400,12.66,19029,4.532
102,2012,289,2400,12.67,0,0,9.25
102,2012,290,100,12.66,0,0,9.25
102,2012,290,200,12.66,0,0,9.25
102,2012,290,300,12.66,0,0,9.25
102,2012,290,400,12.66,0,0,9.25
102,2012,290,500,12.66,0,0,9.25
102,2012,290,600,12.66,0,0,9.25
102,2012,290,700,12.66,28.188,0,9.85
102,2012,290,800,12.66,177.08,0,22.19
102,2012,290,900,12.65,270.58,.183,152.1
102,2012,290,1000,12.65,2138.5,1,847
102,2012,290,1100,12.65,3104.3,1,893
102,2012,290,1200,12.65,3592.6,1,877
102,2012,290,1300,13.3,3867.2,1,834
102,2012,290,1400,13.31,3779.7,1,773
102,2012,290,1500,13.32,2556.5,.683,475.4
102,2012,290,1600,13.33,951.6,.167,60.61
102,2012,290,1700,13.34,717.66,0,20.31
102,2012,290,1800,13.33,594.43,.417,219.7
102,2012,290,1900,13.33,13.871,0,9.51
102,2012,290,2000,12.73,0,0,9.34
102,2012,290,2100,12.73,0,0,9.38
102,2012,290,2200,13.34,0,0,9.32
102,2012,290,2300,13.34,0,0,9.4
101,2012,290,2400,12.65,21792,6.447
102,2012,290,2400,13.34,0,0,9.32
102,2012,291,100,13.34,0,0,9.31
102,2012,291,200,13.34,0,0,9.25
102,2012,291,300,13.35,0,0,9.25
102,2012,291,400,13.36,0,0,9.25
102,2012,291,500,13.36,0,0,9.25
102,2012,291,600,13.36,0,0,9.25
102,2012,291,700,13.36,16.917,0,9.4
102,2012,291,800,13.37,152.31,0,23.02
102,2012,291,900,13.37,279.94,.167,148.8
102,2012,291,1000,13.37,2173.6,1,861
102,2012,291,1100,13.36,3088.3,1,887
102,2012,291,1200,13.35,3579.1,1,871
102,2012,291,1300,13.35,3756.9,1,835
102,2012,291,1400,13.33,3662.9,1,790
102,2012,291,1500,13.33,3342.6,1,807
102,2012,291,1600,13.31,2805,.966,721
102,2012,291,1700,12.74,443.45,.183,87.4
102,2012,291,1800,13.32,362.7,.3,160.3
102,2012,291,1900,13.33,27.316,0,7.57
102,2012,291,2000,13.33,0,0,6.604
102,2012,291,2100,13.33,0,0,7.79
102,2012,291,2200,13.33,0,0,8.37
102,2012,291,2300,13.34,0,0,8.19
101,2012,291,2400,12.74,23691,7.61
102,2012,291,2400,13.34,0,0,7.93
102,2012,292,100,13.35,0,0,7.93
102,2012,292,200,13.35,0,0,7.93
102,2012,292,300,13.35,0,0,7.93
102,2012,292,400,13.35,0,0,7.93
102,2012,292,500,13.35,0,0,8.52
102,2012,292,600,13.36,0,0,9.16
102,2012,292,700,13.36,18.577,0,8.96
102,2012,292,800,13.39,159.31,0,23.56
102,2012,292,900,13.39,342.61,.167,134.7
102,2012,292,1000,12.73,2291,1,870
102,2012,292,1100,12.7,3077.9,1,882
102,2012,292,1200,12.79,3554.2,1,860
102,2012,292,1300,12.71,3786.1,1,840
102,2012,292,1400,13.33,3799.1,1,812
102,2012,292,1500,13.32,3357.5,1,680.8
102,2012,292,1600,12.71,357.95,.067,33.22
102,2012,292,1700,12.71,1025.8,.367,249.3
102,2012,292,1800,13.33,981.09,.883,469.7
102,2012,292,1900,13.33,121.15,.333,121.3
102,2012,292,2000,13.33,0,0,7.26
102,2012,292,2100,13.34,0,0,7.26
102,2012,292,2200,13.34,0,0,7.25
102,2012,292,2300,13.34,1.9752,0,7.27
101,2012,292,2400,12.7,22875,7.81
102,2012,292,2400,13.34,.69023,0,7.26
102,2012,293,100,13.35,0,0,7.26
102,2012,293,200,13.35,0,0,7.26
102,2012,293,300,13.35,0,0,7.25
102,2012,293,400,13.35,0,0,7.26
102,2012,293,500,13.36,0,0,7.27
102,2012,293,600,13.36,0,0,7.26
102,2012,293,700,13.36,25.985,0,8.88
102,2012,293,800,13.37,234.94,0,32.33
102,2012,293,900,13.37,485.53,.167,120.1
102,2012,293,1000,13.37,2354.3,1,820
102,2012,293,1100,13.36,3013.4,1,845
102,2012,293,1200,13.35,3528.5,1,845
102,2012,293,1300,13.33,3740.8,1,824
102,2012,293,1400,13.31,3747.9,1,773
102,2012,293,1500,13.3,3126.5,.833,580.4
102,2012,293,1600,13.3,2814.2,1,769
102,2012,293,1700,13.29,1705.6,.7,458.2
102,2012,293,1800,13.3,191.2,0,18.56
102,2012,293,1900,12.72,16.632,0,8.01
102,2012,293,2000,12.7,.05874,0,7.56
102,2012,293,2100,13.33,0,0,7.54
102,2012,293,2200,13.33,0,0,7.57
102,2012,293,2300,13.33,0,0,7.53
101,2012,293,2400,12.7,24985,7.7
102,2012,293,2400,13.34,0,0,7.56
102,2012,294,100,13.34,0,0,7.53
102,2012,294,200,13.35,0,0,7.52
102,2012,294,300,13.34,0,0,7.51
102,2012,294,400,13.35,0,0,7.45
102,2012,294,500,13.35,0,0,7.3
102,2012,294,600,13.35,0,0,7.3
102,2012,294,700,13.36,17.967,0,7.96
102,2012,294,800,13.36,208.38,0,32.02
102,2012,294,900,13.36,505.88,.133,110.1
102,2012,294,1000,13.36,2343.4,1,822
102,2012,294,1100,13.35,3057.2,1,851
102,2012,294,1200,13.34,3542.3,1,835
102,2012,294,1300,13.33,3739.8,1,821
102,2012,294,1400,13.31,3656.7,1,784
102,2012,294,1500,13.31,2889.5,.833,665.2
102,2012,294,1600,13.3,2423.6,.883,624.5
102,2012,294,1700,13.3,1495.1,.866,507.3
102,2012,294,1800,13.3,852.33,1,536.6
102,2012,294,1900,13.3,125.3,.283,98.6
102,2012,294,2000,13.3,0,0,8.29
102,2012,294,2100,13.31,0,0,7.94
102,2012,294,2200,13.31,0,0,8
102,2012,294,2300,13.31,0,0,8
101,2012,294,2400,13.3,24857,9
102,2012,294,2400,13.32,0,0,8.05
102,2012,295,100,13.32,0,0,9.16
102,2012,295,200,13.33,0,0,9.28
102,2012,295,300,13.33,0,0,9.26
102,2012,295,400,13.33,0,0,9.28
102,2012,295,500,13.33,0,0,9.25
102,2012,295,600,13.33,0,0,9.25
102,2012,295,700,13.34,19.378,0,9.83
102,2012,295,800,13.35,289.7,0,34.21
102,2012,295,900,13.35,855.46,.067,87.7
102,2012,295,1000,13.35,1795.4,.516,285.7
102,2012,295,1100,13.34,2788.8,1,669.7
102,2012,295,1200,12.71,3296.7,1,459.6
102,2012,295,1300,13.33,3265.4,.716,305.1
102,2012,295,1400,13.33,3066.9,.8,358.2
102,2012,295,1500,12.72,2570.6,.65,355.2
102,2012,295,1600,12.7,939.56,.083,102.4
102,2012,295,1700,13.33,538.8,0,35.46
102,2012,295,1800,13.33,469.51,.45,111.5
102,2012,295,1900,13.33,79.577,.05,46.46
102,2012,295,2000,13.33,0,0,9.32
102,2012,295,2100,13.33,0,0,9.29
102,2012,295,2200,13.33,0,0,9.31
102,2012,295,2300,13.33,0,0,9.38
101,2012,295,2400,12.7,19976,5.331
102,2012,295,2400,13.33,0,0,9.32
102,2012,296,100,13.33,0,0,9.25
102,2012,296,200,13.33,0,0,9.25
102,2012,296,300,13.34,0,0,9.25
102,2012,296,400,13.34,0,0,9.25
102,2012,296,500,13.35,0,0,9.25
102,2012,296,600,13.35,0,0,9.25
102,2012,296,700,13.36,15.838,0,9.25
102,2012,296,800,13.36,165.82,0,17.31
102,2012,296,900,12.71,451.11,.117,72.7
102,2012,296,1000,13.38,2258.5,1,809
102,2012,296,1100,13.36,2858.8,1,668
102,2012,296,1200,13.35,3096.2,1,595.9
102,2012,296,1300,13.33,3472.9,.983,559.3
102,2012,296,1400,13.32,3531.2,.983,788
102,2012,296,1500,13.31,2678.7,.783,553.7
102,2012,296,1600,13.31,1371.7,.367,245.6
102,2012,296,1700,13.31,1039.7,.383,184.9
102,2012,296,1800,13.32,386.9,.083,39.59
102,2012,296,1900,13.33,52.547,0,9.9
102,2012,296,2000,13.34,0,0,9.25
102,2012,296,2100,13.33,0,0,9.25
102,2012,296,2200,13.33,0,0,9.25
102,2012,296,2300,13.33,0,0,9.25
101,2012,296,2400,12.71,21380,6.697
102,2012,296,2400,13.34,0,0,9.25
102,2012,297,100,13.34,0,0,9.25
102,2012,297,200,13.34,0,0,9.25
102,2012,297,300,13.34,0,0,9.25
102,2012,297,400,13.34,0,0,9.25
102,2012,297,500,13.35,0,0,9.25
102,2012,297,600,13.35,0,0,9.25
102,2012,297,700,13.36,25.56,0,10.8
102,2012,297,800,13.38,213.51,0,34.4
102,2012,297,900,13.39,490.99,.133,74.6
102,2012,297,1000,13.38,2434.5,1,882
102,2012,297,1100,13.36,3133.4,1,913
102,2012,297,1200,13.35,3564.5,1,877
102,2012,297,1300,13.33,3672.6,1,779
102,2012,297,1400,13.32,3431.1,.966,673.6
102,2012,297,1500,13.32,1357.7,.217,187.4
102,2012,297,1600,13.31,1523.2,.466,405.9
102,2012,297,1700,13.32,1021.4,.7,307.1
102,2012,297,1800,13.32,1161.8,1,574.1
102,2012,297,1900,13.32,143.93,.267,91.4
102,2012,297,2000,12.8,0,0,9.5
102,2012,297,2100,13.32,0,0,9.39
102,2012,297,2200,13.32,0,0,9.43
102,2012,297,2300,13.33,0,0,9.4
101,2012,297,2400,12.8,22174,7.75
102,2012,297,2400,13.33,0,0,9.34
102,2012,298,100,13.33,.44792,0,9.42
102,2012,298,200,13.33,0,0,9.38
102,2012,298,300,13.33,0,0,9.33
102,2012,298,400,13.34,0,0,9.37
102,2012,298,500,13.34,0,0,9.28
102,2012,298,600,13.34,0,0,9.25
102,2012,298,700,13.34,27.212,0,9.91
102,2012,298,800,13.36,217.79,0,32.98
102,2012,298,900,13.37,486.8,.1,92
102,2012,298,1000,13.36,2342.4,1,851
102,2012,298,1100,13.35,3041.3,1,892
102,2012,298,1200,13.34,3499.5,1,855
102,2012,298,1300,13.33,3809,1,824
102,2012,298,1400,13.31,3335.1,.783,574.9
102,2012,298,1500,13.31,3181.5,.833,630.7
102,2012,298,1600,13.3,1194.2,.333,131.4
102,2012,298,1700,12.7,49.906,0,10.84
102,2012,298,1800,12.69,74.231,0,6.708
102,2012,298,1900,12.69,47.751,0,6.605
102,2012,298,2000,13.34,0,0,6.605
102,2012,298,2100,13.34,0,0,6.605
102,2012,298,2200,13.34,0,0,6.605
102,2012,298,2300,13.34,0,0,6.605
101,2012,298,2400,12.69,21307,6.048
102,2012,298,2400,13.34,0,0,6.605
102,2012,299,100,13.34,0,0,6.605
102,2012,299,200,13.34,0,0,6.605
102,2012,299,300,13.34,0,0,6.605
102,2012,299,400,13.34,0,0,6.605
102,2012,299,500,13.34,0,0,6.605
102,2012,299,600,13.35,0,0,6.605
102,2012,299,700,13.35,25.692,0,7.69
102,2012,299,800,13.38,368.12,0,44.26
102,2012,299,900,13.37,742.19,.25,111.8
102,2012,299,1000,13.36,2297.9,1,736
102,2012,299,1100,13.35,2967.3,1,817
102,2012,299,1200,13.34,1736.7,.483,331.1
102,2012,299,1300,13.35,593.34,.083,76.8
102,2012,299,1400,13.36,274.07,0,31.53
102,2012,299,1500,13.36,910.91,0,25.93
102,2012,299,1600,13.35,1321.4,.45,145.4
102,2012,299,1700,13.34,1798.8,1,617.4
102,2012,299,1800,13.34,580.49,.516,139.9
102,2012,299,1900,13.35,63.854,0,9.77
102,2012,299,2000,13.35,0,0,7.35
102,2012,299,2100,13.35,0,0,7.39
102,2012,299,2200,13.35,0,0,7.44
102,2012,299,2300,13.35,0,0,7.46
101,2012,299,2400,13.34,13681,4.781
102,2012,299,2400,13.35,0,0,7.53
102,2012,300,100,13.35,0,0,7.49
102,2012,300,200,13.36,0,0,7.44
102,2012,300,300,13.36,0,0,7.33
102,2012,300,400,13.36,0,0,7.27
102,2012,300,500,13.36,0,0,7.28
102,2012,300,600,13.36,0,0,7.27
102,2012,300,700,13.37,18.885,0,7.32
102,2012,300,800,13.38,304.98,0,34.2
102,2012,300,900,13.4,578.25,0,14.61
102,2012,300,1000,13.4,2153.1,.783,506.5
102,2012,300,1100,13.38,2362.7,.466,382.7
102,2012,300,1200,12.71,2132.7,.716,298.3
102,2012,300,1300,13.36,2496.3,.466,301.8
102,2012,300,1400,13.36,2985.6,.616,423.7
102,2012,300,1500,13.35,1208,.05,37
102,2012,300,1600,13.34,2021.2,.733,415.9
102,2012,300,1700,13.34,1013.9,.083,63.95
102,2012,300,1800,13.34,146.9,0,31.58
102,2012,300,1900,13.35,1.6521,0,7.27
102,2012,300,2000,13.34,0,0,7.27
102,2012,300,2100,13.35,0,0,7.27
102,2012,300,2200,13.35,0,0,7.27
102,2012,300,2300,13.34,0,0,7.27
101,2012,300,2400,12.71,17424,3.915
102,2012,300,2400,13.35,0,0,7.27
102,2012,301,100,13.35,0,0,7.27
102,2012,301,200,13.35,0,0,7.27
102,2012,301,300,13.35,0,0,7.27
102,2012,301,400,13.36,0,0,7.27
102,2012,301,500,13.36,0,0,7.27
102,2012,301,600,13.36,0,0,7.28
102,2012,301,700,13.37,13.327,0,7.29
102,2012,301,800,13.37,291.11,0,18.17
102,2012,301,900,13.37,670.02,.083,83.6
102,2012,301,1000,13.36,2405.9,.983,639.4
102,2012,301,1100,13.36,3134.1,1,900
102,2012,301,1200,13.36,3490,1,791
102,2012,301,1300,13.35,3684.7,.933,771
102,2012,301,1400,13.34,3916.1,1,754
102,2012,301,1500,13.33,1899.6,.417,237.4
102,2012,301,1600,13.34,1504.8,.716,275.3
102,2012,301,1700,13.33,1938.3,1,638.9
102,2012,301,1800,13.33,613.47,.433,208.3
102,2012,301,1900,13.33,2.9225,0,7.63
102,2012,301,2000,13.33,0,0,7.63
102,2012,301,2100,13.34,0,0,7.61
102,2012,301,2200,13.34,0,0,7.61
102,2012,301,2300,13.36,0,0,7.5
101,2012,301,2400,13.33,23564,7.56
102,2012,301,2400,13.37,0,0,7.41
102,2012,302,100,13.39,0,0,7.53
102,2012,302,200,13.4,0,0,7.51
102,2012,302,300,13.4,0,0,7.53
102,2012,302,400,13.4,0,0,7.52
102,2012,302,500,13.4,0,0,7.54
102,2012,302,600,13.4,0,0,7.54
102,2012,302,700,13.4,16.86,0,7.51
102,2012,302,800,13.4,168.4,0,7.57
102,2012,302,900,13.39,733.07,.283,77
102,2012,302,1000,13.38,1762.1,1,409
102,2012,302,1100,13.37,2116.6,.8,261.1
102,2012,302,1200,13.36,3058.8,.916,446.2
102,2012,302,1300,13.36,2124.7,.516,229.9
102,2012,302,1400,13.35,1577.9,.183,110.1
102,2012,302,1500,13.35,644.42,.1,89.6
102,2012,302,1600,13.36,74.352,0,8.8
102,2012,302,1700,13.36,296.91,0,18.18
102,2012,302,1800,13.38,168.4,0,7.25
102,2012,302,1900,13.38,4.993,0,6.594
102,2012,302,2000,12.72,0,0,6.605
102,2012,302,2100,12.71,0,0,6.611
102,2012,302,2200,13.37,0,0,6.605
102,2012,302,2300,13.37,.2423,0,6.605
101,2012,302,2400,12.71,12748,3.798
102,2012,302,2400,13.37,0,0,6.605
102,2012,303,100,13.37,0,0,6.633
102,2012,303,200,13.38,0,0,6.616
102,2012,303,300,13.38,0,0,6.583
102,2012,303,400,12.71,0,0,6.611
102,2012,303,500,13.38,0,0,6.589
102,2012,303,600,13.38,0,0,6.589
102,2012,303,700,13.39,15.347,0,6.666
102,2012,303,800,13.39,248.24,0,9.52
102,2012,303,900,13.38,743.78,0,35.25
102,2012,303,1000,13.38,1855.7,.75,383.1
102,2012,303,1100,13.38,2899.4,1,783
102,2012,303,1200,13.37,3558.9,.95,802
102,2012,303,1300,13.36,2684.8,.683,448.4
102,2012,303,1400,13.35,3583.8,.883,709
102,2012,303,1500,13.35,2876.9,.7,443
102,2012,303,1600,13.33,2255.7,.716,437
102,2012,303,1700,13.33,1685.9,.95,532.7
102,2012,303,1800,13.34,645.13,.833,266.7
102,2012,303,1900,13.34,118.06,0,7.78
102,2012,303,2000,13.06,0,0,7.5
102,2012,303,2100,12.69,0,0,7.36
102,2012,303,2200,12.71,0,0,7.49
102,2012,303,2300,13.36,0,0,7.57
101,2012,303,2400,12.69,23172,7.46
102,2012,303,2400,13.36,0,0,7.56
102,2012,304,100,13.36,0,0,7.49
102,2012,304,200,13.36,0,0,7.5
102,2012,304,300,13.37,0,0,7.5
102,2012,304,400,13.37,0,0,7.49
102,2012,304,500,13.37,0,0,7.45
102,2012,304,600,13.38,0,0,7.51
102,2012,304,700,13.38,23.268,0,8.04
102,2012,304,800,13.38,315.87,0,46.68
102,2012,304,900,13.38,839.64,.2,142
102,2012,304,1000,13.38,2431.5,1,876
102,2012,304,1100,13.37,3079.6,1,875
102,2012,304,1200,13.36,3555,1,803
102,2012,304,1300,13.35,1904.9,.417,181.5
102,2012,304,1400,13.34,2941.5,.716,319.1
102,2012,304,1500,13.35,1164.5,0,44.59
102,2012,304,1600,13.35,315.81,0,15.27
102,2012,304,1700,12.69,143.06,0,9.24
102,2012,304,1800,13.35,246.81,0,17.1
102,2012,304,1900,12.77,48.343,0,7.69
102,2012,304,2000,12.7,0,0,7.1
102,2012,304,2100,13.37,0,0,7.02
102,2012,304,2200,13.36,0,0,7.03
102,2012,304,2300,13.36,0,0,6.996
101,2012,304,2400,12.69,17010,4.332
102,2012,304,2400,13.36,0,0,7.02
102,2012,305,100,13.36,0,0,6.996
102,2012,305,200,13.36,0,0,6.985
102,2012,305,300,13.37,0,0,7.03
102,2012,305,400,13.37,0,0,6.974
102,2012,305,500,13.37,0,0,6.979
102,2012,305,600,13.37,0,0,6.88
102,2012,305,700,13.38,32.16,0,6.836
102,2012,305,800,13.38,249.71,0,21.69
102,2012,305,900,13.39,424.3,0,12.95
102,2012,305,1000,13.41,940.71,0,16.16
102,2012,305,1100,12.69,1304.2,.133,67.95
102,2012,305,1200,12.67,2967.9,.733,398.1
102,2012,305,1300,12.66,1924.5,0,34.45
102,2012,305,1400,12.66,2862.6,.883,263
102,2012,305,1500,12.67,2402.2,.933,367.7
102,2012,305,1600,12.73,1391.3,.616,168.4
102,2012,305,1700,13.36,1255.1,1,352.8
102,2012,305,1800,13.36,434.45,0,38.35
102,2012,305,1900,13.37,89.403,.05,32.48
102,2012,305,2000,13.36,0,0,7.6
102,2012,305,2100,13.36,0,0,7.6
102,2012,305,2200,13.36,0,0,7.57
102,2012,305,2300,13.36,0,0,7.58
101,2012,305,2400,12.66,16278,4.348
102,2012,305,2400,13.36,0,0,7.54
102,2012,306,100,13.36,0,0,7.5
102,2012,306,200,13.37,0,0,7.55
102,2012,306,300,13.37,0,0,7.48
102,2012,306,400,13.38,0,0,7.33
102,2012,306,500,13.38,0,0,7.28
102,2012,306,600,13.38,0,0,7.29
102,2012,306,700,12.82,24.993,0,7.38
102,2012,306,800,12.69,240.51,0,7.52
102,2012,306,900,13.38,640.56,.017,20.87
102,2012,306,1000,13.39,1101.6,.05,45
102,2012,306,1100,13.39,2081.7,.466,262.6
102,2012,306,1200,13.38,3089,.733,551.3
102,2012,306,1300,13.36,3649.7,.833,656.5
102,2012,306,1400,13.35,3697.6,.883,532.3
102,2012,306,1500,13.35,1612.9,.516,157
102,2012,306,1600,13.35,1562.3,.433,251.6
102,2012,306,1700,13.35,288.71,0,15.46
102,2012,306,1800,12.68,14.311,0,6.605
102,2012,306,1900,12.67,.52867,0,6.605
102,2012,306,2000,12.67,0,0,6.616
102,2012,306,2100,13.36,0,0,6.638
102,2012,306,2200,13.36,0,0,6.715
102,2012,306,2300,13.36,0,0,6.803
101,2012,306,2400,12.67,18004,3.932
102,2012,306,2400,13.36,0,0,6.814
102,2012,307,100,13.37,0,0,6.787
102,2012,307,200,13.38,0,0,6.77
102,2012,307,300,13.38,0,0,6.776
102,2012,307,400,13.38,.21293,0,6.776
102,2012,307,500,13.38,0,0,6.77
102,2012,307,600,13.38,.63145,0,6.776
102,2012,307,700,13.39,17.043,0,6.732
102,2012,307,800,13.39,257.07,0,25.67
102,2012,307,900,13.4,1042.8,.233,110.9
102,2012,307,1000,13.39,2497.6,.8,405.7
102,2012,307,1100,13.38,1459.5,.183,82.2
102,2012,307,1200,13.38,1673.6,.25,135.2
102,2012,307,1300,13.38,1962.8,.183,92.3
102,2012,307,1400,13.38,1959.8,.35,131.4
102,2012,307,1500,12.67,971.66,.017,28.97
102,2012,307,1600,12.66,915.69,0,62.46
102,2012,307,1700,13.39,521.07,0,70.8
102,2012,307,1800,13.39,190.47,0,17.77
102,2012,307,1900,13.38,25.2,0,13.3
102,2012,307,2000,13.38,0,0,7.32
102,2012,307,2100,13.38,0,0,7.4
102,2012,307,2200,13.38,0,0,6.919
102,2012,307,2300,13.38,0,0,6.913
101,2012,307,2400,12.66,13495,2.016
102,2012,307,2400,13.38,0,0,6.891
102,2012,308,100,13.38,0,0,6.908
102,2012,308,200,13.39,0,0,6.897
102,2012,308,300,13.39,0,0,6.919
102,2012,308,400,13.4,0,0,6.897
102,2012,308,500,13.4,0,0,6.869
102,2012,308,600,13.4,0,0,6.891
102,2012,308,700,13.4,18.535,0,6.891
102,2012,308,800,13.4,159.83,0,18.82
102,2012,308,900,12.67,747.19,.283,115.5
102,2012,308,1000,12.65,2376,1,863
102,2012,308,1100,12.65,3115.5,1,893
102,2012,308,1200,12.65,3361.4,.966,732
102,2012,308,1300,12.66,3608.2,.866,537.5
102,2012,308,1400,12.66,2944.8,.9,353.5
102,2012,308,1500,12.67,1011.6,.1,64.58
102,2012,308,1600,12.67,1166.9,.65,153
102,2012,308,1700,12.67,648.49,0,46.61
102,2012,308,1800,12.67,264.64,0,10.03
102,2012,308,1900,12.67,21.345,0,9.34
102,2012,308,2000,13.35,0,0,8.34
102,2012,308,2100,13.36,0,0,8.27
102,2012,308,2200,13.36,0,0,8.27
102,2012,308,2300,13.36,0,0,8.24
101,2012,308,2400,12.65,19445,5.764
102,2012,308,2400,13.36,0,0,8.23
102,2012,309,100,13.36,0,0,8.23
102,2012,309,200,13.36,0,0,8.23
102,2012,309,300,13.37,0,0,8.59
102,2012,309,400,13.37,0,0,8.59
102,2012,309,500,13.38,0,0,8.59
102,2012,309,600,13.38,0,0,8.59
102,2012,309,700,13.38,22.726,0,9.01
102,2012,309,800,12.72,246.86,.117,61.92
102,2012,309,900,12.69,763.78,.35,142.8
102,2012,309,1000,12.67,2314.2,1,838
102,2012,309,1100,12.67,2490.1,1,645.2
102,2012,309,1200,12.67,2865,1,553.1
102,2012,309,1300,12.67,2746,.783,358.7
102,2012,309,1400,12.67,2955.8,.633,429.6
102,2012,309,1500,12.67,466.96,.067,39.84
102,2012,309,1600,12.67,376.41,0,10.75
102,2012,309,1700,12.67,63.587,0,6.605
102,2012,309,1800,12.67,51.728,0,6.605
102,2012,309,1900,12.66,17.328,0,6.605
102,2012,309,2000,12.66,0,0,6.605
102,2012,309,2100,12.66,0,0,6.594
102,2012,309,2200,12.78,0,0,6.566
102,2012,309,2300,13.36,0,0,6.462
101,2012,309,2400,12.66,15381,4.948
102,2012,309,2400,13.37,0,0,6.423
102,2012,310,100,13.37,0,0,6.385
102,2012,310,200,13.38,0,0,6.412
102,2012,310,300,13.38,0,0,6.451
102,2012,310,400,13.38,0,0,6.44
102,2012,310,500,13.38,0,0,6.357
102,2012,310,600,13.38,0,0,6.445
102,2012,310,700,13.39,21.794,0,7.22
102,2012,310,800,13.39,275.07,0,51.68
102,2012,310,900,12.76,856.69,.333,198.8
102,2012,310,1000,13.39,2532,.966,770
102,2012,310,1100,13.38,2672.1,1,672.4
102,2012,310,1200,13.38,3790.2,1,862
102,2012,310,1300,13.37,2464.6,.616,422.8
102,2012,310,1400,13.36,3070.1,.733,547.6
102,2012,310,1500,13.35,2604.1,.616,500
102,2012,310,1600,13.34,1667.4,.417,338.7
102,2012,310,1700,12.94,389.09,.167,89.5
102,2012,310,1800,13.36,55.328,0,6.655
102,2012,310,1900,13.36,46.494,0,6.6
102,2012,310,2000,13.36,0,0,6.583
102,2012,310,2100,13.36,0,0,6.594
102,2012,310,2200,13.36,0,0,6.594
102,2012,310,2300,13.36,0,0,6.544
101,2012,310,2400,12.76,20445,5.848
102,2012,310,2400,13.36,0,0,6.522
102,2012,311,100,12.75,0,0,6.561
102,2012,311,200,12.68,0,0,6.605
102,2012,311,300,12.67,0,0,6.605
102,2012,311,400,12.67,0,0,6.605
102,2012,311,500,12.67,0,0,6.605
102,2012,311,600,12.67,0,0,6.605
102,2012,311,700,12.67,22.485,0,7.72
102,2012,311,800,12.66,272.42,.017,52.34
102,2012,311,900,12.65,1093.4,.516,283.3
102,2012,311,1000,12.65,2376.2,1,854
102,2012,311,1100,12.65,2980.3,1,868
102,2012,311,1200,12.65,2474.3,.666,535.1
102,2012,311,1300,12.65,4009.3,1,844
102,2012,311,1400,12.65,3633.8,.933,741
102,2012,311,1500,12.66,2971.5,.866,619.2
102,2012,311,1600,12.66,2481.4,.85,605
102,2012,311,1700,12.66,1136.4,.233,190.4
102,2012,311,1800,12.81,295.64,.033,62.42
102,2012,311,1900,12.72,6.726,0,8.27
102,2012,311,2000,12.7,0,0,6.605
102,2012,311,2100,12.69,0,0,6.622
102,2012,311,2200,12.74,0,0,6.605
102,2012,311,2300,12.73,0,0,6.605
101,2012,311,2400,12.65,23754,7.11
102,2012,311,2400,12.72,0,0,6.605
102,2012,312,100,12.71,0,0,6.605
102,2012,312,200,12.69,0,0,6.605
102,2012,312,300,12.69,0,0,6.605
102,2012,312,400,12.69,0,0,6.605
102,2012,312,500,12.68,0,0,6.605
102,2012,312,600,12.68,0,0,6.605
102,2012,312,700,12.67,17.529,0,6.66
102,2012,312,800,12.68,208.72,0,29.79
102,2012,312,900,12.71,614.06,.466,134
102,2012,312,1000,13.36,1837.5,1,438.1
102,2012,312,1100,12.71,3009.2,.983,867
102,2012,312,1200,12.7,2877.9,.8,596.1
102,2012,312,1300,12.69,2979.6,.766,524.7
102,2012,312,1400,12.69,3542.2,.9,705
102,2012,312,1500,12.69,3540.3,.933,717
102,2012,312,1600,12.69,1984.7,.633,453.8
102,2012,312,1700,12.69,1551,.9,523.2
102,2012,312,1800,12.69,405.16,.383,119.6
102,2012,312,1900,12.68,.93989,0,6.748
102,2012,312,2000,12.68,0,0,6.605
102,2012,312,2100,12.71,0,0,6.666
102,2012,312,2200,13.33,0,0,6.842
102,2012,312,2300,13.35,.58006,0,6.985
101,2012,312,2400,12.67,22569,7.76
102,2012,312,2400,13.36,0,0,7.19
102,2012,313,100,13.36,0,0,7.22
102,2012,313,200,13.36,0,0,7.27
102,2012,313,300,13.36,0,0,7.54
102,2012,313,400,13.36,0,0,8.2
102,2012,313,500,13.37,0,0,8.12
102,2012,313,600,13.37,0,0,8.15
102,2012,313,700,13.37,20.148,0,8.74
102,2012,313,800,13.37,260.08,0,24
102,2012,313,900,13.38,861.52,.2,103
102,2012,313,1000,12.69,1818.5,.816,352
102,2012,313,1100,12.69,3025.4,1,728
102,2012,313,1200,13.37,3467.5,.983,860
102,2012,313,1300,13.36,3775.1,1,863
102,2012,313,1400,13.35,2460.4,.533,379
102,2012,313,1500,13.35,2427.7,.5,347.5
102,2012,313,1600,13.35,2374.8,.733,482.1
102,2012,313,1700,13.18,900.32,.3,165.3
102,2012,313,1800,12.69,91.433,0,9.98
102,2012,313,1900,12.69,27.822,0,10.3
102,2012,313,2000,13.35,0,0,9.32
102,2012,313,2100,13.35,0,0,9.35
102,2012,313,2200,13.35,0,0,9.34
102,2012,313,2300,13.35,0,0,9.3
101,2012,313,2400,12.69,21511,6.064
102,2012,313,2400,13.35,0,0,9.27
102,2012,314,100,13.36,0,0,9.29
102,2012,314,200,13.36,0,0,9.3
102,2012,314,300,13.36,0,0,9.32
102,2012,314,400,13.36,0,0,9.27
102,2012,314,500,13.36,0,0,9.29
102,2012,314,600,13.36,0,0,9.29
102,2012,314,700,13.37,8.8331,0,9.25
102,2012,314,800,13.37,282.57,0,16.19
102,2012,314,900,13.37,552.8,0,10.58
102,2012,314,1000,13.37,1010.1,.117,60.24
102,2012,314,1100,13.36,2362.5,.766,357.4
102,2012,314,1200,13.36,2624.1,.6,292.4
102,2012,314,1300,13.35,3790.2,.95,668.5
102,2012,314,1400,13.35,2824.3,.566,393.9
102,2012,314,1500,12.7,194.39,0,27.02
102,2012,314,1600,12.68,121.45,0,10.23
102,2012,314,1700,12.68,147.78,0,14.56
102,2012,314,1800,13.36,127.53,0,12.54
102,2012,314,1900,13.36,16.411,0,9.41
102,2012,314,2000,13.36,0,0,9.38
102,2012,314,2100,13.36,0,0,9.31
102,2012,314,2200,13.36,0,0,9.31
102,2012,314,2300,13.36,0,0,9.31
101,2012,314,2400,12.68,14063,2.999
102,2012,314,2400,13.36,0,0,9.25
102,2012,315,100,13.37,0,0,9.25
102,2012,315,200,13.37,0,0,9.27
102,2012,315,300,13.38,0,0,9.27
102,2012,315,400,13.38,0,0,9.27
102,2012,315,500,13.38,0,0,9.25
102,2012,315,600,13.38,0,0,9.25
102,2012,315,700,13.38,16.214,0,9.46
102,2012,315,800,13.4,238.4,0,30.94
102,2012,315,900,13.4,888.06,.417,187.8
102,2012,315,1000,13.39,1475.2,.633,196.3
102,2012,315,1100,13.38,1983.5,.716,155
102,2012,315,1200,13.37,3126.3,.983,454.8
102,2012,315,1300,13.36,3673.3,.983,832
102,2012,315,1400,12.73,3294.7,.833,644.3
102,2012,315,1500,13.35,2923.8,.783,627.9
102,2012,315,1600,13.35,1122.2,.267,217.4
102,2012,315,1700,13.36,240.82,0,10.19
102,2012,315,1800,13.36,105.49,0,9.66
102,2012,315,1900,13.37,25.816,0,9.44
102,2012,315,2000,13.36,0,0,9.37
102,2012,315,2100,13.36,0,0,9.3
102,2012,315,2200,13.36,0,0,9.35
102,2012,315,2300,13.36,0,0,9.35
101,2012,315,2400,12.73,19114,5.614
102,2012,315,2400,13.36,0,0,9.32
102,2012,316,100,13.36,0,0,9.25
102,2012,316,200,13.37,0,0,9.25
102,2012,316,300,13.37,0,0,9.25
102,2012,316,400,13.38,0,0,9.26
102,2012,316,500,13.38,0,0,9.25
102,2012,316,600,13.38,0,0,9.25
102,2012,316,700,13.38,22.535,0,9.51
102,2012,316,800,13.39,298.4,.033,50.34
102,2012,316,900,13.39,1084.2,.4,264.9
102,2012,316,1000,13.38,2323.3,1,844
102,2012,316,1100,13.38,3026.7,1,903
102,2012,316,1200,13.36,3541,1,886
102,2012,316,1300,13.36,3701.6,.966,806
102,2012,316,1400,13.35,3654.8,.983,733
102,2012,316,1500,13.34,3295.8,.916,733
102,2012,316,1600,13.33,2506.1,.9,712
102,2012,316,1700,13.32,1644.7,.75,547.2
102,2012,316,1800,13.33,307.62,.383,205.7
102,2012,316,1900,13.33,79.666,.217,86.3
102,2012,316,2000,13.33,0,0,9.43
102,2012,316,2100,13.33,0,0,9.38
102,2012,316,2200,13.33,0,0,9.42
102,2012,316,2300,13.33,0,0,9.33
101,2012,316,2400,13.32,25487,8.55
102,2012,316,2400,13.34,0,0,9.36
102,2012,317,100,13.34,0,0,9.38
102,2012,317,200,13.34,0,0,9.34
102,2012,317,300,13.34,0,0,9.3
102,2012,317,400,13.35,0,0,9.26
102,2012,317,500,13.35,0,0,9.3
102,2012,317,600,13.36,0,0,9.25
102,2012,317,700,13.36,20.934,0,9.97
102,2012,317,800,13.37,266.75,.083,58.01
102,2012,317,900,13.37,1148.8,.367,272.3
102,2012,317,1000,13.36,2372.5,1,881
102,2012,317,1100,13.36,3065.5,1,920
102,2012,317,1200,13.34,3491,1,888
102,2012,317,1300,13.34,3527.9,.9,738
102,2012,317,1400,13.33,2917.3,.8,505.7
102,2012,317,1500,13.32,2427,.616,386.2
102,2012,317,1600,13.31,1538.4,.55,427.5
102,2012,317,1700,13.31,1156,.516,240.2
102,2012,317,1800,13.31,309.01,.067,77.3
102,2012,317,1900,13.32,69.386,.033,38.28
102,2012,317,2000,12.78,0,0,9.39
102,2012,317,2100,12.7,0,0,9.41
102,2012,317,2200,13.33,0,0,9.34
102,2012,317,2300,13.33,0,0,9.43
101,2012,317,2400,12.7,22310,6.931
102,2012,317,2400,13.33,0,0,9.41
102,2012,318,100,13.33,0,0,9.28
102,2012,318,200,13.33,0,0,9.29
102,2012,318,300,13.34,0,0,9.3
102,2012,318,400,13.34,0,0,9.3
102,2012,318,500,13.34,0,0,9.25
102,2012,318,600,13.35,0,0,9.25
102,2012,318,700,13.36,16.917,0,9.37
102,2012,318,800,13.38,279.27,.1,52.95
102,2012,318,900,13.37,1158.4,.35,270.2
102,2012,318,1000,13.36,2323.4,1,852
102,2012,318,1100,13.34,3014.6,1,892
102,2012,318,1200,13.33,3449.1,1,866
102,2012,318,1300,13.32,3650.5,.983,716
102,2012,318,1400,13.32,3427.9,.966,698.6
102,2012,318,1500,12.73,3116.5,.966,700
102,2012,318,1600,13.3,1679.9,.65,435.2
102,2012,318,1700,12.73,952.76,.367,282.5
102,2012,318,1800,13.31,138.88,0,9.4
102,2012,318,1900,13.33,6.3959,0,9.32
102,2012,318,2000,13.33,0,0,9.4
102,2012,318,2100,13.33,0,0,9.42
102,2012,318,2200,13.33,0,0,9.4
102,2012,318,2300,13.33,0,0,9.32
101,2012,318,2400,12.73,23215,7.38
102,2012,318,2400,13.34,0,0,9.38
102,2012,319,100,13.34,0,0,9.49
102,2012,319,200,13.34,0,0,9.46
102,2012,319,300,12.8,0,0,9.35
102,2012,319,400,13.35,0,0,9.34
102,2012,319,500,13.35,0,0,9.27
102,2012,319,600,13.36,0,0,9.25
102,2012,319,700,13.36,16.242,0,9.38
102,2012,319,800,13.36,308.51,.083,47.28
102,2012,319,900,13.36,1138.5,.35,256.3
102,2012,319,1000,13.36,2291.5,1,835
102,2012,319,1100,13.36,2997.2,1,902
102,2012,319,1200,13.35,3453.7,1,894
102,2012,319,1300,13.34,3670.1,1,867
102,2012,319,1400,13.33,3574,.983,803
102,2012,319,1500,13.32,3138.7,.966,741
102,2012,319,1600,13.31,2590.4,1,821
102,2012,319,1700,13.31,1727.1,1,714
102,2012,319,1800,13.31,852.83,1,506.9
102,2012,319,1900,13.31,158.56,.367,136.9
102,2012,319,2000,13.32,0,0,9.61
102,2012,319,2100,13.32,0,0,9.56
102,2012,319,2200,13.33,0,0,9.48
102,2012,319,2300,13.33,0,0,9.47
101,2012,319,2400,12.8,25917,9.75
102,2012,319,2400,13.33,0,0,9.42
102,2012,320,100,13.33,0,0,9.44
102,2012,320,200,13.33,0,0,9.49
102,2012,320,300,13.34,0,0,9.4
102,2012,320,400,13.34,0,0,9.29
102,2012,320,500,13.34,0,0,9.25
102,2012,320,600,13.35,0,0,9.25
102,2012,320,700,13.36,12.394,0,9.67
102,2012,320,800,13.36,340.39,.067,51.28
102,2012,320,900,13.36,1155.7,.35,267.1
102,2012,320,1000,13.36,2285.2,1,847
102,2012,320,1100,12.71,2981.8,1,889
102,2012,320,1200,13.33,2753.8,.766,667.8
102,2012,320,1300,13.32,3828.7,1,846
102,2012,320,1400,13.31,2225.9,.483,357
102,2012,320,1500,13.3,3064.5,.833,649.1
102,2012,320,1600,13.29,2653,.966,801
102,2012,320,1700,13.29,1293.4,.7,445.9
102,2012,320,1800,13.3,254.47,.283,118.1
102,2012,320,1900,13.31,143.53,.45,136.9
102,2012,320,2000,13.31,.14686,0,7.02
102,2012,320,2100,13.31,0,0,6.896
102,2012,320,2200,13.32,0,0,7.34
102,2012,320,2300,13.32,0,0,9.03
101,2012,320,2400,12.71,22993,7.9
102,2012,320,2400,13.32,0,0,9.21
102,2012,321,100,13.32,0,0,8.59
102,2012,321,200,13.32,0,0,8.55
102,2012,321,300,12.76,0,0,7.44
102,2012,321,400,13.33,0,0,7.26
102,2012,321,500,13.33,0,0,7.26
102,2012,321,600,13.33,0,0,7.27
102,2012,321,700,13.34,31.031,0,7.58
102,2012,321,800,13.35,503.2,.05,46.61
102,2012,321,900,13.36,1290.7,.367,253.1
102,2012,321,1000,13.36,2253.3,1,766
102,2012,321,1100,13.35,2711.7,1,769
102,2012,321,1200,13.34,3318.9,.983,829
102,2012,321,1300,13.33,3418.3,.933,741
102,2012,321,1400,13.32,3317.3,.816,661.8
102,2012,321,1500,13.31,2821.2,.883,676.4
102,2012,321,1600,13.31,2167.7,.816,602.6
102,2012,321,1700,13.3,2057.8,.983,668.5
102,2012,321,1800,13.3,1142.7,.85,442.9
102,2012,321,1900,13.3,212.44,.417,115
102,2012,321,2000,13.31,0,0,6.604
102,2012,321,2100,13.31,0,0,6.604
102,2012,321,2200,13.31,0,0,6.604
102,2012,321,2300,13.31,0,0,6.603
101,2012,321,2400,12.76,25246,9.1
102,2012,321,2400,12.97,0,0,6.604
102,2012,322,100,13.32,0,0,6.835
102,2012,322,200,13.32,0,0,7.26
102,2012,322,300,13.33,0,0,7.25
102,2012,322,400,13.33,0,0,7.22
102,2012,322,500,13.33,0,0,7.24
102,2012,322,600,13.33,0,0,7.23
102,2012,322,700,13.34,16.566,0,7.25
102,2012,322,800,13.35,304,0,25.45
102,2012,322,900,13.34,1321.1,.417,299.3
102,2012,322,1000,13.34,2292.6,1,810
102,2012,322,1100,13.34,3058.7,1,863
102,2012,322,1200,13.33,3392.9,1,795
102,2012,322,1300,13.33,2075,.516,219.1
102,2012,322,1400,13.32,995.65,.117,104.9
102,2012,322,1500,12.7,190.33,0,8.03
102,2012,322,1600,12.69,230.94,0,7.44
102,2012,322,1700,13.34,178.44,0,6.682
102,2012,322,1800,13.34,155.4,0,6.891
102,2012,322,1900,13.34,39.806,0,6.605
102,2012,322,2000,13.33,0,0,6.605
102,2012,322,2100,13.34,0,0,6.605
102,2012,322,2200,13.33,0,0,6.616
102,2012,322,2300,13.34,0,0,6.627
101,2012,322,2400,12.69,14251,4.048
102,2012,322,2400,13.34,0,0,6.644
102,2012,323,100,13.35,0,0,6.616
102,2012,323,200,13.35,0,0,6.638
102,2012,323,300,13.35,0,0,6.649
102,2012,323,400,13.35,0,0,6.622
102,2012,323,500,13.36,0,0,6.66
102,2012,323,600,13.36,.24231,0,6.853
102,2012,323,700,13.36,21.587,0,7.32
102,2012,323,800,13.36,403.37,.067,61.11
102,2012,323,900,13.37,1143,.433,223.9
102,2012,323,1000,13.36,2108.9,1,671.5
102,2012,323,1100,13.36,2641,1,653.2
102,2012,323,1200,13.35,3234.9,.95,688
102,2012,323,1300,13.35,3370.1,1,620.2
102,2012,323,1400,13.33,3607.5,1,742
102,2012,323,1500,13.33,2990.3,.8,625
102,2012,323,1600,13.33,629.37,0,13.47
102,2012,323,1700,13.33,1688,.883,595.7
102,2012,323,1800,13.33,743.49,.55,326.6
102,2012,323,1900,13.33,84.394,.117,47.66
102,2012,323,2000,13.33,0,0,8.36
102,2012,323,2100,13.33,0,0,8.26
102,2012,323,2200,13.33,0,0,8.22
102,2012,323,2300,13.34,0,0,8.21
101,2012,323,2400,13.33,22666,7.8
102,2012,323,2400,13.34,0,0,8.19
102,2012,324,100,13.35,0,0,8.24
102,2012,324,200,13.35,0,0,8.18
102,2012,324,300,13.35,0,0,8.15
102,2012,324,400,13.35,0,0,8.07
102,2012,324,500,13.36,0,0,8.03
102,2012,324,600,13.36,0,0,7.96
102,2012,324,700,13.36,13.033,0,8.14
102,2012,324,800,13.36,240.71,0,33.18
102,2012,324,900,13.36,1291,.466,332.9
102,2012,324,1000,13.36,2267.8,1,830
102,2012,324,1100,13.36,2943.5,1,884
102,2012,324,1200,13.35,3429.7,1,889
102,2012,324,1300,13.34,3615.8,1,871
102,2012,324,1400,13.33,3576.7,1,750
102,2012,324,1500,13.33,2441.1,.7,564.8
102,2012,324,1600,13.31,2050,.616,525.4
102,2012,324,1700,13.31,313.55,0,18.77
102,2012,324,1800,12.68,43.377,0,7.78
102,2012,324,1900,13.33,2.7904,0,6.604
102,2012,324,2000,13.33,.74164,0,6.726
102,2012,324,2100,12.71,.05874,0,6.814
102,2012,324,2200,13.33,0,0,7.17
102,2012,324,2300,13.34,0,0,7.71
101,2012,324,2400,12.68,22230,6.781
102,2012,324,2400,13.34,0,0,7.71
102,2012,325,100,13.34,0,0,7.19
102,2012,325,200,13.34,0,0,7.06
102,2012,325,300,13.35,0,0,7.63
102,2012,325,400,13.35,0,0,7.71
102,2012,325,500,13.35,0,0,7.72
102,2012,325,600,13.36,0,0,7.67
102,2012,325,700,13.36,15.17,0,8.27
102,2012,325,800,13.36,463.86,.2,90.2
102,2012,325,900,12.87,1277.8,.45,351.6
102,2012,325,1000,12.66,2247.8,1,819
102,2012,325,1100,12.65,2938.7,1,882
102,2012,325,1200,13.36,3408.5,1,883
102,2012,325,1300,13.35,3612.5,1,858
102,2012,325,1400,13.34,3513.5,1,814
102,2012,325,1500,13.33,3142.4,1,818
102,2012,325,1600,13.32,2589.7,1,837
102,2012,325,1700,13.32,1804.2,1,750
102,2012,325,1800,13.32,873.01,1,541.9
102,2012,325,1900,13.32,72.933,.05,32.41
102,2012,325,2000,13.32,0,0,9.62
102,2012,325,2100,13.32,0,0,9.44
102,2012,325,2200,13.33,0,0,9.39
102,2012,325,2300,13.33,0,0,9.39
101,2012,325,2400,12.65,25960,9.7
102,2012,325,2400,13.33,0,0,8.17
102,2012,326,100,13.33,0,0,7.61
102,2012,326,200,13.34,0,0,7.62
102,2012,326,300,13.34,0,0,7.61
102,2012,326,400,13.35,0,0,7.57
102,2012,326,500,13.34,0,0,7.53
102,2012,326,600,13.35,0,0,7.53
102,2012,326,700,13.35,14.524,0,7.64
102,2012,326,800,13.36,460.06,.15,70.8
102,2012,326,900,13.36,1225,.466,317.8
102,2012,326,1000,12.67,2170.1,1,706
102,2012,326,1100,12.65,2826.4,1,751
102,2012,326,1200,12.65,3242.9,1,681.3
102,2012,326,1300,12.66,3744.7,1,725
102,2012,326,1400,12.66,3523.9,.933,589
102,2012,326,1500,12.66,2353.9,.65,407.4
102,2012,326,1600,12.67,2486,.833,632.6
102,2012,326,1700,13.31,1410.8,.616,378.4
102,2012,326,1800,13.31,379.17,.367,115.3
102,2012,326,1900,13.31,87.129,.217,64.6
102,2012,326,2000,13.31,0,0,8.3
102,2012,326,2100,13.32,0,0,8.19
102,2012,326,2200,13.33,0,0,8.08
102,2012,326,2300,13.33,0,0,8.13
101,2012,326,2400,12.65,23925,8.23
102,2012,326,2400,13.33,0,0,8.12
102,2012,327,100,13.34,0,0,8.03
102,2012,327,200,13.34,0,0,8.04
102,2012,327,300,13.03,0,0,8.1
102,2012,327,400,13.35,0,0,8.19
102,2012,327,500,13.34,0,0,8.12
102,2012,327,600,13.35,0,0,8.1
102,2012,327,700,13.34,12.578,0,8.21
102,2012,327,800,13.35,319.98,0,30.07
102,2012,327,900,13.34,1092,.417,190.4
102,2012,327,1000,13.34,2443.1,.966,620.9
102,2012,327,1100,13.34,3025.7,1,628.9
102,2012,327,1200,13.33,2854.6,.75,446.5
102,2012,327,1300,12.87,3179.3,.75,533
102,2012,327,1400,12.68,3186.3,.816,579.4
102,2012,327,1500,13.32,3250.7,1,791
102,2012,327,1600,13.31,2844.3,1,788
102,2012,327,1700,13.31,890.29,.367,219.1
102,2012,327,1800,13.32,27.501,0,6.63
102,2012,327,1900,13.32,9.2598,0,6.763
102,2012,327,2000,13.33,0,0,6.714
102,2012,327,2100,13.33,0,0,6.786
102,2012,327,2200,13.33,0,0,7.02
102,2012,327,2300,13.33,0,0,7.37
101,2012,327,2400,12.68,23136,7.06
102,2012,327,2400,13.33,0,0,7.46
102,2012,328,100,13.33,0,0,7.51
102,2012,328,200,13.34,0,0,7.67
102,2012,328,300,13.35,0,0,7.96
102,2012,328,400,13.35,0,0,8.33
102,2012,328,500,13.35,0,0,8.36
102,2012,328,600,13.36,0,0,8.31
102,2012,328,700,13.36,14.098,0,8.88
102,2012,328,800,13.37,435.98,.2,88.2
102,2012,328,900,13.36,1286.9,.417,333.4
102,2012,328,1000,13.36,2206.7,1,776
102,2012,328,1100,12.67,2902.7,1,842
102,2012,328,1200,12.65,3386,1,845
102,2012,328,1300,12.65,3406.1,.933,750
102,2012,328,1400,12.66,3544.4,1,798
102,2012,328,1500,13.32,3154.8,1,795
102,2012,328,1600,13.31,2431.1,.85,682.8
102,2012,328,1700,13.31,1336,.85,504
102,2012,328,1800,13.31,860.46,1,569.3
102,2012,328,1900,13.31,68.667,.183,62.58
102,2012,328,2000,13.32,0,0,9.25
102,2012,328,2100,13.32,0,0,9.25
102,2012,328,2200,13.33,0,0,9.25
102,2012,328,2300,13.33,0,0,9.25
101,2012,328,2400,12.65,25034,9.43
102,2012,328,2400,13.33,0,0,9.25
102,2012,329,100,13.33,0,0,9.25
102,2012,329,200,13.33,0,0,9.24
102,2012,329,300,13.34,0,0,9.25
102,2012,329,400,13.34,0,0,9.02
102,2012,329,500,13.34,0,0,8.89
102,2012,329,600,13.35,0,0,8.83
102,2012,329,700,13.35,19.165,0,9.14
102,2012,329,800,13.36,468.81,.233,103.5
102,2012,329,900,13.35,1309,.417,326.8
102,2012,329,1000,13.35,2197.6,1,760
102,2012,329,1100,13.35,2936.5,1,833
102,2012,329,1200,13.35,3373.6,1,826
102,2012,329,1300,13.34,3386.5,.933,752
102,2012,329,1400,13.33,3641.6,1,809
102,2012,329,1500,13.33,2991.6,1,730
102,2012,329,1600,13.32,2394,1,750
102,2012,329,1700,13.31,1754.5,1,714
102,2012,329,1800,13.31,823.48,1,513.5
102,2012,329,1900,13.31,100.09,.283,83.5
102,2012,329,2000,13.32,0,0,9
102,2012,329,2100,13.32,0,0,8.15
102,2012,329,2200,13.32,0,0,8
102,2012,329,2300,13.33,0,0,7.96
101,2012,329,2400,13.31,25397,9.86
102,2012,329,2400,13.33,0,0,7.94
102,2012,330,100,13.33,0,0,7.93
102,2012,330,200,13.34,0,0,7.95
102,2012,330,300,13.34,0,0,7.93
102,2012,330,400,13.34,0,0,7.95
102,2012,330,500,13.34,0,0,7.96
102,2012,330,600,13.35,0,0,7.93
102,2012,330,700,13.36,17.277,0,8.89
102,2012,330,800,13.36,398.59,.267,105.5
102,2012,330,900,13.36,1214.2,.433,305
102,2012,330,1000,13.35,2143,1,740
102,2012,330,1100,13.34,2873.1,1,823
102,2012,330,1200,13.34,3352.4,1,839
102,2012,330,1300,13.33,3605.1,1,833
102,2012,330,1400,13.33,3542.3,1,800
102,2012,330,1500,13.33,3144.2,1,820
102,2012,330,1600,13.31,2539.8,1,821
102,2012,330,1700,13.31,1759.2,1,739
102,2012,330,1800,13.31,859.18,1,461.5
102,2012,330,1900,13.31,94.315,.083,40.6
102,2012,330,2000,13.31,0,0,8.58
102,2012,330,2100,13.31,0,0,8.58
102,2012,330,2200,13.31,0,0,8.58
102,2012,330,2300,13.32,0,0,8.58
101,2012,330,2400,13.31,25543,9.78
102,2012,330,2400,13.32,0,0,8.58
102,2012,331,100,13.33,0,0,8.59
102,2012,331,200,13.33,0,0,8.59
102,2012,331,300,13.33,0,0,8.57
102,2012,331,400,13.33,0,0,8.54
102,2012,331,500,13.33,0,0,8.55
102,2012,331,600,13.34,0,0,8.51
102,2012,331,700,13.34,13.695,0,8.45
102,2012,331,800,13.35,530.64,.233,98.4
102,2012,331,900,13.34,1220.2,.417,305.3
102,2012,331,1000,13.34,2124,1,731
102,2012,331,1100,12.68,2853.4,1,810
102,2012,331,1200,12.66,3306.9,1,771
102,2012,331,1300,13.33,3607.8,1,798
102,2012,331,1400,13.32,3540.5,1,769
102,2012,331,1500,13.31,2899.9,.983,649
102,2012,331,1600,13.31,1716,.5,338.8
102,2012,331,1700,13.31,1426.8,.65,272.7
102,2012,331,1800,13.31,310.53,.133,40.33
102,2012,331,1900,13.31,33.287,0,10.32
102,2012,331,2000,13.31,0,0,8.92
102,2012,331,2100,13.31,0,0,8.51
102,2012,331,2200,13.31,0,0,8.5
102,2012,331,2300,13.31,0,0,8.46
101,2012,331,2400,12.66,23584,7.91
102,2012,331,2400,13.32,0,0,8.42
102,2012,332,100,13.32,0,0,8.29
102,2012,332,200,13.33,0,0,8.18
102,2012,332,300,13.33,0,0,8.16
102,2012,332,400,13.33,0,0,8.04
102,2012,332,500,13.34,0,0,7.98
102,2012,332,600,13.35,0,0,7.93
102,2012,332,700,13.35,12.005,0,8.04
102,2012,332,800,13.35,432.17,.333,129.1
102,2012,332,900,13.35,1285.1,.466,330.1
102,2012,332,1000,13.34,2178.1,1,740
102,2012,332,1100,13.34,2867.5,1,797
102,2012,332,1200,13.33,3314.1,1,801
102,2012,332,1300,13.33,3477.8,1,749
102,2012,332,1400,13.32,3443.8,1,705
102,2012,332,1500,13.31,2416.2,.883,522
102,2012,332,1600,13.31,2233.5,1,598.4
102,2012,332,1700,13.3,1315.9,.933,395
102,2012,332,1800,13.3,627.86,.716,212.2
102,2012,332,1900,12.67,29.091,0,16.83
102,2012,332,2000,12.66,1.6596,0,7.61
102,2012,332,2100,13.32,.44059,0,6.973
102,2012,332,2200,13.33,3.4659,0,6.962
102,2012,332,2300,13.33,1.9606,0,6.94
101,2012,332,2400,12.66,23641,9.33
102,2012,332,2400,13.33,0,0,6.984
102,2012,333,100,13.33,0,0,6.935
102,2012,333,200,13,0,0,6.919
102,2012,333,300,12.67,0,0,6.781
102,2012,333,400,12.65,0,0,6.71
102,2012,333,500,12.65,0,0,6.616
102,2012,333,600,12.65,0,0,6.649
102,2012,333,700,12.65,10.368,0,6.649
102,2012,333,800,12.65,259.85,.033,27.09
102,2012,333,900,12.65,991.63,.317,142.3
102,2012,333,1000,12.65,1250.8,.233,116.5
102,2012,333,1100,12.65,1693.7,.25,175.6
102,2012,333,1200,12.65,2691.3,.633,333.8
102,2012,333,1300,12.65,2366.4,.466,237.7
102,2012,333,1400,12.65,1101.9,.033,25.69
102,2012,333,1500,12.65,1280.8,.2,102.5
102,2012,333,1600,12.65,693.85,.033,63.09
102,2012,333,1700,12.65,631.75,.2,61.89
102,2012,333,1800,12.65,43.976,0,7.16
102,2012,333,1900,12.65,3.1353,0,6.611
102,2012,333,2000,13.27,0,0,6.583
102,2012,333,2100,13.33,0,0,6.511
102,2012,333,2200,13.35,0,0,6.561
102,2012,333,2300,13.35,0,0,6.451
101,2012,333,2400,12.65,13020,2.399
102,2012,333,2400,13.35,0,0,6.429
102,2012,334,100,13.36,0,0,6.39
102,2012,334,200,13.36,0,0,6.335
102,2012,334,300,13.36,0,0,6.363
102,2012,334,400,13.36,0,0,6.341
102,2012,334,500,13.36,0,0,6.324
102,2012,334,600,13.37,0,0,6.335
102,2012,334,700,13.37,8.5834,0,6.379
102,2012,334,800,13.38,472.76,.3,111.2
102,2012,334,900,13.38,817.04,.267,179.5
102,2012,334,1000,13.37,2247.3,.933,717
102,2012,334,1100,13.36,2854.5,1,769
102,2012,334,1200,13.36,3100.5,.85,669
102,2012,334,1300,13.35,3262.6,.783,641.6
102,2012,334,1400,13.35,3547.5,1,777
102,2012,334,1500,13.34,2450.5,.683,447.3
102,2012,334,1600,13.33,2071.7,.916,574.2
102,2012,334,1700,13.33,1362.8,.933,432.4
102,2012,334,1800,12.71,399.68,.267,68.32
102,2012,334,1900,12.69,27.478,0,8.21
102,2012,334,2000,13.35,0,0,6.605
102,2012,334,2100,13.35,0,0,6.577
102,2012,334,2200,13.35,0,0,6.555
102,2012,334,2300,13.35,0,0,6.555
101,2012,334,2400,12.69,22623,7.93
102,2012,334,2400,13.35,0,0,6.445
102,2012,335,100,13.35,0,0,6.423
102,2012,335,200,13.35,0,0,6.5
102,2012,335,300,13.36,0,0,6.561
102,2012,335,400,13.36,0,0,6.566
102,2012,335,500,13.36,0,0,6.533
102,2012,335,600,13.36,0,0,6.566
102,2012,335,700,13.37,12.394,0,6.82
102,2012,335,800,13.37,444.1,.516,177.6
102,2012,335,900,13.37,1287.3,.433,334.8
102,2012,335,1000,13.37,2160.9,1,757
102,2012,335,1100,13.36,2725.1,.95,781
102,2012,335,1200,13.36,3328.6,.983,807
102,2012,335,1300,12.71,3306.1,.833,687.3
102,2012,335,1400,13.35,3594.8,1,800
102,2012,335,1500,13.34,3239.8,1,803
102,2012,335,1600,12.7,2671.1,.966,772
102,2012,335,1700,12.68,1748.1,.933,687.3
102,2012,335,1800,13.33,1014.4,1,590.7
102,2012,335,1900,13.33,113.39,.283,119.8
102,2012,335,2000,13.33,0,0,9.48
102,2012,335,2100,13.33,0,0,9.27
102,2012,335,2200,13.33,0,0,9.45
102,2012,335,2300,13.33,0,0,9.47
101,2012,335,2400,12.68,25646,9.9
102,2012,335,2400,13.33,0,0,9.37
102,2012,336,100,13.33,0,0,9.27
102,2012,336,200,13.34,0,0,9.25
102,2012,336,300,13.34,0,0,9.24
102,2012,336,400,13.35,0,0,8.92
102,2012,336,500,13.35,0,0,9.07
102,2012,336,600,13.36,0,0,9.13
102,2012,336,700,13.36,10.236,0,9.21
102,2012,336,800,12.7,231.4,.333,101.5
102,2012,336,900,12.67,687.39,.383,190.6
102,2012,336,1000,12.67,2107.9,.966,570.5
102,2012,336,1100,12.67,2857.5,1,827
102,2012,336,1200,12.67,2802.5,.8,660.6
102,2012,336,1300,12.67,2700.6,.7,520.8
102,2012,336,1400,12.66,3363.9,.933,746
102,2012,336,1500,12.66,3150.6,1,828
102,2012,336,1600,12.66,2545.1,1,822
102,2012,336,1700,12.66,1633.9,.966,664.7
102,2012,336,1800,12.66,895.83,1,589.3
102,2012,336,1900,12.66,133.21,.433,153.6
102,2012,336,2000,12.66,0,0,9.67
102,2012,336,2100,13.28,0,0,9.52
102,2012,336,2200,12.96,0,0,9.38
102,2012,336,2300,13.33,0,0,9.39
101,2012,336,2400,12.66,23120,9.51
102,2012,336,2400,13.33,0,0,9.32
102,2012,337,100,13.33,0,0,9.37
102,2012,337,200,13.33,0,0,9.27
102,2012,337,300,13.34,0,0,9.25
102,2012,337,400,13.34,0,0,9.25
102,2012,337,500,13.35,0,0,9.25
102,2012,337,600,13.35,0,0,9.25
102,2012,337,700,13.36,7.4087,0,9.25
102,2012,337,800,13.36,446.58,.533,211
102,2012,337,900,13.36,1341.6,.55,354.7
102,2012,337,1000,13.35,2232.2,1,798
102,2012,337,1100,12.7,1775.3,.866,292.6
102,2012,337,1200,12.69,1664.5,0,19.39
102,2012,337,1300,13.34,1534,.017,24.6
102,2012,337,1400,13.33,2067.3,.317,89.6
102,2012,337,1500,13.33,1964.7,.9,255.4
102,2012,337,1600,12.7,1287,.367,256.3
102,2012,337,1700,12.7,676.69,.083,82.6
102,2012,337,1800,13.33,415.2,0,20.51
102,2012,337,1900,13.33,51.173,0,9.6
102,2012,337,2000,13.33,0,0,9.44
102,2012,337,2100,13.33,0,0,9.41
102,2012,337,2200,13.34,0,0,9.34
102,2012,337,2300,13.34,0,0,9.37
101,2012,337,2400,12.69,15464,4.631
102,2012,337,2400,13.34,0,0,9.31
102,2012,338,100,13.34,0,0,9.25
102,2012,338,200,13.34,0,0,9.25
102,2012,338,300,13.35,0,0,9.25
102,2012,338,400,13.36,0,0,9.25
102,2012,338,500,13.36,0,0,9.25
102,2012,338,600,13.36,0,0,9.26
102,2012,338,700,13.36,9.1562,0,9.25
102,2012,338,800,13.36,155.24,0,20.29
102,2012,338,900,13.36,897.02,.516,186.7
102,2012,338,1000,13.36,1850.1,.85,516.6
102,2012,338,1100,13.36,2581.4,.966,698.8
102,2012,338,1200,13.35,2440.4,.65,242.5
102,2012,338,1300,13.35,2139.9,.083,47.47
102,2012,338,1400,12.79,2524.4,.566,299.1
102,2012,338,1500,13.33,2443,.733,442.7
102,2012,338,1600,13.33,1754.1,.583,465.4
102,2012,338,1700,13.33,1675.3,.916,636.5
102,2012,338,1800,13.33,418.31,.15,98.2
102,2012,338,1900,13.33,45.366,0,9.88
102,2012,338,2000,13.33,0,0,9.53
102,2012,338,2100,13.33,0,0,9.49
102,2012,338,2200,13.33,0,0,9.43
102,2012,338,2300,13.33,0,0,9.4
101,2012,338,2400,12.79,18934,6.014
102,2012,338,2400,13.33,0,0,9.36
102,2012,339,100,13.34,0,0,9.34
102,2012,339,200,13.34,0,0,9.32
102,2012,339,300,13.35,0,0,9.31
102,2012,339,400,13.35,0,0,9.3
102,2012,339,500,13.35,0,0,9.26
102,2012,339,600,13.36,0,0,9.25
102,2012,339,700,13.36,15.897,0,9.55
102,2012,339,800,13.36,431.51,.566,169.7
102,2012,339,900,13.36,1183.2,.566,321.8
102,2012,339,1000,13.36,2134.5,1,738
102,2012,339,1100,13.35,2783.7,1,786
102,2012,339,1200,13.35,3307.5,1,823
102,2012,339,1300,13.33,3523,1,805
102,2012,339,1400,13.33,3509.8,1,771
102,2012,339,1500,13.32,3223,1,794
102,2012,339,1600,13.31,2262.2,.866,609.2
102,2012,339,1700,13.31,395.64,0,18.8
102,2012,339,1800,13.32,322.85,0,19.19
102,2012,339,1900,13.33,104.53,0,12.32
102,2012,339,2000,13.33,1.4246,0,9.52
102,2012,339,2100,13.33,.24232,0,9.37
102,2012,339,2200,13.33,0,0,9.36
102,2012,339,2300,13.36,0,0,9.44
101,2012,339,2400,13.31,23199,8
102,2012,339,2400,13.36,0,0,9.51
102,2012,340,100,13.37,0,0,9.47
102,2012,340,200,13.38,0,0,9.34
102,2012,340,300,13.38,0,0,9.26
102,2012,340,400,13.39,0,0,9.27
102,2012,340,500,13.39,0,0,9.26
102,2012,340,600,13.39,0,0,9.26
102,2012,340,700,13.4,10.244,0,9.32
102,2012,340,800,13.4,475.04,.466,122
102,2012,340,900,12.7,1138.1,.6,211.7
102,2012,340,1000,12.66,1679.3,1,395.6
102,2012,340,1100,13.38,2181.1,.866,386
102,2012,340,1200,13.37,2972.2,1,521
102,2012,340,1300,13.35,3287.1,.9,561.5
102,2012,340,1400,13.34,3352.5,.983,608.5
102,2012,340,1500,13.33,3032.9,1,643.6
102,2012,340,1600,13.33,2010.7,.866,434.2
102,2012,340,1700,13.33,1452.3,.966,339
102,2012,340,1800,13.33,103.71,0,18.46
102,2012,340,1900,13.34,17.998,0,9.42
102,2012,340,2000,13.35,0,0,9.51
102,2012,340,2100,13.34,0,0,9.49
102,2012,340,2200,13.34,0,0,9.4
102,2012,340,2300,13.35,0,0,9.42
101,2012,340,2400,12.66,21713,8.65
102,2012,340,2400,13.35,0,0,9.39
102,2012,341,100,13.35,0,0,9.4
102,2012,341,200,13.35,0,0,9.47
102,2012,341,300,13.35,0,0,9.38
102,2012,341,400,13.36,0,0,9.3
102,2012,341,500,13.36,0,0,9.29
102,2012,341,600,13.36,0,0,9.25
102,2012,341,700,13.36,9.215,0,9.25
102,2012,341,800,13.36,434.66,.15,57.72
102,2012,341,900,13.36,1006.2,.516,229.8
102,2012,341,1000,13.36,1825,.816,470.7
102,2012,341,1100,13.36,2735.7,.883,650.2
102,2012,341,1200,13.35,2650.8,.683,493.8
102,2012,341,1300,13.35,3324.7,.883,620.5
102,2012,341,1400,13.34,2745.1,.733,466.1
102,2012,341,1500,13.33,2646.3,.816,517.6
102,2012,341,1600,13.33,1112,.2,159.7
102,2012,341,1700,13.33,54.89,0,10.14
102,2012,341,1800,13.34,191.5,0,19.12
102,2012,341,1900,13.34,44.726,0,10.17
102,2012,341,2000,13.35,0,0,9.46
102,2012,341,2100,13.35,0,0,9.49
102,2012,341,2200,13.35,0,0,9.44
102,2012,341,2300,13.35,0,0,9.41
101,2012,341,2400,13.33,18781,5.681
102,2012,341,2400,13.35,0,0,9.36
102,2012,342,100,13.36,0,0,9.35
102,2012,342,200,13.36,0,0,9.29
102,2012,342,300,13.36,0,0,9.36
102,2012,342,400,13.36,0,0,9.32
102,2012,342,500,13.36,0,0,9.28
102,2012,342,600,13.37,0,0,9.28
102,2012,342,700,13.37,7.1516,0,9.25
102,2012,342,800,13.37,341.42,.283,86.1
102,2012,342,900,13.37,1421.7,.716,349.5
102,2012,342,1000,12.67,2350.7,1,657.6
102,2012,342,1100,12.65,2901.7,1,712
102,2012,342,1200,12.65,3164.7,.916,716
102,2012,342,1300,12.65,2116.4,.466,234.4
102,2012,342,1400,12.65,1973.6,.317,248.9
102,2012,342,1500,12.65,3232.1,.983,736
102,2012,342,1600,12.92,1408.7,.333,151.4
102,2012,342,1700,13.34,726.2,.217,118
102,2012,342,1800,12.92,43.066,0,9.3
102,2012,342,1900,13.35,9.296,0,9.27
102,2012,342,2000,13.34,0,0,9.27
102,2012,342,2100,13.34,0,0,9.3
102,2012,342,2200,13.35,0,0,9.31
102,2012,342,2300,13.35,0,0,9.3
101,2012,342,2400,12.65,19697,6.231
102,2012,342,2400,13.36,0,0,9.33
102,2012,343,100,13.36,0,0,9.28
102,2012,343,200,13.36,0,0,9.25
102,2012,343,300,13.36,0,0,9.25
102,2012,343,400,13.36,0,0,9.25
102,2012,343,500,13.37,0,0,9.25
102,2012,343,600,13.37,0,0,9.25
102,2012,343,700,13.37,12.078,0,9.4
102,2012,343,800,13.38,285.99,.333,86.8
102,2012,343,900,13.38,1267,.75,355.4
102,2012,343,1000,13.37,2095.1,1,725
102,2012,343,1100,13.36,2772,1,785
102,2012,343,1200,13.36,2551.6,.583,492.5
102,2012,343,1300,13.35,3141.3,.783,592.4
102,2012,343,1400,13.35,3351.9,.783,528.4
102,2012,343,1500,13.35,952.56,.1,96.4
102,2012,343,1600,13.35,851.84,.433,139.4
102,2012,343,1700,13.35,1119.4,1,365.9
102,2012,343,1800,13.34,471.72,.533,143.3
102,2012,343,1900,13.34,78.07,0,16.72
102,2012,343,2000,13.34,0,0,9.3
102,2012,343,2100,13.35,0,0,9.28
102,2012,343,2200,13.35,0,0,9.32
102,2012,343,2300,13.34,0,0,9.43
101,2012,343,2400,13.34,18951,7.3
102,2012,343,2400,13.34,0,0,9.35
102,2012,344,100,13.34,0,0,9.27
102,2012,344,200,13.35,0,0,9.25
102,2012,344,300,13.35,0,0,9.25
102,2012,344,400,13.35,0,0,9.25
102,2012,344,500,13.36,0,0,9.25
102,2012,344,600,13.36,0,0,9.25
102,2012,344,700,13.36,8.9359,0,9.25
102,2012,344,800,13.36,313.26,.5,153.1
102,2012,344,900,13.36,704.97,.25,157.4
102,2012,344,1000,13.36,2050.2,1,687
102,2012,344,1100,13.36,2658.1,.983,747
102,2012,344,1200,13.36,3038.5,.833,666.9
102,2012,344,1300,13.35,3427.2,.883,720
102,2012,344,1400,13.35,2837,.75,571.2
102,2012,344,1500,13.34,3304.1,1,841
102,2012,344,1600,13.33,2251.5,.816,645.5
102,2012,344,1700,13.33,1334.8,.7,542.9
102,2012,344,1800,13.33,984.99,1,656.2
102,2012,344,1900,13.33,155.35,.466,205.8
102,2012,344,2000,13.33,0,0,9.38
102,2012,344,2100,13.33,0,0,9.33
102,2012,344,2200,13.33,0,0,9.29
102,2012,344,2300,13.33,0,0,9.32
101,2012,344,2400,13.33,23069,9.18
102,2012,344,2400,13.33,0,0,9.32
102,2012,345,100,13.33,0,0,9.28
102,2012,345,200,13.33,0,0,9.28
102,2012,345,300,13.34,0,0,9.33
102,2012,345,400,13.34,0,0,9.28
102,2012,345,500,13.34,0,0,9.29
102,2012,345,600,13.35,0,0,9.26
102,2012,345,700,13.34,8.2607,0,9.29
102,2012,345,800,13.35,321.68,.383,92.7
102,2012,345,900,13.36,1038.2,.7,254.6
102,2012,345,1000,13.36,1676.4,.816,385.4
102,2012,345,1100,13.35,2799.2,1,692
102,2012,345,1200,13.35,2930.6,.933,599.6
102,2012,345,1300,13.34,2916.2,.9,540.5
102,2012,345,1400,13.33,2922.4,.9,559.9
102,2012,345,1500,13.32,2641.1,1,558.4
102,2012,345,1600,13.32,1383.2,.483,244.9
102,2012,345,1700,13.34,1213.2,.783,343.4
102,2012,345,1800,13.33,750.11,1,281.9
102,2012,345,1900,13.34,146.65,.15,68.77
102,2012,345,2000,13.33,0,0,9.43
102,2012,345,2100,13.33,0,0,9.53
102,2012,345,2200,13.33,0,0,9.5
102,2012,345,2300,13.33,0,0,9.49
101,2012,345,2400,13.32,20747,9.05
102,2012,345,2400,13.33,0,0,9.48
102,2012,346,100,13.33,0,0,9.44
102,2012,346,200,13.33,0,0,9.42
102,2012,346,300,13.34,0,0,9.4
102,2012,346,400,13.34,0,0,9.3
102,2012,346,500,13.35,0,0,9.27
102,2012,346,600,13.34,0,0,9.25
102,2012,346,700,13.35,6.7774,0,9.28
102,2012,346,800,13.36,285.03,.383,111
102,2012,346,900,13.36,1200.6,.783,331
102,2012,346,1000,13.36,1938.3,1,608.6
102,2012,346,1100,13.35,2012.8,.666,403.1
102,2012,346,1200,12.71,2281.5,.733,446.9
102,2012,346,1300,12.67,2039.2,.533,365.4
102,2012,346,1400,13.33,3497,.983,672.1
102,2012,346,1500,12.75,2199,.683,446
102,2012,346,1600,12.69,1592.7,.55,424.4
102,2012,346,1700,13.32,1406.4,.7,452.9
102,2012,346,1800,13.31,1127.7,.7,358.6
102,2012,346,1900,13.32,240.18,.033,47.87
102,2012,346,2000,13.33,.04406,0,9.34
102,2012,346,2100,13.33,0,0,9.34
102,2012,346,2200,13.33,0,0,9.36
102,2012,346,2300,13.33,0,0,9.4
101,2012,346,2400,12.67,19827,7.75
102,2012,346,2400,13.33,0,0,9.41
102,2012,347,100,13.33,0,0,9.42
102,2012,347,200,13.33,0,0,9.39
102,2012,347,300,13.33,0,0,9.36
102,2012,347,400,13.34,0,0,9.31
102,2012,347,500,13.34,0,0,9.3
102,2012,347,600,13.35,0,0,9.29
102,2012,347,700,13.35,6.1459,0,9.29
102,2012,347,800,13.36,364.39,.633,198.9
102,2012,347,900,13.37,1243.6,.75,377.9
102,2012,347,1000,13.36,2135.7,1,735
102,2012,347,1100,13.36,2838.6,1,826
102,2012,347,1200,13.34,3301.7,1,844
102,2012,347,1300,13.34,3502.2,1,827
102,2012,347,1400,13.33,3363.7,1,750
102,2012,347,1500,13.31,3014.5,1,683.9
102,2012,347,1600,13.31,2339.4,1,650
102,2012,347,1700,13.3,1799.7,1,732
102,2012,347,1800,13.3,933.25,1,570.7
102,2012,347,1900,13.3,93.721,.167,67.64
102,2012,347,2000,13.3,0,0,9.63
102,2012,347,2100,13.31,0,0,9.5
102,2012,347,2200,13.31,0,0,9.46
102,2012,347,2300,13.31,0,0,9.42
101,2012,347,2400,13.3,24937,10.55
102,2012,347,2400,13.31,0,0,9.33
102,2012,348,100,13.31,0,0,9.26
102,2012,348,200,13.32,0,0,9.25
102,2012,348,300,13.33,0,0,9.25
102,2012,348,400,13.33,0,0,9.25
102,2012,348,500,13.33,0,0,9.25
102,2012,348,600,13.33,0,0,9.25
102,2012,348,700,13.33,5.6174,0,9.25
102,2012,348,800,13.34,352.38,.633,229.9
102,2012,348,900,13.35,1268.8,.766,398.8
102,2012,348,1000,13.35,2136.7,1,743
102,2012,348,1100,13.34,2848.2,1,831
102,2012,348,1200,13.33,3282.9,1,840
102,2012,348,1300,13.31,3487.2,1,818
102,2012,348,1400,13.3,3488.4,1,787
102,2012,348,1500,13.3,3308.2,1,772
102,2012,348,1600,13.29,2225.7,.85,605.4
102,2012,348,1700,13.29,1686.2,.933,601.7
102,2012,348,1800,13.29,817.68,1,432.8
102,2012,348,1900,13.3,118.08,.2,69.28
102,2012,348,2000,13.3,0,0,9.57
102,2012,348,2100,13.31,0,0,9.57
102,2012,348,2200,13.3,0,0,9.49
102,2012,348,2300,13.3,0,0,9.45
101,2012,348,2400,13.29,25026,10.38
102,2012,348,2400,13.31,0,0,9.35
102,2012,349,100,13.31,0,0,9.27
102,2012,349,200,12.69,0,0,9.25
102,2012,349,300,12.66,0,0,9.25
102,2012,349,400,12.66,0,0,9.25
102,2012,349,500,12.65,0,0,9.25
102,2012,349,600,12.65,0,0,9.25
102,2012,349,700,12.65,5.9183,0,9.34
102,2012,349,800,12.65,352.9,.633,183.4
102,2012,349,900,12.65,1196.2,.75,352.6
102,2012,349,1000,12.65,2008.9,1,664.9
102,2012,349,1100,12.65,2734.7,1,777
102,2012,349,1200,12.65,3242.4,1,810
102,2012,349,1300,12.65,3515,1,803
102,2012,349,1400,12.65,3507.3,1,773
102,2012,349,1500,12.66,2611.6,.6,436.2
102,2012,349,1600,12.66,1616.6,.6,381.7
102,2012,349,1700,13.23,1869.9,1,661.1
102,2012,349,1800,13.28,910.73,.683,379.3
102,2012,349,1900,13.3,94.108,.283,89.5
102,2012,349,2000,13.3,0,0,9.83
102,2012,349,2100,12.74,0,0,9.76
102,2012,349,2200,12.7,0,0,9.61
102,2012,349,2300,13.3,0,0,9.43
101,2012,349,2400,12.65,23666,9.55
102,2012,349,2400,13.3,0,0,9.31
102,2012,350,100,13.3,0,0,9.3
102,2012,350,200,13.31,0,0,9.25
102,2012,350,300,13.31,0,0,9.25
102,2012,350,400,13.31,0,0,9.25
102,2012,350,500,13.32,0,0,9.25
102,2012,350,600,13.32,0,0,9.25
102,2012,350,700,13.32,4.6776,0,9.25
102,2012,350,800,13.33,330.87,.6,155
102,2012,350,900,13.33,1181.7,.766,357.7
102,2012,350,1000,13.33,2016.9,1,663.6
102,2012,350,1100,12.7,2805.7,1,762
102,2012,350,1200,12.7,3186.3,1,742
102,2012,350,1300,13.31,3306.6,1,682.2
102,2012,350,1400,13.31,2735.7,.75,410.2
102,2012,350,1500,13.31,667.01,.017,43.77
102,2012,350,1600,13.31,717.95,.017,64.9
102,2012,350,1700,13.31,853.32,.566,204.2
102,2012,350,1800,13.31,337.24,0,39.61
102,2012,350,1900,13.31,84.272,0,14.05
102,2012,350,2000,13.31,0,0,9.31
102,2012,350,2100,13.31,0,0,9.33
102,2012,350,2200,13.31,0,0,9.41
102,2012,350,2300,13.31,0,0,9.36
101,2012,350,2400,12.7,18228,6.714
102,2012,350,2400,13.32,0,0,9.32
102,2012,351,100,13.32,0,0,9.31
102,2012,351,200,13.32,0,0,9.27
102,2012,351,300,13.33,0,0,9.25
102,2012,351,400,13.33,0,0,9.25
102,2012,351,500,13.33,0,0,9.25
102,2012,351,600,12.72,0,0,9.25
102,2012,351,700,12.68,5.9551,0,9.25
102,2012,351,800,13.34,376.36,.583,170.3
102,2012,351,900,13.35,1472.2,.816,352.3
102,2012,351,1000,12.69,2015.2,1,627.7
102,2012,351,1100,13.34,2380.8,.983,659.3
102,2012,351,1200,13.33,3198.8,.983,796
102,2012,351,1300,13.33,3598.1,1,836
102,2012,351,1400,12.71,3559.5,1,799
102,2012,351,1500,13.32,2455.6,.7,513.9
102,2012,351,1600,12.71,1926.5,.417,306
102,2012,351,1700,12.7,1459.5,.95,551.8
102,2012,351,1800,13.31,505.78,.233,131.8
102,2012,351,1900,13.31,163.23,0,19.99
102,2012,351,2000,13.31,.02937,0,9.49
102,2012,351,2100,12.75,0,0,9.37
102,2012,351,2200,13.31,0,0,9.43
102,2012,351,2300,13.32,0,0,9.41
101,2012,351,2400,12.68,23117,8.66
102,2012,351,2400,13.32,0,0,9.37
102,2012,352,100,13.32,0,0,9.38
102,2012,352,200,12.76,.85916,0,9.32
102,2012,352,300,13.33,0,0,9.28
102,2012,352,400,13.33,0,0,9.3
102,2012,352,500,13.33,0,0,9.29
102,2012,352,600,13.33,0,0,9.31
102,2012,352,700,13.34,5.9991,0,9.31
102,2012,352,800,12.69,318.65,.583,177.6
102,2012,352,900,12.66,1137.9,.733,360.7
102,2012,352,1000,12.66,2051.9,1,673.3
102,2012,352,1100,12.66,2725.3,.983,777
102,2012,352,1200,12.65,3222.6,.933,764
102,2012,352,1300,12.65,3259.8,.783,604.8
102,2012,352,1400,12.65,3562.9,.95,753
102,2012,352,1500,12.65,2892.3,.916,674
102,2012,352,1600,12.65,2229.5,.7,535.2
102,2012,352,1700,12.65,1553.2,.866,533.9
102,2012,352,1800,12.65,799.32,.9,479.6
102,2012,352,1900,12.65,157.31,.533,170.6
102,2012,352,2000,12.65,0,0,9.67
102,2012,352,2100,12.65,0,0,9.37
102,2012,352,2200,12.65,0,0,9.43
102,2012,352,2300,13.29,0,0,9.45
101,2012,352,2400,12.65,23917,9.88
102,2012,352,2400,12.71,0,0,9.36
102,2012,353,100,13.33,0,0,9.43
102,2012,353,200,12.69,0,0,9.27
102,2012,353,300,12.69,0,0,9.25
102,2012,353,400,12.68,0,0,9.25
102,2012,353,500,12.68,0,0,9.25
102,2012,353,600,12.67,0,0,9.25
102,2012,353,700,12.67,6.2045,0,9.27
102,2012,353,800,12.67,352.16,.516,159.7
102,2012,353,900,12.66,984.43,.75,233.6
102,2012,353,1000,12.65,1511.9,1,410.3
102,2012,353,1100,12.65,1628.9,.466,289.3
102,2012,353,1200,12.67,1932.8,.267,179.2
102,2012,353,1300,12.67,2994.5,.816,500.3
102,2012,353,1400,13.32,3078,.716,354.2
102,2012,353,1500,13.33,2301.1,.666,428.3
102,2012,353,1600,13.33,1323.3,.3,203.9
102,2012,353,1700,13.33,153.7,0,11.19
102,2012,353,1800,13.34,118.26,0,9.36
102,2012,353,1900,12.7,51.781,0,9.34
102,2012,353,2000,12.69,0,0,9.37
102,2012,353,2100,13.34,0,0,9.47
102,2012,353,2200,13.34,0,0,9.47
102,2012,353,2300,13.34,0,0,9.45
101,2012,353,2400,12.65,16437,5.498
102,2012,353,2400,13.35,0,0,9.41
102,2012,354,100,13.34,0,0,9.32
102,2012,354,200,12.69,0,0,9.26
102,2012,354,300,12.69,0,0,9.25
102,2012,354,400,13.36,0,0,9.25
102,2012,354,500,13.36,0,0,9.25
102,2012,354,600,13.36,0,0,9.25
102,2012,354,700,13.36,2.1293,0,9.25
102,2012,354,800,13.37,88.215,0,10.63
102,2012,354,900,13.39,781.4,.6,202.5
102,2012,354,1000,13.38,1896.5,1,600.7
102,2012,354,1100,13.38,2952.2,1,818
102,2012,354,1200,13.36,2943,.933,661.5
102,2012,354,1300,13.35,2962.7,.733,530.2
102,2012,354,1400,13.34,1785.7,.25,162.1
102,2012,354,1500,13.33,1826.9,.4,191.3
102,2012,354,1600,13.34,553.05,.15,80.6
102,2012,354,1700,13.34,1898.5,.983,754
102,2012,354,1800,13.33,1068.2,1,577.7
102,2012,354,1900,13.33,191.48,.483,180.4
102,2012,354,2000,13.33,0,0,9.55
102,2012,354,2100,13.33,0,0,9.41
102,2012,354,2200,13.33,0,0,9.36
102,2012,354,2300,13.33,0,0,9.31
101,2012,354,2400,12.69,18950,7.53
102,2012,354,2400,13.34,0,0,9.3
102,2012,355,100,13.34,0,0,9.25
102,2012,355,200,13.34,0,0,9.25
102,2012,355,300,13.35,0,0,9.25
102,2012,355,400,13.35,0,0,9.26
102,2012,355,500,13.36,0,0,9.26
102,2012,355,600,13.36,0,0,9.25
102,2012,355,700,13.36,2.8856,0,9.25
102,2012,355,800,13.38,317.48,.6,202.4
102,2012,355,900,13.38,1142,.766,360.2
102,2012,355,1000,13.38,1993.4,1,669.4
102,2012,355,1100,13.36,2739.3,1,779
102,2012,355,1200,13.36,3246,1,820
102,2012,355,1300,13.35,3214.6,.9,681.4
102,2012,355,1400,13.34,3515.7,1,772
102,2012,355,1500,13.33,3146.6,1,788
102,2012,355,1600,13.33,2649.1,1,817
102,2012,355,1700,13.32,1887.4,1,752
102,2012,355,1800,13.32,998.52,1,597
102,2012,355,1900,13.32,188.44,.616,219.6
102,2012,355,2000,12.68,0,0,9.43
102,2012,355,2100,12.68,0,0,9.26
102,2012,355,2200,13.33,0,0,9.27
102,2012,355,2300,13.33,0,0,9.3
101,2012,355,2400,12.68,25041,10.88
102,2012,355,2400,13.33,0,0,9.25
102,2012,356,100,13.34,0,0,9.25
102,2012,356,200,13.34,0,0,9.25
102,2012,356,300,13.34,0,0,9.25
102,2012,356,400,13.34,0,0,9.25
102,2012,356,500,13.35,0,0,9.25
102,2012,356,600,13.35,0,0,9.25
102,2012,356,700,13.36,3.1794,0,9.25
102,2012,356,800,13.37,353.57,.55,162.5
102,2012,356,900,13.38,779.44,.183,96.1
102,2012,356,1000,13.38,1534,.7,309.4
102,2012,356,1100,13.38,2735,1,725
102,2012,356,1200,13.36,3202.8,1,767
102,2012,356,1300,13.35,3567.3,1,752
102,2012,356,1400,13.34,3435.6,1,772
102,2012,356,1500,13.33,3170.2,1,802
102,2012,356,1600,13.33,2629.8,1,795
102,2012,356,1700,13.32,1951.2,1,751
102,2012,356,1800,13.31,1049.2,1,548.9
102,2012,356,1900,13.32,174.34,.55,133.2
102,2012,356,2000,13.31,0,0,9.6
102,2012,356,2100,13.32,0,0,9.43
102,2012,356,2200,13.32,0,0,9.33
102,2012,356,2300,13.32,0,0,9.34
101,2012,356,2400,13.31,24586,9.98
102,2012,356,2400,13.32,0,0,9.41
102,2012,357,100,13.32,0,0,9.45
102,2012,357,200,13.33,0,0,9.36
102,2012,357,300,13.33,0,0,9.3
102,2012,357,400,13.33,0,0,9.28
102,2012,357,500,13.33,0,0,9.3
102,2012,357,600,13.33,0,0,9.32
102,2012,357,700,13.33,1.3364,0,9.32
102,2012,357,800,13.34,259.48,.217,58.03
102,2012,357,900,13.34,640.84,.133,82.3
102,2012,357,1000,13.34,1850.4,.85,444.7
102,2012,357,1100,13.34,1776.6,1,355.5
102,2012,357,1200,13.33,3150.9,.966,717
102,2012,357,1300,13.33,2656.4,.7,431.3
102,2012,357,1400,13.32,2413.7,.583,374.7
102,2012,357,1500,13.31,2357.3,.683,424
102,2012,357,1600,13.31,1458.5,.283,204.6
102,2012,357,1700,13.31,112.57,0,12.23
102,2012,357,1800,13.33,56.998,0,9.66
102,2012,357,1900,13.34,17.821,0,9.38
102,2012,357,2000,12.69,0,0,9.4
102,2012,357,2100,13.33,0,0,9.4
102,2012,357,2200,13.33,0,0,9.43
102,2012,357,2300,13.33,0,0,9.41
101,2012,357,2400,12.69,16753,5.415
102,2012,357,2400,13.33,0,0,9.36
102,2012,358,100,13.34,0,0,9.3
102,2012,358,200,13.34,0,0,9.32
102,2012,358,300,13.34,0,0,9.26
102,2012,358,400,13.34,0,0,9.27
102,2012,358,500,13.34,0,0,9.26
102,2012,358,600,13.34,0,0,9.25
102,2012,358,700,13.35,3.9137,0,9.27
102,2012,358,800,13.35,376.92,.516,151.6
102,2012,358,900,13.36,1070.8,.583,290
102,2012,358,1000,13.36,2046.1,1,637.7
102,2012,358,1100,13.35,2631.2,.966,675.8
102,2012,358,1200,13.35,2153.2,.466,312.3
102,2012,358,1300,13.34,1479.1,.167,90.7
102,2012,358,1400,12.69,528.9,0,24.86
102,2012,358,1500,13.35,220.66,0,9.4
102,2012,358,1600,13.35,1662.3,.533,320.3
102,2012,358,1700,13.34,1171.3,.383,315.1
102,2012,358,1800,13.34,325.41,.25,77.4
102,2012,358,1900,13.35,108.02,0,22.85
102,2012,358,2000,13.35,0,0,9.35
102,2012,358,2100,13.34,0,0,9.35
102,2012,358,2200,13.35,0,0,9.36
102,2012,358,2300,13.35,0,0,9.32
101,2012,358,2400,12.69,13778,4.865
102,2012,358,2400,13.35,0,0,9.27
102,2012,359,100,13.35,0,0,9.31
102,2012,359,200,13.35,0,0,9.41
102,2012,359,300,13.35,0,0,9.43
102,2012,359,400,13.36,0,0,9.47
102,2012,359,500,13.36,0,0,9.46
102,2012,359,600,13.36,0,0,9.48
102,2012,359,700,13.36,1.5787,0,9.45
102,2012,359,800,13.37,178.54,0,13.71
102,2012,359,900,13.37,456.22,0,44.33
102,2012,359,1000,13.37,1703.1,.716,416.3
102,2012,359,1100,13.36,1943.6,.9,335.6
102,2012,359,1200,12.66,3281,1,788
102,2012,359,1300,12.65,3649.9,.95,632
102,2012,359,1400,12.65,3791.5,.966,693.6
102,2012,359,1500,12.65,3245.9,.833,619.2
102,2012,359,1600,12.65,2024.1,.8,413.6
102,2012,359,1700,12.65,1895.8,.816,565.7
102,2012,359,1800,13.33,1356.6,.833,471
102,2012,359,1900,13.33,85.951,.017,17.17
102,2012,359,2000,12.71,.27169,0,9.37
102,2012,359,2100,13.04,0,0,9.4
102,2012,359,2200,12.69,0,0,9.34
102,2012,359,2300,12.9,0,0,9.41
101,2012,359,2400,12.65,23614,7.83
102,2012,359,2400,13.34,0,0,9.44
102,2012,360,100,13.35,0,0,9.41
102,2012,360,200,13.34,0,0,9.37
102,2012,360,300,13.35,0,0,9.38
102,2012,360,400,13.35,0,0,9.44
102,2012,360,500,13.35,0,0,9.49
102,2012,360,600,13.35,0,0,9.46
102,2012,360,700,13.36,2.9077,0,9.51
102,2012,360,800,13.36,115.96,0,10.47
102,2012,360,900,12.68,1232.4,.6,280.8
102,2012,360,1000,12.65,1616.6,.933,440.1
102,2012,360,1100,12.67,2854.5,1,744
102,2012,360,1200,13.35,3297.1,1,817
102,2012,360,1300,13.35,3594.3,.966,789
102,2012,360,1400,13.35,3124.2,.783,586.1
102,2012,360,1500,13.33,3525.9,1,804
102,2012,360,1600,13.33,1382.8,.3,189.3
102,2012,360,1700,13.33,780.68,.1,57.43
102,2012,360,1800,13.33,288.92,0,20.65
102,2012,360,1900,13.33,85.364,.033,34.37
102,2012,360,2000,13.33,.01469,0,9.44
102,2012,360,2100,13.33,0,0,9.42
102,2012,360,2200,12.77,0,0,9.39
102,2012,360,2300,13.33,0,0,9.37
101,2012,360,2400,12.65,21902,6.714
102,2012,360,2400,13.34,0,0,9.33
102,2012,361,100,13.34,0,0,9.31
102,2012,361,200,13.34,0,0,9.32
102,2012,361,300,13.34,0,0,9.32
102,2012,361,400,13.35,0,0,9.37
102,2012,361,500,13.35,0,0,9.37
102,2012,361,600,13.34,0,0,9.35
102,2012,361,700,13.34,1.2483,0,9.25
102,2012,361,800,13.35,109.14,0,9.31
102,2012,361,900,13.35,278.96,0,12.89
102,2012,361,1000,13.35,790.99,0,42.49
102,2012,361,1100,13.35,2053.7,.683,265.8
102,2012,361,1200,13.35,3159.4,.833,531.2
102,2012,361,1300,13.34,3423.7,.883,667.6
102,2012,361,1400,13.33,3268.7,.75,550.2
102,2012,361,1500,13.33,904.82,.083,68.96
102,2012,361,1600,13.34,710.33,0,53.29
102,2012,361,1700,13.35,321.4,0,46.13
102,2012,361,1800,13.35,131.41,0,11.37
102,2012,361,1900,13.34,105.25,0,11.04
102,2012,361,2000,13.34,0,0,9.26
102,2012,361,2100,13.34,0,0,9.33
102,2012,361,2200,13.35,0,0,9.31
102,2012,361,2300,13.35,0,0,9.29
101,2012,361,2400,13.33,15259,3.232
102,2012,361,2400,13.35,0,0,9.3
102,2012,362,100,13.35,0,0,9.3
102,2012,362,200,13.35,0,0,9.25
102,2012,362,300,13.36,0,0,9.25
102,2012,362,400,13,0,0,9.25
102,2012,362,500,13.36,0,0,9.25
102,2012,362,600,13.36,0,0,9.25
102,2012,362,700,13.36,.36713,0,9.3
102,2012,362,800,13.36,45.326,0,10.23
102,2012,362,900,13.36,272.43,0,10.96
102,2012,362,1000,13.37,668.55,0,11.25
102,2012,362,1100,13.36,1107.5,0,15.4
102,2012,362,1200,13.36,1628.9,0,40.39
102,2012,362,1300,13.36,3026.6,.8,326.4
102,2012,362,1400,13.35,1283.8,.25,134.2
102,2012,362,1500,13.34,2061.1,.616,436.5
102,2012,362,1600,13.34,2744.9,1,831
102,2012,362,1700,13.33,2089,1,751
102,2012,362,1800,13.33,900.41,.483,296.9
102,2012,362,1900,13.34,63.987,0,9.94
102,2012,362,2000,13.34,0,0,9.52
102,2012,362,2100,13.34,0,0,9.4
102,2012,362,2200,13.34,0,0,9.38
102,2012,362,2300,13.34,0,0,9.42
101,2012,362,2400,13,15893,4.148
102,2012,362,2400,13.34,0,0,9.4
102,2012,363,100,13.35,.00734,0,9.3
102,2012,363,200,13.35,0,0,9.27
102,2012,363,300,13.35,0,0,9.26
102,2012,363,400,13.35,0,0,9.26
102,2012,363,500,13.36,0,0,9.26
102,2012,363,600,13.36,0,0,9.38
102,2012,363,700,13.36,1.7622,0,9.38
102,2012,363,800,13.36,137.36,0,9.38
102,2012,363,900,13.36,275.33,.017,16.43
102,2012,363,1000,13.36,189.69,0,10.9
102,2012,363,1100,13.36,442.93,0,9.62
102,2012,363,1200,13.36,1866.5,.267,114.4
102,2012,363,1300,13.36,2812.1,.716,518.2
102,2012,363,1400,13.35,3121.1,.65,376.4
102,2012,363,1500,13.35,1798.8,.433,164.3
102,2012,363,1600,13.35,2045.8,.85,547.8
102,2012,363,1700,13.35,2037.9,.983,793
102,2012,363,1800,13.35,705.19,.367,208.4
102,2012,363,1900,13.35,114.7,0,14.95
102,2012,363,2000,12.67,.29371,0,9.36
102,2012,363,2100,13.36,0,0,9.47
102,2012,363,2200,13.36,0,0,9.35
102,2012,363,2300,13.36,0,0,9.35
101,2012,363,2400,12.67,15550,4.282
102,2012,363,2400,13.36,0,0,9.47
102,2012,364,100,13.36,0,0,9.48
102,2012,364,200,13.36,0,0,9.35
102,2012,364,300,13.36,0,0,9.46
102,2012,364,400,13.36,0,0,9.49
102,2012,364,500,13.37,0,0,9.46
102,2012,364,600,13.37,0,0,9.41
102,2012,364,700,13.37,.15419,0,9.41
102,2012,364,800,13.37,80.261,0,9.46
102,2012,364,900,13.38,262.8,0,10.34
102,2012,364,1000,13.38,562.58,0,10.24
102,2012,364,1100,13.38,549.84,0,12.04
102,2012,364,1200,13.38,1537.1,0,16.45
102,2012,364,1300,12.71,2679.4,.533,207.2
102,2012,364,1400,13.36,3051.3,.95,429.2
102,2012,364,1500,13.36,3079,1,641.8
102,2012,364,1600,13.36,1074.6,.283,85
102,2012,364,1700,13.36,714.12,0,15.98
102,2012,364,1800,13.36,609.18,.1,70.9
102,2012,364,1900,13.36,153.66,0,22.39
102,2012,364,2000,13.36,.00734,0,9.47
102,2012,364,2100,13.36,0,0,9.46
102,2012,364,2200,13.36,0,0,9.49
102,2012,364,2300,13.36,0,0,9.46
101,2012,364,2400,12.71,14354,2.866
102,2012,364,2400,13.36,0,0,9.46
102,2012,365,100,13.37,0,0,9.43
102,2012,365,200,13.37,0,0,9.3
102,2012,365,300,13.37,0,0,9.41
102,2012,365,400,13.37,0,0,9.43
102,2012,365,500,13.37,0,0,9.43
102,2012,365,600,13.38,0,0,9.45
102,2012,365,700,13.38,.08811,0,9.47
102,2012,365,800,13.38,36.257,0,9.46
102,2012,365,900,13.38,189.26,0,11.46
102,2012,365,1000,13.38,675.29,0,16.03
102,2012,365,1100,13.38,706.95,0,15.37
102,2012,365,1200,13.38,1471.9,.083,68.83
102,2012,365,1300,12.78,1918.1,0,9.93
102,2012,365,1400,13.02,2617.3,.283,103.5
102,2012,365,1500,12.86,1593,.3,190.3
102,2012,365,1600,13.36,202.12,0,9.6
102,2012,365,1700,13.36,111.29,0,9.45
102,2012,365,1800,13.37,131.93,0,9.48
102,2012,365,1900,13.37,61.171,0,9.4
102,2012,365,2000,13.37,0,0,9.49
102,2012,365,2100,13.37,0,0,9.46
102,2012,365,2200,13.38,0,0,9.36
102,2012,365,2300,13.38,0,0,9.35
101,2012,365,2400,12.78,9714.6,.666
102,2012,365,2400,13.38,0,0,9.36
102,2012,366,100,13.38,0,0,9.48
102,2012,366,200,13.38,0,0,9.47
102,2012,366,300,13.38,0,0,9.42
102,2012,366,400,13.38,0,0,9.37
102,2012,366,500,13.38,0,0,9.45
102,2012,366,600,13.38,0,0,9.42
102,2012,366,700,13.39,1.1309,0,9.41
102,2012,366,800,13.39,183.9,.083,33.1
102,2012,366,900,13.39,918.82,.516,244.8
102,2012,366,1000,13.38,1965.7,1,688.9
102,2012,366,1100,13.38,2690.4,1,772
102,2012,366,1200,12.89,3242.5,1,773
102,2012,366,1300,13.36,2931.3,.65,498.3
102,2012,366,1400,13.36,2216,.4,287.9
102,2012,366,1500,13.36,2103.1,.516,385.8
102,2012,366,1600,13.35,2029.7,.516,435
102,2012,366,1700,13.35,196.14,0,18.02
102,2012,366,1800,13.36,107.48,0,12.64
102,2012,366,1900,13.36,69.191,0,18.13
102,2012,366,2000,13.36,.19825,0,9.41
102,2012,366,2100,13.36,0,0,9.4
102,2012,366,2200,13.36,0,0,9.42
102,2012,366,2300,13.36,0,0,9.41
101,2012,366,2400,12.89,18655,5.681
102,2012,366,2400,13.37,0,0,9.41
102,2013,1,100,13.37,0,0,9.42
102,2013,1,200,13.37,0,0,9.43
102,2013,1,300,13.37,0,0,9.41
102,2013,1,400,13.37,0,0,9.38
102,2013,1,500,13.1,0,0,9.42
102,2013,1,600,12.88,0,0,9.44
102,2013,1,700,13.38,.73426,0,9.4
102,2013,1,800,13.38,105.45,0,9.43
102,2013,1,900,13.38,628.41,.183,87.3
102,2013,1,1000,13.38,1127,.55,185.7
102,2013,1,1100,13.37,1558.3,.583,216.8
102,2013,1,1200,13.36,2932.3,.983,530.4
102,2013,1,1300,13.36,3492.8,.966,711
102,2013,1,1400,13.36,2990.3,.866,528.5
102,2013,1,1500,13.35,2967.2,.85,602.5
102,2013,1,1600,13.35,2296.6,.833,663.3
102,2013,1,1700,13.35,1920.7,1,717
102,2013,1,1800,13.34,1054.1,1,557
102,2013,1,1900,13.34,260.77,.633,207.4
102,2013,1,2000,13.34,.19092,0,9.68
102,2013,1,2100,13.34,0,0,9.5
102,2013,1,2200,13.34,0,0,9.43
102,2013,1,2300,13.34,0,0,9.38
101,2013,1,2400,12.88,21335,8.45
102,2013,1,2400,13.35,0,0,9.36
102,2013,2,100,13.35,0,0,9.37
102,2013,2,200,13.35,0,0,9.29
102,2013,2,300,13.35,0,0,9.35
102,2013,2,400,13.35,0,0,9.29
102,2013,2,500,13.35,0,0,9.27
102,2013,2,600,13.36,0,0,9.26
102,2013,2,700,13.36,.54336,0,9.36
102,2013,2,800,13.36,208.22,.317,94.1
102,2013,2,900,13.36,998.18,.716,245.3
102,2013,2,1000,13.35,1912.4,1,640.8
102,2013,2,1100,13.35,2499.2,.916,567.9
102,2013,2,1200,13.35,3350.7,1,736
102,2013,2,1300,13.34,3497.9,.966,737
102,2013,2,1400,13.33,2862.1,.75,521.6
102,2013,2,1500,13.32,2985.5,.8,540.8
102,2013,2,1600,13.31,2547.1,.916,486.5
102,2013,2,1700,13.31,1320.6,.433,247.5
102,2013,2,1800,13.31,468.5,0,10.99
102,2013,2,1900,13.32,79.631,.017,31.55
102,2013,2,2000,13.32,.01469,0,9.59
102,2013,2,2100,13.33,0,0,9.44
102,2013,2,2200,13.33,0,0,9.44
102,2013,2,2300,13.33,0,0,9.4
101,2013,2,2400,13.31,22731,7.83
102,2013,2,2400,13.33,0,0,9.34
102,2013,3,100,13.33,0,0,9.32
102,2013,3,200,13.34,0,0,9.31
102,2013,3,300,13.34,0,0,9.28
102,2013,3,400,13.34,0,0,9.26
102,2013,3,500,13.35,0,0,9.25
102,2013,3,600,13.35,0,0,9.25
102,2013,3,700,13.35,.85911,0,9.25
102,2013,3,800,13.35,227.93,.283,85.1
102,2013,3,900,13.35,975.19,.666,224.1
102,2013,3,1000,13.35,1818,1,616.5
102,2013,3,1100,13.35,2653.7,1,717
102,2013,3,1200,13.34,2912.5,.866,566.7
102,2013,3,1300,13.33,2343.4,.566,350.5
102,2013,3,1400,13.33,2555,.633,412.2
102,2013,3,1500,13.31,2783.4,.866,532.5
102,2013,3,1600,13.31,2521.1,.916,598.4
102,2013,3,1700,13.31,1861.4,1,558.7
102,2013,3,1800,13.31,492.59,.183,70.8
102,2013,3,1900,13.31,75.364,0,9.66
102,2013,3,2000,13.31,0,0,9.63
102,2013,3,2100,13.32,0,0,9.55
102,2013,3,2200,13.32,0,0,9.49
102,2013,3,2300,13.32,0,0,9.44
101,2013,3,2400,13.31,21221,7.98
102,2013,3,2400,13.32,0,0,9.49
102,2013,4,100,13.33,0,0,9.45
102,2013,4,200,13.33,0,0,9.37
102,2013,4,300,13.33,0,0,9.29
102,2013,4,400,13.33,0,0,9.26
102,2013,4,500,13.33,0,0,9.25
102,2013,4,600,13.34,0,0,9.25
102,2013,4,700,13.34,.1028,0,9.25
102,2013,4,800,13.35,212.42,0,47.69
102,2013,4,900,13.35,662.11,.167,98.7
102,2013,4,1000,13.35,1610.3,1,420.4
102,2013,4,1100,13.35,2488.7,1,680.7
102,2013,4,1200,13.34,3180.5,1,688.5
102,2013,4,1300,13.33,3211.8,.95,582.1
102,2013,4,1400,13.33,2428.2,.783,418.9
102,2013,4,1500,13.32,3149.3,1,650
102,2013,4,1600,13.31,2767.1,.983,626.7
102,2013,4,1700,13.31,1937.3,1,549.1
102,2013,4,1800,13.31,639.67,.516,221.5
102,2013,4,1900,13.31,186.53,.3,111.9
102,2013,4,2000,13.31,.17624,0,9.67
102,2013,4,2100,13.31,0,0,9.56
102,2013,4,2200,13.31,0,0,9.5
102,2013,4,2300,13.31,0,0,9.39
101,2013,4,2400,13.31,22474,8.7
102,2013,4,2400,13.32,0,0,9.39
102,2013,5,100,13.32,0,0,9.32
102,2013,5,200,13.32,0,0,9.34
102,2013,5,300,13.33,0,0,9.28
102,2013,5,400,13.33,0,0,9.27
102,2013,5,500,13.33,0,0,9.25
102,2013,5,600,13.33,0,0,9.26
102,2013,5,700,13.34,.34512,0,9.25
102,2013,5,800,13.34,210.75,.417,94.6
102,2013,5,900,13.35,963.23,.6,195.4
102,2013,5,1000,13.35,1833,1,640.7
102,2013,5,1100,13.34,2600.7,1,748
102,2013,5,1200,13.33,3126.6,1,771
102,2013,5,1300,13.33,3424.5,1,772
102,2013,5,1400,13.32,3447.9,1,749
102,2013,5,1500,13.31,3226.5,1,759
102,2013,5,1600,13.31,2699.9,1,776
102,2013,5,1700,13.3,1921.1,1,702
102,2013,5,1800,13.3,1075.6,1,566.3
102,2013,5,1900,13.3,286.32,.65,227.5
102,2013,5,2000,13.3,.79297,0,9.74
102,2013,5,2100,13.3,0,0,9.5
102,2013,5,2200,13.3,0,0,9.38
102,2013,5,2300,13.31,0,0,9.41
101,2013,5,2400,13.3,24817,10.66
102,2013,5,2400,13.31,0,0,9.37
102,2013,6,100,13.31,0,0,9.29
102,2013,6,200,13.32,0,0,9.28
102,2013,6,300,13.32,0,0,9.3
102,2013,6,400,13.33,0,0,9.37
102,2013,6,500,13.33,0,0,9.3
102,2013,6,600,13.33,0,0,9.25
102,2013,6,700,13.33,.257,0,9.25
102,2013,6,800,13.34,165.16,.017,43.58
102,2013,6,900,13.34,671.82,.133,83.3
102,2013,6,1000,12.67,1447.8,.7,310.1
102,2013,6,1100,12.65,2013.1,.666,338.3
102,2013,6,1200,12.64,1994.1,.45,238.1
102,2013,6,1300,13.33,1823.7,.233,149.4
102,2013,6,1400,12.67,2278.9,.283,173.9
102,2013,6,1500,12.65,686.04,.033,44.51
102,2013,6,1600,12.65,472.77,0,34.14
102,2013,6,1700,12.65,712.08,0,21.56
102,2013,6,1800,13.33,233.21,0,33.85
102,2013,6,1900,13.33,55.88,0,24.09
102,2013,6,2000,13.33,1.263,0,9.44
102,2013,6,2100,13.33,0,0,9.42
102,2013,6,2200,13.33,0,0,9.38
102,2013,6,2300,13.33,0,0,9.32
101,2013,6,2400,12.64,12556,2.516
102,2013,6,2400,13.34,0,0,9.27
102,2013,7,100,13.35,0,0,9.25
102,2013,7,200,13.35,0,0,9.25
102,2013,7,300,13.36,0,0,9.25
102,2013,7,400,13.36,0,0,9.25
102,2013,7,500,13.36,0,0,9.25
102,2013,7,600,13.37,0,0,9.25
102,2013,7,700,13.37,.08811,0,9.25
102,2013,7,800,13.38,201.44,.3,74.4
102,2013,7,900,13.38,788.16,.383,124.2
102,2013,7,1000,13.38,1614.7,1,498.2
102,2013,7,1100,12.85,2587,1,674.5
102,2013,7,1200,13.36,3180.9,1,812
102,2013,7,1300,13.35,3601.1,.983,842
102,2013,7,1400,12.66,3228.1,.85,586.2
102,2013,7,1500,12.67,2744.8,.783,488.6
102,2013,7,1600,13.32,2765.9,.933,674.3
102,2013,7,1700,12.67,1725.4,.566,357.5
102,2013,7,1800,12.66,698.84,.317,162.6
102,2013,7,1900,12.68,39.903,0,9.61
102,2013,7,2000,13.33,.33044,0,9.33
102,2013,7,2100,13.33,.27904,0,9.31
102,2013,7,2200,13.34,0,0,9.38
102,2013,7,2300,13.34,0,0,9.35
101,2013,7,2400,12.66,23177,8.11
102,2013,7,2400,13.34,0,0,9.41
102,2013,8,100,13.35,0,0,9.43
102,2013,8,200,13.35,0,0,9.45
102,2013,8,300,13.35,0,0,9.47
102,2013,8,400,13.35,0,0,9.48
102,2013,8,500,13.36,0,0,9.48
102,2013,8,600,13.36,0,0,9.48
102,2013,8,700,13.36,.37447,0,9.43
102,2013,8,800,13.37,245.16,.417,125
102,2013,8,900,13.37,1049.8,.283,151.4
102,2013,8,1000,13.36,1918.9,1,737
102,2013,8,1100,12.66,2695.1,1,823
102,2013,8,1200,12.65,3244.6,1,858
102,2013,8,1300,12.64,3250.1,.85,650.9
102,2013,8,1400,12.64,2378.5,.383,262.8
102,2013,8,1500,12.67,1249.4,.283,226
102,2013,8,1600,12.66,2389.2,.8,669.8
102,2013,8,1700,13.34,934.51,.233,166.2
102,2013,8,1800,13.34,110.07,0,12.28
102,2013,8,1900,13.34,5.6467,0,9.48
102,2013,8,2000,13.34,0,0,9.35
102,2013,8,2100,13.34,0,0,9.3
102,2013,8,2200,13.34,0,0,9.27
102,2013,8,2300,13.35,0,0,9.25
101,2013,8,2400,12.64,19471,6.248
102,2013,8,2400,13.34,0,0,9.29
102,2013,9,100,13.35,0,0,9.28
102,2013,9,200,13.36,0,0,9.26
102,2013,9,300,13.36,0,0,9.36
102,2013,9,400,13.36,0,0,9.31
102,2013,9,500,13.36,0,0,9.3
102,2013,9,600,13.37,0,0,9.25
102,2013,9,700,13.37,.17622,0,9.26
102,2013,9,800,13.38,228.39,.417,173
102,2013,9,900,13.39,1078.7,.317,157.1
102,2013,9,1000,13.38,1974.7,1,782
102,2013,9,1100,13.37,2773.7,1,849
102,2013,9,1200,13.36,3304.1,1,876
102,2013,9,1300,13.35,3521.2,1,877
102,2013,9,1400,13.34,3751.9,.983,846
102,2013,9,1500,13.33,2586.9,.666,571.4
102,2013,9,1600,13.33,2915.5,.983,805
102,2013,9,1700,13.32,1197.4,.417,271.7
102,2013,9,1800,13.33,343.33,.017,23.55
102,2013,9,1900,13.33,172.48,.033,35
102,2013,9,2000,13.33,4.795,0,10.44
102,2013,9,2100,13.33,.1542,0,9.44
102,2013,9,2200,13.33,.05874,0,9.46
102,2013,9,2300,13.34,0,0,9.42
101,2013,9,2400,13.32,23853,7.83
102,2013,9,2400,13.34,0,0,9.41
102,2013,10,100,13.35,0,0,9.43
102,2013,10,200,13.35,0,0,9.41
102,2013,10,300,13.35,0,0,9.43
102,2013,10,400,13.35,0,0,9.4
102,2013,10,500,13.36,0,0,9.46
102,2013,10,600,13.36,0,0,9.43
102,2013,10,700,13.36,1.5713,0,9.38
102,2013,10,800,13.37,198.4,.283,90
102,2013,10,900,13.37,865.58,.183,114.6
102,2013,10,1000,13.36,1862.6,1,674.8
102,2013,10,1100,13.36,2667.5,1,794
102,2013,10,1200,13.35,3338.8,1,875
102,2013,10,1300,13.35,3635.7,1,886
102,2013,10,1400,13.34,3706.2,.966,839
102,2013,10,1500,13.33,3217.1,.95,776
102,2013,10,1600,13.33,2595.1,.983,742
102,2013,10,1700,13.32,1555,.683,467.6
102,2013,10,1800,12.66,1269.4,1,631.4
102,2013,10,1900,12.65,518.61,.616,289.5
102,2013,10,2000,13.33,9.5756,0,10.56
102,2013,10,2100,13.33,0,0,9.43
102,2013,10,2200,13.33,0,0,9.36
102,2013,10,2300,13.33,0,0,9.36
101,2013,10,2400,12.65,25441,9.66
102,2013,10,2400,13.34,0,0,9.37
102,2013,11,100,13.34,0,0,9.32
102,2013,11,200,13.35,0,0,9.27
102,2013,11,300,13.35,0,0,9.34
102,2013,11,400,13.35,0,0,9.27
102,2013,11,500,13.35,0,0,9.31
102,2013,11,600,13.36,0,0,9.3
102,2013,11,700,13.36,.18357,0,9.27
102,2013,11,800,13.36,208.03,.233,81.5
102,2013,11,900,13.37,937.19,.25,85.3
102,2013,11,1000,13.36,1382.7,.383,211.5
102,2013,11,1100,12.65,2474.3,.7,444.9
102,2013,11,1200,12.63,3120.5,.966,766
102,2013,11,1300,13.35,3280.8,.9,699.5
102,2013,11,1400,13.35,2909.9,.683,530.1
102,2013,11,1500,13.33,2609.6,.75,471.2
102,2013,11,1600,13.33,2057.3,.7,528.4
102,2013,11,1700,13.33,1859.3,.85,661.1
102,2013,11,1800,13.33,1214.5,1,669.5
102,2013,11,1900,13.33,328.81,.816,319.7
102,2013,11,2000,13.33,2.5481,0,9.97
102,2013,11,2100,13.33,0,0,9.39
102,2013,11,2200,13.33,0,0,9.38
102,2013,11,2300,13.33,0,0,9.35
101,2013,11,2400,12.63,22386,8.23
102,2013,11,2400,13.33,0,0,9.38
102,2013,12,100,13.33,0,0,9.32
102,2013,12,200,13.34,0,0,9.32
102,2013,12,300,13.34,0,0,9.29
102,2013,12,400,13.35,0,0,9.32
102,2013,12,500,13.35,0,0,9.27
102,2013,12,600,13.35,0,0,9.25
102,2013,12,700,13.36,.33042,0,9.25
102,2013,12,800,13.36,184.81,.367,120.2
102,2013,12,900,13.36,953.54,.2,117.2
102,2013,12,1000,13.36,1902.3,1,759
102,2013,12,1100,13.35,2669.7,.983,813
102,2013,12,1200,13.34,2640.2,.766,584.9
102,2013,12,1300,13.34,3452.8,.916,728
102,2013,12,1400,13.33,3607.7,1,823
102,2013,12,1500,13.31,3289.5,.95,774
102,2013,12,1600,13.31,2715.4,.966,749
102,2013,12,1700,13.31,1538.4,1,484.6
102,2013,12,1800,13.32,314.6,0,23.04
102,2013,12,1900,13.32,130.3,0,16.89
102,2013,12,2000,13.32,1.454,0,9.53
102,2013,12,2100,13.32,0,0,9.41
102,2013,12,2200,13.32,0,0,9.39
102,2013,12,2300,13.33,0,0,9.37
101,2013,12,2400,13.31,23401,8.15
102,2013,12,2400,13.33,0,0,9.33
102,2013,13,100,13.33,0,0,9.38
102,2013,13,200,13.33,0,0,9.51
102,2013,13,300,13.33,0,0,9.39
102,2013,13,400,13.34,0,0,9.29
102,2013,13,500,13.35,0,0,9.25
102,2013,13,600,13.35,0,0,9.25
102,2013,13,700,13.36,.13951,0,9.25
102,2013,13,800,13.36,195.04,.367,137.3
102,2013,13,900,13.37,975.31,.2,113.7
102,2013,13,1000,13.36,1926.1,1,775
102,2013,13,1100,13.36,2691.4,1,842
102,2013,13,1200,13.35,3244.5,1,875
102,2013,13,1300,13.34,3521.3,1,868
102,2013,13,1400,13.34,3567.7,1,837
102,2013,13,1500,13.33,3318.9,1,836
102,2013,13,1600,13.33,2839.5,1,862
102,2013,13,1700,13.32,2107.6,1,822
102,2013,13,1800,13.32,1214.6,1,698.4
102,2013,13,1900,13.32,328.5,.7,329.9
102,2013,13,2000,13.32,1.0207,0,10.56
102,2013,13,2100,13.32,0,0,9.7
102,2013,13,2200,13.31,0,0,9.73
102,2013,13,2300,13.31,0,0,9.57
101,2013,13,2400,13.31,25932,10.26
102,2013,13,2400,13.32,0,0,9.4
102,2013,14,100,13.32,0,0,9.34
102,2013,14,200,13.33,0,0,9.4
102,2013,14,300,13.33,0,0,9.43
102,2013,14,400,13.33,0,0,9.26
102,2013,14,500,13.34,0,0,9.25
102,2013,14,600,13.35,0,0,9.25
102,2013,14,700,13.35,1.1675,0,9.25
102,2013,14,800,13.35,201.61,.3,112.5
102,2013,14,900,13.36,934.92,.167,106.6
102,2013,14,1000,13.35,1926.6,1,763
102,2013,14,1100,13.35,2686.8,1,839
102,2013,14,1200,13.33,3219.3,1,865
102,2013,14,1300,13.33,3519.5,1,860
102,2013,14,1400,13.32,3533.3,1,813
102,2013,14,1500,13.32,3310.1,1,820
102,2013,14,1600,13.3,2766.5,1,815
102,2013,14,1700,13.3,1982.9,1,706
102,2013,14,1800,13.3,1195.5,1,559.1
102,2013,14,1900,13.3,327.53,.583,217.5
102,2013,14,2000,13.3,1.7035,0,10.05
102,2013,14,2100,13.3,0,0,9.6
102,2013,14,2200,13.3,0,0,9.43
102,2013,14,2300,13.31,0,0,9.41
101,2013,14,2400,13.3,25607,10.05
102,2013,14,2400,13.31,0,0,9.31
102,2013,15,100,13.31,0,0,9.26
102,2013,15,200,13.32,0,0,9.25
102,2013,15,300,13.33,0,0,9.25
102,2013,15,400,13.33,0,0,9.25
102,2013,15,500,12.66,0,0,9.25
102,2013,15,600,12.66,0,0,9.25
102,2013,15,700,13.34,.1028,0,9.25
102,2013,15,800,13.35,103.06,0,15.47
102,2013,15,900,13.35,817.8,.05,74.4
102,2013,15,1000,13.35,1117.4,.4,166
102,2013,15,1100,13.34,1614.2,.383,141.6
102,2013,15,1200,13.33,1827.8,.267,103.7
102,2013,15,1300,13.32,3114.4,.733,455.2
102,2013,15,1400,13.32,1241.6,.117,80.4
102,2013,15,1500,13.32,1556,.083,51.65
102,2013,15,1600,13.32,1111.4,.05,37.04
102,2013,15,1700,13.32,880.28,0,62.47
102,2013,15,1800,13.31,502.57,0,33.69
102,2013,15,1900,13.32,102.81,0,11.32
102,2013,15,2000,12.68,.65355,0,9.55
102,2013,15,2100,12.68,0,0,9.55
102,2013,15,2200,13.31,0,0,9.48
102,2013,15,2300,13.32,0,0,9.51
101,2013,15,2400,12.66,13990,2.082
102,2013,15,2400,13.32,0,0,9.51
102,2013,16,100,13.32,0,0,9.47
102,2013,16,200,13.33,0,0,9.45
102,2013,16,300,13.33,0,0,9.36
102,2013,16,400,13.34,0,0,9.29
102,2013,16,500,13.35,0,0,9.31
102,2013,16,600,13.34,0,0,9.36
102,2013,16,700,13.34,.70491,0,9.38
102,2013,16,800,13.35,250.76,.3,117.5
102,2013,16,900,13.36,605.21,.033,69.63
102,2013,16,1000,13.35,1935.8,1,684.1
102,2013,16,1100,13.34,2482.1,1,723
102,2013,16,1200,12.66,2598.9,.883,608.6
102,2013,16,1300,12.66,3392.9,.983,775
102,2013,16,1400,12.64,3714.2,1,800
102,2013,16,1500,12.71,3300.8,.966,769
102,2013,16,1600,13.3,2483.1,.95,620.3
102,2013,16,1700,13.29,2246.8,.95,739
102,2013,16,1800,13.29,1209.6,.9,540.9
102,2013,16,1900,13.29,243.86,.267,122.7
102,2013,16,2000,13.11,2.8855,0,9.97
102,2013,16,2100,12.69,0,0,9.35
102,2013,16,2200,13.31,0,0,9.43
102,2013,16,2300,13.32,0,0,9.39
101,2013,16,2400,12.64,24468,9.23
102,2013,16,2400,13.33,0,0,9.37
102,2013,17,100,13.34,0,0,9.3
102,2013,17,200,13.35,0,0,9.38
102,2013,17,300,13.35,0,0,9.28
102,2013,17,400,13.38,0,0,9.25
102,2013,17,500,13.38,0,0,9.25
102,2013,17,600,13.39,0,0,9.25
102,2013,17,700,13.4,0,0,9.25
102,2013,17,800,13.4,173.77,.267,107.7
102,2013,17,900,13.38,935.95,.083,79.1
102,2013,17,1000,13.37,1900.2,1,772
102,2013,17,1100,13.35,2660.2,1,837
102,2013,17,1200,13.35,3242.2,1,867
102,2013,17,1300,13.33,2846,.816,457.6
102,2013,17,1400,13.32,2089.8,.2,164.1
102,2013,17,1500,13.31,1724.9,.033,35.42
102,2013,17,1600,13.32,1355.2,.417,160.3
102,2013,17,1700,12.67,77.046,0,11.1
102,2013,17,1800,13.33,640.62,.6,288
102,2013,17,1900,13.33,244.2,.533,184.7
102,2013,17,2000,13.33,3.1649,0,9.73
102,2013,17,2100,13.33,0,0,9.43
102,2013,17,2200,13.33,0,0,9.48
102,2013,17,2300,13.33,0,0,9.48
101,2013,17,2400,12.67,17893,5.948
102,2013,17,2400,13.33,0,0,9.38
102,2013,18,100,13.34,0,0,9.34
102,2013,18,200,13.35,0,0,9.35
102,2013,18,300,13.35,0,0,9.36
102,2013,18,400,13.35,0,0,9.34
102,2013,18,500,13.36,0,0,9.28
102,2013,18,600,13.36,0,0,9.26
102,2013,18,700,13.36,.08811,0,9.35
102,2013,18,800,13.36,90.938,0,9.33
102,2013,18,900,13.37,435.97,0,10.99
102,2013,18,1000,13.36,1319.2,.433,295.9
102,2013,18,1100,13.35,2669,1,844
102,2013,18,1200,13.35,3210.4,1,879
102,2013,18,1300,13.35,3537.9,1,885
102,2013,18,1400,13.33,3605.6,1,852
102,2013,18,1500,13.33,3374.3,1,839
102,2013,18,1600,13.33,2896.8,1,857
102,2013,18,1700,13.32,2216.1,1,807
102,2013,18,1800,13.32,1111.1,.75,500.2
102,2013,18,1900,13.32,256.73,.716,214.3
102,2013,18,2000,13.32,3.1429,0,10.24
102,2013,18,2100,13.31,0,0,9.52
102,2013,18,2200,13.31,0,0,9.55
102,2013,18,2300,13.31,0,0,9.6
101,2013,18,2400,13.31,24727,8.9
102,2013,18,2400,13.32,0,0,9.51
102,2013,19,100,13.32,0,0,9.45
102,2013,19,200,13.32,0,0,9.32
102,2013,19,300,13.33,0,0,9.36
102,2013,19,400,13.33,0,0,9.32
102,2013,19,500,13.33,0,0,9.25
102,2013,19,600,13.34,0,0,9.25
102,2013,19,700,13.34,0,0,9.25
102,2013,19,800,13.35,171.04,.217,84.7
102,2013,19,900,13.36,911.9,.117,89
102,2013,19,1000,13.35,1872.9,1,750
102,2013,19,1100,13.34,2701,1,821
102,2013,19,1200,13.34,3063.2,1,776
102,2013,19,1300,13.33,3463.7,1,782
102,2013,19,1400,13.33,3533.5,1,769
102,2013,19,1500,13.32,3365,1,814
102,2013,19,1600,12.68,2974.3,1,866
102,2013,19,1700,13.31,2159.1,1,636.8
102,2013,19,1800,13.31,947.83,.75,395.8
102,2013,19,1900,13.31,311.61,.716,245.6
102,2013,19,2000,13.31,1.0941,0,9.74
102,2013,19,2100,13.3,0,0,9.67
102,2013,19,2200,13.3,0,0,9.62
102,2013,19,2300,13.3,0,0,9.57
101,2013,19,2400,12.68,25476,9.8
102,2013,19,2400,13.3,0,0,9.56
102,2013,20,100,13.3,0,0,9.49
102,2013,20,200,13.31,0,0,9.39
102,2013,20,300,13.31,0,0,9.4
102,2013,20,400,13.31,0,0,9.31
102,2013,20,500,13.31,0,0,9.25
102,2013,20,600,13.32,0,0,9.25
102,2013,20,700,13.33,0,0,9.31
102,2013,20,800,13.33,145.25,.183,60.96
102,2013,20,900,13.33,911.29,.133,89.8
102,2013,20,1000,13.33,1917.6,1,768
102,2013,20,1100,13.33,2673.9,1,852
102,2013,20,1200,13.33,3251,1,883
102,2013,20,1300,13.31,3568.4,1,861
102,2013,20,1400,13.3,3619.4,1,819
102,2013,20,1500,13.29,3333.9,1,807
102,2013,20,1600,13.28,2838.2,1,827
102,2013,20,1700,13.28,2101.6,1,778
102,2013,20,1800,13.28,1161.3,.983,576.9
102,2013,20,1900,13.28,295.61,.633,195.4
102,2013,20,2000,13.28,3.15,0,10.27
102,2013,20,2100,13.29,0,0,9.64
102,2013,20,2200,13.29,0,0,9.6
102,2013,20,2300,13.3,0,0,9.52
101,2013,20,2400,13.28,25821,9.93
102,2013,20,2400,13.3,0,0,9.34
102,2013,21,100,13.3,0,0,9.25
102,2013,21,200,13.3,0,0,9.27
102,2013,21,300,13.3,0,0,9.26
102,2013,21,400,13.3,0,0,9.33
102,2013,21,500,13.31,0,0,9.27
102,2013,21,600,13.31,0,0,9.25
102,2013,21,700,13.32,0,0,9.25
102,2013,21,800,13.33,160.78,.15,59.62
102,2013,21,900,13.34,861.79,.15,100.9
102,2013,21,1000,13.34,1876.6,1,730
102,2013,21,1100,13.34,2697.3,1,844
102,2013,21,1200,13.33,3261.7,1,879
102,2013,21,1300,13.31,3564.4,1,860
102,2013,21,1400,13.3,3585.4,1,804
102,2013,21,1500,13.29,3347.7,1,812
102,2013,21,1600,13.28,2847.1,1,825
102,2013,21,1700,13.28,2092.5,1,766
102,2013,21,1800,13.28,1224.7,1,637
102,2013,21,1900,13.28,349.36,.8,287.2
102,2013,21,2000,13.28,3.664,0,10.91
102,2013,21,2100,13.29,0,0,9.71
102,2013,21,2200,13.3,0,0,9.52
102,2013,21,2300,13.3,0,0,9.41
101,2013,21,2400,13.28,25873,10.1
102,2013,21,2400,13.31,0,0,9.32
102,2013,22,100,13.32,0,0,9.25
102,2013,22,200,13.33,0,0,9.25
102,2013,22,300,13.34,0,0,9.25
102,2013,22,400,13.35,0,0,9.25
102,2013,22,500,13.36,0,0,9.25
102,2013,22,600,13.36,0,0,9.25
102,2013,22,700,13.38,0,0,9.25
102,2013,22,800,13.39,208.18,.15,67.81
102,2013,22,900,13.39,859.81,.15,93.6
102,2013,22,1000,13.38,1435.4,.916,460.6
102,2013,22,1100,12.83,2553.8,1,800
102,2013,22,1200,12.64,3238,1,877
102,2013,22,1300,12.63,3585.8,1,875
102,2013,22,1400,12.64,3619.3,1,818
102,2013,22,1500,12.65,3354.8,1,819
102,2013,22,1600,12.65,2863.7,1,836
102,2013,22,1700,12.65,2109.8,1,779
102,2013,22,1800,13.24,1170.2,1,605.1
102,2013,22,1900,13.3,313.23,.7,232.7
102,2013,22,2000,13.3,4.1045,0,10.78
102,2013,22,2100,13.3,0,0,9.66
102,2013,22,2200,13.3,0,0,9.56
102,2013,22,2300,13.32,0,0,9.46
101,2013,22,2400,12.63,25316,9.91
102,2013,22,2400,13.32,0,0,9.31
102,2013,23,100,13.34,0,0,9.27
102,2013,23,200,13.35,0,0,9.25
102,2013,23,300,13.36,0,0,9.25
102,2013,23,400,13.38,0,0,9.25
102,2013,23,500,13.38,0,0,9.25
102,2013,23,600,13.4,0,0,9.25
102,2013,23,700,13.4,0,0,9.25
102,2013,23,800,13.42,165.31,.05,39.22
102,2013,23,900,13.4,792.43,.067,90
102,2013,23,1000,13.38,1730,.983,586.7
102,2013,23,1100,13.36,2606.6,1,782
102,2013,23,1200,13.35,3271.1,1,865
102,2013,23,1300,13.33,3508,1,813
102,2013,23,1400,13.31,3510.8,1,753
102,2013,23,1500,13.29,3271.4,1,764
102,2013,23,1600,13.28,2791.1,1,780
102,2013,23,1700,13.27,2069.8,1,734
102,2013,23,1800,13.27,1255.5,1,600.5
102,2013,23,1900,13.27,311.73,.616,192.5
102,2013,23,2000,13.28,2.6434,0,10.32
102,2013,23,2100,13.28,0,0,9.65
102,2013,23,2200,13.29,0,0,9.48
102,2013,23,2300,13.3,0,0,9.32
101,2013,23,2400,13.27,25286,9.71
102,2013,23,2400,13.3,0,0,9.27
102,2013,24,100,13.3,0,0,9.24
102,2013,24,200,13.31,0,0,9.24
102,2013,24,300,13.31,0,0,9.24
102,2013,24,400,13.31,0,0,9.25
102,2013,24,500,13.33,0,0,9.25
102,2013,24,600,13.33,0,0,9.25
102,2013,24,700,13.33,0,0,9.25
102,2013,24,800,13.34,147.96,0,23.46
102,2013,24,900,13.34,657.75,0,65.66
102,2013,24,1000,12.66,1648.9,.966,454.2
102,2013,24,1100,12.64,2032,1,523.3
102,2013,24,1200,12.64,3034.4,1,757
102,2013,24,1300,12.65,3403.5,1,767
102,2013,24,1400,12.65,3552.2,1,747
102,2013,24,1500,12.65,3287.7,1,760
102,2013,24,1600,12.65,2840.8,1,792
102,2013,24,1700,12.65,2062.5,1,725
102,2013,24,1800,13.27,942.36,1,372.2
102,2013,24,1900,13.28,283.85,.55,132.8
102,2013,24,2000,12.72,3.7741,0,10.7
102,2013,24,2100,13.29,0,0,9.65
102,2013,24,2200,13.3,0,0,9.4
102,2013,24,2300,13.3,0,0,9.29
101,2013,24,2400,12.64,23898,9.51
102,2013,24,2400,13.3,0,0,9.24
102,2013,25,100,13.3,0,0,9.29
102,2013,25,200,13.31,0,0,9.26
102,2013,25,300,13.31,0,0,9.24
102,2013,25,400,13.31,0,0,9.24
102,2013,25,500,13.32,0,0,9.25
102,2013,25,600,13.32,0,0,9.25
102,2013,25,700,13.33,.02937,0,9.25
102,2013,25,800,13.33,99.886,0,16.57
102,2013,25,900,13.35,605.99,0,58.67
102,2013,25,1000,13.34,1725.5,.966,547.8
102,2013,25,1100,13.33,2552.7,1,606
102,2013,25,1200,13.33,2674.5,1,449.1
102,2013,25,1300,13.31,3293.4,1,579.8
102,2013,25,1400,13.3,3451,1,703
102,2013,25,1500,13.29,3233,1,710
102,2013,25,1600,13.28,2056.1,1,405.2
102,2013,25,1700,13.28,1416.6,.367,191.8
102,2013,25,1800,13.28,1041.1,.633,334.7
102,2013,25,1900,13.28,340.03,.5,201.9
102,2013,25,2000,13.28,1.9458,0,9.96
102,2013,25,2100,13.29,0,0,9.54
102,2013,25,2200,13.3,0,0,9.51
102,2013,25,2300,13.3,0,0,9.39
101,2013,25,2400,13.28,22492,8.46
102,2013,25,2400,13.3,0,0,9.33
102,2013,26,100,13.3,0,0,9.26
102,2013,26,200,13.31,0,0,9.27
102,2013,26,300,13.31,0,0,9.24
102,2013,26,400,13.31,0,0,9.25
102,2013,26,500,13.32,0,0,9.25
102,2013,26,600,13.33,0,0,9.25
102,2013,26,700,13.33,.09546,0,9.25
102,2013,26,800,13.33,162.93,0,25.83
102,2013,26,900,13.34,590.25,0,57.58
102,2013,26,1000,13.33,1645.9,.95,548.7
102,2013,26,1100,12.67,2487.9,1,747
102,2013,26,1200,12.66,2965.4,1,753
102,2013,26,1300,13.31,3306.4,1,741
102,2013,26,1400,13.31,3123.8,.916,635
102,2013,26,1500,13.3,3099.2,.866,616.1
102,2013,26,1600,13.3,1164.4,.167,118
102,2013,26,1700,13.3,213.28,0,9.86
102,2013,26,1800,13.31,107.91,0,9.61
102,2013,26,1900,13.31,66.839,0,9.58
102,2013,26,2000,13.31,2.2838,0,9.48
102,2013,26,2100,13.31,0,0,9.27
102,2013,26,2200,13.31,0,0,9.33
102,2013,26,2300,13.31,0,0,9.33
101,2013,26,2400,12.66,18937,5.898
102,2013,26,2400,13.31,0,0,9.25
102,2013,27,100,13.32,0,0,9.25
102,2013,27,200,13.32,0,0,9.25
102,2013,27,300,13.33,0,0,9.25
102,2013,27,400,13.33,0,0,9.25
102,2013,27,500,13.34,0,0,9.25
102,2013,27,600,13.34,0,0,9.25
102,2013,27,700,13.34,0,0,9.25
102,2013,27,800,13.35,144.04,.033,34.87
102,2013,27,900,13.36,600.77,.033,72.2
102,2013,27,1000,13.36,1706.8,.933,603.5
102,2013,27,1100,13.35,2481.1,1,755
102,2013,27,1200,13.34,3025.4,1,774
102,2013,27,1300,13.33,3398.7,1,774
102,2013,27,1400,13.31,3457.8,1,737
102,2013,27,1500,13.3,3218,1,746
102,2013,27,1600,13.29,2779.4,1,781
102,2013,27,1700,13.28,2095.4,1,738
102,2013,27,1800,13.28,1219.4,1,587.6
102,2013,27,1900,13.28,372.95,.8,295.6
102,2013,27,2000,13.28,5.2426,0,10.53
102,2013,27,2100,13.29,0,0,9.77
102,2013,27,2200,13.3,0,0,9.71
102,2013,27,2300,13.3,0,0,9.56
101,2013,27,2400,13.28,24505,9.8
102,2013,27,2400,13.3,0,0,9.5
102,2013,28,100,13.3,0,0,9.34
102,2013,28,200,13.3,0,0,9.25
102,2013,28,300,13.31,0,0,9.26
102,2013,28,400,13.31,0,0,9.24
102,2013,28,500,13.31,0,0,9.25
102,2013,28,600,13.32,0,0,9.25
102,2013,28,700,13.33,.13218,0,9.25
102,2013,28,800,13.33,138.32,0,29.21
102,2013,28,900,13.34,624.67,.05,80
102,2013,28,1000,13.34,1665.1,.883,496.5
102,2013,28,1100,13.33,2359,.966,626.2
102,2013,28,1200,13.32,2947.7,.95,628.7
102,2013,28,1300,12.66,1484.6,.267,134.4
102,2013,28,1400,13.32,3088.1,.866,515.8
102,2013,28,1500,13.31,1358.9,.217,130.5
102,2013,28,1600,13.31,186.66,0,13.64
102,2013,28,1700,13.33,1134.8,.466,174.9
102,2013,28,1800,13.33,1023.6,1,330.8
102,2013,28,1900,13.32,422.89,.616,215.5
102,2013,28,2000,13.32,3.6789,0,10.17
102,2013,28,2100,13.32,0,0,9.47
102,2013,28,2200,13.32,0,0,9.43
102,2013,28,2300,13.33,0,0,9.36
101,2013,28,2400,12.66,16438,6.281
102,2013,28,2400,13.33,0,0,9.32
102,2013,29,100,13.33,0,0,9.39
102,2013,29,200,13.33,0,0,9.34
102,2013,29,300,13.33,0,0,9.27
102,2013,29,400,13.34,0,0,9.25
102,2013,29,500,13.35,0,0,9.25
102,2013,29,600,13.35,0,0,9.26
102,2013,29,700,13.35,0,0,9.26
102,2013,29,800,13.36,87.716,0,10.05
102,2013,29,900,13.37,605.62,.183,71.7
102,2013,29,1000,13.37,1722.5,.95,615.1
102,2013,29,1100,13.36,2521.5,1,780
102,2013,29,1200,13.35,3106,1,783
102,2013,29,1300,13.33,2891.1,.716,511
102,2013,29,1400,13.33,1722.1,.283,200.8
102,2013,29,1500,13.33,1024.9,.167,86.2
102,2013,29,1600,13.33,1368.7,.283,197.6
102,2013,29,1700,13.33,267.87,0,22.11
102,2013,29,1800,13.33,1016.8,.966,451.8
102,2013,29,1900,13.32,664.89,.783,324.4
102,2013,29,2000,13.32,6.1609,0,10.66
102,2013,29,2100,13.32,0,0,9.59
102,2013,29,2200,13.32,0,0,9.56
102,2013,29,2300,13.32,0,0,9.48
101,2013,29,2400,13.32,17006,6.331
102,2013,29,2400,13.32,0,0,9.51
102,2013,30,100,13.33,0,0,9.47
102,2013,30,200,13.33,0,0,9.4
102,2013,30,300,13.33,0,0,9.3
102,2013,30,400,13.33,0,0,9.3
102,2013,30,500,13.34,0,0,9.32
102,2013,30,600,13.34,0,0,9.29
102,2013,30,700,13.34,.0514,0,9.3
102,2013,30,800,13.35,81.601,0,11.62
102,2013,30,900,13.36,436.04,0,45.31
102,2013,30,1000,13.37,1507.6,.85,427.7
102,2013,30,1100,13.37,1687.1,.55,300.8
102,2013,30,1200,13.36,2505.3,.683,465.2
102,2013,30,1300,13.35,1756,.217,122.8
102,2013,30,1400,13.34,1761.7,.167,95.7
102,2013,30,1500,12.65,351.73,.05,23.08
102,2013,30,1600,12.63,123.11,0,9.25
102,2013,30,1700,13.36,207.88,0,9.4
102,2013,30,1800,13.36,345.42,0,9.47
102,2013,30,1900,13.36,170.19,0,10.09
102,2013,30,2000,12.69,2.9958,0,9.39
102,2013,30,2100,12.64,0,0,9.27
102,2013,30,2200,13.36,0,0,9.43
102,2013,30,2300,13.36,0,0,9.45
101,2013,30,2400,12.63,10937,2.516
102,2013,30,2400,13.36,0,0,9.43
102,2013,31,100,13.36,0,0,9.48
102,2013,31,200,13.36,0,0,9.46
102,2013,31,300,13.36,0,0,9.44
102,2013,31,400,13.37,0,0,9.43
102,2013,31,500,13.37,0,0,9.45
102,2013,31,600,13.37,0,0,9.43
102,2013,31,700,13.38,0,0,9.46
102,2013,31,800,13.38,38.739,0,9.45
102,2013,31,900,13.39,278.35,0,12.7
102,2013,31,1000,13.41,1047.4,.483,141.1
102,2013,31,1100,13.4,1854.6,1,346.9
102,2013,31,1200,13.38,2358.8,1,483.3
102,2013,31,1300,13.37,3311.8,1,681.6
102,2013,31,1400,13.35,3357.6,.916,530.7
102,2013,31,1500,13.34,3337.4,1,563.6
102,2013,31,1600,13.33,3007.9,.95,581.6
102,2013,31,1700,13.32,1885.3,.783,412.4
102,2013,31,1800,12.73,589.85,0,38.86
102,2013,31,1900,12.65,100.73,0,10.36
102,2013,31,2000,13.34,0,0,9.36
102,2013,31,2100,13.34,0,0,9.4
102,2013,31,2200,13.34,0,0,9.48
102,2013,31,2300,13.34,0,0,9.48
101,2013,31,2400,12.65,21168,7.13
102,2013,31,2400,13.35,0,0,9.47
102,2013,32,100,13.35,0,0,9.48
102,2013,32,200,13.35,0,0,9.44
102,2013,32,300,13.35,0,0,9.48
102,2013,32,400,13.35,0,0,9.48
102,2013,32,500,13.36,0,0,9.43
102,2013,32,600,13.36,0,0,9.36
102,2013,32,700,13.36,0,0,9.39
102,2013,32,800,13.36,99.763,0,11.35
102,2013,32,900,13.36,477.62,0,20.4
102,2013,32,1000,13.37,530.9,0,18.76
102,2013,32,1100,13.38,1830.2,.633,269
102,2013,32,1200,13.37,2312.5,.616,324.6
102,2013,32,1300,13.37,1155.6,.1,81.1
102,2013,32,1400,13.36,2053,.367,152.9
102,2013,32,1500,13.36,1450.4,.067,50.04
102,2013,32,1600,13.36,585.9,.083,41.75
102,2013,32,1700,13.36,192,0,13.22
102,2013,32,1800,13.37,73.175,0,9.48
102,2013,32,1900,13.36,21.139,0,9.52
102,2013,32,2000,13.36,.19825,0,9.48
102,2013,32,2100,13.36,0,0,9.46
102,2013,32,2200,13.36,0,0,9.45
102,2013,32,2300,13.36,0,0,9.46
101,2013,32,2400,13.35,10782,1.866
102,2013,32,2400,13.36,0,0,9.43
102,2013,33,100,13.37,0,0,9.4
102,2013,33,200,13.37,0,0,9.37
102,2013,33,300,13.37,0,0,9.36
102,2013,33,400,13.37,0,0,9.29
102,2013,33,500,13.38,0,0,9.26
102,2013,33,600,13.38,0,0,9.25
102,2013,33,700,13.38,0,0,9.26
102,2013,33,800,13.38,59.056,0,9.29
102,2013,33,900,13.38,452.12,0,39.15
102,2013,33,1000,12.66,1228,.933,249.7
102,2013,33,1100,13.38,2306.5,1,523.3
102,2013,33,1200,13.37,2803.6,.95,433.2
102,2013,33,1300,13.37,2593.5,.7,298.4
102,2013,33,1400,13.36,2603,.666,233.2
102,2013,33,1500,13.35,2747,.916,360.2
102,2013,33,1600,13.35,1966.7,.7,241.2
102,2013,33,1700,13.35,1075.3,.283,109.9
102,2013,33,1800,13.35,587.27,0,73.3
102,2013,33,1900,13.35,204.58,0,27.28
102,2013,33,2000,13.35,6.66,0,9.6
102,2013,33,2100,13.35,0,0,9.39
102,2013,33,2200,13.35,0,0,9.34
102,2013,33,2300,13.35,0,0,9.3
101,2013,33,2400,12.66,18633,6.148
102,2013,33,2400,13.35,0,0,9.3
102,2013,34,100,13.35,0,0,9.26
102,2013,34,200,13.35,0,0,9.25
102,2013,34,300,13.36,0,0,9.25
102,2013,34,400,13.36,0,0,9.25
102,2013,34,500,13.36,0,0,9.25
102,2013,34,600,13.37,0,0,9.25
102,2013,34,700,13.38,0,0,9.25
102,2013,34,800,13.38,97.133,0,20.12
102,2013,34,900,13.38,506.25,.283,102.5
102,2013,34,1000,13.38,1407,1,466.1
102,2013,34,1100,13.37,2535.4,1,716
102,2013,34,1200,13.36,3080,1,708
102,2013,34,1300,13.35,3219.7,.866,550.1
102,2013,34,1400,13.35,2198.3,.616,234.9
102,2013,34,1500,13.33,2585.1,.95,392.2
102,2013,34,1600,13.33,1661.5,.916,262
102,2013,34,1700,13.33,1255,1,330.4
102,2013,34,1800,13.33,551.4,.25,119.7
102,2013,34,1900,13.33,246.44,0,46.57
102,2013,34,2000,13.33,4.3912,0,9.54
102,2013,34,2100,13.33,0,0,9.39
102,2013,34,2200,13.33,0,0,9.34
102,2013,34,2300,13.34,0,0,9.31
101,2013,34,2400,13.33,19348,7.88
102,2013,34,2400,13.34,0,0,9.32
102,2013,35,100,13.34,0,0,9.26
102,2013,35,200,13.35,0,0,9.33
102,2013,35,300,13.35,0,0,9.37
102,2013,35,400,13.35,0,0,9.36
102,2013,35,500,13.35,0,0,9.36
102,2013,35,600,13.35,0,0,9.28
102,2013,35,700,13.36,0,0,9.31
102,2013,35,800,13.36,101.12,.1,46.81
102,2013,35,900,13.36,366.24,.267,91.1
102,2013,35,1000,13.36,1766.5,.9,691.1
102,2013,35,1100,13.35,2782.7,1,891
102,2013,35,1200,13.35,3336.7,1,904
102,2013,35,1300,13.33,3635.6,1,878
102,2013,35,1400,13.31,3715.3,1,843
102,2013,35,1500,13.3,3445.4,1,805
102,2013,35,1600,12.65,2130.4,.9,539.1
102,2013,35,1700,12.65,1111.8,.333,217.4
102,2013,35,1800,13.29,888.77,.816,238.5
102,2013,35,1900,13.3,172.71,0,39.29
102,2013,35,2000,13.3,3.7079,0,9.77
102,2013,35,2100,13.3,0,0,9.63
102,2013,35,2200,13.31,0,0,9.45
102,2013,35,2300,13.31,0,0,9.37
101,2013,35,2400,12.65,23457,8.31
102,2013,35,2400,13.31,0,0,9.29
102,2013,36,100,13.31,0,0,9.31
102,2013,36,200,13.32,0,0,9.27
102,2013,36,300,13.32,0,0,9.26
102,2013,36,400,13.33,0,0,9.25
102,2013,36,500,13.33,0,0,9.25
102,2013,36,600,13.34,0,0,9.25
102,2013,36,700,12.64,0,0,9.25
102,2013,36,800,12.63,103.46,.183,56.73
102,2013,36,900,12.63,357.27,.183,77.3
102,2013,36,1000,13.35,1708.9,.9,671
102,2013,36,1100,13.34,2733.6,1,880
102,2013,36,1200,13.33,3255.5,1,877
102,2013,36,1300,13.31,3570.2,1,853
102,2013,36,1400,13.3,3636.9,1,804
102,2013,36,1500,13.29,3402.9,1,805
102,2013,36,1600,13.29,2776.8,.9,698.7
102,2013,36,1700,13.28,969.04,.333,222.4
102,2013,36,1800,13.28,756.17,.483,276.2
102,2013,36,1900,13.29,302.49,.483,143
102,2013,36,2000,13.29,3.752,0,10
102,2013,36,2100,13.29,0,0,9.89
102,2013,36,2200,13.3,0,0,9.83
102,2013,36,2300,13.3,0,0,9.73
101,2013,36,2400,12.63,23577,8.46
102,2013,36,2400,13.3,0,0,9.59
102,2013,37,100,13.3,0,0,9.63
102,2013,37,200,13.3,0,0,9.33
102,2013,37,300,13.31,0,0,9.45
102,2013,37,400,13.31,0,0,9.27
102,2013,37,500,13.31,0,0,9.25
102,2013,37,600,13.32,0,0,9.25
102,2013,37,700,13.32,0,0,9.25
102,2013,37,800,13.33,101.94,.183,56.35
102,2013,37,900,13.33,344.87,.083,76.7
102,2013,37,1000,13.33,1651.3,.883,625.9
102,2013,37,1100,13.33,2640.5,1,835
102,2013,37,1200,13.31,3203,1,846
102,2013,37,1300,13.3,3515.6,1,818
102,2013,37,1400,13.28,3646.9,1,784
102,2013,37,1500,13.28,3449,1,725
102,2013,37,1600,13.26,2272,.783,523
102,2013,37,1700,13.26,2055.6,.966,641.7
102,2013,37,1800,13.26,953.33,.383,226.4
102,2013,37,1900,13.26,150.9,.183,68.21
102,2013,37,2000,12.7,2.9591,0,9.87
102,2013,37,2100,13.28,0,0,9.74
102,2013,37,2200,13.28,0,0,9.46
102,2013,37,2300,13.28,0,0,9.5
101,2013,37,2400,12.7,23988,8.46
102,2013,37,2400,13.29,0,0,9.54
102,2013,38,100,13.3,0,0,9.39
102,2013,38,200,13.3,0,0,9.35
102,2013,38,300,13.3,0,0,9.34
102,2013,38,400,13.3,0,0,9.3
102,2013,38,500,13.3,0,0,9.27
102,2013,38,600,13.31,0,0,9.27
102,2013,38,700,13.31,0,0,9.26
102,2013,38,800,13.31,119.39,.15,54.36
102,2013,38,900,13.32,501.3,.15,85.7
102,2013,38,1000,12.97,1674.8,.916,591.4
102,2013,38,1100,13.29,2636,1,814
102,2013,38,1200,13.3,3212.3,1,838
102,2013,38,1300,13.29,3494.3,1,794
102,2013,38,1400,13.28,3509.3,.933,670.6
102,2013,38,1500,13.27,2683.4,.6,346.8
102,2013,38,1600,13.27,1384.8,.217,114.8
102,2013,38,1700,13.27,1050.5,.833,228.6
102,2013,38,1800,13.27,1498,1,624.5
102,2013,38,1900,13.27,211.55,.183,98.6
102,2013,38,2000,13.28,1.6668,0,9.87
102,2013,38,2100,12.79,0,0,9.82
102,2013,38,2200,13.28,0,0,9.67
102,2013,38,2300,13.28,0,0,9.57
101,2013,38,2400,12.79,21977,7.98
102,2013,38,2400,13.28,0,0,9.48
102,2013,39,100,13.29,0,0,9.38
102,2013,39,200,13.29,0,0,9.27
102,2013,39,300,13.3,0,0,9.25
102,2013,39,400,13.3,0,0,9.27
102,2013,39,500,13.3,0,0,9.24
102,2013,39,600,13.31,0,0,9.25
102,2013,39,700,13.31,.08078,0,9.24
102,2013,39,800,13.31,119.08,.117,47.17
102,2013,39,900,13.32,413.95,.167,94.8
102,2013,39,1000,13.32,1600.8,.983,543.5
102,2013,39,1100,13.33,2609.1,1,797
102,2013,39,1200,13.32,3187,1,814
102,2013,39,1300,13.3,3487.1,1,788
102,2013,39,1400,13.3,3530.1,1,727
102,2013,39,1500,13.28,3140.4,.95,623.9
102,2013,39,1600,13.27,2658.3,.916,681
102,2013,39,1700,13.27,1950.1,.95,621.1
102,2013,39,1800,12.72,247.02,.033,29.4
102,2013,39,1900,12.66,117.34,0,9.74
102,2013,39,2000,13.29,2.21,0,9.52
102,2013,39,2100,13.3,0,0,9.41
102,2013,39,2200,13.3,0,0,9.35
102,2013,39,2300,13.3,0,0,9.29
101,2013,39,2400,12.66,23063,8.11
102,2013,39,2400,13.3,0,0,9.27
102,2013,40,100,13.3,0,0,9.27
102,2013,40,200,13.31,0,0,9.25
102,2013,40,300,13.31,0,0,9.3
102,2013,40,400,13.31,0,0,9.24
102,2013,40,500,13.31,0,0,9.24
102,2013,40,600,13.32,0,0,9.26
102,2013,40,700,13.32,0,0,9.26
102,2013,40,800,13.33,102.89,0,33.26
102,2013,40,900,13.33,454.87,.383,107.9
102,2013,40,1000,13.33,1606.7,1,529.5
102,2013,40,1100,13.33,2542.7,1,758
102,2013,40,1200,13.32,3079.9,1,761
102,2013,40,1300,13.31,3302.4,1,703
102,2013,40,1400,13.3,2950,.85,521.9
102,2013,40,1500,13.29,2584.3,.683,476.8
102,2013,40,1600,13.28,2226.8,.75,522.8
102,2013,40,1700,13.28,2170,1,716
102,2013,40,1800,13.28,1244.3,1,572.3
102,2013,40,1900,13.28,372.4,.733,246.5
102,2013,40,2000,13.28,4.0237,0,10.36
102,2013,40,2100,13.28,0,0,9.72
102,2013,40,2200,13.28,0,0,9.54
102,2013,40,2300,13.28,0,0,9.49
101,2013,40,2400,13.28,22641,9.4
102,2013,40,2400,13.29,0,0,9.41
102,2013,41,100,13.29,0,0,9.36
102,2013,41,200,13.3,0,0,9.46
102,2013,41,300,13.3,0,0,9.4
102,2013,41,400,13.3,0,0,9.4
102,2013,41,500,13.3,0,0,9.29
102,2013,41,600,13.31,0,0,9.24
102,2013,41,700,13.31,0,0,9.24
102,2013,41,800,13.31,113.24,0,37.68
102,2013,41,900,13.32,436.39,.333,115.9
102,2013,41,1000,13.32,1637.5,1,541.7
102,2013,41,1100,13.31,2614.5,1,799
102,2013,41,1200,13.31,3197.5,1,816
102,2013,41,1300,13.31,3512.6,1,795
102,2013,41,1400,13.3,3571.5,1,743
102,2013,41,1500,13.3,3378.2,1,768
102,2013,41,1600,13.29,2905.3,1,802
102,2013,41,1700,13.28,2196.5,1,779
102,2013,41,1800,13.28,1268.8,1,630.3
102,2013,41,1900,13.27,381.53,.833,270.3
102,2013,41,2000,13.28,3.7962,0,9.86
102,2013,41,2100,13.28,0,0,9.72
102,2013,41,2200,13.28,0,0,9.54
102,2013,41,2300,13.28,0,0,9.49
101,2013,41,2400,13.27,25217,10.16
102,2013,41,2400,13.28,0,0,9.4
102,2013,42,100,13.29,0,0,9.27
102,2013,42,200,13.3,0,0,9.27
102,2013,42,300,13.3,0,0,9.26
102,2013,42,400,13.31,0,0,9.24
102,2013,42,500,13.31,0,0,9.24
102,2013,42,600,13.32,0,0,9.25
102,2013,42,700,13.33,0,0,9.25
102,2013,42,800,13.33,142.85,0,34.92
102,2013,42,900,13.34,468.69,.333,122.9
102,2013,42,1000,13.35,1574.2,1,491.6
102,2013,42,1100,13.33,2489.8,1,720
102,2013,42,1200,13.32,3052.1,1,735
102,2013,42,1300,13.31,3304.6,1,682.9
102,2013,42,1400,12.66,3523.2,1,673.8
102,2013,42,1500,12.65,3373.1,1,723
102,2013,42,1600,13.29,2061.8,.633,433.7
102,2013,42,1700,13.28,1566,.683,427
102,2013,42,1800,13.28,1194.1,1,525.1
102,2013,42,1900,13.28,249.62,.25,82.8
102,2013,42,2000,13.28,1.2409,0,9.9
102,2013,42,2100,13.28,0,0,9.82
102,2013,42,2200,13.28,0,0,9.71
102,2013,42,2300,13.28,0,0,9.7
101,2013,42,2400,12.65,23001,8.9
102,2013,42,2400,13.28,0,0,9.71
102,2013,43,100,13.29,0,0,9.59
102,2013,43,200,13.29,0,0,9.52
102,2013,43,300,13.3,0,0,9.44
102,2013,43,400,13.3,0,0,9.39
102,2013,43,500,13.3,0,0,9.33
102,2013,43,600,13.31,0,0,9.3
102,2013,43,700,13.31,0,0,9.3
102,2013,43,800,13.31,120.9,0,26.49
102,2013,43,900,13.31,575.52,.283,99.1
102,2013,43,1000,13.32,1479,1,311.7
102,2013,43,1100,13.31,2180.4,1,468.4
102,2013,43,1200,13.31,2955.6,1,668.3
102,2013,43,1300,13.3,3203.6,1,613.9
102,2013,43,1400,13.29,2706.3,.75,392.3
102,2013,43,1500,13.28,2563.9,.883,390.1
102,2013,43,1600,13.28,741.44,.05,45.06
102,2013,43,1700,13.28,1394.8,.933,187.8
102,2013,43,1800,13.28,694.74,.3,106.7
102,2013,43,1900,13.28,253.96,0,45.64
102,2013,43,2000,13.29,5.7785,0,9.99
102,2013,43,2100,13.29,0,0,9.59
102,2013,43,2200,13.29,0,0,9.57
102,2013,43,2300,13.3,0,0,9.54
101,2013,43,2400,13.28,18876,7.2
102,2013,43,2400,13.31,0,0,9.44
102,2013,44,100,13.32,0,0,9.45
102,2013,44,200,13.33,0,0,9.33
102,2013,44,300,13.34,0,0,9.32
102,2013,44,400,13.36,0,0,9.27
102,2013,44,500,13.36,0,0,9.25
102,2013,44,600,13.38,0,0,9.26
102,2013,44,700,13.38,.01468,0,9.26
102,2013,44,800,13.38,89.902,0,11.46
102,2013,44,900,13.38,470.88,.466,118.2
102,2013,44,1000,13.35,1543.2,1,519
102,2013,44,1100,13.35,2115.8,1,573.7
102,2013,44,1200,13.33,2478,.966,500.3
102,2013,44,1300,13.32,2343.9,.533,339.6
102,2013,44,1400,13.33,494.96,0,21.46
102,2013,44,1500,13.33,1826.6,.783,234.9
102,2013,44,1600,13.34,793.94,0,26.41
102,2013,44,1700,13.34,634.58,0,22.88
102,2013,44,1800,13.34,417.51,0,9.59
102,2013,44,1900,13.35,169.5,0,9.53
102,2013,44,2000,12.67,1.1895,0,9.34
102,2013,44,2100,13.34,0,0,9.37
102,2013,44,2200,13.34,0,0,9.45
102,2013,44,2300,13.35,0,0,9.47
101,2013,44,2400,12.67,13380,4.748
102,2013,44,2400,13.35,0,0,9.4
102,2013,45,100,13.35,0,0,9.36
102,2013,45,200,13.35,.02937,0,9.37
102,2013,45,300,13.35,0,0,9.35
102,2013,45,400,13.35,0,0,9.32
102,2013,45,500,13.36,0,0,9.25
102,2013,45,600,13.36,0,0,9.25
102,2013,45,700,13.36,0,0,9.3
102,2013,45,800,13.37,104.53,0,24.71
102,2013,45,900,13.37,479.47,.35,100.9
102,2013,45,1000,13.36,1607.7,1,524.2
102,2013,45,1100,13.36,2425,1,698.9
102,2013,45,1200,13.35,2948.1,.866,671.7
102,2013,45,1300,13.34,2596.8,.583,405.5
102,2013,45,1400,12.76,1998.8,.45,272.5
102,2013,45,1500,12.64,209.68,0,10.34
102,2013,45,1600,12.63,245.22,0,21
102,2013,45,1700,12.63,275.34,0,15.41
102,2013,45,1800,13.36,224.23,0,9.47
102,2013,45,1900,13.38,153.61,0,9.43
102,2013,45,2000,13.37,2.93,0,9.31
102,2013,45,2100,13.36,0,0,9.32
102,2013,45,2200,13.36,0,0,9.35
102,2013,45,2300,13.36,0,0,9.34
101,2013,45,2400,12.63,13271,4.248
102,2013,45,2400,13.36,0,0,9.3
102,2013,46,100,13.36,0,0,9.25
102,2013,46,200,13.37,0,0,9.29
102,2013,46,300,13.38,0,0,9.26
102,2013,46,400,13.38,0,0,9.26
102,2013,46,500,13.38,0,0,9.31
102,2013,46,600,13.38,0,0,9.26
102,2013,46,700,13.39,0,0,9.25
102,2013,46,800,13.39,112.55,0,28.31
102,2013,46,900,13.4,434.71,.433,139.5
102,2013,46,1000,13.39,1594.9,1,597.6
102,2013,46,1100,13.38,2718,1,866
102,2013,46,1200,13.36,3340.5,1,888
102,2013,46,1300,13.36,2904.6,.816,622.5
102,2013,46,1400,13.35,3241,.783,550.6
102,2013,46,1500,13.33,3103.8,.933,649.8
102,2013,46,1600,13.32,3123.6,.983,799
102,2013,46,1700,13.31,1339.2,.566,400.5
102,2013,46,1800,13.31,842.43,.8,347.7
102,2013,46,1900,13.31,180.59,.15,82.8
102,2013,46,2000,13.32,8.7678,0,10.72
102,2013,46,2100,13.32,0,0,9.46
102,2013,46,2200,13.32,0,0,9.46
102,2013,46,2300,13.33,0,0,9.35
101,2013,46,2400,13.31,22945,8.46
102,2013,46,2400,13.33,0,0,9.32
102,2013,47,100,13.33,0,0,9.3
102,2013,47,200,13.34,0,0,9.25
102,2013,47,300,13.35,0,0,9.25
102,2013,47,400,13.35,0,0,9.26
102,2013,47,500,13.35,0,0,9.27
102,2013,47,600,13.35,0,0,9.27
102,2013,47,700,13.36,0,0,9.25
102,2013,47,800,13.36,108.09,0,27.92
102,2013,47,900,13.36,440.59,.45,152.3
102,2013,47,1000,13.36,1541.3,.983,571.9
102,2013,47,1100,12.71,2682,1,834
102,2013,47,1200,12.63,3311.9,1,836
102,2013,47,1300,12.63,3696.2,.983,779
102,2013,47,1400,12.64,3414.3,.816,635.8
102,2013,47,1500,13.32,2595.3,.766,417.4
102,2013,47,1600,13.31,878.48,.217,134.5
102,2013,47,1700,13.31,1052.5,.167,139.7
102,2013,47,1800,13.31,349.39,0,23.31
102,2013,47,1900,13.31,142.24,0,16.18
102,2013,47,2000,13.31,4.1563,0,9.56
102,2013,47,2100,13.31,0,0,9.49
102,2013,47,2200,13.31,0,0,9.46
102,2013,47,2300,13.31,0,0,9.37
101,2013,47,2400,12.63,20216,6.381
102,2013,47,2400,13.31,0,0,9.31
102,2013,48,100,13.32,0,0,9.3
102,2013,48,200,13.32,0,0,9.26
102,2013,48,300,13.32,0,0,9.25
102,2013,48,400,13.33,0,0,9.36
102,2013,48,500,13.33,0,0,9.25
102,2013,48,600,12.68,0,0,9.25
102,2013,48,700,12.63,0,0,9.25
102,2013,48,800,12.63,129.82,.05,37.74
102,2013,48,900,12.63,470.77,.5,151.2
102,2013,48,1000,12.63,1514,.983,496.8
102,2013,48,1100,12.63,2535.4,1,753
102,2013,48,1200,12.63,3207.4,1,813
102,2013,48,1300,12.63,3396,1,717
102,2013,48,1400,12.64,3444.4,1,600
102,2013,48,1500,12.64,3265.9,1,655.7
102,2013,48,1600,12.64,2853.7,1,669.5
102,2013,48,1700,12.64,1835.1,1,436.5
102,2013,48,1800,12.64,1111.4,1,339.9
102,2013,48,1900,13.3,402.24,.616,130.3
102,2013,48,2000,13.3,10.947,0,11.77
102,2013,48,2100,13.3,0,0,9.76
102,2013,48,2200,13.3,0,0,9.64
102,2013,48,2300,13.3,0,0,9.62
101,2013,48,2400,12.63,24177,10.15
102,2013,48,2400,13.3,0,0,9.55
102,2013,49,100,13.3,0,0,9.52
102,2013,49,200,13.31,0,0,9.45
102,2013,49,300,13.31,0,0,9.44
102,2013,49,400,13.31,0,0,9.45
102,2013,49,500,13.31,0,0,9.29
102,2013,49,600,13.31,0,0,9.25
102,2013,49,700,13.32,0,0,9.24
102,2013,49,800,13.33,134.68,0,35.08
102,2013,49,900,13.33,435.62,.466,135.5
102,2013,49,1000,13.33,1526.5,.983,523.2
102,2013,49,1100,13.33,2667,1,826
102,2013,49,1200,13.32,3261.9,1,846
102,2013,49,1300,13.31,3613.5,1,820
102,2013,49,1400,13.3,3580.8,.983,705
102,2013,49,1500,13.3,3527.8,.933,718
102,2013,49,1600,13.28,2144.8,.55,399.8
102,2013,49,1700,13.28,2175.1,.883,538.7
102,2013,49,1800,13.28,452.37,.15,94.6
102,2013,49,1900,13.28,181.3,.05,52.05
102,2013,49,2000,13.28,5.2279,0,10.8
102,2013,49,2100,13.28,0,0,9.84
102,2013,49,2200,13.28,0,0,9.71
102,2013,49,2300,13.3,0,0,9.59
101,2013,49,2400,13.28,23707,8
102,2013,49,2400,13.3,0,0,9.46
102,2013,50,100,13.31,0,0,9.38
102,2013,50,200,13.33,0,0,9.29
102,2013,50,300,13.34,0,0,9.28
102,2013,50,400,13.35,0,0,9.26
102,2013,50,500,13.36,0,0,9.26
102,2013,50,600,13.37,0,0,9.25
102,2013,50,700,13.38,0,0,9.25
102,2013,50,800,13.38,111.81,0,27.2
102,2013,50,900,13.37,417.74,.333,135.5
102,2013,50,1000,13.35,1510.5,.95,525.2
102,2013,50,1100,13.34,2616.6,1,810
102,2013,50,1200,13.33,3220.3,1,832
102,2013,50,1300,13.32,3589.4,1,818
102,2013,50,1400,13.31,3623.8,1,768
102,2013,50,1500,13.3,2347.3,.583,452.3
102,2013,50,1600,12.66,1219.2,.233,165.1
102,2013,50,1700,12.66,2072.4,.966,666.2
102,2013,50,1800,13.3,1221.4,1,551
102,2013,50,1900,13.3,197.77,.15,96.1
102,2013,50,2000,13.3,5.2498,0,11.65
102,2013,50,2100,13.3,0,0,9.49
102,2013,50,2200,13.3,0,0,9.5
102,2013,50,2300,13.31,0,0,9.49
101,2013,50,2400,12.66,22153,8.21
102,2013,50,2400,13.31,0,0,9.41
102,2013,51,100,13.31,0,0,9.34
102,2013,51,200,13.31,0,0,9.31
102,2013,51,300,13.32,0,0,9.31
102,2013,51,400,13.32,0,0,9.26
102,2013,51,500,13.33,0,0,9.25
102,2013,51,600,13.33,0,0,9.25
102,2013,51,700,13.33,.17623,0,9.25
102,2013,51,800,13.34,122.02,0,23.15
102,2013,51,900,13.34,502.55,.333,120.6
102,2013,51,1000,13.33,1364.7,1,429.8
102,2013,51,1100,13.33,2065,.95,555.1
102,2013,51,1200,13.33,1725.3,.483,260.1
102,2013,51,1300,13.32,3170.2,.916,534.5
102,2013,51,1400,13.31,1580.4,.3,183.4
102,2013,51,1500,13.31,1191.4,.217,125.2
102,2013,51,1600,13.31,958.66,.05,42.67
102,2013,51,1700,13.31,1541.2,.633,405.2
102,2013,51,1800,13.31,963.55,.45,220.2
102,2013,51,1900,13.31,77.443,0,11.91
102,2013,51,2000,13.31,1.4759,0,9.54
102,2013,51,2100,13.31,0,0,9.5
102,2013,51,2200,13.31,0,0,9.51
102,2013,51,2300,13.31,0,0,9.51
101,2013,51,2400,13.31,15264,5.331
102,2013,51,2400,13.32,0,0,9.48
102,2013,52,100,13.32,0,0,9.42
102,2013,52,200,13.33,0,0,9.38
102,2013,52,300,13.33,0,0,9.43
102,2013,52,400,13.33,0,0,9.42
102,2013,52,500,12.67,0,0,9.3
102,2013,52,600,13.33,0,0,9.32
102,2013,52,700,13.34,.02937,0,9.3
102,2013,52,800,13.35,127.06,0,17.36
102,2013,52,900,13.35,447.23,0,61.39
102,2013,52,1000,13.36,1163.5,.733,222.5
102,2013,52,1100,13.36,1962.5,.8,393.7
102,2013,52,1200,13.34,3230.9,1,709
102,2013,52,1300,13.35,1011,.083,63.43
102,2013,52,1400,13.35,2690.8,.6,355.8
102,2013,52,1500,13.36,177.37,0,12.32
102,2013,52,1600,13.38,787.28,0,34.74
102,2013,52,1700,13.38,1666.6,.766,283.9
102,2013,52,1800,13.38,463.4,0,26.55
102,2013,52,1900,13.38,155.36,0,56.79
102,2013,52,2000,13.38,2.4232,0,9.46
102,2013,52,2100,13.37,0,0,9.3
102,2013,52,2200,13.38,0,0,9.32
102,2013,52,2300,13.38,0,0,9.36
101,2013,52,2400,12.67,13885,3.982
102,2013,52,2400,13.38,0,0,9.34
102,2013,53,100,13.39,0,0,9.3
102,2013,53,200,13.4,0,0,9.25
102,2013,53,300,13.4,0,0,9.25
102,2013,53,400,13.42,0,0,9.25
102,2013,53,500,13.42,0,0,9.25
102,2013,53,600,13.43,0,0,9.25
102,2013,53,700,13.44,0,0,9.25
102,2013,53,800,13.44,104.88,0,22.46
102,2013,53,900,13.43,399.29,.2,106.5
102,2013,53,1000,13.41,1435.3,1,552.2
102,2013,53,1100,13.39,2688.1,1,829
102,2013,53,1200,13.38,3103.7,.933,799
102,2013,53,1300,13.36,3530.4,.966,779
102,2013,53,1400,13.35,3249.3,.9,641.6
102,2013,53,1500,13.35,3479.2,.966,730
102,2013,53,1600,13.34,1510.4,.4,277.6
102,2013,53,1700,13.32,1936.3,.833,613.9
102,2013,53,1800,13.31,1272,.95,521.7
102,2013,53,1900,13.32,476.43,.45,139.7
102,2013,53,2000,13.32,34.506,0,10.25
102,2013,53,2100,13.32,0,0,9.51
102,2013,53,2200,13.33,0,0,9.4
102,2013,53,2300,13.33,0,0,9.42
101,2013,53,2400,13.31,23220,8.6
102,2013,53,2400,13.33,0,0,9.39
102,2013,54,100,13.33,1.5567,0,9.45
102,2013,54,200,13.33,.24232,0,9.42
102,2013,54,300,13.33,0,0,9.37
102,2013,54,400,13.33,0,0,9.35
102,2013,54,500,13.34,0,0,9.31
102,2013,54,600,13.35,0,0,9.25
102,2013,54,700,13.34,0,0,9.3
102,2013,54,800,13.35,104.64,0,19.24
102,2013,54,900,13.36,365.97,.2,97.7
102,2013,54,1000,13.35,1342.9,.9,570.3
102,2013,54,1100,13.35,2768.6,1,878
102,2013,54,1200,13.34,3389.8,1,899
102,2013,54,1300,13.33,3707.5,1,873
102,2013,54,1400,13.33,3717,1,807
102,2013,54,1500,13.32,3509.9,1,821
102,2013,54,1600,13.32,3010.6,1,841
102,2013,54,1700,13.3,2266.7,1,782
102,2013,54,1800,13.28,1311.1,1,649.3
102,2013,54,1900,13.28,393.64,.8,323
102,2013,54,2000,13.29,1.7402,0,10.89
102,2013,54,2100,13.29,0,0,9.83
102,2013,54,2200,13.29,0,0,9.71
102,2013,54,2300,13.29,0,0,9.7
101,2013,54,2400,13.28,25892,9.9
102,2013,54,2400,13.3,0,0,9.57
102,2013,55,100,13.3,0,0,9.31
102,2013,55,200,13.3,0,0,9.28
102,2013,55,300,13.31,0,0,9.37
102,2013,55,400,13.31,0,0,9.34
102,2013,55,500,13.31,0,0,9.48
102,2013,55,600,13.32,0,0,9.5
102,2013,55,700,13.33,.02937,0,9.42
102,2013,55,800,13.33,117.43,0,33.64
102,2013,55,900,13.33,449.21,.5,127.1
102,2013,55,1000,13.32,1340.4,1,542.4
102,2013,55,1100,13.31,2631.5,1,772
102,2013,55,1200,13.31,3321.8,1,831
102,2013,55,1300,13.31,3809.4,1,863
102,2013,55,1400,13.3,3743.2,1,773
102,2013,55,1500,13.3,3542.3,1,814
102,2013,55,1600,13.28,3048.9,1,825
102,2013,55,1700,13.26,1860.8,1,539.7
102,2013,55,1800,13.25,1224,1,517.6
102,2013,55,1900,13.25,270.5,.466,127.9
102,2013,55,2000,13.26,5.6021,0,10.44
102,2013,55,2100,13.27,0,0,9.81
102,2013,55,2200,13.27,0,0,9.6
102,2013,55,2300,13.28,0,0,9.32
101,2013,55,2400,13.25,25365,9.96
102,2013,55,2400,13.28,0,0,9.59
102,2013,56,100,13.28,0,0,9.73
102,2013,56,200,13.29,0,0,9.51
102,2013,56,300,13.3,0,0,9.24
102,2013,56,400,13.3,0,0,9.24
102,2013,56,500,13.31,0,0,9.24
102,2013,56,600,13.31,0,0,9.24
102,2013,56,700,13.32,0,0,9.24
102,2013,56,800,13.33,94.879,.1,41.26
102,2013,56,900,13.33,310.26,.25,115.7
102,2013,56,1000,13.33,1136.9,.866,592.4
102,2013,56,1100,13.32,2856,1,897
102,2013,56,1200,13.31,3412.1,1,883
102,2013,56,1300,13.29,3752,1,845
102,2013,56,1400,13.28,3825.6,1,805
102,2013,56,1500,13.27,3616.2,1,830
102,2013,56,1600,13.26,3080,1,843
102,2013,56,1700,13.26,2345.7,1,807
102,2013,56,1800,13.26,1389.1,1,647
102,2013,56,1900,13.26,418.46,.683,273.5
102,2013,56,2000,13.26,5.4847,0,11.75
102,2013,56,2100,13.26,0,0,9.82
102,2013,56,2200,13.28,0,0,9.59
102,2013,56,2300,13.28,0,0,9.42
101,2013,56,2400,13.26,26243,9.9
102,2013,56,2400,13.28,0,0,9.72
102,2013,57,100,13.28,0,0,9.84
102,2013,57,200,13.28,0,0,9.67
102,2013,57,300,13.28,0,0,9.41
102,2013,57,400,13.29,0,0,9.25
102,2013,57,500,13.3,0,0,9.24
102,2013,57,600,13.31,0,0,9.24
102,2013,57,700,13.31,.04406,0,9.24
102,2013,57,800,13.32,120.07,0,29.12
102,2013,57,900,13.33,394.14,.133,91.8
102,2013,57,1000,13.32,1140.3,.816,505
102,2013,57,1100,13.31,2747.4,1,800
102,2013,57,1200,13.29,3239.7,1,792
102,2013,57,1300,13.28,3655.1,1,780
102,2013,57,1400,13.26,3481.8,.983,611.5
102,2013,57,1500,13.26,3206.4,.983,577.2
102,2013,57,1600,13.26,2490.6,1,474.7
102,2013,57,1700,13.25,1408.8,.6,217.8
102,2013,57,1800,13.25,629.49,.017,51.58
102,2013,57,1900,13.25,231.79,0,23.27
102,2013,57,2000,13.25,3.517,0,9.9
102,2013,57,2100,13.26,0,0,9.85
102,2013,57,2200,13.27,0,0,9.84
102,2013,57,2300,13.27,0,0,9.85
101,2013,57,2400,12.66,22749,7.53
102,2013,57,2400,12.66,0,0,9.66
102,2013,58,100,12.64,0,0,9.61
102,2013,58,200,12.64,0,0,9.25
102,2013,58,300,12.64,0,0,9.24
102,2013,58,400,12.64,0,0,9.24
102,2013,58,500,12.64,0,0,9.24
102,2013,58,600,12.64,0,0,9.24
102,2013,58,700,12.64,.02937,0,9.25
102,2013,58,800,12.64,134.96,0,30.82
102,2013,58,900,13.33,354.76,.133,78.6
102,2013,58,1000,13.33,1047.3,.783,530.9
102,2013,58,1100,13.31,2773.5,1,860
102,2013,58,1200,13.3,3348.9,1,857
102,2013,58,1300,13.29,3642.4,1,831
102,2013,58,1400,13.27,3603.8,.966,702
102,2013,58,1500,13.26,2503.1,.6,449.7
102,2013,58,1600,12.72,2927.7,.983,733
102,2013,58,1700,12.72,1140.6,.716,336.8
102,2013,58,1800,13.26,1384,.983,588.9
102,2013,58,1900,13.26,513.54,.7,302.4
102,2013,58,2000,13.26,6.99,0,10.86
102,2013,58,2100,13.26,0,0,9.89
102,2013,58,2200,12.67,0,0,9.76
102,2013,58,2300,12.66,0,0,9.6
101,2013,58,2400,12.64,23382,8.86
102,2013,58,2400,13.28,0,0,9.29
102,2013,59,100,13.28,0,0,9.24
102,2013,59,200,13.28,0,0,9.24
102,2013,59,300,13.29,0,0,9.24
102,2013,59,400,13.3,0,0,9.24
102,2013,59,500,13.3,0,0,9.24
102,2013,59,600,13.31,0,0,9.24
102,2013,59,700,13.31,0,0,9.24
102,2013,59,800,13.32,93.529,.067,36.74
102,2013,59,900,13.34,298.41,.05,69.51
102,2013,59,1000,13.33,1057.6,.75,525.5
102,2013,59,1100,13.32,2786.8,1,864
102,2013,59,1200,13.31,3363.7,1,863
102,2013,59,1300,13.28,3697.6,1,836
102,2013,59,1400,12.68,3750.9,1,783
102,2013,59,1500,12.67,3515.4,1,784
102,2013,59,1600,13.24,2952.5,1,787
102,2013,59,1700,13.24,2225.1,1,747
102,2013,59,1800,13.24,1061.8,.816,425
102,2013,59,1900,13.24,198.93,.15,75
102,2013,59,2000,13.25,5.8,0,10.23
102,2013,59,2100,13.26,0,0,9.9
102,2013,59,2200,13.26,0,0,9.78
102,2013,59,2300,13.27,0,0,9.52
101,2013,59,2400,12.67,25008,8.83
102,2013,59,2400,13.27,0,0,9.26
102,2013,60,100,13.28,0,0,9.24
102,2013,60,200,13.28,0,0,9.26
102,2013,60,300,13.28,0,0,9.24
102,2013,60,400,13.29,0,0,9.24
102,2013,60,500,13.3,0,0,9.24
102,2013,60,600,13.3,0,0,9.24
102,2013,60,700,13.31,0,0,9.24
102,2013,60,800,13.32,103.62,0,33.77
102,2013,60,900,13.34,359.85,.05,78.4
102,2013,60,1000,13.33,1116.9,.733,488
102,2013,60,1100,13.32,2658,1,785
102,2013,60,1200,13.3,2974.4,1,690.2
102,2013,60,1300,12.68,3396.2,1,727
102,2013,60,1400,12.65,3593.5,1,711
102,2013,60,1500,12.64,3332.3,1,722
102,2013,60,1600,12.65,2791.1,1,718
102,2013,60,1700,13.24,2004.6,.966,613.3
102,2013,60,1800,13.24,969.15,.933,354.5
102,2013,60,1900,13.25,287.18,.4,119.8
102,2013,60,2000,13.26,4.8455,0,10.35
102,2013,60,2100,13.26,0,0,9.88
102,2013,60,2200,13.26,0,0,9.78
102,2013,60,2300,13.27,0,0,9.63
101,2013,60,2400,12.64,23592,9.08
102,2013,60,2400,13.27,0,0,9.32
102,2013,61,100,13.28,0,0,9.35
102,2013,61,200,13.28,0,0,9.32
102,2013,61,300,13.28,0,0,9.26
102,2013,61,400,13.29,0,0,9.24
102,2013,61,500,13.3,0,0,9.24
102,2013,61,600,13.3,0,0,9.24
102,2013,61,700,13.31,0,0,9.24
102,2013,61,800,13.31,93.861,.1,38.82
102,2013,61,900,13.31,308.36,.117,76.9
102,2013,61,1000,13.31,1115.4,.716,493.1
102,2013,61,1100,13.3,2639.1,1,797
102,2013,61,1200,13.29,3204,1,800
102,2013,61,1300,13.27,3564.7,1,783