,0,0,6.603
102,2011,326,2200,13.29,0,0,6.603
102,2011,326,2300,13.29,0,0,6.603
101,2011,326,2400,12.7,24073,8.28
102,2011,326,2400,13.29,0,0,6.603
102,2011,327,100,13.3,0,0,6.603
102,2011,327,200,13.3,0,0,6.598
102,2011,327,300,13.31,0,0,6.571
102,2011,327,400,13.31,0,0,6.444
102,2011,327,500,13.31,0,0,6.456
102,2011,327,600,13.31,0,0,6.439
102,2011,327,700,13.33,24.576,0,6.908
102,2011,327,800,13.33,489.07,.217,100.1
102,2011,327,900,13.33,1305.7,.466,309.2
102,2011,327,1000,13.33,1018.6,.167,93.9
102,2011,327,1100,13.32,2824.8,.883,639.3
102,2011,327,1200,13.32,2388.9,.533,402.8
102,2011,327,1300,12.75,2321.9,.483,363.9
102,2011,327,1400,13.31,3189.9,.816,562.5
102,2011,327,1500,13.3,2820.2,.733,527.5
102,2011,327,1600,13.29,1702.1,.616,398.7
102,2011,327,1700,12.74,1691.8,1,732
102,2011,327,1800,13.29,1006,1,516.6
102,2011,327,1900,12.75,99.89,.233,73.7
102,2011,327,2000,12.72,0,0,6.603
102,2011,327,2100,12.72,0,0,6.603
102,2011,327,2200,12.72,0,0,6.603
102,2011,327,2300,12.72,0,0,6.603
101,2011,327,2400,12.72,20883,7.15
102,2011,327,2400,12.72,0,0,6.603
102,2011,328,100,12.71,0,0,6.604
102,2011,328,200,12.77,0,0,6.604
102,2011,328,300,12.73,0,0,6.604
102,2011,328,400,12.72,0,0,6.604
102,2011,328,500,12.72,0,0,6.605
102,2011,328,600,12.71,0,0,6.605
102,2011,328,700,12.71,18.408,0,6.6
102,2011,328,800,12.71,231.98,0,11.67
102,2011,328,900,12.71,965.2,.2,100.8
102,2011,328,1000,12.71,1824.2,.733,318.9
102,2011,328,1100,12.71,2017.8,.783,231.9
102,2011,328,1200,12.71,2798.7,.866,387.6
102,2011,328,1300,12.71,3052.4,.666,442.7
102,2011,328,1400,12.71,2041.8,.217,88.6
102,2011,328,1500,12.71,1315.3,.317,134.3
102,2011,328,1600,12.71,321.2,0,8.75
102,2011,328,1700,12.71,75.353,0,6.605
102,2011,328,1800,12.7,12.938,0,6.605
102,2011,328,1900,12.7,0,0,6.594
102,2011,328,2000,12.71,0,0,6.55
102,2011,328,2100,13.27,0,0,6.506
102,2011,328,2200,13.31,0,0,6.423
102,2011,328,2300,13.32,0,0,6.379
101,2011,328,2400,12.7,14675,3.782
102,2011,328,2400,13.32,0,0,6.401
102,2011,329,100,13.32,0,0,6.401
102,2011,329,200,13.32,0,0,6.396
102,2011,329,300,13.32,0,0,6.434
102,2011,329,400,13.32,0,0,6.484
102,2011,329,500,13.32,0,0,6.517
102,2011,329,600,13.33,0,0,6.462
102,2011,329,700,13.33,4.2587,0,6.39
102,2011,329,800,12.76,131.03,0,6.528
102,2011,329,900,12.75,504.97,0,10.14
102,2011,329,1000,13.34,1049.1,0,10.52
102,2011,329,1100,13.34,1380.5,0,16.47
102,2011,329,1200,13.34,1673.8,.15,56.02
102,2011,329,1300,13.34,1700.8,.217,68.37
102,2011,329,1400,13.33,1710.6,.1,51.04
102,2011,329,1500,13.33,1983.3,.466,146.6
102,2011,329,1600,13.33,709.37,.033,32.72
102,2011,329,1700,13.33,589.87,0,14.26
102,2011,329,1800,13.33,494.98,0,12.33
102,2011,329,1900,12.79,41.332,0,6.77
102,2011,329,2000,12.72,0,0,6.605
102,2011,329,2100,12.72,0,0,6.605
102,2011,329,2200,12.71,0,0,6.605
102,2011,329,2300,12.71,0,0,6.605
101,2011,329,2400,12.71,11974,.966
102,2011,329,2400,12.71,0,0,6.605
102,2011,330,100,13.3,0,0,6.577
102,2011,330,200,12.75,0,0,6.605
102,2011,330,300,12.72,0,0,6.605
102,2011,330,400,12.71,0,0,6.605
102,2011,330,500,12.71,0,0,6.594
102,2011,330,600,12.71,0,0,6.589
102,2011,330,700,12.71,12.807,0,6.522
102,2011,330,800,12.76,196.71,0,6.616
102,2011,330,900,12.73,434.94,0,7.16
102,2011,330,1000,12.71,1132.4,0,49.54
102,2011,330,1100,12.71,1154.1,0,19.44
102,2011,330,1200,13.35,1317.9,0,23.99
102,2011,330,1300,13.35,1314.4,0,11.41
102,2011,330,1400,13.34,1570.4,0,19.55
102,2011,330,1500,13.34,1032.2,0,26.38
102,2011,330,1600,13.34,627.14,0,18.88
102,2011,330,1700,13.34,633.06,0,40.38
102,2011,330,1800,13.34,442.73,.35,112.7
102,2011,330,1900,13.34,39.577,0,6.985
102,2011,330,2000,13.34,0,0,6.539
102,2011,330,2100,12.86,0,0,6.445
102,2011,330,2200,13.34,0,0,6.412
102,2011,330,2300,13.34,0,0,6.533
101,2011,330,2400,12.71,9908.3,.35
102,2011,330,2400,13.34,0,0,6.434
102,2011,331,100,13.35,0,0,6.374
102,2011,331,200,13.35,0,0,6.324
102,2011,331,300,13.35,0,0,6.319
102,2011,331,400,13.36,0,0,6.286
102,2011,331,500,13.36,0,0,6.269
102,2011,331,600,13.36,0,0,6.275
102,2011,331,700,13.36,18.146,0,6.864
102,2011,331,800,13.37,340.27,0,29.23
102,2011,331,900,13.37,1149.6,.6,203.7
102,2011,331,1000,13.36,2017.8,1,526.5
102,2011,331,1100,13.36,2281.7,1,405.9
102,2011,331,1200,13.35,3286.1,.95,513.8
102,2011,331,1300,13.35,3031.8,.816,524.8
102,2011,331,1400,13.34,2311,.483,273.6
102,2011,331,1500,13.34,1636.1,.017,40.41
102,2011,331,1600,13.33,947.04,0,7.16
102,2011,331,1700,13.33,623.47,0,20.21
102,2011,331,1800,13.33,181.44,0,8.14
102,2011,331,1900,12.75,8.4002,0,6.605
102,2011,331,2000,12.72,0,0,6.605
102,2011,331,2100,12.71,0,0,6.605
102,2011,331,2200,12.71,0,0,6.605
102,2011,331,2300,12.71,0,0,6.605
101,2011,331,2400,12.71,17833,4.865
102,2011,331,2400,12.72,0,0,6.583
102,2011,332,100,12.78,0,0,6.577
102,2011,332,200,12.74,0,0,6.594
102,2011,332,300,12.72,0,0,6.605
102,2011,332,400,12.71,0,0,6.566
102,2011,332,500,12.75,0,0,6.566
102,2011,332,600,12.72,0,0,6.589
102,2011,332,700,13.34,6.9239,0,6.539
102,2011,332,800,13.34,156.14,0,6.633
102,2011,332,900,12.8,403.77,0,12.78
102,2011,332,1000,12.72,1148.4,.067,58.73
102,2011,332,1100,12.71,1970.4,.433,215.1
102,2011,332,1200,12.71,1589.7,.033,41.29
102,2011,332,1300,12.71,1837.9,.383,121.9
102,2011,332,1400,12.71,3208.5,.966,504.9
102,2011,332,1500,12.71,2814.5,.816,569.3
102,2011,332,1600,12.71,2495,.916,654.4
102,2011,332,1700,12.71,1273.3,.5,267.6
102,2011,332,1800,12.71,63.964,0,7.13
102,2011,332,1900,12.71,.22763,0,6.6
102,2011,332,2000,13.28,0,0,6.589
102,2011,332,2100,13.32,0,0,6.572
102,2011,332,2200,13.32,0,0,6.577
102,2011,332,2300,13.32,0,0,6.577
101,2011,332,2400,12.71,16969,4.115
102,2011,332,2400,13.32,0,0,6.572
102,2011,333,100,13.33,0,0,6.572
102,2011,333,200,13.33,0,0,6.539
102,2011,333,300,13.33,0,0,6.572
102,2011,333,400,13.33,0,0,6.566
102,2011,333,500,13.33,0,0,6.605
102,2011,333,600,13.34,0,0,6.6
102,2011,333,700,13.34,11.748,0,6.594
102,2011,333,800,13.34,272.92,0,21.6
102,2011,333,900,13.34,1410.8,.666,317
102,2011,333,1000,12.73,1971.1,.833,336
102,2011,333,1100,12.73,2746.8,.983,579.5
102,2011,333,1200,13.34,3264.5,.916,758
102,2011,333,1300,13.33,3235.2,.883,699.2
102,2011,333,1400,13.33,3278.9,.9,636.5
102,2011,333,1500,13.33,2141.7,.4,222.7
102,2011,333,1600,12.74,1187.2,.35,103
102,2011,333,1700,12.72,1363.5,.716,424
102,2011,333,1800,12.71,628.34,.4,142.5
102,2011,333,1900,12.78,53.537,0,6.605
102,2011,333,2000,12.75,0,0,6.605
102,2011,333,2100,12.72,0,0,6.605
102,2011,333,2200,12.71,0,0,6.605
102,2011,333,2300,12.71,0,0,6.605
101,2011,333,2400,12.71,21566,7.05
102,2011,333,2400,12.71,0,0,6.605
102,2011,334,100,12.71,0,0,6.577
102,2011,334,200,13.33,0,0,6.594
102,2011,334,300,13.33,0,0,6.6
102,2011,334,400,13.33,0,0,6.605
102,2011,334,500,13.33,0,0,6.605
102,2011,334,600,13.33,0,0,6.605
102,2011,334,700,13.33,15.104,0,6.605
102,2011,334,800,13.33,258.74,0,10.33
102,2011,334,900,12.78,450.89,0,11.41
102,2011,334,1000,12.72,741.96,0,10.47
102,2011,334,1100,13.33,934.22,0,13.13
102,2011,334,1200,13.34,1782.6,.367,148.8
102,2011,334,1300,12.75,2999.3,.733,295.5
102,2011,334,1400,13.33,1662.4,.333,169.5
102,2011,334,1500,13.33,506.66,0,17.88
102,2011,334,1600,13.33,1261.7,.367,170.9
102,2011,334,1700,13.33,554.44,.083,26.41
102,2011,334,1800,12.72,124.41,0,6.605
102,2011,334,1900,12.71,13.43,0,6.605
102,2011,334,2000,13.34,0,0,6.583
102,2011,334,2100,13.34,0,0,6.594
102,2011,334,2200,13.34,0,0,6.583
102,2011,334,2300,13.34,0,0,6.589
101,2011,334,2400,12.71,11306,1.883
102,2011,334,2400,13.34,0,0,6.6
102,2011,335,100,13.34,0,0,6.605
102,2011,335,200,13.34,0,0,6.605
102,2011,335,300,13.34,0,0,6.605
102,2011,335,400,12.73,0,0,6.589
102,2011,335,500,13.34,0,0,6.566
102,2011,335,600,13.35,0,0,6.577
102,2011,335,700,13.35,3.517,0,6.566
102,2011,335,800,13.35,205.24,0,15.37
102,2011,335,900,13.35,496.56,0,11.37
102,2011,335,1000,13.35,666.25,0,11.02
102,2011,335,1100,13.35,634.33,0,9.14
102,2011,335,1200,13.35,998,0,29.09
102,2011,335,1300,13.34,1667.2,0,17.36
102,2011,335,1400,13.34,1709.8,.133,50.77
102,2011,335,1500,13.34,1358.9,.1,67.15
102,2011,335,1600,13.34,1007.5,.05,29.6
102,2011,335,1700,13.34,507.34,0,9.53
102,2011,335,1800,13.34,305.64,0,17.49
102,2011,335,1900,13.34,59.013,0,9.15
102,2011,335,2000,12.73,0,0,6.605
102,2011,335,2100,12.71,0,0,6.605
102,2011,335,2200,12.71,0,0,6.55
102,2011,335,2300,13.34,0,0,6.528
101,2011,335,2400,12.71,9619.4,.283
102,2011,335,2400,13.34,0,0,6.517
102,2011,336,100,13.34,0,0,6.484
102,2011,336,200,13.34,0,0,6.473
102,2011,336,300,13.34,0,0,6.467
102,2011,336,400,13.35,0,0,6.456
102,2011,336,500,13.35,0,0,6.434
102,2011,336,600,13.35,0,0,6.429
102,2011,336,700,13.35,10.419,0,6.473
102,2011,336,800,13.36,256.43,0,15.96
102,2011,336,900,13.35,1101.8,.566,296.2
102,2011,336,1000,13.35,2150.9,1,734
102,2011,336,1100,13.34,2815.2,1,802
102,2011,336,1200,12.72,3230.1,1,803
102,2011,336,1300,12.71,3498.5,1,778
102,2011,336,1400,12.71,3524.7,1,749
102,2011,336,1500,12.71,2586.1,.833,549.1
102,2011,336,1600,12.71,1651.2,.4,277.5
102,2011,336,1700,12.71,1098.6,.6,250.2
102,2011,336,1800,12.71,462.78,.15,63.01
102,2011,336,1900,12.71,.2056,0,6.604
102,2011,336,2000,12.71,0,0,6.605
102,2011,336,2100,13.27,0,0,6.594
102,2011,336,2200,13.32,0,0,6.594
102,2011,336,2300,13.32,0,0,6.594
101,2011,336,2400,12.71,22387,7.55
102,2011,336,2400,13.32,0,0,6.605
102,2011,337,100,13.32,0,0,6.599
102,2011,337,200,13.33,0,0,6.599
102,2011,337,300,13.33,0,0,6.605
102,2011,337,400,13.33,0,0,6.605
102,2011,337,500,13.33,0,0,6.572
102,2011,337,600,13.34,0,0,6.506
102,2011,337,700,13.34,19.649,0,6.517
102,2011,337,800,13.34,405.21,.033,37.9
102,2011,337,900,13.34,1327,.7,382
102,2011,337,1000,13.34,2185.6,1,737
102,2011,337,1100,13.34,2857.8,1,811
102,2011,337,1200,13.33,3277.7,1,821
102,2011,337,1300,13.33,3452.6,.983,756
102,2011,337,1400,13.33,3292.6,.883,627.8
102,2011,337,1500,13.32,3008.2,.833,621.6
102,2011,337,1600,13.31,2629.2,1,774
102,2011,337,1700,13.31,1011.1,.633,291.8
102,2011,337,1800,13.31,233.54,0,22.24
102,2011,337,1900,13.31,7.321,0,6.609
102,2011,337,2000,12.75,0,0,6.604
102,2011,337,2100,12.72,0,0,6.604
102,2011,337,2200,12.72,0,0,6.604
102,2011,337,2300,12.72,0,0,6.605
101,2011,337,2400,12.72,23707,8.06
102,2011,337,2400,12.72,0,0,6.605
102,2011,338,100,12.72,0,0,6.594
102,2011,338,200,13.32,0,0,6.577
102,2011,338,300,12.77,0,0,6.589
102,2011,338,400,12.73,0,0,6.605
102,2011,338,500,12.72,0,0,6.605
102,2011,338,600,12.71,0,0,6.605
102,2011,338,700,12.71,14.098,0,6.605
102,2011,338,800,12.71,319.21,.017,29.67
102,2011,338,900,13.33,722.13,.067,49.16
102,2011,338,1000,13.33,1175.6,.333,127.7
102,2011,338,1100,13.33,2079.8,.8,409
102,2011,338,1200,13.33,2178.1,.55,378.8
102,2011,338,1300,12.78,2801.5,.666,508.9
102,2011,338,1400,12.74,810.63,.133,88.7
102,2011,338,1500,13.32,93.432,0,6.544
102,2011,338,1600,13.32,83.232,0,6.583
102,2011,338,1700,13.33,89.068,0,6.605
102,2011,338,1800,13.33,79.419,0,6.583
102,2011,338,1900,13.34,18.819,0,6.6
102,2011,338,2000,13.33,0,0,6.577
102,2011,338,2100,13.33,0,0,6.555
102,2011,338,2200,13.33,0,0,6.555
102,2011,338,2300,13.34,0,0,6.572
101,2011,338,2400,12.71,10465,2.566
102,2011,338,2400,13.34,0,0,6.589
102,2011,339,100,13.34,0,0,6.6
102,2011,339,200,13.34,0,0,6.583
102,2011,339,300,13.34,0,0,6.577
102,2011,339,400,13.34,0,0,6.566
102,2011,339,500,13.35,0,0,6.412
102,2011,339,600,13.35,0,0,6.385
102,2011,339,700,13.35,15.213,0,6.335
102,2011,339,800,13.36,205.07,0,26.01
102,2011,339,900,12.86,1319.3,.9,385.2
102,2011,339,1000,12.73,1743.8,.616,401.6
102,2011,339,1100,13.36,1817,.417,261.1
102,2011,339,1200,12.72,2660.8,.8,462
102,2011,339,1300,12.72,2364.5,.5,324.9
102,2011,339,1400,12.74,3413.2,.95,624.1
102,2011,339,1500,12.74,2799.7,.816,621.1
102,2011,339,1600,13.33,1550.3,.466,334.5
102,2011,339,1700,13.33,1228.6,.566,343.2
102,2011,339,1800,13.33,116.89,0,7.2
102,2011,339,1900,13.33,2.5039,0,6.577
102,2011,339,2000,13.33,0,0,6.594
102,2011,339,2100,13.33,0,0,6.566
102,2011,339,2200,13.34,0,0,6.489
102,2011,339,2300,13.34,0,0,6.506
101,2011,339,2400,12.72,19237,6.031
102,2011,339,2400,12.73,0,0,6.583
102,2011,340,100,12.71,0,0,6.539
102,2011,340,200,13.34,0,0,6.539
102,2011,340,300,13.34,0,0,6.594
102,2011,340,400,13.35,0,0,6.555
102,2011,340,500,13.35,0,0,6.572
102,2011,340,600,13.35,0,0,6.522
102,2011,340,700,13.35,29.304,0,7.32
102,2011,340,800,13.36,626.04,.616,161.9
102,2011,340,900,13.36,1390.9,.816,384.6
102,2011,340,1000,13.35,1873.5,1,511.3
102,2011,340,1100,13.35,2935.6,1,816
102,2011,340,1200,12.77,3016.4,.95,754
102,2011,340,1300,13.34,3604.6,1,801
102,2011,340,1400,13.34,3289.2,.95,692
102,2011,340,1500,13.33,3137.5,.966,792
102,2011,340,1600,13.32,1490.3,.367,271.5
102,2011,340,1700,13.33,959.75,.35,225
102,2011,340,1800,13.33,84.192,0,6.605
102,2011,340,1900,13.33,.02937,0,6.511
102,2011,340,2000,13.33,0,0,6.566
102,2011,340,2100,13.33,0,0,6.566
102,2011,340,2200,13.34,0,0,6.572
102,2011,340,2300,13.34,0,0,6.589
101,2011,340,2400,12.71,22437,8.01
102,2011,340,2400,13.34,0,0,6.55
102,2011,341,100,13.34,0,0,6.467
102,2011,341,200,13.34,0,0,6.39
102,2011,341,300,13.34,0,0,6.401
102,2011,341,400,13.35,0,0,6.346
102,2011,341,500,13.35,0,0,6.33
102,2011,341,600,13.35,0,0,6.357
102,2011,341,700,13.36,16.205,0,6.688
102,2011,341,800,13.36,346.24,.35,133.3
102,2011,341,900,13.36,1267,.766,396
102,2011,341,1000,13.36,2198.4,1,742
102,2011,341,1100,13.35,2792.7,.85,705
102,2011,341,1200,13.34,3484.3,.95,781
102,2011,341,1300,13.33,3180.7,.716,604.2
102,2011,341,1400,13.33,3766.9,.966,742
102,2011,341,1500,13.32,3351.2,.95,745
102,2011,341,1600,13.31,2331.4,.883,582.7
102,2011,341,1700,13.31,1716,.95,691.4
102,2011,341,1800,13.31,816.65,.983,539.5
102,2011,341,1900,13.31,146.45,.367,125
102,2011,341,2000,12.73,0,0,6.604
102,2011,341,2100,12.71,0,0,6.604
102,2011,341,2200,12.71,0,0,6.604
102,2011,341,2300,12.75,0,0,6.605
101,2011,341,2400,12.71,25414,9.73
102,2011,341,2400,13.33,0,0,6.605
102,2011,342,100,13.33,0,0,6.605
102,2011,342,200,13.33,0,0,6.594
102,2011,342,300,13.33,0,0,6.517
102,2011,342,400,13.34,0,0,6.418
102,2011,342,500,13.34,0,0,6.379
102,2011,342,600,13.34,0,0,6.522
102,2011,342,700,13.35,15.059,0,6.737
102,2011,342,800,13.36,462.23,.6,172.1
102,2011,342,900,13.36,1315.3,.783,412.2
102,2011,342,1000,13.36,1811.3,.75,504.9
102,2011,342,1100,13.35,2284.9,.633,496.4
102,2011,342,1200,13.33,3184.4,.833,656.2
102,2011,342,1300,13.33,3034.9,.8,606.3
102,2011,342,1400,13.32,2381.8,.5,364.6
102,2011,342,1500,13.31,2248.8,.566,349.2
102,2011,342,1600,13.31,833.22,.017,43.25
102,2011,342,1700,13.32,771.29,0,41.03
102,2011,342,1800,13.31,350.49,.05,22.3
102,2011,342,1900,13.31,63.752,0,25.35
102,2011,342,2000,13.31,0,0,6.604
102,2011,342,2100,13.31,0,0,6.576
102,2011,342,2200,13.31,0,0,6.576
102,2011,342,2300,13.31,0,0,6.604
101,2011,342,2400,13.31,18757,5.531
102,2011,342,2400,13.31,0,0,6.604
102,2011,343,100,13.32,0,0,6.544
102,2011,343,200,13.33,0,0,6.379
102,2011,343,300,13.33,0,0,6.429
102,2011,343,400,13.33,0,0,6.346
102,2011,343,500,13.34,0,0,6.335
102,2011,343,600,13.34,0,0,6.275
102,2011,343,700,13.34,14.428,0,6.346
102,2011,343,800,13.35,459.83,.683,196.9
102,2011,343,900,13.35,1389.7,.75,441.7
102,2011,343,1000,12.75,2254,1,768
102,2011,343,1100,12.72,2922.9,1,835
102,2011,343,1200,12.78,3354,1,845
102,2011,343,1300,12.71,3540.6,1,831
102,2011,343,1400,12.71,3444.8,1,803
102,2011,343,1500,12.71,3110.6,1,824
102,2011,343,1600,12.71,2553.6,1,826
102,2011,343,1700,13.33,1785.9,1,747
102,2011,343,1800,13.32,873.48,1,566.5
102,2011,343,1900,13.32,131.34,.367,128.3
102,2011,343,2000,13.31,0,0,6.604
102,2011,343,2100,13.31,0,0,6.604
102,2011,343,2200,13.31,0,0,6.604
102,2011,343,2300,13.31,0,0,6.604
101,2011,343,2400,12.71,25835,10.8
102,2011,343,2400,13.31,0,0,6.598
102,2011,344,100,13.31,0,0,6.554
102,2011,344,200,13.32,0,0,6.533
102,2011,344,300,13.33,0,0,6.434
102,2011,344,400,13.33,0,0,6.308
102,2011,344,500,13.33,0,0,6.286
102,2011,344,600,13.34,0,0,6.231
102,2011,344,700,13.34,12.299,0,6.412
102,2011,344,800,13.35,437.39,.716,199.5
102,2011,344,900,13.35,1342.9,.766,425.6
102,2011,344,1000,13.34,2193.1,1,740
102,2011,344,1100,13.27,2827.4,1,794
102,2011,344,1200,13.34,3268.5,1,802
102,2011,344,1300,13.34,3511.3,1,789
102,2011,344,1400,13.34,3359.3,1,745
102,2011,344,1500,13.33,3148,1,783
102,2011,344,1600,13.33,2578.7,.983,737
102,2011,344,1700,13.33,1686.2,.8,511.1
102,2011,344,1800,13.32,911.66,.966,464.2
102,2011,344,1900,13.32,120.69,.367,115.1
102,2011,344,2000,12.75,0,0,6.603
102,2011,344,2100,12.73,0,0,6.604
102,2011,344,2200,12.73,0,0,6.604
102,2011,344,2300,12.73,0,0,6.604
101,2011,344,2400,12.73,25397,10.6
102,2011,344,2400,13.29,0,0,6.566
102,2011,345,100,13.33,0,0,6.561
102,2011,345,200,13.33,0,0,6.577
102,2011,345,300,13.33,0,0,6.561
102,2011,345,400,13.33,0,0,6.511
102,2011,345,500,13.34,0,0,6.357
102,2011,345,600,13.34,0,0,6.39
102,2011,345,700,13.35,12.585,0,6.401
102,2011,345,800,13.35,438.82,.7,208.4
102,2011,345,900,13.36,1319.3,.75,418.6
102,2011,345,1000,13.35,2136.3,1,717
102,2011,345,1100,13.34,2824.6,1,796
102,2011,345,1200,13.34,3327.4,1,832
102,2011,345,1300,13.34,3530.7,1,809
102,2011,345,1400,13.33,3364.5,.983,718
102,2011,345,1500,13.33,2958.8,.883,649.2
102,2011,345,1600,13.32,2172.5,.75,585.7
102,2011,345,1700,13.32,1767.7,1,682.4
102,2011,345,1800,13.31,830.51,1,538.4
102,2011,345,1900,13.31,113.45,.4,132.8
102,2011,345,2000,13.31,0,0,6.603
102,2011,345,2100,13.31,0,0,6.603
102,2011,345,2200,13.31,0,0,6.603
102,2011,345,2300,13.31,0,0,6.603
101,2011,345,2400,13.31,24797,10.46
102,2011,345,2400,13.31,0,0,6.603
102,2011,346,100,13.31,0,0,6.592
102,2011,346,200,13.32,0,0,6.559
102,2011,346,300,13.32,0,0,6.554
102,2011,346,400,13.33,0,0,6.532
102,2011,346,500,13.33,0,0,6.456
102,2011,346,600,13.34,0,0,6.412
102,2011,346,700,13.34,11.844,0,6.407
102,2011,346,800,13.34,421.43,.683,181.8
102,2011,346,900,13.35,1249,.8,401
102,2011,346,1000,13.35,2090,1,688.1
102,2011,346,1100,13.34,2783,1,770
102,2011,346,1200,13.34,3235.3,.966,777
102,2011,346,1300,13.33,2615.4,.7,477
102,2011,346,1400,13.33,2398,.566,403.4
102,2011,346,1500,13.31,2632.4,.8,555.3
102,2011,346,1600,13.31,2203.6,.75,420.5
102,2011,346,1700,12.75,415.22,.083,61.08
102,2011,346,1800,12.73,178.82,0,30.35
102,2011,346,1900,12.93,106.67,.167,56.29
102,2011,346,2000,12.73,0,0,6.604
102,2011,346,2100,12.73,0,0,6.604
102,2011,346,2200,12.73,0,0,6.604
102,2011,346,2300,12.73,0,0,6.577
101,2011,346,2400,12.73,20341,7.51
102,2011,346,2400,13.33,0,0,6.506
102,2011,347,100,13.33,0,0,6.511
102,2011,347,200,13.34,0,0,6.5
102,2011,347,300,13.34,0,0,6.484
102,2011,347,400,13.34,0,0,6.456
102,2011,347,500,13.34,0,0,6.451
102,2011,347,600,13.35,0,0,6.346
102,2011,347,700,13.35,11.704,0,6.341
102,2011,347,800,13.36,421.03,.683,197.9
102,2011,347,900,13.37,1269.2,.816,413
102,2011,347,1000,13.36,2124.9,1,708
102,2011,347,1100,13.36,2806.4,1,789
102,2011,347,1200,13.35,3276.2,1,806
102,2011,347,1300,12.75,2801.7,.683,525.6
102,2011,347,1400,13.33,3635.8,.95,676.5
102,2011,347,1500,13.33,2264.3,.583,379.9
102,2011,347,1600,13.33,651.71,.083,48.81
102,2011,347,1700,13.32,1782.8,1,652.2
102,2011,347,1800,13.32,453.97,.217,125.1
102,2011,347,1900,13.32,111.37,0,9.58
102,2011,347,2000,12.74,0,0,6.603
102,2011,347,2100,12.73,0,0,6.604
102,2011,347,2200,12.73,0,0,6.604
102,2011,347,2300,12.73,0,0,6.604
101,2011,347,2400,12.73,21611,8.01
102,2011,347,2400,13.33,0,0,6.605
102,2011,348,100,13.33,0,0,6.594
102,2011,348,200,13.33,0,0,6.588
102,2011,348,300,13.33,0,0,6.588
102,2011,348,400,13.33,0,0,6.572
102,2011,348,500,13.33,0,0,6.572
102,2011,348,600,13.33,0,0,6.55
102,2011,348,700,13.33,4.9931,0,6.572
102,2011,348,800,13.34,112.34,0,6.638
102,2011,348,900,13.34,651.61,0,28.9
102,2011,348,1000,13.34,1191.9,.05,53.92
102,2011,348,1100,13.34,1583.4,.15,83.3
102,2011,348,1200,13.34,2204.8,.516,206.5
102,2011,348,1300,13.33,1738,.267,138.3
102,2011,348,1400,13.33,2659.4,.8,404.1
102,2011,348,1500,13.33,1882.4,.417,193.9
102,2011,348,1600,13.33,376.86,.033,45.26
102,2011,348,1700,13.33,301.11,0,53.77
102,2011,348,1800,13.33,93.498,0,7.13
102,2011,348,1900,13.33,31.009,0,8.28
102,2011,348,2000,13.33,0,0,6.599
102,2011,348,2100,13.33,0,0,6.605
102,2011,348,2200,13.33,0,0,6.572
102,2011,348,2300,13.33,0,0,6.55
101,2011,348,2400,13.33,12831,2.232
102,2011,348,2400,13.34,0,0,6.533
102,2011,349,100,13.34,0,0,6.55
102,2011,349,200,13.34,0,0,6.561
102,2011,349,300,13.35,0,0,6.555
102,2011,349,400,13.35,0,0,6.5
102,2011,349,500,13.36,0,0,6.473
102,2011,349,600,13.36,0,0,6.407
102,2011,349,700,13.36,12.108,0,6.423
102,2011,349,800,13.36,412.42,.65,176.8
102,2011,349,900,13.37,1212.9,.866,383.3
102,2011,349,1000,13.36,2039.7,1,662.2
102,2011,349,1100,13.36,2801,1,774
102,2011,349,1200,13.35,3233.9,1,763
102,2011,349,1300,13.34,3103.8,.8,624
102,2011,349,1400,13.34,2805.8,.716,508.6
102,2011,349,1500,13.34,3202.3,.916,707
102,2011,349,1600,12.76,2383.4,.916,663.5
102,2011,349,1700,13.33,1608.2,.916,533
102,2011,349,1800,13.33,791.07,.95,496.9
102,2011,349,1900,13.32,126.82,.433,122.6
102,2011,349,2000,13.32,0,0,6.603
102,2011,349,2100,13.32,0,0,6.603
102,2011,349,2200,13.32,0,0,6.604
102,2011,349,2300,13.32,0,0,6.604
101,2011,349,2400,12.76,23733,10.16
102,2011,349,2400,13.32,0,0,6.603
102,2011,350,100,13.33,0,0,6.571
102,2011,350,200,13.33,0,0,6.582
102,2011,350,300,13.33,0,0,6.544
102,2011,350,400,13.33,0,0,6.522
102,2011,350,500,13.34,0,0,6.489
102,2011,350,600,13.34,0,0,6.456
102,2011,350,700,13.34,12.519,0,6.594
102,2011,350,800,13.35,382.07,.666,172
102,2011,350,900,13.35,1190.7,.833,367.5
102,2011,350,1000,13.35,1905.8,1,593.6
102,2011,350,1100,13.34,2721.3,1,732
102,2011,350,1200,13.34,3097.8,.866,651.5
102,2011,350,1300,13.33,2815.8,.666,453.2
102,2011,350,1400,13.33,2323.5,.533,307.7
102,2011,350,1500,13.32,2540.3,.766,439.9
102,2011,350,1600,13.32,2685.1,1,763
102,2011,350,1700,13.31,1805.5,1,601.9
102,2011,350,1800,13.31,827.39,.35,187.5
102,2011,350,1900,12.75,77.34,0,10.3
102,2011,350,2000,12.73,0,0,6.603
102,2011,350,2100,12.73,0,0,6.603
102,2011,350,2200,12.73,0,0,6.604
102,2011,350,2300,12.73,0,0,6.604
101,2011,350,2400,12.72,22385,8.68
102,2011,350,2400,12.72,0,0,6.605
102,2011,351,100,12.72,0,0,6.577
102,2011,351,200,13.3,0,0,6.522
102,2011,351,300,13.33,0,0,6.528
102,2011,351,400,13.33,0,0,6.489
102,2011,351,500,13.33,0,0,6.495
102,2011,351,600,13.34,0,0,6.539
102,2011,351,700,13.34,7.3722,0,6.517
102,2011,351,800,13.34,408.12,.2,71.3
102,2011,351,900,13.34,1457.5,.9,400.8
102,2011,351,1000,13.33,2108.3,1,611.7
102,2011,351,1100,13.33,2311.9,.733,459.3
102,2011,351,1200,13.33,1142.2,.167,86.5
102,2011,351,1300,13.33,2534.2,.516,272.8
102,2011,351,1400,13.32,2509.2,.45,270
102,2011,351,1500,12.76,2994.8,.916,666.8
102,2011,351,1600,12.73,824.22,.017,25.6
102,2011,351,1700,12.73,121.9,0,8.47
102,2011,351,1800,13.29,263.53,0,7.07
102,2011,351,1900,13.33,91.514,0,6.594
102,2011,351,2000,13.33,0,0,6.588
102,2011,351,2100,13.33,0,0,6.582
102,2011,351,2200,13.33,0,0,6.571
102,2011,351,2300,13.33,0,0,6.543
101,2011,351,2400,12.72,16775,4.898
102,2011,351,2400,13.33,0,0,6.527
102,2011,352,100,13.33,0,0,6.549
102,2011,352,200,13.33,0,0,6.544
102,2011,352,300,13.33,0,0,6.555
102,2011,352,400,13.33,0,0,6.506
102,2011,352,500,13.34,0,0,6.561
102,2011,352,600,13.34,0,0,6.566
102,2011,352,700,13.34,5.0812,0,6.577
102,2011,352,800,13.34,216.46,0,28.44
102,2011,352,900,13.34,1101.9,.766,360.1
102,2011,352,1000,12.73,2010.2,1,627.1
102,2011,352,1100,12.72,2118.1,.65,456.2
102,2011,352,1200,12.72,2930.6,.783,565.2
102,2011,352,1300,12.72,3792.2,.916,655.4
102,2011,352,1400,12.72,3461.5,.883,636.4
102,2011,352,1500,13.33,3393.9,.95,685.9
102,2011,352,1600,13.31,2264.1,.9,600.6
102,2011,352,1700,13.31,1882.6,.8,538.2
102,2011,352,1800,13.31,216.9,0,19.04
102,2011,352,1900,13.31,42.421,0,7.36
102,2011,352,2000,13.31,0,0,6.603
102,2011,352,2100,13.31,0,0,6.592
102,2011,352,2200,13.31,0,0,6.597
102,2011,352,2300,13.31,0,0,6.564
101,2011,352,2400,12.72,23436,7.65
102,2011,352,2400,13.31,0,0,6.57
102,2011,353,100,13.31,0,0,6.543
102,2011,353,200,13.32,0,0,6.538
102,2011,353,300,13.32,0,0,6.549
102,2011,353,400,13.32,0,0,6.527
102,2011,353,500,13.33,0,0,6.56
102,2011,353,600,13.33,0,0,6.505
102,2011,353,700,13.33,16.654,0,7.1
102,2011,353,800,13.33,324.14,.183,67.63
102,2011,353,900,13.34,873.45,.466,209
102,2011,353,1000,13.33,2041.4,1,611.6
102,2011,353,1100,13.33,2772,1,739
102,2011,353,1200,13.33,2941.3,.95,609.9
102,2011,353,1300,13.33,2313.4,.45,293
102,2011,353,1400,13.32,1198.1,0,20.3
102,2011,353,1500,13.31,2478.6,.833,489
102,2011,353,1600,13.31,2271.3,.683,483.1
102,2011,353,1700,12.76,360.38,0,19.25
102,2011,353,1800,12.73,202.72,0,19.64
102,2011,353,1900,12.73,29.278,0,6.779
102,2011,353,2000,12.73,0,0,6.598
102,2011,353,2100,13.31,0,0,6.593
102,2011,353,2200,13.32,0,0,6.582
102,2011,353,2300,13.32,0,0,6.582
101,2011,353,2400,12.73,17823,5.564
102,2011,353,2400,13.32,0,0,6.516
102,2011,354,100,13.32,0,0,6.527
102,2011,354,200,13.32,0,0,6.527
102,2011,354,300,13.33,0,0,6.533
102,2011,354,400,13.33,0,0,6.511
102,2011,354,500,13.33,0,0,6.412
102,2011,354,600,13.33,0,0,6.385
102,2011,354,700,13.34,7.4969,0,6.363
102,2011,354,800,13.34,370.53,.716,218.8
102,2011,354,900,13.35,1239.9,.833,405.4
102,2011,354,1000,13.35,2098.9,1,674.4
102,2011,354,1100,12.73,2772.1,1,759
102,2011,354,1200,12.72,3114.4,.933,715
102,2011,354,1300,12.72,2423.7,.583,432.5
102,2011,354,1400,13.34,2950.4,.85,612
102,2011,354,1500,12.83,3100.3,1,785
102,2011,354,1600,13.33,2549.1,1,789
102,2011,354,1700,13.32,1814.5,1,727
102,2011,354,1800,13.31,918.54,1,565.8
102,2011,354,1900,13.31,119.12,.466,145.2
102,2011,354,2000,13.31,0,0,6.603
102,2011,354,2100,13.31,0,0,6.603
102,2011,354,2200,13.31,0,0,6.603
102,2011,354,2300,13.31,0,0,6.603
101,2011,354,2400,12.72,23479,10.38
102,2011,354,2400,13.31,0,0,6.603
102,2011,355,100,13.31,0,0,6.603
102,2011,355,200,13.31,0,0,6.603
102,2011,355,300,13.31,0,0,6.565
102,2011,355,400,13.32,0,0,6.554
102,2011,355,500,13.32,0,0,6.483
102,2011,355,600,13.32,0,0,6.444
102,2011,355,700,13.33,6.0946,0,6.357
102,2011,355,800,13.33,361.99,.683,191.4
102,2011,355,900,13.34,1173,.85,364.3
102,2011,355,1000,12.74,1983.8,1,612.5
102,2011,355,1100,12.72,2688.4,1,706
102,2011,355,1200,12.72,3155.9,1,723
102,2011,355,1300,12.72,3321,1,671.9
102,2011,355,1400,12.72,3185,1,604.9
102,2011,355,1500,12.72,2636.1,.833,480.6
102,2011,355,1600,12.72,2253.3,1,596.4
102,2011,355,1700,12.79,1664.5,.933,567.3
102,2011,355,1800,12.74,555.37,.733,206.8
102,2011,355,1900,12.74,121.56,.15,66.68
102,2011,355,2000,13.3,0,0,6.603
102,2011,355,2100,13.3,0,0,6.603
102,2011,355,2200,13.3,0,0,6.592
102,2011,355,2300,13.3,0,0,6.586
101,2011,355,2400,12.72,23106,10.18
102,2011,355,2400,13.3,0,0,6.586
102,2011,356,100,13.3,0,0,6.559
102,2011,356,200,13.31,0,0,6.575
102,2011,356,300,13.31,0,0,6.51
102,2011,356,400,13.31,0,0,6.411
102,2011,356,500,13.32,0,0,6.439
102,2011,356,600,13.32,0,0,6.444
102,2011,356,700,13.33,5.4705,0,6.34
102,2011,356,800,13.33,349.54,.666,189.6
102,2011,356,900,13.34,1199.8,.833,390.3
102,2011,356,1000,13.34,2040,1,653.3
102,2011,356,1100,13.33,2645.2,1,694
102,2011,356,1200,13.33,3044.9,.966,683.4
102,2011,356,1300,13.33,3410,.983,710
102,2011,356,1400,13.31,3088.8,.833,589.2
102,2011,356,1500,13.08,3101.8,1,763
102,2011,356,1600,13.3,2632.3,1,794
102,2011,356,1700,13.3,1774,1,703
102,2011,356,1800,13.3,850.78,1,500.3
102,2011,356,1900,13.29,94.731,.25,84.8
102,2011,356,2000,13.29,0,0,6.603
102,2011,356,2100,13.03,0,0,6.603
102,2011,356,2200,12.74,0,0,6.603
102,2011,356,2300,12.73,0,0,6.603
101,2011,356,2400,12.73,24237,10.53
102,2011,356,2400,12.73,0,0,6.603
102,2011,357,100,12.73,0,0,6.603
102,2011,357,200,12.73,0,0,6.592
102,2011,357,300,13.31,0,0,6.582
102,2011,357,400,13.31,0,0,6.483
102,2011,357,500,13.31,0,0,6.433
102,2011,357,600,13.32,0,0,6.318
102,2011,357,700,13.33,5.4778,0,6.296
102,2011,357,800,13.33,327.43,.533,133.8
102,2011,357,900,13.34,1244.6,.75,353.5
102,2011,357,1000,13.33,2097.8,1,610.1
102,2011,357,1100,13.33,2710.6,1,707
102,2011,357,1200,13.33,3359.6,1,748
102,2011,357,1300,13.32,2978.1,1,501.1
102,2011,357,1400,13.31,3380.5,1,720
102,2011,357,1500,13.31,2867.8,1,687.2
102,2011,357,1600,13.3,2412.2,1,632
102,2011,357,1700,13.3,1375.7,.733,388.1
102,2011,357,1800,13.29,698.15,.8,359.8
102,2011,357,1900,13.29,70.667,.05,39.74
102,2011,357,2000,13.29,0,0,6.603
102,2011,357,2100,13.29,0,0,6.603
102,2011,357,2200,13.29,0,0,6.597
102,2011,357,2300,13.3,0,0,6.592
101,2011,357,2400,12.73,23529,9.86
102,2011,357,2400,13.29,0,0,6.597
102,2011,358,100,13.3,0,0,6.548
102,2011,358,200,13.3,0,0,6.487
102,2011,358,300,13.3,0,0,6.531
102,2011,358,400,13.3,0,0,6.553
102,2011,358,500,13.31,0,0,6.548
102,2011,358,600,13.31,0,0,6.57
102,2011,358,700,13.31,7.042,0,6.642
102,2011,358,800,13.32,370.89,.65,170.3
102,2011,358,900,13.33,1176.6,.833,365.3
102,2011,358,1000,13.32,2018.4,1,639.7
102,2011,358,1100,13.31,2727.8,1,725
102,2011,358,1200,13.31,2947.8,.95,625.1
102,2011,358,1300,13.31,3107.2,.783,513.7
102,2011,358,1400,13.31,2552.8,.633,420.6
102,2011,358,1500,13.3,2906.2,.85,646.5
102,2011,358,1600,13.3,2540.6,.966,645
102,2011,358,1700,13.3,1513.2,.616,442.4
102,2011,358,1800,13.3,256.82,0,17.75
102,2011,358,1900,13.3,38.782,0,6.746
102,2011,358,2000,13.3,.22028,0,6.603
102,2011,358,2100,13.3,0,0,6.592
102,2011,358,2200,13.3,0,0,6.542
102,2011,358,2300,13.31,0,0,6.532
101,2011,358,2400,13.3,22165,8.28
102,2011,358,2400,13.31,0,0,6.548
102,2011,359,100,13.31,0,0,6.554
102,2011,359,200,13.31,0,0,6.548
102,2011,359,300,13.31,0,0,6.581
102,2011,359,400,13.31,0,0,6.51
102,2011,359,500,13.32,0,0,6.411
102,2011,359,600,13.32,0,0,6.34
102,2011,359,700,13.33,8.0552,0,6.494
102,2011,359,800,13.33,451.45,.616,157.8
102,2011,359,900,13.33,1182.2,.816,351.9
102,2011,359,1000,13.33,2007.7,1,640.2
102,2011,359,1100,13.33,2771.8,1,696.3
102,2011,359,1200,13.32,3139.1,1,718
102,2011,359,1300,13.31,3293.9,.883,650.1
102,2011,359,1400,13.31,3331,.916,646.1
102,2011,359,1500,13.31,3223.5,1,781
102,2011,359,1600,13.3,2633.1,1,815
102,2011,359,1700,13.3,1713.7,.733,553.6
102,2011,359,1800,13.3,991.54,.883,383
102,2011,359,1900,13.3,75.618,.3,84.9
102,2011,359,2000,13.3,0,0,6.603
102,2011,359,2100,13.3,0,0,6.603
102,2011,359,2200,13.3,0,0,6.603
102,2011,359,2300,13.3,0,0,6.603
101,2011,359,2400,13.3,24823,10.15
102,2011,359,2400,13.31,0,0,6.603
102,2011,360,100,13.31,0,0,6.592
102,2011,360,200,13.31,0,0,6.603
102,2011,360,300,13.31,0,0,6.587
102,2011,360,400,13.31,0,0,6.576
102,2011,360,500,13.31,0,0,6.559
102,2011,360,600,13.31,0,0,6.543
102,2011,360,700,13.32,5.0887,0,6.488
102,2011,360,800,13.32,322.97,.566,159.5
102,2011,360,900,13.32,1167.9,.816,366.7
102,2011,360,1000,13.32,2002,1,649.1
102,2011,360,1100,13.32,2757.6,1,727
102,2011,360,1200,13.31,3221.5,1,746
102,2011,360,1300,13.31,3458.4,1,762
102,2011,360,1400,13.3,3375.3,1,700
102,2011,360,1500,13.29,3172.8,1,780
102,2011,360,1600,13.28,2656.3,.966,728
102,2011,360,1700,13.28,1371.7,.466,325.8
102,2011,360,1800,13.29,565.77,.417,209.8
102,2011,360,1900,13.29,123.45,.017,28.73
102,2011,360,2000,13.29,0,0,6.603
102,2011,360,2100,13.28,0,0,6.603
102,2011,360,2200,13.29,0,0,6.603
102,2011,360,2300,13.29,0,0,6.603
101,2011,360,2400,13.28,24201,9.25
102,2011,360,2400,13.29,0,0,6.603
102,2011,361,100,13.29,0,0,6.603
102,2011,361,200,13.29,0,0,6.603
102,2011,361,300,13.29,0,0,6.597
102,2011,361,400,13.29,0,0,6.603
102,2011,361,500,13.3,0,0,6.592
102,2011,361,600,13.3,0,0,6.553
102,2011,361,700,13.3,3.1869,0,6.471
102,2011,361,800,13.31,190.81,0,10.22
102,2011,361,900,13.31,885.25,.317,100.5
102,2011,361,1000,13.31,1730.6,.7,355.4
102,2011,361,1100,13.31,2687.4,1,713
102,2011,361,1200,13.3,3190.5,1,749
102,2011,361,1300,13.3,3459.7,1,733
102,2011,361,1400,13.3,3300.3,.966,654.4
102,2011,361,1500,13.29,2698.5,.733,467.6
102,2011,361,1600,13.3,592.26,.05,43.57
102,2011,361,1700,12.91,174.34,0,9.89
102,2011,361,1800,13.29,57.696,0,6.603
102,2011,361,1900,13.29,26.572,0,6.603
102,2011,361,2000,13.29,0,0,6.603
102,2011,361,2100,13.29,0,0,6.603
102,2011,361,2200,13.29,0,0,6.597
102,2011,361,2300,13.29,0,0,6.592
101,2011,361,2400,12.91,18997,5.764
102,2011,361,2400,13.29,0,0,6.581
102,2011,362,100,13.3,0,0,6.553
102,2011,362,200,13.3,0,0,6.553
102,2011,362,300,13.3,0,0,6.504
102,2011,362,400,13.31,0,0,6.455
102,2011,362,500,13.31,0,0,6.466
102,2011,362,600,13.31,0,0,6.449
102,2011,362,700,13.31,3.7597,0,6.433
102,2011,362,800,13.32,301.17,.516,143.9
102,2011,362,900,13.32,1135.9,.783,343.9
102,2011,362,1000,13.31,1972,1,643.7
102,2011,362,1100,13.31,2670.9,1,727
102,2011,362,1200,13.31,3197.9,1,764
102,2011,362,1300,13.31,3425.8,1,717
102,2011,362,1400,13.3,3529.6,1,706
102,2011,362,1500,13.3,3014.2,.933,687.6
102,2011,362,1600,13.3,2546.6,.966,717
102,2011,362,1700,13.29,2122.3,.983,572.5
102,2011,362,1800,13.29,821.63,.833,426.5
102,2011,362,1900,13.29,149.96,.466,129.7
102,2011,362,2000,12.76,0,0,6.603
102,2011,362,2100,12.74,0,0,6.603
102,2011,362,2200,12.73,0,0,6.603
102,2011,362,2300,12.73,0,0,6.603
101,2011,362,2400,12.73,24892,10.48
102,2011,362,2400,13.27,0,0,6.586
102,2011,363,100,13.29,0,0,6.586
102,2011,363,200,13.29,0,0,6.603
102,2011,363,300,13.29,0,0,6.597
102,2011,363,400,13.29,0,0,6.592
102,2011,363,500,13.3,0,0,6.542
102,2011,363,600,13.3,0,0,6.487
102,2011,363,700,13.31,4.1268,0,6.433
102,2011,363,800,13.31,289.64,.583,157.2
102,2011,363,900,13.31,1138.7,.8,355.3
102,2011,363,1000,13.31,1973.6,1,646.5
102,2011,363,1100,13.31,2690.6,1,736
102,2011,363,1200,13.31,3188.5,1,759
102,2011,363,1300,13.3,3095.2,.866,619.8
102,2011,363,1400,13.3,3079.3,.883,612.7
102,2011,363,1500,13.29,3007.3,.95,665.1
102,2011,363,1600,13.28,2607.2,1,767
102,2011,363,1700,13.28,1831.2,1,715
102,2011,363,1800,13.28,926.45,1,526.2
102,2011,363,1900,13.28,171.17,.55,156.8
102,2011,363,2000,13.28,0,0,6.603
102,2011,363,2100,13.28,0,0,6.603
102,2011,363,2200,13.28,0,0,6.603
102,2011,363,2300,13.28,0,0,6.597
101,2011,363,2400,13.28,24003,10.63
102,2011,363,2400,13.28,0,0,6.597
102,2011,364,100,13.28,0,0,6.592
102,2011,364,200,13.29,0,0,6.603
102,2011,364,300,13.29,0,0,6.597
102,2011,364,400,13.29,0,0,6.603
102,2011,364,500,13.29,0,0,6.515
102,2011,364,600,13.3,0,0,6.493
102,2011,364,700,13.3,3.1722,0,6.581
102,2011,364,800,13.31,242.24,.267,71.1
102,2011,364,900,13.31,1020.8,.7,251
102,2011,364,1000,13.32,1814.4,1,519.3
102,2011,364,1100,13.32,2530.9,1,654.9
102,2011,364,1200,13.31,3047.9,1,690.7
102,2011,364,1300,13.31,3058.5,.933,607
102,2011,364,1400,13.3,3221.2,.983,622.9
102,2011,364,1500,13.29,2827.2,1,613.3
102,2011,364,1600,13.29,1872.5,1,411.8
102,2011,364,1700,13.28,1326.1,1,242.9
102,2011,364,1800,13.28,559.02,.433,113
102,2011,364,1900,13.29,100.63,0,10.71
102,2011,364,2000,13.29,0,0,6.603
102,2011,364,2100,13.29,0,0,6.603
102,2011,364,2200,13.29,0,0,6.603
102,2011,364,2300,13.29,0,0,6.603
101,2011,364,2400,13.28,21625,9.31
102,2011,364,2400,13.29,0,0,6.603
102,2011,365,100,13.29,0,0,6.586
102,2011,365,200,13.29,0,0,6.57
102,2011,365,300,13.29,0,0,6.52
102,2011,365,400,13.3,0,0,6.581
102,2011,365,500,13.3,0,0,6.542
102,2011,365,600,13.3,0,0,6.575
102,2011,365,700,13.31,1.4686,0,6.537
102,2011,365,800,13.31,124.93,0,11.26
102,2011,365,900,13.31,709.75,.283,153
102,2011,365,1000,13.31,1577.5,.9,439.8
102,2011,365,1100,13.31,2204.3,.766,390.3
102,2011,365,1200,13.31,2654,1,459.2
102,2011,365,1300,13.31,2737.3,.883,422
102,2011,365,1400,13.3,2926.9,.816,346
102,2011,365,1500,13.29,1810,.616,233.8
102,2011,365,1600,13.29,1964.4,.933,514.4
102,2011,365,1700,13.29,1537.6,.9,467.8
102,2011,365,1800,13.28,1002.8,.9,362.9
102,2011,365,1900,13.28,228.75,.4,105.5
102,2011,365,2000,13.29,0,0,6.603
102,2011,365,2100,13.29,0,0,6.603
102,2011,365,2200,13.29,0,0,6.603
102,2011,365,2300,13.29,0,0,6.586
101,2011,365,2400,13.28,19480,8.4
102,2011,365,2400,13.29,0,0,6.586
102,2012,1,100,13.3,0,0,6.454
102,2012,1,200,13.3,0,0,6.471
102,2012,1,300,13.31,0,0,6.383
102,2012,1,400,13.31,0,0,6.427
102,2012,1,500,13.31,0,0,6.389
102,2012,1,600,13.31,0,0,6.345
102,2012,1,700,13.32,3.319,0,6.334
102,2012,1,800,13.33,400.69,.583,162
102,2012,1,900,13.33,1216.1,.666,296.6
102,2012,1,1000,13.33,1728.4,1,524.8
102,2012,1,1100,13.33,2689.4,1,667.2
102,2012,1,1200,13.32,3136.2,1,729
102,2012,1,1300,13.31,3127,.9,604.8
102,2012,1,1400,13.31,3314.5,.966,603.2
102,2012,1,1500,13.3,2530.9,.75,463.4
102,2012,1,1600,13.3,2574,1,750
102,2012,1,1700,13.3,1821.8,1,660.9
102,2012,1,1800,13.29,997.98,.983,542
102,2012,1,1900,13.3,217.38,.566,175.5
102,2012,1,2000,13.3,0,0,6.603
102,2012,1,2100,13.29,0,0,6.603
102,2012,1,2200,13.3,0,0,6.603
102,2012,1,2300,13.29,0,0,6.597
101,2012,1,2400,13.29,23758,10.41
102,2012,1,2400,13.3,0,0,6.537
102,2012,2,100,13.3,0,0,6.449
102,2012,2,200,13.3,0,0,6.35
102,2012,2,300,13.31,0,0,6.295
102,2012,2,400,13.31,0,0,6.24
102,2012,2,500,13.31,0,0,6.252
102,2012,2,600,13.32,0,0,6.197
102,2012,2,700,13.33,2.6434,0,6.203
102,2012,2,800,13.33,312.14,.583,209.5
102,2012,2,900,13.33,1244.2,.733,357.1
102,2012,2,1000,13.33,2132.7,1,723
102,2012,2,1100,13.33,2822.2,1,776
102,2012,2,1200,13.33,3312.7,1,809
102,2012,2,1300,13.33,3540.8,1,795
102,2012,2,1400,13.32,3501.1,1,768
102,2012,2,1500,13.31,3170.6,1,793
102,2012,2,1600,13.31,2637.8,1,811
102,2012,2,1700,13.3,1843.3,.983,715
102,2012,2,1800,13.3,922.91,1,506.4
102,2012,2,1900,13.3,173.19,.483,135.9
102,2012,2,2000,13.3,0,0,6.603
102,2012,2,2100,13.3,0,0,6.603
102,2012,2,2200,13.3,0,0,6.603
102,2012,2,2300,13.3,0,0,6.597
101,2012,2,2400,13.3,25616,10.78
102,2012,2,2400,13.3,0,0,6.515
102,2012,3,100,13.31,0,0,6.416
102,2012,3,200,13.31,0,0,6.344
102,2012,3,300,13.31,0,0,6.35
102,2012,3,400,13.31,0,0,6.29
102,2012,3,500,13.32,0,0,6.142
102,2012,3,600,13.33,0,0,6.12
102,2012,3,700,13.33,2.0853,0,6.082
102,2012,3,800,13.34,298.75,.566,151.1
102,2012,3,900,13.34,1157.4,.75,309.8
102,2012,3,1000,13.36,2037.7,1,665.4
102,2012,3,1100,13.35,2854.8,1,733
102,2012,3,1200,13.34,3273.6,1,731
102,2012,3,1300,13.32,3637.3,1,759
102,2012,3,1400,13.31,3528.2,1,734
102,2012,3,1500,13.29,3226.2,1,762
102,2012,3,1600,13.29,2435.7,1,667.8
102,2012,3,1700,13.28,1689.5,1,528.5
102,2012,3,1800,13.28,1091.7,1,440.9
102,2012,3,1900,13.28,253.5,.566,149.1
102,2012,3,2000,12.77,0,0,6.603
102,2012,3,2100,12.73,0,0,6.603
102,2012,3,2200,12.72,0,0,6.592
102,2012,3,2300,13.31,0,0,6.526
101,2012,3,2400,12.72,25486,10.88
102,2012,3,2400,13.31,0,0,6.438
102,2012,4,100,13.32,0,0,6.384
102,2012,4,200,12.74,0,0,6.472
102,2012,4,300,12.72,0,0,6.478
102,2012,4,400,12.71,0,0,6.412
102,2012,4,500,12.71,0,0,6.214
102,2012,4,600,12.71,0,0,6.143
102,2012,4,700,12.71,7.4532,0,6.137
102,2012,4,800,12.74,400.9,.533,133.8
102,2012,4,900,13.36,839.41,.45,150.9
102,2012,4,1000,13.36,1491,1,387.6
102,2012,4,1100,13.35,2552.7,1,608.8
102,2012,4,1200,13.34,3121.4,1,645.7
102,2012,4,1300,13.33,2831.8,1,458
102,2012,4,1400,13.33,3059.6,1,483.2
102,2012,4,1500,13.31,3315.4,1,704
102,2012,4,1600,13.3,2532.1,.916,666.3
102,2012,4,1700,13.29,1895.7,1,675.3
102,2012,4,1800,13.29,936.44,1,484.9
102,2012,4,1900,13.29,140.57,.2,83.8
102,2012,4,2000,13.29,0,0,6.603
102,2012,4,2100,13.29,0,0,6.603
102,2012,4,2200,13.29,0,0,6.586
102,2012,4,2300,13.29,0,0,6.592
101,2012,4,2400,12.71,23124,10.1
102,2012,4,2400,13.3,0,0,6.553
102,2012,5,100,13.31,0,0,6.465
102,2012,5,200,13.31,0,0,6.421
102,2012,5,300,13.31,0,0,6.361
102,2012,5,400,13.31,0,0,6.323
102,2012,5,500,13.32,0,0,6.301
102,2012,5,600,13.32,0,0,6.252
102,2012,5,700,13.33,1.4392,0,6.257
102,2012,5,800,13.33,215.6,.183,63.31
102,2012,5,900,13.34,885.32,.6,196.2
102,2012,5,1000,13.34,1635.7,1,470.2
102,2012,5,1100,13.33,2423.5,1,579.8
102,2012,5,1200,13.33,3005.8,1,630.7
102,2012,5,1300,12.74,3266.9,1,603.8
102,2012,5,1400,12.72,3199,1,582.5
102,2012,5,1500,12.72,2902.1,1,675.9
102,2012,5,1600,12.72,1970,.7,464.2
102,2012,5,1700,12.72,1293.9,.833,420.8
102,2012,5,1800,12.72,886.61,1,452.4
102,2012,5,1900,12.72,159.83,.367,96.7
102,2012,5,2000,13.29,0,0,6.603
102,2012,5,2100,13.3,0,0,6.603
102,2012,5,2200,13.29,0,0,6.597
102,2012,5,2300,13.29,0,0,6.603
101,2012,5,2400,12.72,21846,9.68
102,2012,5,2400,13.29,0,0,6.548
102,2012,6,100,13.3,0,0,6.449
102,2012,6,200,13.3,0,0,6.443
102,2012,6,300,13.31,0,0,6.388
102,2012,6,400,13.31,0,0,6.355
102,2012,6,500,13.31,0,0,6.328
102,2012,6,600,13.32,0,0,6.257
102,2012,6,700,13.32,1.5714,0,6.224
102,2012,6,800,13.33,228.69,.017,51.44
102,2012,6,900,13.34,854.85,.4,164
102,2012,6,1000,13.34,1793.5,1,526.5
102,2012,6,1100,13.33,2370.5,1,581
102,2012,6,1200,13.33,3003.2,1,652.1
102,2012,6,1300,13.32,3300.1,1,681.4
102,2012,6,1400,13.31,3263.3,1,672.7
102,2012,6,1500,13.31,2785.4,1,614.6
102,2012,6,1600,13.29,2262.4,1,606.6
102,2012,6,1700,13.28,1320.4,.633,295.6
102,2012,6,1800,12.78,668.58,.933,227.1
102,2012,6,1900,12.85,151.57,.183,56.36
102,2012,6,2000,12.74,0,0,6.603
102,2012,6,2100,12.73,0,0,6.603
102,2012,6,2200,12.73,0,0,6.603
102,2012,6,2300,12.72,0,0,6.603
101,2012,6,2400,12.72,22004,9.16
102,2012,6,2400,12.72,0,0,6.604
102,2012,7,100,12.72,0,0,6.505
102,2012,7,200,13.33,0,0,6.44
102,2012,7,300,13.34,0,0,6.407
102,2012,7,400,13.34,0,0,6.368
102,2012,7,500,13.35,0,0,6.341
102,2012,7,600,13.35,0,0,6.308
102,2012,7,700,13.36,1.9311,0,6.225
102,2012,7,800,13.37,223.87,.417,92.6
102,2012,7,900,13.37,997.93,.633,229.1
102,2012,7,1000,13.36,1773.4,1,606.6
102,2012,7,1100,13.34,2464.7,1,667.5
102,2012,7,1200,13.33,3046,1,735
102,2012,7,1300,13.32,3156.1,1,686.9
102,2012,7,1400,13.31,3136,1,679.3
102,2012,7,1500,13.29,2875.3,1,698.3
102,2012,7,1600,13.28,2360.2,1,703
102,2012,7,1700,13.28,1703.3,1,652.2
102,2012,7,1800,13.27,946.98,1,499.9
102,2012,7,1900,13.27,204.81,.55,154.1
102,2012,7,2000,13.28,0,0,6.603
102,2012,7,2100,13.28,0,0,6.559
102,2012,7,2200,13.28,0,0,6.482
102,2012,7,2300,13.28,0,0,6.454
101,2012,7,2400,12.72,22891,10.6
102,2012,7,2400,13.29,0,0,6.46
102,2012,8,100,13.29,0,0,6.443
102,2012,8,200,13.29,0,0,6.399
102,2012,8,300,13.29,0,0,6.394
102,2012,8,400,13.3,0,0,6.399
102,2012,8,500,13.3,0,0,6.344
102,2012,8,600,13.31,0,0,6.344
102,2012,8,700,13.31,1.3071,0,6.317
102,2012,8,800,13.31,239.03,.466,112.1
102,2012,8,900,13.32,987.94,.55,219
102,2012,8,1000,12.75,1848.3,1,648
102,2012,8,1100,12.72,2592.7,1,744
102,2012,8,1200,12.72,3087.1,1,778
102,2012,8,1300,12.72,3269.8,1,766
102,2012,8,1400,12.72,3272.9,.95,622.2
102,2012,8,1500,12.72,2049,.633,336.6
102,2012,8,1600,13.3,1688.9,.9,376
102,2012,8,1700,13.29,1670.6,1,588.1
102,2012,8,1800,13.29,898.58,1,454.1
102,2012,8,1900,13.28,214.83,.5,135.3
102,2012,8,2000,13.28,0,0,6.603
102,2012,8,2100,13.28,0,0,6.603
102,2012,8,2200,13.28,0,0,6.597
102,2012,8,2300,13.28,0,0,6.581
101,2012,8,2400,12.72,21821,10
102,2012,8,2400,13.28,0,0,6.57
102,2012,9,100,13.29,0,0,6.537
102,2012,9,200,13.29,0,0,6.482
102,2012,9,300,13.29,0,0,6.432
102,2012,9,400,13.3,0,0,6.454
102,2012,9,500,13.3,0,0,6.388
102,2012,9,600,13.3,0,0,6.394
102,2012,9,700,13.31,1.4539,0,6.333
102,2012,9,800,13.31,249.82,.45,122.2
102,2012,9,900,13.33,1005.6,.533,214.4
102,2012,9,1000,13.32,1930.1,1,699.2
102,2012,9,1100,13.32,2627.7,1,770
102,2012,9,1200,13.31,3097.1,1,788
102,2012,9,1300,13.31,3319.8,1,793
102,2012,9,1400,13.3,3036.3,.95,668.4
102,2012,9,1500,13.3,2285.9,.733,507.2
102,2012,9,1600,13.29,2455.9,.95,738
102,2012,9,1700,13.28,1772.7,1,655.4
102,2012,9,1800,13.28,840.34,.9,420.6
102,2012,9,1900,13.28,189.18,.483,143.4
102,2012,9,2000,13.28,0,0,6.603
102,2012,9,2100,13.28,0,0,6.603
102,2012,9,2200,13.28,0,0,6.592
102,2012,9,2300,13.28,0,0,6.592
101,2012,9,2400,13.28,22812,10
102,2012,9,2400,13.28,0,0,6.581
102,2012,10,100,13.28,0,0,6.575
102,2012,10,200,13.29,0,0,6.509
102,2012,10,300,13.29,0,0,6.438
102,2012,10,400,13.29,0,0,6.377
102,2012,10,500,13.3,0,0,6.372
102,2012,10,600,13.31,0,0,6.328
102,2012,10,700,13.31,.99131,0,6.317
102,2012,10,800,13.31,292.48,.5,182.8
102,2012,10,900,13.32,1178.8,.55,236.1
102,2012,10,1000,13.32,1984.4,1,725
102,2012,10,1100,13.31,2704.8,1,786
102,2012,10,1200,13.31,3155.5,1,793
102,2012,10,1300,13.3,3282.9,1,764
102,2012,10,1400,13.3,3337.3,1,738
102,2012,10,1500,13.29,2896.2,1,680.9
102,2012,10,1600,13.28,2474.5,1,659.2
102,2012,10,1700,13.28,1746.4,1,641.9
102,2012,10,1800,13.28,890.44,1,415.1
102,2012,10,1900,12.75,180.49,.433,115.5
102,2012,10,2000,12.73,0,0,6.603
102,2012,10,2100,12.73,0,0,6.603
102,2012,10,2200,12.73,0,0,6.603
102,2012,10,2300,12.73,0,0,6.603
101,2012,10,2400,12.73,24125,10.48
102,2012,10,2400,12.73,0,0,6.603
102,2012,11,100,12.73,0,0,6.603
102,2012,11,200,13.24,0,0,6.537
102,2012,11,300,13.29,0,0,6.493
102,2012,11,400,13.29,0,0,6.449
102,2012,11,500,13.3,0,0,6.355
102,2012,11,600,13.3,0,0,6.35
102,2012,11,700,13.31,.68291,0,6.328
102,2012,11,800,13.31,217.23,.45,112.8
102,2012,11,900,12.74,1025.7,.417,198.5
102,2012,11,1000,12.73,1915.8,1,675.2
102,2012,11,1100,12.72,2794.5,1,731
102,2012,11,1200,12.72,3420.8,1,790
102,2012,11,1300,12.72,3201.1,.95,542.3
102,2012,11,1400,12.72,2251.1,.816,206.8
102,2012,11,1500,12.72,2156,1,200
102,2012,11,1600,13.3,2091,.95,258.3
102,2012,11,1700,13.3,1406.2,.533,148
102,2012,11,1800,13.29,691.04,.1,70.9
102,2012,11,1900,13.29,175.82,.05,36.81
102,2012,11,2000,13.28,1.2262,0,6.603
102,2012,11,2100,13.28,0,0,6.603
102,2012,11,2200,13.28,0,0,6.597
102,2012,11,2300,13.28,0,0,6.603
101,2012,11,2400,12.72,21348,8.26
102,2012,11,2400,13.29,0,0,6.597
102,2012,12,100,13.29,0,0,6.586
102,2012,12,200,13.29,0,0,6.537
102,2012,12,300,13.3,0,0,6.548
102,2012,12,400,13.3,0,0,6.432
102,2012,12,500,13.31,0,0,6.421
102,2012,12,600,13.31,0,0,6.317
102,2012,12,700,13.32,.93989,0,6.285
102,2012,12,800,13.33,268.78,.483,182.9
102,2012,12,900,13.33,1126.1,.45,225.7
102,2012,12,1000,13.33,2026.7,1,785
102,2012,12,1100,13.32,2775.8,1,832
102,2012,12,1200,13.31,3292.8,1,842
102,2012,12,1300,13.31,3534.4,1,847
102,2012,12,1400,13.31,3551.2,1,759
102,2012,12,1500,13.3,3229.7,.983,757
102,2012,12,1600,13.3,2771,1,792
102,2012,12,1700,13.29,1992.7,1,737
102,2012,12,1800,13.28,826.36,.45,254.7
102,2012,12,1900,13.28,71.221,0,19.06
102,2012,12,2000,12.74,0,0,6.603
102,2012,12,2100,12.73,0,0,6.603
102,2012,12,2200,12.73,0,0,6.603
102,2012,12,2300,12.73,0,0,6.603
101,2012,12,2400,12.73,25468,9.36
102,2012,12,2400,12.73,0,0,6.603
102,2012,13,100,12.73,0,0,6.603
102,2012,13,200,12.73,0,0,6.603
102,2012,13,300,12.72,0,0,6.603
102,2012,13,400,13.24,0,0,6.498
102,2012,13,500,13.3,0,0,6.471
102,2012,13,600,13.31,0,0,6.553
102,2012,13,700,13.31,.82242,0,6.433
102,2012,13,800,13.31,248.9,.466,153.9
102,2012,13,900,13.33,1065.6,.483,211.1
102,2012,13,1000,13.33,1967.4,1,752
102,2012,13,1100,13.33,2720.9,1,807
102,2012,13,1200,13.32,3230.4,1,821
102,2012,13,1300,13.31,3493.2,1,831
102,2012,13,1400,13.3,3658,1,761
102,2012,13,1500,13.3,2804.7,.75,517.3
102,2012,13,1600,13.29,2715.4,1,776
102,2012,13,1700,13.28,1973,1,732
102,2012,13,1800,13.28,878.93,.933,437.8
102,2012,13,1900,13.28,178.78,.433,145.1
102,2012,13,2000,13.28,.01468,0,6.603
102,2012,13,2100,13.28,0,0,6.603
102,2012,13,2200,13.28,0,0,6.597
102,2012,13,2300,13.28,0,0,6.603
101,2012,13,2400,12.72,24936,10.06
102,2012,13,2400,13.29,0,0,6.603
102,2012,14,100,13.29,0,0,6.575
102,2012,14,200,13.3,0,0,6.575
102,2012,14,300,13.3,0,0,6.449
102,2012,14,400,13.31,0,0,6.333
102,2012,14,500,13.31,0,0,6.4
102,2012,14,600,13.32,0,0,6.284
102,2012,14,700,13.33,.96191,0,6.252
102,2012,14,800,13.33,250.72,.45,143.5
102,2012,14,900,13.33,1058.3,.5,207.2
102,2012,14,1000,13.33,1968.5,1,756
102,2012,14,1100,12.73,2735.9,1,817
102,2012,14,1200,12.73,3294.8,1,843
102,2012,14,1300,12.72,3576.3,1,861
102,2012,14,1400,12.72,3573.5,1,789
102,2012,14,1500,13.31,3315.5,1,792
102,2012,14,1600,13.31,2781,1,811
102,2012,14,1700,12.76,2024.2,1,778
102,2012,14,1800,12.74,1122.4,1,641.8
102,2012,14,1900,13.3,268.43,.6,245.6
102,2012,14,2000,13.3,.05874,0,6.603
102,2012,14,2100,13.3,0,0,6.603
102,2012,14,2200,12.75,0,0,6.603
102,2012,14,2300,12.73,0,0,6.603
101,2012,14,2400,12.72,25971,10.55
102,2012,14,2400,12.73,0,0,6.603
102,2012,15,100,12.73,0,0,6.603
102,2012,15,200,12.72,0,0,6.603
102,2012,15,300,12.72,0,0,6.598
102,2012,15,400,12.72,0,0,6.527
102,2012,15,500,13.3,0,0,6.411
102,2012,15,600,13.33,0,0,6.395
102,2012,15,700,13.33,1.2263,0,6.318
102,2012,15,800,13.33,197.76,.317,72.6
102,2012,15,900,13.33,861.27,.333,163.3
102,2012,15,1000,13.33,1750.6,1,613
102,2012,15,1100,13.33,2520.2,1,687.3
102,2012,15,1200,13.32,2917.7,.966,663.4
102,2012,15,1300,13.31,2765.5,.833,525.6
102,2012,15,1400,13.31,2681.8,.75,440.6
102,2012,15,1500,13.3,2603.3,.8,488.4
102,2012,15,1600,13.3,2568,1,641.9
102,2012,15,1700,13.3,1781.9,1,583.1
102,2012,15,1800,13.3,907.62,1,413.5
102,2012,15,1900,13.3,202.57,.4,101.2
102,2012,15,2000,13.3,.03671,0,6.603
102,2012,15,2100,13.29,0,0,6.603
102,2012,15,2200,13.3,0,0,6.603
102,2012,15,2300,13.29,0,0,6.603
101,2012,15,2400,12.72,21759,9.4
102,2012,15,2400,13.29,0,0,6.597
102,2012,16,100,13.3,0,0,6.57
102,2012,16,200,13.3,0,0,6.537
102,2012,16,300,13.31,0,0,6.564
102,2012,16,400,13.31,0,0,6.487
102,2012,16,500,13.32,0,0,6.444
102,2012,16,600,13.32,0,0,6.367
102,2012,16,700,13.33,.38917,0,6.279
102,2012,16,800,13.33,127.63,0,33.04
102,2012,16,900,13.33,750.61,.317,138.8
102,2012,16,1000,13.33,1308.2,1,379
102,2012,16,1100,13.33,1998.4,1,509.6
102,2012,16,1200,13.33,2774.3,1,624.1
102,2012,16,1300,13.32,3315.4,1,721
102,2012,16,1400,13.31,3309.7,1,655.4
102,2012,16,1500,13.31,2603.5,.866,543.1
102,2012,16,1600,13.3,2663.6,1,693.6
102,2012,16,1700,13.3,1884.8,1,666.2
102,2012,16,1800,13.3,1036.6,1,533.9
102,2012,16,1900,12.77,215.09,.367,126
102,2012,16,2000,12.74,.11013,0,6.603
102,2012,16,2100,12.73,0,0,6.603
102,2012,16,2200,12.73,0,0,6.603
102,2012,16,2300,12.73,0,0,6.603
101,2012,16,2400,12.73,21988,9.55
102,2012,16,2400,13.28,0,0,6.603
102,2012,17,100,13.3,0,0,6.603
102,2012,17,200,13.3,0,0,6.581
102,2012,17,300,13.31,0,0,6.416
102,2012,17,400,13.31,0,0,6.41
102,2012,17,500,13.31,0,0,6.388
102,2012,17,600,13.32,0,0,6.334
102,2012,17,700,13.32,.37449,0,6.301
102,2012,17,800,13.33,194.24,.1,56.07
102,2012,17,900,13.33,848.14,.267,150.7
102,2012,17,1000,13.33,1725.4,1,597.4
102,2012,17,1100,13.32,2527.2,1,708
102,2012,17,1200,13.32,3026.3,1,721
102,2012,17,1300,13.31,3268.8,1,694.6
102,2012,17,1400,13.31,3310.1,1,613.1
102,2012,17,1500,13.3,3021.2,.983,600.8
102,2012,17,1600,13.3,1928.7,.766,425.8
102,2012,17,1700,13.3,1556.7,1,442.5
102,2012,17,1800,13.29,642.43,.633,147.1
102,2012,17,1900,13.29,230.3,.033,57.25
102,2012,17,2000,13.28,.13216,0,6.603
102,2012,17,2100,13.28,0,0,6.603
102,2012,17,2200,13.29,0,0,6.603
102,2012,17,2300,13.29,0,0,6.603
101,2012,17,2400,13.28,22280,8.78
102,2012,17,2400,13.29,0,0,6.581
102,2012,18,100,13.29,0,0,6.603
102,2012,18,200,13.29,0,0,6.57
102,2012,18,300,13.3,0,0,6.526
102,2012,18,400,13.3,0,0,6.515
102,2012,18,500,13.31,0,0,6.443
102,2012,18,600,13.31,0,0,6.35
102,2012,18,700,13.32,.06609,0,6.339
102,2012,18,800,13.33,142.74,.083,35.73
102,2012,18,900,13.33,943.76,.3,151.2
102,2012,18,1000,13.33,1767.3,1,615.2
102,2012,18,1100,13.32,2482.7,1,669.2
102,2012,18,1200,13.31,3001.3,1,700
102,2012,18,1300,13.29,3166.5,1,629.3
102,2012,18,1400,13.29,3243.3,1,561.9
102,2012,18,1500,13.27,3044.1,1,618.1
102,2012,18,1600,12.74,2609.4,1,689.1
102,2012,18,1700,12.74,1886.7,1,651.8
102,2012,18,1800,13.26,1022.1,1,489.1
102,2012,18,1900,12.75,250.37,.516,164.1
102,2012,18,2000,12.73,0,0,6.603
102,2012,18,2100,12.73,0,0,6.603
102,2012,18,2200,12.73,0,0,6.603
102,2012,18,2300,12.73,0,0,6.603
101,2012,18,2400,12.73,23560,9.9
102,2012,18,2400,12.73,0,0,6.603
102,2012,19,100,12.73,0,0,6.603
102,2012,19,200,12.73,0,0,6.603
102,2012,19,300,12.72,0,0,6.603
102,2012,19,400,12.72,0,0,6.603
102,2012,19,500,12.72,0,0,6.603
102,2012,19,600,12.72,0,0,6.46
102,2012,19,700,13.25,.05874,0,6.334
102,2012,19,800,13.3,278.22,.3,87.4
102,2012,19,900,13.32,1027.7,.2,118.3
102,2012,19,1000,13.32,1509.2,1,408.3
102,2012,19,1100,13.31,2121,1,467
102,2012,19,1200,13.31,2885.8,1,596.2
102,2012,19,1300,13.3,3245.6,1,684.2
102,2012,19,1400,13.3,3157.5,1,578.1
102,2012,19,1500,13.3,2806.2,1,548.6
102,2012,19,1600,13.29,2116,.95,440.8
102,2012,19,1700,13.28,1369.2,.95,274.9
102,2012,19,1800,13.28,763.23,.6,157.1
102,2012,19,1900,13.28,172.74,0,33.65
102,2012,19,2000,13.28,0,0,6.603
102,2012,19,2100,13.28,0,0,6.603
102,2012,19,2200,13.28,0,0,6.603
102,2012,19,2300,13.28,0,0,6.597
101,2012,19,2400,12.72,21452,9
102,2012,19,2400,13.28,0,0,6.603
102,2012,20,100,13.28,0,0,6.603
102,2012,20,200,13.28,0,0,6.559
102,2012,20,300,13.28,0,0,6.46
102,2012,20,400,13.29,0,0,6.41
102,2012,20,500,13.29,0,0,6.388
102,2012,20,600,13.29,0,0,6.46
102,2012,20,700,13.3,0,0,6.515
102,2012,20,800,13.3,109.74,0,6.559
102,2012,20,900,13.31,611.3,.033,38.6
102,2012,20,1000,12.73,1263.5,.9,231.3
102,2012,20,1100,12.73,1712.8,.983,239.8
102,2012,20,1200,12.73,2176.2,1,274.1
102,2012,20,1300,12.73,2478.3,1,294.1
102,2012,20,1400,12.73,2225.4,.466,123.5
102,2012,20,1500,12.73,1278.4,.333,97.6
102,2012,20,1600,12.75,1353.2,.35,117.9
102,2012,20,1700,12.74,1068.6,.2,90.4
102,2012,20,1800,12.74,595.63,0,41.75
102,2012,20,1900,12.73,145.59,0,8.35
102,2012,20,2000,12.73,0,0,6.603
102,2012,20,2100,12.73,0,0,6.603
102,2012,20,2200,13.29,0,0,6.581
102,2012,20,2300,13.29,0,0,6.586
101,2012,20,2400,12.73,15019,5.265
102,2012,20,2400,12.76,0,0,6.597
102,2012,21,100,12.73,0,0,6.603
102,2012,21,200,12.73,0,0,6.603
102,2012,21,300,12.73,0,0,6.504
102,2012,21,400,13.31,0,0,6.351
102,2012,21,500,13.32,0,0,6.274
102,2012,21,600,13.32,0,0,6.246
102,2012,21,700,13.33,.23497,0,6.241
102,2012,21,800,13.33,180.26,.167,58.19
102,2012,21,900,13.34,857.21,.283,128.8
102,2012,21,1000,13.34,1762.1,1,672.1
102,2012,21,1100,13.33,2525.6,1,787
102,2012,21,1200,13.33,3060,1,807
102,2012,21,1300,13.32,3328.3,1,773
102,2012,21,1400,13.31,3331.4,1,731
102,2012,21,1500,13.31,3049.1,1,740
102,2012,21,1600,13.3,2554.9,1,759
102,2012,21,1700,13.3,1748.8,1,649.4
102,2012,21,1800,12.77,965.42,1,497.4
102,2012,21,1900,12.76,225.61,.516,151.4
102,2012,21,2000,13.29,.08077,0,6.603
102,2012,21,2100,13.29,0,0,6.603
102,2012,21,2200,13.29,0,0,6.603
102,2012,21,2300,13.29,0,0,6.603
101,2012,21,2400,12.73,23589,9.96
102,2012,21,2400,13.29,0,0,6.597
102,2012,22,100,13.29,0,0,6.592
102,2012,22,200,13.29,0,0,6.592
102,2012,22,300,13.29,0,0,6.575
102,2012,22,400,13.3,0,0,6.553
102,2012,22,500,13.31,0,0,6.449
102,2012,22,600,13.31,0,0,6.333
102,2012,22,700,13.31,.08812,0,6.317
102,2012,22,800,13.31,170.63,.1,47.72
102,2012,22,900,13.33,821.56,.35,138.5
102,2012,22,1000,13.33,1699,1,643.8
102,2012,22,1100,13.33,2445,1,717
102,2012,22,1200,13.32,3022.5,1,769
102,2012,22,1300,13.31,3082.6,1,680.5
102,2012,22,1400,13.31,3294.9,1,706
102,2012,22,1500,13.3,2817.1,.983,650.6
102,2012,22,1600,13.3,2324.4,1,655.8
102,2012,22,1700,13.3,1651.6,1,587.1
102,2012,22,1800,13.29,841.75,1,397.4
102,2012,22,1900,13.29,217.13,.466,113.5
102,2012,22,2000,12.75,.1909,0,6.603
102,2012,22,2100,12.73,0,0,6.603
102,2012,22,2200,12.73,0,0,6.603
102,2012,22,2300,12.73,0,0,6.603
101,2012,22,2400,12.72,22389,9.9
102,2012,22,2400,12.72,0,0,6.603
102,2012,23,100,12.72,0,0,6.603
102,2012,23,200,12.72,0,0,6.586
102,2012,23,300,13.3,0,0,6.521
102,2012,23,400,13.31,0,0,6.471
102,2012,23,500,13.31,0,0,6.46
102,2012,23,600,13.32,0,0,6.279
102,2012,23,700,13.32,.13951,0,6.13
102,2012,23,800,13.33,216.12,.217,76.7
102,2012,23,900,12.98,1008.1,.466,175.4
102,2012,23,1000,12.75,1959.5,1,788
102,2012,23,1100,12.74,2706.9,1,849
102,2012,23,1200,12.72,3158,1,837
102,2012,23,1300,12.72,3401.6,1,807
102,2012,23,1400,12.72,3402.3,1,753
102,2012,23,1500,12.72,3080.6,1,732
102,2012,23,1600,12.72,2452.2,1,698
102,2012,23,1700,13.25,1761,1,631.2
102,2012,23,1800,13.3,929.69,1,440.1
102,2012,23,1900,13.3,228.75,.483,128.7
102,2012,23,2000,13.29,0,0,6.603
102,2012,23,2100,13.29,0,0,6.603
102,2012,23,2200,13.29,0,0,6.603
102,2012,23,2300,13.29,0,0,6.603
101,2012,23,2400,12.72,24305,10.16
102,2012,23,2400,13.29,0,0,6.603
102,2012,24,100,13.29,0,0,6.597
102,2012,24,200,13.29,0,0,6.603
102,2012,24,300,13.29,0,0,6.553
102,2012,24,400,13.3,0,0,6.509
102,2012,24,500,13.3,0,0,6.377
102,2012,24,600,13.31,0,0,6.328
102,2012,24,700,13.31,.1542,0,6.278
102,2012,24,800,13.32,209.2,.2,71
102,2012,24,900,13.32,946.08,.483,166.2
102,2012,24,1000,13.33,1909.8,1,756
102,2012,24,1100,13.32,2647,1,820
102,2012,24,1200,13.31,3148.3,1,826
102,2012,24,1300,13.31,3363.3,1,772
102,2012,24,1400,13.3,3332.1,.95,681.4
102,2012,24,1500,13.3,2350,.733,501.6
102,2012,24,1600,13.29,2147.8,.816,536.2
102,2012,24,1700,13.28,1861.7,.983,629.3
102,2012,24,1800,13.28,1056.8,1,471.2
102,2012,24,1900,13.28,193.28,.167,72.1
102,2012,24,2000,12.75,.5066,0,6.603
102,2012,24,2100,12.73,0,0,6.603
102,2012,24,2200,12.73,0,0,6.603
102,2012,24,2300,12.73,0,0,6.603
101,2012,24,2400,12.73,23166,9.33
102,2012,24,2400,12.73,0,0,6.603
102,2012,25,100,12.73,0,0,6.603
102,2012,25,200,12.72,0,0,6.603
102,2012,25,300,12.72,0,0,6.597
102,2012,25,400,12.72,0,0,6.603
102,2012,25,500,12.72,0,0,6.592
102,2012,25,600,12.71,0,0,6.394
102,2012,25,700,12.71,.08811,0,6.23
102,2012,25,800,13.27,228.82,.233,81.5
102,2012,25,900,13.32,984.1,.5,167.7
102,2012,25,1000,13.32,1965.6,1,764
102,2012,25,1100,13.31,2756.4,1,851
102,2012,25,1200,13.31,3237.9,1,857
102,2012,25,1300,13.3,3517.1,1,813
102,2012,25,1400,12.81,3489.5,1,762
102,2012,25,1500,13.29,3275.5,1,775
102,2012,25,1600,13.28,2475.2,.9,565.5
102,2012,25,1700,13.28,952.99,.45,172.3
102,2012,25,1800,13.27,1118.7,.866,436.6
102,2012,25,1900,13.27,311.99,.583,180.5
102,2012,25,2000,13.27,1.3361,0,6.702
102,2012,25,2100,13.27,0,0,6.603
102,2012,25,2200,13.27,0,0,6.603
102,2012,25,2300,13.27,0,0,6.603
101,2012,25,2400,12.71,24315,9.53
102,2012,25,2400,13.27,0,0,6.603
102,2012,26,100,13.28,0,0,6.592
102,2012,26,200,13.28,0,0,6.542
102,2012,26,300,13.28,0,0,6.399
102,2012,26,400,13.28,0,0,6.366
102,2012,26,500,13.29,0,0,6.322
102,2012,26,600,13.29,0,0,6.295
102,2012,26,700,13.3,.15421,0,6.273
102,2012,26,800,13.31,195.9,.183,62.08
102,2012,26,900,13.33,905.23,.5,154
102,2012,26,1000,12.75,1959.6,1,779
102,2012,26,1100,12.73,2679.7,1,840
102,2012,26,1200,12.72,3210.9,1,854
102,2012,26,1300,12.72,3510.2,1,837
102,2012,26,1400,12.72,3531.4,1,741
102,2012,26,1500,12.72,1954.4,.417,329.8
102,2012,26,1600,12.72,1955.9,.666,451.1
102,2012,26,1700,12.72,1391.1,.583,307
102,2012,26,1800,13.23,693.1,.367,146.5
102,2012,26,1900,13.29,293.06,.466,125.4
102,2012,26,2000,12.76,.19824,0,6.603
102,2012,26,2100,12.74,0,0,6.603
102,2012,26,2200,12.74,0,0,6.603
102,2012,26,2300,12.74,0,0,6.603
101,2012,26,2400,12.72,22281,8.18
102,2012,26,2400,13.28,0,0,6.603
102,2012,27,100,13.28,0,0,6.603
102,2012,27,200,13.28,0,0,6.597
102,2012,27,300,13.29,0,0,6.531
102,2012,27,400,13.29,0,0,6.355
102,2012,27,500,13.29,0,0,6.52
102,2012,27,600,13.3,0,0,6.339
102,2012,27,700,13.3,.08812,0,6.289
102,2012,27,800,13.31,190.93,.15,56.95
102,2012,27,900,13.31,836.84,.5,145.4
102,2012,27,1000,13.31,1857.1,1,706
102,2012,27,1100,13.31,2618.8,1,805
102,2012,27,1200,13.31,3136.7,1,824
102,2012,27,1300,13.3,3417.3,1,795
102,2012,27,1400,13.3,3510,1,699.2
102,2012,27,1500,12.76,2784.4,.866,543
102,2012,27,1600,12.74,2557.1,1,655.1
102,2012,27,1700,13.26,1460,.616,396
102,2012,27,1800,12.75,972.22,1,428.5
102,2012,27,1900,13.26,260.51,.516,147.6
102,2012,27,2000,13.26,1.3508,0,6.603
102,2012,27,2100,13.27,0,0,6.603
102,2012,27,2200,13.27,0,0,6.603
102,2012,27,2300,13.27,0,0,6.603
101,2012,27,2400,12.74,23603,9.65
102,2012,27,2400,13.27,0,0,6.603
102,2012,28,100,13.27,0,0,6.597
102,2012,28,200,13.28,0,0,6.597
102,2012,28,300,13.28,0,0,6.515
102,2012,28,400,13.28,0,0,6.405
102,2012,28,500,13.29,0,0,6.366
102,2012,28,600,13.29,0,0,6.196
102,2012,28,700,13.3,.02937,0,6.152
102,2012,28,800,13.31,197.45,.2,63.25
102,2012,28,900,13.31,722.39,.466,127.5
102,2012,28,1000,12.8,1796.4,1,624.4
102,2012,28,1100,12.73,2648.3,1,787
102,2012,28,1200,12.72,3178.3,1,807
102,2012,28,1300,12.72,3505.5,1,792
102,2012,28,1400,12.72,3521.4,1,759
102,2012,28,1500,12.72,3311.1,1,796
102,2012,28,1600,12.73,2839.2,1,825
102,2012,28,1700,12.73,1791.8,1,643.2
102,2012,28,1800,12.73,903.32,1,446.7
102,2012,28,1900,12.73,266.27,.616,177.2
102,2012,28,2000,12.73,2.9366,0,6.603
102,2012,28,2100,12.73,0,0,6.603
102,2012,28,2200,12.73,0,0,6.603
102,2012,28,2300,12.73,0,0,6.603
101,2012,28,2400,12.72,24684,10.28
102,2012,28,2400,12.73,0,0,6.603
102,2012,29,100,12.73,0,0,6.603
102,2012,29,200,12.72,0,0,6.603
102,2012,29,300,12.72,0,0,6.603
102,2012,29,400,12.72,0,0,6.603
102,2012,29,500,12.72,0,0,6.592
102,2012,29,600,12.72,0,0,6.515
102,2012,29,700,12.72,.04406,0,6.372
102,2012,29,800,12.71,134.82,0,35.57
102,2012,29,900,12.71,760.26,.433,135.6
102,2012,29,1000,12.71,1943,1,726
102,2012,29,1100,12.71,2708.7,1,834
102,2012,29,1200,12.71,3194,1,819
102,2012,29,1300,12.72,3458.4,1,783
102,2012,29,1400,12.72,3447.1,1,743
102,2012,29,1500,12.72,3252.4,1,794
102,2012,29,1600,12.73,2831.6,1,853
102,2012,29,1700,12.73,2076.7,1,805
102,2012,29,1800,12.73,1126.2,1,613.7
102,2012,29,1900,12.73,282.31,.65,188.9
102,2012,29,2000,12.73,.80756,0,6.603
102,2012,29,2100,12.73,0,0,6.603
102,2012,29,2200,12.73,0,0,6.603
102,2012,29,2300,12.72,0,0,6.603
101,2012,29,2400,12.71,25216,10.08
102,2012,29,2400,12.73,0,0,6.603
102,2012,30,100,12.72,0,0,6.603
102,2012,30,200,12.72,0,0,6.603
102,2012,30,300,12.72,0,0,6.603
102,2012,30,400,12.72,0,0,6.603
102,2012,30,500,12.72,0,0,6.559
102,2012,30,600,12.72,0,0,6.482
102,2012,30,700,12.71,.11749,0,6.416
102,2012,30,800,12.71,185.49,.2,65.54
102,2012,30,900,12.71,780.8,.716,179.4
102,2012,30,1000,12.71,1677.1,1,573.9
102,2012,30,1100,12.71,2547,1,657.9
102,2012,30,1200,12.71,3311.7,1,651.7
102,2012,30,1300,13.22,3605.6,1,561.7
102,2012,30,1400,13.22,3566.6,1,649.7
102,2012,30,1500,13.21,3390.1,1,699.7
102,2012,30,1600,13.21,2665.2,1,672.3
102,2012,30,1700,13.22,1758.2,1,531.7
102,2012,30,1800,13.24,765.6,1,202.9
102,2012,30,1900,13.24,287.26,.433,114
102,2012,30,2000,12.82,3.0247,0,6.79
102,2012,30,2100,12.81,0,0,6.603
102,2012,30,2200,12.8,0,0,6.603
102,2012,30,2300,12.79,0,0,6.603
101,2012,30,2400,12.71,24544,10.35
102,2012,30,2400,12.78,0,0,6.603
102,2012,31,100,12.78,0,0,6.603
102,2012,31,200,13.27,0,0,6.581
102,2012,31,300,13.28,0,0,6.46
102,2012,31,400,13.28,0,0,6.339
102,2012,31,500,13.28,0,0,6.273
102,2012,31,600,13.29,0,0,6.295
102,2012,31,700,13.29,.29372,0,6.432
102,2012,31,800,13.3,234.79,.5,126.9
102,2012,31,900,13.3,823.76,.683,194.5
102,2012,31,1000,13.31,2077.3,1,748
102,2012,31,1100,13.31,2873,1,836
102,2012,31,1200,13.29,3393.8,1,821
102,2012,31,1300,13.28,3483.7,1,703
102,2012,31,1400,12.82,3675.2,1,728
102,2012,31,1500,12.78,3252.2,1,717
102,2012,31,1600,12.78,2955.5,1,800
102,2012,31,1700,13.24,2104.8,1,757
102,2012,31,1800,13.24,1174.2,1,589.3
102,2012,31,1900,13.25,296.54,.5,196.3
102,2012,31,2000,13.25,2.2171,0,6.669
102,2012,31,2100,13.26,0,0,6.603
102,2012,31,2200,13.27,0,0,6.603
102,2012,31,2300,13.28,0,0,6.603
101,2012,31,2400,12.78,26347,10.68
102,2012,31,2400,13.28,0,0,6.603
102,2012,32,100,13.31,0,0,6.553
102,2012,32,200,13.31,0,0,6.46
102,2012,32,300,13.32,0,0,6.329
102,2012,32,400,13.33,0,0,6.395
102,2012,32,500,13.33,0,0,6.483
102,2012,32,600,13.33,0,0,6.34
102,2012,32,700,13.35,0,0,6.231
102,2012,32,800,13.36,197.47,.383,99.2
102,2012,32,900,13.36,801.6,.666,203.7
102,2012,32,1000,13.35,1939.3,1,698.1
102,2012,32,1100,13.33,2719.1,1,784
102,2012,32,1200,13.32,3284.9,1,781
102,2012,32,1300,13.31,3612.7,1,766
102,2012,32,1400,13.29,3637.1,1,725
102,2012,32,1500,12.78,3398.1,1,762
102,2012,32,1600,13.26,2844,1,785
102,2012,32,1700,13.26,2091.7,1,747
102,2012,32,1800,13.26,1118.1,1,558
102,2012,32,1900,13.26,317.37,.716,234.3
102,2012,32,2000,12.77,2.1731,0,6.685
102,2012,32,2100,12.76,0,0,6.603
102,2012,32,2200,12.76,0,0,6.603
102,2012,32,2300,12.76,0,0,6.603
101,2012,32,2400,12.76,25964,10.76
102,2012,32,2400,12.76,0,0,6.592
102,2012,33,100,13.28,0,0,6.537
102,2012,33,200,13.28,0,0,6.559
102,2012,33,300,13.29,0,0,6.498
102,2012,33,400,13.29,0,0,6.3
102,2012,33,500,13.3,0,0,6.262
102,2012,33,600,13.31,0,0,6.185
102,2012,33,700,13.31,.02937,0,6.069
102,2012,33,800,13.31,170.15,.267,71.1
102,2012,33,900,12.93,787.68,.666,199.9
102,2012,33,1000,13.32,1984.9,1,722
102,2012,33,1100,13.32,2747.9,1,786
102,2012,33,1200,13.31,3265.4,1,775
102,2012,33,1300,13.29,3508.8,1,736
102,2012,33,1400,12.76,3493.5,1,676.3
102,2012,33,1500,12.75,3311.9,.983,702
102,2012,33,1600,12.76,2847.7,1,772
102,2012,33,1700,12.76,1992.8,.966,649.9
102,2012,33,1800,12.76,582.25,.483,216
102,2012,33,1900,12.76,322.29,.75,211.9
102,2012,33,2000,12.76,2.2391,0,6.79
102,2012,33,2100,12.76,0,0,6.603
102,2012,33,2200,12.75,0,0,6.603
102,2012,33,2300,12.75,0,0,6.603
101,2012,33,2400,12.75,25018,10.11
102,2012,33,2400,12.75,0,0,6.603
102,2012,34,100,12.75,0,0,6.603
102,2012,34,200,12.75,0,0,6.603
102,2012,34,300,12.74,0,0,6.603
102,2012,34,400,12.74,0,0,6.603
102,2012,34,500,12.73,0,0,6.597
102,2012,34,600,12.73,0,0,6.597
102,2012,34,700,12.73,.16155,0,6.322
102,2012,34,800,12.73,180.36,.167,65.1
102,2012,34,900,12.73,740.86,.65,168.8
102,2012,34,1000,12.72,1924.6,1,684.8
102,2012,34,1100,12.72,2662.6,1,744
102,2012,34,1200,12.72,3165.4,1,726
102,2012,34,1300,12.73,3474.5,1,709
102,2012,34,1400,12.96,3502.6,1,661.6
102,2012,34,1500,13.22,3262.7,1,698.1
102,2012,34,1600,13.24,2750.2,1,738
102,2012,34,1700,13.24,1908.6,.966,662.2
102,2012,34,1800,13.24,1063.2,.983,506.5
102,2012,34,1900,12.91,267.52,.566,157.7
102,2012,34,2000,12.8,1.3802,0,6.625
102,2012,34,2100,13.25,0,0,6.603
102,2012,34,2200,13.26,0,0,6.603
102,2012,34,2300,13.26,0,0,6.603
101,2012,34,2400,12.72,24905,10.33
102,2012,34,2400,12.78,0,0,6.603
102,2012,35,100,12.76,0,0,6.603
102,2012,35,200,12.76,0,0,6.603
102,2012,35,300,12.75,0,0,6.603
102,2012,35,400,12.75,0,0,6.564
102,2012,35,500,12.75,0,0,6.471
102,2012,35,600,12.75,0,0,6.438
102,2012,35,700,12.75,0,0,6.163
102,2012,35,800,13.28,171.94,.167,61.14
102,2012,35,900,12.8,724.88,.583,181.5
102,2012,35,1000,12.75,1950.5,1,710
102,2012,35,1100,12.75,2811,1,781
102,2012,35,1200,12.74,3257.9,1,737
102,2012,35,1300,12.74,3375.2,1,642.6
102,2012,35,1400,12.74,3474,1,608
102,2012,35,1500,12.74,3342.9,1,697.4
102,2012,35,1600,12.74,2783.4,1,730
102,2012,35,1700,12.74,2073.1,1,699.9
102,2012,35,1800,12.74,1102,.983,513.5
102,2012,35,1900,12.74,201.93,.267,88.1
102,2012,35,2000,13.22,.91771,0,6.603
102,2012,35,2100,13.26,0,0,6.603
102,2012,35,2200,13.26,0,0,6.603
102,2012,35,2300,13.26,0,0,6.603
101,2012,35,2400,12.74,25270,10
102,2012,35,2400,13.27,0,0,6.603
102,2012,36,100,13.27,0,0,6.597
102,2012,36,200,13.27,0,0,6.564
102,2012,36,300,13.28,0,0,6.509
102,2012,36,400,13.28,0,0,6.449
102,2012,36,500,13.28,0,0,6.465
102,2012,36,600,13.29,0,0,6.339
102,2012,36,700,13.29,.23498,0,6.531
102,2012,36,800,13.3,185.85,.466,106.3
102,2012,36,900,13.3,701.2,.6,190.5
102,2012,36,1000,13.3,2020.3,1,743
102,2012,36,1100,13.3,2845.6,1,813
102,2012,36,1200,13.28,3341.7,1,786
102,2012,36,1300,13.28,3584.8,1,750
102,2012,36,1400,12.76,3589.2,1,683.7
102,2012,36,1500,12.75,3277.7,.933,628.9
102,2012,36,1600,12.79,1867.7,.5,290.6
102,2012,36,1700,12.78,1309.8,.433,263.3
102,2012,36,1800,12.82,776.51,.383,191.7
102,2012,36,1900,13.26,144.22,0,10.97
102,2012,36,2000,13.26,.35239,0,6.603
102,2012,36,2100,13.26,0,0,6.603
102,2012,36,2200,13.26,0,0,6.603
102,2012,36,2300,13.26,0,0,6.603
101,2012,36,2400,12.75,23645,8.31
102,2012,36,2400,13.26,0,0,6.603
102,2012,37,100,13.27,0,0,6.603
102,2012,37,200,13.27,0,0,6.603
102,2012,37,300,13.27,0,0,6.603
102,2012,37,400,12.76,0,0,6.603
102,2012,37,500,12.75,0,0,6.603
102,2012,37,600,12.74,0,0,6.603
102,2012,37,700,12.74,0,0,6.603
102,2012,37,800,12.74,190.81,.466,135.2
102,2012,37,900,12.74,714.87,.683,182
102,2012,37,1000,12.73,2005.7,1,739
102,2012,37,1100,13.26,2862.1,1,811
102,2012,37,1200,13.28,3349,1,779
102,2012,37,1300,12.77,3599.4,1,734
102,2012,37,1400,12.75,3557.9,1,677.1
102,2012,37,1500,12.75,3298.4,1,712
102,2012,37,1600,12.76,2723.8,1,739
102,2012,37,1700,12.76,2004.4,1,699.7
102,2012,37,1800,13.24,1155.9,1,572.7
102,2012,37,1900,13.24,318.46,.683,242.3
102,2012,37,2000,13.24,1.0352,0,6.657
102,2012,37,2100,13.25,0,0,6.603
102,2012,37,2200,13.26,0,0,6.603
102,2012,37,2300,13.26,0,0,6.603
101,2012,37,2400,12.73,25782,10.83
102,2012,37,2400,13.26,0,0,6.603
102,2012,38,100,13.26,0,0,6.603
102,2012,38,200,13.26,0,0,6.597
102,2012,38,300,13.27,0,0,6.575
102,2012,38,400,13.28,0,0,6.542
102,2012,38,500,13.28,0,0,6.52
102,2012,38,600,13.28,0,0,6.471
102,2012,38,700,13.29,0,0,6.526
102,2012,38,800,12.75,181.88,.35,77.1
102,2012,38,900,12.74,675.93,.7,164.2
102,2012,38,1000,12.73,1851.2,1,639.2
102,2012,38,1100,12.73,2702.8,1,742
102,2012,38,1200,13.26,3184.9,1,711
102,2012,38,1300,12.78,3451.8,1,675.2
102,2012,38,1400,12.75,3520.8,1,658.8
102,2012,38,1500,12.75,2926.2,.95,585.4
102,2012,38,1600,12.75,2523.3,.883,681.3
102,2012,38,1700,12.75,2133.4,1,758
102,2012,38,1800,12.75,1172.2,1,602.6
102,2012,38,1900,12.75,279.78,.566,192.6
102,2012,38,2000,12.75,.05873,0,6.603
102,2012,38,2100,12.75,0,0,6.603
102,2012,38,2200,13.24,0,0,6.603
102,2012,38,2300,13.26,0,0,6.603
101,2012,38,2400,12.73,24604,10.45
102,2012,38,2400,12.76,0,0,6.603
102,2012,39,100,12.75,0,0,6.603
102,2012,39,200,13.27,0,0,6.603
102,2012,39,300,13.27,0,0,6.603
102,2012,39,400,13.28,0,0,6.537
102,2012,39,500,13.28,0,0,6.57
102,2012,39,600,13.29,0,0,6.575
102,2012,39,700,13.29,.19823,0,6.531
102,2012,39,800,13.29,145.86,.117,54.95
102,2012,39,900,13.3,570.18,.55,150.3
102,2012,39,1000,13.31,1814.1,1,614.4
102,2012,39,1100,13.29,2619.4,1,712
102,2012,39,1200,12.93,3126.6,1,697.2
102,2012,39,1300,13.27,3256.1,1,611.1
102,2012,39,1400,12.78,3435.6,1,579.6
102,2012,39,1500,13.25,3044,.883,600.9
102,2012,39,1600,13.24,2662.2,.9,655
102,2012,39,1700,13.24,1591.9,.8,464.4
102,2012,39,1800,13.24,931.93,.733,302.5
102,2012,39,1900,13.24,269.81,.35,104.1
102,2012,39,2000,13.24,2.7238,0,6.602
102,2012,39,2100,13.25,0,0,6.603
102,2012,39,2200,13.25,0,0,6.603
102,2012,39,2300,13.25,0,0,6.603
101,2012,39,2400,12.75,23471,9.33
102,2012,39,2400,13.26,0,0,6.603
102,2012,40,100,13.26,0,0,6.603
102,2012,40,200,13.26,0,0,6.564
102,2012,40,300,13.26,0,0,6.509
102,2012,40,400,13.28,0,0,6.421
102,2012,40,500,13.28,0,0,6.322
102,2012,40,600,13.28,0,0,6.267
102,2012,40,700,13.29,.02937,0,6.267
102,2012,40,800,13.29,180.97,.35,91.9
102,2012,40,900,13.3,587.33,.6,177.1
102,2012,40,1000,13.3,2020.8,1,774
102,2012,40,1100,13.29,2846.8,1,911
102,2012,40,1200,12.76,3436.8,1,923
102,2012,40,1300,12.74,3672.2,1,873
102,2012,40,1400,12.74,3718.4,1,830
102,2012,40,1500,12.74,3477.3,1,846
102,2012,40,1600,12.75,2886,1,844
102,2012,40,1700,12.74,2084.9,1,756
102,2012,40,1800,13.24,1109.4,1,523.7
102,2012,40,1900,13.24,314.63,.583,140.3
102,2012,40,2000,13.25,2.8632,0,6.801
102,2012,40,2100,13.25,0,0,6.603
102,2012,40,2200,13.25,0,0,6.603
102,2012,40,2300,13.26,0,0,6.603
101,2012,40,2400,12.74,26338,10.53
102,2012,40,2400,13.26,0,0,6.603
102,2012,41,100,13.26,0,0,6.603
102,2012,41,200,13.26,0,0,6.592
102,2012,41,300,13.27,0,0,6.548
102,2012,41,400,13.28,0,0,6.432
102,2012,41,500,13.28,0,0,6.394
102,2012,41,600,13.28,0,0,6.317
102,2012,41,700,13.29,.19823,0,6.388
102,2012,41,800,13.29,161.12,.2,58.54
102,2012,41,900,13.29,524.92,.633,148.7
102,2012,41,1000,13.29,1776.9,1,621
102,2012,41,1100,12.75,2674.1,1,826
102,2012,41,1200,12.76,3238.4,1,840
102,2012,41,1300,13.28,3551.5,1,818
102,2012,41,1400,13.26,3611.9,1,778
102,2012,41,1500,12.76,3166.3,.966,732
102,2012,41,1600,12.75,2110.5,.8,575.7
102,2012,41,1700,12.78,2025.6,1,738
102,2012,41,1800,12.76,1125,1,551.5
102,2012,41,1900,12.76,337.65,.45,151.5
102,2012,41,2000,13.24,1.9896,0,6.602
102,2012,41,2100,13.24,0,0,6.602
102,2012,41,2200,13.24,0,0,6.602
102,2012,41,2300,13.25,0,0,6.603
101,2012,41,2400,12.75,24306,10.05
102,2012,41,2400,13.25,0,0,6.603
102,2012,42,100,13.26,0,0,6.603
102,2012,42,200,13.26,0,0,6.581
102,2012,42,300,13.27,0,0,6.498
102,2012,42,400,13.27,0,0,6.515
102,2012,42,500,13.28,0,0,6.416
102,2012,42,600,13.28,0,0,6.421
102,2012,42,700,13.29,.35243,0,6.405
102,2012,42,800,13.29,187.01,.017,49.1
102,2012,42,900,13.31,560.31,.6,133.1
102,2012,42,1000,13.31,1699.1,1,523
102,2012,42,1100,12.75,2698.7,1,803
102,2012,42,1200,12.74,3295.9,1,832
102,2012,42,1300,12.78,3593.1,1,792
102,2012,42,1400,12.76,3342.9,1,645.2
102,2012,42,1500,12.78,2469.8,.583,353.2
102,2012,42,1600,13.24,1241.8,.183,92.5
102,2012,42,1700,13.24,1057.6,.417,162.2
102,2012,42,1800,13.24,549.04,.25,105.8
102,2012,42,1900,13.24,193.48,.033,38.82
102,2012,42,2000,13.25,1.5197,0,6.602
102,2012,42,2100,12.77,0,0,6.603
102,2012,42,2200,12.74,0,0,6.603
102,2012,42,2300,12.74,0,0,6.603
101,2012,42,2400,12.74,20891,7.08
102,2012,42,2400,12.74,0,0,6.603
102,2012,43,100,13.26,0,0,6.603
102,2012,43,200,13.27,0,0,6.581
102,2012,43,300,13.28,0,0,6.493
102,2012,43,400,13.28,0,0,6.449
102,2012,43,500,13.28,0,0,6.405
102,2012,43,600,13.28,0,0,6.355
102,2012,43,700,13.29,0,0,6.509
102,2012,43,800,13.29,112.58,0,13.01
102,2012,43,900,13.31,381.12,.3,92.9
102,2012,43,1000,13.31,1643.6,1,526
102,2012,43,1100,13.3,2531.6,1,752
102,2012,43,1200,13.29,2688.4,1,541.9
102,2012,43,1300,13.27,3109.1,1,618
102,2012,43,1400,13.26,3502.6,1,643.9
102,2012,43,1500,13.25,2892.4,.9,538.7
102,2012,43,1600,13.24,2062.8,.733,452.3
102,2012,43,1700,12.84,480.25,.067,46.4
102,2012,43,1800,13.25,18.244,0,6.602
102,2012,43,1900,13.26,35.855,0,6.603
102,2012,43,2000,13.27,.97638,0,6.603
102,2012,43,2100,13.27,0,0,6.603
102,2012,43,2200,13.27,0,0,6.603
102,2012,43,2300,13.28,0,0,6.603
101,2012,43,2400,12.84,19460,6.997
102,2012,43,2400,13.28,0,0,6.603
102,2012,44,100,13.28,0,0,6.603
102,2012,44,200,13.28,0,0,6.603
102,2012,44,300,13.28,0,0,6.592
102,2012,44,400,13.29,0,0,6.504
102,2012,44,500,13.29,0,0,6.493
102,2012,44,600,13.29,0,0,6.509
102,2012,44,700,13.3,0,0,6.586
102,2012,44,800,13.31,61.614,0,13.44
102,2012,44,900,13.33,523.34,.333,98
102,2012,44,1000,13.33,1703.1,.983,569.9
102,2012,44,1100,12.74,2722,1,834
102,2012,44,1200,13.29,3286.8,1,866
102,2012,44,1300,13.28,3571.5,1,805
102,2012,44,1400,13.27,3541,1,744
102,2012,44,1500,13.26,1833.6,.383,203.9
102,2012,44,1600,12.76,969.89,.167,144.8
102,2012,44,1700,13.26,2125.3,1,771
102,2012,44,1800,13.25,1109.7,1,527.6
102,2012,44,1900,13.26,331.89,.666,198.8
102,2012,44,2000,13.26,1.8721,0,6.63
102,2012,44,2100,13.26,0,0,6.603
102,2012,44,2200,13.26,0,0,6.603
102,2012,44,2300,12.77,0,0,6.603
101,2012,44,2400,12.74,21782,8.53
102,2012,44,2400,12.74,0,0,6.603
102,2012,45,100,12.74,0,0,6.603
102,2012,45,200,13.28,0,0,6.57
102,2012,45,300,12.74,0,0,6.603
102,2012,45,400,12.74,0,0,6.603
102,2012,45,500,12.73,0,0,6.603
102,2012,45,600,12.73,0,0,6.603
102,2012,45,700,12.73,.51401,0,6.592
102,2012,45,800,12.73,169.21,.067,39.82
102,2012,45,900,13.32,326.82,.333,98.8
102,2012,45,1000,13.31,1819.6,.966,673.3
102,2012,45,1100,13.3,2917.2,1,938
102,2012,45,1200,13.28,3420.3,1,908
102,2012,45,1300,13.27,3702.6,1,874
102,2012,45,1400,13.26,3466.7,.933,712
102,2012,45,1500,13.24,2751.8,.8,584.3
102,2012,45,1600,13.24,2780.8,.916,679.7
102,2012,45,1700,13.24,1369.2,.583,394.5
102,2012,45,1800,13.24,749.66,.3,172.7
102,2012,45,1900,13.24,179.07,.083,32.83
102,2012,45,2000,13.24,1.1233,0,6.602
102,2012,45,2100,13.24,0,0,6.602
102,2012,45,2200,13.25,0,0,6.603
102,2012,45,2300,13.25,0,0,6.603
101,2012,45,2400,12.73,23655,7.98
102,2012,45,2400,13.26,0,0,6.603
102,2012,46,100,13.26,0,0,6.559
102,2012,46,200,13.26,0,0,6.493
102,2012,46,300,13.27,0,0,6.454
102,2012,46,400,13.28,0,0,6.449
102,2012,46,500,13.28,0,0,6.399
102,2012,46,600,13.29,0,0,6.41
102,2012,46,700,13.29,0,0,6.586
102,2012,46,800,13.29,158.67,.033,35.58
102,2012,46,900,13.31,326.51,.067,70.4
102,2012,46,1000,13.31,1720.9,.816,612.5
102,2012,46,1100,13.3,2839.6,1,896
102,2012,46,1200,13.28,3432.4,1,907
102,2012,46,1300,13.28,3722.7,1,881
102,2012,46,1400,13.26,3693.6,1,815
102,2012,46,1500,13.26,3484.8,.983,732
102,2012,46,1600,13.24,2683.1,1,764
102,2012,46,1700,13.24,2124.8,1,774
102,2012,46,1800,13.24,1235.6,1,642.4
102,2012,46,1900,13.24,333.97,.55,236.8
102,2012,46,2000,12.78,1.7033,0,6.943
102,2012,46,2100,12.74,0,0,6.602
102,2012,46,2200,12.74,0,0,6.603
102,2012,46,2300,12.74,0,0,6.603
101,2012,46,2400,12.74,25758,9.45
102,2012,46,2400,13.26,0,0,6.603
102,2012,47,100,13.26,0,0,6.586
102,2012,47,200,13.27,0,0,6.405
102,2012,47,300,13.27,0,0,6.416
102,2012,47,400,13.28,0,0,6.377
102,2012,47,500,13.29,0,0,6.438
102,2012,47,600,13.29,0,0,6.515
102,2012,47,700,13.3,.02937,0,6.498
102,2012,47,800,13.31,147.15,0,25.61
102,2012,47,900,13.31,327.95,.05,70.7
102,2012,47,1000,12.75,1683.3,.783,575.4
102,2012,47,1100,12.73,2811.9,1,874
102,2012,47,1200,12.73,3385.9,1,882
102,2012,47,1300,12.73,3667.3,1,854
102,2012,47,1400,12.73,3666.2,.95,636.1
102,2012,47,1500,12.74,1011.2,.133,52.48
102,2012,47,1600,12.74,434.52,0,13.39
102,2012,47,1700,12.74,514.73,.067,40.02
102,2012,47,1800,13.26,291.98,0,21.7
102,2012,47,1900,13.26,139.03,0,10.28
102,2012,47,2000,13.26,.66072,0,6.603
102,2012,47,2100,13.26,0,0,6.603
102,2012,47,2200,13.26,0,0,6.603
102,2012,47,2300,13.26,0,0,6.603
101,2012,47,2400,12.73,18082,4.981
102,2012,47,2400,13.27,0,0,6.603
102,2012,48,100,13.27,0,0,6.603
102,2012,48,200,13.28,0,0,6.603
102,2012,48,300,13.28,0,0,6.597
102,2012,48,400,13.29,0,0,6.603
102,2012,48,500,13.29,0,0,6.603
102,2012,48,600,13.29,0,0,6.603
102,2012,48,700,13.3,.0881,0,6.592
102,2012,48,800,13.3,133.3,0,19.52
102,2012,48,900,13.32,377.5,.117,85.4
102,2012,48,1000,13.31,1321.2,.816,391.5
102,2012,48,1100,13.3,2753.1,1,834
102,2012,48,1200,13.29,3333.1,1,872
102,2012,48,1300,13.28,2306.9,.483,415.1
102,2012,48,1400,13.27,1091.1,.017,34.18
102,2012,48,1500,13.13,666.66,.117,77.4
102,2012,48,1600,13.28,260.72,0,11.32
102,2012,48,1700,13.29,1425.7,.5,384.5
102,2012,48,1800,13.28,1262.2,.833,527.8
102,2012,48,1900,13.28,91.59,0,6.603
102,2012,48,2000,13.28,0,0,6.603
102,2012,48,2100,13.28,0,0,6.603
102,2012,48,2200,12.74,0,0,6.603
102,2012,48,2300,12.73,0,0,6.603
101,2012,48,2400,12.73,15023,4.881
102,2012,48,2400,12.73,0,0,6.603
102,2012,49,100,12.73,0,0,6.603
102,2012,49,200,13.26,0,0,6.603
102,2012,49,300,12.75,0,0,6.603
102,2012,49,400,12.73,0,0,6.603
102,2012,49,500,12.73,0,0,6.603
102,2012,49,600,13.31,0,0,6.482
102,2012,49,700,13.31,.26435,0,6.35
102,2012,49,800,13.31,153.58,0,24.16
102,2012,49,900,13.32,364.05,.05,69.62
102,2012,49,1000,13.32,1557.9,.683,531
102,2012,49,1100,13.31,2765.5,1,867
102,2012,49,1200,13.3,3355.2,1,864
102,2012,49,1300,13.29,3288.4,.85,677.8
102,2012,49,1400,13.29,3522.4,.866,611.1
102,2012,49,1500,13.28,1474.8,.333,131.7
102,2012,49,1600,13.28,2129.5,.666,454.3
102,2012,49,1700,13.28,616.51,.05,22.46
102,2012,49,1800,13.28,342.12,0,6.603
102,2012,49,1900,13.28,71.023,0,6.658
102,2012,49,2000,13.28,.02937,0,6.603
102,2012,49,2100,13.28,0,0,6.603
102,2012,49,2200,13.29,0,0,6.597
102,2012,49,2300,13.29,0,0,6.592
101,2012,49,2400,12.73,19641,5.498
102,2012,49,2400,13.29,0,0,6.548
102,2012,50,100,13.29,0,0,6.438
102,2012,50,200,13.3,0,0,6.383
102,2012,50,300,13.3,0,0,6.405
102,2012,50,400,13.3,0,0,6.498
102,2012,50,500,13.31,0,0,6.421
102,2012,50,600,13.31,0,0,6.399
102,2012,50,700,13.31,2.2249,0,6.454
102,2012,50,800,13.32,176.68,0,19.09
102,2012,50,900,13.33,459.57,0,58.36
102,2012,50,1000,12.74,1532.1,.716,443.8
102,2012,50,1100,12.71,2610.3,1,732
102,2012,50,1200,12.71,2955.2,.866,660.2
102,2012,50,1300,13.3,3176.6,.816,555.5
102,2012,50,1400,13.3,2667.4,.6,353.5
102,2012,50,1500,13.29,2730.8,.766,495.1
102,2012,50,1600,13.28,2657.6,.916,520.3
102,2012,50,1700,13.28,1527.6,.816,368.9
102,2012,50,1800,13.28,687.97,.35,135.8
102,2012,50,1900,13.28,186.06,0,11.87
102,2012,50,2000,13.28,.71945,0,6.603
102,2012,50,2100,12.74,0,0,6.603
102,2012,50,2200,12.73,0,0,6.603
102,2012,50,2300,12.72,0,0,6.603
101,2012,50,2400,12.71,21371,6.847
102,2012,50,2400,12.72,0,0,6.603
102,2012,51,100,12.72,0,0,6.603
102,2012,51,200,13.25,0,0,6.603
102,2012,51,300,13.31,0,0,6.581
102,2012,51,400,13.31,0,0,6.586
102,2012,51,500,13.31,0,0,6.586
102,2012,51,600,13.31,0,0,6.427
102,2012,51,700,13.31,1.5861,0,6.526
102,2012,51,800,13.32,206.46,0,23.84
102,2012,51,900,13.33,625.19,0,52.97
102,2012,51,1000,13.32,1571,.666,336.9
102,2012,51,1100,13.31,2863,.966,658
102,2012,51,1200,13.31,3560.2,.916,727
102,2012,51,1300,13.3,3968.3,1,787
102,2012,51,1400,13.28,3736.8,.966,808
102,2012,51,1500,13.28,2182.1,.516,387.4
102,2012,51,1600,13.27,1533.6,.4,281.3
102,2012,51,1700,13.28,197.45,0,21.97
102,2012,51,1800,13.3,167.96,0,21.44
102,2012,51,1900,13.3,32.606,0,6.647
102,2012,51,2000,13.3,.35976,0,6.603
102,2012,51,2100,13.3,0,0,6.592
102,2012,51,2200,13.29,0,0,6.493
102,2012,51,2300,13.29,0,0,6.498
101,2012,51,2400,12.72,20647,5.431
102,2012,51,2400,13.3,0,0,6.553
102,2012,52,100,13.3,0,0,6.526
102,2012,52,200,13.3,0,0,6.592
102,2012,52,300,13.31,0,0,6.559
102,2012,52,400,13.31,0,0,6.592
102,2012,52,500,13.31,0,0,6.559
102,2012,52,600,13.31,0,0,6.465
102,2012,52,700,13.32,.65351,0,6.438
102,2012,52,800,13.32,143,0,21.71
102,2012,52,900,13.33,332.01,0,52.35
102,2012,52,1000,13.32,1566.4,.666,514.7
102,2012,52,1100,13.32,2627.6,1,816
102,2012,52,1200,13.31,2472,.633,526.9
102,2012,52,1300,13.3,3377.7,.816,685.9
102,2012,52,1400,13.28,2700.9,.7,469.8
102,2012,52,1500,13.28,2341.4,.633,449.9
102,2012,52,1600,13.27,2173.2,.7,534.5
102,2012,52,1700,13.26,2044.7,.966,613.6
102,2012,52,1800,13.26,916.53,.783,304.5
102,2012,52,1900,12.75,137.58,.067,52.88
102,2012,52,2000,12.73,.24226,0,6.603
102,2012,52,2100,12.73,0,0,6.603
102,2012,52,2200,12.73,0,0,6.603
102,2012,52,2300,12.73,0,0,6.603
101,2012,52,2400,12.72,20834,6.964
102,2012,52,2400,12.72,0,0,6.603
102,2012,53,100,12.72,0,0,6.603
102,2012,53,200,12.72,0,0,6.603
102,2012,53,300,12.72,0,0,6.603
102,2012,53,400,12.72,0,0,6.603
102,2012,53,500,12.72,0,0,6.603
102,2012,53,600,12.71,0,0,6.603
102,2012,53,700,12.73,.02937,0,6.592
102,2012,53,800,13.28,112.59,0,15.29
102,2012,53,900,13.3,274.68,0,46.39
102,2012,53,1000,12.75,1535.4,.666,551.8
102,2012,53,1100,12.73,2795,1,868
102,2012,53,1200,12.73,3341,1,866
102,2012,53,1300,12.74,3543.7,.983,765
102,2012,53,1400,12.74,2270.3,.45,317.8
102,2012,53,1500,12.74,2812.4,.733,559.7
102,2012,53,1600,12.74,2641.4,.85,670.9
102,2012,53,1700,12.74,1274.3,.483,304.2
102,2012,53,1800,12.73,372.41,.067,66.2
102,2012,53,1900,12.73,149.06,0,11.83
102,2012,53,2000,12.73,1.9088,0,6.603
102,2012,53,2100,13.22,0,0,6.603
102,2012,53,2200,13.27,0,0,6.603
102,2012,53,2300,13.27,0,0,6.603
101,2012,53,2400,12.71,21124,6.231
102,2012,53,2400,13.28,0,0,6.597
102,2012,54,100,13.28,0,0,6.603
102,2012,54,200,13.28,0,0,6.603
102,2012,54,300,13.28,0,0,6.603
102,2012,54,400,13.29,0,0,6.603
102,2012,54,500,13.29,0,0,6.592
102,2012,54,600,13.29,0,0,6.581
102,2012,54,700,13.3,0,0,6.581
102,2012,54,800,13.3,121.81,0,16.61
102,2012,54,900,13.31,275.4,0,47.46
102,2012,54,1000,13.31,1495.5,.716,564
102,2012,54,1100,13.3,2801.3,1,863
102,2012,54,1200,13.29,3370.9,1,869
102,2012,54,1300,13.29,3747.5,1,851
102,2012,54,1400,13.28,3049.1,.916,543.8
102,2012,54,1500,12.76,2231.6,.533,348.9
102,2012,54,1600,13.27,550.87,0,15.98
102,2012,54,1700,13.27,1256.1,.6,273.5
102,2012,54,1800,13.27,521.99,.15,63.34
102,2012,54,1900,13.28,405.96,.483,125.5
102,2012,54,2000,13.28,.84422,0,6.603
102,2012,54,2100,13.28,0,0,6.603
102,2012,54,2200,13.28,0,0,6.603
102,2012,54,2300,12.74,0,0,6.603
101,2012,54,2400,12.74,19829,6.397
102,2012,54,2400,12.74,0,0,6.603
102,2012,55,100,12.74,0,0,6.603
102,2012,55,200,13.29,0,0,6.597
102,2012,55,300,13.3,0,0,6.597
102,2012,55,400,13.29,0,0,6.57
102,2012,55,500,13.29,0,0,6.586
102,2012,55,600,13.3,0,0,6.586
102,2012,55,700,13.31,.00734,0,6.57
102,2012,55,800,13.31,112.4,0,16.4
102,2012,55,900,13.33,264.8,0,46.86
102,2012,55,1000,13.32,1348.1,.716,592.8
102,2012,55,1100,13.31,2804.4,1,867
102,2012,55,1200,13.31,3359.3,1,816
102,2012,55,1300,13.3,3446.9,.916,760
102,2012,55,1400,12.74,3726.6,.983,791
102,2012,55,1500,13.27,2705.8,.85,540.8
102,2012,55,1600,13.26,2208.5,.683,526.6
102,2012,55,1700,13.26,1887.9,.783,507.1
102,2012,55,1800,13.26,857.39,.417,223.5
102,2012,55,1900,13.27,138.89,0,9.19
102,2012,55,2000,13.28,1.2627,0,6.603
102,2012,55,2100,13.28,0,0,6.603
102,2012,55,2200,13.28,0,0,6.603
102,2012,55,2300,13.28,0,0,6.603
101,2012,55,2400,12.74,22862,7.35
102,2012,55,2400,13.29,0,0,6.603
102,2012,56,100,13.29,0,0,6.603
102,2012,56,200,13.29,0,0,6.603
102,2012,56,300,13.29,0,0,6.597
102,2012,56,400,13.29,0,0,6.603
102,2012,56,500,13.29,0,0,6.603
102,2012,56,600,13.29,0,0,6.581
102,2012,56,700,13.3,0,0,6.592
102,2012,56,800,13.31,116.46,0,17.32
102,2012,56,900,13.31,321.54,0,61.11
102,2012,56,1000,13.31,1248,.766,572.5
102,2012,56,1100,13.3,2701.5,1,801
102,2012,56,1200,13.3,3389.2,1,822
102,2012,56,1300,13.29,3456.6,.783,632.5
102,2012,56,1400,13.29,3644.9,.95,732
102,2012,56,1500,13.28,1686.8,.267,190.2
102,2012,56,1600,13.28,2045.6,.6,385.3
102,2012,56,1700,13.28,621.72,.167,83.7
102,2012,56,1800,13.28,707.66,.333,170.1
102,2012,56,1900,13.28,308.94,.55,141.8
102,2012,56,2000,13.28,6.1812,0,6.812
102,2012,56,2100,12.92,0,0,6.603
102,2012,56,2200,12.74,0,0,6.603
102,2012,56,2300,12.73,0,0,6.603
101,2012,56,2400,12.73,20255,6.414
102,2012,56,2400,12.73,0,0,6.603
102,2012,57,100,13.28,0,0,6.603
102,2012,57,200,13.29,0,0,6.603
102,2012,57,300,13.29,.16887,0,6.57
102,2012,57,400,13.29,0,0,6.548
102,2012,57,500,13.3,0,0,6.487
102,2012,57,600,13.29,0,0,6.443
102,2012,57,700,13.3,.13215,0,6.366
102,2012,57,800,13.3,133.47,0,11.76
102,2012,57,900,13.32,410.98,.033,69.67
102,2012,57,1000,13.31,1299.4,.7,366.7
102,2012,57,1100,13.31,2318.4,.866,544.8
102,2012,57,1200,13.31,2907.6,.966,605
102,2012,57,1300,13.3,2537.1,.616,329.2
102,2012,57,1400,13.3,2424,.45,287
102,2012,57,1500,13.3,1409.3,.133,70.1
102,2012,57,1600,13.3,930.44,0,40.51
102,2012,57,1700,13.3,312.24,0,20.88
102,2012,57,1800,12.76,65.292,0,6.768
102,2012,57,1900,12.73,5.5064,0,6.603
102,2012,57,2000,12.72,0,0,6.52
102,2012,57,2100,13.31,0,0,6.493
102,2012,57,2200,13.31,0,0,6.493
102,2012,57,2300,13.31,0,0,6.465
101,2012,57,2400,12.72,14754,3.765
102,2012,57,2400,13.31,0,0,6.476
102,2012,58,100,13.31,0,0,6.498
102,2012,58,200,13.31,0,0,6.482
102,2012,58,300,13.32,0,0,6.476
102,2012,58,400,13.32,0,0,6.493
102,2012,58,500,13.33,0,0,6.427
102,2012,58,600,13.33,0,0,6.399
102,2012,58,700,13.33,0,0,6.422
102,2012,58,800,13.33,122.57,0,18.72
102,2012,58,900,13.34,432.52,.017,67.65
102,2012,58,1000,13.34,1178.8,.75,535.2
102,2012,58,1100,12.75,2514.4,1,670.7
102,2012,58,1200,13.33,3001.4,1,617.8
102,2012,58,1300,13.32,2689,.766,333.4
102,2012,58,1400,13.32,3034.2,.95,336.3
102,2012,58,1500,13.31,2647.2,.95,401.9
102,2012,58,1600,13.31,2334.5,1,480.5
102,2012,58,1700,13.3,1503.7,.833,290.1
102,2012,58,1800,13.3,415.14,0,26.22
102,2012,58,1900,13.3,45.726,0,6.861
102,2012,58,2000,13.3,.03671,0,6.603
102,2012,58,2100,13.3,0,0,6.603
102,2012,58,2200,13.3,0,0,6.603
102,2012,58,2300,13.3,0,0,6.603
101,2012,58,2400,12.75,19919,7.26
102,2012,58,2400,13.3,0,0,6.603
102,2012,59,100,13.3,0,0,6.603
102,2012,59,200,13.3,0,0,6.603
102,2012,59,300,13.31,0,0,6.603
102,2012,59,400,13.31,0,0,6.597
102,2012,59,500,13.31,0,0,6.592
102,2012,59,600,13.31,0,0,6.57
102,2012,59,700,13.32,.514,0,6.592
102,2012,59,800,13.32,104.5,0,6.603
102,2012,59,900,13.33,640.56,0,56
102,2012,59,1000,13.32,1140.3,.783,176.3
102,2012,59,1100,13.31,1912.4,1,318.3
102,2012,59,1200,13.31,1813.4,.466,189
102,2012,59,1300,13.31,1699.6,.217,63.53
102,2012,59,1400,12.74,1831.7,.217,74.2
102,2012,59,1500,12.72,1386.8,.183,60.19
102,2012,59,1600,13.27,1725.5,.566,193
102,2012,59,1700,13.3,633.19,.017,30.26
102,2012,59,1800,13.3,108.34,0,8.63
102,2012,59,1900,13.3,50.755,0,6.977
102,2012,59,2000,13.3,.02937,0,6.603
102,2012,59,2100,13.29,0,0,6.603
102,2012,59,2200,13.3,0,0,6.603
102,2012,59,2300,13.3,0,0,6.603
101,2012,59,2400,12.72,13048,3.449
102,2012,59,2400,13.3,0,0,6.603
102,2012,60,100,13.3,0,0,6.603
102,2012,60,200,13.3,0,0,6.603
102,2012,60,300,13.3,0,0,6.603
102,2012,60,400,13.31,0,0,6.603
102,2012,60,500,13.31,0,0,6.597
102,2012,60,600,13.31,0,0,6.575
102,2012,60,700,13.31,.29371,0,6.537
102,2012,60,800,13.32,134.37,0,17.1
102,2012,60,900,13.33,497.42,.033,82
102,2012,60,1000,13.32,1265.5,1,360.8
102,2012,60,1100,13.32,2313.3,1,559.7
102,2012,60,1200,13.31,2929.2,1,586.4
102,2012,60,1300,13.31,3311.6,1,516.2
102,2012,60,1400,13.3,2589.9,.666,244.8
102,2012,60,1500,13.3,3031.4,.983,499.2
102,2012,60,1600,13.29,2435,1,517
102,2012,60,1700,13.28,1653.8,.85,412.6
102,2012,60,1800,13.28,640.03,.233,82.4
102,2012,60,1900,13.28,27.911,0,6.674
102,2012,60,2000,13.28,0,0,6.603
102,2012,60,2100,13.28,0,0,6.603
102,2012,60,2200,13.28,0,0,6.603
102,2012,60,2300,13.28,0,0,6.603
101,2012,60,2400,13.28,20830,7.76
102,2012,60,2400,13.28,0,0,6.603
102,2012,61,100,13.29,0,0,6.603
102,2012,61,200,13.29,0,0,6.603
102,2012,61,300,13.29,0,0,6.603
102,2012,61,400,13.29,0,0,6.603
102,2012,61,500,13.3,0,0,6.603
102,2012,61,600,13.3,0,0,6.597
102,2012,61,700,13.31,.17621,0,6.597
102,2012,61,800,13.31,132.06,0,15.94
102,2012,61,900,13.31,495.22,0,69.67
102,2012,61,1000,13.31,1223.4,.883,300.2
102,2012,61,1100,13.31,2239.8,1,476.6
102,2012,61,1200,13.3,2546.3,.966,432.7
102,2012,61,1300,13.3,2072.9,.5,257.1
102,2012,61,1400,13.3,212.27,0,6.894
102,2012,61,1500,13.31,1039.1,.033,46.69
102,2012,61,1600,13.31,514.64,0,7.01
102,2012,61,1700,13.31,241.61,0,8.34
102,2012,61,1800,13.31,280.2,0,16.97
102,2012,61,1900,13.31,19.892,0,7.1
102,2012,61,2000,12.75,0,0,6.564
102,2012,61,2100,13.31,0,0,6.531
102,2012,61,2200,13.31,0,0,6.504
102,2012,61,2300,13.31,0,0,6.493
101,2012,61,2400,12.75,11018,3.382
102,2012,61,2400,13.31,0,0,6.537
102,2012,62,100,13.31,0,0,6.504
102,2012,62,200,13.32,0,0,6.487
102,2012,62,300,13.32,0,0,6.482
102,2012,62,400,13.33,0,0,6.493
102,2012,62,500,13.33,0,0,6.46
102,2012,62,600,13.33,0,0,6.454
102,2012,62,700,13.33,0,0,6.46
102,2012,62,800,13.33,141.08,0,11.48
102,2012,62,900,13.34,468.08,.017,71.2
102,2012,62,1000,13.33,1288.3,.85,481.9
102,2012,62,1100,13.33,2529.3,1,673.4
102,2012,62,1200,13.33,2660.9,.85,473.3
102,2012,62,1300,13.33,1961.4,.45,195.1
102,2012,62,1400,13.32,2602.3,.5,311.7
102,2012,62,1500,13.31,1685.3,.333,219.5
102,2012,62,1600,13.31,1933.1,.766,336.5
102,2012,62,1700,13.31,1637.9,.833,416.8
102,2012,62,1800,13.31,722.06,.367,173.6
102,2012,62,1900,13.3,29.162,0,6.603
102,2012,62,2000,13.31,.42583,0,6.603
102,2012,62,2100,13.31,0,0,6.603
102,2012,62,2200,13.31,0,0,6.603
102,2012,62,2300,13.31,0,0,6.553
101,2012,62,2400,13.3,17659,5.964
102,2012,62,2400,13.31,0,0,6.559
102,2012,63,100,13.31,0,0,6.553
102,2012,63,200,13.32,0,0,6.542
102,2012,63,300,13.32,0,0,6.52
102,2012,63,400,13.32,0,0,6.542
102,2012,63,500,13.33,0,0,6.515
102,2012,63,600,13.33,0,0,6.553
102,2012,63,700,13.33,.47727,0,6.581
102,2012,63,800,13.33,131.56,0,17.87
102,2012,63,900,13.34,361.76,.017,67.34
102,2012,63,1000,13.33,1304.3,.833,541
102,2012,63,1100,13.33,2605.9,1,754
102,2012,63,1200,13.33,3182.6,1,765
102,2012,63,1300,13.32,2821.6,.733,532.1
102,2012,63,1400,13.31,1788.5,.317,169.2
102,2012,63,1500,13.31,1760.3,.367,203.4
102,2012,63,1600,13.31,519.53,.033,38.75
102,2012,63,1700,13.31,381.25,0,11.52
102,2012,63,1800,13.31,264.22,0,7.07
102,2012,63,1900,13.31,6.8427,0,6.597
102,2012,63,2000,12.79,0,0,6.542
102,2012,63,2100,12.72,0,0,6.603
102,2012,63,2200,12.71,0,0,6.603
102,2012,63,2300,12.71,0,0,6.603
101,2012,63,2400,12.71,15129,4.298
102,2012,63,2400,12.71,0,0,6.603
102,2012,64,100,13.27,.42588,0,6.575
102,2012,64,200,13.32,0,0,6.575
102,2012,64,300,13.32,.22028,0,6.52
102,2012,64,400,13.32,0,0,6.394
102,2012,64,500,13.33,0,0,6.421
102,2012,64,600,13.33,0,0,6.41
102,2012,64,700,13.33,1.9238,0,6.46
102,2012,64,800,13.33,168.99,0,17.28
102,2012,64,900,13.34,536.32,0,29.56
102,2012,64,1000,13.34,865.81,.083,56.14
102,2012,64,1100,13.34,2138.6,.866,444.2
102,2012,64,1200,13.34,2010.6,.417,262.3
102,2012,64,1300,13.33,2947.9,.783,419
102,2012,64,1400,13.33,1737.8,.233,126.3
102,2012,64,1500,13.11,826.52,0,9.85
102,2012,64,1600,12.73,1415.5,.583,131
102,2012,64,1700,13.33,1208.6,.85,238.7
102,2012,64,1800,13.33,818.06,.25,113.4
102,2012,64,1900,13.33,142.28,0,8.96
102,2012,64,2000,13.32,.46994,0,6.603
102,2012,64,2100,13.32,0,0,6.603
102,2012,64,2200,13.33,0,0,6.603
102,2012,64,2300,13.33,0,0,6.592
101,2012,64,2400,12.73,14820,4.065
102,2012,64,2400,13.33,0,0,6.586
102,2012,65,100,13.33,0,0,6.559
102,2012,65,200,13.33,0,0,6.526
102,2012,65,300,13.33,0,0,6.444
102,2012,65,400,13.34,0,0,6.466
102,2012,65,500,13.34,0,0,6.45
102,2012,65,600,13.34,0,0,6.422
102,2012,65,700,13.34,0,0,6.345
102,2012,65,800,13.35,130.4,0,15.73
102,2012,65,900,13.36,515.03,.033,62.99
102,2012,65,1000,13.35,1380.2,.866,435.7
102,2012,65,1100,13.34,2421.8,1,599.7
102,2012,65,1200,13.34,2998.9,1,628.5
102,2012,65,1300,13.34,3661.6,1,701
102,2012,65,1400,13.33,3662.6,1,684.3
102,2012,65,1500,13.33,3607.3,1,725
102,2012,65,1600,13.32,2562.9,1,515.5
102,2012,65,1700,13.32,1135.6,.583,164.8
102,2012,65,1800,13.31,114.67,0,12.45
102,2012,65,1900,13.31,3.9867,0,6.603
102,2012,65,2000,13.31,0,0,6.603
102,2012,65,2100,13.31,0,0,6.603
102,2012,65,2200,13.31,0,0,6.603
102,2012,65,2300,13.31,0,0,6.603
101,2012,65,2400,13.31,22195,7.48
102,2012,65,2400,13.31,0,0,6.603
102,2012,66,100,13.31,0,0,6.603
102,2012,66,200,13.32,0,0,6.597
102,2012,66,300,13.32,0,0,6.548
102,2012,66,400,13.32,0,0,6.509
102,2012,66,500,13.33,0,0,6.465
102,2012,66,600,13.33,0,0,6.438
102,2012,66,700,13.33,0,0,6.399
102,2012,66,800,13.33,150.72,0,13.18
102,2012,66,900,13.34,621.32,0,54.56
102,2012,66,1000,13.33,1530,.816,386.3
102,2012,66,1100,13.33,2681.3,1,676
102,2012,66,1200,13.33,3347.2,1,773
102,2012,66,1300,13.32,3249.6,.966,567
102,2012,66,1400,13.31,3543.2,.95,641.2
102,2012,66,1500,13.31,3129.6,1,550.4
102,2012,66,1600,13.3,2633.9,1,616.8
102,2012,66,1700,13.29,1639.8,1,445.7
102,2012,66,1800,13.29,760.69,1,243.6
102,2012,66,1900,12.76,204.12,.033,31.26
102,2012,66,2000,12.72,0,0,6.603
102,2012,66,2100,12.72,0,0,6.603
102,2012,66,2200,12.72,0,0,6.603
102,2012,66,2300,12.72,0,0,6.603
101,2012,66,2400,12.72,23491,8.76
102,2012,66,2400,13.3,0,0,6.603
102,2012,67,100,13.3,0,0,6.603
102,2012,67,200,13.3,0,0,6.603
102,2012,67,300,13.3,0,0,6.597
102,2012,67,400,13.3,0,0,6.597
102,2012,67,500,13.31,0,0,6.603
102,2012,67,600,13.31,0,0,6.581
102,2012,67,700,13.31,.41854,0,6.603
102,2012,67,800,13.31,107.68,0,15.71
102,2012,67,900,13.31,272.73,.117,70.1
102,2012,67,1000,12.74,1278.8,.816,620
102,2012,67,1100,12.72,2624.6,.966,736
102,2012,67,1200,12.75,3501.1,1,774
102,2012,67,1300,13.3,3577.4,.95,604.2
102,2012,67,1400,13.29,2771,.716,338.3
102,2012,67,1500,12.75,2372.2,.8,321.8
102,2012,67,1600,12.72,2384.1,1,425.8
102,2012,67,1700,13.28,1121.5,.75,243.7
102,2012,67,1800,13.29,957.98,.916,331.8
102,2012,67,1900,13.29,259.59,.267,82.6
102,2012,67,2000,13.29,.48458,0,6.603
102,2012,67,2100,13.29,0,0,6.603
102,2012,67,2200,13.29,0,0,6.603
102,2012,67,2300,13.29,0,0,6.603
101,2012,67,2400,12.72,21230,8.3
102,2012,67,2400,13.3,0,0,6.603
102,2012,68,100,13.3,0,0,6.603
102,2012,68,200,13.3,0,0,6.603
102,2012,68,300,13.3,0,0,6.586
102,2012,68,400,13.3,0,0,6.564
102,2012,68,500,13.31,0,0,6.553
102,2012,68,600,13.31,0,0,6.504
102,2012,68,700,13.31,0,0,6.498
102,2012,68,800,12.74,139.84,0,17.38
102,2012,68,900,12.71,528.47,.067,75.6
102,2012,68,1000,12.71,1366.1,.883,371
102,2012,68,1100,12.71,2830.6,1,750
102,2012,68,1200,12.71,2892.9,1,591.1
102,2012,68,1300,12.71,3660.6,1,672.5
102,2012,68,1400,12.71,3353.4,1,566.5
102,2012,68,1500,12.72,3332.6,1,676.7
102,2012,68,1600,13.26,2766.6,1,677.4
102,2012,68,1700,13.28,1969.2,1,559.7
102,2012,68,1800,13.28,1026.7,1,311.4
102,2012,68,1900,13.28,214.84,.183,61.7
102,2012,68,2000,12.75,.26428,0,6.603
102,2012,68,2100,12.73,0,0,6.603
102,2012,68,2200,12.72,0,0,6.603
102,2012,68,2300,12.72,0,0,6.603
101,2012,68,2400,12.71,24082,9.13
102,2012,68,2400,12.72,0,0,6.603
102,2012,69,100,12.72,0,0,6.603
102,2012,69,200,12.72,0,0,6.603
102,2012,69,300,12.71,0,0,6.603
102,2012,69,400,12.71,0,0,6.575
102,2012,69,500,12.71,0,0,6.542
102,2012,69,600,12.71,0,0,6.383
102,2012,69,700,12.71,0,0,6.57
102,2012,69,800,13.27,128.29,0,25.84
102,2012,69,900,13.32,323.3,.167,91.9
102,2012,69,1000,13.32,1341.6,.85,631.5
102,2012,69,1100,13.31,2848.3,1,849
102,2012,69,1200,13.29,3384.8,1,816
102,2012,69,1300,13.28,3646.1,1,741
102,2012,69,1400,13.26,3709.9,1,723
102,2012,69,1500,13.26,3337.9,1,726
102,2012,69,1600,13.25,2799.6,1,752
102,2012,69,1700,13.24,2016.4,1,678.4
102,2012,69,1800,13.24,937.68,.883,366
102,2012,69,1900,13.24,286.49,.283,81
102,2012,69,2000,13.26,.94705,0,6.603
102,2012,69,2100,13.26,0,0,6.603
102,2012,69,2200,13.26,0,0,6.603
102,2012,69,2300,13.26,0,0,6.603
101,2012,69,2400,12.71,24761,9.18
102,2012,69,2400,13.26,0,0,6.603
102,2012,70,100,13.27,0,0,6.603
102,2012,70,200,13.28,0,0,6.603
102,2012,70,300,13.28,0,0,6.603
102,2012,70,400,13.28,0,0,6.603
102,2012,70,500,13.28,0,0,6.537
102,2012,70,600,13.29,0,0,6.526
102,2012,70,700,13.3,.02937,0,6.487
102,2012,70,800,13.29,112.05,0,23.91
102,2012,70,900,13.3,314.15,.117,80.6
102,2012,70,1000,13.3,1316,.866,613.4
102,2012,70,1100,13.3,2704.6,1,787
102,2012,70,1200,13.29,3321.3,1,777
102,2012,70,1300,13.28,3656.2,1,747
102,2012,70,1400,13.27,3472,1,647.3
102,2012,70,1500,13.26,3018.6,.85,574
102,2012,70,1600,13.26,1639.9,.55,297.8
102,2012,70,1700,13.26,922.81,.2,80.8
102,2012,70,1800,13.26,761.45,.716,243.1
102,2012,70,1900,13.26,260.59,.3,79.5
102,2012,70,2000,13.26,.25695,0,6.603
102,2012,70,2100,12.83,0,0,6.603
102,2012,70,2200,12.73,0,0,6.603
102,2012,70,2300,12.73,0,0,6.603
101,2012,70,2400,12.73,21500,7.6
102,2012,70,2400,12.73,0,0,6.603
102,2012,71,100,12.72,0,0,6.603
102,2012,71,200,12.72,0,0,6.603
102,2012,71,300,12.72,0,0,6.603
102,2012,71,400,12.72,0,0,6.603
102,2012,71,500,12.72,0,0,6.603
102,2012,71,600,12.71,0,0,6.603
102,2012,71,700,12.71,.02937,0,6.603
102,2012,71,800,12.72,143.36,0,28.33
102,2012,71,900,13.28,377.05,.083,86.5
102,2012,71,1000,13.29,1346.1,.916,561.7
102,2012,71,1100,13.29,2665.2,1,760
102,2012,71,1200,13.28,3270,1,774
102,2012,71,1300,13.28,2683.8,.666,483.6
102,2012,71,1400,13.28,1259.8,.117,64.36
102,2012,71,1500,13.26,2732,.716,446.3
102,2012,71,1600,13.26,1675.3,.45,299.6
102,2012,71,1700,13.27,388.68,0,26.96
102,2012,71,1800,13.27,713.47,.566,208.6
102,2012,71,1900,13.27,197.57,.35,74.8
102,2012,71,2000,13.27,.27896,0,6.603
102,2012,71,2100,13.28,0,0,6.603
102,2012,71,2200,13.28,0,0,6.603
102,2012,71,2300,13.28,0,0,6.597
101,2012,71,2400,12.71,17453,5.864
102,2012,71,2400,13.28,0,0,6.597
102,2012,72,100,13.28,0,0,6.581
102,2012,72,200,13.29,0,0,6.553
102,2012,72,300,13.29,0,0,6.542
102,2012,72,400,13.29,0,0,6.493
102,2012,72,500,13.29,0,0,6.416
102,2012,72,600,13.3,0,0,6.399
102,2012,72,700,13.31,.21294,0,6.416
102,2012,72,800,13.31,130.79,0,30.19
102,2012,72,900,13.31,322.56,.067,78.4
102,2012,72,1000,13.31,1406.6,.8,590.5
102,2012,72,1100,13.31,2692.3,.983,766
102,2012,72,1200,13.3,3347.3,.966,780
102,2012,72,1300,13.29,2980.3,.833,526.6
102,2012,72,1400,13.28,2702.6,.533,350.2
102,2012,72,1500,13.28,1886.9,.533,288.4
102,2012,72,1600,13.26,2164.4,1,493.2
102,2012,72,1700,13.26,1346.2,.616,346
102,2012,72,1800,13.26,1091.7,.883,357.9
102,2012,72,1900,13.27,77.339,0,13.75
102,2012,72,2000,12.75,.48452,0,6.603
102,2012,72,2100,12.73,0,0,6.603
102,2012,72,2200,12.72,0,0,6.603
102,2012,72,2300,12.72,0,0,6.603
101,2012,72,2400,12.72,20150,7.21
102,2012,72,2400,13.25,0,0,6.597
102,2012,73,100,13.29,0,0,6.564
102,2012,73,200,13.29,0,0,6.559
102,2012,73,300,13.29,0,0,6.597
102,2012,73,400,13.29,0,0,6.531
102,2012,73,500,13.29,0,0,6.493
102,2012,73,600,12.73,0,0,6.548
102,2012,73,700,12.73,.53603,0,6.526
102,2012,73,800,13.31,138.4,0,33.27
102,2012,73,900,13.31,334.25,.067,77.2
102,2012,73,1000,13.31,1548.4,.8,626.4
102,2012,73,1100,13.31,2800.9,1,815
102,2012,73,1200,13.3,3385.7,1,811
102,2012,73,1300,13.3,3662.6,1,792
102,2012,73,1400,13.27,3683.4,1,761
102,2012,73,1500,13.26,3355.5,1,769
102,2012,73,1600,13.24,2799.9,1,773
102,2012,73,1700,13.24,1900,1,634.7
102,2012,73,1800,12.76,1029.4,.816,371.6
102,2012,73,1900,12.74,276.53,.217,86.3
102,2012,73,2000,13.26,.29365,0,6.603
102,2012,73,2100,13.26,0,0,6.603
102,2012,73,2200,13.26,0,0,6.603
102,2012,73,2300,13.27,0,0,6.603
101,2012,73,2400,12.73,24916,8.9
102,2012,73,2400,13.27,0,0,6.603
102,2012,74,100,13.27,0,0,6.603
102,2012,74,200,13.28,0,0,6.597
102,2012,74,300,13.28,0,0,6.592
102,2012,74,400,13.28,0,0,6.592
102,2012,74,500,13.28,0,0,6.531
102,2012,74,600,13.29,0,0,6.526
102,2012,74,700,12.74,.17621,0,6.564
102,2012,74,800,12.71,138.9,0,32.96
102,2012,74,900,12.71,361.8,.117,93.1
102,2012,74,1000,12.71,1543.5,.816,596.2
102,2012,74,1100,12.71,2834.1,1,796
102,2012,74,1200,12.71,3316.1,1,785
102,2012,74,1300,12.71,3628.1,1,747
102,2012,74,1400,12.71,3657.9,1,720
102,2012,74,1500,12.71,2872,.883,555.7
102,2012,74,1600,12.72,1642.7,.4,232.7
102,2012,74,1700,12.72,1096.8,.4,221.8
102,2012,74,1800,12.72,869.49,.983,336.9
102,2012,74,1900,12.72,166.78,.167,56.95
102,2012,74,2000,12.77,.93231,0,6.603
102,2012,74,2100,12.75,0,0,6.603
102,2012,74,2200,13.22,0,0,6.603
102,2012,74,2300,13.27,0,0,6.603
101,2012,74,2400,12.71,22129,7.76
102,2012,74,2400,12.75,0,0,6.603
102,2012,75,100,12.74,0,0,6.603
102,2012,75,200,12.74,0,0,6.603
102,2012,75,300,12.74,0,0,6.603
102,2012,75,400,12.73,0,0,6.603
102,2012,75,500,12.73,0,0,6.603
102,2012,75,600,12.72,0,0,6.597
102,2012,75,700,13.24,.50666,0,6.531
102,2012,75,800,13.3,141.98,0,35.78
102,2012,75,900,13.3,366.23,.15,97.5
102,2012,75,1000,13.3,1547.6,.833,608.8
102,2012,75,1100,13.3,2818.6,1,818
102,2012,75,1200,13.29,3374.6,1,811
102,2012,75,1300,13.27,3647.9,1,764
102,2012,75,1400,13.26,3624.7,1,710
102,2012,75,1500,13.24,3317.2,1,736
102,2012,75,1600,13.24,2618.8,.983,706
102,2012,75,1700,13.24,1980.7,1,668.5
102,2012,75,1800,13.23,1035.3,1,430.4
102,2012,75,1900,13.24,231.91,.4,109.6
102,2012,75,2000,13.24,.59467,0,6.602
102,2012,75,2100,13.24,0,0,6.602
102,2012,75,2200,13.25,0,0,6.603
102,2012,75,2300,13.25,0,0,6.603
101,2012,75,2400,12.72,24707,9.36
102,2012,75,2400,13.26,0,0,6.603
102,2012,76,100,13.26,0,0,6.603
102,2012,76,200,13.26,0,0,6.603
102,2012,76,300,12.99,0,0,6.603
102,2012,76,400,13.27,0,0,6.586
102,2012,76,500,13.28,0,0,6.542
102,2012,76,600,13.28,0,0,6.498
102,2012,76,700,13.28,.4552,0,6.581
102,2012,76,800,13.29,189.39,0,28.98
102,2012,76,900,13.29,477.67,.133,107
102,2012,76,1000,13.3,1537.1,.933,542.4
102,2012,76,1100,13.29,2692.1,1,740
102,2012,76,1200,13.29,3321.9,1,766
102,2012,76,1300,13.28,3172.2,.95,625.6
102,2012,76,1400,12.73,3701.8,.966,615.1
102,2012,76,1500,12.73,1743.1,.367,199.3
102,2012,76,1600,12.73,2163.6,.833,510.3
102,2012,76,1700,12.73,1534.8,1,450.4
102,2012,76,1800,13.24,1082.2,1,451.8
102,2012,76,1900,13.26,285.75,.45,135
102,2012,76,2000,12.74,.52857,0,6.603
102,2012,76,2100,12.73,0,0,6.603
102,2012,76,2200,12.73,0,0,6.603
102,2012,76,2300,12.73,0,0,6.603
101,2012,76,2400,12.73,21902,8.63
102,2012,76,2400,13.27,0,0,6.603
102,2012,77,100,13.27,0,0,6.603
102,2012,77,200,12.74,0,0,6.603
102,2012,77,300,12.73,0,0,6.603
102,2012,77,400,12.72,0,0,6.592
102,2012,77,500,13.28,0,0,6.564
102,2012,77,600,13.29,0,0,6.537
102,2012,77,700,13.29,.33039,0,6.493
102,2012,77,800,13.29,161.85,0,30.74
102,2012,77,900,13.29,465.98,.05,92.2
102,2012,77,1000,13.29,1523.7,.916,511
102,2012,77,1100,13.3,2662.3,1,704
102,2012,77,1200,12.75,3220,1,723
102,2012,77,1300,12.72,3410.5,.966,634.4
102,2012,77,1400,12.72,3370.4,.916,552.6
102,2012,77,1500,12.72,3032.4,.95,549
102,2012,77,1600,12.73,2414.6,.883,492.9
102,2012,77,1700,12.73,1644.2,.966,420.6
102,2012,77,1800,12.72,891.26,1,303
102,2012,77,1900,12.72,232.95,.267,77
102,2012,77,2000,13.25,.0881,0,6.603
102,2012,77,2100,13.26,0,0,6.603
102,2012,77,2200,13.26,0,0,6.603
102,2012,77,2300,13.26,0,0,6.603
101,2012,77,2400,12.72,23031,8.91
102,2012,77,2400,13.26,0,0,6.603
102,2012,78,100,13.27,0,0,6.603
102,2012,78,200,13.27,0,0,6.603
102,2012,78,300,13.28,0,0,6.603
102,2012,78,400,13.28,0,0,6.603
102,2012,78,500,13.28,0,0,6.603
102,2012,78,600,13.28,0,0,6.603
102,2012,78,700,13.28,.54329,0,6.603
102,2012,78,800,13.29,208.99,0,25.58
102,2012,78,900,13.29,609.51,.017,81.4
102,2012,78,1000,13.29,1560.6,.833,398.4
102,2012,78,1100,13.29,2426.6,1,521.6
102,2012,78,1200,13.28,2826.4,1,475.9
102,2012,78,1300,13.28,2737.7,.816,331.9
102,2012,78,1400,12.75,1997.2,.35,147.6
102,2012,78,1500,12.73,2996.4,.916,504.5
102,2012,78,1600,13.27,2281.9,.816,462.5
102,2012,78,1700,13.26,1720.2,.983,516.8
102,2012,78,1800,13.26,625.18,.716,187.6
102,2012,78,1900,13.26,103.17,0,15.43
102,2012,78,2000,12.74,2.496,0,6.603
102,2012,78,2100,12.73,0,0,6.603
102,2012,78,2200,12.72,0,0,6.603
102,2012,78,2300,12.72,0,0,6.603
101,2012,78,2400,12.72,20097,7.45
102,2012,78,2400,12.72,0,0,6.603
102,2012,79,100,12.72,0,0,6.603
102,2012,79,200,13.27,0,0,6.592
102,2012,79,300,13.28,0,0,6.603
102,2012,79,400,13.28,0,0,6.603
102,2012,79,500,13.29,0,0,6.597
102,2012,79,600,13.29,0,0,6.575
102,2012,79,700,13.3,.49925,0,6.52
102,2012,79,800,13.3,134.29,0,33.99
102,2012,79,900,13.31,348.73,.1,85.4
102,2012,79,1000,13.3,1579.4,.833,610.5
102,2012,79,1100,13.29,2825.2,1,827
102,2012,79,1200,13.28,3397.1,1,817
102,2012,79,1300,13.28,2841.5,.716,523.1
102,2012,79,1400,13.26,2773.8,.65,433.6
102,2012,79,1500,13.26,3309.7,.966,709
102,2012,79,1600,13.25,2503.5,.916,646.2
102,2012,79,1700,13.25,1590.8,.966,466.5
102,2012,79,1800,13.25,311.21,.083,53.52
102,2012,79,1900,13.25,71.161,0,17.76
102,2012,79,2000,13.26,.57263,0,6.603
102,2012,79,2100,13.26,0,0,6.559
102,2012,79,2200,13.26,0,0,6.603
102,2012,79,2300,13.26,0,0,6.603
101,2012,79,2400,12.72,21687,7.23
102,2012,79,2400,13.26,0,0,6.603
102,2012,80,100,13.27,0,0,6.603
102,2012,80,200,13.27,0,0,6.603
102,2012,80,300,13.27,0,0,6.592
102,2012,80,400,13.28,0,0,6.586
102,2012,80,500,13.28,0,0,6.575
102,2012,80,600,13.28,0,0,6.57
102,2012,80,700,13.28,.78558,0,6.57
102,2012,80,800,13.28,147.31,0,38.85
102,2012,80,900,12.74,374.46,.15,93.9
102,2012,80,1000,12.71,1648.7,.833,621.9
102,2012,80,1100,12.71,2898.9,1,847
102,2012,80,1200,12.72,3394.5,1,830
102,2012,80,1300,12.72,3707.1,1,808
102,2012,80,1400,12.72,3696.7,1,760
102,2012,80,1500,12.72,3445.1,1,791
102,2012,80,1600,12.72,2666.8,1,701
102,2012,80,1700,12.72,1639.2,.783,382.7
102,2012,80,1800,13.23,1028,.866,366.5
102,2012,80,1900,13.24,191.47,.033,31.87
102,2012,80,2000,12.75,.04405,0,6.603
102,2012,80,2100,12.74,0,0,6.603
102,2012,80,2200,13.26,0,0,6.603
102,2012,80,2300,13.26,0,0,6.603
101,2012,80,2400,12.71,24839,8.66
102,2012,80,2400,13.26,0,0,6.603
102,2012,81,100,13.28,0,0,6.603
102,2012,81,200,13.28,0,0,6.603
102,2012,81,300,13.28,0,0,6.603
102,2012,81,400,13.28,0,0,6.597
102,2012,81,500,13.28,0,0,6.603
102,2012,81,600,13.28,0,0,6.603
102,2012,81,700,12.74,2.6577,0,6.603
102,2012,81,800,12.72,177.66,0,39.8
102,2012,81,900,13.29,472.46,.25,117.8
102,2012,81,1000,13.3,1754.8,.85,602.6
102,2012,81,1100,13.29,2629.4,1,710
102,2012,81,1200,13.28,3223.3,1,762
102,2012,81,1300,13.27,3674.1,1,773
102,2012,81,1400,12.76,3605.4,1,656.6
102,2012,81,1500,12.74,3113,.983,647.6
102,2012,81,1600,12.74,2829.1,1,764
102,2012,81,1700,13.24,2104.8,1,681.6
102,2012,81,1800,13.24,1213.3,1,558.2
102,2012,81,1900,13.25,316.04,.583,191.5
102,2012,81,2000,13.25,.23493,0,6.602
102,2012,81,2100,13.25,0,0,6.602
102,2012,81,2200,13.25,0,0,6.602
102,2012,81,2300,13.26,0,0,6.603
101,2012,81,2400,12.72,25116,9.66
102,2012,81,2400,13.26,0,0,6.603
102,2012,82,100,13.26,0,0,6.603
102,2012,82,200,13.26,0,0,6.603
102,2012,82,300,13.26,0,0,6.597
102,2012,82,400,13.27,0,0,6.509
102,2012,82,500,13.27,0,0,6.493
102,2012,82,600,13.28,0,0,6.581
102,2012,82,700,13.28,.65339,0,6.586
102,2012,82,800,13.28,131.68,0,37.12
102,2012,82,900,13.29,345.73,.35,113
102,2012,82,1000,13.29,1685.4,.85,639.1
102,2012,82,1100,13.29,2798.6,1,818
102,2012,82,1200,13.28,3376,1,824
102,2012,82,1300,13.27,3440.2,.916,695
102,2012,82,1400,13.27,2817.6,.683,451
102,2012,82,1500,13.26,3377.8,.983,753
102,2012,82,1600,13.24,2852.2,1,773
102,2012,82,1700,13.24,1948,.883,601.6
102,2012,82,1800,13.23,1107.5,1,569.9
102,2012,82,1900,13.24,216.31,.4,165.1
102,2012,82,2000,12.74,0,0,6.602
102,2012,82,2100,12.72,0,0,6.602
102,2012,82,2200,12.72,0,0,6.602
102,2012,82,2300,12.72,0,0,6.603
101,2012,82,2400,12.72,24098,9.06
102,2012,82,2400,12.72,0,0,6.603
102,2012,83,100,12.72,0,0,6.603
102,2012,83,200,12.72,0,0,6.603
102,2012,83,300,12.72,0,0,6.586
102,2012,83,400,13.26,.0881,0,6.548
102,2012,83,500,13.26,0,0,6.597
102,2012,83,600,12.78,0,0,6.603
102,2012,83,700,12.74,.69742,0,6.603
102,2012,83,800,13.28,196.28,.033,50.83
102,2012,83,900,13.28,549.5,.167,82.7
102,2012,83,1000,13.28,1674.7,.9,583.3
102,2012,83,1100,13.28,2755.4,1,775
102,2012,83,1200,12.74,3302.2,1,772
102,2012,83,1300,12.73,3560.1,1,715
102,2012,83,1400,13.25,3656.5,1,706
102,2012,83,1500,13.24,3420.9,1,716
102,2012,83,1600,13.24,2366,.866,524.6
102,2012,83,1700,13.24,1781.2,1,532.8
102,2012,83,1800,13.24,775.03,.85,265.5
102,2012,83,1900,13.24,312.02,.367,93.4
102,2012,83,2000,13.24,.03671,0,6.602
102,2012,83,2100,12.9,0,0,6.602
102,2012,83,2200,13.24,0,0,6.602
102,2012,83,2300,13.25,0,0,6.602
101,2012,83,2400,12.72,24351,9.18
102,2012,83,2400,13.25,0,0,6.602
102,2012,84,100,13.25,0,0,6.603
102,2012,84,200,13.26,0,0,6.603
102,2012,84,300,13.26,0,0,6.603
102,2012,84,400,13.26,0,0,6.603
102,2012,84,500,13.26,0,0,6.603
102,2012,84,600,13.27,0,0,6.603
102,2012,84,700,13.27,.61667,0,6.603
102,2012,84,800,13.28,205.31,0,35.34
102,2012,84,900,13.28,620.45,.233,102.9
102,2012,84,1000,13.28,1153.8,.4,125.8
102,2012,84,1100,13.28,2173.5,.916,299
102,2012,84,1200,13.28,2834.1,1,554.1
102,2012,84,1300,13.27,2134.3,.433,296.4
102,2012,84,1400,13.26,2183.9,.433,249.6
102,2012,84,1500,13.25,3188.1,.95,631.4
102,2012,84,1600,13.24,2165.7,.683,466.2
102,2012,84,1700,13.25,1769.3,.933,591
102,2012,84,1800,13.24,1061.4,.883,499.8
102,2012,84,1900,13.24,202.56,.167,69.92
102,2012,84,2000,13.25,0,0,6.602
102,2012,84,2100,13.25,0,0,6.603
102,2012,84,2200,13.26,0,0,6.603
102,2012,84,2300,13.25,0,0,6.603
101,2012,84,2400,13.24,19693,7.03
102,2012,84,2400,13.26,0,0,6.603
102,2012,85,100,13.27,0,0,6.603
102,2012,85,200,13.28,0,0,6.603
102,2012,85,300,13.29,0,0,6.603
102,2012,85,400,13.3,0,0,6.603
102,2012,85,500,13.31,0,0,6.597
102,2012,85,600,13.32,0,0,6.57
102,2012,85,700,13.33,2.4965,0,6.553
102,2012,85,800,13.34,281.67,.033,52.01
102,2012,85,900,13.33,747.38,.133,101.2
102,2012,85,1000,13.31,1728.5,.95,402.6
102,2012,85,1100,13.31,2564.8,1,609.6
102,2012,85,1200,13.29,3339,1,781
102,2012,85,1300,13.28,3629.4,1,767
102,2012,85,1400,13.27,3565.1,.95,651.7
102,2012,85,1500,13.26,1885.4,.383,203.2
102,2012,85,1600,13.26,1158,.483,200.6
102,2012,85,1700,13.26,2224.5,.983,640.4
102,2012,85,1800,13.25,1291.6,.883,394.3
102,2012,85,1900,13.25,269.86,.516,142.7
102,2012,85,2000,13.26,0,0,6.602
102,2012,85,2100,13.26,0,0,6.603
102,2012,85,2200,13.26,0,0,6.603
102,2012,85,2300,13.26,0,0,6.603
101,2012,85,2400,13.25,22688,8.31
102,2012,85,2400,13.27,0,0,6.603
102,2012,86,100,13.28,0,0,6.603
102,2012,86,200,13.28,0,0,6.603
102,2012,86,300,13.28,0,0,6.603
102,2012,86,400,13.31,0,0,6.592
102,2012,86,500,13.32,0,0,6.597
102,2012,86,600,13.32,0,0,6.603
102,2012,86,700,13.32,1.1455,0,6.603
102,2012,86,800,13.31,126.94,.167,62.15
102,2012,86,900,13.31,332.47,.3,111.4
102,2012,86,1000,13.31,1670.7,.883,663.4
102,2012,86,1100,13.3,2885.5,1,837
102,2012,86,1200,13.29,3377.7,1,815
102,2012,86,1300,13.28,3640.2,1,798
102,2012,86,1400,13.26,3268.4,.816,597.7
102,2012,86,1500,13.25,2246.8,.55,299.5
102,2012,86,1600,13.24,2273.4,.85,512.5
102,2012,86,1700,13.24,1802.8,1,599.7
102,2012,86,1800,13.24,987.06,1,459.4
102,2012,86,1900,13.25,188.21,.317,106.4
102,2012,86,2000,13.26,.08076,0,6.603
102,2012,86,2100,13.26,0,0,6.603
102,2012,86,2200,13.26,0,0,6.603
102,2012,86,2300,13.26,0,0,6.603
101,2012,86,2400,13.24,22801,8.88
102,2012,86,2400,13.27,0,0,6.603
102,2012,87,100,13.28,0,0,6.603
102,2012,87,200,13.29,0,0,6.603
102,2012,87,300,13.29,0,0,6.603
102,2012,87,400,13.3,0,0,6.603
102,2012,87,500,13.31,0,0,6.603
102,2012,87,600,13.31,0,0,6.597
102,2012,87,700,13.33,1.9458,0,6.592
102,2012,87,800,13.33,172.43,0,51.46
102,2012,87,900,13.33,436.68,.15,98.8
102,2012,87,1000,13.31,1588.5,.916,560
102,2012,87,1100,13.31,2716.3,1,741
102,2012,87,1200,13.3,3268.9,1,734
102,2012,87,1300,13.28,2999.1,.75,520.8
102,2012,87,1400,13.27,2766.1,.683,440.9
102,2012,87,1500,13.26,994.23,.05,56.24
102,2012,87,1600,13.27,1564.5,.666,264.7
102,2012,87,1700,13.26,1611.4,1,447.1
102,2012,87,1800,13.26,762.27,.466,229.1
102,2012,87,1900,13.26,71.202,0,11
102,2012,87,2000,13.27,0,0,6.603
102,2012,87,2100,13.27,0,0,6.586
102,2012,87,2200,13.27,0,0,6.581
102,2012,87,2300,13.26,0,0,6.603
101,2012,87,2400,13.26,18954,6.681
102,2012,87,2400,13.27,0,0,6.603
102,2012,88,100,13.27,0,0,6.603
102,2012,88,200,13.28,0,0,6.603
102,2012,88,300,13.28,0,0,6.603
102,2012,88,400,13.28,0,0,6.603
102,2012,88,500,13.28,0,0,6.553
102,2012,88,600,13.29,0,0,6.52
102,2012,88,700,13.29,1.3362,0,6.443
102,2012,88,800,13.29,148.35,.15,62.42
102,2012,88,900,13.3,417.81,.033,84
102,2012,88,1000,13.29,1606.5,.9,633.1
102,2012,88,1100,13.29,2802.4,1,802
102,2012,88,1200,13.29,3341.6,1,798
102,2012,88,1300,13.28,3428.3,.966,719
102,2012,88,1400,13.27,3642.6,1,742
102,2012,88,1500,13.27,3529.8,1,754
102,2012,88,1600,13.26,2769.6,1,758
102,2012,88,1700,12.76,1733.1,.8,591.1
102,2012,88,1800,13.25,1081,.95,403.7
102,2012,88,1900,13.25,512.18,.4,109.6
102,2012,88,2000,13.25,2.3052,0,6.602
102,2012,88,2100,13.26,0,0,6.602
102,2012,88,2200,13.25,0,0,6.603
102,2012,88,2300,13.26,0,0,6.603
101,2012,88,2400,12.76,25017,9.2
102,2012,88,2400,13.26,0,0,6.603
102,2012,89,100,13.26,0,0,6.603
102,2012,89,200,13.26,0,0,6.597
102,2012,89,300,13.27,0,0,6.603
102,2012,89,400,13.27,0,0,6.559
102,2012,89,500,13.28,0,0,6.592
102,2012,89,600,13.28,0,0,6.603
102,2012,89,700,13.28,1.0646,0,6.603
102,2012,89,800,13.29,135.36,.2,74
102,2012,89,900,13.29,405.61,.15,91.5
102,2012,89,1000,13.29,1613.4,.9,658.5
102,2012,89,1100,13.28,2839.1,1,821
102,2012,89,1200,12.76,3378.2,1,823
102,2012,89,1300,12.72,3627.9,1,796
102,2012,89,1400,12.71,3683.8,1,777
102,2012,89,1500,12.71,3247.1,.933,723
102,2012,89,1600,13.25,2102.1,.866,554.6
102,2012,89,1700,13.26,1842.5,.966,665.1
102,2012,89,1800,12.73,1058.2,1,536.1
102,2012,89,1900,12.72,145.9,.2,87.9
102,2012,89,2000,13.26,0,0,6.602
102,2012,89,2100,13.25,0,0,6.602
102,2012,89,2200,13.25,0,0,6.602
102,2012,89,2300,13.25,0,0,6.602
101,2012,89,2400,12.71,24080,9.21
102,2012,89,2400,13.25,0,0,6.602
102,2012,90,100,13.25,.10278,0,6.602
102,2012,90,200,13.25,.61668,0,6.602
102,2012,90,300,13.25,.38909,0,6.603
102,2012,90,400,13.26,0,0,6.603
102,2012,90,500,13.26,0,0,6.603
102,2012,90,600,13.26,0,0,6.603
102,2012,90,700,13.27,2.3051,0,6.603
102,2012,90,800,13.28,174.31,.333,97.6
102,2012,90,900,13.29,389.87,.15,92
102,2012,90,1000,13.28,1598.1,.9,636.5
102,2012,90,1100,13.28,2633.8,1,726
102,2012,90,1200,13.27,3140.4,1,715
102,2012,90,1300,13.26,3427.4,1,676.8
102,2012,90,1400,13.26,2832.3,.883,493.3
102,2012,90,1500,13.25,2688.5,1,470
102,2012,90,1600,13.24,1637.1,.417,255.8
102,2012,90,1700,13.24,1802.2,.933,562.9
102,2012,90,1800,13.24,1044.3,1,477.6
102,2012,90,1900,13.24,211.55,.4,117.8
102,2012,90,2000,13.24,0,0,6.602
102,2012,90,2100,13.24,0,0,6.602
102,2012,90,2200,13.24,0,0,6.602
102,2012,90,2300,13.24,0,0,6.602
101,2012,90,2400,13.24,21583,9.01
102,2012,90,2400,13.25,0,0,6.602
102,2012,91,100,13.25,0,0,6.602
102,2012,91,200,13.25,0,0,6.602
102,2012,91,300,13.25,0,0,6.603
102,2012,91,400,13.26,0,0,6.603
102,2012,91,500,13.26,0,0,6.603
102,2012,91,600,13.26,0,0,6.603
102,2012,91,700,13.26,3.788,0,6.597
102,2012,91,800,13.27,225.35,.117,62.97
102,2012,91,900,13.28,695.48,.1,101.8
102,2012,91,1000,13.27,1458,1,323.5
102,2012,91,1100,13.27,2302.7,1,503.3
102,2012,91,1200,13.27,2261.7,.616,301.8
102,2012,91,1300,13.26,2316.6,.5,227.9
102,2012,91,1400,13.26,2418.2,.5,199.8
102,2012,91,1500,12.82,388.02,0,37.46
102,2012,91,1600,12.72,116.3,0,6.801
102,2012,91,1700,12.71,274.11,0,9.25
102,2012,91,1800,13.28,222.27,0,11.88
102,2012,91,1900,13.29,79.396,0,6.586
102,2012,91,2000,13.29,.15418,0,6.548
102,2012,91,2100,13.29,0,0,6.581
102,2012,91,2200,13.28,0,0,6.581
102,2012,91,2300,13.28,0,0,6.586
101,2012,91,2400,12.71,12766,3.832
102,2012,91,2400,12.9,3.8983,0,6.41
102,2012,92,100,12.72,0,0,6.581
102,2012,92,200,12.71,0,0,6.603
102,2012,92,300,12.7,0,0,6.603
102,2012,92,400,12.7,0,0,6.603
102,2012,92,500,12.7,0,0,6.603
102,2012,92,600,12.7,0,0,6.603
102,2012,92,700,12.7,.4479,0,6.603
102,2012,92,800,12.7,154.87,0,6.604
102,2012,92,900,12.7,652.93,0,27.98
102,2012,92,1000,12.69,1842.1,.85,441.5
102,2012,92,1100,12.69,2957.5,1,743
102,2012,92,1200,13.29,3072.4,1,652.3
102,2012,92,1300,12.75,3273.9,.916,487.5
102,2012,92,1400,12.73,3180,.933,438.5
102,2012,92,1500,12.74,1651.6,.383,181.1
102,2012,92,1600,12.89,2776.9,.85,545.9
102,2012,92,1700,12.73,831.35,.2,84.7
102,2012,92,1800,12.72,405.37,0,28.76
102,2012,92,1900,12.72,109.91,0,19.71
102,2012,92,2000,12.87,0,0,6.504
102,2012,92,2100,13.31,0,0,6.432
102,2012,92,2200,13.32,0,0,6.421
102,2012,92,2300,13.32,0,0,6.388
101,2012,92,2400,12.69,20909,6.131
102,2012,92,2400,13.33,0,0,6.405
102,2012,93,100,13.32,0,0,6.405
102,2012,93,200,13.33,0,0,6.46
102,2012,93,300,13.33,0,0,6.57
102,2012,93,400,13.33,0,0,6.581
102,2012,93,500,13.33,0,0,6.576
102,2012,93,600,13.33,0,0,6.565
102,2012,93,700,13.34,.87377,0,6.582
102,2012,93,800,13.34,137.9,0,27.81
102,2012,93,900,13.34,389.21,.183,101.6
102,2012,93,1000,13.34,1682,.916,634
102,2012,93,1100,13.33,2804.9,1,797
102,2012,93,1200,13.33,3392.4,1,829
102,2012,93,1300,13.32,3803.4,1,799
102,2012,93,1400,13.31,3651.8,.883,695.5
102,2012,93,1500,13.31,3409.6,.916,717
102,2012,93,1600,13.3,1791.7,.483,322.1
102,2012,93,1700,13.3,1439.1,.683,283.8
102,2012,93,1800,13.3,201.66,0,34.81
102,2012,93,1900,13.3,51.371,0,8.96
102,2012,93,2000,12.74,.05874,0,6.603
102,2012,93,2100,12.72,0,0,6.603
102,2012,93,2200,12.71,0,0,6.586
102,2012,93,2300,13.31,0,0,6.592
101,2012,93,2400,12.71,22756,7.06
102,2012,93,2400,13.31,0,0,6.564
102,2012,94,100,13.31,0,0,6.553
102,2012,94,200,13.31,0,0,6.542
102,2012,94,300,13.32,0,0,6.482
102,2012,94,400,13.32,0,0,6.515
102,2012,94,500,13.32,0,0,6.498
102,2012,94,600,13.33,0,0,6.438
102,2012,94,700,13.33,.67553,0,6.399
102,2012,94,800,13.33,146.9,.5,128.5
102,2012,94,900,13.33,360.88,.25,112.8
102,2012,94,1000,13.33,1604.5,.95,638.8
102,2012,94,1100,13.32,2783.2,1,807
102,2012,94,1200,13.31,3349.2,1,819
102,2012,94,1300,12.75,3611.1,1,797
102,2012,94,1400,13.3,3633.1,1,754
102,2012,94,1500,13.3,2812.4,1,406.1
102,2012,94,1600,13.3,1789.5,1,206
102,2012,94,1700,13.3,1303.9,1,279.3
102,2012,94,1800,13.29,943.43,.65,239.5
102,2012,94,1900,13.29,68.083,0,7.59
102,2012,94,2000,13.29,0,0,6.603
102,2012,94,2100,13.29,0,0,6.603
102,2012,94,2200,13.29,0,0,6.603
102,2012,94,2300,13.29,0,0,6.603
101,2012,94,2400,12.75,22407,9.35
102,2012,94,2400,13.29,0,0,6.603
102,2012,95,100,13.29,0,0,6.603
102,2012,95,200,13.3,0,0,6.603
102,2012,95,300,13.3,0,0,6.603
102,2012,95,400,13.3,0,0,6.597
102,2012,95,500,13.3,0,0,6.592
102,2012,95,600,13.3,0,0,6.575
102,2012,95,700,13.3,3.0836,0,6.614
102,2012,95,800,13.31,174.92,.35,118.4
102,2012,95,900,13.31,298.42,0,81.4
102,2012,95,1000,13.3,1699.4,.966,701
102,2012,95,1100,13.3,2876.4,1,837
102,2012,95,1200,13.29,3398.8,1,834
102,2012,95,1300,13.3,3553.5,.95,747
102,2012,95,1400,13.29,3813.6,1,712
102,2012,95,1500,13.28,3242.6,.866,474.8
102,2012,95,1600,13.28,1913.7,.5,282.9
102,2012,95,1700,13.27,1576.5,.866,413.1
102,2012,95,1800,12.78,632.95,.367,164.2
102,2012,95,1900,12.72,47.843,0,6.603
102,2012,95,2000,13.28,0,0,6.603
102,2012,95,2100,13.28,0,0,6.603
102,2012,95,2200,13.27,0,0,6.603
102,2012,95,2300,13.28,0,0,6.603
101,2012,95,2400,12.72,23232,7.86
102,2012,95,2400,13.28,0,0,6.603
102,2012,96,100,13.28,0,0,6.603
102,2012,96,200,13.28,0,0,6.603
102,2012,96,300,13.28,0,0,6.603
102,2012,96,400,13.28,0,0,6.603
102,2012,96,500,13.28,0,0,6.603
102,2012,96,600,13.29,0,0,6.603
102,2012,96,700,13.29,.74155,0,6.603
102,2012,96,800,13.29,97.479,0,6.603
102,2012,96,900,13.3,257.26,0,6.603
102,2012,96,1000,13.29,1068,.367,98.4
102,2012,96,1100,13.3,2292.5,.766,342.9
102,2012,96,1200,13.29,2550.4,.833,351.5
102,2012,96,1300,13.29,1389,.067,42.7
102,2012,96,1400,12.93,935.4,.05,30.52
102,2012,96,1500,12.73,291.51,0,7.53
102,2012,96,1600,13.29,248.84,0,10.23
102,2012,96,1700,13.29,298.94,0,16.83
102,2012,96,1800,13.3,169.65,0,7.3
102,2012,96,1900,13.3,40.432,0,6.603
102,2012,96,2000,13.29,0,0,6.603
102,2012,96,2100,13.3,0,0,6.603
102,2012,96,2200,13.3,0,0,6.603
102,2012,96,2300,13.29,0,0,6.603
101,2012,96,2400,12.73,9640.2,2.082
102,2012,96,2400,13.3,0,0,6.603
102,2012,97,100,13.3,0,0,6.603
102,2012,97,200,13.3,0,0,6.592
102,2012,97,300,13.3,.13215,0,6.438
102,2012,97,400,13.31,1.5492,0,6.394
102,2012,97,500,13.31,0,0,6.52
102,2012,97,600,13.31,0,0,6.553
102,2012,97,700,13.31,2.1808,0,6.581
102,2012,97,800,13.32,202.2,.117,45.86
102,2012,97,900,13.32,655.69,.15,47.72
102,2012,97,1000,13.32,909.81,.05,31.18
102,2012,97,1100,13.31,1442.6,.367,113.6
102,2012,97,1200,13.31,1937.3,.05,72.3
102,2012,97,1300,13.31,2399,.35,113.1
102,2012,97,1400,13.3,3351,.933,485.4
102,2012,97,1500,13.3,2487.3,.566,414.4
102,2012,97,1600,13.3,188.59,0,18.97
102,2012,97,1700,13.3,218.94,0,8.47
102,2012,97,1800,13.3,207,.017,13.26
102,2012,97,1900,13.3,143.39,.317,91.2
102,2012,97,2000,13.31,0,0,6.603
102,2012,97,2100,13.31,0,0,6.603
102,2012,97,2200,13.31,0,0,6.597
102,2012,97,2300,13.31,0,0,6.603
101,2012,97,2400,13.3,14147,2.915
102,2012,97,2400,13.31,0,0,6.597
102,2012,98,100,13.31,0,0,6.537
102,2012,98,200,13.31,0,0,6.553
102,2012,98,300,13.31,0,0,6.564
102,2012,98,400,13.32,0,0,6.52
102,2012,98,500,13.32,0,0,6.542
102,2012,98,600,13.32,0,0,6.531
102,2012,98,700,13.33,.81505,0,6.603
102,2012,98,800,13.33,118.17,0,6.603
102,2012,98,900,13.33,313.7,0,6.614
102,2012,98,1000,13.33,817.19,0,24.5
102,2012,98,1100,13.33,2021.8,.816,238.6
102,2012,98,1200,13.32,2184.6,.7,217.4
102,2012,98,1300,13.31,2711.3,.516,302.3
102,2012,98,1400,13.31,1717,.317,228.7
102,2012,98,1500,13.32,196.63,0,6.983
102,2012,98,1600,13.32,86.109,0,6.476
102,2012,98,1700,13.33,43.337,0,6.52
102,2012,98,1800,13.33,39.849,0,6.515
102,2012,98,1900,13.33,18.702,0,6.559
102,2012,98,2000,13.33,0,0,6.575
102,2012,98,2100,13.33,0,0,6.559
102,2012,98,2200,13.33,0,0,6.443
102,2012,98,2300,13.33,0,0,6.41
101,2012,98,2400,13.31,10269,2.349
102,2012,98,2400,13.34,0,0,6.383
102,2012,99,100,13.34,0,0,6.411
102,2012,99,200,13.34,0,0,6.4
102,2012,99,300,13.34,0,0,6.428
102,2012,99,400,13.34,0,0,6.422
102,2012,99,500,13.34,0,0,6.455
102,2012,99,600,13.34,0,0,6.472
102,2012,99,700,13.35,5.5142,0,6.478
102,2012,99,800,13.35,284.58,.033,47.79
102,2012,99,900,13.35,562.02,0,22.03
102,2012,99,1000,13.34,1487.7,.7,319.3
102,2012,99,1100,13.34,2326,1,558.1
102,2012,99,1200,13.33,2872.8,.85,643.5
102,2012,99,1300,13.33,2020.4,.483,274.6
102,2012,99,1400,13.33,2865.1,.9,413.6
102,2012,99,1500,13.32,2541.9,.6,393.2
102,2012,99,1600,13.31,2056.9,.85,425.2
102,2012,99,1700,13.31,1413.9,1,431.2
102,2012,99,1800,13.31,535.5,.317,72.7
102,2012,99,1900,13.31,190.78,0,11.57
102,2012,99,2000,13.32,0,0,6.603
102,2012,99,2100,13.31,0,0,6.592
102,2012,99,2200,13.32,0,0,6.603
102,2012,99,2300,13.32,0,0,6.603
101,2012,99,2400,12.72,19163,6.731
102,2012,99,2400,12.72,0,0,6.597
102,2012,100,100,12.7,0,0,6.603
102,2012,100,200,12.7,0,0,6.603
102,2012,100,300,12.69,0,0,6.603
102,2012,100,400,12.7,0,0,6.603
102,2012,100,500,12.69,0,0,6.604
102,2012,100,600,12.69,0,0,6.604
102,2012,100,700,12.69,5.0296,0,6.604
102,2012,100,800,12.69,169.5,.5,137
102,2012,100,900,12.69,414.74,.283,156.3
102,2012,100,1000,12.69,1760,1,796
102,2012,100,1100,12.69,2853.1,1,832
102,2012,100,1200,12.7,3460.7,1,830
102,2012,100,1300,13.3,3459.2,.883,652.9
102,2012,100,1400,13.3,3575.8,.983,599.5
102,2012,100,1500,13.3,1365.9,.267,147.6
102,2012,100,1600,13.3,909.11,.067,47.67
102,2012,100,1700,13.31,210.98,0,11.36
102,2012,100,1800,13.31,6.1158,0,6.388
102,2012,100,1900,13.31,8.0401,0,6.339
102,2012,100,2000,13.32,.98394,0,6.394
102,2012,100,2100,13.32,0,0,6.476
102,2012,100,2200,13.32,0,0,6.443
102,2012,100,2300,13.32,.6682,0,6.377
101,2012,100,2400,12.69,18201,5.981
102,2012,100,2400,13.33,.95457,0,6.449
102,2012,101,100,13.33,.24231,0,6.432
102,2012,101,200,13.33,0,0,6.465
102,2012,101,300,13.33,0,0,6.438
102,2012,101,400,13.33,0,0,6.471
102,2012,101,500,13.33,0,0,6.455
102,2012,101,600,13.34,0,0,6.389
102,2012,101,700,13.34,1.3804,0,6.394
102,2012,101,800,13.34,195.47,.2,77.8
102,2012,101,900,13.34,594.15,.1,57.96
102,2012,101,1000,13.34,1666.9,.733,451.1
102,2012,101,1100,13.34,2521.8,1,686.6
102,2012,101,1200,13.33,2994.3,1,744
102,2012,101,1300,13.33,3408.4,1,744
102,2012,101,1400,13.31,3705.2,1,784
102,2012,101,1500,13.31,3334.9,1,764
102,2012,101,1600,13.3,2807.7,1,788
102,2012,101,1700,13.3,1893.1,1,668.3
102,2012,101,1800,13.3,838.98,.516,336.5
102,2012,101,1900,12.74,166.47,0,11.68
102,2012,101,2000,12.72,2.533,0,6.63
102,2012,101,2100,13.29,0,0,6.443
102,2012,101,2200,13.31,0,0,6.388
102,2012,101,2300,13.31,0,0,6.355
101,2012,101,2400,12.72,24131,8.55
102,2012,101,2400,13.32,0,0,6.372
102,2012,102,100,13.32,0,0,6.383
102,2012,102,200,13.32,0,0,6.333
102,2012,102,300,13.33,0,0,6.377
102,2012,102,400,13.33,0,0,6.405
102,2012,102,500,13.33,0,0,6.405
102,2012,102,600,13.33,0,0,6.455
102,2012,102,700,13.34,4.971,0,6.493
102,2012,102,800,13.34,242.42,.383,89.7
102,2012,102,900,13.34,558.95,.5,169.5
102,2012,102,1000,13.34,1546.8,1,539.1
102,2012,102,1100,13.33,2310,1,540.9
102,2012,102,1200,13.33,2809.1,1,498.9
102,2012,102,1300,13.33,3176.7,1,521.7
102,2012,102,1400,13.32,3446.4,1,585.7
102,2012,102,1500,13.31,2631.4,.783,430.2
102,2012,102,1600,13.31,2653.4,.983,661.9
102,2012,102,1700,13.31,1739.4,1,517.3
102,2012,102,1800,13.31,923.91,1,364.6
102,2012,102,1900,13.31,191.04,.117,46.46
102,2012,102,2000,13.31,2.9735,0,6.487
102,2012,102,2100,13.31,.00734,0,6.295
102,2012,102,2200,13.31,0,0,6.306
102,2012,102,2300,13.32,0,0,6.344
101,2012,102,2400,13.31,22238,9.76
102,2012,102,2400,13.32,.16154,0,6.317
102,2012,103,100,13.33,0,0,6.311
102,2012,103,200,13.33,0,0,6.333
102,2012,103,300,13.33,0,0,6.333
102,2012,103,400,13.33,0,0,6.366
102,2012,103,500,13.33,0,0,6.389
102,2012,103,600,13.34,0,0,6.356
102,2012,103,700,13.34,5.059,0,6.472
102,2012,103,800,13.34,279.46,.7,166.6
102,2012,103,900,13.34,560.38,.6,177.8
102,2012,103,1000,13.34,1472.2,.633,350.2
102,2012,103,1100,13.33,2723.2,1,732
102,2012,103,1200,13.33,3336.3,1,755
102,2012,103,1300,13.33,1384.3,.233,135.3
102,2012,103,1400,12.78,1625.7,.25,189.7
102,2012,103,1500,13.33,470.66,0,54.11
102,2012,103,1600,13.34,544.86,0,16.39
102,2012,103,1700,13.35,777.14,.35,119.6
102,2012,103,1800,13.35,929.17,.916,226.2
102,2012,103,1900,13.35,114.04,0,15.53
102,2012,103,2000,13.34,0,0,6.554
102,2012,103,2100,12.92,0,0,6.521
102,2012,103,2200,13.34,0,0,6.372
102,2012,103,2300,13.34,0,0,6.389
101,2012,103,2400,12.78,14222,5.681
102,2012,103,2400,13.34,0,0,6.383
102,2012,104,100,13.34,0,0,6.378
102,2012,104,200,13.34,0,0,6.362
102,2012,104,300,13.34,0,0,6.373
102,2012,104,400,13.35,0,0,6.334
102,2012,104,500,13.35,0,0,6.329
102,2012,104,600,13.35,0,0,6.357
102,2012,104,700,13.35,.59473,0,6.308
102,2012,104,800,13.36,129.02,0,6.698
102,2012,104,900,13.36,559.09,.2,47.84
102,2012,104,1000,13.36,1676.9,1,505.7
102,2012,104,1100,13.35,2916.3,1,843
102,2012,104,1200,13.34,3359.6,1,819
102,2012,104,1300,13.34,3664.9,1,809
102,2012,104,1400,13.33,3659.4,.916,655.8
102,2012,104,1500,13.33,1821.1,.25,194
102,2012,104,1600,13.32,1727.3,.766,288.3
102,2012,104,1700,13.32,1390.8,.666,333.7
102,2012,104,1800,13.32,1070.3,.933,436
102,2012,104,1900,13.32,185.05,.167,69.77
102,2012,104,2000,13.32,.4112,0,6.603
102,2012,104,2100,13.32,0,0,6.603
102,2012,104,2200,13.33,0,0,6.597
102,2012,104,2300,13.33,0,0,6.586
101,2012,104,2400,13.32,22161,7.9
102,2012,104,2400,13.33,0,0,6.592
102,2012,105,100,13.33,0,0,6.597
102,2012,105,200,13.33,0,0,6.553
102,2012,105,300,13.33,0,0,6.559
102,2012,105,400,13.33,0,0,6.504
102,2012,105,500,13.33,0,0,6.4
102,2012,105,600,13.34,0,0,6.438
102,2012,105,700,13.34,.73426,0,6.438
102,2012,105,800,13.34,143.53,0,12.29
102,2012,105,900,13.34,440.99,.383,221.4
102,2012,105,1000,13.33,1678.7,1,766
102,2012,105,1100,13.33,2852.4,1,840
102,2012,105,1200,13.32,3369.1,1,841
102,2012,105,1300,13.31,3439,.95,755
102,2012,105,1400,13.3,3360.3,.85,528.7
102,2012,105,1500,13.3,2290.1,.566,299.2
102,2012,105,1600,13.29,1885.8,.65,276.2
102,2012,105,1700,13.29,924.57,.2,87.8
102,2012,105,1800,13.3,243.92,0,8.67
102,2012,105,1900,13.3,41.181,0,6.603
102,2012,105,2000,13.3,0,0,6.603
102,2012,105,2100,13.3,0,0,6.603
102,2012,105,2200,13.31,.62406,0,6.559
102,2012,105,2300,13.31,.03671,0,6.432
101,2012,105,2400,13.29,20671,6.597
102,2012,105,2400,13.31,0,0,6.421
102,2012,106,100,13.31,0,0,6.548
102,2012,106,200,13.31,0,0,6.537
102,2012,106,300,13.32,0,0,6.487
102,2012,106,400,13.32,0,0,6.427
102,2012,106,500,13.33,0,0,6.405
102,2012,106,600,13.33,0,0,6.339
102,2012,106,700,13.33,1.5493,0,6.394
102,2012,106,800,13.33,185.18,0,7.31
102,2012,106,900,13.33,645.08,0,56.28
102,2012,106,1000,13.33,1104.8,.2,89.8
102,2012,106,1100,13.33,1287.2,.05,38.54
102,2012,106,1200,12.77,2386.6,1,376
102,2012,106,1300,13.33,2752.2,1,393.2
102,2012,106,1400,13.32,2788.5,1,288.9
102,2012,106,1500,13.31,2310.5,1,268.9
102,2012,106,1600,13.31,2564.1,.783,518.6
102,2012,106,1700,13.31,1012.4,.35,178.2
102,2012,106,1800,13.31,412.85,0,24.73
102,2012,106,1900,13.31,29.992,0,6.531
102,2012,106,2000,13.31,0,0,6.427
102,2012,106,2100,13.32,0,0,6.432
102,2012,106,2200,13.32,0,0,6.399
102,2012,106,2300,13.33,0,0,6.372
101,2012,106,2400,12.77,17481,5.381
102,2012,106,2400,13.33,0,0,6.355
102,2012,107,100,13.33,0,0,6.383
102,2012,107,200,13.33,0,0,6.355
102,2012,107,300,13.33,0,0,6.356
102,2012,107,400,13.33,0,0,6.367
102,2012,107,500,13.34,0,0,6.356
102,2012,107,600,13.34,0,0,6.384
102,2012,107,700,13.34,3.5538,0,6.362
102,2012,107,800,13.34,197.12,0,7.91
102,2012,107,900,13.34,496.9,.483,293.7
102,2012,107,1000,13.34,1331.6,1,427.4
102,2012,107,1100,13.34,1583,.383,102.4
102,2012,107,1200,13.34,2603.4,.966,358.5
102,2012,107,1300,13.33,2969.3,.65,341.9
102,2012,107,1400,13.33,2563.1,.417,227.1
102,2012,107,1500,12.73,1288.2,.267,111.1
102,2012,107,1600,12.72,441.31,0,35.13
102,2012,107,1700,12.71,160.09,0,7.73
102,2012,107,1800,13.33,114.93,0,10.2
102,2012,107,1900,13.34,67.214,0,6.389
102,2012,107,2000,13.34,0,0,6.411
102,2012,107,2100,13.34,0,0,6.34
102,2012,107,2200,13.34,0,0,6.472
102,2012,107,2300,13.34,0,0,6.389
101,2012,107,2400,12.71,13820,4.165
102,2012,107,2400,13.34,0,0,6.34
102,2012,108,100,13.34,0,0,6.329
102,2012,108,200,13.34,0,0,6.345
102,2012,108,300,13.34,0,0,6.34
102,2012,108,400,13.34,.02203,0,6.318
102,2012,108,500,13.35,0,0,6.313
102,2012,108,600,13.36,0,0,6.319
102,2012,108,700,13.36,2.8929,0,6.319
102,2012,108,800,13.36,233.43,.2,75.6
102,2012,108,900,13.36,809.18,.2,105.8
102,2012,108,1000,13.36,1555,.6,303.8
102,2012,108,1100,13.35,2369.2,1,548.1
102,2012,108,1200,13.34,2887.2,1,655.4
102,2012,108,1300,13.34,1301.3,.133,53.35
102,2012,108,1400,13.34,2681.6,.383,207.2
102,2012,108,1500,13.34,1691.8,.317,101.1
102,2012,108,1600,13.33,1911.1,.683,218
102,2012,108,1700,13.33,969.27,.15,76
102,2012,108,1800,12.81,529.1,0,37.58
102,2012,108,1900,13.33,96.368,0,14.07
102,2012,108,2000,13.33,0,0,6.564
102,2012,108,2100,13.33,0,0,6.575
102,2012,108,2200,13.33,0,0,6.542
102,2012,108,2300,13.33,0,0,6.515
101,2012,108,2400,12.81,17037,4.665
102,2012,108,2400,13.33,0,0,6.498
102,2012,109,100,13.33,0,0,6.432
102,2012,109,200,13.33,0,0,6.4
102,2012,109,300,13.34,0,0,6.373
102,2012,109,400,13.34,0,0,6.384
102,2012,109,500,13.34,0,0,6.406
102,2012,109,600,13.34,0,0,6.455
102,2012,109,700,13.34,2.3496,0,6.422
102,2012,109,800,13.34,200.54,0,57.48
102,2012,109,900,13.34,680.4,.616,151.1
102,2012,109,1000,13.34,1661.3,1,403.1
102,2012,109,1100,13.33,1919.5,.95,319.4
102,2012,109,1200,13.33,2407.4,.716,315.6
102,2012,109,1300,13.33,3472.5,.916,567.7
102,2012,109,1400,13.32,3093.1,.766,400.3
102,2012,109,1500,13.32,1084.8,.217,115.3
102,2012,109,1600,13.37,98.036,0,6.957
102,2012,109,1700,13.4,112.29,0,6.352
102,2012,109,1800,13.38,42.581,0,6.352
102,2012,109,1900,13.38,8.5025,0,6.319
102,2012,109,2000,13.21,0,0,6.335
102,2012,109,2100,12.72,0,0,6.385
102,2012,109,2200,13.37,0,0,6.297
102,2012,109,2300,13.37,0,0,6.308
101,2012,109,2400,12.72,14783,5.181
102,2012,109,2400,13.36,0,0,6.313
102,2012,110,100,13.37,0,0,6.33
102,2012,110,200,13.37,0,0,6.33
102,2012,110,300,13.37,0,0,6.341
102,2012,110,400,13.37,0,0,6.319
102,2012,110,500,13.37,0,0,6.313
102,2012,110,600,13.38,0,0,6.313
102,2012,110,700,13.38,2.4082,0,6.302
102,2012,110,800,13.38,194.81,0,27.49
102,2012,110,900,13.38,708.82,.65,229.2
102,2012,110,1000,13.37,1885.9,1,496.7
102,2012,110,1100,13.36,2896.7,1,827
102,2012,110,1200,13.36,2325,.916,450.8
102,2012,110,1300,13.35,2957.9,.483,233.4
102,2012,110,1400,12.73,2208,.017,41.52
102,2012,110,1500,13.33,2371.3,.883,331.7
102,2012,110,1600,13.33,2627.7,1,553.8
102,2012,110,1700,13.32,1795.2,.683,461.1
102,2012,110,1800,13.32,1091.8,.833,417.3
102,2012,110,1900,13.33,243.8,.417,123.9
102,2012,110,2000,13.33,2.6361,0,6.603
102,2012,110,2100,13.33,0,0,6.592
102,2012,110,2200,13.33,0,0,6.564
102,2012,110,2300,13.33,0,0,6.548
101,2012,110,2400,12.73,21312,7.88
102,2012,110,2400,13.33,0,0,6.521
102,2012,111,100,13.34,0,0,6.466
102,2012,111,200,13.34,0,0,6.483
102,2012,111,300,13.34,0,0,6.466
102,2012,111,400,13.34,0,0,6.428
102,2012,111,500,13.34,0,0,6.373
102,2012,111,600,13.35,0,0,6.368
102,2012,111,700,13.35,5.2719,0,6.44
102,2012,111,800,13.35,237.7,.7,316.6
102,2012,111,900,13.35,330.61,.883,554
102,2012,111,1000,13.35,1820.2,1,818
102,2012,111,1100,13.34,2903.3,1,868
102,2012,111,1200,13.34,3392.9,1,862
102,2012,111,1300,13.33,3460,.95,710
102,2012,111,1400,13.33,2944.9,.666,438.2
102,2012,111,1500,13.31,2138.6,.417,268.9
102,2012,111,1600,13.31,2026.9,.783,433.9
102,2012,111,1700,13.31,1077.6,.333,167.7
102,2012,111,1800,13.32,806.03,.65,309.5
102,2012,111,1900,13.33,116.32,.1,48.64
102,2012,111,2000,13.33,0,0,6.592
102,2012,111,2100,13.33,0,0,6.597
102,2012,111,2200,13.33,0,0,6.592
102,2012,111,2300,13.33,0,0,6.57
101,2012,111,2400,13.31,21260,8.48
102,2012,111,2400,13.33,0,0,6.498
102,2012,112,100,13.33,0,0,6.504
102,2012,112,200,13.33,0,0,6.542
102,2012,112,300,13.33,0,0,6.46
102,2012,112,400,13.33,0,0,6.466
102,2012,112,500,13.33,0,0,6.439
102,2012,112,600,13.34,0,0,6.411
102,2012,112,700,13.34,3.708,0,6.708
102,2012,112,800,13.34,243.72,.65,204.5
102,2012,112,900,13.34,405.39,.9,458.3
102,2012,112,1000,13.34,1813.2,1,739
102,2012,112,1100,13.33,2830.9,1,768
102,2012,112,1200,13.33,3008.4,1,635.1
102,2012,112,1300,13.32,2683.8,.683,320.5
102,2012,112,1400,13.32,1482.1,.133,69.49
102,2012,112,1500,13.31,1711.9,.317,115.8
102,2012,112,1600,13.32,986.47,.3,71.7
102,2012,112,1700,13.35,64.967,0,7.23
102,2012,112,1800,13.35,29.854,0,6.588
102,2012,112,1900,13.34,12.702,0,6.55
102,2012,112,2000,13.33,0,0,6.466
102,2012,112,2100,13.33,0,0,6.493
102,2012,112,2200,13.33,0,0,6.466
102,2012,112,2300,13.33,0,0,6.482
101,2012,112,2400,13.31,15277,5.981
102,2012,112,2400,13.33,0,0,6.521
102,2012,113,100,13.33,0,0,6.565
102,2012,113,200,13.34,0,0,6.543
102,2012,113,300,13.34,0,0,6.488
102,2012,113,400,13.34,0,0,6.356
102,2012,113,500,13.34,0,0,6.335
102,2012,113,600,13.35,0,0,6.379
102,2012,113,700,13.35,1.3216,0,6.363
102,2012,113,800,13.35,69.716,0,6.407
102,2012,113,900,13.36,304.19,0,8.72
102,2012,113,1000,13.35,895.4,0,27.53
102,2012,113,1100,13.35,1370.3,.183,69.64
102,2012,113,1200,13.34,2564,.65,293.1
102,2012,113,1300,13.34,2503.7,.483,254.9
102,2012,113,1400,13.34,1547.5,.1,33.43
102,2012,113,1500,13.33,2433.5,.583,332.6
102,2012,113,1600,13.33,968.47,.1,90.9
102,2012,113,1700,13.33,135.11,0,7.15
102,2012,113,1800,13.34,136.73,0,8.1
102,2012,113,1900,13.34,31.037,0,6.89
102,2012,113,2000,13.34,0,0,6.373
102,2012,113,2100,13.34,0,0,6.351
102,2012,113,2200,13.34,0,0,6.323
102,2012,113,2300,13.34,0,0,6.34
101,2012,113,2400,13.33,12961,2.099
102,2012,113,2400,13.34,0,0,6.356
102,2012,114,100,13.35,0,0,6.318
102,2012,114,200,13.35,0,0,6.308
102,2012,114,300,13.35,0,0,6.33
102,2012,114,400,13.36,0,0,6.324
102,2012,114,500,13.36,0,0,6.33
102,2012,114,600,13.36,0,0,6.302
102,2012,114,700,13.36,5.2864,0,6.313
102,2012,114,800,13.37,220.23,0,38.41
102,2012,114,900,13.37,573.83,0,43.63
102,2012,114,1000,13.37,968.38,0,10.73
102,2012,114,1100,13.36,1375.6,0,6.627
102,2012,114,1200,13.36,1919.6,.017,43.99
102,2012,114,1300,13.35,3292.9,1,541
102,2012,114,1400,13.34,3728.6,1,778
102,2012,114,1500,13.34,3192.6,.9,657
102,2012,114,1600,13.34,2640.3,1,558.4
102,2012,114,1700,13.34,1473,.916,346.2
102,2012,114,1800,13.34,940.77,.983,483.9
102,2012,114,1900,13.33,241.71,.533,169.9
102,2012,114,2000,13.34,0,0,6.603
102,2012,114,2100,13.34,0,0,6.592
102,2012,114,2200,13.34,0,0,6.598
102,2012,114,2300,13.34,0,0,6.516
101,2012,114,2400,13.33,20573,6.347
102,2012,114,2400,13.34,0,0,6.477
102,2012,115,100,13.34,0,0,6.444
102,2012,115,200,13.34,0,0,6.39
102,2012,115,300,13.35,0,0,6.384
102,2012,115,400,13.35,0,0,6.396
102,2012,115,500,13.35,0,0,6.401
102,2012,115,600,13.36,0,0,6.561
102,2012,115,700,13.36,4.5449,0,6.451
102,2012,115,800,13.36,211.8,.2,95.9
102,2012,115,900,13.36,426.03,1,383
102,2012,115,1000,13.36,1896.7,1,586.7
102,2012,115,1100,13.35,2776.7,1,708
102,2012,115,1200,13.34,3261.2,1,727
102,2012,115,1300,12.83,3165.9,.783,580.3
102,2012,115,1400,12.7,860.56,.1,70.8
102,2012,115,1500,12.69,34.614,0,6.603
102,2012,115,1600,12.69,91.151,0,7.3
102,2012,115,1700,12.69,368.64,0,13.2
102,2012,115,1800,12.69,193.56,0,7.97
102,2012,115,1900,12.69,22.629,0,6.511
102,2012,115,2000,13.34,0,0,6.324
102,2012,115,2100,13.35,0,0,6.324
102,2012,115,2200,13.35,0,0,6.33
102,2012,115,2300,13.35,0,0,6.313
101,2012,115,2400,12.69,13314,5.081
102,2012,115,2400,13.36,0,0,6.319
102,2012,116,100,13.36,0,0,6.291
102,2012,116,200,13.36,0,0,6.319
102,2012,116,300,13.36,0,0,6.33
102,2012,116,400,13.37,0,0,6.335
102,2012,116,500,13.37,0,0,6.313
102,2012,116,600,13.37,0,0,6.319
102,2012,116,700,13.37,2.4817,0,6.319
102,2012,116,800,13.38,200.64,0,10.29
102,2012,116,900,13.38,719.09,.367,157.1
102,2012,116,1000,13.38,1027,1,266.9
102,2012,116,1100,13.37,1986.5,.666,214.1
102,2012,116,1200,13.36,3006,1,389.7
102,2012,116,1300,13.36,2939.1,.616,312.3
102,2012,116,1400,13.35,3864.9,.933,684.6
102,2012,116,1500,13.34,3593.4,1,747
102,2012,116,1600,13.34,2697.3,1,618.7
102,2012,116,1700,13.34,1190.7,.783,291.7
102,2012,116,1800,13.34,941.25,.966,454.4
102,2012,116,1900,13.34,411.59,.666,293.7
102,2012,116,2000,13.34,.05874,0,6.565
102,2012,116,2100,13.34,0,0,6.516
102,2012,116,2200,13.34,0,0,6.499
102,2012,116,2300,13.34,0,0,6.422
101,2012,116,2400,13.34,22580,9
102,2012,116,2400,13.34,0,0,6.439
102,2012,117,100,13.34,0,0,6.379
102,2012,117,200,13.34,0,0,6.396
102,2012,117,300,13.35,0,0,6.385
102,2012,117,400,13.35,0,0,6.401
102,2012,117,500,13.36,0,0,6.44
102,2012,117,600,13.36,0,0,6.583
102,2012,117,700,13.36,3.2526,0,6.522
102,2012,117,800,13.37,112.87,0,24.34
102,2012,117,900,13.38,297.4,.983,583.6
102,2012,117,1000,13.37,1861.9,1,817
102,2012,117,1100,13.35,2866.5,1,832
102,2012,117,1200,13.35,3423.6,.966,790
102,2012,117,1300,13.34,3072.4,.8,595.9
102,2012,117,1400,13.33,3244.9,.866,555.5
102,2012,117,1500,13.32,2730.1,.733,380.9
102,2012,117,1600,13.32,1589.5,.833,290.3
102,2012,117,1700,13.32,1034.8,.167,81.4
102,2012,117,1800,13.32,268.81,0,10.86
102,2012,117,1900,13.33,39.872,0,6.795
102,2012,117,2000,13.33,0,0,6.603
102,2012,117,2100,13.33,0,0,6.515
102,2012,117,2200,13.33,0,0,6.41
102,2012,117,2300,13.33,0,0,6.377
101,2012,117,2400,13.32,20546,7.35
102,2012,117,2400,13.33,0,0,6.339
102,2012,118,100,13.33,0,0,6.356
102,2012,118,200,13.34,0,0,6.334
102,2012,118,300,13.34,0,0,6.329
102,2012,118,400,13.34,0,0,6.34
102,2012,118,500,13.34,0,0,6.34
102,2012,118,600,13.34,0,0,6.373
102,2012,118,700,13.35,1.2996,0,6.352
102,2012,118,800,13.35,30.141,0,6.33
102,2012,118,900,13.36,74.503,0,6.319
102,2012,118,1000,13.36,393.3,0,27.42
102,2012,118,1100,13.36,1526.4,0,48.85
102,2012,118,1200,13.36,2062.5,.4,155.1
102,2012,118,1300,13.35,2837,1,443.9
102,2012,118,1400,13.35,2917.7,1,451.6
102,2012,118,1500,13.34,3456.2,1,719
102,2012,118,1600,13.34,2404,1,577.9
102,2012,118,1700,13.33,1491.7,1,433
102,2012,118,1800,13.33,1029.3,.966,364.2
102,2012,118,1900,13.33,210.59,.067,55.03
102,2012,118,2000,13.33,0,0,6.515
102,2012,118,2100,13.33,0,0,6.422
102,2012,118,2200,13.33,0,0,6.411
102,2012,118,2300,13.34,0,0,6.361
101,2012,118,2400,13.33,18435,6.431
102,2012,118,2400,13.34,0,0,6.312
102,2012,119,100,13.34,0,0,6.318
102,2012,119,200,13.35,0,0,6.34
102,2012,119,300,13.35,0,0,6.33
102,2012,119,400,13.36,0,0,6.357
102,2012,119,500,13.36,0,0,6.313
102,2012,119,600,13.36,0,0,6.346
102,2012,119,700,13.36,4.2365,0,6.33
102,2012,119,800,13.36,198.38,0,24.46
102,2012,119,900,13.37,605.19,0,47.5
102,2012,119,1000,13.36,1128.1,.033,88.7
102,2012,119,1100,13.36,2638.6,1,547.5
102,2012,119,1200,13.35,2451.9,.55,239.8
102,2012,119,1300,13.34,2685.8,.583,168.7
102,2012,119,1400,13.34,1848.7,.083,43.22
102,2012,119,1500,13.34,2202.2,.583,304.2
102,2012,119,1600,13.33,2536.7,1,584.4
102,2012,119,1700,13.33,2105.1,.833,475.4
102,2012,119,1800,13.33,379.9,0,22.06
102,2012,119,1900,13.35,41.399,0,6.488
102,2012,119,2000,13.34,0,0,6.445
102,2012,119,2100,13.34,0,0,6.433
102,2012,119,2200,13.34,0,0,6.384
102,2012,119,2300,13.34,0,0,6.389
101,2012,119,2400,13.33,18826,4.665
102,2012,119,2400,13.34,0,0,6.345
102,2012,120,100,13.34,0,0,6.34
102,2012,120,200,13.34,0,0,6.368
102,2012,120,300,13.35,0,0,6.341
102,2012,120,400,13.35,0,0,6.324
102,2012,120,500,13.35,0,0,6.324
102,2012,120,600,13.35,0,0,6.319
102,2012,120,700,13.35,2.8489,0,6.341
102,2012,120,800,13.36,151.61,0,6.726
102,2012,120,900,13.36,426.93,0,6.456
102,2012,120,1000,13.36,898.15,.167,59.84
102,2012,120,1100,13.36,1821,.9,266.6
102,2012,120,1200,13.35,1523.8,.033,61.78
102,2012,120,1300,13.34,2351.1,.283,190.3
102,2012,120,1400,13.34,3472.2,1,558.1
102,2012,120,1500,13.33,3539.4,1,771
102,2012,120,1600,13.33,2733.1,1,708
102,2012,120,1700,13.33,1635.6,1,338.7
102,2012,120,1800,13.33,793.46,.716,150.5
102,2012,120,1900,13.33,144.86,0,20.05
102,2012,120,2000,13.33,0,0,6.575
102,2012,120,2100,13.33,0,0,6.531
102,2012,120,2200,13.33,0,0,6.504
102,2012,120,2300,13.33,0,0,6.482
101,2012,120,2400,13.33,19494,6.098
102,2012,120,2400,13.33,0,0,6.465
102,2012,121,100,13.33,0,0,6.449
102,2012,121,200,13.33,0,0,6.466
102,2012,121,300,13.34,0,0,6.422
102,2012,121,400,13.34,0,0,6.417
102,2012,121,500,13.34,0,0,6.4
102,2012,121,600,13.34,0,0,6.444
102,2012,121,700,13.34,1.4171,0,6.499
102,2012,121,800,13.34,90.813,0,6.511
102,2012,121,900,13.35,416.53,0,6.874
102,2012,121,1000,13.35,969.52,.133,43.71
102,2012,121,1100,13.35,1652.6,.417,115.9
102,2012,121,1200,13.35,3080.5,.8,472.1
102,2012,121,1300,13.34,3183.4,1,606.3
102,2012,121,1400,13.33,3005,.75,292.3
102,2012,121,1500,13.33,2871.6,.866,398.4
102,2012,121,1600,13.33,1766.5,.75,440.5
102,2012,121,1700,13.32,1988.5,1,724
102,2012,121,1800,13.31,1001.8,.533,299.7
102,2012,121,1900,13.32,108.2,0,24.4
102,2012,121,2000,12.71,0,0,6.603
102,2012,121,2100,13.32,0,0,6.603
102,2012,121,2200,13.32,0,0,6.603
102,2012,121,2300,13.32,0,0,6.597
101,2012,121,2400,12.71,20136,6.248
102,2012,121,2400,13.32,0,0,6.586
102,2012,122,100,13.33,0,0,6.553
102,2012,122,200,13.33,0,0,6.581
102,2012,122,300,13.33,0,0,6.576
102,2012,122,400,13.33,0,0,6.57
102,2012,122,500,13.33,0,0,6.516
102,2012,122,600,13.34,0,0,6.516
102,2012,122,700,13.34,4.7433,0,6.499
102,2012,122,800,13.34,373.93,.666,355
102,2012,122,900,13.34,419.48,1,731
102,2012,122,1000,13.34,2060.6,1,806
102,2012,122,1100,13.33,2751.3,1,772
102,2012,122,1200,13.33,2345.4,.6,511.7
102,2012,122,1300,13.32,3320.6,.833,659.1
102,2012,122,1400,13.31,3420.3,.866,622.9
102,2012,122,1500,13.31,1070.9,.183,133.5
102,2012,122,1600,13.33,96.805,0,7.55
102,2012,122,1700,13.34,127.75,0,6.742
102,2012,122,1800,12.71,124.95,0,6.522
102,2012,122,1900,12.69,15.008,0,6.473
102,2012,122,2000,13.34,0,0,6.379
102,2012,122,2100,13.34,0,0,6.373
102,2012,122,2200,13.33,0,0,6.367
102,2012,122,2300,13.34,0,0,6.367
101,2012,122,2400,12.69,16132,6.148
102,2012,122,2400,13.34,0,0,6.406
102,2012,123,100,13.34,0,0,6.417
102,2012,123,200,13.34,0,0,6.411
102,2012,123,300,13.34,0,0,6.39
102,2012,123,400,13.34,0,0,6.379
102,2012,123,500,13.35,0,0,6.33
102,2012,123,600,13.35,0,0,6.346
102,2012,123,700,13.36,6.8652,0,6.352
102,2012,123,800,13.36,207.58,0,8.88
102,2012,123,900,13.36,600.38,0,20.18
102,2012,123,1000,12.73,1209.2,.183,79.8
102,2012,123,1100,12.71,2530.6,1,429.8
102,2012,123,1200,12.73,3401,1,720
102,2012,123,1300,12.69,3486,1,731
102,2012,123,1400,12.7,2371.2,.4,228.8
102,2012,123,1500,13.33,1218.9,.033,40.12
102,2012,123,1600,13.33,1049,0,29.68
102,2012,123,1700,13.34,683.43,0,10.99
102,2012,123,1800,13.34,426.62,.017,27.64
102,2012,123,1900,13.34,49.615,0,7.04
102,2012,123,2000,13.34,0,0,6.598
102,2012,123,2100,13.34,0,0,6.587
102,2012,123,2200,13.34,0,0,6.521
102,2012,123,2300,13.34,0,0,6.395
101,2012,123,2400,12.69,17240,3.632
102,2012,123,2400,13.34,0,0,6.411
102,2012,124,100,13.34,0,0,6.389
102,2012,124,200,13.34,0,0,6.422
102,2012,124,300,13.34,0,0,6.422
102,2012,124,400,13.34,0,0,6.412
102,2012,124,500,13.34,0,0,6.357
102,2012,124,600,13.35,0,0,6.396
102,2012,124,700,13.35,3.7226,0,6.39
102,2012,124,800,13.35,78.124,0,6.418
102,2012,124,900,13.36,412.13,0,7
102,2012,124,1000,13.36,1083.5,.017,69.16
102,2012,124,1100,12.71,2069.8,.583,290.9
102,2012,124,1200,12.69,2816.2,.85,400.1
102,2012,124,1300,12.69,2532.2,.533,365.9
102,2012,124,1400,12.69,1538.5,.25,109.2
102,2012,124,1500,12.69,1688.6,.017,29.09
102,2012,124,1600,12.69,1270.1,.083,44.33
102,2012,124,1700,12.69,940.69,.383,141.2
102,2012,124,1800,12.69,174.05,0,22.6
102,2012,124,1900,12.69,9.7582,0,6.335
102,2012,124,2000,12.69,0,0,6.319
102,2012,124,2100,12.69,0,0,6.33
102,2012,124,2200,12.68,0,0,6.324
102,2012,124,2300,12.68,0,0,6.319
101,2012,124,2400,12.68,14617,2.716
102,2012,124,2400,12.68,0,0,6.324
102,2012,125,100,12.68,.31572,0,6.324
102,2012,125,200,12.68,0,0,6.357
102,2012,125,300,12.68,0,0,6.346
102,2012,125,400,12.68,0,0,6.346
102,2012,125,500,12.68,0,0,6.346
102,2012,125,600,12.68,0,0,6.341
102,2012,125,700,12.68,5.3451,0,6.396
102,2012,125,800,12.68,289.33,.083,51.02
102,2012,125,900,12.67,710.3,.633,210.1
102,2012,125,1000,12.67,1646.3,1,310.5
102,2012,125,1100,12.67,2566.1,1,663.4
102,2012,125,1200,12.68,3113.3,1,691.8
102,2012,125,1300,12.68,3710.5,1,619.3
102,2012,125,1400,12.68,3398.8,.933,617
102,2012,125,1500,12.68,2450.9,.75,405.7
102,2012,125,1600,12.69,1139.2,.833,218.1
102,2012,125,1700,12.69,1257,1,314.7
102,2012,125,1800,12.69,554.26,.3,100.1
102,2012,125,1900,12.69,44.092,0,6.594
102,2012,125,2000,12.69,0,0,6.478
102,2012,125,2100,12.68,0,0,6.429
102,2012,125,2200,12.68,0,0,6.39
102,2012,125,2300,12.68,0,0,6.352
101,2012,125,2400,12.67,20886,8.53
102,2012,125,2400,12.68,0,0,6.39
102,2012,126,100,12.68,0,0,6.379
102,2012,126,200,12.67,0,0,6.39
102,2012,126,300,12.67,0,0,6.401
102,2012,126,400,12.67,0,0,6.385
102,2012,126,500,12.67,0,0,6.335
102,2012,126,600,12.67,0,0,6.357
102,2012,126,700,12.67,4.7947,0,6.357
102,2012,126,800,12.67,230.83,.133,70.8
102,2012,126,900,12.67,748.58,.583,168.1
102,2012,126,1000,12.67,1846.8,1,583.5
102,2012,126,1100,12.67,2614.6,1,756
102,2012,126,1200,12.62,1945.5,.566,849
102,2012,126,1300,13.28,3562.4,1,828
102,2012,126,1400,13.27,2691.5,.683,474.9
102,2012,126,1500,13.28,3074.3,.883,628.7
102,2012,126,1600,13.29,2190,.833,525.3
102,2012,126,1700,13.31,1863.1,.783,511.3
102,2012,126,1800,13.31,365.94,0,32.45
102,2012,126,1900,12.83,11.154,0,7.51
102,2012,126,2000,12.81,.07343,0,6.417
102,2012,126,2100,13.33,0,0,6.362
102,2012,126,2200,13.34,0,0,6.329
102,2012,126,2300,13.34,0,0,6.329
101,2012,126,2400,12.62,15704,4.748
102,2012,126,2400,13.34,0,0,6.384
102,2012,127,100,13.34,0,0,6.357
102,2012,127,200,13.34,0,0,6.368
102,2012,127,300,13.34,0,0,6.319
102,2012,127,400,13.35,0,0,6.352
102,2012,127,500,13.35,0,0,6.319
102,2012,127,600,13.36,0,0,6.341
102,2012,127,700,13.36,4.7799,0,6.385
102,2012,127,800,13.36,85.128,0,6.357
102,2012,127,900,13.36,566.49,.05,67.24
102,2012,127,1000,13.35,1951.9,1,606.7
102,2012,127,1100,13.35,2461.2,1,674.8
102,2012,127,1200,13.34,3266.9,.983,726
102,2012,127,1300,13.34,2530.7,.683,240.7
102,2012,127,1400,13.34,3101.9,.783,366.7
102,2012,127,1500,13.33,3040.1,.816,578.3
102,2012,127,1600,13.33,2814.6,1,690.8
102,2012,127,1700,13.33,707.79,.1,93.3
102,2012,127,1800,13.33,429.4,0,27.66
102,2012,127,1900,13.34,62.421,0,12.28
102,2012,127,2000,13.34,0,0,6.56
102,2012,127,2100,13.35,0,0,6.571
102,2012,127,2200,12.75,0,0,6.533
102,2012,127,2300,12.75,0,0,6.352
101,2012,127,2400,12.75,21023,6.414
102,2012,127,2400,13.36,0,0,6.341
102,2012,128,100,13.36,0,0,6.341
102,2012,128,200,13.36,0,0,6.379
102,2012,128,300,13.36,0,0,6.346
102,2012,128,400,13.36,0,0,6.352
102,2012,128,500,13.36,0,0,6.335
102,2012,128,600,13.36,0,0,6.346
102,2012,128,700,13.36,6.8798,0,6.341
102,2012,128,800,13.37,114.99,0,6.396
102,2012,128,900,13.37,374.45,.017,20.13
102,2012,128,1000,13.37,1227.9,.367,106.8
102,2012,128,1100,12.73,2647.4,1,613.5
102,2012,128,1200,12.73,3121.6,.95,775
102,2012,128,1300,12.73,3134.2,.883,663.6
102,2012,128,1400,12.73,2801.5,.6,430.7
102,2012,128,1500,12.73,2591.4,.966,435.6
102,2012,128,1600,12.73,2480.7,.8,547.7
102,2012,128,1700,13.34,327.19,0,34.71
102,2012,128,1800,13.35,33.402,0,6.368
102,2012,128,1900,13.36,6.3733,0,6.346
102,2012,128,2000,12.94,.32306,0,6.379
102,2012,128,2100,12.73,0,0,6.589
102,2012,128,2200,12.73,0,0,6.539
102,2012,128,2300,12.74,0,0,6.528
101,2012,128,2400,12.73,18868,5.581
102,2012,128,2400,12.74,0,0,6.555
102,2012,129,100,12.72,0,0,6.528
102,2012,129,200,12.72,0,0,6.555
102,2012,129,300,12.72,0,0,6.473
102,2012,129,400,12.72,0,0,6.473
102,2012,129,500,12.72,0,0,6.522
102,2012,129,600,12.72,0,0,6.5
102,2012,129,700,12.72,9.7579,0,6.517
102,2012,129,800,12.72,223.99,0,11.85
102,2012,129,900,12.72,571.52,.117,43.68
102,2012,129,1000,12.72,1066.4,.083,62.59
102,2012,129,1100,13.32,1660,.067,98.9
102,2012,129,1200,13.36,2742.9,1,334.2
102,2012,129,1300,13.36,3276.2,1,656.2
102,2012,129,1400,13.35,3197.3,.716,486.7
102,2012,129,1500,13.35,2808.7,.75,458.6
102,2012,129,1600,13.35,1301.4,.233,85
102,2012,129,1700,13.35,1102.2,.25,90.4
102,2012,129,1800,13.35,687.95,.183,86.4
102,2012,129,1900,13.35,88.581,0,6.941
102,2012,129,2000,13.36,0,0,6.539
102,2012,129,2100,13.36,0,0,6.539
102,2012,129,2200,13.36,0,0,6.462
102,2012,129,2300,13.36,0,0,6.467
101,2012,129,2400,12.72,18737,4.398
102,2012,129,2400,12.73,0,0,6.577
102,2012,130,100,12.74,0,0,6.401
102,2012,130,200,13.37,0,0,6.423
102,2012,130,300,13.38,0,0,6.418
102,2012,130,400,13.38,0,0,6.429
102,2012,130,500,13.38,0,0,6.473
102,2012,130,600,13.39,0,0,6.572
102,2012,130,700,13.39,7.1806,0,6.55
102,2012,130,800,13.38,338.76,.067,55.72
102,2012,130,900,13.38,790,.45,162.5
102,2012,130,1000,13.38,1250.4,.9,199.6
102,2012,130,1100,13.37,2321,1,457.3
102,2012,130,1200,12.73,3356.1,1,871
102,2012,130,1300,12.73,3595.2,1,840
102,2012,130,1400,12.74,3556.7,.916,574.4
102,2012,130,1500,12.74,2207,.45,185.6
102,2012,130,1600,12.73,1470.2,.333,98.5
102,2012,130,1700,12.73,818.02,0,44.37
102,2012,130,1800,12.73,611.79,.3,91.4
102,2012,130,1900,12.73,109.41,0,8.9
102,2012,130,2000,12.75,0,0,6.605
102,2012,130,2100,12.73,0,0,6.605
102,2012,130,2200,13.36,0,0,6.6
102,2012,130,2300,13.36,0,0,6.594
101,2012,130,2400,12.73,20432,6.414
102,2012,130,2400,13.36,0,0,6.572
102,2012,131,100,13.36,0,0,6.544
102,2012,131,200,13.36,0,0,6.517
102,2012,131,300,13.36,0,0,6.467
102,2012,131,400,13.36,0,0,6.462
102,2012,131,500,13.36,0,0,6.451
102,2012,131,600,13.36,0,0,6.511
102,2012,131,700,13.37,7.0267,0,6.506
102,2012,131,800,13.37,296.39,.566,206.8
102,2012,131,900,13.37,524.87,1,249.8
102,2012,131,1000,13.37,2150.5,1,661.6
102,2012,131,1100,12.73,2753.1,1,808
102,2012,131,1200,12.72,3215.9,1,815
102,2012,131,1300,12.72,3290.5,.966,748
102,2012,131,1400,12.72,3371.9,.966,643.9
102,2012,131,1500,12.73,2049.9,.766,323
102,2012,131,1600,12.73,2529.9,1,651.8
102,2012,131,1700,12.73,2045.5,.983,595.8
102,2012,131,1800,12.73,882.86,.733,243.5
102,2012,131,1900,12.73,122.25,0,6.702
102,2012,131,2000,12.73,0,0,6.604
102,2012,131,2100,12.72,0,0,6.604
102,2012,131,2200,12.72,.2056,0,6.604
102,2012,131,2300,12.72,0,0,6.605
101,2012,131,2400,12.71,23241,9.98
102,2012,131,2400,12.71,0,0,6.379
102,2012,132,100,12.71,0,0,6.379
102,2012,132,200,12.71,0,0,6.39
102,2012,132,300,12.71,0,0,6.407
102,2012,132,400,12.71,0,0,6.379
102,2012,132,500,12.71,0,0,6.379
102,2012,132,600,12.71,0,0,6.407
102,2012,132,700,12.7,13.517,0,7.56
102,2012,132,800,12.7,463.67,.633,328.2
102,2012,132,900,12.7,985.02,1,678.4
102,2012,132,1000,12.7,1944.5,.983,676.8
102,2012,132,1100,12.69,2423.1,.983,668.4
102,2012,132,1200,12.69,3127.6,.933,759
102,2012,132,1300,12.69,2842.3,.733,583.9
102,2012,132,1400,13.28,2910.9,.816,477.7
102,2012,132,1500,13.29,3484.8,.983,681.6
102,2012,132,1600,13.31,2665.8,1,633.5
102,2012,132,1700,13.31,1385,1,446.4
102,2012,132,1800,13.33,371.06,.067,36.79
102,2012,132,1900,13.33,106.62,0,6.703
102,2012,132,2000,13.33,1.9972,0,6.554
102,2012,132,2100,13.33,0,0,6.516
102,2012,132,2200,13.33,0,0,6.373
102,2012,132,2300,13.33,0,0,6.384
101,2012,132,2400,12.69,22726,9.13
102,2012,132,2400,13.33,0,0,6.356
102,2012,133,100,13.34,0,0,6.345
102,2012,133,200,12.75,1.1969,0,6.587
102,2012,133,300,12.73,0,0,6.605
102,2012,133,400,12.73,0,0,6.605
102,2012,133,500,12.73,0,0,6.605
102,2012,133,600,12.73,.14685,0,6.605
102,2012,133,700,12.73,11.542,0,6.792
102,2012,133,800,12.72,197.33,0,13.74
102,2012,133,900,12.72,908.06,.267,143.6
102,2012,133,1000,13.36,1593.8,.666,410.6
102,2012,133,1100,13.37,2231.5,.883,452.8
102,2012,133,1200,13.36,3060.6,.966,728
102,2012,133,1300,13.36,3610.7,1,816
102,2012,133,1400,13.35,3192.2,.783,592
102,2012,133,1500,13.34,2673.1,.733,494.2
102,2012,133,1600,13.34,2176.8,.733,538.3
102,2012,133,1700,13.34,1655.4,.966,578.6
102,2012,133,1800,13.33,1147,1,443.8
102,2012,133,1900,13.33,214.73,.417,121.3
102,2012,133,2000,13.34,0,0,6.603
102,2012,133,2100,13.34,0,0,6.576
102,2012,133,2200,13.34,0,0,6.549
102,2012,133,2300,13.34,0,0,6.511
101,2012,133,2400,12.72,22674,8.41
102,2012,133,2400,13.34,0,0,6.511
102,2012,134,100,13.35,0,0,6.385
102,2012,134,200,13.35,0,0,6.385
102,2012,134,300,13.35,0,0,6.368
102,2012,134,400,13.35,0,0,6.335
102,2012,134,500,13.36,0,0,6.352
102,2012,134,600,13.36,0,0,6.313
102,2012,134,700,13.36,6.7624,0,6.368
102,2012,134,800,13.36,218.11,.183,45.77
102,2012,134,900,13.36,915.44,.75,373.1
102,2012,134,1000,13.36,1490.9,.5,261.8
102,2012,134,1100,13.35,2314,.9,475.4
102,2012,134,1200,12.88,3175.7,1,700
102,2012,134,1300,13.35,3372.9,.9,603.5
102,2012,134,1400,13.34,2968.8,.783,474.2
102,2012,134,1500,13.34,2549.5,.733,450.9
102,2012,134,1600,13.34,1549.1,.866,309.4
102,2012,134,1700,13.33,1403.6,.483,276.2
102,2012,134,1800,13.34,238.2,0,12.56
102,2012,134,1900,13.34,5.4997,0,6.538
102,2012,134,2000,13.34,0,0,6.423
102,2012,134,2100,13.35,0,0,6.352
102,2012,134,2200,13.35,0,0,6.324
102,2012,134,2300,13.35,.24231,0,6.363
101,2012,134,2400,12.88,20209,7.1
102,2012,134,2400,13.35,0,0,6.363
102,2012,135,100,13.36,0,0,6.357
102,2012,135,200,13.36,0,0,6.33
102,2012,135,300,13.36,0,0,6.374
102,2012,135,400,13.36,0,0,6.308
102,2012,135,500,13.36,0,0,6.313
102,2012,135,600,13.37,0,0,6.357
102,2012,135,700,13.37,7.2395,0,6.39
102,2012,135,800,13.37,435.6,.55,236.8
102,2012,135,900,13.37,816.72,.55,251.2
102,2012,135,1000,13.37,2160.3,1,812
102,2012,135,1100,13.36,2862.6,1,859
102,2012,135,1200,12.73,3320.5,1,848
102,2012,135,1300,12.72,2610.5,.7,497.5
102,2012,135,1400,13.32,2762.8,.683,483
102,2012,135,1500,13.34,2720.6,.75,396.1
102,2012,135,1600,13.34,1655.8,.833,326.7
102,2012,135,1700,13.34,861.58,.067,49.15
102,2012,135,1800,13.34,163.76,0,12.38
102,2012,135,1900,13.34,71.784,.2,53.03
102,2012,135,2000,12.74,0,0,6.598
102,2012,135,2100,12.73,0,0,6.582
102,2012,135,2200,13.34,0,0,6.56
102,2012,135,2300,13.35,0,0,6.473
101,2012,135,2400,12.72,20450,7.33
102,2012,135,2400,13.35,0,0,6.544
102,2012,136,100,13.35,0,0,6.467
102,2012,136,200,13.35,0,0,6.429
102,2012,136,300,13.35,0,0,6.462
102,2012,136,400,13.35,0,0,6.462
102,2012,136,500,13.36,0,0,6.456
102,2012,136,600,13.36,0,0,6.385
102,2012,136,700,13.36,8.297,0,6.583
102,2012,136,800,13.36,415.93,.65,338
102,2012,136,900,13.36,1089.2,1,709
102,2012,136,1000,13.36,2115.4,1,807
102,2012,136,1100,12.72,2400.3,.916,666.9
102,2012,136,1200,12.71,2503.3,.833,558.3
102,2012,136,1300,12.71,2891.2,.833,640.9
102,2012,136,1400,12.72,2404.3,.6,380.8
102,2012,136,1500,12.72,1987.7,.5,364.7
102,2012,136,1600,13.32,2426.9,.85,574.3
102,2012,136,1700,13.32,832.14,.233,105.4
102,2012,136,1800,12.89,29.262,0,6.576
102,2012,136,1900,12.88,11.058,0,6.505
102,2012,136,2000,13.34,0,0,6.378
102,2012,136,2100,13.34,0,0,6.367
102,2012,136,2200,13.34,0,0,6.329
102,2012,136,2300,13.34,0,0,6.34
101,2012,136,2400,12.71,19115,7.41
102,2012,136,2400,13.35,0,0,6.346
102,2012,137,100,13.35,0,0,6.352
102,2012,137,200,13.35,0,0,6.313
102,2012,137,300,13.36,0,0,6.363
102,2012,137,400,13.36,0,0,6.341
102,2012,137,500,13.36,0,0,6.302
102,2012,137,600,13.36,0,0,6.352
102,2012,137,700,13.36,4.0824,0,6.33
102,2012,137,800,13.36,127.56,0,6.352
102,2012,137,900,13.37,578.26,.1,40.95
102,2012,137,1000,13.36,2071.7,1,565.4
102,2012,137,1100,13.36,2708.6,.983,812
102,2012,137,1200,13.36,2870.9,.866,648.9
102,2012,137,1300,13.36,2253.7,.683,293.8
102,2012,137,1400,12.74,3861,1,705
102,2012,137,1500,12.72,2120.5,.4,212.4
102,2012,137,1600,12.72,251.9,0,12.77
102,2012,137,1700,13.36,13.753,0,6.33
102,2012,137,1800,13.36,61.64,0,8.71
102,2012,137,1900,13.37,56.214,0,6.396
102,2012,137,2000,13.37,0,0,6.313
102,2012,137,2100,13.37,0,0,6.313
102,2012,137,2200,13.37,0,0,6.302
102,2012,137,2300,13.37,.06608,0,6.302
101,2012,137,2400,12.72,16980,5.031
102,2012,137,2400,13.37,0,0,6.379
102,2012,138,100,13.37,0,0,6.352
102,2012,138,200,13.38,0,0,6.357
102,2012,138,300,13.38,0,0,6.374
102,2012,138,400,13.38,0,0,6.335
102,2012,138,500,13.38,0,0,6.39
102,2012,138,600,13.38,0,0,6.363
102,2012,138,700,13.39,7.2175,0,6.533
102,2012,138,800,13.39,304.63,.333,130.2
102,2012,138,900,13.39,1000.9,1,575.7
102,2012,138,1000,13.38,2010.8,1,758
102,2012,138,1100,13.38,2509.7,1,714
102,2012,138,1200,13.37,3249,1,805
102,2012,138,1300,13.36,3444.8,1,776
102,2012,138,1400,13.35,3385.3,.95,684.4
102,2012,138,1500,13.34,2504.3,.666,407.8
102,2012,138,1600,13.34,1994.4,.9,305
102,2012,138,1700,13.33,1381.6,.783,192.5
102,2012,138,1800,13.13,200.26,0,8.69
102,2012,138,1900,13.01,18.21,0,6.571
102,2012,138,2000,13.35,0,0,6.489
102,2012,138,2100,13.35,0,0,6.462
102,2012,138,2200,12.74,0,0,6.5
102,2012,138,2300,13.36,0,0,6.401
101,2012,138,2400,12.74,22011,8.63
102,2012,138,2400,13.36,0,0,6.374
102,2012,139,100,13.36,0,0,6.379
102,2012,139,200,13.36,0,0,6.39
102,2012,139,300,13.36,0,0,6.374
102,2012,139,400,13.37,0,0,6.341
102,2012,139,500,13.37,0,0,6.401
102,2012,139,600,13.37,0,0,6.566
102,2012,139,700,13.38,8.3629,0,6.836
102,2012,139,800,13.38,368.93,.35,110
102,2012,139,900,13.38,996.96,.95,426.8
102,2012,139,1000,13.37,2100.7,1,755
102,2012,139,1100,13.36,2732.2,1,805
102,2012,139,1200,13.36,3245.7,1,822
102,2012,139,1300,13.35,3050.1,.9,611.8
102,2012,139,1400,13.35,2091.7,.433,261.7
102,2012,139,1500,13.35,2485.4,.766,402.5
102,2012,139,1600,13.34,2537.9,1,655.1
102,2012,139,1700,13.34,1935.4,.933,442.7
102,2012,139,1800,13.34,375.01,.033,42.63
102,2012,139,1900,13.34,71.256,0,10.09
102,2012,139,2000,13.34,0,0,6.598
102,2012,139,2100,13.35,0,0,6.571
102,2012,139,2200,13.35,0,0,6.571
102,2012,139,2300,13.34,0,0,6.549
101,2012,139,2400,13.34,22000,8.36
102,2012,139,2400,13.34,0,0,6.571
102,2012,140,100,13.34,0,0,6.544
102,2012,140,200,13.35,0,0,6.527
102,2012,140,300,13.35,0,0,6.571
102,2012,140,400,13.35,0,0,6.605
102,2012,140,500,13.35,0,0,6.605
102,2012,140,600,13.36,0,0,6.605
102,2012,140,700,13.36,8.8771,0,7.22
102,2012,140,800,13.36,375.72,.616,285.7
102,2012,140,900,13.36,1098.9,1,659.2
102,2012,140,1000,13.36,2019.4,1,773
102,2012,140,1100,13.35,2771.5,1,818
102,2012,140,1200,13.35,3244.7,1,829
102,2012,140,1300,13.34,2602.7,.716,515
102,2012,140,1400,13.33,3600.4,.933,628
102,2012,140,1500,13.33,1300.4,.117,85.3
102,2012,140,1600,13.33,582.77,0,24.76
102,2012,140,1700,13.34,594.4,0,51.89
102,2012,140,1800,13.34,197.33,0,17.5
102,2012,140,1900,13.34,59.718,0,6.604
102,2012,140,2000,13.11,0,0,6.599
102,2012,140,2100,13.34,0,0,6.566
102,2012,140,2200,13.35,0,0,6.544
102,2012,140,2300,13.35,0,0,6.555
101,2012,140,2400,13.11,18457,6.381
102,2012,140,2400,13.35,0,0,6.522
102,2012,141,100,13.35,0,0,6.522
102,2012,141,200,13.36,0,0,6.577
102,2012,141,300,13.36,0,0,6.429
102,2012,141,400,13.36,0,0,6.5
102,2012,141,500,13.36,0,0,6.572
102,2012,141,600,13.36,0,0,6.517
102,2012,141,700,13.36,11.528,0,7.54
102,2012,141,800,13.37,400.73,.616,286
102,2012,141,900,13.36,1312.2,1,706
102,2012,141,1000,13.36,2106,1,797
102,2012,141,1100,12.74,2774.7,1,833
102,2012,141,1200,12.74,3228.1,1,820
102,2012,141,1300,12.71,3461.8,1,784
102,2012,141,1400,12.71,3206.8,.883,544.2
102,2012,141,1500,12.71,2882.6,.95,574.6
102,2012,141,1600,13.33,1583.2,1,415.1
102,2012,141,1700,13.33,1639.3,1,579
102,2012,141,1800,13.33,711.71,1,343.8
102,2012,141,1900,13.33,127.76,.1,37.91
102,2012,141,2000,13.33,0,0,6.603
102,2012,141,2100,13.33,0,0,6.603
102,2012,141,2200,13.33,0,0,6.581
102,2012,141,2300,13.33,0,0,6.542
101,2012,141,2400,12.71,23446,10.55
102,2012,141,2400,13.33,0,0,6.52
102,2012,142,100,13.33,0,0,6.416
102,2012,142,200,13.34,0,0,6.565
102,2012,142,300,13.35,0,0,6.56
102,2012,142,400,13.35,0,0,6.577
102,2012,142,500,13.35,0,0,6.605
102,2012,142,600,13.36,0,0,6.588
102,2012,142,700,13.36,8.9432,0,7.09
102,2012,142,800,13.37,381.87,.6,295.5
102,2012,142,900,13.37,1135.5,1,669.6
102,2012,142,1000,13.36,2080,1,792
102,2012,142,1100,13.35,2743.5,1,827
102,2012,142,1200,13.35,3225,1,826
102,2012,142,1300,13.34,3496.9,1,797
102,2012,142,1400,13.33,3283.7,.95,667.6
102,2012,142,1500,13.33,3187.6,.983,690.8
102,2012,142,1600,13.32,2950,1,626.2
102,2012,142,1700,13.32,989.87,.333,186.9
102,2012,142,1800,13.33,28.181,0,6.421
102,2012,142,1900,13.35,15.383,0,6.461
102,2012,142,2000,12.75,.24231,0,6.406
102,2012,142,2100,12.73,1.7329,0,6.576
102,2012,142,2200,13.34,.52868,0,6.516
102,2012,142,2300,13.34,0,0,6.466
101,2012,142,2400,12.73,23529,8.86
102,2012,142,2400,13.35,0,0,6.423
102,2012,143,100,13.35,0,0,6.423
102,2012,143,200,13.35,0,0,6.418
102,2012,143,300,13.36,0,0,6.528
102,2012,143,400,13.36,0,0,6.55
102,2012,143,500,13.36,0,0,6.528
102,2012,143,600,13.37,0,0,6.379
102,2012,143,700,13.37,8.7081,0,7.32
102,2012,143,800,13.38,382.52,.6,325.4
102,2012,143,900,13.38,1170.7,1,732
102,2012,143,1000,13.37,2103.8,1,810
102,2012,143,1100,13.36,2786.5,1,847
102,2012,143,1200,13.35,3241.3,1,831
102,2012,143,1300,13.35,3419.6,1,773
102,2012,143,1400,13.34,2683.4,.6,410.2
102,2012,143,1500,13.34,256.74,0,24.27
102,2012,143,1600,13.34,262.27,0,9.39
102,2012,143,1700,12.76,316.59,0,9.52
102,2012,143,1800,12.74,547.49,.067,34.85
102,2012,143,1900,13.36,228.94,.267,80
102,2012,143,2000,13.36,0,0,6.434
102,2012,143,2100,13.36,0,0,6.385
102,2012,143,2200,13.36,0,0,6.396
102,2012,143,2300,13.36,0,0,6.363
101,2012,143,2400,12.74,17409,6.531
102,2012,143,2400,13.36,0,0,6.352
102,2012,144,100,13.36,0,0,6.341
102,2012,144,200,13.36,0,0,6.407
102,2012,144,300,13.36,0,0,6.418
102,2012,144,400,13.37,0,0,6.511
102,2012,144,500,13.37,0,0,6.368
102,2012,144,600,13.37,0,0,6.341
102,2012,144,700,13.38,22.402,0,6.754
102,2012,144,800,13.38,464.28,.583,267.3
102,2012,144,900,13.38,1154,1,579
102,2012,144,1000,12.72,2098.7,1,677.2
102,2012,144,1100,13.36,2864.1,1,676.1
102,2012,144,1200,13.35,3407.1,1,764
102,2012,144,1300,13.34,3069.6,.916,576.9
102,2012,144,1400,13.34,2394.8,.633,242.1
102,2012,144,1500,13.34,1026.8,.017,31.56
102,2012,144,1600,13.34,1484.9,.083,60.4
102,2012,144,1700,13.34,453.84,0,8.22
102,2012,144,1800,13.35,166.53,0,8.72
102,2012,144,1900,13.35,29.878,0,6.549
102,2012,144,2000,13.36,0,0,6.517
102,2012,144,2100,13.36,0,0,6.363
102,2012,144,2200,13.36,0,0,6.368
102,2012,144,2300,13.36,0,0,6.368
101,2012,144,2400,12.72,18637,6.231
102,2012,144,2400,13.36,0,0,6.341
102,2012,145,100,13.36,0,0,6.352
102,2012,145,200,13.36,0,0,6.324
102,2012,145,300,13.36,0,0,6.341
102,2012,145,400,13.36,0,0,6.313
102,2012,145,500,13.37,0,0,6.341
102,2012,145,600,13.37,0,0,6.308
102,2012,145,700,13.37,8.5172,0,7.35
102,2012,145,800,13.38,431.16,.583,259.6
102,2012,145,900,13.38,1260.4,1,654.4
102,2012,145,1000,13.37,2152.3,1,819
102,2012,145,1100,12.73,2768.1,1,843
102,2012,145,1200,12.71,2405.5,.8,555.3
102,2012,145,1300,12.71,2808.1,.75,540.1
102,2012,145,1400,12.71,2926.9,.716,482.8
102,2012,145,1500,12.71,2927.8,.816,550.1
102,2012,145,1600,13.34,632.61,.067,52.6
102,2012,145,1700,13.35,334.08,0,9.23
102,2012,145,1800,13.35,148.32,0,7.02
102,2012,145,1900,13.35,22.704,0,6.527
102,2012,145,2000,13.35,0,0,6.434
102,2012,145,2100,13.35,0,0,6.357
102,2012,145,2200,13.35,0,0,6.34
102,2012,145,2300,13.35,0,0,6.329
101,2012,145,2400,12.71,18826,6.731
102,2012,145,2400,13.35,0,0,6.39
102,2012,146,100,13.36,0,0,6.412
102,2012,146,200,13.36,0,0,6.396
102,2012,146,300,13.36,0,0,6.379
102,2012,146,400,13.36,0,0,6.346
102,2012,146,500,13.36,0,0,6.363
102,2012,146,600,13.37,0,0,6.335
102,2012,146,700,13.38,8.2676,0,6.456
102,2012,146,800,13.38,391.15,.583,298.4
102,2012,146,900,13.38,1039.8,1,601.5
102,2012,146,1000,13.38,1601.3,1,425.5
102,2012,146,1100,13.36,2650.8,1,757
102,2012,146,1200,13.35,3215.5,1,823
102,2012,146,1300,13.35,2677.1,.816,561.7
102,2012,146,1400,13.33,3667.7,1,706
102,2012,146,1500,13.33,3028.6,.85,584.5
102,2012,146,1600,13.33,1306.9,.233,139.9
102,2012,146,1700,13.33,31.568,0,6.675
102,2012,146,1800,13.35,47.728,0,6.5
102,2012,146,1900,13.36,38.622,0,6.396
102,2012,146,2000,13.36,0,0,6.418
102,2012,146,2100,13.36,0,0,6.555
102,2012,146,2200,13.36,0,0,6.522
102,2012,146,2300,13.36,0,0,6.489
101,2012,146,2400,13.33,19705,7.48
102,2012,146,2400,13.36,0,0,6.484
102,2012,147,100,13.36,0,0,6.484
102,2012,147,200,13.36,0,0,6.418
102,2012,147,300,13.36,0,0,6.385
102,2012,147,400,13.36,0,0,6.39
102,2012,147,500,13.37,0,0,6.407
102,2012,147,600,13.37,0,0,6.429
102,2012,147,700,13.38,11.851,0,6.55
102,2012,147,800,13.38,242.78,.1,51.36
102,2012,147,900,13.38,1299.7,1,610.5
102,2012,147,1000,13.37,2112.3,1,797
102,2012,147,1100,13.36,2772.6,1,847
102,2012,147,1200,13.35,3232.9,.966,823
102,2012,147,1300,13.34,3147.9,.766,608.3
102,2012,147,1400,13.34,2034.5,.45,341.3
102,2012,147,1500,13.33,3335.9,1,700
102,2012,147,1600,13.32,2582.5,.933,665.3
102,2012,147,1700,13.32,683.71,.466,183.8
102,2012,147,1800,13.33,167.25,0,46.79
102,2012,147,1900,13.35,80.219,.1,33.42
102,2012,147,2000,13.35,.02937,0,6.605
102,2012,147,2100,13.35,0,0,6.605
102,2012,147,2200,13.35,.76364,0,6.511
102,2012,147,2300,13.35,0,0,6.511
101,2012,147,2400,13.32,21705,7.78
102,2012,147,2400,13.35,0,0,6.401
102,2012,148,100,13.35,0,0,6.412
102,2012,148,200,13.35,0,0,6.456
102,2012,148,300,13.35,0,0,6.429
102,2012,148,400,13.35,0,0,6.429
102,2012,148,500,13.36,0,0,6.368
102,2012,148,600,13.36,0,0,6.396
102,2012,148,700,13.36,4.2514,0,6.418
102,2012,148,800,13.36,162.15,0,8.29
102,2012,148,900,13.37,643.55,0,48.01
102,2012,148,1000,13.36,1085.7,0,43.13
102,2012,148,1100,13.35,1499.9,0,44.73
102,2012,148,1200,13.35,2740.5,.85,341.7
102,2012,148,1300,13.34,3237.8,.866,661.7
102,2012,148,1400,13.34,1897.2,.35,222.3
102,2012,148,1500,13.33,2722.6,.733,475.3
102,2012,148,1600,13.33,1862.6,.516,276.5
102,2012,148,1700,13.33,582.47,.167,94.5
102,2012,148,1800,13.34,43.294,0,6.515
102,2012,148,1900,12.75,23.269,0,6.484
102,2012,148,2000,12.71,.11748,0,6.605
102,2012,148,2100,12.7,0,0,6.605
102,2012,148,2200,12.7,0,0,6.368
102,2012,148,2300,13.37,0,0,6.308
101,2012,148,2400,12.7,16505,3.482
102,2012,148,2400,13.37,0,0,6.324
102,2012,149,100,13.38,0,0,6.324
102,2012,149,200,13.38,0,0,6.324
102,2012,149,300,13.38,0,0,6.335
102,2012,149,400,13.38,0,0,6.324
102,2012,149,500,13.39,0,0,6.291
102,2012,149,600,13.39,0,0,6.297
102,2012,149,700,13.39,8.9649,0,6.644
102,2012,149,800,13.39,382.53,.583,305.3
102,2012,149,900,12.8,1251.4,1,696.4
102,2012,149,1000,13.38,2071.3,1,796
102,2012,149,1100,13.38,2758.2,1,839
102,2012,149,1200,13.37,3236.1,1,810
102,2012,149,1300,13.36,2490,.7,535.6
102,2012,149,1400,13.36,2354.8,.533,364.7
102,2012,149,1500,12.73,3104,.983,658.5
102,2012,149,1600,12.87,2416.6,.933,614.3
102,2012,149,1700,12.72,1067.4,.25,168
102,2012,149,1800,13.35,262.95,0,10.33
102,2012,149,1900,13.36,6.6012,0,6.428
102,2012,149,2000,13.37,0,0,6.357
102,2012,149,2100,13.37,0,0,6.335
102,2012,149,2200,13.37,0,0,6.319
102,2012,149,2300,13.37,0,0,6.335
101,2012,149,2400,12.72,21411,7.98
102,2012,149,2400,13.38,0,0,6.297
102,2012,150,100,13.38,0,0,6.313
102,2012,150,200,13.38,0,0,6.324
102,2012,150,300,13.38,0,0,6.335
102,2012,150,400,13.38,0,0,6.324
102,2012,150,500,13.38,0,0,6.302
102,2012,150,600,13.39,0,0,6.302
102,2012,150,700,13.39,8.4582,0,6.825
102,2012,150,800,13.4,333.57,.583,227
102,2012,150,900,13.4,1158.2,1,614.4
102,2012,150,1000,13.38,2002.3,1,741
102,2012,150,1100,13.38,2664.8,1,781
102,2012,150,1200,13.37,3122,1,776
102,2012,150,1300,13.35,3432.1,1,749
102,2012,150,1400,13.35,3075,.866,558.2
102,2012,150,1500,13.34,2871.8,.883,578.3
102,2012,150,1600,13.33,2513.9,1,678.1
102,2012,150,1700,13.33,1649.9,1,541.9
102,2012,150,1800,13.33,870.48,.9,408.2
102,2012,150,1900,13.33,190.24,.4,111
102,2012,150,2000,13.33,0,0,6.592
102,2012,150,2100,13.34,0,0,6.593
102,2012,150,2200,13.35,0,0,6.593
102,2012,150,2300,13.35,0,0,6.511
101,2012,150,2400,13.33,23893,10.63
102,2012,150,2400,13.35,0,0,6.528
102,2012,151,100,13.36,0,0,6.517
102,2012,151,200,13.36,0,0,6.506
102,2012,151,300,13.36,0,0,6.429
102,2012,151,400,13.36,0,0,6.39
102,2012,151,500,13.37,0,0,6.385
102,2012,151,600,13.37,0,0,6.418
102,2012,151,700,13.38,7.4232,0,6.594
102,2012,151,800,13.38,334.51,.583,222.8
102,2012,151,900,13.38,1137.5,1,597
102,2012,151,1000,13.37,1962.6,1,731
102,2012,151,1100,13.36,2653.8,1,785
102,2012,151,1200,13.35,3120.1,1,779
102,2012,151,1300,13.35,3252.5,.966,717
102,2012,151,1400,13.35,3395.3,1,665.7
102,2012,151,1500,13.34,3049.2,1,648.8
102,2012,151,1600,13.33,2206.4,.866,536.4
102,2012,151,1700,12.73,1735.3,1,566
102,2012,151,1800,13.33,717.82,.95,298.7
102,2012,151,1900,13.33,152.88,.35,85
102,2012,151,2000,13.33,0,0,6.603
102,2012,151,2100,13.33,0,0,6.603
102,2012,151,2200,13.33,0,0,6.603
102,2012,151,2300,13.33,0,0,6.603
101,2012,151,2400,12.73,23725,10.71
102,2012,151,2400,13.33,0,0,6.598
102,2012,152,100,13.34,0,0,6.587
102,2012,152,200,13.34,0,0,6.549
102,2012,152,300,13.34,0,0,6.521
102,2012,152,400,13.35,0,0,6.532
102,2012,152,500,13.35,0,0,6.56
102,2012,152,600,13.35,0,0,6.555
102,2012,152,700,13.35,7.1884,0,6.869
102,2012,152,800,13.36,332.55,.583,226.1
102,2012,152,900,13.36,1165.2,1,615
102,2012,152,1000,13.36,2021.2,1,755
102,2012,152,1100,13.35,2719.5,1,802
102,2012,152,1200,13.35,3174.7,1,793
102,2012,152,1300,13.34,3350.7,1,744
102,2012,152,1400,13.33,3266.1,1,661.4
102,2012,152,1500,13.33,2963.2,1,648.9
102,2012,152,1600,13.32,2423.5,1,634.2
102,2012,152,1700,13.31,1687.1,1,556.7
102,2012,152,1800,13.31,860.02,1,383
102,2012,152,1900,13.31,128.97,.233,61.09
102,2012,152,2000,13.31,0,0,6.603
102,2012,152,2100,13.32,0,0,6.603
102,2012,152,2200,13.32,0,0,6.603
102,2012,152,2300,13.32,0,0,6.603
101,2012,152,2400,13.31,24100,10.81
102,2012,152,2400,13.33,0,0,6.603
102,2012,153,100,13.33,0,0,6.603
102,2012,153,200,13.33,0,0,6.603
102,2012,153,300,13.33,0,0,6.598
102,2012,153,400,13.34,0,0,6.593
102,2012,153,500,13.34,0,0,6.565
102,2012,153,600,13.34,0,0,6.51
102,2012,153,700,13.34,6.3074,0,6.649
102,2012,153,800,13.35,295.09,.516,155.9
102,2012,153,900,13.35,1012.9,1,446.6
102,2012,153,1000,13.35,1902.8,1,675.7
102,2012,153,1100,13.35,2614,1,745
102,2012,153,1200,13.34,2893,.95,688.3
102,2012,153,1300,13.33,3385.9,1,698.7
102,2012,153,1400,13.32,2949.5,.783,459.6
102,2012,153,1500,13.32,1858.3,.483,245.6
102,2012,153,1600,13.31,2186.4,.816,448.5
102,2012,153,1700,13.31,505.49,.05,31.17
102,2012,153,1800,13.32,182.14,0,30.48
102,2012,153,1900,13.33,75.582,0,10.27
102,2012,153,2000,13.33,0,0,6.604
102,2012,153,2100,13.33,.54338,0,6.565
102,2012,153,2200,13.33,0,0,6.455
102,2012,153,2300,13.34,0,0,6.406
101,2012,153,2400,13.31,19868,7.6
102,2012,153,2400,13.34,0,0,6.334
102,2012,154,100,13.34,0,0,6.312
102,2012,154,200,13.35,0,0,6.296
102,2012,154,300,13.35,0,0,6.357
102,2012,154,400,13.35,0,0,6.324
102,2012,154,500,13.36,0,0,6.335
102,2012,154,600,13.36,0,0,6.346
102,2012,154,700,13.36,8.018,0,6.627
102,2012,154,800,13.36,315.4,.566,171.5
102,2012,154,900,13.36,1038.3,1,475.6
102,2012,154,1000,13.36,1709.4,1,561.4
102,2012,154,1100,13.35,2465.8,1,637.3
102,2012,154,1200,13.35,3008.6,1,643
102,2012,154,1300,13.33,3261.3,1,662.7
102,2012,154,1400,13.33,2815.2,.716,430
102,2012,154,1500,13.33,859.29,0,13.98
102,2012,154,1600,13.33,919.16,.017,24.91
102,2012,154,1700,13.33,805.73,.017,40.24
102,2012,154,1800,13.33,879.13,.9,281.8
102,2012,154,1900,13.33,106.64,0,22.96
102,2012,154,2000,13.33,0,0,6.603
102,2012,154,2100,13.33,0,0,6.603
102,2012,154,2200,13.34,0,0,6.576
102,2012,154,2300,13.34,0,0,6.549
101,2012,154,2400,13.33,18192,7.21
102,2012,154,2400,13.34,0,0,6.565
102,2012,155,100,13.34,0,0,6.571
102,2012,155,200,13.34,0,0,6.549
102,2012,155,300,13.35,0,0,6.528
102,2012,155,400,13.35,0,0,6.517
102,2012,155,500,13.36,0,0,6.511
102,2012,155,600,13.36,0,0,6.473
102,2012,155,700,13.36,4.1118,0,6.429
102,2012,155,800,13.37,212.61,.267,72.2
102,2012,155,900,13.37,1033.6,1,460.6
102,2012,155,1000,13.36,1812.8,1,579
102,2012,155,1100,13.35,2596.1,1,699.6
102,2012,155,1200,13.34,3132.8,1,686.8
102,2012,155,1300,12.77,2581.3,.6,289.7
102,2012,155,1400,12.73,1653.5,.25,146
102,2012,155,1500,12.75,196.2,0,6.763
102,2012,155,1600,13.35,142.19,0,6.604
102,2012,155,1700,13.35,307.87,0,8.77
102,2012,155,1800,13.35,253.92,0,6.715
102,2012,155,1900,13.35,85.652,0,6.588
102,2012,155,2000,13.35,0,0,6.572
102,2012,155,2100,13.35,0,0,6.55
102,2012,155,2200,13.35,0,0,6.5
102,2012,155,2300,13.36,0,0,6.489
101,2012,155,2400,12.73,14013,5.115
102,2012,155,2400,13.36,0,0,6.462
102,2012,156,100,13.36,0,0,6.539
102,2012,156,200,13.36,0,0,6.55
102,2012,156,300,13.36,0,0,6.528
102,2012,156,400,13.37,0,0,6.495
102,2012,156,500,13.37,0,0,6.522
102,2012,156,600,13.37,0,0,6.434
102,2012,156,700,13.38,3.9208,0,6.451
102,2012,156,800,13.38,249.97,.133,46.59
102,2012,156,900,13.38,998.89,1,399.8
102,2012,156,1000,13.37,1782.8,1,612.5
102,2012,156,1100,13.36,2510.1,1,697.2
102,2012,156,1200,13.35,2894.7,1,627.1
102,2012,156,1300,12.71,3004,.95,570.4
102,2012,156,1400,12.71,3549.8,.983,570.7
102,2012,156,1500,13.34,1951.7,.383,197.2
102,2012,156,1600,13.34,414.13,.017,14.12
102,2012,156,1700,13.35,211.93,0,8.01
102,2012,156,1800,13.35,86.352,0,6.604
102,2012,156,1900,13.35,30.825,0,6.571
102,2012,156,2000,13.36,.06608,0,6.55
102,2012,156,2100,13.35,.26433,0,6.544
102,2012,156,2200,13.36,0,0,6.511
102,2012,156,2300,13.36,0,0,6.412
101,2012,156,2400,12.71,17689,6.464
102,2012,156,2400,13.36,0,0,6.451
102,2012,157,100,13.36,0,0,6.451
102,2012,157,200,13.36,0,0,6.418
102,2012,157,300,13.36,0,0,6.434
102,2012,157,400,13.36,0,0,6.456
102,2012,157,500,13.36,0,0,6.429
102,2012,157,600,13.37,0,0,6.418
102,2012,157,700,13.37,4.6918,0,6.456
102,2012,157,800,13.38,259.3,.233,82.9
102,2012,157,900,13.37,980.59,.6,317.6
102,2012,157,1000,13.36,1869.9,1,640.4
102,2012,157,1100,13.36,1805.1,.666,275.2
102,2012,157,1200,13.35,2806.9,.8,516.7
102,2012,157,1300,13.35,3099,.966,619.2
102,2012,157,1400,13.34,2387.3,.5,269.6
102,2012,157,1500,13.33,2550.5,.85,357.8
102,2012,157,1600,13.33,698.79,0,21.92
102,2012,157,1700,13.33,417.86,0,13.13
102,2012,157,1800,13.34,606.9,.35,101.7
102,2012,157,1900,13.34,275.98,.233,63.16
102,2012,157,2000,13.34,0,0,6.604
102,2012,157,2100,13.34,0,0,6.598
102,2012,157,2200,13.34,0,0,6.593
102,2012,157,2300,13.35,0,0,6.582
101,2012,157,2400,13.33,17763,6.198
102,2012,157,2400,13.35,0,0,6.549
102,2012,158,100,13.35,0,0,6.539
102,2012,158,200,13.35,0,0,6.522
102,2012,158,300,13.35,0,0,6.572
102,2012,158,400,13.35,0,0,6.528
102,2012,158,500,13.36,0,0,6.583
102,2012,158,600,13.36,0,0,6.577
102,2012,158,700,13.36,3.7741,0,6.561
102,2012,158,800,13.36,183.4,.133,34.83
102,2012,158,900,13.36,919.18,.95,332.7
102,2012,158,1000,12.78,1520,1,422.4
102,2012,158,1100,13.35,2333.9,1,608.9
102,2012,158,1200,13.34,2639.1,.916,536.3
102,2012,158,1300,13.34,2083.8,.433,219.6
102,2012,158,1400,12.71,1331.9,.083,53.33
102,2012,158,1500,12.7,600.29,.017,38.51
102,2012,158,1600,12.7,219.53,0,8.49
102,2012,158,1700,12.7,520.81,.083,66.65
102,2012,158,1800,12.7,850.47,.783,235.7
102,2012,158,1900,13.35,168.27,0,44.94
102,2012,158,2000,13.35,0,0,6.605
102,2012,158,2100,12.91,0,0,6.572
102,2012,158,2200,12.74,0,0,6.588
102,2012,158,2300,13.36,0,0,6.511
101,2012,158,2400,12.7,13374,5.398
102,2012,158,2400,13.36,0,0,6.506
102,2012,159,100,13.36,0,0,6.533
102,2012,159,200,13.36,.02937,0,6.423
102,2012,159,300,13.36,0,0,6.335
102,2012,159,400,13.36,0,0,6.313
102,2012,159,500,13.37,0,0,6.352
102,2012,159,600,13.37,0,0,6.352
102,2012,159,700,13.38,1.9311,0,6.335
102,2012,159,800,13.38,108.94,0,6.352
102,2012,159,900,13.37,508.59,0,14.97
102,2012,159,1000,13.37,1672.7,.7,386.6
102,2012,159,1100,12.71,1971,.7,360.4
102,2012,159,1200,12.69,2618,.716,475
102,2012,159,1300,12.69,3032.2,.85,510.2
102,2012,159,1400,12.7,2724.4,.633,371.2
102,2012,159,1500,12.7,2192.1,.566,323.4
102,2012,159,1600,12.7,2299.4,.9,505.7
102,2012,159,1700,12.7,1736.7,.933,493.3
102,2012,159,1800,12.7,578.35,.317,145.2
102,2012,159,1900,12.7,130.88,0,22.65
102,2012,159,2000,13.34,0,0,6.582
102,2012,159,2100,13.34,0,0,6.544
102,2012,159,2200,13.34,0,0,6.516
102,2012,159,2300,13.34,0,0,6.522
101,2012,159,2400,12.69,19575,6.314
102,2012,159,2400,13.35,0,0,6.594
102,2012,160,100,13.35,0,0,6.594
102,2012,160,200,13.36,0,0,6.55
102,2012,160,300,13.36,0,0,6.55
102,2012,160,400,13.36,0,0,6.467
102,2012,160,500,13.36,0,0,6.418
102,2012,160,600,13.36,0,0,6.368
102,2012,160,700,13.37,7.4967,0,6.412
102,2012,160,800,13.37,228.16,0,44.76
102,2012,160,900,13.37,916.69,.983,382.5
102,2012,160,1000,13.36,1828.1,1,649.1
102,2012,160,1100,13.36,2513.9,1,719
102,2012,160,1200,13.35,3001,1,705
102,2012,160,1300,13.33,3517.9,1,666.9
102,2012,160,1400,13.33,3384.8,1,608.8
102,2012,160,1500,13.33,2991.9,1,626.6
102,2012,160,1600,13.33,2355.1,.983,572.4
102,2012,160,1700,13.32,1169,.866,276.5
102,2012,160,1800,13.32,556.89,.267,91.7
102,2012,160,1900,13.33,135.13,0,7.15
102,2012,160,2000,13.33,0,0,6.603
102,2012,160,2100,13.34,0,0,6.604
102,2012,160,2200,13.34,0,0,6.604
102,2012,160,2300,13.34,0,0,6.604
101,2012,160,2400,13.32,22606,9.1
102,2012,160,2400,13.34,0,0,6.598
102,2012,161,100,13.34,0,0,6.604
102,2012,161,200,13.35,0,0,6.604
102,2012,161,300,13.34,0,0,6.604
102,2012,161,400,13.34,0,0,6.604
102,2012,161,500,13.35,0,0,6.599
102,2012,161,600,13.34,0,0,6.605
102,2012,161,700,13.35,5.4115,0,6.605
102,2012,161,800,13.35,271.31,.433,138.9
102,2012,161,900,13.36,542.96,.183,84.4
102,2012,161,1000,12.73,1811.7,.966,585
102,2012,161,1100,12.7,2510.6,1,702
102,2012,161,1200,12.7,2955.6,1,670
102,2012,161,1300,12.7,2921.3,.833,482.7
102,2012,161,1400,12.7,1632.5,.05,37.26
102,2012,161,1500,12.7,1200.5,.05,24.63
102,2012,161,1600,12.7,1299.7,.183,97
102,2012,161,1700,12.7,1047.8,.4,151.9
102,2012,161,1800,12.7,230.02,.067,24.4
102,2012,161,1900,12.7,29.071,0,6.603
102,2012,161,2000,12.7,0,0,6.603
102,2012,161,2100,13.28,.02203,0,6.565
102,2012,161,2200,12.74,0,0,6.582
102,2012,161,2300,13.33,0,0,6.521
101,2012,161,2400,12.7,16458,5.165
102,2012,161,2400,12.81,0,0,6.483
102,2012,162,100,13.34,0,0,6.428
102,2012,162,200,13.34,0,0,6.445
102,2012,162,300,13.35,0,0,6.5
102,2012,162,400,13.35,.39651,0,6.544
102,2012,162,500,13.35,1.5493,0,6.489
102,2012,162,600,12.73,0,0,6.511
102,2012,162,700,12.71,6.1751,0,6.605
102,2012,162,800,12.71,107.91,0,7.05
102,2012,162,900,12.7,784.9,.367,118.2
102,2012,162,1000,12.7,894.51,0,33.47
102,2012,162,1100,12.76,1319.8,0,30.88
102,2012,162,1200,13.36,2604.5,.75,316.9
102,2012,162,1300,13.35,3158.2,.95,393.7
102,2012,162,1400,13.34,2672.1,.616,241.8
102,2012,162,1500,13.34,2704.9,1,420.7
102,2012,162,1600,13.33,1886.8,.633,268.1
102,2012,162,1700,13.33,838.17,.217,95
102,2012,162,1800,13.33,348.9,.083,35.94
102,2012,162,1900,13.34,146.53,0,8.5
102,2012,162,2000,13.34,0,0,6.604
102,2012,162,2100,13.35,0,0,6.604
102,2012,162,2200,13.35,0,0,6.604
102,2012,162,2300,13.35,0,0,6.605
101,2012,162,2400,12.7,17476,4.615
102,2012,162,2400,13.35,.20559,0,6.594
102,2012,163,100,12.73,.54335,0,6.555
102,2012,163,200,12.71,0,0,6.605
102,2012,163,300,12.7,0,0,6.605
102,2012,163,400,12.7,0,0,6.605
102,2012,163,500,12.69,0,0,6.605
102,2012,163,600,12.69,0,0,6.605
102,2012,163,700,12.69,.58738,0,6.605
102,2012,163,800,12.69,139.94,0,8.09
102,2012,163,900,12.69,614.75,0,30.5
102,2012,163,1000,13.36,879.04,0,14.46
102,2012,163,1100,13.36,1601.7,.367,118.4
102,2012,163,1200,13.36,2512.7,.75,368.4
102,2012,163,1300,13.35,3050.9,1,507.8
102,2012,163,1400,13.35,2826.5,1,437.1
102,2012,163,1500,13.34,2857.7,1,572.4
102,2012,163,1600,13.34,2614.4,1,549
102,2012,163,1700,13.34,565.72,.067,39.2
102,2012,163,1800,13.34,857.58,.583,218.5
102,2012,163,1900,13.34,150.21,0,40.73
102,2012,163,2000,13.34,0,0,6.604
102,2012,163,2100,13.35,0,0,6.604
102,2012,163,2200,13.34,0,0,6.604
102,2012,163,2300,13.35,0,0,6.604
101,2012,163,2400,12.69,18672,5.764
102,2012,163,2400,13.35,0,0,6.604
102,2012,164,100,13.35,0,0,6.605
102,2012,164,200,13.35,0,0,6.605
102,2012,164,300,13.36,0,0,6.594
102,2012,164,400,13.36,0,0,6.594
102,2012,164,500,13.36,0,0,6.594
102,2012,164,600,13.36,0,0,6.561
102,2012,164,700,13.37,5.4408,0,6.589
102,2012,164,800,13.37,270.71,.5,129.3
102,2012,164,900,13.37,969.34,1,446.8
102,2012,164,1000,13.37,1764.1,1,615.4
102,2012,164,1100,13.36,2465,1,694.4
102,2012,164,1200,13.35,2998.4,1,695.6
102,2012,164,1300,13.34,2949.2,.9,540.9
102,2012,164,1400,13.33,2790.8,.816,434.8
102,2012,164,1500,13.33,2342.3,.75,409.9
102,2012,164,1600,13.33,2225.2,.9,487.8
102,2012,164,1700,13.33,1296.1,.566,240.9
102,2012,164,1800,13.33,727.65,.75,242.1
102,2012,164,1900,13.33,170.32,.167,63.68
102,2012,164,2000,13.33,.01469,0,6.603
102,2012,164,2100,13.33,0,0,6.603
102,2012,164,2200,13.33,0,0,6.603
102,2012,164,2300,13.33,0,0,6.604
101,2012,164,2400,13.33,20975,9.35
102,2012,164,2400,13.34,0,0,6.604
102,2012,165,100,13.34,0,0,6.604
102,2012,165,200,13.34,0,0,6.604
102,2012,165,300,13.34,0,0,6.605
102,2012,165,400,13.35,0,0,6.594
102,2012,165,500,13.35,0,0,6.588
102,2012,165,600,13.36,0,0,6.6
102,2012,165,700,13.36,3.3702,0,6.6
102,2012,165,800,13.05,270.37,.5,133.4
102,2012,165,900,12.71,978.88,1,462.8
102,2012,165,1000,13.36,1787.8,1,625
102,2012,165,1100,13.34,2492.1,1,695.5
102,2012,165,1200,13.34,2934.3,1,679
102,2012,165,1300,13.33,3175.9,1,627.6
102,2012,165,1400,13.33,3006.3,.9,495.3
102,2012,165,1500,13.32,2720.4,.916,491.7
102,2012,165,1600,13.31,1958,.65,332.1
102,2012,165,1700,13.31,948.15,.233,119.5
102,2012,165,1800,13.32,401.81,.017,25.37
102,2012,165,1900,13.32,142.69,.033,28.82
102,2012,165,2000,13.33,.46996,0,6.603
102,2012,165,2100,13.33,.05874,0,6.603
102,2012,165,2200,13.33,0,0,6.603
102,2012,165,2300,13.33,0,0,6.604
101,2012,165,2400,12.71,20821,8.25
102,2012,165,2400,13.34,0,0,6.598
102,2012,166,100,13.34,0,0,6.593
102,2012,166,200,13.35,0,0,6.599
102,2012,166,300,13.35,0,0,6.588
102,2012,166,400,13.35,0,0,6.588
102,2012,166,500,13.35,0,0,6.594
102,2012,166,600,13.35,0,0,6.583
102,2012,166,700,13.36,2.9591,0,6.6
102,2012,166,800,13.36,198.37,.133,60.01
102,2012,166,900,13.36,797.57,.55,192.5
102,2012,166,1000,13.36,1650.9,.8,476.5
102,2012,166,1100,13.34,2420.7,1,661.9
102,2012,166,1200,13.33,2917.9,1,665.7
102,2012,166,1300,12.73,3283.2,.983,593.8
102,2012,166,1400,12.71,3081.4,.816,413
102,2012,166,1500,12.7,2304.9,.683,309.7
102,2012,166,1600,12.7,1125.2,.317,125
102,2012,166,1700,12.7,822.38,.167,86.6
102,2012,166,1800,13.33,457.95,0,26.58
102,2012,166,1900,13.33,142.69,0,21.77
102,2012,166,2000,13.33,0,0,6.603
102,2012,166,2100,13.33,0,0,6.603
102,2012,166,2200,13.33,0,0,6.592
102,2012,166,2300,13.33,0,0,6.576
101,2012,166,2400,12.7,19206,6.447
102,2012,166,2400,13.33,0,0,6.603
102,2012,167,100,13.33,0,0,6.604
102,2012,167,200,13.34,0,0,6.604
102,2012,167,300,13.34,0,0,6.598
102,2012,167,400,13.34,0,0,6.604
102,2012,167,500,13.35,0,0,6.604
102,2012,167,600,13.35,0,0,6.604
102,2012,167,700,13.35,2.849,0,6.605
102,2012,167,800,13.35,232.75,0,34.42
102,2012,167,900,13.35,725.35,.317,132.3
102,2012,167,1000,12.75,1269.8,.633,170.2
102,2012,167,1100,12.7,2273.5,.95,419.2
102,2012,167,1200,12.69,1607.3,.333,169
102,2012,167,1300,12.7,1402.6,.15,75.9
102,2012,167,1400,13.34,912.52,.033,29.17
102,2012,167,1500,13.34,1168,.117,66.57
102,2012,167,1600,13.34,1442.1,.383,158.2
102,2012,167,1700,13.34,564.77,.1,45.04
102,2012,167,1800,13.34,278.44,0,7.54
102,2012,167,1900,13.35,87.725,0,6.604
102,2012,167,2000,13.35,0,0,6.599
102,2012,167,2100,13.35,0,0,6.605
102,2012,167,2200,13.35,0,0,6.605
102,2012,167,2300,13.35,0,0,6.589
101,2012,167,2400,12.69,11968,3.015
102,2012,167,2400,13.36,0,0,6.566
102,2012,168,100,13.36,0,0,6.517
102,2012,168,200,13.36,0,0,6.5
102,2012,168,300,13.36,0,0,6.522
102,2012,168,400,13.36,0,0,6.506
102,2012,168,500,13.37,0,0,6.5
102,2012,168,600,13.37,0,0,6.473
102,2012,168,700,13.37,1.9604,0,6.423
102,2012,168,800,13.38,247.59,.483,122.9
102,2012,168,900,13.38,957.02,1,454.7
102,2012,168,1000,13.37,1730,1,597.8
102,2012,168,1100,13.36,2331.8,1,618.4
102,2012,168,1200,13.35,2784.7,1,607.2
102,2012,168,1300,13.35,3181.6,1,599.8
102,2012,168,1400,12.72,1823.5,.367,194.1
102,2012,168,1500,13.35,530.22,0,11.04
102,2012,168,1600,13.35,1135.1,.15,78.4
102,2012,168,1700,13.34,1229.2,.217,78.4
102,2012,168,1800,13.34,856.89,.716,169.9
102,2012,168,1900,13.34,194.02,0,52.86
102,2012,168,2000,13.34,0,0,6.604
102,2012,168,2100,13.35,0,0,6.604
102,2012,168,2200,13.35,0,0,6.604
102,2012,168,2300,13.35,0,0,6.604
101,2012,168,2400,12.72,17004,6.931
102,2012,168,2400,13.35,0,0,6.605
102,2012,169,100,13.35,0,0,6.6
102,2012,169,200,13.36,0,0,6.6
102,2012,169,300,13.36,0,0,6.594
102,2012,169,400,13.36,0,0,6.589
102,2012,169,500,13.36,0,0,6.544
102,2012,169,600,13.37,0,0,6.511
102,2012,169,700,13.37,5.0222,0,6.522
102,2012,169,800,13.38,272.8,.017,36.05
102,2012,169,900,13.37,820.71,.516,218
102,2012,169,1000,13.36,1667.7,1,550.1
102,2012,169,1100,13.36,2390.4,1,642.4
102,2012,169,1200,13.35,2798.3,.983,609
102,2012,169,1300,13.35,2648.9,.733,403.7
102,2012,169,1400,13.34,2667.3,.683,325
102,2012,169,1500,13.34,1466.7,.217,93.6
102,2012,169,1600,13.34,780.97,.2,86.1
102,2012,169,1700,13.35,134.35,0,6.604
102,2012,169,1800,13.35,109.08,0,6.604
102,2012,169,1900,13.35,38.476,0,6.594
102,2012,169,2000,13.35,.12483,0,6.605
102,2012,169,2100,13.36,0,0,6.566
102,2012,169,2200,13.36,0,0,6.566
102,2012,169,2300,13.36,0,0,6.506
101,2012,169,2400,13.34,15801,5.348
102,2012,169,2400,13.37,0,0,6.511
102,2012,170,100,13.37,0,0,6.462
102,2012,170,200,13.38,0,0,6.484
102,2012,170,300,13.38,0,0,6.511
102,2012,170,400,13.38,0,0,6.489
102,2012,170,500,13.38,0,0,6.451
102,2012,170,600,13.38,0,0,6.484
102,2012,170,700,13.39,.80765,0,6.495
102,2012,170,800,13.39,132.68,0,6.528
102,2012,170,900,13.4,506.08,0,26.68
102,2012,170,1000,13.38,1471.9,.9,320.2
102,2012,170,1100,13.38,2197.1,1,479.9
102,2012,170,1200,13.36,2062.8,.75,314.6
102,2012,170,1300,13.36,1754.8,.6,225.8
102,2012,170,1400,13.36,1889.6,.367,190.9
102,2012,170,1500,13.35,2878.7,1,563.3
102,2012,170,1600,13.34,2276,.983,485.6
102,2012,170,1700,13.34,754.71,.25,84.8
102,2012,170,1800,13.35,352.2,0,15.84
102,2012,170,1900,13.35,93.304,0,6.605
102,2012,170,2000,13.35,0,0,6.588
102,2012,170,2100,13.35,0,0,6.55
102,2012,170,2200,13.36,.23496,0,6.522
102,2012,170,2300,13.36,.44056,0,6.467
101,2012,170,2400,13.34,16372,5.848
102,2012,170,2400,13.36,.85908,0,6.566
102,2012,171,100,13.36,.89579,0,6.528
102,2012,171,200,13.37,.05874,0,6.495
102,2012,171,300,13.37,0,0,6.484
102,2012,171,400,13.38,0,0,6.528
102,2012,171,500,13.38,0,0,6.495
102,2012,171,600,13.38,0,0,6.506
102,2012,171,700,13.38,4.354,0,6.478
102,2012,171,800,13.39,290.4,.35,105.3
102,2012,171,900,13.39,752.88,.566,234.3
102,2012,171,1000,13.38,1292.2,.5,206.2
102,2012,171,1100,13.38,1504.2,.616,159.1
102,2012,171,1200,13.37,1224.8,.117,60.49
102,2012,171,1300,13.36,2926.7,.95,513.3
102,2012,171,1400,13.36,1952.3,.25,102.4
102,2012,171,1500,13.35,903.57,0,16.16
102,2012,171,1600,13.36,358.09,0,7.42
102,2012,171,1700,13.36,307.79,0,6.605
102,2012,171,1800,13.37,268.34,0,6.721
102,2012,171,1900,13.37,21.447,0,6.605
102,2012,171,2000,13.37,0,0,6.605
102,2012,171,2100,13.37,0,0,6.605
102,2012,171,2200,13.38,0,0,6.6
102,2012,171,2300,13.38,0,0,6.544
101,2012,171,2400,13.35,11808,3.349
102,2012,171,2400,13.38,0,0,6.522
102,2012,172,100,13.38,0,0,6.5
102,2012,172,200,13.38,0,0,6.5
102,2012,172,300,13.38,0,0,6.522
102,2012,172,400,13.38,0,0,6.473
102,2012,172,500,13.39,0,0,6.462
102,2012,172,600,13.38,0,0,6.495
102,2012,172,700,13.39,1.9751,0,6.495
102,2012,172,800,13.39,98.291,0,6.511
102,2012,172,900,13.39,949.08,.616,289.1
102,2012,172,1000,13.38,1879.4,1,519.9
102,2012,172,1100,13.38,1783.4,.6,202
102,2012,172,1200,13.37,2548.6,1,420.1
102,2012,172,1300,13.36,3345.5,1,632.3
102,2012,172,1400,13.35,1910.8,.633,173.2
102,2012,172,1500,13.35,1282.8,.167,54.37
102,2012,172,1600,13.35,921.25,.017,16.38
102,2012,172,1700,13.35,752.51,.067,53.58
102,2012,172,1800,13.36,300.96,0,13.03
102,2012,172,1900,13.37,53.652,0,6.704
102,2012,172,2000,13.37,.11014,0,6.561
102,2012,172,2100,13.37,.00734,0,6.511
102,2012,172,2200,13.37,.47726,0,6.506
102,2012,172,2300,13.37,.39649,0,6.572
101,2012,172,2400,13.35,15829,5.098
102,2012,172,2400,13.37,.19825,0,6.572
102,2012,173,100,13.38,0,0,6.489
102,2012,173,200,13.38,0,0,6.511
102,2012,173,300,13.38,0,0,6.517
102,2012,173,400,13.38,0,0,6.462
102,2012,173,500,13.38,0,0,6.517
102,2012,173,600,13.39,0,0,6.473
102,2012,173,700,13.39,2.1733,0,6.418
102,2012,173,800,13.4,108.12,0,6.522
102,2012,173,900,13.4,421.92,0,11.86
102,2012,173,1000,13.4,780.52,.033,26.6
102,2012,173,1100,13.39,1144.6,.033,30.58
102,2012,173,1200,13.38,1935.2,.317,128.9
102,2012,173,1300,13.38,2837,.816,359.8
102,2012,173,1400,13.36,3231.2,1,573.2
102,2012,173,1500,13.36,2557.4,.8,331
102,2012,173,1600,13.36,468.51,0,13.18
102,2012,173,1700,13.36,644.99,.017,17.93
102,2012,173,1800,13.36,384.09,0,17.71
102,2012,173,1900,13.36,65.209,0,6.693
102,2012,173,2000,13.36,0,0,6.605
102,2012,173,2100,13.36,0,0,6.605
102,2012,173,2200,13.37,0,0,6.589
102,2012,173,2300,13.38,0,0,6.533
101,2012,173,2400,13.36,14581,3.015
102,2012,173,2400,13.38,0,0,6.533
102,2012,174,100,13.39,0,0,6.495
102,2012,174,200,13.4,0,0,6.407
102,2012,174,300,13.41,0,0,6.467
102,2012,174,400,13.42,0,0,6.478
102,2012,174,500,13.42,0,0,6.445
102,2012,174,600,13.43,0,0,6.423
102,2012,174,700,13.42,1.5641,0,6.484
102,2012,174,800,13.42,145.24,0,6.517
102,2012,174,900,13.42,387.96,0,6.616
102,2012,174,1000,13.4,1293.8,.516,179.1
102,2012,174,1100,13.4,1434.4,.283,112.7
102,2012,174,1200,13.38,1784.5,.417,199
102,2012,174,1300,13.37,3267.1,1,671.9
102,2012,174,1400,13.36,2327.4,.55,333.7
102,2012,174,1500,13.36,688.37,0,8.09
102,2012,174,1600,13.38,493.38,0,6.605
102,2012,174,1700,12.71,682.58,0,31.64
102,2012,174,1800,12.69,454.53,.033,57.93
102,2012,174,1900,12.69,87.785,0,7.33
102,2012,174,2000,13.38,2.3495,0,6.484
102,2012,174,2100,13.38,0,0,6.434
102,2012,174,2200,13.38,0,0,6.368
102,2012,174,2300,13.38,0,0,6.363
101,2012,174,2400,12.69,13051,2.799
102,2012,174,2400,13.39,0,0,6.324
102,2012,175,100,13.39,0,0,6.33
102,2012,175,200,13.4,0,0,6.324
102,2012,175,300,13.4,0,0,6.352
102,2012,175,400,13.4,0,0,6.308
102,2012,175,500,13.4,0,0,6.346
102,2012,175,600,13.4,0,0,6.335
102,2012,175,700,13.4,4.171,0,6.335
102,2012,175,800,13.41,106.4,0,7.34
102,2012,175,900,13.42,333.04,0,7.3
102,2012,175,1000,13.41,850.49,0,15.44
102,2012,175,1100,13.4,2058.6,.566,263.1
102,2012,175,1200,13.39,2778.4,1,390.8
102,2012,175,1300,13.38,2982.7,.766,290.9
102,2012,175,1400,13.37,3550.3,.966,646.3
102,2012,175,1500,13.36,2974,.966,536.9
102,2012,175,1600,13.35,2794.7,.95,474.2
102,2012,175,1700,13.35,1434.2,.533,236.6
102,2012,175,1800,13.36,413.87,0,58
102,2012,175,1900,13.36,123.44,0,18.55
102,2012,175,2000,13.36,0,0,6.528
102,2012,175,2100,13.37,0,0,6.434
102,2012,175,2200,13.37,0,0,6.456
102,2012,175,2300,13.38,0,0,6.368
101,2012,175,2400,13.35,20404,5.748
102,2012,175,2400,13.38,0,0,6.368
102,2012,176,100,13.38,0,0,6.385
102,2012,176,200,13.38,0,0,6.33
102,2012,176,300,13.38,0,0,6.368
102,2012,176,400,13.39,0,0,6.341
102,2012,176,500,13.4,0,0,6.324
102,2012,176,600,13.4,0,0,6.319
102,2012,176,700,13.4,2.7757,0,6.335
102,2012,176,800,13.42,183.12,0,15.35
102,2012,176,900,13.42,452.78,0,6.6
102,2012,176,1000,13.42,617.81,0,6.594
102,2012,176,1100,13.42,1100,0,22.2
102,2012,176,1200,13.4,2410.2,.683,329.6
102,2012,176,1300,13.39,3024.9,.766,383.4
102,2012,176,1400,13.38,1849.8,.033,27.04
102,2012,176,1500,13.38,2503.6,.666,264.8
102,2012,176,1600,13.37,2845.1,.966,445.9
102,2012,176,1700,13.36,1321.1,.433,238.3
102,2012,176,1800,13.37,155.62,0,30.37
102,2012,176,1900,13.38,52,0,8.36
102,2012,176,2000,13.38,.02937,0,6.478
102,2012,176,2100,13.38,0,0,6.407
102,2012,176,2200,13.38,0,0,6.379
102,2012,176,2300,13.38,0,0,6.346
101,2012,176,2400,13.36,16519,3.549
102,2012,176,2400,13.38,0,0,6.39
102,2012,177,100,13.39,0,0,6.357
102,2012,177,200,13.39,0,0,6.379
102,2012,177,300,13.4,0,0,6.418
102,2012,177,400,13.4,0,0,6.423
102,2012,177,500,13.4,0,0,6.374
102,2012,177,600,13.4,0,0,6.418
102,2012,177,700,13.41,2.4967,0,6.429
102,2012,177,800,13.41,158.23,.1,47.47
102,2012,177,900,13.42,1125.1,.95,568.1
102,2012,177,1000,13.41,2004.3,1,749
102,2012,177,1100,13.4,2233.8,1,472.5
102,2012,177,1200,13.39,2548.6,.983,469.3
102,2012,177,1300,13.37,3420.9,1,734
102,2012,177,1400,13.36,3331.4,1,709
102,2012,177,1500,13.35,3093.1,1,698.3
102,2012,177,1600,13.35,2521.7,.966,629.2
102,2012,177,1700,13.34,1774.4,.95,566.8
102,2012,177,1800,13.34,1161.5,.983,413.4
102,2012,177,1900,13.34,320.83,.616,166.4
102,2012,177,2000,13.34,.02937,0,6.604
102,2012,177,2100,13.35,0,0,6.605
102,2012,177,2200,13.35,0,0,6.599
102,2012,177,2300,13.36,0,0,6.605
101,2012,177,2400,13.34,23696,10.55
102,2012,177,2400,13.36,0,0,6.561
102,2012,178,100,13.36,0,0,6.495
102,2012,178,200,13.36,0,0,6.407
102,2012,178,300,13.36,0,0,6.357
102,2012,178,400,13.37,0,0,6.401
102,2012,178,500,13.37,0,0,6.335
102,2012,178,600,13.37,0,0,6.324
102,2012,178,700,13.38,1.909,0,6.401
102,2012,178,800,13.38,120.87,0,6.462
102,2012,178,900,13.38,417.7,0,11.92
102,2012,178,1000,13.38,897.12,0,48.08
102,2012,178,1100,13.37,2398.8,.633,406.7
102,2012,178,1200,13.37,2701.9,1,564.9
102,2012,178,1300,13.36,3267.4,.966,592.5
102,2012,178,1400,13.35,3191.4,.966,569.3
102,2012,178,1500,13.35,2781.2,.8,481.8
102,2012,178,1600,13.35,2090.4,.75,460.7
102,2012,178,1700,13.34,1836.3,.966,558.8
102,2012,178,1800,12.7,1004.2,.866,356.2
102,2012,178,1900,12.7,393.53,.417,104.5
102,2012,178,2000,13.35,1.6228,0,6.56
102,2012,178,2100,13.35,0,0,6.539
102,2012,178,2200,13.36,0,0,6.473
102,2012,178,2300,13.36,0,0,6.473
101,2012,178,2400,12.7,21104,7.36
102,2012,178,2400,13.36,0,0,6.478
102,2012,179,100,13.36,0,0,6.434
102,2012,179,200,13.36,0,0,6.44
102,2012,179,300,13.37,0,0,6.462
102,2012,179,400,13.38,0,0,6.407
102,2012,179,500,13.38,0,0,6.418
102,2012,179,600,13.38,0,0,6.445
102,2012,179,700,13.38,3.003,0,6.445
102,2012,179,800,13.38,296.45,.466,213.6
102,2012,179,900,13.38,1118.4,1,638.3
102,2012,179,1000,13.38,1909.5,1,746
102,2012,179,1100,13.38,2705.7,1,809
102,2012,179,1200,13.36,2697.3,1,654.8
102,2012,179,1300,12.79,3328.3,1,747
102,2012,179,1400,12.72,2927.9,.75,501.7
102,2012,179,1500,13.35,3182.8,.916,491.8
102,2012,179,1600,13.35,1170.4,.217,147.3
102,2012,179,1700,13.35,1443.5,.6,313.9
102,2012,179,1800,13.34,826.45,.616,220.7
102,2012,179,1900,13.35,85.583,0,7.85
102,2012,179,2000,13.35,0,0,6.587
102,2012,179,2100,12.71,2.1221,0,6.604
102,2012,179,2200,13.36,0,0,6.533
102,2012,179,2300,13.36,0,0,6.5
101,2012,179,2400,12.71,21697,8.56
102,2012,179,2400,13.36,0,0,6.484
102,2012,180,100,13.36,0,0,6.511
102,2012,180,200,13.36,0,0,6.517
102,2012,180,300,13.36,0,0,6.407
102,2012,180,400,13.36,0,0,6.385
102,2012,180,500,13.37,0,0,6.44
102,2012,180,600,13.37,0,0,6.451
102,2012,180,700,13.38,.4846,0,6.55
102,2012,180,800,13.38,72.117,0,6.572
102,2012,180,900,13.38,331.17,0,9.06
102,2012,180,1000,13.38,1247.9,.566,145.7
102,2012,180,1100,13.38,1883.8,1,206.4
102,2012,180,1200,12.71,2267.9,1,292.1
102,2012,180,1300,12.92,3528.2,1,557.4
102,2012,180,1400,13.36,3350.3,.95,558
102,2012,180,1500,13.35,1736.2,.633,193
102,2012,180,1600,13.35,2206.2,1,362.7
102,2012,180,1700,13.35,1059.1,.383,123.5
102,2012,180,1800,13.35,305.79,0,25.27
102,2012,180,1900,13.35,116.82,0,26.56
102,2012,180,2000,13.35,.40385,0,6.605
102,2012,180,2100,13.35,0,0,6.605
102,2012,180,2200,13.36,0,0,6.594
102,2012,180,2300,13.36,0,0,6.577
101,2012,180,2400,12.71,18106,6.531
102,2012,180,2400,13.36,0,0,6.544
102,2012,181,100,13.36,0,0,6.495
102,2012,181,200,13.37,0,0,6.533
102,2012,181,300,13.37,0,0,6.489
102,2012,181,400,13.38,0,0,6.489
102,2012,181,500,13.38,0,0,6.533
102,2012,181,600,13.38,0,0,6.522
102,2012,181,700,13.38,1.7401,0,6.555
102,2012,181,800,13.38,190.23,.067,28.46
102,2012,181,900,13.39,585.75,.067,74.5
102,2012,181,1000,13.38,1162.5,.766,235.8
102,2012,181,1100,13.38,2400.8,1,670.6
102,2012,181,1200,13.37,2202.2,.533,415.9
102,2012,181,1300,13.36,1524.2,.15,102.4
102,2012,181,1400,13.36,2663.5,.583,380
102,2012,181,1500,13.36,2598.9,.9,443.6
102,2012,181,1600,13.35,1594.3,.433,228.5
102,2012,181,1700,13.35,738.08,.3,90.9
102,2012,181,1800,13.36,500.08,.017,21.9
102,2012,181,1900,13.35,246.56,.367,82
102,2012,181,2000,13.36,.44791,0,6.605
102,2012,181,2100,13.36,0,0,6.605
102,2012,181,2200,13.36,0,0,6.594
102,2012,181,2300,13.36,0,0,6.572
101,2012,181,2400,13.35,16409,5.181
102,2012,181,2400,13.36,0,0,6.583
102,2012,182,100,13.36,0,0,6.511
102,2012,182,200,13.37,0,0,6.473
102,2012,182,300,13.37,0,0,6.495
102,2012,182,400,13.38,0,0,6.473
102,2012,182,500,13.38,0,0,6.456
102,2012,182,600,13.38,0,0,6.489
102,2012,182,700,12.82,2.4597,0,6.555
102,2012,182,800,13.39,237.59,.45,167.7
102,2012,182,900,13.4,1006.4,1,548.8
102,2012,182,1000,13.4,938.62,.866,228.9
102,2012,182,1100,13.39,1486.9,.4,109.5
102,2012,182,1200,13.38,1770.2,.05,51.74
102,2012,182,1300,13.37,2590.3,.65,284.4
102,2012,182,1400,13.36,3185.6,.966,645.3
102,2012,182,1500,13.36,2498.4,.733,445.9
102,2012,182,1600,13.35,1854,.65,304
102,2012,182,1700,12.69,1250.1,.4,209.9
102,2012,182,1800,12.69,660.25,.1,70.9
102,2012,182,1900,13.33,138.32,0,7.71
102,2012,182,2000,13.36,.02937,0,6.605
102,2012,182,2100,13.36,0,0,6.605
102,2012,182,2200,13.36,0,0,6.605
102,2012,182,2300,13.36,0,0,6.605
101,2012,182,2400,12.69,17619,6.264
102,2012,182,2400,13.36,0,0,6.605
102,2012,183,100,13.36,0,0,6.577
102,2012,183,200,13.37,0,0,6.533
102,2012,183,300,13.37,0,0,6.517
102,2012,183,400,13.37,0,0,6.473
102,2012,183,500,13.38,0,0,6.495
102,2012,183,600,13.38,0,0,6.511
102,2012,183,700,13.38,3.3041,0,6.533
102,2012,183,800,13.38,230.97,.067,42.47
102,2012,183,900,13.39,528.55,0,36.69
102,2012,183,1000,13.39,844.01,.067,65.6
102,2012,183,1100,13.38,2215.2,.716,376.2
102,2012,183,1200,13.37,2915.2,1,646.1
102,2012,183,1300,13.36,3239.1,1,706
102,2012,183,1400,13.36,3288.5,.983,578.6
102,2012,183,1500,13.35,2212.2,.616,298.2
102,2012,183,1600,13.34,2876.9,.95,524.2
102,2012,183,1700,13.34,946.53,.25,135
102,2012,183,1800,13.35,50.623,0,6.576
102,2012,183,1900,13.36,45.885,0,6.572
102,2012,183,2000,13.36,.33042,0,6.577
102,2012,183,2100,13.36,2.5773,0,6.594
102,2012,183,2200,13.36,.24965,0,6.467
102,2012,183,2300,13.36,.83705,0,6.456
101,2012,183,2400,13.34,19401,5.648
102,2012,183,2400,13.36,.33041,0,6.462
102,2012,184,100,13.37,0,0,6.517
102,2012,184,200,13.37,0,0,6.517
102,2012,184,300,13.38,0,0,6.517
102,2012,184,400,13.38,0,0,6.506
102,2012,184,500,13.38,0,0,6.495
102,2012,184,600,13.38,0,0,6.473
102,2012,184,700,13.38,3.6124,0,6.539
102,2012,184,800,13.39,278.37,.433,136.4
102,2012,184,900,13.4,926.67,1,449.6
102,2012,184,1000,13.39,1807.5,1,648.9
102,2012,184,1100,13.38,2446.6,1,725
102,2012,184,1200,13.37,2964.4,1,705
102,2012,184,1300,13.36,3229.5,.933,614.2
102,2012,184,1400,13.35,3338.9,1,664.9
102,2012,184,1500,12.86,2619.9,.85,470.3
102,2012,184,1600,13.35,1707.3,.45,264.8
102,2012,184,1700,13.35,913.71,.3,126.8
102,2012,184,1800,13.36,310.77,0,7.46
102,2012,184,1900,12.85,223.01,0,8.77
102,2012,184,2000,13.37,.02937,0,6.605
102,2012,184,2100,13.37,0,0,6.605
102,2012,184,2200,13.38,0,0,6.589
102,2012,184,2300,13.38,0,0,6.555
101,2012,184,2400,12.85,20770,7.96
102,2012,184,2400,13.38,0,0,6.5
102,2012,185,100,13.38,0,0,6.528
102,2012,185,200,13.39,0,0,6.456
102,2012,185,300,13.4,0,0,6.462
102,2012,185,400,13.4,0,0,6.412
102,2012,185,500,13.4,0,0,6.544
102,2012,185,600,13.4,0,0,6.533
102,2012,185,700,13.41,1.4246,0,6.533
102,2012,185,800,13.41,227.5,.367,128.2
102,2012,185,900,13.41,863.57,.916,432
102,2012,185,1000,13.4,1806.3,1,690.7
102,2012,185,1100,13.39,2491.3,1,752
102,2012,185,1200,12.69,2976.7,1,754
102,2012,185,1300,12.69,3160.3,.983,702
102,2012,185,1400,13.36,3256.9,.95,597.9
102,2012,185,1500,13.35,3032.9,.883,487.4
102,2012,185,1600,13.35,981.03,.25,135.5
102,2012,185,1700,13.36,321.93,0,28.37
102,2012,185,1800,13.36,349.25,0,15.15
102,2012,185,1900,13.37,88.625,0,6.605
102,2012,185,2000,12.86,0,0,6.594
102,2012,185,2100,13.38,0,0,6.577
102,2012,185,2200,13.38,0,0,6.522
102,2012,185,2300,13.38,0,0,6.495
101,2012,185,2400,12.69,19558,7.35
102,2012,185,2400,13.38,0,0,6.522
102,2012,186,100,13.38,0,0,6.489
102,2012,186,200,13.4,0,0,6.495
102,2012,186,300,13.4,0,0,6.473
102,2012,186,400,13.41,0,0,6.467
102,2012,186,500,13.42,0,0,6.445
102,2012,186,600,13.42,0,0,6.407
102,2012,186,700,13.43,1.7771,0,6.39
102,2012,186,800,13.43,246.56,.433,174.6
102,2012,186,900,13.42,1040.6,1,550
102,2012,186,1000,13.41,1832.5,1,700
102,2012,186,1100,13.4,2527.4,1,767
102,2012,186,1200,13.39,3021.6,1,775
102,2012,186,1300,12.98,3293.8,1,747
102,2012,186,1400,12.78,3215.9,.966,630.9
102,2012,186,1500,13.36,2494.8,.733,445.5
102,2012,186,1600,13.35,2238.2,.666,320.9
102,2012,186,1700,13.35,783.81,.017,18.28
102,2012,186,1800,13.35,385.16,0,7.3
102,2012,186,1900,13.35,140.22,0,9.91
102,2012,186,2000,13.35,.02937,0,6.604
102,2012,186,2100,13.35,0,0,6.605
102,2012,186,2200,13.36,0,0,6.605
102,2012,186,2300,13.36,0,0,6.605
101,2012,186,2400,12.78,21222,7.81
102,2012,186,2400,13.36,0,0,6.594
102,2012,187,100,13.37,0,0,6.572
102,2012,187,200,13.37,0,0,6.572
102,2012,187,300,13.37,0,0,6.566
102,2012,187,400,13.38,0,0,6.561
102,2012,187,500,13.38,0,0,6.566
102,2012,187,600,13.38,0,0,6.566
102,2012,187,700,13.39,.6755,0,6.506
102,2012,187,800,13.4,115.49,0,6.605
102,2012,187,900,13.4,461.85,0,43.75
102,2012,187,1000,13.4,1470.5,.983,492.2
102,2012,187,1100,13.38,2232.5,1,619.5
102,2012,187,1200,13.36,2758.5,1,526.8
102,2012,187,1300,13.36,2932.7,.983,519.7
102,2012,187,1400,13.36,1068.7,.067,71
102,2012,187,1500,13.36,172.66,0,10.52
102,2012,187,1600,13.37,364.67,0,16.72
102,2012,187,1700,13.37,202.19,0,7.15
102,2012,187,1800,13.38,153.49,0,6.605
102,2012,187,1900,13.39,51.441,0,6.638
102,2012,187,2000,13.38,.31572,0,6.589
102,2012,187,2100,13.38,0,0,6.577
102,2012,187,2200,13.38,0,0,6.522
102,2012,187,2300,13.39,0,0,6.55
101,2012,187,2400,13.36,11986,4.032
102,2012,187,2400,13.4,0,0,6.55
102,2012,188,100,13.4,0,0,6.55
102,2012,188,200,13.4,0,0,6.489
102,2012,188,300,13.4,0,0,6.451
102,2012,188,400,13.4,0,0,6.396
102,2012,188,500,13.41,0,0,6.429
102,2012,188,600,13.41,0,0,6.434
102,2012,188,700,13.41,.89588,0,6.473
102,2012,188,800,13.41,39.162,0,6.566
102,2012,188,900,13.42,258.78,0,7.01
102,2012,188,1000,13.42,470.39,0,6.616
102,2012,188,1100,13.42,828.01,0,18.92
102,2012,188,1200,13.4,2102.8,.666,281.7
102,2012,188,1300,13.39,3434.2,1,559.5
102,2012,188,1400,13.38,2857.1,.8,474.5
102,2012,188,1500,13.37,1296.9,.267,125.9
102,2012,188,1600,13.37,1870.8,.566,345.8
102,2012,188,1700,13.36,1794.4,.966,545.6
102,2012,188,1800,13.36,993.62,1,433.3
102,2012,188,1900,13.36,223.81,.55,149.5
102,2012,188,2000,13.36,0,0,6.605
102,2012,188,2100,13.36,0,0,6.589
102,2012,188,2200,13.36,0,0,6.55
102,2012,188,2300,13.37,0,0,6.544
101,2012,188,2400,13.36,16171,5.814
102,2012,188,2400,13.38,0,0,6.533
102,2012,189,100,13.38,0,0,6.561
102,2012,189,200,13.38,0,0,6.577
102,2012,189,300,13.38,0,0,6.589
102,2012,189,400,13.38,0,0,6.589
102,2012,189,500,13.39,0,0,6.522
102,2012,189,600,12.7,0,0,6.566
102,2012,189,700,12.68,1.6155,0,6.594
102,2012,189,800,12.67,145.54,.067,41.09
102,2012,189,900,12.67,591.86,.466,156
102,2012,189,1000,12.67,1257.9,.433,291
102,2012,189,1100,12.67,2400.8,1,712
102,2012,189,1200,12.67,2929.4,1,740
102,2012,189,1300,12.67,3249.9,1,723
102,2012,189,1400,12.68,3166.6,1,617.6
102,2012,189,1500,12.68,2642.8,1,408.7
102,2012,189,1600,13.32,2436,.933,561.2
102,2012,189,1700,13.36,1293.8,.766,348.7
102,2012,189,1800,13.35,482.46,.4,96.9
102,2012,189,1900,13.29,78.766,0,9.29
102,2012,189,2000,13.01,.27902,0,6.605
102,2012,189,2100,13.36,0,0,6.605
102,2012,189,2200,12.76,0,0,6.605
102,2012,189,2300,12.71,0,0,6.605
101,2012,189,2400,12.67,20678,8.06
102,2012,189,2400,13.36,0,0,6.605
102,2012,190,100,13.36,0,0,6.605
102,2012,190,200,13.36,0,0,6.605
102,2012,190,300,13.37,0,0,6.605
102,2012,190,400,13.37,0,0,6.605
102,2012,190,500,13.37,0,0,6.605
102,2012,190,600,13.38,0,0,6.605
102,2012,190,700,13.38,1.329,0,6.594
102,2012,190,800,13.38,239.57,.383,122
102,2012,190,900,13.38,981.03,1,531.6
102,2012,190,1000,13.38,1781,1,694
102,2012,190,1100,13.36,2438.7,1,740
102,2012,190,1200,13.36,2941.9,1,748
102,2012,190,1300,13.36,3213.6,1,714
102,2012,190,1400,13.35,3159.8,.983,596.4
102,2012,190,1500,13.35,2268.2,.7,403.3
102,2012,190,1600,13.35,1966.6,.75,472.1
102,2012,190,1700,13.34,1728,.783,397.1
102,2012,190,1800,13.33,1021.6,.916,324
102,2012,190,1900,13.34,237.53,.5,115.4
102,2012,190,2000,13.34,0,0,6.603
102,2012,190,2100,12.72,0,0,6.604
102,2012,190,2200,12.71,0,0,6.604
102,2012,190,2300,13.35,0,0,6.604
101,2012,190,2400,12.71,21979,10.01
102,2012,190,2400,13.35,0,0,6.604
102,2012,191,100,13.35,0,0,6.605
102,2012,191,200,13.35,0,0,6.605
102,2012,191,300,13.35,0,0,6.605
102,2012,191,400,13.36,0,0,6.605
102,2012,191,500,13.36,0,0,6.6
102,2012,191,600,13.36,0,0,6.594
102,2012,191,700,13.36,5.9548,0,6.605
102,2012,191,800,13.36,213.38,.317,86.4
102,2012,191,900,12.86,880.01,1,418.8
102,2012,191,1000,13.37,1673.7,1,605.3
102,2012,191,1100,13.36,2313.6,1,668.8
102,2012,191,1200,13.35,2796.7,1,659.2
102,2012,191,1300,13.34,3195.1,1,658
102,2012,191,1400,13.33,2277.4,.5,249.7
102,2012,191,1500,13.33,1049.5,.217,62.4
102,2012,191,1600,13.35,778.43,0,18.52
102,2012,191,1700,13.35,625.59,0,9.1
102,2012,191,1800,13.35,406.26,0,6.605
102,2012,191,1900,13.35,111.86,0,6.605
102,2012,191,2000,13.35,0,0,6.604
102,2012,191,2100,13.35,0,0,6.605
102,2012,191,2200,13.35,0,0,6.605
102,2012,191,2300,13.35,0,0,6.605
101,2012,191,2400,12.86,16328,6.031
102,2012,191,2400,13.35,0,0,6.605
102,2012,192,100,13.36,0,0,6.6
102,2012,192,200,13.36,0,0,6.605
102,2012,192,300,13.36,0,0,6.605
102,2012,192,400,13.36,0,0,6.605
102,2012,192,500,13.36,0,0,6.605
102,2012,192,600,13.36,0,0,6.605
102,2012,192,700,13.37,1.7769,0,6.6
102,2012,192,800,13.37,206.51,.35,91.3
102,2012,192,900,13.37,870.04,1,408
102,2012,192,1000,13.37,1535.4,1,464.5
102,2012,192,1100,13.37,2149.5,1,495.5
102,2012,192,1200,13.36,2925,1,697.1
102,2012,192,1300,13.34,3094.8,.983,608.4
102,2012,192,1400,13.34,2689.4,.733,318.9
102,2012,192,1500,13.33,2649.7,.733,326.1
102,2012,192,1600,13.33,1108.2,0,25.74
102,2012,192,1700,12.83,733.06,.017,27.01
102,2012,192,1800,12.7,595.34,.033,33.45
102,2012,192,1900,12.7,170.82,0,6.791
102,2012,192,2000,12.7,.1028,0,6.604
102,2012,192,2100,12.73,0,0,6.605
102,2012,192,2200,13.35,0,0,6.605
102,2012,192,2300,13.35,0,0,6.605
101,2012,192,2400,12.7,18730,6.847
102,2012,192,2400,13.35,0,0,6.605
102,2012,193,100,13.35,0,0,6.605
102,2012,193,200,13.35,0,0,6.605
102,2012,193,300,13.36,0,0,6.605
102,2012,193,400,13.36,0,0,6.605
102,2012,193,500,13.36,0,0,6.594
102,2012,193,600,13.36,0,0,6.594
102,2012,193,700,13.37,2.2615,0,6.572
102,2012,193,800,13.38,98.712,0,6.589
102,2012,193,900,13.37,710.27,.466,229.1
102,2012,193,1000,13.37,1631.5,1,581
102,2012,193,1100,12.71,2359.9,1,676.9
102,2012,193,1200,12.69,2873.9,1,679.8
102,2012,193,1300,12.69,2892.8,.883,515.5
102,2012,193,1400,12.84,3184.1,1,550.8
102,2012,193,1500,13.34,2918.8,1,537.5
102,2012,193,1600,13.28,2239.6,.933,481.3
102,2012,193,1700,13.33,1322.4,.633,219.2
102,2012,193,1800,13.33,621.03,.417,119.1
102,2012,193,1900,13.33,192.92,.083,47.06
102,2012,193,2000,13.33,0,0,6.603
102,2012,193,2100,13.33,0,0,6.604
102,2012,193,2200,13.1,0,0,6.604
102,2012,193,2300,13.34,0,0,6.604
101,2012,193,2400,12.69,21048,8.41
102,2012,193,2400,13.34,0,0,6.604
102,2012,194,100,13.34,0,0,6.604
102,2012,194,200,13.35,0,0,6.604
102,2012,194,300,13.34,0,0,6.605
102,2012,194,400,13.35,0,0,6.605
102,2012,194,500,13.35,0,0,6.605
102,2012,194,600,13.35,0,0,6.605
102,2012,194,700,13.35,1.0059,0,6.605
102,2012,194,800,13.36,168.23,.067,43.82
102,2012,194,900,13.35,829.3,.883,333.5
102,2012,194,1000,13.35,1627.8,1,578.3
102,2012,194,1100,13.35,2329.2,1,654.4
102,2012,194,1200,13.35,2829.7,1,655.3
102,2012,194,1300,13.34,3157.5,1,623.9
102,2012,194,1400,13.33,3048.6,.966,501.6
102,2012,194,1500,12.75,1995.3,.417,206.4
102,2012,194,1600,13.32,1572.3,.516,235.6
102,2012,194,1700,13.32,1371.7,.683,320.7
102,2012,194,1800,13.32,788.26,.633,175.4
102,2012,194,1900,13.32,49.39,0,6.603
102,2012,194,2000,13.33,.14686,0,6.604
102,2012,194,2100,12.72,0,0,6.603
102,2012,194,2200,12.71,0,0,6.603
102,2012,194,2300,12.72,0,0,6.604
101,2012,194,2400,12.71,19768,8.16
102,2012,194,2400,13.33,0,0,6.604
102,2012,195,100,13.33,0,0,6.598
102,2012,195,200,13.34,0,0,6.593
102,2012,195,300,13.34,0,0,6.587
102,2012,195,400,13.34,0,0,6.599
102,2012,195,500,13.35,0,0,6.588
102,2012,195,600,13.35,0,0,6.594
102,2012,195,700,13.35,1.7769,0,6.577
102,2012,195,800,13.35,169,.05,27.66
102,2012,195,900,12.73,928.61,.8,308.6
102,2012,195,1000,13.35,1629.8,1,539.7
102,2012,195,1100,13.34,2311.6,1,669.3
102,2012,195,1200,13.34,3059.9,1,648.2
102,2012,195,1300,13.33,2481.4,.533,284.2
102,2012,195,1400,13.33,2612.1,.666,306.3
102,2012,195,1500,13.33,566,.017,38.93
102,2012,195,1600,13.33,1186.5,.333,176.4
102,2012,195,1700,13.33,1949.9,1,512.6
102,2012,195,1800,13.33,639.95,.633,225.8
102,2012,195,1900,13.33,159.71,.183,43.98
102,2012,195,2000,13.33,1.3071,0,6.604
102,2012,195,2100,13.33,0,0,6.604
102,2012,195,2200,13.34,0,0,6.604
102,2012,195,2300,13.34,0,0,6.599
101,2012,195,2400,12.73,17698,7.21
102,2012,195,2400,13.34,0,0,6.605
102,2012,196,100,13.34,0,0,6.594
102,2012,196,200,13.35,0,0,6.561
102,2012,196,300,13.35,0,0,6.572
102,2012,196,400,13.35,0,0,6.583
102,2012,196,500,13.36,0,0,6.594
102,2012,196,600,13.36,0,0,6.577
102,2012,196,700,13.36,1.3804,0,6.6
102,2012,196,800,13.36,166.11,0,13.06
102,2012,196,900,12.69,680.04,.283,137.9
102,2012,196,1000,12.68,1109,.383,200.2
102,2012,196,1100,12.68,1991.2,.833,396.8
102,2012,196,1200,12.68,2803.7,1,652.5
102,2012,196,1300,12.68,3114.3,1,616.1
102,2012,196,1400,12.69,3175.8,1,500.2
102,2012,196,1500,12.69,2982.4,.966,495.5
102,2012,196,1600,12.69,2274.6,.95,510.2
102,2012,196,1700,12.69,1535.4,.95,395.1
102,2012,196,1800,12.69,1063.6,.883,250.9
102,2012,196,1900,12.69,127.86,.133,44.84
102,2012,196,2000,12.69,0,0,6.605
102,2012,196,2100,12.69,0,0,6.605
102,2012,196,2200,12.69,0,0,6.605
102,2012,196,2300,12.69,0,0,6.605
101,2012,196,2400,12.68,21025,8.38
102,2012,196,2400,12.68,0,0,6.605
102,2012,197,100,12.69,0,0,6.594
102,2012,197,200,13.29,0,0,6.528
102,2012,197,300,13.35,0,0,6.539
102,2012,197,400,13.35,0,0,6.517
102,2012,197,500,13.36,0,0,6.555
102,2012,197,600,13.36,0,0,6.544
102,2012,197,700,13.36,2.0632,0,6.566
102,2012,197,800,13.37,229.91,.417,134.9
102,2012,197,900,12.72,931.13,1,503.3
102,2012,197,1000,12.71,1726.1,1,633.7
102,2012,197,1100,12.71,2499.3,1,742
102,2012,197,1200,12.71,2863.7,.95,696.1
102,2012,197,1300,12.71,3379.5,1,714
102,2012,197,1400,12.71,3132.6,.9,553.7
102,2012,197,1500,12.71,2670.1,.766,442.5
102,2012,197,1600,12.7,1829.1,.7,335.8
102,2012,197,1700,12.7,1628.7,.883,478.5
102,2012,197,1800,12.7,1002,.883,340.9
102,2012,197,1900,12.7,263.01,.167,44.26
102,2012,197,2000,12.69,2.8784,0,6.604
102,2012,197,2100,12.69,0,0,6.604
102,2012,197,2200,12.82,0,0,6.604
102,2012,197,2300,13.33,0,0,6.605
101,2012,197,2400,12.69,22160,9.66
102,2012,197,2400,13.34,0,0,6.599
102,2012,198,100,13.34,0,0,6.594
102,2012,198,200,13.34,0,0,6.577
102,2012,198,300,13.34,0,0,6.605
102,2012,198,400,13.34,0,0,6.594
102,2012,198,500,13.35,0,0,6.605
102,2012,198,600,13.35,0,0,6.6
102,2012,198,700,13.36,1.3804,0,6.6
102,2012,198,800,13.36,218.32,.4,126.9
102,2012,198,900,13.36,940.26,1,505.4
102,2012,198,1000,13.36,1772.6,1,676.3
102,2012,198,1100,13.35,2433.8,1,724
102,2012,198,1200,13.34,2440.7,.95,403.1
102,2012,198,1300,13.33,2353.6,.55,185
102,2012,198,1400,13.33,2646.8,.533,238.9
102,2012,198,1500,13.33,1578.2,.317,113.6
102,2012,198,1600,13.32,1893.6,.683,334.9
102,2012,198,1700,13.32,484.79,.05,55.78
102,2012,198,1800,13.33,454.41,.183,48.81
102,2012,198,1900,13.33,254.92,.017,44.17
102,2012,198,2000,12.92,1.3585,0,6.604
102,2012,198,2100,12.76,0,0,6.604
102,2012,198,2200,13.28,0,0,6.604
102,2012,198,2300,13.34,0,0,6.604
101,2012,198,2400,12.76,17475,6.681
102,2012,198,2400,13.34,0,0,6.599
102,2012,199,100,13.34,0,0,6.604
102,2012,199,200,12.71,0,0,6.605
102,2012,199,300,12.72,0,0,6.577
102,2012,199,400,13.35,0,0,6.605
102,2012,199,500,13.36,0,0,6.605
102,2012,199,600,13.36,0,0,6.589
102,2012,199,700,13.36,1.1087,0,6.555
102,2012,199,800,13.36,220.99,.4,117
102,2012,199,900,13.23,887.5,1,459.2
102,2012,199,1000,13.37,1776.2,1,679.2
102,2012,199,1100,13.36,2476.7,1,744
102,2012,199,1200,12.71,3008.4,1,754
102,2012,199,1300,12.71,3291.1,1,715
102,2012,199,1400,13.32,3304.2,1,637.1
102,2012,199,1500,13.31,3065.8,1,630
102,2012,199,1600,13.31,2457.9,.95,565.2
102,2012,199,1700,12.75,1081.3,.55,271.2
102,2012,199,1800,13.33,1154.1,1,396.9
102,2012,199,1900,13.33,294.22,.55,145.1
102,2012,199,2000,13.33,.00734,0,6.603
102,2012,199,2100,13.33,0,0,6.603
102,2012,199,2200,13.33,0,0,6.603
102,2012,199,2300,13.33,0,0,6.603
101,2012,199,2400,12.71,23019,10.45
102,2012,199,2400,13.33,0,0,6.604
102,2012,200,100,13.33,0,0,6.604
102,2012,200,200,13.33,0,0,6.604
102,2012,200,300,13.34,0,0,6.604
102,2012,200,400,13.34,0,0,6.604
102,2012,200,500,13.35,0,0,6.605
102,2012,200,600,13.34,0,0,6.594
102,2012,200,700,13.35,.3084,0,6.605
102,2012,200,800,13.35,110.29,0,6.605
102,2012,200,900,13.35,404.66,0,10.35
102,2012,200,1000,13.35,1177,.433,175
102,2012,200,1100,13.35,1588.2,.433,246
102,2012,200,1200,13.36,969,.017,17.54
102,2012,200,1300,13.35,2464.4,.666,225.1
102,2012,200,1400,13.35,2977.8,.783,367.8
102,2012,200,1500,13.35,2752.6,.833,460
102,2012,200,1600,13.35,355.56,0,13.45
102,2012,200,1700,12.85,232.41,0,7.17
102,2012,200,1800,13.39,494.86,.117,41.55
102,2012,200,1900,12.71,75.248,0,6.605
102,2012,200,2000,12.71,0,0,6.605
102,2012,200,2100,12.7,0,0,6.605
102,2012,200,2200,13.37,0,0,6.605
102,2012,200,2300,13.37,0,0,6.566
101,2012,200,2400,12.7,13602,3.282
102,2012,200,2400,13.37,0,0,6.55
102,2012,201,100,13.37,0,0,6.544
102,2012,201,200,13.37,0,0,6.561
102,2012,201,300,13.37,0,0,6.511
102,2012,201,400,13.37,0,0,6.589
102,2012,201,500,13.37,0,0,6.566
102,2012,201,600,13.38,0,0,6.555
102,2012,201,700,13.38,.33775,0,6.583
102,2012,201,800,13.38,65.736,0,6.6
102,2012,201,900,13.39,195.84,0,6.605
102,2012,201,1000,13.39,891.41,.367,117.2
102,2012,201,1100,13.38,2440.8,1,639.2
102,2012,201,1200,13.37,2953.1,1,691.3
102,2012,201,1300,13.36,3129,1,649.4
102,2012,201,1400,13.35,3132.6,1,587.2
102,2012,201,1500,12.77,2962.6,1,529.4
102,2012,201,1600,13.35,1647.6,.466,253.6
102,2012,201,1700,13.34,1015.1,.333,150.5
102,2012,201,1800,13.34,600.16,.167,68.79
102,2012,201,1900,12.83,81.522,0,6.604
102,2012,201,2000,13.34,1.3805,0,6.604
102,2012,201,2100,13.34,0,0,6.598
102,2012,201,2200,13.35,.22763,0,6.588
102,2012,201,2300,13.35,1.9018,0,6.56
101,2012,201,2400,12.77,19119,6.331
102,2012,201,2400,13.35,0,0,6.566
102,2012,202,100,13.35,0,0,6.566
102,2012,202,200,13.36,0,0,6.577
102,2012,202,300,13.36,0,0,6.572
102,2012,202,400,13.36,0,0,6.561
102,2012,202,500,13.36,0,0,6.6
102,2012,202,600,13.37,0,0,6.594
102,2012,202,700,13.38,1.0133,0,6.594
102,2012,202,800,13.38,215.75,.4,120.4
102,2012,202,900,13.39,848.31,1,467.1
102,2012,202,1000,13.38,1685.2,1,626.3
102,2012,202,1100,13.37,2316.5,.983,655.3
102,2012,202,1200,13.36,2782.6,.866,613.4
102,2012,202,1300,13.35,3271.3,.95,646.2
102,2012,202,1400,13.34,3396.6,1,622
102,2012,202,1500,13.34,1599.7,.283,160.9
102,2012,202,1600,13.34,336.39,0,16.7
102,2012,202,1700,13.35,689.56,.183,76.3
102,2012,202,1800,13.34,656.08,.25,84.8
102,2012,202,1900,13.35,74.692,0,7.79
102,2012,202,2000,13.35,0,0,6.604
102,2012,202,2100,13.35,0,0,6.604
102,2012,202,2200,13.35,0,0,6.605
102,2012,202,2300,13.35,0,0,6.594
101,2012,202,2400,13.34,17874,6.914
102,2012,202,2400,13.35,0,0,6.55
102,2012,203,100,13.36,0,0,6.511
102,2012,203,200,13.36,0,0,6.506
102,2012,203,300,13.36,0,0,6.434
102,2012,203,400,13.37,0,0,6.495
102,2012,203,500,13.38,0,0,6.434
102,2012,203,600,13.38,0,0,6.473
102,2012,203,700,13.38,1.1014,0,6.489
102,2012,203,800,13.38,212.45,.383,97.6
102,2012,203,900,13.39,768.57,.8,354.4
102,2012,203,1000,13.39,1725.6,1,631
102,2012,203,1100,13.37,2404.5,1,711
102,2012,203,1200,13.36,2572.8,1,613.8
102,2012,203,1300,13.35,3000.5,1,554.3
102,2012,203,1400,13.35,3232,1,585.9
102,2012,203,1500,13.34,2965.4,.966,563.1
102,2012,203,1600,13.34,799.12,.167,105.5
102,2012,203,1700,13.35,340.57,0,6.681
102,2012,203,1800,13.34,617.63,.15,74
102,2012,203,1900,13.34,335.11,.583,176.5
102,2012,203,2000,13.35,1.1528,0,6.604
102,2012,203,2100,13.35,0,0,6.604
102,2012,203,2200,13.35,0,0,6.604
102,2012,203,2300,13.34,0,0,6.588
101,2012,203,2400,13.34,18976,8.05
102,2012,203,2400,13.35,0,0,6.55
102,2012,204,100,13.35,0,0,6.555
102,2012,204,200,13.36,0,0,6.489
102,2012,204,300,13.36,0,0,6.462
102,2012,204,400,13.36,0,0,6.462
102,2012,204,500,13.36,0,0,6.412
102,2012,204,600,13.37,0,0,6.533
102,2012,204,700,13.38,1.4979,0,6.506
102,2012,204,800,13.38,229.33,.417,139
102,2012,204,900,13.38,867.84,1,494.2
102,2012,204,1000,13.38,1744.4,1,653.8
102,2012,204,1100,13.36,2444,1,714
102,2012,204,1200,13.36,2777,1,639.6
102,2012,204,1300,13.35,3314.8,1,667.3
102,2012,204,1400,13.34,3289.6,1,556.5
102,2012,204,1500,13.33,2638.7,.866,465.8
102,2012,204,1600,13.33,1018.3,.533,126.9
102,2012,204,1700,13.33,1190.5,.566,205.8
102,2012,204,1800,13.33,459.32,0,9.3
102,2012,204,1900,13.33,153.07,0,7.31
102,2012,204,2000,13.33,.41855,0,6.604
102,2012,204,2100,13.33,0,0,6.604
102,2012,204,2200,13.34,0,0,6.604
102,2012,204,2300,13.34,0,0,6.604
101,2012,204,2400,13.33,20129,8.38
102,2012,204,2400,13.35,0,0,6.604
102,2012,205,100,13.35,0,0,6.605
102,2012,205,200,13.35,0,0,6.605
102,2012,205,300,13.35,0,0,6.605
102,2012,205,400,13.36,0,0,6.605
102,2012,205,500,13.36,0,0,6.605
102,2012,205,600,13.36,0,0,6.605
102,2012,205,700,13.36,1.4098,0,6.605
102,2012,205,800,13.37,111.56,0,7.07
102,2012,205,900,13.38,219.53,0,6.798
102,2012,205,1000,13.38,675.42,0,28.42
102,2012,205,1100,13.38,1419.1,.267,143.7
102,2012,205,1200,13.37,433.62,0,16.6
102,2012,205,1300,13.38,1193.2,0,45.84
102,2012,205,1400,13.38,632.11,0,20.72
102,2012,205,1500,13.38,314.64,0,12.84
102,2012,205,1600,13.38,649.41,0,16.83
102,2012,205,1700,13.37,505.85,0,19.07
102,2012,205,1800,13.37,200.57,0,7.36
102,2012,205,1900,13.37,83.301,0,6.605
102,2012,205,2000,13.37,.08811,0,6.6
102,2012,205,2100,13.37,0,0,6.589
102,2012,205,2200,13.37,0,0,6.561
102,2012,205,2300,13.38,0,0,6.572
101,2012,205,2400,13.35,6439.8,.267
102,2012,205,2400,13.38,0,0,6.561
102,2012,206,100,13.38,0,0,6.544
102,2012,206,200,13.38,0,0,6.5
102,2012,206,300,13.38,0,0,6.517
102,2012,206,400,13.38,0,0,6.517
102,2012,206,500,13.38,0,0,6.555
102,2012,206,600,13.38,0,0,6.55
102,2012,206,700,13.39,.49193,0,6.572
102,2012,206,800,13.4,100.36,0,6.605
102,2012,206,900,13.4,686.55,.4,188.9
102,2012,206,1000,13.4,1755.1,1,663.7
102,2012,206,1100,13.39,2495,1,714
102,2012,206,1200,13.38,1732,.383,134.4
102,2012,206,1300,13.37,2131.9,.217,94
102,2012,206,1400,13.36,2375.1,.417,115.6
102,2012,206,1500,13.36,1660.7,.117,51.6
102,2012,206,1600,13.36,991.21,0,6.764
102,2012,206,1700,13.35,1530.5,.566,212.5
102,2012,206,1800,13.35,1304.1,1,410.6
102,2012,206,1900,13.35,105.09,.1,38.41
102,2012,206,2000,13.35,0,0,6.604
102,2012,206,2100,13.35,0,0,6.605
102,2012,206,2200,13.35,0,0,6.605
102,2012,206,2300,13.35,0,0,6.605
101,2012,206,2400,13.35,16868,5.198
102,2012,206,2400,13.35,0,0,6.605
102,2012,207,100,12.72,0,0,6.605
102,2012,207,200,12.69,0,0,6.605
102,2012,207,300,13.36,0,0,6.605
102,2012,207,400,13.36,0,0,6.605
102,2012,207,500,13.36,0,0,6.6
102,2012,207,600,13.37,0,0,6.605
102,2012,207,700,13.37,.62411,0,6.605
102,2012,207,800,13.38,61.398,0,6.93
102,2012,207,900,13.38,382.43,0,14.47
102,2012,207,1000,13.38,598.31,0,22.07
102,2012,207,1100,13.39,601.26,0,6.627
102,2012,207,1200,13.4,580.39,0,9.78
102,2012,207,1300,13.4,1261.2,.033,30.36
102,2012,207,1400,13.39,2938.2,.633,322.7
102,2012,207,1500,13.38,1877.6,.317,127.7
102,2012,207,1600,13.38,2038.8,1,398.5
102,2012,207,1700,13.38,1632.7,1,445.5
102,2012,207,1800,13.37,995.7,.933,339.9
102,2012,207,1900,13.37,279.2,.4,98.6
102,2012,207,2000,12.73,.08811,0,6.605
102,2012,207,2100,12.72,0,0,6.605
102,2012,207,2200,13.37,0,0,6.605
102,2012,207,2300,13.37,0,0,6.605
101,2012,207,2400,12.69,13248,4.315
102,2012,207,2400,13.38,0,0,6.605
102,2012,208,100,13.38,0,0,6.605
102,2012,208,200,13.38,0,0,6.605
102,2012,208,300,13.38,0,0,6.589
102,2012,208,400,13.38,0,0,6.583
102,2012,208,500,13.38,0,0,6.6
102,2012,208,600,13.38,0,0,6.605
102,2012,208,700,13.39,1.3804,0,6.577
102,2012,208,800,13.4,235.19,.233,70.6
102,2012,208,900,13.4,773.17,.816,298.5
102,2012,208,1000,13.39,1408.8,1,466.6
102,2012,208,1100,13.38,2208.4,1,621.8
102,2012,208,1200,13.38,2798.1,1,649.2
102,2012,208,1300,13.37,2079.1,.616,341.5
102,2012,208,1400,13.36,2536.1,.65,350.6
102,2012,208,1500,13.36,2632.1,.833,464.8
102,2012,208,1600,13.35,2350.4,.816,417.9
102,2012,208,1700,13.35,1542.1,.683,250.7
102,2012,208,1800,13.35,416.86,0,12.02
102,2012,208,1900,13.35,55.879,0,6.604
102,2012,208,2000,13.35,0,0,6.605
102,2012,208,2100,13.35,0,0,6.605
102,2012,208,2200,13.35,0,0,6.605
102,2012,208,2300,13.35,0,0,6.605
101,2012,208,2400,13.35,19037,7.65
102,2012,208,2400,13.35,0,0,6.605
102,2012,209,100,13.35,0,0,6.605
102,2012,209,200,13.35,0,0,6.605
102,2012,209,300,13.35,0,0,6.605
102,2012,209,400,13.36,0,0,6.605
102,2012,209,500,13.36,0,0,6.605
102,2012,209,600,13.36,0,0,6.605
102,2012,209,700,13.36,1.2409,0,6.605
102,2012,209,800,13.37,110.42,0,12.16
102,2012,209,900,13.38,428.66,.15,60.97
102,2012,209,1000,13.38,1634.9,1,548.4
102,2012,209,1100,13.37,1980.2,.783,469.2
102,2012,209,1200,13.36,2633.8,.85,567.1
102,2012,209,1300,13.35,2447.3,.533,379.2
102,2012,209,1400,13.34,3366.8,.9,553.1
102,2012,209,1500,13.33,2349.9,.7,263.8
102,2012,209,1600,13.33,1201.7,.117,62.12
102,2012,209,1700,13.33,241.27,0,18.7
102,2012,209,1800,12.71,34.57,0,6.594
102,2012,209,1900,12.69,10.236,0,6.605
102,2012,209,2000,13.34,1.0353,0,6.555
102,2012,209,2100,13.36,0,0,6.539
102,2012,209,2200,13.36,0,0,6.495
102,2012,209,2300,13.36,0,0,6.473
101,2012,209,2400,12.69,16443,5.031
102,2012,209,2400,13.36,.74895,0,6.55
102,2012,210,100,13.36,.25699,0,6.561
102,2012,210,200,13.36,0,0,6.517
102,2012,210,300,13.36,0,0,6.55
102,2012,210,400,13.36,0,0,6.577
102,2012,210,500,13.37,0,0,6.561
102,2012,210,600,13.37,0,0,6.528
102,2012,210,700,13.37,.9325,0,6.572
102,2012,210,800,13.38,64.415,0,6.577
102,2012,210,900,13.38,414.8,.017,31.8
102,2012,210,1000,13.39,1019.6,.3,150.1
102,2012,210,1100,13.38,1991.6,.633,335.3
102,2012,210,1200,13.38,1536.3,.25,98
102,2012,210,1300,13.36,2316.5,.666,205.7
102,2012,210,1400,13.35,2664.3,.7,358.4
102,2012,210,1500,13.34,2503.2,.633,337.2
102,2012,210,1600,13.35,2066.3,.666,342.9
102,2012,210,1700,13.35,1664,.85,279.4
102,2012,210,1800,12.7,409.23,.133,58.23
102,2012,210,1900,12.7,36.324,0,6.605
102,2012,210,2000,13.36,0,0,6.566
102,2012,210,2100,13.36,0,0,6.605
102,2012,210,2200,13.36,0,0,6.605
102,2012,210,2300,13.36,0,0,6.539
101,2012,210,2400,12.7,16688,4.848
102,2012,210,2400,13.36,0,0,6.495
102,2012,211,100,13.36,0,0,6.511
102,2012,211,200,13.36,0,0,6.495
102,2012,211,300,13.36,0,0,6.539
102,2012,211,400,13.36,0,0,6.511
102,2012,211,500,13.36,0,0,6.462
102,2012,211,600,13.37,0,0,6.489
102,2012,211,700,13.37,.1909,0,6.572
102,2012,211,800,13.38,78.168,0,6.577
102,2012,211,900,13.38,261.65,0,6.594
102,2012,211,1000,13.38,784.29,0,16.67
102,2012,211,1100,13.37,1849,.833,270
102,2012,211,1200,13.37,2644.8,1,540
102,2012,211,1300,13.36,2681.6,1,390.8
102,2012,211,1400,13.35,2877.7,.766,410.4
102,2012,211,1500,13.35,2793.8,.9,551.1
102,2012,211,1600,13.35,2305.9,.95,516.3
102,2012,211,1700,13.34,1498.3,.85,363.6
102,2012,211,1800,13.34,446.56,.167,52.84
102,2012,211,1900,13.34,73.29,0,6.604
102,2012,211,2000,13.35,0,0,6.604
102,2012,211,2100,13.35,0,0,6.604
102,2012,211,2200,13.35,0,0,6.604
102,2012,211,2300,13.35,0,0,6.605
101,2012,211,2400,13.34,18295,6.464
102,2012,211,2400,13.35,0,0,6.605
102,2012,212,100,13.35,0,0,6.605
102,2012,212,200,13.36,0,0,6.6
102,2012,212,300,13.36,0,0,6.605
102,2012,212,400,13.36,0,0,6.605
102,2012,212,500,13.36,0,0,6.583
102,2012,212,600,13.36,0,0,6.572
102,2012,212,700,13.36,.25699,0,6.589
102,2012,212,800,13.36,170.09,0,29.26
102,2012,212,900,13.37,708.81,1,280.8
102,2012,212,1000,13.37,1118.2,1,297.7
102,2012,212,1100,13.36,2199.5,1,566.1
102,2012,212,1200,13.36,1724.9,.566,267
102,2012,212,1300,13.35,2441.1,.65,365.6
102,2012,212,1400,13.35,3159.6,.966,468
102,2012,212,1500,13.34,1440,.35,165.2
102,2012,212,1600,12.7,482.47,0,18.62
102,2012,212,1700,12.68,550.68,0,7.53
102,2012,212,1800,12.68,443.52,0,6.605
102,2012,212,1900,12.68,160.54,0,6.605
102,2012,212,2000,13.36,1.0426,0,6.605
102,2012,212,2100,13.36,0,0,6.605
102,2012,212,2200,13.35,0,0,6.605
102,2012,212,2300,13.36,0,0,6.605
101,2012,212,2400,12.68,14601,5.531
102,2012,212,2400,13.36,0,0,6.605
102,2012,213,100,13.36,0,0,6.605
102,2012,213,200,13.36,0,0,6.605
102,2012,213,300,13.37,0,0,6.605
102,2012,213,400,13.37,0,0,6.605
102,2012,213,500,13.37,0,0,6.589
102,2012,213,600,13.37,0,0,6.589
102,2012,213,700,13.37,.48461,0,6.605
102,2012,213,800,13.37,31.771,0,6.666
102,2012,213,900,13.38,305.23,.133,51.28
102,2012,213,1000,13.38,880.94,.017,40.02
102,2012,213,1100,13.38,1501.4,.283,131
102,2012,213,1200,13.36,2045.3,.466,154.8
102,2012,213,1300,12.89,2333.4,.317,144.9
102,2012,213,1400,13.35,2604.8,.733,336
102,2012,213,1500,12.79,1738.7,.566,193.8
102,2012,213,1600,13.34,643.28,0,57.6
102,2012,213,1700,13.36,308.42,0,7.27
102,2012,213,1800,13.36,83.008,0,6.627
102,2012,213,1900,12.72,13.657,0,6.605
102,2012,213,2000,12.69,0,0,6.605
102,2012,213,2100,13.36,0,0,6.6
102,2012,213,2200,13.36,0,0,6.6
102,2012,213,2300,13.36,0,0,6.6
101,2012,213,2400,12.69,12490,2.516
102,2012,213,2400,13.36,0,0,6.6
102,2012,214,100,13.36,0,0,6.583
102,2012,214,200,13.36,0,0,6.594
102,2012,214,300,13.37,0,0,6.589
102,2012,214,400,13.37,0,0,6.605
102,2012,214,500,13.37,0,0,6.577
102,2012,214,600,13.38,0,0,6.605
102,2012,214,700,13.38,3.5244,0,6.605
102,2012,214,800,13.38,171.3,0,11.7
102,2012,214,900,13.38,533.95,.067,42.18
102,2012,214,1000,13.38,1576.7,1,547
102,2012,214,1100,13.38,2530.3,1,733
102,2012,214,1200,13.37,3050.1,1,754
102,2012,214,1300,13.36,2927,.916,617.3
102,2012,214,1400,13.35,3481.1,1,596.8
102,2012,214,1500,13.35,1782.1,.433,234.2
102,2012,214,1600,13.35,99.518,0,8.08
102,2012,214,1700,13.36,186.52,0,6.605
102,2012,214,1800,13.36,105.37,0,6.715
102,2012,214,1900,13.36,74.226,0,6.627
102,2012,214,2000,13.36,.20559,0,6.566
102,2012,214,2100,13.36,0,0,6.555
102,2012,214,2200,13.36,0,0,6.533
102,2012,214,2300,13.36,0,0,6.566
101,2012,214,2400,13.35,16522,5.415
102,2012,214,2400,13.37,0,0,6.55
102,2012,215,100,13.37,0,0,6.555
102,2012,215,200,13.37,0,0,6.55
102,2012,215,300,13.38,0,0,6.533
102,2012,215,400,13.38,0,0,6.511
102,2012,215,500,13.38,0,0,6.528
102,2012,215,600,13.38,0,0,6.511
102,2012,215,700,13.38,2.0485,0,6.528
102,2012,215,800,13.38,128.81,0,6.589
102,2012,215,900,13.39,555.13,.3,90.4
102,2012,215,1000,13.38,1999.2,1,669
102,2012,215,1100,13.38,2492,1,738
102,2012,215,1200,13.37,3307.4,1,781
102,2012,215,1300,13.36,3408.5,1,721
102,2012,215,1400,13.36,1134.2,.083,62.53
102,2012,215,1500,13.36,912.39,0,6.682
102,2012,215,1600,13.35,1337.4,.117,58.71
102,2012,215,1700,13.35,967.05,.133,67.08
102,2012,215,1800,13.35,657.3,.083,32.38
102,2012,215,1900,13.36,102.15,0,6.605
102,2012,215,2000,13.36,.02937,0,6.605
102,2012,215,2100,13.36,0,0,6.6
102,2012,215,2200,13.36,0,0,6.566
102,2012,215,2300,13.36,0,0,6.484
101,2012,215,2400,13.35,17004,4.715
102,2012,215,2400,13.36,0,0,6.484
102,2012,216,100,13.37,0,0,6.506
102,2012,216,200,13.37,0,0,6.533
102,2012,216,300,13.37,0,0,6.555
102,2012,216,400,13.37,0,0,6.533
102,2012,216,500,13.37,0,0,6.517
102,2012,216,600,13.38,0,0,6.533
102,2012,216,700,13.38,.06608,0,6.561
102,2012,216,800,13.38,83.417,0,12.11
102,2012,216,900,13.38,327.76,0,8.65
102,2012,216,1000,13.38,742.19,0,9.23
102,2012,216,1100,13.38,1238.7,0,21.82
102,2012,216,1200,13.38,2065.7,.483,147.9
102,2012,216,1300,13.37,2586.9,.533,250.7
102,2012,216,1400,13.36,2895.6,.816,438.2
102,2012,216,1500,13.36,3170.1,1,672.7
102,2012,216,1600,13.36,2600,1,651.3
102,2012,216,1700,13.35,1820.4,.95,522.4
102,2012,216,1800,13.35,948.43,.95,313.5
102,2012,216,1900,13.35,200.32,.4,89
102,2012,216,2000,13.35,0,0,6.605
102,2012,216,2100,13.35,0,0,6.605
102,2012,216,2200,13.35,0,0,6.605
102,2012,216,2300,13.35,0,0,6.605
101,2012,216,2400,13.35,18680,6.131
102,2012,216,2400,13.35,0,0,6.605
102,2012,217,100,13.36,0,0,6.605
102,2012,217,200,13.36,0,0,6.605
102,2012,217,300,13.36,0,0,6.6
102,2012,217,400,13.36,0,0,6.605
102,2012,217,500,13.36,0,0,6.589
102,2012,217,600,13.37,0,0,6.605
102,2012,217,700,13.37,.7416,0,6.6
102,2012,217,800,13.37,218.32,.383,116
102,2012,217,900,13.37,638.88,.85,347
102,2012,217,1000,13.37,929.05,.133,87.2
102,2012,217,1100,13.36,2273.3,.983,595.7
102,2012,217,1200,13.36,2327.6,.766,443.9
102,2012,217,1300,13.36,2511,.616,407.9
102,2012,217,1400,13.36,806.89,0,24.01
102,2012,217,1500,13.36,127.01,0,10.98
102,2012,217,1600,13.36,227.74,0,18.57
102,2012,217,1700,13.36,404.46,0,12.16
102,2012,217,1800,13.36,542.46,0,39.59
102,2012,217,1900,13.36,199.21,0,26.21
102,2012,217,2000,13.36,1.1308,0,6.605
102,2012,217,2100,13.36,0,0,6.594
102,2012,217,2200,13.36,0,0,6.605
102,2012,217,2300,13.37,0,0,6.6
101,2012,217,2400,13.36,11208,3.732
102,2012,217,2400,13.37,0,0,6.572
102,2012,218,100,13.37,0,0,6.6
102,2012,218,200,13.38,0,0,6.6
102,2012,218,300,13.38,0,0,6.577
102,2012,218,400,13.38,0,0,6.566
102,2012,218,500,13.38,.73423,0,6.589
102,2012,218,600,13.38,0,0,6.55
102,2012,218,700,13.38,.51396,0,6.533
102,2012,218,800,13.39,107.53,0,8.07
102,2012,218,900,13.39,436.72,.083,40.93
102,2012,218,1000,13.38,836.83,.183,61.18
102,2012,218,1100,13.38,2197.2,1,356.6
102,2012,218,1200,13.38,1924.1,.5,166.9
102,2012,218,1300,13.38,2627,.733,310.1
102,2012,218,1400,13.36,3645.8,.983,545
102,2012,218,1500,13.36,1503.7,.35,169
102,2012,218,1600,13.36,489.51,0,9.69
102,2012,218,1700,13.36,922.85,.35,112.6
102,2012,218,1800,13.36,878.48,.683,269
102,2012,218,1900,13.36,114.07,0,18.55
102,2012,218,2000,13.36,.2056,0,6.605
102,2012,218,2100,13.36,0,0,6.605
102,2012,218,2200,13.36,0,0,6.594
102,2012,218,2300,13.36,0,0,6.594
101,2012,218,2400,13.36,15685,4.865
102,2012,218,2400,13.36,0,0,6.583
102,2012,219,100,13.37,0,0,6.555
102,2012,219,200,12.69,0,0,6.589
102,2012,219,300,12.67,0,0,6.605
102,2012,219,400,12.67,0,0,6.605
102,2012,219,500,12.67,0,0,6.605
102,2012,219,600,12.67,0,0,6.605
102,2012,219,700,12.67,.71965,0,6.605
102,2012,219,800,12.67,231.14,.183,81.6
102,2012,219,900,12.67,587.23,.783,305.2
102,2012,219,1000,12.67,912.38,.133,57.32
102,2012,219,1100,12.67,1354.3,.217,124.8
102,2012,219,1200,13.32,2870,1,651.9
102,2012,219,1300,13.37,2976.5,.916,389.6
102,2012,219,1400,13.36,3159,1,449.6
102,2012,219,1500,13.36,2375.6,.583,256.5
102,2012,219,1600,13.35,2378.8,.75,343.6
102,2012,219,1700,13.35,2105.8,1,613.3
102,2012,219,1800,13.35,1292,.95,437.4
102,2012,219,1900,13.35,146.75,0,20.19
102,2012,219,2000,13.35,.2056,0,6.604
102,2012,219,2100,13.34,0,0,6.604
102,2012,219,2200,13.35,0,0,6.604
102,2012,219,2300,13.35,0,0,6.604
101,2012,219,2400,12.67,20390,7.51
102,2012,219,2400,13.35,0,0,6.605
102,2012,220,100,13.35,0,0,6.605
102,2012,220,200,13.35,0,0,6.605
102,2012,220,300,13.35,0,0,6.605
102,2012,220,400,13.35,0,0,6.605
102,2012,220,500,13.35,0,0,6.605
102,2012,220,600,13.36,0,0,6.605
102,2012,220,700,13.36,.7049,0,6.605
102,2012,220,800,13.36,114.43,0,7.32
102,2012,220,900,13.37,562.09,.1,55.28
102,2012,220,1000,13.37,845.5,.05,32.38
102,2012,220,1100,13.38,1258,.25,90.3
102,2012,220,1200,13.39,1929.4,.45,130.2
102,2012,220,1300,13.38,1852.2,0,11.9
102,2012,220,1400,13.38,1944.6,.083,52.14
102,2012,220,1500,13.36,3151.2,1,484.4
102,2012,220,1600,13.36,2407.8,.966,407.1
102,2012,220,1700,13.35,1721.5,.6,299.5
102,2012,220,1800,13.36,803.48,.367,128
102,2012,220,1900,13.36,162.12,.117,49.74
102,2012,220,2000,13.36,0,0,6.605
102,2012,220,2100,13.36,0,0,6.605
102,2012,220,2200,13.36,0,0,6.605
102,2012,220,2300,13.36,0,0,6.605
101,2012,220,2400,13.35,16753,3.982
102,2012,220,2400,13.36,0,0,6.605
102,2012,221,100,13.36,0,0,6.605
102,2012,221,200,13.37,0,0,6.605
102,2012,221,300,13.37,0,0,6.605
102,2012,221,400,13.38,0,0,6.605
102,2012,221,500,13.38,0,0,6.605
102,2012,221,600,13.38,0,0,6.605
102,2012,221,700,13.38,.85905,0,6.605
102,2012,221,800,13.38,256.19,.217,85.6
102,2012,221,900,13.38,463.43,.983,518.3
102,2012,221,1000,13.39,1796.3,1,693.2
102,2012,221,1100,13.38,2299.3,.966,611.3
102,2012,221,1200,13.36,2377.7,.833,373.5
102,2012,221,1300,13.35,3313.8,.9,609.8
102,2012,221,1400,13.34,1543.3,.3,99.5
102,2012,221,1500,13.35,1399.6,.2,77.2
102,2012,221,1600,13.35,1647.8,.417,144.4
102,2012,221,1700,13.36,840.79,.217,58.54
102,2012,221,1800,13.36,313.45,0,6.66
102,2012,221,1900,13.36,63.984,0,6.605
102,2012,221,2000,13.35,0,0,6.605
102,2012,221,2100,13.35,0,0,6.605
102,2012,221,2200,13.35,0,0,6.605
102,2012,221,2300,13.36,0,0,6.605
101,2012,221,2400,13.34,16316,6.031
102,2012,221,2400,13.36,0,0,6.605
102,2012,222,100,13.36,0,0,6.605
102,2012,222,200,13.36,0,0,6.605
102,2012,222,300,13.36,0,0,6.605
102,2012,222,400,13.36,0,0,6.605
102,2012,222,500,13.37,0,0,6.605
102,2012,222,600,13.37,0,0,6.605
102,2012,222,700,13.38,.536,0,6.605
102,2012,222,800,13.38,149.81,.017,29.31
102,2012,222,900,13.38,500.72,.6,246.2
102,2012,222,1000,13.39,1587.7,1,614.4
102,2012,222,1100,13.38,2505.9,1,710
102,2012,222,1200,13.37,2906.4,1,624
102,2012,222,1300,13.36,3229.9,1,498.7
102,2012,222,1400,12.7,3326.5,.833,378.1
102,2012,222,1500,12.69,2166.6,.516,214
102,2012,222,1600,13.34,2026,.933,252.4
102,2012,222,1700,13.34,1184.1,.5,147.9
102,2012,222,1800,13.35,235.99,0,10.25
102,2012,222,1900,13.35,20.89,0,6.605
102,2012,222,2000,13.35,0,0,6.605
102,2012,222,2100,13.35,0,0,6.605
102,2012,222,2200,13.35,0,0,6.605
102,2012,222,2300,13.35,0,0,6.605
101,2012,222,2400,12.69,19841,7.4
102,2012,222,2400,13.35,0,0,6.605
102,2012,223,100,13.36,0,0,6.605
102,2012,223,200,13.36,0,0,6.605
102,2012,223,300,13.36,0,0,6.605
102,2012,223,400,13.36,0,0,6.605
102,2012,223,500,13.36,0,0,6.605
102,2012,223,600,13.37,0,0,6.605
102,2012,223,700,13.37,1.9825,0,6.605
102,2012,223,800,13.38,168.55,.117,38.89
102,2012,223,900,13.38,726.24,.933,345.6
102,2012,223,1000,13.38,1013.4,.716,151.9
102,2012,223,1100,13.37,2106.9,1,544.6
102,2012,223,1200,13.36,2925.1,1,609.2
102,2012,223,1300,13.36,3524.3,1,772
102,2012,223,1400,13.3,2985.2,.866,525.9
102,2012,223,1500,13.33,2868.3,.866,551.6
102,2012,223,1600,13.33,1776.1,.533,347.9
102,2012,223,1700,13.32,1985.2,1,659.8
102,2012,223,1800,13.32,1046.9,.933,458.1
102,2012,223,1900,13.33,234.75,.4,138
102,2012,223,2000,13.33,.14686,0,6.604
102,2012,223,2100,13.33,0,0,6.604
102,2012,223,2200,13.34,0,0,6.604
102,2012,223,2300,13.34,0,0,6.604
101,2012,223,2400,13.3,21363,9.36
102,2012,223,2400,13.34,0,0,6.605
102,2012,224,100,13.34,0,0,6.605
102,2012,224,200,13.34,0,0,6.605
102,2012,224,300,13.34,0,0,6.605
102,2012,224,400,13.34,0,0,6.605
102,2012,224,500,13.34,0,0,6.605
102,2012,224,600,13.35,0,0,6.605
102,2012,224,700,13.35,1.2262,0,6.605
102,2012,224,800,13.35,125.36,0,9.99
102,2012,224,900,13.11,541.82,0,60.83
102,2012,224,1000,13.36,1923.7,.983,635.8
102,2012,224,1100,13.36,2345.6,1,458.7
102,2012,224,1200,13.36,2288.7,.5,274.5
102,2012,224,1300,13.34,3183.6,.816,530.9
102,2012,224,1400,13.33,3250.4,.9,484.7
102,2012,224,1500,13.33,2227.1,.433,176.5
102,2012,224,1600,13.32,1625.2,.483,190.2
102,2012,224,1700,13.32,1656.1,.85,540.6
102,2012,224,1800,13.31,851.06,.4,237.3
102,2012,224,1900,13.33,143.94,.133,47.06
102,2012,224,2000,13.33,.84445,0,6.604
102,2012,224,2100,13.34,0,0,6.604
102,2012,224,2200,13.34,0,0,6.605
102,2012,224,2300,13.34,0,0,6.605
101,2012,224,2400,13.11,20165,6.497
102,2012,224,2400,13.34,0,0,6.605
102,2012,225,100,13.34,0,0,6.605
102,2012,225,200,13.35,0,0,6.605
102,2012,225,300,13.34,0,0,6.605
102,2012,225,400,13.34,0,0,6.605
102,2012,225,500,13.34,0,0,6.605
102,2012,225,600,13.35,0,0,6.605
102,2012,225,700,13.35,1.3951,0,6.605
102,2012,225,800,13.35,230.13,.433,117.2
102,2012,225,900,13.36,468.64,1,514.8
102,2012,225,1000,13.36,1517.2,1,586.2
102,2012,225,1100,13.35,2821.7,1,789
102,2012,225,1200,12.74,3310.8,1,821
102,2012,225,1300,12.69,3412.8,1,746
102,2012,225,1400,13.33,3416.4,.95,688.1
102,2012,225,1500,13.33,3193.6,.833,561.1
102,2012,225,1600,13.32,1792.6,.75,259.8
102,2012,225,1700,12.72,905.55,.766,140.3
102,2012,225,1800,13.34,609.27,.183,92.2
102,2012,225,1900,12.71,187.98,.15,53.77
102,2012,225,2000,13.34,.06609,0,6.605
102,2012,225,2100,13.34,0,0,6.604
102,2012,225,2200,13.34,0,0,6.604
102,2012,225,2300,13.34,0,0,6.604
101,2012,225,2400,12.69,21868,9.06
102,2012,225,2400,13.34,0,0,6.604
102,2012,226,100,13.34,0,0,6.604
102,2012,226,200,13.34,0,0,6.604
102,2012,226,300,13.34,0,0,6.605
102,2012,226,400,13.35,0,0,6.605
102,2012,226,500,13.35,0,0,6.605
102,2012,226,600,13.35,0,0,6.605
102,2012,226,700,13.35,1.1675,0,6.605
102,2012,226,800,13.36,215.04,.183,74.5
102,2012,226,900,13.36,418.45,.966,416
102,2012,226,1000,13.38,1671.2,1,778
102,2012,226,1100,13.36,2698.2,.983,796
102,2012,226,1200,13.35,3143.5,.966,729
102,2012,226,1300,12.71,2804.6,.7,511.3
102,2012,226,1400,12.69,3390.6,.866,604.3
102,2012,226,1500,12.73,3135.4,.916,649
102,2012,226,1600,12.71,2546.9,.866,619.9
102,2012,226,1700,13.33,1507.8,.7,464.1
102,2012,226,1800,13.33,1012.3,1,380.3
102,2012,226,1900,12.81,229.8,.233,82.9
102,2012,226,2000,13.33,.05875,0,6.603
102,2012,226,2100,13.33,0,0,6.603
102,2012,226,2200,13.33,0,0,6.604
102,2012,226,2300,13.33,0,0,6.604
101,2012,226,2400,12.69,22775,9.38
102,2012,226,2400,13.33,0,0,6.604
102,2012,227,100,13.33,0,0,6.604
102,2012,227,200,13.34,0,0,6.604
102,2012,227,300,13.34,0,0,6.604
102,2012,227,400,13.34,0,0,6.605
102,2012,227,500,13.34,0,0,6.605
102,2012,227,600,13.35,0,0,6.605
102,2012,227,700,13.35,1.3217,0,6.605
102,2012,227,800,13.36,230.21,.333,87.9
102,2012,227,900,13.32,419.76,1,518
102,2012,227,1000,13.36,1553.8,1,734
102,2012,227,1100,13.36,1747.4,1,349
102,2012,227,1200,13.34,3196.1,1,631.2
102,2012,227,1300,13.33,2946.4,.65,384.7
102,2012,227,1400,13.33,2412.7,.483,216.3
102,2012,227,1500,13.33,3084.6,.966,532.5
102,2012,227,1600,13.32,2362.2,1,476.4
102,2012,227,1700,13.32,911.82,.217,132.3
102,2012,227,1800,13.33,82.339,0,7.14
102,2012,227,1900,12.71,47.546,0,6.61
102,2012,227,2000,13.34,.41119,0,6.605
102,2012,227,2100,13.34,0,0,6.605
102,2012,227,2200,13.34,0,0,6.604
102,2012,227,2300,13.34,0,0,6.604
101,2012,227,2400,12.71,18997,7.65
102,2012,227,2400,13.34,0,0,6.604
102,2012,228,100,13.34,0,0,6.604
102,2012,228,200,13.35,0,0,6.605
102,2012,228,300,13.35,0,0,6.605
102,2012,228,400,13.35,0,0,6.605
102,2012,228,500,13.34,0,0,6.605
102,2012,228,600,13.35,0,0,6.605
102,2012,228,700,13.35,.99127,0,6.605
102,2012,228,800,13.36,204.33,.3,110
102,2012,228,900,13.36,392.41,.75,323.5
102,2012,228,1000,13.36,1454,1,586.7
102,2012,228,1100,13.36,2617,1,787
102,2012,228,1200,13.35,3145.7,.966,732
102,2012,228,1300,13.33,3649.2,.916,641.4
102,2012,228,1400,13.33,1865.7,.4,198.8
102,2012,228,1500,13.33,2948.6,.983,628.3
102,2012,228,1600,13.33,1602.6,.433,263.4
102,2012,228,1700,13.33,1227,.35,192.7
102,2012,228,1800,12.7,326.69,0,8.26
102,2012,228,1900,12.69,13.313,0,7.48
102,2012,228,2000,13.34,.09546,0,6.632
102,2012,228,2100,12.72,0,0,6.61
102,2012,228,2200,13.34,0,0,6.61
102,2012,228,2300,13.34,0,0,6.616
101,2012,228,2400,12.69,19448,7.1
102,2012,228,2400,13.35,0,0,6.622
102,2012,229,100,13.35,0,0,6.627
102,2012,229,200,13.35,0,0,6.655
102,2012,229,300,13.34,0,0,6.621
102,2012,229,400,13.35,0,0,6.644
102,2012,229,500,13.35,0,0,6.649
102,2012,229,600,13.35,0,0,6.644
102,2012,229,700,13.36,1.1161,0,6.605
102,2012,229,800,13.36,219.71,0,14.78
102,2012,229,900,13.36,482.1,0,17.26
102,2012,229,1000,13.36,1307,.383,212.6
102,2012,229,1100,12.69,2597.8,1,697.5
102,2012,229,1200,12.67,3103.8,1,709
102,2012,229,1300,13.35,3442.7,1,737
102,2012,229,1400,13.34,2674.6,.633,303.8
102,2012,229,1500,13.33,2125.9,.516,187.5
102,2012,229,1600,12.71,1007.2,0,8.38
102,2012,229,1700,12.7,678.08,0,23.95
102,2012,229,1800,13.34,372.33,.017,14.18
102,2012,229,1900,13.34,32.676,0,6.615
102,2012,229,2000,13.34,.01469,0,6.605
102,2012,229,2100,13.34,0,0,6.605
102,2012,229,2200,13.34,0,0,6.605
102,2012,229,2300,13.34,0,0,6.605
101,2012,229,2400,12.67,18045,4.548
102,2012,229,2400,13.34,0,0,6.605
102,2012,230,100,13.35,0,0,6.605
102,2012,230,200,13.34,0,0,6.605
102,2012,230,300,13.35,0,0,6.605
102,2012,230,400,13.35,0,0,6.605
102,2012,230,500,13.35,0,0,6.605
102,2012,230,600,13.35,0,0,6.605
102,2012,230,700,13.36,1.05,0,6.605
102,2012,230,800,13.36,177.6,.017,22.75
102,2012,230,900,13.36,457.3,.133,106.2
102,2012,230,1000,13.36,1419.4,1,609.1
102,2012,230,1100,13.36,1863,.916,442.8
102,2012,230,1200,13.35,1844.5,.417,145.4
102,2012,230,1300,13.34,3342.9,1,541.8
102,2012,230,1400,13.34,3277.9,1,584.1
102,2012,230,1500,13.33,3131.8,1,662.1
102,2012,230,1600,13.33,2630.9,1,694
102,2012,230,1700,13.33,1905.3,1,629.7
102,2012,230,1800,13.32,871.7,.666,245.6
102,2012,230,1900,13.33,182.22,.083,48.91
102,2012,230,2000,13.33,.04406,0,6.604
102,2012,230,2100,13.33,0,0,6.604
102,2012,230,2200,13.33,0,0,6.604
102,2012,230,2300,13.33,0,0,6.604
101,2012,230,2400,13.32,21106,8.23
102,2012,230,2400,13.33,0,0,6.604
102,2012,231,100,13.33,0,0,6.604
102,2012,231,200,13.33,0,0,6.604
102,2012,231,300,13.33,0,0,6.604
102,2012,231,400,13.34,0,0,6.604
102,2012,231,500,13.34,0,0,6.605
102,2012,231,600,13.34,0,0,6.605
102,2012,231,700,13.34,1.6081,0,6.605
102,2012,231,800,13.34,213.31,.516,129
102,2012,231,900,13.35,473.03,.816,363.4
102,2012,231,1000,13.35,1224.8,1,484.9
102,2012,231,1100,13.35,2528,1,733
102,2012,231,1200,13.34,3060.5,1,739
102,2012,231,1300,13.34,3106.3,.9,490
102,2012,231,1400,13.33,2188,.417,256.2
102,2012,231,1500,13.33,758.31,0,21.16
102,2012,231,1600,13.33,603.19,.083,40.22
102,2012,231,1700,12.72,376.3,0,14.54
102,2012,231,1800,12.69,224.24,0,9.63
102,2012,231,1900,13.34,20.838,0,6.605
102,2012,231,2000,13.34,0,0,6.605
102,2012,231,2100,13.34,0,0,6.605
102,2012,231,2200,13.34,0,0,6.604
102,2012,231,2300,13.34,0,0,6.604
101,2012,231,2400,12.69,14778,5.731
102,2012,231,2400,13.34,0,0,6.604
102,2012,232,100,13.34,0,0,6.604
102,2012,232,200,13.34,0,0,6.604
102,2012,232,300,13.34,0,0,6.604
102,2012,232,400,13.35,0,0,6.605
102,2012,232,500,13.35,0,0,6.605
102,2012,232,600,13.35,0,0,6.605
102,2012,232,700,13.35,1.6741,0,6.605
102,2012,232,800,13.35,95.521,0,10.03
102,2012,232,900,13.36,549.84,.5,251.3
102,2012,232,1000,13.36,1577.9,1,743
102,2012,232,1100,13.35,2813.2,1,792
102,2012,232,1200,13.34,3235.4,1,704
102,2012,232,1300,13.35,3523.9,.95,738
102,2012,232,1400,13.34,3625.9,.916,614
102,2012,232,1500,13.33,3121.2,.733,459.8
102,2012,232,1600,13.33,495.79,.05,44.53
102,2012,232,1700,13.33,1054.4,.633,347
102,2012,232,1800,13.33,1307.9,.916,428.4
102,2012,232,1900,13.33,87.515,0,15.98
102,2012,232,2000,13.33,0,0,6.604
102,2012,232,2100,13.34,0,0,6.604
102,2012,232,2200,13.34,0,0,6.604
102,2012,232,2300,13.34,0,0,6.605
101,2012,232,2400,13.33,21490,7.7
102,2012,232,2400,13.34,0,0,6.594
102,2012,233,100,13.34,0,0,6.555
102,2012,233,200,13.34,0,0,6.583
102,2012,233,300,13.34,0,0,6.561
102,2012,233,400,13.35,0,0,6.6
102,2012,233,500,13.35,0,0,6.605
102,2012,233,600,13.36,0,0,6.561
102,2012,233,700,13.36,1.2996,0,6.566
102,2012,233,800,13.36,161.29,0,14.49
102,2012,233,900,13.37,580.44,.533,218.7
102,2012,233,1000,13.36,1888.3,1,537.7
102,2012,233,1100,13.36,2638.6,.966,643.1
102,2012,233,1200,13.36,2726.1,.9,624.7
102,2012,233,1300,13.35,3524.9,1,793
102,2012,233,1400,13.34,3312,.883,579.5
102,2012,233,1500,13.34,983.12,.217,163.2
102,2012,233,1600,13.33,2750.8,1,746
102,2012,233,1700,13.32,1999.7,.933,516.1
102,2012,233,1800,12.89,150.13,0,15.81
102,2012,233,1900,12.69,.13952,0,6.604
102,2012,233,2000,12.68,0,0,6.599
102,2012,233,2100,13.34,0,0,6.594
102,2012,233,2200,13.34,0,0,6.588
102,2012,233,2300,13.34,0,0,6.577
101,2012,233,2400,12.68,20717,7.43
102,2012,233,2400,13.34,0,0,6.594
102,2012,234,100,13.34,0,0,6.55
102,2012,234,200,13.35,0,0,6.55
102,2012,234,300,13.35,0,0,6.555
102,2012,234,400,13.36,0,0,6.55
102,2012,234,500,13.36,0,0,6.544
102,2012,234,600,13.36,0,0,6.566
102,2012,234,700,13.37,2.5405,0,6.517
102,2012,234,800,13.38,205.82,0,36.26
102,2012,234,900,13.38,672.18,.6,218.1
102,2012,234,1000,13.38,1668.9,1,698.8
102,2012,234,1100,13.38,2816,1,841
102,2012,234,1200,13.37,3343.2,1,849
102,2012,234,1300,13.36,3618.3,1,856
102,2012,234,1400,12.69,3594.7,1,784
102,2012,234,1500,13.35,3370,1,774
102,2012,234,1600,13.34,2752.8,1,771
102,2012,234,1700,13,2080.5,1,740
102,2012,234,1800,13.33,1242.4,1,627.1
102,2012,234,1900,13.33,298.77,.816,335.2
102,2012,234,2000,13.34,.02937,0,8.01
102,2012,234,2100,13.34,0,0,7.95
102,2012,234,2200,13.35,0,0,7.93
102,2012,234,2300,13.35,0,0,7.93
101,2012,234,2400,12.69,25666,10.41
102,2012,234,2400,13.35,0,0,7.99
102,2012,235,100,13.35,0,0,8.55
102,2012,235,200,13.35,0,0,8.94
102,2012,235,300,13.36,0,0,9.25
102,2012,235,400,13.36,0,0,9.25
102,2012,235,500,13.36,0,0,9.25
102,2012,235,600,13.37,0,0,8.83
102,2012,235,700,13.37,2.5478,0,8.07
102,2012,235,800,13.38,296.31,.516,217.3
102,2012,235,900,13.38,383.21,.8,438.2
102,2012,235,1000,13.38,1616.8,1,770
102,2012,235,1100,13.38,2686.3,.983,684.8
102,2012,235,1200,13.36,2496.6,.716,491.2
102,2012,235,1300,13.35,3358.4,.85,673.8
102,2012,235,1400,13.34,3126.7,.683,497.3
102,2012,235,1500,13.34,881.2,.167,68.01
102,2012,235,1600,12.69,710.85,0,37.14
102,2012,235,1700,12.67,1556.3,.833,411.8
102,2012,235,1800,12.67,726.67,.3,107.9
102,2012,235,1900,13.38,77.925,0,25.45
102,2012,235,2000,12.74,0,0,9.27
102,2012,235,2100,12.69,0,0,9.25
102,2012,235,2200,12.69,0,0,9.26
102,2012,235,2300,13.36,0,0,9.25
101,2012,235,2400,12.67,17920,6.847
102,2012,235,2400,13.36,0,0,9.25
102,2012,236,100,13.36,0,0,9.25
102,2012,236,200,13.37,0,0,9.25
102,2012,236,300,13.37,0,0,9.25
102,2012,236,400,13.37,0,0,9.25
102,2012,236,500,13.37,0,0,8.45
102,2012,236,600,13.38,0,0,7.27
102,2012,236,700,13.38,2.3055,0,7.29
102,2012,236,800,13.39,199.79,.616,229.8
102,2012,236,900,13.4,573.49,.966,326.9
102,2012,236,1000,13.4,1364.3,1,634.5
102,2012,236,1100,13.38,2589.9,1,660.1
102,2012,236,1200,13.37,2735.9,1,612.3
102,2012,236,1300,13.36,3123.1,.9,568.3
102,2012,236,1400,13.34,3300.2,.883,470.9
102,2012,236,1500,13.34,2687.4,.8,309.1
102,2012,236,1600,13.33,1727.9,.7,174.1
102,2012,236,1700,13.35,241.86,0,14.85
102,2012,236,1800,13.36,214.09,0,14.71
102,2012,236,1900,13.36,71.912,0,9.71
102,2012,236,2000,13.36,.11748,0,8.12
102,2012,236,2100,13.36,0,0,9.13
102,2012,236,2200,13.36,0,0,9.37
102,2012,236,2300,13.36,0,0,9.27
101,2012,236,2400,13.33,18832,7.86
102,2012,236,2400,13.36,0,0,9.25
102,2012,237,100,13.36,0,0,9.27
102,2012,237,200,13.36,0,0,9.14
102,2012,237,300,13.37,0,0,9.23
102,2012,237,400,13.37,0,0,9.16
102,2012,237,500,13.38,0,0,9.23
102,2012,237,600,13.38,0,0,8.19
102,2012,237,700,13.38,1.9164,0,7.27
102,2012,237,800,13.39,227.71,.217,83.6
102,2012,237,900,13.4,504.08,.766,274.8
102,2012,237,1000,13.4,1368.2,1,321.6
102,2012,237,1100,13.38,2735.3,1,780
102,2012,237,1200,13.37,3348.5,1,837
102,2012,237,1300,13.36,3609.9,1,834
102,2012,237,1400,13.34,3572.3,1,740
102,2012,237,1500,13.33,3242,1,693.8
102,2012,237,1600,13.33,1941.5,.833,473.7
102,2012,237,1700,13.33,1874,.833,568.6
102,2012,237,1800,13.33,1148.5,.683,359.5
102,2012,237,1900,13.33,255.4,.317,129.9
102,2012,237,2000,13.33,0,0,9.55
102,2012,237,2100,13.34,0,0,9.34
102,2012,237,2200,13.34,0,0,9.26
102,2012,237,2300,13.34,0,0,9.27
101,2012,237,2400,13.33,23829,9.65
102,2012,237,2400,13.34,0,0,9.25
102,2012,238,100,13.35,0,0,9.25
102,2012,238,200,13.35,0,0,9.25
102,2012,238,300,13.35,0,0,9.25
102,2012,238,400,13.36,0,0,9.25
102,2012,238,500,13.36,0,0,9.25
102,2012,238,600,13.36,0,0,9.25
102,2012,238,700,13.36,2.0926,0,9.22
102,2012,238,800,13.36,213.1,.666,250.9
102,2012,238,900,13.38,352.05,.65,343.2
102,2012,238,1000,13.38,1410.8,1,693.9
102,2012,238,1100,13.36,2766.3,1,776
102,2012,238,1200,13.34,3128.9,.95,675.7
102,2012,238,1300,13.28,3272.9,.85,593.6
102,2012,238,1400,12.69,2496.2,.45,293.2
102,2012,238,1500,12.71,2745.1,.8,385.8
102,2012,238,1600,12.68,1934,.65,386.5
102,2012,238,1700,12.68,1308.8,.167,109.7
102,2012,238,1800,13.34,1122.2,.966,331.9
102,2012,238,1900,13.34,40.312,.017,16.58
102,2012,238,2000,13.34,0,0,7.28
102,2012,238,2100,13.34,.07343,0,7.12
102,2012,238,2200,13.34,.05874,0,7
102,2012,238,2300,13.34,0,0,6.868
101,2012,238,2400,12.68,20793,8.16
102,2012,238,2400,12.69,0,0,7.2
102,2012,239,100,12.68,0,0,7.27
102,2012,239,200,12.67,0,0,7.27
102,2012,239,300,12.67,0,0,7.27
102,2012,239,400,12.67,0,0,7.27
102,2012,239,500,12.67,0,0,7.27
102,2012,239,600,12.67,0,0,7.27
102,2012,239,700,12.67,.5874,0,7.27
102,2012,239,800,12.67,179.51,.367,115.5
102,2012,239,900,13.34,382.15,.7,328.4
102,2012,239,1000,13.4,1699.4,1,751
102,2012,239,1100,13.38,2550.5,1,655.1