Source,Location ID,City,State,Country,Latitude,Longitude,Time Zone,Elevation,Local Time Zone,Clearsky DHI Units,Clearsky DNI Units,Clearsky GHI Units,Dew Point Units,DHI Units,DNI Units,GHI Units,Solar Zenith Angle Units,Temperature Units,Pressure Units,Relative Humidity Units,Precipitable Water Units,Wind Direction Units,Wind Speed Units,Cloud Type -15,Cloud Type 0,Cloud Type 1,Cloud Type 2,Cloud Type 3,Cloud Type 4,Cloud Type 5,Cloud Type 6,Cloud Type 7,Cloud Type 8,Cloud Type 9,Cloud Type 10,Cloud Type 11,Cloud Type 12,Fill Flag 0,Fill Flag 1,Fill Flag 2,Fill Flag 3,Fill Flag 4,Fill Flag 5,Surface Albedo Units,Version
NSRDB,2266024,-,-,-,3.09,43.62,0,452,3,w/m2,w/m2,w/m2,c,w/m2,w/m2,w/m2,Degree,c,mbar,%,cm,Degrees,m/s,N/A,Clear,Probably Clear,Fog,Water,Super-Cooled Water,Mixed,Opaque Ice,Cirrus,Overlapping,Overshooting,Unknown,Dust,Smoke,N/A,Missing Image,Low Irradiance,Exceeds Clearsky,Missing CLoud Properties,Rayleigh Violation,N/A,4.0.0
Year,Month,Day,Hour,Minute,Solar Zenith Angle,Surface Albedo,Precipitable Water,Clearsky DHI,Clearsky DNI,Clearsky GHI,Cloud Type,Dew Point,Relative Humidity,Pressure,DHI,DNI,Fill Flag,GHI,Temperature,Wind Direction,Wind Speed
2021,1,1,0,30,127.5,0.15,2.3000000000000003,0,0,0,0,19.200000000000003,99.2,960,0,0,0,0,19.3,76,3.5
2021,1,1,1,30,113.95,0.15,2.2,0,0,0,0,19.200000000000003,100,960,0,0,0,0,19.200000000000003,70,4
2021,1,1,2,30,100.18,0.15,2.1,0,0,0,0,19.1,99.13,961,0,0,0,0,19.200000000000003,66,4.3
2021,1,1,3,30,86.21000000000001,0.15,2.1,27,188,39,0,18.8,93.01,961,27,188,0,39,20,64,5
2021,1,1,4,30,72.68,0.15,2.1,69,653,264,0,18.6,80.08,962,69,653,0,264,22.200000000000003,64,5.6000000000000005
2021,1,1,5,30,59.36,0.15,2.1,87,835,512,0,18.1,65.12,962,87,835,0,512,25.1,64,5.6000000000000005
2021,1,1,6,30,46.71,0.15,2.1,97,921,728,0,17.3,52.38,962,97,921,0,728,28,63,5.2
2021,1,1,7,30,35.53,0.15,2.2,104,962,887,0,16.5,43.84,961,104,962,0,887,30.200000000000003,61,4.800000000000001
2021,1,1,8,30,27.740000000000002,0.15,2.3000000000000003,108,978,974,0,15.9,38.42,960,108,978,0,974,31.8,59,4.4
2021,1,1,9,30,26.54,0.15,2.4000000000000004,111,975,983,0,15.200000000000001,34.550000000000004,958,111,975,0,983,32.9,56,4
2021,1,1,10,30,32.660000000000004,0.15,2.4000000000000004,109,959,916,0,14.5,32.12,957,109,959,0,916,33.4,54,3.7
2021,1,1,11,30,43.08,0.15,2.5,103,919,775,0,13.8,30.91,957,103,919,0,775,33.300000000000004,53,3.5
2021,1,1,12,30,55.4,0.15,2.5,95,845,575,0,13.3,31,957,95,845,0,575,32.6,53,3.3000000000000003
2021,1,1,13,30,68.57000000000001,0.15,2.5,78,708,337,1,13,34.47,957,78,708,0,337,30.400000000000002,54,2.3000000000000003
2021,1,1,14,30,82.11,0.15,2.5,44,381,96,1,16.8,53.68,958,44,381,0,96,27,56,1.5
2021,1,1,15,30,95.98,0.15,2.5,0,0,0,0,17.6,64.66,959,0,0,0,0,24.700000000000003,56,1.4000000000000001
2021,1,1,16,30,109.77,0.15,2.5,0,0,0,0,16.900000000000002,65.69,959,0,0,0,0,23.700000000000003,54,1.5
2021,1,1,17,30,123.42,0.15,2.5,0,0,0,0,16.5,67.06,960,0,0,0,0,22.900000000000002,55,1.5
2021,1,1,18,30,136.66,0.15,2.5,0,0,0,0,16.2,69.42,960,0,0,0,0,22.1,62,1.5
2021,1,1,19,30,148.83,0.15,2.5,0,0,0,0,16.2,72.62,960,0,0,0,0,21.3,74,1.6
2021,1,1,20,30,157.99,0.15,2.6,0,0,0,0,16.3,75.84,960,0,0,0,0,20.700000000000003,87,2.1
2021,1,1,21,30,159.55,0.15,2.6,0,0,0,0,16.8,80.8,960,0,0,0,0,20.200000000000003,94,2.7
2021,1,1,22,30,152.18,0.15,2.7,0,0,0,0,17.8,88.8,960,0,0,0,0,19.700000000000003,93,3.1
2021,1,1,23,30,140.63,0.15,2.7,0,0,0,0,18.8,95.94,960,0,0,0,0,19.5,88,3.3000000000000003
2021,1,2,0,30,127.62,0.15,2.6,0,0,0,0,19.400000000000002,99.97,961,0,0,0,0,19.400000000000002,82,3.2
2021,1,2,1,30,114.06,0.15,2.6,0,0,0,0,19.3,100,961,0,0,0,0,19.3,76,3.1
2021,1,2,2,30,100.29,0.15,2.5,0,0,0,0,19.200000000000003,100,962,0,0,0,0,19.200000000000003,70,3.1
2021,1,2,3,30,86.3,0.15,2.5,28,87,34,0,19.3,95.01,963,28,87,0,34,20.1,66,3.8000000000000003
2021,1,2,4,30,72.77,0.15,2.4000000000000004,88,544,250,0,19.3,82.56,963,88,544,0,250,22.400000000000002,65,4.6000000000000005
2021,1,2,5,30,59.43,0.15,2.5,111,753,494,0,18.8,67.58,963,111,753,0,494,25.200000000000003,66,4.800000000000001
2021,1,2,6,30,46.76,0.15,2.5,121,859,709,0,18.3,55.84,962,121,859,0,709,27.900000000000002,65,4.5
2021,1,2,7,30,35.550000000000004,0.15,2.5,128,912,870,0,17.7,47.2,962,128,912,0,870,30.200000000000003,62,4.2
2021,1,2,8,30,27.7,0.15,2.6,131,934,958,0,17.2,41.79,960,131,934,0,958,31.8,57,3.9000000000000004
2021,1,2,9,30,26.43,0.15,2.6,106,976,980,0,16.8,38.62,959,106,976,0,980,32.7,54,3.8000000000000003
2021,1,2,10,30,32.53,0.15,2.7,105,958,912,0,16.2,36.13,958,105,958,0,912,33.2,52,3.7
2021,1,2,11,30,42.94,0.15,2.7,100,922,775,0,15.600000000000001,34.94,958,100,922,0,775,33.1,53,3.6
2021,1,2,12,30,55.27,0.15,2.7,95,841,574,0,15,35.15,958,95,841,0,574,32.300000000000004,55,3.5
2021,1,2,13,30,68.45,0.15,2.7,76,710,337,0,14.600000000000001,38.82,958,76,710,0,337,30.200000000000003,57,2.6
2021,1,2,14,30,81.99,0.15,2.7,43,395,98,0,17.5,55.68,959,43,395,0,98,27.1,59,1.6
2021,1,2,15,30,95.87,0.15,2.7,0,0,0,0,18.5,66.52,960,0,0,0,0,25.200000000000003,60,1.5
2021,1,2,16,30,109.67,0.15,2.6,0,0,0,0,18,67.56,960,0,0,0,0,24.400000000000002,59,1.6
2021,1,2,17,30,123.34,0.15,2.6,0,0,0,0,17.6,69.10000000000001,961,0,0,0,0,23.6,60,1.7000000000000002
2021,1,2,18,30,136.59,0.15,2.6,0,0,0,1,17.3,70.95,961,0,0,0,0,22.8,66,1.8
2021,1,2,19,30,148.8,0.15,2.6,0,0,0,0,16.900000000000002,72.45,961,0,0,0,0,22.1,76,2.2
2021,1,2,20,30,158.03,0.15,2.6,0,0,0,0,16.7,74.09,960,0,0,0,0,21.5,84,2.7
2021,1,2,21,30,159.67000000000002,0.15,2.6,0,0,0,0,16.900000000000002,78.54,960,0,0,0,0,20.8,86,3
2021,1,2,22,30,152.32,0.15,2.6,0,0,0,0,17.5,85.17,960,0,0,0,0,20.1,82,2.9000000000000004
2021,1,2,23,30,140.77,0.15,2.5,0,0,0,0,18.1,91.45,960,0,0,0,0,19.5,75,2.9000000000000004
2021,1,3,0,30,127.75,0.15,2.4000000000000004,0,0,0,0,18.400000000000002,96.35000000000001,960,0,0,0,0,19,70,2.9000000000000004
2021,1,3,1,30,114.18,0.15,2.3000000000000003,0,0,0,0,18.6,99.28,961,0,0,0,0,18.7,65,3
2021,1,3,2,30,100.4,0.15,2.2,0,0,0,0,18.6,99.44,962,0,0,0,0,18.7,59,3.2
2021,1,3,3,30,86.4,0.15,2.2,26,150,35,0,18.5,91.27,962,26,150,0,35,20,56,4.2
2021,1,3,4,30,72.85000000000001,0.15,2.2,72,625,257,0,18.2,75.28,963,72,625,0,257,22.8,57,5.2
2021,1,3,5,30,59.5,0.15,2.3000000000000003,94,805,503,0,17.5,60.300000000000004,963,94,805,0,503,25.8,60,5.4
2021,1,3,6,30,46.81,0.15,2.3000000000000003,113,881,715,0,16.8,49.26,962,113,881,0,715,28.5,60,5
2021,1,3,7,30,35.56,0.15,2.4000000000000004,120,927,874,0,16.2,42.14,961,120,927,0,874,30.5,59,4.6000000000000005
2021,1,3,8,30,27.650000000000002,0.15,2.4000000000000004,123,951,965,0,15.700000000000001,38.300000000000004,960,123,951,0,965,31.6,57,4.2
2021,1,3,9,30,26.32,0.15,2.4000000000000004,120,959,980,0,15.100000000000001,36.38,959,120,959,0,980,31.900000000000002,55,3.9000000000000004
2021,1,3,10,30,32.38,0.15,2.4000000000000004,117,945,915,0,14.600000000000001,35.26,958,117,945,0,915,31.8,55,3.7
2021,1,3,11,30,42.800000000000004,0.15,2.4000000000000004,107,913,777,0,14.100000000000001,34.63,957,107,913,0,777,31.6,54,3.6
2021,1,3,12,30,55.14,0.15,2.3000000000000003,94,852,581,0,13.9,35.04,957,94,852,0,581,31.1,53,3.5
2021,1,3,13,30,68.32000000000001,0.15,2.3000000000000003,75,728,343,0,13.8,38.77,958,75,728,0,343,29.3,54,2.7
2021,1,3,14,30,81.87,0.15,2.3000000000000003,42,421,102,0,16.3,54.59,958,42,421,0,102,26.200000000000003,59,1.7000000000000002
2021,1,3,15,30,95.76,0.15,2.3000000000000003,0,0,0,0,17.1,65.46000000000001,959,0,0,0,0,24,64,1.6
2021,1,3,16,30,109.58,0.15,2.3000000000000003,0,0,0,0,16.6,66.62,960,0,0,0,0,23.200000000000003,66,1.7000000000000002
2021,1,3,17,30,123.25,0.15,2.3000000000000003,0,0,0,0,16.400000000000002,68.95,960,0,0,0,0,22.400000000000002,67,1.6
2021,1,3,18,30,136.53,0.15,2.3000000000000003,0,0,0,0,16.400000000000002,71.3,960,0,0,0,0,21.8,70,1.4000000000000001
2021,1,3,19,30,148.77,0.15,2.4000000000000004,0,0,0,1,16.5,73.04,960,0,0,0,0,21.5,77,1.4000000000000001
2021,1,3,20,30,158.07,0.15,2.5,0,0,0,0,16.400000000000002,75.06,960,0,0,0,0,21,86,1.6
2021,1,3,21,30,159.79,0.15,2.5,0,0,0,0,16.1,75.95,960,0,0,0,0,20.5,91,2.3000000000000003
2021,1,3,22,30,152.47,0.15,2.6,0,0,0,3,16.2,79.47,960,0,0,0,0,19.900000000000002,88,3.1
2021,1,3,23,30,140.9,0.15,2.6,0,0,0,7,17.2,85.84,959,0,0,0,0,19.6,80,3.4000000000000004
2021,1,4,0,30,127.88000000000001,0.15,2.6,0,0,0,8,18.3,93.83,960,0,0,0,0,19.3,71,3.2
2021,1,4,1,30,114.3,0.15,2.5,0,0,0,8,19,99.22,960,0,0,0,0,19.1,64,3
2021,1,4,2,30,100.51,0.15,2.5,0,0,0,3,19.200000000000003,99.64,960,0,0,0,0,19.3,59,3.2
2021,1,4,3,30,86.49,0.15,2.5,26,100,32,8,19.3,93.75,961,26,1,7,26,20.3,58,4.4
2021,1,4,4,30,72.94,0.15,2.4000000000000004,82,567,249,0,18.900000000000002,80.23,962,82,567,0,249,22.5,58,5.6000000000000005
2021,1,4,5,30,59.57,0.15,2.4000000000000004,105,771,495,0,17.900000000000002,63.84,962,105,771,0,495,25.200000000000003,59,6.1000000000000005
2021,1,4,6,30,46.85,0.15,2.4000000000000004,117,869,712,7,16.900000000000002,51.18,961,234,557,0,616,27.900000000000002,58,5.9
2021,1,4,7,30,35.56,0.15,2.4000000000000004,125,920,873,7,16.3,43.75,960,274,591,0,755,30,55,5.5
2021,1,4,8,30,27.59,0.15,2.5,128,942,963,0,15.9,39.14,959,128,942,0,963,31.5,51,5.1000000000000005
2021,1,4,9,30,26.19,0.15,2.5,119,960,980,7,15.700000000000001,36.74,958,371,437,0,764,32.300000000000004,46,4.800000000000001
2021,1,4,10,30,32.24,0.15,2.6,115,943,913,7,15.600000000000001,36.32,957,282,571,0,765,32.4,42,4.4
2021,1,4,11,30,42.660000000000004,0.15,2.6,109,908,777,7,15.4,37.050000000000004,957,272,494,0,635,31.900000000000002,40,4.1000000000000005
2021,1,4,12,30,55,0.15,2.7,118,788,569,0,15.3,38.92,957,118,788,0,569,30.900000000000002,41,3.5
2021,1,4,13,30,68.2,0.15,2.8000000000000003,96,636,332,7,15.9,45.07,957,158,27,0,167,29,45,2.4000000000000004
2021,1,4,14,30,81.76,0.15,2.8000000000000003,51,311,96,7,18.5,61.03,958,73,14,7,75,26.6,50,1.7000000000000002
2021,1,4,15,30,95.66,0.15,2.8000000000000003,0,0,0,7,18.900000000000002,68.69,959,0,0,0,0,25.1,50,1.7000000000000002
2021,1,4,16,30,109.48,0.15,2.7,0,0,0,8,18.7,70.85000000000001,959,0,0,0,0,24.3,48,1.7000000000000002
2021,1,4,17,30,123.17,0.15,2.6,0,0,0,0,18.5,73.4,960,0,0,0,0,23.5,49,1.7000000000000002
2021,1,4,18,30,136.47,0.15,2.5,0,0,0,3,18.2,75.22,959,0,0,0,0,22.8,58,1.7000000000000002
2021,1,4,19,30,148.74,0.15,2.5,0,0,0,8,17.900000000000002,76.9,959,0,0,0,0,22.1,75,1.9000000000000001
2021,1,4,20,30,158.11,0.15,2.5,0,0,0,7,17.5,77.94,959,0,0,0,0,21.5,92,2.6
2021,1,4,21,30,159.92000000000002,0.15,2.6,0,0,0,7,17.5,81.02,959,0,0,0,0,20.900000000000002,102,3.1
2021,1,4,22,30,152.62,0.15,2.6,0,0,0,7,18.1,87.41,958,0,0,0,0,20.3,105,3.1
2021,1,4,23,30,141.04,0.15,2.5,0,0,0,7,18.8,92.98,959,0,0,0,0,20,100,3
2021,1,5,0,30,128.01,0.15,2.5,0,0,0,7,19.200000000000003,96.45,959,0,0,0,0,19.8,91,3.2
2021,1,5,1,30,114.41,0.15,2.4000000000000004,0,0,0,7,19.400000000000002,98.62,960,0,0,0,0,19.6,81,3.4000000000000004
2021,1,5,2,30,100.61,0.15,2.3000000000000003,0,0,0,3,19.3,98.28,961,0,0,0,0,19.6,72,3.8000000000000003
2021,1,5,3,30,86.58,0.15,2.2,26,95,32,0,19.1,92.89,962,26,95,0,32,20.3,66,4.7
2021,1,5,4,30,73.02,0.15,2.2,81,575,249,0,18.5,78.62,963,81,575,0,249,22.400000000000002,64,5.9
2021,1,5,5,30,59.63,0.15,2.1,104,782,499,0,16.8,59.56,963,104,782,0,499,25.200000000000003,62,6.4
2021,1,5,6,30,46.89,0.15,2.1,113,885,718,0,15.4,46.76,962,113,885,0,718,27.8,61,6.4
2021,1,5,7,30,35.56,0.15,2.1,122,932,880,0,14.8,40.12,961,122,932,0,880,29.8,58,6
2021,1,5,8,30,27.53,0.15,2.1,124,959,974,0,14.4,35.72,960,124,959,0,974,31.400000000000002,53,5.6000000000000005
2021,1,5,9,30,26.07,0.15,2.1,120,970,991,0,14,33.1,959,120,970,0,991,32.300000000000004,48,5.300000000000001
2021,1,5,10,30,32.08,0.15,2.2,113,959,925,0,13.600000000000001,31.57,958,113,959,0,925,32.7,45,4.9
2021,1,5,11,30,42.51,0.15,2.2,103,930,789,1,13.200000000000001,30.93,957,103,930,0,789,32.6,44,4.7
2021,1,5,12,30,54.86,0.15,2.2,91,867,591,7,12.9,31.54,957,199,563,7,523,31.900000000000002,45,4.3
2021,1,5,13,30,68.07000000000001,0.15,2.2,74,738,350,7,12.8,35.31,958,179,63,0,202,29.8,47,3.3000000000000003
2021,1,5,14,30,81.65,0.15,2.3000000000000003,44,417,105,7,14.9,48.57,958,76,28,7,80,26.6,48,2.1
2021,1,5,15,30,95.55,0.15,2.3000000000000003,0,0,0,7,16.3,60.620000000000005,959,0,0,0,0,24.400000000000002,48,1.9000000000000001
2021,1,5,16,30,109.39,0.15,2.3000000000000003,0,0,0,0,15.9,61.690000000000005,960,0,0,0,0,23.700000000000003,48,2.1
2021,1,5,17,30,123.10000000000001,0.15,2.3000000000000003,0,0,0,0,15.8,63.77,961,0,0,0,0,23,48,2.2
2021,1,5,18,30,136.41,0.15,2.2,0,0,0,0,15.700000000000001,66.86,961,0,0,0,0,22.200000000000003,51,2.2
2021,1,5,19,30,148.73,0.15,2.2,0,0,0,7,15.8,70.69,961,0,0,0,0,21.3,56,2.2
2021,1,5,20,30,158.17000000000002,0.15,2.2,0,0,0,7,15.8,73.85000000000001,960,0,0,0,0,20.6,62,2.2
2021,1,5,21,30,160.06,0.15,2.1,0,0,0,7,15.700000000000001,77.01,960,0,0,0,0,19.900000000000002,67,2.3000000000000003
2021,1,5,22,30,152.77,0.15,2.1,0,0,0,7,15.700000000000001,79.16,960,0,0,0,0,19.400000000000002,70,2.7
2021,1,5,23,30,141.19,0.15,2.1,0,0,0,7,15.700000000000001,80.59,960,0,0,0,0,19.1,71,3.2
2021,1,6,0,30,128.13,0.15,2.1,0,0,0,7,15.8,82.81,961,0,0,0,0,18.8,68,3.7
2021,1,6,1,30,114.53,0.15,2.1,0,0,0,7,16.1,86.24,962,0,0,0,0,18.400000000000002,64,3.8000000000000003
2021,1,6,2,30,100.72,0.15,2.1,0,0,0,7,16.3,89.01,962,0,0,0,0,18.1,59,3.8000000000000003
2021,1,6,3,30,86.67,0.15,2,26,56,29,6,16.400000000000002,83.69,963,20,0,7,20,19.200000000000003,55,4.9
2021,1,6,4,30,73.09,0.15,2,96,493,240,6,16,69.88,964,58,1,0,58,21.700000000000003,54,6.300000000000001
2021,1,6,5,30,59.69,0.15,1.9000000000000001,129,709,487,7,15.100000000000001,55.43,963,254,185,0,347,24.6,53,6.7
2021,1,6,6,30,46.92,0.15,1.9000000000000001,146,820,705,7,14.600000000000001,45.730000000000004,963,318,346,0,554,27.3,50,6.4
2021,1,6,7,30,35.56,0.15,1.9000000000000001,156,878,870,6,14.3,39.02,962,397,281,0,626,29.700000000000003,46,6
2021,1,6,8,30,27.46,0.15,1.9000000000000001,159,905,962,0,14.100000000000001,34.96,960,159,905,0,962,31.400000000000002,41,5.6000000000000005
2021,1,6,9,30,25.93,0.15,1.9000000000000001,134,950,989,0,13.8,32.160000000000004,959,134,950,0,989,32.5,38,5.2
2021,1,6,10,30,31.93,0.15,2,128,937,923,0,13.100000000000001,29.830000000000002,958,128,937,0,923,33.1,38,4.800000000000001
2021,1,6,11,30,42.36,0.15,2,119,904,787,7,12.5,28.88,957,296,464,0,639,32.9,41,4.6000000000000005
2021,1,6,12,30,54.730000000000004,0.15,2,109,827,586,0,11.9,29.52,958,109,827,0,586,31.900000000000002,45,4.3
2021,1,6,13,30,67.95,0.15,2,85,702,348,0,11.700000000000001,33.21,958,85,702,0,348,29.6,50,3.3000000000000003
2021,1,6,14,30,81.53,0.15,2,46,402,106,0,13.700000000000001,45.64,959,46,402,0,106,26.400000000000002,54,2.5
2021,1,6,15,30,95.45,0.15,1.9000000000000001,0,0,0,0,14.3,53.06,960,0,0,0,0,24.5,55,2.7
2021,1,6,16,30,109.3,0.15,1.8,0,0,0,0,13.8,54.31,961,0,0,0,0,23.6,54,2.8000000000000003
2021,1,6,17,30,123.02,0.15,1.8,0,0,0,0,13.9,57.13,961,0,0,0,0,22.8,54,2.5
2021,1,6,18,30,136.36,0.15,1.7000000000000002,0,0,0,0,14.100000000000001,60.9,961,0,0,0,0,22,57,2.1
2021,1,6,19,30,148.71,0.15,1.7000000000000002,0,0,0,0,14.200000000000001,64.09,961,0,0,0,0,21.3,67,2
2021,1,6,20,30,158.22,0.15,1.8,0,0,0,0,14.100000000000001,66.05,960,0,0,0,0,20.700000000000003,80,2.2
2021,1,6,21,30,160.20000000000002,0.15,1.8,0,0,0,0,14.200000000000001,69.11,960,0,0,0,0,20,90,2.7
2021,1,6,22,30,152.93,0.15,1.9000000000000001,0,0,0,0,14.9,76.60000000000001,960,0,0,0,0,19.1,92,3
2021,1,6,23,30,141.33,0.15,1.9000000000000001,0,0,0,0,16,86.66,960,0,0,0,0,18.3,86,3
2021,1,7,0,30,128.26,0.15,1.9000000000000001,0,0,0,0,16.8,93.41,960,0,0,0,0,17.900000000000002,76,3
2021,1,7,1,30,114.65,0.15,1.9000000000000001,0,0,0,0,17.1,96.9,961,0,0,0,0,17.6,65,3.2
2021,1,7,2,30,100.82000000000001,0.15,1.9000000000000001,0,0,0,0,17.1,96.29,962,0,0,0,0,17.7,57,3.5
2021,1,7,3,30,86.75,0.15,1.9000000000000001,25,98,31,0,17.1,88.83,962,25,98,0,31,19,53,4.800000000000001
2021,1,7,4,30,73.17,0.15,1.9000000000000001,81,583,250,0,17.2,76.14,963,81,583,0,250,21.6,53,6.300000000000001
2021,1,7,5,30,59.75,0.15,1.9000000000000001,102,791,501,0,16.7,61.95,962,102,791,0,501,24.5,53,6.7
2021,1,7,6,30,46.95,0.15,1.9000000000000001,118,879,718,0,16.1,50.72,961,118,879,0,718,27.200000000000003,51,6.4
2021,1,7,7,30,35.550000000000004,0.15,1.9000000000000001,121,940,886,1,15.4,42.2,960,121,940,0,886,29.6,49,5.9
2021,1,7,8,30,27.38,0.15,1.9000000000000001,121,969,982,7,14.600000000000001,36.2,959,306,592,0,832,31.400000000000002,46,5.300000000000001
2021,1,7,9,30,25.79,0.15,1.8,128,966,998,0,13.8,31.96,958,128,966,0,998,32.6,43,4.800000000000001
2021,1,7,10,30,31.77,0.15,1.8,122,956,935,7,12.700000000000001,28.92,956,316,552,0,786,33.2,42,4.3
2021,1,7,11,30,42.21,0.15,1.8,113,924,797,0,11.8,27.34,956,113,924,0,797,33.1,42,3.9000000000000004
2021,1,7,12,30,54.59,0.15,1.8,100,859,597,0,11,27.04,956,100,859,0,597,32.4,44,3.5
2021,1,7,13,30,67.82000000000001,0.15,1.8,81,730,356,0,10.600000000000001,29.95,956,81,730,0,356,30.1,47,2.4000000000000004
2021,1,7,14,30,81.42,0.15,1.8,46,418,109,0,14.8,48.79,957,46,418,0,109,26.400000000000002,51,1.4000000000000001
2021,1,7,15,30,95.35000000000001,0.15,1.8,0,0,0,3,15.5,58.97,958,0,0,0,0,24,51,1.4000000000000001
2021,1,7,16,30,109.21000000000001,0.15,1.7000000000000002,0,0,0,3,14.700000000000001,59.61,958,0,0,0,0,23,50,1.6
2021,1,7,17,30,122.95,0.15,1.7000000000000002,0,0,0,0,14.200000000000001,60.75,958,0,0,0,0,22.1,51,1.7000000000000002
2021,1,7,18,30,136.31,0.15,1.7000000000000002,0,0,0,0,13.8,62.39,958,0,0,0,0,21.3,55,1.8
2021,1,7,19,30,148.70000000000002,0.15,1.7000000000000002,0,0,0,0,13.600000000000001,64.75,958,0,0,0,0,20.5,65,1.9000000000000001
2021,1,7,20,30,158.29,0.15,1.7000000000000002,0,0,0,0,13.600000000000001,67.96000000000001,958,0,0,0,0,19.700000000000003,76,2.1
2021,1,7,21,30,160.35,0.15,1.7000000000000002,0,0,0,0,14,73.32000000000001,958,0,0,0,0,18.900000000000002,83,2.3000000000000003
2021,1,7,22,30,153.09,0.15,1.7000000000000002,0,0,0,0,14.9,80.55,958,0,0,0,0,18.3,86,2.5
2021,1,7,23,30,141.47,0.15,1.7000000000000002,0,0,0,0,15.9,88.51,958,0,0,0,0,17.8,85,2.7
2021,1,8,0,30,128.39000000000001,0.15,1.7000000000000002,0,0,0,0,16.8,95.53,959,0,0,0,0,17.5,81,3
2021,1,8,1,30,114.76,0.15,1.8,0,0,0,0,17.3,99.5,959,0,0,0,0,17.400000000000002,74,3.4000000000000004
2021,1,8,2,30,100.92,0.15,1.8,0,0,0,0,17.5,99.03,960,0,0,0,0,17.7,66,4
2021,1,8,3,30,86.84,0.15,1.8,25,68,28,0,17.6,91.17,961,25,68,0,28,19.1,59,4.800000000000001
2021,1,8,4,30,73.24,0.15,1.8,86,557,246,0,17.5,76.81,961,86,557,0,246,21.700000000000003,56,5.800000000000001
2021,1,8,5,30,59.800000000000004,0.15,1.8,105,782,499,0,16.6,60.96,961,105,782,0,499,24.6,54,6.1000000000000005
2021,1,8,6,30,46.980000000000004,0.15,1.8,115,889,721,0,15.600000000000001,48.95,961,115,889,0,721,27.3,53,5.800000000000001
2021,1,8,7,30,35.53,0.15,1.7000000000000002,121,945,890,0,14.8,40.22,960,121,945,1,890,29.700000000000003,50,5.300000000000001
2021,1,8,8,30,27.3,0.15,1.7000000000000002,124,969,986,0,13.700000000000001,34.17,958,124,969,0,986,31.400000000000002,46,4.9
2021,1,8,9,30,25.64,0.15,1.7000000000000002,124,975,1003,0,12.5,29.45,957,124,975,0,1003,32.6,42,4.4
2021,1,8,10,30,31.6,0.15,1.6,123,961,941,0,11.100000000000001,26.17,956,123,961,0,941,33.1,39,4.1000000000000005
2021,1,8,11,30,42.050000000000004,0.15,1.6,118,921,802,0,10,24.23,955,118,921,0,802,33.1,39,3.8000000000000003
2021,1,8,12,30,54.45,0.15,1.6,108,845,599,0,9.1,23.900000000000002,955,108,845,0,599,32.300000000000004,39,3.6
2021,1,8,13,30,67.69,0.15,1.6,90,700,355,0,8.6,26.51,956,90,700,0,355,29.900000000000002,40,2.6
2021,1,8,14,30,81.31,0.15,1.6,52,365,108,0,12.4,42.52,956,52,365,0,108,26.1,41,1.7000000000000002
2021,1,8,15,30,95.25,0.15,1.5,0,0,0,0,13.200000000000001,51.94,957,0,0,0,0,23.6,41,1.8
2021,1,8,16,30,109.12,0.15,1.5,0,0,0,0,12.3,51.77,958,0,0,0,0,22.700000000000003,38,2
2021,1,8,17,30,122.88,0.15,1.5,0,0,0,0,11.700000000000001,52.69,958,0,0,0,0,21.8,37,2.1
2021,1,8,18,30,136.27,0.15,1.4000000000000001,0,0,0,0,11.4,54.15,959,0,0,0,0,21,37,2.1
2021,1,8,19,30,148.70000000000002,0.15,1.3,0,0,0,0,11.100000000000001,55.74,958,0,0,0,0,20.200000000000003,39,2
2021,1,8,20,30,158.36,0.15,1.3,0,0,0,0,10.8,57.410000000000004,958,0,0,0,0,19.400000000000002,43,1.9000000000000001
2021,1,8,21,30,160.51,0.15,1.2000000000000002,0,0,0,0,10.5,59.21,958,0,0,0,0,18.6,48,1.9000000000000001
2021,1,8,22,30,153.26,0.15,1.2000000000000002,0,0,0,0,10.200000000000001,61.1,957,0,0,0,0,17.8,54,2.1
2021,1,8,23,30,141.62,0.15,1.2000000000000002,0,0,0,0,9.9,62.15,958,0,0,0,0,17.2,59,2.6
2021,1,9,0,30,128.52,0.15,1.3,0,0,0,0,9.600000000000001,63.06,958,0,0,0,0,16.7,59,3.6
2021,1,9,1,30,114.87,0.15,1.4000000000000001,0,0,0,0,10,66.23,959,0,0,0,0,16.3,56,4.2
2021,1,9,2,30,101.02,0.15,1.4000000000000001,0,0,0,0,11.200000000000001,72.16,960,0,0,0,0,16.2,53,4.4
2021,1,9,3,30,86.92,0.15,1.5,24,114,30,0,12.700000000000001,71.97,960,24,114,0,30,17.8,52,5.2
2021,1,9,4,30,73.31,0.15,1.6,77,607,251,0,13.9,63.34,961,77,607,0,251,21.1,54,6.6000000000000005
2021,1,9,5,30,59.85,0.15,1.7000000000000002,101,797,501,0,13.8,51.21,961,101,797,0,501,24.5,56,7.2
2021,1,9,6,30,47,0.15,1.7000000000000002,116,890,723,0,13,41.06,960,116,890,0,723,27.400000000000002,55,6.800000000000001
2021,1,9,7,30,35.51,0.15,1.8,125,936,887,0,12.100000000000001,33.49,959,125,936,0,887,29.900000000000002,51,6.2
2021,1,9,8,30,27.21,0.15,1.8,131,956,982,0,11.200000000000001,28.46,958,131,956,0,982,31.700000000000003,46,5.6000000000000005
2021,1,9,9,30,25.48,0.15,1.9000000000000001,128,963,997,0,10.4,25.01,957,128,963,0,997,33,42,5.2
2021,1,9,10,30,31.43,0.15,1.9000000000000001,128,943,933,0,9.600000000000001,23.150000000000002,956,128,943,0,933,33.5,38,4.800000000000001
2021,1,9,11,30,41.89,0.15,1.9000000000000001,124,900,794,0,9.1,22.35,956,124,900,0,794,33.5,37,4.6000000000000005
2021,1,9,12,30,54.300000000000004,0.15,1.9000000000000001,112,825,594,0,8.8,22.86,956,112,825,0,594,32.7,36,4.4
2021,1,9,13,30,67.57000000000001,0.15,1.9000000000000001,93,679,352,0,8.700000000000001,25.92,956,93,679,0,352,30.400000000000002,37,3.4000000000000004
2021,1,9,14,30,81.19,0.15,1.9000000000000001,54,348,107,0,10.9,36.89,956,54,348,0,107,26.8,37,2.3000000000000003
2021,1,9,15,30,95.15,0.15,1.9000000000000001,0,0,0,0,12.100000000000001,46.26,957,0,0,0,0,24.400000000000002,36,2.3000000000000003
2021,1,9,16,30,109.04,0.15,1.9000000000000001,0,0,0,0,11.700000000000001,47.12,958,0,0,0,0,23.6,34,2.6
2021,1,9,17,30,122.81,0.15,2,0,0,0,0,11.5,48.93,958,0,0,0,0,22.8,34,2.7
2021,1,9,18,30,136.23,0.15,2,0,0,0,0,11.5,51.74,958,0,0,0,0,21.900000000000002,37,2.5
2021,1,9,19,30,148.70000000000002,0.15,2.1,0,0,0,0,11.600000000000001,54.86,958,0,0,0,0,21,42,2.4000000000000004
2021,1,9,20,30,158.44,0.15,2.2,0,0,0,0,11.600000000000001,57.24,958,0,0,0,0,20.3,52,2.4000000000000004
2021,1,9,21,30,160.67000000000002,0.15,2.2,0,0,0,0,11.4,58.72,957,0,0,0,0,19.700000000000003,62,2.9000000000000004
2021,1,9,22,30,153.42000000000002,0.15,2.3000000000000003,0,0,0,0,11.200000000000001,59.660000000000004,957,0,0,0,0,19.200000000000003,69,3.5
2021,1,9,23,30,141.77,0.15,2.3000000000000003,0,0,0,0,11.4,62.64,958,0,0,0,0,18.7,69,3.8000000000000003
2021,1,10,0,30,128.65,0.15,2.4000000000000004,0,0,0,0,12.600000000000001,70.09,958,0,0,0,0,18.1,66,3.7
2021,1,10,1,30,114.99000000000001,0.15,2.3000000000000003,0,0,0,0,14.200000000000001,79.41,959,0,0,0,0,17.8,62,3.9000000000000004
2021,1,10,2,30,101.12,0.15,2.3000000000000003,0,0,0,0,15.4,86.32000000000001,959,0,0,0,0,17.7,60,4.4
2021,1,10,3,30,87,0.15,2.3000000000000003,23,97,28,0,16,82.15,960,23,97,0,28,19.1,59,5.800000000000001
2021,1,10,4,30,73.38,0.15,2.3000000000000003,78,577,243,0,15.8,68.46000000000001,960,78,577,0,243,21.900000000000002,59,7.4
2021,1,10,5,30,59.9,0.15,2.3000000000000003,103,772,490,0,14.9,53.46,960,103,772,0,490,25,59,7.800000000000001
2021,1,10,6,30,47.02,0.15,2.3000000000000003,119,866,709,0,14,42.63,960,119,866,0,709,27.900000000000002,58,7.4
2021,1,10,7,30,35.480000000000004,0.15,2.4000000000000004,128,914,872,0,13.200000000000001,35.22,959,128,914,0,872,30.3,56,6.800000000000001
2021,1,10,8,30,27.11,0.15,2.5,134,932,964,0,12.700000000000001,30.7,958,134,932,0,964,32.1,53,6.300000000000001
2021,1,10,9,30,25.32,0.15,2.6,136,933,979,0,12.4,28.05,957,136,933,0,979,33.300000000000004,50,5.800000000000001
2021,1,10,10,30,31.25,0.15,2.6,136,913,916,0,12,26.650000000000002,956,136,913,0,916,33.800000000000004,48,5.4
2021,1,10,11,30,41.730000000000004,0.15,2.7,130,868,778,0,11.700000000000001,26.41,956,130,868,0,778,33.6,48,5.2
2021,1,10,12,30,54.160000000000004,0.15,2.7,118,792,581,0,11.4,27.18,956,118,792,0,581,32.800000000000004,48,4.9
2021,1,10,13,30,67.44,0.15,2.7,96,648,345,0,11.3,29.82,956,96,648,0,345,31,48,4
2021,1,10,14,30,81.08,0.15,2.7,55,325,105,0,12.3,38.17,956,55,325,0,105,27.8,48,2.6
2021,1,10,15,30,95.05,0.15,2.7,0,0,0,0,13.600000000000001,48.06,957,0,0,0,0,25.400000000000002,48,2.2
2021,1,10,16,30,108.96000000000001,0.15,2.6,0,0,0,0,13.4,50.1,958,0,0,0,0,24.5,48,2.3000000000000003
2021,1,10,17,30,122.75,0.15,2.6,0,0,0,0,13.3,52.28,959,0,0,0,0,23.6,52,2.4000000000000004
2021,1,10,18,30,136.19,0.15,2.6,0,0,0,0,13.100000000000001,54.58,959,0,0,0,0,22.700000000000003,60,2.6
2021,1,10,19,30,148.70000000000002,0.15,2.6,0,0,0,0,12.9,56.980000000000004,959,0,0,0,0,21.8,71,2.7
2021,1,10,20,30,158.52,0.15,2.6,0,0,0,0,13,60.79,959,0,0,0,0,20.8,81,2.7
2021,1,10,21,30,160.84,0.15,2.7,0,0,0,0,13.5,66.32000000000001,959,0,0,0,0,20,87,2.6
2021,1,10,22,30,153.6,0.15,2.8000000000000003,0,0,0,0,14.5,73.44,959,0,0,0,0,19.400000000000002,85,2.7
2021,1,10,23,30,141.92000000000002,0.15,2.8000000000000003,0,0,0,0,15.600000000000001,80.87,959,0,0,0,0,19,81,2.9000000000000004
2021,1,11,0,30,128.78,0.15,2.9000000000000004,0,0,0,0,16.5,87.87,959,0,0,0,0,18.5,76,3.2
2021,1,11,1,30,115.10000000000001,0.15,2.9000000000000004,0,0,0,0,16.8,92.29,959,0,0,0,0,18.1,72,3.5
2021,1,11,2,30,101.21000000000001,0.15,2.9000000000000004,0,0,0,0,16.900000000000002,93.36,960,0,0,0,0,18,68,3.9000000000000004
2021,1,11,3,30,87.08,0.15,3,22,34,24,0,16.900000000000002,86.54,961,22,34,0,24,19.200000000000003,65,5.300000000000001
2021,1,11,4,30,73.44,0.15,3,96,456,226,0,16.7,72.28,961,96,456,0,226,21.900000000000002,65,7
2021,1,11,5,30,59.94,0.15,3.1,130,673,467,0,15.9,57.54,962,130,673,0,467,24.900000000000002,64,7.4
2021,1,11,6,30,47.03,0.15,3.1,149,784,683,0,15.200000000000001,46.52,961,149,784,0,683,27.700000000000003,63,7.2
2021,1,11,7,30,35.45,0.15,3.2,159,842,845,0,14.600000000000001,38.63,960,159,842,0,845,30.200000000000003,60,6.800000000000001
2021,1,11,8,30,27.01,0.15,3.2,164,870,939,0,14.100000000000001,33.85,959,164,870,0,939,32,56,6.300000000000001
2021,1,11,9,30,25.150000000000002,0.15,3.2,146,904,965,0,13.8,30.88,958,146,904,0,965,33.300000000000004,53,5.9
2021,1,11,10,30,31.080000000000002,0.15,3.3000000000000003,141,890,903,0,13.5,29.32,956,141,890,0,903,33.9,50,5.4
2021,1,11,11,30,41.57,0.15,3.3000000000000003,128,860,772,0,13.3,28.97,956,128,860,0,772,33.800000000000004,49,5
2021,1,11,12,30,54.02,0.15,3.3000000000000003,113,794,579,0,13.100000000000001,29.69,956,113,794,0,579,33.1,48,4.7
2021,1,11,13,30,67.32000000000001,0.15,3.3000000000000003,88,671,347,0,12.9,32.34,956,88,671,0,347,31.400000000000002,47,3.7
2021,1,11,14,30,80.98,0.15,3.3000000000000003,49,380,109,0,13.700000000000001,40.7,957,49,380,0,109,28.3,46,2.4000000000000004
2021,1,11,15,30,94.95,0.15,3.2,0,0,0,0,14.9,50.35,958,0,0,0,0,26,45,1.9000000000000001
2021,1,11,16,30,108.88,0.15,3.2,0,0,0,0,14.5,51.84,958,0,0,0,0,25.1,45,2.2
2021,1,11,17,30,122.69,0.15,3.2,0,0,0,0,14.200000000000001,53.01,959,0,0,0,0,24.400000000000002,50,2.5
2021,1,11,18,30,136.15,0.15,3.2,0,0,0,0,13.9,54.65,959,0,0,0,0,23.6,59,2.8000000000000003
2021,1,11,19,30,148.71,0.15,3.2,0,0,0,0,13.700000000000001,57.01,959,0,0,0,0,22.700000000000003,71,3
2021,1,11,20,30,158.61,0.15,3.2,0,0,0,0,13.8,60.39,959,0,0,0,0,21.8,82,3.1
2021,1,11,21,30,161.01,0.15,3.3000000000000003,0,0,0,0,14.3,66.16,959,0,0,0,0,20.900000000000002,86,3.1
2021,1,11,22,30,153.77,0.15,3.3000000000000003,0,0,0,0,15.200000000000001,73.61,959,0,0,0,0,20.1,84,3.2
2021,1,11,23,30,142.07,0.15,3.3000000000000003,0,0,0,0,16.1,80.28,959,0,0,0,0,19.6,80,3.3000000000000003
2021,1,12,0,30,128.9,0.15,3.3000000000000003,0,0,0,0,16.7,86.21000000000001,960,0,0,0,0,19.1,76,3.6
2021,1,12,1,30,115.21000000000001,0.15,3.2,0,0,0,3,17.1,90.74,960,0,0,0,0,18.6,71,3.8000000000000003
2021,1,12,2,30,101.31,0.15,3.2,0,0,0,1,17.2,91.86,961,0,0,0,0,18.5,67,4.2
2021,1,12,3,30,87.15,0.15,3.2,21,34,22,0,17.2,85.92,962,21,34,0,22,19.6,64,5.7
2021,1,12,4,30,73.5,0.15,3.2,93,470,226,0,17.1,73.66,963,93,470,0,226,22,63,7.4
2021,1,12,5,30,59.980000000000004,0.15,3.2,120,698,469,0,16.2,58.980000000000004,963,120,698,0,469,24.8,61,7.7
2021,1,12,6,30,47.04,0.15,3.2,126,827,689,0,15.4,47.51,962,126,827,0,689,27.5,57,7.4
2021,1,12,7,30,35.410000000000004,0.15,3.1,131,891,857,0,14.600000000000001,39.38,961,131,891,0,857,29.900000000000002,53,6.9
2021,1,12,8,30,26.900000000000002,0.15,3.1,132,922,954,0,14,33.92,960,132,922,0,954,31.8,50,6.5
2021,1,12,9,30,24.97,0.15,3.1,130,930,973,0,13.5,30.5,958,130,930,0,973,33.1,48,6.1000000000000005
2021,1,12,10,30,30.89,0.15,3.1,127,916,913,0,13,28.5,957,127,916,0,913,33.800000000000004,47,5.800000000000001
2021,1,12,11,30,41.410000000000004,0.15,3,119,882,781,0,12.600000000000001,27.82,956,119,882,0,781,33.7,47,5.4
2021,1,12,12,30,53.88,0.15,3,104,821,588,0,12.100000000000001,28.12,956,104,821,0,588,33,48,5.1000000000000005
2021,1,12,13,30,67.19,0.15,3,82,700,353,0,11.8,30.3,957,82,700,0,353,31.3,48,4.1000000000000005
2021,1,12,14,30,80.87,0.15,2.9000000000000004,48,411,113,0,12.3,37.410000000000004,958,48,411,0,113,28.200000000000003,49,2.6
2021,1,12,15,30,94.86,0.15,2.9000000000000004,0,0,0,0,13.4,46.18,959,0,0,0,0,25.8,50,2.1
2021,1,12,16,30,108.8,0.15,2.8000000000000003,0,0,0,0,13,47.480000000000004,960,0,0,0,0,24.900000000000002,51,2.3000000000000003
2021,1,12,17,30,122.63,0.15,2.7,0,0,0,0,12.600000000000001,48.84,960,0,0,1,0,24,55,2.5
2021,1,12,18,30,136.12,0.15,2.7,0,0,0,0,12.200000000000001,50.02,960,0,0,0,0,23.200000000000003,63,2.8000000000000003
2021,1,12,19,30,148.73,0.15,2.7,0,0,0,0,11.9,51.54,960,0,0,0,0,22.400000000000002,73,3.1
2021,1,12,20,30,158.70000000000002,0.15,2.7,0,0,0,0,12.100000000000001,55.24,960,0,0,0,0,21.5,82,3.2
2021,1,12,21,30,161.20000000000002,0.15,2.8000000000000003,0,0,0,3,13.200000000000001,62.42,960,0,0,0,0,20.6,86,3.1
2021,1,12,22,30,153.95000000000002,0.15,2.9000000000000004,0,0,0,3,14.8,72.68,960,0,0,0,0,19.8,82,3.2
2021,1,12,23,30,142.22,0.15,2.9000000000000004,0,0,0,3,16.2,82.52,960,0,0,0,0,19.3,75,3.8000000000000003
2021,1,13,0,30,129.03,0.15,2.9000000000000004,0,0,0,0,17.3,89.8,961,0,0,0,0,19,67,4.3
2021,1,13,1,30,115.32000000000001,0.15,2.9000000000000004,0,0,0,0,17.6,94.14,961,0,0,0,0,18.6,62,4.5
2021,1,13,2,30,101.4,0.15,2.9000000000000004,0,0,0,0,17.6,94.32000000000001,962,0,0,0,0,18.5,58,4.800000000000001
2021,1,13,3,30,87.22,0.15,2.9000000000000004,20,48,23,0,17.400000000000002,87.58,963,20,48,0,23,19.5,56,5.9
2021,1,13,4,30,73.56,0.15,2.9000000000000004,85,514,230,0,16.900000000000002,72.91,963,85,514,0,230,22,56,7.1000000000000005
2021,1,13,5,30,60.01,0.15,2.8000000000000003,110,733,476,0,15.8,56.480000000000004,963,110,733,1,476,25.1,56,7.4
2021,1,13,6,30,47.04,0.15,2.8000000000000003,125,836,695,0,14.5,43.67,962,125,836,0,695,28,54,7.1000000000000005
2021,1,13,7,30,35.36,0.15,2.8000000000000003,137,887,860,0,13.200000000000001,34.82,961,137,887,0,860,30.5,52,6.7
2021,1,13,8,30,26.78,0.15,2.8000000000000003,144,907,954,0,12.4,29.57,960,144,907,0,954,32.4,50,6.300000000000001
2021,1,13,9,30,24.79,0.15,2.8000000000000003,130,936,980,0,11.700000000000001,26.35,959,130,936,0,980,33.7,48,6.1000000000000005
2021,1,13,10,30,30.71,0.15,2.8000000000000003,126,923,920,0,11.100000000000001,24.34,957,126,923,1,920,34.4,47,5.800000000000001
2021,1,13,11,30,41.24,0.15,2.8000000000000003,116,894,788,0,10.600000000000001,23.580000000000002,957,116,894,0,788,34.300000000000004,47,5.5
2021,1,13,12,30,53.74,0.15,2.8000000000000003,106,822,592,0,10,23.650000000000002,956,106,822,0,592,33.6,47,5.2
2021,1,13,13,30,67.07000000000001,0.15,2.7,83,704,358,0,9.600000000000001,25.46,957,83,704,0,358,31.8,47,4.2
2021,1,13,14,30,80.76,0.15,2.6,49,416,115,0,10.200000000000001,32.17,957,49,416,0,115,28.400000000000002,48,2.7
2021,1,13,15,30,94.77,0.15,2.6,0,0,0,0,11.3,40.21,958,0,0,0,0,25.8,49,2.1
2021,1,13,16,30,108.73,0.15,2.5,0,0,0,0,10.9,41.81,959,0,0,0,0,24.700000000000003,52,2.2
2021,1,13,17,30,122.58,0.15,2.4000000000000004,0,0,0,0,10.5,42.96,959,0,0,0,0,23.8,59,2.3000000000000003
2021,1,13,18,30,136.1,0.15,2.4000000000000004,0,0,0,0,10,44.12,959,0,0,0,0,22.900000000000002,68,2.6
2021,1,13,19,30,148.75,0.15,2.4000000000000004,0,0,0,0,9.8,45.87,959,0,0,0,0,22,77,2.9000000000000004
2021,1,13,20,30,158.81,0.15,2.5,0,0,0,0,10.4,50.19,959,0,0,0,0,21.200000000000003,84,2.9000000000000004
2021,1,13,21,30,161.38,0.15,2.6,0,0,0,0,12.200000000000001,59.370000000000005,959,0,0,0,0,20.400000000000002,87,2.8000000000000003
2021,1,13,22,30,154.13,0.15,2.6,0,0,0,0,14.700000000000001,71.81,959,0,0,0,0,19.900000000000002,84,2.9000000000000004
2021,1,13,23,30,142.37,0.15,2.6,0,0,0,0,16.8,84.21000000000001,959,0,0,0,0,19.5,78,3.2
2021,1,14,0,30,129.16,0.15,2.6,0,0,0,0,18,93.31,959,0,0,0,0,19.1,72,3.4000000000000004
2021,1,14,1,30,115.42,0.15,2.6,0,0,0,0,18.5,98.29,960,0,0,0,0,18.8,66,3.5
2021,1,14,2,30,101.49000000000001,0.15,2.6,0,0,0,0,18.5,99.02,961,0,0,0,0,18.7,62,3.8000000000000003
2021,1,14,3,30,87.29,0.15,2.7,20,59,23,0,18.400000000000002,90.82000000000001,962,20,59,0,23,19.900000000000002,59,4.9
2021,1,14,4,30,73.61,0.15,2.7,79,544,233,0,18.1,75.67,962,79,544,0,233,22.6,60,6.300000000000001
2021,1,14,5,30,60.050000000000004,0.15,2.8000000000000003,102,754,479,0,16.900000000000002,57.99,962,102,754,0,479,25.8,60,6.800000000000001
2021,1,14,6,30,47.04,0.15,2.8000000000000003,113,861,700,0,15.200000000000001,43.85,961,113,861,0,700,28.700000000000003,59,6.7
2021,1,14,7,30,35.31,0.15,2.9000000000000004,123,908,864,0,13.600000000000001,34.230000000000004,960,123,908,0,864,31.200000000000003,57,6.4
2021,1,14,8,30,26.66,0.15,2.9000000000000004,127,933,961,0,12.5,28.64,959,127,933,0,961,33.1,55,6
2021,1,14,9,30,24.6,0.15,2.9000000000000004,127,939,981,0,11.9,25.68,958,127,939,0,981,34.300000000000004,52,5.5
2021,1,14,10,30,30.51,0.15,2.9000000000000004,123,928,922,0,11.3,23.95,956,123,928,0,922,34.9,49,5.1000000000000005
2021,1,14,11,30,41.08,0.15,2.8000000000000003,115,897,791,0,10.8,23.34,956,115,897,0,791,34.800000000000004,47,4.800000000000001
2021,1,14,12,30,53.59,0.15,2.8000000000000003,103,830,596,0,10.4,23.77,956,103,830,0,596,34,48,4.5
2021,1,14,13,30,66.94,0.15,2.7,85,698,359,0,10.200000000000001,26,956,85,698,0,359,32.1,50,3.6
2021,1,14,14,30,80.66,0.15,2.7,51,389,114,0,11.3,33.72,957,51,389,0,114,28.8,53,2.3000000000000003
2021,1,14,15,30,94.68,0.15,2.7,0,0,0,0,12.5,42.25,957,0,0,0,0,26.3,55,1.9000000000000001
2021,1,14,16,30,108.65,0.15,2.7,0,0,0,0,12.4,44.54,958,0,0,0,0,25.3,59,1.9000000000000001
2021,1,14,17,30,122.53,0.15,2.7,0,0,0,0,12.4,46.96,958,0,0,0,0,24.5,70,2.1
2021,1,14,18,30,136.08,0.15,2.8000000000000003,0,0,0,0,12.8,50.59,958,0,0,0,0,23.700000000000003,88,2.5
2021,1,14,19,30,148.77,0.15,3,0,0,0,0,14.200000000000001,57.47,958,0,0,0,0,23,103,3.2
2021,1,14,20,30,158.91,0.15,3.2,0,0,0,0,16.400000000000002,70.08,958,0,0,0,0,22.1,111,3.4000000000000004
2021,1,14,21,30,161.58,0.15,3.3000000000000003,0,0,0,0,18.400000000000002,83.81,958,0,0,0,0,21.3,111,3.1
2021,1,14,22,30,154.31,0.15,3.4000000000000004,0,0,0,0,19.700000000000003,93.62,958,0,0,0,0,20.8,108,3
2021,1,14,23,30,142.52,0.15,3.4000000000000004,0,0,0,0,20.200000000000003,97.77,958,0,0,0,0,20.6,103,3.2
2021,1,15,0,30,129.28,0.15,3.3000000000000003,0,0,0,0,20.3,98.7,959,0,0,0,0,20.5,96,3.4000000000000004
2021,1,15,1,30,115.53,0.15,3.3000000000000003,0,0,0,0,20.200000000000003,98.88,959,0,0,0,0,20.400000000000002,88,3.5
2021,1,15,2,30,101.58,0.15,3.3000000000000003,0,0,0,0,20.1,98.46000000000001,960,0,0,0,0,20.400000000000002,80,3.8000000000000003
2021,1,15,3,30,87.36,0.15,3.2,20,46,22,0,20.1,92.48,961,20,46,0,22,21.400000000000002,74,4.6000000000000005
2021,1,15,4,30,73.66,0.15,3.2,82,523,229,0,19.8,79.49,961,82,523,0,229,23.6,70,5.7
2021,1,15,5,30,60.07,0.15,3.1,102,751,477,0,18.900000000000002,63.1,961,102,751,0,477,26.5,67,6.1000000000000005
2021,1,15,6,30,47.04,0.15,3.1,111,862,698,0,17.8,49.74,961,111,862,0,698,29.400000000000002,64,6.1000000000000005
2021,1,15,7,30,35.26,0.15,3.2,116,917,864,0,16.900000000000002,41.22,960,116,917,0,864,31.700000000000003,61,5.800000000000001
2021,1,15,8,30,26.53,0.15,3.2,119,941,962,0,16.3,35.99,958,119,941,0,962,33.4,57,5.5
2021,1,15,9,30,24.41,0.15,3.2,118,949,982,0,15.8,32.74,957,118,949,0,982,34.5,54,5
2021,1,15,10,30,30.32,0.15,3.3000000000000003,116,933,922,0,15.3,30.87,956,116,933,0,922,35,51,4.6000000000000005
2021,1,15,11,30,40.910000000000004,0.15,3.3000000000000003,112,897,789,0,14.9,30.400000000000002,955,112,897,0,789,34.800000000000004,50,4.2
2021,1,15,12,30,53.45,0.15,3.3000000000000003,102,825,594,0,14.600000000000001,31.150000000000002,955,102,825,0,594,34,49,3.9000000000000004
2021,1,15,13,30,66.82000000000001,0.15,3.3000000000000003,82,702,359,0,14.3,33.77,955,82,702,0,359,32.300000000000004,48,3
2021,1,15,14,30,80.55,0.15,3.3000000000000003,49,415,117,0,15.5,42.09,956,49,415,0,117,29.700000000000003,48,1.9000000000000001
2021,1,15,15,30,94.59,0.15,3.2,0,0,0,0,16.900000000000002,51.32,957,0,0,0,0,27.900000000000002,48,1.7000000000000002
2021,1,15,16,30,108.59,0.15,3.1,0,0,0,1,16.7,53.14,958,0,0,1,0,27,48,1.9000000000000001
2021,1,15,17,30,122.48,0.15,3,0,0,0,0,16.400000000000002,55.31,958,0,0,0,0,26.1,52,2
2021,1,15,18,30,136.06,0.15,3,0,0,0,0,16.400000000000002,59,958,0,0,0,0,25,63,2.1
2021,1,15,19,30,148.8,0.15,2.9000000000000004,0,0,0,0,16.6,63.26,958,0,0,0,0,24,82,2.4000000000000004
2021,1,15,20,30,159.02,0.15,2.9000000000000004,0,0,0,0,17.1,68.56,958,0,0,0,0,23.200000000000003,97,3
2021,1,15,21,30,161.78,0.15,2.9000000000000004,0,0,0,0,18.1,76.81,958,0,0,0,0,22.400000000000002,103,3.4000000000000004
2021,1,15,22,30,154.5,0.15,2.9000000000000004,0,0,0,0,19.3,86.9,957,0,0,0,0,21.6,101,3.4000000000000004
2021,1,15,23,30,142.67000000000002,0.15,2.8000000000000003,0,0,0,0,20.200000000000003,94.22,958,0,0,0,0,21.200000000000003,95,3.3000000000000003
2021,1,16,0,30,129.41,0.15,2.7,0,0,0,0,20.6,98.45,958,0,0,0,0,20.900000000000002,89,3.2
2021,1,16,1,30,115.63,0.15,2.6,0,0,0,0,20.700000000000003,100,959,0,0,0,0,20.700000000000003,84,3.1
2021,1,16,2,30,101.66,0.15,2.5,0,0,0,0,20.6,99.49000000000001,959,0,0,0,0,20.700000000000003,80,3.3000000000000003
2021,1,16,3,30,87.42,0.15,2.4000000000000004,20,64,23,0,20.5,92.48,960,20,64,0,23,21.8,76,4
2021,1,16,4,30,73.71000000000001,0.15,2.4000000000000004,78,562,236,3,20.1,77.60000000000001,960,81,0,0,82,24.3,74,4.7
2021,1,16,5,30,60.1,0.15,2.3000000000000003,99,781,488,0,19.200000000000003,60.410000000000004,960,99,781,0,488,27.5,72,5
2021,1,16,6,30,47.03,0.15,2.3000000000000003,113,878,711,0,17.400000000000002,45.54,960,113,878,0,711,30.5,68,5.1000000000000005
2021,1,16,7,30,35.2,0.15,2.3000000000000003,120,931,880,0,15.5,35.67,959,120,931,0,880,32.7,62,5
2021,1,16,8,30,26.400000000000002,0.15,2.4000000000000004,123,954,978,0,14.3,30.26,957,123,954,0,978,34.2,56,4.7
2021,1,16,9,30,24.21,0.15,2.4000000000000004,124,958,998,0,13.4,27.35,956,124,958,0,998,35,52,4.5
2021,1,16,10,30,30.12,0.15,2.4000000000000004,122,945,939,0,12.700000000000001,25.46,955,122,945,0,939,35.4,50,4.1000000000000005
2021,1,16,11,30,40.74,0.15,2.4000000000000004,115,910,805,0,12,24.69,954,115,910,0,805,35.2,50,3.9000000000000004
2021,1,16,12,30,53.31,0.15,2.4000000000000004,104,842,608,0,11.5,24.94,954,104,842,0,608,34.4,51,3.6
2021,1,16,13,30,66.7,0.15,2.4000000000000004,87,710,368,0,11.200000000000001,27.11,955,87,710,0,368,32.5,52,2.9000000000000004
2021,1,16,14,30,80.45,0.15,2.4000000000000004,53,410,121,0,12.8,36.07,955,53,410,0,121,29.400000000000002,53,1.9000000000000001
2021,1,16,15,30,94.51,0.15,2.4000000000000004,0,0,0,0,14.200000000000001,45.2,956,0,0,0,0,27.1,52,1.8
2021,1,16,16,30,108.52,0.15,2.3000000000000003,0,0,0,0,13.700000000000001,46.14,957,0,0,0,0,26.200000000000003,51,2
2021,1,16,17,30,122.43,0.15,2.3000000000000003,0,0,0,0,13.700000000000001,48.79,958,0,0,0,0,25.200000000000003,55,2.1
2021,1,16,18,30,136.04,0.15,2.2,0,0,0,0,14,52.800000000000004,958,0,0,0,0,24.200000000000003,66,2.2
2021,1,16,19,30,148.83,0.15,2.2,0,0,0,0,14.5,57.94,958,0,0,0,0,23.200000000000003,83,2.5
2021,1,16,20,30,159.14000000000001,0.15,2.2,0,0,0,0,15.4,65.11,958,0,0,0,0,22.3,95,3
2021,1,16,21,30,161.98,0.15,2.2,0,0,0,0,16.900000000000002,74.73,958,0,0,0,0,21.6,99,3.5
2021,1,16,22,30,154.69,0.15,2.2,0,0,0,0,18.5,86.19,958,0,0,0,0,20.900000000000002,99,3.5
2021,1,16,23,30,142.82,0.15,2.1,0,0,0,0,19.700000000000003,94.87,958,0,0,0,0,20.6,97,3.5
2021,1,17,0,30,129.53,0.15,2.1,0,0,0,0,20.400000000000002,98.75,958,0,0,0,0,20.6,94,3.5
2021,1,17,1,30,115.73,0.15,2,0,0,0,0,20.6,100,959,0,0,0,0,20.6,90,3.5
2021,1,17,2,30,101.74000000000001,0.15,2,0,0,0,0,20.5,99.22,959,0,0,0,0,20.6,83,3.7
2021,1,17,3,30,87.49,0.15,2.1,20,70,23,0,20.400000000000002,92.88,960,20,70,0,23,21.6,75,4.4
2021,1,17,4,30,73.75,0.15,2.1,78,571,238,0,20,78.46000000000001,961,78,571,0,238,24,68,5.2
2021,1,17,5,30,60.120000000000005,0.15,2.1,100,782,490,0,18.8,60.58,961,100,782,0,490,27.1,64,5.5
2021,1,17,6,30,47.01,0.15,2.1,112,886,716,0,17,45.7,960,112,886,0,716,30,59,5.5
2021,1,17,7,30,35.13,0.15,2.2,119,935,884,0,15.5,36.65,959,119,935,0,884,32.2,54,5.4
2021,1,17,8,30,26.26,0.15,2.2,123,960,984,0,14.3,31.02,958,123,960,0,984,33.800000000000004,48,5.1000000000000005
2021,1,17,9,30,24,0.15,2.3000000000000003,128,956,1001,0,13.3,27.55,957,128,956,0,1001,34.7,42,4.7
2021,1,17,10,30,29.92,0.15,2.3000000000000003,125,943,942,0,12.4,25.35,956,125,943,0,942,35.2,36,4.3
2021,1,17,11,30,40.57,0.15,2.3000000000000003,117,910,809,0,11.8,24.51,955,117,910,0,809,35.1,31,3.9000000000000004
2021,1,17,12,30,53.160000000000004,0.15,2.3000000000000003,106,842,611,0,11.4,24.94,955,106,842,0,611,34.300000000000004,27,3.7
2021,1,17,13,30,66.58,0.15,2.4000000000000004,87,712,370,0,11.200000000000001,27.1,955,87,712,0,370,32.5,26,2.9000000000000004
2021,1,17,14,30,80.35000000000001,0.15,2.4000000000000004,53,419,123,0,12.600000000000001,35.74,956,53,419,0,123,29.3,29,2
2021,1,17,15,30,94.42,0.15,2.3000000000000003,0,0,0,0,13.8,44.19,957,0,0,0,0,27,32,2.1
2021,1,17,16,30,108.45,0.15,2.3000000000000003,0,0,0,3,13.100000000000001,44.410000000000004,958,0,0,0,0,26.200000000000003,31,2.7
2021,1,17,17,30,122.39,0.15,2.2,0,0,0,0,12.9,45.54,958,0,0,0,0,25.5,32,3.1
2021,1,17,18,30,136.03,0.15,2.2,0,0,0,0,12.9,48.26,958,0,0,0,0,24.5,36,3.2
2021,1,17,19,30,148.87,0.15,2.1,0,0,0,0,12.8,50.910000000000004,958,0,0,0,0,23.6,43,2.9000000000000004
2021,1,17,20,30,159.26,0.15,2,0,0,0,0,12.9,54.19,958,0,0,0,0,22.6,52,2.8000000000000003
2021,1,17,21,30,162.19,0.15,2,0,0,0,0,12.9,57.47,957,0,0,0,0,21.700000000000003,62,2.8000000000000003
2021,1,17,22,30,154.88,0.15,1.9000000000000001,0,0,0,0,13.3,62.15,957,0,0,0,0,20.8,69,3
2021,1,17,23,30,142.97,0.15,2,0,0,0,0,14.200000000000001,69,958,0,0,1,0,20.1,73,3.1
2021,1,18,0,30,129.65,0.15,2,0,0,0,0,15.600000000000001,78.2,958,0,0,0,0,19.5,74,3.1
2021,1,18,1,30,115.83,0.15,2,0,0,0,0,16.900000000000002,87.88,959,0,0,0,0,19,71,3
2021,1,18,2,30,101.82000000000001,0.15,2,0,0,0,0,18,93.18,959,0,0,0,0,19.1,67,3.1
2021,1,18,3,30,87.54,0.15,2,19,90,23,0,18.7,88.11,960,19,90,0,23,20.700000000000003,63,3.8000000000000003
2021,1,18,4,30,73.8,0.15,2,71,608,241,0,18.8,71.27,960,71,608,0,241,24.3,60,4.3
2021,1,18,5,30,60.13,0.15,1.9000000000000001,91,817,498,0,17,49.9,960,91,817,0,498,28.5,52,4.800000000000001
2021,1,18,6,30,46.99,0.15,1.9000000000000001,102,913,724,0,13.3,32.62,959,102,913,0,724,31.700000000000003,43,5.1000000000000005
2021,1,18,7,30,35.06,0.15,2,110,957,893,0,12.100000000000001,27.21,958,110,957,0,893,33.5,40,5.2
2021,1,18,8,30,26.11,0.15,2.1,115,975,991,0,11.5,24.38,957,115,975,0,991,34.800000000000004,39,5.2
2021,1,18,9,30,23.79,0.15,2.2,110,988,1013,0,11.100000000000001,22.900000000000002,956,110,988,0,1013,35.5,39,5.2
2021,1,18,10,30,29.72,0.15,2.3000000000000003,108,972,952,0,10.700000000000001,21.92,955,108,972,0,952,35.800000000000004,39,5.1000000000000005
2021,1,18,11,30,40.4,0.15,2.3000000000000003,103,938,818,0,10.3,21.73,955,103,938,0,818,35.4,39,4.9
2021,1,18,12,30,53.02,0.15,2.2,101,859,618,0,9.8,22.12,955,101,859,0,618,34.5,40,4.7
2021,1,18,13,30,66.46000000000001,0.15,2.2,82,739,378,0,9.4,23.92,956,82,739,0,378,32.6,41,3.8000000000000003
2021,1,18,14,30,80.25,0.15,2.2,50,461,128,0,10.200000000000001,30.48,956,50,461,0,128,29.3,43,2.5
2021,1,18,15,30,94.34,0.15,2.1,0,0,0,0,11.5,38.4,957,0,0,0,0,26.900000000000002,44,2.1
2021,1,18,16,30,108.39,0.15,2.1,0,0,0,0,11.4,40.08,958,0,0,0,0,26,44,2.3000000000000003
2021,1,18,17,30,122.35000000000001,0.15,2.1,0,0,0,0,11.4,42.42,959,0,0,0,0,25.1,47,2.4000000000000004
2021,1,18,18,30,136.02,0.15,2.1,0,0,0,0,11.600000000000001,45.2,959,0,0,0,0,24.200000000000003,54,2.4000000000000004
2021,1,18,19,30,148.91,0.15,2.1,0,0,0,0,11.8,48.19,959,0,0,0,0,23.400000000000002,65,2.7
2021,1,18,20,30,159.39000000000001,0.15,2.2,0,0,0,0,12.4,52.19,959,0,0,0,0,22.700000000000003,74,3
2021,1,18,21,30,162.41,0.15,2.2,0,0,0,0,13.5,59.29,958,0,0,0,0,21.8,79,3.2
2021,1,18,22,30,155.07,0.15,2.2,0,0,0,0,15.100000000000001,68.95,958,0,0,0,0,21,79,3.1
2021,1,18,23,30,143.12,0.15,2.2,0,0,0,0,16.5,78.99,958,0,0,0,0,20.3,75,3.1
2021,1,19,0,30,129.77,0.15,2.2,0,0,0,0,17.6,87.22,958,0,0,0,0,19.8,69,3.2
2021,1,19,1,30,115.93,0.15,2.3000000000000003,0,0,0,0,18.3,93.42,959,0,0,0,0,19.400000000000002,62,3.5
2021,1,19,2,30,101.9,0.15,2.3000000000000003,0,0,0,0,18.6,95.08,959,0,0,0,0,19.400000000000002,55,4
2021,1,19,3,30,87.60000000000001,0.15,2.3000000000000003,19,74,22,0,18.400000000000002,85.15,960,19,74,0,22,21,50,5.1000000000000005
2021,1,19,4,30,73.83,0.15,2.2,73,592,238,0,16.5,61.85,961,73,592,0,238,24.3,50,6.5
2021,1,19,5,30,60.14,0.15,2.2,95,796,491,0,13,40.02,960,95,796,0,491,27.8,51,7
2021,1,19,6,30,46.97,0.15,2.2,114,879,713,0,11.4,30.48,960,114,879,0,713,30.700000000000003,50,7
2021,1,19,7,30,34.99,0.15,2.2,123,929,884,0,11.100000000000001,26.43,959,123,929,0,884,32.9,48,6.800000000000001
2021,1,19,8,30,25.95,0.15,2.3000000000000003,130,947,982,0,11.3,24.41,958,130,947,0,982,34.5,46,6.6000000000000005
2021,1,19,9,30,23.57,0.15,2.3000000000000003,127,957,1004,0,11.5,23.53,957,127,957,0,1004,35.5,44,6.4
2021,1,19,10,30,29.51,0.15,2.4000000000000004,123,944,944,0,11.600000000000001,23.080000000000002,956,123,944,0,944,35.9,45,6.2
2021,1,19,11,30,40.230000000000004,0.15,2.4000000000000004,113,916,812,1,11.200000000000001,22.79,955,113,916,0,812,35.7,46,5.9
2021,1,19,12,30,52.88,0.15,2.4000000000000004,97,864,618,7,10.8,22.95,955,190,669,7,594,35,48,5.6000000000000005
2021,1,19,13,30,66.35,0.15,2.3000000000000003,76,762,382,7,10.3,24.55,956,149,518,7,357,33.2,52,4.7
2021,1,19,14,30,80.16,0.15,2.3000000000000003,46,502,132,0,10.4,29.46,956,46,502,0,132,30.1,56,3.1
2021,1,19,15,30,94.27,0.15,2.3000000000000003,0,0,0,0,11,35.75,957,0,0,0,0,27.5,60,2.4000000000000004
2021,1,19,16,30,108.34,0.15,2.3000000000000003,0,0,0,0,10.5,37.08,958,0,0,0,0,26.3,63,2.6
2021,1,19,17,30,122.32000000000001,0.15,2.4000000000000004,0,0,0,1,9.9,37.910000000000004,958,0,0,0,0,25.3,68,2.8000000000000003
2021,1,19,18,30,136.02,0.15,2.5,0,0,0,3,9.4,39.19,958,0,0,0,0,24.200000000000003,75,3
2021,1,19,19,30,148.95000000000002,0.15,2.6,0,0,0,8,9.200000000000001,41.09,959,0,0,0,0,23.1,84,3
2021,1,19,20,30,159.53,0.15,2.8000000000000003,0,0,0,3,9.700000000000001,44.77,959,0,0,0,0,22.3,92,2.7
2021,1,19,21,30,162.63,0.15,3,0,0,0,3,11.3,51.230000000000004,958,0,0,0,0,21.8,93,2.7
2021,1,19,22,30,155.26,0.15,3.2,0,0,0,8,13.5,60.74,958,0,0,0,0,21.400000000000002,87,2.7
2021,1,19,23,30,143.27,0.15,3.2,0,0,0,1,15.4,69.96000000000001,958,0,0,0,0,21.1,80,2.8000000000000003
2021,1,20,0,30,129.89000000000001,0.15,3.2,0,0,0,3,16.7,76.9,959,0,0,0,0,20.900000000000002,74,3
2021,1,20,1,30,116.02,0.15,3.2,0,0,0,3,17.5,82.2,959,0,0,0,0,20.6,69,3.2
2021,1,20,2,30,101.98,0.15,3.2,0,0,0,3,17.8,84.68,960,0,0,0,0,20.5,63,3.5
2021,1,20,3,30,87.65,0.15,3.1,18,60,21,0,17.8,78.52,960,18,60,0,21,21.700000000000003,59,5
2021,1,20,4,30,73.87,0.15,3.1,71,578,232,0,16.400000000000002,60.25,961,71,578,0,232,24.6,57,6.7
2021,1,20,5,30,60.15,0.15,3,93,784,483,0,14.100000000000001,42.910000000000004,961,93,784,0,483,27.900000000000002,56,7.300000000000001
2021,1,20,6,30,46.94,0.15,3,106,877,704,0,12.600000000000001,32.78,961,106,877,0,704,30.8,55,7.300000000000001
2021,1,20,7,30,34.910000000000004,0.15,2.9000000000000004,115,927,875,0,11.200000000000001,26.150000000000002,960,115,927,0,875,33.2,53,7
2021,1,20,8,30,25.8,0.15,2.9000000000000004,118,951,975,0,10,21.97,959,118,951,0,975,34.9,51,6.6000000000000005
2021,1,20,9,30,23.35,0.15,2.9000000000000004,112,968,1000,0,9.3,19.8,958,112,968,0,1000,35.9,50,6.2
2021,1,20,10,30,29.3,0.15,3.1,108,953,939,0,9.3,19.45,957,108,953,0,939,36.300000000000004,52,5.800000000000001
2021,1,20,11,30,40.06,0.15,3.2,101,921,806,0,10.100000000000001,20.84,956,101,921,0,806,36,54,5.4
2021,1,20,12,30,52.74,0.15,3.4000000000000004,94,851,609,3,11.100000000000001,23.29,956,306,53,0,338,35.2,57,5.1000000000000005
2021,1,20,13,30,66.23,0.15,3.6,77,729,371,3,12.100000000000001,27.2,957,36,0,0,36,33.6,62,4.3
2021,1,20,14,30,80.06,0.15,3.8000000000000003,48,449,126,3,13.5,34.09,957,14,0,0,14,31.200000000000003,67,3.2
2021,1,20,15,30,94.19,0.15,4,0,0,0,3,15.200000000000001,41.730000000000004,958,0,0,0,0,29.6,73,3.1
2021,1,20,16,30,108.28,0.15,4.2,0,0,0,3,16.1,45.78,959,0,0,0,0,29,78,3.6
2021,1,20,17,30,122.29,0.15,4.3,0,0,0,1,17,50.75,959,0,0,0,0,28.200000000000003,83,3.9000000000000004
2021,1,20,18,30,136.02,0.15,4.5,0,0,0,0,17.900000000000002,56.52,959,0,0,0,0,27.3,87,3.8000000000000003
2021,1,20,19,30,149,0.15,4.6000000000000005,0,0,0,3,18.7,63.18,959,0,0,0,0,26.3,90,3.5
2021,1,20,20,30,159.67000000000002,0.15,4.6000000000000005,0,0,0,0,19.5,69.69,959,0,0,0,0,25.400000000000002,91,3.2
2021,1,20,21,30,162.86,0.15,4.6000000000000005,0,0,0,1,20,74.72,959,0,0,0,0,24.8,89,3.1
2021,1,20,22,30,155.46,0.15,4.6000000000000005,0,0,0,7,20.400000000000002,79.48,958,0,0,0,0,24.200000000000003,85,3.1
2021,1,20,23,30,143.42000000000002,0.15,4.5,0,0,0,0,20.8,83.79,959,0,0,0,0,23.700000000000003,80,3.2
2021,1,21,0,30,130.01,0.15,4.5,0,0,0,0,21,87.7,959,0,0,0,0,23.200000000000003,74,3.3000000000000003
2021,1,21,1,30,116.12,0.15,4.5,0,0,0,0,21.200000000000003,90.53,959,0,0,0,0,22.8,70,3.3000000000000003
2021,1,21,2,30,102.05,0.15,4.5,0,0,0,0,21.200000000000003,91.43,960,0,0,0,0,22.700000000000003,66,3.4000000000000004
2021,1,21,3,30,87.7,0.15,4.5,17,141,22,0,21.200000000000003,86.06,961,17,141,0,22,23.700000000000003,63,4.4
2021,1,21,4,30,73.9,0.15,4.5,56,645,235,0,20.8,73.57000000000001,961,56,645,0,235,25.900000000000002,62,5.800000000000001
2021,1,21,5,30,60.15,0.15,4.6000000000000005,73,821,481,1,20,60.58,961,73,821,0,481,28.400000000000002,62,6.4
2021,1,21,6,30,46.910000000000004,0.15,4.6000000000000005,86,896,698,7,19.5,52.71,960,187,639,0,624,30.200000000000003,60,6.5
2021,1,21,7,30,34.82,0.15,4.6000000000000005,95,935,863,7,19.200000000000003,47.69,960,208,652,0,743,31.6,59,6.4
2021,1,21,8,30,25.63,0.15,4.6000000000000005,102,953,961,7,18.900000000000002,44.480000000000004,959,345,438,0,740,32.6,58,6.2
2021,1,21,9,30,23.12,0.15,4.6000000000000005,117,935,977,7,18.8,42.69,958,404,333,0,710,33.2,59,6
2021,1,21,10,30,29.09,0.15,4.6000000000000005,117,920,921,7,18.8,42.28,957,375,338,0,670,33.300000000000004,62,5.800000000000001
2021,1,21,11,30,39.88,0.15,4.7,109,887,790,7,18.7,42.94,956,345,280,0,560,32.9,65,5.6000000000000005
2021,1,21,12,30,52.6,0.15,4.7,99,824,599,7,18.6,44.71,956,260,294,0,439,32.1,69,5.300000000000001
2021,1,21,13,30,66.12,0.15,4.7,81,704,366,7,18.7,48.45,957,173,306,7,297,30.8,72,4.7
2021,1,21,14,30,79.97,0.15,4.800000000000001,50,426,124,3,19,54.32,957,48,0,0,48,29.200000000000003,76,3.8000000000000003
2021,1,21,15,30,94.12,0.15,4.800000000000001,0,0,0,0,19.6,60.72,958,0,0,0,0,27.900000000000002,82,3.2
2021,1,21,16,30,108.23,0.15,4.7,0,0,0,0,19.8,64.41,959,0,0,0,0,27.1,85,2.9000000000000004
2021,1,21,17,30,122.26,0.15,4.7,0,0,0,0,20,67.43,959,0,0,0,0,26.5,89,2.7
2021,1,21,18,30,136.02,0.15,4.7,0,0,0,0,20.1,70.28,960,0,0,0,0,25.900000000000002,94,2.6
2021,1,21,19,30,149.05,0.15,4.6000000000000005,0,0,0,0,20.1,73,959,0,0,0,0,25.3,98,2.7
2021,1,21,20,30,159.81,0.15,4.6000000000000005,0,0,0,0,20.200000000000003,76.18,959,0,0,0,0,24.700000000000003,100,2.8000000000000003
2021,1,21,21,30,163.09,0.15,4.6000000000000005,0,0,0,0,20.400000000000002,79.98,959,0,0,0,0,24.1,98,3
2021,1,21,22,30,155.65,0.15,4.5,0,0,0,1,20.700000000000003,84.35000000000001,959,0,0,0,0,23.5,93,3.4000000000000004
2021,1,21,23,30,143.56,0.15,4.4,0,0,0,0,21,89.01,959,0,0,0,0,22.900000000000002,86,4
2021,1,22,0,30,130.12,0.15,4.2,0,0,0,0,21.1,91.98,959,0,0,1,0,22.5,81,4.4
2021,1,22,1,30,116.2,0.15,4,0,0,0,3,21.1,93.38,960,0,0,0,0,22.200000000000003,78,4.6000000000000005
2021,1,22,2,30,102.12,0.15,3.8000000000000003,0,0,0,1,20.900000000000002,92.95,960,0,0,0,0,22.1,76,4.7
2021,1,22,3,30,87.74,0.15,3.6,16,171,23,3,20.8,86.8,961,11,0,7,11,23.1,73,5.4
2021,1,22,4,30,73.92,0.15,3.4000000000000004,51,690,242,3,20.400000000000002,73.14,962,77,0,0,77,25.6,73,6.4
2021,1,22,5,30,60.15,0.15,3.3000000000000003,66,860,494,3,19.900000000000002,60.03,962,170,1,0,171,28.400000000000002,72,6.800000000000001
2021,1,22,6,30,46.88,0.15,3.3000000000000003,75,937,715,1,19.400000000000002,50.6,961,75,937,0,715,30.8,70,6.9
2021,1,22,7,30,34.730000000000004,0.15,3.2,81,978,885,3,18.900000000000002,43.82,960,345,3,0,348,32.800000000000004,68,6.800000000000001
2021,1,22,8,30,25.46,0.15,3.3000000000000003,84,996,983,3,18.400000000000002,38.76,958,498,222,0,699,34.4,68,6.6000000000000005
2021,1,22,9,30,22.89,0.15,3.3000000000000003,88,996,1006,1,17.8,35.36,957,88,996,0,1006,35.4,69,6.300000000000001
2021,1,22,10,30,28.87,0.15,3.4000000000000004,86,984,948,0,17.2,33.58,956,86,984,0,948,35.7,70,6
2021,1,22,11,30,39.71,0.15,3.5,82,954,815,1,16.8,33.35,955,82,954,0,815,35.4,72,5.800000000000001
2021,1,22,12,30,52.46,0.15,3.7,79,884,618,1,16.7,34.79,955,79,884,0,618,34.5,73,5.5
2021,1,22,13,30,66.01,0.15,3.8000000000000003,69,763,379,2,16.8,38.18,956,186,16,0,192,32.9,75,4.9
2021,1,22,14,30,79.88,0.15,4,45,487,131,1,17.3,44.22,957,45,487,0,131,30.900000000000002,79,4
2021,1,22,15,30,94.05,0.15,4.1000000000000005,0,0,0,0,18.2,50.910000000000004,957,0,0,0,0,29.400000000000002,86,3.6
2021,1,22,16,30,108.18,0.15,4.1000000000000005,0,0,0,3,18.6,55.22,958,0,0,0,0,28.5,95,3.8000000000000003
2021,1,22,17,30,122.23,0.15,4.1000000000000005,0,0,0,3,19.1,59.81,959,0,0,0,0,27.6,102,4.2
2021,1,22,18,30,136.03,0.15,4.1000000000000005,0,0,0,0,19.5,65.22,959,0,0,0,0,26.6,106,4.3
2021,1,22,19,30,149.11,0.15,4,0,0,0,0,20,72.27,959,0,0,0,0,25.400000000000002,106,4.2
2021,1,22,20,30,159.96,0.15,4,0,0,0,0,20.5,78.98,959,0,0,0,0,24.400000000000002,104,4
2021,1,22,21,30,163.33,0.15,3.9000000000000004,0,0,0,0,20.900000000000002,85.18,959,0,0,0,0,23.5,100,3.8000000000000003
2021,1,22,22,30,155.85,0.15,3.8000000000000003,0,0,0,0,21.1,89.11,958,0,0,0,0,23,97,3.9000000000000004
2021,1,22,23,30,143.71,0.15,3.6,0,0,0,0,21.3,92.25,959,0,0,0,0,22.6,96,4
2021,1,23,0,30,130.23,0.15,3.6,0,0,0,0,21.3,94.2,959,0,0,0,0,22.3,95,4
2021,1,23,1,30,116.29,0.15,3.5,0,0,0,0,21.3,95.82000000000001,960,0,0,0,0,22,93,4
2021,1,23,2,30,102.18,0.15,3.4000000000000004,0,0,0,0,21.200000000000003,95.59,961,0,0,0,0,21.900000000000002,88,4.3
2021,1,23,3,30,87.79,0.15,3.3000000000000003,18,53,20,0,20.900000000000002,89.07000000000001,962,18,53,0,20,22.8,81,5.2
2021,1,23,4,30,73.94,0.15,3.2,72,568,229,1,19.900000000000002,73.64,962,72,568,0,229,24.900000000000002,76,6.1000000000000005
2021,1,23,5,30,60.15,0.15,3,91,790,484,3,18.2,56.49,962,213,9,0,217,27.6,73,6.300000000000001
2021,1,23,6,30,46.84,0.15,2.9000000000000004,99,894,711,0,16.5,43.81,962,99,894,0,711,30.200000000000003,72,6.2
2021,1,23,7,30,34.64,0.15,2.7,108,945,885,0,15.200000000000001,35.6,960,108,945,0,885,32.4,72,5.9
2021,1,23,8,30,25.28,0.15,2.6,111,971,989,0,14.3,30.38,959,111,971,0,989,34.1,72,5.6000000000000005
2021,1,23,9,30,22.650000000000002,0.15,2.6,112,975,1012,0,13.4,26.96,958,112,975,0,1012,35.2,72,5.300000000000001
2021,1,23,10,30,28.650000000000002,0.15,2.5,109,967,958,0,12.5,24.71,956,109,967,0,958,35.7,73,4.9
2021,1,23,11,30,39.54,0.15,2.5,103,936,825,0,11.600000000000001,23.52,956,103,936,0,825,35.6,74,4.6000000000000005
2021,1,23,12,30,52.33,0.15,2.5,94,875,628,0,11,23.42,956,94,875,0,628,34.9,75,4.4
2021,1,23,13,30,65.9,0.15,2.5,78,758,387,2,10.600000000000001,25.18,956,205,21,0,213,33.1,76,3.5
2021,1,23,14,30,79.79,0.15,2.5,50,484,136,0,11.4,32.04,957,50,484,0,136,29.900000000000002,76,2.3000000000000003
2021,1,23,15,30,93.98,0.15,2.6,0,0,0,0,13,40.67,958,0,0,0,0,27.5,77,2
2021,1,23,16,30,108.13,0.15,2.7,0,0,0,0,12.600000000000001,41.56,958,0,0,0,0,26.700000000000003,78,2.3000000000000003
2021,1,23,17,30,122.21000000000001,0.15,2.8000000000000003,0,0,0,3,12.600000000000001,43.79,959,0,0,0,0,25.8,81,2.4000000000000004
2021,1,23,18,30,136.03,0.15,2.9000000000000004,0,0,0,0,12.9,46.89,959,0,0,0,0,25,87,2.6
2021,1,23,19,30,149.17000000000002,0.15,3,0,0,0,0,13.5,51.28,959,0,0,0,0,24.200000000000003,93,3
2021,1,23,20,30,160.11,0.15,3.2,0,0,0,0,14.5,56.65,959,0,0,0,0,23.6,96,3.4000000000000004
2021,1,23,21,30,163.58,0.15,3.2,0,0,0,0,15.700000000000001,63.4,959,0,0,0,0,23,95,3.5
2021,1,23,22,30,156.05,0.15,3.3000000000000003,0,0,0,0,16.8,70.53,959,0,0,0,0,22.400000000000002,92,3.3000000000000003
2021,1,23,23,30,143.86,0.15,3.4000000000000004,0,0,0,0,17.6,76.21000000000001,959,0,0,0,0,22,88,3.2
2021,1,24,0,30,130.34,0.15,3.4000000000000004,0,0,0,0,18.2,80.66,959,0,0,0,0,21.700000000000003,84,3.1
2021,1,24,1,30,116.38,0.15,3.4000000000000004,0,0,0,0,18.6,83.51,960,0,0,0,0,21.5,80,3.1
2021,1,24,2,30,102.24000000000001,0.15,3.4000000000000004,0,0,0,0,18.7,84.04,960,0,0,0,0,21.5,77,3.3000000000000003
2021,1,24,3,30,87.83,0.15,3.3000000000000003,17,41,18,0,18.5,78.77,960,17,41,0,18,22.400000000000002,72,4.3
2021,1,24,4,30,73.96000000000001,0.15,3.2,81,517,223,0,17.7,65.76,961,81,517,0,223,24.5,66,5.4
2021,1,24,5,30,60.14,0.15,3.1,110,728,472,0,16.2,50.86,961,110,728,0,472,27.3,62,5.7
2021,1,24,6,30,46.79,0.15,3.1,129,824,693,0,14.4,38.230000000000004,960,129,824,0,693,30.200000000000003,59,5.800000000000001
2021,1,24,7,30,34.54,0.15,3,146,869,862,0,12.700000000000001,30.060000000000002,959,146,869,0,862,32.5,56,5.6000000000000005
2021,1,24,8,30,25.1,0.15,2.9000000000000004,162,884,962,0,11.700000000000001,25.75,958,162,884,0,962,34.1,53,5.300000000000001
2021,1,24,9,30,22.400000000000002,0.15,2.9000000000000004,143,920,994,0,11,23.39,957,143,920,0,994,35,50,4.9
2021,1,24,10,30,28.43,0.15,2.9000000000000004,143,902,937,0,10.5,22.25,957,143,902,0,937,35.300000000000004,48,4.5
2021,1,24,11,30,39.37,0.15,2.9000000000000004,138,861,804,0,10.200000000000001,22.04,956,138,861,0,804,35.1,48,4.1000000000000005
2021,1,24,12,30,52.19,0.15,2.9000000000000004,121,798,610,0,10.200000000000001,22.740000000000002,956,121,798,0,610,34.5,50,3.7
2021,1,24,13,30,65.79,0.15,2.9000000000000004,102,655,371,0,10.4,24.87,957,102,655,0,371,33.1,54,2.9000000000000004
2021,1,24,14,30,79.71000000000001,0.15,2.8000000000000003,63,344,125,0,12.100000000000001,32.78,957,63,344,0,125,30.200000000000003,61,1.9000000000000001
2021,1,24,15,30,93.92,0.15,2.8000000000000003,0,0,0,0,13.4,40.96,958,0,0,0,0,27.900000000000002,66,1.9000000000000001
2021,1,24,16,30,108.09,0.15,2.8000000000000003,0,0,0,0,12.8,41.27,959,0,0,0,0,27.1,71,2.5
2021,1,24,17,30,122.19,0.15,2.8000000000000003,0,0,0,0,12.600000000000001,42.910000000000004,959,0,0,1,0,26.200000000000003,79,3.1
2021,1,24,18,30,136.05,0.15,2.8000000000000003,0,0,0,0,13.100000000000001,46.89,960,0,0,0,0,25.200000000000003,90,3.7
2021,1,24,19,30,149.24,0.15,2.8000000000000003,0,0,0,0,14.3,54.29,960,0,0,0,0,24.1,98,4
2021,1,24,20,30,160.27,0.15,2.8000000000000003,0,0,0,0,15.9,64.14,960,0,0,0,0,23,99,3.9000000000000004
2021,1,24,21,30,163.83,0.15,2.7,0,0,0,0,17,73.5,960,0,0,0,0,22,95,3.6
2021,1,24,22,30,156.25,0.15,2.6,0,0,0,0,17.8,81.33,960,0,0,0,0,21.1,88,3.5
2021,1,24,23,30,144,0.15,2.4000000000000004,0,0,0,0,18.1,86.87,960,0,0,0,0,20.400000000000002,81,3.6
2021,1,25,0,30,130.45,0.15,2.2,0,0,0,0,18.2,90.9,960,0,0,0,0,19.700000000000003,74,3.9000000000000004
2021,1,25,1,30,116.46000000000001,0.15,2,0,0,0,0,18,93.68,961,0,0,0,0,19,68,4.2
2021,1,25,2,30,102.3,0.15,1.9000000000000001,0,0,0,0,17.6,93.18,961,0,0,0,0,18.7,63,4.7
2021,1,25,3,30,87.86,0.15,1.8,15,9,15,0,17.2,85.41,962,15,9,0,15,19.700000000000003,59,5.800000000000001
2021,1,25,4,30,73.98,0.15,1.8,103,426,221,0,16.3,68.9,962,103,426,0,221,22.3,58,6.9
2021,1,25,5,30,60.13,0.15,1.7000000000000002,141,668,474,0,15.3,53.31,962,141,668,0,474,25.5,57,6.9
2021,1,25,6,30,46.74,0.15,1.7000000000000002,163,787,703,0,14.200000000000001,41.58,962,163,787,0,703,28.5,55,6.6000000000000005
2021,1,25,7,30,34.44,0.15,1.7000000000000002,176,850,878,0,12.8,32.7,961,176,850,0,878,31.1,53,6.1000000000000005
2021,1,25,8,30,24.91,0.15,1.7000000000000002,185,879,982,0,11.3,26.38,960,185,879,0,982,33.2,50,5.7
2021,1,25,9,30,22.150000000000002,0.15,1.8,161,921,1014,0,10.100000000000001,22.56,959,161,921,0,1014,34.5,48,5.300000000000001
2021,1,25,10,30,28.21,0.15,1.8,160,903,956,0,8.9,20.1,958,160,903,0,956,35.2,48,5.1000000000000005
2021,1,25,11,30,39.19,0.15,1.9000000000000001,151,861,818,0,8,18.93,957,151,861,0,818,35.1,48,4.9
2021,1,25,12,30,52.06,0.15,1.9000000000000001,114,842,631,0,7.2,18.82,957,114,842,0,631,34.300000000000004,50,4.6000000000000005
2021,1,25,13,30,65.68,0.15,2,94,712,387,0,6.800000000000001,20.26,957,94,712,0,387,32.4,52,3.8000000000000003
2021,1,25,14,30,79.63,0.15,2,58,416,133,0,7.6000000000000005,26.2,958,58,416,0,133,28.900000000000002,55,2.5
2021,1,25,15,30,93.85000000000001,0.15,2,0,0,0,0,9,33.61,959,0,0,0,0,26.3,58,2
2021,1,25,16,30,108.05,0.15,2,0,0,0,0,8.9,35.160000000000004,959,0,0,0,0,25.400000000000002,61,2.3000000000000003
2021,1,25,17,30,122.17,0.15,2,0,0,0,0,9,37.17,960,0,0,0,0,24.6,67,2.6
2021,1,25,18,30,136.06,0.15,2.1,0,0,0,0,9.600000000000001,40.44,960,0,0,0,0,23.8,77,3
2021,1,25,19,30,149.3,0.15,2.3000000000000003,0,0,0,0,11,46.71,960,0,0,0,0,23,89,3.5
2021,1,25,20,30,160.44,0.15,2.4000000000000004,0,0,0,0,13.4,58.1,960,0,0,0,0,22,96,3.7
2021,1,25,21,30,164.08,0.15,2.6,0,0,0,0,15.9,72.12,960,0,0,1,0,21.1,96,3.7
2021,1,25,22,30,156.45000000000002,0.15,2.6,0,0,0,0,17.7,83.41,960,0,0,0,0,20.6,89,3.9000000000000004
2021,1,25,23,30,144.14000000000001,0.15,2.6,0,0,0,0,18.5,89.32000000000001,960,0,0,0,0,20.3,82,4.2
2021,1,26,0,30,130.56,0.15,2.6,0,0,0,0,18.7,92.14,961,0,0,1,0,20,78,4.4
2021,1,26,1,30,116.54,0.15,2.6,0,0,0,0,18.5,92.5,961,0,0,0,0,19.8,74,4.4
2021,1,26,2,30,102.36,0.15,2.6,0,0,0,0,18.3,92.01,962,0,0,0,0,19.6,70,4.5
2021,1,26,3,30,87.89,0.15,2.6,10,2,10,0,17.900000000000002,84.55,962,10,2,0,10,20.6,67,5.300000000000001
2021,1,26,4,30,73.99,0.15,2.6,116,330,207,0,17.1,69.33,963,116,330,0,207,23,65,6.300000000000001
2021,1,26,5,30,60.120000000000005,0.15,2.6,162,579,451,0,16,54.370000000000005,963,162,579,0,451,25.900000000000002,64,6.5
2021,1,26,6,30,46.69,0.15,2.6,173,741,682,0,15.200000000000001,44.47,962,173,741,0,682,28.5,62,6.2
2021,1,26,7,30,34.33,0.15,2.6,181,819,857,0,14.5,37.67,961,181,819,0,857,30.6,60,5.7
2021,1,26,8,30,24.72,0.15,2.6,181,861,963,0,13.600000000000001,32.46,960,181,861,0,963,32.2,59,5.300000000000001
2021,1,26,9,30,21.89,0.15,2.6,163,897,996,0,12.600000000000001,28.310000000000002,959,163,897,0,996,33.4,58,4.9
2021,1,26,10,30,27.990000000000002,0.15,2.6,156,889,941,0,11.5,25.35,958,156,889,0,941,34.1,59,4.5
2021,1,26,11,30,39.02,0.15,2.6,144,858,811,0,10.5,23.61,957,144,858,0,811,34.2,61,4.3
2021,1,26,12,30,51.92,0.15,2.6,128,791,616,0,9.700000000000001,22.96,957,128,791,0,616,33.7,63,4.1000000000000005
2021,1,26,13,30,65.58,0.15,2.6,103,661,377,0,9.1,24.09,957,103,661,0,377,32.1,66,3.3000000000000003
2021,1,26,14,30,79.55,0.15,2.6,61,372,129,0,9.600000000000001,29.95,958,61,372,0,129,28.900000000000002,70,2.2
2021,1,26,15,30,93.8,0.15,2.5,0,0,0,0,10.600000000000001,36.92,959,0,0,0,0,26.5,73,1.8
2021,1,26,16,30,108.01,0.15,2.5,0,0,0,0,10.200000000000001,37.89,959,0,0,0,0,25.6,77,2.1
2021,1,26,17,30,122.16,0.15,2.5,0,0,0,0,10.3,39.92,960,0,0,0,0,24.8,85,2.6
2021,1,26,18,30,136.08,0.15,2.6,0,0,0,0,11.200000000000001,44.550000000000004,960,0,0,0,0,24,96,3.1
2021,1,26,19,30,149.38,0.15,2.8000000000000003,0,0,0,0,13.200000000000001,54.1,960,0,0,0,0,23,104,3.5
2021,1,26,20,30,160.6,0.15,2.9000000000000004,0,0,0,0,15.700000000000001,67.33,960,0,0,0,0,22,106,3.3000000000000003
2021,1,26,21,30,164.34,0.15,3,0,0,0,0,17.7,80.19,960,0,0,0,0,21.200000000000003,102,3.1
2021,1,26,22,30,156.65,0.15,3,0,0,0,0,18.8,89.71000000000001,960,0,0,0,0,20.6,95,2.8000000000000003
2021,1,26,23,30,144.28,0.15,3,0,0,0,0,19.400000000000002,94.96000000000001,960,0,0,0,0,20.200000000000003,88,2.8000000000000003
2021,1,27,0,30,130.66,0.15,2.9000000000000004,0,0,0,0,19.5,96.95,960,0,0,0,0,20,83,3
2021,1,27,1,30,116.61,0.15,2.9000000000000004,0,0,0,0,19.5,98.08,960,0,0,0,0,19.8,79,3.2
2021,1,27,2,30,102.41,0.15,2.9000000000000004,0,0,0,0,19.400000000000002,96.63,961,0,0,0,0,20,75,3.5
2021,1,27,3,30,87.92,0.15,2.9000000000000004,15,13,16,0,19.3,88.52,961,15,13,0,16,21.3,72,4.7
2021,1,27,4,30,74,0.15,3,93,451,218,0,18.7,72.3,962,93,451,0,218,24,70,5.800000000000001
2021,1,27,5,30,60.1,0.15,3,122,692,467,0,17.900000000000002,57.07,962,122,692,0,467,27.1,68,6
2021,1,27,6,30,46.63,0.15,3.1,138,807,692,0,16.900000000000002,45.77,962,138,807,0,692,29.8,66,6
2021,1,27,7,30,34.21,0.15,3.1,146,869,865,0,15.8,37.550000000000004,961,146,869,0,865,32.1,64,5.9
2021,1,27,8,30,24.52,0.15,3.1,148,902,969,0,14.9,32.42,959,148,902,0,969,33.7,63,5.7
2021,1,27,9,30,21.63,0.15,3.1,117,958,1007,0,14.3,29.240000000000002,958,117,958,0,1007,34.800000000000004,64,5.4
2021,1,27,10,30,27.76,0.15,3.2,115,944,950,0,13.8,27.54,957,115,944,0,950,35.300000000000004,67,5.1000000000000005
2021,1,27,11,30,38.85,0.15,3.2,108,913,819,3,13.4,27,956,406,71,0,461,35.2,70,5
2021,1,27,12,30,51.79,0.15,3.3000000000000003,101,843,622,2,13.200000000000001,27.79,956,346,89,0,401,34.4,74,4.800000000000001
2021,1,27,13,30,65.48,0.15,3.3000000000000003,84,719,383,3,13.100000000000001,30.07,957,94,0,0,94,32.9,76,4.3
2021,1,27,14,30,79.47,0.15,3.3000000000000003,54,441,135,3,13.3,34.24,957,5,0,0,5,30.900000000000002,80,3.3000000000000003
2021,1,27,15,30,93.74,0.15,3.4000000000000004,0,0,0,3,14,38.94,958,0,0,0,0,29.400000000000002,85,2.9000000000000004
2021,1,27,16,30,107.98,0.15,3.4000000000000004,0,0,0,0,14.3,41.51,959,0,0,0,0,28.6,92,3.4000000000000004
2021,1,27,17,30,122.15,0.15,3.4000000000000004,0,0,0,0,14.8,45.69,960,0,0,0,0,27.6,100,3.8000000000000003
2021,1,27,18,30,136.11,0.15,3.5,0,0,0,0,16,53,960,0,0,0,0,26.3,106,4
2021,1,27,19,30,149.45000000000002,0.15,3.5,0,0,0,0,17.400000000000002,63.01,960,0,0,0,0,24.900000000000002,105,3.9000000000000004
2021,1,27,20,30,160.78,0.15,3.5,0,0,0,0,18.6,72.59,960,0,0,0,0,23.8,99,3.7
2021,1,27,21,30,164.6,0.15,3.4000000000000004,0,0,0,0,19.400000000000002,81.02,959,0,0,0,0,22.8,90,3.5
2021,1,27,22,30,156.85,0.15,3.3000000000000003,0,0,0,0,19.8,86.83,959,0,0,0,0,22.1,83,3.5
2021,1,27,23,30,144.42000000000002,0.15,3.2,0,0,0,0,19.900000000000002,90.81,959,0,0,0,0,21.5,77,3.5
2021,1,28,0,30,130.76,0.15,3.1,0,0,0,0,19.900000000000002,92.82000000000001,959,0,0,0,0,21.1,74,3.6
2021,1,28,1,30,116.68,0.15,3,0,0,0,0,19.700000000000003,94.69,960,0,0,0,0,20.6,70,3.7
2021,1,28,2,30,102.46000000000001,0.15,3,0,0,0,0,19.400000000000002,93.89,961,0,0,0,0,20.400000000000002,66,4
2021,1,28,3,30,87.95,0.15,2.9000000000000004,16,68,19,0,18.900000000000002,84.97,961,16,68,0,19,21.5,62,5.2
2021,1,28,4,30,74,0.15,2.9000000000000004,67,601,232,0,17.5,66.17,962,67,601,0,232,24.200000000000003,59,6.2
2021,1,28,5,30,60.07,0.15,2.8000000000000003,88,802,488,0,15.8,49.25,962,88,802,0,488,27.400000000000002,57,6.5
2021,1,28,6,30,46.57,0.15,2.8000000000000003,106,881,712,0,14.5,38.18,961,106,881,0,712,30.3,55,6.4
2021,1,28,7,30,34.1,0.15,2.8000000000000003,114,930,884,0,13.200000000000001,30.62,960,114,930,0,884,32.7,53,6.1000000000000005
2021,1,28,8,30,24.32,0.15,2.8000000000000003,118,955,988,0,12.100000000000001,25.900000000000002,959,118,955,0,988,34.4,52,5.800000000000001
2021,1,28,9,30,21.36,0.15,2.7,111,974,1019,0,11,22.73,958,111,974,0,1019,35.5,52,5.4
2021,1,28,10,30,27.53,0.15,2.7,108,963,963,0,9.9,20.57,957,108,963,1,963,36,53,5
2021,1,28,11,30,38.68,0.15,2.7,102,934,831,0,9,19.38,956,102,934,0,831,35.9,55,4.7
2021,1,28,12,30,51.660000000000004,0.15,2.7,91,876,635,0,8.200000000000001,19.17,956,91,876,0,635,35.1,57,4.5
2021,1,28,13,30,65.38,0.15,2.7,76,761,393,0,7.5,20.19,957,76,761,0,393,33.4,59,3.8000000000000003
2021,1,28,14,30,79.39,0.15,2.6,49,499,141,0,7.7,24.560000000000002,958,49,499,0,141,30.200000000000003,61,2.6
2021,1,28,15,30,93.69,0.15,2.6,0,0,0,0,8.5,29.94,958,0,0,0,0,27.700000000000003,61,2.2
2021,1,28,16,30,107.94,0.15,2.6,0,0,0,0,8.200000000000001,30.6,959,0,0,0,0,26.900000000000002,61,2.7
2021,1,28,17,30,122.15,0.15,2.7,0,0,0,0,8.4,32.32,960,0,0,0,0,26.200000000000003,65,3.1
2021,1,28,18,30,136.13,0.15,2.7,0,0,0,0,9.3,36.13,960,0,0,0,0,25.400000000000002,73,3.4000000000000004
2021,1,28,19,30,149.53,0.15,2.8000000000000003,0,0,0,0,11.100000000000001,43.28,960,0,0,0,0,24.400000000000002,82,3.8000000000000003
2021,1,28,20,30,160.95000000000002,0.15,2.9000000000000004,0,0,0,0,13.4,53.44,960,0,0,0,0,23.400000000000002,85,3.9000000000000004
2021,1,28,21,30,164.87,0.15,2.9000000000000004,0,0,0,0,15.4,64.16,960,0,0,0,0,22.5,82,4
2021,1,28,22,30,157.05,0.15,2.9000000000000004,0,0,0,0,16.8,73.66,960,0,0,0,0,21.700000000000003,77,3.9000000000000004
2021,1,28,23,30,144.56,0.15,2.8000000000000003,0,0,0,0,17.6,80.47,960,0,0,0,0,21.1,71,3.7
2021,1,29,0,30,130.85,0.15,2.7,0,0,0,0,18,85.98,960,0,0,0,0,20.400000000000002,68,3.7
2021,1,29,1,30,116.75,0.15,2.6,0,0,0,0,18.1,89.41,961,0,0,0,0,19.900000000000002,65,3.8000000000000003
2021,1,29,2,30,102.51,0.15,2.5,0,0,0,0,18.1,90.31,962,0,0,0,0,19.700000000000003,63,4.3
2021,1,29,3,30,87.97,0.15,2.5,16,40,18,0,17.900000000000002,83.43,962,16,40,0,18,20.8,61,5.7
2021,1,29,4,30,74.01,0.15,2.4000000000000004,76,559,230,0,16.900000000000002,65.99,963,76,559,0,230,23.6,61,6.9
2021,1,29,5,30,60.050000000000004,0.15,2.4000000000000004,99,778,487,0,15,48.47,963,99,778,0,487,26.8,61,7.2
2021,1,29,6,30,46.51,0.15,2.3000000000000003,111,882,719,0,13.200000000000001,36.22,963,111,882,0,719,29.8,60,7
2021,1,29,7,30,33.97,0.15,2.3000000000000003,120,934,894,0,11.700000000000001,28.67,962,120,934,0,894,32.2,58,6.7
2021,1,29,8,30,24.11,0.15,2.4000000000000004,125,954,996,0,10.3,23.35,961,125,954,0,996,34.1,56,6.300000000000001
2021,1,29,9,30,21.09,0.15,2.4000000000000004,121,968,1024,0,8.700000000000001,19.830000000000002,959,121,968,0,1024,35.2,54,5.800000000000001
2021,1,29,10,30,27.310000000000002,0.15,2.4000000000000004,120,953,967,0,7.6000000000000005,17.73,958,120,953,0,967,35.800000000000004,53,5.5
2021,1,29,11,30,38.51,0.15,2.3000000000000003,115,922,837,0,7,17.12,958,115,922,0,837,35.7,53,5.2
2021,1,29,12,30,51.53,0.15,2.3000000000000003,109,847,636,0,6.6000000000000005,17.47,958,109,847,0,636,34.9,53,5
2021,1,29,13,30,65.28,0.15,2.2,90,727,394,0,6.300000000000001,18.73,958,90,727,0,394,33.2,54,4.2
2021,1,29,14,30,79.32000000000001,0.15,2.1,56,455,140,0,6.4,22.6,959,56,455,0,140,30,55,2.9000000000000004
2021,1,29,15,30,93.63,0.15,1.9000000000000001,0,0,0,0,6.9,27.37,959,0,0,0,0,27.3,55,2.5
2021,1,29,16,30,107.91,0.15,1.8,0,0,0,0,6.4,28.16,960,0,0,0,0,26.3,56,2.8000000000000003
2021,1,29,17,30,122.14,0.15,1.7000000000000002,0,0,0,0,6.5,30.03,961,0,0,0,0,25.3,62,3.1
2021,1,29,18,30,136.16,0.15,1.7000000000000002,0,0,0,0,7.300000000000001,33.980000000000004,961,0,0,0,0,24.200000000000003,73,3.3000000000000003
2021,1,29,19,30,149.61,0.15,1.8,0,0,0,0,9.200000000000001,40.96,961,0,0,0,0,23.200000000000003,85,3.6
2021,1,29,20,30,161.13,0.15,1.8,0,0,0,0,11.9,52.38,961,0,0,0,0,22.1,91,3.9000000000000004
2021,1,29,21,30,165.15,0.15,1.8,0,0,0,0,14.3,65.04,960,0,0,0,0,21.1,90,3.9000000000000004
2021,1,29,22,30,157.24,0.15,1.7000000000000002,0,0,0,0,15.9,76.23,960,0,0,0,0,20.200000000000003,84,3.8000000000000003
2021,1,29,23,30,144.69,0.15,1.7000000000000002,0,0,0,0,16.7,83.32000000000001,960,0,0,0,0,19.6,78,3.7
2021,1,30,0,30,130.95,0.15,1.5,0,0,0,0,17,88.82000000000001,961,0,0,0,0,18.900000000000002,73,3.4000000000000004
2021,1,30,1,30,116.82000000000001,0.15,1.4000000000000001,0,0,0,0,17.1,92.61,961,0,0,0,0,18.3,67,3.2
2021,1,30,2,30,102.55,0.15,1.3,0,0,0,0,17,93.48,961,0,0,0,0,18.1,61,3.4000000000000004
2021,1,30,3,30,87.99,0.15,1.1,17,84,20,0,17,84.27,962,17,84,0,20,19.700000000000003,60,4.7
2021,1,30,4,30,74,0.15,1.1,66,665,249,0,16.2,64.97,962,66,665,0,249,23.1,62,5.9
2021,1,30,5,30,60.02,0.15,1.1,84,866,517,0,13.8,44.74,962,84,866,0,517,26.8,61,6.2
2021,1,30,6,30,46.44,0.15,1.1,96,954,753,0,11.3,31.57,962,96,954,0,753,30,60,6.1000000000000005
2021,1,30,7,30,33.85,0.15,1.2000000000000002,102,997,930,0,9.5,24.35,961,102,997,0,930,32.4,60,5.800000000000001
2021,1,30,8,30,23.89,0.15,1.2000000000000002,105,1020,1038,0,7.9,19.71,960,105,1020,0,1038,34.300000000000004,61,5.4
2021,1,30,9,30,20.82,0.15,1.2000000000000002,103,1030,1066,0,6.4,16.66,959,103,1030,0,1066,35.5,62,5
2021,1,30,10,30,27.080000000000002,0.15,1.3,100,1018,1006,0,5.1000000000000005,14.69,958,100,1018,0,1006,36.1,64,4.7
2021,1,30,11,30,38.34,0.15,1.3,95,990,871,0,4,13.73,957,95,990,0,871,36,67,4.4
2021,1,30,12,30,51.410000000000004,0.15,1.3,86,935,669,0,3.3000000000000003,13.65,957,86,935,0,669,35.2,70,4.3
2021,1,30,13,30,65.18,0.15,1.3,73,825,419,0,2.9000000000000004,14.84,957,73,825,0,419,33.2,74,3.5
2021,1,30,14,30,79.25,0.15,1.4000000000000001,48,564,153,0,3.9000000000000004,19.64,958,48,564,0,153,29.5,78,2.4000000000000004
2021,1,30,15,30,93.59,0.15,1.4000000000000001,0,0,0,0,5.1000000000000005,25.14,958,0,0,0,0,26.700000000000003,84,2.1
2021,1,30,16,30,107.89,0.15,1.5,0,0,0,0,5.300000000000001,26.91,959,0,0,0,0,25.700000000000003,92,2.6
2021,1,30,17,30,122.14,0.15,1.6,0,0,0,0,6.7,31.69,960,0,0,0,0,24.6,102,3.5
2021,1,30,18,30,136.19,0.15,1.8,0,0,0,0,9.9,42.28,960,0,0,0,0,23.400000000000002,108,4
2021,1,30,19,30,149.70000000000002,0.15,1.9000000000000001,0,0,0,0,13.4,58.29,960,0,0,0,0,22,106,3.8000000000000003
2021,1,30,20,30,161.32,0.15,1.9000000000000001,0,0,0,0,15.600000000000001,71.68,960,0,0,0,0,20.900000000000002,98,3.4000000000000004
2021,1,30,21,30,165.42000000000002,0.15,1.9000000000000001,0,0,0,0,16.3,78.45,960,0,0,1,0,20.200000000000003,92,3.4000000000000004
2021,1,30,22,30,157.44,0.15,2,0,0,0,0,16.400000000000002,81.49,959,0,0,0,0,19.700000000000003,89,3.6
2021,1,30,23,30,144.82,0.15,2,0,0,0,0,16.5,84.43,960,0,0,0,0,19.200000000000003,87,3.6
2021,1,31,0,30,131.04,0.15,2,0,0,0,0,16.6,87.24,960,0,0,0,0,18.8,86,3.4000000000000004
2021,1,31,1,30,116.88,0.15,1.9000000000000001,0,0,0,0,16.8,90.89,960,0,0,0,0,18.3,84,3
2021,1,31,2,30,102.59,0.15,1.9000000000000001,0,0,0,0,16.900000000000002,92.39,961,0,0,0,0,18.2,82,3
2021,1,31,3,30,88.01,0.15,1.8,17,89,20,0,17.1,84.06,962,17,89,0,20,19.900000000000002,81,4.2
2021,1,31,4,30,74,0.15,1.7000000000000002,65,643,243,1,17,68.76,962,65,643,0,243,23.1,83,5.4
2021,1,31,5,30,59.980000000000004,0.15,1.7000000000000002,85,840,506,0,16.2,53.1,963,85,840,0,506,26.5,82,5.6000000000000005
2021,1,31,6,30,46.37,0.15,1.6,97,933,741,0,14.9,40.79,962,97,933,0,741,29.6,80,5.5
2021,1,31,7,30,33.72,0.15,1.7000000000000002,107,973,916,0,13.100000000000001,31.27,962,107,973,0,916,32.2,77,5.300000000000001
2021,1,31,8,30,23.68,0.15,1.7000000000000002,112,994,1022,0,11.4,25.47,960,112,994,0,1022,33.9,76,5.1000000000000005
2021,1,31,9,30,20.54,0.15,1.7000000000000002,115,996,1048,0,9.9,21.64,959,115,996,0,1048,35,75,5
2021,1,31,10,30,26.85,0.15,1.7000000000000002,112,987,992,0,8.5,19.22,958,112,987,0,992,35.5,76,4.800000000000001
2021,1,31,11,30,38.18,0.15,1.7000000000000002,104,959,858,0,7.5,18.05,957,104,959,0,858,35.4,76,4.7
2021,1,31,12,30,51.29,0.15,1.7000000000000002,106,873,653,0,6.9,18.05,957,106,873,0,653,34.6,77,4.6000000000000005
2021,1,31,13,30,65.09,0.15,1.7000000000000002,90,746,405,0,6.6000000000000005,19.54,957,90,746,0,405,32.9,78,3.9000000000000004
2021,1,31,14,30,79.19,0.15,1.8,58,458,144,0,7.300000000000001,24.52,958,58,458,0,144,29.700000000000003,79,2.6
2021,1,31,15,30,93.54,0.15,1.8,0,0,0,0,8.4,30.67,958,0,0,0,0,27.200000000000003,80,2.1
2021,1,31,16,30,107.87,0.15,1.9000000000000001,0,0,0,0,8.700000000000001,33.14,959,0,0,0,0,26.200000000000003,81,2.4000000000000004
2021,1,31,17,30,122.14,0.15,1.9000000000000001,0,0,0,0,9.200000000000001,35.980000000000004,960,0,0,0,0,25.3,87,2.7
2021,1,31,18,30,136.23,0.15,1.9000000000000001,0,0,0,0,9.9,40.45,960,0,0,0,0,24.200000000000003,94,3
2021,1,31,19,30,149.78,0.15,2,0,0,0,0,11.3,47.49,960,0,0,0,0,23.1,99,3.1
2021,1,31,20,30,161.5,0.15,2.1,0,0,0,0,13.200000000000001,57.47,960,0,0,0,0,22,98,3.1
2021,1,31,21,30,165.71,0.15,2.1,0,0,0,0,15.100000000000001,69.01,960,0,0,0,0,21,95,2.9000000000000004
2021,1,31,22,30,157.64000000000001,0.15,2.1,0,0,0,0,16.6,80.18,960,0,0,0,0,20.1,89,2.8000000000000003
2021,1,31,23,30,144.95000000000002,0.15,2.1,0,0,0,0,17.6,88.64,960,0,0,0,0,19.5,84,2.7
2021,2,1,0,30,131.13,0.15,2.1,0,0,0,0,18.2,94.28,960,0,0,0,0,19.1,80,2.7
2021,2,1,1,30,116.94,0.15,2.1,0,0,0,0,18.5,97.41,961,0,0,0,0,18.900000000000002,77,2.7
2021,2,1,2,30,102.63,0.15,2.1,0,0,0,0,18.6,97.53,962,0,0,0,0,19,73,3.2
2021,2,1,3,30,88.02,0.15,2.1,16,48,18,0,18.6,88.27,963,16,48,0,18,20.6,69,4.5
2021,2,1,4,30,73.99,0.15,2.1,76,570,233,0,18.1,71.75,963,76,570,0,233,23.5,67,5.6000000000000005
2021,2,1,5,30,59.95,0.15,2.1,99,785,492,0,17.2,55.660000000000004,963,99,785,0,492,26.8,66,5.800000000000001
2021,2,1,6,30,46.300000000000004,0.15,2.2,106,896,725,0,15.9,42.94,963,106,896,0,725,29.900000000000002,65,5.7
2021,2,1,7,30,33.59,0.15,2.2,113,947,902,0,14.600000000000001,34.19,962,113,947,0,902,32.4,64,5.5
2021,2,1,8,30,23.45,0.15,2.3000000000000003,116,971,1007,0,13.600000000000001,28.87,961,116,971,0,1007,34.2,65,5.2
2021,2,1,9,30,20.25,0.15,2.3000000000000003,119,973,1032,0,12.5,25.32,959,119,973,0,1032,35.300000000000004,68,4.9
2021,2,1,10,30,26.62,0.15,2.3000000000000003,116,962,977,0,11.4,22.75,958,116,962,0,977,35.9,72,4.6000000000000005
2021,2,1,11,30,38.01,0.15,2.3000000000000003,111,931,844,0,10.4,21.46,958,111,931,0,844,35.800000000000004,76,4.4
2021,2,1,12,30,51.17,0.15,2.3000000000000003,99,872,646,0,9.600000000000001,21.3,957,99,872,0,646,35,78,4.3
2021,2,1,13,30,65,0.15,2.3000000000000003,83,753,402,0,9.1,22.46,958,83,753,0,402,33.4,79,3.6
2021,2,1,14,30,79.12,0.15,2.3000000000000003,54,482,145,0,9.200000000000001,26.900000000000002,959,54,482,0,145,30.3,80,2.5
2021,2,1,15,30,93.5,0.15,2.3000000000000003,0,0,0,0,9.8,32.34,959,0,0,0,0,27.8,79,2
2021,2,1,16,30,107.85000000000001,0.15,2.3000000000000003,0,0,0,0,9.5,33.58,960,0,0,0,0,26.900000000000002,78,2.3000000000000003
2021,2,1,17,30,122.15,0.15,2.2,0,0,0,0,9.600000000000001,35.53,961,0,0,0,0,26,79,2.6
2021,2,1,18,30,136.27,0.15,2.3000000000000003,0,0,0,0,10.100000000000001,39.25,962,0,0,0,0,24.900000000000002,85,3
2021,2,1,19,30,149.87,0.15,2.3000000000000003,0,0,0,0,11.3,45.49,962,0,0,0,0,23.8,90,3.4000000000000004
2021,2,1,20,30,161.69,0.15,2.3000000000000003,0,0,0,0,13.100000000000001,54.730000000000004,962,0,0,0,0,22.700000000000003,93,3.4000000000000004
2021,2,1,21,30,165.99,0.15,2.3000000000000003,0,0,0,0,14.9,65.72,961,0,0,0,0,21.6,91,3.2
2021,2,1,22,30,157.84,0.15,2.2,0,0,0,0,16.3,75.88,961,0,0,0,0,20.700000000000003,86,3
2021,2,1,23,30,145.07,0.15,2.1,0,0,0,0,17.2,84.11,961,0,0,0,0,20,79,2.9000000000000004
2021,2,2,0,30,131.21,0.15,2.1,0,0,0,0,17.8,90.95,962,0,0,0,0,19.3,72,2.9000000000000004
2021,2,2,1,30,117,0.15,2,0,0,0,0,18,95.15,962,0,0,0,0,18.8,66,3
2021,2,2,2,30,102.66,0.15,2,0,0,0,3,18,95.64,963,0,0,0,0,18.7,61,3.5
2021,2,2,3,30,88.03,0.15,2,16,97,19,0,17.8,86.36,964,16,97,0,19,20.1,58,5.1000000000000005
2021,2,2,4,30,73.98,0.15,2,65,629,239,0,16.6,66.6,964,65,629,0,239,23.200000000000003,58,6.5
2021,2,2,5,30,59.910000000000004,0.15,2,88,817,498,0,15.200000000000001,49.86,964,88,817,0,498,26.5,58,6.6000000000000005
2021,2,2,6,30,46.22,0.15,2,104,904,729,0,13.700000000000001,37.62,964,104,904,0,729,29.700000000000003,58,6.2
2021,2,2,7,30,33.45,0.15,2,114,951,907,0,12.3,29.71,963,114,951,0,907,32.2,58,5.7
2021,2,2,8,30,23.22,0.15,2.1,119,971,1012,0,11,24.57,962,119,971,0,1012,34.1,57,5.2
2021,2,2,9,30,19.96,0.15,2.1,136,954,1033,0,9.9,21.28,960,136,954,0,1033,35.300000000000004,57,4.9
2021,2,2,10,30,26.38,0.15,2.1,135,940,976,0,8.9,19.18,959,135,940,0,976,36,56,4.7
2021,2,2,11,30,37.85,0.15,2.1,131,900,841,0,8.1,18.29,958,131,900,0,841,35.9,56,4.6000000000000005
2021,2,2,12,30,51.050000000000004,0.15,2.1,121,827,641,0,7.5,18.240000000000002,958,121,827,0,641,35.2,56,4.6000000000000005
2021,2,2,13,30,64.92,0.15,2,105,684,395,0,7.1000000000000005,19.44,958,105,684,0,395,33.5,56,4
2021,2,2,14,30,79.06,0.15,2,68,370,138,0,7.2,23.48,959,68,370,0,138,30.3,57,2.8000000000000003
2021,2,2,15,30,93.46000000000001,0.15,2,0,0,0,0,7.800000000000001,28.21,960,0,0,0,0,27.900000000000002,58,2.5
2021,2,2,16,30,107.83,0.15,2,0,0,0,0,7.7,29.43,961,0,0,0,0,27,57,2.9000000000000004
2021,2,2,17,30,122.16,0.15,1.9000000000000001,0,0,0,0,7.6000000000000005,30.8,962,0,0,0,0,26.1,58,3.2
2021,2,2,18,30,136.31,0.15,1.9000000000000001,0,0,0,0,7.4,32.410000000000004,962,0,0,0,0,25.1,62,3.4000000000000004
2021,2,2,19,30,149.97,0.15,1.8,0,0,0,0,7.300000000000001,34.49,962,0,0,0,0,23.900000000000002,69,3.4000000000000004
2021,2,2,20,30,161.89000000000001,0.15,1.7000000000000002,0,0,0,0,7.4,37.54,962,0,0,0,0,22.6,77,3.4000000000000004
2021,2,2,21,30,166.29,0.15,1.6,0,0,0,0,8.200000000000001,42.84,961,0,0,0,0,21.400000000000002,81,3.4000000000000004
2021,2,2,22,30,158.03,0.15,1.6,0,0,0,0,9.8,51.06,961,0,0,0,0,20.3,82,3.4000000000000004
2021,2,2,23,30,145.20000000000002,0.15,1.6,0,0,0,0,11.8,61.47,961,0,0,0,0,19.400000000000002,77,3.4000000000000004
2021,2,3,0,30,131.29,0.15,1.5,0,0,0,0,13.700000000000001,72.68,961,0,0,0,0,18.7,70,3.5
2021,2,3,1,30,117.05,0.15,1.5,0,0,0,0,15.100000000000001,82.36,962,0,0,0,0,18.2,63,3.7
2021,2,3,2,30,102.69,0.15,1.5,0,0,0,0,15.9,87.14,963,0,0,0,0,18.1,58,4
2021,2,3,3,30,88.04,0.15,1.5,17,66,19,0,16.1,79.59,963,17,66,0,19,19.700000000000003,56,5.4
2021,2,3,4,30,73.96000000000001,0.15,1.5,73,605,240,0,15.4,62.25,964,73,605,0,240,23,57,6.800000000000001
2021,2,3,5,30,59.86,0.15,1.5,98,807,504,0,14.200000000000001,46.99,964,98,807,0,504,26.400000000000002,57,6.9
2021,2,3,6,30,46.13,0.15,1.5,113,903,739,0,12.8,35.79,963,113,903,0,739,29.5,56,6.300000000000001
2021,2,3,7,30,33.31,0.15,1.6,123,949,916,0,11.100000000000001,27.69,962,123,949,0,916,32.1,53,5.800000000000001
2021,2,3,8,30,22.990000000000002,0.15,1.6,129,970,1022,0,9.700000000000001,22.46,961,129,970,0,1022,34.1,50,5.300000000000001
2021,2,3,9,30,19.67,0.15,1.7000000000000002,114,997,1053,0,8.6,19.37,959,114,997,0,1053,35.4,48,5
2021,2,3,10,30,26.150000000000002,0.15,1.7000000000000002,114,982,996,0,7.7,17.64,958,114,982,0,996,36,47,4.800000000000001
2021,2,3,11,30,37.68,0.15,1.7000000000000002,109,950,861,0,7,16.82,957,109,950,0,861,36,48,4.7
2021,2,3,12,30,50.93,0.15,1.7000000000000002,98,892,660,0,6.4,16.95,957,98,892,0,660,35.2,50,4.6000000000000005
2021,2,3,13,30,64.83,0.15,1.7000000000000002,80,784,414,0,6.1000000000000005,18.17,957,80,784,0,414,33.5,53,3.9000000000000004
2021,2,3,14,30,79,0.15,1.7000000000000002,51,528,152,0,6.300000000000001,22.18,958,51,528,0,152,30.200000000000003,58,2.7
2021,2,3,15,30,93.42,0.15,1.7000000000000002,0,0,0,0,6.9,27.21,959,0,0,0,0,27.5,60,2.4000000000000004
2021,2,3,16,30,107.81,0.15,1.6,0,0,0,0,6.800000000000001,28.36,960,0,0,0,0,26.6,61,2.9000000000000004
2021,2,3,17,30,122.17,0.15,1.6,0,0,0,0,6.7,29.93,961,0,0,0,0,25.6,65,3.2
2021,2,3,18,30,136.35,0.15,1.5,0,0,0,0,6.9,32.61,961,0,0,0,0,24.400000000000002,74,3.4000000000000004
2021,2,3,19,30,150.06,0.15,1.5,0,0,0,0,8.1,37.92,961,0,0,1,0,23.200000000000003,86,3.7
2021,2,3,20,30,162.09,0.15,1.6,0,0,0,0,10.8,49.230000000000004,961,0,0,0,0,21.900000000000002,94,3.8000000000000003
2021,2,3,21,30,166.58,0.15,1.6,0,0,0,0,13.9,64.77,961,0,0,0,0,20.8,95,3.7
2021,2,3,22,30,158.22,0.15,1.6,0,0,0,0,16.400000000000002,80.10000000000001,960,0,0,0,0,19.900000000000002,92,3.6
2021,2,3,23,30,145.32,0.15,1.6,0,0,0,0,17.900000000000002,91.02,961,0,0,0,0,19.400000000000002,89,3.4000000000000004
2021,2,4,0,30,131.37,0.15,1.6,0,0,0,0,18.6,96.87,961,0,0,0,0,19.1,87,3.3000000000000003
2021,2,4,1,30,117.10000000000001,0.15,1.6,0,0,0,0,18.8,98.63,961,0,0,0,0,19,83,3.4000000000000004
2021,2,4,2,30,102.72,0.15,1.6,0,0,0,0,18.7,97.14,962,0,0,1,0,19.200000000000003,80,4
2021,2,4,3,30,88.04,0.15,1.6,16,63,18,0,18.7,88.72,963,16,63,0,18,20.6,77,5
2021,2,4,4,30,73.94,0.15,1.6,71,614,241,3,18.1,71.74,963,152,22,0,158,23.5,75,5.800000000000001
2021,2,4,5,30,59.82,0.15,1.6,91,827,507,0,16.8,54.13,963,91,827,0,507,26.8,73,6
2021,2,4,6,30,46.050000000000004,0.15,1.7000000000000002,121,879,731,0,14.8,40.12,963,121,879,0,731,29.8,69,5.7
2021,2,4,7,30,33.17,0.15,1.7000000000000002,126,941,913,0,12.9,31,962,126,941,0,913,32.2,64,5.2
2021,2,4,8,30,22.76,0.15,1.8,126,969,1020,0,11.4,25.19,960,126,969,0,1020,34.1,59,4.9
2021,2,4,9,30,19.37,0.15,1.8,117,991,1052,0,10.200000000000001,21.82,959,117,991,0,1052,35.300000000000004,56,4.6000000000000005
2021,2,4,10,30,25.92,0.15,1.9000000000000001,113,979,994,0,9.4,19.95,958,113,979,0,994,35.9,55,4.5
2021,2,4,11,30,37.52,0.15,1.9000000000000001,106,951,861,0,8.8,19.17,957,106,951,0,861,35.9,56,4.4
2021,2,4,12,30,50.82,0.15,1.9000000000000001,96,893,660,0,8.4,19.35,957,96,893,0,660,35.2,58,4.4
2021,2,4,13,30,64.75,0.15,1.9000000000000001,80,781,413,0,8,20.57,957,80,781,0,413,33.7,62,3.9000000000000004
2021,2,4,14,30,78.95,0.15,1.9000000000000001,52,518,152,0,8.1,24.53,958,52,518,1,152,30.6,66,2.8000000000000003
2021,2,4,15,30,93.39,0.15,1.9000000000000001,0,0,0,0,8.5,29.27,959,0,0,0,0,28.1,70,2.5
2021,2,4,16,30,107.8,0.15,1.9000000000000001,0,0,0,0,8.5,30.89,959,0,0,0,0,27.1,74,3
2021,2,4,17,30,122.18,0.15,1.9000000000000001,0,0,0,0,8.9,34.04,960,0,0,1,0,26,84,3.4000000000000004
2021,2,4,18,30,136.4,0.15,2,0,0,0,0,10.600000000000001,41.13,961,0,0,0,0,24.700000000000003,97,4
2021,2,4,19,30,150.16,0.15,2.1,0,0,0,0,13.700000000000001,54.36,961,0,0,0,0,23.400000000000002,104,4.3
2021,2,4,20,30,162.29,0.15,2.2,0,0,0,0,16.6,70.77,961,0,0,0,0,22.200000000000003,102,4.3
2021,2,4,21,30,166.88,0.15,2.2,0,0,0,0,18.7,83.88,960,0,0,0,0,21.5,96,4.4
2021,2,4,22,30,158.41,0.15,2.1,0,0,0,0,19.6,90.56,960,0,0,0,0,21.200000000000003,91,4.5
2021,2,4,23,30,145.43,0.15,2.1,0,0,0,0,19.8,93.07000000000001,960,0,0,0,0,21,88,4.4
2021,2,5,0,30,131.45,0.15,2,0,0,0,0,19.900000000000002,94.60000000000001,961,0,0,0,0,20.8,87,4.2
2021,2,5,1,30,117.15,0.15,1.9000000000000001,0,0,0,0,20,96.89,961,0,0,0,0,20.5,87,4
2021,2,5,2,30,102.74000000000001,0.15,1.8,0,0,0,0,20,96.51,962,0,0,0,0,20.6,86,4.2
2021,2,5,3,30,88.04,0.15,1.7000000000000002,17,48,18,0,20,90,962,17,48,0,18,21.700000000000003,84,5.1000000000000005
2021,2,5,4,30,73.92,0.15,1.7000000000000002,77,580,237,0,19.5,74.79,963,77,580,0,237,24.3,82,5.800000000000001
2021,2,5,5,30,59.77,0.15,1.7000000000000002,98,801,502,2,18.5,58.370000000000005,963,297,80,0,337,27.400000000000002,80,5.7
2021,2,5,6,30,45.96,0.15,1.7000000000000002,108,906,738,0,16.5,43.09,962,108,906,0,738,30.5,77,5.2
2021,2,5,7,30,33.02,0.15,1.7000000000000002,115,959,919,0,14.3,32.67,961,115,959,0,919,32.9,72,4.7
2021,2,5,8,30,22.52,0.15,1.8,118,983,1026,0,12.600000000000001,26.16,960,118,983,0,1026,34.800000000000004,68,4.2
2021,2,5,9,30,19.06,0.15,1.8,110,1002,1057,0,11.100000000000001,22.09,959,110,1002,0,1057,36.1,66,3.7
2021,2,5,10,30,25.69,0.15,1.9000000000000001,107,991,999,0,9.9,19.79,957,107,991,0,999,36.7,67,3.4000000000000004
2021,2,5,11,30,37.36,0.15,1.9000000000000001,100,963,865,0,9.1,18.86,957,100,963,0,865,36.6,71,3.2
2021,2,5,12,30,50.71,0.15,1.9000000000000001,95,896,662,0,8.6,18.76,956,95,896,0,662,36,75,3.1
2021,2,5,13,30,64.67,0.15,2,79,784,414,0,8.200000000000001,20.16,957,79,784,0,414,34.300000000000004,80,2.7
2021,2,5,14,30,78.89,0.15,2,51,530,153,0,8.6,24.75,957,51,530,0,153,31.1,87,2
2021,2,5,15,30,93.36,0.15,2,0,0,0,0,9.4,29.92,958,0,0,0,0,28.700000000000003,93,2.1
2021,2,5,16,30,107.79,0.15,2,0,0,0,0,9.3,31.560000000000002,959,0,0,0,0,27.700000000000003,96,2.9000000000000004
2021,2,5,17,30,122.19,0.15,2.1,0,0,0,0,10.4,36.51,959,0,0,0,0,26.5,101,3.8000000000000003
2021,2,5,18,30,136.44,0.15,2.2,0,0,0,0,13,47.39,960,0,0,0,0,25,105,4.3
2021,2,5,19,30,150.26,0.15,2.3000000000000003,0,0,0,0,15.9,62.050000000000004,960,0,0,0,0,23.6,105,4.5
2021,2,5,20,30,162.49,0.15,2.3000000000000003,0,0,0,0,17.900000000000002,75.86,960,0,0,0,0,22.400000000000002,102,4.4
2021,2,5,21,30,167.18,0.15,2.2,0,0,0,0,19.1,85.54,959,0,0,0,0,21.6,95,4.4
2021,2,5,22,30,158.6,0.15,2.2,0,0,0,0,19.6,90.98,959,0,0,0,0,21.1,88,4.4
2021,2,5,23,30,145.54,0.15,2.1,0,0,0,0,19.6,93.12,959,0,0,0,0,20.8,85,4.4
2021,2,6,0,30,131.52,0.15,2,0,0,0,0,19.5,94.03,959,0,0,0,0,20.5,85,4.3
2021,2,6,1,30,117.19,0.15,1.9000000000000001,0,0,0,0,19.3,94.10000000000001,960,0,0,0,0,20.3,85,4.2
2021,2,6,2,30,102.76,0.15,1.9000000000000001,0,0,0,0,19.1,93.66,960,0,0,0,0,20.200000000000003,86,4.2
2021,2,6,3,30,88.04,0.15,1.9000000000000001,16,121,20,0,19.1,87.3,961,16,121,0,20,21.3,85,4.6000000000000005
2021,2,6,4,30,73.89,0.15,2,62,655,244,0,18.6,72.71000000000001,961,62,655,0,244,23.8,84,5.1000000000000005
2021,2,6,5,30,59.71,0.15,2.1,82,838,504,0,17.6,56.050000000000004,961,82,838,0,504,27.1,82,5.2
2021,2,6,6,30,45.87,0.15,2.1,103,905,733,0,16.2,42.56,961,103,905,0,733,30.3,78,4.800000000000001
2021,2,6,7,30,32.87,0.15,2.2,111,950,909,0,14.5,32.71,960,111,950,0,909,33,72,4.2
2021,2,6,8,30,22.27,0.15,2.3000000000000003,116,972,1015,0,13.100000000000001,26.92,959,116,972,0,1015,34.9,65,3.5
2021,2,6,9,30,18.76,0.15,2.4000000000000004,112,982,1042,0,12,23.28,958,112,982,0,1042,36.2,60,3
2021,2,6,10,30,25.46,0.15,2.4000000000000004,110,972,987,0,11.100000000000001,21.32,957,110,972,0,987,36.800000000000004,58,2.8000000000000003
2021,2,6,11,30,37.21,0.15,2.5,103,940,852,0,10.600000000000001,20.43,956,103,940,0,852,36.9,58,2.7
2021,2,6,12,30,50.6,0.15,2.5,95,882,654,0,10.200000000000001,20.54,956,95,882,1,654,36.300000000000004,61,2.9000000000000004
2021,2,6,13,30,64.6,0.15,2.5,79,769,409,0,9.8,21.69,956,79,769,0,409,34.9,64,2.7
2021,2,6,14,30,78.84,0.15,2.5,52,510,151,0,10,25.6,956,52,510,0,151,32.1,71,2.2
2021,2,6,15,30,93.33,0.15,2.5,0,0,0,0,10.600000000000001,30.07,957,0,0,0,0,30,77,2.3000000000000003
2021,2,6,16,30,107.79,0.15,2.4000000000000004,0,0,0,0,10,30.6,957,0,0,0,0,29,81,3.2
2021,2,6,17,30,122.21000000000001,0.15,2.4000000000000004,0,0,0,0,10.100000000000001,33.5,958,0,0,0,0,27.6,89,3.8000000000000003
2021,2,6,18,30,136.49,0.15,2.4000000000000004,0,0,0,0,11.200000000000001,39.87,959,0,0,0,0,25.900000000000002,98,4.3
2021,2,6,19,30,150.36,0.15,2.4000000000000004,0,0,0,0,13.5,50.84,959,0,0,0,0,24.3,102,4.5
2021,2,6,20,30,162.69,0.15,2.5,0,0,0,0,15.8,64.28,959,0,0,0,0,22.900000000000002,101,4.4
2021,2,6,21,30,167.49,0.15,2.5,0,0,0,0,17.5,76.34,958,0,0,0,0,21.900000000000002,96,4.3
2021,2,6,22,30,158.78,0.15,2.5,0,0,0,0,18.7,85.52,958,0,0,0,0,21.200000000000003,88,4.3
2021,2,6,23,30,145.65,0.15,2.4000000000000004,0,0,0,0,19.200000000000003,90.55,958,0,0,0,0,20.8,83,4.4
2021,2,7,0,30,131.59,0.15,2.4000000000000004,0,0,0,0,19.3,92.97,958,0,0,0,0,20.5,80,4.4
2021,2,7,1,30,117.23,0.15,2.4000000000000004,0,0,0,0,19.3,93.88,958,0,0,0,0,20.3,78,4.4
2021,2,7,2,30,102.78,0.15,2.4000000000000004,0,0,0,0,19.200000000000003,93.5,959,0,0,0,0,20.3,75,4.6000000000000005
2021,2,7,3,30,88.04,0.15,2.4000000000000004,15,103,18,0,19.1,86.39,959,15,103,1,18,21.5,73,5.300000000000001
2021,2,7,4,30,73.87,0.15,2.5,63,627,237,0,18.7,70.78,959,63,627,1,237,24.3,71,6
2021,2,7,5,30,59.660000000000004,0.15,2.5,84,817,497,0,17.8,54.9,960,84,817,0,497,27.700000000000003,68,6.2
2021,2,7,6,30,45.78,0.15,2.6,96,904,727,0,16.6,41.88,959,96,904,0,727,31.1,63,6.2
2021,2,7,7,30,32.72,0.15,2.7,105,948,902,0,15.4,33.36,958,105,948,0,902,33.7,58,6
2021,2,7,8,30,22.02,0.15,2.8000000000000003,109,968,1007,0,14.5,28.51,957,109,968,0,1007,35.5,55,5.6000000000000005
2021,2,7,9,30,18.45,0.15,2.9000000000000004,109,973,1032,0,13.8,25.47,956,109,973,0,1032,36.7,56,5.2
2021,2,7,10,30,25.23,0.15,2.9000000000000004,105,965,978,0,13.100000000000001,23.71,955,105,965,0,978,37.2,58,4.9
2021,2,7,11,30,37.050000000000004,0.15,2.9000000000000004,100,935,846,0,12.600000000000001,23.03,954,100,935,0,846,37.1,60,4.7
2021,2,7,12,30,50.49,0.15,2.9000000000000004,112,827,638,0,12.200000000000001,23.45,954,112,827,0,638,36.300000000000004,62,4.6000000000000005
2021,2,7,13,30,64.52,0.15,2.9000000000000004,93,703,395,3,11.9,25.060000000000002,954,168,4,0,170,34.800000000000004,63,4.2
2021,2,7,14,30,78.8,0.15,2.9000000000000004,58,431,142,0,11.9,29.02,954,58,431,0,142,32.2,65,3.2
2021,2,7,15,30,93.3,0.15,3,0,0,0,0,12.4,33.43,955,0,0,0,0,30.3,68,2.9000000000000004
2021,2,7,16,30,107.78,0.15,3,0,0,0,0,12.600000000000001,35.72,956,0,0,0,0,29.3,71,3.5
2021,2,7,17,30,122.23,0.15,3.1,0,0,0,0,13,39.050000000000004,957,0,0,0,0,28.200000000000003,79,3.9000000000000004
2021,2,7,18,30,136.55,0.15,3.2,0,0,0,0,13.9,45.09,958,0,0,0,0,26.8,89,4.5
2021,2,7,19,30,150.46,0.15,3.3000000000000003,0,0,0,0,15.5,54.730000000000004,958,0,0,0,0,25.3,93,5
2021,2,7,20,30,162.9,0.15,3.4000000000000004,0,0,0,7,17.400000000000002,67.34,958,0,0,0,0,23.8,90,5.300000000000001
2021,2,7,21,30,167.8,0.15,3.4000000000000004,0,0,0,8,18.8,78.44,958,0,0,0,0,22.700000000000003,85,5.300000000000001
2021,2,7,22,30,158.97,0.15,3.4000000000000004,0,0,0,0,19.400000000000002,85.34,957,0,0,0,0,22,82,5.2
2021,2,7,23,30,145.76,0.15,3.3000000000000003,0,0,0,0,19.700000000000003,89.23,957,0,0,0,0,21.6,80,5.2
2021,2,8,0,30,131.65,0.15,3.2,0,0,0,0,19.900000000000002,91.46000000000001,958,0,0,0,0,21.3,78,5.1000000000000005
2021,2,8,1,30,117.27,0.15,3.1,0,0,0,0,19.8,92.38,958,0,0,0,0,21.1,76,5.1000000000000005
2021,2,8,2,30,102.79,0.15,3.1,0,0,0,0,19.700000000000003,91.99,959,0,0,0,0,21.1,73,5.2
2021,2,8,3,30,88.03,0.15,3.1,15,56,16,0,19.700000000000003,85.56,960,15,56,0,16,22.200000000000003,71,6
2021,2,8,4,30,73.83,0.15,3,74,552,228,0,18.900000000000002,70.38,960,74,552,0,228,24.700000000000003,71,6.9
2021,2,8,5,30,59.6,0.15,3,99,761,484,0,17.400000000000002,53.65,961,99,761,0,484,27.6,71,7.300000000000001
2021,2,8,6,30,45.68,0.15,2.9000000000000004,123,840,710,0,16,41.85,960,123,840,0,710,30.400000000000002,71,7.4
2021,2,8,7,30,32.56,0.15,2.9000000000000004,127,906,890,0,15.3,34.9,959,127,906,0,890,32.800000000000004,70,7.1000000000000005
2021,2,8,8,30,21.77,0.15,3,128,936,997,0,14.700000000000001,30.400000000000002,958,128,936,0,997,34.6,68,6.7
2021,2,8,9,30,18.13,0.15,3,140,927,1021,0,13.9,27,957,140,927,0,1021,35.800000000000004,67,6.300000000000001
2021,2,8,10,30,25,0.15,3,136,916,966,0,12.9,24.61,956,136,916,0,966,36.300000000000004,66,5.9
2021,2,8,11,30,36.9,0.15,3,127,885,834,0,12,23.31,956,127,885,0,834,36.2,65,5.5
2021,2,8,12,30,50.39,0.15,3,113,823,638,0,11.3,23.16,955,113,823,0,638,35.5,65,5.300000000000001
2021,2,8,13,30,64.45,0.15,3,93,702,396,0,10.9,24.5,956,93,702,0,396,34,66,4.7
2021,2,8,14,30,78.75,0.15,3.1,58,431,142,0,10.8,28.02,956,58,431,0,142,31.5,68,3.4000000000000004
2021,2,8,15,30,93.28,0.15,3.1,0,0,0,0,11.200000000000001,32.51,957,0,0,0,0,29.400000000000002,73,2.9000000000000004
2021,2,8,16,30,107.78,0.15,3.2,0,0,0,0,11.4,34.57,957,0,0,0,0,28.5,79,3.4000000000000004
2021,2,8,17,30,122.26,0.15,3.3000000000000003,0,0,0,1,11.9,37.9,958,0,0,0,0,27.5,88,3.9000000000000004
2021,2,8,18,30,136.6,0.15,3.4000000000000004,0,0,0,8,13.200000000000001,44.64,959,0,0,0,0,26.200000000000003,97,4.3
2021,2,8,19,30,150.57,0.15,3.6,0,0,0,0,15.3,54.88,959,0,0,0,0,25,102,4.6000000000000005
2021,2,8,20,30,163.11,0.15,3.7,0,0,0,0,17.6,67.76,959,0,0,0,0,23.900000000000002,99,4.6000000000000005
2021,2,8,21,30,168.11,0.15,3.6,0,0,0,0,19.1,78.60000000000001,958,0,0,0,0,23,92,4.5
2021,2,8,22,30,159.14000000000001,0.15,3.5,0,0,0,0,19.700000000000003,84.93,958,0,0,0,0,22.400000000000002,86,4.4
2021,2,8,23,30,145.86,0.15,3.4000000000000004,0,0,0,0,20,88.84,959,0,0,0,0,21.900000000000002,82,4.5
2021,2,9,0,30,131.71,0.15,3.2,0,0,0,0,20,90.58,959,0,0,0,0,21.6,79,4.6000000000000005
2021,2,9,1,30,117.3,0.15,3,0,0,0,0,19.900000000000002,91.88,960,0,0,0,0,21.3,77,4.7
2021,2,9,2,30,102.8,0.15,2.9000000000000004,0,0,0,0,19.8,91.73,960,0,0,0,0,21.200000000000003,74,4.9
2021,2,9,3,30,88.02,0.15,2.8000000000000003,15,49,17,0,19.6,85.32000000000001,961,15,49,0,17,22.200000000000003,71,5.7
2021,2,9,4,30,73.8,0.15,2.8000000000000003,74,555,229,0,18.8,70.31,962,74,555,0,229,24.6,69,6.5
2021,2,9,5,30,59.53,0.15,2.9000000000000004,100,760,485,0,17.5,54.300000000000004,962,100,760,0,485,27.5,67,7
2021,2,9,6,30,45.58,0.15,2.9000000000000004,116,856,715,0,16.6,43.800000000000004,962,116,856,0,715,30.3,65,7
2021,2,9,7,30,32.4,0.15,2.9000000000000004,128,905,892,0,16.3,37.61,961,128,905,0,892,32.6,63,6.9
2021,2,9,8,30,21.51,0.15,3,135,926,996,0,15.700000000000001,33,959,135,926,0,996,34.300000000000004,62,6.6000000000000005
2021,2,9,9,30,17.81,0.15,3,135,933,1023,0,14.8,29.26,958,135,933,0,1023,35.4,62,6.4
2021,2,9,10,30,24.77,0.15,3,131,924,969,0,13.700000000000001,26.55,957,131,924,0,969,35.9,63,6.1000000000000005
2021,2,9,11,30,36.76,0.15,3,122,893,838,0,12.700000000000001,25.17,956,122,893,0,838,35.7,64,5.9
2021,2,9,12,30,50.29,0.15,3,133,777,629,0,12,25.22,956,133,777,0,629,34.800000000000004,65,5.6000000000000005
2021,2,9,13,30,64.39,0.15,3,112,633,386,3,11.600000000000001,26.73,956,242,44,0,261,33.300000000000004,65,5.1000000000000005
2021,2,9,14,30,78.71000000000001,0.15,3,70,339,136,0,11.600000000000001,29.96,957,70,339,0,136,31.200000000000003,64,4
2021,2,9,15,30,93.26,0.15,3,0,0,0,0,11.8,33.61,958,0,0,0,0,29.5,64,3.3000000000000003
2021,2,9,16,30,107.78,0.15,3,0,0,0,0,11.9,35.62,959,0,0,0,0,28.6,64,3.6
2021,2,9,17,30,122.28,0.15,3,0,0,0,0,11.9,37.21,959,0,0,0,0,27.8,66,3.8000000000000003
2021,2,9,18,30,136.66,0.15,2.9000000000000004,0,0,0,0,11.8,38.94,960,0,0,0,0,26.900000000000002,72,4
2021,2,9,19,30,150.67000000000002,0.15,2.8000000000000003,0,0,0,0,11.600000000000001,40.75,960,0,0,0,0,26,78,4.2
2021,2,9,20,30,163.32,0.15,2.8000000000000003,0,0,0,0,11.9,43.62,959,0,0,0,0,25.1,85,4.4
2021,2,9,21,30,168.43,0.15,2.7,0,0,0,0,12.700000000000001,49.06,959,0,0,0,0,24.1,88,4.3
2021,2,9,22,30,159.32,0.15,2.7,0,0,0,0,14,56.36,959,0,0,0,0,23.200000000000003,86,4.3
2021,2,9,23,30,145.96,0.15,2.7,0,0,0,0,15.4,64.92,959,0,0,0,0,22.3,81,4.5
2021,2,10,0,30,131.77,0.15,2.7,0,0,0,0,16.3,72.23,960,0,0,0,0,21.5,74,5
2021,2,10,1,30,117.33,0.15,2.7,0,0,0,0,16.5,76.02,960,0,0,0,0,20.900000000000002,68,5.5
2021,2,10,2,30,102.8,0.15,2.7,0,0,0,0,16.400000000000002,76.97,961,0,0,0,0,20.6,63,5.9
2021,2,10,3,30,88,0.15,2.7,14,17,14,0,16.400000000000002,72.56,962,14,17,0,14,21.5,59,6.9
2021,2,10,4,30,73.76,0.15,2.6,90,467,221,0,16.1,61.63,962,90,467,0,221,23.900000000000002,57,8.1
2021,2,10,5,30,59.47,0.15,2.6,123,699,478,0,15.200000000000001,49.14,962,123,699,0,478,26.8,55,8.5
2021,2,10,6,30,45.480000000000004,0.15,2.6,142,808,708,0,14.100000000000001,38.84,961,142,808,0,708,29.6,54,8.200000000000001
2021,2,10,7,30,32.24,0.15,2.6,154,865,886,0,13,31.21,960,154,865,0,886,32.1,53,7.800000000000001
2021,2,10,8,30,21.25,0.15,2.6,163,890,992,0,11.9,25.98,958,163,890,0,992,34.1,53,7.300000000000001
2021,2,10,9,30,17.490000000000002,0.15,2.6,155,912,1024,0,10.9,22.54,957,155,912,0,1024,35.5,53,6.800000000000001
2021,2,10,10,30,24.54,0.15,2.6,158,888,966,0,9.9,20.47,956,158,888,0,966,36.1,54,6.300000000000001
2021,2,10,11,30,36.61,0.15,2.6,153,844,831,0,9.1,19.35,955,153,844,0,831,36.1,55,5.800000000000001
2021,2,10,12,30,50.19,0.15,2.6,123,809,641,0,8.4,19.22,955,123,809,0,641,35.4,55,5.4
2021,2,10,13,30,64.32000000000001,0.15,2.6,105,669,395,0,7.9,20.21,956,105,669,0,395,33.9,56,4.6000000000000005
2021,2,10,14,30,78.67,0.15,2.6,66,378,140,0,7.7,23.43,956,66,378,0,140,31,58,3.2
2021,2,10,15,30,93.24,0.15,2.6,0,0,0,0,8.1,27.41,957,0,0,0,0,28.700000000000003,60,2.5
2021,2,10,16,30,107.79,0.15,2.5,0,0,0,0,7.9,28.71,958,0,0,0,0,27.700000000000003,62,2.8000000000000003
2021,2,10,17,30,122.31,0.15,2.5,0,0,0,0,7.800000000000001,29.990000000000002,958,0,0,0,0,26.8,66,3.1
2021,2,10,18,30,136.72,0.15,2.5,0,0,0,0,7.9,32.12,959,0,0,0,0,25.8,75,3.3000000000000003
2021,2,10,19,30,150.78,0.15,2.5,0,0,0,0,8.9,36.58,959,0,0,0,0,24.700000000000003,87,3.5
2021,2,10,20,30,163.53,0.15,2.6,0,0,0,0,11,45.42,959,0,0,0,0,23.5,95,3.7
2021,2,10,21,30,168.75,0.15,2.7,0,0,0,0,13.8,58.28,958,0,0,0,0,22.400000000000002,95,3.7
2021,2,10,22,30,159.49,0.15,2.7,0,0,0,0,16.2,72.02,958,0,0,0,0,21.5,88,3.7
2021,2,10,23,30,146.05,0.15,2.8000000000000003,0,0,0,0,17.8,82.59,958,0,0,0,0,20.900000000000002,81,4
2021,2,11,0,30,131.82,0.15,2.8000000000000003,0,0,0,0,18.6,88.43,959,0,0,0,0,20.6,76,4.5
2021,2,11,1,30,117.35000000000001,0.15,2.8000000000000003,0,0,0,0,18.900000000000002,91.3,959,0,0,0,0,20.400000000000002,71,5.1000000000000005
2021,2,11,2,30,102.81,0.15,2.8000000000000003,0,0,0,0,19,91.10000000000001,960,0,0,0,0,20.5,67,5.6000000000000005
2021,2,11,3,30,87.99,0.15,2.9000000000000004,14,20,15,0,18.8,83.5,961,14,20,0,15,21.700000000000003,65,6.5
2021,2,11,4,30,73.72,0.15,2.9000000000000004,87,480,222,0,18,68.29,961,87,480,0,222,24.200000000000003,64,7.2
2021,2,11,5,30,59.4,0.15,3,118,704,477,0,16.8,53.09,961,118,704,0,477,27.200000000000003,63,7.300000000000001
2021,2,11,6,30,45.37,0.15,3.1,159,763,695,0,15.8,42.230000000000004,961,159,763,0,695,30,62,7
2021,2,11,7,30,32.07,0.15,3.2,169,829,872,0,14.700000000000001,34.67,959,169,829,0,872,32.2,59,6.6000000000000005
2021,2,11,8,30,20.990000000000002,0.15,3.3000000000000003,173,862,978,0,13.600000000000001,29.66,958,173,862,0,978,33.800000000000004,56,6.1000000000000005
2021,2,11,9,30,17.17,0.15,3.3000000000000003,160,892,1012,0,12.9,26.41,957,160,892,0,1012,35,54,5.6000000000000005
2021,2,11,10,30,24.310000000000002,0.15,3.4000000000000004,152,882,956,0,12.4,24.44,956,152,882,0,956,35.800000000000004,54,5.2
2021,2,11,11,30,36.47,0.15,3.4000000000000004,141,851,825,0,12,23.72,955,141,851,0,825,35.9,55,4.9
2021,2,11,12,30,50.1,0.15,3.5,127,782,628,0,11.700000000000001,23.97,955,127,782,0,628,35.4,57,4.5
2021,2,11,13,30,64.26,0.15,3.5,105,654,389,0,11.5,25.400000000000002,955,105,654,0,389,34.1,59,3.8000000000000003
2021,2,11,14,30,78.64,0.15,3.5,65,371,138,0,11.5,28.79,956,65,371,0,138,31.8,62,2.6
2021,2,11,15,30,93.23,0.15,3.5,0,0,0,7,11.8,32.84,957,0,0,0,0,29.900000000000002,66,2.2
2021,2,11,16,30,107.79,0.15,3.5,0,0,0,1,11.700000000000001,34.22,957,0,0,0,0,29,72,2.7
2021,2,11,17,30,122.34,0.15,3.5,0,0,0,0,11.8,36.6,958,0,0,0,0,28,82,3.3000000000000003
2021,2,11,18,30,136.78,0.15,3.5,0,0,0,7,12.600000000000001,41.72,958,0,0,0,0,26.700000000000003,95,3.9000000000000004
2021,2,11,19,30,150.89000000000001,0.15,3.6,0,0,0,7,14.4,50.94,958,0,0,0,0,25.3,104,4.2
2021,2,11,20,30,163.75,0.15,3.7,0,0,0,0,16.400000000000002,62.42,958,0,0,0,0,24,106,4.3
2021,2,11,21,30,169.07,0.15,3.7,0,0,0,0,17.8,72.66,958,0,0,0,0,23,102,4.1000000000000005
2021,2,11,22,30,159.66,0.15,3.7,0,0,0,0,18.6,79.58,958,0,0,0,0,22.3,97,3.9000000000000004
2021,2,11,23,30,146.14000000000001,0.15,3.7,0,0,0,0,18.900000000000002,83.54,958,0,0,0,0,21.8,93,3.7
2021,2,12,0,30,131.86,0.15,3.7,0,0,0,0,19,86.04,958,0,0,0,0,21.400000000000002,88,3.7
2021,2,12,1,30,117.37,0.15,3.6,0,0,0,0,19,87.18,959,0,0,0,0,21.200000000000003,82,3.9000000000000004
2021,2,12,2,30,102.81,0.15,3.5,0,0,0,0,18.900000000000002,87.4,959,0,0,0,0,21.1,75,4.3
2021,2,12,3,30,87.97,0.15,3.4000000000000004,12,11,13,0,18.8,81.37,960,12,11,0,13,22.1,70,5.300000000000001
2021,2,12,4,30,73.68,0.15,3.3000000000000003,95,433,217,0,18.1,67.14,960,95,433,0,217,24.6,67,6.2
2021,2,12,5,30,59.33,0.15,3.3000000000000003,124,682,472,0,16.900000000000002,51.67,960,124,682,0,472,27.8,66,6.4
2021,2,12,6,30,45.26,0.15,3.2,137,809,706,0,15.4,39.2,960,137,809,0,706,30.900000000000002,66,6.1000000000000005
2021,2,12,7,30,31.91,0.15,3.2,144,873,885,0,13.600000000000001,29.97,959,144,873,0,885,33.6,66,5.7
2021,2,12,8,30,20.73,0.15,3.3000000000000003,149,899,990,0,12.200000000000001,24.41,957,149,899,0,990,35.6,66,5.2
2021,2,12,9,30,16.84,0.15,3.3000000000000003,134,930,1024,0,11.4,21.68,956,134,930,0,1024,36.800000000000004,65,4.800000000000001
2021,2,12,10,30,24.09,0.15,3.4000000000000004,135,911,967,0,11.100000000000001,20.57,955,135,911,0,967,37.4,64,4.5
2021,2,12,11,30,36.33,0.15,3.4000000000000004,131,871,833,0,11,20.5,954,131,871,0,833,37.4,65,4.5
2021,2,12,12,30,50.01,0.15,3.5,121,798,634,0,11.100000000000001,21.37,954,121,798,0,634,36.7,66,4.4
2021,2,12,13,30,64.21000000000001,0.15,3.5,102,665,392,0,11.200000000000001,23.34,954,102,665,0,392,35.2,68,4.1000000000000005
2021,2,12,14,30,78.60000000000001,0.15,3.5,64,388,140,0,11.3,26.830000000000002,955,64,388,0,140,32.9,71,3.2
2021,2,12,15,30,93.22,0.15,3.5,0,0,0,0,11.8,30.68,956,0,0,0,0,31.1,75,2.8000000000000003
2021,2,12,16,30,107.8,0.15,3.5,0,0,0,0,12,32.96,956,0,0,0,0,30.1,83,3.3000000000000003
2021,2,12,17,30,122.37,0.15,3.5,0,0,0,0,12.600000000000001,36.88,957,0,0,0,0,28.8,95,4.1000000000000005
2021,2,12,18,30,136.84,0.15,3.6,0,0,0,0,13.9,44.68,958,0,0,0,0,27,105,4.9
2021,2,12,19,30,151,0.15,3.7,0,0,0,0,15.8,55.77,958,0,0,0,0,25.3,108,5.300000000000001
2021,2,12,20,30,163.96,0.15,3.7,0,0,0,0,17.400000000000002,67.22,958,0,0,0,0,23.8,104,5.1000000000000005
2021,2,12,21,30,169.39000000000001,0.15,3.7,0,0,0,0,18.1,75.05,957,0,0,0,0,22.8,101,4.800000000000001
2021,2,12,22,30,159.82,0.15,3.6,0,0,0,0,18.400000000000002,79.14,957,0,0,0,0,22.200000000000003,98,4.5
2021,2,12,23,30,146.22,0.15,3.5,0,0,0,0,18.5,81.43,958,0,0,0,0,21.8,95,4.4
2021,2,13,0,30,131.91,0.15,3.5,0,0,0,0,18.5,83.46000000000001,958,0,0,0,0,21.400000000000002,90,4.4
2021,2,13,1,30,117.39,0.15,3.4000000000000004,0,0,0,0,18.5,84.65,959,0,0,0,0,21.200000000000003,85,4.6000000000000005
2021,2,13,2,30,102.8,0.15,3.4000000000000004,0,0,0,0,18.5,85.33,960,0,0,0,0,21.1,81,5
2021,2,13,3,30,87.94,0.15,3.4000000000000004,13,10,13,0,18.5,80.32000000000001,960,13,10,0,13,22,78,5.800000000000001
2021,2,13,4,30,73.63,0.15,3.4000000000000004,98,422,217,0,17.8,67.27,961,98,422,0,217,24.3,75,6.6000000000000005
2021,2,13,5,30,59.26,0.15,3.3000000000000003,131,664,471,0,16.6,52.45,961,131,664,0,471,27.200000000000003,74,6.7
2021,2,13,6,30,45.15,0.15,3.3000000000000003,158,764,698,0,15.3,40,961,158,764,0,698,30.400000000000002,73,6.6000000000000005
2021,2,13,7,30,31.740000000000002,0.15,3.3000000000000003,166,835,877,0,14,31.41,960,166,835,0,877,33.2,72,6.2
2021,2,13,8,30,20.46,0.15,3.3000000000000003,168,871,984,0,12.8,25.6,958,168,871,0,984,35.5,71,5.7
2021,2,13,9,30,16.51,0.15,3.2,155,902,1019,0,11.8,22.19,957,155,902,0,1019,36.9,68,5.2
2021,2,13,10,30,23.87,0.15,3.2,149,892,965,0,11,20.18,956,149,892,0,965,37.6,66,4.9
2021,2,13,11,30,36.19,0.15,3.2,139,861,834,0,10.200000000000001,19.240000000000002,955,139,861,0,834,37.6,65,4.6000000000000005
2021,2,13,12,30,49.92,0.15,3.2,124,797,637,0,9.600000000000001,19.2,954,124,797,0,637,36.9,66,4.4
2021,2,13,13,30,64.15,0.15,3.2,102,671,395,0,9.200000000000001,20.23,955,102,671,0,395,35.4,68,3.8000000000000003
2021,2,13,14,30,78.58,0.15,3.1,64,394,142,0,9,23.31,955,64,394,0,142,32.6,72,2.6
2021,2,13,15,30,93.21000000000001,0.15,3.1,0,0,0,0,9.4,27.25,956,0,0,0,0,30.3,77,2.1
2021,2,13,16,30,107.82000000000001,0.15,3.2,0,0,0,0,9.3,28.66,957,0,0,0,0,29.3,82,2.6
2021,2,13,17,30,122.41,0.15,3.2,0,0,0,0,9.700000000000001,31.35,958,0,0,0,0,28.3,92,3.3000000000000003
2021,2,13,18,30,136.9,0.15,3.3000000000000003,0,0,0,0,11.4,37.92,959,0,0,0,0,26.900000000000002,102,4.2
2021,2,13,19,30,151.11,0.15,3.5,0,0,0,0,14,49.29,959,0,0,0,0,25.400000000000002,107,4.800000000000001
2021,2,13,20,30,164.18,0.15,3.6,0,0,0,0,16.5,63.15,959,0,0,0,0,23.900000000000002,107,4.9
2021,2,13,21,30,169.72,0.15,3.6,0,0,0,0,18,73.91,959,0,0,0,0,22.900000000000002,105,4.9
2021,2,13,22,30,159.97,0.15,3.5,0,0,0,0,18.6,79.77,959,0,0,0,0,22.3,101,4.800000000000001
2021,2,13,23,30,146.3,0.15,3.3000000000000003,0,0,0,0,18.8,81.86,959,0,0,0,0,22,96,4.7
2021,2,14,0,30,131.95,0.15,3.2,0,0,0,0,18.7,83.07000000000001,959,0,0,0,0,21.700000000000003,92,4.6000000000000005
2021,2,14,1,30,117.4,0.15,3,0,0,0,0,18.7,83.87,959,0,0,0,0,21.5,89,4.5
2021,2,14,2,30,102.79,0.15,2.9000000000000004,0,0,0,0,18.7,85.10000000000001,960,0,0,0,0,21.3,86,4.7
2021,2,14,3,30,87.92,0.15,2.8000000000000003,16,43,17,0,18.7,80.65,960,16,43,0,17,22.200000000000003,83,5.4
2021,2,14,4,30,73.58,0.15,2.8000000000000003,78,540,231,1,18.3,69,961,78,540,0,231,24.400000000000002,81,6.1000000000000005
2021,2,14,5,30,59.18,0.15,2.8000000000000003,105,752,490,0,17.5,54.800000000000004,961,105,752,0,490,27.400000000000002,79,6.2
2021,2,14,6,30,45.04,0.15,2.8000000000000003,120,854,723,0,16.400000000000002,42.49,961,120,854,0,723,30.6,77,6
2021,2,14,7,30,31.57,0.15,2.8000000000000003,130,905,901,0,15.100000000000001,33.1,960,130,905,0,901,33.5,75,5.6000000000000005
2021,2,14,8,30,20.18,0.15,2.8000000000000003,136,928,1008,0,13.8,27.04,959,136,928,0,1008,35.6,72,5.1000000000000005
2021,2,14,9,30,16.17,0.15,2.8000000000000003,123,957,1042,0,12.600000000000001,23.21,958,123,957,0,1042,37,70,4.7
2021,2,14,10,30,23.650000000000002,0.15,2.8000000000000003,120,946,987,0,11.5,20.93,957,120,946,0,987,37.6,68,4.6000000000000005
2021,2,14,11,30,36.06,0.15,2.7,113,918,855,0,10.600000000000001,19.7,956,113,918,0,855,37.6,67,4.6000000000000005
2021,2,14,12,30,49.84,0.15,2.7,115,827,649,0,9.9,19.59,956,115,827,0,649,36.800000000000004,68,4.7
2021,2,14,13,30,64.1,0.15,2.6,94,714,406,0,9.3,20.46,956,94,714,0,406,35.300000000000004,69,4.3
2021,2,14,14,30,78.55,0.15,2.5,58,455,149,0,9,23.42,956,58,455,0,149,32.5,72,3.2
2021,2,14,15,30,93.21000000000001,0.15,2.5,0,0,0,0,9.200000000000001,27.32,957,0,0,0,0,30.1,76,2.6
2021,2,14,16,30,107.83,0.15,2.4000000000000004,0,0,0,0,9.4,29.490000000000002,958,0,0,0,0,29,84,3.1
2021,2,14,17,30,122.44,0.15,2.5,0,0,0,0,10.5,34.39,959,0,0,0,0,27.6,98,3.9000000000000004
2021,2,14,18,30,136.97,0.15,2.5,0,0,0,0,13,44.410000000000004,959,0,0,0,0,26,107,4.5
2021,2,14,19,30,151.22,0.15,2.6,0,0,0,0,15.700000000000001,58.53,959,0,0,0,0,24.400000000000002,109,4.7
2021,2,14,20,30,164.39000000000001,0.15,2.6,0,0,0,0,17.7,71.76,959,0,0,0,0,23.1,105,4.6000000000000005
2021,2,14,21,30,170.04,0.15,2.6,0,0,0,0,18.7,80.51,959,0,0,0,0,22.200000000000003,99,4.4
2021,2,14,22,30,160.13,0.15,2.6,0,0,0,0,19.1,85.56,958,0,0,0,0,21.6,94,4.2
2021,2,14,23,30,146.37,0.15,2.6,0,0,0,0,19.200000000000003,88.43,959,0,0,0,0,21.200000000000003,91,4.3
2021,2,15,0,30,131.98,0.15,2.6,0,0,0,0,19.200000000000003,89.99,959,0,0,0,0,20.900000000000002,90,4.4
2021,2,15,1,30,117.41,0.15,2.6,0,0,0,0,19.1,90.81,959,0,0,0,0,20.700000000000003,90,4.5
2021,2,15,2,30,102.78,0.15,2.6,0,0,0,0,19.1,90.83,960,0,0,0,0,20.700000000000003,89,4.7
2021,2,15,3,30,87.89,0.15,2.6,16,43,17,0,19.200000000000003,84.55,961,16,43,0,17,21.900000000000002,86,5.4
2021,2,15,4,30,73.53,0.15,2.6,79,541,232,0,18.900000000000002,70.9,961,79,541,0,232,24.5,84,6.1000000000000005
2021,2,15,5,30,59.1,0.15,2.5,103,764,496,0,18.1,56.18,961,103,764,0,496,27.6,82,6.2
2021,2,15,6,30,44.93,0.15,2.5,115,869,731,0,16.900000000000002,43.62,961,115,869,0,731,30.700000000000003,80,6.1000000000000005
2021,2,15,7,30,31.400000000000002,0.15,2.5,123,923,911,0,15.4,33.74,960,123,923,0,911,33.5,77,5.800000000000001
2021,2,15,8,30,19.91,0.15,2.6,126,948,1018,0,13.8,27.310000000000002,959,126,948,0,1018,35.5,74,5.5
2021,2,15,9,30,15.84,0.15,2.6,123,961,1047,0,12.600000000000001,23.43,957,123,961,0,1047,36.800000000000004,72,5.300000000000001
2021,2,15,10,30,23.43,0.15,2.6,119,952,992,0,11.600000000000001,21.28,956,119,952,0,992,37.4,71,5.2
2021,2,15,11,30,35.93,0.15,2.6,111,924,860,0,10.9,20.28,955,111,924,0,860,37.4,71,5.1000000000000005
2021,2,15,12,30,49.76,0.15,2.6,99,868,660,0,10.4,20.47,955,99,868,0,660,36.6,71,5.1000000000000005
2021,2,15,13,30,64.06,0.15,2.5,82,760,414,0,10,21.59,955,82,760,0,414,35.2,71,4.7
2021,2,15,14,30,78.53,0.15,2.5,52,509,153,0,9.9,24.85,955,52,509,0,153,32.5,73,3.4000000000000004
2021,2,15,15,30,93.2,0.15,2.5,0,0,0,0,10.200000000000001,28.93,956,0,0,0,0,30.200000000000003,78,2.8000000000000003
2021,2,15,16,30,107.85000000000001,0.15,2.5,0,0,0,0,10.5,31.59,957,0,0,0,0,29.1,88,3.3000000000000003
2021,2,15,17,30,122.48,0.15,2.5,0,0,0,0,11.600000000000001,36.65,958,0,0,0,0,27.8,101,4
2021,2,15,18,30,137.03,0.15,2.6,0,0,0,0,13.700000000000001,46.1,958,0,0,0,0,26.200000000000003,109,4.5
2021,2,15,19,30,151.34,0.15,2.7,0,0,0,0,16.1,58.76,958,0,0,0,0,24.700000000000003,109,4.6000000000000005
2021,2,15,20,30,164.61,0.15,2.7,0,0,0,0,17.8,70.53,958,0,0,0,0,23.5,105,4.3
2021,2,15,21,30,170.37,0.15,2.7,0,0,0,0,18.7,79.16,958,0,0,1,0,22.5,101,4
2021,2,15,22,30,160.27,0.15,2.7,0,0,0,0,19.1,84.02,957,0,0,0,0,21.900000000000002,97,3.8000000000000003
2021,2,15,23,30,146.44,0.15,2.6,0,0,0,0,19.3,87.92,957,0,0,0,0,21.400000000000002,93,3.9000000000000004
2021,2,16,0,30,132.01,0.16,2.6,0,0,0,0,19.5,90.64,958,0,0,0,0,21.1,90,4.2
2021,2,16,1,30,117.42,0.16,2.6,0,0,0,0,19.6,92.02,958,0,0,0,0,20.900000000000002,88,4.3
2021,2,16,2,30,102.77,0.16,2.6,0,0,0,0,19.6,91.48,959,0,0,0,0,21,87,4.4
2021,2,16,3,30,87.85000000000001,0.16,2.6,16,55,18,0,19.5,84.82000000000001,960,16,55,0,18,22.200000000000003,86,5.2
2021,2,16,4,30,73.47,0.16,2.7,75,567,236,0,19.1,70.85000000000001,960,75,567,0,236,24.700000000000003,85,6
2021,2,16,5,30,59.02,0.16,2.7,96,780,498,0,18.3,55.97,960,96,780,0,498,27.900000000000002,84,6.2
2021,2,16,6,30,44.81,0.16,2.7,109,878,733,0,17.3,44.050000000000004,960,109,878,0,733,31,82,6.1000000000000005
2021,2,16,7,30,31.220000000000002,0.16,2.7,119,926,911,0,16,35.03,959,119,926,0,911,33.6,80,5.9
2021,2,16,8,30,19.63,0.16,2.7,126,947,1019,0,14.8,29.01,958,126,947,0,1019,35.6,79,5.5
2021,2,16,9,30,15.5,0.16,2.7,128,952,1045,0,13.8,25.37,957,128,952,0,1045,36.800000000000004,79,5.2
2021,2,16,10,30,23.22,0.16,2.7,125,941,990,0,12.8,23.04,956,125,941,0,990,37.4,81,4.9
2021,2,16,11,30,35.81,0.16,2.7,117,912,857,0,12,21.900000000000002,955,117,912,0,857,37.300000000000004,83,4.7
2021,2,16,12,30,49.69,0.16,2.6,107,851,657,0,11.3,21.76,954,107,851,0,657,36.6,85,4.5
2021,2,16,13,30,64.01,0.16,2.6,89,731,410,0,10.8,22.88,955,89,731,0,410,35.1,89,4.1000000000000005
2021,2,16,14,30,78.51,0.16,2.6,58,462,150,0,10.5,25.98,955,58,462,0,150,32.5,97,3.2
2021,2,16,15,30,93.2,0.16,2.6,0,0,0,0,10.700000000000001,29.64,956,0,0,0,0,30.400000000000002,108,3.3000000000000003
2021,2,16,16,30,107.87,0.16,2.6,0,0,0,0,11.200000000000001,33.01,957,0,0,0,0,29.1,116,4.5
2021,2,16,17,30,122.52,0.16,2.6,0,0,0,0,13,41.07,958,0,0,0,0,27.400000000000002,119,4.9
2021,2,16,18,30,137.1,0.16,2.6,0,0,0,0,15.4,53,958,0,0,0,0,25.700000000000003,117,4.800000000000001
2021,2,16,19,30,151.45000000000002,0.16,2.6,0,0,0,0,17.3,65.06,958,0,0,0,0,24.3,112,4.7
2021,2,16,20,30,164.82,0.16,2.6,0,0,0,0,18.3,73.9,958,0,0,0,0,23.200000000000003,107,4.7
2021,2,16,21,30,170.70000000000002,0.16,2.7,0,0,0,0,18.8,79.93,958,0,0,0,0,22.400000000000002,102,4.7
2021,2,16,22,30,160.41,0.16,2.7,0,0,0,0,19.1,84.24,957,0,0,0,0,21.900000000000002,98,4.6000000000000005
2021,2,16,23,30,146.5,0.16,2.7,0,0,0,0,19.400000000000002,87.36,958,0,0,0,0,21.6,96,4.7
2021,2,17,0,30,132.04,0.16,2.7,0,0,0,3,19.5,88.81,958,0,0,0,0,21.400000000000002,95,4.800000000000001
2021,2,17,1,30,117.42,0.16,2.7,0,0,0,0,19.5,89.53,959,0,0,0,0,21.3,95,4.7
2021,2,17,2,30,102.75,0.16,2.7,0,0,0,3,19.5,89.2,960,0,0,0,0,21.400000000000002,94,4.7
2021,2,17,3,30,87.82000000000001,0.16,2.6,17,43,18,1,19.5,83.17,961,17,43,0,18,22.5,92,5.300000000000001
2021,2,17,4,30,73.41,0.16,2.6,82,534,234,0,19,69.53,961,82,534,0,234,25,89,5.800000000000001
2021,2,17,5,30,58.94,0.16,2.5,108,756,498,0,18.3,55.67,961,108,756,0,498,28,87,5.800000000000001
2021,2,17,6,30,44.69,0.16,2.5,130,843,729,0,17.400000000000002,43.78,960,130,843,0,729,31.200000000000003,85,5.5
2021,2,17,7,30,31.05,0.16,2.5,143,894,909,0,16.3,35.21,959,143,894,0,909,33.800000000000004,84,5.1000000000000005
2021,2,17,8,30,19.35,0.16,2.5,150,918,1017,0,15.200000000000001,29.48,958,150,918,0,1017,35.7,83,4.7
2021,2,17,9,30,15.16,0.16,2.5,164,907,1039,0,14,25.63,957,164,907,0,1039,36.9,85,4.3
2021,2,17,10,30,23.01,0.16,2.5,162,891,982,0,13,23.12,955,162,891,0,982,37.5,88,4.1000000000000005
2021,2,17,11,30,35.69,0.16,2.5,155,852,847,0,12.100000000000001,22.01,955,155,852,0,847,37.4,91,4
2021,2,17,12,30,49.620000000000005,0.16,2.5,139,782,646,0,11.5,21.94,954,139,782,0,646,36.7,94,3.9000000000000004
2021,2,17,13,30,63.97,0.16,2.5,115,648,399,7,11.100000000000001,23.21,955,218,71,0,249,35.2,96,3.6
2021,2,17,14,30,78.49,0.16,2.5,71,360,143,7,10.9,26.580000000000002,955,109,143,7,138,32.6,101,2.6
2021,2,17,15,30,93.2,0.16,2.5,0,0,0,7,11.4,30.77,956,0,0,0,0,30.5,110,2.6
2021,2,17,16,30,107.89,0.16,2.6,0,0,0,7,11.8,33.49,957,0,0,0,0,29.5,118,4
2021,2,17,17,30,122.56,0.16,2.6,0,0,0,7,13.100000000000001,40.230000000000004,958,0,0,0,0,27.900000000000002,122,5.1000000000000005
2021,2,17,18,30,137.17000000000002,0.16,2.7,0,0,0,7,15.3,51.6,959,0,0,0,0,26,121,5.300000000000001
2021,2,17,19,30,151.56,0.16,2.7,0,0,0,7,17.2,64.15,959,0,0,0,0,24.400000000000002,116,5
2021,2,17,20,30,165.04,0.16,2.7,0,0,0,3,18.2,72.19,959,0,0,0,0,23.5,109,4.6000000000000005
2021,2,17,21,30,171.04,0.16,2.7,0,0,0,7,18.6,77.14,958,0,0,0,0,22.8,102,4.3
2021,2,17,22,30,160.54,0.16,2.7,0,0,0,8,18.8,80.91,958,0,0,0,0,22.200000000000003,96,4.2
2021,2,17,23,30,146.56,0.16,2.6,0,0,0,3,18.900000000000002,83.64,958,0,0,0,0,21.8,91,4.1000000000000005
2021,2,18,0,30,132.06,0.16,2.6,0,0,0,8,19.1,86,959,0,0,0,0,21.5,86,4.2
2021,2,18,1,30,117.41,0.16,2.6,0,0,0,3,19.200000000000003,87.66,959,0,0,0,0,21.3,82,4.1000000000000005
2021,2,18,2,30,102.72,0.16,2.6,0,0,0,3,19.3,87.67,960,0,0,0,0,21.400000000000002,80,4.3
2021,2,18,3,30,87.78,0.16,2.5,17,72,20,7,19.400000000000002,81.46000000000001,961,16,1,7,16,22.700000000000003,79,4.9
2021,2,18,4,30,73.35000000000001,0.16,2.5,73,586,241,3,19.3,68.1,961,161,54,0,177,25.6,79,5.4
2021,2,18,5,30,58.85,0.16,2.5,95,792,505,0,19,54.660000000000004,961,95,792,0,505,29.1,78,5.300000000000001
2021,2,18,6,30,44.57,0.16,2.4000000000000004,107,893,743,0,18.400000000000002,43.7,961,107,893,0,743,32.300000000000004,77,4.9
2021,2,18,7,30,30.87,0.16,2.4000000000000004,114,943,923,0,17.2,35.5,959,114,943,0,923,34.7,79,4.5
2021,2,18,8,30,19.07,0.16,2.5,118,965,1030,0,15.8,29.330000000000002,958,118,965,0,1030,36.5,83,4.1000000000000005
2021,2,18,9,30,14.81,0.16,2.5,143,936,1048,0,14.5,25.45,957,143,936,0,1048,37.6,90,3.7
2021,2,18,10,30,22.8,0.16,2.6,140,921,989,0,13.700000000000001,23.59,956,140,921,0,989,38,99,3.5
2021,2,18,11,30,35.57,0.16,2.7,133,884,852,0,13.200000000000001,22.97,955,133,884,0,852,37.9,107,3.5
2021,2,18,12,30,49.550000000000004,0.16,2.7,121,817,651,0,12.9,23.55,954,121,817,0,651,37.1,112,3.4000000000000004
2021,2,18,13,30,63.93,0.16,2.8000000000000003,105,674,401,0,12.8,25.240000000000002,955,105,674,0,401,35.7,115,3.2
2021,2,18,14,30,78.47,0.16,2.9000000000000004,68,371,142,0,12.9,28.5,955,68,371,0,142,33.6,119,2.5
2021,2,18,15,30,93.21000000000001,0.16,2.9000000000000004,0,0,0,0,13.3,31.75,956,0,0,0,0,32.2,124,2.6
2021,2,18,16,30,107.91,0.16,3,0,0,0,0,13.700000000000001,34.51,957,0,0,0,0,31.200000000000003,128,3.8000000000000003
2021,2,18,17,30,122.61,0.16,3,0,0,0,0,14.9,40.730000000000004,958,0,0,0,0,29.6,130,4.9
2021,2,18,18,30,137.24,0.16,3,0,0,0,0,16.5,51.21,959,0,0,0,0,27.5,128,5.4
2021,2,18,19,30,151.67000000000002,0.16,3,0,0,0,0,17.900000000000002,62.61,959,0,0,0,0,25.6,122,5.2
2021,2,18,20,30,165.25,0.16,2.9000000000000004,0,0,0,0,18.6,71.15,959,0,0,0,0,24.200000000000003,114,4.7
2021,2,18,21,30,171.37,0.16,2.8000000000000003,0,0,0,0,18.900000000000002,76.10000000000001,958,0,0,0,0,23.3,105,4.3
2021,2,18,22,30,160.67000000000002,0.16,2.7,0,0,0,0,18.900000000000002,79.04,958,0,0,0,0,22.700000000000003,98,3.9000000000000004
2021,2,18,23,30,146.61,0.16,2.6,0,0,0,0,18.900000000000002,82,958,0,0,0,0,22.1,90,3.5
2021,2,19,0,30,132.08,0.16,2.5,0,0,0,0,19,84.48,959,0,0,0,0,21.700000000000003,83,3.2
2021,2,19,1,30,117.41,0.16,2.4000000000000004,0,0,0,0,19.1,87.81,959,0,0,0,0,21.200000000000003,78,3.1
2021,2,19,2,30,102.7,0.16,2.3000000000000003,0,0,0,0,19.3,89.29,960,0,0,0,0,21.1,77,3.3000000000000003
2021,2,19,3,30,87.74,0.16,2.3000000000000003,17,53,19,0,19.400000000000002,82.79,961,17,53,0,19,22.5,77,4.3
2021,2,19,4,30,73.29,0.16,2.3000000000000003,78,557,239,0,19.200000000000003,68.27,961,78,557,0,239,25.5,76,5.2
2021,2,19,5,30,58.76,0.16,2.3000000000000003,103,773,504,0,18.5,53.01,961,103,773,0,504,29,73,5.7
2021,2,19,6,30,44.45,0.16,2.4000000000000004,116,872,739,0,17.3,40.76,960,116,872,0,739,32.300000000000004,66,5.7
2021,2,19,7,30,30.69,0.16,2.5,124,923,918,0,15.9,32.32,959,124,923,0,918,34.9,59,5.5
2021,2,19,8,30,18.79,0.16,2.6,127,947,1024,0,15,27.69,958,127,947,0,1024,36.6,53,5.300000000000001
2021,2,19,9,30,14.47,0.16,2.7,111,976,1056,0,14.4,25.150000000000002,956,111,976,0,1056,37.7,51,5
2021,2,19,10,30,22.6,0.16,2.8000000000000003,110,962,997,0,13.9,23.69,955,110,962,0,997,38.2,52,4.7
2021,2,19,11,30,35.46,0.16,2.9000000000000004,107,926,861,0,13.5,23.27,954,107,926,0,861,38,56,4.5
2021,2,19,12,30,49.480000000000004,0.16,3,130,789,643,0,13.100000000000001,23.76,954,130,789,0,643,37.2,63,4.3
2021,2,19,13,30,63.9,0.16,3.1,109,655,397,7,12.9,25.240000000000002,955,208,57,0,233,35.800000000000004,71,3.9000000000000004
2021,2,19,14,30,78.46000000000001,0.16,3.2,68,372,142,7,12.700000000000001,27.830000000000002,956,108,115,7,132,33.9,76,3.1
2021,2,19,15,30,93.22,0.16,3.2,0,0,0,7,12.8,30.060000000000002,957,0,0,0,0,32.6,79,2.9000000000000004
2021,2,19,16,30,107.94,0.16,3.2,0,0,0,7,12.8,31.61,958,0,0,0,0,31.700000000000003,84,3.4000000000000004
2021,2,19,17,30,122.65,0.16,3.1,0,0,0,7,13.100000000000001,34.82,959,0,0,0,0,30.400000000000002,93,3.8000000000000003
2021,2,19,18,30,137.31,0.16,3.1,0,0,0,7,14.200000000000001,41.03,959,0,0,0,0,28.700000000000003,102,4.1000000000000005
2021,2,19,19,30,151.79,0.16,3,0,0,0,7,15.8,50.370000000000005,959,0,0,0,0,27,107,4.3
2021,2,19,20,30,165.46,0.16,3,0,0,0,1,17.400000000000002,61.06,959,0,0,0,0,25.400000000000002,111,4.2
2021,2,19,21,30,171.70000000000002,0.16,2.9000000000000004,0,0,0,8,18.400000000000002,70.22,959,0,0,0,0,24.200000000000003,113,4.1000000000000005
2021,2,19,22,30,160.79,0.16,2.9000000000000004,0,0,0,7,19,76.97,958,0,0,0,0,23.3,111,3.8000000000000003
2021,2,19,23,30,146.66,0.16,2.8000000000000003,0,0,0,7,19.3,81.64,958,0,0,0,0,22.6,108,3.5
2021,2,20,0,30,132.09,0.15,2.8000000000000003,0,0,0,7,19.400000000000002,84.97,958,0,0,0,0,22,104,3.3000000000000003
2021,2,20,1,30,117.4,0.15,2.9000000000000004,0,0,0,7,19.400000000000002,87.04,959,0,0,0,0,21.6,97,3.3000000000000003
2021,2,20,2,30,102.67,0.15,3,0,0,0,7,19.3,86.78,960,0,0,0,0,21.6,86,3.9000000000000004
2021,2,20,3,30,87.69,0.15,3.1,17,33,18,7,19.200000000000003,80.93,961,16,0,7,16,22.6,76,5.1000000000000005
2021,2,20,4,30,73.22,0.15,3.1,88,494,231,7,18.5,67.17,961,152,110,0,184,25,70,6
2021,2,20,5,30,58.67,0.15,3.1,118,715,490,7,17.5,53.050000000000004,961,218,378,0,415,28,68,6.2
2021,2,20,6,30,44.33,0.15,3.1,163,764,710,7,16.8,42.7,961,325,357,0,580,30.900000000000002,67,5.9
2021,2,20,7,30,30.51,0.15,3.1,179,819,885,7,16.2,35.71,960,333,510,0,772,33.4,66,5.5
2021,2,20,8,30,18.51,0.15,3.1,191,843,990,7,15.700000000000001,31.27,958,337,518,0,828,35.2,64,4.9
2021,2,20,9,30,14.120000000000001,0.15,3.2,142,922,1036,7,15.3,28.45,957,342,526,0,852,36.5,62,4.5
2021,2,20,10,30,22.400000000000002,0.15,3.3000000000000003,139,910,980,7,15.200000000000001,27.5,956,381,397,0,747,37,60,4.1000000000000005
2021,2,20,11,30,35.35,0.15,3.4000000000000004,132,874,845,7,15.200000000000001,27.740000000000002,955,329,388,0,645,36.800000000000004,59,3.9000000000000004
2021,2,20,12,30,49.42,0.15,3.5,119,808,645,1,15.200000000000001,29.18,955,119,808,0,645,35.9,58,3.8000000000000003
2021,2,20,13,30,63.870000000000005,0.15,3.7,98,684,399,1,15.3,31.45,955,98,684,1,399,34.7,58,3.6
2021,2,20,14,30,78.46000000000001,0.15,3.8000000000000003,62,411,144,3,15.600000000000001,34.71,956,107,93,1,125,33.2,60,2.8000000000000003
2021,2,20,15,30,93.23,0.15,3.9000000000000004,0,0,0,7,15.700000000000001,37.59,957,0,0,0,0,32,65,2.2
2021,2,20,16,30,107.96000000000001,0.15,3.9000000000000004,0,0,0,8,15.700000000000001,38.99,958,0,0,0,0,31.3,73,2.2
2021,2,20,17,30,122.7,0.15,3.9000000000000004,0,0,0,7,15.600000000000001,40.32,958,0,0,0,0,30.6,89,2.7
2021,2,20,18,30,137.38,0.15,3.9000000000000004,0,0,0,7,15.600000000000001,42.84,959,0,0,0,0,29.6,108,3.7
2021,2,20,19,30,151.9,0.15,3.9000000000000004,0,0,0,7,16.1,47.99,959,0,0,0,0,28.1,116,4.9
2021,2,20,20,30,165.67000000000002,0.15,3.8000000000000003,0,0,0,7,16.8,55.730000000000004,959,0,0,0,0,26.400000000000002,116,5.4
2021,2,20,21,30,172.03,0.15,3.7,0,0,0,7,17.6,64.44,959,0,0,0,0,24.8,109,5.2
2021,2,20,22,30,160.9,0.15,3.5,0,0,0,7,18.1,71.46000000000001,959,0,0,0,0,23.6,99,4.6000000000000005
2021,2,20,23,30,146.70000000000002,0.15,3.3000000000000003,0,0,0,7,18.400000000000002,76.03,959,0,0,0,0,22.8,87,4.2
2021,2,21,0,30,132.1,0.15,3.2,0,0,0,8,18.400000000000002,79.15,959,0,0,0,0,22.200000000000003,76,3.8000000000000003
2021,2,21,1,30,117.38,0.15,3,0,0,0,7,18.400000000000002,81.09,959,0,0,0,0,21.8,65,3.7
2021,2,21,2,30,102.64,0.15,2.8000000000000003,0,0,0,7,18.400000000000002,82.27,960,0,0,0,0,21.5,57,4
2021,2,21,3,30,87.65,0.15,2.7,17,40,19,7,18,75.47,960,16,0,7,16,22.6,54,5.2
2021,2,21,4,30,73.15,0.15,2.6,84,525,237,7,16.6,59.1,961,153,135,0,192,25.1,55,6.4
2021,2,21,5,30,58.58,0.15,2.6,114,737,498,8,14.9,44.230000000000004,961,212,475,0,460,28.200000000000003,57,6.6000000000000005
2021,2,21,6,30,44.2,0.15,2.6,132,837,732,0,13.9,35.13,960,132,837,0,732,31.1,59,6.2
2021,2,21,7,30,30.330000000000002,0.15,2.6,144,889,912,0,13.3,29.41,960,144,889,0,912,33.5,60,5.800000000000001
2021,2,21,8,30,18.22,0.15,2.7,152,909,1015,0,12.8,25.92,958,152,909,0,1015,35.2,62,5.300000000000001
2021,2,21,9,30,13.77,0.15,2.7,122,961,1055,0,12.5,23.96,957,122,961,0,1055,36.300000000000004,62,5
2021,2,21,10,30,22.21,0.15,2.7,119,950,999,0,12.200000000000001,22.8,956,119,950,0,999,36.9,61,4.800000000000001
2021,2,21,11,30,35.25,0.15,2.7,112,921,864,0,12,22.57,955,112,921,0,864,36.800000000000004,61,4.7
2021,2,21,12,30,49.370000000000005,0.15,2.6,116,830,657,0,11.8,23.32,955,116,830,0,657,36,61,4.7
2021,2,21,13,30,63.84,0.15,2.6,92,723,411,0,11.700000000000001,24.830000000000002,955,92,723,0,411,34.7,61,4.4
2021,2,21,14,30,78.45,0.15,2.6,57,476,152,0,11.700000000000001,28.02,956,57,476,0,152,32.5,63,3.5
2021,2,21,15,30,93.24,0.15,2.6,0,0,0,0,11.8,31.220000000000002,957,0,0,0,0,30.8,65,3.1
2021,2,21,16,30,107.99000000000001,0.15,2.5,0,0,0,0,11.9,33.07,958,0,0,0,0,29.900000000000002,66,3.7
2021,2,21,17,30,122.75,0.15,2.5,0,0,0,0,12,35.36,959,0,0,0,0,28.8,69,4
2021,2,21,18,30,137.46,0.15,2.4000000000000004,0,0,0,0,12.100000000000001,38.550000000000004,959,0,0,0,0,27.5,78,4.4
2021,2,21,19,30,152.01,0.15,2.4000000000000004,0,0,0,0,13,44.61,959,0,0,0,0,26,88,5
2021,2,21,20,30,165.88,0.15,2.3000000000000003,0,0,0,0,14.8,55.15,959,0,0,0,0,24.400000000000002,93,5.300000000000001
2021,2,21,21,30,172.36,0.15,2.3000000000000003,0,0,0,0,16.7,67.64,959,0,0,0,0,23,91,5.300000000000001
2021,2,21,22,30,161,0.15,2.2,0,0,0,0,18,77.95,959,0,0,0,0,22,88,5
2021,2,21,23,30,146.74,0.15,2.1,0,0,0,0,18.6,84.71000000000001,959,0,0,0,0,21.3,86,4.7
2021,2,22,0,30,132.1,0.15,2.1,0,0,0,3,18.900000000000002,88.32000000000001,959,0,0,0,0,20.900000000000002,82,4.7
2021,2,22,1,30,117.36,0.15,2.1,0,0,0,0,19,90.66,960,0,0,0,0,20.6,78,5
2021,2,22,2,30,102.60000000000001,0.15,2.1,0,0,0,7,19,90.59,960,0,0,0,0,20.6,74,5.5
2021,2,22,3,30,87.60000000000001,0.15,2.1,18,76,22,7,18.8,82.58,961,18,1,7,18,21.900000000000002,72,6.4
2021,2,22,4,30,73.08,0.15,2,72,618,251,7,17.900000000000002,66.72,962,142,188,0,196,24.5,71,7.1000000000000005
2021,2,22,5,30,58.49,0.15,1.9000000000000001,90,828,522,0,16.400000000000002,50.050000000000004,962,90,828,0,522,27.700000000000003,71,7.4
2021,2,22,6,30,44.08,0.15,1.9000000000000001,102,917,761,0,14.8,38.550000000000004,962,102,917,0,761,30.5,70,7.4
2021,2,22,7,30,30.150000000000002,0.15,1.9000000000000001,109,965,943,0,13.5,30.93,961,109,965,0,943,32.9,70,7.300000000000001
2021,2,22,8,30,17.93,0.15,2,114,984,1050,0,12.3,26.02,960,114,984,0,1050,34.6,70,7
2021,2,22,9,30,13.42,0.15,2,122,978,1074,0,11.3,22.84,958,122,978,0,1074,35.800000000000004,71,6.5
2021,2,22,10,30,22.02,0.15,2.2,123,958,1011,7,10.8,21.56,957,329,538,0,828,36.2,72,6
2021,2,22,11,30,35.15,0.15,2.3000000000000003,119,919,871,7,10.700000000000001,21.56,956,382,305,0,631,36.1,75,5.6000000000000005
2021,2,22,12,30,49.32,0.15,2.5,112,844,662,0,11,22.76,956,112,844,0,662,35.4,77,5.2
2021,2,22,13,30,63.82,0.15,2.7,99,703,409,0,11.4,25.39,957,99,703,0,409,33.9,80,4.6000000000000005
2021,2,22,14,30,78.45,0.15,2.8000000000000003,67,396,146,0,11.9,28.91,957,67,396,0,146,32.2,87,4
2021,2,22,15,30,93.26,0.15,3,0,0,0,0,12.700000000000001,32.99,958,0,0,0,0,30.8,97,4.1000000000000005
2021,2,22,16,30,108.03,0.15,3.1,0,0,0,0,13.9,37.96,959,0,0,0,0,29.700000000000003,107,5
2021,2,22,17,30,122.8,0.15,3.2,0,0,0,0,15.600000000000001,46.47,960,0,0,0,0,28.1,110,5.6000000000000005
2021,2,22,18,30,137.53,0.15,3.2,0,0,0,0,17.2,56.71,960,0,0,0,0,26.5,107,5.5
2021,2,22,19,30,152.12,0.15,3.1,0,0,0,0,18.3,65.97,960,0,0,0,0,25.1,102,5.1000000000000005
2021,2,22,20,30,166.09,0.15,3.1,0,0,0,7,18.900000000000002,72.11,960,0,0,0,0,24.200000000000003,96,4.800000000000001
2021,2,22,21,30,172.69,0.15,3,0,0,0,0,19.1,76.44,959,0,0,0,0,23.5,92,4.6000000000000005
2021,2,22,22,30,161.1,0.15,2.9000000000000004,0,0,0,0,19.3,80.04,959,0,0,0,0,22.900000000000002,89,4.4
2021,2,22,23,30,146.77,0.15,2.8000000000000003,0,0,0,7,19.400000000000002,83.25,959,0,0,0,0,22.400000000000002,86,4.3
2021,2,23,0,30,132.1,0.15,2.7,0,0,0,7,19.5,85.41,959,0,0,0,0,22.1,82,4.3
2021,2,23,1,30,117.34,0.15,2.6,0,0,0,7,19.6,87.45,960,0,0,0,0,21.8,79,4.2
2021,2,23,2,30,102.56,0.15,2.5,0,0,0,7,19.6,87.57000000000001,960,0,0,0,0,21.8,75,4.4
2021,2,23,3,30,87.55,0.15,2.4000000000000004,19,55,21,7,19.6,81.09,961,17,0,7,17,23,72,5.1000000000000005
2021,2,23,4,30,73.01,0.15,2.4000000000000004,79,567,245,3,19.200000000000003,67.53,962,104,2,0,104,25.700000000000003,69,5.800000000000001
2021,2,23,5,30,58.39,0.15,2.3000000000000003,98,794,514,7,18.6,53.620000000000005,962,201,466,0,445,28.900000000000002,64,6
2021,2,23,6,30,43.95,0.15,2.3000000000000003,106,898,752,0,17.3,42.52,961,106,898,0,752,31.6,61,5.9
2021,2,23,7,30,29.97,0.15,2.3000000000000003,111,950,935,0,16,34.7,960,111,950,0,935,33.7,60,5.6000000000000005
2021,2,23,8,30,17.650000000000002,0.15,2.4000000000000004,115,971,1041,0,14.8,29.51,959,115,971,0,1041,35.300000000000004,61,5.300000000000001
2021,2,23,9,30,13.07,0.15,2.5,119,970,1064,0,14,26.37,958,119,970,0,1064,36.300000000000004,62,5
2021,2,23,10,30,21.830000000000002,0.15,2.6,119,954,1004,0,13.5,24.97,957,119,954,0,1004,36.7,64,4.7
2021,2,23,11,30,35.06,0.15,2.8000000000000003,116,913,863,0,13.200000000000001,24.64,956,116,913,0,863,36.6,66,4.6000000000000005
2021,2,23,12,30,49.27,0.15,2.8000000000000003,117,825,655,0,13,25.47,956,117,825,0,655,35.800000000000004,68,4.6000000000000005
2021,2,23,13,30,63.800000000000004,0.15,2.9000000000000004,101,688,405,0,12.9,27.21,956,101,688,0,405,34.5,69,4.4
2021,2,23,14,30,78.45,0.15,2.9000000000000004,65,404,146,0,12.9,29.990000000000002,957,65,404,0,146,32.800000000000004,71,3.7
2021,2,23,15,30,93.27,0.15,2.9000000000000004,0,0,0,0,13.100000000000001,32.32,957,0,0,0,0,31.6,75,3.5
2021,2,23,16,30,108.06,0.15,2.8000000000000003,0,0,0,0,13.100000000000001,33.96,958,0,0,0,0,30.8,83,3.8000000000000003
2021,2,23,17,30,122.85000000000001,0.15,2.7,0,0,0,0,13.3,36.94,959,0,0,0,0,29.6,94,4.2
2021,2,23,18,30,137.6,0.15,2.7,0,0,0,0,14.3,43.160000000000004,959,0,0,0,0,28,103,4.9
2021,2,23,19,30,152.23,0.15,2.7,0,0,0,0,16.1,54.21,959,0,0,0,0,26.1,105,5.1000000000000005
2021,2,23,20,30,166.29,0.15,2.6,0,0,0,0,17.8,66.36,959,0,0,0,0,24.5,100,5
2021,2,23,21,30,173.01,0.15,2.6,0,0,0,0,18.900000000000002,76.31,959,0,0,0,0,23.3,93,4.7
2021,2,23,22,30,161.19,0.15,2.5,0,0,0,0,19.400000000000002,82.07000000000001,958,0,0,0,0,22.6,87,4.4
2021,2,23,23,30,146.79,0.15,2.4000000000000004,0,0,0,0,19.6,86.12,958,0,0,0,0,22,82,4.2
2021,2,24,0,30,132.09,0.15,2.2,0,0,0,0,19.700000000000003,88.14,959,0,0,0,0,21.700000000000003,78,4.1000000000000005
2021,2,24,1,30,117.32000000000001,0.15,2.1,0,0,0,0,19.700000000000003,89.65,959,0,0,0,0,21.5,75,4.2
2021,2,24,2,30,102.52,0.15,2,0,0,0,0,19.8,89.99,960,0,0,0,0,21.5,72,4.4
2021,2,24,3,30,87.49,0.15,1.9000000000000001,19,56,22,0,19.8,83.89,961,19,56,0,22,22.700000000000003,71,5.1000000000000005
2021,2,24,4,30,72.94,0.15,1.9000000000000001,84,559,247,0,19.5,69.76,961,84,559,0,247,25.400000000000002,71,5.6000000000000005
2021,2,24,5,30,58.300000000000004,0.15,1.9000000000000001,106,781,516,0,18.5,54.230000000000004,961,106,781,0,516,28.6,70,5.800000000000001
2021,2,24,6,30,43.82,0.15,2,126,866,750,0,16.8,41.38,961,126,866,0,750,31.5,67,5.800000000000001
2021,2,24,7,30,29.79,0.15,2,135,918,932,0,15.4,33.35,960,135,918,0,932,33.7,64,5.800000000000001
2021,2,24,8,30,17.36,0.15,2,139,946,1042,0,13.9,27.57,958,139,946,0,1042,35.4,62,5.7
2021,2,24,9,30,12.72,0.15,2.1,139,951,1066,0,12.4,23.400000000000002,957,139,951,0,1066,36.6,61,5.5
2021,2,24,10,30,21.650000000000002,0.15,2.1,134,943,1010,0,11,20.78,956,134,943,0,1010,37.1,63,5.2
2021,2,24,11,30,34.97,0.15,2.1,125,914,873,0,9.9,19.37,955,125,914,0,873,37.1,67,4.9
2021,2,24,12,30,49.22,0.15,2.1,112,853,669,0,9.200000000000001,19.14,955,112,853,0,669,36.4,72,4.7
2021,2,24,13,30,63.78,0.15,2.2,92,734,417,0,8.700000000000001,20.1,955,92,734,0,417,34.9,77,4.2
2021,2,24,14,30,78.45,0.15,2.2,59,470,153,0,8.5,23.19,956,59,470,0,153,32.1,84,2.9000000000000004
2021,2,24,15,30,93.29,0.15,2.2,0,0,0,0,8.9,27.2,957,0,0,0,0,29.8,96,2.7
2021,2,24,16,30,108.10000000000001,0.15,2.3000000000000003,0,0,0,0,9.8,30.88,958,0,0,0,0,28.6,109,4
2021,2,24,17,30,122.9,0.15,2.4000000000000004,0,0,0,0,12.200000000000001,39.980000000000004,959,0,0,0,0,26.900000000000002,116,5.2
2021,2,24,18,30,137.68,0.15,2.5,0,0,0,0,15.3,54.83,960,0,0,0,0,25,115,5.4
2021,2,24,19,30,152.34,0.15,2.5,0,0,0,0,17.400000000000002,68.35000000000001,960,0,0,0,0,23.6,109,5.1000000000000005
2021,2,24,20,30,166.49,0.15,2.5,0,0,0,0,18.3,76.41,960,0,0,0,0,22.700000000000003,103,4.6000000000000005
2021,2,24,21,30,173.33,0.15,2.4000000000000004,0,0,0,0,18.7,81.33,960,0,0,0,0,22,98,4.3
2021,2,24,22,30,161.27,0.15,2.3000000000000003,0,0,0,0,18.8,84.67,959,0,0,0,0,21.5,95,4.1000000000000005
2021,2,24,23,30,146.81,0.15,2.2,0,0,0,0,19,88.27,959,0,0,0,0,21,91,4
2021,2,25,0,30,132.08,0.15,2.1,0,0,0,0,19.1,90.10000000000001,959,0,0,0,0,20.8,89,4
2021,2,25,1,30,117.29,0.15,2,0,0,0,0,19.1,91.93,960,0,0,0,0,20.5,87,3.8000000000000003
2021,2,25,2,30,102.47,0.15,1.9000000000000001,0,0,0,0,19.1,91.42,960,0,0,0,0,20.5,86,3.9000000000000004
2021,2,25,3,30,87.43,0.15,1.8,19,54,22,0,18.900000000000002,84.25,961,19,54,0,22,21.700000000000003,86,4.3
2021,2,25,4,30,72.86,0.15,1.8,86,554,249,0,18.400000000000002,69.13,961,86,554,0,249,24.400000000000002,87,4.800000000000001
2021,2,25,5,30,58.2,0.15,1.8,109,778,519,0,17.5,53.02,961,109,778,0,519,28,86,5
2021,2,25,6,30,43.69,0.15,1.8,119,886,760,0,15.8,38.75,961,119,886,0,760,31.5,82,5
2021,2,25,7,30,29.61,0.15,1.9000000000000001,125,939,941,0,13.700000000000001,29.13,960,125,939,0,941,34.2,76,4.9
2021,2,25,8,30,17.07,0.15,1.9000000000000001,128,966,1051,0,12.100000000000001,23.8,958,128,966,0,1051,36,73,4.800000000000001
2021,2,25,9,30,12.36,0.15,2,135,959,1072,0,10.9,20.59,957,135,959,0,1072,37.1,74,4.800000000000001
2021,2,25,10,30,21.48,0.15,2,129,952,1015,0,9.9,18.94,956,129,952,0,1015,37.5,76,4.9
2021,2,25,11,30,34.88,0.15,2.1,121,920,876,0,9.3,18.39,955,121,920,0,876,37.300000000000004,79,5
2021,2,25,12,30,49.18,0.15,2.1,105,869,673,0,8.9,18.72,955,105,869,0,673,36.5,81,5
2021,2,25,13,30,63.77,0.15,2.1,88,753,421,0,8.700000000000001,20.080000000000002,955,88,753,0,421,34.9,83,4.7
2021,2,25,14,30,78.46000000000001,0.15,2.1,56,493,155,0,8.6,22.95,956,56,493,0,155,32.4,88,3.7
2021,2,25,15,30,93.32000000000001,0.15,2.1,0,0,0,0,8.9,26.19,957,0,0,0,0,30.400000000000002,96,3.4000000000000004
2021,2,25,16,30,108.13,0.15,2.1,0,0,0,0,9.3,28.55,958,0,0,0,0,29.400000000000002,105,4.3
2021,2,25,17,30,122.95,0.15,2.2,0,0,0,0,10.600000000000001,34.07,958,0,0,0,0,27.900000000000002,112,4.6000000000000005
2021,2,25,18,30,137.75,0.15,2.2,0,0,0,0,13,43.88,959,0,0,0,0,26.3,112,4.7
2021,2,25,19,30,152.45000000000002,0.15,2.2,0,0,0,0,15.600000000000001,55.83,959,0,0,0,0,25,106,4.5
2021,2,25,20,30,166.68,0.15,2.1,0,0,0,0,16.900000000000002,64.46000000000001,959,0,0,0,0,24,100,4
2021,2,25,21,30,173.65,0.15,2.1,0,0,0,3,17.6,70.18,958,0,0,0,0,23.3,96,3.8000000000000003
2021,2,25,22,30,161.34,0.15,2.1,0,0,0,0,18,74.76,958,0,0,0,0,22.700000000000003,94,3.6
2021,2,25,23,30,146.82,0.15,2,0,0,0,0,18.3,78.44,958,0,0,0,0,22.200000000000003,91,3.6
2021,2,26,0,30,132.07,0.15,1.9000000000000001,0,0,0,0,18.5,81.93,959,0,0,0,0,21.700000000000003,88,3.3000000000000003
2021,2,26,1,30,117.25,0.15,1.9000000000000001,0,0,0,0,18.6,85.8,959,0,0,0,0,21.1,85,3
2021,2,26,2,30,102.43,0.15,1.8,0,0,0,0,18.8,88.21000000000001,960,0,0,0,0,20.8,81,3.1
2021,2,26,3,30,87.37,0.15,1.7000000000000002,20,105,25,0,18.900000000000002,83.18,960,20,105,0,25,21.900000000000002,78,4
2021,2,26,4,30,72.78,0.15,1.7000000000000002,74,621,258,0,18.5,68.95,961,74,621,0,258,24.6,77,4.800000000000001
2021,2,26,5,30,58.1,0.15,1.7000000000000002,95,822,529,0,17.400000000000002,51.49,961,95,822,0,529,28.3,76,5.2
2021,2,26,6,30,43.56,0.15,1.7000000000000002,107,913,769,0,15,36.09,960,107,913,0,769,31.900000000000002,75,5.5
2021,2,26,7,30,29.43,0.15,1.8,114,959,949,0,12.4,26.11,959,114,959,0,949,34.6,77,5.5
2021,2,26,8,30,16.78,0.15,1.9000000000000001,118,979,1056,0,10.600000000000001,21.18,958,118,979,0,1056,36.300000000000004,81,5.300000000000001
2021,2,26,9,30,12.01,0.15,2,116,986,1081,0,9.5,18.52,957,116,986,0,1081,37.4,87,5.1000000000000005
2021,2,26,10,30,21.31,0.15,2,115,974,1022,0,8.8,17.31,955,115,974,0,1022,37.800000000000004,92,4.800000000000001
2021,2,26,11,30,34.81,0.15,2.1,109,941,881,0,8.5,17.16,955,109,941,0,881,37.6,96,4.5
2021,2,26,12,30,49.15,0.15,2.1,96,888,677,0,8.4,17.650000000000002,954,96,888,0,677,36.9,99,4.3
2021,2,26,13,30,63.76,0.15,2.2,81,774,423,0,8.4,19.29,955,81,774,0,423,35.300000000000004,103,3.9000000000000004
2021,2,26,14,30,78.47,0.15,2.3000000000000003,53,513,156,0,8.6,22.75,955,53,513,0,156,32.6,112,3.2
2021,2,26,15,30,93.34,0.15,2.3000000000000003,0,0,0,0,9.5,27.6,956,0,0,0,0,30.200000000000003,121,3.5
2021,2,26,16,30,108.17,0.15,2.4000000000000004,0,0,0,0,11,33.17,957,0,0,0,0,28.8,124,4.6000000000000005
2021,2,26,17,30,123.01,0.15,2.5,0,0,0,0,13.3,42.82,958,0,0,0,0,27,123,4.800000000000001
2021,2,26,18,30,137.82,0.15,2.5,0,0,0,0,15.5,54.17,958,0,0,0,0,25.400000000000002,118,4.5
2021,2,26,19,30,152.55,0.15,2.5,0,0,0,0,17.1,64.88,958,0,0,0,0,24.1,111,4
2021,2,26,20,30,166.87,0.15,2.5,0,0,0,0,18,72.78,958,0,0,0,0,23.200000000000003,104,3.7
2021,2,26,21,30,173.96,0.15,2.5,0,0,0,0,18.6,78.79,958,0,0,0,0,22.5,98,3.5
2021,2,26,22,30,161.4,0.15,2.5,0,0,0,0,19,82.89,957,0,0,0,0,22,92,3.5
2021,2,26,23,30,146.83,0.15,2.5,0,0,0,0,19.200000000000003,86.55,957,0,0,0,0,21.5,86,3.5
2021,2,27,0,30,132.05,0.15,2.4000000000000004,0,0,0,0,19.3,89.3,957,0,0,0,0,21.1,80,3.6
2021,2,27,1,30,117.22,0.15,2.4000000000000004,0,0,0,0,19.3,91.4,958,0,0,0,0,20.8,75,3.6
2021,2,27,2,30,102.37,0.15,2.3000000000000003,0,0,0,0,19.400000000000002,91.19,959,0,0,0,0,20.900000000000002,71,3.8000000000000003
2021,2,27,3,30,87.31,0.15,2.2,20,78,23,0,19.400000000000002,83.29,959,20,78,0,23,22.400000000000002,69,4.7
2021,2,27,4,30,72.7,0.15,2.2,78,586,252,0,19,67.03,960,78,586,0,252,25.6,68,5.5
2021,2,27,5,30,58,0.15,2.1,99,797,522,1,18,50.35,960,99,797,0,522,29.400000000000002,68,5.800000000000001
2021,2,27,6,30,43.43,0.15,2.1,117,882,757,0,15.9,36.19,959,117,882,0,757,32.9,66,5.7
2021,2,27,7,30,29.25,0.15,2.1,122,939,941,0,13.8,27.07,958,122,939,0,941,35.6,64,5.5
2021,2,27,8,30,16.490000000000002,0.15,2.2,122,965,1048,0,12.100000000000001,21.94,957,122,965,0,1048,37.4,65,5.2
2021,2,27,9,30,11.66,0.15,2.2,130,961,1071,0,10.700000000000001,18.93,956,130,961,0,1071,38.5,67,4.9
2021,2,27,10,30,21.150000000000002,0.15,2.2,129,947,1012,0,9.8,17.43,955,129,947,0,1012,38.900000000000006,71,4.800000000000001
2021,2,27,11,30,34.730000000000004,0.15,2.3000000000000003,123,910,871,0,9.3,17.03,954,123,910,0,871,38.7,74,4.7
2021,2,27,12,30,49.120000000000005,0.15,2.4000000000000004,113,842,664,0,9.1,17.57,954,113,842,0,664,37.9,76,4.7
2021,2,27,13,30,63.76,0.15,2.4000000000000004,95,716,412,0,9.200000000000001,19.2,954,95,716,0,412,36.300000000000004,77,4.4
2021,2,27,14,30,78.48,0.15,2.5,62,434,148,0,9.4,22.6,955,62,434,1,148,33.6,79,3.3000000000000003
2021,2,27,15,30,93.37,0.15,2.6,0,0,0,0,9.9,26.52,955,0,0,0,0,31.400000000000002,82,3
2021,2,27,16,30,108.21000000000001,0.15,2.6,0,0,0,0,10.5,29.17,956,0,0,0,0,30.400000000000002,89,3.8000000000000003
2021,2,27,17,30,123.06,0.15,2.7,0,0,0,0,11.600000000000001,34.07,957,0,0,0,0,29,98,4.6000000000000005
2021,2,27,18,30,137.9,0.15,2.7,0,0,0,0,13.700000000000001,43.300000000000004,958,0,0,0,0,27.3,105,5
2021,2,27,19,30,152.66,0.15,2.7,0,0,0,0,16.3,56.6,958,0,0,0,0,25.6,104,5.2
2021,2,27,20,30,167.06,0.15,2.6,0,0,0,0,18.3,69.41,958,0,0,0,0,24.3,99,4.9
2021,2,27,21,30,174.26,0.15,2.5,0,0,0,0,19.400000000000002,79.15,958,0,0,0,0,23.200000000000003,93,4.6000000000000005
2021,2,27,22,30,161.46,0.15,2.4000000000000004,0,0,0,0,19.8,84.88,957,0,0,0,0,22.5,88,4.3
2021,2,27,23,30,146.83,0.15,2.3000000000000003,0,0,0,0,20,89.01,957,0,0,0,0,21.900000000000002,83,4.1000000000000005
2021,2,28,0,30,132.03,0.15,2.1,0,0,0,0,20.1,92.05,957,0,0,0,0,21.400000000000002,77,4
2021,2,28,1,30,117.18,0.15,2,0,0,0,7,20,94.23,958,0,0,0,0,21,71,4.1000000000000005
2021,2,28,2,30,102.32000000000001,0.15,2,0,0,0,8,19.900000000000002,93.87,959,0,0,0,0,20.900000000000002,65,4.3
2021,2,28,3,30,87.25,0.15,2,20,108,25,0,19.6,84.27,959,20,108,0,25,22.400000000000002,62,5.2
2021,2,28,4,30,72.61,0.15,2,70,635,260,0,18.6,64.78,960,70,635,0,260,25.700000000000003,61,6
2021,2,28,5,30,57.89,0.15,2,89,828,529,0,16.8,45.83,960,89,828,0,529,29.700000000000003,61,6.5
2021,2,28,6,30,43.300000000000004,0.15,2,101,918,768,8,15.200000000000001,33.87,959,195,692,0,698,33.2,59,6.7
2021,2,28,7,30,29.07,0.15,2,107,965,950,7,13.5,26.1,958,252,656,0,826,36,57,6.800000000000001
2021,2,28,8,30,16.2,0.15,2,111,988,1059,0,11.8,20.98,957,111,988,0,1059,37.9,57,6.800000000000001
2021,2,28,9,30,11.3,0.15,2,103,1004,1088,0,10.200000000000001,17.75,956,103,1004,0,1088,39,58,6.6000000000000005
2021,2,28,10,30,21,0.15,2,101,993,1029,0,8.8,15.870000000000001,955,101,993,0,1029,39.400000000000006,60,6.5
2021,2,28,11,30,34.660000000000004,0.15,2,96,965,890,0,7.9,15.02,954,96,965,0,890,39.2,61,6.300000000000001
2021,2,28,12,30,49.09,0.15,2,94,895,680,0,7.2,15.120000000000001,954,94,895,0,680,38.300000000000004,62,6.1000000000000005
2021,2,28,13,30,63.75,0.15,2,79,786,426,0,6.800000000000001,16.03,954,79,786,0,426,36.7,64,5.5
2021,2,28,14,30,78.49,0.15,2,52,529,157,0,6.6000000000000005,18.56,954,52,529,0,157,33.800000000000004,66,4.1000000000000005
2021,2,28,15,30,93.4,0.15,2,0,0,0,7,6.800000000000001,21.54,955,0,0,0,0,31.400000000000002,71,3.4000000000000004
2021,2,28,16,30,108.25,0.15,2.1,0,0,0,7,7.300000000000001,23.82,956,0,0,0,0,30.200000000000003,81,4
2021,2,28,17,30,123.12,0.15,2.2,0,0,0,7,8.9,28.75,957,0,0,0,0,28.8,92,4.5
2021,2,28,18,30,137.97,0.15,2.3000000000000003,0,0,0,7,11.700000000000001,38.18,958,0,0,0,0,27.200000000000003,99,4.6000000000000005
2021,2,28,19,30,152.76,0.15,2.3000000000000003,0,0,0,0,14.8,50.86,958,0,0,0,0,25.700000000000003,99,4.5
2021,2,28,20,30,167.24,0.15,2.2,0,0,0,0,17,63.46,958,0,0,0,0,24.400000000000002,95,4.1000000000000005
2021,2,28,21,30,174.56,0.15,2.1,0,0,0,1,18.2,72.69,957,0,0,0,0,23.400000000000002,90,3.6
2021,2,28,22,30,161.5,0.15,1.9000000000000001,0,0,0,7,18.8,80.28,957,0,0,0,0,22.400000000000002,86,3
2021,2,28,23,30,146.82,0.15,1.8,0,0,0,6,19.200000000000003,85.99,957,0,0,0,0,21.6,84,2.8000000000000003
2021,3,1,0,30,132,0.15,1.7000000000000002,0,0,0,7,19.3,90.71000000000001,957,0,0,0,0,20.900000000000002,83,2.9000000000000004
2021,3,1,1,30,117.13,0.15,1.7000000000000002,0,0,0,1,19.400000000000002,93.95,958,0,0,0,0,20.400000000000002,82,3.2
2021,3,1,2,30,102.26,0.15,1.7000000000000002,0,0,0,0,19.3,94.24,959,0,0,0,0,20.3,81,4
2021,3,1,3,30,87.18,0.15,1.7000000000000002,22,55,24,0,19.1,85.75,960,22,55,0,24,21.6,79,5.4
2021,3,1,4,30,72.53,0.15,1.7000000000000002,89,550,254,0,18.1,68.07000000000001,960,89,550,0,254,24.400000000000002,76,6.5
2021,3,1,5,30,57.79,0.15,1.8,117,758,521,0,16.6,50.75,961,117,758,0,521,27.700000000000003,75,7
2021,3,1,6,30,43.17,0.15,1.8,169,788,744,0,14.700000000000001,37.480000000000004,960,169,788,0,744,30.900000000000002,73,7.300000000000001
2021,3,1,7,30,28.89,0.15,1.9000000000000001,181,848,924,0,12.700000000000001,28.240000000000002,960,181,848,0,924,33.6,72,7.4
2021,3,1,8,30,15.92,0.15,1.9000000000000001,188,875,1030,0,11.100000000000001,22.830000000000002,958,188,875,0,1030,35.5,70,7.300000000000001
2021,3,1,9,30,10.950000000000001,0.15,2,114,990,1086,0,10,19.76,957,114,990,0,1086,36.800000000000004,68,7.1000000000000005
2021,3,1,10,30,20.85,0.15,2,112,978,1026,0,9.1,17.96,956,112,978,0,1026,37.4,66,6.800000000000001
2021,3,1,11,30,34.6,0.15,2.1,105,949,885,0,8.4,17.23,955,105,949,0,885,37.300000000000004,66,6.6000000000000005
2021,3,1,12,30,49.06,0.15,2.2,94,890,678,0,7.9,17.400000000000002,955,94,890,0,678,36.6,66,6.300000000000001
2021,3,1,13,30,63.75,0.15,2.2,81,775,423,0,7.800000000000001,18.69,955,81,775,0,423,35.1,67,5.5
2021,3,1,14,30,78.51,0.15,2.3000000000000003,55,494,153,0,7.9,21.6,955,55,494,0,153,32.6,73,3.9000000000000004
2021,3,1,15,30,93.43,0.15,2.4000000000000004,0,0,0,0,8.4,25.44,956,0,0,0,0,30.400000000000002,86,3.3000000000000003
2021,3,1,16,30,108.3,0.15,2.5,0,0,0,0,9.9,30.02,957,0,0,0,0,29.200000000000003,101,4.3
2021,3,1,17,30,123.18,0.15,2.7,0,0,0,0,12.5,39.09,958,0,0,0,0,27.700000000000003,108,5.300000000000001
2021,3,1,18,30,138.05,0.15,2.9000000000000004,0,0,0,0,15.200000000000001,51.17,959,0,0,0,0,26.1,108,5.6000000000000005
2021,3,1,19,30,152.86,0.15,2.9000000000000004,0,0,0,0,16.900000000000002,61.34,960,0,0,0,0,24.8,103,5.300000000000001
2021,3,1,20,30,167.41,0.15,2.8000000000000003,0,0,0,0,17.5,67.58,959,0,0,0,0,23.900000000000002,100,4.800000000000001
2021,3,1,21,30,174.84,0.15,2.7,0,0,0,0,17.8,72.32000000000001,959,0,0,0,0,23.1,99,4.4
2021,3,1,22,30,161.54,0.15,2.7,0,0,0,0,18.1,76.67,958,0,0,0,0,22.400000000000002,98,4.3
2021,3,1,23,30,146.81,0.15,2.7,0,0,0,0,18.5,81.8,959,0,0,0,0,21.700000000000003,96,4.3
2021,3,2,0,30,131.96,0.15,2.6,0,0,0,0,18.8,86.85000000000001,959,0,0,0,0,21.1,93,4.5
2021,3,2,1,30,117.09,0.15,2.5,0,0,0,0,19.1,90.77,960,0,0,0,0,20.700000000000003,88,4.7
2021,3,2,2,30,102.2,0.15,2.5,0,0,0,0,19.3,90.89,961,0,0,0,0,20.8,84,5
2021,3,2,3,30,87.11,0.15,2.5,22,44,24,0,19.1,84.22,961,22,44,0,24,21.900000000000002,81,5.800000000000001
2021,3,2,4,30,72.44,0.15,2.5,94,506,246,0,18.5,69.51,962,94,506,0,246,24.400000000000002,79,6.6000000000000005
2021,3,2,5,30,57.68,0.15,2.6,118,736,512,0,17.2,53.81,962,118,736,0,512,27.400000000000002,77,6.800000000000001
2021,3,2,6,30,43.04,0.15,2.6,129,847,748,8,15.5,40.6,962,257,573,0,675,30.400000000000002,75,6.7
2021,3,2,7,30,28.71,0.15,2.7,138,898,926,7,14.100000000000001,32.24,961,278,612,0,815,32.9,72,6.5
2021,3,2,8,30,15.63,0.15,2.8000000000000003,144,920,1030,7,13.600000000000001,27.900000000000002,960,288,629,0,893,34.9,68,6.2
2021,3,2,9,30,10.6,0.15,2.8000000000000003,116,967,1067,1,13.5,25.8,958,116,967,0,1067,36.2,64,6
2021,3,2,10,30,20.7,0.15,2.8000000000000003,111,961,1009,0,13.4,24.55,957,111,961,0,1009,36.9,60,5.800000000000001
2021,3,2,11,30,34.54,0.15,2.8000000000000003,102,936,873,0,13,23.97,956,102,936,0,873,36.9,58,5.7
2021,3,2,12,30,49.04,0.15,2.8000000000000003,104,854,664,1,12.5,24.04,955,104,854,0,664,36.300000000000004,57,5.5
2021,3,2,13,30,63.76,0.15,2.7,83,751,415,0,12.100000000000001,25.310000000000002,955,83,751,0,415,34.9,57,5.1000000000000005
2021,3,2,14,30,78.53,0.15,2.7,52,507,153,0,12,28.51,956,52,507,0,153,32.6,58,3.9000000000000004
2021,3,2,15,30,93.46000000000001,0.15,2.7,0,0,0,0,12.200000000000001,32.26,956,0,0,0,0,30.700000000000003,64,3.2
2021,3,2,16,30,108.34,0.15,2.8000000000000003,0,0,0,0,12.8,34.96,957,0,0,0,0,29.900000000000002,74,3.6
2021,3,2,17,30,123.23,0.15,2.9000000000000004,0,0,0,0,13.700000000000001,39.230000000000004,958,0,0,0,0,28.900000000000002,86,4.3
2021,3,2,18,30,138.12,0.15,3,0,0,0,0,15.100000000000001,46.64,959,0,0,0,0,27.5,95,4.9
2021,3,2,19,30,152.96,0.15,3.1,0,0,0,0,16.8,56.53,959,0,0,0,0,26.1,96,5.1000000000000005
2021,3,2,20,30,167.58,0.15,3.1,0,0,0,0,18.2,66.69,959,0,0,0,0,24.8,93,5
2021,3,2,21,30,175.11,0.15,3,0,0,0,0,19,74.18,958,0,0,0,0,23.900000000000002,88,4.9
2021,3,2,22,30,161.56,0.15,2.9000000000000004,0,0,0,0,19.400000000000002,78.82000000000001,958,0,0,0,0,23.3,84,4.7
2021,3,2,23,30,146.8,0.15,2.8000000000000003,0,0,0,0,19.6,82.75,958,0,0,0,0,22.700000000000003,83,4.5
2021,3,3,0,30,131.93,0.15,2.7,0,0,0,0,19.8,86.28,958,0,0,0,0,22.200000000000003,83,4.4
2021,3,3,1,30,117.03,0.15,2.6,0,0,0,0,20,89.11,959,0,0,0,0,21.900000000000002,82,4.5
2021,3,3,2,30,102.14,0.15,2.5,0,0,0,0,20.200000000000003,89.83,959,0,0,0,0,21.900000000000002,81,4.800000000000001
2021,3,3,3,30,87.04,0.15,2.5,22,86,26,0,20.200000000000003,84.03,960,22,86,0,26,23,79,5.6000000000000005
2021,3,3,4,30,72.36,0.15,2.4000000000000004,78,590,257,0,19.5,68.74,961,78,590,0,257,25.700000000000003,79,6.5
2021,3,3,5,30,57.58,0.15,2.5,97,797,524,0,18.2,52.68,961,97,797,0,524,28.8,78,6.9
2021,3,3,6,30,42.910000000000004,0.15,2.6,105,894,760,0,16.900000000000002,41.26,961,105,894,0,760,31.6,76,6.9
2021,3,3,7,30,28.53,0.15,2.7,109,944,939,0,15.8,34.01,960,109,944,0,939,33.800000000000004,73,6.800000000000001
2021,3,3,8,30,15.35,0.15,2.8000000000000003,111,967,1043,0,14.8,28.94,958,111,967,0,1043,35.6,70,6.6000000000000005
2021,3,3,9,30,10.25,0.15,2.9000000000000004,102,984,1070,0,14,25.87,957,102,984,0,1070,36.7,67,6.300000000000001
2021,3,3,10,30,20.57,0.15,2.9000000000000004,100,974,1011,0,13.5,24.29,956,100,974,0,1011,37.2,66,6.1000000000000005
2021,3,3,11,30,34.49,0.15,3,94,944,872,0,13.100000000000001,24.02,955,94,944,0,872,37,65,5.9
2021,3,3,12,30,49.03,0.15,3.1,86,888,668,0,13,24.92,955,86,888,0,668,36.2,65,5.800000000000001
2021,3,3,13,30,63.76,0.15,3.2,72,778,416,0,13.200000000000001,27.650000000000002,955,72,778,0,416,34.6,68,5.6000000000000005
2021,3,3,14,30,78.55,0.15,3.3000000000000003,49,520,152,0,13.9,32.01,956,49,520,0,152,32.800000000000004,73,5.1000000000000005
2021,3,3,15,30,93.49,0.15,3.5,0,0,0,0,15.100000000000001,37.43,957,0,0,0,0,31.3,81,5
2021,3,3,16,30,108.39,0.15,3.6,0,0,0,3,16.2,42.58,958,0,0,0,0,30.3,89,5.4
2021,3,3,17,30,123.29,0.15,3.7,0,0,0,0,17,47.94,958,0,0,0,0,29.1,94,5.800000000000001
2021,3,3,18,30,138.19,0.15,3.7,0,0,0,0,17.400000000000002,53.58,959,0,0,0,0,27.700000000000003,96,5.9
2021,3,3,19,30,153.05,0.15,3.7,0,0,0,1,17.8,59.69,959,0,0,0,0,26.3,94,5.800000000000001
2021,3,3,20,30,167.74,0.15,3.7,0,0,0,3,18.3,66.18,959,0,0,0,0,25.1,90,5.6000000000000005
2021,3,3,21,30,175.36,0.15,3.7,0,0,0,0,18.900000000000002,71.91,959,0,0,0,0,24.3,86,5.300000000000001
2021,3,3,22,30,161.58,0.15,3.7,0,0,0,0,19.400000000000002,77.28,958,0,0,0,0,23.6,82,5
2021,3,3,23,30,146.77,0.15,3.6,0,0,0,0,19.700000000000003,80.91,958,0,0,0,0,23.200000000000003,80,4.7
2021,3,4,0,30,131.89000000000001,0.15,3.5,0,0,0,0,20,84.12,958,0,0,0,0,22.8,79,4.5
2021,3,4,1,30,116.98,0.15,3.4000000000000004,0,0,0,0,20.1,86.45,959,0,0,0,0,22.5,79,4.4
2021,3,4,2,30,102.08,0.15,3.3000000000000003,0,0,0,0,20.200000000000003,86.11,960,0,0,0,0,22.6,79,4.6000000000000005
2021,3,4,3,30,86.97,0.15,3.2,21,146,28,0,20.1,80.28,960,21,146,0,28,23.700000000000003,78,5.4
2021,3,4,4,30,72.27,0.15,3.1,65,647,262,0,19.5,66.11,961,65,647,0,262,26.3,76,6.1000000000000005
2021,3,4,5,30,57.47,0.15,3.1,82,825,526,0,18.2,51.56,961,82,825,0,526,29.200000000000003,74,6.4
2021,3,4,6,30,42.78,0.15,3.1,93,907,759,0,16.900000000000002,40.77,960,93,907,0,759,31.900000000000002,73,6.4
2021,3,4,7,30,28.36,0.15,3,100,952,939,0,15.9,33.74,959,100,952,0,939,34.1,72,6.2
2021,3,4,8,30,15.06,0.15,3,105,973,1044,0,14.9,28.830000000000002,958,105,973,0,1044,35.800000000000004,72,6
2021,3,4,9,30,9.9,0.15,2.9000000000000004,116,965,1067,0,14,25.69,957,116,965,0,1067,36.800000000000004,72,5.7
2021,3,4,10,30,20.44,0.15,2.9000000000000004,110,959,1008,8,13.200000000000001,23.67,956,219,771,7,941,37.4,73,5.4
2021,3,4,11,30,34.44,0.15,2.9000000000000004,101,934,871,3,12.600000000000001,22.87,955,431,121,0,531,37.300000000000004,74,5.1000000000000005
2021,3,4,12,30,49.02,0.15,2.9000000000000004,108,841,660,7,12.100000000000001,23.02,955,313,188,0,437,36.6,76,4.9
2021,3,4,13,30,63.77,0.15,2.9000000000000004,87,732,411,2,11.8,24.36,955,223,28,0,235,35.2,77,4.5
2021,3,4,14,30,78.57000000000001,0.15,2.9000000000000004,54,482,150,0,11.600000000000001,26.900000000000002,955,54,482,0,150,33.2,81,3.5
2021,3,4,15,30,93.53,0.15,3,0,0,0,0,11.600000000000001,29.05,956,0,0,0,0,31.8,87,3.2
2021,3,4,16,30,108.43,0.15,3,0,0,0,1,11.8,30.900000000000002,957,0,0,0,0,30.900000000000002,95,4.1000000000000005
2021,3,4,17,30,123.35000000000001,0.15,3.1,0,0,0,0,12.9,35.62,958,0,0,0,0,29.700000000000003,102,4.9
2021,3,4,18,30,138.26,0.15,3.3000000000000003,0,0,0,0,15.100000000000001,45.42,959,0,0,0,0,28,104,5.300000000000001
2021,3,4,19,30,153.15,0.15,3.4000000000000004,0,0,0,0,17.3,57.46,959,0,0,0,0,26.400000000000002,101,5.2
2021,3,4,20,30,167.89000000000001,0.15,3.4000000000000004,0,0,0,0,18.6,67.01,959,0,0,0,0,25.200000000000003,94,4.9
2021,3,4,21,30,175.6,0.15,3.3000000000000003,0,0,0,0,19.1,71.91,958,0,0,0,0,24.5,88,4.4
2021,3,4,22,30,161.58,0.15,3.2,0,0,0,0,19.1,74.7,958,0,0,0,0,23.900000000000002,82,4
2021,3,4,23,30,146.75,0.15,3.1,0,0,0,0,19,76.41,958,0,0,0,0,23.400000000000002,78,3.5
2021,3,5,0,30,131.84,0.15,2.9000000000000004,0,0,0,0,18.900000000000002,78.01,958,0,0,0,0,22.900000000000002,74,3.3000000000000003
2021,3,5,1,30,116.92,0.15,2.8000000000000003,0,0,0,0,18.7,79.15,958,0,0,0,0,22.5,71,3.3000000000000003
2021,3,5,2,30,102.01,0.15,2.7,0,0,0,0,18.6,79.55,959,0,0,0,0,22.3,68,3.8000000000000003
2021,3,5,3,30,86.89,0.15,2.7,22,131,29,0,18.5,72.09,959,22,131,0,29,23.8,66,5.1000000000000005
2021,3,5,4,30,72.18,0.15,2.8000000000000003,75,602,259,0,17.5,55.730000000000004,960,75,602,0,259,27.1,66,6.4
2021,3,5,5,30,57.370000000000005,0.15,2.8000000000000003,102,777,521,0,15.600000000000001,39.96,960,102,777,0,521,30.8,65,7
2021,3,5,6,30,42.65,0.15,2.8000000000000003,129,843,750,0,14.5,31.61,960,129,843,0,750,33.7,63,7.2
2021,3,5,7,30,28.19,0.15,2.8000000000000003,147,883,925,0,14,27.22,959,147,883,0,925,35.800000000000004,61,7.1000000000000005
2021,3,5,8,30,14.780000000000001,0.15,2.8000000000000003,156,903,1029,0,13.4,24.14,958,156,903,0,1029,37.300000000000004,60,6.800000000000001
2021,3,5,9,30,9.56,0.15,2.8000000000000003,157,907,1051,0,12.8,21.93,957,157,907,0,1051,38.300000000000004,59,6.5
2021,3,5,10,30,20.32,0.15,2.7,156,893,993,0,12.100000000000001,20.54,956,156,893,0,993,38.7,58,6.2
2021,3,5,11,30,34.4,0.15,2.7,147,858,854,0,11.5,19.87,955,147,858,0,854,38.5,58,6
2021,3,5,12,30,49.01,0.15,2.7,129,795,651,0,10.9,19.95,955,129,795,0,651,37.7,58,5.800000000000001
2021,3,5,13,30,63.78,0.15,2.6,104,680,405,7,10.4,20.92,955,214,76,0,248,36.2,59,5.300000000000001
2021,3,5,14,30,78.60000000000001,0.15,2.6,62,422,145,0,9.9,23.1,955,62,422,1,145,33.9,61,4.3
2021,3,5,15,30,93.57000000000001,0.15,2.5,0,0,0,0,9.600000000000001,25.19,956,0,0,0,0,32,66,3.8000000000000003
2021,3,5,16,30,108.48,0.15,2.4000000000000004,0,0,0,0,9.3,26.580000000000002,957,0,0,0,0,30.700000000000003,73,4.2
2021,3,5,17,30,123.41,0.15,2.4000000000000004,0,0,0,0,9.5,29.060000000000002,958,0,0,0,0,29.3,83,4.7
2021,3,5,18,30,138.33,0.15,2.3000000000000003,0,0,0,0,11.3,36.18,959,0,0,0,0,27.6,89,5
2021,3,5,19,30,153.24,0.15,2.3000000000000003,0,0,0,0,13.8,47.28,959,0,0,0,0,25.900000000000002,89,4.9
2021,3,5,20,30,168.03,0.15,2.3000000000000003,0,0,0,0,15.8,58.85,958,0,0,0,0,24.400000000000002,85,4.6000000000000005
2021,3,5,21,30,175.81,0.15,2.2,0,0,0,8,17,67.53,958,0,0,0,0,23.400000000000002,82,4.2
2021,3,5,22,30,161.58,0.15,2.2,0,0,0,7,17.5,73.35000000000001,957,0,0,0,0,22.5,80,3.8000000000000003
2021,3,5,23,30,146.71,0.15,2.2,0,0,0,0,17.6,76.66,957,0,0,0,0,21.900000000000002,79,3.5
2021,3,6,0,30,131.79,0.15,2.1,0,0,0,0,17.6,79.64,958,0,0,0,0,21.3,76,3.5
2021,3,6,1,30,116.86,0.15,2.1,0,0,0,0,17.6,82.65,959,0,0,0,0,20.700000000000003,70,3.7
2021,3,6,2,30,101.94,0.15,2,0,0,0,0,17.6,83.67,959,0,0,0,0,20.5,64,4.3
2021,3,6,3,30,86.81,0.15,2,22,126,29,0,17.7,76.85000000000001,960,22,126,0,29,21.900000000000002,62,5.7
2021,3,6,4,30,72.09,0.15,2,78,608,265,0,16.6,59.11,961,78,608,0,265,25.1,63,7.1000000000000005
2021,3,6,5,30,57.26,0.15,2,101,800,534,0,14.600000000000001,42.42,961,101,800,0,534,28.6,64,7.5
2021,3,6,6,30,42.52,0.15,2,116,890,771,0,13.200000000000001,32.230000000000004,961,116,890,0,771,31.8,65,7.5
2021,3,6,7,30,28.01,0.15,2.1,125,933,949,0,12.600000000000001,26.8,960,125,933,0,949,34.4,65,7.2
2021,3,6,8,30,14.51,0.15,2.2,132,951,1052,0,12.3,23.7,959,132,951,0,1052,36.300000000000004,63,6.800000000000001
2021,3,6,9,30,9.22,0.15,2.3000000000000003,142,940,1070,0,11.9,21.580000000000002,957,142,940,0,1070,37.5,61,6.4
2021,3,6,10,30,20.21,0.15,2.3000000000000003,137,930,1010,0,11.3,20.07,956,137,930,0,1010,38.1,59,6
2021,3,6,11,30,34.36,0.15,2.4000000000000004,129,896,868,0,10.8,19.59,955,129,896,0,868,37.9,59,5.7
2021,3,6,12,30,49,0.15,2.4000000000000004,116,832,662,0,10.4,19.82,955,116,832,0,662,37.2,61,5.5
2021,3,6,13,30,63.800000000000004,0.15,2.4000000000000004,95,713,410,0,10.100000000000001,21.080000000000002,955,95,713,0,410,35.7,63,5
2021,3,6,14,30,78.63,0.15,2.4000000000000004,59,445,147,0,9.9,24.05,955,59,445,0,147,33.1,67,3.7
2021,3,6,15,30,93.61,0.15,2.3000000000000003,0,0,0,0,9.9,27.240000000000002,956,0,0,0,0,30.900000000000002,74,3.1
2021,3,6,16,30,108.53,0.15,2.3000000000000003,0,0,0,0,10.100000000000001,29.44,957,0,0,0,0,29.8,84,3.9000000000000004
2021,3,6,17,30,123.46000000000001,0.15,2.4000000000000004,0,0,0,0,11.3,34.74,958,0,0,0,0,28.3,96,4.7
2021,3,6,18,30,138.4,0.15,2.5,0,0,0,0,13.8,45.6,959,0,0,0,0,26.5,100,5.300000000000001
2021,3,6,19,30,153.32,0.15,2.5,0,0,0,7,16.5,60.09,959,0,0,0,0,24.8,97,5.300000000000001
2021,3,6,20,30,168.16,0.15,2.4000000000000004,0,0,0,0,17.900000000000002,70.37,958,0,0,0,0,23.6,91,4.9
2021,3,6,21,30,175.99,0.15,2.3000000000000003,0,0,0,0,18.400000000000002,76.62,958,0,0,0,0,22.700000000000003,86,4.5
2021,3,6,22,30,161.57,0.15,2.2,0,0,0,0,18.5,80.08,958,0,0,0,0,22.1,84,4.2
2021,3,6,23,30,146.67000000000002,0.15,2.1,0,0,0,0,18.6,83.32000000000001,958,0,0,0,0,21.5,83,3.9000000000000004
2021,3,7,0,30,131.74,0.15,1.9000000000000001,0,0,0,0,18.6,86.86,958,0,0,0,0,20.900000000000002,84,3.6
2021,3,7,1,30,116.8,0.15,1.8,0,0,0,0,18.7,90.8,959,0,0,0,0,20.3,82,3.7
2021,3,7,2,30,101.87,0.15,1.8,0,0,0,0,18.8,92.48,960,0,0,0,0,20.1,77,4.2
2021,3,7,3,30,86.74,0.15,1.9000000000000001,24,78,28,0,18.8,84.37,961,24,78,0,28,21.5,71,5.4
2021,3,7,4,30,71.99,0.15,1.9000000000000001,89,557,262,0,17.7,66.24,961,89,557,0,262,24.400000000000002,66,6.300000000000001
2021,3,7,5,30,57.15,0.15,1.9000000000000001,115,768,531,0,15.9,47.95,961,115,768,0,531,27.900000000000002,65,6.7
2021,3,7,6,30,42.39,0.15,1.9000000000000001,127,873,771,0,14,35.18,961,127,873,0,771,31.200000000000003,65,6.800000000000001
2021,3,7,7,30,27.84,0.15,1.9000000000000001,131,929,953,0,12.4,27.01,960,131,929,0,953,34,65,6.800000000000001
2021,3,7,8,30,14.23,0.15,1.8,134,959,1063,0,11.200000000000001,22.57,958,134,959,0,1063,35.800000000000004,64,6.5
2021,3,7,9,30,8.88,0.15,1.9000000000000001,126,973,1088,0,10.100000000000001,19.740000000000002,957,126,973,0,1088,36.9,65,6.1000000000000005
2021,3,7,10,30,20.1,0.15,1.9000000000000001,124,961,1026,0,9.1,18,956,124,961,0,1026,37.4,67,5.7
2021,3,7,11,30,34.33,0.15,1.9000000000000001,118,928,884,0,8.3,17.19,955,118,928,0,884,37.300000000000004,70,5.300000000000001
2021,3,7,12,30,49,0.15,2,107,863,674,0,7.800000000000001,17.240000000000002,955,107,863,0,674,36.6,74,5
2021,3,7,13,30,63.82,0.15,2,90,744,418,0,7.5,18.43,955,90,744,0,418,35,78,4.4
2021,3,7,14,30,78.66,0.15,2,57,475,150,0,7.4,21.6,956,57,475,0,150,32.1,83,3
2021,3,7,15,30,93.65,0.15,2,0,0,0,0,7.800000000000001,25.55,956,0,0,0,0,29.6,89,2.4000000000000004
2021,3,7,16,30,108.58,0.15,2.1,0,0,0,0,8.5,28.21,957,0,0,0,0,28.700000000000003,98,3.1
2021,3,7,17,30,123.52,0.15,2.2,0,0,0,0,10.200000000000001,33.7,958,0,0,0,0,27.6,105,4.1000000000000005
2021,3,7,18,30,138.47,0.15,2.4000000000000004,0,0,0,0,13,44.17,958,0,0,0,0,26.200000000000003,108,4.6000000000000005
2021,3,7,19,30,153.4,0.15,2.5,0,0,0,0,16.1,58.67,959,0,0,0,0,24.700000000000003,103,4.6000000000000005
2021,3,7,20,30,168.29,0.15,2.5,0,0,0,0,18,71.17,958,0,0,0,0,23.5,96,4.3
2021,3,7,21,30,176.14000000000001,0.15,2.5,0,0,0,0,18.8,78.81,958,0,0,0,0,22.700000000000003,89,4
2021,3,7,22,30,161.55,0.15,2.4000000000000004,0,0,0,0,19.200000000000003,83.58,958,0,0,0,0,22.1,85,4
2021,3,7,23,30,146.63,0.15,2.4000000000000004,0,0,0,0,19.400000000000002,87.34,958,0,0,0,0,21.6,82,4.1000000000000005
2021,3,8,0,30,131.68,0.15,2.3000000000000003,0,0,0,0,19.5,90.28,958,0,0,0,0,21.200000000000003,80,4.2
2021,3,8,1,30,116.73,0.15,2.2,0,0,0,0,19.6,91.59,959,0,0,0,0,21,79,4.3
2021,3,8,2,30,101.79,0.15,2.2,0,0,0,0,19.5,91.06,959,0,0,0,0,21,78,4.6000000000000005
2021,3,8,3,30,86.66,0.15,2.1,24,97,30,0,19.400000000000002,83.95,960,24,97,0,30,22.200000000000003,77,5.2
2021,3,8,4,30,71.9,0.15,2,85,577,265,0,18.8,68.29,961,85,577,0,265,25,77,5.800000000000001
2021,3,8,5,30,57.050000000000004,0.15,2,107,787,535,0,17.6,52.1,961,107,787,0,535,28.400000000000002,76,6.1000000000000005
2021,3,8,6,30,42.26,0.15,2,122,878,771,0,16,38.96,960,122,878,0,771,31.700000000000003,75,6.1000000000000005
2021,3,8,7,30,27.68,0.15,2,127,932,953,0,14.200000000000001,29.85,959,127,932,0,953,34.300000000000004,76,6
2021,3,8,8,30,13.96,0.15,2,128,961,1061,0,12.4,24.03,958,128,961,0,1061,36.1,78,5.7
2021,3,8,9,30,8.540000000000001,0.15,2,125,972,1086,0,10.700000000000001,20.29,956,125,972,0,1086,37.2,80,5.4
2021,3,8,10,30,20,0.15,2,122,960,1024,0,9.4,18.13,955,122,960,0,1024,37.7,82,5.1000000000000005
2021,3,8,11,30,34.300000000000004,0.15,2,115,930,883,0,8.6,17.18,954,115,930,0,883,37.6,85,4.800000000000001
2021,3,8,12,30,49.01,0.15,2,104,870,675,0,8.1,17.36,954,104,870,0,675,36.800000000000004,88,4.7
2021,3,8,13,30,63.84,0.15,2.1,87,749,417,0,7.9,18.62,955,87,749,0,417,35.300000000000004,91,4.2
2021,3,8,14,30,78.69,0.15,2.1,56,482,150,0,8,21.96,955,56,482,0,150,32.5,96,3.1
2021,3,8,15,30,93.69,0.15,2.2,0,0,0,0,8.700000000000001,26.17,956,0,0,0,0,30.200000000000003,104,2.8000000000000003
2021,3,8,16,30,108.63,0.15,2.4000000000000004,0,0,0,0,10,30.43,957,0,0,0,0,29.1,112,3.9000000000000004
2021,3,8,17,30,123.58,0.15,2.5,0,0,0,0,12.4,38.81,958,0,0,0,0,27.700000000000003,116,4.6000000000000005
2021,3,8,18,30,138.53,0.15,2.6,0,0,0,0,15.4,51.620000000000005,959,0,0,0,0,26.1,114,4.7
2021,3,8,19,30,153.48,0.15,2.6,0,0,0,0,17.6,64.28,959,0,0,0,0,24.8,109,4.6000000000000005
2021,3,8,20,30,168.4,0.15,2.6,0,0,0,0,18.900000000000002,74.41,959,0,0,0,0,23.700000000000003,104,4.6000000000000005
2021,3,8,21,30,176.25,0.15,2.7,0,0,0,0,19.6,81.69,958,0,0,0,0,22.900000000000002,99,4.7
2021,3,8,22,30,161.52,0.15,2.7,0,0,0,0,20.1,86.95,958,0,0,0,0,22.400000000000002,94,4.9
2021,3,8,23,30,146.58,0.15,2.6,0,0,0,0,20.3,88.85000000000001,958,0,0,0,0,22.200000000000003,91,4.800000000000001
2021,3,9,0,30,131.62,0.15,2.6,0,0,0,0,20.200000000000003,89.57000000000001,959,0,0,0,0,22,88,4.7
2021,3,9,1,30,116.66,0.15,2.6,0,0,0,0,20.1,90.08,959,0,0,0,0,21.8,86,4.5
2021,3,9,2,30,101.71000000000001,0.15,2.6,0,0,0,0,20.1,89.27,960,0,0,0,0,21.900000000000002,85,4.6000000000000005
2021,3,9,3,30,86.58,0.15,2.5,24,101,30,0,20,81.97,961,24,101,0,30,23.200000000000003,85,5.300000000000001
2021,3,9,4,30,71.81,0.15,2.5,86,564,262,0,19.400000000000002,68.01,962,86,564,0,262,25.8,85,5.9
2021,3,9,5,30,56.94,0.15,2.5,109,769,528,0,18.7,53.7,962,109,769,0,528,29,85,6
2021,3,9,6,30,42.13,0.15,2.4000000000000004,120,873,767,0,17.8,42.71,961,120,873,0,767,32,85,5.7
2021,3,9,7,30,27.51,0.15,2.4000000000000004,122,931,948,0,16.6,34.79,960,122,931,0,948,34.4,86,5.4
2021,3,9,8,30,13.69,0.15,2.4000000000000004,120,962,1055,0,15.100000000000001,28.64,959,120,962,0,1055,36.1,88,4.9
2021,3,9,9,30,8.21,0.15,2.3000000000000003,106,990,1086,0,13.5,24.23,958,106,990,0,1086,37.300000000000004,90,4.4
2021,3,9,10,30,19.91,0.15,2.4000000000000004,101,980,1022,0,12.3,21.76,956,101,980,0,1022,37.800000000000004,93,4.1000000000000005
2021,3,9,11,30,34.28,0.15,2.4000000000000004,95,954,883,0,11.4,20.55,956,95,954,0,883,37.800000000000004,96,3.9000000000000004
2021,3,9,12,30,49.01,0.15,2.4000000000000004,104,857,667,0,10.8,20.51,956,104,857,0,667,37.1,99,3.9000000000000004
2021,3,9,13,30,63.86,0.15,2.5,86,741,412,0,10.4,21.6,956,86,741,0,412,35.7,102,3.6
2021,3,9,14,30,78.73,0.15,2.5,54,480,148,0,10.3,24.67,957,54,480,0,148,33.2,109,2.8000000000000003
2021,3,9,15,30,93.73,0.15,2.7,0,0,0,0,10.9,28.68,957,0,0,0,0,31.200000000000003,119,3.3000000000000003
2021,3,9,16,30,108.68,0.15,2.9000000000000004,0,0,0,0,12.8,34.58,959,0,0,0,0,30.1,127,5.1000000000000005
2021,3,9,17,30,123.64,0.15,3.1,0,0,0,0,16,47.95,960,0,0,0,0,28,128,6
2021,3,9,18,30,138.6,0.15,3.2,0,0,0,0,18.8,64.06,960,0,0,0,0,26.1,124,5.9
2021,3,9,19,30,153.56,0.15,3.1,0,0,0,0,20,74.06,960,0,0,0,0,24.900000000000002,119,5.300000000000001
2021,3,9,20,30,168.5,0.15,3.1,0,0,0,0,20.3,79.06,960,0,0,0,0,24.200000000000003,113,5
2021,3,9,21,30,176.32,0.15,3,0,0,0,0,20.6,83.13,960,0,0,0,0,23.6,109,4.9
2021,3,9,22,30,161.48,0.15,2.9000000000000004,0,0,0,0,20.8,86.51,959,0,0,0,0,23.200000000000003,105,4.800000000000001
2021,3,9,23,30,146.52,0.15,2.8000000000000003,0,0,0,0,21,89.31,959,0,0,0,0,22.900000000000002,103,4.7
2021,3,10,0,30,131.56,0.15,2.8000000000000003,0,0,0,0,21.200000000000003,90.45,960,0,0,0,0,22.8,102,4.5
2021,3,10,1,30,116.59,0.15,2.7,0,0,0,0,21.1,90.91,960,0,0,0,0,22.700000000000003,100,4.4
2021,3,10,2,30,101.64,0.15,2.5,0,0,0,0,20.900000000000002,88.75,961,0,0,0,0,22.900000000000002,97,4.5
2021,3,10,3,30,86.49,0.15,2.5,24,144,33,0,20.700000000000003,81.15,962,24,144,0,33,24.1,94,5
2021,3,10,4,30,71.71000000000001,0.15,2.4000000000000004,73,634,272,1,19.900000000000002,66.67,962,73,634,0,272,26.6,91,5.4
2021,3,10,5,30,56.83,0.15,2.4000000000000004,91,823,541,0,18.900000000000002,52.09,962,91,823,0,541,29.8,89,5.4
2021,3,10,6,30,42.01,0.15,2.4000000000000004,106,901,775,0,17.7,40.35,961,106,901,0,775,32.9,86,5.1000000000000005
2021,3,10,7,30,27.35,0.15,2.4000000000000004,113,945,952,0,16.400000000000002,32.54,960,113,945,0,952,35.300000000000004,84,4.800000000000001
2021,3,10,8,30,13.43,0.15,2.5,116,965,1055,0,15,27.09,959,116,965,0,1055,37,85,4.4
2021,3,10,9,30,7.890000000000001,0.15,2.5,112,976,1079,0,13.600000000000001,23.38,957,112,976,0,1079,38.1,88,4
2021,3,10,10,30,19.830000000000002,0.15,2.5,110,964,1017,0,12.600000000000001,21.36,956,110,964,0,1017,38.5,92,3.8000000000000003
2021,3,10,11,30,34.26,0.15,2.6,104,933,875,0,11.8,20.39,955,104,933,0,875,38.400000000000006,95,3.8000000000000003
2021,3,10,12,30,49.02,0.15,2.6,94,875,668,0,11.200000000000001,20.400000000000002,955,94,875,0,668,37.7,98,3.8000000000000003
2021,3,10,13,30,63.89,0.15,2.6,79,762,415,0,10.8,21.45,955,79,762,0,415,36.300000000000004,100,3.6
2021,3,10,14,30,78.76,0.15,2.7,51,503,149,0,10.600000000000001,24.19,956,51,503,0,149,33.9,106,2.8000000000000003
2021,3,10,15,30,93.78,0.15,2.7,0,0,0,0,11,27.61,956,0,0,0,0,32,117,3.3000000000000003
2021,3,10,16,30,108.73,0.15,2.8000000000000003,0,0,0,0,12.3,32.28,957,0,0,0,0,30.700000000000003,124,4.800000000000001
2021,3,10,17,30,123.69,0.15,2.9000000000000004,0,0,0,0,14.600000000000001,42.31,958,0,0,0,0,28.700000000000003,125,5.5
2021,3,10,18,30,138.66,0.15,3,0,0,0,0,17.2,56.050000000000004,959,0,0,0,0,26.700000000000003,122,5.4
2021,3,10,19,30,153.63,0.15,2.9000000000000004,0,0,0,0,18.8,66.84,959,0,0,0,0,25.400000000000002,117,5.1000000000000005
2021,3,10,20,30,168.59,0.15,2.9000000000000004,0,0,0,0,19.6,74.61,959,0,0,0,0,24.400000000000002,112,4.800000000000001
2021,3,10,21,30,176.35,0.15,2.9000000000000004,0,0,0,0,19.900000000000002,79.28,958,0,0,0,0,23.700000000000003,108,4.6000000000000005
2021,3,10,22,30,161.43,0.15,2.8000000000000003,0,0,0,0,20.200000000000003,83.56,958,0,0,0,0,23.1,104,4.6000000000000005
2021,3,10,23,30,146.46,0.15,2.8000000000000003,0,0,0,0,20.400000000000002,86.33,958,0,0,0,0,22.8,100,4.6000000000000005
2021,3,11,0,30,131.49,0.15,2.8000000000000003,0,0,0,0,20.5,88.08,958,0,0,0,0,22.6,97,4.5
2021,3,11,1,30,116.52,0.15,2.7,0,0,0,0,20.6,89.17,959,0,0,0,0,22.5,95,4.3
2021,3,11,2,30,101.56,0.15,2.7,0,0,0,0,20.700000000000003,89.05,960,0,0,0,0,22.6,93,4.4
2021,3,11,3,30,86.41,0.15,2.6,25,147,34,0,20.700000000000003,82.65,960,25,147,0,34,23.8,92,4.9
2021,3,11,4,30,71.62,0.15,2.5,73,634,272,0,20.1,68.33,961,73,634,0,272,26.400000000000002,90,5.5
2021,3,11,5,30,56.730000000000004,0.15,2.4000000000000004,90,826,543,0,19,53.36,961,90,826,0,543,29.5,88,5.6000000000000005
2021,3,11,6,30,41.88,0.15,2.4000000000000004,98,914,779,0,17.6,40.910000000000004,960,98,914,0,779,32.6,85,5.4
2021,3,11,7,30,27.19,0.15,2.3000000000000003,103,963,960,0,16.1,32.58,959,103,963,0,960,35,82,5.1000000000000005
2021,3,11,8,30,13.17,0.15,2.4000000000000004,104,984,1063,0,14.5,26.580000000000002,958,104,984,0,1063,36.800000000000004,82,4.9
2021,3,11,9,30,7.57,0.15,2.4000000000000004,105,988,1085,0,13,22.52,957,105,988,0,1085,38,84,4.6000000000000005
2021,3,11,10,30,19.76,0.15,2.5,101,978,1021,0,11.8,20.27,955,101,978,0,1021,38.5,87,4.5
2021,3,11,11,30,34.25,0.15,2.5,94,951,881,0,11,19.32,955,94,951,0,881,38.400000000000006,91,4.5
2021,3,11,12,30,49.04,0.15,2.6,87,891,671,0,10.4,19.48,955,87,891,0,671,37.6,95,4.5
2021,3,11,13,30,63.910000000000004,0.15,2.7,73,781,417,0,10.100000000000001,20.69,955,73,781,0,417,36.1,98,4.3
2021,3,11,14,30,78.8,0.15,2.7,48,529,150,1,10,23.35,956,48,529,0,150,33.800000000000004,107,3.6
2021,3,11,15,30,93.82000000000001,0.15,2.8000000000000003,0,0,0,0,10.5,27.19,956,0,0,0,0,31.700000000000003,120,4
2021,3,11,16,30,108.78,0.15,3,0,0,0,0,12.600000000000001,34.47,958,0,0,0,0,29.900000000000002,128,5.7
2021,3,11,17,30,123.75,0.15,3.2,0,0,0,0,16.2,49.910000000000004,959,0,0,0,0,27.6,129,6.300000000000001
2021,3,11,18,30,138.72,0.15,3.3000000000000003,0,0,0,0,19,65.69,959,0,0,0,0,25.900000000000002,125,6.1000000000000005
2021,3,11,19,30,153.70000000000002,0.15,3.4000000000000004,0,0,0,0,20.200000000000003,75.28,960,0,0,0,0,24.900000000000002,120,5.7
2021,3,11,20,30,168.67000000000002,0.15,3.4000000000000004,0,0,0,0,20.700000000000003,80.31,959,0,0,0,0,24.3,115,5.5
2021,3,11,21,30,176.34,0.15,3.4000000000000004,0,0,0,0,21,83.66,959,0,0,0,0,23.900000000000002,109,5.4
2021,3,11,22,30,161.37,0.15,3.3000000000000003,0,0,0,0,21,85.53,959,0,0,0,0,23.6,105,5.2
2021,3,11,23,30,146.39000000000001,0.15,3.2,0,0,0,0,21,86.18,959,0,0,0,0,23.400000000000002,102,5.2
2021,3,12,0,30,131.41,0.15,3,0,0,0,0,20.700000000000003,86.26,959,0,0,0,0,23.1,99,5.1000000000000005
2021,3,12,1,30,116.44,0.15,2.9000000000000004,0,0,0,0,20.5,86.76,959,0,0,0,0,22.8,97,4.800000000000001
2021,3,12,2,30,101.47,0.15,2.7,0,0,0,0,20.3,86.33,960,0,0,0,0,22.700000000000003,95,4.9
2021,3,12,3,30,86.32000000000001,0.15,2.6,25,159,35,0,20,80.03,961,25,159,0,35,23.700000000000003,93,5.4
2021,3,12,4,30,71.52,0.15,2.5,73,635,274,0,19.400000000000002,66.4,961,73,635,0,274,26.1,91,5.800000000000001
2021,3,12,5,30,56.620000000000005,0.15,2.4000000000000004,92,818,542,0,18.3,52.18,961,92,818,0,542,29.1,89,5.9
2021,3,12,6,30,41.76,0.15,2.4000000000000004,110,891,775,0,17,40.34,961,110,891,0,775,32.2,86,5.800000000000001
2021,3,12,7,30,27.03,0.15,2.4000000000000004,115,941,954,0,15.600000000000001,31.95,960,115,941,0,954,34.7,84,5.6000000000000005
2021,3,12,8,30,12.92,0.15,2.4000000000000004,117,967,1059,0,14.100000000000001,26.35,958,117,967,0,1059,36.5,84,5.300000000000001
2021,3,12,9,30,7.26,0.15,2.4000000000000004,117,971,1080,0,12.700000000000001,22.69,957,117,971,0,1080,37.6,86,5
2021,3,12,10,30,19.7,0.15,2.3000000000000003,115,961,1020,0,11.5,20.38,956,115,961,0,1020,38.1,89,4.7
2021,3,12,11,30,34.24,0.15,2.4000000000000004,110,926,876,0,10.600000000000001,19.31,955,110,926,0,876,38,92,4.5
2021,3,12,12,30,49.06,0.15,2.4000000000000004,100,865,667,0,10.100000000000001,19.35,955,100,865,0,667,37.300000000000004,95,4.4
2021,3,12,13,30,63.95,0.15,2.4000000000000004,84,747,412,0,9.9,20.72,955,84,747,0,412,35.800000000000004,99,4
2021,3,12,14,30,78.84,0.15,2.5,54,476,146,0,10,24.17,955,54,476,0,146,33.2,107,3
2021,3,12,15,30,93.87,0.15,2.7,0,0,0,0,10.8,28.27,956,0,0,0,0,31.3,119,3.2
2021,3,12,16,30,108.83,0.15,3,0,0,0,0,12.5,33.660000000000004,957,0,0,0,0,30.200000000000003,128,4.9
2021,3,12,17,30,123.81,0.15,3.2,0,0,0,0,15.4,45.34,958,0,0,0,0,28.400000000000002,130,5.9
2021,3,12,18,30,138.78,0.15,3.3000000000000003,0,0,0,0,18.400000000000002,60.81,959,0,0,0,0,26.6,126,5.800000000000001
2021,3,12,19,30,153.76,0.15,3.4000000000000004,0,0,0,7,20.1,72.76,959,0,0,0,0,25.3,121,5.300000000000001
2021,3,12,20,30,168.74,0.15,3.3000000000000003,0,0,0,7,20.8,79.26,959,0,0,0,0,24.6,116,5
2021,3,12,21,30,176.28,0.15,3.2,0,0,0,8,21,83.28,959,0,0,0,0,24,110,4.800000000000001
2021,3,12,22,30,161.3,0.15,3.1,0,0,0,1,21,85.69,958,0,0,0,0,23.5,105,4.5
2021,3,12,23,30,146.32,0.15,3,0,0,0,0,20.8,87.63,958,0,0,0,0,23,101,4.3
2021,3,13,0,30,131.34,0.15,2.9000000000000004,0,0,0,0,20.700000000000003,89.60000000000001,959,0,0,0,0,22.5,97,4.1000000000000005
2021,3,13,1,30,116.36,0.15,2.8000000000000003,0,0,0,0,20.6,91.26,959,0,0,0,0,22.1,95,3.9000000000000004
2021,3,13,2,30,101.39,0.15,2.8000000000000003,0,0,0,0,20.5,90.71000000000001,960,0,0,0,0,22.1,94,4
2021,3,13,3,30,86.24,0.15,2.8000000000000003,24,174,36,3,20.400000000000002,83.64,960,27,1,7,27,23.3,95,4.6000000000000005
2021,3,13,4,30,71.43,0.15,2.7,72,636,274,3,19.400000000000002,66.89,961,177,79,0,202,26,96,5.1000000000000005
2021,3,13,5,30,56.52,0.15,2.7,90,815,540,0,17.6,48.99,961,90,815,0,540,29.400000000000002,96,5.2
2021,3,13,6,30,41.64,0.15,2.7,101,901,774,0,15.5,35.54,961,101,901,0,774,32.7,93,5.1000000000000005
2021,3,13,7,30,26.88,0.15,2.7,107,946,951,0,13.8,27.54,960,107,946,0,951,35.300000000000004,90,4.800000000000001
2021,3,13,8,30,12.68,0.15,2.7,110,968,1055,0,12.5,23.04,958,110,968,0,1055,37,90,4.5
2021,3,13,9,30,6.96,0.15,2.7,142,928,1063,0,11.100000000000001,19.72,957,142,928,0,1063,38.2,91,4.3
2021,3,13,10,30,19.64,0.15,2.6,137,920,1003,0,9.9,17.79,956,137,920,0,1003,38.6,93,4.2
2021,3,13,11,30,34.24,0.15,2.6,128,888,862,0,9,16.89,955,128,888,0,862,38.5,94,4.2
2021,3,13,12,30,49.08,0.15,2.6,108,840,659,0,8.6,17.080000000000002,955,108,840,0,659,37.7,95,4.2
2021,3,13,13,30,63.980000000000004,0.15,2.7,92,709,403,0,8.4,18.23,955,92,709,0,403,36.300000000000004,97,3.9000000000000004
2021,3,13,14,30,78.88,0.15,2.7,59,426,141,0,8.6,21.490000000000002,955,59,426,0,141,33.6,105,2.9000000000000004
2021,3,13,15,30,93.92,0.15,2.9000000000000004,0,0,0,0,9.700000000000001,26.1,956,0,0,0,0,31.5,117,3.3000000000000003
2021,3,13,16,30,108.89,0.15,3.2,0,0,0,0,12.5,33.68,957,0,0,0,0,30.200000000000003,126,4.9
2021,3,13,17,30,123.86,0.15,3.6,0,0,0,7,16.1,47.42,958,0,0,0,0,28.400000000000002,127,5.7
2021,3,13,18,30,138.84,0.15,3.8000000000000003,0,0,0,1,18.900000000000002,61.95,959,0,0,0,0,26.8,124,5.7
2021,3,13,19,30,153.82,0.15,3.9000000000000004,0,0,0,1,20.1,70.9,959,0,0,0,0,25.8,120,5.300000000000001
2021,3,13,20,30,168.8,0.15,4,0,0,0,0,20.6,75.77,959,0,0,0,0,25.200000000000003,117,5
2021,3,13,21,30,176.17000000000002,0.15,4,0,0,0,0,20.900000000000002,79.63,959,0,0,0,0,24.700000000000003,115,4.9
2021,3,13,22,30,161.22,0.15,4,0,0,0,0,21.200000000000003,82.8,958,0,0,0,0,24.3,113,4.7
2021,3,13,23,30,146.24,0.15,4,0,0,0,0,21.400000000000002,85.37,958,0,0,0,0,24,112,4.6000000000000005
2021,3,14,0,30,131.26,0.15,4,0,0,0,1,21.6,87.26,959,0,0,0,0,23.8,112,4.3
2021,3,14,1,30,116.28,0.15,4,0,0,0,1,21.700000000000003,88.33,959,0,0,0,0,23.700000000000003,112,4.1000000000000005
2021,3,14,2,30,101.3,0.15,4,0,0,0,1,21.8,88.37,960,0,0,0,0,23.8,111,4
2021,3,14,3,30,86.15,0.15,4,27,110,34,0,21.8,83.16,960,27,110,0,34,24.900000000000002,108,4.5
2021,3,14,4,30,71.33,0.15,3.9000000000000004,83,565,264,3,21.400000000000002,70.81,961,176,78,0,201,27.200000000000003,103,5.1000000000000005
2021,3,14,5,30,56.410000000000004,0.15,3.9000000000000004,101,766,525,0,20.5,57.28,961,101,766,0,525,29.900000000000002,99,5.2
2021,3,14,6,30,41.52,0.15,3.9000000000000004,111,861,756,8,19.6,46.47,960,310,365,0,583,32.5,95,5.2
2021,3,14,7,30,26.73,0.15,3.9000000000000004,116,912,931,1,18.6,38.62,959,116,912,0,931,34.7,93,5
2021,3,14,8,30,12.44,0.15,3.9000000000000004,118,937,1033,0,17.6,33.160000000000004,958,118,937,0,1033,36.4,92,4.7
2021,3,14,9,30,6.67,0.15,3.9000000000000004,117,943,1054,0,16.7,29.66,956,117,943,0,1054,37.4,93,4.5
2021,3,14,10,30,19.59,0.15,3.9000000000000004,114,932,992,0,15.9,27.6,955,114,932,0,992,37.800000000000004,95,4.4
2021,3,14,11,30,34.25,0.15,3.9000000000000004,108,901,853,0,15.200000000000001,26.64,954,108,901,0,853,37.6,98,4.3
2021,3,14,12,30,49.1,0.15,3.9000000000000004,100,837,648,7,14.600000000000001,26.79,954,272,341,7,495,36.800000000000004,101,4.3
2021,3,14,13,30,64.02,0.15,3.9000000000000004,83,721,399,8,14.200000000000001,28.080000000000002,955,201,106,7,248,35.5,105,4.2
2021,3,14,14,30,78.93,0.15,3.9000000000000004,53,455,140,4,14.100000000000001,30.37,955,5,0,0,5,33.9,112,4
2021,3,14,15,30,93.96000000000001,0.15,4,0,0,0,4,14.4,33.53,956,0,0,0,0,32.5,120,4.3
2021,3,14,16,30,108.94,0.15,4.1000000000000005,0,0,0,4,15.4,38.68,957,0,0,0,0,31.1,125,5.2
2021,3,14,17,30,123.92,0.15,4.3,0,0,0,7,17.1,47.58,958,0,0,0,0,29.400000000000002,125,5.9
2021,3,14,18,30,138.89000000000001,0.15,4.5,0,0,0,1,18.900000000000002,58.910000000000004,958,0,0,0,0,27.700000000000003,122,6.1000000000000005
2021,3,14,19,30,153.87,0.15,4.6000000000000005,0,0,0,0,20.200000000000003,68.25,959,0,0,0,0,26.5,120,5.800000000000001
2021,3,14,20,30,168.84,0.15,4.6000000000000005,0,0,0,0,20.900000000000002,75.2,958,0,0,0,0,25.6,117,5.5
2021,3,14,21,30,176.03,0.15,4.6000000000000005,0,0,0,0,21.3,79.93,958,0,0,0,0,25,115,5.2
2021,3,14,22,30,161.13,0.15,4.5,0,0,0,3,21.5,82.67,957,0,0,0,0,24.6,112,5.1000000000000005
2021,3,14,23,30,146.15,0.15,4.5,0,0,0,4,21.5,84.4,957,0,0,0,0,24.3,111,5
2021,3,15,0,30,131.17000000000002,0.15,4.4,0,0,0,4,21.5,86.19,957,0,0,0,0,24,110,4.9
2021,3,15,1,30,116.19,0.15,4.4,0,0,0,4,21.6,86.94,958,0,0,0,0,23.900000000000002,110,4.800000000000001
2021,3,15,2,30,101.21000000000001,0.15,4.4,0,0,0,4,21.700000000000003,87.7,959,0,0,0,0,23.900000000000002,110,4.800000000000001
2021,3,15,3,30,86.06,0.15,4.4,26,164,37,3,21.700000000000003,83.11,959,20,0,7,20,24.8,108,5.2
2021,3,15,4,30,71.23,0.15,4.4,72,612,269,3,21.200000000000003,72.06,960,65,0,0,66,26.6,104,5.7
2021,3,15,5,30,56.300000000000004,0.15,4.4,92,787,528,3,20.200000000000003,59.94,960,280,256,0,422,28.8,100,5.9
2021,3,15,6,30,41.4,0.15,4.4,102,872,757,8,19.400000000000002,49.74,960,329,208,0,486,31.1,97,5.800000000000001
2021,3,15,7,30,26.580000000000002,0.15,4.4,109,917,929,8,18.6,42.85,959,306,504,0,757,32.9,95,5.6000000000000005
2021,3,15,8,30,12.21,0.15,4.4,111,940,1030,8,17.900000000000002,37.95,958,394,378,0,764,34.300000000000004,95,5.300000000000001
2021,3,15,9,30,6.390000000000001,0.15,4.4,138,907,1039,7,17.3,34.85,956,355,493,0,845,35.1,94,5.1000000000000005
2021,3,15,10,30,19.55,0.15,4.4,130,901,979,0,16.8,33.21,955,130,901,0,979,35.4,93,4.9
2021,3,15,11,30,34.26,0.15,4.5,122,869,840,7,16.3,32.63,955,330,289,0,569,35.2,91,4.800000000000001
2021,3,15,12,30,49.13,0.15,4.5,109,809,638,6,15.9,33.28,955,210,6,0,215,34.4,90,4.6000000000000005
2021,3,15,13,30,64.05,0.15,4.5,88,694,392,9,15.700000000000001,34.86,955,50,0,0,50,33.300000000000004,89,4.2
2021,3,15,14,30,78.97,0.15,4.4,54,433,137,6,15.5,37.07,956,3,0,0,3,32,90,3.3000000000000003
2021,3,15,15,30,94.01,0.15,4.3,0,0,0,6,15.3,38.5,957,0,0,0,0,31.1,95,2.6
2021,3,15,16,30,108.99000000000001,0.15,4.2,0,0,0,7,15,38.97,957,0,0,0,0,30.5,103,3
2021,3,15,17,30,123.97,0.15,4.1000000000000005,0,0,0,7,14.8,40.51,958,0,0,0,0,29.6,111,4
2021,3,15,18,30,138.95000000000002,0.15,4,0,0,0,6,15.200000000000001,44.59,959,0,0,0,0,28.400000000000002,115,4.800000000000001
2021,3,15,19,30,153.92000000000002,0.15,4,0,0,0,7,16.5,53.06,959,0,0,0,0,26.900000000000002,116,5.1000000000000005
2021,3,15,20,30,168.87,0.15,4,0,0,0,8,18.2,63.49,959,0,0,0,0,25.6,113,4.800000000000001
2021,3,15,21,30,175.86,0.15,3.9000000000000004,0,0,0,8,19.3,72.05,958,0,0,0,0,24.700000000000003,109,4.4
2021,3,15,22,30,161.03,0.15,3.8000000000000003,0,0,0,1,19.900000000000002,78.06,958,0,0,1,0,24,105,4.1000000000000005
2021,3,15,23,30,146.07,0.15,3.8000000000000003,0,0,0,3,20.3,81.73,958,0,0,0,0,23.6,101,4.1000000000000005
2021,3,16,0,30,131.09,0.15,3.8000000000000003,0,0,0,1,20.5,83.73,958,0,0,0,0,23.400000000000002,98,4.2
2021,3,16,1,30,116.11,0.15,3.8000000000000003,0,0,0,0,20.700000000000003,85.61,959,0,0,0,0,23.200000000000003,95,4.2
2021,3,16,2,30,101.13,0.15,3.9000000000000004,0,0,0,7,20.8,86.19,959,0,0,0,0,23.200000000000003,92,4.4
2021,3,16,3,30,85.97,0.15,4.1000000000000005,24,237,40,0,20.8,80.62,960,24,237,0,40,24.3,90,4.9
2021,3,16,4,30,71.14,0.15,4.3,59,676,278,0,20.1,68.09,960,59,676,0,278,26.5,89,5.4
2021,3,16,5,30,56.2,0.15,4.4,75,832,537,1,19.3,55.33,960,75,832,0,537,29.200000000000003,87,5.5
2021,3,16,6,30,41.28,0.15,4.5,84,905,764,0,18.8,46.62,960,84,905,0,764,31.6,87,5.4
2021,3,16,7,30,26.44,0.15,4.6000000000000005,90,943,934,7,18.3,40.95,959,212,678,0,819,33.4,87,5.300000000000001
2021,3,16,8,30,11.98,0.15,4.6000000000000005,92,962,1034,0,17.900000000000002,37.5,958,92,962,0,1034,34.5,88,5.2
2021,3,16,9,30,6.13,0.15,4.5,99,960,1053,0,17.6,35.49,956,99,960,0,1053,35.1,88,5.2
2021,3,16,10,30,19.52,0.15,4.5,98,947,990,0,17.2,34.14,955,98,947,0,990,35.4,88,5.2
2021,3,16,11,30,34.27,0.15,4.4,93,918,852,3,16.900000000000002,33.96,955,397,49,0,437,35.1,87,5.1000000000000005
2021,3,16,12,30,49.160000000000004,0.15,4.4,97,835,643,4,16.6,35.18,955,29,0,0,29,34.2,84,5
2021,3,16,13,30,64.09,0.15,4.5,81,718,395,8,16.6,37.89,955,182,56,0,207,32.800000000000004,81,4.800000000000001
2021,3,16,14,30,79.02,0.15,4.5,51,454,138,3,16.8,41.730000000000004,956,56,1,0,56,31.3,77,4.3
2021,3,16,15,30,94.06,0.15,4.6000000000000005,0,0,0,3,17.1,46.06,957,0,0,0,0,30,76,3.8000000000000003
2021,3,16,16,30,109.04,0.15,4.6000000000000005,0,0,0,3,17.5,49.75,958,0,0,0,0,29.1,83,3.5
2021,3,16,17,30,124.02,0.15,4.6000000000000005,0,0,0,3,17.900000000000002,53.2,959,0,0,0,0,28.3,95,3.4000000000000004
2021,3,16,18,30,139,0.15,4.5,0,0,0,3,18.2,56.79,959,0,0,0,0,27.5,106,3.4000000000000004
2021,3,16,19,30,153.97,0.15,4.4,0,0,0,3,18.6,61.52,959,0,0,0,0,26.6,112,3.5
2021,3,16,20,30,168.88,0.15,4.3,0,0,0,8,19.200000000000003,67.84,958,0,0,0,0,25.6,114,3.6
2021,3,16,21,30,175.65,0.15,4.2,0,0,0,0,19.900000000000002,75.34,958,0,0,0,0,24.6,111,3.7
2021,3,16,22,30,160.93,0.15,4.1000000000000005,0,0,0,0,20.6,82.3,957,0,0,0,0,23.8,107,3.9000000000000004
2021,3,16,23,30,145.97,0.15,4,0,0,0,0,21.1,87.33,957,0,0,0,0,23.3,102,4
2021,3,17,0,30,131,0.15,3.9000000000000004,0,0,0,0,21.3,90.21000000000001,957,0,0,0,0,23,97,4
2021,3,17,1,30,116.02,0.15,3.9000000000000004,0,0,0,0,21.400000000000002,92.14,958,0,0,0,0,22.700000000000003,94,4
2021,3,17,2,30,101.03,0.15,3.8000000000000003,0,0,0,0,21.3,91.92,959,0,0,0,0,22.700000000000003,91,4.2
2021,3,17,3,30,85.88,0.15,3.8000000000000003,24,245,42,0,21.200000000000003,84.93,960,24,245,0,42,23.900000000000002,88,4.800000000000001
2021,3,17,4,30,71.04,0.15,3.8000000000000003,59,688,282,0,20.3,68.51,960,59,688,0,282,26.6,87,5.5
2021,3,17,5,30,56.1,0.15,3.7,74,844,544,0,18.8,51.99,960,74,844,0,544,29.700000000000003,87,5.800000000000001
2021,3,17,6,30,41.17,0.15,3.7,99,886,766,0,18,42.37,960,99,886,0,766,32.4,89,5.7
2021,3,17,7,30,26.3,0.15,3.7,105,931,939,0,17.400000000000002,36.31,959,105,931,0,939,34.5,90,5.5
2021,3,17,8,30,11.77,0.15,3.8000000000000003,108,951,1038,0,16.900000000000002,32.28,958,108,951,0,1038,36,91,5.2
2021,3,17,9,30,5.88,0.15,3.8000000000000003,111,952,1058,0,16.400000000000002,30.14,956,111,952,0,1058,36.7,92,4.9
2021,3,17,10,30,19.5,0.15,3.9000000000000004,110,936,992,1,16.1,29.28,955,110,936,0,992,36.9,94,4.6000000000000005
2021,3,17,11,30,34.29,0.15,3.9000000000000004,104,904,852,0,15.9,29.7,954,104,904,0,852,36.4,96,4.2
2021,3,17,12,30,49.2,0.15,4,95,844,646,1,15.8,31.04,954,95,844,0,646,35.5,99,3.9000000000000004
2021,3,17,13,30,64.14,0.15,4.1000000000000005,79,729,397,0,15.9,33.31,954,79,729,0,397,34.300000000000004,102,3.5
2021,3,17,14,30,79.06,0.15,4.2,50,464,138,0,16.2,37.6,955,50,464,0,138,32.5,109,2.9000000000000004
2021,3,17,15,30,94.11,0.15,4.2,0,0,0,7,17.2,43.38,956,0,0,0,0,31.1,120,2.9000000000000004
2021,3,17,16,30,109.09,0.15,4.3,0,0,0,1,17.5,47.25,957,0,0,0,0,30,128,3.8000000000000003
2021,3,17,17,30,124.07000000000001,0.15,4.3,0,0,0,0,18.1,52.75,958,0,0,0,0,28.700000000000003,131,4.4
2021,3,17,18,30,139.05,0.15,4.3,0,0,0,0,18.900000000000002,60.120000000000005,959,0,0,0,0,27.3,130,4.6000000000000005
2021,3,17,19,30,154.01,0.15,4.3,0,0,0,0,19.6,67.3,959,0,0,0,0,26.1,125,4.4
2021,3,17,20,30,168.89000000000001,0.15,4.3,0,0,0,0,20,73,959,0,0,0,0,25.200000000000003,121,4.1000000000000005
2021,3,17,21,30,175.42000000000002,0.15,4.3,0,0,0,0,20.3,77.39,958,0,0,0,0,24.5,118,3.8000000000000003
2021,3,17,22,30,160.82,0.15,4.2,0,0,0,0,20.5,81.06,958,0,0,0,0,24,117,3.6
2021,3,17,23,30,145.88,0.15,4.2,0,0,0,0,20.900000000000002,84.59,958,0,0,0,0,23.6,115,3.5
2021,3,18,0,30,130.9,0.15,4.2,0,0,0,0,21.1,87.72,958,0,0,0,0,23.3,113,3.5
2021,3,18,1,30,115.92,0.15,4.1000000000000005,0,0,0,0,21.400000000000002,90.29,959,0,0,0,0,23.1,111,3.3000000000000003
2021,3,18,2,30,100.94,0.15,4,0,0,0,0,21.6,90.95,959,0,0,0,0,23.200000000000003,107,3.4000000000000004
2021,3,18,3,30,85.79,0.15,3.9000000000000004,27,177,40,0,21.8,85.23,960,27,177,0,40,24.400000000000002,102,4
2021,3,18,4,30,70.94,0.15,3.8000000000000003,73,622,276,3,21.3,72.05,960,125,4,0,126,26.8,98,4.7
2021,3,18,5,30,56,0.15,3.8000000000000003,92,795,537,3,20.6,58.03,960,223,5,0,226,29.700000000000003,95,4.9
2021,3,18,6,30,41.06,0.15,3.8000000000000003,103,879,766,3,19.700000000000003,47.29,960,365,51,0,404,32.4,93,4.800000000000001
2021,3,18,7,30,26.17,0.15,3.8000000000000003,110,922,938,2,18.900000000000002,39.800000000000004,959,471,151,0,606,34.5,92,4.6000000000000005
2021,3,18,8,30,11.56,0.15,3.8000000000000003,115,942,1038,0,18,34.660000000000004,957,115,942,0,1038,36,92,4.3
2021,3,18,9,30,5.65,0.15,3.8000000000000003,105,960,1060,0,17.2,31.650000000000002,956,105,960,0,1060,36.800000000000004,92,4.1000000000000005
2021,3,18,10,30,19.490000000000002,0.15,3.9000000000000004,104,945,995,0,16.7,30.18,955,104,945,0,995,37.1,92,3.8000000000000003
2021,3,18,11,30,34.31,0.15,3.9000000000000004,100,912,854,1,16.400000000000002,29.990000000000002,955,100,912,0,854,36.800000000000004,93,3.6
2021,3,18,12,30,49.24,0.15,4,104,823,641,7,16.2,31.220000000000002,955,214,550,7,573,35.800000000000004,95,3.4000000000000004
2021,3,18,13,30,64.18,0.15,4,88,697,392,7,16.2,33.730000000000004,955,194,86,7,231,34.4,97,3
2021,3,18,14,30,79.11,0.15,4.1000000000000005,55,423,135,6,16.6,38.31,956,22,0,0,22,32.6,103,2.5
2021,3,18,15,30,94.17,0.15,4.3,0,0,0,7,17.8,44.93,956,0,0,0,0,31.200000000000003,114,2.7
2021,3,18,16,30,109.15,0.15,4.4,0,0,0,7,17.6,47.28,957,0,0,0,0,30.1,125,3.9000000000000004
2021,3,18,17,30,124.12,0.15,4.5,0,0,0,7,17.5,50.6,958,0,0,0,0,28.8,130,4.6000000000000005
2021,3,18,18,30,139.09,0.15,4.5,0,0,0,7,17.7,55.43,958,0,0,0,0,27.400000000000002,129,4.800000000000001
2021,3,18,19,30,154.04,0.15,4.6000000000000005,0,0,0,7,18.1,61.160000000000004,959,0,0,0,0,26.200000000000003,126,4.7
2021,3,18,20,30,168.87,0.15,4.7,0,0,0,7,18.7,66.89,958,0,0,0,0,25.3,124,4.3
2021,3,18,21,30,175.16,0.15,4.7,0,0,0,3,19.3,72.27,958,0,0,0,0,24.6,122,4.1000000000000005
2021,3,18,22,30,160.70000000000002,0.15,4.7,0,0,0,7,19.700000000000003,76.68,957,0,0,0,0,24.1,121,4
2021,3,18,23,30,145.77,0.15,4.7,0,0,0,7,20.200000000000003,81.28,957,0,0,0,0,23.6,119,3.9000000000000004
2021,3,19,0,30,130.81,0.15,4.6000000000000005,0,0,0,7,20.6,84.94,958,0,0,0,0,23.3,117,3.9000000000000004
2021,3,19,1,30,115.83,0.15,4.6000000000000005,0,0,0,4,20.900000000000002,86.93,958,0,0,0,0,23.200000000000003,115,3.7
2021,3,19,2,30,100.85000000000001,0.15,4.5,0,0,0,8,21.1,87.39,959,0,0,0,0,23.3,113,3.7
2021,3,19,3,30,85.7,0.15,4.4,27,188,41,3,21.1,82.5,960,22,0,7,22,24.3,109,4.1000000000000005
2021,3,19,4,30,70.85000000000001,0.15,4.3,71,623,276,3,20.6,69.57000000000001,960,177,70,0,200,26.6,104,4.6000000000000005
2021,3,19,5,30,55.89,0.15,4.3,89,795,535,3,19.6,55.910000000000004,960,301,177,0,400,29.3,101,4.6000000000000005
2021,3,19,6,30,40.95,0.15,4.2,109,860,759,3,18.400000000000002,44.81,960,395,105,0,475,31.900000000000002,98,4.6000000000000005
2021,3,19,7,30,26.04,0.15,4.2,114,910,931,2,17.6,37.97,959,485,225,0,688,33.9,96,4.5
2021,3,19,8,30,11.36,0.15,4.2,116,933,1031,2,17,33.67,958,527,223,0,745,35.4,94,4.4
2021,3,19,9,30,5.45,0.15,4.2,135,911,1042,0,16.5,31.26,956,135,911,0,1042,36.2,91,4.2
2021,3,19,10,30,19.490000000000002,0.15,4.1000000000000005,132,900,980,7,16.1,29.94,955,414,49,0,461,36.5,89,4
2021,3,19,11,30,34.34,0.15,4.1000000000000005,122,871,841,6,15.700000000000001,29.5,955,39,0,0,39,36.300000000000004,89,3.9000000000000004
2021,3,19,12,30,49.28,0.15,4.1000000000000005,107,812,637,6,15.3,30.03,954,16,0,0,16,35.5,90,3.7
2021,3,19,13,30,64.23,0.15,4.1000000000000005,88,694,389,7,15.100000000000001,31.8,955,190,46,0,210,34.2,93,3.1
2021,3,19,14,30,79.16,0.15,4.1000000000000005,54,421,133,7,15.8,37.34,955,71,11,7,74,32.2,102,2.4000000000000004
2021,3,19,15,30,94.22,0.15,4.1000000000000005,0,0,0,7,17.7,46.28,956,0,0,0,0,30.5,116,2.9000000000000004
2021,3,19,16,30,109.2,0.15,4.2,0,0,0,7,16.900000000000002,47.04,958,0,0,0,0,29.400000000000002,126,4.2
2021,3,19,17,30,124.17,0.15,4.3,0,0,0,7,17,51.77,959,0,0,0,0,27.8,130,4.7
2021,3,19,18,30,139.14000000000001,0.15,4.4,0,0,0,7,17.900000000000002,60.050000000000004,959,0,0,0,0,26.3,130,4.6000000000000005
2021,3,19,19,30,154.07,0.15,4.4,0,0,0,6,19.1,68.81,959,0,0,0,0,25.200000000000003,128,4.2
2021,3,19,20,30,168.85,0.15,4.5,0,0,0,7,20,76.21000000000001,959,0,0,0,0,24.5,126,4.1000000000000005
2021,3,19,21,30,174.88,0.15,4.5,0,0,0,8,20.8,82.21000000000001,958,0,0,0,0,24,124,4
2021,3,19,22,30,160.57,0.15,4.5,0,0,0,3,21.3,86.52,958,0,0,0,0,23.700000000000003,123,4
2021,3,19,23,30,145.67000000000002,0.15,4.5,0,0,0,8,21.700000000000003,89.39,958,0,0,0,0,23.5,122,3.8000000000000003
2021,3,20,0,30,130.71,0.15,4.5,0,0,0,0,21.8,91.52,958,0,0,0,0,23.3,123,3.7
2021,3,20,1,30,115.73,0.15,4.5,0,0,0,0,22,93.31,958,0,0,0,0,23.1,123,3.5
2021,3,20,2,30,100.75,0.15,4.4,0,0,0,0,22,93.2,958,0,0,0,0,23.200000000000003,121,3.7
2021,3,20,3,30,85.61,0.15,4.4,25,251,44,0,22.1,88.01,959,25,251,0,44,24.200000000000003,116,4.5
2021,3,20,4,30,70.75,0.15,4.4,60,677,283,3,21.700000000000003,75.31,959,169,30,0,179,26.400000000000002,108,5.2
2021,3,20,5,30,55.79,0.15,4.3,75,834,543,0,20.900000000000002,61.85,959,75,834,0,543,29,102,5.4
2021,3,20,6,30,40.84,0.15,4.3,83,908,770,0,20.200000000000003,51.730000000000004,959,83,908,0,770,31.3,96,5.300000000000001
2021,3,20,7,30,25.92,0.15,4.2,91,945,940,0,19.5,44.72,958,91,945,0,940,33.1,92,5.2
2021,3,20,8,30,11.18,0.15,4.2,95,962,1038,3,18.8,40.18,957,404,4,0,408,34.300000000000004,88,5
2021,3,20,9,30,5.26,0.15,4.1000000000000005,127,923,1047,1,18.3,37.28,956,127,923,0,1047,35,85,4.7
2021,3,20,10,30,19.490000000000002,0.15,4.1000000000000005,120,916,984,0,17.8,35.84,955,120,916,0,984,35.2,83,4.5
2021,3,20,11,30,34.38,0.15,4,110,891,846,3,17.400000000000002,35.35,954,351,5,0,355,35,83,4.3
2021,3,20,12,30,49.32,0.15,4,104,820,638,6,17.1,35.75,954,248,16,0,259,34.4,84,4.1000000000000005
2021,3,20,13,30,64.28,0.15,4,84,707,391,7,16.8,37.84,954,176,35,0,191,33.1,86,3.5
2021,3,20,14,30,79.21000000000001,0.15,4,52,438,134,3,17.3,43.95,955,31,0,0,31,31,93,2.3000000000000003
2021,3,20,15,30,94.27,0.15,3.9000000000000004,0,0,0,3,19.3,55.01,956,0,0,0,0,29.3,104,1.9000000000000001
2021,3,20,16,30,109.25,0.15,3.9000000000000004,0,0,0,4,19,55.78,957,0,0,0,0,28.700000000000003,117,2.6
2021,3,20,17,30,124.22,0.15,3.9000000000000004,0,0,0,0,18.6,56.68,957,0,0,0,0,28,127,3.7
2021,3,20,18,30,139.18,0.15,4,0,0,0,0,19,62.13,958,0,0,0,0,26.900000000000002,132,4.3
2021,3,20,19,30,154.1,0.15,4,0,0,0,0,20.200000000000003,71.57000000000001,958,0,0,0,0,25.700000000000003,132,4.2
2021,3,20,20,30,168.81,0.15,4.1000000000000005,0,0,0,0,21.200000000000003,80.73,957,0,0,0,0,24.700000000000003,130,3.9000000000000004
2021,3,20,21,30,174.59,0.15,4.1000000000000005,0,0,0,0,21.8,87.03,957,0,0,0,0,24.1,126,3.8000000000000003
2021,3,20,22,30,160.43,0.15,4.1000000000000005,0,0,0,0,22.200000000000003,91.3,957,0,0,0,0,23.700000000000003,122,3.7
2021,3,20,23,30,145.55,0.15,4,0,0,0,0,22.400000000000002,94.19,957,0,0,0,0,23.400000000000002,120,3.6
2021,3,21,0,30,130.61,0.15,4,0,0,0,0,22.5,96.05,957,0,0,0,0,23.200000000000003,118,3.4000000000000004
2021,3,21,1,30,115.64,0.15,4,0,0,0,0,22.6,97.56,958,0,0,0,0,23,116,3.3000000000000003
2021,3,21,2,30,100.66,0.15,3.9000000000000004,0,0,0,0,22.6,96.91,958,0,0,0,0,23.1,112,3.4000000000000004
2021,3,21,3,30,85.52,0.15,3.7,30,144,42,0,22.6,91.12,959,30,144,0,42,24.1,106,4.2
2021,3,21,4,30,70.65,0.15,3.6,84,576,275,3,21.900000000000002,76.76,959,159,13,0,164,26.3,99,4.9
2021,3,21,5,30,55.69,0.15,3.5,107,759,535,0,21,62.71,959,107,759,0,535,28.8,92,5
2021,3,21,6,30,40.730000000000004,0.15,3.4000000000000004,116,858,766,0,20.1,51.49,959,116,858,0,766,31.3,87,5
2021,3,21,7,30,25.8,0.15,3.4000000000000004,124,905,938,0,19.1,43.06,958,124,905,0,938,33.4,83,4.800000000000001
2021,3,21,8,30,11,0.15,3.4000000000000004,128,927,1038,0,18.1,37.03,957,128,927,0,1038,34.9,81,4.6000000000000005
2021,3,21,9,30,5.1000000000000005,0.15,3.4000000000000004,126,934,1056,0,16.900000000000002,32.46,955,126,934,0,1056,36,83,4.4
2021,3,21,10,30,19.51,0.15,3.4000000000000004,124,920,991,2,16,29.830000000000002,954,519,222,0,728,36.4,85,4.2
2021,3,21,11,30,34.42,0.15,3.4000000000000004,119,884,848,3,15.200000000000001,28.55,954,403,41,0,437,36.300000000000004,88,4.1000000000000005
2021,3,21,12,30,49.370000000000005,0.15,3.4000000000000004,109,815,640,1,14.600000000000001,28.47,953,109,815,0,640,35.6,92,3.9000000000000004
2021,3,21,13,30,64.33,0.15,3.5,91,686,388,3,14.100000000000001,30.28,954,113,0,0,114,34,96,3
2021,3,21,14,30,79.27,0.15,3.5,56,403,131,3,15.8,38.71,954,37,0,0,37,31.5,109,2
2021,3,21,15,30,94.32000000000001,0.15,3.6,0,0,0,3,17.900000000000002,49.27,955,0,0,0,0,29.700000000000003,126,2.5
2021,3,21,16,30,109.3,0.15,3.7,0,0,0,1,17.6,50.980000000000004,956,0,0,0,0,28.700000000000003,134,3.8000000000000003
2021,3,21,17,30,124.27,0.15,3.9000000000000004,0,0,0,0,18.7,59.64,957,0,0,0,0,27.200000000000003,135,4.7
2021,3,21,18,30,139.22,0.15,3.9000000000000004,0,0,0,0,20.200000000000003,71.33,958,0,0,0,0,25.8,132,4.6000000000000005
2021,3,21,19,30,154.12,0.15,3.9000000000000004,0,0,0,0,21.200000000000003,80.62,958,0,0,0,0,24.8,126,4
2021,3,21,20,30,168.76,0.15,3.8000000000000003,0,0,0,0,21.8,87.03,958,0,0,0,0,24.1,120,3.5
2021,3,21,21,30,174.29,0.15,3.7,0,0,0,0,22,90.47,957,0,0,0,0,23.700000000000003,116,3.2
2021,3,21,22,30,160.28,0.15,3.5,0,0,0,0,22.1,92.47,957,0,0,0,0,23.400000000000002,111,3.2
2021,3,21,23,30,145.44,0.15,3.3000000000000003,0,0,0,0,22.1,93.29,957,0,0,0,0,23.200000000000003,106,3.4000000000000004
2021,3,22,0,30,130.5,0.15,3,0,0,0,0,21.900000000000002,93.56,958,0,0,0,0,23,102,3.4000000000000004
2021,3,22,1,30,115.54,0.15,2.8000000000000003,0,0,0,0,21.8,94.46000000000001,958,0,0,0,0,22.700000000000003,99,3.3000000000000003
2021,3,22,2,30,100.56,0.15,2.6,0,0,0,0,21.6,93.55,959,0,0,0,0,22.700000000000003,96,3.4000000000000004
2021,3,22,3,30,85.42,0.15,2.5,32,125,42,0,21.3,86.15,960,32,125,0,42,23.8,93,4
2021,3,22,4,30,70.56,0.15,2.4000000000000004,89,578,281,0,20.5,70.71000000000001,960,89,578,0,281,26.200000000000003,90,4.5
2021,3,22,5,30,55.6,0.15,2.4000000000000004,110,773,546,0,19.200000000000003,54.11,960,110,773,0,546,29.400000000000002,85,4.800000000000001
2021,3,22,6,30,40.63,0.15,2.5,120,867,778,0,17.400000000000002,40.83,960,120,867,0,778,32.4,79,4.9
2021,3,22,7,30,25.68,0.15,2.5,125,920,954,0,15.8,32.49,959,125,920,0,954,34.7,74,4.800000000000001
2021,3,22,8,30,10.84,0.15,2.6,126,944,1053,0,14.600000000000001,27.7,958,126,944,0,1053,36.2,71,4.6000000000000005
2021,3,22,9,30,4.97,0.15,2.7,137,930,1064,0,13.700000000000001,24.7,957,137,930,0,1064,37.2,71,4.5
2021,3,22,10,30,19.53,0.15,2.7,133,918,998,0,13,23.080000000000002,956,133,918,0,998,37.6,73,4.4
2021,3,22,11,30,34.46,0.15,2.8000000000000003,125,882,852,0,12.5,22.55,955,125,882,0,852,37.4,74,4.3
2021,3,22,12,30,49.42,0.15,2.8000000000000003,118,804,641,3,12.100000000000001,22.94,955,338,63,0,380,36.6,76,4.3
2021,3,22,13,30,64.39,0.15,2.8000000000000003,101,660,386,1,11.8,24.6,955,101,660,0,386,35,77,3.6
2021,3,22,14,30,79.32000000000001,0.15,2.9000000000000004,63,348,127,3,12.700000000000001,30.57,956,30,0,0,30,32.2,81,2.4000000000000004
2021,3,22,15,30,94.38,0.15,2.9000000000000004,0,0,0,3,15,39.85,957,0,0,0,0,30.1,90,2
2021,3,22,16,30,109.35000000000001,0.15,2.9000000000000004,0,0,0,0,14.8,41.33,958,0,0,0,0,29.3,102,2.7
2021,3,22,17,30,124.31,0.15,3,0,0,0,0,15.3,45.230000000000004,958,0,0,0,0,28.3,115,3.6
2021,3,22,18,30,139.26,0.15,3.1,0,0,0,0,16.900000000000002,54.31,959,0,0,1,0,26.900000000000002,122,4
2021,3,22,19,30,154.13,0.15,3.1,0,0,0,0,18.6,65.43,959,0,0,0,0,25.6,122,3.9000000000000004
2021,3,22,20,30,168.69,0.15,3,0,0,0,0,19.900000000000002,74.69,959,0,0,0,0,24.700000000000003,117,3.7
2021,3,22,21,30,173.97,0.15,2.8000000000000003,0,0,0,0,20.6,81.68,959,0,0,0,0,23.900000000000002,110,3.5
2021,3,22,22,30,160.13,0.15,2.7,0,0,0,0,20.8,85.79,958,0,0,0,0,23.3,104,3.3000000000000003
2021,3,22,23,30,145.32,0.15,2.5,0,0,0,0,20.700000000000003,88.3,959,0,0,0,0,22.700000000000003,98,3.1
2021,3,23,0,30,130.39000000000001,0.15,2.3000000000000003,0,0,0,0,20.400000000000002,89.64,959,0,0,0,0,22.200000000000003,93,3.1
2021,3,23,1,30,115.44,0.15,2.1,0,0,0,0,20.200000000000003,92.19,959,0,0,0,0,21.5,89,3
2021,3,23,2,30,100.46000000000001,0.15,2,0,0,0,0,20,92.33,960,0,0,0,0,21.3,82,3.4000000000000004
2021,3,23,3,30,85.33,0.15,1.9000000000000001,33,144,44,0,19.8,84.27,961,33,144,0,44,22.6,76,4.3
2021,3,23,4,30,70.46000000000001,0.15,1.9000000000000001,87,600,288,0,18.6,65.7,961,87,600,0,288,25.5,73,5.2
2021,3,23,5,30,55.5,0.15,1.9000000000000001,110,786,556,0,16.8,48.11,961,110,786,0,556,28.900000000000002,73,5.5
2021,3,23,6,30,40.53,0.15,1.9000000000000001,125,875,790,0,15.200000000000001,36.11,961,125,875,0,790,32.1,71,5.5
2021,3,23,7,30,25.57,0.15,2,133,919,962,0,13.600000000000001,28.330000000000002,960,133,919,0,962,34.6,67,5.300000000000001
2021,3,23,8,30,10.68,0.15,2,137,941,1062,0,12.100000000000001,23.400000000000002,959,137,941,0,1062,36.300000000000004,63,5.1000000000000005
2021,3,23,9,30,4.87,0.15,2,113,980,1090,0,10.5,19.78,958,113,980,0,1090,37.4,60,4.9
2021,3,23,10,30,19.56,0.15,2,111,966,1022,0,8.9,17.330000000000002,957,111,966,0,1022,37.9,59,4.800000000000001
2021,3,23,11,30,34.51,0.15,2,105,936,876,0,7.6000000000000005,15.99,956,105,936,0,876,37.7,61,4.6000000000000005
2021,3,23,12,30,49.47,0.15,1.9000000000000001,106,854,661,0,6.5,15.55,956,106,854,0,661,36.9,63,4.4
2021,3,23,13,30,64.44,0.15,1.9000000000000001,87,735,404,0,5.800000000000001,16.31,956,87,735,0,404,35.1,67,3.5
2021,3,23,14,30,79.38,0.15,1.9000000000000001,53,456,137,0,6.9,21.490000000000002,957,53,456,0,137,31.5,75,2.3000000000000003
2021,3,23,15,30,94.43,0.15,1.8,0,0,0,0,9.200000000000001,29.900000000000002,957,0,0,0,0,28.5,84,1.9000000000000001
2021,3,23,16,30,109.4,0.15,1.8,0,0,0,0,8.700000000000001,31.060000000000002,958,0,0,0,0,27.3,95,2.3000000000000003
2021,3,23,17,30,124.36,0.15,1.8,0,0,0,0,9.600000000000001,34.94,959,0,0,0,0,26.3,107,3.1
2021,3,23,18,30,139.29,0.15,1.9000000000000001,0,0,0,0,12.5,45.63,960,0,0,0,0,25,116,3.8000000000000003
2021,3,23,19,30,154.14000000000001,0.15,2,0,0,0,0,15.9,61.43,960,0,0,0,0,23.8,117,3.8000000000000003
2021,3,23,20,30,168.62,0.15,2,0,0,0,0,18.400000000000002,75.82000000000001,960,0,0,0,0,22.900000000000002,113,3.5
2021,3,23,21,30,173.64000000000001,0.15,2,0,0,0,0,19.8,86.01,960,0,0,0,0,22.3,104,3.6
2021,3,23,22,30,159.97,0.15,2,0,0,0,0,20.400000000000002,91.06,959,0,0,0,0,21.900000000000002,95,3.7
2021,3,23,23,30,145.19,0.15,1.9000000000000001,0,0,0,0,20.400000000000002,92.96000000000001,959,0,0,0,0,21.6,88,3.8000000000000003
2021,3,24,0,30,130.28,0.15,1.8,0,0,0,0,20.3,94.03,960,0,0,0,0,21.3,84,3.8000000000000003
2021,3,24,1,30,115.33,0.15,1.7000000000000002,0,0,0,0,20.1,93.74,960,0,0,0,0,21.1,80,3.7
2021,3,24,2,30,100.37,0.15,1.6,0,0,0,0,19.8,92.74,961,0,0,0,0,21,77,3.7
2021,3,24,3,30,85.23,0.15,1.4000000000000001,33,176,48,0,19.400000000000002,83.64,962,33,176,0,48,22.3,76,4.2
2021,3,24,4,30,70.37,0.15,1.2000000000000002,81,657,302,1,17.7,62.02,962,81,657,0,302,25.5,76,4.800000000000001
2021,3,24,5,30,55.410000000000004,0.15,1.1,101,839,578,0,12.700000000000001,35.81,962,101,839,0,578,29.400000000000002,74,5.2
2021,3,24,6,30,40.43,0.15,1,113,928,820,0,7.300000000000001,20.72,962,113,928,0,820,32.6,72,5.1000000000000005
2021,3,24,7,30,25.47,0.15,0.9,123,971,1000,0,3.8000000000000003,14.33,961,123,971,0,1000,34.9,69,4.6000000000000005
2021,3,24,8,30,10.540000000000001,0.15,0.9,128,991,1102,0,1.5,11.14,959,128,991,0,1102,36.5,67,4.2
2021,3,24,9,30,4.8,0.15,0.9,137,983,1116,0,0,9.450000000000001,958,137,983,0,1116,37.6,66,3.8000000000000003
2021,3,24,10,30,19.6,0.15,1,133,966,1043,0,-0.7000000000000001,8.72,956,133,966,0,1043,38.1,67,3.6
2021,3,24,11,30,34.56,0.15,1,126,932,893,0,-0.9,8.66,955,126,932,1,893,37.9,71,3.5
2021,3,24,12,30,49.53,0.15,1.1,114,863,674,0,-0.9,9.06,955,114,863,0,674,37.1,75,3.6
2021,3,24,13,30,64.5,0.15,1.2000000000000002,94,733,409,0,-0.7000000000000001,10.33,955,94,733,0,409,35,80,3
2021,3,24,14,30,79.43,0.15,1.2000000000000002,57,441,138,0,2,15.6,955,57,441,0,138,31.1,89,2.1
2021,3,24,15,30,94.48,0.15,1.2000000000000002,0,0,0,0,4.5,22.23,956,0,0,0,0,28,100,1.9000000000000001
2021,3,24,16,30,109.45,0.15,1.3,0,0,0,0,4.4,23.84,957,0,0,0,0,26.8,110,2.5
2021,3,24,17,30,124.4,0.15,1.5,0,0,0,0,7.300000000000001,31.35,958,0,0,0,0,25.5,118,3.3000000000000003
2021,3,24,18,30,139.32,0.15,1.6,0,0,0,0,12.3,47.4,958,0,0,0,0,24.200000000000003,122,3.8000000000000003
2021,3,24,19,30,154.15,0.15,1.8,0,0,0,0,16.5,66.56,959,0,0,0,0,23.1,121,3.7
2021,3,24,20,30,168.52,0.15,1.9000000000000001,0,0,0,0,19,81.52,958,0,0,0,0,22.3,117,3.3000000000000003
2021,3,24,21,30,173.31,0.15,1.9000000000000001,0,0,0,0,20.1,90.61,958,0,0,0,0,21.700000000000003,110,3.1
2021,3,24,22,30,159.81,0.15,1.8,0,0,0,0,20.5,94.92,957,0,0,0,0,21.3,102,3.2
2021,3,24,23,30,145.07,0.15,1.8,0,0,0,0,20.400000000000002,96.52,957,0,0,0,0,21,97,3.4000000000000004
2021,3,25,0,30,130.17000000000002,0.15,1.7000000000000002,0,0,0,0,20.200000000000003,96.23,957,0,0,0,0,20.8,94,3.4000000000000004
2021,3,25,1,30,115.23,0.15,1.6,0,0,0,0,19.900000000000002,95.83,958,0,0,0,0,20.6,92,3.3000000000000003
2021,3,25,2,30,100.27,0.15,1.6,0,0,0,0,19.700000000000003,94.39,959,0,0,0,0,20.6,92,3.4000000000000004
2021,3,25,3,30,85.14,0.15,1.5,35,133,46,0,19.400000000000002,85.54,960,35,133,0,46,21.900000000000002,92,3.7
2021,3,25,4,30,70.27,0.15,1.5,93,591,293,0,18.400000000000002,68.36,960,93,591,0,293,24.6,94,4
2021,3,25,5,30,55.31,0.15,1.5,116,783,562,1,17,50.5,960,116,783,0,562,28.200000000000003,96,4.1000000000000005
2021,3,25,6,30,40.34,0.15,1.5,130,876,798,0,14.600000000000001,35.57,960,130,876,0,798,31.700000000000003,94,3.9000000000000004
2021,3,25,7,30,25.37,0.15,1.5,138,926,974,0,11.4,24.77,959,138,926,0,974,34.4,91,3.4000000000000004
2021,3,25,8,30,10.42,0.15,1.6,142,944,1070,0,9.1,19.17,958,142,944,0,1070,36.2,88,3
2021,3,25,9,30,4.76,0.15,1.6,93,1017,1106,0,7.6000000000000005,16.39,956,93,1017,0,1106,37.2,86,2.7
2021,3,25,10,30,19.650000000000002,0.15,1.6,91,1006,1038,0,6.6000000000000005,14.92,955,91,1006,0,1038,37.7,87,2.7
2021,3,25,11,30,34.61,0.15,1.6,87,978,892,0,5.800000000000001,14.25,954,87,978,0,892,37.6,90,2.9000000000000004
2021,3,25,12,30,49.59,0.15,1.7000000000000002,112,845,660,0,5.300000000000001,14.33,954,112,845,0,660,36.800000000000004,92,3.1
2021,3,25,13,30,64.55,0.15,1.7000000000000002,91,724,402,0,4.9,15.31,954,91,724,0,402,35.1,96,2.9000000000000004
2021,3,25,14,30,79.49,0.15,1.7000000000000002,55,438,135,0,5.6000000000000005,19.32,955,55,438,0,135,31.8,103,2.1
2021,3,25,15,30,94.53,0.15,1.7000000000000002,0,0,0,0,7.300000000000001,25.61,955,0,0,0,0,29,111,2.1
2021,3,25,16,30,109.5,0.15,1.8,0,0,0,0,7.300000000000001,26.830000000000002,956,0,0,0,0,28.1,118,3
2021,3,25,17,30,124.44,0.15,2,0,0,0,0,9.5,33.85,957,0,0,1,0,26.700000000000003,123,4.2
2021,3,25,18,30,139.35,0.15,2.2,0,0,0,0,13.600000000000001,48.77,958,0,0,0,0,25.1,124,4.6000000000000005
2021,3,25,19,30,154.14000000000001,0.15,2.3000000000000003,0,0,0,0,16.8,64.7,958,0,0,0,0,23.8,121,4.4
2021,3,25,20,30,168.42000000000002,0.15,2.3000000000000003,0,0,0,0,18.400000000000002,75.96000000000001,958,0,0,0,0,22.900000000000002,114,3.9000000000000004
2021,3,25,21,30,172.97,0.15,2.2,0,0,0,0,19.1,82.53,958,0,0,0,0,22.200000000000003,106,3.6
2021,3,25,22,30,159.64000000000001,0.15,2.2,0,0,0,0,19.200000000000003,86.16,957,0,0,0,0,21.6,100,3.5
2021,3,25,23,30,144.93,0.15,2.1,0,0,0,0,19.1,88.4,957,0,0,0,0,21.1,96,3.5
2021,3,26,0,30,130.06,0.16,2,0,0,0,0,19.1,90.60000000000001,958,0,0,0,0,20.700000000000003,92,3.5
2021,3,26,1,30,115.12,0.16,1.9000000000000001,0,0,0,0,19.200000000000003,92.52,958,0,0,0,0,20.5,90,3.6
2021,3,26,2,30,100.17,0.16,1.9000000000000001,0,0,0,0,19.5,92.64,959,0,0,0,0,20.700000000000003,87,3.9000000000000004
2021,3,26,3,30,85.05,0.16,1.8,35,160,49,0,19.6,85.55,960,35,160,0,49,22.1,84,4.6000000000000005
2021,3,26,4,30,70.18,0.16,1.8,89,605,294,0,18.900000000000002,68.56,961,89,605,0,294,25.1,83,5.1000000000000005
2021,3,26,5,30,55.22,0.16,1.7000000000000002,112,791,564,0,17.7,51.83,961,112,791,0,564,28.6,81,5.2
2021,3,26,6,30,40.25,0.16,1.7000000000000002,120,891,801,0,16.1,38.46,960,120,891,0,801,32,79,4.9
2021,3,26,7,30,25.27,0.16,1.7000000000000002,128,936,974,0,13.8,28.66,959,128,936,0,974,34.6,76,4.4
2021,3,26,8,30,10.31,0.16,1.8,132,954,1071,0,12,23.240000000000002,958,132,954,0,1071,36.300000000000004,72,3.9000000000000004
2021,3,26,9,30,4.76,0.16,1.8,124,970,1090,0,10.600000000000001,19.88,956,124,970,0,1090,37.4,67,3.6
2021,3,26,10,30,19.7,0.16,1.8,121,956,1022,0,9.4,17.85,955,121,956,0,1022,37.9,63,3.5
2021,3,26,11,30,34.67,0.16,1.9000000000000001,114,921,872,0,8.4,16.8,954,114,921,0,872,37.800000000000004,63,3.5
2021,3,26,12,30,49.65,0.16,1.9000000000000001,103,860,659,0,7.6000000000000005,16.580000000000002,954,103,860,0,659,37.1,64,3.5
2021,3,26,13,30,64.61,0.16,1.9000000000000001,85,739,402,0,7,17.38,954,85,739,0,402,35.5,67,3.1
2021,3,26,14,30,79.54,0.16,1.9000000000000001,52,460,136,0,7.1000000000000005,21.1,955,52,460,0,136,32.1,73,2.2
2021,3,26,15,30,94.59,0.16,1.9000000000000001,0,0,0,0,8.5,27.080000000000002,956,0,0,0,0,29.400000000000002,79,1.9000000000000001
2021,3,26,16,30,109.54,0.16,1.9000000000000001,0,0,0,0,8.1,28.12,957,0,0,0,0,28.3,82,2.2
2021,3,26,17,30,124.48,0.16,1.9000000000000001,0,0,0,0,8.6,31,958,0,0,0,0,27.200000000000003,91,2.6
2021,3,26,18,30,139.37,0.16,2,0,0,0,0,10.100000000000001,36.54,959,0,0,0,0,26.1,103,3.4000000000000004
2021,3,26,19,30,154.14000000000001,0.16,2.1,0,0,0,0,12.9,47.52,959,0,0,0,0,24.8,111,3.9000000000000004
2021,3,26,20,30,168.31,0.16,2.2,0,0,0,0,15.700000000000001,61.14,959,0,0,0,0,23.6,113,3.9000000000000004
2021,3,26,21,30,172.62,0.16,2.2,0,0,0,0,17.6,73.49,958,0,0,0,0,22.6,109,3.6
2021,3,26,22,30,159.46,0.16,2.2,0,0,0,0,18.8,82.7,958,0,0,0,0,21.900000000000002,100,3.5
2021,3,26,23,30,144.8,0.16,2.1,0,0,0,0,19.400000000000002,88.12,958,0,0,0,0,21.400000000000002,89,3.5
2021,3,27,0,30,129.94,0.16,2,0,0,0,0,19.400000000000002,90.21000000000001,958,0,0,0,0,21.1,80,3.6
2021,3,27,1,30,115.02,0.16,1.9000000000000001,0,0,0,0,19.3,91.19,959,0,0,0,0,20.8,72,3.6
2021,3,27,2,30,100.07000000000001,0.16,1.9000000000000001,0,0,0,0,19.200000000000003,90.38,960,0,0,0,0,20.8,67,3.8000000000000003
2021,3,27,3,30,84.95,0.16,1.9000000000000001,36,139,49,0,19.1,83.75,961,36,139,0,49,22,66,4.800000000000001
2021,3,27,4,30,70.09,0.16,1.9000000000000001,94,582,292,8,18.6,68.91,961,178,164,0,233,24.700000000000003,66,5.800000000000001
2021,3,27,5,30,55.13,0.16,1.9000000000000001,117,774,560,7,17.3,51.77,961,263,272,0,419,28.200000000000003,66,6.1000000000000005
2021,3,27,6,30,40.160000000000004,0.16,2,130,864,790,7,15.600000000000001,38.14,961,303,468,0,661,31.6,65,6
2021,3,27,7,30,25.18,0.16,2.1,137,910,961,7,14,29.46,960,347,490,0,790,34.300000000000004,62,5.5
2021,3,27,8,30,10.21,0.16,2.2,139,933,1057,7,12.9,24.89,958,304,630,0,924,36.1,58,4.9
2021,3,27,9,30,4.79,0.16,2.3000000000000003,135,941,1072,0,12.200000000000001,22.3,957,135,941,0,1072,37.2,53,4.3
2021,3,27,10,30,19.76,0.16,2.5,129,927,1001,0,11.600000000000001,20.96,956,129,927,0,1001,37.7,48,3.8000000000000003
2021,3,27,11,30,34.74,0.16,2.6,119,894,854,0,11.200000000000001,20.55,955,119,894,0,854,37.6,45,3.5
2021,3,27,12,30,49.71,0.16,2.7,122,795,636,0,11,21.06,955,122,795,0,636,36.800000000000004,43,3.3000000000000003
2021,3,27,13,30,64.67,0.16,2.8000000000000003,100,662,383,0,10.700000000000001,22.42,955,100,662,0,383,35.4,41,2.8000000000000003
2021,3,27,14,30,79.60000000000001,0.16,2.8000000000000003,59,370,125,7,10.8,26.25,956,92,102,7,111,32.7,42,1.8
2021,3,27,15,30,94.64,0.16,2.9000000000000004,0,0,0,8,12,31.7,956,0,0,0,0,30.700000000000003,46,1.3
2021,3,27,16,30,109.59,0.16,2.9000000000000004,0,0,0,1,11.600000000000001,32.28,957,0,0,0,0,30,56,1.3
2021,3,27,17,30,124.52,0.16,3,0,0,0,0,11.8,34.15,958,0,0,0,0,29.200000000000003,80,1.6
2021,3,27,18,30,139.39000000000001,0.16,3.2,0,0,0,0,12.700000000000001,38.22,959,0,0,0,0,28.3,106,2.5
2021,3,27,19,30,154.12,0.16,3.4000000000000004,0,0,0,0,14.700000000000001,46.24,959,0,0,0,0,27.200000000000003,117,3.6
2021,3,27,20,30,168.18,0.16,3.6,0,0,0,7,17.1,57.51,959,0,0,0,0,26.1,118,4.2
2021,3,27,21,30,172.27,0.16,3.6,0,0,0,8,18.900000000000002,69.03,959,0,0,0,0,25,113,4.1000000000000005
2021,3,27,22,30,159.28,0.16,3.6,0,0,0,0,19.900000000000002,77.60000000000001,959,0,0,0,0,24.1,106,3.8000000000000003
2021,3,27,23,30,144.66,0.16,3.4000000000000004,0,0,0,0,20.400000000000002,82.61,959,0,0,0,0,23.5,99,3.5
2021,3,28,0,30,129.82,0.16,3.3000000000000003,0,0,0,0,20.5,85.97,959,0,0,0,0,23,93,3.3000000000000003
2021,3,28,1,30,114.91,0.16,3.2,0,0,0,0,20.6,88.64,959,0,0,0,0,22.6,89,3.2
2021,3,28,2,30,99.97,0.16,3.1,0,0,0,0,20.8,88.89,960,0,0,0,0,22.700000000000003,86,3.5
2021,3,28,3,30,84.86,0.16,3,34,150,48,0,20.8,82.13,960,34,150,0,48,24,85,4.2
2021,3,28,4,30,70,0.16,3,90,570,285,0,19.900000000000002,65.95,961,90,570,0,285,26.8,85,4.7
2021,3,28,5,30,55.04,0.16,3,114,752,545,0,18.3,48.89,961,114,752,0,545,30.200000000000003,84,4.9
2021,3,28,6,30,40.07,0.16,3.1,123,850,773,0,16.6,36.97,960,123,850,0,773,33.300000000000004,81,4.800000000000001
2021,3,28,7,30,25.1,0.16,3.1,133,893,942,0,15.3,29.89,959,133,893,0,942,35.6,76,4.3
2021,3,28,8,30,10.120000000000001,0.16,3.1,139,912,1037,0,14.100000000000001,25.150000000000002,958,139,912,0,1037,37.300000000000004,70,3.9000000000000004
2021,3,28,9,30,4.8500000000000005,0.16,3.1,142,914,1052,0,13,22.14,957,142,914,0,1052,38.400000000000006,66,3.5
2021,3,28,10,30,19.830000000000002,0.16,3.1,139,898,984,1,12.200000000000001,20.39,955,139,898,0,984,38.900000000000006,64,3.4000000000000004
2021,3,28,11,30,34.81,0.16,3.1,131,862,839,0,11.5,19.63,955,131,862,0,839,38.800000000000004,67,3.3000000000000003
2021,3,28,12,30,49.78,0.16,3.2,118,793,630,1,11,19.71,954,118,793,0,630,38.1,71,3.4000000000000004
2021,3,28,13,30,64.74,0.16,3.2,96,662,379,7,10.700000000000001,20.81,955,200,66,0,228,36.7,77,3.1
2021,3,28,14,30,79.66,0.16,3.2,57,371,124,7,10.700000000000001,23.97,955,94,91,7,110,34.1,89,2.3000000000000003
2021,3,28,15,30,94.69,0.16,3.3000000000000003,0,0,0,7,11.600000000000001,28.46,956,0,0,0,0,32.2,108,2.8000000000000003
2021,3,28,16,30,109.64,0.16,3.4000000000000004,0,0,0,7,12.9,33.54,957,0,0,0,0,30.8,122,4.7
2021,3,28,17,30,124.55,0.16,3.7,0,0,0,0,16.6,48.480000000000004,959,0,0,0,0,28.5,127,5.800000000000001
2021,3,28,18,30,139.41,0.16,3.8000000000000003,0,0,0,0,19.6,65.74,959,0,0,0,0,26.5,125,5.7
2021,3,28,19,30,154.11,0.16,3.9000000000000004,0,0,0,0,20.900000000000002,76.39,959,0,0,0,0,25.400000000000002,121,5.1000000000000005
2021,3,28,20,30,168.04,0.16,3.8000000000000003,0,0,0,0,21.400000000000002,81.61,959,0,0,0,0,24.8,116,4.800000000000001
2021,3,28,21,30,171.92000000000002,0.16,3.8000000000000003,0,0,0,0,21.5,83.22,959,0,0,0,0,24.5,111,4.6000000000000005
2021,3,28,22,30,159.09,0.16,3.7,0,0,0,0,21.400000000000002,84.14,958,0,0,0,0,24.200000000000003,109,4.4
2021,3,28,23,30,144.52,0.16,3.6,0,0,0,0,21.400000000000002,84.76,958,0,0,0,0,24.1,108,4.1000000000000005
2021,3,29,0,30,129.7,0.16,3.6,0,0,0,3,21.5,86,958,0,0,0,0,24,109,3.9000000000000004
2021,3,29,1,30,114.8,0.16,3.6,0,0,0,3,21.700000000000003,86.96000000000001,959,0,0,0,0,24,111,3.8000000000000003
2021,3,29,2,30,99.87,0.16,3.5,0,0,0,0,21.8,87.22,960,0,0,0,0,24.1,111,4
2021,3,29,3,30,84.77,0.16,3.5,34,171,49,1,21.8,81.68,960,34,171,0,49,25.200000000000003,110,4.6000000000000005
2021,3,29,4,30,69.91,0.16,3.4000000000000004,87,579,286,0,21.400000000000002,70.5,961,87,579,0,286,27.200000000000003,108,5.2
2021,3,29,5,30,54.96,0.16,3.4000000000000004,111,754,544,0,20.3,57.2,961,111,754,0,544,29.700000000000003,105,5.300000000000001
2021,3,29,6,30,39.99,0.16,3.4000000000000004,126,840,769,0,18.8,45.04,960,126,840,0,769,32.2,101,5.2
2021,3,29,7,30,25.02,0.16,3.4000000000000004,135,885,937,0,17.2,35.63,959,135,885,0,937,34.6,97,4.9
2021,3,29,8,30,10.06,0.16,3.3000000000000003,141,908,1034,0,15.8,29.48,958,141,908,0,1034,36.4,93,4.5
2021,3,29,9,30,4.95,0.16,3.3000000000000003,156,890,1043,0,14.5,25.34,956,156,890,0,1043,37.7,88,4.3
2021,3,29,10,30,19.91,0.16,3.3000000000000003,154,872,974,0,13.5,23.26,955,154,872,0,974,38.1,84,4.4
2021,3,29,11,30,34.88,0.16,3.2,150,828,830,0,12.8,22.64,954,150,828,0,830,37.7,82,4.6000000000000005
2021,3,29,12,30,49.84,0.16,3.2,125,776,625,0,12.200000000000001,23.3,954,125,776,0,625,36.5,81,4.7
2021,3,29,13,30,64.8,0.16,3.1,103,641,376,0,11.8,24.63,954,103,641,0,376,35,82,4.5
2021,3,29,14,30,79.72,0.16,3.1,59,351,122,2,11.5,26.88,955,29,0,0,29,33.1,89,3.6
2021,3,29,15,30,94.75,0.16,3.1,0,0,0,1,11.700000000000001,30.080000000000002,956,0,0,0,0,31.3,106,3.3000000000000003
2021,3,29,16,30,109.68,0.16,3.2,0,0,0,0,12.5,34.46,957,0,0,0,0,29.8,120,4.3
2021,3,29,17,30,124.59,0.16,3.4000000000000004,0,0,0,1,14.9,45.04,959,0,0,0,0,27.900000000000002,124,5.4
2021,3,29,18,30,139.42000000000002,0.16,3.5,0,0,0,0,18.2,60.9,959,0,0,0,0,26.3,122,5.5
2021,3,29,19,30,154.08,0.16,3.5,0,0,0,0,20,72.81,959,0,0,0,0,25.200000000000003,119,5
2021,3,29,20,30,167.89000000000001,0.16,3.5,0,0,0,1,20.900000000000002,81.02,959,0,0,0,0,24.400000000000002,118,4.6000000000000005
2021,3,29,21,30,171.56,0.16,3.5,0,0,0,0,21.6,86.21000000000001,958,0,0,0,0,24,117,4.3
2021,3,29,22,30,158.9,0.16,3.4000000000000004,0,0,0,0,22,89.98,958,0,0,0,0,23.700000000000003,117,4
2021,3,29,23,30,144.38,0.16,3.3000000000000003,0,0,0,0,22.3,92.89,958,0,0,0,0,23.5,120,3.7
2021,3,30,0,30,129.58,0.16,3.2,0,0,0,0,22.5,95.3,958,0,0,0,0,23.3,124,3.5
2021,3,30,1,30,114.69,0.16,3.1,0,0,0,0,22.6,96.62,958,0,0,0,0,23.200000000000003,128,3.4000000000000004
2021,3,30,2,30,99.77,0.16,3.1,0,0,0,0,22.700000000000003,96.36,959,0,0,0,0,23.3,130,3.5
2021,3,30,3,30,84.68,0.16,3,35,163,50,0,22.5,88.59,959,35,163,0,50,24.5,128,4.1000000000000005
2021,3,30,4,30,69.82000000000001,0.16,3,93,563,287,0,21.6,73.11,960,93,563,0,287,26.8,125,4.5
2021,3,30,5,30,54.870000000000005,0.16,3.1,119,739,544,0,20.3,56.800000000000004,960,119,739,0,544,29.8,121,4.5
2021,3,30,6,30,39.92,0.16,3.1,134,829,769,0,18.5,43.06,959,134,829,0,769,32.7,114,4.4
2021,3,30,7,30,24.95,0.16,3.1,143,876,938,0,16.900000000000002,33.980000000000004,958,143,876,0,938,35.1,108,4.1000000000000005
2021,3,30,8,30,10,0.16,3.2,148,897,1031,0,15.8,28.8,957,148,897,0,1031,36.800000000000004,102,3.7
2021,3,30,9,30,5.07,0.16,3.2,126,933,1056,0,15,25.62,956,126,933,0,1056,38,98,3.5
2021,3,30,10,30,19.990000000000002,0.16,3.3000000000000003,130,906,982,0,14.4,24.28,955,130,906,0,982,38.300000000000004,95,3.4000000000000004
2021,3,30,11,30,34.95,0.16,3.4000000000000004,133,854,833,0,13.9,23.96,954,133,854,0,833,38,95,3.4000000000000004
2021,3,30,12,30,49.910000000000004,0.16,3.5,128,764,620,0,13.600000000000001,24.96,954,128,764,0,620,36.9,99,3.6
2021,3,30,13,30,64.86,0.16,3.5,109,616,371,0,13.600000000000001,26.84,954,109,616,0,371,35.5,103,3.7
2021,3,30,14,30,79.77,0.16,3.6,63,316,119,0,13.700000000000001,29.59,955,63,316,0,119,33.9,112,3.9000000000000004
2021,3,30,15,30,94.8,0.16,3.5,0,0,0,0,13.9,32.67,956,0,0,0,0,32.4,123,4.6000000000000005
2021,3,30,16,30,109.72,0.16,3.4000000000000004,0,0,0,0,14.3,37.19,957,0,0,0,0,30.6,130,5.6000000000000005
2021,3,30,17,30,124.62,0.16,3.3000000000000003,0,0,0,0,15.4,45.050000000000004,958,0,0,0,0,28.5,133,5.6000000000000005
2021,3,30,18,30,139.43,0.16,3.2,0,0,0,0,16.900000000000002,54.36,959,0,0,0,0,26.900000000000002,135,5.1000000000000005
2021,3,30,19,30,154.05,0.16,3.1,0,0,0,0,18.2,63.01,959,0,0,0,0,25.8,137,4.6000000000000005
2021,3,30,20,30,167.73,0.16,3,0,0,0,0,19.200000000000003,70.81,959,0,0,0,0,24.900000000000002,139,4.3
2021,3,30,21,30,171.20000000000002,0.16,3,0,0,0,0,20,77.60000000000001,958,0,0,0,0,24.200000000000003,140,4.2
2021,3,30,22,30,158.70000000000002,0.16,2.9000000000000004,0,0,0,0,20.700000000000003,83.66,958,0,0,0,0,23.6,139,4.1000000000000005
2021,3,30,23,30,144.23,0.16,2.8000000000000003,0,0,0,0,21.1,87.29,958,0,0,0,0,23.3,139,4
2021,3,31,0,30,129.45,0.16,2.8000000000000003,0,0,0,0,21.3,89.72,958,0,0,0,0,23.1,139,4
2021,3,31,1,30,114.58,0.16,2.7,0,0,0,0,21.400000000000002,90.88,959,0,0,0,0,23,142,4
2021,3,31,2,30,99.66,0.16,2.7,0,0,0,3,21.5,90,960,0,0,0,0,23.200000000000003,145,4.1000000000000005
2021,3,31,3,30,84.59,0.16,2.7,35,199,53,0,21.400000000000002,83.84,960,35,199,0,53,24.3,146,4.6000000000000005
2021,3,31,4,30,69.73,0.16,2.8000000000000003,88,592,293,0,20.700000000000003,70.14,961,88,592,0,293,26.6,145,4.9
2021,3,31,5,30,54.79,0.16,2.9000000000000004,114,758,551,0,19.6,55.28,961,114,758,0,551,29.5,142,4.800000000000001
2021,3,31,6,30,39.84,0.16,3,139,823,771,0,18.1,43.07,961,139,823,0,771,32.2,136,4.4
2021,3,31,7,30,24.89,0.16,3.1,153,864,937,0,16.900000000000002,35.230000000000004,960,153,864,0,937,34.5,129,3.9000000000000004
2021,3,31,8,30,9.96,0.16,3.2,162,879,1028,0,16.3,30.740000000000002,959,162,879,0,1028,36.2,123,3.4000000000000004
2021,3,31,9,30,5.22,0.16,3.2,146,905,1048,0,15.700000000000001,28.25,957,146,905,0,1048,37.1,116,3
2021,3,31,10,30,20.080000000000002,0.16,3.2,152,878,977,0,15.100000000000001,27.060000000000002,956,152,878,1,977,37.2,111,2.8000000000000003
2021,3,31,11,30,35.03,0.16,3.2,146,835,830,0,14.600000000000001,26.41,955,146,835,0,830,37,110,2.6
2021,3,31,12,30,49.980000000000004,0.16,3.2,130,766,623,0,14.100000000000001,26.52,955,130,766,0,623,36.4,114,2.6
2021,3,31,13,30,64.93,0.16,3.2,105,630,372,2,13.8,27.42,955,180,11,0,185,35.4,123,2.6
2021,3,31,14,30,79.83,0.16,3.2,59,342,120,3,13.600000000000001,29.97,955,7,0,0,7,33.6,135,2.5
2021,3,31,15,30,94.85000000000001,0.16,3.2,0,0,0,1,14,33.7,956,0,0,0,0,32,145,3.5
2021,3,31,16,30,109.77,0.16,3.4000000000000004,0,0,0,0,15.100000000000001,39.64,957,0,0,0,0,30.3,147,5.2
2021,3,31,17,30,124.65,0.16,3.5,0,0,0,0,17.1,50.86,958,0,0,0,0,28.200000000000003,147,5.800000000000001
2021,3,31,18,30,139.44,0.16,3.6,0,0,0,0,18.900000000000002,62.51,959,0,0,0,0,26.6,147,5.300000000000001
2021,3,31,19,30,154.02,0.16,3.6,0,0,0,0,19.700000000000003,69.94,960,0,0,0,0,25.6,146,4.5
2021,3,31,20,30,167.56,0.16,3.5,0,0,0,0,20.1,74.34,959,0,0,0,0,25,146,4.1000000000000005
2021,3,31,21,30,170.84,0.16,3.4000000000000004,0,0,0,0,20.6,78.69,959,0,0,1,0,24.5,147,3.9000000000000004
2021,3,31,22,30,158.5,0.16,3.3000000000000003,0,0,0,0,21,83.54,959,0,0,0,0,24,147,3.7
2021,3,31,23,30,144.08,0.16,3.2,0,0,0,0,21.400000000000002,87.01,959,0,0,0,0,23.700000000000003,149,3.4000000000000004
2021,4,1,0,30,129.33,0.15,3,0,0,0,0,21.6,89.59,959,0,0,0,0,23.400000000000002,151,3
2021,4,1,1,30,114.47,0.15,2.8000000000000003,0,0,0,0,21.6,90.37,959,0,0,0,0,23.3,154,2.6
2021,4,1,2,30,99.56,0.15,2.7,0,0,0,0,21.6,89.74,960,0,0,0,0,23.400000000000002,158,2.6
2021,4,1,3,30,84.5,0.15,2.7,33,253,57,0,21.5,83.41,960,33,253,0,57,24.5,161,3
2021,4,1,4,30,69.65,0.15,2.6,76,652,303,2,20.900000000000002,69.7,961,121,2,1,121,26.900000000000002,163,3.3000000000000003
2021,4,1,5,30,54.72,0.15,2.6,97,808,564,0,19.6,54.050000000000004,961,97,808,0,564,29.900000000000002,162,3.3000000000000003
2021,4,1,6,30,39.77,0.15,2.7,110,882,788,0,18,41.18,960,110,882,0,788,32.9,158,3
2021,4,1,7,30,24.830000000000002,0.15,2.7,119,922,956,0,16.6,33.02,960,119,922,0,956,35.300000000000004,154,2.5
2021,4,1,8,30,9.94,0.15,2.7,124,940,1050,0,15.5,28.14,958,124,940,0,1050,36.9,150,2.2
2021,4,1,9,30,5.39,0.15,2.8000000000000003,95,981,1072,0,14.700000000000001,25.35,957,95,981,0,1072,37.9,145,2.2
2021,4,1,10,30,20.18,0.15,2.8000000000000003,92,970,1003,0,14.100000000000001,23.94,956,92,970,0,1003,38.300000000000004,141,2.3000000000000003
2021,4,1,11,30,35.11,0.15,2.9000000000000004,87,939,855,0,13.700000000000001,23.36,955,87,939,0,855,38.2,140,2.5
2021,4,1,12,30,50.06,0.15,2.9000000000000004,89,860,641,0,13.4,23.79,955,89,860,0,641,37.5,139,2.8000000000000003
2021,4,1,13,30,64.99,0.15,3,74,741,388,0,13.200000000000001,25.28,955,74,741,0,388,36.2,141,2.9000000000000004
2021,4,1,14,30,79.89,0.15,3.1,46,463,127,0,13.200000000000001,28.1,956,46,463,0,127,34.300000000000004,146,2.8000000000000003
2021,4,1,15,30,94.9,0.15,3.1,0,0,0,3,13.700000000000001,31.63,957,0,0,0,0,32.7,151,3.4000000000000004
2021,4,1,16,30,109.81,0.15,3.3000000000000003,0,0,0,0,14.600000000000001,36.32,958,0,0,0,0,31.3,152,4.7
2021,4,1,17,30,124.67,0.15,3.5,0,0,0,0,16.6,46.24,959,0,0,0,0,29.3,153,5.4
2021,4,1,18,30,139.45000000000002,0.15,3.6,0,0,0,0,18.7,59.300000000000004,959,0,0,0,0,27.3,155,5.300000000000001
2021,4,1,19,30,153.98,0.15,3.8000000000000003,0,0,0,0,20,69.46000000000001,960,0,0,0,0,26,156,4.9
2021,4,1,20,30,167.38,0.15,3.9000000000000004,0,0,0,1,20.5,75.15,960,0,0,0,0,25.200000000000003,156,4.4
2021,4,1,21,30,170.48,0.15,3.9000000000000004,0,0,0,1,20.700000000000003,79.15,960,0,0,0,0,24.6,156,4.1000000000000005
2021,4,1,22,30,158.29,0.15,4,0,0,0,3,21,81.9,959,0,0,0,0,24.3,157,3.8000000000000003
2021,4,1,23,30,143.93,0.15,3.9000000000000004,0,0,0,1,21.3,84.89,959,0,0,0,0,24,160,3.5
2021,4,2,0,30,129.2,0.15,3.9000000000000004,0,0,0,3,21.5,87.06,960,0,0,0,0,23.8,163,3.1
2021,4,2,1,30,114.36,0.15,3.8000000000000003,0,0,0,0,21.6,88.22,960,0,0,0,0,23.700000000000003,166,2.8000000000000003
2021,4,2,2,30,99.46000000000001,0.15,3.8000000000000003,0,0,0,0,21.700000000000003,87.97,961,0,0,0,0,23.8,170,2.6
2021,4,2,3,30,84.41,0.15,3.7,33,254,57,0,21.6,83.08,961,33,254,0,57,24.700000000000003,172,2.8000000000000003
2021,4,2,4,30,69.56,0.15,3.7,74,643,298,1,21.1,71.82000000000001,962,74,643,0,298,26.6,173,3
2021,4,2,5,30,54.64,0.15,3.6,93,799,555,0,20,58.39,961,93,799,0,555,29,171,2.8000000000000003
2021,4,2,6,30,39.7,0.15,3.6,110,866,776,0,18.7,46.75,961,110,866,0,776,31.5,163,2.5
2021,4,2,7,30,24.78,0.15,3.5,118,909,943,0,18,39.99,960,118,909,0,943,33.4,157,2.2
2021,4,2,8,30,9.94,0.15,3.5,121,929,1036,0,17.5,36.02,959,121,929,0,1036,34.7,157,1.9000000000000001
2021,4,2,9,30,5.59,0.15,3.5,118,936,1050,0,17.1,33.64,958,118,936,0,1050,35.5,159,1.6
2021,4,2,10,30,20.28,0.15,3.6,115,922,980,3,16.900000000000002,32.46,957,462,137,0,591,35.9,165,1.2000000000000002
2021,4,2,11,30,35.2,0.15,3.6,108,890,835,0,16.7,32.46,956,108,890,0,835,35.7,174,1
2021,4,2,12,30,50.13,0.15,3.7,97,826,627,8,16.5,33.36,955,274,296,7,464,35,181,0.9
2021,4,2,13,30,65.06,0.15,3.7,79,709,378,7,16.5,35.2,956,6,0,0,6,34,184,1
2021,4,2,14,30,79.95,0.15,3.8000000000000003,48,433,123,5,16.7,38.86,956,16,0,7,16,32.5,183,0.9
2021,4,2,15,30,94.95,0.15,3.9000000000000004,0,0,0,4,18.1,45.84,957,0,0,0,0,31.1,178,1.3
2021,4,2,16,30,109.85000000000001,0.15,4,0,0,0,6,18.2,48.730000000000004,957,0,0,0,0,30.200000000000003,171,2.4000000000000004
2021,4,2,17,30,124.7,0.15,4.2,0,0,0,9,18.6,53.27,958,0,0,0,0,29.1,166,3.5
2021,4,2,18,30,139.45000000000002,0.15,4.3,0,0,0,6,19.5,60.47,959,0,0,0,0,27.8,162,4.2
2021,4,2,19,30,153.93,0.15,4.4,0,0,0,7,20.400000000000002,68.39,959,0,0,1,0,26.700000000000003,161,4.4
2021,4,2,20,30,167.19,0.15,4.5,0,0,0,7,21.1,75.43,959,0,0,0,0,25.8,163,4.1000000000000005
2021,4,2,21,30,170.12,0.15,4.4,0,0,0,1,21.5,80.11,959,0,0,0,0,25.200000000000003,164,3.8000000000000003
2021,4,2,22,30,158.08,0.15,4.3,0,0,0,0,21.700000000000003,83.33,958,0,0,0,0,24.700000000000003,166,3.5
2021,4,2,23,30,143.77,0.15,4.1000000000000005,0,0,0,0,21.700000000000003,85.12,958,0,0,0,0,24.400000000000002,167,3.3000000000000003
2021,4,3,0,30,129.08,0.16,3.9000000000000004,0,0,0,0,21.8,87.13,958,0,0,0,0,24.1,168,3.1
2021,4,3,1,30,114.25,0.16,3.8000000000000003,0,0,0,0,21.900000000000002,89.37,958,0,0,0,0,23.8,167,3.1
2021,4,3,2,30,99.36,0.16,3.7,0,0,0,0,22.1,90.27,959,0,0,0,0,23.8,165,3.2
2021,4,3,3,30,84.32000000000001,0.16,3.7,35,218,57,0,22.200000000000003,85.02,960,35,218,0,57,24.900000000000002,164,3.6
2021,4,3,4,30,69.48,0.16,3.8000000000000003,81,611,296,0,21.6,70.78,960,81,611,0,296,27.400000000000002,165,3.8000000000000003
2021,4,3,5,30,54.56,0.16,3.9000000000000004,104,769,550,0,20.400000000000002,55.13,960,104,769,0,550,30.400000000000002,168,3.5
2021,4,3,6,30,39.64,0.16,4,119,845,770,0,19.5,45.050000000000004,960,119,845,0,770,33,169,3.1
2021,4,3,7,30,24.73,0.16,4.1000000000000005,128,886,933,0,18.900000000000002,38.7,959,128,886,0,933,35,167,2.7
2021,4,3,8,30,9.950000000000001,0.16,4.2,135,902,1023,0,18.2,34.76,958,135,902,0,1023,36.2,164,2.4000000000000004
2021,4,3,9,30,5.8,0.16,4.3,105,944,1044,3,17.7,32.730000000000004,957,488,165,0,652,36.7,158,2.1
2021,4,3,10,30,20.39,0.16,4.4,103,930,974,8,17.400000000000002,32.45,956,420,209,0,617,36.5,147,1.9000000000000001
2021,4,3,11,30,35.28,0.16,4.5,97,897,830,7,17.2,33.35,955,348,264,0,564,35.800000000000004,138,1.8
2021,4,3,12,30,50.21,0.16,4.6000000000000005,95,819,620,6,17.3,35.82,955,16,0,0,16,34.6,133,1.7000000000000002
2021,4,3,13,30,65.13,0.16,4.7,80,694,372,9,17.5,38.92,956,7,0,0,7,33.4,135,1.7000000000000002
2021,4,3,14,30,80.01,0.16,4.800000000000001,49,403,119,6,18,43.4,956,3,0,0,3,32,146,1.6
2021,4,3,15,30,95,0.16,4.9,0,0,0,6,19.3,50.64,957,0,0,0,0,30.700000000000003,158,2
2021,4,3,16,30,109.88,0.16,4.9,0,0,0,6,19.700000000000003,54.89,958,0,0,0,0,29.700000000000003,164,2.9000000000000004
2021,4,3,17,30,124.72,0.16,4.9,0,0,0,6,20,59.59,959,0,0,0,0,28.6,166,3.6
2021,4,3,18,30,139.44,0.16,4.800000000000001,0,0,0,7,20.200000000000003,64.08,959,0,0,0,0,27.6,167,3.8000000000000003
2021,4,3,19,30,153.88,0.16,4.7,0,0,0,7,20.400000000000002,68.56,959,0,0,0,0,26.700000000000003,167,3.7
2021,4,3,20,30,166.99,0.16,4.6000000000000005,0,0,0,5,20.6,72.82000000000001,958,0,0,0,0,25.900000000000002,167,3.5
2021,4,3,21,30,169.75,0.16,4.6000000000000005,0,0,0,4,20.900000000000002,76.52,958,0,0,0,0,25.3,167,3.4000000000000004
2021,4,3,22,30,157.87,0.16,4.5,0,0,0,7,21.1,80.47,957,0,0,0,0,24.700000000000003,166,3.3000000000000003
2021,4,3,23,30,143.62,0.16,4.5,0,0,0,8,21.400000000000002,84.11,957,0,0,0,0,24.3,165,3.2
2021,4,4,0,30,128.95,0.16,4.5,0,0,0,8,21.8,87.21000000000001,958,0,0,0,0,24.1,167,3.4000000000000004
2021,4,4,1,30,114.14,0.16,4.6000000000000005,0,0,0,8,22.1,89.89,958,0,0,0,0,23.900000000000002,170,3.5
2021,4,4,2,30,99.26,0.16,4.6000000000000005,0,0,0,8,22.3,90.58,959,0,0,0,0,23.900000000000002,175,3.7
2021,4,4,3,30,84.23,0.16,4.6000000000000005,34,238,58,8,22.200000000000003,84.29,960,46,10,7,47,25,180,4.3
2021,4,4,4,30,69.4,0.16,4.6000000000000005,76,623,296,8,21.3,70.04,961,5,0,0,5,27.200000000000003,182,4.7
2021,4,4,5,30,54.49,0.16,4.5,97,780,549,7,19.900000000000002,55.480000000000004,961,197,23,0,210,29.8,181,4.7
2021,4,4,6,30,39.58,0.16,4.5,130,819,761,3,19.200000000000003,46.31,961,379,60,0,425,32.2,179,4.4
2021,4,4,7,30,24.69,0.16,4.5,141,861,923,3,19,40.96,960,436,34,0,467,34.1,175,3.9000000000000004
2021,4,4,8,30,9.97,0.16,4.5,148,879,1013,2,18.8,37.88,958,518,306,0,820,35.300000000000004,170,3.4000000000000004
2021,4,4,9,30,6.03,0.16,4.5,142,889,1027,2,18.5,36.26,957,539,221,0,758,35.800000000000004,164,3
2021,4,4,10,30,20.5,0.16,4.6000000000000005,139,873,957,2,18.2,36.13,956,506,180,0,675,35.5,157,2.7
2021,4,4,11,30,35.37,0.16,4.6000000000000005,132,834,812,0,18.1,37.47,956,132,834,0,812,34.7,152,2.6
2021,4,4,12,30,50.28,0.16,4.7,119,762,606,0,18.2,40.44,956,119,762,0,606,33.5,149,2.7
2021,4,4,13,30,65.19,0.16,4.800000000000001,98,624,360,0,18.6,44.74,956,98,624,0,360,32.1,149,2.6
2021,4,4,14,30,80.06,0.16,4.9,57,325,113,3,19.400000000000002,51.94,957,26,0,0,26,30.400000000000002,151,2.4000000000000004
2021,4,4,15,30,95.05,0.16,4.9,0,0,0,7,20.900000000000002,62.230000000000004,958,0,0,0,0,28.900000000000002,153,2.6
2021,4,4,16,30,109.92,0.16,5,0,0,0,1,21.200000000000003,67.54,959,0,0,0,0,27.8,153,3
2021,4,4,17,30,124.74000000000001,0.16,5,0,0,0,9,21.5,72.45,960,0,0,0,0,26.900000000000002,150,3.2
2021,4,4,18,30,139.44,0.16,5,0,0,0,6,21.8,77.13,960,0,0,0,0,26.1,149,3.1
2021,4,4,19,30,153.82,0.16,4.9,0,0,0,7,22,80.95,960,0,0,0,0,25.5,149,3
2021,4,4,20,30,166.79,0.16,4.9,0,0,0,7,22.200000000000003,84.32000000000001,960,0,0,0,0,25,150,2.8000000000000003
2021,4,4,21,30,169.39000000000001,0.16,4.800000000000001,0,0,0,7,22.3,87.23,959,0,0,0,0,24.6,151,2.6
2021,4,4,22,30,157.65,0.16,4.7,0,0,0,7,22.5,90.11,959,0,0,1,0,24.200000000000003,151,2.4000000000000004
2021,4,4,23,30,143.46,0.16,4.6000000000000005,0,0,0,0,22.6,92.34,959,0,0,0,0,23.900000000000002,151,2.1
2021,4,5,0,30,128.82,0.15,4.5,0,0,0,0,22.700000000000003,94.03,959,0,0,0,0,23.700000000000003,150,2
2021,4,5,1,30,114.03,0.15,4.4,0,0,0,0,22.700000000000003,95.39,959,0,0,0,0,23.5,147,1.9000000000000001
2021,4,5,2,30,99.17,0.15,4.2,0,0,0,8,22.700000000000003,94.73,960,0,0,0,0,23.6,144,2.1
2021,4,5,3,30,84.14,0.15,4.1000000000000005,39,171,56,3,22.6,88.60000000000001,960,41,0,7,41,24.6,142,2.9000000000000004
2021,4,5,4,30,69.32000000000001,0.15,4,95,552,290,1,22.1,75.62,961,95,552,0,290,26.8,143,3.3000000000000003
2021,4,5,5,30,54.43,0.15,3.9000000000000004,120,728,543,0,21.200000000000003,61.53,961,120,728,0,543,29.400000000000002,143,3.1
2021,4,5,6,30,39.52,0.15,3.8000000000000003,136,815,765,0,20.200000000000003,50.31,961,136,815,0,765,31.8,141,2.9000000000000004
2021,4,5,7,30,24.66,0.15,3.7,148,859,928,0,19.6,43.9,960,148,859,0,928,33.6,140,2.6
2021,4,5,8,30,10.01,0.15,3.7,149,885,1021,0,19.400000000000002,40.51,959,149,885,0,1021,34.800000000000004,139,2.3000000000000003
2021,4,5,9,30,6.2700000000000005,0.15,3.7,127,919,1041,7,19.200000000000003,38.550000000000004,957,276,648,7,921,35.5,136,2
2021,4,5,10,30,20.62,0.15,3.7,121,909,972,0,19.1,37.53,956,121,909,0,972,35.800000000000004,134,1.9000000000000001
2021,4,5,11,30,35.47,0.15,3.8000000000000003,112,877,826,7,18.8,37.11,956,207,702,7,779,35.7,134,1.9000000000000001
2021,4,5,12,30,50.36,0.15,3.8000000000000003,97,822,622,7,18.5,37.59,955,207,538,7,550,35.1,136,2
2021,4,5,13,30,65.26,0.15,3.9000000000000004,80,698,372,2,18.3,39.86,956,218,42,0,235,33.800000000000004,144,1.7000000000000002
2021,4,5,14,30,80.12,0.15,3.9000000000000004,48,414,119,3,19.400000000000002,47.81,956,4,0,0,4,31.8,161,1.2000000000000002
2021,4,5,15,30,95.09,0.15,3.9000000000000004,0,0,0,3,22.6,64.14,957,0,0,0,0,30.1,174,1.3
2021,4,5,16,30,109.95,0.15,3.8000000000000003,0,0,0,3,21.6,63.76,957,0,0,0,0,29.200000000000003,175,2.2
2021,4,5,17,30,124.76,0.15,3.8000000000000003,0,0,0,3,20.900000000000002,64.08,958,0,0,0,0,28.3,169,3.1
2021,4,5,18,30,139.43,0.15,3.8000000000000003,0,0,0,0,20.8,67.95,959,0,0,0,0,27.200000000000003,162,3.6
2021,4,5,19,30,153.76,0.15,3.7,0,0,0,0,20.900000000000002,73.17,959,0,0,0,0,26.1,155,3.4000000000000004
2021,4,5,20,30,166.58,0.15,3.7,0,0,0,0,21,77.24,959,0,0,0,0,25.3,149,3
2021,4,5,21,30,169.03,0.15,3.7,0,0,0,0,21.200000000000003,80.74,959,0,0,0,0,24.700000000000003,143,2.5
2021,4,5,22,30,157.43,0.15,3.6,0,0,0,0,21.3,84.12,958,0,0,0,0,24.200000000000003,138,2.1
2021,4,5,23,30,143.3,0.15,3.5,0,0,0,0,21.6,87.24,958,0,0,0,0,23.8,135,1.9000000000000001
2021,4,6,0,30,128.69,0.15,3.4000000000000004,0,0,0,0,21.8,89.94,959,0,0,0,0,23.5,134,2.1
2021,4,6,1,30,113.91,0.15,3.2,0,0,0,0,21.900000000000002,91.37,959,0,0,0,0,23.400000000000002,134,2.2
2021,4,6,2,30,99.07000000000001,0.15,3.1,0,0,0,0,22.1,91.61,960,0,0,0,0,23.5,136,2.5
2021,4,6,3,30,84.06,0.15,3,36,251,62,0,22.1,85.4,960,36,251,1,62,24.700000000000003,139,3
2021,4,6,4,30,69.25,0.15,3,77,644,305,0,21.700000000000003,72.59,961,77,644,0,305,27,142,3.3000000000000003
2021,4,6,5,30,54.36,0.15,3,95,802,563,0,20.3,56.39,961,95,802,0,563,29.900000000000002,141,3.2
2021,4,6,6,30,39.47,0.15,3.1,109,873,783,2,19.1,45.27,961,427,185,0,570,32.5,130,2.8000000000000003
2021,4,6,7,30,24.63,0.15,3.2,117,911,946,3,18.400000000000002,38.32,960,489,167,0,640,34.6,112,2.5
2021,4,6,8,30,10.07,0.15,3.3000000000000003,124,925,1035,2,17.6,34.11,959,525,189,0,711,35.9,93,2.4000000000000004
2021,4,6,9,30,6.53,0.15,3.3000000000000003,128,923,1045,2,17,31.88,957,539,268,0,805,36.4,81,2.5
2021,4,6,10,30,20.75,0.15,3.3000000000000003,123,911,975,0,16.400000000000002,30.59,956,123,911,0,975,36.5,78,2.7
2021,4,6,11,30,35.56,0.15,3.4000000000000004,113,879,829,8,16.1,30.01,956,203,719,7,788,36.4,80,2.7
2021,4,6,12,30,50.44,0.15,3.5,101,814,620,8,15.8,30.47,955,194,618,7,587,35.800000000000004,82,2.7
2021,4,6,13,30,65.33,0.15,3.6,83,687,370,0,15.700000000000001,32.85,956,83,687,0,370,34.4,84,2.4000000000000004
2021,4,6,14,30,80.18,0.15,3.7,49,399,117,3,17.400000000000002,40.94,956,21,0,0,21,32.300000000000004,93,1.8
2021,4,6,15,30,95.14,0.15,3.8000000000000003,0,0,0,0,19.900000000000002,52.61,957,0,0,0,0,30.700000000000003,110,2.1
2021,4,6,16,30,109.99000000000001,0.15,3.9000000000000004,0,0,0,0,19.1,52.54,958,0,0,0,0,29.8,126,3.4000000000000004
2021,4,6,17,30,124.77,0.15,4,0,0,0,0,18.900000000000002,56.160000000000004,959,0,0,0,0,28.5,137,4.5
2021,4,6,18,30,139.42000000000002,0.15,4.1000000000000005,0,0,0,3,19.8,64.5,960,0,0,0,0,27.1,141,4.800000000000001
2021,4,6,19,30,153.69,0.15,4,0,0,0,3,20.8,73.36,961,0,0,0,0,25.900000000000002,141,4.4
2021,4,6,20,30,166.36,0.15,4,0,0,0,1,21.3,79.34,960,0,0,0,0,25.1,139,4
2021,4,6,21,30,168.67000000000002,0.15,3.9000000000000004,0,0,0,0,21.6,83.82000000000001,960,0,0,0,0,24.5,136,3.7
2021,4,6,22,30,157.21,0.15,3.7,0,0,0,0,21.8,87.02,960,0,0,0,0,24.1,132,3.6
2021,4,6,23,30,143.14000000000001,0.15,3.6,0,0,0,0,21.900000000000002,88.81,960,0,0,0,0,23.900000000000002,129,3.4000000000000004
2021,4,7,0,30,128.56,0.15,3.4000000000000004,0,0,0,0,22,90.39,960,0,0,0,0,23.700000000000003,126,3.3000000000000003
2021,4,7,1,30,113.8,0.15,3.3000000000000003,0,0,0,0,22.1,91.83,960,0,0,0,0,23.5,125,3.2
2021,4,7,2,30,98.97,0.15,3.1,0,0,0,0,22.1,91.33,961,0,0,0,0,23.6,124,3.4000000000000004
2021,4,7,3,30,83.97,0.15,3,37,242,62,2,22,85.55,961,48,3,7,48,24.6,125,4
2021,4,7,4,30,69.17,0.15,2.9000000000000004,81,629,305,0,21.5,72.17,962,81,629,0,305,26.900000000000002,124,4.3
2021,4,7,5,30,54.300000000000004,0.15,2.9000000000000004,102,788,561,0,20.900000000000002,59.1,962,102,788,0,561,29.700000000000003,120,4.1000000000000005
2021,4,7,6,30,39.42,0.15,2.9000000000000004,114,867,784,2,20.1,48.620000000000005,961,419,122,0,513,32.300000000000004,112,3.7
2021,4,7,7,30,24.61,0.15,3,123,906,947,1,19.1,40.63,961,123,906,0,947,34.4,100,3.1
2021,4,7,8,30,10.13,0.15,3.1,125,926,1037,8,18,34.99,959,198,791,7,977,35.800000000000004,85,2.7
2021,4,7,9,30,6.79,0.15,3.2,133,916,1042,2,17,31.43,958,543,205,0,746,36.6,71,2.4000000000000004
2021,4,7,10,30,20.88,0.15,3.3000000000000003,134,893,968,8,16.2,29.71,957,211,758,7,919,36.800000000000004,64,2.3000000000000003
2021,4,7,11,30,35.660000000000004,0.15,3.3000000000000003,132,847,820,7,15.700000000000001,29.09,957,238,654,7,769,36.6,62,2.2
2021,4,7,12,30,50.52,0.15,3.3000000000000003,143,721,601,8,15.3,29.32,956,241,523,7,573,36,63,2
2021,4,7,13,30,65.4,0.15,3.4000000000000004,117,565,352,1,15.100000000000001,30.86,956,117,565,0,352,34.800000000000004,68,1.6
2021,4,7,14,30,80.23,0.15,3.4000000000000004,65,244,106,3,16.1,36.61,957,45,0,0,46,32.9,82,1
2021,4,7,15,30,95.18,0.15,3.4000000000000004,0,0,0,3,20.400000000000002,52.46,958,0,0,0,0,31.3,102,0.9
2021,4,7,16,30,110.02,0.15,3.4000000000000004,0,0,0,0,19.400000000000002,51.71,959,0,0,0,0,30.5,122,1.7000000000000002
2021,4,7,17,30,124.78,0.15,3.4000000000000004,0,0,0,3,18.3,51.15,960,0,0,0,0,29.400000000000002,138,3
2021,4,7,18,30,139.4,0.15,3.4000000000000004,0,0,0,0,18.5,56.28,960,0,0,0,0,28,144,3.9000000000000004
2021,4,7,19,30,153.61,0.15,3.5,0,0,0,1,19.6,65.52,961,0,0,0,0,26.6,145,4.2
2021,4,7,20,30,166.13,0.15,3.4000000000000004,0,0,0,1,20.6,74.19,960,0,0,0,0,25.5,142,4.1000000000000005
2021,4,7,21,30,168.31,0.15,3.3000000000000003,0,0,0,0,21.3,81.45,960,0,0,0,0,24.700000000000003,138,3.7
2021,4,7,22,30,156.99,0.15,3.2,0,0,0,0,21.8,86.88,959,0,0,0,0,24.1,134,3.4000000000000004
2021,4,7,23,30,142.98,0.15,3.1,0,0,0,0,22,89.57000000000001,959,0,0,0,0,23.8,131,3.2
2021,4,8,0,30,128.43,0.16,2.9000000000000004,0,0,0,0,22,90.83,959,0,0,0,0,23.6,130,3.1
2021,4,8,1,30,113.69,0.16,2.8000000000000003,0,0,0,0,22,91.75,960,0,0,0,0,23.400000000000002,128,3
2021,4,8,2,30,98.87,0.16,2.7,0,0,0,0,21.900000000000002,91.37,960,0,0,0,0,23.400000000000002,126,3
2021,4,8,3,30,83.89,0.16,2.7,42,162,59,0,21.900000000000002,85.9,961,42,162,0,59,24.400000000000002,124,3.5
2021,4,8,4,30,69.10000000000001,0.16,2.8000000000000003,101,548,297,0,21.5,73.57000000000001,962,101,548,0,297,26.6,122,3.6
2021,4,8,5,30,54.24,0.16,2.9000000000000004,128,722,551,0,20.8,60.300000000000004,962,128,722,0,551,29.3,120,3.3000000000000003
2021,4,8,6,30,39.38,0.16,2.9000000000000004,141,817,773,1,20,49.7,961,141,817,0,773,31.8,118,2.8000000000000003
2021,4,8,7,30,24.59,0.16,3,150,863,935,0,18.900000000000002,41.160000000000004,960,150,863,0,935,33.9,112,2.1
2021,4,8,8,30,10.22,0.16,3.1,156,882,1024,0,17.7,35.17,959,156,882,0,1024,35.4,97,1.5
2021,4,8,9,30,7.07,0.16,3.1,132,919,1044,2,16.6,31.18,958,542,201,0,742,36.300000000000004,76,1.1
2021,4,8,10,30,21.01,0.16,3.1,130,902,972,0,15.700000000000001,28.79,957,130,902,0,972,36.7,64,0.9
2021,4,8,11,30,35.76,0.16,3.2,121,866,824,1,15,27.580000000000002,956,121,866,0,824,36.7,71,0.8
2021,4,8,12,30,50.6,0.16,3.2,129,752,606,2,14.4,27.3,955,348,79,0,398,36.2,94,0.7000000000000001
2021,4,8,13,30,65.46000000000001,0.16,3.2,105,611,358,0,14,28.42,956,105,611,0,358,35,127,0.7000000000000001
2021,4,8,14,30,80.29,0.16,3.3000000000000003,58,303,109,2,14.8,33.19,956,33,0,0,33,33.1,152,0.7000000000000001
2021,4,8,15,30,95.23,0.16,3.3000000000000003,0,0,0,3,19.200000000000003,48.370000000000005,957,0,0,0,0,31.400000000000002,159,1.1
2021,4,8,16,30,110.05,0.16,3.5,0,0,0,3,18.3,48,958,0,0,0,0,30.5,157,2.2
2021,4,8,17,30,124.79,0.16,3.6,0,0,0,0,17.900000000000002,50.26,959,0,0,0,0,29.3,155,3.6
2021,4,8,18,30,139.38,0.16,3.8000000000000003,0,0,0,0,18.7,57.53,959,0,0,0,0,27.8,153,4.4
2021,4,8,19,30,153.53,0.16,4,0,0,0,0,19.900000000000002,67.32000000000001,959,0,0,0,0,26.400000000000002,151,4.3
2021,4,8,20,30,165.9,0.16,4,0,0,0,0,20.700000000000003,75,959,0,0,0,0,25.5,148,3.8000000000000003
2021,4,8,21,30,167.95000000000002,0.16,4,0,0,0,0,21.200000000000003,80.01,958,0,0,0,0,24.900000000000002,145,3.4000000000000004
2021,4,8,22,30,156.76,0.16,4,0,0,0,2,21.5,83.86,958,0,0,0,0,24.400000000000002,143,3.1
2021,4,8,23,30,142.82,0.16,3.9000000000000004,0,0,0,3,21.6,86.16,957,0,0,0,0,24.1,142,3
2021,4,9,0,30,128.3,0.16,3.9000000000000004,0,0,0,3,21.700000000000003,88.3,958,0,0,0,0,23.8,142,2.9000000000000004
2021,4,9,1,30,113.58,0.16,3.8000000000000003,0,0,0,1,21.8,89.85000000000001,958,0,0,0,0,23.6,143,2.7
2021,4,9,2,30,98.78,0.16,3.7,0,0,0,3,21.900000000000002,90.42,959,0,0,0,0,23.6,146,2.8000000000000003
2021,4,9,3,30,83.81,0.16,3.7,40,201,62,0,22,85.07000000000001,960,40,201,0,62,24.700000000000003,149,3.3000000000000003
2021,4,9,4,30,69.03,0.16,3.7,89,585,299,1,21.6,72.81,960,89,585,0,299,26.900000000000002,154,3.7
2021,4,9,5,30,54.18,0.16,3.7,111,752,551,0,20.900000000000002,60.09,960,111,752,0,551,29.5,159,3.4000000000000004
2021,4,9,6,30,39.34,0.16,3.7,132,821,767,1,20.3,50.620000000000005,960,132,821,0,767,31.8,166,3
2021,4,9,7,30,24.59,0.16,3.8000000000000003,137,870,929,0,19.6,44.39,959,137,870,0,929,33.4,175,2.4000000000000004
2021,4,9,8,30,10.31,0.16,3.9000000000000004,138,895,1019,0,19,40.14,958,138,895,0,1019,34.5,182,2
2021,4,9,9,30,7.3500000000000005,0.16,4,147,884,1023,3,18.5,37.63,956,497,97,0,594,35.1,187,1.8
2021,4,9,10,30,21.150000000000002,0.16,4,138,875,954,3,18.2,36.31,955,487,145,0,622,35.4,189,1.6
2021,4,9,11,30,35.86,0.16,4.1000000000000005,128,841,809,1,17.900000000000002,36.08,954,128,841,0,809,35.2,189,1.6
2021,4,9,12,30,50.68,0.16,4.1000000000000005,114,771,603,8,17.7,37.19,954,73,0,0,73,34.4,184,1.8
2021,4,9,13,30,65.53,0.16,4.2,93,636,357,6,17.7,40.26,954,141,12,0,146,33,179,2.2
2021,4,9,14,30,80.34,0.16,4.3,55,331,110,7,18.5,46.71,955,85,58,7,95,31.200000000000003,176,2.4000000000000004
2021,4,9,15,30,95.27,0.16,4.3,0,0,0,5,20.1,56.21,956,0,0,0,0,29.700000000000003,173,3
2021,4,9,16,30,110.07000000000001,0.16,4.4,0,0,0,8,20.200000000000003,60.63,957,0,0,1,0,28.6,171,3.9000000000000004
2021,4,9,17,30,124.8,0.16,4.4,0,0,0,8,20.700000000000003,66.49,958,0,0,0,0,27.5,169,4.3
2021,4,9,18,30,139.35,0.16,4.4,0,0,0,7,21.1,72.28,958,0,0,0,0,26.5,168,4.1000000000000005
2021,4,9,19,30,153.45000000000002,0.16,4.4,0,0,0,4,21.400000000000002,76.98,958,0,0,0,0,25.700000000000003,167,3.7
2021,4,9,20,30,165.66,0.16,4.4,0,0,0,3,21.5,81.07000000000001,958,0,0,0,0,25,165,3.3000000000000003
2021,4,9,21,30,167.59,0.16,4.4,0,0,0,0,21.6,83.54,957,0,0,0,0,24.6,163,3.1
2021,4,9,22,30,156.54,0.16,4.3,0,0,0,0,21.700000000000003,86.18,957,0,0,0,0,24.200000000000003,161,2.9000000000000004
2021,4,9,23,30,142.65,0.16,4.3,0,0,0,0,21.900000000000002,89.06,957,0,0,0,0,23.8,158,2.8000000000000003
2021,4,10,0,30,128.16,0.16,4.2,0,0,0,0,22,90.97,957,0,0,0,0,23.6,155,2.6
2021,4,10,1,30,113.47,0.16,4.1000000000000005,0,0,0,1,22.200000000000003,92.98,958,0,0,0,0,23.400000000000002,150,2.4000000000000004
2021,4,10,2,30,98.68,0.16,4.1000000000000005,0,0,0,3,22.3,93.68,959,0,0,0,0,23.400000000000002,146,2.5
2021,4,10,3,30,83.73,0.16,4.1000000000000005,41,179,61,3,22.400000000000002,86.84,959,40,0,7,40,24.700000000000003,146,3.1
2021,4,10,4,30,68.96000000000001,0.16,4.1000000000000005,95,558,295,3,21.700000000000003,72.58,960,101,0,0,101,27,149,3.5
2021,4,10,5,30,54.120000000000005,0.16,4.1000000000000005,120,726,545,3,20.6,58.88,960,327,133,0,405,29.5,153,3.4000000000000004
2021,4,10,6,30,39.31,0.16,4.2,135,810,762,7,20.200000000000003,51.6,960,258,532,0,670,31.400000000000002,157,3.2
2021,4,10,7,30,24.580000000000002,0.16,4.3,143,856,921,8,20.1,47.410000000000004,959,357,415,0,735,32.7,159,2.9000000000000004
2021,4,10,8,30,10.42,0.16,4.3,144,881,1011,7,19.8,44.58,958,369,449,0,811,33.5,162,2.7
2021,4,10,9,30,7.640000000000001,0.16,4.4,174,841,1008,8,19.5,42.72,957,461,267,0,725,33.9,163,2.5
2021,4,10,10,30,21.29,0.16,4.5,165,829,938,0,19.3,42.64,956,165,829,0,938,33.7,162,2.6
2021,4,10,11,30,35.96,0.16,4.6000000000000005,151,794,794,7,19.3,44.160000000000004,956,258,598,7,742,33.1,158,2.8000000000000003
2021,4,10,12,30,50.77,0.16,4.7,133,723,590,8,19.5,47.44,955,226,531,7,562,32.1,154,3.1
2021,4,10,13,30,65.6,0.16,4.800000000000001,105,588,348,7,20,52.9,956,7,0,0,7,30.700000000000003,150,3.2
2021,4,10,14,30,80.4,0.16,4.800000000000001,58,284,106,9,20.8,60.88,956,4,0,0,4,29.1,147,3
2021,4,10,15,30,95.31,0.16,4.9,0,0,0,0,21.8,70.08,957,0,0,0,0,27.700000000000003,145,3.1
2021,4,10,16,30,110.10000000000001,0.16,4.9,0,0,0,0,22.1,76.09,958,0,0,0,0,26.700000000000003,143,3.5
2021,4,10,17,30,124.8,0.16,4.9,0,0,0,6,22.5,81.95,959,0,0,0,0,25.8,143,3.6
2021,4,10,18,30,139.32,0.16,4.9,0,0,0,6,22.700000000000003,86.57000000000001,959,0,0,0,0,25.1,144,3.4000000000000004
2021,4,10,19,30,153.36,0.16,4.800000000000001,0,0,0,6,22.900000000000002,91.39,959,0,0,0,0,24.400000000000002,145,3.2
2021,4,10,20,30,165.42000000000002,0.16,4.7,0,0,0,7,23.1,96.01,959,0,0,0,0,23.8,145,3
2021,4,10,21,30,167.23,0.16,4.6000000000000005,0,0,0,8,23.3,98.69,958,0,0,0,0,23.5,144,2.8000000000000003
2021,4,10,22,30,156.31,0.16,4.4,0,0,0,7,23.3,100,958,0,0,0,0,23.3,142,2.6
2021,4,10,23,30,142.49,0.16,4.2,0,0,0,8,23.200000000000003,100,958,0,0,0,0,23.200000000000003,138,2.6
2021,4,11,0,30,128.03,0.16,4,0,0,0,1,23.1,100,958,0,0,0,0,23.1,133,2.8000000000000003
2021,4,11,1,30,113.36,0.16,3.8000000000000003,0,0,0,3,23.1,100,958,0,0,0,0,23.1,128,2.9000000000000004
2021,4,11,2,30,98.59,0.16,3.7,0,0,0,3,23.200000000000003,100,959,0,0,0,0,23.200000000000003,124,3.1
2021,4,11,3,30,83.65,0.16,3.5,37,270,67,3,23.200000000000003,96.11,960,44,1,7,44,23.900000000000002,121,3.7
2021,4,11,4,30,68.89,0.16,3.4000000000000004,80,633,308,7,22.900000000000002,85.55,960,160,43,0,175,25.5,122,4.4
2021,4,11,5,30,54.07,0.16,3.3000000000000003,104,778,561,7,22.200000000000003,72.62,960,210,439,0,468,27.6,125,4.6000000000000005
2021,4,11,6,30,39.27,0.16,3.3000000000000003,130,832,774,7,21.700000000000003,62.68,960,248,559,0,681,29.6,127,4.5
2021,4,11,7,30,24.59,0.16,3.4000000000000004,141,869,932,7,21.3,55.78,960,314,503,0,771,31.200000000000003,129,4.3
2021,4,11,8,30,10.55,0.16,3.5,150,884,1019,7,20.8,50.44,959,342,515,0,848,32.4,130,4
2021,4,11,9,30,7.930000000000001,0.16,3.6,154,879,1025,1,20.200000000000003,46.62,958,154,879,0,1025,33.1,132,3.5
2021,4,11,10,30,21.44,0.16,3.8000000000000003,153,855,949,0,19.6,44.67,957,153,855,0,949,33.300000000000004,135,3.1
2021,4,11,11,30,36.07,0.16,3.9000000000000004,145,812,802,1,19.3,44.34,957,145,812,0,802,33,139,2.9000000000000004
2021,4,11,12,30,50.85,0.16,3.9000000000000004,128,742,597,7,18.900000000000002,45.26,957,299,178,0,411,32.300000000000004,148,2.8000000000000003
2021,4,11,13,30,65.67,0.16,4,101,611,352,7,18.8,48.29,957,172,380,7,329,31,160,2.5
2021,4,11,14,30,80.45,0.16,4,56,312,108,7,20,58.57,957,41,1,0,41,28.900000000000002,173,2.1
2021,4,11,15,30,95.35000000000001,0.16,3.9000000000000004,0,0,0,7,21.1,68.85000000000001,958,0,0,0,0,27.3,179,2.5
2021,4,11,16,30,110.12,0.16,3.9000000000000004,0,0,0,7,20.8,70.57000000000001,959,0,0,0,0,26.6,175,3.3000000000000003
2021,4,11,17,30,124.8,0.16,3.9000000000000004,0,0,0,7,21.1,75.59,959,0,0,0,0,25.700000000000003,167,3.6
2021,4,11,18,30,139.29,0.16,3.9000000000000004,0,0,0,7,21.400000000000002,80.84,960,0,0,0,0,24.900000000000002,158,3.5
2021,4,11,19,30,153.27,0.16,3.9000000000000004,0,0,0,7,21.700000000000003,86.63,960,0,0,0,0,24.1,150,3.2
2021,4,11,20,30,165.18,0.16,3.8000000000000003,0,0,0,7,22,92.06,960,0,0,0,0,23.400000000000002,142,2.8000000000000003
2021,4,11,21,30,166.87,0.16,3.8000000000000003,0,0,0,7,22.3,95.67,959,0,0,0,0,23,135,2.6
2021,4,11,22,30,156.08,0.16,3.7,0,0,0,7,22.400000000000002,97.84,959,0,0,0,0,22.8,128,2.7
2021,4,11,23,30,142.32,0.16,3.6,0,0,0,7,22.5,98.82000000000001,959,0,0,0,0,22.700000000000003,122,2.9000000000000004
2021,4,12,0,30,127.9,0.16,3.5,0,0,0,7,22.5,99.64,960,0,0,0,0,22.6,117,2.9000000000000004
2021,4,12,1,30,113.25,0.16,3.4000000000000004,0,0,0,7,22.5,99.79,960,0,0,0,0,22.5,113,2.8000000000000003
2021,4,12,2,30,98.5,0.16,3.3000000000000003,0,0,0,8,22.400000000000002,98.54,961,0,0,0,0,22.6,109,3
2021,4,12,3,30,83.57000000000001,0.16,3.2,41,224,66,3,22.200000000000003,92.65,961,49,2,7,49,23.5,109,3.7
2021,4,12,4,30,68.83,0.16,3.1,86,612,307,7,21.6,78.52,962,167,224,0,248,25.6,111,4.4
2021,4,12,5,30,54.02,0.16,3,103,783,564,1,20.5,63.92,962,103,783,0,564,28,113,4.5
2021,4,12,6,30,39.25,0.16,2.9000000000000004,112,872,787,0,19.400000000000002,51.83,962,112,872,0,787,30.400000000000002,114,4.5
2021,4,12,7,30,24.6,0.16,2.9000000000000004,118,913,949,0,18.3,43,961,118,913,0,949,32.5,113,4.3
2021,4,12,8,30,10.68,0.16,2.9000000000000004,122,932,1038,8,17.7,38.27,960,376,448,0,817,33.9,111,4
2021,4,12,9,30,8.23,0.16,2.9000000000000004,117,942,1049,8,17.2,35.24,959,211,774,7,977,34.800000000000004,108,3.7
2021,4,12,10,30,21.59,0.16,3,115,924,974,8,16.7,33.81,958,215,746,7,909,35,107,3.3000000000000003
2021,4,12,11,30,36.17,0.16,3,110,888,827,7,16.2,33.08,957,204,719,7,784,34.800000000000004,108,3.1
2021,4,12,12,30,50.93,0.16,3.1,102,815,615,7,15.9,34.05,957,209,543,7,551,33.9,113,2.8000000000000003
2021,4,12,13,30,65.73,0.16,3.2,83,686,365,7,15.9,37.59,957,158,411,7,327,32.2,121,2.2
2021,4,12,14,30,80.5,0.16,3.2,49,392,114,7,18.5,50.56,958,38,1,0,38,29.900000000000002,133,1.5
2021,4,12,15,30,95.39,0.16,3.3000000000000003,0,0,0,7,20.5,63.13,958,0,0,0,0,28.200000000000003,143,1.6
2021,4,12,16,30,110.14,0.16,3.3000000000000003,0,0,0,7,19.5,62.190000000000005,959,0,0,0,0,27.400000000000002,146,2.4000000000000004
2021,4,12,17,30,124.8,0.16,3.3000000000000003,0,0,0,7,19,63.89,960,0,0,0,0,26.400000000000002,143,3.4000000000000004
2021,4,12,18,30,139.26,0.16,3.3000000000000003,0,0,0,7,19.3,69.75,960,0,0,0,0,25.200000000000003,137,3.7
2021,4,12,19,30,153.17000000000002,0.16,3.3000000000000003,0,0,0,7,19.900000000000002,77.82000000000001,960,0,0,0,0,24,132,3.4000000000000004
2021,4,12,20,30,164.93,0.16,3.3000000000000003,0,0,0,7,20.400000000000002,84.41,960,0,0,0,0,23.200000000000003,126,2.9000000000000004
2021,4,12,21,30,166.52,0.16,3.3000000000000003,0,0,0,7,20.8,89.68,960,0,0,0,0,22.6,122,2.4000000000000004
2021,4,12,22,30,155.85,0.16,3.2,0,0,0,8,21.1,93.25,960,0,0,0,0,22.200000000000003,119,2.2
2021,4,12,23,30,142.16,0.16,3.1,0,0,0,8,21.200000000000003,96.23,960,0,0,0,0,21.8,116,2.1
2021,4,13,0,30,127.77,0.16,3,0,0,0,7,21.200000000000003,98.24000000000001,960,0,0,0,0,21.5,112,2.1
2021,4,13,1,30,113.14,0.16,2.9000000000000004,0,0,0,8,21.200000000000003,99.41,960,0,0,0,0,21.3,108,2.2
2021,4,13,2,30,98.41,0.16,2.8000000000000003,0,0,0,3,21.200000000000003,98.48,961,0,0,0,0,21.400000000000002,104,2.5
2021,4,13,3,30,83.5,0.16,2.8000000000000003,41,234,68,3,21.1,89.63,962,55,9,7,56,22.900000000000002,105,3.4000000000000004
2021,4,13,4,30,68.77,0.16,2.8000000000000003,86,618,310,0,20.400000000000002,73.63,962,86,618,0,310,25.5,109,4.1000000000000005
2021,4,13,5,30,53.980000000000004,0.16,2.8000000000000003,106,781,565,0,19,56.7,963,106,781,0,565,28.400000000000002,113,4
2021,4,13,6,30,39.22,0.16,2.9000000000000004,111,873,787,0,17.8,45.01,962,111,873,0,787,31.1,112,3.7
2021,4,13,7,30,24.61,0.16,2.9000000000000004,121,909,947,0,17.5,39.19,961,121,909,0,947,33.2,106,3.3000000000000003
2021,4,13,8,30,10.82,0.16,3,128,921,1033,0,17.3,36.29,960,128,921,0,1033,34.4,99,3
2021,4,13,9,30,8.53,0.16,3,142,903,1035,0,16.900000000000002,33.74,958,142,903,0,1035,35.2,97,2.8000000000000003
2021,4,13,10,30,21.740000000000002,0.16,3,141,884,962,1,16.3,31.900000000000002,957,141,884,0,962,35.6,103,2.7
2021,4,13,11,30,36.28,0.16,3,135,841,813,8,15.8,31.32,956,233,673,7,776,35.300000000000004,113,2.7
2021,4,13,12,30,51.02,0.16,3.1,124,762,603,1,15.200000000000001,31.990000000000002,956,124,762,0,603,34.300000000000004,125,2.8000000000000003
2021,4,13,13,30,65.8,0.16,3.1,101,619,355,0,15.100000000000001,35.14,956,101,619,0,355,32.5,138,2.3000000000000003
2021,4,13,14,30,80.55,0.16,3.2,56,309,107,0,18,48.28,957,56,309,0,107,30.1,153,1.7000000000000002
2021,4,13,15,30,95.42,0.16,3.2,0,0,0,0,18.900000000000002,56.230000000000004,958,0,0,0,0,28.5,162,2
2021,4,13,16,30,110.16,0.16,3.3000000000000003,0,0,0,0,18.2,55.85,959,0,0,0,0,27.8,161,2.9000000000000004
2021,4,13,17,30,124.8,0.16,3.5,0,0,0,0,18.2,59.28,960,0,0,0,0,26.8,153,3.7
2021,4,13,18,30,139.22,0.16,3.6,0,0,0,0,19.1,67.37,960,0,0,0,0,25.6,145,4
2021,4,13,19,30,153.06,0.16,3.7,0,0,0,0,20.3,77.36,960,0,0,0,0,24.5,139,3.7
2021,4,13,20,30,164.67000000000002,0.16,3.7,0,0,0,8,21.1,85.35000000000001,960,0,0,0,0,23.700000000000003,136,3.2
2021,4,13,21,30,166.17000000000002,0.16,3.7,0,0,0,8,21.5,90.39,960,0,0,0,0,23.200000000000003,135,2.6
2021,4,13,22,30,155.61,0.16,3.6,0,0,0,3,21.8,94.17,959,0,0,0,0,22.8,136,2.3000000000000003
2021,4,13,23,30,141.99,0.16,3.6,0,0,0,3,22,96.47,959,0,0,0,0,22.6,135,2.2
2021,4,14,0,30,127.64,0.16,3.5,0,0,0,3,22.1,97.72,959,0,0,0,0,22.5,134,2.2
2021,4,14,1,30,113.04,0.16,3.5,0,0,0,0,22.200000000000003,98.87,960,0,0,0,0,22.400000000000002,132,2.2
2021,4,14,2,30,98.32000000000001,0.16,3.4000000000000004,0,0,0,1,22.3,97.93,960,0,0,0,0,22.6,130,2.4000000000000004
2021,4,14,3,30,83.42,0.16,3.3000000000000003,45,172,65,3,22.3,91.84,961,46,1,7,46,23.700000000000003,130,3.1
2021,4,14,4,30,68.71000000000001,0.16,3.2,102,547,301,1,21.8,78.24,961,102,547,0,301,25.900000000000002,133,3.5
2021,4,14,5,30,53.94,0.16,3.1,127,725,554,0,21,63.9,961,127,725,0,554,28.5,135,3.5
2021,4,14,6,30,39.2,0.16,3.1,140,817,773,1,20.3,53.410000000000004,961,140,817,0,773,30.900000000000002,136,3.3000000000000003
2021,4,14,7,30,24.64,0.16,3.1,145,867,933,0,19.8,46.39,960,145,867,0,933,32.800000000000004,135,2.8000000000000003
2021,4,14,8,30,10.98,0.16,3.1,147,892,1022,7,19,41.1,959,296,585,0,871,34.1,133,2.4000000000000004
2021,4,14,9,30,8.83,0.16,3.1,141,902,1032,0,18.1,37.19,958,141,902,0,1032,34.9,129,2.1
2021,4,14,10,30,21.89,0.16,3.2,140,881,958,7,17.5,35.050000000000004,957,278,639,7,871,35.2,127,2
2021,4,14,11,30,36.39,0.16,3.2,132,843,811,7,16.900000000000002,34.27,956,359,281,7,584,35,129,2.1
2021,4,14,12,30,51.1,0.16,3.2,133,738,597,2,16.5,34.62,956,357,126,0,436,34.300000000000004,134,2.2
2021,4,14,13,30,65.86,0.16,3.2,107,596,351,3,16.2,36.68,956,153,3,0,154,32.9,142,2
2021,4,14,14,30,80.60000000000001,0.16,3.2,59,289,106,3,17.6,45.84,956,16,0,0,16,30.6,156,1.8
2021,4,14,15,30,95.46000000000001,0.16,3.2,0,0,0,3,19.5,57.61,957,0,0,0,0,28.700000000000003,166,2.3000000000000003
2021,4,14,16,30,110.18,0.16,3.3000000000000003,0,0,0,7,18.8,57.980000000000004,958,0,0,0,0,27.8,166,3.3000000000000003
2021,4,14,17,30,124.79,0.16,3.4000000000000004,0,0,0,7,19.3,63.88,958,0,0,0,0,26.700000000000003,161,4
2021,4,14,18,30,139.18,0.16,3.4000000000000004,0,0,0,7,20.200000000000003,72.72,959,0,0,0,0,25.5,155,4.1000000000000005
2021,4,14,19,30,152.96,0.16,3.5,0,0,0,7,21,81.09,960,0,0,0,0,24.5,152,3.7
2021,4,14,20,30,164.42000000000002,0.16,3.5,0,0,0,0,21.6,87.25,960,0,0,0,0,23.8,149,3.1
2021,4,14,21,30,165.82,0.16,3.5,0,0,0,8,21.8,90.88,959,0,0,0,0,23.400000000000002,147,2.8000000000000003
2021,4,14,22,30,155.38,0.16,3.5,0,0,0,7,22,93.06,959,0,0,0,0,23.200000000000003,145,2.8000000000000003
2021,4,14,23,30,141.82,0.16,3.5,0,0,0,8,22.200000000000003,94.61,959,0,0,0,0,23.1,144,2.7
2021,4,15,0,30,127.51,0.16,3.5,0,0,0,3,22.3,95.88,959,0,0,0,0,23,142,2.6
2021,4,15,1,30,112.93,0.16,3.5,0,0,0,1,22.400000000000002,96.84,960,0,0,0,0,22.900000000000002,140,2.4000000000000004
2021,4,15,2,30,98.23,0.16,3.4000000000000004,0,0,0,3,22.400000000000002,96.33,960,0,0,0,0,23,138,2.5
2021,4,15,3,30,83.35000000000001,0.16,3.4000000000000004,44,197,67,0,22.400000000000002,91.55,961,44,197,0,67,23.900000000000002,138,3.1
2021,4,15,4,30,68.65,0.16,3.4000000000000004,98,561,302,0,22,78.69,961,98,561,0,302,26,141,3.4000000000000004
2021,4,15,5,30,53.9,0.16,3.4000000000000004,122,728,552,0,21,63.65,961,122,728,0,552,28.6,142,3.4000000000000004
2021,4,15,6,30,39.19,0.16,3.3000000000000003,139,812,769,0,20.200000000000003,52.5,961,139,812,0,769,31,141,3.2
2021,4,15,7,30,24.67,0.16,3.3000000000000003,146,861,929,0,19.5,45.68,960,146,861,0,929,32.800000000000004,139,3
2021,4,15,8,30,11.14,0.16,3.3000000000000003,150,883,1016,0,19,41.160000000000004,959,150,883,0,1016,34,136,2.6
2021,4,15,9,30,9.13,0.16,3.3000000000000003,149,886,1024,1,18.3,38.230000000000004,958,149,886,0,1024,34.6,136,2.4000000000000004
2021,4,15,10,30,22.05,0.16,3.4000000000000004,146,868,951,3,17.8,36.85,957,485,139,0,613,34.7,138,2.4000000000000004
2021,4,15,11,30,36.5,0.16,3.4000000000000004,138,828,804,8,17.400000000000002,36.82,956,224,685,7,775,34.300000000000004,143,2.5
2021,4,15,12,30,51.18,0.16,3.5,125,751,596,0,17.2,37.89,956,125,751,0,596,33.5,149,2.7
2021,4,15,13,30,65.93,0.16,3.5,101,612,350,0,17.2,40.92,956,101,612,0,350,32.1,158,2.7
2021,4,15,14,30,80.65,0.16,3.6,56,305,105,3,18,48.69,957,22,0,0,22,30,168,2.4000000000000004
2021,4,15,15,30,95.49,0.16,3.6,0,0,0,0,19.400000000000002,58.96,957,0,0,0,0,28.200000000000003,173,2.5
2021,4,15,16,30,110.19,0.16,3.7,0,0,0,3,19.400000000000002,62.230000000000004,958,0,0,0,0,27.3,170,2.9000000000000004
2021,4,15,17,30,124.78,0.16,3.7,0,0,0,7,19.6,66.42,958,0,0,0,0,26.400000000000002,162,3
2021,4,15,18,30,139.13,0.16,3.7,0,0,0,7,19.900000000000002,70.71000000000001,959,0,0,0,0,25.6,155,3.2
2021,4,15,19,30,152.84,0.16,3.7,0,0,0,7,20.200000000000003,75.68,959,0,0,0,0,24.8,150,3.2
2021,4,15,20,30,164.16,0.16,3.8000000000000003,0,0,0,8,20.700000000000003,81.2,959,0,0,0,0,24.1,147,2.9000000000000004
2021,4,15,21,30,165.47,0.16,3.8000000000000003,0,0,0,8,21.1,86.07000000000001,958,0,0,0,0,23.6,146,2.7
2021,4,15,22,30,155.15,0.16,3.8000000000000003,0,0,0,8,21.6,90.65,958,0,0,0,0,23.200000000000003,145,2.4000000000000004
2021,4,15,23,30,141.66,0.16,3.8000000000000003,0,0,0,3,22,94.05,958,0,0,0,0,23,145,2.4000000000000004
2021,4,16,0,30,127.38000000000001,0.16,3.8000000000000003,0,0,0,3,22.3,96.42,958,0,0,0,0,22.900000000000002,144,2.4000000000000004
2021,4,16,1,30,112.82000000000001,0.16,3.8000000000000003,0,0,0,1,22.5,98.38,959,0,0,0,0,22.8,143,2.4000000000000004
2021,4,16,2,30,98.14,0.16,3.8000000000000003,0,0,0,0,22.700000000000003,98.02,959,0,0,0,0,23,142,2.6
2021,4,16,3,30,83.28,0.16,3.8000000000000003,44,191,66,0,22.8,93.01,960,44,191,0,66,24,142,3
2021,4,16,4,30,68.60000000000001,0.16,3.8000000000000003,100,549,300,0,22.5,80.62,960,100,549,0,300,26.1,144,3.4000000000000004
2021,4,16,5,30,53.86,0.16,3.9000000000000004,127,712,547,0,21.5,65.58,961,127,712,0,547,28.6,145,3.4000000000000004
2021,4,16,6,30,39.18,0.16,3.9000000000000004,167,754,751,1,20.6,54.45,960,167,754,0,751,30.8,146,3.3000000000000003
2021,4,16,7,30,24.7,0.16,4,177,804,908,1,20.1,48.06,959,177,804,0,908,32.5,148,3.1
2021,4,16,8,30,11.31,0.16,4.1000000000000005,179,831,994,3,19.700000000000003,44.35,958,505,143,0,645,33.5,150,2.9000000000000004
2021,4,16,9,30,9.43,0.16,4.1000000000000005,191,817,997,0,19.3,42.32,957,191,817,0,997,33.9,153,2.7
2021,4,16,10,30,22.21,0.16,4.2,181,803,925,1,19,41.53,956,181,803,0,925,33.9,157,2.7
2021,4,16,11,30,36.61,0.16,4.2,166,767,782,1,18.8,41.95,956,166,767,0,782,33.5,161,2.8000000000000003
2021,4,16,12,30,51.27,0.16,4.3,145,692,578,3,18.7,44.050000000000004,956,208,1,0,209,32.5,165,2.9000000000000004
2021,4,16,13,30,65.99,0.16,4.4,112,555,338,7,18.8,47.61,956,181,292,0,299,31.200000000000003,169,2.7
2021,4,16,14,30,80.7,0.16,4.4,58,260,100,7,19.6,55.52,957,84,41,7,90,29.400000000000002,172,2.2
2021,4,16,15,30,95.52,0.16,4.4,0,0,0,9,20.8,64.59,957,0,0,0,0,28.1,170,2.1
2021,4,16,16,30,110.21000000000001,0.16,4.5,0,0,0,6,20.700000000000003,67.01,958,0,0,0,0,27.400000000000002,163,2.7
2021,4,16,17,30,124.77,0.16,4.5,0,0,0,7,20.6,68.88,959,0,0,0,0,26.8,156,3.2
2021,4,16,18,30,139.09,0.16,4.5,0,0,0,7,20.6,72.32000000000001,959,0,0,0,0,26,151,3.4000000000000004
2021,4,16,19,30,152.73,0.16,4.6000000000000005,0,0,0,7,20.900000000000002,77.29,959,0,0,0,0,25.200000000000003,148,3.2
2021,4,16,20,30,163.89000000000001,0.16,4.6000000000000005,0,0,0,0,21.400000000000002,83.03,959,0,0,0,0,24.5,147,2.9000000000000004
2021,4,16,21,30,165.13,0.16,4.5,0,0,0,0,21.900000000000002,88.10000000000001,958,0,0,0,0,24,145,2.6
2021,4,16,22,30,154.92000000000002,0.16,4.5,0,0,0,0,22.3,92.57000000000001,958,0,0,0,0,23.6,143,2.5
2021,4,16,23,30,141.49,0.16,4.5,0,0,0,1,22.700000000000003,95.62,958,0,0,0,0,23.400000000000002,140,2.5
2021,4,17,0,30,127.25,0.16,4.4,0,0,0,0,22.900000000000002,97.66,958,0,0,0,0,23.3,138,2.5
2021,4,17,1,30,112.72,0.16,4.4,0,0,0,0,23.1,99.32000000000001,959,0,0,0,0,23.200000000000003,135,2.4000000000000004
2021,4,17,2,30,98.06,0.16,4.3,0,0,0,0,23.200000000000003,99.18,960,0,0,0,0,23.3,132,2.5
2021,4,17,3,30,83.21000000000001,0.16,4.3,39,267,71,0,23.200000000000003,93.55,961,39,267,0,71,24.3,131,3
2021,4,17,4,30,68.54,0.16,4.3,79,627,308,0,22.6,80.75,961,79,627,0,308,26.200000000000003,133,3.4000000000000004
2021,4,17,5,30,53.83,0.16,4.2,96,783,558,0,21.400000000000002,65.29,961,96,783,0,558,28.6,137,3.4000000000000004
2021,4,17,6,30,39.17,0.16,4.2,107,857,771,0,20.400000000000002,54.25,961,107,857,0,771,30.700000000000003,141,3.3000000000000003
2021,4,17,7,30,24.740000000000002,0.16,4.2,115,895,927,0,20.1,48.82,960,115,895,0,927,32.2,144,3.2
2021,4,17,8,30,11.49,0.16,4.2,118,914,1014,0,20,45.89,959,118,914,0,1014,33.2,147,3.2
2021,4,17,9,30,9.74,0.16,4.3,130,897,1015,3,19.8,44.230000000000004,958,455,18,0,473,33.7,149,3.1
2021,4,17,10,30,22.37,0.16,4.3,128,881,942,1,19.700000000000003,43.77,957,128,881,0,942,33.7,151,3.1
2021,4,17,11,30,36.72,0.16,4.3,121,842,797,1,19.5,44.51,957,121,842,0,797,33.2,152,3
2021,4,17,12,30,51.35,0.16,4.4,114,759,589,8,19.400000000000002,46.19,957,226,463,7,515,32.4,154,3
2021,4,17,13,30,66.06,0.16,4.4,92,628,346,3,19.400000000000002,50.22,957,199,24,0,209,31,158,2.6
2021,4,17,14,30,80.75,0.16,4.5,52,323,104,7,20.400000000000002,59.03,958,82,52,7,90,29.200000000000003,163,2
2021,4,17,15,30,95.55,0.16,4.5,0,0,0,7,21.900000000000002,70.59,959,0,0,0,0,27.700000000000003,165,2.1
2021,4,17,16,30,110.22,0.16,4.6000000000000005,0,0,0,9,21.6,72.36,960,0,0,0,0,27,162,2.8000000000000003
2021,4,17,17,30,124.76,0.16,4.7,0,0,0,6,21.5,75.25,960,0,0,0,0,26.200000000000003,158,3.3000000000000003
2021,4,17,18,30,139.03,0.16,4.7,0,0,0,6,21.5,78.71000000000001,961,0,0,0,0,25.5,153,3.4000000000000004
2021,4,17,19,30,152.61,0.16,4.7,0,0,0,6,21.6,82.67,961,0,0,0,0,24.8,149,3.3000000000000003
2021,4,17,20,30,163.63,0.16,4.7,0,0,0,6,21.900000000000002,86.81,960,0,0,0,0,24.200000000000003,145,3
2021,4,17,21,30,164.78,0.16,4.6000000000000005,0,0,0,6,22.200000000000003,90.59,960,0,0,0,0,23.8,141,2.8000000000000003
2021,4,17,22,30,154.68,0.16,4.6000000000000005,0,0,0,7,22.5,94.53,959,0,0,0,0,23.400000000000002,137,2.6
2021,4,17,23,30,141.32,0.16,4.6000000000000005,0,0,0,7,22.8,96.8,959,0,0,0,0,23.3,135,2.6
2021,4,18,0,30,127.12,0.16,4.6000000000000005,0,0,0,7,23,98.60000000000001,960,0,0,0,0,23.200000000000003,133,2.7
2021,4,18,1,30,112.62,0.16,4.5,0,0,0,8,23.1,99.4,960,0,0,0,0,23.200000000000003,132,2.6
2021,4,18,2,30,97.97,0.16,4.5,0,0,0,1,23.200000000000003,99.38,961,0,0,0,0,23.3,130,2.7
2021,4,18,3,30,83.15,0.16,4.4,41,253,71,3,23.3,94.84,962,48,1,7,48,24.200000000000003,129,3.3000000000000003
2021,4,18,4,30,68.49,0.16,4.4,83,612,307,0,22.900000000000002,83.11,962,83,612,0,307,26,129,3.7
2021,4,18,5,30,53.800000000000004,0.16,4.4,100,768,554,0,21.700000000000003,68.22,962,100,768,0,554,28.1,130,3.8000000000000003
2021,4,18,6,30,39.17,0.16,4.4,125,822,762,3,20.6,56.71,962,329,7,0,334,30.1,133,3.7
2021,4,18,7,30,24.79,0.16,4.4,136,859,917,3,20.1,51.59,961,446,80,0,519,31.3,134,3.5
2021,4,18,8,30,11.68,0.16,4.4,142,877,1001,2,20.1,49.46,960,528,220,0,743,32,134,3.1
2021,4,18,9,30,10.040000000000001,0.16,4.4,160,854,1001,2,20.1,48.31,959,522,165,0,684,32.4,131,2.8000000000000003
2021,4,18,10,30,22.53,0.16,4.4,151,844,930,1,20,47.52,958,151,844,0,930,32.6,127,2.6
2021,4,18,11,30,36.83,0.16,4.5,138,809,786,7,19.8,47.58,957,257,566,7,710,32.4,123,2.5
2021,4,18,12,30,51.43,0.16,4.5,120,743,584,8,19.700000000000003,48.52,957,45,0,0,45,31.900000000000002,123,2.4000000000000004
2021,4,18,13,30,66.12,0.16,4.6000000000000005,94,615,343,7,19.700000000000003,51.75,957,78,2,0,79,30.8,128,1.9000000000000001
2021,4,18,14,30,80.79,0.16,4.6000000000000005,52,312,102,8,21.3,63.21,958,77,37,7,83,29,138,1.2000000000000002
2021,4,18,15,30,95.58,0.16,4.7,0,0,0,7,23.5,77.84,959,0,0,0,0,27.700000000000003,149,1.2000000000000002
2021,4,18,16,30,110.23,0.16,4.7,0,0,0,7,22.8,77.86,960,0,0,0,0,27,154,1.8
2021,4,18,17,30,124.74000000000001,0.16,4.7,0,0,0,6,22.1,76.67,960,0,0,0,0,26.5,153,2.8000000000000003
2021,4,18,18,30,138.98,0.16,4.7,0,0,0,6,21.8,79.07000000000001,961,0,0,0,0,25.700000000000003,150,3.3000000000000003
2021,4,18,19,30,152.49,0.16,4.7,0,0,0,6,21.900000000000002,83.17,961,0,0,0,0,25,147,3.1
2021,4,18,20,30,163.36,0.16,4.7,0,0,0,6,22.200000000000003,87.72,961,0,0,0,0,24.400000000000002,143,2.8000000000000003
2021,4,18,21,30,164.44,0.16,4.7,0,0,0,7,22.5,91.31,960,0,0,0,0,24,138,2.6
2021,4,18,22,30,154.45000000000002,0.16,4.7,0,0,0,7,22.700000000000003,94.12,959,0,0,0,0,23.700000000000003,134,2.6
2021,4,18,23,30,141.16,0.16,4.7,0,0,0,8,22.900000000000002,96.21000000000001,959,0,0,0,0,23.5,130,2.7
2021,4,19,0,30,126.99000000000001,0.15,4.7,0,0,0,8,22.900000000000002,97.86,959,0,0,0,0,23.3,127,2.7
2021,4,19,1,30,112.51,0.15,4.6000000000000005,0,0,0,3,23,98.53,960,0,0,0,0,23.200000000000003,124,2.7
2021,4,19,2,30,97.89,0.15,4.6000000000000005,0,0,0,3,22.900000000000002,98.34,960,0,0,0,0,23.200000000000003,123,2.8000000000000003
2021,4,19,3,30,83.08,0.15,4.5,42,240,71,8,22.900000000000002,93.66,960,51,8,7,52,24,122,3.4000000000000004
2021,4,19,4,30,68.45,0.15,4.5,87,590,304,8,22.3,81.72,961,98,5,0,100,25.700000000000003,120,3.9000000000000004
2021,4,19,5,30,53.77,0.15,4.5,110,743,549,3,21.3,68.17,961,321,149,0,409,27.700000000000003,117,3.7
2021,4,19,6,30,39.17,0.15,4.5,123,822,761,3,20.200000000000003,56.64,961,383,92,0,454,29.700000000000003,114,3.4000000000000004
2021,4,19,7,30,24.84,0.15,4.4,133,864,916,7,19.200000000000003,48.53,960,206,695,0,837,31.3,115,3.1
2021,4,19,8,30,11.870000000000001,0.15,4.5,138,881,1000,7,18.6,44.1,959,258,616,0,861,32.4,116,2.9000000000000004
2021,4,19,9,30,10.35,0.15,4.5,160,852,998,0,18.6,42.89,958,160,852,0,998,32.9,117,2.6
2021,4,19,10,30,22.7,0.15,4.6000000000000005,154,836,925,3,18.8,43.480000000000004,957,218,0,0,218,32.9,119,2.4000000000000004
2021,4,19,11,30,36.94,0.15,4.7,144,796,780,7,19.1,45.57,957,366,132,0,472,32.300000000000004,124,2.2
2021,4,19,12,30,51.52,0.15,4.9,133,708,574,7,19.400000000000002,49.14,957,291,159,0,390,31.3,128,1.9000000000000001
2021,4,19,13,30,66.18,0.15,5.1000000000000005,111,548,332,6,19.8,54.42,957,6,0,0,6,30,132,1.4000000000000001
2021,4,19,14,30,80.84,0.15,5.2,60,223,96,8,21.200000000000003,65.04,958,28,0,7,28,28.400000000000002,135,0.9
2021,4,19,15,30,95.61,0.15,5.300000000000001,0,0,0,6,22.3,74.7,959,0,0,0,0,27.200000000000003,139,0.9
2021,4,19,16,30,110.23,0.15,5.300000000000001,0,0,0,6,22.5,79.46000000000001,960,0,0,1,0,26.3,141,1.2000000000000002
2021,4,19,17,30,124.72,0.15,5.4,0,0,0,6,22.400000000000002,83.61,960,0,0,0,0,25.400000000000002,142,1.7000000000000002
2021,4,19,18,30,138.92000000000002,0.15,5.300000000000001,0,0,0,7,22.400000000000002,87.78,960,0,0,0,0,24.6,141,2.1
2021,4,19,19,30,152.36,0.15,5.300000000000001,0,0,0,7,22.5,90.54,960,0,0,0,0,24.1,141,2.2
2021,4,19,20,30,163.1,0.15,5.2,0,0,0,8,22.5,93.17,960,0,0,0,0,23.700000000000003,142,2.1
2021,4,19,21,30,164.11,0.15,5.2,0,0,0,5,22.6,95.92,959,0,0,0,0,23.3,145,1.9000000000000001
2021,4,19,22,30,154.22,0.15,5.1000000000000005,0,0,0,4,22.700000000000003,97.8,959,0,0,0,0,23.1,149,1.7000000000000002
2021,4,19,23,30,140.99,0.15,5,0,0,0,4,22.900000000000002,99.83,959,0,0,0,0,22.900000000000002,153,1.6
2021,4,20,0,30,126.87,0.15,5,0,0,0,8,22.8,100,959,0,0,0,0,22.8,158,1.5
2021,4,20,1,30,112.41,0.15,4.9,0,0,0,4,22.700000000000003,100,960,0,0,0,0,22.700000000000003,165,1.4000000000000001
2021,4,20,2,30,97.81,0.15,4.800000000000001,0,0,0,5,22.8,100,960,0,0,0,0,22.8,169,1.7000000000000002
2021,4,20,3,30,83.02,0.15,4.800000000000001,41,245,71,8,23.1,97.63,961,44,4,7,44,23.5,169,2.3000000000000003
2021,4,20,4,30,68.4,0.15,4.800000000000001,83,607,306,8,23,89.59,961,152,352,0,281,24.8,168,2.7
2021,4,20,5,30,53.74,0.15,4.800000000000001,102,758,550,0,22.3,78.37,962,102,758,0,550,26.400000000000002,168,2.5
2021,4,20,6,30,39.17,0.15,4.800000000000001,132,803,754,8,21.400000000000002,66.82000000000001,961,340,281,0,558,28.1,164,2.2
2021,4,20,7,30,24.89,0.15,4.9,145,838,906,7,20.8,59.93,961,307,509,0,769,29.400000000000002,157,1.8
2021,4,20,8,30,12.07,0.15,4.9,151,857,989,0,20.700000000000003,56.54,960,151,857,0,989,30.3,144,1.4000000000000001
2021,4,20,9,30,10.65,0.15,4.9,165,838,989,3,20.700000000000003,55.2,959,478,136,0,611,30.700000000000003,122,1.1
2021,4,20,10,30,22.86,0.15,4.9,158,825,918,3,20.5,54.33,958,464,93,0,550,30.8,99,0.9
2021,4,20,11,30,37.050000000000004,0.15,4.9,144,793,776,2,20.3,54.27,957,393,65,0,444,30.6,85,1
2021,4,20,12,30,51.6,0.15,4.9,124,727,576,2,20.200000000000003,55.56,957,322,66,0,363,30.1,80,1
2021,4,20,13,30,66.25,0.15,4.9,97,595,337,2,20.400000000000002,59.14,958,164,7,0,167,29.200000000000003,81,0.8
2021,4,20,14,30,80.88,0.15,4.9,53,297,100,0,21.400000000000002,67.01,958,53,297,0,100,28.1,94,0.5
2021,4,20,15,30,95.64,0.15,5,0,0,0,8,22.400000000000002,74.91,959,0,0,0,0,27.200000000000003,120,0.5
2021,4,20,16,30,110.24000000000001,0.15,5,0,0,0,8,22.6,78.69,960,0,0,0,0,26.6,143,0.5
2021,4,20,17,30,124.7,0.15,5,0,0,0,7,23.1,84.64,960,0,0,0,0,25.900000000000002,153,0.6000000000000001
2021,4,20,18,30,138.86,0.15,5,0,0,0,7,23.3,90.01,960,0,0,0,0,25.1,156,0.8
2021,4,20,19,30,152.23,0.15,4.9,0,0,0,0,23.1,91.88,960,0,0,0,0,24.5,157,1.1
2021,4,20,20,30,162.83,0.15,4.9,0,0,0,8,22.700000000000003,92.5,960,0,0,0,0,24,158,1.4000000000000001
2021,4,20,21,30,163.78,0.15,4.800000000000001,0,0,0,5,22.5,94.2,959,0,0,0,0,23.5,159,1.7000000000000002
2021,4,20,22,30,153.99,0.15,4.800000000000001,0,0,0,7,22.5,95.84,959,0,0,0,0,23.200000000000003,161,1.7000000000000002
2021,4,20,23,30,140.83,0.15,4.7,0,0,0,8,22.6,97.92,959,0,0,0,0,22.900000000000002,164,1.8
2021,4,21,0,30,126.74000000000001,0.15,4.7,0,0,0,8,22.6,99.94,959,0,0,0,0,22.6,168,1.7000000000000002
2021,4,21,1,30,112.31,0.15,4.800000000000001,0,0,0,7,22.400000000000002,100,959,0,0,0,0,22.400000000000002,174,1.6
2021,4,21,2,30,97.73,0.15,4.800000000000001,0,0,0,8,22.5,100,960,0,0,0,0,22.5,183,1.9000000000000001
2021,4,21,3,30,82.96000000000001,0.15,4.800000000000001,44,218,71,3,22.6,96.10000000000001,961,55,3,7,55,23.3,191,2.6
2021,4,21,4,30,68.36,0.15,4.9,91,572,302,0,22.6,88.10000000000001,962,91,572,0,302,24.700000000000003,194,3.1
2021,4,21,5,30,53.72,0.15,4.9,113,731,546,3,22.1,77.79,962,316,82,0,364,26.3,194,3.2
2021,4,21,6,30,39.18,0.15,4.9,126,812,756,3,21.700000000000003,69.85000000000001,962,382,90,0,451,27.700000000000003,193,3
2021,4,21,7,30,24.95,0.15,4.9,131,860,911,7,21.5,65.23,961,299,505,0,757,28.700000000000003,192,2.6
2021,4,21,8,30,12.280000000000001,0.15,4.9,132,884,995,8,21.400000000000002,62.09,960,427,259,0,681,29.400000000000002,191,2.4000000000000004
2021,4,21,9,30,10.96,0.15,5,129,887,1000,7,21.200000000000003,59.95,959,402,22,0,424,29.8,190,2.2
2021,4,21,10,30,23.03,0.15,5,123,876,929,6,21,58.96,959,334,9,0,342,29.900000000000002,188,2.1
2021,4,21,11,30,37.160000000000004,0.15,5.1000000000000005,113,844,785,6,20.8,59.28,958,135,1,0,135,29.6,184,2.1
2021,4,21,12,30,51.68,0.15,5.1000000000000005,154,652,558,9,20.8,61.11,958,159,3,0,161,29,179,2.1
2021,4,21,13,30,66.31,0.15,5.1000000000000005,118,512,324,9,20.900000000000002,65.31,958,18,0,0,18,28,175,1.9000000000000001
2021,4,21,14,30,80.92,0.15,5.2,59,209,92,6,21.900000000000002,75.78,959,3,0,0,3,26.5,170,1.3
2021,4,21,15,30,95.66,0.15,5.2,0,0,0,6,23.200000000000003,87.58,959,0,0,0,0,25.400000000000002,166,1.1
2021,4,21,16,30,110.24000000000001,0.15,5.2,0,0,0,6,23,89.33,960,0,0,0,0,24.900000000000002,161,1.2000000000000002
2021,4,21,17,30,124.68,0.15,5.2,0,0,0,6,22.8,90.36,960,0,0,0,0,24.5,158,1.4000000000000001
2021,4,21,18,30,138.8,0.15,5.2,0,0,0,7,22.6,91.2,960,0,0,0,0,24.1,157,1.6
2021,4,21,19,30,152.09,0.15,5.2,0,0,0,7,22.3,92.05,961,0,0,0,0,23.700000000000003,161,2
2021,4,21,20,30,162.56,0.15,5.1000000000000005,0,0,0,7,22.1,93.69,960,0,0,0,0,23.200000000000003,167,2.3000000000000003
2021,4,21,21,30,163.45000000000002,0.15,5.1000000000000005,0,0,0,4,22,95.92,960,0,0,0,0,22.700000000000003,174,2.2
2021,4,21,22,30,153.76,0.15,5.1000000000000005,0,0,0,7,21.900000000000002,97.64,960,0,0,0,0,22.3,181,2
2021,4,21,23,30,140.67000000000002,0.15,5,0,0,0,4,21.8,99.03,960,0,0,0,0,22,187,1.7000000000000002
2021,4,22,0,30,126.62,0.16,5,0,0,0,5,21.8,99.54,960,0,0,0,0,21.900000000000002,192,1.5
2021,4,22,1,30,112.22,0.16,4.9,0,0,0,8,21.700000000000003,100,960,0,0,0,0,21.700000000000003,193,1.3
2021,4,22,2,30,97.65,0.16,4.800000000000001,0,0,0,8,21.900000000000002,99.96000000000001,961,0,0,0,0,21.900000000000002,192,1.5
2021,4,22,3,30,82.9,0.16,4.800000000000001,42,242,72,8,21.900000000000002,94.15,961,50,6,7,51,22.900000000000002,191,2.3000000000000003
2021,4,22,4,30,68.32000000000001,0.16,4.7,82,612,308,7,21.900000000000002,83.01,962,161,256,0,256,25,189,3.2
2021,4,22,5,30,53.71,0.16,4.6000000000000005,97,772,554,7,20.900000000000002,67.27,962,188,498,0,483,27.5,188,3.7
2021,4,22,6,30,39.19,0.16,4.6000000000000005,112,839,762,7,20.1,56.660000000000004,961,287,426,0,618,29.6,185,3.6
2021,4,22,7,30,25.02,0.16,4.5,119,880,917,8,19.900000000000002,50.83,960,380,325,0,675,31.3,180,3.3000000000000003
2021,4,22,8,30,12.49,0.16,4.5,123,898,1000,8,19.8,47.04,959,454,150,0,600,32.5,175,2.9000000000000004
2021,4,22,9,30,11.26,0.16,4.5,124,898,1005,7,19.6,44.5,958,295,518,0,803,33.300000000000004,172,2.6
2021,4,22,10,30,23.2,0.16,4.5,122,882,933,7,19.400000000000002,43.17,957,395,188,0,569,33.6,169,2.4000000000000004
2021,4,22,11,30,37.28,0.16,4.6000000000000005,114,845,787,6,19.1,43.28,957,276,11,0,285,33.300000000000004,164,2.1
2021,4,22,12,30,51.76,0.16,4.6000000000000005,103,778,584,7,18.900000000000002,44.45,957,232,340,0,443,32.6,160,2
2021,4,22,13,30,66.37,0.16,4.6000000000000005,83,648,343,7,18.900000000000002,47.61,957,167,40,0,183,31.3,157,1.6
2021,4,22,14,30,80.96000000000001,0.16,4.7,48,341,102,6,20.3,58.88,958,3,0,0,3,29.200000000000003,156,1.1
2021,4,22,15,30,95.68,0.16,4.7,0,0,0,6,23.5,78.72,959,0,0,0,0,27.5,157,1.1
2021,4,22,16,30,110.24000000000001,0.16,4.800000000000001,0,0,0,6,22.6,78.4,959,0,0,0,0,26.700000000000003,157,1.8
2021,4,22,17,30,124.65,0.16,4.9,0,0,0,6,21.900000000000002,78.65,960,0,0,0,0,25.900000000000002,156,2.8000000000000003
2021,4,22,18,30,138.73,0.16,4.9,0,0,0,6,21.8,82.43,960,0,0,0,0,25,156,3.4000000000000004
2021,4,22,19,30,151.96,0.16,4.9,0,0,0,6,22.200000000000003,88.37,960,0,0,0,0,24.200000000000003,156,3.1
2021,4,22,20,30,162.29,0.16,4.9,0,0,0,6,22.5,93.66,960,0,0,0,0,23.6,158,2.5
2021,4,22,21,30,163.12,0.16,4.9,0,0,0,7,22.700000000000003,96.99000000000001,959,0,0,0,0,23.200000000000003,160,2.1
2021,4,22,22,30,153.53,0.16,4.800000000000001,0,0,0,7,22.8,98.72,959,0,0,0,0,23,161,1.9000000000000001
2021,4,22,23,30,140.5,0.16,4.800000000000001,0,0,0,8,22.8,99.94,958,0,0,0,0,22.8,162,1.8
2021,4,23,0,30,126.5,0.16,4.7,0,0,0,8,22.6,100,959,0,0,0,0,22.6,161,1.7000000000000002
2021,4,23,1,30,112.12,0.16,4.6000000000000005,0,0,0,7,22.5,100,959,0,0,0,0,22.5,160,1.5
2021,4,23,2,30,97.58,0.16,4.5,0,0,0,7,22.6,100,960,0,0,0,0,22.6,159,1.7000000000000002
2021,4,23,3,30,82.85000000000001,0.16,4.4,41,275,75,8,22.8,94.63,960,59,22,7,61,23.700000000000003,158,2.3000000000000003
2021,4,23,4,30,68.28,0.16,4.3,78,632,312,7,22.6,83.23,961,162,249,0,254,25.700000000000003,156,2.6
2021,4,23,5,30,53.69,0.16,4.3,95,782,558,7,22,70.15,961,209,443,0,471,27.900000000000002,153,2.6
2021,4,23,6,30,39.21,0.16,4.2,106,856,769,7,21.5,60.7,960,305,375,0,596,29.900000000000002,150,2.4000000000000004
2021,4,23,7,30,25.09,0.16,4.2,111,897,923,7,21.200000000000003,55.46,960,295,518,0,765,31.200000000000003,149,2.2
2021,4,23,8,30,12.700000000000001,0.16,4.2,112,918,1007,7,21,51.550000000000004,959,262,604,0,852,32.2,150,2.1
2021,4,23,9,30,11.56,0.16,4.3,115,913,1010,7,20.6,48.79,957,398,356,0,747,32.800000000000004,151,2
2021,4,23,10,30,23.37,0.16,4.4,110,901,936,0,20.200000000000003,46.87,956,110,901,0,936,33.1,152,1.9000000000000001
2021,4,23,11,30,37.39,0.16,4.5,101,869,792,7,19.8,46.53,956,311,334,0,577,32.800000000000004,152,2
2021,4,23,12,30,51.84,0.16,4.7,123,727,573,7,19.5,47.35,956,260,115,0,331,32.1,151,2.1
2021,4,23,13,30,66.42,0.16,4.800000000000001,100,582,333,7,19.400000000000002,50.85,956,152,21,0,160,30.700000000000003,152,1.9000000000000001
2021,4,23,14,30,81,0.16,4.9,54,267,96,7,20.8,62.31,957,12,0,0,12,28.700000000000003,155,1.4000000000000001
2021,4,23,15,30,95.7,0.16,5,0,0,0,7,22.8,77.55,958,0,0,0,0,27.1,156,1.4000000000000001
2021,4,23,16,30,110.24000000000001,0.16,5,0,0,0,6,22.3,78.71000000000001,959,0,0,0,0,26.3,154,2
2021,4,23,17,30,124.62,0.16,5,0,0,0,6,22,80.85000000000001,959,0,0,0,0,25.5,150,2.5
2021,4,23,18,30,138.66,0.16,5,0,0,0,7,22,85.15,959,0,0,0,0,24.700000000000003,146,2.6
2021,4,23,19,30,151.82,0.16,5,0,0,0,7,22.400000000000002,90.57000000000001,959,0,0,0,0,24,143,2.4000000000000004
2021,4,23,20,30,162.02,0.16,5,0,0,0,7,22.700000000000003,95.38,959,0,0,0,0,23.5,140,2.2
2021,4,23,21,30,162.8,0.16,4.9,0,0,0,7,23,99.14,958,0,0,0,0,23.1,139,2
2021,4,23,22,30,153.31,0.16,4.9,0,0,0,7,23,100,957,0,0,0,0,23,139,1.8
2021,4,23,23,30,140.34,0.16,4.800000000000001,0,0,0,7,23,100,957,0,0,0,0,23,140,1.8
2021,4,24,0,30,126.37,0.16,4.800000000000001,0,0,0,4,22.900000000000002,100,957,0,0,0,0,22.900000000000002,139,1.7000000000000002
2021,4,24,1,30,112.02,0.16,4.7,0,0,0,7,22.900000000000002,100,958,0,0,0,0,22.900000000000002,135,1.6
2021,4,24,2,30,97.5,0.16,4.7,0,0,0,5,23.1,100,958,0,0,0,0,23.1,130,1.8
2021,4,24,3,30,82.8,0.16,4.6000000000000005,43,246,74,5,23.200000000000003,95.55,959,49,1,7,49,24,125,2.4000000000000004
2021,4,24,4,30,68.25,0.16,4.6000000000000005,85,602,308,3,22.900000000000002,84.5,959,191,35,0,204,25.700000000000003,122,2.9000000000000004
2021,4,24,5,30,53.68,0.16,4.6000000000000005,104,756,552,3,22.1,70.22,959,314,79,0,361,28,119,3
2021,4,24,6,30,39.230000000000004,0.16,4.6000000000000005,116,832,761,2,21.400000000000002,59.63,959,400,259,0,601,30.1,119,3
2021,4,24,7,30,25.16,0.16,4.6000000000000005,122,875,914,0,21,53.5,958,122,875,0,914,31.6,121,2.9000000000000004
2021,4,24,8,30,12.92,0.16,4.6000000000000005,122,897,997,0,20.700000000000003,49.45,957,122,897,0,997,32.7,125,2.9000000000000004
2021,4,24,9,30,11.85,0.16,4.6000000000000005,119,903,1003,1,20.5,46.7,956,119,903,0,1003,33.4,127,2.8000000000000003
2021,4,24,10,30,23.53,0.16,4.6000000000000005,113,892,931,3,20.1,44.88,955,440,128,0,558,33.7,128,2.7
2021,4,24,11,30,37.5,0.16,4.6000000000000005,105,861,788,7,19.6,43.78,954,262,501,0,660,33.6,129,2.7
2021,4,24,12,30,51.92,0.16,4.6000000000000005,99,784,582,0,19.1,43.94,954,99,784,0,582,33,129,2.6
2021,4,24,13,30,66.48,0.16,4.5,78,666,343,0,18.7,45.97,955,78,666,0,343,31.700000000000003,128,2
2021,4,24,14,30,81.04,0.16,4.5,44,381,103,7,20.200000000000003,57.19,956,68,21,0,71,29.6,129,1.3
2021,4,24,15,30,95.72,0.16,4.5,0,0,0,7,22.5,73.14,957,0,0,0,0,27.8,132,1.5
2021,4,24,16,30,110.24000000000001,0.16,4.6000000000000005,0,0,0,3,21.400000000000002,71.51,958,0,0,0,0,27,135,2.5
2021,4,24,17,30,124.59,0.16,4.6000000000000005,0,0,0,7,20.8,72.93,959,0,0,0,0,26,136,3.3000000000000003
2021,4,24,18,30,138.59,0.16,4.7,0,0,0,7,21.1,79.21000000000001,959,0,0,0,0,25,134,3.2
2021,4,24,19,30,151.67000000000002,0.16,4.7,0,0,0,3,21.900000000000002,87.16,959,0,0,0,0,24.200000000000003,130,2.7
2021,4,24,20,30,161.75,0.16,4.6000000000000005,0,0,0,3,22.5,93.03,958,0,0,0,0,23.700000000000003,126,2.6
2021,4,24,21,30,162.48,0.16,4.5,0,0,0,0,22.900000000000002,96.86,958,0,0,0,0,23.400000000000002,124,2.8000000000000003
2021,4,24,22,30,153.08,0.16,4.5,0,0,0,0,23.1,99,957,0,0,0,0,23.3,124,2.9000000000000004
2021,4,24,23,30,140.18,0.16,4.4,0,0,0,7,23.3,100,957,0,0,0,0,23.3,125,2.8000000000000003
2021,4,25,0,30,126.25,0.16,4.4,0,0,0,7,23.200000000000003,100,957,0,0,0,0,23.200000000000003,124,2.7
2021,4,25,1,30,111.93,0.16,4.3,0,0,0,7,23.1,100,958,0,0,0,0,23.1,123,2.5
2021,4,25,2,30,97.43,0.16,4.2,0,0,0,7,23.3,100,958,0,0,0,0,23.3,122,2.6
2021,4,25,3,30,82.74,0.16,4.1000000000000005,36,356,81,3,23.400000000000002,94.87,959,58,8,7,59,24.3,122,3.3000000000000003
2021,4,25,4,30,68.22,0.16,4,67,684,321,3,23,82.26,960,190,150,0,245,26.3,123,4
2021,4,25,5,30,53.67,0.16,3.9000000000000004,81,822,567,0,22,67.5,960,81,822,0,567,28.6,125,4.1000000000000005
2021,4,25,6,30,39.25,0.16,3.8000000000000003,104,862,772,7,21,55.82,960,197,635,0,688,30.8,128,4
2021,4,25,7,30,25.240000000000002,0.16,3.8000000000000003,109,903,926,7,19.900000000000002,47.45,959,261,592,0,797,32.5,132,3.8000000000000003
2021,4,25,8,30,13.14,0.16,3.8000000000000003,111,922,1009,7,19,41.75,958,284,570,0,839,33.800000000000004,136,3.7
2021,4,25,9,30,12.15,0.16,3.8000000000000003,165,844,991,7,18.2,38.25,957,358,478,0,826,34.5,139,3.7
2021,4,25,10,30,23.7,0.16,3.9000000000000004,158,829,917,8,17.6,36.34,956,413,282,7,671,34.7,140,3.7
2021,4,25,11,30,37.61,0.16,4.1000000000000005,145,790,771,7,17.2,35.93,955,322,389,7,630,34.5,140,3.7
2021,4,25,12,30,52,0.16,4.2,128,718,570,7,17.2,37.68,955,257,286,0,433,33.6,140,3.6
2021,4,25,13,30,66.54,0.16,4.4,101,575,330,7,17.400000000000002,41.83,955,191,175,7,260,32,139,3.2
2021,4,25,14,30,81.07000000000001,0.16,4.5,53,269,95,8,19.1,52.94,956,75,30,7,79,29.700000000000003,139,2.6
2021,4,25,15,30,95.73,0.16,4.6000000000000005,0,0,0,7,20,61.61,957,0,0,0,0,28.1,139,3.1
2021,4,25,16,30,110.23,0.16,4.6000000000000005,0,0,0,7,19.6,63.620000000000005,958,0,0,0,0,27.1,140,3.7
2021,4,25,17,30,124.56,0.16,4.6000000000000005,0,0,0,7,19.700000000000003,67.71000000000001,959,0,0,0,0,26.1,142,3.6
2021,4,25,18,30,138.51,0.16,4.6000000000000005,0,0,0,7,20.1,73.58,959,0,0,0,0,25.200000000000003,143,3.3000000000000003
2021,4,25,19,30,151.53,0.16,4.5,0,0,0,6,21,80.89,959,0,0,0,0,24.5,144,3.1
2021,4,25,20,30,161.48,0.16,4.4,0,0,0,7,21.900000000000002,88.86,958,0,0,0,0,23.900000000000002,146,3
2021,4,25,21,30,162.16,0.16,4.2,0,0,0,7,22.700000000000003,94.64,958,0,0,0,0,23.6,147,3
2021,4,25,22,30,152.86,0.16,4,0,0,0,7,23,98.49000000000001,957,0,0,0,0,23.3,148,3
2021,4,25,23,30,140.02,0.16,3.9000000000000004,0,0,0,7,23.1,100,957,0,0,0,0,23.1,149,2.8000000000000003
2021,4,26,0,30,126.14,0.16,3.8000000000000003,0,0,0,7,22.900000000000002,100,958,0,0,0,0,22.900000000000002,150,2.6
2021,4,26,1,30,111.84,0.16,3.7,0,0,0,7,22.8,100,958,0,0,0,0,22.8,151,2.2
2021,4,26,2,30,97.36,0.16,3.7,0,0,0,7,22.900000000000002,100,959,0,0,0,0,22.900000000000002,151,2.2
2021,4,26,3,30,82.7,0.16,3.7,34,395,84,7,23.200000000000003,95.59,960,62,43,7,67,23.900000000000002,150,2.7
2021,4,26,4,30,68.19,0.16,3.7,61,713,326,8,23,85.05,961,167,190,0,237,25.700000000000003,148,3.1
2021,4,26,5,30,53.660000000000004,0.16,3.8000000000000003,73,842,572,0,22,69.62,961,73,842,0,572,28.1,148,3.2
2021,4,26,6,30,39.27,0.16,3.8000000000000003,79,907,781,0,20.3,53.9,960,79,907,0,781,30.700000000000003,150,3.2
2021,4,26,7,30,25.330000000000002,0.16,3.9000000000000004,84,938,932,7,19.1,44.28,959,245,600,0,787,32.800000000000004,153,3.1
2021,4,26,8,30,13.370000000000001,0.16,4,86,952,1012,7,18.5,39.56,958,247,619,0,849,34.2,158,2.8000000000000003
2021,4,26,9,30,12.44,0.16,4.1000000000000005,90,947,1015,8,18.2,37.17,957,377,382,0,750,35,163,2.6
2021,4,26,10,30,23.87,0.16,4.2,89,931,940,8,18.1,36.480000000000004,956,238,632,7,816,35.2,167,2.5
2021,4,26,11,30,37.72,0.16,4.3,85,897,794,7,18.1,37.6,955,278,437,0,624,34.7,168,2.5
2021,4,26,12,30,52.08,0.16,4.5,91,801,583,7,18.3,40.24,955,199,501,7,507,33.7,168,2.6
2021,4,26,13,30,66.59,0.16,4.6000000000000005,75,672,342,7,18.6,44.88,955,171,173,7,240,32.1,167,2.2
2021,4,26,14,30,81.11,0.16,4.7,44,373,102,8,20.400000000000002,56.94,956,48,4,7,49,29.900000000000002,166,1.6
2021,4,26,15,30,95.75,0.16,4.800000000000001,0,0,0,8,22.6,71.79,957,0,0,0,0,28.200000000000003,163,1.5
2021,4,26,16,30,110.22,0.16,4.800000000000001,0,0,0,7,22.1,72.76,957,0,0,0,0,27.400000000000002,157,2.1
2021,4,26,17,30,124.52,0.16,4.800000000000001,0,0,0,7,21.5,73.46000000000001,958,0,0,0,0,26.6,152,2.8000000000000003
2021,4,26,18,30,138.44,0.16,4.7,0,0,0,7,21.1,75.65,958,0,0,0,0,25.700000000000003,148,3.2
2021,4,26,19,30,151.38,0.16,4.7,0,0,0,8,21.1,80.42,958,0,0,0,0,24.700000000000003,147,2.9000000000000004
2021,4,26,20,30,161.22,0.16,4.7,0,0,0,8,21.400000000000002,85.46000000000001,958,0,0,0,0,24,147,2.4000000000000004
2021,4,26,21,30,161.85,0.16,4.7,0,0,0,8,21.8,90.66,957,0,0,0,0,23.400000000000002,149,1.9000000000000001
2021,4,26,22,30,152.64000000000001,0.16,4.6000000000000005,0,0,0,7,22.200000000000003,95.13,957,0,0,0,0,23,152,1.6
2021,4,26,23,30,139.87,0.16,4.6000000000000005,0,0,0,7,22.5,98.04,957,0,0,0,0,22.8,155,1.5
2021,4,27,0,30,126.02,0.16,4.5,0,0,0,7,22.700000000000003,99.86,957,0,0,0,0,22.700000000000003,156,1.5
2021,4,27,1,30,111.75,0.16,4.4,0,0,0,7,22.700000000000003,100,958,0,0,1,0,22.700000000000003,155,1.4000000000000001
2021,4,27,2,30,97.3,0.16,4.4,0,0,0,7,22.900000000000002,100,959,0,0,0,0,22.900000000000002,156,1.5
2021,4,27,3,30,82.65,0.16,4.3,41,298,79,7,23.1,95.24,960,26,0,7,26,23.900000000000002,158,2.1
2021,4,27,4,30,68.16,0.16,4.2,75,649,316,7,23,84.96000000000001,960,72,1,0,72,25.700000000000003,161,2.5
2021,4,27,5,30,53.660000000000004,0.16,4.2,88,799,561,7,22.1,70.28,960,261,67,0,300,28,163,2.5
2021,4,27,6,30,39.300000000000004,0.16,4.1000000000000005,105,857,768,7,21.1,58.11,960,273,403,0,584,30.200000000000003,164,2.5
2021,4,27,7,30,25.42,0.16,4.1000000000000005,112,895,920,7,20.8,52.19,959,295,467,0,717,31.8,163,2.5
2021,4,27,8,30,13.59,0.16,4,113,916,1003,7,20.6,48.58,958,296,506,0,787,32.9,162,2.5
2021,4,27,9,30,12.73,0.16,4,120,907,1005,7,20.400000000000002,46.07,956,268,585,0,838,33.6,161,2.6
2021,4,27,10,30,24.04,0.16,3.9000000000000004,114,898,934,7,20.200000000000003,44.68,956,309,477,0,744,33.9,160,2.7
2021,4,27,11,30,37.83,0.16,3.9000000000000004,104,869,790,7,19.900000000000002,44.44,955,198,686,7,740,33.7,158,2.7
2021,4,27,12,30,52.160000000000004,0.16,3.9000000000000004,91,808,587,1,19.6,45.17,955,91,808,0,587,33.1,156,2.6
2021,4,27,13,30,66.64,0.16,4,73,687,346,7,19.400000000000002,48.24,955,155,332,0,287,31.700000000000003,153,2.1
2021,4,27,14,30,81.14,0.16,4,43,396,104,8,21.3,61.36,956,72,45,7,79,29.5,148,1.4000000000000001
2021,4,27,15,30,95.76,0.16,4.1000000000000005,0,0,0,7,23.5,77.42,957,0,0,1,0,27.8,143,1.4000000000000001
2021,4,27,16,30,110.21000000000001,0.16,4.2,0,0,0,7,22.5,76.56,958,0,0,0,0,27,141,2.3000000000000003
2021,4,27,17,30,124.48,0.16,4.2,0,0,0,6,21.5,75.19,958,0,0,0,0,26.200000000000003,142,3.4000000000000004
2021,4,27,18,30,138.36,0.16,4.3,0,0,0,7,21,77.81,959,0,0,0,0,25.200000000000003,143,3.6
2021,4,27,19,30,151.23,0.16,4.3,0,0,0,7,21.3,83.16,959,0,0,0,0,24.3,144,2.9000000000000004
2021,4,27,20,30,160.95000000000002,0.16,4.3,0,0,0,0,21.6,89.28,959,0,0,0,0,23.5,146,2.2
2021,4,27,21,30,161.54,0.16,4.3,0,0,0,8,22,93.95,959,0,0,0,0,23,146,1.8
2021,4,27,22,30,152.42000000000002,0.16,4.2,0,0,0,7,22.200000000000003,96.78,958,0,0,0,0,22.700000000000003,147,1.6
2021,4,27,23,30,139.71,0.16,4.2,0,0,0,7,22.3,98.75,958,0,0,0,0,22.5,148,1.6
2021,4,28,0,30,125.9,0.16,4.2,0,0,0,7,22.400000000000002,99.9,958,0,0,0,0,22.400000000000002,149,1.6
2021,4,28,1,30,111.67,0.16,4.1000000000000005,0,0,0,7,22.3,100,959,0,0,0,0,22.3,148,1.5
2021,4,28,2,30,97.23,0.16,4.1000000000000005,0,0,0,7,22.6,99.98,959,0,0,0,0,22.6,147,1.7000000000000002
2021,4,28,3,30,82.61,0.16,4,38,345,82,3,22.8,94.54,960,52,1,7,52,23.700000000000003,145,2.3000000000000003
2021,4,28,4,30,68.14,0.16,4.1000000000000005,69,673,320,8,22.8,83.32000000000001,960,140,400,0,289,25.8,143,2.8000000000000003
2021,4,28,5,30,53.660000000000004,0.16,4.1000000000000005,83,813,564,5,21.8,67.82000000000001,960,290,55,0,323,28.3,140,2.8000000000000003
2021,4,28,6,30,39.34,0.16,4.1000000000000005,93,878,772,3,20.6,55.59,960,400,240,0,586,30.5,137,2.8000000000000003
2021,4,28,7,30,25.51,0.16,4.1000000000000005,99,912,922,8,20.400000000000002,50.13,959,350,349,0,665,32.1,135,2.8000000000000003
2021,4,28,8,30,13.82,0.16,4.1000000000000005,102,928,1004,7,20.400000000000002,47.34,958,190,721,0,890,33.1,134,2.6
2021,4,28,9,30,13.02,0.16,4,114,915,1005,7,20.3,45.46,957,314,447,0,749,33.7,132,2.5
2021,4,28,10,30,24.2,0.16,4,107,905,933,7,20.1,44.42,956,339,396,0,700,33.9,130,2.4000000000000004
2021,4,28,11,30,37.94,0.16,4,98,876,789,7,19.900000000000002,44.34,955,274,431,0,614,33.7,127,2.4000000000000004
2021,4,28,12,30,52.230000000000004,0.16,4.1000000000000005,95,795,582,7,19.700000000000003,45.480000000000004,955,221,383,0,456,33,125,2.4000000000000004
2021,4,28,13,30,66.69,0.16,4.1000000000000005,77,669,342,7,19.6,49.32,956,178,83,0,211,31.5,124,2
2021,4,28,14,30,81.17,0.16,4.1000000000000005,45,366,101,7,21.5,63.22,957,64,15,7,66,29.200000000000003,125,1.5
2021,4,28,15,30,95.77,0.16,4.2,0,0,0,7,23.3,77.79,957,0,0,0,0,27.5,131,1.8
2021,4,28,16,30,110.2,0.16,4.2,0,0,0,8,22.3,77.97,958,0,0,0,0,26.5,137,2.7
2021,4,28,17,30,124.44,0.16,4.2,0,0,0,8,21.8,79.5,959,0,0,0,0,25.6,140,3.3000000000000003
2021,4,28,18,30,138.27,0.16,4.2,0,0,0,3,21.8,84.21000000000001,960,0,0,0,0,24.6,140,3.1
2021,4,28,19,30,151.08,0.16,4.2,0,0,0,0,22,88.88,959,0,0,0,0,23.900000000000002,139,2.5
2021,4,28,20,30,160.68,0.16,4.1000000000000005,0,0,0,0,22.200000000000003,93.08,959,0,0,0,0,23.400000000000002,137,2.1
2021,4,28,21,30,161.24,0.16,4.1000000000000005,0,0,0,0,22.400000000000002,96.06,958,0,0,0,0,23.1,136,1.9000000000000001
2021,4,28,22,30,152.20000000000002,0.16,4.1000000000000005,0,0,0,0,22.700000000000003,98.61,958,0,0,0,0,22.900000000000002,136,1.8
2021,4,28,23,30,139.56,0.16,4.1000000000000005,0,0,0,0,22.8,100,958,0,0,0,0,22.8,136,1.6
2021,4,29,0,30,125.79,0.16,4.1000000000000005,0,0,0,0,22.700000000000003,100,958,0,0,0,0,22.700000000000003,136,1.4000000000000001
2021,4,29,1,30,111.58,0.16,4.2,0,0,0,0,22.700000000000003,100,959,0,0,0,0,22.700000000000003,137,1.2000000000000002
2021,4,29,2,30,97.17,0.16,4.2,0,0,0,0,22.900000000000002,100,960,0,0,0,0,22.900000000000002,136,1.5
2021,4,29,3,30,82.56,0.16,4.3,34,389,85,1,23.3,95.75,960,34,389,0,85,24,135,2.2
2021,4,29,4,30,68.12,0.16,4.3,61,705,324,3,23.1,84.57000000000001,961,192,115,0,235,25.900000000000002,133,2.7
2021,4,29,5,30,53.660000000000004,0.16,4.3,73,831,566,0,22.3,69.99,961,73,831,0,566,28.3,131,2.8000000000000003
2021,4,29,6,30,39.37,0.16,4.4,85,887,771,0,21.400000000000002,58.58,960,85,887,0,771,30.400000000000002,130,2.7
2021,4,29,7,30,25.6,0.16,4.4,91,920,920,3,21,52.03,959,459,158,0,601,32.1,129,2.6
2021,4,29,8,30,14.05,0.16,4.4,94,935,1001,2,20.8,48.42,958,495,187,0,677,33.1,127,2.4000000000000004
2021,4,29,9,30,13.3,0.16,4.4,104,922,1001,8,20.5,46.07,957,202,738,7,920,33.7,126,2.3000000000000003
2021,4,29,10,30,24.37,0.16,4.4,103,904,927,0,20.200000000000003,44.43,956,103,904,0,927,34,126,2.3000000000000003
2021,4,29,11,30,38.050000000000004,0.16,4.5,98,868,782,8,19.900000000000002,44.07,955,186,705,7,741,33.800000000000004,126,2.4000000000000004
2021,4,29,12,30,52.300000000000004,0.16,4.5,88,805,581,7,19.6,45.14,955,271,193,0,389,33.1,126,2.4000000000000004
2021,4,29,13,30,66.74,0.16,4.5,71,685,342,7,19.5,48.57,956,156,317,0,281,31.700000000000003,127,2
2021,4,29,14,30,81.2,0.16,4.6000000000000005,41,399,102,7,21.1,59.92,956,75,54,7,83,29.700000000000003,130,1.3
2021,4,29,15,30,95.78,0.16,4.7,0,0,0,7,23.3,75.24,957,0,0,0,0,28.1,136,1.3
2021,4,29,16,30,110.18,0.16,4.7,0,0,0,7,22.400000000000002,74.84,958,0,0,0,0,27.3,141,2.1
2021,4,29,17,30,124.4,0.16,4.7,0,0,0,7,21.6,74.3,959,0,0,0,0,26.5,143,2.9000000000000004
2021,4,29,18,30,138.19,0.16,4.6000000000000005,0,0,0,7,21.1,76.79,959,0,0,0,0,25.5,142,3
2021,4,29,19,30,150.93,0.16,4.5,0,0,0,7,21.200000000000003,82.11,959,0,0,0,0,24.5,140,2.4000000000000004
2021,4,29,20,30,160.42000000000002,0.16,4.4,0,0,0,7,21.6,87.42,959,0,0,0,0,23.8,139,1.9000000000000001
2021,4,29,21,30,160.94,0.16,4.3,0,0,0,7,21.900000000000002,91.92,958,0,0,0,0,23.3,140,1.6
2021,4,29,22,30,151.98,0.16,4.2,0,0,0,1,22.200000000000003,95.84,958,0,0,0,0,22.900000000000002,142,1.4000000000000001
2021,4,29,23,30,139.41,0.16,4.2,0,0,0,0,22.400000000000002,98.7,957,0,0,0,0,22.6,146,1.4000000000000001
2021,4,30,0,30,125.68,0.16,4.1000000000000005,0,0,0,0,22.5,100,958,0,0,0,0,22.5,149,1.5
2021,4,30,1,30,111.5,0.16,4,0,0,0,0,22.400000000000002,100,958,0,0,0,0,22.400000000000002,153,1.5
2021,4,30,2,30,97.11,0.16,4,0,0,0,1,22.6,100,959,0,0,0,0,22.6,156,1.8
2021,4,30,3,30,82.53,0.16,4,37,363,84,3,22.8,94.42,959,59,7,7,60,23.700000000000003,156,2.6
2021,4,30,4,30,68.1,0.16,3.9000000000000004,68,683,322,3,22.6,82.58,959,195,120,0,240,25.8,153,3.1
2021,4,30,5,30,53.67,0.16,3.9000000000000004,83,814,565,1,21.8,68.03,960,83,814,0,565,28.3,150,3.1
2021,4,30,6,30,39.410000000000004,0.16,3.9000000000000004,92,880,772,8,20.900000000000002,56.03,959,277,437,0,615,30.700000000000003,151,3
2021,4,30,7,30,25.7,0.16,4,97,916,922,7,20.6,50.21,958,304,485,0,741,32.300000000000004,154,2.7
2021,4,30,8,30,14.280000000000001,0.16,4,97,935,1003,7,20.400000000000002,46.480000000000004,957,336,459,0,780,33.4,159,2.5
2021,4,30,9,30,13.58,0.16,4.1000000000000005,107,921,1002,2,20,43.84,957,496,174,0,665,34,160,2.3000000000000003
2021,4,30,10,30,24.53,0.16,4.1000000000000005,102,909,929,1,19.5,42.25,956,102,909,0,929,34.1,159,2.2
2021,4,30,11,30,38.15,0.16,4.2,96,874,784,3,19.1,41.93,955,346,13,0,357,33.800000000000004,156,2.1
2021,4,30,12,30,52.38,0.16,4.2,98,784,576,3,18.7,42.88,955,281,30,0,299,33,152,2.1
2021,4,30,13,30,66.79,0.16,4.3,81,648,337,7,18.6,46.17,956,6,0,0,6,31.6,149,1.7000000000000002
2021,4,30,14,30,81.22,0.16,4.3,47,336,98,6,20.6,58.35,956,31,0,0,31,29.6,145,1.2000000000000002
2021,4,30,15,30,95.78,0.16,4.4,0,0,0,6,23,74.31,957,0,0,0,0,28,142,1.4000000000000001
2021,4,30,16,30,110.17,0.16,4.4,0,0,0,6,21.8,72.88,958,0,0,0,0,27.1,141,2.1
2021,4,30,17,30,124.35000000000001,0.16,4.4,0,0,0,6,20.700000000000003,72.79,958,0,0,0,0,26,140,2.6
2021,4,30,18,30,138.1,0.16,4.3,0,0,0,7,20.200000000000003,75.27,959,0,0,0,0,24.900000000000002,140,2.5
2021,4,30,19,30,150.77,0.16,4.3,0,0,0,7,20.3,79.76,958,0,0,0,0,24,140,2.1
2021,4,30,20,30,160.15,0.16,4.3,0,0,0,7,20.6,84.59,958,0,0,0,0,23.3,142,1.9000000000000001
2021,4,30,21,30,160.64000000000001,0.16,4.3,0,0,0,7,20.8,88,957,0,0,0,0,22.900000000000002,144,1.8
2021,4,30,22,30,151.77,0.16,4.3,0,0,0,1,21.1,91.95,957,0,0,0,0,22.5,146,1.9000000000000001
2021,4,30,23,30,139.26,0.16,4.3,0,0,0,0,21.5,95.47,957,0,0,0,0,22.3,148,1.9000000000000001
2021,5,1,0,30,125.57000000000001,0.16,4.4,0,0,0,1,22,98.60000000000001,957,0,0,0,0,22.200000000000003,149,1.9000000000000001
2021,5,1,1,30,111.42,0.16,4.3,0,0,0,3,22.200000000000003,100,958,0,0,0,0,22.200000000000003,149,1.6
2021,5,1,2,30,97.05,0.16,4.3,0,0,0,7,22.400000000000002,100,958,0,0,0,0,22.400000000000002,147,1.7000000000000002
2021,5,1,3,30,82.49,0.16,4.2,38,343,83,3,22.6,94.4,959,55,2,7,56,23.6,146,2.3000000000000003
2021,5,1,4,30,68.08,0.16,4.2,70,669,319,1,22.3,81.65,960,70,669,0,319,25.700000000000003,145,2.7
2021,5,1,5,30,53.68,0.16,4.1000000000000005,84,806,561,0,20.8,63.43,960,84,806,0,561,28.400000000000002,146,2.7
2021,5,1,6,30,39.46,0.16,4.1000000000000005,93,874,768,0,18.8,49.2,959,93,874,0,768,30.700000000000003,149,2.6
2021,5,1,7,30,25.810000000000002,0.16,4.1000000000000005,99,909,918,3,18.400000000000002,43.42,959,461,156,0,602,32.4,154,2.4000000000000004
2021,5,1,8,30,14.52,0.16,4,101,928,999,3,18.2,40.38,957,473,108,0,577,33.5,160,2.3000000000000003
2021,5,1,9,30,13.86,0.16,4,100,930,1003,7,17.900000000000002,38.19,956,253,609,0,844,34.2,167,2.4000000000000004
2021,5,1,10,30,24.7,0.16,4,97,917,930,0,17.6,36.88,956,97,917,0,930,34.4,171,2.5
2021,5,1,11,30,38.26,0.16,3.9000000000000004,90,889,787,1,17.2,36.550000000000004,955,90,889,0,787,34.1,172,2.6
2021,5,1,12,30,52.45,0.16,3.9000000000000004,81,828,585,0,16.8,37.09,955,81,828,0,585,33.4,172,2.5
2021,5,1,13,30,66.84,0.16,3.8000000000000003,65,716,347,0,16.7,40.36,955,65,716,0,347,31.8,171,1.9000000000000001
2021,5,1,14,30,81.25,0.16,3.8000000000000003,38,440,105,0,19.700000000000003,55.88,956,38,440,0,105,29.400000000000002,168,1.3
2021,5,1,15,30,95.79,0.16,3.8000000000000003,0,0,0,8,21.200000000000003,68.35000000000001,957,0,0,0,0,27.6,162,1.4000000000000001
2021,5,1,16,30,110.15,0.16,3.9000000000000004,0,0,0,6,20.3,67.46000000000001,957,0,0,0,0,26.8,154,2
2021,5,1,17,30,124.3,0.16,4,0,0,0,7,19.400000000000002,66.77,958,0,0,0,0,26.1,150,2.7
2021,5,1,18,30,138.01,0.16,4.1000000000000005,0,0,0,7,19.5,70.25,959,0,0,0,0,25.3,149,2.9000000000000004
2021,5,1,19,30,150.62,0.16,4.2,0,0,0,7,20.200000000000003,77.21000000000001,959,0,0,0,0,24.5,149,2.5
2021,5,1,20,30,159.89000000000001,0.16,4.2,0,0,0,7,21,84.42,958,0,0,0,0,23.8,151,1.9000000000000001
2021,5,1,21,30,160.35,0.16,4.2,0,0,0,8,21.5,89.66,957,0,0,1,0,23.3,153,1.6
2021,5,1,22,30,151.56,0.16,4.2,0,0,0,0,21.8,93.27,957,0,0,0,0,22.900000000000002,154,1.5
2021,5,1,23,30,139.11,0.16,4.3,0,0,0,0,21.900000000000002,95.98,957,0,0,1,0,22.6,155,1.4000000000000001
2021,5,2,0,30,125.47,0.16,4.3,0,0,0,0,22.1,97.82000000000001,957,0,0,0,0,22.5,155,1.4000000000000001
2021,5,2,1,30,111.34,0.16,4.2,0,0,0,0,22.400000000000002,99.41,957,0,0,0,0,22.5,155,1.5
2021,5,2,2,30,97,0.16,4.2,0,0,0,0,22.700000000000003,99.16,958,0,0,0,0,22.8,156,1.9000000000000001
2021,5,2,3,30,82.46000000000001,0.16,4.2,36,373,85,1,23,94.54,959,36,373,0,85,23.900000000000002,160,2.6
2021,5,2,4,30,68.07000000000001,0.16,4.2,64,692,323,3,23,83.96000000000001,959,156,10,0,159,25.900000000000002,166,3.2
2021,5,2,5,30,53.69,0.16,4.3,76,824,564,3,21.700000000000003,67.05,959,305,194,0,420,28.400000000000002,172,3.2
2021,5,2,6,30,39.5,0.16,4.3,88,881,768,1,19.900000000000002,51.81,959,88,881,0,768,31,177,3.1
2021,5,2,7,30,25.91,0.16,4.3,92,918,917,1,19.3,44.62,958,92,918,0,917,32.9,181,3
2021,5,2,8,30,14.75,0.16,4.3,93,934,997,0,19,40.72,957,93,934,0,997,34.2,184,3
2021,5,2,9,30,14.13,0.16,4.3,110,912,994,2,18.7,38.43,956,500,283,0,774,34.9,186,2.9000000000000004
2021,5,2,10,30,24.86,0.16,4.2,106,899,922,1,18.5,37.52,955,106,899,0,922,35.1,187,2.8000000000000003
2021,5,2,11,30,38.36,0.16,4.2,96,871,780,8,18.3,37.68,955,238,538,7,660,34.800000000000004,187,2.6
2021,5,2,12,30,52.52,0.16,4.2,83,816,580,7,18,38.64,954,243,313,7,434,34.1,187,2.5
2021,5,2,13,30,66.88,0.16,4.2,67,700,342,7,18.1,42.09,955,6,0,0,6,32.6,187,1.9000000000000001
2021,5,2,14,30,81.27,0.16,4.3,39,414,102,7,20.400000000000002,55.11,955,3,0,0,3,30.400000000000002,186,1.2000000000000002
2021,5,2,15,30,95.79,0.16,4.4,0,0,0,8,23,71.45,956,0,0,0,0,28.700000000000003,180,1.2000000000000002
2021,5,2,16,30,110.13,0.16,4.5,0,0,0,6,22.1,70.73,957,0,0,0,0,27.900000000000002,172,1.8
2021,5,2,17,30,124.25,0.16,4.5,0,0,0,7,21.1,69.84,958,0,0,0,0,27.1,167,2.5
2021,5,2,18,30,137.92000000000002,0.16,4.6000000000000005,0,0,0,0,20.700000000000003,71.86,958,0,0,0,0,26.200000000000003,166,2.8000000000000003
2021,5,2,19,30,150.46,0.16,4.6000000000000005,0,0,0,7,20.8,76.3,958,0,0,0,0,25.3,167,2.4000000000000004
2021,5,2,20,30,159.63,0.16,4.6000000000000005,0,0,0,7,21.200000000000003,82.10000000000001,958,0,0,0,0,24.5,168,1.9000000000000001
2021,5,2,21,30,160.06,0.16,4.6000000000000005,0,0,0,7,21.6,86.42,957,0,0,0,0,24,170,1.6
2021,5,2,22,30,151.36,0.16,4.6000000000000005,0,0,0,7,21.8,89.77,957,0,0,0,0,23.6,173,1.6
2021,5,2,23,30,138.97,0.16,4.5,0,0,0,7,22,93.04,957,0,0,0,0,23.200000000000003,177,1.6
2021,5,3,0,30,125.36,0.15,4.4,0,0,0,7,22.200000000000003,95.82000000000001,957,0,0,0,0,22.900000000000002,183,1.6
2021,5,3,1,30,111.26,0.15,4.4,0,0,0,7,22.3,98.32000000000001,957,0,0,0,0,22.6,187,1.7000000000000002
2021,5,3,2,30,96.95,0.15,4.3,0,0,0,7,22.400000000000002,98.16,957,0,0,0,0,22.700000000000003,191,2.1
2021,5,3,3,30,82.42,0.15,4.2,37,356,84,3,22.5,90.86,958,56,2,7,56,24.1,197,3.1
2021,5,3,4,30,68.06,0.15,4.2,66,684,322,3,22.200000000000003,76.59,958,184,28,0,194,26.700000000000003,203,3.7
2021,5,3,5,30,53.7,0.15,4.3,79,815,562,3,21.5,62.92,959,313,136,0,394,29.3,207,3.4000000000000004
2021,5,3,6,30,39.550000000000004,0.15,4.3,87,881,766,3,21,54.31,958,312,5,0,316,31.3,210,2.9000000000000004
2021,5,3,7,30,26.02,0.15,4.4,92,915,914,7,20.6,48.38,958,293,492,0,735,32.9,213,2.6
2021,5,3,8,30,14.98,0.15,4.4,93,932,993,3,20.1,44.52,957,474,165,0,633,33.9,217,2.5
2021,5,3,9,30,14.4,0.15,4.5,92,932,995,7,19.700000000000003,42.04,956,204,677,0,860,34.5,222,2.5
2021,5,3,10,30,25.02,0.15,4.7,89,917,920,8,19.5,41.34,955,218,658,7,814,34.5,226,2.6
2021,5,3,11,30,38.46,0.15,4.800000000000001,85,884,777,1,19.400000000000002,43.12,955,85,884,0,777,33.7,227,2.6
2021,5,3,12,30,52.58,0.15,5,94,778,567,0,19.6,47.18,955,94,778,0,567,32.300000000000004,225,2.6
2021,5,3,13,30,66.92,0.15,5.2,78,642,330,7,20.200000000000003,54.19,955,169,254,0,269,30.5,217,2.1
2021,5,3,14,30,81.29,0.15,5.4,46,330,96,7,21.8,66.81,956,28,0,0,28,28.6,203,1.5
2021,5,3,15,30,95.79,0.15,5.6000000000000005,0,0,0,7,23.1,78.68,957,0,0,0,0,27.1,185,1.3
2021,5,3,16,30,110.10000000000001,0.15,5.7,0,0,0,7,23.400000000000002,85.02,957,0,0,0,0,26.1,171,1.3
2021,5,3,17,30,124.2,0.15,5.800000000000001,0,0,0,9,23.5,89.49,957,0,0,0,0,25.400000000000002,165,1.4000000000000001
2021,5,3,18,30,137.83,0.15,5.9,0,0,0,9,23.6,92.87,957,0,0,0,0,24.8,164,1.6
2021,5,3,19,30,150.3,0.15,6,0,0,0,9,23.6,95.14,957,0,0,0,0,24.400000000000002,167,2.1
2021,5,3,20,30,159.37,0.15,6,0,0,0,6,23.700000000000003,97.57000000000001,957,0,0,0,0,24.1,169,2.5
2021,5,3,21,30,159.78,0.15,6,0,0,0,7,23.900000000000002,99.31,956,0,0,0,0,24,166,2.6
2021,5,3,22,30,151.15,0.15,5.800000000000001,0,0,0,7,23.900000000000002,100,956,0,0,0,0,23.900000000000002,157,2.6
2021,5,3,23,30,138.83,0.15,5.6000000000000005,0,0,0,6,23.8,100,956,0,0,0,0,23.8,145,2.7
2021,5,4,0,30,125.26,0.15,5.4,0,0,0,7,23.6,100,956,0,0,0,0,23.6,135,2.5
2021,5,4,1,30,111.19,0.15,5.300000000000001,0,0,0,7,23.200000000000003,100,957,0,0,0,0,23.200000000000003,130,2
2021,5,4,2,30,96.9,0.15,5.300000000000001,0,0,0,7,23.1,100,958,0,0,0,0,23.1,135,1.3
2021,5,4,3,30,82.4,0.15,5.300000000000001,29,457,89,8,23.3,98.86,959,49,8,7,50,23.5,161,1.1
2021,5,4,4,30,68.05,0.15,5.2,49,739,325,7,23.1,93.99,960,6,0,0,6,24.1,183,1.7000000000000002
2021,5,4,5,30,53.72,0.15,5.2,59,849,561,3,22.700000000000003,88.23,960,196,1,0,197,24.8,185,2.2
2021,5,4,6,30,39.6,0.15,5.2,91,865,757,0,22.3,81.37,960,91,865,0,757,25.700000000000003,186,2.5
2021,5,4,7,30,26.13,0.15,5.2,94,904,905,1,21.8,74.94,960,94,904,0,905,26.6,195,2.5
2021,5,4,8,30,15.21,0.15,5.1000000000000005,94,923,985,3,21.3,69.78,959,343,2,0,344,27.3,212,2.5
2021,5,4,9,30,14.67,0.15,5.1000000000000005,116,892,980,3,20.8,64.03,958,472,154,0,621,28.3,226,2.6
2021,5,4,10,30,25.18,0.15,5,107,886,909,0,20.6,59.120000000000005,957,107,886,0,909,29.400000000000002,232,2.6
2021,5,4,11,30,38.56,0.15,4.9,97,860,770,7,20.400000000000002,56.71,956,242,525,0,653,29.900000000000002,230,2.5
2021,5,4,12,30,52.65,0.15,4.800000000000001,84,805,572,3,20.200000000000003,56.42,956,266,25,0,281,29.8,226,2.4000000000000004
2021,5,4,13,30,66.96000000000001,0.15,4.800000000000001,67,690,337,0,20.1,59.300000000000004,956,67,690,0,337,28.8,221,2
2021,5,4,14,30,81.31,0.15,4.7,39,409,101,0,20.900000000000002,69.73,957,39,409,1,101,26.900000000000002,218,1.3
2021,5,4,15,30,95.79,0.15,4.7,0,0,0,3,22.700000000000003,85.33,957,0,0,0,0,25.3,214,1
2021,5,4,16,30,110.08,0.15,4.7,0,0,0,8,22.200000000000003,86.10000000000001,958,0,0,0,0,24.700000000000003,210,1.1
2021,5,4,17,30,124.15,0.15,4.7,0,0,0,7,21.8,86.44,958,0,0,0,0,24.200000000000003,207,1.2000000000000002
2021,5,4,18,30,137.73,0.15,4.7,0,0,0,7,21.400000000000002,87.08,958,0,0,0,0,23.700000000000003,205,1.3
2021,5,4,19,30,150.14000000000001,0.15,4.7,0,0,0,6,21.1,87.56,958,0,0,0,0,23.3,203,1.4000000000000001
2021,5,4,20,30,159.12,0.15,4.7,0,0,0,7,20.900000000000002,89.07000000000001,958,0,0,1,0,22.8,202,1.5
2021,5,4,21,30,159.5,0.15,4.7,0,0,0,3,20.8,90.83,957,0,0,0,0,22.400000000000002,204,1.5
2021,5,4,22,30,150.95000000000002,0.15,4.7,0,0,0,0,20.900000000000002,93.13,957,0,0,0,0,22.1,209,1.5
2021,5,4,23,30,138.69,0.15,4.7,0,0,0,0,21.1,95.51,957,0,0,0,0,21.900000000000002,218,1.5
2021,5,5,0,30,125.16,0.14,4.7,0,0,0,7,21.400000000000002,97.4,957,0,0,0,0,21.8,229,1.5
2021,5,5,1,30,111.12,0.14,4.7,0,0,0,7,21.5,99.05,958,0,0,0,0,21.700000000000003,239,1.6
2021,5,5,2,30,96.85000000000001,0.14,4.6000000000000005,0,0,0,7,21.6,98.31,958,0,0,0,0,21.900000000000002,246,1.8
2021,5,5,3,30,82.37,0.14,4.6000000000000005,38,351,84,8,21.700000000000003,92.29,959,57,15,7,59,23,246,2.4000000000000004
2021,5,5,4,30,68.05,0.14,4.5,66,679,320,3,21.6,80.4,959,186,34,0,198,25.200000000000003,241,3
2021,5,5,5,30,53.74,0.14,4.4,79,813,560,3,21,67.39,959,289,58,0,323,27.6,239,3.1
2021,5,5,6,30,39.660000000000004,0.14,4.4,85,881,764,1,20.6,58.51,959,85,881,0,764,29.6,240,2.9000000000000004
2021,5,5,7,30,26.25,0.14,4.5,89,917,911,1,20.3,53.13,958,89,917,0,911,30.900000000000002,240,2.5
2021,5,5,8,30,15.44,0.14,4.5,90,933,989,0,20,50.03,958,90,933,0,989,31.700000000000003,237,2.3000000000000003
2021,5,5,9,30,14.93,0.14,4.6000000000000005,89,934,992,3,19.900000000000002,49.120000000000005,957,459,85,0,541,31.900000000000002,233,2.3000000000000003
2021,5,5,10,30,25.34,0.14,4.7,86,921,918,8,19.900000000000002,49.53,956,379,263,0,617,31.700000000000003,230,2.3000000000000003
2021,5,5,11,30,38.660000000000004,0.14,4.800000000000001,80,891,775,7,19.900000000000002,50.7,956,323,259,1,525,31.3,228,2.3000000000000003
2021,5,5,12,30,52.71,0.14,4.9,86,799,570,7,19.900000000000002,52.99,956,247,141,0,332,30.6,223,2.3000000000000003
2021,5,5,13,30,67,0.14,5,71,673,334,7,20.3,58.32,956,158,275,0,265,29.3,217,1.9000000000000001
2021,5,5,14,30,81.32000000000001,0.14,5.1000000000000005,41,379,99,8,21.700000000000003,70.37,957,68,32,7,73,27.6,209,1.5
2021,5,5,15,30,95.78,0.14,5.1000000000000005,0,0,0,7,22.900000000000002,82.16,957,0,0,0,0,26.200000000000003,203,1.6
2021,5,5,16,30,110.05,0.14,5.1000000000000005,0,0,0,7,22.700000000000003,84.11,958,0,0,1,0,25.6,200,2
2021,5,5,17,30,124.09,0.14,5.2,0,0,0,8,22.700000000000003,87.27,959,0,0,0,0,25,198,2.4000000000000004
2021,5,5,18,30,137.63,0.14,5.1000000000000005,0,0,0,6,22.8,91.01,959,0,0,0,0,24.400000000000002,196,2.5
2021,5,5,19,30,149.98,0.14,5.1000000000000005,0,0,0,7,22.900000000000002,94.09,959,0,0,0,0,23.900000000000002,194,2.6
2021,5,5,20,30,158.86,0.14,5.1000000000000005,0,0,0,7,22.900000000000002,96.17,959,0,0,0,0,23.5,192,2.6
2021,5,5,21,30,159.23,0.14,5.1000000000000005,0,0,0,7,22.700000000000003,97.81,958,0,0,0,0,23.1,191,2.5
2021,5,5,22,30,150.76,0.14,5.1000000000000005,0,0,0,5,22.6,99.03,958,0,0,0,0,22.8,191,2.3000000000000003
2021,5,5,23,30,138.55,0.14,5.1000000000000005,0,0,0,4,22.6,100,958,0,0,0,0,22.6,192,2.2
2021,5,6,0,30,125.07000000000001,0.14,5.1000000000000005,0,0,0,4,22.5,100,958,0,0,0,0,22.5,197,2
2021,5,6,1,30,111.05,0.14,5.1000000000000005,0,0,0,4,22.400000000000002,100,959,0,0,0,0,22.400000000000002,204,2.1
2021,5,6,2,30,96.8,0.14,5.1000000000000005,0,0,0,4,22.5,100,959,0,0,0,0,22.5,213,2.5
2021,5,6,3,30,82.35000000000001,0.14,5.1000000000000005,41,309,82,7,22.5,97.68,960,15,0,7,15,22.900000000000002,219,3.3000000000000003
2021,5,6,4,30,68.04,0.14,5.1000000000000005,75,633,312,4,22.3,91.07000000000001,961,87,0,0,87,23.8,223,4.1000000000000005
2021,5,6,5,30,53.77,0.14,5.1000000000000005,92,773,549,8,21.700000000000003,80.3,961,262,140,0,345,25.3,225,4.4
2021,5,6,6,30,39.72,0.14,5.1000000000000005,101,844,751,8,21.1,70.78,961,328,242,0,514,26.900000000000002,224,4.5
2021,5,6,7,30,26.36,0.14,5.2,103,888,898,7,21,64.99,960,389,270,0,632,28.200000000000003,221,4.4
2021,5,6,8,30,15.67,0.14,5.2,103,908,977,7,20.900000000000002,61.74,959,408,204,0,604,29,220,4.1000000000000005
2021,5,6,9,30,15.19,0.14,5.2,103,909,980,7,20.900000000000002,60.120000000000005,958,394,263,1,647,29.400000000000002,219,3.7
2021,5,6,10,30,25.490000000000002,0.14,5.300000000000001,101,893,906,7,20.8,60.69,958,302,7,0,309,29.200000000000003,217,3.3000000000000003
2021,5,6,11,30,38.75,0.14,5.300000000000001,95,859,765,9,20.8,62.43,957,38,0,0,38,28.700000000000003,215,2.9000000000000004
2021,5,6,12,30,52.77,0.14,5.300000000000001,85,797,567,7,20.900000000000002,65.36,957,232,296,0,411,28,213,2.6
2021,5,6,13,30,67.03,0.14,5.300000000000001,69,677,333,7,21.1,70.31,958,158,200,0,237,27,209,2
2021,5,6,14,30,81.34,0.14,5.300000000000001,40,393,99,7,22,80.66,958,63,14,7,65,25.6,205,1.4000000000000001
2021,5,6,15,30,95.78,0.14,5.300000000000001,0,0,0,9,22.700000000000003,88.97,959,0,0,0,0,24.6,203,1.4000000000000001
2021,5,6,16,30,110.02,0.14,5.2,0,0,0,6,22.3,89.3,960,0,0,0,0,24.200000000000003,201,1.9000000000000001
2021,5,6,17,30,124.03,0.14,5.1000000000000005,0,0,0,7,22.1,90.59,960,0,0,0,0,23.700000000000003,200,2.3000000000000003
2021,5,6,18,30,137.54,0.14,5,0,0,0,7,22,92.92,960,0,0,0,0,23.200000000000003,200,2.6
2021,5,6,19,30,149.82,0.14,5,0,0,0,7,22,95.93,960,0,0,0,0,22.700000000000003,200,2.7
2021,5,6,20,30,158.61,0.14,4.9,0,0,0,7,22.1,98.65,960,0,0,0,0,22.3,200,2.5
2021,5,6,21,30,158.96,0.14,4.800000000000001,0,0,0,7,22,100,959,0,0,0,0,22,200,2.1
2021,5,6,22,30,150.56,0.14,4.7,0,0,0,8,21.900000000000002,100,959,0,0,0,0,21.900000000000002,201,1.9000000000000001
2021,5,6,23,30,138.42000000000002,0.14,4.6000000000000005,0,0,0,8,21.8,100,959,0,0,0,0,21.8,204,1.9000000000000001
2021,5,7,0,30,124.97,0.15,4.6000000000000005,0,0,0,8,21.700000000000003,100,959,0,0,0,0,21.700000000000003,209,2.2
2021,5,7,1,30,110.99000000000001,0.15,4.6000000000000005,0,0,0,8,21.700000000000003,100,959,0,0,0,0,21.700000000000003,215,2.7
2021,5,7,2,30,96.76,0.15,4.6000000000000005,0,0,0,8,21.700000000000003,99.58,960,0,0,1,0,21.8,219,3.2
2021,5,7,3,30,82.33,0.15,4.7,35,391,87,3,21.700000000000003,95.49,960,54,2,7,54,22.5,220,3.8000000000000003
2021,5,7,4,30,68.04,0.15,4.7,62,693,321,3,21.5,86.11,961,151,9,0,154,24,220,4.4
2021,5,7,5,30,53.79,0.15,4.7,77,814,558,8,21,73.39,961,258,128,0,333,26.1,218,4.3
2021,5,7,6,30,39.78,0.15,4.800000000000001,85,876,759,8,20.700000000000003,63.83,961,316,103,1,395,28.200000000000003,215,4
2021,5,7,7,30,26.48,0.15,4.800000000000001,90,910,905,8,20.6,58.2,961,342,369,0,672,29.700000000000003,212,3.6
2021,5,7,8,30,15.9,0.15,4.9,93,924,982,7,20.5,54.6,960,283,527,0,790,30.700000000000003,210,3.2
2021,5,7,9,30,15.44,0.15,4.9,94,923,984,8,20.400000000000002,52.97,959,423,117,0,536,31.1,209,2.8000000000000003
2021,5,7,10,30,25.64,0.15,5,91,909,911,7,20.3,53.300000000000004,958,243,575,0,761,30.900000000000002,206,2.5
2021,5,7,11,30,38.85,0.15,5.1000000000000005,86,876,768,7,20.3,55.07,958,284,324,0,537,30.3,201,2.2
2021,5,7,12,30,52.83,0.15,5.2,88,790,565,6,20.400000000000002,58.7,958,221,24,0,236,29.3,195,1.9000000000000001
2021,5,7,13,30,67.07000000000001,0.15,5.300000000000001,73,662,331,6,20.900000000000002,64.83,959,75,1,0,76,28.1,187,1.5
2021,5,7,14,30,81.35000000000001,0.15,5.300000000000001,42,369,97,9,22.1,76.47,959,3,0,0,3,26.6,179,1.2000000000000002
2021,5,7,15,30,95.77,0.15,5.300000000000001,0,0,0,9,23.400000000000002,87.99,960,0,0,0,0,25.5,172,1.2000000000000002
2021,5,7,16,30,109.99000000000001,0.15,5.300000000000001,0,0,0,6,22.900000000000002,89.13,960,0,0,0,0,24.8,166,1.8
2021,5,7,17,30,123.97,0.15,5.300000000000001,0,0,0,6,22.6,91.06,961,0,0,0,0,24.200000000000003,165,2.5
2021,5,7,18,30,137.43,0.15,5.300000000000001,0,0,0,6,22.8,95.10000000000001,961,0,0,0,0,23.6,167,2.9000000000000004
2021,5,7,19,30,149.65,0.15,5.4,0,0,0,6,23,98.7,961,0,0,0,0,23.200000000000003,172,2.8000000000000003
2021,5,7,20,30,158.36,0.15,5.4,0,0,0,7,23,100,960,0,0,0,0,23,180,2.5
2021,5,7,21,30,158.70000000000002,0.15,5.4,0,0,0,7,22.900000000000002,100,960,0,0,0,0,22.900000000000002,187,2.3000000000000003
2021,5,7,22,30,150.37,0.15,5.4,0,0,0,7,22.700000000000003,100,959,0,0,0,0,22.700000000000003,193,2.1
2021,5,7,23,30,138.29,0.15,5.4,0,0,0,8,22.6,100,959,0,0,0,0,22.6,196,1.9000000000000001
2021,5,8,0,30,124.88000000000001,0.15,5.4,0,0,0,5,22.5,100,959,0,0,0,0,22.5,198,1.7000000000000002
2021,5,8,1,30,110.93,0.15,5.4,0,0,0,3,22.5,100,960,0,0,0,0,22.5,202,1.7000000000000002
2021,5,8,2,30,96.72,0.15,5.300000000000001,0,0,0,8,22.6,100,960,0,0,0,0,22.6,208,2.1
2021,5,8,3,30,82.31,0.15,5.300000000000001,32,424,89,0,22.8,97.82000000000001,961,32,424,0,89,23.200000000000003,216,3.3000000000000003
2021,5,8,4,30,68.05,0.15,5.2,56,715,323,0,22.700000000000003,89.7,961,56,715,0,323,24.5,221,4.5
2021,5,8,5,30,53.82,0.15,5.1000000000000005,69,829,558,0,22,77.14,961,69,829,0,558,26.3,225,4.9
2021,5,8,6,30,39.84,0.15,5.1000000000000005,78,886,758,7,21.6,67.66,961,138,726,0,695,28.1,229,4.5
2021,5,8,7,30,26.6,0.15,5.2,84,915,902,7,21.5,62.45,960,212,628,0,774,29.400000000000002,232,4.1000000000000005
2021,5,8,8,30,16.13,0.15,5.300000000000001,88,927,978,7,21.400000000000002,58.59,959,240,600,0,816,30.400000000000002,237,3.5
2021,5,8,9,30,15.69,0.15,5.300000000000001,91,924,980,7,21.1,56.74,958,292,515,0,788,30.700000000000003,245,2.8000000000000003
2021,5,8,10,30,25.79,0.15,5.4,89,909,907,7,20.6,56.6,957,267,495,0,713,30.200000000000003,252,2.2
2021,5,8,11,30,38.94,0.15,5.5,84,877,766,7,20.5,59.89,957,282,393,0,588,29.1,252,1.7000000000000002
2021,5,8,12,30,52.89,0.15,5.5,77,815,569,7,20.8,65.84,958,235,292,0,411,27.8,249,1.1
2021,5,8,13,30,67.1,0.15,5.6000000000000005,63,698,335,7,21.400000000000002,73.85000000000001,958,164,193,0,239,26.400000000000002,263,0.4
2021,5,8,14,30,81.36,0.15,5.7,38,413,100,7,22.1,82.44,959,62,13,7,64,25.3,160,0.30000000000000004
2021,5,8,15,30,95.76,0.15,5.800000000000001,0,0,0,7,22.400000000000002,88.81,960,0,0,0,0,24.400000000000002,38,0.7000000000000001
2021,5,8,16,30,109.95,0.15,5.800000000000001,0,0,0,7,22.700000000000003,92.8,961,0,0,0,0,23.900000000000002,30,1
2021,5,8,17,30,123.91,0.15,5.800000000000001,0,0,0,6,22.8,96.12,961,0,0,0,0,23.5,21,1
2021,5,8,18,30,137.33,0.15,5.7,0,0,0,6,23,98.18,961,0,0,0,0,23.3,16,0.8
2021,5,8,19,30,149.49,0.15,5.5,0,0,0,6,23.1,99.7,962,0,0,0,0,23.1,12,0.5
2021,5,8,20,30,158.12,0.15,5.300000000000001,0,0,0,7,22.900000000000002,100,961,0,0,0,0,22.900000000000002,130,0.30000000000000004
2021,5,8,21,30,158.44,0.15,5.1000000000000005,0,0,0,7,22.700000000000003,100,960,0,0,0,0,22.700000000000003,234,0.4
2021,5,8,22,30,150.19,0.15,5,0,0,0,7,22.400000000000002,100,960,0,0,0,0,22.400000000000002,217,0.8
2021,5,8,23,30,138.16,0.15,4.9,0,0,0,7,22.200000000000003,100,959,0,0,0,0,22.200000000000003,218,1.3
2021,5,9,0,30,124.79,0.15,4.800000000000001,0,0,0,7,22.1,100,959,0,0,0,0,22.1,221,2.1
2021,5,9,1,30,110.87,0.15,4.7,0,0,0,7,22,100,959,0,0,0,0,22,224,2.8000000000000003
2021,5,9,2,30,96.69,0.15,4.6000000000000005,0,0,0,6,22,100,960,0,0,0,0,22,228,3
2021,5,9,3,30,82.29,0.15,4.5,32,430,90,6,22.3,99.55,960,13,0,7,13,22.400000000000002,232,3.3000000000000003
2021,5,9,4,30,68.05,0.15,4.5,57,715,325,7,22.5,94.71000000000001,960,164,62,0,187,23.400000000000002,236,3.7
2021,5,9,5,30,53.85,0.15,4.6000000000000005,71,829,559,7,22.6,86,961,239,203,0,359,25.1,239,4.1000000000000005
2021,5,9,6,30,39.910000000000004,0.15,4.6000000000000005,79,888,760,7,22.400000000000002,75.79,961,300,297,0,528,27,242,3.9000000000000004
2021,5,9,7,30,26.72,0.15,4.7,83,919,904,7,22,68.91,960,358,324,0,648,28.3,241,3.4000000000000004
2021,5,9,8,30,16.36,0.15,4.800000000000001,85,933,981,7,21.8,64.74,959,395,251,0,636,29.1,240,2.9000000000000004
2021,5,9,9,30,15.93,0.15,4.9,98,916,979,7,21.400000000000002,62.97,958,409,226,0,627,29.200000000000003,240,2.6
2021,5,9,10,30,25.94,0.15,5,94,902,906,7,21.200000000000003,62.83,958,404,183,0,568,29,241,2.5
2021,5,9,11,30,39.03,0.15,5.1000000000000005,90,868,764,7,21.1,64.13,957,278,411,0,597,28.5,240,2.5
2021,5,9,12,30,52.94,0.15,5.2,93,775,560,0,21.200000000000003,67.95,958,93,775,0,560,27.6,234,2.3000000000000003
2021,5,9,13,30,67.13,0.15,5.300000000000001,76,648,328,7,21.6,74.8,958,153,289,0,265,26.400000000000002,224,1.9000000000000001
2021,5,9,14,30,81.37,0.15,5.300000000000001,43,349,96,7,22.400000000000002,85.2,959,49,4,7,49,25.1,211,1.5
2021,5,9,15,30,95.74000000000001,0.15,5.300000000000001,0,0,0,9,23.1,93.87,959,0,0,0,0,24.1,199,1.5
2021,5,9,16,30,109.92,0.15,5.300000000000001,0,0,0,9,22.700000000000003,95.52,960,0,0,0,0,23.5,191,1.8
2021,5,9,17,30,123.84,0.15,5.2,0,0,0,9,22.5,96.91,960,0,0,0,0,23,188,2
2021,5,9,18,30,137.23,0.15,5.2,0,0,0,9,22.3,98.41,961,0,0,0,0,22.6,186,2.1
2021,5,9,19,30,149.33,0.15,5.1000000000000005,0,0,0,6,22.200000000000003,100,961,0,0,0,0,22.200000000000003,185,2.1
2021,5,9,20,30,157.88,0.15,5.1000000000000005,0,0,0,6,22,100,960,0,0,0,0,22,185,2.1
2021,5,9,21,30,158.19,0.15,5.1000000000000005,0,0,0,7,21.700000000000003,100,960,0,0,0,0,21.700000000000003,186,2.2
2021,5,9,22,30,150.01,0.15,5,0,0,0,7,21.6,100,959,0,0,0,0,21.6,189,2.4000000000000004
2021,5,9,23,30,138.04,0.15,5,0,0,0,7,21.5,100,959,0,0,0,0,21.5,192,2.6
2021,5,10,0,30,124.71000000000001,0.15,5,0,0,0,7,21.5,100,960,0,0,0,0,21.5,196,2.6
2021,5,10,1,30,110.81,0.15,4.9,0,0,0,7,21.6,100,960,0,0,0,0,21.6,199,2.6
2021,5,10,2,30,96.65,0.15,4.9,0,0,0,7,21.700000000000003,100,961,0,0,0,0,21.700000000000003,202,2.8000000000000003
2021,5,10,3,30,82.28,0.15,4.9,38,347,85,7,22.200000000000003,98.59,961,19,0,7,19,22.400000000000002,203,3.5
2021,5,10,4,30,68.06,0.15,4.800000000000001,69,662,316,8,22.6,93.92,962,88,4,0,89,23.6,202,4.3
2021,5,10,5,30,53.88,0.15,4.800000000000001,85,791,551,7,22.400000000000002,84.77,962,180,498,0,474,25.1,202,4.7
2021,5,10,6,30,39.97,0.15,4.800000000000001,96,854,750,7,21.6,74.97,962,286,373,0,572,26.400000000000002,201,4.5
2021,5,10,7,30,26.85,0.15,4.800000000000001,104,886,895,7,21.200000000000003,68.93,962,348,312,0,626,27.400000000000002,202,4.3
2021,5,10,8,30,16.580000000000002,0.15,4.9,109,898,970,8,21,65.75,961,388,286,0,662,28,205,4.1000000000000005
2021,5,10,9,30,16.17,0.15,4.9,109,899,973,8,20.900000000000002,64.2,960,401,270,0,661,28.3,209,4
2021,5,10,10,30,26.080000000000002,0.15,4.9,106,885,901,7,20.900000000000002,64.06,959,393,191,0,565,28.3,213,3.7
2021,5,10,11,30,39.12,0.15,4.9,99,851,760,7,20.900000000000002,64.79,959,317,178,0,456,28.1,214,3.3000000000000003
2021,5,10,12,30,52.99,0.15,4.9,89,788,563,7,20.900000000000002,66.82000000000001,959,264,194,0,380,27.6,211,2.8000000000000003
2021,5,10,13,30,67.16,0.15,4.9,72,666,330,7,21,71.3,959,162,43,0,179,26.6,201,2
2021,5,10,14,30,81.37,0.15,4.9,41,376,98,7,21.900000000000002,82.8,960,61,14,7,63,25,184,1.2000000000000002
2021,5,10,15,30,95.73,0.15,4.9,0,0,0,7,22.700000000000003,93.69,961,0,0,0,0,23.8,166,0.9
2021,5,10,16,30,109.88,0.15,4.9,0,0,0,7,22.400000000000002,94.48,962,0,0,0,0,23.3,157,1.1
2021,5,10,17,30,123.78,0.15,4.9,0,0,0,7,22,95.47,962,0,0,0,0,22.8,155,1.1
2021,5,10,18,30,137.13,0.15,4.800000000000001,0,0,0,7,21.8,96.46000000000001,962,0,0,0,0,22.400000000000002,154,1.1
2021,5,10,19,30,149.17000000000002,0.15,4.800000000000001,0,0,0,7,21.700000000000003,98.02,962,0,0,0,0,22,151,1.1
2021,5,10,20,30,157.64000000000001,0.15,4.800000000000001,0,0,0,7,21.6,99.37,962,0,0,0,0,21.700000000000003,151,1
2021,5,10,21,30,157.94,0.15,4.9,0,0,0,7,21.400000000000002,100,961,0,0,0,0,21.400000000000002,154,1
2021,5,10,22,30,149.83,0.15,4.9,0,0,0,7,21.200000000000003,100,961,0,0,0,0,21.200000000000003,161,1
2021,5,10,23,30,137.92000000000002,0.15,4.9,0,0,0,7,21.3,100,960,0,0,0,0,21.3,172,1
2021,5,11,0,30,124.63000000000001,0.15,4.9,0,0,0,8,21.400000000000002,100,960,0,0,0,0,21.400000000000002,185,1.3
2021,5,11,1,30,110.76,0.15,4.800000000000001,0,0,0,4,21.700000000000003,100,961,0,0,0,0,21.700000000000003,197,1.8
2021,5,11,2,30,96.62,0.15,4.800000000000001,0,0,0,0,22,100,961,0,0,0,0,22,206,2.7
2021,5,11,3,30,82.27,0.15,4.800000000000001,37,367,86,0,22.6,98.62,961,37,367,0,86,22.8,211,3.9000000000000004
2021,5,11,4,30,68.07000000000001,0.15,4.7,67,669,317,0,22.8,91.95,961,67,669,0,317,24.200000000000003,213,4.9
2021,5,11,5,30,53.92,0.15,4.800000000000001,84,792,550,0,22.5,82.57000000000001,962,84,792,0,550,25.700000000000003,215,5.5
2021,5,11,6,30,40.04,0.15,4.800000000000001,99,848,748,0,22.1,74.46000000000001,962,99,848,0,748,27,216,5.6000000000000005
2021,5,11,7,30,26.97,0.15,4.800000000000001,106,883,893,0,21.900000000000002,69.7,961,106,883,0,893,27.900000000000002,217,5.5
2021,5,11,8,30,16.81,0.15,4.800000000000001,111,897,969,1,21.700000000000003,66.62,961,111,897,0,969,28.5,218,5.300000000000001
2021,5,11,9,30,16.4,0.15,4.800000000000001,117,889,970,3,21.5,64.3,960,448,39,0,485,28.900000000000002,219,5.2
2021,5,11,10,30,26.22,0.15,4.800000000000001,117,869,896,2,21.3,62.800000000000004,959,466,240,0,682,29.1,219,5
2021,5,11,11,30,39.2,0.15,4.800000000000001,111,829,754,3,21.1,61.96,959,315,5,0,319,29.1,218,4.6000000000000005
2021,5,11,12,30,53.04,0.15,4.800000000000001,101,759,557,3,20.900000000000002,62.71,959,173,0,1,173,28.700000000000003,214,4
2021,5,11,13,30,67.18,0.15,4.800000000000001,82,626,325,3,21,67.45,959,121,1,0,121,27.6,206,2.9000000000000004
2021,5,11,14,30,81.38,0.15,4.800000000000001,46,320,94,7,22.1,79.45,960,15,0,7,15,25.900000000000002,194,1.9000000000000001
2021,5,11,15,30,95.71000000000001,0.15,4.800000000000001,0,0,0,7,22.3,86.03,960,0,0,0,0,24.8,184,1.8
2021,5,11,16,30,109.84,0.15,4.800000000000001,0,0,0,7,22,87.13,961,0,0,0,0,24.3,179,2.1
2021,5,11,17,30,123.71000000000001,0.15,4.800000000000001,0,0,0,7,21.8,88.65,962,0,0,0,0,23.8,176,2.3000000000000003
2021,5,11,18,30,137.02,0.15,4.800000000000001,0,0,0,7,21.700000000000003,90.77,962,0,0,0,0,23.3,175,2.4000000000000004
2021,5,11,19,30,149,0.15,4.7,0,0,0,7,21.700000000000003,94.27,962,0,0,0,0,22.700000000000003,174,2.3000000000000003
2021,5,11,20,30,157.4,0.15,4.7,0,0,0,7,21.8,96.92,962,0,0,0,0,22.3,175,2.3000000000000003
2021,5,11,21,30,157.70000000000002,0.15,4.6000000000000005,0,0,0,7,21.900000000000002,99.86,961,0,0,0,0,21.900000000000002,182,2.4000000000000004
2021,5,11,22,30,149.65,0.15,4.6000000000000005,0,0,0,7,21.8,100,961,0,0,0,0,21.8,191,2.5
2021,5,11,23,30,137.8,0.15,4.5,0,0,0,7,21.700000000000003,100,961,0,0,0,0,21.700000000000003,201,2.8000000000000003
2021,5,12,0,30,124.55,0.15,4.5,0,0,0,8,21.6,100,961,0,0,0,0,21.6,209,3.2
2021,5,12,1,30,110.7,0.15,4.5,0,0,0,8,21.400000000000002,100,962,0,0,0,0,21.400000000000002,215,3.4000000000000004
2021,5,12,2,30,96.59,0.15,4.5,0,0,0,8,21.400000000000002,100,962,0,0,0,0,21.400000000000002,219,3.7
2021,5,12,3,30,82.26,0.15,4.5,52,179,76,7,21.3,93.86,963,21,0,7,21,22.3,220,4.6000000000000005
2021,5,12,4,30,68.08,0.15,4.5,102,528,299,8,21.1,84.08,963,180,97,0,216,24,217,5.7
2021,5,12,5,30,53.96,0.15,4.5,118,711,536,7,20.8,73.49,963,256,265,0,412,25.900000000000002,216,6.1000000000000005
2021,5,12,6,30,40.11,0.15,4.5,121,809,740,7,20.400000000000002,65.1,962,215,590,0,666,27.5,218,6
2021,5,12,7,30,27.1,0.15,4.5,124,858,887,7,20.1,59.03,961,233,616,0,782,28.900000000000002,219,5.800000000000001
2021,5,12,8,30,17.03,0.15,4.5,125,878,965,7,19.900000000000002,55.120000000000005,961,290,497,0,765,29.900000000000002,222,5.5
2021,5,12,9,30,16.63,0.15,4.5,124,881,968,7,19.700000000000003,52.870000000000005,960,381,353,0,719,30.400000000000002,224,5.2
2021,5,12,10,30,26.36,0.15,4.5,124,860,894,3,19.5,52.08,959,397,13,0,409,30.400000000000002,224,4.7
2021,5,12,11,30,39.28,0.15,4.5,121,815,751,3,19.200000000000003,52.51,959,343,17,0,356,30,221,4.3
2021,5,12,12,30,53.09,0.15,4.6000000000000005,113,731,552,8,19.1,54.84,959,254,63,0,292,29.1,216,3.7
2021,5,12,13,30,67.2,0.15,4.6000000000000005,93,585,319,3,19.5,61.17,959,95,0,0,95,27.700000000000003,208,2.6
2021,5,12,14,30,81.38,0.15,4.6000000000000005,52,263,91,3,21,73.77,960,19,0,7,19,26,196,1.9000000000000001
2021,5,12,15,30,95.69,0.15,4.6000000000000005,0,0,0,8,21.200000000000003,79.96000000000001,960,0,0,0,0,24.900000000000002,185,2
2021,5,12,16,30,109.8,0.15,4.6000000000000005,0,0,0,7,20.8,80.98,961,0,0,0,0,24.3,178,2.6
2021,5,12,17,30,123.64,0.15,4.6000000000000005,0,0,0,7,20.5,82.99,961,0,0,0,0,23.6,175,3
2021,5,12,18,30,136.91,0.15,4.5,0,0,0,7,20.5,86.68,962,0,0,0,0,22.8,174,3.1
2021,5,12,19,30,148.84,0.15,4.4,0,0,0,7,20.5,90.72,962,0,0,0,0,22.1,177,3
2021,5,12,20,30,157.17000000000002,0.15,4.3,0,0,0,7,20.6,94.43,961,0,0,0,0,21.5,183,2.9000000000000004
2021,5,12,21,30,157.46,0.15,4.2,0,0,0,7,20.6,97.01,961,0,0,0,0,21.1,191,2.8000000000000003
2021,5,12,22,30,149.48,0.15,4.1000000000000005,0,0,0,0,20.6,98.83,960,0,0,0,0,20.8,198,2.7
2021,5,12,23,30,137.69,0.15,4,0,0,0,0,20.5,100,960,0,0,0,0,20.5,204,2.6
2021,5,13,0,30,124.47,0.15,3.8000000000000003,0,0,0,0,20.3,100,961,0,0,0,0,20.3,210,2.6
2021,5,13,1,30,110.66,0.15,3.7,0,0,0,0,20.200000000000003,100,961,0,0,0,0,20.200000000000003,216,2.6
2021,5,13,2,30,96.57000000000001,0.15,3.6,0,0,0,0,20.400000000000002,100,962,0,0,0,0,20.400000000000002,219,2.9000000000000004
2021,5,13,3,30,82.25,0.15,3.5,48,247,81,0,20.6,93.29,962,48,247,0,81,21.700000000000003,218,3.9000000000000004
2021,5,13,4,30,68.1,0.15,3.5,89,596,311,0,20.700000000000003,82.48,962,89,596,0,311,23.900000000000002,213,5
2021,5,13,5,30,54,0.15,3.5,101,765,551,1,20.400000000000002,71.16,963,101,765,0,551,26,213,5.300000000000001
2021,5,13,6,30,40.19,0.15,3.5,110,842,754,0,19.700000000000003,61.47,962,110,842,0,754,27.8,216,5.300000000000001
2021,5,13,7,30,27.23,0.15,3.6,115,882,899,0,19.1,54.370000000000005,962,115,882,0,899,29.3,219,5.2
2021,5,13,8,30,17.240000000000002,0.15,3.7,119,897,975,0,18.7,49.32,961,119,897,0,975,30.5,222,5.1000000000000005
2021,5,13,9,30,16.86,0.15,3.8000000000000003,127,885,974,0,18.400000000000002,46.410000000000004,960,127,885,0,974,31.200000000000003,223,4.9
2021,5,13,10,30,26.5,0.15,3.8000000000000003,125,866,900,0,18.1,44.99,959,125,866,0,900,31.5,222,4.7
2021,5,13,11,30,39.36,0.15,3.9000000000000004,121,821,756,7,18,45.02,958,257,500,0,644,31.3,219,4.4
2021,5,13,12,30,53.14,0.15,3.9000000000000004,113,740,556,0,17.8,46.76,958,113,740,0,556,30.5,213,3.8000000000000003
2021,5,13,13,30,67.23,0.15,4,94,586,321,0,18.3,52.870000000000005,958,94,586,0,321,28.900000000000002,204,2.8000000000000003
2021,5,13,14,30,81.38,0.15,4,53,258,92,0,20.1,66.48,959,53,258,0,92,26.900000000000002,193,2.1
2021,5,13,15,30,95.67,0.15,3.9000000000000004,0,0,0,0,20.200000000000003,72.45,959,0,0,0,0,25.5,182,2.6
2021,5,13,16,30,109.76,0.15,3.9000000000000004,0,0,0,0,19.700000000000003,73.91,960,0,0,0,0,24.700000000000003,174,3.4000000000000004
2021,5,13,17,30,123.57000000000001,0.15,3.9000000000000004,0,0,0,0,19.900000000000002,79.67,961,0,0,0,0,23.6,172,3.4000000000000004
2021,5,13,18,30,136.81,0.15,3.8000000000000003,0,0,0,0,20.3,86.53,961,0,0,0,0,22.700000000000003,175,3.1
2021,5,13,19,30,148.68,0.15,3.6,0,0,0,0,20.700000000000003,92.46000000000001,961,0,0,0,0,22,181,2.7
2021,5,13,20,30,156.94,0.15,3.5,0,0,0,0,20.900000000000002,96.35000000000001,961,0,0,0,0,21.5,188,2.6
2021,5,13,21,30,157.23,0.15,3.5,0,0,0,0,20.900000000000002,98.84,960,0,0,0,0,21.1,194,2.7
2021,5,13,22,30,149.32,0.15,3.4000000000000004,0,0,0,1,20.8,100,960,0,0,0,0,20.8,201,2.8000000000000003
2021,5,13,23,30,137.58,0.15,3.4000000000000004,0,0,0,3,20.700000000000003,100,960,0,0,0,0,20.700000000000003,207,2.9000000000000004
2021,5,14,0,30,124.4,0.15,3.4000000000000004,0,0,0,1,20.700000000000003,100,960,0,0,0,0,20.700000000000003,212,2.9000000000000004
2021,5,14,1,30,110.61,0.15,3.5,0,0,0,0,20.8,100,961,0,0,0,0,20.8,217,2.8000000000000003
2021,5,14,2,30,96.54,0.15,3.6,0,0,0,0,21,99.74000000000001,961,0,0,0,0,21,222,3
2021,5,14,3,30,82.25,0.15,3.6,48,241,81,0,21,93.2,962,48,241,0,81,22.200000000000003,222,3.9000000000000004
2021,5,14,4,30,68.12,0.15,3.7,93,572,307,1,21.3,83.58,962,93,572,0,307,24.3,218,4.9
2021,5,14,5,30,54.04,0.15,3.7,117,721,540,0,21.3,73.60000000000001,962,117,721,0,540,26.400000000000002,214,5.300000000000001
2021,5,14,6,30,40.26,0.15,3.8000000000000003,132,796,739,0,21.200000000000003,65.72,962,132,796,0,739,28.200000000000003,212,5.1000000000000005
2021,5,14,7,30,27.36,0.15,3.8000000000000003,141,838,885,0,21.1,60.2,962,141,838,0,885,29.6,212,5
2021,5,14,8,30,17.46,0.15,3.9000000000000004,144,857,961,0,21,56.21,961,144,857,0,961,30.700000000000003,211,4.9
2021,5,14,9,30,17.080000000000002,0.15,3.9000000000000004,126,883,970,0,20.900000000000002,53.620000000000005,960,126,883,0,970,31.400000000000002,211,4.7
2021,5,14,10,30,26.63,0.15,3.9000000000000004,120,871,899,0,20.700000000000003,52.410000000000004,959,120,871,0,899,31.6,211,4.5
2021,5,14,11,30,39.44,0.15,3.9000000000000004,110,840,758,0,20.400000000000002,51.71,958,110,840,0,758,31.5,211,4.3
2021,5,14,12,30,53.18,0.15,3.9000000000000004,122,713,550,1,20,52.7,957,122,713,0,550,30.8,210,4
2021,5,14,13,30,67.24,0.15,3.9000000000000004,100,564,318,0,19.900000000000002,56.82,958,100,564,0,318,29.400000000000002,205,3.2
2021,5,14,14,30,81.38,0.15,3.9000000000000004,54,244,91,0,21,68.5,958,54,244,0,91,27.3,196,2.3000000000000003
2021,5,14,15,30,95.65,0.15,4,0,0,0,0,21.5,76.84,959,0,0,0,0,25.900000000000002,185,2.5
2021,5,14,16,30,109.71000000000001,0.15,4,0,0,0,0,21.1,78.27,959,0,0,0,0,25.200000000000003,178,3.3000000000000003
2021,5,14,17,30,123.5,0.15,4,0,0,0,3,21,81.49,960,0,0,0,0,24.400000000000002,176,3.6
2021,5,14,18,30,136.70000000000002,0.15,3.9000000000000004,0,0,0,0,21.1,86.16,961,0,0,0,0,23.5,179,3.3000000000000003
2021,5,14,19,30,148.52,0.15,3.9000000000000004,0,0,0,0,21.200000000000003,91.07000000000001,961,0,0,0,0,22.700000000000003,184,2.8000000000000003
2021,5,14,20,30,156.72,0.15,3.8000000000000003,0,0,0,0,21.3,95.25,961,0,0,0,0,22.1,189,2.5
2021,5,14,21,30,157,0.15,3.8000000000000003,0,0,0,0,21.400000000000002,98.44,960,0,0,0,0,21.700000000000003,193,2.6
2021,5,14,22,30,149.16,0.15,3.7,0,0,0,0,21.700000000000003,99.7,960,0,0,0,0,21.700000000000003,197,3
2021,5,14,23,30,137.47,0.15,3.7,0,0,0,0,21.700000000000003,100,960,0,0,0,0,21.700000000000003,200,3.1
2021,5,15,0,30,124.33,0.15,3.6,0,0,0,0,21.6,100,960,0,0,0,0,21.6,203,3.1
2021,5,15,1,30,110.57000000000001,0.15,3.6,0,0,0,0,21.6,100,961,0,0,0,0,21.6,207,3
2021,5,15,2,30,96.52,0.15,3.6,0,0,0,0,21.700000000000003,99.51,961,0,0,0,0,21.8,213,3.2
2021,5,15,3,30,82.25,0.15,3.7,44,295,84,3,21.8,93.25,962,57,2,7,58,22.900000000000002,218,4
2021,5,15,4,30,68.14,0.15,3.7,79,629,313,3,21.6,82.31,962,167,13,0,172,24.8,219,5
2021,5,15,5,30,54.08,0.15,3.8000000000000003,96,769,548,3,21.200000000000003,70.76,962,284,48,0,312,27,220,5.5
2021,5,15,6,30,40.34,0.15,3.9000000000000004,117,821,743,3,20.8,61.84,962,391,102,0,468,28.900000000000002,220,5.6000000000000005
2021,5,15,7,30,27.48,0.15,3.9000000000000004,126,859,888,3,20.6,56.02,961,454,136,0,574,30.400000000000002,221,5.7
2021,5,15,8,30,17.67,0.15,4,133,871,962,0,20.6,52.32,960,133,871,0,962,31.5,220,5.6000000000000005
2021,5,15,9,30,17.29,0.15,4,124,884,968,0,20.5,49.84,958,124,884,0,968,32.300000000000004,219,5.5
2021,5,15,10,30,26.76,0.15,4.1000000000000005,122,865,894,0,20.5,49.18,957,122,865,0,894,32.5,218,5.300000000000001
2021,5,15,11,30,39.51,0.15,4.2,115,825,752,3,20.400000000000002,49.45,957,282,2,0,283,32.300000000000004,216,5
2021,5,15,12,30,53.22,0.15,4.3,104,752,554,3,20.200000000000003,51.31,957,287,49,0,317,31.5,212,4.7
2021,5,15,13,30,67.26,0.15,4.4,84,618,323,0,20.3,55.74,957,84,618,0,323,30.1,205,4
2021,5,15,14,30,81.37,0.15,4.4,48,310,94,0,20.900000000000002,65.55,958,48,310,0,94,28,194,3.1
2021,5,15,15,30,95.62,0.15,4.4,0,0,0,0,21.3,72.74,958,0,0,0,0,26.6,185,3.2
2021,5,15,16,30,109.66,0.15,4.3,0,0,0,0,21.1,75.66,959,0,0,0,0,25.700000000000003,180,3.5
2021,5,15,17,30,123.43,0.15,4.2,0,0,0,0,20.900000000000002,79.65,960,0,0,0,0,24.700000000000003,177,3.3000000000000003
2021,5,15,18,30,136.59,0.15,4.1000000000000005,0,0,0,0,20.900000000000002,84.11,960,0,0,0,0,23.700000000000003,177,3
2021,5,15,19,30,148.36,0.15,4,0,0,0,0,20.8,88.56,961,0,0,0,0,22.8,180,2.9000000000000004
2021,5,15,20,30,156.5,0.15,3.8000000000000003,0,0,0,0,20.900000000000002,93.07000000000001,960,0,0,0,0,22.1,187,2.7
2021,5,15,21,30,156.78,0.15,3.7,0,0,0,0,21.200000000000003,97.17,960,0,0,0,0,21.700000000000003,194,2.6
2021,5,15,22,30,149,0.15,3.6,0,0,0,0,21.400000000000002,100,959,0,0,0,0,21.400000000000002,200,2.5
2021,5,15,23,30,137.37,0.15,3.5,0,0,0,0,21.3,100,959,0,0,0,0,21.3,203,2.5
2021,5,16,0,30,124.26,0.15,3.4000000000000004,0,0,0,0,21.200000000000003,100,959,0,0,0,0,21.200000000000003,206,2.6
2021,5,16,1,30,110.53,0.15,3.3000000000000003,0,0,0,0,21.200000000000003,100,960,0,0,0,0,21.200000000000003,208,2.8000000000000003
2021,5,16,2,30,96.5,0.15,3.3000000000000003,0,0,0,0,21.5,100,960,0,0,0,0,21.5,210,3.2
2021,5,16,3,30,82.25,0.15,3.3000000000000003,38,369,88,0,21.5,93.2,961,38,369,0,88,22.700000000000003,212,3.9000000000000004
2021,5,16,4,30,68.16,0.15,3.4000000000000004,68,680,321,0,21.3,80.43,961,68,680,0,321,24.900000000000002,213,4.6000000000000005
2021,5,16,5,30,54.13,0.15,3.5,84,806,556,0,20.5,66.88,961,84,806,0,556,27.200000000000003,214,4.9
2021,5,16,6,30,40.42,0.15,3.6,94,868,755,0,19.700000000000003,55.99,961,94,868,0,755,29.400000000000002,216,5.1000000000000005
2021,5,16,7,30,27.61,0.15,3.7,101,900,898,0,19.3,49.49,960,101,900,0,898,31.1,219,5.2
2021,5,16,8,30,17.88,0.15,3.8000000000000003,105,913,974,0,19,45.28,959,105,913,0,974,32.4,221,5.2
2021,5,16,9,30,17.5,0.15,3.9000000000000004,126,882,967,0,19,42.87,958,126,882,0,967,33.300000000000004,224,5
2021,5,16,10,30,26.88,0.15,3.9000000000000004,124,863,894,0,18.900000000000002,42.04,957,124,863,0,894,33.6,225,4.800000000000001
2021,5,16,11,30,39.59,0.15,3.9000000000000004,118,822,752,0,18.8,41.910000000000004,956,118,822,0,752,33.5,225,4.5
2021,5,16,12,30,53.26,0.15,3.9000000000000004,109,743,554,0,18.7,42.96,956,109,743,0,554,32.9,223,4
2021,5,16,13,30,67.27,0.15,3.9000000000000004,90,599,322,0,18.8,47.68,956,90,599,0,322,31.200000000000003,218,2.9000000000000004
2021,5,16,14,30,81.36,0.15,4,51,281,93,0,20.8,62.46,957,51,281,0,93,28.700000000000003,206,1.8
2021,5,16,15,30,95.60000000000001,0.15,4.1000000000000005,0,0,0,0,21.700000000000003,73.03,957,0,0,0,0,26.900000000000002,189,1.8
2021,5,16,16,30,109.62,0.15,4.2,0,0,0,0,21.3,74.5,958,0,0,0,0,26.200000000000003,176,2.6
2021,5,16,17,30,123.35000000000001,0.15,4.3,0,0,0,0,21.3,77.7,959,0,0,0,0,25.5,170,3.2
2021,5,16,18,30,136.49,0.15,4.4,0,0,0,0,21.8,84.33,959,0,0,0,0,24.6,169,3.1
2021,5,16,19,30,148.20000000000002,0.15,4.5,0,0,0,0,22.3,90.75,959,0,0,0,0,23.900000000000002,171,2.8000000000000003
2021,5,16,20,30,156.28,0.15,4.5,0,0,0,0,22.6,96.05,959,0,0,0,0,23.3,177,2.7
2021,5,16,21,30,156.56,0.15,4.6000000000000005,0,0,0,0,22.8,99.01,959,0,0,0,0,23,182,2.7
2021,5,16,22,30,148.85,0.15,4.6000000000000005,0,0,0,0,22.900000000000002,100,958,0,0,0,0,22.900000000000002,187,2.8000000000000003
2021,5,16,23,30,137.27,0.15,4.5,0,0,0,0,22.900000000000002,100,958,0,0,0,0,22.900000000000002,189,3.1
2021,5,17,0,30,124.19,0.15,4.5,0,0,0,0,22.900000000000002,100,959,0,0,0,0,22.900000000000002,192,3.2
2021,5,17,1,30,110.49000000000001,0.15,4.5,0,0,0,1,22.900000000000002,100,959,0,0,0,0,22.900000000000002,194,3.1
2021,5,17,2,30,96.49000000000001,0.15,4.5,0,0,0,0,23,99.34,960,0,0,0,0,23.1,197,3.3000000000000003
2021,5,17,3,30,82.26,0.15,4.5,46,249,80,3,23,93.53,960,67,33,7,71,24.1,198,4.1000000000000005
2021,5,17,4,30,68.18,0.15,4.4,90,575,303,0,22.6,82.14,961,90,575,0,303,25.900000000000002,198,4.800000000000001
2021,5,17,5,30,54.18,0.15,4.4,112,721,534,0,22.1,70.49,961,112,721,0,534,28,199,4.9
2021,5,17,6,30,40.5,0.15,4.4,127,796,732,0,21.700000000000003,61.230000000000004,961,127,796,0,732,30,201,4.800000000000001
2021,5,17,7,30,27.740000000000002,0.15,4.4,135,837,876,0,21.3,54.52,960,135,837,0,876,31.6,205,4.6000000000000005
2021,5,17,8,30,18.080000000000002,0.15,4.4,139,856,952,0,21,49.82,959,139,856,0,952,32.800000000000004,209,4.4
2021,5,17,9,30,17.71,0.15,4.3,128,874,960,0,20.6,46.88,958,128,874,0,960,33.5,211,4.2
2021,5,17,10,30,27,0.15,4.3,123,859,888,0,20.3,45.15,957,123,859,0,888,33.800000000000004,212,3.9000000000000004
2021,5,17,11,30,39.65,0.15,4.3,115,823,749,3,20,44.92,957,378,91,0,448,33.6,211,3.8000000000000003
2021,5,17,12,30,53.300000000000004,0.15,4.2,106,747,553,1,19.700000000000003,45.910000000000004,956,106,747,0,553,32.9,207,3.5
2021,5,17,13,30,67.29,0.15,4.2,86,611,322,0,19.700000000000003,49.96,957,86,611,0,322,31.400000000000002,200,2.9000000000000004
2021,5,17,14,30,81.36,0.15,4.1000000000000005,49,304,94,0,21,61.65,957,49,304,0,94,29.1,186,2.3000000000000003
2021,5,17,15,30,95.57000000000001,0.15,4.2,0,0,0,0,21.6,70.18,958,0,0,0,0,27.5,172,2.9000000000000004
2021,5,17,16,30,109.57000000000001,0.15,4.2,0,0,0,0,21.200000000000003,72.58,959,0,0,0,0,26.5,165,3.9000000000000004
2021,5,17,17,30,123.28,0.15,4.3,0,0,0,0,21.400000000000002,79.07000000000001,960,0,0,0,0,25.3,162,3.9000000000000004
2021,5,17,18,30,136.38,0.15,4.3,0,0,0,0,21.900000000000002,87.08,961,0,0,0,0,24.200000000000003,164,3.5
2021,5,17,19,30,148.05,0.15,4.3,0,0,0,0,22.3,93.03,961,0,0,0,0,23.5,170,3.2
2021,5,17,20,30,156.07,0.15,4.3,0,0,0,0,22.6,96.77,960,0,0,0,0,23.1,177,3
2021,5,17,21,30,156.35,0.15,4.3,0,0,0,1,22.700000000000003,98.61,959,0,0,0,0,22.900000000000002,184,3.1
2021,5,17,22,30,148.70000000000002,0.15,4.3,0,0,0,7,22.6,99.44,959,0,0,0,0,22.700000000000003,186,3.3000000000000003
2021,5,17,23,30,137.17000000000002,0.15,4.3,0,0,0,0,22.5,99.55,959,0,0,0,0,22.6,187,3.3000000000000003
2021,5,18,0,30,124.13000000000001,0.15,4.2,0,0,0,1,22.400000000000002,100,959,0,0,0,0,22.400000000000002,191,3.4000000000000004
2021,5,18,1,30,110.45,0.15,4.1000000000000005,0,0,0,0,22.200000000000003,100,960,0,0,0,0,22.200000000000003,194,3.5
2021,5,18,2,30,96.47,0.15,3.9000000000000004,0,0,0,0,22,98.93,960,0,0,0,0,22.200000000000003,197,3.8000000000000003
2021,5,18,3,30,82.26,0.15,3.8000000000000003,51,197,78,3,21.8,92.27,961,60,2,7,60,23.1,200,4.6000000000000005
2021,5,18,4,30,68.21000000000001,0.15,3.7,104,525,299,3,21,79.51,962,203,106,0,242,24.8,202,5.300000000000001
2021,5,18,5,30,54.230000000000004,0.15,3.7,127,693,532,1,20,66.51,962,127,693,0,532,26.8,205,5.5
2021,5,18,6,30,40.58,0.15,3.7,129,800,736,1,19,55.9,961,129,800,0,736,28.700000000000003,208,5.4
2021,5,18,7,30,27.87,0.15,3.7,139,839,881,3,18,47.52,961,478,209,0,663,30.400000000000002,211,5.4
2021,5,18,8,30,18.28,0.15,3.7,145,855,957,0,17,42.29,960,145,855,0,957,31.3,212,5.4
2021,5,18,9,30,17.900000000000002,0.15,3.8000000000000003,180,803,945,1,16.1,39.230000000000004,959,180,803,0,945,31.700000000000003,211,5.2
2021,5,18,10,30,27.12,0.15,3.8000000000000003,171,790,874,2,15.8,38.050000000000004,958,485,246,0,703,31.900000000000002,206,5
2021,5,18,11,30,39.72,0.15,3.9000000000000004,154,756,736,1,15.8,38.4,958,154,756,0,736,31.700000000000003,200,4.6000000000000005
2021,5,18,12,30,53.33,0.15,4,131,689,543,7,16,40.4,958,280,144,0,366,31,192,4.1000000000000005
2021,5,18,13,30,67.3,0.15,4.1000000000000005,100,557,315,7,16.6,45.65,958,173,199,0,250,29.5,181,3.2
2021,5,18,14,30,81.35000000000001,0.15,4.1000000000000005,52,263,92,3,18.3,57.49,959,9,0,0,9,27.400000000000002,169,2.6
2021,5,18,15,30,95.54,0.15,4.2,0,0,0,3,19.1,66.36,959,0,0,0,0,25.900000000000002,162,3.1
2021,5,18,16,30,109.52,0.15,4.3,0,0,0,8,19.5,71.53,960,0,0,0,0,25,162,3.5
2021,5,18,17,30,123.21000000000001,0.15,4.3,0,0,0,3,20.3,79.05,961,0,0,0,0,24.200000000000003,165,3.5
2021,5,18,18,30,136.27,0.15,4.3,0,0,0,0,21.1,86.60000000000001,961,0,0,0,0,23.5,170,3.4000000000000004
2021,5,18,19,30,147.89000000000001,0.15,4.2,0,0,0,7,21.8,92.79,961,0,0,0,0,23,175,3.3000000000000003
2021,5,18,20,30,155.86,0.15,4.1000000000000005,0,0,0,0,22.200000000000003,97.73,961,0,0,0,0,22.6,180,3.3000000000000003
2021,5,18,21,30,156.15,0.15,4.1000000000000005,0,0,0,0,22.5,99.71000000000001,960,0,0,0,0,22.5,184,3.4000000000000004
2021,5,18,22,30,148.55,0.15,4,0,0,0,0,22.5,100,960,0,0,0,0,22.5,188,3.6
2021,5,18,23,30,137.08,0.15,4,0,0,0,1,22.5,100,960,0,0,0,0,22.5,191,3.7
2021,5,19,0,30,124.08,0.15,4,0,0,0,1,22.5,100,960,0,0,0,0,22.5,194,3.7
2021,5,19,1,30,110.42,0.15,4,0,0,0,1,22.400000000000002,100,961,0,0,0,0,22.400000000000002,195,3.7
2021,5,19,2,30,96.46000000000001,0.15,4,0,0,0,3,22.5,99.25,961,0,0,0,0,22.6,196,3.9000000000000004
2021,5,19,3,30,82.27,0.15,3.9000000000000004,46,257,81,3,22.5,93.97,962,59,3,7,60,23.5,197,4.7
2021,5,19,4,30,68.24,0.15,3.8000000000000003,87,592,307,3,22,82.06,962,98,0,0,98,25.3,197,5.6000000000000005
2021,5,19,5,30,54.28,0.15,3.8000000000000003,107,739,539,3,21.3,69.56,962,290,50,0,319,27.400000000000002,197,6.2
2021,5,19,6,30,40.660000000000004,0.15,3.8000000000000003,119,816,738,3,20.6,59.620000000000005,961,410,160,0,531,29.3,199,6.4
2021,5,19,7,30,28,0.15,3.8000000000000003,126,857,883,3,20.1,52.660000000000004,961,441,125,0,551,30.900000000000002,200,6.4
2021,5,19,8,30,18.48,0.15,3.9000000000000004,130,873,958,8,19.700000000000003,47.69,960,361,346,0,689,32.2,201,6.300000000000001
2021,5,19,9,30,18.1,0.15,4,131,870,959,7,19.400000000000002,44.51,959,297,526,0,796,33.1,201,6.1000000000000005
2021,5,19,10,30,27.23,0.15,4.2,129,849,884,8,19.200000000000003,43.49,958,390,260,0,622,33.300000000000004,200,5.800000000000001
2021,5,19,11,30,39.78,0.15,4.3,122,810,744,7,19.200000000000003,44.62,958,286,407,7,599,32.800000000000004,198,5.6000000000000005
2021,5,19,12,30,53.36,0.15,4.5,127,692,540,7,19.200000000000003,47.910000000000004,958,261,70,0,303,31.6,194,5.300000000000001
2021,5,19,13,30,67.3,0.15,4.7,102,545,312,7,19.400000000000002,53.07,958,175,195,0,250,30,188,4.7
2021,5,19,14,30,81.33,0.15,4.800000000000001,55,231,90,7,19.700000000000003,60.81,959,28,0,0,28,28,181,4
2021,5,19,15,30,95.51,0.15,4.9,0,0,0,7,20,67.28,960,0,0,0,0,26.6,174,3.7
2021,5,19,16,30,109.47,0.15,4.9,0,0,0,7,20.1,72.18,961,0,0,0,0,25.5,168,3.5
2021,5,19,17,30,123.13000000000001,0.15,4.9,0,0,0,7,20.3,77.61,962,0,0,0,0,24.5,164,3.3000000000000003
2021,5,19,18,30,136.16,0.15,5,0,0,0,7,20.6,83.24,962,0,0,0,0,23.6,166,3.2
2021,5,19,19,30,147.74,0.15,4.9,0,0,0,8,21,88.88,962,0,0,0,0,22.900000000000002,172,3.1
2021,5,19,20,30,155.66,0.15,4.9,0,0,0,7,21.400000000000002,93.34,962,0,0,0,0,22.5,180,3
2021,5,19,21,30,155.95000000000002,0.15,4.9,0,0,0,7,21.700000000000003,96.88,961,0,0,0,0,22.200000000000003,188,3.1
2021,5,19,22,30,148.41,0.15,4.800000000000001,0,0,0,7,21.900000000000002,98.16,961,0,0,0,0,22.200000000000003,194,3.4000000000000004
2021,5,19,23,30,136.99,0.15,4.6000000000000005,0,0,0,7,21.900000000000002,99.04,960,0,0,0,0,22.1,198,3.6
2021,5,20,0,30,124.02,0.15,4.5,0,0,0,7,21.900000000000002,99.88,960,0,0,0,0,21.900000000000002,201,3.6
2021,5,20,1,30,110.39,0.15,4.3,0,0,0,7,21.700000000000003,100,961,0,0,0,0,21.700000000000003,204,3.4000000000000004
2021,5,20,2,30,96.45,0.15,4.2,0,0,0,7,21.6,98.91,961,0,0,0,0,21.8,206,3.5
2021,5,20,3,30,82.28,0.15,4.2,44,276,81,7,21.6,92.84,962,63,23,7,66,22.8,206,4.3
2021,5,20,4,30,68.27,0.15,4.2,80,613,307,8,21.200000000000003,80.24,963,155,37,0,169,24.8,204,5.2
2021,5,20,5,30,54.33,0.15,4.3,97,758,539,3,20.700000000000003,68.53,963,311,135,0,389,27,203,5.6000000000000005
2021,5,20,6,30,40.74,0.15,4.4,131,785,726,0,20.400000000000002,60.02,963,131,785,0,726,28.900000000000002,204,5.800000000000001
2021,5,20,7,30,28.13,0.15,4.5,137,829,869,2,20.1,53.71,962,472,192,0,641,30.6,205,5.800000000000001
2021,5,20,8,30,18.68,0.15,4.5,141,849,945,3,20,49.29,961,470,141,0,604,31.900000000000002,206,5.7
2021,5,20,9,30,18.28,0.15,4.5,165,815,939,2,19.8,46.52,960,493,149,0,634,32.7,206,5.6000000000000005
2021,5,20,10,30,27.34,0.15,4.5,152,809,871,3,19.5,45.1,959,376,6,0,381,33,206,5.4
2021,5,20,11,30,39.84,0.15,4.5,136,779,735,1,19.3,45.14,958,136,779,0,735,32.7,204,5.2
2021,5,20,12,30,53.39,0.15,4.4,116,719,544,2,19.1,47.2,958,311,69,0,352,31.700000000000003,200,4.9
2021,5,20,13,30,67.31,0.15,4.4,91,589,318,3,19.1,51.36,958,137,3,0,138,30.200000000000003,193,4.4
2021,5,20,14,30,81.32000000000001,0.15,4.3,51,280,93,3,19.400000000000002,58.800000000000004,959,4,0,0,4,28.200000000000003,183,3.8000000000000003
2021,5,20,15,30,95.48,0.15,4.2,0,0,0,3,19.8,66.09,960,0,0,0,0,26.6,173,3.7
2021,5,20,16,30,109.41,0.15,4,0,0,0,0,19.6,70.82000000000001,960,0,0,0,0,25.3,168,4
2021,5,20,17,30,123.05,0.15,3.9000000000000004,0,0,0,0,19.700000000000003,76.49,961,0,0,0,0,24.1,167,3.9000000000000004
2021,5,20,18,30,136.05,0.15,3.8000000000000003,0,0,0,0,19.8,82.33,962,0,0,0,0,23,170,3.8000000000000003
2021,5,20,19,30,147.59,0.15,3.8000000000000003,0,0,0,0,20,87.27,962,0,0,0,0,22.200000000000003,174,3.6
2021,5,20,20,30,155.46,0.15,3.7,0,0,0,0,20.1,91.45,962,0,0,0,0,21.6,180,3.4000000000000004
2021,5,20,21,30,155.76,0.15,3.6,0,0,0,0,20.3,94.38,962,0,0,0,0,21.200000000000003,186,3.2
2021,5,20,22,30,148.28,0.15,3.5,0,0,0,0,20.3,96.46000000000001,961,0,0,0,0,20.900000000000002,190,3.2
2021,5,20,23,30,136.9,0.15,3.5,0,0,0,0,20.400000000000002,98.52,961,0,0,0,0,20.6,194,3.2
2021,5,21,0,30,123.97,0.15,3.4000000000000004,0,0,0,0,20.400000000000002,99.27,962,0,0,0,0,20.5,197,3.2
2021,5,21,1,30,110.37,0.15,3.3000000000000003,0,0,0,0,20.3,100,962,0,0,0,0,20.3,200,3.1
2021,5,21,2,30,96.45,0.15,3.2,0,0,0,0,20.3,99.46000000000001,962,0,0,0,0,20.400000000000002,203,3.3000000000000003
2021,5,21,3,30,82.29,0.15,3.2,50,224,80,1,20.3,93.55,963,50,224,0,80,21.400000000000002,203,4.2
2021,5,21,4,30,68.3,0.15,3.3000000000000003,95,566,304,1,20.3,82.36,963,95,566,0,304,23.5,201,5.2
2021,5,21,5,30,54.38,0.15,3.3000000000000003,115,726,538,0,19.900000000000002,69.08,963,115,726,1,538,26,200,5.7
2021,5,21,6,30,40.82,0.15,3.4000000000000004,122,813,738,0,19.400000000000002,58.97,963,122,813,0,738,28.200000000000003,202,5.7
2021,5,21,7,30,28.25,0.15,3.5,124,862,884,1,19,51.730000000000004,962,124,862,0,884,30,204,5.6000000000000005
2021,5,21,8,30,18.87,0.15,3.6,123,886,961,3,18.7,46.800000000000004,961,468,106,0,569,31.400000000000002,205,5.5
2021,5,21,9,30,18.47,0.15,3.6,126,882,963,3,18.5,43.71,960,287,1,0,288,32.4,207,5.300000000000001
2021,5,21,10,30,27.45,0.15,3.7,120,868,890,3,18.400000000000002,42.45,959,356,3,0,359,32.800000000000004,208,5.1000000000000005
2021,5,21,11,30,39.9,0.15,3.8000000000000003,111,833,750,3,18.3,42.82,958,370,60,0,415,32.6,209,4.800000000000001
2021,5,21,12,30,53.410000000000004,0.15,3.9000000000000004,103,756,553,3,18.400000000000002,45.54,958,264,23,0,278,31.6,205,4.4
2021,5,21,13,30,67.31,0.15,4,82,629,324,3,18.8,51.4,959,137,3,0,138,29.900000000000002,196,3.6
2021,5,21,14,30,81.3,0.15,4,47,328,96,3,20,62.96,959,4,0,0,4,27.700000000000003,181,3
2021,5,21,15,30,95.44,0.15,4,0,0,0,3,20.900000000000002,74.05,960,0,0,0,0,25.900000000000002,169,3.5
2021,5,21,16,30,109.36,0.15,4,0,0,0,0,21,80.58,961,0,0,0,0,24.6,164,4.2
2021,5,21,17,30,122.98,0.15,4,0,0,0,1,21.1,86.39,962,0,0,0,0,23.5,164,4.1000000000000005
2021,5,21,18,30,135.95,0.15,3.9000000000000004,0,0,0,0,21.1,91.41,962,0,0,0,0,22.6,166,3.7
2021,5,21,19,30,147.44,0.15,3.8000000000000003,0,0,0,0,21.200000000000003,95.7,962,0,0,0,0,21.900000000000002,170,3.4000000000000004
2021,5,21,20,30,155.26,0.15,3.7,0,0,0,0,21.3,98.56,962,0,0,0,0,21.5,175,3.3000000000000003
2021,5,21,21,30,155.57,0.15,3.6,0,0,0,0,21.3,99.62,961,0,0,0,0,21.400000000000002,179,3.4000000000000004
2021,5,21,22,30,148.15,0.15,3.6,0,0,0,0,21.3,100,961,0,0,0,0,21.3,182,3.4000000000000004
2021,5,21,23,30,136.82,0.15,3.6,0,0,0,0,21.200000000000003,100,961,0,0,0,0,21.200000000000003,185,3.3000000000000003
2021,5,22,0,30,123.92,0.15,3.5,0,0,0,0,21.1,100,961,0,0,0,0,21.1,189,3.3000000000000003
2021,5,22,1,30,110.34,0.15,3.6,0,0,0,0,21,100,961,0,0,0,0,21,192,3.2
2021,5,22,2,30,96.44,0.15,3.6,0,0,0,1,21.1,100,962,0,0,0,0,21.1,195,3.2
2021,5,22,3,30,82.31,0.15,3.7,46,258,80,1,21.3,96.14,963,46,258,0,80,21.900000000000002,196,3.9000000000000004
2021,5,22,4,30,68.33,0.15,3.8000000000000003,87,586,304,2,21.3,86.22,963,198,84,0,229,23.700000000000003,196,4.9
2021,5,22,5,30,54.44,0.15,3.9000000000000004,109,729,533,3,20.700000000000003,73.67,963,248,15,0,257,25.8,195,5.300000000000001
2021,5,22,6,30,40.910000000000004,0.15,4,169,718,711,3,20.3,64.66,963,345,22,0,362,27.6,196,5.4
2021,5,22,7,30,28.38,0.15,4,172,780,858,2,20.200000000000003,58.95,962,474,139,0,596,29,197,5.300000000000001
2021,5,22,8,30,19.05,0.15,4,166,816,938,1,20,55.24,961,166,816,0,938,30,199,5.2
2021,5,22,9,30,18.64,0.15,4.1000000000000005,161,823,941,2,20,52.85,960,484,142,0,619,30.700000000000003,200,4.9
2021,5,22,10,30,27.55,0.15,4.1000000000000005,151,813,872,3,20,52.08,959,408,22,0,428,31,199,4.6000000000000005
2021,5,22,11,30,39.95,0.15,4.1000000000000005,137,782,736,3,20.200000000000003,53.61,959,294,2,0,296,30.700000000000003,195,4.4
2021,5,22,12,30,53.44,0.15,4.2,119,712,543,1,20.400000000000002,57.59,958,119,712,0,543,29.700000000000003,189,4.1000000000000005
2021,5,22,13,30,67.31,0.15,4.2,94,577,317,2,20.900000000000002,65.65,959,137,3,0,138,27.900000000000002,180,3.4000000000000004
2021,5,22,14,30,81.29,0.15,4.2,53,258,92,3,21.900000000000002,79.55,959,4,0,0,4,25.700000000000003,172,3
2021,5,22,15,30,95.41,0.15,4.1000000000000005,0,0,0,3,22,87.4,960,0,0,0,0,24.200000000000003,168,3.3000000000000003
2021,5,22,16,30,109.31,0.15,4.1000000000000005,0,0,0,0,21.400000000000002,89.07000000000001,960,0,0,0,0,23.3,168,3.7
2021,5,22,17,30,122.9,0.15,4,0,0,0,1,20.900000000000002,90.63,961,0,0,0,0,22.5,170,3.8000000000000003
2021,5,22,18,30,135.84,0.15,4,0,0,0,0,20.6,92.18,961,0,0,1,0,21.900000000000002,173,3.8000000000000003
2021,5,22,19,30,147.29,0.15,3.9000000000000004,0,0,0,0,20.5,94.03,961,0,0,0,0,21.5,177,3.7
2021,5,22,20,30,155.07,0.15,3.9000000000000004,0,0,0,0,20.700000000000003,96.75,961,0,0,0,0,21.200000000000003,182,3.4000000000000004
2021,5,22,21,30,155.39000000000001,0.15,3.9000000000000004,0,0,0,0,20.900000000000002,99.41,961,0,0,0,0,21,186,3
2021,5,22,22,30,148.02,0.15,3.8000000000000003,0,0,0,0,20.900000000000002,100,960,0,0,0,0,20.900000000000002,191,2.7
2021,5,22,23,30,136.74,0.15,3.8000000000000003,0,0,0,0,20.900000000000002,100,960,0,0,0,0,20.900000000000002,195,2.7
2021,5,23,0,30,123.88000000000001,0.16,3.7,0,0,0,0,20.900000000000002,100,961,0,0,0,0,20.900000000000002,198,2.8000000000000003
2021,5,23,1,30,110.32000000000001,0.16,3.7,0,0,0,3,20.900000000000002,100,961,0,0,0,0,20.900000000000002,201,3
2021,5,23,2,30,96.44,0.16,3.6,0,0,0,3,21,100,962,0,0,0,0,21,202,3.3000000000000003
2021,5,23,3,30,82.32000000000001,0.16,3.6,43,302,83,3,21.200000000000003,97.21000000000001,962,62,6,7,62,21.700000000000003,203,4.2
2021,5,23,4,30,68.37,0.16,3.7,80,618,308,3,21.400000000000002,90,963,166,13,0,170,23.1,201,5.4
2021,5,23,5,30,54.49,0.16,3.7,102,749,537,3,20.900000000000002,79.54,963,255,20,0,267,24.700000000000003,200,6
2021,5,23,6,30,40.99,0.16,3.7,116,820,734,3,20.5,70.67,963,328,11,0,336,26.200000000000003,201,6
2021,5,23,7,30,28.5,0.16,3.8000000000000003,124,856,877,3,20.200000000000003,64.48,962,415,37,0,447,27.5,203,5.9
2021,5,23,8,30,19.23,0.16,3.9000000000000004,127,875,953,3,20.1,60.38,962,325,1,0,326,28.5,205,5.800000000000001
2021,5,23,9,30,18.81,0.16,3.9000000000000004,141,856,951,3,20,58.28,961,97,0,0,97,29,207,5.6000000000000005
2021,5,23,10,30,27.650000000000002,0.16,4,142,829,877,4,20,57.660000000000004,960,185,0,0,186,29.200000000000003,206,5.300000000000001
2021,5,23,11,30,40,0.16,4,140,779,736,3,20,58.99,959,335,12,0,344,28.8,204,5
2021,5,23,12,30,53.46,0.16,4.1000000000000005,171,593,524,3,20.1,62.06,959,149,0,0,150,28,200,4.6000000000000005
2021,5,23,13,30,67.31,0.16,4.1000000000000005,140,410,298,2,20.400000000000002,68.74,960,184,12,0,189,26.6,194,3.8000000000000003
2021,5,23,14,30,81.27,0.16,4.1000000000000005,66,104,82,3,20.900000000000002,78.2,960,10,0,0,10,25,188,3.2
2021,5,23,15,30,95.37,0.16,4.1000000000000005,0,0,0,1,20.8,83.65,961,0,0,0,0,23.700000000000003,182,3.4000000000000004
2021,5,23,16,30,109.25,0.16,4,0,0,0,0,20.3,84.71000000000001,962,0,0,0,0,23,178,3.7
2021,5,23,17,30,122.82000000000001,0.16,3.9000000000000004,0,0,0,1,19.8,86.42,963,0,0,0,0,22.200000000000003,176,3.6
2021,5,23,18,30,135.73,0.16,3.8000000000000003,0,0,0,0,19.6,88.69,963,0,0,0,0,21.5,176,3.3000000000000003
2021,5,23,19,30,147.15,0.16,3.7,0,0,0,0,19.5,91.98,963,0,0,0,0,20.900000000000002,179,3.2
2021,5,23,20,30,154.89000000000001,0.16,3.7,0,0,0,0,19.8,95.53,962,0,0,0,0,20.5,185,3.2
2021,5,23,21,30,155.22,0.16,3.6,0,0,0,0,20,98.22,962,0,0,0,0,20.3,191,3.4000000000000004
2021,5,23,22,30,147.9,0.16,3.6,0,0,0,0,20.1,99.28,961,0,0,0,0,20.200000000000003,196,3.6
2021,5,23,23,30,136.67000000000002,0.16,3.6,0,0,0,0,20.1,99.88,962,0,0,0,0,20.1,200,3.4000000000000004
2021,5,24,0,30,123.84,0.16,3.6,0,0,0,0,19.900000000000002,100,962,0,0,0,0,19.900000000000002,205,3.1
2021,5,24,1,30,110.3,0.16,3.6,0,0,0,0,19.900000000000002,100,963,0,0,0,0,19.900000000000002,208,2.9000000000000004
2021,5,24,2,30,96.44,0.16,3.6,0,0,0,0,20,100,963,0,0,0,0,20,211,3.1
2021,5,24,3,30,82.34,0.16,3.6,47,240,79,3,20.200000000000003,95.36,964,61,5,7,62,21,210,3.7
2021,5,24,4,30,68.4,0.16,3.6,88,584,303,1,20.5,86.61,964,88,584,0,303,22.900000000000002,206,4.800000000000001
2021,5,24,5,30,54.550000000000004,0.16,3.6,108,737,535,3,20.200000000000003,74.95,964,262,24,0,276,24.900000000000002,203,5.5
2021,5,24,6,30,41.07,0.16,3.7,113,825,735,3,19.900000000000002,66.56,964,371,85,0,436,26.6,202,5.6000000000000005
2021,5,24,7,30,28.63,0.16,3.7,118,867,879,3,19.900000000000002,61.660000000000004,964,451,136,0,570,27.900000000000002,203,5.6000000000000005
2021,5,24,8,30,19.41,0.16,3.8000000000000003,120,885,954,0,19.900000000000002,58.54,963,120,885,0,954,28.8,204,5.4
2021,5,24,9,30,18.98,0.16,3.8000000000000003,119,888,959,3,19.900000000000002,56.5,962,301,1,0,302,29.400000000000002,205,5.2
2021,5,24,10,30,27.740000000000002,0.16,3.9000000000000004,117,868,886,3,19.8,55.76,961,433,86,0,510,29.6,205,4.9
2021,5,24,11,30,40.050000000000004,0.16,3.9000000000000004,111,831,747,3,19.8,56.51,961,75,0,0,75,29.3,203,4.5
2021,5,24,12,30,53.480000000000004,0.16,3.9000000000000004,102,757,552,3,19.8,58.96,960,274,40,0,298,28.6,199,3.9000000000000004
2021,5,24,13,30,67.31,0.16,3.9000000000000004,86,614,323,3,20.400000000000002,66.7,961,195,31,0,207,27.1,190,3
2021,5,24,14,30,81.24,0.16,3.9000000000000004,50,295,95,3,21.5,79.77,961,4,0,0,4,25.200000000000003,180,2.4000000000000004
2021,5,24,15,30,95.33,0.16,3.9000000000000004,0,0,0,3,21.200000000000003,85.10000000000001,962,0,0,0,0,23.900000000000002,173,2.6
2021,5,24,16,30,109.19,0.16,3.8000000000000003,0,0,0,0,20.6,85.77,962,0,0,0,0,23.1,171,3.1
2021,5,24,17,30,122.74000000000001,0.16,3.7,0,0,0,0,19.900000000000002,86.38,963,0,0,0,0,22.3,171,3.1
2021,5,24,18,30,135.63,0.16,3.5,0,0,0,0,19.6,88.96000000000001,963,0,0,0,0,21.5,172,2.9000000000000004
2021,5,24,19,30,147,0.16,3.4000000000000004,0,0,0,1,19.5,91.77,963,0,0,0,0,20.900000000000002,175,2.7
2021,5,24,20,30,154.71,0.16,3.3000000000000003,0,0,0,3,19.6,96.02,963,0,0,0,0,20.3,180,2.6
2021,5,24,21,30,155.05,0.16,3.2,0,0,0,0,19.900000000000002,99.19,963,0,0,0,0,20,187,2.6
2021,5,24,22,30,147.79,0.16,3.2,0,0,0,0,19.8,100,963,0,0,0,0,19.8,194,2.6
2021,5,24,23,30,136.6,0.16,3.2,0,0,0,0,19.8,100,963,0,0,0,0,19.8,199,2.7
2021,5,25,0,30,123.8,0.16,3.2,0,0,0,0,19.8,100,963,0,0,0,0,19.8,203,2.7
2021,5,25,1,30,110.29,0.16,3.2,0,0,0,3,19.8,100,963,0,0,0,0,19.8,206,2.9000000000000004
2021,5,25,2,30,96.45,0.16,3.2,0,0,0,3,20,100,964,0,0,0,0,20,208,3.2
2021,5,25,3,30,82.36,0.16,3.2,52,190,77,0,20.3,95.79,965,52,190,0,77,21,209,3.9000000000000004
2021,5,25,4,30,68.44,0.16,3.2,101,540,299,2,20.6,87.69,965,202,63,0,225,22.700000000000003,207,4.9
2021,5,25,5,30,54.61,0.16,3.2,120,711,532,0,20,75.3,965,120,711,0,532,24.700000000000003,205,5.5
2021,5,25,6,30,41.160000000000004,0.16,3.2,131,799,732,0,19.6,66.42,965,131,799,0,732,26.400000000000002,206,5.4
2021,5,25,7,30,28.75,0.16,3.2,136,846,878,0,19.5,60.620000000000005,964,136,846,0,878,27.8,207,5.300000000000001
2021,5,25,8,30,19.580000000000002,0.16,3.2,137,869,956,0,19.3,56.11,963,137,869,0,956,28.900000000000002,208,5.2
2021,5,25,9,30,19.14,0.16,3.3000000000000003,126,884,962,3,19,53.1,962,463,87,0,545,29.6,208,4.9
2021,5,25,10,30,27.830000000000002,0.16,3.4000000000000004,120,872,891,3,18.8,51.46,961,442,91,0,523,29.900000000000002,207,4.6000000000000005
2021,5,25,11,30,40.09,0.16,3.4000000000000004,112,836,752,2,18.7,51.230000000000004,960,415,162,0,539,29.8,203,4.2
2021,5,25,12,30,53.49,0.16,3.5,147,653,536,3,18.6,53.050000000000004,960,86,0,0,86,29.1,196,3.6
2021,5,25,13,30,67.3,0.16,3.6,121,483,308,3,19.3,60.94,960,28,0,0,28,27.5,186,2.7
2021,5,25,14,30,81.22,0.16,3.6,63,160,88,3,20.700000000000003,75.37,961,4,0,0,4,25.400000000000002,178,2.4000000000000004
2021,5,25,15,30,95.29,0.16,3.6,0,0,0,3,20.200000000000003,79.48,961,0,0,0,0,24,174,3
2021,5,25,16,30,109.14,0.16,3.6,0,0,0,3,19.5,80.38,962,0,0,0,0,23.1,173,3.5
2021,5,25,17,30,122.66,0.16,3.5,0,0,0,3,19.1,83.05,963,0,0,0,0,22.1,172,3.4000000000000004
2021,5,25,18,30,135.52,0.16,3.4000000000000004,0,0,0,0,19,86.54,963,0,0,0,0,21.3,171,3
2021,5,25,19,30,146.86,0.16,3.4000000000000004,0,0,0,0,19.1,91.09,964,0,0,0,0,20.6,174,2.7
2021,5,25,20,30,154.53,0.16,3.3000000000000003,0,0,0,0,19.3,94.63,963,0,0,0,0,20.200000000000003,179,2.7
2021,5,25,21,30,154.88,0.16,3.2,0,0,0,0,19.5,97.12,963,0,0,0,0,20,186,2.9000000000000004
2021,5,25,22,30,147.68,0.16,3.1,0,0,0,0,19.700000000000003,99.2,963,0,0,0,0,19.8,191,3
2021,5,25,23,30,136.54,0.16,3,0,0,0,0,19.700000000000003,100,963,0,0,0,0,19.700000000000003,195,2.7
2021,5,26,0,30,123.76,0.16,2.9000000000000004,0,0,0,0,19.5,100,963,0,0,0,0,19.5,198,2.5
2021,5,26,1,30,110.28,0.16,2.9000000000000004,0,0,0,0,19.400000000000002,100,963,0,0,0,0,19.400000000000002,200,2.3000000000000003
2021,5,26,2,30,96.45,0.16,2.9000000000000004,0,0,0,0,19.6,100,964,0,0,0,0,19.6,201,2.5
2021,5,26,3,30,82.38,0.16,2.9000000000000004,44,297,83,3,19.900000000000002,95.81,964,63,9,7,65,20.6,200,3.3000000000000003
2021,5,26,4,30,68.48,0.16,3,78,635,311,3,20.3,87.29,965,175,17,0,181,22.5,198,4.3
2021,5,26,5,30,54.67,0.16,3.1,95,775,543,3,20.1,75.92,965,257,21,0,269,24.6,196,4.800000000000001
2021,5,26,6,30,41.24,0.16,3.2,104,847,741,3,19.900000000000002,67.8,965,359,50,0,397,26.3,196,4.800000000000001
2021,5,26,7,30,28.87,0.16,3.3000000000000003,110,884,884,2,19.8,61.7,964,469,205,0,648,27.8,197,4.7
2021,5,26,8,30,19.75,0.16,3.4000000000000004,113,900,960,3,19.700000000000003,58.06,963,483,164,0,638,28.8,199,4.5
2021,5,26,9,30,19.29,0.16,3.5,113,899,962,3,19.700000000000003,55.6,962,473,151,0,615,29.5,200,4.2
2021,5,26,10,30,27.92,0.16,3.6,112,880,889,2,19.6,54.18,961,471,188,0,637,29.900000000000002,200,3.9000000000000004
2021,5,26,11,30,40.14,0.16,3.6,107,841,750,3,19.6,54.44,960,294,2,0,295,29.8,197,3.7
2021,5,26,12,30,53.5,0.16,3.7,100,763,554,4,19.700000000000003,56.86,960,104,0,0,104,29.1,193,3.6
2021,5,26,13,30,67.29,0.16,3.8000000000000003,84,624,325,4,19.900000000000002,62.96,960,63,0,0,63,27.6,186,3.1
2021,5,26,14,30,81.2,0.16,3.8000000000000003,49,310,97,3,20.8,74.63,960,4,0,0,4,25.6,178,2.7
2021,5,26,15,30,95.25,0.16,3.8000000000000003,0,0,0,3,20.8,81.94,961,0,0,0,0,24.1,174,3
2021,5,26,16,30,109.08,0.16,3.7,0,0,0,3,20.3,83.95,962,0,0,0,0,23.200000000000003,171,3.4000000000000004
2021,5,26,17,30,122.59,0.16,3.7,0,0,0,3,19.900000000000002,85.69,963,0,0,0,0,22.400000000000002,169,3.3000000000000003
2021,5,26,18,30,135.42000000000002,0.16,3.6,0,0,0,3,19.5,88.03,963,0,0,0,0,21.6,168,2.8000000000000003
2021,5,26,19,30,146.73,0.16,3.6,0,0,0,3,19.400000000000002,91.29,963,0,0,0,0,20.900000000000002,169,2.4000000000000004
2021,5,26,20,30,154.36,0.16,3.6,0,0,0,3,19.5,94.36,963,0,0,0,0,20.400000000000002,172,2.2
2021,5,26,21,30,154.73,0.16,3.5,0,0,0,0,19.6,97.66,962,0,0,0,0,20,177,2.2
2021,5,26,22,30,147.57,0.16,3.4000000000000004,0,0,0,3,19.8,100,962,0,0,0,0,19.8,183,2.4000000000000004
2021,5,26,23,30,136.47,0.16,3.3000000000000003,0,0,0,0,19.8,100,962,0,0,0,0,19.8,188,2.8000000000000003
2021,5,27,0,30,123.73,0.16,3.3000000000000003,0,0,0,0,19.900000000000002,100,962,0,0,0,0,19.900000000000002,191,3.1
2021,5,27,1,30,110.27,0.16,3.3000000000000003,0,0,0,0,19.900000000000002,100,963,0,0,0,0,19.900000000000002,192,3
2021,5,27,2,30,96.46000000000001,0.16,3.3000000000000003,0,0,0,1,20.1,100,963,0,0,0,0,20.1,193,3.2
2021,5,27,3,30,82.41,0.16,3.3000000000000003,43,296,82,3,20.3,94.72,964,56,2,7,56,21.200000000000003,192,3.9000000000000004
2021,5,27,4,30,68.52,0.16,3.4000000000000004,78,629,308,3,20.5,85.17,964,174,18,0,180,23.1,191,4.7
2021,5,27,5,30,54.730000000000004,0.16,3.5,96,766,538,3,20,73.7,965,306,81,0,353,25,190,4.9
2021,5,27,6,30,41.33,0.16,3.6,132,788,724,3,19.8,66.18,964,406,206,0,561,26.6,190,4.800000000000001
2021,5,27,7,30,28.990000000000002,0.16,3.7,138,834,867,2,19.900000000000002,61.9,964,475,191,0,641,27.900000000000002,191,4.6000000000000005
2021,5,27,8,30,19.91,0.16,3.8000000000000003,138,858,944,3,20.1,58.33,963,457,80,0,532,29.1,193,4.4
2021,5,27,9,30,19.44,0.16,3.9000000000000004,152,837,941,2,20.200000000000003,56.120000000000005,962,485,146,0,622,29.900000000000002,194,4.2
2021,5,27,10,30,28,0.16,4,140,830,873,0,20.3,55.51,961,140,830,0,873,30.200000000000003,194,4
2021,5,27,11,30,40.17,0.16,4.1000000000000005,126,800,737,0,20.400000000000002,56.43,960,126,800,0,737,30,191,3.9000000000000004
2021,5,27,12,30,53.51,0.16,4.2,110,733,546,2,20.5,59.56,960,317,87,0,369,29.200000000000003,186,3.7
2021,5,27,13,30,67.28,0.16,4.3,87,603,320,3,20.8,66.04,960,13,0,0,13,27.700000000000003,179,3.3000000000000003
2021,5,27,14,30,81.17,0.16,4.3,49,304,96,3,21.6,77.89,961,14,0,0,14,25.700000000000003,171,3
2021,5,27,15,30,95.21000000000001,0.16,4.2,0,0,0,3,21.6,85.61,962,0,0,0,0,24.200000000000003,167,3.3000000000000003
2021,5,27,16,30,109.02,0.16,4.2,0,0,0,3,21.200000000000003,88.12,962,0,0,0,0,23.3,165,3.6
2021,5,27,17,30,122.51,0.16,4.1000000000000005,0,0,0,0,20.8,90.8,963,0,0,0,0,22.400000000000002,165,3.5
2021,5,27,18,30,135.32,0.16,4,0,0,0,0,20.5,93.08,963,0,0,0,0,21.700000000000003,165,3
2021,5,27,19,30,146.59,0.16,3.9000000000000004,0,0,0,0,20.5,96.17,963,0,0,0,0,21.1,166,2.6
2021,5,27,20,30,154.20000000000002,0.16,3.9000000000000004,0,0,0,0,20.5,98.89,963,0,0,0,0,20.700000000000003,168,2.4000000000000004
2021,5,27,21,30,154.58,0.16,3.8000000000000003,0,0,0,0,20.5,100,963,0,0,0,0,20.5,173,2.3000000000000003
2021,5,27,22,30,147.48,0.16,3.8000000000000003,0,0,0,1,20.5,100,962,0,0,0,0,20.5,177,2.5
2021,5,27,23,30,136.42000000000002,0.16,3.7,0,0,0,0,20.5,100,962,0,0,0,0,20.5,181,2.6
2021,5,28,0,30,123.7,0.16,3.7,0,0,0,0,20.5,100,962,0,0,0,0,20.5,183,2.6
2021,5,28,1,30,110.26,0.16,3.7,0,0,0,0,20.5,100,962,0,0,0,0,20.5,184,2.5
2021,5,28,2,30,96.47,0.16,3.7,0,0,0,0,20.700000000000003,100,963,0,0,0,0,20.700000000000003,186,2.7
2021,5,28,3,30,82.44,0.16,3.7,40,328,83,0,21.1,96.32000000000001,964,40,328,0,83,21.700000000000003,186,3.5
2021,5,28,4,30,68.57000000000001,0.16,3.7,71,649,308,1,21.3,88.19,964,71,649,0,308,23.400000000000002,185,4.4
2021,5,28,5,30,54.79,0.16,3.7,85,788,540,3,20.900000000000002,76.4,964,308,124,0,379,25.3,185,4.800000000000001
2021,5,28,6,30,41.410000000000004,0.16,3.7,93,859,737,3,20.200000000000003,66.01,964,313,7,0,318,27.1,185,4.9
2021,5,28,7,30,29.11,0.16,3.7,98,896,881,3,19.8,59.63,963,426,88,0,502,28.400000000000002,186,4.800000000000001
2021,5,28,8,30,20.07,0.16,3.7,100,913,958,3,19.6,56.4,962,459,100,0,553,29.200000000000003,187,4.7
2021,5,28,9,30,19.580000000000002,0.16,3.7,110,900,958,2,19.6,54.74,961,469,152,0,612,29.700000000000003,187,4.5
2021,5,28,10,30,28.080000000000002,0.16,3.8000000000000003,103,890,888,3,19.700000000000003,54.67,960,131,0,0,131,29.8,187,4.3
2021,5,28,11,30,40.21,0.16,3.8000000000000003,94,862,752,3,19.8,55.86,960,264,1,0,264,29.5,186,4.2
2021,5,28,12,30,53.52,0.16,3.8000000000000003,101,758,552,3,19.8,58.88,960,47,0,0,47,28.6,183,4.1000000000000005
2021,5,28,13,30,67.27,0.16,3.8000000000000003,81,634,326,3,19.8,64.14,960,174,14,0,180,27.200000000000003,177,3.5
2021,5,28,14,30,81.14,0.16,3.8000000000000003,48,331,99,3,20.3,73.95,961,75,16,7,78,25.3,171,2.9000000000000004
2021,5,28,15,30,95.16,0.16,3.7,0,0,0,0,20.400000000000002,80.84,961,0,0,0,0,23.900000000000002,166,3
2021,5,28,16,30,108.96000000000001,0.16,3.6,0,0,0,0,20.1,83.63,962,0,0,0,0,23,162,3.3000000000000003
2021,5,28,17,30,122.43,0.16,3.6,0,0,0,0,19.900000000000002,87.56,963,0,0,0,0,22.1,161,3.2
2021,5,28,18,30,135.21,0.16,3.6,0,0,0,0,20,92.66,963,0,0,0,0,21.200000000000003,161,2.9000000000000004
2021,5,28,19,30,146.46,0.16,3.6,0,0,0,0,20.1,96.32000000000001,963,0,0,0,0,20.700000000000003,163,2.7
2021,5,28,20,30,154.04,0.16,3.5,0,0,0,0,20.3,99.97,963,0,0,0,0,20.3,168,2.6
2021,5,28,21,30,154.43,0.16,3.5,0,0,0,0,20.3,100,962,0,0,0,0,20.3,173,2.6
2021,5,28,22,30,147.38,0.16,3.5,0,0,0,0,20.3,100,962,0,0,0,0,20.3,178,2.6
2021,5,28,23,30,136.36,0.16,3.5,0,0,0,0,20.3,100,962,0,0,0,0,20.3,181,2.5
2021,5,29,0,30,123.68,0.16,3.5,0,0,0,0,20.200000000000003,100,962,0,0,0,0,20.200000000000003,183,2.3000000000000003
2021,5,29,1,30,110.26,0.16,3.5,0,0,0,0,20.200000000000003,100,963,0,0,0,0,20.200000000000003,186,2.3000000000000003
2021,5,29,2,30,96.49000000000001,0.16,3.5,0,0,0,0,20.400000000000002,100,963,0,0,0,0,20.400000000000002,188,2.5
2021,5,29,3,30,82.46000000000001,0.16,3.6,35,376,85,0,20.8,96.78,964,35,376,0,85,21.3,189,3.3000000000000003
2021,5,29,4,30,68.61,0.16,3.6,64,677,311,0,20.900000000000002,87.24,964,64,677,0,311,23.1,189,4.1000000000000005
2021,5,29,5,30,54.85,0.16,3.7,81,797,540,0,20.3,74,964,81,797,0,540,25.3,189,4.4
2021,5,29,6,30,41.49,0.16,3.7,122,801,723,0,19.8,63.870000000000005,964,122,801,0,723,27.200000000000003,189,4.3
2021,5,29,7,30,29.22,0.16,3.8000000000000003,134,836,863,2,19.5,57.120000000000005,963,450,130,0,563,28.8,191,4.2
2021,5,29,8,30,20.23,0.16,3.8000000000000003,141,850,939,1,19.5,53.56,962,141,850,0,939,29.900000000000002,192,4
2021,5,29,9,30,19.71,0.16,3.9000000000000004,124,874,947,2,19.5,51.67,961,496,190,0,675,30.6,192,3.8000000000000003
2021,5,29,10,30,28.150000000000002,0.16,3.8000000000000003,119,862,879,3,19.5,51.43,960,429,118,0,532,30.700000000000003,191,3.6
2021,5,29,11,30,40.24,0.16,3.8000000000000003,109,831,743,3,19.5,52.49,960,381,93,0,452,30.3,188,3.4000000000000004
2021,5,29,12,30,53.53,0.16,3.8000000000000003,95,770,552,3,19.400000000000002,54.4,960,267,39,0,290,29.6,184,3.2
2021,5,29,13,30,67.26,0.16,3.8000000000000003,74,654,327,3,19.5,58.96,960,171,13,0,176,28.3,177,2.6
2021,5,29,14,30,81.11,0.16,3.8000000000000003,42,375,100,2,20.6,71.05,960,13,0,0,13,26.3,168,1.9000000000000001
2021,5,29,15,30,95.12,0.16,3.7,0,0,0,0,21,79.39,961,0,0,0,0,24.8,160,2.1
2021,5,29,16,30,108.9,0.16,3.6,0,0,0,0,20.3,79.2,961,0,0,0,0,24.1,157,2.9000000000000004
2021,5,29,17,30,122.35000000000001,0.16,3.6,0,0,0,0,19.900000000000002,81.62,962,0,0,0,0,23.200000000000003,157,3.2
2021,5,29,18,30,135.11,0.16,3.5,0,0,0,0,19.900000000000002,86.85000000000001,963,0,0,0,0,22.200000000000003,158,2.9000000000000004
2021,5,29,19,30,146.33,0.16,3.4000000000000004,0,0,0,0,20.1,92.78,963,0,0,0,0,21.3,162,2.5
2021,5,29,20,30,153.88,0.16,3.4000000000000004,0,0,0,0,20.400000000000002,97.36,962,0,0,0,0,20.8,166,2.2
2021,5,29,21,30,154.3,0.16,3.4000000000000004,0,0,0,0,20.6,100,962,0,0,0,0,20.6,173,2.1
2021,5,29,22,30,147.29,0.16,3.3000000000000003,0,0,0,0,20.6,100,962,0,0,0,0,20.6,179,2.3000000000000003
2021,5,29,23,30,136.31,0.16,3.3000000000000003,0,0,0,0,20.6,100,962,0,0,0,0,20.6,184,2.4000000000000004
2021,5,30,0,30,123.66,0.16,3.3000000000000003,0,0,0,0,20.5,100,962,0,0,0,0,20.5,187,2.3000000000000003
2021,5,30,1,30,110.26,0.16,3.2,0,0,0,0,20.400000000000002,100,962,0,0,0,0,20.400000000000002,189,2.2
2021,5,30,2,30,96.5,0.16,3.2,0,0,0,0,20.6,100,963,0,0,0,0,20.6,191,2.4000000000000004
2021,5,30,3,30,82.49,0.16,3.2,36,373,84,0,21,95.79,964,36,373,0,84,21.700000000000003,192,3.1
2021,5,30,4,30,68.66,0.16,3.2,65,677,312,0,21,86.01,964,65,677,0,312,23.5,193,3.9000000000000004
2021,5,30,5,30,54.910000000000004,0.16,3.2,81,803,542,0,20.3,71.62,964,81,803,0,542,25.8,194,4.1000000000000005
2021,5,30,6,30,41.58,0.16,3.2,91,867,740,0,19.6,61.04,964,91,867,0,740,27.8,197,4.2
2021,5,30,7,30,29.34,0.16,3.2,97,902,883,0,19.200000000000003,54.09,963,97,902,0,883,29.5,199,4.1000000000000005
2021,5,30,8,30,20.38,0.16,3.2,101,917,961,0,19.1,50.230000000000004,962,101,917,0,961,30.6,200,3.9000000000000004
2021,5,30,9,30,19.84,0.16,3.2,119,890,957,2,19,47.65,961,498,181,0,668,31.400000000000002,200,3.7
2021,5,30,10,30,28.22,0.16,3.3000000000000003,116,873,885,3,18.900000000000002,46.92,961,462,148,0,592,31.6,199,3.5
2021,5,30,11,30,40.26,0.16,3.3000000000000003,111,834,747,3,18.7,46.93,960,367,82,0,430,31.400000000000002,195,3.2
2021,5,30,12,30,53.53,0.16,3.3000000000000003,101,763,554,2,18.5,47.85,960,283,45,0,310,30.8,190,2.9000000000000004
2021,5,30,13,30,67.24,0.16,3.4000000000000004,81,632,326,0,18.6,52.4,960,81,632,0,326,29.3,181,2.2
2021,5,30,14,30,81.08,0.16,3.4000000000000004,47,335,99,0,20.400000000000002,67.22,960,47,335,0,99,27,170,1.6
2021,5,30,15,30,95.07000000000001,0.16,3.3000000000000003,0,0,0,0,20.900000000000002,76.25,961,0,0,0,0,25.400000000000002,161,2.1
2021,5,30,16,30,108.84,0.16,3.3000000000000003,0,0,0,0,20,75.41,961,0,0,0,0,24.6,158,3.2
2021,5,30,17,30,122.27,0.16,3.2,0,0,0,0,19.8,79.08,962,0,0,0,0,23.6,158,3.6
2021,5,30,18,30,135.01,0.16,3.2,0,0,0,0,20.200000000000003,86.73,962,0,0,0,0,22.5,160,3.2
2021,5,30,19,30,146.20000000000002,0.16,3.2,0,0,0,0,20.700000000000003,93.83,962,0,0,0,0,21.700000000000003,163,2.6
2021,5,30,20,30,153.74,0.16,3.1,0,0,0,3,21,98.19,962,0,0,0,0,21.3,167,2.5
2021,5,30,21,30,154.16,0.16,3.1,0,0,0,0,21.200000000000003,99.88,961,0,0,0,0,21.200000000000003,171,2.6
2021,5,30,22,30,147.21,0.16,3.1,0,0,0,0,21.1,100,961,0,0,0,0,21.1,175,2.7
2021,5,30,23,30,136.27,0.16,3.1,0,0,0,0,21.1,100,961,0,0,0,0,21.1,179,2.7
2021,5,31,0,30,123.64,0.16,3.1,0,0,0,0,21,100,961,0,0,0,0,21,182,2.6
2021,5,31,1,30,110.26,0.16,3.1,0,0,0,0,20.900000000000002,100,962,0,0,0,0,20.900000000000002,185,2.5
2021,5,31,2,30,96.52,0.16,3.1,0,0,0,0,21.1,100,962,0,0,0,0,21.1,187,2.7
2021,5,31,3,30,82.53,0.16,3.1,42,279,78,0,21.400000000000002,95.64,962,42,279,0,78,22.1,187,3.5
2021,5,31,4,30,68.7,0.16,3.1,80,609,301,0,21.3,84.99,963,80,609,0,301,24,187,4.3
2021,5,31,5,30,54.97,0.16,3.1,100,751,531,0,20.700000000000003,72.37,963,100,751,0,531,26.1,187,4.6000000000000005
2021,5,31,6,30,41.660000000000004,0.16,3.1,116,818,727,1,20.200000000000003,62.440000000000005,962,116,818,0,727,28,188,4.6000000000000005
2021,5,31,7,30,29.45,0.16,3.2,126,854,870,3,19.700000000000003,55.4,962,417,41,0,452,29.6,189,4.6000000000000005
2021,5,31,8,30,20.52,0.16,3.2,132,868,946,3,19.3,50.78,961,461,130,0,583,30.700000000000003,190,4.6000000000000005
2021,5,31,9,30,19.96,0.16,3.3000000000000003,135,865,947,0,18.900000000000002,47.480000000000004,960,135,865,0,947,31.400000000000002,190,4.4
2021,5,31,10,30,28.28,0.16,3.4000000000000004,131,846,876,2,18.6,45.94,959,477,176,0,632,31.6,187,4.1000000000000005
2021,5,31,11,30,40.29,0.16,3.4000000000000004,122,809,740,3,18.3,45.4,958,363,47,0,399,31.5,183,3.8000000000000003
2021,5,31,12,30,53.53,0.16,3.5,109,739,548,0,18.1,46.95,958,109,739,0,548,30.700000000000003,177,3.6
2021,5,31,13,30,67.22,0.16,3.6,88,604,322,1,18.1,51.660000000000004,958,88,604,0,322,29.1,169,3.1
2021,5,31,14,30,81.05,0.16,3.6,49,308,97,3,19.3,62.83,959,20,0,0,20,27,160,2.8000000000000003
2021,5,31,15,30,95.03,0.16,3.7,0,0,0,3,19.6,70.09,959,0,0,0,0,25.5,156,3.3000000000000003
2021,5,31,16,30,108.78,0.16,3.8000000000000003,0,0,0,0,19.5,73.62,960,0,0,0,0,24.5,155,3.9000000000000004
2021,5,31,17,30,122.2,0.16,3.8000000000000003,0,0,0,0,19.700000000000003,79.09,961,0,0,0,0,23.5,155,3.8000000000000003
2021,5,31,18,30,134.92000000000002,0.16,3.8000000000000003,0,0,0,0,20,85.91,961,0,0,0,0,22.5,157,3.3000000000000003
2021,5,31,19,30,146.08,0.16,3.9000000000000004,0,0,0,0,20.400000000000002,91.85000000000001,961,0,0,0,0,21.8,160,3
2021,5,31,20,30,153.59,0.16,3.8000000000000003,0,0,0,0,20.8,95.8,961,0,0,0,0,21.5,165,2.9000000000000004
2021,5,31,21,30,154.04,0.16,3.7,0,0,0,0,21.1,97.73,960,0,0,0,0,21.5,171,3.1
2021,5,31,22,30,147.13,0.16,3.6,0,0,0,0,21.3,99.56,960,0,0,0,0,21.400000000000002,177,3.1
2021,5,31,23,30,136.23,0.16,3.5,0,0,0,0,21.3,100,960,0,0,0,0,21.3,180,2.9000000000000004
2021,6,1,0,30,123.62,0.16,3.4000000000000004,0,0,0,0,21.200000000000003,100,960,0,0,0,0,21.200000000000003,183,2.6
2021,6,1,1,30,110.26,0.16,3.4000000000000004,0,0,0,0,21.1,100,960,0,0,0,0,21.1,185,2.4000000000000004
2021,6,1,2,30,96.54,0.16,3.4000000000000004,0,0,0,1,21.200000000000003,100,961,0,0,0,0,21.200000000000003,188,2.5
2021,6,1,3,30,82.56,0.16,3.5,43,253,76,0,21.400000000000002,95.13,961,43,253,0,76,22.200000000000003,189,3.3000000000000003
2021,6,1,4,30,68.75,0.16,3.6,87,573,295,3,21.1,85.41,962,181,24,0,189,23.700000000000003,188,4.2
2021,6,1,5,30,55.04,0.16,3.7,111,715,521,0,20.5,75.28,962,111,715,0,521,25.200000000000003,188,4.5
2021,6,1,6,30,41.74,0.16,3.8000000000000003,124,793,716,3,20.1,67.74,962,387,99,0,461,26.6,189,4.6000000000000005
2021,6,1,7,30,29.560000000000002,0.16,3.8000000000000003,131,838,859,3,20,61.7,961,461,150,0,592,28,191,4.800000000000001
2021,6,1,8,30,20.66,0.16,3.8000000000000003,133,861,938,3,19.8,56.89,960,410,9,0,418,29.200000000000003,193,5
2021,6,1,9,30,20.080000000000002,0.16,3.8000000000000003,184,787,924,3,19.400000000000002,52.81,959,477,90,0,561,30.1,195,5
2021,6,1,10,30,28.34,0.16,3.8000000000000003,176,773,856,3,18.900000000000002,50.39,958,158,0,0,158,30.400000000000002,195,4.9
2021,6,1,11,30,40.31,0.16,3.8000000000000003,165,729,721,3,18.5,49.22,957,263,1,0,263,30.3,195,4.7
2021,6,1,12,30,53.52,0.16,3.8000000000000003,164,606,524,3,18,49.870000000000005,957,109,0,0,109,29.6,193,4.3
2021,6,1,13,30,67.2,0.16,3.8000000000000003,130,446,303,0,17.8,53.38,958,130,446,0,303,28.200000000000003,188,3.5
2021,6,1,14,30,81.02,0.16,3.7,64,155,88,0,18.5,62.2,958,64,155,0,88,26.3,181,2.7
2021,6,1,15,30,94.98,0.16,3.7,0,0,0,0,18.900000000000002,69.4,959,0,0,0,0,24.900000000000002,173,3
2021,6,1,16,30,108.72,0.16,3.7,0,0,0,3,18.6,71.26,960,0,0,0,0,24.1,170,3.7
2021,6,1,17,30,122.12,0.16,3.8000000000000003,0,0,0,1,18.8,76.48,961,0,0,0,0,23.200000000000003,171,3.7
2021,6,1,18,30,134.82,0.16,3.7,0,0,0,0,19.400000000000002,82.92,961,0,0,0,0,22.400000000000002,176,3.3000000000000003
2021,6,1,19,30,145.96,0.16,3.6,0,0,0,0,19.6,87.57000000000001,961,0,0,0,0,21.8,183,3.1
2021,6,1,20,30,153.45000000000002,0.16,3.4000000000000004,0,0,0,0,19.700000000000003,90.28,961,0,0,0,0,21.400000000000002,189,3
2021,6,1,21,30,153.92000000000002,0.16,3.2,0,0,0,3,19.700000000000003,92.5,961,0,0,0,0,21,194,2.7
2021,6,1,22,30,147.06,0.16,3,0,0,0,3,19.700000000000003,93.96000000000001,960,0,0,0,0,20.700000000000003,197,2.5
2021,6,1,23,30,136.19,0.16,3,0,0,0,0,19.700000000000003,95.7,960,0,0,0,0,20.400000000000002,199,2.3000000000000003
2021,6,2,0,30,123.61,0.16,3.1,0,0,0,0,19.8,96.74000000000001,960,0,0,0,0,20.3,198,2.5
2021,6,2,1,30,110.27,0.16,3.2,0,0,0,0,20,98.04,961,0,0,0,0,20.3,196,2.8000000000000003
2021,6,2,2,30,96.56,0.16,3.2,0,0,0,0,20.3,98.55,962,0,0,0,0,20.5,195,3
2021,6,2,3,30,82.59,0.16,3.2,51,159,72,1,20.5,93.14,962,51,159,0,72,21.700000000000003,194,3.9000000000000004
2021,6,2,4,30,68.8,0.16,3.2,104,509,288,3,20.5,82.27,963,77,0,0,77,23.700000000000003,192,5.1000000000000005
2021,6,2,5,30,55.1,0.16,3.3000000000000003,131,671,515,3,19.6,69.15,963,203,1,0,204,25.700000000000003,192,5.7
2021,6,2,6,30,41.83,0.16,3.3000000000000003,145,761,712,3,19.1,60,963,409,120,0,499,27.6,193,5.7
2021,6,2,7,30,29.67,0.16,3.4000000000000004,157,801,853,2,18.8,53.15,962,478,164,0,621,29.3,194,5.7
2021,6,2,8,30,20.79,0.16,3.5,167,815,929,0,18.3,47.57,961,167,815,0,929,30.700000000000003,194,5.6000000000000005
2021,6,2,9,30,20.19,0.16,3.6,162,821,933,2,17.900000000000002,44,960,507,160,0,657,31.6,193,5.4
2021,6,2,10,30,28.39,0.16,3.6,161,798,864,3,17.5,41.94,959,432,66,0,491,32,192,5.1000000000000005
2021,6,2,11,30,40.33,0.16,3.6,151,757,728,8,17.1,41.38,958,305,388,7,601,31.8,189,4.9
2021,6,2,12,30,53.52,0.16,3.6,135,679,538,0,16.8,42.57,958,135,679,0,538,31,185,4.5
2021,6,2,13,30,67.18,0.16,3.6,108,532,314,3,16.8,46.57,959,111,0,0,111,29.400000000000002,179,3.8000000000000003
2021,6,2,14,30,80.98,0.16,3.5,58,232,95,3,17.6,56.57,959,4,0,0,4,27,170,3.2
2021,6,2,15,30,94.93,0.16,3.5,0,0,0,0,17.8,64.4,960,0,0,0,0,25,164,3.4000000000000004
2021,6,2,16,30,108.65,0.16,3.4000000000000004,0,0,0,0,17.5,68.17,961,0,0,0,0,23.700000000000003,162,3.5
2021,6,2,17,30,122.04,0.16,3.4000000000000004,0,0,0,0,17.7,74.22,962,0,0,1,0,22.5,163,3.2
2021,6,2,18,30,134.73,0.16,3.3000000000000003,0,0,0,0,18.1,80.26,962,0,0,0,0,21.6,166,3
2021,6,2,19,30,145.84,0.16,3.1,0,0,0,0,18.5,86.15,962,0,0,0,0,20.900000000000002,170,2.8000000000000003
2021,6,2,20,30,153.32,0.16,2.9000000000000004,0,0,0,0,18.900000000000002,92.07000000000001,961,0,0,0,0,20.200000000000003,174,2.6
2021,6,2,21,30,153.81,0.16,2.8000000000000003,0,0,0,0,19.1,96.53,961,0,0,0,0,19.700000000000003,178,2.4000000000000004
2021,6,2,22,30,146.99,0.16,2.6,0,0,0,0,19.200000000000003,100,961,0,0,0,0,19.200000000000003,184,2.2
2021,6,2,23,30,136.16,0.16,2.6,0,0,0,0,18.8,100,961,0,0,0,0,18.8,190,2
2021,6,3,0,30,123.61,0.16,2.6,0,0,0,0,18.6,100,961,0,0,0,0,18.6,197,1.9000000000000001
2021,6,3,1,30,110.28,0.16,2.6,0,0,0,0,18.5,100,962,0,0,0,0,18.5,203,1.8
2021,6,3,2,30,96.59,0.16,2.6,0,0,0,0,18.900000000000002,100,962,0,0,0,0,18.900000000000002,209,2.3000000000000003
2021,6,3,3,30,82.63,0.16,2.7,45,258,78,0,19.200000000000003,91.09,963,45,258,0,78,20.700000000000003,211,3.3000000000000003
2021,6,3,4,30,68.85000000000001,0.16,2.8000000000000003,86,592,300,0,19.400000000000002,79.12,964,86,592,0,300,23.200000000000003,207,4.4
2021,6,3,5,30,55.160000000000004,0.16,2.8000000000000003,107,743,531,0,19.1,67.41,964,107,743,0,531,25.6,205,4.800000000000001
2021,6,3,6,30,41.910000000000004,0.16,2.9000000000000004,119,818,728,0,18.6,58.27,963,119,818,0,728,27.5,206,4.800000000000001
2021,6,3,7,30,29.77,0.16,3,128,854,870,0,17.900000000000002,50.63,963,128,854,0,870,29.200000000000003,207,4.7
2021,6,3,8,30,20.92,0.16,3.1,135,866,945,0,17.2,44.85,962,135,866,0,945,30.5,207,4.7
2021,6,3,9,30,20.29,0.16,3.2,118,892,955,0,16.6,40.74,961,118,892,0,955,31.5,207,4.5
2021,6,3,10,30,28.44,0.16,3.3000000000000003,118,870,883,0,16.2,38.54,960,118,870,0,883,32.1,205,4.4
2021,6,3,11,30,40.34,0.16,3.4000000000000004,114,826,744,0,16.1,37.9,959,114,826,0,744,32.300000000000004,202,4.1000000000000005
2021,6,3,12,30,53.51,0.16,3.5,106,747,550,0,16.2,39.46,959,106,747,0,550,31.700000000000003,197,3.8000000000000003
2021,6,3,13,30,67.16,0.16,3.6,89,604,324,1,16.6,44.32,959,89,604,0,324,30.1,189,2.9000000000000004
2021,6,3,14,30,80.94,0.16,3.6,51,306,100,0,18.8,58.74,960,51,306,0,100,27.6,176,2.3000000000000003
2021,6,3,15,30,94.88,0.16,3.6,0,0,0,0,19.400000000000002,67.36,960,0,0,0,0,25.900000000000002,164,3
2021,6,3,16,30,108.59,0.16,3.6,0,0,0,1,19,69.86,961,0,0,0,0,24.900000000000002,159,3.8000000000000003
2021,6,3,17,30,121.97,0.16,3.6,0,0,0,0,19.400000000000002,76.78,962,0,0,0,0,23.700000000000003,158,3.8000000000000003
2021,6,3,18,30,134.63,0.16,3.6,0,0,0,0,19.900000000000002,84.11,962,0,0,0,0,22.700000000000003,161,3.3000000000000003
2021,6,3,19,30,145.73,0.16,3.5,0,0,0,0,20.3,90.72,962,0,0,0,0,21.900000000000002,164,3
2021,6,3,20,30,153.20000000000002,0.16,3.5,0,0,0,0,20.700000000000003,95.11,962,0,0,0,0,21.5,168,3.1
2021,6,3,21,30,153.70000000000002,0.16,3.5,0,0,0,0,21,98.26,961,0,0,0,0,21.3,173,3.2
2021,6,3,22,30,146.92000000000002,0.16,3.4000000000000004,0,0,0,0,21.200000000000003,100,961,0,0,0,0,21.200000000000003,177,3.2
2021,6,3,23,30,136.13,0.16,3.3000000000000003,0,0,0,0,21.1,100,961,0,0,0,0,21.1,180,3.2
2021,6,4,0,30,123.60000000000001,0.16,3.3000000000000003,0,0,0,0,21,100,962,0,0,0,0,21,183,3
2021,6,4,1,30,110.29,0.16,3.2,0,0,0,0,20.8,100,962,0,0,0,0,20.8,185,2.7
2021,6,4,2,30,96.61,0.16,3.2,0,0,0,0,20.900000000000002,100,963,0,0,0,0,20.900000000000002,189,2.8000000000000003
2021,6,4,3,30,82.67,0.16,3.2,39,309,79,0,21,93.59,963,39,309,0,79,22.1,192,3.8000000000000003
2021,6,4,4,30,68.9,0.16,3.3000000000000003,73,635,302,1,20.8,81.24,964,73,635,0,302,24.200000000000003,193,4.800000000000001
2021,6,4,5,30,55.230000000000004,0.16,3.3000000000000003,91,770,531,0,20.3,69,964,91,770,0,531,26.400000000000002,195,5.2
2021,6,4,6,30,41.99,0.16,3.4000000000000004,104,836,725,0,19.8,59.49,963,104,836,0,725,28.5,196,5.2
2021,6,4,7,30,29.87,0.16,3.5,113,869,867,0,19.5,52.69,963,113,869,0,867,30.200000000000003,197,5.2
2021,6,4,8,30,21.04,0.16,3.5,118,884,943,0,19,47.82,962,118,884,0,943,31.400000000000002,197,5
2021,6,4,9,30,20.39,0.16,3.6,112,894,949,1,18.6,44.62,960,112,894,0,949,32.2,198,4.800000000000001
2021,6,4,10,30,28.48,0.16,3.6,112,875,881,3,18.3,43.06,960,443,131,0,558,32.5,198,4.5
2021,6,4,11,30,40.35,0.16,3.7,107,836,744,1,18,42.76,959,107,836,0,744,32.300000000000004,196,4.2
2021,6,4,12,30,53.5,0.16,3.7,105,747,549,3,17.900000000000002,44.230000000000004,959,307,65,0,346,31.5,191,3.9000000000000004
2021,6,4,13,30,67.13,0.16,3.8000000000000003,87,607,323,3,18.1,49.39,959,90,0,0,90,29.8,183,3.3000000000000003
2021,6,4,14,30,80.9,0.16,3.9000000000000004,52,295,99,2,19.200000000000003,59.97,960,23,0,0,23,27.700000000000003,172,2.8000000000000003
2021,6,4,15,30,94.83,0.16,3.9000000000000004,0,0,0,0,19.900000000000002,68.62,961,0,0,0,0,26.1,163,3.2
2021,6,4,16,30,108.53,0.16,3.9000000000000004,0,0,0,0,19.700000000000003,71.92,962,0,0,0,0,25.1,160,3.8000000000000003
2021,6,4,17,30,121.89,0.16,3.8000000000000003,0,0,0,0,19.700000000000003,77.43,962,0,0,0,0,23.900000000000002,159,3.7
2021,6,4,18,30,134.54,0.16,3.8000000000000003,0,0,0,0,19.900000000000002,83.31,963,0,0,0,0,22.900000000000002,160,3.3000000000000003
2021,6,4,19,30,145.62,0.16,3.7,0,0,0,0,20.200000000000003,89,963,0,0,0,0,22.1,163,3.1
2021,6,4,20,30,153.08,0.16,3.6,0,0,0,0,20.5,93.62,962,0,0,0,0,21.6,168,3.1
2021,6,4,21,30,153.6,0.16,3.5,0,0,0,0,20.900000000000002,97.32000000000001,962,0,0,0,0,21.3,174,3.2
2021,6,4,22,30,146.87,0.16,3.3000000000000003,0,0,0,0,21,99.56,961,0,0,0,0,21.1,179,3
2021,6,4,23,30,136.11,0.16,3.2,0,0,0,0,20.900000000000002,100,961,0,0,0,0,20.900000000000002,184,3
2021,6,5,0,30,123.60000000000001,0.16,3,0,0,0,0,20.700000000000003,100,962,0,0,0,0,20.700000000000003,189,2.9000000000000004
2021,6,5,1,30,110.31,0.16,2.9000000000000004,0,0,0,0,20.400000000000002,100,962,0,0,0,0,20.400000000000002,192,2.6
2021,6,5,2,30,96.64,0.16,2.8000000000000003,0,0,0,0,20.400000000000002,100,962,0,0,0,0,20.400000000000002,196,2.8000000000000003
2021,6,5,3,30,82.71000000000001,0.16,2.8000000000000003,45,238,75,0,20.5,94.52,963,45,238,0,75,21.400000000000002,197,3.6
2021,6,5,4,30,68.95,0.16,2.8000000000000003,89,576,296,3,20.1,81.48,963,160,10,0,163,23.5,197,4.5
2021,6,5,5,30,55.29,0.16,2.8000000000000003,110,731,527,2,19.3,67.55,964,316,127,0,388,25.8,198,4.800000000000001
2021,6,5,6,30,42.07,0.16,2.9000000000000004,127,800,721,0,18.7,57.19,963,127,800,0,721,27.900000000000002,198,4.9
2021,6,5,7,30,29.97,0.16,2.9000000000000004,135,845,867,0,18.1,49.480000000000004,962,135,845,0,867,29.8,200,4.9
2021,6,5,8,30,21.16,0.16,3,138,863,942,0,17.7,44.230000000000004,961,138,863,0,942,31.3,202,4.9
2021,6,5,9,30,20.48,0.16,3,120,890,955,0,17.400000000000002,41.12,960,120,890,0,955,32.300000000000004,203,4.800000000000001
2021,6,5,10,30,28.52,0.16,3.1,117,873,884,0,17.3,39.64,959,117,873,0,884,32.800000000000004,203,4.5
2021,6,5,11,30,40.35,0.16,3.2,111,835,747,0,17.2,39.61,959,111,835,0,747,32.7,201,4.2
2021,6,5,12,30,53.480000000000004,0.16,3.3000000000000003,99,768,556,0,17,41.02,958,99,768,0,556,31.900000000000002,196,3.9000000000000004
2021,6,5,13,30,67.1,0.16,3.4000000000000004,80,643,330,1,17.2,45.83,959,80,643,0,330,30.200000000000003,188,3.1
2021,6,5,14,30,80.86,0.16,3.4000000000000004,46,361,104,2,18.7,57.24,959,5,0,0,5,27.900000000000002,178,2.6
2021,6,5,15,30,94.78,0.16,3.5,0,0,0,0,19.400000000000002,66.19,960,0,0,0,0,26.200000000000003,171,3.1
2021,6,5,16,30,108.47,0.16,3.5,0,0,0,0,19,68.62,960,0,0,0,0,25.200000000000003,168,3.9000000000000004
2021,6,5,17,30,121.82000000000001,0.16,3.5,0,0,0,0,19.200000000000003,74.34,961,0,0,0,0,24,168,3.9000000000000004
2021,6,5,18,30,134.45,0.16,3.6,0,0,0,0,19.5,80.63,962,0,0,0,0,23,172,3.5
2021,6,5,19,30,145.52,0.16,3.6,0,0,0,0,19.900000000000002,86.83,962,0,0,0,0,22.200000000000003,177,3.1
2021,6,5,20,30,152.96,0.16,3.5,0,0,0,0,20.3,91.77,962,0,0,0,0,21.700000000000003,183,3
2021,6,5,21,30,153.51,0.16,3.5,0,0,0,0,20.6,95.46000000000001,962,0,0,0,0,21.400000000000002,188,3
2021,6,5,22,30,146.82,0.16,3.4000000000000004,0,0,0,0,20.900000000000002,98.24000000000001,962,0,0,0,0,21.200000000000003,193,3.1
2021,6,5,23,30,136.09,0.16,3.4000000000000004,0,0,0,0,21.1,99.89,962,0,0,0,0,21.1,196,3
2021,6,6,0,30,123.60000000000001,0.15,3.3000000000000003,0,0,0,0,21,100,962,0,0,0,0,21,199,3
2021,6,6,1,30,110.32000000000001,0.15,3.3000000000000003,0,0,0,0,21,100,962,0,0,0,0,21,201,2.8000000000000003
2021,6,6,2,30,96.67,0.15,3.3000000000000003,0,0,0,0,21.200000000000003,100,963,0,0,0,0,21.200000000000003,202,2.9000000000000004
2021,6,6,3,30,82.75,0.15,3.3000000000000003,40,290,76,0,21.400000000000002,95.45,963,40,290,0,76,22.200000000000003,203,3.8000000000000003
2021,6,6,4,30,69,0.15,3.3000000000000003,75,622,298,3,21.6,85.77,964,114,1,0,115,24.1,202,5
2021,6,6,5,30,55.36,0.15,3.3000000000000003,93,765,527,1,21,73.08,964,93,765,0,527,26.200000000000003,202,5.6000000000000005
2021,6,6,6,30,42.14,0.15,3.3000000000000003,103,838,724,0,20.5,62.53,963,103,838,0,724,28.3,203,5.800000000000001
2021,6,6,7,30,30.07,0.15,3.3000000000000003,109,877,868,1,20.1,55.57,963,109,877,0,868,30,203,5.800000000000001
2021,6,6,8,30,21.27,0.15,3.3000000000000003,111,897,946,0,19.8,50.2,962,111,897,0,946,31.400000000000002,205,5.800000000000001
2021,6,6,9,30,20.57,0.15,3.3000000000000003,102,911,955,0,19.400000000000002,46.51,961,102,911,0,955,32.300000000000004,206,5.6000000000000005
2021,6,6,10,30,28.560000000000002,0.15,3.3000000000000003,99,898,887,0,18.900000000000002,44.17,960,99,898,0,887,32.7,207,5.300000000000001
2021,6,6,11,30,40.36,0.15,3.4000000000000004,93,865,752,0,18.3,42.62,959,93,865,0,752,32.7,206,5
2021,6,6,12,30,53.47,0.15,3.4000000000000004,91,787,559,0,17.900000000000002,42.99,959,91,787,0,559,32,203,4.7
2021,6,6,13,30,67.07000000000001,0.15,3.4000000000000004,75,662,333,0,17.6,46.01,959,75,662,0,333,30.5,197,3.8000000000000003
2021,6,6,14,30,80.82000000000001,0.15,3.4000000000000004,46,372,106,0,18.3,55.07,960,46,372,0,106,28.200000000000003,189,3
2021,6,6,15,30,94.73,0.15,3.4000000000000004,0,0,0,0,18.8,62.85,960,0,0,0,0,26.5,181,3.3000000000000003
2021,6,6,16,30,108.41,0.15,3.4000000000000004,0,0,0,0,18.6,65.68,961,0,0,0,0,25.5,176,3.8000000000000003
2021,6,6,17,30,121.74000000000001,0.15,3.5,0,0,0,0,18.8,71.18,962,0,0,0,0,24.400000000000002,174,3.6
2021,6,6,18,30,134.37,0.15,3.5,0,0,0,0,19.400000000000002,77.98,962,0,0,0,0,23.5,176,3.2
2021,6,6,19,30,145.42000000000002,0.15,3.4000000000000004,0,0,0,0,20.200000000000003,85.12,963,0,0,0,0,22.8,182,2.9000000000000004
2021,6,6,20,30,152.85,0.15,3.4000000000000004,0,0,0,0,20.700000000000003,90.64,962,0,0,0,0,22.3,190,2.7
2021,6,6,21,30,153.42000000000002,0.15,3.3000000000000003,0,0,0,0,21,93.89,962,0,0,0,0,22,197,2.9000000000000004
2021,6,6,22,30,146.77,0.15,3.2,0,0,0,0,21,95.7,962,0,0,0,0,21.700000000000003,204,3.1
2021,6,6,23,30,136.07,0.15,3.1,0,0,0,0,20.900000000000002,96.99000000000001,962,0,0,0,0,21.400000000000002,210,3.2
2021,6,7,0,30,123.61,0.15,3.1,0,0,0,0,20.8,97.83,962,0,0,0,0,21.200000000000003,214,3.2
2021,6,7,1,30,110.34,0.15,3.2,0,0,0,0,20.900000000000002,99.3,962,0,0,0,0,21,218,3
2021,6,7,2,30,96.7,0.15,3.3000000000000003,0,0,0,0,21,98.81,963,0,0,0,0,21.200000000000003,222,2.9000000000000004
2021,6,7,3,30,82.79,0.15,3.3000000000000003,42,276,76,0,21.200000000000003,94.17,963,42,276,0,76,22.200000000000003,223,3.9000000000000004
2021,6,7,4,30,69.05,0.15,3.4000000000000004,78,611,297,1,21.3,83.99,964,78,611,0,297,24.200000000000003,221,5.300000000000001
2021,6,7,5,30,55.42,0.15,3.4000000000000004,94,762,526,3,20.900000000000002,71.2,964,171,1,0,171,26.5,220,5.9
2021,6,7,6,30,42.22,0.15,3.5,108,825,719,3,20.5,62.050000000000004,964,225,1,0,225,28.5,221,5.9
2021,6,7,7,30,30.16,0.15,3.5,108,876,865,1,20.3,55.78,963,108,876,0,865,30.1,221,5.9
2021,6,7,8,30,21.38,0.15,3.6,107,898,943,3,20.200000000000003,51.7,962,354,2,0,356,31.3,222,5.800000000000001
2021,6,7,9,30,20.650000000000002,0.15,3.7,103,903,948,3,20.1,49.71,961,434,27,0,460,31.900000000000002,221,5.7
2021,6,7,10,30,28.59,0.15,3.9000000000000004,99,890,880,2,20,49.1,960,452,245,0,667,32,219,5.6000000000000005
2021,6,7,11,30,40.36,0.15,4,94,855,745,2,19.900000000000002,50.38,960,387,114,0,474,31.5,215,5.4
2021,6,7,12,30,53.45,0.15,4.2,89,781,554,1,20.1,54.02,960,89,781,0,554,30.400000000000002,208,5.1000000000000005
2021,6,7,13,30,67.04,0.15,4.2,77,644,329,0,20.3,60.17,960,77,644,0,329,28.8,199,4.5
2021,6,7,14,30,80.78,0.15,4.3,48,343,103,0,20.8,68.87,961,48,343,0,103,27,188,3.7
2021,6,7,15,30,94.67,0.15,4.2,0,0,0,0,21.3,77.56,961,0,0,1,0,25.5,181,3.5
2021,6,7,16,30,108.34,0.15,4.1000000000000005,0,0,0,1,21.400000000000002,82.57000000000001,962,0,0,0,0,24.6,179,3.4000000000000004
2021,6,7,17,30,121.67,0.15,4,0,0,0,3,21.5,87.52,963,0,0,0,0,23.700000000000003,179,3.2
2021,6,7,18,30,134.28,0.15,3.9000000000000004,0,0,0,0,21.400000000000002,90.35000000000001,963,0,0,0,0,23.1,182,3.1
2021,6,7,19,30,145.32,0.15,3.8000000000000003,0,0,0,0,21.400000000000002,93.35000000000001,963,0,0,0,0,22.5,185,3.2
2021,6,7,20,30,152.75,0.15,3.7,0,0,0,0,21.400000000000002,96.56,963,0,0,0,0,22,189,3.1
2021,6,7,21,30,153.34,0.15,3.6,0,0,0,0,21.6,99.10000000000001,962,0,0,0,0,21.700000000000003,195,3
2021,6,7,22,30,146.73,0.15,3.6,0,0,0,0,21.6,100,962,0,0,0,0,21.6,200,3.1
2021,6,7,23,30,136.06,0.15,3.5,0,0,0,0,21.6,100,962,0,0,0,0,21.6,204,3.3000000000000003
2021,6,8,0,30,123.62,0.15,3.4000000000000004,0,0,0,0,21.400000000000002,100,962,0,0,0,0,21.400000000000002,206,3.3000000000000003
2021,6,8,1,30,110.37,0.15,3.3000000000000003,0,0,0,0,21.3,100,962,0,0,0,0,21.3,208,3.3000000000000003
2021,6,8,2,30,96.74000000000001,0.15,3.3000000000000003,0,0,0,0,21.400000000000002,100,963,0,0,0,0,21.400000000000002,210,3.4000000000000004
2021,6,8,3,30,82.83,0.15,3.2,40,293,76,0,21.5,95.29,964,40,293,0,76,22.3,210,4.2
2021,6,8,4,30,69.10000000000001,0.15,3.3000000000000003,74,624,297,0,21.400000000000002,85.10000000000001,964,74,624,0,297,24.1,208,5.1000000000000005
2021,6,8,5,30,55.480000000000004,0.15,3.3000000000000003,91,768,526,0,20.700000000000003,71.54,964,91,768,0,526,26.3,207,5.4
2021,6,8,6,30,42.300000000000004,0.15,3.4000000000000004,100,839,721,2,20.1,61.21,964,375,96,0,446,28.3,205,5.5
2021,6,8,7,30,30.25,0.15,3.4000000000000004,107,877,864,1,19.8,54.88,963,107,877,0,864,29.8,204,5.5
2021,6,8,8,30,21.48,0.15,3.5,110,894,942,3,19.700000000000003,51.19,962,236,0,0,236,30.900000000000002,202,5.5
2021,6,8,9,30,20.72,0.15,3.6,138,852,935,0,19.6,49.550000000000004,961,138,852,0,935,31.400000000000002,200,5.4
2021,6,8,10,30,28.61,0.15,3.7,133,837,867,3,19.5,49.43,961,428,77,0,495,31.400000000000002,198,5.4
2021,6,8,11,30,40.35,0.15,3.8000000000000003,123,801,734,2,19.400000000000002,50.42,960,409,139,0,515,30.900000000000002,194,5.300000000000001
2021,6,8,12,30,53.43,0.15,3.9000000000000004,141,658,533,0,19.400000000000002,53.75,960,141,658,0,533,29.8,188,5.1000000000000005
2021,6,8,13,30,67,0.15,4,112,512,312,2,19.700000000000003,60.27,960,199,27,0,209,28.1,181,4.7
2021,6,8,14,30,80.74,0.15,4,61,217,96,0,20.200000000000003,69.73,961,61,217,0,96,26.200000000000003,175,4
2021,6,8,15,30,94.62,0.15,4,0,0,0,0,20.8,78.25,962,0,0,0,0,24.8,172,3.6
2021,6,8,16,30,108.28,0.15,4,0,0,0,0,21,83.85000000000001,962,0,0,0,0,23.900000000000002,172,3.5
2021,6,8,17,30,121.60000000000001,0.15,4,0,0,0,1,21.200000000000003,88.36,963,0,0,0,0,23.200000000000003,174,3.3000000000000003
2021,6,8,18,30,134.2,0.15,4.1000000000000005,0,0,0,0,21.3,92.28,963,0,0,0,0,22.6,177,3.1
2021,6,8,19,30,145.22,0.15,4,0,0,0,0,21.400000000000002,95.05,963,0,0,0,0,22.200000000000003,182,3.1
2021,6,8,20,30,152.65,0.15,4,0,0,0,0,21.3,97.19,963,0,0,0,0,21.8,188,3.2
2021,6,8,21,30,153.27,0.15,3.8000000000000003,0,0,0,3,21.3,98.84,962,0,0,0,0,21.5,194,3.1
2021,6,8,22,30,146.69,0.15,3.7,0,0,0,1,21.200000000000003,100,962,0,0,0,0,21.200000000000003,200,3
2021,6,8,23,30,136.05,0.15,3.5,0,0,0,0,21,100,962,0,0,0,0,21,205,2.8000000000000003
2021,6,9,0,30,123.63000000000001,0.15,3.4000000000000004,0,0,0,1,20.700000000000003,100,962,0,0,0,0,20.700000000000003,211,2.6
2021,6,9,1,30,110.39,0.15,3.4000000000000004,0,0,0,3,20.6,100,962,0,0,0,0,20.6,217,2.4000000000000004
2021,6,9,2,30,96.77,0.15,3.4000000000000004,0,0,0,3,20.700000000000003,100,963,0,0,0,0,20.700000000000003,222,2.5
2021,6,9,3,30,82.88,0.15,3.5,44,214,71,3,20.900000000000002,94.89,963,55,3,7,56,21.8,220,3.3000000000000003
2021,6,9,4,30,69.16,0.15,3.5,86,566,287,3,21.200000000000003,84.72,963,128,3,0,129,23.900000000000002,214,4.4
2021,6,9,5,30,55.54,0.15,3.6,105,722,514,0,20.8,72.17,963,105,722,0,514,26.200000000000003,208,5
2021,6,9,6,30,42.37,0.15,3.7,118,799,708,1,20.400000000000002,62.71,963,118,799,0,708,28.200000000000003,205,5.300000000000001
2021,6,9,7,30,30.34,0.15,3.8000000000000003,127,838,850,3,20.1,56.53,962,412,107,0,505,29.700000000000003,204,5.5
2021,6,9,8,30,21.580000000000002,0.15,3.9000000000000004,131,855,926,1,20,52.620000000000005,961,131,855,0,926,30.8,202,5.5
2021,6,9,9,30,20.78,0.15,4,156,819,922,2,19.900000000000002,49.910000000000004,961,504,179,0,671,31.6,202,5.4
2021,6,9,10,30,28.63,0.15,4.1000000000000005,148,807,856,0,19.700000000000003,49.45,960,148,807,0,856,31.6,199,5.300000000000001
2021,6,9,11,30,40.35,0.15,4.2,134,775,725,1,19.700000000000003,51.06,959,134,775,0,725,31,195,5.1000000000000005
2021,6,9,12,30,53.4,0.15,4.3,116,711,540,3,19.8,54.730000000000004,959,175,0,0,175,29.900000000000002,188,5
2021,6,9,13,30,66.97,0.15,4.3,94,580,320,0,20,60.77,960,94,580,0,320,28.3,181,4.6000000000000005
2021,6,9,14,30,80.69,0.15,4.4,54,288,100,3,20.400000000000002,69.91,960,12,0,0,12,26.3,173,4
2021,6,9,15,30,94.57000000000001,0.15,4.3,0,0,0,3,20.8,78.24,961,0,0,0,0,24.8,169,3.8000000000000003
2021,6,9,16,30,108.22,0.15,4.2,0,0,0,1,20.8,82.12,962,0,0,0,0,24,169,3.9000000000000004
2021,6,9,17,30,121.53,0.15,4.1000000000000005,0,0,0,0,20.700000000000003,85.67,962,0,0,0,0,23.200000000000003,170,3.6
2021,6,9,18,30,134.12,0.15,4,0,0,0,1,20.700000000000003,89.62,963,0,0,0,0,22.5,173,3.1
2021,6,9,19,30,145.13,0.15,3.9000000000000004,0,0,0,0,20.900000000000002,93.84,962,0,0,0,0,21.900000000000002,179,2.8000000000000003
2021,6,9,20,30,152.56,0.15,3.8000000000000003,0,0,0,0,21.1,97.61,962,0,0,0,0,21.5,187,2.7
2021,6,9,21,30,153.20000000000002,0.15,3.7,0,0,0,3,21.3,99.87,961,0,0,0,0,21.3,194,2.7
2021,6,9,22,30,146.66,0.15,3.7,0,0,0,3,21.200000000000003,100,961,0,0,0,0,21.200000000000003,199,2.8000000000000003
2021,6,9,23,30,136.05,0.15,3.7,0,0,0,3,21.1,100,961,0,0,0,0,21.1,201,2.8000000000000003
2021,6,10,0,30,123.64,0.15,3.7,0,0,0,3,21,100,961,0,0,0,0,21,203,2.8000000000000003
2021,6,10,1,30,110.42,0.15,3.8000000000000003,0,0,0,3,20.900000000000002,100,961,0,0,0,0,20.900000000000002,204,2.8000000000000003
2021,6,10,2,30,96.81,0.15,3.8000000000000003,0,0,0,3,21,100,962,0,0,0,0,21,206,3.1
2021,6,10,3,30,82.92,0.15,3.7,43,226,71,3,21.200000000000003,95.79,962,51,1,7,51,21.900000000000002,206,3.9000000000000004
2021,6,10,4,30,69.21000000000001,0.15,3.7,86,565,286,3,21.1,85.19,963,172,18,0,178,23.700000000000003,205,4.800000000000001
2021,6,10,5,30,55.61,0.15,3.7,105,722,512,3,20.200000000000003,70.9,963,297,71,0,337,25.900000000000002,204,5.300000000000001
2021,6,10,6,30,42.44,0.15,3.6,115,806,710,2,19.400000000000002,60.050000000000004,962,390,214,0,548,27.900000000000002,205,5.4
2021,6,10,7,30,30.42,0.15,3.7,120,850,853,1,19,53.27,962,120,850,0,853,29.5,204,5.6000000000000005
2021,6,10,8,30,21.67,0.15,3.7,124,870,932,3,18.6,48.45,961,279,1,0,280,30.700000000000003,203,5.7
2021,6,10,9,30,20.84,0.15,3.7,182,783,915,3,18.400000000000002,46.24,960,505,150,0,645,31.3,203,5.7
2021,6,10,10,30,28.650000000000002,0.15,3.8000000000000003,172,772,849,3,18.3,45.86,959,375,7,0,381,31.400000000000002,202,5.6000000000000005
2021,6,10,11,30,40.33,0.15,3.8000000000000003,154,743,720,3,18.3,46.67,958,363,46,0,398,31,201,5.5
2021,6,10,12,30,53.38,0.15,3.9000000000000004,121,703,540,3,18.2,49.300000000000004,958,279,41,0,304,30,197,5.300000000000001
2021,6,10,13,30,66.93,0.15,3.9000000000000004,97,573,321,3,18.400000000000002,54.64,958,197,23,0,206,28.400000000000002,191,4.9
2021,6,10,14,30,80.65,0.15,4,56,275,100,3,18.900000000000002,63.51,959,4,0,0,4,26.400000000000002,184,4.3
2021,6,10,15,30,94.52,0.15,4.1000000000000005,0,0,0,3,19.6,73.55,960,0,0,0,0,24.6,178,4.1000000000000005
2021,6,10,16,30,108.16,0.15,4.1000000000000005,0,0,0,3,19.900000000000002,80.12,961,0,0,0,0,23.5,177,4
2021,6,10,17,30,121.46000000000001,0.15,4,0,0,0,3,20,85.43,961,0,0,1,0,22.6,179,3.8000000000000003
2021,6,10,18,30,134.04,0.15,4,0,0,0,3,20.1,89.23,962,0,0,0,0,22,183,3.6
2021,6,10,19,30,145.05,0.15,4,0,0,0,8,20.200000000000003,92.34,961,0,0,0,0,21.5,187,3.4000000000000004
2021,6,10,20,30,152.47,0.15,4,0,0,0,7,20.3,94.64,961,0,0,0,0,21.200000000000003,190,3.4000000000000004
2021,6,10,21,30,153.14000000000001,0.15,4,0,0,0,7,20.400000000000002,96.24000000000001,961,0,0,0,0,21,194,3.6
2021,6,10,22,30,146.64000000000001,0.15,3.9000000000000004,0,0,0,0,20.400000000000002,97.55,960,0,0,0,0,20.8,197,3.6
2021,6,10,23,30,136.05,0.15,3.9000000000000004,0,0,0,0,20.400000000000002,99.01,960,0,0,0,0,20.6,200,3.4000000000000004
2021,6,11,0,30,123.66,0.15,3.9000000000000004,0,0,0,0,20.5,99.75,961,0,0,0,0,20.5,202,3.5
2021,6,11,1,30,110.45,0.15,3.8000000000000003,0,0,0,0,20.3,100,961,0,0,0,0,20.3,204,3.4000000000000004
2021,6,11,2,30,96.85000000000001,0.15,3.8000000000000003,0,0,0,0,20.400000000000002,99.88,961,0,0,0,0,20.400000000000002,206,3.4000000000000004
2021,6,11,3,30,82.97,0.15,3.7,47,163,67,0,20.5,94.53,962,47,163,0,67,21.400000000000002,205,4.2
2021,6,11,4,30,69.26,0.15,3.6,97,516,280,0,20.400000000000002,84.35000000000001,962,97,516,0,280,23.200000000000003,202,5.4
2021,6,11,5,30,55.67,0.15,3.6,118,690,507,0,19.6,70.26,962,118,690,0,507,25.400000000000002,200,5.9
2021,6,11,6,30,42.51,0.15,3.6,130,778,703,2,18.900000000000002,60.25,962,400,137,0,502,27.3,199,5.9
2021,6,11,7,30,30.51,0.15,3.6,137,823,847,3,18.6,53.7,962,301,1,0,302,28.900000000000002,200,5.800000000000001
2021,6,11,8,30,21.75,0.15,3.6,141,844,925,3,18.3,49.1,961,302,1,0,303,30.200000000000003,201,5.800000000000001
2021,6,11,9,30,20.900000000000002,0.15,3.6,142,845,932,3,18,45.67,960,178,0,0,178,31.1,202,5.800000000000001
2021,6,11,10,30,28.66,0.15,3.6,136,833,867,3,17.5,43.19,959,284,1,0,285,31.5,202,5.800000000000001
2021,6,11,11,30,40.32,0.15,3.6,128,795,734,3,16.900000000000002,41.99,958,240,1,0,241,31.400000000000002,200,5.7
2021,6,11,12,30,53.35,0.15,3.6,119,714,545,2,16.6,42.92,958,318,77,0,364,30.6,196,5.5
2021,6,11,13,30,66.89,0.15,3.6,97,576,323,3,16.400000000000002,46.32,958,139,2,0,140,29.1,190,5
2021,6,11,14,30,80.60000000000001,0.15,3.6,56,278,101,3,16.8,53.480000000000004,959,4,0,0,4,27,182,4.4
2021,6,11,15,30,94.46000000000001,0.15,3.5,0,0,0,3,17.3,61.870000000000005,960,0,0,0,0,25.1,177,4.2
2021,6,11,16,30,108.10000000000001,0.15,3.5,0,0,0,3,17.5,68.22,961,0,0,0,0,23.700000000000003,175,4.1000000000000005
2021,6,11,17,30,121.4,0.15,3.5,0,0,0,0,17.8,74.72,962,0,0,0,0,22.5,176,3.8000000000000003
2021,6,11,18,30,133.97,0.15,3.4000000000000004,0,0,0,0,18,80.63,962,0,0,0,0,21.5,180,3.6
2021,6,11,19,30,144.97,0.15,3.4000000000000004,0,0,0,0,18.3,85.45,962,0,0,0,0,20.8,186,3.4000000000000004
2021,6,11,20,30,152.39000000000001,0.15,3.2,0,0,0,0,18.5,89.39,962,0,0,0,0,20.3,192,3.2
2021,6,11,21,30,153.09,0.15,3.1,0,0,0,0,18.7,93.16,961,0,0,0,0,19.8,196,3.2
2021,6,11,22,30,146.62,0.15,3,0,0,0,0,18.8,96.35000000000001,961,0,0,0,0,19.400000000000002,200,3.3000000000000003
2021,6,11,23,30,136.06,0.15,2.9000000000000004,0,0,0,0,18.900000000000002,98.01,961,0,0,0,0,19.200000000000003,203,3.3000000000000003
2021,6,12,0,30,123.68,0.15,2.9000000000000004,0,0,0,0,18.900000000000002,99.94,961,0,0,0,0,18.900000000000002,207,3
2021,6,12,1,30,110.48,0.15,2.9000000000000004,0,0,0,0,18.6,100,962,0,0,0,0,18.6,211,2.6
2021,6,12,2,30,96.89,0.15,2.9000000000000004,0,0,0,0,18.8,99.98,962,0,0,0,0,18.8,214,2.7
2021,6,12,3,30,83.01,0.15,2.9000000000000004,45,197,69,0,18.900000000000002,92.18,963,45,197,0,69,20.200000000000003,213,3.6
2021,6,12,4,30,69.32000000000001,0.15,2.9000000000000004,94,543,285,0,18.900000000000002,79.32000000000001,964,94,543,0,285,22.700000000000003,208,4.9
2021,6,12,5,30,55.730000000000004,0.15,2.9000000000000004,117,704,513,0,17.900000000000002,64.22,964,117,704,0,513,25.1,206,5.7
2021,6,12,6,30,42.58,0.15,2.9000000000000004,121,806,715,0,17.1,54.28,963,121,806,0,715,27.1,207,5.9
2021,6,12,7,30,30.580000000000002,0.15,2.9000000000000004,132,844,859,0,16.400000000000002,46.68,962,132,844,0,859,28.900000000000002,207,5.9
2021,6,12,8,30,21.830000000000002,0.15,3,140,855,934,0,15.8,41.43,961,140,855,0,934,30.3,207,5.9
2021,6,12,9,30,20.94,0.15,3,168,816,930,0,15.3,37.93,961,168,816,0,930,31.3,204,5.6000000000000005
2021,6,12,10,30,28.67,0.15,3.1,169,788,860,0,14.8,35.79,960,169,788,0,860,31.8,201,5.300000000000001
2021,6,12,11,30,40.300000000000004,0.15,3.1,162,740,726,0,14.4,35.12,959,162,740,0,726,31.700000000000003,197,5.1000000000000005
2021,6,12,12,30,53.32,0.15,3.2,145,656,537,1,14.200000000000001,35.85,959,145,656,0,537,31.1,193,4.800000000000001
2021,6,12,13,30,66.85,0.15,3.2,116,511,317,1,14.200000000000001,39.36,959,116,511,0,317,29.5,187,4.1000000000000005
2021,6,12,14,30,80.55,0.15,3.3000000000000003,62,223,98,2,15.200000000000001,49.17,960,28,0,0,28,26.8,178,3.2
2021,6,12,15,30,94.41,0.15,3.4000000000000004,0,0,0,0,16.5,60.410000000000004,961,0,0,0,0,24.700000000000003,170,3.3000000000000003
2021,6,12,16,30,108.04,0.15,3.6,0,0,0,3,16.8,65.64,962,0,0,0,0,23.6,166,3.7
2021,6,12,17,30,121.33,0.15,3.7,0,0,0,8,17.5,72.88,963,0,0,0,0,22.6,167,3.7
2021,6,12,18,30,133.9,0.15,3.7,0,0,0,0,18.1,79.76,963,0,0,0,0,21.700000000000003,171,3.6
2021,6,12,19,30,144.89000000000001,0.15,3.7,0,0,0,8,18.400000000000002,84.66,963,0,0,0,0,21.1,175,3.4000000000000004
2021,6,12,20,30,152.32,0.15,3.6,0,0,0,1,18.7,89.2,963,0,0,0,0,20.5,181,3.3000000000000003
2021,6,12,21,30,153.04,0.15,3.4000000000000004,0,0,0,0,18.8,92.42,962,0,0,0,0,20.1,187,3
2021,6,12,22,30,146.61,0.15,3.3000000000000003,0,0,0,1,19,95.53,962,0,0,0,0,19.700000000000003,192,2.8000000000000003
2021,6,12,23,30,136.07,0.15,3.3000000000000003,0,0,0,0,19.1,97.26,962,0,0,0,0,19.5,197,2.7
2021,6,13,0,30,123.7,0.15,3.3000000000000003,0,0,0,1,19.1,98.21000000000001,962,0,0,0,0,19.400000000000002,202,2.6
2021,6,13,1,30,110.51,0.15,3.4000000000000004,0,0,0,3,19.200000000000003,98.66,963,0,0,0,0,19.400000000000002,205,2.5
2021,6,13,2,30,96.93,0.15,3.5,0,0,0,3,19.200000000000003,98.34,963,0,0,0,0,19.5,207,2.8000000000000003
2021,6,13,3,30,83.06,0.15,3.6,48,131,64,3,19.3,93.51,963,47,0,7,47,20.400000000000002,206,3.7
2021,6,13,4,30,69.37,0.15,3.6,117,434,270,8,19.5,84.56,964,181,118,0,223,22.200000000000003,205,5
2021,6,13,5,30,55.79,0.15,3.6,155,595,490,7,19.200000000000003,73.07000000000001,964,239,383,0,455,24.3,204,5.7
2021,6,13,6,30,42.65,0.15,3.7,177,686,682,7,18.8,64.46000000000001,963,284,464,0,625,26,205,5.9
2021,6,13,7,30,30.650000000000002,0.15,3.8000000000000003,191,735,823,7,18.7,59.5,963,314,485,0,731,27.3,206,5.9
2021,6,13,8,30,21.900000000000002,0.15,3.9000000000000004,198,756,899,7,18.7,56.49,962,349,451,0,768,28.200000000000003,206,5.800000000000001
2021,6,13,9,30,20.98,0.15,4,184,778,910,7,18.7,54.72,961,418,311,0,708,28.700000000000003,205,5.7
2021,6,13,10,30,28.67,0.15,4.1000000000000005,181,755,844,7,18.6,54.13,961,401,267,0,635,28.8,204,5.5
2021,6,13,11,30,40.28,0.15,4.2,170,711,713,7,18.5,54.51,960,357,151,0,472,28.6,203,5.2
2021,6,13,12,30,53.28,0.15,4.2,149,635,529,7,18.6,56.61,960,281,145,0,368,28,201,4.800000000000001
2021,6,13,13,30,66.81,0.15,4.3,117,497,312,7,18.8,61.25,961,172,36,0,186,26.900000000000002,197,4.1000000000000005
2021,6,13,14,30,80.51,0.15,4.3,62,218,98,7,19.3,69.2,961,64,7,7,65,25.400000000000002,190,3.3000000000000003
2021,6,13,15,30,94.36,0.15,4.2,0,0,0,7,19.900000000000002,77.51,962,0,0,0,0,24.1,183,3.2
2021,6,13,16,30,107.98,0.15,4.1000000000000005,0,0,0,7,20.200000000000003,83,963,0,0,0,0,23.200000000000003,177,3.4000000000000004
2021,6,13,17,30,121.27,0.15,4,0,0,0,7,20.400000000000002,88.77,963,0,0,0,0,22.3,175,3.2
2021,6,13,18,30,133.83,0.15,3.9000000000000004,0,0,0,7,20.5,94.29,963,0,0,0,0,21.5,175,2.8000000000000003
2021,6,13,19,30,144.82,0.15,3.8000000000000003,0,0,0,7,20.6,98.46000000000001,963,0,0,0,0,20.900000000000002,177,2.6
2021,6,13,20,30,152.26,0.15,3.8000000000000003,0,0,0,7,20.5,100,963,0,0,0,0,20.5,179,2.4000000000000004
2021,6,13,21,30,153,0.15,3.7,0,0,0,7,20.3,100,962,0,0,0,0,20.3,181,2.5
2021,6,13,22,30,146.6,0.15,3.7,0,0,0,7,20.3,100,962,0,0,0,0,20.3,186,2.7
2021,6,13,23,30,136.08,0.15,3.7,0,0,0,7,20.200000000000003,100,961,0,0,0,0,20.200000000000003,193,2.7
2021,6,14,0,30,123.73,0.15,3.7,0,0,0,7,20.1,100,962,0,0,0,0,20.1,199,2.7
2021,6,14,1,30,110.55,0.15,3.7,0,0,0,7,20.1,100,962,0,0,0,0,20.1,204,2.9000000000000004
2021,6,14,2,30,96.97,0.15,3.7,0,0,0,7,20.200000000000003,100,962,0,0,0,0,20.200000000000003,209,3.2
2021,6,14,3,30,83.11,0.15,3.7,47,117,62,7,20.400000000000002,96.69,963,58,8,7,59,20.900000000000002,211,4
2021,6,14,4,30,69.42,0.15,3.5,113,444,269,8,20.5,87.84,963,150,24,0,158,22.6,207,4.9
2021,6,14,5,30,55.85,0.15,3.4000000000000004,146,617,492,7,20,74.48,963,265,257,0,409,24.8,202,5.4
2021,6,14,6,30,42.71,0.15,3.4000000000000004,166,709,686,7,19.3,63.2,963,272,473,0,619,26.900000000000002,199,5.5
2021,6,14,7,30,30.72,0.15,3.3000000000000003,176,763,832,0,18.8,55.59,962,176,763,0,832,28.6,200,5.4
2021,6,14,8,30,21.97,0.15,3.4000000000000004,183,783,909,7,18.5,50.56,961,356,462,0,784,29.900000000000002,201,5.4
2021,6,14,9,30,21.01,0.15,3.4000000000000004,179,792,918,7,18.2,47.13,961,340,481,0,789,30.8,201,5.300000000000001
2021,6,14,10,30,28.66,0.15,3.5,177,768,850,3,17.900000000000002,45.15,960,487,166,0,632,31.200000000000003,200,5.2
2021,6,14,11,30,40.26,0.15,3.6,168,719,717,3,17.6,44.57,959,420,116,0,508,31.1,198,4.9
2021,6,14,12,30,53.25,0.15,3.7,150,637,531,0,17.400000000000002,46.04,959,150,637,0,531,30.3,193,4.6000000000000005
2021,6,14,13,30,66.77,0.15,3.7,120,489,313,3,17.5,50.120000000000005,959,169,9,0,173,28.900000000000002,186,4
2021,6,14,14,30,80.46000000000001,0.15,3.8000000000000003,64,196,97,3,18.1,59.04,959,4,0,0,4,26.8,178,3.3000000000000003
2021,6,14,15,30,94.3,0.15,3.8000000000000003,0,0,0,8,18.900000000000002,68.2,960,0,0,0,0,25.200000000000003,172,3.5
2021,6,14,16,30,107.93,0.15,3.9000000000000004,0,0,0,8,19,72.43,961,0,0,0,0,24.3,169,4.2
2021,6,14,17,30,121.2,0.15,4,0,0,0,3,19.3,78.23,962,0,0,0,0,23.3,168,4.1000000000000005
2021,6,14,18,30,133.76,0.15,4,0,0,0,3,19.6,84.13,962,0,0,1,0,22.400000000000002,172,3.8000000000000003
2021,6,14,19,30,144.75,0.15,4,0,0,0,3,19.900000000000002,89.99,962,0,0,0,0,21.6,179,3.5
2021,6,14,20,30,152.19,0.15,3.9000000000000004,0,0,0,1,20.200000000000003,94.49,962,0,0,0,0,21.1,186,3.3000000000000003
2021,6,14,21,30,152.96,0.15,3.8000000000000003,0,0,0,3,20.400000000000002,97.48,961,0,0,0,0,20.8,191,3.1
2021,6,14,22,30,146.59,0.15,3.7,0,0,0,0,20.5,99.47,961,0,0,0,0,20.6,195,2.9000000000000004
2021,6,14,23,30,136.1,0.15,3.6,0,0,0,8,20.5,100,961,0,0,0,0,20.5,197,2.9000000000000004
2021,6,15,0,30,123.76,0.15,3.5,0,0,0,7,20.5,100,961,0,0,0,0,20.5,199,2.7
2021,6,15,1,30,110.59,0.15,3.5,0,0,0,3,20.400000000000002,100,962,0,0,0,0,20.400000000000002,202,2.5
2021,6,15,2,30,97.01,0.15,3.4000000000000004,0,0,0,1,20.5,99.9,962,0,0,0,0,20.5,206,2.8000000000000003
2021,6,15,3,30,83.16,0.15,3.4000000000000004,49,92,60,0,20.5,94.5,962,49,92,0,60,21.400000000000002,207,3.8000000000000003
2021,6,15,4,30,69.48,0.15,3.3000000000000003,120,417,266,3,20.400000000000002,84.69,963,133,4,0,135,23.1,206,4.9
2021,6,15,5,30,55.9,0.15,3.3000000000000003,154,598,489,1,19.8,71.87,963,154,598,0,489,25.200000000000003,204,5.5
2021,6,15,6,30,42.77,0.15,3.4000000000000004,172,696,683,0,19.3,63.09,963,172,696,0,683,26.900000000000002,203,5.5
2021,6,15,7,30,30.79,0.15,3.5,183,749,826,0,18.900000000000002,56.61,962,183,749,0,826,28.3,203,5.5
2021,6,15,8,30,22.03,0.15,3.5,189,774,907,0,18.5,52.53,961,189,774,0,907,29.200000000000003,204,5.300000000000001
2021,6,15,9,30,21.04,0.15,3.6,214,737,901,1,18.2,49.9,960,214,737,0,901,29.8,204,5.1000000000000005
2021,6,15,10,30,28.66,0.15,3.6,212,710,835,0,18,48.31,960,212,710,0,835,30.1,204,4.9
2021,6,15,11,30,40.230000000000004,0.15,3.7,204,656,705,0,17.8,48.03,959,204,656,0,705,30,202,4.7
2021,6,15,12,30,53.21,0.15,3.7,120,710,546,0,17.7,49.13,959,120,710,0,546,29.5,197,4.4
2021,6,15,13,30,66.73,0.15,3.7,101,564,324,0,17.7,52.4,959,101,564,0,324,28.400000000000002,190,3.7
2021,6,15,14,30,80.41,0.15,3.7,59,261,103,1,18.3,61.25,959,59,261,0,103,26.400000000000002,180,2.7
2021,6,15,15,30,94.25,0.15,3.6,0,0,0,3,19.200000000000003,70.84,960,0,0,0,0,24.900000000000002,170,2.8000000000000003
2021,6,15,16,30,107.87,0.15,3.6,0,0,0,0,19.1,73.69,961,0,0,0,0,24.1,164,3.4000000000000004
2021,6,15,17,30,121.14,0.15,3.6,0,0,0,1,19.3,78.57000000000001,961,0,0,0,0,23.200000000000003,162,3.6
2021,6,15,18,30,133.7,0.15,3.6,0,0,0,2,19.6,84.59,962,0,0,0,0,22.3,165,3.4000000000000004
2021,6,15,19,30,144.69,0.15,3.6,0,0,0,0,19.900000000000002,89.88,962,0,0,0,0,21.6,171,3.1
2021,6,15,20,30,152.14000000000001,0.15,3.6,0,0,0,0,20.1,93.86,962,0,0,0,0,21.1,179,2.9000000000000004
2021,6,15,21,30,152.94,0.15,3.6,0,0,0,0,20.200000000000003,96.69,961,0,0,0,0,20.700000000000003,186,2.9000000000000004
2021,6,15,22,30,146.6,0.15,3.5,0,0,0,0,20.1,98.44,961,0,0,0,0,20.400000000000002,192,3.1
2021,6,15,23,30,136.12,0.15,3.5,0,0,0,0,20,98.84,961,0,0,0,0,20.200000000000003,197,3.2
2021,6,16,0,30,123.79,0.15,3.4000000000000004,0,0,0,1,19.8,98.97,961,0,0,0,0,20,202,3.4000000000000004
2021,6,16,1,30,110.63,0.15,3.3000000000000003,0,0,0,0,19.700000000000003,99.19,962,0,0,0,0,19.8,208,3.5
2021,6,16,2,30,97.06,0.15,3.3000000000000003,0,0,0,0,19.5,98.04,962,0,0,0,0,19.8,213,3.5
2021,6,16,3,30,83.2,0.15,3.3000000000000003,49,52,55,0,19.3,90.81,963,49,52,0,55,20.900000000000002,214,4.2
2021,6,16,4,30,69.53,0.15,3.5,142,326,256,1,19.200000000000003,79,964,142,326,0,256,23,208,5.1000000000000005
2021,6,16,5,30,55.96,0.15,3.6,193,500,472,0,18.7,67.42,964,193,500,0,472,25.200000000000003,203,5.6000000000000005
2021,6,16,6,30,42.83,0.15,3.7,256,538,651,0,18.2,57.85,964,256,538,0,651,27.200000000000003,201,5.7
2021,6,16,7,30,30.85,0.15,3.8000000000000003,277,599,791,0,17.7,50.69,963,277,599,0,791,28.900000000000002,200,5.800000000000001
2021,6,16,8,30,22.080000000000002,0.15,3.9000000000000004,284,630,868,2,17.3,46.45,962,542,140,0,672,30,200,5.7
2021,6,16,9,30,21.06,0.15,4,264,662,881,7,17.1,44,961,444,328,0,750,30.8,200,5.6000000000000005
2021,6,16,10,30,28.64,0.15,4,248,652,821,1,17.2,43.4,960,248,652,0,821,31.1,199,5.300000000000001
2021,6,16,11,30,40.2,0.15,4,224,617,695,3,17.2,45.04,959,417,81,0,479,30.5,196,4.9
2021,6,16,12,30,53.17,0.15,4,191,542,515,3,17.400000000000002,47.77,959,311,41,0,336,29.6,191,4.4
2021,6,16,13,30,66.68,0.15,4.1000000000000005,144,402,303,3,17.6,52.64,959,225,79,1,256,28.200000000000003,184,3.8000000000000003
2021,6,16,14,30,80.36,0.15,4.1000000000000005,70,144,94,0,18.3,61.09,960,70,144,0,94,26.400000000000002,176,3
2021,6,16,15,30,94.2,0.15,4,0,0,0,1,19.1,70.41,961,0,0,0,0,24.900000000000002,171,3
2021,6,16,16,30,107.81,0.15,4,0,0,0,0,19,73.25,962,0,0,0,0,24.1,169,3.6
2021,6,16,17,30,121.09,0.15,4,0,0,0,0,18.900000000000002,76.86,962,0,0,0,0,23.200000000000003,168,3.5
2021,6,16,18,30,133.64000000000001,0.15,3.9000000000000004,0,0,0,0,19,81.78,963,0,0,0,0,22.3,168,3.1
2021,6,16,19,30,144.63,0.15,3.9000000000000004,0,0,0,0,19.200000000000003,86.97,963,0,0,0,0,21.5,172,2.9000000000000004
2021,6,16,20,30,152.09,0.15,3.9000000000000004,0,0,0,0,19.5,91.89,963,0,0,0,0,20.900000000000002,177,2.8000000000000003
2021,6,16,21,30,152.92000000000002,0.15,3.9000000000000004,0,0,0,0,19.8,95.78,962,0,0,0,0,20.5,184,2.7
2021,6,16,22,30,146.6,0.15,3.8000000000000003,0,0,0,0,20,98.2,962,0,0,0,0,20.3,189,2.7
2021,6,16,23,30,136.14000000000001,0.15,3.8000000000000003,0,0,0,0,20.1,99.39,962,0,0,0,0,20.200000000000003,194,3
2021,6,17,0,30,123.83,0.15,3.7,0,0,0,0,20.1,99.64,962,0,0,0,0,20.200000000000003,196,3.1
2021,6,17,1,30,110.67,0.15,3.7,0,0,0,1,20.200000000000003,99.77,962,0,0,0,0,20.200000000000003,198,3.1
2021,6,17,2,30,97.10000000000001,0.15,3.7,0,0,0,1,20.200000000000003,98.63,963,0,0,0,0,20.400000000000002,201,3
2021,6,17,3,30,83.25,0.15,3.6,48,45,53,1,20.200000000000003,92.15,963,48,45,0,53,21.5,202,3.7
2021,6,17,4,30,69.58,0.15,3.5,144,306,251,3,19.900000000000002,80.13,964,155,5,0,156,23.5,202,4.5
2021,6,17,5,30,56.02,0.15,3.5,198,480,466,0,19.3,67.62,964,198,480,0,466,25.700000000000003,203,4.800000000000001
2021,6,17,6,30,42.89,0.15,3.4000000000000004,230,585,659,0,18.6,57.52,963,230,585,0,659,27.700000000000003,203,4.800000000000001
2021,6,17,7,30,30.91,0.15,3.4000000000000004,247,646,801,1,17.8,49.27,963,247,646,0,801,29.5,204,4.800000000000001
2021,6,17,8,30,22.13,0.15,3.5,254,676,879,1,17,43.160000000000004,962,254,676,0,879,31,204,4.7
2021,6,17,9,30,21.080000000000002,0.15,3.6,186,777,911,1,16.6,39.69,961,186,777,0,911,32,204,4.5
2021,6,17,10,30,28.62,0.15,3.6,193,739,842,2,16.5,38.59,960,479,127,0,591,32.4,202,4.3
2021,6,17,11,30,40.17,0.15,3.7,190,678,708,1,16.6,39.4,960,190,678,0,708,32.1,200,4.2
2021,6,17,12,30,53.13,0.15,3.7,157,620,529,2,16.7,41.730000000000004,959,327,68,0,367,31.200000000000003,196,4.1000000000000005
2021,6,17,13,30,66.64,0.15,3.7,131,449,309,0,16.900000000000002,46,960,131,449,0,309,29.8,191,3.6
2021,6,17,14,30,80.31,0.15,3.7,70,146,94,0,17.7,54.56,960,70,146,0,94,27.700000000000003,184,3
2021,6,17,15,30,94.15,0.15,3.6,0,0,0,0,18.400000000000002,62.84,960,0,0,0,0,26,178,3.3000000000000003
2021,6,17,16,30,107.76,0.15,3.6,0,0,0,0,18,65.98,961,0,0,0,0,24.8,174,3.8000000000000003
2021,6,17,17,30,121.03,0.15,3.5,0,0,0,0,18,71.29,962,0,0,0,0,23.5,173,3.8000000000000003
2021,6,17,18,30,133.58,0.15,3.6,0,0,0,0,18.2,77.31,963,0,0,0,0,22.400000000000002,175,3.5
2021,6,17,19,30,144.57,0.15,3.6,0,0,0,0,18.7,83.46000000000001,963,0,0,0,0,21.6,178,3.3000000000000003
2021,6,17,20,30,152.05,0.15,3.7,0,0,0,0,19.200000000000003,89.04,963,0,0,0,0,21.1,182,3.1
2021,6,17,21,30,152.9,0.15,3.6,0,0,0,0,19.700000000000003,93.81,962,0,0,0,0,20.700000000000003,186,3.1
2021,6,17,22,30,146.62,0.15,3.5,0,0,0,0,20,96.68,962,0,0,0,0,20.5,192,3.2
2021,6,17,23,30,136.17000000000002,0.15,3.4000000000000004,0,0,0,0,20.1,98.09,962,0,0,0,0,20.400000000000002,197,3.1
2021,6,18,0,30,123.87,0.15,3.4000000000000004,0,0,0,0,20.1,98.97,962,0,0,0,0,20.3,201,2.9000000000000004
2021,6,18,1,30,110.71000000000001,0.15,3.3000000000000003,0,0,0,0,20.200000000000003,99.74000000000001,963,0,0,0,0,20.200000000000003,205,2.9000000000000004
2021,6,18,2,30,97.15,0.15,3.3000000000000003,0,0,0,1,20.200000000000003,98.63,963,0,0,0,0,20.400000000000002,208,3
2021,6,18,3,30,83.3,0.15,3.3000000000000003,42,16,44,0,20.200000000000003,93.14,964,42,16,0,44,21.400000000000002,209,3.8000000000000003
2021,6,18,4,30,69.64,0.15,3.3000000000000003,163,223,240,3,20.3,83.07000000000001,964,170,6,0,172,23.3,207,4.9
2021,6,18,5,30,56.07,0.15,3.3000000000000003,232,399,454,5,19.900000000000002,71.7,964,306,32,0,323,25.400000000000002,205,5.4
2021,6,18,6,30,42.94,0.15,3.4000000000000004,265,520,645,7,19.6,62.34,964,388,230,0,556,27.400000000000002,204,5.5
2021,6,18,7,30,30.96,0.15,3.6,282,587,785,7,19.3,55.480000000000004,964,404,339,0,695,29.1,203,5.6000000000000005
2021,6,18,8,30,22.17,0.15,3.7,288,622,864,0,19,50.7,963,288,622,0,864,30.400000000000002,203,5.7
2021,6,18,9,30,21.080000000000002,0.15,3.8000000000000003,281,634,873,1,18.8,48.230000000000004,962,281,634,0,873,31,203,5.7
2021,6,18,10,30,28.6,0.15,3.8000000000000003,269,619,812,1,18.5,47,961,269,619,0,812,31.1,202,5.6000000000000005
2021,6,18,11,30,40.13,0.15,3.9000000000000004,246,573,685,2,18.3,48.03,961,437,90,0,506,30.5,200,5.5
2021,6,18,12,30,53.09,0.15,4,214,483,504,2,18.3,51.36,961,284,26,0,299,29.400000000000002,196,5.300000000000001
2021,6,18,13,30,66.59,0.15,4,161,336,294,7,18.6,56.75,961,219,179,7,290,28,190,4.9
2021,6,18,14,30,80.26,0.15,4,73,94,89,0,19.1,64.81,962,73,94,0,89,26.3,184,4.3
2021,6,18,15,30,94.09,0.15,4.1000000000000005,0,0,0,2,19.700000000000003,72.96000000000001,962,0,0,0,0,24.900000000000002,179,4.1000000000000005
2021,6,18,16,30,107.71000000000001,0.15,4.1000000000000005,0,0,0,7,20.1,78.72,963,0,0,0,0,24,176,4.1000000000000005
2021,6,18,17,30,120.98,0.15,4.2,0,0,0,3,20.400000000000002,84.35000000000001,964,0,0,0,0,23.200000000000003,175,3.8000000000000003
2021,6,18,18,30,133.53,0.15,4.3,0,0,0,7,20.8,89.53,965,0,0,0,0,22.6,177,3.5
2021,6,18,19,30,144.53,0.15,4.3,0,0,0,7,21.1,94.31,965,0,0,0,0,22.1,182,3.4000000000000004
2021,6,18,20,30,152.02,0.15,4.3,0,0,0,7,21.400000000000002,97.3,964,0,0,0,0,21.8,189,3.4000000000000004
2021,6,18,21,30,152.9,0.15,4.3,0,0,0,3,21.400000000000002,98.68,964,0,0,0,0,21.6,195,3.5
2021,6,18,22,30,146.63,0.15,4.3,0,0,0,3,21.3,98.73,963,0,0,0,0,21.5,199,3.5
2021,6,18,23,30,136.2,0.15,4.2,0,0,0,3,21.200000000000003,99.61,963,0,0,0,0,21.3,202,3.5
2021,6,19,0,30,123.91,0.15,4.2,0,0,0,3,21.200000000000003,99.93,964,0,0,0,0,21.200000000000003,203,3.5
2021,6,19,1,30,110.75,0.15,4.2,0,0,0,3,21.1,100,964,0,0,0,0,21.1,203,3.5
2021,6,19,2,30,97.2,0.15,4.2,0,0,0,0,21,98.48,964,0,0,1,0,21.3,203,3.7
2021,6,19,3,30,83.35000000000001,0.15,4.2,45,41,50,3,21,93.77,965,47,0,7,47,22.1,202,4.6000000000000005
2021,6,19,4,30,69.69,0.15,4.1000000000000005,139,312,248,3,20.8,83.59,965,190,26,0,199,23.700000000000003,199,5.7
2021,6,19,5,30,56.120000000000005,0.15,4.1000000000000005,190,491,463,3,20,71.84,966,137,0,0,138,25.5,198,6.2
2021,6,19,6,30,43,0.15,4.1000000000000005,319,408,617,3,19.3,62.07,965,460,99,0,532,27.200000000000003,197,6.300000000000001
2021,6,19,7,30,31.01,0.15,4.1000000000000005,339,491,760,3,18.8,54.89,965,184,0,0,185,28.8,198,6.4
2021,6,19,8,30,22.2,0.15,4.1000000000000005,336,547,842,2,18.400000000000002,50.07,964,568,141,0,698,29.900000000000002,198,6.4
2021,6,19,9,30,21.080000000000002,0.15,4.1000000000000005,327,570,859,2,18,46.88,963,568,153,0,711,30.6,197,6.300000000000001
2021,6,19,10,30,28.580000000000002,0.15,4.1000000000000005,307,562,800,3,17.7,46.2,962,515,108,0,610,30.6,195,6.2
2021,6,19,11,30,40.09,0.15,4.2,275,525,676,3,17.7,47.62,962,246,0,0,246,30,192,6
2021,6,19,12,30,53.04,0.15,4.2,230,452,501,3,17.8,51.4,962,281,17,0,291,28.8,188,5.7
2021,6,19,13,30,66.54,0.15,4.2,169,315,294,3,18,56.22,962,104,0,0,104,27.5,183,5.300000000000001
2021,6,19,14,30,80.21000000000001,0.15,4.2,75,85,89,3,18.2,62.24,962,13,0,0,13,26,180,4.9
2021,6,19,15,30,94.04,0.15,4.2,0,0,0,3,18.400000000000002,68.05,963,0,0,0,0,24.700000000000003,178,4.7
2021,6,19,16,30,107.65,0.15,4.2,0,0,0,0,18.5,72.46000000000001,964,0,0,0,0,23.700000000000003,178,4.6000000000000005
2021,6,19,17,30,120.93,0.15,4.2,0,0,0,0,18.6,77.04,964,0,0,0,0,22.8,180,4.4
2021,6,19,18,30,133.48,0.15,4.1000000000000005,0,0,0,7,18.900000000000002,82.53,965,0,0,0,0,22,184,4.2
2021,6,19,19,30,144.48,0.15,4.1000000000000005,0,0,0,7,19.400000000000002,87.58,965,0,0,0,0,21.5,190,4
2021,6,19,20,30,151.99,0.15,3.9000000000000004,0,0,0,7,19.700000000000003,91.77,964,0,0,0,0,21.1,197,4
2021,6,19,21,30,152.89000000000001,0.15,3.8000000000000003,0,0,0,8,19.900000000000002,94.92,964,0,0,0,0,20.700000000000003,203,4.1000000000000005
2021,6,19,22,30,146.66,0.15,3.6,0,0,0,0,19.8,96.23,964,0,0,0,0,20.400000000000002,208,4.1000000000000005
2021,6,19,23,30,136.24,0.15,3.5,0,0,0,0,19.6,97.12,964,0,0,0,0,20.1,212,3.9000000000000004
2021,6,20,0,30,123.95,0.15,3.5,0,0,0,1,19.5,97.54,964,0,0,0,0,19.900000000000002,215,3.9000000000000004
2021,6,20,1,30,110.8,0.15,3.5,0,0,0,0,19.400000000000002,98.13,965,0,0,0,0,19.700000000000003,217,3.8000000000000003
2021,6,20,2,30,97.25,0.15,3.5,0,0,0,3,19.3,97.68,965,0,0,0,0,19.700000000000003,218,3.9000000000000004
2021,6,20,3,30,83.4,0.15,3.5,47,56,54,0,19.3,91.88,965,47,56,0,54,20.700000000000003,216,4.7
2021,6,20,4,30,69.74,0.15,3.5,132,350,253,0,19.1,80.29,966,132,350,0,253,22.700000000000003,212,5.7
2021,6,20,5,30,56.17,0.15,3.5,174,539,474,1,18.400000000000002,67.07000000000001,966,174,539,0,474,24.900000000000002,209,6.2
2021,6,20,6,30,43.050000000000004,0.15,3.5,197,644,667,3,17.900000000000002,58.17,966,417,119,0,505,26.8,208,6.2
2021,6,20,7,30,31.060000000000002,0.15,3.6,209,703,811,3,17.7,51.870000000000005,965,476,125,0,583,28.5,206,6.1000000000000005
2021,6,20,8,30,22.23,0.15,3.6,212,734,892,3,17.400000000000002,46.980000000000004,964,484,115,0,591,29.900000000000002,205,6.1000000000000005
2021,6,20,9,30,21.080000000000002,0.15,3.7,205,747,902,3,17,43.36,963,455,50,0,502,30.900000000000002,205,6
2021,6,20,10,30,28.54,0.15,3.7,199,728,839,3,16.6,41.67,962,418,33,0,447,31.200000000000003,204,5.9
2021,6,20,11,30,40.050000000000004,0.15,3.8000000000000003,188,680,708,3,16.400000000000002,41.52,961,160,0,0,160,31,202,5.6000000000000005
2021,6,20,12,30,53,0.15,3.9000000000000004,188,544,516,3,16.400000000000002,43.97,961,132,0,0,132,30,197,5.300000000000001
2021,6,20,13,30,66.49,0.15,4,147,389,302,3,16.8,49.81,961,118,0,0,118,28.3,189,4.800000000000001
2021,6,20,14,30,80.17,0.15,4,74,123,94,3,17.7,59.26,962,29,0,0,29,26.3,182,4.4
2021,6,20,15,30,93.99,0.15,4,0,0,0,3,18.7,69.69,963,0,0,0,0,24.6,177,4.6000000000000005
2021,6,20,16,30,107.60000000000001,0.15,4,0,0,0,0,19.200000000000003,77.16,964,0,0,0,0,23.400000000000002,176,4.9
2021,6,20,17,30,120.88,0.15,3.8000000000000003,0,0,0,0,19.400000000000002,83.72,964,0,0,0,0,22.3,178,4.6000000000000005
2021,6,20,18,30,133.43,0.15,3.7,0,0,0,0,19.6,89.41,965,0,0,0,0,21.400000000000002,182,4.2
2021,6,20,19,30,144.44,0.15,3.6,0,0,0,0,19.700000000000003,93.21000000000001,965,0,0,0,0,20.8,186,3.8000000000000003
2021,6,20,20,30,151.97,0.15,3.5,0,0,0,0,19.700000000000003,96.01,964,0,0,0,0,20.400000000000002,192,3.6
2021,6,20,21,30,152.9,0.15,3.5,0,0,0,0,19.900000000000002,98.25,964,0,0,0,0,20.200000000000003,201,3.5
2021,6,20,22,30,146.69,0.15,3.5,0,0,0,0,20.1,99.19,963,0,0,0,0,20.200000000000003,210,3.7
2021,6,20,23,30,136.28,0.15,3.4000000000000004,0,0,0,3,20.1,99.67,963,0,0,0,0,20.200000000000003,216,3.8000000000000003
2021,6,21,0,30,123.99000000000001,0.15,3.4000000000000004,0,0,0,1,20.1,100,963,0,0,0,0,20.1,220,3.8000000000000003
2021,6,21,1,30,110.85000000000001,0.15,3.4000000000000004,0,0,0,3,20,100,964,0,0,0,0,20,221,3.5
2021,6,21,2,30,97.3,0.15,3.4000000000000004,0,0,0,1,19.900000000000002,99.60000000000001,964,0,0,0,0,20,223,3.5
2021,6,21,3,30,83.45,0.15,3.4000000000000004,46,51,52,3,19.900000000000002,95.33,964,50,1,7,50,20.700000000000003,223,4.1000000000000005
2021,6,21,4,30,69.79,0.15,3.5,135,336,251,3,19.900000000000002,86.59,965,97,0,0,97,22.200000000000003,220,5.1000000000000005
2021,6,21,5,30,56.22,0.15,3.5,183,515,469,3,19.3,73.92,965,269,26,0,284,24.200000000000003,215,5.5
2021,6,21,6,30,43.09,0.15,3.6,222,595,656,3,18.6,63.300000000000004,965,413,89,0,478,26.1,212,5.5
2021,6,21,7,30,31.1,0.15,3.7,236,657,798,1,18.1,55.71,964,236,657,0,798,27.8,209,5.4
2021,6,21,8,30,22.26,0.15,3.8000000000000003,242,686,877,2,17.900000000000002,51.14,963,484,106,0,582,29,207,5.4
2021,6,21,9,30,21.07,0.15,3.8000000000000003,313,589,862,1,17.7,48.39,962,313,589,0,862,29.8,206,5.2
2021,6,21,10,30,28.51,0.15,3.9000000000000004,286,591,805,3,17.7,46.61,961,484,91,0,563,30.400000000000002,205,5.1000000000000005
2021,6,21,11,30,40.01,0.15,3.9000000000000004,251,565,684,1,17.7,46.35,961,251,565,0,684,30.5,202,5
2021,6,21,12,30,52.95,0.15,4,209,497,508,2,17.7,48.35,960,285,20,0,297,29.8,198,5
2021,6,21,13,30,66.44,0.15,4,155,361,300,3,18.1,54.26,961,149,2,0,149,28.200000000000003,191,4.7
2021,6,21,14,30,80.12,0.15,4.1000000000000005,74,114,94,3,18.8,63.97,961,4,0,0,4,26.200000000000003,183,4.3
2021,6,21,15,30,93.94,0.15,4.1000000000000005,0,0,0,3,19.6,73.96000000000001,962,0,0,0,0,24.5,177,4.5
2021,6,21,16,30,107.56,0.15,4.1000000000000005,0,0,0,3,19.8,80.14,963,0,0,0,0,23.400000000000002,176,4.7
2021,6,21,17,30,120.83,0.15,4,0,0,0,1,19.700000000000003,84.75,964,0,0,0,0,22.400000000000002,177,4.3
2021,6,21,18,30,133.39000000000001,0.15,3.8000000000000003,0,0,0,1,19.6,88.61,964,0,0,0,0,21.6,180,3.7
2021,6,21,19,30,144.41,0.15,3.7,0,0,0,3,19.6,92.07000000000001,964,0,0,0,0,20.900000000000002,185,3.5
2021,6,21,20,30,151.95000000000002,0.15,3.6,0,0,0,3,19.6,94.88,964,0,0,0,0,20.400000000000002,188,3.3000000000000003
2021,6,21,21,30,152.91,0.15,3.5,0,0,0,0,19.6,97.23,963,0,0,0,0,20.1,192,3.2
2021,6,21,22,30,146.72,0.15,3.4000000000000004,0,0,0,0,19.8,98.67,962,0,0,0,0,20,196,3
2021,6,21,23,30,136.32,0.15,3.3000000000000003,0,0,0,0,19.8,100,962,0,0,0,0,19.8,200,2.7
2021,6,22,0,30,124.04,0.15,3.2,0,0,0,0,19.700000000000003,100,962,0,0,0,0,19.700000000000003,205,2.6
2021,6,22,1,30,110.9,0.15,3.1,0,0,0,0,19.700000000000003,100,962,0,0,0,0,19.700000000000003,210,2.6
2021,6,22,2,30,97.35000000000001,0.15,3.1,0,0,0,0,19.8,100,963,0,0,0,0,19.8,215,2.8000000000000003
2021,6,22,3,30,83.5,0.15,3.1,45,112,58,1,20,94.62,963,45,112,0,58,20.900000000000002,216,3.7
2021,6,22,4,30,69.84,0.15,3.1,110,449,265,1,20.1,84.41,964,110,449,0,265,22.900000000000002,213,4.800000000000001
2021,6,22,5,30,56.27,0.15,3.2,142,623,488,2,19.5,70.33,964,306,70,0,345,25.3,209,5.300000000000001
2021,6,22,6,30,43.14,0.15,3.3000000000000003,160,717,683,0,18.8,59.45,964,160,717,0,683,27.400000000000002,207,5.5
2021,6,22,7,30,31.13,0.15,3.4000000000000004,170,769,828,3,18.400000000000002,52.6,963,307,1,0,308,29.1,205,5.6000000000000005
2021,6,22,8,30,22.27,0.15,3.5,173,794,908,3,18.2,48.38,962,454,65,0,514,30.3,204,5.7
2021,6,22,9,30,21.05,0.15,3.6,158,819,922,3,18,45.49,961,243,0,0,243,31.200000000000003,205,5.7
2021,6,22,10,30,28.47,0.15,3.7,153,802,858,3,17.900000000000002,44.11,960,479,180,0,637,31.6,204,5.6000000000000005
2021,6,22,11,30,39.96,0.15,3.7,145,762,729,3,17.8,44.5,960,209,0,0,210,31.3,201,5.6000000000000005
2021,6,22,12,30,52.9,0.15,3.8000000000000003,136,672,541,0,17.7,46.7,959,136,672,0,541,30.400000000000002,195,5.5
2021,6,22,13,30,66.39,0.15,3.8000000000000003,119,499,319,2,17.900000000000002,51.800000000000004,960,143,2,0,144,28.8,188,4.9
2021,6,22,14,30,80.07000000000001,0.15,3.8000000000000003,68,186,100,0,18.400000000000002,60.33,960,68,186,0,100,26.700000000000003,181,4
2021,6,22,15,30,93.9,0.15,3.8000000000000003,0,0,0,0,19.1,70.48,961,0,0,0,0,24.8,176,3.6
2021,6,22,16,30,107.51,0.15,3.7,0,0,0,0,19.3,76.95,962,0,0,0,0,23.6,175,3.6
2021,6,22,17,30,120.79,0.15,3.7,0,0,0,0,19.5,82.32000000000001,963,0,0,0,0,22.700000000000003,178,3.4000000000000004
2021,6,22,18,30,133.35,0.15,3.7,0,0,0,0,19.8,87.36,963,0,0,0,0,22,183,3.2
2021,6,22,19,30,144.38,0.15,3.7,0,0,0,0,20.200000000000003,92.07000000000001,963,0,0,0,0,21.5,190,3
2021,6,22,20,30,151.94,0.15,3.6,0,0,0,0,20.5,95.96000000000001,963,0,0,0,0,21.200000000000003,197,2.9000000000000004
2021,6,22,21,30,152.93,0.15,3.7,0,0,0,0,20.8,99.28,962,0,0,0,0,20.900000000000002,204,2.8000000000000003
2021,6,22,22,30,146.76,0.15,3.7,0,0,0,0,20.8,100,962,0,0,0,0,20.8,209,2.8000000000000003
2021,6,22,23,30,136.37,0.15,3.7,0,0,0,0,20.8,100,962,0,0,0,0,20.8,213,2.8000000000000003
2021,6,23,0,30,124.09,0.15,3.7,0,0,0,0,20.700000000000003,100,962,0,0,0,0,20.700000000000003,218,2.8000000000000003
2021,6,23,1,30,110.95,0.15,3.7,0,0,0,0,20.700000000000003,100,962,0,0,0,0,20.700000000000003,221,3
2021,6,23,2,30,97.4,0.15,3.8000000000000003,0,0,0,1,20.8,100,963,0,0,0,0,20.8,222,3.3000000000000003
2021,6,23,3,30,83.55,0.15,3.8000000000000003,44,126,58,1,21,96.18,964,44,126,0,58,21.6,217,4.3
2021,6,23,4,30,69.88,0.15,3.9000000000000004,102,473,265,3,20.900000000000002,86.39,964,78,0,0,78,23.3,207,5.7
2021,6,23,5,30,56.31,0.15,3.9000000000000004,129,648,489,3,20.200000000000003,73.8,964,151,0,0,151,25.200000000000003,198,6.4
2021,6,23,6,30,43.18,0.15,4,146,735,682,3,19.700000000000003,64.57000000000001,964,346,45,0,379,26.900000000000002,193,6.5
2021,6,23,7,30,31.17,0.15,4,156,784,827,3,19.400000000000002,58,963,438,115,0,536,28.5,190,6.5
2021,6,23,8,30,22.28,0.15,4,160,808,908,3,19.1,52.93,962,382,4,0,386,29.700000000000003,189,6.5
2021,6,23,9,30,21.02,0.15,4.1000000000000005,160,810,916,1,18.900000000000002,50.71,961,160,810,0,916,30.200000000000003,190,6.6000000000000005
2021,6,23,10,30,28.42,0.15,4.1000000000000005,159,788,852,3,18.7,50.63,961,176,0,0,176,30.1,190,6.6000000000000005
2021,6,23,11,30,39.910000000000004,0.15,4.1000000000000005,153,743,723,3,18.6,51.910000000000004,960,272,1,0,273,29.5,190,6.4
2021,6,23,12,30,52.85,0.15,4.1000000000000005,137,667,540,3,18.3,53.82,960,288,41,0,313,28.6,189,6.1000000000000005
2021,6,23,13,30,66.34,0.15,4,110,532,324,3,18,56.6,961,98,0,0,98,27.400000000000002,187,5.5
2021,6,23,14,30,80.02,0.15,4,63,252,106,3,17.8,61.81,961,27,0,7,27,25.700000000000003,184,4.6000000000000005
2021,6,23,15,30,93.85000000000001,0.15,3.9000000000000004,0,0,0,3,18,68,962,0,0,0,0,24.3,179,4
2021,6,23,16,30,107.46000000000001,0.15,3.8000000000000003,0,0,0,0,18.2,73.54,962,0,0,0,0,23.200000000000003,177,3.8000000000000003
2021,6,23,17,30,120.74000000000001,0.15,3.8000000000000003,0,0,0,1,18.6,79.84,963,0,0,0,0,22.200000000000003,178,3.5
2021,6,23,18,30,133.32,0.15,3.8000000000000003,0,0,0,0,18.900000000000002,86.42,963,0,0,0,0,21.3,182,3.3000000000000003
2021,6,23,19,30,144.35,0.15,3.8000000000000003,0,0,0,1,19.3,91.92,963,0,0,0,0,20.700000000000003,189,2.9000000000000004
2021,6,23,20,30,151.94,0.15,4.1000000000000005,0,0,0,0,19.6,95.4,963,0,0,0,0,20.400000000000002,197,2.8000000000000003
2021,6,23,21,30,152.96,0.15,4.3,0,0,0,0,19.900000000000002,96.67,962,0,0,0,0,20.400000000000002,209,2.9000000000000004
2021,6,23,22,30,146.8,0.15,4.5,0,0,0,7,20,97.77,962,0,0,0,0,20.400000000000002,220,2.9000000000000004
2021,6,23,23,30,136.42000000000002,0.15,4.6000000000000005,0,0,0,8,20.1,99,962,0,0,0,0,20.3,226,2.7
2021,6,24,0,30,124.14,0.15,4.6000000000000005,0,0,0,7,20.200000000000003,99.46000000000001,962,0,0,0,0,20.3,224,2.6
2021,6,24,1,30,111,0.15,4.5,0,0,0,7,20.3,99.73,963,0,0,0,0,20.3,215,2.7
2021,6,24,2,30,97.45,0.15,4.4,0,0,0,8,20.200000000000003,98.76,964,0,0,0,0,20.400000000000002,207,3
2021,6,24,3,30,83.59,0.15,4.4,37,230,63,7,20.200000000000003,94.31,964,41,4,7,41,21.200000000000003,202,3.9000000000000004
2021,6,24,4,30,69.93,0.15,4.3,78,574,275,7,20.1,84.23,965,94,6,0,96,22.900000000000002,198,4.9
2021,6,24,5,30,56.36,0.15,4.3,99,719,498,7,19.3,71.75,965,175,15,0,183,24.700000000000003,195,5.4
2021,6,24,6,30,43.22,0.15,4.3,113,794,692,7,18.6,62.61,964,308,196,0,451,26.3,195,5.6000000000000005
2021,6,24,7,30,31.19,0.15,4.2,123,836,838,7,18.3,56.08,964,346,296,0,599,27.900000000000002,197,5.7
2021,6,24,8,30,22.29,0.15,4.1000000000000005,128,854,919,7,18.1,51.39,963,313,442,0,722,29.200000000000003,200,5.800000000000001
2021,6,24,9,30,20.990000000000002,0.15,4,129,858,930,7,17.900000000000002,47.96,962,408,86,0,489,30.1,202,5.800000000000001
2021,6,24,10,30,28.37,0.15,3.9000000000000004,125,846,869,7,17.6,45.42,961,372,170,0,522,30.700000000000003,203,5.800000000000001
2021,6,24,11,30,39.86,0.15,3.9000000000000004,116,814,741,7,17.1,44.14,960,305,273,0,515,30.700000000000003,201,5.6000000000000005
2021,6,24,12,30,52.800000000000004,0.15,3.9000000000000004,103,752,558,7,16.8,45.42,960,249,40,0,273,29.900000000000002,197,5.4
2021,6,24,13,30,66.29,0.15,4,85,628,337,7,17,50.06,961,101,5,0,103,28.400000000000002,193,4.800000000000001
2021,6,24,14,30,79.97,0.15,4,52,354,114,7,17.7,59.160000000000004,961,79,30,7,84,26.3,186,4.1000000000000005
2021,6,24,15,30,93.8,0.15,4,0,0,0,7,18.5,68.3,962,0,0,0,0,24.700000000000003,179,4
2021,6,24,16,30,107.42,0.15,4,0,0,0,7,18.7,74.25,962,0,0,0,0,23.6,174,4.2
2021,6,24,17,30,120.7,0.15,3.9000000000000004,0,0,0,7,19,79.99,963,0,0,0,0,22.6,171,4.2
2021,6,24,18,30,133.28,0.15,3.8000000000000003,0,0,0,7,19.200000000000003,86.27,963,0,0,0,0,21.6,173,3.9000000000000004
2021,6,24,19,30,144.33,0.15,3.6,0,0,0,3,19.5,91.51,963,0,0,0,0,20.900000000000002,177,3.7
2021,6,24,20,30,151.94,0.15,3.5,0,0,0,3,19.700000000000003,95.53,963,0,0,0,0,20.400000000000002,182,3.6
2021,6,24,21,30,152.99,0.15,3.3000000000000003,0,0,0,3,19.8,98.54,963,0,0,0,0,20,188,3.5
2021,6,24,22,30,146.85,0.15,3.1,0,0,0,8,19.700000000000003,100,962,0,0,0,0,19.700000000000003,194,3.5
2021,6,24,23,30,136.47,0.15,3,0,0,0,8,19.6,100,962,0,0,0,0,19.6,197,3.6
2021,6,25,0,30,124.19,0.15,2.9000000000000004,0,0,0,7,19.400000000000002,100,962,0,0,0,0,19.400000000000002,199,3.4000000000000004
2021,6,25,1,30,111.05,0.15,2.9000000000000004,0,0,0,3,19.3,100,963,0,0,0,0,19.3,202,3.3000000000000003
2021,6,25,2,30,97.5,0.15,2.9000000000000004,0,0,0,1,19.400000000000002,99.09,963,0,0,0,0,19.5,204,3.4000000000000004
2021,6,25,3,30,83.64,0.15,2.9000000000000004,41,197,63,3,19.400000000000002,92.86,964,47,1,7,47,20.6,205,4.1000000000000005
2021,6,25,4,30,69.98,0.15,2.9000000000000004,86,562,278,3,19.1,81.24,964,185,61,0,205,22.5,203,5.2
2021,6,25,5,30,56.4,0.15,2.9000000000000004,106,724,507,0,18.3,67.55,964,106,724,0,507,24.700000000000003,202,5.6000000000000005
2021,6,25,6,30,43.25,0.15,2.9000000000000004,116,811,706,0,17.6,56.93,964,116,811,0,706,26.8,202,5.800000000000001
2021,6,25,7,30,31.220000000000002,0.15,3,124,851,852,0,16.900000000000002,49.43,963,124,851,0,852,28.5,201,5.9
2021,6,25,8,30,22.29,0.15,3,128,871,934,1,16.400000000000002,44.44,962,128,871,0,934,29.8,202,6
2021,6,25,9,30,20.95,0.15,3.1,131,868,942,7,16,41.28,961,320,490,0,778,30.700000000000003,202,6
2021,6,25,10,30,28.32,0.15,3.1,125,858,880,7,15.8,39.76,960,285,504,0,729,31.1,201,5.9
2021,6,25,11,30,39.800000000000004,0.15,3.1,116,827,751,7,15.5,39.4,959,335,280,0,550,30.900000000000002,198,5.7
2021,6,25,12,30,52.74,0.15,3.2,103,762,565,7,15.3,40.65,959,244,274,0,410,30.1,196,5.300000000000001
2021,6,25,13,30,66.24,0.15,3.2,84,642,343,7,15.200000000000001,44.13,960,161,308,0,285,28.6,192,4.6000000000000005
2021,6,25,14,30,79.92,0.15,3.3000000000000003,52,370,117,0,15.700000000000001,51.97,960,52,370,0,117,26.3,185,3.7
2021,6,25,15,30,93.75,0.15,3.3000000000000003,0,0,0,8,16.8,62.5,961,0,0,0,0,24.400000000000002,178,3.5
2021,6,25,16,30,107.38,0.15,3.2,0,0,0,0,17.2,68.97,961,0,0,0,0,23.200000000000003,175,3.8000000000000003
2021,6,25,17,30,120.67,0.15,3.1,0,0,0,0,17.8,76.45,962,0,0,0,0,22.1,175,3.7
2021,6,25,18,30,133.26,0.15,3,0,0,0,0,18.1,83.21000000000001,962,0,0,0,0,21.1,176,3.5
2021,6,25,19,30,144.32,0.15,2.8000000000000003,0,0,0,0,18.400000000000002,88.69,962,0,0,0,0,20.3,176,3.3000000000000003
2021,6,25,20,30,151.95000000000002,0.15,2.7,0,0,0,3,18.5,93.52,962,0,0,0,0,19.6,178,3
2021,6,25,21,30,153.03,0.15,2.6,0,0,0,8,18.7,97.85000000000001,962,0,0,0,0,19,186,2.9000000000000004
2021,6,25,22,30,146.9,0.15,2.6,0,0,0,0,18.7,99.60000000000001,961,0,0,0,0,18.8,195,3.1
2021,6,25,23,30,136.53,0.15,2.7,0,0,0,3,18.8,100,961,0,0,0,0,18.8,203,3.4000000000000004
2021,6,26,0,30,124.25,0.15,2.8000000000000003,0,0,0,1,18.900000000000002,99.92,961,0,0,0,0,18.900000000000002,208,3.2
2021,6,26,1,30,111.11,0.15,2.9000000000000004,0,0,0,3,18.900000000000002,100,962,0,0,0,0,18.900000000000002,212,3.1
2021,6,26,2,30,97.55,0.15,3,0,0,0,1,19,99.44,962,0,0,0,0,19.1,217,3.2
2021,6,26,3,30,83.69,0.15,3,41,178,61,0,19.1,93.67,962,41,178,0,61,20.200000000000003,216,4
2021,6,26,4,30,70.02,0.15,3,90,538,274,1,19.400000000000002,83.57000000000001,963,90,538,0,274,22.3,210,5
2021,6,26,5,30,56.44,0.15,3.1,114,698,500,0,18.7,69.36,963,114,698,0,500,24.700000000000003,206,5.6000000000000005
2021,6,26,6,30,43.29,0.15,3.1,129,781,698,0,17.900000000000002,58.370000000000005,963,129,781,0,698,26.8,204,5.7
2021,6,26,7,30,31.240000000000002,0.15,3.2,137,827,844,0,17.3,50.410000000000004,962,137,827,0,844,28.6,202,5.7
2021,6,26,8,30,22.28,0.15,3.3000000000000003,141,848,925,0,16.8,44.77,961,141,848,0,925,30.1,201,5.800000000000001
2021,6,26,9,30,20.91,0.15,3.3000000000000003,148,841,933,0,16.400000000000002,41.46,960,148,841,0,933,31,200,5.800000000000001
2021,6,26,10,30,28.26,0.15,3.4000000000000004,155,807,865,1,16.2,40.35,959,155,807,0,865,31.3,199,5.6000000000000005
2021,6,26,11,30,39.75,0.15,3.4000000000000004,155,750,732,2,16.2,41.02,959,425,140,0,533,31,197,5.5
2021,6,26,12,30,52.69,0.15,3.4000000000000004,127,703,553,1,16.2,43.17,958,127,703,0,553,30.1,195,5.2
2021,6,26,13,30,66.19,0.15,3.4000000000000004,111,540,329,0,16.3,47.38,958,111,540,0,329,28.6,192,4.6000000000000005
2021,6,26,14,30,79.87,0.15,3.4000000000000004,66,233,107,0,16.7,54.34,959,66,233,0,107,26.700000000000003,185,3.9000000000000004
2021,6,26,15,30,93.71000000000001,0.15,3.5,0,0,0,0,17.400000000000002,62.620000000000005,960,0,0,0,0,25,178,3.8000000000000003
2021,6,26,16,30,107.34,0.15,3.5,0,0,0,1,17.6,68.57000000000001,960,0,0,0,0,23.700000000000003,173,4
2021,6,26,17,30,120.63,0.15,3.5,0,0,0,0,18,75.53,961,0,0,0,0,22.5,171,3.8000000000000003
2021,6,26,18,30,133.23,0.15,3.5,0,0,0,0,18.400000000000002,82.88,961,0,0,0,0,21.400000000000002,173,3.5
2021,6,26,19,30,144.31,0.15,3.4000000000000004,0,0,0,0,18.8,88.81,962,0,0,0,0,20.700000000000003,176,3.2
2021,6,26,20,30,151.97,0.15,3.4000000000000004,0,0,0,0,19.1,94.01,961,0,0,0,0,20.1,181,2.9000000000000004
2021,6,26,21,30,153.07,0.15,3.3000000000000003,0,0,0,0,19.3,97.83,961,0,0,0,0,19.700000000000003,188,2.9000000000000004
2021,6,26,22,30,146.96,0.15,3.3000000000000003,0,0,0,0,19.5,99.24000000000001,960,0,0,0,0,19.6,194,3
2021,6,26,23,30,136.59,0.15,3.3000000000000003,0,0,0,0,19.6,99.79,960,0,0,0,0,19.6,198,3
2021,6,27,0,30,124.31,0.15,3.4000000000000004,0,0,0,0,19.6,100,961,0,0,0,0,19.6,199,2.9000000000000004
2021,6,27,1,30,111.16,0.15,3.4000000000000004,0,0,0,0,19.6,100,961,0,0,0,0,19.6,203,2.8000000000000003
2021,6,27,2,30,97.60000000000001,0.15,3.5,0,0,0,0,19.8,99.9,962,0,0,0,0,19.8,208,2.8000000000000003
2021,6,27,3,30,83.74,0.15,3.6,44,88,54,0,19.900000000000002,95.37,962,44,88,0,54,20.700000000000003,209,3.3000000000000003
2021,6,27,4,30,70.06,0.15,3.6,115,412,255,1,20.1,87.26,963,115,412,0,255,22.3,205,4.2
2021,6,27,5,30,56.480000000000004,0.15,3.7,150,591,476,0,19.700000000000003,75.4,963,150,591,0,476,24.3,200,4.7
2021,6,27,6,30,43.32,0.15,3.8000000000000003,170,688,670,0,19.1,64.42,963,170,688,0,670,26.400000000000002,197,4.9
2021,6,27,7,30,31.25,0.15,3.9000000000000004,181,742,815,0,18.8,56.6,962,181,742,0,815,28.200000000000003,195,5
2021,6,27,8,30,22.26,0.15,4,185,768,896,0,18.5,51.52,961,185,768,0,896,29.5,196,5.1000000000000005
2021,6,27,9,30,20.86,0.15,4,189,767,905,3,18.2,49.63,960,447,40,0,484,29.900000000000002,196,5.1000000000000005
2021,6,27,10,30,28.2,0.15,4.1000000000000005,181,753,844,8,18.2,50.28,959,415,90,0,495,29.6,195,4.9
2021,6,27,11,30,39.69,0.15,4.1000000000000005,165,719,719,7,18.2,53.32,959,355,66,0,405,28.6,192,4.7
2021,6,27,12,30,52.63,0.15,4.2,144,649,538,3,18.3,57.61,959,278,36,0,300,27.400000000000002,187,4.3
2021,6,27,13,30,66.14,0.15,4.3,116,513,323,3,18.6,63.550000000000004,960,91,0,0,91,26.1,180,3.6
2021,6,27,14,30,79.82000000000001,0.15,4.3,66,236,107,3,19.3,71.93,960,5,0,0,5,24.700000000000003,175,2.9000000000000004
2021,6,27,15,30,93.67,0.15,4.3,0,0,0,2,19.900000000000002,79.10000000000001,961,0,0,0,0,23.700000000000003,172,3
2021,6,27,16,30,107.3,0.15,4.2,0,0,0,0,19.900000000000002,82.64,962,0,0,0,0,23,171,3.3000000000000003
2021,6,27,17,30,120.60000000000001,0.15,4.1000000000000005,0,0,0,3,19.8,85.41,962,0,0,0,0,22.400000000000002,170,3.2
2021,6,27,18,30,133.21,0.15,4,0,0,0,3,19.8,88.65,962,0,0,0,0,21.8,172,2.8000000000000003
2021,6,27,19,30,144.31,0.15,3.8000000000000003,0,0,0,3,19.900000000000002,92.07000000000001,962,0,0,0,0,21.200000000000003,174,2.7
2021,6,27,20,30,151.99,0.15,3.7,0,0,0,3,20,95.82000000000001,962,0,0,0,0,20.700000000000003,179,2.6
2021,6,27,21,30,153.13,0.15,3.6,0,0,0,0,20.200000000000003,98.33,961,0,0,0,0,20.5,186,2.6
2021,6,27,22,30,147.02,0.15,3.6,0,0,0,0,20.400000000000002,100,961,0,0,0,0,20.400000000000002,192,2.7
2021,6,27,23,30,136.65,0.15,3.6,0,0,0,0,20.400000000000002,100,961,0,0,0,0,20.400000000000002,198,2.6
2021,6,28,0,30,124.37,0.15,3.7,0,0,0,0,20.3,100,961,0,0,0,0,20.3,204,2.6
2021,6,28,1,30,111.22,0.15,3.7,0,0,0,1,20.3,100,961,0,0,0,0,20.3,208,2.5
2021,6,28,2,30,97.65,0.15,3.8000000000000003,0,0,0,3,20.400000000000002,100,962,0,0,0,0,20.400000000000002,210,2.7
2021,6,28,3,30,83.78,0.15,3.9000000000000004,43,101,54,0,20.5,95.4,963,43,101,0,54,21.3,210,3.4000000000000004
2021,6,28,4,30,70.11,0.15,4,104,452,258,1,20.6,86.74,963,104,452,0,258,22.900000000000002,207,4.1000000000000005
2021,6,28,5,30,56.51,0.15,4.1000000000000005,132,633,481,1,19.900000000000002,74.76,963,132,633,0,481,24.700000000000003,204,4.4
2021,6,28,6,30,43.34,0.15,4.2,176,674,666,3,19.200000000000003,65.77,963,355,45,0,388,26.1,203,4.4
2021,6,28,7,30,31.26,0.15,4.3,189,726,810,3,18.8,60.370000000000005,962,471,145,0,595,27.1,202,4.3
2021,6,28,8,30,22.240000000000002,0.15,4.3,196,751,891,8,18.5,57.68,962,422,279,0,680,27.6,201,4.2
2021,6,28,9,30,20.8,0.15,4.4,193,758,902,7,18.400000000000002,55.99,961,426,270,0,679,28,200,4.1000000000000005
2021,6,28,10,30,28.14,0.15,4.4,185,746,842,8,18.3,55.660000000000004,960,402,208,0,585,28,198,4
2021,6,28,11,30,39.62,0.15,4.4,169,712,717,8,18.400000000000002,56.910000000000004,960,349,106,0,430,27.700000000000003,194,3.8000000000000003
2021,6,28,12,30,52.58,0.15,4.5,148,639,537,7,18.6,60.22,960,280,97,0,338,27,190,3.7
2021,6,28,13,30,66.09,0.15,4.5,118,502,322,3,19,65.68,960,172,10,0,175,25.900000000000002,186,3.4000000000000004
2021,6,28,14,30,79.78,0.15,4.5,66,228,107,3,19.6,74.81,961,20,0,0,20,24.400000000000002,183,2.7
2021,6,28,15,30,93.62,0.15,4.4,0,0,0,0,20.3,82.64,961,0,0,0,0,23.400000000000002,181,2.6
2021,6,28,16,30,107.26,0.15,4.2,0,0,0,7,20.400000000000002,86.66,962,0,0,0,0,22.700000000000003,179,2.8000000000000003
2021,6,28,17,30,120.57000000000001,0.15,4.1000000000000005,0,0,0,7,20.3,89.53,962,0,0,0,0,22.1,178,2.8000000000000003
2021,6,28,18,30,133.19,0.15,4,0,0,0,7,20.200000000000003,92.39,963,0,0,0,0,21.5,178,2.7
2021,6,28,19,30,144.31,0.15,3.9000000000000004,0,0,0,1,20.1,95.37,963,0,0,0,0,20.900000000000002,181,2.5
2021,6,28,20,30,152.02,0.15,3.8000000000000003,0,0,0,0,20.1,98.09,962,0,0,0,0,20.400000000000002,186,2.3000000000000003
2021,6,28,21,30,153.18,0.15,3.7,0,0,0,0,20.200000000000003,99.84,962,0,0,0,0,20.200000000000003,192,2.3000000000000003
2021,6,28,22,30,147.09,0.15,3.6,0,0,0,0,20.200000000000003,100,961,0,0,0,0,20.200000000000003,197,2.4000000000000004
2021,6,28,23,30,136.72,0.15,3.6,0,0,0,0,20.200000000000003,100,961,0,0,0,0,20.200000000000003,201,2.5
2021,6,29,0,30,124.43,0.15,3.5,0,0,0,0,20.200000000000003,100,962,0,0,0,0,20.200000000000003,203,2.6
2021,6,29,1,30,111.27,0.15,3.5,0,0,0,0,20.200000000000003,100,962,0,0,0,0,20.200000000000003,204,2.5
2021,6,29,2,30,97.7,0.15,3.5,0,0,0,1,20.400000000000002,100,962,0,0,0,0,20.400000000000002,205,2.7
2021,6,29,3,30,83.83,0.15,3.5,39,171,58,2,20.6,95.32000000000001,963,38,0,7,38,21.400000000000002,205,3.6
2021,6,29,4,30,70.15,0.15,3.5,88,531,268,0,20.6,85.31,963,88,531,0,268,23.200000000000003,204,4.6000000000000005
2021,6,29,5,30,56.550000000000004,0.15,3.5,112,693,494,0,19.900000000000002,71.57000000000001,964,112,693,0,494,25.400000000000002,202,5.1000000000000005
2021,6,29,6,30,43.37,0.15,3.5,126,779,692,1,19.1,60.53,963,126,779,0,692,27.400000000000002,202,5.300000000000001
2021,6,29,7,30,31.27,0.15,3.5,134,826,839,2,18.6,53.33,963,460,169,0,604,29,202,5.4
2021,6,29,8,30,22.22,0.15,3.5,137,849,923,1,18.1,48.44,962,137,849,0,923,30.200000000000003,202,5.5
2021,6,29,9,30,20.740000000000002,0.15,3.6,142,844,931,0,17.900000000000002,46.27,961,142,844,0,931,30.8,202,5.5
2021,6,29,10,30,28.07,0.15,3.7,140,824,867,3,17.900000000000002,45.79,960,434,82,0,506,30.900000000000002,201,5.5
2021,6,29,11,30,39.56,0.15,3.9000000000000004,134,780,736,3,17.900000000000002,47,960,396,98,0,471,30.5,199,5.4
2021,6,29,12,30,52.52,0.15,4,167,603,534,2,18.1,50.51,960,330,66,0,370,29.5,195,5.2
2021,6,29,13,30,66.03,0.15,4.1000000000000005,133,459,319,0,18.6,57.14,960,133,459,0,319,27.900000000000002,189,4.800000000000001
2021,6,29,14,30,79.73,0.15,4.2,71,193,105,1,19.400000000000002,67.56,961,71,193,0,105,25.900000000000002,183,4.4
2021,6,29,15,30,93.58,0.15,4.3,0,0,0,0,20.200000000000003,77.7,961,0,0,0,0,24.3,179,4.4
2021,6,29,16,30,107.23,0.15,4.2,0,0,0,0,20.400000000000002,84.16,962,0,0,0,0,23.200000000000003,179,4.4
2021,6,29,17,30,120.55,0.15,4.1000000000000005,0,0,0,0,20.3,88.56,963,0,0,0,0,22.3,179,4.1000000000000005
2021,6,29,18,30,133.18,0.15,4,0,0,0,0,20.3,92.22,964,0,0,0,0,21.6,180,3.6
2021,6,29,19,30,144.31,0.15,3.9000000000000004,0,0,0,0,20.200000000000003,95.35000000000001,964,0,0,0,0,21,184,3.5
2021,6,29,20,30,152.06,0.15,3.8000000000000003,0,0,0,0,20.3,97.43,964,0,0,0,0,20.700000000000003,189,3.5
2021,6,29,21,30,153.25,0.15,3.8000000000000003,0,0,0,0,20.400000000000002,99.34,963,0,0,0,0,20.5,194,3.5
2021,6,29,22,30,147.17000000000002,0.15,3.7,0,0,0,0,20.400000000000002,100,963,0,0,0,0,20.400000000000002,199,3.6
2021,6,29,23,30,136.79,0.15,3.7,0,0,0,0,20.400000000000002,100,963,0,0,0,0,20.400000000000002,202,3.7
2021,6,30,0,30,124.49000000000001,0.15,3.6,0,0,0,0,20.200000000000003,100,963,0,0,0,0,20.200000000000003,203,3.9000000000000004
2021,6,30,1,30,111.33,0.15,3.4000000000000004,0,0,0,0,20.1,100,963,0,0,0,0,20.1,205,3.8000000000000003
2021,6,30,2,30,97.76,0.15,3.3000000000000003,0,0,0,0,20.1,100,964,0,0,0,0,20.1,207,3.7
2021,6,30,3,30,83.87,0.15,3.2,40,179,59,0,20.1,94.61,964,40,179,0,59,21,208,4.4
2021,6,30,4,30,70.19,0.15,3.2,88,538,271,0,19.8,82.28,964,88,538,0,271,23,206,5.6000000000000005
2021,6,30,5,30,56.58,0.15,3.3000000000000003,109,708,499,1,19.1,68.95,965,109,708,0,499,25.200000000000003,205,6.2
2021,6,30,6,30,43.39,0.15,3.4000000000000004,123,787,695,1,18.6,59.42,964,123,787,0,695,27.200000000000003,204,6.300000000000001
2021,6,30,7,30,31.27,0.15,3.4000000000000004,126,841,844,0,18.2,52.85,964,126,841,0,844,28.8,203,6.300000000000001
2021,6,30,8,30,22.18,0.15,3.5,127,864,927,3,17.900000000000002,48.49,963,443,54,0,493,29.900000000000002,201,6.4
2021,6,30,9,30,20.67,0.15,3.6,118,880,941,2,17.6,45.68,962,481,160,0,631,30.6,200,6.300000000000001
2021,6,30,10,30,27.990000000000002,0.15,3.6,114,867,880,2,17.2,44.34,962,466,174,0,619,30.700000000000003,198,6.300000000000001
2021,6,30,11,30,39.49,0.15,3.7,109,831,750,3,17,44.550000000000004,961,283,2,0,284,30.400000000000002,195,6.2
2021,6,30,12,30,52.46,0.15,3.7,100,764,565,3,16.900000000000002,46.480000000000004,961,311,69,0,353,29.6,191,6.1000000000000005
2021,6,30,13,30,65.98,0.15,3.8000000000000003,85,635,343,0,17,50.51,962,85,635,0,343,28.200000000000003,185,5.800000000000001
2021,6,30,14,30,79.69,0.15,3.8000000000000003,54,357,118,2,17.2,57.870000000000005,962,20,0,0,20,26.1,179,5.1000000000000005
2021,6,30,15,30,93.54,0.15,3.7,0,0,0,0,17.5,66.28,963,0,0,0,0,24.200000000000003,176,4.3
2021,6,30,16,30,107.2,0.15,3.5,0,0,0,0,17.8,73.28,964,0,0,0,0,22.8,177,3.8000000000000003
2021,6,30,17,30,120.53,0.15,3.2,0,0,0,0,17.900000000000002,79.43,964,0,0,0,0,21.6,181,3.4000000000000004
2021,6,30,18,30,133.17000000000002,0.15,2.9000000000000004,0,0,0,0,18,85.09,965,0,0,0,0,20.6,187,3.1
2021,6,30,19,30,144.33,0.15,2.8000000000000003,0,0,0,0,18.2,90.31,965,0,0,1,0,19.8,194,2.9000000000000004
2021,6,30,20,30,152.1,0.15,2.7,0,0,0,0,18.400000000000002,94.87,964,0,0,0,0,19.200000000000003,201,2.8000000000000003
2021,6,30,21,30,153.32,0.15,2.7,0,0,0,0,18.5,97.77,963,0,0,0,0,18.900000000000002,207,3
2021,6,30,22,30,147.24,0.15,2.7,0,0,0,0,18.7,99.18,963,0,0,0,0,18.8,210,3.3000000000000003
2021,6,30,23,30,136.86,0.15,2.7,0,0,0,0,18.7,99.43,963,0,0,0,0,18.8,211,3.5
2021,7,1,0,30,124.56,0.15,2.7,0,0,0,1,18.7,100,963,0,0,0,0,18.7,213,3.4000000000000004
2021,7,1,1,30,111.39,0.15,2.7,0,0,0,0,18.7,99.85000000000001,963,0,0,0,0,18.7,215,3.3000000000000003
2021,7,1,2,30,97.81,0.15,2.8000000000000003,0,0,0,0,18.6,98.4,964,0,0,0,0,18.900000000000002,218,3.4000000000000004
2021,7,1,3,30,83.92,0.15,2.8000000000000003,38,218,61,0,18.7,92.81,964,38,218,0,61,19.900000000000002,217,4.2
2021,7,1,4,30,70.23,0.15,2.8000000000000003,81,580,277,0,18.6,80.57000000000001,965,81,580,0,277,22.1,213,5.4
2021,7,1,5,30,56.61,0.15,2.8000000000000003,101,740,508,0,17.7,65.8,965,101,740,0,508,24.5,211,6
2021,7,1,6,30,43.4,0.15,2.9000000000000004,110,823,708,0,16.7,54.120000000000005,965,110,823,0,708,26.700000000000003,210,6.2
2021,7,1,7,30,31.27,0.15,2.9000000000000004,118,865,857,0,15.600000000000001,45.76,964,118,865,0,857,28.400000000000002,210,6.2
2021,7,1,8,30,22.14,0.15,3,122,882,939,0,14.700000000000001,40.43,963,122,882,0,939,29.6,210,6.1000000000000005
2021,7,1,9,30,20.59,0.15,3,114,897,954,2,14.100000000000001,37.25,962,481,155,0,626,30.3,210,6
2021,7,1,10,30,27.91,0.15,3.1,113,879,890,3,13.600000000000001,35.59,961,442,93,0,524,30.5,210,5.7
2021,7,1,11,30,39.42,0.15,3.2,108,843,759,3,13.100000000000001,34.95,961,288,2,0,290,30.3,208,5.5
2021,7,1,12,30,52.4,0.15,3.2,98,781,574,3,12.9,35.44,961,190,1,0,191,29.8,206,5.4
2021,7,1,13,30,65.93,0.15,3.2,82,659,351,3,12.8,37.87,961,119,1,0,120,28.6,203,4.7
2021,7,1,14,30,79.64,0.15,3.2,53,382,122,3,13.4,45.33,961,16,0,0,16,26.200000000000003,194,3.8000000000000003
2021,7,1,15,30,93.51,0.15,3.2,0,0,0,1,14.600000000000001,55.660000000000004,961,0,0,0,0,24,183,3.7
2021,7,1,16,30,107.17,0.15,3.2,0,0,0,0,15,61.71,962,0,0,0,0,22.700000000000003,176,4.1000000000000005
2021,7,1,17,30,120.51,0.15,3.1,0,0,0,0,15.5,69.25,963,0,0,0,0,21.400000000000002,175,4.1000000000000005
2021,7,1,18,30,133.16,0.15,3,0,0,0,0,16.1,76.23,963,0,0,0,0,20.400000000000002,179,3.9000000000000004
2021,7,1,19,30,144.34,0.15,2.8000000000000003,0,0,0,0,16.6,82.61,963,0,0,0,0,19.6,186,3.6
2021,7,1,20,30,152.15,0.15,2.8000000000000003,0,0,0,1,17.1,89.11,963,0,0,0,0,18.900000000000002,194,3.4000000000000004
2021,7,1,21,30,153.4,0.15,2.8000000000000003,0,0,0,7,17.6,95.04,963,0,0,0,0,18.400000000000002,201,3.2
2021,7,1,22,30,147.32,0.15,2.8000000000000003,0,0,0,8,18,98.61,962,0,0,0,0,18.2,207,3.1
2021,7,1,23,30,136.93,0.15,3,0,0,0,0,18.2,100,962,0,0,0,0,18.2,212,3.2
2021,7,2,0,30,124.62,0.15,3.1,0,0,0,0,18.400000000000002,99.78,963,0,0,0,0,18.400000000000002,215,3.3000000000000003
2021,7,2,1,30,111.45,0.15,3.3000000000000003,0,0,0,3,18.5,99.27,963,0,0,0,0,18.6,216,3.4000000000000004
2021,7,2,2,30,97.86,0.15,3.4000000000000004,0,0,0,0,18.6,98.19,963,0,0,0,0,18.900000000000002,218,3.5
2021,7,2,3,30,83.96000000000001,0.15,3.4000000000000004,41,151,56,2,18.8,92.65,964,41,151,5,56,20,216,4.2
2021,7,2,4,30,70.26,0.15,3.5,92,516,266,0,19.200000000000003,82.98,964,92,516,0,266,22.200000000000003,211,5.5
2021,7,2,5,30,56.64,0.15,3.5,112,695,494,0,19,71.02,964,112,695,0,494,24.6,208,6.300000000000001
2021,7,2,6,30,43.42,0.15,3.5,113,806,698,0,18.6,60.660000000000004,964,113,806,0,698,26.8,207,6.5
2021,7,2,7,30,31.26,0.15,3.6,123,843,844,0,18.2,53.45,963,123,843,0,844,28.6,206,6.5
2021,7,2,8,30,22.1,0.15,3.6,129,859,925,0,17.8,48.32,963,129,859,0,925,29.900000000000002,206,6.5
2021,7,2,9,30,20.51,0.15,3.7,130,859,935,0,17.400000000000002,44.4,962,130,859,0,935,30.900000000000002,207,6.4
2021,7,2,10,30,27.830000000000002,0.15,3.7,133,836,872,0,17,42.28,961,133,836,0,872,31.3,207,6.300000000000001
2021,7,2,11,30,39.35,0.15,3.7,129,794,743,0,16.6,41.68,960,129,794,0,743,31.1,205,6.1000000000000005
2021,7,2,12,30,52.34,0.15,3.7,117,725,560,3,16.400000000000002,43.57,960,318,69,0,360,30.1,200,6
2021,7,2,13,30,65.88,0.15,3.7,94,606,342,0,16.5,48.480000000000004,960,94,606,0,342,28.400000000000002,193,5.800000000000001
2021,7,2,14,30,79.60000000000001,0.15,3.7,56,350,119,1,17,57.33,961,56,350,0,119,26.1,186,5.300000000000001
2021,7,2,15,30,93.47,0.15,3.6,0,0,0,0,17.7,67.55,961,0,0,0,0,24.1,181,4.6000000000000005
2021,7,2,16,30,107.14,0.15,3.5,0,0,0,0,18.2,75.81,962,0,0,0,0,22.700000000000003,181,4.1000000000000005
2021,7,2,17,30,120.49000000000001,0.15,3.4000000000000004,0,0,0,0,18.400000000000002,81.56,963,0,0,0,0,21.700000000000003,183,3.7
2021,7,2,18,30,133.16,0.15,3.3000000000000003,0,0,0,0,18.5,85.54,963,0,0,0,0,21,186,3.5
2021,7,2,19,30,144.36,0.15,3.3000000000000003,0,0,0,0,18.6,89.37,963,0,0,0,0,20.400000000000002,192,3.3000000000000003
2021,7,2,20,30,152.20000000000002,0.15,3.4000000000000004,0,0,0,0,18.8,93.41,962,0,0,0,0,19.900000000000002,199,3.2
2021,7,2,21,30,153.48,0.15,3.6,0,0,0,3,19.1,96.95,962,0,0,0,0,19.6,207,3.2
2021,7,2,22,30,147.41,0.15,3.7,0,0,0,3,19.3,98.99000000000001,961,0,0,0,0,19.5,213,3.2
2021,7,2,23,30,137.01,0.15,3.9000000000000004,0,0,0,3,19.5,99.65,962,0,0,0,0,19.6,218,3.1
2021,7,3,0,30,124.69,0.15,4,0,0,0,8,19.700000000000003,99.37,962,0,0,0,0,19.8,221,3.1
2021,7,3,1,30,111.51,0.15,4.1000000000000005,0,0,0,3,19.900000000000002,99.74000000000001,963,0,0,0,0,19.900000000000002,224,3
2021,7,3,2,30,97.91,0.15,4.2,0,0,0,8,20,99.14,963,0,0,0,0,20.1,227,3.1
2021,7,3,3,30,84.01,0.15,4.2,37,189,57,0,20.1,94.04,963,37,189,0,57,21.1,224,4
2021,7,3,4,30,70.3,0.15,4.2,80,557,268,3,20.400000000000002,85.48,963,177,74,0,202,23,215,5.6000000000000005
2021,7,3,5,30,56.660000000000004,0.15,4.2,99,719,494,3,20.1,72.88,963,227,13,0,235,25.3,208,6.6000000000000005
2021,7,3,6,30,43.43,0.15,4.3,110,800,690,3,19.6,63.940000000000005,963,324,27,0,344,27,206,6.7
2021,7,3,7,30,31.25,0.15,4.4,118,840,836,3,19.200000000000003,58.17,962,443,150,0,571,28.200000000000003,206,6.5
2021,7,3,8,30,22.05,0.15,4.5,122,860,919,3,19,55.13,961,441,79,0,514,28.900000000000002,205,6.300000000000001
2021,7,3,9,30,20.42,0.15,4.7,197,750,900,7,18.8,54,961,374,398,0,748,29.1,205,5.9
2021,7,3,10,30,27.75,0.15,4.800000000000001,188,738,841,7,18.900000000000002,54.71,960,412,203,0,591,28.900000000000002,202,5.4
2021,7,3,11,30,39.28,0.15,4.9,175,698,716,7,19.1,57.32,960,326,349,7,596,28.3,198,5.1000000000000005
2021,7,3,12,30,52.28,0.15,5,141,657,542,7,19.400000000000002,62.870000000000005,960,254,298,0,436,27.1,191,4.800000000000001
2021,7,3,13,30,65.82000000000001,0.15,5.1000000000000005,121,497,325,3,19.900000000000002,70.25,960,181,11,0,185,25.700000000000003,184,4.4
2021,7,3,14,30,79.55,0.15,5.1000000000000005,73,187,107,3,20.5,79.71000000000001,961,5,0,0,5,24.200000000000003,178,4
2021,7,3,15,30,93.43,0.15,4.9,0,0,0,3,20.8,87.41,961,0,0,0,0,23,176,4.1000000000000005
2021,7,3,16,30,107.11,0.15,4.7,0,0,0,1,20.6,90.59,962,0,0,0,0,22.200000000000003,177,4.3
2021,7,3,17,30,120.48,0.15,4.5,0,0,0,3,20.3,92.76,962,0,0,0,0,21.5,181,4.4
2021,7,3,18,30,133.16,0.15,4.3,0,0,0,0,20,95.26,963,0,0,0,0,20.8,187,4.4
2021,7,3,19,30,144.39000000000001,0.15,4.2,0,0,0,0,19.900000000000002,97.35000000000001,963,0,0,0,0,20.3,191,4.3
2021,7,3,20,30,152.26,0.15,4,0,0,0,0,19.8,98.88,963,0,0,0,0,20,193,4.4
2021,7,3,21,30,153.57,0.15,3.9000000000000004,0,0,0,0,19.700000000000003,98.92,962,0,0,0,0,19.900000000000002,194,4.3
2021,7,3,22,30,147.5,0.15,3.8000000000000003,0,0,0,0,19.700000000000003,99.81,962,0,0,0,0,19.700000000000003,196,4.1000000000000005
2021,7,3,23,30,137.09,0.15,3.7,0,0,0,1,19.6,100,962,0,0,0,0,19.6,198,4
2021,7,4,0,30,124.76,0.15,3.6,0,0,0,0,19.5,100,963,0,0,0,0,19.5,203,3.9000000000000004
2021,7,4,1,30,111.57000000000001,0.15,3.5,0,0,0,0,19.400000000000002,100,963,0,0,0,0,19.400000000000002,208,3.7
2021,7,4,2,30,97.96000000000001,0.15,3.4000000000000004,0,0,0,0,19.5,99.43,963,0,0,0,0,19.6,213,3.6
2021,7,4,3,30,84.05,0.15,3.4000000000000004,37,203,58,0,19.6,94.23,964,37,203,0,58,20.6,215,4.3
2021,7,4,4,30,70.33,0.15,3.4000000000000004,78,578,273,1,19.8,84.47,964,78,578,0,273,22.6,211,5.6000000000000005
2021,7,4,5,30,56.69,0.15,3.5,95,738,501,1,19.3,71.72,964,95,738,0,501,24.8,207,6.4
2021,7,4,6,30,43.44,0.15,3.6,110,809,697,3,18.7,61.940000000000005,964,340,71,0,392,26.6,204,6.7
2021,7,4,7,30,31.23,0.15,3.7,118,850,845,3,18.400000000000002,55.81,963,202,0,0,202,28,203,6.7
2021,7,4,8,30,21.990000000000002,0.15,3.7,123,868,928,3,18.2,51.69,962,461,139,0,590,29.200000000000003,202,6.7
2021,7,4,9,30,20.330000000000002,0.15,3.8000000000000003,127,864,938,2,18.1,48.83,962,464,136,0,591,30,202,6.6000000000000005
2021,7,4,10,30,27.66,0.15,3.8000000000000003,128,845,876,3,17.8,46.72,961,455,138,0,577,30.5,201,6.5
2021,7,4,11,30,39.21,0.15,3.9000000000000004,124,803,746,3,17.5,46.59,960,164,0,0,164,30.200000000000003,199,6.4
2021,7,4,12,30,52.21,0.15,4,124,707,558,3,17.7,50.84,960,100,0,0,100,28.900000000000002,195,6.4
2021,7,4,13,30,65.77,0.15,4.1000000000000005,108,554,336,3,18.5,60.13,960,14,0,0,14,26.900000000000002,190,6.1000000000000005
2021,7,4,14,30,79.51,0.15,4,66,265,114,3,19.3,71.24,961,5,0,0,5,24.900000000000002,186,5.300000000000001
2021,7,4,15,30,93.4,0.15,3.9000000000000004,0,0,0,3,19.900000000000002,80.56,961,0,0,0,0,23.400000000000002,182,4.6000000000000005
2021,7,4,16,30,107.09,0.15,3.8000000000000003,0,0,0,0,20.1,86.61,962,0,0,0,0,22.400000000000002,181,4.3
2021,7,4,17,30,120.46000000000001,0.15,3.7,0,0,0,0,20,90.85000000000001,963,0,0,0,0,21.6,182,4.1000000000000005
2021,7,4,18,30,133.17000000000002,0.15,3.6,0,0,0,0,20.1,94.34,963,0,0,0,0,21,186,4
2021,7,4,19,30,144.42000000000002,0.15,3.5,0,0,0,1,20.200000000000003,97.43,963,0,0,0,0,20.6,190,3.9000000000000004
2021,7,4,20,30,152.33,0.15,3.5,0,0,0,0,20.3,99.83,963,0,0,0,0,20.3,194,3.9000000000000004
2021,7,4,21,30,153.67000000000002,0.15,3.4000000000000004,0,0,0,0,20.200000000000003,99.83,962,0,0,0,0,20.200000000000003,198,4.2
2021,7,4,22,30,147.6,0.15,3.4000000000000004,0,0,0,0,20,100,962,0,0,0,0,20,200,4.3
2021,7,4,23,30,137.18,0.15,3.3000000000000003,0,0,0,0,19.900000000000002,100,962,0,0,0,0,19.900000000000002,202,4.3
2021,7,5,0,30,124.83,0.15,3.3000000000000003,0,0,0,0,19.700000000000003,100,962,0,0,0,0,19.700000000000003,203,4.1000000000000005
2021,7,5,1,30,111.63,0.15,3.3000000000000003,0,0,0,0,19.6,100,962,0,0,0,0,19.6,205,3.9000000000000004
2021,7,5,2,30,98.02,0.15,3.3000000000000003,0,0,0,0,19.6,99.66,963,0,0,0,0,19.700000000000003,207,3.8000000000000003
2021,7,5,3,30,84.09,0.15,3.3000000000000003,37,197,57,3,19.700000000000003,93.94,964,38,0,7,38,20.700000000000003,209,4.5
2021,7,5,4,30,70.37,0.15,3.4000000000000004,79,571,271,3,19.6,83.18,964,142,7,0,144,22.6,208,5.5
2021,7,5,5,30,56.71,0.15,3.5,97,732,499,3,19.1,70.65,964,295,97,0,348,24.8,206,6.1000000000000005
2021,7,5,6,30,43.44,0.15,3.6,134,762,687,3,18.7,61.56,964,396,147,0,503,26.700000000000003,206,6.4
2021,7,5,7,30,31.21,0.15,3.7,142,809,834,3,18.5,55.050000000000004,963,418,104,0,507,28.400000000000002,207,6.5
2021,7,5,8,30,21.93,0.15,3.8000000000000003,147,830,916,2,18.400000000000002,50.75,962,463,130,0,584,29.700000000000003,208,6.7
2021,7,5,9,30,20.23,0.15,3.8000000000000003,154,823,926,1,18.3,48,961,154,823,0,926,30.5,208,6.800000000000001
2021,7,5,10,30,27.560000000000002,0.15,3.8000000000000003,149,810,867,3,18,46.57,960,427,65,0,485,30.8,207,6.7
2021,7,5,11,30,39.13,0.15,3.8000000000000003,140,775,741,3,17.8,46.84,959,249,1,0,249,30.400000000000002,205,6.5
2021,7,5,12,30,52.15,0.15,3.8000000000000003,126,706,559,3,17.5,48.910000000000004,959,54,0,0,54,29.400000000000002,201,6.2
2021,7,5,13,30,65.72,0.15,3.8000000000000003,103,575,340,3,17.5,53.28,959,48,0,0,48,27.900000000000002,195,5.7
2021,7,5,14,30,79.47,0.15,3.8000000000000003,63,296,117,3,17.7,59.97,960,10,0,0,10,26.1,189,5
2021,7,5,15,30,93.37,0.15,3.8000000000000003,0,0,0,3,18,67.29,960,0,0,0,0,24.5,182,4.7
2021,7,5,16,30,107.07000000000001,0.15,3.8000000000000003,0,0,0,3,18.2,72.88,961,0,0,0,0,23.3,178,4.6000000000000005
2021,7,5,17,30,120.46000000000001,0.15,3.8000000000000003,0,0,0,3,18.400000000000002,78.92,962,0,0,0,0,22.200000000000003,178,4.5
2021,7,5,18,30,133.18,0.15,3.7,0,0,0,1,18.7,85.16,962,0,0,0,0,21.3,182,4.4
2021,7,5,19,30,144.46,0.15,3.7,0,0,0,3,19.1,91.12,962,0,0,0,0,20.6,187,4.3
2021,7,5,20,30,152.41,0.15,3.6,0,0,0,0,19.400000000000002,95.29,962,0,0,0,0,20.200000000000003,193,4.1000000000000005
2021,7,5,21,30,153.77,0.15,3.6,0,0,0,0,19.6,97.41,961,0,0,0,0,20,198,4
2021,7,5,22,30,147.70000000000002,0.15,3.6,0,0,0,0,19.6,98.91,961,0,0,0,0,19.8,203,4
2021,7,5,23,30,137.26,0.15,3.6,0,0,0,3,19.6,99.02,961,0,0,0,0,19.8,207,4.1000000000000005
2021,7,6,0,30,124.91,0.15,3.6,0,0,0,0,19.6,99.57000000000001,961,0,0,0,0,19.700000000000003,209,4.2
2021,7,6,1,30,111.69,0.15,3.7,0,0,0,1,19.6,99.36,962,0,0,0,0,19.700000000000003,212,4.3
2021,7,6,2,30,98.07000000000001,0.15,3.7,0,0,0,0,19.5,98.44,962,0,0,0,0,19.8,215,4.3
2021,7,6,3,30,84.13,0.15,3.8000000000000003,40,104,51,3,19.6,94.62,963,39,0,7,39,20.5,216,4.800000000000001
2021,7,6,4,30,70.4,0.15,3.9000000000000004,103,457,256,3,19.700000000000003,87.17,963,103,1,0,103,21.900000000000002,214,5.800000000000001
2021,7,6,5,30,56.72,0.15,4,132,634,480,3,19.3,77.47,963,171,1,0,172,23.5,211,6.4
2021,7,6,6,30,43.44,0.15,4.1000000000000005,150,724,676,3,18.900000000000002,69.92,963,378,86,0,440,24.8,209,6.6000000000000005
2021,7,6,7,30,31.19,0.15,4.1000000000000005,162,773,823,3,18.7,65.35,962,436,108,0,529,25.700000000000003,209,6.6000000000000005
2021,7,6,8,30,21.86,0.15,4.2,168,795,906,3,18.5,61.660000000000004,962,441,46,0,483,26.5,210,6.5
2021,7,6,9,30,20.12,0.15,4.3,173,791,916,2,18.3,58.69,961,501,156,0,648,27.1,210,6.4
2021,7,6,10,30,27.47,0.15,4.3,175,765,854,3,18.2,57.65,960,413,30,0,439,27.3,210,6.300000000000001
2021,7,6,11,30,39.050000000000004,0.15,4.3,169,718,726,3,18.2,58.2,959,94,0,0,94,27.1,209,6.2
2021,7,6,12,30,52.09,0.15,4.4,166,608,539,3,18.3,61.01,959,105,0,0,105,26.400000000000002,206,6
2021,7,6,13,30,65.67,0.15,4.4,136,455,323,3,18.6,66.75,960,14,0,0,14,25.200000000000003,201,5.300000000000001
2021,7,6,14,30,79.43,0.15,4.4,75,179,108,4,19,74.28,960,5,0,0,5,23.900000000000002,194,4.3
2021,7,6,15,30,93.34,0.15,4.4,0,0,0,3,19.6,81.44,961,0,0,0,0,22.900000000000002,188,3.6
2021,7,6,16,30,107.05,0.15,4.3,0,0,0,3,19.700000000000003,85.57000000000001,961,0,0,0,0,22.200000000000003,184,3.5
2021,7,6,17,30,120.45,0.15,4.2,0,0,0,3,19.6,87.61,962,0,0,0,0,21.700000000000003,183,3.5
2021,7,6,18,30,133.2,0.15,4.1000000000000005,0,0,0,1,19.3,89.19,962,0,0,0,0,21.200000000000003,185,3.6
2021,7,6,19,30,144.5,0.15,4,0,0,0,3,19.3,90.87,962,0,0,0,0,20.8,191,3.7
2021,7,6,20,30,152.49,0.15,4,0,0,0,3,19.400000000000002,93.59,962,0,0,0,0,20.5,198,3.7
2021,7,6,21,30,153.88,0.15,4,0,0,0,3,19.700000000000003,96.42,961,0,0,0,0,20.3,205,3.7
2021,7,6,22,30,147.8,0.15,4.1000000000000005,0,0,0,3,19.900000000000002,98.29,961,0,0,0,0,20.200000000000003,209,3.8000000000000003
2021,7,6,23,30,137.35,0.15,4.1000000000000005,0,0,0,3,20,98.85000000000001,961,0,0,0,0,20.200000000000003,210,3.9000000000000004
2021,7,7,0,30,124.98,0.15,4.1000000000000005,0,0,0,3,20,99.63,961,0,0,0,0,20.1,210,4.1000000000000005
2021,7,7,1,30,111.75,0.15,4.1000000000000005,0,0,0,3,20,99.51,962,0,0,0,0,20.1,209,4.3
2021,7,7,2,30,98.12,0.15,4.1000000000000005,0,0,0,3,20,98.75,962,0,0,0,0,20.200000000000003,208,4.5
2021,7,7,3,30,84.17,0.15,4.1000000000000005,40,98,50,3,20,94.85000000000001,963,35,0,7,35,20.900000000000002,207,5.2
2021,7,7,4,30,70.42,0.15,4.1000000000000005,106,441,253,3,19.8,84.93,963,69,0,0,69,22.5,205,6.2
2021,7,7,5,30,56.74,0.15,4.1000000000000005,139,615,476,3,19.1,73.65,963,196,2,0,197,24.1,203,6.9
2021,7,7,6,30,43.44,0.15,4.2,175,676,666,2,18.6,64.89,963,405,149,0,513,25.700000000000003,202,7.1000000000000005
2021,7,7,7,30,31.16,0.15,4.2,183,737,814,3,18.3,59,962,431,98,0,515,27,202,7.1000000000000005
2021,7,7,8,30,21.78,0.15,4.2,187,767,899,3,18,54.660000000000004,961,373,3,0,376,28,203,7.1000000000000005
2021,7,7,9,30,20.01,0.15,4.2,287,629,878,3,17.8,51.550000000000004,960,118,0,0,118,28.8,205,7
2021,7,7,10,30,27.37,0.15,4.2,263,632,825,3,17.8,50.2,959,159,0,0,159,29.200000000000003,205,6.9
2021,7,7,11,30,38.97,0.15,4.2,232,608,705,3,17.8,51.160000000000004,959,62,0,0,62,28.900000000000002,203,6.7
2021,7,7,12,30,52.03,0.15,4.3,193,550,531,3,17.900000000000002,54.46,959,209,1,0,210,27.900000000000002,199,6.5
2021,7,7,13,30,65.62,0.15,4.3,145,427,321,3,18.1,60.74,959,148,2,0,149,26.3,193,6
2021,7,7,14,30,79.39,0.15,4.3,76,178,109,3,18.7,69.92,960,5,0,0,5,24.5,185,5.1000000000000005
2021,7,7,15,30,93.31,0.15,4.3,0,0,0,3,19.3,79.29,961,0,0,0,0,23.1,179,4.7
2021,7,7,16,30,107.03,0.15,4.3,0,0,0,3,19.6,85.07000000000001,962,0,0,0,0,22.200000000000003,177,4.9
2021,7,7,17,30,120.45,0.15,4.2,0,0,0,3,19.6,89.26,963,0,0,0,0,21.400000000000002,178,4.9
2021,7,7,18,30,133.21,0.15,4.1000000000000005,0,0,0,0,19.5,92.17,963,0,0,0,0,20.8,181,4.7
2021,7,7,19,30,144.55,0.15,4,0,0,0,3,19.400000000000002,94.82000000000001,963,0,0,0,0,20.3,186,4.5
2021,7,7,20,30,152.57,0.15,3.9000000000000004,0,0,0,1,19.400000000000002,97.16,963,0,0,0,0,19.900000000000002,191,4.3
2021,7,7,21,30,153.99,0.15,3.9000000000000004,0,0,0,3,19.400000000000002,98.73,963,0,0,0,0,19.6,195,4.2
2021,7,7,22,30,147.91,0.15,3.9000000000000004,0,0,0,3,19.3,98.81,962,0,0,0,0,19.5,198,4.1000000000000005
2021,7,7,23,30,137.44,0.15,3.9000000000000004,0,0,0,3,19.200000000000003,99.56,962,0,0,0,0,19.3,199,3.9000000000000004
2021,7,8,0,30,125.05,0.16,3.9000000000000004,0,0,0,0,19.1,100,963,0,0,0,0,19.1,200,3.5
2021,7,8,1,30,111.81,0.16,3.8000000000000003,0,0,0,0,19,100,963,0,0,0,0,19,201,3.2
2021,7,8,2,30,98.17,0.16,3.8000000000000003,0,0,0,0,19,99.47,964,0,0,0,0,19.1,203,3.4000000000000004
2021,7,8,3,30,84.21000000000001,0.16,3.8000000000000003,40,112,51,0,19,93.27,964,40,112,0,51,20.1,203,4.3
2021,7,8,4,30,70.45,0.16,3.8000000000000003,100,471,257,0,18.6,81.19,965,100,471,0,257,22,201,5.5
2021,7,8,5,30,56.75,0.16,3.8000000000000003,125,656,485,0,17.900000000000002,69.3,965,125,656,0,485,23.900000000000002,200,6.2
2021,7,8,6,30,43.44,0.16,3.8000000000000003,136,756,685,3,17.5,61.43,964,394,127,0,486,25.5,201,6.4
2021,7,8,7,30,31.12,0.16,3.9000000000000004,141,810,835,3,17.3,56.14,964,415,69,0,474,26.8,202,6.5
2021,7,8,8,30,21.7,0.16,4,144,835,919,3,17.2,52.31,963,357,2,0,360,27.900000000000002,203,6.6000000000000005
2021,7,8,9,30,19.89,0.16,4,182,783,918,3,17.2,50.65,962,390,5,0,395,28.400000000000002,204,6.5
2021,7,8,10,30,27.27,0.16,4.1000000000000005,170,776,860,3,17.2,50.29,961,275,1,0,276,28.5,203,6.4
2021,7,8,11,30,38.89,0.16,4.1000000000000005,160,737,734,3,17.3,52.480000000000004,961,124,0,0,124,27.900000000000002,200,6.4
2021,7,8,12,30,51.96,0.16,4.2,167,609,542,4,17.5,56.9,961,26,0,0,26,26.8,194,6.2
2021,7,8,13,30,65.57000000000001,0.16,4.2,135,463,327,3,17.900000000000002,63.15,961,58,0,0,58,25.400000000000002,187,5.7
2021,7,8,14,30,79.35000000000001,0.16,4.2,75,193,111,3,18.2,70.63,962,13,0,0,13,23.900000000000002,182,4.800000000000001
2021,7,8,15,30,93.28,0.16,4.1000000000000005,0,0,0,3,18.5,77.32000000000001,963,0,0,0,0,22.700000000000003,180,4.4
2021,7,8,16,30,107.02,0.16,4.1000000000000005,0,0,0,3,18.400000000000002,80.51,963,0,0,0,0,21.900000000000002,181,4.3
2021,7,8,17,30,120.45,0.16,4,0,0,0,3,18.3,83.9,964,0,0,0,0,21.1,183,4
2021,7,8,18,30,133.24,0.16,3.9000000000000004,0,0,0,3,18.2,87.26,964,0,0,0,0,20.400000000000002,188,3.8000000000000003
2021,7,8,19,30,144.6,0.16,3.9000000000000004,0,0,0,0,18.3,89.75,964,0,0,0,0,20,194,3.7
2021,7,8,20,30,152.67000000000002,0.16,3.8000000000000003,0,0,0,7,18.400000000000002,92.95,964,0,0,0,0,19.6,199,3.8000000000000003
2021,7,8,21,30,154.11,0.16,3.7,0,0,0,0,18.6,95.22,963,0,0,0,0,19.400000000000002,203,4
2021,7,8,22,30,148.02,0.16,3.6,0,0,0,1,18.8,96.81,963,0,0,0,0,19.3,207,4.2
2021,7,8,23,30,137.53,0.16,3.6,0,0,0,1,18.900000000000002,97.92,963,0,0,0,0,19.200000000000003,209,4.1000000000000005
2021,7,9,0,30,125.13000000000001,0.16,3.6,0,0,0,8,18.900000000000002,98.63,963,0,0,0,0,19.1,211,3.9000000000000004
2021,7,9,1,30,111.87,0.16,3.5,0,0,0,3,18.900000000000002,99.84,964,0,0,0,0,18.900000000000002,213,3.6
2021,7,9,2,30,98.21000000000001,0.16,3.5,0,0,0,3,18.8,99.04,965,0,0,0,0,19,215,3.5
2021,7,9,3,30,84.24,0.16,3.4000000000000004,40,119,51,3,18.900000000000002,91.62,965,40,0,7,40,20.3,213,4.5
2021,7,9,4,30,70.48,0.16,3.4000000000000004,96,495,261,3,18.6,79.24,965,79,0,0,79,22.400000000000002,209,5.800000000000001
2021,7,9,5,30,56.76,0.16,3.4000000000000004,120,673,489,3,17.8,66.14,965,302,120,0,368,24.5,206,6.6000000000000005
2021,7,9,6,30,43.43,0.16,3.5,139,753,686,3,17.2,57.03,965,395,195,0,537,26.400000000000002,206,7
2021,7,9,7,30,31.080000000000002,0.16,3.6,149,800,834,3,17.1,51.71,964,453,130,0,564,27.900000000000002,207,7.2
2021,7,9,8,30,21.61,0.16,3.7,157,820,919,5,17.1,48.480000000000004,963,418,13,0,431,29.1,207,7.4
2021,7,9,9,30,19.77,0.16,3.8000000000000003,159,820,930,3,17.1,46.07,961,360,2,0,362,30,207,7.4
2021,7,9,10,30,27.16,0.16,3.8000000000000003,156,803,871,4,17.1,45.03,960,302,1,0,303,30.3,206,7.4
2021,7,9,11,30,38.81,0.16,3.9000000000000004,147,765,743,3,17.1,46.35,960,220,0,0,221,29.8,203,7.2
2021,7,9,12,30,51.9,0.16,3.9000000000000004,131,695,560,5,17.3,50.34,960,172,0,0,172,28.6,200,6.9
2021,7,9,13,30,65.52,0.16,4,108,561,340,3,17.6,55.96,960,17,0,0,17,27.1,195,6.300000000000001
2021,7,9,14,30,79.31,0.16,4,65,286,118,3,17.900000000000002,63.480000000000004,960,5,0,0,5,25.3,189,5.4
2021,7,9,15,30,93.26,0.16,4,0,0,0,4,18.2,71.08,961,0,0,0,0,23.8,184,5
2021,7,9,16,30,107.01,0.16,3.9000000000000004,0,0,0,4,18.3,76.23,962,0,0,0,0,22.700000000000003,180,4.9
2021,7,9,17,30,120.46000000000001,0.16,3.9000000000000004,0,0,0,3,18.2,80.03,962,0,0,0,0,21.8,180,4.6000000000000005
2021,7,9,18,30,133.26,0.16,3.8000000000000003,0,0,0,3,18.2,84.07000000000001,963,0,0,0,0,21,182,4.5
2021,7,9,19,30,144.66,0.16,3.8000000000000003,0,0,0,3,18.400000000000002,88.15,963,0,0,0,0,20.400000000000002,186,4.6000000000000005
2021,7,9,20,30,152.77,0.16,3.8000000000000003,0,0,0,4,18.7,92.37,962,0,0,0,0,20,192,4.6000000000000005
2021,7,9,21,30,154.24,0.16,3.7,0,0,0,3,19,95.3,962,0,0,0,0,19.8,198,4.3
2021,7,9,22,30,148.14000000000001,0.16,3.7,0,0,0,3,19.200000000000003,96.84,961,0,0,0,0,19.700000000000003,202,4
2021,7,9,23,30,137.63,0.16,3.7,0,0,0,3,19.200000000000003,97.77,961,0,0,0,0,19.6,207,4.1000000000000005
2021,7,10,0,30,125.2,0.15,3.7,0,0,0,3,19.200000000000003,98.43,962,0,0,0,0,19.5,212,4.1000000000000005
2021,7,10,1,30,111.93,0.15,3.7,0,0,0,3,19.200000000000003,99.59,962,0,0,0,0,19.3,217,3.9000000000000004
2021,7,10,2,30,98.26,0.15,3.8000000000000003,0,0,0,3,19.200000000000003,98.34,963,0,0,0,0,19.5,220,4
2021,7,10,3,30,84.28,0.15,3.8000000000000003,39,106,50,3,19.3,93.2,963,38,0,7,38,20.400000000000002,218,4.800000000000001
2021,7,10,4,30,70.5,0.15,3.9000000000000004,97,480,257,3,19.200000000000003,82.67,963,146,8,0,149,22.3,214,6
2021,7,10,5,30,56.77,0.15,3.9000000000000004,121,664,485,3,18.5,69.84,964,263,37,0,284,24.400000000000002,211,6.800000000000001
2021,7,10,6,30,43.42,0.15,4,138,749,682,3,18,60.68,963,341,44,0,373,26.200000000000003,209,6.9
2021,7,10,7,30,31.04,0.15,4,147,799,832,1,17.8,55.230000000000004,963,147,799,0,832,27.6,207,6.9
2021,7,10,8,30,21.52,0.15,4.1000000000000005,151,822,916,2,17.6,51.18,962,491,162,0,642,28.700000000000003,206,6.9
2021,7,10,9,30,19.64,0.15,4.1000000000000005,179,786,919,3,17.400000000000002,48.82,961,438,27,0,463,29.3,204,6.9
2021,7,10,10,30,27.05,0.15,4.1000000000000005,169,778,862,3,17.2,47.870000000000005,961,418,35,0,449,29.400000000000002,202,6.9
2021,7,10,11,30,38.730000000000004,0.15,4.1000000000000005,153,750,738,3,17,47.99,960,222,0,0,222,29.1,200,6.800000000000001
2021,7,10,12,30,51.84,0.15,4.1000000000000005,137,679,556,3,16.900000000000002,49.65,960,95,0,0,95,28.400000000000002,197,6.6000000000000005
2021,7,10,13,30,65.47,0.15,4,108,559,340,3,16.900000000000002,53.45,960,93,0,0,94,27.200000000000003,195,6
2021,7,10,14,30,79.28,0.15,4,64,293,119,3,17.3,60.93,960,6,0,0,6,25.400000000000002,192,4.9
2021,7,10,15,30,93.24,0.15,4,0,0,0,3,18.1,70.95,961,0,0,0,0,23.700000000000003,189,4
2021,7,10,16,30,107,0.15,4,0,0,0,3,18.8,79.09,961,0,0,0,0,22.6,186,3.6
2021,7,10,17,30,120.47,0.15,4,0,0,0,0,19.200000000000003,85.38,962,0,0,0,0,21.8,185,3.5
2021,7,10,18,30,133.29,0.15,4,0,0,0,7,19.5,90.25,962,0,0,0,0,21.200000000000003,186,3.5
2021,7,10,19,30,144.72,0.15,4.1000000000000005,0,0,0,1,19.8,94.08,963,0,0,0,0,20.8,192,3.5
2021,7,10,20,30,152.87,0.15,4.1000000000000005,0,0,0,0,20,97.10000000000001,962,0,0,0,0,20.5,202,3.6
2021,7,10,21,30,154.37,0.15,4.1000000000000005,0,0,0,0,20.200000000000003,98.69,962,0,0,0,0,20.400000000000002,209,3.9000000000000004
2021,7,10,22,30,148.26,0.15,4.1000000000000005,0,0,0,0,20.200000000000003,99.53,962,0,0,0,0,20.3,214,4.1000000000000005
2021,7,10,23,30,137.72,0.15,4.1000000000000005,0,0,0,1,20.200000000000003,99.75,962,0,0,0,0,20.200000000000003,216,4.1000000000000005
2021,7,11,0,30,125.28,0.16,4.1000000000000005,0,0,0,4,20.1,99.83,962,0,0,0,0,20.1,218,4.1000000000000005
2021,7,11,1,30,111.99000000000001,0.16,4.1000000000000005,0,0,0,3,20,99.91,963,0,0,0,0,20,220,4
2021,7,11,2,30,98.31,0.16,4.1000000000000005,0,0,0,0,19.900000000000002,98.87,963,0,0,0,0,20.1,221,4.1000000000000005
2021,7,11,3,30,84.31,0.16,4.1000000000000005,37,138,51,5,20,93.83,964,34,0,7,34,21,219,4.800000000000001
2021,7,11,4,30,70.52,0.16,4,91,502,258,3,19.8,83.83,964,105,1,0,105,22.700000000000003,215,5.7
2021,7,11,5,30,56.78,0.16,3.9000000000000004,118,670,485,3,19,70.96000000000001,964,150,0,0,150,24.6,212,6.300000000000001
2021,7,11,6,30,43.4,0.16,3.9000000000000004,133,759,685,2,18.3,61.09,964,391,190,0,530,26.400000000000002,211,6.4
2021,7,11,7,30,30.990000000000002,0.16,3.8000000000000003,141,811,836,2,17.7,54.18,963,443,123,0,548,27.8,209,6.5
2021,7,11,8,30,21.42,0.16,3.8000000000000003,145,835,922,3,17.1,48.95,962,460,128,0,579,28.900000000000002,208,6.5
2021,7,11,9,30,19.5,0.16,3.9000000000000004,146,836,934,3,16.8,46.19,961,280,1,0,281,29.6,207,6.4
2021,7,11,10,30,26.94,0.16,3.9000000000000004,141,825,876,1,16.7,45.06,961,141,825,0,876,29.900000000000002,207,6.4
2021,7,11,11,30,38.64,0.16,4,131,791,749,3,16.7,45.32,960,385,88,0,454,29.8,204,6.2
2021,7,11,12,30,51.77,0.16,4.1000000000000005,118,725,566,2,16.7,47.15,960,274,23,0,289,29.1,201,5.9
2021,7,11,13,30,65.42,0.16,4.1000000000000005,97,599,347,2,16.8,50.74,960,199,22,0,208,27.900000000000002,197,5.300000000000001
2021,7,11,14,30,79.25,0.16,4.1000000000000005,59,336,122,3,17.1,57.81,961,18,0,0,18,26.1,193,4.3
2021,7,11,15,30,93.22,0.16,4.1000000000000005,0,0,0,3,17.900000000000002,66.53,961,0,0,0,0,24.5,188,3.6
2021,7,11,16,30,106.99000000000001,0.16,4.1000000000000005,0,0,0,3,18.400000000000002,73.64,962,0,0,0,0,23.400000000000002,184,3.5
2021,7,11,17,30,120.48,0.16,4,0,0,0,3,18.8,79.84,963,0,0,0,0,22.5,182,3.6
2021,7,11,18,30,133.33,0.16,4,0,0,0,3,19.3,85.98,963,0,0,0,0,21.700000000000003,183,3.6
2021,7,11,19,30,144.79,0.16,4,0,0,0,3,19.700000000000003,91.51,964,0,0,0,0,21.1,187,3.6
2021,7,11,20,30,152.99,0.16,4,0,0,0,0,20,95.29,963,0,0,0,0,20.8,194,3.8000000000000003
2021,7,11,21,30,154.51,0.16,4,0,0,0,0,20.3,97.81,963,0,0,0,0,20.700000000000003,199,3.9000000000000004
2021,7,11,22,30,148.38,0.16,4,0,0,0,0,20.5,99.32000000000001,963,0,0,0,0,20.6,203,4
2021,7,11,23,30,137.82,0.16,4,0,0,0,0,20.5,99.95,962,0,0,0,0,20.5,205,4
2021,7,12,0,30,125.36,0.16,4,0,0,0,0,20.400000000000002,100,963,0,0,0,0,20.400000000000002,208,4
2021,7,12,1,30,112.05,0.16,3.9000000000000004,0,0,0,1,20.3,100,963,0,0,0,0,20.3,212,4
2021,7,12,2,30,98.36,0.16,3.8000000000000003,0,0,0,3,20.400000000000002,99.78,963,0,0,0,0,20.400000000000002,216,4
2021,7,12,3,30,84.35000000000001,0.16,3.8000000000000003,35,184,53,3,20.400000000000002,94.05,964,26,0,7,26,21.400000000000002,218,5
2021,7,12,4,30,70.54,0.16,3.7,81,553,265,3,20.200000000000003,83.22,964,176,67,0,199,23.200000000000003,216,6.1000000000000005
2021,7,12,5,30,56.78,0.16,3.7,105,707,493,3,19.400000000000002,69.28,964,286,63,0,321,25.400000000000002,213,6.5
2021,7,12,6,30,43.38,0.16,3.6,123,785,693,0,18.5,58.18,964,123,785,0,693,27.400000000000002,211,6.5
2021,7,12,7,30,30.94,0.16,3.5,134,828,844,1,17.6,49.61,964,134,828,0,844,29.200000000000003,209,6.5
2021,7,12,8,30,21.31,0.16,3.5,139,849,930,0,16.7,43.550000000000004,962,139,849,0,930,30.5,209,6.5
2021,7,12,9,30,19.36,0.16,3.5,147,841,941,0,15.9,39.31,961,147,841,0,941,31.400000000000002,209,6.5
2021,7,12,10,30,26.82,0.16,3.5,141,830,882,1,15.4,37.44,960,141,830,0,882,31.700000000000003,208,6.5
2021,7,12,11,30,38.56,0.16,3.5,132,797,755,3,15.3,37.5,959,415,114,0,504,31.5,207,6.4
2021,7,12,12,30,51.71,0.16,3.6,120,726,570,3,15.5,39.83,959,231,2,0,232,30.700000000000003,204,6.2
2021,7,12,13,30,65.38,0.16,3.7,104,577,345,3,15.9,44.46,959,151,3,0,152,29.200000000000003,200,5.7
2021,7,12,14,30,79.22,0.16,3.7,65,289,119,3,16.5,52.27,959,26,0,0,26,27.1,193,5
2021,7,12,15,30,93.2,0.16,3.7,0,0,0,0,17.5,61.870000000000005,960,0,0,0,0,25.3,185,4.5
2021,7,12,16,30,106.99000000000001,0.16,3.7,0,0,0,0,18.2,70.21000000000001,961,0,0,0,0,24,179,4.3
2021,7,12,17,30,120.49000000000001,0.16,3.7,0,0,0,0,18.900000000000002,77.98,962,0,0,0,0,22.900000000000002,176,4
2021,7,12,18,30,133.37,0.16,3.7,0,0,0,0,19.3,84.76,963,0,0,0,0,22,181,3.9000000000000004
2021,7,12,19,30,144.86,0.16,3.7,0,0,0,0,19.700000000000003,90.13,963,0,0,0,0,21.400000000000002,189,3.8000000000000003
2021,7,12,20,30,153.1,0.16,3.8000000000000003,0,0,0,0,20.1,94.49,962,0,0,0,0,21,197,3.9000000000000004
2021,7,12,21,30,154.66,0.16,3.9000000000000004,0,0,0,0,20.400000000000002,97.13,962,0,0,0,0,20.900000000000002,204,3.9000000000000004
2021,7,12,22,30,148.51,0.16,4.1000000000000005,0,0,0,0,20.6,98.44,962,0,0,0,0,20.900000000000002,209,3.9000000000000004
2021,7,12,23,30,137.92000000000002,0.16,4.2,0,0,0,0,20.700000000000003,99.02,962,0,0,0,0,20.900000000000002,212,3.9000000000000004
2021,7,13,0,30,125.44,0.16,4.2,0,0,0,1,20.8,99.72,962,0,0,0,0,20.8,216,3.9000000000000004
2021,7,13,1,30,112.12,0.16,4.2,0,0,0,0,20.700000000000003,100,962,0,0,0,0,20.700000000000003,219,4
2021,7,13,2,30,98.4,0.16,4.2,0,0,0,1,20.6,99.05,963,0,0,0,0,20.8,219,4.3
2021,7,13,3,30,84.38,0.16,4.2,34,185,52,3,20.700000000000003,93.85000000000001,963,23,0,7,23,21.700000000000003,217,5.300000000000001
2021,7,13,4,30,70.56,0.16,4.2,80,550,263,3,20.5,83.2,963,112,2,0,113,23.5,213,6.4
2021,7,13,5,30,56.78,0.16,4.3,103,706,490,3,20,71.03,963,171,1,0,171,25.6,209,6.9
2021,7,13,6,30,43.36,0.16,4.3,117,787,689,3,19.6,62.76,963,346,52,0,384,27.3,206,7
2021,7,13,7,30,30.88,0.16,4.3,125,831,839,5,19.400000000000002,56.730000000000004,962,192,0,0,192,28.8,206,7.1000000000000005
2021,7,13,8,30,21.2,0.16,4.3,130,852,924,8,19.3,52.88,961,416,68,0,479,29.900000000000002,206,7
2021,7,13,9,30,19.21,0.16,4.4,132,854,938,5,19.1,50.46,960,388,5,0,393,30.6,205,7
2021,7,13,10,30,26.71,0.16,4.5,130,836,877,4,18.900000000000002,49.27,960,245,0,0,245,30.8,204,7
2021,7,13,11,30,38.480000000000004,0.16,4.5,124,800,750,3,18.8,50.65,959,389,95,0,463,30.200000000000003,202,6.9
2021,7,13,12,30,51.65,0.16,4.6000000000000005,113,732,567,4,19,54.68,959,178,0,0,178,29,198,6.7
2021,7,13,13,30,65.33,0.16,4.6000000000000005,94,607,347,3,19.3,61.17,960,95,0,0,95,27.400000000000002,192,6.2
2021,7,13,14,30,79.19,0.16,4.6000000000000005,59,337,122,4,19.700000000000003,70.25,960,12,0,0,12,25.5,186,5.300000000000001
2021,7,13,15,30,93.18,0.16,4.6000000000000005,0,0,0,4,20.200000000000003,79.43,961,0,0,0,0,24,182,4.800000000000001
2021,7,13,16,30,106.99000000000001,0.16,4.5,0,0,0,4,20.5,85.83,962,0,0,0,0,23,182,4.7
2021,7,13,17,30,120.51,0.16,4.4,0,0,0,4,20.6,91.38,963,0,0,0,0,22.1,185,4.7
2021,7,13,18,30,133.41,0.16,4.3,0,0,0,4,20.700000000000003,95.17,963,0,0,0,0,21.5,187,4.6000000000000005
2021,7,13,19,30,144.94,0.16,4.2,0,0,0,4,20.8,97.32000000000001,963,0,0,0,0,21.200000000000003,190,4.4
2021,7,13,20,30,153.23,0.16,4.1000000000000005,0,0,0,5,20.8,98.66,962,0,0,0,0,21,192,4.2
2021,7,13,21,30,154.81,0.16,4.1000000000000005,0,0,0,4,20.8,99.2,962,0,0,0,0,20.900000000000002,195,4.1000000000000005
2021,7,13,22,30,148.64000000000001,0.16,4.2,0,0,0,5,20.700000000000003,100,961,0,0,0,0,20.700000000000003,198,4.2
2021,7,13,23,30,138.02,0.16,4.2,0,0,0,4,20.6,100,961,0,0,0,0,20.6,199,4.2
2021,7,14,0,30,125.51,0.16,4.2,0,0,0,4,20.6,100,961,0,0,0,0,20.6,200,4.1000000000000005
2021,7,14,1,30,112.17,0.16,4.1000000000000005,0,0,0,4,20.6,99.98,961,0,0,0,0,20.6,200,4.1000000000000005
2021,7,14,2,30,98.45,0.16,4,0,0,0,4,20.6,99.18,962,0,0,0,0,20.700000000000003,202,4.2
2021,7,14,3,30,84.41,0.16,3.9000000000000004,35,177,52,4,20.6,94.42,962,27,0,7,27,21.5,203,4.9
2021,7,14,4,30,70.57000000000001,0.16,3.8000000000000003,79,559,265,4,20.3,83.84,963,48,0,0,48,23.200000000000003,204,6
2021,7,14,5,30,56.78,0.16,3.8000000000000003,98,725,495,4,19.6,71.24,963,126,0,0,126,25.200000000000003,205,6.5
2021,7,14,6,30,43.33,0.16,3.8000000000000003,134,760,687,3,19,61.19,963,336,32,0,360,27.1,206,6.6000000000000005
2021,7,14,7,30,30.82,0.16,3.8000000000000003,147,802,836,1,18.5,53.49,962,147,802,0,836,28.900000000000002,208,6.6000000000000005
2021,7,14,8,30,21.080000000000002,0.16,3.9000000000000004,154,820,920,3,18,48.07,961,263,0,0,263,30.200000000000003,208,6.7
2021,7,14,9,30,19.06,0.16,3.9000000000000004,165,810,930,3,17.5,44.85,960,416,10,0,426,30.900000000000002,208,6.7
2021,7,14,10,30,26.59,0.16,4,161,793,870,2,17.3,43.84,960,479,246,0,699,31,206,6.6000000000000005
2021,7,14,11,30,38.39,0.16,4,150,758,744,4,17.1,44.59,959,353,19,0,368,30.5,204,6.5
2021,7,14,12,30,51.59,0.16,4,132,692,562,4,16.900000000000002,46.56,959,271,18,0,282,29.6,199,6.2
2021,7,14,13,30,65.29,0.16,4,107,568,344,5,16.900000000000002,50.44,959,158,5,0,160,28.200000000000003,194,5.6000000000000005
2021,7,14,14,30,79.16,0.16,3.9000000000000004,63,309,121,3,17.1,56.22,960,22,0,0,22,26.5,188,4.9
2021,7,14,15,30,93.17,0.16,3.8000000000000003,0,0,0,3,17.5,64.14,961,0,0,0,0,24.700000000000003,183,4.5
2021,7,14,16,30,106.99000000000001,0.16,3.6,0,0,0,3,17.8,71.36,961,0,0,0,0,23.3,180,4.4
2021,7,14,17,30,120.53,0.16,3.5,0,0,0,1,18.3,79.13,962,0,0,0,0,22.1,180,4.5
2021,7,14,18,30,133.46,0.16,3.3000000000000003,0,0,0,0,18.8,86.13,962,0,0,0,0,21.200000000000003,183,4.6000000000000005
2021,7,14,19,30,145.03,0.16,3.2,0,0,0,0,19.200000000000003,91.98,963,0,0,0,0,20.5,187,4.6000000000000005
2021,7,14,20,30,153.36,0.16,3.1,0,0,0,0,19.200000000000003,94.84,962,0,0,0,0,20.1,192,4.6000000000000005
2021,7,14,21,30,154.96,0.16,3.1,0,0,0,0,19.200000000000003,96.8,962,0,0,0,0,19.700000000000003,196,4.5
2021,7,14,22,30,148.77,0.16,3.1,0,0,0,0,19.1,98.54,962,0,0,0,0,19.3,200,4.3
2021,7,14,23,30,138.13,0.16,3.2,0,0,0,0,18.900000000000002,98.92,962,0,0,0,0,19.1,203,4
2021,7,15,0,30,125.59,0.16,3.3000000000000003,0,0,0,1,18.8,98.83,962,0,0,0,0,19,206,3.8000000000000003
2021,7,15,1,30,112.23,0.16,3.3000000000000003,0,0,0,3,18.7,98.69,963,0,0,0,0,18.900000000000002,209,3.5
2021,7,15,2,30,98.49000000000001,0.16,3.4000000000000004,0,0,0,4,18.6,98.24000000000001,963,0,0,0,0,18.900000000000002,214,3.3000000000000003
2021,7,15,3,30,84.43,0.16,3.4000000000000004,38,135,51,4,18.7,92.14,964,29,0,7,29,20,216,4
2021,7,15,4,30,70.58,0.16,3.5,89,523,263,3,18.6,80.71000000000001,964,162,17,0,168,22.1,212,5.4
2021,7,15,5,30,56.77,0.16,3.6,106,710,495,8,18.1,67.87,964,206,423,0,438,24.400000000000002,207,6.1000000000000005
2021,7,15,6,30,43.300000000000004,0.16,3.8000000000000003,115,799,697,0,17.900000000000002,59.06,963,115,799,0,697,26.5,205,6.300000000000001
2021,7,15,7,30,30.75,0.16,3.9000000000000004,118,850,849,7,17.900000000000002,53.2,962,313,384,0,643,28.3,205,6.5
2021,7,15,8,30,20.96,0.16,3.9000000000000004,117,877,936,8,17.8,48.800000000000004,961,379,345,0,700,29.700000000000003,205,6.800000000000001
2021,7,15,9,30,18.900000000000002,0.16,4,116,882,950,8,17.400000000000002,45.29,961,411,120,0,524,30.6,203,6.800000000000001
2021,7,15,10,30,26.46,0.16,4.1000000000000005,114,867,890,3,16.900000000000002,43.44,960,438,94,0,523,30.8,202,6.800000000000001
2021,7,15,11,30,38.300000000000004,0.16,4,110,832,763,5,16.5,42.77,959,316,4,0,320,30.6,201,6.800000000000001
2021,7,15,12,30,51.53,0.16,4,108,752,576,3,16.3,44.04,959,328,87,0,382,29.8,198,6.6000000000000005
2021,7,15,13,30,65.25,0.16,4,94,617,352,2,16.1,47.22,959,201,24,0,211,28.400000000000002,194,6
2021,7,15,14,30,79.13,0.16,3.9000000000000004,61,336,124,0,16.3,53.72,960,61,336,0,124,26.400000000000002,190,5.2
2021,7,15,15,30,93.16,0.16,3.8000000000000003,0,0,0,3,16.900000000000002,62.22,960,0,0,0,0,24.6,187,4.7
2021,7,15,16,30,107,0.16,3.6,0,0,0,0,17.5,70.81,961,0,0,0,0,23.1,184,4.6000000000000005
2021,7,15,17,30,120.56,0.16,3.3000000000000003,0,0,0,0,17.900000000000002,78.19,962,0,0,0,0,21.900000000000002,182,4.7
2021,7,15,18,30,133.51,0.16,3.2,0,0,0,0,18.1,83.59,963,0,0,0,0,21,182,4.5
2021,7,15,19,30,145.11,0.16,3.1,0,0,0,8,18.1,87.27,963,0,0,0,0,20.3,186,4.2
2021,7,15,20,30,153.5,0.16,3.1,0,0,0,7,18.1,90.02,963,0,0,0,0,19.8,192,3.8000000000000003
2021,7,15,21,30,155.12,0.16,3.1,0,0,0,7,18.2,92.38,963,0,0,0,0,19.5,198,3.6
2021,7,15,22,30,148.91,0.16,3.2,0,0,0,7,18.400000000000002,94.97,962,0,0,0,0,19.200000000000003,206,3.4000000000000004
2021,7,15,23,30,138.23,0.16,3.2,0,0,0,7,18.5,97.68,962,0,0,0,0,18.900000000000002,214,3.3000000000000003
2021,7,16,0,30,125.67,0.15,3.3000000000000003,0,0,0,7,18.6,99.54,962,0,0,0,0,18.7,218,3.3000000000000003
2021,7,16,1,30,112.29,0.15,3.3000000000000003,0,0,0,7,18.7,99.98,962,0,0,0,0,18.7,218,3.5
2021,7,16,2,30,98.53,0.15,3.4000000000000004,0,0,0,7,18.8,99.12,962,0,0,0,0,18.900000000000002,221,3.7
2021,7,16,3,30,84.46000000000001,0.15,3.4000000000000004,36,142,50,7,18.900000000000002,93.44,963,38,2,7,39,20,221,4.5
2021,7,16,4,30,70.59,0.15,3.5,82,546,263,7,19,83,963,158,133,0,203,22,215,5.800000000000001
2021,7,16,5,30,56.76,0.15,3.6,99,721,495,7,18.400000000000002,70.56,964,212,376,0,418,24.1,210,6.6000000000000005
2021,7,16,6,30,43.27,0.15,3.7,104,818,700,0,17.900000000000002,60.980000000000004,963,104,818,0,700,26,207,6.800000000000001
2021,7,16,7,30,30.68,0.15,3.8000000000000003,111,859,850,1,17.6,54.25,963,111,859,0,850,27.700000000000003,206,6.800000000000001
2021,7,16,8,30,20.830000000000002,0.15,3.9000000000000004,117,876,936,2,17.3,48.730000000000004,962,479,163,0,631,29.200000000000003,207,6.9
2021,7,16,9,30,18.740000000000002,0.15,3.9000000000000004,119,877,949,8,17.1,45.83,961,408,114,0,517,30,208,7.1000000000000005
2021,7,16,10,30,26.34,0.15,3.9000000000000004,119,860,890,8,17,45.37,959,390,250,0,614,30.1,208,7.2
2021,7,16,11,30,38.22,0.15,4,115,821,761,3,17,47.12,959,228,0,0,228,29.5,206,7.1000000000000005
2021,7,16,12,30,51.47,0.15,4,106,754,576,3,17.1,50.25,958,241,4,0,244,28.5,202,6.800000000000001
2021,7,16,13,30,65.21000000000001,0.15,4,89,632,354,2,17.400000000000002,55.34,959,159,6,0,161,27.1,196,6.2
2021,7,16,14,30,79.11,0.15,4,57,364,126,3,17.7,62.53,959,14,0,7,14,25.400000000000002,189,5.4
2021,7,16,15,30,93.15,0.15,3.9000000000000004,0,0,0,3,18.2,70.28,960,0,0,0,0,23.900000000000002,183,5.1000000000000005
2021,7,16,16,30,107.01,0.15,3.7,0,0,0,1,18.3,75.8,961,0,0,0,0,22.8,179,4.9
2021,7,16,17,30,120.59,0.15,3.7,0,0,0,3,18.400000000000002,81.64,962,0,0,1,0,21.700000000000003,178,4.3
2021,7,16,18,30,133.56,0.15,3.6,0,0,0,1,18.5,86.78,963,0,0,0,0,20.8,182,4
2021,7,16,19,30,145.21,0.15,3.6,0,0,0,1,18.6,90.98,963,0,0,0,0,20.1,188,3.9000000000000004
2021,7,16,20,30,153.64000000000001,0.15,3.7,0,0,0,1,18.7,94.12,962,0,0,0,0,19.700000000000003,191,3.9000000000000004
2021,7,16,21,30,155.29,0.15,3.7,0,0,0,0,19,97.48,962,0,0,0,0,19.400000000000002,193,4
2021,7,16,22,30,149.05,0.15,3.7,0,0,0,3,19.200000000000003,99.23,962,0,0,0,0,19.3,194,4.3
2021,7,16,23,30,138.34,0.15,3.7,0,0,0,3,19.200000000000003,99.61,961,0,0,0,0,19.3,197,4.5
2021,7,17,0,30,125.75,0.15,3.7,0,0,0,1,19.200000000000003,100,961,0,0,0,0,19.200000000000003,200,4.4
2021,7,17,1,30,112.35000000000001,0.15,3.7,0,0,0,4,19.1,100,962,0,0,0,0,19.1,201,4
2021,7,17,2,30,98.57000000000001,0.15,3.7,0,0,0,3,19.200000000000003,99.34,962,0,0,0,0,19.3,203,4
2021,7,17,3,30,84.48,0.15,3.8000000000000003,34,190,52,3,19.3,93.75,962,31,0,7,31,20.3,203,5.1000000000000005
2021,7,17,4,30,70.60000000000001,0.15,3.8000000000000003,77,567,265,3,19.200000000000003,82.53,963,94,0,0,94,22.3,200,6.5
2021,7,17,5,30,56.75,0.15,3.9000000000000004,96,729,495,3,18.400000000000002,69.12,963,248,32,0,266,24.400000000000002,198,7.300000000000001
2021,7,17,6,30,43.230000000000004,0.15,3.9000000000000004,108,810,698,3,17.7,59.11,963,324,23,0,341,26.3,198,7.5
2021,7,17,7,30,30.61,0.15,3.9000000000000004,118,849,849,3,17.2,51.82,962,338,3,0,340,28,201,7.6000000000000005
2021,7,17,8,30,20.69,0.15,3.9000000000000004,122,870,936,3,16.7,45.980000000000004,961,471,138,0,600,29.5,204,7.7
2021,7,17,9,30,18.57,0.15,3.9000000000000004,126,868,949,3,16.2,42.1,960,435,25,0,459,30.5,206,7.6000000000000005
2021,7,17,10,30,26.21,0.15,3.9000000000000004,119,861,891,3,15.700000000000001,39.660000000000004,959,408,22,0,428,31,207,7.5
2021,7,17,11,30,38.13,0.15,3.9000000000000004,113,827,764,3,15.4,39.61,959,141,0,0,141,30.700000000000003,206,7.300000000000001
2021,7,17,12,30,51.410000000000004,0.15,3.9000000000000004,110,750,577,3,15.200000000000001,41.38,959,172,0,0,172,29.700000000000003,204,7
2021,7,17,13,30,65.17,0.15,4,92,624,354,3,15.200000000000001,45.44,959,108,0,0,108,28.1,199,6.5
2021,7,17,14,30,79.09,0.15,4.1000000000000005,58,359,126,3,15.700000000000001,52.57,960,5,0,0,5,26.200000000000003,192,5.9
2021,7,17,15,30,93.14,0.15,4.1000000000000005,0,0,0,3,16.7,61.75,961,0,0,0,0,24.5,186,5.7
2021,7,17,16,30,107.02,0.15,4.2,0,0,0,3,17.5,70.88,962,0,0,0,0,23.1,183,5.5
2021,7,17,17,30,120.62,0.15,4.1000000000000005,0,0,0,3,18.1,78.71000000000001,962,0,0,0,0,22,184,5.2
2021,7,17,18,30,133.62,0.15,4.1000000000000005,0,0,0,3,18.5,84,963,0,0,0,0,21.3,188,4.9
2021,7,17,19,30,145.31,0.15,4,0,0,0,0,18.8,88.16,963,0,0,0,0,20.8,192,4.7
2021,7,17,20,30,153.79,0.15,3.9000000000000004,0,0,0,0,19,91.8,962,0,0,0,0,20.400000000000002,197,4.7
2021,7,17,21,30,155.46,0.15,3.9000000000000004,0,0,0,0,19.200000000000003,94.18,962,0,0,0,0,20.200000000000003,200,4.6000000000000005
2021,7,17,22,30,149.19,0.15,4,0,0,0,0,19.3,95.74000000000001,961,0,0,0,0,20,202,4.7
2021,7,17,23,30,138.44,0.15,4,0,0,0,0,19.3,97.09,961,0,0,0,0,19.8,203,4.6000000000000005
2021,7,18,0,30,125.83,0.15,4.1000000000000005,0,0,0,0,19.3,98.29,961,0,0,0,0,19.6,206,4.5
2021,7,18,1,30,112.41,0.15,4.1000000000000005,0,0,0,3,19.3,99.28,962,0,0,0,0,19.400000000000002,208,4.3
2021,7,18,2,30,98.61,0.15,4.2,0,0,0,3,19.200000000000003,98.10000000000001,962,0,0,0,0,19.5,209,4.4
2021,7,18,3,30,84.5,0.15,4.2,34,178,51,3,19.200000000000003,92.67,963,32,0,7,32,20.400000000000002,210,5.2
2021,7,18,4,30,70.61,0.15,4.3,74,573,264,3,19,81.79,963,42,0,0,42,22.3,209,6.4
2021,7,18,5,30,56.74,0.15,4.3,92,736,496,3,18.5,69.55,963,164,1,0,164,24.400000000000002,207,7.1000000000000005
2021,7,18,6,30,43.2,0.15,4.3,111,800,694,3,18.1,60.63,963,152,0,0,152,26.3,206,7.300000000000001
2021,7,18,7,30,30.53,0.15,4.3,110,856,848,3,17.7,54.01,963,292,1,0,293,27.900000000000002,206,7.300000000000001
2021,7,18,8,30,20.55,0.15,4.3,111,880,935,3,17.400000000000002,49.52,962,409,12,0,420,29,205,7.300000000000001
2021,7,18,9,30,18.400000000000002,0.15,4.4,117,876,948,7,17,47.36,961,275,555,0,802,29.400000000000002,205,7.1000000000000005
2021,7,18,10,30,26.09,0.15,4.4,113,865,890,2,16.8,46.63,960,466,181,0,628,29.400000000000002,204,6.9
2021,7,18,11,30,38.050000000000004,0.15,4.5,109,829,761,3,16.7,48.18,960,110,0,0,110,28.700000000000003,202,6.6000000000000005
2021,7,18,12,30,51.35,0.15,4.5,101,763,578,3,16.7,51.14,960,140,0,0,141,27.700000000000003,199,6.2
2021,7,18,13,30,65.13,0.15,4.5,85,642,355,3,16.900000000000002,55.910000000000004,960,141,2,0,142,26.400000000000002,194,5.7
2021,7,18,14,30,79.06,0.15,4.5,55,380,127,4,17.3,62.57,961,5,0,0,5,24.900000000000002,188,5.2
2021,7,18,15,30,93.14,0.15,4.5,0,0,0,3,17.7,69.44,961,0,0,0,0,23.6,182,4.9
2021,7,18,16,30,107.03,0.15,4.5,0,0,0,3,18,74.72,962,0,0,0,0,22.700000000000003,179,4.6000000000000005
2021,7,18,17,30,120.65,0.15,4.4,0,0,0,3,18.2,79.25,963,0,0,0,0,22,178,4.5
2021,7,18,18,30,133.69,0.15,4.3,0,0,0,3,18.5,83.38,963,0,0,0,0,21.400000000000002,180,4.5
2021,7,18,19,30,145.41,0.15,4.2,0,0,0,3,18.7,87.36,963,0,0,0,0,20.900000000000002,184,4.5
2021,7,18,20,30,153.94,0.15,4.1000000000000005,0,0,0,7,19,90.87,963,0,0,0,0,20.5,190,4.4
2021,7,18,21,30,155.64000000000001,0.15,4.1000000000000005,0,0,0,7,19.1,93.56,962,0,0,0,0,20.200000000000003,196,4.5
2021,7,18,22,30,149.34,0.15,4.2,0,0,0,7,19.3,95.49,962,0,0,0,0,20,200,4.4
2021,7,18,23,30,138.55,0.15,4.3,0,0,0,3,19.400000000000002,96.41,963,0,0,0,0,20,202,4.3
2021,7,19,0,30,125.9,0.15,4.3,0,0,0,4,19.5,97.75,963,0,0,0,0,19.900000000000002,202,4.1000000000000005
2021,7,19,1,30,112.46000000000001,0.15,4.4,0,0,0,3,19.6,98.45,964,0,0,0,0,19.900000000000002,204,4
2021,7,19,2,30,98.65,0.15,4.4,0,0,0,3,19.700000000000003,97.58,964,0,0,0,0,20.1,206,4.1000000000000005
2021,7,19,3,30,84.52,0.15,4.4,33,186,51,4,19.8,93.34,964,26,0,7,26,20.900000000000002,208,4.9
2021,7,19,4,30,70.61,0.15,4.4,76,562,263,3,19.700000000000003,83.60000000000001,964,86,0,0,87,22.6,206,6.2
2021,7,19,5,30,56.72,0.15,4.4,95,725,493,2,19.1,71.42,964,289,137,0,364,24.6,205,7
2021,7,19,6,30,43.15,0.15,4.5,107,805,694,1,18.7,62.14,964,107,805,0,694,26.5,204,7.300000000000001
2021,7,19,7,30,30.45,0.15,4.5,112,851,846,0,18.400000000000002,56.04,963,112,851,0,846,28,203,7.4
2021,7,19,8,30,20.41,0.15,4.6000000000000005,113,874,932,1,18.1,51.46,962,113,874,0,932,29.1,203,7.4
2021,7,19,9,30,18.22,0.15,4.6000000000000005,141,838,937,2,17.900000000000002,49.660000000000004,961,487,160,0,640,29.5,203,7.300000000000001
2021,7,19,10,30,25.96,0.15,4.7,128,838,882,3,17.8,50.18,960,411,29,0,437,29.200000000000003,202,7.2
2021,7,19,11,30,37.96,0.15,4.7,116,815,758,5,17.6,51.61,960,186,0,0,186,28.5,200,7
2021,7,19,12,30,51.29,0.15,4.800000000000001,107,746,574,4,17.400000000000002,54.42,960,131,0,0,131,27.400000000000002,196,6.7
2021,7,19,13,30,65.1,0.15,4.800000000000001,88,629,353,4,17.5,59,960,14,0,0,14,26.1,191,6.2
2021,7,19,14,30,79.05,0.15,4.800000000000001,57,359,125,3,17.900000000000002,66.12,961,5,0,0,5,24.6,186,5.2
2021,7,19,15,30,93.14,0.15,4.800000000000001,0,0,0,3,18.5,74.35000000000001,962,0,0,0,0,23.3,180,4.2
2021,7,19,16,30,107.05,0.15,4.7,0,0,0,3,19,81.55,962,0,0,0,0,22.3,176,3.7
2021,7,19,17,30,120.69,0.15,4.5,0,0,0,4,19.3,87.18,963,0,0,0,0,21.5,178,3.5
2021,7,19,18,30,133.76,0.15,4.4,0,0,0,4,19.3,90.81,963,0,0,0,0,20.900000000000002,183,3.4000000000000004
2021,7,19,19,30,145.52,0.15,4.3,0,0,0,4,19.3,93.73,963,0,0,0,0,20.3,189,3.3000000000000003
2021,7,19,20,30,154.11,0.15,4.3,0,0,0,4,19.200000000000003,94.9,963,0,0,0,0,20,194,3.7
2021,7,19,21,30,155.82,0.15,4.3,0,0,0,5,19.200000000000003,95.58,962,0,0,0,0,19.900000000000002,197,4.1000000000000005
2021,7,19,22,30,149.49,0.15,4.4,0,0,0,4,19.3,97.13,962,0,0,0,0,19.8,199,4.2
2021,7,19,23,30,138.66,0.15,4.4,0,0,0,3,19.5,97.93,962,0,0,0,0,19.8,199,4
2021,7,20,0,30,125.98,0.15,4.5,0,0,0,0,19.6,99.13,963,0,0,0,0,19.700000000000003,198,3.6
2021,7,20,1,30,112.52,0.15,4.5,0,0,0,3,19.6,99.86,963,0,0,0,0,19.6,198,3.2
2021,7,20,2,30,98.68,0.15,4.5,0,0,0,5,19.6,98.62,964,0,0,0,0,19.8,199,3.1
2021,7,20,3,30,84.54,0.15,4.4,36,123,48,4,19.6,92.78,964,23,0,7,23,20.8,199,4.2
2021,7,20,4,30,70.61,0.15,4.4,93,486,255,4,19.1,80.31,965,48,0,0,48,22.700000000000003,199,5.6000000000000005
2021,7,20,5,30,56.7,0.15,4.3,123,656,483,4,18.2,67.12,965,254,32,0,271,24.700000000000003,200,6.2
2021,7,20,6,30,43.11,0.15,4.3,137,748,683,5,17.400000000000002,57.24,964,384,102,0,459,26.5,202,6.5
2021,7,20,7,30,30.36,0.15,4.3,148,796,835,7,16.6,49.95,964,326,383,0,656,28,203,6.7
2021,7,20,8,30,20.25,0.15,4.3,155,817,921,3,16.1,45.31,963,493,154,0,637,29.1,203,6.9
2021,7,20,9,30,18.03,0.15,4.3,158,816,935,3,15.700000000000001,42.4,962,440,28,0,466,29.8,201,6.9
2021,7,20,10,30,25.830000000000002,0.15,4.3,161,794,875,3,15.3,41.19,962,142,0,0,142,29.900000000000002,198,6.9
2021,7,20,11,30,37.88,0.15,4.3,155,751,748,4,15,41.1,961,187,0,0,187,29.6,195,6.800000000000001
2021,7,20,12,30,51.24,0.15,4.3,137,683,565,4,14.9,42.79,961,65,0,0,65,28.8,192,6.6000000000000005
2021,7,20,13,30,65.06,0.15,4.3,110,559,346,4,15,46.49,961,38,0,0,38,27.5,188,6.1000000000000005
2021,7,20,14,30,79.03,0.15,4.3,65,300,122,4,15.3,53.02,962,7,0,0,7,25.6,182,5.2
2021,7,20,15,30,93.14,0.15,4.3,0,0,0,4,15.9,61.35,963,0,0,0,0,23.8,176,4.4
2021,7,20,16,30,107.07000000000001,0.15,4.2,0,0,0,3,16.400000000000002,68.54,963,0,0,0,0,22.5,174,3.9000000000000004
2021,7,20,17,30,120.74000000000001,0.15,4.1000000000000005,0,0,0,3,16.900000000000002,75.61,964,0,0,0,0,21.400000000000002,176,3.6
2021,7,20,18,30,133.83,0.15,3.9000000000000004,0,0,0,4,17.400000000000002,81.65,965,0,0,0,0,20.6,181,3.4000000000000004
2021,7,20,19,30,145.63,0.15,3.8000000000000003,0,0,0,4,17.8,86.52,965,0,0,0,0,20.1,187,3.3000000000000003
2021,7,20,20,30,154.27,0.15,3.8000000000000003,0,0,0,3,18.2,90.82000000000001,964,0,0,0,0,19.700000000000003,194,3.4000000000000004
2021,7,20,21,30,156.01,0.15,3.8000000000000003,0,0,0,3,18.5,94.52,964,0,0,0,0,19.400000000000002,200,3.5
2021,7,20,22,30,149.64000000000001,0.15,4,0,0,0,3,18.8,96.2,963,0,0,0,0,19.400000000000002,203,3.8000000000000003
2021,7,20,23,30,138.76,0.15,4.1000000000000005,0,0,0,3,19,97.06,963,0,0,0,0,19.5,205,4.1000000000000005
2021,7,21,0,30,126.06,0.15,4.2,0,0,0,3,19.200000000000003,97.53,963,0,0,0,0,19.6,205,4.2
2021,7,21,1,30,112.57000000000001,0.15,4.2,0,0,0,4,19.3,98.28,964,0,0,0,0,19.6,205,4.3
2021,7,21,2,30,98.71000000000001,0.15,4.2,0,0,0,4,19.400000000000002,97.45,964,0,0,0,0,19.8,209,4.2
2021,7,21,3,30,84.56,0.15,4.3,35,157,50,3,19.5,92.35000000000001,965,14,0,7,14,20.8,211,4.9
2021,7,21,4,30,70.61,0.15,4.3,81,542,261,4,19.5,81.26,965,37,0,0,37,22.900000000000002,209,6.5
2021,7,21,5,30,56.68,0.15,4.4,99,715,492,4,19.3,70.24,966,86,0,0,86,25.1,207,7.4
2021,7,21,6,30,43.06,0.15,4.5,153,716,676,4,19.200000000000003,62.27,965,168,0,0,168,27,205,7.7
2021,7,21,7,30,30.27,0.15,4.5,170,758,825,3,19.200000000000003,56.78,965,385,15,0,398,28.6,204,7.7
2021,7,21,8,30,20.1,0.15,4.6000000000000005,177,781,911,8,19,53.06,964,430,153,0,574,29.6,201,7.6000000000000005
2021,7,21,9,30,17.84,0.15,4.7,132,851,942,7,18.900000000000002,51.11,963,333,441,0,753,30.1,199,7.5
2021,7,21,10,30,25.69,0.15,4.7,133,832,883,2,18.8,50.870000000000005,963,427,356,0,748,30.1,197,7.5
2021,7,21,11,30,37.79,0.15,4.7,128,794,756,3,18.8,52.09,962,177,0,0,177,29.700000000000003,195,7.4
2021,7,21,12,30,51.18,0.15,4.800000000000001,118,722,571,3,19,55.32,962,233,3,0,235,28.8,191,7.2
2021,7,21,13,30,65.03,0.15,4.800000000000001,97,601,350,3,19.200000000000003,61.67,963,15,0,0,15,27.200000000000003,187,6.7
2021,7,21,14,30,79.02,0.15,4.7,59,346,125,3,19.400000000000002,69.17,963,9,0,7,9,25.5,184,5.800000000000001
2021,7,21,15,30,93.15,0.15,4.6000000000000005,0,0,0,3,19.5,75.24,964,0,0,0,0,24.200000000000003,183,4.9
2021,7,21,16,30,107.10000000000001,0.15,4.4,0,0,0,0,19.5,79.16,964,0,0,0,0,23.3,181,4.4
2021,7,21,17,30,120.78,0.15,4.3,0,0,0,3,19.5,83.52,965,0,0,0,0,22.400000000000002,179,4.2
2021,7,21,18,30,133.9,0.15,4.3,0,0,0,3,19.5,87.59,965,0,0,0,0,21.700000000000003,183,4.1000000000000005
2021,7,21,19,30,145.75,0.15,4.2,0,0,0,8,19.8,92.27,965,0,0,0,0,21.1,191,3.9000000000000004
2021,7,21,20,30,154.45000000000002,0.15,4.2,0,0,0,1,20.1,95.64,964,0,0,0,0,20.8,196,3.8000000000000003
2021,7,21,21,30,156.21,0.15,4.3,0,0,0,0,20.3,97.49000000000001,964,0,0,0,0,20.700000000000003,201,3.9000000000000004
2021,7,21,22,30,149.79,0.15,4.3,0,0,0,0,20.400000000000002,98.62,964,0,0,0,0,20.6,206,4
2021,7,21,23,30,138.87,0.15,4.4,0,0,0,0,20.400000000000002,99.4,964,0,0,0,0,20.5,210,3.7
2021,7,22,0,30,126.13000000000001,0.15,4.4,0,0,0,3,20.400000000000002,100,964,0,0,0,0,20.400000000000002,213,3.3000000000000003
2021,7,22,1,30,112.62,0.15,4.5,0,0,0,3,20.3,100,964,0,0,0,0,20.3,215,3.2
2021,7,22,2,30,98.75,0.15,4.5,0,0,0,0,20.400000000000002,99.45,965,0,0,0,0,20.5,216,3.4000000000000004
2021,7,22,3,30,84.57000000000001,0.15,4.5,30,235,52,0,20.5,93.29,965,30,235,0,52,21.6,213,4.6000000000000005
2021,7,22,4,30,70.60000000000001,0.15,4.4,66,607,268,0,20.3,81.60000000000001,966,66,607,0,268,23.6,208,6
2021,7,22,5,30,56.660000000000004,0.15,4.4,85,753,499,3,19.6,68.81,966,139,0,0,139,25.8,207,6.6000000000000005
2021,7,22,6,30,43,0.15,4.3,97,827,702,3,19.200000000000003,60.11,965,281,3,0,283,27.6,207,6.800000000000001
2021,7,22,7,30,30.18,0.15,4.3,105,866,853,1,18.8,53.68,964,105,866,0,853,29.200000000000003,208,6.9
2021,7,22,8,30,19.93,0.15,4.3,110,883,940,3,18.6,49.27,963,311,1,0,312,30.400000000000002,208,7
2021,7,22,9,30,17.650000000000002,0.15,4.2,108,891,957,3,18.2,46.050000000000004,962,300,1,0,301,31.200000000000003,209,7
2021,7,22,10,30,25.560000000000002,0.15,4.2,108,875,897,2,17.8,44.15,961,465,170,0,618,31.5,208,7
2021,7,22,11,30,37.71,0.15,4.1000000000000005,106,840,770,3,17.5,43.660000000000004,961,370,54,0,412,31.3,206,6.800000000000001
2021,7,22,12,30,51.13,0.15,4,97,779,585,1,17.1,44.51,961,97,779,0,585,30.5,203,6.5
2021,7,22,13,30,65,0.15,3.9000000000000004,79,670,362,2,16.7,47.160000000000004,961,118,0,0,118,29.1,199,5.9
2021,7,22,14,30,79.01,0.15,3.8000000000000003,50,425,131,3,16.7,52.74,961,19,0,7,19,27.200000000000003,191,5
2021,7,22,15,30,93.15,0.15,3.8000000000000003,0,0,0,0,17.3,61.38,962,0,0,0,0,25.3,183,4.5
2021,7,22,16,30,107.12,0.15,3.8000000000000003,0,0,0,0,18,69.53,962,0,0,0,0,23.900000000000002,177,4.4
2021,7,22,17,30,120.83,0.15,3.8000000000000003,0,0,0,3,18.6,77.67,963,0,0,0,0,22.700000000000003,174,4.4
2021,7,22,18,30,133.98,0.15,3.7,0,0,0,0,19.1,84.58,963,0,0,0,0,21.8,176,4.4
2021,7,22,19,30,145.87,0.15,3.7,0,0,0,8,19.5,91.10000000000001,964,0,0,0,0,21,181,4.3
2021,7,22,20,30,154.62,0.15,3.7,0,0,0,0,19.700000000000003,95.46000000000001,963,0,0,0,0,20.5,188,4.3
2021,7,22,21,30,156.41,0.15,3.6,0,0,0,3,19.900000000000002,97.59,963,0,0,0,0,20.3,196,4.3
2021,7,22,22,30,149.95000000000002,0.15,3.6,0,0,0,0,19.900000000000002,98.8,963,0,0,0,0,20.1,203,4.4
2021,7,22,23,30,138.98,0.15,3.5,0,0,0,0,19.8,98.98,962,0,0,0,0,20,208,4.5
2021,7,23,0,30,126.21000000000001,0.15,3.5,0,0,0,0,19.8,99.16,963,0,0,0,0,19.900000000000002,209,4.5
2021,7,23,1,30,112.67,0.15,3.4000000000000004,0,0,0,0,19.6,100,963,0,0,0,0,19.6,210,4.3
2021,7,23,2,30,98.78,0.15,3.4000000000000004,0,0,0,3,19.5,98.51,963,0,0,0,0,19.700000000000003,211,4.3
2021,7,23,3,30,84.58,0.15,3.4000000000000004,34,164,49,0,19.3,91.86,964,34,164,0,49,20.700000000000003,208,5.300000000000001
2021,7,23,4,30,70.60000000000001,0.15,3.4000000000000004,79,563,266,1,18.5,76.94,964,79,563,0,266,22.8,204,6.7
2021,7,23,5,30,56.63,0.15,3.4000000000000004,99,731,501,1,17.400000000000002,63.22,964,99,731,0,501,24.900000000000002,202,7.4
2021,7,23,6,30,42.95,0.15,3.4000000000000004,115,804,703,0,16.7,54.04,964,115,804,0,703,26.8,202,7.800000000000001
2021,7,23,7,30,30.080000000000002,0.15,3.5,120,853,857,0,16.2,47.42,963,120,853,0,857,28.5,204,7.9
2021,7,23,8,30,19.77,0.15,3.5,121,878,947,0,15.8,42.77,962,121,878,0,947,29.8,206,7.9
2021,7,23,9,30,17.45,0.15,3.5,116,888,964,0,15.3,39.21,961,116,888,0,964,30.8,207,7.800000000000001
2021,7,23,10,30,25.43,0.15,3.5,115,874,904,1,14.9,36.99,960,115,874,0,904,31.3,206,7.7
2021,7,23,11,30,37.62,0.15,3.6,112,834,773,0,14.5,36.52,959,112,834,0,773,31.1,204,7.4
2021,7,23,12,30,51.08,0.15,3.7,104,766,585,3,14.4,38.35,959,302,53,0,336,30.1,201,7.1000000000000005
2021,7,23,13,30,64.97,0.15,3.8000000000000003,87,646,360,3,14.600000000000001,43,959,177,12,0,182,28.400000000000002,196,6.800000000000001
2021,7,23,14,30,79,0.15,3.8000000000000003,54,391,129,3,15.3,50.35,960,24,0,0,24,26.400000000000002,188,6.300000000000001
2021,7,23,15,30,93.16,0.15,3.9000000000000004,0,0,0,3,16.2,59.82,961,0,0,0,0,24.5,181,5.9
2021,7,23,16,30,107.15,0.15,3.9000000000000004,0,0,0,3,17,69.11,961,0,0,0,0,23,178,5.6000000000000005
2021,7,23,17,30,120.88,0.15,3.8000000000000003,0,0,0,3,17.6,76.94,962,0,0,0,0,21.8,177,5.1000000000000005
2021,7,23,18,30,134.07,0.15,3.8000000000000003,0,0,0,1,17.900000000000002,82.74,963,0,0,0,0,20.900000000000002,179,4.800000000000001
2021,7,23,19,30,146,0.15,3.8000000000000003,0,0,0,0,18.2,87.16,963,0,0,0,0,20.400000000000002,183,4.9
2021,7,23,20,30,154.81,0.15,3.9000000000000004,0,0,0,0,18.6,91.88,963,0,0,0,0,20,187,5.1000000000000005
2021,7,23,21,30,156.61,0.15,4,0,0,0,0,19,94.95,962,0,0,0,0,19.8,190,5.1000000000000005
2021,7,23,22,30,150.11,0.15,4,0,0,0,3,19.200000000000003,96.07000000000001,962,0,0,0,0,19.8,191,5.1000000000000005
2021,7,23,23,30,139.09,0.15,4.1000000000000005,0,0,0,0,19.200000000000003,96.54,962,0,0,0,0,19.8,192,5
2021,7,24,0,30,126.28,0.15,4.1000000000000005,0,0,0,3,19.200000000000003,96.92,962,0,0,0,0,19.700000000000003,194,5.1000000000000005
2021,7,24,1,30,112.72,0.15,4.1000000000000005,0,0,0,4,19.200000000000003,97.46000000000001,963,0,0,0,0,19.6,199,4.9
2021,7,24,2,30,98.81,0.15,4.1000000000000005,0,0,0,4,19.200000000000003,96.85000000000001,963,0,0,0,0,19.700000000000003,203,4.9
2021,7,24,3,30,84.59,0.15,4.1000000000000005,30,247,53,4,19.200000000000003,92.81,963,25,0,7,25,20.400000000000002,204,5.9
2021,7,24,4,30,70.59,0.15,4.1000000000000005,63,626,271,4,18.900000000000002,82.83,964,98,1,0,98,22,202,7.2
2021,7,24,5,30,56.6,0.15,4.2,80,772,504,4,18.2,70.9,964,240,22,0,252,23.8,200,7.9
2021,7,24,6,30,42.89,0.15,4.2,90,843,708,3,17.5,61.03,964,380,129,0,475,25.6,199,8.200000000000001
2021,7,24,7,30,29.97,0.15,4.2,96,882,861,3,17,53.53,963,354,5,0,359,27.3,200,8.4
2021,7,24,8,30,19.59,0.15,4.2,102,898,947,3,16.6,48.11,963,149,0,0,149,28.700000000000003,201,8.700000000000001
2021,7,24,9,30,17.25,0.15,4.2,110,890,960,3,16.2,44.21,962,259,0,0,260,29.700000000000003,202,8.8
2021,7,24,10,30,25.29,0.15,4.2,115,867,899,4,15.9,43.13,961,209,0,0,209,29.8,200,8.8
2021,7,24,11,30,37.54,0.15,4.3,113,826,768,3,15.8,45.42,960,84,0,0,84,28.8,196,8.700000000000001
2021,7,24,12,30,51.03,0.15,4.2,111,746,581,3,15.9,49.63,960,49,0,0,49,27.400000000000002,193,8.4
2021,7,24,13,30,64.94,0.15,4.2,96,614,355,4,16,54.28,961,15,0,0,15,25.900000000000002,189,7.9
2021,7,24,14,30,78.99,0.15,4.2,61,340,126,4,15.9,58.74,962,5,0,0,5,24.5,185,7.300000000000001
2021,7,24,15,30,93.17,0.15,4.2,0,0,0,4,16,64.34,963,0,0,0,0,23.1,183,6.7
2021,7,24,16,30,107.18,0.15,4.2,0,0,0,4,16.400000000000002,71,964,0,0,0,0,21.900000000000002,183,6.1000000000000005
2021,7,24,17,30,120.94,0.15,4.1000000000000005,0,0,0,4,16.900000000000002,77.54,964,0,0,0,0,21,185,5.6000000000000005
2021,7,24,18,30,134.15,0.15,4,0,0,0,5,17.400000000000002,82.23,965,0,0,0,0,20.5,189,5.300000000000001
2021,7,24,19,30,146.13,0.15,4,0,0,0,4,17.6,85.38,964,0,0,0,0,20.1,193,5.2
2021,7,24,20,30,155,0.15,3.9000000000000004,0,0,0,4,17.7,87.79,964,0,0,0,0,19.8,197,5.2
2021,7,24,21,30,156.82,0.15,3.9000000000000004,0,0,0,5,17.900000000000002,89.74,963,0,0,0,0,19.6,199,5
2021,7,24,22,30,150.27,0.15,4,0,0,0,4,18.1,92.74,963,0,0,0,0,19.3,201,4.5
2021,7,24,23,30,139.20000000000002,0.15,4,0,0,0,4,18.3,94.63,963,0,0,0,0,19.200000000000003,202,4.4
2021,7,25,0,30,126.36,0.15,4,0,0,0,4,18.400000000000002,96,963,0,0,0,0,19.1,203,4.4
2021,7,25,1,30,112.77,0.15,4,0,0,0,3,18.5,97.45,963,0,0,0,0,18.900000000000002,205,4.3
2021,7,25,2,30,98.83,0.15,3.9000000000000004,0,0,0,3,18.5,96.76,964,0,0,0,0,19,207,4.4
2021,7,25,3,30,84.60000000000001,0.15,3.8000000000000003,31,224,52,5,18.5,90.27,964,36,1,7,36,20.1,206,5.5
2021,7,25,4,30,70.58,0.15,3.8000000000000003,67,613,271,3,18,77.38,965,168,35,0,179,22.1,204,6.9
2021,7,25,5,30,56.56,0.15,3.9000000000000004,85,761,505,3,16.900000000000002,63.65,965,210,5,0,213,24.200000000000003,203,7.6000000000000005
2021,7,25,6,30,42.83,0.15,4,99,829,707,3,16.5,55.2,965,237,1,0,238,26.200000000000003,201,8
2021,7,25,7,30,29.87,0.15,4.1000000000000005,114,857,857,3,16.400000000000002,49.61,964,369,8,0,377,27.900000000000002,200,8.3
2021,7,25,8,30,19.41,0.15,4.1000000000000005,123,870,943,3,16.1,45.29,963,195,0,0,196,29.1,200,8.5
2021,7,25,9,30,17.04,0.15,4.1000000000000005,131,863,956,3,15.9,43.44,962,347,2,0,349,29.6,200,8.4
2021,7,25,10,30,25.16,0.15,4.2,129,847,895,3,15.9,44.06,961,277,1,0,277,29.400000000000002,199,8.200000000000001
2021,7,25,11,30,37.46,0.15,4.2,127,804,766,3,16,45.56,960,118,0,0,118,28.900000000000002,197,8
2021,7,25,12,30,50.980000000000004,0.15,4.2,119,731,578,3,16,47.910000000000004,960,76,0,0,76,28.1,195,7.800000000000001
2021,7,25,13,30,64.92,0.15,4.2,100,601,354,3,16.2,52.25,960,16,0,0,16,26.8,192,7.4
2021,7,25,14,30,78.99,0.15,4.2,62,334,126,3,16.5,58.6,961,5,0,0,5,25.200000000000003,189,6.6000000000000005
2021,7,25,15,30,93.19,0.15,4.1000000000000005,0,0,0,1,16.8,65.23,962,0,0,0,0,23.700000000000003,184,5.7
2021,7,25,16,30,107.22,0.15,4,0,0,0,3,16.900000000000002,70.78,963,0,0,0,0,22.5,181,5.1000000000000005
2021,7,25,17,30,121,0.15,3.8000000000000003,0,0,0,0,17,76.21000000000001,964,0,0,0,0,21.400000000000002,180,4.6000000000000005
2021,7,25,18,30,134.24,0.15,3.8000000000000003,0,0,0,0,17.2,81.23,965,0,0,0,0,20.5,183,4.1000000000000005
2021,7,25,19,30,146.27,0.15,3.8000000000000003,0,0,0,3,17.400000000000002,86.27,965,0,0,0,0,19.8,191,3.9000000000000004
2021,7,25,20,30,155.19,0.15,3.9000000000000004,0,0,0,3,17.8,89.75,964,0,0,0,0,19.5,203,4.3
2021,7,25,21,30,157.03,0.15,4.1000000000000005,0,0,0,3,18,92.3,963,0,0,0,0,19.3,213,4.800000000000001
2021,7,25,22,30,150.43,0.15,4.2,0,0,0,0,18.1,93.54,963,0,0,0,0,19.200000000000003,219,4.9
2021,7,25,23,30,139.31,0.15,4.3,0,0,0,3,18.2,95.23,962,0,0,0,0,19,221,4.800000000000001
2021,7,26,0,30,126.43,0.14,4.3,0,0,0,3,18.2,96,963,0,0,0,0,18.900000000000002,219,4.9
2021,7,26,1,30,112.82000000000001,0.14,4.2,0,0,0,3,18.2,96.28,963,0,0,0,0,18.8,215,4.800000000000001
2021,7,26,2,30,98.86,0.14,4.1000000000000005,0,0,0,4,18.3,96.07000000000001,964,0,0,0,0,18.900000000000002,211,4.5
2021,7,26,3,30,84.61,0.14,3.9000000000000004,35,150,49,3,18.5,91.37,964,32,0,7,32,19.900000000000002,208,4.9
2021,7,26,4,30,70.56,0.14,3.9000000000000004,77,568,266,3,18.5,81.04,965,20,0,0,20,21.900000000000002,206,6
2021,7,26,5,30,56.53,0.14,4,95,733,500,3,18.1,69.18,965,91,0,0,91,24.1,206,6.7
2021,7,26,6,30,42.76,0.14,4.2,111,804,701,3,17.900000000000002,62.46,964,288,4,0,291,25.6,210,6.9
2021,7,26,7,30,29.76,0.14,4.4,127,833,850,3,17.8,59.34,964,258,0,0,258,26.400000000000002,214,7
2021,7,26,8,30,19.23,0.14,4.4,141,840,934,3,17.8,57.36,963,306,1,0,307,26.900000000000002,215,7.2
2021,7,26,9,30,16.830000000000002,0.14,4.4,192,773,932,2,17.8,56,962,501,145,0,640,27.400000000000002,213,7.300000000000001
2021,7,26,10,30,25.02,0.14,4.4,201,736,868,3,17.8,53.33,961,389,8,0,396,28.200000000000003,210,7.4
2021,7,26,11,30,37.38,0.14,4.4,189,693,740,3,17.400000000000002,50.730000000000004,960,311,3,0,313,28.6,207,7.5
2021,7,26,12,30,50.93,0.14,4.4,143,673,567,3,16.900000000000002,51.01,960,157,0,0,157,28,204,7.300000000000001
2021,7,26,13,30,64.9,0.14,4.4,117,538,345,3,16.7,54.49,961,44,0,0,44,26.6,201,6.7
2021,7,26,14,30,78.99,0.14,4.4,68,273,120,3,16.3,58.74,961,24,0,0,24,24.900000000000002,199,5.7
2021,7,26,15,30,93.21000000000001,0.14,4.3,0,0,0,0,16.1,63.47,962,0,0,0,0,23.400000000000002,196,4.7
2021,7,26,16,30,107.26,0.14,4.2,0,0,0,0,16.1,67.9,963,0,0,0,0,22.3,192,4.3
2021,7,26,17,30,121.06,0.14,4.2,0,0,0,0,16.3,72.83,963,0,0,0,0,21.400000000000002,188,3.9000000000000004
2021,7,26,18,30,134.34,0.14,4.2,0,0,0,0,16.900000000000002,78.85000000000001,964,0,0,0,0,20.700000000000003,189,3.7
2021,7,26,19,30,146.41,0.14,4.3,0,0,0,0,17.6,85.49,964,0,0,0,0,20.1,193,3.5
2021,7,26,20,30,155.39000000000001,0.14,4.4,0,0,0,3,18.2,90.4,964,0,0,0,0,19.8,199,3.4000000000000004
2021,7,26,21,30,157.25,0.14,4.4,0,0,0,3,18.5,93.48,963,0,0,0,0,19.6,205,3.5
2021,7,26,22,30,150.59,0.14,4.5,0,0,0,3,18.7,94.83,963,0,0,0,0,19.6,209,3.8000000000000003
2021,7,26,23,30,139.42000000000002,0.14,4.4,0,0,0,3,19,95.73,963,0,0,0,0,19.700000000000003,212,4
2021,7,27,0,30,126.5,0.14,4.3,0,0,0,3,19.200000000000003,97.12,963,0,0,0,0,19.700000000000003,213,4.1000000000000005
2021,7,27,1,30,112.86,0.14,4.3,0,0,0,4,19.3,98.4,963,0,0,0,0,19.6,214,4.3
2021,7,27,2,30,98.88,0.14,4.2,0,0,0,4,19.3,97.73,963,0,0,0,0,19.700000000000003,216,4.6000000000000005
2021,7,27,3,30,84.61,0.14,4.1000000000000005,33,174,49,4,19.3,93.04,964,23,0,7,23,20.5,215,5.5
2021,7,27,4,30,70.55,0.14,4.1000000000000005,76,565,265,4,19,81.66,964,10,0,0,10,22.3,209,6.7
2021,7,27,5,30,56.49,0.14,4.1000000000000005,96,729,498,4,18.1,68.77,964,95,0,0,95,24.200000000000003,205,7.300000000000001
2021,7,27,6,30,42.69,0.14,4.1000000000000005,110,806,703,4,17.3,59.57,964,112,0,0,113,25.8,203,7.4
2021,7,27,7,30,29.64,0.14,4.1000000000000005,119,847,855,4,16.8,53.81,963,277,1,0,277,27,203,7.4
2021,7,27,8,30,19.04,0.14,4.1000000000000005,127,863,943,4,16.400000000000002,49.28,962,235,0,0,236,28,203,7.4
2021,7,27,9,30,16.61,0.14,4.1000000000000005,131,862,957,4,15.9,46.160000000000004,961,369,3,0,372,28.6,202,7.4
2021,7,27,10,30,24.88,0.14,4.1000000000000005,132,844,897,4,15.5,44.44,960,424,42,0,462,28.8,201,7.300000000000001
2021,7,27,11,30,37.300000000000004,0.14,4.1000000000000005,126,807,768,4,15.4,44.660000000000004,960,330,7,0,335,28.6,200,7.2
2021,7,27,12,30,50.89,0.14,4.2,115,739,581,4,15.600000000000001,47.7,960,167,0,0,167,27.700000000000003,197,6.9
2021,7,27,13,30,64.88,0.14,4.3,96,612,356,4,16.1,53.7,960,35,0,0,35,26.200000000000003,193,6.2
2021,7,27,14,30,78.99,0.14,4.4,61,336,125,4,16.8,62.07,961,5,0,0,5,24.5,188,5.300000000000001
2021,7,27,15,30,93.23,0.14,4.4,0,0,0,4,17.6,71.05,962,0,0,0,0,23.1,184,4.4
2021,7,27,16,30,107.3,0.14,4.5,0,0,0,4,18.1,77.78,962,0,0,0,0,22.200000000000003,182,4
2021,7,27,17,30,121.13,0.14,4.5,0,0,0,3,18.5,83.03,963,0,0,0,0,21.5,183,3.9000000000000004
2021,7,27,18,30,134.44,0.14,4.5,0,0,0,3,18.8,87.78,963,0,0,0,0,20.900000000000002,186,4
2021,7,27,19,30,146.56,0.14,4.4,0,0,0,4,19.1,91.29,963,0,0,0,0,20.6,190,4.4
2021,7,27,20,30,155.6,0.14,4.3,0,0,0,4,19.400000000000002,95.23,962,0,0,0,0,20.200000000000003,195,4.5
2021,7,27,21,30,157.47,0.14,4.1000000000000005,0,0,0,4,19.5,97.77,962,0,0,0,0,19.900000000000002,199,4.3
2021,7,27,22,30,150.76,0.14,4,0,0,0,4,19.5,98.63,962,0,0,0,0,19.700000000000003,203,4.2
2021,7,27,23,30,139.53,0.14,4,0,0,0,4,19.400000000000002,98.75,962,0,0,0,0,19.6,205,4.1000000000000005
2021,7,28,0,30,126.58,0.14,4,0,0,0,5,19.400000000000002,99.16,962,0,0,0,0,19.5,206,3.9000000000000004
2021,7,28,1,30,112.9,0.14,4,0,0,0,4,19.400000000000002,99.76,962,0,0,0,0,19.400000000000002,208,3.9000000000000004
2021,7,28,2,30,98.9,0.14,3.9000000000000004,0,0,0,4,19.400000000000002,98.46000000000001,963,0,0,0,0,19.6,211,4.2
2021,7,28,3,30,84.61,0.14,3.9000000000000004,35,146,49,5,19.400000000000002,92.76,963,32,0,7,32,20.6,210,5.2
2021,7,28,4,30,70.53,0.14,3.9000000000000004,83,540,263,5,19.3,82.38,963,23,0,0,23,22.400000000000002,206,6.5
2021,7,28,5,30,56.45,0.14,4,103,713,497,4,18.7,70.76,963,110,0,0,110,24.3,202,7.2
2021,7,28,6,30,42.62,0.14,4.1000000000000005,116,796,702,7,18.2,63.47,963,318,94,0,387,25.700000000000003,201,7.4
2021,7,28,7,30,29.53,0.14,4.1000000000000005,123,842,856,7,18,59.29,963,385,195,0,555,26.6,201,7.4
2021,7,28,8,30,18.85,0.14,4.2,128,861,943,3,17.6,54.77,962,439,38,0,475,27.5,202,7.4
2021,7,28,9,30,16.39,0.14,4.2,131,862,958,3,17.2,51.4,961,226,0,0,226,28.200000000000003,202,7.4
2021,7,28,10,30,24.75,0.14,4.2,127,850,899,7,16.900000000000002,49.01,960,402,154,0,543,28.700000000000003,201,7.300000000000001
2021,7,28,11,30,37.22,0.14,4.2,117,821,771,7,16.7,48.300000000000004,960,354,79,0,417,28.700000000000003,199,7.2
2021,7,28,12,30,50.84,0.14,4.2,104,764,586,4,16.6,49.230000000000004,959,76,0,0,76,28.200000000000003,197,7
2021,7,28,13,30,64.86,0.14,4.1000000000000005,85,653,362,4,16.5,52.39,960,18,0,0,18,27.1,192,6.5
2021,7,28,14,30,78.99,0.14,4.1000000000000005,53,401,130,5,16.7,58.54,960,5,0,0,5,25.400000000000002,187,5.6000000000000005
2021,7,28,15,30,93.25,0.14,4.1000000000000005,0,0,0,4,17.1,66.23,961,0,0,0,0,23.8,183,4.9
2021,7,28,16,30,107.34,0.14,4,0,0,0,4,17.6,73.32000000000001,962,0,0,0,0,22.6,180,4.4
2021,7,28,17,30,121.2,0.14,4,0,0,0,4,18.1,80.42,963,0,0,0,0,21.6,180,4
2021,7,28,18,30,134.54,0.14,4,0,0,0,4,18.5,86.62,963,0,0,0,0,20.8,183,3.8000000000000003
2021,7,28,19,30,146.71,0.14,4,0,0,0,3,18.8,90.82000000000001,963,0,0,0,0,20.400000000000002,189,3.6
2021,7,28,20,30,155.81,0.14,4,0,0,0,0,19.200000000000003,93.76,963,0,0,0,0,20.200000000000003,197,3.5
2021,7,28,21,30,157.70000000000002,0.14,4,0,0,0,3,19.400000000000002,96.42,963,0,0,0,0,20,202,3.6
2021,7,28,22,30,150.92000000000002,0.14,3.9000000000000004,0,0,0,4,19.6,97.37,962,0,0,0,0,20,204,3.8000000000000003
2021,7,28,23,30,139.64000000000001,0.14,3.9000000000000004,0,0,0,4,19.6,98.4,962,0,0,0,0,19.900000000000002,207,3.9000000000000004
2021,7,29,0,30,126.65,0.15,3.9000000000000004,0,0,0,4,19.700000000000003,99.09,963,0,0,0,0,19.8,209,3.9000000000000004
2021,7,29,1,30,112.95,0.15,3.9000000000000004,0,0,0,4,19.6,99.51,963,0,0,0,0,19.700000000000003,212,3.9000000000000004
2021,7,29,2,30,98.92,0.15,4,0,0,0,4,19.6,98.82000000000001,964,0,0,0,0,19.8,213,4.1000000000000005
2021,7,29,3,30,84.61,0.15,4,33,187,51,3,19.700000000000003,93.72,964,36,0,7,36,20.700000000000003,210,5.1000000000000005
2021,7,29,4,30,70.51,0.15,4,74,582,268,4,19.5,83.59,964,56,0,0,56,22.400000000000002,204,6.300000000000001
2021,7,29,5,30,56.4,0.15,4.1000000000000005,94,740,503,3,18.900000000000002,72.95,965,213,5,0,216,24,199,6.7
2021,7,29,6,30,42.550000000000004,0.15,4.1000000000000005,107,816,708,4,18.3,66.16,964,164,0,0,164,25.1,197,6.7
2021,7,29,7,30,29.41,0.15,4.1000000000000005,115,857,862,5,18.1,61.940000000000005,964,308,1,0,309,26,197,6.7
2021,7,29,8,30,18.650000000000002,0.15,4.2,119,877,949,5,17.8,58.19,963,397,7,0,404,26.700000000000003,196,6.800000000000001
2021,7,29,9,30,16.17,0.15,4.2,120,879,964,4,17.400000000000002,54.84,963,199,0,0,199,27.3,195,6.800000000000001
2021,7,29,10,30,24.61,0.15,4.1000000000000005,118,866,906,3,17.1,52.49,962,212,0,0,212,27.700000000000003,193,6.800000000000001
2021,7,29,11,30,37.14,0.15,4.1000000000000005,111,835,777,3,16.900000000000002,52.01,961,82,0,0,82,27.6,191,6.7
2021,7,29,12,30,50.800000000000004,0.15,4.1000000000000005,100,775,590,3,16.7,53.03,961,71,0,0,71,27.1,188,6.6000000000000005
2021,7,29,13,30,64.85,0.15,4,84,660,364,3,16.6,55.57,961,35,0,0,35,26.200000000000003,185,6.2
2021,7,29,14,30,79,0.15,4,54,396,130,3,16.6,60.800000000000004,962,5,0,0,5,24.700000000000003,180,5.4
2021,7,29,15,30,93.28,0.15,3.9000000000000004,0,0,0,3,16.900000000000002,66.82000000000001,962,0,0,0,0,23.400000000000002,175,4.9
2021,7,29,16,30,107.39,0.15,3.8000000000000003,0,0,0,3,17.3,73.2,963,0,0,0,0,22.3,172,4.6000000000000005
2021,7,29,17,30,121.27,0.15,3.8000000000000003,0,0,0,3,17.8,79.93,964,0,0,0,0,21.400000000000002,172,4.3
2021,7,29,18,30,134.65,0.15,3.7,0,0,0,3,18.3,86.41,964,0,0,0,0,20.700000000000003,176,4.1000000000000005
2021,7,29,19,30,146.86,0.15,3.6,0,0,0,3,18.8,91.14,964,0,0,0,0,20.3,181,4.2
2021,7,29,20,30,156.03,0.15,3.6,0,0,0,3,19.1,94.62,964,0,0,0,0,20,185,4.4
2021,7,29,21,30,157.93,0.15,3.6,0,0,0,3,19.3,96.84,963,0,0,0,0,19.8,187,4.5
2021,7,29,22,30,151.09,0.15,3.6,0,0,0,4,19.400000000000002,98.5,963,0,0,0,0,19.6,189,4.4
2021,7,29,23,30,139.75,0.15,3.6,0,0,0,4,19.3,99.53,963,0,0,0,0,19.400000000000002,191,4
2021,7,30,0,30,126.71000000000001,0.15,3.6,0,0,0,4,19.200000000000003,100,963,0,0,0,0,19.200000000000003,193,3.7
2021,7,30,1,30,112.99000000000001,0.15,3.7,0,0,0,8,19.1,100,964,0,0,0,0,19.1,194,3.6
2021,7,30,2,30,98.94,0.15,3.7,0,0,0,7,19.1,98.89,965,0,0,0,0,19.3,196,3.6
2021,7,30,3,30,84.61,0.15,3.7,31,222,52,3,19.1,92.47,965,34,0,7,34,20.400000000000002,196,4.6000000000000005
2021,7,30,4,30,70.49,0.15,3.8000000000000003,70,602,271,8,18.7,79.82000000000001,966,121,17,0,127,22.400000000000002,194,6
2021,7,30,5,30,56.36,0.15,3.8000000000000003,90,753,507,7,17.8,67.28,966,211,369,0,416,24.200000000000003,193,6.6000000000000005
2021,7,30,6,30,42.47,0.15,3.9000000000000004,139,756,697,7,17.2,58.65,966,278,376,0,555,25.900000000000002,193,6.800000000000001
2021,7,30,7,30,29.28,0.15,4,141,816,852,8,16.900000000000002,53.300000000000004,965,395,166,0,539,27.200000000000003,194,7
2021,7,30,8,30,18.45,0.15,4,140,847,943,3,16.8,49.86,964,282,1,0,283,28.200000000000003,194,7.1000000000000005
2021,7,30,9,30,15.94,0.15,4,144,847,958,3,16.7,48.01,963,494,158,0,645,28.8,195,7.2
2021,7,30,10,30,24.47,0.15,4.1000000000000005,141,832,898,3,16.7,47.68,962,292,1,0,292,28.900000000000002,194,7.2
2021,7,30,11,30,37.07,0.15,4.1000000000000005,131,799,768,3,16.7,49.1,961,142,0,0,142,28.400000000000002,192,7.2
2021,7,30,12,30,50.77,0.15,4,116,738,583,4,16.7,51.94,961,96,0,0,96,27.400000000000002,188,7
2021,7,30,13,30,64.83,0.15,4,96,613,357,3,16.6,56.56,961,26,0,0,26,25.900000000000002,184,6.5
2021,7,30,14,30,79,0.15,3.9000000000000004,60,344,125,3,16.400000000000002,61.9,962,5,0,0,5,24.200000000000003,180,5.7
2021,7,30,15,30,93.31,0.15,3.8000000000000003,0,0,0,4,16.3,67.22,963,0,0,0,0,22.700000000000003,177,5
2021,7,30,16,30,107.44,0.15,3.8000000000000003,0,0,0,3,16.1,71.55,963,0,0,0,0,21.5,175,4.5
2021,7,30,17,30,121.34,0.15,3.7,0,0,0,1,16.3,77.35000000000001,964,0,0,0,0,20.400000000000002,176,4
2021,7,30,18,30,134.75,0.15,3.7,0,0,0,8,16.7,82.66,965,0,0,0,0,19.700000000000003,179,3.8000000000000003
2021,7,30,19,30,147.02,0.15,3.6,0,0,0,3,17.1,87.74,965,0,0,0,0,19.200000000000003,184,3.7
2021,7,30,20,30,156.25,0.15,3.5,0,0,0,3,17.5,91.06,965,0,0,0,0,19,190,3.7
2021,7,30,21,30,158.17000000000002,0.15,3.5,0,0,0,3,17.8,93.04,964,0,0,0,0,18.900000000000002,196,3.8000000000000003
2021,7,30,22,30,151.26,0.15,3.5,0,0,0,4,17.900000000000002,95.27,964,0,0,0,0,18.7,201,3.6
2021,7,30,23,30,139.86,0.15,3.5,0,0,0,0,18.1,96.82000000000001,964,0,0,0,0,18.6,205,3.5
2021,7,31,0,30,126.78,0.15,3.5,0,0,0,0,18.2,98.09,964,0,0,0,0,18.5,208,3.6
2021,7,31,1,30,113.03,0.15,3.5,0,0,0,0,18.3,99.19,964,0,0,0,0,18.400000000000002,212,3.4000000000000004
2021,7,31,2,30,98.96000000000001,0.15,3.4000000000000004,0,0,0,0,18.3,99.25,964,0,0,0,0,18.400000000000002,215,3.5
2021,7,31,3,30,84.60000000000001,0.15,3.5,31,221,52,3,18.3,92.43,965,22,0,7,22,19.6,215,4.800000000000001
2021,7,31,4,30,70.46000000000001,0.15,3.5,67,622,275,3,18.2,80.82000000000001,965,144,9,0,147,21.6,211,6.300000000000001
2021,7,31,5,30,56.31,0.15,3.6,83,774,513,4,17.5,68.11,965,256,37,0,277,23.700000000000003,208,6.9
2021,7,31,6,30,42.39,0.15,3.7,93,848,720,8,17,59.76,965,258,441,0,584,25.400000000000002,206,6.9
2021,7,31,7,30,29.150000000000002,0.15,3.8000000000000003,99,887,874,0,16.6,53.94,965,99,887,0,874,26.700000000000003,203,6.9
2021,7,31,8,30,18.240000000000002,0.15,3.9000000000000004,103,904,962,7,16.3,50.63,964,258,549,0,780,27.400000000000002,203,6.9
2021,7,31,9,30,15.71,0.15,3.9000000000000004,101,911,978,3,16,47.79,963,463,151,0,608,28.1,205,6.800000000000001
2021,7,31,10,30,24.34,0.15,4,99,897,916,3,15.9,46.29,963,442,136,0,566,28.5,206,6.7
2021,7,31,11,30,37,0.15,4,95,865,786,8,15.600000000000001,45.4,962,348,191,0,501,28.6,207,6.5
2021,7,31,12,30,50.730000000000004,0.15,4,88,806,598,7,15.4,45.62,962,215,432,7,489,28.200000000000003,206,6.1000000000000005
2021,7,31,13,30,64.82000000000001,0.15,4,75,692,370,7,15.100000000000001,47.47,962,153,396,7,321,27.200000000000003,202,5.300000000000001
2021,7,31,14,30,79.02,0.15,4,50,433,133,3,15.200000000000001,53.24,962,41,0,0,41,25.400000000000002,195,4.2
2021,7,31,15,30,93.34,0.15,3.9000000000000004,0,0,0,0,15.9,61.51,963,0,0,0,0,23.700000000000003,186,3.9000000000000004
2021,7,31,16,30,107.49000000000001,0.15,3.7,0,0,0,0,16,67.33,964,0,0,0,0,22.400000000000002,180,4
2021,7,31,17,30,121.42,0.15,3.5,0,0,0,0,16.5,74.26,965,0,0,0,0,21.3,178,3.9000000000000004
2021,7,31,18,30,134.87,0.15,3.4000000000000004,0,0,0,4,17.2,81.67,965,0,0,0,0,20.400000000000002,183,3.7
2021,7,31,19,30,147.18,0.15,3.3000000000000003,0,0,0,4,17.8,88.01,965,0,0,0,0,19.8,190,3.5
2021,7,31,20,30,156.48,0.15,3.3000000000000003,0,0,0,3,18.2,92.74,965,0,0,0,0,19.400000000000002,197,3.4000000000000004
2021,7,31,21,30,158.41,0.15,3.4000000000000004,0,0,0,3,18.5,96.14,964,0,0,0,0,19.1,204,3.3000000000000003
2021,7,31,22,30,151.43,0.15,3.6,0,0,0,4,18.7,98.8,964,0,0,0,0,18.900000000000002,212,3.3000000000000003
2021,7,31,23,30,139.96,0.15,3.7,0,0,0,4,18.900000000000002,98.83,964,0,0,0,0,19.1,218,3.4000000000000004
2021,8,1,0,30,126.85000000000001,0.15,3.8000000000000003,0,0,0,4,19.1,99.49000000000001,964,0,0,0,0,19.200000000000003,224,3.4000000000000004
2021,8,1,1,30,113.06,0.15,3.9000000000000004,0,0,0,4,19.3,99.41,964,0,0,0,0,19.400000000000002,229,3.3000000000000003
2021,8,1,2,30,98.97,0.15,4,0,0,0,4,19.5,98.54,965,0,0,0,0,19.700000000000003,232,3.6
2021,8,1,3,30,84.60000000000001,0.15,4,31,230,52,3,19.700000000000003,93.15,965,31,0,7,31,20.8,229,4.800000000000001
2021,8,1,4,30,70.43,0.15,4.1000000000000005,69,605,272,5,19.900000000000002,84,965,45,0,0,45,22.700000000000003,221,6.4
2021,8,1,5,30,56.26,0.15,4.2,87,757,508,8,19.3,72.57000000000001,965,164,10,0,170,24.6,214,7
2021,8,1,6,30,42.31,0.15,4.3,101,826,712,7,18.7,63.45,965,232,11,0,240,26.200000000000003,209,7.1000000000000005
2021,8,1,7,30,29.02,0.15,4.4,107,867,866,3,18.5,58.57,965,354,5,1,358,27.3,206,7
2021,8,1,8,30,18.03,0.15,4.4,112,886,954,5,18.400000000000002,56.1,964,152,0,0,152,28,204,7
2021,8,1,9,30,15.47,0.15,4.5,115,884,967,6,18.400000000000002,55.77,963,425,142,0,562,28.1,202,6.9
2021,8,1,10,30,24.2,0.15,4.5,113,872,908,7,18.5,57.64,962,388,69,0,451,27.6,200,6.7
2021,8,1,11,30,36.92,0.15,4.5,105,844,780,7,18.7,60.52,962,337,164,0,468,27,199,6.5
2021,8,1,12,30,50.69,0.15,4.5,93,790,593,7,19,64.11,962,276,177,0,388,26.3,197,6.2
2021,8,1,13,30,64.81,0.15,4.4,78,679,367,3,19.200000000000003,69.79,962,15,0,0,15,25.1,195,5.6000000000000005
2021,8,1,14,30,79.03,0.15,4.4,50,426,131,3,19.6,78.49,962,11,0,0,11,23.6,192,4.5
2021,8,1,15,30,93.37,0.15,4.3,0,0,0,3,20.3,87.72,963,0,0,0,0,22.400000000000002,190,3.8000000000000003
2021,8,1,16,30,107.55,0.15,4.2,0,0,0,3,20.5,93.54,964,0,0,0,0,21.6,190,3.8000000000000003
2021,8,1,17,30,121.5,0.15,4.1000000000000005,0,0,0,5,20.5,96.67,964,0,0,0,0,21.1,191,4
2021,8,1,18,30,134.98,0.15,4.1000000000000005,0,0,0,3,20.5,99.60000000000001,965,0,0,0,0,20.6,194,4.2
2021,8,1,19,30,147.35,0.15,4,0,0,0,3,20.400000000000002,100,965,0,0,0,0,20.400000000000002,197,4.3
2021,8,1,20,30,156.71,0.15,4,0,0,0,3,20.200000000000003,100,964,0,0,0,0,20.200000000000003,201,4.4
2021,8,1,21,30,158.65,0.15,4,0,0,0,3,20.1,100,964,0,0,0,0,20.1,204,4.4
2021,8,1,22,30,151.6,0.15,4.1000000000000005,0,0,0,3,20,100,964,0,0,0,0,20,206,4.2
2021,8,1,23,30,140.07,0.15,4.1000000000000005,0,0,0,1,20,100,964,0,0,0,0,20,206,4
2021,8,2,0,30,126.91,0.15,4.1000000000000005,0,0,0,3,19.900000000000002,100,964,0,0,0,0,19.900000000000002,207,3.6
2021,8,2,1,30,113.10000000000001,0.15,4.1000000000000005,0,0,0,3,19.900000000000002,100,964,0,0,0,0,19.900000000000002,208,3.4000000000000004
2021,8,2,2,30,98.98,0.15,4.1000000000000005,0,0,0,4,20,99.44,965,0,0,0,0,20.1,209,3.6
2021,8,2,3,30,84.59,0.15,4,31,220,52,4,20.1,95.07000000000001,965,32,0,7,32,20.900000000000002,208,4.5
2021,8,2,4,30,70.4,0.15,4,71,599,272,5,20.1,87.28,966,108,1,0,108,22.3,204,5.6000000000000005
2021,8,2,5,30,56.21,0.15,4,92,749,508,3,19.6,76.98,966,285,195,0,393,23.900000000000002,201,6.4
2021,8,2,6,30,42.230000000000004,0.15,4,105,824,715,3,19.200000000000003,68.37,965,386,119,0,474,25.400000000000002,200,6.7
2021,8,2,7,30,28.89,0.15,4,116,859,868,3,18.900000000000002,63.370000000000005,965,454,153,0,588,26.400000000000002,199,6.9
2021,8,2,8,30,17.81,0.15,4.1000000000000005,124,873,955,3,18.8,60.5,964,484,165,0,641,27.1,199,6.800000000000001
2021,8,2,9,30,15.23,0.15,4.1000000000000005,132,866,968,3,18.7,59.25,963,468,101,0,566,27.3,199,6.7
2021,8,2,10,30,24.07,0.15,4.2,132,847,905,3,18.5,58.69,962,314,1,0,315,27.3,199,6.6000000000000005
2021,8,2,11,30,36.85,0.15,4.2,127,809,774,3,18.400000000000002,59.2,962,319,4,0,322,27,197,6.5
2021,8,2,12,30,50.660000000000004,0.15,4.2,137,693,576,8,18.3,60.95,961,119,1,0,120,26.400000000000002,195,6.300000000000001
2021,8,2,13,30,64.81,0.15,4.2,113,560,351,8,18.400000000000002,65.87,962,36,0,0,36,25.200000000000003,192,5.7
2021,8,2,14,30,79.04,0.15,4.2,67,289,121,8,18.8,73.53,963,27,0,7,28,23.8,189,4.6000000000000005
2021,8,2,15,30,93.41,0.15,4.2,0,0,0,5,19.5,82.91,963,0,0,0,0,22.5,186,3.9000000000000004
2021,8,2,16,30,107.61,0.15,4.1000000000000005,0,0,0,5,19.900000000000002,89.5,964,0,0,0,0,21.700000000000003,185,3.6
2021,8,2,17,30,121.59,0.15,4.1000000000000005,0,0,0,7,20.200000000000003,94.42,965,0,0,0,0,21.1,187,3.6
2021,8,2,18,30,135.1,0.15,4,0,0,0,8,20.3,96.72,965,0,0,0,0,20.8,190,3.6
2021,8,2,19,30,147.52,0.15,4,0,0,0,7,20.3,98.72,965,0,0,0,0,20.5,195,3.5
2021,8,2,20,30,156.95000000000002,0.15,4,0,0,0,8,20.200000000000003,99.62,965,0,0,0,0,20.3,200,3.4000000000000004
2021,8,2,21,30,158.9,0.15,3.9000000000000004,0,0,0,8,20.1,100,965,0,0,0,0,20.1,206,3.3000000000000003
2021,8,2,22,30,151.77,0.15,3.9000000000000004,0,0,0,8,20,99.85000000000001,964,0,0,0,0,20,212,3.1
2021,8,2,23,30,140.17000000000002,0.15,3.8000000000000003,0,0,0,8,19.8,100,964,0,0,0,0,19.8,216,2.9000000000000004
2021,8,3,0,30,126.98,0.15,3.8000000000000003,0,0,0,8,19.700000000000003,100,965,0,0,0,0,19.700000000000003,218,2.7
2021,8,3,1,30,113.13,0.15,3.8000000000000003,0,0,0,7,19.6,100,965,0,0,0,0,19.6,218,2.7
2021,8,3,2,30,98.99000000000001,0.15,3.8000000000000003,0,0,0,8,19.8,99.77,965,0,0,0,0,19.8,218,3.1
2021,8,3,3,30,84.58,0.15,3.8000000000000003,35,155,50,3,19.8,94.18,966,33,0,7,33,20.8,214,4.2
2021,8,3,4,30,70.37,0.15,3.8000000000000003,87,533,266,8,19.8,83.65,966,21,0,0,21,22.700000000000003,208,5.4
2021,8,3,5,30,56.15,0.15,3.9000000000000004,113,695,500,8,19.400000000000002,72.32000000000001,966,136,3,0,138,24.700000000000003,204,5.9
2021,8,3,6,30,42.14,0.15,4,132,772,704,5,19.1,63.93,966,241,1,0,242,26.5,202,6.1000000000000005
2021,8,3,7,30,28.76,0.15,4,143,817,859,3,19,58.28,965,423,67,0,482,27.900000000000002,201,6.2
2021,8,3,8,30,17.59,0.15,4.1000000000000005,147,839,947,3,18.8,54.620000000000005,964,467,136,0,596,28.900000000000002,200,6.300000000000001
2021,8,3,9,30,14.99,0.15,4.2,159,825,956,3,18.8,52.28,964,498,155,0,647,29.6,198,6.4
2021,8,3,10,30,23.94,0.15,4.2,154,813,896,0,18.7,51.72,963,154,813,0,896,29.700000000000003,195,6.4
2021,8,3,11,30,36.79,0.15,4.3,143,779,766,2,18.6,52.63,962,414,106,0,498,29.3,190,6.300000000000001
2021,8,3,12,30,50.63,0.15,4.3,127,713,579,3,18.6,55.77,963,58,0,0,58,28.3,185,6.300000000000001
2021,8,3,13,30,64.81,0.15,4.3,102,591,353,3,18.8,62.11,963,62,0,0,62,26.6,181,6
2021,8,3,14,30,79.06,0.15,4.2,61,323,123,3,19,70.22,964,31,0,0,31,24.8,177,5.1000000000000005
2021,8,3,15,30,93.45,0.15,4.1000000000000005,0,0,0,3,19.400000000000002,78.89,965,0,0,0,0,23.3,174,4.1000000000000005
2021,8,3,16,30,107.67,0.15,3.9000000000000004,0,0,0,7,19.8,85.65,965,0,0,0,0,22.3,174,3.6
2021,8,3,17,30,121.68,0.15,3.7,0,0,0,3,20,91.4,966,0,0,0,0,21.5,176,3.6
2021,8,3,18,30,135.22,0.15,3.6,0,0,0,3,20.3,96.67,966,0,0,0,0,20.8,180,3.5
2021,8,3,19,30,147.69,0.15,3.6,0,0,0,3,20.3,99.60000000000001,966,0,0,0,0,20.400000000000002,186,3.5
2021,8,3,20,30,157.19,0.15,3.6,0,0,0,4,20.1,100,965,0,0,0,0,20.1,192,3.3000000000000003
2021,8,3,21,30,159.15,0.15,3.7,0,0,0,4,19.900000000000002,100,965,0,0,0,0,19.900000000000002,198,3.2
2021,8,3,22,30,151.94,0.15,3.7,0,0,0,3,19.8,100,964,0,0,0,0,19.8,203,3.2
2021,8,3,23,30,140.28,0.15,3.8000000000000003,0,0,0,3,19.700000000000003,100,965,0,0,0,0,19.700000000000003,207,3.1
2021,8,4,0,30,127.04,0.15,3.8000000000000003,0,0,0,4,19.6,100,965,0,0,0,0,19.6,211,3
2021,8,4,1,30,113.16,0.15,3.8000000000000003,0,0,0,3,19.6,100,966,0,0,0,0,19.6,215,3
2021,8,4,2,30,99,0.15,3.8000000000000003,0,0,0,3,19.700000000000003,99.93,966,0,0,0,0,19.700000000000003,220,3.2
2021,8,4,3,30,84.56,0.15,3.9000000000000004,37,96,46,3,19.700000000000003,93.65,967,35,0,7,35,20.8,219,4.2
2021,8,4,4,30,70.34,0.15,3.9000000000000004,101,462,257,3,19.700000000000003,83.39,967,180,127,0,222,22.700000000000003,211,5.6000000000000005
2021,8,4,5,30,56.09,0.15,3.9000000000000004,133,643,491,3,19.400000000000002,71.99,967,273,38,0,294,24.8,206,6.2
2021,8,4,6,30,42.050000000000004,0.15,4,150,738,698,3,19.200000000000003,63.78,967,386,89,0,452,26.6,203,6.300000000000001
2021,8,4,7,30,28.62,0.15,4.1000000000000005,159,790,852,3,19,58.19,966,307,1,0,307,28,200,6.300000000000001
2021,8,4,8,30,17.37,0.15,4.2,160,819,942,3,19,54.81,966,443,27,0,468,29,198,6.4
2021,8,4,9,30,14.74,0.15,4.2,138,856,966,3,19,52.59,965,494,164,0,652,29.700000000000003,198,6.5
2021,8,4,10,30,23.8,0.15,4.3,130,849,906,7,18.900000000000002,51.77,964,356,372,0,696,29.900000000000002,196,6.5
2021,8,4,11,30,36.72,0.15,4.3,118,825,779,7,18.900000000000002,53.15,963,333,311,0,582,29.400000000000002,194,6.6000000000000005
2021,8,4,12,30,50.61,0.15,4.3,96,787,595,7,19.1,57.65,963,267,219,0,406,28.200000000000003,191,6.4
2021,8,4,13,30,64.81,0.15,4.3,79,675,366,7,19.400000000000002,64.51,964,190,153,0,256,26.6,187,6
2021,8,4,14,30,79.08,0.15,4.3,51,421,130,3,19.700000000000003,73.83,964,56,1,0,56,24.700000000000003,182,5.2
2021,8,4,15,30,93.49,0.15,4.2,0,0,0,0,20.3,83.77,965,0,0,0,0,23.200000000000003,178,4.6000000000000005
2021,8,4,16,30,107.73,0.15,4,0,0,0,8,20.700000000000003,91.11,966,0,0,0,0,22.200000000000003,177,4.4
2021,8,4,17,30,121.77,0.15,3.9000000000000004,0,0,0,4,20.8,96.67,966,0,0,0,0,21.400000000000002,179,4.4
2021,8,4,18,30,135.35,0.15,3.7,0,0,0,3,20.8,99.57000000000001,967,0,0,0,0,20.900000000000002,181,4.3
2021,8,4,19,30,147.87,0.15,3.7,0,0,0,3,20.6,100,967,0,0,0,0,20.6,185,4.3
2021,8,4,20,30,157.44,0.15,3.6,0,0,0,3,20.3,100,966,0,0,0,0,20.3,189,4.4
2021,8,4,21,30,159.41,0.15,3.5,0,0,0,3,20.1,99.91,965,0,0,0,0,20.1,194,4.3
2021,8,4,22,30,152.11,0.15,3.5,0,0,0,3,19.900000000000002,100,965,0,0,0,0,19.900000000000002,196,4.2
2021,8,4,23,30,140.38,0.15,3.5,0,0,0,3,19.700000000000003,100,965,0,0,0,0,19.700000000000003,198,4
2021,8,5,0,30,127.10000000000001,0.15,3.4000000000000004,0,0,0,3,19.5,100,965,0,0,0,0,19.5,200,3.6
2021,8,5,1,30,113.19,0.15,3.3000000000000003,0,0,0,1,19.400000000000002,100,966,0,0,0,0,19.400000000000002,203,3.1
2021,8,5,2,30,99.01,0.15,3.3000000000000003,0,0,0,3,19.5,100,966,0,0,0,0,19.5,203,3.4000000000000004
2021,8,5,3,30,84.55,0.15,3.2,33,218,54,3,19.6,94.04,967,31,0,7,31,20.6,201,4.4
2021,8,5,4,30,70.3,0.15,3.2,72,612,278,1,19.400000000000002,81.99,968,72,612,0,278,22.6,198,5.5
2021,8,5,5,30,56.03,0.15,3.2,91,766,519,0,18.6,69.16,968,91,766,0,519,24.6,197,6
2021,8,5,6,30,41.96,0.15,3.3000000000000003,101,844,729,0,18.2,60.2,967,101,844,0,729,26.5,197,6.2
2021,8,5,7,30,28.48,0.15,3.3000000000000003,111,881,885,1,17.900000000000002,54.2,966,111,881,0,885,28,197,6.4
2021,8,5,8,30,17.14,0.15,3.3000000000000003,118,896,974,1,17.5,49.38,965,118,896,0,974,29.200000000000003,197,6.5
2021,8,5,9,30,14.49,0.15,3.3000000000000003,118,900,989,2,17.2,46.72,964,493,166,0,654,29.8,198,6.5
2021,8,5,10,30,23.67,0.15,3.3000000000000003,117,885,927,3,17,45.660000000000004,964,443,74,0,511,30,198,6.4
2021,8,5,11,30,36.660000000000004,0.15,3.3000000000000003,111,852,795,3,16.900000000000002,46.050000000000004,963,334,6,0,338,29.700000000000003,196,6.300000000000001
2021,8,5,12,30,50.58,0.15,3.3000000000000003,101,791,603,3,16.8,48.160000000000004,963,241,3,0,242,28.900000000000002,194,6.1000000000000005
2021,8,5,13,30,64.81,0.15,3.2,84,674,371,3,16.900000000000002,52.65,963,99,0,0,99,27.400000000000002,191,5.6000000000000005
2021,8,5,14,30,79.11,0.15,3.2,54,414,132,3,17.1,59.84,963,32,0,0,32,25.5,183,4.7
2021,8,5,15,30,93.53,0.15,3.2,0,0,0,0,17.900000000000002,70.33,964,0,0,0,0,23.6,174,4.2
2021,8,5,16,30,107.8,0.15,3.2,0,0,0,0,18.6,79.89,965,0,0,1,0,22.200000000000003,166,4
2021,8,5,17,30,121.86,0.15,3.1,0,0,0,0,19.1,88.5,966,0,0,0,0,21.1,163,3.8000000000000003
2021,8,5,18,30,135.48,0.15,3.1,0,0,0,0,19.5,95.19,966,0,0,0,0,20.3,165,3.6
2021,8,5,19,30,148.05,0.15,3.1,0,0,0,0,19.700000000000003,98.77,966,0,0,0,0,19.900000000000002,169,3.4000000000000004
2021,8,5,20,30,157.69,0.15,3,0,0,0,0,19.700000000000003,100,966,0,0,0,0,19.700000000000003,175,3.4000000000000004
2021,8,5,21,30,159.67000000000002,0.15,3,0,0,0,0,19.6,100,965,0,0,0,0,19.6,181,3.5
2021,8,5,22,30,152.28,0.15,3,0,0,0,0,19.6,100,964,0,0,0,0,19.6,184,3.7
2021,8,5,23,30,140.48,0.15,2.9000000000000004,0,0,0,0,19.5,100,964,0,0,0,0,19.5,186,3.9000000000000004
2021,8,6,0,30,127.16,0.15,2.9000000000000004,0,0,0,0,19.400000000000002,100,964,0,0,0,0,19.400000000000002,187,4.1000000000000005
2021,8,6,1,30,113.22,0.15,2.7,0,0,0,0,19.200000000000003,100,965,0,0,0,0,19.200000000000003,188,4.1000000000000005
2021,8,6,2,30,99.01,0.15,2.6,0,0,0,0,19.3,100,965,0,0,0,0,19.3,188,4.2
2021,8,6,3,30,84.53,0.15,2.5,35,194,54,0,19.200000000000003,94.12,966,35,194,0,54,20.200000000000003,189,4.9
2021,8,6,4,30,70.26,0.15,2.5,83,580,279,1,18.8,81.15,966,83,580,0,279,22.200000000000003,190,5.9
2021,8,6,5,30,55.97,0.15,2.5,106,742,521,0,18.1,67.79,966,106,742,0,521,24.400000000000002,192,6.2
2021,8,6,6,30,41.86,0.15,2.5,123,818,733,0,17.6,58,966,123,818,0,733,26.5,197,6.300000000000001
2021,8,6,7,30,28.330000000000002,0.15,2.6,134,858,889,1,17.3,51.480000000000004,965,134,858,0,889,28.200000000000003,202,6.4
2021,8,6,8,30,16.9,0.15,2.6,143,873,978,3,17,46.81,964,471,60,0,528,29.6,205,6.5
2021,8,6,9,30,14.24,0.15,2.7,133,890,995,3,16.8,44.160000000000004,963,350,1,0,352,30.400000000000002,207,6.6000000000000005
2021,8,6,10,30,23.55,0.15,2.8000000000000003,132,870,930,3,16.7,42.69,962,444,44,0,484,30.8,206,6.6000000000000005
2021,8,6,11,30,36.6,0.15,2.8000000000000003,127,833,795,3,16.5,42.980000000000004,961,423,114,0,515,30.5,205,6.6000000000000005
2021,8,6,12,30,50.56,0.15,2.8000000000000003,115,766,602,3,16.400000000000002,44.59,961,304,47,0,333,29.700000000000003,202,6.300000000000001
2021,8,6,13,30,64.81,0.15,2.8000000000000003,96,639,368,3,16.400000000000002,48.65,961,168,6,0,170,28.200000000000003,194,5.7
2021,8,6,14,30,79.14,0.15,2.9000000000000004,60,361,128,3,16.8,57.08,962,10,0,0,10,26,181,5
2021,8,6,15,30,93.58,0.15,2.9000000000000004,0,0,0,3,17.900000000000002,69.18,962,0,0,0,0,23.900000000000002,171,4.9
2021,8,6,16,30,107.87,0.15,2.9000000000000004,0,0,0,0,18.7,80.28,963,0,0,0,0,22.3,167,4.9
2021,8,6,17,30,121.95,0.15,2.8000000000000003,0,0,0,0,19.200000000000003,89.05,964,0,0,0,0,21.1,168,4.5
2021,8,6,18,30,135.61,0.15,2.8000000000000003,0,0,0,0,19.400000000000002,95.16,964,0,0,0,0,20.200000000000003,171,4.1000000000000005
2021,8,6,19,30,148.23,0.15,2.7,0,0,0,0,19.400000000000002,98.17,964,0,0,0,0,19.700000000000003,177,3.8000000000000003
2021,8,6,20,30,157.95000000000002,0.15,2.7,0,0,0,0,19.3,100,964,0,0,0,0,19.3,182,3.5
2021,8,6,21,30,159.93,0.15,2.8000000000000003,0,0,0,0,19.1,100,963,0,0,0,0,19.1,185,3.2
2021,8,6,22,30,152.46,0.15,3,0,0,0,0,18.900000000000002,100,963,0,0,0,0,18.900000000000002,188,3.1
2021,8,6,23,30,140.58,0.15,3.1,0,0,0,0,18.8,100,963,0,0,0,0,18.8,191,3.5
2021,8,7,0,30,127.21000000000001,0.15,3.2,0,0,0,0,18.8,100,964,0,0,0,0,18.8,195,3.8000000000000003
2021,8,7,1,30,113.25,0.15,3.2,0,0,0,0,18.8,99.74000000000001,964,0,0,0,0,18.8,198,3.8000000000000003
2021,8,7,2,30,99.01,0.15,3.2,0,0,0,0,18.7,98.28,964,0,0,0,0,19,201,3.9000000000000004
2021,8,7,3,30,84.51,0.15,3.2,36,152,50,0,18.8,92.9,965,36,152,0,50,20,202,4.7
2021,8,7,4,30,70.22,0.15,3.1,88,539,271,1,18.8,80.93,965,88,539,0,271,22.200000000000003,201,5.800000000000001
2021,8,7,5,30,55.9,0.15,3.1,110,718,512,0,18.2,67.62,965,110,718,0,512,24.6,201,6.4
2021,8,7,6,30,41.77,0.15,3.1,120,810,724,0,17.8,57.75,965,120,810,0,724,26.8,202,6.6000000000000005
2021,8,7,7,30,28.19,0.15,3.1,126,859,883,0,17.6,51.84,964,126,859,0,883,28.5,203,6.7
2021,8,7,8,30,16.67,0.15,3.1,127,883,973,3,17.8,48.47,963,464,58,0,519,29.8,205,6.7
2021,8,7,9,30,13.99,0.15,3.2,116,903,992,3,18,47.35,962,413,7,0,420,30.5,205,6.6000000000000005
2021,8,7,10,30,23.42,0.15,3.3000000000000003,107,898,931,3,18.3,47.54,961,481,176,0,642,30.700000000000003,205,6.4
2021,8,7,11,30,36.54,0.15,3.3000000000000003,96,876,800,3,18.3,48.25,960,374,38,0,404,30.5,204,6.300000000000001
2021,8,7,12,30,50.54,0.15,3.4000000000000004,82,829,609,2,18.400000000000002,51.03,960,326,81,0,378,29.6,200,6.2
2021,8,7,13,30,64.82000000000001,0.15,3.4000000000000004,69,723,376,1,18.6,57.09,960,69,723,0,376,27.900000000000002,194,5.9
2021,8,7,14,30,79.16,0.15,3.5,45,471,134,0,19.200000000000003,66.85,961,45,471,0,134,25.8,185,5.4
2021,8,7,15,30,93.63,0.15,3.5,0,0,0,0,19.900000000000002,78.45,962,0,0,0,0,23.900000000000002,178,5.2
2021,8,7,16,30,107.94,0.15,3.4000000000000004,0,0,0,0,20.3,87.44,963,0,0,0,0,22.5,174,5.1000000000000005
2021,8,7,17,30,122.05,0.15,3.4000000000000004,0,0,0,0,20.400000000000002,93.22,963,0,0,0,0,21.5,173,4.800000000000001
2021,8,7,18,30,135.74,0.15,3.3000000000000003,0,0,0,0,20.200000000000003,96.75,964,0,0,0,0,20.700000000000003,174,4.4
2021,8,7,19,30,148.42000000000002,0.15,3.2,0,0,0,0,19.900000000000002,97.88,963,0,0,0,0,20.200000000000003,177,4.1000000000000005
2021,8,7,20,30,158.21,0.15,3.1,0,0,0,1,19.6,99.47,963,0,0,0,0,19.700000000000003,180,3.7
2021,8,7,21,30,160.20000000000002,0.15,3,0,0,0,3,19.400000000000002,100,963,0,0,0,0,19.400000000000002,185,3.4000000000000004
2021,8,7,22,30,152.63,0.15,2.9000000000000004,0,0,0,0,19.3,100,962,0,0,0,0,19.3,190,3.4000000000000004
2021,8,7,23,30,140.68,0.15,2.9000000000000004,0,0,0,0,19.200000000000003,100,962,0,0,0,0,19.200000000000003,196,3.5
2021,8,8,0,30,127.26,0.15,2.8000000000000003,0,0,0,1,19.1,100,963,0,0,0,0,19.1,201,3.3000000000000003
2021,8,8,1,30,113.27,0.15,2.8000000000000003,0,0,0,8,19,100,963,0,0,0,0,19,206,3
2021,8,8,2,30,99.01,0.15,2.7,0,0,0,7,19.200000000000003,99.78,964,0,0,0,0,19.200000000000003,211,3.3000000000000003
2021,8,8,3,30,84.49,0.15,2.7,30,259,55,3,19.3,92.81,964,39,1,7,39,20.5,211,4.4
2021,8,8,4,30,70.18,0.15,2.8000000000000003,70,626,282,7,19.400000000000002,81.79,965,154,57,0,174,22.700000000000003,209,5.7
2021,8,8,5,30,55.84,0.15,2.8000000000000003,91,774,525,7,18.900000000000002,69.03,965,185,477,0,453,25,208,6.300000000000001
2021,8,8,6,30,41.67,0.15,2.9000000000000004,180,700,703,0,18.400000000000002,59.49,965,180,700,0,703,27,207,6.4
2021,8,8,7,30,28.04,0.15,3,183,770,863,7,18.2,53.26,964,336,482,0,761,28.6,206,6.5
2021,8,8,8,30,16.43,0.15,3.1,180,808,955,0,18.1,50.03,963,180,808,0,955,29.6,205,6.4
2021,8,8,9,30,13.73,0.15,3.2,165,831,973,7,18.2,48.52,962,412,354,0,757,30.200000000000003,206,6.4
2021,8,8,10,30,23.3,0.15,3.3000000000000003,152,828,913,8,18.2,47.77,961,421,238,0,640,30.5,207,6.4
2021,8,8,11,30,36.49,0.15,3.4000000000000004,139,797,780,3,18.2,48.68,960,346,8,0,352,30.200000000000003,206,6.300000000000001
2021,8,8,12,30,50.52,0.15,3.5,120,738,589,3,18.2,50.96,960,295,45,0,324,29.400000000000002,202,6.1000000000000005
2021,8,8,13,30,64.83,0.15,3.6,95,620,359,3,18.400000000000002,56.14,961,184,14,0,190,27.900000000000002,196,5.7
2021,8,8,14,30,79.2,0.15,3.7,57,353,123,3,18.900000000000002,65.6,961,26,0,0,26,25.8,187,5.2
2021,8,8,15,30,93.68,0.15,3.7,0,0,0,1,19.700000000000003,76.54,962,0,0,0,0,24.1,179,5.1000000000000005
2021,8,8,16,30,108.01,0.15,3.7,0,0,0,3,20.200000000000003,85.41,963,0,0,0,0,22.8,177,5.1000000000000005
2021,8,8,17,30,122.15,0.15,3.7,0,0,0,3,20.5,92.10000000000001,964,0,0,0,0,21.8,177,4.800000000000001
2021,8,8,18,30,135.88,0.15,3.7,0,0,0,3,20.5,96.12,964,0,0,0,0,21.1,181,4.7
2021,8,8,19,30,148.61,0.15,3.7,0,0,0,1,20.400000000000002,98.27,964,0,0,0,0,20.700000000000003,186,4.5
2021,8,8,20,30,158.47,0.15,3.7,0,0,0,8,20.400000000000002,99.10000000000001,963,0,0,0,0,20.5,189,4.5
2021,8,8,21,30,160.47,0.15,3.8000000000000003,0,0,0,7,20.3,99.24000000000001,963,0,0,0,0,20.400000000000002,190,4.3
2021,8,8,22,30,152.8,0.15,3.9000000000000004,0,0,0,7,20.200000000000003,100,962,0,0,0,0,20.200000000000003,190,4
2021,8,8,23,30,140.78,0.15,3.9000000000000004,0,0,0,7,20.200000000000003,99.88,962,0,0,0,0,20.200000000000003,191,3.8000000000000003
2021,8,9,0,30,127.32000000000001,0.15,3.8000000000000003,0,0,0,3,20.1,100,963,0,0,0,0,20.1,193,3.8000000000000003
2021,8,9,1,30,113.29,0.15,3.8000000000000003,0,0,0,1,20,100,963,0,0,0,0,20,195,3.6
2021,8,9,2,30,99.01,0.15,3.7,0,0,0,0,20,99.51,963,0,0,0,0,20.1,196,3.6
2021,8,9,3,30,84.47,0.15,3.7,36,133,49,0,20,94.13,964,36,133,0,49,21,196,4.6000000000000005
2021,8,9,4,30,70.13,0.15,3.7,98,488,264,1,19.8,83.24,965,98,488,0,264,22.8,195,5.800000000000001
2021,8,9,5,30,55.77,0.15,3.8000000000000003,129,658,499,0,19.200000000000003,70.26,965,129,658,0,499,25,195,6.300000000000001
2021,8,9,6,30,41.57,0.15,3.8000000000000003,147,749,707,0,18.6,60.61,964,147,749,0,707,26.900000000000002,195,6.4
2021,8,9,7,30,27.89,0.15,3.8000000000000003,158,798,864,3,18.2,54.21,964,453,120,0,558,28.3,195,6.4
2021,8,9,8,30,16.18,0.15,3.9000000000000004,168,817,952,3,17.8,50.24,962,490,138,0,623,29.200000000000003,196,6.4
2021,8,9,9,30,13.48,0.15,3.9000000000000004,172,815,965,3,17.6,48.28,961,218,0,0,218,29.700000000000003,197,6.300000000000001
2021,8,9,10,30,23.17,0.15,3.9000000000000004,163,807,905,3,17.6,48.14,960,184,0,0,184,29.700000000000003,198,6.1000000000000005
2021,8,9,11,30,36.44,0.15,3.9000000000000004,152,771,772,8,17.6,49.7,960,176,2,0,178,29.200000000000003,198,5.800000000000001
2021,8,9,12,30,50.51,0.15,3.9000000000000004,134,705,582,3,17.7,52.800000000000004,960,36,0,0,36,28.3,195,5.5
2021,8,9,13,30,64.84,0.15,4,112,567,353,3,18,58.14,960,26,0,0,26,26.900000000000002,187,5
2021,8,9,14,30,79.23,0.15,4,66,284,119,3,18.400000000000002,66.46000000000001,961,28,0,7,28,25.1,178,4.4
2021,8,9,15,30,93.74,0.15,4,0,0,0,3,19,75.51,962,0,0,1,0,23.6,171,4.3
2021,8,9,16,30,108.09,0.15,3.9000000000000004,0,0,0,3,19.3,82.76,962,0,0,0,0,22.400000000000002,167,4.2
2021,8,9,17,30,122.26,0.15,3.8000000000000003,0,0,0,3,19.5,88.65,963,0,0,0,0,21.5,167,3.9000000000000004
2021,8,9,18,30,136.02,0.15,3.7,0,0,0,0,19.6,93.46000000000001,963,0,0,0,0,20.700000000000003,170,3.7
2021,8,9,19,30,148.8,0.15,3.6,0,0,0,0,19.6,97.01,963,0,0,0,0,20.1,174,3.5
2021,8,9,20,30,158.74,0.15,3.6,0,0,0,0,19.6,99.24000000000001,962,0,0,0,0,19.700000000000003,176,3.3000000000000003
2021,8,9,21,30,160.74,0.15,3.5,0,0,0,0,19.5,100,962,0,0,0,0,19.5,178,3.2
2021,8,9,22,30,152.97,0.15,3.5,0,0,0,0,19.3,100,961,0,0,0,0,19.3,181,3.1
2021,8,9,23,30,140.87,0.15,3.6,0,0,0,0,19.200000000000003,100,961,0,0,0,0,19.200000000000003,185,3.2
2021,8,10,0,30,127.37,0.15,3.6,0,0,0,0,19.1,100,962,0,0,0,0,19.1,189,3.2
2021,8,10,1,30,113.31,0.15,3.6,0,0,0,0,19.1,100,962,0,0,0,0,19.1,192,3.4000000000000004
2021,8,10,2,30,99,0.15,3.7,0,0,0,0,19.1,98.93,962,0,0,0,0,19.3,195,3.7
2021,8,10,3,30,84.44,0.15,3.7,37,101,47,3,19.200000000000003,93.03,963,33,0,7,33,20.400000000000002,195,4.4
2021,8,10,4,30,70.09,0.15,3.8000000000000003,108,446,260,1,19.1,81.7,964,108,446,0,260,22.400000000000002,195,5.2
2021,8,10,5,30,55.7,0.15,3.8000000000000003,141,627,494,2,18.3,67.84,964,310,163,0,402,24.6,194,5.7
2021,8,10,6,30,41.47,0.15,3.9000000000000004,149,744,707,0,17.400000000000002,56.660000000000004,963,149,744,0,707,26.700000000000003,195,5.9
2021,8,10,7,30,27.740000000000002,0.15,3.9000000000000004,163,791,862,3,16.8,49.24,962,472,138,0,594,28.5,197,6.2
2021,8,10,8,30,15.94,0.15,3.9000000000000004,173,808,950,7,16.6,44.84,961,399,360,0,746,29.900000000000002,200,6.4
2021,8,10,9,30,13.22,0.15,4,178,804,961,3,16.7,43.19,960,444,17,0,460,30.6,202,6.4
2021,8,10,10,30,23.06,0.15,4,179,782,899,3,16.8,43.07,959,487,135,0,611,30.8,200,6.300000000000001
2021,8,10,11,30,36.39,0.15,4,174,732,764,3,17,45.14,959,373,26,0,394,30.200000000000003,194,6.1000000000000005
2021,8,10,12,30,50.5,0.15,4.1000000000000005,157,652,571,3,17.2,49.29,959,286,22,0,300,28.900000000000002,187,5.800000000000001
2021,8,10,13,30,64.86,0.15,4.1000000000000005,125,515,344,3,17.5,54.79,959,145,1,0,145,27.400000000000002,180,5.6000000000000005
2021,8,10,14,30,79.27,0.15,4.2,69,241,114,3,17.900000000000002,62.81,960,27,0,0,27,25.5,174,5
2021,8,10,15,30,93.8,0.15,4.1000000000000005,0,0,0,3,18.400000000000002,71.87,961,0,0,0,0,23.8,171,4.5
2021,8,10,16,30,108.17,0.15,4,0,0,0,0,18.8,79.7,961,0,0,0,0,22.5,171,4.4
2021,8,10,17,30,122.36,0.15,3.9000000000000004,0,0,0,0,19.1,86.02,962,0,0,0,0,21.5,173,4.3
2021,8,10,18,30,136.16,0.15,3.8000000000000003,0,0,0,0,19.200000000000003,91.95,962,0,0,0,0,20.6,173,4.1000000000000005
2021,8,10,19,30,149,0.15,3.7,0,0,0,0,19.5,96.68,962,0,0,0,0,20,173,3.7
2021,8,10,20,30,159.02,0.15,3.6,0,0,0,0,19.6,99.37,962,0,0,0,0,19.700000000000003,175,3.5
2021,8,10,21,30,161.01,0.15,3.6,0,0,0,0,19.6,99.51,962,0,0,0,0,19.700000000000003,179,3.6
2021,8,10,22,30,153.14000000000001,0.15,3.7,0,0,0,0,19.6,99.27,961,0,0,0,0,19.700000000000003,183,3.7
2021,8,10,23,30,140.97,0.15,3.7,0,0,0,1,19.6,99.32000000000001,961,0,0,0,0,19.700000000000003,184,3.7
2021,8,11,0,30,127.41,0.15,3.7,0,0,0,0,19.6,99.45,962,0,0,0,0,19.700000000000003,185,3.8000000000000003
2021,8,11,1,30,113.32000000000001,0.15,3.7,0,0,0,0,19.6,99.52,962,0,0,0,0,19.700000000000003,186,3.8000000000000003
2021,8,11,2,30,98.99000000000001,0.15,3.7,0,0,0,0,19.6,98.8,963,0,0,0,0,19.8,187,3.9000000000000004
2021,8,11,3,30,84.41,0.15,3.7,36,139,49,0,19.6,93.71000000000001,963,36,139,0,49,20.700000000000003,189,4.7
2021,8,11,4,30,70.04,0.15,3.8000000000000003,96,497,266,0,19.5,83.67,964,96,497,0,266,22.400000000000002,191,5.800000000000001
2021,8,11,5,30,55.63,0.15,3.8000000000000003,126,668,503,0,18.900000000000002,71.5,964,126,668,0,503,24.400000000000002,193,6.4
2021,8,11,6,30,41.37,0.15,3.8000000000000003,141,760,712,0,18.2,60.76,964,141,760,0,712,26.400000000000002,196,6.6000000000000005
2021,8,11,7,30,27.59,0.15,3.9000000000000004,153,806,867,0,17.6,52.63,963,153,806,0,867,28.200000000000003,199,6.7
2021,8,11,8,30,15.69,0.15,4,162,822,953,3,17.3,47.32,962,460,47,0,505,29.700000000000003,201,6.7
2021,8,11,9,30,12.950000000000001,0.15,4,163,827,969,3,17.2,45.01,961,419,8,0,426,30.5,201,6.6000000000000005
2021,8,11,10,30,22.94,0.15,4.1000000000000005,164,803,903,3,17.3,45.17,960,127,0,0,127,30.5,201,6.5
2021,8,11,11,30,36.34,0.15,4.1000000000000005,152,771,773,3,17.400000000000002,47.31,959,120,0,0,120,29.8,199,6.4
2021,8,11,12,30,50.49,0.15,4.1000000000000005,159,647,571,3,17.6,50.980000000000004,959,165,0,0,165,28.700000000000003,197,6.1000000000000005
2021,8,11,13,30,64.88,0.15,4.1000000000000005,124,518,344,3,17.7,55.83,960,53,0,0,53,27.3,194,5.5
2021,8,11,14,30,79.31,0.15,4.1000000000000005,68,253,115,3,17.900000000000002,62.300000000000004,960,5,0,0,5,25.6,188,4.5
2021,8,11,15,30,93.86,0.15,4,0,0,0,3,18.3,70.09,961,0,0,0,0,24.1,181,3.9000000000000004
2021,8,11,16,30,108.25,0.15,4,0,0,0,3,18.6,76.64,962,0,0,0,0,22.900000000000002,175,3.9000000000000004
2021,8,11,17,30,122.47,0.15,3.8000000000000003,0,0,0,3,18.8,83.3,962,0,0,0,0,21.8,174,3.9000000000000004
2021,8,11,18,30,136.31,0.15,3.7,0,0,0,3,19.1,89.43,963,0,0,0,0,20.900000000000002,175,3.7
2021,8,11,19,30,149.20000000000002,0.15,3.6,0,0,0,0,19.3,94.58,963,0,0,0,0,20.200000000000003,177,3.4000000000000004
2021,8,11,20,30,159.29,0.15,3.6,0,0,0,0,19.5,98.7,963,0,0,0,0,19.700000000000003,181,3.1
2021,8,11,21,30,161.29,0.15,3.6,0,0,0,0,19.6,100,962,0,0,0,0,19.6,184,2.8000000000000003
2021,8,11,22,30,153.3,0.15,3.7,0,0,0,0,19.700000000000003,100,962,0,0,0,0,19.700000000000003,189,2.9000000000000004
2021,8,11,23,30,141.06,0.15,3.8000000000000003,0,0,0,0,19.8,99.67,962,0,0,0,0,19.900000000000002,194,3.1
2021,8,12,0,30,127.46000000000001,0.15,3.9000000000000004,0,0,0,1,19.900000000000002,100,963,0,0,0,0,19.900000000000002,199,3.3000000000000003
2021,8,12,1,30,113.34,0.15,4,0,0,0,0,19.900000000000002,100,963,0,0,0,0,19.900000000000002,204,3.3000000000000003
2021,8,12,2,30,98.98,0.15,4,0,0,0,0,19.900000000000002,99,964,0,0,0,0,20.1,209,3.4000000000000004
2021,8,12,3,30,84.38,0.15,4,35,150,50,0,20,94.35000000000001,964,35,150,0,50,20.900000000000002,209,4.1000000000000005
2021,8,12,4,30,69.99,0.15,4,92,513,268,0,19.900000000000002,85.61,965,92,513,0,268,22.400000000000002,206,4.9
2021,8,12,5,30,55.550000000000004,0.15,4,120,682,506,1,19.400000000000002,75.86,965,120,682,0,506,23.900000000000002,204,5.4
2021,8,12,6,30,41.26,0.15,4,148,748,710,0,18.8,67.01,964,148,748,0,710,25.400000000000002,203,5.6000000000000005
2021,8,12,7,30,27.43,0.15,4,153,807,869,1,18.3,59.25,963,153,807,0,869,26.900000000000002,203,5.9
2021,8,12,8,30,15.44,0.15,4,152,838,960,0,17.7,53.34,962,152,838,0,960,28.1,203,6
2021,8,12,9,30,12.69,0.15,4,152,843,975,3,17.3,48.93,961,472,74,0,545,29.1,201,6
2021,8,12,10,30,22.830000000000002,0.15,4,147,831,914,3,16.900000000000002,46.28,961,445,66,0,506,29.700000000000003,198,6
2021,8,12,11,30,36.300000000000004,0.15,3.9000000000000004,136,801,782,3,16.7,45.65,960,361,17,0,375,29.700000000000003,196,6.1000000000000005
2021,8,12,12,30,50.49,0.15,3.9000000000000004,117,746,592,3,16.6,47.26,960,236,2,0,238,29,195,5.9
2021,8,12,13,30,64.9,0.15,3.8000000000000003,91,638,362,3,16.6,50.99,960,47,0,0,47,27.700000000000003,190,5.300000000000001
2021,8,12,14,30,79.35000000000001,0.15,3.9000000000000004,54,380,124,3,17,58.75,961,5,0,0,5,25.700000000000003,179,4.3
2021,8,12,15,30,93.92,0.15,3.9000000000000004,0,0,0,3,18,70.01,961,0,0,0,0,23.8,170,3.7
2021,8,12,16,30,108.34,0.15,3.9000000000000004,0,0,0,3,18.6,78.36,962,0,0,0,0,22.6,166,3.8000000000000003
2021,8,12,17,30,122.58,0.15,3.9000000000000004,0,0,0,3,19.200000000000003,85.7,963,0,0,0,0,21.700000000000003,167,3.7
2021,8,12,18,30,136.45,0.15,3.8000000000000003,0,0,0,3,19.6,92.08,963,0,0,0,0,20.900000000000002,171,3.6
2021,8,12,19,30,149.4,0.15,3.8000000000000003,0,0,0,1,19.8,96.8,963,0,0,0,0,20.3,176,3.4000000000000004
2021,8,12,20,30,159.58,0.15,3.7,0,0,0,3,19.8,99.61,962,0,0,0,0,19.900000000000002,182,3.2
2021,8,12,21,30,161.57,0.15,3.6,0,0,0,3,19.700000000000003,100,962,0,0,0,0,19.700000000000003,186,3
2021,8,12,22,30,153.47,0.15,3.6,0,0,0,0,19.6,100,961,0,0,0,0,19.6,189,3.1
2021,8,12,23,30,141.15,0.15,3.6,0,0,0,1,19.700000000000003,100,962,0,0,0,0,19.700000000000003,191,3.2
2021,8,13,0,30,127.5,0.15,3.6,0,0,0,1,19.700000000000003,100,962,0,0,0,0,19.700000000000003,190,3.2
2021,8,13,1,30,113.35000000000001,0.15,3.6,0,0,0,3,19.700000000000003,100,963,0,0,0,0,19.700000000000003,190,2.9000000000000004
2021,8,13,2,30,98.97,0.15,3.6,0,0,0,3,19.8,99.60000000000001,963,0,0,0,0,19.900000000000002,194,3
2021,8,13,3,30,84.35000000000001,0.15,3.6,34,207,54,3,19.900000000000002,93.72,964,28,0,7,28,21,198,4.1000000000000005
2021,8,13,4,30,69.93,0.15,3.6,81,574,278,3,20.1,84.25,964,110,1,0,111,22.900000000000002,199,5.300000000000001
2021,8,13,5,30,55.480000000000004,0.15,3.6,102,736,519,3,19.8,73.17,964,302,81,0,348,24.900000000000002,200,5.9
2021,8,13,6,30,41.15,0.15,3.6,114,819,731,7,19.3,63.56,964,235,506,0,617,26.8,202,6
2021,8,13,7,30,27.27,0.15,3.6,122,862,888,7,18.900000000000002,56.35,963,281,523,0,746,28.400000000000002,204,6.2
2021,8,13,8,30,15.18,0.15,3.7,126,881,977,7,18.5,51.17,962,277,571,0,828,29.6,205,6.300000000000001
2021,8,13,9,30,12.43,0.15,3.8000000000000003,156,840,977,0,18.1,48.14,961,156,840,0,977,30.3,205,6.2
2021,8,13,10,30,22.72,0.15,3.9000000000000004,149,829,914,2,18,47.59,961,491,157,0,635,30.400000000000002,204,6
2021,8,13,11,30,36.26,0.15,4,137,797,780,3,18.1,49.17,960,310,2,0,311,29.900000000000002,201,5.7
2021,8,13,12,30,50.49,0.15,4.2,151,663,572,3,18.3,52.29,960,188,0,0,188,29.1,197,5.4
2021,8,13,13,30,64.92,0.15,4.3,120,526,343,8,18.7,57.68,960,158,20,7,167,27.8,190,4.9
2021,8,13,14,30,79.4,0.15,4.4,67,248,113,7,19.3,65.94,961,93,52,7,102,26.200000000000003,179,4
2021,8,13,15,30,93.98,0.15,4.5,0,0,0,0,20.200000000000003,75.84,962,0,0,0,0,24.8,168,3.8000000000000003
2021,8,13,16,30,108.42,0.15,4.5,0,0,0,3,20.8,82.92,962,0,0,0,0,23.900000000000002,164,4.1000000000000005
2021,8,13,17,30,122.7,0.15,4.4,0,0,0,8,21.200000000000003,89.88,963,0,0,0,0,23,167,4.3
2021,8,13,18,30,136.6,0.15,4.3,0,0,0,7,21.400000000000002,94.89,963,0,0,0,0,22.3,173,4.3
2021,8,13,19,30,149.61,0.15,4.1000000000000005,0,0,0,0,21.5,98.51,963,0,0,0,0,21.700000000000003,180,4.1000000000000005
2021,8,13,20,30,159.86,0.15,3.9000000000000004,0,0,0,7,21.3,99.67,963,0,0,0,0,21.400000000000002,187,4
2021,8,13,21,30,161.85,0.15,3.9000000000000004,0,0,0,7,21.200000000000003,99.83,962,0,0,0,0,21.200000000000003,193,4
2021,8,13,22,30,153.63,0.15,3.8000000000000003,0,0,0,7,20.900000000000002,100,962,0,0,0,0,20.900000000000002,195,4.1000000000000005
2021,8,13,23,30,141.23,0.15,3.8000000000000003,0,0,0,7,20.8,100,962,0,0,0,0,20.8,196,4.2
2021,8,14,0,30,127.54,0.15,3.8000000000000003,0,0,0,5,20.700000000000003,100,962,0,0,0,0,20.700000000000003,197,4.1000000000000005
2021,8,14,1,30,113.36,0.15,3.8000000000000003,0,0,0,7,20.6,100,963,0,0,0,0,20.6,200,3.9000000000000004
2021,8,14,2,30,98.96000000000001,0.15,3.8000000000000003,0,0,0,7,20.6,99.37,963,0,0,0,0,20.700000000000003,203,4.3
2021,8,14,3,30,84.32000000000001,0.15,3.8000000000000003,32,239,56,3,20.6,92.91,964,26,0,7,26,21.8,204,5.5
2021,8,14,4,30,69.88,0.15,3.8000000000000003,71,618,284,3,20.3,81.09,964,70,0,0,70,23.700000000000003,203,6.6000000000000005
2021,8,14,5,30,55.4,0.15,3.8000000000000003,88,773,527,3,19.6,68.59,964,302,105,0,362,25.8,202,7.2
2021,8,14,6,30,41.050000000000004,0.15,3.8000000000000003,99,848,738,3,19,59.58,964,240,1,0,240,27.6,201,7.5
2021,8,14,7,30,27.12,0.15,3.9000000000000004,106,886,894,5,18.7,53.53,963,301,1,0,302,29.1,201,7.6000000000000005
2021,8,14,8,30,14.92,0.15,3.9000000000000004,110,903,982,3,18.6,49.75,962,244,0,0,244,30.200000000000003,200,7.7
2021,8,14,9,30,12.17,0.15,4,111,904,995,3,18.5,47.89,961,240,0,0,240,30.8,199,7.7
2021,8,14,10,30,22.62,0.15,4,108,893,931,3,18.400000000000002,47.45,960,441,74,0,510,30.900000000000002,196,7.7
2021,8,14,11,30,36.230000000000004,0.15,4.1000000000000005,102,860,795,7,18.3,48.79,959,285,433,0,635,30.3,193,7.6000000000000005
2021,8,14,12,30,50.49,0.15,4.2,93,797,601,3,18.3,52.14,959,276,20,0,289,29.1,189,7.5
2021,8,14,13,30,64.95,0.15,4.2,78,679,366,7,18.3,57.61,960,178,91,7,216,27.400000000000002,186,7.1000000000000005
2021,8,14,14,30,79.44,0.15,4.3,50,408,125,3,18.5,64.81,960,47,0,0,47,25.6,183,6.2
2021,8,14,15,30,94.05,0.15,4.3,0,0,0,3,19,73.15,961,0,0,0,0,24.1,181,5.4
2021,8,14,16,30,108.51,0.15,4.3,0,0,0,3,19.6,80.49,962,0,0,0,0,23.1,181,5.1000000000000005
2021,8,14,17,30,122.81,0.15,4.2,0,0,0,3,20,86.8,962,0,0,0,0,22.3,183,5
2021,8,14,18,30,136.75,0.15,4.2,0,0,0,5,20.3,92.05,963,0,0,0,0,21.6,186,5
2021,8,14,19,30,149.81,0.15,4.2,0,0,0,4,20.400000000000002,95.85000000000001,963,0,0,0,0,21.1,189,4.800000000000001
2021,8,14,20,30,160.15,0.15,4.2,0,0,0,4,20.5,98.10000000000001,963,0,0,0,0,20.8,192,4.6000000000000005
2021,8,14,21,30,162.14000000000001,0.15,4.2,0,0,0,8,20.400000000000002,98.31,962,0,0,0,0,20.700000000000003,197,4.5
2021,8,14,22,30,153.8,0.15,4.2,0,0,0,4,20.3,98.93,962,0,0,0,0,20.5,201,4.4
2021,8,14,23,30,141.31,0.15,4.2,0,0,0,8,20.200000000000003,99.04,962,0,0,0,0,20.400000000000002,204,4.3
2021,8,15,0,30,127.58,0.15,4.2,0,0,0,4,20.200000000000003,99.18,962,0,0,0,0,20.3,205,4.2
2021,8,15,1,30,113.37,0.15,4.2,0,0,0,4,20.1,99.57000000000001,963,0,0,0,0,20.200000000000003,204,4.1000000000000005
2021,8,15,2,30,98.94,0.15,4.2,0,0,0,4,20.1,98.19,964,0,0,0,0,20.400000000000002,203,4.3
2021,8,15,3,30,84.28,0.15,4.1000000000000005,32,260,58,4,20.1,92.9,964,11,0,7,11,21.3,200,5.300000000000001
2021,8,15,4,30,69.82000000000001,0.15,4.1000000000000005,69,625,285,5,19.700000000000003,80.63,965,104,1,0,105,23.200000000000003,195,6.6000000000000005
2021,8,15,5,30,55.32,0.15,4.1000000000000005,89,768,526,7,18.8,67.84,964,233,275,0,390,25.200000000000003,191,7.1000000000000005
2021,8,15,6,30,40.94,0.15,4.1000000000000005,112,820,731,8,18.400000000000002,59.32,964,328,129,0,426,27,190,7.300000000000001
2021,8,15,7,30,26.96,0.15,4.1000000000000005,120,861,888,8,18.1,53.370000000000005,963,393,275,0,638,28.5,190,7.4
2021,8,15,8,30,14.66,0.15,4.1000000000000005,125,880,977,8,18,49.79,962,423,217,0,633,29.6,190,7.4
2021,8,15,9,30,11.9,0.15,4.1000000000000005,126,882,990,8,18.1,48.300000000000004,961,337,11,0,348,30.200000000000003,189,7.300000000000001
2021,8,15,10,30,22.51,0.15,4.2,122,871,926,7,18.1,47.84,960,431,111,0,533,30.400000000000002,189,7.300000000000001
2021,8,15,11,30,36.2,0.15,4.2,113,840,791,7,18.1,48.94,960,345,277,0,568,30,188,7.2
2021,8,15,12,30,50.5,0.15,4.2,101,780,597,7,18.1,52.18,960,191,574,7,556,28.900000000000002,187,7
2021,8,15,13,30,64.98,0.15,4.1000000000000005,84,661,364,3,18.1,57.35,960,97,0,0,97,27.3,186,6.6000000000000005
2021,8,15,14,30,79.49,0.15,4.1000000000000005,53,382,123,3,18.3,64.65,960,6,0,0,6,25.400000000000002,184,5.800000000000001
2021,8,15,15,30,94.12,0.15,4.1000000000000005,0,0,0,0,18.6,72.22,961,0,0,0,0,23.900000000000002,181,5.1000000000000005
2021,8,15,16,30,108.61,0.15,4,0,0,0,0,18.900000000000002,78.66,962,0,0,0,0,22.8,179,4.800000000000001
2021,8,15,17,30,122.93,0.15,3.8000000000000003,0,0,0,1,19.1,84.46000000000001,963,0,0,0,0,21.8,181,4.5
2021,8,15,18,30,136.91,0.15,3.7,0,0,0,0,19,88.61,963,0,0,0,0,21,185,4.3
2021,8,15,19,30,150.02,0.15,3.6,0,0,0,0,19,91.82000000000001,963,0,0,0,0,20.400000000000002,191,4.1000000000000005
2021,8,15,20,30,160.45000000000002,0.15,3.5,0,0,0,3,19.1,94.95,963,0,0,0,0,19.900000000000002,197,4
2021,8,15,21,30,162.42000000000002,0.15,3.4000000000000004,0,0,0,3,19.1,97.21000000000001,963,0,0,0,0,19.6,202,4.1000000000000005
2021,8,15,22,30,153.96,0.15,3.4000000000000004,0,0,0,3,19.200000000000003,98.74000000000001,963,0,0,0,0,19.400000000000002,205,4.1000000000000005
2021,8,15,23,30,141.39000000000001,0.15,3.3000000000000003,0,0,0,0,19.200000000000003,99.24000000000001,963,0,0,0,0,19.3,206,3.9000000000000004
2021,8,16,0,30,127.61,0.15,3.3000000000000003,0,0,0,7,19.1,99.9,963,0,0,0,0,19.1,205,3.8000000000000003
2021,8,16,1,30,113.37,0.15,3.3000000000000003,0,0,0,7,18.900000000000002,100,963,0,0,0,0,18.900000000000002,205,3.8000000000000003
2021,8,16,2,30,98.92,0.15,3.3000000000000003,0,0,0,7,18.900000000000002,98.54,964,0,0,0,0,19.1,205,4
2021,8,16,3,30,84.24,0.15,3.3000000000000003,37,178,55,7,18.900000000000002,90.88,964,48,11,7,49,20.400000000000002,202,5.300000000000001
2021,8,16,4,30,69.76,0.15,3.3000000000000003,82,585,284,7,18.6,78.33,965,163,94,0,196,22.6,198,6.800000000000001
2021,8,16,5,30,55.24,0.15,3.2,99,757,531,8,18,65.92,965,249,271,0,403,24.8,197,7.4
2021,8,16,6,30,40.83,0.15,3.3000000000000003,109,838,743,8,17.5,57,964,271,454,0,615,26.700000000000003,197,7.6000000000000005
2021,8,16,7,30,26.8,0.15,3.3000000000000003,115,881,902,1,17.3,50.910000000000004,964,115,881,0,902,28.400000000000002,198,7.7
2021,8,16,8,30,14.4,0.15,3.4000000000000004,119,899,990,3,17.1,46.71,963,465,52,0,515,29.700000000000003,199,7.7
2021,8,16,9,30,11.64,0.15,3.5,112,910,1004,3,16.8,43.86,962,342,1,0,344,30.5,199,7.800000000000001
2021,8,16,10,30,22.42,0.15,3.6,114,891,937,8,16.5,42.27,961,411,212,0,607,30.8,199,7.9
2021,8,16,11,30,36.17,0.15,3.6,111,852,799,5,16.3,43.13,961,296,2,0,297,30.200000000000003,197,7.9
2021,8,16,12,30,50.5,0.15,3.6,112,762,597,8,16.2,45.81,961,177,5,0,180,29,195,7.800000000000001
2021,8,16,13,30,65.01,0.15,3.6,94,630,360,5,16.1,50.09,961,106,0,0,106,27.400000000000002,191,7.4
2021,8,16,14,30,79.55,0.15,3.5,57,346,120,4,16.3,57.36,962,5,0,0,5,25.3,186,6.5
2021,8,16,15,30,94.2,0.15,3.4000000000000004,0,0,0,5,16.900000000000002,66.93,962,0,0,0,0,23.400000000000002,180,5.5
2021,8,16,16,30,108.7,0.15,3.3000000000000003,0,0,0,8,17.7,76.28,963,0,0,0,0,22.1,176,4.800000000000001
2021,8,16,17,30,123.05,0.15,3.3000000000000003,0,0,0,8,18.3,84.14,964,0,0,0,0,21.1,179,4.3
2021,8,16,18,30,137.06,0.15,3.2,0,0,0,7,18.7,89.81,965,0,0,0,0,20.400000000000002,185,3.8000000000000003
2021,8,16,19,30,150.24,0.15,3.1,0,0,0,7,18.8,93.68,965,0,0,0,0,19.900000000000002,191,3.7
2021,8,16,20,30,160.74,0.15,3.1,0,0,0,7,19,95.67,964,0,0,0,0,19.700000000000003,193,4
2021,8,16,21,30,162.71,0.15,3.2,0,0,0,7,19.200000000000003,97.25,964,0,0,0,0,19.6,193,4.1000000000000005
2021,8,16,22,30,154.11,0.15,3.2,0,0,0,7,19.3,97.9,963,0,0,1,0,19.6,194,4
2021,8,16,23,30,141.47,0.15,3.1,0,0,0,3,19.3,98.87,963,0,0,0,0,19.5,195,3.8000000000000003
2021,8,17,0,30,127.64,0.15,3.1,0,0,0,3,19.400000000000002,99.75,964,0,0,0,0,19.400000000000002,198,3.4000000000000004
2021,8,17,1,30,113.37,0.15,3.1,0,0,0,3,19.200000000000003,100,964,0,0,0,0,19.200000000000003,200,3.1
2021,8,17,2,30,98.9,0.15,3.1,0,0,0,0,19.3,99.24000000000001,964,0,0,0,0,19.400000000000002,201,3.3000000000000003
2021,8,17,3,30,84.2,0.15,3.1,37,168,54,3,19.3,92.47,965,35,0,7,35,20.6,200,4.5
2021,8,17,4,30,69.7,0.15,3.2,86,562,281,7,19,79.13,965,147,30,0,157,22.8,198,5.800000000000001
2021,8,17,5,30,55.15,0.15,3.4000000000000004,108,728,524,7,18.400000000000002,66.75,965,249,261,0,399,25,197,6.4
2021,8,17,6,30,40.71,0.15,3.5,128,798,733,7,18.3,58.58,965,304,378,0,591,27.1,199,6.6000000000000005
2021,8,17,7,30,26.64,0.15,3.6,140,838,888,7,18.2,52.370000000000005,964,326,439,0,718,28.900000000000002,202,6.6000000000000005
2021,8,17,8,30,14.13,0.15,3.7,150,851,976,7,18.1,47.97,963,357,425,0,769,30.3,206,6.5
2021,8,17,9,30,11.38,0.15,3.8000000000000003,150,854,987,7,17.900000000000002,45.1,962,359,418,0,769,31.200000000000003,208,6.5
2021,8,17,10,30,22.330000000000002,0.15,3.9000000000000004,142,844,922,7,17.8,43.94,961,412,259,0,651,31.5,209,6.5
2021,8,17,11,30,36.15,0.15,3.9000000000000004,130,814,788,7,17.7,45.15,961,360,245,0,558,31,207,6.5
2021,8,17,12,30,50.52,0.15,4,113,755,593,7,17.8,48.370000000000005,960,289,174,0,400,29.900000000000002,202,6.5
2021,8,17,13,30,65.05,0.15,4.2,90,637,358,3,18.3,55.410000000000004,961,86,0,0,86,28.1,195,6.4
2021,8,17,14,30,79.60000000000001,0.15,4.2,54,366,120,2,19.200000000000003,66.05,961,19,0,0,19,26,186,6
2021,8,17,15,30,94.27,0.15,4.2,0,0,0,0,20.200000000000003,78.21000000000001,962,0,0,0,0,24.200000000000003,178,5.6000000000000005
2021,8,17,16,30,108.8,0.15,4.1000000000000005,0,0,0,1,20.8,87.77,963,0,0,0,0,22.900000000000002,174,5.6000000000000005
2021,8,17,17,30,123.17,0.15,4,0,0,0,0,20.8,93.01,963,0,0,0,0,22,173,5.4
2021,8,17,18,30,137.22,0.15,3.9000000000000004,0,0,0,0,20.700000000000003,95.81,964,0,0,0,0,21.400000000000002,174,5.1000000000000005
2021,8,17,19,30,150.45000000000002,0.15,3.8000000000000003,0,0,0,0,20.6,97.32000000000001,964,0,0,0,0,21,178,4.9
2021,8,17,20,30,161.04,0.15,3.7,0,0,0,0,20.400000000000002,97.7,963,0,0,0,0,20.8,183,4.7
2021,8,17,21,30,163,0.15,3.5,0,0,0,0,20.3,98.27,963,0,0,0,0,20.6,188,4.5
2021,8,17,22,30,154.27,0.15,3.4000000000000004,0,0,0,3,20.200000000000003,99.11,962,0,0,0,0,20.3,191,4.3
2021,8,17,23,30,141.55,0.15,3.2,0,0,0,3,20,99.28,962,0,0,0,0,20.1,194,4.2
2021,8,18,0,30,127.67,0.15,3.1,0,0,0,0,19.8,99.39,963,0,0,0,0,19.900000000000002,197,4
2021,8,18,1,30,113.37,0.15,2.9000000000000004,0,0,0,3,19.6,99.65,963,0,0,0,0,19.700000000000003,199,3.7
2021,8,18,2,30,98.88,0.15,2.9000000000000004,0,0,0,0,19.5,98.72,963,0,0,0,0,19.700000000000003,202,3.7
2021,8,18,3,30,84.16,0.15,2.9000000000000004,34,242,59,1,19.400000000000002,92.53,964,34,242,0,59,20.700000000000003,202,4.6000000000000005
2021,8,18,4,30,69.64,0.15,2.9000000000000004,74,629,293,3,18.900000000000002,78.58,964,126,3,0,127,22.8,200,5.9
2021,8,18,5,30,55.07,0.15,2.9000000000000004,92,780,539,0,18,64.88,964,92,780,0,539,25.1,201,6.4
2021,8,18,6,30,40.6,0.15,3,102,858,753,0,17.5,55.43,963,102,858,0,753,27.200000000000003,204,6.7
2021,8,18,7,30,26.48,0.15,3,106,902,914,0,17.2,48.94,962,106,902,0,914,29,205,6.800000000000001
2021,8,18,8,30,13.870000000000001,0.15,3.1,109,919,1002,1,17.1,45.050000000000004,961,109,919,0,1002,30.3,205,6.800000000000001
2021,8,18,9,30,11.11,0.15,3.2,112,917,1011,1,17.1,42.84,960,112,917,0,1011,31.200000000000003,205,6.800000000000001
2021,8,18,10,30,22.240000000000002,0.15,3.2,112,901,945,2,17.1,42.5,959,488,176,0,651,31.400000000000002,205,6.6000000000000005
2021,8,18,11,30,36.13,0.15,3.2,106,867,807,3,17.2,43.84,958,407,108,0,494,30.900000000000002,204,6.4
2021,8,18,12,30,50.53,0.15,3.3000000000000003,103,789,604,7,17.2,46.26,958,289,182,0,405,30,202,6.300000000000001
2021,8,18,13,30,65.09,0.15,3.2,88,658,365,8,17.3,50.29,958,160,447,7,349,28.6,199,6
2021,8,18,14,30,79.66,0.15,3.2,56,362,121,0,17.400000000000002,56.57,958,56,362,0,121,26.700000000000003,192,5.300000000000001
2021,8,18,15,30,94.35000000000001,0.15,3.2,0,0,0,1,17.7,64.14,959,0,0,0,0,24.900000000000002,183,5.1000000000000005
2021,8,18,16,30,108.9,0.15,3.1,0,0,0,7,17.7,70.57000000000001,959,0,0,0,0,23.3,176,5.2
2021,8,18,17,30,123.29,0.15,3.1,0,0,0,7,17.6,76.37,960,0,0,0,0,21.900000000000002,173,4.9
2021,8,18,18,30,137.38,0.15,3.1,0,0,0,1,17.5,80.9,961,0,0,0,0,20.900000000000002,173,4.5
2021,8,18,19,30,150.67000000000002,0.15,3,0,0,0,0,17.6,85.3,961,0,0,0,0,20.1,177,4.1000000000000005
2021,8,18,20,30,161.35,0.15,2.9000000000000004,0,0,0,0,17.8,90.60000000000001,961,0,0,0,0,19.400000000000002,183,3.8000000000000003
2021,8,18,21,30,163.29,0.15,2.7,0,0,0,0,18.2,95.83,961,0,0,0,0,18.900000000000002,189,3.5
2021,8,18,22,30,154.42000000000002,0.15,2.6,0,0,0,0,18.6,98.51,961,0,0,0,0,18.8,197,3.5
2021,8,18,23,30,141.62,0.15,2.5,0,0,0,0,18.8,99.28,960,0,0,0,0,18.900000000000002,205,3.6
2021,8,19,0,30,127.7,0.15,2.4000000000000004,0,0,0,7,19,99.89,961,0,0,0,0,19,209,3.9000000000000004
2021,8,19,1,30,113.37,0.15,2.3000000000000003,0,0,0,7,19,100,961,0,0,0,0,19,212,4.1000000000000005
2021,8,19,2,30,98.85000000000001,0.15,2.2,0,0,0,7,19.200000000000003,99.83,961,0,0,0,0,19.200000000000003,213,4.3
2021,8,19,3,30,84.12,0.15,2.3000000000000003,31,317,64,3,19.3,92.60000000000001,962,46,5,7,47,20.5,212,5.2
2021,8,19,4,30,69.58,0.15,2.3000000000000003,65,683,304,1,19.3,80.71000000000001,962,65,683,0,304,22.8,210,6.300000000000001
2021,8,19,5,30,54.980000000000004,0.15,2.5,82,818,551,7,18.900000000000002,67.22,962,196,482,0,472,25.400000000000002,209,6.7
2021,8,19,6,30,40.49,0.15,2.6,90,889,766,7,18.400000000000002,57.08,962,236,553,0,657,27.700000000000003,209,6.800000000000001
2021,8,19,7,30,26.310000000000002,0.15,2.7,96,925,925,7,18.1,50.14,961,294,518,0,758,29.6,209,6.800000000000001
2021,8,19,8,30,13.6,0.15,2.8000000000000003,98,941,1013,7,18,45.88,960,272,575,0,831,31,210,6.9
2021,8,19,9,30,10.85,0.15,2.9000000000000004,103,936,1022,7,17.900000000000002,43.19,958,322,502,0,815,32,210,6.9
2021,8,19,10,30,22.16,0.15,3,98,924,954,7,17.900000000000002,42.18,957,352,407,0,729,32.4,210,6.9
2021,8,19,11,30,36.11,0.15,3.1,92,894,814,7,18,42.67,956,242,528,0,669,32.300000000000004,208,6.9
2021,8,19,12,30,50.550000000000004,0.15,3.2,82,837,614,7,18,44.59,956,255,303,0,447,31.5,205,6.800000000000001
2021,8,19,13,30,65.13,0.15,3.2,68,730,375,7,18.1,49,956,148,397,7,315,30,200,6.5
2021,8,19,14,30,79.72,0.15,3.3000000000000003,43,474,128,7,18.6,57.85,956,3,0,0,3,27.700000000000003,191,5.6000000000000005
2021,8,19,15,30,94.43,0.15,3.3000000000000003,0,0,0,7,19.6,69.23,957,0,0,0,0,25.700000000000003,182,5
2021,8,19,16,30,109,0.15,3.2,0,0,0,6,20.400000000000002,79.59,958,0,0,0,0,24.200000000000003,177,4.9
2021,8,19,17,30,123.42,0.15,3.1,0,0,0,7,20.900000000000002,87.03,959,0,0,0,0,23.200000000000003,178,4.7
2021,8,19,18,30,137.54,0.15,3.1,0,0,0,7,21.1,92.52,960,0,0,0,0,22.400000000000002,182,4.3
2021,8,19,19,30,150.88,0.15,3,0,0,0,7,21.200000000000003,95.92,960,0,0,0,0,21.900000000000002,189,4.1000000000000005
2021,8,19,20,30,161.66,0.15,3,0,0,0,7,21.3,98.60000000000001,959,0,0,0,0,21.5,196,4
2021,8,19,21,30,163.59,0.15,3,0,0,0,7,21.200000000000003,99.56,959,0,0,0,0,21.3,202,4.2
2021,8,19,22,30,154.57,0.15,3.1,0,0,0,0,21.200000000000003,99.77,959,0,0,0,0,21.200000000000003,208,4.3
2021,8,19,23,30,141.69,0.15,3.1,0,0,0,0,21.1,100,959,0,0,0,0,21.1,212,4.2
2021,8,20,0,30,127.72,0.15,3.2,0,0,0,1,21.1,100,959,0,0,0,0,21.1,215,4.2
2021,8,20,1,30,113.36,0.15,3.3000000000000003,0,0,0,0,21,100,960,0,0,0,0,21,218,4.2
2021,8,20,2,30,98.82000000000001,0.15,3.4000000000000004,0,0,0,0,21.1,99.3,960,0,0,0,0,21.200000000000003,220,4.1000000000000005
2021,8,20,3,30,84.07000000000001,0.15,3.4000000000000004,29,343,64,0,21.200000000000003,93.86,961,29,343,0,64,22.200000000000003,220,4.9
2021,8,20,4,30,69.51,0.15,3.3000000000000003,58,698,302,3,21.1,82.55,961,92,0,0,93,24.3,215,6.1000000000000005
2021,8,20,5,30,54.9,0.15,3.3000000000000003,71,830,549,3,20.8,70.63,962,262,28,0,278,26.6,211,6.7
2021,8,20,6,30,40.37,0.15,3.3000000000000003,81,894,762,1,20.6,62,961,81,894,0,762,28.6,208,6.800000000000001
2021,8,20,7,30,26.150000000000002,0.15,3.4000000000000004,86,927,918,0,20.5,56.410000000000004,960,86,927,0,918,30.1,207,6.9
2021,8,20,8,30,13.33,0.15,3.4000000000000004,89,944,1007,8,20.400000000000002,52.68,959,384,358,0,732,31.200000000000003,206,6.9
2021,8,20,9,30,10.6,0.15,3.5,93,939,1016,7,20.3,50.72,958,397,345,0,736,31.8,205,6.800000000000001
2021,8,20,10,30,22.080000000000002,0.15,3.7,89,927,948,7,20.200000000000003,50.01,957,325,450,0,742,31.900000000000002,201,6.7
2021,8,20,11,30,36.1,0.15,3.8000000000000003,85,896,809,6,20.1,51.660000000000004,957,293,341,0,568,31.200000000000003,196,6.6000000000000005
2021,8,20,12,30,50.57,0.15,4,89,811,604,7,20.1,55.86,957,282,149,0,376,29.900000000000002,189,6.4
2021,8,20,13,30,65.18,0.15,4.1000000000000005,76,687,365,2,20.400000000000002,63.03,958,178,14,0,184,28.1,181,6.1000000000000005
2021,8,20,14,30,79.79,0.15,4.2,49,407,121,0,21,74,958,49,407,0,121,26,173,5.4
2021,8,20,15,30,94.51,0.15,4.2,0,0,0,7,21.6,84.16,959,0,0,0,0,24.5,168,4.7
2021,8,20,16,30,109.10000000000001,0.15,4.1000000000000005,0,0,0,7,22,91.05,960,0,0,0,0,23.5,168,4.3
2021,8,20,17,30,123.55,0.15,4,0,0,0,7,22,95.32000000000001,961,0,0,0,0,22.8,170,4.2
2021,8,20,18,30,137.70000000000002,0.15,4,0,0,0,8,21.900000000000002,97.85000000000001,961,0,0,0,0,22.3,173,4.1000000000000005
2021,8,20,19,30,151.1,0.15,3.9000000000000004,0,0,0,7,21.900000000000002,99.24000000000001,961,0,0,0,0,22,178,3.9000000000000004
2021,8,20,20,30,161.97,0.15,3.9000000000000004,0,0,0,8,21.700000000000003,99.06,960,0,0,0,0,21.900000000000002,182,3.8000000000000003
2021,8,20,21,30,163.88,0.15,3.9000000000000004,0,0,0,7,21.6,99.36,960,0,0,0,0,21.700000000000003,186,3.8000000000000003
2021,8,20,22,30,154.72,0.15,3.9000000000000004,0,0,0,7,21.5,99.43,960,0,0,0,0,21.6,190,3.6
2021,8,20,23,30,141.75,0.15,3.9000000000000004,0,0,0,7,21.400000000000002,100,960,0,0,0,0,21.400000000000002,194,3.2
2021,8,21,0,30,127.74000000000001,0.15,3.8000000000000003,0,0,0,7,21.3,100,960,0,0,0,0,21.3,199,3.1
2021,8,21,1,30,113.36,0.15,3.8000000000000003,0,0,0,8,21.200000000000003,100,960,0,0,0,0,21.200000000000003,203,3.1
2021,8,21,2,30,98.79,0.15,3.8000000000000003,0,0,0,1,21.3,99.53,961,0,0,0,0,21.400000000000002,206,3.3000000000000003
2021,8,21,3,30,84.02,0.15,3.7,30,330,64,1,21.400000000000002,92.82000000000001,962,30,330,0,64,22.6,206,4.2
2021,8,21,4,30,69.44,0.15,3.7,61,679,299,3,21.1,80.67,962,183,81,0,211,24.6,204,5.1000000000000005
2021,8,21,5,30,54.81,0.15,3.7,76,814,545,3,20.400000000000002,67.63,962,305,120,0,375,26.900000000000002,201,5.5
2021,8,21,6,30,40.26,0.15,3.7,85,882,758,3,20,58.57,962,377,102,0,455,28.900000000000002,200,5.7
2021,8,21,7,30,25.990000000000002,0.15,3.6,91,919,917,8,19.700000000000003,52.9,961,364,345,0,674,30.400000000000002,199,5.800000000000001
2021,8,21,8,30,13.06,0.15,3.7,94,933,1003,3,19.6,49.61,960,486,173,0,655,31.400000000000002,198,6
2021,8,21,9,30,10.34,0.15,3.7,96,933,1015,7,19.6,48.07,959,375,393,0,761,31.900000000000002,196,6
2021,8,21,10,30,22.01,0.15,3.7,94,922,948,7,19.5,47.93,958,282,553,7,794,31.900000000000002,194,6
2021,8,21,11,30,36.09,0.15,3.8000000000000003,89,890,808,2,19.400000000000002,49.06,957,417,137,0,528,31.400000000000002,190,6
2021,8,21,12,30,50.6,0.15,3.8000000000000003,81,833,610,1,19.400000000000002,52.120000000000005,957,81,833,0,610,30.3,186,6
2021,8,21,13,30,65.22,0.15,3.9000000000000004,68,721,370,3,19.5,57.52,958,49,0,0,49,28.700000000000003,179,5.7
2021,8,21,14,30,79.85000000000001,0.15,3.9000000000000004,44,458,124,0,19.900000000000002,66.17,959,44,458,0,124,26.700000000000003,171,5.2
2021,8,21,15,30,94.60000000000001,0.15,3.9000000000000004,0,0,0,0,20.5,75.92,959,0,0,0,0,25,165,4.800000000000001
2021,8,21,16,30,109.2,0.15,3.8000000000000003,0,0,0,0,20.8,82.9,960,0,0,0,0,23.900000000000002,162,4.6000000000000005
2021,8,21,17,30,123.68,0.15,3.7,0,0,0,0,21,89.03,961,0,0,0,0,22.900000000000002,163,4.4
2021,8,21,18,30,137.87,0.15,3.6,0,0,0,0,21.1,93.61,961,0,0,0,0,22.200000000000003,166,4.1000000000000005
2021,8,21,19,30,151.32,0.15,3.5,0,0,0,0,21.3,97.61,961,0,0,0,0,21.700000000000003,171,3.9000000000000004
2021,8,21,20,30,162.28,0.15,3.4000000000000004,0,0,0,0,21.400000000000002,98.92,961,0,0,0,0,21.6,175,3.7
2021,8,21,21,30,164.17000000000002,0.15,3.5,0,0,0,0,21.400000000000002,99.67,960,0,0,0,0,21.5,178,3.6
2021,8,21,22,30,154.86,0.15,3.5,0,0,0,0,21.400000000000002,99.64,960,0,0,0,0,21.5,181,3.4000000000000004
2021,8,21,23,30,141.81,0.15,3.6,0,0,0,0,21.400000000000002,100,960,0,0,0,0,21.400000000000002,184,3.5
2021,8,22,0,30,127.76,0.15,3.7,0,0,0,0,21.3,100,960,0,0,0,0,21.3,187,3.6
2021,8,22,1,30,113.34,0.15,3.7,0,0,0,0,21.3,100,961,0,0,0,0,21.3,190,3.7
2021,8,22,2,30,98.76,0.15,3.7,0,0,0,0,21.3,99.44,961,0,0,0,0,21.400000000000002,192,4
2021,8,22,3,30,83.97,0.15,3.7,29,337,65,0,21.3,94.25,962,29,337,0,65,22.3,194,4.9
2021,8,22,4,30,69.37,0.15,3.7,60,683,301,1,21,83.58,962,60,683,0,301,24,195,5.9
2021,8,22,5,30,54.72,0.15,3.7,76,816,547,1,20.5,72.21000000000001,962,76,816,0,547,25.900000000000002,196,6.4
2021,8,22,6,30,40.14,0.15,3.8000000000000003,85,881,759,0,20.1,64.53,962,85,881,0,759,27.400000000000002,197,6.5
2021,8,22,7,30,25.830000000000002,0.15,3.8000000000000003,91,916,916,0,19.900000000000002,59.29,961,91,916,0,916,28.6,199,6.6000000000000005
2021,8,22,8,30,12.790000000000001,0.15,3.8000000000000003,93,934,1004,0,19.700000000000003,55.75,960,93,934,0,1004,29.5,199,6.6000000000000005
2021,8,22,9,30,10.09,0.15,3.8000000000000003,89,942,1017,2,19.6,53.44,959,482,169,0,648,30.1,199,6.6000000000000005
2021,8,22,10,30,21.94,0.15,3.9000000000000004,86,930,949,3,19.5,52.410000000000004,958,455,149,0,593,30.3,198,6.6000000000000005
2021,8,22,11,30,36.09,0.15,3.9000000000000004,81,902,810,2,19.400000000000002,52.92,958,393,112,0,483,30,196,6.5
2021,8,22,12,30,50.63,0.15,3.9000000000000004,74,848,612,0,19.200000000000003,54.44,958,74,848,0,612,29.3,194,6.2
2021,8,22,13,30,65.28,0.15,4,62,741,372,1,19.1,58.34,958,62,741,0,372,28,190,5.4
2021,8,22,14,30,79.92,0.15,4,40,488,125,2,19.400000000000002,66.59,959,10,0,0,10,26.1,181,4.3
2021,8,22,15,30,94.69,0.15,3.9000000000000004,0,0,0,0,20.1,76.59,959,0,0,0,0,24.5,171,4.2
2021,8,22,16,30,109.31,0.15,3.9000000000000004,0,0,0,0,20.400000000000002,83.27,960,0,0,0,0,23.400000000000002,165,4.7
2021,8,22,17,30,123.81,0.15,3.8000000000000003,0,0,0,0,20.700000000000003,90.3,961,0,0,0,0,22.400000000000002,163,4.7
2021,8,22,18,30,138.03,0.15,3.7,0,0,0,0,21,96.45,961,0,0,0,0,21.6,165,4.4
2021,8,22,19,30,151.54,0.15,3.5,0,0,0,0,21.1,99.42,961,0,0,0,0,21.200000000000003,170,4.2
2021,8,22,20,30,162.59,0.15,3.3000000000000003,0,0,0,3,21,100,961,0,0,0,0,21,176,4.3
2021,8,22,21,30,164.47,0.15,3.2,0,0,0,0,20.900000000000002,100,960,0,0,0,0,20.900000000000002,182,4.2
2021,8,22,22,30,155,0.15,3.2,0,0,0,0,20.8,100,960,0,0,0,0,20.8,188,3.9000000000000004
2021,8,22,23,30,141.87,0.15,3.2,0,0,0,0,20.700000000000003,100,960,0,0,0,0,20.700000000000003,193,3.7
2021,8,23,0,30,127.78,0.15,3.2,0,0,0,0,20.6,100,960,0,0,0,0,20.6,198,3.5
2021,8,23,1,30,113.33,0.15,3.2,0,0,0,0,20.5,100,960,0,0,0,0,20.5,201,3.6
2021,8,23,2,30,98.73,0.15,3.2,0,0,0,0,20.6,99.93,961,0,0,0,0,20.6,205,3.8000000000000003
2021,8,23,3,30,83.92,0.15,3.2,27,388,69,0,20.6,93.88,962,27,388,0,69,21.6,206,4.6000000000000005
2021,8,23,4,30,69.3,0.15,3.3000000000000003,55,716,308,0,20.400000000000002,82.59,962,55,716,0,308,23.5,204,5.4
2021,8,23,5,30,54.63,0.15,3.3000000000000003,69,840,555,1,19.700000000000003,70.11,962,69,840,0,555,25.6,203,5.7
2021,8,23,6,30,40.02,0.15,3.4000000000000004,79,899,767,0,19.400000000000002,61.050000000000004,962,79,899,0,767,27.6,204,5.6000000000000005
2021,8,23,7,30,25.67,0.15,3.4000000000000004,85,933,925,0,19.1,53.93,961,85,933,0,925,29.400000000000002,207,5.6000000000000005
2021,8,23,8,30,12.52,0.15,3.5,88,946,1011,0,18.7,48.53,960,88,946,0,1011,30.8,209,5.7
2021,8,23,9,30,9.84,0.15,3.5,86,951,1023,1,18.3,45.1,959,86,951,0,1023,31.6,208,5.800000000000001
2021,8,23,10,30,21.88,0.15,3.6,86,936,954,0,18,43.28,958,86,936,0,954,32,206,5.800000000000001
2021,8,23,11,30,36.09,0.15,3.7,83,903,813,0,17.8,43.68,957,83,903,0,813,31.700000000000003,202,5.800000000000001
2021,8,23,12,30,50.660000000000004,0.15,3.9000000000000004,88,817,605,0,17.900000000000002,46.71,957,88,817,0,605,30.6,195,5.9
2021,8,23,13,30,65.33,0.15,4,74,696,365,0,18.3,53.43,958,74,696,0,365,28.700000000000003,185,6
2021,8,23,14,30,79.99,0.15,4.1000000000000005,47,410,119,2,19,63.49,959,30,0,0,30,26.5,175,5.800000000000001
2021,8,23,15,30,94.77,0.15,4,0,0,0,0,19.6,73.81,959,0,0,0,0,24.6,169,5.7
2021,8,23,16,30,109.42,0.15,3.8000000000000003,0,0,0,0,19.700000000000003,80.77,960,0,0,0,0,23.200000000000003,167,5.5
2021,8,23,17,30,123.94,0.15,3.5,0,0,0,0,19.5,85.61,961,0,0,0,0,22,170,5.1000000000000005
2021,8,23,18,30,138.20000000000002,0.15,3.2,0,0,0,0,19.3,90.24,962,0,0,0,0,21,175,4.5
2021,8,23,19,30,151.77,0.15,3,0,0,0,0,19.400000000000002,94.74,962,0,0,0,0,20.3,182,3.8000000000000003
2021,8,23,20,30,162.91,0.15,2.8000000000000003,0,0,0,0,19.6,98.69,961,0,0,0,0,19.8,189,3.3000000000000003
2021,8,23,21,30,164.76,0.15,2.7,0,0,0,0,19.700000000000003,99.8,961,0,0,0,0,19.700000000000003,198,3.2
2021,8,23,22,30,155.14000000000001,0.15,2.8000000000000003,0,0,0,0,19.6,100,961,0,0,0,0,19.6,206,3.2
2021,8,23,23,30,141.93,0.15,2.9000000000000004,0,0,0,0,19.700000000000003,100,961,0,0,0,0,19.700000000000003,211,3.2
2021,8,24,0,30,127.79,0.15,3,0,0,0,0,19.700000000000003,100,961,0,0,0,0,19.700000000000003,215,3.2
2021,8,24,1,30,113.32000000000001,0.15,3.1,0,0,0,0,19.700000000000003,100,961,0,0,0,0,19.700000000000003,217,3.1
2021,8,24,2,30,98.69,0.15,3.1,0,0,0,0,19.900000000000002,99.78,962,0,0,0,0,19.900000000000002,221,3.3000000000000003
2021,8,24,3,30,83.87,0.15,3.2,31,334,67,0,20,93.46000000000001,962,31,334,0,67,21.1,222,4.6000000000000005
2021,8,24,4,30,69.23,0.15,3.3000000000000003,64,677,304,3,20,82.88,963,159,13,0,164,23.1,218,6
2021,8,24,5,30,54.54,0.15,3.4000000000000004,81,809,551,0,19.5,70.9,963,81,809,0,551,25.200000000000003,213,6.4
2021,8,24,6,30,39.910000000000004,0.15,3.5,92,875,763,0,19.200000000000003,62.25,963,92,875,0,763,27,209,6.4
2021,8,24,7,30,25.51,0.15,3.6,99,910,919,3,19.1,56.02,962,287,1,0,288,28.700000000000003,206,6.300000000000001
2021,8,24,8,30,12.26,0.15,3.7,101,926,1006,3,18.900000000000002,51.51,961,473,100,0,570,30,204,6.300000000000001
2021,8,24,9,30,9.6,0.15,3.8000000000000003,102,926,1016,3,18.8,49.04,960,474,69,0,542,30.700000000000003,202,6.2
2021,8,24,10,30,21.830000000000002,0.15,3.8000000000000003,101,911,947,3,18.6,48.36,959,438,35,0,470,30.8,199,6.2
2021,8,24,11,30,36.09,0.15,3.9000000000000004,97,877,806,3,18.5,49.97,958,405,116,0,499,30.1,194,6.1000000000000005
2021,8,24,12,30,50.69,0.15,3.9000000000000004,88,817,606,0,18.6,54.88,958,88,817,0,606,28.6,188,6
2021,8,24,13,30,65.38,0.15,4,73,700,365,0,19,61.97,959,73,700,0,365,26.900000000000002,181,5.7
2021,8,24,14,30,80.07000000000001,0.15,3.9000000000000004,44,438,120,0,19.400000000000002,71.17,959,44,438,0,120,25,175,4.9
2021,8,24,15,30,94.86,0.15,3.9000000000000004,0,0,0,0,19.900000000000002,80.48,960,0,0,0,0,23.5,169,4.3
2021,8,24,16,30,109.53,0.15,3.8000000000000003,0,0,0,0,20.3,87.79,961,0,0,0,0,22.400000000000002,164,4.2
2021,8,24,17,30,124.07000000000001,0.15,3.7,0,0,0,0,20.5,93.22,961,0,0,0,0,21.6,163,4.1000000000000005
2021,8,24,18,30,138.36,0.15,3.6,0,0,0,0,20.6,98.08,962,0,0,0,0,20.900000000000002,166,4.1000000000000005
2021,8,24,19,30,151.99,0.15,3.5,0,0,0,0,20.5,99.68,962,0,0,0,0,20.6,170,4.1000000000000005
2021,8,24,20,30,163.23,0.15,3.5,0,0,0,0,20.400000000000002,100,962,0,0,0,0,20.400000000000002,173,4
2021,8,24,21,30,165.05,0.15,3.4000000000000004,0,0,0,0,20.3,99.97,961,0,0,0,0,20.3,178,4
2021,8,24,22,30,155.27,0.15,3.4000000000000004,0,0,0,0,20.1,100,961,0,0,0,0,20.1,186,3.8000000000000003
2021,8,24,23,30,141.98,0.15,3.3000000000000003,0,0,0,0,20,100,961,0,0,0,0,20,196,3.7
2021,8,25,0,30,127.8,0.15,3.2,0,0,0,0,19.8,100,961,0,0,0,0,19.8,205,3.6
2021,8,25,1,30,113.3,0.15,3.1,0,0,0,0,19.6,100,961,0,0,0,0,19.6,211,3.4000000000000004
2021,8,25,2,30,98.65,0.15,3.1,0,0,0,0,19.6,99.62,962,0,0,0,0,19.700000000000003,214,3.5
2021,8,25,3,30,83.81,0.15,3,35,276,65,0,19.5,93.01,962,35,276,0,65,20.700000000000003,213,4.4
2021,8,25,4,30,69.16,0.15,3,75,640,303,0,19.200000000000003,81.87,963,75,640,0,303,22.5,209,5.300000000000001
2021,8,25,5,30,54.45,0.15,3,95,784,551,0,18.900000000000002,69.95,963,95,784,0,551,24.700000000000003,207,5.5
2021,8,25,6,30,39.79,0.15,3,106,861,767,0,18.6,60.730000000000004,963,106,861,0,767,26.8,207,5.7
2021,8,25,7,30,25.35,0.15,3,109,906,928,0,18.3,53.4,962,109,906,0,928,28.700000000000003,207,5.7
2021,8,25,8,30,11.99,0.15,3,110,927,1017,0,18,48.35,961,110,927,0,1017,30.1,206,5.7
2021,8,25,9,30,9.36,0.15,3.1,103,937,1028,0,17.7,45.2,959,103,937,0,1028,30.900000000000002,204,5.7
2021,8,25,10,30,21.78,0.15,3.1,100,926,959,0,17.3,43.54,959,100,926,0,959,31.200000000000003,201,5.6000000000000005
2021,8,25,11,30,36.1,0.15,3.1,95,894,817,8,17.1,43.54,958,184,730,7,774,30.900000000000002,196,5.6000000000000005
2021,8,25,12,30,50.730000000000004,0.15,3.2,88,828,612,0,17,45.49,958,88,828,0,612,30.1,190,5.5
2021,8,25,13,30,65.44,0.15,3.3000000000000003,76,701,367,0,17.2,50.47,958,76,701,0,367,28.5,183,5.2
2021,8,25,14,30,80.14,0.15,3.4000000000000004,49,401,117,7,17.900000000000002,59.620000000000005,959,83,121,7,104,26.400000000000002,172,4.7
2021,8,25,15,30,94.96000000000001,0.15,3.4000000000000004,0,0,0,7,19.200000000000003,72.51,960,0,0,0,0,24.5,164,4.6000000000000005
2021,8,25,16,30,109.64,0.15,3.4000000000000004,0,0,0,1,20.200000000000003,83.03,961,0,0,0,0,23.200000000000003,162,4.6000000000000005
2021,8,25,17,30,124.21000000000001,0.15,3.4000000000000004,0,0,0,0,20.700000000000003,91.2,961,0,0,0,0,22.200000000000003,165,4.4
2021,8,25,18,30,138.53,0.15,3.4000000000000004,0,0,0,0,20.900000000000002,96.69,962,0,0,0,0,21.400000000000002,172,4.3
2021,8,25,19,30,152.21,0.15,3.3000000000000003,0,0,0,0,20.8,98.72,962,0,0,0,0,21,180,4.2
2021,8,25,20,30,163.56,0.15,3.3000000000000003,0,0,0,0,20.6,99.69,961,0,0,0,0,20.700000000000003,187,4
2021,8,25,21,30,165.35,0.15,3.3000000000000003,0,0,0,0,20.5,99.44,961,0,0,0,0,20.6,191,3.9000000000000004
2021,8,25,22,30,155.4,0.15,3.3000000000000003,0,0,0,0,20.400000000000002,99.41,961,0,0,0,0,20.5,194,3.7
2021,8,25,23,30,142.03,0.15,3.3000000000000003,0,0,0,0,20.400000000000002,99.47,961,0,0,0,0,20.5,197,3.4000000000000004
2021,8,26,0,30,127.81,0.15,3.3000000000000003,0,0,0,3,20.400000000000002,100,961,0,0,0,0,20.400000000000002,202,3.3000000000000003
2021,8,26,1,30,113.28,0.15,3.3000000000000003,0,0,0,0,20.3,100,961,0,0,0,0,20.3,206,3.3000000000000003
2021,8,26,2,30,98.62,0.15,3.3000000000000003,0,0,0,0,20.3,99.9,962,0,0,0,0,20.3,210,3.6
2021,8,26,3,30,83.76,0.15,3.3000000000000003,34,302,66,0,20.200000000000003,93.47,962,34,302,0,66,21.3,210,4.7
2021,8,26,4,30,69.09,0.15,3.3000000000000003,67,668,306,2,19.900000000000002,81.62,963,175,22,0,183,23.200000000000003,206,5.7
2021,8,26,5,30,54.36,0.15,3.3000000000000003,84,808,554,0,19.400000000000002,69.21000000000001,963,84,808,0,554,25.5,204,5.9
2021,8,26,6,30,39.68,0.15,3.3000000000000003,103,860,765,3,19.1,60.38,962,366,50,0,405,27.5,204,5.9
2021,8,26,7,30,25.19,0.15,3.3000000000000003,109,901,924,3,18.900000000000002,54.07,961,413,17,0,428,29.1,205,5.9
2021,8,26,8,30,11.72,0.15,3.4000000000000004,112,918,1011,2,18.7,49.52,960,503,176,0,675,30.400000000000002,206,5.800000000000001
2021,8,26,9,30,9.120000000000001,0.15,3.4000000000000004,100,937,1025,3,18.5,46.75,959,489,122,0,609,31.200000000000003,206,5.7
2021,8,26,10,30,21.73,0.15,3.5,98,922,954,0,18.3,45.17,958,98,922,0,954,31.6,204,5.7
2021,8,26,11,30,36.12,0.15,3.6,93,888,811,2,18.2,45.62,958,425,146,0,542,31.3,201,5.7
2021,8,26,12,30,50.77,0.15,3.7,85,827,608,1,18.1,47.93,957,85,827,0,608,30.400000000000002,195,5.800000000000001
2021,8,26,13,30,65.51,0.15,3.7,71,712,366,2,18.3,53.2,958,183,16,0,190,28.8,188,5.7
2021,8,26,14,30,80.22,0.15,3.7,44,434,118,2,18.7,62.42,958,19,0,0,19,26.5,178,5.4
2021,8,26,15,30,95.05,0.15,3.6,0,0,0,0,19.3,72.86,959,0,0,0,0,24.5,169,5.2
2021,8,26,16,30,109.75,0.15,3.5,0,0,0,1,19.6,81.11,960,0,0,0,0,23,165,5
2021,8,26,17,30,124.34,0.15,3.3000000000000003,0,0,0,0,19.700000000000003,87.83,961,0,0,0,0,21.8,166,4.6000000000000005
2021,8,26,18,30,138.70000000000002,0.15,3.1,0,0,0,0,19.700000000000003,92.89,961,0,0,0,0,20.900000000000002,171,4.3
2021,8,26,19,30,152.44,0.15,3,0,0,0,0,19.8,96.85000000000001,961,0,0,0,0,20.3,175,4
2021,8,26,20,30,163.88,0.15,2.9000000000000004,0,0,0,0,19.8,99.02,961,0,0,0,0,20,176,3.9000000000000004
2021,8,26,21,30,165.64000000000001,0.15,2.8000000000000003,0,0,0,0,19.8,99.75,960,0,0,0,0,19.8,177,3.8000000000000003
2021,8,26,22,30,155.52,0.15,2.8000000000000003,0,0,0,0,19.6,100,960,0,0,0,0,19.6,180,3.7
2021,8,26,23,30,142.08,0.15,2.7,0,0,0,0,19.5,100,960,0,0,0,0,19.5,185,3.7
2021,8,27,0,30,127.81,0.14,2.7,0,0,0,0,19.400000000000002,100,961,0,0,0,0,19.400000000000002,189,3.8000000000000003
2021,8,27,1,30,113.26,0.14,2.7,0,0,0,0,19.3,100,961,0,0,0,0,19.3,193,3.6
2021,8,27,2,30,98.57000000000001,0.14,2.6,0,0,0,0,19.400000000000002,99.24000000000001,962,0,0,0,0,19.5,197,3.7
2021,8,27,3,30,83.7,0.14,2.6,34,327,69,0,19.400000000000002,92.39,963,34,327,0,69,20.700000000000003,199,4.6000000000000005
2021,8,27,4,30,69.01,0.14,2.6,67,687,313,0,19.200000000000003,80.33,963,67,687,0,313,22.8,199,5.5
2021,8,27,5,30,54.27,0.14,2.6,82,826,565,0,18.7,67.81,963,82,826,0,565,25.1,199,5.7
2021,8,27,6,30,39.56,0.14,2.6,91,896,782,0,18.400000000000002,58.94,963,91,896,0,782,27.1,201,5.7
2021,8,27,7,30,25.03,0.14,2.6,95,935,942,0,18.1,52.68,962,95,935,0,942,28.700000000000003,203,5.7
2021,8,27,8,30,11.450000000000001,0.14,2.7,97,951,1030,0,17.900000000000002,48.29,961,97,951,0,1030,30,204,5.7
2021,8,27,9,30,8.9,0.14,2.9000000000000004,106,937,1032,0,17.900000000000002,45.82,960,106,937,0,1032,30.900000000000002,205,5.800000000000001
2021,8,27,10,30,21.7,0.14,3.1,103,921,958,0,17.900000000000002,44.83,959,103,921,0,958,31.3,204,5.800000000000001
2021,8,27,11,30,36.13,0.14,3.2,99,885,814,0,17.900000000000002,45.22,958,99,885,0,814,31.200000000000003,201,5.800000000000001
2021,8,27,12,30,50.82,0.14,3.4000000000000004,81,840,612,0,18.1,47.730000000000004,958,81,840,0,612,30.400000000000002,195,5.7
2021,8,27,13,30,65.57000000000001,0.14,3.5,69,721,367,2,18.3,53.44,958,201,28,0,212,28.700000000000003,187,5.6000000000000005
2021,8,27,14,30,80.3,0.14,3.5,45,431,117,2,18.900000000000002,62.9,959,21,0,0,21,26.5,178,5.5
2021,8,27,15,30,95.15,0.14,3.4000000000000004,0,0,0,0,19.3,72.97,960,0,0,0,0,24.5,173,5.6000000000000005
2021,8,27,16,30,109.86,0.14,3.3000000000000003,0,0,0,0,19.3,80.9,960,0,0,0,0,22.8,171,5.7
2021,8,27,17,30,124.48,0.14,3.2,0,0,0,0,19,86.01,961,0,0,0,0,21.400000000000002,172,5.5
2021,8,27,18,30,138.87,0.14,3,0,0,0,0,18.6,88.71000000000001,962,0,0,0,0,20.5,174,5.1000000000000005
2021,8,27,19,30,152.66,0.14,2.9000000000000004,0,0,0,0,18.400000000000002,90.81,961,0,0,0,0,19.900000000000002,177,4.7
2021,8,27,20,30,164.21,0.14,2.8000000000000003,0,0,0,0,18.3,93.15,961,0,0,0,0,19.400000000000002,179,4.4
2021,8,27,21,30,165.93,0.14,2.7,0,0,0,0,18.2,94.98,961,0,0,0,0,19,183,4
2021,8,27,22,30,155.64000000000001,0.14,2.6,0,0,0,0,18.1,97.53,960,0,0,0,0,18.5,186,3.5
2021,8,27,23,30,142.12,0.14,2.6,0,0,0,0,18.1,99.10000000000001,960,0,0,0,0,18.2,188,3.1
2021,8,28,0,30,127.81,0.14,2.6,0,0,0,0,17.900000000000002,100,961,0,0,0,0,17.900000000000002,191,2.8000000000000003
2021,8,28,1,30,113.23,0.14,2.6,0,0,0,0,17.7,100,961,0,0,0,0,17.7,194,2.6
2021,8,28,2,30,98.53,0.14,2.6,0,0,0,0,17.900000000000002,99.71000000000001,962,0,0,0,0,17.900000000000002,201,2.9000000000000004
2021,8,28,3,30,83.64,0.14,2.6,38,261,67,0,17.900000000000002,90.96000000000001,962,38,261,0,67,19.400000000000002,203,4.3
2021,8,28,4,30,68.94,0.14,2.6,80,630,307,0,17.5,75.38,962,80,630,0,307,22.1,202,5.9
2021,8,28,5,30,54.17,0.14,2.7,98,784,557,0,16.6,61.53,963,98,784,0,557,24.5,202,6.6000000000000005
2021,8,28,6,30,39.45,0.14,2.7,111,857,773,0,15.9,51.76,962,111,857,0,773,26.6,203,6.800000000000001
2021,8,28,7,30,24.88,0.14,2.7,117,898,932,0,15.200000000000001,45,961,117,898,0,932,28.3,204,6.9
2021,8,28,8,30,11.19,0.14,2.8000000000000003,121,915,1019,0,14.700000000000001,40.050000000000004,960,121,915,0,1019,29.700000000000003,204,6.9
2021,8,28,9,30,8.68,0.14,2.8000000000000003,116,925,1030,0,14.3,37.2,959,116,925,0,1030,30.5,205,6.9
2021,8,28,10,30,21.67,0.14,2.9000000000000004,113,908,957,0,14,35.46,958,113,908,0,957,31,205,6.7
2021,8,28,11,30,36.160000000000004,0.14,3,107,873,812,0,13.8,35.410000000000004,957,107,873,0,812,30.900000000000002,204,6.6000000000000005
2021,8,28,12,30,50.870000000000005,0.14,3,94,816,609,0,13.9,36.96,957,94,816,0,609,30.200000000000003,201,6.4
2021,8,28,13,30,65.64,0.14,3.1,77,694,364,0,14.200000000000001,41.02,957,77,694,0,364,28.700000000000003,195,5.800000000000001
2021,8,28,14,30,80.38,0.14,3.2,46,411,115,0,15,49.89,957,46,411,0,115,26.3,183,4.800000000000001
2021,8,28,15,30,95.25,0.14,3.2,0,0,0,0,16.6,62.910000000000004,958,0,0,0,0,24.1,171,4.6000000000000005
2021,8,28,16,30,109.98,0.14,3.3000000000000003,0,0,0,0,17.7,73.88,959,0,0,0,0,22.6,167,4.800000000000001
2021,8,28,17,30,124.61,0.14,3.3000000000000003,0,0,0,0,18.400000000000002,83.28,959,0,0,0,0,21.400000000000002,168,4.800000000000001
2021,8,28,18,30,139.03,0.14,3.2,0,0,0,0,18.900000000000002,89.77,960,0,0,0,0,20.6,170,4.7
2021,8,28,19,30,152.88,0.14,3.2,0,0,0,0,19.1,94.78,960,0,0,0,0,20,174,4.5
2021,8,28,20,30,164.54,0.14,3.1,0,0,0,0,19.3,98,959,0,0,0,0,19.6,178,4.2
2021,8,28,21,30,166.22,0.14,2.9000000000000004,0,0,0,0,19.200000000000003,98.93,959,0,0,0,0,19.400000000000002,180,4.1000000000000005
2021,8,28,22,30,155.76,0.14,2.8000000000000003,0,0,0,0,19.1,99.87,959,0,0,0,0,19.1,183,4
2021,8,28,23,30,142.16,0.14,2.7,0,0,0,0,18.900000000000002,99.85000000000001,959,0,0,0,0,18.900000000000002,184,3.9000000000000004
2021,8,29,0,30,127.81,0.14,2.7,0,0,0,0,18.6,100,959,0,0,0,0,18.6,185,3.8000000000000003
2021,8,29,1,30,113.21000000000001,0.14,2.7,0,0,0,0,18.400000000000002,100,959,0,0,0,0,18.400000000000002,187,3.7
2021,8,29,2,30,98.49000000000001,0.14,2.7,0,0,0,0,18.400000000000002,99.39,960,0,0,0,0,18.5,190,3.8000000000000003
2021,8,29,3,30,83.58,0.14,2.8000000000000003,36,257,65,0,18.400000000000002,92.16,960,36,257,0,65,19.700000000000003,191,4.6000000000000005
2021,8,29,4,30,68.86,0.14,2.9000000000000004,83,602,300,3,18.2,79.61,961,193,43,0,209,21.900000000000002,191,5.6000000000000005
2021,8,29,5,30,54.08,0.14,3,106,751,547,1,17.6,66.15,961,106,751,0,547,24.3,192,6.1000000000000005
2021,8,29,6,30,39.33,0.14,3.2,122,825,760,0,17,55.910000000000004,961,122,825,0,760,26.5,195,6.2
2021,8,29,7,30,24.73,0.14,3.3000000000000003,132,862,916,0,16.400000000000002,48.11,960,132,862,0,916,28.400000000000002,197,6.4
2021,8,29,8,30,10.93,0.14,3.4000000000000004,141,875,1001,0,15.8,42.49,959,141,875,0,1001,29.900000000000002,199,6.6000000000000005
2021,8,29,9,30,8.47,0.14,3.5,157,853,1001,0,15.200000000000001,38.75,957,157,853,0,1001,30.900000000000002,202,6.800000000000001
2021,8,29,10,30,21.64,0.14,3.5,157,832,930,0,14.8,36.67,956,157,832,0,930,31.400000000000002,204,6.9
2021,8,29,11,30,36.18,0.14,3.5,147,791,786,0,14.600000000000001,36.39,956,147,791,0,786,31.3,205,6.800000000000001
2021,8,29,12,30,50.92,0.14,3.6,119,744,588,0,14.600000000000001,37.77,955,119,744,0,588,30.6,203,6.5
2021,8,29,13,30,65.71000000000001,0.14,3.6,97,606,346,0,14.700000000000001,41.63,955,97,606,0,346,29.1,196,5.800000000000001
2021,8,29,14,30,80.46000000000001,0.14,3.7,54,300,104,0,15.4,50.59,956,54,300,0,104,26.5,181,4.7
2021,8,29,15,30,95.34,0.14,3.7,0,0,0,0,16.8,63.31,957,0,0,0,0,24.200000000000003,167,4.3
2021,8,29,16,30,110.09,0.14,3.7,0,0,0,0,17.7,73.77,958,0,0,0,0,22.6,162,4.6000000000000005
2021,8,29,17,30,124.75,0.14,3.7,0,0,0,0,18.3,82.49,958,0,0,0,0,21.400000000000002,162,4.4
2021,8,29,18,30,139.20000000000002,0.14,3.7,0,0,0,0,18.6,88.75,959,0,0,0,0,20.5,162,4.1000000000000005
2021,8,29,19,30,153.11,0.14,3.7,0,0,0,0,18.7,93.24,959,0,0,0,0,19.8,161,3.8000000000000003
2021,8,29,20,30,164.87,0.14,3.6,0,0,0,0,18.7,96.42,958,0,0,0,0,19.3,161,3.6
2021,8,29,21,30,166.51,0.14,3.6,0,0,0,0,18.7,98.32000000000001,958,0,0,0,0,19,166,3.4000000000000004
2021,8,29,22,30,155.87,0.14,3.5,0,0,0,0,18.7,99.41,958,0,0,0,0,18.8,173,3.5
2021,8,29,23,30,142.19,0.14,3.5,0,0,0,0,18.7,99.25,958,0,0,0,0,18.8,179,3.6
2021,8,30,0,30,127.81,0.14,3.4000000000000004,0,0,0,0,18.6,99.63,958,0,0,0,0,18.7,184,3.7
2021,8,30,1,30,113.18,0.14,3.4000000000000004,0,0,0,0,18.6,100,959,0,0,0,0,18.6,189,3.7
2021,8,30,2,30,98.44,0.14,3.4000000000000004,0,0,0,0,18.5,98.39,959,0,0,0,0,18.8,193,4.1000000000000005
2021,8,30,3,30,83.52,0.14,3.3000000000000003,42,129,57,0,18.5,91.76,960,42,129,0,57,19.900000000000002,194,4.9
2021,8,30,4,30,68.79,0.14,3.3000000000000003,119,447,280,3,18.2,79.09,960,187,20,0,194,22,193,5.800000000000001
2021,8,30,5,30,53.99,0.14,3.3000000000000003,158,621,523,0,17.3,64.43,961,158,621,0,523,24.5,194,6.4
2021,8,30,6,30,39.22,0.14,3.4000000000000004,177,718,733,0,16.2,52.32,960,177,718,0,733,26.8,195,6.800000000000001
2021,8,30,7,30,24.57,0.14,3.4000000000000004,187,776,893,0,15.3,43.97,959,187,776,0,893,28.8,197,7.1000000000000005
2021,8,30,8,30,10.67,0.14,3.5,187,806,979,0,14.9,39.54,958,187,806,0,979,30.200000000000003,199,7.2
2021,8,30,9,30,8.28,0.14,3.6,149,862,1003,0,15.100000000000001,37.730000000000004,957,149,862,0,1003,31.200000000000003,201,7.1000000000000005
2021,8,30,10,30,21.63,0.14,3.7,141,851,932,0,15.5,37.61,956,141,851,0,932,31.700000000000003,201,7
2021,8,30,11,30,36.21,0.14,3.8000000000000003,132,815,789,0,15.8,38.6,956,132,815,0,789,31.6,200,6.7
2021,8,30,12,30,50.97,0.14,3.9000000000000004,159,648,567,0,16,40.84,955,159,648,0,567,30.8,197,6.4
2021,8,30,13,30,65.78,0.14,3.9000000000000004,127,491,329,0,16.1,44.9,955,127,491,0,329,29.3,191,5.800000000000001
2021,8,30,14,30,80.55,0.14,3.8000000000000003,63,196,95,0,16.5,52.9,956,63,196,0,95,26.900000000000002,178,4.9
2021,8,30,15,30,95.45,0.14,3.8000000000000003,0,0,0,0,17.3,63.800000000000004,957,0,0,0,0,24.6,165,4.6000000000000005
2021,8,30,16,30,110.21000000000001,0.14,3.7,0,0,0,0,17.7,72.72,958,0,0,0,0,22.900000000000002,161,4.800000000000001
2021,8,30,17,30,124.89,0.14,3.7,0,0,0,0,18.1,80.48,959,0,0,0,0,21.6,161,4.7
2021,8,30,18,30,139.37,0.14,3.6,0,0,0,0,18.5,87.66,959,0,0,0,0,20.6,162,4.4
2021,8,30,19,30,153.33,0.14,3.6,0,0,0,0,19,93.73,959,0,0,0,0,20,165,4.2
2021,8,30,20,30,165.20000000000002,0.14,3.5,0,0,0,0,19.3,97.24000000000001,959,0,0,0,0,19.8,169,4.1000000000000005
2021,8,30,21,30,166.8,0.14,3.4000000000000004,0,0,0,3,19.5,98.61,958,0,0,0,0,19.700000000000003,175,4.1000000000000005
2021,8,30,22,30,155.98,0.14,3.4000000000000004,0,0,0,4,19.5,98.57000000000001,958,0,0,0,0,19.700000000000003,180,4.1000000000000005
2021,8,30,23,30,142.22,0.14,3.5,0,0,0,4,19.400000000000002,98.96000000000001,958,0,0,0,0,19.6,184,4.1000000000000005
2021,8,31,0,30,127.8,0.14,3.5,0,0,0,4,19.400000000000002,99.43,959,0,0,0,0,19.5,187,3.9000000000000004
2021,8,31,1,30,113.15,0.14,3.5,0,0,0,4,19.400000000000002,100,959,0,0,0,0,19.400000000000002,188,3.6
2021,8,31,2,30,98.39,0.14,3.5,0,0,0,1,19.400000000000002,99.64,960,0,0,0,0,19.5,189,3.7
2021,8,31,3,30,83.46000000000001,0.14,3.6,42,125,56,0,19.5,92.92,960,42,125,0,56,20.700000000000003,190,4.6000000000000005
2021,8,31,4,30,68.71000000000001,0.14,3.6,117,449,280,0,19.5,81.76,961,117,449,0,280,22.8,192,5.800000000000001
2021,8,31,5,30,53.9,0.14,3.6,155,625,523,0,18.900000000000002,68.60000000000001,961,155,625,0,523,25.1,194,6.300000000000001
2021,8,31,6,30,39.1,0.14,3.6,192,689,727,0,18,57.04,961,192,689,0,727,27.200000000000003,195,6.6000000000000005
2021,8,31,7,30,24.43,0.14,3.7,213,732,879,0,17,48.52,960,213,732,0,879,28.900000000000002,197,6.7
2021,8,31,8,30,10.42,0.14,3.7,229,748,965,0,16.3,43.04,959,229,748,0,965,30.200000000000003,199,6.7
2021,8,31,9,30,8.09,0.14,3.8000000000000003,205,783,981,0,15.9,40.22,959,205,783,0,981,31,200,6.7
2021,8,31,10,30,21.62,0.14,3.9000000000000004,208,750,905,0,15.9,39.25,958,208,750,0,905,31.400000000000002,199,6.5
2021,8,31,11,30,36.25,0.14,4,204,686,757,0,16,40.58,957,204,686,0,757,31,197,6.300000000000001
2021,8,31,12,30,51.03,0.14,4.1000000000000005,184,593,557,3,16.3,43.74,957,263,7,0,267,30,192,6.1000000000000005
2021,8,31,13,30,65.85,0.14,4.3,139,448,322,3,16.8,49.480000000000004,957,65,0,0,65,28.400000000000002,184,5.6000000000000005
2021,8,31,14,30,80.64,0.14,4.3,62,185,92,3,17.6,58.6,958,23,0,7,23,26.400000000000002,174,4.9
2021,8,31,15,30,95.55,0.14,4.3,0,0,0,0,18.7,70.21000000000001,958,0,0,0,0,24.5,164,4.5
2021,8,31,16,30,110.33,0.14,4.3,0,0,0,0,19.5,79.97,959,0,0,0,0,23.1,160,4.5
2021,8,31,17,30,125.03,0.14,4.2,0,0,0,0,19.900000000000002,87.79,960,0,0,0,0,22,159,4.4
2021,8,31,18,30,139.54,0.14,4.1000000000000005,0,0,0,0,20.1,93.01,960,0,0,0,0,21.3,160,4.1000000000000005
2021,8,31,19,30,153.55,0.14,3.9000000000000004,0,0,0,0,20.3,96.41,960,0,0,0,0,20.900000000000002,164,3.9000000000000004
2021,8,31,20,30,165.53,0.14,3.7,0,0,0,7,20.400000000000002,98.2,960,0,0,0,0,20.700000000000003,171,3.9000000000000004
2021,8,31,21,30,167.08,0.14,3.5,0,0,0,7,20.3,98.75,960,0,0,0,0,20.5,179,4.1000000000000005
2021,8,31,22,30,156.08,0.14,3.3000000000000003,0,0,0,7,20.1,98.63,959,0,0,0,0,20.3,184,4.1000000000000005
2021,8,31,23,30,142.25,0.14,3.2,0,0,0,3,19.900000000000002,98.91,960,0,0,0,0,20.1,186,3.9000000000000004
2021,9,1,0,30,127.79,0.14,3.3000000000000003,0,0,0,1,19.700000000000003,98.91,960,0,0,0,0,19.900000000000002,186,3.8000000000000003
2021,9,1,1,30,113.11,0.14,3.4000000000000004,0,0,0,0,19.6,98.84,960,0,0,0,0,19.8,186,3.4000000000000004
2021,9,1,2,30,98.34,0.14,3.6,0,0,0,0,19.700000000000003,97.91,961,0,0,0,0,20,187,3
2021,9,1,3,30,83.4,0.14,3.7,44,137,60,0,19.8,93.9,961,44,137,0,60,20.8,188,3.3000000000000003
2021,9,1,4,30,68.63,0.14,3.8000000000000003,116,467,286,0,20,86.77,962,116,467,0,286,22.3,187,4.1000000000000005
2021,9,1,5,30,53.800000000000004,0.14,3.9000000000000004,154,631,527,0,20,78.9,962,154,631,0,527,23.900000000000002,187,4.4
2021,9,1,6,30,38.99,0.14,4,174,725,737,0,19.8,71.42,962,174,725,0,737,25.3,188,4.4
2021,9,1,7,30,24.28,0.14,4.1000000000000005,181,782,894,0,19.5,65.66,962,181,782,0,894,26.400000000000002,192,4.4
2021,9,1,8,30,10.17,0.14,4.1000000000000005,183,811,981,7,19.200000000000003,61.29,961,312,560,0,864,27.3,197,4.5
2021,9,1,9,30,7.91,0.14,4.2,166,836,994,7,19,58.04,960,433,317,0,746,28,202,4.5
2021,9,1,10,30,21.61,0.14,4.3,168,808,919,3,18.8,56.25,959,374,3,0,377,28.3,205,4.6000000000000005
2021,9,1,11,30,36.29,0.14,4.3,166,752,772,3,18.5,55.31,959,222,0,0,222,28.3,207,4.6000000000000005
2021,9,1,12,30,51.09,0.14,4.3,154,657,567,3,18.3,56.15,959,268,12,0,276,27.8,207,4.5
2021,9,1,13,30,65.93,0.14,4.3,125,498,328,3,18.2,58.97,959,103,0,0,103,26.900000000000002,205,3.8000000000000003
2021,9,1,14,30,80.73,0.14,4.3,61,200,93,3,18.8,67.28,959,31,0,7,31,25.3,201,2.7
2021,9,1,15,30,95.65,0.14,4.3,0,0,0,3,19.900000000000002,77.85000000000001,960,0,0,0,0,24,194,2.4000000000000004
2021,9,1,16,30,110.45,0.14,4.2,0,0,0,3,20.1,81.66,960,0,0,0,0,23.400000000000002,185,3
2021,9,1,17,30,125.16,0.14,4.1000000000000005,0,0,0,3,20.400000000000002,86.95,961,0,0,0,0,22.700000000000003,177,3.4000000000000004
2021,9,1,18,30,139.71,0.14,3.9000000000000004,0,0,0,0,20.8,93.72,961,0,0,0,0,21.900000000000002,173,3.5
2021,9,1,19,30,153.77,0.14,3.7,0,0,0,0,21.1,98.68,961,0,0,0,0,21.3,173,3.2
2021,9,1,20,30,165.86,0.14,3.6,0,0,0,0,20.900000000000002,100,960,0,0,0,0,20.900000000000002,176,2.9000000000000004
2021,9,1,21,30,167.36,0.14,3.5,0,0,0,0,20.6,100,960,0,0,0,0,20.6,181,2.8000000000000003
2021,9,1,22,30,156.17000000000002,0.14,3.4000000000000004,0,0,0,0,20.400000000000002,100,959,0,0,0,0,20.400000000000002,185,2.9000000000000004
2021,9,1,23,30,142.27,0.14,3.3000000000000003,0,0,0,0,20.3,100,960,0,0,0,0,20.3,189,2.8000000000000003
2021,9,2,0,30,127.78,0.14,3.3000000000000003,0,0,0,0,20.1,100,960,0,0,0,0,20.1,193,2.6
2021,9,2,1,30,113.08,0.14,3.4000000000000004,0,0,0,0,20.1,100,961,0,0,0,0,20.1,196,2.4000000000000004
2021,9,2,2,30,98.29,0.14,3.5,0,0,0,0,20.400000000000002,100,961,0,0,0,0,20.400000000000002,197,2.7
2021,9,2,3,30,83.33,0.14,3.6,40,198,63,0,20.700000000000003,93.99,962,40,198,0,63,21.700000000000003,195,3.7
2021,9,2,4,30,68.56,0.14,3.6,95,549,296,0,20.8,83.18,962,95,549,0,296,23.8,191,4.7
2021,9,2,5,30,53.71,0.14,3.7,121,709,541,0,20.3,70.59,962,121,709,0,541,26.1,188,5.1000000000000005
2021,9,2,6,30,38.88,0.14,3.7,123,822,762,0,19.900000000000002,60.94,962,123,822,0,762,28.1,187,5.300000000000001
2021,9,2,7,30,24.14,0.14,3.7,133,861,919,0,19.400000000000002,54.14,961,133,861,0,919,29.700000000000003,187,5.4
2021,9,2,8,30,9.93,0.14,3.7,139,878,1004,0,19.1,49.79,960,139,878,0,1004,30.8,187,5.4
2021,9,2,9,30,7.75,0.14,3.7,138,881,1011,0,18.8,46.75,959,138,881,0,1011,31.6,187,5.4
2021,9,2,10,30,21.62,0.14,3.7,136,862,938,0,18.5,45.11,958,136,862,0,938,31.900000000000002,185,5.4
2021,9,2,11,30,36.33,0.14,3.8000000000000003,129,822,791,0,18.400000000000002,45.660000000000004,958,129,822,0,791,31.5,182,5.300000000000001
2021,9,2,12,30,51.160000000000004,0.14,4,116,749,585,1,18.400000000000002,48.870000000000005,958,116,749,0,585,30.400000000000002,178,5.300000000000001
2021,9,2,13,30,66.01,0.14,4.2,95,610,342,3,19,56.13,958,82,0,0,82,28.6,174,5.2
2021,9,2,14,30,80.82000000000001,0.14,4.4,53,298,101,8,20.1,68.74,959,80,31,7,85,26.3,170,5.1000000000000005
2021,9,2,15,30,95.75,0.14,4.5,0,0,0,6,21.200000000000003,81.62,960,0,0,0,0,24.6,168,5.2
2021,9,2,16,30,110.57000000000001,0.14,4.4,0,0,0,6,21.700000000000003,90.39,961,0,0,0,0,23.400000000000002,172,5.4
2021,9,2,17,30,125.3,0.14,4.3,0,0,0,6,21.700000000000003,94.96000000000001,961,0,0,0,0,22.5,177,5.300000000000001
2021,9,2,18,30,139.87,0.14,4.2,0,0,0,8,21.400000000000002,97.19,961,0,0,0,0,21.900000000000002,182,5
2021,9,2,19,30,153.99,0.14,4.1000000000000005,0,0,0,3,21.3,98.81,961,0,0,0,0,21.5,187,4.6000000000000005
2021,9,2,20,30,166.20000000000002,0.14,4,0,0,0,3,21.1,98.99000000000001,960,0,0,0,0,21.3,189,4.4
2021,9,2,21,30,167.64000000000001,0.14,4,0,0,0,3,21,99.22,960,0,0,0,0,21.1,192,4.1000000000000005
2021,9,2,22,30,156.26,0.14,4,0,0,0,3,20.900000000000002,99.99000000000001,960,0,0,0,0,20.900000000000002,194,3.8000000000000003
2021,9,2,23,30,142.29,0.14,4,0,0,0,3,20.8,100,960,0,0,0,0,20.8,197,3.6
2021,9,3,0,30,127.76,0.16,4,0,0,0,1,20.700000000000003,100,960,0,0,0,0,20.700000000000003,199,3.4000000000000004
2021,9,3,1,30,113.04,0.16,4,0,0,0,0,20.6,100,960,0,0,0,0,20.6,201,3.3000000000000003
2021,9,3,2,30,98.24000000000001,0.16,3.9000000000000004,0,0,0,0,20.6,99.3,961,0,0,0,0,20.700000000000003,202,3.5
2021,9,3,3,30,83.27,0.16,3.8000000000000003,39,252,68,3,20.6,93.79,961,48,1,7,48,21.6,202,4.6000000000000005
2021,9,3,4,30,68.48,0.16,3.8000000000000003,82,610,306,3,20.200000000000003,82.36,962,195,53,0,215,23.400000000000002,199,5.7
2021,9,3,5,30,53.620000000000005,0.16,3.8000000000000003,103,761,554,0,19.6,70.29,962,103,761,0,554,25.400000000000002,198,6.1000000000000005
2021,9,3,6,30,38.77,0.16,3.8000000000000003,115,838,768,0,19.1,61.81,962,115,838,0,768,27.1,198,6.1000000000000005
2021,9,3,7,30,24,0.16,3.8000000000000003,122,880,925,2,18.900000000000002,56.050000000000004,961,490,201,0,673,28.5,198,6.1000000000000005
2021,9,3,8,30,9.69,0.16,3.9000000000000004,126,896,1009,3,18.6,52.04,960,488,156,0,641,29.5,200,6
2021,9,3,9,30,7.6000000000000005,0.16,3.9000000000000004,113,916,1021,3,18.3,48.5,960,487,112,0,598,30.400000000000002,200,5.9
2021,9,3,10,30,21.63,0.16,4,111,899,947,3,18,46.31,959,445,46,0,488,30.8,199,5.9
2021,9,3,11,30,36.38,0.16,4,105,866,802,8,17.6,45.47,958,351,169,7,487,30.700000000000003,198,5.800000000000001
2021,9,3,12,30,51.22,0.16,4.1000000000000005,96,796,594,7,17.3,46.44,958,225,424,7,491,30,195,5.7
2021,9,3,13,30,66.09,0.16,4.1000000000000005,79,668,350,0,17.2,50.050000000000004,959,79,668,0,350,28.6,190,5.4
2021,9,3,14,30,80.91,0.16,4.1000000000000005,46,368,104,0,17.400000000000002,57.07,959,46,368,0,104,26.6,183,4.800000000000001
2021,9,3,15,30,95.86,0.16,4,0,0,0,0,18.1,66.67,960,0,0,0,0,24.700000000000003,176,4.4
2021,9,3,16,30,110.69,0.16,4,0,0,0,0,18.6,75.13,960,0,0,0,0,23.3,172,4.4
2021,9,3,17,30,125.44,0.16,3.9000000000000004,0,0,0,1,19.200000000000003,83.17,961,0,0,0,0,22.200000000000003,173,4.2
2021,9,3,18,30,140.04,0.16,3.9000000000000004,0,0,0,0,19.6,90.13,961,0,0,0,0,21.3,175,4.1000000000000005
2021,9,3,19,30,154.21,0.16,3.8000000000000003,0,0,0,0,19.900000000000002,95.78,961,0,0,0,0,20.6,179,4
2021,9,3,20,30,166.53,0.16,3.7,0,0,0,0,20,98.91,961,0,0,0,0,20.200000000000003,182,3.9000000000000004
2021,9,3,21,30,167.91,0.16,3.6,0,0,0,0,20,99.73,960,0,0,0,0,20,185,3.8000000000000003
2021,9,3,22,30,156.35,0.16,3.6,0,0,0,0,19.900000000000002,99.75,960,0,0,0,0,19.900000000000002,189,3.6
2021,9,3,23,30,142.31,0.16,3.6,0,0,0,0,19.8,99.87,960,0,0,0,0,19.8,192,3.5
2021,9,4,0,30,127.75,0.16,3.6,0,0,0,0,19.700000000000003,99.69,961,0,0,0,0,19.8,195,3.2
2021,9,4,1,30,113,0.16,3.6,0,0,0,0,19.700000000000003,100,961,0,0,0,0,19.700000000000003,197,2.8000000000000003
2021,9,4,2,30,98.18,0.16,3.6,0,0,0,0,19.8,99.18,962,0,0,0,0,19.900000000000002,200,2.8000000000000003
2021,9,4,3,30,83.2,0.16,3.6,35,330,74,0,19.8,91.94,962,35,330,0,74,21.200000000000003,201,3.9000000000000004
2021,9,4,4,30,68.4,0.16,3.7,66,682,317,1,19.700000000000003,79.55,963,66,682,0,317,23.400000000000002,200,5.2
2021,9,4,5,30,53.53,0.16,3.7,81,819,568,0,19.200000000000003,67.24,963,81,819,0,568,25.700000000000003,199,5.6000000000000005
2021,9,4,6,30,38.660000000000004,0.16,3.8000000000000003,104,860,775,0,18.8,58.79,963,104,860,0,775,27.6,199,5.800000000000001
2021,9,4,7,30,23.86,0.16,3.9000000000000004,112,894,930,3,18.6,52.63,962,455,139,0,582,29.3,199,6
2021,9,4,8,30,9.46,0.16,4,118,907,1013,3,18.5,48.74,961,484,156,0,638,30.5,199,6.1000000000000005
2021,9,4,9,30,7.47,0.16,4,124,900,1017,2,18.3,45.93,960,519,281,0,797,31.3,197,6.2
2021,9,4,10,30,21.64,0.16,4.1000000000000005,119,886,943,2,18.2,45.64,959,488,258,0,728,31.3,195,6.4
2021,9,4,11,30,36.43,0.16,4.1000000000000005,110,856,799,2,18.400000000000002,48.39,958,409,113,0,500,30.5,191,6.5
2021,9,4,12,30,51.29,0.16,4.2,98,792,593,1,18.8,53.35,958,98,792,0,593,29.3,187,6.5
2021,9,4,13,30,66.17,0.16,4.2,78,670,349,3,19.200000000000003,60.2,958,45,0,0,45,27.6,183,6.2
2021,9,4,14,30,81,0.16,4.2,45,375,104,2,19.400000000000002,68.33,959,22,0,0,22,25.700000000000003,179,5.5
2021,9,4,15,30,95.97,0.16,4,0,0,0,0,19.700000000000003,76.57000000000001,960,0,0,0,0,24.1,174,4.800000000000001
2021,9,4,16,30,110.81,0.16,3.9000000000000004,0,0,0,0,19.900000000000002,82.64,961,0,0,0,0,23,171,4.6000000000000005
2021,9,4,17,30,125.58,0.16,3.6,0,0,0,0,19.900000000000002,87.91,962,0,0,0,0,22,169,4.5
2021,9,4,18,30,140.21,0.16,3.4000000000000004,0,0,0,0,19.900000000000002,92.72,962,0,0,0,0,21.1,171,4.2
2021,9,4,19,30,154.43,0.16,3.1,0,0,0,0,19.900000000000002,96.89,962,0,0,1,0,20.400000000000002,176,3.9000000000000004
2021,9,4,20,30,166.87,0.16,3,0,0,0,0,19.900000000000002,99.28,961,0,0,1,0,20,181,3.5
2021,9,4,21,30,168.18,0.16,3,0,0,0,0,19.8,99.65,961,0,0,1,0,19.900000000000002,185,3.4000000000000004
2021,9,4,22,30,156.43,0.16,3.1,0,0,0,0,19.8,99.67,961,0,0,1,0,19.900000000000002,188,3.4000000000000004
2021,9,4,23,30,142.32,0.16,3.1,0,0,0,0,19.900000000000002,99.88,961,0,0,1,0,19.900000000000002,189,3.4000000000000004
2021,9,5,0,30,127.72,0.16,3.2,0,0,0,0,19.8,100,961,0,0,0,0,19.8,190,3.2
2021,9,5,1,30,112.96000000000001,0.16,3.2,0,0,0,0,19.700000000000003,100,962,0,0,0,0,19.700000000000003,191,3
2021,9,5,2,30,98.13,0.16,3.3000000000000003,0,0,0,0,19.8,99.60000000000001,962,0,0,0,0,19.900000000000002,193,3.1
2021,9,5,3,30,83.14,0.16,3.3000000000000003,35,342,75,0,19.900000000000002,92.38,963,35,342,0,75,21.200000000000003,193,4.2
2021,9,5,4,30,68.32000000000001,0.16,3.4000000000000004,66,687,320,0,19.900000000000002,80.59,964,66,687,0,320,23.400000000000002,191,5.300000000000001
2021,9,5,5,30,53.44,0.16,3.4000000000000004,82,822,571,0,19.3,67.61,964,82,822,0,571,25.700000000000003,191,5.800000000000001
2021,9,5,6,30,38.56,0.16,3.5,91,887,785,0,18.8,58.65,963,91,887,0,785,27.6,192,6
2021,9,5,7,30,23.73,0.16,3.5,98,921,941,0,18.5,52.13,962,98,921,0,941,29.3,195,6.1000000000000005
2021,9,5,8,30,9.24,0.16,3.6,102,935,1025,0,18.3,47.550000000000004,961,102,935,0,1025,30.700000000000003,196,6.300000000000001
2021,9,5,9,30,7.36,0.16,3.6,138,886,1017,0,18,44.74,960,138,886,0,1017,31.5,197,6.300000000000001
2021,9,5,10,30,21.67,0.16,3.7,132,872,942,0,17.8,43.660000000000004,959,132,872,0,942,31.700000000000003,197,6.2
2021,9,5,11,30,36.49,0.16,3.8000000000000003,123,834,794,0,17.7,44.15,959,123,834,0,794,31.3,196,6.1000000000000005
2021,9,5,12,30,51.370000000000005,0.16,3.8000000000000003,103,783,592,3,17.6,46.5,958,313,60,0,351,30.3,192,5.800000000000001
2021,9,5,13,30,66.25,0.16,3.9000000000000004,83,653,346,0,17.7,51.39,959,83,653,0,346,28.700000000000003,184,5.5
2021,9,5,14,30,81.10000000000001,0.16,4,47,342,100,3,18.2,59.120000000000005,960,18,0,0,18,26.8,175,5.1000000000000005
2021,9,5,15,30,96.07000000000001,0.16,4,0,0,0,3,18.8,68.60000000000001,961,0,0,0,0,25,167,5
2021,9,5,16,30,110.93,0.16,3.9000000000000004,0,0,0,0,19.3,77.23,962,0,0,0,0,23.5,165,5.1000000000000005
2021,9,5,17,30,125.72,0.16,3.9000000000000004,0,0,0,0,19.6,84.68,962,0,0,0,0,22.3,167,5
2021,9,5,18,30,140.37,0.16,3.8000000000000003,0,0,0,0,19.8,90.74,963,0,0,0,0,21.400000000000002,170,4.6000000000000005
2021,9,5,19,30,154.65,0.16,3.7,0,0,0,0,20.1,95.5,963,0,0,0,0,20.8,173,4.1000000000000005
2021,9,5,20,30,167.20000000000002,0.16,3.6,0,0,0,0,20.200000000000003,98.09,962,0,0,0,0,20.5,177,3.8000000000000003
2021,9,5,21,30,168.44,0.16,3.6,0,0,0,0,20.200000000000003,98.65,962,0,0,0,0,20.400000000000002,181,3.7
2021,9,5,22,30,156.5,0.16,3.5,0,0,0,0,20.1,98.94,961,0,0,0,0,20.3,185,3.6
2021,9,5,23,30,142.33,0.16,3.5,0,0,0,0,20.1,99.41,961,0,0,0,0,20.200000000000003,188,3.6
2021,9,6,0,30,127.7,0.16,3.5,0,0,0,0,20,99.58,962,0,0,0,0,20.1,190,3.5
2021,9,6,1,30,112.92,0.16,3.4000000000000004,0,0,0,0,19.900000000000002,100,962,0,0,0,0,19.900000000000002,193,3.2
2021,9,6,2,30,98.07000000000001,0.16,3.4000000000000004,0,0,0,0,19.900000000000002,98.64,963,0,0,0,0,20.1,196,3.3000000000000003
2021,9,6,3,30,83.07000000000001,0.16,3.5,37,297,73,0,19.900000000000002,92.17,964,37,297,0,73,21.200000000000003,199,4.4
2021,9,6,4,30,68.24,0.16,3.5,76,647,315,3,19.5,78.66,964,151,8,0,154,23.400000000000002,200,5.4
2021,9,6,5,30,53.35,0.16,3.6,95,787,564,0,18.900000000000002,66.52,964,95,787,0,564,25.6,200,5.7
2021,9,6,6,30,38.45,0.16,3.6,111,851,777,2,18.6,57.6,964,416,231,0,597,27.700000000000003,202,5.800000000000001
2021,9,6,7,30,23.6,0.16,3.7,118,888,932,0,18.400000000000002,51.26,963,118,888,0,932,29.5,203,5.9
2021,9,6,8,30,9.02,0.16,3.7,122,907,1017,0,18.2,46.800000000000004,962,122,907,0,1017,30.900000000000002,205,5.9
2021,9,6,9,30,7.26,0.16,3.7,118,914,1025,7,18,43.85,960,328,489,0,813,31.8,206,5.800000000000001
2021,9,6,10,30,21.7,0.16,3.8000000000000003,114,898,949,8,17.900000000000002,42.83,959,283,580,7,822,32.1,204,5.7
2021,9,6,11,30,36.550000000000004,0.16,3.8000000000000003,107,864,801,3,17.8,43.660000000000004,959,383,51,0,423,31.700000000000003,200,5.7
2021,9,6,12,30,51.44,0.16,3.9000000000000004,96,799,594,2,17.900000000000002,46.68,959,332,92,0,389,30.6,192,5.7
2021,9,6,13,30,66.34,0.16,3.9000000000000004,78,671,347,2,18.2,53.11,959,202,32,0,215,28.700000000000003,184,5.6000000000000005
2021,9,6,14,30,81.2,0.16,4,45,364,100,0,18.8,61.800000000000004,960,45,364,0,100,26.700000000000003,176,5.300000000000001
2021,9,6,15,30,96.18,0.16,3.9000000000000004,0,0,0,1,19.3,70.79,961,0,0,0,0,25,172,5
2021,9,6,16,30,111.05,0.16,3.9000000000000004,0,0,0,1,19.6,77.26,962,0,0,0,0,23.8,169,4.7
2021,9,6,17,30,125.86,0.16,3.8000000000000003,0,0,0,3,19.700000000000003,83.39,962,0,0,0,0,22.700000000000003,166,4.4
2021,9,6,18,30,140.54,0.16,3.8000000000000003,0,0,0,0,19.8,88.67,963,0,0,0,0,21.8,164,4.2
2021,9,6,19,30,154.86,0.16,3.7,0,0,0,0,20,93.69,963,0,0,0,0,21.1,166,4
2021,9,6,20,30,167.53,0.16,3.6,0,0,0,0,20.3,97.51,963,0,0,0,0,20.700000000000003,170,3.8000000000000003
2021,9,6,21,30,168.70000000000002,0.16,3.5,0,0,0,8,20.400000000000002,98.7,962,0,0,0,0,20.6,176,3.7
2021,9,6,22,30,156.57,0.16,3.4000000000000004,0,0,0,7,20.400000000000002,99.32000000000001,962,0,0,0,0,20.5,182,3.7
2021,9,6,23,30,142.33,0.16,3.4000000000000004,0,0,0,7,20.3,99.43,962,0,0,0,0,20.400000000000002,187,3.5
2021,9,7,0,30,127.68,0.16,3.4000000000000004,0,0,0,7,20.200000000000003,100,962,0,0,0,0,20.200000000000003,191,3.1
2021,9,7,1,30,112.88,0.16,3.4000000000000004,0,0,0,8,20.1,100,962,0,0,0,0,20.1,196,2.8000000000000003
2021,9,7,2,30,98.01,0.16,3.4000000000000004,0,0,0,8,20.200000000000003,99.62,963,0,0,0,0,20.3,200,2.8000000000000003
2021,9,7,3,30,83,0.16,3.5,36,330,76,7,20.3,92.59,963,46,5,7,46,21.6,200,4
2021,9,7,4,30,68.16,0.16,3.5,68,680,321,3,20.3,80.19,964,188,177,0,253,23.900000000000002,195,5.300000000000001
2021,9,7,5,30,53.26,0.16,3.6,85,812,571,1,19.8,68.34,964,85,812,0,571,26.1,192,5.7
2021,9,7,6,30,38.35,0.16,3.7,98,873,783,0,19.5,59.61,963,98,873,0,783,28.1,191,5.9
2021,9,7,7,30,23.47,0.16,3.7,105,910,940,0,19.3,53.36,962,105,910,0,940,29.8,191,6.1000000000000005
2021,9,7,8,30,8.82,0.16,3.8000000000000003,108,926,1023,3,19.1,49.45,961,414,5,0,419,30.900000000000002,193,6.2
2021,9,7,9,30,7.18,0.16,3.8000000000000003,107,928,1028,3,18.900000000000002,46.84,959,334,1,0,335,31.6,194,6.2
2021,9,7,10,30,21.740000000000002,0.16,3.9000000000000004,105,912,952,3,18.7,45.64,958,488,183,0,658,31.900000000000002,193,6.2
2021,9,7,11,30,36.61,0.16,3.9000000000000004,100,876,804,3,18.6,46.59,958,373,32,0,399,31.400000000000002,189,6.1000000000000005
2021,9,7,12,30,51.52,0.16,4,91,808,594,7,18.6,49.78,958,187,572,7,543,30.200000000000003,183,6
2021,9,7,13,30,66.43,0.16,4.2,76,674,346,2,18.7,55.7,959,182,17,0,189,28.400000000000002,176,5.9
2021,9,7,14,30,81.29,0.16,4.3,45,357,99,0,19,64.25,959,45,357,0,99,26.3,169,5.5
2021,9,7,15,30,96.29,0.16,4.3,0,0,0,0,19.5,73.38,961,0,0,0,0,24.6,163,5.300000000000001
2021,9,7,16,30,111.17,0.16,4.3,0,0,0,8,19.8,80.7,962,0,0,0,0,23.3,162,5.2
2021,9,7,17,30,125.99000000000001,0.16,4.3,0,0,0,1,19.900000000000002,86.09,962,0,0,0,0,22.3,163,5
2021,9,7,18,30,140.70000000000002,0.16,4.2,0,0,0,0,20,90.92,963,0,0,0,0,21.5,166,4.800000000000001
2021,9,7,19,30,155.07,0.16,4.1000000000000005,0,0,0,0,20.1,94.41,962,0,0,0,0,21,170,4.6000000000000005
2021,9,7,20,30,167.86,0.16,4,0,0,0,0,20.1,97.10000000000001,962,0,0,0,0,20.6,174,4.5
2021,9,7,21,30,168.95000000000002,0.16,3.9000000000000004,0,0,0,7,20.1,97.98,961,0,0,0,0,20.400000000000002,176,4.3
2021,9,7,22,30,156.63,0.16,3.8000000000000003,0,0,0,7,20,98.54,961,0,0,0,0,20.200000000000003,176,4.1000000000000005
2021,9,7,23,30,142.33,0.16,3.9000000000000004,0,0,0,8,19.900000000000002,98.55,961,0,0,0,0,20.1,176,3.9000000000000004
2021,9,8,0,30,127.65,0.16,3.9000000000000004,0,0,0,1,19.900000000000002,98.81,961,0,0,0,0,20.1,177,3.6
2021,9,8,1,30,112.83,0.16,4,0,0,0,0,20,99.64,962,0,0,0,0,20.1,180,3.3000000000000003
2021,9,8,2,30,97.95,0.16,4,0,0,0,0,20.1,98.96000000000001,962,0,0,0,0,20.3,185,3.3000000000000003
2021,9,8,3,30,82.93,0.16,3.9000000000000004,35,341,77,0,20.3,93.27,963,35,341,0,77,21.400000000000002,189,4.5
2021,9,8,4,30,68.09,0.16,3.9000000000000004,69,676,321,1,20.200000000000003,81.96000000000001,963,69,676,0,321,23.5,191,5.9
2021,9,8,5,30,53.17,0.16,4,85,809,570,0,19.700000000000003,69.8,963,85,809,0,570,25.6,192,6.6000000000000005
2021,9,8,6,30,38.25,0.16,4,95,876,783,0,19.400000000000002,61.160000000000004,963,95,876,0,783,27.5,194,6.800000000000001
2021,9,8,7,30,23.35,0.16,4.1000000000000005,101,911,937,0,19.1,55.28,962,101,911,0,937,29,195,6.9
2021,9,8,8,30,8.620000000000001,0.16,4.1000000000000005,106,926,1021,0,18.900000000000002,50.800000000000004,961,106,926,0,1021,30.200000000000003,195,6.9
2021,9,8,9,30,7.13,0.16,4.1000000000000005,111,920,1023,2,18.6,48.06,960,523,231,0,752,30.900000000000002,193,6.9
2021,9,8,10,30,21.78,0.16,4.1000000000000005,109,904,948,3,18.3,46.81,959,443,45,0,485,31,190,6.9
2021,9,8,11,30,36.68,0.16,4.1000000000000005,105,866,799,3,17.900000000000002,46.62,959,289,1,0,290,30.6,188,6.800000000000001
2021,9,8,12,30,51.6,0.16,4.1000000000000005,111,761,584,4,17.400000000000002,48.21,959,268,14,0,276,29.5,186,6.5
2021,9,8,13,30,66.52,0.16,4,93,613,337,3,17,51.11,959,165,9,0,169,28,182,6
2021,9,8,14,30,81.39,0.16,3.9000000000000004,51,287,94,1,16.8,56.52,960,51,287,0,94,26.1,175,5
2021,9,8,15,30,96.4,0.16,3.9000000000000004,0,0,0,3,17.3,64.82000000000001,961,0,0,0,0,24.3,168,4.5
2021,9,8,16,30,111.29,0.16,3.8000000000000003,0,0,0,3,18,73.77,962,0,0,0,0,22.900000000000002,163,4.4
2021,9,8,17,30,126.13000000000001,0.16,3.8000000000000003,0,0,0,3,18.900000000000002,83.77,963,0,0,0,0,21.8,163,4
2021,9,8,18,30,140.86,0.16,3.6,0,0,0,1,19.700000000000003,92.39,963,0,0,0,0,21,167,3.8000000000000003
2021,9,8,19,30,155.28,0.16,3.5,0,0,0,0,20.1,96.95,963,0,0,0,0,20.6,174,3.8000000000000003
2021,9,8,20,30,168.19,0.16,3.5,0,0,0,0,20.1,98.24000000000001,962,0,0,0,0,20.400000000000002,179,3.8000000000000003
2021,9,8,21,30,169.19,0.16,3.5,0,0,0,0,20.1,99.38,962,0,0,0,0,20.200000000000003,183,3.5
2021,9,8,22,30,156.69,0.16,3.5,0,0,0,0,20.1,99.47,961,0,0,0,0,20.200000000000003,186,3.2
2021,9,8,23,30,142.33,0.16,3.6,0,0,0,0,20.1,100,961,0,0,0,0,20.1,189,3.1
2021,9,9,0,30,127.62,0.14,3.6,0,0,0,0,20.1,100,961,0,0,0,0,20.1,193,2.9000000000000004
2021,9,9,1,30,112.78,0.14,3.6,0,0,0,0,20,100,962,0,0,0,0,20,197,2.6
2021,9,9,2,30,97.89,0.14,3.5,0,0,0,0,20.1,99.64,962,0,0,0,0,20.200000000000003,202,2.7
2021,9,9,3,30,82.87,0.14,3.5,40,288,76,0,20.3,93.27,963,40,288,0,76,21.400000000000002,201,3.9000000000000004
2021,9,9,4,30,68.01,0.14,3.6,78,643,318,3,20.5,82.75,964,145,7,0,148,23.6,195,5.5
2021,9,9,5,30,53.09,0.14,3.6,95,791,570,3,20.200000000000003,71.32000000000001,964,196,1,0,197,25.8,192,6.1000000000000005
2021,9,9,6,30,38.15,0.14,3.6,125,828,776,2,19.900000000000002,62.83,964,429,173,0,565,27.6,192,6.2
2021,9,9,7,30,23.23,0.14,3.7,131,871,931,2,19.700000000000003,57.75,963,450,81,0,524,28.900000000000002,193,6.300000000000001
2021,9,9,8,30,8.44,0.14,3.7,133,893,1016,2,19.6,54.050000000000004,962,520,283,0,800,29.900000000000002,194,6.300000000000001
2021,9,9,9,30,7.09,0.14,3.7,134,892,1020,3,19.5,52.32,961,482,61,0,542,30.400000000000002,194,6.300000000000001
2021,9,9,10,30,21.84,0.14,3.8000000000000003,129,877,943,8,19.5,52.410000000000004,961,218,720,7,886,30.3,194,6.2
2021,9,9,11,30,36.75,0.14,3.8000000000000003,119,843,794,1,19.3,53.02,960,119,843,0,794,29.900000000000002,192,6.1000000000000005
2021,9,9,12,30,51.69,0.14,3.9000000000000004,105,775,585,2,19.200000000000003,55.33,960,287,31,0,306,29.1,189,5.800000000000001
2021,9,9,13,30,66.62,0.14,4,86,637,339,3,19.3,60.14,960,184,17,0,191,27.700000000000003,183,5.4
2021,9,9,14,30,81.49,0.14,4.1000000000000005,47,313,94,3,19.700000000000003,69.10000000000001,961,16,0,0,16,25.8,175,4.800000000000001
2021,9,9,15,30,96.51,0.14,4.1000000000000005,0,0,0,1,20.400000000000002,79.37,962,0,0,0,0,24.200000000000003,169,4.800000000000001
2021,9,9,16,30,111.41,0.14,4.1000000000000005,0,0,0,7,20.700000000000003,86.26,962,0,0,0,0,23.1,168,4.9
2021,9,9,17,30,126.27,0.14,4,0,0,0,0,20.8,92.25,963,0,0,0,0,22.1,169,4.9
2021,9,9,18,30,141.02,0.14,3.9000000000000004,0,0,0,0,20.8,96.13,964,0,0,0,0,21.400000000000002,170,4.800000000000001
2021,9,9,19,30,155.48,0.14,3.9000000000000004,0,0,0,3,20.700000000000003,98.05,964,0,0,0,0,21,171,4.5
2021,9,9,20,30,168.52,0.14,3.8000000000000003,0,0,0,0,20.6,98.84,964,0,0,0,0,20.8,174,4.1000000000000005
2021,9,9,21,30,169.43,0.14,3.8000000000000003,0,0,0,0,20.6,98.76,963,0,0,0,0,20.8,181,3.7
2021,9,9,22,30,156.74,0.14,3.7,0,0,0,0,20.6,99.46000000000001,963,0,0,0,0,20.700000000000003,188,3.6
2021,9,9,23,30,142.32,0.14,3.6,0,0,0,0,20.5,100,963,0,0,0,0,20.5,192,3.6
2021,9,10,0,30,127.58,0.14,3.6,0,0,0,7,20.3,100,963,0,0,0,0,20.3,193,3.6
2021,9,10,1,30,112.73,0.14,3.5,0,0,0,7,20.1,100,964,0,0,0,0,20.1,196,3.5
2021,9,10,2,30,97.83,0.14,3.4000000000000004,0,0,0,3,20.1,100,964,0,0,0,0,20.1,201,3.7
2021,9,10,3,30,82.8,0.14,3.3000000000000003,37,341,80,0,20,94.22,965,37,341,0,80,21,202,4.6000000000000005
2021,9,10,4,30,67.93,0.14,3.3000000000000003,72,677,326,3,19.6,82.60000000000001,966,198,127,0,245,22.700000000000003,201,5.6000000000000005
2021,9,10,5,30,53,0.14,3.2,91,809,578,0,18.8,70.28,966,91,809,0,578,24.6,202,5.9
2021,9,10,6,30,38.06,0.14,3.3000000000000003,104,873,791,0,18.3,61.19,966,104,873,0,791,26.400000000000002,203,5.9
2021,9,10,7,30,23.12,0.14,3.3000000000000003,110,911,948,0,17.8,53.730000000000004,965,110,911,0,948,28.1,204,6.1000000000000005
2021,9,10,8,30,8.27,0.14,3.3000000000000003,111,930,1031,0,17.3,48.01,964,111,930,0,1031,29.5,204,6.300000000000001
2021,9,10,9,30,7.07,0.14,3.4000000000000004,99,945,1037,0,16.900000000000002,44.46,963,99,945,0,1037,30.400000000000002,202,6.300000000000001
2021,9,10,10,30,21.900000000000002,0.14,3.5,94,933,960,2,16.7,43.19,962,479,166,0,633,30.6,201,6.300000000000001
2021,9,10,11,30,36.83,0.14,3.5,87,904,811,1,16.6,43.42,961,87,904,0,811,30.400000000000002,199,6.300000000000001
2021,9,10,12,30,51.77,0.14,3.5,79,841,600,3,16.5,45.06,961,274,23,0,288,29.700000000000003,197,6.1000000000000005
2021,9,10,13,30,66.71000000000001,0.14,3.6,65,722,350,3,16.5,49.08,961,38,0,0,38,28.200000000000003,193,5.6000000000000005
2021,9,10,14,30,81.59,0.14,3.6,38,425,100,3,17,56.79,962,4,0,0,4,26.200000000000003,187,4.9
2021,9,10,15,30,96.62,0.14,3.5,0,0,0,3,17.8,66.79,962,0,0,0,0,24.400000000000002,179,4.7
2021,9,10,16,30,111.53,0.14,3.5,0,0,0,3,18.400000000000002,75.38,963,0,0,0,0,23,173,4.800000000000001
2021,9,10,17,30,126.4,0.14,3.4000000000000004,0,0,0,3,18.900000000000002,83.29,964,0,0,0,0,21.900000000000002,172,4.5
2021,9,10,18,30,141.18,0.14,3.2,0,0,0,0,19.3,89.49,964,0,0,0,0,21.1,179,4.1000000000000005
2021,9,10,19,30,155.69,0.14,3,0,0,0,0,19.5,94.27,964,0,0,0,0,20.5,189,3.7
2021,9,10,20,30,168.85,0.14,3,0,0,0,0,19.700000000000003,98.15,963,0,0,0,0,20,194,3.5
2021,9,10,21,30,169.66,0.14,3,0,0,0,0,19.8,99.96000000000001,963,0,0,0,0,19.8,196,3.5
2021,9,10,22,30,156.78,0.14,3,0,0,0,0,19.8,100,963,0,0,0,0,19.8,201,3.6
2021,9,10,23,30,142.31,0.14,3,0,0,0,3,19.8,99.93,963,0,0,0,0,19.8,205,3.6
2021,9,11,0,30,127.55,0.14,3,0,0,0,0,19.700000000000003,100,963,0,0,0,0,19.700000000000003,210,3.3000000000000003
2021,9,11,1,30,112.68,0.14,3.1,0,0,0,0,19.6,100,964,0,0,0,0,19.6,216,3
2021,9,11,2,30,97.77,0.14,3.2,0,0,0,3,19.700000000000003,99.33,964,0,0,0,0,19.8,221,3
2021,9,11,3,30,82.73,0.14,3.3000000000000003,39,325,80,0,19.700000000000003,93.51,965,39,325,0,80,20.8,221,4.2
2021,9,11,4,30,67.85,0.14,3.3000000000000003,75,667,326,3,19.5,81.9,965,160,10,0,163,22.8,215,5.7
2021,9,11,5,30,52.910000000000004,0.14,3.4000000000000004,93,803,577,0,19.200000000000003,69.81,965,93,803,0,577,25.1,211,6.300000000000001
2021,9,11,6,30,37.96,0.14,3.4000000000000004,97,885,794,0,19.200000000000003,61.53,965,97,885,0,794,27.200000000000003,208,6.7
2021,9,11,7,30,23.02,0.14,3.4000000000000004,102,923,951,0,19.200000000000003,55.97,964,102,923,0,951,28.900000000000002,206,6.9
2021,9,11,8,30,8.120000000000001,0.14,3.4000000000000004,104,939,1034,0,19.3,51.99,963,104,939,0,1034,30.200000000000003,204,7
2021,9,11,9,30,7.08,0.14,3.5,98,947,1037,0,19.200000000000003,49.39,962,98,947,0,1037,31,203,6.9
2021,9,11,10,30,21.96,0.14,3.5,96,932,960,0,19,48.24,961,96,932,0,960,31.200000000000003,201,6.800000000000001
2021,9,11,11,30,36.910000000000004,0.14,3.6,91,896,808,0,18.7,48.36,960,91,896,0,808,30.900000000000002,199,6.7
2021,9,11,12,30,51.86,0.14,3.7,84,828,595,1,18.6,50.620000000000005,960,84,828,0,595,29.900000000000002,194,6.6000000000000005
2021,9,11,13,30,66.81,0.14,3.8000000000000003,71,695,345,2,18.5,55.84,960,184,20,0,192,28.200000000000003,189,6.2
2021,9,11,14,30,81.7,0.14,3.9000000000000004,42,364,95,1,19.1,65.2,961,42,364,0,95,26.1,182,5.6000000000000005
2021,9,11,15,30,96.73,0.14,4,0,0,0,3,20,77.04,961,0,0,0,0,24.3,178,5.1000000000000005
2021,9,11,16,30,111.65,0.14,4,0,0,0,0,20.8,87.03,962,0,0,0,0,23.1,178,4.9
2021,9,11,17,30,126.54,0.14,4,0,0,0,0,21.3,94.02,963,0,0,0,0,22.3,181,4.7
2021,9,11,18,30,141.33,0.14,4,0,0,0,0,21.400000000000002,97.84,964,0,0,0,0,21.8,185,4.5
2021,9,11,19,30,155.89000000000001,0.14,4.1000000000000005,0,0,0,0,21.400000000000002,99.43,964,0,0,0,0,21.5,191,4.3
2021,9,11,20,30,169.17000000000002,0.14,4.1000000000000005,0,0,0,3,21.3,99.41,963,0,0,0,0,21.400000000000002,198,4.2
2021,9,11,21,30,169.88,0.14,4.1000000000000005,0,0,0,3,21.200000000000003,99.62,963,0,0,0,0,21.3,202,4.1000000000000005
2021,9,11,22,30,156.82,0.14,4.1000000000000005,0,0,0,1,21.1,100,962,0,0,0,0,21.1,205,4.1000000000000005
2021,9,11,23,30,142.3,0.14,4,0,0,0,0,21,100,962,0,0,0,0,21,205,4.2
2021,9,12,0,30,127.51,0.14,4,0,0,0,3,20.900000000000002,100,962,0,0,0,0,20.900000000000002,203,4.4
2021,9,12,1,30,112.63,0.14,3.9000000000000004,0,0,0,4,20.8,100,963,0,0,0,0,20.8,202,4.3
2021,9,12,2,30,97.71000000000001,0.14,3.9000000000000004,0,0,0,3,20.8,100,963,0,0,0,0,20.8,202,4.1000000000000005
2021,9,12,3,30,82.66,0.14,3.9000000000000004,36,368,83,7,20.900000000000002,95.72,964,6,0,7,6,21.6,200,4.800000000000001
2021,9,12,4,30,67.78,0.14,4,68,688,328,8,20.8,86.13,964,9,0,0,9,23.3,195,6
2021,9,12,5,30,52.83,0.14,4,85,813,577,8,20.6,76.62,965,182,8,0,187,25,192,6.6000000000000005
2021,9,12,6,30,37.87,0.14,4.1000000000000005,96,877,788,7,20.400000000000002,69.72,964,291,19,0,306,26.400000000000002,192,6.6000000000000005
2021,9,12,7,30,22.91,0.14,4.2,104,909,941,7,20.400000000000002,64.88,964,409,36,0,442,27.6,193,6.7
2021,9,12,8,30,7.98,0.14,4.2,108,924,1023,8,20.5,62.29,963,449,60,0,508,28.400000000000002,194,6.7
2021,9,12,9,30,7.11,0.14,4.3,113,916,1022,7,20.6,61.09,961,400,36,0,436,28.8,194,6.7
2021,9,12,10,30,22.04,0.14,4.3,108,903,946,7,20.5,61.230000000000004,961,445,133,0,568,28.700000000000003,192,6.6000000000000005
2021,9,12,11,30,37,0.14,4.4,100,870,795,8,20.3,61.9,960,351,147,0,468,28.3,190,6.5
2021,9,12,12,30,51.96,0.14,4.5,88,808,586,7,20.200000000000003,65.11,960,266,240,0,414,27.3,187,6.2
2021,9,12,13,30,66.91,0.14,4.5,73,677,338,8,20.200000000000003,71,960,138,29,0,150,25.900000000000002,183,5.6000000000000005
2021,9,12,14,30,81.8,0.14,4.5,42,352,92,5,20.6,80.43,961,14,0,0,14,24.200000000000003,178,4.800000000000001
2021,9,12,15,30,96.85000000000001,0.14,4.5,0,0,0,4,21,89.02,961,0,0,0,0,22.900000000000002,177,4.5
2021,9,12,16,30,111.78,0.14,4.4,0,0,0,4,21.1,94.15,962,0,0,0,0,22.1,179,4.5
2021,9,12,17,30,126.67,0.14,4.3,0,0,0,4,21.1,97.63,962,0,0,0,0,21.5,180,4.6000000000000005
2021,9,12,18,30,141.49,0.14,4.2,0,0,0,5,20.900000000000002,99.67,963,0,0,0,0,21,182,4.6000000000000005
2021,9,12,19,30,156.08,0.14,4.1000000000000005,0,0,0,7,20.6,99.62,963,0,0,0,0,20.700000000000003,186,4.6000000000000005
2021,9,12,20,30,169.49,0.14,4,0,0,0,4,20.3,99.60000000000001,963,0,0,0,0,20.400000000000002,189,4.4
2021,9,12,21,30,170.08,0.14,4,0,0,0,4,20.1,100,962,0,0,0,0,20.1,192,4
2021,9,12,22,30,156.85,0.14,4,0,0,0,4,19.900000000000002,100,962,0,0,0,0,19.900000000000002,194,3.8000000000000003
2021,9,12,23,30,142.28,0.14,4.1000000000000005,0,0,0,4,19.900000000000002,99.97,962,0,0,0,0,19.900000000000002,197,3.5
2021,9,13,0,30,127.47,0.14,4.1000000000000005,0,0,0,4,19.900000000000002,100,962,0,0,0,0,19.900000000000002,199,3.2
2021,9,13,1,30,112.57000000000001,0.14,4.2,0,0,0,4,19.8,100,962,0,0,0,0,19.8,202,3
2021,9,13,2,30,97.65,0.14,4.2,0,0,0,4,20,99.8,963,0,0,0,0,20,204,3.2
2021,9,13,3,30,82.59,0.14,4.2,42,291,79,3,20,94.28,963,55,2,7,56,21,204,4.3
2021,9,13,4,30,67.7,0.14,4.2,81,633,321,3,19.900000000000002,83.65,963,201,60,0,224,22.8,202,5.7
2021,9,13,5,30,52.75,0.14,4.2,103,770,569,0,19.400000000000002,72.32000000000001,964,103,770,0,569,24.700000000000003,201,6.2
2021,9,13,6,30,37.79,0.14,4.2,116,842,781,3,19.1,63.6,964,422,148,0,539,26.6,203,6.300000000000001
2021,9,13,7,30,22.82,0.14,4.2,124,879,935,3,18.900000000000002,57.18,963,467,146,0,601,28.200000000000003,204,6.4
2021,9,13,8,30,7.86,0.14,4.2,130,893,1015,3,18.7,52.63,962,483,99,0,582,29.400000000000002,205,6.4
2021,9,13,9,30,7.16,0.14,4.2,131,893,1017,2,18.400000000000002,49.64,961,521,196,0,715,30.1,206,6.4
2021,9,13,10,30,22.12,0.14,4.2,131,871,938,3,18.2,48.120000000000005,960,463,136,0,589,30.400000000000002,206,6.4
2021,9,13,11,30,37.09,0.14,4.1000000000000005,125,830,787,3,18,48.4,959,368,26,0,389,30.1,204,6.300000000000001
2021,9,13,12,30,52.050000000000004,0.14,4.1000000000000005,114,751,576,3,17.8,50.72,958,333,98,0,393,29.1,202,6
2021,9,13,13,30,67.01,0.14,4.1000000000000005,92,604,328,3,17.7,55.31,959,145,4,0,146,27.5,195,5.300000000000001
2021,9,13,14,30,81.91,0.14,4,49,266,86,2,18.1,63.300000000000004,959,8,0,0,8,25.6,185,4.6000000000000005
2021,9,13,15,30,96.96000000000001,0.14,4,0,0,0,0,18.6,72.9,960,0,0,0,0,23.8,175,4.4
2021,9,13,16,30,111.9,0.14,3.9000000000000004,0,0,0,0,18.900000000000002,80.19,961,0,0,0,0,22.5,170,4.5
2021,9,13,17,30,126.8,0.14,3.8000000000000003,0,0,0,1,19.1,87.22,962,0,0,0,0,21.3,168,4.3
2021,9,13,18,30,141.64000000000001,0.14,3.7,0,0,0,1,19.1,91.65,962,0,0,0,0,20.5,170,3.9000000000000004
2021,9,13,19,30,156.27,0.14,3.5,0,0,0,0,19.1,95.49,962,0,0,0,0,19.8,176,3.4000000000000004
2021,9,13,20,30,169.81,0.14,3.3000000000000003,0,0,0,0,19,98.42,962,0,0,0,0,19.3,184,3
2021,9,13,21,30,170.28,0.14,3.2,0,0,0,0,18.900000000000002,100,961,0,0,0,0,18.900000000000002,191,2.8000000000000003
2021,9,13,22,30,156.88,0.14,3.1,0,0,0,0,18.7,100,961,0,0,0,0,18.7,197,2.7
2021,9,13,23,30,142.25,0.14,3.1,0,0,0,0,18.7,100,961,0,0,0,0,18.7,203,2.7
2021,9,14,0,30,127.42,0.14,3.1,0,0,0,0,18.8,100,961,0,0,0,0,18.8,209,2.7
2021,9,14,1,30,112.52,0.14,3.1,0,0,0,0,18.7,100,962,0,0,0,0,18.7,214,2.7
2021,9,14,2,30,97.58,0.14,3.2,0,0,0,0,19,100,963,0,0,0,0,19,218,3.2
2021,9,14,3,30,82.52,0.14,3.3000000000000003,48,231,78,0,19.200000000000003,93.02,963,48,231,0,78,20.400000000000002,219,4.3
2021,9,14,4,30,67.62,0.14,3.3000000000000003,97,585,320,0,19.6,82.59,963,97,585,0,320,22.700000000000003,214,5.6000000000000005
2021,9,14,5,30,52.67,0.14,3.4000000000000004,119,743,570,0,19.5,71.21000000000001,964,119,743,0,570,25.1,211,6.1000000000000005
2021,9,14,6,30,37.7,0.14,3.5,132,821,782,0,19.5,63.21,963,132,821,0,782,27.1,209,6.1000000000000005
2021,9,14,7,30,22.73,0.14,3.6,136,869,938,3,19.5,57.39,962,497,179,0,661,28.8,208,6.2
2021,9,14,8,30,7.75,0.14,3.7,137,890,1019,3,19.6,53.4,961,499,118,0,616,30.1,207,6.1000000000000005
2021,9,14,9,30,7.23,0.14,3.8000000000000003,136,891,1020,3,19.5,50.29,960,482,59,0,540,31.1,207,6
2021,9,14,10,30,22.2,0.14,3.9000000000000004,132,874,941,3,19.400000000000002,49.04,959,417,13,0,429,31.400000000000002,208,5.9
2021,9,14,11,30,37.18,0.14,4,124,834,788,3,19.400000000000002,49.44,958,397,98,0,475,31.200000000000003,207,5.800000000000001
2021,9,14,12,30,52.15,0.14,4.1000000000000005,153,660,558,1,19.400000000000002,52.57,958,153,660,0,558,30.200000000000003,201,5.6000000000000005
2021,9,14,13,30,67.11,0.14,4.2,124,482,311,0,19.700000000000003,59.24,958,124,482,0,311,28.400000000000002,190,5.300000000000001
2021,9,14,14,30,82.01,0.14,4.3,57,140,77,1,20.400000000000002,69.99,959,57,140,0,77,26.3,177,5
2021,9,14,15,30,97.07000000000001,0.14,4.3,0,0,0,0,21,80.45,960,0,0,0,0,24.6,168,5.300000000000001
2021,9,14,16,30,112.02,0.14,4.4,0,0,0,7,21.1,87.10000000000001,961,0,0,0,0,23.400000000000002,165,5.300000000000001
2021,9,14,17,30,126.93,0.14,4.3,0,0,0,7,21.1,92.28,962,0,0,0,0,22.400000000000002,168,4.7
2021,9,14,18,30,141.79,0.14,4.2,0,0,0,7,21,95.60000000000001,962,0,0,0,0,21.700000000000003,173,4.2
2021,9,14,19,30,156.46,0.14,4.2,0,0,0,7,20.900000000000002,97.33,962,0,0,0,0,21.3,177,3.8000000000000003
2021,9,14,20,30,170.12,0.14,4.1000000000000005,0,0,0,8,20.8,99.42,961,0,0,0,0,20.900000000000002,181,3.6
2021,9,14,21,30,170.47,0.14,4,0,0,0,8,20.700000000000003,100,961,0,0,0,0,20.700000000000003,185,3.5
2021,9,14,22,30,156.89000000000001,0.14,3.9000000000000004,0,0,0,7,20.6,100,961,0,0,0,0,20.6,188,3.4000000000000004
2021,9,14,23,30,142.23,0.14,3.8000000000000003,0,0,0,7,20.5,100,961,0,0,0,0,20.5,193,3.4000000000000004
2021,9,15,0,30,127.38000000000001,0.14,3.6,0,0,0,7,20.400000000000002,100,961,0,0,0,0,20.400000000000002,199,3.6
2021,9,15,1,30,112.46000000000001,0.14,3.5,0,0,0,8,20.400000000000002,100,961,0,0,0,0,20.400000000000002,204,3.7
2021,9,15,2,30,97.52,0.14,3.4000000000000004,0,0,0,3,20.5,99.96000000000001,962,0,0,0,0,20.5,207,3.8000000000000003
2021,9,15,3,30,82.45,0.14,3.4000000000000004,48,230,79,3,20.5,94.13,962,56,2,7,57,21.5,208,4.6000000000000005
2021,9,15,4,30,67.55,0.14,3.4000000000000004,99,579,320,3,20.5,83.17,963,183,17,0,190,23.5,207,5.6000000000000005
2021,9,15,5,30,52.59,0.14,3.4000000000000004,123,737,570,1,20.1,71.37,963,123,737,0,570,25.700000000000003,206,6.1000000000000005
2021,9,15,6,30,37.62,0.14,3.5,136,817,783,0,19.8,61.870000000000005,963,136,817,0,783,27.8,206,6.2
2021,9,15,7,30,22.64,0.14,3.6,144,859,937,0,19.6,55.38,962,144,859,0,937,29.5,205,6.1000000000000005
2021,9,15,8,30,7.67,0.14,3.7,148,877,1017,0,19.5,51.410000000000004,961,148,877,0,1017,30.700000000000003,204,6
2021,9,15,9,30,7.32,0.14,3.9000000000000004,130,899,1022,0,19.400000000000002,48.64,960,130,899,0,1022,31.5,204,5.800000000000001
2021,9,15,10,30,22.3,0.14,4,124,884,942,0,19.1,46.97,959,124,884,0,942,31.8,203,5.6000000000000005
2021,9,15,11,30,37.28,0.14,4.1000000000000005,114,849,790,0,18.8,47.69,958,114,849,0,790,31.200000000000003,199,5.300000000000001
2021,9,15,12,30,52.25,0.14,4.2,118,740,571,1,18.7,50.56,958,118,740,0,571,30.1,190,4.9
2021,9,15,13,30,67.21000000000001,0.14,4.3,96,584,322,0,19.1,57.26,958,96,584,0,322,28.400000000000002,178,4.4
2021,9,15,14,30,82.12,0.14,4.4,49,231,81,0,20.200000000000003,68.48,959,49,231,0,81,26.5,166,4.2
2021,9,15,15,30,97.18,0.14,4.5,0,0,0,0,21.200000000000003,79.33,960,0,0,0,0,25,158,4.3
2021,9,15,16,30,112.14,0.14,4.5,0,0,0,0,21.700000000000003,87.85000000000001,961,0,0,0,0,23.8,158,4.3
2021,9,15,17,30,127.06,0.14,4.5,0,0,0,0,21.900000000000002,93.9,961,0,0,0,0,22.900000000000002,162,4.1000000000000005
2021,9,15,18,30,141.93,0.14,4.4,0,0,0,0,21.8,97.11,961,0,0,0,0,22.3,166,4.1000000000000005
2021,9,15,19,30,156.65,0.14,4.3,0,0,0,0,21.700000000000003,98.72,961,0,0,0,0,21.900000000000002,169,4
2021,9,15,20,30,170.43,0.14,4.2,0,0,0,0,21.6,99.26,961,0,0,0,0,21.700000000000003,174,4
2021,9,15,21,30,170.64000000000001,0.14,4.2,0,0,0,0,21.400000000000002,98.84,960,0,0,0,0,21.6,179,4.1000000000000005
2021,9,15,22,30,156.91,0.14,4.1000000000000005,0,0,0,3,21.3,98.62,959,0,0,0,0,21.5,182,4.1000000000000005
2021,9,15,23,30,142.20000000000002,0.14,4.1000000000000005,0,0,0,1,21.200000000000003,99.46000000000001,959,0,0,0,0,21.3,184,3.8000000000000003
2021,9,16,0,30,127.33,0.14,4.1000000000000005,0,0,0,1,21.200000000000003,100,960,0,0,0,0,21.200000000000003,186,3.4000000000000004
2021,9,16,1,30,112.4,0.14,4.1000000000000005,0,0,0,0,21.200000000000003,100,960,0,0,0,0,21.200000000000003,189,3.2
2021,9,16,2,30,97.45,0.14,4.1000000000000005,0,0,0,1,21.200000000000003,99.68,961,0,0,0,0,21.3,193,3.3000000000000003
2021,9,16,3,30,82.38,0.14,4.1000000000000005,45,266,80,3,21.3,94.64,962,58,2,7,58,22.200000000000003,195,4.1000000000000005
2021,9,16,4,30,67.47,0.14,4.1000000000000005,88,612,322,3,21.200000000000003,85.26,963,98,0,0,98,23.8,195,4.800000000000001
2021,9,16,5,30,52.51,0.14,4.1000000000000005,109,760,571,3,20.8,75,963,275,26,0,291,25.6,195,5
2021,9,16,6,30,37.54,0.14,4.1000000000000005,143,797,775,3,20.6,66.73,962,310,3,0,312,27.3,196,4.9
2021,9,16,7,30,22.56,0.14,4.1000000000000005,153,840,928,3,20.400000000000002,60.65,961,424,17,0,440,28.8,199,4.9
2021,9,16,8,30,7.6000000000000005,0.14,4.1000000000000005,156,861,1009,3,20.3,55.89,960,489,93,0,582,30.1,201,4.9
2021,9,16,9,30,7.43,0.14,4.1000000000000005,183,823,1000,2,20.1,52.68,959,539,177,0,714,30.900000000000002,201,4.800000000000001
2021,9,16,10,30,22.400000000000002,0.14,4.1000000000000005,171,811,921,3,19.900000000000002,50.74,958,262,0,0,262,31.3,199,4.7
2021,9,16,11,30,37.38,0.14,4.2,155,774,770,3,19.700000000000003,49.910000000000004,957,268,1,0,269,31.400000000000002,196,4.6000000000000005
2021,9,16,12,30,52.35,0.14,4.3,134,698,560,2,19.6,51.18,957,317,60,0,354,30.8,189,4.7
2021,9,16,13,30,67.31,0.14,4.3,104,548,315,7,19.6,55.910000000000004,957,181,186,7,253,29.3,180,4.5
2021,9,16,14,30,82.22,0.14,4.4,49,212,78,3,20.3,66.2,957,26,0,7,26,27.1,170,4.4
2021,9,16,15,30,97.3,0.14,4.4,0,0,0,3,21,77.33,958,0,0,0,0,25.3,165,4.5
2021,9,16,16,30,112.25,0.14,4.3,0,0,0,0,21.3,84.8,959,0,0,0,0,24,165,4.4
2021,9,16,17,30,127.19,0.14,4.2,0,0,0,0,21.400000000000002,91.17,960,0,0,0,0,22.900000000000002,166,4
2021,9,16,18,30,142.08,0.14,4.1000000000000005,0,0,0,0,21.3,94.60000000000001,960,0,0,0,0,22.200000000000003,167,3.9000000000000004
2021,9,16,19,30,156.82,0.14,4.1000000000000005,0,0,0,0,21.200000000000003,97.07000000000001,960,0,0,0,0,21.700000000000003,169,3.8000000000000003
2021,9,16,20,30,170.73,0.14,4,0,0,0,0,21.1,98.43,960,0,0,0,0,21.400000000000002,171,3.6
2021,9,16,21,30,170.8,0.14,3.9000000000000004,0,0,0,0,21.1,99.17,959,0,0,0,0,21.200000000000003,175,3.5
2021,9,16,22,30,156.91,0.14,3.9000000000000004,0,0,0,0,21,99.33,959,0,0,0,0,21.1,179,3.5
2021,9,16,23,30,142.17000000000002,0.14,3.8000000000000003,0,0,0,0,20.900000000000002,99.65,959,0,0,0,0,21,182,3.4000000000000004
2021,9,17,0,30,127.28,0.14,3.7,0,0,0,0,20.8,100,959,0,0,0,0,20.8,185,3.3000000000000003
2021,9,17,1,30,112.34,0.14,3.5,0,0,0,0,20.6,100,959,0,0,0,0,20.6,189,3.2
2021,9,17,2,30,97.38,0.14,3.4000000000000004,0,0,0,0,20.700000000000003,99.7,960,0,0,0,0,20.700000000000003,191,3.5
2021,9,17,3,30,82.31,0.14,3.4000000000000004,48,245,80,2,20.6,94.11,960,48,245,5,80,21.6,193,4.3
2021,9,17,4,30,67.4,0.14,3.4000000000000004,95,594,323,1,20.400000000000002,82.07000000000001,961,95,594,0,323,23.6,194,5.1000000000000005
2021,9,17,5,30,52.44,0.14,3.4000000000000004,119,746,574,1,19.700000000000003,69.26,961,119,746,0,574,25.8,196,5.4
2021,9,17,6,30,37.46,0.14,3.5,133,822,786,3,19.3,59.79,960,362,17,0,376,27.8,201,5.5
2021,9,17,7,30,22.490000000000002,0.14,3.6,141,864,939,3,18.8,53.99,960,420,13,0,432,29.1,203,5.5
2021,9,17,8,30,7.55,0.14,3.6,145,882,1020,3,18.400000000000002,50.28,958,393,3,0,396,29.900000000000002,203,5.2
2021,9,17,9,30,7.5600000000000005,0.14,3.7,135,896,1023,3,18.2,48.06,957,485,149,0,632,30.400000000000002,202,4.9
2021,9,17,10,30,22.51,0.14,3.7,133,875,941,3,18,46.42,957,485,154,0,627,30.8,200,4.7
2021,9,17,11,30,37.480000000000004,0.14,3.7,127,832,787,3,17.900000000000002,45.24,956,424,125,0,523,31.1,195,4.5
2021,9,17,12,30,52.45,0.14,3.8000000000000003,107,770,576,0,17.8,46.1,956,107,770,0,576,30.700000000000003,191,4.4
2021,9,17,13,30,67.42,0.14,3.8000000000000003,85,627,326,0,17.8,49.96,956,85,627,0,326,29.3,187,4
2021,9,17,14,30,82.33,0.14,3.7,44,291,83,0,18.5,60.24,957,44,291,0,83,26.900000000000002,178,3.4000000000000004
2021,9,17,15,30,97.41,0.14,3.7,0,0,0,7,19.700000000000003,72.38,957,0,0,0,0,25,169,3.8000000000000003
2021,9,17,16,30,112.37,0.14,3.7,0,0,0,3,20.1,79.56,958,0,0,0,0,23.8,164,4.2
2021,9,17,17,30,127.32000000000001,0.14,3.6,0,0,0,8,20.5,88.55,959,0,0,0,0,22.5,162,4.1000000000000005
2021,9,17,18,30,142.22,0.14,3.6,0,0,0,3,20.700000000000003,94.67,959,0,0,0,0,21.6,161,3.9000000000000004
2021,9,17,19,30,157,0.14,3.5,0,0,0,0,20.700000000000003,98.32000000000001,959,0,0,0,0,21,163,3.6
2021,9,17,20,30,171.02,0.14,3.5,0,0,0,0,20.6,99.46000000000001,959,0,0,0,0,20.700000000000003,166,3.4000000000000004
2021,9,17,21,30,170.95000000000002,0.14,3.5,0,0,0,3,20.5,100,959,0,0,0,0,20.5,170,3.1
2021,9,17,22,30,156.91,0.14,3.5,0,0,0,3,20.5,99.87,958,0,0,0,0,20.5,176,3
2021,9,17,23,30,142.13,0.14,3.5,0,0,0,1,20.5,99.98,958,0,0,0,0,20.5,180,2.9000000000000004
2021,9,18,0,30,127.23,0.14,3.5,0,0,0,0,20.5,100,959,0,0,0,0,20.5,183,2.7
2021,9,18,1,30,112.28,0.14,3.6,0,0,0,0,20.400000000000002,100,960,0,0,0,0,20.400000000000002,187,2.4000000000000004
2021,9,18,2,30,97.32000000000001,0.14,3.5,0,0,0,0,20.6,100,960,0,0,0,0,20.6,191,2.7
2021,9,18,3,30,82.24,0.14,3.5,45,286,84,1,20.700000000000003,94.21000000000001,961,45,286,0,84,21.700000000000003,193,3.9000000000000004
2021,9,18,4,30,67.33,0.14,3.5,87,627,329,3,20.8,82.84,961,198,32,0,210,23.900000000000002,191,5.1000000000000005
2021,9,18,5,30,52.36,0.14,3.5,108,771,579,0,20.5,70.08,962,108,771,0,579,26.400000000000002,190,5.5
2021,9,18,6,30,37.39,0.14,3.5,122,844,792,0,20.1,60.22,961,122,844,0,792,28.6,193,5.5
2021,9,18,7,30,22.42,0.14,3.6,129,882,944,0,19.700000000000003,52.86,961,129,882,0,944,30.400000000000002,197,5.5
2021,9,18,8,30,7.5200000000000005,0.14,3.6,134,899,1025,0,19.200000000000003,47.35,960,134,899,0,1025,31.8,201,5.5
2021,9,18,9,30,7.71,0.14,3.7,149,876,1017,0,18.8,44.03,959,149,876,0,1017,32.6,202,5.300000000000001
2021,9,18,10,30,22.62,0.14,3.7,145,857,936,0,18.400000000000002,42.730000000000004,958,145,857,0,936,32.7,201,5.1000000000000005
2021,9,18,11,30,37.59,0.14,3.8000000000000003,138,810,780,0,18.1,43.06,957,138,810,0,780,32.2,198,4.800000000000001
2021,9,18,12,30,52.56,0.14,3.8000000000000003,123,730,567,0,17.900000000000002,44.75,957,123,730,0,567,31.3,191,4.6000000000000005
2021,9,18,13,30,67.53,0.14,3.8000000000000003,97,580,318,0,17.900000000000002,49.02,957,97,580,0,318,29.8,181,4.2
2021,9,18,14,30,82.44,0.14,3.8000000000000003,46,244,78,2,18.8,58.34,958,60,4,7,61,27.700000000000003,169,3.9000000000000004
2021,9,18,15,30,97.52,0.14,3.9000000000000004,0,0,0,3,19.8,70.4,959,0,0,0,0,25.6,159,4.3
2021,9,18,16,30,112.49000000000001,0.14,3.9000000000000004,0,0,0,0,20.400000000000002,79.53,960,0,0,0,0,24.200000000000003,156,4.6000000000000005
2021,9,18,17,30,127.44,0.14,3.9000000000000004,0,0,0,0,20.8,88.10000000000001,960,0,0,0,0,22.900000000000002,158,4.5
2021,9,18,18,30,142.36,0.14,4,0,0,0,0,21,93.88,961,0,0,0,0,22,162,4.4
2021,9,18,19,30,157.17000000000002,0.14,4,0,0,0,0,21,97.43,961,0,0,0,0,21.400000000000002,167,4.4
2021,9,18,20,30,171.31,0.14,4,0,0,0,0,20.900000000000002,99.08,960,0,0,0,0,21.1,172,4.3
2021,9,18,21,30,171.08,0.14,4,0,0,0,3,20.900000000000002,99.24000000000001,960,0,0,0,0,21,178,4.4
2021,9,18,22,30,156.9,0.14,3.9000000000000004,0,0,0,3,20.700000000000003,98.77,960,0,0,0,0,20.900000000000002,184,4.6000000000000005
2021,9,18,23,30,142.09,0.14,3.9000000000000004,0,0,0,5,20.5,99.08,960,0,0,0,0,20.700000000000003,190,4.5
2021,9,19,0,30,127.17,0.14,3.9000000000000004,0,0,0,0,20.400000000000002,99.07000000000001,960,0,0,0,0,20.6,194,4.3
2021,9,19,1,30,112.22,0.14,3.8000000000000003,0,0,0,0,20.400000000000002,99.49000000000001,961,0,0,0,0,20.5,197,4.1000000000000005
2021,9,19,2,30,97.25,0.14,3.8000000000000003,0,0,0,3,20.3,98.42,961,0,0,0,0,20.6,199,4.2
2021,9,19,3,30,82.17,0.14,3.8000000000000003,43,305,84,0,20.3,92.96000000000001,962,43,305,0,84,21.5,199,5
2021,9,19,4,30,67.26,0.14,3.8000000000000003,81,644,330,0,20,80.54,963,81,644,0,330,23.5,199,5.9
2021,9,19,5,30,52.29,0.14,3.8000000000000003,100,786,581,1,19.200000000000003,66.63,963,100,786,0,581,25.900000000000002,200,6.300000000000001
2021,9,19,6,30,37.32,0.14,3.9000000000000004,111,857,792,1,18.7,56.77,963,111,857,0,792,28.1,203,6.300000000000001
2021,9,19,7,30,22.36,0.14,3.9000000000000004,118,895,945,0,18.400000000000002,50,962,118,895,0,945,29.900000000000002,205,6.300000000000001
2021,9,19,8,30,7.5200000000000005,0.14,3.9000000000000004,122,910,1024,0,18,45.04,961,122,910,0,1024,31.3,207,6.2
2021,9,19,9,30,7.88,0.14,4,107,929,1027,3,17.7,41.97,960,482,101,0,582,32.2,207,6
2021,9,19,10,30,22.740000000000002,0.14,4,106,911,946,0,17.5,40.550000000000004,959,106,911,0,946,32.6,205,5.800000000000001
2021,9,19,11,30,37.7,0.14,4.1000000000000005,102,870,790,0,17.400000000000002,40.84,958,102,870,0,790,32.4,201,5.5
2021,9,19,12,30,52.67,0.14,4.2,108,759,568,3,17.400000000000002,42.800000000000004,958,248,7,0,253,31.6,195,5.1000000000000005
2021,9,19,13,30,67.63,0.14,4.3,87,610,319,3,17.7,47.65,958,94,0,0,94,30,186,4.6000000000000005
2021,9,19,14,30,82.55,0.14,4.4,43,262,77,2,18.6,57.35,959,60,5,7,60,27.8,174,4.3
2021,9,19,15,30,97.63,0.14,4.5,0,0,0,0,19.700000000000003,68.81,960,0,0,0,0,25.900000000000002,166,4.800000000000001
2021,9,19,16,30,112.60000000000001,0.14,4.5,0,0,0,0,20.400000000000002,78.73,960,0,0,0,0,24.3,164,5.300000000000001
2021,9,19,17,30,127.56,0.14,4.4,0,0,0,3,20.700000000000003,87.31,961,0,0,0,0,22.900000000000002,166,5.300000000000001
2021,9,19,18,30,142.49,0.14,4.4,0,0,0,0,20.6,92.24,961,0,0,0,0,21.900000000000002,169,5.2
2021,9,19,19,30,157.33,0.14,4.3,0,0,0,0,20.5,95.23,961,0,0,0,0,21.3,172,4.800000000000001
2021,9,19,20,30,171.59,0.14,4.3,0,0,0,0,20.5,97.19,961,0,0,0,0,21,174,4.6000000000000005
2021,9,19,21,30,171.19,0.14,4.3,0,0,0,0,20.5,97.75,961,0,0,0,0,20.900000000000002,177,4.6000000000000005
2021,9,19,22,30,156.89000000000001,0.14,4.3,0,0,0,0,20.6,98.54,960,0,0,0,0,20.8,180,4.6000000000000005
2021,9,19,23,30,142.04,0.14,4.3,0,0,0,0,20.5,99.06,960,0,0,0,0,20.700000000000003,183,4.7
2021,9,20,0,30,127.11,0.14,4.2,0,0,0,1,20.400000000000002,99.04,961,0,0,0,0,20.6,186,4.6000000000000005
2021,9,20,1,30,112.16,0.14,4.1000000000000005,0,0,0,4,20.3,99.35000000000001,961,0,0,0,0,20.400000000000002,188,4.4
2021,9,20,2,30,97.18,0.14,4,0,0,0,3,20.200000000000003,98.49000000000001,962,0,0,0,0,20.400000000000002,191,4.4
2021,9,20,3,30,82.10000000000001,0.14,4,47,268,84,0,20,92.53,963,47,268,0,84,21.3,191,5.1000000000000005
2021,9,20,4,30,67.19,0.14,4,92,604,326,1,19.5,79.88,963,92,604,0,326,23.200000000000003,191,5.9
2021,9,20,5,30,52.22,0.14,3.9000000000000004,113,755,576,0,18.900000000000002,66.8,963,113,755,0,576,25.5,191,6.2
2021,9,20,6,30,37.26,0.14,3.9000000000000004,138,811,783,3,18.400000000000002,57.52,963,420,113,0,510,27.5,192,6.300000000000001
2021,9,20,7,30,22.31,0.14,3.9000000000000004,147,853,936,3,17.900000000000002,50.370000000000005,962,408,9,0,417,29.3,193,6.300000000000001
2021,9,20,8,30,7.53,0.14,3.9000000000000004,153,868,1014,3,17.5,45.65,961,487,144,0,629,30.5,193,6.300000000000001
2021,9,20,9,30,8.06,0.14,3.9000000000000004,165,852,1008,3,17.1,42.81,960,483,51,0,533,31.200000000000003,193,6.300000000000001
2021,9,20,10,30,22.86,0.14,3.9000000000000004,161,831,926,3,16.8,41.550000000000004,959,344,1,0,345,31.400000000000002,193,6.300000000000001
2021,9,20,11,30,37.81,0.14,3.9000000000000004,149,789,772,3,16.6,41.45,958,349,11,0,358,31.200000000000003,191,6.2
2021,9,20,12,30,52.78,0.14,3.9000000000000004,131,708,559,3,16.5,43.69,958,210,1,0,210,30.200000000000003,187,6.1000000000000005
2021,9,20,13,30,67.74,0.14,4,101,554,311,3,16.7,48.75,959,174,13,0,179,28.5,181,5.6000000000000005
2021,9,20,14,30,82.65,0.14,4,46,215,74,3,17.3,57.25,959,24,0,7,24,26.400000000000002,172,5
2021,9,20,15,30,97.74000000000001,0.14,4,0,0,0,0,18.3,68.22,960,0,0,0,0,24.5,162,4.6000000000000005
2021,9,20,16,30,112.72,0.14,4,0,0,0,0,19,77.97,961,0,0,0,0,23.1,158,4.4
2021,9,20,17,30,127.68,0.14,3.9000000000000004,0,0,0,0,19.5,85.85000000000001,962,0,0,0,0,22,159,4.2
2021,9,20,18,30,142.62,0.14,3.7,0,0,0,0,19.700000000000003,91.43,962,0,0,0,0,21.200000000000003,161,3.9000000000000004
2021,9,20,19,30,157.49,0.14,3.5,0,0,0,0,19.900000000000002,96.09,962,0,0,0,0,20.5,167,3.6
2021,9,20,20,30,171.85,0.14,3.4000000000000004,0,0,0,0,19.900000000000002,99.14,961,0,0,0,0,20,174,3.3000000000000003
2021,9,20,21,30,171.29,0.14,3.3000000000000003,0,0,0,0,19.8,100,961,0,0,0,0,19.8,181,3
2021,9,20,22,30,156.87,0.14,3.2,0,0,0,0,19.700000000000003,100,961,0,0,0,0,19.700000000000003,186,3.1
2021,9,20,23,30,142,0.14,3.2,0,0,0,0,19.700000000000003,100,960,0,0,0,0,19.700000000000003,190,3.2
2021,9,21,0,30,127.06,0.14,3.2,0,0,0,0,19.700000000000003,100,961,0,0,0,0,19.700000000000003,193,3.2
2021,9,21,1,30,112.09,0.14,3.2,0,0,0,3,19.700000000000003,100,961,0,0,0,0,19.700000000000003,195,3.2
2021,9,21,2,30,97.12,0.14,3.2,0,0,0,0,19.8,99.65,962,0,0,0,0,19.900000000000002,195,3.4000000000000004
2021,9,21,3,30,82.03,0.14,3.3000000000000003,46,288,86,0,20,93.28,963,46,288,0,86,21.1,195,4.4
2021,9,21,4,30,67.12,0.14,3.3000000000000003,89,628,333,0,19.900000000000002,81.64,963,89,628,0,333,23.200000000000003,193,5.300000000000001
2021,9,21,5,30,52.160000000000004,0.14,3.4000000000000004,110,770,583,0,19.400000000000002,68.53,963,110,770,0,583,25.6,191,5.7
2021,9,21,6,30,37.2,0.14,3.5,123,843,795,0,19,58.94,963,123,843,0,795,27.8,190,5.7
2021,9,21,7,30,22.27,0.14,3.6,130,883,947,0,18.7,52.09,962,130,883,0,947,29.6,191,5.7
2021,9,21,8,30,7.57,0.14,3.7,133,899,1024,0,18.400000000000002,47.04,961,133,899,0,1024,31,191,5.7
2021,9,21,9,30,8.26,0.14,3.8000000000000003,139,889,1019,0,18,43.63,960,139,889,0,1019,31.900000000000002,191,5.7
2021,9,21,10,30,22.990000000000002,0.14,3.9000000000000004,140,863,934,0,17.7,42.04,959,140,863,0,934,32.2,190,5.7
2021,9,21,11,30,37.93,0.14,3.9000000000000004,134,815,777,0,17.400000000000002,42.26,958,134,815,0,777,31.8,187,5.800000000000001
2021,9,21,12,30,52.89,0.14,3.9000000000000004,124,725,561,0,17.2,44.29,958,124,725,0,561,30.700000000000003,184,5.7
2021,9,21,13,30,67.85,0.14,3.8000000000000003,100,561,311,3,17,48.480000000000004,959,108,0,0,108,29,179,5.4
2021,9,21,14,30,82.76,0.14,3.7,47,200,72,3,17.2,56.26,960,15,0,7,15,26.6,172,4.7
2021,9,21,15,30,97.85000000000001,0.14,3.6,0,0,0,3,17.7,66.26,960,0,0,0,0,24.400000000000002,165,4.1000000000000005
2021,9,21,16,30,112.83,0.14,3.4000000000000004,0,0,0,3,18,73,961,0,0,0,0,23.1,165,3.9000000000000004
2021,9,21,17,30,127.8,0.14,3.3000000000000003,0,0,0,0,18.400000000000002,79.83,962,0,0,0,0,22,168,3.7
2021,9,21,18,30,142.75,0.14,3.2,0,0,0,0,18.900000000000002,86.57000000000001,962,0,0,0,0,21.200000000000003,171,3.5
2021,9,21,19,30,157.64000000000001,0.14,3.1,0,0,0,1,19.5,93.81,962,0,0,0,0,20.5,174,3.3000000000000003
2021,9,21,20,30,172.11,0.14,3.1,0,0,0,0,19.900000000000002,98.37,961,0,0,0,0,20.200000000000003,176,2.9000000000000004
2021,9,21,21,30,171.38,0.14,3.1,0,0,0,0,20.1,100,961,0,0,0,0,20.1,180,2.6
2021,9,21,22,30,156.84,0.14,3.2,0,0,0,0,20.1,100,961,0,0,0,0,20.1,186,2.5
2021,9,21,23,30,141.95000000000002,0.14,3.3000000000000003,0,0,0,0,20.1,100,961,0,0,0,0,20.1,194,2.4000000000000004
2021,9,22,0,30,127,0.14,3.3000000000000003,0,0,0,0,20.1,100,961,0,0,0,0,20.1,201,2.4000000000000004
2021,9,22,1,30,112.03,0.14,3.4000000000000004,0,0,0,0,20.200000000000003,100,962,0,0,0,0,20.200000000000003,207,2.5
2021,9,22,2,30,97.05,0.14,3.4000000000000004,0,0,0,0,20.400000000000002,99.71000000000001,962,0,0,0,0,20.400000000000002,211,2.7
2021,9,22,3,30,81.97,0.14,3.5,50,253,85,1,20.5,94.53,963,50,253,0,85,21.400000000000002,212,3.6
2021,9,22,4,30,67.05,0.14,3.6,100,585,328,0,20.6,84.83,963,100,585,0,328,23.3,209,4.7
2021,9,22,5,30,52.09,0.14,3.6,126,734,577,8,20.1,71.33,963,226,500,0,534,25.700000000000003,205,5.2
2021,9,22,6,30,37.14,0.14,3.7,144,807,787,0,19.5,60.120000000000005,963,144,807,0,787,27.900000000000002,202,5.4
2021,9,22,7,30,22.23,0.14,3.8000000000000003,155,844,937,0,19.1,52.79,962,155,844,0,937,29.8,200,5.4
2021,9,22,8,30,7.62,0.14,3.9000000000000004,161,860,1013,0,19,48.6,961,161,860,0,1013,31.1,197,5.4
2021,9,22,9,30,8.47,0.14,4,126,905,1022,0,18.8,46.2,960,126,905,0,1022,31.8,195,5.4
2021,9,22,10,30,23.13,0.14,4,121,890,940,0,18.7,45.1,959,121,890,0,940,32.1,192,5.4
2021,9,22,11,30,38.050000000000004,0.14,4.1000000000000005,112,854,784,0,18.6,45.54,958,112,854,0,784,31.8,188,5.4
2021,9,22,12,30,53,0.14,4.1000000000000005,107,763,567,0,18.6,48.28,958,107,763,0,567,30.8,184,5.4
2021,9,22,13,30,67.96000000000001,0.14,4.2,87,610,315,0,18.8,53.88,958,87,610,0,315,29.1,180,5.2
2021,9,22,14,30,82.87,0.14,4.2,43,250,74,0,19.3,62.38,959,43,250,0,74,27.1,175,4.5
2021,9,22,15,30,97.96000000000001,0.14,4.2,0,0,0,0,20,71.98,960,0,0,0,0,25.400000000000002,170,4.2
2021,9,22,16,30,112.94,0.14,4.2,0,0,0,0,20.400000000000002,78.87,961,0,0,0,0,24.3,168,4.1000000000000005
2021,9,22,17,30,127.92,0.14,4.1000000000000005,0,0,0,3,20.700000000000003,85.14,961,0,0,0,0,23.3,169,4.1000000000000005
2021,9,22,18,30,142.88,0.14,4.1000000000000005,0,0,0,3,20.900000000000002,90.75,962,0,0,0,0,22.5,173,4
2021,9,22,19,30,157.79,0.14,4.1000000000000005,0,0,0,3,21.200000000000003,95.15,961,0,0,0,0,22,179,3.8000000000000003
2021,9,22,20,30,172.35,0.14,4.1000000000000005,0,0,0,1,21.5,98.52,961,0,0,0,0,21.700000000000003,185,3.8000000000000003
2021,9,22,21,30,171.44,0.14,4.2,0,0,0,0,21.6,99.34,961,0,0,0,0,21.700000000000003,188,3.8000000000000003
2021,9,22,22,30,156.81,0.14,4.2,0,0,0,3,21.6,99.63,960,0,0,0,0,21.700000000000003,190,3.6
2021,9,22,23,30,141.9,0.14,4.2,0,0,0,0,21.700000000000003,100,960,0,0,0,0,21.700000000000003,191,3.6
2021,9,23,0,30,126.94,0.15,4.2,0,0,0,0,21.700000000000003,100,961,0,0,0,0,21.700000000000003,192,3.8000000000000003
2021,9,23,1,30,111.96000000000001,0.15,4.1000000000000005,0,0,0,3,21.5,100,961,0,0,0,0,21.5,193,3.7
2021,9,23,2,30,96.98,0.15,4.1000000000000005,0,0,0,1,21.5,99.62,962,0,0,0,0,21.6,195,3.9000000000000004
2021,9,23,3,30,81.9,0.15,4,44,322,90,0,21.5,94.03,962,44,322,0,90,22.5,195,4.7
2021,9,23,4,30,66.99,0.15,3.9000000000000004,81,658,338,3,21.1,82.29,962,198,30,0,209,24.3,193,5.6000000000000005
2021,9,23,5,30,52.03,0.15,3.8000000000000003,99,796,589,0,20.3,69.18,963,99,796,0,589,26.400000000000002,190,5.9
2021,9,23,6,30,37.09,0.15,3.8000000000000003,114,859,800,1,19.700000000000003,59.14,962,114,859,0,800,28.400000000000002,189,6
2021,9,23,7,30,22.19,0.15,3.7,122,898,953,3,19.200000000000003,52.18,962,443,33,0,473,30.1,188,6.1000000000000005
2021,9,23,8,30,7.7,0.15,3.6,124,917,1032,3,18.7,47,960,500,120,0,619,31.400000000000002,188,6.1000000000000005
2021,9,23,9,30,8.700000000000001,0.15,3.6,132,905,1026,3,18.3,43.660000000000004,959,500,118,0,617,32.2,188,6.2
2021,9,23,10,30,23.27,0.15,3.6,132,881,941,3,17.900000000000002,42.18,958,462,94,0,548,32.4,186,6.2
2021,9,23,11,30,38.17,0.15,3.7,126,833,781,3,17.900000000000002,43.480000000000004,958,410,105,0,493,31.8,183,6.2
2021,9,23,12,30,53.120000000000005,0.15,3.8000000000000003,115,748,564,3,18,47.11,958,150,0,0,150,30.6,179,6.2
2021,9,23,13,30,68.07000000000001,0.15,3.9000000000000004,93,588,312,3,18.400000000000002,53.46,958,153,8,0,156,28.8,174,5.9
2021,9,23,14,30,82.98,0.15,4,44,226,72,3,18.900000000000002,62.83,959,54,2,7,54,26.6,170,5.300000000000001
2021,9,23,15,30,98.07000000000001,0.15,4,0,0,0,0,19.6,72.46000000000001,960,0,0,0,0,24.900000000000002,166,4.800000000000001
2021,9,23,16,30,113.05,0.15,4,0,0,0,3,20.1,80.15,961,0,0,0,0,23.700000000000003,165,4.6000000000000005
2021,9,23,17,30,128.03,0.15,4,0,0,0,1,20.3,86.53,961,0,0,0,0,22.700000000000003,166,4.5
2021,9,23,18,30,143,0.15,4,0,0,0,0,20.5,91.97,961,0,0,0,0,21.900000000000002,170,4.3
2021,9,23,19,30,157.93,0.15,3.9000000000000004,0,0,0,3,20.700000000000003,95.89,961,0,0,0,0,21.400000000000002,175,4.1000000000000005
2021,9,23,20,30,172.58,0.15,3.8000000000000003,0,0,0,4,20.8,98.09,961,0,0,0,0,21.1,180,3.9000000000000004
2021,9,23,21,30,171.49,0.15,3.7,0,0,0,3,20.700000000000003,98.62,960,0,0,0,0,20.900000000000002,184,3.7
2021,9,23,22,30,156.77,0.15,3.6,0,0,0,0,20.6,99.25,960,0,0,0,0,20.700000000000003,187,3.6
2021,9,23,23,30,141.84,0.15,3.6,0,0,0,3,20.5,99.79,960,0,0,0,0,20.5,189,3.4000000000000004
2021,9,24,0,30,126.87,0.15,3.5,0,0,0,3,20.400000000000002,100,960,0,0,0,0,20.400000000000002,192,3.2
2021,9,24,1,30,111.9,0.15,3.4000000000000004,0,0,0,1,20.200000000000003,100,961,0,0,0,0,20.200000000000003,193,3.2
2021,9,24,2,30,96.92,0.15,3.4000000000000004,0,0,0,0,20.200000000000003,99.5,962,0,0,0,0,20.3,195,3.4000000000000004
2021,9,24,3,30,81.83,0.15,3.4000000000000004,43,358,94,3,20.200000000000003,92.83,962,4,0,0,4,21.400000000000002,197,4.5
2021,9,24,4,30,66.92,0.15,3.4000000000000004,78,678,344,1,19.8,79.83,963,78,678,0,344,23.5,196,5.7
2021,9,24,5,30,51.97,0.15,3.5,98,804,593,2,19.1,66.37,963,295,337,0,502,25.8,196,6.1000000000000005
2021,9,24,6,30,37.04,0.15,3.5,111,869,805,3,18.5,56.410000000000004,963,425,244,0,620,28,197,6.4
2021,9,24,7,30,22.17,0.15,3.6,119,904,956,0,17.900000000000002,48.65,962,119,904,0,956,29.900000000000002,199,6.6000000000000005
2021,9,24,8,30,7.8,0.15,3.6,123,919,1033,2,17.3,43.300000000000004,961,532,250,0,780,31.200000000000003,201,6.800000000000001
2021,9,24,9,30,8.93,0.15,3.7,134,901,1025,2,16.7,39.69,960,535,240,0,772,32.1,201,6.800000000000001
2021,9,24,10,30,23.42,0.15,3.7,131,881,940,3,16.3,38.38,959,488,159,0,634,32.300000000000004,200,6.800000000000001
2021,9,24,11,30,38.29,0.15,3.8000000000000003,123,839,782,4,16.2,38.68,958,282,1,0,283,32,196,6.6000000000000005
2021,9,24,12,30,53.230000000000004,0.15,3.9000000000000004,116,745,562,5,16.2,41.21,958,293,46,0,321,30.900000000000002,191,6.4
2021,9,24,13,30,68.18,0.15,3.9000000000000004,93,583,310,3,16.400000000000002,46.15,959,71,0,0,71,29.200000000000003,184,5.9
2021,9,24,14,30,83.09,0.15,4,44,214,70,4,17.1,54.67,959,12,0,7,12,27,175,5.1000000000000005
2021,9,24,15,30,98.18,0.15,4,0,0,0,3,18.1,65.3,961,0,0,0,0,25.1,168,4.6000000000000005
2021,9,24,16,30,113.16,0.15,4,0,0,0,3,18.900000000000002,74.60000000000001,962,0,0,0,0,23.700000000000003,166,4.4
2021,9,24,17,30,128.14000000000001,0.15,3.9000000000000004,0,0,0,3,19.5,81.98,962,0,0,0,0,22.700000000000003,167,4.2
2021,9,24,18,30,143.11,0.15,3.8000000000000003,0,0,0,7,19.900000000000002,88.27,963,0,0,0,0,21.900000000000002,170,4
2021,9,24,19,30,158.06,0.15,3.8000000000000003,0,0,0,7,20.1,93.06,963,0,0,0,0,21.3,174,3.7
2021,9,24,20,30,172.8,0.15,3.8000000000000003,0,0,0,3,20.200000000000003,95.91,962,0,0,0,0,20.900000000000002,179,3.5
2021,9,24,21,30,171.52,0.15,3.9000000000000004,0,0,0,3,20.200000000000003,97.24000000000001,962,0,0,0,0,20.700000000000003,185,3.2
2021,9,24,22,30,156.73,0.15,4,0,0,0,3,20.200000000000003,97.86,962,0,0,0,0,20.6,193,2.9000000000000004
2021,9,24,23,30,141.78,0.15,4,0,0,0,3,20.200000000000003,98.39,962,0,0,0,0,20.5,203,2.8000000000000003
2021,9,25,0,30,126.81,0.15,4,0,0,0,4,20.200000000000003,98.75,962,0,0,0,0,20.400000000000002,211,2.8000000000000003
2021,9,25,1,30,111.83,0.15,3.9000000000000004,0,0,0,3,20.1,99.56,963,0,0,0,0,20.200000000000003,215,2.8000000000000003
2021,9,25,2,30,96.85000000000001,0.15,3.9000000000000004,0,0,0,4,20,98.89,963,0,0,0,0,20.200000000000003,217,2.9000000000000004
2021,9,25,3,30,81.77,0.15,3.9000000000000004,48,296,90,5,20,92.33,964,4,0,0,4,21.3,214,3.7
2021,9,25,4,30,66.86,0.15,3.9000000000000004,86,640,338,3,19.900000000000002,80.03,964,199,206,0,280,23.5,208,4.800000000000001
2021,9,25,5,30,51.92,0.15,3.9000000000000004,102,789,589,0,19.5,67.69,964,102,789,0,589,25.900000000000002,204,5.1000000000000005
2021,9,25,6,30,36.99,0.15,3.9000000000000004,134,825,793,7,19.200000000000003,58.33,964,232,592,0,705,28.200000000000003,203,5.300000000000001
2021,9,25,7,30,22.150000000000002,0.15,3.9000000000000004,137,873,946,0,19,51.230000000000004,963,137,873,0,946,30.200000000000003,202,5.5
2021,9,25,8,30,7.92,0.15,4,136,895,1022,0,18.7,46.32,961,136,895,0,1022,31.6,202,5.7
2021,9,25,9,30,9.18,0.15,4.1000000000000005,140,889,1017,0,18.400000000000002,43.54,960,140,889,0,1017,32.4,202,5.7
2021,9,25,10,30,23.57,0.15,4.2,135,869,932,0,18.2,42.77,959,135,869,0,932,32.5,200,5.6000000000000005
2021,9,25,11,30,38.42,0.15,4.3,127,826,774,1,18.2,43.910000000000004,959,127,826,0,774,32,196,5.5
2021,9,25,12,30,53.35,0.15,4.5,113,743,557,3,18.3,47.43,958,324,90,0,378,30.8,189,5.2
2021,9,25,13,30,68.3,0.15,4.6000000000000005,90,585,307,4,18.7,53.67,959,82,0,0,82,29,180,5
2021,9,25,14,30,83.19,0.15,4.6000000000000005,42,223,69,3,19.1,62.120000000000005,959,51,2,7,51,27,171,4.5
2021,9,25,15,30,98.29,0.15,4.6000000000000005,0,0,0,1,19.700000000000003,70.77,960,0,0,0,0,25.400000000000002,165,4.3
2021,9,25,16,30,113.27,0.15,4.6000000000000005,0,0,0,0,20,77.53,961,0,0,0,0,24.200000000000003,162,4.2
2021,9,25,17,30,128.25,0.15,4.5,0,0,0,0,20.3,84.11,962,0,0,0,0,23.1,163,4
2021,9,25,18,30,143.23,0.15,4.4,0,0,0,0,20.5,89.86,962,0,0,0,0,22.200000000000003,165,3.8000000000000003
2021,9,25,19,30,158.19,0.15,4.3,0,0,0,0,20.700000000000003,94.47,962,0,0,0,0,21.6,169,3.6
2021,9,25,20,30,173,0.15,4.2,0,0,0,0,20.900000000000002,97.36,962,0,0,0,0,21.3,173,3.4000000000000004
2021,9,25,21,30,171.53,0.15,4.2,0,0,0,0,20.900000000000002,98.38,961,0,0,0,0,21.200000000000003,178,3.5
2021,9,25,22,30,156.68,0.15,4.1000000000000005,0,0,0,0,20.900000000000002,98.87,960,0,0,0,0,21.1,182,3.4000000000000004
2021,9,25,23,30,141.72,0.15,4.1000000000000005,0,0,0,3,20.900000000000002,99.55,960,0,0,0,0,21,185,3.3000000000000003
2021,9,26,0,30,126.74000000000001,0.15,4.1000000000000005,0,0,0,1,20.900000000000002,100,960,0,0,0,0,20.900000000000002,189,3.4000000000000004
2021,9,26,1,30,111.76,0.15,4.1000000000000005,0,0,0,0,20.900000000000002,100,961,0,0,0,0,20.900000000000002,191,3.5
2021,9,26,2,30,96.78,0.15,4.1000000000000005,0,0,0,0,20.8,99.38,962,0,0,0,0,20.900000000000002,193,3.9000000000000004
2021,9,26,3,30,81.71000000000001,0.15,4.1000000000000005,39,395,96,1,20.700000000000003,92.96000000000001,963,39,395,0,96,21.900000000000002,194,5.1000000000000005
2021,9,26,4,30,66.8,0.15,4,72,695,346,1,20.200000000000003,80.07000000000001,963,72,695,0,346,23.8,195,6.2
2021,9,26,5,30,51.86,0.15,3.9000000000000004,93,813,595,3,19.200000000000003,65.98,964,335,113,0,405,26,196,6.4
2021,9,26,6,30,36.95,0.15,3.8000000000000003,108,873,806,1,18.1,54.300000000000004,963,108,873,0,806,28.200000000000003,198,6.300000000000001
2021,9,26,7,30,22.14,0.15,3.7,118,905,957,3,17.2,46.36,963,461,95,0,549,30,201,6.2
2021,9,26,8,30,8.05,0.15,3.6,124,919,1034,0,16.6,41.2,961,124,919,0,1034,31.400000000000002,203,6.1000000000000005
2021,9,26,9,30,9.43,0.15,3.6,118,926,1032,2,16.3,38.24,960,530,220,0,747,32.300000000000004,205,6
2021,9,26,10,30,23.72,0.15,3.6,114,910,947,0,16.1,36.74,959,114,910,0,947,32.800000000000004,206,5.800000000000001
2021,9,26,11,30,38.550000000000004,0.15,3.6,105,875,789,2,16,36.800000000000004,958,400,106,0,483,32.7,204,5.6000000000000005
2021,9,26,12,30,53.47,0.15,3.7,101,784,567,3,16.1,38.57,958,228,3,0,230,31.900000000000002,200,5.300000000000001
2021,9,26,13,30,68.41,0.15,3.8000000000000003,82,629,313,0,16.2,42.71,958,82,629,0,313,30.3,194,4.7
2021,9,26,14,30,83.3,0.15,3.8000000000000003,39,268,71,3,16.900000000000002,50.63,958,35,0,7,35,28.1,184,4.1000000000000005
2021,9,26,15,30,98.39,0.15,3.8000000000000003,0,0,0,0,17.8,60.03,959,0,0,0,0,26.200000000000003,175,4.2
2021,9,26,16,30,113.37,0.15,3.8000000000000003,0,0,0,1,18.1,67.31,960,0,0,0,0,24.6,170,4.7
2021,9,26,17,30,128.36,0.15,3.7,0,0,0,0,18.400000000000002,74.92,961,0,0,0,0,23.1,169,4.6000000000000005
2021,9,26,18,30,143.34,0.15,3.7,0,0,0,0,18.7,82.03,961,0,0,0,0,21.900000000000002,172,4.2
2021,9,26,19,30,158.3,0.15,3.6,0,0,0,0,19,88.34,961,0,0,0,0,21,176,4
2021,9,26,20,30,173.18,0.15,3.5,0,0,0,0,19.3,93.07000000000001,961,0,0,0,0,20.5,180,3.8000000000000003
2021,9,26,21,30,171.53,0.15,3.5,0,0,0,0,19.6,96.62,961,0,0,0,0,20.200000000000003,183,3.8000000000000003
2021,9,26,22,30,156.63,0.15,3.4000000000000004,0,0,0,0,19.8,97.93,960,0,0,0,0,20.1,186,3.8000000000000003
2021,9,26,23,30,141.66,0.15,3.4000000000000004,0,0,0,0,19.8,98.05,960,0,0,0,0,20.1,190,4
2021,9,27,0,30,126.68,0.15,3.3000000000000003,0,0,0,0,19.700000000000003,98.42,961,0,0,0,0,20,194,3.9000000000000004
2021,9,27,1,30,111.7,0.15,3.2,0,0,0,0,19.700000000000003,99.3,961,0,0,0,0,19.8,197,3.7
2021,9,27,2,30,96.72,0.15,3.1,0,0,0,0,19.700000000000003,98.47,962,0,0,0,0,19.900000000000002,200,3.7
2021,9,27,3,30,81.65,0.15,3,44,368,97,0,19.6,91.39,962,44,368,0,97,21.1,201,4.7
2021,9,27,4,30,66.74,0.15,3,78,690,350,0,19.200000000000003,77.78,963,78,690,0,350,23.3,200,5.800000000000001
2021,9,27,5,30,51.81,0.15,3,93,827,604,0,18.3,63,963,93,827,0,604,25.900000000000002,199,6.2
2021,9,27,6,30,36.92,0.15,3.1,123,858,809,0,17.400000000000002,52,962,123,858,0,809,28.200000000000003,200,6.2
2021,9,27,7,30,22.14,0.15,3.2,131,893,959,0,16.6,44.09,961,131,893,0,959,30.200000000000003,202,6.2
2021,9,27,8,30,8.21,0.15,3.2,136,908,1035,0,16.1,39.14,960,136,908,0,1035,31.700000000000003,205,6.1000000000000005
2021,9,27,9,30,9.700000000000001,0.15,3.3000000000000003,134,908,1029,0,15.8,36.25,959,134,908,0,1029,32.7,207,5.800000000000001
2021,9,27,10,30,23.88,0.15,3.4000000000000004,132,884,941,0,15.600000000000001,34.92,958,132,884,0,941,33.2,208,5.6000000000000005
2021,9,27,11,30,38.68,0.15,3.5,127,836,780,0,15.600000000000001,35.230000000000004,957,127,836,0,780,33,206,5.300000000000001
2021,9,27,12,30,53.59,0.15,3.5,116,749,560,0,15.700000000000001,37.01,957,116,749,0,560,32.2,202,5
2021,9,27,13,30,68.52,0.15,3.6,91,592,307,0,15.9,41.31,957,91,592,0,307,30.5,195,4.4
2021,9,27,14,30,83.41,0.15,3.7,41,224,67,2,16.7,49.4,958,52,3,7,52,28.3,184,3.7
2021,9,27,15,30,98.5,0.15,3.6,0,0,0,0,17.8,59.660000000000004,958,0,0,0,0,26.3,175,3.9000000000000004
2021,9,27,16,30,113.48,0.15,3.6,0,0,0,0,18.400000000000002,67.78,959,0,0,0,0,24.8,170,4.3
2021,9,27,17,30,128.46,0.15,3.6,0,0,0,0,19.1,76.87,960,0,0,0,0,23.400000000000002,169,4.3
2021,9,27,18,30,143.44,0.15,3.5,0,0,0,0,19.5,84.92,961,0,0,0,0,22.200000000000003,171,4.2
2021,9,27,19,30,158.42000000000002,0.15,3.5,0,0,0,0,19.8,90.51,961,0,0,0,0,21.400000000000002,175,3.9000000000000004
2021,9,27,20,30,173.34,0.15,3.4000000000000004,0,0,0,0,19.900000000000002,94.73,960,0,0,0,0,20.8,178,3.6
2021,9,27,21,30,171.51,0.15,3.3000000000000003,0,0,0,0,20,97.74000000000001,960,0,0,0,0,20.400000000000002,181,3.4000000000000004
2021,9,27,22,30,156.57,0.15,3.2,0,0,0,0,20,98.93,959,0,0,0,0,20.200000000000003,183,3.5
2021,9,27,23,30,141.59,0.15,3.1,0,0,0,0,19.900000000000002,98.99000000000001,959,0,0,0,0,20.1,186,3.8000000000000003
2021,9,28,0,30,126.61,0.15,3.1,0,0,0,0,19.900000000000002,98.55,960,0,0,0,0,20.1,188,3.8000000000000003
2021,9,28,1,30,111.63,0.15,3,0,0,0,0,19.900000000000002,99.26,960,0,0,0,0,20,190,3.8000000000000003
2021,9,28,2,30,96.65,0.15,3,0,0,0,0,19.900000000000002,98.32000000000001,961,0,0,0,0,20.200000000000003,193,3.9000000000000004
2021,9,28,3,30,81.58,0.15,3,45,365,98,1,20,92.43,961,45,365,0,98,21.3,196,4.6000000000000005
2021,9,28,4,30,66.69,0.15,3,78,690,351,1,20.1,80.16,962,78,690,0,351,23.700000000000003,197,5.7
2021,9,28,5,30,51.77,0.15,3,95,824,605,1,19.6,66.1,962,95,824,0,605,26.400000000000002,197,6.1000000000000005
2021,9,28,6,30,36.88,0.15,3,104,894,819,1,18.8,54.54,962,104,894,0,819,28.900000000000002,199,6.2
2021,9,28,7,30,22.150000000000002,0.15,3.1,109,929,969,1,18.1,46.300000000000004,961,109,929,0,969,31,200,6.300000000000001
2021,9,28,8,30,8.38,0.15,3.2,112,943,1044,0,17.6,40.86,960,112,943,0,1044,32.6,201,6.2
2021,9,28,9,30,9.97,0.15,3.3000000000000003,119,929,1034,0,17.3,37.82,959,119,929,0,1034,33.6,201,6.1000000000000005
2021,9,28,10,30,24.05,0.15,3.4000000000000004,118,906,945,0,17.1,36.51,957,118,906,0,945,34,200,5.9
2021,9,28,11,30,38.82,0.15,3.5,114,859,783,0,17,36.83,957,114,859,0,783,33.800000000000004,198,5.6000000000000005
2021,9,28,12,30,53.71,0.15,3.7,95,795,566,0,17,38.81,956,95,795,0,566,32.9,194,5.4
2021,9,28,13,30,68.63,0.15,3.8000000000000003,77,644,311,0,17.2,43,957,77,644,0,311,31.3,188,4.800000000000001
2021,9,28,14,30,83.51,0.15,3.8000000000000003,37,275,68,0,18,51.36,957,37,275,0,68,29,179,4.1000000000000005
2021,9,28,15,30,98.60000000000001,0.15,3.8000000000000003,0,0,0,1,19,61.52,958,0,0,0,0,27,171,4.2
2021,9,28,16,30,113.58,0.15,3.8000000000000003,0,0,0,0,19.6,70.25,959,0,0,0,0,25.400000000000002,166,4.4
2021,9,28,17,30,128.56,0.15,3.8000000000000003,0,0,0,0,20.200000000000003,78.99,960,0,0,0,0,24.1,165,4.2
2021,9,28,18,30,143.54,0.15,3.7,0,0,0,0,20.700000000000003,87.10000000000001,960,0,0,0,0,23,168,3.9000000000000004
2021,9,28,19,30,158.52,0.15,3.6,0,0,0,0,21.1,93.08,960,0,0,0,0,22.3,172,3.7
2021,9,28,20,30,173.48,0.15,3.6,0,0,0,0,21.400000000000002,96.98,960,0,0,0,0,21.900000000000002,176,3.5
2021,9,28,21,30,171.47,0.15,3.5,0,0,0,0,21.5,98.81,959,0,0,0,0,21.700000000000003,181,3.4000000000000004
2021,9,28,22,30,156.5,0.15,3.4000000000000004,0,0,0,0,21.5,99.67,959,0,0,0,0,21.6,185,3.4000000000000004
2021,9,28,23,30,141.52,0.15,3.4000000000000004,0,0,0,0,21.5,100,959,0,0,0,0,21.5,189,3.5
2021,9,29,0,30,126.54,0.15,3.4000000000000004,0,0,0,0,21.400000000000002,100,959,0,0,0,0,21.400000000000002,192,3.4000000000000004
2021,9,29,1,30,111.56,0.15,3.4000000000000004,0,0,0,0,21.3,100,960,0,0,0,0,21.3,194,3.3000000000000003
2021,9,29,2,30,96.59,0.15,3.4000000000000004,0,0,0,0,21.400000000000002,100,960,0,0,0,0,21.400000000000002,198,3.4000000000000004
2021,9,29,3,30,81.53,0.15,3.4000000000000004,41,389,98,1,21.5,94.07000000000001,961,41,389,0,98,22.5,200,4.3
2021,9,29,4,30,66.63,0.15,3.5,74,695,350,3,21.3,81.25,961,154,6,0,157,24.700000000000003,200,5.2
2021,9,29,5,30,51.72,0.15,3.5,90,825,601,3,20.700000000000003,67.38,962,253,6,0,257,27.3,200,5.5
2021,9,29,6,30,36.86,0.15,3.6,107,876,808,1,20.1,56.24,961,107,876,0,808,29.700000000000003,200,5.5
2021,9,29,7,30,22.16,0.15,3.7,113,911,957,1,19.3,48.24,960,113,911,0,957,31.6,201,5.6000000000000005
2021,9,29,8,30,8.56,0.15,3.8000000000000003,118,924,1031,3,18.8,43.02,959,414,5,0,419,33,200,5.6000000000000005
2021,9,29,9,30,10.25,0.15,3.8000000000000003,119,921,1025,3,18.400000000000002,40.08,958,436,9,0,445,33.9,199,5.6000000000000005
2021,9,29,10,30,24.22,0.15,3.9000000000000004,115,902,937,3,18.2,38.88,957,449,85,0,527,34.2,197,5.5
2021,9,29,11,30,38.95,0.15,3.9000000000000004,109,860,778,0,18.1,39.19,956,109,860,0,778,33.9,193,5.4
2021,9,29,12,30,53.83,0.15,4,99,780,559,0,17.900000000000002,40.75,956,99,780,0,559,33,188,5.2
2021,9,29,13,30,68.74,0.15,4.2,80,623,306,3,17.900000000000002,44.78,957,160,11,0,164,31.3,181,4.7
2021,9,29,14,30,83.61,0.15,4.3,37,252,65,0,18.5,53.07,957,37,252,0,65,29,170,4.2
2021,9,29,15,30,98.7,0.15,4.3,0,0,0,0,19.5,63.14,958,0,0,0,0,27.1,160,4.3
2021,9,29,16,30,113.68,0.15,4.3,0,0,0,0,20.200000000000003,72.48,959,0,0,0,0,25.5,156,4.6000000000000005
2021,9,29,17,30,128.65,0.15,4.2,0,0,0,0,20.8,81.77,960,0,0,0,0,24.1,156,4.7
2021,9,29,18,30,143.63,0.15,4.1000000000000005,0,0,0,0,21.200000000000003,89.51,960,0,0,0,0,23,158,4.6000000000000005
2021,9,29,19,30,158.62,0.15,3.9000000000000004,0,0,0,0,21.400000000000002,94.83,960,0,0,0,0,22.3,161,4.2
2021,9,29,20,30,173.59,0.15,3.8000000000000003,0,0,0,0,21.5,97.81,960,0,0,0,0,21.900000000000002,164,3.8000000000000003
2021,9,29,21,30,171.41,0.15,3.6,0,0,0,0,21.5,99.12,959,0,0,0,0,21.6,167,3.5
2021,9,29,22,30,156.43,0.15,3.6,0,0,0,0,21.400000000000002,99.75,959,0,0,0,0,21.400000000000002,170,3.4000000000000004
2021,9,29,23,30,141.45000000000002,0.15,3.6,0,0,0,0,21.200000000000003,99.64,959,0,0,0,0,21.3,173,3.3000000000000003
2021,9,30,0,30,126.47,0.15,3.6,0,0,0,0,21.200000000000003,100,959,0,0,0,0,21.200000000000003,176,3.1
2021,9,30,1,30,111.5,0.15,3.7,0,0,0,0,21.200000000000003,100,960,0,0,0,0,21.200000000000003,179,3.1
2021,9,30,2,30,96.53,0.15,3.7,0,0,0,0,21.3,99.61,960,0,0,0,0,21.400000000000002,182,3.3000000000000003
2021,9,30,3,30,81.47,0.15,3.8000000000000003,44,358,97,0,21.400000000000002,93.79,961,44,358,0,97,22.5,183,4.2
2021,9,30,4,30,66.58,0.15,3.9000000000000004,79,670,346,0,21.200000000000003,81.52,962,79,670,0,346,24.6,183,5.1000000000000005
2021,9,30,5,30,51.68,0.15,4,97,801,594,0,20.6,67.82000000000001,962,97,801,0,594,27.1,182,5.5
2021,9,30,6,30,36.84,0.15,4.1000000000000005,109,867,803,0,20.200000000000003,57.65,962,109,867,0,803,29.400000000000002,184,5.5
2021,9,30,7,30,22.18,0.15,4.2,117,900,951,2,19.900000000000002,51.4,961,495,194,0,675,31.1,186,5.4
2021,9,30,8,30,8.76,0.15,4.2,120,916,1025,3,19.700000000000003,47.54,960,473,37,0,510,32.300000000000004,188,5.300000000000001
2021,9,30,9,30,10.540000000000001,0.15,4.3,118,917,1019,3,19.6,45.28,958,478,68,0,545,33,188,5.1000000000000005
2021,9,30,10,30,24.39,0.15,4.4,111,903,933,3,19.400000000000002,44.61,957,473,156,0,614,33.1,186,5
2021,9,30,11,30,39.09,0.15,4.5,102,867,775,2,19.400000000000002,45.39,957,414,145,0,527,32.7,182,5
2021,9,30,12,30,53.95,0.15,4.6000000000000005,96,781,555,3,19.400000000000002,48.35,957,304,65,0,342,31.6,177,5
2021,9,30,13,30,68.85000000000001,0.15,4.6000000000000005,78,625,304,0,19.6,54.43,957,78,625,0,304,29.8,171,4.9
2021,9,30,14,30,83.72,0.15,4.7,37,240,64,0,20.200000000000003,63.71,958,37,240,0,64,27.700000000000003,164,4.7
2021,9,30,15,30,98.8,0.15,4.7,0,0,0,3,20.900000000000002,73.33,959,0,0,0,0,26,160,4.4
2021,9,30,16,30,113.77,0.15,4.6000000000000005,0,0,0,2,21.200000000000003,80.47,960,0,0,0,0,24.8,157,4.2
2021,9,30,17,30,128.75,0.15,4.5,0,0,0,0,21.400000000000002,86.55,960,0,0,0,0,23.8,157,3.9000000000000004
2021,9,30,18,30,143.72,0.15,4.5,0,0,0,0,21.5,91.45,960,0,0,0,0,23,158,3.8000000000000003
2021,9,30,19,30,158.70000000000002,0.15,4.4,0,0,0,0,21.700000000000003,95.12,960,0,0,0,0,22.5,162,3.7
2021,9,30,20,30,173.68,0.15,4.3,0,0,0,0,21.8,97.81,959,0,0,0,0,22.200000000000003,168,3.6
2021,9,30,21,30,171.33,0.15,4.3,0,0,0,0,21.900000000000002,98.82000000000001,959,0,0,0,0,22.1,174,3.5
2021,9,30,22,30,156.35,0.15,4.2,0,0,0,0,21.8,99.69,958,0,0,0,0,21.900000000000002,179,3.5
2021,9,30,23,30,141.38,0.15,4.2,0,0,0,0,21.8,100,959,0,0,0,0,21.8,185,3.1
2021,10,1,0,30,126.4,0.15,4.2,0,0,0,0,21.6,100,959,0,0,0,0,21.6,190,2.8000000000000003
2021,10,1,1,30,111.43,0.15,4.2,0,0,0,0,21.5,100,960,0,0,0,0,21.5,194,2.6
2021,10,1,2,30,96.46000000000001,0.15,4.1000000000000005,0,0,0,0,21.6,100,961,0,0,0,0,21.6,197,2.7
2021,10,1,3,30,81.41,0.15,4.2,42,385,99,3,21.6,93.72,962,13,0,0,13,22.700000000000003,196,3.8000000000000003
2021,10,1,4,30,66.53,0.15,4.2,74,691,349,3,21.3,81.37,962,214,87,0,249,24.700000000000003,192,4.800000000000001
2021,10,1,5,30,51.64,0.15,4.2,90,819,598,3,20.6,68.51,962,315,67,0,356,26.900000000000002,189,5.1000000000000005
2021,10,1,6,30,36.82,0.15,4.3,100,883,807,3,20.1,59.03,962,395,104,0,478,28.900000000000002,188,5.2
2021,10,1,7,30,22.21,0.15,4.3,105,918,955,3,19.900000000000002,52.77,961,447,60,0,503,30.6,189,5.300000000000001
2021,10,1,8,30,8.98,0.15,4.3,108,933,1029,7,19.700000000000003,48.1,959,304,545,0,842,32,191,5.4
2021,10,1,9,30,10.83,0.15,4.3,109,929,1022,8,19.3,44.79,958,418,308,0,721,32.9,192,5.4
2021,10,1,10,30,24.560000000000002,0.15,4.3,108,910,935,8,19.1,43.32,957,261,600,7,807,33.2,192,5.2
2021,10,1,11,30,39.230000000000004,0.15,4.4,102,869,775,2,18.900000000000002,43.6,956,415,148,0,530,32.9,191,5.1000000000000005
2021,10,1,12,30,54.07,0.15,4.5,93,791,557,3,18.8,46.46,956,260,22,0,273,31.700000000000003,186,5
2021,10,1,13,30,68.96000000000001,0.15,4.6000000000000005,75,638,304,3,19,51.7,956,50,0,0,50,30,178,4.7
2021,10,1,14,30,83.82000000000001,0.15,4.6000000000000005,36,251,63,3,19.400000000000002,60.02,957,7,0,7,7,27.900000000000002,169,4.3
2021,10,1,15,30,98.9,0.15,4.7,0,0,0,3,20,69.06,958,0,0,0,0,26.1,163,4.5
2021,10,1,16,30,113.87,0.15,4.800000000000001,0,0,0,3,20,74.42,959,0,0,0,0,24.900000000000002,160,4.800000000000001
2021,10,1,17,30,128.84,0.15,4.800000000000001,0,0,0,0,20.1,80.19,960,0,0,0,0,23.700000000000003,160,4.6000000000000005
2021,10,1,18,30,143.81,0.15,4.800000000000001,0,0,0,0,20.200000000000003,86.04,960,0,0,0,0,22.700000000000003,161,4.3
2021,10,1,19,30,158.78,0.15,4.9,0,0,0,1,20.5,90.9,960,0,0,0,0,22.1,164,4.2
2021,10,1,20,30,173.75,0.15,4.9,0,0,0,0,20.900000000000002,94.74,960,0,0,0,0,21.8,169,3.9000000000000004
2021,10,1,21,30,171.25,0.15,4.800000000000001,0,0,0,0,21.200000000000003,96.99000000000001,959,0,0,0,0,21.700000000000003,174,3.6
2021,10,1,22,30,156.28,0.15,4.800000000000001,0,0,0,0,21.3,97.76,959,0,0,0,0,21.700000000000003,178,3.5
2021,10,1,23,30,141.3,0.15,4.800000000000001,0,0,0,1,21.400000000000002,98.83,958,0,0,0,0,21.6,181,3.3000000000000003
2021,10,2,0,30,126.33,0.15,4.7,0,0,0,1,21.5,99.28,958,0,0,0,0,21.6,183,3.3000000000000003
2021,10,2,1,30,111.36,0.15,4.6000000000000005,0,0,0,7,21.5,100,958,0,0,0,0,21.5,184,3.3000000000000003
2021,10,2,2,30,96.4,0.15,4.5,0,0,0,7,21.5,99.48,959,0,0,0,0,21.6,184,3.5
2021,10,2,3,30,81.36,0.15,4.5,45,349,98,0,21.5,93.98,960,45,349,0,98,22.5,185,4.5
2021,10,2,4,30,66.49,0.15,4.5,83,652,344,7,21.1,81.26,960,177,261,0,281,24.5,187,5.300000000000001
2021,10,2,5,30,51.61,0.15,4.5,106,778,590,7,20.5,68.93,961,214,437,0,485,26.700000000000003,191,5.4
2021,10,2,6,30,36.81,0.15,4.5,138,816,791,7,20,60.19,961,231,605,0,716,28.5,194,5.300000000000001
2021,10,2,7,30,22.25,0.15,4.5,150,851,937,0,19.6,54.230000000000004,960,150,851,0,937,29.8,197,5.2
2021,10,2,8,30,9.200000000000001,0.15,4.5,156,866,1010,0,19.1,49.77,959,156,866,0,1010,30.8,199,5.2
2021,10,2,9,30,11.120000000000001,0.15,4.4,139,887,1010,3,18.7,46.42,958,515,174,0,686,31.6,198,5.1000000000000005
2021,10,2,10,30,24.740000000000002,0.15,4.4,133,870,923,3,18.400000000000002,44.29,957,474,144,0,605,32.1,196,4.9
2021,10,2,11,30,39.37,0.15,4.3,122,833,766,7,18.2,43.83,956,246,558,7,677,32,192,4.7
2021,10,2,12,30,54.19,0.15,4.3,106,756,549,3,18,45.1,956,314,75,0,358,31.3,187,4.4
2021,10,2,13,30,69.07000000000001,0.15,4.3,82,605,298,3,17.900000000000002,48.33,956,149,8,0,152,30,181,3.7
2021,10,2,14,30,83.92,0.15,4.3,36,234,61,0,18.400000000000002,56.14,957,36,234,0,61,28,171,3
2021,10,2,15,30,99,0.15,4.2,0,0,0,0,19.5,65.8,958,0,0,0,0,26.400000000000002,161,3.3000000000000003
2021,10,2,16,30,113.96000000000001,0.15,4.2,0,0,0,0,19.6,71.10000000000001,958,0,0,0,0,25.200000000000003,156,4
2021,10,2,17,30,128.92000000000002,0.15,4.1000000000000005,0,0,0,0,20.1,79.72,959,0,0,0,0,23.8,154,4
2021,10,2,18,30,143.89000000000001,0.15,4.1000000000000005,0,0,0,0,20.5,87.52,960,0,0,0,0,22.700000000000003,157,3.8000000000000003
2021,10,2,19,30,158.86,0.15,4,0,0,0,0,20.8,93.64,960,0,0,0,0,21.900000000000002,162,3.6
2021,10,2,20,30,173.79,0.15,4,0,0,0,0,21,96.52,959,0,0,0,0,21.6,168,3.5
2021,10,2,21,30,171.14000000000001,0.15,3.9000000000000004,0,0,0,0,21.1,98.22,959,0,0,0,0,21.400000000000002,174,3.5
2021,10,2,22,30,156.19,0.15,3.9000000000000004,0,0,0,0,21.1,98.49000000000001,959,0,0,0,0,21.3,178,3.4000000000000004
2021,10,2,23,30,141.22,0.15,3.9000000000000004,0,0,0,0,21,99.04,959,0,0,0,0,21.200000000000003,181,3.2
2021,10,3,0,30,126.26,0.15,3.8000000000000003,0,0,0,0,21,99.34,959,0,0,0,0,21.1,184,3.1
2021,10,3,1,30,111.3,0.15,3.8000000000000003,0,0,0,0,21,99.81,960,0,0,0,0,21,185,2.9000000000000004
2021,10,3,2,30,96.34,0.15,3.8000000000000003,0,0,0,0,21,98.60000000000001,960,0,0,0,0,21.200000000000003,186,3
2021,10,3,3,30,81.3,0.15,3.8000000000000003,43,386,102,3,21,93.01,961,29,0,0,29,22.200000000000003,186,3.9000000000000004
2021,10,3,4,30,66.44,0.15,3.8000000000000003,76,693,353,3,20.700000000000003,79.93,961,216,84,0,250,24.400000000000002,186,4.800000000000001
2021,10,3,5,30,51.58,0.15,3.8000000000000003,93,821,603,1,20.200000000000003,66.79,961,93,821,0,603,26.900000000000002,187,5
2021,10,3,6,30,36.800000000000004,0.15,3.7,104,886,814,1,19.8,57.2,961,104,886,0,814,29.1,190,5.1000000000000005
2021,10,3,7,30,22.29,0.15,3.7,111,920,962,0,19.400000000000002,50.08,960,111,920,0,962,31,194,5.1000000000000005
2021,10,3,8,30,9.44,0.15,3.7,115,933,1035,0,19.1,45.58,959,115,933,0,1035,32.300000000000004,198,5.1000000000000005
2021,10,3,9,30,11.42,0.15,3.7,110,938,1029,0,18.7,42.35,958,110,938,0,1029,33.2,200,4.9
2021,10,3,10,30,24.93,0.15,3.7,107,920,941,0,18.3,40.09,957,107,920,0,941,33.7,201,4.7
2021,10,3,11,30,39.51,0.15,3.7,100,882,780,3,17.8,38.93,957,361,30,0,384,33.7,199,4.4
2021,10,3,12,30,54.31,0.15,3.7,94,797,558,1,17.3,39.29,956,94,797,0,558,33,194,4.3
2021,10,3,13,30,69.18,0.15,3.7,74,646,304,3,17,42.27,957,123,2,0,123,31.400000000000002,186,3.8000000000000003
2021,10,3,14,30,84.02,0.15,3.7,34,269,62,0,17.6,50.33,957,34,269,0,62,29,173,3.5
2021,10,3,15,30,99.09,0.15,3.7,0,0,0,0,18.6,59.88,958,0,0,0,0,27.1,162,4
2021,10,3,16,30,114.04,0.15,3.7,0,0,0,0,19.200000000000003,68.37,959,0,0,0,0,25.5,155,4.4
2021,10,3,17,30,129,0.15,3.6,0,0,0,0,20,78.5,960,0,0,0,0,24,152,4.5
2021,10,3,18,30,143.97,0.15,3.6,0,0,0,0,20.5,86.49,960,0,0,0,0,22.900000000000002,153,4.5
2021,10,3,19,30,158.92000000000002,0.15,3.5,0,0,0,0,20.900000000000002,92.32000000000001,960,0,0,0,0,22.200000000000003,157,4.4
2021,10,3,20,30,173.81,0.15,3.4000000000000004,0,0,0,0,21.1,95.67,960,0,0,0,0,21.8,160,4.2
2021,10,3,21,30,171.02,0.15,3.3000000000000003,0,0,0,0,21.1,97.22,959,0,0,0,0,21.6,163,4
2021,10,3,22,30,156.1,0.15,3.3000000000000003,0,0,0,0,21.1,97.81,959,0,0,0,0,21.5,164,3.9000000000000004
2021,10,3,23,30,141.15,0.15,3.3000000000000003,0,0,0,0,21,98.26,959,0,0,0,0,21.3,164,3.8000000000000003
2021,10,4,0,30,126.19,0.15,3.2,0,0,0,0,21,98.64,959,0,0,0,0,21.200000000000003,165,3.6
2021,10,4,1,30,111.23,0.15,3.2,0,0,0,0,21,99.22,960,0,0,0,0,21.1,168,3.5
2021,10,4,2,30,96.28,0.15,3.2,0,0,0,0,20.900000000000002,98.11,960,0,0,0,0,21.200000000000003,172,3.6
2021,10,4,3,30,81.25,0.15,3.3000000000000003,43,397,104,0,20.8,91.21000000000001,961,43,397,0,104,22.3,176,4.1000000000000005
2021,10,4,4,30,66.4,0.15,3.3000000000000003,77,699,357,1,20.400000000000002,78.21000000000001,962,77,699,0,357,24.400000000000002,179,4.6000000000000005
2021,10,4,5,30,51.550000000000004,0.15,3.4000000000000004,96,821,606,3,19.900000000000002,65.78,962,251,5,0,254,26.8,184,4.5
2021,10,4,6,30,36.800000000000004,0.15,3.5,135,833,803,3,19.400000000000002,55.75,962,359,10,0,367,29.1,190,4.4
2021,10,4,7,30,22.35,0.15,3.7,148,864,947,0,18.8,48.83,961,148,864,0,947,30.8,195,4.4
2021,10,4,8,30,9.69,0.15,3.7,156,875,1018,0,18.2,44.33,960,156,875,0,1018,31.8,197,4.3
2021,10,4,9,30,11.73,0.15,3.7,150,881,1013,0,17.5,40.65,959,150,881,0,1013,32.6,197,4.3
2021,10,4,10,30,25.11,0.15,3.7,143,864,925,7,16.900000000000002,37.84,958,353,433,0,745,33.2,196,4.3
2021,10,4,11,30,39.660000000000004,0.15,3.7,132,822,765,7,16.400000000000002,36.11,957,237,621,7,715,33.4,193,4.4
2021,10,4,12,30,54.44,0.15,3.7,115,742,546,0,16,36.46,957,115,742,0,546,32.800000000000004,187,4.4
2021,10,4,13,30,69.29,0.15,3.7,88,582,294,0,15.9,39.660000000000004,957,88,582,0,294,31.200000000000003,178,4
2021,10,4,14,30,84.12,0.15,3.7,37,206,58,0,16.6,47.84,957,37,206,0,58,28.700000000000003,168,3.4000000000000004
2021,10,4,15,30,99.18,0.15,3.7,0,0,0,0,17.8,58.68,958,0,0,0,0,26.6,159,3.8000000000000003
2021,10,4,16,30,114.13,0.15,3.6,0,0,0,0,18.5,66.52,959,0,0,0,0,25.200000000000003,154,4.3
2021,10,4,17,30,129.08,0.15,3.6,0,0,0,0,19.400000000000002,77.06,959,0,0,0,0,23.700000000000003,151,4.1000000000000005
2021,10,4,18,30,144.04,0.15,3.5,0,0,0,0,20.200000000000003,86.07000000000001,960,0,0,0,0,22.6,150,3.9000000000000004
2021,10,4,19,30,158.98,0.15,3.4000000000000004,0,0,0,0,20.700000000000003,93.2,960,0,0,0,0,21.8,151,3.6
2021,10,4,20,30,173.8,0.15,3.3000000000000003,0,0,0,0,21,96.79,959,0,0,0,0,21.5,154,3.4000000000000004
2021,10,4,21,30,170.89000000000001,0.15,3.2,0,0,0,0,21.200000000000003,97.88,959,0,0,0,0,21.5,158,3.3000000000000003
2021,10,4,22,30,156.01,0.15,3.2,0,0,0,0,21.200000000000003,98.84,958,0,0,0,0,21.400000000000002,162,3.5
2021,10,4,23,30,141.07,0.15,3.2,0,0,0,0,21.1,98.81,959,0,0,0,0,21.3,166,3.6
2021,10,5,0,30,126.11,0.15,3.2,0,0,0,0,21,98.29,959,0,0,0,0,21.3,170,3.7
2021,10,5,1,30,111.17,0.15,3.2,0,0,0,0,21,98.56,959,0,0,0,0,21.200000000000003,173,3.6
2021,10,5,2,30,96.22,0.15,3.2,0,0,0,0,20.900000000000002,97.87,960,0,0,0,0,21.3,176,3.7
2021,10,5,3,30,81.21000000000001,0.15,3.2,45,389,104,3,21,91.68,961,57,1,7,57,22.400000000000002,177,4.4
2021,10,5,4,30,66.36,0.15,3.3000000000000003,78,695,356,3,20.6,79.01,961,108,0,0,109,24.5,179,5.1000000000000005
2021,10,5,5,30,51.53,0.15,3.3000000000000003,95,823,607,3,20.1,65.4,962,285,25,0,300,27.1,181,5.300000000000001
2021,10,5,6,30,36.800000000000004,0.15,3.4000000000000004,105,889,816,3,19.400000000000002,54.97,961,406,107,0,491,29.400000000000002,184,5.300000000000001
2021,10,5,7,30,22.41,0.15,3.5,111,923,964,1,18.900000000000002,47.410000000000004,960,111,923,0,964,31.400000000000002,188,5.2
2021,10,5,8,30,9.950000000000001,0.15,3.6,112,937,1035,0,18.400000000000002,42.33,959,112,937,0,1035,32.9,192,5.1000000000000005
2021,10,5,9,30,12.040000000000001,0.15,3.7,111,935,1026,0,18.1,39.2,958,111,935,0,1026,33.9,194,4.9
2021,10,5,10,30,25.3,0.15,3.8000000000000003,107,917,936,3,17.900000000000002,37.9,957,453,135,0,575,34.300000000000004,193,4.7
2021,10,5,11,30,39.800000000000004,0.15,3.9000000000000004,98,880,774,0,17.8,38.27,956,98,880,0,774,34,192,4.6000000000000005
2021,10,5,12,30,54.56,0.15,4,99,777,549,0,17.7,40.1,956,99,777,0,549,33.1,189,4.5
2021,10,5,13,30,69.4,0.15,4.1000000000000005,76,629,297,0,17.900000000000002,44.21,956,76,629,0,297,31.5,181,4.2
2021,10,5,14,30,84.22,0.15,4.2,33,253,58,0,18.5,51.93,957,33,253,0,58,29.400000000000002,168,4
2021,10,5,15,30,99.27,0.15,4.3,0,0,0,0,19.6,62.06,958,0,0,0,0,27.5,158,4.4
2021,10,5,16,30,114.21000000000001,0.15,4.4,0,0,0,0,20.400000000000002,71.62,959,0,0,0,0,25.900000000000002,155,4.9
2021,10,5,17,30,129.16,0.15,4.4,0,0,0,0,20.900000000000002,80.52,960,0,0,0,0,24.5,156,4.800000000000001
2021,10,5,18,30,144.1,0.15,4.4,0,0,0,0,21.1,87.65,960,0,0,0,0,23.3,160,4.7
2021,10,5,19,30,159.02,0.15,4.3,0,0,0,0,21.3,92.8,960,0,0,0,0,22.5,165,4.5
2021,10,5,20,30,173.76,0.15,4.3,0,0,0,0,21.400000000000002,95.60000000000001,959,0,0,0,0,22.1,171,4.4
2021,10,5,21,30,170.74,0.15,4.2,0,0,0,0,21.3,96.52,959,0,0,0,0,21.900000000000002,174,4.4
2021,10,5,22,30,155.91,0.15,4.1000000000000005,0,0,0,0,21.200000000000003,96.32000000000001,958,0,0,0,0,21.8,176,4.3
2021,10,5,23,30,140.98,0.15,4.1000000000000005,0,0,0,4,21.1,96.99000000000001,958,0,0,0,0,21.6,178,4
2021,10,6,0,30,126.04,0.15,4,0,0,0,4,21.200000000000003,97.91,959,0,0,0,0,21.5,181,3.7
2021,10,6,1,30,111.10000000000001,0.15,4,0,0,0,4,21.200000000000003,98.71000000000001,959,0,0,0,0,21.400000000000002,186,3.5
2021,10,6,2,30,96.17,0.15,4,0,0,0,4,21.200000000000003,98,960,0,0,0,0,21.5,190,3.6
2021,10,6,3,30,81.16,0.15,3.9000000000000004,43,393,103,3,21.1,91.83,960,35,0,0,35,22.5,193,4.5
2021,10,6,4,30,66.33,0.15,3.9000000000000004,76,692,354,0,20.6,78.67,961,76,692,0,354,24.5,194,5.300000000000001
2021,10,6,5,30,51.51,0.15,3.9000000000000004,93,818,603,0,19.900000000000002,65.95,961,93,818,0,603,26.8,196,5.5
2021,10,6,6,30,36.81,0.15,3.8000000000000003,127,843,801,0,19.3,55.84,961,127,843,0,801,29,200,5.5
2021,10,6,7,30,22.48,0.15,3.7,132,886,951,0,18.7,47.550000000000004,960,132,886,0,951,31.1,203,5.5
2021,10,6,8,30,10.21,0.15,3.7,134,904,1023,0,18,41.660000000000004,959,134,904,0,1023,32.7,205,5.5
2021,10,6,9,30,12.35,0.15,3.6,127,913,1019,0,17.3,37.44,957,127,913,0,1019,33.800000000000004,206,5.4
2021,10,6,10,30,25.490000000000002,0.15,3.6,124,891,928,0,16.5,34.71,956,124,891,0,928,34.300000000000004,205,5.4
2021,10,6,11,30,39.95,0.15,3.5,117,847,767,1,15.8,33.3,956,117,847,0,767,34.2,203,5.300000000000001
2021,10,6,12,30,54.68,0.15,3.4000000000000004,106,762,546,1,15.100000000000001,33.43,955,106,762,0,546,33.4,200,5.2
2021,10,6,13,30,69.51,0.15,3.4000000000000004,82,599,292,0,14.8,36.050000000000004,956,82,599,0,292,31.700000000000003,194,4.7
2021,10,6,14,30,84.31,0.15,3.4000000000000004,33,226,55,0,15.3,43.12,956,33,226,0,55,29.1,182,4
2021,10,6,15,30,99.36,0.15,3.4000000000000004,0,0,0,1,16.6,54.08,957,0,0,0,0,26.700000000000003,170,4
2021,10,6,16,30,114.29,0.15,3.4000000000000004,0,0,0,3,17.6,63.61,958,0,0,0,0,25,164,4.4
2021,10,6,17,30,129.23,0.15,3.4000000000000004,0,0,0,0,18.5,74,959,0,0,0,0,23.400000000000002,166,4.4
2021,10,6,18,30,144.16,0.15,3.4000000000000004,0,0,0,0,19,82.15,960,0,0,0,0,22.200000000000003,169,4.3
2021,10,6,19,30,159.06,0.15,3.4000000000000004,0,0,0,0,19.3,88.04,960,0,0,0,0,21.400000000000002,173,4
2021,10,6,20,30,173.70000000000002,0.15,3.4000000000000004,0,0,0,0,19.700000000000003,92.62,959,0,0,0,0,20.900000000000002,175,3.9000000000000004
2021,10,6,21,30,170.58,0.15,3.4000000000000004,0,0,0,0,20,95.73,959,0,0,0,0,20.700000000000003,177,3.9000000000000004
2021,10,6,22,30,155.81,0.15,3.4000000000000004,0,0,0,0,20.200000000000003,97.44,959,0,0,0,0,20.6,180,4
2021,10,6,23,30,140.9,0.15,3.4000000000000004,0,0,0,0,20.3,97.3,959,0,0,0,0,20.700000000000003,184,4
2021,10,7,0,30,125.97,0.15,3.4000000000000004,0,0,0,0,20.3,97.82000000000001,959,0,0,0,0,20.700000000000003,188,3.9000000000000004
2021,10,7,1,30,111.04,0.15,3.4000000000000004,0,0,0,0,20.400000000000002,98.01,959,0,0,0,0,20.700000000000003,191,3.9000000000000004
2021,10,7,2,30,96.11,0.15,3.4000000000000004,0,0,0,0,20.400000000000002,97.77,960,0,0,0,0,20.8,194,4.1000000000000005
2021,10,7,3,30,81.11,0.15,3.4000000000000004,45,378,103,3,20.5,92.25,960,6,0,0,6,21.8,195,4.800000000000001
2021,10,7,4,30,66.29,0.15,3.5,81,678,354,3,20.1,80.41,961,220,86,0,255,23.700000000000003,195,5.7
2021,10,7,5,30,51.49,0.15,3.6,100,806,602,0,19.400000000000002,67.12,961,100,806,0,602,26,196,5.9
2021,10,7,6,30,36.82,0.15,3.7,112,871,809,0,18.6,55.730000000000004,961,112,871,0,809,28.3,198,5.7
2021,10,7,7,30,22.55,0.15,3.8000000000000003,121,902,954,0,17.7,46.730000000000004,960,121,902,0,954,30.400000000000002,200,5.5
2021,10,7,8,30,10.49,0.15,3.8000000000000003,128,912,1025,0,16.900000000000002,40.15,959,128,912,0,1025,32.1,203,5.4
2021,10,7,9,30,12.66,0.15,3.8000000000000003,159,866,1004,0,16,35.97,958,159,866,0,1004,33.1,204,5.4
2021,10,7,10,30,25.68,0.15,3.7,160,836,913,0,15.200000000000001,33.24,957,160,836,0,913,33.6,203,5.300000000000001
2021,10,7,11,30,40.09,0.15,3.7,153,778,748,0,14.5,32.35,956,153,778,0,748,33.300000000000004,202,5.2
2021,10,7,12,30,54.800000000000004,0.15,3.6,111,746,542,0,14,32.68,956,111,746,0,542,32.5,198,4.9
2021,10,7,13,30,69.62,0.15,3.6,87,576,288,0,13.700000000000001,34.86,956,87,576,0,288,31,191,4.1000000000000005
2021,10,7,14,30,84.41,0.15,3.7,35,181,52,0,14.4,42.09,957,35,181,0,52,28.5,177,3.3000000000000003
2021,10,7,15,30,99.45,0.15,3.7,0,0,0,0,15.700000000000001,52.09,958,0,0,0,0,26.3,164,3.8000000000000003
2021,10,7,16,30,114.37,0.15,3.9000000000000004,0,0,0,0,16.400000000000002,59.75,959,0,0,0,0,24.8,159,4.5
2021,10,7,17,30,129.3,0.15,4,0,0,0,0,17.7,71.4,959,0,0,0,0,23.200000000000003,161,4.7
2021,10,7,18,30,144.21,0.15,4,0,0,0,0,18.7,81.11,960,0,0,0,0,22.1,166,4.5
2021,10,7,19,30,159.09,0.15,4,0,0,0,0,19.200000000000003,87.43,960,0,0,0,0,21.400000000000002,170,4
2021,10,7,20,30,173.61,0.15,3.9000000000000004,0,0,0,0,19.5,91.65,959,0,0,0,0,20.900000000000002,174,3.7
2021,10,7,21,30,170.42000000000002,0.15,3.9000000000000004,0,0,0,0,19.700000000000003,95.01,958,0,0,0,0,20.5,177,3.3000000000000003
2021,10,7,22,30,155.71,0.15,3.8000000000000003,0,0,0,0,19.900000000000002,97.28,958,0,0,0,0,20.3,181,3.1
2021,10,7,23,30,140.82,0.15,3.8000000000000003,0,0,0,0,19.900000000000002,98.39,958,0,0,0,0,20.200000000000003,185,3.1
2021,10,8,0,30,125.9,0.15,3.7,0,0,0,0,19.900000000000002,98.60000000000001,958,0,0,0,0,20.1,188,3.1
2021,10,8,1,30,110.97,0.15,3.7,0,0,0,0,19.8,98.88,959,0,0,0,0,20,189,3.3000000000000003
2021,10,8,2,30,96.06,0.15,3.6,0,0,0,0,19.8,98.2,960,0,0,0,0,20.1,190,3.5
2021,10,8,3,30,81.07000000000001,0.15,3.6,51,297,97,0,19.8,91.86,960,51,297,0,97,21.200000000000003,190,4.2
2021,10,8,4,30,66.26,0.15,3.5,96,615,344,0,19.5,78.60000000000001,961,96,615,0,344,23.400000000000002,192,5
2021,10,8,5,30,51.480000000000004,0.15,3.5,117,765,593,0,18.2,61.620000000000005,961,117,765,0,593,26.200000000000003,195,5.300000000000001
2021,10,8,6,30,36.84,0.15,3.5,126,846,804,0,16.8,47.88,961,126,846,0,804,28.900000000000002,199,5.4
2021,10,8,7,30,22.63,0.15,3.5,133,887,951,0,15.4,38.58,960,133,887,0,951,31.200000000000003,203,5.4
2021,10,8,8,30,10.77,0.15,3.5,133,906,1023,0,14.600000000000001,33.17,959,133,906,0,1023,32.9,206,5.300000000000001
2021,10,8,9,30,12.98,0.15,3.5,122,921,1019,0,14.200000000000001,30.16,957,122,921,0,1019,34.1,208,5.1000000000000005
2021,10,8,10,30,25.87,0.15,3.5,114,908,931,0,14,29.05,956,114,908,0,931,34.6,208,4.9
2021,10,8,11,30,40.24,0.15,3.6,104,871,769,0,14,29.13,955,104,871,0,769,34.5,205,4.800000000000001
2021,10,8,12,30,54.93,0.15,3.6,93,793,548,3,14,30.41,955,247,465,1,514,33.800000000000004,199,4.7
2021,10,8,13,30,69.72,0.15,3.7,72,643,295,3,14.200000000000001,33.76,955,101,1,0,101,32.2,190,4.3
2021,10,8,14,30,84.5,0.15,3.8000000000000003,30,261,56,3,15.200000000000001,41.64,956,41,2,7,41,29.6,176,3.9000000000000004
2021,10,8,15,30,99.53,0.15,3.9000000000000004,0,0,0,3,16.7,52.63,957,0,0,0,0,27.200000000000003,164,4.4
2021,10,8,16,30,114.44,0.15,4,0,0,0,0,18,63.410000000000004,958,0,0,0,0,25.400000000000002,160,5.300000000000001
2021,10,8,17,30,129.36,0.15,4.1000000000000005,0,0,0,0,19.200000000000003,75.69,959,0,0,0,0,23.700000000000003,161,5.4
2021,10,8,18,30,144.26,0.15,4.1000000000000005,0,0,0,0,19.900000000000002,85.41,960,0,0,0,0,22.5,163,5.1000000000000005
2021,10,8,19,30,159.11,0.15,4.1000000000000005,0,0,0,1,20.400000000000002,91.39,960,0,0,0,0,21.900000000000002,165,4.9
2021,10,8,20,30,173.5,0.15,4.1000000000000005,0,0,0,3,20.8,94.99,960,0,0,0,0,21.6,166,4.7
2021,10,8,21,30,170.24,0.15,4,0,0,0,3,20.900000000000002,97.15,959,0,0,0,0,21.400000000000002,167,4.4
2021,10,8,22,30,155.6,0.15,3.9000000000000004,0,0,0,3,21,98.33,958,0,0,0,0,21.3,169,4.3
2021,10,8,23,30,140.73,0.15,3.8000000000000003,0,0,0,3,21,98.81,958,0,0,0,0,21.200000000000003,171,4.2
2021,10,9,0,30,125.82000000000001,0.15,3.7,0,0,0,0,21,99.59,959,0,0,0,0,21.1,173,3.9000000000000004
2021,10,9,1,30,110.91,0.15,3.7,0,0,0,0,21,100,959,0,0,0,0,21,177,3.7
2021,10,9,2,30,96.01,0.15,3.7,0,0,0,0,21,99.28,960,0,0,0,0,21.1,181,3.7
2021,10,9,3,30,81.03,0.15,3.7,44,388,105,1,21,93.54,960,44,388,0,105,22.1,182,4.4
2021,10,9,4,30,66.24,0.15,3.8000000000000003,79,685,354,1,20.8,80.55,961,79,685,0,354,24.400000000000002,182,5.4
2021,10,9,5,30,51.47,0.15,3.8000000000000003,97,812,603,3,20.1,65.55,961,337,186,0,453,27.1,181,5.7
2021,10,9,6,30,36.86,0.15,3.9000000000000004,110,873,808,1,19.200000000000003,54.03,961,110,873,0,808,29.5,181,5.6000000000000005
2021,10,9,7,30,22.72,0.15,4,119,904,953,0,18.5,46.02,961,119,904,0,953,31.5,182,5.5
2021,10,9,8,30,11.06,0.15,4.1000000000000005,125,913,1021,3,17.8,40.730000000000004,960,518,186,0,701,32.9,183,5.300000000000001
2021,10,9,9,30,13.290000000000001,0.15,4.1000000000000005,122,915,1013,3,17.3,37.75,959,508,175,0,678,33.7,182,5.2
2021,10,9,10,30,26.07,0.15,4.1000000000000005,122,891,922,1,17.1,36.78,958,122,891,0,922,33.9,178,5.2
2021,10,9,11,30,40.39,0.15,4.2,116,843,758,3,17,37.92,957,290,2,0,292,33.300000000000004,175,5.1000000000000005
2021,10,9,12,30,55.050000000000004,0.15,4.2,102,762,539,3,17.2,41.26,957,315,101,0,373,32,171,5
2021,10,9,13,30,69.83,0.15,4.3,79,605,288,3,17.6,46.54,957,77,0,0,77,30.3,167,4.7
2021,10,9,14,30,84.59,0.15,4.3,33,221,53,3,18.2,54.67,958,16,0,1,16,28.200000000000003,161,4.2
2021,10,9,15,30,99.61,0.15,4.3,0,0,0,3,19.1,63.79,959,0,0,1,0,26.5,156,3.9000000000000004
2021,10,9,16,30,114.52,0.15,4.2,0,0,0,0,19.6,71.33,960,0,0,1,0,25.200000000000003,154,3.9000000000000004
2021,10,9,17,30,129.42000000000002,0.15,4.2,0,0,0,0,20.200000000000003,78.35000000000001,961,0,0,1,0,24.200000000000003,154,3.8000000000000003
2021,10,9,18,30,144.31,0.15,4.1000000000000005,0,0,0,0,20.700000000000003,85.14,961,0,0,1,0,23.3,156,3.8000000000000003
2021,10,9,19,30,159.13,0.15,4,0,0,0,0,21.1,91.64,961,0,0,1,0,22.5,159,3.8000000000000003
2021,10,9,20,30,173.37,0.15,3.9000000000000004,0,0,0,0,21.400000000000002,96.14,961,0,0,1,0,22,163,3.6
2021,10,9,21,30,170.05,0.15,3.8000000000000003,0,0,0,0,21.5,98.60000000000001,960,0,0,1,0,21.700000000000003,166,3.4000000000000004
2021,10,9,22,30,155.49,0.15,3.8000000000000003,0,0,0,0,21.400000000000002,99.62,960,0,0,1,0,21.5,169,3.1
2021,10,9,23,30,140.64000000000001,0.15,3.7,0,0,0,0,21.400000000000002,100,960,0,0,1,0,21.400000000000002,172,2.8000000000000003
2021,10,10,0,30,125.75,0.14,3.7,0,0,0,0,21.3,100,960,0,0,1,0,21.3,174,2.5
2021,10,10,1,30,110.85000000000001,0.14,3.7,0,0,0,0,21.200000000000003,100,961,0,0,1,0,21.200000000000003,177,2.3000000000000003
2021,10,10,2,30,95.96000000000001,0.14,3.7,0,0,0,0,21.3,100,961,0,0,1,0,21.3,181,2.4000000000000004
2021,10,10,3,30,80.99,0.14,3.7,43,406,107,0,21.400000000000002,94.05,962,43,406,1,107,22.400000000000002,182,3.4000000000000004
2021,10,10,4,30,66.21000000000001,0.14,3.7,75,701,357,1,21.200000000000003,81.14,962,75,701,1,357,24.700000000000003,180,4.4
2021,10,10,5,30,51.47,0.14,3.7,91,826,606,3,20.8,67.14,962,173,0,1,174,27.400000000000002,179,4.6000000000000005
2021,10,10,6,30,36.89,0.14,3.8000000000000003,101,889,812,1,20.1,56.230000000000004,962,101,889,1,812,29.8,181,4.6000000000000005
2021,10,10,7,30,22.82,0.14,3.8000000000000003,106,924,958,0,19.3,47.92,961,106,924,1,958,31.700000000000003,183,4.7
2021,10,10,8,30,11.35,0.14,3.8000000000000003,109,938,1029,0,18.400000000000002,41.62,960,109,938,1,1029,33.2,186,4.800000000000001
2021,10,10,9,30,13.61,0.14,3.9000000000000004,109,935,1017,0,17.6,37.37,959,109,935,1,1017,34.2,186,4.7
2021,10,10,10,30,26.27,0.14,3.9000000000000004,107,915,927,0,17,35.19,958,107,915,1,927,34.6,185,4.6000000000000005
2021,10,10,11,30,40.53,0.14,3.9000000000000004,101,873,764,1,16.6,34.800000000000004,957,101,873,1,764,34.4,182,4.6000000000000005
2021,10,10,12,30,55.17,0.14,3.9000000000000004,90,797,545,3,16.5,36.22,957,304,189,1,412,33.5,177,4.5
2021,10,10,13,30,69.93,0.14,4,71,641,291,2,16.5,39.980000000000004,957,169,209,1,241,31.8,170,4.3
2021,10,10,14,30,84.68,0.14,4,30,255,54,0,17.1,46.99,958,30,255,1,54,29.6,161,4.1000000000000005
2021,10,10,15,30,99.69,0.14,4,0,0,0,0,18,56.18,959,0,0,1,0,27.5,154,4.5
2021,10,10,16,30,114.58,0.14,4.1000000000000005,0,0,0,0,18.7,64.85,960,0,0,1,0,25.8,151,4.800000000000001
2021,10,10,17,30,129.47,0.14,4.1000000000000005,0,0,0,0,19.400000000000002,74.15,961,0,0,1,0,24.3,152,4.800000000000001
2021,10,10,18,30,144.35,0.14,4.1000000000000005,0,0,0,0,20,82.39,961,0,0,1,0,23.200000000000003,155,4.6000000000000005
2021,10,10,19,30,159.13,0.14,4,0,0,0,0,20.700000000000003,89.49,961,0,0,1,0,22.5,159,4.2
2021,10,10,20,30,173.22,0.14,4,0,0,0,0,21.1,94.34,960,0,0,1,0,22.1,163,4.1000000000000005
2021,10,10,21,30,169.85,0.14,3.9000000000000004,0,0,0,0,21.3,96.26,960,0,0,1,0,21.900000000000002,167,4
2021,10,10,22,30,155.37,0.14,3.9000000000000004,0,0,0,0,21.3,97.24000000000001,960,0,0,1,0,21.8,169,3.8000000000000003
2021,10,10,23,30,140.56,0.14,3.8000000000000003,0,0,0,3,21.400000000000002,98.5,960,0,0,1,0,21.6,170,3.5
2021,10,11,0,30,125.68,0.14,3.8000000000000003,0,0,0,4,21.400000000000002,99.4,960,0,0,0,0,21.5,171,3.2
2021,10,11,1,30,110.79,0.14,3.8000000000000003,0,0,0,4,21.400000000000002,100,961,0,0,0,0,21.400000000000002,174,3
2021,10,11,2,30,95.91,0.14,3.8000000000000003,0,0,0,4,21.5,99.3,961,0,0,0,0,21.6,176,3
2021,10,11,3,30,80.95,0.14,3.8000000000000003,42,406,106,4,21.6,93.28,962,4,0,0,4,22.700000000000003,179,3.9000000000000004
2021,10,11,4,30,66.19,0.14,3.8000000000000003,75,696,356,4,21.400000000000002,80.35000000000001,962,82,0,0,82,25,180,4.800000000000001
2021,10,11,5,30,51.47,0.14,3.9000000000000004,94,817,603,4,20.700000000000003,66.36,962,141,0,0,141,27.5,180,5.1000000000000005
2021,10,11,6,30,36.92,0.14,4,134,830,797,4,20,55.32,962,252,1,0,252,29.900000000000002,180,5.2
2021,10,11,7,30,22.92,0.14,4.1000000000000005,142,867,941,3,19.5,48.15,961,506,191,0,681,31.8,180,5.1000000000000005
2021,10,11,8,30,11.65,0.14,4.2,148,879,1009,5,19,43.21,960,459,21,0,480,33.2,180,5
2021,10,11,9,30,13.93,0.14,4.3,151,872,997,3,18.6,40.46,959,480,80,0,557,33.9,178,4.800000000000001
2021,10,11,10,30,26.47,0.14,4.4,149,845,905,5,18.400000000000002,39.63,957,193,0,0,194,34,174,4.7
2021,10,11,11,30,40.68,0.14,4.5,141,793,743,5,18.400000000000002,41.4,957,316,5,0,320,33.300000000000004,169,4.7
2021,10,11,12,30,55.29,0.14,4.6000000000000005,123,706,525,4,18.7,45.550000000000004,957,112,0,0,112,31.900000000000002,165,4.9
2021,10,11,13,30,70.03,0.14,4.7,94,529,275,3,19.1,51.65,957,24,0,0,24,30.1,161,4.9
2021,10,11,14,30,84.76,0.14,4.800000000000001,35,135,48,3,19.400000000000002,59.04,958,13,0,7,13,28.200000000000003,158,4.5
2021,10,11,15,30,99.77,0.14,4.800000000000001,0,0,0,3,19.8,66,959,0,0,0,0,26.700000000000003,156,4.3
2021,10,11,16,30,114.65,0.14,4.800000000000001,0,0,0,3,19.900000000000002,70.44,960,0,0,0,0,25.700000000000003,155,4.5
2021,10,11,17,30,129.53,0.14,4.7,0,0,0,3,20.1,75.92,961,0,0,0,0,24.6,156,4.6000000000000005
2021,10,11,18,30,144.38,0.14,4.7,0,0,0,4,20.5,82.87,961,0,0,0,0,23.6,161,4.6000000000000005
2021,10,11,19,30,159.13,0.14,4.7,0,0,0,4,21.200000000000003,90.58,961,0,0,0,0,22.8,166,4.4
2021,10,11,20,30,173.05,0.14,4.7,0,0,0,4,21.6,95.36,960,0,0,0,0,22.400000000000002,172,4.1000000000000005
2021,10,11,21,30,169.65,0.14,4.6000000000000005,0,0,0,4,21.8,97.10000000000001,960,0,0,0,0,22.3,177,3.8000000000000003
2021,10,11,22,30,155.26,0.14,4.6000000000000005,0,0,0,4,21.8,98.47,959,0,0,0,0,22.1,181,3.6
2021,10,11,23,30,140.47,0.14,4.6000000000000005,0,0,0,4,21.900000000000002,99.22,959,0,0,0,0,22,184,3.5
2021,10,12,0,30,125.61,0.14,4.5,0,0,0,4,21.8,99.64,959,0,0,0,0,21.900000000000002,185,3.5
2021,10,12,1,30,110.73,0.14,4.5,0,0,0,4,21.8,99.92,960,0,0,0,0,21.8,186,3.4000000000000004
2021,10,12,2,30,95.86,0.14,4.6000000000000005,0,0,0,4,21.700000000000003,99.32000000000001,960,0,0,0,0,21.8,187,3.4000000000000004
2021,10,12,3,30,80.92,0.14,4.6000000000000005,42,412,107,4,21.700000000000003,94.01,961,4,0,0,4,22.700000000000003,188,4.3
2021,10,12,4,30,66.17,0.14,4.7,75,692,354,3,21.3,84.09,962,15,0,1,15,24.200000000000003,189,5.2
2021,10,12,5,30,51.47,0.14,4.800000000000001,93,811,598,4,20.700000000000003,73.32000000000001,962,98,0,0,98,25.8,189,5.300000000000001
2021,10,12,6,30,36.96,0.14,4.9,106,870,801,5,20.1,65.58,962,142,0,0,143,27.1,191,5.1000000000000005
2021,10,12,7,30,23.03,0.14,4.9,115,900,943,4,19.8,60.21,961,150,0,0,150,28.200000000000003,195,5.1000000000000005
2021,10,12,8,30,11.950000000000001,0.14,4.9,122,910,1012,5,19.3,56.36,960,320,1,0,321,28.900000000000002,199,5
2021,10,12,9,30,14.25,0.14,4.9,132,892,997,4,18.900000000000002,53.81,960,225,0,0,225,29.200000000000003,201,5
2021,10,12,10,30,26.67,0.14,4.9,128,870,906,5,18.5,52.75,959,209,0,0,209,29.1,200,4.9
2021,10,12,11,30,40.83,0.14,4.800000000000001,117,832,747,5,18.2,53.13,958,157,0,0,157,28.700000000000003,195,4.7
2021,10,12,12,30,55.410000000000004,0.14,4.800000000000001,108,738,527,4,18.2,55.53,958,128,0,0,128,27.900000000000002,188,4.6000000000000005
2021,10,12,13,30,70.13,0.14,4.800000000000001,84,568,278,3,18.3,60.19,959,141,7,0,143,26.700000000000003,180,4.2
2021,10,12,14,30,84.85000000000001,0.14,4.800000000000001,32,172,48,4,18.8,68.06,959,9,0,7,9,25.1,169,3.3000000000000003
2021,10,12,15,30,99.84,0.14,4.7,0,0,0,4,19.6,76.95,960,0,0,0,0,23.900000000000002,160,2.9000000000000004
2021,10,12,16,30,114.71000000000001,0.14,4.6000000000000005,0,0,0,3,19.900000000000002,82.43,961,0,0,0,0,23.1,156,2.9000000000000004
2021,10,12,17,30,129.57,0.14,4.5,0,0,0,3,20.1,86.24,961,0,0,0,0,22.5,158,2.9000000000000004
2021,10,12,18,30,144.41,0.14,4.4,0,0,0,5,20.200000000000003,89.32000000000001,961,0,0,0,0,22,162,2.8000000000000003
2021,10,12,19,30,159.12,0.14,4.2,0,0,0,4,20.3,92.75,961,0,0,0,0,21.5,166,2.6
2021,10,12,20,30,172.86,0.14,4.1000000000000005,0,0,0,4,20.400000000000002,95.98,961,0,0,0,0,21.1,170,2.3000000000000003
2021,10,12,21,30,169.43,0.14,4,0,0,0,4,20.6,98.56,960,0,0,0,0,20.8,173,2.1
2021,10,12,22,30,155.14000000000001,0.14,3.9000000000000004,0,0,0,5,20.700000000000003,99.77,960,0,0,0,0,20.700000000000003,177,2.1
2021,10,12,23,30,140.38,0.14,3.9000000000000004,0,0,0,5,20.700000000000003,99.48,960,0,0,0,0,20.8,180,2.3000000000000003
2021,10,13,0,30,125.54,0.14,3.8000000000000003,0,0,0,3,20.700000000000003,100,960,0,0,0,0,20.700000000000003,184,2.3000000000000003
2021,10,13,1,30,110.67,0.14,3.8000000000000003,0,0,0,3,20.6,100,961,0,0,0,0,20.6,189,2.2
2021,10,13,2,30,95.81,0.14,3.8000000000000003,0,0,0,3,20.6,99.35000000000001,962,0,0,0,0,20.700000000000003,194,2.3000000000000003
2021,10,13,3,30,80.89,0.14,3.8000000000000003,49,347,104,0,20.5,92.56,962,49,347,0,104,21.8,196,3.3000000000000003
2021,10,13,4,30,66.16,0.14,3.7,87,657,353,1,19.900000000000002,77.64,963,87,657,0,353,24,195,4.2
2021,10,13,5,30,51.480000000000004,0.14,3.7,105,796,601,0,18.7,62.620000000000005,963,105,796,0,601,26.400000000000002,196,4.4
2021,10,13,6,30,37,0.14,3.7,153,800,792,0,17.6,51.33,962,153,800,0,792,28.6,197,4.4
2021,10,13,7,30,23.150000000000002,0.14,3.8000000000000003,157,849,938,0,16.400000000000002,42.77,961,157,849,0,938,30.5,200,4.4
2021,10,13,8,30,12.26,0.14,3.8000000000000003,159,870,1009,0,15.600000000000001,37.27,960,159,870,0,1009,32,201,4.3
2021,10,13,9,30,14.57,0.14,3.8000000000000003,145,886,1003,0,15.200000000000001,34.57,959,145,886,0,1003,32.9,203,4.1000000000000005
2021,10,13,10,30,26.87,0.14,3.8000000000000003,142,861,911,0,15.100000000000001,33.44,958,142,861,0,911,33.300000000000004,202,3.9000000000000004
2021,10,13,11,30,40.980000000000004,0.14,3.8000000000000003,134,812,747,1,15,33.78,958,134,812,0,747,33,200,3.7
2021,10,13,12,30,55.53,0.14,3.9000000000000004,116,726,527,3,14.8,35.09,957,233,7,0,237,32.2,194,3.5
2021,10,13,13,30,70.23,0.14,3.9000000000000004,87,561,277,3,14.9,38.34,958,145,7,0,148,30.700000000000003,184,2.9000000000000004
2021,10,13,14,30,84.93,0.14,3.9000000000000004,32,172,47,3,16.3,48.01,958,20,0,7,20,28.400000000000002,170,2.2
2021,10,13,15,30,99.91,0.14,3.9000000000000004,0,0,0,3,17.7,57.660000000000004,959,0,0,0,0,26.700000000000003,158,3
2021,10,13,16,30,114.77,0.14,3.9000000000000004,0,0,0,3,17.1,59.85,960,0,0,0,0,25.5,154,4
2021,10,13,17,30,129.62,0.14,4,0,0,0,7,17.400000000000002,66.92,961,0,0,0,0,23.900000000000002,152,4
2021,10,13,18,30,144.43,0.14,4,0,0,0,7,18,75.29,961,0,0,0,0,22.6,155,3.5
2021,10,13,19,30,159.1,0.14,4.1000000000000005,0,0,0,7,18.7,82.59,961,0,0,0,0,21.8,159,3.1
2021,10,13,20,30,172.66,0.14,4.1000000000000005,0,0,0,7,19.3,88.38,961,0,0,0,0,21.3,163,2.8000000000000003
2021,10,13,21,30,169.21,0.14,4.1000000000000005,0,0,0,7,19.700000000000003,92.43,960,0,0,0,0,21,167,2.8000000000000003
2021,10,13,22,30,155.02,0.14,4,0,0,0,7,19.900000000000002,95.47,960,0,0,0,0,20.700000000000003,170,2.7
2021,10,13,23,30,140.29,0.14,4,0,0,0,7,20,96.38,960,0,0,0,0,20.6,172,2.5
2021,10,14,0,30,125.46000000000001,0.14,3.9000000000000004,0,0,0,8,20.1,97.34,960,0,0,0,0,20.5,175,2.3000000000000003
2021,10,14,1,30,110.62,0.14,3.9000000000000004,0,0,0,1,20.1,98.15,961,0,0,0,0,20.400000000000002,179,2.2
2021,10,14,2,30,95.77,0.14,3.8000000000000003,0,0,0,0,20.1,97.63,961,0,0,0,0,20.5,182,2.4000000000000004
2021,10,14,3,30,80.86,0.14,3.8000000000000003,49,360,106,1,20.1,91.16,962,49,360,0,106,21.6,184,3.2
2021,10,14,4,30,66.14,0.14,3.8000000000000003,85,669,355,0,19.6,77.31,962,85,669,0,355,23.8,186,3.8000000000000003
2021,10,14,5,30,51.49,0.14,3.8000000000000003,100,807,603,0,18.2,60.45,963,100,807,0,603,26.5,189,4
2021,10,14,6,30,37.050000000000004,0.14,3.8000000000000003,109,878,810,0,16.7,46.59,962,109,878,0,810,29.3,193,4
2021,10,14,7,30,23.27,0.14,3.8000000000000003,114,916,955,0,15.8,38.62,961,114,916,0,955,31.6,195,3.8000000000000003
2021,10,14,8,30,12.56,0.14,3.8000000000000003,116,931,1025,0,15.5,34.6,960,116,931,0,1025,33.2,195,3.5
2021,10,14,9,30,14.89,0.14,3.8000000000000003,128,911,1009,0,15.3,32.3,959,128,911,0,1009,34.2,192,3.3000000000000003
2021,10,14,10,30,27.07,0.14,3.8000000000000003,128,884,915,2,15.100000000000001,31.23,958,477,154,0,615,34.6,187,3.1
2021,10,14,11,30,41.13,0.14,3.8000000000000003,124,831,750,7,15,31.25,957,299,410,0,608,34.4,180,3
2021,10,14,12,30,55.65,0.14,3.8000000000000003,102,765,533,3,14.8,32.230000000000004,957,219,3,0,221,33.7,173,3
2021,10,14,13,30,70.33,0.14,3.8000000000000003,79,600,281,3,14.8,35.35,957,140,6,0,142,32,165,2.7
2021,10,14,14,30,85.01,0.14,3.8000000000000003,31,194,48,3,16.1,43.97,958,34,0,7,34,29.6,158,2.5
2021,10,14,15,30,99.98,0.14,3.8000000000000003,0,0,0,1,17.2,53.03,959,0,0,0,0,27.6,153,3.4000000000000004
2021,10,14,16,30,114.82000000000001,0.14,3.9000000000000004,0,0,0,3,17,57.42,960,0,0,0,0,26.1,152,4.2
2021,10,14,17,30,129.66,0.14,3.9000000000000004,0,0,0,3,17.900000000000002,67.1,960,0,0,0,0,24.400000000000002,154,4
2021,10,14,18,30,144.44,0.14,3.9000000000000004,0,0,0,0,18.8,76.99,961,0,0,0,0,23.1,159,3.5
2021,10,14,19,30,159.07,0.14,3.9000000000000004,0,0,0,0,19.6,85.16,961,0,0,0,0,22.200000000000003,163,3
2021,10,14,20,30,172.44,0.14,3.9000000000000004,0,0,0,0,20.1,90.85000000000001,960,0,0,0,0,21.700000000000003,164,2.8000000000000003
2021,10,14,21,30,168.99,0.14,3.9000000000000004,0,0,0,0,20.6,94.56,960,0,0,0,0,21.5,166,2.8000000000000003
2021,10,14,22,30,154.89000000000001,0.14,3.8000000000000003,0,0,0,0,20.900000000000002,96.89,959,0,0,0,0,21.400000000000002,168,2.8000000000000003
2021,10,14,23,30,140.20000000000002,0.14,3.8000000000000003,0,0,0,0,21,97.83,959,0,0,0,0,21.400000000000002,169,2.7
2021,10,15,0,30,125.39,0.14,3.7,0,0,0,0,21.1,98.37,960,0,0,0,0,21.400000000000002,172,2.5
2021,10,15,1,30,110.56,0.14,3.7,0,0,0,0,21.200000000000003,99.69,960,0,0,0,0,21.200000000000003,176,2.5
2021,10,15,2,30,95.73,0.14,3.7,0,0,0,0,21.1,98.60000000000001,961,0,0,0,0,21.3,181,2.7
2021,10,15,3,30,80.83,0.14,3.7,44,410,110,1,21,91.66,961,44,410,0,110,22.400000000000002,182,3.4000000000000004
2021,10,15,4,30,66.13,0.14,3.7,76,702,360,3,20.3,76.77,962,219,65,0,246,24.700000000000003,182,4.1000000000000005
2021,10,15,5,30,51.5,0.14,3.8000000000000003,94,824,607,3,19,60.27,962,337,98,0,398,27.400000000000002,181,4.4
2021,10,15,6,30,37.1,0.14,3.8000000000000003,117,866,807,3,17.8,48.79,962,403,324,0,662,29.700000000000003,182,4.4
2021,10,15,7,30,23.400000000000002,0.14,3.9000000000000004,124,899,949,7,16.7,41.85,961,233,665,0,843,31.200000000000003,185,4.2
2021,10,15,8,30,12.88,0.14,3.9000000000000004,129,912,1018,8,16.2,37.95,960,395,386,0,771,32.300000000000004,187,3.9000000000000004
2021,10,15,9,30,15.21,0.14,3.9000000000000004,125,914,1007,0,15.8,35.57,958,125,914,0,1007,33.1,187,3.5
2021,10,15,10,30,27.27,0.14,3.9000000000000004,119,897,917,0,15.700000000000001,34.43,958,119,897,0,917,33.5,184,3.3000000000000003
2021,10,15,11,30,41.27,0.14,3.9000000000000004,108,860,755,7,15.600000000000001,33.95,957,228,582,7,665,33.6,179,3.2
2021,10,15,12,30,55.76,0.14,3.8000000000000003,92,791,537,1,15.5,34.59,957,92,791,0,537,33.2,173,3.2
2021,10,15,13,30,70.43,0.14,3.8000000000000003,68,647,285,3,15.5,37.25,957,10,0,0,10,31.900000000000002,165,2.8000000000000003
2021,10,15,14,30,85.09,0.14,3.8000000000000003,27,265,50,3,16.6,46.37,957,17,0,7,17,29.3,156,2.4000000000000004
2021,10,15,15,30,100.05,0.14,3.8000000000000003,0,0,0,3,17.900000000000002,56.95,958,0,0,0,0,27.200000000000003,150,3.1
2021,10,15,16,30,114.87,0.14,3.8000000000000003,0,0,0,3,18.2,62.1,959,0,0,0,0,26,148,4.1000000000000005
2021,10,15,17,30,129.69,0.14,3.9000000000000004,0,0,0,7,19.200000000000003,72.57000000000001,959,0,0,0,0,24.5,148,4.1000000000000005
2021,10,15,18,30,144.45000000000002,0.14,3.9000000000000004,0,0,0,4,20.3,82.51,960,0,0,0,0,23.400000000000002,150,3.9000000000000004
2021,10,15,19,30,159.03,0.14,3.9000000000000004,0,0,0,4,21,90.25,960,0,0,0,0,22.700000000000003,153,3.7
2021,10,15,20,30,172.21,0.14,3.9000000000000004,0,0,0,4,21.5,94.82000000000001,959,0,0,0,0,22.400000000000002,155,3.6
2021,10,15,21,30,168.76,0.14,3.9000000000000004,0,0,0,4,21.8,97.29,959,0,0,0,0,22.3,156,3.4000000000000004
2021,10,15,22,30,154.77,0.14,3.9000000000000004,0,0,0,4,22,98.55,958,0,0,0,0,22.200000000000003,157,3.3000000000000003
2021,10,15,23,30,140.11,0.14,3.9000000000000004,0,0,0,4,22,99.18,958,0,0,0,0,22.1,158,3.2
2021,10,16,0,30,125.32000000000001,0.14,3.9000000000000004,0,0,0,3,21.900000000000002,99.97,959,0,0,0,0,21.900000000000002,160,3.2
2021,10,16,1,30,110.51,0.14,3.9000000000000004,0,0,0,0,21.700000000000003,100,959,0,0,0,0,21.700000000000003,163,3.2
2021,10,16,2,30,95.69,0.14,3.9000000000000004,0,0,0,0,21.6,99.74000000000001,960,0,0,0,0,21.6,165,3.4000000000000004
2021,10,16,3,30,80.81,0.14,3.9000000000000004,43,430,112,3,21.400000000000002,93.58,961,11,0,0,11,22.5,169,4.2
2021,10,16,4,30,66.13,0.14,3.9000000000000004,73,717,363,3,20.700000000000003,78.63,961,217,63,0,242,24.700000000000003,172,4.9
2021,10,16,5,30,51.52,0.14,4,88,836,609,3,19.900000000000002,64.33,961,270,14,0,278,27.200000000000003,175,4.9
2021,10,16,6,30,37.160000000000004,0.14,4,119,861,805,3,19.200000000000003,53.52,961,418,116,0,510,29.6,179,4.6000000000000005
2021,10,16,7,30,23.54,0.14,4.1000000000000005,124,898,948,2,18.400000000000002,45.87,960,497,221,0,699,31.5,183,4.2
2021,10,16,8,30,13.19,0.14,4.1000000000000005,128,912,1016,0,17.900000000000002,40.9,959,128,912,0,1016,32.9,186,3.9000000000000004
2021,10,16,9,30,15.52,0.14,4.1000000000000005,127,910,1004,0,17.5,37.74,957,127,910,0,1004,33.9,188,3.6
2021,10,16,10,30,27.48,0.14,4.1000000000000005,121,892,913,3,17.2,35.87,956,470,153,0,606,34.5,189,3.5
2021,10,16,11,30,41.42,0.14,4.1000000000000005,112,850,750,0,16.900000000000002,35.61,955,112,850,0,750,34.300000000000004,188,3.3000000000000003
2021,10,16,12,30,55.88,0.14,4,88,800,537,0,16.7,36.72,955,88,800,0,537,33.5,184,3.3000000000000003
2021,10,16,13,30,70.52,0.14,4,68,648,284,3,16.6,39.800000000000004,955,90,0,0,90,32,177,3
2021,10,16,14,30,85.17,0.14,4,29,239,49,3,17.3,46.71,956,17,0,7,17,29.900000000000002,167,2.7
2021,10,16,15,30,100.11,0.14,4,0,0,0,0,18.3,55.45,957,0,0,0,0,28.1,159,3.3000000000000003
2021,10,16,16,30,114.92,0.14,4,0,0,0,3,18.6,61.03,958,0,0,0,0,26.700000000000003,156,4.1000000000000005
2021,10,16,17,30,129.72,0.14,3.9000000000000004,0,0,0,3,19.200000000000003,69.87,958,0,0,0,0,25.1,156,4.2
2021,10,16,18,30,144.46,0.14,3.8000000000000003,0,0,0,0,19.700000000000003,78.16,959,0,0,0,0,23.700000000000003,158,3.9000000000000004
2021,10,16,19,30,158.98,0.14,3.7,0,0,0,0,19.900000000000002,84.45,959,0,0,0,0,22.700000000000003,160,3.4000000000000004
2021,10,16,20,30,171.98,0.14,3.7,0,0,0,0,20.200000000000003,88.88,958,0,0,0,0,22.1,161,3
2021,10,16,21,30,168.53,0.14,3.6,0,0,0,0,20.400000000000002,93,958,0,0,0,0,21.6,162,2.8000000000000003
2021,10,16,22,30,154.64000000000001,0.14,3.6,0,0,0,0,20.6,95.82000000000001,958,0,0,0,0,21.3,164,2.7
2021,10,16,23,30,140.02,0.14,3.6,0,0,0,0,20.700000000000003,97.61,958,0,0,0,0,21.1,167,2.8000000000000003
2021,10,17,0,30,125.25,0.14,3.5,0,0,0,3,20.700000000000003,98.56,958,0,0,0,0,20.900000000000002,169,2.9000000000000004
2021,10,17,1,30,110.45,0.14,3.5,0,0,0,1,20.700000000000003,99.15,959,0,0,0,0,20.8,172,2.8000000000000003
2021,10,17,2,30,95.65,0.14,3.5,0,0,0,0,20.6,98.38,960,0,0,0,0,20.900000000000002,176,3
2021,10,17,3,30,80.79,0.14,3.5,48,384,110,0,20.6,90.44,960,48,384,0,110,22.200000000000003,179,4
2021,10,17,4,30,66.12,0.14,3.6,83,684,360,3,20,75.63,961,220,60,0,245,24.6,179,4.800000000000001
2021,10,17,5,30,51.54,0.14,3.6,98,819,608,3,19.200000000000003,61.2,961,276,17,0,286,27.3,180,4.9
2021,10,17,6,30,37.22,0.14,3.7,107,886,813,1,18.6,50.81,960,107,886,0,813,29.900000000000002,182,4.6000000000000005
2021,10,17,7,30,23.68,0.14,3.8000000000000003,113,920,955,0,18.2,43.4,960,113,920,0,955,32.2,187,4.3
2021,10,17,8,30,13.51,0.14,3.9000000000000004,118,930,1022,0,17.8,38.27,958,118,930,0,1022,34,191,3.9000000000000004
2021,10,17,9,30,15.84,0.14,3.9000000000000004,112,936,1012,0,17.5,35.5,957,112,936,0,1012,35,194,3.5
2021,10,17,10,30,27.68,0.14,4,111,910,917,0,17.2,34.480000000000004,956,111,910,0,917,35.2,193,3.2
2021,10,17,11,30,41.57,0.14,4.1000000000000005,106,863,752,0,17,34.910000000000004,955,106,863,0,752,34.7,188,3.1
2021,10,17,12,30,55.99,0.14,4.2,98,770,529,0,16.900000000000002,36.9,955,98,770,0,529,33.6,179,3.1
2021,10,17,13,30,70.61,0.14,4.3,77,601,277,0,17.1,40.64,956,77,601,0,277,32.1,167,3.1
2021,10,17,14,30,85.24,0.14,4.4,31,178,45,0,17.8,47.61,956,31,178,0,45,30.1,157,3.1
2021,10,17,15,30,100.17,0.14,4.4,0,0,0,3,18.7,56,957,0,0,0,0,28.3,150,3.7
2021,10,17,16,30,114.97,0.14,4.3,0,0,0,3,19.1,63.06,958,0,0,0,0,26.700000000000003,149,4.4
2021,10,17,17,30,129.75,0.14,4.2,0,0,0,0,19.400000000000002,70.73,959,0,0,0,0,25.1,149,4.5
2021,10,17,18,30,144.46,0.14,4.1000000000000005,0,0,0,0,19.6,78.04,959,0,0,0,0,23.700000000000003,150,4.2
2021,10,17,19,30,158.93,0.14,4,0,0,0,0,19.900000000000002,83.89,959,0,0,0,0,22.8,151,3.9000000000000004
2021,10,17,20,30,171.73,0.14,3.9000000000000004,0,0,0,0,20.3,88.79,959,0,0,0,0,22.200000000000003,153,3.7
2021,10,17,21,30,168.29,0.14,3.8000000000000003,0,0,0,0,20.5,91.98,958,0,0,0,0,21.900000000000002,158,3.6
2021,10,17,22,30,154.51,0.14,3.7,0,0,0,3,20.700000000000003,94.74,958,0,0,0,0,21.6,163,3.5
2021,10,17,23,30,139.93,0.14,3.6,0,0,0,0,20.8,95.97,958,0,0,0,0,21.5,168,3.4000000000000004
2021,10,18,0,30,125.19,0.14,3.6,0,0,0,0,20.900000000000002,96.87,958,0,0,0,0,21.400000000000002,172,3.3000000000000003
2021,10,18,1,30,110.4,0.14,3.6,0,0,0,0,20.900000000000002,97.66,959,0,0,0,0,21.3,174,3.1
2021,10,18,2,30,95.62,0.14,3.6,0,0,0,3,20.900000000000002,97.10000000000001,959,0,0,0,0,21.400000000000002,174,3.2
2021,10,18,3,30,80.77,0.14,3.6,47,397,110,3,20.900000000000002,90.32000000000001,960,4,0,0,4,22.6,174,3.9000000000000004
2021,10,18,4,30,66.12,0.14,3.7,81,689,360,3,20.5,76.43,961,164,6,0,166,24.900000000000002,174,4.6000000000000005
2021,10,18,5,30,51.57,0.14,3.8000000000000003,101,810,604,3,19.8,62.56,961,215,1,0,216,27.6,175,4.5
2021,10,18,6,30,37.29,0.14,3.9000000000000004,131,841,800,3,19.3,52.76,961,252,1,0,252,30,177,4.2
2021,10,18,7,30,23.82,0.14,4,138,879,942,3,18.900000000000002,45.62,961,364,3,0,366,32.1,180,3.8000000000000003
2021,10,18,8,30,13.82,0.14,4,141,893,1009,8,18.6,41.04,959,435,276,0,703,33.6,181,3.4000000000000004
2021,10,18,9,30,16.16,0.14,4,158,863,987,7,18.3,38.63,958,425,315,0,727,34.4,180,3.1
2021,10,18,10,30,27.88,0.14,4.1000000000000005,149,846,897,8,18.1,38.01,957,415,185,0,578,34.5,174,2.8000000000000003
2021,10,18,11,30,41.71,0.14,4.2,136,803,735,7,18,38.21,956,350,169,0,476,34.2,164,2.7
2021,10,18,12,30,56.11,0.14,4.2,117,719,517,7,17.8,40,956,246,310,0,419,33.2,156,2.9000000000000004
2021,10,18,13,30,70.7,0.14,4.3,87,547,268,7,17.900000000000002,44.07,956,152,200,0,218,31.6,151,3.2
2021,10,18,14,30,85.31,0.14,4.4,31,141,42,1,18.400000000000002,50.69,957,31,141,0,42,29.700000000000003,149,3.3000000000000003
2021,10,18,15,30,100.23,0.14,4.4,0,0,0,1,19.1,58.17,958,0,0,0,0,28.1,149,3.8000000000000003
2021,10,18,16,30,115.01,0.14,4.3,0,0,0,7,19.400000000000002,64.1,959,0,0,0,0,26.700000000000003,149,4.3
2021,10,18,17,30,129.77,0.14,4.2,0,0,0,0,19.6,70.68,959,0,0,0,0,25.3,148,4.5
2021,10,18,18,30,144.45000000000002,0.14,4.2,0,0,0,0,20,77.79,960,0,0,0,0,24.1,148,4.3
2021,10,18,19,30,158.87,0.14,4.2,0,0,0,0,20.6,84.56,960,0,0,0,0,23.3,147,4
2021,10,18,20,30,171.47,0.14,4.1000000000000005,0,0,0,0,21.1,89.57000000000001,960,0,0,0,0,22.900000000000002,148,3.8000000000000003
2021,10,18,21,30,168.05,0.14,4.1000000000000005,0,0,0,0,21.5,93.33,959,0,0,0,0,22.6,150,3.5
2021,10,18,22,30,154.38,0.14,4.1000000000000005,0,0,0,0,21.8,95.77,959,0,0,0,0,22.5,151,3.2
2021,10,18,23,30,139.84,0.14,4.1000000000000005,0,0,0,0,22,97.41,959,0,0,0,0,22.400000000000002,153,3.1
2021,10,19,0,30,125.12,0.14,4,0,0,0,0,22.1,97.97,959,0,0,0,0,22.400000000000002,154,3.1
2021,10,19,1,30,110.35000000000001,0.14,3.9000000000000004,0,0,0,0,22.1,98.84,960,0,0,0,0,22.3,156,3.2
2021,10,19,2,30,95.58,0.14,3.9000000000000004,0,0,0,0,22.1,98.26,960,0,0,0,0,22.400000000000002,157,3.4000000000000004
2021,10,19,3,30,80.75,0.14,3.9000000000000004,47,396,110,1,22.1,92.61,961,47,396,0,110,23.400000000000002,156,4.1000000000000005
2021,10,19,4,30,66.13,0.14,3.9000000000000004,80,689,359,1,21.700000000000003,79.47,962,80,689,0,359,25.5,156,4.7
2021,10,19,5,30,51.6,0.14,4,100,810,603,0,20.8,64.79,962,100,810,0,603,28,157,4.6000000000000005
2021,10,19,6,30,37.36,0.14,4.1000000000000005,113,872,806,0,19.900000000000002,53.93,962,113,872,0,806,30.3,159,4.3
2021,10,19,7,30,23.98,0.14,4.1000000000000005,122,903,947,3,19.400000000000002,47.47,961,357,2,0,359,32,159,4
2021,10,19,8,30,14.14,0.14,4.2,128,912,1013,3,19.1,44.29,960,470,43,0,512,32.9,158,3.8000000000000003
2021,10,19,9,30,16.47,0.14,4.3,142,887,993,2,18.900000000000002,42.74,959,488,350,0,824,33.300000000000004,155,3.7
2021,10,19,10,30,28.080000000000002,0.14,4.5,134,869,900,3,18.8,43.08,958,422,34,0,451,33,151,3.8000000000000003
2021,10,19,11,30,41.86,0.14,4.6000000000000005,119,831,738,2,19,46.06,958,407,136,0,508,32,149,4
2021,10,19,12,30,56.22,0.14,4.800000000000001,118,709,513,2,19.400000000000002,51.09,958,309,102,0,366,30.700000000000003,149,4.2
2021,10,19,13,30,70.79,0.14,5,88,538,265,3,19.900000000000002,57.71,958,78,0,0,78,29.1,150,4.1000000000000005
2021,10,19,14,30,85.38,0.14,5.1000000000000005,31,132,42,7,20.400000000000002,65.29,959,36,4,7,36,27.5,151,4
2021,10,19,15,30,100.28,0.14,5.2,0,0,0,7,20.8,72.57000000000001,959,0,0,0,0,26.1,152,4
2021,10,19,16,30,115.04,0.14,5.300000000000001,0,0,0,6,21,78.31,961,0,0,0,0,25,153,4
2021,10,19,17,30,129.79,0.14,5.4,0,0,0,7,21.1,83.18,962,0,0,0,0,24.1,154,4.1000000000000005
2021,10,19,18,30,144.44,0.14,5.300000000000001,0,0,0,4,21.3,87.27,962,0,0,0,0,23.5,154,3.9000000000000004
2021,10,19,19,30,158.8,0.14,5.2,0,0,0,4,21.6,91.08,962,0,0,0,0,23.1,155,3.6
2021,10,19,20,30,171.21,0.14,5.1000000000000005,0,0,0,3,21.8,93.71000000000001,962,0,0,0,0,22.900000000000002,158,3.2
2021,10,19,21,30,167.81,0.14,5,0,0,0,3,21.900000000000002,94.91,961,0,0,0,0,22.8,162,2.9000000000000004
2021,10,19,22,30,154.25,0.14,4.9,0,0,0,4,21.900000000000002,95.83,961,0,0,0,0,22.6,168,2.8000000000000003
2021,10,19,23,30,139.75,0.14,4.800000000000001,0,0,0,3,21.900000000000002,96.73,961,0,0,0,0,22.400000000000002,173,2.7
2021,10,20,0,30,125.05,0.14,4.7,0,0,0,4,21.900000000000002,97.51,961,0,0,0,0,22.3,178,2.8000000000000003
2021,10,20,1,30,110.31,0.14,4.6000000000000005,0,0,0,4,21.900000000000002,98.69,961,0,0,0,0,22.1,179,3
2021,10,20,2,30,95.55,0.14,4.4,0,0,0,1,21.900000000000002,98.82000000000001,962,0,0,0,0,22.1,179,3.2
2021,10,20,3,30,80.74,0.14,4.4,45,395,108,0,21.900000000000002,93.78,963,45,395,0,108,23,176,3.9000000000000004
2021,10,20,4,30,66.13,0.14,4.3,79,686,356,0,21.5,81.10000000000001,963,79,686,0,356,25,173,4.7
2021,10,20,5,30,51.63,0.14,4.3,98,808,599,0,20.3,65.73,963,98,808,0,599,27.3,170,4.800000000000001
2021,10,20,6,30,37.44,0.14,4.4,129,836,793,3,19.5,55.730000000000004,963,303,2,0,305,29.3,168,4.5
2021,10,20,7,30,24.13,0.14,4.4,142,868,934,3,19.200000000000003,50.4,962,493,168,0,646,30.700000000000003,168,4.2
2021,10,20,8,30,14.46,0.14,4.5,148,878,999,3,19,47.38,961,481,86,0,564,31.5,170,3.8000000000000003
2021,10,20,9,30,16.78,0.14,4.5,179,829,974,3,18.7,45.9,960,460,28,0,487,31.8,172,3.6
2021,10,20,10,30,28.29,0.14,4.5,169,811,883,7,18.5,45.7,959,331,456,0,733,31.6,174,3.5
2021,10,20,11,30,42,0.14,4.6000000000000005,149,774,723,8,18.400000000000002,47.14,959,348,131,0,446,31,174,3.4000000000000004
2021,10,20,12,30,56.33,0.14,4.6000000000000005,123,695,509,8,18.5,49.88,959,17,0,0,17,30.1,171,3.3000000000000003
2021,10,20,13,30,70.88,0.14,4.7,91,523,262,8,18.6,54.26,959,122,15,0,126,28.8,165,3.1
2021,10,20,14,30,85.44,0.14,4.7,30,135,41,7,19,60.35,960,16,0,7,16,27.3,156,2.5
2021,10,20,15,30,100.33,0.14,4.800000000000001,0,0,0,8,19.700000000000003,68.21000000000001,960,0,0,0,0,26,148,2.4000000000000004
2021,10,20,16,30,115.08,0.14,4.800000000000001,0,0,0,7,20.1,73.16,961,0,0,0,0,25.200000000000003,145,2.7
2021,10,20,17,30,129.8,0.14,4.800000000000001,0,0,0,7,20.400000000000002,78.23,962,0,0,0,0,24.400000000000002,147,2.9000000000000004
2021,10,20,18,30,144.43,0.14,4.800000000000001,0,0,0,8,20.700000000000003,83.09,962,0,0,0,0,23.700000000000003,151,3
2021,10,20,19,30,158.73,0.14,4.800000000000001,0,0,0,7,20.900000000000002,87.63,962,0,0,0,0,23.1,158,3.2
2021,10,20,20,30,170.94,0.14,4.9,0,0,0,7,21.200000000000003,91.37,962,0,0,0,0,22.700000000000003,163,3.3000000000000003
2021,10,20,21,30,167.56,0.14,4.9,0,0,0,4,21.5,94.93,961,0,0,0,0,22.400000000000002,166,3.1
2021,10,20,22,30,154.11,0.14,4.800000000000001,0,0,0,4,21.8,96.85000000000001,961,0,0,0,0,22.3,167,3
2021,10,20,23,30,139.66,0.14,4.800000000000001,0,0,0,4,21.900000000000002,97.4,961,0,0,0,0,22.3,167,2.9000000000000004
2021,10,21,0,30,124.99000000000001,0.13,4.7,0,0,0,4,21.900000000000002,98.10000000000001,961,0,0,0,0,22.200000000000003,167,2.9000000000000004
2021,10,21,1,30,110.26,0.13,4.6000000000000005,0,0,0,4,21.900000000000002,99.28,962,0,0,0,0,22,167,2.7
2021,10,21,2,30,95.52,0.13,4.5,0,0,0,4,21.900000000000002,99.22,962,0,0,0,0,22,168,2.8000000000000003
2021,10,21,3,30,80.73,0.13,4.4,46,397,110,3,21.900000000000002,93.86,963,4,0,0,4,22.900000000000002,173,3.5
2021,10,21,4,30,66.14,0.13,4.4,77,690,356,3,21.400000000000002,81.04,963,218,74,0,248,24.900000000000002,177,4.2
2021,10,21,5,30,51.67,0.13,4.4,95,815,600,5,20.5,65.87,963,299,54,0,333,27.400000000000002,180,4.2
2021,10,21,6,30,37.52,0.13,4.4,106,878,802,3,19.6,54.82,963,421,135,0,528,29.6,184,3.9000000000000004
2021,10,21,7,30,24.3,0.13,4.4,114,910,943,1,19,48.29,962,114,910,0,943,31.200000000000003,186,3.4000000000000004
2021,10,21,8,30,14.780000000000001,0.13,4.4,117,923,1010,3,18.6,45.1,961,473,86,0,557,32,188,2.8000000000000003
2021,10,21,9,30,17.1,0.13,4.5,118,917,995,3,18.2,43.76,960,399,5,0,404,32.1,189,2.3000000000000003
2021,10,21,10,30,28.490000000000002,0.13,4.5,112,900,903,3,17.900000000000002,44.15,959,278,1,0,279,31.6,189,1.8
2021,10,21,11,30,42.14,0.13,4.5,103,860,741,7,17.900000000000002,45.81,958,246,498,0,615,30.900000000000002,184,1.3
2021,10,21,12,30,56.43,0.13,4.6000000000000005,113,720,512,3,18,48.33,958,303,83,0,348,30.1,166,1
2021,10,21,13,30,70.96000000000001,0.13,4.6000000000000005,83,561,266,0,18.2,52.910000000000004,959,83,561,0,266,28.8,138,0.8
2021,10,21,14,30,85.51,0.13,4.6000000000000005,28,166,41,0,19.3,61.230000000000004,959,28,166,0,41,27.400000000000002,120,0.9
2021,10,21,15,30,100.38,0.13,4.7,0,0,0,0,20.400000000000002,70.53,960,0,0,0,0,26.200000000000003,120,1.1
2021,10,21,16,30,115.11,0.13,4.7,0,0,0,0,20.700000000000003,75.87,961,0,0,0,0,25.3,128,1.5
2021,10,21,17,30,129.81,0.13,4.7,0,0,0,1,20.8,79.94,962,0,0,0,0,24.5,137,2
2021,10,21,18,30,144.41,0.13,4.7,0,0,0,3,20.900000000000002,84.06,962,0,0,0,0,23.8,145,2.5
2021,10,21,19,30,158.65,0.13,4.6000000000000005,0,0,0,3,21.200000000000003,89.18,962,0,0,0,0,23.1,152,2.9000000000000004
2021,10,21,20,30,170.66,0.13,4.6000000000000005,0,0,0,4,21.5,93.49,961,0,0,0,0,22.6,157,3
2021,10,21,21,30,167.32,0.13,4.5,0,0,0,1,21.700000000000003,97.10000000000001,961,0,0,0,0,22.200000000000003,162,3
2021,10,21,22,30,153.98,0.13,4.4,0,0,0,0,21.8,98.45,960,0,0,0,0,22.1,165,3
2021,10,21,23,30,139.57,0.13,4.3,0,0,0,0,21.900000000000002,99.49000000000001,960,0,0,0,0,22,168,3
2021,10,22,0,30,124.93,0.13,4.2,0,0,0,1,21.900000000000002,99.39,960,0,0,0,0,22,170,3
2021,10,22,1,30,110.22,0.13,4.2,0,0,0,3,21.900000000000002,99.87,961,0,0,0,0,21.900000000000002,172,2.9000000000000004
2021,10,22,2,30,95.5,0.13,4.2,0,0,0,3,21.900000000000002,99.19,962,0,0,0,0,22,174,2.9000000000000004
2021,10,22,3,30,80.72,0.13,4.2,50,363,108,3,21.900000000000002,93.3,962,4,0,0,4,23,179,3.5
2021,10,22,4,30,66.16,0.13,4.2,89,652,352,2,21.5,81.12,963,198,22,0,207,25,182,4
2021,10,22,5,30,51.71,0.13,4.2,112,779,594,0,20.8,68.02,963,112,779,0,594,27.200000000000003,183,3.8000000000000003
2021,10,22,6,30,37.6,0.13,4.2,137,825,791,0,20.3,58.29,963,137,825,0,791,29.3,184,3.2
2021,10,22,7,30,24.46,0.13,4.2,143,868,933,0,19.900000000000002,52.03,962,143,868,0,933,30.900000000000002,183,2.5
2021,10,22,8,30,15.1,0.13,4.3,143,889,1000,0,19.400000000000002,47.46,961,143,889,0,1000,32,178,1.8
2021,10,22,9,30,17.400000000000002,0.13,4.3,162,856,979,2,18.8,44.78,959,527,226,0,742,32.300000000000004,170,1.4000000000000001
2021,10,22,10,30,28.69,0.13,4.4,148,844,889,3,18.400000000000002,45.08,959,304,1,0,305,31.8,170,1.4000000000000001
2021,10,22,11,30,42.28,0.13,4.5,135,798,726,3,18.6,48.09,958,117,0,0,117,30.8,177,1.5
2021,10,22,12,30,56.54,0.13,4.6000000000000005,118,706,508,3,18.900000000000002,52.7,959,25,0,0,25,29.6,179,1.7000000000000002
2021,10,22,13,30,71.04,0.13,4.7,90,523,260,3,19.400000000000002,58.9,959,38,0,0,38,28.200000000000003,175,1.9000000000000001
2021,10,22,14,30,85.57000000000001,0.13,4.7,29,124,39,8,20.200000000000003,68,960,19,0,7,19,26.6,170,2
2021,10,22,15,30,100.43,0.13,4.800000000000001,0,0,0,7,21,77.18,961,0,0,0,0,25.3,165,2.5
2021,10,22,16,30,115.13,0.13,4.800000000000001,0,0,0,7,21.400000000000002,84,962,0,0,0,0,24.3,161,3
2021,10,22,17,30,129.81,0.13,4.800000000000001,0,0,0,0,21.6,88.58,962,0,0,0,0,23.6,158,3.3000000000000003
2021,10,22,18,30,144.38,0.13,4.7,0,0,0,3,21.700000000000003,92.32000000000001,962,0,0,0,0,23,158,3.4000000000000004
2021,10,22,19,30,158.56,0.13,4.6000000000000005,0,0,0,0,21.700000000000003,94.76,962,0,0,0,0,22.6,161,3.3000000000000003
2021,10,22,20,30,170.38,0.13,4.5,0,0,0,0,21.8,96.8,962,0,0,0,0,22.3,164,3.1
2021,10,22,21,30,167.07,0.13,4.4,0,0,0,0,21.8,98.25,961,0,0,0,0,22.1,167,3
2021,10,22,22,30,153.85,0.13,4.3,0,0,0,3,21.8,98.85000000000001,961,0,0,0,0,22,170,3
2021,10,22,23,30,139.48,0.13,4.1000000000000005,0,0,0,3,21.700000000000003,99.55,961,0,0,0,0,21.8,172,3.1
2021,10,23,0,30,124.87,0.13,4,0,0,0,3,21.6,99.99000000000001,961,0,0,0,0,21.6,171,2.9000000000000004
2021,10,23,1,30,110.18,0.13,4,0,0,0,1,21.3,100,962,0,0,0,0,21.3,169,2.4000000000000004
2021,10,23,2,30,95.48,0.13,4,0,0,0,0,21.400000000000002,99.78,963,0,0,0,0,21.400000000000002,165,2.2
2021,10,23,3,30,80.71000000000001,0.13,4,51,338,105,1,21.400000000000002,93.79,964,51,338,0,105,22.5,164,2.8000000000000003
2021,10,23,4,30,66.17,0.13,4,92,635,349,2,20.8,79.18,964,211,34,0,225,24.700000000000003,163,3.5
2021,10,23,5,30,51.75,0.13,4,114,771,591,0,19.400000000000002,62,964,114,771,0,591,27.3,161,3.5
2021,10,23,6,30,37.69,0.13,3.9000000000000004,127,845,795,0,18.900000000000002,52.74,964,127,845,0,795,29.6,157,3.1
2021,10,23,7,30,24.63,0.13,3.9000000000000004,136,880,936,0,18.8,47.300000000000004,963,136,880,0,936,31.400000000000002,148,2.6
2021,10,23,8,30,15.42,0.13,3.9000000000000004,143,891,1002,2,18.7,43.76,962,516,293,0,798,32.6,136,2.1
2021,10,23,9,30,17.71,0.13,4,150,875,983,7,18.400000000000002,41.68,960,320,532,7,826,33.1,125,1.9000000000000001
2021,10,23,10,30,28.89,0.13,4,142,857,892,3,18,40.21,959,249,0,0,249,33.300000000000004,121,1.8
2021,10,23,11,30,42.42,0.13,4.1000000000000005,129,811,728,3,17.6,39.89,959,351,39,0,380,33,124,1.9000000000000001
2021,10,23,12,30,56.64,0.13,4.1000000000000005,117,709,507,7,17.3,41.38,959,221,388,7,434,32.1,130,2
2021,10,23,13,30,71.12,0.13,4.1000000000000005,85,543,261,7,17.400000000000002,44.89,959,123,16,0,128,30.700000000000003,137,1.7000000000000002
2021,10,23,14,30,85.62,0.13,4.1000000000000005,28,142,39,0,19.3,57.35,960,28,142,0,39,28.5,142,1.4000000000000001
2021,10,23,15,30,100.47,0.13,4.1000000000000005,0,0,0,0,21.3,72.19,960,0,0,0,0,26.700000000000003,145,1.4000000000000001
2021,10,23,16,30,115.16,0.13,4.2,0,0,0,7,20.6,72.46000000000001,961,0,0,0,0,25.900000000000002,146,1.8
2021,10,23,17,30,129.81,0.13,4.2,0,0,0,8,20.400000000000002,75.56,962,0,0,0,0,25,145,2.2
2021,10,23,18,30,144.35,0.13,4.2,0,0,0,8,20.400000000000002,79.56,962,0,0,0,0,24.200000000000003,145,2.6
2021,10,23,19,30,158.46,0.13,4.3,0,0,0,1,20.8,85.69,962,0,0,0,0,23.3,145,2.9000000000000004
2021,10,23,20,30,170.1,0.13,4.3,0,0,0,0,21.3,92.2,962,0,0,0,0,22.6,144,2.8000000000000003
2021,10,23,21,30,166.82,0.13,4.3,0,0,0,1,21.700000000000003,97.10000000000001,961,0,0,0,0,22.200000000000003,142,2.6
2021,10,23,22,30,153.71,0.13,4.2,0,0,0,0,22,99.32000000000001,961,0,0,0,0,22.1,140,2.4000000000000004
2021,10,23,23,30,139.39000000000001,0.13,4.1000000000000005,0,0,0,0,22.1,100,961,0,0,0,0,22.1,137,2.3000000000000003
2021,10,24,0,30,124.81,0.13,4,0,0,0,0,22,100,961,0,0,0,0,22,134,2.3000000000000003
2021,10,24,1,30,110.14,0.13,4,0,0,0,0,21.900000000000002,100,961,0,0,0,0,21.900000000000002,130,2.3000000000000003
2021,10,24,2,30,95.46000000000001,0.13,3.9000000000000004,0,0,0,0,22.1,99.74000000000001,962,0,0,0,0,22.1,126,2.5
2021,10,24,3,30,80.71000000000001,0.13,3.9000000000000004,52,337,106,0,22.1,94.38,963,52,337,0,106,23.1,122,3.1
2021,10,24,4,30,66.19,0.13,3.9000000000000004,93,636,350,3,22.1,82.9,963,106,0,0,106,25.200000000000003,117,3.7
2021,10,24,5,30,51.800000000000004,0.13,3.9000000000000004,116,769,592,3,21.6,68.66,963,253,5,0,256,27.900000000000002,112,3.9000000000000004
2021,10,24,6,30,37.78,0.13,4,127,843,794,0,21,57.33,963,127,843,0,794,30.400000000000002,106,3.7
2021,10,24,7,30,24.810000000000002,0.13,4,134,883,935,3,20.400000000000002,49.52,962,402,9,0,410,32.300000000000004,99,3.3000000000000003
2021,10,24,8,30,15.74,0.13,4,136,899,1002,0,19.700000000000003,44.31,961,136,899,0,1002,33.5,92,3
2021,10,24,9,30,18.02,0.13,4.1000000000000005,130,903,989,2,19,40.82,960,516,224,0,729,34.2,88,2.8000000000000003
2021,10,24,10,30,29.080000000000002,0.13,4.1000000000000005,125,883,897,0,18.6,39.07,959,125,883,0,897,34.5,89,2.7
2021,10,24,11,30,42.56,0.13,4.1000000000000005,115,839,733,0,18.2,38.71,958,115,839,0,733,34.300000000000004,95,2.6
2021,10,24,12,30,56.74,0.13,4.1000000000000005,104,744,512,0,17.900000000000002,39.74,958,104,744,0,512,33.5,101,2.7
2021,10,24,13,30,71.2,0.13,4.1000000000000005,79,573,264,0,17.8,42.92,958,79,573,0,264,32,110,2.3000000000000003
2021,10,24,14,30,85.68,0.13,4.1000000000000005,27,156,39,0,19.3,53.61,959,27,156,0,39,29.700000000000003,121,1.8
2021,10,24,15,30,100.5,0.13,4.1000000000000005,0,0,0,0,20.700000000000003,64.47,959,0,0,0,0,28,132,2.3000000000000003
2021,10,24,16,30,115.18,0.13,4.1000000000000005,0,0,0,0,20.1,65.66,960,0,0,0,0,27.1,137,3.5
2021,10,24,17,30,129.81,0.13,4.1000000000000005,0,0,0,0,20.5,72.06,961,0,0,0,0,25.900000000000002,138,4.1000000000000005
2021,10,24,18,30,144.31,0.13,4.1000000000000005,0,0,0,0,21.1,80.99,961,0,0,0,0,24.6,136,4.2
2021,10,24,19,30,158.36,0.13,4.1000000000000005,0,0,0,0,21.6,88.89,961,0,0,0,0,23.5,133,4.1000000000000005
2021,10,24,20,30,169.81,0.13,4.1000000000000005,0,0,0,0,21.700000000000003,93.47,961,0,0,0,0,22.8,130,3.8000000000000003
2021,10,24,21,30,166.57,0.13,4,0,0,0,0,21.8,95.89,961,0,0,0,0,22.5,127,3.5
2021,10,24,22,30,153.58,0.13,4,0,0,0,0,21.8,97.53,960,0,0,0,0,22.200000000000003,125,3.4000000000000004
2021,10,24,23,30,139.31,0.13,3.9000000000000004,0,0,0,0,21.8,98.53,960,0,0,0,0,22,123,3.2
2021,10,25,0,30,124.75,0.13,3.9000000000000004,0,0,0,0,21.8,99.14,961,0,0,0,0,21.900000000000002,122,3.1
2021,10,25,1,30,110.10000000000001,0.13,3.8000000000000003,0,0,0,0,21.700000000000003,99.35000000000001,961,0,0,0,0,21.8,120,3
2021,10,25,2,30,95.44,0.13,3.8000000000000003,0,0,0,0,21.700000000000003,99.13,962,0,0,0,0,21.8,119,3.1
2021,10,25,3,30,80.71000000000001,0.13,3.8000000000000003,50,360,108,0,21.700000000000003,93.98,963,50,360,0,108,22.700000000000003,117,3.7
2021,10,25,4,30,66.22,0.13,3.8000000000000003,87,664,355,1,21.400000000000002,81.4,963,87,664,0,355,24.8,116,4.5
2021,10,25,5,30,51.86,0.13,3.8000000000000003,108,793,597,3,20.8,67.39,963,181,0,0,181,27.400000000000002,114,4.7
2021,10,25,6,30,37.88,0.13,3.8000000000000003,121,859,799,0,20.400000000000002,56.76,963,121,859,0,799,29.900000000000002,112,4.7
2021,10,25,7,30,24.990000000000002,0.13,3.9000000000000004,129,893,938,3,20.1,49.86,962,227,0,0,227,31.8,110,4.5
2021,10,25,8,30,16.06,0.13,3.9000000000000004,134,905,1004,3,19.8,45.75,961,297,1,0,298,33,109,4.3
2021,10,25,9,30,18.32,0.13,4,142,888,985,3,19.5,43.19,960,478,102,0,575,33.7,109,4.1000000000000005
2021,10,25,10,30,29.28,0.13,4.1000000000000005,137,864,891,2,19.200000000000003,42.24,959,484,184,0,644,33.800000000000004,110,3.9000000000000004
2021,10,25,11,30,42.7,0.13,4.1000000000000005,127,816,727,1,19,42.4,959,127,816,0,727,33.5,113,3.7
2021,10,25,12,30,56.84,0.13,4.2,112,722,507,0,18.8,44.38,959,112,722,0,507,32.5,116,3.6
2021,10,25,13,30,71.27,0.13,4.3,83,552,260,0,18.900000000000002,48.72,959,83,552,0,260,30.900000000000002,121,3.2
2021,10,25,14,30,85.73,0.13,4.3,28,134,38,0,19.6,57.44,960,28,134,0,38,28.8,128,2.7
2021,10,25,15,30,100.54,0.13,4.3,0,0,0,0,20.700000000000003,67.55,960,0,0,0,0,27.200000000000003,134,2.9000000000000004
2021,10,25,16,30,115.19,0.13,4.2,0,0,0,1,20.6,71.55,961,0,0,0,0,26.1,137,3.5
2021,10,25,17,30,129.8,0.13,4.2,0,0,0,0,20.700000000000003,76.86,962,0,0,0,0,25,139,3.6
2021,10,25,18,30,144.26,0.13,4.1000000000000005,0,0,0,0,20.8,82.93,962,0,0,0,0,23.900000000000002,139,3.4000000000000004
2021,10,25,19,30,158.25,0.13,4.1000000000000005,0,0,0,0,21,87.9,962,0,0,0,0,23.1,139,3.3000000000000003
2021,10,25,20,30,169.52,0.13,4,0,0,0,0,21.200000000000003,92.15,962,0,0,0,0,22.5,139,3.2
2021,10,25,21,30,166.32,0.13,4,0,0,0,0,21.3,95.83,961,0,0,0,0,22,139,3
2021,10,25,22,30,153.45000000000002,0.13,3.9000000000000004,0,0,0,0,21.400000000000002,97.75,961,0,0,0,0,21.8,140,2.8000000000000003
2021,10,25,23,30,139.22,0.13,3.9000000000000004,0,0,0,0,21.5,99.09,961,0,0,0,0,21.6,139,2.7
2021,10,26,0,30,124.69,0.13,3.9000000000000004,0,0,0,0,21.400000000000002,100,961,0,0,0,0,21.400000000000002,138,2.5
2021,10,26,1,30,110.07000000000001,0.13,3.8000000000000003,0,0,0,0,21.3,100,962,0,0,0,0,21.3,136,2.4000000000000004
2021,10,26,2,30,95.42,0.13,3.7,0,0,0,0,21.400000000000002,99.97,962,0,0,0,0,21.400000000000002,133,2.6
2021,10,26,3,30,80.72,0.13,3.7,47,397,111,0,21.5,93.84,963,47,397,0,111,22.5,132,3.3000000000000003
2021,10,26,4,30,66.24,0.13,3.7,79,698,360,2,21.3,81.98,964,216,50,0,236,24.6,132,4
2021,10,26,5,30,51.910000000000004,0.13,3.6,94,828,605,1,20.700000000000003,67.26,964,94,828,0,605,27.3,131,4
2021,10,26,6,30,37.980000000000004,0.13,3.6,102,898,809,3,20.1,55.79,963,410,114,0,500,29.900000000000002,131,3.8000000000000003
2021,10,26,7,30,25.17,0.13,3.6,106,933,950,0,19.400000000000002,47.07,962,106,933,0,950,32.1,131,3.5
2021,10,26,8,30,16.37,0.13,3.6,108,946,1016,0,18.6,41,961,108,946,0,1016,33.7,133,3.3000000000000003
2021,10,26,9,30,18.62,0.13,3.6,105,948,1003,0,17.900000000000002,37.01,960,105,948,0,1003,34.7,136,3.2
2021,10,26,10,30,29.48,0.13,3.6,103,926,910,1,17.2,34.88,959,103,926,0,910,35,137,3.1
2021,10,26,11,30,42.83,0.13,3.6,98,882,745,1,16.7,33.910000000000004,958,98,882,0,745,34.9,138,3
2021,10,26,12,30,56.94,0.13,3.6,98,771,519,0,16.3,34.75,958,98,771,0,519,34,138,3
2021,10,26,13,30,71.34,0.13,3.7,79,583,265,0,16.1,37.85,959,79,583,0,265,32.300000000000004,140,2.6
2021,10,26,14,30,85.78,0.13,3.7,29,145,39,1,17.6,47.97,960,29,145,0,39,29.8,144,2.4000000000000004
2021,10,26,15,30,100.57000000000001,0.13,3.8000000000000003,0,0,0,3,18.7,56.89,961,0,0,0,0,28,148,3.5
2021,10,26,16,30,115.2,0.13,3.8000000000000003,0,0,0,6,18.5,61.54,962,0,0,0,0,26.5,150,4.5
2021,10,26,17,30,129.79,0.13,3.9000000000000004,0,0,0,6,19.5,71.76,962,0,0,0,0,24.900000000000002,153,4.4
2021,10,26,18,30,144.22,0.13,3.9000000000000004,0,0,0,6,20.400000000000002,81.81,963,0,0,0,0,23.700000000000003,156,3.8000000000000003
2021,10,26,19,30,158.13,0.13,3.9000000000000004,0,0,0,7,21,88.55,962,0,0,0,0,23,159,3.4000000000000004
2021,10,26,20,30,169.23,0.13,3.9000000000000004,0,0,0,0,21.400000000000002,92.81,962,0,0,0,0,22.6,162,3.1
2021,10,26,21,30,166.07,0.13,3.9000000000000004,0,0,0,0,21.6,95.45,962,0,0,0,0,22.400000000000002,166,2.9000000000000004
2021,10,26,22,30,153.32,0.13,3.9000000000000004,0,0,0,0,21.8,97.39,962,0,0,0,0,22.200000000000003,169,2.8000000000000003
2021,10,26,23,30,139.14000000000001,0.13,3.9000000000000004,0,0,0,0,21.8,98.74000000000001,962,0,0,0,0,22,172,2.8000000000000003
2021,10,27,0,30,124.64,0.13,3.8000000000000003,0,0,0,0,21.700000000000003,98.99000000000001,962,0,0,0,0,21.900000000000002,174,2.7
2021,10,27,1,30,110.04,0.13,3.7,0,0,0,0,21.700000000000003,99.12,963,0,0,0,0,21.8,176,2.5
2021,10,27,2,30,95.41,0.13,3.6,0,0,0,0,21.5,98.94,963,0,0,0,0,21.700000000000003,180,2.5
2021,10,27,3,30,80.73,0.13,3.6,54,333,108,0,21.400000000000002,93.61,964,54,333,0,108,22.5,184,2.9000000000000004
2021,10,27,4,30,66.27,0.13,3.5,92,652,355,0,21.1,81.74,964,92,652,0,355,24.400000000000002,187,3.5
2021,10,27,5,30,51.97,0.13,3.4000000000000004,105,806,602,0,20.3,66.42,964,105,806,0,602,27.1,189,3.9000000000000004
2021,10,27,6,30,38.09,0.13,3.4000000000000004,107,893,809,0,19,52.58,964,107,893,0,809,29.700000000000003,192,4
2021,10,27,7,30,25.36,0.13,3.4000000000000004,111,929,951,0,17.5,42.44,963,111,929,0,951,31.8,195,3.8000000000000003
2021,10,27,8,30,16.69,0.13,3.4000000000000004,115,942,1017,0,16.900000000000002,37.96,962,115,942,0,1017,33.1,198,3.5
2021,10,27,9,30,18.91,0.13,3.4000000000000004,126,923,999,3,16.7,36.2,960,482,108,0,584,33.800000000000004,199,3.3000000000000003
2021,10,27,10,30,29.67,0.13,3.5,121,900,903,3,16.7,35.85,959,478,177,0,631,33.9,199,3
2021,10,27,11,30,42.96,0.13,3.6,112,856,738,2,16.6,36.43,959,394,110,0,475,33.5,198,2.8000000000000003
2021,10,27,12,30,57.03,0.13,3.6,96,777,519,3,16.5,38.08,959,113,0,0,113,32.6,194,2.7
2021,10,27,13,30,71.41,0.13,3.7,72,617,268,6,16.6,41.660000000000004,959,5,0,0,5,31.1,188,2.4000000000000004
2021,10,27,14,30,85.82000000000001,0.13,3.8000000000000003,26,192,40,6,17.6,50.34,959,6,0,7,6,29,180,1.8
2021,10,27,15,30,100.60000000000001,0.13,3.8000000000000003,0,0,0,8,19.400000000000002,61.61,960,0,0,0,0,27.400000000000002,173,2.2
2021,10,27,16,30,115.21000000000001,0.13,3.9000000000000004,0,0,0,7,18.900000000000002,63.13,961,0,0,0,0,26.5,166,3.2
2021,10,27,17,30,129.77,0.13,4,0,0,0,6,19.1,68.32000000000001,961,0,0,0,0,25.400000000000002,162,3.7
2021,10,27,18,30,144.16,0.13,4,0,0,0,7,19.8,76.64,962,0,0,0,0,24.200000000000003,161,3.7
2021,10,27,19,30,158.01,0.13,4.1000000000000005,0,0,0,3,20.5,84.51,962,0,0,0,0,23.3,163,3.4000000000000004
2021,10,27,20,30,168.94,0.13,4.2,0,0,0,7,21.1,91.19,961,0,0,0,0,22.6,167,3.3000000000000003
2021,10,27,21,30,165.83,0.13,4.2,0,0,0,3,21.400000000000002,94.69,961,0,0,0,0,22.3,171,3.2
2021,10,27,22,30,153.18,0.13,4.2,0,0,0,1,21.6,96.81,960,0,0,0,0,22.1,174,3
2021,10,27,23,30,139.06,0.13,4.2,0,0,0,0,21.700000000000003,98.75,960,0,0,0,0,21.900000000000002,176,2.8000000000000003
2021,10,28,0,30,124.59,0.13,4.2,0,0,0,0,21.8,99.12,961,0,0,0,0,21.900000000000002,176,2.7
2021,10,28,1,30,110.01,0.13,4.2,0,0,0,0,21.700000000000003,99.68,961,0,0,0,0,21.8,177,2.6
2021,10,28,2,30,95.4,0.13,4.2,0,0,0,0,21.700000000000003,99.27,962,0,0,0,0,21.8,178,2.6
2021,10,28,3,30,80.74,0.13,4.2,48,384,110,1,21.6,93.2,962,48,384,0,110,22.8,180,3.3000000000000003
2021,10,28,4,30,66.31,0.13,4.2,82,680,355,3,21.3,80.34,963,172,12,0,177,24.900000000000002,182,3.9000000000000004
2021,10,28,5,30,52.04,0.13,4.2,98,811,597,3,20.400000000000002,65.71000000000001,963,231,2,0,232,27.400000000000002,184,4
2021,10,28,6,30,38.2,0.13,4.2,106,882,800,3,19.6,54.35,962,320,4,0,323,29.8,188,3.7
2021,10,28,7,30,25.55,0.13,4.2,112,917,939,3,18.900000000000002,46.63,961,326,1,0,327,31.700000000000003,191,3.4000000000000004
2021,10,28,8,30,17.01,0.13,4.2,115,931,1006,3,18.400000000000002,42.15,960,453,27,0,478,32.9,194,3.1
2021,10,28,9,30,19.2,0.13,4.3,120,919,988,3,18,40.24,959,458,141,0,591,33.300000000000004,194,2.6
2021,10,28,10,30,29.86,0.13,4.3,114,902,896,3,17.7,39.97,958,420,53,0,466,33.1,193,2.3000000000000003
2021,10,28,11,30,43.09,0.13,4.4,103,863,733,3,17.6,41.12,957,67,0,0,67,32.5,189,2.1
2021,10,28,12,30,57.13,0.13,4.4,90,783,515,8,17.6,42.87,957,10,0,0,10,31.8,180,2
2021,10,28,13,30,71.47,0.13,4.4,69,620,266,6,17.7,46.44,957,4,0,0,4,30.5,168,1.7000000000000002
2021,10,28,14,30,85.87,0.13,4.5,26,191,40,7,18.7,54.9,958,5,0,7,5,28.700000000000003,154,1.4000000000000001
2021,10,28,15,30,100.62,0.13,4.5,0,0,0,3,20.5,66.49,959,0,0,0,0,27.3,145,1.7000000000000002
2021,10,28,16,30,115.21000000000001,0.13,4.6000000000000005,0,0,0,4,20,68.14,959,0,0,0,0,26.3,142,2.7
2021,10,28,17,30,129.75,0.13,4.6000000000000005,0,0,0,8,19.900000000000002,72.36,960,0,0,0,0,25.200000000000003,143,3.2
2021,10,28,18,30,144.1,0.13,4.6000000000000005,0,0,0,1,20,77.92,961,0,0,0,0,24.1,145,3.2
2021,10,28,19,30,157.88,0.13,4.6000000000000005,0,0,0,7,20,82.32000000000001,960,0,0,0,0,23.200000000000003,148,3
2021,10,28,20,30,168.65,0.13,4.6000000000000005,0,0,0,7,20,85.83,960,0,0,0,0,22.5,152,2.8000000000000003
2021,10,28,21,30,165.58,0.13,4.5,0,0,0,3,20.1,88.75,959,0,0,0,0,22,155,2.7
2021,10,28,22,30,153.05,0.13,4.5,0,0,0,8,20.200000000000003,91.01,959,0,0,0,0,21.700000000000003,157,2.6
2021,10,28,23,30,138.98,0.13,4.3,0,0,0,7,20.3,93.51,959,0,0,0,0,21.400000000000002,158,2.4000000000000004
2021,10,29,0,30,124.54,0.13,4.2,0,0,0,3,20.5,96.16,959,0,0,0,0,21.1,156,2
2021,10,29,1,30,109.98,0.13,4.1000000000000005,0,0,0,0,20.6,98.67,960,0,0,0,0,20.8,153,1.6
2021,10,29,2,30,95.39,0.13,4,0,0,0,0,20.6,98.95,960,0,0,0,0,20.8,149,1.6
2021,10,29,3,30,80.75,0.13,4.1000000000000005,51,358,108,0,20.700000000000003,91.87,961,51,358,0,108,22.1,148,2.4000000000000004
2021,10,29,4,30,66.35,0.13,4.1000000000000005,87,661,352,0,20.5,78.68,962,87,661,0,352,24.400000000000002,148,2.9000000000000004
2021,10,29,5,30,52.11,0.13,4.2,107,791,593,0,19.700000000000003,65.33,962,107,791,0,593,26.700000000000003,143,2.6
2021,10,29,6,30,38.31,0.13,4.3,134,833,787,0,19.1,57.46,962,134,833,0,787,28.3,124,1.9000000000000001
2021,10,29,7,30,25.740000000000002,0.13,4.3,147,863,924,1,18.8,52.65,961,147,863,0,924,29.5,89,1.6
2021,10,29,8,30,17.32,0.13,4.3,152,877,989,2,18.6,49.08,960,511,169,0,673,30.5,62,1.8
2021,10,29,9,30,19.490000000000002,0.13,4.2,151,875,976,2,18.3,45.12,959,519,233,0,739,31.6,59,1.9000000000000001
2021,10,29,10,30,30.05,0.13,4.2,137,865,886,2,17.900000000000002,42.160000000000004,957,454,127,0,564,32.4,65,1.7000000000000002
2021,10,29,11,30,43.22,0.13,4.1000000000000005,121,831,726,3,17.6,40.82,957,107,0,0,107,32.6,74,1.5
2021,10,29,12,30,57.21,0.13,4.1000000000000005,102,752,510,7,17.2,40.97,956,212,360,0,406,32.1,84,1.5
2021,10,29,13,30,71.54,0.13,4.1000000000000005,76,587,262,2,16.900000000000002,43.2,957,119,3,0,120,30.900000000000002,99,1.3
2021,10,29,14,30,85.91,0.13,4,27,163,38,3,18.2,52.71,957,15,0,7,15,28.8,122,1.1
2021,10,29,15,30,100.64,0.13,4,0,0,0,4,20.3,66.08,958,0,0,0,0,27.200000000000003,139,1.4000000000000001
2021,10,29,16,30,115.21000000000001,0.13,3.9000000000000004,0,0,0,4,19.200000000000003,64.09,959,0,0,0,0,26.5,144,2.2
2021,10,29,17,30,129.72,0.13,3.9000000000000004,0,0,0,3,19.1,67.26,960,0,0,0,0,25.6,145,3
2021,10,29,18,30,144.04,0.13,3.9000000000000004,0,0,0,3,19.700000000000003,74.21000000000001,960,0,0,0,0,24.6,145,3.3000000000000003
2021,10,29,19,30,157.75,0.13,3.9000000000000004,0,0,0,3,20.3,81.75,960,0,0,0,0,23.6,145,3.4000000000000004
2021,10,29,20,30,168.35,0.13,3.8000000000000003,0,0,0,1,20.700000000000003,88.32000000000001,960,0,0,0,0,22.700000000000003,145,3.3000000000000003
2021,10,29,21,30,165.34,0.13,3.7,0,0,0,0,20.900000000000002,92.91,959,0,0,0,0,22.1,145,3
2021,10,29,22,30,152.92000000000002,0.13,3.6,0,0,0,0,21,96.07000000000001,959,0,0,0,0,21.700000000000003,142,2.8000000000000003
2021,10,29,23,30,138.9,0.13,3.5,0,0,0,0,21.1,98.27,959,0,0,0,0,21.400000000000002,136,2.6
2021,10,30,0,30,124.49000000000001,0.13,3.3000000000000003,0,0,0,0,21.1,99.08,959,0,0,0,0,21.3,128,2.5
2021,10,30,1,30,109.95,0.13,3.2,0,0,0,0,21.200000000000003,99.76,960,0,0,0,0,21.200000000000003,122,2.7
2021,10,30,2,30,95.39,0.13,3,0,0,0,0,21.200000000000003,98.58,961,0,0,0,0,21.400000000000002,118,2.9000000000000004
2021,10,30,3,30,80.77,0.13,2.9000000000000004,50,393,113,0,21.200000000000003,92.16,961,50,393,0,113,22.5,114,3.6
2021,10,30,4,30,66.39,0.13,2.9000000000000004,86,688,362,0,20.8,78.74,962,86,688,0,362,24.700000000000003,107,4.1000000000000005
2021,10,30,5,30,52.18,0.13,2.9000000000000004,107,815,606,0,20.1,64.43,962,107,815,0,606,27.400000000000002,96,4.2
2021,10,30,6,30,38.43,0.13,3,117,882,808,0,19.400000000000002,53.43,962,117,882,0,808,29.900000000000002,85,4.1000000000000005
2021,10,30,7,30,25.94,0.13,3,123,920,950,0,18.7,45.18,961,123,920,0,950,32,76,3.9000000000000004
2021,10,30,8,30,17.63,0.13,3.1,124,934,1015,0,17.8,39.44,960,124,934,0,1015,33.5,69,3.7
2021,10,30,9,30,19.78,0.13,3.1,124,931,1000,1,17.1,35.54,959,124,931,0,1000,34.5,66,3.6
2021,10,30,10,30,30.23,0.13,3.2,119,909,904,0,16.5,33.72,958,119,909,0,904,34.800000000000004,67,3.5
2021,10,30,11,30,43.34,0.13,3.3000000000000003,112,860,737,0,16,32.99,957,112,860,0,737,34.6,70,3.4000000000000004
2021,10,30,12,30,57.300000000000004,0.13,3.3000000000000003,105,756,513,2,15.5,33.49,957,305,113,0,366,33.800000000000004,75,3.4000000000000004
2021,10,30,13,30,71.60000000000001,0.13,3.3000000000000003,82,569,261,1,15.3,35.93,957,82,569,0,261,32.300000000000004,82,2.8000000000000003
2021,10,30,14,30,85.94,0.13,3.3000000000000003,28,133,37,0,16.2,43.04,958,28,133,0,37,30.1,96,2.1
2021,10,30,15,30,100.65,0.13,3.3000000000000003,0,0,0,0,17.400000000000002,51.18,958,0,0,0,0,28.5,109,2.2
2021,10,30,16,30,115.2,0.13,3.2,0,0,0,0,17.2,53.15,959,0,0,0,0,27.6,116,2.9000000000000004
2021,10,30,17,30,129.69,0.13,3.2,0,0,0,0,17.8,59.11,960,0,0,0,0,26.400000000000002,120,3.3000000000000003
2021,10,30,18,30,143.97,0.13,3.2,0,0,0,0,18.7,67.87,960,0,0,0,0,25,121,3.4000000000000004
2021,10,30,19,30,157.61,0.13,3.3000000000000003,0,0,0,0,19.6,77.13,961,0,0,0,0,23.8,121,3.3000000000000003
2021,10,30,20,30,168.06,0.13,3.3000000000000003,0,0,0,0,20.3,85.26,961,0,0,0,0,22.900000000000002,117,3.1
2021,10,30,21,30,165.09,0.13,3.3000000000000003,0,0,0,0,20.8,91.74,960,0,0,0,0,22.200000000000003,111,2.9000000000000004
2021,10,30,22,30,152.79,0.13,3.4000000000000004,0,0,0,0,21.1,95.75,960,0,0,0,0,21.8,104,2.8000000000000003
2021,10,30,23,30,138.82,0.13,3.3000000000000003,0,0,0,0,21.200000000000003,96.7,960,0,0,0,0,21.700000000000003,98,2.9000000000000004
2021,10,31,0,30,124.44,0.14,3.3000000000000003,0,0,0,0,21.1,96.9,960,0,0,0,0,21.6,94,2.9000000000000004
2021,10,31,1,30,109.93,0.14,3.3000000000000003,0,0,0,0,21.1,97.85000000000001,961,0,0,0,0,21.5,91,2.9000000000000004
2021,10,31,2,30,95.39,0.14,3.2,0,0,0,0,21.200000000000003,97.02,962,0,0,0,0,21.700000000000003,87,3.3000000000000003
2021,10,31,3,30,80.79,0.14,3.2,51,354,108,0,21.3,90.46000000000001,962,51,354,0,108,22.900000000000002,82,4.3
2021,10,31,4,30,66.43,0.14,3.2,87,672,356,0,20.900000000000002,76.74,963,87,672,0,356,25.3,78,5.300000000000001
2021,10,31,5,30,52.25,0.14,3.2,105,811,601,0,19.900000000000002,60.7,963,105,811,0,601,28.200000000000003,74,5.6000000000000005
2021,10,31,6,30,38.550000000000004,0.14,3.2,113,885,805,0,18.400000000000002,47.64,963,113,885,0,805,30.8,70,5.6000000000000005
2021,10,31,7,30,26.14,0.14,3.2,119,921,946,0,16.900000000000002,38.550000000000004,962,119,921,0,946,32.9,67,5.4
2021,10,31,8,30,17.94,0.14,3.2,121,937,1012,0,15.9,32.97,961,121,937,0,1012,34.5,65,5.2
2021,10,31,9,30,20.06,0.14,3.2,119,935,997,0,15.3,29.97,959,119,935,0,997,35.5,64,4.800000000000001
2021,10,31,10,30,30.42,0.14,3.2,113,917,904,0,14.9,28.67,958,113,917,0,904,35.9,66,4.6000000000000005
2021,10,31,11,30,43.46,0.14,3.2,105,875,740,2,14.700000000000001,28.82,958,405,140,0,506,35.6,69,4.4
2021,10,31,12,30,57.38,0.14,3.3000000000000003,91,792,518,3,14.700000000000001,30.17,958,300,90,0,348,34.7,72,4.2
2021,10,31,13,30,71.65,0.14,3.3000000000000003,69,629,267,0,14.8,33.160000000000004,958,69,629,0,267,33.1,77,3.7
2021,10,31,14,30,85.97,0.14,3.3000000000000003,25,204,39,0,15.3,39.17,959,25,204,0,39,30.8,84,2.8000000000000003
2021,10,31,15,30,100.67,0.14,3.3000000000000003,0,0,0,0,16.3,45.78,959,0,0,0,0,29.200000000000003,94,2.8000000000000003
2021,10,31,16,30,115.19,0.14,3.3000000000000003,0,0,0,0,16.3,48.870000000000005,960,0,0,0,0,28.1,103,3.6
2021,10,31,17,30,129.65,0.14,3.3000000000000003,0,0,0,0,17,55.29,961,0,0,0,0,26.700000000000003,109,4.2
2021,10,31,18,30,143.9,0.14,3.3000000000000003,0,0,0,0,18.2,65.77,961,0,0,0,0,25.1,111,4.4
2021,10,31,19,30,157.47,0.14,3.2,0,0,0,0,19.5,77.48,961,0,0,0,0,23.700000000000003,106,4.2
2021,10,31,20,30,167.77,0.14,3.2,0,0,0,0,20.3,85.19,961,0,0,0,0,22.900000000000002,100,4.2
2021,10,31,21,30,164.85,0.14,3.2,0,0,0,0,20.6,89.33,960,0,0,0,0,22.400000000000002,94,4.1000000000000005
2021,10,31,22,30,152.67000000000002,0.14,3.1,0,0,0,0,20.6,91.43,960,0,0,0,0,22.1,90,4.1000000000000005
2021,10,31,23,30,138.75,0.14,3.1,0,0,0,0,20.6,93.03,960,0,0,0,0,21.8,87,4.1000000000000005
2021,11,1,0,30,124.4,0.14,3.2,0,0,0,0,20.5,93.62,960,0,0,0,0,21.6,84,4
2021,11,1,1,30,109.91,0.14,3.2,0,0,0,0,20.400000000000002,94.11,961,0,0,0,0,21.400000000000002,83,3.9000000000000004
2021,11,1,2,30,95.39,0.14,3.2,0,0,0,0,20.3,93.48,962,0,0,0,0,21.400000000000002,81,4.1000000000000005
2021,11,1,3,30,80.81,0.14,3.1,42,453,115,0,20.200000000000003,86.17,962,42,453,0,115,22.6,79,4.800000000000001
2021,11,1,4,30,66.48,0.14,3,70,743,367,0,19.700000000000003,71.85000000000001,963,70,743,0,367,25.1,77,5.6000000000000005
2021,11,1,5,30,52.33,0.14,2.9000000000000004,84,867,614,0,18.5,56.08,963,84,867,0,614,28.1,75,5.9
2021,11,1,6,30,38.68,0.14,2.8000000000000003,106,905,813,0,17.2,44.14,962,106,905,0,813,30.8,73,5.800000000000001
2021,11,1,7,30,26.34,0.14,2.9000000000000004,106,948,955,0,16,35.84,961,106,948,0,955,33.1,72,5.6000000000000005
2021,11,1,8,30,18.25,0.14,2.9000000000000004,105,966,1022,0,15,30.900000000000002,960,105,966,0,1022,34.7,72,5.300000000000001
2021,11,1,9,30,20.34,0.14,3,122,934,998,0,14.5,28.27,959,122,934,0,998,35.7,74,4.9
2021,11,1,10,30,30.6,0.14,3.1,110,924,905,0,14.3,27.150000000000002,957,110,924,0,905,36.2,78,4.6000000000000005
2021,11,1,11,30,43.58,0.14,3.2,98,888,741,0,14.200000000000001,27.25,957,98,888,0,741,36,82,4.4
2021,11,1,12,30,57.46,0.14,3.3000000000000003,86,805,519,0,14.200000000000001,28.400000000000002,957,86,805,0,519,35.2,86,4.2
2021,11,1,13,30,71.7,0.14,3.4000000000000004,66,646,268,0,14.3,31.28,957,66,646,0,268,33.6,90,3.8000000000000003
2021,11,1,14,30,86,0.14,3.5,24,216,39,0,14.9,37.09,957,24,216,0,39,31.3,98,3.1
2021,11,1,15,30,100.68,0.14,3.5,0,0,0,0,16.1,44.31,958,0,0,0,0,29.5,109,3.3000000000000003
2021,11,1,16,30,115.18,0.14,3.6,0,0,0,0,16.900000000000002,50.07,959,0,0,0,0,28.3,117,4.1000000000000005
2021,11,1,17,30,129.61,0.14,3.7,0,0,0,0,18.3,59.6,960,0,0,0,0,26.8,121,4.4
2021,11,1,18,30,143.82,0.14,3.7,0,0,0,0,19.700000000000003,71.13,960,0,0,0,0,25.3,121,4.5
2021,11,1,19,30,157.32,0.14,3.7,0,0,0,0,20.700000000000003,81.45,960,0,0,0,0,24.1,116,4.3
2021,11,1,20,30,167.48,0.14,3.6,0,0,0,0,21.3,87.84,960,0,0,0,0,23.400000000000002,112,4.3
2021,11,1,21,30,164.61,0.14,3.5,0,0,0,0,21.5,91.45,960,0,0,0,0,23,109,4.2
2021,11,1,22,30,152.54,0.14,3.4000000000000004,0,0,0,0,21.6,93.41,959,0,0,0,0,22.700000000000003,107,4
2021,11,1,23,30,138.68,0.14,3.3000000000000003,0,0,0,0,21.700000000000003,95.79,959,0,0,0,0,22.400000000000002,107,3.7
2021,11,2,0,30,124.36,0.14,3.2,0,0,0,0,21.8,97.62,960,0,0,0,0,22.200000000000003,107,3.5
2021,11,2,1,30,109.9,0.14,3.2,0,0,0,0,21.900000000000002,98.59,960,0,0,0,0,22.1,107,3.4000000000000004
2021,11,2,2,30,95.4,0.14,3.2,0,0,0,0,21.900000000000002,98.61,961,0,0,0,0,22.1,106,3.5
2021,11,2,3,30,80.84,0.14,3.3000000000000003,49,378,109,1,21.900000000000002,92.98,961,49,378,0,109,23.1,103,4.2
2021,11,2,4,30,66.53,0.14,3.4000000000000004,87,668,353,0,21.5,79.07000000000001,962,87,668,0,353,25.400000000000002,98,4.9
2021,11,2,5,30,52.410000000000004,0.14,3.6,111,787,592,0,20.6,63.24,962,111,787,0,592,28.200000000000003,93,5
2021,11,2,6,30,38.81,0.14,3.7,128,850,790,0,19.8,52.18,961,128,850,0,790,30.700000000000003,88,4.800000000000001
2021,11,2,7,30,26.54,0.14,3.8000000000000003,138,881,927,0,19.200000000000003,44.94,961,138,881,0,927,32.7,84,4.4
2021,11,2,8,30,18.55,0.14,3.9000000000000004,142,895,990,0,18.8,40.67,960,142,895,0,990,34,82,4
2021,11,2,9,30,20.62,0.14,3.9000000000000004,125,916,982,0,18.400000000000002,38.01,959,125,916,0,982,34.800000000000004,80,3.7
2021,11,2,10,30,30.77,0.14,4,121,892,888,2,18,36.39,958,470,157,0,604,35.1,79,3.6
2021,11,2,11,30,43.7,0.14,4.1000000000000005,114,843,723,1,17.6,36.34,957,114,843,0,723,34.7,81,3.5
2021,11,2,12,30,57.54,0.14,4.2,103,745,503,0,17.400000000000002,37.910000000000004,957,103,745,0,503,33.7,85,3.4000000000000004
2021,11,2,13,30,71.75,0.14,4.2,79,566,256,1,17.400000000000002,40.74,957,79,566,0,256,32.4,91,3.2
2021,11,2,14,30,86.03,0.14,4.2,26,135,35,0,17.7,46.08,958,26,135,0,35,30.6,105,2.7
2021,11,2,15,30,100.68,0.14,4.2,0,0,0,0,18.5,53.22,959,0,0,0,0,29,120,3.1
2021,11,2,16,30,115.16,0.14,4.1000000000000005,0,0,0,0,19,58.64,960,0,0,0,0,27.8,129,3.9000000000000004
2021,11,2,17,30,129.57,0.14,4,0,0,0,1,19.700000000000003,66.96000000000001,960,0,0,0,0,26.3,133,4.2
2021,11,2,18,30,143.74,0.14,3.8000000000000003,0,0,0,0,20.3,75.42,961,0,0,0,0,25,133,4.1000000000000005
2021,11,2,19,30,157.17000000000002,0.14,3.7,0,0,0,0,20.8,82.36,961,0,0,0,0,24,130,3.8000000000000003
2021,11,2,20,30,167.19,0.14,3.6,0,0,0,0,21.1,87.41,960,0,0,0,0,23.3,127,3.5
2021,11,2,21,30,164.37,0.14,3.5,0,0,0,0,21.3,90.82000000000001,960,0,0,0,0,22.900000000000002,124,3.4000000000000004
2021,11,2,22,30,152.41,0.14,3.5,0,0,0,0,21.5,94.22,960,0,0,0,0,22.5,122,3.1
2021,11,2,23,30,138.61,0.14,3.4000000000000004,0,0,0,0,21.700000000000003,96.34,959,0,0,0,0,22.3,122,2.9000000000000004
2021,11,3,0,30,124.32000000000001,0.14,3.4000000000000004,0,0,0,0,21.8,98.33,960,0,0,0,0,22.1,122,2.9000000000000004
2021,11,3,1,30,109.88,0.14,3.4000000000000004,0,0,0,0,21.900000000000002,99.2,960,0,0,0,0,22,122,2.8000000000000003
2021,11,3,2,30,95.4,0.14,3.4000000000000004,0,0,0,0,21.900000000000002,98.73,961,0,0,0,0,22.1,123,2.9000000000000004
2021,11,3,3,30,80.87,0.14,3.3000000000000003,49,361,107,0,21.900000000000002,93,962,49,361,0,107,23.1,121,3.6
2021,11,3,4,30,66.58,0.14,3.4000000000000004,87,664,351,3,21.400000000000002,78.7,962,133,1,1,134,25.400000000000002,117,4.2
2021,11,3,5,30,52.5,0.14,3.4000000000000004,109,794,592,3,20.5,63.15,963,296,47,0,325,28.200000000000003,112,4.2
2021,11,3,6,30,38.94,0.14,3.5,141,826,783,1,19.8,52.11,962,141,826,0,783,30.700000000000003,106,3.9000000000000004
2021,11,3,7,30,26.75,0.14,3.6,149,865,922,0,19.1,44.410000000000004,962,149,865,0,922,32.800000000000004,103,3.6
2021,11,3,8,30,18.85,0.14,3.6,153,883,988,1,18.400000000000002,39.550000000000004,960,153,883,0,988,34.1,101,3.2
2021,11,3,9,30,20.89,0.14,3.7,180,835,960,0,17.900000000000002,36.94,959,180,835,0,960,34.7,101,2.9000000000000004
2021,11,3,10,30,30.95,0.14,3.7,172,811,868,0,17.400000000000002,35.27,958,172,811,0,868,35,102,2.8000000000000003
2021,11,3,11,30,43.81,0.14,3.8000000000000003,158,756,704,0,17.1,35.32,957,158,756,0,704,34.7,106,2.8000000000000003
2021,11,3,12,30,57.620000000000005,0.14,3.9000000000000004,136,657,487,0,17,36.71,957,136,657,0,487,33.9,110,2.9000000000000004
2021,11,3,13,30,71.8,0.14,4,99,463,244,0,17.1,39.96,957,99,463,0,244,32.4,116,3
2021,11,3,14,30,86.05,0.14,4,27,69,31,0,17.5,45.82,958,27,69,0,31,30.5,125,3
2021,11,3,15,30,100.68,0.14,4.1000000000000005,0,0,0,0,18.400000000000002,53.44,959,0,0,0,0,28.8,132,3.5
2021,11,3,16,30,115.14,0.14,4.1000000000000005,0,0,0,0,19,59.77,960,0,0,0,0,27.5,136,4.1000000000000005
2021,11,3,17,30,129.52,0.14,4.1000000000000005,0,0,0,0,19.5,66.61,961,0,0,0,0,26.200000000000003,137,4.2
2021,11,3,18,30,143.65,0.14,4.1000000000000005,0,0,0,0,19.8,73.33,961,0,0,0,0,24.900000000000002,136,4.2
2021,11,3,19,30,157.01,0.14,4.1000000000000005,0,0,0,0,20,78.32000000000001,961,0,0,0,0,24,135,3.9000000000000004
2021,11,3,20,30,166.9,0.14,4,0,0,0,0,20.200000000000003,82.57000000000001,961,0,0,0,0,23.3,135,3.5
2021,11,3,21,30,164.14000000000001,0.14,3.9000000000000004,0,0,0,0,20.3,86.53,960,0,0,0,0,22.700000000000003,136,3.1
2021,11,3,22,30,152.29,0.14,3.8000000000000003,0,0,0,0,20.5,89.74,960,0,0,0,0,22.3,135,2.8000000000000003
2021,11,3,23,30,138.54,0.14,3.6,0,0,0,0,20.700000000000003,92.47,960,0,0,0,0,22,133,2.7
2021,11,4,0,30,124.29,0.14,3.4000000000000004,0,0,0,0,20.8,94.68,960,0,0,0,0,21.700000000000003,130,2.5
2021,11,4,1,30,109.87,0.14,3.3000000000000003,0,0,0,0,20.8,95.45,960,0,0,0,0,21.6,127,2.4000000000000004
2021,11,4,2,30,95.42,0.14,3.2,0,0,0,0,20.900000000000002,95.51,961,0,0,0,0,21.6,126,2.6
2021,11,4,3,30,80.9,0.14,3.2,52,330,104,0,20.900000000000002,89.91,962,52,330,0,104,22.6,125,3.1
2021,11,4,4,30,66.64,0.14,3.2,91,647,348,1,20.400000000000002,75.79,962,91,647,0,348,25,126,3.5
2021,11,4,5,30,52.59,0.14,3.2,111,790,591,0,19.200000000000003,58.33,962,111,790,0,591,28.200000000000003,126,3.6
2021,11,4,6,30,39.07,0.14,3.3000000000000003,122,862,791,0,18.1,45.49,962,122,862,0,791,31.3,124,3.4000000000000004
2021,11,4,7,30,26.96,0.14,3.4000000000000004,129,898,930,0,17.6,38.86,961,129,898,0,930,33.5,121,3.1
2021,11,4,8,30,19.150000000000002,0.14,3.5,134,909,993,0,17.2,35.050000000000004,960,134,909,0,993,34.9,121,2.7
2021,11,4,9,30,21.150000000000002,0.14,3.5,116,933,986,1,16.8,32.86,958,116,933,0,986,35.6,121,2.4000000000000004
2021,11,4,10,30,31.12,0.14,3.6,112,910,891,0,16.400000000000002,31.79,957,112,910,0,891,35.800000000000004,123,2.2
2021,11,4,11,30,43.92,0.14,3.6,106,865,728,7,16.1,31.89,957,203,662,7,680,35.4,126,2.1
2021,11,4,12,30,57.69,0.14,3.7,100,757,505,3,16,32.95,957,293,71,0,331,34.6,129,2.2
2021,11,4,13,30,71.84,0.14,3.8000000000000003,76,579,257,7,15.9,35.74,957,134,39,7,146,33.1,130,2.1
2021,11,4,14,30,86.07000000000001,0.14,3.9000000000000004,25,148,35,7,16.7,41.96,958,32,4,7,32,31.1,134,1.9000000000000001
2021,11,4,15,30,100.68,0.14,3.9000000000000004,0,0,0,7,17.900000000000002,49.620000000000005,958,0,0,0,0,29.5,137,2.6
2021,11,4,16,30,115.12,0.14,4,0,0,0,7,17.900000000000002,53.7,959,0,0,0,0,28.200000000000003,138,3.8000000000000003
2021,11,4,17,30,129.47,0.14,4.1000000000000005,0,0,0,0,18.5,61.1,960,0,0,0,0,26.6,138,4.3
2021,11,4,18,30,143.56,0.14,4.1000000000000005,0,0,0,0,19.1,69.5,961,0,0,0,0,25.1,137,4.3
2021,11,4,19,30,156.85,0.14,4.2,0,0,0,0,19.6,75.88,961,0,0,0,0,24.1,135,3.8000000000000003
2021,11,4,20,30,166.61,0.14,4.2,0,0,0,0,19.900000000000002,80.9,961,0,0,0,0,23.400000000000002,136,3.4000000000000004
2021,11,4,21,30,163.91,0.14,4.3,0,0,0,0,20.200000000000003,84.45,960,0,0,0,0,23,139,3.1
2021,11,4,22,30,152.17000000000002,0.14,4.3,0,0,0,0,20.5,87.48,960,0,0,0,0,22.700000000000003,144,2.9000000000000004
2021,11,4,23,30,138.47,0.14,4.3,0,0,0,0,20.700000000000003,89.60000000000001,960,0,0,0,0,22.5,149,2.8000000000000003
2021,11,5,0,30,124.26,0.14,4.2,0,0,0,3,20.8,91.05,960,0,0,0,0,22.3,154,2.7
2021,11,5,1,30,109.87,0.14,4.1000000000000005,0,0,0,3,20.900000000000002,92.56,961,0,0,0,0,22.200000000000003,158,2.7
2021,11,5,2,30,95.43,0.14,4,0,0,0,0,21.1,94.06,961,0,0,0,0,22.1,159,2.8000000000000003
2021,11,5,3,30,80.93,0.14,3.9000000000000004,47,369,106,0,21.200000000000003,90.41,962,47,369,0,106,22.900000000000002,159,3.3000000000000003
2021,11,5,4,30,66.7,0.14,3.8000000000000003,83,674,349,0,20.6,76.13,962,83,674,0,349,25.1,159,3.9000000000000004
2021,11,5,5,30,52.68,0.14,3.7,102,806,590,1,18.900000000000002,57.92,962,102,806,0,590,28,160,3.9000000000000004
2021,11,5,6,30,39.21,0.14,3.7,129,844,784,0,17.8,45.85,962,129,844,0,784,30.8,161,3.6
2021,11,5,7,30,27.17,0.14,3.7,139,880,922,0,17.3,39.230000000000004,961,139,880,0,922,33,162,3.1
2021,11,5,8,30,19.45,0.14,3.6,144,895,988,0,16.900000000000002,35.44,960,144,895,0,988,34.4,164,2.7
2021,11,5,9,30,21.42,0.14,3.7,147,885,970,0,16.6,33.38,958,147,885,0,970,35.1,163,2.4000000000000004
2021,11,5,10,30,31.29,0.14,3.7,142,860,877,0,16.400000000000002,33,957,142,860,0,877,35.1,160,2.2
2021,11,5,11,30,44.03,0.14,3.7,133,808,713,0,16.3,33.4,957,133,808,0,713,34.7,156,2.2
2021,11,5,12,30,57.75,0.14,3.8000000000000003,116,711,495,2,16.2,35.17,957,290,57,0,320,33.7,153,2.4000000000000004
2021,11,5,13,30,71.88,0.14,3.9000000000000004,87,520,249,8,16.400000000000002,38.2,957,134,38,7,146,32.4,150,2.5
2021,11,5,14,30,86.08,0.14,3.9000000000000004,26,98,33,7,16.8,43.42,957,31,3,7,31,30.700000000000003,149,2.3000000000000003
2021,11,5,15,30,100.67,0.14,3.9000000000000004,0,0,0,3,17.5,48.92,958,0,0,0,0,29.400000000000002,147,2.5
2021,11,5,16,30,115.09,0.14,3.9000000000000004,0,0,0,6,17.5,51.28,959,0,0,0,0,28.5,146,3.3000000000000003
2021,11,5,17,30,129.42000000000002,0.14,4,0,0,0,6,17.6,55.13,959,0,0,0,0,27.400000000000002,144,3.8000000000000003
2021,11,5,18,30,143.47,0.14,4,0,0,0,7,18.1,61.26,960,0,0,0,0,26.1,144,3.8000000000000003
2021,11,5,19,30,156.69,0.14,4.1000000000000005,0,0,0,0,18.8,68.76,960,0,0,0,0,24.900000000000002,145,3.5
2021,11,5,20,30,166.32,0.14,4.1000000000000005,0,0,0,0,19.5,75.44,960,0,0,0,0,24.1,148,3.2
2021,11,5,21,30,163.68,0.14,4.2,0,0,0,0,20.1,80.65,959,0,0,0,0,23.6,152,3
2021,11,5,22,30,152.05,0.14,4.2,0,0,0,3,20.5,85.05,959,0,0,0,0,23.200000000000003,157,2.9000000000000004
2021,11,5,23,30,138.41,0.14,4.2,0,0,0,0,20.900000000000002,88.45,959,0,0,0,0,22.900000000000002,160,2.8000000000000003
2021,11,6,0,30,124.23,0.13,4.1000000000000005,0,0,0,0,21.1,90.8,959,0,0,0,0,22.700000000000003,161,2.8000000000000003
2021,11,6,1,30,109.86,0.13,4,0,0,0,0,21.3,92.9,960,0,0,0,0,22.5,161,2.9000000000000004
2021,11,6,2,30,95.45,0.13,3.9000000000000004,0,0,0,0,21.400000000000002,94.21000000000001,961,0,0,0,0,22.400000000000002,160,3
2021,11,6,3,30,80.97,0.13,3.7,50,333,102,1,21.5,90.10000000000001,961,50,333,0,102,23.200000000000003,160,3.5
2021,11,6,4,30,66.76,0.13,3.6,88,650,345,3,21.1,77.11,962,217,55,0,239,25.400000000000002,161,4
2021,11,6,5,30,52.77,0.13,3.5,107,791,586,0,19.900000000000002,61.24,962,107,791,0,586,28.1,161,4
2021,11,6,6,30,39.35,0.13,3.5,120,861,785,0,18.900000000000002,49.47,961,120,861,0,785,30.700000000000003,162,3.5
2021,11,6,7,30,27.37,0.13,3.5,129,895,924,0,18.2,41.7,961,129,895,0,924,32.9,162,2.9000000000000004
2021,11,6,8,30,19.740000000000002,0.13,3.5,136,906,988,0,17.6,37.08,959,136,906,0,988,34.300000000000004,160,2.4000000000000004
2021,11,6,9,30,21.68,0.13,3.6,121,922,978,0,17,34.21,958,121,922,0,978,35.1,156,2
2021,11,6,10,30,31.45,0.13,3.6,117,901,886,0,16.400000000000002,32.86,957,117,901,0,886,35.2,150,1.7000000000000002
2021,11,6,11,30,44.13,0.13,3.7,110,853,722,3,16,32.28,956,116,0,0,116,35,144,1.7000000000000002
2021,11,6,12,30,57.82,0.13,3.7,106,741,500,8,15.700000000000001,33.04,956,11,0,0,11,34.2,141,1.9000000000000001
2021,11,6,13,30,71.92,0.13,3.7,79,563,254,8,15.600000000000001,35.49,956,5,0,0,5,32.800000000000004,141,2.2
2021,11,6,14,30,86.10000000000001,0.13,3.8000000000000003,25,133,34,5,16,40.5,957,3,0,7,3,31,145,2.3000000000000003
2021,11,6,15,30,100.67,0.13,3.8000000000000003,0,0,0,1,17,47.21,958,0,0,0,0,29.400000000000002,149,3.1
2021,11,6,16,30,115.06,0.13,3.9000000000000004,0,0,0,7,17.400000000000002,52.57,959,0,0,0,0,28,150,4.1000000000000005
2021,11,6,17,30,129.36,0.13,3.9000000000000004,0,0,0,0,18,59.7,959,0,0,0,0,26.5,152,4.5
2021,11,6,18,30,143.37,0.13,4,0,0,0,0,18.5,66.8,960,0,0,0,0,25.1,154,4.4
2021,11,6,19,30,156.53,0.13,4,0,0,0,0,18.8,72.56,959,0,0,0,0,24,156,3.8000000000000003
2021,11,6,20,30,166.04,0.13,4,0,0,0,3,19,76.27,959,0,0,0,0,23.400000000000002,159,3.4000000000000004
2021,11,6,21,30,163.45000000000002,0.13,4,0,0,0,0,19.200000000000003,79.74,959,0,0,0,0,22.900000000000002,161,3.1
2021,11,6,22,30,151.94,0.13,4,0,0,0,0,19.400000000000002,82.25,958,0,0,0,0,22.6,162,3
2021,11,6,23,30,138.35,0.13,4,0,0,0,0,19.6,84.43,958,0,0,0,0,22.400000000000002,162,2.9000000000000004
2021,11,7,0,30,124.2,0.13,4,0,0,0,0,19.900000000000002,86.58,959,0,0,0,0,22.200000000000003,161,2.7
2021,11,7,1,30,109.86,0.13,3.9000000000000004,0,0,0,0,20,88.43,959,0,0,0,0,22,159,2.5
2021,11,7,2,30,95.47,0.13,3.9000000000000004,0,0,0,0,20.200000000000003,89.32000000000001,960,0,0,0,0,22,158,2.6
2021,11,7,3,30,81.02,0.13,3.8000000000000003,54,285,98,1,20.3,84.17,960,54,285,0,98,23.1,158,3.3000000000000003
2021,11,7,4,30,66.83,0.13,3.8000000000000003,101,597,336,3,20,72.13,961,211,35,0,225,25.400000000000002,160,3.9000000000000004
2021,11,7,5,30,52.870000000000005,0.13,3.8000000000000003,123,748,575,0,19.1,57.96,961,123,748,0,575,28.200000000000003,160,3.8000000000000003
2021,11,7,6,30,39.49,0.13,3.8000000000000003,141,818,772,0,18.1,46.54,960,141,818,0,772,30.900000000000002,161,3.3000000000000003
2021,11,7,7,30,27.59,0.13,3.8000000000000003,151,856,909,0,17.5,39.800000000000004,959,151,856,0,909,33,159,2.7
2021,11,7,8,30,20.03,0.13,3.8000000000000003,160,866,974,0,17.2,36.39,958,160,866,0,974,34.2,153,2.1
2021,11,7,9,30,21.93,0.13,3.9000000000000004,163,856,956,3,16.8,34.53,957,480,96,0,569,34.7,145,1.7000000000000002
2021,11,7,10,30,31.62,0.13,3.9000000000000004,156,832,864,3,16.400000000000002,33.93,956,419,44,0,457,34.6,138,1.4000000000000001
2021,11,7,11,30,44.230000000000004,0.13,4,143,781,703,2,16.1,34.25,955,347,39,0,376,34.1,131,1.3
2021,11,7,12,30,57.88,0.13,4,122,688,488,3,16.1,35.69,955,42,0,0,42,33.300000000000004,127,1.4000000000000001
2021,11,7,13,30,71.95,0.13,4.1000000000000005,90,499,245,6,16.2,38.28,956,5,0,0,5,32.2,125,1.5
2021,11,7,14,30,86.11,0.13,4.1000000000000005,25,95,32,6,16.7,43.25,956,5,0,7,5,30.6,129,1.4000000000000001
2021,11,7,15,30,100.65,0.13,4.2,0,0,0,6,17.900000000000002,50.43,957,0,0,0,0,29.3,136,1.9000000000000001
2021,11,7,16,30,115.02,0.13,4.2,0,0,0,7,17.8,52.800000000000004,958,0,0,0,0,28.400000000000002,140,3.1
2021,11,7,17,30,129.29,0.13,4.2,0,0,0,7,18.400000000000002,58.34,959,0,0,0,0,27.3,143,3.8000000000000003
2021,11,7,18,30,143.27,0.13,4.2,0,0,0,3,19.1,64.9,959,0,0,0,0,26.200000000000003,145,4
2021,11,7,19,30,156.36,0.13,4.2,0,0,0,0,19.6,71.24,959,0,0,0,0,25.200000000000003,146,4
2021,11,7,20,30,165.76,0.13,4.2,0,0,0,0,20,75.89,959,0,0,0,0,24.5,146,3.7
2021,11,7,21,30,163.23,0.13,4.2,0,0,0,0,20.200000000000003,79.19,958,0,0,0,0,24,147,3.4000000000000004
2021,11,7,22,30,151.82,0.13,4.1000000000000005,0,0,0,0,20.400000000000002,82.05,958,0,0,0,0,23.6,147,3.2
2021,11,7,23,30,138.29,0.13,4.1000000000000005,0,0,0,0,20.5,84.42,958,0,0,0,0,23.3,147,3
2021,11,8,0,30,124.18,0.13,4,0,0,0,0,20.700000000000003,86.89,958,0,0,0,0,23,146,2.9000000000000004
2021,11,8,1,30,109.86,0.13,4,0,0,0,0,20.900000000000002,88.94,959,0,0,0,0,22.8,144,2.7
2021,11,8,2,30,95.49,0.13,3.9000000000000004,0,0,0,0,21,89.67,959,0,0,0,0,22.8,142,2.7
2021,11,8,3,30,81.06,0.13,3.9000000000000004,53,308,101,3,21.1,84.79,960,18,0,0,18,23.8,139,3.2
2021,11,8,4,30,66.9,0.13,3.8000000000000003,95,627,341,3,20.6,71.17,960,218,114,0,263,26.200000000000003,136,3.6
2021,11,8,5,30,52.97,0.13,3.9000000000000004,115,771,579,3,19.6,56.65,961,321,67,0,361,29.1,134,3.5
2021,11,8,6,30,39.63,0.13,3.9000000000000004,127,846,779,2,18.8,46.53,960,429,141,0,537,31.700000000000003,130,3.3000000000000003
2021,11,8,7,30,27.8,0.13,3.9000000000000004,135,883,917,2,18.2,40.22,959,493,211,0,679,33.6,126,3
2021,11,8,8,30,20.32,0.13,4,141,894,980,2,17.7,36.79,958,512,273,0,768,34.6,123,2.7
2021,11,8,9,30,22.18,0.13,4.1000000000000005,174,841,953,1,17.3,35.09,957,174,841,0,953,35,120,2.5
2021,11,8,10,30,31.77,0.13,4.2,168,814,860,0,17,35.44,956,168,814,0,860,34.5,120,2.5
2021,11,8,11,30,44.33,0.13,4.3,155,759,698,0,16.900000000000002,36.89,955,155,759,0,698,33.7,122,2.7
2021,11,8,12,30,57.94,0.13,4.4,128,676,487,7,17.2,39.85,955,246,135,0,317,32.6,125,3
2021,11,8,13,30,71.98,0.13,4.5,98,470,243,8,17.6,44.58,956,153,78,7,177,31.1,127,3.2
2021,11,8,14,30,86.11,0.13,4.7,27,67,32,0,18.2,50.76,957,27,67,0,32,29.5,130,3.3000000000000003
2021,11,8,15,30,100.64,0.13,4.7,0,0,0,0,18.900000000000002,56.96,958,0,0,0,0,28.200000000000003,134,3.5
2021,11,8,16,30,114.98,0.13,4.800000000000001,0,0,0,0,19.3,61.86,959,0,0,0,0,27.200000000000003,137,3.8000000000000003
2021,11,8,17,30,129.23,0.13,4.800000000000001,0,0,0,0,19.400000000000002,65.75,960,0,0,0,0,26.3,140,3.8000000000000003
2021,11,8,18,30,143.17000000000002,0.13,4.7,0,0,0,0,19.400000000000002,69.09,960,0,0,0,0,25.5,143,3.5
2021,11,8,19,30,156.19,0.13,4.6000000000000005,0,0,0,8,19.5,72.21000000000001,960,0,0,0,0,24.8,146,3.1
2021,11,8,20,30,165.48,0.13,4.5,0,0,0,1,19.5,75.19,960,0,0,0,0,24.200000000000003,149,2.8000000000000003
2021,11,8,21,30,163.01,0.13,4.4,0,0,0,0,19.6,78.21000000000001,959,0,0,0,0,23.6,151,2.5
2021,11,8,22,30,151.71,0.13,4.2,0,0,0,0,19.700000000000003,81.03,959,0,0,0,0,23.1,151,2.1
2021,11,8,23,30,138.23,0.13,4,0,0,0,0,19.700000000000003,83.36,959,0,0,0,0,22.700000000000003,149,1.9000000000000001
2021,11,9,0,30,124.16,0.15,3.8000000000000003,0,0,0,0,19.8,85.74,959,0,0,0,0,22.3,147,1.7000000000000002
2021,11,9,1,30,109.87,0.15,3.6,0,0,0,0,19.900000000000002,87.8,959,0,0,0,0,22,145,1.8
2021,11,9,2,30,95.52,0.15,3.5,0,0,0,0,20,88.71000000000001,960,0,0,0,0,22,140,2.1
2021,11,9,3,30,81.11,0.15,3.4000000000000004,53,325,103,0,20.3,83.15,961,53,325,0,103,23.3,132,3
2021,11,9,4,30,66.97,0.15,3.3000000000000003,93,647,346,1,20.200000000000003,71.21000000000001,961,93,647,0,346,25.8,124,3.7
2021,11,9,5,30,53.08,0.15,3.2,113,789,587,1,19.6,58.4,962,113,789,0,587,28.6,117,3.8000000000000003
2021,11,9,6,30,39.78,0.15,3.2,125,863,788,3,19.1,48.63,961,165,0,0,165,31.200000000000003,111,3.7
2021,11,9,7,30,28.01,0.15,3.2,130,905,929,1,18.6,42.21,961,130,905,0,929,33.1,106,3.5
2021,11,9,8,30,20.6,0.15,3.2,133,920,995,3,17.900000000000002,37.38,960,464,32,0,494,34.5,104,3.3000000000000003
2021,11,9,9,30,22.42,0.15,3.2,127,925,982,3,17.2,33.980000000000004,959,488,147,0,624,35.5,104,3.1
2021,11,9,10,30,31.93,0.15,3.3000000000000003,126,896,886,0,16.6,31.93,958,126,896,0,886,35.9,105,2.9000000000000004
2021,11,9,11,30,44.42,0.15,3.4000000000000004,120,843,722,0,16,30.94,957,120,843,0,722,35.800000000000004,105,2.9000000000000004
2021,11,9,12,30,57.99,0.15,3.4000000000000004,124,701,495,0,15.600000000000001,31.43,957,124,701,0,495,35,107,2.9000000000000004
2021,11,9,13,30,72,0.15,3.5,93,503,249,0,15.3,33.480000000000004,957,93,503,0,249,33.6,110,2.7
2021,11,9,14,30,86.11,0.15,3.5,28,83,34,0,15.600000000000001,38.22,958,28,83,0,34,31.6,117,2.1
2021,11,9,15,30,100.62,0.15,3.6,0,0,0,0,16.3,43.050000000000004,959,0,0,0,0,30.200000000000003,127,2.4000000000000004
2021,11,9,16,30,114.94,0.15,3.6,0,0,0,0,16.400000000000002,45.7,960,0,0,0,0,29.3,133,3.6
2021,11,9,17,30,129.16,0.15,3.5,0,0,0,0,17.400000000000002,52.71,961,0,0,0,0,27.900000000000002,135,4.4
2021,11,9,18,30,143.06,0.15,3.5,0,0,0,0,18.7,63.54,961,0,0,0,0,26.200000000000003,134,4.6000000000000005
2021,11,9,19,30,156.01,0.15,3.3000000000000003,0,0,0,0,19.700000000000003,73.53,961,0,0,0,0,24.8,132,4.2
2021,11,9,20,30,165.21,0.15,3.2,0,0,0,0,20.3,80.65,961,0,0,0,0,23.8,129,3.8000000000000003
2021,11,9,21,30,162.8,0.15,3.1,0,0,0,0,20.5,84.47,961,0,0,0,0,23.3,127,3.5
2021,11,9,22,30,151.61,0.15,3,0,0,0,0,20.700000000000003,87.42,960,0,0,0,0,22.900000000000002,124,3.5
2021,11,9,23,30,138.18,0.15,2.9000000000000004,0,0,0,0,20.8,89.27,960,0,0,0,0,22.700000000000003,121,3.5
2021,11,10,0,30,124.14,0.15,2.9000000000000004,0,0,0,0,21,91.23,961,0,0,0,0,22.5,118,3.2
2021,11,10,1,30,109.87,0.15,2.8000000000000003,0,0,0,0,21.1,92.91,961,0,0,0,0,22.3,115,3.1
2021,11,10,2,30,95.55,0.15,2.8000000000000003,0,0,0,0,21.200000000000003,93.31,962,0,0,0,0,22.3,111,3.2
2021,11,10,3,30,81.16,0.15,2.7,59,264,100,0,21.200000000000003,87.39,963,59,264,0,100,23.400000000000002,107,3.8000000000000003
2021,11,10,4,30,67.05,0.15,2.7,108,601,342,0,20.5,73.3,963,108,601,0,342,25.6,103,4.4
2021,11,10,5,30,53.18,0.15,2.7,129,762,586,0,19.700000000000003,59.44,963,129,762,0,586,28.400000000000002,100,4.4
2021,11,10,6,30,39.93,0.15,2.8000000000000003,127,867,792,0,18.900000000000002,48.39,962,127,867,0,792,31.1,95,4.2
2021,11,10,7,30,28.22,0.15,2.8000000000000003,131,911,934,0,18,40.19,961,131,911,0,934,33.300000000000004,89,3.8000000000000003
2021,11,10,8,30,20.88,0.15,2.8000000000000003,133,928,1000,0,17,34.39,960,133,928,0,1000,35,85,3.5
2021,11,10,9,30,22.66,0.15,2.8000000000000003,136,919,984,0,16.1,30.67,959,136,919,0,984,36,85,3.2
2021,11,10,10,30,32.08,0.15,2.8000000000000003,127,904,893,0,15.100000000000001,28.01,958,127,904,0,893,36.6,89,3.1
2021,11,10,11,30,44.51,0.15,2.8000000000000003,116,861,730,0,14.4,26.78,957,116,861,0,730,36.5,94,3.1
2021,11,10,12,30,58.04,0.15,2.8000000000000003,100,779,512,0,13.8,26.95,957,100,779,0,512,35.7,100,3.1
2021,11,10,13,30,72.02,0.15,2.8000000000000003,76,603,262,0,13.4,28.57,957,76,603,0,262,34.2,104,2.8000000000000003
2021,11,10,14,30,86.11,0.15,2.8000000000000003,26,161,37,0,13.700000000000001,33.35,958,26,161,0,37,31.8,110,2.2
2021,11,10,15,30,100.59,0.15,2.8000000000000003,0,0,0,0,14.600000000000001,38.83,958,0,0,0,0,30.1,116,2.2
2021,11,10,16,30,114.89,0.15,2.9000000000000004,0,0,0,0,14.8,41.08,959,0,0,0,0,29.400000000000002,122,3
2021,11,10,17,30,129.08,0.15,2.9000000000000004,0,0,0,0,15.700000000000001,46.76,960,0,0,0,0,28.200000000000003,127,3.7
2021,11,10,18,30,142.95000000000002,0.15,3,0,0,0,0,17.2,56.47,960,0,0,0,0,26.6,131,4
2021,11,10,19,30,155.84,0.15,3,0,0,0,0,18.8,68.29,960,0,0,0,0,25.1,132,3.9000000000000004
2021,11,10,20,30,164.94,0.15,2.9000000000000004,0,0,0,0,20,78.92,960,0,0,0,0,23.900000000000002,131,3.5
2021,11,10,21,30,162.59,0.15,2.9000000000000004,0,0,0,0,20.6,85.45,960,0,0,0,0,23.200000000000003,128,3.1
2021,11,10,22,30,151.5,0.15,2.8000000000000003,0,0,0,0,20.900000000000002,89.48,959,0,0,0,0,22.700000000000003,124,2.9000000000000004
2021,11,10,23,30,138.13,0.15,2.8000000000000003,0,0,0,0,21,91.65,959,0,0,0,0,22.400000000000002,120,2.9000000000000004
2021,11,11,0,30,124.12,0.15,2.7,0,0,0,0,21,93.45,959,0,0,0,0,22.1,116,2.8000000000000003
2021,11,11,1,30,109.88,0.15,2.6,0,0,0,0,21,94.51,960,0,0,0,0,21.900000000000002,113,2.7
2021,11,11,2,30,95.58,0.15,2.6,0,0,0,0,21,94.43,960,0,0,0,0,21.900000000000002,110,2.8000000000000003
2021,11,11,3,30,81.21000000000001,0.15,2.5,47,398,108,0,20.900000000000002,87.47,961,47,398,0,108,23.1,107,3.2
2021,11,11,4,30,67.13,0.15,2.5,80,710,356,0,20.400000000000002,73.11,961,80,710,1,356,25.6,104,3.5
2021,11,11,5,30,53.29,0.15,2.5,97,844,601,0,19.8,58.32,961,97,844,0,601,28.8,98,3.4000000000000004
2021,11,11,6,30,40.08,0.15,2.6,106,909,802,0,18.5,44.68,961,106,909,0,802,32,91,3.3000000000000003
2021,11,11,7,30,28.43,0.15,2.6,114,943,943,0,16.8,34.84,960,114,943,0,943,34.5,88,3.1
2021,11,11,8,30,21.16,0.15,2.6,117,957,1009,0,15.700000000000001,29.900000000000002,958,117,957,0,1009,36,93,3
2021,11,11,9,30,22.900000000000002,0.15,2.7,125,938,989,0,14.8,26.77,957,125,938,0,989,37,101,2.8000000000000003
2021,11,11,10,30,32.22,0.15,2.7,121,916,896,0,14.100000000000001,25.18,956,121,916,0,896,37.300000000000004,108,2.8000000000000003
2021,11,11,11,30,44.6,0.15,2.8000000000000003,114,866,730,0,13.600000000000001,24.650000000000002,955,114,866,0,730,37.1,115,2.8000000000000003
2021,11,11,12,30,58.09,0.15,2.9000000000000004,122,712,499,2,13.3,25.35,955,294,55,0,323,36.2,120,2.9000000000000004
2021,11,11,13,30,72.04,0.15,3,93,513,252,3,13.200000000000001,27.39,955,128,4,0,129,34.7,122,2.6
2021,11,11,14,30,86.11,0.15,3.2,27,90,33,1,13.8,32.13,956,27,90,0,33,32.6,126,2.2
2021,11,11,15,30,100.56,0.15,3.4000000000000004,0,0,0,0,14.700000000000001,36.77,957,0,0,0,0,31.200000000000003,130,2.8000000000000003
2021,11,11,16,30,114.84,0.15,3.6,0,0,0,0,15.4,40.910000000000004,958,0,0,0,0,30.1,134,4.2
2021,11,11,17,30,129.01,0.15,3.8000000000000003,0,0,0,0,17.400000000000002,51.71,959,0,0,0,0,28.3,134,4.9
2021,11,11,18,30,142.83,0.15,4,0,0,0,0,19.6,65.72,959,0,0,0,0,26.5,132,4.9
2021,11,11,19,30,155.66,0.15,4,0,0,0,0,20.700000000000003,75.71000000000001,959,0,0,0,0,25.3,128,4.4
2021,11,11,20,30,164.67000000000002,0.15,4,0,0,0,0,21.200000000000003,81.58,959,0,0,0,0,24.6,125,3.9000000000000004
2021,11,11,21,30,162.38,0.15,4,0,0,0,0,21.5,85.21000000000001,958,0,0,0,0,24.1,122,3.7
2021,11,11,22,30,151.4,0.15,4,0,0,0,0,21.6,87.25,958,0,0,0,0,23.8,121,3.4000000000000004
2021,11,11,23,30,138.09,0.15,4,0,0,0,0,21.6,89.17,958,0,0,0,0,23.5,120,3.2
2021,11,12,0,30,124.11,0.15,4,0,0,0,0,21.6,90.46000000000001,958,0,0,0,0,23.3,119,3
2021,11,12,1,30,109.9,0.15,3.9000000000000004,0,0,0,0,21.700000000000003,91.93,959,0,0,0,0,23.1,119,2.9000000000000004
2021,11,12,2,30,95.61,0.15,3.9000000000000004,0,0,0,0,21.8,92.78,960,0,0,0,0,23,118,3
2021,11,12,3,30,81.27,0.15,3.8000000000000003,50,334,101,0,21.8,87.26,961,50,334,0,101,24,114,3.5
2021,11,12,4,30,67.21000000000001,0.15,3.7,87,654,341,3,21.1,73.76,961,127,1,0,127,26.200000000000003,110,4
2021,11,12,5,30,53.4,0.15,3.6,105,799,582,0,20.3,59.58,961,105,799,0,582,29,105,4.1000000000000005
2021,11,12,6,30,40.230000000000004,0.15,3.6,137,833,773,1,19.5,48.4,961,137,833,0,773,31.700000000000003,102,4.1000000000000005
2021,11,12,7,30,28.64,0.15,3.5,151,867,912,0,18.7,40.74,960,151,867,0,912,33.9,100,4
2021,11,12,8,30,21.43,0.15,3.5,158,879,976,0,17.900000000000002,35.87,959,158,879,0,976,35.300000000000004,99,3.9000000000000004
2021,11,12,9,30,23.13,0.15,3.5,163,866,960,8,17,32.31,957,266,693,7,904,36.2,99,3.7
2021,11,12,10,30,32.37,0.15,3.5,163,832,866,7,16.3,30.54,956,342,443,0,716,36.4,99,3.6
2021,11,12,11,30,44.68,0.15,3.6,156,767,701,7,15.8,29.98,955,329,303,0,544,36.1,100,3.5
2021,11,12,12,30,58.13,0.15,3.6,137,659,485,7,15.4,30.8,955,252,264,0,391,35.2,103,3.4000000000000004
2021,11,12,13,30,72.06,0.15,3.6,102,459,243,7,15.3,33.08,956,159,169,0,211,33.800000000000004,108,3.2
2021,11,12,14,30,86.10000000000001,0.15,3.6,27,68,32,7,15.600000000000001,36.84,956,27,68,5,32,32.2,118,2.8000000000000003
2021,11,12,15,30,100.53,0.15,3.6,0,0,0,0,16.1,41.26,957,0,0,0,0,30.8,130,3.2
2021,11,12,16,30,114.79,0.15,3.7,0,0,0,0,16.8,45.99,958,0,0,0,0,29.6,137,4.2
2021,11,12,17,30,128.93,0.15,3.6,0,0,0,0,18,55.02,959,0,0,0,0,27.900000000000002,136,4.800000000000001
2021,11,12,18,30,142.71,0.15,3.6,0,0,0,0,19.400000000000002,65.95,960,0,0,0,0,26.3,132,4.7
2021,11,12,19,30,155.48,0.15,3.5,0,0,0,0,20.3,74.59,960,0,0,0,0,25.1,125,4.3
2021,11,12,20,30,164.4,0.15,3.4000000000000004,0,0,0,0,20.700000000000003,80.19,960,0,0,0,0,24.3,118,4.1000000000000005
2021,11,12,21,30,162.18,0.15,3.3000000000000003,0,0,0,0,20.8,83.56,959,0,0,0,0,23.8,111,4.1000000000000005
2021,11,12,22,30,151.3,0.15,3.1,0,0,0,0,20.900000000000002,85.89,959,0,0,0,0,23.400000000000002,106,4
2021,11,12,23,30,138.04,0.15,3.1,0,0,0,0,20.900000000000002,87.35000000000001,959,0,0,0,0,23.1,103,3.7
2021,11,13,0,30,124.10000000000001,0.16,3.1,0,0,0,0,20.900000000000002,88.92,959,0,0,0,0,22.8,102,3.4000000000000004
2021,11,13,1,30,109.91,0.16,3.1,0,0,0,0,20.900000000000002,90.16,959,0,0,0,0,22.6,102,3.3000000000000003
2021,11,13,2,30,95.65,0.16,3.2,0,0,0,0,21,89.99,960,0,0,0,0,22.700000000000003,102,3.3000000000000003
2021,11,13,3,30,81.33,0.16,3.2,56,276,97,0,21.1,85.17,961,56,276,0,97,23.700000000000003,100,3.8000000000000003
2021,11,13,4,30,67.29,0.16,3.3000000000000003,104,594,334,3,20.700000000000003,72.09,962,137,2,0,138,26.1,99,4.4
2021,11,13,5,30,53.51,0.16,3.4000000000000004,130,741,571,0,20,58.27,962,130,741,0,571,29,97,4.6000000000000005
2021,11,13,6,30,40.38,0.16,3.4000000000000004,149,816,771,1,19.400000000000002,48.36,962,149,816,0,771,31.6,95,4.6000000000000005
2021,11,13,7,30,28.85,0.16,3.5,159,855,908,0,18.8,41.54,961,159,855,0,908,33.7,94,4.4
2021,11,13,8,30,21.69,0.16,3.6,161,872,971,0,18.2,36.92,960,161,872,0,971,35.1,93,4.1000000000000005
2021,11,13,9,30,23.35,0.16,3.6,150,885,963,2,17.5,33.910000000000004,958,521,182,0,688,35.9,94,3.9000000000000004
2021,11,13,10,30,32.5,0.16,3.7,152,848,867,1,17.1,32.53,957,152,848,0,867,36.1,96,3.7
2021,11,13,11,30,44.76,0.16,3.8000000000000003,147,783,703,8,16.7,32.42,956,287,27,0,306,35.7,99,3.6
2021,11,13,12,30,58.17,0.16,3.9000000000000004,155,613,478,2,16.400000000000002,33.72,956,252,23,0,264,34.7,104,3.5
2021,11,13,13,30,72.07000000000001,0.16,4,112,412,238,0,16.400000000000002,36.38,957,112,412,0,238,33.300000000000004,112,3.5
2021,11,13,14,30,86.09,0.16,4,27,50,30,3,16.7,40.82,958,28,0,7,28,31.6,121,3.7
2021,11,13,15,30,100.5,0.16,4.1000000000000005,0,0,0,0,17.3,46.32,959,0,0,0,0,30.1,130,4.4
2021,11,13,16,30,114.73,0.16,4.1000000000000005,0,0,0,3,18.3,54.120000000000005,960,0,0,0,0,28.5,133,5.2
2021,11,13,17,30,128.84,0.16,4,0,0,0,3,19.5,63.980000000000004,960,0,0,0,0,26.900000000000002,132,5.5
2021,11,13,18,30,142.59,0.16,4,0,0,0,1,20.400000000000002,73.38,961,0,0,0,0,25.5,129,5.1000000000000005
2021,11,13,19,30,155.3,0.16,3.9000000000000004,0,0,0,3,20.900000000000002,79.3,961,0,0,0,0,24.700000000000003,126,4.800000000000001
2021,11,13,20,30,164.14000000000001,0.16,3.8000000000000003,0,0,0,1,21.200000000000003,83.9,960,0,0,0,0,24.1,123,4.5
2021,11,13,21,30,161.98,0.16,3.7,0,0,0,0,21.5,87.37,960,0,0,0,0,23.700000000000003,121,4.1000000000000005
2021,11,13,22,30,151.20000000000002,0.16,3.6,0,0,0,1,21.6,89.56,959,0,0,0,0,23.400000000000002,119,3.8000000000000003
2021,11,13,23,30,138,0.16,3.5,0,0,0,0,21.700000000000003,91.96000000000001,959,0,0,0,0,23.1,116,3.4000000000000004
2021,11,14,0,30,124.09,0.16,3.4000000000000004,0,0,0,0,21.900000000000002,94.10000000000001,960,0,0,0,0,22.900000000000002,115,3.2
2021,11,14,1,30,109.93,0.16,3.3000000000000003,0,0,0,0,22,96.69,960,0,0,0,0,22.6,114,3
2021,11,14,2,30,95.69,0.16,3.2,0,0,0,0,22.200000000000003,97.39,961,0,0,0,0,22.6,113,3.2
2021,11,14,3,30,81.39,0.16,3.2,51,322,100,1,22.200000000000003,90.8,962,51,322,0,100,23.8,111,3.9000000000000004
2021,11,14,4,30,67.38,0.16,3.2,92,645,340,3,21.400000000000002,75.53,962,189,17,0,196,26.1,108,4.7
2021,11,14,5,30,53.63,0.16,3.3000000000000003,113,786,579,1,20.3,60.57,962,113,786,0,579,28.700000000000003,106,4.9
2021,11,14,6,30,40.54,0.16,3.3000000000000003,168,782,762,1,19.200000000000003,48.86,962,168,782,0,762,31.200000000000003,103,4.7
2021,11,14,7,30,29.07,0.16,3.4000000000000004,185,815,897,0,18.2,40.83,961,185,815,0,897,33.300000000000004,100,4.4
2021,11,14,8,30,21.96,0.16,3.5,198,822,960,0,17.400000000000002,36.01,960,198,822,0,960,34.7,97,4.1000000000000005
2021,11,14,9,30,23.57,0.16,3.6,216,788,938,0,16.8,33.49,959,216,788,0,938,35.300000000000004,95,3.8000000000000003
2021,11,14,10,30,32.64,0.16,3.7,221,737,842,0,16.400000000000002,32.42,958,221,737,0,842,35.4,94,3.6
2021,11,14,11,30,44.83,0.16,3.7,209,665,681,0,16.2,32.8,957,209,665,0,681,34.9,95,3.4000000000000004
2021,11,14,12,30,58.21,0.16,3.8000000000000003,180,547,468,0,16.1,34.56,957,180,547,0,468,33.9,99,3.3000000000000003
2021,11,14,13,30,72.07000000000001,0.16,3.9000000000000004,127,341,232,0,16.3,37.54,958,127,341,0,232,32.6,106,3
2021,11,14,14,30,86.07000000000001,0.16,4,25,27,27,0,16.6,42.04,959,25,27,0,27,31,119,2.7
2021,11,14,15,30,100.46000000000001,0.16,4,0,0,0,0,17.2,46.96,959,0,0,0,0,29.700000000000003,132,3.1
2021,11,14,16,30,114.67,0.16,4,0,0,0,0,17.8,52.04,960,0,0,0,0,28.6,141,3.9000000000000004
2021,11,14,17,30,128.76,0.16,4.1000000000000005,0,0,0,7,18.6,59.19,961,0,0,0,0,27.3,144,4.4
2021,11,14,18,30,142.47,0.16,4,0,0,0,7,19.5,67.5,962,0,0,0,0,26,142,4.5
2021,11,14,19,30,155.12,0.16,4,0,0,0,1,20.200000000000003,75.10000000000001,962,0,0,0,0,24.900000000000002,140,4.2
2021,11,14,20,30,163.88,0.16,4,0,0,0,0,20.6,80.4,961,0,0,0,0,24.200000000000003,136,3.9000000000000004
2021,11,14,21,30,161.79,0.16,3.9000000000000004,0,0,0,0,20.900000000000002,84.39,961,0,0,0,0,23.700000000000003,133,3.7
2021,11,14,22,30,151.11,0.16,3.8000000000000003,0,0,0,0,21.1,87.57000000000001,960,0,0,0,0,23.3,131,3.3000000000000003
2021,11,14,23,30,137.97,0.16,3.7,0,0,0,0,21.3,90.15,960,0,0,0,0,23,129,3
2021,11,15,0,30,124.09,0.15,3.7,0,0,0,0,21.5,92.67,960,0,0,0,0,22.700000000000003,127,2.7
2021,11,15,1,30,109.95,0.15,3.6,0,0,0,0,21.6,94.63,961,0,0,0,0,22.5,126,2.5
2021,11,15,2,30,95.74000000000001,0.15,3.5,0,0,0,0,21.700000000000003,95.15,961,0,0,0,0,22.5,125,2.6
2021,11,15,3,30,81.46000000000001,0.15,3.5,59,223,93,0,21.8,90,962,59,223,0,93,23.5,123,3.2
2021,11,15,4,30,67.47,0.15,3.5,112,562,328,0,21.200000000000003,75.72,962,112,562,0,328,25.8,120,3.8000000000000003
2021,11,15,5,30,53.74,0.15,3.5,136,727,566,0,20.3,61.15,963,136,727,0,566,28.5,118,3.9000000000000004
2021,11,15,6,30,40.69,0.15,3.5,146,818,766,3,19.400000000000002,50.160000000000004,962,377,45,0,411,31,116,3.7
2021,11,15,7,30,29.27,0.15,3.6,148,869,906,1,18.6,42.92,961,148,869,0,906,32.9,115,3.3000000000000003
2021,11,15,8,30,22.21,0.15,3.6,147,894,975,0,17.8,37.97,960,147,894,0,975,34.2,114,2.9000000000000004
2021,11,15,9,30,23.78,0.15,3.6,204,804,940,0,17.1,34.71,959,204,804,0,940,35,114,2.5
2021,11,15,10,30,32.77,0.15,3.7,190,785,851,2,16.5,32.83,957,489,148,0,614,35.300000000000004,116,2.4000000000000004
2021,11,15,11,30,44.9,0.15,3.7,172,736,693,7,16.1,32.6,957,309,400,7,592,35,119,2.4000000000000004
2021,11,15,12,30,58.24,0.15,3.7,149,629,480,0,16,33.86,957,149,629,0,480,34.1,124,2.5
2021,11,15,13,30,72.08,0.15,3.8000000000000003,107,434,241,0,15.9,36.410000000000004,957,107,434,0,241,32.800000000000004,129,2.7
2021,11,15,14,30,86.05,0.15,3.9000000000000004,28,53,32,0,16.3,40.9,958,28,53,0,32,31.1,136,2.8000000000000003
2021,11,15,15,30,100.42,0.15,3.9000000000000004,0,0,0,0,16.900000000000002,46.49,958,0,0,0,0,29.6,142,3.5
2021,11,15,16,30,114.61,0.15,4,0,0,0,0,17.7,52.480000000000004,959,0,0,0,0,28.400000000000002,144,4.3
2021,11,15,17,30,128.67000000000002,0.15,4,0,0,0,1,18.6,60.08,960,0,0,0,0,27,144,4.6000000000000005
2021,11,15,18,30,142.35,0.15,3.9000000000000004,0,0,0,0,19.3,68.06,960,0,0,0,0,25.6,143,4.4
2021,11,15,19,30,154.94,0.15,3.9000000000000004,0,0,0,0,19.700000000000003,74.35000000000001,960,0,0,0,0,24.6,142,3.9000000000000004
2021,11,15,20,30,163.63,0.15,3.8000000000000003,0,0,0,0,20,78.94,959,0,0,0,0,23.900000000000002,141,3.4000000000000004
2021,11,15,21,30,161.6,0.15,3.7,0,0,0,0,20.3,82.57000000000001,959,0,0,0,0,23.400000000000002,140,3.1
2021,11,15,22,30,151.02,0.15,3.7,0,0,0,0,20.5,85.65,958,0,0,0,0,23,139,3
2021,11,15,23,30,137.93,0.15,3.6,0,0,0,0,20.6,88.22,958,0,0,0,0,22.700000000000003,137,3
2021,11,16,0,30,124.09,0.15,3.6,0,0,0,0,20.700000000000003,89.69,958,0,0,0,0,22.5,137,2.9000000000000004
2021,11,16,1,30,109.98,0.15,3.5,0,0,0,0,20.8,90.69,959,0,0,0,0,22.400000000000002,136,2.8000000000000003
2021,11,16,2,30,95.78,0.15,3.5,0,0,0,0,20.900000000000002,91.23,960,0,0,0,0,22.400000000000002,137,2.8000000000000003
2021,11,16,3,30,81.52,0.15,3.5,54,283,96,0,20.900000000000002,85.9,960,54,283,0,96,23.400000000000002,136,3.3000000000000003
2021,11,16,4,30,67.56,0.15,3.5,101,605,332,0,20.5,73.33,961,101,605,0,332,25.6,135,3.6
2021,11,16,5,30,53.86,0.15,3.6,124,754,569,0,19.8,59.49,961,124,754,0,569,28.400000000000002,133,3.5
2021,11,16,6,30,40.85,0.15,3.6,141,826,766,0,19,48.81,960,141,826,0,766,31,130,3.2
2021,11,16,7,30,29.48,0.15,3.7,148,868,904,0,18.400000000000002,42.2,959,148,868,0,904,32.9,125,2.7
2021,11,16,8,30,22.47,0.15,3.7,150,888,971,0,17.8,37.85,958,150,888,0,971,34.2,119,2.3000000000000003
2021,11,16,9,30,23.990000000000002,0.15,3.8000000000000003,154,877,955,1,17.2,35.13,957,154,877,0,955,34.9,113,2.1
2021,11,16,10,30,32.89,0.15,3.8000000000000003,148,853,864,0,16.8,33.77,956,148,853,0,864,35.1,111,2
2021,11,16,11,30,44.97,0.15,3.9000000000000004,137,801,704,0,16.5,33.9,955,137,801,0,704,34.7,113,2
2021,11,16,12,30,58.27,0.15,4,120,703,490,0,16.400000000000002,35.37,955,120,703,0,490,33.800000000000004,117,2.2
2021,11,16,13,30,72.08,0.15,4,92,505,247,0,16.400000000000002,37.95,955,92,505,0,247,32.6,122,2.3000000000000003
2021,11,16,14,30,86.03,0.15,4.1000000000000005,28,87,34,3,16.7,42.160000000000004,956,32,2,7,32,31,129,2.2
2021,11,16,15,30,100.38,0.15,4.1000000000000005,0,0,0,3,17.3,47.480000000000004,957,0,0,0,0,29.6,136,2.7
2021,11,16,16,30,114.55,0.15,4.1000000000000005,0,0,0,3,17.6,51.53,958,0,0,0,0,28.6,140,3.7
2021,11,16,17,30,128.58,0.15,4,0,0,0,0,18.1,57.01,959,0,0,0,0,27.400000000000002,142,4.2
2021,11,16,18,30,142.22,0.15,3.9000000000000004,0,0,0,0,18.7,63.64,959,0,0,0,0,26.1,144,4.1000000000000005
2021,11,16,19,30,154.76,0.15,3.9000000000000004,0,0,0,0,19.1,69.76,959,0,0,0,0,25,144,3.7
2021,11,16,20,30,163.38,0.15,3.8000000000000003,0,0,0,0,19.400000000000002,74.44,959,0,0,0,0,24.200000000000003,144,3.2
2021,11,16,21,30,161.42000000000002,0.15,3.7,0,0,0,0,19.6,78.11,958,0,0,0,0,23.6,143,2.8000000000000003
2021,11,16,22,30,150.94,0.15,3.6,0,0,0,0,19.8,81.54,958,0,0,0,0,23.1,140,2.4000000000000004
2021,11,16,23,30,137.9,0.15,3.6,0,0,0,0,20,84.51,958,0,0,0,0,22.700000000000003,137,2.3000000000000003
2021,11,17,0,30,124.09,0.16,3.5,0,0,0,0,20.1,86.59,958,0,0,0,0,22.5,134,2.4000000000000004
2021,11,17,1,30,110.01,0.16,3.5,0,0,0,0,20.400000000000002,88.79,959,0,0,0,0,22.3,132,2.6
2021,11,17,2,30,95.83,0.16,3.4000000000000004,0,0,0,0,20.5,89.28,960,0,0,0,0,22.400000000000002,131,2.8000000000000003
2021,11,17,3,30,81.59,0.16,3.4000000000000004,55,272,94,0,20.700000000000003,84.14,960,55,272,0,94,23.5,131,3.3000000000000003
2021,11,17,4,30,67.65,0.16,3.4000000000000004,104,593,330,3,20.3,71.31,961,172,10,0,175,25.900000000000002,132,3.8000000000000003
2021,11,17,5,30,53.980000000000004,0.16,3.4000000000000004,128,746,567,1,19.700000000000003,58.230000000000004,961,128,746,0,567,28.700000000000003,131,3.7
2021,11,17,6,30,41.01,0.16,3.5,139,831,766,0,19.1,47.72,960,139,831,0,766,31.5,128,3.5
2021,11,17,7,30,29.69,0.16,3.6,149,868,903,0,18.6,41.36,959,149,868,0,903,33.5,126,3.2
2021,11,17,8,30,22.71,0.16,3.6,151,888,970,1,18.1,37.33,958,151,888,0,970,34.800000000000004,123,2.9000000000000004
2021,11,17,9,30,24.2,0.16,3.7,148,887,957,1,17.7,34.910000000000004,957,148,887,0,957,35.5,121,2.7
2021,11,17,10,30,33.01,0.16,3.8000000000000003,142,863,866,0,17.3,33.85,956,142,863,0,866,35.7,121,2.6
2021,11,17,11,30,45.03,0.16,3.9000000000000004,131,815,707,0,17.1,33.97,955,131,815,0,707,35.4,121,2.7
2021,11,17,12,30,58.29,0.16,4,144,640,480,0,17,35.32,955,144,640,0,480,34.5,121,2.9000000000000004
2021,11,17,13,30,72.08,0.16,4.1000000000000005,107,435,240,2,17,38.33,956,113,2,0,113,33.1,124,3.1
2021,11,17,14,30,86,0.16,4.2,28,52,32,0,17.400000000000002,43.19,957,28,52,0,32,31.400000000000002,129,3.2
2021,11,17,15,30,100.33,0.16,4.3,0,0,0,8,18,49.03,958,0,0,0,0,29.900000000000002,136,3.7
2021,11,17,16,30,114.48,0.16,4.4,0,0,0,6,18.8,55.45,959,0,0,0,0,28.6,139,4.4
2021,11,17,17,30,128.48,0.16,4.5,0,0,0,6,19.6,63.68,960,0,0,0,0,27.1,139,4.7
2021,11,17,18,30,142.09,0.16,4.5,0,0,0,7,20.3,71.49,960,0,0,0,0,25.8,139,4.5
2021,11,17,19,30,154.58,0.16,4.6000000000000005,0,0,0,3,20.6,77.22,960,0,0,0,0,24.900000000000002,137,4.1000000000000005
2021,11,17,20,30,163.14000000000001,0.16,4.5,0,0,0,3,20.900000000000002,81.3,960,0,0,0,0,24.3,135,3.7
2021,11,17,21,30,161.24,0.16,4.4,0,0,0,3,21.1,84.13,959,0,0,0,0,23.900000000000002,133,3.5
2021,11,17,22,30,150.86,0.16,4.2,0,0,0,0,21.200000000000003,87.03,959,0,0,0,0,23.5,131,3.2
2021,11,17,23,30,137.87,0.16,4,0,0,0,0,21.400000000000002,89.44,959,0,0,0,0,23.200000000000003,130,3
2021,11,18,0,30,124.10000000000001,0.16,3.8000000000000003,0,0,0,0,21.5,91.31,959,0,0,0,0,23,130,2.8000000000000003
2021,11,18,1,30,110.04,0.16,3.6,0,0,0,0,21.700000000000003,93.82000000000001,960,0,0,0,0,22.700000000000003,130,2.6
2021,11,18,2,30,95.89,0.16,3.4000000000000004,0,0,0,0,21.8,95.03,961,0,0,0,0,22.6,130,2.7
2021,11,18,3,30,81.67,0.16,3.2,50,319,96,0,21.8,89.72,962,50,319,0,96,23.6,129,3.5
2021,11,18,4,30,67.75,0.16,3.2,87,661,337,0,21.200000000000003,75.4,962,87,661,0,337,25.900000000000002,126,4.1000000000000005
2021,11,18,5,30,54.11,0.16,3.1,105,808,579,0,20.400000000000002,61.480000000000004,962,105,808,0,579,28.5,121,4
2021,11,18,6,30,41.160000000000004,0.16,3.1,114,886,781,1,19.700000000000003,50.99,962,114,886,0,781,31,114,3.6
2021,11,18,7,30,29.900000000000002,0.16,3.1,117,928,922,3,18.8,42.75,961,455,92,0,536,33.1,103,3.2
2021,11,18,8,30,22.96,0.16,3.2,117,945,987,0,17.6,36.56,960,117,945,0,987,34.6,92,2.8000000000000003
2021,11,18,9,30,24.39,0.16,3.2,115,945,976,1,16.7,32.79,958,115,945,0,976,35.5,83,2.6
2021,11,18,10,30,33.13,0.16,3.3000000000000003,110,924,884,3,16,30.740000000000002,957,433,82,0,501,35.9,79,2.5
2021,11,18,11,30,45.09,0.16,3.3000000000000003,102,882,725,1,15.600000000000001,30.07,956,102,882,0,725,35.800000000000004,80,2.4000000000000004
2021,11,18,12,30,58.31,0.16,3.4000000000000004,89,800,509,3,15.200000000000001,30.62,956,141,0,0,141,35.1,84,2.3000000000000003
2021,11,18,13,30,72.07000000000001,0.16,3.4000000000000004,68,636,264,3,15.100000000000001,32.34,956,60,0,0,60,33.9,90,2.1
2021,11,18,14,30,85.98,0.16,3.5,25,202,40,0,15.3,36.46,957,25,202,0,40,32,101,1.5
2021,11,18,15,30,100.28,0.16,3.6,0,0,0,0,16,41.25,958,0,0,0,0,30.700000000000003,115,1.6
2021,11,18,16,30,114.41,0.16,3.6,0,0,0,0,16,42.81,959,0,0,0,0,30,126,2.6
2021,11,18,17,30,128.39000000000001,0.16,3.7,0,0,0,3,16.6,47.33,960,0,0,0,0,28.900000000000002,133,3.7
2021,11,18,18,30,141.96,0.16,3.7,0,0,0,0,17.7,55.160000000000004,960,0,0,0,0,27.5,137,4.4
2021,11,18,19,30,154.4,0.16,3.8000000000000003,0,0,0,1,18.900000000000002,65.12,960,0,0,0,0,26,138,4.5
2021,11,18,20,30,162.9,0.16,3.8000000000000003,0,0,0,3,19.8,73.29,960,0,0,0,0,24.900000000000002,137,4.2
2021,11,18,21,30,161.06,0.16,3.7,0,0,0,1,20.200000000000003,78.89,960,0,0,0,0,24.1,135,3.8000000000000003
2021,11,18,22,30,150.78,0.16,3.6,0,0,0,3,20.400000000000002,81.79,960,0,0,0,0,23.700000000000003,133,3.5
2021,11,18,23,30,137.85,0.16,3.5,0,0,0,0,20.5,83.93,960,0,0,0,0,23.400000000000002,132,3.2
2021,11,19,0,30,124.11,0.16,3.4000000000000004,0,0,0,0,20.6,85.45,960,0,0,0,0,23.200000000000003,130,2.9000000000000004
2021,11,19,1,30,110.07000000000001,0.16,3.3000000000000003,0,0,0,0,20.700000000000003,87.2,960,0,0,0,0,22.900000000000002,128,2.5
2021,11,19,2,30,95.94,0.16,3.2,0,0,0,0,20.700000000000003,87.36,961,0,0,0,0,22.900000000000002,125,2.4000000000000004
2021,11,19,3,30,81.74,0.16,3.1,46,363,98,0,20.700000000000003,82.11,961,46,363,0,98,23.900000000000002,122,2.8000000000000003
2021,11,19,4,30,67.84,0.16,3.1,81,686,340,1,20.400000000000002,70.82000000000001,961,81,686,0,340,26.1,119,3.1
2021,11,19,5,30,54.230000000000004,0.16,3.2,98,823,579,1,19.900000000000002,58.050000000000004,961,98,823,0,579,29,114,3
2021,11,19,6,30,41.32,0.16,3.2,147,821,764,0,19.1,46.99,961,147,821,0,764,31.8,102,2.5
2021,11,19,7,30,30.1,0.16,3.3000000000000003,154,866,903,0,17.900000000000002,39.02,960,154,866,0,903,33.800000000000004,83,2.1
2021,11,19,8,30,23.2,0.16,3.3000000000000003,153,890,972,0,16.7,33.660000000000004,958,153,890,0,972,35.1,68,1.8
2021,11,19,9,30,24.580000000000002,0.16,3.4000000000000004,155,881,957,3,15.9,30.45,957,478,93,0,563,36,67,1.7000000000000002
2021,11,19,10,30,33.24,0.16,3.4000000000000004,143,869,870,3,15.4,28.61,956,433,73,0,494,36.5,75,1.6
2021,11,19,11,30,45.14,0.16,3.4000000000000004,129,826,712,0,14.9,27.85,955,129,826,0,712,36.4,88,1.6
2021,11,19,12,30,58.33,0.16,3.4000000000000004,112,738,499,3,14.5,28.35,955,282,47,0,307,35.6,101,1.8
2021,11,19,13,30,72.06,0.16,3.5,84,557,255,3,14.3,30.14,955,133,5,0,134,34.300000000000004,111,1.8
2021,11,19,14,30,85.94,0.16,3.6,29,126,38,1,14.600000000000001,33.95,956,29,126,0,38,32.5,122,1.5
2021,11,19,15,30,100.23,0.16,3.6,0,0,0,0,15.4,38.550000000000004,957,0,0,0,0,31.200000000000003,132,2
2021,11,19,16,30,114.33,0.16,3.7,0,0,0,0,15.600000000000001,40.96,958,0,0,0,0,30.3,138,3.2
2021,11,19,17,30,128.29,0.16,3.8000000000000003,0,0,0,3,16.7,48.02,959,0,0,0,0,28.8,141,4.1000000000000005
2021,11,19,18,30,141.83,0.16,3.8000000000000003,0,0,0,0,18.400000000000002,58.71,959,0,0,0,0,27.200000000000003,142,4.4
2021,11,19,19,30,154.21,0.16,3.8000000000000003,0,0,0,3,19.8,69.81,959,0,0,0,0,25.700000000000003,142,4.1000000000000005
2021,11,19,20,30,162.66,0.16,3.8000000000000003,0,0,0,3,20.5,77.08,959,0,0,0,0,24.8,141,3.5
2021,11,19,21,30,160.89000000000001,0.16,3.7,0,0,0,3,20.900000000000002,82.12,959,0,0,0,0,24.1,139,3.2
2021,11,19,22,30,150.71,0.16,3.6,0,0,0,1,21,84.93,958,0,0,0,0,23.700000000000003,137,3
2021,11,19,23,30,137.83,0.16,3.5,0,0,0,0,21.1,86.45,958,0,0,0,0,23.5,134,2.9000000000000004
2021,11,20,0,30,124.12,0.16,3.3000000000000003,0,0,0,0,21.200000000000003,88.4,958,0,0,0,0,23.200000000000003,131,2.8000000000000003
2021,11,20,1,30,110.11,0.16,3.2,0,0,0,0,21.3,89.39,959,0,0,0,0,23.1,129,2.7
2021,11,20,2,30,96,0.16,3,0,0,0,0,21.3,89.57000000000001,959,0,0,0,0,23.1,126,2.7
2021,11,20,3,30,81.82000000000001,0.16,2.9000000000000004,52,297,94,0,21.3,84.28,960,52,297,0,94,24.1,121,3.1
2021,11,20,4,30,67.94,0.16,2.9000000000000004,93,638,333,1,20.900000000000002,72.43,960,93,638,0,333,26.3,116,3.5
2021,11,20,5,30,54.36,0.16,2.9000000000000004,114,788,573,1,20.3,59.24,961,114,788,0,573,29.1,109,3.5
2021,11,20,6,30,41.480000000000004,0.16,2.9000000000000004,126,866,775,0,19.400000000000002,47.83,960,126,866,0,775,31.8,102,3.2
2021,11,20,7,30,30.3,0.16,2.9000000000000004,134,905,915,0,18,38.52,959,134,905,0,915,34.1,95,2.6
2021,11,20,8,30,23.43,0.16,2.9000000000000004,136,921,982,0,16.5,31.970000000000002,958,136,921,0,982,35.800000000000004,87,2
2021,11,20,9,30,24.77,0.16,2.9000000000000004,124,938,975,0,15.200000000000001,27.69,956,124,938,1,975,36.9,80,1.6
2021,11,20,10,30,33.34,0.16,2.9000000000000004,119,917,885,0,14.3,25.46,955,119,917,0,885,37.300000000000004,78,1.5
2021,11,20,11,30,45.19,0.16,2.9000000000000004,110,874,726,0,13.5,24.310000000000002,954,110,874,0,726,37.300000000000004,83,1.6
2021,11,20,12,30,58.34,0.16,3,100,777,508,1,13.100000000000001,24.45,954,100,777,0,508,36.6,92,1.9000000000000001
2021,11,20,13,30,72.04,0.16,3,78,595,262,0,12.700000000000001,25.830000000000002,954,78,595,0,262,35.2,99,1.9000000000000001
2021,11,20,14,30,85.91,0.16,3.1,28,152,39,0,12.9,29.37,955,28,152,0,39,33.1,106,1.6
2021,11,20,15,30,100.17,0.16,3.1,0,0,0,0,13.600000000000001,33.3,955,0,0,0,0,31.700000000000003,113,2.1
2021,11,20,16,30,114.25,0.16,3.2,0,0,0,0,13.600000000000001,35.08,956,0,0,0,0,30.8,118,3.4000000000000004
2021,11,20,17,30,128.18,0.16,3.3000000000000003,0,0,0,0,14.8,41.29,957,0,0,0,0,29.3,122,4.3
2021,11,20,18,30,141.70000000000002,0.16,3.3000000000000003,0,0,0,0,16.7,51.65,958,0,0,0,0,27.5,126,4.5
2021,11,20,19,30,154.03,0.16,3.3000000000000003,0,0,0,0,18.3,62.870000000000005,958,0,0,0,0,25.900000000000002,128,4.2
2021,11,20,20,30,162.43,0.16,3.2,0,0,0,0,19.3,71.75,958,0,0,0,0,24.700000000000003,130,3.8000000000000003
2021,11,20,21,30,160.73,0.16,3.2,0,0,0,0,19.8,77.64,957,0,0,0,0,23.900000000000002,128,3.5
2021,11,20,22,30,150.64000000000001,0.16,3.1,0,0,0,0,20.1,82.23,957,0,0,0,0,23.3,124,3.3000000000000003
2021,11,20,23,30,137.82,0.16,3,0,0,0,0,20.3,85.34,957,0,0,0,0,22.900000000000002,118,3.2
2021,11,21,0,30,124.14,0.15,3,0,0,0,0,20.400000000000002,87.56,958,0,0,0,0,22.6,113,3.2
2021,11,21,1,30,110.15,0.15,2.9000000000000004,0,0,0,0,20.5,88.4,958,0,0,0,0,22.5,110,3.1
2021,11,21,2,30,96.06,0.15,2.9000000000000004,0,0,0,0,20.5,88.59,959,0,0,0,0,22.5,107,3.1
2021,11,21,3,30,81.9,0.15,2.9000000000000004,50,310,94,0,20.5,83.87,960,50,310,0,94,23.400000000000002,105,3.5
2021,11,21,4,30,68.05,0.15,2.9000000000000004,89,652,333,0,20.1,72.56,960,89,652,0,333,25.400000000000002,102,3.8000000000000003
2021,11,21,5,30,54.480000000000004,0.15,2.9000000000000004,106,806,575,0,19.400000000000002,58.9,961,106,806,0,575,28.200000000000003,99,3.9000000000000004
2021,11,21,6,30,41.64,0.15,2.9000000000000004,114,889,778,0,18.3,46.45,960,114,889,0,778,31.1,95,3.7
2021,11,21,7,30,30.51,0.15,2.9000000000000004,118,930,918,0,16.6,35.9,959,118,930,0,918,33.800000000000004,88,3.3000000000000003
2021,11,21,8,30,23.66,0.15,2.9000000000000004,120,945,986,0,15.4,29.810000000000002,958,120,945,0,986,35.7,82,2.9000000000000004
2021,11,21,9,30,24.95,0.15,2.9000000000000004,126,935,973,0,14.700000000000001,26.69,957,126,935,0,973,36.9,77,2.6
2021,11,21,10,30,33.44,0.15,2.9000000000000004,118,919,884,0,14,24.86,956,118,919,0,884,37.4,77,2.5
2021,11,21,11,30,45.24,0.15,2.8000000000000003,108,880,727,0,13.3,23.66,955,108,880,0,727,37.5,79,2.5
2021,11,21,12,30,58.35,0.15,2.8000000000000003,94,798,513,0,12.8,23.72,955,94,798,0,513,36.800000000000004,83,2.7
2021,11,21,13,30,72.02,0.15,2.9000000000000004,72,629,266,0,12.4,25.04,955,72,629,0,266,35.4,87,2.5
2021,11,21,14,30,85.87,0.15,2.9000000000000004,27,193,41,1,12.4,28.7,955,27,193,0,41,33,94,1.9000000000000001
2021,11,21,15,30,100.11,0.15,2.9000000000000004,0,0,0,0,12.9,32.62,956,0,0,0,0,31.3,101,2.1
2021,11,21,16,30,114.17,0.15,2.9000000000000004,0,0,0,0,12.8,33.72,957,0,0,0,0,30.6,109,3
2021,11,21,17,30,128.08,0.15,2.9000000000000004,0,0,0,0,13.700000000000001,38.37,958,0,0,0,0,29.3,117,3.8000000000000003
2021,11,21,18,30,141.56,0.15,3,0,0,0,0,15.700000000000001,48.58,958,0,0,0,0,27.5,124,4.3
2021,11,21,19,30,153.85,0.15,3.1,0,0,0,0,18,61.97,959,0,0,0,0,25.8,126,4.3
2021,11,21,20,30,162.21,0.15,3.1,0,0,0,0,19.400000000000002,73.14,959,0,0,0,0,24.5,124,4.1000000000000005
2021,11,21,21,30,160.57,0.15,3,0,0,0,0,20.1,79.68,958,0,0,0,0,23.8,121,3.7
2021,11,21,22,30,150.57,0.15,3,0,0,0,0,20.400000000000002,83.87,958,0,0,0,0,23.3,118,3.5
2021,11,21,23,30,137.8,0.15,2.9000000000000004,0,0,0,0,20.5,85.99,958,0,0,0,0,23,117,3.3000000000000003
2021,11,22,0,30,124.16,0.15,2.9000000000000004,0,0,0,0,20.6,88.49,959,0,0,0,0,22.6,118,3
2021,11,22,1,30,110.2,0.15,2.8000000000000003,0,0,0,0,20.700000000000003,90.22,959,0,0,0,0,22.400000000000002,121,2.7
2021,11,22,2,30,96.13,0.15,2.9000000000000004,0,0,0,0,20.8,91.13,960,0,0,0,0,22.3,123,2.8000000000000003
2021,11,22,3,30,81.98,0.15,3,47,340,94,0,20.8,86.77,960,47,340,0,94,23.1,120,3.1
2021,11,22,4,30,68.15,0.15,3.1,83,670,333,3,20.5,75.17,961,180,15,0,185,25.200000000000003,115,3.5
2021,11,22,5,30,54.61,0.15,3.2,101,813,572,3,19.8,60.65,961,242,6,0,246,28.1,109,3.5
2021,11,22,6,30,41.800000000000004,0.15,3.2,110,889,773,1,19,49.25,961,110,889,0,773,30.900000000000002,102,3.2
2021,11,22,7,30,30.7,0.15,3.3000000000000003,114,928,912,1,18.3,41.25,960,114,928,0,912,33.2,92,2.9000000000000004
2021,11,22,8,30,23.88,0.15,3.4000000000000004,116,944,979,0,17.6,36.52,959,116,944,0,979,34.6,80,2.6
2021,11,22,9,30,25.12,0.15,3.5,124,925,962,0,16.900000000000002,33.56,958,124,925,0,962,35.4,69,2.5
2021,11,22,10,30,33.54,0.15,3.5,118,908,875,0,16.6,32.04,957,118,908,0,875,35.800000000000004,64,2.5
2021,11,22,11,30,45.28,0.15,3.6,109,862,716,1,16.3,31.59,956,109,862,0,716,35.7,64,2.5
2021,11,22,12,30,58.35,0.15,3.7,121,708,492,2,16.1,32.42,956,291,59,0,322,35,68,2.6
2021,11,22,13,30,72,0.15,3.8000000000000003,92,512,251,0,16,34.95,956,92,512,0,251,33.6,75,2.5
2021,11,22,14,30,85.83,0.15,3.8000000000000003,30,92,37,1,16.3,39.18,957,30,92,0,37,31.900000000000002,87,2
2021,11,22,15,30,100.05,0.15,3.9000000000000004,0,0,0,0,17.2,45.52,958,0,0,0,0,30.3,102,2.3000000000000003
2021,11,22,16,30,114.09,0.15,3.9000000000000004,0,0,0,3,17.7,50.03,959,0,0,0,0,29.200000000000003,115,3.3000000000000003
2021,11,22,17,30,127.97,0.15,3.9000000000000004,0,0,0,3,18.3,56.050000000000004,959,0,0,0,0,27.900000000000002,123,4.1000000000000005
2021,11,22,18,30,141.42000000000002,0.15,3.9000000000000004,0,0,0,3,19.1,64.42,960,0,0,0,0,26.400000000000002,126,4.4
2021,11,22,19,30,153.67000000000002,0.15,3.8000000000000003,0,0,0,3,19.8,72.51,960,0,0,0,0,25.1,124,4.3
2021,11,22,20,30,161.98,0.15,3.6,0,0,0,0,20.200000000000003,78.38,960,0,0,0,0,24.200000000000003,120,3.9000000000000004
2021,11,22,21,30,160.42000000000002,0.15,3.5,0,0,0,0,20.400000000000002,82.08,960,0,0,0,0,23.6,118,3.5
2021,11,22,22,30,150.51,0.15,3.3000000000000003,0,0,0,0,20.400000000000002,84.34,959,0,0,0,0,23.200000000000003,118,3.2
2021,11,22,23,30,137.79,0.15,3.2,0,0,0,0,20.5,86.81,959,0,0,0,0,22.8,119,2.9000000000000004
2021,11,23,0,30,124.19,0.15,3.1,0,0,0,0,20.6,88.99,959,0,0,0,0,22.5,120,2.9000000000000004
2021,11,23,1,30,110.24000000000001,0.15,3.1,0,0,0,0,20.700000000000003,91.12,960,0,0,0,0,22.200000000000003,117,2.9000000000000004
2021,11,23,2,30,96.19,0.15,3.1,0,0,0,1,20.8,92.08,960,0,0,0,0,22.1,111,3
2021,11,23,3,30,82.07000000000001,0.15,3.2,54,238,87,3,20.900000000000002,87.72,961,46,0,7,46,23,103,3.4000000000000004
2021,11,23,4,30,68.25,0.15,3.2,109,564,318,1,20.6,76.26,962,109,564,0,318,25.1,93,3.8000000000000003
2021,11,23,5,30,54.74,0.15,3.2,138,719,553,0,20,62.5,962,138,719,0,553,27.8,83,3.6
2021,11,23,6,30,41.96,0.15,3.2,132,847,762,0,19.400000000000002,51.61,962,132,847,0,762,30.5,72,3.2
2021,11,23,7,30,30.900000000000002,0.15,3.2,132,899,904,0,18.6,43.300000000000004,961,132,899,0,904,32.7,59,2.8000000000000003
2021,11,23,8,30,24.1,0.15,3.2,127,930,976,2,17.5,36.71,959,500,160,0,645,34.4,47,2.5
2021,11,23,9,30,25.29,0.15,3.2,141,904,959,1,16.400000000000002,32.29,958,141,904,0,959,35.5,39,2.4000000000000004
2021,11,23,10,30,33.63,0.15,3.1,129,896,875,1,15.5,29.53,956,129,896,0,875,36.1,35,2.3000000000000003
2021,11,23,11,30,45.31,0.15,3.1,116,859,719,0,14.700000000000001,27.900000000000002,956,116,859,0,719,36.2,36,2.3000000000000003
2021,11,23,12,30,58.35,0.15,3.1,99,779,508,0,14.100000000000001,27.88,955,99,779,0,508,35.5,42,2.1
2021,11,23,13,30,71.98,0.15,3.1,75,612,264,0,13.8,29.29,956,75,612,0,264,34.2,52,1.6
2021,11,23,14,30,85.78,0.15,3.1,28,184,42,0,14.5,34.25,956,28,184,0,42,32.2,71,1
2021,11,23,15,30,99.98,0.15,3.1,0,0,0,1,15.8,40.67,957,0,0,0,0,30.700000000000003,93,0.8
2021,11,23,16,30,114,0.15,3.1,0,0,0,3,15.3,40.96,958,0,0,0,0,30,109,1.1
2021,11,23,17,30,127.87,0.15,3,0,0,0,3,15.100000000000001,42.6,959,0,0,0,0,29.1,122,1.6
2021,11,23,18,30,141.29,0.15,3,0,0,0,0,15.4,46.300000000000004,959,0,0,0,0,28,130,2.3000000000000003
2021,11,23,19,30,153.49,0.15,3,0,0,0,0,16.400000000000002,53.84,959,0,0,0,0,26.5,134,2.8000000000000003
2021,11,23,20,30,161.77,0.15,2.9000000000000004,0,0,0,0,17.7,63.14,959,0,0,0,0,25.200000000000003,136,2.9000000000000004
2021,11,23,21,30,160.27,0.15,2.9000000000000004,0,0,0,0,19,72.55,958,0,0,0,0,24.200000000000003,139,2.8000000000000003
2021,11,23,22,30,150.46,0.15,2.7,0,0,0,0,20,81.04,958,0,0,0,0,23.400000000000002,140,2.7
2021,11,23,23,30,137.79,0.15,2.6,0,0,0,0,20.700000000000003,87.82000000000001,958,0,0,0,0,22.8,138,2.6
2021,11,24,0,30,124.21000000000001,0.15,2.6,0,0,0,0,21.200000000000003,92.88,958,0,0,0,0,22.400000000000002,135,2.5
2021,11,24,1,30,110.29,0.15,2.5,0,0,0,0,21.5,95.9,959,0,0,0,0,22.200000000000003,131,2.4000000000000004
2021,11,24,2,30,96.26,0.15,2.5,0,0,0,0,21.6,96.53,960,0,0,0,0,22.200000000000003,128,2.5
2021,11,24,3,30,82.15,0.15,2.5,47,333,92,0,21.6,91.39,960,47,333,0,92,23.1,124,2.9000000000000004
2021,11,24,4,30,68.36,0.15,2.6,85,672,333,0,21.400000000000002,78.01,961,85,672,0,333,25.5,119,3.1
2021,11,24,5,30,54.870000000000005,0.15,2.7,102,818,572,0,20.5,61.68,961,102,818,0,572,28.6,110,2.9000000000000004
2021,11,24,6,30,42.12,0.15,2.9000000000000004,111,891,772,0,18.900000000000002,46.35,960,111,891,0,772,31.8,96,2.5
2021,11,24,7,30,31.1,0.15,3,118,926,911,0,17.1,36.39,959,118,926,0,911,34.1,84,2.2
2021,11,24,8,30,24.32,0.15,3,123,939,979,0,15.9,31.060000000000002,958,123,939,0,979,35.6,78,1.9000000000000001
2021,11,24,9,30,25.45,0.15,3,129,928,966,0,15,27.84,957,129,928,0,966,36.5,73,1.6
2021,11,24,10,30,33.71,0.15,3,121,912,879,0,14.100000000000001,25.95,955,121,912,0,879,36.800000000000004,71,1.4000000000000001
2021,11,24,11,30,45.35,0.15,2.9000000000000004,110,873,724,0,13.5,24.990000000000002,954,110,873,0,724,36.7,74,1.3
2021,11,24,12,30,58.35,0.15,2.9000000000000004,98,785,510,1,12.9,24.71,954,98,785,0,510,36.2,82,1.3
2021,11,24,13,30,71.95,0.15,2.9000000000000004,74,621,266,2,12.4,25.68,954,117,3,0,118,34.9,92,1.1
2021,11,24,14,30,85.73,0.15,2.8000000000000003,28,196,43,0,13.3,30.93,955,28,196,0,43,32.7,104,0.9
2021,11,24,15,30,99.91,0.15,2.8000000000000003,0,0,0,0,14.600000000000001,36.88,956,0,0,0,0,31,113,1
2021,11,24,16,30,113.92,0.15,2.8000000000000003,0,0,0,0,13.8,36.64,956,0,0,0,0,30.200000000000003,116,1.5
2021,11,24,17,30,127.76,0.15,2.9000000000000004,0,0,0,0,13.700000000000001,38.25,957,0,0,0,0,29.400000000000002,119,2.2
2021,11,24,18,30,141.15,0.15,2.9000000000000004,0,0,0,0,14.600000000000001,43.75,958,0,0,0,0,28.1,123,3
2021,11,24,19,30,153.32,0.15,2.9000000000000004,0,0,0,0,16.3,53.65,958,0,0,0,0,26.5,124,3.3000000000000003
2021,11,24,20,30,161.56,0.15,3,0,0,0,0,18.1,65.31,958,0,0,0,0,25.1,122,3.3000000000000003
2021,11,24,21,30,160.13,0.15,2.9000000000000004,0,0,0,0,19.5,75.52,957,0,0,0,0,24.1,118,3
2021,11,24,22,30,150.4,0.15,2.9000000000000004,0,0,0,0,20.3,83.47,957,0,0,0,0,23.3,114,2.7
2021,11,24,23,30,137.79,0.15,2.8000000000000003,0,0,0,0,20.8,88.93,957,0,0,0,0,22.700000000000003,110,2.6
2021,11,25,0,30,124.24000000000001,0.15,2.7,0,0,0,0,20.900000000000002,92.06,957,0,0,0,0,22.3,107,2.7
2021,11,25,1,30,110.35000000000001,0.15,2.7,0,0,0,0,21,94.78,958,0,0,0,0,21.900000000000002,104,2.6
2021,11,25,2,30,96.34,0.15,2.7,0,0,0,0,21.1,95.55,958,0,0,0,0,21.8,99,2.7
2021,11,25,3,30,82.24,0.15,2.7,45,343,91,0,21.1,88.91,959,45,343,0,91,23,94,3.1
2021,11,25,4,30,68.47,0.15,2.8000000000000003,80,681,330,0,20.700000000000003,73.84,959,80,681,0,330,25.700000000000003,89,3.7
2021,11,25,5,30,55,0.15,2.9000000000000004,98,822,570,0,19.900000000000002,57.47,960,98,822,0,570,29.200000000000003,82,4
2021,11,25,6,30,42.28,0.15,3.1,111,887,767,0,18.900000000000002,44.59,959,111,887,0,767,32.5,73,4.3
2021,11,25,7,30,31.29,0.15,3.2,119,920,905,0,17.8,36.31,959,119,920,0,905,35,67,4.3
2021,11,25,8,30,24.52,0.15,3.3000000000000003,124,932,971,0,17.1,31.92,957,124,932,0,971,36.5,61,4.1000000000000005
2021,11,25,9,30,25.61,0.15,3.3000000000000003,120,935,963,2,16.400000000000002,29.1,956,509,236,0,722,37.4,56,3.7
2021,11,25,10,30,33.79,0.15,3.4000000000000004,118,910,874,2,15.700000000000001,27.66,955,448,126,0,552,37.5,51,3.3000000000000003
2021,11,25,11,30,45.37,0.15,3.4000000000000004,110,864,718,0,15.100000000000001,27.2,954,110,864,0,718,37.1,49,3
2021,11,25,12,30,58.34,0.15,3.5,96,778,505,3,14.700000000000001,27.650000000000002,954,267,291,1,420,36.300000000000004,50,2.7
2021,11,25,13,30,71.91,0.15,3.5,74,608,263,2,14.4,29.240000000000002,954,122,4,0,124,35,56,2
2021,11,25,14,30,85.68,0.15,3.6,28,181,42,7,15.200000000000001,34.62,955,37,9,7,37,32.800000000000004,68,1.3
2021,11,25,15,30,99.84,0.15,3.6,0,0,0,7,16.6,41.660000000000004,956,0,0,0,0,31.200000000000003,86,1.1
2021,11,25,16,30,113.82000000000001,0.15,3.7,0,0,0,3,17.2,45.18,957,0,0,0,0,30.400000000000002,103,1.6
2021,11,25,17,30,127.64,0.15,3.7,0,0,0,7,17.8,50.32,958,0,0,0,0,29.200000000000003,118,2.4000000000000004
2021,11,25,18,30,141.01,0.15,3.7,0,0,0,7,18.8,58.13,958,0,0,0,0,27.8,125,3.3000000000000003
2021,11,25,19,30,153.14000000000001,0.15,3.7,0,0,0,7,20.200000000000003,68.71000000000001,958,0,0,0,0,26.400000000000002,124,3.8000000000000003
2021,11,25,20,30,161.35,0.15,3.7,0,0,0,8,21.3,78.54,958,0,0,0,0,25.3,121,3.7
2021,11,25,21,30,159.99,0.15,3.6,0,0,0,7,22,86.27,957,0,0,0,0,24.400000000000002,117,3.5
2021,11,25,22,30,150.36,0.15,3.5,0,0,0,7,22.3,90.73,957,0,0,0,0,23.900000000000002,112,3.3000000000000003
2021,11,25,23,30,137.79,0.15,3.5,0,0,0,8,22.400000000000002,93.64,957,0,0,0,0,23.5,107,3.3000000000000003
2021,11,26,0,30,124.28,0.15,3.6,0,0,0,8,22.6,95.63,958,0,0,0,0,23.3,102,3.2
2021,11,26,1,30,110.4,0.15,3.6,0,0,0,7,22.8,97.45,958,0,0,0,0,23.200000000000003,96,3.2
2021,11,26,2,30,96.41,0.15,3.7,0,0,0,8,23,98.16,959,0,0,0,0,23.3,91,3.4000000000000004
2021,11,26,3,30,82.33,0.15,3.7,52,227,82,8,23.1,93.76,960,65,16,7,67,24.200000000000003,85,4.1000000000000005
2021,11,26,4,30,68.58,0.15,3.8000000000000003,99,581,311,3,22.8,80.39,961,207,68,0,232,26.400000000000002,78,5.1000000000000005
2021,11,26,5,30,55.14,0.15,3.8000000000000003,117,755,549,7,21.5,63.07,961,226,391,0,450,29.200000000000003,72,5.2
2021,11,26,6,30,42.44,0.15,3.8000000000000003,125,845,749,7,20.200000000000003,50.4,960,255,491,0,618,31.8,69,4.800000000000001
2021,11,26,7,30,31.48,0.15,3.8000000000000003,126,897,891,7,19.400000000000002,42.49,959,284,522,0,730,33.9,68,4
2021,11,26,8,30,24.72,0.15,3.8000000000000003,126,920,961,7,18.6,37.35,958,324,490,0,769,35.4,69,3.3000000000000003
2021,11,26,9,30,25.76,0.15,4,122,920,950,7,18,34.230000000000004,957,426,159,0,569,36.2,72,3.1
2021,11,26,10,30,33.87,0.15,4.2,118,896,862,0,17.5,33.28,956,118,896,0,862,36.2,75,3.3000000000000003
2021,11,26,11,30,45.39,0.15,4.5,112,842,704,7,17.5,35.06,956,262,446,7,576,35.2,81,3.6
2021,11,26,12,30,58.33,0.15,4.7,100,750,494,6,17.900000000000002,39.45,957,21,0,0,21,33.6,87,3.8000000000000003
2021,11,26,13,30,71.88,0.15,5,77,571,255,6,18.6,45.87,957,35,0,0,35,31.700000000000003,89,3.8000000000000003
2021,11,26,14,30,85.62,0.15,5.2,29,146,40,7,19.700000000000003,54.61,959,5,0,7,5,29.8,89,3.7
2021,11,26,15,30,99.76,0.15,5.5,0,0,0,6,20.900000000000002,64.53,960,0,0,0,0,28.200000000000003,88,3.7
2021,11,26,16,30,113.73,0.15,5.5,0,0,0,7,21.700000000000003,72.41,960,0,0,0,0,27.1,90,3.7
2021,11,26,17,30,127.53,0.15,5.5,0,0,0,7,22.400000000000002,79.62,961,0,0,1,0,26.200000000000003,93,3.3000000000000003
2021,11,26,18,30,140.87,0.15,5.2,0,0,0,6,22.8,85.3,961,0,0,0,0,25.5,97,2.9000000000000004
2021,11,26,19,30,152.96,0.15,5,0,0,0,6,23.1,90.31,960,0,0,0,0,24.8,99,2.6
2021,11,26,20,30,161.15,0.15,4.800000000000001,0,0,0,7,23.3,94.51,960,0,0,0,0,24.200000000000003,98,2.7
2021,11,26,21,30,159.86,0.15,4.7,0,0,0,7,23.200000000000003,97.06,959,0,0,0,0,23.700000000000003,92,2.8000000000000003
2021,11,26,22,30,150.31,0.15,4.800000000000001,0,0,0,4,23,97.5,959,0,0,0,0,23.400000000000002,88,2.5
2021,11,26,23,30,137.8,0.15,4.800000000000001,0,0,0,6,23,98.86,959,0,0,0,0,23.200000000000003,90,1.9000000000000001
2021,11,27,0,30,124.31,0.15,4.9,0,0,0,7,23.200000000000003,100,960,0,0,0,0,23.200000000000003,93,1.5
2021,11,27,1,30,110.46000000000001,0.15,4.9,0,0,0,7,23.1,100,960,0,0,0,0,23.1,97,1.3
2021,11,27,2,30,96.49000000000001,0.15,5,0,0,0,7,23.200000000000003,100,961,0,0,0,0,23.200000000000003,101,1.5
2021,11,27,3,30,82.43,0.15,5.2,48,254,81,7,23.6,99.75,962,22,0,7,22,23.6,102,2
2021,11,27,4,30,68.69,0.15,5.2,92,597,309,8,23.8,96.35000000000001,962,55,1,0,56,24.400000000000002,102,2.6
2021,11,27,5,30,55.27,0.15,5.300000000000001,111,756,542,4,23.900000000000002,92.14,962,141,0,0,142,25.3,102,3.2
2021,11,27,6,30,42.6,0.15,5.300000000000001,118,844,740,0,23.900000000000002,87.62,962,118,844,0,740,26.1,99,3.5
2021,11,27,7,30,31.66,0.15,5.300000000000001,120,894,880,2,23.8,83.46000000000001,961,465,225,0,657,26.8,94,3.6
2021,11,27,8,30,24.92,0.15,5.2,116,921,951,0,23.700000000000003,80.17,960,116,921,0,951,27.400000000000002,87,3.6
2021,11,27,9,30,25.900000000000002,0.15,5.2,104,936,946,3,23.5,77.58,959,411,13,0,422,27.8,81,3.4000000000000004
2021,11,27,10,30,33.93,0.15,5.1000000000000005,96,926,864,7,23.3,75.87,958,276,509,0,698,28,79,3.2
2021,11,27,11,30,45.410000000000004,0.15,5.1000000000000005,87,891,713,7,23.200000000000003,76.14,958,230,521,0,596,27.8,81,2.7
2021,11,27,12,30,58.31,0.15,5,85,794,502,8,23.200000000000003,77.56,958,220,301,7,378,27.5,87,2.2
2021,11,27,13,30,71.84,0.15,4.9,63,650,265,7,23.5,82.24,958,138,218,0,206,26.8,93,1.7000000000000002
2021,11,27,14,30,85.56,0.15,4.7,25,256,45,7,23.5,88.5,959,25,1,7,25,25.5,103,1.2000000000000002
2021,11,27,15,30,99.69,0.15,4.6000000000000005,0,0,0,3,24,97.46000000000001,960,0,0,0,0,24.400000000000002,119,0.9
2021,11,27,16,30,113.64,0.15,4.6000000000000005,0,0,0,4,23.6,98.52,961,0,0,0,0,23.8,134,1
2021,11,27,17,30,127.41,0.15,4.5,0,0,0,8,23.200000000000003,99.17,961,0,0,0,0,23.3,146,1.2000000000000002
2021,11,27,18,30,140.73,0.15,4.6000000000000005,0,0,0,4,22.8,100,961,0,0,0,0,22.8,153,1.6
2021,11,27,19,30,152.79,0.15,4.6000000000000005,0,0,0,7,22.5,100,961,0,0,0,0,22.5,155,1.8
2021,11,27,20,30,160.95000000000002,0.15,4.6000000000000005,0,0,0,6,22.3,100,961,0,0,0,0,22.3,153,1.7000000000000002
2021,11,27,21,30,159.74,0.15,4.7,0,0,0,7,22.200000000000003,100,960,0,0,0,0,22.200000000000003,149,1.4000000000000001
2021,11,27,22,30,150.28,0.15,4.7,0,0,0,8,22.1,100,960,0,0,0,0,22.1,147,1.3
2021,11,27,23,30,137.81,0.15,4.7,0,0,0,1,22.1,100,960,0,0,0,0,22.1,144,1.3
2021,11,28,0,30,124.35000000000001,0.15,4.7,0,0,0,5,22.1,100,960,0,0,0,0,22.1,143,1.3
2021,11,28,1,30,110.52,0.15,4.7,0,0,0,5,22,100,960,0,0,0,0,22,140,1.3
2021,11,28,2,30,96.57000000000001,0.15,4.6000000000000005,0,0,0,3,22.1,100,961,0,0,0,0,22.1,135,1.5
2021,11,28,3,30,82.52,0.15,4.6000000000000005,38,371,86,0,22.8,99.2,961,38,371,0,86,22.900000000000002,128,2.2
2021,11,28,4,30,68.81,0.15,4.6000000000000005,69,691,319,3,23.3,95.22,962,146,7,0,149,24.1,118,2.8000000000000003
2021,11,28,5,30,55.4,0.15,4.7,86,821,553,1,23.6,89.56,962,86,821,0,553,25.400000000000002,106,3
2021,11,28,6,30,42.75,0.15,4.7,97,888,749,3,23.700000000000003,83.99,961,386,103,0,462,26.6,95,3.1
2021,11,28,7,30,31.85,0.15,4.800000000000001,103,922,887,0,23.8,80.56,961,103,922,0,887,27.400000000000002,87,3.1
2021,11,28,8,30,25.11,0.15,4.800000000000001,108,935,955,2,23.8,77.97,960,492,215,0,687,28,81,3.2
2021,11,28,9,30,26.03,0.15,4.9,143,878,932,3,23.8,76.48,959,501,214,0,693,28.3,77,3.1
2021,11,28,10,30,34,0.15,4.9,135,860,848,2,23.700000000000003,75.56,958,450,268,0,672,28.400000000000002,73,3.1
2021,11,28,11,30,45.42,0.15,4.9,124,815,697,0,23.5,76.3,957,124,815,0,697,28.1,72,2.9000000000000004
2021,11,28,12,30,58.29,0.15,4.9,107,732,492,2,23.700000000000003,79.14,957,280,52,0,307,27.6,73,2.5
2021,11,28,13,30,71.79,0.15,4.9,80,567,257,3,24.1,85.5,958,42,0,0,42,26.700000000000003,75,2
2021,11,28,14,30,85.5,0.15,4.800000000000001,29,165,42,3,24.1,92.85000000000001,959,19,0,7,19,25.3,78,1.4000000000000001
2021,11,28,15,30,99.61,0.15,4.800000000000001,0,0,0,3,24,98.37,959,0,0,0,0,24.3,84,1.1
2021,11,28,16,30,113.54,0.15,4.800000000000001,0,0,0,0,23.700000000000003,98.89,960,0,0,0,0,23.900000000000002,90,1
2021,11,28,17,30,127.3,0.15,4.7,0,0,0,0,23.400000000000002,99.67,961,0,0,0,0,23.5,98,1
2021,11,28,18,30,140.59,0.15,4.7,0,0,0,3,23.1,100,961,0,0,0,0,23.1,107,1
2021,11,28,19,30,152.62,0.15,4.7,0,0,0,0,22.8,100,960,0,0,0,0,22.8,117,1.1
2021,11,28,20,30,160.76,0.15,4.6000000000000005,0,0,0,8,22.5,100,960,0,0,0,0,22.5,125,1.4000000000000001
2021,11,28,21,30,159.62,0.15,4.6000000000000005,0,0,0,3,22.3,100,960,0,0,0,0,22.3,130,1.6
2021,11,28,22,30,150.24,0.15,4.5,0,0,0,3,22.200000000000003,100,959,0,0,0,0,22.200000000000003,133,1.6
2021,11,28,23,30,137.83,0.15,4.4,0,0,0,7,22.200000000000003,100,959,0,0,0,0,22.200000000000003,131,1.8
2021,11,29,0,30,124.4,0.15,4.4,0,0,0,3,22.1,100,959,0,0,0,0,22.1,124,1.9000000000000001
2021,11,29,1,30,110.59,0.15,4.3,0,0,0,0,22,100,959,0,0,0,0,22,113,2.1
2021,11,29,2,30,96.65,0.15,4.3,0,0,0,1,22,100,960,0,0,0,0,22,104,2.1
2021,11,29,3,30,82.62,0.15,4.3,48,240,79,1,22.6,99.45,961,48,240,0,79,22.700000000000003,97,2.5
2021,11,29,4,30,68.92,0.15,4.3,98,572,303,1,23,95.33,962,98,572,0,303,23.8,92,3
2021,11,29,5,30,55.54,0.15,4.3,122,732,536,1,23.200000000000003,89.86,962,122,732,0,536,25,84,3.3000000000000003
2021,11,29,6,30,42.910000000000004,0.15,4.3,132,825,736,0,23.5,84.52,962,132,825,0,736,26.3,76,3.4000000000000004
2021,11,29,7,30,32.03,0.15,4.4,132,879,878,1,23.700000000000003,80.55,961,132,879,0,878,27.3,71,3.6
2021,11,29,8,30,25.3,0.15,4.4,128,907,948,0,23.700000000000003,78.09,960,128,907,0,948,27.900000000000002,67,3.7
2021,11,29,9,30,26.16,0.15,4.5,125,909,941,2,23.700000000000003,76.71000000000001,959,498,230,0,704,28.200000000000003,65,3.8000000000000003
2021,11,29,10,30,34.05,0.15,4.5,113,903,860,0,23.6,75.74,958,113,903,0,860,28.3,65,3.8000000000000003
2021,11,29,11,30,45.43,0.15,4.5,99,873,711,1,23.400000000000002,76.63,958,99,873,0,711,27.900000000000002,64,3.7
2021,11,29,12,30,58.27,0.15,4.4,87,794,505,3,23.3,78.4,958,236,26,0,250,27.400000000000002,65,3.2
2021,11,29,13,30,71.74,0.15,4.3,65,646,268,1,23.5,84.11,959,65,646,0,268,26.400000000000002,66,2.3000000000000003
2021,11,29,14,30,85.43,0.15,4.2,26,253,47,0,23.700000000000003,93.33,959,26,253,0,47,24.900000000000002,72,1.5
2021,11,29,15,30,99.52,0.15,4.1000000000000005,0,0,0,3,23.3,97.16,960,0,0,0,0,23.8,82,1
2021,11,29,16,30,113.44,0.15,4,0,0,0,0,23,98.06,961,0,0,0,0,23.3,96,1
2021,11,29,17,30,127.18,0.15,3.9000000000000004,0,0,0,0,22.6,99.08,961,0,0,0,0,22.8,110,1
2021,11,29,18,30,140.45000000000002,0.15,3.9000000000000004,0,0,0,0,22.3,100,961,0,0,0,0,22.3,119,1.2000000000000002
2021,11,29,19,30,152.45000000000002,0.15,3.8000000000000003,0,0,0,0,22,100,961,0,0,0,0,22,122,1.5
2021,11,29,20,30,160.58,0.15,3.8000000000000003,0,0,0,0,21.700000000000003,100,960,0,0,0,0,21.700000000000003,121,1.7000000000000002
2021,11,29,21,30,159.51,0.15,3.7,0,0,0,0,21.6,100,960,0,0,0,0,21.6,118,1.8
2021,11,29,22,30,150.22,0.15,3.7,0,0,0,0,21.6,100,959,0,0,0,0,21.6,114,1.9000000000000001
2021,11,29,23,30,137.85,0.15,3.6,0,0,0,0,21.6,100,959,0,0,0,0,21.6,106,2.1
2021,11,30,0,30,124.45,0.15,3.5,0,0,0,0,21.6,100,959,0,0,0,0,21.6,96,2.4000000000000004
2021,11,30,1,30,110.66,0.15,3.4000000000000004,0,0,0,8,21.6,100,960,0,0,0,0,21.6,87,2.8000000000000003
2021,11,30,2,30,96.74000000000001,0.15,3.4000000000000004,0,0,0,8,21.700000000000003,100,960,0,0,0,0,21.700000000000003,77,3.2
2021,11,30,3,30,82.72,0.15,3.3000000000000003,49,234,79,3,22,99.46000000000001,961,40,0,7,40,22.1,68,3.8000000000000003
2021,11,30,4,30,69.04,0.15,3.2,101,578,308,0,22,93.67,962,101,578,0,308,23.1,61,4.6000000000000005
2021,11,30,5,30,55.67,0.15,3.1,132,727,542,0,21.3,83.08,962,132,727,0,542,24.400000000000002,57,4.9
2021,11,30,6,30,43.07,0.15,3,124,861,753,0,20.5,72.65,962,124,861,0,753,25.8,55,4.800000000000001
2021,11,30,7,30,32.2,0.15,3,127,909,897,0,20.1,66.11,961,127,909,0,897,27,54,4.5
2021,11,30,8,30,25.48,0.15,3,125,935,970,0,20.1,62.28,960,125,935,0,970,28,53,4.2
2021,11,30,9,30,26.29,0.15,3,138,914,957,0,20.1,60.03,959,138,914,0,957,28.6,51,3.9000000000000004
2021,11,30,10,30,34.11,0.15,3,128,900,874,0,19.900000000000002,58.46,958,128,900,0,874,28.900000000000002,49,3.6
2021,11,30,11,30,45.43,0.15,3,116,862,721,0,19.700000000000003,58.43,957,116,862,0,721,28.700000000000003,47,3.3000000000000003
2021,11,30,12,30,58.24,0.15,3.1,99,782,511,0,19.6,59.72,958,99,782,0,511,28.200000000000003,46,2.8000000000000003
2021,11,30,13,30,71.69,0.15,3.1,75,622,270,0,19.900000000000002,65.87,958,75,622,0,270,26.8,47,1.9000000000000001
2021,11,30,14,30,85.37,0.15,3,30,212,47,0,21.5,81.46000000000001,959,30,212,0,47,24.900000000000002,49,1.1
2021,11,30,15,30,99.44,0.15,3.1,0,0,0,0,20.900000000000002,82.95,960,0,0,0,0,24,51,0.8
2021,11,30,16,30,113.34,0.15,3.1,0,0,0,0,20,78.33,960,0,0,0,0,24,55,0.7000000000000001
2021,11,30,17,30,127.06,0.15,3,0,0,0,0,19.3,76.38,961,0,0,0,0,23.700000000000003,65,0.7000000000000001
2021,11,30,18,30,140.31,0.15,3,0,0,0,0,19,78.57000000000001,961,0,0,0,0,22.900000000000002,81,0.8
2021,11,30,19,30,152.28,0.15,3,0,0,0,0,19.1,86.43,960,0,0,0,0,21.5,92,1
2021,11,30,20,30,160.4,0.15,3,0,0,0,0,19.200000000000003,93.05,960,0,0,0,0,20.400000000000002,96,1.3
2021,11,30,21,30,159.4,0.15,3,0,0,0,0,19.1,95.58,960,0,0,0,0,19.8,96,1.8
2021,11,30,22,30,150.19,0.15,3,0,0,0,0,19.200000000000003,97.91,959,0,0,0,0,19.5,94,2.1
2021,11,30,23,30,137.87,0.15,3,0,0,0,3,19.400000000000002,100,959,0,0,0,0,19.400000000000002,91,2.1
2021,12,1,0,30,124.5,0.15,2.9000000000000004,0,0,0,0,19.5,100,959,0,0,0,0,19.5,86,2
2021,12,1,1,30,110.73,0.15,2.9000000000000004,0,0,0,0,19.5,100,960,0,0,0,0,19.5,80,1.9000000000000001
2021,12,1,2,30,96.82000000000001,0.15,2.8000000000000003,0,0,0,0,19.700000000000003,100,961,0,0,0,0,19.700000000000003,72,2.2
2021,12,1,3,30,82.82000000000001,0.15,2.8000000000000003,51,208,77,0,20.200000000000003,98.04,961,51,208,0,77,20.5,66,3.1
2021,12,1,4,30,69.16,0.15,2.9000000000000004,104,568,306,0,20.5,90.71000000000001,962,104,568,0,306,22.1,64,4
2021,12,1,5,30,55.81,0.15,2.9000000000000004,130,735,543,0,20.3,80.55,962,130,735,0,543,23.8,64,4.4
2021,12,1,6,30,43.22,0.15,3,147,816,742,0,19.8,71.05,962,147,816,0,742,25.400000000000002,64,4.2
2021,12,1,7,30,32.38,0.15,3.1,159,855,881,0,19.700000000000003,65.84,961,159,855,0,881,26.6,64,3.9000000000000004
2021,12,1,8,30,25.650000000000002,0.15,3.1,167,868,949,0,19.8,62.86,960,167,868,0,949,27.5,64,3.5
2021,12,1,9,30,26.400000000000002,0.15,3.2,134,915,954,0,19.8,60.85,959,134,915,0,954,28.1,62,3.1
2021,12,1,10,30,34.15,0.15,3.2,131,893,869,0,19.8,59.6,958,131,893,0,869,28.400000000000002,60,2.8000000000000003
2021,12,1,11,30,45.43,0.15,3.2,121,847,716,3,19.700000000000003,59.59,958,356,70,0,405,28.3,58,2.4000000000000004
2021,12,1,12,30,58.2,0.15,3.3000000000000003,108,754,505,1,19.700000000000003,61.28,958,108,754,0,505,27.8,58,2
2021,12,1,13,30,71.64,0.15,3.2,81,590,267,1,20,66.6,958,81,590,0,267,26.700000000000003,60,1.5
2021,12,1,14,30,85.3,0.15,3.2,31,189,47,3,21.200000000000003,79.16,959,23,0,7,23,25.1,65,1
2021,12,1,15,30,99.35000000000001,0.15,3.3000000000000003,0,0,0,0,21,82.57000000000001,959,0,0,0,0,24.200000000000003,73,0.7000000000000001
2021,12,1,16,30,113.23,0.15,3.3000000000000003,0,0,0,0,20.3,78.68,960,0,0,0,0,24.200000000000003,88,0.6000000000000001
2021,12,1,17,30,126.94,0.15,3.4000000000000004,0,0,0,0,19.6,76.78,960,0,0,0,0,23.900000000000002,124,0.5
2021,12,1,18,30,140.17000000000002,0.15,3.4000000000000004,0,0,0,3,19.400000000000002,79.28,960,0,0,0,0,23.200000000000003,156,0.6000000000000001
2021,12,1,19,30,152.12,0.15,3.5,0,0,0,4,19.6,85.02,960,0,0,0,0,22.200000000000003,162,0.8
2021,12,1,20,30,160.23,0.15,3.6,0,0,0,4,19.8,91.76,960,0,0,0,0,21.200000000000003,153,0.9
2021,12,1,21,30,159.3,0.15,3.7,0,0,0,4,19.8,96.01,959,0,0,0,0,20.5,142,1
2021,12,1,22,30,150.18,0.15,3.7,0,0,0,4,19.8,98.93,959,0,0,0,0,20,130,1.2000000000000002
2021,12,1,23,30,137.9,0.15,3.8000000000000003,0,0,0,4,19.8,100,959,0,0,0,0,19.8,120,1.4000000000000001
2021,12,2,0,30,124.55,0.15,3.9000000000000004,0,0,0,4,19.8,100,960,0,0,0,0,19.8,112,1.6
2021,12,2,1,30,110.8,0.15,3.9000000000000004,0,0,0,4,19.900000000000002,100,960,0,0,0,0,19.900000000000002,104,1.6
2021,12,2,2,30,96.91,0.15,3.9000000000000004,0,0,0,4,20.200000000000003,100,961,0,0,0,0,20.200000000000003,95,1.9000000000000001
2021,12,2,3,30,82.92,0.15,4,54,102,67,5,20.900000000000002,96.84,962,45,0,7,45,21.400000000000002,87,2.7
2021,12,2,4,30,69.27,0.15,4,133,425,284,3,21.400000000000002,90.29,962,161,6,0,163,23.1,83,3.6
2021,12,2,5,30,55.94,0.15,4,169,615,514,3,21.5,82.01,962,335,122,0,404,24.8,78,3.8000000000000003
2021,12,2,6,30,43.37,0.15,4.1000000000000005,184,726,712,0,21.5,75.39,962,184,726,0,712,26.200000000000003,72,3.6
2021,12,2,7,30,32.55,0.15,4.1000000000000005,189,789,854,0,21.5,71.43,961,189,789,0,854,27.1,67,3.4000000000000004
2021,12,2,8,30,25.810000000000002,0.15,4.2,186,822,926,0,21.400000000000002,68.08,960,186,822,0,926,27.8,62,3.3000000000000003
2021,12,2,9,30,26.51,0.15,4.3,196,804,915,0,21.1,65.44,959,196,804,0,915,28.200000000000003,61,3.1
2021,12,2,10,30,34.19,0.15,4.3,184,786,834,0,20.900000000000002,64.24,959,184,786,0,834,28.3,61,2.9000000000000004
2021,12,2,11,30,45.43,0.15,4.3,167,739,685,2,20.6,63.79,958,411,161,0,524,28.1,63,2.7
2021,12,2,12,30,58.17,0.15,4.3,140,652,484,7,20.400000000000002,65.27,959,226,473,7,475,27.5,66,2.4000000000000004
2021,12,2,13,30,71.58,0.15,4.3,102,475,252,3,20.6,70.33,959,123,3,0,124,26.400000000000002,70,1.7000000000000002
2021,12,2,14,30,85.22,0.15,4.3,34,98,43,3,21.700000000000003,82.61,960,25,0,7,25,24.900000000000002,79,1
2021,12,2,15,30,99.26,0.15,4.2,0,0,0,3,22.1,89.88,961,0,0,0,0,23.900000000000002,93,0.8
2021,12,2,16,30,113.13,0.15,4.1000000000000005,0,0,0,0,21.6,89.87,961,0,0,0,0,23.400000000000002,108,0.8
2021,12,2,17,30,126.82000000000001,0.15,4.1000000000000005,0,0,0,0,21.200000000000003,90.66,961,0,0,0,0,22.8,124,0.8
2021,12,2,18,30,140.03,0.15,4,0,0,0,3,20.900000000000002,92.94,961,0,0,0,0,22.1,137,0.9
2021,12,2,19,30,151.95000000000002,0.15,4.1000000000000005,0,0,0,0,20.8,96.42,961,0,0,0,0,21.400000000000002,140,1.1
2021,12,2,20,30,160.06,0.15,4.1000000000000005,0,0,0,3,20.8,99.39,961,0,0,0,0,20.900000000000002,136,1.3
2021,12,2,21,30,159.21,0.15,4.1000000000000005,0,0,0,4,20.6,100,960,0,0,0,0,20.6,128,1.4000000000000001
2021,12,2,22,30,150.16,0.15,4.1000000000000005,0,0,0,4,20.5,100,960,0,0,0,0,20.5,119,1.5
2021,12,2,23,30,137.93,0.15,4.1000000000000005,0,0,0,3,20.5,100,960,0,0,0,0,20.5,109,1.6
2021,12,3,0,30,124.61,0.15,4,0,0,0,3,20.5,100,960,0,0,0,0,20.5,102,1.7000000000000002
2021,12,3,1,30,110.88,0.15,3.9000000000000004,0,0,0,0,20.3,100,961,0,0,0,0,20.3,98,1.7000000000000002
2021,12,3,2,30,97,0.15,3.9000000000000004,0,0,0,0,20.400000000000002,100,961,0,0,0,0,20.400000000000002,94,1.9000000000000001
2021,12,3,3,30,83.03,0.15,3.8000000000000003,48,195,72,0,21,97.45,962,48,195,0,72,21.400000000000002,92,2.6
2021,12,3,4,30,69.39,0.15,3.7,103,551,297,0,21.400000000000002,90.52,963,103,551,0,297,23,92,3.4000000000000004
2021,12,3,5,30,56.07,0.15,3.7,130,716,530,0,21.3,80.49,963,130,716,0,530,24.900000000000002,90,3.7
2021,12,3,6,30,43.52,0.15,3.6,112,872,744,0,21.3,73.39,963,112,872,0,744,26.400000000000002,87,3.6
2021,12,3,7,30,32.72,0.15,3.6,120,910,885,0,21.3,68.69,962,120,910,0,885,27.6,83,3.5
2021,12,3,8,30,25.98,0.15,3.6,122,929,957,0,21.3,65.27,961,122,929,0,957,28.400000000000002,80,3.3000000000000003
2021,12,3,9,30,26.62,0.15,3.6,120,929,951,0,21,62.13,960,120,929,0,951,29,76,3.1
2021,12,3,10,30,34.230000000000004,0.15,3.6,115,911,868,0,20.8,60.56,960,115,911,0,868,29.200000000000003,74,3
2021,12,3,11,30,45.410000000000004,0.15,3.7,107,867,716,0,20.5,60.04,959,107,867,0,716,29,73,2.8000000000000003
2021,12,3,12,30,58.13,0.15,3.6,98,777,508,0,20.200000000000003,61.11,959,98,777,0,508,28.400000000000002,72,2.5
2021,12,3,13,30,71.52,0.15,3.6,75,614,270,0,20.200000000000003,66.06,960,75,614,0,270,27.1,74,1.8
2021,12,3,14,30,85.15,0.15,3.5,31,215,49,0,21.700000000000003,81.60000000000001,960,31,215,0,49,25.1,79,1.1
2021,12,3,15,30,99.17,0.15,3.5,0,0,0,0,21.6,87.17,961,0,0,0,0,23.900000000000002,89,0.9
2021,12,3,16,30,113.02,0.15,3.4000000000000004,0,0,0,0,20.900000000000002,85.97,961,0,0,0,0,23.400000000000002,105,0.9
2021,12,3,17,30,126.7,0.15,3.4000000000000004,0,0,0,0,20.5,87.89,962,0,0,0,0,22.6,126,0.9
2021,12,3,18,30,139.89000000000001,0.15,3.4000000000000004,0,0,0,0,20.400000000000002,91.67,962,0,0,0,0,21.8,140,1
2021,12,3,19,30,151.8,0.15,3.5,0,0,0,3,20.400000000000002,96.41,962,0,0,0,0,21,143,1.2000000000000002
2021,12,3,20,30,159.9,0.15,3.6,0,0,0,0,20.5,100,961,0,0,0,0,20.5,137,1.5
2021,12,3,21,30,159.12,0.15,3.7,0,0,0,0,20.3,100,961,0,0,0,0,20.3,128,1.7000000000000002
2021,12,3,22,30,150.16,0.15,3.7,0,0,0,0,20.400000000000002,100,961,0,0,0,0,20.400000000000002,118,1.8
2021,12,3,23,30,137.96,0.15,3.7,0,0,0,0,20.400000000000002,100,961,0,0,0,0,20.400000000000002,110,1.9000000000000001
2021,12,4,0,30,124.67,0.15,3.7,0,0,0,0,20.400000000000002,100,961,0,0,0,0,20.400000000000002,104,1.9000000000000001
2021,12,4,1,30,110.96000000000001,0.15,3.7,0,0,0,0,20.3,100,961,0,0,0,0,20.3,99,2
2021,12,4,2,30,97.10000000000001,0.15,3.6,0,0,0,0,20.400000000000002,100,962,0,0,0,0,20.400000000000002,93,2.3000000000000003
2021,12,4,3,30,83.13,0.15,3.6,49,179,70,0,20.900000000000002,97.91,963,49,179,0,70,21.200000000000003,86,3.1
2021,12,4,4,30,69.51,0.15,3.6,107,530,293,0,21.3,91.26,964,107,530,0,293,22.8,81,3.9000000000000004
2021,12,4,5,30,56.21,0.15,3.6,137,699,526,0,21.3,81.88,964,137,699,0,526,24.6,75,4.2
2021,12,4,6,30,43.67,0.15,3.6,148,801,727,0,21.1,74.06,964,148,801,0,727,26.1,68,4.2
2021,12,4,7,30,32.88,0.15,3.6,153,854,871,0,21.1,68.89,963,153,854,0,871,27.3,62,4.1000000000000005
2021,12,4,8,30,26.13,0.15,3.6,155,877,942,0,21,65.07000000000001,962,155,877,0,942,28.200000000000003,56,4
2021,12,4,9,30,26.71,0.15,3.6,138,901,943,0,20.8,62.25,961,138,901,0,943,28.700000000000003,52,3.8000000000000003
2021,12,4,10,30,34.25,0.15,3.6,130,886,862,3,20.5,60.7,960,471,191,0,629,28.900000000000002,49,3.6
2021,12,4,11,30,45.4,0.15,3.6,118,846,712,2,20.3,60.15,960,395,114,0,475,28.8,48,3.3000000000000003
2021,12,4,12,30,58.08,0.15,3.6,105,756,505,3,20.1,61.06,960,237,15,0,245,28.3,48,2.8000000000000003
2021,12,4,13,30,71.45,0.15,3.6,80,592,268,3,20.200000000000003,66.63,960,99,1,0,99,26.900000000000002,49,1.9000000000000001
2021,12,4,14,30,85.07000000000001,0.15,3.6,32,196,49,3,22,83.54,961,37,1,7,37,25,52,1.1
2021,12,4,15,30,99.07000000000001,0.15,3.5,0,0,0,1,21.8,88.10000000000001,961,0,0,0,0,23.900000000000002,57,0.9
2021,12,4,16,30,112.91,0.15,3.5,0,0,0,0,21.1,85.91,962,0,0,0,0,23.6,64,0.9
2021,12,4,17,30,126.58,0.15,3.4000000000000004,0,0,0,0,20.3,83.62,962,0,0,0,0,23.200000000000003,83,0.8
2021,12,4,18,30,139.75,0.15,3.4000000000000004,0,0,0,0,19.900000000000002,85.85000000000001,962,0,0,0,0,22.400000000000002,108,0.9
2021,12,4,19,30,151.64000000000001,0.15,3.4000000000000004,0,0,0,0,19.900000000000002,91.8,962,0,0,0,0,21.3,124,1
2021,12,4,20,30,159.74,0.15,3.4000000000000004,0,0,0,0,19.900000000000002,96.29,962,0,0,0,0,20.5,127,1.3
2021,12,4,21,30,159.04,0.15,3.4000000000000004,0,0,0,0,20,99.3,961,0,0,0,0,20.1,122,1.6
2021,12,4,22,30,150.15,0.15,3.5,0,0,0,0,19.900000000000002,100,961,0,0,0,0,19.900000000000002,116,1.8
2021,12,4,23,30,138,0.15,3.4000000000000004,0,0,0,0,19.900000000000002,100,961,0,0,0,0,19.900000000000002,109,1.8
2021,12,5,0,30,124.74000000000001,0.16,3.4000000000000004,0,0,0,0,19.8,100,961,0,0,0,0,19.8,102,1.7000000000000002
2021,12,5,1,30,111.04,0.16,3.3000000000000003,0,0,0,0,19.6,100,962,0,0,0,0,19.6,95,1.7000000000000002
2021,12,5,2,30,97.19,0.16,3.2,0,0,0,0,19.8,100,962,0,0,0,0,19.8,88,2.1
2021,12,5,3,30,83.24,0.16,3.2,50,156,68,0,20.400000000000002,97.66,963,50,156,0,68,20.8,81,3.1
2021,12,5,4,30,69.63,0.16,3.1,115,506,291,0,20.700000000000003,88.8,963,115,506,0,291,22.6,77,4.2
2021,12,5,5,30,56.34,0.16,3.1,147,683,525,0,20.6,79.25,964,147,683,0,525,24.400000000000002,71,4.6000000000000005
2021,12,5,6,30,43.82,0.16,3.1,134,836,737,0,20.5,71.82000000000001,963,134,836,0,737,26,65,4.4
2021,12,5,7,30,33.04,0.16,3.1,142,881,881,0,20.6,66.38,963,142,881,0,881,27.400000000000002,60,4.1000000000000005
2021,12,5,8,30,26.28,0.16,3.2,145,901,953,0,20.6,62.88,962,145,901,0,953,28.3,56,3.8000000000000003
2021,12,5,9,30,26.8,0.16,3.2,149,893,946,2,20.400000000000002,60.5,961,516,185,0,682,28.8,54,3.5
2021,12,5,10,30,34.28,0.16,3.2,143,874,864,0,20.1,58.800000000000004,960,143,874,0,864,29,54,3.3000000000000003
2021,12,5,11,30,45.38,0.16,3.2,133,825,713,1,19.900000000000002,58.83,959,133,825,0,713,28.700000000000003,54,3
2021,12,5,12,30,58.03,0.16,3.2,118,733,506,1,19.700000000000003,60.43,959,118,733,0,506,28.1,55,2.5
2021,12,5,13,30,71.38,0.16,3.2,90,556,268,3,20,66.21000000000001,960,128,4,0,130,26.8,57,1.7000000000000002
2021,12,5,14,30,84.99,0.16,3.1,35,162,49,3,21.700000000000003,82.14,960,41,2,7,41,25,59,1
2021,12,5,15,30,98.98,0.16,3.1,0,0,0,1,21.5,85.97,961,0,0,0,0,24,60,0.8
2021,12,5,16,30,112.81,0.16,3,0,0,0,0,20.8,83.61,962,0,0,0,0,23.700000000000003,66,0.8
2021,12,5,17,30,126.45,0.16,3,0,0,0,0,20.1,82.84,962,0,0,0,0,23.200000000000003,85,0.8
2021,12,5,18,30,139.61,0.16,2.9000000000000004,0,0,0,0,19.900000000000002,86.07000000000001,962,0,0,0,0,22.3,108,0.8
2021,12,5,19,30,151.48,0.16,3,0,0,0,0,19.8,91.89,962,0,0,0,0,21.200000000000003,123,1
2021,12,5,20,30,159.6,0.16,3,0,0,0,0,19.900000000000002,96.78,962,0,0,0,0,20.400000000000002,128,1.4000000000000001
2021,12,5,21,30,158.97,0.16,3,0,0,0,0,20,100,962,0,0,0,0,20,125,1.7000000000000002
2021,12,5,22,30,150.15,0.16,3.1,0,0,0,0,19.8,100,961,0,0,0,0,19.8,120,1.8
2021,12,5,23,30,138.05,0.16,3.1,0,0,0,0,19.8,100,961,0,0,0,0,19.8,112,1.7000000000000002
2021,12,6,0,30,124.8,0.16,3,0,0,0,0,19.8,100,962,0,0,0,0,19.8,104,1.7000000000000002
2021,12,6,1,30,111.13,0.16,3,0,0,0,0,19.700000000000003,100,962,0,0,0,0,19.700000000000003,97,1.8
2021,12,6,2,30,97.29,0.16,3,0,0,0,0,19.8,100,963,0,0,0,0,19.8,89,2.1
2021,12,6,3,30,83.34,0.16,3,50,139,66,0,20.400000000000002,97.59,963,50,139,0,66,20.8,84,2.9000000000000004
2021,12,6,4,30,69.75,0.16,3,115,504,290,0,20.900000000000002,89.88,964,115,504,0,290,22.6,81,3.6
2021,12,6,5,30,56.47,0.16,3,143,691,524,8,21,80.42,964,244,436,0,485,24.6,79,3.8000000000000003
2021,12,6,6,30,43.97,0.16,3.1,156,793,726,0,21,72.27,964,156,793,0,726,26.400000000000002,75,3.6
2021,12,6,7,30,33.19,0.16,3.1,159,853,873,0,21,66.48,963,159,853,0,873,27.8,69,3.3000000000000003
2021,12,6,8,30,26.42,0.16,3.2,157,880,945,0,20.700000000000003,61.730000000000004,962,157,880,0,945,28.8,63,3.1
2021,12,6,9,30,26.89,0.16,3.2,115,944,957,0,20.400000000000002,58.61,961,115,944,0,957,29.400000000000002,58,2.8000000000000003
2021,12,6,10,30,34.29,0.16,3.3000000000000003,109,926,875,0,20.200000000000003,56.9,960,109,926,0,875,29.6,54,2.6
2021,12,6,11,30,45.35,0.16,3.3000000000000003,101,887,725,0,19.8,56.46,960,101,887,0,725,29.400000000000002,53,2.4000000000000004
2021,12,6,12,30,57.980000000000004,0.16,3.3000000000000003,98,783,513,0,19.6,57.31,960,98,783,0,513,28.900000000000002,52,2
2021,12,6,13,30,71.31,0.16,3.3000000000000003,75,623,275,0,19.700000000000003,62.230000000000004,960,75,623,0,275,27.6,55,1.5
2021,12,6,14,30,84.9,0.16,3.3000000000000003,32,229,52,3,21.3,76.71000000000001,961,35,0,7,35,25.700000000000003,64,1
2021,12,6,15,30,98.88,0.16,3.3000000000000003,0,0,0,0,20.900000000000002,80.06,962,0,0,0,0,24.6,78,0.9
2021,12,6,16,30,112.69,0.16,3.2,0,0,0,0,20.3,79.3,962,0,0,0,0,24.1,94,0.8
2021,12,6,17,30,126.33,0.16,3.2,0,0,0,0,19.900000000000002,80.57000000000001,963,0,0,0,0,23.400000000000002,114,0.8
2021,12,6,18,30,139.48,0.16,3.2,0,0,0,0,19.8,85.4,963,0,0,0,0,22.400000000000002,130,0.9
2021,12,6,19,30,151.33,0.16,3.3000000000000003,0,0,0,0,19.900000000000002,91.2,963,0,0,0,0,21.400000000000002,136,1
2021,12,6,20,30,159.45000000000002,0.16,3.3000000000000003,0,0,0,0,19.900000000000002,96.05,962,0,0,0,0,20.6,134,1.3
2021,12,6,21,30,158.9,0.16,3.4000000000000004,0,0,0,0,20.1,100,961,0,0,0,0,20.1,129,1.5
2021,12,6,22,30,150.16,0.16,3.4000000000000004,0,0,0,0,20,100,961,0,0,0,0,20,122,1.6
2021,12,6,23,30,138.09,0.16,3.5,0,0,0,0,20.1,100,961,0,0,0,0,20.1,115,1.6
2021,12,7,0,30,124.88000000000001,0.16,3.5,0,0,0,0,20.200000000000003,100,961,0,0,0,0,20.200000000000003,107,1.6
2021,12,7,1,30,111.21000000000001,0.16,3.5,0,0,0,0,20.3,100,962,0,0,0,0,20.3,100,1.7000000000000002
2021,12,7,2,30,97.39,0.16,3.6,0,0,0,0,20.5,100,962,0,0,0,0,20.5,94,2
2021,12,7,3,30,83.45,0.16,3.6,44,220,69,0,21.200000000000003,98.13,963,44,220,0,69,21.5,89,2.8000000000000003
2021,12,7,4,30,69.88,0.16,3.7,94,575,292,0,21.8,91.04,963,94,575,0,292,23.3,87,3.6
2021,12,7,5,30,56.61,0.16,3.7,122,733,525,3,22,82.33,964,289,44,0,313,25.200000000000003,83,3.7
2021,12,7,6,30,44.11,0.16,3.8000000000000003,133,825,725,3,21.900000000000002,74.64,963,367,73,0,419,26.8,79,3.5
2021,12,7,7,30,33.34,0.16,3.9000000000000004,137,875,868,2,21.900000000000002,69.89,963,475,164,0,612,27.900000000000002,74,3.2
2021,12,7,8,30,26.560000000000002,0.16,4,135,903,942,0,21.8,66.42,962,135,903,0,942,28.700000000000003,68,3
2021,12,7,9,30,26.96,0.16,4.1000000000000005,135,899,937,0,21.700000000000003,64.32000000000001,961,135,899,0,937,29.1,64,2.7
2021,12,7,10,30,34.31,0.16,4.2,130,879,856,0,21.5,62.89,960,130,879,0,856,29.3,62,2.5
2021,12,7,11,30,45.32,0.16,4.2,121,836,708,0,21.3,62.76,959,121,836,0,708,29.1,63,2.4000000000000004
2021,12,7,12,30,57.92,0.16,4.2,106,752,505,0,21.1,64.1,959,106,752,0,505,28.5,66,2.1
2021,12,7,13,30,71.24,0.16,4.2,81,589,270,0,21.200000000000003,68.99,960,81,589,0,270,27.400000000000002,72,1.5
2021,12,7,14,30,84.82000000000001,0.16,4.2,33,204,52,0,22.3,80.37,960,33,204,0,52,25.900000000000002,86,0.9
2021,12,7,15,30,98.78,0.16,4.2,0,0,0,0,22.5,86.76,961,0,0,0,0,24.900000000000002,109,0.7000000000000001
2021,12,7,16,30,112.58,0.16,4.1000000000000005,0,0,0,0,22.1,87.93,962,0,0,0,0,24.200000000000003,135,0.8
2021,12,7,17,30,126.21000000000001,0.16,4,0,0,0,0,21.8,91.17,962,0,0,0,0,23.3,153,0.9
2021,12,7,18,30,139.34,0.16,4,0,0,0,0,21.6,94.72,963,0,0,0,0,22.5,162,1.1
2021,12,7,19,30,151.19,0.16,4,0,0,0,0,21.6,98.58,962,0,0,0,0,21.8,161,1.2000000000000002
2021,12,7,20,30,159.32,0.16,4,0,0,0,0,21.3,100,962,0,0,0,0,21.3,155,1.3
2021,12,7,21,30,158.84,0.16,4,0,0,0,0,21.1,100,961,0,0,0,0,21.1,144,1.3
2021,12,7,22,30,150.17000000000002,0.16,3.9000000000000004,0,0,0,0,21.1,100,961,0,0,0,0,21.1,132,1.4000000000000001
2021,12,7,23,30,138.15,0.16,3.9000000000000004,0,0,0,0,21.1,100,961,0,0,0,0,21.1,120,1.5
2021,12,8,0,30,124.95,0.16,3.8000000000000003,0,0,0,0,21,100,961,0,0,0,0,21,110,1.5
2021,12,8,1,30,111.3,0.16,3.8000000000000003,0,0,0,0,20.8,100,961,0,0,0,0,20.8,101,1.6
2021,12,8,2,30,97.49000000000001,0.16,3.7,0,0,0,0,20.8,100,962,0,0,0,0,20.8,93,1.9000000000000001
2021,12,8,3,30,83.56,0.16,3.7,46,163,65,0,21.3,98.39,962,46,163,0,65,21.6,86,2.7
2021,12,8,4,30,70,0.16,3.7,107,521,285,1,21.6,91.36,963,107,521,0,285,23.1,81,3.4000000000000004
2021,12,8,5,30,56.74,0.16,3.7,140,686,516,0,21.6,82.01,963,140,686,0,516,24.900000000000002,76,3.6
2021,12,8,6,30,44.25,0.16,3.8000000000000003,155,783,716,0,21.6,74.01,963,155,783,0,716,26.6,70,3.5
2021,12,8,7,30,33.49,0.16,3.8000000000000003,158,844,861,0,21.6,68.99,962,158,844,0,861,27.8,64,3.4000000000000004
2021,12,8,8,30,26.69,0.16,3.9000000000000004,155,875,936,0,21.5,65.39,962,155,875,0,936,28.6,57,3.3000000000000003
2021,12,8,9,30,27.03,0.16,3.9000000000000004,132,908,941,0,21.200000000000003,62.61,961,132,908,0,941,29.1,49,3.2
2021,12,8,10,30,34.31,0.16,4,120,898,862,1,21,61.17,960,120,898,0,862,29.3,42,3
2021,12,8,11,30,45.28,0.16,4,108,865,716,0,20.8,60.95,959,108,865,0,716,29.1,37,2.9000000000000004
2021,12,8,12,30,57.86,0.16,3.9000000000000004,98,776,511,0,20.6,61.86,959,98,776,0,511,28.6,34,2.6
2021,12,8,13,30,71.16,0.16,3.9000000000000004,75,625,276,0,20.700000000000003,67.06,959,75,625,0,276,27.3,33,1.8
2021,12,8,14,30,84.73,0.16,3.7,32,250,54,1,22.1,82.2,960,32,250,0,54,25.400000000000002,33,1.1
2021,12,8,15,30,98.67,0.16,3.6,0,0,0,0,22,88.65,960,0,0,0,0,24,33,0.9
2021,12,8,16,30,112.47,0.16,3.4000000000000004,0,0,0,0,21.400000000000002,87.83,961,0,0,0,0,23.5,33,0.9
2021,12,8,17,30,126.09,0.16,3.3000000000000003,0,0,0,0,20.700000000000003,86.43,961,0,0,1,0,23.1,34,0.9
2021,12,8,18,30,139.21,0.16,3.2,0,0,0,1,20,83.84,962,0,0,0,0,22.900000000000002,40,0.9
2021,12,8,19,30,151.04,0.16,3.1,0,0,0,0,19.400000000000002,82.66,962,0,0,0,0,22.5,59,0.8
2021,12,8,20,30,159.18,0.16,3.2,0,0,0,0,19.200000000000003,86.55,961,0,0,0,0,21.5,84,0.9
2021,12,8,21,30,158.79,0.16,3.2,0,0,0,0,19.200000000000003,92.89,961,0,0,0,0,20.400000000000002,100,1
2021,12,8,22,30,150.19,0.16,3.2,0,0,0,0,19.200000000000003,97.73,961,0,0,0,0,19.6,107,1.1
2021,12,8,23,30,138.20000000000002,0.16,3.2,0,0,0,0,19.200000000000003,100,961,0,0,0,0,19.200000000000003,108,1.2000000000000002
2021,12,9,0,30,125.03,0.16,3.1,0,0,0,0,18.900000000000002,100,961,0,0,0,0,18.900000000000002,105,1.3
2021,12,9,1,30,111.39,0.16,3,0,0,0,0,18.900000000000002,100,961,0,0,0,0,18.900000000000002,99,1.3
2021,12,9,2,30,97.59,0.16,2.9000000000000004,0,0,0,0,19.200000000000003,100,962,0,0,0,0,19.200000000000003,89,1.8
2021,12,9,3,30,83.67,0.16,2.8000000000000003,43,222,67,0,20.1,98.14,963,43,222,0,67,20.400000000000002,78,3
2021,12,9,4,30,70.12,0.16,2.8000000000000003,91,600,295,0,20.5,89.66,963,91,600,0,295,22.3,69,4
2021,12,9,5,30,56.870000000000005,0.16,2.7,111,776,535,0,20.400000000000002,79.08,963,111,776,0,535,24.3,63,4.4
2021,12,9,6,30,44.39,0.16,2.7,104,900,747,0,20.1,69.45,963,104,900,0,747,26.1,58,4.4
2021,12,9,7,30,33.63,0.16,2.7,109,944,894,0,19.900000000000002,62.76,962,109,944,0,894,27.6,55,4.3
2021,12,9,8,30,26.810000000000002,0.16,2.8000000000000003,108,964,969,0,19.700000000000003,58.78,961,108,964,0,969,28.6,51,4
2021,12,9,9,30,27.09,0.16,2.8000000000000003,112,957,965,0,19.6,55.92,961,112,957,0,965,29.3,49,3.7
2021,12,9,10,30,34.31,0.16,2.7,106,946,888,0,19.3,54.300000000000004,960,106,946,0,888,29.5,45,3.4000000000000004
2021,12,9,11,30,45.24,0.16,2.7,97,910,738,0,18.900000000000002,53.68,959,97,910,0,738,29.3,43,3.1
2021,12,9,12,30,57.800000000000004,0.16,2.7,84,839,532,0,18.5,54.120000000000005,959,84,839,0,532,28.700000000000003,42,2.6
2021,12,9,13,30,71.08,0.16,2.6,65,698,292,0,18.7,60.33,959,65,698,0,292,27,44,1.8
2021,12,9,14,30,84.63,0.16,2.5,30,325,61,0,20.8,79.92,960,30,325,0,61,24.5,47,1.2000000000000002
2021,12,9,15,30,98.57000000000001,0.16,2.4000000000000004,0,0,0,0,19.900000000000002,83.26,961,0,0,0,0,22.900000000000002,49,1
2021,12,9,16,30,112.36,0.16,2.4000000000000004,0,0,0,0,19.1,82.24,961,0,0,0,0,22.3,51,1
2021,12,9,17,30,125.96000000000001,0.16,2.3000000000000003,0,0,0,0,18.400000000000002,81.39,961,0,0,0,0,21.700000000000003,58,1
2021,12,9,18,30,139.07,0.16,2.2,0,0,0,0,17.8,82.28,962,0,0,0,0,20.900000000000002,73,1.1
2021,12,9,19,30,150.9,0.16,2.2,0,0,0,0,17.5,86.4,961,0,0,0,0,19.8,91,1.2000000000000002
2021,12,9,20,30,159.06,0.16,2.3000000000000003,0,0,0,0,17.2,90.15,961,0,0,0,0,18.900000000000002,102,1.5
2021,12,9,21,30,158.74,0.16,2.4000000000000004,0,0,0,0,17.400000000000002,93.25,960,0,0,0,0,18.5,104,2
2021,12,9,22,30,150.22,0.16,2.4000000000000004,0,0,0,0,18.1,98.63,960,0,0,0,0,18.3,101,2.3000000000000003
2021,12,9,23,30,138.26,0.16,2.3000000000000003,0,0,0,0,18.2,100,960,0,0,0,0,18.2,94,2.3000000000000003
2021,12,10,0,30,125.11,0.16,2.2,0,0,0,0,18.2,100,960,0,0,0,0,18.2,85,2.5
2021,12,10,1,30,111.49000000000001,0.16,2.2,0,0,0,0,18.1,100,961,0,0,0,0,18.1,75,2.8000000000000003
2021,12,10,2,30,97.7,0.16,2.1,0,0,0,0,18.1,100,961,0,0,0,0,18.1,65,3.3000000000000003
2021,12,10,3,30,83.78,0.16,2.1,41,259,69,0,18.3,94.99,962,41,259,0,69,19.1,58,4.1000000000000005
2021,12,10,4,30,70.24,0.16,2.1,84,646,302,0,18.400000000000002,83.97,963,84,646,0,302,21.200000000000003,55,5.2
2021,12,10,5,30,57,0.16,2.1,104,811,546,0,18.1,72.3,963,104,811,0,546,23.400000000000002,54,5.800000000000001
2021,12,10,6,30,44.53,0.16,2.1,117,890,752,0,17.7,63.32,963,117,890,0,752,25.200000000000003,53,5.7
2021,12,10,7,30,33.77,0.16,2.2,125,929,897,0,17.6,57.31,962,125,929,0,897,26.700000000000003,52,5.4
2021,12,10,8,30,26.92,0.16,2.2,129,947,973,0,17.5,53.4,961,129,947,0,973,27.8,50,4.9
2021,12,10,9,30,27.150000000000002,0.16,2.2,122,956,973,0,17.3,50.85,960,122,956,0,973,28.5,48,4.4
2021,12,10,10,30,34.300000000000004,0.16,2.3000000000000003,118,936,891,0,17.1,49.35,960,118,936,0,891,28.8,45,3.9000000000000004
2021,12,10,11,30,45.2,0.16,2.3000000000000003,110,894,740,0,16.8,48.7,959,110,894,0,740,28.700000000000003,42,3.5
2021,12,10,12,30,57.730000000000004,0.16,2.3000000000000003,96,819,533,0,16.5,49.22,959,96,819,0,533,28.1,42,2.9000000000000004
2021,12,10,13,30,71,0.16,2.3000000000000003,75,663,291,0,17,56.59,959,75,663,0,291,26.3,42,1.9000000000000001
2021,12,10,14,30,84.54,0.16,2.3000000000000003,34,268,59,0,19.700000000000003,77.67,960,34,268,0,59,23.8,41,1.2000000000000002
2021,12,10,15,30,98.47,0.16,2.3000000000000003,0,0,0,0,18.5,79.43,960,0,0,0,0,22.200000000000003,40,1.1
2021,12,10,16,30,112.24000000000001,0.16,2.2,0,0,0,0,17.8,79.22,961,0,0,0,0,21.6,40,1.1
2021,12,10,17,30,125.84,0.16,2.2,0,0,0,0,17.3,80.09,961,0,0,0,0,20.900000000000002,44,1.1
2021,12,10,18,30,138.94,0.16,2.2,0,0,0,0,17,82.75,961,0,0,0,0,20,57,1.1
2021,12,10,19,30,150.77,0.16,2.2,0,0,0,0,16.7,85.9,961,0,0,0,0,19.1,74,1.3
2021,12,10,20,30,158.94,0.16,2.3000000000000003,0,0,0,0,16.400000000000002,87.54,961,0,0,0,0,18.5,89,1.6
2021,12,10,21,30,158.70000000000002,0.16,2.3000000000000003,0,0,0,0,16.400000000000002,90.62,961,0,0,0,0,18,96,1.9000000000000001
2021,12,10,22,30,150.24,0.16,2.3000000000000003,0,0,0,0,17,95.56,960,0,0,0,0,17.7,95,2.1
2021,12,10,23,30,138.32,0.16,2.3000000000000003,0,0,0,0,17.5,100,960,0,0,0,0,17.5,89,2.1
2021,12,11,0,30,125.19,0.16,2.3000000000000003,0,0,0,0,17.5,100,960,0,0,0,0,17.5,79,2.3000000000000003
2021,12,11,1,30,111.58,0.16,2.4000000000000004,0,0,0,0,17.6,100,961,0,0,0,0,17.6,69,2.6
2021,12,11,2,30,97.8,0.16,2.4000000000000004,0,0,0,0,17.900000000000002,100,961,0,0,0,0,17.900000000000002,60,2.9000000000000004
2021,12,11,3,30,83.9,0.16,2.4000000000000004,43,204,64,0,18.400000000000002,95.5,962,43,204,0,64,19.1,54,3.8000000000000003
2021,12,11,4,30,70.36,0.16,2.5,91,597,292,0,18.7,84.83,963,91,597,0,292,21.400000000000002,54,5
2021,12,11,5,30,57.13,0.16,2.5,113,772,532,0,18.6,73.54,963,113,772,0,532,23.6,55,5.7
2021,12,11,6,30,44.660000000000004,0.16,2.6,126,857,736,0,18.3,64.54,963,126,857,0,736,25.5,54,5.7
2021,12,11,7,30,33.9,0.16,2.7,135,899,881,0,18.3,59.28,962,135,899,0,881,26.900000000000002,52,5.4
2021,12,11,8,30,27.03,0.16,2.7,139,916,956,0,18.3,55.67,961,139,916,0,956,28,50,4.9
2021,12,11,9,30,27.2,0.16,2.8000000000000003,122,942,960,0,18.3,53.4,960,122,942,0,960,28.700000000000003,47,4.4
2021,12,11,10,30,34.29,0.16,2.9000000000000004,119,919,879,0,18.2,52.160000000000004,959,119,919,0,879,29,46,3.9000000000000004
2021,12,11,11,30,45.15,0.16,2.9000000000000004,112,875,729,0,18,51.85,959,112,875,0,729,28.900000000000002,46,3.4000000000000004
2021,12,11,12,30,57.660000000000004,0.16,2.9000000000000004,103,783,522,1,17.7,52.72,959,103,783,0,522,28.3,47,2.8000000000000003
2021,12,11,13,30,70.91,0.16,2.9000000000000004,80,621,283,3,18.1,59.230000000000004,959,110,1,0,110,26.700000000000003,50,1.8
2021,12,11,14,30,84.45,0.16,2.9000000000000004,35,229,57,3,20.6,80.25,960,43,1,7,43,24.200000000000003,52,1.1
2021,12,11,15,30,98.36,0.16,2.9000000000000004,0,0,0,0,19.5,82.39,960,0,0,0,0,22.700000000000003,53,1
2021,12,11,16,30,112.13,0.16,2.9000000000000004,0,0,0,0,19,82.11,961,0,0,0,0,22.200000000000003,55,1
2021,12,11,17,30,125.72,0.16,2.9000000000000004,0,0,0,0,18.5,82.76,961,0,0,0,0,21.6,61,1
2021,12,11,18,30,138.81,0.16,3,0,0,0,0,18.2,85.16,962,0,0,0,0,20.8,73,1.1
2021,12,11,19,30,150.63,0.16,3,0,0,0,0,18,88.22,962,0,0,0,0,20,87,1.2000000000000002
2021,12,11,20,30,158.83,0.16,3.1,0,0,0,0,17.8,90.36,961,0,0,0,0,19.400000000000002,97,1.4000000000000001
2021,12,11,21,30,158.66,0.16,3.2,0,0,0,0,17.900000000000002,93.8,961,0,0,0,0,18.900000000000002,100,1.6
2021,12,11,22,30,150.28,0.16,3.2,0,0,0,0,18.3,98.27,961,0,0,0,0,18.6,97,1.6
2021,12,11,23,30,138.39000000000001,0.16,3.1,0,0,0,0,18.5,100,960,0,0,0,0,18.5,89,1.6
2021,12,12,0,30,125.27,0.16,3,0,0,0,0,18.5,100,961,0,0,0,0,18.5,79,1.8
2021,12,12,1,30,111.68,0.16,3,0,0,0,0,18.5,100,961,0,0,0,0,18.5,70,2.1
2021,12,12,2,30,97.91,0.16,2.9000000000000004,0,0,0,0,18.8,100,961,0,0,0,0,18.8,61,2.6
2021,12,12,3,30,84.01,0.16,2.8000000000000003,40,221,63,0,19.5,96.14,962,40,221,0,63,20.1,56,3.6
2021,12,12,4,30,70.48,0.16,2.9000000000000004,82,626,291,0,19.700000000000003,84.43,962,82,626,0,291,22.5,56,4.800000000000001
2021,12,12,5,30,57.25,0.16,3,99,797,530,0,19.700000000000003,72.88,963,99,797,0,530,24.900000000000002,58,5.5
2021,12,12,6,30,44.79,0.16,3.1,112,874,732,0,19.6,64.38,962,112,874,0,732,26.900000000000002,58,5.6000000000000005
2021,12,12,7,30,34.03,0.16,3.2,118,917,878,0,19.700000000000003,59.550000000000004,962,118,917,0,878,28.3,57,5.4
2021,12,12,8,30,27.14,0.16,3.2,117,942,955,0,19.900000000000002,57.08,961,117,942,0,955,29.3,56,5.1000000000000005
2021,12,12,9,30,27.240000000000002,0.16,3.3000000000000003,133,915,947,3,20,55.870000000000005,960,458,124,0,569,29.8,56,4.7
2021,12,12,10,30,34.27,0.16,3.4000000000000004,127,898,869,0,20,55.47,959,127,898,0,869,29.900000000000002,57,4.2
2021,12,12,11,30,45.1,0.16,3.5,116,856,721,1,19.900000000000002,55.74,958,116,856,0,721,29.700000000000003,58,3.7
2021,12,12,12,30,57.58,0.16,3.6,101,778,518,0,19.8,57.46,958,101,778,0,518,29.1,60,3.1
2021,12,12,13,30,70.82000000000001,0.16,3.7,79,617,281,0,20.200000000000003,64.27,959,79,617,0,281,27.6,61,2.1
2021,12,12,14,30,84.35000000000001,0.16,3.8000000000000003,35,231,58,0,22.200000000000003,82.16,959,35,231,0,58,25.5,64,1.2000000000000002
2021,12,12,15,30,98.25,0.16,3.9000000000000004,0,0,0,0,21.900000000000002,87.07000000000001,960,0,0,0,0,24.200000000000003,70,1
2021,12,12,16,30,112.02,0.16,4,0,0,0,0,21.6,88.7,961,0,0,0,0,23.6,78,1.1
2021,12,12,17,30,125.60000000000001,0.16,4.1000000000000005,0,0,0,0,21.3,89.28,961,0,0,0,0,23.200000000000003,89,1.4000000000000001
2021,12,12,18,30,138.68,0.16,4.3,0,0,0,0,21.1,90.08,961,0,0,0,0,22.8,97,1.9000000000000001
2021,12,12,19,30,150.5,0.16,4.4,0,0,0,0,21,91.97,962,0,0,0,0,22.400000000000002,102,2.4000000000000004
2021,12,12,20,30,158.72,0.16,4.5,0,0,0,3,21.1,95.48,961,0,0,0,0,21.900000000000002,102,2.6
2021,12,12,21,30,158.64000000000001,0.16,4.6000000000000005,0,0,0,0,21.3,98.12,961,0,0,0,0,21.6,97,2.5
2021,12,12,22,30,150.32,0.16,4.6000000000000005,0,0,0,0,21.3,100,961,0,0,0,0,21.3,88,2.5
2021,12,12,23,30,138.46,0.16,4.6000000000000005,0,0,0,0,21.1,100,961,0,0,0,0,21.1,81,2.5
2021,12,13,0,30,125.36,0.16,4.5,0,0,0,0,20.8,100,961,0,0,0,0,20.8,75,2.4000000000000004
2021,12,13,1,30,111.78,0.16,4.5,0,0,0,3,20.6,100,961,0,0,0,0,20.6,72,2.3000000000000003
2021,12,13,2,30,98.02,0.16,4.4,0,0,0,3,20.6,100,962,0,0,0,0,20.6,70,2.5
2021,12,13,3,30,84.12,0.16,4.3,42,130,55,3,20.8,96.36,963,35,0,7,35,21.400000000000002,70,3.4000000000000004
2021,12,13,4,30,70.60000000000001,0.16,4.3,98,523,271,3,20.900000000000002,88.53,963,133,4,0,134,22.900000000000002,69,4.6000000000000005
2021,12,13,5,30,57.38,0.16,4.3,120,716,506,3,20.6,78.54,963,308,154,0,391,24.6,67,5.1000000000000005
2021,12,13,6,30,44.92,0.16,4.4,134,807,706,7,20.400000000000002,69.95,963,238,544,0,623,26.3,65,5
2021,12,13,7,30,34.160000000000004,0.16,4.4,144,854,850,0,20.5,63.99,962,144,854,0,850,27.900000000000002,61,4.9
2021,12,13,8,30,27.23,0.16,4.4,148,876,926,0,20.700000000000003,61.01,961,148,876,0,926,29,57,4.6000000000000005
2021,12,13,9,30,27.27,0.16,4.4,118,922,938,0,20.900000000000002,59.1,959,118,922,0,938,29.700000000000003,53,4.3
2021,12,13,10,30,34.25,0.16,4.4,113,907,862,3,20.8,58.370000000000005,958,420,107,0,508,29.900000000000002,51,4
2021,12,13,11,30,45.04,0.16,4.4,105,868,718,3,20.700000000000003,58.53,958,213,0,0,214,29.700000000000003,53,3.5
2021,12,13,12,30,57.5,0.16,4.4,103,763,513,3,20.5,59.44,958,172,1,0,173,29.200000000000003,57,3
2021,12,13,13,30,70.73,0.16,4.4,81,601,279,3,20.6,65.09,958,129,4,0,130,27.8,63,2
2021,12,13,14,30,84.25,0.16,4.4,36,227,59,3,22.5,81.73,959,19,0,7,19,25.900000000000002,70,1.1
2021,12,13,15,30,98.14,0.16,4.3,0,0,0,3,22.400000000000002,87.48,960,0,0,0,0,24.6,79,0.9
2021,12,13,16,30,111.9,0.16,4.2,0,0,0,3,21.900000000000002,87.99,960,0,0,0,0,24,90,0.9
2021,12,13,17,30,125.48,0.16,4.1000000000000005,0,0,0,3,21.5,90.22,961,0,0,0,0,23.200000000000003,105,0.9
2021,12,13,18,30,138.56,0.16,4,0,0,0,3,21.200000000000003,92.98,961,0,0,0,0,22.400000000000002,119,1.1
2021,12,13,19,30,150.38,0.16,4,0,0,0,3,20.900000000000002,95.49,960,0,0,0,0,21.700000000000003,125,1.5
2021,12,13,20,30,158.63,0.16,3.9000000000000004,0,0,0,0,20.900000000000002,98.33,960,0,0,0,0,21.200000000000003,126,1.8
2021,12,13,21,30,158.62,0.16,3.9000000000000004,0,0,0,0,20.8,100,960,0,0,0,0,20.8,123,1.7000000000000002
2021,12,13,22,30,150.36,0.16,3.8000000000000003,0,0,0,0,20.700000000000003,100,959,0,0,0,0,20.700000000000003,118,1.7000000000000002
2021,12,13,23,30,138.54,0.16,3.7,0,0,0,0,20.700000000000003,100,959,0,0,0,0,20.700000000000003,108,1.9000000000000001
2021,12,14,0,30,125.45,0.16,3.6,0,0,0,0,20.700000000000003,100,959,0,0,0,0,20.700000000000003,98,2.2
2021,12,14,1,30,111.88,0.16,3.4000000000000004,0,0,0,0,20.6,100,960,0,0,0,0,20.6,90,2.3000000000000003
2021,12,14,2,30,98.13,0.16,3.4000000000000004,0,0,0,0,20.6,100,960,0,0,0,0,20.6,82,2.7
2021,12,14,3,30,84.23,0.16,3.3000000000000003,42,138,55,0,20.900000000000002,96.29,961,42,138,0,55,21.5,76,3.7
2021,12,14,4,30,70.72,0.16,3.3000000000000003,99,534,275,0,20.700000000000003,86.10000000000001,962,99,534,0,275,23.200000000000003,72,4.7
2021,12,14,5,30,57.5,0.16,3.4000000000000004,125,718,511,0,20.400000000000002,75.88,962,125,718,0,511,25,71,5.1000000000000005
2021,12,14,6,30,45.04,0.16,3.4000000000000004,130,832,718,0,20.400000000000002,67.9,961,130,832,0,718,26.8,70,5.1000000000000005
2021,12,14,7,30,34.28,0.16,3.5,141,874,863,0,20.400000000000002,62.7,960,141,874,0,863,28.200000000000003,69,4.800000000000001
2021,12,14,8,30,27.32,0.16,3.6,142,897,939,0,20.400000000000002,59.59,959,142,897,0,939,29.1,68,4.4
2021,12,14,9,30,27.3,0.16,3.7,134,909,942,0,20.400000000000002,57.620000000000005,958,134,909,0,942,29.6,66,4
2021,12,14,10,30,34.22,0.16,3.8000000000000003,130,889,864,1,20.1,56.17,957,130,889,0,864,29.8,66,3.6
2021,12,14,11,30,44.97,0.16,3.9000000000000004,121,844,718,2,20,56.26,957,405,142,0,505,29.6,68,3.2
2021,12,14,12,30,57.42,0.16,4,107,759,516,0,19.8,57.7,957,107,759,0,516,29,72,2.7
2021,12,14,13,30,70.64,0.16,4,84,595,281,0,20,63.01,957,84,595,0,281,27.700000000000003,82,1.9000000000000001
2021,12,14,14,30,84.15,0.16,4.1000000000000005,38,214,60,0,21.900000000000002,79.67,958,38,214,0,60,25.700000000000003,98,1.1
2021,12,14,15,30,98.04,0.16,4,0,0,0,1,22,87.59,959,0,0,0,0,24.200000000000003,117,1
2021,12,14,16,30,111.79,0.16,4,0,0,0,0,21.400000000000002,88.7,959,0,0,0,0,23.400000000000002,131,1.2000000000000002
2021,12,14,17,30,125.36,0.16,4,0,0,0,0,21,90.21000000000001,960,0,0,0,0,22.700000000000003,138,1.7000000000000002
2021,12,14,18,30,138.44,0.16,4,0,0,0,0,20.900000000000002,92.97,960,0,0,0,0,22.1,136,2.3000000000000003
2021,12,14,19,30,150.26,0.16,4,0,0,0,0,21.1,97.25,960,0,0,0,0,21.6,129,2.6
2021,12,14,20,30,158.53,0.16,4,0,0,0,0,21.200000000000003,100,960,0,0,0,0,21.200000000000003,121,2.3000000000000003
2021,12,14,21,30,158.6,0.16,3.9000000000000004,0,0,0,0,21,100,960,0,0,0,0,21,111,2.2
2021,12,14,22,30,150.41,0.16,3.9000000000000004,0,0,0,0,20.900000000000002,100,959,0,0,0,0,20.900000000000002,101,2.4000000000000004
2021,12,14,23,30,138.61,0.16,3.8000000000000003,0,0,0,0,20.8,100,959,0,0,0,0,20.8,94,2.7
2021,12,15,0,30,125.55,0.16,3.7,0,0,0,0,20.700000000000003,100,959,0,0,0,0,20.700000000000003,89,2.8000000000000003
2021,12,15,1,30,111.98,0.16,3.6,0,0,0,0,20.5,100,960,0,0,0,0,20.5,84,2.8000000000000003
2021,12,15,2,30,98.23,0.16,3.6,0,0,0,0,20.5,100,960,0,0,0,0,20.5,80,2.9000000000000004
2021,12,15,3,30,84.35000000000001,0.16,3.6,42,117,53,0,20.6,95.31,961,42,117,0,53,21.400000000000002,76,3.6
2021,12,15,4,30,70.84,0.16,3.5,106,500,270,3,20.700000000000003,86.13,962,53,0,0,53,23.1,75,4.4
2021,12,15,5,30,57.620000000000005,0.16,3.5,136,687,504,1,20.5,75.82000000000001,962,136,687,0,504,25.1,73,4.7
2021,12,15,6,30,45.17,0.16,3.5,150,789,706,0,20.5,68.16,962,150,789,0,706,26.900000000000002,71,4.7
2021,12,15,7,30,34.39,0.16,3.6,157,844,853,0,20.5,62.46,961,157,844,0,853,28.400000000000002,68,4.5
2021,12,15,8,30,27.400000000000002,0.16,3.6,160,869,931,0,20.5,58.32,960,160,869,0,931,29.5,65,4.2
2021,12,15,9,30,27.32,0.16,3.6,131,913,943,0,20.200000000000003,55.18,959,131,913,0,943,30.200000000000003,62,4
2021,12,15,10,30,34.18,0.16,3.6,128,893,867,0,19.900000000000002,53.39,958,128,893,0,867,30.400000000000002,61,3.8000000000000003
2021,12,15,11,30,44.910000000000004,0.16,3.6,120,849,721,0,19.5,52.52,957,120,849,0,721,30.3,61,3.5
2021,12,15,12,30,57.34,0.16,3.6,97,794,525,0,19.200000000000003,53.53,957,97,794,0,525,29.6,63,3.1
2021,12,15,13,30,70.54,0.16,3.6,76,639,289,0,19.400000000000002,59.93,957,76,639,0,289,27.900000000000002,66,2.1
2021,12,15,14,30,84.05,0.16,3.6,36,269,64,0,21.6,79.13,958,36,269,0,64,25.5,71,1.3
2021,12,15,15,30,97.93,0.16,3.6,0,0,0,0,21.1,84.55,959,0,0,0,0,23.900000000000002,79,1.1
2021,12,15,16,30,111.67,0.16,3.5,0,0,0,0,20.8,85.62,959,0,0,0,0,23.3,91,1.1
2021,12,15,17,30,125.24000000000001,0.16,3.5,0,0,0,0,20.400000000000002,87.67,960,0,0,0,0,22.6,105,1.1
2021,12,15,18,30,138.32,0.16,3.6,0,0,0,0,20.200000000000003,90,960,0,0,0,0,21.900000000000002,117,1.4000000000000001
2021,12,15,19,30,150.14000000000001,0.16,3.6,0,0,0,0,20.1,92.7,960,0,0,0,0,21.3,123,1.8
2021,12,15,20,30,158.45000000000002,0.16,3.7,0,0,0,0,20.3,96.55,960,0,0,0,0,20.900000000000002,123,2.1
2021,12,15,21,30,158.59,0.16,3.7,0,0,0,0,20.6,100,959,0,0,0,0,20.6,118,2
2021,12,15,22,30,150.46,0.16,3.6,0,0,0,0,20.6,100,959,0,0,0,0,20.6,107,2.1
2021,12,15,23,30,138.70000000000002,0.16,3.5,0,0,0,0,20.6,100,959,0,0,0,0,20.6,95,2.4000000000000004
2021,12,16,0,30,125.64,0.16,3.4000000000000004,0,0,0,0,20.5,100,960,0,0,0,0,20.5,85,2.5
2021,12,16,1,30,112.09,0.16,3.3000000000000003,0,0,0,0,20.400000000000002,100,960,0,0,0,0,20.400000000000002,78,2.5
2021,12,16,2,30,98.35000000000001,0.16,3.2,0,0,0,0,20.3,100,961,0,0,0,0,20.3,73,2.8000000000000003
2021,12,16,3,30,84.46000000000001,0.16,3.1,38,180,56,0,20.400000000000002,95.39,962,38,180,0,56,21.200000000000003,69,3.7
2021,12,16,4,30,70.95,0.16,3.1,83,605,280,3,20.200000000000003,84.06,962,162,13,0,166,23,68,4.5
2021,12,16,5,30,57.74,0.16,3.1,98,795,522,0,19.8,72.86,963,98,795,0,522,25,68,4.800000000000001
2021,12,16,6,30,45.28,0.16,3.1,109,877,727,0,19.5,63.47,962,109,877,0,727,27,68,4.800000000000001
2021,12,16,7,30,34.5,0.16,3.2,116,919,874,0,19.3,57.35,962,116,919,0,874,28.6,67,4.6000000000000005
2021,12,16,8,30,27.48,0.16,3.2,119,939,952,0,19.3,53.24,961,119,939,0,952,29.8,65,4.3
2021,12,16,9,30,27.330000000000002,0.16,3.3000000000000003,124,930,951,0,19.200000000000003,50.88,960,124,930,0,951,30.5,63,4
2021,12,16,10,30,34.14,0.16,3.4000000000000004,123,906,873,0,19.1,49.78,959,123,906,0,873,30.8,62,3.7
2021,12,16,11,30,44.83,0.16,3.4000000000000004,117,860,727,0,19,49.96,958,117,860,0,727,30.6,62,3.3000000000000003
2021,12,16,12,30,57.25,0.16,3.5,104,777,524,0,18.900000000000002,51.34,958,104,777,0,524,30,64,2.9000000000000004
2021,12,16,13,30,70.44,0.16,3.5,81,621,289,0,19.3,58.230000000000004,958,81,621,0,289,28.3,67,1.9000000000000001
2021,12,16,14,30,83.94,0.16,3.5,37,253,64,0,21.700000000000003,77.71000000000001,958,37,253,0,64,25.900000000000002,74,1.2000000000000002
2021,12,16,15,30,97.81,0.16,3.6,0,0,0,0,21.3,82.64,959,0,0,0,0,24.400000000000002,84,1
2021,12,16,16,30,111.56,0.16,3.7,0,0,0,1,21,84.13,960,0,0,0,0,23.8,96,1
2021,12,16,17,30,125.12,0.16,3.9000000000000004,0,0,0,0,20.700000000000003,86.44,961,0,0,0,0,23.1,108,1.2000000000000002
2021,12,16,18,30,138.20000000000002,0.16,4.1000000000000005,0,0,0,0,20.5,88.46000000000001,961,0,0,0,0,22.5,115,1.7000000000000002
2021,12,16,19,30,150.03,0.16,4.3,0,0,0,0,20.6,91.14,961,0,0,0,0,22.1,116,2.2
2021,12,16,20,30,158.37,0.16,4.5,0,0,0,0,21.1,96.13,961,0,0,0,0,21.700000000000003,112,2.3000000000000003
2021,12,16,21,30,158.59,0.16,4.5,0,0,0,0,21.5,100,960,0,0,0,0,21.5,104,2.1
2021,12,16,22,30,150.52,0.16,4.5,0,0,0,0,21.400000000000002,100,960,0,0,0,0,21.400000000000002,94,1.9000000000000001
2021,12,16,23,30,138.78,0.16,4.5,0,0,0,0,21.400000000000002,100,959,0,0,0,0,21.400000000000002,85,2.2
2021,12,17,0,30,125.74000000000001,0.16,4.4,0,0,0,0,21.3,100,960,0,0,0,0,21.3,79,2.5
2021,12,17,1,30,112.19,0.16,4.3,0,0,0,0,21.200000000000003,100,960,0,0,0,0,21.200000000000003,75,2.7
2021,12,17,2,30,98.46000000000001,0.16,4.3,0,0,0,0,21.3,100,961,0,0,0,0,21.3,71,2.9000000000000004
2021,12,17,3,30,84.57000000000001,0.16,4.2,38,143,51,3,21.3,94.9,962,39,0,7,39,22.200000000000003,68,3.7
2021,12,17,4,30,71.07000000000001,0.16,4.2,90,547,268,0,21.3,84.2,962,90,547,0,268,24.1,67,4.800000000000001
2021,12,17,5,30,57.86,0.16,4.2,108,743,504,0,21,73.12,962,108,743,0,504,26.200000000000003,66,5.4
2021,12,17,6,30,45.4,0.16,4.2,116,843,708,0,20.900000000000002,65.11,962,116,843,0,708,28.1,66,5.5
2021,12,17,7,30,34.6,0.16,4.2,117,900,858,0,21,60.53,961,117,900,0,858,29.400000000000002,66,5.300000000000001
2021,12,17,8,30,27.55,0.16,4.3,115,926,936,0,21,57.51,960,115,926,0,936,30.3,66,5.1000000000000005
2021,12,17,9,30,27.34,0.16,4.4,113,930,939,7,20.900000000000002,55.59,959,388,341,0,691,30.8,65,4.800000000000001
2021,12,17,10,30,34.09,0.16,4.5,108,914,865,0,20.700000000000003,55.07,958,108,914,0,865,30.8,65,4.5
2021,12,17,11,30,44.76,0.16,4.6000000000000005,102,873,722,3,20.6,55.56,958,200,0,0,200,30.5,66,4.1000000000000005
2021,12,17,12,30,57.160000000000004,0.16,4.7,95,782,519,7,20.5,57.34,957,210,415,7,435,29.8,69,3.5
2021,12,17,13,30,70.34,0.16,4.800000000000001,76,628,287,8,20.900000000000002,64.64,958,162,131,7,206,28.200000000000003,76,2.4000000000000004
2021,12,17,14,30,83.84,0.16,4.800000000000001,36,266,64,5,22.6,80.72,959,17,0,7,17,26.200000000000003,86,1.6
2021,12,17,15,30,97.7,0.16,4.9,0,0,0,3,22.6,87.07000000000001,959,0,0,0,0,24.900000000000002,94,1.5
2021,12,17,16,30,111.44,0.16,4.9,0,0,0,3,22.400000000000002,88.44,960,0,0,0,0,24.400000000000002,98,1.7000000000000002
2021,12,17,17,30,125,0.16,5,0,0,0,3,22.200000000000003,90.4,961,0,0,0,0,23.900000000000002,101,1.9000000000000001
2021,12,17,18,30,138.08,0.16,5,0,0,0,8,22.200000000000003,92.94,961,0,0,0,0,23.400000000000002,102,1.9000000000000001
2021,12,17,19,30,149.92000000000002,0.16,5,0,0,0,0,22.200000000000003,95.64,960,0,0,0,0,22.900000000000002,103,1.9000000000000001
2021,12,17,20,30,158.29,0.16,4.9,0,0,0,3,22.1,98.3,960,0,0,0,0,22.400000000000002,102,1.8
2021,12,17,21,30,158.6,0.16,4.9,0,0,0,3,21.900000000000002,100,960,0,0,0,0,21.900000000000002,101,1.7000000000000002
2021,12,17,22,30,150.58,0.16,4.800000000000001,0,0,0,3,21.5,100,959,0,0,0,0,21.5,97,1.6
2021,12,17,23,30,138.87,0.16,4.800000000000001,0,0,0,3,21.200000000000003,100,959,0,0,0,0,21.200000000000003,90,1.6
2021,12,18,0,30,125.84,0.16,4.800000000000001,0,0,0,3,21,100,959,0,0,0,0,21,82,1.7000000000000002
2021,12,18,1,30,112.3,0.16,4.800000000000001,0,0,0,0,20.8,100,960,0,0,0,0,20.8,75,1.9000000000000001
2021,12,18,2,30,98.57000000000001,0.16,4.7,0,0,0,1,20.900000000000002,100,960,0,0,0,0,20.900000000000002,71,2.2
2021,12,18,3,30,84.68,0.16,4.7,37,132,49,0,21.1,95.86,961,37,132,0,49,21.8,68,3.2
2021,12,18,4,30,71.19,0.16,4.7,90,542,265,3,21.3,86.98,962,74,0,0,74,23.6,68,4.2
2021,12,18,5,30,57.980000000000004,0.16,4.7,108,739,500,3,20.900000000000002,75.11,962,182,1,0,183,25.6,68,4.800000000000001
2021,12,18,6,30,45.51,0.16,4.7,119,834,703,4,20.400000000000002,65.46000000000001,961,253,1,0,254,27.400000000000002,68,4.9
2021,12,18,7,30,34.7,0.16,4.800000000000001,126,879,849,3,20.3,60.79,961,396,25,0,417,28.6,67,4.7
2021,12,18,8,30,27.61,0.16,4.800000000000001,131,898,927,0,20.5,58.33,960,131,898,0,927,29.5,66,4.5
2021,12,18,9,30,27.330000000000002,0.16,4.9,134,895,929,4,20.700000000000003,57.370000000000005,959,450,71,0,514,30,66,4.2
2021,12,18,10,30,34.04,0.16,4.9,131,874,856,3,20.700000000000003,57.67,958,405,35,0,433,30,67,3.9000000000000004
2021,12,18,11,30,44.68,0.16,5,124,828,712,7,20.8,59.11,957,234,582,7,647,29.6,70,3.6
2021,12,18,12,30,57.06,0.16,5,109,748,516,3,20.8,62.550000000000004,957,251,21,0,263,28.700000000000003,73,3
2021,12,18,13,30,70.24,0.16,5,84,595,285,8,21.400000000000002,69.66,958,161,225,7,237,27.400000000000002,77,2.1
2021,12,18,14,30,83.73,0.16,4.9,39,237,65,7,22.8,84.37,959,55,16,7,57,25.6,84,1.2000000000000002
2021,12,18,15,30,97.59,0.16,4.9,0,0,0,7,22.900000000000002,91.99,959,0,0,0,0,24.3,95,1
2021,12,18,16,30,111.33,0.16,4.9,0,0,0,7,22.6,93.36,960,0,0,0,0,23.700000000000003,109,1.1
2021,12,18,17,30,124.89,0.16,4.9,0,0,0,7,22.3,94.88,961,0,0,0,0,23.200000000000003,121,1.2000000000000002
2021,12,18,18,30,137.97,0.16,4.800000000000001,0,0,0,7,22.200000000000003,96.58,961,0,0,0,0,22.8,129,1.2000000000000002
2021,12,18,19,30,149.82,0.16,4.800000000000001,0,0,0,4,22.200000000000003,99.51,961,0,0,0,0,22.3,131,1.1
2021,12,18,20,30,158.23,0.16,4.7,0,0,0,5,21.8,100,960,0,0,0,0,21.8,128,1
2021,12,18,21,30,158.61,0.16,4.7,0,0,0,5,21.5,100,960,0,0,0,0,21.5,123,1
2021,12,18,22,30,150.65,0.16,4.7,0,0,0,3,21.3,100,959,0,0,0,0,21.3,117,1
2021,12,18,23,30,138.96,0.16,4.7,0,0,0,3,21.200000000000003,100,959,0,0,0,0,21.200000000000003,111,1.1
2021,12,19,0,30,125.95,0.16,4.6000000000000005,0,0,0,4,21.3,100,960,0,0,0,0,21.3,106,1.3
2021,12,19,1,30,112.41,0.16,4.6000000000000005,0,0,0,7,21.3,100,960,0,0,0,0,21.3,102,1.7000000000000002
2021,12,19,2,30,98.68,0.16,4.6000000000000005,0,0,0,3,21.5,100,961,0,0,0,0,21.5,97,2
2021,12,19,3,30,84.8,0.16,4.6000000000000005,37,136,49,7,22,98.71000000000001,961,41,4,7,41,22.200000000000003,89,2.9000000000000004
2021,12,19,4,30,71.3,0.16,4.6000000000000005,92,536,263,7,22.200000000000003,91.19,962,17,0,0,17,23.700000000000003,81,3.9000000000000004
2021,12,19,5,30,58.09,0.16,4.6000000000000005,110,733,497,7,21.8,78.59,962,257,144,0,333,25.8,76,4.4
2021,12,19,6,30,45.62,0.16,4.6000000000000005,107,859,708,7,21.1,66.58,962,292,322,1,517,27.900000000000002,76,4.6000000000000005
2021,12,19,7,30,34.79,0.16,4.7,115,900,854,7,20.8,59.38,961,325,374,1,632,29.5,76,4.5
2021,12,19,8,30,27.67,0.16,4.7,119,918,932,7,20.5,55.63,960,364,371,1,692,30.400000000000002,76,4.4
2021,12,19,9,30,27.330000000000002,0.16,4.7,120,918,936,7,20.3,53.34,959,368,369,1,696,30.900000000000002,76,4.2
2021,12,19,10,30,33.980000000000004,0.16,4.7,116,901,864,7,20.1,51.800000000000004,958,331,372,1,639,31.200000000000003,76,3.9000000000000004
2021,12,19,11,30,44.59,0.16,4.7,109,861,723,7,19.900000000000002,52.04,957,300,308,1,519,30.900000000000002,78,3.7
2021,12,19,12,30,56.96,0.16,4.7,94,794,527,7,19.700000000000003,54.02,957,245,214,1,362,30,82,3.2
2021,12,19,13,30,70.13,0.16,4.7,74,649,294,7,20.5,62.79,958,158,66,1,180,28.3,89,2.3000000000000003
2021,12,19,14,30,83.62,0.16,4.7,36,300,69,7,22.200000000000003,78.63,959,39,2,1,40,26.200000000000003,97,1.6
2021,12,19,15,30,97.48,0.16,4.7,0,0,0,7,21.900000000000002,83.76,959,0,0,1,0,24.8,106,1.5
2021,12,19,16,30,111.21000000000001,0.16,4.7,0,0,0,7,21.6,85.81,960,0,0,1,0,24.1,113,1.6
2021,12,19,17,30,124.77,0.16,4.7,0,0,0,7,21.400000000000002,88.2,961,0,0,1,0,23.5,117,1.9000000000000001
2021,12,19,18,30,137.85,0.16,4.800000000000001,0,0,0,7,21.5,91.63,961,0,0,1,0,22.900000000000002,118,2.3000000000000003
2021,12,19,19,30,149.72,0.16,4.800000000000001,0,0,0,7,21.700000000000003,95.71000000000001,961,0,0,1,0,22.400000000000002,117,2.4000000000000004
2021,12,19,20,30,158.17000000000002,0.16,4.800000000000001,0,0,0,7,21.900000000000002,99.68,961,0,0,1,0,22,113,2.2
2021,12,19,21,30,158.63,0.16,4.800000000000001,0,0,0,7,21.8,100,960,0,0,1,0,21.8,106,2
2021,12,19,22,30,150.73,0.16,4.7,0,0,0,7,21.6,100,960,0,0,1,0,21.6,99,1.9000000000000001
2021,12,19,23,30,139.06,0.16,4.6000000000000005,0,0,0,7,21.6,100,960,0,0,1,0,21.6,92,2
2021,12,20,0,30,126.05,0.16,4.5,0,0,0,2,21.5,100,960,0,0,1,0,21.5,87,2.3000000000000003
2021,12,20,1,30,112.52,0.16,4.4,0,0,0,2,21.5,100,961,0,0,1,0,21.5,83,2.5
2021,12,20,2,30,98.79,0.16,4.3,0,0,0,2,21.5,100,961,0,0,1,0,21.5,78,2.7
2021,12,20,3,30,84.91,0.16,4.3,34,181,50,2,21.6,96.23,962,35,0,1,35,22.200000000000003,73,3.4000000000000004
2021,12,20,4,30,71.42,0.16,4.3,79,594,268,2,21.400000000000002,86.31,962,170,30,1,180,23.8,70,4.2
2021,12,20,5,30,58.2,0.16,4.3,96,776,505,2,21,74.67,963,271,43,1,293,25.8,68,4.5
2021,12,20,6,30,45.730000000000004,0.16,4.3,105,867,710,2,20.5,64.35,962,357,76,1,410,27.900000000000002,67,4.6000000000000005
2021,12,20,7,30,34.88,0.16,4.4,111,910,858,2,20.400000000000002,57.730000000000004,962,415,106,1,502,29.6,66,4.6000000000000005
2021,12,20,8,30,27.71,0.16,4.4,115,929,937,2,20.400000000000002,53.84,961,457,95,1,541,30.8,66,4.5
2021,12,20,9,30,27.310000000000002,0.16,4.5,111,935,942,2,20.400000000000002,51.82,960,461,98,1,548,31.5,67,4.3
2021,12,20,10,30,33.92,0.16,4.5,109,917,870,2,20.3,51.050000000000004,959,435,120,1,535,31.700000000000003,70,4.2
2021,12,20,11,30,44.5,0.16,4.6000000000000005,103,875,727,2,20.200000000000003,51.76,958,393,115,1,476,31.3,77,4
2021,12,20,12,30,56.86,0.16,4.6000000000000005,93,797,529,2,20.1,54.480000000000004,959,306,93,1,357,30.3,86,3.4000000000000004
2021,12,20,13,30,70.02,0.16,4.7,75,648,296,2,21.1,64.69,959,188,74,1,213,28.400000000000002,100,2.6
2021,12,20,14,30,83.51,0.16,4.7,38,289,71,2,22.700000000000003,80.25,960,52,3,7,52,26.400000000000002,114,2.2
2021,12,20,15,30,97.36,0.16,4.800000000000001,0,0,0,3,22.6,86.3,961,0,0,0,0,25.1,124,2.5
2021,12,20,16,30,111.10000000000001,0.16,4.800000000000001,0,0,0,0,22.700000000000003,90.42,962,0,0,0,0,24.400000000000002,126,3
2021,12,20,17,30,124.66,0.16,4.9,0,0,0,0,22.900000000000002,94.64,963,0,0,0,0,23.8,123,3
2021,12,20,18,30,137.75,0.16,4.9,0,0,0,0,22.900000000000002,97.74000000000001,963,0,0,0,0,23.3,118,2.8000000000000003
2021,12,20,19,30,149.62,0.16,4.9,0,0,0,4,22.8,98.92,962,0,0,0,0,23,111,2.5
2021,12,20,20,30,158.12,0.16,4.800000000000001,0,0,0,0,22.700000000000003,100,962,0,0,0,0,22.700000000000003,104,2.3000000000000003
2021,12,20,21,30,158.66,0.16,4.800000000000001,0,0,0,4,22.400000000000002,100,961,0,0,0,0,22.400000000000002,98,2.1
2021,12,20,22,30,150.81,0.16,4.7,0,0,0,3,22.200000000000003,100,960,0,0,0,0,22.200000000000003,92,1.9000000000000001
2021,12,20,23,30,139.16,0.16,4.7,0,0,0,3,22,100,960,0,0,0,0,22,85,2
2021,12,21,0,30,126.16,0.16,4.6000000000000005,0,0,0,4,21.900000000000002,100,960,0,0,0,0,21.900000000000002,79,2.1
2021,12,21,1,30,112.63,0.16,4.6000000000000005,0,0,0,4,21.8,100,961,0,0,0,0,21.8,75,2.3000000000000003
2021,12,21,2,30,98.91,0.16,4.6000000000000005,0,0,0,3,21.8,100,962,0,0,0,0,21.8,73,2.5
2021,12,21,3,30,85.02,0.16,4.7,32,195,49,3,22,97.83,962,24,0,7,24,22.400000000000002,71,3.2
2021,12,21,4,30,71.53,0.16,4.800000000000001,76,603,267,3,22.1,90.83,963,146,9,0,148,23.700000000000003,71,4
2021,12,21,5,30,58.31,0.16,4.9,95,774,502,5,21.8,81.14,963,260,37,0,280,25.3,72,4.4
2021,12,21,6,30,45.83,0.16,5,124,822,696,7,21.5,73.72,963,255,447,0,567,26.6,74,4.5
2021,12,21,7,30,34.97,0.16,5.1000000000000005,130,872,844,8,21.3,69.35000000000001,963,357,342,0,637,27.400000000000002,76,4.5
2021,12,21,8,30,27.75,0.16,5.1000000000000005,132,896,925,0,21.1,66.93,962,132,896,0,925,27.8,79,4.2
2021,12,21,9,30,27.29,0.16,5.1000000000000005,125,908,932,0,20.900000000000002,65.48,961,125,908,0,932,28,85,3.9000000000000004
2021,12,21,10,30,33.85,0.16,5,122,891,862,0,20.8,64.08,960,122,891,0,862,28.200000000000003,92,3.5
2021,12,21,11,30,44.410000000000004,0.16,5,113,853,723,0,20.700000000000003,64.06,960,113,853,0,723,28.1,101,3.1
2021,12,21,12,30,56.76,0.16,4.9,97,785,527,0,20.6,65.2,960,97,785,0,527,27.700000000000003,110,2.7
2021,12,21,13,30,69.91,0.16,5,75,645,297,0,20.900000000000002,70.96000000000001,960,75,645,0,297,26.6,122,2
2021,12,21,14,30,83.4,0.16,5,37,304,72,2,22,83.13,961,52,3,7,53,25.1,134,1.4000000000000001
2021,12,21,15,30,97.25,0.16,5,0,0,0,7,22.1,89.03,961,0,0,0,0,24,141,1.3
2021,12,21,16,30,110.98,0.16,5,0,0,0,8,21.900000000000002,90.18,962,0,0,0,0,23.6,142,1.2000000000000002
2021,12,21,17,30,124.55,0.16,5,0,0,0,0,21.8,91.98,962,0,0,0,0,23.200000000000003,139,1.1
2021,12,21,18,30,137.64000000000001,0.16,5,0,0,0,0,21.900000000000002,94.46000000000001,962,0,0,0,0,22.8,134,1
2021,12,21,19,30,149.53,0.16,4.9,0,0,0,0,21.900000000000002,96.34,962,0,0,0,0,22.5,125,1
2021,12,21,20,30,158.07,0.16,4.9,0,0,0,0,21.8,97.65,961,0,0,0,0,22.200000000000003,113,1
2021,12,21,21,30,158.70000000000002,0.16,4.9,0,0,0,0,21.700000000000003,99.19,961,0,0,0,0,21.8,101,1.2000000000000002
2021,12,21,22,30,150.89000000000001,0.16,4.9,0,0,0,3,21.5,99.32000000000001,960,0,0,0,0,21.6,92,1.5
2021,12,21,23,30,139.26,0.16,4.9,0,0,0,4,21.400000000000002,99.89,960,0,0,0,0,21.400000000000002,85,1.8
2021,12,22,0,30,126.27,0.16,4.800000000000001,0,0,0,4,21.200000000000003,100,960,0,0,0,0,21.200000000000003,79,2
2021,12,22,1,30,112.74000000000001,0.16,4.800000000000001,0,0,0,3,21.1,100,961,0,0,0,0,21.1,73,2.2
2021,12,22,2,30,99.02,0.16,4.7,0,0,0,3,21.1,100,961,0,0,0,0,21.1,66,2.5
2021,12,22,3,30,85.13,0.16,4.6000000000000005,32,187,47,3,21.1,94.98,961,26,0,7,26,21.900000000000002,62,3.2
2021,12,22,4,30,71.64,0.16,4.6000000000000005,78,586,263,0,21,85.58,962,78,586,0,263,23.6,60,3.9000000000000004
2021,12,22,5,30,58.42,0.16,4.6000000000000005,101,758,498,0,20.700000000000003,74.79,962,101,758,0,498,25.5,60,4.1000000000000005
2021,12,22,6,30,45.93,0.16,4.6000000000000005,113,843,700,0,20.3,66.6,962,113,843,0,700,27.1,60,4.2
2021,12,22,7,30,35.04,0.16,4.6000000000000005,122,887,849,0,20.200000000000003,61.480000000000004,961,122,887,0,849,28.3,59,4.1000000000000005
2021,12,22,8,30,27.79,0.16,4.7,129,902,927,0,20.200000000000003,59.19,960,129,902,0,927,29,60,3.9000000000000004
2021,12,22,9,30,27.26,0.16,4.7,112,932,940,1,20.3,57.79,959,112,932,0,940,29.5,62,3.7
2021,12,22,10,30,33.77,0.16,4.800000000000001,108,915,869,3,20.400000000000002,57.160000000000004,958,446,134,0,557,29.8,67,3.5
2021,12,22,11,30,44.31,0.16,4.800000000000001,101,879,730,3,20.5,57.870000000000005,958,348,45,0,380,29.700000000000003,72,3.3000000000000003
2021,12,22,12,30,56.65,0.16,5,99,781,528,3,20.6,60.93,958,82,0,0,82,28.900000000000002,77,3
2021,12,22,13,30,69.8,0.16,5.1000000000000005,77,639,298,3,21.200000000000003,69.27,959,81,0,0,81,27.3,82,2.3000000000000003
2021,12,22,14,30,83.29,0.16,5.2,39,298,73,3,22.5,82.87,960,42,0,7,42,25.6,85,1.7000000000000002
2021,12,22,15,30,97.14,0.16,5.2,0,0,0,3,22.6,88.92,960,0,0,0,0,24.5,83,1.7000000000000002
2021,12,22,16,30,110.87,0.16,5.2,0,0,0,0,22.400000000000002,91.52,961,0,0,0,0,23.900000000000002,80,1.9000000000000001
2021,12,22,17,30,124.44,0.16,5.1000000000000005,0,0,0,0,22.400000000000002,94.28,961,0,0,0,0,23.400000000000002,80,1.9000000000000001
2021,12,22,18,30,137.54,0.16,5,0,0,0,0,22.400000000000002,97.2,961,0,0,0,0,22.900000000000002,85,1.6
2021,12,22,19,30,149.44,0.16,4.9,0,0,0,0,22.400000000000002,99.48,961,0,0,0,0,22.5,93,1.3
2021,12,22,20,30,158.03,0.16,4.7,0,0,0,0,22.1,100,960,0,0,0,0,22.1,104,1.3
2021,12,22,21,30,158.74,0.16,4.6000000000000005,0,0,0,0,21.900000000000002,100,960,0,0,0,0,21.900000000000002,110,1.6
2021,12,22,22,30,150.98,0.16,4.5,0,0,0,0,21.8,100,959,0,0,0,0,21.8,110,2
2021,12,22,23,30,139.37,0.16,4.4,0,0,0,0,21.700000000000003,100,959,0,0,0,0,21.700000000000003,106,2.2
2021,12,23,0,30,126.38000000000001,0.16,4.3,0,0,0,0,21.700000000000003,100,959,0,0,0,0,21.700000000000003,102,2.3000000000000003
2021,12,23,1,30,112.86,0.16,4.2,0,0,0,0,21.6,100,960,0,0,0,0,21.6,98,2.3000000000000003
2021,12,23,2,30,99.13,0.16,4.2,0,0,0,0,21.6,100,960,0,0,0,0,21.6,94,2.5
2021,12,23,3,30,85.24,0.16,4.1000000000000005,33,162,46,0,21.8,97.52,961,33,162,0,46,22.200000000000003,91,3.1
2021,12,23,4,30,71.75,0.16,4.1000000000000005,85,559,261,0,21.8,91.09,962,85,559,0,261,23.3,87,3.9000000000000004
2021,12,23,5,30,58.52,0.16,4,112,735,496,0,21.3,81.06,962,112,735,0,496,24.8,83,4.4
2021,12,23,6,30,46.02,0.16,4,109,862,707,0,20.900000000000002,72.03,962,109,862,0,707,26.3,81,4.5
2021,12,23,7,30,35.12,0.16,4,117,905,857,0,20.400000000000002,64.18,961,117,905,0,857,27.8,81,4.4
2021,12,23,8,30,27.82,0.16,4,120,926,939,0,20,58.08,960,120,926,0,939,29.1,82,4.3
2021,12,23,9,30,27.22,0.16,4.1000000000000005,124,920,943,0,19.6,54.2,959,124,920,0,943,29.900000000000002,84,4
2021,12,23,10,30,33.69,0.16,4.2,124,897,870,0,19.200000000000003,52.26,958,124,897,0,870,30.1,87,3.8000000000000003
2021,12,23,11,30,44.21,0.16,4.3,119,851,729,7,18.900000000000002,51.57,958,229,607,7,664,30,92,3.5
2021,12,23,12,30,56.54,0.16,4.4,108,766,530,8,18.8,53.72,958,248,174,7,344,29.1,101,3.1
2021,12,23,13,30,69.69,0.16,4.5,87,606,297,7,19.5,62.370000000000005,958,164,67,7,187,27.3,115,2.5
2021,12,23,14,30,83.18,0.16,4.7,43,248,73,4,21.1,77.62,959,16,0,7,16,25.3,128,2.3000000000000003
2021,12,23,15,30,97.02,0.16,4.7,0,0,0,3,21.400000000000002,85.18,960,0,0,0,0,24,133,2.6
2021,12,23,16,30,110.76,0.16,4.800000000000001,0,0,0,8,21.8,91.05,961,0,0,0,0,23.3,131,2.8000000000000003
2021,12,23,17,30,124.33,0.16,4.7,0,0,0,8,22.200000000000003,96.19,961,0,0,0,0,22.8,127,2.5
2021,12,23,18,30,137.44,0.16,4.6000000000000005,0,0,0,7,22.3,99.69,961,0,0,0,0,22.400000000000002,124,2
2021,12,23,19,30,149.36,0.16,4.6000000000000005,0,0,0,3,22.200000000000003,100,960,0,0,0,0,22.200000000000003,123,1.4000000000000001
2021,12,23,20,30,158,0.16,4.5,0,0,0,3,22,100,960,0,0,0,0,22,121,1.1
2021,12,23,21,30,158.78,0.16,4.5,0,0,0,3,21.8,100,959,0,0,0,0,21.8,118,1
2021,12,23,22,30,151.08,0.16,4.5,0,0,0,3,21.700000000000003,100,959,0,0,0,0,21.700000000000003,112,1
2021,12,23,23,30,139.48,0.16,4.5,0,0,0,0,21.5,100,959,0,0,0,0,21.5,106,1.1
2021,12,24,0,30,126.5,0.16,4.5,0,0,0,1,21.400000000000002,100,959,0,0,0,0,21.400000000000002,100,1.2000000000000002
2021,12,24,1,30,112.97,0.16,4.5,0,0,0,0,21.200000000000003,100,959,0,0,0,0,21.200000000000003,95,1.4000000000000001
2021,12,24,2,30,99.25,0.16,4.4,0,0,0,0,21.200000000000003,100,960,0,0,0,0,21.200000000000003,90,1.8
2021,12,24,3,30,85.35000000000001,0.16,4.4,32,146,44,3,21.400000000000002,97.72,961,22,0,7,22,21.8,85,2.7
2021,12,24,4,30,71.86,0.16,4.4,87,545,257,3,21.6,89.97,961,34,0,0,34,23.3,82,3.7
2021,12,24,5,30,58.620000000000005,0.16,4.4,110,734,492,3,21.200000000000003,79.16,962,78,0,0,78,25.1,80,4.1000000000000005
2021,12,24,6,30,46.11,0.16,4.5,121,829,696,3,20.5,67.54,961,201,0,0,201,27,80,4.1000000000000005
2021,12,24,7,30,35.18,0.16,4.5,130,876,846,3,20,60.050000000000004,961,377,12,0,387,28.5,81,3.9000000000000004
2021,12,24,8,30,27.84,0.16,4.6000000000000005,135,895,927,3,19.8,55.28,960,345,2,0,347,29.700000000000003,82,3.6
2021,12,24,9,30,27.18,0.16,4.6000000000000005,121,920,939,0,19.700000000000003,52.69,959,121,920,0,939,30.400000000000002,84,3.2
2021,12,24,10,30,33.6,0.16,4.6000000000000005,114,909,871,0,19.400000000000002,51.370000000000005,958,114,909,0,871,30.6,88,2.8000000000000003
2021,12,24,11,30,44.1,0.16,4.6000000000000005,105,876,734,0,19.1,50.95,957,105,876,0,734,30.400000000000002,95,2.5
2021,12,24,12,30,56.43,0.16,4.6000000000000005,99,790,535,0,18.900000000000002,51.89,957,99,790,0,535,29.8,107,2.1
2021,12,24,13,30,69.58,0.16,4.5,78,650,305,0,19.200000000000003,57.46,957,78,650,0,305,28.400000000000002,124,1.5
2021,12,24,14,30,83.06,0.16,4.4,39,320,78,0,21.400000000000002,74.56,958,39,320,0,78,26.3,146,1.2000000000000002
2021,12,24,15,30,96.91,0.16,4.3,0,0,0,0,21.5,82.78,958,0,0,0,0,24.6,161,1.4000000000000001
2021,12,24,16,30,110.65,0.16,4.3,0,0,0,0,21,84.38,959,0,0,0,0,23.8,165,1.9000000000000001
2021,12,24,17,30,124.22,0.16,4.3,0,0,0,0,21.1,88.87,960,0,0,0,0,23,162,2.3000000000000003
2021,12,24,18,30,137.34,0.16,4.3,0,0,0,3,21.400000000000002,93.92,960,0,0,0,0,22.400000000000002,153,2.5
2021,12,24,19,30,149.29,0.16,4.3,0,0,0,3,21.700000000000003,98.32000000000001,960,0,0,0,0,22,140,2.5
2021,12,24,20,30,157.97,0.16,4.3,0,0,0,1,21.700000000000003,100,960,0,0,0,0,21.700000000000003,127,2.4000000000000004
2021,12,24,21,30,158.84,0.16,4.3,0,0,0,0,21.700000000000003,100,959,0,0,0,0,21.700000000000003,116,2.2
2021,12,24,22,30,151.18,0.16,4.2,0,0,0,1,21.6,100,959,0,0,0,0,21.6,109,2.1
2021,12,24,23,30,139.59,0.16,4.1000000000000005,0,0,0,4,21.5,100,959,0,0,0,0,21.5,104,2.2
2021,12,25,0,30,126.61,0.16,3.9000000000000004,0,0,0,3,21.3,100,959,0,0,0,0,21.3,101,2.3000000000000003
2021,12,25,1,30,113.09,0.16,3.8000000000000003,0,0,0,3,21.1,100,960,0,0,0,0,21.1,99,2.3000000000000003
2021,12,25,2,30,99.36,0.16,3.7,0,0,0,4,21,100,960,0,0,0,0,21,95,2.5
2021,12,25,3,30,85.46000000000001,0.16,3.6,32,153,44,4,21.200000000000003,97.03,961,22,0,7,22,21.700000000000003,91,3.2
2021,12,25,4,30,71.96000000000001,0.16,3.6,83,574,260,4,21,86.68,962,22,0,0,22,23.3,88,3.9000000000000004
2021,12,25,5,30,58.72,0.16,3.5,105,759,499,4,20.3,73.3,962,160,0,0,160,25.400000000000002,86,4.1000000000000005
2021,12,25,6,30,46.2,0.16,3.5,107,874,711,3,19.8,63.27,962,396,141,0,493,27.400000000000002,85,3.9000000000000004
2021,12,25,7,30,35.25,0.16,3.5,111,923,865,0,19.6,56.44,961,111,923,0,865,29.1,83,3.5
2021,12,25,8,30,27.85,0.16,3.5,112,947,949,0,19.3,51.47,960,112,947,0,949,30.400000000000002,78,3.1
2021,12,25,9,30,27.13,0.16,3.5,107,957,959,0,19,48.17,959,107,957,0,959,31.200000000000003,72,2.8000000000000003
2021,12,25,10,30,33.51,0.16,3.5,102,945,890,1,18.6,45.94,958,102,945,0,890,31.6,67,2.6
2021,12,25,11,30,43.99,0.16,3.5,93,914,751,0,18.1,44.6,957,93,914,0,751,31.6,68,2.4000000000000004
2021,12,25,12,30,56.31,0.16,3.5,83,848,553,0,17.6,44.71,957,83,848,0,553,31,75,2.3000000000000003
2021,12,25,13,30,69.46000000000001,0.16,3.5,67,715,318,0,17.7,49.97,958,67,715,0,318,29.200000000000003,90,1.8
2021,12,25,14,30,82.95,0.16,3.5,36,385,84,0,20.6,70.34,959,36,385,0,84,26.400000000000002,108,1.2000000000000002
2021,12,25,15,30,96.79,0.16,3.6,0,0,0,0,20.400000000000002,77.77,959,0,0,0,0,24.5,124,1.3
2021,12,25,16,30,110.54,0.16,3.6,0,0,0,1,19.700000000000003,78.9,960,0,0,0,0,23.6,133,1.7000000000000002
2021,12,25,17,30,124.12,0.16,3.7,0,0,0,0,19.6,82.01,961,0,0,0,0,22.8,133,2.3000000000000003
2021,12,25,18,30,137.25,0.16,3.8000000000000003,0,0,0,0,19.900000000000002,87.7,961,0,0,0,0,22,127,2.6
2021,12,25,19,30,149.21,0.16,3.8000000000000003,0,0,0,1,20.400000000000002,95.39,961,0,0,0,0,21.200000000000003,119,2.4000000000000004
2021,12,25,20,30,157.95000000000002,0.16,3.8000000000000003,0,0,0,0,20.8,100,961,0,0,0,0,20.8,108,2.1
2021,12,25,21,30,158.9,0.16,3.9000000000000004,0,0,0,0,20.5,100,960,0,0,0,0,20.5,99,2
2021,12,25,22,30,151.28,0.16,3.9000000000000004,0,0,0,3,20.400000000000002,100,960,0,0,0,0,20.400000000000002,92,2.2
2021,12,25,23,30,139.71,0.16,3.9000000000000004,0,0,0,4,20.200000000000003,100,960,0,0,0,0,20.200000000000003,86,2.3000000000000003
2021,12,26,0,30,126.73,0.16,3.9000000000000004,0,0,0,4,20.1,100,960,0,0,0,0,20.1,82,2.5
2021,12,26,1,30,113.21000000000001,0.16,3.8000000000000003,0,0,0,0,20,100,960,0,0,0,0,20,80,2.7
2021,12,26,2,30,99.48,0.16,3.7,0,0,0,3,20.1,100,961,0,0,0,0,20.1,78,3
2021,12,26,3,30,85.56,0.16,3.6,28,229,45,3,20.1,95.45,961,21,0,7,21,20.900000000000002,77,3.7
2021,12,26,4,30,72.07000000000001,0.16,3.5,66,653,267,3,20.1,84.47,962,130,5,0,132,22.900000000000002,76,4.5
2021,12,26,5,30,58.82,0.16,3.4000000000000004,82,822,508,3,19.6,71.22,962,294,128,0,360,25.200000000000003,76,4.800000000000001
2021,12,26,6,30,46.28,0.16,3.4000000000000004,93,902,716,3,19.1,60.2,961,383,227,0,540,27.5,74,4.5
2021,12,26,7,30,35.300000000000004,0.16,3.4000000000000004,99,944,869,0,18.7,52.86,961,99,944,0,869,29.3,71,4.1000000000000005
2021,12,26,8,30,27.86,0.16,3.5,102,961,952,0,18.2,47.62,960,102,961,0,952,30.6,65,3.7
2021,12,26,9,30,27.07,0.16,3.6,106,957,957,0,17.7,44.660000000000004,959,106,957,0,957,31.1,58,3.4000000000000004
2021,12,26,10,30,33.410000000000004,0.16,3.6,103,940,888,0,17,42.88,958,103,940,0,888,31.1,51,3.2
2021,12,26,11,30,43.88,0.16,3.7,98,901,747,0,16.400000000000002,42.43,958,98,901,0,747,30.6,48,3.1
2021,12,26,12,30,56.19,0.16,3.7,90,824,549,7,16.1,43.49,958,181,595,7,513,29.8,48,2.7
2021,12,26,13,30,69.34,0.16,3.7,72,686,314,0,16.7,50.09,958,72,686,0,314,28.1,50,1.8
2021,12,26,14,30,82.83,0.16,3.7,38,359,83,0,19.700000000000003,67.63,959,38,359,0,83,26.200000000000003,52,1.1
2021,12,26,15,30,96.68,0.16,3.7,0,0,0,0,19.6,70.75,960,0,0,0,0,25.3,60,0.9
2021,12,26,16,30,110.43,0.16,3.6,0,0,0,0,18.8,69.91,960,0,0,0,0,24.700000000000003,82,0.9
2021,12,26,17,30,124.02,0.16,3.6,0,0,0,0,18.7,74.91,960,0,0,0,0,23.400000000000002,107,1.1
2021,12,26,18,30,137.15,0.16,3.6,0,0,0,0,18.6,80.29,961,0,0,0,0,22.200000000000003,118,1.6
2021,12,26,19,30,149.15,0.16,3.7,0,0,0,0,18.7,84.14,961,0,0,0,0,21.5,117,2.4000000000000004
2021,12,26,20,30,157.93,0.16,3.8000000000000003,0,0,0,0,19.700000000000003,92.35000000000001,961,0,0,0,0,21,112,2.5
2021,12,26,21,30,158.97,0.16,3.8000000000000003,0,0,0,0,20.700000000000003,100,960,0,0,0,0,20.700000000000003,104,2.1
2021,12,26,22,30,151.39000000000001,0.16,3.8000000000000003,0,0,0,0,20.6,100,960,0,0,0,0,20.6,95,1.8
2021,12,26,23,30,139.83,0.16,3.8000000000000003,0,0,0,0,20.6,100,960,0,0,0,0,20.6,88,1.9000000000000001
2021,12,27,0,30,126.85000000000001,0.16,3.8000000000000003,0,0,0,0,20.6,100,960,0,0,0,0,20.6,82,2.3000000000000003
2021,12,27,1,30,113.32000000000001,0.16,3.8000000000000003,0,0,0,0,20.6,100,960,0,0,0,0,20.6,77,2.7
2021,12,27,2,30,99.59,0.16,3.7,0,0,0,0,20.6,100,960,0,0,0,0,20.6,73,3
2021,12,27,3,30,85.67,0.16,3.7,29,172,42,0,20.8,95.61,961,29,172,0,42,21.5,70,3.8000000000000003
2021,12,27,4,30,72.17,0.16,3.8000000000000003,74,603,259,0,20.900000000000002,85.23,961,74,603,0,259,23.5,70,4.800000000000001
2021,12,27,5,30,58.910000000000004,0.16,3.9000000000000004,92,785,498,0,20.5,71.97,962,92,785,0,498,25.900000000000002,69,5.2
2021,12,27,6,30,46.36,0.16,3.9000000000000004,101,876,705,0,20.1,60.980000000000004,961,101,876,0,705,28.3,68,5.1000000000000005
2021,12,27,7,30,35.35,0.16,4,107,920,858,0,19.8,54.24,961,107,920,0,858,30.1,68,4.800000000000001
2021,12,27,8,30,27.86,0.16,4.1000000000000005,111,938,940,0,19.700000000000003,50.28,960,111,938,0,940,31.3,67,4.5
2021,12,27,9,30,27,0.16,4,108,946,951,0,19.700000000000003,48.09,958,108,946,0,951,32,66,4.2
2021,12,27,10,30,33.3,0.16,4,106,930,883,7,19.6,47.59,957,216,712,7,811,32.1,66,3.9000000000000004
2021,12,27,11,30,43.76,0.16,4,99,894,745,7,19.5,48.49,957,199,687,7,696,31.700000000000003,69,3.6
2021,12,27,12,30,56.07,0.16,4,89,824,549,0,19.400000000000002,50.79,957,89,824,0,549,30.8,74,3.1
2021,12,27,13,30,69.22,0.16,4,71,688,315,3,20.1,58.4,957,129,3,0,130,29.1,86,2.1
2021,12,27,14,30,82.72,0.16,4,38,357,84,2,22.400000000000002,76.46000000000001,958,61,8,7,62,26.900000000000002,104,1.4000000000000001
2021,12,27,15,30,96.57000000000001,0.16,4,0,0,0,0,22.5,84.15,959,0,0,0,0,25.400000000000002,121,1.6
2021,12,27,16,30,110.32000000000001,0.16,4.1000000000000005,0,0,0,0,22.200000000000003,85.96000000000001,960,0,0,0,0,24.700000000000003,130,2.2
2021,12,27,17,30,123.92,0.16,4.2,0,0,0,0,22.1,89.83,961,0,0,0,0,23.900000000000002,131,2.7
2021,12,27,18,30,137.07,0.16,4.2,0,0,0,0,22.200000000000003,94.03,961,0,0,0,0,23.200000000000003,127,3
2021,12,27,19,30,149.08,0.16,4.2,0,0,0,0,22.200000000000003,97.36,961,0,0,0,0,22.6,119,2.9000000000000004
2021,12,27,20,30,157.93,0.16,4.2,0,0,0,0,22,99.39,961,0,0,0,0,22.1,110,2.6
2021,12,27,21,30,159.04,0.16,4.1000000000000005,0,0,0,0,21.6,100,961,0,0,0,0,21.6,101,2.4000000000000004
2021,12,27,22,30,151.5,0.16,4,0,0,0,0,21.3,100,960,0,0,0,0,21.3,94,2.4000000000000004
2021,12,27,23,30,139.95000000000002,0.16,3.9000000000000004,0,0,0,0,20.900000000000002,100,960,0,0,0,0,20.900000000000002,88,2.5
2021,12,28,0,30,126.97,0.16,3.8000000000000003,0,0,0,1,20.5,100,960,0,0,0,0,20.5,82,2.6
2021,12,28,1,30,113.44,0.16,3.7,0,0,0,1,20.200000000000003,100,961,0,0,0,0,20.200000000000003,78,2.5
2021,12,28,2,30,99.7,0.16,3.6,0,0,0,0,20.1,100,961,0,0,0,0,20.1,74,2.6
2021,12,28,3,30,85.77,0.16,3.5,30,107,38,0,20.200000000000003,96.29,962,30,107,0,38,20.8,69,3.5
2021,12,28,4,30,72.27,0.16,3.5,85,548,252,0,20.200000000000003,87.14,963,85,548,0,252,22.400000000000002,65,4.5
2021,12,28,5,30,59,0.16,3.4000000000000004,102,762,494,0,19.6,73.97,963,102,762,0,494,24.5,61,4.9
2021,12,28,6,30,46.43,0.16,3.4000000000000004,110,864,705,0,18.900000000000002,62.13,962,110,864,0,705,26.700000000000003,59,4.9
2021,12,28,7,30,35.4,0.16,3.3000000000000003,113,921,863,0,18.2,53.43,961,113,921,0,863,28.6,58,4.7
2021,12,28,8,30,27.85,0.16,3.3000000000000003,113,947,950,0,17.5,47.1,960,113,947,0,950,30,57,4.3
2021,12,28,9,30,26.93,0.16,3.3000000000000003,112,952,961,0,16.8,42.52,959,112,952,0,961,31,57,3.8000000000000003
2021,12,28,10,30,33.19,0.16,3.3000000000000003,109,937,893,0,16.400000000000002,39.980000000000004,958,109,937,0,893,31.6,58,3.3000000000000003
2021,12,28,11,30,43.64,0.16,3.2,103,901,755,0,16.2,39.37,957,103,901,0,755,31.700000000000003,60,2.9000000000000004
2021,12,28,12,30,55.95,0.16,3.2,93,828,557,0,16.1,40.27,957,93,828,0,557,31.200000000000003,64,2.4000000000000004
2021,12,28,13,30,69.10000000000001,0.16,3.1,76,689,322,0,16.900000000000002,46.37,957,76,689,0,322,29.6,69,1.6
2021,12,28,14,30,82.60000000000001,0.16,3,41,356,87,0,20.200000000000003,65.76,958,41,356,0,87,27.200000000000003,77,1
2021,12,28,15,30,96.46000000000001,0.16,2.9000000000000004,0,0,0,0,20.1,71.56,959,0,0,0,0,25.6,90,1
2021,12,28,16,30,110.21000000000001,0.16,2.8000000000000003,0,0,0,0,19.700000000000003,74.8,960,0,0,0,0,24.5,104,1
2021,12,28,17,30,123.82000000000001,0.16,2.7,0,0,0,0,19.6,80.05,960,0,0,0,0,23.200000000000003,116,1.1
2021,12,28,18,30,136.98,0.16,2.7,0,0,0,0,19.200000000000003,84.9,960,0,0,0,0,21.900000000000002,123,1.3
2021,12,28,19,30,149.02,0.16,2.7,0,0,0,0,19,89.07000000000001,960,0,0,0,0,20.900000000000002,124,1.7000000000000002
2021,12,28,20,30,157.93,0.16,2.8000000000000003,0,0,0,0,19.1,93.64,960,0,0,0,0,20.200000000000003,122,1.9000000000000001
2021,12,28,21,30,159.12,0.16,2.8000000000000003,0,0,0,0,19.400000000000002,97.87,960,0,0,0,0,19.700000000000003,117,1.9000000000000001
2021,12,28,22,30,151.62,0.16,2.8000000000000003,0,0,0,0,19.400000000000002,99.96000000000001,960,0,0,0,0,19.400000000000002,108,1.9000000000000001
2021,12,28,23,30,140.07,0.16,2.8000000000000003,0,0,0,0,19.1,100,959,0,0,0,0,19.1,100,1.9000000000000001
2021,12,29,0,30,127.09,0.16,2.8000000000000003,0,0,0,0,18.900000000000002,100,960,0,0,0,0,18.900000000000002,91,2
2021,12,29,1,30,113.56,0.16,2.8000000000000003,0,0,0,0,18.6,100,960,0,0,0,0,18.6,83,2
2021,12,29,2,30,99.82000000000001,0.16,2.8000000000000003,0,0,0,0,18.7,100,961,0,0,0,0,18.7,75,2.4000000000000004
2021,12,29,3,30,85.88,0.16,2.9000000000000004,29,159,40,0,18.8,92.15,961,29,159,0,40,20.1,67,3.4000000000000004
2021,12,29,4,30,72.37,0.16,2.9000000000000004,74,613,260,0,18.6,78.82000000000001,962,74,613,0,260,22.5,62,4.4
2021,12,29,5,30,59.09,0.16,2.9000000000000004,92,800,503,0,18.2,66.34,962,92,800,0,503,24.900000000000002,58,4.6000000000000005
2021,12,29,6,30,46.5,0.16,2.9000000000000004,103,890,715,0,17.8,56.32,962,103,890,0,715,27.3,55,4.3
2021,12,29,7,30,35.44,0.16,2.9000000000000004,109,936,872,0,17.3,48.07,961,109,936,0,872,29.400000000000002,53,3.9000000000000004
2021,12,29,8,30,27.84,0.16,2.9000000000000004,112,956,958,0,16.7,42.67,960,112,956,0,958,30.8,54,3.4000000000000004
2021,12,29,9,30,26.85,0.16,2.9000000000000004,101,976,972,0,16.1,39.04,959,101,976,0,972,31.700000000000003,59,3.1
2021,12,29,10,30,33.08,0.16,2.8000000000000003,100,962,906,7,15.3,36.44,958,196,786,7,854,32.1,63,2.9000000000000004
2021,12,29,11,30,43.51,0.16,2.7,94,930,768,0,14.5,34.660000000000004,958,94,930,0,768,32,66,2.8000000000000003
2021,12,29,12,30,55.83,0.16,2.6,85,864,570,0,13.5,33.76,958,85,864,0,570,31.3,70,2.5
2021,12,29,13,30,68.98,0.16,2.5,68,738,333,0,13.600000000000001,38.61,958,68,738,0,333,29.1,75,1.8
2021,12,29,14,30,82.49,0.16,2.5,38,421,93,0,18,61.58,959,38,421,0,93,26,83,1.2000000000000002
2021,12,29,15,30,96.34,0.16,2.4000000000000004,0,0,0,0,17.400000000000002,67.31,959,0,0,0,0,23.8,92,1.2000000000000002
2021,12,29,16,30,110.11,0.16,2.4000000000000004,0,0,0,0,16.900000000000002,70.04,960,0,0,0,0,22.6,101,1.2000000000000002
2021,12,29,17,30,123.72,0.16,2.5,0,0,0,0,16.6,74.11,961,0,0,0,0,21.400000000000002,109,1.4000000000000001
2021,12,29,18,30,136.9,0.16,2.6,0,0,0,0,16.5,78.06,961,0,0,0,0,20.5,112,1.8
2021,12,29,19,30,148.97,0.16,2.8000000000000003,0,0,0,0,17,82.67,961,0,0,0,0,20,109,2.3000000000000003
2021,12,29,20,30,157.93,0.16,2.9000000000000004,0,0,0,0,17.7,87.58,960,0,0,0,0,19.8,102,2.6
2021,12,29,21,30,159.21,0.16,3,0,0,0,0,18.3,92.13,960,0,0,0,0,19.6,94,2.5
2021,12,29,22,30,151.75,0.16,3,0,0,0,1,18.6,95.47,959,0,0,0,0,19.3,87,2.2
2021,12,29,23,30,140.20000000000002,0.16,3,0,0,0,0,18.7,98.52,959,0,0,0,0,18.900000000000002,81,2
2021,12,30,0,30,127.21000000000001,0.16,3,0,0,0,0,18.6,99.93,959,0,0,1,0,18.6,77,1.9000000000000001
2021,12,30,1,30,113.68,0.16,3,0,0,0,0,18.3,100,960,0,0,0,0,18.3,72,1.9000000000000001
2021,12,30,2,30,99.93,0.16,2.9000000000000004,0,0,0,0,18.3,98.55,961,0,0,0,0,18.5,66,2.4000000000000004
2021,12,30,3,30,85.98,0.16,2.8000000000000003,26,205,41,0,18.1,89.95,961,26,205,0,41,19.8,61,3.5
2021,12,30,4,30,72.47,0.16,2.7,65,661,265,0,17.8,76.51,962,65,661,0,265,22.1,61,4.7
2021,12,30,5,30,59.18,0.16,2.6,82,835,510,0,17,62.17,962,82,835,0,510,24.700000000000003,60,5.300000000000001
2021,12,30,6,30,46.57,0.16,2.5,91,922,725,0,16.3,51.43,961,91,922,0,725,27.200000000000003,58,5.300000000000001
2021,12,30,7,30,35.47,0.16,2.5,97,965,883,0,15.700000000000001,43.42,960,97,965,0,883,29.400000000000002,54,5
2021,12,30,8,30,27.82,0.16,2.5,100,985,971,0,15,37.89,959,100,985,0,971,31,52,4.6000000000000005
2021,12,30,9,30,26.76,0.16,2.5,99,989,982,0,14.4,34.64,958,99,989,0,982,31.900000000000002,53,4.1000000000000005
2021,12,30,10,30,32.96,0.16,2.6,96,973,913,0,13.9,32.83,957,96,973,0,913,32.300000000000004,56,3.8000000000000003
2021,12,30,11,30,43.39,0.16,2.6,91,939,773,0,13.4,32.04,956,91,939,0,773,32.1,61,3.4000000000000004
2021,12,30,12,30,55.7,0.16,2.6,82,874,574,0,12.9,32.53,956,82,874,0,574,31.3,68,3
2021,12,30,13,30,68.86,0.16,2.6,67,745,335,0,13.600000000000001,38.76,957,67,745,0,335,29.1,77,2
2021,12,30,14,30,82.37,0.16,2.7,38,424,94,0,18.1,62.22,957,38,424,0,94,25.900000000000002,90,1.3
2021,12,30,15,30,96.23,0.16,2.7,0,0,0,3,17.8,68.82000000000001,958,0,0,0,0,23.900000000000002,103,1.3
2021,12,30,16,30,110,0.16,2.8000000000000003,0,0,0,0,17.400000000000002,70.44,959,0,0,0,0,23.1,113,1.5
2021,12,30,17,30,123.63000000000001,0.16,2.9000000000000004,0,0,0,0,17.2,73.02,960,0,0,0,0,22.3,118,2
2021,12,30,18,30,136.82,0.16,3,0,0,0,0,17.2,76.18,960,0,0,0,0,21.6,117,2.5
2021,12,30,19,30,148.92000000000002,0.16,3.2,0,0,0,0,17.8,82.25,961,0,0,0,0,20.900000000000002,110,2.7
2021,12,30,20,30,157.94,0.16,3.3000000000000003,0,0,0,0,18.5,88.16,960,0,0,0,0,20.5,101,2.5
2021,12,30,21,30,159.31,0.16,3.2,0,0,0,0,19,93.74,960,0,0,0,0,20,92,2.3000000000000003
2021,12,30,22,30,151.87,0.16,3.1,0,0,0,0,19,97.10000000000001,960,0,0,0,0,19.5,85,2.3000000000000003
2021,12,30,23,30,140.33,0.16,3,0,0,0,0,18.8,98.38,960,0,0,0,0,19.1,80,2.4000000000000004
2021,12,31,0,30,127.34,0.16,2.8000000000000003,0,0,0,0,18.6,99.14,960,0,0,0,0,18.7,77,2.6
2021,12,31,1,30,113.79,0.16,2.6,0,0,0,0,18.3,99.85000000000001,960,0,0,0,0,18.3,73,2.8000000000000003
2021,12,31,2,30,100.04,0.16,2.4000000000000004,0,0,0,0,18,99.34,961,0,0,0,0,18.1,69,3.1
2021,12,31,3,30,86.08,0.16,2.2,28,160,39,0,17.8,90.46000000000001,962,28,160,0,39,19.400000000000002,67,4.2
2021,12,31,4,30,72.56,0.16,2.1,74,632,263,0,17.7,76.47,962,74,632,0,263,22,69,5.4
2021,12,31,5,30,59.26,0.16,2,92,824,513,0,16.900000000000002,61.620000000000005,962,92,824,0,513,24.8,68,5.800000000000001
2021,12,31,6,30,46.63,0.16,2,101,917,730,0,16,49.89,962,101,917,0,730,27.400000000000002,66,5.6000000000000005
2021,12,31,7,30,35.5,0.16,2,105,966,891,0,15.200000000000001,41.93,961,105,966,0,891,29.5,62,5.300000000000001
2021,12,31,8,30,27.79,0.16,2,106,989,981,0,14.4,36.1,960,106,989,0,981,31.200000000000003,57,4.9
2021,12,31,9,30,26.67,0.16,2,100,1000,994,0,13.600000000000001,32.47,959,100,1000,0,994,32.1,54,4.5
2021,12,31,10,30,32.83,0.16,2,97,988,927,0,12.700000000000001,30.09,958,97,988,0,927,32.5,52,4.2
2021,12,31,11,30,43.25,0.16,2,91,956,787,0,12,28.740000000000002,957,91,956,0,787,32.4,54,3.8000000000000003
2021,12,31,12,30,55.57,0.16,2,83,888,585,0,11.3,28.93,957,83,888,0,585,31.5,58,3.3000000000000003
2021,12,31,13,30,68.73,0.16,2,67,763,344,0,12.3,35.82,958,67,763,0,344,28.900000000000002,63,2.2
2021,12,31,14,30,82.25,0.16,2,39,447,99,0,17.3,60.81,959,39,447,0,99,25.400000000000002,68,1.3
2021,12,31,15,30,96.12,0.16,1.9000000000000001,0,0,0,0,16.5,65.67,959,0,0,0,0,23.3,72,1.3
2021,12,31,16,30,109.9,0.16,2,0,0,0,0,16.2,67.78,960,0,0,0,0,22.5,77,1.3
2021,12,31,17,30,123.54,0.16,2,0,0,0,0,16,70.04,961,0,0,0,0,21.700000000000003,86,1.5
2021,12,31,18,30,136.75,0.16,2.2,0,0,0,0,15.9,72.63,961,0,0,0,0,21,96,1.8
2021,12,31,19,30,148.88,0.16,2.3000000000000003,0,0,0,0,16.400000000000002,77.65,961,0,0,0,0,20.400000000000002,100,2.2
2021,12,31,20,30,157.96,0.16,2.4000000000000004,0,0,0,0,17.400000000000002,86.18,961,0,0,0,0,19.8,97,2.3000000000000003
2021,12,31,21,30,159.41,0.16,2.5,0,0,0,0,18.400000000000002,94.73,960,0,0,0,0,19.3,88,2.3000000000000003
2021,12,31,22,30,152.01,0.16,2.4000000000000004,0,0,0,0,18.8,100,960,0,0,0,0,18.8,79,2.4000000000000004
2021,12,31,23,30,140.46,0.16,2.4000000000000004,0,0,0,0,18.5,100,960,0,0,0,0,18.5,70,2.5
