Source,Location ID,City,State,Country,Latitude,Longitude,Time Zone,Elevation,Local Time Zone,Clearsky DHI Units,Clearsky DNI Units,Clearsky GHI Units,Dew Point Units,DHI Units,DNI Units,GHI Units,Solar Zenith Angle Units,Temperature Units,Pressure Units,Relative Humidity Units,Precipitable Water Units,Wind Direction Units,Wind Speed Units,Cloud Type -15,Cloud Type 0,Cloud Type 1,Cloud Type 2,Cloud Type 3,Cloud Type 4,Cloud Type 5,Cloud Type 6,Cloud Type 7,Cloud Type 8,Cloud Type 9,Cloud Type 10,Cloud Type 11,Cloud Type 12,Fill Flag 0,Fill Flag 1,Fill Flag 2,Fill Flag 3,Fill Flag 4,Fill Flag 5,Surface Albedo Units,Version
NSRDB,2266024,-,-,-,3.09,43.62,0,452,3,w/m2,w/m2,w/m2,c,w/m2,w/m2,w/m2,Degree,c,mbar,%,cm,Degrees,m/s,N/A,Clear,Probably Clear,Fog,Water,Super-Cooled Water,Mixed,Opaque Ice,Cirrus,Overlapping,Overshooting,Unknown,Dust,Smoke,N/A,Missing Image,Low Irradiance,Exceeds Clearsky,Missing CLoud Properties,Rayleigh Violation,N/A,4.0.0
Year,Month,Day,Hour,Minute,Solar Zenith Angle,Surface Albedo,Precipitable Water,Clearsky DHI,Clearsky DNI,Clearsky GHI,Cloud Type,Dew Point,Relative Humidity,Pressure,DHI,DNI,Fill Flag,GHI,Temperature,Wind Direction,Wind Speed
2018,1,1,0,30,127.47,0.15,1.3,0,0,0,0,10.200000000000001,60.88,959,0,0,0,0,17.900000000000002,68,3
2018,1,1,1,30,113.92,0.15,1.3,0,0,0,0,11.8,69.22,959,0,0,0,0,17.5,66,3.5
2018,1,1,2,30,100.16,0.15,1.4000000000000001,0,0,0,0,13.5,78.43,960,0,0,0,0,17.3,62,4
2018,1,1,3,30,86.18,0.15,1.4000000000000001,29,75,34,0,15,78.66,961,29,75,0,34,18.8,58,4.800000000000001
2018,1,1,4,30,72.66,0.15,1.4000000000000001,98,524,254,0,15.8,67.67,961,98,524,0,254,22.1,57,5.9
2018,1,1,5,30,59.34,0.15,1.4000000000000001,123,745,503,0,14.9,51.44,961,123,745,0,503,25.700000000000003,57,6.4
2018,1,1,6,30,46.69,0.15,1.4000000000000001,129,873,727,0,13,38.12,960,129,873,0,727,28.700000000000003,54,6.2
2018,1,1,7,30,35.53,0.15,1.5,132,930,889,0,11,28.88,959,132,930,0,889,31.200000000000003,50,5.7
2018,1,1,8,30,27.76,0.15,1.5,133,958,981,0,9.5,23.39,958,133,958,0,981,33.1,46,5.300000000000001
2018,1,1,9,30,26.57,0.15,1.5,127,972,997,0,8.200000000000001,20.05,957,127,972,0,997,34.4,41,4.800000000000001
2018,1,1,10,30,32.69,0.15,1.5,124,957,929,0,7.2,18.080000000000002,956,124,957,0,929,35,38,4.5
2018,1,1,11,30,43.11,0.15,1.5,117,919,788,0,6.4,17.06,955,117,919,0,788,35,37,4.3
2018,1,1,12,30,55.43,0.15,1.5,107,839,583,0,5.7,17.06,955,107,839,0,583,34.2,38,4.1000000000000005
2018,1,1,13,30,68.60000000000001,0.15,1.5,86,697,340,0,5.300000000000001,18.77,955,86,697,0,340,32,41,3.2
2018,1,1,14,30,82.13,0.15,1.5,47,356,96,0,6.7,25.44,956,47,356,0,96,28.3,47,2.2
2018,1,1,15,30,96,0.15,1.5,0,0,0,0,7.4,31.34,956,0,0,0,0,25.6,51,2.3000000000000003
2018,1,1,16,30,109.79,0.15,1.4000000000000001,0,0,0,0,6.800000000000001,31.96,957,0,0,0,0,24.6,53,2.7
2018,1,1,17,30,123.44,0.15,1.4000000000000001,0,0,0,0,6.5,33.37,957,0,0,0,0,23.6,55,2.8000000000000003
2018,1,1,18,30,136.67000000000002,0.15,1.3,0,0,0,0,6.6000000000000005,35.78,958,0,0,0,0,22.5,60,2.6
2018,1,1,19,30,148.83,0.15,1.3,0,0,0,0,6.800000000000001,38.660000000000004,958,0,0,0,0,21.5,68,2.4000000000000004
2018,1,1,20,30,157.99,0.15,1.3,0,0,0,0,7.4,42.480000000000004,957,0,0,0,0,20.6,77,2.4000000000000004
2018,1,1,21,30,159.52,0.15,1.3,0,0,0,0,8.6,48.76,957,0,0,0,0,19.700000000000003,85,2.6
2018,1,1,22,30,152.15,0.15,1.3,0,0,0,0,10.700000000000001,58.79,957,0,0,0,0,18.900000000000002,88,2.9000000000000004
2018,1,1,23,30,140.6,0.15,1.4000000000000001,0,0,0,0,13.200000000000001,73.05,957,0,0,0,0,18.1,85,3.1
2018,1,2,0,30,127.60000000000001,0.15,1.4000000000000001,0,0,0,0,15.3,86.83,957,0,0,0,0,17.5,79,3.3000000000000003
2018,1,2,1,30,114.04,0.15,1.4000000000000001,0,0,0,0,16.6,96.29,958,0,0,0,0,17.2,75,3.4000000000000004
2018,1,2,2,30,100.27,0.15,1.4000000000000001,0,0,0,0,17.2,99.17,958,0,0,0,0,17.3,70,3.6
2018,1,2,3,30,86.28,0.15,1.4000000000000001,28,119,36,0,17.3,91.02,959,28,119,0,36,18.8,64,4.3
2018,1,2,4,30,72.75,0.15,1.3,81,610,262,0,16.8,73.77,960,81,610,0,262,21.700000000000003,60,5.1000000000000005
2018,1,2,5,30,59.42,0.15,1.3,103,812,516,0,15.200000000000001,54.43,959,103,812,0,516,25,57,5.4
2018,1,2,6,30,46.75,0.15,1.4000000000000001,116,902,734,0,13,39.6,959,116,902,0,734,28,56,5.300000000000001
2018,1,2,7,30,35.550000000000004,0.15,1.4000000000000001,122,952,897,0,10.9,29.95,958,122,952,0,897,30.5,54,5
2018,1,2,8,30,27.71,0.15,1.5,126,972,986,0,9.600000000000001,24.43,957,126,972,0,986,32.5,50,4.5
2018,1,2,9,30,26.46,0.15,1.6,127,969,995,0,8.6,20.81,956,127,969,0,995,34.2,46,3.9000000000000004
2018,1,2,10,30,32.56,0.15,1.7000000000000002,121,956,927,0,7.9,19,955,121,956,0,927,35,41,3.5
2018,1,2,11,30,42.97,0.15,1.8,113,918,785,0,7.5,18.38,954,113,918,0,785,35.1,39,3.2
2018,1,2,12,30,55.300000000000004,0.15,1.9000000000000001,101,844,582,7,7.4,18.88,955,225,481,0,499,34.4,40,3
2018,1,2,13,30,68.48,0.15,2,82,702,340,0,7.300000000000001,21.22,955,82,702,0,340,32.300000000000004,44,2.2
2018,1,2,14,30,82.02,0.15,2,46,371,97,0,9.9,31.02,956,46,371,0,97,28.700000000000003,50,1.5
2018,1,2,15,30,95.9,0.15,2,0,0,0,0,10.3,37.15,956,0,0,0,0,26.1,55,1.5
2018,1,2,16,30,109.7,0.15,2.1,0,0,0,0,9.8,38.09,957,0,0,0,0,25.1,56,1.8
2018,1,2,17,30,123.36,0.15,2.1,0,0,0,0,9.5,39.69,958,0,0,0,0,24.1,55,2.1
2018,1,2,18,30,136.6,0.15,2,0,0,0,0,9.5,41.99,958,0,0,0,0,23.1,55,2.1
2018,1,2,19,30,148.8,0.15,2,0,0,0,0,9.600000000000001,44.78,958,0,0,0,0,22.200000000000003,59,2.1
2018,1,2,20,30,158.02,0.15,1.9000000000000001,0,0,0,0,10,48.46,957,0,0,0,0,21.3,67,2.2
2018,1,2,21,30,159.64000000000001,0.15,1.9000000000000001,0,0,0,0,10.700000000000001,53.06,957,0,0,0,0,20.6,77,2.5
2018,1,2,22,30,152.29,0.15,1.8,0,0,0,0,12,60.84,957,0,0,0,0,19.8,84,2.9000000000000004
2018,1,2,23,30,140.73,0.15,1.8,0,0,0,0,13.700000000000001,71.41,957,0,0,0,0,19,86,3
2018,1,3,0,30,127.72,0.15,1.8,0,0,0,0,15.3,82.95,957,0,0,0,0,18.2,84,3.1
2018,1,3,1,30,114.15,0.15,1.8,0,0,0,0,16.400000000000002,92.12,958,0,0,0,0,17.7,78,3.2
2018,1,3,2,30,100.38,0.15,1.9000000000000001,0,0,0,0,17,95.81,959,0,0,0,0,17.7,72,3.4000000000000004
2018,1,3,3,30,86.38,0.15,1.9000000000000001,27,122,34,0,17.3,88.15,960,27,122,0,34,19.3,65,4.2
2018,1,3,4,30,72.83,0.15,2,79,593,255,0,17.1,71.60000000000001,960,79,593,0,255,22.5,58,5.2
2018,1,3,5,30,59.49,0.15,2,102,788,502,0,16.1,53.64,960,102,788,0,502,26.3,52,5.7
2018,1,3,6,30,46.800000000000004,0.15,2.1,116,875,716,0,14.3,39.230000000000004,960,116,875,0,716,29.6,48,5.9
2018,1,3,7,30,35.56,0.15,2.2,127,918,874,0,12.8,30.93,959,127,918,0,874,32.1,44,5.6000000000000005
2018,1,3,8,30,27.67,0.15,2.2,133,938,964,0,11.9,26.490000000000002,958,133,938,0,964,33.800000000000004,39,5.300000000000001
2018,1,3,9,30,26.35,0.15,2.3000000000000003,127,951,979,0,11.100000000000001,23.53,957,127,951,0,979,35,35,5
2018,1,3,10,30,32.42,0.15,2.4000000000000004,123,934,912,0,10.5,21.77,956,123,934,0,912,35.6,32,4.800000000000001
2018,1,3,11,30,42.83,0.15,2.4000000000000004,114,900,774,0,9.9,21.13,955,114,900,0,774,35.5,31,4.6000000000000005
2018,1,3,12,30,55.17,0.15,2.4000000000000004,107,816,573,0,9.5,21.51,955,107,816,0,573,34.7,33,4.5
2018,1,3,13,30,68.35000000000001,0.15,2.5,83,686,336,0,9.3,23.44,955,83,686,0,336,32.9,36,3.8000000000000003
2018,1,3,14,30,81.9,0.15,2.5,45,374,98,0,9.700000000000001,28.87,956,45,374,0,98,29.700000000000003,40,2.8000000000000003
2018,1,3,15,30,95.79,0.15,2.4000000000000004,0,0,0,0,10.3,34.43,957,0,0,0,0,27.400000000000002,44,2.8000000000000003
2018,1,3,16,30,109.60000000000001,0.15,2.3000000000000003,0,0,0,0,10,35.74,958,0,0,0,0,26.400000000000002,45,3.2
2018,1,3,17,30,123.27,0.15,2.3000000000000003,0,0,0,0,9.9,37.58,958,0,0,0,0,25.400000000000002,46,3.1
2018,1,3,18,30,136.54,0.15,2.2,0,0,0,0,9.9,40.22,958,0,0,0,0,24.3,48,2.9000000000000004
2018,1,3,19,30,148.77,0.15,2.1,0,0,0,0,10.100000000000001,42.85,958,0,0,0,0,23.400000000000002,52,2.9000000000000004
2018,1,3,20,30,158.06,0.15,2.1,0,0,0,0,10.3,45.96,958,0,0,0,0,22.5,57,2.9000000000000004
2018,1,3,21,30,159.76,0.15,2.1,0,0,0,0,10.700000000000001,49.730000000000004,958,0,0,0,0,21.6,63,3
2018,1,3,22,30,152.43,0.15,2.1,0,0,0,0,11.100000000000001,53.870000000000005,957,0,0,0,0,20.8,70,3.2
2018,1,3,23,30,140.87,0.15,2.2,0,0,0,0,11.9,59.22,957,0,0,0,0,20.1,74,3.6
2018,1,4,0,30,127.85000000000001,0.15,2.3000000000000003,0,0,0,0,13.200000000000001,67.03,958,0,0,0,0,19.5,74,3.8000000000000003
2018,1,4,1,30,114.27,0.15,2.3000000000000003,0,0,0,0,14.8,76.95,959,0,0,0,0,18.900000000000002,70,3.7
2018,1,4,2,30,100.48,0.15,2.3000000000000003,0,0,0,0,16,85.11,960,0,0,0,0,18.6,63,3.9000000000000004
2018,1,4,3,30,86.47,0.15,2.3000000000000003,25,133,34,0,16.8,82.31,960,25,133,0,34,19.900000000000002,59,5.2
2018,1,4,4,30,72.92,0.15,2.3000000000000003,75,604,253,0,16.400000000000002,67.1,961,75,604,0,253,22.8,59,6.6000000000000005
2018,1,4,5,30,59.56,0.15,2.3000000000000003,96,797,500,0,14.9,50.22,961,96,797,0,500,26.1,59,7
2018,1,4,6,30,46.84,0.15,2.3000000000000003,112,881,715,0,13.9,39.58,960,112,881,0,715,29,58,6.800000000000001
2018,1,4,7,30,35.57,0.15,2.3000000000000003,116,937,878,0,13,32.45,960,116,937,0,878,31.5,54,6.5
2018,1,4,8,30,27.61,0.15,2.3000000000000003,117,963,971,0,12.100000000000001,27.51,959,117,963,0,971,33.4,50,6.1000000000000005
2018,1,4,9,30,26.23,0.15,2.3000000000000003,113,974,987,0,11.200000000000001,24.03,957,113,974,0,987,34.7,44,5.7
2018,1,4,10,30,32.27,0.15,2.3000000000000003,111,959,922,0,10.200000000000001,21.64,956,111,959,0,922,35.4,40,5.300000000000001
2018,1,4,11,30,42.69,0.15,2.3000000000000003,107,919,782,0,9.3,20.36,955,107,919,0,782,35.4,37,5.1000000000000005
2018,1,4,12,30,55.03,0.15,2.3000000000000003,99,842,582,0,8.6,20.17,955,99,842,0,582,34.7,36,4.9
2018,1,4,13,30,68.23,0.15,2.3000000000000003,83,693,340,0,8.1,21.57,955,83,693,0,340,32.9,37,4.1000000000000005
2018,1,4,14,30,81.79,0.15,2.3000000000000003,48,357,99,0,8.200000000000001,26.32,956,48,357,0,99,29.6,40,2.9000000000000004
2018,1,4,15,30,95.68,0.15,2.3000000000000003,0,0,0,0,9,31.93,957,0,0,0,0,27.1,43,2.5
2018,1,4,16,30,109.5,0.15,2.4000000000000004,0,0,0,0,8.8,33.55,958,0,0,0,0,26.1,45,2.8000000000000003
2018,1,4,17,30,123.19,0.15,2.4000000000000004,0,0,0,0,8.9,35.71,959,0,0,0,0,25.1,48,2.7
2018,1,4,18,30,136.48,0.15,2.4000000000000004,0,0,0,0,9,38.26,959,0,0,0,0,24.1,54,2.6
2018,1,4,19,30,148.75,0.15,2.4000000000000004,0,0,0,0,9.1,40.75,959,0,0,0,0,23.200000000000003,62,2.6
2018,1,4,20,30,158.1,0.15,2.4000000000000004,0,0,0,0,9.200000000000001,43.34,958,0,0,0,0,22.3,71,2.8000000000000003
2018,1,4,21,30,159.89000000000001,0.15,2.4000000000000004,0,0,0,0,9.600000000000001,46.57,958,0,0,0,0,21.5,77,3
2018,1,4,22,30,152.58,0.15,2.4000000000000004,0,0,0,0,10.4,51.92,957,0,0,0,0,20.6,78,3.1
2018,1,4,23,30,141.01,0.15,2.4000000000000004,0,0,0,0,11.700000000000001,59.38,957,0,0,0,0,19.8,75,3.3000000000000003
2018,1,5,0,30,127.98,0.15,2.5,0,0,0,0,13.200000000000001,68.16,958,0,0,0,0,19.200000000000003,70,3.6
2018,1,5,1,30,114.39,0.15,2.5,0,0,0,0,14.600000000000001,77.68,958,0,0,0,0,18.6,63,3.8000000000000003
2018,1,5,2,30,100.59,0.15,2.5,0,0,0,0,15.8,84.78,959,0,0,0,0,18.400000000000002,58,4.2
2018,1,5,3,30,86.56,0.15,2.4000000000000004,25,118,32,0,16.5,82.41,960,25,118,0,32,19.6,56,5.5
2018,1,5,4,30,73,0.15,2.4000000000000004,79,581,249,0,16.5,69.37,960,79,581,0,249,22.400000000000002,57,6.800000000000001
2018,1,5,5,30,59.620000000000005,0.15,2.3000000000000003,102,777,495,0,15.4,53.67,961,102,777,0,495,25.5,55,7
2018,1,5,6,30,46.88,0.15,2.3000000000000003,117,870,712,0,14,41.1,960,117,870,0,712,28.5,52,6.800000000000001
2018,1,5,7,30,35.57,0.15,2.3000000000000003,127,917,873,0,12.5,32.06,959,127,917,0,873,31.1,48,6.4
2018,1,5,8,30,27.55,0.15,2.3000000000000003,135,935,964,0,11,26.02,958,135,935,0,964,33.1,44,6
2018,1,5,9,30,26.1,0.15,2.3000000000000003,131,946,981,0,9.9,22.35,957,131,946,0,981,34.4,39,5.7
2018,1,5,10,30,32.12,0.15,2.3000000000000003,131,926,915,0,8.9,20.25,955,131,926,0,915,35,36,5.5
2018,1,5,11,30,42.54,0.15,2.3000000000000003,126,883,776,0,8.200000000000001,19.28,955,126,883,0,776,35,35,5.2
2018,1,5,12,30,54.9,0.15,2.3000000000000003,115,804,577,0,7.6000000000000005,19.47,955,115,804,0,577,34.2,35,5
2018,1,5,13,30,68.1,0.15,2.4000000000000004,89,673,340,0,7.300000000000001,21.05,955,89,673,0,340,32.4,37,4.2
2018,1,5,14,30,81.67,0.15,2.4000000000000004,48,364,101,0,7.5,25.51,956,48,364,0,101,29.200000000000003,41,2.9000000000000004
2018,1,5,15,30,95.58,0.15,2.3000000000000003,0,0,0,0,8.1,30.810000000000002,957,0,0,0,0,26.700000000000003,44,2.4000000000000004
2018,1,5,16,30,109.41,0.15,2.3000000000000003,0,0,0,0,7.800000000000001,32.33,957,0,0,0,0,25.6,46,2.5
2018,1,5,17,30,123.11,0.15,2.3000000000000003,0,0,0,0,7.7,34.26,958,0,0,0,0,24.5,50,2.4000000000000004
2018,1,5,18,30,136.42000000000002,0.15,2.2,0,0,0,0,7.7,36.35,958,0,0,0,0,23.5,57,2.3000000000000003
2018,1,5,19,30,148.73,0.15,2.2,0,0,0,0,7.7,38.72,958,0,0,0,0,22.5,67,2.4000000000000004
2018,1,5,20,30,158.15,0.15,2.2,0,0,0,0,8,41.65,958,0,0,0,0,21.6,78,2.7
2018,1,5,21,30,160.02,0.15,2.2,0,0,0,0,8.8,46.49,958,0,0,0,0,20.700000000000003,84,2.9000000000000004
2018,1,5,22,30,152.73,0.15,2.2,0,0,0,0,10.4,54.300000000000004,958,0,0,0,0,19.900000000000002,83,3.2
2018,1,5,23,30,141.15,0.15,2.2,0,0,0,0,12.4,64.88,958,0,0,0,0,19.200000000000003,77,3.3000000000000003
2018,1,6,0,30,128.1,0.15,2.2,0,0,0,0,14.200000000000001,75.4,958,0,0,0,0,18.6,68,3.5
2018,1,6,1,30,114.5,0.15,2.2,0,0,0,0,15.4,84.46000000000001,959,0,0,0,0,18.1,62,3.7
2018,1,6,2,30,100.69,0.15,2.2,0,0,0,0,16.3,89.77,959,0,0,0,0,18,58,4
2018,1,6,3,30,86.65,0.15,2.2,25,109,31,1,16.8,85.51,960,25,109,0,31,19.3,59,5.300000000000001
2018,1,6,4,30,73.08,0.15,2.2,79,586,249,0,16.8,71.69,961,79,586,0,249,22.200000000000003,60,6.7
2018,1,6,5,30,59.68,0.15,2.2,101,786,498,0,15.8,54.85,961,101,786,0,498,25.5,59,7
2018,1,6,6,30,46.92,0.15,2.2,112,882,715,1,14.200000000000001,41.56,960,112,882,0,715,28.5,56,6.800000000000001
2018,1,6,7,30,35.56,0.15,2.2,118,936,879,0,12.5,32,959,118,936,0,879,31.1,50,6.4
2018,1,6,8,30,27.48,0.15,2.2,119,963,974,0,10.9,25.62,958,119,963,0,974,33.2,45,6
2018,1,6,9,30,25.96,0.15,2.3000000000000003,121,962,986,0,9.700000000000001,21.84,956,121,962,0,986,34.6,42,5.6000000000000005
2018,1,6,10,30,31.970000000000002,0.15,2.3000000000000003,115,953,923,0,8.9,19.87,955,115,953,0,923,35.300000000000004,41,5.300000000000001
2018,1,6,11,30,42.4,0.15,2.3000000000000003,106,921,787,0,8.4,19.36,955,106,921,0,787,35.2,42,5.2
2018,1,6,12,30,54.76,0.15,2.4000000000000004,95,853,587,0,8.1,19.88,955,95,853,0,587,34.4,44,5
2018,1,6,13,30,67.98,0.15,2.4000000000000004,78,720,348,0,8,21.650000000000002,955,78,720,0,348,32.7,46,4.4
2018,1,6,14,30,81.56,0.15,2.4000000000000004,46,399,104,0,8.1,26.1,956,46,399,0,104,29.6,49,3.1
2018,1,6,15,30,95.47,0.15,2.4000000000000004,0,0,0,0,8.700000000000001,31.04,957,0,0,0,0,27.3,50,2.7
2018,1,6,16,30,109.32000000000001,0.15,2.3000000000000003,0,0,0,0,8.6,32.57,958,0,0,0,0,26.400000000000002,50,2.9000000000000004
2018,1,6,17,30,123.04,0.15,2.3000000000000003,0,0,0,0,8.700000000000001,34.85,959,0,0,0,0,25.3,51,2.9000000000000004
2018,1,6,18,30,136.37,0.15,2.3000000000000003,0,0,0,0,8.700000000000001,37.35,959,0,0,0,0,24.200000000000003,57,2.9000000000000004
2018,1,6,19,30,148.71,0.15,2.3000000000000003,0,0,0,0,8.8,39.980000000000004,959,0,0,0,0,23.200000000000003,67,3
2018,1,6,20,30,158.21,0.15,2.3000000000000003,0,0,0,0,9.200000000000001,43.36,959,0,0,0,0,22.3,77,3.1
2018,1,6,21,30,160.16,0.15,2.3000000000000003,0,0,0,0,10.200000000000001,48.75,958,0,0,0,0,21.400000000000002,82,3.2
2018,1,6,22,30,152.89000000000001,0.15,2.3000000000000003,0,0,0,0,11.9,57.38,958,0,0,0,0,20.6,82,3.3000000000000003
2018,1,6,23,30,141.29,0.15,2.3000000000000003,0,0,0,0,13.9,68.51,958,0,0,0,0,19.900000000000002,77,3.6
2018,1,7,0,30,128.23,0.15,2.3000000000000003,0,0,0,0,15.9,79.55,959,0,0,0,0,19.5,71,4.2
2018,1,7,1,30,114.62,0.15,2.3000000000000003,0,0,0,0,17.1,87.8,959,0,0,0,0,19.200000000000003,65,4.6000000000000005
2018,1,7,2,30,100.8,0.15,2.2,0,0,0,0,17.6,90.87,960,0,0,0,0,19.1,61,5
2018,1,7,3,30,86.74,0.15,2.2,24,113,30,0,17.5,84.27,960,24,113,0,30,20.200000000000003,60,5.800000000000001
2018,1,7,4,30,73.15,0.15,2.2,76,597,249,0,16.7,68.58,961,76,597,0,249,22.8,61,6.7
2018,1,7,5,30,59.74,0.15,2.2,99,789,496,0,15.3,51.64,961,99,789,0,496,26,60,7
2018,1,7,6,30,46.95,0.15,2.3000000000000003,115,874,711,1,13.600000000000001,38.92,960,115,874,0,711,29,58,6.800000000000001
2018,1,7,7,30,35.550000000000004,0.15,2.3000000000000003,127,916,873,0,12,30.51,960,127,916,0,873,31.400000000000002,55,6.5
2018,1,7,8,30,27.400000000000002,0.15,2.4000000000000004,136,930,962,0,10.9,25.54,959,136,930,0,962,33.2,52,6.1000000000000005
2018,1,7,9,30,25.82,0.15,2.4000000000000004,132,942,980,0,10.100000000000001,22.5,958,132,942,0,980,34.6,50,5.800000000000001
2018,1,7,10,30,31.810000000000002,0.15,2.4000000000000004,131,923,915,0,9.5,20.93,957,131,923,0,915,35.2,49,5.6000000000000005
2018,1,7,11,30,42.24,0.15,2.4000000000000004,125,881,778,0,9.1,20.400000000000002,956,125,881,0,778,35.1,49,5.300000000000001
2018,1,7,12,30,54.620000000000005,0.15,2.4000000000000004,114,803,579,0,8.8,20.87,956,114,803,0,579,34.300000000000004,51,5
2018,1,7,13,30,67.85,0.15,2.4000000000000004,92,662,341,0,8.5,22.59,956,92,662,0,341,32.6,52,4.3
2018,1,7,14,30,81.45,0.15,2.4000000000000004,51,338,102,0,8.6,27.02,957,51,338,0,102,29.5,56,3
2018,1,7,15,30,95.37,0.15,2.4000000000000004,0,0,0,0,8.9,31.53,957,0,0,0,0,27.3,59,2.6
2018,1,7,16,30,109.23,0.15,2.3000000000000003,0,0,0,0,8.6,32.26,958,0,0,0,0,26.5,60,3
2018,1,7,17,30,122.97,0.15,2.2,0,0,0,0,8.3,33.88,959,0,0,0,0,25.400000000000002,62,3.1
2018,1,7,18,30,136.32,0.15,2.2,0,0,0,0,8.200000000000001,35.89,959,0,0,0,0,24.3,66,3
2018,1,7,19,30,148.70000000000002,0.15,2.2,0,0,0,0,8.3,38.53,959,0,0,0,0,23.200000000000003,74,3
2018,1,7,20,30,158.27,0.15,2.3000000000000003,0,0,0,0,9,42.800000000000004,959,0,0,0,0,22.200000000000003,81,3.1
2018,1,7,21,30,160.31,0.15,2.3000000000000003,0,0,0,0,10.700000000000001,51.09,959,0,0,0,0,21.200000000000003,84,3.2
2018,1,7,22,30,153.05,0.15,2.3000000000000003,0,0,0,0,13.100000000000001,62.86,959,0,0,0,0,20.400000000000002,82,3.2
2018,1,7,23,30,141.44,0.15,2.3000000000000003,0,0,0,0,15.3,75.72,959,0,0,0,0,19.700000000000003,75,3.1
2018,1,8,0,30,128.36,0.15,2.3000000000000003,0,0,0,0,16.8,86.83,959,0,0,0,0,19,68,3.2
2018,1,8,1,30,114.73,0.15,2.3000000000000003,0,0,0,0,17.5,93.38,960,0,0,0,0,18.6,61,3.5
2018,1,8,2,30,100.9,0.15,2.3000000000000003,0,0,0,0,17.7,95.9,960,0,0,0,0,18.400000000000002,56,4
2018,1,8,3,30,86.82000000000001,0.15,2.2,24,93,29,0,17.6,87.66,961,24,93,0,29,19.700000000000003,53,5.300000000000001
2018,1,8,4,30,73.23,0.15,2.2,77,583,246,0,16.6,69.14,962,77,583,0,246,22.5,53,6.5
2018,1,8,5,30,59.79,0.15,2.2,101,783,494,0,14.9,50.72,962,101,783,0,494,25.900000000000002,52,6.7
2018,1,8,6,30,46.97,0.15,2.2,116,873,712,0,13.5,38.95,961,116,873,0,712,28.900000000000002,51,6.6000000000000005
2018,1,8,7,30,35.54,0.15,2.2,123,926,877,0,12.100000000000001,30.44,960,123,926,0,877,31.5,48,6.300000000000001
2018,1,8,8,30,27.32,0.15,2.2,128,949,971,0,10.700000000000001,24.94,959,128,949,0,971,33.5,45,6
2018,1,8,9,30,25.68,0.15,2.2,128,953,987,0,9.9,21.990000000000002,958,128,953,0,987,34.7,43,5.800000000000001
2018,1,8,10,30,31.64,0.15,2.3000000000000003,129,930,921,0,9.3,20.48,957,129,930,0,921,35.300000000000004,42,5.5
2018,1,8,11,30,42.09,0.15,2.4000000000000004,126,881,780,0,9,20.240000000000002,956,126,881,0,780,35.1,43,5.2
2018,1,8,12,30,54.480000000000004,0.15,2.4000000000000004,117,797,580,0,8.8,21.17,956,117,797,0,580,34.1,44,4.9
2018,1,8,13,30,67.72,0.15,2.5,98,635,339,0,8.8,23.400000000000002,957,98,635,0,339,32.300000000000004,47,4
2018,1,8,14,30,81.33,0.15,2.5,56,294,100,1,9.1,27.900000000000002,957,56,294,0,100,29.6,53,2.8000000000000003
2018,1,8,15,30,95.27,0.15,2.5,0,0,0,7,9.700000000000001,32.83,958,0,0,0,0,27.5,59,2.5
2018,1,8,16,30,109.14,0.15,2.5,0,0,0,0,9.700000000000001,35.06,959,0,0,0,0,26.400000000000002,63,2.7
2018,1,8,17,30,122.9,0.15,2.5,0,0,0,0,9.8,37.21,960,0,0,0,0,25.5,67,2.8000000000000003
2018,1,8,18,30,136.28,0.15,2.5,0,0,0,0,10,39.52,960,0,0,0,0,24.700000000000003,73,2.9000000000000004
2018,1,8,19,30,148.70000000000002,0.15,2.6,0,0,0,0,10.5,42.730000000000004,960,0,0,0,0,23.900000000000002,83,3.2
2018,1,8,20,30,158.34,0.15,2.7,0,0,0,7,11.700000000000001,48.54,960,0,0,0,0,23.1,90,3.5
2018,1,8,21,30,160.47,0.15,2.8000000000000003,0,0,0,7,13.8,59.27,960,0,0,0,0,22.1,89,3.6
2018,1,8,22,30,153.21,0.15,2.9000000000000004,0,0,0,1,15.9,71.56,960,0,0,0,0,21.200000000000003,84,3.5
2018,1,8,23,30,141.58,0.15,2.9000000000000004,0,0,0,0,17.3,82.27,960,0,0,0,0,20.400000000000002,77,3.5
2018,1,9,0,30,128.49,0.15,2.9000000000000004,0,0,0,1,18,89.33,960,0,0,0,0,19.8,72,3.8000000000000003
2018,1,9,1,30,114.85000000000001,0.15,2.8000000000000003,0,0,0,0,18.2,93.07000000000001,961,0,0,0,0,19.400000000000002,67,4.3
2018,1,9,2,30,101,0.15,2.8000000000000003,0,0,0,1,18.2,92.71000000000001,961,0,0,0,0,19.400000000000002,64,4.9
2018,1,9,3,30,86.9,0.15,2.8000000000000003,21,27,23,3,17.900000000000002,85.42,962,17,0,7,17,20.400000000000002,61,6
2018,1,9,4,30,73.3,0.15,2.8000000000000003,107,408,225,0,17,70.23,962,107,408,0,225,22.700000000000003,58,6.9
2018,1,9,5,30,59.84,0.15,2.8000000000000003,148,627,463,0,15.9,54.59,962,148,627,0,463,25.700000000000003,56,7.1000000000000005
2018,1,9,6,30,47,0.15,2.8000000000000003,174,736,675,0,14.8,43.01,962,174,736,0,675,28.6,53,6.9
2018,1,9,7,30,35.51,0.15,2.8000000000000003,193,790,836,0,13.700000000000001,34.63,961,193,790,0,836,31.1,51,6.6000000000000005
2018,1,9,8,30,27.23,0.15,2.8000000000000003,206,810,927,0,12.700000000000001,29.14,960,206,810,0,927,33,48,6.300000000000001
2018,1,9,9,30,25.52,0.15,2.8000000000000003,182,856,954,0,11.9,25.72,958,182,856,0,954,34.300000000000004,46,6
2018,1,9,10,30,31.470000000000002,0.15,2.8000000000000003,176,838,891,0,11.200000000000001,23.95,957,176,838,0,891,34.800000000000004,44,5.6000000000000005
2018,1,9,11,30,41.93,0.15,2.8000000000000003,165,794,756,0,10.700000000000001,23.05,957,165,794,0,756,34.800000000000004,43,5.300000000000001
2018,1,9,12,30,54.34,0.15,2.7,142,725,565,0,10.200000000000001,23.34,957,142,725,0,565,34,43,5
2018,1,9,13,30,67.6,0.15,2.7,114,568,330,1,9.8,24.7,957,114,568,0,330,32.5,43,4.3
2018,1,9,14,30,81.22,0.15,2.6,60,239,97,7,9.5,28.23,958,88,50,7,95,29.900000000000002,46,3.2
2018,1,9,15,30,95.17,0.15,2.6,0,0,0,0,9.600000000000001,31.44,959,0,0,0,0,28.1,49,3.1
2018,1,9,16,30,109.06,0.15,2.5,0,0,0,0,9,31.88,960,0,0,0,0,27.200000000000003,52,3.6
2018,1,9,17,30,122.83,0.15,2.4000000000000004,0,0,0,1,8.5,32.910000000000004,961,0,0,0,0,26.1,55,3.7
2018,1,9,18,30,136.24,0.15,2.4000000000000004,0,0,0,8,8.1,33.9,961,0,0,0,0,25.1,60,3.9000000000000004
2018,1,9,19,30,148.70000000000002,0.15,2.3000000000000003,0,0,0,0,7.800000000000001,35.5,961,0,0,0,0,24,66,3.8000000000000003
2018,1,9,20,30,158.42000000000002,0.15,2.4000000000000004,0,0,0,0,8,38.33,961,0,0,0,0,22.900000000000002,70,3.7
2018,1,9,21,30,160.63,0.15,2.4000000000000004,0,0,0,1,9.1,44.24,961,0,0,0,0,21.8,71,3.8000000000000003
2018,1,9,22,30,153.38,0.15,2.4000000000000004,0,0,0,3,11.100000000000001,53.77,960,0,0,0,0,20.8,67,4
2018,1,9,23,30,141.73,0.15,2.4000000000000004,0,0,0,0,12.8,63.43,960,0,0,0,0,19.900000000000002,63,4.2
2018,1,10,0,30,128.62,0.15,2.4000000000000004,0,0,0,0,13.600000000000001,69.89,961,0,0,0,0,19.200000000000003,59,4.5
2018,1,10,1,30,114.96000000000001,0.15,2.4000000000000004,0,0,0,0,13.8,74.25,961,0,0,0,0,18.5,56,4.6000000000000005
2018,1,10,2,30,101.09,0.15,2.4000000000000004,0,0,0,0,13.9,76.03,962,0,0,0,0,18.2,53,4.800000000000001
2018,1,10,3,30,86.98,0.15,2.4000000000000004,21,32,23,0,13.9,70.9,962,21,32,0,23,19.3,51,6.1000000000000005
2018,1,10,4,30,73.36,0.15,2.4000000000000004,100,444,227,0,13.200000000000001,57.15,963,100,444,0,227,22.1,49,7.6000000000000005
2018,1,10,5,30,59.89,0.15,2.4000000000000004,137,663,470,0,12,43.22,963,137,663,0,470,25.400000000000002,47,7.800000000000001
2018,1,10,6,30,47.01,0.15,2.5,160,770,684,0,10.8,33.27,962,160,770,0,684,28.5,45,7.5
2018,1,10,7,30,35.49,0.15,2.5,176,824,846,0,9.8,26.62,961,176,824,0,846,31.200000000000003,43,7
2018,1,10,8,30,27.14,0.15,2.6,187,843,937,0,9.1,22.67,960,187,843,0,937,33.2,41,6.6000000000000005
2018,1,10,9,30,25.36,0.15,2.6,185,853,956,0,8.700000000000001,20.67,959,185,853,0,956,34.4,40,6.2
2018,1,10,10,30,31.3,0.15,2.7,184,830,893,0,8.5,19.98,958,184,830,0,893,34.800000000000004,39,5.800000000000001
2018,1,10,11,30,41.77,0.15,2.7,173,785,759,0,8.4,20.21,957,173,785,0,759,34.5,40,5.4
2018,1,10,12,30,54.2,0.15,2.8000000000000003,154,699,562,0,8.4,21.12,957,154,699,0,562,33.7,41,5.1000000000000005
2018,1,10,13,30,67.47,0.15,2.8000000000000003,120,548,330,0,8.5,23.01,957,120,548,0,330,32.2,43,4.4
2018,1,10,14,30,81.11,0.15,2.8000000000000003,62,236,98,0,8.6,26.86,958,62,236,0,98,29.700000000000003,46,3
2018,1,10,15,30,95.07000000000001,0.15,2.8000000000000003,0,0,0,0,9.1,31.02,959,0,0,0,0,27.700000000000003,51,2.4000000000000004
2018,1,10,16,30,108.98,0.15,2.7,0,0,0,0,8.9,32.230000000000004,959,0,0,0,0,26.900000000000002,55,2.6
2018,1,10,17,30,122.77,0.15,2.7,0,0,0,0,8.8,33.45,960,0,0,0,0,26.1,62,2.9000000000000004
2018,1,10,18,30,136.2,0.15,2.7,0,0,0,0,8.700000000000001,34.730000000000004,960,0,0,0,0,25.400000000000002,73,3.3000000000000003
2018,1,10,19,30,148.70000000000002,0.15,2.8000000000000003,0,0,0,0,9.3,38.32,961,0,0,0,0,24.400000000000002,84,3.8000000000000003
2018,1,10,20,30,158.5,0.15,2.9000000000000004,0,0,0,0,11.200000000000001,46.82,961,0,0,0,0,23.200000000000003,87,4.2
2018,1,10,21,30,160.79,0.15,2.9000000000000004,0,0,0,4,13.700000000000001,59.18,961,0,0,0,0,22,82,4.4
2018,1,10,22,30,153.55,0.15,2.9000000000000004,0,0,0,4,15.4,70.04,960,0,0,0,0,21.1,76,4.4
2018,1,10,23,30,141.88,0.15,2.9000000000000004,0,0,0,7,16,76.01,960,0,0,0,0,20.400000000000002,70,4.5
2018,1,11,0,30,128.74,0.15,2.8000000000000003,0,0,0,3,16,78.05,961,0,0,0,0,19.900000000000002,65,4.6000000000000005
2018,1,11,1,30,115.07000000000001,0.15,2.8000000000000003,0,0,0,1,15.600000000000001,78.42,961,0,0,0,0,19.5,60,4.800000000000001
2018,1,11,2,30,101.19,0.15,2.8000000000000003,0,0,0,0,15.4,78,962,0,0,0,0,19.3,55,5.1000000000000005
2018,1,11,3,30,87.06,0.15,2.8000000000000003,17,9,18,0,15.200000000000001,73.43,962,17,9,0,18,20.1,50,6.300000000000001
2018,1,11,4,30,73.43,0.15,2.8000000000000003,120,332,215,0,14.8,62.4,962,120,332,0,215,22.3,48,7.6000000000000005
2018,1,11,5,30,59.93,0.15,2.8000000000000003,173,556,452,0,13.8,49.61,962,173,556,0,452,25.1,48,8
2018,1,11,6,30,47.03,0.15,2.8000000000000003,194,692,666,0,12.700000000000001,38.57,962,194,692,0,666,28.1,49,8
2018,1,11,7,30,35.46,0.15,2.8000000000000003,202,774,832,0,11.600000000000001,30.900000000000002,961,202,774,0,832,30.700000000000003,48,7.7
2018,1,11,8,30,27.04,0.15,2.8000000000000003,196,827,933,0,10.700000000000001,25.94,960,196,827,0,933,32.7,47,7.4
2018,1,11,9,30,25.19,0.15,2.8000000000000003,187,849,955,1,9.9,22.75,958,187,849,0,955,34.1,46,7
2018,1,11,10,30,31.12,0.15,2.8000000000000003,180,835,895,0,9.200000000000001,21.09,957,180,835,0,895,34.7,45,6.6000000000000005
2018,1,11,11,30,41.61,0.15,2.7,171,788,760,0,8.700000000000001,20.36,957,171,788,0,760,34.7,46,6.2
2018,1,11,12,30,54.06,0.15,2.7,155,696,564,0,8.3,20.62,957,155,696,0,564,33.9,48,5.9
2018,1,11,13,30,67.35,0.15,2.7,126,529,330,0,7.800000000000001,21.8,957,126,529,0,330,32.4,51,5
2018,1,11,14,30,81,0.15,2.6,66,200,98,3,7.5,24.78,958,20,0,0,20,29.8,55,3.6
2018,1,11,15,30,94.98,0.15,2.6,0,0,0,0,7.5,27.87,959,0,0,0,0,27.700000000000003,59,2.9000000000000004
2018,1,11,16,30,108.9,0.15,2.5,0,0,0,0,7,28.740000000000002,960,0,0,0,0,26.6,62,3
2018,1,11,17,30,122.7,0.15,2.4000000000000004,0,0,0,0,6.5,29.72,960,0,0,0,0,25.5,65,2.9000000000000004
2018,1,11,18,30,136.16,0.15,2.3000000000000003,0,0,0,0,6.2,31.07,961,0,0,0,0,24.400000000000002,71,3
2018,1,11,19,30,148.71,0.15,2.3000000000000003,0,0,0,0,6.1000000000000005,32.88,961,0,0,0,0,23.3,77,3.3000000000000003
2018,1,11,20,30,158.59,0.15,2.2,0,0,0,0,6.7,36.75,961,0,0,0,0,22.200000000000003,79,3.6
2018,1,11,21,30,160.97,0.15,2.2,0,0,0,0,8.5,44.67,961,0,0,0,0,21,75,3.8000000000000003
2018,1,11,22,30,153.73,0.15,2.2,0,0,0,0,10.700000000000001,55.42,960,0,0,0,0,19.900000000000002,70,4.1000000000000005
2018,1,11,23,30,142.03,0.15,2.3000000000000003,0,0,0,0,12.4,65.16,961,0,0,0,0,19.1,65,4.6000000000000005
2018,1,12,0,30,128.87,0.15,2.4000000000000004,0,0,0,0,13.4,72.79,961,0,0,0,0,18.400000000000002,60,4.9
2018,1,12,1,30,115.18,0.15,2.4000000000000004,0,0,0,0,14,77.44,962,0,0,0,0,18,56,5
2018,1,12,2,30,101.29,0.15,2.5,0,0,0,0,14.3,79.27,962,0,0,0,0,17.900000000000002,53,5.2
2018,1,12,3,30,87.13,0.15,2.5,17,8,17,0,14.3,74.60000000000001,963,17,8,0,17,18.900000000000002,50,6.5
2018,1,12,4,30,73.49,0.15,2.5,116,351,216,0,13.4,60.51,963,116,351,0,216,21.400000000000002,49,7.800000000000001
2018,1,12,5,30,59.97,0.15,2.5,164,584,456,0,11,42.75,963,164,584,0,456,24.5,47,8.1
2018,1,12,6,30,47.04,0.15,2.4000000000000004,189,712,674,0,8.6,30.19,962,189,712,0,674,27.6,43,7.800000000000001
2018,1,12,7,30,35.42,0.15,2.3000000000000003,202,786,842,0,6.800000000000001,22.990000000000002,961,202,786,0,842,30.200000000000003,40,7.4
2018,1,12,8,30,26.93,0.15,2.2,203,827,941,0,5.300000000000001,18.53,960,203,827,0,941,32.2,37,7
2018,1,12,9,30,25.02,0.15,2.1,175,882,975,0,3.7,15.42,959,175,882,0,975,33.5,37,6.7
2018,1,12,10,30,30.94,0.15,1.9000000000000001,166,879,920,0,1.8,13,958,166,879,0,920,34.1,38,6.5
2018,1,12,11,30,41.45,0.15,1.8,147,859,791,0,-0.30000000000000004,11.23,957,147,859,0,791,34,39,6.2
2018,1,12,12,30,53.910000000000004,0.15,1.7000000000000002,127,798,597,0,-2.3000000000000003,10.19,957,127,798,0,597,33.1,41,6
2018,1,12,13,30,67.22,0.15,1.7000000000000002,95,685,360,0,-4.1000000000000005,9.9,957,95,685,0,360,31.3,44,5.1000000000000005
2018,1,12,14,30,80.89,0.15,1.6,53,391,115,0,-5.2,11.17,958,53,391,0,115,27.8,49,3.5
2018,1,12,15,30,94.88,0.15,1.5,0,0,0,0,-4.800000000000001,13.59,959,0,0,0,0,25,55,2.6
2018,1,12,16,30,108.82000000000001,0.15,1.5,0,0,0,0,-5.300000000000001,14.13,960,0,0,0,0,23.700000000000003,58,2.6
2018,1,12,17,30,122.65,0.15,1.4000000000000001,0,0,0,0,-5.4,14.99,961,0,0,0,0,22.6,62,2.7
2018,1,12,18,30,136.13,0.15,1.4000000000000001,0,0,0,0,-5,16.29,961,0,0,0,0,21.700000000000003,66,2.9000000000000004
2018,1,12,19,30,148.72,0.15,1.5,0,0,0,0,-3.9000000000000004,18.31,961,0,0,0,0,21.1,70,3.2
2018,1,12,20,30,158.68,0.15,1.5,0,0,0,0,-1.8,22.53,961,0,0,0,0,20.3,73,3.3000000000000003
2018,1,12,21,30,161.15,0.15,1.6,0,0,0,0,1.3,29.38,961,0,0,0,0,19.6,73,3.3000000000000003
2018,1,12,22,30,153.9,0.15,1.6,0,0,0,0,4.6000000000000005,38.52,961,0,0,0,0,19,70,3.4000000000000004
2018,1,12,23,30,142.18,0.15,1.6,0,0,0,0,7.6000000000000005,48.95,961,0,0,0,0,18.5,65,3.7
2018,1,13,0,30,129,0.15,1.6,0,0,0,0,10,59.84,961,0,0,1,0,17.900000000000002,61,3.9000000000000004
2018,1,13,1,30,115.29,0.15,1.6,0,0,0,0,11.700000000000001,69.18,962,0,0,0,0,17.400000000000002,57,4
2018,1,13,2,30,101.38,0.15,1.6,0,0,0,0,12.8,75.38,963,0,0,0,0,17.2,55,4.3
2018,1,13,3,30,87.2,0.15,1.6,21,45,24,0,13.5,73.2,963,21,45,0,24,18.400000000000002,55,5.800000000000001
2018,1,13,4,30,73.54,0.15,1.6,92,513,237,0,13.9,63.5,964,92,513,0,237,21.1,56,7.7
2018,1,13,5,30,60.01,0.15,1.5,123,735,490,0,13,49.81,964,123,735,0,490,24.1,55,8.1
2018,1,13,6,30,47.04,0.15,1.5,132,858,717,0,11.5,38.17,963,132,858,0,717,27,52,7.7
2018,1,13,7,30,35.38,0.15,1.5,139,918,888,0,10.100000000000001,29.98,962,139,918,0,888,29.5,50,7.1000000000000005
2018,1,13,8,30,26.810000000000002,0.15,1.5,140,951,989,0,8.700000000000001,24.29,960,140,951,0,989,31.5,47,6.4
2018,1,13,9,30,24.84,0.15,1.5,135,964,1010,0,7.300000000000001,20.490000000000002,959,135,964,0,1010,32.9,45,5.800000000000001
2018,1,13,10,30,30.75,0.15,1.5,130,954,950,0,6.1000000000000005,18.16,957,130,954,0,950,33.6,44,5.2
2018,1,13,11,30,41.29,0.15,1.6,123,914,810,0,5.2,16.91,957,123,914,0,810,33.7,45,4.800000000000001
2018,1,13,12,30,53.77,0.15,1.6,113,838,608,0,4.6000000000000005,16.81,957,113,838,0,608,33,47,4.4
2018,1,13,13,30,67.1,0.15,1.6,95,692,364,0,4.2,18.26,957,95,692,0,364,31.1,51,3.4000000000000004
2018,1,13,14,30,80.79,0.15,1.6,57,361,114,0,4.6000000000000005,22.84,958,57,361,0,114,27.700000000000003,57,2.2
2018,1,13,15,30,94.79,0.15,1.7000000000000002,0,0,0,0,5.4,28.12,959,0,0,0,0,25.1,60,2
2018,1,13,16,30,108.75,0.15,1.7000000000000002,0,0,0,0,5.300000000000001,29.37,959,0,0,0,0,24.3,59,2.5
2018,1,13,17,30,122.59,0.15,1.7000000000000002,0,0,0,0,5.4,31.01,960,0,0,0,0,23.5,58,2.8000000000000003
2018,1,13,18,30,136.1,0.15,1.7000000000000002,0,0,0,0,5.5,33.03,960,0,0,0,0,22.6,58,2.9000000000000004
2018,1,13,19,30,148.74,0.15,1.7000000000000002,0,0,0,0,5.6000000000000005,35.18,960,0,0,0,0,21.700000000000003,59,2.9000000000000004
2018,1,13,20,30,158.78,0.15,1.7000000000000002,0,0,0,0,5.800000000000001,37.63,960,0,0,0,0,20.8,61,2.9000000000000004
2018,1,13,21,30,161.33,0.15,1.7000000000000002,0,0,0,0,6.2,40.52,959,0,0,0,0,20,64,2.9000000000000004
2018,1,13,22,30,154.08,0.15,1.7000000000000002,0,0,0,0,6.800000000000001,44.27,959,0,0,0,0,19.3,66,3.1
2018,1,13,23,30,142.33,0.15,1.7000000000000002,0,0,0,0,7.9,49.64,959,0,0,0,0,18.6,66,3.3000000000000003
2018,1,14,0,30,129.13,0.15,1.7000000000000002,0,0,0,1,9.4,56.88,960,0,0,0,0,18.1,64,3.4000000000000004
2018,1,14,1,30,115.4,0.15,1.8,0,0,0,0,11.100000000000001,65.27,961,0,0,0,0,17.7,60,3.4000000000000004
2018,1,14,2,30,101.47,0.15,1.8,0,0,0,0,12.8,73.31,961,0,0,0,0,17.6,53,3.7
2018,1,14,3,30,87.28,0.15,1.8,22,66,25,0,14.200000000000001,73.36,962,22,66,0,25,19.1,50,5.1000000000000005
2018,1,14,4,30,73.60000000000001,0.15,1.8,82,563,241,0,15.100000000000001,64.04,962,82,563,0,241,22.200000000000003,53,6.5
2018,1,14,5,30,60.04,0.15,1.8,106,774,493,0,14.5,50.29,962,106,774,0,493,25.6,53,6.7
2018,1,14,6,30,47.04,0.15,1.9000000000000001,121,872,715,0,13.4,39.42,962,121,872,0,715,28.5,52,6.300000000000001
2018,1,14,7,30,35.33,0.15,1.9000000000000001,129,925,884,0,12.200000000000001,31.91,961,129,925,0,884,30.8,51,5.7
2018,1,14,8,30,26.69,0.15,1.9000000000000001,134,949,982,0,11.100000000000001,26.78,959,134,949,0,982,32.6,51,5.1000000000000005
2018,1,14,9,30,24.650000000000002,0.15,1.9000000000000001,131,959,1003,0,10,23.34,958,131,959,0,1003,33.800000000000004,50,4.5
2018,1,14,10,30,30.560000000000002,0.15,1.9000000000000001,129,945,942,0,9.1,21.09,957,129,945,0,942,34.5,51,4.1000000000000005
2018,1,14,11,30,41.12,0.15,2,122,904,803,0,8.4,20.11,956,122,904,0,803,34.5,52,3.8000000000000003
2018,1,14,12,30,53.63,0.15,2,113,828,604,0,7.9,20.31,956,113,828,0,604,33.800000000000004,56,3.6
2018,1,14,13,30,66.98,0.15,2.1,92,689,361,0,7.7,22.04,956,92,689,0,361,32.1,60,3
2018,1,14,14,30,80.68,0.15,2.1,54,377,116,0,8.1,27.16,957,54,377,0,116,28.900000000000002,64,2.1
2018,1,14,15,30,94.7,0.15,2.1,0,0,0,0,8.8,32.68,958,0,0,0,0,26.5,65,2
2018,1,14,16,30,108.67,0.15,2.1,0,0,0,0,8.700000000000001,33.980000000000004,959,0,0,0,0,25.8,63,2.6
2018,1,14,17,30,122.54,0.15,2.1,0,0,0,1,8.8,35.87,959,0,0,0,0,25,62,2.9000000000000004
2018,1,14,18,30,136.08,0.15,2.1,0,0,0,0,9,38.32,960,0,0,0,0,24.1,63,3
2018,1,14,19,30,148.76,0.15,2.1,0,0,0,0,9.3,40.95,960,0,0,0,0,23.3,66,3
2018,1,14,20,30,158.88,0.15,2.1,0,0,0,0,9.8,44.68,960,0,0,0,0,22.400000000000002,70,3
2018,1,14,21,30,161.53,0.15,2.2,0,0,0,0,10.700000000000001,49.43,960,0,0,0,0,21.700000000000003,76,3
2018,1,14,22,30,154.26,0.15,2.2,0,0,0,0,12,56.65,960,0,0,0,0,20.900000000000002,79,3
2018,1,14,23,30,142.48,0.15,2.3000000000000003,0,0,0,0,13.5,65.18,960,0,0,0,0,20.200000000000003,78,3.1
2018,1,15,0,30,129.25,0.15,2.3000000000000003,0,0,0,3,14.9,74.2,960,0,0,0,0,19.6,74,3.1
2018,1,15,1,30,115.5,0.15,2.3000000000000003,0,0,0,0,16,82.53,961,0,0,0,0,19,69,3
2018,1,15,2,30,101.56,0.15,2.3000000000000003,0,0,0,0,16.8,87.9,962,0,0,0,0,18.8,63,3.3000000000000003
2018,1,15,3,30,87.34,0.15,2.3000000000000003,20,54,22,0,17.2,83.10000000000001,962,20,54,0,22,20.200000000000003,60,4.6000000000000005
2018,1,15,4,30,73.65,0.15,2.3000000000000003,83,537,234,0,17.2,68.98,962,83,537,0,234,23.200000000000003,60,5.800000000000001
2018,1,15,5,30,60.07,0.15,2.4000000000000004,107,754,483,0,16,51.93,962,107,754,0,483,26.700000000000003,59,6
2018,1,15,6,30,47.04,0.15,2.4000000000000004,114,872,708,0,14.4,39.03,962,114,872,0,708,29.8,56,5.800000000000001
2018,1,15,7,30,35.27,0.15,2.4000000000000004,123,921,875,0,12.8,30.47,961,123,921,0,875,32.4,54,5.4
2018,1,15,8,30,26.57,0.15,2.4000000000000004,127,945,973,0,11.8,25.69,959,127,945,0,973,34.2,53,5
2018,1,15,9,30,24.46,0.15,2.4000000000000004,119,965,997,7,11.100000000000001,22.92,958,252,723,0,910,35.4,55,4.6000000000000005
2018,1,15,10,30,30.37,0.15,2.5,117,949,935,0,10.600000000000001,21.55,957,117,949,0,935,35.9,59,4.3
2018,1,15,11,30,40.95,0.15,2.5,111,913,801,0,10.200000000000001,21.3,956,111,913,0,801,35.7,64,4
2018,1,15,12,30,53.49,0.15,2.5,100,846,604,0,10,21.830000000000002,956,100,846,0,604,35,69,3.9000000000000004
2018,1,15,13,30,66.85,0.15,2.5,82,719,365,0,9.9,23.8,957,82,719,0,365,33.300000000000004,72,3.2
2018,1,15,14,30,80.58,0.15,2.5,50,420,119,0,10,28.52,957,50,420,0,119,30.3,75,2.2
2018,1,15,15,30,94.61,0.15,2.5,0,0,0,0,10.5,33.67,958,0,0,0,0,28,77,1.9000000000000001
2018,1,15,16,30,108.60000000000001,0.15,2.5,0,0,0,0,10.4,34.67,959,0,0,0,0,27.400000000000002,79,2.4000000000000004
2018,1,15,17,30,122.49000000000001,0.15,2.5,0,0,0,0,10.600000000000001,36.480000000000004,960,0,0,0,0,26.700000000000003,82,2.9000000000000004
2018,1,15,18,30,136.06,0.15,2.5,0,0,0,0,11.200000000000001,40.56,960,0,0,0,0,25.6,85,2.9000000000000004
2018,1,15,19,30,148.79,0.15,2.5,0,0,0,1,12.4,47.410000000000004,960,0,0,0,0,24.3,88,2.9000000000000004
2018,1,15,20,30,158.99,0.15,2.5,0,0,0,0,14,55.74,960,0,0,0,0,23.3,90,3.1
2018,1,15,21,30,161.72,0.15,2.6,0,0,0,7,15.8,66.54,959,0,0,0,0,22.3,92,3.2
2018,1,15,22,30,154.45000000000002,0.15,2.7,0,0,0,0,17.5,78.28,959,0,0,0,0,21.400000000000002,89,3.2
2018,1,15,23,30,142.63,0.15,2.7,0,0,0,0,18.7,87.57000000000001,960,0,0,0,0,20.8,81,3.4000000000000004
2018,1,16,0,30,129.38,0.15,2.8000000000000003,0,0,0,1,19.3,93.19,960,0,0,0,0,20.400000000000002,72,3.7
2018,1,16,1,30,115.60000000000001,0.15,2.8000000000000003,0,0,0,0,19.400000000000002,95.03,960,0,0,0,0,20.200000000000003,66,3.8000000000000003
2018,1,16,2,30,101.64,0.15,2.8000000000000003,0,0,0,0,19.200000000000003,94.84,961,0,0,0,0,20.1,63,4
2018,1,16,3,30,87.41,0.15,2.7,19,64,22,0,18.900000000000002,86.44,961,19,64,0,22,21.3,62,4.800000000000001
2018,1,16,4,30,73.7,0.15,2.7,76,563,234,0,18,70.13,962,76,563,0,234,23.8,62,5.800000000000001
2018,1,16,5,30,60.09,0.15,2.6,99,771,483,0,16.7,53.92,962,99,771,0,483,26.8,63,6.2
2018,1,16,6,30,47.03,0.15,2.6,112,869,705,0,15.4,42.25,961,112,869,0,705,29.6,61,6
2018,1,16,7,30,35.22,0.15,2.5,119,926,875,0,14.200000000000001,33.61,960,119,926,0,875,32.2,57,5.7
2018,1,16,8,30,26.43,0.15,2.5,121,952,974,0,13,27.66,959,121,952,0,974,34.300000000000004,53,5.300000000000001
2018,1,16,9,30,24.26,0.15,2.5,121,958,995,0,12,23.78,958,121,958,0,995,35.800000000000004,53,5
2018,1,16,10,30,30.17,0.15,2.5,118,945,936,0,11.100000000000001,21.78,956,118,945,0,936,36.4,55,4.800000000000001
2018,1,16,11,30,40.78,0.15,2.6,113,908,800,0,10.600000000000001,21.29,956,113,908,0,800,36.2,60,4.7
2018,1,16,12,30,53.34,0.15,2.6,113,815,599,0,10.4,21.990000000000002,956,113,815,0,599,35.300000000000004,63,4.7
2018,1,16,13,30,66.73,0.15,2.7,94,671,359,7,10.3,24.18,956,197,228,0,287,33.5,66,4.3
2018,1,16,14,30,80.48,0.15,2.7,56,359,115,7,10.5,28.68,957,90,56,7,100,30.700000000000003,68,3.6
2018,1,16,15,30,94.53,0.15,2.7,0,0,0,1,11,33.45,958,0,0,0,0,28.6,69,3.6
2018,1,16,16,30,108.54,0.15,2.7,0,0,0,0,11.3,36.660000000000004,959,0,0,0,0,27.400000000000002,69,3.8000000000000003
2018,1,16,17,30,122.44,0.15,2.7,0,0,0,0,11.600000000000001,40.21,959,0,0,0,0,26.200000000000003,72,3.5
2018,1,16,18,30,136.04,0.15,2.7,0,0,0,0,11.9,43.34,959,0,0,0,0,25.3,78,3.2
2018,1,16,19,30,148.82,0.15,2.7,0,0,0,8,12.4,47.44,959,0,0,0,0,24.3,86,3.1
2018,1,16,20,30,159.11,0.15,2.8000000000000003,0,0,0,3,13.3,53.47,959,0,0,0,0,23.3,92,3.1
2018,1,16,21,30,161.93,0.15,2.8000000000000003,0,0,0,0,14.9,63.32,959,0,0,0,0,22.200000000000003,94,3.1
2018,1,16,22,30,154.64000000000001,0.15,2.8000000000000003,0,0,0,0,16.7,75.42,959,0,0,0,0,21.200000000000003,92,3
2018,1,16,23,30,142.78,0.15,2.8000000000000003,0,0,0,0,18,85.48,959,0,0,0,0,20.5,88,3
2018,1,17,0,30,129.5,0.15,2.8000000000000003,0,0,0,0,18.7,92.37,959,0,0,0,0,20,82,3
2018,1,17,1,30,115.71000000000001,0.15,2.8000000000000003,0,0,0,0,19.1,96.17,959,0,0,0,0,19.700000000000003,76,3.2
2018,1,17,2,30,101.72,0.15,2.8000000000000003,0,0,0,0,19.200000000000003,96.17,960,0,0,0,0,19.8,72,3.9000000000000004
2018,1,17,3,30,87.47,0.15,2.8000000000000003,17,34,19,0,19,87.98,960,17,34,0,19,21.1,70,5.2
2018,1,17,4,30,73.74,0.15,2.8000000000000003,89,477,222,0,18.3,71.17,961,89,477,0,222,23.8,69,6.2
2018,1,17,5,30,60.11,0.15,2.8000000000000003,119,702,469,0,16.900000000000002,54.32,961,119,702,0,469,26.900000000000002,68,6.4
2018,1,17,6,30,47.02,0.15,2.8000000000000003,129,825,691,7,15.700000000000001,42.28,960,200,616,0,620,29.900000000000002,65,6.2
2018,1,17,7,30,35.15,0.15,2.7,138,885,861,0,14.8,34.65,959,138,885,0,861,32.4,63,5.9
2018,1,17,8,30,26.29,0.15,2.7,143,912,960,0,14.100000000000001,29.900000000000002,958,143,912,0,960,34.2,60,5.4
2018,1,17,9,30,24.060000000000002,0.15,2.7,138,924,982,0,13.4,26.66,957,138,924,0,982,35.4,58,5
2018,1,17,10,30,29.97,0.15,2.7,137,909,924,0,12.5,24.990000000000002,956,137,909,0,924,35.6,58,4.6000000000000005
2018,1,17,11,30,40.61,0.15,2.7,130,870,791,0,11.700000000000001,24.92,955,130,870,0,791,34.7,60,4.3
2018,1,17,12,30,53.2,0.15,2.7,110,817,599,0,11.200000000000001,25.79,955,110,817,0,599,33.4,65,3.9000000000000004
2018,1,17,13,30,66.61,0.15,2.7,89,686,361,0,10.8,27.23,955,89,686,0,361,32,71,3.2
2018,1,17,14,30,80.38,0.15,2.7,52,392,118,0,10.700000000000001,31.12,956,52,392,0,118,29.6,80,2.2
2018,1,17,15,30,94.45,0.15,2.6,0,0,0,0,11,35.65,957,0,0,0,0,27.5,87,1.8
2018,1,17,16,30,108.47,0.15,2.7,0,0,0,1,11,37.04,957,0,0,0,0,26.900000000000002,91,2.1
2018,1,17,17,30,122.4,0.15,2.7,0,0,0,0,11.3,38.92,958,0,0,0,0,26.400000000000002,93,2.7
2018,1,17,18,30,136.03,0.15,2.7,0,0,0,0,12.100000000000001,42.65,958,0,0,0,0,25.700000000000003,96,3.4000000000000004
2018,1,17,19,30,148.86,0.15,2.7,0,0,0,0,13.4,49.620000000000005,958,0,0,0,0,24.6,100,3.6
2018,1,17,20,30,159.23,0.15,2.7,0,0,0,0,15,59.49,958,0,0,0,0,23.3,103,3.2
2018,1,17,21,30,162.14000000000001,0.15,2.7,0,0,0,0,16.400000000000002,69.93,957,0,0,0,0,22.1,102,3
2018,1,17,22,30,154.83,0.15,2.6,0,0,0,0,17.400000000000002,79.14,957,0,0,0,0,21.200000000000003,98,3
2018,1,17,23,30,142.93,0.15,2.6,0,0,0,0,18.2,86.04,958,0,0,0,0,20.6,92,3.1
2018,1,18,0,30,129.62,0.15,2.6,0,0,0,0,18.6,90,958,0,0,0,0,20.3,87,3
2018,1,18,1,30,115.81,0.15,2.6,0,0,0,0,18.8,92.95,958,0,0,0,0,20,82,3
2018,1,18,2,30,101.8,0.15,2.5,0,0,0,0,18.900000000000002,94.18,959,0,0,0,0,19.900000000000002,76,3.2
2018,1,18,3,30,87.53,0.15,2.5,19,60,21,0,18.900000000000002,87.44,960,19,60,0,21,21.1,74,4.3
2018,1,18,4,30,73.79,0.15,2.5,76,560,233,3,18.1,70.2,960,148,13,0,151,23.900000000000002,75,5.4
2018,1,18,5,30,60.13,0.15,2.4000000000000004,99,778,486,0,16.6,52.18,960,99,778,0,486,27.3,77,5.800000000000001
2018,1,18,6,30,47,0.15,2.4000000000000004,110,879,709,0,15,39.230000000000004,960,110,879,0,709,30.400000000000002,77,5.7
2018,1,18,7,30,35.08,0.15,2.4000000000000004,115,936,881,0,13.4,30.900000000000002,959,115,936,0,881,32.800000000000004,76,5.4
2018,1,18,8,30,26.150000000000002,0.15,2.5,117,961,979,0,12.100000000000001,25.8,958,117,961,0,979,34.5,75,5
2018,1,18,9,30,23.85,0.15,2.5,115,970,1002,0,11.200000000000001,22.94,957,115,970,0,1002,35.5,75,4.5
2018,1,18,10,30,29.77,0.15,2.5,112,958,944,0,10.5,21.53,956,112,958,0,944,35.9,76,4.1000000000000005
2018,1,18,11,30,40.44,0.15,2.5,106,926,810,0,10.100000000000001,20.92,955,106,926,0,810,35.9,78,3.8000000000000003
2018,1,18,12,30,53.06,0.15,2.6,95,862,613,0,9.8,21.23,955,95,862,0,613,35.300000000000004,79,3.7
2018,1,18,13,30,66.49,0.15,2.6,79,739,373,0,9.700000000000001,23.02,955,79,739,0,373,33.7,80,3.2
2018,1,18,14,30,80.28,0.15,2.7,48,453,125,0,10,27.6,956,48,453,0,125,30.8,81,2.2
2018,1,18,15,30,94.36,0.15,2.7,0,0,0,0,10.700000000000001,33.13,957,0,0,0,0,28.5,81,2.1
2018,1,18,16,30,108.41,0.15,2.7,0,0,0,0,11.100000000000001,35.230000000000004,958,0,0,0,0,27.900000000000002,81,2.8000000000000003
2018,1,18,17,30,122.36,0.15,2.8000000000000003,0,0,0,0,11.9,38.9,958,0,0,0,0,27.1,87,3.3000000000000003
2018,1,18,18,30,136.02,0.15,2.8000000000000003,0,0,0,0,13.200000000000001,45.160000000000004,959,0,0,0,0,26,94,3.6
2018,1,18,19,30,148.9,0.15,2.8000000000000003,0,0,0,0,14.8,54.120000000000005,959,0,0,0,0,24.700000000000003,97,3.6
2018,1,18,20,30,159.36,0.15,2.8000000000000003,0,0,0,0,16.400000000000002,63.93,958,0,0,0,0,23.6,94,3.5
2018,1,18,21,30,162.35,0.15,2.8000000000000003,0,0,0,0,17.7,73.74,958,0,0,0,0,22.6,86,3.4000000000000004
2018,1,18,22,30,155.02,0.15,2.7,0,0,0,0,18.6,82.04,958,0,0,0,0,21.8,79,3.4000000000000004
2018,1,18,23,30,143.08,0.15,2.6,0,0,0,0,19.200000000000003,88.9,958,0,0,0,0,21.1,74,3.7
2018,1,19,0,30,129.74,0.15,2.5,0,0,0,0,19.5,93.03,958,0,0,0,0,20.700000000000003,72,4
2018,1,19,1,30,115.9,0.15,2.5,0,0,0,0,19.700000000000003,95.48,959,0,0,0,0,20.400000000000002,71,4.1000000000000005
2018,1,19,2,30,101.88,0.15,2.4000000000000004,0,0,0,0,19.6,95.23,959,0,0,0,0,20.400000000000002,71,4.5
2018,1,19,3,30,87.58,0.15,2.3000000000000003,18,81,22,0,19.400000000000002,87.31,960,18,81,0,22,21.6,70,5.6000000000000005
2018,1,19,4,30,73.82000000000001,0.15,2.3000000000000003,73,586,236,0,18.8,71.84,960,73,586,0,236,24.200000000000003,69,6.4
2018,1,19,5,30,60.14,0.15,2.2,92,802,491,0,17.900000000000002,56.34,960,92,802,0,491,27.400000000000002,68,6.5
2018,1,19,6,30,46.980000000000004,0.15,2.2,101,903,717,0,16.8,43.84,960,101,903,0,717,30.5,67,6.300000000000001
2018,1,19,7,30,35.01,0.15,2.3000000000000003,106,953,887,0,15.3,34.39,959,106,953,0,887,33.1,67,5.9
2018,1,19,8,30,26,0.15,2.3000000000000003,108,978,987,0,13.9,28.16,958,108,978,0,987,35,67,5.5
2018,1,19,9,30,23.63,0.15,2.4000000000000004,102,991,1010,0,12.600000000000001,24.32,956,102,991,0,1010,36.2,68,5.2
2018,1,19,10,30,29.560000000000002,0.15,2.5,101,975,949,0,11.8,22.42,955,101,975,0,949,36.7,70,4.9
2018,1,19,11,30,40.27,0.15,2.5,97,943,816,0,11.4,21.98,955,97,943,0,816,36.5,73,4.7
2018,1,19,12,30,52.92,0.15,2.6,101,846,611,0,11.100000000000001,22.55,955,101,846,0,611,35.7,75,4.7
2018,1,19,13,30,66.38,0.15,2.7,84,718,371,2,11,24.45,955,206,24,0,216,34.1,77,4.3
2018,1,19,14,30,80.18,0.15,2.7,51,431,125,2,11,28.1,956,35,0,0,35,31.700000000000003,80,3.4000000000000004
2018,1,19,15,30,94.29,0.15,2.7,0,0,0,1,11.3,31.470000000000002,957,0,0,0,0,30,85,3.3000000000000003
2018,1,19,16,30,108.35000000000001,0.15,2.7,0,0,0,0,11.5,33.9,958,0,0,0,0,29,92,3.9000000000000004
2018,1,19,17,30,122.33,0.15,2.7,0,0,0,0,12.5,39.56,959,0,0,0,0,27.5,100,4.2
2018,1,19,18,30,136.02,0.15,2.7,0,0,0,0,14.5,49.63,959,0,0,0,0,25.8,101,4.2
2018,1,19,19,30,148.94,0.15,2.6,0,0,0,0,16.6,62.050000000000004,959,0,0,0,0,24.3,95,4.3
2018,1,19,20,30,159.49,0.15,2.6,0,0,0,0,18.1,73.37,959,0,0,0,0,23.1,87,4.5
2018,1,19,21,30,162.57,0.15,2.5,0,0,0,0,18.8,80.77,959,0,0,0,0,22.3,81,4.4
2018,1,19,22,30,155.21,0.15,2.4000000000000004,0,0,0,0,19.200000000000003,86.14,959,0,0,0,0,21.6,77,4.4
2018,1,19,23,30,143.23,0.15,2.3000000000000003,0,0,0,0,19.3,89.49,959,0,0,0,0,21.1,75,4.4
2018,1,20,0,30,129.86,0.15,2.1,0,0,0,0,19.3,91.67,960,0,0,0,0,20.700000000000003,72,4.5
2018,1,20,1,30,116,0.15,2,0,0,0,0,19.200000000000003,93.34,961,0,0,0,0,20.3,70,4.6000000000000005
2018,1,20,2,30,101.96000000000001,0.15,2,0,0,0,0,19,92.79,961,0,0,0,0,20.200000000000003,69,4.800000000000001
2018,1,20,3,30,87.64,0.15,1.9000000000000001,18,103,23,0,18.8,85.73,962,18,103,0,23,21.3,69,5.5
2018,1,20,4,30,73.86,0.15,1.9000000000000001,68,629,243,0,18.2,69.89,963,68,629,0,243,24,68,6
2018,1,20,5,30,60.15,0.15,1.9000000000000001,86,831,500,0,16.900000000000002,53.09,962,86,831,0,500,27.3,66,6.2
2018,1,20,6,30,46.95,0.15,1.8,99,921,727,0,15.4,40.17,962,99,921,0,727,30.400000000000002,61,6.1000000000000005
2018,1,20,7,30,34.93,0.15,1.8,102,975,901,0,13.3,30.43,961,102,975,0,901,33,57,6.1000000000000005
2018,1,20,8,30,25.84,0.15,1.8,102,1003,1004,0,11.200000000000001,23.75,959,102,1003,0,1004,34.9,54,6
2018,1,20,9,30,23.41,0.15,1.8,99,1012,1028,0,9.3,19.62,958,99,1012,0,1028,36.1,52,5.9
2018,1,20,10,30,29.35,0.15,1.8,96,1003,970,0,7.800000000000001,17.21,957,96,1003,0,970,36.6,52,5.800000000000001
2018,1,20,11,30,40.1,0.15,1.8,91,973,835,0,6.6000000000000005,16.06,956,91,973,0,835,36.4,52,5.800000000000001
2018,1,20,12,30,52.78,0.15,1.8,83,915,636,0,5.800000000000001,15.88,956,83,915,0,636,35.6,53,5.7
2018,1,20,13,30,66.26,0.15,1.8,70,800,392,0,5.4,17.04,956,70,800,0,392,33.800000000000004,54,4.9
2018,1,20,14,30,80.09,0.15,1.8,45,524,135,0,5.5,20.45,957,45,524,0,135,30.700000000000003,55,3.4000000000000004
2018,1,20,15,30,94.21000000000001,0.15,1.8,0,0,0,0,6.300000000000001,24.78,958,0,0,0,0,28.3,57,2.6
2018,1,20,16,30,108.29,0.15,1.9000000000000001,0,0,0,0,6.800000000000001,26.95,959,0,0,0,0,27.5,61,2.9000000000000004
2018,1,20,17,30,122.29,0.15,1.9000000000000001,0,0,0,0,7.5,29.67,960,0,0,0,0,26.700000000000003,70,3.1
2018,1,20,18,30,136.01,0.15,2,0,0,0,0,8.8,33.81,960,0,0,0,0,25.900000000000002,84,3.5
2018,1,20,19,30,148.99,0.15,2.2,0,0,0,0,11.100000000000001,42.28,960,0,0,0,0,24.8,96,4
2018,1,20,20,30,159.63,0.15,2.2,0,0,0,0,14.200000000000001,56.050000000000004,960,0,0,0,0,23.5,99,4.1000000000000005
2018,1,20,21,30,162.8,0.15,2.2,0,0,0,0,16.7,70.65,960,0,0,0,0,22.3,95,3.7
2018,1,20,22,30,155.41,0.15,2.2,0,0,0,0,18.2,82.26,959,0,0,0,0,21.3,89,3.2
2018,1,20,23,30,143.38,0.15,2.2,0,0,0,0,18.900000000000002,90.45,959,0,0,0,0,20.5,81,3
2018,1,21,0,30,129.98,0.15,2.1,0,0,0,0,19.200000000000003,94.49,960,0,0,0,0,20.1,73,3.2
2018,1,21,1,30,116.09,0.15,2.1,0,0,0,0,19.200000000000003,96.5,960,0,0,0,0,19.8,68,3.6
2018,1,21,2,30,102.03,0.15,2.1,0,0,0,0,19.1,95.51,961,0,0,0,0,19.8,67,4.2
2018,1,21,3,30,87.69,0.15,2.1,18,78,21,0,18.7,86.79,961,18,78,0,21,21,67,5.1000000000000005
2018,1,21,4,30,73.89,0.15,2.1,72,601,238,0,17.8,69.63,962,72,601,0,238,23.700000000000003,67,5.9
2018,1,21,5,30,60.15,0.15,2,92,811,495,0,16.3,52.36,962,92,811,0,495,26.900000000000002,67,6.2
2018,1,21,6,30,46.92,0.15,2,104,905,722,0,14.600000000000001,39.27,961,104,905,0,722,30,64,6.300000000000001
2018,1,21,7,30,34.85,0.15,2,110,955,894,0,13.100000000000001,30.82,960,110,955,0,894,32.5,61,6.2
2018,1,21,8,30,25.67,0.15,2,113,980,997,0,11.5,24.78,959,113,980,0,997,34.5,60,5.9
2018,1,21,9,30,23.18,0.15,2,109,992,1021,0,10,20.85,958,109,992,0,1021,35.800000000000004,60,5.6000000000000005
2018,1,21,10,30,29.14,0.15,2.1,108,976,960,0,8.8,18.66,957,108,976,0,960,36.4,63,5.4
2018,1,21,11,30,39.93,0.15,2.1,104,942,826,0,8.1,17.92,956,104,942,0,826,36.2,66,5.2
2018,1,21,12,30,52.64,0.15,2.1,97,874,627,0,7.6000000000000005,18.11,956,97,874,0,627,35.4,68,5.1000000000000005
2018,1,21,13,30,66.15,0.15,2.1,80,752,384,0,7.300000000000001,19.41,957,80,752,0,384,33.800000000000004,70,4.5
2018,1,21,14,30,79.99,0.15,2.1,50,468,131,0,7.300000000000001,22.96,958,50,468,0,131,30.8,73,3.2
2018,1,21,15,30,94.14,0.15,2.1,0,0,0,0,7.6000000000000005,27,959,0,0,0,0,28.400000000000002,76,2.7
2018,1,21,16,30,108.24000000000001,0.15,2.1,0,0,0,0,7.7,28.71,960,0,0,0,0,27.5,81,3.1
2018,1,21,17,30,122.26,0.15,2.2,0,0,0,0,8.5,32.04,960,0,0,0,0,26.5,90,3.6
2018,1,21,18,30,136.02,0.15,2.3000000000000003,0,0,0,0,10.600000000000001,39.58,961,0,0,0,0,25.3,100,4
2018,1,21,19,30,149.04,0.15,2.4000000000000004,0,0,0,0,13.5,51.75,960,0,0,0,0,24,105,4
2018,1,21,20,30,159.77,0.15,2.5,0,0,0,0,16,65.26,960,0,0,0,0,22.900000000000002,101,3.7
2018,1,21,21,30,163.03,0.15,2.4000000000000004,0,0,0,0,17.6,76.64,959,0,0,0,0,21.900000000000002,93,3.3000000000000003
2018,1,21,22,30,155.6,0.15,2.3000000000000003,0,0,0,0,18.3,84.31,959,0,0,0,0,21.1,85,3.2
2018,1,21,23,30,143.53,0.15,2.2,0,0,0,0,18.6,89.53,959,0,0,0,0,20.400000000000002,82,3.3000000000000003
2018,1,22,0,30,130.09,0.15,2.1,0,0,0,0,18.7,93.78,960,0,0,0,0,19.700000000000003,80,3.4000000000000004
2018,1,22,1,30,116.18,0.15,2,0,0,0,0,18.6,96.33,960,0,0,0,0,19.200000000000003,76,3.5
2018,1,22,2,30,102.10000000000001,0.15,2,0,0,0,0,18.400000000000002,96.46000000000001,960,0,0,0,0,19,72,3.9000000000000004
2018,1,22,3,30,87.73,0.15,2,18,75,21,0,18.2,87.68,961,18,75,0,21,20.3,68,5.1000000000000005
2018,1,22,4,30,73.92,0.15,2,73,596,238,0,17.400000000000002,70.28,962,73,596,0,238,23.1,66,6.6000000000000005
2018,1,22,5,30,60.160000000000004,0.15,1.9000000000000001,93,808,495,0,15.8,52.120000000000005,962,93,808,0,495,26.400000000000002,64,7.1000000000000005
2018,1,22,6,30,46.89,0.15,1.9000000000000001,101,913,725,0,13.9,38.43,961,101,913,0,725,29.5,62,7.2
2018,1,22,7,30,34.76,0.15,1.9000000000000001,107,964,899,0,11.8,28.740000000000002,960,107,964,0,899,32.2,60,7.1000000000000005
2018,1,22,8,30,25.51,0.15,1.9000000000000001,109,990,1002,0,9.9,22.71,959,109,990,0,1002,34.2,58,6.800000000000001
2018,1,22,9,30,22.95,0.15,1.9000000000000001,105,1002,1028,0,8.4,19.11,958,105,1002,0,1028,35.5,57,6.5
2018,1,22,10,30,28.93,0.15,1.9000000000000001,104,988,969,0,7.2,17.11,956,104,988,0,969,36,57,6.2
2018,1,22,11,30,39.75,0.15,1.9000000000000001,103,950,834,0,6.300000000000001,16.19,956,103,950,0,834,35.9,58,5.9
2018,1,22,12,30,52.5,0.15,1.9000000000000001,98,879,632,0,5.7,16.32,956,98,879,0,632,35,60,5.6000000000000005
2018,1,22,13,30,66.03,0.15,1.9000000000000001,84,744,386,0,5.4,17.53,956,84,744,0,386,33.300000000000004,62,4.9
2018,1,22,14,30,79.9,0.15,1.9000000000000001,54,443,132,0,5.4,20.82,957,54,443,0,132,30.3,65,3.5
2018,1,22,15,30,94.07000000000001,0.15,1.9000000000000001,0,0,0,0,5.9,24.8,957,0,0,0,0,27.900000000000002,68,2.9000000000000004
2018,1,22,16,30,108.19,0.15,1.9000000000000001,0,0,0,0,6.300000000000001,26.86,958,0,0,0,0,27,71,3.3000000000000003
2018,1,22,17,30,122.24000000000001,0.15,1.9000000000000001,0,0,0,0,7.1000000000000005,30.150000000000002,959,0,0,0,0,25.900000000000002,77,3.5
2018,1,22,18,30,136.02,0.15,1.9000000000000001,0,0,0,0,8.3,35.06,959,0,0,0,0,24.8,86,3.4000000000000004
2018,1,22,19,30,149.09,0.15,2,0,0,0,0,10.200000000000001,43.04,959,0,0,0,0,23.5,95,3.2
2018,1,22,20,30,159.92000000000002,0.15,2,0,0,0,0,12.5,53.660000000000004,959,0,0,0,0,22.400000000000002,100,3
2018,1,22,21,30,163.27,0.15,2,0,0,0,0,14.8,66.31,959,0,0,0,0,21.3,100,3
2018,1,22,22,30,155.8,0.15,2,0,0,0,0,16.400000000000002,77.65,958,0,0,0,0,20.400000000000002,97,3
2018,1,22,23,30,143.67000000000002,0.15,2,0,0,0,0,17.3,86.44,958,0,0,0,0,19.6,94,3
2018,1,23,0,30,130.2,0.15,2,0,0,0,0,17.8,92.61,959,0,0,0,0,19,89,3.1
2018,1,23,1,30,116.27,0.15,2,0,0,0,0,18,96.47,959,0,0,0,0,18.6,84,3.4000000000000004
2018,1,23,2,30,102.17,0.15,2,0,0,0,0,18.1,96.44,960,0,0,0,0,18.7,79,4
2018,1,23,3,30,87.77,0.15,2,18,46,20,0,18,87.99,960,18,46,0,20,20.1,75,5.300000000000001
2018,1,23,4,30,73.94,0.15,2,81,551,233,0,17.3,70.60000000000001,961,81,551,0,233,22.900000000000002,73,6.4
2018,1,23,5,30,60.15,0.15,2,107,767,488,0,15.600000000000001,52.26,961,107,767,0,488,26.200000000000003,71,6.7
2018,1,23,6,30,46.85,0.15,2,125,862,715,0,14.200000000000001,40.03,960,125,862,0,715,29.200000000000003,70,6.5
2018,1,23,7,30,34.67,0.15,2.1,138,906,883,0,13.200000000000001,32.09,960,138,906,0,883,31.900000000000002,67,6
2018,1,23,8,30,25.330000000000002,0.15,2.1,149,923,983,0,12.3,26.8,959,149,923,0,983,34,65,5.4
2018,1,23,9,30,22.71,0.15,2.2,131,956,1013,0,11.4,23.43,957,131,956,0,1013,35.4,62,4.9
2018,1,23,10,30,28.71,0.15,2.3000000000000003,128,941,953,0,10.8,21.63,956,128,941,0,953,36.1,62,4.4
2018,1,23,11,30,39.58,0.15,2.4000000000000004,120,907,819,0,10.4,21.150000000000002,955,120,907,0,819,36,63,4.1000000000000005
2018,1,23,12,30,52.36,0.15,2.5,102,853,623,0,10.200000000000001,21.69,955,102,853,0,623,35.300000000000004,66,4
2018,1,23,13,30,65.92,0.15,2.6,85,728,382,0,10.100000000000001,23.69,955,85,728,0,382,33.7,69,3.6
2018,1,23,14,30,79.82000000000001,0.15,2.6,54,442,132,0,10.4,27.98,956,54,442,0,132,31,75,2.6
2018,1,23,15,30,94,0.15,2.6,0,0,0,0,10.8,32.53,956,0,0,0,0,28.900000000000002,80,2.4000000000000004
2018,1,23,16,30,108.14,0.15,2.6,0,0,0,0,11,34.62,957,0,0,0,0,28.1,86,3
2018,1,23,17,30,122.21000000000001,0.15,2.6,0,0,0,0,11.700000000000001,38.5,958,0,0,0,0,27,96,3.6
2018,1,23,18,30,136.03,0.15,2.6,0,0,0,0,12.9,45.47,958,0,0,0,0,25.6,106,4
2018,1,23,19,30,149.15,0.15,2.7,0,0,0,0,14.8,55.95,958,0,0,0,0,24.1,112,4.1000000000000005
2018,1,23,20,30,160.07,0.15,2.7,0,0,0,0,16.400000000000002,67.41,958,0,0,0,0,22.8,111,4
2018,1,23,21,30,163.51,0.15,2.6,0,0,0,0,17.6,76.94,958,0,0,0,0,21.8,106,3.9000000000000004
2018,1,23,22,30,156,0.15,2.5,0,0,0,0,18.1,83.7,957,0,0,0,0,21,101,3.7
2018,1,23,23,30,143.82,0.15,2.5,0,0,0,0,18.400000000000002,87.72,958,0,0,0,0,20.5,97,3.6
2018,1,24,0,30,130.32,0.15,2.4000000000000004,0,0,0,0,18.5,90.3,958,0,0,0,0,20.1,94,3.8000000000000003
2018,1,24,1,30,116.36,0.15,2.3000000000000003,0,0,0,0,18.400000000000002,91.92,959,0,0,0,0,19.8,91,3.9000000000000004
2018,1,24,2,30,102.23,0.15,2.2,0,0,0,0,18.400000000000002,92.11,959,0,0,0,0,19.700000000000003,88,4.1000000000000005
2018,1,24,3,30,87.82000000000001,0.15,2.2,15,10,16,0,18.2,85.85000000000001,960,15,10,0,16,20.700000000000003,86,4.9
2018,1,24,4,30,73.96000000000001,0.15,2.2,103,421,220,0,17.7,71.04,961,103,421,0,220,23.200000000000003,84,5.6000000000000005
2018,1,24,5,30,60.15,0.15,2.2,135,675,471,0,16.7,56.08,961,135,675,0,471,26.1,82,5.7
2018,1,24,6,30,46.81,0.15,2.2,153,796,698,0,15.600000000000001,43.730000000000004,961,153,796,0,698,29.200000000000003,81,5.4
2018,1,24,7,30,34.57,0.15,2.2,162,864,873,0,14.4,34.59,960,162,864,0,873,31.900000000000002,79,4.800000000000001
2018,1,24,8,30,25.150000000000002,0.15,2.1,167,897,979,0,13,28.400000000000002,959,167,897,0,979,33.800000000000004,75,4.1000000000000005
2018,1,24,9,30,22.46,0.15,2.1,153,926,1009,0,11.600000000000001,24.17,958,153,926,0,1009,35.1,71,3.6
2018,1,24,10,30,28.490000000000002,0.15,2.1,149,914,952,0,10.4,21.66,956,149,914,0,952,35.6,67,3.3000000000000003
2018,1,24,11,30,39.410000000000004,0.15,2.1,140,878,819,0,9.4,20.32,956,140,878,0,819,35.6,66,3.1
2018,1,24,12,30,52.22,0.15,2.1,128,804,621,0,8.700000000000001,20.1,955,128,804,0,621,34.9,67,3.1
2018,1,24,13,30,65.81,0.15,2.1,105,669,379,0,8.200000000000001,21.12,956,105,669,0,379,33.4,70,2.7
2018,1,24,14,30,79.73,0.15,2.1,63,369,129,0,8.1,24.69,956,63,369,0,129,30.5,75,1.9000000000000001
2018,1,24,15,30,93.93,0.15,2.1,0,0,0,0,8.4,28.490000000000002,957,0,0,0,0,28.400000000000002,79,2
2018,1,24,16,30,108.10000000000001,0.15,2.1,0,0,0,0,8,28.88,958,0,0,0,0,27.700000000000003,78,2.7
2018,1,24,17,30,122.19,0.15,2.1,0,0,0,0,7.9,30.39,958,0,0,0,0,26.700000000000003,77,3.1
2018,1,24,18,30,136.04,0.15,2.1,0,0,0,0,8.200000000000001,33.45,959,0,0,0,0,25.400000000000002,81,3.1
2018,1,24,19,30,149.22,0.15,2.1,0,0,0,0,9,38.5,959,0,0,0,0,24,89,3.1
2018,1,24,20,30,160.23,0.15,2.1,0,0,0,0,10.600000000000001,45.94,958,0,0,0,0,22.8,95,3.1
2018,1,24,21,30,163.76,0.15,2,0,0,0,0,12.5,55.86,958,0,0,0,0,21.700000000000003,97,3.2
2018,1,24,22,30,156.20000000000002,0.15,2,0,0,0,0,14.3,66.16,958,0,0,0,0,20.8,97,3.1
2018,1,24,23,30,143.96,0.15,1.9000000000000001,0,0,0,0,15.600000000000001,76.46000000000001,958,0,0,0,0,19.900000000000002,94,3
2018,1,25,0,30,130.42000000000002,0.15,1.8,0,0,0,0,16.7,85.8,959,0,0,0,0,19.1,91,2.9000000000000004
2018,1,25,1,30,116.44,0.15,1.7000000000000002,0,0,0,0,17.3,92.91,959,0,0,0,0,18.5,87,2.9000000000000004
2018,1,25,2,30,102.29,0.15,1.7000000000000002,0,0,0,0,17.6,95.86,959,0,0,0,0,18.3,82,3.1
2018,1,25,3,30,87.85000000000001,0.15,1.6,17,29,18,0,17.5,87.4,960,17,29,0,18,19.700000000000003,77,3.8000000000000003
2018,1,25,4,30,73.98,0.15,1.6,88,512,230,0,16.6,67.59,961,88,512,0,230,22.900000000000002,73,4.5
2018,1,25,5,30,60.14,0.15,1.6,121,732,486,0,15,48.160000000000004,961,121,732,0,486,26.900000000000002,67,4.7
2018,1,25,6,30,46.76,0.15,1.6,142,837,715,0,12.5,32.730000000000004,960,142,837,0,715,30.700000000000003,58,4.5
2018,1,25,7,30,34.46,0.15,1.6,156,890,889,0,10,23.77,959,156,890,0,889,33.5,46,4
2018,1,25,8,30,24.96,0.15,1.7000000000000002,163,913,991,0,8.6,19.48,958,163,913,0,991,35.300000000000004,36,3.6
2018,1,25,9,30,22.22,0.15,1.7000000000000002,166,917,1015,0,7.4,16.89,956,166,917,0,1015,36.5,27,3.4000000000000004
2018,1,25,10,30,28.27,0.15,1.7000000000000002,157,911,960,0,6.6000000000000005,15.41,955,157,911,0,960,37.1,23,3.3000000000000003
2018,1,25,11,30,39.24,0.15,1.7000000000000002,146,879,826,0,5.9,14.780000000000001,954,146,879,0,826,37,23,3.2
2018,1,25,12,30,52.09,0.15,1.8,129,811,627,0,5.4,14.83,954,129,811,0,627,36.300000000000004,26,3.2
2018,1,25,13,30,65.71000000000001,0.15,1.8,103,683,384,0,5,16.080000000000002,955,103,683,0,384,34.4,31,2.7
2018,1,25,14,30,79.65,0.15,1.8,62,391,132,0,5.300000000000001,20,955,62,391,0,132,30.900000000000002,38,2
2018,1,25,15,30,93.87,0.15,1.8,0,0,0,0,5.7,23.66,956,0,0,0,0,28.400000000000002,44,2.2
2018,1,25,16,30,108.06,0.15,1.7000000000000002,0,0,0,0,5.4,24.47,957,0,0,0,0,27.5,46,2.9000000000000004
2018,1,25,17,30,122.18,0.15,1.7000000000000002,0,0,0,0,5.5,26.09,957,0,0,0,0,26.5,48,3.4000000000000004
2018,1,25,18,30,136.06,0.15,1.7000000000000002,0,0,0,0,5.9,28.77,958,0,0,0,0,25.3,52,3.3000000000000003
2018,1,25,19,30,149.28,0.15,1.6,0,0,0,0,6.4,32.07,958,0,0,0,0,24.1,59,3
2018,1,25,20,30,160.39000000000001,0.15,1.6,0,0,0,0,7.1000000000000005,36.11,958,0,0,0,0,22.900000000000002,70,2.7
2018,1,25,21,30,164.01,0.15,1.6,0,0,0,0,8.3,42.230000000000004,958,0,0,0,0,21.700000000000003,82,2.7
2018,1,25,22,30,156.4,0.15,1.6,0,0,0,0,10.5,51.94,958,0,0,0,0,20.700000000000003,91,2.8000000000000003
2018,1,25,23,30,144.11,0.15,1.6,0,0,0,0,13.100000000000001,65.1,958,0,0,0,0,19.8,95,2.8000000000000003
2018,1,26,0,30,130.53,0.15,1.6,0,0,0,0,15.3,78.78,958,0,0,0,0,19.1,95,2.8000000000000003
2018,1,26,1,30,116.52,0.15,1.6,0,0,0,0,17.1,90.81,959,0,0,0,0,18.6,90,2.9000000000000004
2018,1,26,2,30,102.35000000000001,0.15,1.6,0,0,0,0,18,95.75,960,0,0,0,0,18.7,83,3.3000000000000003
2018,1,26,3,30,87.89,0.15,1.6,17,24,18,0,18.3,88.60000000000001,960,17,24,0,18,20.200000000000003,75,4.2
2018,1,26,4,30,73.99,0.15,1.6,88,518,231,1,17.8,71.93,961,88,518,0,231,23.1,69,5.1000000000000005
2018,1,26,5,30,60.120000000000005,0.15,1.6,115,751,489,0,16.400000000000002,53.22,961,115,751,0,489,26.700000000000003,64,5.2
2018,1,26,6,30,46.71,0.15,1.6,131,860,721,0,14.100000000000001,37.230000000000004,960,131,860,0,721,30.3,58,5
2018,1,26,7,30,34.36,0.15,1.6,141,916,897,0,11.5,26.95,960,141,916,0,897,33,52,4.5
2018,1,26,8,30,24.77,0.15,1.6,148,940,1002,0,9.700000000000001,21.62,959,148,940,0,1002,34.800000000000004,47,4.1000000000000005
2018,1,26,9,30,21.96,0.15,1.6,134,968,1032,0,8.3,18.31,958,134,968,0,1032,36.1,43,3.8000000000000003
2018,1,26,10,30,28.05,0.15,1.7000000000000002,132,951,972,0,7.1000000000000005,16.37,956,132,951,0,972,36.7,41,3.6
2018,1,26,11,30,39.06,0.15,1.7000000000000002,126,915,837,0,6.2,15.49,956,126,915,0,837,36.6,41,3.5
2018,1,26,12,30,51.96,0.15,1.7000000000000002,113,851,638,0,5.6000000000000005,15.35,955,113,851,0,638,35.9,43,3.5
2018,1,26,13,30,65.6,0.15,1.7000000000000002,93,726,393,0,5.2,16.490000000000002,956,93,726,0,393,34.1,46,3
2018,1,26,14,30,79.57000000000001,0.15,1.7000000000000002,57,442,137,0,5.4,20.43,956,57,442,0,137,30.6,52,2.1
2018,1,26,15,30,93.81,0.15,1.7000000000000002,0,0,0,0,6.1000000000000005,25.01,957,0,0,0,0,28,56,2
2018,1,26,16,30,108.02,0.15,1.7000000000000002,0,0,0,0,6.4,26.76,957,0,0,0,0,27.1,57,2.5
2018,1,26,17,30,122.16,0.15,1.7000000000000002,0,0,0,0,6.800000000000001,29.07,958,0,0,0,0,26.200000000000003,59,2.9000000000000004
2018,1,26,18,30,136.08,0.15,1.7000000000000002,0,0,0,0,7.4,32.28,958,0,0,0,0,25.1,64,2.9000000000000004
2018,1,26,19,30,149.35,0.15,1.7000000000000002,0,0,0,0,8.200000000000001,36.43,958,0,0,0,0,24,73,2.9000000000000004
2018,1,26,20,30,160.56,0.15,1.7000000000000002,0,0,0,0,9.600000000000001,42.58,958,0,0,0,0,23,85,3
2018,1,26,21,30,164.27,0.15,1.7000000000000002,0,0,0,0,11.9,52.85,958,0,0,0,0,22,95,3.2
2018,1,26,22,30,156.6,0.15,1.8,0,0,0,0,14.600000000000001,66.7,958,0,0,0,0,21,98,3.3000000000000003
2018,1,26,23,30,144.25,0.15,1.8,0,0,0,0,16.8,80.52,958,0,0,0,0,20.3,95,3.5
2018,1,27,0,30,130.63,0.15,1.9000000000000001,0,0,0,0,18.2,90.18,958,0,0,0,0,19.900000000000002,89,3.8000000000000003
2018,1,27,1,30,116.59,0.15,1.9000000000000001,0,0,0,0,18.8,94.04,959,0,0,0,0,19.8,84,3.9000000000000004
2018,1,27,2,30,102.4,0.15,2,0,0,0,0,18.900000000000002,93.94,960,0,0,0,0,19.900000000000002,79,4.1000000000000005
2018,1,27,3,30,87.92,0.15,2,16,20,17,0,18.8,86.73,961,16,20,0,17,21.1,73,4.800000000000001
2018,1,27,4,30,74,0.15,2.1,92,479,224,3,18.2,71.77,961,64,0,0,64,23.6,70,5.5
2018,1,27,5,30,60.1,0.15,2.1,123,715,479,0,17.3,56.18,961,123,715,0,479,26.700000000000003,68,5.6000000000000005
2018,1,27,6,30,46.65,0.15,2.2,130,845,711,0,16.2,44.56,961,130,845,0,711,29.5,67,5.300000000000001
2018,1,27,7,30,34.25,0.15,2.2,144,895,884,0,15,36.050000000000004,960,144,895,0,884,31.900000000000002,66,4.9
2018,1,27,8,30,24.57,0.15,2.3000000000000003,150,918,984,0,13.9,30.580000000000002,959,150,918,0,984,33.6,64,4.4
2018,1,27,9,30,21.7,0.15,2.3000000000000003,129,958,1019,0,13,26.92,958,129,958,0,1019,34.800000000000004,62,4
2018,1,27,10,30,27.82,0.15,2.3000000000000003,127,945,962,0,12.3,25.01,957,127,945,0,962,35.300000000000004,62,3.8000000000000003
2018,1,27,11,30,38.89,0.15,2.4000000000000004,121,908,827,0,11.700000000000001,24.240000000000002,956,121,908,0,827,35.2,63,3.6
2018,1,27,12,30,51.82,0.15,2.4000000000000004,109,842,630,0,11.4,24.61,956,109,842,0,630,34.5,66,3.6
2018,1,27,13,30,65.5,0.15,2.4000000000000004,91,715,388,0,11.200000000000001,26.28,956,91,715,0,388,33.1,71,3.2
2018,1,27,14,30,79.49,0.15,2.4000000000000004,58,425,135,0,11.200000000000001,30.55,956,58,425,0,135,30.5,77,2.3000000000000003
2018,1,27,15,30,93.75,0.15,2.4000000000000004,0,0,0,0,11.700000000000001,35.47,957,0,0,0,0,28.400000000000002,82,2
2018,1,27,16,30,107.98,0.15,2.4000000000000004,0,0,0,0,11.9,37.980000000000004,958,0,0,0,0,27.5,85,2.3000000000000003
2018,1,27,17,30,122.15,0.15,2.3000000000000003,0,0,0,0,12.3,40.96,958,0,0,0,0,26.6,91,2.6
2018,1,27,18,30,136.1,0.15,2.3000000000000003,0,0,0,0,13,45.65,959,0,0,0,0,25.6,102,3.1
2018,1,27,19,30,149.43,0.15,2.3000000000000003,0,0,0,0,14.4,53.77,959,0,0,0,0,24.400000000000002,111,3.7
2018,1,27,20,30,160.73,0.15,2.3000000000000003,0,0,0,0,16.2,65.2,959,0,0,0,0,23.1,114,3.9000000000000004
2018,1,27,21,30,164.53,0.15,2.3000000000000003,0,0,0,0,17.7,76.60000000000001,958,0,0,0,0,22,111,3.9000000000000004
2018,1,27,22,30,156.8,0.15,2.3000000000000003,0,0,0,0,18.7,85.43,958,0,0,0,0,21.200000000000003,107,3.9000000000000004
2018,1,27,23,30,144.38,0.15,2.2,0,0,0,0,19.1,90.17,958,0,0,0,0,20.8,102,4
2018,1,28,0,30,130.73,0.15,2.2,0,0,0,0,19.200000000000003,91.34,959,0,0,0,0,20.700000000000003,98,4
2018,1,28,1,30,116.67,0.15,2.1,0,0,0,0,19.1,91.31,959,0,0,0,0,20.6,94,3.9000000000000004
2018,1,28,2,30,102.45,0.15,2.1,0,0,0,0,19,90.77,960,0,0,0,0,20.6,91,3.9000000000000004
2018,1,28,3,30,87.94,0.15,2.1,16,18,17,0,19,85.03,961,16,18,0,17,21.6,87,4.3
2018,1,28,4,30,74.01,0.15,2,92,482,225,0,18.7,72.06,961,92,482,0,225,24,82,4.6000000000000005
2018,1,28,5,30,60.08,0.15,2,120,727,482,3,18,57.18,962,222,9,0,227,27.200000000000003,76,4.5
2018,1,28,6,30,46.59,0.15,2,132,845,713,1,16.400000000000002,43.550000000000004,961,132,845,0,713,30.200000000000003,70,4.2
2018,1,28,7,30,34.13,0.15,2,141,904,889,0,14.600000000000001,33.99,960,141,904,0,889,32.5,64,3.7
2018,1,28,8,30,24.37,0.15,2.1,145,930,992,0,13,27.88,959,145,930,0,992,34.2,60,3.4000000000000004
2018,1,28,9,30,21.43,0.15,2.1,123,972,1028,0,11.8,24.11,958,123,972,0,1028,35.300000000000004,59,3.2
2018,1,28,10,30,27.59,0.15,2.1,120,961,971,0,10.8,21.96,956,120,961,0,971,35.9,59,3.1
2018,1,28,11,30,38.72,0.15,2.1,112,931,839,0,10.200000000000001,21.1,955,112,931,0,839,35.800000000000004,61,3.1
2018,1,28,12,30,51.69,0.15,2.2,100,869,639,0,9.700000000000001,21.2,955,100,869,0,639,35.1,64,3.2
2018,1,28,13,30,65.4,0.15,2.2,83,752,396,0,9.3,22.400000000000002,955,83,752,0,396,33.7,67,2.9000000000000004
2018,1,28,14,30,79.41,0.15,2.2,53,480,141,0,9.3,26.310000000000002,956,53,480,0,141,30.8,71,2.1
2018,1,28,15,30,93.7,0.15,2.2,0,0,0,0,9.700000000000001,30.900000000000002,957,0,0,0,0,28.5,74,1.9000000000000001
2018,1,28,16,30,107.95,0.15,2.2,0,0,0,0,9.700000000000001,32.35,958,0,0,0,0,27.700000000000003,72,2.4000000000000004
2018,1,28,17,30,122.14,0.15,2.2,0,0,0,0,9.8,34.34,959,0,0,0,0,26.8,69,2.7
2018,1,28,18,30,136.12,0.15,2.1,0,0,0,0,10,37.410000000000004,959,0,0,0,0,25.6,69,2.7
2018,1,28,19,30,149.51,0.15,2,0,0,0,0,10.5,41.300000000000004,959,0,0,0,0,24.5,74,2.5
2018,1,28,20,30,160.9,0.15,2,0,0,0,0,11.4,46.9,958,0,0,0,0,23.400000000000002,83,2.6
2018,1,28,21,30,164.8,0.15,1.9000000000000001,0,0,0,0,12.9,54.480000000000004,958,0,0,0,0,22.5,89,2.9000000000000004
2018,1,28,22,30,156.99,0.15,1.8,0,0,0,0,14.600000000000001,64.98,958,0,0,0,0,21.5,92,3.1
2018,1,28,23,30,144.52,0.15,1.8,0,0,0,0,16.3,76.53,958,0,0,0,0,20.6,90,3.2
2018,1,29,0,30,130.83,0.15,1.7000000000000002,0,0,0,0,17.7,86.94,958,0,0,0,0,19.900000000000002,88,3.1
2018,1,29,1,30,116.74000000000001,0.15,1.6,0,0,0,0,18.5,94.82000000000001,959,0,0,0,0,19.400000000000002,85,3.1
2018,1,29,2,30,102.5,0.15,1.5,0,0,0,0,18.900000000000002,97.06,960,0,0,0,0,19.400000000000002,82,3.4000000000000004
2018,1,29,3,30,87.97,0.15,1.6,17,65,19,0,18.900000000000002,88.83,960,17,65,0,19,20.8,79,4.1000000000000005
2018,1,29,4,30,74.01,0.15,1.6,73,600,239,0,18.2,70.84,961,73,600,0,239,23.8,76,4.9
2018,1,29,5,30,60.06,0.15,1.6,96,810,500,3,16.900000000000002,52.800000000000004,961,233,14,0,239,27.400000000000002,73,5.2
2018,1,29,6,30,46.53,0.15,1.7000000000000002,103,917,734,0,14.700000000000001,37.89,961,103,917,0,734,30.700000000000003,71,5
2018,1,29,7,30,34.01,0.15,1.7000000000000002,111,964,910,0,12.5,28.59,960,111,964,0,910,33.1,68,4.7
2018,1,29,8,30,24.16,0.15,1.7000000000000002,115,988,1016,0,11,23.64,959,115,988,0,1016,34.800000000000004,66,4.5
2018,1,29,9,30,21.16,0.15,1.8,105,1006,1044,0,9.9,20.48,957,105,1006,0,1044,36,64,4.3
2018,1,29,10,30,27.37,0.15,1.8,102,998,988,0,8.9,18.63,956,102,998,0,988,36.5,64,4.3
2018,1,29,11,30,38.550000000000004,0.15,1.8,96,970,854,0,8.1,17.64,955,96,970,0,854,36.5,65,4.3
2018,1,29,12,30,51.57,0.15,1.8,86,915,655,0,7.5,17.75,955,86,915,0,655,35.7,66,4.4
2018,1,29,13,30,65.3,0.15,1.9000000000000001,72,805,408,0,7.2,19.01,956,72,805,0,408,34.1,67,3.9000000000000004
2018,1,29,14,30,79.34,0.15,1.9000000000000001,46,551,148,0,7.300000000000001,22.580000000000002,957,46,551,0,148,31.1,69,2.8000000000000003
2018,1,29,15,30,93.65,0.15,2,0,0,0,0,7.800000000000001,27.04,957,0,0,0,0,28.6,71,2.4000000000000004
2018,1,29,16,30,107.92,0.15,2,0,0,0,0,8.1,28.92,958,0,0,0,0,27.8,72,3
2018,1,29,17,30,122.14,0.15,1.9000000000000001,0,0,0,0,8.6,31.67,959,0,0,0,0,26.8,75,3.4000000000000004
2018,1,29,18,30,136.15,0.15,1.9000000000000001,0,0,0,0,9.5,36.18,959,0,0,0,0,25.6,83,3.7
2018,1,29,19,30,149.59,0.15,1.9000000000000001,0,0,0,0,11.200000000000001,43.74,959,0,0,0,0,24.3,91,3.9000000000000004
2018,1,29,20,30,161.08,0.15,2,0,0,0,0,13.5,55.01,958,0,0,0,0,23,95,3.9000000000000004
2018,1,29,21,30,165.07,0.15,2,0,0,0,0,15.700000000000001,67.89,958,0,0,0,0,21.900000000000002,95,3.7
2018,1,29,22,30,157.19,0.15,1.9000000000000001,0,0,0,0,17.400000000000002,79.76,958,0,0,0,0,21,90,3.5
2018,1,29,23,30,144.66,0.15,1.9000000000000001,0,0,0,0,18.400000000000002,88.05,959,0,0,0,0,20.400000000000002,82,3.6
2018,1,30,0,30,130.93,0.15,1.8,0,0,0,0,18.7,92.09,959,0,0,0,0,20,74,3.9000000000000004
2018,1,30,1,30,116.8,0.15,1.8,0,0,0,0,18.6,93.36,960,0,0,0,0,19.700000000000003,68,4.1000000000000005
2018,1,30,2,30,102.54,0.15,1.7000000000000002,0,0,0,0,18.3,92.29,961,0,0,0,0,19.6,64,4.4
2018,1,30,3,30,87.99,0.15,1.6,17,56,19,0,17.900000000000002,84.08,961,17,56,0,19,20.700000000000003,62,5.1000000000000005
2018,1,30,4,30,74.01,0.15,1.6,72,606,239,0,17.1,67.66,962,72,606,0,239,23.400000000000002,62,5.7
2018,1,30,5,30,60.03,0.15,1.6,94,816,501,0,15.9,51.42,962,94,816,0,501,26.700000000000003,61,5.9
2018,1,30,6,30,46.46,0.15,1.6,106,913,735,0,14.100000000000001,37.95,961,106,913,0,735,30,59,5.800000000000001
2018,1,30,7,30,33.88,0.15,1.6,116,960,913,0,12.100000000000001,28.62,960,116,960,0,913,32.7,58,5.5
2018,1,30,8,30,23.95,0.15,1.6,122,981,1019,0,10.700000000000001,23.330000000000002,959,122,981,0,1019,34.6,57,5.1000000000000005
2018,1,30,9,30,20.89,0.15,1.7000000000000002,121,986,1042,0,9.4,19.98,957,121,986,0,1042,35.9,57,4.800000000000001
2018,1,30,10,30,27.14,0.15,1.7000000000000002,119,974,985,0,8.3,17.97,956,119,974,0,985,36.5,57,4.6000000000000005
2018,1,30,11,30,38.39,0.15,1.7000000000000002,114,941,851,0,7.4,16.87,955,114,941,0,851,36.5,58,4.4
2018,1,30,12,30,51.44,0.15,1.8,105,872,648,0,6.7,16.78,955,105,872,0,648,35.7,60,4.3
2018,1,30,13,30,65.21000000000001,0.15,1.8,85,760,403,0,6.2,17.75,956,85,760,0,403,34.1,61,3.8000000000000003
2018,1,30,14,30,79.27,0.15,1.8,53,500,146,0,6,21,956,53,500,0,146,30.900000000000002,64,2.8000000000000003
2018,1,30,15,30,93.60000000000001,0.15,1.9000000000000001,0,0,0,0,6.300000000000001,24.62,957,0,0,0,0,28.400000000000002,64,2.5
2018,1,30,16,30,107.89,0.15,1.9000000000000001,0,0,0,1,6.2,25.71,958,0,0,0,0,27.6,63,3
2018,1,30,17,30,122.14,0.15,2,0,0,0,8,6.300000000000001,27.16,959,0,0,0,0,26.8,63,3.4000000000000004
2018,1,30,18,30,136.18,0.15,2,0,0,0,0,6.6000000000000005,29.36,959,0,0,0,0,25.8,67,3.6
2018,1,30,19,30,149.67000000000002,0.15,2.1,0,0,0,0,7.2,32.7,959,0,0,0,0,24.700000000000003,76,3.8000000000000003
2018,1,30,20,30,161.27,0.15,2.2,0,0,0,0,8.700000000000001,38.88,959,0,0,0,0,23.5,85,3.9000000000000004
2018,1,30,21,30,165.35,0.15,2.3000000000000003,0,0,0,0,11.200000000000001,49.730000000000004,959,0,0,0,0,22.200000000000003,88,3.8000000000000003
2018,1,30,22,30,157.39000000000001,0.15,2.4000000000000004,0,0,0,0,14,63.74,959,0,0,0,0,21.1,86,3.7
2018,1,30,23,30,144.79,0.15,2.4000000000000004,0,0,0,0,16.1,76.87,959,0,0,0,0,20.3,80,3.7
2018,1,31,0,30,131.02,0.15,2.4000000000000004,0,0,0,0,17.3,85.60000000000001,959,0,0,0,0,19.8,75,4
2018,1,31,1,30,116.87,0.15,2.4000000000000004,0,0,0,0,17.8,90.65,960,0,0,0,0,19.400000000000002,72,4.3
2018,1,31,2,30,102.58,0.15,2.4000000000000004,0,0,0,0,18,91.43,961,0,0,0,0,19.400000000000002,68,4.9
2018,1,31,3,30,88.01,0.15,2.4000000000000004,16,33,17,0,17.8,84.23,961,16,33,0,17,20.6,65,6.2
2018,1,31,4,30,74,0.15,2.4000000000000004,80,535,228,0,17.3,69.75,962,80,535,0,228,23.1,64,7.300000000000001
2018,1,31,5,30,59.99,0.15,2.4000000000000004,107,754,484,0,16.3,54.92,962,107,754,0,484,26.1,65,7.4
2018,1,31,6,30,46.39,0.15,2.5,122,856,712,0,15.5,44.37,962,122,856,0,712,28.8,65,7
2018,1,31,7,30,33.76,0.15,2.5,131,909,887,0,14.700000000000001,37.09,961,131,909,0,887,31.1,65,6.6000000000000005
2018,1,31,8,30,23.740000000000002,0.15,2.5,135,938,993,0,13.9,31.64,960,135,938,0,993,33,64,6.2
2018,1,31,9,30,20.61,0.15,2.4000000000000004,127,960,1025,0,12.9,27.66,959,127,960,0,1025,34.2,64,5.800000000000001
2018,1,31,10,30,26.91,0.15,2.4000000000000004,123,949,970,0,11.8,24.67,957,123,949,0,970,34.9,65,5.4
2018,1,31,11,30,38.22,0.15,2.3000000000000003,116,921,840,0,10.8,23.22,957,116,921,0,840,34.800000000000004,66,5.1000000000000005
2018,1,31,12,30,51.32,0.15,2.3000000000000003,104,861,641,0,10,22.96,957,104,861,0,641,34.1,68,4.9
2018,1,31,13,30,65.12,0.15,2.3000000000000003,84,748,399,0,9.600000000000001,24.13,957,84,748,0,399,32.7,71,4.2
2018,1,31,14,30,79.2,0.15,2.3000000000000003,53,489,144,0,9.5,27.92,958,53,489,0,144,30.1,73,2.8000000000000003
2018,1,31,15,30,93.55,0.15,2.4000000000000004,0,0,0,0,9.9,32.43,959,0,0,0,0,27.900000000000002,75,2.2
2018,1,31,16,30,107.87,0.15,2.4000000000000004,0,0,0,0,10.100000000000001,34.79,960,0,0,0,0,27,77,2.4000000000000004
2018,1,31,17,30,122.14,0.15,2.4000000000000004,0,0,0,0,10.5,37.31,960,0,0,0,0,26.200000000000003,83,2.9000000000000004
2018,1,31,18,30,136.22,0.15,2.5,0,0,0,0,11.200000000000001,41.31,960,0,0,0,0,25.3,92,3.5
2018,1,31,19,30,149.76,0.15,2.5,0,0,0,0,12.700000000000001,48.9,960,0,0,0,0,24.1,100,3.9000000000000004
2018,1,31,20,30,161.45000000000002,0.15,2.5,0,0,0,0,14.700000000000001,59.77,960,0,0,0,0,22.900000000000002,103,3.9000000000000004
2018,1,31,21,30,165.63,0.15,2.5,0,0,0,0,16.5,72.17,960,0,0,0,0,21.700000000000003,99,3.7
2018,1,31,22,30,157.59,0.15,2.4000000000000004,0,0,0,0,17.7,81.87,959,0,0,0,0,20.900000000000002,92,3.6
2018,1,31,23,30,144.92000000000002,0.15,2.4000000000000004,0,0,0,0,18.3,88.94,960,0,0,0,0,20.200000000000003,85,3.8000000000000003
2018,2,1,0,30,131.11,0.15,2.3000000000000003,0,0,0,0,18.5,92.15,960,0,0,0,0,19.8,79,4.1000000000000005
2018,2,1,1,30,116.93,0.15,2.2,0,0,0,0,18.5,93.77,961,0,0,0,0,19.5,75,4.3
2018,2,1,2,30,102.62,0.15,2.2,0,0,0,0,18.400000000000002,93.12,962,0,0,0,0,19.5,71,4.9
2018,2,1,3,30,88.02,0.15,2.1,16,44,18,0,18.1,85.10000000000001,962,16,44,0,18,20.700000000000003,67,5.9
2018,2,1,4,30,73.99,0.15,2.1,79,554,232,0,17.5,70.07000000000001,963,79,554,0,232,23.3,63,6.9
2018,2,1,5,30,59.96,0.15,2.1,105,768,489,0,16.6,55,963,105,768,0,489,26.400000000000002,61,7.1000000000000005
2018,2,1,6,30,46.32,0.15,2,122,868,721,0,15.600000000000001,43.51,962,122,868,0,721,29.3,58,7
2018,2,1,7,30,33.62,0.15,2,133,919,898,0,14.600000000000001,35.03,961,133,919,0,898,31.900000000000002,57,6.7
2018,2,1,8,30,23.51,0.15,2,140,943,1004,0,13.4,29.150000000000002,960,140,943,0,1004,33.800000000000004,56,6.300000000000001
2018,2,1,9,30,20.330000000000002,0.15,2.1,131,960,1031,0,12.100000000000001,24.91,958,131,960,0,1031,35.1,56,5.9
2018,2,1,10,30,26.68,0.15,2.1,127,950,976,0,10.8,22.2,957,127,950,0,976,35.7,57,5.5
2018,2,1,11,30,38.050000000000004,0.15,2.1,120,919,844,0,9.8,20.76,957,120,919,0,844,35.7,58,5.300000000000001
2018,2,1,12,30,51.2,0.15,2.1,112,848,643,0,9.1,20.69,957,112,848,0,643,34.9,60,5.2
2018,2,1,13,30,65.03,0.15,2.1,95,717,398,0,8.700000000000001,21.89,957,95,717,0,398,33.4,62,4.7
2018,2,1,14,30,79.14,0.15,2.1,61,424,141,0,8.6,25.5,958,61,424,0,141,30.6,65,3.4000000000000004
2018,2,1,15,30,93.51,0.15,2.1,0,0,0,0,8.9,29.47,958,0,0,0,0,28.400000000000002,70,2.9000000000000004
2018,2,1,16,30,107.85000000000001,0.15,2,0,0,0,0,9.1,31.560000000000002,959,0,0,0,0,27.5,75,3.4000000000000004
2018,2,1,17,30,122.14,0.15,2,0,0,0,0,9.5,34.34,959,0,0,0,0,26.5,85,3.7
2018,2,1,18,30,136.26,0.15,2.1,0,0,0,0,10.5,39.69,960,0,0,0,0,25.200000000000003,97,4
2018,2,1,19,30,149.85,0.15,2.2,0,0,0,0,12.5,49.57,960,0,0,0,0,23.700000000000003,104,4.2
2018,2,1,20,30,161.64000000000001,0.15,2.3000000000000003,0,0,0,0,15.100000000000001,63.33,960,0,0,0,0,22.400000000000002,103,4.1000000000000005
2018,2,1,21,30,165.92000000000002,0.15,2.3000000000000003,0,0,0,0,17,76.72,960,0,0,0,0,21.3,95,3.9000000000000004
2018,2,1,22,30,157.78,0.15,2.4000000000000004,0,0,0,0,18.1,84.93,959,0,0,0,0,20.700000000000003,88,4.1000000000000005
2018,2,1,23,30,145.04,0.15,2.3000000000000003,0,0,0,0,18.5,89.41,960,0,0,0,0,20.3,82,4.2
2018,2,2,0,30,131.19,0.15,2.3000000000000003,0,0,0,0,18.6,91.13,960,0,0,0,0,20.1,79,4
2018,2,2,1,30,116.99000000000001,0.15,2.3000000000000003,0,0,0,0,18.7,92.54,961,0,0,0,0,19.900000000000002,76,3.9000000000000004
2018,2,2,2,30,102.65,0.15,2.2,0,0,0,0,18.6,91.62,961,0,0,0,0,20,73,4.3
2018,2,2,3,30,88.03,0.15,2.2,15,27,16,0,18.3,83.46000000000001,962,15,27,0,16,21.200000000000003,69,5.300000000000001
2018,2,2,4,30,73.98,0.15,2.1,81,535,229,3,17.6,68.73,963,143,8,0,145,23.700000000000003,67,6.1000000000000005
2018,2,2,5,30,59.92,0.15,2.1,103,772,490,0,16.6,53.97,963,103,772,0,490,26.700000000000003,65,6.4
2018,2,2,6,30,46.24,0.15,2.1,110,889,725,0,15.5,42.45,962,110,889,0,725,29.6,63,6.4
2018,2,2,7,30,33.49,0.15,2.1,115,946,904,0,14.5,34.6,961,115,946,0,904,32,63,6.2
2018,2,2,8,30,23.29,0.15,2.1,118,973,1011,0,13.200000000000001,28.68,960,118,973,0,1011,33.9,62,5.800000000000001
2018,2,2,9,30,20.04,0.15,2.1,115,985,1040,0,11.9,24.34,959,115,985,0,1040,35.300000000000004,63,5.5
2018,2,2,10,30,26.45,0.15,2.1,113,973,984,0,10.8,21.87,958,113,973,0,984,35.9,66,5.2
2018,2,2,11,30,37.89,0.15,2.1,107,943,851,0,9.9,20.69,957,107,943,0,851,35.9,69,5.1000000000000005
2018,2,2,12,30,51.08,0.15,2.2,91,894,652,0,9.4,20.7,957,91,894,0,652,35.2,72,5
2018,2,2,13,30,64.94,0.15,2.1,74,792,410,0,9,21.98,957,74,792,0,410,33.7,75,4.4
2018,2,2,14,30,79.08,0.15,2.1,47,548,151,0,8.9,25.740000000000002,957,47,548,0,151,30.8,79,3.1
2018,2,2,15,30,93.47,0.15,2.1,0,0,0,0,9.3,30.22,958,0,0,0,0,28.400000000000002,84,2.3000000000000003
2018,2,2,16,30,107.83,0.15,2.1,0,0,0,0,9.600000000000001,32.83,959,0,0,0,0,27.400000000000002,90,2.6
2018,2,2,17,30,122.15,0.15,2.2,0,0,0,0,10.4,36.6,960,0,0,0,0,26.400000000000002,99,3.1
2018,2,2,18,30,136.3,0.15,2.3000000000000003,0,0,0,0,11.9,43.34,960,0,0,0,0,25.3,109,3.6
2018,2,2,19,30,149.94,0.15,2.4000000000000004,0,0,0,0,14.3,54.14,960,0,0,0,0,24.1,115,3.7
2018,2,2,20,30,161.84,0.15,2.5,0,0,0,0,16.5,67.42,960,0,0,0,0,22.900000000000002,114,3.6
2018,2,2,21,30,166.21,0.15,2.5,0,0,0,0,18.400000000000002,79.44,960,0,0,0,0,22.1,105,3.8000000000000003
2018,2,2,22,30,157.98,0.15,2.6,0,0,0,0,19.5,87.73,960,0,0,0,0,21.6,97,4.2
2018,2,2,23,30,145.17000000000002,0.15,2.6,0,0,0,0,19.900000000000002,91.84,959,0,0,0,0,21.3,92,4.4
2018,2,3,0,30,131.27,0.15,2.6,0,0,0,0,20.1,93.44,960,0,0,0,0,21.200000000000003,89,4.3
2018,2,3,1,30,117.04,0.15,2.6,0,0,0,0,20.1,93.44,960,0,0,0,0,21.200000000000003,86,4.3
2018,2,3,2,30,102.69,0.15,2.5,0,0,0,0,19.900000000000002,91.72,961,0,0,0,0,21.3,82,4.6000000000000005
2018,2,3,3,30,88.04,0.15,2.5,16,25,16,0,19.700000000000003,84.63,962,16,25,0,16,22.400000000000002,80,5.2
2018,2,3,4,30,73.97,0.15,2.5,82,524,226,0,19.1,70.74,963,82,524,0,226,24.8,78,6
2018,2,3,5,30,59.88,0.15,2.5,103,764,486,0,18.2,56.54,963,103,764,0,486,27.6,77,6.2
2018,2,3,6,30,46.160000000000004,0.15,2.6,105,888,720,0,17.1,45.11,962,105,888,0,720,30.3,76,6.1000000000000005
2018,2,3,7,30,33.35,0.15,2.6,114,937,897,0,16.1,37.18,961,114,937,0,897,32.6,75,5.9
2018,2,3,8,30,23.06,0.15,2.6,119,960,1002,0,15.100000000000001,31.580000000000002,960,119,960,0,1002,34.4,73,5.5
2018,2,3,9,30,19.740000000000002,0.15,2.7,119,966,1027,0,14,27.560000000000002,958,119,966,0,1027,35.6,71,5.1000000000000005
2018,2,3,10,30,26.21,0.15,2.7,120,948,971,0,13,24.91,957,120,948,0,971,36.2,69,4.800000000000001
2018,2,3,11,30,37.730000000000004,0.15,2.7,117,910,837,0,12.100000000000001,23.55,957,117,910,0,837,36.2,68,4.5
2018,2,3,12,30,50.96,0.15,2.7,109,841,638,0,11.5,23.41,957,109,841,0,638,35.5,68,4.4
2018,2,3,13,30,64.85,0.15,2.6,92,716,396,0,11,24.47,957,92,716,0,396,34.1,70,3.9000000000000004
2018,2,3,14,30,79.02,0.15,2.6,58,438,141,0,10.700000000000001,27.990000000000002,957,58,438,0,141,31.400000000000002,74,2.8000000000000003
2018,2,3,15,30,93.43,0.15,2.5,0,0,0,0,10.9,32.13,958,0,0,0,0,29.200000000000003,77,2.2
2018,2,3,16,30,107.82000000000001,0.15,2.5,0,0,0,0,11.100000000000001,34.24,959,0,0,0,0,28.3,79,2.5
2018,2,3,17,30,122.16,0.15,2.5,0,0,0,0,11.5,37.19,960,0,0,0,0,27.400000000000002,87,2.9000000000000004
2018,2,3,18,30,136.34,0.15,2.6,0,0,0,0,12.5,42.45,960,0,0,0,0,26.3,99,3.6
2018,2,3,19,30,150.03,0.15,2.7,0,0,0,0,14.3,51.13,960,0,0,0,0,25.1,106,4.1000000000000005
2018,2,3,20,30,162.03,0.15,2.7,0,0,0,0,16.3,62.660000000000004,960,0,0,0,0,23.900000000000002,106,4
2018,2,3,21,30,166.5,0.15,2.8000000000000003,0,0,0,0,18,73.78,960,0,0,0,0,22.900000000000002,100,3.8000000000000003
2018,2,3,22,30,158.17000000000002,0.15,2.8000000000000003,0,0,0,0,19.1,82.46000000000001,959,0,0,0,0,22.200000000000003,92,3.9000000000000004
2018,2,3,23,30,145.29,0.15,2.8000000000000003,0,0,0,0,19.6,88.08,959,0,0,0,0,21.700000000000003,83,4.3
2018,2,4,0,30,131.35,0.15,2.8000000000000003,0,0,0,0,19.700000000000003,89.76,959,0,0,0,0,21.5,76,4.5
2018,2,4,1,30,117.09,0.15,2.7,0,0,0,0,19.6,90.77,960,0,0,0,0,21.200000000000003,72,4.5
2018,2,4,2,30,102.71000000000001,0.15,2.7,0,0,0,0,19.400000000000002,89.87,960,0,0,0,0,21.1,69,4.7
2018,2,4,3,30,88.04,0.15,2.6,14,14,14,0,19,82.54,961,14,14,0,14,22.1,67,5.6000000000000005
2018,2,4,4,30,73.95,0.15,2.5,90,480,222,0,18.2,67.47,962,90,480,0,222,24.6,66,6.4
2018,2,4,5,30,59.83,0.15,2.5,119,714,478,0,17.1,52.96,962,119,714,0,478,27.6,66,6.800000000000001
2018,2,4,6,30,46.07,0.15,2.6,139,815,705,0,16.400000000000002,42.58,961,139,815,0,705,30.5,64,6.800000000000001
2018,2,4,7,30,33.2,0.15,2.7,157,860,877,0,15.9,36.07,960,157,860,0,877,32.9,63,6.6000000000000005
2018,2,4,8,30,22.82,0.15,2.7,174,873,979,0,15.4,31.69,959,174,873,0,979,34.6,61,6.300000000000001
2018,2,4,9,30,19.45,0.15,2.8000000000000003,133,942,1021,0,14.600000000000001,28.240000000000002,958,133,942,0,1021,35.800000000000004,60,5.9
2018,2,4,10,30,25.98,0.15,2.8000000000000003,128,933,967,0,13.8,25.92,957,128,933,0,967,36.4,60,5.5
2018,2,4,11,30,37.56,0.15,2.8000000000000003,118,907,837,0,13,24.75,956,118,907,0,837,36.300000000000004,61,5.2
2018,2,4,12,30,50.85,0.15,2.8000000000000003,109,838,638,0,12.3,24.6,956,109,838,0,638,35.6,62,4.9
2018,2,4,13,30,64.77,0.15,2.7,91,718,397,0,11.8,25.72,957,91,718,0,397,34.2,64,4.4
2018,2,4,14,30,78.96000000000001,0.15,2.7,58,439,143,1,11.5,28.7,957,58,439,0,143,31.900000000000002,67,3.3000000000000003
2018,2,4,15,30,93.4,0.15,2.7,0,0,0,0,11.5,31.82,958,0,0,0,0,30.1,70,2.8000000000000003
2018,2,4,16,30,107.8,0.15,2.7,0,0,0,0,11.5,33.04,959,0,0,0,0,29.400000000000002,71,3.3000000000000003
2018,2,4,17,30,122.17,0.15,2.7,0,0,0,0,11.5,34.57,960,0,0,0,0,28.6,74,3.7
2018,2,4,18,30,136.38,0.15,2.7,0,0,0,0,11.5,36.77,960,0,0,0,0,27.6,79,4
2018,2,4,19,30,150.13,0.15,2.7,0,0,0,0,11.9,40.28,960,0,0,0,0,26.5,86,4.2
2018,2,4,20,30,162.23,0.15,2.7,0,0,0,0,13,46.85,960,0,0,0,0,25.200000000000003,91,4.2
2018,2,4,21,30,166.8,0.15,2.7,0,0,0,0,14.600000000000001,56.14,959,0,0,0,0,23.900000000000002,91,4
2018,2,4,22,30,158.36,0.15,2.7,0,0,0,0,16.1,66.01,959,0,0,0,0,22.8,85,3.8000000000000003
2018,2,4,23,30,145.4,0.15,2.6,0,0,0,0,17,73.59,959,0,0,0,0,21.900000000000002,78,3.8000000000000003
2018,2,5,0,30,131.43,0.15,2.6,0,0,0,0,17.1,77.13,960,0,0,0,0,21.3,72,4.2
2018,2,5,1,30,117.14,0.15,2.6,0,0,0,0,16.8,78.49,960,0,0,0,0,20.700000000000003,66,4.7
2018,2,5,2,30,102.74000000000001,0.15,2.6,0,0,0,0,16.3,77.41,961,0,0,0,0,20.400000000000002,60,5.4
2018,2,5,3,30,88.04,0.15,2.5,12,5,12,1,15.9,71.32000000000001,962,12,5,0,12,21.3,55,6.9
2018,2,5,4,30,73.93,0.15,2.5,106,383,211,0,15.3,59.06,962,106,383,0,211,23.8,53,8.3
2018,2,5,5,30,59.78,0.15,2.4000000000000004,151,621,464,0,14,45.52,962,151,621,0,464,26.700000000000003,51,8.700000000000001
2018,2,5,6,30,45.99,0.15,2.4000000000000004,152,794,704,0,12.600000000000001,35.02,962,152,794,0,704,29.700000000000003,51,8.5
2018,2,5,7,30,33.06,0.15,2.4000000000000004,147,885,889,0,11.600000000000001,28.2,961,147,885,0,889,32.300000000000004,50,8.1
2018,2,5,8,30,22.580000000000002,0.15,2.4000000000000004,138,934,1001,0,10.8,23.93,959,138,934,0,1001,34.300000000000004,49,7.7
2018,2,5,9,30,19.14,0.15,2.3000000000000003,131,956,1034,0,10.200000000000001,21.38,958,131,956,0,1034,35.6,49,7.300000000000001
2018,2,5,10,30,25.75,0.15,2.3000000000000003,132,938,977,0,9.5,19.81,957,132,938,0,977,36.2,50,7
2018,2,5,11,30,37.410000000000004,0.15,2.3000000000000003,134,889,840,0,8.9,19.04,956,134,889,0,840,36.1,51,6.7
2018,2,5,12,30,50.730000000000004,0.15,2.2,127,809,639,0,8.3,19.1,956,127,809,0,639,35.300000000000004,53,6.5
2018,2,5,13,30,64.69,0.15,2.2,109,663,393,0,7.800000000000001,20.1,956,109,663,0,393,33.800000000000004,55,6
2018,2,5,14,30,78.91,0.15,2.2,70,349,137,0,7.5,22.67,957,70,349,0,137,31.3,57,4.6000000000000005
2018,2,5,15,30,93.37,0.15,2.2,0,0,0,0,7.4,25.53,957,0,0,0,0,29.1,61,3.4000000000000004
2018,2,5,16,30,107.79,0.15,2.2,0,0,0,0,7.300000000000001,27.59,958,0,0,0,0,27.700000000000003,65,3.1
2018,2,5,17,30,122.19,0.15,2.2,0,0,0,0,7.300000000000001,29.400000000000002,959,0,0,0,0,26.6,70,3
2018,2,5,18,30,136.43,0.15,2.2,0,0,0,0,7.5,31.310000000000002,959,0,0,0,0,25.700000000000003,79,3.3000000000000003
2018,2,5,19,30,150.23,0.15,2.3000000000000003,0,0,0,0,8.200000000000001,35,959,0,0,0,0,24.700000000000003,87,3.6
2018,2,5,20,30,162.43,0.15,2.4000000000000004,0,0,0,0,10.200000000000001,42.62,959,0,0,0,0,23.6,90,3.9000000000000004
2018,2,5,21,30,167.1,0.15,2.4000000000000004,0,0,0,0,12.700000000000001,54.14,959,0,0,0,0,22.400000000000002,86,4.3
2018,2,5,22,30,158.55,0.15,2.5,0,0,0,0,14.700000000000001,65.62,959,0,0,0,0,21.400000000000002,80,4.7
2018,2,5,23,30,145.51,0.15,2.5,0,0,0,0,15.700000000000001,73.60000000000001,959,0,0,0,0,20.6,75,4.800000000000001
2018,2,6,0,30,131.5,0.15,2.5,0,0,0,0,16.2,78.93,960,0,0,0,0,20,69,4.9
2018,2,6,1,30,117.18,0.15,2.6,0,0,0,0,16.5,82.71000000000001,961,0,0,0,0,19.5,63,5.2
2018,2,6,2,30,102.76,0.15,2.6,0,0,0,0,16.6,84.43,961,0,0,0,0,19.3,58,5.800000000000001
2018,2,6,3,30,88.04,0.15,2.6,9,2,10,0,16.6,78.89,962,9,2,0,10,20.400000000000002,55,7.1000000000000005
2018,2,6,4,30,73.9,0.15,2.6,116,332,208,0,16,65.71000000000001,963,116,332,0,208,22.8,53,8.3
2018,2,6,5,30,59.730000000000004,0.15,2.5,163,590,460,0,14.8,50.45,963,163,590,0,460,25.900000000000002,53,8.6
2018,2,6,6,30,45.89,0.15,2.5,185,723,688,0,13.600000000000001,39.18,962,185,723,0,688,28.900000000000002,52,8.4
2018,2,6,7,30,32.910000000000004,0.15,2.5,200,793,865,0,12.600000000000001,31.45,961,200,793,0,865,31.5,50,8
2018,2,6,8,30,22.34,0.15,2.5,207,828,972,0,11.600000000000001,26.41,960,207,828,0,972,33.5,48,7.5
2018,2,6,9,30,18.84,0.15,2.4000000000000004,166,901,1018,0,10.700000000000001,22.96,959,166,901,0,1018,34.9,48,7
2018,2,6,10,30,25.52,0.15,2.3000000000000003,162,890,965,0,9.600000000000001,20.61,957,162,890,0,965,35.6,49,6.6000000000000005
2018,2,6,11,30,37.25,0.15,2.2,152,858,835,0,8.700000000000001,19.41,956,152,858,0,835,35.5,49,6.4
2018,2,6,12,30,50.63,0.15,2.1,136,792,638,0,7.800000000000001,19.01,956,136,792,0,638,34.800000000000004,50,6.1000000000000005
2018,2,6,13,30,64.62,0.15,2,111,663,395,0,7,19.650000000000002,957,111,663,0,395,33.2,51,5.6000000000000005
2018,2,6,14,30,78.86,0.15,1.9000000000000001,69,368,140,0,6.2,21.43,958,69,368,0,140,30.700000000000003,53,4.3
2018,2,6,15,30,93.34,0.15,1.8,0,0,0,0,5.5,23.36,959,0,0,0,0,28.400000000000002,55,3.6
2018,2,6,16,30,107.79,0.15,1.7000000000000002,0,0,0,0,4.6000000000000005,23.580000000000002,959,0,0,0,0,27.200000000000003,55,3.8000000000000003
2018,2,6,17,30,122.21000000000001,0.15,1.6,0,0,0,0,3.7,23.51,960,0,0,0,0,26.1,56,3.7
2018,2,6,18,30,136.48,0.15,1.6,0,0,0,0,2.7,23.63,960,0,0,0,0,24.900000000000002,58,3.5
2018,2,6,19,30,150.33,0.15,1.5,0,0,0,0,2.1,24.310000000000002,960,0,0,0,0,23.700000000000003,61,3.4000000000000004
2018,2,6,20,30,162.64000000000001,0.15,1.6,0,0,0,0,2.3000000000000003,25.98,960,0,0,0,0,22.8,65,3.5
2018,2,6,21,30,167.41,0.15,1.7000000000000002,0,0,0,0,3.9000000000000004,30.79,959,0,0,0,0,21.900000000000002,67,3.8000000000000003
2018,2,6,22,30,158.73,0.15,1.7000000000000002,0,0,0,0,6.9,40.03,959,0,0,0,0,21,67,3.9000000000000004
2018,2,6,23,30,145.62,0.15,1.7000000000000002,0,0,0,0,9.700000000000001,51.32,959,0,0,0,0,20.1,64,4.1000000000000005
2018,2,7,0,30,131.57,0.15,1.8,0,0,0,0,11.600000000000001,61.21,960,0,0,0,0,19.3,61,4.3
2018,2,7,1,30,117.22,0.15,1.7000000000000002,0,0,0,0,12.700000000000001,68.62,961,0,0,0,0,18.6,57,4.4
2018,2,7,2,30,102.77,0.15,1.7000000000000002,0,0,0,0,13.3,73.08,961,0,0,0,0,18.2,54,4.800000000000001
2018,2,7,3,30,88.04,0.15,1.7000000000000002,14,14,15,0,13.700000000000001,70.41,962,14,14,0,15,19.200000000000003,52,6.6000000000000005
2018,2,7,4,30,73.87,0.15,1.6,94,474,226,0,12.8,55.95,962,94,474,0,226,22,53,8.200000000000001
2018,2,7,5,30,59.67,0.15,1.6,130,706,486,0,10.5,39.13,962,130,706,0,486,25.400000000000002,53,8.5
2018,2,7,6,30,45.800000000000004,0.15,1.5,147,829,725,0,8.1,27.63,962,147,829,0,725,28.6,53,8.3
2018,2,7,7,30,32.76,0.15,1.4000000000000001,155,899,911,0,5.9,20.150000000000002,961,155,899,0,911,31.400000000000002,53,7.9
2018,2,7,8,30,22.09,0.15,1.4000000000000001,156,936,1023,0,3.8000000000000003,15.530000000000001,960,156,936,0,1023,33.5,53,7.4
2018,2,7,9,30,18.53,0.15,1.3,161,941,1052,0,2.1,12.76,958,161,941,0,1052,34.9,54,6.800000000000001
2018,2,7,10,30,25.29,0.15,1.3,157,928,996,0,1.1,11.35,957,157,928,0,996,35.6,56,6.2
2018,2,7,11,30,37.1,0.15,1.2000000000000002,152,890,862,0,0.5,10.97,956,152,890,0,862,35.5,59,5.800000000000001
2018,2,7,12,30,50.52,0.15,1.2000000000000002,139,815,657,0,0.2,11.23,956,139,815,0,657,34.7,62,5.5
2018,2,7,13,30,64.54,0.15,1.2000000000000002,116,674,406,0,0,12.13,956,116,674,0,406,33,65,4.6000000000000005
2018,2,7,14,30,78.81,0.15,1.1,72,372,145,0,-0.2,14.530000000000001,957,72,372,0,145,29.6,67,3.2
2018,2,7,15,30,93.31,0.15,1.1,0,0,0,0,-0.2,17.080000000000002,958,0,0,0,0,26.8,68,2.6
2018,2,7,16,30,107.78,0.15,1.1,0,0,0,0,-0.5,17.740000000000002,959,0,0,0,0,25.8,67,3
2018,2,7,17,30,122.23,0.15,1.1,0,0,0,0,-0.4,18.830000000000002,960,0,0,0,0,24.900000000000002,68,3.3000000000000003
2018,2,7,18,30,136.53,0.15,1.2000000000000002,0,0,0,0,0.5,21.37,960,0,0,0,0,23.900000000000002,71,3.5
2018,2,7,19,30,150.43,0.15,1.3,0,0,0,0,2.7,26.68,960,0,0,0,0,22.900000000000002,76,3.6
2018,2,7,20,30,162.85,0.15,1.4000000000000001,0,0,0,0,6.1000000000000005,35.84,960,0,0,0,0,21.900000000000002,80,3.5
2018,2,7,21,30,167.71,0.15,1.6,0,0,0,0,9.4,47.51,960,0,0,0,0,21,80,3.4000000000000004
2018,2,7,22,30,158.92000000000002,0.15,1.6,0,0,0,0,12.200000000000001,59.89,960,0,0,0,0,20.200000000000003,77,3.4000000000000004
2018,2,7,23,30,145.73,0.15,1.6,0,0,0,0,13.9,69.98,960,0,0,0,0,19.5,72,3.3000000000000003
2018,2,8,0,30,131.63,0.15,1.6,0,0,0,0,14.8,77.8,960,0,0,0,0,18.8,67,3.4000000000000004
2018,2,8,1,30,117.26,0.15,1.6,0,0,0,0,15.3,82.55,961,0,0,0,0,18.3,63,3.6
2018,2,8,2,30,102.79,0.15,1.5,0,0,0,0,15.4,84.7,961,0,0,0,0,18,60,4.1000000000000005
2018,2,8,3,30,88.03,0.15,1.4000000000000001,16,37,17,0,15.4,77.99,962,16,37,0,17,19.3,60,5.5
2018,2,8,4,30,73.84,0.15,1.4000000000000001,80,570,239,0,14.600000000000001,61.01,962,80,570,0,239,22.5,62,6.800000000000001
2018,2,8,5,30,59.61,0.15,1.3,105,795,507,0,12.700000000000001,43.14,962,105,795,0,507,26.200000000000003,65,6.9
2018,2,8,6,30,45.7,0.15,1.3,119,898,746,0,10.200000000000001,29.93,961,119,898,0,746,29.700000000000003,67,6.7
2018,2,8,7,30,32.6,0.15,1.3,127,952,929,0,7.6000000000000005,21.44,960,127,952,0,929,32.4,69,6.300000000000001
2018,2,8,8,30,21.84,0.15,1.3,131,978,1039,0,5.7,16.79,959,131,978,0,1039,34.4,71,5.7
2018,2,8,9,30,18.22,0.15,1.3,131,986,1068,0,4.2,14.15,958,131,986,0,1068,35.7,72,5.1000000000000005
2018,2,8,10,30,25.060000000000002,0.15,1.3,128,975,1011,0,3.2,12.77,957,128,975,0,1011,36.300000000000004,75,4.6000000000000005
2018,2,8,11,30,36.94,0.15,1.3,121,944,876,0,2.6,12.21,956,121,944,0,876,36.300000000000004,78,4.2
2018,2,8,12,30,50.42,0.15,1.4000000000000001,106,888,672,0,2.3000000000000003,12.450000000000001,956,106,888,0,672,35.5,82,4
2018,2,8,13,30,64.47,0.15,1.4000000000000001,88,771,420,0,2.2,13.65,956,88,771,0,420,33.7,86,3.3000000000000003
2018,2,8,14,30,78.76,0.15,1.4000000000000001,57,501,155,0,2.5,17.06,957,57,501,0,155,30.200000000000003,90,2.2
2018,2,8,15,30,93.29,0.15,1.5,0,0,0,0,3.4000000000000004,21.37,958,0,0,0,0,27.400000000000002,93,2
2018,2,8,16,30,107.78,0.15,1.5,0,0,0,0,4.4,24.12,959,0,0,0,0,26.5,95,2.5
2018,2,8,17,30,122.25,0.15,1.6,0,0,0,0,6.4,29.18,959,0,0,0,0,25.700000000000003,101,3.2
2018,2,8,18,30,136.59,0.15,1.8,0,0,0,7,9.600000000000001,38.76,959,0,0,0,0,24.6,108,3.6
2018,2,8,19,30,150.54,0.15,2,0,0,0,0,13.100000000000001,52.480000000000004,960,0,0,0,0,23.400000000000002,112,3.5
2018,2,8,20,30,163.06,0.15,2.1,0,0,0,1,15.9,67.46000000000001,959,0,0,0,0,22.200000000000003,111,3.1
2018,2,8,21,30,168.03,0.15,2.1,0,0,0,0,17.7,79.97,959,0,0,0,0,21.3,104,2.9000000000000004
2018,2,8,22,30,159.1,0.15,2.2,0,0,0,0,18.5,87.46000000000001,959,0,0,0,0,20.700000000000003,94,2.8000000000000003
2018,2,8,23,30,145.83,0.15,2.3000000000000003,0,0,0,8,18.900000000000002,91.46000000000001,959,0,0,0,0,20.3,87,3.2
2018,2,9,0,30,131.69,0.15,2.3000000000000003,0,0,0,0,19,93.43,960,0,0,0,0,20.1,82,3.4000000000000004
2018,2,9,1,30,117.29,0.15,2.4000000000000004,0,0,0,3,19,94.83,960,0,0,0,0,19.900000000000002,77,3.6
2018,2,9,2,30,102.8,0.15,2.4000000000000004,0,0,0,0,19,93.3,961,0,0,0,0,20.1,74,4.1000000000000005
2018,2,9,3,30,88.02,0.15,2.5,16,37,17,3,18.900000000000002,85.02,961,9,0,7,9,21.5,71,4.9
2018,2,9,4,30,73.81,0.15,2.5,79,548,232,3,18.5,69.63,962,130,6,0,132,24.400000000000002,70,5.6000000000000005
2018,2,9,5,30,59.550000000000004,0.15,2.5,101,773,493,0,17.900000000000002,54.58,962,101,773,0,493,27.900000000000002,70,5.7
2018,2,9,6,30,45.61,0.15,2.5,121,861,723,7,17.1,43.64,961,224,659,0,685,30.900000000000002,71,5.300000000000001
2018,2,9,7,30,32.44,0.15,2.5,125,923,904,0,16.2,36.45,960,125,923,0,904,33.1,72,4.9
2018,2,9,8,30,21.580000000000002,0.15,2.6,123,955,1011,0,15.200000000000001,31.02,959,123,955,0,1011,34.800000000000004,74,4.5
2018,2,9,9,30,17.900000000000002,0.15,2.6,117,971,1042,0,14.200000000000001,27.34,957,117,971,0,1042,35.9,76,4.1000000000000005
2018,2,9,10,30,24.830000000000002,0.15,2.6,112,965,988,0,13.3,25.150000000000002,956,112,965,0,988,36.4,79,3.9000000000000004
2018,2,9,11,30,36.800000000000004,0.15,2.6,103,939,855,0,12.700000000000001,24.12,955,103,939,0,855,36.4,83,3.9000000000000004
2018,2,9,12,30,50.32,0.15,2.6,91,888,658,0,12.200000000000001,24.37,955,91,888,0,658,35.7,87,4
2018,2,9,13,30,64.41,0.15,2.7,75,782,413,0,12,25.93,955,75,782,0,413,34.300000000000004,91,3.7
2018,2,9,14,30,78.72,0.15,2.7,48,542,154,0,12,29.87,956,48,542,0,154,31.8,96,2.8000000000000003
2018,2,9,15,30,93.27,0.15,2.7,0,0,0,7,12.4,34.35,957,0,0,0,0,29.8,100,2.3000000000000003
2018,2,9,16,30,107.78,0.15,2.7,0,0,0,7,12.9,36.9,958,0,0,0,0,29.1,104,2.8000000000000003
2018,2,9,17,30,122.27,0.15,2.7,0,0,0,7,13.5,40.46,958,0,0,0,0,28.200000000000003,109,3.3000000000000003
2018,2,9,18,30,136.64000000000001,0.15,2.7,0,0,0,7,14.600000000000001,46.57,959,0,0,0,0,27,116,3.9000000000000004
2018,2,9,19,30,150.65,0.15,2.7,0,0,0,7,16.2,55.730000000000004,959,0,0,0,0,25.700000000000003,119,4.2
2018,2,9,20,30,163.27,0.15,2.7,0,0,0,3,17.900000000000002,66.94,958,0,0,0,0,24.400000000000002,118,4.1000000000000005
2018,2,9,21,30,168.34,0.15,2.7,0,0,0,0,19.1,76.95,958,0,0,0,0,23.400000000000002,113,3.9000000000000004
2018,2,9,22,30,159.27,0.15,2.7,0,0,0,3,19.8,83.88,958,0,0,0,0,22.700000000000003,106,3.7
2018,2,9,23,30,145.93,0.15,2.7,0,0,0,7,20.1,88.14,958,0,0,0,0,22.200000000000003,99,3.6
2018,2,10,0,30,131.75,0.15,2.7,0,0,0,0,20.200000000000003,90.82000000000001,958,0,0,0,0,21.8,93,3.7
2018,2,10,1,30,117.32000000000001,0.15,2.7,0,0,0,0,20.3,92.08,959,0,0,0,0,21.6,90,3.8000000000000003
2018,2,10,2,30,102.8,0.15,2.7,0,0,0,0,20.200000000000003,91.88,959,0,0,0,0,21.6,87,4
2018,2,10,3,30,88.01,0.15,2.7,16,68,19,8,20.1,84.45,960,14,0,7,14,22.900000000000002,85,4.7
2018,2,10,4,30,73.77,0.15,2.8000000000000003,69,598,236,0,19.6,69.44,961,69,598,0,236,25.6,83,5.300000000000001
2018,2,10,5,30,59.49,0.15,2.8000000000000003,89,802,496,0,18.7,54.65,961,89,802,0,496,28.700000000000003,81,5.5
2018,2,10,6,30,45.5,0.15,2.9000000000000004,101,892,727,0,17.8,44.18,961,101,892,0,727,31.400000000000002,81,5.4
2018,2,10,7,30,32.28,0.15,3,108,940,903,0,17,37.410000000000004,960,108,940,0,903,33.5,82,5.1000000000000005
2018,2,10,8,30,21.32,0.15,3.1,112,962,1008,0,16.400000000000002,33.17,958,112,962,0,1008,35,86,4.9
2018,2,10,9,30,17.580000000000002,0.15,3.2,105,977,1037,0,16,30.82,957,105,977,0,1037,35.9,89,4.800000000000001
2018,2,10,10,30,24.6,0.15,3.3000000000000003,100,968,981,0,15.700000000000001,29.490000000000002,956,100,968,0,981,36.300000000000004,93,4.7
2018,2,10,11,30,36.65,0.15,3.4000000000000004,94,941,849,0,15.4,29.41,955,94,941,0,849,36,96,4.7
2018,2,10,12,30,50.22,0.15,3.5,79,900,654,0,15.100000000000001,30.22,955,79,900,0,654,35.2,100,4.800000000000001
2018,2,10,13,30,64.34,0.15,3.6,67,794,411,0,15.100000000000001,32.63,955,67,794,0,411,33.800000000000004,106,4.800000000000001
2018,2,10,14,30,78.68,0.15,3.7,45,548,153,0,15.5,36.730000000000004,956,45,548,0,153,32.1,113,4.9
2018,2,10,15,30,93.25,0.15,3.8000000000000003,0,0,0,0,16.2,42.37,957,0,0,0,0,30.400000000000002,121,5.4
2018,2,10,16,30,107.79,0.15,3.8000000000000003,0,0,0,0,17.2,49.75,958,0,0,0,0,28.700000000000003,124,6.1000000000000005
2018,2,10,17,30,122.3,0.15,3.8000000000000003,0,0,0,0,18.1,58.65,959,0,0,0,0,26.900000000000002,123,6.1000000000000005
2018,2,10,18,30,136.70000000000002,0.15,3.9000000000000004,0,0,0,0,18.900000000000002,66.74,959,0,0,0,0,25.5,120,5.800000000000001
2018,2,10,19,30,150.75,0.15,3.9000000000000004,0,0,0,7,19.5,73.61,959,0,0,0,0,24.5,118,5.300000000000001
2018,2,10,20,30,163.48,0.15,4,0,0,0,7,20,79.58,959,0,0,0,0,23.700000000000003,115,5
2018,2,10,21,30,168.66,0.15,4,0,0,0,7,20.200000000000003,83.5,959,0,0,0,0,23.200000000000003,111,4.7
2018,2,10,22,30,159.44,0.15,4,0,0,0,7,20.400000000000002,85.8,959,0,0,0,0,22.900000000000002,109,4.6000000000000005
2018,2,10,23,30,146.02,0.15,4,0,0,0,1,20.400000000000002,87.01,959,0,0,0,0,22.700000000000003,106,4.4
2018,2,11,0,30,131.8,0.15,4,0,0,0,7,20.5,87.81,959,0,0,0,0,22.6,105,4.2
2018,2,11,1,30,117.34,0.15,4,0,0,0,7,20.6,88.75,960,0,0,0,0,22.5,104,4.1000000000000005
2018,2,11,2,30,102.81,0.15,4,0,0,0,7,20.6,88.58,961,0,0,0,0,22.6,102,4.2
2018,2,11,3,30,87.99,0.15,4,15,52,17,7,20.700000000000003,83.17,962,11,0,7,11,23.700000000000003,99,4.800000000000001
2018,2,11,4,30,73.73,0.15,4,77,525,224,7,20.3,70.27,962,135,58,7,151,26.1,95,5.4
2018,2,11,5,30,59.42,0.15,4,107,726,476,3,19.5,57.13,963,285,75,0,324,28.8,92,5.5
2018,2,11,6,30,45.4,0.15,4,125,824,703,8,18.7,47,962,317,80,0,374,31.400000000000002,90,5.300000000000001
2018,2,11,7,30,32.12,0.15,4,136,876,878,7,18.2,40.7,961,403,195,0,568,33.4,89,5.1000000000000005
2018,2,11,8,30,21.06,0.15,4,140,905,985,3,17.900000000000002,36.79,960,475,76,0,546,34.800000000000004,90,5
2018,2,11,9,30,17.25,0.15,3.9000000000000004,139,916,1014,3,17.400000000000002,34.12,958,481,140,0,615,35.6,91,4.800000000000001
2018,2,11,10,30,24.38,0.15,3.9000000000000004,134,907,960,3,16.8,32.17,957,508,184,0,675,36,91,4.800000000000001
2018,2,11,11,30,36.51,0.15,3.8000000000000003,125,879,832,1,16.2,31.18,956,125,879,0,832,35.9,91,4.7
2018,2,11,12,30,50.13,0.15,3.8000000000000003,115,812,635,1,15.700000000000001,31.3,956,115,812,0,635,35.2,91,4.6000000000000005
2018,2,11,13,30,64.28,0.15,3.7,92,700,396,0,15.200000000000001,32.31,957,92,700,0,396,34.1,90,4.2
2018,2,11,14,30,78.65,0.15,3.7,57,444,145,0,15,34.76,958,57,444,0,145,32.5,91,3.4000000000000004
2018,2,11,15,30,93.24,0.15,3.7,0,0,0,0,14.9,37.050000000000004,959,0,0,0,0,31.3,100,3.2
2018,2,11,16,30,107.79,0.15,3.7,0,0,0,0,15,39.42,960,0,0,0,0,30.3,112,4.1000000000000005
2018,2,11,17,30,122.33,0.15,3.6,0,0,0,0,15.5,44.730000000000004,960,0,0,0,0,28.700000000000003,119,4.9
2018,2,11,18,30,136.76,0.15,3.6,0,0,0,0,16.7,54.03,961,0,0,0,0,26.8,120,5.1000000000000005
2018,2,11,19,30,150.86,0.15,3.6,0,0,0,0,18.1,64.82000000000001,961,0,0,0,0,25.200000000000003,118,4.9
2018,2,11,20,30,163.69,0.15,3.6,0,0,0,0,19.1,73.52,960,0,0,0,0,24.1,115,4.5
2018,2,11,21,30,168.98,0.15,3.6,0,0,0,0,19.6,79.63,960,0,0,0,0,23.3,111,4.2
2018,2,11,22,30,159.61,0.15,3.5,0,0,0,0,19.8,83.16,960,0,0,0,0,22.8,109,4
2018,2,11,23,30,146.11,0.15,3.5,0,0,0,0,19.900000000000002,85.60000000000001,960,0,0,0,0,22.400000000000002,106,3.8000000000000003
2018,2,12,0,30,131.85,0.15,3.5,0,0,0,1,20,88.18,960,0,0,0,0,22,104,3.7
2018,2,12,1,30,117.36,0.15,3.5,0,0,0,0,20.1,89.99,961,0,0,0,0,21.8,102,3.8000000000000003
2018,2,12,2,30,102.8,0.15,3.5,0,0,0,0,20.200000000000003,90.07000000000001,962,0,0,0,0,21.900000000000002,99,3.9000000000000004
2018,2,12,3,30,87.97,0.15,3.5,16,70,18,0,20.3,84.09,963,16,70,0,18,23.1,96,4.5
2018,2,12,4,30,73.69,0.15,3.6,68,581,231,0,19.8,70.02,963,68,581,0,231,25.700000000000003,93,5.1000000000000005
2018,2,12,5,30,59.35,0.15,3.6,92,775,487,0,19,56.1,963,92,775,0,487,28.6,91,5.300000000000001
2018,2,12,6,30,45.29,0.15,3.7,100,880,719,0,18.1,45.78,963,100,880,0,719,31.200000000000003,88,5.300000000000001
2018,2,12,7,30,31.95,0.15,3.8000000000000003,110,922,892,0,17.5,38.63,962,110,922,0,892,33.5,87,5.1000000000000005
2018,2,12,8,30,20.8,0.15,3.8000000000000003,115,944,998,0,17,33.97,961,115,944,0,998,35.2,88,5
2018,2,12,9,30,16.93,0.15,3.8000000000000003,109,960,1028,0,16.400000000000002,31.220000000000002,959,109,960,0,1028,36.1,90,4.9
2018,2,12,10,30,24.150000000000002,0.15,3.8000000000000003,109,946,973,0,16,29.810000000000002,958,109,946,0,973,36.4,93,4.9
2018,2,12,11,30,36.37,0.15,3.9000000000000004,105,913,840,0,15.600000000000001,29.92,958,105,913,0,840,35.9,96,4.800000000000001
2018,2,12,12,30,50.04,0.15,3.8000000000000003,96,853,644,0,15.3,31.16,958,96,853,0,644,34.9,98,4.800000000000001
2018,2,12,13,30,64.22,0.15,3.8000000000000003,81,737,402,0,15.200000000000001,32.79,958,81,737,0,402,33.800000000000004,100,4.5
2018,2,12,14,30,78.61,0.15,3.8000000000000003,53,475,147,0,15,35.08,959,53,475,0,147,32.4,105,3.9000000000000004
2018,2,12,15,30,93.22,0.15,3.8000000000000003,0,0,0,0,14.9,37.03,960,0,0,0,0,31.3,115,3.9000000000000004
2018,2,12,16,30,107.8,0.15,3.8000000000000003,0,0,0,0,15,40.2,961,0,0,0,0,30,125,5.1000000000000005
2018,2,12,17,30,122.36,0.15,3.8000000000000003,0,0,0,0,16,47.89,962,0,0,0,0,28.1,128,5.9
2018,2,12,18,30,136.82,0.15,3.8000000000000003,0,0,0,0,17.7,59.5,962,0,0,0,0,26.200000000000003,125,5.800000000000001
2018,2,12,19,30,150.97,0.15,3.8000000000000003,0,0,0,0,18.900000000000002,69.76,962,0,0,0,0,24.8,121,5.2
2018,2,12,20,30,163.91,0.15,3.8000000000000003,0,0,0,0,19.5,75.89,962,0,0,0,0,24,117,4.800000000000001
2018,2,12,21,30,169.3,0.15,3.7,0,0,0,0,19.8,80.56,962,0,0,0,0,23.3,113,4.5
2018,2,12,22,30,159.77,0.15,3.6,0,0,0,0,20,83.77,962,0,0,0,0,22.900000000000002,110,4.4
2018,2,12,23,30,146.20000000000002,0.15,3.6,0,0,0,1,20.200000000000003,86.85000000000001,962,0,0,0,0,22.5,108,4.3
2018,2,13,0,30,131.9,0.15,3.5,0,0,0,0,20.3,88.59,962,0,0,0,0,22.3,107,4.1000000000000005
2018,2,13,1,30,117.38,0.15,3.4000000000000004,0,0,0,0,20.400000000000002,89.77,962,0,0,0,0,22.200000000000003,107,4
2018,2,13,2,30,102.8,0.15,3.4000000000000004,0,0,0,0,20.5,90.35000000000001,963,0,0,0,0,22.200000000000003,107,4
2018,2,13,3,30,87.95,0.15,3.4000000000000004,16,63,18,0,20.5,84.49,964,16,63,0,18,23.3,106,4.6000000000000005
2018,2,13,4,30,73.64,0.15,3.4000000000000004,72,566,231,0,19.900000000000002,70.39,964,72,566,0,231,25.700000000000003,105,5.2
2018,2,13,5,30,59.27,0.15,3.4000000000000004,94,772,489,1,19,56.11,964,94,772,0,489,28.6,103,5.300000000000001
2018,2,13,6,30,45.18,0.15,3.4000000000000004,107,869,719,0,17.8,44.11,964,107,869,0,719,31.5,101,5.2
2018,2,13,7,30,31.78,0.15,3.4000000000000004,117,916,896,0,16.8,36.33,963,117,916,0,896,33.800000000000004,98,5
2018,2,13,8,30,20.53,0.15,3.4000000000000004,124,938,1002,0,16.1,31.68,961,124,938,0,1002,35.5,95,4.7
2018,2,13,9,30,16.6,0.15,3.4000000000000004,102,978,1039,0,15.600000000000001,29.07,960,102,978,0,1039,36.4,91,4.4
2018,2,13,10,30,23.93,0.15,3.4000000000000004,102,965,984,0,15,27.51,959,102,965,0,984,36.800000000000004,89,4.2
2018,2,13,11,30,36.230000000000004,0.15,3.5,98,932,850,0,14.600000000000001,27.19,958,98,932,0,850,36.5,90,4
2018,2,13,12,30,49.95,0.15,3.5,98,855,648,0,14.3,27.91,958,98,855,0,648,35.7,94,3.9000000000000004
2018,2,13,13,30,64.17,0.15,3.5,84,732,403,0,14.200000000000001,29.59,959,84,732,0,403,34.5,101,3.8000000000000003
2018,2,13,14,30,78.58,0.15,3.6,56,462,147,0,14.200000000000001,32.43,959,56,462,0,147,32.9,113,3.5
2018,2,13,15,30,93.21000000000001,0.15,3.6,0,0,0,0,14.600000000000001,36.08,960,0,0,0,0,31.400000000000002,126,4
2018,2,13,16,30,107.81,0.15,3.6,0,0,0,0,15.4,41.550000000000004,961,0,0,0,0,29.900000000000002,133,5.2
2018,2,13,17,30,122.4,0.15,3.6,0,0,0,0,16.900000000000002,51.230000000000004,962,0,0,0,0,27.900000000000002,132,5.800000000000001
2018,2,13,18,30,136.89000000000001,0.15,3.5,0,0,0,0,18.2,62.35,962,0,0,0,0,26,128,5.6000000000000005
2018,2,13,19,30,151.08,0.15,3.4000000000000004,0,0,0,0,19,70.78,962,0,0,0,0,24.700000000000003,122,5
2018,2,13,20,30,164.12,0.15,3.3000000000000003,0,0,0,0,19.400000000000002,76.09,962,0,0,0,0,23.900000000000002,118,4.6000000000000005
2018,2,13,21,30,169.63,0.15,3.2,0,0,0,0,19.6,80.44,961,0,0,0,0,23.200000000000003,115,4.4
2018,2,13,22,30,159.93,0.15,3.1,0,0,0,0,19.8,83.81,961,0,0,0,0,22.700000000000003,112,4.3
2018,2,13,23,30,146.28,0.15,3.1,0,0,0,0,19.900000000000002,86.03,961,0,0,0,0,22.400000000000002,109,4.3
2018,2,14,0,30,131.94,0.15,3,0,0,0,0,20,88.01,961,0,0,0,0,22.1,106,4.2
2018,2,14,1,30,117.4,0.15,2.9000000000000004,0,0,0,0,20.1,89.51,962,0,0,0,0,21.900000000000002,104,4.1000000000000005
2018,2,14,2,30,102.79,0.15,2.8000000000000003,0,0,0,0,20.1,88.91,962,0,0,0,0,22,102,4.1000000000000005
2018,2,14,3,30,87.92,0.15,2.8000000000000003,16,89,19,0,20,82.86,963,16,89,0,19,23.1,100,4.5
2018,2,14,4,30,73.59,0.15,2.8000000000000003,68,607,239,1,19.5,69.74,964,68,607,0,239,25.400000000000002,99,5
2018,2,14,5,30,59.2,0.15,2.7,89,804,501,3,18.6,55.370000000000005,964,261,37,0,280,28.400000000000002,98,5
2018,2,14,6,30,45.07,0.15,2.7,108,884,732,3,17.8,44.43,963,375,83,0,433,31.3,96,4.9
2018,2,14,7,30,31.61,0.15,2.7,117,933,911,3,16.900000000000002,36.99,962,488,195,0,654,33.6,95,4.5
2018,2,14,8,30,20.26,0.15,2.7,120,958,1019,0,15.8,31.34,961,120,958,0,1019,35.300000000000004,95,4.2
2018,2,14,9,30,16.26,0.15,2.7,104,988,1053,0,14.600000000000001,27.34,960,104,988,0,1053,36.4,95,3.9000000000000004
2018,2,14,10,30,23.71,0.15,2.7,102,978,998,0,13.8,25.07,959,102,978,0,998,37,94,3.7
2018,2,14,11,30,36.1,0.15,2.8000000000000003,96,950,863,0,13.200000000000001,24.34,958,96,950,0,863,36.9,96,3.6
2018,2,14,12,30,49.86,0.15,2.8000000000000003,87,894,664,0,12.9,24.57,958,87,894,0,664,36.300000000000004,98,3.7
2018,2,14,13,30,64.12,0.15,2.8000000000000003,73,789,418,0,12.700000000000001,26.080000000000002,958,73,789,0,418,35,101,3.5
2018,2,14,14,30,78.56,0.15,2.9000000000000004,49,542,156,0,12.700000000000001,29.16,959,49,542,0,156,33,108,2.8000000000000003
2018,2,14,15,30,93.21000000000001,0.15,2.9000000000000004,0,0,0,0,12.9,32.05,960,0,0,0,0,31.6,118,3
2018,2,14,16,30,107.83,0.15,2.9000000000000004,0,0,0,0,13.5,35.02,960,0,0,0,0,30.700000000000003,126,4.5
2018,2,14,17,30,122.43,0.15,3,0,0,0,1,15,43.08,961,0,0,0,0,28.8,129,5.6000000000000005
2018,2,14,18,30,136.95000000000002,0.15,3,0,0,0,0,17.2,56.18,962,0,0,0,0,26.6,127,5.6000000000000005
2018,2,14,19,30,151.19,0.15,2.9000000000000004,0,0,0,0,18.8,68.39,962,0,0,0,0,25,122,5.2
2018,2,14,20,30,164.34,0.15,2.8000000000000003,0,0,0,0,19.6,76.35000000000001,962,0,0,0,0,24,117,4.7
2018,2,14,21,30,169.96,0.15,2.8000000000000003,0,0,0,0,19.900000000000002,81.43,961,0,0,0,0,23.3,111,4.4
2018,2,14,22,30,160.08,0.15,2.7,0,0,0,1,20.200000000000003,84.71000000000001,961,0,0,0,0,22.900000000000002,105,4.5
2018,2,14,23,30,146.35,0.15,2.6,0,0,0,0,20.400000000000002,87.43,961,0,0,0,0,22.6,100,4.5
2018,2,15,0,30,131.97,0.15,2.6,0,0,0,1,20.5,89.12,962,0,0,0,0,22.400000000000002,96,4.4
2018,2,15,1,30,117.41,0.15,2.5,0,0,0,0,20.5,90.02,962,0,0,0,0,22.200000000000003,93,4.4
2018,2,15,2,30,102.78,0.15,2.5,0,0,0,1,20.3,88.9,963,0,0,0,0,22.200000000000003,90,4.5
2018,2,15,3,30,87.89,0.15,2.5,16,117,21,0,20,81.74,964,16,117,0,21,23.3,87,5.2
2018,2,15,4,30,73.54,0.15,2.5,63,642,245,0,19.3,67.82000000000001,964,63,642,0,245,25.700000000000003,85,5.6000000000000005
2018,2,15,5,30,59.120000000000005,0.15,2.5,84,827,508,0,18.3,53.44,964,84,827,0,508,28.700000000000003,84,5.6000000000000005
2018,2,15,6,30,44.96,0.15,2.6,97,909,740,0,17.1,42.12,964,97,909,0,740,31.5,82,5.300000000000001
2018,2,15,7,30,31.44,0.15,2.7,105,951,917,0,16.2,34.94,963,105,951,0,917,33.800000000000004,83,4.9
2018,2,15,8,30,19.98,0.15,2.8000000000000003,110,971,1023,0,15.3,30.22,961,110,971,0,1023,35.4,85,4.5
2018,2,15,9,30,15.93,0.15,2.9000000000000004,111,974,1048,0,14.4,26.88,959,111,974,0,1048,36.5,89,4.2
2018,2,15,10,30,23.490000000000002,0.15,3,110,960,990,0,13.8,25.060000000000002,958,110,960,0,990,37,93,4.1000000000000005
2018,2,15,11,30,35.97,0.15,3,106,927,856,0,13.3,24.45,957,106,927,0,856,36.9,97,4.1000000000000005
2018,2,15,12,30,49.78,0.15,3.1,99,860,654,1,12.9,24.66,957,99,860,0,654,36.300000000000004,99,4.2
2018,2,15,13,30,64.07000000000001,0.15,3.1,86,738,409,0,12.600000000000001,26.11,958,86,738,0,409,34.9,100,4.1000000000000005
2018,2,15,14,30,78.53,0.15,3.1,57,471,150,0,12.4,28.25,958,57,471,0,150,33.2,103,3.6
2018,2,15,15,30,93.2,0.15,3.1,0,0,0,0,12.3,30.18,959,0,0,0,0,31.900000000000002,109,3.7
2018,2,15,16,30,107.84,0.15,3.2,0,0,0,0,12.4,32.69,960,0,0,0,0,30.700000000000003,115,4.7
2018,2,15,17,30,122.47,0.15,3.3000000000000003,0,0,0,0,13.700000000000001,39.04,961,0,0,0,0,29,118,5.5
2018,2,15,18,30,137.02,0.15,3.3000000000000003,0,0,0,0,16.3,51.92,962,0,0,0,0,27,114,5.7
2018,2,15,19,30,151.31,0.15,3.4000000000000004,0,0,0,0,18.3,63.97,962,0,0,0,0,25.6,109,5.300000000000001
2018,2,15,20,30,164.55,0.15,3.4000000000000004,0,0,0,0,19.1,71.67,962,0,0,0,0,24.6,104,4.9
2018,2,15,21,30,170.28,0.15,3.3000000000000003,0,0,0,0,19.400000000000002,76.13,961,0,0,0,0,23.900000000000002,99,4.6000000000000005
2018,2,15,22,30,160.23,0.15,3.2,0,0,0,0,19.6,79.56,961,0,0,0,0,23.3,95,4.3
2018,2,15,23,30,146.42000000000002,0.15,3.2,0,0,0,0,19.6,82.74,961,0,0,0,0,22.700000000000003,92,4.1000000000000005
2018,2,16,0,30,132,0.16,3.1,0,0,0,0,19.6,85.28,961,0,0,0,0,22.200000000000003,90,4
2018,2,16,1,30,117.41,0.16,3.1,0,0,0,0,19.6,87.83,962,0,0,0,0,21.700000000000003,88,3.9000000000000004
2018,2,16,2,30,102.77,0.16,3.1,0,0,0,0,19.6,88.28,963,0,0,0,0,21.6,85,4.2
2018,2,16,3,30,87.86,0.16,3.2,16,105,20,0,19.5,81.73,963,16,105,0,20,22.8,83,5.1000000000000005
2018,2,16,4,30,73.49,0.16,3.2,62,632,242,0,18.8,66.48,964,62,632,0,242,25.5,84,6.1000000000000005
2018,2,16,5,30,59.04,0.16,3.3000000000000003,80,819,501,0,17.6,51.11,964,80,819,0,501,28.700000000000003,85,6.4
2018,2,16,6,30,44.84,0.16,3.4000000000000004,94,898,730,0,17,41.83,963,94,898,0,730,31.5,86,6.2
2018,2,16,7,30,31.27,0.16,3.5,102,941,906,0,16.8,36.44,962,102,941,0,906,33.7,86,5.800000000000001
2018,2,16,8,30,19.71,0.16,3.6,106,962,1011,0,16.400000000000002,33.04,961,106,962,0,1011,35.1,86,5.4
2018,2,16,9,30,15.59,0.16,3.8000000000000003,98,976,1038,0,16.1,30.68,960,98,976,0,1038,36,89,5.1000000000000005
2018,2,16,10,30,23.28,0.16,3.9000000000000004,97,963,981,1,15.8,29.89,959,97,963,0,981,36.2,92,4.9
2018,2,16,11,30,35.84,0.16,4,93,932,848,1,15.8,30.310000000000002,958,93,932,0,848,35.9,96,4.9
2018,2,16,12,30,49.71,0.16,4.1000000000000005,86,872,650,1,15.9,32.24,958,86,872,0,650,34.9,101,5
2018,2,16,13,30,64.02,0.16,4.2,75,757,406,3,16.3,36.160000000000004,959,220,29,0,233,33.300000000000004,105,5.1000000000000005
2018,2,16,14,30,78.51,0.16,4.3,51,495,149,3,16.900000000000002,41.14,959,20,0,0,20,31.700000000000003,108,5
2018,2,16,15,30,93.2,0.16,4.3,0,0,0,0,17.5,46.06,960,0,0,0,0,30.400000000000002,111,5
2018,2,16,16,30,107.86,0.16,4.3,0,0,0,1,17.900000000000002,50.11,961,0,0,0,0,29.400000000000002,114,5.1000000000000005
2018,2,16,17,30,122.51,0.16,4.2,0,0,0,0,18.2,54.38,961,0,0,0,0,28.3,115,5.1000000000000005
2018,2,16,18,30,137.08,0.16,4.1000000000000005,0,0,0,0,18.5,58.99,961,0,0,0,0,27.200000000000003,112,5
2018,2,16,19,30,151.42000000000002,0.16,4,0,0,0,3,18.8,64.2,961,0,0,0,0,26.1,109,4.7
2018,2,16,20,30,164.77,0.16,3.9000000000000004,0,0,0,3,19.1,69.15,961,0,0,0,0,25.200000000000003,104,4.4
2018,2,16,21,30,170.61,0.16,3.8000000000000003,0,0,0,0,19.5,73.98,960,0,0,0,0,24.400000000000002,100,4.2
2018,2,16,22,30,160.37,0.16,3.7,0,0,0,0,19.8,78.58,959,0,0,0,0,23.700000000000003,97,4
2018,2,16,23,30,146.49,0.16,3.7,0,0,0,0,20,82.88,959,0,0,0,0,23.1,94,3.8000000000000003
2018,2,17,0,30,132.03,0.16,3.6,0,0,0,0,20.3,86.24,960,0,0,0,0,22.700000000000003,91,3.8000000000000003
2018,2,17,1,30,117.41,0.16,3.6,0,0,0,0,20.400000000000002,88.73,960,0,0,0,0,22.400000000000002,88,4
2018,2,17,2,30,102.75,0.16,3.6,0,0,0,0,20.5,89.23,961,0,0,0,0,22.400000000000002,87,4.2
2018,2,17,3,30,87.83,0.16,3.5,16,121,20,0,20.5,83.27,962,16,121,0,20,23.5,86,4.800000000000001
2018,2,17,4,30,73.43,0.16,3.5,60,638,242,0,20,68.95,963,60,638,0,242,26.1,87,5.300000000000001
2018,2,17,5,30,58.96,0.16,3.5,78,823,502,0,18.900000000000002,54.38,963,78,823,0,502,29,89,5.4
2018,2,17,6,30,44.72,0.16,3.5,89,907,733,0,17.5,42.57,962,89,907,0,733,31.8,92,5.2
2018,2,17,7,30,31.09,0.16,3.5,97,948,910,0,16.400000000000002,35.17,961,97,948,0,910,33.9,95,4.9
2018,2,17,8,30,19.43,0.16,3.6,103,966,1014,0,15.600000000000001,30.55,960,103,966,0,1014,35.5,98,4.7
2018,2,17,9,30,15.25,0.16,3.6,113,959,1038,0,15.100000000000001,28.1,958,113,959,0,1038,36.5,100,4.5
2018,2,17,10,30,23.07,0.16,3.7,112,943,980,0,15,27.650000000000002,957,112,943,0,980,36.7,102,4.3
2018,2,17,11,30,35.72,0.16,3.8000000000000003,108,910,847,1,15.100000000000001,28.27,957,108,910,0,847,36.4,104,4.3
2018,2,17,12,30,49.64,0.16,4,104,835,644,0,15.4,30.54,957,104,835,0,644,35.300000000000004,106,4.4
2018,2,17,13,30,63.980000000000004,0.16,4.1000000000000005,86,719,402,1,15.8,34.35,957,86,719,0,402,33.7,109,4.4
2018,2,17,14,30,78.49,0.16,4.2,56,459,147,3,16.5,39.18,958,44,0,7,44,32.1,113,4.4
2018,2,17,15,30,93.21000000000001,0.16,4.3,0,0,0,7,17.2,43.79,958,0,0,0,0,30.900000000000002,117,4.6000000000000005
2018,2,17,16,30,107.88,0.16,4.4,0,0,0,7,17.8,48.77,959,0,0,0,0,29.700000000000003,121,5.1000000000000005
2018,2,17,17,30,122.55,0.16,4.4,0,0,0,7,18.3,54.02,960,0,0,0,0,28.5,122,5.4
2018,2,17,18,30,137.15,0.16,4.3,0,0,0,5,18.7,59.89,960,0,0,0,0,27.200000000000003,121,5.4
2018,2,17,19,30,151.53,0.16,4.2,0,0,0,3,19.1,65.43,960,0,0,0,0,26.1,117,5.2
2018,2,17,20,30,164.98,0.16,4.2,0,0,0,4,19.400000000000002,70.79,959,0,0,0,0,25.1,113,5
2018,2,17,21,30,170.95000000000002,0.16,4.1000000000000005,0,0,0,0,19.700000000000003,75.52,958,0,0,0,0,24.3,108,4.800000000000001
2018,2,17,22,30,160.51,0.16,4.1000000000000005,0,0,0,0,20,79.59,958,0,0,0,0,23.700000000000003,104,4.7
2018,2,17,23,30,146.54,0.16,4,0,0,0,0,20.200000000000003,82.67,958,0,0,0,0,23.3,100,4.6000000000000005
2018,2,18,0,30,132.05,0.16,3.9000000000000004,0,0,0,0,20.400000000000002,85.10000000000001,959,0,0,0,0,23,98,4.6000000000000005
2018,2,18,1,30,117.41,0.16,3.9000000000000004,0,0,0,0,20.400000000000002,87.02,959,0,0,0,0,22.700000000000003,96,4.5
2018,2,18,2,30,102.73,0.16,3.8000000000000003,0,0,0,0,20.400000000000002,86.95,960,0,0,0,0,22.700000000000003,94,4.5
2018,2,18,3,30,87.79,0.16,3.7,16,91,20,0,20.3,81.34,960,16,91,0,20,23.700000000000003,93,4.800000000000001
2018,2,18,4,30,73.37,0.16,3.7,66,598,237,0,19.900000000000002,68.51,961,66,598,0,237,26.1,92,5
2018,2,18,5,30,58.870000000000005,0.16,3.7,87,791,496,0,19,54.31,961,87,791,0,496,29.200000000000003,91,5
2018,2,18,6,30,44.6,0.16,3.7,100,879,726,0,18.1,43.160000000000004,961,100,879,0,726,32.2,89,4.7
2018,2,18,7,30,30.92,0.16,3.7,109,926,903,0,17.3,35.88,960,109,926,0,903,34.6,88,4.3
2018,2,18,8,30,19.150000000000002,0.16,3.7,114,948,1009,0,16.5,31.080000000000002,958,114,948,0,1009,36.300000000000004,88,4
2018,2,18,9,30,14.91,0.16,3.6,107,966,1040,0,15.8,27.72,957,107,966,0,1040,37.5,88,3.8000000000000003
2018,2,18,10,30,22.86,0.16,3.5,106,955,986,0,15,25.740000000000002,956,106,955,0,986,38,89,3.7
2018,2,18,11,30,35.6,0.16,3.4000000000000004,103,925,855,0,14.3,24.73,955,103,925,0,855,37.9,90,3.7
2018,2,18,12,30,49.57,0.16,3.3000000000000003,103,845,651,0,13.700000000000001,24.53,955,103,845,0,651,37.300000000000004,92,3.7
2018,2,18,13,30,63.95,0.16,3.2,85,734,408,0,13.100000000000001,25.39,955,85,734,0,408,36,94,3.5
2018,2,18,14,30,78.48,0.16,3.2,54,481,150,0,12.700000000000001,27.85,956,54,481,0,150,33.800000000000004,99,2.6
2018,2,18,15,30,93.21000000000001,0.16,3.1,0,0,0,0,12.5,30.69,956,0,0,0,0,31.900000000000002,108,2.3000000000000003
2018,2,18,16,30,107.91,0.16,3.1,0,0,0,0,12.700000000000001,32.85,957,0,0,0,0,30.900000000000002,118,3.5
2018,2,18,17,30,122.60000000000001,0.16,3.1,0,0,0,0,13.700000000000001,38.31,958,0,0,0,0,29.400000000000002,126,4.7
2018,2,18,18,30,137.22,0.16,3.1,0,0,0,0,15.8,49.550000000000004,958,0,0,0,0,27.3,129,5.300000000000001
2018,2,18,19,30,151.64000000000001,0.16,3.2,0,0,0,0,18,63.31,958,0,0,0,0,25.5,128,5.2
2018,2,18,20,30,165.20000000000002,0.16,3.2,0,0,0,0,19.3,74.09,958,0,0,0,0,24.200000000000003,124,4.800000000000001
2018,2,18,21,30,171.28,0.16,3.2,0,0,0,0,19.900000000000002,80.58,958,0,0,0,0,23.400000000000002,119,4.4
2018,2,18,22,30,160.63,0.16,3.2,0,0,0,0,20,84.16,957,0,0,0,0,22.8,116,4.2
2018,2,18,23,30,146.6,0.16,3.1,0,0,0,0,20,86.2,957,0,0,0,0,22.400000000000002,113,4.1000000000000005
2018,2,19,0,30,132.07,0.16,3.1,0,0,0,0,19.900000000000002,87.51,958,0,0,0,0,22.1,111,3.9000000000000004
2018,2,19,1,30,117.41,0.16,3.1,0,0,0,0,19.900000000000002,88.25,958,0,0,0,0,21.900000000000002,110,3.8000000000000003
2018,2,19,2,30,102.7,0.16,3.1,0,0,0,0,19.900000000000002,88.25,959,0,0,0,0,21.900000000000002,109,3.8000000000000003
2018,2,19,3,30,87.75,0.16,3.1,17,67,19,0,19.8,82.19,959,17,67,0,19,23,109,4.1000000000000005
2018,2,19,4,30,73.31,0.16,3.1,76,559,237,0,19.200000000000003,68.78,960,76,559,0,237,25.400000000000002,109,4.5
2018,2,19,5,30,58.79,0.16,3.1,102,760,496,0,18.3,53.88,960,102,760,0,496,28.5,110,4.6000000000000005
2018,2,19,6,30,44.480000000000004,0.16,3.1,119,854,728,0,17.2,42.230000000000004,959,119,854,0,728,31.6,109,4.4
2018,2,19,7,30,30.740000000000002,0.16,3.2,135,893,902,0,16,33.55,959,135,893,0,902,34.300000000000004,107,4
2018,2,19,8,30,18.87,0.16,3.2,147,909,1007,0,15,28.37,957,147,909,0,1007,36.2,105,3.5
2018,2,19,9,30,14.56,0.16,3.3000000000000003,134,933,1038,0,14.4,25.7,956,134,933,0,1038,37.300000000000004,103,3.3000000000000003
2018,2,19,10,30,22.66,0.16,3.4000000000000004,134,916,979,0,14,24.560000000000002,955,134,916,0,979,37.7,103,3.2
2018,2,19,11,30,35.49,0.16,3.4000000000000004,127,883,846,0,13.8,24.39,954,127,883,0,846,37.5,103,3.3000000000000003
2018,2,19,12,30,49.5,0.16,3.5,114,819,646,0,13.600000000000001,25.19,954,114,819,0,646,36.7,103,3.5
2018,2,19,13,30,63.910000000000004,0.16,3.6,94,701,402,0,13.600000000000001,26.990000000000002,955,94,701,0,402,35.4,103,3.5
2018,2,19,14,30,78.47,0.16,3.6,59,443,147,3,13.600000000000001,29.43,955,65,1,0,65,33.9,108,3.3000000000000003
2018,2,19,15,30,93.22,0.16,3.7,0,0,0,1,13.8,32.160000000000004,956,0,0,0,0,32.5,119,3.9000000000000004
2018,2,19,16,30,107.93,0.16,3.7,0,0,0,1,14.200000000000001,36.34,957,0,0,0,0,30.900000000000002,128,5.4
2018,2,19,17,30,122.64,0.16,3.8000000000000003,0,0,0,0,15.600000000000001,45.37,958,0,0,0,0,28.6,129,6.2
2018,2,19,18,30,137.29,0.16,3.8000000000000003,0,0,0,0,17.2,57.18,959,0,0,0,0,26.400000000000002,127,5.9
2018,2,19,19,30,151.76,0.16,3.8000000000000003,0,0,0,0,18.2,65.85,959,0,0,0,0,25,124,5.300000000000001
2018,2,19,20,30,165.41,0.16,3.8000000000000003,0,0,0,0,18.6,70.85000000000001,959,0,0,0,0,24.200000000000003,122,4.800000000000001
2018,2,19,21,30,171.61,0.16,3.8000000000000003,0,0,0,0,18.8,74.51,958,0,0,0,0,23.6,121,4.5
2018,2,19,22,30,160.76,0.16,3.7,0,0,0,0,19.1,78.47,958,0,0,0,0,23,119,4.2
2018,2,19,23,30,146.65,0.16,3.7,0,0,0,7,19.400000000000002,81.9,958,0,0,0,0,22.6,117,4
2018,2,20,0,30,132.09,0.15,3.6,0,0,0,7,19.700000000000003,85.21000000000001,958,0,0,0,0,22.3,115,3.9000000000000004
2018,2,20,1,30,117.4,0.15,3.6,0,0,0,7,20,87.24,958,0,0,0,0,22.200000000000003,113,3.8000000000000003
2018,2,20,2,30,102.68,0.15,3.5,0,0,0,8,20.200000000000003,88.52,959,0,0,0,0,22.200000000000003,112,3.8000000000000003
2018,2,20,3,30,87.71000000000001,0.15,3.5,16,106,20,7,20.3,83.23,959,14,0,7,14,23.3,111,4.2
2018,2,20,4,30,73.24,0.15,3.5,67,596,239,7,19.700000000000003,69.62,960,121,327,0,215,25.700000000000003,111,4.6000000000000005
2018,2,20,5,30,58.7,0.15,3.5,90,786,498,7,18.3,53.04,960,161,576,0,460,28.8,111,4.800000000000001
2018,2,20,6,30,44.36,0.15,3.5,104,874,729,7,16.7,40.43,959,185,720,0,700,31.8,109,4.7
2018,2,20,7,30,30.560000000000002,0.15,3.5,113,921,906,7,15.4,31.98,958,228,706,0,835,34.5,106,4.5
2018,2,20,8,30,18.580000000000002,0.15,3.5,119,942,1012,7,14.8,27.89,957,270,646,0,882,36.300000000000004,105,4.2
2018,2,20,9,30,14.21,0.15,3.5,115,955,1041,0,14.5,25.73,955,115,955,0,1041,37.4,107,3.9000000000000004
2018,2,20,10,30,22.46,0.15,3.6,118,936,983,0,14.4,24.94,954,118,936,0,983,37.800000000000004,110,3.7
2018,2,20,11,30,35.38,0.15,3.6,115,898,848,0,14.3,25.36,953,115,898,0,848,37.4,113,3.5
2018,2,20,12,30,49.44,0.15,3.6,111,824,647,0,14.3,26.8,953,111,824,0,647,36.4,113,3.4000000000000004
2018,2,20,13,30,63.88,0.15,3.7,94,696,401,0,14.4,28.810000000000002,953,94,696,0,401,35.2,113,3.1
2018,2,20,14,30,78.46000000000001,0.15,3.7,61,423,145,0,14.5,31.59,954,61,423,0,145,33.7,117,2.6
2018,2,20,15,30,93.23,0.15,3.7,0,0,0,0,14.700000000000001,34.25,955,0,0,0,0,32.5,125,3
2018,2,20,16,30,107.96000000000001,0.15,3.6,0,0,0,0,14.600000000000001,36.58,956,0,0,0,0,31.200000000000003,131,4.5
2018,2,20,17,30,122.69,0.15,3.6,0,0,0,0,14.9,41.230000000000004,957,0,0,0,0,29.400000000000002,131,5.300000000000001
2018,2,20,18,30,137.37,0.15,3.5,0,0,0,0,15.8,49.01,957,0,0,0,0,27.5,128,5.2
2018,2,20,19,30,151.87,0.15,3.5,0,0,0,0,17,57.49,957,0,0,0,0,26,125,4.6000000000000005
2018,2,20,20,30,165.62,0.15,3.4000000000000004,0,0,0,0,17.8,64.38,957,0,0,0,0,25,121,4
2018,2,20,21,30,171.94,0.15,3.4000000000000004,0,0,0,0,18.3,69.76,956,0,0,0,0,24.200000000000003,118,3.7
2018,2,20,22,30,160.87,0.15,3.3000000000000003,0,0,0,0,18.7,73.83,956,0,0,0,0,23.6,115,3.5
2018,2,20,23,30,146.69,0.15,3.3000000000000003,0,0,0,0,18.900000000000002,77.78,956,0,0,0,0,23,112,3.3000000000000003
2018,2,21,0,30,132.1,0.15,3.3000000000000003,0,0,0,0,19.200000000000003,81.5,956,0,0,0,0,22.5,107,3.1
2018,2,21,1,30,117.39,0.15,3.3000000000000003,0,0,0,0,19.5,84.67,957,0,0,0,0,22.200000000000003,102,3.1
2018,2,21,2,30,102.64,0.15,3.3000000000000003,0,0,0,0,19.8,86.91,958,0,0,0,0,22.1,96,3.5
2018,2,21,3,30,87.66,0.15,3.3000000000000003,17,55,19,0,20,81.06,958,17,55,0,19,23.400000000000002,92,4.2
2018,2,21,4,30,73.17,0.15,3.3000000000000003,79,536,234,0,19.200000000000003,65.25,959,79,536,0,234,26.200000000000003,91,4.800000000000001
2018,2,21,5,30,58.61,0.15,3.3000000000000003,107,740,493,0,17.5,48.24,959,107,740,0,493,29.6,90,5.1000000000000005
2018,2,21,6,30,44.230000000000004,0.15,3.4000000000000004,126,831,722,0,16.3,36.96,958,126,831,0,722,32.9,88,5.1000000000000005
2018,2,21,7,30,30.38,0.15,3.4000000000000004,135,888,901,0,15.9,31.39,957,135,888,0,901,35.4,86,5
2018,2,21,8,30,18.3,0.15,3.4000000000000004,139,915,1008,0,15.9,28.810000000000002,956,139,915,0,1008,37,87,4.800000000000001
2018,2,21,9,30,13.86,0.15,3.5,132,933,1037,0,15.9,27.59,955,132,933,0,1037,37.800000000000004,87,4.5
2018,2,21,10,30,22.26,0.15,3.7,131,914,978,0,15.9,27.27,953,131,914,0,978,38,88,4.2
2018,2,21,11,30,35.28,0.15,3.8000000000000003,126,878,842,0,15.9,28.01,953,126,878,0,842,37.5,90,4
2018,2,21,12,30,49.38,0.15,4,113,814,643,7,16,29.740000000000002,952,226,533,7,572,36.5,92,3.9000000000000004
2018,2,21,13,30,63.85,0.15,4.2,94,693,399,6,16.2,32.45,953,10,0,0,10,35.2,93,3.8000000000000003
2018,2,21,14,30,78.45,0.15,4.3,59,433,145,6,16.6,36.08,953,5,0,0,5,33.7,96,3.4000000000000004
2018,2,21,15,30,93.24,0.15,4.4,0,0,0,4,17,39.63,954,0,0,0,0,32.5,104,3.4000000000000004
2018,2,21,16,30,107.99000000000001,0.15,4.5,0,0,0,3,17.3,43.06,955,0,0,0,0,31.3,115,4.2
2018,2,21,17,30,122.74000000000001,0.15,4.4,0,0,0,8,17.5,47.28,956,0,0,0,0,29.900000000000002,120,4.9
2018,2,21,18,30,137.44,0.15,4.3,0,0,0,7,17.7,52.31,957,0,0,0,0,28.400000000000002,118,5.300000000000001
2018,2,21,19,30,151.98,0.15,4.2,0,0,0,8,18,58.160000000000004,957,0,0,0,0,26.900000000000002,114,5.2
2018,2,21,20,30,165.83,0.15,4.1000000000000005,0,0,0,1,18.3,63.78,956,0,0,0,0,25.700000000000003,110,4.800000000000001
2018,2,21,21,30,172.27,0.15,3.9000000000000004,0,0,0,8,18.7,68.91,956,0,0,0,0,24.8,106,4.4
2018,2,21,22,30,160.98,0.15,3.8000000000000003,0,0,0,7,19,73.31,956,0,0,0,0,24.1,102,4.2
2018,2,21,23,30,146.73,0.15,3.7,0,0,0,8,19.200000000000003,76.5,956,0,0,0,0,23.6,98,4
2018,2,22,0,30,132.1,0.15,3.6,0,0,0,7,19.3,79.34,956,0,0,0,0,23.1,95,3.8000000000000003
2018,2,22,1,30,117.37,0.15,3.5,0,0,0,7,19.400000000000002,81.54,956,0,0,0,0,22.700000000000003,92,3.7
2018,2,22,2,30,102.61,0.15,3.4000000000000004,0,0,0,3,19.400000000000002,82.78,957,0,0,0,0,22.5,89,3.8000000000000003
2018,2,22,3,30,87.61,0.15,3.3000000000000003,17,67,20,3,19.400000000000002,77.48,958,13,0,7,13,23.6,86,4.6000000000000005
2018,2,22,4,30,73.10000000000001,0.15,3.1,73,577,241,7,18.8,63.980000000000004,958,145,185,0,199,26.1,86,5.5
2018,2,22,5,30,58.51,0.15,3,93,787,504,7,17.400000000000002,48.370000000000005,958,183,512,0,450,29.400000000000002,86,5.9
2018,2,22,6,30,44.11,0.15,2.9000000000000004,104,886,741,7,16.3,37.75,958,201,660,0,675,32.5,86,5.9
2018,2,22,7,30,30.2,0.15,2.7,111,940,924,7,15.5,31.11,957,232,686,0,825,35.1,84,5.6000000000000005
2018,2,22,8,30,18.01,0.15,2.6,116,965,1033,7,14.700000000000001,26.650000000000002,955,264,649,0,881,37,83,5.1000000000000005
2018,2,22,9,30,13.51,0.15,2.6,113,975,1062,7,13.700000000000001,23.37,954,295,603,0,881,38.2,82,4.6000000000000005
2018,2,22,10,30,22.07,0.15,2.6,111,964,1005,7,12.700000000000001,21.29,953,321,550,0,830,38.7,82,4.3
2018,2,22,11,30,35.18,0.15,2.6,106,934,869,1,11.8,20.19,952,106,934,0,869,38.6,84,4.1000000000000005
2018,2,22,12,30,49.33,0.15,2.6,102,862,664,7,11.100000000000001,20.05,952,258,424,0,535,37.9,86,4
2018,2,22,13,30,63.83,0.15,2.6,86,746,415,7,10.700000000000001,21.03,953,198,294,0,327,36.5,88,3.7
2018,2,22,14,30,78.45,0.15,2.6,56,482,152,7,10.5,24,953,102,128,0,128,33.9,94,2.7
2018,2,22,15,30,93.25,0.15,2.7,0,0,0,7,10.9,27.810000000000002,954,0,0,0,0,31.8,105,2.8000000000000003
2018,2,22,16,30,108.02,0.15,2.7,0,0,0,7,12.100000000000001,32.04,955,0,0,0,0,30.700000000000003,115,4.3
2018,2,22,17,30,122.78,0.15,2.8000000000000003,0,0,0,7,14.3,40.76,956,0,0,0,0,29,118,5.300000000000001
2018,2,22,18,30,137.51,0.15,2.9000000000000004,0,0,0,8,16.5,52.47,957,0,0,0,0,27.1,115,5.4
2018,2,22,19,30,152.09,0.15,2.8000000000000003,0,0,0,1,18,62.34,957,0,0,0,0,25.700000000000003,109,5.2
2018,2,22,20,30,166.03,0.15,2.7,0,0,0,1,18.7,69.44,956,0,0,0,0,24.700000000000003,104,5
2018,2,22,21,30,172.6,0.15,2.7,0,0,0,7,19.200000000000003,75.38,956,0,0,0,0,23.8,101,4.800000000000001
2018,2,22,22,30,161.07,0.15,2.6,0,0,0,7,19.6,80.67,955,0,0,0,0,23.1,98,4.6000000000000005
2018,2,22,23,30,146.76,0.15,2.5,0,0,0,7,20,85.58,955,0,0,0,0,22.5,95,4.5
2018,2,23,0,30,132.1,0.15,2.4000000000000004,0,0,0,7,20.200000000000003,89.51,956,0,0,0,0,22,92,4.5
2018,2,23,1,30,117.35000000000001,0.15,2.4000000000000004,0,0,0,3,20.200000000000003,90.74,956,0,0,0,0,21.8,90,4.4
2018,2,23,2,30,102.57000000000001,0.15,2.3000000000000003,0,0,0,8,20.1,90.61,957,0,0,0,0,21.700000000000003,89,4.4
2018,2,23,3,30,87.56,0.15,2.3000000000000003,18,91,22,8,19.900000000000002,83.98,958,17,0,7,17,22.8,90,4.9
2018,2,23,4,30,73.03,0.15,2.3000000000000003,71,608,249,3,19.400000000000002,69.58,958,160,29,0,168,25.400000000000002,92,5.4
2018,2,23,5,30,58.42,0.15,2.4000000000000004,93,803,514,0,18.6,54.28,959,93,803,0,514,28.700000000000003,95,5.6000000000000005
2018,2,23,6,30,43.980000000000004,0.15,2.4000000000000004,103,900,751,0,17.400000000000002,42.12,958,103,900,0,751,31.900000000000002,97,5.5
2018,2,23,7,30,30.02,0.15,2.4000000000000004,113,945,931,0,16.1,33.46,957,113,945,0,931,34.5,99,5.2
2018,2,23,8,30,17.72,0.15,2.5,117,966,1036,0,14.9,28.09,956,117,966,0,1036,36.300000000000004,100,4.9
2018,2,23,9,30,13.16,0.15,2.6,114,974,1062,0,13.8,24.5,954,114,974,0,1062,37.5,99,4.5
2018,2,23,10,30,21.88,0.15,2.7,113,960,1003,0,13,22.59,953,113,960,0,1003,38,99,4.1000000000000005
2018,2,23,11,30,35.08,0.15,2.8000000000000003,108,925,866,0,12.5,21.990000000000002,952,108,925,0,866,37.9,100,3.9000000000000004
2018,2,23,12,30,49.28,0.15,2.9000000000000004,99,864,662,7,12.3,22.52,952,236,455,0,533,37.2,102,3.8000000000000003
2018,2,23,13,30,63.81,0.15,3,84,745,413,0,12.3,24.23,953,84,745,0,413,35.9,105,3.6
2018,2,23,14,30,78.45,0.15,3.1,55,481,151,0,12.600000000000001,27.51,953,55,481,0,151,33.9,113,3.1
2018,2,23,15,30,93.27,0.15,3.3000000000000003,0,0,0,7,13.3,31.54,954,0,0,0,0,32.300000000000004,124,3.8000000000000003
2018,2,23,16,30,108.05,0.15,3.4000000000000004,0,0,0,1,14.700000000000001,37.54,956,0,0,0,0,30.8,130,5.4
2018,2,23,17,30,122.84,0.15,3.5,0,0,0,0,16.6,47.64,957,0,0,0,0,28.8,131,6.1000000000000005
2018,2,23,18,30,137.58,0.15,3.4000000000000004,0,0,0,0,18,58.69,957,0,0,0,0,26.8,128,5.800000000000001
2018,2,23,19,30,152.20000000000002,0.15,3.4000000000000004,0,0,0,0,18.8,66.48,957,0,0,0,0,25.5,124,5.2
2018,2,23,20,30,166.24,0.15,3.3000000000000003,0,0,0,0,19.3,72.29,957,0,0,0,0,24.6,121,4.800000000000001
2018,2,23,21,30,172.92000000000002,0.15,3.1,0,0,0,0,19.8,78.24,957,0,0,0,0,23.8,116,4.6000000000000005
2018,2,23,22,30,161.17000000000002,0.15,3,0,0,0,0,20.3,84.08,956,0,0,0,0,23.1,111,4.6000000000000005
2018,2,23,23,30,146.79,0.15,2.9000000000000004,0,0,0,0,20.6,87.81,957,0,0,0,0,22.700000000000003,106,4.6000000000000005
2018,2,24,0,30,132.1,0.15,2.9000000000000004,0,0,0,0,20.700000000000003,89.81,957,0,0,0,0,22.5,102,4.4
2018,2,24,1,30,117.32000000000001,0.15,2.8000000000000003,0,0,0,0,20.900000000000002,91.56,957,0,0,0,0,22.3,98,4.2
2018,2,24,2,30,102.53,0.15,2.8000000000000003,0,0,0,0,21,91.75,958,0,0,0,0,22.400000000000002,96,4.3
2018,2,24,3,30,87.51,0.15,2.8000000000000003,18,136,24,0,21,85.43,959,18,136,0,24,23.6,95,4.9
2018,2,24,4,30,72.96000000000001,0.15,2.7,65,636,251,3,20.5,71.09,960,60,0,0,60,26.200000000000003,96,5.5
2018,2,24,5,30,58.32,0.15,2.7,85,821,516,0,19.5,55.33,960,85,821,0,516,29.400000000000002,98,5.5
2018,2,24,6,30,43.85,0.15,2.6,96,910,752,0,18.2,42.84,960,96,910,0,752,32.4,99,5.2
2018,2,24,7,30,29.84,0.15,2.6,103,956,932,0,16.900000000000002,34.47,958,103,956,0,932,34.9,99,4.7
2018,2,24,8,30,17.44,0.15,2.6,106,979,1040,0,15.9,29.25,957,106,979,0,1040,36.7,101,4.2
2018,2,24,9,30,12.81,0.15,2.6,112,978,1065,0,14.8,25.46,956,112,978,0,1065,37.9,104,3.9000000000000004
2018,2,24,10,30,21.7,0.15,2.6,110,966,1008,0,13.700000000000001,23.16,954,110,966,0,1008,38.400000000000006,109,3.7
2018,2,24,11,30,34.99,0.15,2.6,105,935,871,0,12.9,22.09,954,105,935,0,871,38.300000000000004,114,3.7
2018,2,24,12,30,49.24,0.15,2.7,104,857,663,0,12.4,22.12,954,104,857,0,663,37.6,118,3.8000000000000003
2018,2,24,13,30,63.79,0.15,2.8000000000000003,88,736,413,0,12,23.52,954,88,736,0,413,36.1,121,3.7
2018,2,24,14,30,78.45,0.15,2.9000000000000004,58,465,151,0,12.100000000000001,26.72,955,58,465,0,151,33.9,126,3.5
2018,2,24,15,30,93.29,0.15,3,0,0,0,0,13.100000000000001,31.94,956,0,0,0,0,31.900000000000002,132,4.6000000000000005
2018,2,24,16,30,108.09,0.15,3.2,0,0,0,0,15.200000000000001,40.550000000000004,956,0,0,0,0,30.1,133,6.2
2018,2,24,17,30,122.89,0.15,3.3000000000000003,0,0,0,0,17.7,53.83,957,0,0,0,0,27.900000000000002,131,6.4
2018,2,24,18,30,137.66,0.15,3.3000000000000003,0,0,0,0,19.1,64.53,958,0,0,0,0,26.3,128,5.9
2018,2,24,19,30,152.31,0.15,3.3000000000000003,0,0,0,0,19.6,70.52,958,0,0,0,0,25.400000000000002,124,5.300000000000001
2018,2,24,20,30,166.44,0.15,3.3000000000000003,0,0,0,0,20,75.11,957,0,0,0,0,24.700000000000003,121,4.800000000000001
2018,2,24,21,30,173.25,0.15,3.3000000000000003,0,0,0,0,20.400000000000002,80.37,957,0,0,0,0,24,118,4.4
2018,2,24,22,30,161.25,0.15,3.3000000000000003,0,0,0,0,20.900000000000002,85.27,957,0,0,0,0,23.5,115,4.2
2018,2,24,23,30,146.81,0.15,3.3000000000000003,0,0,0,8,21.3,88.98,957,0,0,0,0,23.200000000000003,112,4.2
2018,2,25,0,30,132.09,0.15,3.3000000000000003,0,0,0,7,21.6,91.02,957,0,0,0,0,23.1,110,4.2
2018,2,25,1,30,117.29,0.15,3.4000000000000004,0,0,0,7,21.700000000000003,91.83,958,0,0,0,0,23.1,109,4.1000000000000005
2018,2,25,2,30,102.49000000000001,0.15,3.4000000000000004,0,0,0,1,21.700000000000003,90.92,959,0,0,0,0,23.3,108,4.1000000000000005
2018,2,25,3,30,87.45,0.15,3.5,18,127,24,3,21.8,84.72,960,15,0,7,15,24.5,108,4.6000000000000005
2018,2,25,4,30,72.88,0.15,3.5,65,619,248,3,21.1,70.54,960,123,4,0,125,26.900000000000002,110,4.9
2018,2,25,5,30,58.22,0.15,3.4000000000000004,86,806,510,0,20.1,55.910000000000004,960,86,806,0,510,29.8,112,4.800000000000001
2018,2,25,6,30,43.730000000000004,0.15,3.4000000000000004,103,880,740,0,18.8,43.96,960,103,880,0,740,32.7,113,4.4
2018,2,25,7,30,29.66,0.15,3.4000000000000004,112,927,917,0,17.7,35.59,959,112,927,0,917,35.2,115,3.9000000000000004
2018,2,25,8,30,17.150000000000002,0.15,3.4000000000000004,116,950,1024,0,16.7,30.19,957,116,950,0,1024,37,117,3.4000000000000004
2018,2,25,9,30,12.46,0.15,3.5,116,955,1048,0,15.600000000000001,26.6,956,116,955,0,1048,38.1,121,3.2
2018,2,25,10,30,21.53,0.15,3.5,115,942,992,0,14.8,24.53,955,115,942,0,992,38.6,125,3.2
2018,2,25,11,30,34.910000000000004,0.15,3.5,111,908,856,7,14.100000000000001,23.75,954,210,728,7,807,38.400000000000006,128,3.3000000000000003
2018,2,25,12,30,49.19,0.15,3.5,104,841,654,1,13.600000000000001,24.16,954,104,841,0,654,37.5,128,3.5
2018,2,25,13,30,63.78,0.15,3.5,89,719,407,0,13.3,25.57,955,89,719,0,407,36.1,126,3.5
2018,2,25,14,30,78.46000000000001,0.15,3.5,58,449,148,0,13.100000000000001,27.38,955,58,449,0,148,34.6,127,3.5
2018,2,25,15,30,93.31,0.15,3.5,0,0,0,0,12.9,29.64,956,0,0,0,0,33,132,4.4
2018,2,25,16,30,108.12,0.15,3.6,0,0,0,7,13.200000000000001,33.65,957,0,0,0,0,31.1,133,5.800000000000001
2018,2,25,17,30,122.94,0.15,3.7,0,0,0,0,15.100000000000001,43.36,958,0,0,0,0,28.8,130,6.1000000000000005
2018,2,25,18,30,137.73,0.15,3.8000000000000003,0,0,0,0,17.5,55.730000000000004,958,0,0,0,0,27.1,124,5.5
2018,2,25,19,30,152.42000000000002,0.15,3.9000000000000004,0,0,0,0,19,65.07000000000001,958,0,0,0,0,26.1,119,4.800000000000001
2018,2,25,20,30,166.63,0.15,3.9000000000000004,0,0,0,0,19.8,71.09,958,0,0,0,0,25.400000000000002,116,4.4
2018,2,25,21,30,173.56,0.15,3.8000000000000003,0,0,0,0,20.200000000000003,75.75,958,0,0,0,0,24.8,113,4.2
2018,2,25,22,30,161.32,0.15,3.8000000000000003,0,0,0,0,20.6,80.05,957,0,0,0,0,24.3,111,4
2018,2,25,23,30,146.82,0.15,3.7,0,0,0,0,21.1,84.23,957,0,0,0,0,23.900000000000002,109,3.9000000000000004
2018,2,26,0,30,132.07,0.15,3.6,0,0,0,0,21.400000000000002,87.10000000000001,958,0,0,0,0,23.700000000000003,107,3.9000000000000004
2018,2,26,1,30,117.26,0.15,3.6,0,0,0,0,21.6,88.8,958,0,0,0,0,23.6,105,3.8000000000000003
2018,2,26,2,30,102.44,0.15,3.5,0,0,0,0,21.8,88.94,959,0,0,0,0,23.700000000000003,101,3.8000000000000003
2018,2,26,3,30,87.39,0.15,3.4000000000000004,19,85,23,0,21.700000000000003,82.89,959,19,85,0,23,24.8,97,4.3
2018,2,26,4,30,72.8,0.15,3.4000000000000004,75,573,245,3,21,68.48,959,114,3,0,115,27.3,95,4.7
2018,2,26,5,30,58.120000000000005,0.15,3.3000000000000003,97,775,507,0,19.6,52.5,959,97,775,0,507,30.400000000000002,93,4.800000000000001
2018,2,26,6,30,43.6,0.15,3.3000000000000003,110,870,740,0,17.6,38.97,959,110,870,0,740,33.5,89,4.5
2018,2,26,7,30,29.48,0.15,3.2,119,920,920,0,16.2,30.970000000000002,958,119,920,0,920,36,85,4.1000000000000005
2018,2,26,8,30,16.86,0.15,3.2,124,942,1026,0,15.5,26.810000000000002,957,124,942,0,1026,37.800000000000004,83,3.7
2018,2,26,9,30,12.11,0.15,3.2,125,948,1052,0,14.9,24.240000000000002,955,125,948,0,1052,39,82,3.4000000000000004
2018,2,26,10,30,21.36,0.15,3.2,122,938,995,0,14.5,22.94,954,122,938,0,995,39.5,84,3.2
2018,2,26,11,30,34.83,0.15,3.3000000000000003,116,904,858,0,14,22.29,953,116,904,0,858,39.5,86,3.3000000000000003
2018,2,26,12,30,49.160000000000004,0.15,3.3000000000000003,99,856,659,0,13.600000000000001,22.55,953,99,856,0,659,38.800000000000004,90,3.4000000000000004
2018,2,26,13,30,63.76,0.15,3.4000000000000004,87,728,409,0,13.4,23.88,953,87,728,0,409,37.4,94,3.3000000000000003
2018,2,26,14,30,78.47,0.15,3.5,58,451,148,2,13.3,26.32,953,24,0,0,24,35.6,104,2.9000000000000004
2018,2,26,15,30,93.33,0.15,3.6,0,0,0,1,13.8,29.3,954,0,0,0,0,34.2,117,3.6
2018,2,26,16,30,108.16,0.15,3.8000000000000003,0,0,0,1,14.8,34.07,955,0,0,0,0,32.7,126,5.300000000000001
2018,2,26,17,30,122.99000000000001,0.15,4,0,0,0,3,17,44.49,956,0,0,0,0,30.400000000000002,129,6.300000000000001
2018,2,26,18,30,137.81,0.15,4.1000000000000005,0,0,0,0,19.200000000000003,58.67,957,0,0,0,0,28.1,127,6.300000000000001
2018,2,26,19,30,152.53,0.15,4.1000000000000005,0,0,0,0,20.400000000000002,68.94,957,0,0,0,0,26.6,123,5.7
2018,2,26,20,30,166.82,0.15,4,0,0,0,0,20.8,73.77,957,0,0,0,0,25.8,118,5.300000000000001
2018,2,26,21,30,173.88,0.15,3.8000000000000003,0,0,0,0,20.8,76.49,957,0,0,0,0,25.200000000000003,114,5.1000000000000005
2018,2,26,22,30,161.39000000000001,0.15,3.6,0,0,0,0,20.700000000000003,78.71000000000001,957,0,0,0,0,24.6,110,4.800000000000001
2018,2,26,23,30,146.83,0.15,3.4000000000000004,0,0,0,0,20.6,80.60000000000001,957,0,0,0,0,24.1,107,4.5
2018,2,27,0,30,132.05,0.15,3.2,0,0,0,0,20.5,82.63,957,0,0,0,0,23.6,105,4.3
2018,2,27,1,30,117.23,0.15,3.1,0,0,0,0,20.400000000000002,84.43,957,0,0,0,0,23.200000000000003,104,4
2018,2,27,2,30,102.39,0.15,2.9000000000000004,0,0,0,0,20.400000000000002,84.96000000000001,958,0,0,0,0,23.1,103,4.1000000000000005
2018,2,27,3,30,87.33,0.15,2.9000000000000004,20,61,23,0,20.400000000000002,79.71000000000001,959,20,61,0,23,24.1,100,4.5
2018,2,27,4,30,72.72,0.15,2.9000000000000004,83,544,245,0,19.700000000000003,66.68,959,83,544,0,245,26.400000000000002,98,5
2018,2,27,5,30,58.02,0.15,2.9000000000000004,111,748,507,0,18.6,52.58,960,111,748,0,507,29.3,96,5.2
2018,2,27,6,30,43.47,0.15,3,127,843,739,0,17.8,42.36,959,127,843,0,739,32.2,94,5.2
2018,2,27,7,30,29.3,0.15,3.2,139,889,914,0,17.3,35.71,958,139,889,0,914,34.7,91,4.800000000000001
2018,2,27,8,30,16.57,0.15,3.3000000000000003,146,909,1017,0,16.7,31.19,957,146,909,0,1017,36.5,89,4.3
2018,2,27,9,30,11.75,0.15,3.4000000000000004,118,955,1053,0,16,28.02,955,118,955,0,1053,37.6,87,4
2018,2,27,10,30,21.19,0.15,3.5,123,930,991,0,15.4,26.400000000000002,954,123,930,0,991,38,84,3.8000000000000003
2018,2,27,11,30,34.75,0.15,3.6,125,884,852,0,15.100000000000001,26.59,953,125,884,0,852,37.5,80,3.7
2018,2,27,12,30,49.13,0.15,3.7,106,836,653,1,15,27.96,953,106,836,0,653,36.5,75,3.6
2018,2,27,13,30,63.76,0.15,3.8000000000000003,89,716,406,0,15.200000000000001,30.12,954,89,716,0,406,35.300000000000004,74,3.5
2018,2,27,14,30,78.48,0.15,3.9000000000000004,57,453,148,1,15.3,32.86,954,57,453,0,148,33.9,79,2.8000000000000003
2018,2,27,15,30,93.36,0.15,3.9000000000000004,0,0,0,0,15.4,34.980000000000004,955,0,0,0,0,32.9,94,2.5
2018,2,27,16,30,108.2,0.15,3.8000000000000003,0,0,0,0,15.4,36.84,956,0,0,0,0,32,114,3.4000000000000004
2018,2,27,17,30,123.05,0.15,3.8000000000000003,0,0,0,0,15.700000000000001,40.64,957,0,0,0,0,30.6,126,4.5
2018,2,27,18,30,137.88,0.15,3.7,0,0,0,0,16.5,47.39,957,0,0,0,0,28.8,128,5.300000000000001
2018,2,27,19,30,152.63,0.15,3.7,0,0,0,0,17.5,56.2,957,0,0,0,0,27,124,5.300000000000001
2018,2,27,20,30,167.01,0.15,3.6,0,0,0,0,18.3,64.25,957,0,0,0,0,25.6,117,4.9
2018,2,27,21,30,174.18,0.15,3.6,0,0,0,0,18.8,69.85000000000001,956,0,0,0,0,24.700000000000003,112,4.6000000000000005
2018,2,27,22,30,161.44,0.15,3.6,0,0,0,0,19.200000000000003,73.94,956,0,0,0,0,24.1,109,4.3
2018,2,27,23,30,146.83,0.15,3.5,0,0,0,0,19.400000000000002,77,956,0,0,0,0,23.700000000000003,109,3.8000000000000003
2018,2,28,0,30,132.03,0.15,3.5,0,0,0,0,19.700000000000003,80.53,957,0,0,0,0,23.200000000000003,108,3.4000000000000004
2018,2,28,1,30,117.19,0.15,3.5,0,0,0,0,19.8,83.29,957,0,0,0,0,22.8,105,3.2
2018,2,28,2,30,102.33,0.15,3.4000000000000004,0,0,0,0,19.900000000000002,84.31,958,0,0,0,0,22.700000000000003,98,3.3000000000000003
2018,2,28,3,30,87.26,0.15,3.4000000000000004,20,57,23,0,19.900000000000002,78.82000000000001,959,20,57,0,23,23.8,90,3.9000000000000004
2018,2,28,4,30,72.64,0.15,3.3000000000000003,84,530,243,0,19.3,65.68,959,84,530,0,243,26.200000000000003,85,4.5
2018,2,28,5,30,57.92,0.15,3.3000000000000003,113,734,502,0,18.2,51.68,959,113,734,0,502,29.200000000000003,82,4.6000000000000005
2018,2,28,6,30,43.33,0.15,3.4000000000000004,138,814,730,0,17.3,41.12,959,138,814,0,730,32.2,78,4.4
2018,2,28,7,30,29.12,0.15,3.4000000000000004,148,869,908,0,16.400000000000002,33.47,958,148,869,0,908,34.800000000000004,75,4
2018,2,28,8,30,16.28,0.15,3.4000000000000004,154,895,1014,0,15.5,28.7,957,154,895,0,1014,36.6,71,3.7
2018,2,28,9,30,11.4,0.15,3.4000000000000004,117,956,1054,3,14.9,26.25,955,508,165,0,670,37.5,69,3.5
2018,2,28,10,30,21.04,0.15,3.5,117,939,994,1,14.5,25.39,954,117,939,0,994,37.6,69,3.5
2018,2,28,11,30,34.68,0.15,3.5,112,907,858,7,14.100000000000001,25.55,953,208,731,7,809,37.1,69,3.5
2018,2,28,12,30,49.1,0.15,3.5,101,848,657,3,14,26.32,953,336,67,0,380,36.4,71,3.5
2018,2,28,13,30,63.75,0.15,3.5,84,736,409,3,13.9,27.830000000000002,953,129,0,0,129,35.300000000000004,73,3.3000000000000003
2018,2,28,14,30,78.49,0.15,3.5,54,481,150,0,13.9,30.09,954,54,481,0,150,33.800000000000004,78,2.5
2018,2,28,15,30,93.39,0.15,3.4000000000000004,0,0,0,0,13.700000000000001,32.12,955,0,0,0,0,32.5,87,2
2018,2,28,16,30,108.24000000000001,0.15,3.4000000000000004,0,0,0,0,13.5,33.14,955,0,0,0,0,31.700000000000003,102,2.8000000000000003
2018,2,28,17,30,123.11,0.15,3.3000000000000003,0,0,0,0,13.8,36.410000000000004,956,0,0,0,0,30.400000000000002,114,4.1000000000000005
2018,2,28,18,30,137.95000000000002,0.15,3.3000000000000003,0,0,0,0,15.200000000000001,44.29,957,0,0,0,0,28.5,119,5.1000000000000005
2018,2,28,19,30,152.73,0.15,3.3000000000000003,0,0,0,0,17,55.83,957,0,0,0,0,26.5,117,5.5
2018,2,28,20,30,167.19,0.15,3.3000000000000003,0,0,0,0,18.3,66.67,957,0,0,0,0,24.900000000000002,112,5.4
2018,2,28,21,30,174.48,0.15,3.2,0,0,0,0,18.900000000000002,74.01,956,0,0,0,0,23.8,105,5
2018,2,28,22,30,161.49,0.15,3.2,0,0,0,0,19.1,78.07000000000001,956,0,0,0,0,23.1,99,4.7
2018,2,28,23,30,146.83,0.15,3.1,0,0,0,0,19,80.33,956,0,0,0,0,22.6,93,4.4
2018,3,1,0,30,132,0.15,3,0,0,0,0,19,82.16,956,0,0,0,0,22.200000000000003,89,4
2018,3,1,1,30,117.14,0.15,3,0,0,0,0,19.1,84.16,957,0,0,0,0,21.900000000000002,86,3.6
2018,3,1,2,30,102.28,0.15,2.9000000000000004,0,0,0,0,19.3,85.51,957,0,0,0,0,21.8,85,3.7
2018,3,1,3,30,87.2,0.15,3,20,67,24,0,19.400000000000002,79.83,958,20,67,0,24,23.1,86,4.3
2018,3,1,4,30,72.55,0.15,3,81,553,247,0,18.900000000000002,65.25,959,81,553,0,247,25.900000000000002,88,4.800000000000001
2018,3,1,5,30,57.82,0.15,3.1,109,747,507,0,17.900000000000002,50.19,959,109,747,0,507,29.3,88,4.800000000000001
2018,3,1,6,30,43.2,0.15,3.2,127,838,738,0,16.900000000000002,38.81,958,127,838,0,738,32.7,82,4.4
2018,3,1,7,30,28.94,0.15,3.3000000000000003,142,879,912,0,16.1,32.1,957,142,879,0,912,35.2,74,3.8000000000000003
2018,3,1,8,30,15.99,0.15,3.4000000000000004,156,892,1013,0,15.700000000000001,28.93,956,156,892,0,1013,36.7,66,3.4000000000000004
2018,3,1,9,30,11.05,0.15,3.4000000000000004,124,947,1053,0,15.4,27.04,954,124,947,0,1053,37.6,59,3.2
2018,3,1,10,30,20.89,0.15,3.5,122,931,993,3,15.100000000000001,26.04,953,491,108,0,592,37.9,57,3.1
2018,3,1,11,30,34.62,0.15,3.6,117,896,855,3,14.8,26.16,952,427,80,0,492,37.5,60,3
2018,3,1,12,30,49.07,0.15,3.7,115,813,648,3,14.700000000000001,27.22,952,124,0,0,124,36.6,64,3
2018,3,1,13,30,63.75,0.15,3.7,97,687,401,3,14.700000000000001,28.92,953,65,0,0,65,35.5,70,2.7
2018,3,1,14,30,78.51,0.15,3.8000000000000003,62,407,143,4,14.700000000000001,31.330000000000002,953,7,0,0,7,34.1,82,2
2018,3,1,15,30,93.42,0.15,3.8000000000000003,0,0,0,8,14.8,33.68,954,0,0,0,0,32.9,105,2
2018,3,1,16,30,108.29,0.15,3.9000000000000004,0,0,0,3,15,36.06,955,0,0,0,0,31.900000000000002,126,3.5
2018,3,1,17,30,123.16,0.15,3.9000000000000004,0,0,0,3,15.9,42.04,956,0,0,0,0,30.200000000000003,134,5.2
2018,3,1,18,30,138.03,0.15,4,0,0,0,8,17.400000000000002,52.15,957,0,0,0,0,28.1,133,5.9
2018,3,1,19,30,152.84,0.15,4,0,0,0,7,18.6,62.6,957,0,0,0,0,26.3,128,5.7
2018,3,1,20,30,167.36,0.15,3.9000000000000004,0,0,0,0,19.1,69.49,957,0,0,0,0,25.1,121,5.1000000000000005
2018,3,1,21,30,174.77,0.15,3.8000000000000003,0,0,0,1,19.1,72.53,956,0,0,0,0,24.400000000000002,116,4.800000000000001
2018,3,1,22,30,161.53,0.15,3.7,0,0,0,7,19.1,74.86,956,0,0,0,0,23.8,112,4.6000000000000005
2018,3,1,23,30,146.82,0.15,3.6,0,0,0,7,19.1,77.4,956,0,0,0,0,23.3,109,4.3
2018,3,2,0,30,131.97,0.15,3.5,0,0,0,7,19.400000000000002,80.64,956,0,0,0,0,22.900000000000002,106,4
2018,3,2,1,30,117.10000000000001,0.15,3.4000000000000004,0,0,0,1,19.8,84.18,956,0,0,0,0,22.6,104,3.8000000000000003
2018,3,2,2,30,102.22,0.15,3.3000000000000003,0,0,0,1,20.1,85.44,957,0,0,0,0,22.700000000000003,103,3.9000000000000004
2018,3,2,3,30,87.13,0.15,3.4000000000000004,20,79,24,0,20.3,81.34,958,20,79,0,24,23.700000000000003,104,4.3
2018,3,2,4,30,72.47,0.15,3.5,78,563,247,0,19.900000000000002,68.95,958,78,563,0,247,26,107,4.6000000000000005
2018,3,2,5,30,57.71,0.15,3.6,102,758,507,0,18.900000000000002,54.86,958,102,758,0,507,28.900000000000002,110,4.6000000000000005
2018,3,2,6,30,43.07,0.15,3.8000000000000003,154,775,720,0,18.1,44.27,958,154,775,0,720,31.700000000000003,114,4.2
2018,3,2,7,30,28.76,0.15,3.9000000000000004,177,815,892,0,17.5,37.63,958,177,815,0,892,34,117,3.8000000000000003
2018,3,2,8,30,15.71,0.15,4.1000000000000005,195,827,990,1,17.3,34.59,957,195,827,0,990,35.2,120,3.6
2018,3,2,9,30,10.700000000000001,0.15,4.2,141,909,1035,1,17.1,33.06,956,141,909,0,1035,35.800000000000004,122,3.4000000000000004
2018,3,2,10,30,20.740000000000002,0.15,4.2,139,896,977,0,16.8,32.26,954,139,896,0,977,36,122,3.3000000000000003
2018,3,2,11,30,34.56,0.15,4.3,132,860,840,0,16.7,33.07,954,132,860,0,840,35.4,120,3.2
2018,3,2,12,30,49.050000000000004,0.15,4.5,119,793,639,7,16.8,35.09,954,275,367,7,516,34.4,120,3.1
2018,3,2,13,30,63.75,0.15,4.6000000000000005,97,672,395,7,17,38.52,954,206,164,0,279,33,122,3
2018,3,2,14,30,78.52,0.15,4.800000000000001,62,394,140,6,17.400000000000002,42.99,955,3,0,0,3,31.5,129,3
2018,3,2,15,30,93.45,0.15,4.9,0,0,0,1,18,48.46,956,0,0,0,0,30,135,3.5
2018,3,2,16,30,108.33,0.15,5,0,0,0,6,18.5,54.83,957,0,0,0,0,28.5,137,4.3
2018,3,2,17,30,123.22,0.15,5.1000000000000005,0,0,0,9,19.1,62.02,958,0,0,0,0,27,136,4.800000000000001
2018,3,2,18,30,138.1,0.15,5.1000000000000005,0,0,0,9,19.6,68.66,959,0,0,0,0,25.8,131,4.800000000000001
2018,3,2,19,30,152.93,0.15,5.1000000000000005,0,0,0,6,20,74.10000000000001,959,0,0,0,0,24.900000000000002,126,4.7
2018,3,2,20,30,167.53,0.15,5,0,0,0,6,20.200000000000003,77.96000000000001,958,0,0,0,0,24.3,121,4.3
2018,3,2,21,30,175.04,0.15,5,0,0,0,7,20.400000000000002,81.25,958,0,0,0,0,23.8,116,3.7
2018,3,2,22,30,161.55,0.15,4.9,0,0,0,8,20.6,83.56,958,0,0,0,0,23.5,112,3.2
2018,3,2,23,30,146.8,0.15,4.800000000000001,0,0,0,7,20.700000000000003,85.22,958,0,0,0,0,23.3,108,2.7
2018,3,3,0,30,131.94,0.15,4.6000000000000005,0,0,0,7,20.8,86.8,958,0,0,0,0,23.1,101,2.3000000000000003
2018,3,3,1,30,117.05,0.15,4.5,0,0,0,7,20.900000000000002,88.13,959,0,0,0,0,23,90,2.2
2018,3,3,2,30,102.16,0.15,4.4,0,0,0,7,21,88.75,959,0,0,0,0,23,77,2.4000000000000004
2018,3,3,3,30,87.06,0.15,4.3,21,47,23,7,21.1,85.32000000000001,959,15,0,7,15,23.700000000000003,68,3.2
2018,3,3,4,30,72.38,0.15,4.2,89,499,240,8,20.700000000000003,75.2,959,152,207,0,215,25.400000000000002,65,4
2018,3,3,5,30,57.61,0.15,4.2,118,707,497,7,19.8,61.53,959,202,477,0,457,27.900000000000002,63,4.5
2018,3,3,6,30,42.94,0.15,4.1000000000000005,134,812,728,1,18.5,48.6,959,134,812,0,728,30.6,60,4.7
2018,3,3,7,30,28.580000000000002,0.15,4.1000000000000005,141,868,904,7,17.5,39.39,958,270,596,0,794,33.1,56,4.7
2018,3,3,8,30,15.42,0.15,4.1000000000000005,146,896,1009,7,16.5,33.64,957,297,587,0,863,34.9,53,4.5
2018,3,3,9,30,10.35,0.15,4.1000000000000005,193,836,1015,0,15.700000000000001,29.990000000000002,956,193,836,0,1015,36,54,4.3
2018,3,3,10,30,20.61,0.15,4.1000000000000005,199,805,952,0,15.100000000000001,28.29,955,199,805,0,952,36.4,56,4.2
2018,3,3,11,30,34.5,0.15,4.2,198,746,812,1,14.9,28.71,954,198,746,0,812,35.800000000000004,56,4.1000000000000005
2018,3,3,12,30,49.03,0.15,4.2,201,618,606,7,14.8,30.55,954,298,459,7,599,34.6,54,3.8000000000000003
2018,3,3,13,30,63.76,0.15,4.2,166,448,364,2,14.9,33.24,954,233,20,0,242,33.2,52,3.2
2018,3,3,14,30,78.55,0.15,4.2,89,165,121,3,16.2,39.94,955,6,0,0,6,31.5,48,2
2018,3,3,15,30,93.49,0.15,4.2,0,0,0,3,17.7,46.72,956,0,0,0,0,30.400000000000002,47,1.2000000000000002
2018,3,3,16,30,108.38,0.15,4.1000000000000005,0,0,0,0,18.1,49.49,956,0,0,0,0,29.8,66,1.2000000000000002
2018,3,3,17,30,123.28,0.15,4.1000000000000005,0,0,0,7,18.5,52.6,957,0,0,0,0,29.200000000000003,96,1.9000000000000001
2018,3,3,18,30,138.17000000000002,0.15,4.2,0,0,0,8,18.900000000000002,57.45,957,0,0,0,0,28.1,112,2.9000000000000004
2018,3,3,19,30,153.03,0.15,4.3,0,0,0,0,19,62.18,958,0,0,0,0,26.8,114,3.6
2018,3,3,20,30,167.69,0.15,4.3,0,0,0,0,19.5,68.75,957,0,0,0,0,25.700000000000003,109,3.7
2018,3,3,21,30,175.3,0.15,4.2,0,0,0,8,20,74.27,957,0,0,0,0,24.900000000000002,101,3.4000000000000004
2018,3,3,22,30,161.57,0.15,4.1000000000000005,0,0,0,8,20.3,78.35000000000001,956,0,0,0,0,24.3,91,3
2018,3,3,23,30,146.78,0.15,4,0,0,0,0,20.400000000000002,80.44,956,0,0,0,0,24,85,2.7
2018,3,4,0,30,131.9,0.15,3.9000000000000004,0,0,0,7,20.5,82.61,956,0,0,0,0,23.6,81,2.6
2018,3,4,1,30,116.99000000000001,0.15,3.8000000000000003,0,0,0,7,20.5,84.67,957,0,0,0,0,23.200000000000003,76,2.6
2018,3,4,2,30,102.09,0.15,3.7,0,0,0,3,20.5,85.13,958,0,0,0,0,23.1,72,2.9000000000000004
2018,3,4,3,30,86.99,0.15,3.7,21,37,23,8,20.400000000000002,79.71000000000001,958,20,0,7,20,24.1,69,4.2
2018,3,4,4,30,72.29,0.15,3.6,97,468,240,0,19.6,66.15,959,97,468,0,240,26.400000000000002,65,5.4
2018,3,4,5,30,57.5,0.15,3.6,135,671,495,0,17.8,49.83,959,135,671,0,495,29.3,63,5.9
2018,3,4,6,30,42.81,0.15,3.5,132,825,737,0,16.3,38.92,958,132,825,0,737,32,60,5.9
2018,3,4,7,30,28.41,0.15,3.5,137,886,917,0,15.9,33.49,957,137,886,0,917,34.2,58,5.7
2018,3,4,8,30,15.14,0.15,3.5,139,915,1023,0,15.8,30.5,956,139,915,0,1023,35.800000000000004,57,5.5
2018,3,4,9,30,10,0.15,3.6,144,914,1044,0,15.600000000000001,28.51,955,144,914,0,1044,36.800000000000004,58,5.2
2018,3,4,10,30,20.48,0.15,3.6,144,896,984,3,15.200000000000001,27.37,954,517,167,0,674,37.1,60,5.1000000000000005
2018,3,4,11,30,34.45,0.15,3.6,139,857,846,7,14.700000000000001,26.8,953,239,678,7,799,36.9,63,4.9
2018,3,4,12,30,49.02,0.15,3.6,126,787,642,7,14.200000000000001,26.71,953,264,425,7,543,36.300000000000004,66,4.7
2018,3,4,13,30,63.77,0.15,3.5,105,657,396,7,13.600000000000001,27.63,954,204,55,0,228,35,70,3.9000000000000004
2018,3,4,14,30,78.57000000000001,0.15,3.5,66,363,138,6,14.200000000000001,32.64,955,13,0,0,13,32.7,78,2.7
2018,3,4,15,30,93.52,0.15,3.4000000000000004,0,0,0,6,15.4,39,956,0,0,0,0,31,89,2.2
2018,3,4,16,30,108.42,0.15,3.4000000000000004,0,0,0,7,14.700000000000001,39.51,957,0,0,0,0,30,100,2.7
2018,3,4,17,30,123.33,0.15,3.4000000000000004,0,0,0,7,14.3,40.980000000000004,957,0,0,0,0,28.900000000000002,111,3.5
2018,3,4,18,30,138.24,0.15,3.5,0,0,0,3,15.3,47.02,958,0,0,0,0,27.6,119,4.1000000000000005
2018,3,4,19,30,153.12,0.15,3.6,0,0,0,8,17.7,58.72,958,0,0,0,0,26.400000000000002,122,4.2
2018,3,4,20,30,167.85,0.15,3.6,0,0,0,7,19.900000000000002,71.03,958,0,0,0,0,25.5,120,3.8000000000000003
2018,3,4,21,30,175.54,0.15,3.5,0,0,0,8,21,79.08,958,0,0,0,0,24.900000000000002,115,3.5
2018,3,4,22,30,161.58,0.15,3.4000000000000004,0,0,0,7,21.400000000000002,82.77,957,0,0,0,0,24.5,108,3.7
2018,3,4,23,30,146.75,0.15,3.3000000000000003,0,0,0,7,21.400000000000002,84.47,957,0,0,0,0,24.200000000000003,102,3.8000000000000003
2018,3,5,0,30,131.85,0.15,3.2,0,0,0,7,21.400000000000002,85.56,958,0,0,0,0,24,97,3.7
2018,3,5,1,30,116.94,0.15,3.2,0,0,0,1,21.400000000000002,86.52,958,0,0,0,0,23.8,92,3.4000000000000004
2018,3,5,2,30,102.02,0.15,3.2,0,0,0,7,21.3,86.67,959,0,0,0,0,23.700000000000003,86,3.4000000000000004
2018,3,5,3,30,86.91,0.15,3.3000000000000003,22,43,24,8,21.1,82.08,960,20,0,7,20,24.400000000000002,78,3.8000000000000003
2018,3,5,4,30,72.2,0.15,3.3000000000000003,101,459,241,7,20.400000000000002,70.62,961,160,124,0,198,26.200000000000003,70,4.4
2018,3,5,5,30,57.4,0.15,3.3000000000000003,145,650,495,6,19,56.14,961,257,68,0,294,28.6,65,4.9
2018,3,5,6,30,42.68,0.15,3.3000000000000003,174,747,724,7,17,43.230000000000004,960,345,341,0,595,30.900000000000002,63,5.2
2018,3,5,7,30,28.23,0.15,3.3000000000000003,190,805,900,7,15.3,34.89,959,321,553,0,809,32.800000000000004,62,5.4
2018,3,5,8,30,14.86,0.15,3.2,196,840,1007,1,14.100000000000001,29.78,958,196,840,0,1007,34.300000000000004,61,5.4
2018,3,5,9,30,9.65,0.15,3.2,189,860,1036,1,13.5,26.560000000000002,956,189,860,0,1036,35.6,62,5.1000000000000005
2018,3,5,10,30,20.35,0.15,3.3000000000000003,171,863,980,1,13.5,25.77,955,171,863,0,980,36.2,64,4.7
2018,3,5,11,30,34.410000000000004,0.15,3.4000000000000004,152,840,845,3,13.700000000000001,26.150000000000002,955,476,177,0,622,36.2,67,4.3
2018,3,5,12,30,49.01,0.15,3.5,131,781,644,0,13.9,27.07,955,131,781,0,644,35.7,72,3.9000000000000004
2018,3,5,13,30,63.78,0.15,3.5,105,663,398,7,13.9,28.95,955,188,378,7,355,34.5,78,3.3000000000000003
2018,3,5,14,30,78.60000000000001,0.15,3.6,66,380,141,0,14.5,33.82,956,66,380,0,141,32.5,86,2.1
2018,3,5,15,30,93.56,0.15,3.5,0,0,0,1,16.3,41.04,957,0,0,0,0,31.1,98,1.5
2018,3,5,16,30,108.47,0.15,3.5,0,0,0,8,16,41.85,957,0,0,0,0,30.400000000000002,112,2
2018,3,5,17,30,123.39,0.15,3.4000000000000004,0,0,0,0,15.8,43.45,958,0,0,0,0,29.5,124,3.1
2018,3,5,18,30,138.31,0.15,3.5,0,0,0,0,16.2,47.86,959,0,0,0,0,28.3,129,4.1000000000000005
2018,3,5,19,30,153.21,0.15,3.6,0,0,0,0,17.6,56.26,959,0,0,0,0,27,126,4.4
2018,3,5,20,30,167.99,0.15,3.6,0,0,0,0,18.900000000000002,65.37,959,0,0,0,0,25.900000000000002,120,4.1000000000000005
2018,3,5,21,30,175.75,0.15,3.6,0,0,0,3,19.700000000000003,71.52,959,0,0,0,0,25.200000000000003,114,3.8000000000000003
2018,3,5,22,30,161.58,0.15,3.5,0,0,0,0,19.900000000000002,74.76,958,0,0,0,0,24.700000000000003,108,3.6
2018,3,5,23,30,146.72,0.15,3.4000000000000004,0,0,0,0,19.900000000000002,76.65,958,0,0,0,0,24.3,103,3.5
2018,3,6,0,30,131.8,0.15,3.3000000000000003,0,0,0,7,19.900000000000002,78.57000000000001,959,0,0,0,0,23.900000000000002,101,3.3000000000000003
2018,3,6,1,30,116.88,0.15,3.1,0,0,0,0,20,81.3,959,0,0,0,0,23.400000000000002,99,3
2018,3,6,2,30,101.96000000000001,0.15,3,0,0,0,0,20.200000000000003,83.68,960,0,0,0,0,23.1,96,3.3000000000000003
2018,3,6,3,30,86.84,0.15,2.9000000000000004,23,35,25,0,20.400000000000002,81.63,960,23,35,0,25,23.700000000000003,91,4.2
2018,3,6,4,30,72.11,0.15,2.9000000000000004,103,457,244,0,20,70.84,961,103,457,0,244,25.700000000000003,85,5
2018,3,6,5,30,57.29,0.15,2.9000000000000004,138,677,504,0,18.8,55.32,961,138,677,0,504,28.6,79,5.2
2018,3,6,6,30,42.550000000000004,0.15,2.9000000000000004,160,783,737,0,16.900000000000002,41.28,960,160,783,0,737,31.700000000000003,73,5.300000000000001
2018,3,6,7,30,28.060000000000002,0.15,2.9000000000000004,175,836,913,0,15.3,32.15,959,175,836,0,913,34.300000000000004,68,5.300000000000001
2018,3,6,8,30,14.58,0.15,2.9000000000000004,186,859,1017,0,14.200000000000001,27.36,958,186,859,0,1017,35.9,64,5.1000000000000005
2018,3,6,9,30,9.31,0.15,2.9000000000000004,169,891,1048,0,13.3,24.25,957,169,891,0,1048,37.1,62,5
2018,3,6,10,30,20.240000000000002,0.15,2.9000000000000004,173,865,985,0,12.600000000000001,22.52,956,173,865,0,985,37.6,60,4.800000000000001
2018,3,6,11,30,34.37,0.15,2.8000000000000003,167,823,847,0,12,21.71,955,167,823,0,847,37.5,59,4.7
2018,3,6,12,30,49.01,0.15,2.8000000000000003,150,750,642,0,11.4,21.75,955,150,750,0,642,36.800000000000004,60,4.6000000000000005
2018,3,6,13,30,63.800000000000004,0.15,2.7,126,604,393,0,11,22.86,956,126,604,0,393,35.4,62,4.1000000000000005
2018,3,6,14,30,78.62,0.15,2.7,76,300,136,0,11.4,26.87,956,76,300,0,136,32.9,67,2.9000000000000004
2018,3,6,15,30,93.60000000000001,0.15,2.7,0,0,0,0,12.3,31.93,957,0,0,0,0,31,75,2.4000000000000004
2018,3,6,16,30,108.52,0.15,2.7,0,0,0,0,12,32.68,958,0,0,0,0,30.200000000000003,87,2.8000000000000003
2018,3,6,17,30,123.45,0.15,2.8000000000000003,0,0,0,0,12.3,35.1,959,0,0,0,0,29.3,100,3.3000000000000003
2018,3,6,18,30,138.38,0.15,2.9000000000000004,0,0,0,0,13.9,41.68,959,0,0,0,0,28.1,110,3.9000000000000004
2018,3,6,19,30,153.3,0.15,3,0,0,0,0,16.2,51.94,959,0,0,0,0,26.900000000000002,114,4.4
2018,3,6,20,30,168.13,0.15,3.1,0,0,0,0,18.2,62.940000000000005,959,0,0,0,0,25.8,113,4.4
2018,3,6,21,30,175.94,0.15,3.1,0,0,0,0,19.400000000000002,71.12,959,0,0,0,0,25,110,4.1000000000000005
2018,3,6,22,30,161.57,0.15,3.1,0,0,0,0,19.8,75.78,959,0,0,0,0,24.400000000000002,107,3.9000000000000004
2018,3,6,23,30,146.68,0.15,3.2,0,0,0,0,20,78.63,959,0,0,0,0,23.900000000000002,105,3.7
2018,3,7,0,30,131.75,0.15,3.2,0,0,0,0,20,81.25,959,0,0,0,0,23.400000000000002,100,3.4000000000000004
2018,3,7,1,30,116.82000000000001,0.15,3.1,0,0,0,0,20.1,84.74,959,0,0,0,0,22.8,92,3.2
2018,3,7,2,30,101.88,0.15,3.1,0,0,0,0,20.200000000000003,86.53,960,0,0,0,0,22.6,81,3.7
2018,3,7,3,30,86.76,0.15,3,23,45,26,0,20.200000000000003,81.45,960,23,45,0,26,23.6,72,4.800000000000001
2018,3,7,4,30,72.02,0.15,2.9000000000000004,95,504,250,0,19.6,68.52,961,95,504,0,250,25.8,67,5.800000000000001
2018,3,7,5,30,57.18,0.15,2.8000000000000003,122,722,513,0,18.2,52,961,122,722,0,513,29,64,6.2
2018,3,7,6,30,42.42,0.15,2.8000000000000003,171,761,733,0,16.5,38.51,960,171,761,0,733,32.4,62,6.1000000000000005
2018,3,7,7,30,27.89,0.15,2.8000000000000003,176,835,914,0,15.100000000000001,30.23,959,176,835,0,914,35.1,60,6
2018,3,7,8,30,14.3,0.15,2.9000000000000004,180,866,1019,0,14.100000000000001,25.68,958,180,866,0,1019,36.9,58,5.800000000000001
2018,3,7,9,30,8.97,0.15,2.9000000000000004,133,941,1062,0,13.4,23.38,957,133,941,0,1062,37.800000000000004,57,5.800000000000001
2018,3,7,10,30,20.13,0.15,3,131,925,999,0,12.9,22.45,956,131,925,0,999,38,55,5.9
2018,3,7,11,30,34.34,0.15,2.9000000000000004,124,893,862,0,12.600000000000001,22.51,955,124,893,0,862,37.6,53,5.9
2018,3,7,12,30,49.01,0.15,2.9000000000000004,113,829,657,0,12.3,23.34,955,113,829,0,657,36.5,51,5.6000000000000005
2018,3,7,13,30,63.81,0.15,2.9000000000000004,96,699,405,0,11.8,25.01,955,96,699,0,405,34.7,52,4.7
2018,3,7,14,30,78.65,0.15,2.8000000000000003,62,407,143,0,11.700000000000001,28.28,956,62,407,0,143,32.4,58,3.3000000000000003
2018,3,7,15,30,93.64,0.15,2.8000000000000003,0,0,0,0,12.100000000000001,32.410000000000004,957,0,0,0,0,30.5,69,2.2
2018,3,7,16,30,108.57000000000001,0.15,2.8000000000000003,0,0,0,0,12.3,35.09,957,0,0,0,0,29.3,82,2.1
2018,3,7,17,30,123.51,0.15,2.9000000000000004,0,0,0,0,12.5,37.5,958,0,0,0,0,28.400000000000002,95,2.8000000000000003
2018,3,7,18,30,138.45000000000002,0.15,3,0,0,0,0,13.3,41.87,959,0,0,0,0,27.400000000000002,103,3.9000000000000004
2018,3,7,19,30,153.38,0.15,3,0,0,0,0,15.100000000000001,50.46,959,0,0,0,0,26.200000000000003,106,4.3
2018,3,7,20,30,168.26,0.15,3,0,0,0,0,17.2,62.34,959,0,0,0,0,24.900000000000002,107,4.1000000000000005
2018,3,7,21,30,176.1,0.15,2.8000000000000003,0,0,0,0,18.8,73.69,958,0,0,0,0,23.8,106,3.6
2018,3,7,22,30,161.55,0.15,2.7,0,0,0,0,19.5,80.5,958,0,0,0,0,23,101,3.1
2018,3,7,23,30,146.64000000000001,0.15,2.7,0,0,0,0,19.700000000000003,84.61,958,0,0,0,0,22.400000000000002,93,3.1
2018,3,8,0,30,131.7,0.15,2.7,0,0,0,0,19.8,88.23,959,0,0,0,0,21.8,84,3.4000000000000004
2018,3,8,1,30,116.75,0.15,2.8000000000000003,0,0,0,0,19.8,90.47,960,0,0,0,0,21.400000000000002,76,3.7
2018,3,8,2,30,101.81,0.15,2.7,0,0,0,0,19.700000000000003,89.98,961,0,0,0,0,21.400000000000002,71,4.2
2018,3,8,3,30,86.68,0.15,2.7,24,42,26,0,19.3,80.4,961,24,42,0,26,22.900000000000002,67,5.6000000000000005
2018,3,8,4,30,71.92,0.15,2.6,101,484,251,0,17.6,60.04,962,101,484,0,251,25.900000000000002,66,6.9
2018,3,8,5,30,57.07,0.15,2.6,136,689,511,0,15,42.1,962,136,689,0,511,29.200000000000003,65,7.2
2018,3,8,6,30,42.29,0.15,2.5,161,789,744,0,13.700000000000001,32.69,961,161,789,0,744,32.1,63,7
2018,3,8,7,30,27.72,0.15,2.5,178,840,921,0,12.9,27.14,960,178,840,0,921,34.5,58,6.5
2018,3,8,8,30,14.030000000000001,0.15,2.5,187,863,1025,0,12.200000000000001,23.48,959,187,863,0,1025,36.300000000000004,53,6
2018,3,8,9,30,8.63,0.15,2.6,129,953,1071,0,11.5,21.2,957,129,953,0,1071,37.4,47,5.5
2018,3,8,10,30,20.03,0.15,2.6,126,940,1010,0,11.100000000000001,19.98,956,126,940,0,1010,37.9,42,5.300000000000001
2018,3,8,11,30,34.31,0.15,2.6,119,909,870,0,10.600000000000001,19.64,955,119,909,0,870,37.7,38,5.1000000000000005
2018,3,8,12,30,49.01,0.15,2.6,112,837,661,0,10.200000000000001,19.93,955,112,837,0,661,36.9,36,5
2018,3,8,13,30,63.83,0.15,2.5,89,733,412,0,9.700000000000001,20.91,955,89,733,0,412,35.4,35,4.5
2018,3,8,14,30,78.69,0.15,2.4000000000000004,54,488,150,0,9.4,23.91,956,54,488,0,150,32.6,35,3.2
2018,3,8,15,30,93.68,0.15,2.3000000000000003,0,0,0,0,9.5,27.900000000000002,956,0,0,0,0,30.1,36,2.5
2018,3,8,16,30,108.62,0.15,2.2,0,0,0,0,8.8,28.3,957,0,0,0,0,29,39,2.8000000000000003
2018,3,8,17,30,123.57000000000001,0.15,2.1,0,0,0,0,8.1,28.54,958,0,0,0,0,28,44,3.2
2018,3,8,18,30,138.52,0.15,2,0,0,0,0,7.300000000000001,28.76,958,0,0,0,0,27,52,3.6
2018,3,8,19,30,153.46,0.15,1.9000000000000001,0,0,0,0,6.5,28.57,958,0,0,0,0,26.200000000000003,59,3.9000000000000004
2018,3,8,20,30,168.37,0.15,1.7000000000000002,0,0,0,0,5.9,28.95,958,0,0,0,0,25.200000000000003,63,3.6
2018,3,8,21,30,176.22,0.15,1.6,0,0,0,0,5.800000000000001,31.16,958,0,0,0,0,23.900000000000002,67,3.3000000000000003
2018,3,8,22,30,161.52,0.15,1.5,0,0,0,0,6.9,36.08,958,0,0,0,0,22.700000000000003,71,3.4000000000000004
2018,3,8,23,30,146.59,0.15,1.5,0,0,0,0,9.3,44.7,958,0,0,0,0,21.900000000000002,71,3.7
2018,3,9,0,30,131.63,0.15,1.5,0,0,0,0,12.200000000000001,56.42,958,0,0,0,0,21.200000000000003,67,3.9000000000000004
2018,3,9,1,30,116.68,0.15,1.5,0,0,0,0,14.8,69.87,959,0,0,0,0,20.5,62,3.9000000000000004
2018,3,9,2,30,101.73,0.15,1.5,0,0,0,0,16.6,80.15,960,0,0,0,0,20.1,57,4.3
2018,3,9,3,30,86.59,0.15,1.5,26,83,31,0,17.3,77.3,960,26,83,0,31,21.400000000000002,54,5.800000000000001
2018,3,9,4,30,71.83,0.15,1.5,89,575,268,0,15.8,57.800000000000004,961,89,575,0,268,24.700000000000003,53,7.300000000000001
2018,3,9,5,30,56.97,0.15,1.6,116,774,538,0,12.8,38.43,961,116,774,0,538,28.3,53,7.6000000000000005
2018,3,9,6,30,42.17,0.15,1.6,145,848,773,0,10.600000000000001,27.6,960,145,848,0,773,31.5,51,7.4
2018,3,9,7,30,27.55,0.15,1.7000000000000002,153,901,952,0,8.9,21.29,959,153,901,0,952,34.1,46,6.9
2018,3,9,8,30,13.76,0.15,1.7000000000000002,160,924,1058,7,7.4,17.28,958,301,630,0,914,36.1,40,6.4
2018,3,9,9,30,8.3,0.15,1.7000000000000002,145,951,1086,0,6.300000000000001,14.84,956,145,951,0,1086,37.4,35,6
2018,3,9,10,30,19.94,0.15,1.8,144,932,1020,0,5.4,13.56,955,144,932,0,1020,38,31,5.7
2018,3,9,11,30,34.29,0.15,1.8,138,895,877,0,4.9,13.22,954,138,895,0,877,37.800000000000004,30,5.4
2018,3,9,12,30,49.01,0.15,1.8,124,829,668,0,4.5,13.61,954,124,829,0,668,36.800000000000004,32,5.1000000000000005
2018,3,9,13,30,63.86,0.15,1.8,102,705,412,0,4.3,14.64,955,102,705,0,412,35.1,36,4.3
2018,3,9,14,30,78.72,0.15,1.7000000000000002,63,426,146,0,4.7,18.25,955,63,426,0,146,31.700000000000003,43,2.8000000000000003
2018,3,9,15,30,93.72,0.15,1.7000000000000002,0,0,0,0,5.5,22.66,956,0,0,0,0,28.900000000000002,50,2.1
2018,3,9,16,30,108.67,0.15,1.6,0,0,0,0,4.9,23.42,957,0,0,0,0,27.700000000000003,55,2.3000000000000003
2018,3,9,17,30,123.62,0.15,1.5,0,0,0,0,4.3,23.93,957,0,0,0,0,26.6,61,2.5
2018,3,9,18,30,138.58,0.15,1.4000000000000001,0,0,0,0,3.9000000000000004,24.7,958,0,0,0,0,25.5,72,2.9000000000000004
2018,3,9,19,30,153.54,0.15,1.4000000000000001,0,0,0,0,4.1000000000000005,26.71,958,0,0,0,0,24.5,83,3.7
2018,3,9,20,30,168.48,0.15,1.5,0,0,0,0,6.6000000000000005,34.17,958,0,0,0,0,23.3,91,4.1000000000000005
2018,3,9,21,30,176.3,0.15,1.6,0,0,0,0,10.8,48.67,957,0,0,0,0,22.1,91,4
2018,3,9,22,30,161.48,0.15,1.6,0,0,0,0,14.5,65.49,957,0,0,0,0,21.200000000000003,85,3.6
2018,3,9,23,30,146.53,0.15,1.6,0,0,0,0,16.7,79.25,957,0,0,0,0,20.400000000000002,76,3.3000000000000003
2018,3,10,0,30,131.57,0.15,1.5,0,0,0,0,17.5,86.82000000000001,958,0,0,0,0,19.8,70,3.2
2018,3,10,1,30,116.61,0.15,1.4000000000000001,0,0,0,0,17.7,91.01,958,0,0,0,0,19.200000000000003,66,3.3000000000000003
2018,3,10,2,30,101.65,0.15,1.4000000000000001,0,0,0,0,17.6,91.23,959,0,0,0,0,19.1,63,3.8000000000000003
2018,3,10,3,30,86.51,0.15,1.4000000000000001,26,104,33,0,17.5,81.38,960,26,104,0,33,20.8,61,5.2
2018,3,10,4,30,71.73,0.15,1.4000000000000001,82,618,276,0,16.2,60.29,960,82,618,0,276,24.400000000000002,63,6.5
2018,3,10,5,30,56.86,0.15,1.4000000000000001,102,820,551,0,13.3,39.61,960,102,820,0,551,28.3,63,6.9
2018,3,10,6,30,42.04,0.15,1.4000000000000001,113,914,792,0,10.3,26.47,959,113,914,0,792,31.900000000000002,61,6.7
2018,3,10,7,30,27.39,0.15,1.4000000000000001,122,960,974,0,7.6000000000000005,18.86,959,122,960,0,974,34.7,57,6.1000000000000005
2018,3,10,8,30,13.5,0.15,1.4000000000000001,128,979,1080,0,5.7,14.870000000000001,957,128,979,0,1080,36.6,54,5.5
2018,3,10,9,30,7.98,0.15,1.5,127,984,1101,0,4.4,12.75,956,127,984,0,1101,37.800000000000004,51,5
2018,3,10,10,30,19.86,0.15,1.5,128,965,1036,0,3.5,11.700000000000001,955,128,965,0,1036,38.300000000000004,50,4.6000000000000005
2018,3,10,11,30,34.27,0.15,1.6,124,924,888,0,3,11.290000000000001,954,124,924,0,888,38.2,51,4.4
2018,3,10,12,30,49.02,0.15,1.6,126,831,671,0,2.6,11.51,954,126,831,0,671,37.300000000000004,53,4.2
2018,3,10,13,30,63.88,0.15,1.6,104,703,413,0,2.3000000000000003,12.52,954,104,703,0,413,35.4,58,3.5
2018,3,10,14,30,78.76,0.15,1.6,64,415,145,0,3.3000000000000003,16.06,955,64,415,0,145,32.2,65,2.6
2018,3,10,15,30,93.77,0.15,1.7000000000000002,0,0,0,0,4.1000000000000005,19.53,956,0,0,0,0,29.8,72,2.7
2018,3,10,16,30,108.72,0.15,1.7000000000000002,0,0,0,0,3.7,20.18,957,0,0,0,0,28.700000000000003,78,3.3000000000000003
2018,3,10,17,30,123.68,0.15,1.7000000000000002,0,0,0,0,4.3,22.94,958,0,0,0,0,27.3,88,3.9000000000000004
2018,3,10,18,30,138.65,0.15,1.9000000000000001,0,0,0,0,7.2,30.82,958,0,0,0,0,25.700000000000003,101,4.3
2018,3,10,19,30,153.61,0.15,2.1,0,0,0,0,11.700000000000001,44.85,959,0,0,0,0,24.400000000000002,107,4.3
2018,3,10,20,30,168.57,0.15,2.2,0,0,0,0,15.5,61.230000000000004,959,0,0,0,0,23.400000000000002,106,3.9000000000000004
2018,3,10,21,30,176.34,0.15,2.2,0,0,0,0,17.8,74.49,958,0,0,0,0,22.6,99,3.4000000000000004
2018,3,10,22,30,161.44,0.15,2.1,0,0,0,7,18.8,82.7,958,0,0,0,0,21.900000000000002,94,3.1
2018,3,10,23,30,146.47,0.15,2.1,0,0,0,3,19.1,86.91,958,0,0,0,0,21.400000000000002,91,2.9000000000000004
2018,3,11,0,30,131.5,0.15,2,0,0,0,7,19.3,90.31,958,0,0,0,0,20.900000000000002,87,3.2
2018,3,11,1,30,116.54,0.15,1.9000000000000001,0,0,0,0,19.400000000000002,93.34,958,0,0,0,0,20.5,81,3.5
2018,3,11,2,30,101.57000000000001,0.15,1.9000000000000001,0,0,0,3,19.400000000000002,93.12,959,0,0,0,0,20.6,77,4.1000000000000005
2018,3,11,3,30,86.43,0.15,1.9000000000000001,27,109,33,0,19.400000000000002,85.62,960,27,109,0,33,21.900000000000002,78,5
2018,3,11,4,30,71.64,0.15,2,83,597,270,3,18.8,69.19,960,136,5,0,137,24.8,80,5.7
2018,3,11,5,30,56.75,0.15,2.1,107,786,538,0,17.5,52.34,960,107,786,0,538,28.200000000000003,82,5.9
2018,3,11,6,30,41.910000000000004,0.15,2.1,120,880,775,0,15.9,39.34,960,120,880,0,775,31.400000000000002,82,5.6000000000000005
2018,3,11,7,30,27.23,0.15,2.2,129,925,952,0,14.100000000000001,30.13,959,129,925,0,952,34.1,79,5.1000000000000005
2018,3,11,8,30,13.24,0.15,2.3000000000000003,132,948,1055,0,12.600000000000001,24.580000000000002,958,132,948,0,1055,36,76,4.5
2018,3,11,9,30,7.66,0.15,2.3000000000000003,123,967,1081,0,11.3,21.150000000000002,957,123,967,0,1081,37.2,73,4
2018,3,11,10,30,19.78,0.15,2.3000000000000003,119,957,1019,0,10.3,19.05,956,119,957,0,1019,37.800000000000004,72,3.6
2018,3,11,11,30,34.26,0.15,2.4000000000000004,112,925,876,0,9.4,18.04,955,112,925,0,876,37.800000000000004,72,3.3000000000000003
2018,3,11,12,30,49.04,0.15,2.4000000000000004,101,865,668,0,8.9,18.01,955,101,865,0,668,37.1,74,3.2
2018,3,11,13,30,63.910000000000004,0.15,2.5,84,749,413,0,8.5,19.06,955,84,749,0,413,35.6,78,2.8000000000000003
2018,3,11,14,30,78.79,0.15,2.5,54,482,147,0,8.8,22.76,955,54,482,0,147,32.800000000000004,88,2.1
2018,3,11,15,30,93.81,0.15,2.5,0,0,0,0,9.8,27.830000000000002,956,0,0,0,0,30.5,102,2.2
2018,3,11,16,30,108.77,0.15,2.6,0,0,0,0,10.200000000000001,30.32,957,0,0,0,0,29.400000000000002,113,3.6
2018,3,11,17,30,123.74000000000001,0.15,2.8000000000000003,0,0,0,0,12.600000000000001,39.31,958,0,0,0,0,27.700000000000003,120,4.9
2018,3,11,18,30,138.71,0.15,3,0,0,0,0,16.2,54.480000000000004,959,0,0,0,0,26.1,122,5.300000000000001
2018,3,11,19,30,153.68,0.15,3.1,0,0,0,0,18.900000000000002,69.51,959,0,0,0,0,24.900000000000002,120,5.1000000000000005
2018,3,11,20,30,168.66,0.15,3.2,0,0,0,0,20.1,78.01,959,0,0,0,0,24.200000000000003,116,4.7
2018,3,11,21,30,176.34,0.15,3.2,0,0,0,0,20.5,81.66,958,0,0,0,0,23.8,114,4.4
2018,3,11,22,30,161.38,0.15,3.1,0,0,0,0,20.700000000000003,84.73,958,0,0,0,0,23.400000000000002,112,4.3
2018,3,11,23,30,146.4,0.15,3.1,0,0,0,0,20.900000000000002,87.52,958,0,0,0,0,23.1,110,4.3
2018,3,12,0,30,131.43,0.15,3.1,0,0,0,0,21,89.21000000000001,959,0,0,0,0,22.900000000000002,110,4.3
2018,3,12,1,30,116.46000000000001,0.15,3.1,0,0,0,0,21.200000000000003,90.48,959,0,0,0,0,22.8,109,4.2
2018,3,12,2,30,101.49000000000001,0.15,3.1,0,0,0,0,21.3,91.10000000000001,960,0,0,0,0,22.8,109,4.2
2018,3,12,3,30,86.34,0.15,3.1,26,107,33,0,21.400000000000002,85.55,960,26,107,0,33,24,108,4.800000000000001
2018,3,12,4,30,71.54,0.15,3.1,83,570,264,0,20.900000000000002,71.46000000000001,961,83,570,0,264,26.5,107,5.300000000000001
2018,3,12,5,30,56.65,0.15,3.1,106,766,527,0,19.8,55.980000000000004,961,106,766,0,527,29.5,106,5.1000000000000005
2018,3,12,6,30,41.79,0.15,3.1,119,859,760,0,18.5,43.660000000000004,960,119,859,0,760,32.4,104,4.5
2018,3,12,7,30,27.07,0.15,3.2,128,906,934,0,17.2,35.08,959,128,906,0,934,34.9,102,3.7
2018,3,12,8,30,12.99,0.15,3.3000000000000003,133,926,1036,0,16.1,29.69,958,133,926,0,1036,36.7,101,2.9000000000000004
2018,3,12,9,30,7.3500000000000005,0.15,3.3000000000000003,133,932,1057,0,15.3,26.48,957,133,932,0,1057,37.800000000000004,99,2.2
2018,3,12,10,30,19.72,0.15,3.4000000000000004,131,917,994,0,14.700000000000001,24.6,956,131,917,0,994,38.400000000000006,100,1.8
2018,3,12,11,30,34.25,0.15,3.5,124,881,852,1,14.200000000000001,23.82,955,124,881,0,852,38.400000000000006,102,1.7000000000000002
2018,3,12,12,30,49.06,0.15,3.6,120,798,643,1,13.8,24.13,954,120,798,0,643,37.7,108,1.9000000000000001
2018,3,12,13,30,63.940000000000005,0.15,3.7,101,666,394,3,13.600000000000001,25.45,955,175,6,0,177,36.5,117,2.3000000000000003
2018,3,12,14,30,78.83,0.15,3.8000000000000003,63,377,136,0,13.8,28.330000000000002,955,63,377,0,136,34.800000000000004,130,3
2018,3,12,15,30,93.86,0.15,3.9000000000000004,0,0,0,1,15.3,34.68,957,0,0,0,0,32.9,138,4.7
2018,3,12,16,30,108.82000000000001,0.15,4.1000000000000005,0,0,0,0,17.1,44.800000000000004,958,0,0,0,0,30.400000000000002,140,6.5
2018,3,12,17,30,123.79,0.15,4.3,0,0,0,0,19.400000000000002,59.77,959,0,0,0,0,27.900000000000002,139,6.7
2018,3,12,18,30,138.77,0.15,4.3,0,0,0,3,20.700000000000003,71.28,960,0,0,0,0,26.3,136,6
2018,3,12,19,30,153.75,0.15,4.2,0,0,0,2,21.200000000000003,77.58,960,0,0,0,0,25.400000000000002,133,5.4
2018,3,12,20,30,168.73,0.15,4.2,0,0,0,1,21.400000000000002,81.66,959,0,0,0,0,24.8,129,5.1000000000000005
2018,3,12,21,30,176.29,0.15,4.2,0,0,0,1,21.700000000000003,85,959,0,0,0,0,24.400000000000002,127,4.800000000000001
2018,3,12,22,30,161.31,0.15,4.3,0,0,0,3,21.900000000000002,88.09,959,0,0,0,0,24,125,4.6000000000000005
2018,3,12,23,30,146.33,0.15,4.3,0,0,0,1,22.1,89.96000000000001,959,0,0,0,0,23.8,123,4.3
2018,3,13,0,30,131.35,0.15,4.3,0,0,0,0,22.200000000000003,91.86,959,0,0,0,0,23.6,122,4
2018,3,13,1,30,116.38,0.15,4.2,0,0,0,0,22.3,93.49,959,0,0,0,0,23.400000000000002,121,3.8000000000000003
2018,3,13,2,30,101.41,0.15,4.1000000000000005,0,0,0,0,22.400000000000002,93.89,960,0,0,0,0,23.400000000000002,119,3.8000000000000003
2018,3,13,3,30,86.26,0.15,4,26,119,33,0,22.3,87.60000000000001,960,26,119,0,33,24.5,115,4.4
2018,3,13,4,30,71.45,0.15,4,80,571,262,3,21.700000000000003,73.55,961,146,9,0,149,26.8,112,4.9
2018,3,13,5,30,56.54,0.15,3.9000000000000004,104,757,521,0,20.6,58.32,961,104,757,0,521,29.700000000000003,111,4.9
2018,3,13,6,30,41.67,0.15,3.9000000000000004,124,836,748,0,19.5,46.44,960,124,836,0,748,32.4,111,4.6000000000000005
2018,3,13,7,30,26.92,0.15,4,135,881,921,0,18.5,38.5,959,135,881,0,921,34.7,111,4.1000000000000005
2018,3,13,8,30,12.74,0.15,4,143,901,1022,0,17.8,33.75,958,143,901,0,1022,36.300000000000004,110,3.6
2018,3,13,9,30,7.04,0.15,4.1000000000000005,151,894,1038,8,17.2,31.02,957,458,281,0,738,37.1,107,3.1
2018,3,13,10,30,19.66,0.15,4.1000000000000005,153,874,976,0,16.6,29.61,956,153,874,0,976,37.300000000000004,106,2.7
2018,3,13,11,30,34.25,0.15,4.2,147,832,835,1,16.3,29.45,955,147,832,0,835,37,110,2.6
2018,3,13,12,30,49.08,0.15,4.2,135,758,631,7,16.1,30.8,955,309,153,7,410,36,118,2.6
2018,3,13,13,30,63.97,0.15,4.3,113,617,383,2,16.1,32.97,955,203,16,0,210,34.800000000000004,128,2.8000000000000003
2018,3,13,14,30,78.87,0.15,4.4,69,319,130,7,16.5,36.800000000000004,956,6,0,7,6,33.2,139,3
2018,3,13,15,30,93.91,0.15,4.5,0,0,0,7,17.3,42.22,957,0,0,0,0,31.700000000000003,147,3.8000000000000003
2018,3,13,16,30,108.87,0.15,4.7,0,0,0,6,18,48.15,958,0,0,0,0,30.200000000000003,148,5
2018,3,13,17,30,123.85000000000001,0.15,4.800000000000001,0,0,0,6,18.8,55.35,959,0,0,0,0,28.6,145,5.7
2018,3,13,18,30,138.83,0.15,4.800000000000001,0,0,0,6,19.400000000000002,62.96,960,0,0,0,0,27.1,141,5.6000000000000005
2018,3,13,19,30,153.81,0.15,4.800000000000001,0,0,0,7,19.900000000000002,69.7,960,0,0,0,0,25.900000000000002,136,5.2
2018,3,13,20,30,168.79,0.15,4.800000000000001,0,0,0,7,20.400000000000002,75.54,959,0,0,0,0,25,132,5
2018,3,13,21,30,176.20000000000002,0.15,4.800000000000001,0,0,0,7,20.8,80.8,959,0,0,0,0,24.3,130,4.7
2018,3,13,22,30,161.24,0.15,4.7,0,0,0,7,21.1,84.44,958,0,0,0,0,23.900000000000002,129,4.5
2018,3,13,23,30,146.26,0.15,4.6000000000000005,0,0,0,7,21.400000000000002,87.36,958,0,0,0,0,23.6,128,4.2
2018,3,14,0,30,131.28,0.15,4.5,0,0,0,7,21.6,89.38,958,0,0,0,0,23.400000000000002,128,4
2018,3,14,1,30,116.3,0.15,4.4,0,0,0,4,21.6,90.99,959,0,0,0,0,23.200000000000003,127,3.7
2018,3,14,2,30,101.32000000000001,0.15,4.3,0,0,0,4,21.700000000000003,91.55,959,0,0,0,0,23.200000000000003,125,3.6
2018,3,14,3,30,86.17,0.15,4.2,27,89,33,4,21.8,86.81,960,23,0,7,23,24.1,122,4
2018,3,14,4,30,71.35000000000001,0.15,4.1000000000000005,87,539,259,4,21.200000000000003,73.31,960,130,4,0,131,26.400000000000002,120,4.3
2018,3,14,5,30,56.43,0.15,4.1000000000000005,112,734,518,7,19.8,56.9,960,220,381,0,431,29.200000000000003,119,4.3
2018,3,14,6,30,41.550000000000004,0.15,4.1000000000000005,126,830,747,7,18.2,43.86,960,235,576,0,666,32,118,4.2
2018,3,14,7,30,26.77,0.15,4.1000000000000005,134,881,921,0,17.6,37.53,959,134,881,0,921,34.1,118,3.9000000000000004
2018,3,14,8,30,12.5,0.15,4.1000000000000005,137,907,1023,0,17.3,33.76,957,137,907,0,1023,35.7,117,3.7
2018,3,14,9,30,6.75,0.15,4,146,902,1042,0,16.900000000000002,31.21,956,146,902,0,1042,36.7,116,3.4000000000000004
2018,3,14,10,30,19.61,0.15,4,144,887,979,0,16.5,29.64,955,144,887,0,979,37.1,114,3.2
2018,3,14,11,30,34.25,0.15,4.1000000000000005,138,848,838,0,16,29.25,954,138,848,0,838,36.800000000000004,113,3.1
2018,3,14,12,30,49.1,0.15,4.1000000000000005,130,767,632,0,15.600000000000001,30.060000000000002,954,130,767,0,632,35.9,114,3.1
2018,3,14,13,30,64.01,0.15,4.1000000000000005,106,638,386,2,15.5,32.2,954,197,15,0,204,34.5,117,2.7
2018,3,14,14,30,78.92,0.15,4.2,65,353,132,3,17,39.27,955,5,0,0,5,32.7,125,2.4000000000000004
2018,3,14,15,30,93.95,0.15,4.3,0,0,0,3,18.400000000000002,46.78,956,0,0,0,0,31.1,136,3.2
2018,3,14,16,30,108.93,0.15,4.4,0,0,0,0,17.7,48.4,957,0,0,0,0,29.700000000000003,140,4.6000000000000005
2018,3,14,17,30,123.9,0.15,4.5,0,0,0,3,17.8,53.43,958,0,0,0,0,28.1,139,5.1000000000000005
2018,3,14,18,30,138.88,0.15,4.6000000000000005,0,0,0,0,18.400000000000002,60.18,959,0,0,0,0,26.8,135,4.7
2018,3,14,19,30,153.86,0.15,4.7,0,0,0,3,19.1,66.07000000000001,959,0,0,0,0,25.900000000000002,130,4.4
2018,3,14,20,30,168.83,0.15,4.7,0,0,0,1,19.6,70.55,958,0,0,0,0,25.3,124,4.2
2018,3,14,21,30,176.07,0.15,4.6000000000000005,0,0,0,3,19.900000000000002,73.72,958,0,0,0,0,24.900000000000002,119,4.1000000000000005
2018,3,14,22,30,161.15,0.15,4.6000000000000005,0,0,0,3,20.1,76.38,957,0,0,0,0,24.5,114,3.9000000000000004
2018,3,14,23,30,146.17000000000002,0.15,4.5,0,0,0,1,20.200000000000003,78.92,957,0,0,0,0,24.1,110,3.6
2018,3,15,0,30,131.19,0.15,4.4,0,0,0,0,20.3,80.91,958,0,0,0,0,23.8,107,3.5
2018,3,15,1,30,116.21000000000001,0.15,4.3,0,0,0,0,20.400000000000002,82.33,959,0,0,0,0,23.6,104,3.4000000000000004
2018,3,15,2,30,101.24000000000001,0.15,4.1000000000000005,0,0,0,3,20.5,82.58,959,0,0,0,0,23.6,99,3.6
2018,3,15,3,30,86.08,0.15,4,27,88,33,0,20.5,78.45,960,27,88,0,33,24.5,92,4.3
2018,3,15,4,30,71.25,0.15,3.9000000000000004,92,522,259,0,19.900000000000002,67.57000000000001,960,92,522,0,259,26.400000000000002,86,4.9
2018,3,15,5,30,56.33,0.15,3.8000000000000003,120,719,518,0,18.6,53.01,960,120,719,0,518,29.1,79,5.2
2018,3,15,6,30,41.43,0.15,3.7,135,819,749,0,17.2,41.34,959,135,819,0,749,32,74,5.2
2018,3,15,7,30,26.62,0.15,3.7,143,873,923,0,16.2,33.84,958,143,873,0,923,34.4,70,5.2
2018,3,15,8,30,12.27,0.15,3.6,147,900,1027,0,15.3,28.990000000000002,957,147,900,0,1027,36.1,67,5.1000000000000005
2018,3,15,9,30,6.47,0.15,3.5,127,935,1057,1,14.4,25.61,955,127,935,0,1057,37.300000000000004,65,5
2018,3,15,10,30,19.57,0.15,3.5,127,919,993,3,13.600000000000001,23.71,954,471,64,0,531,37.800000000000004,64,4.9
2018,3,15,11,30,34.26,0.15,3.4000000000000004,122,885,853,3,12.9,22.69,954,343,3,0,346,37.800000000000004,65,4.7
2018,3,15,12,30,49.13,0.15,3.3000000000000003,105,834,651,3,12.3,22.81,953,357,91,0,416,37,66,4.4
2018,3,15,13,30,64.05,0.15,3.3000000000000003,89,708,399,1,11.9,24.14,954,89,708,0,399,35.5,68,3.5
2018,3,15,14,30,78.96000000000001,0.15,3.3000000000000003,57,426,139,0,13.3,30.59,955,57,426,0,139,32.800000000000004,72,2.2
2018,3,15,15,30,94,0.15,3.4000000000000004,0,0,0,7,15.3,39.2,955,0,0,0,0,30.8,81,1.7000000000000002
2018,3,15,16,30,108.98,0.15,3.5,0,0,0,7,14.9,39.67,956,0,0,0,0,30.1,98,2.2
2018,3,15,17,30,123.96000000000001,0.15,3.6,0,0,0,0,14.700000000000001,41.01,957,0,0,0,0,29.3,115,3.5
2018,3,15,18,30,138.94,0.15,3.8000000000000003,0,0,0,0,15.700000000000001,47.32,958,0,0,0,0,28,124,4.7
2018,3,15,19,30,153.91,0.15,4,0,0,0,0,17.7,58.19,958,0,0,0,0,26.6,124,5.1000000000000005
2018,3,15,20,30,168.86,0.15,4.1000000000000005,0,0,0,0,19.1,68.06,958,0,0,0,0,25.400000000000002,119,4.9
2018,3,15,21,30,175.91,0.15,4.1000000000000005,0,0,0,0,19.700000000000003,74.5,958,0,0,0,0,24.5,114,4.5
2018,3,15,22,30,161.06,0.15,4.1000000000000005,0,0,0,0,19.8,77.33,957,0,0,0,0,24,109,4.3
2018,3,15,23,30,146.09,0.15,4,0,0,0,0,19.700000000000003,78.94,957,0,0,0,0,23.6,104,4.1000000000000005
2018,3,16,0,30,131.11,0.15,3.9000000000000004,0,0,0,0,19.700000000000003,80.7,957,0,0,0,0,23.200000000000003,97,3.9000000000000004
2018,3,16,1,30,116.13,0.15,3.8000000000000003,0,0,0,0,19.700000000000003,82.75,957,0,0,0,0,22.8,89,3.6
2018,3,16,2,30,101.15,0.15,3.8000000000000003,0,0,0,0,19.8,83.60000000000001,958,0,0,0,0,22.700000000000003,82,3.7
2018,3,16,3,30,85.99,0.15,3.7,27,65,32,0,19.700000000000003,78.05,959,27,65,0,32,23.8,78,4.4
2018,3,16,4,30,71.16,0.15,3.7,102,481,257,0,18.6,61.940000000000005,959,102,481,0,257,26.5,75,5
2018,3,16,5,30,56.230000000000004,0.15,3.6,135,683,515,0,16,43.84,960,135,683,0,515,29.6,73,4.800000000000001
2018,3,16,6,30,41.31,0.15,3.6,162,770,740,0,13.9,32.75,959,162,770,0,740,32.300000000000004,70,4.3
2018,3,16,7,30,26.48,0.15,3.6,181,815,911,0,12.9,27.27,959,181,815,0,911,34.4,66,3.7
2018,3,16,8,30,12.040000000000001,0.15,3.5,194,835,1011,0,12.3,24.330000000000002,957,194,835,0,1011,35.800000000000004,60,3.3000000000000003
2018,3,16,9,30,6.2,0.15,3.5,163,886,1043,0,11.9,22.46,956,163,886,0,1043,36.800000000000004,57,3.1
2018,3,16,10,30,19.54,0.15,3.5,155,876,981,0,11.600000000000001,21.34,955,155,876,0,981,37.300000000000004,55,2.9000000000000004
2018,3,16,11,30,34.27,0.15,3.5,143,845,841,1,11.200000000000001,20.95,954,143,845,0,841,37.2,56,2.9000000000000004
2018,3,16,12,30,49.160000000000004,0.15,3.5,127,781,638,7,10.9,21.19,954,295,310,7,498,36.6,57,2.8000000000000003
2018,3,16,13,30,64.09,0.15,3.5,103,658,390,4,10.600000000000001,22.38,954,105,0,0,105,35.300000000000004,58,2.5
2018,3,16,14,30,79.01,0.15,3.4000000000000004,61,384,135,4,11.9,27.61,954,37,0,0,37,33,62,1.6
2018,3,16,15,30,94.05,0.15,3.4000000000000004,0,0,0,4,15.100000000000001,38.04,955,0,0,0,0,31.1,73,1.3
2018,3,16,16,30,109.03,0.15,3.4000000000000004,0,0,0,4,14.4,38.18,956,0,0,0,0,30.200000000000003,95,1.8
2018,3,16,17,30,124.01,0.15,3.4000000000000004,0,0,0,3,13.9,39.47,957,0,0,0,0,29.1,119,3.1
2018,3,16,18,30,138.99,0.15,3.6,0,0,0,7,15.200000000000001,46.83,958,0,0,0,0,27.6,131,4.5
2018,3,16,19,30,153.96,0.15,3.7,0,0,0,7,17.400000000000002,59.07,958,0,0,0,0,26,134,4.9
2018,3,16,20,30,168.88,0.15,3.8000000000000003,0,0,0,7,18.900000000000002,69.13,958,0,0,0,0,24.900000000000002,133,4.6000000000000005
2018,3,16,21,30,175.71,0.15,3.8000000000000003,0,0,0,8,19.6,75.34,958,0,0,0,0,24.200000000000003,129,4.1000000000000005
2018,3,16,22,30,160.96,0.15,3.8000000000000003,0,0,0,7,19.700000000000003,78.51,957,0,0,0,0,23.700000000000003,124,3.8000000000000003
2018,3,16,23,30,146,0.15,3.7,0,0,0,7,19.700000000000003,79.91,957,0,0,0,0,23.400000000000002,119,3.4000000000000004
2018,3,17,0,30,131.02,0.15,3.6,0,0,0,0,19.700000000000003,81.28,957,0,0,0,0,23.1,116,3
2018,3,17,1,30,116.04,0.15,3.5,0,0,0,8,19.8,83.08,958,0,0,0,0,22.8,113,2.8000000000000003
2018,3,17,2,30,101.06,0.15,3.5,0,0,0,0,19.900000000000002,83.53,958,0,0,0,0,22.8,108,3.1
2018,3,17,3,30,85.9,0.15,3.4000000000000004,29,97,36,0,19.900000000000002,78.63,959,29,97,0,36,23.8,101,3.6
2018,3,17,4,30,71.06,0.15,3.3000000000000003,94,525,265,0,19.3,67.11,959,94,525,0,265,25.900000000000002,94,4.1000000000000005
2018,3,17,5,30,56.120000000000005,0.15,3.3000000000000003,123,720,525,0,18.2,53.14,959,123,720,0,525,28.700000000000003,89,4
2018,3,17,6,30,41.2,0.15,3.2,140,818,756,0,16.900000000000002,41.7,959,140,818,0,756,31.5,84,3.8000000000000003
2018,3,17,7,30,26.34,0.15,3.2,150,869,929,0,15.700000000000001,33.64,958,150,869,0,929,33.9,78,3.3000000000000003
2018,3,17,8,30,11.82,0.15,3.2,157,892,1030,0,14.5,28.080000000000002,957,157,892,0,1030,35.800000000000004,73,3
2018,3,17,9,30,5.95,0.15,3.3000000000000003,140,920,1055,0,13.5,24.51,955,140,920,0,1055,37.1,70,2.8000000000000003
2018,3,17,10,30,19.51,0.15,3.3000000000000003,139,903,991,0,12.8,22.51,954,139,903,0,991,37.800000000000004,71,2.7
2018,3,17,11,30,34.29,0.15,3.3000000000000003,134,864,848,0,12.200000000000001,21.54,953,134,864,0,848,37.9,74,2.8000000000000003
2018,3,17,12,30,49.19,0.15,3.3000000000000003,130,778,638,0,11.700000000000001,21.52,953,130,778,0,638,37.300000000000004,78,3
2018,3,17,13,30,64.13,0.15,3.3000000000000003,109,637,387,0,11.200000000000001,22.44,953,109,637,0,387,36,82,2.9000000000000004
2018,3,17,14,30,79.06,0.15,3.2,66,343,131,0,11.3,25.66,953,66,343,0,131,33.6,88,2.2
2018,3,17,15,30,94.10000000000001,0.15,3.1,0,0,0,0,13.200000000000001,32.6,954,0,0,0,0,31.6,95,2.1
2018,3,17,16,30,109.08,0.15,3.1,0,0,0,0,12.4,32.910000000000004,955,0,0,0,0,30.5,105,3.1
2018,3,17,17,30,124.06,0.15,3.1,0,0,0,0,12.8,36.660000000000004,956,0,0,0,0,29.1,115,4.3
2018,3,17,18,30,139.04,0.15,3.2,0,0,0,0,14.8,45.97,957,0,0,0,0,27.400000000000002,119,4.800000000000001
2018,3,17,19,30,154,0.15,3.3000000000000003,0,0,0,0,17,58.06,957,0,0,0,0,25.900000000000002,117,4.800000000000001
2018,3,17,20,30,168.89000000000001,0.15,3.3000000000000003,0,0,0,0,18.5,67.78,957,0,0,0,0,24.900000000000002,110,4.6000000000000005
2018,3,17,21,30,175.48,0.15,3.3000000000000003,0,0,0,0,19.200000000000003,73.58,956,0,0,0,0,24.200000000000003,103,4.4
2018,3,17,22,30,160.84,0.15,3.3000000000000003,0,0,0,3,19.5,77.81,956,0,0,0,0,23.6,98,4.1000000000000005
2018,3,17,23,30,145.9,0.15,3.3000000000000003,0,0,0,0,19.8,82.25,956,0,0,0,0,23,95,3.8000000000000003
2018,3,18,0,30,130.93,0.15,3.2,0,0,0,1,20.200000000000003,86.14,956,0,0,0,0,22.6,94,3.6
2018,3,18,1,30,115.95,0.15,3.2,0,0,0,3,20.6,90.04,957,0,0,0,0,22.3,93,3.7
2018,3,18,2,30,100.96000000000001,0.15,3.2,0,0,0,3,20.900000000000002,90.96000000000001,957,0,0,0,0,22.5,92,4
2018,3,18,3,30,85.81,0.15,3.2,29,114,37,3,21.200000000000003,85.73,958,27,0,7,27,23.700000000000003,90,4.9
2018,3,18,4,30,70.96000000000001,0.15,3.2,90,547,268,0,20.700000000000003,71.16,958,90,547,0,268,26.3,88,5.7
2018,3,18,5,30,56.02,0.15,3.2,116,738,529,0,19.5,55.230000000000004,958,116,738,0,529,29.400000000000002,86,6
2018,3,18,6,30,41.08,0.15,3.3000000000000003,136,822,756,0,18.1,42.72,958,136,822,0,756,32.4,83,5.9
2018,3,18,7,30,26.2,0.15,3.3000000000000003,150,867,928,0,16.8,34.26,957,150,867,0,928,34.800000000000004,80,5.5
2018,3,18,8,30,11.61,0.15,3.4000000000000004,158,885,1025,0,15.600000000000001,28.990000000000002,955,158,885,0,1025,36.5,78,5.2
2018,3,18,9,30,5.72,0.15,3.5,153,897,1045,0,14.700000000000001,25.78,954,153,897,0,1045,37.6,75,4.800000000000001
2018,3,18,10,30,19.5,0.15,3.5,151,881,981,0,14,23.990000000000002,953,151,881,0,981,38.1,73,4.6000000000000005
2018,3,18,11,30,34.31,0.15,3.6,145,839,837,7,13.5,23.32,952,336,405,7,670,38,73,4.5
2018,3,18,12,30,49.230000000000004,0.15,3.6,134,763,632,1,13.100000000000001,23.66,952,134,763,0,632,37.300000000000004,73,4.4
2018,3,18,13,30,64.18,0.15,3.6,111,624,383,1,12.9,25.18,952,111,624,0,383,35.9,74,4
2018,3,18,14,30,79.10000000000001,0.15,3.6,66,329,129,1,13.3,28.77,953,66,329,0,129,33.9,81,3
2018,3,18,15,30,94.15,0.15,3.6,0,0,0,0,14,32.85,954,0,0,0,0,32.4,96,3
2018,3,18,16,30,109.13,0.15,3.7,0,0,0,1,14.5,36.15,955,0,0,0,0,31.3,111,4.6000000000000005
2018,3,18,17,30,124.11,0.15,3.8000000000000003,0,0,0,0,16.400000000000002,45.12,957,0,0,0,0,29.5,117,5.7
2018,3,18,18,30,139.09,0.15,3.9000000000000004,0,0,0,0,18.6,58.09,958,0,0,0,0,27.6,115,5.9
2018,3,18,19,30,154.04,0.15,3.9000000000000004,0,0,0,0,20,68.68,958,0,0,0,0,26.200000000000003,111,5.5
2018,3,18,20,30,168.88,0.15,3.8000000000000003,0,0,0,0,20.6,75.45,958,0,0,0,0,25.3,107,5.2
2018,3,18,21,30,175.23,0.15,3.8000000000000003,0,0,0,0,21.1,80.96000000000001,957,0,0,0,0,24.6,104,5.1000000000000005
2018,3,18,22,30,160.73,0.15,3.8000000000000003,0,0,0,0,21.5,85.15,957,0,0,0,0,24.200000000000003,103,5
2018,3,18,23,30,145.8,0.15,3.7,0,0,0,0,21.8,88.77,957,0,0,0,0,23.8,102,4.800000000000001
2018,3,19,0,30,130.83,0.15,3.7,0,0,0,0,22,90.58,957,0,0,0,0,23.6,100,4.800000000000001
2018,3,19,1,30,115.85000000000001,0.15,3.6,0,0,0,0,22,91.59,957,0,0,0,0,23.400000000000002,97,4.7
2018,3,19,2,30,100.87,0.15,3.5,0,0,0,0,21.900000000000002,90.77,958,0,0,0,0,23.5,93,4.800000000000001
2018,3,19,3,30,85.72,0.15,3.4000000000000004,30,101,38,0,21.8,84.53,959,30,101,0,38,24.6,89,5.7
2018,3,19,4,30,70.87,0.15,3.3000000000000003,91,545,270,0,21.1,69.8,960,91,545,0,270,27.1,85,6.6000000000000005
2018,3,19,5,30,55.92,0.15,3.2,113,751,533,0,19.900000000000002,54.64,960,113,751,0,533,30,82,6.9
2018,3,19,6,30,40.97,0.15,3.2,124,847,764,0,18.3,42.160000000000004,960,124,847,0,764,32.800000000000004,81,6.9
2018,3,19,7,30,26.07,0.15,3.1,134,896,938,0,16.6,33.33,959,134,896,0,938,35.1,79,6.800000000000001
2018,3,19,8,30,11.41,0.15,3.1,141,916,1039,0,15.4,28.14,957,141,916,0,1039,36.800000000000004,79,6.6000000000000005
2018,3,19,9,30,5.5,0.15,3.2,132,932,1060,0,14.600000000000001,25.13,956,132,932,0,1060,38,78,6.300000000000001
2018,3,19,10,30,19.490000000000002,0.15,3.3000000000000003,129,917,993,0,14.200000000000001,23.73,955,129,917,0,993,38.5,78,6
2018,3,19,11,30,34.34,0.15,3.4000000000000004,122,881,850,0,13.9,23.46,954,122,881,0,850,38.400000000000006,78,5.800000000000001
2018,3,19,12,30,49.27,0.15,3.5,116,803,640,0,13.8,24.38,954,116,803,0,640,37.6,79,5.5
2018,3,19,13,30,64.22,0.15,3.6,99,664,388,0,13.9,26.61,954,99,664,0,388,36.1,82,5
2018,3,19,14,30,79.15,0.15,3.8000000000000003,63,359,130,0,14.4,30.44,955,63,359,0,130,34.2,90,4.3
2018,3,19,15,30,94.21000000000001,0.15,3.8000000000000003,0,0,0,0,15.200000000000001,34.93,956,0,0,0,0,32.7,104,4.4
2018,3,19,16,30,109.19,0.15,3.9000000000000004,0,0,0,0,16.3,40.42,957,0,0,0,0,31.3,115,5.4
2018,3,19,17,30,124.16,0.15,3.9000000000000004,0,0,0,0,17.900000000000002,49.61,958,0,0,0,0,29.5,117,6.1000000000000005
2018,3,19,18,30,139.13,0.15,3.9000000000000004,0,0,0,0,19.5,60.730000000000004,959,0,0,0,0,27.8,115,6.2
2018,3,19,19,30,154.07,0.15,3.8000000000000003,0,0,0,0,20.5,69.73,959,0,0,0,0,26.5,111,5.7
2018,3,19,20,30,168.86,0.15,3.8000000000000003,0,0,0,0,21.1,76.16,959,0,0,0,0,25.6,106,5.4
2018,3,19,21,30,174.96,0.15,3.7,0,0,0,0,21.400000000000002,81.12,958,0,0,0,0,24.900000000000002,100,5.2
2018,3,19,22,30,160.6,0.15,3.7,0,0,0,0,21.700000000000003,84.73,958,0,0,0,0,24.400000000000002,96,5
2018,3,19,23,30,145.69,0.15,3.6,0,0,0,0,21.700000000000003,86.46000000000001,958,0,0,0,0,24.1,92,4.9
2018,3,20,0,30,130.73,0.15,3.5,0,0,0,0,21.6,87.94,959,0,0,0,0,23.700000000000003,88,4.800000000000001
2018,3,20,1,30,115.76,0.15,3.4000000000000004,0,0,0,0,21.400000000000002,88.68,959,0,0,0,0,23.400000000000002,85,4.7
2018,3,20,2,30,100.78,0.15,3.3000000000000003,0,0,0,0,21.200000000000003,88.26,960,0,0,0,0,23.3,82,4.800000000000001
2018,3,20,3,30,85.63,0.15,3.1,30,122,40,0,21.1,81.68,961,30,122,0,40,24.400000000000002,80,5.5
2018,3,20,4,30,70.77,0.15,3,87,569,274,1,20.200000000000003,66.89,961,87,569,0,274,26.900000000000002,80,6.300000000000001
2018,3,20,5,30,55.82,0.15,3,110,759,537,0,18.5,50.34,961,110,759,0,537,29.900000000000002,80,6.6000000000000005
2018,3,20,6,30,40.86,0.15,2.9000000000000004,120,861,771,0,16.5,37.69,961,120,861,0,771,32.800000000000004,80,6.7
2018,3,20,7,30,25.95,0.15,2.9000000000000004,130,905,944,0,15,30.35,960,130,905,0,944,35,79,6.6000000000000005
2018,3,20,8,30,11.22,0.15,3,135,925,1042,0,14.100000000000001,26.16,959,135,925,0,1042,36.6,79,6.4
2018,3,20,9,30,5.3100000000000005,0.15,3,133,933,1062,0,13.4,23.86,958,133,933,0,1062,37.5,79,6.300000000000001
2018,3,20,10,30,19.490000000000002,0.15,3.1,131,915,994,0,13,22.85,957,131,915,0,994,37.800000000000004,81,6.2
2018,3,20,11,30,34.37,0.15,3.2,127,876,850,2,12.8,22.85,956,440,118,0,538,37.5,83,6.1000000000000005
2018,3,20,12,30,49.31,0.15,3.3000000000000003,116,805,641,1,12.600000000000001,23.73,956,116,805,0,641,36.6,87,6
2018,3,20,13,30,64.27,0.15,3.4000000000000004,97,671,389,0,12.600000000000001,25.77,956,97,671,0,389,35.1,92,5.7
2018,3,20,14,30,79.2,0.15,3.6,60,377,130,1,13.200000000000001,30.25,957,60,377,0,130,32.9,103,5.4
2018,3,20,15,30,94.26,0.15,3.8000000000000003,0,0,0,4,14.8,37.38,958,0,0,0,0,31,114,5.5
2018,3,20,16,30,109.24000000000001,0.15,4,0,0,0,7,17,47.27,959,0,0,0,0,29.400000000000002,118,6
2018,3,20,17,30,124.21000000000001,0.15,4.2,0,0,0,7,19.1,58.410000000000004,960,0,0,0,0,28,116,5.9
2018,3,20,18,30,139.17000000000002,0.15,4.4,0,0,0,5,20.400000000000002,67.52,960,0,0,0,0,26.900000000000002,112,5.5
2018,3,20,19,30,154.1,0.15,4.5,0,0,0,4,21.1,73.82000000000001,960,0,0,0,0,26.1,108,5
2018,3,20,20,30,168.83,0.15,4.5,0,0,0,3,21.5,79.08,960,0,0,1,0,25.400000000000002,104,4.6000000000000005
2018,3,20,21,30,174.67000000000002,0.15,4.5,0,0,0,5,21.8,83.14,959,0,0,0,0,24.900000000000002,100,4.4
2018,3,20,22,30,160.46,0.15,4.4,0,0,0,8,22.1,87.01,959,0,0,0,0,24.400000000000002,97,4.2
2018,3,20,23,30,145.58,0.15,4.3,0,0,0,3,22.3,89.92,959,0,0,0,0,24.1,96,4
2018,3,21,0,30,130.63,0.15,4.2,0,0,0,3,22.5,92.03,960,0,0,0,0,23.900000000000002,95,4
2018,3,21,1,30,115.66,0.15,4,0,0,0,0,22.6,93.26,960,0,0,0,0,23.8,95,3.9000000000000004
2018,3,21,2,30,100.68,0.15,3.9000000000000004,0,0,0,0,22.700000000000003,93.67,961,0,0,0,0,23.8,95,4
2018,3,21,3,30,85.54,0.15,3.7,32,111,40,0,22.8,88.97,962,32,111,0,40,24.700000000000003,93,4.7
2018,3,21,4,30,70.68,0.15,3.6,93,540,271,0,22.3,77.26,962,93,540,0,271,26.6,91,5.5
2018,3,21,5,30,55.72,0.15,3.5,116,740,533,0,21.400000000000002,63.440000000000005,962,116,740,0,533,29,89,5.6000000000000005
2018,3,21,6,30,40.76,0.15,3.4000000000000004,125,844,764,0,20.3,51.4,962,125,844,0,764,31.5,88,5.5
2018,3,21,7,30,25.830000000000002,0.15,3.4000000000000004,131,895,937,0,18.8,41.37,961,131,895,0,937,33.7,88,5.2
2018,3,21,8,30,11.040000000000001,0.15,3.3000000000000003,135,920,1038,0,17.2,33.86,960,135,920,0,1038,35.5,91,5
2018,3,21,9,30,5.15,0.15,3.3000000000000003,135,925,1056,0,15.9,29.22,958,135,925,0,1056,36.7,94,4.7
2018,3,21,10,30,19.51,0.15,3.4000000000000004,129,913,990,0,15.100000000000001,27,957,129,913,0,990,37.2,99,4.5
2018,3,21,11,30,34.410000000000004,0.15,3.4000000000000004,122,881,848,2,14.700000000000001,26.63,957,444,129,0,550,37,104,4.2
2018,3,21,12,30,49.36,0.15,3.5,117,797,637,2,14.600000000000001,27.45,956,362,100,0,427,36.300000000000004,109,4.1000000000000005
2018,3,21,13,30,64.32000000000001,0.15,3.6,99,661,386,1,14.600000000000001,29.78,957,99,661,0,386,34.9,116,3.9000000000000004
2018,3,21,14,30,79.26,0.15,3.7,61,364,129,3,15.100000000000001,33.87,957,8,0,0,8,33.1,125,3.7
2018,3,21,15,30,94.31,0.15,3.8000000000000003,0,0,0,0,15.9,38.94,958,0,0,0,0,31.6,134,4.3
2018,3,21,16,30,109.29,0.15,3.9000000000000004,0,0,0,3,16.7,44.64,959,0,0,1,0,30.1,138,5.5
2018,3,21,17,30,124.26,0.15,3.9000000000000004,0,0,0,3,18,53.65,960,0,0,0,0,28.3,138,5.9
2018,3,21,18,30,139.21,0.15,3.9000000000000004,0,0,0,0,19.200000000000003,63.25,960,0,0,0,0,26.8,135,5.5
2018,3,21,19,30,154.12,0.15,3.9000000000000004,0,0,0,0,20.200000000000003,71.47,961,0,0,0,0,25.700000000000003,132,5
2018,3,21,20,30,168.78,0.15,3.8000000000000003,0,0,0,0,20.8,78.12,960,0,0,0,0,24.900000000000002,130,4.6000000000000005
2018,3,21,21,30,174.37,0.15,3.8000000000000003,0,0,0,0,21.400000000000002,83.88,960,0,0,0,0,24.3,129,4.3
2018,3,21,22,30,160.32,0.15,3.8000000000000003,0,0,0,0,21.8,87.49,959,0,0,1,0,24,128,4.2
2018,3,21,23,30,145.47,0.15,3.7,0,0,0,0,22,89.79,959,0,0,0,0,23.8,129,4.1000000000000005
2018,3,22,0,30,130.53,0.15,3.8000000000000003,0,0,0,0,22.1,90.98,960,0,0,0,0,23.700000000000003,129,3.9000000000000004
2018,3,22,1,30,115.56,0.15,3.8000000000000003,0,0,0,0,22.200000000000003,91.81,960,0,0,0,0,23.6,130,3.7
2018,3,22,2,30,100.59,0.15,3.8000000000000003,0,0,0,0,22.200000000000003,91.47,961,0,0,0,0,23.700000000000003,131,3.8000000000000003
2018,3,22,3,30,85.44,0.15,3.9000000000000004,28,219,45,0,22.200000000000003,86.36,961,28,219,0,45,24.6,131,4.2
2018,3,22,4,30,70.58,0.15,3.9000000000000004,69,644,283,0,21.5,74.04,962,69,644,0,283,26.5,131,4.6000000000000005
2018,3,22,5,30,55.620000000000005,0.15,3.9000000000000004,88,804,542,0,20.200000000000003,58.25,962,88,804,0,542,29.200000000000003,132,4.7
2018,3,22,6,30,40.660000000000004,0.15,3.9000000000000004,101,880,768,0,18.8,46.12,962,101,880,0,768,31.8,133,4.7
2018,3,22,7,30,25.71,0.15,3.9000000000000004,109,920,938,0,17.900000000000002,38.730000000000004,961,109,920,0,938,33.9,135,4.5
2018,3,22,8,30,10.88,0.15,3.9000000000000004,114,938,1036,0,17.3,34.4,959,114,938,0,1036,35.300000000000004,137,4.3
2018,3,22,9,30,5.01,0.15,3.9000000000000004,118,938,1052,0,16.8,32.15,958,118,938,0,1052,36,139,4.1000000000000005
2018,3,22,10,30,19.53,0.15,4,117,921,985,1,16.400000000000002,31.330000000000002,957,117,921,0,985,36,141,4
2018,3,22,11,30,34.45,0.15,4.1000000000000005,113,884,842,1,16.1,31.740000000000002,957,113,884,0,842,35.4,142,4.1000000000000005
2018,3,22,12,30,49.410000000000004,0.15,4.1000000000000005,131,759,625,0,15.9,33.53,957,131,759,0,625,34.2,144,4.4
2018,3,22,13,30,64.37,0.15,4.1000000000000005,109,619,377,2,15.9,36.47,957,185,12,0,190,32.7,144,4.6000000000000005
2018,3,22,14,30,79.31,0.15,4.2,65,317,124,8,16,40.29,958,76,10,7,78,31.1,143,4.7
2018,3,22,15,30,94.36,0.15,4.2,0,0,0,6,16.400000000000002,44.85,958,0,0,0,0,29.6,142,4.800000000000001
2018,3,22,16,30,109.34,0.15,4.2,0,0,0,6,16.900000000000002,50.32,959,0,0,0,0,28.200000000000003,140,5.1000000000000005
2018,3,22,17,30,124.3,0.15,4.3,0,0,0,6,17.8,57.32,960,0,0,0,0,27,139,5.1000000000000005
2018,3,22,18,30,139.25,0.15,4.3,0,0,0,6,18.900000000000002,64.89,960,0,0,0,0,26,138,4.6000000000000005
2018,3,22,19,30,154.13,0.15,4.3,0,0,0,7,19.6,70.77,960,0,0,0,0,25.3,137,4
2018,3,22,20,30,168.72,0.15,4.3,0,0,0,7,20.1,75.62,960,0,0,0,0,24.700000000000003,136,3.5
2018,3,22,21,30,174.06,0.15,4.2,0,0,0,4,20.5,79.7,959,0,0,0,0,24.200000000000003,135,3
2018,3,22,22,30,160.17000000000002,0.15,4.1000000000000005,0,0,0,4,20.8,83.19,959,0,0,0,0,23.8,132,2.6
2018,3,22,23,30,145.35,0.15,4,0,0,0,4,21,86.44,958,0,0,0,0,23.400000000000002,128,2.2
2018,3,23,0,30,130.42000000000002,0.15,3.9000000000000004,0,0,0,4,21.3,90.60000000000001,958,0,0,0,0,22.900000000000002,121,1.7000000000000002
2018,3,23,1,30,115.46000000000001,0.15,3.8000000000000003,0,0,0,5,21.5,94.3,959,0,0,0,0,22.5,113,1.3
2018,3,23,2,30,100.49000000000001,0.15,3.8000000000000003,0,0,0,5,21.700000000000003,95.36,959,0,0,0,0,22.5,104,1.4000000000000001
2018,3,23,3,30,85.35000000000001,0.15,3.7,29,205,45,7,21.8,87.47,960,39,11,7,40,24,100,2.1
2018,3,23,4,30,70.49,0.15,3.8000000000000003,71,636,283,0,19.900000000000002,64.23,960,71,636,0,283,27.200000000000003,105,2.7
2018,3,23,5,30,55.52,0.15,3.8000000000000003,92,796,542,0,15.9,41.31,960,92,796,0,542,30.5,111,3
2018,3,23,6,30,40.56,0.15,3.9000000000000004,110,862,765,8,14.5,33,960,262,508,0,648,32.9,116,3
2018,3,23,7,30,25.6,0.15,3.9000000000000004,120,903,934,8,14.200000000000001,29.76,959,224,678,0,835,34.4,123,2.9000000000000004
2018,3,23,8,30,10.72,0.15,4,127,920,1030,0,14.200000000000001,28.27,958,127,920,0,1030,35.300000000000004,130,2.9000000000000004
2018,3,23,9,30,4.9,0.15,4,142,903,1042,7,14.200000000000001,27.490000000000002,957,296,541,0,835,35.800000000000004,136,2.9000000000000004
2018,3,23,10,30,19.55,0.15,4,144,881,974,8,14.200000000000001,27.34,956,399,347,0,726,35.9,137,2.9000000000000004
2018,3,23,11,30,34.5,0.15,4.1000000000000005,141,834,829,7,14.200000000000001,27.84,955,347,332,0,621,35.6,133,2.8000000000000003
2018,3,23,12,30,49.46,0.15,4.1000000000000005,132,753,621,7,14.3,29.07,955,302,224,7,447,34.9,124,2.6
2018,3,23,13,30,64.43,0.15,4.2,112,601,372,3,14.4,31.41,955,231,40,0,248,33.7,115,2.2
2018,3,23,14,30,79.36,0.15,4.3,67,290,120,0,15.3,36.25,955,67,290,0,120,32.1,110,1.6
2018,3,23,15,30,94.42,0.15,4.4,0,0,0,4,17.2,44.07,956,0,0,0,0,30.8,116,1.6
2018,3,23,16,30,109.39,0.15,4.4,0,0,0,1,17.2,46.21,957,0,0,0,0,30,129,2.5
2018,3,23,17,30,124.35000000000001,0.15,4.5,0,0,0,0,17.3,49.63,958,0,0,0,0,28.900000000000002,139,3.4000000000000004
2018,3,23,18,30,139.28,0.15,4.5,0,0,0,3,17.7,54.63,958,0,0,0,0,27.700000000000003,144,3.8000000000000003
2018,3,23,19,30,154.14000000000001,0.15,4.5,0,0,0,7,18.400000000000002,60.67,959,0,0,0,0,26.6,145,3.8000000000000003
2018,3,23,20,30,168.64000000000001,0.15,4.5,0,0,0,7,19,66.45,958,0,0,0,0,25.700000000000003,144,3.7
2018,3,23,21,30,173.73,0.15,4.5,0,0,0,1,19.5,71.13,958,0,0,0,0,25.1,143,3.6
2018,3,23,22,30,160.02,0.15,4.5,0,0,0,0,19.900000000000002,75.32000000000001,957,0,0,0,0,24.6,141,3.4000000000000004
2018,3,23,23,30,145.23,0.15,4.5,0,0,0,0,20.3,79.11,957,0,0,0,0,24.200000000000003,139,3.3000000000000003
2018,3,24,0,30,130.31,0.15,4.5,0,0,0,0,20.700000000000003,82.88,958,0,0,0,0,23.8,137,3.1
2018,3,24,1,30,115.36,0.15,4.5,0,0,0,0,21,85.63,958,0,0,0,0,23.6,135,3.1
2018,3,24,2,30,100.39,0.15,4.4,0,0,0,8,21.400000000000002,87.83,959,0,0,0,0,23.5,134,3.1
2018,3,24,3,30,85.26,0.15,4.4,31,151,43,3,21.6,84.24,960,34,1,7,34,24.400000000000002,132,3.4000000000000004
2018,3,24,4,30,70.39,0.15,4.4,82,579,276,3,21,72.03,960,149,9,0,152,26.400000000000002,129,3.6
2018,3,24,5,30,55.43,0.15,4.4,105,752,532,0,19.3,55.49,960,105,752,0,532,29.1,126,3.6
2018,3,24,6,30,40.46,0.15,4.4,121,835,757,0,18.2,44.730000000000004,960,121,835,0,757,31.700000000000003,122,3.3000000000000003
2018,3,24,7,30,25.490000000000002,0.15,4.4,133,876,924,0,17.900000000000002,38.99,959,133,876,0,924,33.800000000000004,118,3
2018,3,24,8,30,10.58,0.15,4.5,141,893,1019,3,17.8,35.74,957,499,155,0,651,35.2,114,2.6
2018,3,24,9,30,4.82,0.15,4.5,131,911,1039,0,17.6,34.2,956,131,911,0,1039,35.800000000000004,108,2.4000000000000004
2018,3,24,10,30,19.59,0.15,4.5,132,892,972,1,17.3,33.61,955,132,892,0,972,35.800000000000004,101,2.2
2018,3,24,11,30,34.550000000000004,0.15,4.6000000000000005,127,851,828,3,17.1,34.43,955,439,128,0,544,35.1,94,2.2
2018,3,24,12,30,49.52,0.15,4.7,118,778,623,2,17.1,36.56,955,325,57,0,362,34,88,2.2
2018,3,24,13,30,64.48,0.15,4.7,100,638,375,8,17.2,39.67,955,103,3,0,105,32.7,82,2.1
2018,3,24,14,30,79.42,0.15,4.800000000000001,61,334,123,3,17.7,44.52,956,54,0,0,55,31.200000000000003,82,1.5
2018,3,24,15,30,94.47,0.15,4.800000000000001,0,0,0,3,19.400000000000002,52.64,957,0,0,0,0,30.1,93,1.1
2018,3,24,16,30,109.44,0.15,4.800000000000001,0,0,0,3,19.400000000000002,55.36,958,0,0,0,0,29.3,114,1.4000000000000001
2018,3,24,17,30,124.39,0.15,4.800000000000001,0,0,0,4,19.1,56.61,958,0,0,0,0,28.6,136,2
2018,3,24,18,30,139.31,0.15,4.7,0,0,0,3,19,58.51,959,0,0,0,0,27.900000000000002,147,2.8000000000000003
2018,3,24,19,30,154.15,0.15,4.6000000000000005,0,0,0,0,19,61.25,959,0,0,0,0,27.1,149,3.4000000000000004
2018,3,24,20,30,168.55,0.15,4.5,0,0,0,1,19,64.42,958,0,0,0,0,26.200000000000003,145,3.6
2018,3,24,21,30,173.4,0.15,4.4,0,0,0,3,19,67.85,958,0,0,0,0,25.400000000000002,140,3.5
2018,3,24,22,30,159.85,0.15,4.4,0,0,0,3,19.200000000000003,72.14,958,0,0,0,0,24.6,135,3.3000000000000003
2018,3,24,23,30,145.1,0.15,4.3,0,0,0,0,19.6,76.55,958,0,0,0,0,24,131,3.1
2018,3,25,0,30,130.2,0.15,4.3,0,0,0,3,20.1,80.77,958,0,0,0,0,23.6,128,3
2018,3,25,1,30,115.26,0.15,4.3,0,0,0,4,20.700000000000003,84.71000000000001,959,0,0,0,0,23.400000000000002,123,3
2018,3,25,2,30,100.29,0.15,4.3,0,0,0,5,21.200000000000003,87.69,960,0,0,0,0,23.400000000000002,117,3.2
2018,3,25,3,30,85.16,0.15,4.3,33,126,44,5,21.700000000000003,83.98,961,32,0,7,32,24.6,109,4
2018,3,25,4,30,70.3,0.15,4.3,93,532,272,3,21.400000000000002,72.05,961,186,79,0,213,26.900000000000002,100,4.800000000000001
2018,3,25,5,30,55.34,0.15,4.3,124,705,525,3,20.6,59.15,962,317,155,0,405,29.400000000000002,93,5
2018,3,25,6,30,40.36,0.15,4.3,160,763,742,3,19.900000000000002,50.14,961,382,55,0,424,31.5,88,5
2018,3,25,7,30,25.39,0.15,4.3,175,812,908,3,19.200000000000003,43.7,960,443,43,0,482,33.2,84,4.800000000000001
2018,3,25,8,30,10.450000000000001,0.15,4.3,183,835,1004,3,18.5,38.97,959,550,199,0,746,34.5,80,4.6000000000000005
2018,3,25,9,30,4.7700000000000005,0.15,4.3,115,934,1046,0,17.900000000000002,35.730000000000004,958,115,934,0,1046,35.300000000000004,76,4.4
2018,3,25,10,30,19.63,0.15,4.2,112,924,982,1,17.1,33.54,957,112,924,0,982,35.6,73,4.1000000000000005
2018,3,25,11,30,34.6,0.15,4.2,106,892,840,3,16.400000000000002,32.39,956,418,115,0,512,35.4,74,3.7
2018,3,25,12,30,49.57,0.15,4.1000000000000005,95,832,635,2,15.8,32.43,956,339,81,0,392,34.7,80,3.3000000000000003
2018,3,25,13,30,64.54,0.15,4,79,715,387,3,15.3,33.49,956,100,0,0,100,33.6,90,2.5
2018,3,25,14,30,79.47,0.15,3.9000000000000004,50,439,130,1,16.1,39.11,957,50,439,0,130,31.700000000000003,109,1.5
2018,3,25,15,30,94.52,0.15,3.9000000000000004,0,0,0,0,18.6,49.7,958,0,0,0,0,30.3,130,1.6
2018,3,25,16,30,109.49000000000001,0.15,3.8000000000000003,0,0,0,3,17.8,49.09,958,0,0,0,0,29.6,141,2.8000000000000003
2018,3,25,17,30,124.43,0.15,3.9000000000000004,0,0,0,3,17.8,52.13,959,0,0,0,0,28.6,142,4.3
2018,3,25,18,30,139.34,0.15,4,0,0,0,0,18.8,60.32,960,0,0,0,0,27.200000000000003,138,5
2018,3,25,19,30,154.15,0.15,4,0,0,0,0,20,69.87,961,0,0,0,0,25.900000000000002,132,4.9
2018,3,25,20,30,168.45000000000002,0.15,3.9000000000000004,0,0,0,0,20.6,76.43,961,0,0,0,0,25,125,4.3
2018,3,25,21,30,173.06,0.15,3.9000000000000004,0,0,0,0,20.700000000000003,79.77,960,0,0,0,0,24.400000000000002,118,3.9000000000000004
2018,3,25,22,30,159.68,0.15,3.8000000000000003,0,0,0,0,20.6,81.87,960,0,0,0,0,23.900000000000002,113,3.7
2018,3,25,23,30,144.97,0.15,3.7,0,0,0,0,20.5,82.99,960,0,0,0,0,23.6,108,3.6
2018,3,26,0,30,130.09,0.16,3.6,0,0,0,0,20.5,84.26,960,0,0,0,0,23.3,105,3.6
2018,3,26,1,30,115.15,0.16,3.5,0,0,0,0,20.5,85.82000000000001,961,0,0,0,0,23,101,3.5
2018,3,26,2,30,100.19,0.16,3.4000000000000004,0,0,0,0,20.5,85.3,961,0,0,0,0,23.1,97,3.7
2018,3,26,3,30,85.07000000000001,0.16,3.4000000000000004,36,78,42,0,20.5,80.31,962,36,78,0,42,24.1,91,4.4
2018,3,26,4,30,70.2,0.16,3.3000000000000003,107,486,272,0,20.1,68.95,963,107,486,0,272,26.3,86,5.1000000000000005
2018,3,26,5,30,55.24,0.16,3.2,137,693,531,0,19.400000000000002,55.79,963,137,693,0,531,29.1,80,5.2
2018,3,26,6,30,40.27,0.16,3.2,151,799,760,0,18.5,45.19,962,151,799,0,760,31.8,74,5.2
2018,3,26,7,30,25.29,0.16,3.2,156,857,931,0,17.5,37.1,961,156,857,0,931,34.2,69,5
2018,3,26,8,30,10.33,0.16,3.1,156,889,1031,0,16.400000000000002,31.57,960,156,889,0,1031,35.9,65,4.800000000000001
2018,3,26,9,30,4.76,0.16,3.1,122,942,1061,0,15.3,27.64,958,122,942,0,1061,37,63,4.5
2018,3,26,10,30,19.69,0.16,3.1,119,929,994,1,14.200000000000001,24.95,957,119,929,0,994,37.6,63,4.3
2018,3,26,11,30,34.660000000000004,0.16,3.1,112,897,850,0,13.3,23.73,956,112,897,0,850,37.5,64,4.2
2018,3,26,12,30,49.63,0.16,3.1,125,780,630,0,12.8,23.85,956,125,780,0,630,36.7,66,4.1000000000000005
2018,3,26,13,30,64.6,0.16,3.1,103,645,379,0,12.4,25.18,956,103,645,0,379,35.300000000000004,68,3.6
2018,3,26,14,30,79.53,0.16,3.1,62,343,124,0,12.8,29.740000000000002,957,62,343,0,124,32.800000000000004,72,2.5
2018,3,26,15,30,94.58,0.16,3.1,0,0,0,0,14.700000000000001,36.980000000000004,957,0,0,0,0,31.1,78,2
2018,3,26,16,30,109.53,0.16,3.2,0,0,0,3,14.5,37.82,958,0,0,0,0,30.5,90,2.7
2018,3,26,17,30,124.47,0.16,3.3000000000000003,0,0,0,0,14.9,41.18,959,0,0,0,0,29.5,105,3.9000000000000004
2018,3,26,18,30,139.37,0.16,3.4000000000000004,0,0,0,0,16.8,50.21,960,0,0,0,0,28.1,112,5.1000000000000005
2018,3,26,19,30,154.14000000000001,0.16,3.6,0,0,0,0,19.200000000000003,64.09,960,0,0,0,0,26.5,112,5.4
2018,3,26,20,30,168.34,0.16,3.6,0,0,0,0,20.700000000000003,75.73,960,0,0,0,0,25.3,107,5.2
2018,3,26,21,30,172.72,0.16,3.6,0,0,0,0,21.3,81.97,960,0,0,0,0,24.6,102,4.9
2018,3,26,22,30,159.51,0.16,3.5,0,0,0,0,21.400000000000002,84.14,959,0,0,0,0,24.200000000000003,97,4.7
2018,3,26,23,30,144.83,0.16,3.4000000000000004,0,0,0,0,21.200000000000003,85.01,959,0,0,0,0,23.900000000000002,93,4.5
2018,3,27,0,30,129.97,0.16,3.3000000000000003,0,0,0,0,21.1,86.15,959,0,0,0,0,23.5,90,4.3
2018,3,27,1,30,115.04,0.16,3.1,0,0,0,0,20.8,86.61,960,0,0,0,0,23.200000000000003,88,4.1000000000000005
2018,3,27,2,30,100.09,0.16,3.1,0,0,0,0,20.700000000000003,86.66,961,0,0,0,0,23,86,4.1000000000000005
2018,3,27,3,30,84.98,0.16,3,33,176,48,0,20.700000000000003,80.59,961,33,176,0,48,24.200000000000003,84,4.800000000000001
2018,3,27,4,30,70.11,0.16,3,81,611,289,3,20.200000000000003,67.06,962,122,2,0,122,26.8,82,5.6000000000000005
2018,3,27,5,30,55.15,0.16,2.9000000000000004,100,791,552,3,18.900000000000002,51.89,962,321,95,0,375,29.900000000000002,80,5.9
2018,3,27,6,30,40.18,0.16,2.9000000000000004,108,884,783,0,17.6,40.24,962,108,884,0,783,32.9,77,5.9
2018,3,27,7,30,25.2,0.16,2.8000000000000003,113,932,956,0,16.400000000000002,32.78,961,113,932,0,956,35.2,74,5.6000000000000005
2018,3,27,8,30,10.23,0.16,2.8000000000000003,114,955,1054,0,15.200000000000001,27.76,959,114,955,0,1054,36.800000000000004,73,5.300000000000001
2018,3,27,9,30,4.78,0.16,2.9000000000000004,110,963,1069,0,14,24.41,958,110,963,0,1069,37.800000000000004,74,5
2018,3,27,10,30,19.75,0.16,2.9000000000000004,107,950,1001,0,13.200000000000001,22.59,957,107,950,0,1001,38.2,78,4.800000000000001
2018,3,27,11,30,34.72,0.16,3,101,917,855,0,12.700000000000001,22.1,956,101,917,0,855,38,82,4.7
2018,3,27,12,30,49.7,0.16,3.1,92,855,645,0,12.600000000000001,23.03,955,92,855,0,645,37.1,86,4.6000000000000005
2018,3,27,13,30,64.66,0.16,3.2,77,735,391,0,12.9,25.64,955,77,735,0,391,35.5,89,4.4
2018,3,27,14,30,79.59,0.16,3.4000000000000004,49,451,130,3,13.8,30.94,956,13,0,0,13,33.2,95,3.8000000000000003
2018,3,27,15,30,94.63,0.16,3.7,0,0,0,0,15.700000000000001,38.74,957,0,0,0,0,31.400000000000002,103,4
2018,3,27,16,30,109.58,0.16,4,0,0,0,3,17.2,45.83,958,0,0,0,0,30.200000000000003,110,4.9
2018,3,27,17,30,124.51,0.16,4.1000000000000005,0,0,0,0,18.8,54.88,959,0,0,0,0,28.8,114,5.2
2018,3,27,18,30,139.39000000000001,0.16,4.2,0,0,0,0,19.900000000000002,63.39,960,0,0,0,0,27.5,114,4.800000000000001
2018,3,27,19,30,154.13,0.16,4.3,0,0,0,3,20.6,70.51,960,0,0,0,0,26.400000000000002,113,4.2
2018,3,27,20,30,168.22,0.16,4.3,0,0,0,3,21.1,76.23,959,0,0,0,0,25.6,111,3.9000000000000004
2018,3,27,21,30,172.37,0.16,4.3,0,0,0,0,21.6,81.23,959,0,0,0,0,25,108,3.7
2018,3,27,22,30,159.33,0.16,4.2,0,0,0,0,21.900000000000002,86.16,958,0,0,0,0,24.400000000000002,104,3.7
2018,3,27,23,30,144.70000000000002,0.16,4.1000000000000005,0,0,0,0,22.200000000000003,89.74,958,0,0,0,0,24,98,3.8000000000000003
2018,3,28,0,30,129.85,0.16,3.8000000000000003,0,0,0,0,22.3,92.05,959,0,0,0,0,23.700000000000003,92,3.9000000000000004
2018,3,28,1,30,114.94,0.16,3.6,0,0,0,0,22.3,93.37,959,0,0,0,0,23.400000000000002,86,4
2018,3,28,2,30,99.99000000000001,0.16,3.4000000000000004,0,0,0,0,22.1,93.03,960,0,0,0,0,23.3,81,4.3
2018,3,28,3,30,84.89,0.16,3.3000000000000003,34,167,49,1,21.900000000000002,85.78,960,34,167,0,49,24.400000000000002,78,4.9
2018,3,28,4,30,70.02,0.16,3.2,86,588,287,3,21.1,70.83,960,159,10,0,162,26.8,77,5.4
2018,3,28,5,30,55.07,0.16,3.2,109,763,546,0,19.5,53.65,961,109,763,0,546,29.900000000000002,75,5.6000000000000005
2018,3,28,6,30,40.1,0.16,3.2,124,848,773,0,17.5,40.29,960,124,848,0,773,32.800000000000004,74,5.6000000000000005
2018,3,28,7,30,25.12,0.16,3.2,133,892,941,0,15.8,31.79,959,133,892,0,941,35.1,73,5.4
2018,3,28,8,30,10.14,0.16,3.2,138,913,1037,0,14.5,26.810000000000002,958,138,913,0,1037,36.6,73,5.300000000000001
2018,3,28,9,30,4.84,0.16,3.1,128,932,1057,0,13.600000000000001,23.95,957,128,932,0,1057,37.6,74,5.1000000000000005
2018,3,28,10,30,19.81,0.16,3,127,918,991,0,13,22.580000000000002,956,127,918,0,991,38,76,5
2018,3,28,11,30,34.79,0.16,3,119,885,846,0,12.600000000000001,22.04,955,119,885,0,846,37.9,79,4.9
2018,3,28,12,30,49.76,0.16,3,114,807,635,0,12.200000000000001,22.490000000000002,955,114,807,0,635,37.1,83,4.7
2018,3,28,13,30,64.72,0.16,3,95,675,383,0,12,24.22,955,95,675,0,383,35.5,86,4
2018,3,28,14,30,79.64,0.16,3,57,380,125,0,12.700000000000001,29.82,955,57,380,0,125,32.6,95,2.7
2018,3,28,15,30,94.68,0.16,3.1,0,0,0,0,15,38.980000000000004,956,0,0,0,0,30.5,112,2.9000000000000004
2018,3,28,16,30,109.63,0.16,3.4000000000000004,0,0,0,0,15.200000000000001,41.74,958,0,0,0,0,29.6,126,4.6000000000000005
2018,3,28,17,30,124.55,0.16,3.6,0,0,0,0,17.3,52.09,959,0,0,0,0,28,130,5.5
2018,3,28,18,30,139.41,0.16,3.7,0,0,0,0,19.6,66.18,960,0,0,0,0,26.400000000000002,129,5.300000000000001
2018,3,28,19,30,154.11,0.16,3.7,0,0,0,0,20.700000000000003,75.05,960,0,0,0,0,25.400000000000002,126,4.7
2018,3,28,20,30,168.08,0.16,3.7,0,0,0,0,21.1,79.76,959,0,0,0,0,24.8,122,4.4
2018,3,28,21,30,172.02,0.16,3.7,0,0,0,0,21.400000000000002,83.36,959,0,0,0,0,24.400000000000002,119,4.2
2018,3,28,22,30,159.14000000000001,0.16,3.7,0,0,0,8,21.700000000000003,87.22,958,0,0,0,0,24,117,3.9000000000000004
2018,3,28,23,30,144.56,0.16,3.6,0,0,0,0,22,89.67,958,0,0,0,0,23.8,114,3.5
2018,3,29,0,30,129.73,0.16,3.6,0,0,0,1,22.1,91.56,959,0,0,0,0,23.6,112,3.2
2018,3,29,1,30,114.83,0.16,3.6,0,0,0,0,22.200000000000003,93.01,960,0,0,0,0,23.400000000000002,109,2.9000000000000004
2018,3,29,2,30,99.89,0.16,3.5,0,0,0,0,22.200000000000003,92.91,961,0,0,0,0,23.400000000000002,106,3
2018,3,29,3,30,84.79,0.16,3.5,36,91,44,0,22,86.2,961,36,91,0,44,24.5,102,3.7
2018,3,29,4,30,69.93,0.16,3.4000000000000004,113,470,274,0,21.200000000000003,71.36,962,113,470,0,274,26.8,97,4.4
2018,3,29,5,30,54.980000000000004,0.16,3.4000000000000004,145,671,530,0,20,56.54,962,145,671,0,530,29.5,93,4.6000000000000005
2018,3,29,6,30,40.01,0.16,3.3000000000000003,196,717,745,0,18.3,44.07,961,196,717,0,745,32.1,88,4.7
2018,3,29,7,30,25.04,0.16,3.3000000000000003,223,755,907,0,16.900000000000002,35.51,961,223,755,0,907,34.300000000000004,83,4.6000000000000005
2018,3,29,8,30,10.07,0.16,3.3000000000000003,238,774,1000,0,15.700000000000001,30.07,959,238,774,0,1000,36,79,4.5
2018,3,29,9,30,4.92,0.16,3.3000000000000003,204,823,1024,0,14.9,26.900000000000002,958,204,823,0,1024,37.1,78,4.4
2018,3,29,10,30,19.89,0.16,3.2,189,821,962,0,14.4,25.240000000000002,957,189,821,0,962,37.6,79,4.4
2018,3,29,11,30,34.86,0.16,3.2,170,794,821,0,14,24.71,956,170,794,0,821,37.5,83,4.3
2018,3,29,12,30,49.83,0.16,3.2,145,730,616,0,13.600000000000001,25.13,956,145,730,0,616,36.800000000000004,88,4.2
2018,3,29,13,30,64.78,0.16,3.1,115,598,370,0,13.4,26.82,956,115,598,0,370,35.300000000000004,93,3.6
2018,3,29,14,30,79.7,0.16,3.1,64,308,119,1,13.700000000000001,31.740000000000002,956,64,308,0,119,32.7,106,2.6
2018,3,29,15,30,94.73,0.16,3.2,0,0,0,0,15.5,39.85,957,0,0,0,0,30.700000000000003,123,3.1
2018,3,29,16,30,109.67,0.16,3.3000000000000003,0,0,0,0,15.9,43.75,958,0,0,0,0,29.5,134,4.7
2018,3,29,17,30,124.58,0.16,3.4000000000000004,0,0,0,0,18,55.39,959,0,0,0,0,27.700000000000003,137,5.5
2018,3,29,18,30,139.42000000000002,0.16,3.5,0,0,0,0,19.8,67.94,960,0,0,0,0,26.200000000000003,136,5.300000000000001
2018,3,29,19,30,154.09,0.16,3.5,0,0,0,0,20.6,75.15,960,0,0,0,0,25.3,134,4.800000000000001
2018,3,29,20,30,167.93,0.16,3.5,0,0,0,1,20.900000000000002,79.31,960,0,0,0,0,24.700000000000003,132,4.4
2018,3,29,21,30,171.66,0.16,3.4000000000000004,0,0,0,0,21.1,81.89,960,0,0,0,0,24.400000000000002,131,4.2
2018,3,29,22,30,158.95000000000002,0.16,3.4000000000000004,0,0,0,0,21.3,84.25,960,0,0,0,0,24.1,130,4
2018,3,29,23,30,144.41,0.16,3.4000000000000004,0,0,0,1,21.400000000000002,86.21000000000001,960,0,0,0,0,23.8,129,3.8000000000000003
2018,3,30,0,30,129.61,0.16,3.4000000000000004,0,0,0,0,21.400000000000002,87.65,960,0,0,0,0,23.6,127,3.6
2018,3,30,1,30,114.72,0.16,3.4000000000000004,0,0,0,3,21.6,89.94,960,0,0,0,0,23.3,126,3.4000000000000004
2018,3,30,2,30,99.79,0.16,3.3000000000000003,0,0,0,1,21.700000000000003,90.99,961,0,0,0,0,23.3,126,3.5
2018,3,30,3,30,84.7,0.16,3.4000000000000004,37,102,46,0,21.900000000000002,86.46000000000001,961,37,102,0,46,24.3,127,4
2018,3,30,4,30,69.84,0.16,3.4000000000000004,119,452,275,2,21.400000000000002,73.81,962,169,11,0,173,26.5,128,4.6000000000000005
2018,3,30,5,30,54.9,0.16,3.4000000000000004,154,649,527,3,20.6,60.21,962,311,51,0,341,29.1,127,4.6000000000000005
2018,3,30,6,30,39.93,0.16,3.5,174,751,750,0,19.900000000000002,50.26,961,174,751,0,750,31.5,123,4.4
2018,3,30,7,30,24.97,0.16,3.6,191,797,914,0,19.400000000000002,43.77,960,191,797,0,914,33.4,117,4
2018,3,30,8,30,10.01,0.16,3.7,197,823,1008,0,19,39.87,959,197,823,0,1008,34.6,109,3.7
2018,3,30,9,30,5.04,0.16,3.8000000000000003,191,837,1025,3,18.6,37.4,958,528,154,0,681,35.300000000000004,103,3.5
2018,3,30,10,30,19.97,0.16,3.9000000000000004,185,821,956,0,18.2,36.18,957,185,821,0,956,35.5,102,3.4000000000000004
2018,3,30,11,30,34.93,0.16,4,174,777,811,0,17.900000000000002,36.03,956,174,777,0,811,35.2,105,3.4000000000000004
2018,3,30,12,30,49.9,0.16,4.1000000000000005,155,700,606,7,17.7,37.49,956,310,187,0,431,34.300000000000004,111,3.4000000000000004
2018,3,30,13,30,64.85,0.16,4.2,123,559,360,7,17.8,40.84,957,211,120,0,262,32.800000000000004,118,3.1
2018,3,30,14,30,79.76,0.16,4.3,66,275,115,7,18.400000000000002,47.730000000000004,957,82,14,7,84,30.8,129,2.6
2018,3,30,15,30,94.79,0.16,4.4,0,0,0,7,19.900000000000002,57.65,958,0,0,0,0,29.1,138,3
2018,3,30,16,30,109.72,0.16,4.4,0,0,0,3,19.700000000000003,60.28,959,0,0,0,0,28.1,143,4.1000000000000005
2018,3,30,17,30,124.61,0.16,4.4,0,0,0,7,19.8,65.03,960,0,0,0,0,26.900000000000002,144,4.4
2018,3,30,18,30,139.43,0.16,4.4,0,0,0,7,20,70.43,960,0,0,0,0,25.8,142,4
2018,3,30,19,30,154.06,0.16,4.4,0,0,0,1,20.3,75.2,960,0,0,0,0,25,139,3.5
2018,3,30,20,30,167.78,0.16,4.4,0,0,0,7,20.6,79.8,960,0,0,0,0,24.3,135,3.2
2018,3,30,21,30,171.3,0.16,4.3,0,0,0,7,20.8,84.07000000000001,959,0,0,0,0,23.700000000000003,132,2.9000000000000004
2018,3,30,22,30,158.75,0.16,4.2,0,0,0,8,21.1,87.93,958,0,0,0,0,23.200000000000003,129,2.6
2018,3,30,23,30,144.27,0.16,4.1000000000000005,0,0,0,8,21.3,91.41,958,0,0,0,0,22.8,128,2.4000000000000004
2018,3,31,0,30,129.49,0.16,4,0,0,0,3,21.5,93.71000000000001,959,0,0,0,0,22.6,130,2.3000000000000003
2018,3,31,1,30,114.61,0.16,4,0,0,0,0,21.700000000000003,95.05,959,0,0,0,0,22.5,135,2
2018,3,31,2,30,99.69,0.16,4,0,0,0,3,21.8,95.24,960,0,0,0,0,22.6,140,2
2018,3,31,3,30,84.61,0.16,4,35,169,51,5,21.8,89.35000000000001,961,38,1,7,38,23.700000000000003,140,2.5
2018,3,31,4,30,69.75,0.16,4,89,570,286,3,21,73.12,961,46,0,0,46,26.200000000000003,138,3.1
2018,3,31,5,30,54.81,0.16,4,111,745,541,3,18.900000000000002,54.08,961,321,106,0,382,29.1,136,3.4000000000000004
2018,3,31,6,30,39.86,0.16,4,125,832,764,0,18,44.2,960,125,832,0,764,31.700000000000003,135,3.4000000000000004
2018,3,31,7,30,24.900000000000002,0.16,4,134,878,930,0,17.8,39.26,959,134,878,0,930,33.6,132,3.2
2018,3,31,8,30,9.97,0.16,4.1000000000000005,138,898,1022,0,17.7,36.32,958,138,898,0,1022,34.800000000000004,127,2.9000000000000004
2018,3,31,9,30,5.18,0.16,4.1000000000000005,140,899,1035,0,17.400000000000002,34.27,957,140,899,0,1035,35.5,121,2.6
2018,3,31,10,30,20.06,0.16,4.1000000000000005,137,884,968,2,17,33.12,956,514,186,0,689,35.7,118,2.4000000000000004
2018,3,31,11,30,35.01,0.16,4.2,130,847,823,1,16.6,32.85,955,130,847,0,823,35.4,117,2.2
2018,3,31,12,30,49.97,0.16,4.2,125,761,614,6,16.3,33.76,955,171,3,0,173,34.6,120,2.1
2018,3,31,13,30,64.91,0.16,4.3,101,627,367,6,16.3,36.51,956,64,0,0,64,33.2,124,1.7000000000000002
2018,3,31,14,30,79.82000000000001,0.16,4.3,57,344,118,6,18.1,45.61,956,3,0,0,3,31.200000000000003,132,1.2000000000000002
2018,3,31,15,30,94.84,0.16,4.3,0,0,0,8,21.200000000000003,60.300000000000004,957,0,0,0,0,29.700000000000003,141,1.4000000000000001
2018,3,31,16,30,109.76,0.16,4.3,0,0,0,3,19.8,57.97,957,0,0,0,0,28.900000000000002,146,2.3000000000000003
2018,3,31,17,30,124.64,0.16,4.3,0,0,0,0,18.8,57.42,957,0,0,0,0,28,149,3.3000000000000003
2018,3,31,18,30,139.44,0.16,4.3,0,0,0,3,18.6,60.32,958,0,0,0,0,26.900000000000002,150,3.7
2018,3,31,19,30,154.03,0.16,4.3,0,0,0,3,18.7,64.6,958,0,0,0,0,25.900000000000002,151,3.5
2018,3,31,20,30,167.61,0.16,4.3,0,0,0,8,19,69.56,957,0,0,0,0,25,153,2.8000000000000003
2018,3,31,21,30,170.94,0.16,4.2,0,0,0,3,19.5,74.59,957,0,0,0,0,24.3,154,2.3000000000000003
2018,3,31,22,30,158.55,0.16,4.2,0,0,0,0,19.900000000000002,78.91,956,0,0,0,0,23.8,154,2
2018,3,31,23,30,144.12,0.16,4.1000000000000005,0,0,0,0,20.400000000000002,83.56,956,0,0,0,0,23.3,153,1.7000000000000002
2018,4,1,0,30,129.36,0.15,4.1000000000000005,0,0,0,0,20.8,87.93,957,0,0,0,0,22.900000000000002,152,1.6
2018,4,1,1,30,114.5,0.15,4.1000000000000005,0,0,0,0,21.200000000000003,91.32000000000001,958,0,0,0,0,22.700000000000003,150,1.6
2018,4,1,2,30,99.59,0.15,4.1000000000000005,0,0,0,0,21.6,93.04,958,0,0,0,0,22.8,149,2.1
2018,4,1,3,30,84.52,0.15,4,34,214,54,0,22,87.54,959,34,214,0,54,24.200000000000003,151,2.9000000000000004
2018,4,1,4,30,69.67,0.15,4,80,608,291,0,21.400000000000002,72.51,959,80,608,0,291,26.8,152,3.5
2018,4,1,5,30,54.730000000000004,0.15,4.1000000000000005,101,769,545,0,19.3,52.85,960,101,769,0,545,30,151,3.6
2018,4,1,6,30,39.79,0.15,4.1000000000000005,106,865,771,0,18,41.78,959,106,865,0,771,32.7,148,3.4000000000000004
2018,4,1,7,30,24.84,0.15,4.1000000000000005,116,902,935,0,17.900000000000002,37.160000000000004,958,116,902,0,935,34.6,144,3.1
2018,4,1,8,30,9.94,0.15,4.1000000000000005,124,918,1028,0,17.8,34.79,957,124,918,0,1028,35.7,138,2.9000000000000004
2018,4,1,9,30,5.3500000000000005,0.15,4.1000000000000005,131,911,1038,0,17.6,33.410000000000004,956,131,911,0,1038,36.2,132,2.8000000000000003
2018,4,1,10,30,20.150000000000002,0.15,4.1000000000000005,128,897,970,1,17.3,32.43,955,128,897,0,970,36.4,126,2.8000000000000003
2018,4,1,11,30,35.09,0.15,4.2,119,864,825,0,17,32.480000000000004,954,119,864,0,825,36,122,2.8000000000000003
2018,4,1,12,30,50.04,0.15,4.2,106,801,620,8,16.7,33.32,954,294,199,0,422,35.2,120,2.8000000000000003
2018,4,1,13,30,64.98,0.15,4.2,85,681,373,1,16.5,35.51,954,85,681,0,373,33.9,121,2.7
2018,4,1,14,30,79.88,0.15,4.3,50,404,121,7,17,40.77,954,16,0,0,16,32,128,2.3000000000000003
2018,4,1,15,30,94.89,0.15,4.3,0,0,0,7,18.7,50.04,955,0,0,0,0,30.3,137,2.8000000000000003
2018,4,1,16,30,109.8,0.15,4.4,0,0,0,3,18.3,52,956,0,0,0,0,29.200000000000003,144,4.2
2018,4,1,17,30,124.67,0.15,4.4,0,0,0,0,18.6,57.49,957,0,0,0,0,27.8,148,4.7
2018,4,1,18,30,139.45000000000002,0.15,4.4,0,0,0,0,19.3,65.15,958,0,0,0,0,26.400000000000002,150,4.5
2018,4,1,19,30,153.99,0.15,4.5,0,0,0,0,20,71.42,958,0,0,0,0,25.5,151,4.1000000000000005
2018,4,1,20,30,167.43,0.15,4.4,0,0,0,0,20.400000000000002,76.65,958,0,0,0,0,24.8,152,3.8000000000000003
2018,4,1,21,30,170.58,0.15,4.4,0,0,0,0,20.8,81.28,957,0,0,0,0,24.200000000000003,152,3.7
2018,4,1,22,30,158.35,0.15,4.4,0,0,0,0,21.1,85.57000000000001,957,0,0,0,0,23.700000000000003,152,3.7
2018,4,1,23,30,143.97,0.15,4.3,0,0,0,1,21.400000000000002,88.74,957,0,0,0,0,23.400000000000002,152,3.5
2018,4,2,0,30,129.24,0.15,4.3,0,0,0,0,21.700000000000003,91.06,957,0,0,0,0,23.200000000000003,152,3.3000000000000003
2018,4,2,1,30,114.39,0.15,4.2,0,0,0,0,21.700000000000003,92.08,957,0,0,0,0,23.1,151,3.2
2018,4,2,2,30,99.49000000000001,0.15,4.2,0,0,0,0,21.8,91.03,958,0,0,0,0,23.3,151,3.3000000000000003
2018,4,2,3,30,84.43,0.15,4.2,31,266,57,0,21.8,85.23,959,31,266,0,57,24.400000000000002,150,3.7
2018,4,2,4,30,69.58,0.15,4.2,68,658,298,1,21.3,72.14,959,68,658,0,298,26.700000000000003,149,4
2018,4,2,5,30,54.660000000000004,0.15,4.3,83,814,554,0,20.200000000000003,57.51,959,83,814,0,554,29.5,147,4
2018,4,2,6,30,39.72,0.15,4.3,92,889,776,0,19,45.61,959,92,889,0,776,32.2,142,3.8000000000000003
2018,4,2,7,30,24.79,0.15,4.3,98,927,940,1,18.2,38.9,958,98,927,0,940,34.2,136,3.7
2018,4,2,8,30,9.93,0.15,4.3,102,945,1032,0,17.8,35.32,956,102,945,0,1032,35.5,130,3.6
2018,4,2,9,30,5.54,0.15,4.3,105,943,1044,2,17.400000000000002,32.86,955,517,199,0,715,36.300000000000004,126,3.5
2018,4,2,10,30,20.26,0.15,4.3,102,930,975,8,16.900000000000002,31.42,954,424,270,7,678,36.5,123,3.4000000000000004
2018,4,2,11,30,35.18,0.15,4.3,97,900,832,7,16.400000000000002,30.77,953,282,464,7,661,36.300000000000004,122,3.3000000000000003
2018,4,2,12,30,50.11,0.15,4.3,93,827,624,8,16.1,31.71,953,14,0,0,14,35.4,122,3.2
2018,4,2,13,30,65.04,0.15,4.3,78,706,376,6,16,34.1,954,20,0,0,20,34,124,2.9000000000000004
2018,4,2,14,30,79.94,0.15,4.4,48,425,122,6,16.7,40.07,954,5,0,0,5,32,131,2.3000000000000003
2018,4,2,15,30,94.94,0.15,4.5,0,0,0,6,18.7,49.64,955,0,0,0,0,30.400000000000002,139,2.6
2018,4,2,16,30,109.84,0.15,4.5,0,0,0,7,18.5,52.32,956,0,0,0,0,29.3,143,3.8000000000000003
2018,4,2,17,30,124.69,0.15,4.6000000000000005,0,0,0,4,18.8,57.65,957,0,0,0,0,27.900000000000002,143,4.3
2018,4,2,18,30,139.45000000000002,0.15,4.6000000000000005,0,0,0,8,19.400000000000002,64.66,958,0,0,0,0,26.6,142,4.2
2018,4,2,19,30,153.95000000000002,0.15,4.6000000000000005,0,0,0,5,20.1,71.47,958,0,0,0,0,25.6,140,3.9000000000000004
2018,4,2,20,30,167.25,0.15,4.6000000000000005,0,0,0,4,20.6,77.04,957,0,0,0,0,24.900000000000002,138,3.7
2018,4,2,21,30,170.22,0.15,4.6000000000000005,0,0,0,5,21,81.52,957,0,0,0,0,24.400000000000002,138,3.6
2018,4,2,22,30,158.14000000000001,0.15,4.6000000000000005,0,0,0,0,21.3,85.11,956,0,0,0,0,24,137,3.6
2018,4,2,23,30,143.81,0.15,4.6000000000000005,0,0,0,1,21.6,88.04,956,0,0,0,0,23.700000000000003,137,3.5
2018,4,3,0,30,129.11,0.16,4.5,0,0,0,7,21.8,90.02,956,0,0,0,0,23.5,136,3.3000000000000003
2018,4,3,1,30,114.28,0.16,4.5,0,0,0,3,21.900000000000002,91.7,957,0,0,0,0,23.3,134,3
2018,4,3,2,30,99.39,0.16,4.4,0,0,0,1,21.900000000000002,92.12,958,0,0,0,0,23.3,131,3
2018,4,3,3,30,84.34,0.16,4.4,32,263,58,3,22,87.47,959,30,0,7,30,24.200000000000003,127,3.5
2018,4,3,4,30,69.5,0.16,4.3,70,653,299,3,21.6,75.76,959,124,3,0,125,26.200000000000003,123,3.9000000000000004
2018,4,3,5,30,54.58,0.16,4.3,85,809,554,3,20.8,61.84,959,295,238,0,433,28.8,118,4.1000000000000005
2018,4,3,6,30,39.65,0.16,4.3,97,880,775,2,19.700000000000003,50.21,959,411,214,0,576,31.3,113,4.2
2018,4,3,7,30,24.740000000000002,0.16,4.3,104,918,938,7,18.900000000000002,42.53,958,234,667,0,839,33.4,108,4.1000000000000005
2018,4,3,8,30,9.94,0.16,4.3,109,935,1030,8,18.5,38.29,956,366,439,0,798,34.800000000000004,103,4
2018,4,3,9,30,5.74,0.16,4.4,124,916,1035,8,18.1,35.77,955,266,627,7,889,35.6,100,3.8000000000000003
2018,4,3,10,30,20.36,0.16,4.4,122,901,967,1,17.8,34.38,954,122,901,0,967,35.9,97,3.7
2018,4,3,11,30,35.26,0.16,4.5,116,865,822,7,17.3,34.230000000000004,954,318,382,0,630,35.5,96,3.5
2018,4,3,12,30,50.19,0.16,4.5,105,798,616,7,17,35.38,953,292,90,0,349,34.5,97,3.2
2018,4,3,13,30,65.11,0.16,4.6000000000000005,87,668,368,7,17.1,38.71,954,171,331,0,310,33,102,2.6
2018,4,3,14,30,79.99,0.16,4.7,52,373,117,0,18.900000000000002,48.26,955,52,373,0,117,31.1,113,1.8
2018,4,3,15,30,94.99,0.16,4.800000000000001,0,0,0,7,21,59.53,956,0,0,0,0,29.700000000000003,125,2
2018,4,3,16,30,109.88,0.16,4.9,0,0,0,7,20.700000000000003,61.89,957,0,0,0,0,28.700000000000003,134,2.8000000000000003
2018,4,3,17,30,124.72,0.16,5.1000000000000005,0,0,0,7,20.6,65.52,958,0,0,0,0,27.6,136,3.4000000000000004
2018,4,3,18,30,139.45000000000002,0.16,5.1000000000000005,0,0,0,7,20.8,70.8,958,0,0,0,0,26.5,135,3.5
2018,4,3,19,30,153.89000000000001,0.16,5.1000000000000005,0,0,0,7,21.200000000000003,76.8,958,0,0,0,0,25.6,133,3.4000000000000004
2018,4,3,20,30,167.05,0.16,5.1000000000000005,0,0,0,7,21.700000000000003,82.72,958,0,0,0,0,24.8,131,3.2
2018,4,3,21,30,169.85,0.16,5,0,0,0,7,22,87.21000000000001,957,0,0,0,0,24.3,128,3.1
2018,4,3,22,30,157.93,0.16,4.9,0,0,0,7,22.3,90.26,956,0,0,0,0,24,125,2.9000000000000004
2018,4,3,23,30,143.66,0.16,4.800000000000001,0,0,0,7,22.5,92.31,956,0,0,0,0,23.8,123,2.7
2018,4,4,0,30,128.98,0.16,4.7,0,0,0,7,22.6,94.03,957,0,0,0,0,23.6,122,2.5
2018,4,4,1,30,114.16,0.16,4.6000000000000005,0,0,0,0,22.6,94.81,957,0,0,0,0,23.5,121,2.4000000000000004
2018,4,4,2,30,99.29,0.16,4.5,0,0,0,0,22.700000000000003,95.67,958,0,0,0,0,23.400000000000002,120,2.6
2018,4,4,3,30,84.25,0.16,4.4,34,240,58,3,22.8,91.66,958,33,0,7,33,24.200000000000003,116,3.2
2018,4,4,4,30,69.42,0.16,4.3,76,627,296,3,22.400000000000002,80.81,959,186,43,0,201,25.900000000000002,112,3.9000000000000004
2018,4,4,5,30,54.51,0.16,4.2,95,787,552,3,21.5,67.81,959,307,204,0,425,28,109,4.2
2018,4,4,6,30,39.59,0.16,4.2,104,869,774,3,20.700000000000003,57.64,959,382,67,0,434,30,107,4.1000000000000005
2018,4,4,7,30,24.7,0.16,4.2,110,911,938,7,20,49.96,958,331,451,0,740,31.700000000000003,106,3.9000000000000004
2018,4,4,8,30,9.96,0.16,4.2,113,931,1030,0,19.3,44.52,957,113,931,0,1030,33,106,3.6
2018,4,4,9,30,5.97,0.16,4.2,136,902,1032,0,18.7,40.660000000000004,956,136,902,0,1032,33.9,107,3.3000000000000003
2018,4,4,10,30,20.48,0.16,4.2,125,897,966,0,18,37.96,955,125,897,0,966,34.4,109,2.9000000000000004
2018,4,4,11,30,35.35,0.16,4.3,114,869,823,7,17.5,36.69,954,304,412,0,640,34.4,111,2.5
2018,4,4,12,30,50.27,0.16,4.3,115,776,611,0,17.1,36.93,954,115,776,0,611,33.800000000000004,115,2.2
2018,4,4,13,30,65.18,0.16,4.4,91,652,365,3,16.900000000000002,39.19,955,137,1,0,137,32.6,121,1.7000000000000002
2018,4,4,14,30,80.05,0.16,4.5,53,366,117,7,18.6,48.6,955,88,63,7,98,30.700000000000003,130,1.1
2018,4,4,15,30,95.04,0.16,4.5,0,0,0,1,22,65.22,956,0,0,0,0,29.200000000000003,138,1.3
2018,4,4,16,30,109.91,0.16,4.6000000000000005,0,0,0,8,21.1,64.64,957,0,0,0,0,28.400000000000002,141,2.1
2018,4,4,17,30,124.74000000000001,0.16,4.7,0,0,0,8,20.200000000000003,64.46000000000001,957,0,0,0,0,27.5,141,3.1
2018,4,4,18,30,139.44,0.16,4.7,0,0,0,7,19.700000000000003,66.4,958,0,0,0,0,26.5,140,3.7
2018,4,4,19,30,153.84,0.16,4.800000000000001,0,0,0,6,19.700000000000003,70.42,958,0,0,0,0,25.5,139,3.8000000000000003
2018,4,4,20,30,166.85,0.16,4.800000000000001,0,0,0,9,20.1,75.39,957,0,0,0,0,24.700000000000003,139,3.4000000000000004
2018,4,4,21,30,169.49,0.16,4.800000000000001,0,0,0,6,20.5,79.92,957,0,0,0,0,24.200000000000003,140,3.1
2018,4,4,22,30,157.71,0.16,4.800000000000001,0,0,0,7,21,84.13,957,0,0,0,0,23.8,141,2.8000000000000003
2018,4,4,23,30,143.5,0.16,4.800000000000001,0,0,0,7,21.400000000000002,87.26,957,0,0,0,0,23.6,141,2.6
2018,4,5,0,30,128.85,0.15,4.7,0,0,0,8,21.700000000000003,90.06,957,0,0,0,0,23.400000000000002,141,2.4000000000000004
2018,4,5,1,30,114.05,0.15,4.6000000000000005,0,0,0,7,21.900000000000002,92.38,957,0,0,0,0,23.200000000000003,141,2.3000000000000003
2018,4,5,2,30,99.19,0.15,4.5,0,0,0,7,22.1,93.27,958,0,0,0,0,23.200000000000003,140,2.5
2018,4,5,3,30,84.16,0.15,4.4,36,218,58,7,22.1,89.23,958,46,8,7,47,24,139,3.1
2018,4,5,4,30,69.34,0.15,4.4,80,612,296,3,21.700000000000003,78.21000000000001,959,190,85,0,220,25.8,140,3.4000000000000004
2018,4,5,5,30,54.44,0.15,4.4,96,779,550,2,20.6,64.13,959,307,199,0,423,28,143,3.2
2018,4,5,6,30,39.54,0.15,4.4,107,859,770,3,19.200000000000003,51.410000000000004,959,393,103,0,473,30.3,147,2.9000000000000004
2018,4,5,7,30,24.66,0.15,4.4,115,899,932,0,18.2,43.4,958,115,899,0,932,32.2,152,2.5
2018,4,5,8,30,9.99,0.15,4.3,120,918,1024,8,17.900000000000002,39.730000000000004,957,328,519,0,839,33.5,155,2.2
2018,4,5,9,30,6.21,0.15,4.3,118,923,1036,7,17.8,37.78,955,419,343,0,760,34.2,157,2
2018,4,5,10,30,20.59,0.15,4.4,114,910,966,7,17.400000000000002,36.47,955,406,290,0,678,34.4,161,1.8
2018,4,5,11,30,35.45,0.15,4.4,107,877,822,1,16.900000000000002,35.76,954,107,877,0,822,34.2,168,1.7000000000000002
2018,4,5,12,30,50.34,0.15,4.4,98,813,617,7,16.6,36.43,954,290,164,0,395,33.5,181,1.5
2018,4,5,13,30,65.25,0.15,4.4,80,692,370,6,16.5,38.74,954,52,0,0,52,32.300000000000004,198,1.2000000000000002
2018,4,5,14,30,80.11,0.15,4.5,48,412,119,9,18,46.7,955,3,0,0,3,30.700000000000003,211,0.7000000000000001
2018,4,5,15,30,95.08,0.15,4.5,0,0,0,9,21.6,62.47,956,0,0,0,0,29.5,203,0.6000000000000001
2018,4,5,16,30,109.95,0.15,4.6000000000000005,0,0,0,6,21.200000000000003,63.75,956,0,0,0,0,28.8,176,1
2018,4,5,17,30,124.75,0.15,4.7,0,0,0,6,21.1,66.59,957,0,0,0,0,27.900000000000002,156,1.7000000000000002
2018,4,5,18,30,139.44,0.15,4.7,0,0,0,6,20.700000000000003,69.19,958,0,0,0,0,26.8,149,2.4000000000000004
2018,4,5,19,30,153.78,0.15,4.7,0,0,0,6,20.6,73.61,958,0,0,0,0,25.700000000000003,148,2.7
2018,4,5,20,30,166.64000000000001,0.15,4.7,0,0,0,6,20.8,78.25,957,0,0,0,0,24.8,149,2.8000000000000003
2018,4,5,21,30,169.13,0.15,4.7,0,0,0,7,21.200000000000003,83.63,957,0,0,0,0,24.1,151,2.5
2018,4,5,22,30,157.49,0.15,4.7,0,0,0,7,21.6,87.87,956,0,0,0,0,23.700000000000003,153,2.3000000000000003
2018,4,5,23,30,143.34,0.15,4.7,0,0,0,7,21.900000000000002,91.21000000000001,956,0,0,0,0,23.400000000000002,153,2.1
2018,4,6,0,30,128.72,0.15,4.6000000000000005,0,0,0,7,22.1,92.96000000000001,956,0,0,0,0,23.3,152,2
2018,4,6,1,30,113.94,0.15,4.6000000000000005,0,0,0,6,22.3,94.4,957,0,0,0,0,23.200000000000003,151,1.8
2018,4,6,2,30,99.09,0.15,4.6000000000000005,0,0,0,9,22.3,94.19,958,0,0,0,0,23.3,149,1.9000000000000001
2018,4,6,3,30,84.08,0.15,4.5,33,277,62,6,22.3,89.72,958,14,0,7,14,24.1,148,2.3000000000000003
2018,4,6,4,30,69.26,0.15,4.5,70,654,302,6,22,79.73,959,6,0,0,6,25.8,148,2.5
2018,4,6,5,30,54.370000000000005,0.15,4.5,86,804,555,6,21,65.97,959,50,0,0,50,28,150,2.5
2018,4,6,6,30,39.480000000000004,0.15,4.5,98,875,773,6,20,54.83,958,130,1,0,131,30.1,152,2.4000000000000004
2018,4,6,7,30,24.63,0.15,4.5,106,911,935,7,19.5,48.870000000000005,958,174,1,0,174,31.6,153,2.2
2018,4,6,8,30,10.05,0.15,4.5,108,932,1025,7,19.200000000000003,45.01,956,320,5,0,325,32.7,151,2.1
2018,4,6,9,30,6.46,0.15,4.6000000000000005,108,934,1035,7,18.900000000000002,42.300000000000004,955,439,33,0,472,33.5,147,2
2018,4,6,10,30,20.72,0.15,4.6000000000000005,104,921,966,7,18.7,40.6,954,418,21,0,438,33.9,141,2
2018,4,6,11,30,35.54,0.15,4.6000000000000005,97,892,823,7,18.3,39.99,954,364,156,0,490,33.800000000000004,134,2
2018,4,6,12,30,50.42,0.15,4.6000000000000005,103,797,611,7,18,40.28,953,279,212,0,414,33.300000000000004,128,2
2018,4,6,13,30,65.31,0.15,4.7,86,665,363,7,17.7,42.17,954,171,305,0,299,32.2,122,1.6
2018,4,6,14,30,80.16,0.15,4.7,51,373,115,7,18.900000000000002,49.88,954,10,0,0,10,30.5,115,1
2018,4,6,15,30,95.13,0.15,4.7,0,0,0,5,22.900000000000002,68.71000000000001,955,0,0,0,0,29.200000000000003,115,0.7000000000000001
2018,4,6,16,30,109.98,0.15,4.6000000000000005,0,0,0,4,22.400000000000002,69.14,956,0,0,0,0,28.6,126,1.1
2018,4,6,17,30,124.77,0.15,4.6000000000000005,0,0,0,4,21.3,67.44,957,0,0,0,0,27.900000000000002,137,2
2018,4,6,18,30,139.42000000000002,0.15,4.5,0,0,0,5,20.5,67.84,957,0,0,0,0,26.900000000000002,142,3
2018,4,6,19,30,153.71,0.15,4.5,0,0,0,8,20.200000000000003,71.15,957,0,0,0,0,25.8,144,3.4000000000000004
2018,4,6,20,30,166.42000000000002,0.15,4.4,0,0,0,2,20.5,76.61,957,0,0,0,0,24.900000000000002,144,3
2018,4,6,21,30,168.77,0.15,4.4,0,0,0,0,21,82.49,957,0,0,0,0,24.200000000000003,144,2.4000000000000004
2018,4,6,22,30,157.27,0.15,4.4,0,0,0,0,21.5,87.55,957,0,0,0,0,23.700000000000003,143,2.1
2018,4,6,23,30,143.18,0.15,4.4,0,0,0,0,21.900000000000002,90.53,957,0,0,0,0,23.5,144,2
2018,4,7,0,30,128.59,0.15,4.4,0,0,0,0,22.1,92.43,957,0,0,0,0,23.400000000000002,144,1.8
2018,4,7,1,30,113.83,0.15,4.3,0,0,0,0,22.3,94.45,958,0,0,0,0,23.200000000000003,145,1.6
2018,4,7,2,30,98.99000000000001,0.15,4.3,0,0,0,0,22.400000000000002,93.86,958,0,0,0,0,23.400000000000002,144,1.7000000000000002
2018,4,7,3,30,83.99,0.15,4.3,34,261,62,3,22.400000000000002,88.96000000000001,959,32,0,7,32,24.3,142,2.2
2018,4,7,4,30,69.19,0.15,4.3,75,635,301,3,22,77.03,959,169,17,0,175,26.400000000000002,141,2.5
2018,4,7,5,30,54.31,0.15,4.3,94,788,553,0,20.8,61.08,959,94,788,0,553,29.1,139,2.5
2018,4,7,6,30,39.43,0.15,4.3,108,858,771,0,19.400000000000002,48.1,959,108,858,0,771,31.700000000000003,138,2.4000000000000004
2018,4,7,7,30,24.61,0.15,4.4,119,893,930,2,18.8,41.87,958,487,217,0,684,33.5,138,2.4000000000000004
2018,4,7,8,30,10.11,0.15,4.4,122,912,1020,0,18.5,38.85,957,122,912,0,1020,34.5,138,2.4000000000000004
2018,4,7,9,30,6.72,0.15,4.4,122,915,1031,0,18.1,36.42,956,122,915,0,1031,35.2,136,2.5
2018,4,7,10,30,20.85,0.15,4.4,119,902,962,1,17.6,34.83,955,119,902,0,962,35.5,132,2.5
2018,4,7,11,30,35.64,0.15,4.4,113,867,817,0,17.2,34.44,954,113,867,0,817,35.2,130,2.6
2018,4,7,12,30,50.5,0.15,4.4,102,803,612,7,16.8,35.21,954,290,151,0,386,34.4,128,2.6
2018,4,7,13,30,65.38,0.15,4.4,83,679,366,6,16.7,37.83,955,107,7,0,110,33,127,2.3000000000000003
2018,4,7,14,30,80.22,0.15,4.5,50,391,116,7,18.2,46.44,955,9,0,0,9,31,132,1.9000000000000001
2018,4,7,15,30,95.18,0.15,4.6000000000000005,0,0,0,7,20.6,59.59,957,0,0,0,0,29.3,138,2.4000000000000004
2018,4,7,16,30,110.01,0.15,4.6000000000000005,0,0,0,6,19.8,60.81,958,0,0,0,0,28.1,141,3.3000000000000003
2018,4,7,17,30,124.78,0.15,4.7,0,0,0,7,19.400000000000002,63.96,959,0,0,0,0,26.8,142,3.5
2018,4,7,18,30,139.41,0.15,4.800000000000001,0,0,0,6,19.6,68.91,959,0,0,0,0,25.700000000000003,142,3.1
2018,4,7,19,30,153.64000000000001,0.15,4.800000000000001,0,0,0,7,20,73.9,959,0,0,0,0,25,141,2.6
2018,4,7,20,30,166.20000000000002,0.15,4.800000000000001,0,0,0,7,20.5,78.82000000000001,959,0,0,0,0,24.400000000000002,139,2.4000000000000004
2018,4,7,21,30,168.4,0.15,4.7,0,0,0,8,20.900000000000002,83.26,958,0,0,0,0,23.900000000000002,138,2.3000000000000003
2018,4,7,22,30,157.05,0.15,4.7,0,0,0,0,21.200000000000003,87.2,958,0,0,0,0,23.5,137,2.2
2018,4,7,23,30,143.02,0.15,4.6000000000000005,0,0,0,1,21.6,89.94,958,0,0,0,0,23.3,135,2.3000000000000003
2018,4,8,0,30,128.46,0.16,4.6000000000000005,0,0,0,7,21.8,92.61,958,0,0,0,0,23.1,134,2.3000000000000003
2018,4,8,1,30,113.72,0.16,4.6000000000000005,0,0,0,7,22,93.69,958,0,0,0,0,23.1,132,2.2
2018,4,8,2,30,98.9,0.16,4.5,0,0,0,7,22.1,93.76,959,0,0,0,0,23.200000000000003,131,2.3000000000000003
2018,4,8,3,30,83.91,0.16,4.6000000000000005,34,275,63,7,22.200000000000003,89.03,960,48,10,7,49,24.1,129,2.7
2018,4,8,4,30,69.11,0.16,4.6000000000000005,72,646,302,7,21.8,77.45,960,162,114,0,203,26.1,127,3
2018,4,8,5,30,54.25,0.16,4.6000000000000005,89,797,555,6,20.700000000000003,61.84,960,238,60,0,274,28.700000000000003,124,3
2018,4,8,6,30,39.39,0.16,4.6000000000000005,135,806,758,6,19,48.49,960,315,275,0,527,31.1,122,2.9000000000000004
2018,4,8,7,30,24.59,0.16,4.6000000000000005,152,839,915,7,18.3,41.69,959,423,204,0,609,33,124,2.6
2018,4,8,8,30,10.19,0.16,4.7,164,852,1002,7,18.2,38.79,958,367,425,0,786,34.2,128,2.2
2018,4,8,9,30,7,0.16,4.7,157,864,1015,8,18.1,37.61,957,313,584,0,893,34.7,133,1.9000000000000001
2018,4,8,10,30,20.98,0.16,4.800000000000001,160,838,942,1,18.1,37.24,956,160,838,0,942,34.800000000000004,137,1.7000000000000002
2018,4,8,11,30,35.730000000000004,0.16,4.9,157,786,795,8,17.900000000000002,38.42,955,359,295,7,599,34.1,142,1.6
2018,4,8,12,30,50.58,0.16,5,144,700,589,1,18,41.26,956,144,700,0,589,32.9,146,1.5
2018,4,8,13,30,65.45,0.16,5.1000000000000005,117,551,346,8,18.3,45.24,956,147,12,0,152,31.6,144,1.2000000000000002
2018,4,8,14,30,80.28,0.16,5.2,63,251,105,7,19.700000000000003,53.95,957,49,2,7,50,30,137,1
2018,4,8,15,30,95.22,0.16,5.2,0,0,0,7,20.8,62.04,958,0,0,0,0,28.8,130,1.1
2018,4,8,16,30,110.04,0.16,5.300000000000001,0,0,0,8,21.3,68,959,0,0,0,0,27.700000000000003,128,1.3
2018,4,8,17,30,124.79,0.16,5.300000000000001,0,0,0,7,21.5,73.23,959,0,0,0,0,26.700000000000003,133,1.5
2018,4,8,18,30,139.39000000000001,0.16,5.300000000000001,0,0,0,7,21.700000000000003,77.48,960,0,0,0,0,25.900000000000002,142,1.7000000000000002
2018,4,8,19,30,153.56,0.16,5.2,0,0,0,3,21.6,80.7,960,0,0,0,0,25.200000000000003,149,1.9000000000000001
2018,4,8,20,30,165.97,0.16,5.1000000000000005,0,0,0,7,21.5,82.99,959,0,0,0,0,24.6,155,2.1
2018,4,8,21,30,168.04,0.16,5.1000000000000005,0,0,0,8,21.5,85.71000000000001,959,0,0,0,0,24,159,2.1
2018,4,8,22,30,156.82,0.16,5,0,0,0,8,21.5,88.14,958,0,0,0,0,23.6,160,2
2018,4,8,23,30,142.86,0.16,4.9,0,0,0,7,21.700000000000003,91.08,958,0,0,0,0,23.200000000000003,161,1.9000000000000001
2018,4,9,0,30,128.33,0.16,4.9,0,0,0,7,21.8,93.62,958,0,0,0,0,22.900000000000002,162,1.6
2018,4,9,1,30,113.61,0.16,4.9,0,0,0,7,22,95.99000000000001,959,0,0,0,0,22.700000000000003,164,1.4000000000000001
2018,4,9,2,30,98.8,0.16,4.9,0,0,0,7,22.200000000000003,95.9,960,0,0,0,0,22.900000000000002,165,1.6
2018,4,9,3,30,83.82000000000001,0.16,4.9,39,191,60,3,22.200000000000003,89.94,960,35,0,7,35,24,164,2.2
2018,4,9,4,30,69.04,0.16,4.9,93,557,292,3,21.700000000000003,77.21000000000001,961,194,95,0,228,26,160,2.5
2018,4,9,5,30,54.19,0.16,4.9,121,715,540,2,20.3,62.120000000000005,961,313,201,0,430,28.200000000000003,153,2.4000000000000004
2018,4,9,6,30,39.35,0.16,4.9,136,801,756,0,19.900000000000002,55.27,960,136,801,0,756,29.8,144,2.1
2018,4,9,7,30,24.580000000000002,0.16,4.9,142,853,918,2,19.900000000000002,51.94,959,493,186,0,662,30.900000000000002,135,2
2018,4,9,8,30,10.28,0.16,4.9,142,880,1008,8,19.8,49.480000000000004,958,362,453,0,808,31.700000000000003,129,1.7000000000000002
2018,4,9,9,30,7.2700000000000005,0.16,4.9,117,917,1027,1,19.700000000000003,47.4,957,117,917,0,1027,32.300000000000004,127,1.5
2018,4,9,10,30,21.12,0.16,4.800000000000001,113,905,957,8,19.5,45.82,956,345,13,0,358,32.7,124,1.3
2018,4,9,11,30,35.84,0.16,4.800000000000001,106,873,813,3,19.3,45.37,956,355,10,0,364,32.6,123,1.2000000000000002
2018,4,9,12,30,50.67,0.16,4.9,106,784,603,6,19.1,46.33,956,85,0,0,85,32,129,1.1
2018,4,9,13,30,65.52,0.16,4.9,85,662,359,6,19,48.78,956,40,0,0,40,31,145,1
2018,4,9,14,30,80.33,0.16,4.9,49,378,113,7,20,57.03,957,30,1,0,30,29.400000000000002,164,0.8
2018,4,9,15,30,95.26,0.16,5,0,0,0,7,23.3,75.66,957,0,0,0,0,28,179,0.8
2018,4,9,16,30,110.07000000000001,0.16,5,0,0,0,6,23.3,79.22,958,0,0,0,0,27.200000000000003,187,1.1
2018,4,9,17,30,124.8,0.16,5.1000000000000005,0,0,0,9,22.400000000000002,78.41,958,0,0,0,0,26.5,189,1.4000000000000001
2018,4,9,18,30,139.36,0.16,5.1000000000000005,0,0,0,6,21.900000000000002,78.79,959,0,0,0,0,25.900000000000002,189,1.8
2018,4,9,19,30,153.48,0.16,5.2,0,0,0,6,21.700000000000003,80.29,959,0,0,0,0,25.3,185,2.1
2018,4,9,20,30,165.73,0.16,5.2,0,0,0,6,21.6,82.46000000000001,958,0,0,0,0,24.8,179,2.2
2018,4,9,21,30,167.68,0.16,5.300000000000001,0,0,0,6,21.700000000000003,85.60000000000001,958,0,0,0,0,24.3,174,2.1
2018,4,9,22,30,156.6,0.16,5.300000000000001,0,0,0,7,21.900000000000002,88.69,957,0,0,0,0,23.900000000000002,169,1.9000000000000001
2018,4,9,23,30,142.69,0.16,5.2,0,0,0,8,22.200000000000003,91.61,957,0,0,0,0,23.6,164,1.7000000000000002
2018,4,10,0,30,128.2,0.16,5.2,0,0,0,7,22.400000000000002,94.68,957,0,0,0,0,23.3,159,1.5
2018,4,10,1,30,113.5,0.16,5.2,0,0,0,7,22.700000000000003,96.75,958,0,0,0,0,23.200000000000003,152,1.3
2018,4,10,2,30,98.7,0.16,5.2,0,0,0,7,22.900000000000002,98.28,958,0,0,0,0,23.200000000000003,144,1.4000000000000001
2018,4,10,3,30,83.74,0.16,5.1000000000000005,38,225,62,0,23,95.52,959,38,225,0,62,23.8,139,1.8
2018,4,10,4,30,68.97,0.16,5,80,612,300,0,23,89.78,959,80,612,0,300,24.8,141,2.1
2018,4,10,5,30,54.13,0.16,4.9,96,777,552,0,22.700000000000003,82.45,959,96,777,0,552,25.900000000000002,143,2.1
2018,4,10,6,30,39.31,0.16,4.800000000000001,105,858,769,0,22.3,75.07000000000001,959,105,858,0,769,27.1,143,2
2018,4,10,7,30,24.580000000000002,0.16,4.7,112,898,929,0,21.8,68.09,958,112,898,0,929,28.200000000000003,141,1.9000000000000001
2018,4,10,8,30,10.39,0.16,4.7,117,916,1017,2,21.1,62.33,958,501,171,0,669,29,135,1.6
2018,4,10,9,30,7.5600000000000005,0.16,4.7,148,875,1015,0,20.3,57.58,957,148,875,0,1015,29.6,127,1.5
2018,4,10,10,30,21.26,0.16,4.7,151,848,941,1,19.700000000000003,54.15,956,151,848,0,941,30,124,1.6
2018,4,10,11,30,35.94,0.16,4.7,147,800,795,7,19.3,52.67,955,265,559,7,718,30,128,1.8
2018,4,10,12,30,50.75,0.16,4.7,135,717,589,2,19,52.68,955,354,133,0,438,29.700000000000003,136,2
2018,4,10,13,30,65.58,0.16,4.7,111,566,345,7,19.200000000000003,56.800000000000004,956,6,0,0,6,28.6,148,1.7000000000000002
2018,4,10,14,30,80.38,0.16,4.800000000000001,61,260,105,9,21.200000000000003,70.44,956,3,0,0,3,27,160,1.3
2018,4,10,15,30,95.3,0.16,4.800000000000001,0,0,0,9,22.3,81.7,957,0,0,0,0,25.700000000000003,166,1.4000000000000001
2018,4,10,16,30,110.10000000000001,0.16,4.9,0,0,0,9,22.1,82.66,958,0,0,0,0,25.3,167,1.7000000000000002
2018,4,10,17,30,124.81,0.16,5,0,0,0,6,22.200000000000003,85.51,958,0,0,0,0,24.8,163,2
2018,4,10,18,30,139.34,0.16,5.1000000000000005,0,0,0,6,22.5,88.95,959,0,0,0,0,24.400000000000002,158,2.4000000000000004
2018,4,10,19,30,153.39000000000001,0.16,5.1000000000000005,0,0,0,6,22.8,93.3,959,0,0,0,0,23.900000000000002,154,2.7
2018,4,10,20,30,165.49,0.16,5.2,0,0,0,6,23,97.05,958,0,0,0,0,23.5,152,2.7
2018,4,10,21,30,167.33,0.16,5.2,0,0,0,6,23.200000000000003,99.45,958,0,0,0,0,23.3,151,2.4000000000000004
2018,4,10,22,30,156.37,0.16,5.2,0,0,0,6,23.200000000000003,100,957,0,0,0,0,23.200000000000003,151,2.1
2018,4,10,23,30,142.53,0.16,5.2,0,0,0,7,23.200000000000003,100,957,0,0,0,0,23.200000000000003,151,1.8
2018,4,11,0,30,128.07,0.16,5.1000000000000005,0,0,0,7,23.1,100,957,0,0,0,0,23.1,150,1.6
2018,4,11,1,30,113.39,0.16,5.1000000000000005,0,0,0,7,23,100,957,0,0,0,0,23,148,1.3
2018,4,11,2,30,98.61,0.16,5,0,0,0,9,23.1,100,958,0,0,0,0,23.1,144,1.4000000000000001
2018,4,11,3,30,83.67,0.16,5,38,235,64,9,23.3,98.75,959,7,0,7,7,23.5,142,1.8
2018,4,11,4,30,68.91,0.16,5,83,600,299,6,23.1,92.62,959,6,0,0,6,24.400000000000002,142,2.1
2018,4,11,5,30,54.08,0.16,5,105,755,548,6,22.8,84.94,960,13,0,0,13,25.5,143,2.2
2018,4,11,6,30,39.28,0.16,5,119,832,763,6,22.200000000000003,76.67,959,39,0,0,39,26.6,143,2.3000000000000003
2018,4,11,7,30,24.580000000000002,0.16,5,127,873,921,7,21.6,69.98,959,242,2,0,244,27.6,142,2.4000000000000004
2018,4,11,8,30,10.51,0.16,5,130,894,1009,7,21.200000000000003,65.24,958,382,12,0,394,28.400000000000002,140,2.4000000000000004
2018,4,11,9,30,7.8500000000000005,0.16,5,131,895,1018,7,20.900000000000002,62.21,957,469,107,0,575,28.900000000000002,137,2.3000000000000003
2018,4,11,10,30,21.400000000000002,0.16,5.1000000000000005,127,880,947,7,20.700000000000003,60.42,957,454,217,0,657,29.1,134,2.3000000000000003
2018,4,11,11,30,36.04,0.16,5.1000000000000005,118,847,803,7,20.400000000000002,60.17,956,293,437,0,647,28.900000000000002,132,2.1
2018,4,11,12,30,50.83,0.16,5.1000000000000005,105,784,600,8,20.3,61.02,956,232,407,0,489,28.5,133,1.8
2018,4,11,13,30,65.65,0.16,5.2,83,667,358,7,20.3,63.77,957,152,373,0,306,27.8,136,1.4000000000000001
2018,4,11,14,30,80.44,0.16,5.2,47,390,112,0,21.3,72.19,957,47,390,0,112,26.700000000000003,143,0.8
2018,4,11,15,30,95.34,0.16,5.2,0,0,0,3,23.6,86.95,958,0,0,0,0,25.900000000000002,152,0.5
2018,4,11,16,30,110.12,0.16,5.1000000000000005,0,0,0,7,23.5,88.77,958,0,0,0,0,25.5,160,0.6000000000000001
2018,4,11,17,30,124.81,0.16,5.1000000000000005,0,0,0,7,23.3,89.55,958,0,0,0,0,25.1,165,0.6000000000000001
2018,4,11,18,30,139.31,0.16,5,0,0,0,7,22.900000000000002,90.54,958,0,0,0,0,24.6,166,0.7000000000000001
2018,4,11,19,30,153.3,0.16,5,0,0,0,7,22.6,91.47,958,0,0,0,0,24.1,166,0.8
2018,4,11,20,30,165.25,0.16,4.9,0,0,0,7,22.3,92.71000000000001,958,0,0,0,0,23.6,164,0.8
2018,4,11,21,30,166.97,0.16,4.9,0,0,0,6,22.1,94.38,957,0,0,0,0,23.1,159,0.9
2018,4,11,22,30,156.14000000000001,0.16,5,0,0,0,6,22.1,96.46000000000001,957,0,0,0,0,22.700000000000003,154,0.9
2018,4,11,23,30,142.36,0.16,5,0,0,0,6,22.200000000000003,99.15,957,0,0,0,0,22.3,151,0.8
2018,4,12,0,30,127.93,0.16,5,0,0,0,7,22.1,100,957,0,0,0,0,22.1,150,0.7000000000000001
2018,4,12,1,30,113.28,0.16,5.1000000000000005,0,0,0,7,22.1,100,958,0,0,0,0,22.1,149,0.6000000000000001
2018,4,12,2,30,98.52,0.16,5.1000000000000005,0,0,0,7,22.400000000000002,100,959,0,0,0,0,22.400000000000002,146,0.7000000000000001
2018,4,12,3,30,83.59,0.16,5.1000000000000005,36,267,66,3,22.700000000000003,95.72,959,41,0,7,41,23.400000000000002,141,1.3
2018,4,12,4,30,68.84,0.16,5.2,77,623,302,7,22.8,89.16,960,157,42,0,172,24.700000000000003,134,1.8
2018,4,12,5,30,54.03,0.16,5.2,97,773,551,7,22.400000000000002,80.2,960,169,566,0,502,26.1,126,2
2018,4,12,6,30,39.25,0.16,5.1000000000000005,111,845,765,0,21.8,72.05,960,111,845,0,765,27.3,120,2.1
2018,4,12,7,30,24.59,0.16,5.1000000000000005,119,884,923,0,21.400000000000002,65.8,959,119,884,0,923,28.400000000000002,118,2.3000000000000003
2018,4,12,8,30,10.64,0.16,5.1000000000000005,122,904,1010,1,21,61.120000000000005,959,122,904,0,1010,29.3,118,2.3000000000000003
2018,4,12,9,30,8.15,0.16,5.1000000000000005,124,903,1018,8,20.6,57.28,958,448,181,0,627,30,120,2.3000000000000003
2018,4,12,10,30,21.55,0.16,5.1000000000000005,121,889,947,8,20.3,55.02,957,368,382,0,723,30.3,123,2.4000000000000004
2018,4,12,11,30,36.15,0.16,5.1000000000000005,113,856,804,7,20,54.42,956,322,250,0,524,30.200000000000003,127,2.4000000000000004
2018,4,12,12,30,50.910000000000004,0.16,5.1000000000000005,100,793,600,7,19.900000000000002,55.59,956,252,44,0,279,29.700000000000003,129,2.3000000000000003
2018,4,12,13,30,65.72,0.16,5.2,81,670,357,6,19.900000000000002,59,957,56,0,0,56,28.700000000000003,130,1.8
2018,4,12,14,30,80.49,0.16,5.2,48,383,111,6,21.3,70.22,957,3,0,0,3,27.200000000000003,132,1.2000000000000002
2018,4,12,15,30,95.38,0.16,5.2,0,0,0,7,22.900000000000002,82.92,958,0,0,0,0,26,134,1
2018,4,12,16,30,110.14,0.16,5.2,0,0,0,8,22.8,84.83,959,0,0,0,0,25.5,133,1
2018,4,12,17,30,124.81,0.16,5.2,0,0,0,7,22.6,86.7,959,0,0,0,0,25,131,1.1
2018,4,12,18,30,139.27,0.16,5.2,0,0,0,7,22.6,88.92,959,0,0,0,0,24.5,131,1.2000000000000002
2018,4,12,19,30,153.20000000000002,0.16,5.2,0,0,0,7,22.5,91.44,959,0,0,0,0,24,131,1.3
2018,4,12,20,30,165,0.16,5.2,0,0,0,7,22.5,94.13,959,0,0,0,0,23.5,131,1.4000000000000001
2018,4,12,21,30,166.62,0.16,5.2,0,0,0,7,22.5,97.29,958,0,0,0,0,23,129,1.4000000000000001
2018,4,12,22,30,155.91,0.16,5.2,0,0,0,7,22.6,99.69,957,0,0,0,0,22.700000000000003,126,1.2000000000000002
2018,4,12,23,30,142.20000000000002,0.16,5.2,0,0,0,7,22.5,100,957,0,0,0,0,22.5,126,0.8
2018,4,13,0,30,127.8,0.16,5.300000000000001,0,0,0,7,22.400000000000002,100,958,0,0,0,0,22.400000000000002,134,0.6000000000000001
2018,4,13,1,30,113.17,0.16,5.300000000000001,0,0,0,7,22.400000000000002,100,959,0,0,0,0,22.400000000000002,147,0.5
2018,4,13,2,30,98.43,0.16,5.300000000000001,0,0,0,7,22.700000000000003,100,960,0,0,0,0,22.700000000000003,157,0.7000000000000001
2018,4,13,3,30,83.51,0.16,5.300000000000001,37,270,67,3,23.200000000000003,98.53,960,42,1,7,42,23.400000000000002,159,1.3
2018,4,13,4,30,68.78,0.16,5.4,76,628,303,8,23.200000000000003,93.68,961,169,108,0,208,24.3,154,1.8
2018,4,13,5,30,53.99,0.16,5.4,95,776,551,7,23,87.10000000000001,961,223,383,0,449,25.3,153,2
2018,4,13,6,30,39.22,0.16,5.300000000000001,105,853,766,7,22.6,80.25,961,261,486,0,638,26.3,156,2
2018,4,13,7,30,24.6,0.16,5.300000000000001,110,896,924,0,22.200000000000003,73.94,960,110,896,0,924,27.3,158,1.9000000000000001
2018,4,13,8,30,10.78,0.16,5.300000000000001,110,918,1012,0,21.8,68.48,960,110,918,0,1012,28.200000000000003,161,1.9000000000000001
2018,4,13,9,30,8.44,0.16,5.300000000000001,124,901,1015,8,21.400000000000002,64.15,959,414,332,0,743,28.900000000000002,163,1.9000000000000001
2018,4,13,10,30,21.7,0.16,5.2,116,894,947,7,21.1,61.65,958,322,477,0,765,29.200000000000003,165,1.8
2018,4,13,11,30,36.25,0.16,5.2,105,867,804,7,20.900000000000002,61.2,957,341,55,0,385,29.1,169,1.8
2018,4,13,12,30,51,0.16,5.300000000000001,113,759,591,6,20.900000000000002,63.230000000000004,957,126,1,0,126,28.6,170,1.8
2018,4,13,13,30,65.78,0.16,5.300000000000001,89,637,350,9,21.1,66.96000000000001,958,7,0,0,7,27.8,170,1.5
2018,4,13,14,30,80.54,0.16,5.300000000000001,50,348,108,7,22,76.85000000000001,959,5,0,0,5,26.400000000000002,171,1
2018,4,13,15,30,95.42,0.16,5.300000000000001,0,0,0,6,23.6,89.96000000000001,959,0,0,0,0,25.400000000000002,173,0.8
2018,4,13,16,30,110.16,0.16,5.300000000000001,0,0,0,6,23.400000000000002,91.47,960,0,0,0,0,24.900000000000002,174,1
2018,4,13,17,30,124.81,0.16,5.300000000000001,0,0,0,6,23.200000000000003,92.28,960,0,0,0,0,24.5,173,1.1
2018,4,13,18,30,139.24,0.16,5.300000000000001,0,0,0,6,22.900000000000002,93.29,960,0,0,0,0,24.1,171,1.3
2018,4,13,19,30,153.1,0.16,5.2,0,0,0,6,22.8,94.7,960,0,0,0,0,23.700000000000003,169,1.6
2018,4,13,20,30,164.75,0.16,5.2,0,0,0,6,22.700000000000003,96.57000000000001,960,0,0,0,0,23.3,167,1.9000000000000001
2018,4,13,21,30,166.26,0.16,5.1000000000000005,0,0,0,6,22.700000000000003,98.77,959,0,0,0,0,22.900000000000002,166,2.1
2018,4,13,22,30,155.67000000000002,0.16,5.1000000000000005,0,0,0,6,22.6,100,958,0,0,0,0,22.6,166,2.2
2018,4,13,23,30,142.03,0.16,5.1000000000000005,0,0,0,6,22.5,100,958,0,0,0,0,22.5,169,2
2018,4,14,0,30,127.67,0.16,5.2,0,0,0,6,22.5,100,958,0,0,0,0,22.5,177,1.9000000000000001
2018,4,14,1,30,113.06,0.16,5.2,0,0,0,6,22.6,100,959,0,0,0,0,22.6,186,2
2018,4,14,2,30,98.34,0.16,5.300000000000001,0,0,0,6,22.700000000000003,100,960,0,0,0,0,22.700000000000003,195,2.3000000000000003
2018,4,14,3,30,83.44,0.16,5.300000000000001,35,306,70,6,23,97.94,961,18,0,7,18,23.3,201,2.9000000000000004
2018,4,14,4,30,68.72,0.16,5.300000000000001,69,661,309,6,23,92.69,961,85,5,0,86,24.3,202,3.4000000000000004
2018,4,14,5,30,53.94,0.16,5.2,83,806,557,7,22.6,83.57000000000001,962,239,267,0,396,25.6,199,3.7
2018,4,14,6,30,39.2,0.16,5.2,92,878,772,7,22.1,74.57000000000001,961,182,645,0,681,27,196,3.7
2018,4,14,7,30,24.63,0.16,5.2,95,917,929,7,21.700000000000003,67.88,960,203,675,0,817,28.200000000000003,193,3.5
2018,4,14,8,30,10.93,0.16,5.2,97,936,1015,7,21.400000000000002,63.11,960,329,416,0,738,29.1,192,3.4000000000000004
2018,4,14,9,30,8.75,0.16,5.2,95,939,1023,7,21,59.72,959,348,399,0,743,29.700000000000003,194,3.2
2018,4,14,10,30,21.85,0.16,5.2,92,928,953,7,20.700000000000003,57.59,958,368,312,0,657,30,197,3
2018,4,14,11,30,36.36,0.16,5.2,86,898,809,7,20.400000000000002,57.25,957,320,302,0,563,29.8,203,2.8000000000000003
2018,4,14,12,30,51.08,0.16,5.2,77,843,606,6,20.400000000000002,59.68,957,232,30,0,251,29,209,2.8000000000000003
2018,4,14,13,30,65.85,0.16,5.2,63,735,363,7,20.6,65.28,958,45,0,0,46,27.700000000000003,213,2.7
2018,4,14,14,30,80.59,0.16,5.300000000000001,38,471,115,9,21.3,74.68,959,4,0,0,4,26.1,213,2.2
2018,4,14,15,30,95.45,0.16,5.300000000000001,0,0,0,9,22.1,84.48,959,0,0,0,0,24.900000000000002,212,2.1
2018,4,14,16,30,110.18,0.16,5.2,0,0,0,6,22.1,87.68,960,0,0,0,0,24.3,212,2.3000000000000003
2018,4,14,17,30,124.8,0.16,5.2,0,0,0,7,22.200000000000003,90.69,960,0,0,0,0,23.8,212,2.2
2018,4,14,18,30,139.20000000000002,0.16,5.1000000000000005,0,0,0,7,22.200000000000003,93.69,960,0,0,0,0,23.3,213,2.1
2018,4,14,19,30,152.99,0.16,5,0,0,0,6,22.200000000000003,95.94,960,0,0,0,0,22.900000000000002,216,1.9000000000000001
2018,4,14,20,30,164.49,0.16,4.9,0,0,0,7,22.200000000000003,98.01,959,0,0,0,0,22.5,220,1.8
2018,4,14,21,30,165.91,0.16,4.9,0,0,0,7,22.1,99.47,958,0,0,0,0,22.200000000000003,227,1.7000000000000002
2018,4,14,22,30,155.44,0.16,4.9,0,0,0,7,22,100,958,0,0,0,0,22,235,1.5
2018,4,14,23,30,141.86,0.16,4.9,0,0,0,7,21.900000000000002,100,958,0,0,0,0,21.900000000000002,242,1.4000000000000001
2018,4,15,0,30,127.54,0.16,4.9,0,0,0,7,21.8,100,959,0,0,0,0,21.8,245,1.5
2018,4,15,1,30,112.95,0.16,4.9,0,0,0,7,21.8,100,959,0,0,0,0,21.8,246,1.6
2018,4,15,2,30,98.25,0.16,4.9,0,0,0,7,22,100,959,0,0,0,0,22,245,2.1
2018,4,15,3,30,83.37,0.16,4.9,30,394,75,8,22.3,95.59,960,47,11,7,49,23,242,3.2
2018,4,15,4,30,68.66,0.16,4.9,57,714,317,0,22.3,86.71000000000001,960,57,714,0,317,24.700000000000003,239,4.2
2018,4,15,5,30,53.9,0.16,5,72,836,564,8,21.8,74.47,961,259,125,0,332,26.700000000000003,238,4.4
2018,4,15,6,30,39.19,0.16,5,81,897,777,8,21.1,63.92,961,250,491,0,631,28.6,238,4.3
2018,4,15,7,30,24.650000000000002,0.16,5,88,929,932,7,20.6,56.59,960,199,700,0,836,30.200000000000003,237,4.2
2018,4,15,8,30,11.09,0.16,5,91,945,1018,7,20.3,52.11,959,197,703,0,886,31.3,235,4
2018,4,15,9,30,9.05,0.16,5.1000000000000005,146,871,1005,7,20.1,50.35,958,376,418,0,789,31.700000000000003,233,3.7
2018,4,15,10,30,22.01,0.16,5.1000000000000005,144,850,933,8,20.1,50.730000000000004,957,370,21,0,389,31.5,230,3.6
2018,4,15,11,30,36.47,0.16,5.2,135,813,789,7,20.1,53.09,956,338,76,0,399,30.700000000000003,226,3.5
2018,4,15,12,30,51.160000000000004,0.16,5.300000000000001,143,690,576,7,20.200000000000003,57.04,957,247,41,0,273,29.6,222,3.4000000000000004
2018,4,15,13,30,65.92,0.16,5.4,114,543,336,7,20.5,62.29,957,195,189,0,272,28.400000000000002,219,3
2018,4,15,14,30,80.64,0.16,5.4,61,236,99,0,21.3,72.05,958,61,236,0,99,26.8,215,2.4000000000000004
2018,4,15,15,30,95.49,0.16,5.4,0,0,0,7,22.1,81.42,959,0,0,0,0,25.5,213,2.4000000000000004
2018,4,15,16,30,110.19,0.16,5.4,0,0,0,7,22.200000000000003,85.49,959,0,0,0,0,24.8,211,2.6
2018,4,15,17,30,124.79,0.16,5.4,0,0,0,7,22.400000000000002,90.48,960,0,0,0,0,24.1,210,2.5
2018,4,15,18,30,139.15,0.16,5.300000000000001,0,0,0,7,22.6,94.29,960,0,0,0,0,23.6,209,2.3000000000000003
2018,4,15,19,30,152.88,0.16,5.300000000000001,0,0,0,7,22.700000000000003,97.23,959,0,0,0,0,23.200000000000003,206,2.1
2018,4,15,20,30,164.23,0.16,5.2,0,0,0,7,22.8,99.86,959,0,0,0,0,22.8,203,1.9000000000000001
2018,4,15,21,30,165.57,0.16,5.2,0,0,0,7,22.6,100,958,0,0,0,0,22.6,201,1.8
2018,4,15,22,30,155.21,0.16,5.2,0,0,0,7,22.400000000000002,100,958,0,0,0,0,22.400000000000002,201,1.7000000000000002
2018,4,15,23,30,141.70000000000002,0.16,5.300000000000001,0,0,0,7,22.400000000000002,100,958,0,0,0,0,22.400000000000002,203,1.6
2018,4,16,0,30,127.41,0.16,5.300000000000001,0,0,0,8,22.400000000000002,100,959,0,0,0,0,22.400000000000002,209,1.5
2018,4,16,1,30,112.85000000000001,0.16,5.300000000000001,0,0,0,7,22.400000000000002,100,959,0,0,0,0,22.400000000000002,217,1.6
2018,4,16,2,30,98.16,0.16,5.2,0,0,0,7,22.5,100,960,0,0,0,0,22.5,222,1.8
2018,4,16,3,30,83.3,0.16,5.2,35,316,72,3,22.8,99.36,961,40,0,7,40,22.900000000000002,222,2.4000000000000004
2018,4,16,4,30,68.61,0.16,5.2,68,666,311,7,23.1,95.61,961,141,324,0,259,23.8,218,3.3000000000000003
2018,4,16,5,30,53.870000000000005,0.16,5.1000000000000005,83,807,559,0,23.1,89.13,961,83,807,0,559,25,213,4.1000000000000005
2018,4,16,6,30,39.18,0.16,5.1000000000000005,91,878,772,7,22.6,80.43,961,173,699,0,715,26.200000000000003,211,4.4
2018,4,16,7,30,24.69,0.16,5.1000000000000005,96,916,928,7,21.8,72.17,961,263,570,0,781,27.3,212,4.3
2018,4,16,8,30,11.26,0.16,5.1000000000000005,98,933,1013,7,21.400000000000002,67,960,218,651,0,857,28.1,216,4.1000000000000005
2018,4,16,9,30,9.35,0.16,5.1000000000000005,98,935,1020,7,21.1,63.78,959,316,478,0,788,28.6,220,3.8000000000000003
2018,4,16,10,30,22.17,0.16,5.1000000000000005,96,922,949,7,20.8,62.56,958,347,390,0,708,28.700000000000003,222,3.6
2018,4,16,11,30,36.58,0.16,5.1000000000000005,90,890,805,7,20.700000000000003,63.550000000000004,958,307,330,0,571,28.3,222,3.4000000000000004
2018,4,16,12,30,51.25,0.16,5.2,82,828,601,7,20.700000000000003,65.7,958,217,407,0,472,27.700000000000003,222,3
2018,4,16,13,30,65.98,0.16,5.2,68,711,358,7,21,71.06,958,181,80,0,214,26.700000000000003,220,2.2
2018,4,16,14,30,80.69,0.16,5.2,41,434,111,6,22.200000000000003,82.4,959,15,0,0,15,25.400000000000002,219,1.4000000000000001
2018,4,16,15,30,95.52,0.16,5.2,0,0,0,6,22.6,88.81,960,0,0,0,0,24.6,217,1.3
2018,4,16,16,30,110.21000000000001,0.16,5.2,0,0,0,6,22.5,90.04,960,0,0,0,0,24.200000000000003,213,1.5
2018,4,16,17,30,124.78,0.16,5.1000000000000005,0,0,0,6,22.3,91.39,960,0,0,0,0,23.8,207,1.7000000000000002
2018,4,16,18,30,139.1,0.16,5.1000000000000005,0,0,0,6,22.200000000000003,92.99,960,0,0,0,0,23.400000000000002,200,2
2018,4,16,19,30,152.77,0.16,5.1000000000000005,0,0,0,7,22.200000000000003,95.29,960,0,0,0,0,23,195,2.1
2018,4,16,20,30,163.97,0.16,5.1000000000000005,0,0,0,7,22.3,98.43,960,0,0,0,0,22.6,193,1.9000000000000001
2018,4,16,21,30,165.22,0.16,5.2,0,0,0,7,22.400000000000002,100,960,0,0,0,0,22.400000000000002,196,1.5
2018,4,16,22,30,154.98,0.16,5.2,0,0,0,8,22.200000000000003,100,960,0,0,0,0,22.200000000000003,202,1.2000000000000002
2018,4,16,23,30,141.53,0.16,5.1000000000000005,0,0,0,4,22.1,100,959,0,0,0,0,22.1,208,1.2000000000000002
2018,4,17,0,30,127.28,0.16,5.1000000000000005,0,0,0,8,22.1,100,959,0,0,0,0,22.1,212,1.2000000000000002
2018,4,17,1,30,112.74000000000001,0.16,5,0,0,0,8,22,100,960,0,0,0,0,22,213,1.2000000000000002
2018,4,17,2,30,98.07000000000001,0.16,5,0,0,0,7,22.200000000000003,100,960,0,0,0,0,22.200000000000003,213,1.5
2018,4,17,3,30,83.23,0.16,5,32,361,75,3,22.6,96.15,961,54,7,7,55,23.200000000000003,211,2.4000000000000004
2018,4,17,4,30,68.55,0.16,5,61,695,316,3,22.700000000000003,87.4,961,164,14,0,169,24.900000000000002,211,3.3000000000000003
2018,4,17,5,30,53.83,0.16,5.1000000000000005,75,825,562,8,22.200000000000003,76.99,962,205,422,0,454,26.6,214,3.6
2018,4,17,6,30,39.17,0.16,5.1000000000000005,107,846,763,3,21.6,68.71000000000001,962,411,139,0,519,27.900000000000002,217,3.6
2018,4,17,7,30,24.72,0.16,5.2,119,877,916,7,21.200000000000003,63.89,961,411,144,0,542,28.700000000000003,220,3.7
2018,4,17,8,30,11.44,0.16,5.300000000000001,128,888,999,7,21,62.52,961,460,174,0,631,28.900000000000002,222,3.8000000000000003
2018,4,17,9,30,9.66,0.16,5.300000000000001,131,886,1004,7,21,63.22,960,376,343,0,714,28.700000000000003,221,3.7
2018,4,17,10,30,22.330000000000002,0.16,5.4,129,868,932,7,21.1,65,959,403,279,0,661,28.3,219,3.6
2018,4,17,11,30,36.69,0.16,5.4,120,832,787,7,21.3,68.16,959,347,258,0,554,27.700000000000003,219,3.4000000000000004
2018,4,17,12,30,51.33,0.16,5.5,108,764,585,6,21.6,72.24,959,275,141,0,363,27,217,3.2
2018,4,17,13,30,66.04,0.16,5.5,86,637,345,7,21.900000000000002,77.81,959,176,68,0,204,26.1,215,2.6
2018,4,17,14,30,80.74,0.16,5.5,49,343,104,6,22.6,86.45,960,5,0,0,5,25,213,1.8
2018,4,17,15,30,95.55,0.16,5.5,0,0,0,6,23.1,93.7,960,0,0,0,0,24.200000000000003,212,1.5
2018,4,17,16,30,110.22,0.16,5.5,0,0,0,6,23.200000000000003,96.46000000000001,961,0,0,0,0,23.8,212,1.6
2018,4,17,17,30,124.77,0.16,5.5,0,0,0,7,23.3,98.60000000000001,961,0,0,0,0,23.5,212,1.5
2018,4,17,18,30,139.05,0.16,5.4,0,0,0,7,23.200000000000003,100,962,0,0,0,0,23.200000000000003,212,1.4000000000000001
2018,4,17,19,30,152.65,0.16,5.4,0,0,0,7,23,100,961,0,0,0,0,23,213,1.4000000000000001
2018,4,17,20,30,163.71,0.16,5.300000000000001,0,0,0,8,22.8,100,961,0,0,0,0,22.8,213,1.4000000000000001
2018,4,17,21,30,164.88,0.16,5.300000000000001,0,0,0,7,22.700000000000003,100,960,0,0,0,0,22.700000000000003,211,1.5
2018,4,17,22,30,154.75,0.16,5.2,0,0,0,8,22.5,100,960,0,0,0,0,22.5,210,1.6
2018,4,17,23,30,141.37,0.16,5.1000000000000005,0,0,0,7,22.400000000000002,100,960,0,0,0,0,22.400000000000002,209,1.8
2018,4,18,0,30,127.15,0.16,5.1000000000000005,0,0,0,7,22.200000000000003,100,960,0,0,0,0,22.200000000000003,206,1.7000000000000002
2018,4,18,1,30,112.64,0.16,5.1000000000000005,0,0,0,8,22,100,961,0,0,0,0,22,204,1.3
2018,4,18,2,30,97.99000000000001,0.16,5.1000000000000005,0,0,0,8,22.200000000000003,100,962,0,0,0,0,22.200000000000003,205,1.1
2018,4,18,3,30,83.16,0.16,5.1000000000000005,35,317,73,3,22.700000000000003,97.95,962,45,1,7,45,23,206,1.5
2018,4,18,4,30,68.5,0.16,5.1000000000000005,68,662,311,7,22.6,91.3,963,135,396,0,280,24.1,206,2.2
2018,4,18,5,30,53.800000000000004,0.16,5.1000000000000005,84,802,557,1,22.1,82.46000000000001,963,84,802,0,557,25.3,208,2.6
2018,4,18,6,30,39.160000000000004,0.16,5.1000000000000005,93,871,769,0,21.700000000000003,75.32000000000001,963,93,871,0,769,26.400000000000002,210,2.7
2018,4,18,7,30,24.77,0.16,5.1000000000000005,98,909,924,0,21.5,70.92,962,98,909,0,924,27.200000000000003,210,2.7
2018,4,18,8,30,11.620000000000001,0.16,5.1000000000000005,101,927,1009,0,21.3,68.18,961,101,927,0,1009,27.700000000000003,208,2.7
2018,4,18,9,30,9.96,0.16,5.1000000000000005,108,918,1013,7,21.1,67.1,960,401,345,0,740,27.8,204,2.6
2018,4,18,10,30,22.490000000000002,0.16,5.1000000000000005,104,906,941,9,21,66.86,960,102,0,0,102,27.700000000000003,200,2.6
2018,4,18,11,30,36.800000000000004,0.16,5.2,97,875,797,9,20.900000000000002,67.67,959,26,0,0,26,27.400000000000002,197,2.6
2018,4,18,12,30,51.410000000000004,0.16,5.2,106,768,585,6,21,70.41,959,58,0,0,58,26.8,195,2.5
2018,4,18,13,30,66.11,0.16,5.2,84,642,344,9,21.200000000000003,75.49,960,32,0,0,32,25.900000000000002,192,1.9000000000000001
2018,4,18,14,30,80.78,0.16,5.2,48,349,103,6,22.200000000000003,85.75,960,3,0,0,3,24.700000000000003,188,1.3
2018,4,18,15,30,95.58,0.16,5.1000000000000005,0,0,0,6,22.700000000000003,93.71000000000001,961,0,0,0,0,23.8,185,1
2018,4,18,16,30,110.23,0.16,5.1000000000000005,0,0,0,7,22.700000000000003,95.74000000000001,961,0,0,0,0,23.400000000000002,183,1
2018,4,18,17,30,124.75,0.16,5,0,0,0,7,22.6,97.81,962,0,0,0,0,23,179,1
2018,4,18,18,30,139,0.16,4.9,0,0,0,7,22.5,99.06,962,0,0,0,0,22.700000000000003,176,0.9
2018,4,18,19,30,152.52,0.16,4.9,0,0,0,3,22.400000000000002,100,961,0,0,0,0,22.400000000000002,171,0.9
2018,4,18,20,30,163.44,0.16,4.800000000000001,0,0,0,3,22.1,100,961,0,0,0,0,22.1,167,0.9
2018,4,18,21,30,164.54,0.16,4.7,0,0,0,3,21.8,100,960,0,0,0,0,21.8,165,1
2018,4,18,22,30,154.51,0.16,4.7,0,0,0,3,21.6,100,960,0,0,0,0,21.6,165,0.9
2018,4,18,23,30,141.20000000000002,0.16,4.6000000000000005,0,0,0,4,21.400000000000002,100,959,0,0,0,0,21.400000000000002,167,0.8
2018,4,19,0,30,127.03,0.15,4.6000000000000005,0,0,0,4,21.3,100,960,0,0,0,0,21.3,172,0.7000000000000001
2018,4,19,1,30,112.54,0.15,4.5,0,0,0,4,21.200000000000003,100,960,0,0,0,0,21.200000000000003,178,0.6000000000000001
2018,4,19,2,30,97.91,0.15,4.6000000000000005,0,0,0,0,21.5,100,961,0,0,0,0,21.5,183,0.8
2018,4,19,3,30,83.10000000000001,0.15,4.6000000000000005,38,283,72,3,22.1,95.10000000000001,962,52,2,7,52,22.900000000000002,186,1.4000000000000001
2018,4,19,4,30,68.46000000000001,0.15,4.7,76,633,308,3,22.5,85.64,962,188,34,0,201,25.1,192,2.1
2018,4,19,5,30,53.77,0.15,4.7,94,780,555,3,22.3,73.84,962,282,47,0,310,27.400000000000002,197,2.3000000000000003
2018,4,19,6,30,39.160000000000004,0.15,4.800000000000001,115,832,760,0,21.8,64.24,961,115,832,0,760,29.200000000000003,199,2.3000000000000003
2018,4,19,7,30,24.82,0.15,4.9,123,872,914,3,21.5,58.870000000000005,961,316,1,0,317,30.400000000000002,202,2.2
2018,4,19,8,30,11.82,0.15,5.1000000000000005,127,888,996,7,21.200000000000003,56.19,960,422,26,0,447,30.900000000000002,204,2
2018,4,19,9,30,10.27,0.15,5.2,154,852,992,9,20.900000000000002,55.15,959,116,0,0,116,31,204,1.9000000000000001
2018,4,19,10,30,22.650000000000002,0.15,5.300000000000001,154,828,918,9,20.700000000000003,55.17,958,142,0,0,142,30.700000000000003,201,1.8
2018,4,19,11,30,36.910000000000004,0.15,5.4,147,783,773,9,20.6,57.44,958,348,52,0,390,29.900000000000002,198,1.8
2018,4,19,12,30,51.5,0.15,5.5,134,699,569,6,20.8,62.660000000000004,958,277,130,0,358,28.6,198,1.7000000000000002
2018,4,19,13,30,66.17,0.15,5.6000000000000005,111,540,329,9,21.200000000000003,69.93,958,88,2,0,89,27.200000000000003,200,1.4000000000000001
2018,4,19,14,30,80.83,0.15,5.7,60,219,95,9,22,79.2,959,6,0,0,6,25.900000000000002,199,1
2018,4,19,15,30,95.61,0.15,5.800000000000001,0,0,0,6,22.5,86.64,959,0,0,0,0,24.900000000000002,188,0.8
2018,4,19,16,30,110.24000000000001,0.15,6,0,0,0,6,22.700000000000003,91.29,960,0,0,0,0,24.200000000000003,164,0.8
2018,4,19,17,30,124.73,0.15,6,0,0,0,6,22.8,94.74,960,0,0,0,0,23.700000000000003,138,0.9
2018,4,19,18,30,138.94,0.15,6.1000000000000005,0,0,0,6,22.900000000000002,97.84,960,0,0,0,0,23.3,123,1
2018,4,19,19,30,152.4,0.15,6,0,0,0,6,23,100,960,0,0,0,0,23,115,1.1
2018,4,19,20,30,163.17000000000002,0.15,6,0,0,0,7,22.8,100,960,0,0,0,0,22.8,109,1
2018,4,19,21,30,164.20000000000002,0.15,5.9,0,0,0,7,22.700000000000003,100,959,0,0,0,0,22.700000000000003,106,1
2018,4,19,22,30,154.28,0.15,5.800000000000001,0,0,0,7,22.5,100,959,0,0,0,0,22.5,108,1
2018,4,19,23,30,141.04,0.15,5.7,0,0,0,7,22.400000000000002,100,959,0,0,0,0,22.400000000000002,114,1.1
2018,4,20,0,30,126.9,0.15,5.6000000000000005,0,0,0,7,22.3,100,959,0,0,0,0,22.3,121,1.1
2018,4,20,1,30,112.44,0.15,5.5,0,0,0,7,22.3,100,960,0,0,0,0,22.3,131,1.1
2018,4,20,2,30,97.83,0.15,5.4,0,0,0,7,22.400000000000002,100,960,0,0,0,0,22.400000000000002,145,1.1
2018,4,20,3,30,83.03,0.15,5.300000000000001,44,202,68,3,22.8,100,961,42,0,7,42,22.8,161,1.4000000000000001
2018,4,20,4,30,68.41,0.15,5.2,90,570,300,0,22.900000000000002,95.95,961,90,570,0,300,23.6,182,1.8
2018,4,20,5,30,53.75,0.15,5.1000000000000005,110,735,545,0,22.900000000000002,90.92,961,110,735,0,545,24.5,203,2.1
2018,4,20,6,30,39.17,0.15,5,118,824,757,7,22.6,83.26,961,160,725,0,722,25.700000000000003,218,2.4000000000000004
2018,4,20,7,30,24.87,0.15,5,121,873,913,7,22.1,75.05,960,196,698,0,830,26.900000000000002,228,2.5
2018,4,20,8,30,12.01,0.15,5,120,898,999,3,21.700000000000003,68.87,960,476,152,0,625,27.900000000000002,236,2.5
2018,4,20,9,30,10.57,0.15,4.9,122,899,1005,3,21.3,64.39,959,497,169,0,664,28.700000000000003,242,2.5
2018,4,20,10,30,22.82,0.15,4.9,114,890,934,7,21,61.300000000000004,958,399,269,0,646,29.200000000000003,244,2.5
2018,4,20,11,30,37.02,0.15,4.9,104,862,792,6,20.700000000000003,59.49,957,358,85,0,426,29.400000000000002,245,2.4000000000000004
2018,4,20,12,30,51.58,0.15,4.800000000000001,117,740,577,6,20.400000000000002,59.97,957,277,76,0,324,29,244,2.3000000000000003
2018,4,20,13,30,66.23,0.15,4.800000000000001,93,607,338,1,20.3,63.120000000000005,957,93,607,0,338,28,242,1.9000000000000001
2018,4,20,14,30,80.87,0.15,4.800000000000001,51,306,100,7,21.400000000000002,74.47,958,33,1,0,33,26.3,242,1.2000000000000002
2018,4,20,15,30,95.63,0.15,4.800000000000001,0,0,0,0,22.5,87.26,958,0,0,0,0,24.8,242,1.1
2018,4,20,16,30,110.24000000000001,0.15,4.800000000000001,0,0,0,0,22.200000000000003,88.5,959,0,0,0,0,24.200000000000003,243,1.2000000000000002
2018,4,20,17,30,124.71000000000001,0.15,4.800000000000001,0,0,0,7,21.900000000000002,89.8,960,0,0,0,0,23.700000000000003,243,1.2000000000000002
2018,4,20,18,30,138.88,0.15,4.7,0,0,0,6,21.700000000000003,91.46000000000001,960,0,0,0,0,23.200000000000003,244,1.3
2018,4,20,19,30,152.27,0.15,4.7,0,0,0,7,21.6,92.89,960,0,0,0,0,22.8,244,1.3
2018,4,20,20,30,162.91,0.15,4.7,0,0,0,8,21.5,93.97,959,0,0,0,0,22.5,244,1.2000000000000002
2018,4,20,21,30,163.87,0.15,4.6000000000000005,0,0,0,0,21.400000000000002,95.36,959,0,0,0,0,22.200000000000003,244,1.2000000000000002
2018,4,20,22,30,154.05,0.15,4.6000000000000005,0,0,0,7,21.400000000000002,96.82000000000001,958,0,0,0,0,21.900000000000002,243,1.1
2018,4,20,23,30,140.87,0.15,4.6000000000000005,0,0,0,3,21.400000000000002,97.41,958,0,0,0,0,21.8,244,1.1
2018,4,21,0,30,126.77,0.15,4.7,0,0,0,0,21.400000000000002,98.13,958,0,0,0,0,21.700000000000003,246,1.2000000000000002
2018,4,21,1,30,112.34,0.15,4.7,0,0,0,0,21.400000000000002,98.28,958,0,0,0,0,21.700000000000003,249,1.3
2018,4,21,2,30,97.75,0.15,4.7,0,0,0,0,21.5,96.81,959,0,0,0,0,22,251,1.7000000000000002
2018,4,21,3,30,82.97,0.15,4.7,39,282,73,0,21.6,91.14,960,39,282,0,73,23.1,251,2.3000000000000003
2018,4,21,4,30,68.37,0.15,4.800000000000001,78,622,308,2,21.700000000000003,81.22,960,194,115,0,236,25.1,248,2.9000000000000004
2018,4,21,5,30,53.730000000000004,0.15,4.800000000000001,100,762,551,2,21.400000000000002,70.25,960,298,58,0,332,27.3,246,3.1
2018,4,21,6,30,39.17,0.15,4.800000000000001,104,852,765,0,21,61.25,960,104,852,0,765,29.200000000000003,245,3.1
2018,4,21,7,30,24.93,0.15,4.9,114,885,916,0,20.5,54.49,959,114,885,0,916,30.700000000000003,243,2.9000000000000004
2018,4,21,8,30,12.22,0.15,4.9,121,897,998,1,20.1,50.230000000000004,959,121,897,0,998,31.700000000000003,240,2.7
2018,4,21,9,30,10.870000000000001,0.15,5,134,880,998,7,19.8,48.63,958,304,543,0,838,32,235,2.6
2018,4,21,10,30,22.990000000000002,0.15,5,136,856,924,8,19.700000000000003,48.97,957,327,461,0,751,31.700000000000003,228,2.6
2018,4,21,11,30,37.14,0.15,5.1000000000000005,131,812,778,6,19.700000000000003,51.25,957,269,9,0,276,30.900000000000002,222,2.7
2018,4,21,12,30,51.660000000000004,0.15,5.2,118,736,575,6,19.8,55.51,957,244,37,0,267,29.700000000000003,220,2.6
2018,4,21,13,30,66.29,0.15,5.300000000000001,96,595,335,6,20.400000000000002,62.21,957,9,0,0,9,28.3,220,2.1
2018,4,21,14,30,80.91,0.15,5.300000000000001,53,285,98,9,21.900000000000002,75.22,958,3,0,0,3,26.6,218,1.4000000000000001
2018,4,21,15,30,95.66,0.15,5.300000000000001,0,0,0,9,22.8,84.95,958,0,0,0,0,25.5,217,1.2000000000000002
2018,4,21,16,30,110.24000000000001,0.15,5.4,0,0,0,6,23,89.2,959,0,0,0,0,24.900000000000002,214,1.2000000000000002
2018,4,21,17,30,124.69,0.15,5.4,0,0,0,9,23.200000000000003,93.02,959,0,0,0,0,24.400000000000002,212,1
2018,4,21,18,30,138.82,0.15,5.5,0,0,0,9,23.400000000000002,96.35000000000001,960,0,0,0,0,24,210,0.9
2018,4,21,19,30,152.13,0.15,5.5,0,0,0,6,23.5,98.85000000000001,959,0,0,0,0,23.700000000000003,211,0.7000000000000001
2018,4,21,20,30,162.64000000000001,0.15,5.4,0,0,0,6,23.400000000000002,100,959,0,0,0,0,23.400000000000002,218,0.6000000000000001
2018,4,21,21,30,163.54,0.15,5.4,0,0,0,6,23.1,100,958,0,0,0,0,23.1,228,0.6000000000000001
2018,4,21,22,30,153.82,0.15,5.2,0,0,0,7,22.900000000000002,100,958,0,0,0,0,22.900000000000002,233,0.7000000000000001
2018,4,21,23,30,140.71,0.15,5.1000000000000005,0,0,0,7,22.700000000000003,100,958,0,0,0,0,22.700000000000003,233,0.8
2018,4,22,0,30,126.65,0.16,5,0,0,0,7,22.5,100,958,0,0,0,0,22.5,232,1
2018,4,22,1,30,112.24000000000001,0.16,5,0,0,0,7,22.400000000000002,100,958,0,0,0,0,22.400000000000002,231,1.2000000000000002
2018,4,22,2,30,97.67,0.16,4.9,0,0,0,7,22.5,100,959,0,0,0,0,22.5,231,1.6
2018,4,22,3,30,82.92,0.16,4.9,33,368,79,5,22.900000000000002,98.39,959,33,0,7,33,23.200000000000003,231,2.3000000000000003
2018,4,22,4,30,68.33,0.16,4.9,62,693,318,8,23.3,91.69,960,50,0,0,50,24.700000000000003,232,2.7
2018,4,22,5,30,53.71,0.16,4.9,76,823,563,7,23.1,81.08,960,150,623,0,518,26.6,236,2.7
2018,4,22,6,30,39.18,0.16,4.9,85,887,772,0,22.400000000000002,70.03,960,85,887,0,772,28.400000000000002,241,2.6
2018,4,22,7,30,25,0.16,5,90,921,924,7,22.1,64.2,960,164,736,0,831,29.6,246,2.4000000000000004
2018,4,22,8,30,12.43,0.16,5.1000000000000005,93,936,1007,1,22,61.660000000000004,959,93,936,0,1007,30.200000000000003,251,2.3000000000000003
2018,4,22,9,30,11.17,0.16,5.1000000000000005,120,900,1003,0,22,61.38,958,120,900,0,1003,30.200000000000003,254,2.3000000000000003
2018,4,22,10,30,23.150000000000002,0.16,5.2,116,886,930,0,21.900000000000002,61.83,957,116,886,0,930,30,251,2.3000000000000003
2018,4,22,11,30,37.25,0.16,5.300000000000001,107,854,787,6,21.900000000000002,63.660000000000004,957,339,230,0,522,29.5,245,2.2
2018,4,22,12,30,51.74,0.16,5.300000000000001,110,756,578,6,22.1,67.39,957,42,0,0,42,28.700000000000003,239,2
2018,4,22,13,30,66.35,0.16,5.300000000000001,87,631,340,9,22.700000000000003,75.11,957,25,0,0,25,27.5,234,1.7000000000000002
2018,4,22,14,30,80.95,0.16,5.4,48,335,101,6,23.5,85.57000000000001,958,3,0,0,3,26.1,230,1.3
2018,4,22,15,30,95.68,0.16,5.4,0,0,0,6,24.1,94.25,958,0,0,0,0,25.1,228,1.1
2018,4,22,16,30,110.25,0.16,5.4,0,0,0,6,23.900000000000002,95.81,959,0,0,0,0,24.6,229,1.1
2018,4,22,17,30,124.66,0.16,5.4,0,0,0,6,23.700000000000003,96.71000000000001,960,0,0,0,0,24.3,230,1.1
2018,4,22,18,30,138.75,0.16,5.4,0,0,0,6,23.6,98.32000000000001,960,0,0,0,0,23.900000000000002,234,1
2018,4,22,19,30,152,0.16,5.4,0,0,0,6,23.5,99.48,960,0,0,0,0,23.6,239,0.9
2018,4,22,20,30,162.37,0.16,5.4,0,0,0,7,23.400000000000002,99.89,959,0,0,0,0,23.400000000000002,244,0.9
2018,4,22,21,30,163.21,0.16,5.4,0,0,0,7,23.1,100,959,0,0,0,0,23.1,248,0.8
2018,4,22,22,30,153.59,0.16,5.300000000000001,0,0,0,7,22.900000000000002,100,958,0,0,0,0,22.900000000000002,251,0.8
2018,4,22,23,30,140.55,0.16,5.300000000000001,0,0,0,7,22.700000000000003,100,958,0,0,0,0,22.700000000000003,252,0.8
2018,4,23,0,30,126.53,0.16,5.300000000000001,0,0,0,7,22.5,100,958,0,0,0,0,22.5,253,0.8
2018,4,23,1,30,112.14,0.16,5.2,0,0,0,8,22.400000000000002,100,958,0,0,0,0,22.400000000000002,254,0.8
2018,4,23,2,30,97.60000000000001,0.16,5.2,0,0,0,3,22.400000000000002,99.04,959,0,0,0,0,22.6,253,0.9
2018,4,23,3,30,82.86,0.16,5.1000000000000005,38,303,76,2,22.6,95.23,960,46,1,7,46,23.400000000000002,250,1.4000000000000001
2018,4,23,4,30,68.29,0.16,5,75,637,311,0,22.6,86.89,960,75,637,0,311,24.900000000000002,240,1.9000000000000001
2018,4,23,5,30,53.69,0.16,5,96,773,554,0,22.5,78.45,960,96,773,0,554,26.6,234,2.2
2018,4,23,6,30,39.2,0.16,5,108,844,762,0,22.400000000000002,72.08,960,108,844,0,762,27.900000000000002,239,2.2
2018,4,23,7,30,25.07,0.16,5,117,880,914,8,22.400000000000002,68.21000000000001,960,295,482,0,732,28.8,243,2.1
2018,4,23,8,30,12.64,0.16,5,122,895,996,7,22.400000000000002,65.89,959,435,112,0,544,29.400000000000002,242,1.8
2018,4,23,9,30,11.47,0.16,5,111,912,1005,9,22.400000000000002,65.13,958,79,0,0,79,29.6,235,1.5
2018,4,23,10,30,23.32,0.16,5,108,897,932,9,22.3,64.92,958,165,1,0,165,29.6,221,1.2000000000000002
2018,4,23,11,30,37.36,0.16,5,102,863,788,9,22.200000000000003,65.65,957,348,74,0,407,29.3,200,1.1
2018,4,23,12,30,51.82,0.16,5,91,800,586,6,22.3,67.96000000000001,957,21,0,0,21,28.8,178,1
2018,4,23,13,30,66.41,0.16,5.1000000000000005,75,676,346,6,23,74.18,958,23,0,0,23,28,164,1
2018,4,23,14,30,80.99,0.16,5.1000000000000005,44,387,104,6,23.5,82.78,958,3,0,0,3,26.700000000000003,157,0.9
2018,4,23,15,30,95.7,0.16,5.1000000000000005,0,0,0,6,24.5,93.82000000000001,959,0,0,0,0,25.6,154,0.8
2018,4,23,16,30,110.24000000000001,0.16,5,0,0,0,7,24.200000000000003,95.06,959,0,0,0,0,25,155,1
2018,4,23,17,30,124.63000000000001,0.16,5,0,0,0,7,23.900000000000002,96.58,960,0,0,0,0,24.5,158,1.1
2018,4,23,18,30,138.68,0.16,4.9,0,0,0,7,23.700000000000003,97.84,960,0,0,0,0,24.1,162,1.2000000000000002
2018,4,23,19,30,151.86,0.16,4.800000000000001,0,0,0,6,23.6,99.43,960,0,0,0,0,23.700000000000003,167,1.2000000000000002
2018,4,23,20,30,162.1,0.16,4.7,0,0,0,7,23.3,100,959,0,0,0,0,23.3,172,1.2000000000000002
2018,4,23,21,30,162.89000000000001,0.16,4.6000000000000005,0,0,0,7,22.900000000000002,100,959,0,0,0,0,22.900000000000002,175,1.3
2018,4,23,22,30,153.37,0.16,4.6000000000000005,0,0,0,7,22.700000000000003,100,958,0,0,0,0,22.700000000000003,178,1.2000000000000002
2018,4,23,23,30,140.38,0.16,4.6000000000000005,0,0,0,7,22.6,100,958,0,0,0,0,22.6,181,1.1
2018,4,24,0,30,126.4,0.16,4.6000000000000005,0,0,0,1,22.5,100,958,0,0,0,0,22.5,186,1
2018,4,24,1,30,112.05,0.16,4.6000000000000005,0,0,0,0,22.400000000000002,100,959,0,0,0,0,22.400000000000002,192,1
2018,4,24,2,30,97.52,0.16,4.5,0,0,0,7,22.5,100,960,0,0,0,0,22.5,197,1.2000000000000002
2018,4,24,3,30,82.81,0.16,4.5,36,344,79,8,23.1,98.21000000000001,961,56,14,7,57,23.400000000000002,202,2
2018,4,24,4,30,68.25,0.16,4.5,67,681,319,7,23.400000000000002,91.43,961,158,44,0,175,24.900000000000002,205,2.7
2018,4,24,5,30,53.68,0.16,4.5,81,816,564,8,23.3,82.32000000000001,961,202,400,0,439,26.6,207,2.8000000000000003
2018,4,24,6,30,39.22,0.16,4.5,92,878,772,1,23.200000000000003,74.94,961,92,878,0,772,28.1,207,2.5
2018,4,24,7,30,25.14,0.16,4.5,95,917,925,0,23.200000000000003,71,960,95,917,0,925,29,206,2.4000000000000004
2018,4,24,8,30,12.86,0.16,4.5,96,936,1009,2,23.1,68.17,960,505,241,0,741,29.6,203,2.3000000000000003
2018,4,24,9,30,11.77,0.16,4.6000000000000005,132,886,1000,3,23,66.49,959,485,110,0,593,29.900000000000002,197,2.2
2018,4,24,10,30,23.490000000000002,0.16,4.7,129,868,925,2,22.8,65.84,958,479,273,0,729,29.900000000000002,188,2.2
2018,4,24,11,30,37.47,0.16,4.800000000000001,122,829,780,1,22.700000000000003,66.36,958,122,829,0,780,29.6,178,2.2
2018,4,24,12,30,51.9,0.16,4.800000000000001,109,760,578,2,22.6,68.95,958,335,138,0,420,28.900000000000002,171,2.1
2018,4,24,13,30,66.47,0.16,4.9,87,628,338,0,23,75.02,959,87,628,0,338,27.8,166,1.7000000000000002
2018,4,24,14,30,81.03,0.16,4.9,49,328,100,0,23.700000000000003,84.84,959,49,328,0,100,26.5,163,1.3
2018,4,24,15,30,95.72,0.16,5,0,0,0,0,24.3,92.88,960,0,0,0,0,25.5,162,1.1
2018,4,24,16,30,110.24000000000001,0.16,5,0,0,0,0,23.900000000000002,93.91,960,0,0,0,0,25,161,1.1
2018,4,24,17,30,124.60000000000001,0.16,4.9,0,0,0,8,23.8,95.17,961,0,0,0,0,24.6,161,1.1
2018,4,24,18,30,138.61,0.16,4.9,0,0,0,7,23.6,97.2,960,0,0,0,0,24.1,159,1
2018,4,24,19,30,151.72,0.16,4.800000000000001,0,0,0,7,23.5,99.01,960,0,0,0,0,23.700000000000003,156,1
2018,4,24,20,30,161.83,0.16,4.7,0,0,0,7,23.3,100,959,0,0,0,0,23.3,154,1
2018,4,24,21,30,162.56,0.16,4.7,0,0,0,7,22.900000000000002,100,958,0,0,0,0,22.900000000000002,159,1.1
2018,4,24,22,30,153.14000000000001,0.16,4.7,0,0,0,5,22.700000000000003,100,958,0,0,0,0,22.700000000000003,168,1.3
2018,4,24,23,30,140.22,0.16,4.800000000000001,0,0,0,8,22.700000000000003,100,958,0,0,0,0,22.700000000000003,178,1.4000000000000001
2018,4,25,0,30,126.28,0.16,4.800000000000001,0,0,0,0,22.6,100,959,0,0,0,0,22.6,184,1.3
2018,4,25,1,30,111.95,0.16,4.800000000000001,0,0,0,1,22.6,100,959,0,0,0,0,22.6,188,1.2000000000000002
2018,4,25,2,30,97.45,0.16,4.800000000000001,0,0,0,0,22.700000000000003,100,960,0,0,0,0,22.700000000000003,192,1.5
2018,4,25,3,30,82.76,0.16,4.800000000000001,36,351,80,1,23.200000000000003,98.38,960,36,351,0,80,23.5,200,2.3000000000000003
2018,4,25,4,30,68.22,0.16,4.800000000000001,66,679,319,1,23.400000000000002,92.29,961,66,679,0,319,24.700000000000003,208,2.8000000000000003
2018,4,25,5,30,53.67,0.16,4.800000000000001,81,813,562,0,23.200000000000003,83.52,961,81,813,0,562,26.200000000000003,212,2.8000000000000003
2018,4,25,6,30,39.24,0.16,4.800000000000001,85,886,772,1,23,77.01,961,85,886,0,772,27.400000000000002,214,2.7
2018,4,25,7,30,25.22,0.16,4.7,87,925,924,1,22.900000000000002,72.73,960,87,925,0,924,28.3,215,2.5
2018,4,25,8,30,13.08,0.16,4.7,89,942,1007,7,22.900000000000002,69.8,959,173,736,0,890,29,215,2.3000000000000003
2018,4,25,9,30,12.07,0.16,4.800000000000001,99,928,1007,8,22.900000000000002,68.49,959,416,228,0,639,29.3,210,2.1
2018,4,25,10,30,23.66,0.16,4.800000000000001,94,918,935,8,22.700000000000003,67.32000000000001,958,270,6,0,276,29.400000000000002,203,1.9000000000000001
2018,4,25,11,30,37.58,0.16,4.800000000000001,87,890,792,7,22.5,67.3,957,344,97,0,421,29.200000000000003,193,1.8
2018,4,25,12,30,51.980000000000004,0.16,4.800000000000001,96,789,581,7,22.400000000000002,68.27,957,244,308,0,434,28.8,184,1.8
2018,4,25,13,30,66.52,0.16,4.800000000000001,77,667,342,7,22.400000000000002,72.26,958,173,201,0,253,27.900000000000002,176,1.5
2018,4,25,14,30,81.06,0.16,4.800000000000001,44,376,103,7,23.3,82.76,958,11,0,0,11,26.5,171,1.1
2018,4,25,15,30,95.73,0.16,4.9,0,0,0,7,24,92.62,959,0,0,0,0,25.3,167,1.1
2018,4,25,16,30,110.24000000000001,0.16,5,0,0,0,8,23.5,92.73,960,0,0,0,0,24.8,165,1.5
2018,4,25,17,30,124.57000000000001,0.16,5,0,0,0,7,23.3,93.62,960,0,0,0,0,24.400000000000002,166,1.8
2018,4,25,18,30,138.54,0.16,5.1000000000000005,0,0,0,7,23.200000000000003,95.48,960,0,0,0,0,24,169,2.2
2018,4,25,19,30,151.57,0.16,5.1000000000000005,0,0,0,6,23.3,98.09,960,0,0,0,0,23.6,172,2.4000000000000004
2018,4,25,20,30,161.56,0.16,5.1000000000000005,0,0,0,9,23.3,100,959,0,0,0,0,23.3,176,2.3000000000000003
2018,4,25,21,30,162.25,0.16,5.1000000000000005,0,0,0,9,23.1,100,959,0,0,0,0,23.1,181,2
2018,4,25,22,30,152.92000000000002,0.16,5.1000000000000005,0,0,0,6,23,100,959,0,0,0,0,23,186,1.7000000000000002
2018,4,25,23,30,140.07,0.16,5.2,0,0,0,6,22.900000000000002,100,959,0,0,0,0,22.900000000000002,192,1.6
2018,4,26,0,30,126.17,0.16,5.2,0,0,0,6,22.900000000000002,100,959,0,0,0,0,22.900000000000002,197,1.8
2018,4,26,1,30,111.86,0.16,5.300000000000001,0,0,0,6,22.8,100,960,0,0,0,0,22.8,203,2
2018,4,26,2,30,97.38,0.16,5.2,0,0,0,7,22.900000000000002,100,960,0,0,0,0,22.900000000000002,209,2.4000000000000004
2018,4,26,3,30,82.71000000000001,0.16,5.2,34,371,81,7,23.3,99.8,961,8,0,7,8,23.3,213,2.9000000000000004
2018,4,26,4,30,68.19,0.16,5.1000000000000005,62,695,320,7,23.400000000000002,96.16,961,39,0,0,39,24.1,215,3.6
2018,4,26,5,30,53.660000000000004,0.16,5.1000000000000005,76,822,563,3,23.3,90.34,961,275,299,0,452,25,213,4.1000000000000005
2018,4,26,6,30,39.26,0.16,5.1000000000000005,96,863,765,2,23,83.36,960,375,307,0,613,26,209,4.1000000000000005
2018,4,26,7,30,25.3,0.16,5.1000000000000005,102,901,916,0,22.6,77.4,960,102,901,0,916,26.900000000000002,205,4
2018,4,26,8,30,13.3,0.16,5.1000000000000005,103,919,998,3,22.400000000000002,74.33,959,440,18,0,458,27.400000000000002,200,3.8000000000000003
2018,4,26,9,30,12.36,0.16,5.1000000000000005,105,917,1001,2,22.3,72.51,959,506,221,0,722,27.700000000000003,196,3.6
2018,4,26,10,30,23.830000000000002,0.16,5.1000000000000005,104,901,928,3,22.200000000000003,71.41,958,390,7,0,396,27.8,192,3.5
2018,4,26,11,30,37.69,0.16,5.1000000000000005,99,867,784,3,22,71.99,958,378,65,0,430,27.5,190,3.3000000000000003
2018,4,26,12,30,52.06,0.16,5.1000000000000005,89,804,583,7,22,74.54,958,268,205,0,394,26.900000000000002,187,3
2018,4,26,13,30,66.58,0.16,5.1000000000000005,73,679,343,7,22.200000000000003,79.37,958,179,115,0,225,26,183,2.4000000000000004
2018,4,26,14,30,81.10000000000001,0.16,5.1000000000000005,43,387,103,7,22.900000000000002,89.13,959,3,0,0,3,24.8,177,1.6
2018,4,26,15,30,95.75,0.16,5.1000000000000005,0,0,0,7,23.1,94.75,960,0,0,0,0,24,172,1.4000000000000001
2018,4,26,16,30,110.23,0.16,5.1000000000000005,0,0,0,7,22.900000000000002,95.44,960,0,0,0,0,23.700000000000003,169,1.5
2018,4,26,17,30,124.53,0.16,5.1000000000000005,0,0,0,7,22.8,96.99000000000001,961,0,0,0,0,23.3,169,1.6
2018,4,26,18,30,138.46,0.16,5.1000000000000005,0,0,0,7,22.700000000000003,98.04,961,0,0,0,0,23,173,1.8
2018,4,26,19,30,151.43,0.16,5.1000000000000005,0,0,0,7,22.6,99.16,960,0,0,0,0,22.700000000000003,179,2
2018,4,26,20,30,161.29,0.16,5.1000000000000005,0,0,0,8,22.400000000000002,100,960,0,0,0,0,22.400000000000002,182,2.3000000000000003
2018,4,26,21,30,161.93,0.16,5,0,0,0,7,22.3,100,959,0,0,0,0,22.3,184,2.5
2018,4,26,22,30,152.69,0.16,5,0,0,0,7,22.200000000000003,100,959,0,0,0,0,22.200000000000003,186,2.5
2018,4,26,23,30,139.91,0.16,4.9,0,0,0,7,22.1,100,959,0,0,0,0,22.1,188,2.4000000000000004
2018,4,27,0,30,126.05,0.16,4.9,0,0,0,7,22.1,100,959,0,0,0,0,22.1,193,2.4000000000000004
2018,4,27,1,30,111.77,0.16,4.800000000000001,0,0,0,7,22,100,959,0,0,0,0,22,198,2.5
2018,4,27,2,30,97.31,0.16,4.7,0,0,0,7,22.1,100,960,0,0,0,0,22.1,203,2.6
2018,4,27,3,30,82.66,0.16,4.6000000000000005,38,330,80,1,22.400000000000002,96.77,960,38,330,0,80,22.900000000000002,207,3.1
2018,4,27,4,30,68.16,0.16,4.6000000000000005,71,665,318,2,22.200000000000003,88.3,961,188,157,0,247,24.3,208,3.7
2018,4,27,5,30,53.660000000000004,0.16,4.6000000000000005,85,804,561,3,21.700000000000003,77.25,961,291,258,0,444,26,209,4
2018,4,27,6,30,39.29,0.16,4.6000000000000005,91,878,770,3,21.1,67.4,961,373,95,0,446,27.700000000000003,210,4.1000000000000005
2018,4,27,7,30,25.39,0.16,4.7,95,913,921,3,20.3,59.77,961,232,0,0,232,28.900000000000002,210,4.1000000000000005
2018,4,27,8,30,13.530000000000001,0.16,4.7,98,929,1001,3,19.6,55.15,960,449,23,0,471,29.6,211,4.1000000000000005
2018,4,27,9,30,12.65,0.16,4.800000000000001,105,920,1002,7,19.3,52.78,959,227,662,0,873,30,210,4
2018,4,27,10,30,23.990000000000002,0.16,4.800000000000001,104,903,929,7,19.200000000000003,52.43,959,249,588,0,786,30,209,3.9000000000000004
2018,4,27,11,30,37.800000000000004,0.16,4.9,99,866,783,3,19.200000000000003,53.02,958,338,9,0,345,29.8,208,3.7
2018,4,27,12,30,52.14,0.16,5,117,734,568,0,19.3,55.65,958,117,734,0,568,29.1,207,3.3000000000000003
2018,4,27,13,30,66.63,0.16,5.1000000000000005,98,581,328,7,19.900000000000002,62.21,958,186,83,7,219,27.8,205,2.4000000000000004
2018,4,27,14,30,81.13,0.16,5.1000000000000005,55,257,94,7,21.700000000000003,76.68,959,64,9,7,65,26.1,203,1.5
2018,4,27,15,30,95.76,0.16,5.2,0,0,0,7,22.400000000000002,85.7,960,0,0,0,0,25,200,1.3
2018,4,27,16,30,110.22,0.16,5.2,0,0,0,7,22.5,88.54,960,0,0,0,0,24.5,198,1.3
2018,4,27,17,30,124.5,0.16,5.2,0,0,0,7,22.6,91.74,961,0,0,0,0,24,197,1.3
2018,4,27,18,30,138.38,0.16,5.2,0,0,0,7,22.6,94.41,961,0,0,0,0,23.6,196,1.3
2018,4,27,19,30,151.28,0.16,5.2,0,0,0,7,22.6,96.58,961,0,0,0,0,23.200000000000003,195,1.3
2018,4,27,20,30,161.02,0.16,5.2,0,0,0,7,22.6,98.76,960,0,0,0,0,22.8,196,1.3
2018,4,27,21,30,161.63,0.16,5.1000000000000005,0,0,0,7,22.5,100,960,0,0,0,0,22.5,199,1.4000000000000001
2018,4,27,22,30,152.47,0.16,5,0,0,0,7,22.3,100,959,0,0,0,0,22.3,203,1.6
2018,4,27,23,30,139.75,0.16,4.9,0,0,0,7,22.1,100,959,0,0,0,0,22.1,206,1.7000000000000002
2018,4,28,0,30,125.93,0.16,4.800000000000001,0,0,0,7,22.1,100,959,0,0,0,0,22.1,208,1.7000000000000002
2018,4,28,1,30,111.69,0.16,4.800000000000001,0,0,0,8,22,100,960,0,0,0,0,22,210,1.7000000000000002
2018,4,28,2,30,97.25,0.16,4.800000000000001,0,0,0,0,22.3,100,960,0,0,0,0,22.3,213,2
2018,4,28,3,30,82.62,0.16,4.9,34,386,84,3,22.8,96.09,961,56,4,7,56,23.5,211,2.9000000000000004
2018,4,28,4,30,68.14,0.16,5,61,699,322,1,23.400000000000002,90.35000000000001,962,61,699,0,322,25.1,206,3.7
2018,4,28,5,30,53.660000000000004,0.16,5.1000000000000005,75,823,563,0,23.400000000000002,82.4,962,75,823,0,563,26.6,203,3.9000000000000004
2018,4,28,6,30,39.33,0.16,5.2,88,876,766,7,23,75.45,962,211,598,0,673,27.700000000000003,201,3.9000000000000004
2018,4,28,7,30,25.48,0.16,5.300000000000001,93,911,915,8,22.6,70.47,961,218,616,0,774,28.5,200,3.9000000000000004
2018,4,28,8,30,13.76,0.16,5.300000000000001,94,929,996,3,22.3,67.65,960,491,189,0,675,28.900000000000002,200,4.1000000000000005
2018,4,28,9,30,12.94,0.16,5.300000000000001,95,928,999,7,22,65.68,959,290,508,0,786,29.1,200,4.3
2018,4,28,10,30,24.16,0.16,5.300000000000001,90,917,927,0,21.8,65.26,959,90,917,0,927,29,199,4.3
2018,4,28,11,30,37.910000000000004,0.16,5.300000000000001,82,891,785,7,21.700000000000003,65.98,959,242,516,0,649,28.700000000000003,199,4.2
2018,4,28,12,30,52.21,0.16,5.300000000000001,72,838,586,2,21.700000000000003,68.08,959,321,125,0,398,28.1,197,3.9000000000000004
2018,4,28,13,30,66.68,0.16,5.300000000000001,58,732,348,7,21.700000000000003,73.01,959,134,373,0,282,27,193,3.1
2018,4,28,14,30,81.16,0.16,5.300000000000001,35,469,107,8,22.400000000000002,82.48,960,59,13,7,61,25.6,190,2.2
2018,4,28,15,30,95.77,0.16,5.300000000000001,0,0,0,6,22.700000000000003,89.41,961,0,0,0,0,24.6,187,2
2018,4,28,16,30,110.21000000000001,0.16,5.300000000000001,0,0,0,6,22.700000000000003,91.81,961,0,0,0,0,24.1,186,2.3000000000000003
2018,4,28,17,30,124.45,0.16,5.300000000000001,0,0,0,6,22.700000000000003,94.35000000000001,962,0,0,0,0,23.700000000000003,186,2.4000000000000004
2018,4,28,18,30,138.3,0.16,5.300000000000001,0,0,0,7,22.8,97.71000000000001,962,0,0,0,0,23.200000000000003,187,2.4000000000000004
2018,4,28,19,30,151.13,0.16,5.2,0,0,0,4,22.8,100,962,0,0,0,0,22.8,189,2.3000000000000003
2018,4,28,20,30,160.76,0.16,5.2,0,0,0,7,22.5,100,962,0,0,0,0,22.5,193,2.2
2018,4,28,21,30,161.32,0.16,5.1000000000000005,0,0,0,4,22.3,100,961,0,0,0,0,22.3,198,2.1
2018,4,28,22,30,152.26,0.16,5.1000000000000005,0,0,0,4,22.200000000000003,100,960,0,0,0,0,22.200000000000003,203,2.1
2018,4,28,23,30,139.6,0.16,5.1000000000000005,0,0,0,7,22.1,100,960,0,0,0,0,22.1,208,2.3000000000000003
2018,4,29,0,30,125.82000000000001,0.16,5.1000000000000005,0,0,0,4,22,100,960,0,0,0,0,22,212,2.4000000000000004
2018,4,29,1,30,111.60000000000001,0.16,5.1000000000000005,0,0,0,4,21.900000000000002,100,961,0,0,0,0,21.900000000000002,214,2.3000000000000003
2018,4,29,2,30,97.19,0.16,5.1000000000000005,0,0,0,0,22.1,100,961,0,0,0,0,22.1,219,2.3000000000000003
2018,4,29,3,30,82.57000000000001,0.16,5,31,428,86,3,22.400000000000002,96.54,962,48,1,7,49,23,222,2.9000000000000004
2018,4,29,4,30,68.12,0.16,4.9,54,730,326,1,22.700000000000003,88.67,962,54,730,0,326,24.700000000000003,219,3.6
2018,4,29,5,30,53.660000000000004,0.16,4.800000000000001,65,847,567,0,22.5,79.15,962,65,847,0,567,26.400000000000002,216,4
2018,4,29,6,30,39.36,0.16,4.800000000000001,71,906,771,7,22,70.85000000000001,962,144,715,0,697,27.8,214,4.1000000000000005
2018,4,29,7,30,25.57,0.16,4.800000000000001,75,938,920,7,21.6,65.32000000000001,961,283,496,0,730,28.8,213,4.1000000000000005
2018,4,29,8,30,13.99,0.16,4.800000000000001,78,951,1000,8,21.3,61.49,960,341,428,0,757,29.5,211,4.1000000000000005
2018,4,29,9,30,13.22,0.16,4.800000000000001,84,945,1004,7,21.1,59.620000000000005,959,193,696,0,871,29.8,210,4.2
2018,4,29,10,30,24.330000000000002,0.16,4.800000000000001,83,931,931,3,21,59.39,959,451,109,0,550,29.8,209,4.2
2018,4,29,11,30,38.02,0.16,4.9,79,898,787,7,21.1,60.99,958,191,620,0,679,29.400000000000002,209,4.2
2018,4,29,12,30,52.29,0.16,4.9,97,782,575,7,21.200000000000003,63.870000000000005,958,96,1,0,96,28.700000000000003,208,3.9000000000000004
2018,4,29,13,30,66.73,0.16,5,81,644,336,6,21.3,69.12,959,118,9,0,122,27.5,207,3.1
2018,4,29,14,30,81.19,0.16,5,47,336,98,6,22.1,79.4,960,3,0,0,3,25.900000000000002,204,2
2018,4,29,15,30,95.78,0.16,5,0,0,0,6,22.8,89.21000000000001,960,0,0,0,0,24.700000000000003,200,1.5
2018,4,29,16,30,110.19,0.16,5,0,0,0,6,22.8,92.36,961,0,0,0,0,24.1,196,1.5
2018,4,29,17,30,124.41,0.16,5.1000000000000005,0,0,0,6,22.700000000000003,94.15,961,0,0,0,0,23.700000000000003,193,1.6
2018,4,29,18,30,138.21,0.16,5,0,0,0,7,22.6,95.84,961,0,0,0,0,23.3,192,1.8
2018,4,29,19,30,150.97,0.16,5,0,0,0,7,22.5,97.61,961,0,0,0,0,22.900000000000002,194,1.9000000000000001
2018,4,29,20,30,160.49,0.16,5,0,0,0,7,22.400000000000002,98.97,960,0,0,0,0,22.6,200,2
2018,4,29,21,30,161.02,0.16,5,0,0,0,7,22.3,100,959,0,0,0,0,22.3,208,2.1
2018,4,29,22,30,152.04,0.16,5.1000000000000005,0,0,0,4,22.1,100,959,0,0,0,0,22.1,216,2
2018,4,29,23,30,139.45000000000002,0.16,5.1000000000000005,0,0,0,4,22.200000000000003,100,959,0,0,0,0,22.200000000000003,224,2
2018,4,30,0,30,125.71000000000001,0.16,5.1000000000000005,0,0,0,4,22.3,100,959,0,0,0,0,22.3,229,2.2
2018,4,30,1,30,111.52,0.16,5.2,0,0,0,4,22.400000000000002,100,960,0,0,0,0,22.400000000000002,233,2.4000000000000004
2018,4,30,2,30,97.13,0.16,5.2,0,0,0,8,22.5,100,961,0,0,0,0,22.5,238,2.5
2018,4,30,3,30,82.53,0.16,5.1000000000000005,36,364,83,5,22.8,98.78,961,39,0,7,39,23,245,2.7
2018,4,30,4,30,68.1,0.16,5.1000000000000005,62,694,321,2,23,95.35000000000001,962,81,0,0,81,23.8,247,3.2
2018,4,30,5,30,53.660000000000004,0.16,5.1000000000000005,74,825,563,1,22.900000000000002,88.14,962,74,825,0,563,25,245,3.7
2018,4,30,6,30,39.4,0.16,5,88,878,766,1,22.400000000000002,79.71000000000001,961,88,878,0,766,26.200000000000003,243,3.9000000000000004
2018,4,30,7,30,25.67,0.16,5,91,915,915,0,22,72.99,961,91,915,0,915,27.3,243,4
2018,4,30,8,30,14.22,0.16,5,91,933,995,0,21.900000000000002,69.29,960,91,933,0,995,28,242,4
2018,4,30,9,30,13.51,0.16,5,89,937,999,8,21.8,66.85,959,329,415,0,733,28.6,240,3.9000000000000004
2018,4,30,10,30,24.490000000000002,0.16,5,84,927,927,2,21.900000000000002,65.91,958,462,173,0,619,28.900000000000002,238,3.8000000000000003
2018,4,30,11,30,38.12,0.16,5.1000000000000005,77,900,784,1,21.900000000000002,66,958,77,900,0,784,28.900000000000002,234,3.6
2018,4,30,12,30,52.36,0.16,5.1000000000000005,68,846,585,3,21.900000000000002,67.65,958,313,87,0,365,28.5,230,3.1
2018,4,30,13,30,66.78,0.16,5.1000000000000005,56,742,348,7,22.400000000000002,74.01,958,143,308,0,265,27.400000000000002,226,2.2
2018,4,30,14,30,81.22,0.16,5.1000000000000005,34,481,107,7,23.5,85.49,958,35,1,0,35,26.1,221,1.5
2018,4,30,15,30,95.79,0.16,5.2,0,0,0,7,23.5,90.49,959,0,0,0,0,25.200000000000003,215,1.5
2018,4,30,16,30,110.17,0.16,5.2,0,0,0,0,23.400000000000002,91.94,960,0,0,0,0,24.8,209,1.9000000000000001
2018,4,30,17,30,124.37,0.16,5.2,0,0,0,0,23.3,93.68,960,0,0,0,0,24.400000000000002,204,2.4000000000000004
2018,4,30,18,30,138.13,0.16,5.2,0,0,0,1,23.3,96.65,961,0,0,0,0,23.900000000000002,201,2.6
2018,4,30,19,30,150.82,0.16,5.2,0,0,0,7,23.3,99.07000000000001,960,0,0,0,0,23.5,200,2.5
2018,4,30,20,30,160.23,0.16,5.2,0,0,0,7,23.1,100,960,0,0,0,0,23.1,200,2.4000000000000004
2018,4,30,21,30,160.72,0.16,5.2,0,0,0,7,22.900000000000002,100,959,0,0,0,0,22.900000000000002,201,2.3000000000000003
2018,4,30,22,30,151.83,0.16,5.1000000000000005,0,0,0,7,22.8,100,959,0,0,0,0,22.8,201,2.2
2018,4,30,23,30,139.3,0.16,5,0,0,0,7,22.700000000000003,100,958,0,0,0,0,22.700000000000003,203,2.4000000000000004
2018,5,1,0,30,125.60000000000001,0.16,5,0,0,0,0,22.700000000000003,100,959,0,0,0,0,22.700000000000003,205,2.5
2018,5,1,1,30,111.44,0.16,5,0,0,0,0,22.5,100,959,0,0,0,0,22.5,210,2.4000000000000004
2018,5,1,2,30,97.07000000000001,0.16,5.1000000000000005,0,0,0,0,22.6,100,960,0,0,0,0,22.6,219,2.3000000000000003
2018,5,1,3,30,82.5,0.16,5.1000000000000005,32,419,87,3,23,99.23,961,49,1,7,50,23.1,228,2.8000000000000003
2018,5,1,4,30,68.08,0.16,5.1000000000000005,58,713,324,3,23.3,95.25,962,82,0,0,82,24.1,230,3.5
2018,5,1,5,30,53.67,0.16,5,69,835,564,3,23.3,88.44,962,237,8,0,242,25.3,225,4.1000000000000005
2018,5,1,6,30,39.44,0.16,5,77,896,768,3,22.900000000000002,81.09,962,328,10,0,336,26.400000000000002,222,4.3
2018,5,1,7,30,25.77,0.16,4.9,82,927,917,3,22.6,75.71000000000001,962,463,207,0,649,27.3,222,4.3
2018,5,1,8,30,14.450000000000001,0.16,4.9,84,942,996,3,22.5,72.33,961,461,82,0,540,27.900000000000002,222,4.2
2018,5,1,9,30,13.780000000000001,0.16,4.9,84,942,1000,2,22.3,70.38,960,461,350,0,801,28.200000000000003,223,4.1000000000000005
2018,5,1,10,30,24.650000000000002,0.16,4.800000000000001,82,930,928,7,22.200000000000003,69.79,960,231,624,0,798,28.200000000000003,224,3.9000000000000004
2018,5,1,11,30,38.230000000000004,0.16,4.800000000000001,76,902,785,1,22,70.06,959,76,902,0,785,28,225,3.7
2018,5,1,12,30,52.43,0.16,4.800000000000001,91,795,575,1,21.900000000000002,72.07000000000001,959,91,795,0,575,27.400000000000002,225,3.2
2018,5,1,13,30,66.83,0.16,4.800000000000001,72,680,339,2,22.1,76.91,960,154,6,0,157,26.5,223,2.2
2018,5,1,14,30,81.24,0.16,4.800000000000001,41,398,102,3,23.200000000000003,89.06,960,25,0,0,25,25.1,218,1.3
2018,5,1,15,30,95.79,0.16,4.800000000000001,0,0,0,6,23.400000000000002,95.14,961,0,0,0,0,24.200000000000003,212,1
2018,5,1,16,30,110.16,0.16,4.800000000000001,0,0,0,6,23.200000000000003,97.19,961,0,0,0,0,23.700000000000003,206,1
2018,5,1,17,30,124.32000000000001,0.16,4.9,0,0,0,6,23.1,98.2,962,0,0,0,0,23.400000000000002,201,1
2018,5,1,18,30,138.04,0.16,4.9,0,0,0,8,22.900000000000002,99.67,962,0,0,0,0,23,198,1.1
2018,5,1,19,30,150.66,0.16,5,0,0,0,7,22.700000000000003,100,961,0,0,0,0,22.700000000000003,196,1.2000000000000002
2018,5,1,20,30,159.97,0.16,5,0,0,0,8,22.5,100,961,0,0,0,0,22.5,195,1.3
2018,5,1,21,30,160.43,0.16,5,0,0,0,1,22.3,100,960,0,0,0,0,22.3,195,1.4000000000000001
2018,5,1,22,30,151.62,0.16,5.1000000000000005,0,0,0,1,22.200000000000003,100,960,0,0,0,0,22.200000000000003,197,1.3
2018,5,1,23,30,139.15,0.16,5.1000000000000005,0,0,0,7,22.1,100,960,0,0,0,0,22.1,200,1.2000000000000002
2018,5,2,0,30,125.49000000000001,0.16,5.1000000000000005,0,0,0,7,22.1,100,960,0,0,0,0,22.1,205,1.1
2018,5,2,1,30,111.36,0.16,5.1000000000000005,0,0,0,7,22,100,961,0,0,0,0,22,210,1.2000000000000002
2018,5,2,2,30,97.01,0.16,5.1000000000000005,0,0,0,7,22.200000000000003,100,961,0,0,0,0,22.200000000000003,214,1.6
2018,5,2,3,30,82.46000000000001,0.16,5.1000000000000005,30,444,88,0,22.700000000000003,99.51,962,30,444,0,88,22.8,218,2.4000000000000004
2018,5,2,4,30,68.07000000000001,0.16,5,53,732,326,8,22.900000000000002,94.88,963,137,24,0,146,23.8,217,3.1
2018,5,2,5,30,53.68,0.16,5,64,844,564,8,22.400000000000002,86.26,963,256,177,0,361,24.900000000000002,217,3.5
2018,5,2,6,30,39.49,0.16,5,73,900,767,8,21.6,77.22,963,329,135,0,434,25.900000000000002,220,3.7
2018,5,2,7,30,25.88,0.16,5,78,930,915,3,21.400000000000002,72.29,962,402,17,0,418,26.8,222,3.8000000000000003
2018,5,2,8,30,14.68,0.16,5,81,944,994,8,21.400000000000002,70.31,961,414,178,0,586,27.3,224,4
2018,5,2,9,30,14.06,0.16,5,82,943,997,1,21.400000000000002,69.04,960,82,943,0,997,27.6,225,4
2018,5,2,10,30,24.82,0.16,5,79,931,924,3,21.400000000000002,69.48,960,294,1,0,295,27.5,226,3.8000000000000003
2018,5,2,11,30,38.33,0.16,5,74,902,782,3,21.5,71.28,959,259,1,0,260,27.1,224,3.5
2018,5,2,12,30,52.5,0.16,5.1000000000000005,67,846,582,8,21.5,73.78,959,255,241,0,401,26.6,221,3.1
2018,5,2,13,30,66.87,0.16,5.2,55,739,346,7,21.700000000000003,78.82000000000001,959,135,15,0,141,25.700000000000003,216,2.2
2018,5,2,14,30,81.26,0.16,5.300000000000001,33,480,106,7,22.5,88.25,960,10,0,0,10,24.6,207,1.5
2018,5,2,15,30,95.79,0.16,5.4,0,0,0,7,22.900000000000002,94.44,960,0,0,0,0,23.8,200,1.5
2018,5,2,16,30,110.14,0.16,5.5,0,0,0,7,22.8,96.22,961,0,0,0,0,23.400000000000002,197,2.1
2018,5,2,17,30,124.27,0.16,5.5,0,0,0,6,22.700000000000003,97.02,961,0,0,0,0,23.200000000000003,197,2.7
2018,5,2,18,30,137.95000000000002,0.16,5.5,0,0,0,7,22.700000000000003,99.37,962,0,0,0,0,22.8,199,2.9000000000000004
2018,5,2,19,30,150.5,0.16,5.4,0,0,0,7,22.5,100,962,0,0,0,0,22.5,203,2.7
2018,5,2,20,30,159.71,0.16,5.300000000000001,0,0,0,7,22.1,100,961,0,0,0,0,22.1,208,2.4000000000000004
2018,5,2,21,30,160.14000000000001,0.16,5.2,0,0,0,6,21.900000000000002,100,961,0,0,0,0,21.900000000000002,212,2.2
2018,5,2,22,30,151.41,0.16,5.1000000000000005,0,0,0,7,21.6,100,960,0,0,0,0,21.6,215,1.9000000000000001
2018,5,2,23,30,139.01,0.16,5,0,0,0,7,21.3,100,960,0,0,0,0,21.3,218,1.7000000000000002
2018,5,3,0,30,125.39,0.15,4.9,0,0,0,0,21.1,100,960,0,0,0,0,21.1,219,1.5
2018,5,3,1,30,111.28,0.15,4.800000000000001,0,0,0,0,20.8,100,960,0,0,0,0,20.8,218,1.2000000000000002
2018,5,3,2,30,96.96000000000001,0.15,4.800000000000001,0,0,0,0,20.900000000000002,100,961,0,0,0,0,20.900000000000002,220,1.3
2018,5,3,3,30,82.43,0.15,4.800000000000001,32,423,88,1,21.400000000000002,97.02,961,32,423,0,88,21.900000000000002,222,2.1
2018,5,3,4,30,68.06,0.15,4.800000000000001,57,716,325,0,21.700000000000003,89.10000000000001,962,57,716,0,325,23.6,220,3.1
2018,5,3,5,30,53.7,0.15,4.7,68,838,564,0,21.400000000000002,77.49,962,68,838,0,564,25.6,219,3.6
2018,5,3,6,30,39.54,0.15,4.7,79,891,767,0,20.6,66.21000000000001,962,79,891,0,767,27.5,219,3.7
2018,5,3,7,30,25.990000000000002,0.15,4.6000000000000005,84,924,915,0,20.3,59.4,961,84,924,0,915,29,220,3.8000000000000003
2018,5,3,8,30,14.91,0.15,4.6000000000000005,88,938,994,1,20.3,55.96,960,88,938,0,994,30,222,3.9000000000000004
2018,5,3,9,30,14.33,0.15,4.6000000000000005,91,934,996,1,20.3,54.620000000000005,959,91,934,0,996,30.5,224,3.9000000000000004
2018,5,3,10,30,24.98,0.15,4.6000000000000005,88,921,923,2,20.3,54.28,958,465,240,0,682,30.6,225,3.8000000000000003
2018,5,3,11,30,38.44,0.15,4.6000000000000005,82,891,780,3,20.3,54.99,957,373,98,0,449,30.3,225,3.6
2018,5,3,12,30,52.57,0.15,4.6000000000000005,74,834,581,2,20.200000000000003,57.160000000000004,957,316,163,0,416,29.6,223,3.4000000000000004
2018,5,3,13,30,66.91,0.15,4.6000000000000005,60,724,344,2,20.3,61.870000000000005,958,199,48,0,218,28.3,218,2.7
2018,5,3,14,30,81.29,0.15,4.7,36,454,104,2,21.400000000000002,74.52,958,18,0,0,18,26.3,211,1.8
2018,5,3,15,30,95.79,0.15,4.800000000000001,0,0,0,3,22.3,85.42,959,0,0,0,0,24.900000000000002,204,1.6
2018,5,3,16,30,110.11,0.15,4.9,0,0,0,3,22.200000000000003,87.97,960,0,0,0,0,24.3,200,1.8
2018,5,3,17,30,124.22,0.15,5,0,0,0,3,22.200000000000003,91.24,961,0,0,0,0,23.700000000000003,198,1.8
2018,5,3,18,30,137.86,0.15,5,0,0,0,0,22.3,95.13,961,0,0,0,0,23.1,196,1.8
2018,5,3,19,30,150.35,0.15,5.1000000000000005,0,0,0,3,22.3,97.85000000000001,961,0,0,0,0,22.700000000000003,195,1.7000000000000002
2018,5,3,20,30,159.45000000000002,0.15,5.1000000000000005,0,0,0,3,22.3,100,960,0,0,0,0,22.3,195,1.7000000000000002
2018,5,3,21,30,159.86,0.15,5.1000000000000005,0,0,0,8,22.1,100,960,0,0,0,0,22.1,197,1.8
2018,5,3,22,30,151.21,0.15,5.1000000000000005,0,0,0,5,21.900000000000002,100,959,0,0,0,0,21.900000000000002,200,1.8
2018,5,3,23,30,138.87,0.15,5.1000000000000005,0,0,0,4,21.700000000000003,100,959,0,0,0,0,21.700000000000003,202,1.8
2018,5,4,0,30,125.29,0.15,5,0,0,0,5,21.6,100,959,0,0,0,0,21.6,205,1.8
2018,5,4,1,30,111.21000000000001,0.15,5,0,0,0,8,21.400000000000002,100,959,0,0,0,0,21.400000000000002,207,1.6
2018,5,4,2,30,96.91,0.15,4.9,0,0,0,7,21.6,100,960,0,0,0,0,21.6,212,1.8
2018,5,4,3,30,82.4,0.15,4.9,33,408,87,7,22,95.24,961,56,15,7,58,22.8,217,2.6
2018,5,4,4,30,68.05,0.15,4.9,58,709,323,3,22,83.93,961,180,185,0,249,24.900000000000002,218,3.2
2018,5,4,5,30,53.71,0.15,5,71,829,561,3,21.5,72.25,961,282,53,0,314,26.900000000000002,218,3.3000000000000003
2018,5,4,6,30,39.59,0.15,5,79,888,763,3,21.200000000000003,65.2,961,400,174,0,534,28.400000000000002,218,3.3000000000000003
2018,5,4,7,30,26.1,0.15,5.1000000000000005,85,918,909,1,21.200000000000003,61.370000000000005,961,85,918,0,909,29.400000000000002,218,3.1
2018,5,4,8,30,15.15,0.15,5.1000000000000005,87,933,988,3,21.1,60.01,960,380,4,0,384,29.700000000000003,216,3
2018,5,4,9,30,14.59,0.15,5.2,87,933,990,3,21,59.46,959,458,92,0,547,29.700000000000003,212,2.8000000000000003
2018,5,4,10,30,25.14,0.15,5.2,86,918,917,8,20.900000000000002,59.78,958,217,614,0,773,29.5,205,2.7
2018,5,4,11,30,38.54,0.15,5.300000000000001,81,886,775,7,20.8,61.64,958,336,180,0,477,28.900000000000002,198,2.6
2018,5,4,12,30,52.63,0.15,5.300000000000001,88,792,569,8,20.900000000000002,65.42,958,245,57,0,280,28,191,2.5
2018,5,4,13,30,66.95,0.15,5.300000000000001,72,668,334,7,21.3,71.44,958,141,357,0,280,26.900000000000002,187,2.1
2018,5,4,14,30,81.3,0.15,5.4,42,373,98,7,22.3,82.34,959,29,0,0,29,25.5,183,1.5
2018,5,4,15,30,95.79,0.15,5.4,0,0,0,7,22.900000000000002,90.45,960,0,0,0,0,24.6,179,1.2000000000000002
2018,5,4,16,30,110.09,0.15,5.4,0,0,0,8,22.900000000000002,93.03,960,0,0,0,0,24.1,177,1.2000000000000002
2018,5,4,17,30,124.16,0.15,5.4,0,0,0,7,22.900000000000002,95.14,961,0,0,0,0,23.700000000000003,175,1.2000000000000002
2018,5,4,18,30,137.76,0.15,5.300000000000001,0,0,0,9,22.8,96.66,961,0,0,0,0,23.400000000000002,175,1.2000000000000002
2018,5,4,19,30,150.19,0.15,5.300000000000001,0,0,0,9,22.8,98.3,961,0,0,0,0,23.1,175,1.1
2018,5,4,20,30,159.19,0.15,5.300000000000001,0,0,0,9,22.8,99.77,960,0,0,0,0,22.8,176,1.2000000000000002
2018,5,4,21,30,159.58,0.15,5.2,0,0,0,6,22.400000000000002,100,959,0,0,0,0,22.400000000000002,177,1.1
2018,5,4,22,30,151.01,0.15,5.2,0,0,0,6,22.1,100,959,0,0,0,0,22.1,178,1.1
2018,5,4,23,30,138.73,0.15,5.2,0,0,0,6,22,100,959,0,0,0,0,22,180,1
2018,5,5,0,30,125.19,0.14,5.2,0,0,0,6,21.900000000000002,100,959,0,0,0,0,21.900000000000002,183,0.9
2018,5,5,1,30,111.14,0.14,5.2,0,0,0,7,21.8,100,960,0,0,0,0,21.8,186,0.9
2018,5,5,2,30,96.86,0.14,5.2,0,0,0,8,22.1,100,960,0,0,0,0,22.1,187,1.2000000000000002
2018,5,5,3,30,82.37,0.14,5.2,37,358,84,7,22.700000000000003,97.18,961,53,9,7,54,23.200000000000003,191,2
2018,5,5,4,30,68.04,0.14,5.2,66,674,318,7,23,90.46000000000001,961,167,165,0,229,24.700000000000003,195,2.6
2018,5,5,5,30,53.730000000000004,0.14,5.300000000000001,81,801,554,1,22.8,82.10000000000001,962,81,801,0,554,26.1,197,2.8000000000000003
2018,5,5,6,30,39.64,0.14,5.300000000000001,111,826,747,0,22.5,75,962,111,826,0,747,27.3,198,2.8000000000000003
2018,5,5,7,30,26.21,0.14,5.300000000000001,119,864,893,0,22.200000000000003,69.98,961,119,864,0,893,28.200000000000003,200,2.9000000000000004
2018,5,5,8,30,15.38,0.14,5.300000000000001,122,881,971,0,21.900000000000002,66.15,960,122,881,0,971,28.8,204,2.9000000000000004
2018,5,5,9,30,14.86,0.14,5.300000000000001,125,877,973,7,21.5,63.96,959,229,669,0,876,29,207,3
2018,5,5,10,30,25.29,0.14,5.300000000000001,119,866,902,0,21.3,63.04,959,119,866,0,902,29,210,3
2018,5,5,11,30,38.63,0.14,5.2,107,840,763,2,21.1,63.14,958,410,155,0,531,28.8,211,2.8000000000000003
2018,5,5,12,30,52.7,0.14,5.2,91,784,566,3,21,64.27,958,251,12,0,258,28.400000000000002,211,2.5
2018,5,5,13,30,66.99,0.14,5.1000000000000005,72,671,334,7,21.1,68.24,958,5,0,0,5,27.5,208,1.9000000000000001
2018,5,5,14,30,81.32000000000001,0.14,5,41,389,99,8,22.3,80.66,959,25,0,7,25,25.900000000000002,206,1.2000000000000002
2018,5,5,15,30,95.79,0.14,5,0,0,0,9,23.200000000000003,91.15,959,0,0,0,0,24.700000000000003,206,1
2018,5,5,16,30,110.06,0.14,5,0,0,0,9,22.900000000000002,92.63,960,0,0,0,0,24.200000000000003,209,1
2018,5,5,17,30,124.11,0.14,5,0,0,0,6,22.8,93.98,960,0,0,0,0,23.8,215,1.1
2018,5,5,18,30,137.66,0.14,5.1000000000000005,0,0,0,6,22.700000000000003,95.41,961,0,0,0,0,23.5,222,1.1
2018,5,5,19,30,150.02,0.14,5.1000000000000005,0,0,0,6,22.700000000000003,97.28,961,0,0,0,0,23.200000000000003,229,1
2018,5,5,20,30,158.94,0.14,5.2,0,0,0,6,22.700000000000003,98.42,960,0,0,0,0,23,236,1
2018,5,5,21,30,159.31,0.14,5.2,0,0,0,7,22.700000000000003,99.9,960,0,0,0,0,22.700000000000003,241,1.1
2018,5,5,22,30,150.81,0.14,5.1000000000000005,0,0,0,7,22.5,100,959,0,0,0,0,22.5,245,1.2000000000000002
2018,5,5,23,30,138.59,0.14,5.1000000000000005,0,0,0,7,22.3,100,959,0,0,0,0,22.3,246,1.2000000000000002
2018,5,6,0,30,125.09,0.14,5,0,0,0,7,22.1,100,960,0,0,0,0,22.1,247,1.1
2018,5,6,1,30,111.07000000000001,0.14,5,0,0,0,7,22,100,960,0,0,1,0,22,249,1.1
2018,5,6,2,30,96.81,0.14,4.9,0,0,0,8,22.200000000000003,100,961,0,0,0,0,22.200000000000003,250,1.4000000000000001
2018,5,6,3,30,82.35000000000001,0.14,4.800000000000001,34,401,87,0,22.6,97.3,961,34,401,0,87,23.1,249,2.2
2018,5,6,4,30,68.04,0.14,4.7,60,701,323,1,23.3,92.01,962,60,701,0,323,24.700000000000003,245,3
2018,5,6,5,30,53.76,0.14,4.7,74,822,560,0,23.6,85.46000000000001,962,74,822,0,560,26.200000000000003,247,3.2
2018,5,6,6,30,39.7,0.14,4.6000000000000005,84,881,762,0,23.3,77.77,962,84,881,0,762,27.5,252,3.1
2018,5,6,7,30,26.330000000000002,0.14,4.6000000000000005,92,910,907,0,22.900000000000002,72.60000000000001,961,92,910,0,907,28.3,257,3
2018,5,6,8,30,15.610000000000001,0.14,4.6000000000000005,97,921,984,3,22.5,69.19,961,440,25,0,465,28.700000000000003,261,3
2018,5,6,9,30,15.120000000000001,0.14,4.7,96,923,987,0,22.200000000000003,67.27,960,96,923,0,987,28.900000000000002,264,2.9000000000000004
2018,5,6,10,30,25.45,0.14,4.800000000000001,94,906,912,8,22,66.54,960,346,370,0,680,28.900000000000002,266,2.7
2018,5,6,11,30,38.730000000000004,0.14,4.9,90,872,770,7,21.900000000000002,66.3,959,277,415,0,601,28.8,269,2.4000000000000004
2018,5,6,12,30,52.76,0.14,4.9,101,762,562,7,21.900000000000002,67.31,959,208,419,0,461,28.5,270,2.1
2018,5,6,13,30,67.03,0.14,5,81,632,328,7,22,71.18,960,161,292,0,275,27.700000000000003,270,1.6
2018,5,6,14,30,81.34,0.14,5,45,334,96,7,22.900000000000002,81.68,960,35,1,0,35,26.3,268,1
2018,5,6,15,30,95.78,0.14,5,0,0,0,7,23.900000000000002,93.12,961,0,0,0,0,25.1,264,0.7000000000000001
2018,5,6,16,30,110.03,0.14,5,0,0,0,8,23.5,93.69,961,0,0,0,0,24.6,260,0.7000000000000001
2018,5,6,17,30,124.05,0.14,4.9,0,0,0,8,23.200000000000003,94.91,961,0,0,0,0,24.1,256,0.8
2018,5,6,18,30,137.57,0.14,4.9,0,0,0,7,23,95.87,961,0,0,0,0,23.700000000000003,253,0.8
2018,5,6,19,30,149.86,0.14,4.9,0,0,0,7,22.8,96.57000000000001,961,0,0,0,0,23.400000000000002,251,0.9
2018,5,6,20,30,158.69,0.14,4.800000000000001,0,0,0,8,22.700000000000003,97.53,961,0,0,1,0,23.1,250,1
2018,5,6,21,30,159.04,0.14,4.800000000000001,0,0,0,8,22.5,98.35000000000001,960,0,0,1,0,22.8,251,1.2000000000000002
2018,5,6,22,30,150.61,0.14,4.800000000000001,0,0,0,8,22.400000000000002,98.67,960,0,0,1,0,22.6,252,1.5
2018,5,6,23,30,138.46,0.14,4.800000000000001,0,0,0,8,22.3,99.19,960,0,0,1,0,22.400000000000002,252,1.8
2018,5,7,0,30,124.99000000000001,0.15,4.7,0,0,0,6,22.200000000000003,99.46000000000001,960,0,0,8,0,22.3,252,2.1
2018,5,7,1,30,111,0.15,4.7,0,0,0,6,22.1,100,961,0,0,8,0,22.1,251,2.1
2018,5,7,2,30,96.77,0.15,4.7,0,0,0,6,22.200000000000003,99.89,961,0,0,8,0,22.200000000000003,252,2.4000000000000004
2018,5,7,3,30,82.33,0.15,4.6000000000000005,42,295,82,6,22.3,94.25,962,16,0,8,16,23.3,249,3.2
2018,5,7,4,30,68.04,0.15,4.6000000000000005,80,622,312,6,22.700000000000003,86.7,962,46,0,8,46,25.1,244,3.8000000000000003
2018,5,7,5,30,53.78,0.15,4.6000000000000005,98,764,549,6,22.700000000000003,78.9,962,78,0,8,78,26.700000000000003,244,3.9000000000000004
2018,5,7,6,30,39.76,0.15,4.6000000000000005,109,834,750,6,22.6,73.68,962,94,0,8,94,27.700000000000003,247,3.7
2018,5,7,7,30,26.44,0.15,4.6000000000000005,116,873,897,6,22.400000000000002,70.11,961,102,0,8,102,28.400000000000002,250,3.5
2018,5,7,8,30,15.84,0.15,4.6000000000000005,119,890,975,6,22.3,68.01,960,103,0,8,103,28.8,251,3.3000000000000003
2018,5,7,9,30,15.370000000000001,0.15,4.6000000000000005,123,885,976,6,22.200000000000003,66.69,959,94,0,8,94,29,253,3.1
2018,5,7,10,30,25.6,0.15,4.6000000000000005,117,873,904,6,22,66.12,959,75,0,8,75,29,253,2.9000000000000004
2018,5,7,11,30,38.83,0.15,4.7,107,841,762,6,21.900000000000002,66.3,958,64,0,8,64,28.8,251,2.7
2018,5,7,12,30,52.82,0.15,4.7,94,779,565,6,21.900000000000002,68.25,959,68,0,8,68,28.3,246,2.3000000000000003
2018,5,7,13,30,67.06,0.15,4.7,75,656,331,6,22.1,73.39,959,50,0,8,50,27.3,239,1.8
2018,5,7,14,30,81.35000000000001,0.15,4.7,42,367,98,6,23.1,84.66,959,12,0,8,12,25.900000000000002,232,1.2000000000000002
2018,5,7,15,30,95.77,0.15,4.7,0,0,0,6,23.6,92.91,960,0,0,8,0,24.8,226,1.1
2018,5,7,16,30,110,0.15,4.6000000000000005,0,0,0,6,23.3,94.02,960,0,0,8,0,24.3,223,1.1
2018,5,7,17,30,123.99000000000001,0.15,4.6000000000000005,0,0,0,6,23.1,95.06,960,0,0,8,0,23.900000000000002,221,1.2000000000000002
2018,5,7,18,30,137.47,0.15,4.6000000000000005,0,0,0,6,22.900000000000002,95.87,961,0,0,8,0,23.6,221,1.3
2018,5,7,19,30,149.70000000000002,0.15,4.6000000000000005,0,0,0,6,22.700000000000003,97.3,960,0,0,8,0,23.200000000000003,222,1.5
2018,5,7,20,30,158.44,0.15,4.6000000000000005,0,0,0,6,22.700000000000003,98.58,960,0,0,8,0,22.900000000000002,223,1.7000000000000002
2018,5,7,21,30,158.77,0.15,4.5,0,0,0,6,22.6,99.54,960,0,0,8,0,22.700000000000003,225,1.9000000000000001
2018,5,7,22,30,150.42000000000002,0.15,4.5,0,0,0,6,22.5,100,959,0,0,8,0,22.5,226,2
2018,5,7,23,30,138.32,0.15,4.5,0,0,0,6,22.3,100,959,0,0,8,0,22.3,225,2.2
2018,5,8,0,30,124.9,0.15,4.5,0,0,0,1,22.3,100,959,0,0,1,0,22.3,222,2.4000000000000004
2018,5,8,1,30,110.94,0.15,4.5,0,0,0,1,22.3,100,960,0,0,1,0,22.3,219,2.6
2018,5,8,2,30,96.73,0.15,4.4,0,0,0,1,22.5,100,960,0,0,1,0,22.5,217,2.8000000000000003
2018,5,8,3,30,82.31,0.15,4.4,37,367,86,1,22.8,97.19,961,37,367,1,86,23.3,217,3.5
2018,5,8,4,30,68.04,0.15,4.4,67,674,319,1,22.900000000000002,89.69,961,67,674,1,319,24.700000000000003,217,4.2
2018,5,8,5,30,53.81,0.15,4.4,84,798,555,1,22.6,79.91,961,84,798,1,555,26.3,219,4.3
2018,5,8,6,30,39.82,0.15,4.4,95,862,757,1,22.3,72.37,961,95,862,1,757,27.700000000000003,222,4.2
2018,5,8,7,30,26.560000000000002,0.15,4.5,101,896,903,1,22.1,67.19,960,101,896,1,903,28.8,222,4
2018,5,8,8,30,16.07,0.15,4.5,104,912,980,1,22,64.08,960,104,912,1,980,29.5,221,3.8000000000000003
2018,5,8,9,30,15.620000000000001,0.15,4.6000000000000005,106,909,981,1,21.900000000000002,62.43,959,106,909,0,981,29.8,217,3.6
2018,5,8,10,30,25.75,0.15,4.7,101,895,908,0,21.700000000000003,61.620000000000005,958,101,895,0,908,29.900000000000002,211,3.4000000000000004
2018,5,8,11,30,38.92,0.15,4.7,94,865,767,3,21.5,61.15,957,362,51,0,402,29.8,205,3.2
2018,5,8,12,30,52.870000000000005,0.15,4.800000000000001,118,721,553,3,21.3,62.5,957,291,47,0,319,29.200000000000003,197,3
2018,5,8,13,30,67.09,0.15,4.800000000000001,94,584,321,7,21.400000000000002,67.31,958,156,332,0,285,28,190,2.5
2018,5,8,14,30,81.36,0.15,4.800000000000001,51,269,92,7,22.400000000000002,79.59,958,26,0,0,26,26.200000000000003,183,1.8
2018,5,8,15,30,95.76,0.15,4.800000000000001,0,0,0,1,22.900000000000002,88.43,958,0,0,0,0,24.900000000000002,178,1.8
2018,5,8,16,30,109.97,0.15,4.800000000000001,0,0,0,0,22.6,90.38,959,0,0,0,0,24.3,177,2.3000000000000003
2018,5,8,17,30,123.93,0.15,4.800000000000001,0,0,0,0,22.5,92.43,959,0,0,0,0,23.8,177,2.6
2018,5,8,18,30,137.37,0.15,4.7,0,0,0,0,22.5,95.60000000000001,959,0,0,0,0,23.200000000000003,179,2.6
2018,5,8,19,30,149.54,0.15,4.7,0,0,0,0,22.5,99.09,959,0,0,0,0,22.6,182,2.4000000000000004
2018,5,8,20,30,158.19,0.15,4.6000000000000005,0,0,0,0,22.200000000000003,100,959,0,0,0,0,22.200000000000003,187,2.2
2018,5,8,21,30,158.51,0.15,4.4,0,0,0,0,22,100,959,0,0,0,0,22,194,2.1
2018,5,8,22,30,150.24,0.15,4.3,0,0,0,0,21.8,100,959,0,0,0,0,21.8,201,2
2018,5,8,23,30,138.20000000000002,0.15,4.2,0,0,0,0,21.8,100,959,0,0,0,0,21.8,207,2.1
2018,5,9,0,30,124.81,0.15,4,0,0,0,0,21.700000000000003,100,959,0,0,0,0,21.700000000000003,211,2.1
2018,5,9,1,30,110.88,0.15,3.9000000000000004,0,0,0,0,21.6,100,959,0,0,0,0,21.6,216,1.9000000000000001
2018,5,9,2,30,96.69,0.15,3.9000000000000004,0,0,0,0,21.8,100,960,0,0,0,0,21.8,224,2.1
2018,5,9,3,30,82.29,0.15,3.8000000000000003,43,296,83,0,22.200000000000003,96.59,961,43,296,0,83,22.8,228,2.8000000000000003
2018,5,9,4,30,68.05,0.15,3.8000000000000003,79,632,316,3,22.6,88.87,961,105,0,0,106,24.6,222,3.6
2018,5,9,5,30,53.84,0.15,3.8000000000000003,95,778,554,3,22.400000000000002,77.37,961,288,51,0,318,26.700000000000003,217,4
2018,5,9,6,30,39.88,0.15,3.8000000000000003,103,853,758,1,22.1,67.96000000000001,961,103,853,0,758,28.6,214,4.1000000000000005
2018,5,9,7,30,26.69,0.15,3.8000000000000003,106,895,906,7,21.8,61.7,961,309,473,0,732,30,212,4.1000000000000005
2018,5,9,8,30,16.29,0.15,3.8000000000000003,108,915,985,2,21.5,57.13,960,503,228,0,721,31,212,4.1000000000000005
2018,5,9,9,30,15.860000000000001,0.15,3.9000000000000004,106,916,987,8,21.3,54.300000000000004,959,318,450,0,750,31.6,212,4
2018,5,9,10,30,25.900000000000002,0.15,3.9000000000000004,101,905,915,8,21,53.22,958,381,293,0,644,31.700000000000003,213,4
2018,5,9,11,30,39.01,0.15,4,92,876,772,3,20.8,53.800000000000004,958,410,155,0,531,31.3,212,3.8000000000000003
2018,5,9,12,30,52.93,0.15,4,92,789,568,0,20.700000000000003,55.86,958,92,789,0,568,30.5,211,3.7
2018,5,9,13,30,67.13,0.15,4,73,669,334,0,20.700000000000003,60.82,958,73,669,0,334,29,208,3
2018,5,9,14,30,81.37,0.15,4,41,386,99,2,21.900000000000002,74.41,958,25,0,0,25,26.8,206,2
2018,5,9,15,30,95.75,0.15,4,0,0,0,0,22.6,85.64,959,0,0,0,0,25.200000000000003,205,1.7000000000000002
2018,5,9,16,30,109.93,0.15,4,0,0,0,1,22.6,89.60000000000001,959,0,0,0,0,24.400000000000002,204,1.8
2018,5,9,17,30,123.87,0.15,4.1000000000000005,0,0,0,8,22.6,93.02,960,0,0,0,0,23.8,203,1.8
2018,5,9,18,30,137.26,0.15,4.1000000000000005,0,0,0,1,22.6,96.57000000000001,960,0,0,0,0,23.200000000000003,203,1.8
2018,5,9,19,30,149.38,0.15,4.1000000000000005,0,0,0,1,22.6,98.93,960,0,0,0,0,22.8,205,1.9000000000000001
2018,5,9,20,30,157.95000000000002,0.15,4.2,0,0,0,1,22.3,100,960,0,0,0,0,22.3,207,1.9000000000000001
2018,5,9,21,30,158.26,0.15,4.2,0,0,0,0,22.1,100,960,0,0,0,0,22.1,208,1.9000000000000001
2018,5,9,22,30,150.05,0.15,4.2,0,0,0,0,21.900000000000002,100,959,0,0,0,0,21.900000000000002,210,1.9000000000000001
2018,5,9,23,30,138.07,0.15,4.2,0,0,0,0,21.900000000000002,100,959,0,0,0,0,21.900000000000002,211,2.2
2018,5,10,0,30,124.73,0.15,4.2,0,0,0,0,21.900000000000002,100,959,0,0,0,0,21.900000000000002,212,2.4000000000000004
2018,5,10,1,30,110.82000000000001,0.15,4.2,0,0,0,0,21.8,100,960,0,0,0,0,21.8,215,2.4000000000000004
2018,5,10,2,30,96.66,0.15,4.1000000000000005,0,0,0,0,22,100,960,0,0,0,0,22,220,2.6
2018,5,10,3,30,82.28,0.15,4.1000000000000005,37,375,87,1,22.3,96.68,961,37,375,0,87,22.900000000000002,224,3.1
2018,5,10,4,30,68.05,0.15,4.2,66,680,321,3,22.6,88.03,961,177,21,0,185,24.700000000000003,226,3.7
2018,5,10,5,30,53.870000000000005,0.15,4.2,81,807,557,0,22.200000000000003,76.03,962,81,807,0,557,26.8,228,3.7
2018,5,10,6,30,39.95,0.15,4.3,89,872,758,0,21.900000000000002,66.57000000000001,961,89,872,0,758,28.700000000000003,230,3.7
2018,5,10,7,30,26.810000000000002,0.15,4.4,95,905,903,0,21.8,61.61,961,95,905,0,903,30,231,3.7
2018,5,10,8,30,16.52,0.15,4.5,97,920,979,0,21.8,58.54,960,97,920,0,979,30.900000000000002,232,3.7
2018,5,10,9,30,16.1,0.15,4.5,126,880,971,0,21.8,56.95,959,126,880,0,971,31.400000000000002,233,3.6
2018,5,10,10,30,26.04,0.15,4.6000000000000005,125,859,897,3,21.8,56.6,958,427,54,0,476,31.5,234,3.5
2018,5,10,11,30,39.1,0.15,4.7,117,822,755,3,21.8,57.82,957,394,104,0,475,31.1,231,3.4000000000000004
2018,5,10,12,30,52.980000000000004,0.15,4.7,101,760,559,3,21.8,60.64,957,184,1,0,185,30.3,225,3.2
2018,5,10,13,30,67.15,0.15,4.800000000000001,80,635,327,3,22.1,66.22,958,13,0,0,13,29,217,2.7
2018,5,10,14,30,81.38,0.15,4.800000000000001,45,340,96,0,22.900000000000002,77.15,958,45,340,0,96,27.3,209,2
2018,5,10,15,30,95.74000000000001,0.15,4.800000000000001,0,0,0,0,23.400000000000002,85.10000000000001,959,0,0,0,0,26.1,203,2
2018,5,10,16,30,109.89,0.15,4.800000000000001,0,0,0,0,23.1,87.37,960,0,0,0,0,25.400000000000002,199,2.4000000000000004
2018,5,10,17,30,123.8,0.15,4.7,0,0,0,0,23,89.44,960,0,0,0,0,24.900000000000002,197,2.6
2018,5,10,18,30,137.16,0.15,4.7,0,0,0,0,23,92.55,961,0,0,0,0,24.3,195,2.5
2018,5,10,19,30,149.21,0.15,4.6000000000000005,0,0,0,0,23,95.07000000000001,961,0,0,0,0,23.8,193,2.2
2018,5,10,20,30,157.71,0.15,4.4,0,0,0,0,22.900000000000002,98.06,960,0,0,0,0,23.200000000000003,192,1.8
2018,5,10,21,30,158.01,0.15,4.2,0,0,0,0,22.700000000000003,100,959,0,0,0,0,22.700000000000003,190,1.4000000000000001
2018,5,10,22,30,149.87,0.15,4.1000000000000005,0,0,0,0,22.3,100,959,0,0,0,0,22.3,192,1.3
2018,5,10,23,30,137.95000000000002,0.15,4.1000000000000005,0,0,0,0,22.1,100,959,0,0,0,0,22.1,199,1.6
2018,5,11,0,30,124.64,0.15,4.1000000000000005,0,0,0,0,22.1,100,959,0,0,0,0,22.1,207,1.9000000000000001
2018,5,11,1,30,110.77,0.15,4.1000000000000005,0,0,0,0,22.1,100,959,0,0,0,0,22.1,213,2.1
2018,5,11,2,30,96.63,0.15,4.1000000000000005,0,0,0,0,22.3,100,960,0,0,0,0,22.3,217,2.5
2018,5,11,3,30,82.27,0.15,4.1000000000000005,38,362,86,0,22.5,95.53,960,38,362,0,86,23.3,220,3.4000000000000004
2018,5,11,4,30,68.06,0.15,4.1000000000000005,68,673,319,0,22.6,87.05,961,68,673,0,319,24.900000000000002,221,4.4
2018,5,11,5,30,53.9,0.15,4.1000000000000005,83,801,555,3,21.900000000000002,74.81,961,255,20,0,267,26.700000000000003,221,4.800000000000001
2018,5,11,6,30,40.02,0.15,4.1000000000000005,93,866,756,3,21.200000000000003,64.64,961,313,5,0,317,28.5,222,4.800000000000001
2018,5,11,7,30,26.93,0.15,4.2,99,901,902,3,21,58.54,960,427,78,0,496,30,224,4.800000000000001
2018,5,11,8,30,16.740000000000002,0.15,4.3,100,917,978,3,21,55.34,959,475,165,0,633,31,226,4.800000000000001
2018,5,11,9,30,16.34,0.15,4.4,104,911,978,1,21.1,53.68,958,104,911,0,978,31.6,228,4.800000000000001
2018,5,11,10,30,26.19,0.15,4.5,100,897,905,3,21.1,54.08,958,465,183,0,629,31.5,229,4.6000000000000005
2018,5,11,11,30,39.18,0.15,4.7,93,864,763,3,21.1,55.88,957,386,106,0,468,30.900000000000002,229,4.3
2018,5,11,12,30,53.03,0.15,4.800000000000001,104,750,555,3,21,59,957,137,0,0,138,29.900000000000002,226,4
2018,5,11,13,30,67.18,0.15,4.9,87,606,322,3,21.1,64.27,958,67,0,0,67,28.5,222,3.3000000000000003
2018,5,11,14,30,81.38,0.15,4.9,49,295,93,3,21.6,73.39,959,10,0,0,10,26.8,219,2.5
2018,5,11,15,30,95.72,0.15,4.800000000000001,0,0,0,1,22,81.39,959,0,0,0,0,25.400000000000002,218,2.3000000000000003
2018,5,11,16,30,109.86,0.15,4.7,0,0,0,0,21.8,84.07000000000001,960,0,0,0,0,24.700000000000003,218,2.5
2018,5,11,17,30,123.73,0.15,4.6000000000000005,0,0,0,0,21.700000000000003,86.60000000000001,960,0,0,0,0,24.1,217,2.5
2018,5,11,18,30,137.05,0.15,4.5,0,0,0,0,21.700000000000003,89.34,960,0,0,0,0,23.6,217,2.4000000000000004
2018,5,11,19,30,149.05,0.15,4.5,0,0,0,0,21.8,92.01,960,0,0,0,0,23.200000000000003,216,2.3000000000000003
2018,5,11,20,30,157.47,0.15,4.5,0,0,0,7,21.900000000000002,94.81,960,0,0,0,0,22.8,216,2.2
2018,5,11,21,30,157.77,0.15,4.5,0,0,0,7,22,96.38,959,0,0,0,0,22.6,216,2.3000000000000003
2018,5,11,22,30,149.70000000000002,0.15,4.5,0,0,0,7,22.1,98.53,958,0,0,0,0,22.3,216,2.5
2018,5,11,23,30,137.83,0.15,4.5,0,0,0,7,22.1,99.58,958,0,0,0,0,22.200000000000003,217,2.6
2018,5,12,0,30,124.56,0.15,4.5,0,0,0,3,22.1,100,958,0,0,0,0,22.1,221,2.6
2018,5,12,1,30,110.71000000000001,0.15,4.4,0,0,0,8,22,100,959,0,0,0,0,22,229,2.4000000000000004
2018,5,12,2,30,96.60000000000001,0.15,4.4,0,0,0,7,22.200000000000003,100,959,0,0,0,0,22.200000000000003,237,2.6
2018,5,12,3,30,82.26,0.15,4.4,40,329,85,3,22.400000000000002,96.29,960,57,3,7,58,23,241,3.3000000000000003
2018,5,12,4,30,68.08,0.15,4.5,73,647,315,3,22.400000000000002,87.24,960,179,222,0,261,24.700000000000003,240,4.3
2018,5,12,5,30,53.94,0.15,4.5,87,787,550,0,22,75.73,961,87,787,0,550,26.6,239,4.7
2018,5,12,6,30,40.09,0.15,4.5,112,827,744,0,21.3,65.48,960,112,827,0,744,28.400000000000002,237,4.6000000000000005
2018,5,12,7,30,27.060000000000002,0.15,4.5,115,872,891,1,21.1,60.71,960,115,872,0,891,29.5,235,4.4
2018,5,12,8,30,16.96,0.15,4.5,114,895,970,0,21.200000000000003,58.49,959,114,895,0,970,30.200000000000003,234,4.2
2018,5,12,9,30,16.57,0.15,4.6000000000000005,140,857,961,2,21.3,58.59,958,509,213,0,713,30.3,232,3.9000000000000004
2018,5,12,10,30,26.32,0.15,4.7,134,842,888,0,21.400000000000002,59.75,957,134,842,0,888,30.1,230,3.6
2018,5,12,11,30,39.26,0.15,4.800000000000001,123,806,748,7,21.5,61.410000000000004,956,312,337,7,573,29.700000000000003,228,3.4000000000000004
2018,5,12,12,30,53.08,0.15,4.9,108,739,552,3,21.6,64.28,956,301,59,0,337,29,226,3
2018,5,12,13,30,67.2,0.15,5.1000000000000005,85,609,321,3,21.900000000000002,69.84,957,125,1,0,126,27.900000000000002,225,2.3000000000000003
2018,5,12,14,30,81.38,0.15,5.1000000000000005,46,316,94,1,22.900000000000002,80.08,957,46,316,0,94,26.6,223,1.5
2018,5,12,15,30,95.7,0.15,5.1000000000000005,0,0,0,0,23.6,89.29,958,0,0,0,0,25.5,221,1.2000000000000002
2018,5,12,16,30,109.81,0.15,5,0,0,0,0,23.5,91.44,958,0,0,0,0,25,220,1.2000000000000002
2018,5,12,17,30,123.67,0.15,5,0,0,0,0,23.400000000000002,93.18,959,0,0,0,0,24.6,218,1.4000000000000001
2018,5,12,18,30,136.95000000000002,0.15,4.9,0,0,0,0,23.400000000000002,95.15,959,0,0,0,0,24.200000000000003,216,1.6
2018,5,12,19,30,148.89000000000001,0.15,4.800000000000001,0,0,0,0,23.400000000000002,97.05,959,0,0,0,0,23.900000000000002,215,1.9000000000000001
2018,5,12,20,30,157.24,0.15,4.800000000000001,0,0,0,0,23.5,99.29,959,0,0,0,0,23.6,213,2.2
2018,5,12,21,30,157.53,0.15,4.7,0,0,0,0,23.400000000000002,100,958,0,0,0,0,23.400000000000002,210,2.4000000000000004
2018,5,12,22,30,149.53,0.15,4.7,0,0,0,0,23.200000000000003,100,958,0,0,0,0,23.200000000000003,208,2.5
2018,5,12,23,30,137.72,0.15,4.6000000000000005,0,0,0,0,23.1,100,957,0,0,0,0,23.1,209,2.5
2018,5,13,0,30,124.49000000000001,0.15,4.5,0,0,0,0,22.900000000000002,100,957,0,0,0,0,22.900000000000002,211,2.4000000000000004
2018,5,13,1,30,110.66,0.15,4.4,0,0,0,0,22.700000000000003,100,958,0,0,0,0,22.700000000000003,214,2.3000000000000003
2018,5,13,2,30,96.57000000000001,0.15,4.4,0,0,0,0,22.700000000000003,100,958,0,0,0,0,22.700000000000003,218,2.3000000000000003
2018,5,13,3,30,82.25,0.15,4.4,34,417,90,1,22.900000000000002,96.23,959,34,417,0,90,23.5,221,3
2018,5,13,4,30,68.09,0.15,4.5,59,708,323,3,22.8,86.85000000000001,960,49,0,0,49,25.1,221,3.7
2018,5,13,5,30,53.980000000000004,0.15,4.6000000000000005,70,827,557,3,22.400000000000002,75.84,960,203,2,0,204,27,221,4.1000000000000005
2018,5,13,6,30,40.160000000000004,0.15,4.7,77,887,755,1,22.200000000000003,68.11,960,77,887,0,755,28.700000000000003,220,4.1000000000000005
2018,5,13,7,30,27.19,0.15,4.800000000000001,80,920,899,3,22.3,63.99,959,393,16,0,407,29.8,220,4.1000000000000005
2018,5,13,8,30,17.18,0.15,4.9,82,934,975,3,22.200000000000003,61.39,958,480,196,0,667,30.5,220,4
2018,5,13,9,30,16.8,0.15,5.1000000000000005,103,905,969,8,22.200000000000003,60.4,957,384,313,0,684,30.700000000000003,218,3.7
2018,5,13,10,30,26.46,0.15,5.2,101,889,896,7,22.1,60.78,957,229,602,0,768,30.5,214,3.4000000000000004
2018,5,13,11,30,39.34,0.15,5.300000000000001,93,858,756,7,22,63.14,957,273,418,0,596,29.8,209,3.1
2018,5,13,12,30,53.13,0.15,5.4,130,683,539,2,22.1,66.87,957,326,139,0,410,28.900000000000002,205,2.9000000000000004
2018,5,13,13,30,67.22,0.15,5.5,100,547,312,7,22.5,73.59,958,162,299,0,278,27.6,204,2.5
2018,5,13,14,30,81.38,0.15,5.5,52,248,89,1,23.1,83.12,958,52,248,0,89,26.200000000000003,205,2
2018,5,13,15,30,95.68,0.15,5.4,0,0,0,0,23.5,90.54,959,0,0,0,0,25.200000000000003,209,1.8
2018,5,13,16,30,109.77,0.15,5.4,0,0,0,7,23.5,93.25,959,0,0,0,0,24.700000000000003,212,1.9000000000000001
2018,5,13,17,30,123.60000000000001,0.15,5.300000000000001,0,0,0,7,23.5,95.43,959,0,0,0,0,24.3,214,1.9000000000000001
2018,5,13,18,30,136.84,0.15,5.300000000000001,0,0,0,7,23.5,97.73,959,0,0,0,0,23.900000000000002,215,1.8
2018,5,13,19,30,148.73,0.15,5.4,0,0,0,7,23.5,99.51,959,0,0,0,0,23.6,216,1.8
2018,5,13,20,30,157.01,0.15,5.4,0,0,0,6,23.3,100,958,0,0,0,0,23.3,215,1.8
2018,5,13,21,30,157.29,0.15,5.4,0,0,0,7,23.1,100,958,0,0,0,0,23.1,211,1.8
2018,5,13,22,30,149.36,0.15,5.4,0,0,0,7,22.900000000000002,100,957,0,0,0,0,22.900000000000002,207,1.8
2018,5,13,23,30,137.61,0.15,5.300000000000001,0,0,0,7,22.8,100,957,0,0,0,0,22.8,204,1.8
2018,5,14,0,30,124.41,0.15,5.2,0,0,0,7,22.700000000000003,100,958,0,0,0,0,22.700000000000003,203,2
2018,5,14,1,30,110.62,0.15,5.2,0,0,0,1,22.6,100,958,0,0,0,0,22.6,205,2.1
2018,5,14,2,30,96.54,0.15,5.1000000000000005,0,0,0,3,22.700000000000003,100,959,0,0,0,0,22.700000000000003,207,2.3000000000000003
2018,5,14,3,30,82.25,0.15,5,34,399,88,3,23.1,99.29,959,50,1,7,50,23.200000000000003,209,2.6
2018,5,14,4,30,68.11,0.15,4.9,59,700,320,3,23.400000000000002,95.15,960,50,0,0,50,24.200000000000003,209,3.2
2018,5,14,5,30,54.02,0.15,4.800000000000001,72,822,554,1,23.3,87.05,960,72,822,0,554,25.6,208,3.6
2018,5,14,6,30,40.24,0.15,4.7,83,877,752,0,22.8,77.32000000000001,960,83,877,0,752,27.1,208,3.6
2018,5,14,7,30,27.32,0.15,4.6000000000000005,87,912,897,3,22.5,69.93,959,379,9,0,387,28.5,210,3.6
2018,5,14,8,30,17.39,0.15,4.6000000000000005,88,929,974,2,22.400000000000002,65.93,958,470,168,0,630,29.400000000000002,214,3.5
2018,5,14,9,30,17.02,0.15,4.6000000000000005,107,902,970,3,22.200000000000003,63.5,957,482,170,0,645,29.900000000000002,217,3.3000000000000003
2018,5,14,10,30,26.59,0.15,4.6000000000000005,101,892,899,1,22,62.38,957,101,892,0,899,30,219,3.1
2018,5,14,11,30,39.42,0.15,4.6000000000000005,92,865,760,8,21.8,62.6,956,332,72,0,388,29.700000000000003,219,2.9000000000000004
2018,5,14,12,30,53.17,0.15,4.7,79,809,565,7,21.700000000000003,65.06,957,225,324,0,419,28.900000000000002,215,2.7
2018,5,14,13,30,67.24,0.15,4.7,63,698,333,7,21.8,70.39,957,166,147,0,222,27.700000000000003,210,2.2
2018,5,14,14,30,81.38,0.15,4.7,37,429,101,8,22.700000000000003,80.45,958,68,44,7,75,26.3,203,1.7000000000000002
2018,5,14,15,30,95.66,0.15,4.6000000000000005,0,0,0,0,23.1,87.93,959,0,0,0,0,25.200000000000003,199,1.7000000000000002
2018,5,14,16,30,109.73,0.15,4.6000000000000005,0,0,0,0,22.8,89.14,959,0,0,0,0,24.700000000000003,197,2.1
2018,5,14,17,30,123.52,0.15,4.6000000000000005,0,0,0,7,22.700000000000003,91.41,960,0,0,0,0,24.200000000000003,198,2.2
2018,5,14,18,30,136.74,0.15,4.5,0,0,0,7,22.700000000000003,93.8,960,0,0,0,0,23.8,199,2.1
2018,5,14,19,30,148.57,0.15,4.5,0,0,0,7,22.8,96.31,960,0,0,0,0,23.400000000000002,201,2
2018,5,14,20,30,156.78,0.15,4.4,0,0,0,7,22.8,98.68,959,0,0,0,0,23,203,1.9000000000000001
2018,5,14,21,30,157.06,0.15,4.3,0,0,0,7,22.6,100,959,0,0,0,0,22.6,205,1.9000000000000001
2018,5,14,22,30,149.20000000000002,0.15,4.3,0,0,0,7,22.400000000000002,100,958,0,0,0,0,22.400000000000002,208,1.9000000000000001
2018,5,14,23,30,137.5,0.15,4.2,0,0,0,8,22.200000000000003,100,958,0,0,0,0,22.200000000000003,212,1.9000000000000001
2018,5,15,0,30,124.34,0.15,4.1000000000000005,0,0,0,7,22.1,100,958,0,0,0,0,22.1,216,1.7000000000000002
2018,5,15,1,30,110.57000000000001,0.15,4.1000000000000005,0,0,0,3,22,100,958,0,0,0,0,22,220,1.7000000000000002
2018,5,15,2,30,96.52,0.15,4,0,0,0,0,22.200000000000003,100,958,0,0,0,0,22.200000000000003,223,2
2018,5,15,3,30,82.25,0.15,3.9000000000000004,34,411,90,2,22.700000000000003,96.22,959,62,10,7,63,23.3,223,2.9000000000000004
2018,5,15,4,30,68.13,0.15,3.9000000000000004,61,705,323,0,22.900000000000002,87.64,959,61,705,0,323,25.1,219,3.8000000000000003
2018,5,15,5,30,54.07,0.15,3.9000000000000004,75,823,558,1,22.6,76.99,959,75,823,0,558,27,216,4.3
2018,5,15,6,30,40.31,0.15,4,85,881,757,1,22.200000000000003,68.55,959,85,881,0,757,28.6,216,4.5
2018,5,15,7,30,27.44,0.15,4,91,912,901,1,22.1,63.690000000000005,958,91,912,0,901,29.700000000000003,216,4.6000000000000005
2018,5,15,8,30,17.61,0.15,4.1000000000000005,96,924,976,3,21.900000000000002,61.32,957,457,94,0,546,30.200000000000003,216,4.7
2018,5,15,9,30,17.23,0.15,4.2,128,876,965,0,21.8,60.47,957,128,876,0,965,30.3,216,4.6000000000000005
2018,5,15,10,30,26.72,0.15,4.3,122,863,893,3,21.6,61.24,956,442,129,0,557,29.900000000000002,215,4.4
2018,5,15,11,30,39.5,0.15,4.4,112,830,752,7,21.5,62.980000000000004,956,141,1,0,142,29.3,213,4.2
2018,5,15,12,30,53.21,0.15,4.5,119,714,547,7,21.5,66.03,956,216,480,0,504,28.5,210,3.9000000000000004
2018,5,15,13,30,67.26,0.15,4.6000000000000005,95,573,317,7,21.8,71.38,957,167,41,0,183,27.400000000000002,206,3.2
2018,5,15,14,30,81.38,0.15,4.6000000000000005,52,259,91,7,22.3,80.18,958,67,13,7,69,26,202,2.3000000000000003
2018,5,15,15,30,95.63,0.15,4.7,0,0,0,7,22.700000000000003,87.65,958,0,0,0,0,24.900000000000002,200,2
2018,5,15,16,30,109.68,0.15,4.7,0,0,0,7,22.8,90.59,959,0,0,0,0,24.400000000000002,201,2
2018,5,15,17,30,123.45,0.15,4.800000000000001,0,0,0,6,22.8,93.19,959,0,0,0,0,24,204,1.9000000000000001
2018,5,15,18,30,136.63,0.15,4.800000000000001,0,0,0,6,22.900000000000002,96.14,960,0,0,0,0,23.6,208,1.9000000000000001
2018,5,15,19,30,148.41,0.15,4.9,0,0,0,6,23,97.67,959,0,0,0,0,23.400000000000002,213,2
2018,5,15,20,30,156.56,0.15,5,0,0,0,6,23.1,99.10000000000001,959,0,0,0,0,23.200000000000003,217,2.2
2018,5,15,21,30,156.84,0.15,5,0,0,0,6,23,100,958,0,0,0,0,23,221,2.4000000000000004
2018,5,15,22,30,149.04,0.15,5,0,0,0,6,22.900000000000002,100,958,0,0,0,0,22.900000000000002,223,2.3000000000000003
2018,5,15,23,30,137.39000000000001,0.15,5.1000000000000005,0,0,0,6,22.8,100,958,0,0,0,0,22.8,225,2
2018,5,16,0,30,124.27,0.15,5.1000000000000005,0,0,0,6,22.700000000000003,100,958,0,0,0,0,22.700000000000003,227,1.9000000000000001
2018,5,16,1,30,110.53,0.15,5.1000000000000005,0,0,0,6,22.5,100,959,0,0,0,0,22.5,231,1.9000000000000001
2018,5,16,2,30,96.5,0.15,5.2,0,0,0,6,22.6,100,959,0,0,0,0,22.6,234,2.1
2018,5,16,3,30,82.25,0.15,5.2,39,338,84,6,22.8,97.4,960,22,0,7,22,23.200000000000003,232,2.9000000000000004
2018,5,16,4,30,68.15,0.15,5.1000000000000005,70,652,312,7,23,92.25,960,50,0,0,50,24.3,226,4
2018,5,16,5,30,54.11,0.15,5.1000000000000005,85,784,544,8,23,86.38,960,239,153,0,329,25.400000000000002,221,4.9
2018,5,16,6,30,40.39,0.15,5.1000000000000005,92,855,743,6,22.700000000000003,80.42,960,281,19,0,296,26.3,220,5.300000000000001
2018,5,16,7,30,27.57,0.15,5.1000000000000005,96,892,887,7,22.3,75.64,959,384,183,0,546,27,221,5.4
2018,5,16,8,30,17.82,0.15,5.1000000000000005,98,910,964,1,22.1,72.69,959,98,910,0,964,27.400000000000002,221,5.5
2018,5,16,9,30,17.44,0.15,5.1000000000000005,98,911,966,1,21.900000000000002,70.73,958,98,911,0,966,27.700000000000003,221,5.4
2018,5,16,10,30,26.85,0.15,5.2,95,895,894,1,21.8,70.83,957,95,895,0,894,27.6,220,5.1000000000000005
2018,5,16,11,30,39.57,0.15,5.2,90,863,755,1,21.900000000000002,72.24,957,90,863,0,755,27.3,219,4.800000000000001
2018,5,16,12,30,53.25,0.15,5.300000000000001,81,801,560,1,22,75.55,957,81,801,0,560,26.700000000000003,218,4.3
2018,5,16,13,30,67.27,0.15,5.300000000000001,67,678,329,7,22.400000000000002,81.51,957,163,186,7,235,25.8,216,3.5
2018,5,16,14,30,81.37,0.15,5.300000000000001,41,377,98,6,22.900000000000002,89.13,958,3,0,0,3,24.8,214,3
2018,5,16,15,30,95.61,0.15,5.300000000000001,0,0,0,7,23,93.86,958,0,0,0,0,24.1,209,3.2
2018,5,16,16,30,109.63,0.15,5.2,0,0,0,7,23.200000000000003,96.79,959,0,0,0,0,23.700000000000003,204,3.4000000000000004
2018,5,16,17,30,123.38000000000001,0.15,5,0,0,0,7,23.200000000000003,99.10000000000001,960,0,0,0,0,23.3,200,3.4000000000000004
2018,5,16,18,30,136.52,0.15,4.800000000000001,0,0,0,4,22.900000000000002,100,960,0,0,0,0,22.900000000000002,200,3.4000000000000004
2018,5,16,19,30,148.25,0.15,4.7,0,0,0,4,22.5,100,960,0,0,0,0,22.5,203,3.5
2018,5,16,20,30,156.34,0.15,4.5,0,0,0,4,22.1,100,959,0,0,0,0,22.1,207,3.5
2018,5,16,21,30,156.62,0.15,4.4,0,0,0,7,21.700000000000003,100,959,0,0,0,0,21.700000000000003,208,3.1
2018,5,16,22,30,148.89000000000001,0.15,4.4,0,0,0,7,21.6,100,958,0,0,0,0,21.6,208,2.8000000000000003
2018,5,16,23,30,137.29,0.15,4.4,0,0,0,5,21.5,100,958,0,0,0,0,21.5,209,2.7
2018,5,17,0,30,124.21000000000001,0.15,4.3,0,0,0,8,21.5,100,958,0,0,0,0,21.5,209,2.7
2018,5,17,1,30,110.5,0.15,4.3,0,0,0,8,21.400000000000002,100,959,0,0,0,0,21.400000000000002,208,2.9000000000000004
2018,5,17,2,30,96.49000000000001,0.15,4.3,0,0,0,0,21.5,100,959,0,0,0,0,21.5,208,3.2
2018,5,17,3,30,82.25,0.15,4.2,42,305,84,3,21.6,97.2,959,53,1,7,53,22.1,210,3.9000000000000004
2018,5,17,4,30,68.17,0.15,4.2,79,625,311,3,21.700000000000003,89.58,960,172,16,0,178,23.5,211,4.7
2018,5,17,5,30,54.160000000000004,0.15,4.1000000000000005,96,767,545,3,21.3,78.45,960,314,122,0,385,25.3,213,5.1000000000000005
2018,5,17,6,30,40.47,0.15,4.1000000000000005,105,840,744,8,20.8,69.48,960,317,300,0,545,26.900000000000002,215,5.300000000000001
2018,5,17,7,30,27.7,0.15,4.1000000000000005,111,880,889,7,20.5,63.15,959,333,405,0,691,28.200000000000003,216,5.300000000000001
2018,5,17,8,30,18.02,0.15,4.1000000000000005,114,897,966,7,20.400000000000002,59.120000000000005,959,340,420,0,739,29.200000000000003,216,5.4
2018,5,17,9,30,17.650000000000002,0.15,4.2,128,875,962,7,20.400000000000002,57.06,958,306,469,0,752,29.8,215,5.300000000000001
2018,5,17,10,30,26.97,0.15,4.3,130,849,887,7,20.400000000000002,57.34,958,355,361,0,677,29.700000000000003,215,5.1000000000000005
2018,5,17,11,30,39.64,0.15,4.4,127,800,743,7,20.3,59.04,957,296,327,0,548,29.1,215,4.800000000000001
2018,5,17,12,30,53.29,0.15,4.5,150,640,532,7,20.3,62.690000000000005,958,273,213,0,400,28.1,215,4.3
2018,5,17,13,30,67.29,0.15,4.5,124,467,304,7,20.6,68.3,958,171,34,0,185,26.900000000000002,213,3.5
2018,5,17,14,30,81.36,0.15,4.6000000000000005,63,141,84,6,21.200000000000003,76.72,959,52,2,7,52,25.6,209,2.6
2018,5,17,15,30,95.58,0.15,4.7,0,0,0,7,21.6,83.66,959,0,0,0,0,24.6,205,2.5
2018,5,17,16,30,109.59,0.15,4.800000000000001,0,0,0,7,21.8,87.13,960,0,0,0,0,24.1,200,2.7
2018,5,17,17,30,123.3,0.15,4.800000000000001,0,0,0,6,22,90.7,960,0,0,0,0,23.6,197,2.9000000000000004
2018,5,17,18,30,136.41,0.15,4.800000000000001,0,0,0,6,22.1,93.57000000000001,960,0,0,0,0,23.200000000000003,196,3
2018,5,17,19,30,148.09,0.15,4.7,0,0,0,7,22.200000000000003,95.73,960,0,0,0,0,22.900000000000002,198,2.8000000000000003
2018,5,17,20,30,156.13,0.15,4.6000000000000005,0,0,0,7,22.200000000000003,98.34,959,0,0,0,0,22.5,202,2.5
2018,5,17,21,30,156.41,0.15,4.5,0,0,0,7,22.200000000000003,100,959,0,0,0,0,22.200000000000003,205,2.5
2018,5,17,22,30,148.74,0.15,4.4,0,0,0,7,22,100,958,0,0,0,0,22,208,2.6
2018,5,17,23,30,137.19,0.15,4.4,0,0,0,7,21.900000000000002,100,958,0,0,0,0,21.900000000000002,211,2.7
2018,5,18,0,30,124.15,0.15,4.4,0,0,0,8,21.8,100,959,0,0,0,0,21.8,212,2.7
2018,5,18,1,30,110.46000000000001,0.15,4.4,0,0,0,7,21.8,100,959,0,0,0,0,21.8,214,2.6
2018,5,18,2,30,96.47,0.15,4.5,0,0,0,7,21.900000000000002,100,960,0,0,0,0,21.900000000000002,217,2.7
2018,5,18,3,30,82.26,0.15,4.5,43,287,82,8,22,95.82000000000001,960,29,1,7,29,22.700000000000003,218,3.6
2018,5,18,4,30,68.2,0.15,4.5,79,617,308,3,21.900000000000002,87.52,961,192,48,0,210,24.1,214,4.7
2018,5,18,5,30,54.21,0.15,4.5,96,757,539,8,21.400000000000002,79,961,223,373,0,441,25.3,213,5.2
2018,5,18,6,30,40.550000000000004,0.15,4.5,107,830,737,0,20.900000000000002,71.43,961,107,830,0,737,26.5,213,5.2
2018,5,18,7,30,27.830000000000002,0.15,4.5,113,869,882,7,20.6,65.71000000000001,960,232,608,0,769,27.6,213,5.1000000000000005
2018,5,18,8,30,18.23,0.15,4.6000000000000005,114,888,958,7,20.400000000000002,60.99,959,347,391,0,718,28.700000000000003,214,5.1000000000000005
2018,5,18,9,30,17.85,0.15,4.6000000000000005,112,892,961,7,20.3,58.18,958,232,617,0,819,29.400000000000002,214,5.1000000000000005
2018,5,18,10,30,27.09,0.15,4.6000000000000005,108,878,890,8,20.200000000000003,57.56,957,329,397,0,683,29.5,213,5
2018,5,18,11,30,39.7,0.15,4.7,101,844,750,7,20.200000000000003,58.49,957,247,450,0,593,29.200000000000003,211,4.9
2018,5,18,12,30,53.32,0.15,4.7,90,780,556,7,20.200000000000003,60.58,957,195,473,0,477,28.6,208,4.6000000000000005
2018,5,18,13,30,67.3,0.15,4.7,74,654,326,7,20.400000000000002,65.28,957,164,263,0,265,27.5,204,3.9000000000000004
2018,5,18,14,30,81.35000000000001,0.15,4.7,43,360,97,8,20.900000000000002,72.9,957,69,33,7,74,26.1,199,3.2
2018,5,18,15,30,95.55,0.15,4.6000000000000005,0,0,0,3,21.1,78.99,958,0,0,0,0,25,196,3.1
2018,5,18,16,30,109.54,0.15,4.5,0,0,0,0,21.1,82.21000000000001,959,0,0,0,0,24.3,195,3.1
2018,5,18,17,30,123.23,0.15,4.4,0,0,0,8,21.1,85.42,959,0,0,0,0,23.700000000000003,194,2.9000000000000004
2018,5,18,18,30,136.3,0.15,4.3,0,0,0,1,21.200000000000003,89.01,960,0,0,0,0,23.1,193,2.5
2018,5,18,19,30,147.94,0.15,4.2,0,0,0,7,21.3,92.13,960,0,0,0,0,22.6,194,2.3000000000000003
2018,5,18,20,30,155.92000000000002,0.15,4.1000000000000005,0,0,0,7,21.3,95.28,959,0,0,0,0,22.1,196,2
2018,5,18,21,30,156.21,0.15,4.1000000000000005,0,0,0,8,21.400000000000002,97.98,959,0,0,0,0,21.700000000000003,201,2.1
2018,5,18,22,30,148.59,0.15,4.1000000000000005,0,0,0,7,21.5,99.33,958,0,0,0,0,21.6,206,2.3000000000000003
2018,5,18,23,30,137.1,0.15,4,0,0,0,8,21.6,100,958,0,0,0,0,21.6,210,2.5
2018,5,19,0,30,124.09,0.15,4.1000000000000005,0,0,0,3,21.700000000000003,100,958,0,0,0,0,21.700000000000003,214,2.7
2018,5,19,1,30,110.43,0.15,4.1000000000000005,0,0,0,7,21.8,100,958,0,0,0,0,21.8,218,2.7
2018,5,19,2,30,96.46000000000001,0.15,4.2,0,0,0,7,22,100,959,0,0,0,0,22,224,2.8000000000000003
2018,5,19,3,30,82.26,0.15,4.3,39,336,84,7,22.1,95.92,959,36,1,7,36,22.8,224,3.7
2018,5,19,4,30,68.23,0.15,4.4,71,651,312,3,22.1,87.26,959,76,0,0,76,24.400000000000002,220,5
2018,5,19,5,30,54.26,0.15,4.6000000000000005,88,778,542,1,21.8,77.2,960,88,778,0,542,26.1,216,5.7
2018,5,19,6,30,40.63,0.15,4.7,136,774,723,3,21.3,68.95,959,303,4,0,306,27.5,214,5.7
2018,5,19,7,30,27.96,0.15,4.800000000000001,138,827,868,3,21.1,63.730000000000004,959,202,0,0,202,28.6,212,5.6000000000000005
2018,5,19,8,30,18.42,0.15,4.9,135,854,946,1,21,60.54,958,135,854,0,946,29.400000000000002,211,5.4
2018,5,19,9,30,18.04,0.15,5,164,813,937,8,20.900000000000002,59.39,957,407,301,0,693,29.700000000000003,210,5.1000000000000005
2018,5,19,10,30,27.2,0.15,5.1000000000000005,159,794,865,7,21,60.27,956,285,560,0,783,29.5,208,4.800000000000001
2018,5,19,11,30,39.77,0.15,5.2,148,753,727,3,21.200000000000003,62.77,956,93,0,0,93,29,206,4.5
2018,5,19,12,30,53.35,0.15,5.300000000000001,134,670,533,2,21.400000000000002,66.82000000000001,956,324,97,0,382,28.200000000000003,204,4.2
2018,5,19,13,30,67.3,0.15,5.4,108,517,307,2,21.8,72.99,957,96,0,0,97,27.1,200,3.6
2018,5,19,14,30,81.34,0.15,5.5,56,207,87,1,22.3,81.23,958,56,207,0,87,25.8,195,3.2
2018,5,19,15,30,95.52,0.15,5.4,0,0,0,7,22.5,86.43,958,0,0,0,0,24.900000000000002,191,3.5
2018,5,19,16,30,109.48,0.15,5.4,0,0,0,7,22.400000000000002,89.17,959,0,0,0,0,24.3,188,3.6
2018,5,19,17,30,123.15,0.15,5.300000000000001,0,0,0,7,22.3,92.01,959,0,0,0,0,23.700000000000003,186,3.3000000000000003
2018,5,19,18,30,136.19,0.15,5.300000000000001,0,0,0,6,22.3,94.68,960,0,0,0,0,23.200000000000003,187,3.1
2018,5,19,19,30,147.78,0.15,5.300000000000001,0,0,0,6,22.3,96.23,960,0,0,0,0,22.900000000000002,192,3.1
2018,5,19,20,30,155.71,0.15,5.300000000000001,0,0,0,6,22.3,97.96000000000001,959,0,0,0,0,22.6,198,3.2
2018,5,19,21,30,156.01,0.15,5.300000000000001,0,0,0,6,22.400000000000002,99.23,959,0,0,0,0,22.5,204,3.1
2018,5,19,22,30,148.45000000000002,0.15,5.300000000000001,0,0,0,8,22.400000000000002,100,958,0,0,0,0,22.400000000000002,207,3
2018,5,19,23,30,137.01,0.15,5.2,0,0,0,4,22.400000000000002,100,958,0,0,0,0,22.400000000000002,208,3
2018,5,20,0,30,124.03,0.15,5.2,0,0,0,4,22.400000000000002,100,958,0,0,0,0,22.400000000000002,208,3.1
2018,5,20,1,30,110.4,0.15,5.2,0,0,0,8,22.3,100,958,0,0,0,0,22.3,207,3.1
2018,5,20,2,30,96.45,0.15,5.2,0,0,0,4,22.5,100,959,0,0,0,0,22.5,206,3.3000000000000003
2018,5,20,3,30,82.27,0.15,5.1000000000000005,40,324,83,4,22.6,97.39,959,18,0,7,18,23,205,3.9000000000000004
2018,5,20,4,30,68.26,0.15,5.1000000000000005,70,646,310,4,22.6,90.66,960,50,0,0,50,24.200000000000003,203,4.9
2018,5,20,5,30,54.31,0.15,5,84,784,541,3,21.900000000000002,79.33,960,159,0,0,159,25.8,199,5.6000000000000005
2018,5,20,6,30,40.71,0.15,5,93,850,738,3,21.400000000000002,69.26,960,377,104,0,455,27.5,194,5.800000000000001
2018,5,20,7,30,28.09,0.15,5,100,884,880,3,21.1,62.690000000000005,959,427,127,0,539,28.900000000000002,191,5.800000000000001
2018,5,20,8,30,18.62,0.15,5,105,897,955,2,20.8,58.550000000000004,958,481,259,0,727,29.8,188,5.800000000000001
2018,5,20,9,30,18.23,0.15,5,110,890,956,0,20.6,57.57,958,110,890,0,956,29.900000000000002,186,5.6000000000000005
2018,5,20,10,30,27.310000000000002,0.15,5.1000000000000005,110,870,883,2,20.6,59.67,957,445,281,0,694,29.3,183,5.4
2018,5,20,11,30,39.83,0.15,5.1000000000000005,107,828,743,7,20.8,63.28,957,258,474,0,621,28.400000000000002,179,5.1000000000000005
2018,5,20,12,30,53.38,0.15,5.1000000000000005,103,745,547,7,20.8,66.97,957,260,162,7,356,27.5,177,4.800000000000001
2018,5,20,13,30,67.31,0.15,5.1000000000000005,88,594,317,8,20.8,71.57000000000001,958,5,0,0,5,26.400000000000002,174,4.2
2018,5,20,14,30,81.33,0.15,5,51,268,92,8,20.900000000000002,77.26,958,11,0,7,11,25.200000000000003,171,3.5
2018,5,20,15,30,95.49,0.15,4.9,0,0,0,7,20.900000000000002,81.98,959,0,0,0,0,24.200000000000003,168,3
2018,5,20,16,30,109.43,0.15,4.800000000000001,0,0,0,8,20.8,84.37,960,0,0,0,0,23.6,166,2.9000000000000004
2018,5,20,17,30,123.08,0.15,4.6000000000000005,0,0,0,8,20.8,87.96000000000001,960,0,0,0,0,22.900000000000002,166,2.7
2018,5,20,18,30,136.09,0.15,4.5,0,0,0,5,20.900000000000002,91.05,960,0,0,0,0,22.400000000000002,167,2.6
2018,5,20,19,30,147.63,0.15,4.3,0,0,0,3,21,94.37,960,0,0,0,0,21.900000000000002,170,2.5
2018,5,20,20,30,155.51,0.15,4.2,0,0,0,3,21,97.85000000000001,959,0,0,0,0,21.400000000000002,175,2.5
2018,5,20,21,30,155.81,0.15,4.1000000000000005,0,0,0,4,21.200000000000003,99.8,959,0,0,0,0,21.200000000000003,183,2.6
2018,5,20,22,30,148.32,0.15,4.1000000000000005,0,0,0,3,21.1,100,959,0,0,0,0,21.1,191,2.4000000000000004
2018,5,20,23,30,136.92000000000002,0.15,4.2,0,0,0,4,21,100,959,0,0,0,0,21,197,1.9000000000000001
2018,5,21,0,30,123.98,0.15,4.3,0,0,0,4,21,100,959,0,0,0,0,21,203,1.6
2018,5,21,1,30,110.37,0.15,4.3,0,0,0,3,21,100,960,0,0,0,0,21,208,1.5
2018,5,21,2,30,96.45,0.15,4.4,0,0,0,3,21.3,100,960,0,0,0,0,21.3,214,1.7000000000000002
2018,5,21,3,30,82.29,0.15,4.4,46,255,80,3,21.6,95.21000000000001,961,58,3,7,59,22.400000000000002,213,2.5
2018,5,21,4,30,68.29,0.15,4.4,82,602,305,3,21.8,86.22,961,168,14,0,173,24.3,207,3.4000000000000004
2018,5,21,5,30,54.36,0.15,4.5,98,751,536,3,21.5,74.11,962,261,26,0,276,26.5,202,3.8000000000000003
2018,5,21,6,30,40.800000000000004,0.15,4.5,116,811,730,0,21,65.01,961,116,811,0,730,28.200000000000003,200,4
2018,5,21,7,30,28.21,0.15,4.6000000000000005,120,856,874,2,20.8,59.050000000000004,961,461,225,0,660,29.6,200,4
2018,5,21,8,30,18.81,0.15,4.6000000000000005,120,877,951,1,20.6,55.32,960,120,877,0,951,30.6,200,4
2018,5,21,9,30,18.42,0.15,4.7,143,844,944,0,20.5,52.95,959,143,844,0,944,31.200000000000003,200,4
2018,5,21,10,30,27.42,0.15,4.800000000000001,134,833,874,2,20.3,51.68,958,467,162,0,611,31.400000000000002,198,4
2018,5,21,11,30,39.89,0.15,4.800000000000001,121,803,737,3,20.1,52.78,957,206,0,0,206,30.900000000000002,195,4
2018,5,21,12,30,53.410000000000004,0.15,4.9,105,740,546,3,20.3,56.980000000000004,957,286,48,0,314,29.700000000000003,190,4
2018,5,21,13,30,67.31,0.15,5,83,614,319,7,20.6,63.870000000000005,958,173,136,0,225,28.1,185,3.6
2018,5,21,14,30,81.31,0.15,5,46,319,95,8,21.3,74.17,959,69,28,7,73,26.3,180,2.9000000000000004
2018,5,21,15,30,95.45,0.15,5.1000000000000005,0,0,0,7,21.8,82.48,960,0,0,0,0,25,177,2.7
2018,5,21,16,30,109.38,0.15,5,0,0,0,8,21.700000000000003,86.03,960,0,0,0,0,24.200000000000003,176,2.8000000000000003
2018,5,21,17,30,123,0.15,5,0,0,0,4,21.6,89.28,961,0,0,0,0,23.5,176,2.7
2018,5,21,18,30,135.98,0.15,4.9,0,0,0,4,21.5,92.63,961,0,0,0,0,22.8,178,2.5
2018,5,21,19,30,147.48,0.15,4.9,0,0,0,7,21.5,95.84,961,0,0,0,0,22.200000000000003,184,2.4000000000000004
2018,5,21,20,30,155.32,0.15,4.800000000000001,0,0,0,8,21.5,98.69,960,0,0,0,0,21.700000000000003,191,2.4000000000000004
2018,5,21,21,30,155.62,0.15,4.7,0,0,0,5,21.400000000000002,100,960,0,0,0,0,21.400000000000002,198,2.5
2018,5,21,22,30,148.18,0.15,4.6000000000000005,0,0,0,8,21.3,100,959,0,0,0,0,21.3,202,2.4000000000000004
2018,5,21,23,30,136.84,0.15,4.5,0,0,0,5,21.200000000000003,100,959,0,0,0,0,21.200000000000003,203,2.1
2018,5,22,0,30,123.93,0.15,4.4,0,0,0,7,21.200000000000003,100,960,0,0,0,0,21.200000000000003,202,1.6
2018,5,22,1,30,110.35000000000001,0.15,4.4,0,0,0,8,21.1,100,961,0,0,0,0,21.1,204,1.3
2018,5,22,2,30,96.44,0.15,4.4,0,0,0,8,21.3,100,961,0,0,0,0,21.3,209,1.6
2018,5,22,3,30,82.3,0.15,4.4,37,357,85,7,21.8,96.46000000000001,962,45,4,7,46,22.400000000000002,213,2.5
2018,5,22,4,30,68.32000000000001,0.15,4.4,66,667,313,5,22,87.09,962,103,1,0,103,24.3,213,3.3000000000000003
2018,5,22,5,30,54.42,0.15,4.4,81,796,544,3,21.5,74.10000000000001,963,257,39,0,280,26.5,212,3.7
2018,5,22,6,30,40.88,0.15,4.5,87,865,741,5,20.700000000000003,62.36,962,364,94,0,435,28.6,212,3.8000000000000003
2018,5,22,7,30,28.34,0.15,4.5,92,900,884,5,20.1,54.86,962,429,133,0,547,30.200000000000003,212,3.8000000000000003
2018,5,22,8,30,19,0.15,4.6000000000000005,94,914,959,5,19.8,50.78,961,444,55,0,496,31.200000000000003,213,3.7
2018,5,22,9,30,18.59,0.15,4.7,97,909,959,4,19.6,48.7,960,371,4,0,375,31.700000000000003,213,3.5
2018,5,22,10,30,27.52,0.15,4.800000000000001,94,895,888,3,19.5,48.620000000000005,959,423,86,0,499,31.6,213,3.4000000000000004
2018,5,22,11,30,39.94,0.15,4.9,88,863,750,3,19.5,50.03,959,365,93,0,436,31.1,211,3.3000000000000003
2018,5,22,12,30,53.43,0.15,5,119,704,538,7,19.700000000000003,54.24,959,219,451,0,488,29.900000000000002,207,3.3000000000000003
2018,5,22,13,30,67.31,0.15,5.2,93,573,314,3,20.200000000000003,62.25,960,41,0,0,41,28.1,203,3.2
2018,5,22,14,30,81.29,0.15,5.4,51,269,92,4,21.1,74.57000000000001,961,4,0,0,4,26,197,2.9000000000000004
2018,5,22,15,30,95.42,0.15,5.5,0,0,0,3,22,85.25,961,0,0,0,0,24.6,189,2.6
2018,5,22,16,30,109.32000000000001,0.15,5.6000000000000005,0,0,0,8,22.3,90.9,962,0,0,0,0,23.900000000000002,179,2.5
2018,5,22,17,30,122.92,0.15,5.7,0,0,0,4,22.5,94.51,962,0,0,0,0,23.400000000000002,174,2.4000000000000004
2018,5,22,18,30,135.87,0.15,5.6000000000000005,0,0,0,4,22.5,97.24000000000001,963,0,0,0,0,23,176,2.4000000000000004
2018,5,22,19,30,147.33,0.15,5.5,0,0,0,4,22.5,98.68,963,0,0,0,0,22.700000000000003,184,2.7
2018,5,22,20,30,155.13,0.15,5.2,0,0,0,8,22.200000000000003,99.55,963,0,0,0,0,22.3,189,3.2
2018,5,22,21,30,155.44,0.15,5,0,0,0,8,21.900000000000002,99.54,962,0,0,0,0,22,191,3.4000000000000004
2018,5,22,22,30,148.06,0.15,4.800000000000001,0,0,0,7,21.700000000000003,99.14,962,0,0,0,0,21.8,193,3.2
2018,5,22,23,30,136.76,0.15,4.7,0,0,0,5,21.700000000000003,99.88,961,0,0,0,0,21.700000000000003,197,3.1
2018,5,23,0,30,123.89,0.16,4.5,0,0,0,1,21.700000000000003,100,961,0,0,0,0,21.700000000000003,202,3.3000000000000003
2018,5,23,1,30,110.33,0.16,4.4,0,0,0,0,21.700000000000003,100,961,0,0,0,0,21.700000000000003,205,3.5
2018,5,23,2,30,96.44,0.16,4.3,0,0,0,0,21.700000000000003,100,961,0,0,0,0,21.700000000000003,209,3.4000000000000004
2018,5,23,3,30,82.32000000000001,0.16,4.2,38,348,85,0,21.8,95.2,962,38,348,0,85,22.6,212,3.8000000000000003
2018,5,23,4,30,68.36,0.16,4.1000000000000005,71,648,310,3,21.6,84.24,962,126,2,0,127,24.400000000000002,213,4.5
2018,5,23,5,30,54.480000000000004,0.16,4,91,774,541,3,20.6,69.9,963,300,196,0,414,26.5,214,4.9
2018,5,23,6,30,40.96,0.16,4,110,828,734,8,19.8,59.69,962,308,275,0,515,28.400000000000002,215,5
2018,5,23,7,30,28.47,0.16,4,118,863,877,8,19.6,53.6,962,322,414,0,686,30,215,5.1000000000000005
2018,5,23,8,30,19.18,0.16,4.1000000000000005,122,879,952,8,19.400000000000002,49.7,961,337,438,0,751,31.200000000000003,215,5.2
2018,5,23,9,30,18.77,0.16,4.2,123,877,953,8,19.400000000000002,47.82,960,327,400,0,706,31.8,215,5.2
2018,5,23,10,30,27.62,0.16,4.2,120,862,884,3,19.3,47.44,959,414,32,0,443,31.8,213,5.2
2018,5,23,11,30,39.99,0.16,4.3,111,828,745,7,19,48.2,959,262,463,0,617,31.3,210,5.1000000000000005
2018,5,23,12,30,53.45,0.16,4.3,97,767,553,7,18.8,50.35,959,200,432,0,457,30.3,207,4.9
2018,5,23,13,30,67.31,0.16,4.3,77,646,326,0,18.900000000000002,54.99,959,77,646,0,326,28.8,203,4.2
2018,5,23,14,30,81.27,0.16,4.3,44,361,98,3,19.5,64.74,960,18,0,0,18,26.700000000000003,199,3.2
2018,5,23,15,30,95.38,0.16,4.4,0,0,0,3,20.400000000000002,74.99,961,0,0,0,0,25.1,194,3
2018,5,23,16,30,109.27,0.16,4.4,0,0,0,1,20.700000000000003,80.42,961,0,0,0,0,24.3,189,3.3000000000000003
2018,5,23,17,30,122.84,0.16,4.4,0,0,0,1,21,85.61,962,0,0,0,0,23.6,185,3.5
2018,5,23,18,30,135.76,0.16,4.3,0,0,0,0,21.200000000000003,90.3,962,0,0,0,0,22.900000000000002,183,3.5
2018,5,23,19,30,147.19,0.16,4.2,0,0,0,0,21.400000000000002,94.96000000000001,962,0,0,0,0,22.200000000000003,184,3.1
2018,5,23,20,30,154.94,0.16,4,0,0,0,0,21.400000000000002,98.87,962,0,0,0,0,21.6,189,2.7
2018,5,23,21,30,155.27,0.16,3.8000000000000003,0,0,0,8,21.1,100,962,0,0,0,0,21.1,195,2.5
2018,5,23,22,30,147.94,0.16,3.6,0,0,0,3,20.900000000000002,100,961,0,0,0,0,20.900000000000002,201,2.6
2018,5,23,23,30,136.69,0.16,3.5,0,0,0,0,20.8,100,961,0,0,0,0,20.8,204,2.8000000000000003
2018,5,24,0,30,123.85000000000001,0.16,3.5,0,0,0,3,20.700000000000003,100,961,0,0,0,0,20.700000000000003,207,3
2018,5,24,1,30,110.31,0.16,3.6,0,0,0,0,20.700000000000003,100,961,0,0,0,0,20.700000000000003,208,3
2018,5,24,2,30,96.44,0.16,3.5,0,0,0,0,20.900000000000002,100,962,0,0,0,0,20.900000000000002,211,3.2
2018,5,24,3,30,82.33,0.16,3.5,42,311,84,0,21.1,96,962,42,311,0,84,21.8,212,4
2018,5,24,4,30,68.39,0.16,3.4000000000000004,80,625,310,0,21,84.34,963,80,625,0,310,23.8,212,4.9
2018,5,24,5,30,54.53,0.16,3.4000000000000004,98,767,542,0,19.8,68.21000000000001,963,98,767,0,542,26.1,212,5.300000000000001
2018,5,24,6,30,41.050000000000004,0.16,3.4000000000000004,108,840,741,7,18.5,56.1,962,165,707,0,698,28.1,213,5.4
2018,5,24,7,30,28.59,0.16,3.5,115,876,884,0,17.6,48.1,962,115,876,0,884,29.8,214,5.4
2018,5,24,8,30,19.36,0.16,3.6,119,890,959,0,17.2,43.52,961,119,890,0,959,31.1,214,5.5
2018,5,24,9,30,18.93,0.16,3.7,137,863,953,0,17.2,41.5,960,137,863,0,953,31.900000000000002,214,5.4
2018,5,24,10,30,27.72,0.16,3.8000000000000003,137,839,880,0,17.3,41.08,959,137,839,0,880,32.2,214,5.4
2018,5,24,11,30,40.04,0.16,3.8000000000000003,132,794,740,3,17.400000000000002,41.9,958,418,145,0,529,32,213,5.300000000000001
2018,5,24,12,30,53.47,0.16,3.9000000000000004,166,601,523,2,17.7,44.76,958,333,76,0,379,31.1,211,5.1000000000000005
2018,5,24,13,30,67.31,0.16,4,136,414,296,1,18,49.61,958,136,414,0,296,29.6,210,4.4
2018,5,24,14,30,81.25,0.16,4,64,111,81,0,18.7,58.59,958,64,111,0,81,27.5,207,3.4000000000000004
2018,5,24,15,30,95.34,0.16,4,0,0,0,0,19.6,68.13,959,0,0,0,0,25.900000000000002,204,3.1
2018,5,24,16,30,109.21000000000001,0.16,4,0,0,0,0,19.900000000000002,73.45,960,0,0,0,0,25,199,3.2
2018,5,24,17,30,122.77,0.16,3.9000000000000004,0,0,0,0,20.3,79.44,960,0,0,0,0,24.1,194,3.1
2018,5,24,18,30,135.66,0.16,3.9000000000000004,0,0,0,0,20.700000000000003,85.38,961,0,0,0,0,23.3,192,2.8000000000000003
2018,5,24,19,30,147.04,0.16,3.8000000000000003,0,0,0,0,21,90.24,961,0,0,0,0,22.700000000000003,193,2.6
2018,5,24,20,30,154.76,0.16,3.7,0,0,0,0,21.200000000000003,94.76,960,0,0,0,0,22.1,198,2.5
2018,5,24,21,30,155.09,0.16,3.6,0,0,0,0,21.400000000000002,98.08,960,0,0,0,0,21.700000000000003,202,2.6
2018,5,24,22,30,147.82,0.16,3.6,0,0,0,3,21.5,100,960,0,0,0,0,21.5,207,2.6
2018,5,24,23,30,136.62,0.16,3.6,0,0,0,0,21.400000000000002,100,960,0,0,0,0,21.400000000000002,211,2.6
2018,5,25,0,30,123.81,0.16,3.6,0,0,0,0,21.400000000000002,100,960,0,0,0,0,21.400000000000002,213,2.7
2018,5,25,1,30,110.29,0.16,3.5,0,0,0,0,21.400000000000002,100,960,0,0,0,0,21.400000000000002,214,2.9000000000000004
2018,5,25,2,30,96.45,0.16,3.5,0,0,0,0,21.6,100,961,0,0,0,0,21.6,215,3.1
2018,5,25,3,30,82.36,0.16,3.4000000000000004,45,270,80,0,21.700000000000003,95.53,961,45,270,0,80,22.5,213,3.8000000000000003
2018,5,25,4,30,68.43,0.16,3.4000000000000004,84,604,306,0,21.6,83.94,961,84,604,0,306,24.5,210,4.6000000000000005
2018,5,25,5,30,54.59,0.16,3.4000000000000004,103,749,537,0,20.8,69.82000000000001,961,103,749,0,537,26.8,208,4.9
2018,5,25,6,30,41.13,0.16,3.5,118,817,733,0,20,59.07,961,118,817,0,733,28.8,207,5
2018,5,25,7,30,28.71,0.16,3.6,124,858,877,0,19.5,51.96,960,124,858,0,877,30.5,207,5.1000000000000005
2018,5,25,8,30,19.53,0.16,3.7,126,878,953,0,19.3,48,959,126,878,0,953,31.700000000000003,208,5.1000000000000005
2018,5,25,9,30,19.09,0.16,3.8000000000000003,124,880,955,0,19.3,45.87,958,124,880,0,955,32.4,210,5.1000000000000005
2018,5,25,10,30,27.810000000000002,0.16,3.9000000000000004,118,867,884,2,19.200000000000003,45.230000000000004,957,465,244,0,681,32.6,212,5.1000000000000005
2018,5,25,11,30,40.08,0.16,3.9000000000000004,108,835,747,2,19.1,45.79,957,409,184,0,550,32.300000000000004,212,4.9
2018,5,25,12,30,53.49,0.16,4,95,771,554,2,19.1,47.99,957,318,99,0,377,31.400000000000002,210,4.7
2018,5,25,13,30,67.31,0.16,4,77,646,326,2,19.200000000000003,53.24,957,144,4,0,145,29.700000000000003,206,4.1000000000000005
2018,5,25,14,30,81.23,0.16,4.1000000000000005,44,354,98,0,19.900000000000002,63.26,958,44,354,0,98,27.5,200,3.1
2018,5,25,15,30,95.3,0.16,4.1000000000000005,0,0,0,0,20.8,73.64,959,0,0,0,0,25.900000000000002,194,2.9000000000000004
2018,5,25,16,30,109.15,0.16,4.1000000000000005,0,0,0,0,21.1,78.95,959,0,0,0,0,25,191,3.1
2018,5,25,17,30,122.69,0.16,4.1000000000000005,0,0,0,0,21.3,83.89,960,0,0,0,0,24.200000000000003,188,3.1
2018,5,25,18,30,135.55,0.16,4.1000000000000005,0,0,0,0,21.400000000000002,88.2,960,0,0,0,0,23.5,186,2.8000000000000003
2018,5,25,19,30,146.9,0.16,4,0,0,0,0,21.5,92.01,960,0,0,0,0,22.900000000000002,186,2.6
2018,5,25,20,30,154.58,0.16,4,0,0,0,0,21.6,96.10000000000001,960,0,0,0,0,22.3,189,2.4000000000000004
2018,5,25,21,30,154.93,0.16,3.9000000000000004,0,0,0,0,21.8,99.91,960,0,0,0,0,21.8,193,2.2
2018,5,25,22,30,147.71,0.16,3.9000000000000004,0,0,0,0,21.700000000000003,100,959,0,0,0,0,21.700000000000003,199,2.2
2018,5,25,23,30,136.55,0.16,3.8000000000000003,0,0,0,0,21.700000000000003,100,959,0,0,0,0,21.700000000000003,204,2.4000000000000004
2018,5,26,0,30,123.77,0.16,3.8000000000000003,0,0,0,0,21.700000000000003,100,959,0,0,0,0,21.700000000000003,207,2.6
2018,5,26,1,30,110.28,0.16,3.9000000000000004,0,0,0,0,21.700000000000003,100,960,0,0,0,0,21.700000000000003,211,2.4000000000000004
2018,5,26,2,30,96.45,0.16,3.9000000000000004,0,0,0,0,22,100,960,0,0,0,0,22,215,2.5
2018,5,26,3,30,82.38,0.16,3.9000000000000004,45,263,80,1,22.200000000000003,94.8,961,45,263,0,80,23.1,214,3.4000000000000004
2018,5,26,4,30,68.47,0.16,3.9000000000000004,84,596,303,1,22.3,83.95,961,84,596,0,303,25.200000000000003,210,4.3
2018,5,26,5,30,54.65,0.16,3.9000000000000004,104,740,532,1,21.700000000000003,71.41,961,104,740,0,532,27.3,207,4.800000000000001
2018,5,26,6,30,41.22,0.16,4,134,780,721,1,21.200000000000003,62.75,961,134,780,0,721,29,204,5
2018,5,26,7,30,28.84,0.16,4,137,832,866,0,21,57.2,960,137,832,0,866,30.400000000000002,202,5.1000000000000005
2018,5,26,8,30,19.7,0.16,4.1000000000000005,137,855,943,0,20.900000000000002,53.76,959,137,855,0,943,31.400000000000002,201,5.1000000000000005
2018,5,26,9,30,19.25,0.16,4.2,179,794,929,0,20.8,51.52,958,179,794,0,929,32,200,5
2018,5,26,10,30,27.900000000000002,0.16,4.3,168,782,860,2,20.6,50.44,957,481,154,0,617,32.2,198,5
2018,5,26,11,30,40.13,0.16,4.4,154,745,724,0,20.6,51.52,957,154,745,0,724,31.8,195,5.1000000000000005
2018,5,26,12,30,53.5,0.16,4.6000000000000005,134,670,533,7,20.700000000000003,55.89,957,252,303,0,433,30.5,191,5.1000000000000005
2018,5,26,13,30,67.3,0.16,4.7,105,529,310,0,21,62.730000000000004,957,105,529,0,310,28.8,186,4.800000000000001
2018,5,26,14,30,81.21000000000001,0.16,4.7,56,227,91,8,21.400000000000002,71.74,958,68,13,7,70,26.900000000000002,182,4.2
2018,5,26,15,30,95.26,0.16,4.7,0,0,0,7,21.700000000000003,78.95,959,0,0,0,0,25.6,179,3.8000000000000003
2018,5,26,16,30,109.10000000000001,0.16,4.7,0,0,0,0,21.700000000000003,83.49,960,0,0,0,0,24.700000000000003,178,3.7
2018,5,26,17,30,122.61,0.16,4.6000000000000005,0,0,0,8,21.700000000000003,86.54,961,0,0,0,0,24.1,179,3.6
2018,5,26,18,30,135.45,0.16,4.6000000000000005,0,0,0,8,21.700000000000003,89.56,961,0,0,0,0,23.5,182,3.2
2018,5,26,19,30,146.77,0.16,4.5,0,0,0,7,21.700000000000003,93.67,961,0,0,0,0,22.8,187,2.9000000000000004
2018,5,26,20,30,154.41,0.16,4.4,0,0,0,8,21.700000000000003,96.56,961,0,0,0,0,22.3,191,2.7
2018,5,26,21,30,154.77,0.16,4.3,0,0,0,7,21.700000000000003,98.72,960,0,0,0,0,21.900000000000002,196,2.6
2018,5,26,22,30,147.6,0.16,4.2,0,0,0,8,21.6,100,960,0,0,0,0,21.6,200,2.4000000000000004
2018,5,26,23,30,136.49,0.16,4.1000000000000005,0,0,0,8,21.400000000000002,100,960,0,0,0,0,21.400000000000002,203,2.5
2018,5,27,0,30,123.74000000000001,0.16,4,0,0,0,1,21.200000000000003,100,960,0,0,0,0,21.200000000000003,205,2.4000000000000004
2018,5,27,1,30,110.27,0.16,4,0,0,0,1,21,100,961,0,0,0,0,21,208,2.2
2018,5,27,2,30,96.46000000000001,0.16,4,0,0,0,1,21.3,100,962,0,0,0,0,21.3,211,2.5
2018,5,27,3,30,82.4,0.16,4,49,208,76,3,21.3,93.14,962,61,5,7,62,22.5,210,3.8000000000000003
2018,5,27,4,30,68.51,0.16,3.9000000000000004,92,560,298,1,21.200000000000003,81.15,963,92,560,0,298,24.6,207,4.9
2018,5,27,5,30,54.71,0.16,3.9000000000000004,112,720,528,0,20.5,68.52,963,112,720,0,528,26.8,206,5.4
2018,5,27,6,30,41.300000000000004,0.16,3.8000000000000003,121,805,727,0,20.1,59.85,963,121,805,0,727,28.700000000000003,206,5.6000000000000005
2018,5,27,7,30,28.96,0.16,3.7,128,849,871,0,19.700000000000003,53.15,962,128,849,0,871,30.3,206,5.7
2018,5,27,8,30,19.87,0.16,3.7,133,867,948,3,19.1,47.84,961,455,64,0,515,31.5,207,5.7
2018,5,27,9,30,19.400000000000002,0.16,3.7,151,841,944,3,18.5,43.92,960,498,160,0,649,32.300000000000004,207,5.7
2018,5,27,10,30,27.98,0.16,3.7,148,822,873,3,17.900000000000002,41.59,959,450,121,0,557,32.6,207,5.7
2018,5,27,11,30,40.160000000000004,0.16,3.7,140,778,735,3,17.400000000000002,40.89,959,412,117,0,501,32.4,207,5.6000000000000005
2018,5,27,12,30,53.51,0.16,3.6,129,694,542,8,17.1,41.99,958,225,441,7,487,31.6,207,5.4
2018,5,27,13,30,67.29,0.16,3.6,105,544,315,0,17.1,45.53,959,105,544,0,315,30.1,205,4.7
2018,5,27,14,30,81.18,0.16,3.6,57,234,92,0,17.6,53.410000000000004,959,57,234,0,92,27.900000000000002,202,3.7
2018,5,27,15,30,95.22,0.16,3.6,0,0,0,7,18.400000000000002,62.32,960,0,0,0,0,26.200000000000003,196,3.5
2018,5,27,16,30,109.04,0.16,3.6,0,0,0,8,18.900000000000002,68.09,961,0,0,0,0,25.200000000000003,189,3.7
2018,5,27,17,30,122.53,0.16,3.6,0,0,0,3,19.5,75.31,962,0,0,0,0,24.1,183,3.5
2018,5,27,18,30,135.35,0.16,3.5,0,0,0,7,20,82.51,963,0,0,0,0,23.1,182,3.2
2018,5,27,19,30,146.63,0.16,3.3000000000000003,0,0,0,8,20.3,88.83,963,0,0,0,0,22.200000000000003,184,2.9000000000000004
2018,5,27,20,30,154.24,0.16,3.1,0,0,0,0,20.400000000000002,93.55,963,0,0,0,0,21.5,191,2.7
2018,5,27,21,30,154.62,0.16,3,0,0,0,0,20.400000000000002,97.11,962,0,0,0,0,20.900000000000002,198,2.4000000000000004
2018,5,27,22,30,147.5,0.16,3,0,0,0,0,20.400000000000002,99.17,962,0,0,0,0,20.5,205,2.2
2018,5,27,23,30,136.43,0.16,3,0,0,0,0,20.1,100,962,0,0,0,0,20.1,211,2.1
2018,5,28,0,30,123.71000000000001,0.16,3,0,0,0,0,19.900000000000002,100,962,0,0,0,0,19.900000000000002,215,2
2018,5,28,1,30,110.26,0.16,3.1,0,0,0,0,19.700000000000003,100,963,0,0,0,0,19.700000000000003,220,1.9000000000000001
2018,5,28,2,30,96.47,0.16,3.1,0,0,0,0,20,100,963,0,0,0,0,20,224,2.2
2018,5,28,3,30,82.43,0.16,3.1,51,188,76,0,20.200000000000003,91.31,964,51,188,0,76,21.700000000000003,222,3.5
2018,5,28,4,30,68.55,0.16,3.1,104,523,296,0,20.3,78.94,964,104,523,0,296,24.200000000000003,215,4.9
2018,5,28,5,30,54.77,0.16,3.2,130,684,525,0,19.6,65.61,964,130,684,0,525,26.6,213,5.6000000000000005
2018,5,28,6,30,41.39,0.16,3.2,153,754,719,0,18.900000000000002,55.68,963,153,754,0,719,28.6,213,5.800000000000001
2018,5,28,7,30,29.07,0.16,3.2,167,794,860,0,18.2,48.64,962,167,794,0,860,30.200000000000003,214,6
2018,5,28,8,30,20.03,0.16,3.3000000000000003,176,808,936,0,17.7,43.800000000000004,961,176,808,0,936,31.5,214,6
2018,5,28,9,30,19.54,0.16,3.4000000000000004,142,858,951,0,17.5,41.18,960,142,858,1,951,32.4,214,6
2018,5,28,10,30,28.060000000000002,0.16,3.5,137,841,879,1,17.6,40.56,959,137,841,0,879,32.7,214,5.9
2018,5,28,11,30,40.2,0.16,3.6,129,800,740,0,17.6,41.09,959,129,800,0,740,32.5,213,5.7
2018,5,28,12,30,53.52,0.16,3.8000000000000003,115,726,546,1,17.7,43.27,959,115,726,0,546,31.700000000000003,212,5.4
2018,5,28,13,30,67.28,0.16,3.8000000000000003,92,589,320,2,17.900000000000002,47.660000000000004,959,197,31,0,209,30.200000000000003,210,4.7
2018,5,28,14,30,81.15,0.16,3.9000000000000004,51,288,96,0,18.400000000000002,55.800000000000004,959,51,288,0,96,28.1,205,3.6
2018,5,28,15,30,95.18,0.16,4,0,0,0,0,19.3,64.57000000000001,960,0,0,0,0,26.5,199,3.4000000000000004
2018,5,28,16,30,108.98,0.16,3.9000000000000004,0,0,0,1,19.6,69.93,961,0,0,0,0,25.5,192,3.7
2018,5,28,17,30,122.45,0.16,3.9000000000000004,0,0,0,1,19.900000000000002,75.27,961,0,0,0,0,24.6,188,3.8000000000000003
2018,5,28,18,30,135.24,0.16,3.8000000000000003,0,0,0,0,20.3,81.56,962,0,0,0,0,23.6,188,3.6
2018,5,28,19,30,146.5,0.16,3.6,0,0,0,0,20.5,87.58,962,0,0,0,0,22.700000000000003,191,3.2
2018,5,28,20,30,154.08,0.16,3.5,0,0,0,0,20.700000000000003,92.28,961,0,0,0,0,22,195,3
2018,5,28,21,30,154.47,0.16,3.3000000000000003,0,0,0,0,20.8,96.35000000000001,961,0,0,0,0,21.400000000000002,199,2.8000000000000003
2018,5,28,22,30,147.41,0.16,3.2,0,0,0,0,20.900000000000002,99.77,961,0,0,0,0,20.900000000000002,203,2.6
2018,5,28,23,30,136.38,0.16,3.2,0,0,0,0,20.6,100,961,0,0,0,0,20.6,208,2.5
2018,5,29,0,30,123.68,0.16,3.1,0,0,0,0,20.400000000000002,100,961,0,0,0,0,20.400000000000002,213,2.4000000000000004
2018,5,29,1,30,110.26,0.16,3.2,0,0,0,0,20.200000000000003,100,962,0,0,0,0,20.200000000000003,219,2.4000000000000004
2018,5,29,2,30,96.48,0.16,3.2,0,0,0,0,20.400000000000002,100,962,0,0,0,0,20.400000000000002,224,2.6
2018,5,29,3,30,82.46000000000001,0.16,3.3000000000000003,50,193,75,0,20.6,92.28,963,50,193,0,75,21.900000000000002,223,3.5
2018,5,29,4,30,68.60000000000001,0.16,3.3000000000000003,102,527,294,0,20.6,79.84,963,102,527,0,294,24.3,218,4.6000000000000005
2018,5,29,5,30,54.83,0.16,3.3000000000000003,127,688,524,0,20.200000000000003,67.6,963,127,688,0,524,26.700000000000003,216,5.1000000000000005
2018,5,29,6,30,41.47,0.16,3.4000000000000004,142,770,718,0,19.900000000000002,58.65,962,142,770,0,718,28.8,217,5.2
2018,5,29,7,30,29.19,0.16,3.4000000000000004,149,818,863,0,19.6,52.06,962,149,818,0,863,30.6,217,5.2
2018,5,29,8,30,20.18,0.16,3.5,152,839,939,0,19.400000000000002,47.34,961,152,839,0,939,32,217,5.2
2018,5,29,9,30,19.67,0.16,3.6,137,861,947,0,19.200000000000003,44.36,960,137,861,0,947,32.9,217,5.2
2018,5,29,10,30,28.13,0.16,3.7,134,842,876,0,19,43.050000000000004,959,134,842,0,876,33.2,217,5.2
2018,5,29,11,30,40.230000000000004,0.16,3.7,125,804,739,0,18.7,43.160000000000004,958,125,804,0,739,32.9,217,5.1000000000000005
2018,5,29,12,30,53.53,0.16,3.8000000000000003,132,681,537,1,18.6,44.93,958,132,681,0,537,32,216,5
2018,5,29,13,30,67.26,0.16,3.8000000000000003,107,530,312,0,18.5,48.86,958,107,530,0,312,30.5,216,4.3
2018,5,29,14,30,81.12,0.16,3.9000000000000004,57,217,91,0,19,56.800000000000004,958,57,217,0,91,28.400000000000002,215,3.4000000000000004
2018,5,29,15,30,95.13,0.16,3.9000000000000004,0,0,0,0,19.900000000000002,65.78,959,0,0,0,0,26.8,212,3.1
2018,5,29,16,30,108.92,0.16,3.8000000000000003,0,0,0,0,20.1,70.06,960,0,0,0,0,26,207,3.4000000000000004
2018,5,29,17,30,122.37,0.16,3.8000000000000003,0,0,0,0,20.400000000000002,75.37,960,0,0,0,0,25.1,201,3.3000000000000003
2018,5,29,18,30,135.14000000000001,0.16,3.9000000000000004,0,0,0,0,20.700000000000003,80.36,960,0,0,0,0,24.3,196,3.3000000000000003
2018,5,29,19,30,146.37,0.16,3.9000000000000004,0,0,0,0,20.900000000000002,84.82000000000001,961,0,0,0,0,23.6,195,3.2
2018,5,29,20,30,153.93,0.16,3.8000000000000003,0,0,0,0,21.1,89.47,960,0,0,0,0,22.900000000000002,198,2.9000000000000004
2018,5,29,21,30,154.33,0.16,3.8000000000000003,0,0,0,1,21.3,94.5,960,0,0,0,0,22.200000000000003,204,2.7
2018,5,29,22,30,147.32,0.16,3.8000000000000003,0,0,0,0,21.400000000000002,97.85000000000001,960,0,0,0,0,21.8,212,2.6
2018,5,29,23,30,136.33,0.16,3.7,0,0,0,0,21.6,99.69,960,0,0,0,0,21.6,219,2.6
2018,5,30,0,30,123.66,0.16,3.7,0,0,0,0,21.5,100,960,0,0,0,0,21.5,225,2.7
2018,5,30,1,30,110.25,0.16,3.7,0,0,0,0,21.400000000000002,100,960,0,0,0,0,21.400000000000002,229,2.7
2018,5,30,2,30,96.5,0.16,3.8000000000000003,0,0,0,0,21.6,99.82000000000001,961,0,0,0,0,21.6,233,3
2018,5,30,3,30,82.49,0.16,3.8000000000000003,47,222,76,1,21.6,92.32000000000001,961,47,222,0,76,22.900000000000002,232,4
2018,5,30,4,30,68.64,0.16,3.9000000000000004,94,549,294,3,21.400000000000002,79.56,962,138,5,0,140,25.200000000000003,227,5.1000000000000005
2018,5,30,5,30,54.89,0.16,3.9000000000000004,119,698,521,1,20.900000000000002,67.12,962,119,698,0,521,27.5,225,5.4
2018,5,30,6,30,41.550000000000004,0.16,3.9000000000000004,165,717,701,3,20.5,58.81,961,393,86,0,457,29.400000000000002,224,5.5
2018,5,30,7,30,29.310000000000002,0.16,4,169,776,845,3,20.400000000000002,53.14,961,428,102,0,516,31.1,222,5.5
2018,5,30,8,30,20.330000000000002,0.16,4,167,808,925,1,20.400000000000002,49.84,960,167,808,0,925,32.2,221,5.5
2018,5,30,9,30,19.8,0.16,4,167,809,928,3,20.400000000000002,47.82,959,477,133,0,602,32.9,220,5.5
2018,5,30,10,30,28.2,0.16,4.1000000000000005,153,805,862,3,20.3,47.6,958,435,78,0,504,32.9,218,5.4
2018,5,30,11,30,40.26,0.16,4.1000000000000005,135,778,729,2,20.200000000000003,48.77,958,414,134,0,516,32.4,216,5.2
2018,5,30,12,30,53.53,0.16,4.2,114,719,541,3,20.200000000000003,51.28,958,296,52,0,327,31.5,211,4.9
2018,5,30,13,30,67.25,0.16,4.3,88,596,318,0,20.3,55.910000000000004,958,88,596,0,318,30.1,205,4.4
2018,5,30,14,30,81.09,0.16,4.4,48,311,97,8,20.900000000000002,64.91,959,77,43,7,83,28.1,196,3.6
2018,5,30,15,30,95.09,0.16,4.4,0,0,0,1,21.700000000000003,74.37,960,0,0,0,0,26.6,189,3.5
2018,5,30,16,30,108.86,0.16,4.4,0,0,0,0,22,80.25,961,0,0,0,0,25.700000000000003,184,3.8000000000000003
2018,5,30,17,30,122.3,0.16,4.4,0,0,0,0,22.3,84.76,961,0,0,0,0,25,182,3.8000000000000003
2018,5,30,18,30,135.04,0.16,4.4,0,0,0,3,22.3,88.25,962,0,0,0,0,24.400000000000002,181,3.7
2018,5,30,19,30,146.24,0.16,4.3,0,0,0,0,22.3,91.5,962,0,0,0,0,23.8,184,3.3000000000000003
2018,5,30,20,30,153.78,0.16,4.2,0,0,0,1,22.400000000000002,95.05,962,0,0,0,0,23.200000000000003,194,2.8000000000000003
2018,5,30,21,30,154.20000000000002,0.16,4.1000000000000005,0,0,0,0,22.400000000000002,98.04,961,0,0,0,0,22.700000000000003,203,2.7
2018,5,30,22,30,147.23,0.16,4.1000000000000005,0,0,0,0,22.3,99.57000000000001,960,0,0,0,0,22.400000000000002,209,2.8000000000000003
2018,5,30,23,30,136.28,0.16,4,0,0,0,7,22.200000000000003,100,960,0,0,0,0,22.200000000000003,210,2.7
2018,5,31,0,30,123.64,0.16,4,0,0,0,8,22.1,100,960,0,0,0,0,22.1,210,2.7
2018,5,31,1,30,110.26,0.16,4,0,0,0,3,22,100,960,0,0,0,0,22,211,2.8000000000000003
2018,5,31,2,30,96.51,0.16,4.1000000000000005,0,0,0,0,22.1,100,961,0,0,0,0,22.1,213,3.1
2018,5,31,3,30,82.52,0.16,4.2,41,293,79,3,22.200000000000003,94.67,961,51,1,7,51,23.1,212,3.8000000000000003
2018,5,31,4,30,68.69,0.16,4.3,77,612,300,3,22,83.07000000000001,962,138,7,0,141,25.1,211,4.5
2018,5,31,5,30,54.96,0.16,4.5,97,745,525,8,21.3,70.32000000000001,962,252,128,0,326,27.200000000000003,209,4.800000000000001
2018,5,31,6,30,41.64,0.16,4.6000000000000005,111,812,718,7,20.900000000000002,61.71,962,266,440,0,594,29,208,4.7
2018,5,31,7,30,29.42,0.16,4.800000000000001,121,846,857,7,20.8,56.74,961,348,349,0,653,30.3,206,4.7
2018,5,31,8,30,20.48,0.16,4.9,125,861,932,7,20.700000000000003,54.72,960,318,460,0,749,30.900000000000002,206,4.7
2018,5,31,9,30,19.93,0.16,4.9,124,864,936,7,20.700000000000003,53.49,959,367,355,0,700,31.3,206,4.9
2018,5,31,10,30,28.26,0.16,5,116,855,869,7,20.700000000000003,53.06,958,305,419,0,674,31.400000000000002,204,4.9
2018,5,31,11,30,40.28,0.16,5,106,825,735,7,20.8,55.52,958,255,406,0,565,30.700000000000003,200,4.800000000000001
2018,5,31,12,30,53.53,0.16,5.1000000000000005,135,662,528,7,21.1,60.59,958,270,213,7,396,29.5,195,4.6000000000000005
2018,5,31,13,30,67.23,0.16,5.2,108,513,307,8,21.5,67.49,958,86,3,7,87,28.1,188,4
2018,5,31,14,30,81.06,0.16,5.2,58,205,90,3,22.200000000000003,76.71000000000001,959,24,0,0,24,26.6,181,3.4000000000000004
2018,5,31,15,30,95.04,0.16,5.2,0,0,0,7,22.700000000000003,84.93,960,0,0,0,0,25.400000000000002,176,3.2
2018,5,31,16,30,108.8,0.16,5.2,0,0,0,7,22.900000000000002,89.73,961,0,0,0,0,24.700000000000003,174,3.3000000000000003
2018,5,31,17,30,122.22,0.16,5.2,0,0,0,7,23,93.8,962,0,0,0,0,24.1,175,3.4000000000000004
2018,5,31,18,30,134.94,0.16,5.1000000000000005,0,0,0,7,23,97.28,962,0,0,0,0,23.5,178,3.5
2018,5,31,19,30,146.12,0.16,5,0,0,0,7,23,99.59,962,0,0,0,0,23.1,183,3.3000000000000003
2018,5,31,20,30,153.63,0.16,4.9,0,0,0,7,22.8,100,962,0,0,0,0,22.8,189,3.2
2018,5,31,21,30,154.07,0.16,4.800000000000001,0,0,0,7,22.5,100,961,0,0,0,0,22.5,194,3.1
2018,5,31,22,30,147.15,0.16,4.7,0,0,0,7,22.400000000000002,100,961,0,0,0,0,22.400000000000002,198,3
2018,5,31,23,30,136.24,0.16,4.7,0,0,0,7,22.200000000000003,100,961,0,0,0,0,22.200000000000003,200,2.9000000000000004
2018,6,1,0,30,123.63000000000001,0.16,4.6000000000000005,0,0,0,7,22.1,100,961,0,0,0,0,22.1,202,2.8000000000000003
2018,6,1,1,30,110.26,0.16,4.5,0,0,0,8,22,100,961,0,0,0,0,22,202,2.9000000000000004
2018,6,1,2,30,96.53,0.16,4.4,0,0,0,3,22.200000000000003,100,962,0,0,0,0,22.200000000000003,203,3.2
2018,6,1,3,30,82.55,0.16,4.4,44,241,75,3,22.400000000000002,96.62,962,54,2,7,55,23,203,4.1000000000000005
2018,6,1,4,30,68.73,0.16,4.3,85,574,293,3,22.5,87.86,963,172,17,0,178,24.6,203,5.1000000000000005
2018,6,1,5,30,55.02,0.16,4.3,107,721,520,3,21.700000000000003,74.41,963,295,209,0,415,26.6,203,5.5
2018,6,1,6,30,41.72,0.16,4.3,119,797,714,0,21,64.16,962,119,797,0,714,28.400000000000002,203,5.7
2018,6,1,7,30,29.53,0.16,4.4,127,838,856,8,20.6,57.89,962,320,432,0,695,29.8,204,5.800000000000001
2018,6,1,8,30,20.62,0.16,4.5,129,857,932,8,20.3,53.5,961,401,291,0,673,30.8,204,5.800000000000001
2018,6,1,9,30,20.05,0.16,4.6000000000000005,128,859,935,7,20.1,51.08,960,242,620,0,824,31.400000000000002,204,5.800000000000001
2018,6,1,10,30,28.32,0.16,4.6000000000000005,124,844,867,7,20,50.620000000000005,959,279,513,0,731,31.5,205,5.6000000000000005
2018,6,1,11,30,40.300000000000004,0.16,4.7,115,810,732,8,20,51.51,959,338,202,0,492,31.200000000000003,204,5.5
2018,6,1,12,30,53.53,0.16,4.7,101,745,544,3,20,54.61,958,195,1,0,196,30.200000000000003,203,5.300000000000001
2018,6,1,13,30,67.21000000000001,0.16,4.800000000000001,82,617,321,1,20.200000000000003,59.81,959,82,617,0,321,28.8,200,4.800000000000001
2018,6,1,14,30,81.03,0.16,4.800000000000001,48,319,98,3,20.6,68.51,959,22,0,0,22,26.900000000000002,196,3.9000000000000004
2018,6,1,15,30,94.99,0.16,4.800000000000001,0,0,0,3,21.200000000000003,76.98,960,0,0,0,0,25.5,190,3.6
2018,6,1,16,30,108.73,0.16,4.7,0,0,0,3,21.400000000000002,81.8,961,0,0,0,0,24.700000000000003,185,3.8000000000000003
2018,6,1,17,30,122.14,0.16,4.6000000000000005,0,0,0,7,21.400000000000002,85.17,961,0,0,0,0,24,180,3.9000000000000004
2018,6,1,18,30,134.85,0.16,4.4,0,0,0,7,21.200000000000003,88.28,962,0,0,0,0,23.200000000000003,178,3.9000000000000004
2018,6,1,19,30,146,0.16,4.3,0,0,0,7,20.900000000000002,91.3,962,0,0,0,0,22.400000000000002,179,3.5
2018,6,1,20,30,153.49,0.16,4.1000000000000005,0,0,0,7,20.8,94.81,961,0,0,0,0,21.700000000000003,182,3
2018,6,1,21,30,153.95000000000002,0.16,4,0,0,0,7,20.8,98.09,961,0,0,0,0,21.1,186,2.8000000000000003
2018,6,1,22,30,147.08,0.16,3.9000000000000004,0,0,0,7,20.700000000000003,99.5,961,0,0,0,0,20.8,192,2.7
2018,6,1,23,30,136.2,0.16,3.8000000000000003,0,0,0,7,20.6,100,961,0,0,0,0,20.6,197,2.6
2018,6,2,0,30,123.62,0.16,3.7,0,0,0,8,20.5,100,961,0,0,0,0,20.5,202,2.3000000000000003
2018,6,2,1,30,110.27,0.16,3.7,0,0,0,7,20.400000000000002,100,961,0,0,0,0,20.400000000000002,205,2.3000000000000003
2018,6,2,2,30,96.55,0.16,3.7,0,0,0,7,20.5,99.58,962,0,0,0,0,20.6,206,2.6
2018,6,2,3,30,82.58,0.16,3.7,45,241,76,0,20.6,94.26,962,45,241,0,76,21.6,205,3.4000000000000004
2018,6,2,4,30,68.78,0.16,3.8000000000000003,84,589,297,3,20.8,84.22,963,192,52,0,211,23.6,203,4.5
2018,6,2,5,30,55.08,0.16,3.8000000000000003,100,745,526,8,20.3,71.61,963,228,351,0,429,25.8,204,5.1000000000000005
2018,6,2,6,30,41.800000000000004,0.16,3.9000000000000004,109,824,723,3,19.900000000000002,62.6,963,398,146,0,507,27.700000000000003,207,5.300000000000001
2018,6,2,7,30,29.64,0.16,3.9000000000000004,111,870,867,8,19.700000000000003,55.99,962,358,328,0,643,29.400000000000002,209,5.5
2018,6,2,8,30,20.75,0.16,4,111,890,943,7,19.5,50.95,961,409,72,0,476,30.8,210,5.6000000000000005
2018,6,2,9,30,20.16,0.16,4.1000000000000005,110,892,947,7,19.200000000000003,47.730000000000004,960,394,34,0,426,31.6,210,5.6000000000000005
2018,6,2,10,30,28.38,0.16,4.1000000000000005,106,879,879,3,18.8,45.87,960,182,0,0,182,31.900000000000002,208,5.5
2018,6,2,11,30,40.32,0.16,4.2,99,845,743,3,18.400000000000002,45.32,959,201,0,0,201,31.700000000000003,206,5.4
2018,6,2,12,30,53.52,0.16,4.2,90,779,553,7,18.1,46.33,959,135,3,0,137,30.900000000000002,202,5.2
2018,6,2,13,30,67.19,0.16,4.2,74,657,329,3,17.8,49.45,959,71,0,0,71,29.5,198,4.7
2018,6,2,14,30,80.99,0.16,4.2,45,363,102,1,18.2,57.76,960,45,363,0,102,27.200000000000003,190,3.7
2018,6,2,15,30,94.94,0.16,4.1000000000000005,0,0,0,3,18.8,67.77,960,0,0,0,0,25.200000000000003,183,3.3000000000000003
2018,6,2,16,30,108.67,0.16,4,0,0,0,0,18.900000000000002,74.28,961,0,0,0,0,23.700000000000003,178,3.4000000000000004
2018,6,2,17,30,122.07000000000001,0.16,3.9000000000000004,0,0,0,0,18.7,79.28,962,0,0,0,0,22.5,178,3.4000000000000004
2018,6,2,18,30,134.75,0.16,3.8000000000000003,0,0,0,3,18.6,83.46000000000001,962,0,0,0,0,21.5,182,3.3000000000000003
2018,6,2,19,30,145.88,0.16,3.7,0,0,0,0,18.6,87.61,962,0,0,0,0,20.700000000000003,186,3.1
2018,6,2,20,30,153.36,0.16,3.6,0,0,0,0,18.7,91.31,962,0,0,0,0,20.200000000000003,189,2.9000000000000004
2018,6,2,21,30,153.84,0.16,3.6,0,0,0,0,19,94.95,961,0,0,0,0,19.8,190,2.7
2018,6,2,22,30,147.01,0.16,3.7,0,0,0,0,19.200000000000003,97.94,961,0,0,0,0,19.5,191,2.7
2018,6,2,23,30,136.17000000000002,0.16,3.8000000000000003,0,0,0,1,19.3,98.79,961,0,0,0,0,19.5,194,2.7
2018,6,3,0,30,123.61,0.16,3.9000000000000004,0,0,0,0,19.400000000000002,99.52,961,0,0,0,0,19.5,198,2.6
2018,6,3,1,30,110.27,0.16,4.1000000000000005,0,0,0,0,19.5,99.64,962,0,0,0,0,19.6,203,2.4000000000000004
2018,6,3,2,30,96.58,0.16,4.1000000000000005,0,0,0,0,19.6,98.39,962,0,0,0,0,19.900000000000002,208,2.7
2018,6,3,3,30,82.62,0.16,4.2,46,216,74,2,19.8,92.55,963,58,4,7,59,21.1,208,3.7
2018,6,3,4,30,68.83,0.16,4.2,90,554,290,0,20.3,82.03,963,90,554,0,290,23.5,205,5
2018,6,3,5,30,55.14,0.16,4.1000000000000005,110,715,518,0,19.900000000000002,68.96000000000001,963,110,715,0,518,26,203,5.800000000000001
2018,6,3,6,30,41.88,0.16,4.1000000000000005,118,801,714,0,19.5,59.99,962,118,801,0,714,28,204,6
2018,6,3,7,30,29.740000000000002,0.16,4.1000000000000005,123,847,858,0,19.3,53.730000000000004,962,123,847,0,858,29.700000000000003,205,6.1000000000000005
2018,6,3,8,30,20.88,0.16,4.1000000000000005,123,870,936,0,19,48.63,961,123,870,0,936,31.1,206,6.1000000000000005
2018,6,3,9,30,20.26,0.16,4.1000000000000005,123,872,941,1,18.7,45.53,960,123,872,0,941,31.900000000000002,207,6
2018,6,3,10,30,28.43,0.16,4.1000000000000005,117,860,873,3,18.3,44.02,959,462,161,0,603,32.1,208,6
2018,6,3,11,30,40.34,0.16,4.2,108,827,738,3,18,43.94,958,183,0,0,183,31.8,208,5.800000000000001
2018,6,3,12,30,53.51,0.16,4.2,100,754,548,3,17.900000000000002,45.96,958,165,0,0,165,30.900000000000002,206,5.6000000000000005
2018,6,3,13,30,67.16,0.16,4.3,84,617,323,3,18,50.44,958,142,4,0,143,29.400000000000002,202,5.1000000000000005
2018,6,3,14,30,80.95,0.16,4.4,50,309,99,3,18.5,58.5,959,22,0,7,22,27.400000000000002,197,4.3
2018,6,3,15,30,94.9,0.16,4.4,0,0,0,3,19.3,67.6,960,0,0,0,0,25.700000000000003,190,4
2018,6,3,16,30,108.61,0.16,4.4,0,0,0,3,19.6,73.76,960,0,0,0,0,24.6,185,4.2
2018,6,3,17,30,121.99000000000001,0.16,4.3,0,0,0,0,19.8,78.89,961,0,0,0,0,23.700000000000003,181,4.1000000000000005
2018,6,3,18,30,134.66,0.16,4.3,0,0,0,0,20,84.07000000000001,961,0,0,0,0,22.8,180,3.8000000000000003
2018,6,3,19,30,145.77,0.16,4.2,0,0,0,0,20.1,88.92,961,0,0,0,0,22,181,3.5
2018,6,3,20,30,153.23,0.16,4.2,0,0,0,0,20.200000000000003,93.11,961,0,0,0,0,21.400000000000002,185,3.3000000000000003
2018,6,3,21,30,153.73,0.16,4.2,0,0,0,0,20.400000000000002,96.46000000000001,960,0,0,0,0,21,193,3.1
2018,6,3,22,30,146.94,0.16,4.2,0,0,0,0,20.6,98.58,960,0,0,0,0,20.8,202,2.9000000000000004
2018,6,3,23,30,136.14000000000001,0.16,4.2,0,0,0,0,20.6,99.65,960,0,0,0,0,20.700000000000003,207,2.9000000000000004
2018,6,4,0,30,123.60000000000001,0.16,4.2,0,0,0,0,20.6,100,960,0,0,0,0,20.6,208,2.8000000000000003
2018,6,4,1,30,110.29,0.16,4.2,0,0,0,0,20.6,100,960,0,0,0,0,20.6,209,2.6
2018,6,4,2,30,96.60000000000001,0.16,4.2,0,0,0,0,20.700000000000003,99.92,961,0,0,0,0,20.700000000000003,210,2.9000000000000004
2018,6,4,3,30,82.66,0.16,4.3,45,219,73,0,20.8,94.60000000000001,961,45,219,0,73,21.700000000000003,209,4
2018,6,4,4,30,68.88,0.16,4.3,86,564,290,3,20.700000000000003,83.99,961,183,30,0,194,23.6,205,5.4
2018,6,4,5,30,55.21,0.16,4.3,105,720,516,0,20,71.28,962,105,720,0,516,25.6,204,6
2018,6,4,6,30,41.96,0.16,4.3,168,705,692,1,19.5,61.910000000000004,961,168,705,0,692,27.400000000000002,204,6.2
2018,6,4,7,30,29.84,0.16,4.3,182,748,830,3,19.200000000000003,55.77,960,434,100,0,520,28.900000000000002,205,6.4
2018,6,4,8,30,21.01,0.16,4.4,188,769,906,3,19,51.45,960,461,74,0,530,30.1,207,6.4
2018,6,4,9,30,20.36,0.16,4.4,189,768,910,3,18.7,48.92,958,455,51,0,503,30.700000000000003,209,6.4
2018,6,4,10,30,28.47,0.16,4.4,183,751,843,3,18.7,48.38,958,343,2,0,345,30.8,210,6.2
2018,6,4,11,30,40.35,0.16,4.4,167,714,711,3,18.6,49.35,957,401,90,0,470,30.400000000000002,209,5.9
2018,6,4,12,30,53.5,0.16,4.4,144,646,528,3,18.6,52.38,957,117,0,0,117,29.400000000000002,206,5.6000000000000005
2018,6,4,13,30,67.14,0.16,4.4,112,508,309,3,18.8,57.83,957,48,0,0,48,27.900000000000002,202,5
2018,6,4,14,30,80.92,0.16,4.4,60,204,93,3,19.3,66.41,958,30,0,7,30,26,198,4.2
2018,6,4,15,30,94.85000000000001,0.16,4.3,0,0,0,3,19.900000000000002,75.34,959,0,0,0,0,24.5,195,3.8000000000000003
2018,6,4,16,30,108.55,0.16,4.3,0,0,0,3,20.1,80.69,959,0,0,0,0,23.6,193,3.8000000000000003
2018,6,4,17,30,121.92,0.16,4.2,0,0,0,3,20.1,83.96000000000001,960,0,0,0,0,23,192,3.7
2018,6,4,18,30,134.57,0.16,4.1000000000000005,0,0,0,3,20,86.57000000000001,960,0,0,0,0,22.400000000000002,192,3.4000000000000004
2018,6,4,19,30,145.66,0.16,4,0,0,0,1,19.900000000000002,89.13,960,0,0,0,0,21.8,194,2.9000000000000004
2018,6,4,20,30,153.11,0.16,3.9000000000000004,0,0,0,1,19.8,91.88,959,0,0,0,0,21.200000000000003,197,2.6
2018,6,4,21,30,153.63,0.16,3.8000000000000003,0,0,0,3,19.700000000000003,94,959,0,0,0,0,20.700000000000003,204,2.6
2018,6,4,22,30,146.88,0.16,3.8000000000000003,0,0,0,4,19.6,96.21000000000001,959,0,0,0,0,20.200000000000003,210,2.6
2018,6,4,23,30,136.11,0.16,3.9000000000000004,0,0,0,3,19.5,97.64,959,0,0,0,0,19.900000000000002,216,2.7
2018,6,5,0,30,123.60000000000001,0.16,3.9000000000000004,0,0,0,0,19.5,99.46000000000001,959,0,0,0,0,19.6,220,2.7
2018,6,5,1,30,110.3,0.16,4,0,0,0,3,19.5,100,960,0,0,0,0,19.5,224,2.8000000000000003
2018,6,5,2,30,96.63,0.16,4.1000000000000005,0,0,0,0,19.6,98.49000000000001,960,0,0,0,0,19.8,227,3.1
2018,6,5,3,30,82.69,0.16,4.1000000000000005,52,114,66,0,19.6,91.36,961,52,114,0,66,21.1,223,4.2
2018,6,5,4,30,68.93,0.16,4.1000000000000005,117,441,276,0,19.5,78.56,961,117,441,0,276,23.400000000000002,216,5.7
2018,6,5,5,30,55.27,0.16,4.1000000000000005,147,618,499,3,18.7,65.2,961,272,33,0,291,25.700000000000003,213,6.5
2018,6,5,6,30,42.04,0.16,4.1000000000000005,162,716,694,3,17.900000000000002,55.5,961,403,103,0,479,27.6,212,6.800000000000001
2018,6,5,7,30,29.94,0.16,4.1000000000000005,170,770,838,8,17.3,48.660000000000004,960,307,489,0,731,29.200000000000003,212,6.800000000000001
2018,6,5,8,30,21.13,0.16,4.1000000000000005,175,792,914,2,17,44.54,960,490,136,0,617,30.400000000000002,213,6.800000000000001
2018,6,5,9,30,20.46,0.16,4.2,177,791,918,3,16.900000000000002,42.12,959,422,13,0,434,31.3,215,6.7
2018,6,5,10,30,28.51,0.16,4.3,173,769,849,3,17,41.62,958,393,13,0,404,31.6,216,6.6000000000000005
2018,6,5,11,30,40.35,0.16,4.3,160,731,716,3,17.1,42.65,958,183,0,0,183,31.3,216,6.4
2018,6,5,12,30,53.49,0.16,4.4,143,646,528,3,17.2,45.45,957,170,0,0,170,30.3,215,6.1000000000000005
2018,6,5,13,30,67.11,0.16,4.4,112,510,310,3,17.400000000000002,50.33,958,90,0,0,90,28.8,213,5.5
2018,6,5,14,30,80.88,0.16,4.5,59,216,94,3,17.900000000000002,57.1,959,4,0,0,4,27.1,209,4.6000000000000005
2018,6,5,15,30,94.8,0.16,4.5,0,0,0,3,18.5,65.28,960,0,0,0,0,25.5,205,4.1000000000000005
2018,6,5,16,30,108.49000000000001,0.16,4.5,0,0,0,1,19,71,960,0,0,0,0,24.6,201,4
2018,6,5,17,30,121.84,0.16,4.4,0,0,0,3,19.200000000000003,75.2,961,0,0,0,0,23.900000000000002,199,4.2
2018,6,5,18,30,134.48,0.16,4.4,0,0,0,3,19.3,78.33,962,0,0,0,0,23.3,199,4.1000000000000005
2018,6,5,19,30,145.55,0.16,4.3,0,0,0,0,19.5,83.29,962,0,0,0,0,22.5,202,3.7
2018,6,5,20,30,152.99,0.16,4.2,0,0,0,0,19.8,87.66,962,0,0,0,0,21.900000000000002,205,3.6
2018,6,5,21,30,153.53,0.16,4.1000000000000005,0,0,0,0,19.900000000000002,91.44,961,0,0,0,0,21.400000000000002,210,3.6
2018,6,5,22,30,146.83,0.16,4,0,0,0,0,20.1,94.59,961,0,0,0,0,21,214,3.7
2018,6,5,23,30,136.09,0.16,3.9000000000000004,0,0,0,3,20.200000000000003,96.16,961,0,0,0,0,20.8,216,3.9000000000000004
2018,6,6,0,30,123.60000000000001,0.15,3.9000000000000004,0,0,0,8,20.200000000000003,96.87,962,0,0,0,0,20.700000000000003,217,4
2018,6,6,1,30,110.32000000000001,0.15,3.9000000000000004,0,0,0,0,20.200000000000003,97.15,962,0,0,0,0,20.700000000000003,219,3.8000000000000003
2018,6,6,2,30,96.66,0.15,3.9000000000000004,0,0,0,7,20.3,96.95,963,0,0,0,0,20.8,220,3.9000000000000004
2018,6,6,3,30,82.73,0.15,4,53,80,63,5,20.400000000000002,91.02,963,54,1,7,54,21.900000000000002,218,4.7
2018,6,6,4,30,68.98,0.15,4,129,393,270,4,20.3,80.12,964,119,0,0,119,23.900000000000002,213,5.9
2018,6,6,5,30,55.33,0.15,4.1000000000000005,164,576,491,3,19.700000000000003,68.60000000000001,964,316,72,0,357,25.900000000000002,210,6.7
2018,6,6,6,30,42.12,0.15,4.2,210,624,673,2,19.1,59.660000000000004,963,427,139,0,529,27.700000000000003,210,6.800000000000001
2018,6,6,7,30,30.04,0.15,4.3,223,682,814,3,18.7,53.480000000000004,963,399,18,0,415,29.1,211,6.7
2018,6,6,8,30,21.240000000000002,0.15,4.4,228,710,890,3,18.400000000000002,49.18,962,125,0,0,125,30.200000000000003,212,6.6000000000000005
2018,6,6,9,30,20.54,0.15,4.5,224,717,896,3,18.2,47.19,961,419,11,0,429,30.700000000000003,214,6.4
2018,6,6,10,30,28.55,0.15,4.5,211,707,832,3,18.1,47.050000000000004,961,280,1,0,280,30.700000000000003,216,6.1000000000000005
2018,6,6,11,30,40.36,0.15,4.6000000000000005,188,675,702,3,18.1,48.47,960,182,0,0,182,30.200000000000003,216,5.9
2018,6,6,12,30,53.47,0.15,4.6000000000000005,159,606,520,3,18.3,51.79,960,124,0,0,124,29.200000000000003,214,5.6000000000000005
2018,6,6,13,30,67.08,0.15,4.7,121,471,304,3,18.5,57.1,960,132,2,0,132,27.8,210,5.2
2018,6,6,14,30,80.84,0.15,4.7,61,191,92,3,19,64.78,961,8,0,7,8,26.1,204,4.4
2018,6,6,15,30,94.74,0.15,4.7,0,0,0,3,19.6,73.16,962,0,0,0,0,24.700000000000003,198,4
2018,6,6,16,30,108.43,0.15,4.6000000000000005,0,0,0,3,19.900000000000002,78.91,962,0,0,0,0,23.8,194,4
2018,6,6,17,30,121.77,0.15,4.5,0,0,0,1,20,82.25,963,0,0,0,0,23.200000000000003,191,3.8000000000000003
2018,6,6,18,30,134.39000000000001,0.15,4.3,0,0,0,0,19.900000000000002,85.44,963,0,0,0,0,22.5,188,3.5
2018,6,6,19,30,145.45000000000002,0.15,4.2,0,0,0,0,19.8,87.83,963,0,0,0,0,21.900000000000002,189,3.2
2018,6,6,20,30,152.88,0.15,4.1000000000000005,0,0,0,0,19.700000000000003,89.84,963,0,0,0,0,21.400000000000002,193,3.2
2018,6,6,21,30,153.45000000000002,0.15,4.2,0,0,0,0,19.700000000000003,91.86,963,0,0,0,0,21.1,200,3.2
2018,6,6,22,30,146.78,0.15,4.3,0,0,0,0,20,94.55,962,0,0,0,0,20.900000000000002,208,3.1
2018,6,6,23,30,136.08,0.15,4.4,0,0,0,0,20.3,96.10000000000001,962,0,0,0,0,20.900000000000002,214,3
2018,6,7,0,30,123.60000000000001,0.15,4.5,0,0,0,0,20.5,97.87,963,0,0,0,0,20.8,217,2.9000000000000004
2018,6,7,1,30,110.34,0.15,4.6000000000000005,0,0,0,0,20.6,99.28,963,0,0,0,0,20.700000000000003,217,2.6
2018,6,7,2,30,96.69,0.15,4.6000000000000005,0,0,0,3,20.700000000000003,98.7,964,0,0,0,0,20.900000000000002,217,2.8000000000000003
2018,6,7,3,30,82.78,0.15,4.6000000000000005,50,129,66,3,20.8,91.67,964,43,0,7,43,22.200000000000003,211,4.2
2018,6,7,4,30,69.03,0.15,4.6000000000000005,111,457,275,3,20.6,80.17,964,139,5,0,141,24.200000000000003,205,5.7
2018,6,7,5,30,55.4,0.15,4.7,142,622,495,1,20,69.16,964,142,622,0,495,26.1,202,6.300000000000001
2018,6,7,6,30,42.2,0.15,4.7,162,708,686,3,19.6,60.7,964,340,31,0,363,27.900000000000002,201,6.5
2018,6,7,7,30,30.13,0.15,4.800000000000001,176,751,825,3,19.400000000000002,55.61,963,244,0,0,244,29.200000000000003,200,6.5
2018,6,7,8,30,21.35,0.15,4.9,184,769,901,3,19.5,53.86,962,423,18,0,440,29.8,198,6.4
2018,6,7,9,30,20.62,0.15,4.9,196,754,902,3,19.700000000000003,54.24,962,457,70,0,523,29.900000000000002,196,6.4
2018,6,7,10,30,28.580000000000002,0.15,5,195,727,833,2,19.8,55.75,961,471,262,0,701,29.6,194,6.300000000000001
2018,6,7,11,30,40.36,0.15,5,180,686,703,3,19.900000000000002,58.42,961,281,2,0,282,28.900000000000002,193,6.2
2018,6,7,12,30,53.46,0.15,5,234,434,492,3,20,61.84,961,57,0,0,57,28,191,6
2018,6,7,13,30,67.05,0.15,5,166,305,285,3,20,66.46000000000001,961,20,0,0,20,26.8,190,5.5
2018,6,7,14,30,80.79,0.15,5,70,80,83,3,20,72.28,962,12,0,7,12,25.400000000000002,188,4.7
2018,6,7,15,30,94.69,0.15,4.9,0,0,0,3,20.200000000000003,78.36,963,0,0,0,0,24.200000000000003,187,3.9000000000000004
2018,6,7,16,30,108.36,0.15,4.800000000000001,0,0,0,3,20.3,82.15,963,0,0,0,0,23.5,187,3.5
2018,6,7,17,30,121.69,0.15,4.800000000000001,0,0,0,3,20.400000000000002,85.58,964,0,0,0,0,22.900000000000002,190,3.2
2018,6,7,18,30,134.31,0.15,4.7,0,0,0,3,20.400000000000002,88.44,964,0,0,0,0,22.400000000000002,195,3.2
2018,6,7,19,30,145.35,0.15,4.6000000000000005,0,0,0,3,20.400000000000002,90.81,964,0,0,0,0,22,200,3.4000000000000004
2018,6,7,20,30,152.78,0.15,4.6000000000000005,0,0,0,3,20.400000000000002,93.01,964,0,0,0,0,21.6,207,3.6
2018,6,7,21,30,153.36,0.15,4.6000000000000005,0,0,0,3,20.400000000000002,95.02,963,0,0,0,0,21.200000000000003,213,3.8000000000000003
2018,6,7,22,30,146.74,0.15,4.6000000000000005,0,0,0,3,20.3,96.64,963,0,0,0,0,20.900000000000002,217,3.7
2018,6,7,23,30,136.06,0.15,4.6000000000000005,0,0,0,3,20.3,97.79,963,0,0,0,0,20.700000000000003,221,3.6
2018,6,8,0,30,123.61,0.15,4.6000000000000005,0,0,0,3,20.3,98.28,963,0,0,0,0,20.6,224,3.5
2018,6,8,1,30,110.36,0.15,4.6000000000000005,0,0,0,4,20.3,98.2,964,0,0,0,0,20.6,225,3.5
2018,6,8,2,30,96.72,0.15,4.6000000000000005,0,0,0,3,20.3,97.39,964,0,0,0,0,20.700000000000003,225,3.7
2018,6,8,3,30,82.82000000000001,0.15,4.6000000000000005,49,140,67,3,20.3,91.71000000000001,965,50,1,7,50,21.700000000000003,224,4.3
2018,6,8,4,30,69.09,0.15,4.6000000000000005,105,480,276,3,20.1,80.86,965,116,1,0,116,23.6,217,5.300000000000001
2018,6,8,5,30,55.46,0.15,4.6000000000000005,129,655,500,3,19.8,69.33,965,257,32,0,275,25.8,211,5.9
2018,6,8,6,30,42.27,0.15,4.6000000000000005,145,739,692,3,19.5,60.980000000000004,965,400,134,0,500,27.700000000000003,207,6
2018,6,8,7,30,30.23,0.15,4.6000000000000005,153,789,834,3,19.400000000000002,54.94,964,363,6,0,368,29.400000000000002,204,6.2
2018,6,8,8,30,21.45,0.15,4.6000000000000005,154,815,913,1,19.200000000000003,50.46,963,154,815,0,913,30.700000000000003,204,6.300000000000001
2018,6,8,9,30,20.7,0.15,4.6000000000000005,157,813,917,2,19,47.62,962,500,223,0,708,31.5,203,6.300000000000001
2018,6,8,10,30,28.61,0.15,4.6000000000000005,155,793,850,3,18.8,46.25,961,458,134,0,575,31.8,202,6.300000000000001
2018,6,8,11,30,40.36,0.15,4.6000000000000005,149,746,717,3,18.6,46.31,960,290,2,0,292,31.5,200,6.300000000000001
2018,6,8,12,30,53.43,0.15,4.6000000000000005,136,661,530,3,18.5,48.94,960,78,0,0,78,30.400000000000002,198,6.2
2018,6,8,13,30,67.02,0.15,4.6000000000000005,112,508,310,3,18.6,54.88,961,208,50,0,228,28.6,195,5.800000000000001
2018,6,8,14,30,80.75,0.15,4.6000000000000005,62,196,94,3,19,62.190000000000005,961,18,0,0,18,26.8,192,4.9
2018,6,8,15,30,94.64,0.15,4.6000000000000005,0,0,0,3,19.400000000000002,69.39,962,0,0,0,0,25.400000000000002,190,4.3
2018,6,8,16,30,108.3,0.15,4.6000000000000005,0,0,0,3,19.700000000000003,74.55,963,0,0,0,0,24.5,188,4.1000000000000005
2018,6,8,17,30,121.62,0.15,4.5,0,0,0,3,19.8,78.92,963,0,0,0,0,23.700000000000003,187,3.9000000000000004
2018,6,8,18,30,134.23,0.15,4.4,0,0,0,1,20,83.23,964,0,0,0,0,23,186,3.7
2018,6,8,19,30,145.25,0.15,4.4,0,0,0,3,20.200000000000003,87.29,964,0,0,0,0,22.400000000000002,188,3.5
2018,6,8,20,30,152.68,0.15,4.3,0,0,0,3,20.400000000000002,91.7,964,0,0,0,0,21.8,195,3.6
2018,6,8,21,30,153.29,0.15,4.2,0,0,0,3,20.5,94.49,963,0,0,0,0,21.400000000000002,204,4
2018,6,8,22,30,146.70000000000002,0.15,4.1000000000000005,0,0,0,3,20.3,95.26,963,0,0,0,0,21.1,211,4.1000000000000005
2018,6,8,23,30,136.05,0.15,4.1000000000000005,0,0,0,3,20.200000000000003,96.16,963,0,0,0,0,20.8,216,3.8000000000000003
2018,6,9,0,30,123.62,0.15,4.1000000000000005,0,0,0,3,20.200000000000003,97.33,963,0,0,0,0,20.6,217,3.5
2018,6,9,1,30,110.38,0.15,4.1000000000000005,0,0,0,0,20.200000000000003,98.13,963,0,0,0,0,20.5,219,3.2
2018,6,9,2,30,96.76,0.15,4.1000000000000005,0,0,0,0,20.200000000000003,97.18,964,0,0,0,0,20.700000000000003,221,3.3000000000000003
2018,6,9,3,30,82.86,0.15,4.1000000000000005,44,207,70,0,20.3,91.55,964,44,207,0,70,21.700000000000003,222,4.1000000000000005
2018,6,9,4,30,69.14,0.15,4.1000000000000005,87,555,284,2,20,80.98,965,174,22,0,182,23.5,219,5.1000000000000005
2018,6,9,5,30,55.52,0.15,4.1000000000000005,106,714,510,0,19.6,69.39,964,106,714,0,510,25.6,215,5.5
2018,6,9,6,30,42.35,0.15,4.1000000000000005,117,796,705,0,19.3,60.550000000000004,964,117,796,0,705,27.6,212,5.6000000000000005
2018,6,9,7,30,30.310000000000002,0.15,4.2,124,838,847,0,19.1,54.07,963,124,838,0,847,29.3,210,5.7
2018,6,9,8,30,21.55,0.15,4.2,126,859,924,0,18.900000000000002,49.32,962,126,859,0,924,30.700000000000003,210,5.7
2018,6,9,9,30,20.76,0.15,4.2,120,869,933,3,18.7,45.97,961,461,140,0,592,31.700000000000003,210,5.7
2018,6,9,10,30,28.63,0.15,4.3,115,856,866,3,18.3,44.07,960,407,38,0,441,32.1,211,5.7
2018,6,9,11,30,40.35,0.15,4.3,109,821,735,3,18.1,44.02,959,283,2,0,285,31.8,210,5.6000000000000005
2018,6,9,12,30,53.410000000000004,0.15,4.3,142,650,530,2,17.900000000000002,46.160000000000004,959,290,43,0,316,30.8,205,5.4
2018,6,9,13,30,66.98,0.15,4.3,117,492,309,3,18,50.99,960,126,1,0,126,29.200000000000003,199,4.9
2018,6,9,14,30,80.71000000000001,0.15,4.3,64,181,93,3,18.5,58.36,960,5,0,0,5,27.400000000000002,190,4.2
2018,6,9,15,30,94.59,0.15,4.3,0,0,0,3,19.200000000000003,66.63,961,0,0,0,0,25.900000000000002,183,4
2018,6,9,16,30,108.24000000000001,0.15,4.3,0,0,0,0,19.5,72.11,962,0,0,0,0,24.900000000000002,179,4.2
2018,6,9,17,30,121.55,0.15,4.3,0,0,0,0,19.6,76.59,962,0,0,0,0,24,178,4.3
2018,6,9,18,30,134.15,0.15,4.3,0,0,0,3,19.700000000000003,81.01,963,0,0,0,0,23.1,179,4.4
2018,6,9,19,30,145.16,0.15,4.2,0,0,0,0,19.700000000000003,85.63,963,0,0,0,0,22.200000000000003,183,4.4
2018,6,9,20,30,152.59,0.15,4.2,0,0,0,3,19.8,89.65,963,0,0,0,0,21.6,188,4.3
2018,6,9,21,30,153.22,0.15,4.1000000000000005,0,0,0,3,20,93.10000000000001,962,0,0,0,0,21.200000000000003,193,4.2
2018,6,9,22,30,146.67000000000002,0.15,4,0,0,0,3,20.200000000000003,95.06,962,0,0,0,0,21,197,4.1000000000000005
2018,6,9,23,30,136.05,0.15,4,0,0,0,3,20.200000000000003,96.42,962,0,0,0,0,20.8,201,3.9000000000000004
2018,6,10,0,30,123.64,0.15,3.9000000000000004,0,0,0,3,20.200000000000003,97.60000000000001,962,0,0,0,0,20.6,204,3.7
2018,6,10,1,30,110.41,0.15,3.9000000000000004,0,0,0,3,20.200000000000003,98.15,962,0,0,0,0,20.5,207,3.4000000000000004
2018,6,10,2,30,96.8,0.15,3.8000000000000003,0,0,0,0,20.200000000000003,97.66,963,0,0,0,0,20.6,212,3.3000000000000003
2018,6,10,3,30,82.9,0.15,3.8000000000000003,52,58,59,0,20.3,94.36,964,52,58,0,59,21.200000000000003,213,3.9000000000000004
2018,6,10,4,30,69.19,0.15,3.7,137,356,264,2,20.1,85.13,964,192,26,0,202,22.700000000000003,213,4.9
2018,6,10,5,30,55.59,0.15,3.7,174,551,486,0,19.3,73,964,174,551,0,486,24.5,213,5.5
2018,6,10,6,30,42.42,0.15,3.7,189,667,682,0,18.6,62.050000000000004,964,189,667,0,682,26.5,214,5.800000000000001
2018,6,10,7,30,30.400000000000002,0.15,3.7,195,733,827,0,18.1,54.13,963,195,733,0,827,28.3,215,6
2018,6,10,8,30,21.64,0.15,3.7,192,769,907,0,17.900000000000002,48.76,963,192,769,0,907,29.8,215,6.1000000000000005
2018,6,10,9,30,20.830000000000002,0.15,3.7,185,782,916,3,17.400000000000002,44.82,962,462,72,0,529,30.8,215,6.1000000000000005
2018,6,10,10,30,28.650000000000002,0.15,3.7,175,772,852,3,16.8,42.300000000000004,961,273,1,0,274,31.1,213,6
2018,6,10,11,30,40.34,0.15,3.7,161,735,721,3,16.3,42.17,960,339,15,0,350,30.6,212,5.7
2018,6,10,12,30,53.39,0.15,3.8000000000000003,139,665,535,3,16,43.59,960,188,1,0,189,29.700000000000003,209,5.1000000000000005
2018,6,10,13,30,66.95,0.15,3.8000000000000003,109,530,316,3,15.9,46.47,960,124,1,0,124,28.5,206,4.1000000000000005
2018,6,10,14,30,80.66,0.15,3.8000000000000003,58,252,99,3,16.5,53.11,960,10,0,0,10,26.8,199,3.1
2018,6,10,15,30,94.53,0.15,3.8000000000000003,0,0,0,0,17.3,60.84,961,0,0,0,0,25.400000000000002,191,3.1
2018,6,10,16,30,108.18,0.15,3.7,0,0,0,0,17.3,64.29,962,0,0,0,0,24.5,184,3.6
2018,6,10,17,30,121.48,0.15,3.7,0,0,0,1,17.5,69.75,963,0,0,0,0,23.3,179,3.5
2018,6,10,18,30,134.07,0.15,3.6,0,0,0,3,17.900000000000002,76.52,964,0,0,0,0,22.200000000000003,179,3.3000000000000003
2018,6,10,19,30,145.08,0.15,3.4000000000000004,0,0,0,0,18.2,82.02,964,0,0,0,0,21.400000000000002,184,3
2018,6,10,20,30,152.5,0.15,3.2,0,0,0,0,18.400000000000002,86.26,964,0,0,0,0,20.8,192,2.9000000000000004
2018,6,10,21,30,153.16,0.15,3.1,0,0,0,0,18.5,90.06,963,0,0,0,0,20.200000000000003,201,2.9000000000000004
2018,6,10,22,30,146.64000000000001,0.15,3,0,0,0,0,18.6,92.72,963,0,0,0,0,19.8,208,2.9000000000000004
2018,6,10,23,30,136.05,0.15,3.1,0,0,0,1,18.6,94.77,963,0,0,0,0,19.5,215,2.9000000000000004
2018,6,11,0,30,123.65,0.15,3.2,0,0,0,8,18.7,96.25,963,0,0,0,0,19.3,222,2.8000000000000003
2018,6,11,1,30,110.44,0.15,3.3000000000000003,0,0,0,3,18.7,97.15,963,0,0,0,0,19.200000000000003,228,2.8000000000000003
2018,6,11,2,30,96.83,0.15,3.4000000000000004,0,0,0,3,18.8,95.77,964,0,0,0,0,19.5,232,2.9000000000000004
2018,6,11,3,30,82.95,0.15,3.6,41,259,73,3,18.900000000000002,88.84,964,57,7,7,58,20.8,232,3.6
2018,6,11,4,30,69.25,0.15,3.6,81,589,290,3,19.200000000000003,79.78,965,160,12,0,164,22.900000000000002,226,4.800000000000001
2018,6,11,5,30,55.65,0.15,3.7,98,741,516,0,19.400000000000002,69.99,965,98,741,0,516,25.3,219,5.6000000000000005
2018,6,11,6,30,42.49,0.15,3.8000000000000003,114,805,708,0,19.3,61.19,965,114,805,0,708,27.400000000000002,216,5.9
2018,6,11,7,30,30.48,0.15,3.8000000000000003,118,854,853,0,19.1,54.39,964,118,854,0,853,29.200000000000003,213,5.9
2018,6,11,8,30,21.72,0.15,3.8000000000000003,118,877,933,0,18.900000000000002,49.56,963,118,877,0,933,30.6,212,5.9
2018,6,11,9,30,20.88,0.15,3.8000000000000003,129,862,935,0,18.6,45.82,962,129,862,0,935,31.700000000000003,211,5.800000000000001
2018,6,11,10,30,28.66,0.15,3.8000000000000003,124,850,869,0,18.2,44.21,961,124,850,0,869,31.900000000000002,211,5.5
2018,6,11,11,30,40.33,0.15,3.8000000000000003,115,817,737,0,17.900000000000002,44.96,961,115,817,0,737,31.3,210,5.1000000000000005
2018,6,11,12,30,53.36,0.15,3.9000000000000004,101,754,551,2,17.900000000000002,47.21,960,319,109,0,385,30.400000000000002,206,4.6000000000000005
2018,6,11,13,30,66.91,0.15,4.1000000000000005,81,632,329,0,18.2,51.27,961,81,632,0,329,29.3,200,3.9000000000000004
2018,6,11,14,30,80.62,0.15,4.2,48,357,106,0,19,59.78,961,48,357,0,106,27.5,194,3.2
2018,6,11,15,30,94.48,0.15,4.2,0,0,0,0,20,70.05,962,0,0,0,0,25.900000000000002,189,3.4000000000000004
2018,6,11,16,30,108.12,0.15,4.2,0,0,0,0,20.400000000000002,75.24,962,0,0,0,0,25.1,188,4.2
2018,6,11,17,30,121.42,0.15,4.2,0,0,0,0,20.8,81.38,963,0,0,0,0,24.200000000000003,188,4.3
2018,6,11,18,30,133.99,0.15,4.2,0,0,0,0,21.1,86.98,964,0,0,0,0,23.400000000000002,188,4.1000000000000005
2018,6,11,19,30,144.99,0.15,4.1000000000000005,0,0,0,0,21.3,91.9,964,0,0,0,0,22.700000000000003,191,4
2018,6,11,20,30,152.42000000000002,0.15,4.1000000000000005,0,0,0,1,21.5,95.06,963,0,0,0,0,22.3,196,3.9000000000000004
2018,6,11,21,30,153.1,0.15,4.1000000000000005,0,0,0,3,21.6,97.53,963,0,0,0,0,22,201,3.9000000000000004
2018,6,11,22,30,146.62,0.15,4.1000000000000005,0,0,0,3,21.5,98.45,962,0,0,0,0,21.8,204,3.9000000000000004
2018,6,11,23,30,136.06,0.15,4.1000000000000005,0,0,0,3,21.5,99.17,962,0,0,0,0,21.6,207,3.7
2018,6,12,0,30,123.67,0.15,4.1000000000000005,0,0,0,3,21.400000000000002,99.33,962,0,0,0,0,21.5,210,3.6
2018,6,12,1,30,110.47,0.15,4,0,0,0,3,21.3,99.61,962,0,0,0,0,21.400000000000002,212,3.4000000000000004
2018,6,12,2,30,96.87,0.15,4,0,0,0,1,21.3,99.34,963,0,0,0,0,21.400000000000002,215,3.5
2018,6,12,3,30,83,0.15,4,37,308,74,3,21.3,96.24000000000001,963,45,1,7,45,21.900000000000002,218,3.9000000000000004
2018,6,12,4,30,69.3,0.15,4.1000000000000005,70,629,292,0,21.1,88.16,964,70,629,0,292,23.200000000000003,219,4.4
2018,6,12,5,30,55.71,0.15,4.2,88,760,516,0,20.6,77.99,964,88,760,0,516,24.700000000000003,218,4.9
2018,6,12,6,30,42.56,0.15,4.3,99,828,709,3,20.3,69.27,964,270,2,0,272,26.400000000000002,218,5.2
2018,6,12,7,30,30.560000000000002,0.15,4.3,105,867,852,3,20.1,61.22,964,444,157,0,579,28.3,218,5.4
2018,6,12,8,30,21.8,0.15,4.4,106,888,930,3,19.900000000000002,55.4,963,438,64,0,498,29.8,219,5.7
2018,6,12,9,30,20.93,0.15,4.4,105,890,937,3,19.700000000000003,51.79,962,444,136,0,571,30.8,219,5.9
2018,6,12,10,30,28.67,0.15,4.4,99,882,873,3,19.700000000000003,51.01,961,448,240,0,658,31,216,6.1000000000000005
2018,6,12,11,30,40.31,0.15,4.4,92,853,742,3,19.700000000000003,52.47,961,152,0,0,152,30.5,211,6.1000000000000005
2018,6,12,12,30,53.33,0.15,4.5,115,714,541,3,19.700000000000003,55.85,960,292,51,0,322,29.400000000000002,205,5.9
2018,6,12,13,30,66.87,0.15,4.4,91,592,323,3,19.700000000000003,60.21,961,83,0,0,83,28.1,199,5.300000000000001
2018,6,12,14,30,80.57000000000001,0.15,4.3,53,306,103,0,19.6,65.97,961,53,306,0,103,26.5,191,4.3
2018,6,12,15,30,94.43,0.15,4.2,0,0,0,0,19.700000000000003,71.37,962,0,0,0,0,25.3,185,3.9000000000000004
2018,6,12,16,30,108.06,0.15,4,0,0,0,3,19.700000000000003,75.07000000000001,963,0,0,0,0,24.400000000000002,182,4.2
2018,6,12,17,30,121.35000000000001,0.15,3.9000000000000004,0,0,0,3,19.700000000000003,79.5,964,0,0,0,0,23.5,184,4.3
2018,6,12,18,30,133.92000000000002,0.15,3.8000000000000003,0,0,0,3,20.1,85.66,964,0,0,0,0,22.6,188,4
2018,6,12,19,30,144.91,0.15,3.7,0,0,0,3,20.5,91.79,964,0,0,0,0,21.900000000000002,193,3.7
2018,6,12,20,30,152.34,0.15,3.8000000000000003,0,0,0,7,20.8,96.33,964,0,0,0,0,21.400000000000002,198,3.5
2018,6,12,21,30,153.05,0.15,3.8000000000000003,0,0,0,3,20.900000000000002,98.60000000000001,963,0,0,0,0,21.1,201,3.3000000000000003
2018,6,12,22,30,146.61,0.15,3.9000000000000004,0,0,0,7,20.8,99.62,963,0,0,0,0,20.900000000000002,203,3.1
2018,6,12,23,30,136.06,0.15,3.8000000000000003,0,0,0,8,20.700000000000003,100,963,0,0,0,0,20.700000000000003,207,3.1
2018,6,13,0,30,123.7,0.15,3.7,0,0,0,3,20.6,100,963,0,0,0,0,20.6,211,3.2
2018,6,13,1,30,110.5,0.15,3.5,0,0,0,0,20.400000000000002,100,963,0,0,0,0,20.400000000000002,216,3.6
2018,6,13,2,30,96.91,0.15,3.4000000000000004,0,0,0,0,20.200000000000003,98.63,963,0,0,0,0,20.400000000000002,219,3.9000000000000004
2018,6,13,3,30,83.04,0.15,3.2,40,271,73,0,20,91.48,964,40,271,0,73,21.400000000000002,217,4.800000000000001
2018,6,13,4,30,69.35000000000001,0.15,3,84,587,291,0,19,76.32000000000001,964,84,587,0,291,23.400000000000002,212,5.7
2018,6,13,5,30,55.77,0.15,2.9000000000000004,109,726,518,0,17.400000000000002,60.92,964,109,726,0,518,25.5,208,6
2018,6,13,6,30,42.62,0.15,2.9000000000000004,141,770,707,0,15.9,49.02,964,141,770,0,707,27.6,204,6.2
2018,6,13,7,30,30.63,0.15,2.9000000000000004,155,807,849,0,15.100000000000001,41.93,963,155,807,0,849,29.400000000000002,203,6.2
2018,6,13,8,30,21.88,0.15,3,166,817,924,1,15,38.42,962,166,817,0,924,30.8,203,6.2
2018,6,13,9,30,20.97,0.15,3.1,205,759,914,1,15.3,37.17,961,205,759,0,914,31.700000000000003,205,6.2
2018,6,13,10,30,28.67,0.15,3.2,197,741,847,3,15.700000000000001,37.28,960,435,57,0,485,32.1,205,6.1000000000000005
2018,6,13,11,30,40.29,0.15,3.4000000000000004,182,698,714,3,16,38.52,960,379,52,0,419,31.900000000000002,205,6
2018,6,13,12,30,53.29,0.15,3.5,157,622,529,3,16.3,41.08,959,168,0,0,168,31.1,203,5.800000000000001
2018,6,13,13,30,66.83,0.15,3.6,122,479,311,3,16.6,45.17,959,77,0,0,77,29.700000000000003,199,5.2
2018,6,13,14,30,80.52,0.15,3.6,64,192,96,3,16.900000000000002,51.800000000000004,960,13,0,0,13,27.700000000000003,191,4.1000000000000005
2018,6,13,15,30,94.37,0.15,3.6,0,0,0,3,17.6,60.2,961,0,0,0,0,25.900000000000002,183,3.9000000000000004
2018,6,13,16,30,108,0.15,3.6,0,0,0,3,17.8,65,961,0,0,0,0,24.8,178,4.2
2018,6,13,17,30,121.29,0.15,3.5,0,0,0,3,17.900000000000002,70.77,962,0,0,0,0,23.5,175,4
2018,6,13,18,30,133.85,0.15,3.4000000000000004,0,0,0,3,18.1,76.73,963,0,0,0,0,22.400000000000002,176,3.7
2018,6,13,19,30,144.84,0.15,3.4000000000000004,0,0,0,1,18.400000000000002,82.67,963,0,0,0,0,21.5,180,3.5
2018,6,13,20,30,152.28,0.15,3.4000000000000004,0,0,0,0,18.900000000000002,88.39,963,0,0,0,0,20.900000000000002,185,3.5
2018,6,13,21,30,153.01,0.15,3.5,0,0,0,1,19.5,93.27,962,0,0,0,0,20.6,190,3.5
2018,6,13,22,30,146.6,0.15,3.5,0,0,0,1,20,96.92,962,0,0,0,0,20.5,193,3.5
2018,6,13,23,30,136.08,0.15,3.6,0,0,0,3,20.3,98.59,962,0,0,0,0,20.5,196,3.3000000000000003
2018,6,14,0,30,123.72,0.15,3.8000000000000003,0,0,0,1,20.400000000000002,100,963,0,0,0,0,20.400000000000002,198,2.9000000000000004
2018,6,14,1,30,110.54,0.15,3.9000000000000004,0,0,0,0,20.400000000000002,100,963,0,0,0,0,20.400000000000002,200,2.5
2018,6,14,2,30,96.96000000000001,0.15,4,0,0,0,0,20.400000000000002,99.07000000000001,963,0,0,0,0,20.6,203,2.6
2018,6,14,3,30,83.09,0.15,4,47,122,62,0,20.5,92.61,964,47,122,0,62,21.8,203,3.6
2018,6,14,4,30,69.41,0.15,3.9000000000000004,111,449,269,0,20.200000000000003,80.39,964,111,449,0,269,23.8,201,4.7
2018,6,14,5,30,55.83,0.15,3.9000000000000004,143,617,490,0,19.5,67.9,964,143,617,0,490,25.900000000000002,201,5.300000000000001
2018,6,14,6,30,42.69,0.15,3.9000000000000004,163,708,683,0,19,58.86,964,163,708,0,683,27.8,203,5.5
2018,6,14,7,30,30.7,0.15,4,174,757,825,1,18.7,53,963,174,757,0,825,29.3,204,5.7
2018,6,14,8,30,21.94,0.15,4.1000000000000005,181,777,901,3,18.6,49.07,962,215,0,0,216,30.5,203,5.9
2018,6,14,9,30,21,0.15,4.2,191,765,905,2,18.6,47.1,961,483,322,0,785,31.200000000000003,202,6.1000000000000005
2018,6,14,10,30,28.67,0.15,4.3,189,740,839,3,18.5,46.68,960,339,2,0,341,31.3,201,6.2
2018,6,14,11,30,40.27,0.15,4.3,177,696,708,3,18.5,48.43,960,361,41,0,392,30.6,199,6.300000000000001
2018,6,14,12,30,53.26,0.15,4.4,189,540,512,1,18.400000000000002,51.69,960,189,540,0,512,29.400000000000002,197,6.1000000000000005
2018,6,14,13,30,66.78,0.15,4.4,143,398,301,1,18.400000000000002,56.31,960,143,398,0,301,27.900000000000002,195,5.7
2018,6,14,14,30,80.48,0.15,4.4,71,127,92,0,18.400000000000002,61.95,961,71,127,0,92,26.3,193,5
2018,6,14,15,30,94.32000000000001,0.15,4.3,0,0,0,3,18.5,67.16,962,0,0,0,0,25,190,4.3
2018,6,14,16,30,107.94,0.15,4.2,0,0,0,3,18.400000000000002,70.49,962,0,0,0,0,24.1,186,4
2018,6,14,17,30,121.22,0.15,4.2,0,0,0,0,18.400000000000002,74.2,963,0,0,0,0,23.200000000000003,183,3.5
2018,6,14,18,30,133.78,0.15,4.1000000000000005,0,0,0,0,18.400000000000002,78.81,963,0,0,0,0,22.3,183,3.1
2018,6,14,19,30,144.77,0.15,4,0,0,0,0,18.5,82.78,964,0,0,0,0,21.6,187,2.8000000000000003
2018,6,14,20,30,152.21,0.15,3.8000000000000003,0,0,0,3,18.7,87.16,963,0,0,0,0,20.900000000000002,194,2.7
2018,6,14,21,30,152.98,0.15,3.7,0,0,0,0,18.900000000000002,90.86,963,0,0,0,0,20.400000000000002,201,2.6
2018,6,14,22,30,146.59,0.15,3.6,0,0,0,7,19,93.85000000000001,962,0,0,0,0,20,206,2.5
2018,6,14,23,30,136.09,0.15,3.6,0,0,0,8,19,96.60000000000001,962,0,0,0,0,19.6,209,2.4000000000000004
2018,6,15,0,30,123.75,0.15,3.6,0,0,0,1,19.1,97.91,962,0,0,0,0,19.400000000000002,209,2.5
2018,6,15,1,30,110.57000000000001,0.15,3.7,0,0,0,3,19.1,97.9,963,0,0,0,0,19.400000000000002,208,2.7
2018,6,15,2,30,97,0.15,3.7,0,0,0,0,19.1,97.36,963,0,0,0,0,19.5,207,3
2018,6,15,3,30,83.14,0.15,3.7,49,51,55,3,19.200000000000003,90.37,963,50,0,7,50,20.8,204,3.7
2018,6,15,4,30,69.46000000000001,0.15,3.7,144,319,256,3,19,77.49,964,189,21,0,196,23.200000000000003,201,4.7
2018,6,15,5,30,55.89,0.15,3.7,193,499,473,8,18.400000000000002,64.73,964,292,192,0,400,25.5,202,5.300000000000001
2018,6,15,6,30,42.75,0.15,3.7,258,536,652,1,17.7,55.24,964,258,536,0,652,27.5,206,5.5
2018,6,15,7,30,30.77,0.15,3.8000000000000003,275,603,793,0,17.2,48.08,963,275,603,0,793,29.3,208,5.7
2018,6,15,8,30,22.01,0.15,3.8000000000000003,285,632,871,0,16.8,43.43,962,285,632,0,871,30.700000000000003,209,5.800000000000001
2018,6,15,9,30,21.03,0.15,3.9000000000000004,299,615,872,3,16.7,41.02,961,500,95,0,589,31.5,210,5.800000000000001
2018,6,15,10,30,28.66,0.15,3.9000000000000004,289,592,809,3,16.6,40.39,960,512,114,0,612,31.700000000000003,209,5.7
2018,6,15,11,30,40.24,0.15,4,266,543,681,3,16.6,41.32,959,333,7,0,339,31.3,207,5.5
2018,6,15,12,30,53.22,0.15,4,227,459,502,3,16.7,44.050000000000004,959,284,25,0,299,30.3,203,5.2
2018,6,15,13,30,66.74,0.15,4.1000000000000005,167,320,293,7,17,48.61,960,215,98,7,254,28.900000000000002,197,4.6000000000000005
2018,6,15,14,30,80.43,0.15,4.2,73,92,88,7,17.6,56.300000000000004,960,82,10,7,84,27,188,4
2018,6,15,15,30,94.27,0.15,4.2,0,0,0,7,18.400000000000002,65.1,961,0,0,0,0,25.400000000000002,181,3.9000000000000004
2018,6,15,16,30,107.89,0.15,4.2,0,0,0,3,18.7,71.13,962,0,0,0,0,24.3,176,4.3
2018,6,15,17,30,121.16,0.15,4.3,0,0,0,8,18.900000000000002,76.29,963,0,0,0,0,23.3,176,4.3
2018,6,15,18,30,133.72,0.15,4.3,0,0,0,7,19,80.51,964,0,0,0,0,22.5,178,4.1000000000000005
2018,6,15,19,30,144.71,0.15,4.3,0,0,0,7,19.1,84.85000000000001,964,0,0,0,0,21.8,181,3.6
2018,6,15,20,30,152.16,0.15,4.3,0,0,0,7,19.5,89.78,964,0,0,0,0,21.200000000000003,184,3.3000000000000003
2018,6,15,21,30,152.95000000000002,0.15,4.3,0,0,0,7,19.8,94.19,963,0,0,0,0,20.8,187,3.3000000000000003
2018,6,15,22,30,146.59,0.15,4.2,0,0,0,7,20.200000000000003,97.49000000000001,963,0,0,0,0,20.6,190,3.3000000000000003
2018,6,15,23,30,136.11,0.15,4.1000000000000005,0,0,0,7,20.400000000000002,99.27,962,0,0,0,0,20.5,193,3.2
2018,6,16,0,30,123.78,0.15,4.1000000000000005,0,0,0,0,20.400000000000002,100,962,0,0,0,0,20.400000000000002,195,3.1
2018,6,16,1,30,110.61,0.15,4,0,0,0,0,20.3,100,963,0,0,0,0,20.3,198,3
2018,6,16,2,30,97.04,0.15,4,0,0,0,0,20.3,99.63,963,0,0,0,0,20.400000000000002,201,3
2018,6,16,3,30,83.19,0.15,4,45,25,48,0,20.400000000000002,93.77,963,45,25,0,48,21.400000000000002,201,3.8000000000000003
2018,6,16,4,30,69.51,0.15,4,160,242,245,3,20,81.25,964,193,20,0,200,23.400000000000002,200,4.9
2018,6,16,5,30,55.94,0.15,4,227,412,458,0,19,66.27,964,227,412,0,458,25.8,200,5.300000000000001
2018,6,16,6,30,42.81,0.15,4,268,514,645,0,18.2,55.75,964,268,514,0,645,27.900000000000002,202,5.4
2018,6,16,7,30,30.830000000000002,0.15,4,290,576,785,3,17.6,47.97,963,482,91,0,560,29.8,205,5.5
2018,6,16,8,30,22.06,0.15,4,298,610,863,7,17.1,43,962,480,213,0,677,31.200000000000003,208,5.5
2018,6,16,9,30,21.06,0.15,4,243,691,889,3,16.7,39.84,961,410,8,0,417,32.1,210,5.5
2018,6,16,10,30,28.650000000000002,0.15,4,240,665,824,3,16.400000000000002,38.37,960,309,1,0,310,32.4,211,5.5
2018,6,16,11,30,40.21,0.15,4.1000000000000005,232,597,688,3,16.2,38.480000000000004,960,204,0,0,205,32.1,211,5.4
2018,6,16,12,30,53.18,0.15,4.1000000000000005,264,367,484,3,16.1,40.47,960,138,0,0,138,31.1,209,5.2
2018,6,16,13,30,66.7,0.15,4.1000000000000005,194,203,274,3,16.2,44.13,960,84,0,0,84,29.700000000000003,205,4.7
2018,6,16,14,30,80.38,0.15,4.2,66,26,70,3,16.7,50.56,961,5,0,0,5,27.900000000000002,198,4
2018,6,16,15,30,94.21000000000001,0.15,4.2,0,0,0,5,17.5,58.54,961,0,0,0,0,26.3,190,3.9000000000000004
2018,6,16,16,30,107.83,0.15,4.3,0,0,0,5,18.1,64.96000000000001,962,0,0,0,0,25.1,183,4.4
2018,6,16,17,30,121.11,0.15,4.3,0,0,0,3,18.5,71.54,963,0,0,0,0,24,178,4.5
2018,6,16,18,30,133.66,0.15,4.4,0,0,0,3,19,78.53,964,0,0,0,0,22.900000000000002,174,4.3
2018,6,16,19,30,144.65,0.15,4.4,0,0,0,8,19.400000000000002,84.72,964,0,0,0,0,22.1,172,3.9000000000000004
2018,6,16,20,30,152.11,0.15,4.4,0,0,0,7,19.8,90.28,964,0,0,0,0,21.5,175,3.5
2018,6,16,21,30,152.92000000000002,0.15,4.3,0,0,0,3,20.200000000000003,94.84,963,0,0,0,0,21.1,182,3.2
2018,6,16,22,30,146.6,0.15,4.2,0,0,0,8,20.5,97.75,963,0,0,0,0,20.900000000000002,189,3.1
2018,6,16,23,30,136.14000000000001,0.15,4.2,0,0,0,1,20.6,99.57000000000001,962,0,0,0,0,20.700000000000003,194,2.9000000000000004
2018,6,17,0,30,123.82000000000001,0.15,4.1000000000000005,0,0,0,0,20.6,100,962,0,0,0,0,20.6,197,2.8000000000000003
2018,6,17,1,30,110.65,0.15,4,0,0,0,0,20.400000000000002,100,963,0,0,0,0,20.400000000000002,199,2.8000000000000003
2018,6,17,2,30,97.09,0.15,4,0,0,0,0,20.5,99.76,963,0,0,0,0,20.5,201,3.1
2018,6,17,3,30,83.24,0.15,4,40,11,41,1,20.400000000000002,94.42,964,40,11,0,41,21.3,203,3.9000000000000004
2018,6,17,4,30,69.57000000000001,0.15,3.9000000000000004,171,194,238,1,19.700000000000003,80.38,964,171,194,0,238,23.3,204,4.7
2018,6,17,5,30,56,0.15,3.9000000000000004,242,375,452,7,18.5,64.99,964,302,86,0,350,25.6,203,5.1000000000000005
2018,6,17,6,30,42.87,0.15,3.9000000000000004,279,494,641,8,17.6,53.51,964,396,161,0,514,27.900000000000002,201,5.2
2018,6,17,7,30,30.89,0.15,3.9000000000000004,297,566,783,7,17.1,46.61,963,409,353,0,713,29.700000000000003,201,5.300000000000001
2018,6,17,8,30,22.11,0.15,3.9000000000000004,302,605,862,7,16.8,42.33,962,481,227,0,692,31.1,204,5.300000000000001
2018,6,17,9,30,21.07,0.15,3.9000000000000004,293,617,869,3,16.7,40.050000000000004,961,483,65,0,543,32,206,5.300000000000001
2018,6,17,10,30,28.63,0.15,3.9000000000000004,277,605,808,3,16.7,39.37,960,289,1,0,290,32.300000000000004,207,5.300000000000001
2018,6,17,11,30,40.18,0.15,4,251,564,682,3,16.8,40.1,959,182,0,0,182,32,206,5.2
2018,6,17,12,30,53.14,0.15,4,212,489,505,3,16.900000000000002,42.480000000000004,959,171,0,0,172,31.1,203,5
2018,6,17,13,30,66.65,0.15,4.1000000000000005,157,348,295,5,17.1,46.92,959,74,0,0,74,29.6,199,4.7
2018,6,17,14,30,80.33,0.15,4.1000000000000005,72,105,89,3,17.5,53.5,960,8,0,0,8,27.8,191,4.1000000000000005
2018,6,17,15,30,94.16,0.15,4.2,0,0,0,7,18.1,60.65,961,0,0,0,0,26.3,184,4.1000000000000005
2018,6,17,16,30,107.78,0.15,4.1000000000000005,0,0,0,1,18.3,65.36,961,0,0,0,0,25.3,180,4.4
2018,6,17,17,30,121.05,0.15,4.1000000000000005,0,0,0,0,18.6,70.33,962,0,0,0,0,24.3,179,4.5
2018,6,17,18,30,133.6,0.15,4,0,0,0,0,18.900000000000002,76.63,963,0,0,0,0,23.200000000000003,179,4.4
2018,6,17,19,30,144.59,0.15,3.9000000000000004,0,0,0,0,19.3,83.02,963,0,0,0,0,22.3,181,4
2018,6,17,20,30,152.07,0.15,3.9000000000000004,0,0,0,0,19.700000000000003,89.57000000000001,963,0,0,0,0,21.5,184,3.6
2018,6,17,21,30,152.91,0.15,3.8000000000000003,0,0,0,0,20.1,93.89,962,0,0,0,0,21.1,189,3.4000000000000004
2018,6,17,22,30,146.61,0.15,3.8000000000000003,0,0,0,0,20.400000000000002,96.69,962,0,0,0,0,20.900000000000002,194,3.3000000000000003
2018,6,17,23,30,136.16,0.15,3.8000000000000003,0,0,0,0,20.5,98.04,962,0,0,0,0,20.8,198,3.2
2018,6,18,0,30,123.85000000000001,0.15,3.9000000000000004,0,0,0,1,20.6,99.16,962,0,0,0,0,20.700000000000003,201,3
2018,6,18,1,30,110.7,0.15,3.9000000000000004,0,0,0,0,20.6,99.58,962,0,0,0,0,20.700000000000003,202,2.9000000000000004
2018,6,18,2,30,97.14,0.15,3.9000000000000004,0,0,0,0,20.700000000000003,98.9,963,0,0,0,0,20.900000000000002,202,3.2
2018,6,18,3,30,83.29,0.15,3.9000000000000004,47,53,53,0,20.900000000000002,94.35000000000001,963,47,53,0,53,21.8,200,4.2
2018,6,18,4,30,69.62,0.15,3.9000000000000004,134,344,253,3,20.6,83.45,963,161,7,0,164,23.6,198,5.1000000000000005
2018,6,18,5,30,56.050000000000004,0.15,3.9000000000000004,176,531,472,3,19.8,70.03,963,258,24,0,271,25.700000000000003,196,5.4
2018,6,18,6,30,42.93,0.15,4,197,637,664,0,19.3,60.08,963,197,637,0,664,27.700000000000003,195,5.4
2018,6,18,7,30,30.95,0.15,4,209,697,807,0,19,53.56,962,209,697,0,807,29.400000000000002,195,5.4
2018,6,18,8,30,22.150000000000002,0.15,4.1000000000000005,213,730,889,3,18.7,49.14,961,449,47,0,493,30.6,196,5.300000000000001
2018,6,18,9,30,21.080000000000002,0.15,4.1000000000000005,226,715,893,3,18.5,46.59,960,531,184,0,703,31.3,197,5.2
2018,6,18,10,30,28.61,0.15,4.2,218,697,829,3,18.400000000000002,46.4,959,493,144,0,620,31.3,195,5.1000000000000005
2018,6,18,11,30,40.14,0.15,4.2,200,656,702,0,18.5,47.9,959,200,656,0,702,30.8,193,5
2018,6,18,12,30,53.1,0.15,4.3,185,551,516,3,18.6,51.050000000000004,959,280,30,0,298,29.8,190,5
2018,6,18,13,30,66.6,0.15,4.3,141,412,305,2,18.8,57.04,959,213,32,0,226,28.1,185,4.7
2018,6,18,14,30,80.28,0.15,4.4,70,151,96,3,19.200000000000003,65.49,960,6,0,0,6,26.200000000000003,180,4.2
2018,6,18,15,30,94.11,0.15,4.3,0,0,0,3,19.700000000000003,73.85000000000001,960,0,0,0,0,24.700000000000003,177,4
2018,6,18,16,30,107.72,0.15,4.3,0,0,0,3,19.8,78.32000000000001,961,0,0,0,0,23.8,176,4.1000000000000005
2018,6,18,17,30,120.99000000000001,0.15,4.2,0,0,0,3,19.6,80.61,961,0,0,0,0,23.1,176,4.1000000000000005
2018,6,18,18,30,133.55,0.15,4.1000000000000005,0,0,0,3,19.3,82.89,962,0,0,0,0,22.400000000000002,175,3.8000000000000003
2018,6,18,19,30,144.54,0.15,4.1000000000000005,0,0,0,0,19.200000000000003,85.76,962,0,0,0,0,21.700000000000003,175,3.6
2018,6,18,20,30,152.03,0.15,4,0,0,0,3,19.200000000000003,89.07000000000001,962,0,0,0,0,21.1,177,3.3000000000000003
2018,6,18,21,30,152.9,0.15,3.9000000000000004,0,0,0,0,19.400000000000002,92.13,961,0,0,0,0,20.700000000000003,182,3.2
2018,6,18,22,30,146.63,0.15,3.9000000000000004,0,0,0,1,19.6,94.57000000000001,961,0,0,0,0,20.5,187,3.2
2018,6,18,23,30,136.19,0.15,3.9000000000000004,0,0,0,0,19.8,96.89,961,0,0,0,0,20.3,194,3.1
2018,6,19,0,30,123.89,0.15,3.9000000000000004,0,0,0,0,19.900000000000002,98.86,961,0,0,0,0,20.1,200,2.9000000000000004
2018,6,19,1,30,110.74000000000001,0.15,3.8000000000000003,0,0,0,0,20,99.89,962,0,0,0,0,20,206,2.7
2018,6,19,2,30,97.18,0.15,3.8000000000000003,0,0,0,0,20,98.68,962,0,0,0,0,20.200000000000003,209,2.8000000000000003
2018,6,19,3,30,83.33,0.15,3.8000000000000003,47,109,60,0,20.1,92.8,963,47,109,0,60,21.3,208,3.7
2018,6,19,4,30,69.67,0.15,3.8000000000000003,111,441,264,0,19.900000000000002,80.63,963,111,441,0,264,23.400000000000002,205,4.7
2018,6,19,5,30,56.11,0.15,3.8000000000000003,144,611,485,0,19.1,67.53,963,144,611,0,485,25.6,203,5.1000000000000005
2018,6,19,6,30,42.980000000000004,0.15,3.9000000000000004,165,699,677,0,18.7,58.53,963,165,699,0,677,27.6,202,5.2
2018,6,19,7,30,31,0.15,3.9000000000000004,179,750,822,0,18.5,52.410000000000004,962,179,750,0,822,29.200000000000003,200,5.300000000000001
2018,6,19,8,30,22.19,0.15,3.9000000000000004,184,775,902,1,18.2,47.78,961,184,775,0,902,30.5,198,5.4
2018,6,19,9,30,21.080000000000002,0.15,3.9000000000000004,181,782,911,1,17.900000000000002,45.15,961,181,782,0,911,31.200000000000003,197,5.4
2018,6,19,10,30,28.580000000000002,0.15,3.9000000000000004,174,768,849,3,17.6,43.84,960,421,47,0,463,31.400000000000002,196,5.300000000000001
2018,6,19,11,30,40.11,0.15,3.9000000000000004,164,725,719,2,17.3,44.04,959,419,121,0,512,31,195,5.1000000000000005
2018,6,19,12,30,53.06,0.15,3.9000000000000004,148,643,535,0,17.1,45.34,959,148,643,0,535,30.200000000000003,194,5
2018,6,19,13,30,66.56,0.15,3.8000000000000003,120,497,317,0,16.900000000000002,47.68,960,120,497,0,317,29.1,191,4.6000000000000005
2018,6,19,14,30,80.23,0.15,3.8000000000000003,66,205,101,0,16.900000000000002,52.68,960,66,205,0,101,27.400000000000002,186,3.8000000000000003
2018,6,19,15,30,94.06,0.15,3.8000000000000003,0,0,0,0,17.400000000000002,59.49,961,0,0,0,0,25.900000000000002,178,3.7
2018,6,19,16,30,107.67,0.15,3.8000000000000003,0,0,0,1,17.7,64.62,962,0,0,0,0,24.8,173,4.1000000000000005
2018,6,19,17,30,120.94,0.15,3.8000000000000003,0,0,0,3,18.1,70.81,963,0,0,0,0,23.700000000000003,173,4.2
2018,6,19,18,30,133.5,0.15,3.8000000000000003,0,0,0,3,18.5,77.39,963,0,0,0,0,22.700000000000003,177,4.1000000000000005
2018,6,19,19,30,144.5,0.15,3.7,0,0,0,3,18.900000000000002,83.67,963,0,0,0,0,21.8,182,3.7
2018,6,19,20,30,152,0.15,3.6,0,0,0,7,19.200000000000003,88.23,963,0,0,0,0,21.200000000000003,187,3.3000000000000003
2018,6,19,21,30,152.9,0.15,3.5,0,0,0,8,19.3,92.44,962,0,0,0,0,20.6,190,3
2018,6,19,22,30,146.65,0.15,3.3000000000000003,0,0,0,8,19.400000000000002,95.41,962,0,0,0,0,20.200000000000003,194,2.8000000000000003
2018,6,19,23,30,136.23,0.15,3.2,0,0,0,3,19.5,98.21000000000001,962,0,0,0,0,19.8,198,2.7
2018,6,20,0,30,123.94,0.15,3.2,0,0,0,3,19.5,100,963,0,0,0,0,19.5,203,2.5
2018,6,20,1,30,110.79,0.15,3.2,0,0,0,3,19.400000000000002,100,963,0,0,0,0,19.400000000000002,208,2.4000000000000004
2018,6,20,2,30,97.23,0.15,3.2,0,0,0,3,19.400000000000002,98.36,964,0,0,0,0,19.700000000000003,213,2.7
2018,6,20,3,30,83.38,0.15,3.2,48,56,54,3,19.5,91.06,964,51,1,7,51,21,215,3.5
2018,6,20,4,30,69.72,0.15,3.2,136,351,257,1,19.400000000000002,78.26,965,136,351,0,257,23.400000000000002,213,4.5
2018,6,20,5,30,56.160000000000004,0.15,3.3000000000000003,178,537,477,0,18.8,65.42,965,178,537,0,477,25.8,212,4.9
2018,6,20,6,30,43.03,0.15,3.3000000000000003,177,688,681,0,18.3,55.22,964,177,688,0,681,28.1,211,5.1000000000000005
2018,6,20,7,30,31.04,0.15,3.3000000000000003,187,745,826,0,17.8,47.97,964,187,745,0,826,30,210,5.2
2018,6,20,8,30,22.22,0.15,3.4000000000000004,192,769,903,3,17.400000000000002,42.87,963,510,155,0,654,31.5,210,5.300000000000001
2018,6,20,9,30,21.080000000000002,0.15,3.4000000000000004,231,714,897,3,17.1,40.230000000000004,961,538,199,1,724,32.300000000000004,210,5.2
2018,6,20,10,30,28.55,0.15,3.5,238,671,827,0,17,39.29,961,238,671,0,827,32.6,210,5.2
2018,6,20,11,30,40.06,0.15,3.5,232,604,695,3,17,39.97,960,426,84,0,490,32.300000000000004,210,5
2018,6,20,12,30,53.01,0.15,3.6,206,509,512,7,17,42.02,960,296,279,0,463,31.5,209,4.800000000000001
2018,6,20,13,30,66.51,0.15,3.6,158,357,300,7,17.2,46.32,960,214,159,0,277,30,207,4.3
2018,6,20,14,30,80.18,0.15,3.7,73,106,92,7,17.8,53.42,961,73,106,5,92,28.1,203,3.4000000000000004
2018,6,20,15,30,94.01,0.15,3.7,0,0,0,7,18.7,61.74,962,0,0,0,0,26.6,197,3.1
2018,6,20,16,30,107.62,0.15,3.8000000000000003,0,0,0,7,18.900000000000002,65.89,962,0,0,0,0,25.8,190,3.6
2018,6,20,17,30,120.89,0.15,3.8000000000000003,0,0,0,7,19.200000000000003,70.54,963,0,0,0,0,24.900000000000002,184,3.9000000000000004
2018,6,20,18,30,133.45,0.15,3.8000000000000003,0,0,0,7,19.3,75.69,964,0,0,0,0,23.900000000000002,180,4
2018,6,20,19,30,144.45000000000002,0.15,3.7,0,0,0,8,19.5,81.67,964,0,0,0,0,22.8,180,3.8000000000000003
2018,6,20,20,30,151.97,0.15,3.6,0,0,0,7,19.700000000000003,87.51,964,0,0,0,0,21.900000000000002,183,3.6
2018,6,20,21,30,152.9,0.15,3.5,0,0,0,0,20,92.78,963,0,0,0,0,21.200000000000003,189,3.4000000000000004
2018,6,20,22,30,146.68,0.15,3.3000000000000003,0,0,0,0,20.3,96.74000000000001,963,0,0,0,0,20.8,196,3.3000000000000003
2018,6,20,23,30,136.27,0.15,3.1,0,0,0,0,20.400000000000002,98.84,963,0,0,0,0,20.6,202,3.3000000000000003
2018,6,21,0,30,123.98,0.15,2.9000000000000004,0,0,0,0,20.400000000000002,99.32000000000001,963,0,0,0,0,20.5,206,3.3000000000000003
2018,6,21,1,30,110.83,0.15,2.8000000000000003,0,0,0,0,20.3,99.91,963,0,0,0,0,20.3,207,3.1
2018,6,21,2,30,97.28,0.15,2.8000000000000003,0,0,0,1,20.200000000000003,98.44,964,0,0,0,0,20.5,208,3.2
2018,6,21,3,30,83.43,0.15,2.8000000000000003,40,237,67,0,20.200000000000003,91.19,964,40,237,0,67,21.700000000000003,208,4
2018,6,21,4,30,69.77,0.15,2.9000000000000004,80,592,285,3,19.6,77.03,965,185,95,0,218,23.900000000000002,208,4.7
2018,6,21,5,30,56.21,0.15,3,99,742,512,0,18.6,62.68,965,99,742,0,512,26.3,207,5
2018,6,21,6,30,43.08,0.15,3.1,111,819,709,7,17.6,51.550000000000004,964,196,624,0,652,28.6,206,5.1000000000000005
2018,6,21,7,30,31.080000000000002,0.15,3.2,118,859,854,0,16.900000000000002,43.93,964,118,859,0,854,30.6,205,5.2
2018,6,21,8,30,22.25,0.15,3.3000000000000003,120,878,933,0,16.2,38.58,963,120,878,0,933,32.1,205,5.2
2018,6,21,9,30,21.07,0.15,3.3000000000000003,104,905,949,0,15.5,34.89,962,104,905,0,949,33.1,208,5.300000000000001
2018,6,21,10,30,28.52,0.15,3.3000000000000003,100,894,886,1,14.9,32.63,961,100,894,0,886,33.6,211,5.300000000000001
2018,6,21,11,30,40.02,0.15,3.3000000000000003,93,865,756,0,14.600000000000001,32.03,960,93,865,0,756,33.5,213,5.300000000000001
2018,6,21,12,30,52.96,0.15,3.2,95,782,566,0,14.4,32.97,960,95,782,0,566,32.800000000000004,213,5.1000000000000005
2018,6,21,13,30,66.46000000000001,0.15,3.2,78,663,343,0,14.4,35.76,960,78,663,0,343,31.400000000000002,211,4.5
2018,6,21,14,30,80.13,0.15,3.3000000000000003,49,389,115,0,14.9,42.54,960,49,389,0,115,28.900000000000002,205,3.3000000000000003
2018,6,21,15,30,93.96000000000001,0.15,3.3000000000000003,0,0,0,0,16.2,51.71,961,0,0,0,0,27,197,3
2018,6,21,16,30,107.57000000000001,0.15,3.4000000000000004,0,0,0,0,16.6,55.69,962,0,0,0,0,26.1,190,3.5
2018,6,21,17,30,120.84,0.15,3.4000000000000004,0,0,0,0,17.1,61.370000000000005,962,0,0,0,0,25.1,188,3.7
2018,6,21,18,30,133.4,0.15,3.4000000000000004,0,0,0,1,17.900000000000002,68.38,963,0,0,0,0,24.1,192,3.7
2018,6,21,19,30,144.42000000000002,0.15,3.3000000000000003,0,0,0,7,18.6,75.58,963,0,0,0,0,23.200000000000003,198,3.5
2018,6,21,20,30,151.96,0.15,3.3000000000000003,0,0,0,3,19.200000000000003,82.27,963,0,0,0,0,22.400000000000002,202,3.4000000000000004
2018,6,21,21,30,152.91,0.15,3.3000000000000003,0,0,0,0,19.700000000000003,87.71000000000001,963,0,0,0,0,21.8,205,3.2
2018,6,21,22,30,146.71,0.15,3.3000000000000003,0,0,0,3,20,92.79,962,0,0,0,0,21.200000000000003,206,3.1
2018,6,21,23,30,136.31,0.15,3.3000000000000003,0,0,0,0,20.200000000000003,96.55,962,0,0,0,0,20.8,209,3.1
2018,6,22,0,30,124.03,0.15,3.2,0,0,0,0,20.400000000000002,98.64,962,0,0,0,0,20.6,217,3.3000000000000003
2018,6,22,1,30,110.88,0.15,3.1,0,0,0,0,20.400000000000002,99.87,962,0,0,0,0,20.400000000000002,224,3.5
2018,6,22,2,30,97.33,0.15,3,0,0,0,3,20.3,98.7,963,0,0,0,0,20.5,226,3.9000000000000004
2018,6,22,3,30,83.48,0.15,3,33,329,71,3,20.200000000000003,89.97,963,48,2,7,48,21.900000000000002,225,5
2018,6,22,4,30,69.82000000000001,0.15,3.1,65,655,291,3,19.6,75.18,963,164,19,0,170,24.3,222,6
2018,6,22,5,30,56.25,0.15,3.1,82,786,519,1,18.7,61.370000000000005,963,82,786,0,519,26.8,219,6.5
2018,6,22,6,30,43.12,0.15,3.2,109,820,708,0,18.2,51.92,963,109,820,0,708,29.1,217,6.7
2018,6,22,7,30,31.12,0.15,3.3000000000000003,121,852,850,0,17.900000000000002,45.71,962,121,852,0,850,31,217,6.6000000000000005
2018,6,22,8,30,22.27,0.15,3.4000000000000004,132,859,926,0,17.8,41.85,961,132,859,0,926,32.4,217,6.4
2018,6,22,9,30,21.05,0.15,3.6,128,863,934,7,17.7,39.62,960,241,626,0,826,33.300000000000004,216,6.1000000000000005
2018,6,22,10,30,28.48,0.15,3.8000000000000003,132,834,866,7,17.6,38.94,959,278,525,0,740,33.5,213,6
2018,6,22,11,30,39.97,0.15,3.9000000000000004,130,787,733,2,17.6,40.17,959,413,141,0,521,32.9,210,6
2018,6,22,12,30,52.910000000000004,0.15,4.1000000000000005,119,707,546,7,17.7,43.92,959,222,422,7,476,31.5,205,6
2018,6,22,13,30,66.41,0.15,4.3,101,563,326,8,18.2,50.620000000000005,959,166,365,7,313,29.5,199,5.9
2018,6,22,14,30,80.08,0.15,4.4,61,264,106,1,18.8,59.2,960,61,264,0,106,27.5,193,5.6000000000000005
2018,6,22,15,30,93.91,0.15,4.5,0,0,0,7,19.400000000000002,67.2,961,0,0,0,0,25.900000000000002,189,5.300000000000001
2018,6,22,16,30,107.52,0.15,4.4,0,0,0,7,19.5,71.60000000000001,962,0,0,0,0,25,187,5
2018,6,22,17,30,120.8,0.15,4.2,0,0,0,3,19.3,73.71000000000001,962,0,0,0,0,24.3,188,4.6000000000000005
2018,6,22,18,30,133.36,0.15,4.1000000000000005,0,0,0,3,19.1,76.18,963,0,0,0,0,23.5,192,4.1000000000000005
2018,6,22,19,30,144.39000000000001,0.15,4,0,0,0,3,19,79.06,963,0,0,0,0,22.8,197,3.7
2018,6,22,20,30,151.95000000000002,0.15,4,0,0,0,3,19.1,82.61,962,0,0,0,0,22.200000000000003,204,3.5
2018,6,22,21,30,152.93,0.15,4,0,0,0,8,19.5,86.60000000000001,962,0,0,0,0,21.8,211,3.5
2018,6,22,22,30,146.75,0.15,3.9000000000000004,0,0,0,8,20,90.78,961,0,0,0,0,21.6,215,3.6
2018,6,22,23,30,136.36,0.15,3.9000000000000004,0,0,0,3,20.5,94.71000000000001,961,0,0,0,0,21.400000000000002,216,3.7
2018,6,23,0,30,124.08,0.15,3.8000000000000003,0,0,0,3,20.8,96.64,961,0,0,0,0,21.400000000000002,215,3.9000000000000004
2018,6,23,1,30,110.93,0.15,3.8000000000000003,0,0,0,3,21,98.13,962,0,0,0,0,21.3,215,4.1000000000000005
2018,6,23,2,30,97.38,0.15,3.7,0,0,0,3,21,96.68,962,0,0,0,0,21.5,215,4.3
2018,6,23,3,30,83.53,0.15,3.7,40,191,62,1,20.8,90.19,963,40,191,0,62,22.5,215,4.9
2018,6,23,4,30,69.87,0.15,3.8000000000000003,89,531,271,3,20.1,76.56,963,165,16,0,170,24.5,213,5.5
2018,6,23,5,30,56.300000000000004,0.15,3.8000000000000003,119,673,493,3,19.400000000000002,64.48,963,262,35,0,281,26.6,211,5.800000000000001
2018,6,23,6,30,43.17,0.15,3.9000000000000004,144,738,683,1,18.900000000000002,55.6,963,144,738,0,683,28.6,210,5.9
2018,6,23,7,30,31.16,0.15,3.9000000000000004,166,766,822,1,18.5,49.27,962,166,766,0,822,30.3,211,6
2018,6,23,8,30,22.28,0.15,4,182,774,898,8,18.2,45.550000000000004,961,430,224,0,637,31.400000000000002,212,6.2
2018,6,23,9,30,21.03,0.15,4,196,757,902,8,18.1,43.86,960,440,212,0,638,31.900000000000002,212,6.2
2018,6,23,10,30,28.44,0.15,4.1000000000000005,192,735,838,3,18,43.56,959,444,77,0,512,31.900000000000002,212,6.2
2018,6,23,11,30,39.92,0.15,4.2,178,694,710,3,17.900000000000002,44.980000000000004,958,283,2,0,284,31.200000000000003,211,6.1000000000000005
2018,6,23,12,30,52.86,0.15,4.3,237,431,497,2,17.900000000000002,48.26,958,361,83,0,411,30,208,6
2018,6,23,13,30,66.36,0.15,4.4,179,270,288,3,18.2,54.06,959,135,1,0,135,28.400000000000002,204,5.7
2018,6,23,14,30,80.03,0.15,4.5,74,58,84,7,18.900000000000002,62.690000000000005,960,69,2,7,70,26.6,198,5.2
2018,6,23,15,30,93.86,0.15,4.5,0,0,0,7,19.700000000000003,71.38,960,0,0,0,0,25.200000000000003,193,4.9
2018,6,23,16,30,107.48,0.15,4.5,0,0,0,7,20.1,78.41,961,0,0,0,0,24.1,190,4.9
2018,6,23,17,30,120.76,0.15,4.3,0,0,0,8,20,81.35000000000001,962,0,0,0,0,23.400000000000002,189,4.9
2018,6,23,18,30,133.33,0.15,4.2,0,0,0,7,19.5,82.09,962,0,0,0,0,22.700000000000003,189,4.6000000000000005
2018,6,23,19,30,144.36,0.15,4,0,0,0,7,19,82.65,962,0,0,0,0,22.1,189,4.2
2018,6,23,20,30,151.94,0.15,3.9000000000000004,0,0,0,8,18.8,84.48,962,0,0,0,0,21.5,190,3.9000000000000004
2018,6,23,21,30,152.95000000000002,0.15,3.9000000000000004,0,0,0,7,18.8,87.27,962,0,0,0,0,21,190,3.5
2018,6,23,22,30,146.79,0.15,3.9000000000000004,0,0,0,3,19,89.75,961,0,0,0,0,20.700000000000003,190,3.3000000000000003
2018,6,23,23,30,136.41,0.15,3.9000000000000004,0,0,0,8,19.200000000000003,92.60000000000001,961,0,0,0,0,20.400000000000002,192,3.2
2018,6,24,0,30,124.13000000000001,0.15,3.8000000000000003,0,0,0,3,19.3,94.64,961,0,0,0,0,20.200000000000003,199,3.1
2018,6,24,1,30,110.98,0.15,3.7,0,0,0,8,19.400000000000002,96.41,962,0,0,0,0,20,208,3
2018,6,24,2,30,97.43,0.15,3.6,0,0,0,8,19.400000000000002,96.61,962,0,0,0,0,20,215,3.2
2018,6,24,3,30,83.58,0.15,3.5,42,25,45,3,19.400000000000002,89.38,962,42,25,5,45,21.200000000000003,215,4.4
2018,6,24,4,30,69.92,0.15,3.5,146,281,243,3,18.6,74.74,962,198,37,0,210,23.3,210,5.7
2018,6,24,5,30,56.35,0.15,3.5,197,478,461,1,17.400000000000002,60.81,962,197,478,0,461,25.5,208,6.2
2018,6,24,6,30,43.21,0.15,3.5,234,572,651,7,16.400000000000002,50.15,962,324,402,0,616,27.700000000000003,208,6.300000000000001
2018,6,24,7,30,31.19,0.15,3.4000000000000004,242,652,799,1,15.5,42.44,961,242,652,0,799,29.6,209,6.2
2018,6,24,8,30,22.28,0.15,3.5,239,696,883,7,14.8,37.12,960,358,487,0,808,31.200000000000003,209,6.2
2018,6,24,9,30,21,0.15,3.5,222,726,899,7,14.5,34.24,959,330,533,0,827,32.2,209,6.1000000000000005
2018,6,24,10,30,28.39,0.15,3.6,209,715,838,7,14.3,32.99,959,338,470,0,751,32.7,208,6
2018,6,24,11,30,39.87,0.15,3.6,195,672,711,7,14.4,33.49,958,310,405,0,621,32.5,207,5.800000000000001
2018,6,24,12,30,52.81,0.15,3.7,174,584,527,7,14.600000000000001,35.52,958,293,105,0,357,31.700000000000003,203,5.7
2018,6,24,13,30,66.31,0.15,3.8000000000000003,139,429,311,7,15,39.93,959,148,14,0,154,30.1,198,5.4
2018,6,24,14,30,79.98,0.15,3.9000000000000004,74,149,99,7,15.700000000000001,46.65,959,61,3,7,62,28.200000000000003,190,4.9
2018,6,24,15,30,93.81,0.15,4,0,0,0,7,16.7,54.88,960,0,0,0,0,26.5,182,4.7
2018,6,24,16,30,107.43,0.15,4.1000000000000005,0,0,0,7,17.6,62.68,961,0,0,0,0,25.200000000000003,177,4.800000000000001
2018,6,24,17,30,120.72,0.15,4.1000000000000005,0,0,0,7,18.400000000000002,70.32000000000001,962,0,0,0,0,24.1,176,4.6000000000000005
2018,6,24,18,30,133.29,0.15,4.1000000000000005,0,0,0,7,19,77.68,962,0,0,0,0,23.1,179,4.3
2018,6,24,19,30,144.34,0.15,4,0,0,0,7,19.5,83.53,962,0,0,0,0,22.400000000000002,183,4.1000000000000005
2018,6,24,20,30,151.94,0.15,4,0,0,0,7,19.900000000000002,88.84,962,0,0,0,0,21.8,186,4
2018,6,24,21,30,152.98,0.15,4,0,0,0,7,20.200000000000003,92.28,961,0,0,0,0,21.5,190,3.9000000000000004
2018,6,24,22,30,146.84,0.15,4,0,0,0,7,20.400000000000002,95.21000000000001,961,0,0,0,0,21.200000000000003,196,3.8000000000000003
2018,6,24,23,30,136.46,0.15,4,0,0,0,7,20.5,96.86,961,0,0,0,0,21,202,3.7
2018,6,25,0,30,124.18,0.15,4.1000000000000005,0,0,0,7,20.5,98.16,961,0,0,0,0,20.8,206,3.6
2018,6,25,1,30,111.04,0.15,4.1000000000000005,0,0,0,4,20.5,98.66,961,0,0,0,0,20.700000000000003,210,3.5
2018,6,25,2,30,97.48,0.15,4.1000000000000005,0,0,0,4,20.5,98.06,962,0,0,0,0,20.8,212,3.7
2018,6,25,3,30,83.63,0.15,4.1000000000000005,42,30,45,7,20.5,92.7,962,42,30,5,45,21.700000000000003,212,4.6000000000000005
2018,6,25,4,30,69.96000000000001,0.15,4.1000000000000005,143,285,241,3,20.1,82.17,963,175,12,0,179,23.3,210,5.800000000000001
2018,6,25,5,30,56.39,0.15,4.1000000000000005,196,471,456,1,19.3,69.35000000000001,963,196,471,0,456,25.3,207,6.2
2018,6,25,6,30,43.24,0.15,4.1000000000000005,225,580,648,8,18.5,59.18,962,366,235,0,537,27.200000000000003,205,6.300000000000001
2018,6,25,7,30,31.21,0.15,4.1000000000000005,241,643,791,7,18,51.75,962,397,337,0,686,28.900000000000002,204,6.300000000000001
2018,6,25,8,30,22.28,0.15,4.2,247,674,871,8,17.7,47.14,961,444,244,0,670,30.200000000000003,204,6.300000000000001
2018,6,25,9,30,20.96,0.15,4.2,254,669,879,3,17.5,44.37,960,484,103,0,580,31.1,205,6.2
2018,6,25,10,30,28.34,0.15,4.2,245,652,818,3,17.3,42.87,959,322,1,0,324,31.400000000000002,205,6
2018,6,25,11,30,39.82,0.15,4.2,228,604,692,3,17,43.11,958,220,0,0,220,31,203,5.7
2018,6,25,12,30,52.76,0.15,4.3,299,290,474,3,16.8,45.38,958,151,0,0,151,29.900000000000002,199,5.4
2018,6,25,13,30,66.26,0.15,4.3,202,182,276,3,16.900000000000002,49.15,959,72,0,0,72,28.6,194,5
2018,6,25,14,30,79.94,0.15,4.4,72,34,78,3,17.3,55.03,959,5,0,0,5,27.1,187,4.7
2018,6,25,15,30,93.77,0.15,4.4,0,0,0,4,17.900000000000002,61.57,960,0,0,0,0,25.8,181,4.5
2018,6,25,16,30,107.39,0.15,4.4,0,0,0,3,18.3,67.59,961,0,0,0,0,24.700000000000003,177,4.5
2018,6,25,17,30,120.68,0.15,4.4,0,0,0,3,18.7,72.99,962,0,0,0,0,23.8,176,4.4
2018,6,25,18,30,133.26,0.15,4.4,0,0,0,3,19,78.37,962,0,0,0,0,23,177,4.1000000000000005
2018,6,25,19,30,144.33,0.15,4.3,0,0,0,3,19.400000000000002,83.34,962,0,0,0,0,22.400000000000002,180,3.8000000000000003
2018,6,25,20,30,151.95000000000002,0.15,4.3,0,0,0,8,19.8,88.09,962,0,0,0,0,21.900000000000002,184,3.5
2018,6,25,21,30,153.02,0.15,4.2,0,0,0,3,20.200000000000003,91.52,961,0,0,0,0,21.6,188,3.2
2018,6,25,22,30,146.89000000000001,0.15,4.2,0,0,0,3,20.400000000000002,94.96000000000001,961,0,0,0,0,21.200000000000003,190,2.9000000000000004
2018,6,25,23,30,136.51,0.15,4.3,0,0,0,3,20.400000000000002,96.48,961,0,0,0,0,21,191,2.7
2018,6,26,0,30,124.23,0.15,4.3,0,0,0,3,20.400000000000002,97.78,961,0,0,0,0,20.8,192,2.5
2018,6,26,1,30,111.09,0.15,4.3,0,0,0,3,20.5,99.25,962,0,0,0,0,20.6,194,2.5
2018,6,26,2,30,97.53,0.15,4.2,0,0,0,3,20.5,98.63,962,0,0,0,0,20.700000000000003,196,2.7
2018,6,26,3,30,83.68,0.15,4.1000000000000005,44,42,49,0,20.5,93.60000000000001,963,44,42,0,49,21.6,195,3.8000000000000003
2018,6,26,4,30,70.01,0.15,4,131,337,246,1,20.200000000000003,82.29,963,131,337,0,246,23.400000000000002,193,4.9
2018,6,26,5,30,56.43,0.15,3.9000000000000004,173,530,466,0,19.400000000000002,68.58,963,173,530,0,466,25.6,195,5.5
2018,6,26,6,30,43.28,0.15,3.9000000000000004,187,654,663,8,18.6,57.25,963,310,395,0,598,27.8,197,5.7
2018,6,26,7,30,31.23,0.15,3.8000000000000003,197,717,811,8,17.8,48.53,962,304,505,0,736,29.8,199,5.9
2018,6,26,8,30,22.28,0.15,3.7,200,750,894,7,16.900000000000002,41.99,961,337,488,0,789,31.400000000000002,201,6
2018,6,26,9,30,20.92,0.15,3.7,193,765,908,7,16.2,37.76,960,355,449,0,775,32.4,202,6.1000000000000005
2018,6,26,10,30,28.28,0.15,3.7,184,754,847,7,15.700000000000001,35.72,959,341,420,0,712,32.800000000000004,202,6.1000000000000005
2018,6,26,11,30,39.76,0.15,3.7,168,719,721,7,15.4,35.62,958,313,365,0,593,32.6,200,6.1000000000000005
2018,6,26,12,30,52.7,0.15,3.7,145,653,541,7,15.4,37.300000000000004,958,249,55,0,283,31.700000000000003,197,6
2018,6,26,13,30,66.2,0.15,3.7,116,516,324,7,15.4,41.07,959,179,52,0,201,30.1,195,5.7
2018,6,26,14,30,79.89,0.15,3.7,66,234,107,7,15.700000000000001,46.64,959,87,36,7,93,28.200000000000003,191,5.2
2018,6,26,15,30,93.72,0.15,3.8000000000000003,0,0,0,7,16.2,53.15,960,0,0,0,0,26.5,188,4.6000000000000005
2018,6,26,16,30,107.35000000000001,0.15,3.8000000000000003,0,0,0,7,16.7,59.38,960,0,0,0,0,25.200000000000003,185,4.1000000000000005
2018,6,26,17,30,120.64,0.15,3.7,0,0,0,7,17.3,65.82000000000001,961,0,0,0,0,24.1,182,3.6
2018,6,26,18,30,133.24,0.15,3.7,0,0,0,0,17.900000000000002,71.93,962,0,0,0,0,23.200000000000003,180,3.4000000000000004
2018,6,26,19,30,144.32,0.15,3.7,0,0,0,8,18.3,77.33,962,0,0,0,0,22.5,182,3.4000000000000004
2018,6,26,20,30,151.97,0.15,3.6,0,0,0,7,18.7,82.71000000000001,962,0,0,0,0,21.8,188,3.4000000000000004
2018,6,26,21,30,153.06,0.15,3.5,0,0,0,0,19.1,87.04,961,0,0,0,0,21.3,197,3.4000000000000004
2018,6,26,22,30,146.95000000000002,0.15,3.5,0,0,0,0,19.3,90.28,961,0,0,0,0,21,205,3.3000000000000003
2018,6,26,23,30,136.57,0.15,3.5,0,0,0,0,19.6,92.81,961,0,0,0,0,20.8,209,3.2
2018,6,27,0,30,124.29,0.15,3.5,0,0,0,0,19.8,94.98,961,0,0,0,0,20.6,212,3.2
2018,6,27,1,30,111.15,0.15,3.5,0,0,0,0,19.900000000000002,96.93,961,0,0,0,0,20.400000000000002,213,3
2018,6,27,2,30,97.59,0.15,3.5,0,0,0,0,20,97.04,962,0,0,0,0,20.5,215,3.1
2018,6,27,3,30,83.72,0.15,3.5,43,131,57,0,20.1,90.06,962,43,131,0,57,21.8,214,4.2
2018,6,27,4,30,70.05,0.15,3.5,96,498,266,3,19.8,77.23,963,125,4,0,126,24,211,5.5
2018,6,27,5,30,56.47,0.15,3.6,121,669,491,3,19,64.55,963,226,9,0,231,26.200000000000003,209,6
2018,6,27,6,30,43.31,0.15,3.6,131,768,690,0,18.3,54.46,963,131,768,0,690,28.400000000000002,210,6
2018,6,27,7,30,31.25,0.15,3.6,140,814,836,0,17.8,47.35,962,140,814,0,836,30.200000000000003,212,6
2018,6,27,8,30,22.27,0.15,3.6,144,836,918,3,17.400000000000002,42.6,961,476,141,0,606,31.6,213,5.9
2018,6,27,9,30,20.87,0.15,3.6,222,723,898,3,17,39.82,960,401,6,0,406,32.4,215,5.800000000000001
2018,6,27,10,30,28.22,0.15,3.6,217,703,836,3,16.7,38.09,959,250,0,0,250,32.800000000000004,215,5.800000000000001
2018,6,27,11,30,39.7,0.15,3.6,203,658,709,3,16.3,37.54,958,382,67,0,434,32.7,213,5.6000000000000005
2018,6,27,12,30,52.65,0.15,3.6,178,579,529,3,16,38.47,958,122,0,0,122,31.900000000000002,210,5.5
2018,6,27,13,30,66.15,0.15,3.6,135,449,316,3,15.8,40.87,958,128,1,0,129,30.6,207,5.1000000000000005
2018,6,27,14,30,79.84,0.15,3.6,69,197,104,0,15.9,45.65,958,69,197,0,104,28.8,201,4.3
2018,6,27,15,30,93.68,0.15,3.5,0,0,0,0,16.400000000000002,51.59,959,0,0,0,0,27.200000000000003,194,3.8000000000000003
2018,6,27,16,30,107.31,0.15,3.5,0,0,0,0,16.6,56.29,960,0,0,0,0,26,186,3.7
2018,6,27,17,30,120.61,0.15,3.4000000000000004,0,0,0,0,16.900000000000002,61.84,960,0,0,0,0,24.700000000000003,180,3.5
2018,6,27,18,30,133.22,0.15,3.4000000000000004,0,0,0,0,17.3,67.67,961,0,0,0,0,23.6,179,3.5
2018,6,27,19,30,144.31,0.15,3.4000000000000004,0,0,0,0,17.7,73.62,961,0,0,0,0,22.700000000000003,183,3.6
2018,6,27,20,30,151.99,0.15,3.4000000000000004,0,0,0,0,18.3,80.06,961,0,0,0,0,21.900000000000002,187,3.6
2018,6,27,21,30,153.11,0.15,3.3000000000000003,0,0,0,0,18.8,86.43,961,0,0,0,0,21.200000000000003,191,3.5
2018,6,27,22,30,147.01,0.15,3.2,0,0,0,0,19.200000000000003,91.39,960,0,0,0,0,20.700000000000003,196,3.3000000000000003
2018,6,27,23,30,136.64000000000001,0.15,3.1,0,0,0,0,19.5,94.85000000000001,960,0,0,0,0,20.400000000000002,202,3.4000000000000004
2018,6,28,0,30,124.35000000000001,0.15,3,0,0,0,0,19.700000000000003,97.03,961,0,0,0,0,20.200000000000003,209,3.5
2018,6,28,1,30,111.2,0.15,3,0,0,0,0,19.8,97.87,961,0,0,0,0,20.1,215,3.6
2018,6,28,2,30,97.64,0.15,3,0,0,0,0,19.700000000000003,97.15,961,0,0,0,0,20.200000000000003,220,3.7
2018,6,28,3,30,83.77,0.15,3,42,136,57,0,19.700000000000003,89.71000000000001,962,42,136,0,57,21.5,222,4.4
2018,6,28,4,30,70.09,0.15,3,100,489,267,0,19.3,76,962,100,489,0,267,23.8,219,5.300000000000001
2018,6,28,5,30,56.5,0.15,3.1,129,657,491,0,18.400000000000002,62.02,962,129,657,0,491,26.3,217,5.7
2018,6,28,6,30,43.33,0.15,3.1,147,745,689,0,17.6,51.4,962,147,745,0,689,28.6,216,5.9
2018,6,28,7,30,31.26,0.15,3.1,157,794,836,0,16.900000000000002,43.89,961,157,794,0,836,30.6,215,6.1000000000000005
2018,6,28,8,30,22.25,0.15,3.1,162,818,919,0,16.400000000000002,38.93,960,162,818,0,919,32.1,214,6.2
2018,6,28,9,30,20.82,0.15,3.2,138,856,938,0,15.9,35.74,959,138,856,0,938,33.1,214,6.2
2018,6,28,10,30,28.150000000000002,0.15,3.2,134,842,876,1,15.5,33.980000000000004,958,134,842,0,876,33.5,213,6.1000000000000005
2018,6,28,11,30,39.64,0.15,3.3000000000000003,125,807,746,0,15.100000000000001,33.34,957,125,807,0,746,33.4,213,6
2018,6,28,12,30,52.59,0.15,3.3000000000000003,106,754,564,2,14.8,33.97,957,280,30,0,298,32.7,212,5.9
2018,6,28,13,30,66.1,0.15,3.3000000000000003,87,634,344,3,14.600000000000001,36.12,957,161,6,0,163,31.400000000000002,210,5.4
2018,6,28,14,30,79.79,0.15,3.3000000000000003,53,363,118,2,14.600000000000001,40.34,958,37,0,0,37,29.5,206,4.5
2018,6,28,15,30,93.64,0.15,3.3000000000000003,0,0,0,0,15.100000000000001,45.59,958,0,0,0,0,27.900000000000002,197,4.2
2018,6,28,16,30,107.27,0.15,3.3000000000000003,0,0,0,0,15.5,49.84,959,0,0,0,0,26.8,189,4.7
2018,6,28,17,30,120.58,0.15,3.3000000000000003,0,0,0,0,16.1,56.2,960,0,0,0,0,25.5,184,4.9
2018,6,28,18,30,133.2,0.15,3.3000000000000003,0,0,0,0,17.2,65.23,961,0,0,0,0,24.1,184,4.800000000000001
2018,6,28,19,30,144.31,0.15,3.3000000000000003,0,0,0,0,18.2,74.76,961,0,0,0,0,22.900000000000002,188,4.4
2018,6,28,20,30,152.01,0.15,3.2,0,0,0,0,19,82.52,961,0,0,0,0,22.1,192,4.1000000000000005
2018,6,28,21,30,153.17000000000002,0.15,3.3000000000000003,0,0,0,0,19.5,88.12,960,0,0,0,0,21.6,197,3.9000000000000004
2018,6,28,22,30,147.07,0.15,3.4000000000000004,0,0,0,0,20,92.10000000000001,960,0,0,0,0,21.3,201,3.7
2018,6,28,23,30,136.70000000000002,0.15,3.5,0,0,0,3,20.3,94.36,960,0,0,0,0,21.200000000000003,205,3.6
2018,6,29,0,30,124.41,0.15,3.5,0,0,0,0,20.400000000000002,95.97,960,0,0,0,0,21.1,206,3.6
2018,6,29,1,30,111.26,0.15,3.5,0,0,0,1,20.5,97.16,960,0,0,0,0,21,206,3.5
2018,6,29,2,30,97.69,0.15,3.5,0,0,0,0,20.6,96.44,961,0,0,0,0,21.200000000000003,206,3.5
2018,6,29,3,30,83.82000000000001,0.15,3.5,41,150,57,0,20.5,89.78,961,41,150,0,57,22.3,206,4.4
2018,6,29,4,30,70.14,0.15,3.5,93,512,267,3,19.8,75.45,962,84,0,0,84,24.400000000000002,206,5.300000000000001
2018,6,29,5,30,56.54,0.15,3.6,118,679,492,3,18.7,61.64,962,192,1,0,193,26.700000000000003,206,5.7
2018,6,29,6,30,43.36,0.15,3.6,155,720,678,0,18,51.77,961,155,720,0,678,28.900000000000002,206,5.9
2018,6,29,7,30,31.27,0.15,3.7,166,769,823,3,17.6,45.65,961,411,50,0,454,30.700000000000003,205,6
2018,6,29,8,30,22.22,0.15,3.7,170,795,906,3,17.5,41.980000000000004,960,402,8,0,409,32,205,6.1000000000000005
2018,6,29,9,30,20.76,0.15,3.8000000000000003,210,739,901,3,17.400000000000002,39.800000000000004,959,512,142,0,644,32.800000000000004,204,6.1000000000000005
2018,6,29,10,30,28.09,0.15,3.8000000000000003,193,738,844,0,17.1,38.85,958,193,738,0,844,33,203,6.2
2018,6,29,11,30,39.58,0.15,3.9000000000000004,169,718,723,2,17,39.160000000000004,957,428,153,0,546,32.7,202,6.2
2018,6,29,12,30,52.53,0.15,3.9000000000000004,138,671,546,0,16.900000000000002,41.04,957,138,671,0,546,31.8,199,6
2018,6,29,13,30,66.05,0.15,4,105,560,332,3,17,44.89,957,152,4,0,153,30.3,194,5.800000000000001
2018,6,29,14,30,79.75,0.15,4.1000000000000005,60,300,113,3,17.400000000000002,50.97,958,7,0,0,7,28.5,187,5.4
2018,6,29,15,30,93.60000000000001,0.15,4.1000000000000005,0,0,0,1,17.900000000000002,57.13,959,0,0,0,0,27.1,181,5.2
2018,6,29,16,30,107.24000000000001,0.15,4.1000000000000005,0,0,0,1,18.3,62.75,960,0,0,0,0,26,177,5.2
2018,6,29,17,30,120.56,0.15,4,0,0,0,3,18.8,68.82000000000001,961,0,0,0,0,24.900000000000002,177,5.2
2018,6,29,18,30,133.18,0.15,3.9000000000000004,0,0,0,1,19.200000000000003,74.37,961,0,0,0,0,24,179,4.9
2018,6,29,19,30,144.31,0.15,3.8000000000000003,0,0,0,0,19.5,79.8,961,0,0,0,0,23.200000000000003,182,4.5
2018,6,29,20,30,152.05,0.15,3.7,0,0,0,0,19.8,84.28,961,0,0,0,0,22.6,186,4.1000000000000005
2018,6,29,21,30,153.23,0.15,3.7,0,0,0,0,20,87.52,961,0,0,0,0,22.200000000000003,190,3.7
2018,6,29,22,30,147.15,0.15,3.7,0,0,0,0,20.200000000000003,90.49,960,0,0,0,0,21.8,195,3.3000000000000003
2018,6,29,23,30,136.77,0.15,3.7,0,0,0,0,20.3,92.87,960,0,0,0,0,21.5,197,3.2
2018,6,30,0,30,124.48,0.15,3.7,0,0,0,0,20.400000000000002,94.86,961,0,0,0,0,21.3,199,3
2018,6,30,1,30,111.31,0.15,3.7,0,0,0,0,20.6,96.79,961,0,0,0,0,21.1,200,2.7
2018,6,30,2,30,97.74000000000001,0.15,3.7,0,0,0,0,20.700000000000003,97.38,961,0,0,0,0,21.1,203,2.6
2018,6,30,3,30,83.86,0.15,3.7,35,246,62,0,20.8,92.19,962,35,246,0,62,22.1,202,3.6
2018,6,30,4,30,70.18,0.15,3.7,70,611,278,1,20.400000000000002,79.2,962,70,611,0,278,24.200000000000003,199,4.6000000000000005
2018,6,30,5,30,56.57,0.15,3.7,87,760,505,0,19.6,65.68,962,87,760,0,505,26.5,198,5.1000000000000005
2018,6,30,6,30,43.38,0.15,3.7,96,835,703,0,18.900000000000002,55,962,96,835,0,703,28.8,198,5.300000000000001
2018,6,30,7,30,31.27,0.15,3.7,102,876,851,0,18.1,47.39,961,102,876,0,851,30.6,198,5.5
2018,6,30,8,30,22.19,0.15,3.7,104,896,934,1,17.5,41.92,960,104,896,0,934,32,199,5.6000000000000005
2018,6,30,9,30,20.69,0.15,3.7,98,907,947,0,16.900000000000002,38.76,959,98,907,0,947,32.800000000000004,199,5.6000000000000005
2018,6,30,10,30,28.01,0.15,3.7,99,890,885,0,16.5,37.39,958,99,890,0,885,33,198,5.5
2018,6,30,11,30,39.51,0.15,3.7,97,853,755,3,16.3,37.54,957,402,128,0,501,32.6,196,5.5
2018,6,30,12,30,52.47,0.15,3.7,107,748,563,3,16.1,39.38,957,314,69,0,356,31.6,192,5.5
2018,6,30,13,30,66,0.15,3.7,93,607,340,3,16.2,43.12,957,126,1,0,126,30.1,187,5.4
2018,6,30,14,30,79.7,0.15,3.7,59,312,115,2,16.5,48.88,958,92,40,7,99,28.3,182,5.2
2018,6,30,15,30,93.56,0.15,3.8000000000000003,0,0,0,0,17,55.06,959,0,0,0,0,26.8,178,5.1000000000000005
2018,6,30,16,30,107.21000000000001,0.15,3.8000000000000003,0,0,0,0,17.5,60.85,960,0,0,0,0,25.6,175,5.1000000000000005
2018,6,30,17,30,120.53,0.15,3.8000000000000003,0,0,0,0,17.900000000000002,66.82000000000001,960,0,0,0,0,24.5,175,4.9
2018,6,30,18,30,133.17000000000002,0.15,3.8000000000000003,0,0,0,1,18.5,73.38,961,0,0,0,0,23.5,177,4.6000000000000005
2018,6,30,19,30,144.32,0.15,3.7,0,0,0,0,19,79.25,961,0,0,0,0,22.8,180,4.2
2018,6,30,20,30,152.09,0.15,3.7,0,0,0,0,19.5,84.31,961,0,0,0,0,22.3,184,3.9000000000000004
2018,6,30,21,30,153.3,0.15,3.7,0,0,0,0,19.8,88.58,960,0,0,0,0,21.8,188,3.7
2018,6,30,22,30,147.22,0.15,3.7,0,0,0,8,20,91.63,960,0,0,0,0,21.400000000000002,192,3.4000000000000004
2018,6,30,23,30,136.84,0.15,3.7,0,0,0,0,20.1,93.84,960,0,0,0,0,21.1,195,3.1
2018,7,1,0,30,124.54,0.15,3.7,0,0,0,0,20.200000000000003,96.23,961,0,0,0,0,20.8,197,2.6
2018,7,1,1,30,111.37,0.15,3.8000000000000003,0,0,0,0,20.3,97.95,961,0,0,0,0,20.6,199,2.2
2018,7,1,2,30,97.79,0.15,3.8000000000000003,0,0,0,0,20.3,97.73,962,0,0,0,0,20.700000000000003,202,2.4000000000000004
2018,7,1,3,30,83.91,0.15,3.8000000000000003,35,230,60,0,20.400000000000002,91.89,962,35,230,0,60,21.8,202,3.7
2018,7,1,4,30,70.21000000000001,0.15,3.8000000000000003,74,590,274,1,20.200000000000003,79.61,963,74,590,0,274,23.900000000000002,199,5.2
2018,7,1,5,30,56.6,0.15,3.8000000000000003,94,736,500,1,19.3,65.75,963,94,736,0,500,26.200000000000003,199,5.800000000000001
2018,7,1,6,30,43.4,0.15,3.8000000000000003,119,789,692,1,18.6,56.160000000000004,962,119,789,0,692,28.200000000000003,200,6
2018,7,1,7,30,31.27,0.15,3.8000000000000003,128,831,838,3,18.2,49.370000000000005,962,429,118,0,530,29.900000000000002,200,6.2
2018,7,1,8,30,22.150000000000002,0.15,3.8000000000000003,131,854,922,3,17.7,44.660000000000004,961,450,88,0,532,31.200000000000003,200,6.300000000000001
2018,7,1,9,30,20.61,0.15,3.8000000000000003,125,867,936,0,17.3,41.56,960,125,867,0,936,32,200,6.300000000000001
2018,7,1,10,30,27.94,0.15,3.8000000000000003,120,855,875,2,17,40.050000000000004,959,434,324,0,720,32.300000000000004,200,6.2
2018,7,1,11,30,39.44,0.15,3.8000000000000003,112,824,748,0,16.7,39.82,958,112,824,0,748,32.1,199,6.1000000000000005
2018,7,1,12,30,52.42,0.15,3.8000000000000003,100,763,565,0,16.6,41.660000000000004,958,100,763,0,565,31.1,197,6
2018,7,1,13,30,65.94,0.15,3.8000000000000003,83,645,346,0,16.5,45.300000000000004,958,83,645,0,346,29.6,193,5.7
2018,7,1,14,30,79.65,0.15,3.8000000000000003,53,371,120,1,16.7,50.980000000000004,959,53,371,0,120,27.8,186,5.300000000000001
2018,7,1,15,30,93.52,0.15,3.8000000000000003,0,0,0,1,17.1,56.97,959,0,0,0,0,26.3,178,5.300000000000001
2018,7,1,16,30,107.18,0.15,3.8000000000000003,0,0,0,1,17.400000000000002,62.190000000000005,960,0,0,0,0,25.1,174,5.5
2018,7,1,17,30,120.51,0.15,3.7,0,0,0,1,17.5,67.61,961,0,0,0,0,23.900000000000002,174,5.4
2018,7,1,18,30,133.17000000000002,0.15,3.6,0,0,0,7,17.8,73.5,962,0,0,0,0,22.8,178,4.9
2018,7,1,19,30,144.34,0.15,3.5,0,0,0,8,18.2,79.46000000000001,962,0,0,0,0,21.900000000000002,186,4.3
2018,7,1,20,30,152.14000000000001,0.15,3.4000000000000004,0,0,0,3,18.6,84.91,961,0,0,0,0,21.200000000000003,192,3.9000000000000004
2018,7,1,21,30,153.38,0.15,3.3000000000000003,0,0,0,8,18.900000000000002,88.76,961,0,0,0,0,20.8,195,3.7
2018,7,1,22,30,147.3,0.15,3.3000000000000003,0,0,0,3,19.1,91.05,961,0,0,0,0,20.6,197,3.4000000000000004
2018,7,1,23,30,136.91,0.15,3.3000000000000003,0,0,0,3,19.3,93.99,961,0,0,0,0,20.3,198,3.1
2018,7,2,0,30,124.61,0.15,3.3000000000000003,0,0,0,8,19.5,96.18,961,0,0,0,0,20.1,198,3
2018,7,2,1,30,111.43,0.15,3.4000000000000004,0,0,0,0,19.6,98.33,961,0,0,0,0,19.900000000000002,200,2.7
2018,7,2,2,30,97.85000000000001,0.15,3.4000000000000004,0,0,0,0,19.8,97.89,962,0,0,0,0,20.1,205,2.9000000000000004
2018,7,2,3,30,83.95,0.15,3.3000000000000003,37,212,59,0,19.900000000000002,92.16,962,37,212,0,59,21.200000000000003,205,3.9000000000000004
2018,7,2,4,30,70.25,0.15,3.3000000000000003,78,579,274,1,19.700000000000003,79.97,963,78,579,0,274,23.400000000000002,202,5.2
2018,7,2,5,30,56.63,0.15,3.3000000000000003,99,732,502,0,18.900000000000002,65.96000000000001,963,99,732,0,502,25.700000000000003,201,5.800000000000001
2018,7,2,6,30,43.410000000000004,0.15,3.3000000000000003,112,811,701,0,18.1,55.52,963,112,811,0,701,27.8,201,6
2018,7,2,7,30,31.26,0.15,3.3000000000000003,119,854,849,3,17.5,48.35,962,384,16,0,398,29.6,201,6.1000000000000005
2018,7,2,8,30,22.11,0.15,3.3000000000000003,122,875,933,3,17.1,43.67,961,353,2,0,355,30.900000000000002,200,6.1000000000000005
2018,7,2,9,30,20.53,0.15,3.4000000000000004,123,875,943,8,16.7,40.35,960,434,220,0,640,31.8,199,5.9
2018,7,2,10,30,27.85,0.15,3.4000000000000004,119,863,882,7,16.2,38.26,959,398,216,0,589,32.2,198,5.800000000000001
2018,7,2,11,30,39.37,0.15,3.5,112,828,753,7,15.700000000000001,37.38,958,274,419,0,597,32.1,196,5.6000000000000005
2018,7,2,12,30,52.35,0.15,3.5,148,654,547,7,15.3,37.7,958,264,269,0,428,31.5,193,5.5
2018,7,2,13,30,65.89,0.15,3.6,118,517,329,7,15.100000000000001,40.32,958,196,194,7,276,30.1,188,5.2
2018,7,2,14,30,79.61,0.15,3.7,66,247,111,7,15.4,45.75,958,94,62,7,106,28.200000000000003,180,4.7
2018,7,2,15,30,93.48,0.15,3.8000000000000003,0,0,0,1,16.1,53.03,959,0,0,0,0,26.400000000000002,173,4.4
2018,7,2,16,30,107.15,0.15,3.8000000000000003,0,0,0,3,16.400000000000002,58.77,960,0,0,0,0,25,168,4.5
2018,7,2,17,30,120.5,0.15,3.9000000000000004,0,0,0,1,16.6,64.26,961,0,0,0,0,23.700000000000003,169,4.4
2018,7,2,18,30,133.16,0.15,4,0,0,0,3,17,70.12,962,0,0,0,0,22.700000000000003,172,4.3
2018,7,2,19,30,144.36,0.15,4.1000000000000005,0,0,0,8,17.8,76.88,962,0,0,0,0,22,177,4.3
2018,7,2,20,30,152.19,0.15,4.1000000000000005,0,0,0,8,18.8,84.37,962,0,0,0,0,21.5,184,4.2
2018,7,2,21,30,153.46,0.15,4.1000000000000005,0,0,0,8,19.400000000000002,89.42,961,0,0,0,0,21.200000000000003,189,3.9000000000000004
2018,7,2,22,30,147.39000000000001,0.15,4.1000000000000005,0,0,0,7,19.700000000000003,92.33,961,0,0,0,0,21,190,3.6
2018,7,2,23,30,136.99,0.15,4.1000000000000005,0,0,0,7,19.900000000000002,93.79,961,0,0,0,0,20.900000000000002,190,3.3000000000000003
2018,7,3,0,30,124.67,0.15,4,0,0,0,8,20,95.52,961,0,0,0,0,20.700000000000003,190,3
2018,7,3,1,30,111.49000000000001,0.15,3.9000000000000004,0,0,0,8,20.1,97.61,962,0,0,0,0,20.5,192,2.7
2018,7,3,2,30,97.9,0.15,3.8000000000000003,0,0,0,3,20.200000000000003,97.91,962,0,0,0,0,20.5,193,2.8000000000000003
2018,7,3,3,30,83.99,0.15,3.7,39,160,56,2,20.200000000000003,92.84,963,35,0,7,35,21.400000000000002,190,3.8000000000000003
2018,7,3,4,30,70.29,0.15,3.6,89,525,266,3,19.700000000000003,80.21000000000001,963,174,30,0,184,23.3,188,4.9
2018,7,3,5,30,56.65,0.15,3.6,112,694,493,8,18.7,66.45,963,249,95,0,302,25.400000000000002,188,5.4
2018,7,3,6,30,43.42,0.15,3.6,117,795,694,3,17.900000000000002,56.24,963,343,48,0,378,27.400000000000002,190,5.7
2018,7,3,7,30,31.25,0.15,3.5,124,843,844,3,17.400000000000002,48.9,962,261,1,0,262,29.200000000000003,191,5.9
2018,7,3,8,30,22.06,0.15,3.5,126,866,928,3,17,43.99,961,444,55,0,495,30.6,191,6.2
2018,7,3,9,30,20.45,0.15,3.6,123,872,940,3,16.7,41.480000000000004,961,272,0,0,273,31.3,190,6.5
2018,7,3,10,30,27.77,0.15,3.6,122,857,880,2,16.400000000000002,40.63,960,470,208,0,653,31.400000000000002,188,6.6000000000000005
2018,7,3,11,30,39.300000000000004,0.15,3.6,116,822,752,3,16.3,41.85,960,412,140,0,520,30.700000000000003,186,6.7
2018,7,3,12,30,52.29,0.15,3.6,105,757,568,3,16.2,44.88,960,127,0,0,127,29.400000000000002,185,6.6000000000000005
2018,7,3,13,30,65.84,0.15,3.6,87,634,347,3,16.2,49.410000000000004,960,183,16,0,190,27.8,184,6.4
2018,7,3,14,30,79.57000000000001,0.15,3.6,55,366,121,5,16.400000000000002,55.13,961,5,0,0,5,26.1,180,5.800000000000001
2018,7,3,15,30,93.44,0.15,3.5,0,0,0,7,16.6,60.69,961,0,0,0,0,24.700000000000003,177,5.300000000000001
2018,7,3,16,30,107.12,0.15,3.4000000000000004,0,0,0,3,16.8,65.67,962,0,0,0,0,23.6,177,5.1000000000000005
2018,7,3,17,30,120.48,0.15,3.3000000000000003,0,0,0,3,17,70.7,963,0,0,0,0,22.6,177,4.800000000000001
2018,7,3,18,30,133.17000000000002,0.15,3.2,0,0,0,8,17.3,76.03,963,0,0,0,0,21.700000000000003,178,4.4
2018,7,3,19,30,144.39000000000001,0.15,3.1,0,0,0,0,17.6,81.12,963,0,0,0,0,21,181,3.9000000000000004
2018,7,3,20,30,152.25,0.15,3.2,0,0,0,0,18,85.62,963,0,0,0,0,20.5,184,3.5
2018,7,3,21,30,153.55,0.15,3.2,0,0,0,7,18.400000000000002,89.18,963,0,0,0,0,20.200000000000003,189,3.2
2018,7,3,22,30,147.48,0.15,3.2,0,0,0,8,18.7,92.06,962,0,0,0,0,20,193,3
2018,7,3,23,30,137.07,0.15,3.2,0,0,0,7,18.900000000000002,94.8,962,0,0,0,0,19.8,195,2.8000000000000003
2018,7,4,0,30,124.74000000000001,0.15,3.2,0,0,0,7,19.1,97.18,963,0,0,0,0,19.6,195,2.7
2018,7,4,1,30,111.55,0.15,3.2,0,0,0,6,19.200000000000003,98.31,963,0,0,0,0,19.5,193,2.7
2018,7,4,2,30,97.95,0.15,3.1,0,0,0,3,19.200000000000003,97.76,963,0,0,0,0,19.6,191,3.1
2018,7,4,3,30,84.04,0.15,3.1,36,214,59,1,19.3,91.57000000000001,964,36,214,0,59,20.700000000000003,189,4.3
2018,7,4,4,30,70.32000000000001,0.15,3.1,78,582,274,3,18.7,77.98,964,159,15,0,164,22.700000000000003,187,5.5
2018,7,4,5,30,56.68,0.15,3.1,100,733,503,3,17.6,64.13,964,298,104,0,355,24.8,187,6
2018,7,4,6,30,43.43,0.15,3.1,114,810,702,3,17,54.81,964,380,100,0,452,26.8,187,6.2
2018,7,4,7,30,31.23,0.15,3.1,123,851,851,3,16.5,48.25,963,240,0,0,241,28.5,190,6.2
2018,7,4,8,30,22,0.15,3.1,127,871,935,3,15.9,42.9,962,426,18,0,443,29.900000000000002,195,6.300000000000001
2018,7,4,9,30,20.35,0.15,3.1,149,842,938,3,15.3,39.43,961,250,0,0,250,30.700000000000003,199,6.4
2018,7,4,10,30,27.68,0.15,3.1,140,835,880,3,14.700000000000001,36.96,960,376,6,0,381,31.1,201,6.4
2018,7,4,11,30,39.230000000000004,0.15,3.1,128,806,753,3,14,35.660000000000004,960,316,4,0,319,31,201,6.4
2018,7,4,12,30,52.230000000000004,0.15,3,163,629,548,3,13.600000000000001,35.81,960,54,0,0,54,30.400000000000002,198,6.300000000000001
2018,7,4,13,30,65.79,0.15,3,127,498,331,3,13.200000000000001,37.64,960,83,0,0,83,29.1,194,6
2018,7,4,14,30,79.52,0.15,3,70,231,112,3,13.200000000000001,42.69,960,16,0,0,16,27,189,5.4
2018,7,4,15,30,93.41,0.15,3.1,0,0,0,3,13.9,50.09,961,0,0,0,0,25,184,4.800000000000001
2018,7,4,16,30,107.10000000000001,0.15,3.2,0,0,0,3,14.700000000000001,56.910000000000004,962,0,0,0,0,23.700000000000003,180,4.4
2018,7,4,17,30,120.47,0.15,3.3000000000000003,0,0,0,3,15.5,63.95,963,0,0,0,0,22.700000000000003,180,4.2
2018,7,4,18,30,133.17000000000002,0.15,3.4000000000000004,0,0,0,1,16.6,71.69,963,0,0,0,0,21.900000000000002,182,4.2
2018,7,4,19,30,144.42000000000002,0.15,3.5,0,0,0,0,17.5,79.13,963,0,0,0,0,21.3,186,4.2
2018,7,4,20,30,152.32,0.15,3.5,0,0,0,0,18.3,85.49,963,0,0,0,0,20.8,191,4.1000000000000005
2018,7,4,21,30,153.64000000000001,0.15,3.5,0,0,0,3,18.8,90.36,963,0,0,0,0,20.400000000000002,194,3.9000000000000004
2018,7,4,22,30,147.57,0.15,3.4000000000000004,0,0,0,0,19.1,94.26,963,0,0,0,0,20.1,197,3.7
2018,7,4,23,30,137.15,0.15,3.3000000000000003,0,0,0,0,19.400000000000002,96.73,963,0,0,0,0,19.900000000000002,199,3.7
2018,7,5,0,30,124.81,0.15,3.2,0,0,0,0,19.400000000000002,98.2,963,0,0,0,0,19.700000000000003,201,3.7
2018,7,5,1,30,111.61,0.15,3.2,0,0,0,3,19.400000000000002,99.16,963,0,0,0,0,19.5,202,3.5
2018,7,5,2,30,98,0.15,3.2,0,0,0,0,19.3,98.37,964,0,0,0,0,19.6,203,3.7
2018,7,5,3,30,84.08,0.15,3.2,39,173,56,3,19.3,90.58,964,37,0,7,37,20.900000000000002,203,4.800000000000001
2018,7,5,4,30,70.35000000000001,0.15,3.2,85,548,269,7,18.7,76.25,964,110,11,0,113,23.1,201,6
2018,7,5,5,30,56.7,0.15,3.3000000000000003,107,710,497,7,17.8,63.190000000000005,964,244,141,0,321,25.3,201,6.6000000000000005
2018,7,5,6,30,43.44,0.15,3.4000000000000004,120,792,695,7,17.3,54.26,964,281,359,0,541,27.3,201,6.7
2018,7,5,7,30,31.21,0.15,3.5,129,834,842,3,16.900000000000002,48.1,963,459,176,0,609,29,202,6.9
2018,7,5,8,30,21.94,0.15,3.5,133,856,927,8,16.8,43.980000000000004,963,422,141,0,553,30.400000000000002,203,6.9
2018,7,5,9,30,20.26,0.15,3.6,128,865,940,7,16.7,41.49,962,292,536,0,795,31.3,204,6.9
2018,7,5,10,30,27.59,0.15,3.6,126,851,880,0,16.6,40.730000000000004,961,126,851,0,880,31.5,204,6.800000000000001
2018,7,5,11,30,39.15,0.15,3.7,119,816,751,5,16.6,42.26,960,354,28,0,376,30.900000000000002,203,6.7
2018,7,5,12,30,52.17,0.15,3.7,121,718,562,7,16.8,45.93,960,242,381,0,475,29.700000000000003,200,6.6000000000000005
2018,7,5,13,30,65.74,0.15,3.7,101,585,341,2,17.2,51.53,960,217,49,0,237,28.1,197,6.4
2018,7,5,14,30,79.48,0.15,3.7,62,303,118,3,17.5,58.21,961,10,0,0,10,26.400000000000002,193,6
2018,7,5,15,30,93.38,0.15,3.6,0,0,0,1,17.6,63.190000000000005,962,0,0,0,0,25.1,190,5.6000000000000005
2018,7,5,16,30,107.08,0.15,3.5,0,0,0,1,17.2,64.44,962,0,0,0,0,24.3,188,5.5
2018,7,5,17,30,120.46000000000001,0.15,3.4000000000000004,0,0,0,8,16.6,65.04,963,0,0,0,0,23.5,188,5.4
2018,7,5,18,30,133.18,0.15,3.4000000000000004,0,0,0,1,16.400000000000002,68.12,964,0,0,0,0,22.6,189,5.2
2018,7,5,19,30,144.45000000000002,0.15,3.4000000000000004,0,0,0,0,17,73.72,964,0,0,0,0,21.900000000000002,193,4.9
2018,7,5,20,30,152.39000000000001,0.15,3.4000000000000004,0,0,0,0,17.900000000000002,80.37,963,0,0,0,0,21.400000000000002,198,4.6000000000000005
2018,7,5,21,30,153.74,0.15,3.4000000000000004,0,0,0,8,18.6,86.16,963,0,0,0,0,21,202,4.4
2018,7,5,22,30,147.67000000000002,0.15,3.4000000000000004,0,0,0,1,19,90.16,963,0,0,0,0,20.700000000000003,204,4.2
2018,7,5,23,30,137.24,0.15,3.4000000000000004,0,0,0,3,19.3,92.61,963,0,0,0,0,20.5,206,4.1000000000000005
2018,7,6,0,30,124.88000000000001,0.15,3.4000000000000004,0,0,0,1,19.400000000000002,94.32000000000001,963,0,0,0,0,20.3,208,3.9000000000000004
2018,7,6,1,30,111.67,0.15,3.4000000000000004,0,0,0,1,19.400000000000002,96.54,964,0,0,0,0,20,210,3.8000000000000003
2018,7,6,2,30,98.05,0.15,3.4000000000000004,0,0,0,0,19.5,95.5,964,0,0,0,0,20.200000000000003,210,4
2018,7,6,3,30,84.12,0.15,3.4000000000000004,40,131,54,3,19.5,89.3,964,34,0,7,34,21.3,208,5.2
2018,7,6,4,30,70.39,0.15,3.4000000000000004,93,510,264,3,18.900000000000002,75.57000000000001,965,169,23,0,177,23.5,205,6.5
2018,7,6,5,30,56.72,0.15,3.4000000000000004,119,677,491,3,17.900000000000002,62.2,965,301,114,0,364,25.700000000000003,205,7
2018,7,6,6,30,43.44,0.15,3.5,167,701,676,8,17.3,53.08,964,313,355,0,571,27.700000000000003,205,7.1000000000000005
2018,7,6,7,30,31.19,0.15,3.6,179,749,820,7,16.8,46.46,963,322,476,0,729,29.5,205,7.1000000000000005
2018,7,6,8,30,21.87,0.15,3.6,187,773,904,7,16.5,42.230000000000004,963,387,380,0,740,30.8,205,7.2
2018,7,6,9,30,20.150000000000002,0.15,3.7,184,782,918,8,16.2,39.35,962,429,273,0,685,31.700000000000003,205,7.2
2018,7,6,10,30,27.5,0.15,3.7,178,767,859,2,15.9,37.71,961,490,179,0,649,32.1,204,7.2
2018,7,6,11,30,39.07,0.15,3.7,163,736,734,3,15.5,37.1,960,422,117,0,513,32,202,7.2
2018,7,6,12,30,52.11,0.15,3.7,138,680,555,7,15.3,38.45,960,263,328,0,465,31.1,200,7.1000000000000005
2018,7,6,13,30,65.69,0.15,3.8000000000000003,106,563,338,3,15.3,41.95,960,44,0,0,44,29.6,197,6.6000000000000005
2018,7,6,14,30,79.44,0.15,3.8000000000000003,63,300,118,3,15.700000000000001,47.46,961,5,0,0,5,27.900000000000002,192,5.6000000000000005
2018,7,6,15,30,93.35000000000001,0.15,3.8000000000000003,0,0,0,3,16.3,53.74,962,0,0,0,0,26.400000000000002,184,5
2018,7,6,16,30,107.06,0.15,3.8000000000000003,0,0,0,0,16.8,59.620000000000005,963,0,0,0,0,25.200000000000003,177,5
2018,7,6,17,30,120.46000000000001,0.15,3.9000000000000004,0,0,0,0,17.3,66.07000000000001,963,0,0,0,0,24,174,5
2018,7,6,18,30,133.19,0.15,4,0,0,0,7,17.900000000000002,73.57000000000001,964,0,0,0,0,22.900000000000002,176,4.800000000000001
2018,7,6,19,30,144.49,0.15,4.2,0,0,0,1,18.7,80.87,964,0,0,0,0,22.1,180,4.3
2018,7,6,20,30,152.47,0.15,4.4,0,0,0,3,19.3,87.34,963,0,0,0,0,21.5,183,3.7
2018,7,6,21,30,153.85,0.15,4.5,0,0,0,0,19.8,91.59,963,0,0,0,0,21.200000000000003,186,3.4000000000000004
2018,7,6,22,30,147.77,0.15,4.5,0,0,0,0,20,93.7,963,0,0,0,0,21.1,187,3.6
2018,7,6,23,30,137.33,0.15,4.4,0,0,0,0,20.200000000000003,94.39,963,0,0,0,0,21.1,187,4
2018,7,7,0,30,124.96000000000001,0.15,4.2,0,0,0,0,20.200000000000003,95.5,963,0,0,0,0,20.900000000000002,191,4.2
2018,7,7,1,30,111.73,0.15,4,0,0,0,1,20,96.12,964,0,0,0,0,20.6,196,4.3
2018,7,7,2,30,98.10000000000001,0.15,3.8000000000000003,0,0,0,0,19.8,96.3,964,0,0,0,0,20.400000000000002,200,4.5
2018,7,7,3,30,84.16,0.15,3.7,40,129,53,3,19.8,90.94,964,44,1,7,44,21.3,201,5.300000000000001
2018,7,7,4,30,70.41,0.15,3.7,103,458,257,3,19.1,76.98,965,91,0,0,91,23.400000000000002,201,6.4
2018,7,7,5,30,56.730000000000004,0.15,3.8000000000000003,150,592,475,3,17.7,61.79,965,218,6,0,222,25.6,201,6.9
2018,7,7,6,30,43.44,0.15,3.8000000000000003,181,670,668,1,16.8,51.39,964,181,670,0,668,27.700000000000003,202,7
2018,7,7,7,30,31.16,0.15,3.8000000000000003,199,719,814,0,16,43.77,964,199,719,0,814,29.6,203,7
2018,7,7,8,30,21.8,0.15,3.8000000000000003,207,743,897,0,15.3,38.64,963,207,743,0,897,31,204,7
2018,7,7,9,30,20.04,0.15,3.9000000000000004,218,731,904,1,14.8,36.04,962,218,731,0,904,31.700000000000003,204,7
2018,7,7,10,30,27.400000000000002,0.15,3.9000000000000004,215,709,844,3,14.600000000000001,35.56,961,466,107,0,561,31.700000000000003,205,6.9
2018,7,7,11,30,39,0.15,3.9000000000000004,201,666,718,3,14.600000000000001,36.26,960,361,26,0,381,31.3,203,6.800000000000001
2018,7,7,12,30,52.04,0.15,3.9000000000000004,207,522,528,3,14.600000000000001,38.26,960,283,19,0,295,30.400000000000002,201,6.7
2018,7,7,13,30,65.63,0.15,4,160,375,315,3,14.700000000000001,42.07,960,180,8,0,183,28.900000000000002,198,6.4
2018,7,7,14,30,79.4,0.15,3.9000000000000004,81,124,103,3,15,47.02,961,5,0,0,5,27.3,195,6
2018,7,7,15,30,93.32000000000001,0.15,3.9000000000000004,0,0,0,3,15.4,52.19,962,0,0,0,0,25.900000000000002,190,5.5
2018,7,7,16,30,107.04,0.15,3.9000000000000004,0,0,0,3,15.700000000000001,56.74,963,0,0,0,0,24.900000000000002,186,5.2
2018,7,7,17,30,120.45,0.15,3.9000000000000004,0,0,0,0,16.2,62.440000000000005,963,0,0,0,0,23.8,185,4.9
2018,7,7,18,30,133.21,0.15,3.8000000000000003,0,0,0,8,16.8,68.36,964,0,0,0,0,22.900000000000002,186,4.6000000000000005
2018,7,7,19,30,144.54,0.15,3.8000000000000003,0,0,0,7,17.3,74.28,964,0,0,0,0,22.1,190,4.3
2018,7,7,20,30,152.55,0.15,3.8000000000000003,0,0,0,8,17.7,79.14,963,0,0,0,0,21.5,195,4
2018,7,7,21,30,153.96,0.15,3.8000000000000003,0,0,0,0,18.1,83,963,0,0,0,0,21.1,200,3.9000000000000004
2018,7,7,22,30,147.88,0.15,3.9000000000000004,0,0,0,0,18.400000000000002,85.85000000000001,963,0,0,0,0,20.900000000000002,205,3.7
2018,7,7,23,30,137.41,0.15,3.9000000000000004,0,0,0,0,18.8,88.71000000000001,963,0,0,0,0,20.700000000000003,208,3.6
2018,7,8,0,30,125.03,0.16,3.9000000000000004,0,0,0,0,19.1,91.12,963,0,0,0,0,20.6,208,3.7
2018,7,8,1,30,111.79,0.16,4,0,0,0,0,19.400000000000002,92.78,963,0,0,0,0,20.6,207,3.7
2018,7,8,2,30,98.15,0.16,4,0,0,0,0,19.6,93.32000000000001,964,0,0,0,0,20.700000000000003,209,3.7
2018,7,8,3,30,84.2,0.16,4,39,42,44,3,19.700000000000003,89,964,32,0,7,32,21.6,211,4.5
2018,7,8,4,30,70.44,0.16,4,127,348,244,0,19.400000000000002,77.88,964,127,348,0,244,23.5,210,5.7
2018,7,8,5,30,56.75,0.16,3.9000000000000004,168,544,466,3,18.5,64.37,964,276,33,0,294,25.700000000000003,208,6.300000000000001
2018,7,8,6,30,43.43,0.16,3.9000000000000004,189,650,661,3,17.400000000000002,53.620000000000005,964,351,40,0,380,27.700000000000003,207,6.5
2018,7,8,7,30,31.13,0.16,3.9000000000000004,202,710,809,3,17,46.87,963,314,1,0,316,29.5,206,6.7
2018,7,8,8,30,21.72,0.16,4,208,737,893,3,16.900000000000002,43.410000000000004,962,474,85,0,552,30.8,206,6.7
2018,7,8,9,30,19.92,0.16,4,240,697,895,3,16.900000000000002,41.27,961,490,86,0,570,31.6,206,6.7
2018,7,8,10,30,27.29,0.16,4.1000000000000005,231,680,835,2,16.8,40.93,960,491,276,0,736,31.700000000000003,204,6.7
2018,7,8,11,30,38.92,0.16,4.2,214,638,710,3,16.900000000000002,42.88,960,391,50,0,430,31,201,6.7
2018,7,8,12,30,51.980000000000004,0.16,4.3,189,558,533,3,17.2,47.5,960,143,0,0,143,29.5,197,6.6000000000000005
2018,7,8,13,30,65.59,0.16,4.4,148,416,319,3,17.400000000000002,53.660000000000004,960,188,11,0,192,27.700000000000003,195,6.300000000000001
2018,7,8,14,30,79.36,0.16,4.3,78,158,107,3,17.7,59.77,961,5,0,0,5,26.1,194,5.7
2018,7,8,15,30,93.29,0.16,4.3,0,0,0,3,17.8,64.74,962,0,0,0,0,24.900000000000002,193,4.9
2018,7,8,16,30,107.03,0.16,4.2,0,0,0,0,17.900000000000002,68.22,963,0,0,0,0,24.1,190,4.7
2018,7,8,17,30,120.45,0.16,4.2,0,0,0,0,17.900000000000002,71.24,963,0,0,0,0,23.400000000000002,188,4.7
2018,7,8,18,30,133.23,0.16,4.1000000000000005,0,0,0,0,18.1,75.22,964,0,0,0,0,22.700000000000003,188,4.6000000000000005
2018,7,8,19,30,144.59,0.16,4.1000000000000005,0,0,0,3,18.400000000000002,79.73,964,0,0,0,0,22.1,191,4.5
2018,7,8,20,30,152.64000000000001,0.16,4,0,0,0,7,18.8,83.83,964,0,0,0,0,21.700000000000003,195,4.5
2018,7,8,21,30,154.08,0.16,4,0,0,0,8,19.1,86.87,963,0,0,0,0,21.400000000000002,200,4.5
2018,7,8,22,30,147.99,0.16,3.9000000000000004,0,0,0,3,19.200000000000003,88.98,963,0,0,0,0,21.1,205,4.4
2018,7,8,23,30,137.51,0.16,3.9000000000000004,0,0,0,8,19.3,91.05,962,0,0,0,0,20.8,208,4.3
2018,7,9,0,30,125.11,0.16,3.9000000000000004,0,0,0,0,19.400000000000002,92.78,963,0,0,0,0,20.6,209,4.3
2018,7,9,1,30,111.85000000000001,0.16,3.9000000000000004,0,0,0,3,19.400000000000002,93.58,963,0,0,0,0,20.5,208,4.1000000000000005
2018,7,9,2,30,98.2,0.16,4,0,0,0,1,19.5,93.25,964,0,0,0,0,20.6,209,4.2
2018,7,9,3,30,84.23,0.16,4,38,27,40,3,19.5,87.91,964,29,0,7,29,21.6,209,5.1000000000000005
2018,7,9,4,30,70.47,0.16,4,137,303,238,3,19.1,76.44,964,110,1,0,110,23.5,206,6.1000000000000005
2018,7,9,5,30,56.76,0.16,4,183,504,459,3,18.400000000000002,64.59,965,317,110,0,378,25.6,204,6.7
2018,7,9,6,30,43.43,0.16,4.1000000000000005,206,619,656,3,17.900000000000002,55.370000000000005,964,295,4,0,298,27.6,203,6.9
2018,7,9,7,30,31.09,0.16,4.1000000000000005,218,685,805,3,17.400000000000002,49.04,963,446,96,0,528,29.200000000000003,203,7.1000000000000005
2018,7,9,8,30,21.63,0.16,4.2,222,717,889,3,17.1,44.96,963,369,3,0,372,30.400000000000002,203,7.2
2018,7,9,9,30,19.8,0.16,4.2,227,716,901,3,16.900000000000002,43.01,962,149,0,0,149,30.900000000000002,203,7.2
2018,7,9,10,30,27.19,0.16,4.2,220,700,842,4,16.7,42.57,961,262,0,0,262,30.900000000000002,202,7.1000000000000005
2018,7,9,11,30,38.83,0.16,4.2,203,662,718,4,16.7,44.15,961,159,0,0,159,30.200000000000003,199,7
2018,7,9,12,30,51.92,0.16,4.3,189,560,534,4,16.7,47.57,960,207,1,0,207,29,195,6.9
2018,7,9,13,30,65.54,0.16,4.2,144,432,323,3,17,53.1,961,175,8,0,178,27.400000000000002,190,6.6000000000000005
2018,7,9,14,30,79.33,0.16,4.2,76,180,109,3,17.2,58.7,961,19,0,0,19,25.900000000000002,187,6.1000000000000005
2018,7,9,15,30,93.27,0.16,4.2,0,0,0,3,17.3,62.980000000000004,962,0,0,0,0,24.8,184,5.6000000000000005
2018,7,9,16,30,107.01,0.16,4.1000000000000005,0,0,0,3,17.3,66.59,963,0,0,0,0,23.900000000000002,183,5.300000000000001
2018,7,9,17,30,120.46000000000001,0.16,4.2,0,0,0,3,17.5,70.57000000000001,964,0,0,0,0,23.1,182,4.9
2018,7,9,18,30,133.26,0.16,4.2,0,0,0,7,17.900000000000002,75.55,964,0,0,0,0,22.400000000000002,182,4.5
2018,7,9,19,30,144.65,0.16,4.2,0,0,0,3,18.400000000000002,80.47,964,0,0,0,0,21.900000000000002,185,4
2018,7,9,20,30,152.74,0.16,4.1000000000000005,0,0,0,8,18.8,84.69,964,0,0,0,0,21.5,190,3.8000000000000003
2018,7,9,21,30,154.21,0.16,4.1000000000000005,0,0,0,8,19,86.99,964,0,0,0,0,21.3,195,3.7
2018,7,9,22,30,148.11,0.16,4.1000000000000005,0,0,0,5,19.1,89.10000000000001,963,0,0,0,0,21,197,3.7
2018,7,9,23,30,137.6,0.16,4.1000000000000005,0,0,0,4,19.200000000000003,91.26,963,0,0,0,0,20.700000000000003,199,3.6
2018,7,10,0,30,125.18,0.15,4.1000000000000005,0,0,0,3,19.400000000000002,93.17,963,0,0,0,0,20.5,199,3.6
2018,7,10,1,30,111.91,0.15,4,0,0,0,3,19.5,95.06,964,0,0,0,0,20.3,199,3.5
2018,7,10,2,30,98.25,0.15,4,0,0,0,1,19.5,94.84,964,0,0,0,0,20.400000000000002,199,3.8000000000000003
2018,7,10,3,30,84.27,0.15,3.9000000000000004,38,36,42,3,19.5,88.38,964,38,0,7,38,21.5,199,5
2018,7,10,4,30,70.49,0.15,3.9000000000000004,138,300,238,3,18.7,74.68,965,28,0,0,28,23.5,199,6.1000000000000005
2018,7,10,5,30,56.77,0.15,3.8000000000000003,197,472,455,3,17.7,61.42,965,185,1,0,186,25.700000000000003,201,6.4
2018,7,10,6,30,43.42,0.15,3.9000000000000004,232,572,648,3,17,52.25,964,373,56,0,414,27.700000000000003,202,6.4
2018,7,10,7,30,31.05,0.15,4,256,626,792,3,16.6,46.1,964,314,1,0,315,29.400000000000002,202,6.4
2018,7,10,8,30,21.54,0.15,4.1000000000000005,266,654,875,8,16.6,42.67,963,468,209,0,662,30.700000000000003,201,6.300000000000001
2018,7,10,9,30,19.67,0.15,4.2,247,687,894,7,16.6,40.97,962,382,29,0,410,31.5,201,6.300000000000001
2018,7,10,10,30,27.080000000000002,0.15,4.3,240,669,835,8,16.6,40.22,961,402,57,0,452,31.8,201,6.4
2018,7,10,11,30,38.75,0.15,4.3,222,628,712,8,16.6,41.61,960,328,35,0,356,31.200000000000003,199,6.6000000000000005
2018,7,10,12,30,51.85,0.15,4.4,193,551,533,3,16.900000000000002,45.910000000000004,960,215,1,0,216,29.8,195,6.800000000000001
2018,7,10,13,30,65.49,0.15,4.4,150,413,321,4,17.400000000000002,53.160000000000004,961,121,0,0,121,27.8,191,6.800000000000001
2018,7,10,14,30,79.29,0.15,4.4,78,161,108,3,17.7,60.71,961,5,0,0,5,25.900000000000002,188,6.6000000000000005
2018,7,10,15,30,93.24,0.15,4.2,0,0,0,3,17.7,64.97,962,0,0,0,0,24.700000000000003,186,6.300000000000001
2018,7,10,16,30,107.01,0.15,4.1000000000000005,0,0,0,3,17.2,65.76,963,0,0,0,0,24,184,6.1000000000000005
2018,7,10,17,30,120.47,0.15,4.1000000000000005,0,0,0,3,16.8,66.58,964,0,0,0,0,23.400000000000002,183,5.9
2018,7,10,18,30,133.29,0.15,4,0,0,0,0,16.900000000000002,69.76,964,0,0,0,0,22.700000000000003,184,5.6000000000000005
2018,7,10,19,30,144.71,0.15,4,0,0,0,0,17.400000000000002,75.2,965,0,0,0,0,22,188,5.2
2018,7,10,20,30,152.85,0.15,3.9000000000000004,0,0,0,0,17.900000000000002,79.78,964,0,0,0,0,21.5,192,4.800000000000001
2018,7,10,21,30,154.34,0.15,3.8000000000000003,0,0,0,1,18,82.15,964,0,0,0,0,21.200000000000003,196,4.6000000000000005
2018,7,10,22,30,148.23,0.15,3.7,0,0,0,0,18,83.07000000000001,964,0,0,0,0,21,198,4.5
2018,7,10,23,30,137.70000000000002,0.15,3.6,0,0,0,1,17.900000000000002,84.10000000000001,964,0,0,1,0,20.700000000000003,200,4.1000000000000005
2018,7,11,0,30,125.26,0.16,3.6,0,0,0,3,17.8,85.67,964,0,0,1,0,20.3,202,3.7
2018,7,11,1,30,111.98,0.16,3.5,0,0,0,3,17.8,87.21000000000001,964,0,0,1,0,20,205,3.5
2018,7,11,2,30,98.29,0.16,3.6,0,0,0,3,17.900000000000002,87.57000000000001,964,0,0,1,0,20,207,3.9000000000000004
2018,7,11,3,30,84.3,0.16,3.6,38,25,40,3,18,81.79,965,33,0,1,33,21.200000000000003,208,5
2018,7,11,4,30,70.51,0.16,3.6,142,284,237,3,17.7,70.9,965,142,4,1,144,23.3,205,6.2
2018,7,11,5,30,56.77,0.16,3.6,197,474,457,3,17.3,60.1,965,286,31,1,303,25.6,203,6.800000000000001
2018,7,11,6,30,43.4,0.16,3.6,227,587,654,3,16.8,51.64,964,393,68,1,442,27.700000000000003,203,6.9
2018,7,11,7,30,31,0.16,3.7,242,653,802,3,16.400000000000002,45.17,964,477,107,1,569,29.5,203,7
2018,7,11,8,30,21.44,0.16,3.8000000000000003,248,686,886,2,16,40.33,963,531,144,0,664,31,203,7.1000000000000005
2018,7,11,9,30,19.54,0.16,3.8000000000000003,248,692,900,3,15.600000000000001,37.68,962,437,16,0,453,31.8,203,7.1000000000000005
2018,7,11,10,30,26.97,0.16,3.9000000000000004,251,657,837,3,15.5,36.92,961,414,16,0,429,32,203,7.1000000000000005
2018,7,11,11,30,38.67,0.16,3.9000000000000004,239,605,711,3,15.5,37.97,960,121,0,0,121,31.5,202,7
2018,7,11,12,30,51.79,0.16,4,254,423,516,3,15.700000000000001,40.95,960,158,0,0,159,30.400000000000002,199,6.800000000000001
2018,7,11,13,30,65.44,0.16,4,186,294,308,3,16.1,46.11,961,87,0,0,87,28.8,195,6.6000000000000005
2018,7,11,14,30,79.26,0.16,4.1000000000000005,84,79,99,3,16.6,52.38,962,5,0,0,5,27.200000000000003,189,6.2
2018,7,11,15,30,93.22,0.16,4.1000000000000005,0,0,0,3,17.1,58.46,962,0,0,0,0,25.900000000000002,184,5.9
2018,7,11,16,30,107,0.16,4,0,0,0,3,17.5,63.480000000000004,963,0,0,0,0,24.900000000000002,183,5.9
2018,7,11,17,30,120.48,0.16,3.8000000000000003,0,0,0,3,17.7,67.77,964,0,0,0,0,24,186,5.7
2018,7,11,18,30,133.32,0.16,3.7,0,0,0,3,17.8,72.09,965,0,0,0,0,23.1,189,5.300000000000001
2018,7,11,19,30,144.78,0.16,3.5,0,0,0,3,18,76.53,965,0,0,0,0,22.3,193,4.9
2018,7,11,20,30,152.96,0.16,3.3000000000000003,0,0,0,0,18.2,80.66,964,0,0,0,0,21.700000000000003,197,4.5
2018,7,11,21,30,154.47,0.16,3.2,0,0,0,0,18.5,84.19,964,0,0,0,0,21.3,201,4.4
2018,7,11,22,30,148.35,0.16,3.1,0,0,0,0,18.8,87.08,964,0,0,0,0,21,203,4.3
2018,7,11,23,30,137.79,0.16,3,0,0,0,0,18.900000000000002,88.93,964,0,0,0,0,20.8,203,4.2
2018,7,12,0,30,125.34,0.16,3,0,0,0,0,19,90.57000000000001,964,0,0,0,0,20.6,203,4.1000000000000005
2018,7,12,1,30,112.04,0.16,2.9000000000000004,0,0,0,0,19,92.52,964,0,0,0,0,20.3,203,3.8000000000000003
2018,7,12,2,30,98.34,0.16,2.8000000000000003,0,0,0,0,19.1,93.31,965,0,0,0,0,20.200000000000003,205,3.8000000000000003
2018,7,12,3,30,84.33,0.16,2.8000000000000003,38,28,41,0,19.1,87.08,965,38,28,0,41,21.3,205,4.9
2018,7,12,4,30,70.53,0.16,2.8000000000000003,138,320,244,3,18.400000000000002,73.26,965,120,1,0,120,23.5,204,6.300000000000001
2018,7,12,5,30,56.78,0.16,2.8000000000000003,182,527,471,3,17.5,60.09,966,183,1,0,184,25.8,204,6.7
2018,7,12,6,30,43.38,0.16,2.8000000000000003,193,666,677,3,16.5,49.75,965,295,3,0,297,28,203,6.800000000000001
2018,7,12,7,30,30.95,0.16,2.8000000000000003,207,725,828,3,15.600000000000001,41.660000000000004,964,424,42,0,461,30,204,6.800000000000001
2018,7,12,8,30,21.34,0.16,2.9000000000000004,211,755,914,0,14.700000000000001,36.22,963,211,755,0,914,31.5,206,6.800000000000001
2018,7,12,9,30,19.400000000000002,0.16,2.9000000000000004,195,784,934,2,13.9,32.54,962,534,218,0,740,32.5,207,6.9
2018,7,12,10,30,26.86,0.16,2.9000000000000004,185,774,876,1,13.4,30.45,961,185,774,0,876,33,207,6.800000000000001
2018,7,12,11,30,38.59,0.16,3,171,738,748,3,13,30.150000000000002,960,398,81,0,461,32.800000000000004,205,6.800000000000001
2018,7,12,12,30,51.730000000000004,0.16,3,151,667,564,3,13,31.720000000000002,960,324,56,0,359,31.900000000000002,201,6.800000000000001
2018,7,12,13,30,65.39,0.16,3.1,122,530,343,3,13.3,35.47,960,154,3,0,155,30.3,196,6.6000000000000005
2018,7,12,14,30,79.23,0.16,3.2,71,256,119,3,14,41.47,961,30,0,0,30,28.3,190,6.1000000000000005
2018,7,12,15,30,93.21000000000001,0.16,3.2,0,0,0,3,14.9,48.660000000000004,962,0,0,0,0,26.6,184,5.9
2018,7,12,16,30,107,0.16,3.3000000000000003,0,0,0,0,15.8,56.13,962,0,0,0,0,25.200000000000003,180,5.9
2018,7,12,17,30,120.49000000000001,0.16,3.3000000000000003,0,0,0,0,16.5,63.36,963,0,0,0,0,23.900000000000002,179,5.7
2018,7,12,18,30,133.36,0.16,3.2,0,0,0,8,17,69.19,964,0,0,0,0,22.900000000000002,182,5.4
2018,7,12,19,30,144.85,0.16,3.2,0,0,0,0,17.2,73.53,964,0,0,0,0,22.200000000000003,185,5.1000000000000005
2018,7,12,20,30,153.07,0.16,3.1,0,0,0,0,17.400000000000002,76.7,964,0,0,0,0,21.700000000000003,189,4.800000000000001
2018,7,12,21,30,154.62,0.16,3.1,0,0,0,1,17.6,79.21000000000001,964,0,0,0,0,21.3,192,4.5
2018,7,12,22,30,148.47,0.16,3.2,0,0,0,1,17.6,81.67,963,0,0,0,0,20.900000000000002,196,4.2
2018,7,12,23,30,137.89000000000001,0.16,3.2,0,0,0,3,17.8,83.99,963,0,0,0,0,20.6,199,3.8000000000000003
2018,7,13,0,30,125.41,0.16,3.1,0,0,0,7,18,87.09,963,0,0,0,0,20.200000000000003,202,3.7
2018,7,13,1,30,112.10000000000001,0.16,3.1,0,0,0,8,18.2,89.82000000000001,964,0,0,0,0,19.900000000000002,203,3.6
2018,7,13,2,30,98.39,0.16,3.1,0,0,0,7,18.3,90.04,964,0,0,0,0,20,205,3.8000000000000003
2018,7,13,3,30,84.37,0.16,3.1,41,69,47,8,18.400000000000002,83.48,964,41,69,5,47,21.3,204,4.800000000000001
2018,7,13,4,30,70.55,0.16,3.1,117,406,252,3,17.900000000000002,70.46000000000001,965,187,84,0,215,23.6,201,6
2018,7,13,5,30,56.78,0.16,3.1,154,594,479,8,17,57.730000000000004,965,271,212,0,387,26,199,6.6000000000000005
2018,7,13,6,30,43.36,0.16,3.1,163,717,684,7,16.400000000000002,48.75,964,303,378,0,577,28.200000000000003,200,6.7
2018,7,13,7,30,30.89,0.16,3.1,174,772,836,7,15.8,42.15,964,373,291,0,622,30.1,200,6.7
2018,7,13,8,30,21.23,0.16,3.1,178,800,924,7,15.100000000000001,36.660000000000004,963,472,119,0,583,31.700000000000003,201,6.7
2018,7,13,9,30,19.25,0.16,3.1,186,794,935,7,14.200000000000001,32.43,961,419,229,0,635,32.800000000000004,203,6.6000000000000005
2018,7,13,10,30,26.740000000000002,0.16,3.1,184,773,874,7,13.4,29.98,960,414,265,0,650,33.300000000000004,205,6.6000000000000005
2018,7,13,11,30,38.5,0.16,3.2,175,727,744,7,12.9,29.37,960,376,174,0,512,33.1,204,6.5
2018,7,13,12,30,51.67,0.16,3.2,158,648,560,8,12.700000000000001,30.34,959,293,241,7,443,32.300000000000004,200,6.300000000000001
2018,7,13,13,30,65.35,0.16,3.2,128,507,340,3,12.700000000000001,32.85,959,119,0,0,119,30.900000000000002,195,6
2018,7,13,14,30,79.2,0.16,3.2,73,238,118,3,12.8,36.78,960,5,0,0,5,29.1,188,5.6000000000000005
2018,7,13,15,30,93.19,0.16,3.2,0,0,0,3,13.3,41.97,961,0,0,0,0,27.3,180,5.6000000000000005
2018,7,13,16,30,106.99000000000001,0.16,3.2,0,0,0,3,13.9,48.53,962,0,0,0,0,25.6,175,5.800000000000001
2018,7,13,17,30,120.51,0.16,3.2,0,0,0,3,14.9,56.800000000000004,963,0,0,0,0,24,175,5.6000000000000005
2018,7,13,18,30,133.4,0.16,3.2,0,0,0,3,15.9,65.64,963,0,0,0,0,22.700000000000003,178,5.2
2018,7,13,19,30,144.92000000000002,0.16,3.1,0,0,0,3,16.8,73.27,964,0,0,0,0,21.8,182,4.800000000000001
2018,7,13,20,30,153.20000000000002,0.16,3.1,0,0,0,3,17.3,79.64,963,0,0,0,0,21,186,4.3
2018,7,13,21,30,154.77,0.16,3,0,0,0,3,17.7,84.46000000000001,963,0,0,0,0,20.400000000000002,191,4
2018,7,13,22,30,148.6,0.16,3,0,0,0,3,17.900000000000002,87.64,963,0,0,0,0,20,197,3.9000000000000004
2018,7,13,23,30,137.99,0.16,3,0,0,0,1,18,89.37,963,0,0,0,0,19.8,202,3.8000000000000003
2018,7,14,0,30,125.49000000000001,0.16,3.1,0,0,0,0,18.1,90.36,963,0,0,0,0,19.700000000000003,207,3.7
2018,7,14,1,30,112.16,0.16,3.2,0,0,0,0,18.2,91.39,963,0,0,0,0,19.6,210,3.6
2018,7,14,2,30,98.43,0.16,3.2,0,0,0,0,18.2,91.28,963,0,0,0,0,19.700000000000003,213,3.7
2018,7,14,3,30,84.39,0.16,3.2,40,52,45,0,18.3,85.24,964,40,52,0,45,20.900000000000002,211,4.6000000000000005
2018,7,14,4,30,70.56,0.16,3.2,123,374,248,1,18.2,74.01,964,123,374,0,248,23.1,206,5.7
2018,7,14,5,30,56.78,0.16,3.3000000000000003,162,564,471,0,17.7,62.43,965,162,564,0,471,25.400000000000002,202,5.9
2018,7,14,6,30,43.34,0.16,3.3000000000000003,184,670,672,1,17.2,53.07,964,184,670,0,672,27.6,200,5.9
2018,7,14,7,30,30.830000000000002,0.16,3.4000000000000004,195,730,822,8,16.900000000000002,46.550000000000004,964,323,481,0,736,29.5,199,6
2018,7,14,8,30,21.11,0.16,3.4000000000000004,199,762,909,1,16.400000000000002,41.33,963,199,762,0,909,31.1,199,6
2018,7,14,9,30,19.1,0.16,3.4000000000000004,178,798,932,0,15.9,37.71,961,178,798,0,932,32.1,199,6.1000000000000005
2018,7,14,10,30,26.62,0.16,3.5,173,782,872,8,15.5,36.300000000000004,960,416,244,0,634,32.4,198,6.2
2018,7,14,11,30,38.42,0.16,3.5,160,747,745,7,15.4,37.21,959,369,181,0,511,31.8,197,6.2
2018,7,14,12,30,51.61,0.16,3.6,144,671,561,5,15.5,39.93,959,161,0,0,161,30.700000000000003,195,6.2
2018,7,14,13,30,65.3,0.16,3.6,116,543,343,8,15.8,44,960,89,2,0,89,29.3,192,6
2018,7,14,14,30,79.17,0.16,3.6,69,270,119,5,16,49.25,960,5,0,0,5,27.6,189,5.800000000000001
2018,7,14,15,30,93.17,0.16,3.6,0,0,0,4,16.2,53.79,961,0,0,0,0,26.3,184,5.6000000000000005
2018,7,14,16,30,107,0.16,3.6,0,0,0,3,16.400000000000002,58.160000000000004,962,0,0,0,0,25.200000000000003,180,5.7
2018,7,14,17,30,120.53,0.16,3.7,0,0,0,3,16.8,64,963,0,0,0,0,24,179,5.7
2018,7,14,18,30,133.45,0.16,3.7,0,0,0,1,17.3,70.87,963,0,0,0,0,22.900000000000002,180,5.4
2018,7,14,19,30,145.01,0.16,3.7,0,0,0,1,17.900000000000002,77.29,964,0,0,0,0,22.1,181,4.9
2018,7,14,20,30,153.33,0.16,3.8000000000000003,0,0,0,3,18.3,81.19,963,0,0,0,0,21.700000000000003,183,4.5
2018,7,14,21,30,154.92000000000002,0.16,3.8000000000000003,0,0,0,1,18.6,83.85000000000001,963,0,0,0,0,21.400000000000002,184,4.1000000000000005
2018,7,14,22,30,148.74,0.16,3.8000000000000003,0,0,0,3,18.7,86.05,963,0,0,0,0,21.1,186,3.8000000000000003
2018,7,14,23,30,138.1,0.16,3.8000000000000003,0,0,0,1,18.8,87.78,963,0,0,0,0,20.900000000000002,187,3.6
2018,7,15,0,30,125.57000000000001,0.16,3.8000000000000003,0,0,0,1,18.900000000000002,90.19,963,0,0,0,0,20.6,187,3.4000000000000004
2018,7,15,1,30,112.22,0.16,3.7,0,0,0,8,19.1,91.62,963,0,0,0,0,20.5,188,3.2
2018,7,15,2,30,98.47,0.16,3.7,0,0,0,5,19.200000000000003,92.47,964,0,0,0,0,20.5,190,3.5
2018,7,15,3,30,84.42,0.16,3.7,38,38,42,3,19.3,87.32000000000001,964,33,0,7,33,21.5,192,4.7
2018,7,15,4,30,70.58,0.16,3.7,133,322,240,0,18.8,75.72,964,133,322,0,240,23.3,192,5.9
2018,7,15,5,30,56.77,0.16,3.7,187,499,461,3,18.1,64.69,965,305,52,0,333,25.200000000000003,193,6.300000000000001
2018,7,15,6,30,43.31,0.16,3.8000000000000003,307,433,622,3,17.5,55.660000000000004,964,358,23,0,375,27.1,194,6.5
2018,7,15,7,30,30.77,0.16,3.8000000000000003,339,498,767,3,17,48.79,963,350,2,0,352,28.900000000000002,195,6.7
2018,7,15,8,30,20.990000000000002,0.16,3.9000000000000004,353,539,856,3,16.6,43.49,962,530,90,0,614,30.400000000000002,196,6.800000000000001
2018,7,15,9,30,18.95,0.16,3.9000000000000004,322,590,880,2,16.3,41.07,962,568,139,0,700,31.1,196,6.800000000000001
2018,7,15,10,30,26.5,0.16,4,305,580,824,3,16.2,40.910000000000004,961,467,60,0,520,31,196,6.7
2018,7,15,11,30,38.33,0.16,4,275,544,702,3,16.2,42.56,960,466,102,0,546,30.3,195,6.6000000000000005
2018,7,15,12,30,51.54,0.16,4,232,474,527,3,16.400000000000002,45.64,960,154,0,0,155,29.3,193,6.5
2018,7,15,13,30,65.26,0.16,4.1000000000000005,173,344,317,3,16.7,50.52,961,123,0,0,123,27.900000000000002,191,6.300000000000001
2018,7,15,14,30,79.14,0.16,4,84,117,106,1,17,55.85,961,84,117,0,106,26.5,188,6
2018,7,15,15,30,93.16,0.16,4,0,0,0,0,17.1,60.9,962,0,0,0,0,25.200000000000003,184,5.800000000000001
2018,7,15,16,30,107,0.16,3.8000000000000003,0,0,0,0,17.1,64.65,963,0,0,0,0,24.200000000000003,181,5.9
2018,7,15,17,30,120.55,0.16,3.7,0,0,0,0,17.1,68.92,963,0,0,0,0,23.1,180,5.800000000000001
2018,7,15,18,30,133.5,0.16,3.7,0,0,0,0,17.3,73.60000000000001,964,0,0,0,0,22.200000000000003,181,5.5
2018,7,15,19,30,145.09,0.16,3.6,0,0,0,0,17.7,78.79,964,0,0,0,0,21.5,183,5.1000000000000005
2018,7,15,20,30,153.46,0.16,3.5,0,0,0,3,18,82.56,964,0,0,0,0,21.1,186,4.800000000000001
2018,7,15,21,30,155.08,0.16,3.5,0,0,0,3,18.1,84.57000000000001,963,0,0,0,0,20.8,189,4.5
2018,7,15,22,30,148.87,0.16,3.5,0,0,0,0,18.1,85.8,963,0,0,0,0,20.6,192,4.3
2018,7,15,23,30,138.20000000000002,0.16,3.5,0,0,0,0,18.2,87.73,963,0,0,0,0,20.3,195,4
2018,7,16,0,30,125.65,0.15,3.6,0,0,0,0,18.3,89.51,964,0,0,0,0,20.1,196,3.8000000000000003
2018,7,16,1,30,112.27,0.15,3.6,0,0,0,0,18.400000000000002,91.17,964,0,0,0,0,19.900000000000002,197,3.8000000000000003
2018,7,16,2,30,98.52,0.15,3.5,0,0,0,0,18.400000000000002,91.36,965,0,0,0,0,19.900000000000002,199,4
2018,7,16,3,30,84.45,0.15,3.5,37,31,40,2,18.400000000000002,84.85000000000001,965,37,31,5,40,21,201,5.1000000000000005
2018,7,16,4,30,70.59,0.15,3.4000000000000004,132,322,239,0,17.5,71.59,965,132,322,0,239,22.900000000000002,202,6.4
2018,7,16,5,30,56.76,0.15,3.4000000000000004,182,509,461,0,16.5,59.64,965,182,509,0,461,24.900000000000002,204,7
2018,7,16,6,30,43.28,0.15,3.3000000000000003,211,618,661,0,15.9,51.28,965,211,618,0,661,26.8,206,7.2
2018,7,16,7,30,30.7,0.15,3.3000000000000003,228,679,812,0,15.4,44.910000000000004,964,228,679,0,812,28.5,207,7.300000000000001
2018,7,16,8,30,20.86,0.15,3.3000000000000003,236,708,898,3,15,40.11,963,536,234,1,755,30,208,7.4
2018,7,16,9,30,18.78,0.15,3.3000000000000003,191,781,930,3,14.5,36.36,962,473,82,0,550,31.200000000000003,209,7.4
2018,7,16,10,30,26.38,0.15,3.4000000000000004,185,765,870,3,14.200000000000001,34.550000000000004,961,446,73,0,511,31.700000000000003,208,7.4
2018,7,16,11,30,38.24,0.15,3.4000000000000004,173,726,743,2,14,34.550000000000004,961,426,107,0,510,31.5,206,7.300000000000001
2018,7,16,12,30,51.480000000000004,0.15,3.4000000000000004,192,566,544,2,13.8,35.730000000000004,961,356,81,0,407,30.700000000000003,204,7.1000000000000005
2018,7,16,13,30,65.22,0.15,3.4000000000000004,154,411,326,0,13.700000000000001,38.550000000000004,961,154,411,1,326,29.3,201,6.9
2018,7,16,14,30,79.12,0.15,3.5,81,143,108,2,14,43.25,961,53,0,0,53,27.6,196,6.4
2018,7,16,15,30,93.15,0.15,3.4000000000000004,0,0,0,0,14.5,48.89,962,0,0,0,0,26.1,191,5.9
2018,7,16,16,30,107.01,0.15,3.4000000000000004,0,0,0,0,15,54.28,963,0,0,0,0,24.900000000000002,186,5.6000000000000005
2018,7,16,17,30,120.58,0.15,3.3000000000000003,0,0,0,0,15.4,59.74,964,0,0,0,0,23.700000000000003,184,5.300000000000001
2018,7,16,18,30,133.55,0.15,3.3000000000000003,0,0,0,0,15.700000000000001,65.17,965,0,0,0,0,22.6,185,4.9
2018,7,16,19,30,145.18,0.15,3.2,0,0,0,0,16.1,70.87,965,0,0,0,0,21.6,189,4.6000000000000005
2018,7,16,20,30,153.6,0.15,3.1,0,0,0,0,16.400000000000002,75.22,965,0,0,0,0,21,193,4.4
2018,7,16,21,30,155.25,0.15,3,0,0,0,0,16.7,79.26,964,0,0,0,0,20.400000000000002,197,4.3
2018,7,16,22,30,149.01,0.15,2.9000000000000004,0,0,0,1,16.8,81.92,964,0,0,0,0,20,202,4.2
2018,7,16,23,30,138.31,0.15,2.9000000000000004,0,0,0,4,16.900000000000002,84.32000000000001,964,0,0,0,0,19.6,206,4
2018,7,17,0,30,125.73,0.15,2.9000000000000004,0,0,0,4,17,86.42,964,0,0,0,0,19.3,209,3.8000000000000003
2018,7,17,1,30,112.33,0.15,2.9000000000000004,0,0,0,4,17.1,88.78,965,0,0,0,0,19,211,3.6
2018,7,17,2,30,98.56,0.15,2.9000000000000004,0,0,0,0,17.2,89.32000000000001,965,0,0,0,0,19,214,3.7
2018,7,17,3,30,84.47,0.15,2.9000000000000004,36,22,38,1,17.3,82.77,965,36,22,0,38,20.3,212,4.800000000000001
2018,7,17,4,30,70.60000000000001,0.15,3,143,290,239,0,16.900000000000002,70.42,965,143,290,0,239,22.6,206,6.1000000000000005
2018,7,17,5,30,56.75,0.15,3.1,194,492,464,0,16.2,58.230000000000004,965,194,492,0,464,25,204,6.800000000000001
2018,7,17,6,30,43.24,0.15,3.2,219,606,660,0,15.600000000000001,49.51,965,219,606,0,660,27.1,205,7.1000000000000005
2018,7,17,7,30,30.63,0.15,3.3000000000000003,233,672,811,0,15.200000000000001,43.25,964,233,672,0,811,28.900000000000002,206,7.300000000000001
2018,7,17,8,30,20.73,0.15,3.4000000000000004,239,703,897,0,14.9,39.34,963,239,703,0,897,30.3,208,7.300000000000001
2018,7,17,9,30,18.62,0.15,3.5,241,705,909,3,14.8,36.85,962,480,73,0,548,31.3,209,7.300000000000001
2018,7,17,10,30,26.25,0.15,3.6,232,689,850,3,14.700000000000001,35.59,961,440,45,0,480,31.8,210,7.1000000000000005
2018,7,17,11,30,38.160000000000004,0.15,3.6,215,650,725,3,14.5,35.15,960,376,32,0,401,31.8,211,6.9
2018,7,17,12,30,51.42,0.15,3.7,186,575,545,3,14.4,36.26,960,272,12,0,280,31.1,209,6.7
2018,7,17,13,30,65.18,0.15,3.8000000000000003,144,439,329,2,14.5,39.75,960,202,15,0,209,29.6,203,6.5
2018,7,17,14,30,79.09,0.15,3.9000000000000004,78,185,113,3,15,45.77,961,17,0,0,17,27.700000000000003,196,6.2
2018,7,17,15,30,93.15,0.15,3.9000000000000004,0,0,0,0,15.4,51.84,962,0,0,0,0,26.1,189,6
2018,7,17,16,30,107.02,0.15,3.9000000000000004,0,0,0,1,15.700000000000001,56.980000000000004,963,0,0,0,0,24.8,184,6
2018,7,17,17,30,120.61,0.15,3.8000000000000003,0,0,0,0,15.9,61.84,963,0,0,0,0,23.6,182,5.7
2018,7,17,18,30,133.61,0.15,3.8000000000000003,0,0,0,0,16,66.52,964,0,0,0,0,22.6,183,5.2
2018,7,17,19,30,145.28,0.15,3.7,0,0,0,0,16.400000000000002,71.43,964,0,0,0,0,21.8,187,5
2018,7,17,20,30,153.75,0.15,3.5,0,0,0,0,16.900000000000002,77.56,964,0,0,0,0,21,192,4.800000000000001
2018,7,17,21,30,155.42000000000002,0.15,3.4000000000000004,0,0,0,0,17.400000000000002,83.12,963,0,0,0,0,20.400000000000002,195,4.7
2018,7,17,22,30,149.16,0.15,3.3000000000000003,0,0,0,0,17.8,87.38,963,0,0,0,0,20,197,4.6000000000000005
2018,7,17,23,30,138.41,0.15,3.4000000000000004,0,0,0,0,18.1,90.37,963,0,0,0,0,19.700000000000003,198,4.4
2018,7,18,0,30,125.8,0.15,3.5,0,0,0,0,18.1,91.25,963,0,0,0,0,19.6,200,4.2
2018,7,18,1,30,112.39,0.15,3.5,0,0,0,0,18.1,91.8,964,0,0,0,0,19.5,203,4.1000000000000005
2018,7,18,2,30,98.60000000000001,0.15,3.5,0,0,0,1,18.1,90.74,964,0,0,0,0,19.700000000000003,204,4.4
2018,7,18,3,30,84.5,0.15,3.5,37,36,41,3,18.1,84.25,964,37,36,5,41,20.900000000000002,205,5.5
2018,7,18,4,30,70.60000000000001,0.15,3.5,131,334,242,0,17.8,71.96000000000001,965,131,334,0,242,23.1,204,6.9
2018,7,18,5,30,56.74,0.15,3.6,176,528,466,0,17.1,60.01,965,176,528,0,466,25.400000000000002,204,7.5
2018,7,18,6,30,43.2,0.15,3.6,200,638,666,1,16.6,51.31,964,200,638,0,666,27.5,205,7.7
2018,7,18,7,30,30.55,0.15,3.7,212,702,817,2,16.1,44.83,964,469,114,0,568,29.3,206,7.7
2018,7,18,8,30,20.59,0.15,3.8000000000000003,215,735,904,3,15.5,39.82,963,324,1,0,324,30.700000000000003,207,7.6000000000000005
2018,7,18,9,30,18.44,0.15,3.8000000000000003,194,772,926,3,14.9,36.4,962,391,4,0,395,31.6,208,7.4
2018,7,18,10,30,26.12,0.15,3.9000000000000004,186,758,867,3,14.5,35.09,961,495,163,0,641,31.8,209,7.2
2018,7,18,11,30,38.07,0.15,3.9000000000000004,174,721,741,3,14.4,36.160000000000004,960,231,0,0,232,31.200000000000003,207,7
2018,7,18,12,30,51.370000000000005,0.15,3.9000000000000004,156,644,558,3,14.700000000000001,39.06,960,172,0,0,172,30.1,204,6.800000000000001
2018,7,18,13,30,65.14,0.15,4,125,508,339,3,15.100000000000001,43.74,960,107,0,0,107,28.6,199,6.6000000000000005
2018,7,18,14,30,79.07000000000001,0.15,4,73,232,117,3,15.600000000000001,50.4,961,6,0,0,6,26.8,194,6.300000000000001
2018,7,18,15,30,93.14,0.15,3.9000000000000004,0,0,0,3,16.2,57.370000000000005,962,0,0,0,0,25.200000000000003,189,6.2
2018,7,18,16,30,107.03,0.15,3.9000000000000004,0,0,0,3,16.5,63.01,963,0,0,0,0,24,186,6.2
2018,7,18,17,30,120.65,0.15,3.9000000000000004,0,0,0,1,16.7,67.64,963,0,0,0,0,23,186,6.1000000000000005
2018,7,18,18,30,133.67000000000002,0.15,3.8000000000000003,0,0,0,1,16.8,71.58,964,0,0,0,0,22.200000000000003,187,5.7
2018,7,18,19,30,145.38,0.15,3.8000000000000003,0,0,0,3,17,75.14,964,0,0,0,0,21.6,191,5.300000000000001
2018,7,18,20,30,153.9,0.15,3.7,0,0,0,3,17.3,79.35000000000001,964,0,0,0,0,21,195,5
2018,7,18,21,30,155.59,0.15,3.7,0,0,0,3,17.6,82.72,964,0,0,0,0,20.6,199,4.800000000000001
2018,7,18,22,30,149.3,0.15,3.7,0,0,0,3,17.7,85.18,964,0,0,0,0,20.3,203,4.6000000000000005
2018,7,18,23,30,138.52,0.15,3.7,0,0,0,3,17.8,86.87,964,0,0,0,0,20.1,205,4.4
2018,7,19,0,30,125.88000000000001,0.15,3.7,0,0,0,3,18,88.65,964,0,0,0,0,19.900000000000002,206,4.2
2018,7,19,1,30,112.44,0.15,3.7,0,0,0,0,18.1,90.2,964,0,0,0,0,19.8,206,4.1000000000000005
2018,7,19,2,30,98.63,0.15,3.7,0,0,0,3,18.3,90.79,965,0,0,0,0,19.900000000000002,206,4.3
2018,7,19,3,30,84.52,0.15,3.7,38,68,45,3,18.5,85.49,965,37,0,7,37,21,205,5.300000000000001
2018,7,19,4,30,70.61,0.15,3.7,112,411,249,3,17.900000000000002,72.75,965,96,0,0,96,23.1,202,6.5
2018,7,19,5,30,56.730000000000004,0.15,3.7,150,592,475,3,17,60.61,965,231,11,0,237,25.200000000000003,200,7
2018,7,19,6,30,43.160000000000004,0.15,3.7,181,674,673,3,16.5,51.9,965,387,80,0,445,27.200000000000003,200,7.300000000000001
2018,7,19,7,30,30.47,0.15,3.7,197,727,823,3,16,45.35,964,320,1,0,322,29,200,7.5
2018,7,19,8,30,20.45,0.15,3.7,204,753,910,3,15.600000000000001,40.74,963,213,0,0,213,30.400000000000002,200,7.5
2018,7,19,9,30,18.27,0.15,3.7,218,739,920,3,15.200000000000001,37.49,962,286,1,0,286,31.400000000000002,199,7.5
2018,7,19,10,30,25.990000000000002,0.15,3.7,206,731,864,3,14.8,36.08,961,202,0,0,202,31.700000000000003,199,7.4
2018,7,19,11,30,37.99,0.15,3.7,187,700,739,3,14.600000000000001,36.79,960,115,0,0,115,31.1,198,7.2
2018,7,19,12,30,51.31,0.15,3.7,162,635,559,3,14.600000000000001,39.1,960,97,0,0,97,30,197,7
2018,7,19,13,30,65.11,0.15,3.7,129,500,340,3,14.600000000000001,42.22,961,158,3,0,159,28.700000000000003,194,6.800000000000001
2018,7,19,14,30,79.05,0.15,3.6,74,231,118,3,14.600000000000001,46.12,961,17,0,0,17,27.200000000000003,189,6.300000000000001
2018,7,19,15,30,93.14,0.15,3.6,0,0,0,3,14.700000000000001,50.38,962,0,0,0,0,25.8,184,6
2018,7,19,16,30,107.05,0.15,3.6,0,0,0,8,15,55.45,963,0,0,0,0,24.5,179,5.800000000000001
2018,7,19,17,30,120.68,0.15,3.6,0,0,0,7,15.600000000000001,62.18,964,0,0,0,0,23.200000000000003,178,5.4
2018,7,19,18,30,133.74,0.15,3.6,0,0,0,7,16.3,69.57000000000001,964,0,0,0,0,22.1,181,4.9
2018,7,19,19,30,145.49,0.15,3.5,0,0,0,7,17,76.27,965,0,0,0,0,21.3,185,4.3
2018,7,19,20,30,154.06,0.15,3.5,0,0,0,7,17.400000000000002,81.13,964,0,0,0,0,20.8,190,4.1000000000000005
2018,7,19,21,30,155.78,0.15,3.6,0,0,0,7,17.8,84.41,964,0,0,0,0,20.5,195,4
2018,7,19,22,30,149.45000000000002,0.15,3.6,0,0,0,7,17.900000000000002,86.36,963,0,0,0,0,20.3,198,3.9000000000000004
2018,7,19,23,30,138.63,0.15,3.6,0,0,0,3,18,87.86,963,0,0,0,0,20.1,199,3.6
2018,7,20,0,30,125.96000000000001,0.15,3.6,0,0,0,3,18.1,89.55,964,0,0,0,0,19.900000000000002,202,3.3000000000000003
2018,7,20,1,30,112.5,0.15,3.6,0,0,0,0,18.3,91.36,964,0,0,0,0,19.700000000000003,205,3.2
2018,7,20,2,30,98.67,0.15,3.7,0,0,0,0,18.400000000000002,91.51,964,0,0,0,0,19.8,207,3.4000000000000004
2018,7,20,3,30,84.54,0.15,3.7,37,43,41,3,18.5,86.33,965,28,0,7,28,20.900000000000002,207,4.5
2018,7,20,4,30,70.61,0.15,3.8000000000000003,124,360,243,3,18.3,74.77,965,83,0,0,83,23,205,5.9
2018,7,20,5,30,56.71,0.15,3.9000000000000004,164,555,469,3,17.6,62.64,965,227,8,0,231,25.200000000000003,203,6.6000000000000005
2018,7,20,6,30,43.12,0.15,4,188,657,668,3,17,53.870000000000005,965,267,1,0,268,27.1,201,6.9
2018,7,20,7,30,30.38,0.15,4,204,713,819,3,16.8,48.92,964,371,7,0,378,28.6,200,7.1000000000000005
2018,7,20,8,30,20.29,0.15,4.1000000000000005,209,742,905,3,16.8,46.13,963,319,1,0,320,29.6,199,7.2
2018,7,20,9,30,18.080000000000002,0.15,4.1000000000000005,214,741,919,3,16.7,44.71,962,330,1,0,332,30,198,7.2
2018,7,20,10,30,25.86,0.15,4.1000000000000005,209,724,860,3,16.6,44.660000000000004,961,314,1,0,315,29.900000000000002,198,7.1000000000000005
2018,7,20,11,30,37.9,0.15,4.1000000000000005,194,687,735,3,16.5,45.81,961,117,0,0,117,29.400000000000002,197,7
2018,7,20,12,30,51.25,0.15,4.1000000000000005,251,437,524,3,16.5,48.22,961,97,0,0,97,28.5,196,6.9
2018,7,20,13,30,65.07000000000001,0.15,4.1000000000000005,178,332,318,3,16.5,52.03,961,20,0,0,20,27.200000000000003,194,6.5
2018,7,20,14,30,79.04,0.15,4,84,119,107,3,16.5,56.11,961,5,0,0,5,25.900000000000002,193,5.9
2018,7,20,15,30,93.14,0.15,3.9000000000000004,0,0,0,3,16.400000000000002,59.36,962,0,0,0,0,24.900000000000002,192,5.4
2018,7,20,16,30,107.07000000000001,0.15,3.9000000000000004,0,0,0,3,16.400000000000002,61.72,963,0,0,0,0,24.200000000000003,189,5.1000000000000005
2018,7,20,17,30,120.72,0.15,3.8000000000000003,0,0,0,4,16.400000000000002,64.8,963,0,0,0,0,23.400000000000002,186,4.800000000000001
2018,7,20,18,30,133.81,0.15,3.8000000000000003,0,0,0,7,16.5,68.58,964,0,0,0,0,22.6,185,4.4
2018,7,20,19,30,145.6,0.15,3.8000000000000003,0,0,0,4,16.8,73.82000000000001,964,0,0,0,0,21.700000000000003,188,4.2
2018,7,20,20,30,154.23,0.15,3.8000000000000003,0,0,0,7,17.2,78.67,964,0,0,0,0,21.1,194,4.1000000000000005
2018,7,20,21,30,155.96,0.15,3.8000000000000003,0,0,0,7,17.7,83.5,964,0,0,0,0,20.6,198,3.7
2018,7,20,22,30,149.6,0.15,3.8000000000000003,0,0,0,7,18.1,87.35000000000001,964,0,0,0,0,20.3,201,3.5
2018,7,20,23,30,138.73,0.15,3.8000000000000003,0,0,0,8,18.5,90.55,963,0,0,0,0,20.1,204,3.2
2018,7,21,0,30,126.04,0.15,3.9000000000000004,0,0,0,0,18.8,93.61,964,0,0,0,0,19.900000000000002,205,3
2018,7,21,1,30,112.55,0.15,3.9000000000000004,0,0,0,0,19.1,95.53,964,0,0,0,0,19.8,207,3.1
2018,7,21,2,30,98.7,0.15,3.9000000000000004,0,0,0,3,19.200000000000003,95.89,964,0,0,0,0,19.900000000000002,208,3.4000000000000004
2018,7,21,3,30,84.55,0.15,3.9000000000000004,34,22,36,3,19.400000000000002,90.96000000000001,965,28,0,7,28,20.900000000000002,205,4.5
2018,7,21,4,30,70.61,0.15,3.9000000000000004,142,279,234,3,19,78.41,965,105,0,0,105,23,200,5.800000000000001
2018,7,21,5,30,56.69,0.15,4,200,464,455,3,18.1,64.53,965,191,1,0,192,25.3,195,6.4
2018,7,21,6,30,43.07,0.15,4,235,570,652,3,17.400000000000002,54.68,965,350,31,0,372,27.3,193,6.7
2018,7,21,7,30,30.29,0.15,4,257,632,802,3,16.900000000000002,48.36,964,459,89,0,536,28.900000000000002,192,6.9
2018,7,21,8,30,20.14,0.15,4,265,664,889,3,16.6,44.62,964,250,0,0,250,30,192,7
2018,7,21,9,30,17.900000000000002,0.15,4.1000000000000005,264,673,904,3,16.5,42.93,963,476,63,0,536,30.5,192,7
2018,7,21,10,30,25.73,0.15,4.1000000000000005,254,659,847,3,16.3,42.2,962,323,1,0,324,30.6,191,6.9
2018,7,21,11,30,37.81,0.15,4.1000000000000005,232,622,723,3,16.2,43.19,961,290,1,0,291,30.1,190,6.800000000000001
2018,7,21,12,30,51.2,0.15,4,201,548,544,3,16.3,45.62,961,128,0,0,128,29.200000000000003,188,6.6000000000000005
2018,7,21,13,30,65.04,0.15,4,156,410,329,3,16.3,49.34,962,102,0,0,102,27.900000000000002,185,6.4
2018,7,21,14,30,79.02,0.15,4,82,154,112,3,16.400000000000002,54.13,962,5,0,0,5,26.400000000000002,182,6.1000000000000005
2018,7,21,15,30,93.15,0.15,4,0,0,0,3,16.5,58.96,963,0,0,0,0,25.1,179,5.9
2018,7,21,16,30,107.09,0.15,4,0,0,0,3,16.7,64.08,964,0,0,0,0,23.900000000000002,179,5.9
2018,7,21,17,30,120.77,0.15,3.9000000000000004,0,0,0,3,17.1,69.67,965,0,0,0,0,22.900000000000002,180,5.6000000000000005
2018,7,21,18,30,133.88,0.15,3.8000000000000003,0,0,0,3,17.6,76.29,965,0,0,0,0,22,183,5.1000000000000005
2018,7,21,19,30,145.72,0.15,3.8000000000000003,0,0,0,3,18.2,81.98,965,0,0,0,0,21.400000000000002,185,4.7
2018,7,21,20,30,154.4,0.15,3.8000000000000003,0,0,0,3,18.6,85.93,965,0,0,0,0,21,187,4.3
2018,7,21,21,30,156.15,0.15,3.7,0,0,0,3,18.7,87.98,965,0,0,0,0,20.8,189,4.1000000000000005
2018,7,21,22,30,149.75,0.15,3.7,0,0,0,4,18.8,89.35000000000001,965,0,0,0,0,20.6,193,4.1000000000000005
2018,7,21,23,30,138.84,0.15,3.6,0,0,0,3,18.8,91.18,965,0,0,0,0,20.3,196,3.9000000000000004
2018,7,22,0,30,126.11,0.15,3.6,0,0,0,3,18.900000000000002,93.22,965,0,0,0,0,20,200,3.4000000000000004
2018,7,22,1,30,112.61,0.15,3.5,0,0,0,3,18.900000000000002,95.39,965,0,0,0,0,19.700000000000003,203,3.2
2018,7,22,2,30,98.74000000000001,0.15,3.5,0,0,0,3,19,94.88,965,0,0,0,0,19.8,205,3.6
2018,7,22,3,30,84.57000000000001,0.15,3.6,35,23,37,3,18.900000000000002,88.62,966,35,23,5,37,20.900000000000002,204,4.7
2018,7,22,4,30,70.60000000000001,0.15,3.6,140,294,238,4,18.3,75.18,966,46,0,0,46,22.900000000000002,202,6
2018,7,22,5,30,56.660000000000004,0.15,3.6,190,494,462,3,17.2,61.38,966,259,22,0,271,25.200000000000003,200,6.6000000000000005
2018,7,22,6,30,43.02,0.15,3.6,221,604,662,2,16.400000000000002,51.38,966,424,182,0,558,27.3,199,6.800000000000001
2018,7,22,7,30,30.2,0.15,3.6,233,674,815,1,15.600000000000001,43.65,965,233,674,0,815,29.200000000000003,198,6.9
2018,7,22,8,30,19.98,0.15,3.6,236,710,904,2,14.9,38.4,964,539,189,0,717,30.700000000000003,199,7
2018,7,22,9,30,17.7,0.15,3.5,233,724,922,3,14.4,35.1,963,411,6,0,417,31.700000000000003,200,7
2018,7,22,10,30,25.6,0.15,3.5,222,713,865,3,14.100000000000001,33.56,962,507,141,0,634,32.1,200,6.9
2018,7,22,11,30,37.730000000000004,0.15,3.5,203,678,740,3,13.8,33.63,961,425,90,0,495,31.8,197,6.800000000000001
2018,7,22,12,30,51.14,0.15,3.5,177,607,558,3,13.700000000000001,35.17,961,96,0,0,96,30.900000000000002,193,6.6000000000000005
2018,7,22,13,30,65.01,0.15,3.5,140,469,338,3,13.8,38.14,961,88,0,0,88,29.5,189,6.4
2018,7,22,14,30,79.01,0.15,3.4000000000000004,78,203,117,3,13.9,42.21,962,5,0,0,5,27.900000000000002,182,6.1000000000000005
2018,7,22,15,30,93.15,0.15,3.4000000000000004,0,0,0,3,14.100000000000001,47.160000000000004,963,0,0,0,0,26.3,177,5.9
2018,7,22,16,30,107.12,0.15,3.4000000000000004,0,0,0,3,14.700000000000001,53.26,964,0,0,0,0,24.8,173,5.7
2018,7,22,17,30,120.82000000000001,0.15,3.3000000000000003,0,0,0,3,15.5,61.17,965,0,0,0,0,23.400000000000002,173,5.4
2018,7,22,18,30,133.96,0.15,3.2,0,0,0,3,16.5,69.85000000000001,965,0,0,0,0,22.3,178,4.9
2018,7,22,19,30,145.84,0.15,3.1,0,0,0,4,17.400000000000002,78.16,965,0,0,0,0,21.400000000000002,184,4.5
2018,7,22,20,30,154.58,0.15,3.1,0,0,0,5,18.1,83.89,965,0,0,0,0,20.900000000000002,190,4.4
2018,7,22,21,30,156.35,0.15,3.2,0,0,0,3,18.400000000000002,86.86,965,0,0,0,0,20.700000000000003,196,4.4
2018,7,22,22,30,149.91,0.15,3.4000000000000004,0,0,0,3,18.6,88.08,964,0,0,0,0,20.6,200,4.4
2018,7,22,23,30,138.95000000000002,0.15,3.5,0,0,0,3,18.5,88.58,964,0,0,0,0,20.5,202,4.2
2018,7,23,0,30,126.19,0.15,3.6,0,0,0,8,18.6,89.32000000000001,964,0,0,0,0,20.400000000000002,203,4
2018,7,23,1,30,112.66,0.15,3.7,0,0,0,3,18.7,91.25,965,0,0,0,0,20.200000000000003,205,3.6
2018,7,23,2,30,98.77,0.15,3.7,0,0,0,1,18.900000000000002,91.62,965,0,0,0,0,20.3,207,3.5
2018,7,23,3,30,84.58,0.15,3.8000000000000003,37,47,41,4,19,87.85000000000001,965,31,0,7,31,21.1,209,4.3
2018,7,23,4,30,70.60000000000001,0.15,3.8000000000000003,125,359,244,4,18.6,78.21000000000001,965,48,0,0,48,22.6,208,5.300000000000001
2018,7,23,5,30,56.63,0.15,3.8000000000000003,167,552,471,4,17.8,66.92,965,174,1,0,174,24.3,207,5.800000000000001
2018,7,23,6,30,42.96,0.15,3.8000000000000003,188,662,673,3,17.2,58.27,965,394,83,0,455,26,207,6
2018,7,23,7,30,30.1,0.15,3.9000000000000004,197,728,826,2,16.900000000000002,52.46,964,442,101,0,529,27.5,207,6.1000000000000005
2018,7,23,8,30,19.81,0.15,3.9000000000000004,197,765,916,3,16.8,48.04,963,463,72,0,530,28.900000000000002,208,6.2
2018,7,23,9,30,17.51,0.15,4,198,768,930,3,16.900000000000002,45.81,962,484,127,0,605,29.8,207,6.2
2018,7,23,10,30,25.46,0.15,4.1000000000000005,183,764,874,3,17.1,46.07,961,408,15,0,421,30,204,6.300000000000001
2018,7,23,11,30,37.65,0.15,4.2,167,733,747,3,17.5,48.25,961,384,55,0,428,29.6,200,6.5
2018,7,23,12,30,51.09,0.15,4.2,147,665,565,3,17.8,51.660000000000004,961,192,1,0,192,28.700000000000003,194,6.7
2018,7,23,13,30,64.98,0.15,4.1000000000000005,117,542,346,3,17.7,55.050000000000004,961,179,11,0,183,27.5,190,6.6000000000000005
2018,7,23,14,30,79,0.15,3.9000000000000004,69,279,122,3,17,56.71,962,68,1,7,69,26.3,187,6
2018,7,23,15,30,93.16,0.15,3.7,0,0,0,3,16.2,57.24,962,0,0,0,0,25.3,184,5.5
2018,7,23,16,30,107.14,0.15,3.7,0,0,0,7,15.9,59.34,963,0,0,0,0,24.3,181,5.300000000000001
2018,7,23,17,30,120.87,0.15,3.7,0,0,0,7,16.1,64.28,964,0,0,0,0,23.200000000000003,181,5.300000000000001
2018,7,23,18,30,134.04,0.15,3.7,0,0,0,1,16.8,71.42,964,0,0,0,0,22.200000000000003,184,4.9
2018,7,23,19,30,145.97,0.15,3.7,0,0,0,0,17.400000000000002,77.64,964,0,0,0,0,21.5,188,4.3
2018,7,23,20,30,154.76,0.15,3.7,0,0,0,0,17.8,82.06,964,0,0,0,0,21,193,4
2018,7,23,21,30,156.55,0.15,3.6,0,0,0,7,18.1,85.08,964,0,0,0,0,20.700000000000003,199,3.9000000000000004
2018,7,23,22,30,150.06,0.15,3.5,0,0,0,7,18.400000000000002,87.69,963,0,0,0,0,20.5,203,3.8000000000000003
2018,7,23,23,30,139.06,0.15,3.3000000000000003,0,0,0,3,18.7,90.64,963,0,0,0,0,20.3,204,4
2018,7,24,0,30,126.26,0.15,3.2,0,0,0,3,18.900000000000002,92.88,963,0,0,0,0,20.1,204,4
2018,7,24,1,30,112.71000000000001,0.15,3.2,0,0,0,3,19,94.86,964,0,0,0,0,19.8,203,3.8000000000000003
2018,7,24,2,30,98.8,0.15,3.2,0,0,0,4,18.900000000000002,94.42,964,0,0,0,0,19.8,202,3.9000000000000004
2018,7,24,3,30,84.59,0.15,3.3000000000000003,38,100,47,4,18.8,87.59,964,35,0,7,35,20.900000000000002,199,4.9
2018,7,24,4,30,70.59,0.15,3.3000000000000003,99,480,259,3,18.1,74.17,965,158,13,0,162,22.900000000000002,196,6.2
2018,7,24,5,30,56.6,0.15,3.4000000000000004,126,663,491,3,17.1,60.99,965,297,70,0,336,25.1,195,6.6000000000000005
2018,7,24,6,30,42.9,0.15,3.4000000000000004,149,743,694,2,16.3,52.120000000000005,965,395,226,0,560,27,196,6.7
2018,7,24,7,30,30,0.15,3.5,159,794,846,3,15.700000000000001,45.28,965,448,119,0,551,28.700000000000003,197,6.800000000000001
2018,7,24,8,30,19.64,0.15,3.5,165,818,935,3,15.200000000000001,40.35,964,508,176,0,673,30.1,199,6.800000000000001
2018,7,24,9,30,17.3,0.15,3.6,161,827,950,3,14.700000000000001,37.54,963,484,141,0,618,30.900000000000002,201,6.9
2018,7,24,10,30,25.330000000000002,0.15,3.6,158,810,890,3,14.5,36.77,962,441,72,0,506,31,201,6.800000000000001
2018,7,24,11,30,37.56,0.15,3.7,149,772,761,3,14.5,38.36,961,304,2,0,306,30.3,200,6.800000000000001
2018,7,24,12,30,51.04,0.15,3.7,134,702,575,3,14.8,41.93,961,156,0,0,156,29,197,6.6000000000000005
2018,7,24,13,30,64.95,0.15,3.7,110,571,352,3,15.100000000000001,46.67,961,15,0,0,15,27.5,194,6.4
2018,7,24,14,30,78.99,0.15,3.7,67,297,124,3,15.4,52.1,962,5,0,0,5,26,190,6
2018,7,24,15,30,93.17,0.15,3.7,0,0,0,4,15.700000000000001,56.84,962,0,0,0,0,24.8,187,5.7
2018,7,24,16,30,107.18,0.15,3.7,0,0,0,8,15.8,60.410000000000004,963,0,0,0,0,23.900000000000002,184,5.6000000000000005
2018,7,24,17,30,120.92,0.15,3.6,0,0,0,3,15.8,63.92,964,0,0,0,0,23,183,5.300000000000001
2018,7,24,18,30,134.13,0.15,3.5,0,0,0,0,15.9,67.33,964,0,0,0,0,22.200000000000003,184,4.800000000000001
2018,7,24,19,30,146.1,0.15,3.5,0,0,0,0,16,70.77,964,0,0,0,0,21.5,187,4.3
2018,7,24,20,30,154.95000000000002,0.15,3.4000000000000004,0,0,0,1,16.1,74.16,964,0,0,0,0,20.900000000000002,192,3.9000000000000004
2018,7,24,21,30,156.76,0.15,3.4000000000000004,0,0,0,0,16.3,76.93,963,0,0,0,0,20.5,197,3.7
2018,7,24,22,30,150.22,0.15,3.4000000000000004,0,0,0,0,16.6,79.7,963,0,0,0,0,20.200000000000003,202,3.7
2018,7,24,23,30,139.17000000000002,0.15,3.4000000000000004,0,0,0,0,16.900000000000002,82.32000000000001,963,0,0,0,0,20,204,3.5
2018,7,25,0,30,126.34,0.15,3.4000000000000004,0,0,0,0,17.2,85.69,963,0,0,0,0,19.700000000000003,206,3.4000000000000004
2018,7,25,1,30,112.76,0.15,3.5,0,0,0,0,17.6,88.75,964,0,0,0,0,19.5,208,3.1
2018,7,25,2,30,98.83,0.15,3.5,0,0,0,3,17.900000000000002,89.78,964,0,0,0,0,19.6,209,3.3000000000000003
2018,7,25,3,30,84.60000000000001,0.15,3.5,38,50,42,3,18.1,84.48,964,41,1,7,41,20.8,208,4.7
2018,7,25,4,30,70.58,0.15,3.6,122,372,246,3,17.7,72.63,965,147,6,0,149,22.900000000000002,206,6
2018,7,25,5,30,56.57,0.15,3.6,166,557,473,3,16.900000000000002,60.96,965,304,58,0,336,25,205,6.5
2018,7,25,6,30,42.84,0.15,3.7,191,658,674,2,16.400000000000002,51.95,965,417,129,0,511,27.1,204,6.6000000000000005
2018,7,25,7,30,29.900000000000002,0.15,3.7,205,718,828,3,15.8,45.6,964,490,161,0,630,28.700000000000003,204,6.7
2018,7,25,8,30,19.46,0.15,3.8000000000000003,213,744,914,2,15.3,42,963,526,167,0,683,29.6,204,6.7
2018,7,25,9,30,17.1,0.15,3.9000000000000004,173,806,943,3,15.200000000000001,41.160000000000004,962,483,133,0,610,29.8,204,6.6000000000000005
2018,7,25,10,30,25.19,0.15,4,169,788,883,3,15.200000000000001,42.24,962,491,163,0,639,29.400000000000002,204,6.4
2018,7,25,11,30,37.480000000000004,0.15,4,159,751,755,3,15.4,44.44,961,360,22,0,377,28.700000000000003,202,6.300000000000001
2018,7,25,12,30,50.99,0.15,4.1000000000000005,253,438,528,3,15.700000000000001,48.08,961,208,0,0,208,27.700000000000003,199,6.1000000000000005
2018,7,25,13,30,64.93,0.15,4.1000000000000005,188,303,316,3,16,52.27,961,89,0,0,89,26.6,196,5.7
2018,7,25,14,30,78.99,0.15,4.1000000000000005,86,97,104,3,16.3,56.31,962,25,0,0,25,25.6,192,5.2
2018,7,25,15,30,93.19,0.15,4.1000000000000005,0,0,0,3,16.400000000000002,59.57,963,0,0,0,0,24.8,186,4.9
2018,7,25,16,30,107.21000000000001,0.15,4,0,0,0,3,16.400000000000002,62.31,963,0,0,0,0,24.1,182,4.9
2018,7,25,17,30,120.98,0.15,4,0,0,0,0,16.6,65.95,964,0,0,0,0,23.3,182,5
2018,7,25,18,30,134.22,0.15,4,0,0,0,3,16.900000000000002,70.74,964,0,0,0,0,22.5,183,4.9
2018,7,25,19,30,146.23,0.15,3.9000000000000004,0,0,0,0,17.400000000000002,77.24,964,0,0,0,0,21.6,186,4.6000000000000005
2018,7,25,20,30,155.14000000000001,0.15,3.7,0,0,0,0,17.900000000000002,82.41,964,0,0,0,0,21,190,4.3
2018,7,25,21,30,156.97,0.15,3.6,0,0,0,0,18,85.85000000000001,964,0,0,0,0,20.5,196,4.2
2018,7,25,22,30,150.38,0.15,3.4000000000000004,0,0,0,0,17.900000000000002,87.23,963,0,0,0,0,20.1,200,4.1000000000000005
2018,7,25,23,30,139.28,0.15,3.4000000000000004,0,0,0,0,17.6,85.91,963,0,0,0,0,20,204,4.1000000000000005
2018,7,26,0,30,126.41,0.14,3.4000000000000004,0,0,0,3,17.2,85.12,964,0,0,0,0,19.8,207,3.9000000000000004
2018,7,26,1,30,112.8,0.14,3.4000000000000004,0,0,0,3,17,84.29,964,0,0,0,0,19.700000000000003,210,3.6
2018,7,26,2,30,98.85000000000001,0.14,3.4000000000000004,0,0,0,5,16.900000000000002,83.67,965,0,0,0,0,19.700000000000003,212,3.5
2018,7,26,3,30,84.60000000000001,0.14,3.5,37,39,41,3,16.8,77.82000000000001,965,39,0,7,39,20.8,212,4.4
2018,7,26,4,30,70.57000000000001,0.14,3.5,132,333,243,3,16.5,68.16,966,162,10,0,165,22.700000000000003,209,5.5
2018,7,26,5,30,56.54,0.14,3.5,182,521,469,3,16.3,59.85,966,316,78,0,359,24.6,207,6.1000000000000005
2018,7,26,6,30,42.78,0.14,3.6,190,664,677,2,16.2,53.660000000000004,966,416,170,0,540,26.3,207,6.300000000000001
2018,7,26,7,30,29.79,0.14,3.6,200,726,831,4,16,48.660000000000004,965,335,2,0,337,27.8,207,6.5
2018,7,26,8,30,19.28,0.14,3.6,204,759,920,3,15.700000000000001,44.15,964,458,51,0,506,29.1,207,6.5
2018,7,26,9,30,16.89,0.14,3.6,195,777,939,3,15.200000000000001,40.53,963,490,98,0,584,30.1,206,6.5
2018,7,26,10,30,25.060000000000002,0.14,3.6,191,760,879,3,14.8,38.64,962,487,135,0,609,30.5,205,6.4
2018,7,26,11,30,37.4,0.14,3.6,181,717,751,3,14.600000000000001,38.21,961,385,76,0,445,30.400000000000002,203,6.300000000000001
2018,7,26,12,30,50.94,0.14,3.6,163,639,565,3,14.600000000000001,39.72,961,273,13,0,281,29.700000000000003,201,6.1000000000000005
2018,7,26,13,30,64.91,0.14,3.7,132,495,342,3,14.700000000000001,42.64,961,169,8,0,172,28.6,199,5.7
2018,7,26,14,30,78.99,0.14,3.7,75,226,118,3,14.8,46.81,962,18,0,0,18,27.200000000000003,197,4.800000000000001
2018,7,26,15,30,93.2,0.14,3.7,0,0,0,8,15.100000000000001,50.620000000000005,962,0,0,0,0,26.1,193,4
2018,7,26,16,30,107.25,0.14,3.7,0,0,0,8,15.3,54.47,963,0,0,0,0,25.1,188,3.6
2018,7,26,17,30,121.05,0.14,3.6,0,0,0,3,15.5,58.77,964,0,0,0,0,24.1,183,3.5
2018,7,26,18,30,134.31,0.14,3.5,0,0,0,7,15.9,63.910000000000004,964,0,0,0,0,23.1,180,3.5
2018,7,26,19,30,146.37,0.14,3.5,0,0,0,8,16.5,70.61,964,0,0,0,0,22.1,182,3.5
2018,7,26,20,30,155.34,0.14,3.4000000000000004,0,0,0,4,17.2,77.7,964,0,0,0,0,21.3,188,3.3000000000000003
2018,7,26,21,30,157.19,0.14,3.4000000000000004,0,0,0,5,17.900000000000002,84.42,964,0,0,0,0,20.6,195,3.1
2018,7,26,22,30,150.55,0.14,3.5,0,0,0,4,18.3,89.06,964,0,0,0,0,20.200000000000003,202,2.9000000000000004
2018,7,26,23,30,139.39000000000001,0.14,3.5,0,0,0,8,18.6,92.42,964,0,0,0,0,19.900000000000002,209,2.9000000000000004
2018,7,27,0,30,126.49000000000001,0.14,3.6,0,0,0,8,18.8,94.05,964,0,0,0,0,19.8,217,3
2018,7,27,1,30,112.85000000000001,0.14,3.6,0,0,0,3,18.900000000000002,95.43,965,0,0,0,0,19.700000000000003,225,3
2018,7,27,2,30,98.88,0.14,3.6,0,0,0,1,19,94.14,965,0,0,0,0,20,231,3.3000000000000003
2018,7,27,3,30,84.61,0.14,3.6,37,83,45,3,19.1,88.85000000000001,966,32,0,7,32,21,231,4.3
2018,7,27,4,30,70.55,0.14,3.6,107,438,253,0,18.7,76.8,966,107,438,0,253,23,227,5.4
2018,7,27,5,30,56.5,0.14,3.6,142,618,483,0,18,64.2,966,142,618,0,483,25.200000000000003,224,5.800000000000001
2018,7,27,6,30,42.71,0.14,3.6,163,713,687,7,17.6,55.300000000000004,966,263,506,0,635,27.3,221,6.1000000000000005
2018,7,27,7,30,29.67,0.14,3.7,175,765,840,7,17.400000000000002,48.74,965,306,508,0,747,29.3,217,6.2
2018,7,27,8,30,19.09,0.14,3.7,179,794,929,1,17.3,43.82,964,179,794,0,929,31,213,6.2
2018,7,27,9,30,16.67,0.14,3.7,145,847,956,0,17.1,40.51,962,145,847,0,956,32.2,210,6.1000000000000005
2018,7,27,10,30,24.92,0.14,3.7,145,827,895,0,16.8,38.33,961,145,827,0,895,32.9,207,5.9
2018,7,27,11,30,37.32,0.14,3.7,141,785,765,3,16.6,37.64,961,418,116,0,510,32.9,204,5.7
2018,7,27,12,30,50.9,0.14,3.7,113,748,585,1,16.3,38.43,960,113,748,0,585,32.2,200,5.6000000000000005
2018,7,27,13,30,64.89,0.14,3.7,99,606,356,1,16.2,41.14,960,99,606,0,356,30.900000000000002,197,5.300000000000001
2018,7,27,14,30,78.99,0.14,3.7,65,304,123,0,16.3,45.57,961,65,304,0,123,29.3,193,4.7
2018,7,27,15,30,93.22,0.14,3.7,0,0,0,0,16.6,49.980000000000004,961,0,0,0,0,28,187,4.3
2018,7,27,16,30,107.29,0.14,3.6,0,0,0,0,16.900000000000002,54.07,962,0,0,0,0,27,182,4.4
2018,7,27,17,30,121.11,0.14,3.5,0,0,0,0,17.3,59.550000000000004,963,0,0,0,0,25.8,178,4.5
2018,7,27,18,30,134.41,0.14,3.5,0,0,0,0,17.900000000000002,66.61,963,0,0,0,0,24.5,178,4.4
2018,7,27,19,30,146.52,0.14,3.4000000000000004,0,0,0,3,18.5,74.46000000000001,963,0,0,0,0,23.3,180,4.1000000000000005
2018,7,27,20,30,155.55,0.14,3.3000000000000003,0,0,0,0,19.1,81.51,963,0,0,0,0,22.400000000000002,185,3.8000000000000003
2018,7,27,21,30,157.41,0.14,3.2,0,0,0,0,19.6,87.64,963,0,0,0,0,21.700000000000003,191,3.6
2018,7,27,22,30,150.71,0.14,3.1,0,0,0,0,19.900000000000002,91.92,963,0,0,0,0,21.3,197,3.6
2018,7,27,23,30,139.5,0.14,3,0,0,0,0,20.1,94.82000000000001,962,0,0,0,0,21,203,3.8000000000000003
2018,7,28,0,30,126.56,0.14,2.9000000000000004,0,0,0,0,20.3,96.7,963,0,0,0,0,20.8,207,3.7
2018,7,28,1,30,112.89,0.14,2.9000000000000004,0,0,0,0,20.3,97.81,963,0,0,0,0,20.700000000000003,210,3.5
2018,7,28,2,30,98.9,0.14,2.8000000000000003,0,0,0,0,20.400000000000002,97.01,964,0,0,0,0,20.900000000000002,212,3.8000000000000003
2018,7,28,3,30,84.61,0.14,2.8000000000000003,35,159,50,0,20.400000000000002,88.9,964,35,159,0,50,22.3,213,4.7
2018,7,28,4,30,70.53,0.14,2.8000000000000003,85,552,269,0,19.8,74.11,964,85,552,0,269,24.700000000000003,212,5.6000000000000005
2018,7,28,5,30,56.46,0.14,2.8000000000000003,108,721,507,0,19,60.96,964,108,721,0,507,27.200000000000003,209,5.9
2018,7,28,6,30,42.64,0.14,2.9000000000000004,118,811,714,0,18.400000000000002,50.57,964,118,811,0,714,29.700000000000003,207,6.1000000000000005
2018,7,28,7,30,29.560000000000002,0.14,2.9000000000000004,124,860,872,0,17.8,43.86,963,124,860,0,872,31.6,207,6.2
2018,7,28,8,30,18.900000000000002,0.14,3,125,884,961,0,17.400000000000002,39.21,962,125,884,0,961,33.1,208,6.300000000000001
2018,7,28,9,30,16.45,0.14,3.1,112,906,980,0,17,36,961,112,906,0,980,34.2,209,6.2
2018,7,28,10,30,24.78,0.14,3.2,106,896,920,0,16.7,34.5,960,106,896,0,920,34.6,208,6.2
2018,7,28,11,30,37.24,0.14,3.3000000000000003,98,869,790,0,16.3,33.96,959,98,869,0,790,34.5,205,6.1000000000000005
2018,7,28,12,30,50.86,0.14,3.4000000000000004,88,811,600,0,16.2,35.410000000000004,959,88,811,0,600,33.6,201,6.1000000000000005
2018,7,28,13,30,64.87,0.14,3.5,73,705,372,0,16.400000000000002,39.14,959,73,705,0,372,32,196,6
2018,7,28,14,30,78.99,0.14,3.6,48,458,135,0,16.900000000000002,45.22,960,48,458,0,135,30,189,5.800000000000001
2018,7,28,15,30,93.25,0.14,3.6,0,0,0,0,17.5,52.43,960,0,0,0,0,28.200000000000003,182,5.6000000000000005
2018,7,28,16,30,107.33,0.14,3.5,0,0,0,0,18.2,59.71,961,0,0,0,0,26.700000000000003,177,5.800000000000001
2018,7,28,17,30,121.18,0.14,3.4000000000000004,0,0,0,0,18.7,67.39,962,0,0,0,0,25.200000000000003,176,5.7
2018,7,28,18,30,134.51,0.14,3.3000000000000003,0,0,0,0,19.1,74.77,963,0,0,0,0,23.900000000000002,177,5.5
2018,7,28,19,30,146.67000000000002,0.14,3.1,0,0,0,0,19.5,81.39,963,0,0,0,0,22.900000000000002,179,5.1000000000000005
2018,7,28,20,30,155.76,0.14,3,0,0,0,0,19.900000000000002,87.29,962,0,0,0,0,22.1,181,4.7
2018,7,28,21,30,157.64000000000001,0.14,3,0,0,0,0,20.1,91.44,962,0,0,0,0,21.6,184,4.4
2018,7,28,22,30,150.88,0.14,3,0,0,0,0,20.200000000000003,93.56,961,0,0,0,0,21.3,187,4.1000000000000005
2018,7,28,23,30,139.61,0.14,3,0,0,0,0,20.200000000000003,95.27,961,0,0,0,0,21,189,3.8000000000000003
2018,7,29,0,30,126.63000000000001,0.15,3,0,0,0,0,20.1,96.06,962,0,0,0,0,20.8,192,3.8000000000000003
2018,7,29,1,30,112.94,0.15,3,0,0,0,0,20,96.56,962,0,0,0,0,20.6,194,3.8000000000000003
2018,7,29,2,30,98.92,0.15,3,0,0,0,3,19.900000000000002,95.3,963,0,0,0,0,20.700000000000003,196,4
2018,7,29,3,30,84.61,0.15,3.1,32,218,53,3,19.700000000000003,87.96000000000001,963,31,0,7,31,21.8,198,4.800000000000001
2018,7,29,4,30,70.51,0.15,3.1,73,604,274,3,18.900000000000002,72.89,964,33,0,0,33,24.1,199,5.5
2018,7,29,5,30,56.42,0.15,3.2,92,757,511,3,18,59.39,964,144,0,0,145,26.6,200,5.7
2018,7,29,6,30,42.57,0.15,3.3000000000000003,105,831,717,3,17.3,49.370000000000005,964,273,2,0,274,29,201,5.9
2018,7,29,7,30,29.44,0.15,3.4000000000000004,112,872,871,3,16.900000000000002,42.67,963,239,0,0,239,31.1,202,6
2018,7,29,8,30,18.7,0.15,3.5,115,891,959,3,16.7,38.59,962,471,111,0,576,32.6,203,6.1000000000000005
2018,7,29,9,30,16.23,0.15,3.5,121,886,972,3,16.5,36.02,961,290,1,0,290,33.6,204,6.2
2018,7,29,10,30,24.650000000000002,0.15,3.6,119,870,910,3,16.400000000000002,34.980000000000004,960,268,1,0,268,34,203,6.2
2018,7,29,11,30,37.17,0.15,3.7,113,836,779,3,16.3,35.4,959,404,108,0,491,33.7,201,6.2
2018,7,29,12,30,50.82,0.15,3.7,103,772,591,2,16.3,37.47,959,339,113,0,410,32.7,198,6.2
2018,7,29,13,30,64.85,0.15,3.8000000000000003,87,650,363,3,16.400000000000002,41.13,959,161,5,0,163,31.200000000000003,195,6.1000000000000005
2018,7,29,14,30,79,0.15,3.8000000000000003,56,385,129,3,16.6,45.660000000000004,959,34,0,0,34,29.5,190,5.800000000000001
2018,7,29,15,30,93.27,0.15,3.7,0,0,0,3,16.5,49.71,960,0,0,0,0,28,184,5.6000000000000005
2018,7,29,16,30,107.38,0.15,3.6,0,0,0,1,16.400000000000002,53.51,961,0,0,0,0,26.6,179,5.6000000000000005
2018,7,29,17,30,121.25,0.15,3.5,0,0,0,0,16.400000000000002,59,962,0,0,0,0,25,176,5.7
2018,7,29,18,30,134.62,0.15,3.5,0,0,0,0,17.1,67.18,963,0,0,0,0,23.5,177,5.4
2018,7,29,19,30,146.82,0.15,3.4000000000000004,0,0,0,0,18.1,76.85000000000001,963,0,0,0,0,22.400000000000002,181,5
2018,7,29,20,30,155.97,0.15,3.3000000000000003,0,0,0,0,19.1,85.28,963,0,0,0,0,21.700000000000003,185,4.5
2018,7,29,21,30,157.87,0.15,3.3000000000000003,0,0,0,0,19.700000000000003,91.27,962,0,0,0,0,21.200000000000003,189,4.1000000000000005
2018,7,29,22,30,151.05,0.15,3.3000000000000003,0,0,0,0,20,94.7,962,0,0,0,0,20.900000000000002,194,3.8000000000000003
2018,7,29,23,30,139.72,0.15,3.3000000000000003,0,0,0,0,20.1,96.42,962,0,0,0,0,20.700000000000003,198,3.6
2018,7,30,0,30,126.7,0.15,3.3000000000000003,0,0,0,0,20.1,97.14,962,0,0,0,0,20.6,202,3.2
2018,7,30,1,30,112.98,0.15,3.3000000000000003,0,0,0,0,20.200000000000003,97.92,962,0,0,0,0,20.5,204,3
2018,7,30,2,30,98.94,0.15,3.4000000000000004,0,0,0,0,20.200000000000003,96.88,963,0,0,0,0,20.700000000000003,206,3.2
2018,7,30,3,30,84.61,0.15,3.4000000000000004,31,213,51,0,20.200000000000003,90.09,964,31,213,0,51,21.900000000000002,206,4.2
2018,7,30,4,30,70.49,0.15,3.4000000000000004,73,594,271,2,19.700000000000003,76.29,964,173,39,0,186,24.1,204,5.300000000000001
2018,7,30,5,30,56.370000000000005,0.15,3.4000000000000004,92,752,509,1,18.8,63.11,964,92,752,0,509,26.400000000000002,202,5.7
2018,7,30,6,30,42.49,0.15,3.4000000000000004,103,832,717,1,18.2,53.02,964,103,832,0,717,28.700000000000003,202,5.800000000000001
2018,7,30,7,30,29.310000000000002,0.15,3.5,108,875,871,0,17.7,45.82,963,108,875,0,871,30.700000000000003,202,5.9
2018,7,30,8,30,18.5,0.15,3.5,110,897,961,3,17.1,40.06,962,446,37,0,481,32.4,203,5.9
2018,7,30,9,30,16,0.15,3.5,111,900,976,3,16.5,36.44,961,448,30,0,477,33.4,204,5.9
2018,7,30,10,30,24.51,0.15,3.5,108,889,916,1,16.1,34.480000000000004,959,108,889,0,916,33.9,204,5.800000000000001
2018,7,30,11,30,37.09,0.15,3.6,101,859,786,3,15.700000000000001,33.82,959,422,163,0,552,33.800000000000004,203,5.6000000000000005
2018,7,30,12,30,50.78,0.15,3.6,104,769,591,3,15.5,34.89,958,288,31,0,308,33,200,5.5
2018,7,30,13,30,64.84,0.15,3.6,87,650,364,3,15.4,37.44,959,178,13,0,183,31.700000000000003,195,5.300000000000001
2018,7,30,14,30,79.01,0.15,3.6,55,387,129,1,15.600000000000001,41.86,959,55,387,0,129,29.900000000000002,187,4.9
2018,7,30,15,30,93.3,0.15,3.6,0,0,0,0,15.9,47.06,960,0,0,0,0,28.3,177,5
2018,7,30,16,30,107.43,0.15,3.5,0,0,0,0,16.400000000000002,53.34,961,0,0,0,0,26.700000000000003,170,5.5
2018,7,30,17,30,121.32000000000001,0.15,3.5,0,0,0,0,17.1,61.54,962,0,0,0,0,25,168,5.7
2018,7,30,18,30,134.73,0.15,3.4000000000000004,0,0,0,0,17.8,70.95,962,0,0,0,0,23.400000000000002,170,5.4
2018,7,30,19,30,146.98,0.15,3.3000000000000003,0,0,0,0,18.5,79.01,962,0,0,0,0,22.3,174,5
2018,7,30,20,30,156.19,0.15,3.2,0,0,0,0,19.1,85.96000000000001,962,0,0,0,0,21.5,179,4.5
2018,7,30,21,30,158.1,0.15,3.2,0,0,0,0,19.5,91.14,961,0,0,0,0,21,183,4.2
2018,7,30,22,30,151.21,0.15,3.1,0,0,0,0,19.8,94.60000000000001,961,0,0,0,0,20.700000000000003,187,3.9000000000000004
2018,7,30,23,30,139.83,0.15,3,0,0,0,0,20,96.67,961,0,0,0,0,20.5,191,3.7
2018,7,31,0,30,126.76,0.15,3,0,0,0,0,20,97.51,961,0,0,0,0,20.400000000000002,195,3.5
2018,7,31,1,30,113.02,0.15,3,0,0,0,0,20,97.98,962,0,0,0,0,20.3,199,3.4000000000000004
2018,7,31,2,30,98.95,0.15,3,0,0,0,0,20,97.35000000000001,962,0,0,0,0,20.400000000000002,203,3.5
2018,7,31,3,30,84.60000000000001,0.15,3,29,264,54,0,20,90.77,963,29,264,0,54,21.6,206,4.3
2018,7,31,4,30,70.47,0.15,3,65,634,277,2,19.6,76.42,963,168,25,0,176,24,206,5.300000000000001
2018,7,31,5,30,56.32,0.15,3.1,84,778,515,1,18.7,61.550000000000004,963,84,778,0,515,26.700000000000003,206,5.5
2018,7,31,6,30,42.410000000000004,0.15,3.2,93,855,724,3,17.7,50.160000000000004,963,393,143,0,498,29.1,207,5.6000000000000005
2018,7,31,7,30,29.19,0.15,3.2,100,893,879,0,16.7,41.87,962,100,893,0,879,31.200000000000003,208,5.6000000000000005
2018,7,31,8,30,18.29,0.15,3.3000000000000003,104,909,967,1,16,36.69,961,104,909,0,967,32.7,208,5.5
2018,7,31,9,30,15.77,0.15,3.3000000000000003,94,927,986,3,15.5,33.44,960,467,110,0,573,33.800000000000004,209,5.5
2018,7,31,10,30,24.37,0.15,3.3000000000000003,93,915,926,3,15.3,32.3,959,435,131,0,554,34.2,208,5.5
2018,7,31,11,30,37.02,0.15,3.4000000000000004,88,885,794,2,15.3,32.79,958,417,141,0,529,33.9,205,5.4
2018,7,31,12,30,50.74,0.15,3.4000000000000004,79,833,606,2,15.4,34.88,958,335,126,0,415,32.9,200,5.5
2018,7,31,13,30,64.83,0.15,3.5,65,735,377,2,15.600000000000001,38.78,958,213,42,0,231,31.3,194,5.5
2018,7,31,14,30,79.02,0.15,3.5,42,510,139,0,16,43.97,959,42,510,0,139,29.6,187,5.300000000000001
2018,7,31,15,30,93.33,0.15,3.5,0,0,0,0,16.6,49.95,959,0,0,0,0,28,179,5.2
2018,7,31,16,30,107.48,0.15,3.5,0,0,0,0,17.2,56.31,960,0,0,0,0,26.6,173,5.4
2018,7,31,17,30,121.4,0.15,3.4000000000000004,0,0,0,0,17.8,64.07000000000001,961,0,0,0,0,25.1,170,5.4
2018,7,31,18,30,134.84,0.15,3.4000000000000004,0,0,0,0,18.5,72.21000000000001,962,0,0,0,0,23.8,171,5.2
2018,7,31,19,30,147.14000000000001,0.15,3.3000000000000003,0,0,0,0,19.1,80.61,962,0,0,0,0,22.6,174,4.6000000000000005
2018,7,31,20,30,156.42000000000002,0.15,3.2,0,0,0,0,19.6,87.29,962,0,0,0,0,21.8,178,4.1000000000000005
2018,7,31,21,30,158.34,0.15,3.1,0,0,0,0,19.900000000000002,91.91,961,0,0,0,0,21.3,182,3.9000000000000004
2018,7,31,22,30,151.38,0.15,3,0,0,0,0,20.200000000000003,95.71000000000001,961,0,0,0,0,20.900000000000002,186,3.8000000000000003
2018,7,31,23,30,139.93,0.15,3,0,0,0,0,20.3,97.62,961,0,0,0,0,20.700000000000003,189,3.8000000000000003
2018,8,1,0,30,126.83,0.15,2.9000000000000004,0,0,0,0,20.3,98.09,962,0,0,0,0,20.6,193,3.9000000000000004
2018,8,1,1,30,113.05,0.15,2.8000000000000003,0,0,0,0,20.200000000000003,98.52,962,0,0,0,0,20.400000000000002,196,3.8000000000000003
2018,8,1,2,30,98.97,0.15,2.8000000000000003,0,0,0,0,20.1,97.88,963,0,0,0,0,20.400000000000002,198,3.8000000000000003
2018,8,1,3,30,84.60000000000001,0.15,2.8000000000000003,27,290,54,0,19.900000000000002,90.25,963,27,290,0,54,21.6,199,4.5
2018,8,1,4,30,70.44,0.15,2.8000000000000003,63,648,280,3,19.3,76.13,963,154,13,0,158,23.8,199,5.300000000000001
2018,8,1,5,30,56.27,0.15,2.8000000000000003,81,790,520,3,18.400000000000002,61.59,963,251,35,0,270,26.400000000000002,199,5.5
2018,8,1,6,30,42.33,0.15,2.9000000000000004,92,861,728,1,17.6,50.78,963,92,861,0,728,28.8,200,5.6000000000000005
2018,8,1,7,30,29.060000000000002,0.15,3,99,897,883,1,16.900000000000002,43.27,962,99,897,0,883,30.8,201,5.6000000000000005
2018,8,1,8,30,18.080000000000002,0.15,3.1,103,913,972,3,16.3,38.11,961,454,53,0,505,32.4,202,5.5
2018,8,1,9,30,15.530000000000001,0.15,3.1,125,886,979,1,15.8,34.67,960,125,886,0,979,33.5,204,5.2
2018,8,1,10,30,24.240000000000002,0.15,3.1,124,870,917,0,15.3,32.39,959,124,870,0,917,34.2,204,5
2018,8,1,11,30,36.94,0.15,3,117,838,787,0,14.9,31.44,958,117,838,0,787,34.2,202,4.9
2018,8,1,12,30,50.71,0.15,3,106,776,597,0,14.5,31.63,958,106,776,0,597,33.7,197,4.800000000000001
2018,8,1,13,30,64.82000000000001,0.15,3,89,654,367,0,14.3,33.26,958,89,654,0,367,32.5,191,4.7
2018,8,1,14,30,79.03,0.15,3.1,55,388,129,0,14.200000000000001,36.75,958,55,388,0,129,30.6,182,4.5
2018,8,1,15,30,93.36,0.15,3,0,0,0,0,14.4,41.79,959,0,0,0,0,28.700000000000003,172,5
2018,8,1,16,30,107.53,0.15,3,0,0,0,0,15.100000000000001,49.36,960,0,0,0,0,26.6,168,5.9
2018,8,1,17,30,121.48,0.15,3,0,0,0,0,16.2,59.95,961,0,0,0,0,24.5,170,6
2018,8,1,18,30,134.95,0.15,3,0,0,0,0,17.2,69.72,962,0,0,0,0,23,174,5.2
2018,8,1,19,30,147.3,0.15,2.9000000000000004,0,0,0,0,17.8,76.72,962,0,0,0,0,22.1,176,4.4
2018,8,1,20,30,156.65,0.15,2.8000000000000003,0,0,0,0,18.3,82.13,962,0,0,0,0,21.5,179,4
2018,8,1,21,30,158.59,0.15,2.8000000000000003,0,0,0,0,18.8,87.86,962,0,0,0,0,20.900000000000002,184,3.9000000000000004
2018,8,1,22,30,151.55,0.15,2.8000000000000003,0,0,0,0,19.200000000000003,92.23,961,0,0,0,0,20.5,188,3.9000000000000004
2018,8,1,23,30,140.04,0.15,2.8000000000000003,0,0,0,0,19.400000000000002,95.11,961,0,0,0,0,20.200000000000003,192,3.8000000000000003
2018,8,2,0,30,126.89,0.15,2.7,0,0,0,0,19.400000000000002,96.51,962,0,0,0,0,20,194,3.8000000000000003
2018,8,2,1,30,113.09,0.15,2.7,0,0,0,0,19.400000000000002,97.49000000000001,962,0,0,0,0,19.8,196,3.8000000000000003
2018,8,2,2,30,98.98,0.15,2.7,0,0,0,0,19.400000000000002,97.01,963,0,0,0,0,19.900000000000002,197,4
2018,8,2,3,30,84.59,0.15,2.7,33,154,48,0,19.400000000000002,90.03,963,33,154,0,48,21.1,198,4.9
2018,8,2,4,30,70.41,0.15,2.7,89,524,265,3,19,76,964,145,7,0,148,23.5,197,5.7
2018,8,2,5,30,56.22,0.15,2.7,119,689,502,0,18,61.06,964,119,689,0,502,26.1,198,6
2018,8,2,6,30,42.25,0.15,2.7,160,728,699,0,16.8,48.46,963,160,728,0,699,28.700000000000003,200,6
2018,8,2,7,30,28.93,0.15,2.7,177,774,854,0,15.700000000000001,39.82,963,177,774,0,854,30.900000000000002,202,6
2018,8,2,8,30,17.87,0.15,2.8000000000000003,185,796,942,0,14.8,34.24,962,185,796,0,942,32.6,203,5.9
2018,8,2,9,30,15.3,0.15,2.8000000000000003,159,840,970,0,14.3,31.05,960,159,840,0,970,33.800000000000004,203,5.9
2018,8,2,10,30,24.11,0.15,2.9000000000000004,156,822,906,0,14.3,29.97,959,156,822,0,906,34.4,202,5.800000000000001
2018,8,2,11,30,36.87,0.15,3,148,782,774,0,14.4,30.34,958,148,782,0,774,34.300000000000004,199,5.7
2018,8,2,12,30,50.67,0.15,3,134,713,585,0,14.5,31.970000000000002,958,134,713,0,585,33.5,195,5.7
2018,8,2,13,30,64.81,0.15,3.1,107,585,356,2,14.700000000000001,34.92,958,200,17,0,207,32.1,191,5.6000000000000005
2018,8,2,14,30,79.04,0.15,3.2,63,313,123,0,15.100000000000001,40.01,959,63,313,0,123,30.200000000000003,183,5.4
2018,8,2,15,30,93.4,0.15,3.2,0,0,0,0,15.9,46.58,960,0,0,0,0,28.400000000000002,175,5.6000000000000005
2018,8,2,16,30,107.59,0.15,3.2,0,0,0,0,16.8,54.89,961,0,0,0,0,26.6,170,6
2018,8,2,17,30,121.57000000000001,0.15,3.2,0,0,0,0,17.7,64.28,962,0,0,0,0,24.900000000000002,169,6.1000000000000005
2018,8,2,18,30,135.07,0.15,3.2,0,0,0,0,18.400000000000002,73.11,963,0,0,0,0,23.5,171,5.9
2018,8,2,19,30,147.47,0.15,3.2,0,0,0,0,18.900000000000002,80.26,963,0,0,0,0,22.5,173,5.6000000000000005
2018,8,2,20,30,156.89000000000001,0.15,3.2,0,0,0,1,19.400000000000002,86.02,963,0,0,0,0,21.8,175,5.300000000000001
2018,8,2,21,30,158.83,0.15,3.1,0,0,0,1,19.700000000000003,90.46000000000001,963,0,0,0,0,21.3,178,4.800000000000001
2018,8,2,22,30,151.72,0.15,3,0,0,0,0,19.8,93.95,962,0,0,0,0,20.8,182,4.3
2018,8,2,23,30,140.15,0.15,3,0,0,0,0,19.900000000000002,96.25,962,0,0,0,0,20.5,186,3.9000000000000004
2018,8,3,0,30,126.96000000000001,0.15,2.9000000000000004,0,0,0,0,19.900000000000002,97.09,962,0,0,0,0,20.400000000000002,190,3.6
2018,8,3,1,30,113.12,0.15,2.9000000000000004,0,0,0,3,19.900000000000002,98.29,963,0,0,0,0,20.200000000000003,193,3.5
2018,8,3,2,30,98.99000000000001,0.15,2.9000000000000004,0,0,0,3,19.8,97.55,963,0,0,0,0,20.200000000000003,196,3.7
2018,8,3,3,30,84.58,0.15,2.9000000000000004,34,44,39,3,19.6,90.66,963,33,0,7,33,21.200000000000003,196,4.5
2018,8,3,4,30,70.38,0.15,2.9000000000000004,126,353,245,3,18.8,75.59,964,179,19,0,185,23.400000000000002,195,5.4
2018,8,3,5,30,56.160000000000004,0.15,3,173,544,476,3,17.900000000000002,61.59,964,318,68,0,356,25.8,194,5.800000000000001
2018,8,3,6,30,42.160000000000004,0.15,3,198,655,683,3,17,50.5,964,416,93,0,485,28.200000000000003,195,5.9
2018,8,3,7,30,28.79,0.15,3,211,717,840,3,15.9,41.6,963,492,126,0,602,30.400000000000002,197,6.1000000000000005
2018,8,3,8,30,17.650000000000002,0.15,3,219,749,933,3,14.9,35.58,962,482,72,0,551,32,198,6.2
2018,8,3,9,30,15.05,0.15,3,252,708,935,3,14,31.46,961,523,120,0,638,33.2,198,6.2
2018,8,3,10,30,23.97,0.15,3,241,695,876,2,13.4,29.41,960,535,162,0,683,33.7,196,6.300000000000001
2018,8,3,11,30,36.81,0.15,3,221,657,748,0,13,28.78,959,221,657,0,748,33.6,193,6.300000000000001
2018,8,3,12,30,50.64,0.15,3,185,597,564,0,12.9,29.72,959,185,597,0,564,32.9,188,6.2
2018,8,3,13,30,64.81,0.15,3.1,147,449,338,0,13.100000000000001,32.89,959,147,449,0,338,31.3,182,6.1000000000000005
2018,8,3,14,30,79.06,0.15,3.2,79,172,111,1,13.600000000000001,38.49,960,79,172,0,111,29.200000000000003,175,5.6000000000000005
2018,8,3,15,30,93.44,0.15,3.2,0,0,0,3,14.700000000000001,46.62,961,0,0,0,0,27.1,168,5.2
2018,8,3,16,30,107.65,0.15,3.2,0,0,0,0,15.9,55.19,962,0,0,0,0,25.5,166,5
2018,8,3,17,30,121.65,0.15,3.1,0,0,0,0,16.900000000000002,63.690000000000005,963,0,0,0,0,24.200000000000003,167,4.800000000000001
2018,8,3,18,30,135.19,0.15,3.1,0,0,0,0,17.8,72.01,963,0,0,0,0,23.1,167,4.5
2018,8,3,19,30,147.65,0.15,3,0,0,0,0,18.6,80.09,963,0,0,0,0,22.200000000000003,168,4.4
2018,8,3,20,30,157.13,0.15,3.1,0,0,0,0,19.400000000000002,87.87,963,0,0,0,0,21.5,172,4.3
2018,8,3,21,30,159.08,0.15,3.1,0,0,0,0,20,93.48,963,0,0,0,0,21.1,178,4.2
2018,8,3,22,30,151.89000000000001,0.15,3.2,0,0,0,0,20.3,96.3,962,0,0,0,0,20.900000000000002,184,4
2018,8,3,23,30,140.25,0.15,3.3000000000000003,0,0,0,0,20.400000000000002,97.61,962,0,0,0,0,20.8,189,3.8000000000000003
2018,8,4,0,30,127.02,0.15,3.3000000000000003,0,0,0,3,20.400000000000002,97.65,963,0,0,0,0,20.8,192,3.6
2018,8,4,1,30,113.15,0.15,3.4000000000000004,0,0,0,3,20.400000000000002,98.05,963,0,0,0,0,20.700000000000003,195,3.2
2018,8,4,2,30,99,0.15,3.5,0,0,0,3,20.400000000000002,96.77,964,0,0,0,0,20.900000000000002,199,3.1
2018,8,4,3,30,84.57000000000001,0.15,3.5,32,17,34,1,20.3,90.09,964,32,17,0,34,22,200,4.1000000000000005
2018,8,4,4,30,70.34,0.15,3.6,147,261,235,3,19.8,77.16,965,172,11,0,176,24,197,5.1000000000000005
2018,8,4,5,30,56.11,0.15,3.6,210,450,461,0,19.1,64.72,965,210,450,0,461,26.3,194,5.5
2018,8,4,6,30,42.07,0.15,3.7,201,644,680,3,18.7,55.59,964,308,5,0,312,28.400000000000002,192,5.6000000000000005
2018,8,4,7,30,28.650000000000002,0.15,3.7,213,710,836,1,18.2,48.550000000000004,964,213,710,0,836,30.200000000000003,191,5.7
2018,8,4,8,30,17.43,0.15,3.8000000000000003,215,744,925,3,17.6,43.39,963,513,138,0,644,31.6,191,5.800000000000001
2018,8,4,9,30,14.81,0.15,3.8000000000000003,223,739,938,0,17.1,40.15,962,223,739,0,938,32.4,189,5.800000000000001
2018,8,4,10,30,23.84,0.15,3.9000000000000004,214,726,878,1,16.8,38.81,961,214,726,0,878,32.6,187,5.9
2018,8,4,11,30,36.74,0.15,4,196,689,748,3,16.6,39.36,961,400,79,0,463,32.2,182,5.9
2018,8,4,12,30,50.620000000000005,0.15,4.1000000000000005,167,625,563,2,16.7,42.17,961,339,65,0,380,31.1,177,6
2018,8,4,13,30,64.81,0.15,4.2,133,485,339,0,17,47.35,961,133,485,0,339,29.400000000000002,171,6.1000000000000005
2018,8,4,14,30,79.08,0.15,4.2,74,213,114,3,17.3,53.14,962,12,0,0,12,27.700000000000003,167,5.9
2018,8,4,15,30,93.48,0.15,4.1000000000000005,0,0,0,3,17.3,57.63,963,0,0,0,0,26.3,164,5.6000000000000005
2018,8,4,16,30,107.72,0.15,3.9000000000000004,0,0,0,3,17.1,60.34,964,0,0,0,0,25.3,163,5.2
2018,8,4,17,30,121.74000000000001,0.15,3.7,0,0,0,0,17.1,64.79,965,0,0,0,0,24.1,165,4.800000000000001
2018,8,4,18,30,135.32,0.15,3.5,0,0,0,0,17.5,71.25,965,0,0,0,0,23,169,4.6000000000000005
2018,8,4,19,30,147.82,0.15,3.3000000000000003,0,0,0,0,18.3,79.83,965,0,0,0,0,21.900000000000002,174,4.3
2018,8,4,20,30,157.37,0.15,3.3000000000000003,0,0,0,0,18.900000000000002,86.09,964,0,0,1,0,21.3,179,4.3
2018,8,4,21,30,159.34,0.15,3.2,0,0,0,0,19.200000000000003,89.88,964,0,0,0,0,20.900000000000002,183,4.3
2018,8,4,22,30,152.07,0.15,3.3000000000000003,0,0,0,0,19.200000000000003,91.31,964,0,0,0,0,20.700000000000003,186,4.1000000000000005
2018,8,4,23,30,140.35,0.15,3.3000000000000003,0,0,0,0,19.200000000000003,91.67,964,0,0,0,0,20.6,188,4
2018,8,5,0,30,127.08,0.15,3.3000000000000003,0,0,0,1,19.1,91.78,964,0,0,0,0,20.5,190,3.7
2018,8,5,1,30,113.18,0.15,3.3000000000000003,0,0,0,1,19.1,93.04,965,0,0,1,0,20.3,190,3.3000000000000003
2018,8,5,2,30,99,0.15,3.4000000000000004,0,0,0,3,19.200000000000003,92.86,965,0,0,0,0,20.400000000000002,191,3.3000000000000003
2018,8,5,3,30,84.55,0.15,3.4000000000000004,36,40,40,1,19.200000000000003,86.96000000000001,966,36,40,0,40,21.5,191,4.1000000000000005
2018,8,5,4,30,70.31,0.15,3.4000000000000004,133,332,245,3,18.7,73.01,966,169,12,0,172,23.8,189,5
2018,8,5,5,30,56.050000000000004,0.15,3.5,190,504,471,1,18.1,60.69,966,190,504,0,471,26.3,186,5.4
2018,8,5,6,30,41.980000000000004,0.15,3.5,230,596,673,0,17.5,51.03,965,230,596,1,673,28.6,184,5.7
2018,8,5,7,30,28.51,0.15,3.6,256,645,823,0,16.900000000000002,44.19,965,256,645,0,823,30.5,184,5.9
2018,8,5,8,30,17.2,0.15,3.6,270,670,910,0,16.400000000000002,39.9,964,270,670,0,910,31.700000000000003,185,6
2018,8,5,9,30,14.56,0.15,3.7,274,669,922,0,16,37.43,963,274,669,0,922,32.4,186,6.1000000000000005
2018,8,5,10,30,23.71,0.15,3.8000000000000003,263,655,862,2,15.700000000000001,36.300000000000004,962,523,128,0,640,32.6,186,6.2
2018,8,5,11,30,36.68,0.15,3.8000000000000003,241,616,735,0,15.5,36.71,961,241,616,0,735,32.1,184,6.2
2018,8,5,12,30,50.59,0.15,3.9000000000000004,242,465,537,3,15.4,39.03,961,272,7,0,277,31,181,6.1000000000000005
2018,8,5,13,30,64.81,0.15,3.9000000000000004,179,331,320,3,15.700000000000001,43.52,962,148,1,0,148,29.400000000000002,178,6
2018,8,5,14,30,79.10000000000001,0.15,3.9000000000000004,84,95,102,0,16,48.72,962,84,95,0,102,27.8,175,5.7
2018,8,5,15,30,93.52,0.15,3.9000000000000004,0,0,0,0,16.3,53.54,963,0,0,0,0,26.5,173,5.4
2018,8,5,16,30,107.78,0.15,3.9000000000000004,0,0,0,0,16.7,58.46,964,0,0,0,0,25.400000000000002,172,5.2
2018,8,5,17,30,121.84,0.15,3.9000000000000004,0,0,0,0,17.3,64.43,965,0,0,0,0,24.400000000000002,172,5
2018,8,5,18,30,135.44,0.15,3.9000000000000004,0,0,0,3,18.1,71.96000000000001,965,0,0,0,0,23.400000000000002,174,5
2018,8,5,19,30,148,0.15,3.8000000000000003,0,0,0,3,18.8,79.73,965,0,0,0,0,22.5,177,5
2018,8,5,20,30,157.62,0.15,3.8000000000000003,0,0,0,0,19.3,84.81,965,0,0,0,0,22,181,4.9
2018,8,5,21,30,159.6,0.15,3.8000000000000003,0,0,0,0,19.5,87.89,964,0,0,1,0,21.6,186,4.7
2018,8,5,22,30,152.24,0.15,3.8000000000000003,0,0,0,0,19.5,89.61,964,0,0,0,0,21.3,190,4.6000000000000005
2018,8,5,23,30,140.45000000000002,0.15,3.8000000000000003,0,0,0,0,19.5,90.57000000000001,964,0,0,1,0,21.1,193,4.4
2018,8,6,0,30,127.14,0.15,3.8000000000000003,0,0,0,0,19.400000000000002,91.36,964,0,0,0,0,20.900000000000002,196,4.2
2018,8,6,1,30,113.21000000000001,0.15,3.8000000000000003,0,0,0,0,19.400000000000002,92.44,964,0,0,0,0,20.700000000000003,198,3.9000000000000004
2018,8,6,2,30,99.01,0.15,3.8000000000000003,0,0,0,0,19.5,92.75,965,0,0,0,0,20.700000000000003,200,3.9000000000000004
2018,8,6,3,30,84.53,0.15,3.7,28,7,29,3,19.400000000000002,86.84,965,28,7,5,29,21.700000000000003,201,4.6000000000000005
2018,8,6,4,30,70.27,0.15,3.7,156,224,231,3,18.6,73.21000000000001,966,163,6,0,165,23.700000000000003,201,5.4
2018,8,6,5,30,55.980000000000004,0.15,3.6,220,429,460,3,17.900000000000002,61.18,966,306,35,0,325,25.900000000000002,201,5.6000000000000005
2018,8,6,6,30,41.89,0.15,3.6,250,558,665,3,17.2,51.22,965,286,2,0,287,28.200000000000003,200,5.7
2018,8,6,7,30,28.37,0.15,3.6,263,635,822,0,16.400000000000002,43.5,964,263,635,0,822,30.200000000000003,199,5.7
2018,8,6,8,30,16.97,0.15,3.6,266,676,913,0,15.700000000000001,37.94,963,266,676,0,913,31.8,197,5.800000000000001
2018,8,6,9,30,14.31,0.15,3.5,259,695,932,0,15.200000000000001,34.660000000000004,962,259,695,0,932,32.800000000000004,196,5.800000000000001
2018,8,6,10,30,23.580000000000002,0.15,3.5,244,688,874,0,14.9,33.46,961,244,688,0,874,33.1,194,5.800000000000001
2018,8,6,11,30,36.62,0.15,3.6,220,655,746,2,14.8,33.55,961,449,100,0,529,32.9,191,5.800000000000001
2018,8,6,12,30,50.57,0.15,3.6,167,632,569,3,14.8,35.53,961,330,53,0,364,31.900000000000002,187,5.9
2018,8,6,13,30,64.81,0.15,3.6,129,508,345,3,15,39.15,961,207,18,0,215,30.400000000000002,183,5.9
2018,8,6,14,30,79.13,0.15,3.6,71,241,117,2,15.3,43.79,962,101,47,1,110,28.8,179,5.7
2018,8,6,15,30,93.57000000000001,0.15,3.5,0,0,0,0,15.5,48.95,962,0,0,0,0,27.200000000000003,175,5.2
2018,8,6,16,30,107.85000000000001,0.15,3.4000000000000004,0,0,0,0,15.9,54.620000000000005,963,0,0,1,0,25.700000000000003,173,4.9
2018,8,6,17,30,121.93,0.15,3.2,0,0,0,0,16.3,61.02,964,0,0,1,0,24.3,176,4.800000000000001
2018,8,6,18,30,135.58,0.15,3,0,0,0,0,16.8,68.19,964,0,0,0,0,23,181,4.5
2018,8,6,19,30,148.18,0.15,2.8000000000000003,0,0,0,0,17.3,74.86,964,0,0,0,0,22,185,4.2
2018,8,6,20,30,157.88,0.15,2.6,0,0,0,0,17.8,80.84,963,0,0,0,0,21.200000000000003,189,3.9000000000000004
2018,8,6,21,30,159.86,0.15,2.6,0,0,0,0,18.2,86.73,963,0,0,0,0,20.5,192,3.9000000000000004
2018,8,6,22,30,152.41,0.15,2.6,0,0,0,0,18.6,90.57000000000001,963,0,0,0,0,20.200000000000003,195,3.7
2018,8,6,23,30,140.56,0.15,2.6,0,0,0,0,18.900000000000002,93.69,963,0,0,0,0,19.900000000000002,198,3.5
2018,8,7,0,30,127.19,0.15,2.6,0,0,0,0,19,95.16,963,0,0,1,0,19.8,202,3.4000000000000004
2018,8,7,1,30,113.24000000000001,0.15,2.6,0,0,0,0,19.1,97.2,964,0,0,0,0,19.6,205,3.3000000000000003
2018,8,7,2,30,99.01,0.15,2.6,0,0,0,0,19.200000000000003,96.48,964,0,0,0,0,19.8,207,3.6
2018,8,7,3,30,84.52,0.15,2.6,39,83,47,1,19.200000000000003,88.59,965,39,83,0,47,21.200000000000003,207,4.6000000000000005
2018,8,7,4,30,70.23,0.15,2.7,107,463,264,2,18.6,73.68,965,185,152,0,237,23.6,205,5.5
2018,8,7,5,30,55.92,0.15,2.8000000000000003,137,655,504,3,18,60.54,965,311,74,1,352,26.200000000000003,204,5.7
2018,8,7,6,30,41.79,0.15,2.9000000000000004,150,758,715,3,17.400000000000002,50.4,965,416,194,0,560,28.700000000000003,202,5.800000000000001
2018,8,7,7,30,28.23,0.15,2.9000000000000004,164,804,872,3,17,43.47,964,483,255,0,707,30.8,202,5.9
2018,8,7,8,30,16.73,0.15,3,169,827,961,0,16.6,38.81,963,169,827,0,961,32.4,201,6
2018,8,7,9,30,14.06,0.15,3.1,127,891,991,1,16.2,35.61,962,127,891,0,991,33.5,201,6.1000000000000005
2018,8,7,10,30,23.46,0.15,3.2,124,876,928,4,15.9,33.94,961,398,8,0,405,34,201,6.1000000000000005
2018,8,7,11,30,36.56,0.15,3.4000000000000004,118,838,791,0,15.600000000000001,33.61,960,118,838,0,791,33.800000000000004,199,6.2
2018,8,7,12,30,50.550000000000004,0.15,3.5,107,772,598,0,15.4,34.97,959,107,772,0,598,32.9,196,6.300000000000001
2018,8,7,13,30,64.82000000000001,0.15,3.7,89,646,364,1,15.5,38.24,960,89,646,0,364,31.400000000000002,192,6.300000000000001
2018,8,7,14,30,79.16,0.15,3.9000000000000004,57,371,126,0,15.9,43.95,960,57,371,1,126,29.400000000000002,185,6.2
2018,8,7,15,30,93.62,0.15,3.9000000000000004,0,0,0,1,16.7,51.06,961,0,0,0,0,27.700000000000003,181,6.300000000000001
2018,8,7,16,30,107.92,0.15,4,0,0,0,0,17.5,58.43,962,0,0,0,0,26.3,179,6.4
2018,8,7,17,30,122.03,0.15,3.9000000000000004,0,0,0,0,18.1,65.5,963,0,0,0,0,25,181,6.1000000000000005
2018,8,7,18,30,135.71,0.15,3.9000000000000004,0,0,0,0,18.400000000000002,71.52,963,0,0,0,0,23.900000000000002,183,5.7
2018,8,7,19,30,148.37,0.15,3.8000000000000003,0,0,0,7,18.8,76.61,963,0,0,1,0,23.1,187,5.1000000000000005
2018,8,7,20,30,158.14000000000001,0.15,3.7,0,0,0,0,19.1,82.21000000000001,963,0,0,1,0,22.3,191,4.6000000000000005
2018,8,7,21,30,160.12,0.15,3.7,0,0,0,0,19.400000000000002,86.34,962,0,0,1,0,21.8,196,4.3
2018,8,7,22,30,152.58,0.15,3.7,0,0,0,3,19.700000000000003,89.8,962,0,0,1,0,21.400000000000002,202,4
2018,8,7,23,30,140.65,0.15,3.6,0,0,0,3,19.8,92.25,961,0,0,0,0,21.1,208,3.7
2018,8,8,0,30,127.25,0.15,3.6,0,0,0,7,19.900000000000002,94.06,962,0,0,1,0,20.900000000000002,213,3.3000000000000003
2018,8,8,1,30,113.26,0.15,3.6,0,0,0,7,20,95.08,962,0,0,0,0,20.8,217,3.1
2018,8,8,2,30,99.01,0.15,3.5,0,0,0,8,20,94.21000000000001,962,0,0,0,0,21,220,3.4000000000000004
2018,8,8,3,30,84.5,0.15,3.5,34,193,53,3,20,87.08,963,10,0,1,10,22.3,218,4.6000000000000005
2018,8,8,4,30,70.19,0.15,3.5,76,592,276,3,19.6,73.72,963,83,0,0,83,24.6,212,5.7
2018,8,8,5,30,55.85,0.15,3.5,95,753,518,3,19,61.300000000000004,963,272,44,0,297,27.1,208,6
2018,8,8,6,30,41.7,0.15,3.6,105,833,727,0,18.6,52.19,963,105,833,0,727,29.400000000000002,206,6.1000000000000005
2018,8,8,7,30,28.080000000000002,0.15,3.6,111,877,885,0,18.2,45.550000000000004,962,111,877,0,885,31.400000000000002,205,6.1000000000000005
2018,8,8,8,30,16.490000000000002,0.15,3.6,113,900,976,0,17.900000000000002,40.7,961,113,900,1,976,33,206,6.2
2018,8,8,9,30,13.8,0.15,3.7,100,921,994,1,17.5,37.56,960,100,921,0,994,34,206,6.300000000000001
2018,8,8,10,30,23.330000000000002,0.15,3.7,96,911,933,0,17.1,36.11,959,96,911,0,933,34.300000000000004,206,6.4
2018,8,8,11,30,36.51,0.15,3.7,90,885,801,1,16.900000000000002,36.28,958,90,885,0,801,33.9,202,6.5
2018,8,8,12,30,50.53,0.15,3.8000000000000003,88,813,605,2,16.7,38.300000000000004,958,329,87,0,384,32.800000000000004,197,6.5
2018,8,8,13,30,64.83,0.15,3.9000000000000004,73,703,372,2,16.900000000000002,42.58,958,208,32,0,222,31.1,190,6.5
2018,8,8,14,30,79.19,0.15,4,48,448,132,1,17.3,48.95,959,48,448,0,132,29.1,185,6.300000000000001
2018,8,8,15,30,93.67,0.15,3.9000000000000004,0,0,0,1,17.7,54.75,960,0,0,1,0,27.6,182,6.1000000000000005
2018,8,8,16,30,108,0.15,3.9000000000000004,0,0,0,0,17.900000000000002,59.38,961,0,0,0,0,26.5,180,6.1000000000000005
2018,8,8,17,30,122.13,0.15,3.8000000000000003,0,0,0,0,18.3,65.08,962,0,0,0,0,25.3,179,6
2018,8,8,18,30,135.84,0.15,3.7,0,0,0,0,18.8,72.35000000000001,962,0,0,1,0,24.1,180,5.9
2018,8,8,19,30,148.56,0.15,3.7,0,0,0,0,19.5,79.55,962,0,0,0,0,23.200000000000003,183,5.7
2018,8,8,20,30,158.4,0.15,3.6,0,0,0,0,20,85.8,962,0,0,0,0,22.5,185,5.4
2018,8,8,21,30,160.39000000000001,0.15,3.6,0,0,0,0,20.3,89.69,962,0,0,0,0,22.1,188,5
2018,8,8,22,30,152.75,0.15,3.6,0,0,0,0,20.5,92.13,961,0,0,0,0,21.8,190,4.800000000000001
2018,8,8,23,30,140.75,0.15,3.6,0,0,0,0,20.5,93.58,962,0,0,0,0,21.6,192,4.7
2018,8,9,0,30,127.3,0.15,3.5,0,0,0,0,20.5,94.51,962,0,0,0,0,21.400000000000002,193,4.6000000000000005
2018,8,9,1,30,113.28,0.15,3.5,0,0,0,0,20.5,95.63,963,0,0,0,0,21.200000000000003,193,4.5
2018,8,9,2,30,99,0.15,3.4000000000000004,0,0,0,0,20.5,95.65,963,0,0,0,0,21.200000000000003,193,4.6000000000000005
2018,8,9,3,30,84.47,0.15,3.4000000000000004,31,263,56,0,20.400000000000002,88.99,964,31,263,0,56,22.3,193,5.7
2018,8,9,4,30,70.14,0.15,3.4000000000000004,67,638,284,3,19.700000000000003,75.02,964,34,0,0,34,24.400000000000002,192,6.6000000000000005
2018,8,9,5,30,55.79,0.15,3.4000000000000004,86,780,524,3,18.900000000000002,62.85,965,191,1,0,192,26.6,192,6.800000000000001
2018,8,9,6,30,41.6,0.15,3.4000000000000004,116,816,726,3,18.400000000000002,53.300000000000004,964,236,1,0,236,28.8,193,6.800000000000001
2018,8,9,7,30,27.93,0.15,3.5,127,853,881,3,17.900000000000002,46.03,964,407,22,0,426,30.8,194,6.9
2018,8,9,8,30,16.25,0.15,3.5,135,869,970,3,17.2,41.01,963,444,22,0,465,32.1,195,6.9
2018,8,9,9,30,13.55,0.15,3.5,130,881,986,1,16.400000000000002,37.36,962,130,881,0,986,32.9,194,6.9
2018,8,9,10,30,23.21,0.15,3.5,127,868,925,2,15.8,35.480000000000004,961,491,204,0,679,33.1,193,7
2018,8,9,11,30,36.45,0.15,3.4000000000000004,118,839,794,3,15.3,35.03,960,391,66,0,444,32.7,189,7
2018,8,9,12,30,50.52,0.15,3.4000000000000004,106,778,601,3,14.8,35.9,960,314,61,0,353,31.700000000000003,185,7
2018,8,9,13,30,64.84,0.15,3.3000000000000003,88,660,369,1,14.3,38.300000000000004,961,88,660,0,369,30.1,179,7
2018,8,9,14,30,79.22,0.15,3.2,55,395,129,0,14,42.230000000000004,961,55,395,0,129,28,174,6.7
2018,8,9,15,30,93.73,0.15,3.2,0,0,0,0,13.9,47.51,962,0,0,0,0,25.900000000000002,169,6.2
2018,8,9,16,30,108.07000000000001,0.15,3.1,0,0,0,0,14.3,53.94,963,0,0,0,0,24.200000000000003,167,5.7
2018,8,9,17,30,122.23,0.15,3.1,0,0,0,0,15.200000000000001,61.89,964,0,0,0,0,22.900000000000002,168,5.4
2018,8,9,18,30,135.98,0.15,3,0,0,0,0,16.3,71.06,964,0,0,1,0,21.8,171,5.1000000000000005
2018,8,9,19,30,148.75,0.15,2.8000000000000003,0,0,0,0,17.1,78.08,964,0,0,1,0,21.1,175,4.9
2018,8,9,20,30,158.67000000000002,0.15,2.8000000000000003,0,0,0,0,17.5,82.57000000000001,964,0,0,1,0,20.6,178,4.7
2018,8,9,21,30,160.66,0.15,2.8000000000000003,0,0,0,0,17.7,84.81,964,0,0,0,0,20.3,182,4.5
2018,8,9,22,30,152.92000000000002,0.15,2.9000000000000004,0,0,0,0,17.7,86.10000000000001,964,0,0,0,0,20.1,185,4.3
2018,8,9,23,30,140.85,0.15,3,0,0,0,0,17.8,87.65,964,0,0,0,0,19.900000000000002,188,3.9000000000000004
2018,8,10,0,30,127.35000000000001,0.15,3,0,0,0,0,17.900000000000002,89.42,964,0,0,0,0,19.700000000000003,192,3.6
2018,8,10,1,30,113.3,0.15,3.1,0,0,0,0,18.1,91.54,965,0,0,0,0,19.5,195,3.4000000000000004
2018,8,10,2,30,99,0.15,3.1,0,0,0,0,18.2,91.91,965,0,0,0,0,19.6,197,3.5
2018,8,10,3,30,84.45,0.15,3.1,36,180,53,0,18.400000000000002,85.54,966,36,180,0,53,20.900000000000002,196,4.5
2018,8,10,4,30,70.10000000000001,0.15,3.1,83,573,278,3,17.7,71.37,966,106,1,0,107,23.200000000000003,195,5.6000000000000005
2018,8,10,5,30,55.72,0.15,3.2,104,739,520,1,16.7,57.57,966,104,739,0,520,25.700000000000003,195,6
2018,8,10,6,30,41.49,0.15,3.2,114,826,733,3,16,47.94,966,392,107,0,472,28,195,6
2018,8,10,7,30,27.78,0.15,3.3000000000000003,119,872,891,2,15.100000000000001,40.43,965,460,146,0,589,30,196,6
2018,8,10,8,30,16,0.15,3.4000000000000004,122,892,979,3,14.200000000000001,34.730000000000004,964,467,144,0,606,31.6,196,6
2018,8,10,9,30,13.290000000000001,0.15,3.4000000000000004,115,906,997,3,13.200000000000001,30.72,963,458,33,0,490,32.7,197,6.1000000000000005
2018,8,10,10,30,23.09,0.15,3.5,111,893,933,0,12.5,28.36,962,111,893,0,933,33.300000000000004,197,6.1000000000000005
2018,8,10,11,30,36.4,0.15,3.5,105,861,799,1,12.100000000000001,27.55,961,105,861,0,799,33.300000000000004,195,6
2018,8,10,12,30,50.51,0.15,3.5,93,808,606,3,11.9,28.330000000000002,961,293,34,0,314,32.6,191,6
2018,8,10,13,30,64.86,0.15,3.5,79,689,372,3,11.9,30.71,961,174,12,0,180,31.200000000000003,185,6
2018,8,10,14,30,79.26,0.15,3.6,51,424,130,3,12.100000000000001,35.31,961,12,0,0,12,29,176,5.6000000000000005
2018,8,10,15,30,93.78,0.15,3.6,0,0,0,1,12.700000000000001,41.81,962,0,0,0,0,26.8,168,5.4
2018,8,10,16,30,108.15,0.15,3.6,0,0,0,1,13.700000000000001,49.44,963,0,0,0,0,25,165,5.5
2018,8,10,17,30,122.34,0.15,3.6,0,0,0,0,14.8,58.29,964,0,0,0,0,23.5,167,5.6000000000000005
2018,8,10,18,30,136.12,0.15,3.6,0,0,0,0,16,67.44,965,0,0,0,0,22.3,170,5.5
2018,8,10,19,30,148.95000000000002,0.15,3.5,0,0,0,0,16.900000000000002,75.01,965,0,0,0,0,21.5,173,5.1000000000000005
2018,8,10,20,30,158.94,0.15,3.3000000000000003,0,0,0,0,17.6,82.05,965,0,0,0,0,20.8,177,4.6000000000000005
2018,8,10,21,30,160.94,0.15,3.1,0,0,0,0,18.1,86.56,964,0,0,0,0,20.400000000000002,182,4.3
2018,8,10,22,30,153.09,0.15,2.9000000000000004,0,0,0,0,18.3,90.10000000000001,964,0,0,0,0,20,188,4
2018,8,10,23,30,140.94,0.15,2.9000000000000004,0,0,0,0,18.5,92.01,964,0,0,0,0,19.8,194,3.8000000000000003
2018,8,11,0,30,127.4,0.15,2.9000000000000004,0,0,0,0,18.5,93.49,964,0,0,0,0,19.6,201,3.5
2018,8,11,1,30,113.32000000000001,0.15,3,0,0,0,0,18.6,94.99,965,0,0,0,0,19.400000000000002,208,3.1
2018,8,11,2,30,98.99000000000001,0.15,3,0,0,0,1,18.6,94.72,965,0,0,0,0,19.5,212,3.2
2018,8,11,3,30,84.42,0.15,3.1,35,200,54,3,18.7,88.29,966,41,1,7,41,20.700000000000003,210,4.2
2018,8,11,4,30,70.05,0.15,3.2,80,587,280,3,18.5,77.09,966,177,38,0,190,22.700000000000003,203,5.4
2018,8,11,5,30,55.64,0.15,3.2,101,746,522,3,18,65.04,966,162,0,0,163,25,197,5.9
2018,8,11,6,30,41.39,0.15,3.4000000000000004,106,837,734,3,17.6,55.74,966,256,1,0,257,27.200000000000003,195,6.2
2018,8,11,7,30,27.62,0.15,3.4000000000000004,118,872,890,3,17.3,48.96,965,470,170,0,620,29.1,194,6.300000000000001
2018,8,11,8,30,15.75,0.15,3.5,126,884,977,3,16.900000000000002,43.58,964,336,1,0,337,30.700000000000003,193,6.4
2018,8,11,9,30,13.030000000000001,0.15,3.5,148,856,982,3,16.400000000000002,39.69,963,485,146,0,628,31.8,193,6.5
2018,8,11,10,30,22.97,0.15,3.6,141,846,920,2,15.9,37.35,962,496,203,0,684,32.300000000000004,190,6.5
2018,8,11,11,30,36.36,0.15,3.6,130,818,788,3,15.3,36.44,961,438,171,0,575,32.1,187,6.6000000000000005
2018,8,11,12,30,50.5,0.15,3.6,113,759,596,0,14.9,36.83,961,113,759,0,596,31.400000000000002,182,6.7
2018,8,11,13,30,64.87,0.15,3.5,91,644,365,3,14.600000000000001,39.410000000000004,962,167,7,0,170,29.900000000000002,177,6.7
2018,8,11,14,30,79.3,0.15,3.5,56,378,126,0,14.8,44.67,963,56,378,0,126,27.900000000000002,172,6.300000000000001
2018,8,11,15,30,93.84,0.15,3.4000000000000004,0,0,0,0,15.3,51.47,964,0,0,0,0,26.1,167,5.800000000000001
2018,8,11,16,30,108.23,0.15,3.3000000000000003,0,0,0,0,16,58.43,964,0,0,0,0,24.700000000000003,165,5.4
2018,8,11,17,30,122.44,0.15,3.2,0,0,0,0,16.6,65.29,965,0,0,0,0,23.5,167,5
2018,8,11,18,30,136.27,0.15,3.2,0,0,0,0,17.2,71.38,965,0,0,0,0,22.6,171,4.7
2018,8,11,19,30,149.15,0.15,3.2,0,0,0,0,17.7,77.71000000000001,965,0,0,0,0,21.8,177,4.4
2018,8,11,20,30,159.22,0.15,3.3000000000000003,0,0,0,0,18.3,83.41,965,0,0,0,0,21.200000000000003,184,4.1000000000000005
2018,8,11,21,30,161.21,0.15,3.4000000000000004,0,0,0,0,18.7,88.26,964,0,0,0,0,20.700000000000003,191,3.8000000000000003
2018,8,11,22,30,153.26,0.15,3.5,0,0,0,1,19,91.79,964,0,0,0,0,20.400000000000002,196,3.5
2018,8,11,23,30,141.03,0.15,3.6,0,0,0,1,19.3,93.93,964,0,0,0,0,20.3,201,3.3000000000000003
2018,8,12,0,30,127.44,0.15,3.6,0,0,0,3,19.5,95.67,964,0,0,0,0,20.200000000000003,207,3.2
2018,8,12,1,30,113.33,0.15,3.7,0,0,0,1,19.700000000000003,97.26,965,0,0,0,0,20.1,213,3.1
2018,8,12,2,30,98.98,0.15,3.7,0,0,0,1,19.700000000000003,96.63,965,0,0,0,0,20.3,219,3.3000000000000003
2018,8,12,3,30,84.39,0.15,3.8000000000000003,33,220,55,3,19.8,90.11,966,24,0,7,24,21.5,221,4.2
2018,8,12,4,30,70,0.15,3.8000000000000003,73,604,280,3,19.6,78.42,966,106,1,0,107,23.6,217,5.1000000000000005
2018,8,12,5,30,55.57,0.15,3.9000000000000004,92,760,521,3,19.200000000000003,66.2,966,129,0,0,129,26,211,5.7
2018,8,12,6,30,41.29,0.15,4,102,838,731,3,18.900000000000002,57.36,966,264,1,0,265,28.1,206,6
2018,8,12,7,30,27.47,0.15,4.1000000000000005,109,878,888,3,18.6,51.88,965,243,0,0,243,29.5,201,6.2
2018,8,12,8,30,15.5,0.15,4.2,113,895,975,4,18.400000000000002,50.19,964,371,3,0,374,29.900000000000002,198,6.4
2018,8,12,9,30,12.76,0.15,4.3,115,895,988,3,18.7,51.4,963,505,222,0,722,29.8,194,6.6000000000000005
2018,8,12,10,30,22.86,0.15,4.4,114,879,923,3,19.1,53.92,962,327,2,0,329,29.400000000000002,191,6.800000000000001
2018,8,12,11,30,36.31,0.15,4.4,110,844,789,3,19.400000000000002,56.94,961,363,25,0,383,28.8,189,6.9
2018,8,12,12,30,50.49,0.15,4.4,97,787,598,3,19.6,61.050000000000004,961,182,0,0,183,27.8,185,6.9
2018,8,12,13,30,64.89,0.15,4.4,78,680,367,3,19.700000000000003,66.83,962,85,0,0,85,26.400000000000002,181,6.800000000000001
2018,8,12,14,30,79.34,0.15,4.4,48,431,128,3,19.900000000000002,74.45,962,25,0,7,25,24.700000000000003,176,6.300000000000001
2018,8,12,15,30,93.9,0.15,4.3,0,0,0,4,20.1,82.64,963,0,0,0,0,23.200000000000003,173,5.9
2018,8,12,16,30,108.32000000000001,0.15,4.1000000000000005,0,0,0,3,20.1,88.39,964,0,0,0,0,22.1,174,5.9
2018,8,12,17,30,122.55,0.15,4,0,0,0,3,19.900000000000002,91.87,965,0,0,0,0,21.3,177,5.7
2018,8,12,18,30,136.41,0.15,3.8000000000000003,0,0,0,3,19.8,94.64,965,0,0,0,0,20.700000000000003,181,5.300000000000001
2018,8,12,19,30,149.35,0.15,3.6,0,0,0,3,19.700000000000003,97.11,965,0,0,0,0,20.200000000000003,184,4.9
2018,8,12,20,30,159.5,0.15,3.5,0,0,0,3,19.6,97.72,965,0,0,0,0,20,187,4.6000000000000005
2018,8,12,21,30,161.49,0.15,3.4000000000000004,0,0,0,3,19.5,98.29,965,0,0,0,0,19.8,190,4.4
2018,8,12,22,30,153.42000000000002,0.15,3.3000000000000003,0,0,0,3,19.400000000000002,98.79,964,0,0,0,0,19.6,192,4.3
2018,8,12,23,30,141.12,0.15,3.2,0,0,0,3,19.3,99.45,964,0,0,0,0,19.400000000000002,193,4.3
2018,8,13,0,30,127.49000000000001,0.15,3.1,0,0,0,3,19.200000000000003,99.82000000000001,965,0,0,0,0,19.200000000000003,194,4.3
2018,8,13,1,30,113.34,0.15,3,0,0,0,1,19,99.65,965,0,0,0,0,19.1,196,4.3
2018,8,13,2,30,98.97,0.15,2.9000000000000004,0,0,0,3,18.900000000000002,98.2,965,0,0,0,0,19.200000000000003,198,4.4
2018,8,13,3,30,84.36,0.15,2.8000000000000003,30,315,61,3,18.900000000000002,91.64,966,38,1,7,38,20.3,199,5.4
2018,8,13,4,30,69.95,0.15,2.8000000000000003,61,681,295,3,18.3,78.25,966,180,101,0,215,22.3,198,6.6000000000000005
2018,8,13,5,30,55.49,0.15,2.7,78,820,542,3,17.400000000000002,64.8,966,304,94,0,357,24.5,199,6.9
2018,8,13,6,30,41.18,0.15,2.7,92,880,754,1,16.7,55.14,966,92,880,0,754,26.400000000000002,201,7
2018,8,13,7,30,27.310000000000002,0.15,2.7,99,916,913,7,16.2,48.53,965,262,585,0,781,28.1,202,7
2018,8,13,8,30,15.25,0.15,2.7,103,933,1004,2,16,44.050000000000004,964,504,279,0,773,29.5,202,7
2018,8,13,9,30,12.5,0.15,2.8000000000000003,105,932,1015,1,15.700000000000001,41.18,963,105,932,0,1015,30.400000000000002,201,7
2018,8,13,10,30,22.75,0.15,2.8000000000000003,104,917,950,3,15.4,39.21,962,488,250,3,719,30.900000000000002,200,6.9
2018,8,13,11,30,36.27,0.15,2.9000000000000004,99,885,812,2,15.200000000000001,39.06,962,417,123,0,516,30.700000000000003,198,6.9
2018,8,13,12,30,50.49,0.15,2.9000000000000004,91,823,615,3,15,40.21,961,334,84,0,387,30,196,6.800000000000001
2018,8,13,13,30,64.92,0.15,3,75,710,376,1,15,43.94,962,75,710,0,376,28.5,191,6.4
2018,8,13,14,30,79.39,0.15,3,48,448,131,3,15.4,51.06,962,17,0,0,17,26.3,185,5.800000000000001
2018,8,13,15,30,93.97,0.15,2.9000000000000004,0,0,0,3,16,59.82,963,0,0,0,0,24.3,180,5.4
2018,8,13,16,30,108.4,0.15,2.7,0,0,0,3,16.3,66.86,964,0,0,0,0,22.8,179,5.2
2018,8,13,17,30,122.67,0.15,2.6,0,0,0,0,16.5,73.31,964,0,0,0,0,21.5,179,5
2018,8,13,18,30,136.56,0.15,2.5,0,0,0,0,16.8,79.2,965,0,0,0,0,20.5,181,4.7
2018,8,13,19,30,149.55,0.15,2.4000000000000004,0,0,0,0,17.3,85.62,965,0,0,0,0,19.8,182,4.4
2018,8,13,20,30,159.79,0.15,2.4000000000000004,0,0,0,0,18,92.47,964,0,0,0,0,19.3,184,4.1000000000000005
2018,8,13,21,30,161.78,0.15,2.5,0,0,0,0,18.6,97.13,964,0,0,0,0,19.1,187,4
2018,8,13,22,30,153.59,0.15,2.5,0,0,0,0,18.900000000000002,98.26,963,0,0,0,0,19.200000000000003,191,4.2
2018,8,13,23,30,141.21,0.15,2.6,0,0,0,0,19.1,98.52,963,0,0,0,0,19.3,194,4.4
2018,8,14,0,30,127.53,0.15,2.6,0,0,0,0,19.1,98.76,963,0,0,0,0,19.3,195,4.2
2018,8,14,1,30,113.35000000000001,0.15,2.6,0,0,0,0,19.1,99.65,964,0,0,0,0,19.200000000000003,197,3.9000000000000004
2018,8,14,2,30,98.96000000000001,0.15,2.6,0,0,0,0,19.200000000000003,98.03,964,0,0,0,0,19.5,201,3.9000000000000004
2018,8,14,3,30,84.32000000000001,0.15,2.7,33,259,59,0,19.3,91.57000000000001,965,33,259,0,59,20.700000000000003,204,5.1000000000000005
2018,8,14,4,30,69.89,0.15,2.8000000000000003,68,650,292,1,18.900000000000002,78.83,965,68,650,0,292,22.8,205,6.4
2018,8,14,5,30,55.42,0.15,2.9000000000000004,85,795,537,0,18.2,65.51,965,85,795,0,537,25.1,206,7
2018,8,14,6,30,41.07,0.15,2.9000000000000004,93,874,752,1,17.7,56.870000000000005,965,93,874,0,752,27,206,7.2
2018,8,14,7,30,27.16,0.15,3,100,910,910,3,17.6,50.97,964,450,142,0,577,28.700000000000003,206,7.300000000000001
2018,8,14,8,30,14.99,0.15,3.1,104,925,997,2,17.400000000000002,46.82,963,507,209,0,708,30,205,7.2
2018,8,14,9,30,12.24,0.15,3.2,150,861,991,3,17.2,43.95,963,499,153,0,648,30.900000000000002,205,7.1000000000000005
2018,8,14,10,30,22.650000000000002,0.15,3.3000000000000003,143,849,927,3,17.1,42.51,962,334,1,0,336,31.3,205,7
2018,8,14,11,30,36.24,0.15,3.4000000000000004,133,814,790,3,17,42.74,961,425,119,0,521,31.1,204,6.9
2018,8,14,12,30,50.49,0.15,3.4000000000000004,120,746,595,3,16.900000000000002,44.24,961,335,75,0,382,30.400000000000002,202,6.800000000000001
2018,8,14,13,30,64.94,0.15,3.5,99,616,360,0,16.900000000000002,48.42,961,99,616,0,360,28.900000000000002,198,6.5
2018,8,14,14,30,79.43,0.15,3.6,60,330,121,0,17.400000000000002,55.72,962,60,330,0,121,27,192,5.800000000000001
2018,8,14,15,30,94.04,0.15,3.6,0,0,0,0,18.1,63.96,962,0,0,0,0,25.400000000000002,187,5.2
2018,8,14,16,30,108.49000000000001,0.15,3.6,0,0,0,0,18.6,70.95,963,0,0,0,0,24.200000000000003,183,5.1000000000000005
2018,8,14,17,30,122.78,0.15,3.7,0,0,0,0,18.900000000000002,76.35000000000001,964,0,0,0,0,23.3,182,5.1000000000000005
2018,8,14,18,30,136.71,0.15,3.7,0,0,0,0,19.1,81.68,964,0,0,0,0,22.400000000000002,183,5.300000000000001
2018,8,14,19,30,149.76,0.15,3.7,0,0,0,0,19.400000000000002,86.55,965,0,0,0,0,21.700000000000003,187,5.300000000000001
2018,8,14,20,30,160.08,0.15,3.7,0,0,0,0,19.6,91.19,964,0,0,0,0,21.1,193,5.1000000000000005
2018,8,14,21,30,162.06,0.15,3.6,0,0,0,0,19.8,94.5,964,0,0,0,0,20.700000000000003,197,4.9
2018,8,14,22,30,153.75,0.15,3.6,0,0,0,0,19.8,95.9,964,0,0,0,0,20.5,201,4.800000000000001
2018,8,14,23,30,141.29,0.15,3.5,0,0,0,0,19.8,96.94,964,0,0,0,0,20.3,203,4.800000000000001
2018,8,15,0,30,127.57000000000001,0.15,3.5,0,0,0,3,19.8,98.05,964,0,0,0,0,20.1,205,4.800000000000001
2018,8,15,1,30,113.36,0.15,3.5,0,0,0,1,19.8,98.09,964,0,0,0,0,20.1,207,4.7
2018,8,15,2,30,98.94,0.15,3.5,0,0,0,3,19.8,97.57000000000001,965,0,0,0,0,20.200000000000003,208,4.9
2018,8,15,3,30,84.29,0.15,3.5,36,197,55,1,19.8,91.16,965,36,197,0,55,21.3,206,6
2018,8,15,4,30,69.83,0.15,3.6,82,577,281,0,19.3,78.77,965,82,577,0,281,23.200000000000003,201,7.2
2018,8,15,5,30,55.34,0.15,3.6,108,726,521,3,18.6,66.6,966,265,37,0,286,25.3,197,7.5
2018,8,15,6,30,40.96,0.15,3.7,126,799,730,3,18.1,57.96,965,322,8,0,328,27.1,195,7.6000000000000005
2018,8,15,7,30,27,0.15,3.7,139,839,886,3,17.8,51.51,964,459,135,0,579,28.8,194,7.6000000000000005
2018,8,15,8,30,14.73,0.15,3.7,145,858,975,4,17.6,47.160000000000004,963,325,1,0,326,30.1,193,7.6000000000000005
2018,8,15,9,30,11.97,0.15,3.7,157,845,983,0,17.400000000000002,44.39,962,157,845,0,983,30.900000000000002,193,7.6000000000000005
2018,8,15,10,30,22.54,0.15,3.8000000000000003,155,826,917,3,17.2,43.34,961,426,20,0,444,31.1,193,7.5
2018,8,15,11,30,36.21,0.15,3.9000000000000004,145,789,781,1,17.1,44.4,960,145,789,0,781,30.6,192,7.300000000000001
2018,8,15,12,30,50.5,0.15,4,125,728,588,3,17.2,47.72,960,135,0,0,135,29.5,190,7.1000000000000005
2018,8,15,13,30,64.97,0.15,4.1000000000000005,103,594,354,2,17.7,54.67,961,223,47,0,242,27.6,188,6.800000000000001
2018,8,15,14,30,79.48,0.15,4.1000000000000005,62,302,117,3,18.2,63.09,962,36,0,0,36,25.700000000000003,185,6.2
2018,8,15,15,30,94.11,0.15,4.1000000000000005,0,0,0,2,18.6,70.5,963,0,0,0,0,24.3,181,5.6000000000000005
2018,8,15,16,30,108.58,0.15,4.1000000000000005,0,0,0,1,18.8,75.96000000000001,964,0,0,0,0,23.3,178,5.5
2018,8,15,17,30,122.9,0.15,4,0,0,0,3,18.8,79.51,964,0,0,0,0,22.5,177,5.5
2018,8,15,18,30,136.87,0.15,4,0,0,0,3,18.7,82.61,965,0,0,0,0,21.8,180,5.300000000000001
2018,8,15,19,30,149.97,0.15,3.9000000000000004,0,0,0,3,18.8,86.06,965,0,0,0,0,21.200000000000003,184,5
2018,8,15,20,30,160.37,0.15,3.8000000000000003,0,0,0,0,18.900000000000002,89.03,965,0,0,0,0,20.8,189,4.800000000000001
2018,8,15,21,30,162.35,0.15,3.7,0,0,0,0,19,91.68,964,0,0,1,0,20.400000000000002,194,4.7
2018,8,15,22,30,153.91,0.15,3.6,0,0,0,3,19,93.52,964,0,0,0,0,20.1,197,4.5
2018,8,15,23,30,141.37,0.15,3.6,0,0,0,3,19,94.68,964,0,0,0,0,19.900000000000002,201,4.3
2018,8,16,0,30,127.60000000000001,0.15,3.5,0,0,0,3,19,96.42,964,0,0,0,0,19.6,204,4
2018,8,16,1,30,113.37,0.15,3.5,0,0,0,1,19.1,97.87,965,0,0,0,0,19.400000000000002,206,3.6
2018,8,16,2,30,98.93,0.15,3.4000000000000004,0,0,0,0,19.1,96.74000000000001,965,0,0,0,0,19.6,207,3.6
2018,8,16,3,30,84.25,0.15,3.5,39,143,53,1,19.1,90.62,966,39,143,0,53,20.700000000000003,206,4.7
2018,8,16,4,30,69.78,0.15,3.5,94,525,276,3,18.7,77.82000000000001,966,170,18,0,176,22.8,201,5.9
2018,8,16,5,30,55.26,0.15,3.5,123,692,517,0,18.1,66.07000000000001,966,123,692,0,517,24.900000000000002,198,6.300000000000001
2018,8,16,6,30,40.85,0.15,3.6,155,747,721,2,17.7,57.59,966,420,143,0,528,26.8,197,6.4
2018,8,16,7,30,26.84,0.15,3.7,166,796,877,3,17.5,51.4,965,451,86,0,528,28.5,197,6.5
2018,8,16,8,30,14.47,0.15,3.8000000000000003,171,820,965,3,17.400000000000002,47.02,964,446,19,0,464,29.900000000000002,198,6.6000000000000005
2018,8,16,9,30,11.71,0.15,3.9000000000000004,191,796,970,3,17.3,44.14,962,483,76,0,558,30.900000000000002,199,6.5
2018,8,16,10,30,22.45,0.15,4,181,785,906,3,17.2,43.08,961,447,51,1,494,31.200000000000003,199,6.6000000000000005
2018,8,16,11,30,36.18,0.15,4,166,751,772,3,17.2,44.72,961,328,4,0,331,30.6,197,6.7
2018,8,16,12,30,50.5,0.15,4.1000000000000005,145,682,579,2,17.400000000000002,48.95,960,306,369,1,541,29.200000000000003,193,6.800000000000001
2018,8,16,13,30,65.01,0.15,4.1000000000000005,114,555,348,3,17.5,55.18,961,158,4,0,160,27.3,190,6.7
2018,8,16,14,30,79.53,0.15,4,65,279,115,3,17.3,59.7,961,5,0,0,5,25.700000000000003,187,6.1000000000000005
2018,8,16,15,30,94.18,0.15,3.9000000000000004,0,0,0,0,16.8,62.32,962,0,0,1,0,24.5,183,5.5
2018,8,16,16,30,108.68,0.15,3.8000000000000003,0,0,0,0,16.6,65.3,963,0,0,0,0,23.5,178,5.1000000000000005
2018,8,16,17,30,123.02,0.15,3.8000000000000003,0,0,0,0,16.8,70.38,964,0,0,0,0,22.5,176,4.9
2018,8,16,18,30,137.02,0.15,3.7,0,0,0,0,17.5,77.96000000000001,964,0,0,0,0,21.5,179,4.7
2018,8,16,19,30,150.18,0.15,3.7,0,0,0,0,18.2,85.83,964,0,0,0,0,20.700000000000003,185,4.4
2018,8,16,20,30,160.66,0.15,3.7,0,0,0,0,18.7,91.06,964,0,0,0,0,20.200000000000003,191,4.1000000000000005
2018,8,16,21,30,162.63,0.15,3.7,0,0,0,0,18.8,93.02,963,0,0,0,0,20,194,4
2018,8,16,22,30,154.07,0.15,3.8000000000000003,0,0,0,0,18.900000000000002,94.57000000000001,963,0,0,0,0,19.8,196,3.9000000000000004
2018,8,16,23,30,141.45000000000002,0.15,3.9000000000000004,0,0,0,3,19,95.76,963,0,0,0,0,19.700000000000003,196,3.6
2018,8,17,0,30,127.63000000000001,0.15,4,0,0,0,0,19.1,97.55,964,0,0,0,0,19.5,198,3.4000000000000004
2018,8,17,1,30,113.37,0.15,4,0,0,0,0,19.1,98.31,964,0,0,0,0,19.400000000000002,199,3.2
2018,8,17,2,30,98.91,0.15,4.1000000000000005,0,0,0,0,19.1,97.16,965,0,0,0,0,19.6,201,3.5
2018,8,17,3,30,84.21000000000001,0.15,4.1000000000000005,40,99,50,3,19.1,90.55,965,35,0,7,35,20.700000000000003,201,4.6000000000000005
2018,8,17,4,30,69.72,0.15,4.1000000000000005,110,450,266,2,18.5,77.25,965,189,50,0,206,22.700000000000003,199,5.9
2018,8,17,5,30,55.17,0.15,4.1000000000000005,147,624,503,0,17.6,64.18,965,147,624,0,503,24.8,198,6.4
2018,8,17,6,30,40.74,0.15,4.1000000000000005,171,713,711,0,16.8,54.04,965,171,713,1,711,26.900000000000002,199,6.7
2018,8,17,7,30,26.68,0.15,4.1000000000000005,186,762,867,1,16.400000000000002,47.78,964,186,762,0,867,28.6,200,6.9
2018,8,17,8,30,14.21,0.15,4.1000000000000005,192,787,955,2,16.3,44.17,963,535,199,1,728,29.8,201,7.1000000000000005
2018,8,17,9,30,11.450000000000001,0.15,4.1000000000000005,209,769,962,3,16.2,42.22,962,502,100,0,600,30.5,202,7.2
2018,8,17,10,30,22.35,0.15,4.1000000000000005,198,760,900,3,16.2,42.1,960,236,0,1,236,30.5,202,7.2
2018,8,17,11,30,36.15,0.15,4.1000000000000005,180,727,767,3,16.2,43.32,960,190,0,1,190,30,201,7.2
2018,8,17,12,30,50.51,0.15,4.1000000000000005,211,538,554,3,16.2,45.74,960,165,0,0,165,29.1,198,7
2018,8,17,13,30,65.04,0.15,4.1000000000000005,160,400,328,3,16.3,49.79,960,77,0,0,77,27.700000000000003,194,6.7
2018,8,17,14,30,79.59,0.15,4.1000000000000005,78,140,103,3,16.400000000000002,55.06,961,5,0,0,5,26.1,189,6.2
2018,8,17,15,30,94.25,0.15,4,0,0,0,3,16.5,60.33,961,0,0,0,0,24.700000000000003,183,5.800000000000001
2018,8,17,16,30,108.77,0.15,4,0,0,0,0,16.6,64.87,962,0,0,0,0,23.6,178,5.6000000000000005
2018,8,17,17,30,123.14,0.15,3.9000000000000004,0,0,0,0,16.7,69.87,963,0,0,0,0,22.5,176,5.5
2018,8,17,18,30,137.18,0.15,3.9000000000000004,0,0,0,0,17,75.5,963,0,0,1,0,21.5,179,5.300000000000001
2018,8,17,19,30,150.39000000000001,0.15,3.8000000000000003,0,0,0,1,17.5,81.16,963,0,0,0,0,20.8,183,4.9
2018,8,17,20,30,160.96,0.15,3.7,0,0,0,3,17.900000000000002,86.84,963,0,0,0,0,20.200000000000003,188,4.6000000000000005
2018,8,17,21,30,162.92000000000002,0.15,3.7,0,0,0,3,18.3,90.33,962,0,0,0,0,19.900000000000002,192,4.3
2018,8,17,22,30,154.23,0.15,3.6,0,0,0,3,18.400000000000002,92.5,962,0,0,0,0,19.700000000000003,196,4.2
2018,8,17,23,30,141.53,0.15,3.6,0,0,0,3,18.6,94.3,962,0,0,1,0,19.5,198,4.1000000000000005
2018,8,18,0,30,127.66,0.15,3.6,0,0,0,3,18.7,96.03,962,0,0,0,0,19.3,200,4
2018,8,18,1,30,113.37,0.15,3.6,0,0,0,1,18.7,97.13,962,0,0,1,0,19.200000000000003,202,3.8000000000000003
2018,8,18,2,30,98.88,0.15,3.5,0,0,0,0,18.8,96.79,962,0,0,1,0,19.3,204,3.8000000000000003
2018,8,18,3,30,84.17,0.15,3.6,41,109,52,3,18.8,89.27,963,27,0,7,27,20.6,203,4.9
2018,8,18,4,30,69.66,0.15,3.6,104,484,273,3,18.3,76.04,963,90,0,0,90,22.700000000000003,199,6.1000000000000005
2018,8,18,5,30,55.09,0.15,3.6,136,660,514,3,17.6,63.58,964,286,42,0,310,25,198,6.300000000000001
2018,8,18,6,30,40.63,0.15,3.7,161,738,721,3,17.1,54.230000000000004,963,419,121,0,511,27.1,198,6.300000000000001
2018,8,18,7,30,26.52,0.15,3.7,172,790,879,0,16.7,47.72,963,172,790,0,879,28.900000000000002,200,6.4
2018,8,18,8,30,13.94,0.15,3.8000000000000003,177,814,967,0,16.400000000000002,42.95,962,177,814,0,967,30.400000000000002,202,6.5
2018,8,18,9,30,11.18,0.15,3.8000000000000003,179,815,979,0,16,39.65,960,179,815,0,979,31.400000000000002,203,6.7
2018,8,18,10,30,22.26,0.15,3.8000000000000003,174,799,914,0,15.700000000000001,38.62,959,174,799,0,914,31.5,202,6.800000000000001
2018,8,18,11,30,36.13,0.15,3.8000000000000003,161,764,778,3,15.600000000000001,39.63,959,313,2,1,314,30.900000000000002,200,6.800000000000001
2018,8,18,12,30,50.53,0.15,3.8000000000000003,142,695,583,3,15.600000000000001,42.07,959,302,45,0,330,29.900000000000002,197,6.800000000000001
2018,8,18,13,30,65.08,0.15,3.8000000000000003,113,561,350,3,15.8,45.77,959,54,0,0,54,28.6,192,6.6000000000000005
2018,8,18,14,30,79.65,0.15,3.8000000000000003,65,270,113,3,16,51.25,960,16,0,7,16,26.900000000000002,185,6.1000000000000005
2018,8,18,15,30,94.33,0.15,3.7,0,0,0,3,16.2,56.9,960,0,0,0,0,25.400000000000002,176,5.7
2018,8,18,16,30,108.87,0.15,3.7,0,0,0,3,16.5,62.83,961,0,0,1,0,24,171,5.6000000000000005
2018,8,18,17,30,123.26,0.15,3.6,0,0,0,3,16.6,68.36,962,0,0,1,0,22.700000000000003,171,5.6000000000000005
2018,8,18,18,30,137.34,0.15,3.6,0,0,0,3,16.6,73.32000000000001,963,0,0,0,0,21.6,173,5.2
2018,8,18,19,30,150.61,0.15,3.5,0,0,0,0,16.7,78.08,963,0,0,0,0,20.700000000000003,177,4.7
2018,8,18,20,30,161.27,0.15,3.4000000000000004,0,0,0,1,17,82.91,962,0,0,0,0,20,181,4.3
2018,8,18,21,30,163.21,0.15,3.4000000000000004,0,0,0,3,17.400000000000002,87.76,962,0,0,1,0,19.5,186,4.1000000000000005
2018,8,18,22,30,154.38,0.15,3.3000000000000003,0,0,0,3,17.8,91.87,962,0,0,0,0,19.200000000000003,192,4
2018,8,18,23,30,141.6,0.15,3.3000000000000003,0,0,0,3,18.2,94.45,962,0,0,1,0,19.1,197,4
2018,8,19,0,30,127.69,0.15,3.3000000000000003,0,0,0,3,18.400000000000002,95.76,962,0,0,1,0,19.1,202,4
2018,8,19,1,30,113.37,0.15,3.3000000000000003,0,0,0,3,18.6,96.65,963,0,0,0,0,19.1,205,3.9000000000000004
2018,8,19,2,30,98.86,0.15,3.2,0,0,0,0,18.6,96.60000000000001,963,0,0,1,0,19.200000000000003,208,4
2018,8,19,3,30,84.13,0.15,3.2,40,149,55,3,18.7,89.63,964,40,149,5,55,20.5,208,5
2018,8,19,4,30,69.59,0.15,3.2,94,536,281,0,18.400000000000002,76.17,964,94,536,0,281,22.8,204,6.2
2018,8,19,5,30,55.01,0.15,3.2,117,714,526,0,17.6,63.160000000000004,964,117,714,0,526,25.1,201,6.7
2018,8,19,6,30,40.52,0.15,3.2,129,805,741,0,16.900000000000002,53.45,964,129,805,1,741,27.200000000000003,200,6.800000000000001
2018,8,19,7,30,26.36,0.15,3.2,136,854,901,1,16.400000000000002,46.64,963,136,854,0,901,29,200,6.800000000000001
2018,8,19,8,30,13.67,0.15,3.3000000000000003,139,875,989,1,15.9,41.19,962,139,875,1,989,30.6,202,6.800000000000001
2018,8,19,9,30,10.92,0.15,3.3000000000000003,147,867,998,3,15.4,37.39,961,477,52,1,529,31.700000000000003,203,6.800000000000001
2018,8,19,10,30,22.18,0.15,3.4000000000000004,152,837,927,3,15.100000000000001,35.92,960,447,42,1,486,32.1,204,6.800000000000001
2018,8,19,11,30,36.11,0.15,3.5,151,785,785,1,15,35.82,959,151,785,0,785,32,204,6.7
2018,8,19,12,30,50.550000000000004,0.15,3.6,224,519,554,1,15.100000000000001,38.27,959,224,519,0,554,31,201,6.7
2018,8,19,13,30,65.12,0.15,3.7,176,349,323,3,15.700000000000001,43.550000000000004,959,208,12,1,213,29.400000000000002,195,6.5
2018,8,19,14,30,79.71000000000001,0.15,3.8000000000000003,80,98,98,1,16.7,52.02,959,80,98,1,98,27.400000000000002,188,6.300000000000001
2018,8,19,15,30,94.41,0.15,3.8000000000000003,0,0,0,3,17.7,61.31,960,0,0,0,0,25.700000000000003,182,6.2
2018,8,19,16,30,108.97,0.15,3.8000000000000003,0,0,0,3,18.3,68.7,961,0,0,0,0,24.400000000000002,179,6.300000000000001
2018,8,19,17,30,123.39,0.15,3.8000000000000003,0,0,0,0,18.400000000000002,74.64,962,0,0,0,0,23.200000000000003,179,6.2
2018,8,19,18,30,137.5,0.15,3.7,0,0,0,0,18.5,79.06,963,0,0,0,0,22.3,181,5.9
2018,8,19,19,30,150.82,0.15,3.6,0,0,0,0,18.6,83.73,963,0,0,1,0,21.5,183,5.4
2018,8,19,20,30,161.57,0.15,3.6,0,0,0,3,18.900000000000002,88.4,963,0,0,0,0,20.900000000000002,187,5
2018,8,19,21,30,163.51,0.15,3.5,0,0,0,3,19.200000000000003,92.06,962,0,0,0,0,20.5,190,4.800000000000001
2018,8,19,22,30,154.53,0.15,3.5,0,0,0,3,19.3,94.5,962,0,0,0,0,20.200000000000003,192,4.6000000000000005
2018,8,19,23,30,141.67000000000002,0.15,3.4000000000000004,0,0,0,0,19.3,95.58,962,0,0,0,0,20,193,4.5
2018,8,20,0,30,127.72,0.15,3.3000000000000003,0,0,0,0,19.200000000000003,96.18,962,0,0,1,0,19.8,195,4.4
2018,8,20,1,30,113.36,0.15,3.2,0,0,0,0,19.1,96.7,963,0,0,0,0,19.6,198,4.3
2018,8,20,2,30,98.83,0.15,3.1,0,0,0,0,18.900000000000002,95.68,963,0,0,0,0,19.6,203,4.5
2018,8,20,3,30,84.08,0.15,3.1,42,94,52,0,18.7,88.41,964,42,94,0,52,20.700000000000003,207,5.4
2018,8,20,4,30,69.53,0.15,3.2,112,466,275,0,18.2,74.62,964,112,466,0,275,22.900000000000002,208,6.4
2018,8,20,5,30,54.92,0.15,3.2,140,657,517,0,17.6,62.86,964,140,657,1,517,25.200000000000003,208,6.800000000000001
2018,8,20,6,30,40.4,0.15,3.3000000000000003,143,779,736,0,17.3,53.75,964,143,779,0,736,27.5,208,6.9
2018,8,20,7,30,26.2,0.15,3.5,151,827,893,0,17.1,47.300000000000004,963,151,827,0,893,29.5,207,7
2018,8,20,8,30,13.41,0.15,3.6,154,850,982,3,16.900000000000002,42.25,962,457,26,0,483,31.200000000000003,206,7
2018,8,20,9,30,10.67,0.15,3.6,147,865,997,3,16.6,39.04,960,478,66,0,543,32.300000000000004,204,7
2018,8,20,10,30,22.1,0.15,3.7,140,853,930,3,16.400000000000002,37.96,959,441,39,1,477,32.6,200,7
2018,8,20,11,30,36.1,0.15,3.8000000000000003,129,820,792,3,16.6,39.36,959,428,129,0,533,32.1,194,7.1000000000000005
2018,8,20,12,30,50.57,0.15,3.8000000000000003,117,752,594,3,16.900000000000002,43.49,959,274,15,0,284,30.700000000000003,189,7.1000000000000005
2018,8,20,13,30,65.16,0.15,3.9000000000000004,96,621,357,3,17.2,49.72,960,129,1,1,129,28.700000000000003,184,7
2018,8,20,14,30,79.77,0.15,3.8000000000000003,56,342,117,3,17.3,55.94,960,25,0,0,25,26.8,179,6.800000000000001
2018,8,20,15,30,94.49,0.15,3.8000000000000003,0,0,0,0,17.3,61.47,961,0,0,1,0,25.200000000000003,175,6.5
2018,8,20,16,30,109.07000000000001,0.15,3.8000000000000003,0,0,0,3,17.3,67.1,962,0,0,0,0,23.8,175,6.4
2018,8,20,17,30,123.51,0.15,3.8000000000000003,0,0,0,1,17.6,73.38,963,0,0,1,0,22.6,179,6.1000000000000005
2018,8,20,18,30,137.66,0.15,3.7,0,0,0,3,18,79.51,963,0,0,1,0,21.700000000000003,186,5.5
2018,8,20,19,30,151.04,0.15,3.7,0,0,0,0,18.3,84.56,963,0,0,0,0,21,191,4.800000000000001
2018,8,20,20,30,161.88,0.15,3.6,0,0,0,1,18.400000000000002,87.49,963,0,0,0,0,20.6,195,4.5
2018,8,20,21,30,163.8,0.15,3.6,0,0,0,1,18.5,89.59,962,0,0,0,0,20.3,196,4.4
2018,8,20,22,30,154.68,0.15,3.5,0,0,0,1,18.6,91.02,962,0,0,0,0,20.1,196,4.3
2018,8,20,23,30,141.73,0.15,3.5,0,0,0,1,18.6,92.29,962,0,0,0,0,19.900000000000002,196,4.1000000000000005
2018,8,21,0,30,127.74000000000001,0.15,3.4000000000000004,0,0,0,3,18.7,93.68,962,0,0,0,0,19.700000000000003,195,3.8000000000000003
2018,8,21,1,30,113.36,0.15,3.4000000000000004,0,0,0,1,18.7,95.8,963,0,0,0,0,19.400000000000002,196,3.5
2018,8,21,2,30,98.8,0.15,3.4000000000000004,0,0,0,8,18.7,95.38,963,0,0,0,0,19.5,200,3.5
2018,8,21,3,30,84.03,0.15,3.4000000000000004,40,145,55,3,18.7,88.27,964,36,0,7,36,20.700000000000003,204,4.6000000000000005
2018,8,21,4,30,69.46000000000001,0.15,3.5,98,522,281,3,18.2,74.22,964,176,21,0,183,23,204,5.7
2018,8,21,5,30,54.83,0.15,3.5,128,686,523,3,17.6,62.2,964,318,96,0,374,25.400000000000002,204,6.2
2018,8,21,6,30,40.29,0.15,3.5,148,769,734,3,17.3,53.46,964,423,155,0,541,27.6,204,6.4
2018,8,21,7,30,26.03,0.15,3.6,159,814,891,3,17,46.72,963,489,163,0,635,29.6,205,6.6000000000000005
2018,8,21,8,30,13.14,0.15,3.6,164,838,980,3,16.6,41.660000000000004,962,485,138,0,619,31.200000000000003,204,6.7
2018,8,21,9,30,10.41,0.15,3.7,199,790,977,3,16.1,37.910000000000004,961,452,15,0,467,32.2,203,6.800000000000001
2018,8,21,10,30,22.03,0.15,3.7,191,778,912,3,15.5,35.64,959,482,124,0,596,32.7,203,6.800000000000001
2018,8,21,11,30,36.09,0.15,3.8000000000000003,177,738,774,3,15.200000000000001,35.35,959,328,3,0,331,32.5,201,6.800000000000001
2018,8,21,12,30,50.59,0.15,3.9000000000000004,228,507,550,3,15.200000000000001,37.53,959,266,5,0,269,31.400000000000002,197,6.6000000000000005
2018,8,21,13,30,65.21000000000001,0.15,4,174,350,321,4,15.4,42.06,959,51,0,0,51,29.700000000000003,188,6.4
2018,8,21,14,30,79.84,0.15,4.1000000000000005,79,98,96,4,16,48.9,960,5,0,0,5,27.700000000000003,179,6.4
2018,8,21,15,30,94.58,0.15,4.1000000000000005,0,0,0,7,16.6,56.620000000000005,961,0,0,0,0,25.900000000000002,173,6.6000000000000005
2018,8,21,16,30,109.18,0.15,4.1000000000000005,0,0,0,3,17.1,64.61,962,0,0,0,0,24.200000000000003,173,6.6000000000000005
2018,8,21,17,30,123.64,0.15,4.1000000000000005,0,0,0,3,17.400000000000002,71.78,963,0,0,0,0,22.8,176,6.300000000000001
2018,8,21,18,30,137.82,0.15,4,0,0,0,7,17.7,77.32000000000001,963,0,0,0,0,21.8,180,5.7
2018,8,21,19,30,151.26,0.15,4,0,0,0,3,17.8,81.08,963,0,0,0,0,21.200000000000003,184,5.1000000000000005
2018,8,21,20,30,162.19,0.15,3.9000000000000004,0,0,0,1,18,84.96000000000001,963,0,0,0,0,20.6,187,4.7
2018,8,21,21,30,164.09,0.15,3.8000000000000003,0,0,0,0,18.1,87.9,962,0,0,0,0,20.200000000000003,190,4.6000000000000005
2018,8,21,22,30,154.82,0.15,3.7,0,0,0,0,18.3,89.92,962,0,0,0,0,20,193,4.7
2018,8,21,23,30,141.8,0.15,3.6,0,0,0,0,18.400000000000002,91.41,962,0,0,0,0,19.8,195,4.7
2018,8,22,0,30,127.76,0.15,3.6,0,0,0,0,18.400000000000002,92.78,962,0,0,0,0,19.6,196,4.5
2018,8,22,1,30,113.35000000000001,0.15,3.6,0,0,0,0,18.5,94.61,962,0,0,0,0,19.400000000000002,197,4.2
2018,8,22,2,30,98.77,0.15,3.6,0,0,0,0,18.6,94.59,963,0,0,0,0,19.5,199,4.1000000000000005
2018,8,22,3,30,83.99,0.15,3.6,43,82,51,2,18.6,88.3,963,38,0,7,38,20.6,200,5
2018,8,22,4,30,69.39,0.15,3.6,121,427,271,3,18,74.72,964,160,8,0,163,22.700000000000003,199,6
2018,8,22,5,30,54.74,0.15,3.6,160,608,510,0,17.2,61.32,964,160,608,0,510,25.200000000000003,199,6.4
2018,8,22,6,30,40.17,0.15,3.7,183,704,720,0,16.8,52.29,963,183,704,0,720,27.400000000000002,200,6.6000000000000005
2018,8,22,7,30,25.87,0.15,3.7,196,758,878,0,16.400000000000002,45.49,963,196,758,0,878,29.400000000000002,201,6.800000000000001
2018,8,22,8,30,12.870000000000001,0.15,3.8000000000000003,202,782,964,3,16,40.57,962,487,81,0,565,30.900000000000002,201,6.800000000000001
2018,8,22,9,30,10.16,0.15,3.8000000000000003,202,787,976,3,15.5,37.11,960,522,145,0,665,32,200,6.800000000000001
2018,8,22,10,30,21.96,0.15,3.9000000000000004,191,775,910,3,15.3,35.75,960,385,4,0,389,32.4,198,6.7
2018,8,22,11,30,36.09,0.15,3.9000000000000004,176,739,773,3,15.200000000000001,35.81,959,184,0,0,184,32.2,194,6.6000000000000005
2018,8,22,12,30,50.620000000000005,0.15,3.9000000000000004,157,661,576,3,15.100000000000001,37.99,959,189,0,0,189,31.1,189,6.6000000000000005
2018,8,22,13,30,65.26,0.15,3.8000000000000003,123,526,343,3,15.100000000000001,41.59,959,80,0,0,80,29.5,183,6.5
2018,8,22,14,30,79.9,0.15,3.8000000000000003,67,235,108,3,15,46.31,960,39,0,7,39,27.6,177,6.300000000000001
2018,8,22,15,30,94.66,0.15,3.7,0,0,0,3,15,51.69,961,0,0,0,0,25.700000000000003,171,6.1000000000000005
2018,8,22,16,30,109.28,0.15,3.7,0,0,0,3,15.100000000000001,57.56,962,0,0,0,0,24,169,6
2018,8,22,17,30,123.77,0.15,3.7,0,0,0,0,15.600000000000001,64.42,962,0,0,0,0,22.700000000000003,171,5.800000000000001
2018,8,22,18,30,137.99,0.15,3.7,0,0,0,0,16.7,73.3,963,0,0,0,0,21.700000000000003,174,5.6000000000000005
2018,8,22,19,30,151.48,0.15,3.6,0,0,0,0,17.7,81.45,963,0,0,0,0,21,179,5.1000000000000005
2018,8,22,20,30,162.51,0.15,3.4000000000000004,0,0,0,0,18.3,87.03,962,0,0,0,0,20.5,184,4.7
2018,8,22,21,30,164.39000000000001,0.15,3.3000000000000003,0,0,0,0,18.5,90.65,962,0,0,0,0,20.1,189,4.3
2018,8,22,22,30,154.96,0.15,3.3000000000000003,0,0,0,0,18.6,92.37,962,0,0,0,0,19.900000000000002,193,4.2
2018,8,22,23,30,141.86,0.15,3.3000000000000003,0,0,0,0,18.7,93.96000000000001,962,0,0,0,0,19.700000000000003,196,4.1000000000000005
2018,8,23,0,30,127.77,0.15,3.3000000000000003,0,0,0,3,18.8,94.91,962,0,0,0,0,19.6,198,3.9000000000000004
2018,8,23,1,30,113.34,0.15,3.3000000000000003,0,0,0,4,18.8,95.68,962,0,0,0,0,19.5,201,3.8000000000000003
2018,8,23,2,30,98.74000000000001,0.15,3.3000000000000003,0,0,0,1,18.8,95.36,963,0,0,0,0,19.6,204,3.9000000000000004
2018,8,23,3,30,83.93,0.15,3.4000000000000004,43,104,54,2,18.8,88.96000000000001,963,38,0,7,38,20.700000000000003,205,4.800000000000001
2018,8,23,4,30,69.32000000000001,0.15,3.5,113,463,276,3,18.5,76.18,964,162,9,0,165,22.900000000000002,204,5.800000000000001
2018,8,23,5,30,54.660000000000004,0.15,3.5,147,641,518,3,18,63.93,964,327,119,0,396,25.3,202,6.2
2018,8,23,6,30,40.06,0.15,3.6,187,698,721,0,17.5,55.160000000000004,964,187,698,0,721,27.3,201,6.4
2018,8,23,7,30,25.71,0.15,3.7,204,746,876,2,17,48.69,963,504,152,0,642,28.900000000000002,201,6.4
2018,8,23,8,30,12.6,0.15,3.7,213,769,964,3,16.5,43.39,962,528,146,0,670,30.3,202,6.300000000000001
2018,8,23,9,30,9.91,0.15,3.8000000000000003,208,779,975,3,15.8,39.32,960,495,84,0,578,31.3,202,6.1000000000000005
2018,8,23,10,30,21.900000000000002,0.15,3.8000000000000003,206,755,907,3,15.3,36.57,959,398,6,0,403,32,202,5.9
2018,8,23,11,30,36.09,0.15,3.9000000000000004,195,706,766,3,15.200000000000001,36,958,231,0,0,232,32.1,199,5.800000000000001
2018,8,23,12,30,50.65,0.15,4,172,626,569,3,15.3,37.83,958,117,0,0,117,31.400000000000002,194,5.800000000000001
2018,8,23,13,30,65.31,0.15,4,133,485,336,3,15.700000000000001,41.92,958,39,0,0,39,30,187,5.7
2018,8,23,14,30,79.97,0.15,4,70,201,105,3,16.1,47.61,959,50,0,7,50,28.3,178,5.6000000000000005
2018,8,23,15,30,94.75,0.15,4,0,0,0,3,16.6,54.07,960,0,0,0,0,26.6,171,5.800000000000001
2018,8,23,16,30,109.39,0.15,4,0,0,0,3,16.8,60.83,961,0,0,0,0,24.900000000000002,169,6.1000000000000005
2018,8,23,17,30,123.9,0.15,3.9000000000000004,0,0,0,0,17.1,67.61,962,0,0,0,0,23.400000000000002,171,6.1000000000000005
2018,8,23,18,30,138.15,0.15,3.8000000000000003,0,0,0,0,17.400000000000002,74.32000000000001,962,0,0,0,0,22.200000000000003,175,5.7
2018,8,23,19,30,151.71,0.15,3.7,0,0,0,0,17.8,79.67,962,0,0,0,0,21.5,181,5.1000000000000005
2018,8,23,20,30,162.83,0.15,3.6,0,0,0,0,18.2,84.67,962,0,0,0,0,20.900000000000002,186,4.6000000000000005
2018,8,23,21,30,164.68,0.15,3.5,0,0,0,0,18.5,88.87,961,0,0,0,0,20.400000000000002,191,4.3
2018,8,23,22,30,155.1,0.15,3.5,0,0,0,0,18.7,92.37,961,0,0,0,0,20,196,4.2
2018,8,23,23,30,141.91,0.15,3.5,0,0,0,0,18.900000000000002,94.54,961,0,0,0,0,19.8,199,4.1000000000000005
2018,8,24,0,30,127.79,0.15,3.4000000000000004,0,0,0,3,19,96.38,961,0,0,0,0,19.6,202,4
2018,8,24,1,30,113.32000000000001,0.15,3.4000000000000004,0,0,0,1,19.1,96.86,962,0,0,0,0,19.6,204,3.8000000000000003
2018,8,24,2,30,98.7,0.15,3.4000000000000004,0,0,0,0,19.200000000000003,96.04,962,0,0,0,0,19.8,206,4
2018,8,24,3,30,83.88,0.15,3.4000000000000004,43,87,52,0,19.200000000000003,88.81,963,43,87,0,52,21.1,206,5
2018,8,24,4,30,69.25,0.15,3.5,120,430,272,1,18.7,75.10000000000001,963,120,430,0,272,23.400000000000002,204,6
2018,8,24,5,30,54.57,0.15,3.6,159,608,512,0,18.1,61.74,963,159,608,0,512,26,201,6.300000000000001
2018,8,24,6,30,39.94,0.15,3.6,184,703,722,0,17.6,52.480000000000004,963,184,703,0,722,28.200000000000003,200,6.5
2018,8,24,7,30,25.55,0.15,3.7,202,751,879,7,17.1,45.39,962,348,447,0,751,30.200000000000003,199,6.5
2018,8,24,8,30,12.33,0.15,3.8000000000000003,210,773,965,7,16.6,40.31,961,364,446,0,799,31.700000000000003,201,6.5
2018,8,24,9,30,9.66,0.15,3.8000000000000003,183,814,986,3,15.9,36.32,960,376,2,0,378,32.800000000000004,203,6.4
2018,8,24,10,30,21.84,0.15,3.8000000000000003,181,793,917,3,15.4,34.15,959,248,0,0,248,33.300000000000004,203,6.300000000000001
2018,8,24,11,30,36.09,0.15,3.8000000000000003,173,746,776,3,15.100000000000001,33.65,958,151,0,0,151,33.2,201,6.300000000000001
2018,8,24,12,30,50.68,0.15,3.8000000000000003,155,667,577,3,15,35.02,958,229,1,0,230,32.4,196,6.300000000000001
2018,8,24,13,30,65.37,0.15,3.9000000000000004,123,521,340,3,15.100000000000001,38.42,958,101,0,0,101,30.900000000000002,189,6.2
2018,8,24,14,30,80.05,0.15,3.9000000000000004,66,227,106,8,15.4,43.45,959,6,0,7,6,29.1,181,6.1000000000000005
2018,8,24,15,30,94.84,0.15,3.9000000000000004,0,0,0,4,15.9,49.82,960,0,0,0,0,27.3,173,6.300000000000001
2018,8,24,16,30,109.5,0.15,3.9000000000000004,0,0,0,7,16.6,57.45,961,0,0,0,0,25.6,170,6.6000000000000005
2018,8,24,17,30,124.04,0.15,4,0,0,0,7,17.400000000000002,66.41,962,0,0,0,0,24,170,6.5
2018,8,24,18,30,138.32,0.15,4,0,0,0,7,18.1,74.85000000000001,962,0,0,0,0,22.8,172,6.1000000000000005
2018,8,24,19,30,151.93,0.15,3.9000000000000004,0,0,0,0,18.7,81.7,962,0,0,0,0,22,175,5.7
2018,8,24,20,30,163.15,0.15,3.8000000000000003,0,0,0,1,19.200000000000003,86.77,962,0,0,0,0,21.5,180,5.300000000000001
2018,8,24,21,30,164.97,0.15,3.7,0,0,0,1,19.5,89.97,962,0,0,0,0,21.200000000000003,186,5.1000000000000005
2018,8,24,22,30,155.24,0.15,3.6,0,0,0,8,19.6,91.65,961,0,0,0,0,21,192,4.9
2018,8,24,23,30,141.97,0.15,3.5,0,0,0,7,19.6,92.31,961,0,0,0,0,20.900000000000002,197,4.7
2018,8,25,0,30,127.8,0.15,3.5,0,0,0,3,19.6,93.45,962,0,0,0,0,20.700000000000003,200,4.6000000000000005
2018,8,25,1,30,113.3,0.15,3.4000000000000004,0,0,0,8,19.6,93.97,962,0,0,0,0,20.6,202,4.3
2018,8,25,2,30,98.67,0.15,3.4000000000000004,0,0,0,8,19.5,93.61,963,0,0,0,0,20.6,202,4.4
2018,8,25,3,30,83.83,0.15,3.4000000000000004,44,83,53,8,19.3,87.51,964,49,4,7,50,21.5,202,5
2018,8,25,4,30,69.18,0.15,3.4000000000000004,126,417,274,3,18.5,75.31,965,135,4,0,136,23.1,201,5.5
2018,8,25,5,30,54.47,0.15,3.4000000000000004,166,600,515,3,17.6,63.31,965,335,113,0,400,25.1,200,5.5
2018,8,25,6,30,39.82,0.15,3.5,161,746,735,0,16.8,53.160000000000004,965,161,746,0,735,27.200000000000003,199,5.5
2018,8,25,7,30,25.39,0.15,3.6,175,791,890,3,16.2,45.74,964,500,171,0,655,29.1,200,5.5
2018,8,25,8,30,12.06,0.15,3.6,183,812,977,0,15.600000000000001,39.99,963,183,812,0,977,30.8,200,5.5
2018,8,25,9,30,9.42,0.15,3.7,161,846,995,7,15.100000000000001,35.980000000000004,961,319,549,0,860,32.1,201,5.6000000000000005
2018,8,25,10,30,21.79,0.15,3.7,157,829,927,1,14.9,33.8,960,157,829,0,927,32.9,200,5.800000000000001
2018,8,25,11,30,36.1,0.15,3.8000000000000003,147,789,785,0,14.700000000000001,32.76,959,147,789,0,785,33.2,197,6
2018,8,25,12,30,50.72,0.15,3.8000000000000003,133,713,584,3,14.5,33.62,959,318,55,0,353,32.6,192,6.2
2018,8,25,13,30,65.43,0.15,3.9000000000000004,109,568,345,2,14.600000000000001,36.47,959,205,23,0,215,31.200000000000003,185,6.2
2018,8,25,14,30,80.12,0.15,3.9000000000000004,62,265,107,3,14.9,41.87,959,10,0,0,10,29.200000000000003,176,6.300000000000001
2018,8,25,15,30,94.93,0.15,4,0,0,0,0,15.700000000000001,49.64,960,0,0,0,0,27.1,170,6.6000000000000005
2018,8,25,16,30,109.61,0.15,4,0,0,0,0,16.6,58.76,961,0,0,0,0,25.200000000000003,169,6.9
2018,8,25,17,30,124.17,0.15,3.9000000000000004,0,0,0,0,17.3,67.6,962,0,0,0,0,23.700000000000003,173,6.6000000000000005
2018,8,25,18,30,138.48,0.15,3.9000000000000004,0,0,0,0,18,75.21000000000001,962,0,0,0,0,22.6,177,6.1000000000000005
2018,8,25,19,30,152.15,0.15,3.9000000000000004,0,0,0,0,18.6,81.84,963,0,0,0,0,21.8,180,5.6000000000000005
2018,8,25,20,30,163.47,0.15,3.9000000000000004,0,0,0,0,19,86.65,962,0,0,0,0,21.3,184,5.4
2018,8,25,21,30,165.27,0.15,3.9000000000000004,0,0,0,0,19.200000000000003,89.24,962,0,0,0,0,21,187,5.1000000000000005
2018,8,25,22,30,155.37,0.15,3.9000000000000004,0,0,0,0,19.200000000000003,90.68,962,0,0,0,0,20.8,190,4.7
2018,8,25,23,30,142.02,0.15,4,0,0,0,0,19.3,92.23,962,0,0,0,0,20.6,192,4.5
2018,8,26,0,30,127.81,0.15,4,0,0,0,0,19.3,93.35000000000001,962,0,0,0,0,20.400000000000002,192,4.3
2018,8,26,1,30,113.28,0.15,3.9000000000000004,0,0,0,0,19.3,94.3,962,0,0,0,0,20.200000000000003,193,4.1000000000000005
2018,8,26,2,30,98.63,0.15,3.9000000000000004,0,0,0,1,19.200000000000003,94.14,963,0,0,0,0,20.200000000000003,194,4.3
2018,8,26,3,30,83.77,0.15,3.8000000000000003,44,68,52,0,19.1,87.26,963,44,68,0,52,21.3,195,5.2
2018,8,26,4,30,69.11,0.15,3.8000000000000003,130,394,271,0,18.3,72.45,964,130,394,0,271,23.5,194,6
2018,8,26,5,30,54.38,0.15,3.8000000000000003,172,581,511,0,17.400000000000002,59.58,964,172,581,0,511,25.900000000000002,195,6.2
2018,8,26,6,30,39.71,0.15,3.8000000000000003,193,689,723,0,16.6,49.13,963,193,689,0,723,28.3,196,6.300000000000001
2018,8,26,7,30,25.23,0.15,3.7,202,752,883,0,15.600000000000001,41.01,962,202,752,0,883,30.3,198,6.4
2018,8,26,8,30,11.790000000000001,0.15,3.7,202,784,970,0,14.5,34.71,960,202,784,0,970,32,200,6.5
2018,8,26,9,30,9.19,0.15,3.7,142,872,1004,0,13.600000000000001,30.5,959,142,872,0,1004,33.2,202,6.6000000000000005
2018,8,26,10,30,21.75,0.15,3.6,141,856,935,7,12.9,28.39,958,418,255,0,655,33.7,202,6.7
2018,8,26,11,30,36.11,0.15,3.6,135,814,793,3,12.5,27.78,957,363,15,0,375,33.6,200,6.7
2018,8,26,12,30,50.76,0.15,3.6,187,595,563,4,12.3,28.71,957,197,0,0,198,32.800000000000004,195,6.6000000000000005
2018,8,26,13,30,65.49,0.15,3.7,151,421,325,3,12.3,31.32,957,128,0,0,128,31.3,188,6.5
2018,8,26,14,30,80.2,0.15,3.7,74,129,96,3,12.700000000000001,36.32,958,5,0,0,5,29.200000000000003,178,6.300000000000001
2018,8,26,15,30,95.03,0.15,3.8000000000000003,0,0,0,3,13.8,44.33,959,0,0,0,0,27,170,6.5
2018,8,26,16,30,109.72,0.15,3.9000000000000004,0,0,0,4,15.4,54.47,960,0,0,0,0,25.200000000000003,168,6.7
2018,8,26,17,30,124.3,0.15,4,0,0,0,3,16.7,64.79,961,0,0,0,0,23.700000000000003,170,6.5
2018,8,26,18,30,138.65,0.15,4,0,0,0,8,17.400000000000002,72.15,961,0,0,0,0,22.700000000000003,172,5.9
2018,8,26,19,30,152.38,0.15,4,0,0,0,7,18,77.91,962,0,0,0,0,22,175,5.4
2018,8,26,20,30,163.79,0.15,4,0,0,0,8,18.5,82.94,961,0,0,0,0,21.5,178,5.2
2018,8,26,21,30,165.56,0.15,3.9000000000000004,0,0,0,3,18.900000000000002,87.47,961,0,0,0,0,21.1,182,5
2018,8,26,22,30,155.49,0.15,3.8000000000000003,0,0,0,3,19.200000000000003,89.97,961,0,0,0,0,20.900000000000002,187,4.7
2018,8,26,23,30,142.06,0.15,3.7,0,0,0,0,19.3,91.38,961,0,0,0,0,20.8,191,4.4
2018,8,27,0,30,127.81,0.14,3.6,0,0,0,1,19.400000000000002,92.8,961,0,0,0,0,20.6,194,4.2
2018,8,27,1,30,113.26,0.14,3.5,0,0,0,1,19.400000000000002,93.31,961,0,0,0,0,20.5,196,3.9000000000000004
2018,8,27,2,30,98.58,0.14,3.5,0,0,0,1,19.400000000000002,93.47,962,0,0,0,0,20.5,198,3.9000000000000004
2018,8,27,3,30,83.72,0.14,3.6,44,48,49,3,19.3,87.89,963,47,0,7,47,21.400000000000002,200,4.9
2018,8,27,4,30,69.03,0.14,3.6,141,354,268,1,18.6,75.06,963,141,354,0,268,23.3,201,5.9
2018,8,27,5,30,54.29,0.14,3.6,188,547,507,0,18,63.04,963,188,547,0,507,25.5,201,6.2
2018,8,27,6,30,39.59,0.14,3.7,184,706,728,0,17.3,54.19,963,184,706,0,728,27.400000000000002,202,6.4
2018,8,27,7,30,25.080000000000002,0.14,3.7,194,765,886,0,16.6,46.95,962,194,765,0,886,29.1,204,6.5
2018,8,27,8,30,11.53,0.14,3.7,194,798,976,0,15.8,41.2,961,194,798,0,976,30.5,205,6.6000000000000005
2018,8,27,9,30,8.96,0.14,3.7,202,790,982,0,15.100000000000001,36.67,960,202,790,0,982,31.700000000000003,206,6.6000000000000005
2018,8,27,10,30,21.71,0.14,3.7,193,777,915,3,14.600000000000001,34.4,958,417,11,0,427,32.300000000000004,205,6.7
2018,8,27,11,30,36.13,0.14,3.7,177,741,775,3,14.5,33.76,958,194,0,0,195,32.5,202,6.800000000000001
2018,8,27,12,30,50.81,0.14,3.8000000000000003,154,666,575,3,14.600000000000001,35.13,957,84,0,0,84,31.900000000000002,198,6.800000000000001
2018,8,27,13,30,65.55,0.14,3.8000000000000003,121,528,339,3,14.9,38.78,957,31,0,0,31,30.5,192,6.7
2018,8,27,14,30,80.28,0.14,3.8000000000000003,64,232,103,3,15.3,43.88,958,34,0,7,34,28.8,184,6.4
2018,8,27,15,30,95.12,0.14,3.7,0,0,0,3,15.700000000000001,49.99,959,0,0,0,0,27,176,6.4
2018,8,27,16,30,109.83,0.14,3.7,0,0,0,0,16.1,56.68,960,0,0,0,0,25.3,172,6.6000000000000005
2018,8,27,17,30,124.44,0.14,3.7,0,0,0,0,16.5,64.59,961,0,0,0,0,23.6,172,6.300000000000001
2018,8,27,18,30,138.82,0.14,3.6,0,0,0,0,17,71.68,961,0,0,0,0,22.400000000000002,174,5.9
2018,8,27,19,30,152.6,0.14,3.5,0,0,0,0,17.6,77.81,961,0,0,0,0,21.6,175,5.5
2018,8,27,20,30,164.12,0.14,3.4000000000000004,0,0,0,0,18.1,83.28,961,0,0,0,0,21,178,5.2
2018,8,27,21,30,165.85,0.14,3.3000000000000003,0,0,0,0,18.400000000000002,87.24,961,0,0,0,0,20.6,181,4.9
2018,8,27,22,30,155.61,0.14,3.2,0,0,0,0,18.6,89.81,961,0,0,0,0,20.3,184,4.7
2018,8,27,23,30,142.11,0.14,3.2,0,0,0,0,18.6,91.3,961,0,0,0,0,20.1,187,4.4
2018,8,28,0,30,127.81,0.14,3.2,0,0,0,0,18.7,92.7,961,0,0,0,0,19.900000000000002,191,4.1000000000000005
2018,8,28,1,30,113.24000000000001,0.14,3.2,0,0,0,0,18.8,94.27,961,0,0,0,0,19.700000000000003,195,3.8000000000000003
2018,8,28,2,30,98.54,0.14,3.3000000000000003,0,0,0,0,18.8,93.94,962,0,0,0,0,19.8,198,3.9000000000000004
2018,8,28,3,30,83.66,0.14,3.3000000000000003,44,109,56,1,18.7,86.4,962,44,109,0,56,21.1,199,4.9
2018,8,28,4,30,68.96000000000001,0.14,3.4000000000000004,116,457,280,1,18,71.71000000000001,963,116,457,0,280,23.400000000000002,199,5.9
2018,8,28,5,30,54.2,0.14,3.4000000000000004,154,630,523,3,17.1,58.29,963,330,162,0,425,25.900000000000002,200,6.300000000000001
2018,8,28,6,30,39.480000000000004,0.14,3.5,180,715,732,0,16,47.44,963,180,715,0,732,28.200000000000003,201,6.4
2018,8,28,7,30,24.92,0.14,3.7,205,748,884,0,14.8,39.72,962,205,748,0,884,30,202,6.5
2018,8,28,8,30,11.26,0.14,3.8000000000000003,223,757,965,0,14.100000000000001,35.39,961,223,757,0,965,31.200000000000003,205,6.5
2018,8,28,9,30,8.74,0.14,3.8000000000000003,189,806,985,0,13.9,33.14,959,189,806,0,985,32.1,208,6.5
2018,8,28,10,30,21.68,0.14,3.9000000000000004,187,781,913,0,13.9,32.36,958,187,781,0,913,32.6,208,6.5
2018,8,28,11,30,36.15,0.14,3.9000000000000004,183,729,771,7,14.100000000000001,33.06,958,293,521,7,713,32.4,205,6.300000000000001
2018,8,28,12,30,50.85,0.14,4,168,635,568,7,14.3,35.06,957,293,266,7,461,31.6,199,6.2
2018,8,28,13,30,65.62,0.14,4,139,461,329,3,14.700000000000001,38.78,958,113,0,0,113,30.3,190,6.1000000000000005
2018,8,28,14,30,80.36,0.14,4.1000000000000005,70,156,96,3,15.3,44.13,959,7,0,0,7,28.700000000000003,181,6.1000000000000005
2018,8,28,15,30,95.22,0.14,4.1000000000000005,0,0,0,3,15.9,50.01,959,0,0,0,0,27.200000000000003,175,6.4
2018,8,28,16,30,109.95,0.14,4.1000000000000005,0,0,0,3,16.400000000000002,56.9,960,0,0,0,0,25.6,175,6.7
2018,8,28,17,30,124.58,0.14,4.1000000000000005,0,0,0,1,17,64.12,961,0,0,0,0,24.200000000000003,179,6.7
2018,8,28,18,30,138.99,0.14,4.1000000000000005,0,0,0,0,17.5,70.95,962,0,0,0,0,23.1,182,6.4
2018,8,28,19,30,152.82,0.14,4,0,0,0,0,18,75.79,962,0,0,0,0,22.5,185,6.1000000000000005
2018,8,28,20,30,164.45000000000002,0.14,3.9000000000000004,0,0,0,3,18.400000000000002,80.38,961,0,0,0,0,21.900000000000002,190,5.7
2018,8,28,21,30,166.14000000000001,0.14,3.8000000000000003,0,0,0,0,18.6,83.81,961,0,0,0,0,21.5,195,5.4
2018,8,28,22,30,155.73,0.14,3.8000000000000003,0,0,0,0,18.900000000000002,87.10000000000001,961,0,0,0,0,21.1,198,5
2018,8,28,23,30,142.14000000000001,0.14,3.8000000000000003,0,0,0,0,19.1,89.81,961,0,0,0,0,20.8,201,4.800000000000001
2018,8,29,0,30,127.81,0.14,3.8000000000000003,0,0,0,3,19.3,92.03,961,0,0,0,0,20.6,205,4.6000000000000005
2018,8,29,1,30,113.21000000000001,0.14,3.8000000000000003,0,0,0,5,19.400000000000002,93.39,961,0,0,0,0,20.5,208,4.5
2018,8,29,2,30,98.5,0.14,3.8000000000000003,0,0,0,3,19.5,93.27,962,0,0,0,0,20.6,207,4.7
2018,8,29,3,30,83.60000000000001,0.14,3.8000000000000003,45,100,56,3,19.400000000000002,86.73,962,47,1,7,47,21.700000000000003,204,5.7
2018,8,29,4,30,68.88,0.14,3.8000000000000003,121,438,279,3,18.7,73.77,963,129,2,0,130,23.700000000000003,201,6.7
2018,8,29,5,30,54.11,0.14,3.8000000000000003,159,617,521,3,18,61.22,963,262,18,0,272,26,200,7.1000000000000005
2018,8,29,6,30,39.36,0.14,3.8000000000000003,181,713,732,0,17.3,51.26,963,181,713,0,732,28.3,200,7.300000000000001
2018,8,29,7,30,24.77,0.14,3.9000000000000004,197,759,886,3,16.900000000000002,44.230000000000004,962,462,84,0,539,30.400000000000002,201,7.5
2018,8,29,8,30,11,0.14,3.9000000000000004,209,777,971,3,16.3,38.81,961,500,98,0,595,32.1,202,7.5
2018,8,29,9,30,8.53,0.14,4,214,773,978,3,15.9,36.1,959,313,1,0,313,32.9,202,7.6000000000000005
2018,8,29,10,30,21.650000000000002,0.14,4,211,748,907,3,15.8,36.26,958,133,0,0,133,32.7,201,7.6000000000000005
2018,8,29,11,30,36.18,0.14,4.1000000000000005,199,699,763,5,15.9,38.03,958,86,0,0,86,32,197,7.7
2018,8,29,12,30,50.910000000000004,0.14,4.1000000000000005,180,607,563,4,16,40.95,958,43,0,0,43,30.8,193,7.7
2018,8,29,13,30,65.69,0.14,4.1000000000000005,144,443,327,4,16,44.82,958,14,0,0,14,29.200000000000003,189,7.5
2018,8,29,14,30,80.44,0.14,4,71,150,96,3,15.8,49.01,959,20,0,7,20,27.5,184,7.300000000000001
2018,8,29,15,30,95.32000000000001,0.14,3.9000000000000004,0,0,0,5,15.5,52.230000000000004,960,0,0,0,0,26.1,180,7.300000000000001
2018,8,29,16,30,110.06,0.14,3.9000000000000004,0,0,0,4,15.4,55.79,961,0,0,0,0,24.8,178,7.300000000000001
2018,8,29,17,30,124.71000000000001,0.14,3.8000000000000003,0,0,0,4,15.700000000000001,61.7,962,0,0,0,0,23.5,179,6.800000000000001
2018,8,29,18,30,139.16,0.14,3.8000000000000003,0,0,0,5,16.6,69.27,963,0,0,0,0,22.5,182,6.2
2018,8,29,19,30,153.05,0.14,3.7,0,0,0,3,17.400000000000002,76.64,963,0,0,0,0,21.700000000000003,187,5.6000000000000005
2018,8,29,20,30,164.78,0.14,3.8000000000000003,0,0,0,3,17.900000000000002,81.69,962,0,0,0,0,21.200000000000003,193,5.2
2018,8,29,21,30,166.43,0.14,3.8000000000000003,0,0,0,3,18.3,84.96000000000001,962,0,0,0,0,20.900000000000002,199,5
2018,8,29,22,30,155.84,0.14,3.8000000000000003,0,0,0,2,18.5,87.10000000000001,961,0,0,0,0,20.700000000000003,206,4.7
2018,8,29,23,30,142.18,0.14,3.9000000000000004,0,0,0,0,18.6,89.14,961,0,0,0,0,20.5,211,4.4
2018,8,30,0,30,127.81,0.14,3.9000000000000004,0,0,0,0,18.8,90.60000000000001,962,0,0,0,0,20.400000000000002,214,4.2
2018,8,30,1,30,113.19,0.14,4,0,0,0,1,18.900000000000002,91.28,962,0,0,0,0,20.400000000000002,214,4.2
2018,8,30,2,30,98.45,0.14,4.1000000000000005,0,0,0,1,19.1,90.86,962,0,0,0,0,20.6,211,4.4
2018,8,30,3,30,83.54,0.14,4.1000000000000005,45,38,49,3,19.200000000000003,87.53,963,47,0,7,47,21.400000000000002,206,5
2018,8,30,4,30,68.81,0.14,4.1000000000000005,148,335,269,3,19.3,78.22,963,67,0,0,67,23.3,199,6.1000000000000005
2018,8,30,5,30,54.01,0.14,4.1000000000000005,184,556,511,1,18.6,64.73,963,184,556,0,511,25.700000000000003,196,6.800000000000001
2018,8,30,6,30,39.25,0.14,4.1000000000000005,199,679,725,3,17.900000000000002,54.160000000000004,963,232,0,0,232,28,195,7
2018,8,30,7,30,24.61,0.14,4.1000000000000005,205,745,883,3,17.400000000000002,46.74,962,447,56,0,498,30,195,7.1000000000000005
2018,8,30,8,30,10.74,0.14,4.1000000000000005,207,777,971,3,16.900000000000002,41.57,961,453,18,0,470,31.5,196,7.1000000000000005
2018,8,30,9,30,8.33,0.14,4.1000000000000005,203,786,981,3,16.400000000000002,38.61,959,274,0,0,274,32.300000000000004,197,7.1000000000000005
2018,8,30,10,30,21.63,0.14,4,195,772,913,3,16.1,37.19,958,325,1,0,326,32.6,197,7.1000000000000005
2018,8,30,11,30,36.2,0.14,4.1000000000000005,185,723,769,4,15.9,38.04,958,181,0,0,181,32,194,7
2018,8,30,12,30,50.96,0.14,4.1000000000000005,169,631,566,4,16,41.59,958,137,0,0,137,30.5,189,7.1000000000000005
2018,8,30,13,30,65.76,0.14,4.1000000000000005,139,460,328,7,16.1,46.87,958,48,0,0,48,28.6,184,7
2018,8,30,14,30,80.53,0.14,4,70,144,94,4,16.2,51.96,959,4,0,0,4,26.900000000000002,178,6.9
2018,8,30,15,30,95.42,0.14,3.9000000000000004,0,0,0,4,16,55.61,960,0,0,0,0,25.5,172,6.9
2018,8,30,16,30,110.18,0.14,3.8000000000000003,0,0,0,3,15.700000000000001,58.56,961,0,0,0,0,24.3,170,6.9
2018,8,30,17,30,124.85000000000001,0.14,3.7,0,0,0,3,15.700000000000001,63.980000000000004,962,0,0,0,0,22.900000000000002,172,6.6000000000000005
2018,8,30,18,30,139.33,0.14,3.6,0,0,0,3,16.3,71,963,0,0,0,0,21.8,176,6.1000000000000005
2018,8,30,19,30,153.27,0.14,3.4000000000000004,0,0,0,1,17,77.92,963,0,0,0,0,21,181,5.5
2018,8,30,20,30,165.11,0.14,3.4000000000000004,0,0,0,0,17.5,82.23,962,0,0,0,0,20.6,185,5.2
2018,8,30,21,30,166.72,0.14,3.3000000000000003,0,0,0,3,17.5,84.17,961,0,0,0,0,20.3,187,5.1000000000000005
2018,8,30,22,30,155.95000000000002,0.14,3.4000000000000004,0,0,0,0,17.400000000000002,84.2,961,0,0,0,0,20.200000000000003,188,4.9
2018,8,30,23,30,142.21,0.14,3.4000000000000004,0,0,0,3,17.400000000000002,84.37,961,0,0,0,0,20.1,189,4.6000000000000005
2018,8,31,0,30,127.8,0.14,3.4000000000000004,0,0,0,5,17.3,84.54,961,0,0,0,0,20,191,4.3
2018,8,31,1,30,113.16,0.14,3.4000000000000004,0,0,0,3,17.3,85.55,962,0,0,0,0,19.8,193,4
2018,8,31,2,30,98.4,0.14,3.4000000000000004,0,0,0,8,17.3,84.88,962,0,0,0,0,19.900000000000002,195,4
2018,8,31,3,30,83.48,0.14,3.4000000000000004,47,93,57,3,17.2,78.64,963,55,4,7,55,21.1,195,4.800000000000001
2018,8,31,4,30,68.73,0.14,3.4000000000000004,125,435,283,3,16.5,65.19,964,204,50,0,222,23.400000000000002,194,5.800000000000001
2018,8,31,5,30,53.92,0.14,3.4000000000000004,156,631,527,8,15.600000000000001,53.58,964,258,366,0,473,25.700000000000003,194,6.1000000000000005
2018,8,31,6,30,39.13,0.14,3.4000000000000004,168,742,744,3,14.8,44.72,963,437,180,0,576,27.900000000000002,197,6.2
2018,8,31,7,30,24.46,0.14,3.4000000000000004,172,805,904,0,13.9,37.96,962,172,805,0,904,29.8,201,6.300000000000001
2018,8,31,8,30,10.49,0.14,3.4000000000000004,168,839,993,0,13.100000000000001,32.67,961,168,839,0,993,31.5,203,6.300000000000001
2018,8,31,9,30,8.14,0.14,3.4000000000000004,123,903,1017,0,12.5,29.36,959,123,903,0,1017,32.7,202,6.2
2018,8,31,10,30,21.62,0.14,3.4000000000000004,120,890,947,0,12.200000000000001,28.01,958,120,890,0,947,33.2,200,6.2
2018,8,31,11,30,36.24,0.14,3.4000000000000004,116,851,802,0,12.200000000000001,28.48,958,116,851,0,802,32.800000000000004,197,6.1000000000000005
2018,8,31,12,30,51.02,0.14,3.4000000000000004,119,749,591,3,12.200000000000001,30.3,958,245,3,0,247,31.700000000000003,193,6
2018,8,31,13,30,65.83,0.14,3.4000000000000004,97,612,348,3,12.3,32.910000000000004,958,109,0,0,109,30.400000000000002,188,6
2018,8,31,14,30,80.62,0.14,3.4000000000000004,54,306,104,3,12.5,36.92,959,6,0,0,6,28.700000000000003,182,6
2018,8,31,15,30,95.52,0.14,3.4000000000000004,0,0,0,0,13,42.58,959,0,0,0,0,26.8,174,5.9
2018,8,31,16,30,110.3,0.14,3.4000000000000004,0,0,0,3,13.9,50.370000000000005,960,0,0,0,0,24.900000000000002,170,6.1000000000000005
2018,8,31,17,30,124.99000000000001,0.14,3.4000000000000004,0,0,0,0,15,59.620000000000005,961,0,0,0,0,23.3,171,6.2
2018,8,31,18,30,139.49,0.14,3.4000000000000004,0,0,0,0,16,68.36,962,0,0,0,0,22.1,174,5.800000000000001
2018,8,31,19,30,153.49,0.14,3.4000000000000004,0,0,0,0,16.7,74.8,962,0,0,0,0,21.400000000000002,177,5.2
2018,8,31,20,30,165.44,0.14,3.4000000000000004,0,0,0,0,17.3,80.60000000000001,962,0,0,0,0,20.8,180,4.800000000000001
2018,8,31,21,30,167,0.14,3.3000000000000003,0,0,0,0,17.8,84.99,961,0,0,0,0,20.400000000000002,184,4.6000000000000005
2018,8,31,22,30,156.05,0.14,3.3000000000000003,0,0,0,0,18.1,87.75,961,0,0,0,0,20.200000000000003,188,4.3
2018,8,31,23,30,142.24,0.14,3.3000000000000003,0,0,0,0,18.3,89.92,961,0,0,0,0,20,191,4
2018,9,1,0,30,127.79,0.14,3.4000000000000004,0,0,0,0,18.400000000000002,91.22,961,0,0,0,0,19.900000000000002,193,3.8000000000000003
2018,9,1,1,30,113.12,0.14,3.4000000000000004,0,0,0,0,18.6,93.11,962,0,0,0,0,19.700000000000003,195,3.7
2018,9,1,2,30,98.35000000000001,0.14,3.4000000000000004,0,0,0,0,18.6,93.06,962,0,0,0,0,19.8,197,3.8000000000000003
2018,9,1,3,30,83.41,0.14,3.4000000000000004,42,203,65,0,18.7,85.74,963,42,203,0,65,21.200000000000003,198,4.9
2018,9,1,4,30,68.65,0.14,3.4000000000000004,92,566,298,3,18.1,71.45,963,194,40,0,208,23.6,197,6.1000000000000005
2018,9,1,5,30,53.83,0.14,3.5,118,722,544,0,17.2,58.03,963,118,722,0,544,26.1,197,6.5
2018,9,1,6,30,39.02,0.14,3.6,135,798,755,0,16.3,47.730000000000004,963,135,798,0,755,28.5,198,6.5
2018,9,1,7,30,24.32,0.14,3.7,150,832,909,0,15.600000000000001,40.56,962,150,832,0,909,30.5,198,6.5
2018,9,1,8,30,10.24,0.14,3.7,166,840,992,0,15.100000000000001,36.22,961,166,840,0,992,31.900000000000002,199,6.5
2018,9,1,9,30,7.96,0.14,3.8000000000000003,162,846,1000,0,14.8,34.33,960,162,846,0,1000,32.5,199,6.4
2018,9,1,10,30,21.62,0.14,3.9000000000000004,172,808,923,3,14.600000000000001,34.58,959,501,152,0,643,32.2,198,6.4
2018,9,1,11,30,36.28,0.14,3.9000000000000004,166,759,778,3,14.600000000000001,36.03,958,409,89,0,481,31.5,197,6.300000000000001
2018,9,1,12,30,51.08,0.14,3.9000000000000004,148,678,574,3,14.8,38,958,234,2,0,236,30.700000000000003,194,6.300000000000001
2018,9,1,13,30,65.91,0.14,3.9000000000000004,118,529,334,3,14.9,41.01,958,63,0,0,63,29.5,190,6.2
2018,9,1,14,30,80.7,0.14,3.9000000000000004,62,217,97,3,14.9,44.96,959,5,0,0,5,28,184,6.1000000000000005
2018,9,1,15,30,95.62,0.14,3.8000000000000003,0,0,0,3,14.9,49.08,960,0,0,0,0,26.5,178,6.300000000000001
2018,9,1,16,30,110.42,0.14,3.7,0,0,0,3,14.9,53.59,960,0,0,0,0,25,175,6.5
2018,9,1,17,30,125.13000000000001,0.14,3.7,0,0,0,7,15.200000000000001,59.74,961,0,0,0,0,23.5,175,6.300000000000001
2018,9,1,18,30,139.66,0.14,3.6,0,0,0,7,15.9,66.97,962,0,0,0,0,22.3,177,5.800000000000001
2018,9,1,19,30,153.72,0.14,3.6,0,0,0,7,16.6,73.73,962,0,0,0,0,21.5,179,5.2
2018,9,1,20,30,165.77,0.14,3.5,0,0,0,7,17.2,79.5,962,0,0,0,0,20.900000000000002,182,4.6000000000000005
2018,9,1,21,30,167.28,0.14,3.5,0,0,0,7,17.6,83.10000000000001,962,0,0,0,0,20.6,187,4.4
2018,9,1,22,30,156.15,0.14,3.5,0,0,0,7,17.8,85.26,961,0,0,0,0,20.400000000000002,191,4.2
2018,9,1,23,30,142.26,0.14,3.5,0,0,0,1,18,86.96000000000001,961,0,0,0,0,20.200000000000003,195,4
2018,9,2,0,30,127.78,0.14,3.5,0,0,0,0,18,88.27,961,0,0,0,0,20,197,3.7
2018,9,2,1,30,113.09,0.14,3.5,0,0,0,0,18.1,89.74,962,0,0,0,0,19.8,198,3.3000000000000003
2018,9,2,2,30,98.3,0.14,3.5,0,0,0,0,18.1,89.93,962,0,0,0,0,19.8,199,3.4000000000000004
2018,9,2,3,30,83.35000000000001,0.14,3.4000000000000004,45,156,64,1,18.1,82.87,963,45,156,0,64,21.1,198,4.4
2018,9,2,4,30,68.58,0.14,3.3000000000000003,103,525,295,1,17.400000000000002,69.27,963,103,525,0,295,23.3,195,5.4
2018,9,2,5,30,53.74,0.14,3.3000000000000003,126,709,545,0,16.400000000000002,56.88,964,126,709,0,545,25.6,194,5.800000000000001
2018,9,2,6,30,38.910000000000004,0.14,3.2,137,805,763,0,15.4,46.62,963,137,805,0,763,27.900000000000002,194,5.9
2018,9,2,7,30,24.17,0.14,3.2,143,855,923,0,14.5,38.65,962,143,855,0,923,30.1,195,6.1000000000000005
2018,9,2,8,30,9.99,0.14,3.2,144,878,1009,0,13.600000000000001,32.92,961,144,878,0,1009,31.900000000000002,196,6.2
2018,9,2,9,30,7.79,0.14,3.2,124,909,1024,0,12.9,29.17,959,124,909,0,1024,33.2,197,6.300000000000001
2018,9,2,10,30,21.62,0.14,3.2,120,896,952,0,12.5,27.580000000000002,958,120,896,0,952,33.800000000000004,197,6.300000000000001
2018,9,2,11,30,36.32,0.14,3.3000000000000003,112,861,805,2,12.5,27.66,957,435,160,0,564,33.7,195,6.300000000000001
2018,9,2,12,30,51.14,0.14,3.3000000000000003,111,769,594,3,12.700000000000001,29.25,957,243,3,0,245,32.9,191,6.300000000000001
2018,9,2,13,30,65.99,0.14,3.4000000000000004,95,616,346,3,13,32.55,957,106,0,0,107,31.400000000000002,185,6.2
2018,9,2,14,30,80.79,0.14,3.5,54,291,101,3,13.5,37.82,958,8,0,0,8,29.400000000000002,177,6.2
2018,9,2,15,30,95.73,0.14,3.6,0,0,0,3,14.4,44.57,959,0,0,0,0,27.5,169,6.4
2018,9,2,16,30,110.54,0.14,3.6,0,0,0,3,15.5,53.34,960,0,0,0,0,25.700000000000003,166,6.7
2018,9,2,17,30,125.27,0.14,3.6,0,0,0,0,16.7,63.68,961,0,0,0,0,24,167,6.5
2018,9,2,18,30,139.83,0.14,3.5,0,0,0,0,17.6,72.46000000000001,961,0,0,0,0,22.8,170,5.9
2018,9,2,19,30,153.94,0.14,3.3000000000000003,0,0,0,0,18.2,79.74,961,0,0,0,0,21.900000000000002,173,5.4
2018,9,2,20,30,166.11,0.14,3.2,0,0,0,8,18.8,85.96000000000001,961,0,0,0,0,21.200000000000003,177,5
2018,9,2,21,30,167.56,0.14,3.2,0,0,0,1,19.1,89.95,960,0,0,0,0,20.8,181,4.6000000000000005
2018,9,2,22,30,156.24,0.14,3.2,0,0,0,0,19.3,92.99,960,0,0,0,0,20.5,185,4
2018,9,2,23,30,142.28,0.14,3.2,0,0,0,0,19.5,95.4,960,0,0,0,0,20.3,189,3.4000000000000004
2018,9,3,0,30,127.77,0.16,3.3000000000000003,0,0,0,1,19.700000000000003,96.85000000000001,960,0,0,0,0,20.200000000000003,194,3.1
2018,9,3,1,30,113.05,0.16,3.3000000000000003,0,0,0,0,19.8,97.31,960,0,0,0,0,20.200000000000003,197,2.8000000000000003
2018,9,3,2,30,98.25,0.16,3.3000000000000003,0,0,0,3,19.8,95.86,961,0,0,0,0,20.5,200,3.1
2018,9,3,3,30,83.28,0.16,3.4000000000000004,42,217,67,4,19.8,89.26,961,45,1,7,45,21.6,201,4.3
2018,9,3,4,30,68.5,0.16,3.4000000000000004,88,590,305,3,19.200000000000003,76.62,962,107,0,0,107,23.5,201,5.300000000000001
2018,9,3,5,30,53.64,0.16,3.4000000000000004,111,748,554,3,18.5,64.55,962,287,44,0,313,25.700000000000003,201,5.5
2018,9,3,6,30,38.800000000000004,0.16,3.4000000000000004,123,829,770,3,18,54.79,961,390,90,0,460,27.900000000000002,201,5.6000000000000005
2018,9,3,7,30,24.03,0.16,3.5,130,873,927,3,17.3,47.2,960,494,187,0,665,29.8,202,5.7
2018,9,3,8,30,9.75,0.16,3.5,133,893,1013,0,16.7,41.62,959,133,893,0,1013,31.3,204,5.7
2018,9,3,9,30,7.640000000000001,0.16,3.7,126,902,1020,1,16.1,38.06,958,126,902,0,1020,32.2,206,5.7
2018,9,3,10,30,21.63,0.16,3.8000000000000003,122,886,946,0,15.700000000000001,36.410000000000004,957,122,886,0,946,32.5,207,5.5
2018,9,3,11,30,36.37,0.16,3.9000000000000004,115,849,799,1,15.600000000000001,36.660000000000004,957,115,849,0,799,32.300000000000004,206,5.4
2018,9,3,12,30,51.21,0.16,4,104,780,592,3,15.9,39.050000000000004,957,289,46,0,318,31.5,202,5.300000000000001
2018,9,3,13,30,66.07000000000001,0.16,4.1000000000000005,84,652,348,3,16.400000000000002,42.81,957,22,0,0,22,30.400000000000002,195,5.2
2018,9,3,14,30,80.89,0.16,4.1000000000000005,47,358,104,0,16.8,47.56,958,47,358,0,104,29.1,186,5.2
2018,9,3,15,30,95.83,0.16,4,0,0,0,0,17.2,52.35,958,0,0,0,0,27.8,177,5.300000000000001
2018,9,3,16,30,110.66,0.16,3.9000000000000004,0,0,0,3,17.3,57.2,959,0,0,0,0,26.5,172,5.6000000000000005
2018,9,3,17,30,125.41,0.16,3.8000000000000003,0,0,0,0,17.7,63.39,960,0,0,0,0,25.1,171,5.6000000000000005
2018,9,3,18,30,140,0.16,3.6,0,0,0,0,18.2,71.8,961,0,0,0,0,23.6,172,5.300000000000001
2018,9,3,19,30,154.16,0.16,3.5,0,0,0,0,18.8,79.84,961,0,0,0,0,22.5,175,5
2018,9,3,20,30,166.44,0.16,3.3000000000000003,0,0,0,0,19.400000000000002,86.08,961,0,0,0,0,21.8,179,4.7
2018,9,3,21,30,167.83,0.16,3.2,0,0,0,0,19.6,89.72,961,0,0,0,0,21.400000000000002,181,4.4
2018,9,3,22,30,156.33,0.16,3.2,0,0,0,0,19.700000000000003,91.91,960,0,0,0,0,21.1,183,4.1000000000000005
2018,9,3,23,30,142.3,0.16,3.2,0,0,0,0,19.8,93.5,960,0,0,0,0,20.900000000000002,184,3.6
2018,9,4,0,30,127.75,0.16,3.2,0,0,0,0,20,95.67,961,0,0,0,0,20.700000000000003,184,3
2018,9,4,1,30,113.01,0.16,3.2,0,0,0,0,20.200000000000003,97.9,961,0,0,0,0,20.5,185,2.8000000000000003
2018,9,4,2,30,98.2,0.16,3.2,0,0,0,0,20.3,96.94,962,0,0,0,0,20.8,185,3.1
2018,9,4,3,30,83.22,0.16,3.3000000000000003,37,288,71,3,20.400000000000002,89.35000000000001,962,43,1,7,44,22.200000000000003,184,4.1000000000000005
2018,9,4,4,30,68.42,0.16,3.4000000000000004,77,637,312,3,19.900000000000002,74.45,963,177,18,0,184,24.700000000000003,181,4.800000000000001
2018,9,4,5,30,53.550000000000004,0.16,3.5,99,777,560,3,19.1,60.99,963,244,8,0,249,27.3,179,5.1000000000000005
2018,9,4,6,30,38.69,0.16,3.5,111,850,775,0,18.6,51.51,963,111,850,0,775,29.6,178,5.2
2018,9,4,7,30,23.89,0.16,3.6,117,890,931,2,18.1,44.94,962,488,183,0,655,31.5,177,5.2
2018,9,4,8,30,9.52,0.16,3.7,117,912,1016,3,17.6,39.86,961,474,150,0,622,33,176,5.2
2018,9,4,9,30,7.51,0.16,3.8000000000000003,121,906,1020,3,17.1,36.96,960,527,222,0,747,33.800000000000004,174,5.2
2018,9,4,10,30,21.64,0.16,3.9000000000000004,120,889,945,3,16.7,35.97,959,478,152,0,619,33.9,171,5.300000000000001
2018,9,4,11,30,36.42,0.16,3.9000000000000004,114,851,798,1,16.6,36.63,959,114,851,0,798,33.4,167,5.4
2018,9,4,12,30,51.28,0.16,4,126,729,582,7,16.6,39.35,959,233,454,7,517,32.2,164,5.6000000000000005
2018,9,4,13,30,66.15,0.16,4.1000000000000005,100,590,339,0,17,44.19,959,100,590,0,339,30.6,161,5.7
2018,9,4,14,30,80.98,0.16,4.1000000000000005,53,291,98,0,17.400000000000002,49.7,960,53,291,0,98,29,158,5.800000000000001
2018,9,4,15,30,95.94,0.16,4,0,0,0,0,17.6,54.94,960,0,0,0,0,27.5,156,5.800000000000001
2018,9,4,16,30,110.78,0.16,3.8000000000000003,0,0,0,1,17.7,59.53,961,0,0,0,0,26.200000000000003,154,5.7
2018,9,4,17,30,125.54,0.16,3.7,0,0,0,0,17.900000000000002,65.48,962,0,0,0,0,24.8,155,5.5
2018,9,4,18,30,140.16,0.16,3.6,0,0,0,0,18.3,71.83,962,0,0,0,0,23.700000000000003,157,5.2
2018,9,4,19,30,154.37,0.16,3.5,0,0,0,3,18.900000000000002,79.05,962,0,0,0,0,22.700000000000003,159,4.9
2018,9,4,20,30,166.78,0.16,3.4000000000000004,0,0,0,3,19.400000000000002,85.28,962,0,0,0,0,22,161,4.6000000000000005
2018,9,4,21,30,168.1,0.16,3.3000000000000003,0,0,0,4,19.8,89.42,962,0,0,0,0,21.6,164,4.3
2018,9,4,22,30,156.41,0.16,3.3000000000000003,0,0,0,0,19.900000000000002,91.08,961,0,0,0,0,21.400000000000002,167,4
2018,9,4,23,30,142.31,0.16,3.2,0,0,0,0,20,92.04,962,0,0,0,0,21.3,169,3.7
2018,9,5,0,30,127.73,0.16,3.2,0,0,0,0,20,93.56,962,0,0,0,0,21.1,171,3.2
2018,9,5,1,30,112.97,0.16,3.2,0,0,0,0,20.200000000000003,96.27,963,0,0,0,0,20.8,174,2.6
2018,9,5,2,30,98.14,0.16,3.3000000000000003,0,0,0,0,20.3,96.48,963,0,0,0,0,20.900000000000002,179,2.6
2018,9,5,3,30,83.15,0.16,3.3000000000000003,40,261,71,1,20.3,88.32000000000001,964,40,261,0,71,22.3,184,3.5
2018,9,5,4,30,68.34,0.16,3.3000000000000003,82,623,312,1,19.6,73.29,965,82,623,0,312,24.700000000000003,185,4.4
2018,9,5,5,30,53.46,0.16,3.4000000000000004,103,770,562,2,18.900000000000002,60.63,965,326,107,0,389,27.200000000000003,185,4.5
2018,9,5,6,30,38.59,0.16,3.4000000000000004,120,837,775,3,18.400000000000002,50.57,964,378,52,0,419,29.700000000000003,186,4.6000000000000005
2018,9,5,7,30,23.76,0.16,3.4000000000000004,127,881,933,3,17.6,42.86,963,435,29,0,461,31.8,186,4.6000000000000005
2018,9,5,8,30,9.290000000000001,0.16,3.4000000000000004,129,902,1019,1,16.8,37.54,962,129,902,0,1019,33.2,187,4.6000000000000005
2018,9,5,9,30,7.390000000000001,0.16,3.4000000000000004,128,905,1025,3,16.1,34.38,961,486,61,0,547,34,187,4.6000000000000005
2018,9,5,10,30,21.66,0.16,3.5,123,890,950,3,15.600000000000001,32.76,960,490,161,0,640,34.300000000000004,185,4.5
2018,9,5,11,30,36.47,0.16,3.5,115,854,803,3,15.3,32.410000000000004,959,419,115,0,511,34.1,182,4.5
2018,9,5,12,30,51.35,0.16,3.6,103,786,594,1,15,33.5,959,103,786,0,594,33.2,178,4.6000000000000005
2018,9,5,13,30,66.23,0.16,3.6,83,658,348,0,15,36,959,83,658,0,348,31.900000000000002,173,4.7
2018,9,5,14,30,81.08,0.16,3.7,46,356,102,0,15.200000000000001,40.28,960,46,356,0,102,30.200000000000003,165,4.7
2018,9,5,15,30,96.05,0.16,3.6,0,0,0,0,15.600000000000001,44.99,961,0,0,0,0,28.700000000000003,158,5.2
2018,9,5,16,30,110.9,0.16,3.6,0,0,0,0,16,50.49,961,0,0,0,0,27.200000000000003,154,5.9
2018,9,5,17,30,125.68,0.16,3.5,0,0,0,0,16.6,58.4,962,0,0,0,0,25.400000000000002,154,6.1000000000000005
2018,9,5,18,30,140.33,0.16,3.4000000000000004,0,0,0,0,17.5,66.86,963,0,0,0,0,24,155,5.800000000000001
2018,9,5,19,30,154.59,0.16,3.3000000000000003,0,0,0,0,18.3,75.44,963,0,0,0,0,22.900000000000002,158,5.300000000000001
2018,9,5,20,30,167.11,0.16,3.1,0,0,0,0,19.1,82.71000000000001,962,0,0,0,0,22.200000000000003,160,4.9
2018,9,5,21,30,168.37,0.16,3,0,0,0,0,19.700000000000003,88.63,962,0,0,0,0,21.700000000000003,164,4.6000000000000005
2018,9,5,22,30,156.48,0.16,3,0,0,0,0,20.1,92.08,961,0,0,0,0,21.400000000000002,166,4.2
2018,9,5,23,30,142.32,0.16,2.9000000000000004,0,0,0,0,20.3,94.38,961,0,0,0,0,21.200000000000003,168,3.7
2018,9,6,0,30,127.71000000000001,0.16,3,0,0,0,0,20.400000000000002,95.97,962,0,0,0,0,21.1,171,3.3000000000000003
2018,9,6,1,30,112.93,0.16,3,0,0,0,0,20.5,97.82000000000001,962,0,0,0,0,20.900000000000002,173,3
2018,9,6,2,30,98.08,0.16,3,0,0,0,0,20.6,97.03,963,0,0,0,0,21.1,176,3.2
2018,9,6,3,30,83.09,0.16,3.1,36,324,76,3,20.6,88.77,963,44,1,7,44,22.5,178,4.2
2018,9,6,4,30,68.26,0.16,3.1,70,677,321,3,19.900000000000002,73.73,964,199,81,0,229,24.900000000000002,177,5.2
2018,9,6,5,30,53.370000000000005,0.16,3.2,87,814,572,3,19.1,60.49,964,314,76,0,359,27.400000000000002,178,5.4
2018,9,6,6,30,38.480000000000004,0.16,3.2,96,885,788,3,18.400000000000002,50.57,963,394,104,0,475,29.8,179,5.5
2018,9,6,7,30,23.63,0.16,3.3000000000000003,100,922,945,3,17.900000000000002,44.07,962,489,205,0,676,31.6,181,5.6000000000000005
2018,9,6,8,30,9.08,0.16,3.4000000000000004,100,941,1030,2,17.400000000000002,39.36,961,519,213,0,729,33,181,5.7
2018,9,6,9,30,7.29,0.16,3.5,102,939,1033,3,17,36.84,960,493,168,0,659,33.800000000000004,181,5.7
2018,9,6,10,30,21.69,0.16,3.6,100,922,957,3,16.8,35.86,959,481,166,0,635,34,179,5.7
2018,9,6,11,30,36.53,0.16,3.7,97,884,807,7,16.5,36.31,959,312,369,7,608,33.5,176,5.9
2018,9,6,12,30,51.42,0.16,3.9000000000000004,87,821,599,3,16.5,38.9,959,86,0,0,86,32.2,174,6.2
2018,9,6,13,30,66.32000000000001,0.16,3.9000000000000004,74,687,350,3,16.6,43.57,959,127,1,0,128,30.400000000000002,171,6.300000000000001
2018,9,6,14,30,81.17,0.16,3.9000000000000004,44,380,102,2,16.900000000000002,49.31,960,15,0,0,15,28.5,168,6.300000000000001
2018,9,6,15,30,96.16,0.16,3.9000000000000004,0,0,0,3,17,53.870000000000005,961,0,0,0,0,27.1,165,6.2
2018,9,6,16,30,111.02,0.16,3.8000000000000003,0,0,0,0,17,58.83,962,0,0,0,0,25.700000000000003,163,6.300000000000001
2018,9,6,17,30,125.82000000000001,0.16,3.6,0,0,0,0,17.5,65.35,962,0,0,0,0,24.400000000000002,163,6.2
2018,9,6,18,30,140.49,0.16,3.5,0,0,0,3,18.2,73.52,963,0,0,0,0,23.200000000000003,165,5.9
2018,9,6,19,30,154.8,0.16,3.3000000000000003,0,0,0,0,18.8,80.34,963,0,0,0,0,22.400000000000002,168,5.5
2018,9,6,20,30,167.44,0.16,3.2,0,0,0,0,19.200000000000003,85.2,962,0,0,0,0,21.8,172,5.1000000000000005
2018,9,6,21,30,168.63,0.16,3.1,0,0,0,0,19.3,88.04,962,0,0,0,0,21.400000000000002,175,4.800000000000001
2018,9,6,22,30,156.55,0.16,3,0,0,0,0,19.400000000000002,90.22,961,0,0,0,0,21.1,178,4.4
2018,9,6,23,30,142.33,0.16,3,0,0,0,0,19.5,91.71000000000001,961,0,0,0,0,20.900000000000002,179,4.2
2018,9,7,0,30,127.68,0.16,3,0,0,0,0,19.5,92.46000000000001,962,0,0,0,0,20.8,181,3.9000000000000004
2018,9,7,1,30,112.89,0.16,3,0,0,0,0,19.6,93.81,962,0,0,0,0,20.6,183,3.6
2018,9,7,2,30,98.03,0.16,3,0,0,0,0,19.6,94.23,963,0,0,0,0,20.6,186,3.6
2018,9,7,3,30,83.02,0.16,3,34,378,80,0,19.6,87.03,963,34,378,0,80,21.900000000000002,188,4.4
2018,9,7,4,30,68.18,0.16,3,64,712,328,0,19,71.96000000000001,964,64,712,0,328,24.400000000000002,186,5.2
2018,9,7,5,30,53.28,0.16,3.1,78,839,580,0,18.2,58.71,964,78,839,0,580,27,185,5.5
2018,9,7,6,30,38.38,0.16,3.1,87,904,796,0,17.400000000000002,48.57,963,87,904,0,796,29.400000000000002,184,5.6000000000000005
2018,9,7,7,30,23.5,0.16,3.2,92,938,951,1,16.7,41.03,962,92,938,0,951,31.5,185,5.7
2018,9,7,8,30,8.870000000000001,0.16,3.2,94,953,1036,0,15.9,35.68,961,94,953,0,1036,33.1,185,5.7
2018,9,7,9,30,7.2,0.16,3.2,91,958,1042,0,15.200000000000001,32.14,960,91,958,0,1042,34.2,185,5.6000000000000005
2018,9,7,10,30,21.73,0.16,3.3000000000000003,90,942,965,1,14.700000000000001,30.19,959,90,942,0,965,34.7,184,5.6000000000000005
2018,9,7,11,30,36.6,0.16,3.3000000000000003,86,910,816,2,14.3,29.96,958,429,184,0,578,34.4,181,5.6000000000000005
2018,9,7,12,30,51.5,0.16,3.4000000000000004,86,829,602,0,14.100000000000001,31.03,958,86,829,0,602,33.5,177,5.6000000000000005
2018,9,7,13,30,66.41,0.16,3.4000000000000004,72,700,352,2,14.100000000000001,34.01,959,178,15,0,184,31.900000000000002,173,5.6000000000000005
2018,9,7,14,30,81.27,0.16,3.4000000000000004,42,395,102,2,14.4,38.57,959,6,0,0,6,30,168,5.5
2018,9,7,15,30,96.26,0.16,3.4000000000000004,0,0,0,0,14.9,44.17,960,0,0,0,0,28.3,164,5.6000000000000005
2018,9,7,16,30,111.14,0.16,3.3000000000000003,0,0,0,0,15.9,51.96,961,0,0,0,0,26.6,162,5.9
2018,9,7,17,30,125.96000000000001,0.16,3.3000000000000003,0,0,0,0,17.2,61.43,962,0,0,0,0,25.1,162,5.9
2018,9,7,18,30,140.66,0.16,3.1,0,0,0,0,18.1,70.19,962,0,0,0,0,23.900000000000002,164,5.5
2018,9,7,19,30,155.02,0.16,3,0,0,0,0,18.8,77.87,962,0,0,0,0,22.900000000000002,167,5
2018,9,7,20,30,167.78,0.16,2.9000000000000004,0,0,0,0,19.400000000000002,84.77,962,0,0,0,0,22.1,171,4.6000000000000005
2018,9,7,21,30,168.88,0.16,2.8000000000000003,0,0,0,0,19.900000000000002,90.46000000000001,961,0,0,0,0,21.5,177,4.2
2018,9,7,22,30,156.61,0.16,2.8000000000000003,0,0,0,0,20.200000000000003,93.33,961,0,0,0,0,21.3,183,3.7
2018,9,7,23,30,142.33,0.16,2.7,0,0,0,0,20.3,95.4,961,0,0,0,0,21.1,188,3.4000000000000004
2018,9,8,0,30,127.65,0.16,2.7,0,0,0,0,20.400000000000002,96.2,961,0,0,0,0,21,193,3.1
2018,9,8,1,30,112.84,0.16,2.7,0,0,0,0,20.400000000000002,97.64,962,0,0,0,0,20.8,195,2.9000000000000004
2018,9,8,2,30,97.97,0.16,2.8000000000000003,0,0,0,0,20.400000000000002,97.13,962,0,0,0,0,20.900000000000002,196,3.2
2018,9,8,3,30,82.95,0.16,2.8000000000000003,32,404,82,1,20.400000000000002,89.67,963,32,404,0,82,22.200000000000003,195,4.2
2018,9,8,4,30,68.11,0.16,2.8000000000000003,61,729,332,3,19.8,74.01,963,121,1,0,121,24.700000000000003,193,5
2018,9,8,5,30,53.19,0.16,2.9000000000000004,75,851,585,3,18.8,59.620000000000005,963,279,32,0,298,27.400000000000002,192,5.300000000000001
2018,9,8,6,30,38.28,0.16,3,96,890,795,3,17.900000000000002,48.63,963,423,212,0,589,29.900000000000002,193,5.4
2018,9,8,7,30,23.38,0.16,3.1,103,924,951,0,17,40.72,962,103,924,0,951,32,195,5.5
2018,9,8,8,30,8.67,0.16,3.1,106,939,1035,0,16.3,35.52,961,106,939,0,1035,33.6,198,5.6000000000000005
2018,9,8,9,30,7.140000000000001,0.16,3.3000000000000003,110,932,1034,0,15.8,32.51,960,110,932,0,1034,34.6,200,5.6000000000000005
2018,9,8,10,30,21.77,0.16,3.4000000000000004,107,916,957,0,15.3,30.970000000000002,959,107,916,0,957,35,201,5.6000000000000005
2018,9,8,11,30,36.660000000000004,0.16,3.5,100,882,807,7,15.100000000000001,30.76,958,192,709,7,760,34.800000000000004,200,5.6000000000000005
2018,9,8,12,30,51.58,0.16,3.7,88,818,597,0,15,32.08,958,88,818,0,597,34,197,5.5
2018,9,8,13,30,66.5,0.16,3.8000000000000003,71,698,349,0,15.100000000000001,34.77,958,71,698,0,349,32.6,193,5.300000000000001
2018,9,8,14,30,81.37,0.16,3.9000000000000004,40,407,101,0,15.200000000000001,38.68,959,40,407,0,101,30.900000000000002,186,4.9
2018,9,8,15,30,96.37,0.16,3.9000000000000004,0,0,0,0,15.700000000000001,42.92,960,0,0,0,0,29.6,176,4.800000000000001
2018,9,8,16,30,111.26,0.16,3.9000000000000004,0,0,0,7,16.400000000000002,48.410000000000004,960,0,0,0,0,28.3,169,5.2
2018,9,8,17,30,126.09,0.16,3.9000000000000004,0,0,0,7,17.3,56.15,961,0,0,0,0,26.8,167,5.4
2018,9,8,18,30,140.82,0.16,3.8000000000000003,0,0,0,7,18.3,65.27,962,0,0,0,0,25.3,170,5.4
2018,9,8,19,30,155.22,0.16,3.7,0,0,0,7,19.1,73.62,962,0,0,0,0,24.1,174,5.1000000000000005
2018,9,8,20,30,168.11,0.16,3.7,0,0,0,7,19.6,79.97,961,0,0,0,0,23.200000000000003,178,4.7
2018,9,8,21,30,169.13,0.16,3.7,0,0,0,8,19.900000000000002,84.67,961,0,0,0,0,22.6,182,4.4
2018,9,8,22,30,156.67000000000002,0.16,3.7,0,0,0,3,20.200000000000003,88.87,960,0,0,0,0,22.1,186,4.2
2018,9,8,23,30,142.33,0.16,3.8000000000000003,0,0,0,1,20.400000000000002,91.84,960,0,0,0,0,21.8,190,4.1000000000000005
2018,9,9,0,30,127.62,0.14,3.9000000000000004,0,0,0,0,20.6,93.42,961,0,0,0,0,21.700000000000003,193,3.7
2018,9,9,1,30,112.79,0.14,4,0,0,0,0,20.8,95.02,961,0,0,0,0,21.6,197,3.2
2018,9,9,2,30,97.91,0.14,4,0,0,0,0,20.900000000000002,95.46000000000001,962,0,0,0,0,21.700000000000003,201,3.2
2018,9,9,3,30,82.88,0.14,4,33,381,80,0,21,88.39,962,33,381,0,80,23,202,4.3
2018,9,9,4,30,68.03,0.14,4,61,707,326,3,20.400000000000002,74.06,963,158,11,0,163,25.400000000000002,200,5.300000000000001
2018,9,9,5,30,53.11,0.14,4,74,836,575,3,19.6,60.04,963,264,25,0,278,28.1,199,5.5
2018,9,9,6,30,38.18,0.14,4,82,899,788,3,18.900000000000002,50.13,963,408,145,0,522,30.400000000000002,198,5.6000000000000005
2018,9,9,7,30,23.26,0.14,4,86,933,944,1,18.2,43.24,962,86,933,0,944,32.300000000000004,198,5.7
2018,9,9,8,30,8.49,0.14,4,88,949,1027,3,17.7,38.83,961,469,161,0,628,33.6,197,5.7
2018,9,9,9,30,7.1000000000000005,0.14,4.1000000000000005,95,940,1028,3,17.2,36.06,959,484,169,0,651,34.4,196,5.7
2018,9,9,10,30,21.82,0.14,4.2,93,925,951,3,17,35.14,958,469,163,0,620,34.6,194,5.800000000000001
2018,9,9,11,30,36.74,0.14,4.3,88,890,802,7,17,35.89,958,207,623,7,707,34.2,190,5.800000000000001
2018,9,9,12,30,51.67,0.14,4.4,88,809,590,0,17,38.300000000000004,958,88,809,0,590,33.1,184,6
2018,9,9,13,30,66.59,0.14,4.5,75,671,342,3,17.3,43.42,958,184,19,0,191,31.200000000000003,176,6.300000000000001
2018,9,9,14,30,81.47,0.14,4.5,44,350,96,5,17.7,50.29,959,6,0,0,6,29.1,171,6.4
2018,9,9,15,30,96.48,0.14,4.5,0,0,0,1,18,56.13,960,0,0,0,0,27.5,167,6.300000000000001
2018,9,9,16,30,111.38,0.14,4.4,0,0,0,0,18.1,60.27,961,0,0,0,0,26.400000000000002,166,6.2
2018,9,9,17,30,126.23,0.14,4.2,0,0,0,0,18.3,65.36,962,0,0,0,0,25.3,165,5.9
2018,9,9,18,30,140.98,0.14,4.1000000000000005,0,0,0,3,18.900000000000002,72.39,962,0,0,0,0,24.200000000000003,166,5.4
2018,9,9,19,30,155.43,0.14,4,0,0,0,3,19.6,79.78,962,0,0,0,0,23.3,168,4.9
2018,9,9,20,30,168.43,0.14,3.9000000000000004,0,0,0,4,20.1,84.75,961,0,0,0,0,22.8,171,4.4
2018,9,9,21,30,169.36,0.14,3.8000000000000003,0,0,0,5,20.3,87.32000000000001,961,0,0,0,0,22.5,174,3.9000000000000004
2018,9,9,22,30,156.72,0.14,3.8000000000000003,0,0,0,0,20.400000000000002,89.48,960,0,0,0,0,22.200000000000003,177,3.6
2018,9,9,23,30,142.32,0.14,3.7,0,0,0,0,20.5,91.15,960,0,0,0,0,22,178,3.4000000000000004
2018,9,10,0,30,127.59,0.14,3.6,0,0,0,0,20.6,93.56,961,0,0,0,0,21.700000000000003,178,3.2
2018,9,10,1,30,112.74000000000001,0.14,3.5,0,0,0,0,20.700000000000003,95.32000000000001,961,0,0,0,0,21.5,179,3
2018,9,10,2,30,97.85000000000001,0.14,3.4000000000000004,0,0,0,0,20.8,94.99,962,0,0,0,0,21.6,180,3.1
2018,9,10,3,30,82.81,0.14,3.4000000000000004,32,408,83,0,20.700000000000003,87.42,962,32,408,0,83,22.900000000000002,180,3.9000000000000004
2018,9,10,4,30,67.95,0.14,3.4000000000000004,59,725,332,3,20,73.03,963,67,0,0,67,25.200000000000003,180,4.6000000000000005
2018,9,10,5,30,53.02,0.14,3.4000000000000004,73,849,583,0,19,58.5,963,73,849,0,583,27.900000000000002,179,4.9
2018,9,10,6,30,38.08,0.14,3.5,88,896,793,3,17.900000000000002,47.59,963,375,59,0,421,30.3,180,5
2018,9,10,7,30,23.150000000000002,0.14,3.5,94,929,949,3,17,39.84,962,440,54,0,490,32.4,183,5
2018,9,10,8,30,8.32,0.14,3.6,97,943,1031,0,16.3,34.6,961,97,943,0,1031,34.1,186,5
2018,9,10,9,30,7.08,0.14,3.6,94,949,1036,0,15.700000000000001,31.35,959,94,949,0,1036,35.2,189,4.9
2018,9,10,10,30,21.88,0.14,3.6,94,932,959,1,15.3,29.64,958,94,932,0,959,35.7,190,4.9
2018,9,10,11,30,36.81,0.14,3.7,91,894,807,0,15,29.400000000000002,958,91,894,0,807,35.5,189,4.9
2018,9,10,12,30,51.75,0.14,3.7,83,830,597,1,14.8,30.37,957,83,830,0,597,34.7,186,5
2018,9,10,13,30,66.69,0.14,3.8000000000000003,69,703,347,0,14.8,33.14,958,69,703,0,347,33.2,179,5.2
2018,9,10,14,30,81.57000000000001,0.14,3.8000000000000003,39,401,98,0,15.100000000000001,37.44,958,39,401,0,98,31.3,171,5.4
2018,9,10,15,30,96.60000000000001,0.14,3.8000000000000003,0,0,0,0,15.5,42.95,959,0,0,0,0,29.400000000000002,163,6
2018,9,10,16,30,111.5,0.14,3.8000000000000003,0,0,0,0,16.3,50.68,960,0,0,0,0,27.400000000000002,160,6.7
2018,9,10,17,30,126.37,0.14,3.7,0,0,0,0,17.3,60.56,961,0,0,0,0,25.5,161,6.6000000000000005
2018,9,10,18,30,141.14000000000001,0.14,3.7,0,0,0,0,18.3,70.45,962,0,0,0,0,24,164,6.2
2018,9,10,19,30,155.63,0.14,3.6,0,0,0,0,19,77.51,962,0,0,0,0,23.1,168,5.800000000000001
2018,9,10,20,30,168.76,0.14,3.4000000000000004,0,0,0,0,19.3,82.10000000000001,962,0,0,0,0,22.5,171,5.6000000000000005
2018,9,10,21,30,169.59,0.14,3.3000000000000003,0,0,0,0,19.400000000000002,85.22,961,0,0,0,0,22,175,5.300000000000001
2018,9,10,22,30,156.77,0.14,3.2,0,0,0,0,19.400000000000002,87.23,961,0,0,0,0,21.6,178,4.9
2018,9,10,23,30,142.31,0.14,3.1,0,0,0,0,19.400000000000002,89.14,961,0,0,0,0,21.3,181,4.6000000000000005
2018,9,11,0,30,127.55,0.14,3,0,0,0,0,19.6,91.94,961,0,0,0,0,21,184,4.2
2018,9,11,1,30,112.69,0.14,3,0,0,0,1,19.900000000000002,95.05,962,0,0,0,0,20.700000000000003,187,3.9000000000000004
2018,9,11,2,30,97.79,0.14,3,0,0,0,0,20,95.47,963,0,0,0,0,20.8,190,3.9000000000000004
2018,9,11,3,30,82.74,0.14,3,34,396,84,3,20.1,88.66,963,52,2,7,52,22.1,190,4.800000000000001
2018,9,11,4,30,67.87,0.14,3,63,720,334,3,19.700000000000003,74.31,964,150,9,0,153,24.6,187,5.800000000000001
2018,9,11,5,30,52.94,0.14,3.1,77,845,586,3,18.900000000000002,59.88,964,145,0,0,145,27.400000000000002,186,6
2018,9,11,6,30,37.99,0.14,3.1,84,910,801,3,18,48.61,964,343,10,0,351,30,185,6.1000000000000005
2018,9,11,7,30,23.04,0.14,3.2,90,941,956,3,17,40.25,963,385,5,0,389,32.2,185,6.1000000000000005
2018,9,11,8,30,8.16,0.14,3.3000000000000003,94,953,1037,0,16.1,34.59,961,94,953,0,1037,33.9,185,6.1000000000000005
2018,9,11,9,30,7.08,0.14,3.3000000000000003,96,950,1039,3,15.5,31.39,960,494,125,0,619,34.9,185,6
2018,9,11,10,30,21.95,0.14,3.3000000000000003,97,931,961,3,15.100000000000001,29.740000000000002,959,490,189,0,665,35.4,184,5.9
2018,9,11,11,30,36.89,0.14,3.4000000000000004,95,891,808,2,14.9,29.84,958,421,137,0,530,35.1,181,5.800000000000001
2018,9,11,12,30,51.84,0.14,3.5,93,807,592,3,14.8,31.42,958,333,105,0,398,34.1,177,5.800000000000001
2018,9,11,13,30,66.78,0.14,3.5,78,671,342,1,14.9,34.87,958,78,671,0,342,32.4,172,5.9
2018,9,11,14,30,81.67,0.14,3.5,43,350,94,2,15.3,40.02,959,70,14,7,72,30.400000000000002,167,6.1000000000000005
2018,9,11,15,30,96.71000000000001,0.14,3.5,0,0,0,0,15.9,46.61,960,0,0,0,0,28.400000000000002,162,6.4
2018,9,11,16,30,111.62,0.14,3.5,0,0,0,0,16.6,54.38,961,0,0,0,0,26.6,162,6.7
2018,9,11,17,30,126.5,0.14,3.6,0,0,0,0,17.5,63.1,962,0,0,0,0,25,164,6.5
2018,9,11,18,30,141.29,0.14,3.5,0,0,0,0,18.2,71.10000000000001,962,0,0,0,0,23.8,168,5.9
2018,9,11,19,30,155.83,0.14,3.5,0,0,0,0,18.900000000000002,78.18,962,0,0,0,0,22.900000000000002,172,5.4
2018,9,11,20,30,169.09,0.14,3.4000000000000004,0,0,0,0,19.400000000000002,83.87,962,0,0,0,0,22.3,178,5.1000000000000005
2018,9,11,21,30,169.82,0.14,3.3000000000000003,0,0,0,0,19.700000000000003,88.11,961,0,0,0,0,21.8,184,4.7
2018,9,11,22,30,156.81,0.14,3.2,0,0,0,0,19.900000000000002,90.59,961,0,0,0,0,21.5,188,4.2
2018,9,11,23,30,142.3,0.14,3.1,0,0,0,0,20,92.19,961,0,0,0,0,21.3,191,3.8000000000000003
2018,9,12,0,30,127.52,0.14,3.1,0,0,0,0,20.1,93.84,962,0,0,0,0,21.1,194,3.4000000000000004
2018,9,12,1,30,112.64,0.14,3.1,0,0,0,0,20.1,96.02,962,0,0,0,0,20.8,197,3.1
2018,9,12,2,30,97.72,0.14,3.1,0,0,0,0,20.200000000000003,95.92,963,0,0,0,0,20.900000000000002,201,3.2
2018,9,12,3,30,82.67,0.14,3.1,42,283,78,3,20.200000000000003,88.35000000000001,963,42,283,5,78,22.200000000000003,204,4.2
2018,9,12,4,30,67.79,0.14,3.1,85,627,322,3,19.400000000000002,72.89,964,143,4,0,145,24.6,205,5
2018,9,12,5,30,52.85,0.14,3.2,107,768,571,2,18.400000000000002,58.22,964,328,180,0,437,27.3,206,5.2
2018,9,12,6,30,37.9,0.14,3.3000000000000003,121,842,785,0,17.400000000000002,47.21,964,121,842,0,785,29.8,206,5.300000000000001
2018,9,12,7,30,22.94,0.14,3.3000000000000003,130,879,940,0,16.3,39.15,963,130,879,0,940,31.900000000000002,206,5.4
2018,9,12,8,30,8.02,0.14,3.4000000000000004,135,895,1021,0,15.3,33.56,961,135,895,0,1021,33.5,205,5.300000000000001
2018,9,12,9,30,7.1000000000000005,0.14,3.5,132,898,1023,0,14.5,30.18,960,132,898,0,1023,34.5,204,5.2
2018,9,12,10,30,22.02,0.14,3.5,128,882,946,2,14,28.38,959,488,157,0,633,35,201,5
2018,9,12,11,30,36.980000000000004,0.14,3.5,120,844,795,0,13.700000000000001,27.85,958,120,844,0,795,35,197,4.9
2018,9,12,12,30,51.93,0.14,3.5,107,774,584,0,13.600000000000001,28.87,958,107,774,0,584,34.2,192,4.7
2018,9,12,13,30,66.88,0.14,3.6,85,635,335,0,13.600000000000001,31.13,958,85,635,0,335,32.9,187,4.5
2018,9,12,14,30,81.78,0.14,3.6,45,315,90,0,13.9,34.65,959,45,315,0,90,31.3,179,4.3
2018,9,12,15,30,96.82000000000001,0.14,3.6,0,0,0,0,14.4,38.87,959,0,0,0,0,29.900000000000002,171,4.7
2018,9,12,16,30,111.74000000000001,0.14,3.5,0,0,0,0,15.4,45.35,960,0,0,0,0,28.3,167,5.6000000000000005
2018,9,12,17,30,126.63000000000001,0.14,3.5,0,0,0,0,16.6,55.01,961,0,0,0,0,26.400000000000002,168,6
2018,9,12,18,30,141.45000000000002,0.14,3.4000000000000004,0,0,0,0,17.7,64.81,962,0,0,0,0,24.8,172,5.800000000000001
2018,9,12,19,30,156.03,0.14,3.3000000000000003,0,0,0,0,18.400000000000002,72.12,962,0,0,0,0,23.700000000000003,177,5.2
2018,9,12,20,30,169.41,0.14,3.3000000000000003,0,0,0,0,18.8,77.78,961,0,0,0,0,22.900000000000002,182,4.800000000000001
2018,9,12,21,30,170.03,0.14,3.3000000000000003,0,0,0,0,19.200000000000003,83.25,961,0,0,0,0,22.200000000000003,186,4.5
2018,9,12,22,30,156.84,0.14,3.2,0,0,0,0,19.700000000000003,87.74,960,0,0,0,0,21.8,190,4.4
2018,9,12,23,30,142.28,0.14,3.2,0,0,0,0,20.1,91.78,960,0,0,0,0,21.5,194,4.2
2018,9,13,0,30,127.48,0.14,3.2,0,0,0,0,20.400000000000002,94.24,961,0,0,0,0,21.400000000000002,198,3.9000000000000004
2018,9,13,1,30,112.59,0.14,3.2,0,0,0,0,20.6,96.04,961,0,0,0,0,21.3,202,3.6
2018,9,13,2,30,97.66,0.14,3.2,0,0,0,0,20.8,95.65,962,0,0,0,0,21.5,207,3.7
2018,9,13,3,30,82.61,0.14,3.2,44,270,79,1,20.8,88.58,962,44,270,0,79,22.8,208,4.6000000000000005
2018,9,13,4,30,67.72,0.14,3.2,87,619,322,0,20.400000000000002,74.14,963,87,619,0,322,25.3,207,5.5
2018,9,13,5,30,52.77,0.14,3.2,110,767,573,0,19.700000000000003,60.370000000000005,963,110,767,0,573,28.1,206,5.6000000000000005
2018,9,13,6,30,37.81,0.14,3.3000000000000003,123,840,787,0,18.900000000000002,49.67,962,123,840,0,787,30.6,205,5.5
2018,9,13,7,30,22.84,0.14,3.3000000000000003,131,881,943,0,18.1,41.99,962,131,881,0,943,32.7,204,5.5
2018,9,13,8,30,7.890000000000001,0.14,3.4000000000000004,135,897,1024,0,17.3,36.51,960,135,897,0,1024,34.300000000000004,203,5.4
2018,9,13,9,30,7.140000000000001,0.14,3.4000000000000004,185,830,1008,0,16.6,33.1,959,185,830,0,1008,35.2,201,5.2
2018,9,13,10,30,22.1,0.14,3.5,179,809,928,2,15.9,31.27,958,515,170,0,672,35.5,198,5.1000000000000005
2018,9,13,11,30,37.06,0.14,3.6,167,764,776,7,15.600000000000001,31.25,957,301,479,7,684,35.1,194,5
2018,9,13,12,30,52.03,0.14,3.6,172,624,556,3,15.4,32.910000000000004,957,334,59,0,370,34,190,5.1000000000000005
2018,9,13,13,30,66.98,0.14,3.6,134,456,313,1,15.5,35.87,957,134,456,0,313,32.5,185,5.1000000000000005
2018,9,13,14,30,81.88,0.14,3.7,60,133,78,2,15.700000000000001,39.9,958,25,0,0,25,30.900000000000002,179,5
2018,9,13,15,30,96.93,0.14,3.7,0,0,0,3,16.1,44.43,959,0,0,0,0,29.5,172,5.2
2018,9,13,16,30,111.86,0.14,3.8000000000000003,0,0,0,3,16.8,50.36,960,0,0,0,0,28.1,169,5.800000000000001
2018,9,13,17,30,126.77,0.14,3.8000000000000003,0,0,0,0,17.8,58.78,960,0,0,0,0,26.5,170,6.2
2018,9,13,18,30,141.6,0.14,3.9000000000000004,0,0,0,1,18.7,67.74,961,0,0,0,0,25.1,174,6
2018,9,13,19,30,156.22,0.14,3.9000000000000004,0,0,0,0,19.400000000000002,75.38,961,0,0,0,0,24,178,5.5
2018,9,13,20,30,169.72,0.14,3.9000000000000004,0,0,0,0,19.8,81.43,961,0,0,0,0,23.200000000000003,182,5.1000000000000005
2018,9,13,21,30,170.23,0.14,3.8000000000000003,0,0,0,0,20.3,86.60000000000001,960,0,0,0,0,22.6,186,4.800000000000001
2018,9,13,22,30,156.87,0.14,3.8000000000000003,0,0,0,0,20.6,90.59,960,0,0,0,0,22.200000000000003,190,4.6000000000000005
2018,9,13,23,30,142.26,0.14,3.7,0,0,0,0,20.8,93.15,960,0,0,0,0,22,194,4.3
2018,9,14,0,30,127.43,0.14,3.7,0,0,0,0,21,94.73,960,0,0,0,0,21.900000000000002,197,3.9000000000000004
2018,9,14,1,30,112.53,0.14,3.8000000000000003,0,0,0,0,21.200000000000003,95.75,961,0,0,0,0,21.900000000000002,200,3.5
2018,9,14,2,30,97.60000000000001,0.14,3.8000000000000003,0,0,0,0,21.3,95.16,961,0,0,0,0,22.1,203,3.6
2018,9,14,3,30,82.54,0.14,3.8000000000000003,49,200,75,3,21.3,88.37,962,57,2,7,57,23.3,203,4.7
2018,9,14,4,30,67.64,0.14,3.8000000000000003,100,563,314,3,20.700000000000003,74.77,962,158,8,0,161,25.5,200,5.6000000000000005
2018,9,14,5,30,52.69,0.14,3.9000000000000004,122,729,563,1,20.1,62.07,962,122,729,0,563,28,197,5.9
2018,9,14,6,30,37.72,0.14,3.9000000000000004,140,802,775,0,19.400000000000002,52.6,962,140,802,0,775,30.200000000000003,194,6.1000000000000005
2018,9,14,7,30,22.75,0.14,4,148,846,929,0,18.900000000000002,47.26,961,148,846,0,929,31.5,191,6.2
2018,9,14,8,30,7.78,0.14,4.1000000000000005,150,867,1010,3,18.6,45.22,960,494,109,0,602,31.900000000000002,189,6.300000000000001
2018,9,14,9,30,7.21,0.14,4.1000000000000005,147,873,1013,2,18.400000000000002,44.980000000000004,959,532,212,0,742,31.8,189,6.1000000000000005
2018,9,14,10,30,22.18,0.14,4.1000000000000005,140,859,936,0,18.3,45.410000000000004,958,140,859,0,936,31.5,190,5.9
2018,9,14,11,30,37.15,0.14,4.1000000000000005,127,826,786,8,18.2,45.18,958,223,648,7,740,31.5,190,5.6000000000000005
2018,9,14,12,30,52.120000000000005,0.14,4.1000000000000005,109,762,577,3,18.1,45.38,958,262,13,0,270,31.3,189,5.300000000000001
2018,9,14,13,30,67.08,0.14,4.2,87,624,330,7,18,46.89,958,171,246,0,267,30.6,185,5.1000000000000005
2018,9,14,14,30,81.98,0.14,4.3,47,274,86,6,18.1,51.09,959,4,0,0,4,29.3,177,4.9
2018,9,14,15,30,97.04,0.14,4.3,0,0,0,7,18.7,56.88,959,0,0,0,0,28,170,5.2
2018,9,14,16,30,111.98,0.14,4.4,0,0,0,3,19.3,63.480000000000004,960,0,0,0,0,26.8,167,5.800000000000001
2018,9,14,17,30,126.9,0.14,4.4,0,0,0,1,19.8,70.33,961,0,0,0,0,25.6,168,6
2018,9,14,18,30,141.75,0.14,4.3,0,0,0,0,20.200000000000003,76.31,962,0,0,0,0,24.6,170,5.9
2018,9,14,19,30,156.41,0.14,4.3,0,0,0,0,20.400000000000002,81.82000000000001,962,0,0,0,0,23.700000000000003,173,5.6000000000000005
2018,9,14,20,30,170.04,0.14,4.2,0,0,0,0,20.6,85.78,961,0,0,0,0,23.1,176,5.300000000000001
2018,9,14,21,30,170.42000000000002,0.14,4.1000000000000005,0,0,0,0,20.700000000000003,88.98,961,0,0,0,0,22.6,180,5
2018,9,14,22,30,156.89000000000001,0.14,4,0,0,0,0,20.700000000000003,90.87,961,0,0,0,0,22.3,183,4.800000000000001
2018,9,14,23,30,142.23,0.14,4,0,0,0,0,20.700000000000003,91.85000000000001,961,0,0,0,0,22.1,187,4.5
2018,9,15,0,30,127.39,0.14,3.9000000000000004,0,0,0,0,20.700000000000003,92.71000000000001,961,0,0,0,0,21.900000000000002,190,4.2
2018,9,15,1,30,112.47,0.14,3.9000000000000004,0,0,0,0,20.6,93.7,962,0,0,0,0,21.700000000000003,194,3.9000000000000004
2018,9,15,2,30,97.53,0.14,3.9000000000000004,0,0,0,0,20.6,93.36,962,0,0,0,0,21.700000000000003,199,3.8000000000000003
2018,9,15,3,30,82.47,0.14,3.8000000000000003,48,231,78,0,20.400000000000002,86.94,963,48,231,0,78,22.700000000000003,199,4.5
2018,9,15,4,30,67.57000000000001,0.14,3.7,93,598,321,3,19.6,72.35000000000001,963,188,21,0,196,24.900000000000002,198,5.1000000000000005
2018,9,15,5,30,52.61,0.14,3.7,111,760,572,3,18.900000000000002,60.050000000000004,963,155,0,0,155,27.3,199,5.2
2018,9,15,6,30,37.64,0.14,3.6,119,846,789,1,18.3,50.32,963,119,846,0,789,29.700000000000003,200,5.2
2018,9,15,7,30,22.66,0.14,3.6,120,895,946,3,17.6,42.77,962,425,18,0,442,31.8,200,5.2
2018,9,15,8,30,7.69,0.14,3.5,118,922,1032,0,16.8,36.75,960,118,922,0,1032,33.6,201,5.300000000000001
2018,9,15,9,30,7.29,0.14,3.5,114,928,1034,0,16,32.61,959,114,928,0,1034,34.800000000000004,201,5.300000000000001
2018,9,15,10,30,22.27,0.14,3.5,110,913,955,0,15.200000000000001,30.01,958,110,913,0,955,35.4,200,5.300000000000001
2018,9,15,11,30,37.25,0.14,3.5,104,876,802,0,14.600000000000001,29.150000000000002,957,104,876,0,802,35.2,196,5.1000000000000005
2018,9,15,12,30,52.22,0.14,3.5,96,804,588,0,14.200000000000001,29.900000000000002,957,96,804,0,588,34.300000000000004,190,4.9
2018,9,15,13,30,67.18,0.14,3.5,80,659,336,0,14,32.02,957,80,659,0,336,32.9,180,4.800000000000001
2018,9,15,14,30,82.09,0.14,3.6,45,311,87,0,14.200000000000001,35.49,958,45,311,0,87,31.3,167,5.1000000000000005
2018,9,15,15,30,97.15,0.14,3.6,0,0,0,0,15,41.86,959,0,0,0,0,29.3,159,6
2018,9,15,16,30,112.10000000000001,0.14,3.6,0,0,0,0,16.1,50.77,960,0,0,0,0,27.200000000000003,158,6.6000000000000005
2018,9,15,17,30,127.03,0.14,3.6,0,0,0,0,17,59.550000000000004,961,0,0,0,0,25.400000000000002,162,6.300000000000001
2018,9,15,18,30,141.89000000000001,0.14,3.6,0,0,0,0,17.400000000000002,65.25,961,0,0,0,0,24.3,166,5.9
2018,9,15,19,30,156.6,0.14,3.5,0,0,0,0,17.6,69.52,961,0,0,0,0,23.5,170,5.5
2018,9,15,20,30,170.35,0.14,3.5,0,0,0,0,17.8,73.12,961,0,0,0,0,22.900000000000002,173,5.300000000000001
2018,9,15,21,30,170.59,0.14,3.5,0,0,0,0,18,75.73,961,0,0,0,0,22.5,177,5
2018,9,15,22,30,156.9,0.14,3.5,0,0,0,0,18.1,77.42,960,0,0,0,0,22.200000000000003,181,4.800000000000001
2018,9,15,23,30,142.21,0.14,3.4000000000000004,0,0,0,0,18.1,78.88,961,0,0,0,0,21.900000000000002,184,4.6000000000000005
2018,9,16,0,30,127.34,0.14,3.3000000000000003,0,0,0,0,18,79.57000000000001,961,0,0,0,0,21.700000000000003,187,4.4
2018,9,16,1,30,112.42,0.14,3.3000000000000003,0,0,0,3,18,80.49,962,0,0,0,0,21.5,189,4.2
2018,9,16,2,30,97.47,0.14,3.2,0,0,0,1,18,80.35000000000001,962,0,0,0,0,21.5,190,4.1000000000000005
2018,9,16,3,30,82.4,0.14,3.1,42,323,85,2,17.900000000000002,76.15,963,67,36,7,71,22.3,192,4.6000000000000005
2018,9,16,4,30,67.49,0.14,3.1,78,671,334,0,17.400000000000002,65.77,963,78,671,0,334,24.200000000000003,193,5.1000000000000005
2018,9,16,5,30,52.53,0.14,3,90,824,591,0,16.7,53.84,963,90,824,0,591,26.8,195,5.300000000000001
2018,9,16,6,30,37.56,0.14,3,97,898,809,0,15.5,42.81,962,97,898,0,809,29.5,198,5.4
2018,9,16,7,30,22.580000000000002,0.14,3,101,936,965,0,14.3,34.34,961,101,936,0,965,31.900000000000002,200,5.5
2018,9,16,8,30,7.61,0.14,3,102,953,1047,0,13.100000000000001,28.39,960,102,953,0,1047,33.9,201,5.6000000000000005
2018,9,16,9,30,7.4,0.14,3,96,962,1050,0,12.200000000000001,24.96,959,96,962,0,1050,35.2,202,5.5
2018,9,16,10,30,22.37,0.14,3,94,947,969,0,11.8,23.37,958,94,947,0,969,35.9,202,5.5
2018,9,16,11,30,37.35,0.14,3.1,90,909,813,0,11.8,23.36,957,90,909,0,813,35.9,200,5.4
2018,9,16,12,30,52.32,0.14,3.2,86,833,595,0,12,24.71,957,86,833,0,595,35.2,196,5.4
2018,9,16,13,30,67.29,0.14,3.2,73,690,340,0,12.4,27.43,957,73,690,0,340,33.800000000000004,190,5.300000000000001
2018,9,16,14,30,82.2,0.14,3.3000000000000003,42,340,88,0,13,32.02,957,42,340,0,88,31.700000000000003,179,5.4
2018,9,16,15,30,97.27,0.14,3.3000000000000003,0,0,0,0,13.9,38.38,958,0,0,0,0,29.6,168,6.1000000000000005
2018,9,16,16,30,112.22,0.14,3.3000000000000003,0,0,0,0,15.4,48.4,959,0,0,0,0,27.200000000000003,164,6.800000000000001
2018,9,16,17,30,127.16,0.14,3.3000000000000003,0,0,0,0,16.7,59.74,960,0,0,0,0,25.1,165,6.6000000000000005
2018,9,16,18,30,142.04,0.14,3.2,0,0,0,0,17.5,68.16,961,0,0,0,0,23.700000000000003,168,6
2018,9,16,19,30,156.78,0.14,3.2,0,0,0,0,17.900000000000002,73.67,961,0,0,0,0,22.8,171,5.5
2018,9,16,20,30,170.65,0.14,3.1,0,0,0,0,18.1,77.49,960,0,0,0,0,22.200000000000003,174,5.2
2018,9,16,21,30,170.76,0.14,3.1,0,0,0,0,18.2,80.72,960,0,0,0,0,21.700000000000003,177,4.9
2018,9,16,22,30,156.91,0.14,3.1,0,0,0,0,18.3,82.59,959,0,0,0,0,21.400000000000002,180,4.7
2018,9,16,23,30,142.17000000000002,0.14,3.1,0,0,0,0,18.400000000000002,84.37,960,0,0,0,0,21.1,183,4.6000000000000005
2018,9,17,0,30,127.29,0.14,3,0,0,0,0,18.400000000000002,85.68,960,0,0,0,0,20.900000000000002,185,4.4
2018,9,17,1,30,112.36,0.14,3,0,0,0,0,18.5,87.10000000000001,960,0,0,0,0,20.700000000000003,188,4.2
2018,9,17,2,30,97.4,0.14,3,0,0,0,0,18.6,87.39,961,0,0,0,0,20.8,191,4.3
2018,9,17,3,30,82.33,0.14,2.9000000000000004,43,330,87,1,18.7,81.55,962,43,330,0,87,22,195,5.1000000000000005
2018,9,17,4,30,67.42,0.14,2.9000000000000004,79,672,337,3,18.1,68.35000000000001,962,197,31,0,209,24.3,197,5.800000000000001
2018,9,17,5,30,52.46,0.14,2.9000000000000004,92,822,593,0,17.3,55.46,962,92,822,0,593,27,200,5.800000000000001
2018,9,17,6,30,37.480000000000004,0.14,2.9000000000000004,103,889,809,0,16.5,45.6,962,103,889,0,809,29.5,203,5.7
2018,9,17,7,30,22.51,0.14,2.9000000000000004,106,930,966,0,15.5,37.52,961,106,930,0,966,31.8,204,5.6000000000000005
2018,9,17,8,30,7.5600000000000005,0.14,2.9000000000000004,107,948,1048,0,14.4,31.310000000000002,960,107,948,0,1048,33.7,204,5.4
2018,9,17,9,30,7.53,0.14,2.9000000000000004,97,963,1051,0,13.4,27.400000000000002,959,97,963,0,1051,34.9,203,5.300000000000001
2018,9,17,10,30,22.48,0.14,3,94,946,969,0,12.700000000000001,25.330000000000002,958,94,946,0,969,35.5,202,5.300000000000001
2018,9,17,11,30,37.45,0.14,3,90,912,813,0,12.3,24.79,957,90,912,0,813,35.5,199,5.300000000000001
2018,9,17,12,30,52.43,0.14,3,82,844,597,0,12.3,25.71,957,82,844,0,597,34.800000000000004,194,5.300000000000001
2018,9,17,13,30,67.39,0.14,3.1,69,709,342,0,12.5,28.29,957,69,709,0,342,33.300000000000004,188,5.2
2018,9,17,14,30,82.3,0.14,3.2,39,373,89,0,12.9,32.33,957,39,373,0,89,31.400000000000002,178,5.300000000000001
2018,9,17,15,30,97.38,0.14,3.2,0,0,0,0,13.700000000000001,38.56,958,0,0,0,0,29.3,169,6.2
2018,9,17,16,30,112.34,0.14,3.3000000000000003,0,0,0,0,15,47.89,959,0,0,0,0,27,166,7
2018,9,17,17,30,127.28,0.14,3.2,0,0,0,0,16.2,58.39,960,0,0,0,0,24.900000000000002,168,6.7
2018,9,17,18,30,142.18,0.14,3.2,0,0,0,0,16.900000000000002,66.76,961,0,0,0,0,23.400000000000002,170,6.2
2018,9,17,19,30,156.95000000000002,0.14,3.1,0,0,0,0,17.3,72.38,961,0,0,0,0,22.5,172,5.7
2018,9,17,20,30,170.94,0.14,3.1,0,0,0,0,17.6,77.25,960,0,0,0,0,21.8,174,5.4
2018,9,17,21,30,170.91,0.14,3,0,0,0,0,18,81.26,960,0,0,0,0,21.3,176,5
2018,9,17,22,30,156.91,0.14,2.9000000000000004,0,0,0,0,18.2,84.97,960,0,0,0,0,20.8,177,4.5
2018,9,17,23,30,142.14000000000001,0.14,2.8000000000000003,0,0,0,0,18.3,87.31,959,0,0,0,0,20.5,179,4.3
2018,9,18,0,30,127.24000000000001,0.14,2.7,0,0,0,0,18.400000000000002,89.41,960,0,0,0,0,20.200000000000003,181,4.1000000000000005
2018,9,18,1,30,112.3,0.14,2.6,0,0,0,0,18.400000000000002,90.64,960,0,0,0,0,20,184,3.9000000000000004
2018,9,18,2,30,97.33,0.14,2.5,0,0,0,0,18.5,91.13,961,0,0,0,0,20,186,3.9000000000000004
2018,9,18,3,30,82.26,0.14,2.5,41,361,90,0,18.6,84.42,962,41,361,0,90,21.3,187,4.5
2018,9,18,4,30,67.35,0.14,2.5,74,705,345,0,18,70.28,962,74,705,0,345,23.700000000000003,187,5.2
2018,9,18,5,30,52.38,0.14,2.5,86,847,603,0,17.1,56.22,963,86,847,0,603,26.5,189,5.2
2018,9,18,6,30,37.410000000000004,0.14,2.6,92,916,820,0,16.1,45.02,962,92,916,0,820,29.200000000000003,192,5.2
2018,9,18,7,30,22.44,0.14,2.7,96,949,973,0,14.8,36.29,962,96,949,0,973,31.6,195,5.1000000000000005
2018,9,18,8,30,7.53,0.14,2.8000000000000003,98,963,1053,0,13.600000000000001,30.17,960,98,963,0,1053,33.4,197,5.1000000000000005
2018,9,18,9,30,7.67,0.14,2.8000000000000003,95,967,1053,0,12.5,26.27,959,95,967,0,1053,34.7,198,5
2018,9,18,10,30,22.59,0.14,2.8000000000000003,93,952,972,0,12,24.34,958,93,952,0,972,35.4,197,4.9
2018,9,18,11,30,37.56,0.14,2.9000000000000004,88,917,815,0,11.700000000000001,23.97,957,88,917,0,815,35.4,196,4.9
2018,9,18,12,30,52.53,0.14,2.9000000000000004,98,807,589,0,11.700000000000001,24.86,957,98,807,0,589,34.7,193,4.9
2018,9,18,13,30,67.5,0.14,2.9000000000000004,79,667,335,0,11.8,26.900000000000002,957,79,667,0,335,33.4,188,4.800000000000001
2018,9,18,14,30,82.41,0.14,3,42,325,85,0,12.100000000000001,30.68,958,42,325,0,85,31.400000000000002,178,4.7
2018,9,18,15,30,97.49000000000001,0.14,3,0,0,0,0,12.8,35.81,959,0,0,0,0,29.5,168,5.4
2018,9,18,16,30,112.46000000000001,0.14,3,0,0,0,0,14.100000000000001,44.1,960,0,0,0,0,27.400000000000002,163,6.4
2018,9,18,17,30,127.41,0.14,3,0,0,0,0,15.700000000000001,55.7,961,0,0,0,0,25.200000000000003,164,6.5
2018,9,18,18,30,142.32,0.14,3,0,0,0,0,16.900000000000002,66.16,962,0,0,0,0,23.6,166,6
2018,9,18,19,30,157.12,0.14,3,0,0,0,0,17.6,73.04,962,0,0,0,0,22.700000000000003,168,5.5
2018,9,18,20,30,171.23,0.14,3,0,0,0,0,18.1,77.98,962,0,0,0,0,22.1,170,5.2
2018,9,18,21,30,171.04,0.14,3,0,0,0,0,18.400000000000002,81.88,961,0,0,0,0,21.6,173,4.7
2018,9,18,22,30,156.9,0.14,2.9000000000000004,0,0,0,0,18.6,84.88,961,0,0,0,0,21.200000000000003,177,4.4
2018,9,18,23,30,142.1,0.14,2.8000000000000003,0,0,0,0,18.7,87.08,961,0,0,0,0,20.900000000000002,181,4.3
2018,9,19,0,30,127.19,0.14,2.8000000000000003,0,0,0,0,18.8,89.37,961,0,0,0,0,20.6,184,4.1000000000000005
2018,9,19,1,30,112.24000000000001,0.14,2.7,0,0,0,0,19,92.02,962,0,0,0,0,20.3,187,3.8000000000000003
2018,9,19,2,30,97.27,0.14,2.6,0,0,0,0,19.200000000000003,93.12,962,0,0,0,0,20.3,190,3.7
2018,9,19,3,30,82.19,0.14,2.6,37,416,94,0,19.3,86.34,963,37,416,0,94,21.700000000000003,191,4.4
2018,9,19,4,30,67.28,0.14,2.6,65,735,349,0,18.900000000000002,71.84,963,65,735,0,349,24.3,193,5.1000000000000005
2018,9,19,5,30,52.31,0.14,2.6,79,860,605,1,18.2,58.15,963,79,860,0,605,27.1,196,5.300000000000001
2018,9,19,6,30,37.34,0.14,2.6,97,906,817,1,17.3,47.1,963,97,906,0,817,29.8,199,5.300000000000001
2018,9,19,7,30,22.38,0.14,2.7,102,939,971,1,16.2,38.26,962,102,939,0,971,32.2,201,5.2
2018,9,19,8,30,7.51,0.14,2.7,104,955,1051,0,15,32.03,961,104,955,0,1051,34,203,5.2
2018,9,19,9,30,7.83,0.14,2.8000000000000003,90,972,1054,0,14.100000000000001,28.04,959,90,972,0,1054,35.300000000000004,203,5.1000000000000005
2018,9,19,10,30,22.7,0.14,2.9000000000000004,88,956,970,1,13.600000000000001,26.310000000000002,958,88,956,0,970,35.9,202,5
2018,9,19,11,30,37.67,0.14,3,84,921,812,0,13.5,26.25,957,84,921,0,812,35.800000000000004,200,5
2018,9,19,12,30,52.64,0.14,3.1,75,856,595,0,13.5,27.32,957,75,856,0,595,35.1,197,4.800000000000001
2018,9,19,13,30,67.61,0.14,3.2,62,730,340,0,13.5,29.54,957,62,730,0,340,33.7,193,4.6000000000000005
2018,9,19,14,30,82.52,0.14,3.2,35,412,88,0,13.600000000000001,32.92,957,35,412,0,88,31.900000000000002,185,4.3
2018,9,19,15,30,97.60000000000001,0.14,3.2,0,0,0,0,13.9,36.79,958,0,0,0,0,30.3,174,4.800000000000001
2018,9,19,16,30,112.57000000000001,0.14,3.1,0,0,0,0,14.600000000000001,43.28,959,0,0,0,0,28.3,168,5.9
2018,9,19,17,30,127.53,0.14,3.1,0,0,0,0,15.9,53.7,960,0,0,0,0,26,168,6.300000000000001
2018,9,19,18,30,142.46,0.14,3,0,0,0,0,17.1,65.23,961,0,0,0,0,24,171,6
2018,9,19,19,30,157.29,0.14,2.9000000000000004,0,0,0,0,17.8,73.34,961,0,0,0,0,22.8,175,5.4
2018,9,19,20,30,171.51,0.14,2.9000000000000004,0,0,0,0,18.2,78.42,961,0,0,0,0,22.1,177,5
2018,9,19,21,30,171.16,0.14,2.8000000000000003,0,0,0,0,18.5,82.48,961,0,0,0,0,21.6,179,4.800000000000001
2018,9,19,22,30,156.89000000000001,0.14,2.8000000000000003,0,0,0,0,18.8,85.43,961,0,0,0,0,21.3,183,4.800000000000001
2018,9,19,23,30,142.06,0.14,2.8000000000000003,0,0,0,0,18.900000000000002,87.75,961,0,0,0,0,21,186,4.7
2018,9,20,0,30,127.13000000000001,0.14,2.7,0,0,0,0,18.900000000000002,89.09,961,0,0,0,0,20.8,191,4.5
2018,9,20,1,30,112.17,0.14,2.6,0,0,0,0,18.900000000000002,89.75,961,0,0,0,0,20.6,195,4.3
2018,9,20,2,30,97.2,0.14,2.4000000000000004,0,0,0,0,18.7,88.92,962,0,0,0,0,20.6,198,4.3
2018,9,20,3,30,82.12,0.14,2.3000000000000003,36,453,98,0,18.400000000000002,82.10000000000001,962,36,453,0,98,21.6,200,4.800000000000001
2018,9,20,4,30,67.21000000000001,0.14,2.2,61,766,358,0,17.5,67.02,963,61,766,0,358,24,201,5.2
2018,9,20,5,30,52.24,0.14,2.2,73,887,616,0,15.9,50.93,963,73,887,0,616,26.900000000000002,201,5.4
2018,9,20,6,30,37.27,0.14,2.1,82,947,835,0,14,37.85,962,82,947,0,835,29.900000000000002,201,5.5
2018,9,20,7,30,22.330000000000002,0.14,2.2,87,975,989,0,12,28.73,961,87,975,0,989,32.5,200,5.5
2018,9,20,8,30,7.5200000000000005,0.14,2.2,89,989,1069,0,10.700000000000001,23.6,960,89,989,0,1069,34.4,200,5.5
2018,9,20,9,30,8.01,0.14,2.3000000000000003,112,955,1058,0,10,21.1,959,112,955,0,1058,35.6,200,5.4
2018,9,20,10,30,22.830000000000002,0.14,2.4000000000000004,110,935,971,0,9.8,20.32,958,110,935,0,971,36.1,199,5.4
2018,9,20,11,30,37.78,0.14,2.5,105,894,811,0,10.100000000000001,20.75,957,105,894,0,811,36,198,5.300000000000001
2018,9,20,12,30,52.75,0.14,2.7,94,819,590,0,10.5,22.28,957,94,819,0,590,35.2,196,5.300000000000001
2018,9,20,13,30,67.71000000000001,0.14,2.8000000000000003,79,664,331,0,10.9,24.8,957,79,664,0,331,33.800000000000004,191,5.1000000000000005
2018,9,20,14,30,82.63,0.14,2.9000000000000004,43,288,80,0,11.5,29.11,957,43,288,0,80,31.6,182,4.5
2018,9,20,15,30,97.71000000000001,0.14,3,0,0,0,0,12.5,34.96,958,0,0,0,0,29.6,170,4.800000000000001
2018,9,20,16,30,112.69,0.14,3.1,0,0,0,0,14.200000000000001,43.43,959,0,0,0,0,27.8,165,5.9
2018,9,20,17,30,127.65,0.14,3.1,0,0,0,0,16.400000000000002,55.67,960,0,0,0,0,25.900000000000002,166,6.1000000000000005
2018,9,20,18,30,142.59,0.14,3.2,0,0,0,0,17.900000000000002,66.53,961,0,0,0,0,24.5,169,5.6000000000000005
2018,9,20,19,30,157.45000000000002,0.14,3.1,0,0,0,0,18.8,75.03,961,0,0,0,0,23.5,172,5.2
2018,9,20,20,30,171.78,0.14,3.1,0,0,0,0,19.6,82.04,961,0,0,0,0,22.8,175,5
2018,9,20,21,30,171.27,0.14,3,0,0,0,0,20.200000000000003,87.97,960,0,0,0,0,22.3,178,4.800000000000001
2018,9,20,22,30,156.87,0.14,2.9000000000000004,0,0,0,0,20.700000000000003,92.13,960,0,0,0,0,22,182,4.6000000000000005
2018,9,20,23,30,142.01,0.14,2.8000000000000003,0,0,0,0,20.8,94.31,960,0,0,0,0,21.8,184,4.5
2018,9,21,0,30,127.07000000000001,0.14,2.8000000000000003,0,0,0,0,20.900000000000002,95.84,960,0,0,0,0,21.6,187,4.3
2018,9,21,1,30,112.11,0.14,2.7,0,0,0,0,20.900000000000002,97.19,961,0,0,0,0,21.400000000000002,188,4.1000000000000005
2018,9,21,2,30,97.13,0.14,2.6,0,0,0,0,20.900000000000002,96.60000000000001,961,0,0,0,0,21.5,190,4.2
2018,9,21,3,30,82.05,0.14,2.6,36,435,96,3,20.8,88.7,962,62,4,7,63,22.8,191,5
2018,9,21,4,30,67.14,0.14,2.6,63,747,353,0,20.1,72.8,962,63,747,0,353,25.3,192,5.9
2018,9,21,5,30,52.18,0.14,2.7,77,865,607,1,19,57.94,962,77,865,0,607,28,193,6.1000000000000005
2018,9,21,6,30,37.21,0.14,2.8000000000000003,90,916,819,0,18.1,47.160000000000004,962,90,916,0,819,30.6,195,6.2
2018,9,21,7,30,22.28,0.14,2.9000000000000004,97,944,971,1,17.5,40.37,961,97,944,0,971,32.7,197,6.1000000000000005
2018,9,21,8,30,7.55,0.14,3.1,102,953,1046,2,17,35.71,960,527,242,0,766,34.300000000000004,200,6
2018,9,21,9,30,8.2,0.14,3.2,103,948,1042,0,16.400000000000002,32.36,959,103,948,0,1042,35.4,201,5.800000000000001
2018,9,21,10,30,22.96,0.14,3.3000000000000003,102,930,958,1,15.8,30.45,958,102,930,0,958,35.800000000000004,200,5.6000000000000005
2018,9,21,11,30,37.9,0.14,3.4000000000000004,96,891,799,1,15.200000000000001,29.810000000000002,957,96,891,0,799,35.5,198,5.5
2018,9,21,12,30,52.86,0.14,3.5,87,820,582,1,14.8,30.990000000000002,957,87,820,0,582,34.4,193,5.4
2018,9,21,13,30,67.82000000000001,0.14,3.6,72,680,328,2,14.8,33.85,957,171,14,0,176,32.800000000000004,186,5.4
2018,9,21,14,30,82.73,0.14,3.6,38,333,81,3,15.200000000000001,38.68,958,58,5,7,59,30.900000000000002,177,5.6000000000000005
2018,9,21,15,30,97.82000000000001,0.14,3.7,0,0,0,0,15.9,44.78,959,0,0,0,0,29.1,170,6.1000000000000005
2018,9,21,16,30,112.8,0.14,3.6,0,0,0,0,16.8,52.64,960,0,0,0,0,27.3,167,6.6000000000000005
2018,9,21,17,30,127.77,0.14,3.6,0,0,0,0,17.7,61.64,961,0,0,0,0,25.6,167,6.5
2018,9,21,18,30,142.72,0.14,3.6,0,0,0,0,18.5,70.4,961,0,0,0,0,24.200000000000003,169,6.1000000000000005
2018,9,21,19,30,157.6,0.14,3.5,0,0,0,0,19.200000000000003,78.25,961,0,0,0,0,23.200000000000003,172,5.6000000000000005
2018,9,21,20,30,172.04,0.14,3.5,0,0,0,0,19.900000000000002,84.63,961,0,0,0,0,22.6,175,5.300000000000001
2018,9,21,21,30,171.36,0.14,3.4000000000000004,0,0,0,0,20.3,88.61,961,0,0,0,0,22.3,179,5
2018,9,21,22,30,156.85,0.14,3.4000000000000004,0,0,0,0,20.400000000000002,90.29,960,0,0,0,0,22.1,182,4.800000000000001
2018,9,21,23,30,141.96,0.14,3.4000000000000004,0,0,0,0,20.400000000000002,91.3,960,0,0,0,0,21.900000000000002,185,4.6000000000000005
2018,9,22,0,30,127.01,0.14,3.3000000000000003,0,0,0,0,20.400000000000002,92.11,961,0,0,0,0,21.700000000000003,188,4.4
2018,9,22,1,30,112.04,0.14,3.2,0,0,0,0,20.3,92.64,961,0,0,0,0,21.5,191,4.2
2018,9,22,2,30,97.07000000000001,0.14,3.1,0,0,0,0,20.200000000000003,92.07000000000001,962,0,0,0,0,21.5,194,4.2
2018,9,22,3,30,81.99,0.14,3.1,40,381,93,0,20,85.27,963,40,381,0,93,22.6,197,4.9
2018,9,22,4,30,67.07000000000001,0.14,3.1,72,703,345,0,19.200000000000003,70.66,963,72,703,0,345,24.900000000000002,198,5.6000000000000005
2018,9,22,5,30,52.11,0.14,3.1,86,837,600,0,18.2,56.45,963,86,837,0,600,27.6,199,5.7
2018,9,22,6,30,37.15,0.14,3.1,94,904,814,0,16.900000000000002,44.9,963,94,904,0,814,30.200000000000003,200,5.7
2018,9,22,7,30,22.240000000000002,0.14,3.1,99,939,968,0,15.9,37.02,962,99,939,0,968,32.4,202,5.7
2018,9,22,8,30,7.61,0.14,3.2,102,952,1045,0,15.3,32.4,960,102,952,0,1045,34.1,205,5.6000000000000005
2018,9,22,9,30,8.41,0.14,3.2,101,952,1043,0,15.100000000000001,30.12,959,101,952,0,1043,35.2,207,5.4
2018,9,22,10,30,23.09,0.14,3.3000000000000003,98,935,958,0,15,29.35,958,98,935,0,958,35.6,207,5.2
2018,9,22,11,30,38.01,0.14,3.4000000000000004,92,899,800,2,15,29.76,957,403,113,0,492,35.300000000000004,206,4.9
2018,9,22,12,30,52.97,0.14,3.4000000000000004,84,828,583,0,15,31.44,957,84,828,0,583,34.300000000000004,202,4.7
2018,9,22,13,30,67.93,0.14,3.5,70,687,328,2,15.200000000000001,34.64,957,171,14,0,176,32.800000000000004,194,4.7
2018,9,22,14,30,82.84,0.14,3.6,37,334,79,3,15.600000000000001,39.19,958,13,0,7,13,31.1,185,4.800000000000001
2018,9,22,15,30,97.93,0.14,3.6,0,0,0,1,16.2,44.44,959,0,0,0,0,29.6,175,5.4
2018,9,22,16,30,112.91,0.14,3.6,0,0,0,0,16.8,51.050000000000004,960,0,0,0,0,27.900000000000002,171,6.2
2018,9,22,17,30,127.89,0.14,3.5,0,0,0,3,17.3,58.120000000000005,961,0,0,0,0,26.200000000000003,171,6.300000000000001
2018,9,22,18,30,142.84,0.14,3.4000000000000004,0,0,0,0,17.6,65.06,961,0,0,0,0,24.6,173,5.9
2018,9,22,19,30,157.75,0.14,3.3000000000000003,0,0,0,0,17.900000000000002,70.76,962,0,0,0,0,23.5,176,5.4
2018,9,22,20,30,172.29,0.14,3.2,0,0,0,0,18.2,75.91,961,0,0,0,0,22.700000000000003,179,4.9
2018,9,22,21,30,171.43,0.14,3.1,0,0,0,0,18.8,81.42,961,0,0,0,0,22.1,181,4.7
2018,9,22,22,30,156.82,0.14,3,0,0,0,0,19.3,86.95,961,0,0,0,0,21.6,184,4.5
2018,9,22,23,30,141.91,0.14,3,0,0,0,0,19.700000000000003,90.13,961,0,0,0,0,21.400000000000002,186,4.3
2018,9,23,0,30,126.95,0.15,2.9000000000000004,0,0,0,0,19.900000000000002,92.49,961,0,0,0,0,21.200000000000003,187,4
2018,9,23,1,30,111.98,0.15,2.9000000000000004,0,0,0,0,20.1,94.54,962,0,0,0,0,21,189,3.7
2018,9,23,2,30,97,0.15,2.9000000000000004,0,0,0,0,20.200000000000003,95.16,962,0,0,0,0,21,191,3.8000000000000003
2018,9,23,3,30,81.92,0.15,2.9000000000000004,37,420,97,1,20.200000000000003,87.99,963,37,420,0,97,22.3,191,4.800000000000001
2018,9,23,4,30,67,0.15,2.9000000000000004,66,732,352,3,19.6,72.53,963,212,89,0,247,24.900000000000002,191,5.6000000000000005
2018,9,23,5,30,52.050000000000004,0.15,3,80,855,605,3,18.6,57.24,963,299,56,0,333,27.8,191,5.800000000000001
2018,9,23,6,30,37.1,0.15,3,88,918,820,3,17.400000000000002,45.81,962,360,14,0,371,30.400000000000002,192,5.6000000000000005
2018,9,23,7,30,22.2,0.15,3.1,93,948,971,3,16.5,38,961,375,3,0,378,32.7,193,5.4
2018,9,23,8,30,7.68,0.15,3.2,97,959,1047,3,16,33.31,960,450,12,0,462,34.4,194,5.1000000000000005
2018,9,23,9,30,8.63,0.15,3.4000000000000004,93,960,1042,3,15.600000000000001,30.64,959,501,177,0,676,35.5,194,4.9
2018,9,23,10,30,23.23,0.15,3.5,92,942,957,3,15.3,29.63,958,444,54,0,493,35.800000000000004,193,4.7
2018,9,23,11,30,38.14,0.15,3.6,87,906,799,3,15.200000000000001,30.09,957,211,0,0,211,35.300000000000004,190,4.6000000000000005
2018,9,23,12,30,53.09,0.15,3.7,88,814,577,3,15.200000000000001,32.04,957,206,1,0,207,34.2,186,4.6000000000000005
2018,9,23,13,30,68.04,0.15,3.9000000000000004,72,672,323,3,15.5,35.730000000000004,958,14,0,0,14,32.6,181,4.800000000000001
2018,9,23,14,30,82.95,0.15,4,37,325,77,3,16.1,41.07,958,42,0,7,42,30.8,175,5.2
2018,9,23,15,30,98.04,0.15,4,0,0,0,3,16.8,47.58,959,0,0,0,0,29.1,170,5.7
2018,9,23,16,30,113.02,0.15,4,0,0,0,3,17.6,54.800000000000004,960,0,0,0,0,27.5,167,6.2
2018,9,23,17,30,128,0.15,4,0,0,0,0,18.3,62.79,961,0,0,0,0,25.900000000000002,167,6.1000000000000005
2018,9,23,18,30,142.97,0.15,4,0,0,0,0,18.8,70.51,961,0,0,0,0,24.5,168,5.6000000000000005
2018,9,23,19,30,157.89000000000001,0.15,4,0,0,0,0,19.200000000000003,76.55,962,0,0,0,0,23.6,169,5
2018,9,23,20,30,172.52,0.15,4,0,0,0,0,19.6,81.26,961,0,0,0,0,23,170,4.6000000000000005
2018,9,23,21,30,171.48,0.15,4,0,0,0,0,19.900000000000002,85.46000000000001,961,0,0,0,0,22.5,172,4.4
2018,9,23,22,30,156.78,0.15,4,0,0,0,3,20.200000000000003,88.3,961,0,0,0,0,22.200000000000003,174,4.1000000000000005
2018,9,23,23,30,141.86,0.15,4,0,0,0,3,20.3,90.10000000000001,961,0,0,0,0,22,177,3.9000000000000004
2018,9,24,0,30,126.89,0.15,4,0,0,0,0,20.400000000000002,91.16,961,0,0,0,0,21.900000000000002,180,3.6
2018,9,24,1,30,111.91,0.15,3.9000000000000004,0,0,0,3,20.5,92.36,961,0,0,0,0,21.8,183,3.4000000000000004
2018,9,24,2,30,96.93,0.15,3.9000000000000004,0,0,0,3,20.700000000000003,92.74,962,0,0,0,0,21.900000000000002,186,3.4000000000000004
2018,9,24,3,30,81.85000000000001,0.15,3.8000000000000003,35,434,97,3,20.8,86.74,962,7,0,0,7,23.1,186,4.3
2018,9,24,4,30,66.94,0.15,3.8000000000000003,63,730,349,3,20.3,73.4,962,144,4,0,146,25.400000000000002,183,5.2
2018,9,24,5,30,51.99,0.15,3.8000000000000003,78,846,599,3,19.6,59.870000000000005,962,271,21,0,284,28.1,182,5.5
2018,9,24,6,30,37.050000000000004,0.15,3.8000000000000003,106,874,803,3,19,50.69,962,385,96,0,461,30.400000000000002,182,5.5
2018,9,24,7,30,22.18,0.15,3.8000000000000003,115,907,954,2,18.6,44.39,961,492,181,0,660,32.300000000000004,184,5.300000000000001
2018,9,24,8,30,7.7700000000000005,0.15,3.9000000000000004,119,919,1030,7,18.3,39.99,960,276,628,0,898,33.800000000000004,186,5.1000000000000005
2018,9,24,9,30,8.870000000000001,0.15,4,109,931,1029,3,18,37.35,958,388,3,0,391,34.7,188,4.7
2018,9,24,10,30,23.38,0.15,4.1000000000000005,106,913,944,1,17.7,36.27,957,106,913,0,944,34.9,188,4.5
2018,9,24,11,30,38.26,0.15,4.3,102,870,785,3,17.5,36.78,957,324,5,0,328,34.4,184,4.6000000000000005
2018,9,24,12,30,53.2,0.15,4.5,94,790,567,8,17.7,40.58,957,184,575,1,529,32.9,180,5
2018,9,24,13,30,68.15,0.15,4.7,80,627,313,8,18.400000000000002,47.69,958,172,80,0,202,30.8,175,5.4
2018,9,24,14,30,83.06,0.15,4.800000000000001,41,250,71,1,19.1,56.07,959,41,250,0,71,28.700000000000003,172,5.7
2018,9,24,15,30,98.15,0.15,4.9,0,0,0,7,19.5,62.86,960,0,0,0,0,27.200000000000003,170,5.9
2018,9,24,16,30,113.13,0.15,4.9,0,0,0,3,19.6,66.86,961,0,0,0,0,26.200000000000003,170,5.9
2018,9,24,17,30,128.11,0.15,4.9,0,0,0,3,19.5,70.04,962,0,0,0,0,25.400000000000002,172,5.800000000000001
2018,9,24,18,30,143.08,0.15,4.800000000000001,0,0,0,3,19.700000000000003,74.32000000000001,962,0,0,0,0,24.6,174,5.6000000000000005
2018,9,24,19,30,158.02,0.15,4.7,0,0,0,3,20.1,79.52,962,0,0,0,0,23.900000000000002,176,5.2
2018,9,24,20,30,172.74,0.15,4.6000000000000005,0,0,0,3,20.6,84.21000000000001,962,0,0,0,0,23.400000000000002,180,4.9
2018,9,24,21,30,171.51,0.15,4.5,0,0,0,5,20.900000000000002,87.83,961,0,0,0,0,23,183,4.6000000000000005
2018,9,24,22,30,156.74,0.15,4.4,0,0,0,1,21,90.91,961,0,0,0,0,22.6,186,4.4
2018,9,24,23,30,141.8,0.15,4.3,0,0,0,0,21.1,93.17,961,0,0,0,0,22.3,188,4
2018,9,25,0,30,126.83,0.15,4.2,0,0,0,0,21.200000000000003,94.82000000000001,961,0,0,0,0,22.1,189,3.5
2018,9,25,1,30,111.85000000000001,0.15,4.2,0,0,0,0,21.3,97,961,0,0,0,0,21.8,190,3
2018,9,25,2,30,96.87,0.15,4.1000000000000005,0,0,0,1,21.3,96.55,962,0,0,0,0,21.900000000000002,189,3
2018,9,25,3,30,81.79,0.15,4,36,426,97,1,21.200000000000003,89,963,36,426,0,97,23.1,189,4
2018,9,25,4,30,66.88,0.15,3.9000000000000004,63,731,350,3,20.400000000000002,73.51,963,168,13,0,173,25.5,188,4.800000000000001
2018,9,25,5,30,51.93,0.15,3.9000000000000004,76,850,600,3,19.400000000000002,58.47,963,287,51,0,319,28.3,189,5.1000000000000005
2018,9,25,6,30,37,0.15,3.8000000000000003,85,911,813,3,18.5,47.79,963,280,1,0,280,30.900000000000002,192,5.300000000000001
2018,9,25,7,30,22.16,0.15,3.8000000000000003,90,943,963,3,17.8,40.51,961,418,13,0,430,33,195,5.4
2018,9,25,8,30,7.88,0.15,3.7,94,957,1042,3,17.2,35.85,960,354,1,0,356,34.5,199,5.300000000000001
2018,9,25,9,30,9.11,0.15,3.8000000000000003,105,940,1033,3,16.8,33.19,959,493,122,0,613,35.4,201,5.1000000000000005
2018,9,25,10,30,23.53,0.15,3.8000000000000003,101,926,949,3,16.5,32.02,957,241,0,0,241,35.7,202,4.9
2018,9,25,11,30,38.39,0.15,3.9000000000000004,94,890,791,3,16.3,32.2,957,271,1,0,271,35.4,199,4.7
2018,9,25,12,30,53.32,0.15,4,86,816,574,2,16.2,34.08,957,304,64,0,342,34.300000000000004,194,4.7
2018,9,25,13,30,68.27,0.15,4.1000000000000005,69,678,320,0,16.400000000000002,37.410000000000004,957,69,678,0,320,32.800000000000004,187,4.800000000000001
2018,9,25,14,30,83.17,0.15,4.1000000000000005,36,325,75,1,16.7,42.18,958,36,325,0,75,31,179,5
2018,9,25,15,30,98.26,0.15,4.1000000000000005,0,0,0,1,16.900000000000002,46.99,959,0,0,0,0,29.400000000000002,172,5.5
2018,9,25,16,30,113.24000000000001,0.15,4,0,0,0,3,17,51.56,960,0,0,0,0,27.900000000000002,169,6
2018,9,25,17,30,128.22,0.15,3.9000000000000004,0,0,0,0,17.2,56.9,961,0,0,0,0,26.400000000000002,170,6
2018,9,25,18,30,143.20000000000002,0.15,3.9000000000000004,0,0,0,0,17.7,63.940000000000005,962,0,0,0,0,25,172,5.6000000000000005
2018,9,25,19,30,158.15,0.15,3.8000000000000003,0,0,0,0,18.5,71.68,962,0,0,0,0,23.900000000000002,174,5
2018,9,25,20,30,172.95000000000002,0.15,3.7,0,0,0,0,19.1,77.98,961,0,0,0,0,23.200000000000003,177,4.4
2018,9,25,21,30,171.53,0.15,3.6,0,0,0,0,19.700000000000003,83.52,961,0,0,0,0,22.6,179,4
2018,9,25,22,30,156.69,0.15,3.6,0,0,0,0,20.1,87.12,960,0,0,0,0,22.3,182,3.8000000000000003
2018,9,25,23,30,141.74,0.15,3.5,0,0,0,0,20.3,89.74,960,0,0,0,0,22.1,185,3.6
2018,9,26,0,30,126.76,0.15,3.5,0,0,0,3,20.400000000000002,91.34,960,0,0,0,0,21.900000000000002,188,3.5
2018,9,26,1,30,111.78,0.15,3.5,0,0,0,1,20.5,92.10000000000001,961,0,0,0,0,21.8,192,3.3000000000000003
2018,9,26,2,30,96.8,0.15,3.5,0,0,0,0,20.5,91.07000000000001,961,0,0,0,0,22,196,3.3000000000000003
2018,9,26,3,30,81.73,0.15,3.6,38,424,99,0,20.5,85.48,962,38,424,0,99,23.1,199,4
2018,9,26,4,30,66.82000000000001,0.15,3.6,65,727,352,3,20,71.53,963,204,42,0,220,25.5,200,4.800000000000001
2018,9,26,5,30,51.88,0.15,3.6,80,848,603,0,19,57.78,963,80,848,0,603,28.1,202,5.1000000000000005
2018,9,26,6,30,36.96,0.15,3.7,107,875,806,0,18.1,47.45,962,107,875,0,806,30.5,204,5.1000000000000005
2018,9,26,7,30,22.150000000000002,0.15,3.7,113,912,958,0,17.3,40.93,961,113,912,0,958,32.300000000000004,207,5.1000000000000005
2018,9,26,8,30,8.01,0.15,3.7,115,929,1035,0,16.8,36.57,960,115,929,0,1035,33.7,210,5
2018,9,26,9,30,9.36,0.15,3.8000000000000003,106,940,1033,0,16.400000000000002,34.29,959,106,940,0,1033,34.4,213,4.800000000000001
2018,9,26,10,30,23.68,0.15,3.8000000000000003,101,925,948,0,16.1,33.04,958,101,925,0,948,34.7,216,4.5
2018,9,26,11,30,38.52,0.15,3.9000000000000004,93,891,790,0,15.8,32.8,957,93,891,0,790,34.5,217,4.3
2018,9,26,12,30,53.44,0.15,3.9000000000000004,82,826,574,2,15.600000000000001,33.69,956,320,104,0,382,33.800000000000004,216,4
2018,9,26,13,30,68.38,0.15,4,65,696,321,1,15.5,35.42,957,65,696,0,321,32.800000000000004,213,3.6
2018,9,26,14,30,83.27,0.15,4,33,359,75,0,15.5,38.34,957,33,359,0,75,31.400000000000002,205,2.8000000000000003
2018,9,26,15,30,98.36,0.15,4,0,0,0,0,15.700000000000001,41.2,958,0,0,0,0,30.400000000000002,192,2.6
2018,9,26,16,30,113.35000000000001,0.15,4,0,0,0,0,15.8,43.4,959,0,0,0,0,29.6,180,3.7
2018,9,26,17,30,128.33,0.15,3.9000000000000004,0,0,0,0,16.3,47.54,960,0,0,0,0,28.5,173,4.9
2018,9,26,18,30,143.31,0.15,3.9000000000000004,0,0,0,0,17.3,56.04,960,0,0,0,0,26.8,173,5.5
2018,9,26,19,30,158.27,0.15,3.9000000000000004,0,0,0,0,18.6,66.52,961,0,0,0,0,25.3,177,5.4
2018,9,26,20,30,173.13,0.15,3.9000000000000004,0,0,0,0,19.6,76.21000000000001,960,0,0,0,0,24.1,182,5
2018,9,26,21,30,171.53,0.15,3.9000000000000004,0,0,0,0,20.3,82.44,960,0,0,0,0,23.5,186,4.800000000000001
2018,9,26,22,30,156.64000000000001,0.15,3.9000000000000004,0,0,0,0,20.8,86.29,960,0,0,0,0,23.200000000000003,188,4.6000000000000005
2018,9,26,23,30,141.67000000000002,0.15,3.8000000000000003,0,0,0,0,21.1,89.39,959,0,0,0,0,22.900000000000002,189,4.3
2018,9,27,0,30,126.69,0.15,3.8000000000000003,0,0,0,0,21.3,91.58,960,0,0,0,0,22.700000000000003,189,4.2
2018,9,27,1,30,111.71000000000001,0.15,3.7,0,0,0,0,21.3,92.7,960,0,0,0,0,22.5,190,4
2018,9,27,2,30,96.74000000000001,0.15,3.6,0,0,0,0,21.1,91.44,961,0,0,0,0,22.6,192,4.1000000000000005
2018,9,27,3,30,81.66,0.15,3.5,38,426,100,3,20.900000000000002,84.43,962,68,8,7,69,23.700000000000003,196,4.6000000000000005
2018,9,27,4,30,66.76,0.15,3.5,66,728,353,1,20.200000000000003,70.29,962,66,728,0,353,26,198,5.2
2018,9,27,5,30,51.83,0.15,3.5,80,851,606,3,19.200000000000003,56.28,963,334,147,0,425,28.8,200,5.300000000000001
2018,9,27,6,30,36.93,0.15,3.6,89,910,816,1,18.3,45.72,962,89,910,0,816,31.400000000000002,202,5.2
2018,9,27,7,30,22.14,0.15,3.6,96,939,966,0,17.7,39.1,961,96,939,0,966,33.5,204,5.1000000000000005
2018,9,27,8,30,8.16,0.15,3.7,100,950,1041,3,17.3,35.5,960,485,93,0,577,34.800000000000004,206,4.9
2018,9,27,9,30,9.620000000000001,0.15,3.8000000000000003,103,945,1034,3,17.1,33.64,958,489,118,0,606,35.5,207,4.6000000000000005
2018,9,27,10,30,23.84,0.15,3.9000000000000004,100,927,948,3,17,33.32,957,469,154,0,611,35.6,207,4.4
2018,9,27,11,30,38.65,0.15,4,93,891,789,3,17.1,34.57,957,374,92,0,446,35,203,4.2
2018,9,27,12,30,53.550000000000004,0.15,4.1000000000000005,85,817,570,1,17.1,36.71,956,85,817,0,570,34,196,4.1000000000000005
2018,9,27,13,30,68.49,0.15,4.2,67,683,317,0,17.400000000000002,40.95,957,67,683,0,317,32.4,187,4.3
2018,9,27,14,30,83.38,0.15,4.4,34,338,72,2,18,46.79,958,52,6,7,53,30.700000000000003,175,4.6000000000000005
2018,9,27,15,30,98.47,0.15,4.4,0,0,0,0,18.8,54.5,959,0,0,0,0,28.900000000000002,165,5.2
2018,9,27,16,30,113.45,0.15,4.4,0,0,0,1,19.6,62.690000000000005,960,0,0,0,0,27.3,160,5.7
2018,9,27,17,30,128.43,0.15,4.4,0,0,0,0,20.1,69.9,961,0,0,0,0,26,159,5.7
2018,9,27,18,30,143.41,0.15,4.4,0,0,0,1,20.400000000000002,75.58,961,0,0,0,0,25,161,5.4
2018,9,27,19,30,158.39000000000001,0.15,4.3,0,0,0,0,20.700000000000003,80.27,961,0,0,0,0,24.3,164,5.1000000000000005
2018,9,27,20,30,173.3,0.15,4.2,0,0,0,0,21,84.5,961,0,0,0,0,23.8,167,4.7
2018,9,27,21,30,171.51,0.15,4.1000000000000005,0,0,0,0,21.3,88.2,960,0,0,0,0,23.400000000000002,170,4.3
2018,9,27,22,30,156.58,0.15,4,0,0,0,0,21.6,91.56,960,0,0,0,0,23,173,3.9000000000000004
2018,9,27,23,30,141.61,0.15,3.9000000000000004,0,0,0,0,21.700000000000003,93.3,959,0,0,0,0,22.8,174,3.6
2018,9,28,0,30,126.63000000000001,0.15,3.9000000000000004,0,0,0,0,21.8,95.16,960,0,0,0,0,22.6,174,3.4000000000000004
2018,9,28,1,30,111.65,0.15,3.8000000000000003,0,0,0,0,21.900000000000002,97.05,960,0,0,0,0,22.400000000000002,175,3
2018,9,28,2,30,96.67,0.15,3.7,0,0,0,0,22,97.56,961,0,0,0,0,22.400000000000002,176,3.1
2018,9,28,3,30,81.60000000000001,0.15,3.7,41,400,99,1,22,91.11,961,41,400,0,99,23.5,176,4.3
2018,9,28,4,30,66.7,0.15,3.6,71,710,352,3,21.5,77.96000000000001,962,68,0,0,68,25.6,175,5.300000000000001
2018,9,28,5,30,51.78,0.15,3.6,86,836,603,3,20.700000000000003,64.29,962,212,1,0,213,28.1,177,5.5
2018,9,28,6,30,36.89,0.15,3.6,108,878,810,3,20.1,54.29,961,430,143,0,545,30.400000000000002,181,5.5
2018,9,28,7,30,22.150000000000002,0.15,3.7,114,912,959,3,19.700000000000003,47.03,960,461,139,0,590,32.4,184,5.4
2018,9,28,8,30,8.33,0.15,3.8000000000000003,115,929,1035,2,19.200000000000003,41.96,959,527,244,0,768,33.9,186,5.1000000000000005
2018,9,28,9,30,9.9,0.15,3.8000000000000003,115,928,1029,2,18.7,38.75,957,526,230,0,752,34.800000000000004,187,4.800000000000001
2018,9,28,10,30,24,0.15,3.9000000000000004,112,910,943,2,18.3,37.27,956,487,187,0,658,35,186,4.5
2018,9,28,11,30,38.78,0.15,4,104,871,783,2,17.900000000000002,37.160000000000004,956,422,174,0,557,34.6,182,4.4
2018,9,28,12,30,53.67,0.15,4.1000000000000005,93,795,565,2,17.6,38.730000000000004,956,318,90,0,372,33.6,177,4.5
2018,9,28,13,30,68.60000000000001,0.15,4.2,76,642,311,1,17.7,42.89,956,76,642,0,311,31.900000000000002,170,4.5
2018,9,28,14,30,83.48,0.15,4.3,39,253,67,1,18.3,50,957,39,253,0,67,29.8,164,4.6000000000000005
2018,9,28,15,30,98.57000000000001,0.15,4.5,0,0,0,0,19.1,58.39,958,0,0,0,0,28,161,5
2018,9,28,16,30,113.55,0.15,4.5,0,0,0,4,19.5,65.06,959,0,0,0,0,26.6,161,5.4
2018,9,28,17,30,128.53,0.15,4.6000000000000005,0,0,0,8,19.900000000000002,71.51,960,0,0,0,0,25.400000000000002,163,5.300000000000001
2018,9,28,18,30,143.51,0.15,4.6000000000000005,0,0,0,4,20.3,78.18,960,0,0,0,0,24.3,167,5.1000000000000005
2018,9,28,19,30,158.49,0.15,4.6000000000000005,0,0,0,7,20.6,84.37,960,0,0,0,0,23.400000000000002,172,5
2018,9,28,20,30,173.44,0.15,4.5,0,0,0,8,20.900000000000002,88.76,960,0,0,0,0,22.900000000000002,177,4.800000000000001
2018,9,28,21,30,171.48,0.15,4.4,0,0,0,4,21.1,91.47,959,0,0,0,0,22.6,180,4.5
2018,9,28,22,30,156.52,0.15,4.3,0,0,0,1,21.200000000000003,93.65,959,0,0,0,0,22.3,183,4.1000000000000005
2018,9,28,23,30,141.54,0.15,4.2,0,0,0,1,21.3,95.21000000000001,959,0,0,0,0,22.1,183,3.8000000000000003
2018,9,29,0,30,126.56,0.15,4.2,0,0,0,3,21.400000000000002,96.75,959,0,0,0,0,21.900000000000002,183,3.5
2018,9,29,1,30,111.58,0.15,4.3,0,0,0,1,21.400000000000002,98.23,960,0,0,0,0,21.700000000000003,183,3.1
2018,9,29,2,30,96.61,0.15,4.4,0,0,0,0,21.5,97.98,961,0,0,0,0,21.8,184,3
2018,9,29,3,30,81.54,0.15,4.5,41,387,98,3,21.5,93.07000000000001,961,4,0,0,4,22.700000000000003,185,3.9000000000000004
2018,9,29,4,30,66.65,0.15,4.6000000000000005,72,692,346,3,21.3,82.93,962,130,1,0,130,24.400000000000002,184,4.9
2018,9,29,5,30,51.730000000000004,0.15,4.7,89,816,594,3,20.900000000000002,71.98,962,227,2,0,229,26.400000000000002,182,5
2018,9,29,6,30,36.86,0.15,4.800000000000001,100,877,802,3,20.6,63.15,962,314,3,0,316,28.3,183,4.9
2018,9,29,7,30,22.16,0.15,4.800000000000001,106,912,950,3,20.3,57.14,961,448,77,0,519,29.700000000000003,186,4.6000000000000005
2018,9,29,8,30,8.51,0.15,4.800000000000001,108,927,1025,3,20,52.53,960,477,61,0,537,30.8,190,4.4
2018,9,29,9,30,10.17,0.15,4.800000000000001,108,926,1019,3,19.700000000000003,48.72,958,475,68,0,542,31.8,192,4.4
2018,9,29,10,30,24.17,0.15,4.800000000000001,104,910,935,3,19.5,46.52,957,480,202,0,664,32.4,192,4.4
2018,9,29,11,30,38.92,0.15,4.800000000000001,98,872,777,8,19.3,46.54,957,346,160,0,471,32.2,188,4.7
2018,9,29,12,30,53.79,0.15,4.800000000000001,112,740,549,4,19.3,49.300000000000004,957,134,0,0,135,31.200000000000003,181,5
2018,9,29,13,30,68.71000000000001,0.15,4.9,88,583,300,7,19.5,54.67,957,167,221,0,248,29.6,173,5
2018,9,29,14,30,83.59,0.15,4.9,40,210,64,6,19.900000000000002,62.370000000000005,958,7,0,7,7,27.700000000000003,166,4.800000000000001
2018,9,29,15,30,98.67,0.15,4.800000000000001,0,0,0,6,20,68.92,959,0,0,0,0,26.200000000000003,161,4.9
2018,9,29,16,30,113.65,0.15,4.7,0,0,0,7,20,73.28,960,0,0,0,0,25.1,159,4.9
2018,9,29,17,30,128.63,0.15,4.7,0,0,0,5,20.1,78.44,961,0,0,0,0,24.1,160,4.7
2018,9,29,18,30,143.61,0.15,4.6000000000000005,0,0,0,1,20.400000000000002,84.33,961,0,0,0,0,23.200000000000003,162,4.4
2018,9,29,19,30,158.59,0.15,4.6000000000000005,0,0,0,0,20.700000000000003,89.29,962,0,0,0,0,22.6,166,4
2018,9,29,20,30,173.56,0.15,4.5,0,0,0,3,20.900000000000002,92.63,961,0,0,0,0,22.200000000000003,171,3.6
2018,9,29,21,30,171.43,0.15,4.4,0,0,0,3,21,94.84,961,0,0,0,0,21.900000000000002,176,3.4000000000000004
2018,9,29,22,30,156.45000000000002,0.15,4.4,0,0,0,3,21,96.59,960,0,0,0,0,21.6,181,3.4000000000000004
2018,9,29,23,30,141.47,0.15,4.4,0,0,0,3,21,97.64,960,0,0,0,0,21.400000000000002,184,3.3000000000000003
2018,9,30,0,30,126.49000000000001,0.15,4.3,0,0,0,0,21,98.65,960,0,0,0,0,21.200000000000003,186,3.3000000000000003
2018,9,30,1,30,111.51,0.15,4.3,0,0,0,8,20.900000000000002,99.56,961,0,0,0,0,21,188,3.3000000000000003
2018,9,30,2,30,96.54,0.15,4.2,0,0,0,4,20.900000000000002,98.67,961,0,0,0,0,21.1,189,3.5
2018,9,30,3,30,81.48,0.15,4.2,44,362,98,7,20.900000000000002,92.68,962,3,0,0,3,22.1,189,4.7
2018,9,30,4,30,66.6,0.15,4.2,78,676,346,5,20.400000000000002,79.36,962,82,0,0,82,24.200000000000003,187,5.7
2018,9,30,5,30,51.69,0.15,4.3,96,804,595,4,19.8,66.89,962,153,0,0,153,26.5,184,5.7
2018,9,30,6,30,36.84,0.15,4.4,105,873,804,5,19.6,57.61,962,375,37,0,404,28.8,185,5.4
2018,9,30,7,30,22.18,0.15,4.4,109,911,953,3,19.400000000000002,50.9,961,430,22,0,451,30.700000000000003,187,5.1000000000000005
2018,9,30,8,30,8.700000000000001,0.15,4.5,110,928,1027,5,19,46.21,960,276,1,0,277,32,191,5
2018,9,30,9,30,10.46,0.15,4.5,110,927,1022,5,18.7,44.25,959,482,111,0,591,32.4,194,4.800000000000001
2018,9,30,10,30,24.34,0.15,4.5,106,912,936,3,18.400000000000002,43.85,958,444,133,0,565,32.2,196,4.7
2018,9,30,11,30,39.050000000000004,0.15,4.5,99,875,778,8,18.2,44.660000000000004,958,309,332,7,567,31.700000000000003,194,4.5
2018,9,30,12,30,53.92,0.15,4.6000000000000005,88,801,560,7,18.1,46.25,958,264,178,0,369,31,190,4.4
2018,9,30,13,30,68.82000000000001,0.15,4.6000000000000005,72,653,308,7,18.1,49.72,959,130,18,0,136,29.700000000000003,182,3.8000000000000003
2018,9,30,14,30,83.69,0.15,4.6000000000000005,35,277,66,3,18.6,57.24,959,44,1,7,44,27.8,170,3.3000000000000003
2018,9,30,15,30,98.78,0.15,4.6000000000000005,0,0,0,0,19.400000000000002,66.23,960,0,0,0,0,26.200000000000003,161,3.8000000000000003
2018,9,30,16,30,113.75,0.15,4.5,0,0,0,3,19.1,69.18,961,0,0,0,0,25.1,159,4.6000000000000005
2018,9,30,17,30,128.72,0.15,4.5,0,0,0,3,18.900000000000002,73.07000000000001,962,0,0,0,0,24,160,4.5
2018,9,30,18,30,143.70000000000002,0.15,4.4,0,0,0,0,18.900000000000002,77.61,962,0,0,0,0,23,163,4.2
2018,9,30,19,30,158.68,0.15,4.3,0,0,0,0,19,81.93,962,0,0,0,0,22.200000000000003,167,3.9000000000000004
2018,9,30,20,30,173.66,0.15,4.3,0,0,0,0,19.1,85.85000000000001,962,0,0,0,0,21.6,170,3.7
2018,9,30,21,30,171.36,0.15,4.2,0,0,0,0,19.3,89.19,961,0,0,0,0,21.200000000000003,175,3.5
2018,9,30,22,30,156.38,0.15,4.2,0,0,0,0,19.6,91.59,961,0,0,0,0,21,180,3.5
2018,9,30,23,30,141.4,0.15,4.1000000000000005,0,0,0,1,19.8,93.79,961,0,0,0,0,20.8,185,3.4000000000000004
2018,10,1,0,30,126.42,0.15,4.1000000000000005,0,0,0,0,19.900000000000002,95.08,961,0,0,0,0,20.700000000000003,189,3
2018,10,1,1,30,111.45,0.15,4,0,0,0,0,20,97.04,962,0,0,0,0,20.5,194,2.6
2018,10,1,2,30,96.48,0.15,3.9000000000000004,0,0,0,0,20.1,96.87,962,0,0,0,0,20.6,199,2.7
2018,10,1,3,30,81.43,0.15,3.8000000000000003,43,373,99,0,20.1,91.16,963,43,373,0,99,21.6,201,3.7
2018,10,1,4,30,66.55,0.15,3.8000000000000003,77,685,349,3,19.6,78.23,963,123,1,0,123,23.6,201,4.6000000000000005
2018,10,1,5,30,51.65,0.15,3.8000000000000003,94,814,599,3,18.900000000000002,64.75,963,322,73,0,367,26,202,4.800000000000001
2018,10,1,6,30,36.82,0.15,3.8000000000000003,102,884,810,3,18.1,54.02,962,371,25,0,391,28.3,203,4.800000000000001
2018,10,1,7,30,22.2,0.15,3.8000000000000003,108,919,959,3,17.400000000000002,45.980000000000004,961,453,69,0,517,30.3,205,4.7
2018,10,1,8,30,8.92,0.15,3.8000000000000003,112,932,1033,3,16.8,40.84,960,434,8,0,442,31.700000000000003,206,4.7
2018,10,1,9,30,10.75,0.15,3.8000000000000003,144,887,1015,3,16.3,37.46,959,340,1,0,341,32.7,207,4.5
2018,10,1,10,30,24.52,0.15,3.8000000000000003,144,859,926,3,15.9,35.89,958,467,130,0,585,33,206,4.3
2018,10,1,11,30,39.19,0.15,3.9000000000000004,141,802,762,3,15.5,35.17,957,354,17,0,368,32.9,205,4.1000000000000005
2018,10,1,12,30,54.04,0.15,3.9000000000000004,130,701,542,3,15.200000000000001,36.02,957,41,0,0,41,32.1,202,3.8000000000000003
2018,10,1,13,30,68.93,0.15,3.9000000000000004,103,522,290,3,15,38.730000000000004,957,168,11,0,172,30.6,195,3
2018,10,1,14,30,83.79,0.15,3.9000000000000004,40,152,57,3,16.2,47.33,958,48,1,7,48,28.5,183,2.4000000000000004
2018,10,1,15,30,98.87,0.15,3.9000000000000004,0,0,0,3,17.5,56.410000000000004,959,0,0,0,0,26.900000000000002,170,3.2
2018,10,1,16,30,113.84,0.15,3.9000000000000004,0,0,0,3,16.8,57.99,960,0,0,0,0,25.700000000000003,165,4.5
2018,10,1,17,30,128.81,0.15,3.9000000000000004,0,0,0,3,17.2,64.72,961,0,0,0,0,24.3,165,5
2018,10,1,18,30,143.79,0.15,3.9000000000000004,0,0,0,0,17.900000000000002,72.99,961,0,0,0,0,23,167,4.6000000000000005
2018,10,1,19,30,158.76,0.15,3.9000000000000004,0,0,0,0,18.400000000000002,79.16,961,0,0,0,0,22.200000000000003,170,4.1000000000000005
2018,10,1,20,30,173.74,0.15,3.9000000000000004,0,0,0,0,18.8,83.60000000000001,961,0,0,0,0,21.700000000000003,173,3.7
2018,10,1,21,30,171.27,0.15,3.9000000000000004,0,0,0,0,19.200000000000003,88.3,961,0,0,0,0,21.200000000000003,176,3.5
2018,10,1,22,30,156.3,0.15,3.9000000000000004,0,0,0,0,19.6,91.74,960,0,0,0,0,21,179,3.7
2018,10,1,23,30,141.32,0.15,3.9000000000000004,0,0,0,0,20,94.49,960,0,0,0,0,20.900000000000002,181,3.9000000000000004
2018,10,2,0,30,126.35000000000001,0.15,3.9000000000000004,0,0,0,0,20.200000000000003,96.44,961,0,0,0,0,20.8,183,3.8000000000000003
2018,10,2,1,30,111.38,0.15,3.9000000000000004,0,0,0,0,20.3,97.59,961,0,0,0,0,20.700000000000003,185,3.4000000000000004
2018,10,2,2,30,96.42,0.15,3.9000000000000004,0,0,0,0,20.400000000000002,97.49000000000001,962,0,0,0,0,20.8,188,3.4000000000000004
2018,10,2,3,30,81.37,0.15,3.8000000000000003,45,352,98,1,20.400000000000002,91.93,962,45,352,0,98,21.8,189,4.2
2018,10,2,4,30,66.5,0.15,3.8000000000000003,81,668,347,2,20.200000000000003,79.28,963,217,71,0,245,24,190,5.1000000000000005
2018,10,2,5,30,51.620000000000005,0.15,3.8000000000000003,98,803,597,0,19.5,65.62,963,98,803,0,597,26.5,190,5.2
2018,10,2,6,30,36.81,0.15,3.8000000000000003,108,872,807,3,18.900000000000002,54.77,963,427,134,0,534,28.900000000000002,192,5
2018,10,2,7,30,22.240000000000002,0.15,3.9000000000000004,115,907,954,3,18.2,46.96,962,471,146,0,606,30.8,196,4.800000000000001
2018,10,2,8,30,9.14,0.15,3.9000000000000004,120,920,1028,3,17.5,41.32,961,513,178,0,688,32.300000000000004,200,4.7
2018,10,2,9,30,11.040000000000001,0.15,3.9000000000000004,125,911,1019,3,16.900000000000002,37.94,960,364,2,0,365,33.1,203,4.5
2018,10,2,10,30,24.69,0.15,3.9000000000000004,127,884,930,3,16.400000000000002,36.33,959,411,12,0,422,33.300000000000004,204,4.3
2018,10,2,11,30,39.33,0.15,3.9000000000000004,127,829,768,3,16,36.5,958,360,26,0,381,32.800000000000004,202,4.1000000000000005
2018,10,2,12,30,54.160000000000004,0.15,3.9000000000000004,118,733,547,3,15.8,38.35,958,303,55,0,335,31.700000000000003,197,4
2018,10,2,13,30,69.05,0.15,4,92,569,295,4,15.8,41.64,959,12,0,0,12,30.3,188,3.6
2018,10,2,14,30,83.89,0.15,4,38,200,60,4,16.5,48.35,959,15,0,7,15,28.400000000000002,176,3.3000000000000003
2018,10,2,15,30,98.97,0.15,4,0,0,0,4,17.5,56.74,960,0,0,0,0,26.8,166,3.9000000000000004
2018,10,2,16,30,113.93,0.15,4.1000000000000005,0,0,0,4,17.5,61.09,961,0,0,0,0,25.6,164,4.800000000000001
2018,10,2,17,30,128.9,0.15,4.1000000000000005,0,0,0,4,17.8,67.23,962,0,0,0,0,24.3,165,4.800000000000001
2018,10,2,18,30,143.87,0.15,4.1000000000000005,0,0,0,4,18.1,72.82000000000001,962,0,0,0,0,23.200000000000003,167,4.6000000000000005
2018,10,2,19,30,158.84,0.15,4.1000000000000005,0,0,0,3,18.3,78.21000000000001,962,0,0,0,0,22.3,170,4.2
2018,10,2,20,30,173.78,0.15,4,0,0,0,1,18.7,82.99,962,0,0,0,0,21.700000000000003,173,3.9000000000000004
2018,10,2,21,30,171.17000000000002,0.15,4,0,0,0,3,19.1,87.61,961,0,0,0,0,21.200000000000003,175,3.7
2018,10,2,22,30,156.21,0.15,3.9000000000000004,0,0,0,0,19.3,91.4,961,0,0,0,0,20.8,179,3.6
2018,10,2,23,30,141.24,0.15,3.7,0,0,0,0,19.400000000000002,94.12,961,0,0,0,0,20.400000000000002,182,3.4000000000000004
2018,10,3,0,30,126.28,0.15,3.6,0,0,0,3,19.400000000000002,95.84,961,0,0,0,0,20.1,185,3.1
2018,10,3,1,30,111.31,0.15,3.5,0,0,0,0,19.400000000000002,97.06,962,0,0,0,0,19.900000000000002,187,2.8000000000000003
2018,10,3,2,30,96.36,0.15,3.4000000000000004,0,0,0,0,19.400000000000002,96.4,962,0,0,0,0,20,189,2.9000000000000004
2018,10,3,3,30,81.32000000000001,0.15,3.3000000000000003,46,335,97,0,19.5,90,963,46,335,0,97,21.200000000000003,189,3.6
2018,10,3,4,30,66.45,0.15,3.3000000000000003,87,648,345,0,19.3,76.8,963,87,648,0,345,23.6,188,4.3
2018,10,3,5,30,51.59,0.15,3.4000000000000004,105,789,596,0,18.5,62.370000000000005,963,105,789,0,596,26.3,188,4.5
2018,10,3,6,30,36.800000000000004,0.15,3.4000000000000004,132,833,799,0,17.6,50.36,963,132,833,0,799,28.900000000000002,190,4.4
2018,10,3,7,30,22.28,0.15,3.4000000000000004,141,871,947,0,16.3,41.06,962,141,871,0,947,31.1,194,4.4
2018,10,3,8,30,9.370000000000001,0.15,3.5,147,884,1020,0,15.100000000000001,34.74,961,147,884,0,1020,32.7,198,4.2
2018,10,3,9,30,11.34,0.15,3.5,136,900,1019,0,14.200000000000001,30.87,960,136,900,0,1019,33.7,202,4
2018,10,3,10,30,24.88,0.15,3.6,135,873,927,2,13.700000000000001,29.13,958,486,155,0,626,34.2,205,3.8000000000000003
2018,10,3,11,30,39.47,0.15,3.7,131,820,764,3,13.600000000000001,29.02,958,386,63,0,434,34.2,207,3.6
2018,10,3,12,30,54.28,0.15,3.8000000000000003,123,719,542,2,13.8,30.5,957,322,82,0,369,33.5,205,3.3000000000000003
2018,10,3,13,30,69.16,0.15,3.9000000000000004,101,528,289,3,14.200000000000001,34.2,958,166,11,0,170,31.900000000000002,198,2.7
2018,10,3,14,30,83.99,0.15,4,40,154,57,3,16,43.550000000000004,958,46,2,7,46,29.700000000000003,185,2
2018,10,3,15,30,99.07000000000001,0.15,4.1000000000000005,0,0,0,3,17.7,53.65,959,0,0,0,0,28,171,2.8000000000000003
2018,10,3,16,30,114.02,0.15,4.2,0,0,0,3,17,54.53,960,0,0,0,0,26.900000000000002,163,4.2
2018,10,3,17,30,128.98,0.15,4.2,0,0,0,3,17.1,60.58,961,0,0,0,0,25.3,161,4.800000000000001
2018,10,3,18,30,143.95000000000002,0.15,4.2,0,0,0,0,17.6,68.24,962,0,0,0,0,23.8,162,4.5
2018,10,3,19,30,158.91,0.15,4.2,0,0,0,0,18,74.15,962,0,0,0,0,22.8,163,3.9000000000000004
2018,10,3,20,30,173.81,0.15,4.2,0,0,0,1,18.3,78.39,962,0,0,0,0,22.200000000000003,165,3.5
2018,10,3,21,30,171.05,0.15,4.1000000000000005,0,0,0,0,18.5,82.2,961,0,0,0,0,21.700000000000003,166,3.2
2018,10,3,22,30,156.13,0.15,4,0,0,0,0,18.8,84.89,961,0,0,0,0,21.400000000000002,169,3
2018,10,3,23,30,141.17000000000002,0.15,4,0,0,0,0,18.900000000000002,87.23,961,0,0,0,0,21.1,172,2.8000000000000003
2018,10,4,0,30,126.2,0.15,3.9000000000000004,0,0,0,0,19,89.19,961,0,0,0,0,20.8,176,2.6
2018,10,4,1,30,111.25,0.15,3.8000000000000003,0,0,0,0,19,91.01,962,0,0,0,0,20.5,179,2.5
2018,10,4,2,30,96.3,0.15,3.7,0,0,0,0,19,90.4,962,0,0,0,0,20.6,183,2.8000000000000003
2018,10,4,3,30,81.27,0.15,3.7,48,337,99,0,18.900000000000002,83.72,963,48,337,0,99,21.8,186,3.8000000000000003
2018,10,4,4,30,66.41,0.15,3.7,87,652,347,3,18.400000000000002,70.19,963,72,0,0,72,24.200000000000003,188,4.6000000000000005
2018,10,4,5,30,51.56,0.15,3.7,105,793,598,0,17.8,57.31,964,105,793,0,598,26.900000000000002,191,4.800000000000001
2018,10,4,6,30,36.800000000000004,0.15,3.8000000000000003,115,864,807,0,17,47.050000000000004,963,115,864,0,807,29.5,195,4.7
2018,10,4,7,30,22.330000000000002,0.15,3.8000000000000003,123,899,955,0,16.400000000000002,39.59,962,123,899,0,955,31.8,200,4.4
2018,10,4,8,30,9.620000000000001,0.15,3.8000000000000003,128,911,1026,0,16,35.17,961,128,911,0,1026,33.5,206,4.1000000000000005
2018,10,4,9,30,11.65,0.15,3.8000000000000003,110,934,1026,0,15.8,32.71,959,110,934,0,1026,34.5,211,3.8000000000000003
2018,10,4,10,30,25.060000000000002,0.15,3.8000000000000003,110,912,936,3,15.5,31.48,958,480,165,0,629,34.9,214,3.4000000000000004
2018,10,4,11,30,39.62,0.15,3.8000000000000003,104,872,775,3,15.3,31.35,958,384,93,0,456,34.7,215,3.1
2018,10,4,12,30,54.4,0.15,3.8000000000000003,97,786,554,3,15,32.26,958,244,9,0,249,33.9,212,2.8000000000000003
2018,10,4,13,30,69.27,0.15,3.7,76,636,301,3,14.8,34.26,958,106,1,0,107,32.6,205,2.2
2018,10,4,14,30,84.09,0.15,3.8000000000000003,34,262,61,2,16,41.65,959,45,2,7,45,30.5,188,1.5
2018,10,4,15,30,99.16,0.15,3.8000000000000003,0,0,0,3,17.900000000000002,51.59,959,0,0,0,0,28.900000000000002,168,2.1
2018,10,4,16,30,114.11,0.15,3.8000000000000003,0,0,0,3,16.5,50.26,961,0,0,0,0,27.8,159,4
2018,10,4,17,30,129.06,0.15,3.9000000000000004,0,0,0,3,16.3,55.300000000000004,962,0,0,0,0,26,158,5.300000000000001
2018,10,4,18,30,144.02,0.15,4,0,0,0,1,17.5,65.73,962,0,0,0,0,24.3,161,5.4
2018,10,4,19,30,158.96,0.15,4,0,0,0,0,18.6,75.4,963,0,0,0,0,23.200000000000003,165,4.800000000000001
2018,10,4,20,30,173.8,0.15,4,0,0,0,0,19.200000000000003,81.23,962,0,0,0,0,22.6,168,4.5
2018,10,4,21,30,170.92000000000002,0.15,4,0,0,0,0,19.5,84.44,962,0,0,0,0,22.3,171,4.4
2018,10,4,22,30,156.03,0.15,3.9000000000000004,0,0,0,0,19.700000000000003,86.62,961,0,0,0,0,22,174,4.2
2018,10,4,23,30,141.09,0.15,3.8000000000000003,0,0,0,0,19.8,89.2,961,0,0,0,0,21.700000000000003,176,3.9000000000000004
2018,10,5,0,30,126.13000000000001,0.15,3.8000000000000003,0,0,0,0,20,91.42,962,0,0,0,0,21.5,177,3.7
2018,10,5,1,30,111.18,0.15,3.7,0,0,0,0,20.200000000000003,92.93,962,0,0,0,0,21.400000000000002,178,3.4000000000000004
2018,10,5,2,30,96.24000000000001,0.15,3.6,0,0,0,0,20.3,93.62,963,0,0,0,0,21.400000000000002,179,3.5
2018,10,5,3,30,81.22,0.15,3.6,41,416,105,1,20.400000000000002,87.85000000000001,963,41,416,0,105,22.5,180,4.1000000000000005
2018,10,5,4,30,66.37,0.15,3.7,71,714,357,3,19.900000000000002,74.01,964,162,10,0,166,24.8,183,4.6000000000000005
2018,10,5,5,30,51.53,0.15,3.7,87,836,607,0,18.8,59.26,964,87,836,0,607,27.400000000000002,187,4.7
2018,10,5,6,30,36.800000000000004,0.15,3.8000000000000003,119,857,805,1,17.400000000000002,46.94,963,119,857,0,805,30,193,4.6000000000000005
2018,10,5,7,30,22.39,0.15,3.9000000000000004,128,891,951,0,16.5,38.980000000000004,962,128,891,0,951,32.2,199,4.4
2018,10,5,8,30,9.870000000000001,0.15,3.9000000000000004,133,904,1024,0,16.1,34.550000000000004,961,133,904,0,1024,33.9,205,4.1000000000000005
2018,10,5,9,30,11.950000000000001,0.15,3.9000000000000004,122,917,1019,1,15.9,32.47,959,122,917,0,1019,34.800000000000004,208,3.8000000000000003
2018,10,5,10,30,25.25,0.15,3.9000000000000004,119,897,931,0,15.8,31.720000000000002,958,119,897,0,931,35.1,209,3.5
2018,10,5,11,30,39.76,0.15,4,112,854,768,3,15.700000000000001,32.46,958,391,97,0,466,34.6,207,3.4000000000000004
2018,10,5,12,30,54.53,0.15,4,97,780,550,2,15.700000000000001,34.08,958,316,98,0,373,33.7,201,3.3000000000000003
2018,10,5,13,30,69.37,0.15,4,75,633,298,3,15.700000000000001,36.730000000000004,958,161,12,0,165,32.4,193,3.2
2018,10,5,14,30,84.19,0.15,4.1000000000000005,33,254,59,2,16,41.31,959,45,3,7,45,30.6,178,3
2018,10,5,15,30,99.25,0.15,4.1000000000000005,0,0,0,1,16.7,47.85,959,0,0,0,0,28.900000000000002,165,3.9000000000000004
2018,10,5,16,30,114.19,0.15,4.1000000000000005,0,0,0,3,16.900000000000002,53.02,960,0,0,0,0,27.3,160,5.4
2018,10,5,17,30,129.14000000000001,0.15,4.1000000000000005,0,0,0,0,17.7,61.89,961,0,0,0,0,25.5,161,5.9
2018,10,5,18,30,144.08,0.15,4.1000000000000005,0,0,0,0,18.5,70.91,962,0,0,0,0,24.1,165,5.6000000000000005
2018,10,5,19,30,159.01,0.15,4.1000000000000005,0,0,0,0,19,76.88,962,0,0,0,0,23.3,168,5.1000000000000005
2018,10,5,20,30,173.77,0.15,4.1000000000000005,0,0,0,0,19.400000000000002,80.51,962,0,0,0,0,22.900000000000002,171,4.9
2018,10,5,21,30,170.78,0.15,4,0,0,0,0,19.700000000000003,84,961,0,0,0,0,22.5,173,4.9
2018,10,5,22,30,155.94,0.15,3.9000000000000004,0,0,0,0,19.8,86.5,961,0,0,0,0,22.200000000000003,176,4.6000000000000005
2018,10,5,23,30,141,0.15,3.8000000000000003,0,0,0,0,20,88.63,961,0,0,0,0,22,178,4.3
2018,10,6,0,30,126.06,0.15,3.7,0,0,0,0,20.200000000000003,91.34,961,0,0,0,0,21.700000000000003,179,3.9000000000000004
2018,10,6,1,30,111.12,0.15,3.7,0,0,0,0,20.400000000000002,93.51,962,0,0,0,0,21.5,181,3.6
2018,10,6,2,30,96.18,0.15,3.6,0,0,0,0,20.6,94.52,962,0,0,0,0,21.5,182,3.6
2018,10,6,3,30,81.17,0.15,3.7,40,436,107,2,20.700000000000003,89.28,963,18,0,0,18,22.6,184,4.4
2018,10,6,4,30,66.34,0.15,3.7,69,723,359,3,20.3,75.79,963,217,78,0,248,24.900000000000002,186,5.300000000000001
2018,10,6,5,30,51.51,0.15,3.8000000000000003,86,837,607,3,19.5,62.47,963,212,1,0,213,27.3,190,5.6000000000000005
2018,10,6,6,30,36.81,0.15,3.9000000000000004,97,895,814,3,18.6,52.36,963,257,1,0,257,29.400000000000002,193,5.6000000000000005
2018,10,6,7,30,22.45,0.15,3.9000000000000004,105,926,960,3,17.7,45.4,962,384,4,0,388,30.900000000000002,197,5.5
2018,10,6,8,30,10.14,0.15,3.9000000000000004,110,937,1032,4,17,40.910000000000004,961,272,0,0,272,31.900000000000002,200,5.300000000000001
2018,10,6,9,30,12.26,0.15,3.9000000000000004,128,909,1016,3,16.5,38.24,960,378,2,0,380,32.5,204,5
2018,10,6,10,30,25.44,0.15,3.9000000000000004,124,889,927,3,16.1,36.81,959,430,30,0,457,32.800000000000004,207,4.6000000000000005
2018,10,6,11,30,39.910000000000004,0.15,3.9000000000000004,115,848,766,3,15.9,36.49,958,402,107,0,484,32.7,208,4.2
2018,10,6,12,30,54.65,0.15,3.9000000000000004,101,771,547,2,15.8,37.49,958,311,77,0,356,32.1,206,3.8000000000000003
2018,10,6,13,30,69.48,0.15,4,79,615,295,2,15.9,39.85,958,179,22,0,187,31.1,201,3
2018,10,6,14,30,84.29,0.15,4,34,230,57,0,16.5,45.43,958,34,230,0,57,29.5,188,2.1
2018,10,6,15,30,99.34,0.15,4,0,0,0,0,17.5,52.32,959,0,0,0,0,28.200000000000003,173,2.9000000000000004
2018,10,6,16,30,114.27,0.15,4.1000000000000005,0,0,0,3,17.5,55.45,960,0,0,0,0,27.200000000000003,167,4.6000000000000005
2018,10,6,17,30,129.21,0.15,4.1000000000000005,0,0,0,0,18.1,63.02,961,0,0,0,0,25.700000000000003,166,5.5
2018,10,6,18,30,144.15,0.15,4,0,0,0,0,18.900000000000002,72.25,961,0,0,0,0,24.200000000000003,168,5.5
2018,10,6,19,30,159.05,0.15,4,0,0,0,0,19.400000000000002,79.15,962,0,0,0,0,23.200000000000003,170,5.1000000000000005
2018,10,6,20,30,173.72,0.15,4,0,0,0,0,19.6,82.45,961,0,0,0,0,22.700000000000003,173,4.800000000000001
2018,10,6,21,30,170.63,0.15,3.9000000000000004,0,0,0,0,19.6,84.27,961,0,0,0,0,22.400000000000002,175,4.7
2018,10,6,22,30,155.84,0.15,3.9000000000000004,0,0,0,0,19.6,85.85000000000001,960,0,0,0,0,22.1,178,4.6000000000000005
2018,10,6,23,30,140.92000000000002,0.15,3.8000000000000003,0,0,0,0,19.6,86.81,960,0,0,0,0,21.900000000000002,181,4.4
2018,10,7,0,30,125.99000000000001,0.15,3.7,0,0,0,0,19.700000000000003,88.33,961,0,0,0,0,21.700000000000003,182,4.1000000000000005
2018,10,7,1,30,111.05,0.15,3.6,0,0,0,0,19.900000000000002,90.37,961,0,0,0,0,21.5,183,3.7
2018,10,7,2,30,96.13,0.15,3.6,0,0,0,0,20.200000000000003,92.63,962,0,0,0,0,21.400000000000002,183,3.6
2018,10,7,3,30,81.12,0.15,3.6,48,347,102,1,20.400000000000002,87.97,962,48,347,0,102,22.5,184,4.4
2018,10,7,4,30,66.3,0.15,3.6,87,659,352,0,19.900000000000002,74.22,963,87,659,0,352,24.8,186,5.2
2018,10,7,5,30,51.5,0.15,3.7,104,796,600,0,19,59.92,963,104,796,0,600,27.5,189,5.4
2018,10,7,6,30,36.82,0.15,3.7,113,871,810,0,18.2,48.89,962,113,871,0,810,30.1,193,5.2
2018,10,7,7,30,22.53,0.15,3.7,118,910,958,3,17.3,40.69,961,441,28,0,467,32.4,197,5
2018,10,7,8,30,10.41,0.15,3.7,121,924,1030,3,16.8,35.85,959,352,1,0,353,34,201,4.7
2018,10,7,9,30,12.58,0.15,3.7,122,922,1021,3,16.5,33.06,958,526,207,0,727,35.1,204,4.3
2018,10,7,10,30,25.63,0.15,3.7,116,905,932,3,16.2,31.85,957,437,44,0,477,35.5,206,4
2018,10,7,11,30,40.050000000000004,0.15,3.7,108,866,770,3,16,31.76,956,371,84,0,436,35.300000000000004,206,3.7
2018,10,7,12,30,54.77,0.15,3.7,95,790,551,3,15.8,32.83,956,249,14,0,257,34.5,203,3.6
2018,10,7,13,30,69.59,0.15,3.8000000000000003,73,642,297,3,15.8,35.35,956,11,0,0,11,33.1,196,3.4000000000000004
2018,10,7,14,30,84.38,0.15,3.8000000000000003,32,263,58,3,16,39.68,957,41,1,7,41,31.3,184,3.1
2018,10,7,15,30,99.43,0.15,3.8000000000000003,0,0,0,0,16.7,45.44,958,0,0,0,0,29.700000000000003,171,3.6
2018,10,7,16,30,114.35000000000001,0.15,3.8000000000000003,0,0,0,0,17,50.58,958,0,0,0,0,28.200000000000003,165,4.800000000000001
2018,10,7,17,30,129.28,0.15,3.7,0,0,0,0,17.6,58.02,959,0,0,0,0,26.5,163,5.4
2018,10,7,18,30,144.20000000000002,0.15,3.6,0,0,0,0,18.1,66.42,960,0,0,0,0,24.8,165,5.2
2018,10,7,19,30,159.09,0.15,3.5,0,0,0,0,18.400000000000002,72.36,960,0,0,0,0,23.700000000000003,167,4.7
2018,10,7,20,30,173.64000000000001,0.15,3.5,0,0,0,0,18.6,76.79,960,0,0,0,0,22.900000000000002,169,4.4
2018,10,7,21,30,170.46,0.15,3.5,0,0,0,0,18.8,80.27,960,0,0,0,0,22.400000000000002,171,4.2
2018,10,7,22,30,155.74,0.15,3.5,0,0,0,0,19.1,84.32000000000001,960,0,0,0,0,21.900000000000002,173,4.1000000000000005
2018,10,7,23,30,140.84,0.15,3.6,0,0,0,0,19.400000000000002,86.99,960,0,0,0,0,21.700000000000003,174,4.1000000000000005
2018,10,8,0,30,125.92,0.15,3.6,0,0,0,0,19.6,88.72,960,0,0,0,0,21.5,176,4.1000000000000005
2018,10,8,1,30,110.99000000000001,0.15,3.6,0,0,0,0,19.5,88.15,960,0,0,0,0,21.5,178,4
2018,10,8,2,30,96.07000000000001,0.15,3.6,0,0,0,0,19.3,86.96000000000001,961,0,0,0,0,21.6,180,4
2018,10,8,3,30,81.08,0.15,3.6,47,361,103,1,19.200000000000003,80.08,961,47,361,0,103,22.8,183,4.6000000000000005
2018,10,8,4,30,66.27,0.15,3.6,83,671,353,0,18.7,67.6,962,83,671,0,353,25.1,186,5.1000000000000005
2018,10,8,5,30,51.480000000000004,0.15,3.7,100,805,602,0,18,54.99,962,100,805,0,602,27.900000000000002,191,5.1000000000000005
2018,10,8,6,30,36.83,0.15,3.7,112,871,810,0,17.3,44.83,961,112,871,0,810,30.700000000000003,196,5.1000000000000005
2018,10,8,7,30,22.61,0.15,3.8000000000000003,121,904,955,0,16.900000000000002,38.12,960,121,904,0,955,33.1,202,4.9
2018,10,8,8,30,10.69,0.15,3.8000000000000003,126,916,1026,0,16.7,34.19,959,126,916,0,1026,34.800000000000004,207,4.6000000000000005
2018,10,8,9,30,12.89,0.15,3.8000000000000003,130,908,1015,0,16.5,32.15,958,130,908,0,1015,35.7,210,4.2
2018,10,8,10,30,25.82,0.15,3.9000000000000004,129,881,923,2,16.3,31.42,956,494,195,0,669,35.9,213,3.9000000000000004
2018,10,8,11,30,40.2,0.15,3.9000000000000004,124,833,760,3,16.2,31.8,956,386,88,0,454,35.5,212,3.6
2018,10,8,12,30,54.89,0.15,4,125,710,533,2,16.1,33.34,955,275,37,0,296,34.5,207,3.4000000000000004
2018,10,8,13,30,69.7,0.15,4,98,526,281,3,16.2,36.28,956,49,0,0,49,33.1,196,3.2
2018,10,8,14,30,84.47,0.15,4,37,142,50,3,16.5,40.95,956,41,1,7,41,31.3,181,3.3000000000000003
2018,10,8,15,30,99.51,0.15,4,0,0,0,3,17.1,46.95,957,0,0,0,0,29.6,168,4.2
2018,10,8,16,30,114.43,0.15,4,0,0,0,3,17.5,52.64,958,0,0,0,0,28.1,165,5.4
2018,10,8,17,30,129.34,0.15,3.9000000000000004,0,0,0,0,18,59.86,959,0,0,0,0,26.400000000000002,166,5.800000000000001
2018,10,8,18,30,144.25,0.15,3.7,0,0,0,0,18.3,66.58,960,0,0,0,0,25,169,5.5
2018,10,8,19,30,159.11,0.15,3.6,0,0,0,0,18.7,72.62,960,0,0,0,0,23.900000000000002,171,5.1000000000000005
2018,10,8,20,30,173.53,0.15,3.5,0,0,0,0,19.1,78.69,960,0,0,0,0,23,174,4.7
2018,10,8,21,30,170.29,0.15,3.4000000000000004,0,0,0,0,19.5,83.76,959,0,0,0,0,22.400000000000002,177,4.5
2018,10,8,22,30,155.63,0.15,3.4000000000000004,0,0,0,0,19.900000000000002,88.15,959,0,0,0,0,22,180,4.3
2018,10,8,23,30,140.75,0.15,3.4000000000000004,0,0,0,0,20.200000000000003,90.77,959,0,0,0,0,21.8,180,4.3
2018,10,9,0,30,125.84,0.15,3.4000000000000004,0,0,0,0,20.3,91.98,959,0,0,0,0,21.700000000000003,180,4.2
2018,10,9,1,30,110.93,0.15,3.4000000000000004,0,0,0,0,20.400000000000002,93.45,960,0,0,0,0,21.5,180,4
2018,10,9,2,30,96.02,0.15,3.5,0,0,0,0,20.5,93.33,960,0,0,0,0,21.6,181,4
2018,10,9,3,30,81.04,0.15,3.5,47,354,102,1,20.5,87.28,961,47,354,0,102,22.700000000000003,182,4.800000000000001
2018,10,9,4,30,66.24,0.15,3.5,87,656,351,1,20,73.15,961,87,656,0,351,25.1,184,5.5
2018,10,9,5,30,51.47,0.15,3.5,106,792,600,1,19.1,59.28,961,106,792,0,600,27.8,186,5.7
2018,10,9,6,30,36.85,0.15,3.5,118,863,809,3,18.1,47.42,961,271,1,0,271,30.5,189,5.800000000000001
2018,10,9,7,30,22.7,0.15,3.5,126,900,956,3,17,38.93,960,379,3,0,381,32.800000000000004,192,5.7
2018,10,9,8,30,10.98,0.15,3.6,129,914,1026,3,16.3,33.77,958,365,2,0,366,34.5,195,5.5
2018,10,9,9,30,13.21,0.15,3.6,127,914,1016,2,15.9,30.8,957,521,184,0,700,35.7,197,5.2
2018,10,9,10,30,26.02,0.15,3.6,124,894,927,3,15.600000000000001,29.6,956,444,66,0,503,36.1,197,4.800000000000001
2018,10,9,11,30,40.35,0.15,3.7,117,847,763,7,15.3,29.8,955,318,336,7,575,35.7,194,4.5
2018,10,9,12,30,55.02,0.15,3.7,114,740,538,3,15.3,31.5,955,153,0,0,153,34.6,188,4.3
2018,10,9,13,30,69.8,0.15,3.8000000000000003,89,570,285,5,15.4,34.87,956,11,0,0,11,33,180,4.3
2018,10,9,14,30,84.57000000000001,0.15,3.9000000000000004,35,180,52,4,16,39.97,957,5,0,7,5,31.200000000000003,171,4.5
2018,10,9,15,30,99.59,0.15,4,0,0,0,4,16.900000000000002,46.89,958,0,0,0,0,29.400000000000002,165,5.1000000000000005
2018,10,9,16,30,114.5,0.15,4.1000000000000005,0,0,0,4,17.7,54.120000000000005,959,0,0,0,0,27.8,163,5.7
2018,10,9,17,30,129.4,0.15,4.1000000000000005,0,0,0,7,18.3,61.09,960,0,0,0,0,26.400000000000002,164,5.800000000000001
2018,10,9,18,30,144.3,0.15,4.2,0,0,0,4,18.8,68.13,961,0,0,0,0,25.1,165,5.5
2018,10,9,19,30,159.13,0.15,4.2,0,0,0,4,19.400000000000002,74.88,961,0,0,0,0,24.1,167,5.1000000000000005
2018,10,9,20,30,173.41,0.15,4.2,0,0,0,4,19.900000000000002,80.98,961,0,0,0,0,23.400000000000002,170,4.7
2018,10,9,21,30,170.1,0.15,4.2,0,0,0,5,20.400000000000002,85.71000000000001,960,0,0,0,0,22.900000000000002,173,4.5
2018,10,9,22,30,155.52,0.15,4.1000000000000005,0,0,0,3,20.5,87.44,960,0,0,0,0,22.700000000000003,175,4.4
2018,10,9,23,30,140.67000000000002,0.15,4.1000000000000005,0,0,0,3,20.400000000000002,87.63,959,0,0,0,0,22.6,176,4.3
2018,10,10,0,30,125.77,0.14,4,0,0,0,3,20.400000000000002,88.54,960,0,0,0,0,22.400000000000002,175,4.1000000000000005
2018,10,10,1,30,110.87,0.14,3.9000000000000004,0,0,0,3,20.400000000000002,88.8,960,0,0,0,0,22.3,175,3.9000000000000004
2018,10,10,2,30,95.97,0.14,3.9000000000000004,0,0,0,1,20.3,89.14,961,0,0,0,0,22.200000000000003,176,3.9000000000000004
2018,10,10,3,30,81,0.14,3.8000000000000003,47,354,103,3,20.200000000000003,83.35000000000001,962,46,0,0,46,23.200000000000003,179,4.4
2018,10,10,4,30,66.22,0.14,3.7,86,660,352,3,19.700000000000003,71.04,962,220,73,0,250,25.3,182,4.800000000000001
2018,10,10,5,30,51.47,0.14,3.6,105,794,600,3,19,58.75,963,343,111,0,412,27.8,187,4.800000000000001
2018,10,10,6,30,36.88,0.14,3.5,121,858,807,3,18.1,48.36,962,362,14,0,373,30.200000000000003,192,4.7
2018,10,10,7,30,22.79,0.14,3.5,128,896,953,3,16.900000000000002,39.660000000000004,961,377,3,0,380,32.300000000000004,198,4.6000000000000005
2018,10,10,8,30,11.27,0.14,3.4000000000000004,132,911,1026,3,15.4,32.96,960,494,105,0,596,34,203,4.6000000000000005
2018,10,10,9,30,13.52,0.14,3.4000000000000004,140,897,1012,3,14.200000000000001,28.48,958,427,7,0,434,35.2,204,4.6000000000000005
2018,10,10,10,30,26.21,0.14,3.4000000000000004,134,879,922,2,13.4,26.1,957,487,160,0,630,35.800000000000004,203,4.6000000000000005
2018,10,10,11,30,40.49,0.14,3.4000000000000004,124,836,759,7,12.9,25.29,956,346,266,0,549,35.800000000000004,198,4.6000000000000005
2018,10,10,12,30,55.14,0.14,3.4000000000000004,110,751,539,2,12.700000000000001,26.14,956,281,42,0,305,35,193,4.6000000000000005
2018,10,10,13,30,69.9,0.14,3.4000000000000004,86,581,285,0,12.8,28.61,956,86,581,0,285,33.5,185,4.4
2018,10,10,14,30,84.65,0.14,3.5,33,181,50,2,13.3,32.97,957,33,181,5,50,31.5,175,4.2
2018,10,10,15,30,99.67,0.14,3.6,0,0,0,0,14.3,39.52,958,0,0,0,0,29.5,166,4.800000000000001
2018,10,10,16,30,114.57000000000001,0.14,3.6,0,0,0,1,15.600000000000001,48.02,959,0,0,0,0,27.6,163,5.7
2018,10,10,17,30,129.46,0.14,3.6,0,0,0,1,16.900000000000002,58.69,960,0,0,0,0,25.6,166,5.800000000000001
2018,10,10,18,30,144.34,0.14,3.7,0,0,0,0,17.6,66.79,961,0,0,0,0,24.200000000000003,171,5.4
2018,10,10,19,30,159.13,0.14,3.7,0,0,0,0,18,72.76,961,0,0,0,0,23.200000000000003,175,4.9
2018,10,10,20,30,173.26,0.14,3.6,0,0,0,0,18.400000000000002,77.69,961,0,0,0,0,22.5,180,4.6000000000000005
2018,10,10,21,30,169.9,0.14,3.6,0,0,0,0,18.7,81.77,960,0,0,0,0,22,183,4.5
2018,10,10,22,30,155.41,0.14,3.6,0,0,0,0,19,85.13,960,0,0,0,0,21.6,184,4.3
2018,10,10,23,30,140.58,0.14,3.6,0,0,0,0,19.200000000000003,87.57000000000001,960,0,0,0,0,21.3,186,4.2
2018,10,11,0,30,125.7,0.14,3.6,0,0,0,0,19.1,88.09,960,0,0,0,0,21.200000000000003,188,4.1000000000000005
2018,10,11,1,30,110.81,0.14,3.5,0,0,0,0,19.1,88.78,961,0,0,0,0,21,191,3.8000000000000003
2018,10,11,2,30,95.92,0.14,3.5,0,0,0,0,19.1,88.49,962,0,0,0,0,21.1,194,3.7
2018,10,11,3,30,80.96000000000001,0.14,3.5,51,326,102,0,19.1,82.83,962,51,326,0,102,22.200000000000003,197,4.2
2018,10,11,4,30,66.19,0.14,3.5,91,641,350,1,18.6,69.8,963,91,641,0,350,24.5,199,4.800000000000001
2018,10,11,5,30,51.47,0.14,3.5,109,787,600,3,17.900000000000002,56.77,963,160,0,0,160,27.200000000000003,201,4.9
2018,10,11,6,30,36.910000000000004,0.14,3.5,120,861,809,3,17,45.65,963,224,0,0,225,30,204,4.9
2018,10,11,7,30,22.89,0.14,3.4000000000000004,126,901,956,3,16.2,37.77,962,499,176,0,661,32.4,207,4.800000000000001
2018,10,11,8,30,11.56,0.14,3.4000000000000004,128,918,1027,3,15.5,32.480000000000004,960,499,158,0,653,34.300000000000004,208,4.7
2018,10,11,9,30,13.84,0.14,3.3000000000000003,121,927,1021,0,14.700000000000001,28.91,959,121,927,0,1021,35.5,209,4.6000000000000005
2018,10,11,10,30,26.41,0.14,3.2,118,908,931,3,13.8,26.400000000000002,958,479,155,0,618,36.1,210,4.4
2018,10,11,11,30,40.64,0.14,3.2,111,864,767,0,13.100000000000001,25.28,957,111,864,0,767,36,209,4.3
2018,10,11,12,30,55.26,0.14,3.1,107,763,541,2,12.600000000000001,25.43,956,287,45,0,312,35.300000000000004,207,4.1000000000000005
2018,10,11,13,30,70.01,0.14,3.1,81,604,287,1,12.3,27.03,957,81,604,0,287,33.9,203,3.6
2018,10,11,14,30,84.74,0.14,3,32,218,52,0,12.3,30.98,957,32,218,0,52,31.5,193,2.6
2018,10,11,15,30,99.75,0.14,3,0,0,0,0,13.100000000000001,36.64,958,0,0,0,0,29.5,179,2.8000000000000003
2018,10,11,16,30,114.63,0.14,3.1,0,0,0,0,13.8,40.78,959,0,0,0,0,28.400000000000002,169,4.2
2018,10,11,17,30,129.51,0.14,3.1,0,0,0,0,15.200000000000001,49.160000000000004,960,0,0,0,0,26.700000000000003,164,4.9
2018,10,11,18,30,144.37,0.14,3.1,0,0,0,1,16.400000000000002,58.51,960,0,0,0,0,25.1,164,5
2018,10,11,19,30,159.13,0.14,3.1,0,0,0,0,17.2,66.16,960,0,0,0,0,23.900000000000002,167,4.5
2018,10,11,20,30,173.1,0.14,3.1,0,0,0,1,17.7,71.81,960,0,0,0,0,23.1,171,3.8000000000000003
2018,10,11,21,30,169.70000000000002,0.14,3.1,0,0,0,0,18.3,77.75,960,0,0,0,0,22.400000000000002,174,3.2
2018,10,11,22,30,155.29,0.14,3.1,0,0,0,3,19,83.67,959,0,0,0,0,21.900000000000002,178,2.9000000000000004
2018,10,11,23,30,140.49,0.14,3.1,0,0,0,0,19.700000000000003,89.09,959,0,0,0,0,21.6,183,2.9000000000000004
2018,10,12,0,30,125.63000000000001,0.14,3.2,0,0,0,0,20.3,92.85000000000001,959,0,0,0,0,21.5,187,3.2
2018,10,12,1,30,110.75,0.14,3.2,0,0,0,0,20.6,94.79,960,0,0,0,0,21.5,190,3.2
2018,10,12,2,30,95.87,0.14,3.2,0,0,0,0,20.8,94.8,961,0,0,0,0,21.700000000000003,194,3.5
2018,10,12,3,30,80.93,0.14,3.3000000000000003,43,426,110,3,20.8,87.61,961,72,5,0,73,23,196,4.4
2018,10,12,4,30,66.18,0.14,3.3000000000000003,72,722,364,7,20.3,72.93,962,179,257,0,283,25.5,198,5.300000000000001
2018,10,12,5,30,51.47,0.14,3.3000000000000003,86,850,615,7,19.3,58.35,962,213,431,0,482,28.3,200,5.5
2018,10,12,6,30,36.95,0.14,3.3000000000000003,135,838,805,7,18.2,46.81,962,262,541,0,694,30.900000000000002,203,5.4
2018,10,12,7,30,23,0.14,3.3000000000000003,143,879,952,7,17.400000000000002,38.980000000000004,961,292,593,0,838,33.2,206,5.1000000000000005
2018,10,12,8,30,11.86,0.14,3.3000000000000003,147,896,1024,1,16.8,34.47,959,147,896,0,1024,34.800000000000004,207,4.7
2018,10,12,9,30,14.16,0.14,3.4000000000000004,146,893,1011,7,16.5,31.89,958,297,564,0,844,35.800000000000004,208,4.3
2018,10,12,10,30,26.61,0.14,3.5,138,874,920,7,16.2,30.6,957,344,435,0,732,36.2,206,4
2018,10,12,11,30,40.79,0.14,3.6,127,831,756,7,15.9,30.77,956,260,505,7,642,35.800000000000004,204,3.9000000000000004
2018,10,12,12,30,55.38,0.14,3.7,110,747,535,7,15.8,32.05,956,268,161,0,360,34.9,198,3.9000000000000004
2018,10,12,13,30,70.11,0.14,3.8000000000000003,85,580,283,7,15.9,35.07,956,155,217,0,229,33.4,191,4
2018,10,12,14,30,84.83,0.14,4,33,185,50,7,16.3,39.79,957,43,10,7,44,31.6,180,4.2
2018,10,12,15,30,99.82000000000001,0.14,4,0,0,0,7,16.900000000000002,45.43,958,0,0,0,0,30,169,4.9
2018,10,12,16,30,114.69,0.14,4,0,0,0,8,17.7,52.77,959,0,0,0,0,28.3,165,5.800000000000001
2018,10,12,17,30,129.56,0.14,4,0,0,0,7,18.6,61.92,960,0,0,0,0,26.5,166,5.9
2018,10,12,18,30,144.4,0.14,4,0,0,0,1,19.3,70.10000000000001,960,0,0,0,0,25.1,168,5.5
2018,10,12,19,30,159.12,0.14,4,0,0,0,7,19.8,76.39,960,0,0,0,0,24.200000000000003,170,4.9
2018,10,12,20,30,172.91,0.14,4,0,0,0,7,20.200000000000003,81.48,960,0,0,0,0,23.6,173,4.5
2018,10,12,21,30,169.49,0.14,4,0,0,0,7,20.6,85.22,960,0,0,0,0,23.200000000000003,177,4.2
2018,10,12,22,30,155.17000000000002,0.14,3.9000000000000004,0,0,0,7,20.700000000000003,87.44,959,0,0,0,0,22.900000000000002,181,3.9000000000000004
2018,10,12,23,30,140.4,0.14,3.8000000000000003,0,0,0,8,20.700000000000003,88.72,959,0,0,0,0,22.700000000000003,185,3.7
2018,10,13,0,30,125.55,0.14,3.8000000000000003,0,0,0,7,20.8,89.88,959,0,0,0,0,22.5,186,3.6
2018,10,13,1,30,110.69,0.14,3.7,0,0,0,3,20.8,91.23,960,0,0,0,0,22.3,187,3.5
2018,10,13,2,30,95.83,0.14,3.7,0,0,0,3,20.900000000000002,91.56,960,0,0,0,0,22.3,189,3.5
2018,10,13,3,30,80.9,0.14,3.6,45,413,110,7,20.900000000000002,85.71000000000001,961,3,0,0,3,23.400000000000002,192,4.3
2018,10,13,4,30,66.16,0.14,3.6,74,713,362,8,20.200000000000003,71.41,961,182,65,0,208,25.8,193,5
2018,10,13,5,30,51.47,0.14,3.7,88,839,611,3,19.5,57.85,961,292,35,0,314,28.6,195,5
2018,10,13,6,30,36.99,0.14,3.8000000000000003,96,902,817,3,18.900000000000002,47.97,961,429,156,0,554,31.200000000000003,197,4.800000000000001
2018,10,13,7,30,23.12,0.14,3.8000000000000003,103,933,961,7,18.400000000000002,41.39,960,329,462,0,755,33.300000000000004,200,4.6000000000000005
2018,10,13,8,30,12.17,0.14,3.9000000000000004,106,945,1029,7,18.1,37.27,959,381,289,0,663,34.800000000000004,202,4.2
2018,10,13,9,30,14.48,0.14,4,105,942,1017,7,17.8,34.92,958,366,340,0,695,35.6,202,3.9000000000000004
2018,10,13,10,30,26.810000000000002,0.14,4.1000000000000005,100,924,925,7,17.400000000000002,33.69,956,395,259,0,627,35.9,200,3.7
2018,10,13,11,30,40.94,0.14,4.1000000000000005,92,889,764,7,17.2,33.97,956,270,392,0,567,35.5,195,3.6
2018,10,13,12,30,55.5,0.14,4.2,89,794,539,7,17.1,35.36,956,246,235,0,379,34.6,187,3.5
2018,10,13,13,30,70.21000000000001,0.14,4.3,69,641,286,7,17.1,38.64,956,130,21,0,137,33.1,178,3.6
2018,10,13,14,30,84.91,0.14,4.4,30,240,51,7,17.5,43.19,957,28,1,7,28,31.5,169,3.7
2018,10,13,15,30,99.89,0.14,4.4,0,0,0,7,18,48.64,958,0,0,0,0,30,162,4.2
2018,10,13,16,30,114.75,0.14,4.4,0,0,0,7,18.400000000000002,54.19,958,0,0,0,0,28.6,160,5
2018,10,13,17,30,129.61,0.14,4.3,0,0,0,0,18.900000000000002,60.79,959,0,0,0,0,27.1,162,5.4
2018,10,13,18,30,144.42000000000002,0.14,4.3,0,0,0,7,19.400000000000002,68.06,960,0,0,0,0,25.700000000000003,164,5.2
2018,10,13,19,30,159.1,0.14,4.2,0,0,0,0,19.900000000000002,74.97,960,0,0,0,0,24.6,167,4.9
2018,10,13,20,30,172.72,0.14,4.2,0,0,0,8,20.3,80.94,960,0,0,0,0,23.8,171,4.7
2018,10,13,21,30,169.28,0.14,4.1000000000000005,0,0,0,8,20.700000000000003,85.11,960,0,0,0,0,23.3,175,4.5
2018,10,13,22,30,155.05,0.14,4.1000000000000005,0,0,0,3,20.900000000000002,88.29,959,0,0,0,0,22.900000000000002,178,4.2
2018,10,13,23,30,140.31,0.14,4,0,0,0,3,21.1,91.16,959,0,0,0,0,22.6,179,3.9000000000000004
2018,10,14,0,30,125.48,0.14,4,0,0,0,8,21.3,93.22,960,0,0,0,0,22.400000000000002,180,3.7
2018,10,14,1,30,110.63,0.14,3.9000000000000004,0,0,0,7,21.400000000000002,95.05,960,0,0,0,0,22.200000000000003,181,3.4000000000000004
2018,10,14,2,30,95.78,0.14,3.8000000000000003,0,0,0,7,21.5,95.58,961,0,0,0,0,22.200000000000003,181,3.5
2018,10,14,3,30,80.87,0.14,3.8000000000000003,43,420,110,5,21.5,89.47,961,4,0,0,4,23.3,183,4.3
2018,10,14,4,30,66.15,0.14,3.8000000000000003,74,709,361,3,20.8,74.35000000000001,962,125,1,0,125,25.700000000000003,185,5.1000000000000005
2018,10,14,5,30,51.480000000000004,0.14,3.8000000000000003,91,832,609,8,19.900000000000002,59.870000000000005,962,196,13,0,205,28.400000000000002,186,5.2
2018,10,14,6,30,37.04,0.14,3.8000000000000003,109,879,811,8,18.900000000000002,48.43,962,352,171,0,488,31.1,188,5.1000000000000005
2018,10,14,7,30,23.240000000000002,0.14,3.9000000000000004,117,911,954,8,18.2,40.54,961,423,127,0,540,33.4,191,5.1000000000000005
2018,10,14,8,30,12.48,0.14,3.9000000000000004,122,923,1023,7,17.6,35.71,959,425,52,0,476,35,192,5
2018,10,14,9,30,14.8,0.14,3.9000000000000004,123,917,1010,8,17.2,32.9,958,438,80,0,516,36,193,4.800000000000001
2018,10,14,10,30,27.02,0.14,3.9000000000000004,122,893,918,7,16.900000000000002,31.87,957,320,454,0,725,36.300000000000004,191,4.6000000000000005
2018,10,14,11,30,41.09,0.14,4,117,842,752,7,16.8,32.51,956,279,414,0,592,35.800000000000004,188,4.6000000000000005
2018,10,14,12,30,55.61,0.14,4.1000000000000005,108,747,530,7,16.8,34.62,956,236,299,0,405,34.7,182,4.7
2018,10,14,13,30,70.3,0.14,4.2,86,567,277,7,17.1,38.64,956,158,196,0,224,33,175,4.9
2018,10,14,14,30,84.99,0.14,4.2,33,153,47,7,17.400000000000002,43.76,957,38,4,7,38,31.200000000000003,169,5.2
2018,10,14,15,30,99.96000000000001,0.14,4.2,0,0,0,7,17.8,49.26,958,0,0,0,0,29.5,163,5.6000000000000005
2018,10,14,16,30,114.81,0.14,4.2,0,0,0,7,18,54.94,959,0,0,0,0,27.900000000000002,160,5.800000000000001
2018,10,14,17,30,129.65,0.14,4.1000000000000005,0,0,0,7,18.400000000000002,61.58,960,0,0,0,0,26.400000000000002,160,5.6000000000000005
2018,10,14,18,30,144.44,0.14,4.1000000000000005,0,0,0,7,19,68.64,961,0,0,0,0,25.200000000000003,162,5.2
2018,10,14,19,30,159.08,0.14,4.1000000000000005,0,0,0,7,19.6,74.85000000000001,961,0,0,0,0,24.400000000000002,164,4.800000000000001
2018,10,14,20,30,172.5,0.14,4,0,0,0,8,20.200000000000003,80.24,961,0,0,0,0,23.8,165,4.4
2018,10,14,21,30,169.05,0.14,4,0,0,0,7,20.6,84.92,960,0,0,0,0,23.3,167,4.1000000000000005
2018,10,14,22,30,154.93,0.14,3.9000000000000004,0,0,0,7,20.900000000000002,88.78,959,0,0,0,0,22.900000000000002,169,3.8000000000000003
2018,10,14,23,30,140.22,0.14,3.8000000000000003,0,0,0,7,21.200000000000003,91.31,959,0,0,0,0,22.700000000000003,171,3.5
2018,10,15,0,30,125.41,0.14,3.7,0,0,0,7,21.3,93.15,959,0,0,0,0,22.5,172,3.3000000000000003
2018,10,15,1,30,110.58,0.14,3.6,0,0,0,7,21.400000000000002,94.29,960,0,0,0,0,22.400000000000002,174,3.1
2018,10,15,2,30,95.74000000000001,0.14,3.6,0,0,0,7,21.5,94.47,960,0,0,0,0,22.400000000000002,176,3.2
2018,10,15,3,30,80.84,0.14,3.5,45,408,110,7,21.400000000000002,89.09,961,3,0,0,3,23.3,178,3.9000000000000004
2018,10,15,4,30,66.14,0.14,3.5,77,704,361,7,20.900000000000002,76.23,961,112,6,0,114,25.400000000000002,180,4.5
2018,10,15,5,30,51.5,0.14,3.5,92,830,609,8,20.1,61.57,962,283,134,0,367,28.200000000000003,183,4.6000000000000005
2018,10,15,6,30,37.09,0.14,3.6,101,896,816,3,19,48.82,962,417,274,0,635,31,185,4.4
2018,10,15,7,30,23.37,0.14,3.7,106,929,959,7,17.8,39.910000000000004,961,198,718,0,856,33.300000000000004,187,4.2
2018,10,15,8,30,12.790000000000001,0.14,3.7,110,941,1028,7,17.2,34.84,960,352,415,0,757,35,188,4
2018,10,15,9,30,15.120000000000001,0.14,3.8000000000000003,122,920,1010,8,16.900000000000002,32.67,958,340,484,7,808,35.800000000000004,188,3.9000000000000004
2018,10,15,10,30,27.22,0.14,3.9000000000000004,117,901,918,6,16.7,31.92,957,426,175,0,582,36,186,3.8000000000000003
2018,10,15,11,30,41.230000000000004,0.14,4,107,860,755,7,16.6,32.3,957,343,159,0,463,35.7,183,3.7
2018,10,15,12,30,55.730000000000004,0.14,4.1000000000000005,124,706,521,7,16.6,34.300000000000004,957,221,28,0,237,34.6,177,3.8000000000000003
2018,10,15,13,30,70.4,0.14,4.2,93,534,272,7,16.7,37.65,957,162,119,0,202,33.1,170,3.9000000000000004
2018,10,15,14,30,85.07000000000001,0.14,4.3,33,136,45,7,17.1,42.42,958,41,7,7,42,31.400000000000002,163,4
2018,10,15,15,30,100.03,0.14,4.3,0,0,0,7,17.6,47.75,959,0,0,0,0,29.900000000000002,157,4.4
2018,10,15,16,30,114.86,0.14,4.3,0,0,0,7,18.1,52.94,960,0,0,0,0,28.6,154,5
2018,10,15,17,30,129.68,0.14,4.3,0,0,0,7,18.5,58.94,961,0,0,0,0,27.200000000000003,153,5.300000000000001
2018,10,15,18,30,144.45000000000002,0.14,4.2,0,0,0,7,19,65.45,961,0,0,0,0,26,154,5
2018,10,15,19,30,159.04,0.14,4.2,0,0,0,8,19.700000000000003,72.94,961,0,0,0,0,24.900000000000002,154,4.5
2018,10,15,20,30,172.28,0.14,4.1000000000000005,0,0,0,0,20.400000000000002,79.61,961,0,0,0,0,24.1,155,4
2018,10,15,21,30,168.82,0.14,4.1000000000000005,0,0,0,0,20.900000000000002,84.65,960,0,0,0,0,23.6,156,3.7
2018,10,15,22,30,154.8,0.14,4.1000000000000005,0,0,0,0,21.200000000000003,88.67,960,0,0,0,0,23.200000000000003,156,3.5
2018,10,15,23,30,140.13,0.14,4.1000000000000005,0,0,0,0,21.400000000000002,90.97,960,0,0,0,0,23,157,3.3000000000000003
2018,10,16,0,30,125.34,0.14,4,0,0,0,0,21.6,92.83,960,0,0,0,0,22.8,155,3.1
2018,10,16,1,30,110.52,0.14,4,0,0,0,0,21.700000000000003,94.87,960,0,0,0,0,22.6,153,2.9000000000000004
2018,10,16,2,30,95.7,0.14,4,0,0,0,0,21.900000000000002,96.05,961,0,0,0,0,22.6,152,2.9000000000000004
2018,10,16,3,30,80.82000000000001,0.14,4,48,373,107,1,22,90.47,962,48,373,0,107,23.700000000000003,154,3.5
2018,10,16,4,30,66.13,0.14,4.1000000000000005,81,679,356,2,21.5,76.10000000000001,962,165,10,0,169,26,155,4.1000000000000005
2018,10,16,5,30,51.51,0.14,4.2,98,810,602,1,20.5,61.27,962,98,810,0,602,28.700000000000003,156,4.2
2018,10,16,6,30,37.14,0.14,4.2,118,859,802,0,19.400000000000002,49.21,962,118,859,0,802,31.3,157,4
2018,10,16,7,30,23.5,0.14,4.3,127,891,944,3,18.5,41.74,961,393,6,0,398,33.2,158,3.8000000000000003
2018,10,16,8,30,13.1,0.14,4.3,131,904,1012,2,18,37.83,960,526,221,0,741,34.4,159,3.5
2018,10,16,9,30,15.44,0.14,4.4,131,900,999,3,17.7,36.15,959,373,2,0,375,34.9,157,3.2
2018,10,16,10,30,27.42,0.14,4.4,125,882,908,1,17.5,36.04,958,125,882,0,908,34.7,153,3.1
2018,10,16,11,30,41.38,0.14,4.4,115,841,746,8,17.400000000000002,36.800000000000004,957,205,672,7,709,34.2,145,3
2018,10,16,12,30,55.85,0.14,4.5,107,742,523,0,17.400000000000002,38.51,957,107,742,0,523,33.4,138,3.1
2018,10,16,13,30,70.49,0.14,4.5,82,572,273,0,17.400000000000002,41.19,957,82,572,0,273,32.300000000000004,132,3.2
2018,10,16,14,30,85.14,0.14,4.6000000000000005,31,160,45,1,17.7,45.53,958,31,160,0,45,30.8,130,3.2
2018,10,16,15,30,100.09,0.14,4.6000000000000005,0,0,0,3,18.2,51.03,959,0,0,0,0,29.400000000000002,133,3.7
2018,10,16,16,30,114.91,0.14,4.6000000000000005,0,0,0,4,18.7,56.6,960,0,0,0,0,28.1,137,4.4
2018,10,16,17,30,129.71,0.14,4.6000000000000005,0,0,0,9,19.200000000000003,63.93,961,0,0,0,0,26.6,139,4.7
2018,10,16,18,30,144.46,0.14,4.6000000000000005,0,0,0,6,19.8,72.17,962,0,0,0,0,25.200000000000003,139,4.7
2018,10,16,19,30,159,0.14,4.6000000000000005,0,0,0,6,20.5,79.69,962,0,0,0,0,24.200000000000003,138,4.5
2018,10,16,20,30,172.04,0.14,4.7,0,0,0,6,21,85.43,961,0,0,0,0,23.6,137,4.2
2018,10,16,21,30,168.59,0.14,4.800000000000001,0,0,0,7,21.400000000000002,90.08,960,0,0,0,0,23.1,136,3.9000000000000004
2018,10,16,22,30,154.67000000000002,0.14,4.800000000000001,0,0,0,7,21.6,93.22,960,0,0,0,0,22.8,134,3.6
2018,10,16,23,30,140.04,0.14,4.800000000000001,0,0,0,7,21.8,95.23,960,0,0,0,0,22.6,130,3.4000000000000004
2018,10,17,0,30,125.27,0.14,4.800000000000001,0,0,0,3,21.900000000000002,96.8,960,0,0,0,0,22.400000000000002,125,3.2
2018,10,17,1,30,110.47,0.14,4.800000000000001,0,0,0,4,21.8,97.25,961,0,0,0,0,22.3,120,3.2
2018,10,17,2,30,95.66,0.14,4.800000000000001,0,0,0,4,21.8,96.76,961,0,0,0,0,22.3,117,3.3000000000000003
2018,10,17,3,30,80.79,0.14,4.7,49,352,105,4,21.6,91.28,962,4,0,0,4,23.1,116,3.7
2018,10,17,4,30,66.12,0.14,4.6000000000000005,87,650,350,4,20.900000000000002,77.83,962,112,0,0,112,25,116,4.2
2018,10,17,5,30,51.54,0.14,4.6000000000000005,110,776,593,4,19.700000000000003,62.4,962,289,31,0,309,27.5,117,4.1000000000000005
2018,10,17,6,30,37.21,0.14,4.5,141,813,789,2,18.2,49.32,962,426,261,0,634,30,117,4
2018,10,17,7,30,23.64,0.14,4.5,154,847,930,2,17.1,40.64,961,506,197,0,687,32.2,117,3.7
2018,10,17,8,30,13.42,0.14,4.4,161,860,998,3,16.6,35.910000000000004,959,515,161,0,672,33.800000000000004,119,3.4000000000000004
2018,10,17,9,30,15.75,0.14,4.4,160,858,986,3,16.400000000000002,33.36,958,460,28,0,486,34.9,121,3.1
2018,10,17,10,30,27.62,0.14,4.4,155,834,894,3,16.3,32.62,957,484,154,0,620,35.2,122,2.9000000000000004
2018,10,17,11,30,41.53,0.14,4.4,148,780,731,7,16.3,33.39,956,248,589,7,688,34.7,122,2.9000000000000004
2018,10,17,12,30,55.96,0.14,4.4,130,683,513,0,16.3,35.42,956,130,683,0,513,33.7,122,3.1
2018,10,17,13,30,70.59,0.14,4.4,99,498,264,0,16.5,38.77,956,99,498,0,264,32.300000000000004,123,3.2
2018,10,17,14,30,85.22,0.14,4.4,33,99,42,0,17.1,44.46,957,33,99,0,42,30.6,127,3.3000000000000003
2018,10,17,15,30,100.15,0.14,4.4,0,0,0,3,18,51.27,958,0,0,0,0,29.1,132,3.8000000000000003
2018,10,17,16,30,114.95,0.14,4.4,0,0,0,0,18.1,55.19,959,0,0,0,0,27.900000000000002,134,4.6000000000000005
2018,10,17,17,30,129.74,0.14,4.3,0,0,0,3,18.3,60.86,959,0,0,0,0,26.5,133,4.9
2018,10,17,18,30,144.46,0.14,4.3,0,0,0,1,18.8,67.89,960,0,0,0,0,25.1,130,4.7
2018,10,17,19,30,158.95000000000002,0.14,4.3,0,0,0,0,19.200000000000003,73.9,960,0,0,0,0,24.1,126,4.3
2018,10,17,20,30,171.8,0.14,4.3,0,0,0,0,19.5,78.92,960,0,0,0,0,23.400000000000002,122,3.9000000000000004
2018,10,17,21,30,168.36,0.14,4.2,0,0,0,0,19.900000000000002,82.48,959,0,0,0,0,23,118,3.8000000000000003
2018,10,17,22,30,154.55,0.14,4.2,0,0,0,0,20.1,85.28,959,0,0,0,0,22.700000000000003,115,3.6
2018,10,17,23,30,139.95000000000002,0.14,4.1000000000000005,0,0,0,0,20.200000000000003,87.06,959,0,0,0,0,22.5,113,3.5
2018,10,18,0,30,125.21000000000001,0.14,4.1000000000000005,0,0,0,0,20.400000000000002,88.9,959,0,0,0,0,22.3,112,3.3000000000000003
2018,10,18,1,30,110.42,0.14,4,0,0,0,0,20.6,91.27,960,0,0,0,0,22.1,111,3.2
2018,10,18,2,30,95.63,0.14,3.9000000000000004,0,0,0,0,20.8,93.16,960,0,0,0,0,22,110,3.3000000000000003
2018,10,18,3,30,80.77,0.14,3.8000000000000003,50,359,107,0,21,88.75,961,50,359,0,107,23,108,4.1000000000000005
2018,10,18,4,30,66.12,0.14,3.8000000000000003,86,668,356,3,20.6,74.62,961,196,21,0,204,25.400000000000002,107,4.800000000000001
2018,10,18,5,30,51.56,0.14,3.7,104,801,602,0,19.6,59.96,961,104,801,0,602,28.1,105,4.9
2018,10,18,6,30,37.27,0.14,3.7,115,871,808,0,18.6,48.64,961,115,871,0,808,30.6,103,4.7
2018,10,18,7,30,23.78,0.14,3.7,121,907,952,0,17.8,40.980000000000004,960,121,907,0,952,32.800000000000004,102,4.5
2018,10,18,8,30,13.74,0.14,3.7,124,923,1020,0,17.400000000000002,36.5,958,124,923,0,1020,34.4,102,4.3
2018,10,18,9,30,16.07,0.14,3.7,116,932,1011,0,17,33.730000000000004,957,116,932,0,1011,35.4,103,4.1000000000000005
2018,10,18,10,30,27.830000000000002,0.14,3.7,114,908,917,0,16.6,32.17,956,114,908,0,917,35.800000000000004,104,4
2018,10,18,11,30,41.67,0.14,3.7,108,863,753,0,16.3,31.95,955,108,863,0,753,35.5,108,3.9000000000000004
2018,10,18,12,30,56.07,0.14,3.7,111,740,524,0,16,33.19,955,111,740,0,524,34.5,113,3.9000000000000004
2018,10,18,13,30,70.68,0.14,3.7,89,550,271,0,15.9,35.800000000000004,955,89,550,0,271,33,121,3.9000000000000004
2018,10,18,14,30,85.29,0.14,3.7,33,121,43,7,16.2,40.42,956,41,6,7,41,31.200000000000003,131,4.1000000000000005
2018,10,18,15,30,100.21000000000001,0.14,3.6,0,0,0,7,16.6,46.35,957,0,0,0,0,29.3,137,4.9
2018,10,18,16,30,115,0.14,3.5,0,0,0,7,16.6,51.69,958,0,0,0,0,27.400000000000002,138,5.7
2018,10,18,17,30,129.76,0.14,3.5,0,0,0,7,17.2,60.21,959,0,0,0,0,25.5,137,5.5
2018,10,18,18,30,144.46,0.14,3.5,0,0,0,7,18.1,68.33,960,0,0,0,0,24.3,135,4.800000000000001
2018,10,18,19,30,158.89000000000001,0.14,3.4000000000000004,0,0,0,7,18.8,74.8,960,0,0,0,0,23.5,133,4.3
2018,10,18,20,30,171.54,0.14,3.4000000000000004,0,0,0,7,19.200000000000003,79.81,959,0,0,0,0,22.900000000000002,132,3.9000000000000004
2018,10,18,21,30,168.12,0.14,3.3000000000000003,0,0,0,7,19.6,84.29,959,0,0,0,0,22.400000000000002,130,3.5
2018,10,18,22,30,154.42000000000002,0.14,3.3000000000000003,0,0,0,7,20,88.53,958,0,0,0,0,22,128,3.3000000000000003
2018,10,18,23,30,139.86,0.14,3.2,0,0,0,7,20.3,91.36,958,0,0,0,0,21.8,126,3.3000000000000003
2018,10,19,0,30,125.14,0.14,3.2,0,0,0,7,20.5,93.43,959,0,0,0,0,21.6,124,3.3000000000000003
2018,10,19,1,30,110.37,0.14,3.2,0,0,0,7,20.6,94.46000000000001,960,0,0,0,0,21.5,122,3.2
2018,10,19,2,30,95.59,0.14,3.1,0,0,0,7,20.6,94.91,960,0,0,0,0,21.5,119,3.3000000000000003
2018,10,19,3,30,80.76,0.14,3.1,52,348,108,3,20.700000000000003,88.78,961,57,1,0,57,22.6,117,3.9000000000000004
2018,10,19,4,30,66.13,0.14,3.1,91,662,359,3,20.1,74.48,962,221,153,0,283,24.900000000000002,114,4.5
2018,10,19,5,30,51.59,0.14,3.1,110,800,607,8,18.900000000000002,58.31,962,231,480,0,529,27.8,112,4.5
2018,10,19,6,30,37.34,0.14,3.1,145,828,803,0,17.2,44.42,962,145,828,0,803,30.700000000000003,109,4.4
2018,10,19,7,30,23.94,0.14,3.1,154,869,948,0,15.8,35.31,961,154,869,0,948,33.2,107,4.1000000000000005
2018,10,19,8,30,14.05,0.14,3.1,156,887,1017,0,15.200000000000001,30.78,959,156,887,0,1017,34.9,107,3.9000000000000004
2018,10,19,9,30,16.38,0.14,3.1,198,824,989,8,14.600000000000001,27.990000000000002,958,289,680,7,942,36,109,3.7
2018,10,19,10,30,28.03,0.14,3,190,799,896,0,14.100000000000001,26.46,957,190,799,0,896,36.4,112,3.7
2018,10,19,11,30,41.82,0.14,3,176,744,731,1,13.600000000000001,25.78,956,176,744,0,731,36.300000000000004,115,3.7
2018,10,19,12,30,56.18,0.14,3,153,641,510,0,13.200000000000001,26.240000000000002,956,153,641,0,510,35.5,117,3.7
2018,10,19,13,30,70.77,0.14,3,114,440,259,0,12.9,27.92,957,114,440,0,259,34,121,3.3000000000000003
2018,10,19,14,30,85.36,0.14,3.1,34,53,38,7,13.3,33.03,957,34,53,5,38,31.5,127,2.7
2018,10,19,15,30,100.27,0.14,3.1,0,0,0,0,14.4,39.42,958,0,0,0,0,29.6,135,3.2
2018,10,19,16,30,115.03,0.14,3.2,0,0,0,0,14.3,42.71,959,0,0,0,0,28.200000000000003,139,4.3
2018,10,19,17,30,129.78,0.14,3.3000000000000003,0,0,0,0,15.4,50.980000000000004,960,0,0,0,0,26.400000000000002,141,4.6000000000000005
2018,10,19,18,30,144.45000000000002,0.14,3.4000000000000004,0,0,0,0,17,61.42,960,0,0,0,0,24.900000000000002,140,4.3
2018,10,19,19,30,158.82,0.14,3.4000000000000004,0,0,0,0,18.1,70.04,960,0,0,0,0,23.900000000000002,139,3.9000000000000004
2018,10,19,20,30,171.28,0.14,3.4000000000000004,0,0,0,0,18.8,76.4,960,0,0,0,0,23.200000000000003,138,3.7
2018,10,19,21,30,167.88,0.14,3.3000000000000003,0,0,0,0,19.3,81.33,959,0,0,0,0,22.700000000000003,136,3.5
2018,10,19,22,30,154.28,0.14,3.3000000000000003,0,0,0,0,19.700000000000003,85.44,959,0,0,0,0,22.3,134,3.3000000000000003
2018,10,19,23,30,139.77,0.14,3.2,0,0,0,0,20.1,88.93,959,0,0,0,0,22,132,3.1
2018,10,20,0,30,125.07000000000001,0.14,3.2,0,0,0,0,20.400000000000002,91.09,959,0,0,0,0,21.900000000000002,130,3.1
2018,10,20,1,30,110.32000000000001,0.14,3.1,0,0,0,0,20.6,92.79,960,0,0,0,0,21.8,128,3
2018,10,20,2,30,95.56,0.14,3.1,0,0,0,0,20.700000000000003,93.15,961,0,0,0,0,21.900000000000002,128,3.1
2018,10,20,3,30,80.74,0.14,3.1,54,332,107,0,20.8,88.61,962,54,332,0,107,22.8,128,3.5
2018,10,20,4,30,66.13,0.14,3.1,93,655,358,0,20.400000000000002,76.33,962,93,655,0,358,24.8,128,3.9000000000000004
2018,10,20,5,30,51.620000000000005,0.14,3.2,111,796,605,0,19.200000000000003,61.31,962,111,796,0,605,27.3,126,4
2018,10,20,6,30,37.42,0.14,3.2,121,869,811,0,17.7,47.84,962,121,869,0,811,29.900000000000002,124,3.8000000000000003
2018,10,20,7,30,24.09,0.14,3.2,127,908,956,0,16.2,38.35,961,127,908,0,956,32.2,121,3.6
2018,10,20,8,30,14.370000000000001,0.14,3.3000000000000003,128,922,1021,0,15.5,32.980000000000004,960,128,922,0,1021,34,119,3.3000000000000003
2018,10,20,9,30,16.7,0.14,3.3000000000000003,101,959,1019,0,15.100000000000001,30.29,959,101,959,0,1019,35.1,118,3.2
2018,10,20,10,30,28.23,0.14,3.3000000000000003,97,941,926,0,14.8,28.73,958,97,941,0,926,35.7,120,3.2
2018,10,20,11,30,41.96,0.14,3.4000000000000004,90,902,761,0,14.4,28.07,958,90,902,0,761,35.7,123,3.2
2018,10,20,12,30,56.29,0.14,3.4000000000000004,100,773,529,0,14,28.32,957,100,773,0,529,35.1,125,3.3000000000000003
2018,10,20,13,30,70.85000000000001,0.14,3.4000000000000004,78,598,274,0,13.9,30.310000000000002,958,78,598,0,274,33.7,128,3.2
2018,10,20,14,30,85.43,0.14,3.5,30,162,43,3,14.200000000000001,34.92,958,17,0,7,17,31.6,133,3.2
2018,10,20,15,30,100.32000000000001,0.14,3.6,0,0,0,4,15.200000000000001,41.33,959,0,0,0,0,29.700000000000003,139,4.2
2018,10,20,16,30,115.07000000000001,0.14,3.7,0,0,0,5,15.5,46.4,960,0,0,0,0,28.1,141,5.4
2018,10,20,17,30,129.79,0.14,3.7,0,0,0,3,16.400000000000002,54.74,961,0,0,0,0,26.200000000000003,140,5.4
2018,10,20,18,30,144.43,0.14,3.7,0,0,0,0,17.1,62.71,961,0,0,0,0,24.700000000000003,138,4.7
2018,10,20,19,30,158.75,0.14,3.8000000000000003,0,0,0,0,17.8,68.94,961,0,0,0,0,23.8,136,4.1000000000000005
2018,10,20,20,30,171.01,0.14,3.7,0,0,0,0,18.5,75.33,961,0,0,0,0,23.1,135,3.7
2018,10,20,21,30,167.63,0.14,3.7,0,0,0,0,19.200000000000003,81.84,960,0,0,0,0,22.5,134,3.5
2018,10,20,22,30,154.15,0.14,3.6,0,0,0,0,19.900000000000002,87.38,960,0,0,0,0,22.1,133,3.3000000000000003
2018,10,20,23,30,139.68,0.14,3.6,0,0,0,0,20.400000000000002,91.78,960,0,0,0,0,21.8,132,3.3000000000000003
2018,10,21,0,30,125.01,0.13,3.5,0,0,0,0,20.700000000000003,94.88,960,0,0,0,0,21.6,132,3.2
2018,10,21,1,30,110.28,0.13,3.5,0,0,0,0,20.900000000000002,96.3,961,0,0,0,0,21.5,133,3.2
2018,10,21,2,30,95.53,0.13,3.4000000000000004,0,0,0,0,21,96.29,962,0,0,0,0,21.6,133,3.2
2018,10,21,3,30,80.73,0.13,3.4000000000000004,45,420,113,0,20.900000000000002,89.66,962,45,420,0,113,22.700000000000003,134,3.7
2018,10,21,4,30,66.14,0.13,3.4000000000000004,76,713,364,0,20.200000000000003,74.71000000000001,963,76,713,0,364,25,134,4.2
2018,10,21,5,30,51.660000000000004,0.13,3.4000000000000004,92,837,611,0,18.8,57.22,963,92,837,0,611,28,133,4.3
2018,10,21,6,30,37.5,0.13,3.4000000000000004,105,893,814,0,17,43.59,963,105,893,0,814,30.8,132,4.1000000000000005
2018,10,21,7,30,24.25,0.13,3.5,115,920,954,0,15.600000000000001,34.76,962,115,920,0,954,33.2,131,3.9000000000000004
2018,10,21,8,30,14.69,0.13,3.6,122,926,1018,0,14.9,30.18,961,122,926,0,1018,34.9,130,3.7
2018,10,21,9,30,17.01,0.13,3.6,125,919,1004,0,14.5,28.150000000000002,959,125,919,0,1004,35.800000000000004,130,3.6
2018,10,21,10,30,28.43,0.13,3.7,123,892,908,2,14.4,27.54,958,482,190,0,649,36,130,3.6
2018,10,21,11,30,42.1,0.13,3.8000000000000003,119,840,742,1,14.3,28.240000000000002,958,119,840,0,742,35.4,132,3.7
2018,10,21,12,30,56.4,0.13,3.8000000000000003,106,750,521,8,14.200000000000001,30.13,958,196,521,7,485,34.2,134,3.9000000000000004
2018,10,21,13,30,70.94,0.13,3.8000000000000003,82,574,269,3,14.3,33.04,958,128,4,0,130,32.7,138,4
2018,10,21,14,30,85.49,0.13,3.9000000000000004,29,158,42,5,14.8,37.96,959,13,0,7,13,30.8,142,4
2018,10,21,15,30,100.37,0.13,3.9000000000000004,0,0,0,4,15.5,44.160000000000004,960,0,0,0,0,28.900000000000002,146,4.4
2018,10,21,16,30,115.10000000000001,0.13,3.9000000000000004,0,0,0,6,15.8,49.77,961,0,0,0,0,27.200000000000003,148,4.800000000000001
2018,10,21,17,30,129.8,0.13,4,0,0,0,6,16.6,57.38,962,0,0,0,0,25.6,148,4.6000000000000005
2018,10,21,18,30,144.41,0.13,4,0,0,0,7,17.6,65.29,962,0,0,0,0,24.5,148,4.2
2018,10,21,19,30,158.67000000000002,0.13,4.1000000000000005,0,0,0,3,18.5,72.12,962,0,0,0,0,23.8,149,3.8000000000000003
2018,10,21,20,30,170.74,0.13,4,0,0,0,0,19.1,77.85000000000001,962,0,0,0,0,23.200000000000003,150,3.4000000000000004
2018,10,21,21,30,167.38,0.13,4,0,0,0,0,19.5,81.84,961,0,0,0,0,22.8,152,3
2018,10,21,22,30,154.02,0.13,3.9000000000000004,0,0,0,0,19.8,85.28,961,0,0,0,0,22.400000000000002,155,2.7
2018,10,21,23,30,139.59,0.13,3.8000000000000003,0,0,0,0,20,88.35000000000001,961,0,0,0,0,22,158,2.5
2018,10,22,0,30,124.95,0.13,3.8000000000000003,0,0,0,0,20.1,90.8,961,0,0,0,0,21.700000000000003,160,2.5
2018,10,22,1,30,110.23,0.13,3.7,0,0,0,0,20.3,92.27,962,0,0,0,0,21.6,162,2.6
2018,10,22,2,30,95.51,0.13,3.6,0,0,0,0,20.5,93.13,963,0,0,0,0,21.700000000000003,165,2.8000000000000003
2018,10,22,3,30,80.72,0.13,3.6,48,384,110,0,20.8,88.59,964,48,384,0,110,22.8,166,3.4000000000000004
2018,10,22,4,30,66.15,0.13,3.6,82,686,359,0,20.400000000000002,74.68,964,82,686,0,359,25.200000000000003,166,4
2018,10,22,5,30,51.7,0.13,3.5,98,820,606,0,19.200000000000003,58.980000000000004,964,98,820,0,606,28,167,4
2018,10,22,6,30,37.58,0.13,3.5,108,887,811,0,18,46.83,964,108,887,0,811,30.6,168,3.7
2018,10,22,7,30,24.42,0.13,3.5,115,921,953,0,16.8,38.62,963,115,921,0,953,32.7,168,3.3000000000000003
2018,10,22,8,30,15.01,0.13,3.5,118,934,1020,0,16.3,34.550000000000004,961,118,934,0,1020,34.1,167,2.8000000000000003
2018,10,22,9,30,17.32,0.13,3.5,114,937,1008,0,16,32.67,960,114,937,0,1008,34.800000000000004,162,2.4000000000000004
2018,10,22,10,30,28.63,0.13,3.5,111,916,915,1,15.700000000000001,31.67,959,111,916,0,915,35,155,2.2
2018,10,22,11,30,42.24,0.13,3.6,105,870,749,0,15.4,31.580000000000002,958,105,870,0,749,34.7,150,2.3000000000000003
2018,10,22,12,30,56.51,0.13,3.6,113,733,517,0,15.200000000000001,32.85,958,113,733,0,517,33.800000000000004,150,2.6
2018,10,22,13,30,71.02,0.13,3.7,87,550,266,1,15.3,35.78,959,87,550,0,266,32.4,153,2.9000000000000004
2018,10,22,14,30,85.55,0.13,3.8000000000000003,29,136,40,0,15.8,40.95,959,29,136,0,40,30.6,156,2.9000000000000004
2018,10,22,15,30,100.41,0.13,3.9000000000000004,0,0,0,3,16.900000000000002,47.47,960,0,0,0,0,29.200000000000003,160,3.4000000000000004
2018,10,22,16,30,115.13,0.13,4,0,0,0,3,17.2,51.730000000000004,962,0,0,0,0,28.1,163,4.1000000000000005
2018,10,22,17,30,129.81,0.13,4,0,0,0,3,17.7,57.230000000000004,962,0,0,0,0,26.900000000000002,166,4.6000000000000005
2018,10,22,18,30,144.38,0.13,4,0,0,0,0,18.3,63.730000000000004,963,0,0,0,0,25.700000000000003,169,4.6000000000000005
2018,10,22,19,30,158.58,0.13,4.1000000000000005,0,0,0,0,19,70.88,963,0,0,0,0,24.6,172,4.2
2018,10,22,20,30,170.46,0.13,4.1000000000000005,0,0,0,0,19.700000000000003,78.14,963,0,0,0,0,23.700000000000003,175,3.8000000000000003
2018,10,22,21,30,167.14000000000001,0.13,4.1000000000000005,0,0,0,0,20.3,84.44,962,0,0,0,0,23.1,179,3.5
2018,10,22,22,30,153.89000000000001,0.13,4.1000000000000005,0,0,0,1,20.900000000000002,89.64,962,0,0,0,0,22.700000000000003,184,3.3000000000000003
2018,10,22,23,30,139.51,0.13,4.1000000000000005,0,0,0,3,21.3,93.53,962,0,0,0,0,22.400000000000002,187,3.1
2018,10,23,0,30,124.88000000000001,0.13,4.1000000000000005,0,0,0,1,21.5,95.94,962,0,0,0,0,22.200000000000003,190,2.8000000000000003
2018,10,23,1,30,110.19,0.13,4.1000000000000005,0,0,0,0,21.6,97.29,963,0,0,0,0,22.1,192,2.5
2018,10,23,2,30,95.48,0.13,4.1000000000000005,0,0,0,0,21.700000000000003,97.55,964,0,0,0,0,22.1,193,2.5
2018,10,23,3,30,80.72,0.13,4.1000000000000005,49,366,108,1,21.700000000000003,91.38,964,49,366,0,108,23.200000000000003,195,3.4000000000000004
2018,10,23,4,30,66.17,0.13,4,82,678,356,0,21.3,78.48,965,82,678,0,356,25.3,195,4.3
2018,10,23,5,30,51.74,0.13,4,97,813,601,0,20.3,63.29,964,97,813,0,601,27.900000000000002,195,4.5
2018,10,23,6,30,37.67,0.13,4,107,881,804,0,19.5,52.93,964,107,881,0,804,30.1,194,4.3
2018,10,23,7,30,24.59,0.13,4,113,915,945,0,18.900000000000002,46.28,963,113,915,0,945,31.8,193,3.9000000000000004
2018,10,23,8,30,15.33,0.13,4,115,931,1012,2,18.5,42.410000000000004,962,506,185,0,685,33,190,3.5
2018,10,23,9,30,17.63,0.13,4,112,931,999,2,18.2,39.660000000000004,960,510,227,0,726,33.800000000000004,185,3.1
2018,10,23,10,30,28.830000000000002,0.13,4,108,912,907,0,17.7,37.94,959,108,912,0,907,34.1,177,2.9000000000000004
2018,10,23,11,30,42.38,0.13,4,101,870,744,7,17.400000000000002,37.56,959,328,251,0,513,33.9,170,2.9000000000000004
2018,10,23,12,30,56.61,0.13,4.1000000000000005,89,788,523,0,17.2,39.28,959,89,788,0,523,32.9,166,3.1
2018,10,23,13,30,71.10000000000001,0.13,4.2,70,624,272,0,17.3,43.29,959,70,624,0,272,31.3,165,3.4000000000000004
2018,10,23,14,30,85.61,0.13,4.3,27,196,42,0,18,50.49,960,27,196,0,42,29.3,166,3.5
2018,10,23,15,30,100.45,0.13,4.4,0,0,0,3,19,59.13,961,0,0,0,0,27.700000000000003,168,3.9000000000000004
2018,10,23,16,30,115.15,0.13,4.4,0,0,0,3,19.200000000000003,63.5,962,0,0,0,0,26.700000000000003,170,4.3
2018,10,23,17,30,129.81,0.13,4.4,0,0,0,1,19.3,67.36,963,0,0,0,0,25.8,172,4.4
2018,10,23,18,30,144.35,0.13,4.4,0,0,0,1,19.3,70.65,963,0,0,0,0,25,174,4.3
2018,10,23,19,30,158.48,0.13,4.4,0,0,0,1,19.400000000000002,74.02,963,0,0,0,0,24.3,178,4.2
2018,10,23,20,30,170.18,0.13,4.4,0,0,0,3,19.700000000000003,78.23,963,0,0,0,0,23.700000000000003,183,4.1000000000000005
2018,10,23,21,30,166.89000000000001,0.13,4.4,0,0,0,3,20.200000000000003,83.67,962,0,0,0,0,23.1,188,3.7
2018,10,23,22,30,153.75,0.13,4.4,0,0,0,3,20.700000000000003,88.4,962,0,0,0,0,22.700000000000003,193,3.3000000000000003
2018,10,23,23,30,139.42000000000002,0.13,4.4,0,0,0,5,21,92.55,962,0,0,0,0,22.3,198,2.9000000000000004
2018,10,24,0,30,124.82000000000001,0.13,4.4,0,0,0,3,21.200000000000003,94.88,962,0,0,0,0,22.1,203,2.6
2018,10,24,1,30,110.15,0.13,4.4,0,0,0,5,21.3,96.67,962,0,0,0,0,21.900000000000002,208,2.3000000000000003
2018,10,24,2,30,95.46000000000001,0.13,4.4,0,0,0,7,21.400000000000002,96.89,963,0,0,0,0,21.900000000000002,214,2.5
2018,10,24,3,30,80.72,0.13,4.5,47,385,109,3,21.400000000000002,91.65,963,30,0,0,30,22.8,218,3.5
2018,10,24,4,30,66.19,0.13,4.5,78,688,356,1,20.900000000000002,79.03,964,78,688,0,356,24.8,218,4.4
2018,10,24,5,30,51.79,0.13,4.5,94,816,599,7,20.1,65.42,964,185,537,0,517,27.1,218,4.5
2018,10,24,6,30,37.76,0.13,4.6000000000000005,106,877,799,7,19.400000000000002,55.08,963,249,529,0,668,29.400000000000002,218,4.1000000000000005
2018,10,24,7,30,24.76,0.13,4.6000000000000005,115,907,939,3,19.1,48.92,962,459,142,0,588,31.1,218,3.7
2018,10,24,8,30,15.65,0.13,4.7,120,918,1004,3,18.900000000000002,45.34,961,414,7,0,421,32.2,218,3.2
2018,10,24,9,30,17.93,0.13,4.800000000000001,128,902,986,2,18.8,43.800000000000004,960,509,204,0,703,32.7,218,2.9000000000000004
2018,10,24,10,30,29.03,0.13,4.800000000000001,123,882,894,3,18.8,44.04,958,315,1,0,316,32.6,215,2.6
2018,10,24,11,30,42.52,0.13,4.9,114,837,731,3,18.900000000000002,45.800000000000004,958,137,0,0,137,32,208,2.3000000000000003
2018,10,24,12,30,56.71,0.13,5.1000000000000005,114,715,506,1,19.1,49.7,958,114,715,0,506,30.8,197,2.1
2018,10,24,13,30,71.17,0.13,5.2,93,504,256,0,19.5,55.480000000000004,958,93,504,0,256,29.3,184,2
2018,10,24,14,30,85.66,0.13,5.300000000000001,30,78,36,0,20.3,63.65,959,30,78,0,36,27.8,173,1.8
2018,10,24,15,30,100.49000000000001,0.13,5.4,0,0,0,3,21.200000000000003,72.89,960,0,0,0,0,26.5,166,1.9000000000000001
2018,10,24,16,30,115.17,0.13,5.6000000000000005,0,0,0,3,21.6,78.66,961,0,0,0,0,25.6,164,2.2
2018,10,24,17,30,129.81,0.13,5.7,0,0,0,3,21.900000000000002,83.82000000000001,961,0,0,0,0,24.8,165,2.5
2018,10,24,18,30,144.32,0.13,5.7,0,0,0,4,22,87.59,961,0,0,0,0,24.200000000000003,167,2.7
2018,10,24,19,30,158.38,0.13,5.800000000000001,0,0,0,4,22,90.89,961,0,0,0,0,23.6,170,2.7
2018,10,24,20,30,169.89000000000001,0.13,5.800000000000001,0,0,0,3,22,93.16,961,0,0,0,0,23.200000000000003,173,2.5
2018,10,24,21,30,166.64000000000001,0.13,5.7,0,0,0,4,22.1,95.04,960,0,0,0,0,22.900000000000002,174,2.2
2018,10,24,22,30,153.62,0.13,5.6000000000000005,0,0,0,4,22.1,96.66,960,0,0,0,0,22.700000000000003,174,1.9000000000000001
2018,10,24,23,30,139.33,0.13,5.5,0,0,0,8,22.200000000000003,97.71000000000001,960,0,0,0,0,22.6,176,1.7000000000000002
2018,10,25,0,30,124.77,0.13,5.5,0,0,0,8,22.3,98.8,961,0,0,0,0,22.5,178,1.7000000000000002
2018,10,25,1,30,110.11,0.13,5.4,0,0,0,1,22.400000000000002,99.11,961,0,0,0,0,22.5,182,1.8
2018,10,25,2,30,95.44,0.13,5.300000000000001,0,0,0,0,22.400000000000002,98.78,962,0,0,0,0,22.6,184,2.2
2018,10,25,3,30,80.72,0.13,5.2,48,373,108,3,22.400000000000002,97.23,962,55,1,0,55,22.900000000000002,184,2.7
2018,10,25,4,30,66.21000000000001,0.13,5.1000000000000005,78,686,355,2,22.400000000000002,92.01,963,217,80,0,249,23.8,180,3.4000000000000004
2018,10,25,5,30,51.84,0.13,5,93,817,597,0,22,81.88,963,93,817,0,597,25.3,174,3.6
2018,10,25,6,30,37.86,0.13,5,103,880,798,0,21.3,72.71000000000001,963,103,880,0,798,26.6,170,3.4000000000000004
2018,10,25,7,30,24.94,0.13,5,110,912,937,3,20.900000000000002,66.75,962,436,58,0,489,27.6,170,2.9000000000000004
2018,10,25,8,30,15.97,0.13,5.1000000000000005,111,927,1002,3,20.700000000000003,63.29,961,457,39,0,494,28.3,170,2.5
2018,10,25,9,30,18.23,0.13,5.1000000000000005,109,926,989,3,20.6,61.31,960,487,173,0,651,28.8,167,2.2
2018,10,25,10,30,29.23,0.13,5.1000000000000005,105,907,897,7,20.6,60.86,959,372,295,0,629,28.900000000000002,161,2.2
2018,10,25,11,30,42.660000000000004,0.13,5.1000000000000005,99,864,734,3,20.6,62.13,959,354,57,0,396,28.6,157,2.3000000000000003
2018,10,25,12,30,56.81,0.13,5.2,87,784,516,1,20.8,65.14,959,87,784,0,516,28,153,2.4000000000000004
2018,10,25,13,30,71.25,0.13,5.2,68,622,268,6,21.200000000000003,70.93,959,80,4,0,81,26.900000000000002,151,2.2
2018,10,25,14,30,85.71000000000001,0.13,5.300000000000001,26,198,41,7,22.200000000000003,80.84,960,20,0,7,20,25.700000000000003,150,1.9000000000000001
2018,10,25,15,30,100.53,0.13,5.300000000000001,0,0,0,7,22.6,87.65,961,0,0,0,0,24.8,150,2.2
2018,10,25,16,30,115.18,0.13,5.300000000000001,0,0,0,7,22.400000000000002,89.21000000000001,961,0,0,0,0,24.3,150,2.5
2018,10,25,17,30,129.8,0.13,5.300000000000001,0,0,0,8,22.200000000000003,91.43,962,0,0,0,0,23.700000000000003,150,2.8000000000000003
2018,10,25,18,30,144.27,0.13,5.300000000000001,0,0,0,8,21.900000000000002,93.15,962,0,0,0,0,23.1,150,2.9000000000000004
2018,10,25,19,30,158.27,0.13,5.2,0,0,0,7,21.700000000000003,95.14,962,0,0,0,0,22.5,151,2.8000000000000003
2018,10,25,20,30,169.6,0.13,5.2,0,0,0,7,21.6,96.88,962,0,0,0,0,22.1,153,2.6
2018,10,25,21,30,166.39000000000001,0.13,5.1000000000000005,0,0,0,3,21.6,98.28,961,0,0,0,0,21.900000000000002,156,2.6
2018,10,25,22,30,153.49,0.13,5,0,0,0,3,21.8,99.98,961,0,0,0,0,21.8,158,2.6
2018,10,25,23,30,139.25,0.13,4.9,0,0,0,3,21.900000000000002,100,960,0,0,0,0,21.900000000000002,160,2.8000000000000003
2018,10,26,0,30,124.71000000000001,0.13,4.9,0,0,0,3,22,100,960,0,0,0,0,22,159,3
2018,10,26,1,30,110.08,0.13,4.800000000000001,0,0,0,3,22.1,100,961,0,0,0,0,22.1,158,3.1
2018,10,26,2,30,95.43,0.13,4.800000000000001,0,0,0,5,22.200000000000003,100,961,0,0,0,0,22.200000000000003,153,3.3000000000000003
2018,10,26,3,30,80.72,0.13,4.9,41,445,113,5,22.400000000000002,96.86,962,4,0,0,4,22.900000000000002,149,4
2018,10,26,4,30,66.24,0.13,5,68,724,360,5,22.200000000000003,87.64,963,105,0,0,105,24.400000000000002,146,4.9
2018,10,26,5,30,51.9,0.13,5.1000000000000005,83,839,601,8,21.5,74.77,963,226,33,0,246,26.3,145,5.2
2018,10,26,6,30,37.96,0.13,5.1000000000000005,113,861,792,8,20.700000000000003,64.77,963,332,243,0,524,28,143,4.9
2018,10,26,7,30,25.12,0.13,5,124,890,930,7,20.200000000000003,59.54,962,395,251,0,623,28.900000000000002,142,4.4
2018,10,26,8,30,16.29,0.13,5,131,899,994,8,19.900000000000002,57.01,961,353,348,0,688,29.3,143,3.7
2018,10,26,9,30,18.53,0.13,4.9,139,886,978,7,19.8,56.27,960,240,652,0,858,29.400000000000002,147,3.1
2018,10,26,10,30,29.42,0.13,4.9,137,859,885,8,19.8,56.1,959,293,527,7,752,29.5,153,2.7
2018,10,26,11,30,42.79,0.13,4.9,129,808,722,7,20,57.25,959,269,470,0,614,29.3,161,2.6
2018,10,26,12,30,56.910000000000004,0.13,5,112,720,505,8,20.200000000000003,60.58,960,215,394,7,430,28.6,168,2.5
2018,10,26,13,30,71.32000000000001,0.13,5,84,546,259,7,20.8,67.51,960,143,238,0,219,27.3,170,2.3000000000000003
2018,10,26,14,30,85.76,0.13,5,29,123,38,9,22,80.13,961,7,0,7,7,25.700000000000003,167,1.9000000000000001
2018,10,26,15,30,100.56,0.13,5.1000000000000005,0,0,0,9,22.700000000000003,89.63,962,0,0,0,0,24.5,163,2.1
2018,10,26,16,30,115.2,0.13,5.1000000000000005,0,0,0,6,22.3,91.14,962,0,0,0,0,23.8,160,2.7
2018,10,26,17,30,129.79,0.13,5,0,0,0,6,21.900000000000002,92.61,963,0,0,0,0,23.200000000000003,158,3.1
2018,10,26,18,30,144.23,0.13,5,0,0,0,6,21.700000000000003,94.7,963,0,0,0,0,22.6,157,3
2018,10,26,19,30,158.16,0.13,5,0,0,0,6,21.6,97.28,963,0,0,0,0,22.1,156,2.8000000000000003
2018,10,26,20,30,169.31,0.13,4.9,0,0,0,7,21.700000000000003,99.43,962,0,0,0,0,21.8,155,2.7
2018,10,26,21,30,166.14000000000001,0.13,4.9,0,0,0,3,21.8,100,962,0,0,0,0,21.8,154,2.6
2018,10,26,22,30,153.35,0.13,4.9,0,0,0,3,21.8,100,961,0,0,0,0,21.8,154,2.6
2018,10,26,23,30,139.16,0.13,4.9,0,0,0,4,21.8,100,961,0,0,0,0,21.8,152,2.6
2018,10,27,0,30,124.66,0.13,4.9,0,0,0,5,21.700000000000003,100,961,0,0,0,0,21.700000000000003,147,2.6
2018,10,27,1,30,110.05,0.13,5,0,0,0,8,21.700000000000003,100,962,0,0,0,0,21.700000000000003,139,2.5
2018,10,27,2,30,95.41,0.13,5,0,0,0,3,21.8,100,963,0,0,0,0,21.8,132,2.4000000000000004
2018,10,27,3,30,80.73,0.13,4.9,39,469,114,8,22,98.59,964,3,0,0,3,22.200000000000003,130,2.6
2018,10,27,4,30,66.27,0.13,4.9,64,739,362,5,22,94.43,964,94,0,0,94,22.900000000000002,135,2.9000000000000004
2018,10,27,5,30,51.96,0.13,4.800000000000001,78,853,603,3,21.5,86.47,965,272,23,0,286,23.900000000000002,145,3
2018,10,27,6,30,38.06,0.13,4.7,86,911,804,3,20.8,76.43,964,145,0,0,145,25.200000000000003,155,2.9000000000000004
2018,10,27,7,30,25.310000000000002,0.13,4.6000000000000005,92,942,943,3,20,66.08,964,383,6,0,388,26.900000000000002,163,2.7
2018,10,27,8,30,16.6,0.13,4.4,96,955,1011,7,19.400000000000002,57.82,963,315,501,0,795,28.5,170,2.6
2018,10,27,9,30,18.830000000000002,0.13,4.3,104,940,994,3,18.900000000000002,52.410000000000004,962,139,0,0,139,29.700000000000003,173,2.4000000000000004
2018,10,27,10,30,29.61,0.13,4.2,104,918,902,3,18.7,50.02,961,467,208,0,648,30.3,173,2.3000000000000003
2018,10,27,11,30,42.92,0.13,4.1000000000000005,97,876,739,7,18.5,49.72,960,236,519,0,617,30.200000000000003,169,2.1
2018,10,27,12,30,57.01,0.13,4.1000000000000005,125,692,502,6,18.400000000000002,50.76,960,252,69,0,289,29.700000000000003,164,1.9000000000000001
2018,10,27,13,30,71.39,0.13,4,91,521,257,6,18.400000000000002,54.300000000000004,960,135,20,0,141,28.5,160,1.5
2018,10,27,14,30,85.81,0.13,4,28,125,37,7,20,66.62,960,24,1,7,24,26.700000000000003,163,1
2018,10,27,15,30,100.59,0.13,3.9000000000000004,0,0,0,7,22,83.02,961,0,0,0,0,25.1,167,0.9
2018,10,27,16,30,115.2,0.13,3.9000000000000004,0,0,0,7,21.3,82.85000000000001,962,0,0,0,0,24.400000000000002,167,1.2000000000000002
2018,10,27,17,30,129.77,0.13,3.9000000000000004,0,0,0,7,20.700000000000003,82.8,962,0,0,0,0,23.8,165,1.7000000000000002
2018,10,27,18,30,144.18,0.13,3.9000000000000004,0,0,0,7,20.400000000000002,84.15,962,0,0,0,0,23.200000000000003,163,2.3000000000000003
2018,10,27,19,30,158.04,0.13,4,0,0,0,0,20.5,88.39,962,0,0,0,0,22.5,162,2.7
2018,10,27,20,30,169.02,0.13,4,0,0,0,0,20.900000000000002,94.01,962,0,0,0,0,21.900000000000002,163,2.6
2018,10,27,21,30,165.9,0.13,4,0,0,0,3,21.3,98.63,962,0,0,0,0,21.5,166,2.2
2018,10,27,22,30,153.22,0.13,3.9000000000000004,0,0,0,3,21.3,100,961,0,0,0,0,21.3,169,1.8
2018,10,27,23,30,139.08,0.13,3.9000000000000004,0,0,0,1,21.3,100,961,0,0,0,0,21.3,171,1.6
2018,10,28,0,30,124.60000000000001,0.13,3.8000000000000003,0,0,0,3,21.200000000000003,100,961,0,0,0,0,21.200000000000003,172,1.5
2018,10,28,1,30,110.02,0.13,3.7,0,0,0,0,21.1,100,962,0,0,0,0,21.1,171,1.3
2018,10,28,2,30,95.4,0.13,3.6,0,0,0,0,21.3,100,963,0,0,0,0,21.3,172,1.5
2018,10,28,3,30,80.73,0.13,3.5,47,407,112,0,21.700000000000003,95.23,963,47,407,0,112,22.5,173,2.3000000000000003
2018,10,28,4,30,66.3,0.13,3.4000000000000004,78,703,361,0,21.700000000000003,83.7,964,78,703,0,361,24.6,174,2.7
2018,10,28,5,30,52.02,0.13,3.4000000000000004,93,836,607,0,21.1,70.54,964,93,836,0,607,26.900000000000002,170,2.2
2018,10,28,6,30,38.17,0.13,3.4000000000000004,105,895,809,0,20.400000000000002,59.36,964,105,895,0,809,29.1,151,1.5
2018,10,28,7,30,25.5,0.13,3.4000000000000004,104,939,952,0,19.700000000000003,51.800000000000004,963,104,939,0,952,30.700000000000003,120,1.1
2018,10,28,8,30,16.92,0.13,3.5,103,957,1018,0,19,46.69,962,103,957,0,1018,31.8,100,1
2018,10,28,9,30,19.12,0.13,3.5,110,943,1001,0,18.6,43.69,961,110,943,0,1001,32.5,97,1
2018,10,28,10,30,29.8,0.13,3.5,103,928,908,0,18.2,41.74,960,103,928,0,908,32.9,103,1.1
2018,10,28,11,30,43.050000000000004,0.13,3.5,95,889,744,3,17.8,40.83,959,362,83,0,422,32.9,111,1.3
2018,10,28,12,30,57.1,0.13,3.5,83,813,524,3,17.5,41.35,959,70,0,0,70,32.300000000000004,119,1.5
2018,10,28,13,30,71.46000000000001,0.13,3.5,64,657,272,3,17.3,44.11,959,159,22,0,166,30.900000000000002,127,1.5
2018,10,28,14,30,85.85000000000001,0.13,3.5,24,237,42,3,19.3,58,959,24,0,7,24,28.400000000000002,139,1.3
2018,10,28,15,30,100.61,0.13,3.5,0,0,0,3,21.200000000000003,72.16,960,0,0,0,0,26.6,150,1.5
2018,10,28,16,30,115.21000000000001,0.13,3.5,0,0,0,0,20.200000000000003,71.49,961,0,0,0,0,25.700000000000003,156,2.3000000000000003
2018,10,28,17,30,129.75,0.13,3.6,0,0,0,3,20,74.85000000000001,961,0,0,0,0,24.8,159,3
2018,10,28,18,30,144.12,0.13,3.6,0,0,0,0,20.5,81.58,962,0,0,0,0,23.8,162,3.4000000000000004
2018,10,28,19,30,157.92000000000002,0.13,3.7,0,0,0,0,21,89.07000000000001,962,0,0,0,0,22.900000000000002,164,3.2
2018,10,28,20,30,168.73,0.13,3.7,0,0,0,0,21.400000000000002,95.52,962,0,0,0,0,22.200000000000003,167,2.9000000000000004
2018,10,28,21,30,165.65,0.13,3.7,0,0,0,0,21.700000000000003,98.69,961,0,0,0,0,21.900000000000002,171,2.6
2018,10,28,22,30,153.09,0.13,3.7,0,0,0,0,21.700000000000003,99.3,961,0,0,0,0,21.8,173,2.4000000000000004
2018,10,28,23,30,139,0.13,3.6,0,0,0,0,21.6,99.59,961,0,0,0,0,21.700000000000003,174,2.2
2018,10,29,0,30,124.55,0.13,3.6,0,0,0,0,21.6,100,961,0,0,0,0,21.6,173,1.9000000000000001
2018,10,29,1,30,109.99000000000001,0.13,3.6,0,0,0,0,21.400000000000002,100,961,0,0,0,0,21.400000000000002,172,1.7000000000000002
2018,10,29,2,30,95.4,0.13,3.5,0,0,0,0,21.6,99.79,962,0,0,0,0,21.6,171,1.8
2018,10,29,3,30,80.75,0.13,3.5,44,436,114,0,21.6,94.10000000000001,963,44,436,0,114,22.6,172,2.5
2018,10,29,4,30,66.34,0.13,3.5,73,723,363,3,21.3,81.37,963,142,2,0,143,24.700000000000003,173,2.8000000000000003
2018,10,29,5,30,52.09,0.13,3.6,88,844,607,3,20.8,68.68,963,148,0,0,148,27.1,171,2.5
2018,10,29,6,30,38.28,0.13,3.6,95,911,809,2,20.400000000000002,59.19,963,400,107,0,483,29.200000000000003,161,1.8
2018,10,29,7,30,25.69,0.13,3.7,97,946,949,1,19.8,51.79,962,97,946,0,949,30.900000000000002,141,1.2000000000000002
2018,10,29,8,30,17.23,0.13,3.7,97,963,1016,2,19.200000000000003,46.39,961,509,235,0,734,32.1,120,1
2018,10,29,9,30,19.41,0.13,3.8000000000000003,107,943,996,3,18.7,43.49,959,492,174,0,656,32.7,111,1.1
2018,10,29,10,30,29.990000000000002,0.13,3.8000000000000003,101,927,904,0,18.400000000000002,41.910000000000004,958,101,927,0,904,33,113,1.3
2018,10,29,11,30,43.18,0.13,3.8000000000000003,93,887,741,2,18,41.58,957,396,190,0,535,32.800000000000004,118,1.5
2018,10,29,12,30,57.19,0.13,3.9000000000000004,98,767,513,2,17.8,42.550000000000004,957,291,67,0,327,32.1,123,1.8
2018,10,29,13,30,71.52,0.13,3.9000000000000004,74,600,264,2,17.7,45.96,958,115,3,0,116,30.6,128,1.8
2018,10,29,14,30,85.89,0.13,4,26,173,39,0,19.200000000000003,57.52,959,26,173,0,39,28.400000000000002,134,1.7000000000000002
2018,10,29,15,30,100.63,0.13,4.1000000000000005,0,0,0,0,20.900000000000002,70.46000000000001,959,0,0,0,0,26.700000000000003,140,2.2
2018,10,29,16,30,115.21000000000001,0.13,4.1000000000000005,0,0,0,3,20.3,72.10000000000001,960,0,0,0,0,25.700000000000003,142,3.3000000000000003
2018,10,29,17,30,129.73,0.13,4.2,0,0,0,3,20.6,78.3,961,0,0,0,0,24.6,142,3.7
2018,10,29,18,30,144.06,0.13,4.2,0,0,0,0,21.1,85.8,962,0,0,0,0,23.6,143,3.5
2018,10,29,19,30,157.78,0.13,4.3,0,0,0,0,21.5,92.34,962,0,0,0,0,22.8,143,2.9000000000000004
2018,10,29,20,30,168.43,0.13,4.2,0,0,0,0,21.700000000000003,96.51,961,0,0,0,0,22.3,144,2.6
2018,10,29,21,30,165.4,0.13,4.2,0,0,0,0,21.8,98.34,961,0,0,0,0,22.1,145,2.5
2018,10,29,22,30,152.96,0.13,4.2,0,0,0,0,21.8,99.06,961,0,0,0,0,22,146,2.4000000000000004
2018,10,29,23,30,138.92000000000002,0.13,4.1000000000000005,0,0,0,0,21.8,99.37,960,0,0,0,0,21.900000000000002,145,2.2
2018,10,30,0,30,124.5,0.13,4.1000000000000005,0,0,0,0,21.700000000000003,99.66,960,0,0,0,0,21.8,143,2
2018,10,30,1,30,109.96000000000001,0.13,4,0,0,0,0,21.700000000000003,100,961,0,0,0,0,21.700000000000003,140,1.9000000000000001
2018,10,30,2,30,95.39,0.13,4,0,0,0,1,21.700000000000003,99.16,961,0,0,0,0,21.8,137,2.1
2018,10,30,3,30,80.76,0.13,4,50,363,108,1,21.700000000000003,93.45,962,50,363,0,108,22.8,134,2.7
2018,10,30,4,30,66.38,0.13,4,87,661,352,3,21.400000000000002,80.68,962,195,20,0,203,24.900000000000002,130,3
2018,10,30,5,30,52.160000000000004,0.13,4,108,791,594,2,20.6,66.51,962,327,76,0,374,27.400000000000002,124,2.8000000000000003
2018,10,30,6,30,38.4,0.13,4.1000000000000005,158,790,778,0,20.1,56.88,962,158,790,0,778,29.6,113,2.4000000000000004
2018,10,30,7,30,25.89,0.13,4.1000000000000005,163,839,919,0,19.8,50.800000000000004,961,163,839,0,919,31.200000000000003,97,2.1
2018,10,30,8,30,17.55,0.13,4.2,162,863,985,2,19.3,46.54,959,526,196,0,714,32.2,83,1.9000000000000001
2018,10,30,9,30,19.7,0.13,4.2,173,841,966,3,18.900000000000002,43.83,958,524,187,0,700,32.800000000000004,76,1.9000000000000001
2018,10,30,10,30,30.18,0.13,4.2,166,818,873,3,18.6,42.300000000000004,957,475,137,0,594,33.1,75,2
2018,10,30,11,30,43.31,0.13,4.2,152,768,711,2,18.3,42.08,957,377,78,0,433,32.9,78,2.1
2018,10,30,12,30,57.28,0.13,4.3,131,671,494,3,18.1,43.230000000000004,957,22,0,0,22,32.2,85,2.2
2018,10,30,13,30,71.58,0.13,4.3,95,491,251,3,18.1,47.28,957,45,0,0,45,30.6,94,1.9000000000000001
2018,10,30,14,30,85.93,0.13,4.4,28,92,34,8,19.8,59.22,958,19,0,7,19,28.5,106,1.5
2018,10,30,15,30,100.65,0.13,4.4,0,0,0,3,21.6,72.23,959,0,0,0,0,27,119,1.6
2018,10,30,16,30,115.2,0.13,4.4,0,0,0,3,21,73.03,959,0,0,0,0,26.200000000000003,131,2.3000000000000003
2018,10,30,17,30,129.7,0.13,4.4,0,0,0,3,20.900000000000002,76.4,960,0,0,0,0,25.3,140,3
2018,10,30,18,30,143.99,0.13,4.4,0,0,0,0,21.1,82.5,960,0,0,0,0,24.3,145,3.4000000000000004
2018,10,30,19,30,157.65,0.13,4.4,0,0,0,3,21.5,88.86,960,0,0,0,0,23.400000000000002,146,3.4000000000000004
2018,10,30,20,30,168.14000000000001,0.13,4.4,0,0,0,0,21.700000000000003,94.3,960,0,0,0,0,22.700000000000003,144,3.2
2018,10,30,21,30,165.16,0.13,4.3,0,0,0,0,21.900000000000002,97.65,959,0,0,0,0,22.3,141,2.9000000000000004
2018,10,30,22,30,152.83,0.13,4.2,0,0,0,0,22,98.64,959,0,0,0,0,22.200000000000003,137,2.7
2018,10,30,23,30,138.84,0.13,4.1000000000000005,0,0,0,0,22,99.29,959,0,0,0,0,22.1,133,2.5
2018,10,31,0,30,124.46000000000001,0.14,4.1000000000000005,0,0,0,3,21.900000000000002,100,959,0,0,0,0,21.900000000000002,128,2.5
2018,10,31,1,30,109.94,0.14,4,0,0,0,3,21.8,100,959,0,0,0,0,21.8,123,2.5
2018,10,31,2,30,95.39,0.14,4,0,0,0,3,21.900000000000002,99.8,960,0,0,0,0,21.900000000000002,117,2.6
2018,10,31,3,30,80.78,0.14,4,56,301,104,3,21.900000000000002,94.09,961,4,0,0,4,22.900000000000002,110,3.4000000000000004
2018,10,31,4,30,66.42,0.14,4,101,610,345,3,21.5,81.55,961,121,1,0,122,24.900000000000002,102,4.2
2018,10,31,5,30,52.230000000000004,0.14,4.1000000000000005,125,752,585,3,21,68.76,961,208,1,0,209,27.200000000000003,96,4.4
2018,10,31,6,30,38.52,0.14,4.1000000000000005,133,834,786,3,20.6,59,961,416,109,0,501,29.400000000000002,90,4.4
2018,10,31,7,30,26.080000000000002,0.14,4.2,136,880,926,3,20.1,52.370000000000005,960,495,208,0,682,31,86,4.3
2018,10,31,8,30,17.86,0.14,4.3,137,898,991,2,19.6,47.53,959,512,182,0,685,32.2,83,4.1000000000000005
2018,10,31,9,30,19.98,0.14,4.3,132,901,978,1,19.200000000000003,44.550000000000004,958,132,901,0,978,32.9,82,4
2018,10,31,10,30,30.36,0.14,4.3,127,879,886,2,18.900000000000002,43.12,957,454,131,0,567,33.1,82,3.8000000000000003
2018,10,31,11,30,43.43,0.14,4.4,118,832,722,3,18.6,42.7,956,360,53,0,398,32.9,83,3.6
2018,10,31,12,30,57.36,0.14,4.4,129,677,494,3,18.2,43.77,956,136,0,0,137,32.1,84,3.4000000000000004
2018,10,31,13,30,71.63,0.14,4.4,95,491,250,3,18.1,47.51,957,102,1,0,103,30.5,88,2.7
2018,10,31,14,30,85.96000000000001,0.14,4.4,28,91,34,3,19.5,58.4,958,24,0,7,24,28.400000000000002,95,1.7000000000000002
2018,10,31,15,30,100.66,0.14,4.4,0,0,0,0,21,70.24,958,0,0,0,0,26.900000000000002,107,1.6
2018,10,31,16,30,115.2,0.14,4.4,0,0,0,0,20.6,70.91,959,0,0,0,0,26.3,118,2.3000000000000003
2018,10,31,17,30,129.66,0.14,4.4,0,0,0,5,20.3,72.92,960,0,0,0,0,25.5,125,3.2
2018,10,31,18,30,143.92000000000002,0.14,4.4,0,0,0,0,20.5,77.85000000000001,960,0,0,0,0,24.6,128,3.6
2018,10,31,19,30,157.51,0.14,4.4,0,0,0,0,20.900000000000002,84.47,960,0,0,0,0,23.700000000000003,129,3.3000000000000003
2018,10,31,20,30,167.85,0.14,4.4,0,0,0,0,21.400000000000002,90.64,960,0,0,0,0,23,129,2.8000000000000003
2018,10,31,21,30,164.92000000000002,0.14,4.4,0,0,0,1,21.700000000000003,94.01,960,0,0,0,0,22.700000000000003,125,2.6
2018,10,31,22,30,152.70000000000002,0.14,4.4,0,0,0,0,21.8,95.87,959,0,0,0,0,22.5,119,2.6
2018,10,31,23,30,138.77,0.14,4.3,0,0,0,0,21.900000000000002,97.58,959,0,0,0,0,22.3,114,2.5
2018,11,1,0,30,124.41,0.14,4.3,0,0,0,0,22,98.67,960,0,0,0,0,22.200000000000003,110,2.4000000000000004
2018,11,1,1,30,109.92,0.14,4.2,0,0,0,0,22,100,960,0,0,0,0,22,106,2.4000000000000004
2018,11,1,2,30,95.39,0.14,4.1000000000000005,0,0,0,0,22,99.36,961,0,0,0,0,22.1,100,2.6
2018,11,1,3,30,80.81,0.14,4,67,189,97,3,22,93.35000000000001,961,8,0,0,8,23.1,93,3.4000000000000004
2018,11,1,4,30,66.47,0.14,4,128,512,333,3,21.5,80.01,962,186,12,0,190,25.200000000000003,87,4.3
2018,11,1,5,30,52.31,0.14,3.9000000000000004,153,688,574,0,20.700000000000003,65.57000000000001,962,153,688,0,574,27.700000000000003,82,4.6000000000000005
2018,11,1,6,30,38.64,0.14,3.9000000000000004,175,765,772,0,19.900000000000002,54.67,962,175,765,0,772,30,79,4.6000000000000005
2018,11,1,7,30,26.29,0.14,3.9000000000000004,186,809,911,2,19.1,46.44,961,491,307,0,766,32,76,4.5
2018,11,1,8,30,18.16,0.14,3.9000000000000004,192,825,976,0,18.3,40.92,960,192,825,0,976,33.4,75,4.4
2018,11,1,9,30,20.26,0.14,3.9000000000000004,185,827,961,0,17.6,37.46,959,185,827,0,961,34.2,75,4.2
2018,11,1,10,30,30.55,0.14,3.8000000000000003,180,800,869,0,17,35.1,958,180,800,0,869,34.6,76,3.9000000000000004
2018,11,1,11,30,43.550000000000004,0.14,3.8000000000000003,169,740,705,2,16.3,34.13,957,409,102,0,482,34.4,78,3.7
2018,11,1,12,30,57.44,0.14,3.8000000000000003,151,624,487,0,15.8,34.51,957,151,624,0,487,33.6,80,3.5
2018,11,1,13,30,71.69,0.14,3.8000000000000003,112,421,244,2,15.5,37.71,958,143,6,0,145,31.700000000000003,82,2.7
2018,11,1,14,30,85.99,0.14,3.8000000000000003,27,59,31,0,18,51.97,958,27,59,0,31,28.8,86,1.7000000000000002
2018,11,1,15,30,100.67,0.14,3.7,0,0,0,0,19.400000000000002,63.800000000000004,959,0,0,0,0,26.8,92,1.6
2018,11,1,16,30,115.18,0.14,3.7,0,0,0,0,18.900000000000002,65,959,0,0,0,0,26,103,1.9000000000000001
2018,11,1,17,30,129.62,0.14,3.7,0,0,0,0,18.8,67.56,960,0,0,0,0,25.200000000000003,116,2.6
2018,11,1,18,30,143.84,0.14,3.7,0,0,0,0,19.1,72.91,960,0,0,0,0,24.3,124,3.2
2018,11,1,19,30,157.36,0.14,3.7,0,0,0,0,20.1,81.82000000000001,960,0,0,0,0,23.400000000000002,125,3.4000000000000004
2018,11,1,20,30,167.56,0.14,3.7,0,0,0,0,21,90.11,960,0,0,0,0,22.700000000000003,122,3.3000000000000003
2018,11,1,21,30,164.68,0.14,3.7,0,0,0,0,21.5,94.95,960,0,0,0,0,22.3,116,3.2
2018,11,1,22,30,152.57,0.14,3.6,0,0,0,0,21.5,96.49000000000001,959,0,0,0,0,22.1,111,3.1
2018,11,1,23,30,138.70000000000002,0.14,3.6,0,0,0,0,21.400000000000002,97.51,959,0,0,0,0,21.8,108,3
2018,11,2,0,30,124.37,0.14,3.6,0,0,0,0,21.3,98.05,959,0,0,0,0,21.6,106,3.1
2018,11,2,1,30,109.9,0.14,3.5,0,0,0,0,21.200000000000003,98.12,960,0,0,0,0,21.5,106,3.1
2018,11,2,2,30,95.4,0.14,3.5,0,0,0,0,21.1,97.23,960,0,0,0,0,21.6,106,3.3000000000000003
2018,11,2,3,30,80.83,0.14,3.5,69,164,95,0,21.1,91.5,961,69,164,0,95,22.6,104,3.8000000000000003
2018,11,2,4,30,66.52,0.14,3.6,139,480,330,1,20.700000000000003,78.42,961,139,480,0,330,24.700000000000003,102,4.4
2018,11,2,5,30,52.39,0.14,3.6,166,664,571,0,20,64.38,962,166,664,0,571,27.3,100,4.6000000000000005
2018,11,2,6,30,38.77,0.14,3.7,175,767,773,0,19.400000000000002,53.99,961,175,767,0,773,29.700000000000003,97,4.5
2018,11,2,7,30,26.490000000000002,0.14,3.8000000000000003,186,809,911,0,19,46.64,961,186,809,0,911,31.8,94,4.2
2018,11,2,8,30,18.47,0.14,3.9000000000000004,190,827,975,0,18.6,41.96,960,190,827,0,975,33.2,91,3.9000000000000004
2018,11,2,9,30,20.54,0.14,4,208,794,952,0,18.1,38.9,959,208,794,0,952,34,88,3.5
2018,11,2,10,30,30.72,0.14,4.1000000000000005,203,761,857,3,17.6,37.59,958,457,103,0,546,34.1,86,3.2
2018,11,2,11,30,43.67,0.14,4.2,188,699,694,7,17.3,37.46,957,351,248,0,531,33.800000000000004,86,3.1
2018,11,2,12,30,57.52,0.14,4.3,165,585,479,1,17.1,38.74,957,165,585,0,479,33,89,2.9000000000000004
2018,11,2,13,30,71.74,0.14,4.4,117,388,238,0,17,42.45,957,117,388,0,238,31.3,97,2.2
2018,11,2,14,30,86.02,0.14,4.4,27,45,30,0,19.200000000000003,55.68,958,27,45,0,30,29,111,1.6
2018,11,2,15,30,100.68,0.14,4.5,0,0,0,0,20.6,65.97,958,0,0,0,0,27.5,126,2
2018,11,2,16,30,115.17,0.14,4.5,0,0,0,0,19.700000000000003,65.41,959,0,0,0,0,26.700000000000003,133,3.1
2018,11,2,17,30,129.58,0.14,4.5,0,0,0,0,19.6,69.65,960,0,0,0,0,25.6,136,3.7
2018,11,2,18,30,143.76,0.14,4.6000000000000005,0,0,0,0,20.1,76.98,960,0,0,0,0,24.400000000000002,134,3.5
2018,11,2,19,30,157.21,0.14,4.6000000000000005,0,0,0,0,20.6,83.69,960,0,0,0,0,23.5,130,3
2018,11,2,20,30,167.27,0.14,4.5,0,0,0,0,20.900000000000002,88.47,960,0,0,0,0,22.900000000000002,126,2.6
2018,11,2,21,30,164.44,0.14,4.4,0,0,0,0,21.1,91.58,960,0,0,0,0,22.5,123,2.6
2018,11,2,22,30,152.45000000000002,0.14,4.3,0,0,0,0,21.1,93.13,959,0,0,0,0,22.3,121,2.7
2018,11,2,23,30,138.63,0.14,4.1000000000000005,0,0,0,0,21.3,94.98,959,0,0,0,0,22.1,121,2.7
2018,11,3,0,30,124.34,0.14,3.9000000000000004,0,0,0,0,21.400000000000002,96.11,959,0,0,0,0,22,121,2.7
2018,11,3,1,30,109.89,0.14,3.8000000000000003,0,0,0,0,21.400000000000002,96.91,960,0,0,0,0,21.900000000000002,121,2.7
2018,11,3,2,30,95.4,0.14,3.6,0,0,0,0,21.400000000000002,96.83,960,0,0,0,0,21.900000000000002,120,2.9000000000000004
2018,11,3,3,30,80.86,0.14,3.5,62,248,101,0,21.3,92.04,961,62,248,0,101,22.700000000000003,118,3.4000000000000004
2018,11,3,4,30,66.57000000000001,0.14,3.5,114,570,341,0,20.700000000000003,79.39,962,114,570,0,341,24.5,115,3.9000000000000004
2018,11,3,5,30,52.480000000000004,0.14,3.5,136,731,581,0,19.6,64.39,962,136,731,0,581,26.900000000000002,112,4
2018,11,3,6,30,38.9,0.14,3.5,150,813,783,0,18.5,52.01,962,150,813,0,783,29.400000000000002,111,3.9000000000000004
2018,11,3,7,30,26.69,0.14,3.5,159,854,922,0,17.8,43.69,961,159,854,0,922,31.6,111,3.6
2018,11,3,8,30,18.77,0.14,3.5,164,870,987,0,17.2,38.550000000000004,960,164,870,0,987,33.2,111,3.1
2018,11,3,9,30,20.81,0.14,3.6,144,892,978,0,16.7,35.230000000000004,959,144,892,0,978,34.2,110,2.7
2018,11,3,10,30,30.900000000000002,0.14,3.6,141,866,884,0,16.2,33.44,957,141,866,0,884,34.6,110,2.4000000000000004
2018,11,3,11,30,43.78,0.14,3.7,136,808,719,0,15.8,33.21,957,136,808,0,719,34.300000000000004,110,2.3000000000000003
2018,11,3,12,30,57.59,0.14,3.7,148,635,488,1,15.5,34.1,956,148,635,0,488,33.5,110,2.2
2018,11,3,13,30,71.78,0.14,3.8000000000000003,111,423,243,3,15.5,37.38,957,127,3,0,128,31.8,111,1.7000000000000002
2018,11,3,14,30,86.04,0.14,3.8000000000000003,27,54,31,7,18.6,52.11,957,27,54,5,31,29.400000000000002,120,1.1
2018,11,3,15,30,100.68,0.14,3.8000000000000003,0,0,0,7,21,66.92,958,0,0,0,0,27.700000000000003,132,1.4000000000000001
2018,11,3,16,30,115.15,0.14,3.9000000000000004,0,0,0,7,19.5,64.06,959,0,0,0,0,26.900000000000002,142,2.4000000000000004
2018,11,3,17,30,129.53,0.14,3.9000000000000004,0,0,0,3,18.7,64.58,960,0,0,0,0,25.900000000000002,146,3.5
2018,11,3,18,30,143.68,0.14,3.9000000000000004,0,0,0,7,19.1,71.01,960,0,0,0,0,24.700000000000003,146,3.7
2018,11,3,19,30,157.06,0.14,3.9000000000000004,0,0,0,8,19.8,79.19,960,0,0,0,0,23.6,145,3.1
2018,11,3,20,30,166.98,0.14,3.9000000000000004,0,0,0,1,20.400000000000002,86.2,960,0,0,0,0,22.8,143,2.4000000000000004
2018,11,3,21,30,164.21,0.14,3.9000000000000004,0,0,0,7,20.8,91.03,960,0,0,0,0,22.3,140,2.2
2018,11,3,22,30,152.33,0.14,3.9000000000000004,0,0,0,7,20.900000000000002,93.15,959,0,0,0,0,22.1,139,2.3000000000000003
2018,11,3,23,30,138.56,0.14,3.8000000000000003,0,0,0,7,21.1,94.5,959,0,0,0,0,22,139,2.3000000000000003
2018,11,4,0,30,124.3,0.14,3.8000000000000003,0,0,0,7,21.200000000000003,95.99000000000001,959,0,0,0,0,21.900000000000002,139,2.3000000000000003
2018,11,4,1,30,109.88,0.14,3.7,0,0,0,1,21.400000000000002,97.3,960,0,0,0,0,21.8,139,2.3000000000000003
2018,11,4,2,30,95.41,0.14,3.6,0,0,0,8,21.400000000000002,97.02,961,0,0,0,0,21.900000000000002,140,2.5
2018,11,4,3,30,80.89,0.14,3.6,65,201,97,7,21.400000000000002,90.55,961,83,20,7,86,23,140,3.2
2018,11,4,4,30,66.62,0.14,3.6,127,521,333,3,20.700000000000003,76.57000000000001,961,154,3,0,155,25.1,141,3.7
2018,11,4,5,30,52.56,0.14,3.6,152,694,574,3,20,63.29,962,278,17,0,288,27.6,140,3.7
2018,11,4,6,30,39.03,0.14,3.7,236,660,748,3,19.200000000000003,52.550000000000004,961,373,19,0,388,30,139,3.4000000000000004
2018,11,4,7,30,26.900000000000002,0.14,3.8000000000000003,251,711,885,0,18.7,45.26,961,251,711,0,885,32,139,3
2018,11,4,8,30,19.07,0.14,3.8000000000000003,262,726,948,0,18.2,40.9,960,262,726,0,948,33.300000000000004,137,2.5
2018,11,4,9,30,21.080000000000002,0.14,3.9000000000000004,263,717,932,1,17.8,38.4,958,263,717,0,932,33.9,135,2
2018,11,4,10,30,31.07,0.14,3.9000000000000004,259,676,838,0,17.400000000000002,37.36,957,259,676,0,838,34,132,1.8
2018,11,4,11,30,43.89,0.14,3.9000000000000004,243,602,676,1,17.2,37.97,957,243,602,0,676,33.5,132,1.8
2018,11,4,12,30,57.67,0.14,4,207,477,463,0,17.2,40.01,957,207,477,0,463,32.5,133,1.9000000000000001
2018,11,4,13,30,71.83,0.14,4,141,278,227,0,17.3,43.980000000000004,957,141,278,0,227,31,137,1.7000000000000002
2018,11,4,14,30,86.06,0.14,4.1000000000000005,22,14,23,8,19.5,56.97,958,21,0,7,21,28.900000000000002,145,1.4000000000000001
2018,11,4,15,30,100.68,0.14,4.1000000000000005,0,0,0,3,20.900000000000002,67.35,959,0,0,0,0,27.5,152,2
2018,11,4,16,30,115.12,0.14,4.1000000000000005,0,0,0,3,19.8,65.86,960,0,0,0,0,26.700000000000003,156,2.8000000000000003
2018,11,4,17,30,129.48,0.14,4,0,0,0,3,19.6,68.63,961,0,0,0,0,25.8,157,3.2
2018,11,4,18,30,143.59,0.14,3.9000000000000004,0,0,0,3,19.700000000000003,72.77,961,0,0,0,0,24.900000000000002,158,3.1
2018,11,4,19,30,156.9,0.14,3.8000000000000003,0,0,0,0,19.8,77.57000000000001,961,0,0,0,0,24,158,2.7
2018,11,4,20,30,166.69,0.14,3.7,0,0,0,0,20.1,82.10000000000001,960,0,0,0,0,23.3,158,2.3000000000000003
2018,11,4,21,30,163.97,0.14,3.6,0,0,0,1,20.3,86.52,960,0,0,0,0,22.700000000000003,159,2
2018,11,4,22,30,152.21,0.14,3.5,0,0,0,1,20.700000000000003,91.25,959,0,0,0,0,22.200000000000003,159,1.7000000000000002
2018,11,4,23,30,138.49,0.14,3.4000000000000004,0,0,0,0,21,94.88,959,0,0,0,0,21.900000000000002,159,1.5
2018,11,5,0,30,124.27,0.14,3.2,0,0,0,0,21.3,97.77,959,0,0,0,0,21.700000000000003,159,1.5
2018,11,5,1,30,109.87,0.14,3.1,0,0,0,0,21.6,99.34,960,0,0,0,0,21.700000000000003,158,1.5
2018,11,5,2,30,95.43,0.14,3,0,0,0,0,21.8,99.21000000000001,960,0,0,0,0,21.900000000000002,156,1.7000000000000002
2018,11,5,3,30,80.93,0.14,3,62,246,101,1,21.900000000000002,92.58,961,62,246,0,101,23.200000000000003,158,2.6
2018,11,5,4,30,66.68,0.14,3,116,570,342,0,21.3,77.10000000000001,961,116,570,0,342,25.6,160,3.3000000000000003
2018,11,5,5,30,52.65,0.14,3,144,725,583,0,19.8,60.58,962,144,725,0,583,28.1,159,3.2
2018,11,5,6,30,39.17,0.14,3,161,804,784,0,18.900000000000002,50.46,961,161,804,0,784,30.3,154,2.8000000000000003
2018,11,5,7,30,27.11,0.14,3,169,850,925,0,18.400000000000002,44.56,960,169,850,0,925,32,149,2.3000000000000003
2018,11,5,8,30,19.37,0.14,3.1,172,866,989,2,17.8,40.37,959,542,239,0,767,33.1,146,1.8
2018,11,5,9,30,21.34,0.14,3.1,171,863,975,0,17.3,37.76,958,171,863,0,975,33.7,147,1.4000000000000001
2018,11,5,10,30,31.240000000000002,0.14,3.2,164,837,880,3,17,36.68,957,416,25,0,437,33.9,149,1.1
2018,11,5,11,30,44,0.14,3.2,152,784,716,2,16.8,36.61,956,411,114,0,493,33.7,150,1
2018,11,5,12,30,57.730000000000004,0.14,3.2,133,683,497,3,16.6,37.410000000000004,956,131,0,0,132,33.1,152,1
2018,11,5,13,30,71.87,0.14,3.3000000000000003,97,494,251,3,16.6,40.33,957,85,0,0,85,31.700000000000003,159,1
2018,11,5,14,30,86.08,0.14,3.3000000000000003,28,86,34,3,18.400000000000002,51.46,957,28,0,7,28,29.5,169,1
2018,11,5,15,30,100.68,0.14,3.4000000000000004,0,0,0,0,21.6,69.57000000000001,958,0,0,0,0,27.700000000000003,174,1.5
2018,11,5,16,30,115.10000000000001,0.14,3.4000000000000004,0,0,0,7,20.1,65.89,959,0,0,0,0,27,173,2.6
2018,11,5,17,30,129.43,0.14,3.5,0,0,0,7,19.900000000000002,68.59,960,0,0,0,0,26.1,170,3.5
2018,11,5,18,30,143.5,0.14,3.4000000000000004,0,0,0,7,20.3,75.16,960,0,0,0,0,25,166,3.6
2018,11,5,19,30,156.74,0.14,3.4000000000000004,0,0,0,7,20.700000000000003,81.10000000000001,960,0,0,0,0,24.1,163,3.2
2018,11,5,20,30,166.4,0.14,3.4000000000000004,0,0,0,3,20.900000000000002,86,960,0,0,0,0,23.400000000000002,160,2.7
2018,11,5,21,30,163.74,0.14,3.3000000000000003,0,0,0,1,21.1,89.98,959,0,0,0,0,22.8,157,2.2
2018,11,5,22,30,152.09,0.14,3.2,0,0,0,0,21.200000000000003,92.94,959,0,0,0,0,22.400000000000002,155,1.9000000000000001
2018,11,5,23,30,138.43,0.14,3.1,0,0,0,0,21.3,95.88,959,0,0,0,0,22,153,1.8
2018,11,6,0,30,124.24000000000001,0.13,3,0,0,0,0,21.400000000000002,97.53,959,0,0,0,0,21.8,150,1.8
2018,11,6,1,30,109.86,0.13,2.9000000000000004,0,0,0,0,21.5,98.60000000000001,959,0,0,0,0,21.700000000000003,146,1.8
2018,11,6,2,30,95.44,0.13,2.9000000000000004,0,0,0,0,21.5,97.85000000000001,960,0,0,0,0,21.900000000000002,142,2
2018,11,6,3,30,80.96000000000001,0.13,2.8000000000000003,56,315,106,0,21.6,91.03,961,56,315,0,106,23.1,140,2.6
2018,11,6,4,30,66.75,0.13,2.8000000000000003,99,633,349,0,21.1,77.2,961,99,633,0,349,25.400000000000002,139,3
2018,11,6,5,30,52.75,0.13,2.8000000000000003,123,776,592,0,20.5,63.35,961,123,776,0,592,28.1,135,2.8000000000000003
2018,11,6,6,30,39.31,0.13,2.8000000000000003,125,872,799,0,19.900000000000002,52.96,961,125,872,0,799,30.6,126,2.5
2018,11,6,7,30,27.32,0.13,2.9000000000000004,132,907,938,0,19,44.64,960,132,907,0,938,32.6,110,2.1
2018,11,6,8,30,19.66,0.13,2.9000000000000004,138,919,1003,2,17.900000000000002,38.86,959,530,225,0,742,33.9,96,1.9000000000000001
2018,11,6,9,30,21.6,0.13,3,153,888,979,2,17.1,35.35,958,527,248,0,757,34.6,88,1.8
2018,11,6,10,30,31.41,0.13,3.1,152,856,882,3,16.6,33.87,957,236,0,0,236,34.800000000000004,88,1.6
2018,11,6,11,30,44.1,0.13,3.1,141,804,719,1,16.3,33.64,956,141,804,0,719,34.6,91,1.5
2018,11,6,12,30,57.800000000000004,0.13,3.2,124,707,500,3,16.1,34.54,956,225,8,0,229,33.9,95,1.5
2018,11,6,13,30,71.9,0.13,3.2,93,515,253,2,16,37.4,957,122,3,0,124,32.4,101,1.2000000000000002
2018,11,6,14,30,86.09,0.13,3.3000000000000003,28,97,34,3,18.400000000000002,49.230000000000004,957,19,0,7,19,30.200000000000003,112,0.9
2018,11,6,15,30,100.67,0.13,3.3000000000000003,0,0,0,0,22.400000000000002,69.47,958,0,0,0,0,28.5,127,1
2018,11,6,16,30,115.07000000000001,0.13,3.4000000000000004,0,0,0,0,20.8,66.17,959,0,0,0,0,27.700000000000003,140,1.7000000000000002
2018,11,6,17,30,129.37,0.13,3.5,0,0,0,0,19.5,63.42,960,0,0,0,0,27,146,2.9000000000000004
2018,11,6,18,30,143.4,0.13,3.5,0,0,0,1,19.5,67.62,960,0,0,0,0,25.900000000000002,147,3.9000000000000004
2018,11,6,19,30,156.57,0.13,3.6,0,0,0,0,20.400000000000002,76.92,961,0,0,0,0,24.700000000000003,146,4
2018,11,6,20,30,166.12,0.13,3.6,0,0,0,0,21.1,85.09,960,0,0,0,0,23.8,142,3.6
2018,11,6,21,30,163.52,0.13,3.6,0,0,0,0,21.5,89.32000000000001,960,0,0,0,0,23.400000000000002,138,3.2
2018,11,6,22,30,151.97,0.13,3.5,0,0,0,0,21.700000000000003,91.81,960,0,0,0,0,23.1,133,3
2018,11,6,23,30,138.37,0.13,3.4000000000000004,0,0,0,0,21.700000000000003,93.23,960,0,0,0,0,22.900000000000002,128,2.7
2018,11,7,0,30,124.21000000000001,0.13,3.3000000000000003,0,0,0,0,21.8,94.63,960,0,0,0,0,22.700000000000003,123,2.5
2018,11,7,1,30,109.86,0.13,3.2,0,0,0,0,21.8,96,961,0,0,0,0,22.5,120,2.3000000000000003
2018,11,7,2,30,95.46000000000001,0.13,3.2,0,0,0,0,21.8,95.32000000000001,961,0,0,0,0,22.6,116,2.5
2018,11,7,3,30,81.01,0.13,3.1,55,315,104,0,21.700000000000003,88.65,962,55,315,0,104,23.700000000000003,114,3.2
2018,11,7,4,30,66.81,0.13,3.1,97,634,347,0,21.1,74.93,962,97,634,0,347,25.900000000000002,112,3.6
2018,11,7,5,30,52.84,0.13,3.2,118,777,587,0,20.6,62.25,962,118,777,0,587,28.5,110,3.5
2018,11,7,6,30,39.45,0.13,3.2,130,854,789,0,19.900000000000002,52.15,962,130,854,0,789,30.900000000000002,106,3.1
2018,11,7,7,30,27.53,0.13,3.3000000000000003,136,893,928,0,19.1,44.26,961,136,893,0,928,32.9,99,2.6
2018,11,7,8,30,19.95,0.13,3.4000000000000004,137,910,992,0,18.3,39.24,960,137,910,0,992,34.1,92,2.2
2018,11,7,9,30,21.86,0.13,3.5,135,907,977,1,17.6,36.19,959,135,907,0,977,34.800000000000004,88,1.9000000000000001
2018,11,7,10,30,31.57,0.13,3.5,131,883,884,1,17.3,34.980000000000004,958,131,883,0,884,35,88,1.7000000000000002
2018,11,7,11,30,44.2,0.13,3.6,122,833,719,3,17.1,35.14,957,114,0,0,114,34.7,90,1.6
2018,11,7,12,30,57.86,0.13,3.7,118,709,495,3,16.900000000000002,36.08,957,149,0,0,149,34,93,1.5
2018,11,7,13,30,71.94,0.13,3.7,88,523,250,3,16.8,38.67,957,95,1,0,95,32.7,95,1.3
2018,11,7,14,30,86.10000000000001,0.13,3.7,27,98,34,3,18.400000000000002,48.07,958,17,0,7,17,30.6,103,0.8
2018,11,7,15,30,100.65,0.13,3.7,0,0,0,0,23,70.47,958,0,0,0,0,28.900000000000002,117,0.7000000000000001
2018,11,7,16,30,115.03,0.13,3.7,0,0,0,7,22.200000000000003,70.36,959,0,0,0,0,28.1,131,1
2018,11,7,17,30,129.31,0.13,3.7,0,0,0,7,21.1,68.36,960,0,0,0,0,27.400000000000002,141,1.5
2018,11,7,18,30,143.3,0.13,3.8000000000000003,0,0,0,7,20.1,67.07000000000001,960,0,0,0,0,26.700000000000003,145,2.4000000000000004
2018,11,7,19,30,156.4,0.13,3.8000000000000003,0,0,0,0,19.8,69.67,961,0,0,0,0,25.8,144,3.1
2018,11,7,20,30,165.84,0.13,3.9000000000000004,0,0,0,0,20.200000000000003,76.01,961,0,0,0,0,24.700000000000003,142,3.4000000000000004
2018,11,7,21,30,163.29,0.13,3.9000000000000004,0,0,0,0,20.6,81.97,960,0,0,0,0,23.900000000000002,137,3.2
2018,11,7,22,30,151.86,0.13,3.8000000000000003,0,0,0,0,21,87.47,960,0,0,0,0,23.200000000000003,133,2.9000000000000004
2018,11,7,23,30,138.31,0.13,3.7,0,0,0,0,21.200000000000003,90.32000000000001,960,0,0,0,0,22.900000000000002,130,2.7
2018,11,8,0,30,124.18,0.13,3.7,0,0,0,0,21.400000000000002,92.48,961,0,0,0,0,22.700000000000003,127,2.5
2018,11,8,1,30,109.86,0.13,3.5,0,0,0,0,21.5,94.07000000000001,961,0,0,0,0,22.5,125,2.4000000000000004
2018,11,8,2,30,95.49,0.13,3.5,0,0,0,0,21.5,92.9,962,0,0,0,0,22.700000000000003,122,2.5
2018,11,8,3,30,81.05,0.13,3.5,61,240,98,0,21.400000000000002,87.16,962,61,240,0,98,23.700000000000003,118,3
2018,11,8,4,30,66.88,0.13,3.6,115,559,334,0,21.1,75.96000000000001,963,115,559,0,334,25.700000000000003,115,3.4000000000000004
2018,11,8,5,30,52.94,0.13,3.7,142,713,571,1,20.6,63.370000000000005,963,142,713,0,571,28.200000000000003,111,3.3000000000000003
2018,11,8,6,30,39.59,0.13,3.8000000000000003,176,761,762,1,20,53.17,962,176,761,0,762,30.6,105,3
2018,11,8,7,30,27.740000000000002,0.13,3.9000000000000004,188,802,898,0,19.5,46.88,961,188,802,0,898,32.300000000000004,98,2.6
2018,11,8,8,30,20.240000000000002,0.13,4,194,817,961,0,19.1,43.04,960,194,817,0,961,33.4,90,2.3000000000000003
2018,11,8,9,30,22.11,0.13,4.1000000000000005,200,802,943,1,18.7,40.4,959,200,802,0,943,34.1,84,2
2018,11,8,10,30,31.73,0.13,4.2,192,774,850,2,18.400000000000002,39.480000000000004,958,475,123,0,580,34.1,81,1.9000000000000001
2018,11,8,11,30,44.300000000000004,0.13,4.3,176,718,689,3,18.2,40.03,958,353,41,0,382,33.6,83,1.8
2018,11,8,12,30,57.92,0.13,4.3,150,616,477,1,18.1,41.51,957,150,616,0,477,32.9,87,1.7000000000000002
2018,11,8,13,30,71.97,0.13,4.4,108,420,238,7,18.2,44.64,958,134,19,0,140,31.700000000000003,93,1.5
2018,11,8,14,30,86.11,0.13,4.4,27,44,30,0,19.700000000000003,54.35,958,27,44,0,30,29.900000000000002,106,1
2018,11,8,15,30,100.64,0.13,4.4,0,0,0,3,22.400000000000002,69.86,959,0,0,0,0,28.400000000000002,123,1
2018,11,8,16,30,114.99000000000001,0.13,4.3,0,0,0,1,21.200000000000003,67.41,959,0,0,0,0,27.8,137,1.7000000000000002
2018,11,8,17,30,129.24,0.13,4.3,0,0,0,3,20.3,66.79,960,0,0,0,0,27,144,2.6
2018,11,8,18,30,143.19,0.13,4.2,0,0,0,1,20.200000000000003,69.88,960,0,0,0,0,26.1,145,3.3000000000000003
2018,11,8,19,30,156.23,0.13,4.2,0,0,0,1,20.5,75.48,960,0,0,0,0,25.1,141,3.6
2018,11,8,20,30,165.56,0.13,4.2,0,0,0,0,20.8,81.52,960,0,0,0,0,24.200000000000003,135,3.4000000000000004
2018,11,8,21,30,163.08,0.13,4.1000000000000005,0,0,0,0,21.1,85.97,959,0,0,0,0,23.6,130,3.1
2018,11,8,22,30,151.75,0.13,4,0,0,0,0,21.3,89.09,959,0,0,0,0,23.200000000000003,127,2.9000000000000004
2018,11,8,23,30,138.25,0.13,4,0,0,0,0,21.400000000000002,90.78,959,0,0,0,0,23,126,2.8000000000000003
2018,11,9,0,30,124.16,0.15,3.9000000000000004,0,0,0,0,21.5,92.21000000000001,959,0,0,0,0,22.8,125,2.6
2018,11,9,1,30,109.87,0.15,3.9000000000000004,0,0,0,0,21.5,93.2,960,0,0,0,0,22.700000000000003,126,2.5
2018,11,9,2,30,95.51,0.15,3.9000000000000004,0,0,0,0,21.6,92.81,961,0,0,0,0,22.8,125,2.6
2018,11,9,3,30,81.10000000000001,0.15,3.9000000000000004,62,218,96,1,21.6,87.3,961,62,218,0,96,23.8,122,3.1
2018,11,9,4,30,66.95,0.15,3.9000000000000004,113,560,332,3,21.3,75.72,962,181,12,0,186,25.900000000000002,116,3.5
2018,11,9,5,30,53.050000000000004,0.15,3.9000000000000004,130,737,573,1,20.8,63.050000000000004,962,130,737,0,573,28.5,110,3.5
2018,11,9,6,30,39.74,0.15,3.9000000000000004,135,834,776,1,20.200000000000003,52.99,961,135,834,0,776,30.900000000000002,103,3.2
2018,11,9,7,30,27.95,0.15,3.9000000000000004,134,886,917,0,19.6,46.18,960,134,886,0,917,32.7,97,2.9000000000000004
2018,11,9,8,30,20.52,0.15,3.9000000000000004,129,915,986,1,19,41.52,959,129,915,0,986,33.9,92,2.7
2018,11,9,9,30,22.35,0.15,4,121,921,973,1,18.400000000000002,38.17,958,121,921,0,973,34.7,90,2.5
2018,11,9,10,30,31.88,0.15,4,113,907,883,8,18,36.79,957,266,584,7,762,34.9,92,2.4000000000000004
2018,11,9,11,30,44.39,0.15,4.1000000000000005,102,868,722,7,17.7,36.47,956,227,562,7,628,34.7,95,2.3000000000000003
2018,11,9,12,30,57.97,0.15,4.2,138,650,482,7,17.6,37.9,956,259,116,7,320,33.9,99,2.3000000000000003
2018,11,9,13,30,71.99,0.15,4.3,102,449,240,8,17.6,41.660000000000004,956,164,151,0,211,32.300000000000004,104,1.9000000000000001
2018,11,9,14,30,86.11,0.15,4.4,27,55,30,0,19.3,52.09,957,27,55,0,30,30.200000000000003,114,1.3
2018,11,9,15,30,100.62,0.15,4.4,0,0,0,1,21.700000000000003,66.31,958,0,0,0,0,28.6,128,1.3
2018,11,9,16,30,114.95,0.15,4.5,0,0,0,0,21.1,67.48,958,0,0,0,0,27.700000000000003,140,2
2018,11,9,17,30,129.17000000000002,0.15,4.6000000000000005,0,0,0,3,20.700000000000003,69.37,959,0,0,0,0,26.8,147,2.9000000000000004
2018,11,9,18,30,143.09,0.15,4.7,0,0,0,0,20.8,74.16,960,0,0,0,0,25.700000000000003,149,3.5
2018,11,9,19,30,156.06,0.15,4.800000000000001,0,0,0,0,21.1,80.2,960,0,0,0,0,24.700000000000003,148,3.5
2018,11,9,20,30,165.28,0.15,4.9,0,0,0,8,21.400000000000002,85.9,960,0,0,0,0,23.900000000000002,146,3.2
2018,11,9,21,30,162.86,0.15,4.9,0,0,0,1,21.700000000000003,89.98,960,0,0,0,0,23.400000000000002,143,2.9000000000000004
2018,11,9,22,30,151.64000000000001,0.15,4.9,0,0,0,1,21.900000000000002,93.26,959,0,0,0,0,23,139,2.7
2018,11,9,23,30,138.20000000000002,0.15,4.800000000000001,0,0,0,0,22,95.35000000000001,959,0,0,0,0,22.8,135,2.5
2018,11,10,0,30,124.14,0.15,4.800000000000001,0,0,0,0,22.200000000000003,97.58,960,0,0,0,0,22.6,131,2.3000000000000003
2018,11,10,1,30,109.87,0.15,4.7,0,0,0,7,22.3,98.24000000000001,960,0,0,0,0,22.6,127,2.3000000000000003
2018,11,10,2,30,95.54,0.15,4.7,0,0,0,0,22.400000000000002,98.67,961,0,0,0,0,22.6,125,2.4000000000000004
2018,11,10,3,30,81.15,0.15,4.6000000000000005,65,170,91,3,22.400000000000002,94.96000000000001,961,81,12,7,83,23.3,123,3
2018,11,10,4,30,67.03,0.15,4.5,128,494,321,1,22.200000000000003,84.13,962,128,494,0,321,25.1,122,3.5
2018,11,10,5,30,53.15,0.15,4.4,158,666,557,3,21.400000000000002,68.92,962,236,3,0,237,27.6,121,3.6
2018,11,10,6,30,39.89,0.15,4.4,171,762,756,3,20.6,57.11,961,304,2,0,305,30,121,3.3000000000000003
2018,11,10,7,30,28.16,0.15,4.4,176,816,896,0,20.1,50.1,960,176,816,0,896,31.8,121,3.1
2018,11,10,8,30,20.8,0.15,4.3,178,839,962,7,19.8,45.59,959,447,297,0,725,33.1,120,2.8000000000000003
2018,11,10,9,30,22.6,0.15,4.3,175,836,947,0,19.5,42.45,958,175,836,0,947,34,117,2.7
2018,11,10,10,30,32.03,0.15,4.3,167,814,857,1,19.1,40.72,957,167,814,0,857,34.300000000000004,114,2.7
2018,11,10,11,30,44.49,0.15,4.4,151,764,696,8,18.7,40.51,956,133,1,0,134,34,114,2.7
2018,11,10,12,30,58.03,0.15,4.4,113,715,491,7,18.400000000000002,41.65,956,225,331,0,400,33.2,116,2.6
2018,11,10,13,30,72.02,0.15,4.5,82,544,250,7,18.400000000000002,45.33,957,146,218,0,213,31.700000000000003,122,2
2018,11,10,14,30,86.11,0.15,4.6000000000000005,26,121,34,7,20.1,56.370000000000005,958,29,2,7,29,29.700000000000003,134,1.4000000000000001
2018,11,10,15,30,100.60000000000001,0.15,4.6000000000000005,0,0,0,8,21.8,68.4,959,0,0,0,0,28.200000000000003,148,1.6
2018,11,10,16,30,114.91,0.15,4.6000000000000005,0,0,0,7,21,68.19,960,0,0,0,0,27.400000000000002,155,2.4000000000000004
2018,11,10,17,30,129.1,0.15,4.6000000000000005,0,0,0,8,20.6,70.22,960,0,0,0,0,26.5,156,3
2018,11,10,18,30,142.98,0.15,4.5,0,0,0,7,20.6,73.99,960,0,0,0,0,25.6,152,3.1
2018,11,10,19,30,155.88,0.15,4.5,0,0,0,0,20.700000000000003,78.67,960,0,0,0,0,24.700000000000003,147,2.9000000000000004
2018,11,10,20,30,165.01,0.15,4.5,0,0,0,7,20.900000000000002,82.95,960,0,0,0,0,24,141,2.6
2018,11,10,21,30,162.65,0.15,4.5,0,0,0,7,21.1,86.47,960,0,0,0,0,23.5,137,2.4000000000000004
2018,11,10,22,30,151.53,0.15,4.6000000000000005,0,0,0,7,21.3,89.5,960,0,0,0,0,23.1,136,2.2
2018,11,10,23,30,138.15,0.15,4.6000000000000005,0,0,0,7,21.5,92.14,960,0,0,0,0,22.8,135,2.1
2018,11,11,0,30,124.13000000000001,0.15,4.6000000000000005,0,0,0,7,21.6,93.53,960,0,0,0,0,22.700000000000003,133,2.1
2018,11,11,1,30,109.88,0.15,4.6000000000000005,0,0,0,0,21.700000000000003,94.9,961,0,0,0,0,22.6,132,2
2018,11,11,2,30,95.57000000000001,0.15,4.6000000000000005,0,0,0,3,21.8,95.41,961,0,0,0,0,22.6,130,2.2
2018,11,11,3,30,81.2,0.15,4.6000000000000005,52,305,98,3,21.900000000000002,90.11,962,72,5,7,73,23.6,128,2.7
2018,11,11,4,30,67.11,0.15,4.7,89,635,336,3,21.3,76.89,963,105,0,0,105,25.700000000000003,125,3.1
2018,11,11,5,30,53.26,0.15,4.7,108,779,574,7,20.400000000000002,62.93,963,203,504,0,504,28.1,118,3.1
2018,11,11,6,30,40.04,0.15,4.7,137,819,764,7,19.900000000000002,53.97,962,228,596,0,685,30.200000000000003,108,3
2018,11,11,7,30,28.37,0.15,4.800000000000001,142,864,902,7,19.8,49.26,961,289,525,0,751,31.700000000000003,98,2.8000000000000003
2018,11,11,8,30,21.080000000000002,0.15,4.800000000000001,140,888,968,7,19.6,46.160000000000004,960,349,443,0,762,32.7,89,2.7
2018,11,11,9,30,22.830000000000002,0.15,4.800000000000001,155,860,948,7,19.400000000000002,44.61,959,423,282,0,683,33.1,84,2.7
2018,11,11,10,30,32.18,0.15,4.800000000000001,145,845,860,0,19.200000000000003,44.230000000000004,958,145,845,0,860,33,82,2.7
2018,11,11,11,30,44.57,0.15,4.800000000000001,127,809,703,7,19.1,44.980000000000004,958,216,8,0,222,32.6,84,2.7
2018,11,11,12,30,58.07,0.15,4.7,105,734,493,7,19.200000000000003,47.24,958,35,0,0,35,31.8,87,2.5
2018,11,11,13,30,72.03,0.15,4.7,75,572,252,6,19.400000000000002,51.67,958,43,0,0,43,30.5,93,1.8
2018,11,11,14,30,86.10000000000001,0.15,4.7,25,159,36,7,21.6,66.47,959,19,0,7,19,28.5,103,1.1
2018,11,11,15,30,100.57000000000001,0.15,4.6000000000000005,0,0,0,7,23.5,80.74,960,0,0,0,0,27.1,118,1.1
2018,11,11,16,30,114.86,0.15,4.5,0,0,0,7,23,82.24,960,0,0,0,0,26.3,131,1.4000000000000001
2018,11,11,17,30,129.03,0.15,4.5,0,0,0,7,22.5,84.04,961,0,0,0,0,25.400000000000002,140,2
2018,11,11,18,30,142.86,0.15,4.4,0,0,0,7,22.1,86.52,961,0,0,0,0,24.5,143,2.6
2018,11,11,19,30,155.71,0.15,4.5,0,0,0,7,22,89.94,961,0,0,0,0,23.700000000000003,142,2.8000000000000003
2018,11,11,20,30,164.74,0.15,4.5,0,0,0,7,22,93.56,961,0,0,0,0,23.1,139,2.6
2018,11,11,21,30,162.44,0.15,4.5,0,0,0,3,22.1,96.51,961,0,0,0,0,22.700000000000003,136,2.4000000000000004
2018,11,11,22,30,151.43,0.15,4.4,0,0,0,1,22.200000000000003,98.07000000000001,960,0,0,0,0,22.5,134,2.1
2018,11,11,23,30,138.1,0.15,4.4,0,0,0,0,22.200000000000003,99.68,960,0,0,0,0,22.3,133,1.9000000000000001
2018,11,12,0,30,124.11,0.15,4.3,0,0,0,0,22.200000000000003,100,961,0,0,0,0,22.200000000000003,132,1.8
2018,11,12,1,30,109.9,0.15,4.3,0,0,0,0,22.1,100,961,0,0,0,0,22.1,132,1.7000000000000002
2018,11,12,2,30,95.61,0.15,4.2,0,0,0,3,22.200000000000003,100,961,0,0,0,0,22.200000000000003,131,2
2018,11,12,3,30,81.26,0.15,4.2,52,310,99,2,22.400000000000002,95.89,962,7,0,0,7,23.1,128,2.6
2018,11,12,4,30,67.19,0.15,4.2,88,644,338,0,22.3,85.14,962,88,644,0,338,25,122,3.1
2018,11,12,5,30,53.370000000000005,0.15,4.2,104,794,578,0,21.8,71.81,962,104,794,0,578,27.3,113,3.2
2018,11,12,6,30,40.19,0.15,4.2,110,875,778,0,21.3,61.35,962,110,875,0,778,29.5,103,3.1
2018,11,12,7,30,28.59,0.15,4.2,110,921,918,3,20.900000000000002,54.300000000000004,961,443,89,0,521,31.200000000000003,94,3
2018,11,12,8,30,21.35,0.15,4.2,108,941,985,3,20.400000000000002,49.34,960,466,86,0,546,32.4,88,2.9000000000000004
2018,11,12,9,30,23.06,0.15,4.3,117,924,967,3,20,46.44,959,437,22,0,457,33,86,2.9000000000000004
2018,11,12,10,30,32.32,0.15,4.3,110,907,877,3,19.6,45.01,958,163,0,0,163,33.1,87,2.8000000000000003
2018,11,12,11,30,44.660000000000004,0.15,4.3,103,862,717,4,19.3,45,958,33,0,0,33,32.800000000000004,89,2.7
2018,11,12,12,30,58.120000000000005,0.15,4.3,103,745,496,6,19.1,46.37,958,206,21,0,217,32,91,2.6
2018,11,12,13,30,72.05,0.15,4.3,76,576,254,4,19,50.32,958,100,1,0,100,30.5,96,1.9000000000000001
2018,11,12,14,30,86.10000000000001,0.15,4.4,26,150,36,3,21.1,64.64,958,13,0,7,13,28.400000000000002,109,1.2000000000000002
2018,11,12,15,30,100.54,0.15,4.4,0,0,0,0,23,79.93,959,0,0,0,0,26.8,127,1.3
2018,11,12,16,30,114.8,0.15,4.5,0,0,0,1,22.3,80.34,960,0,0,0,0,25.900000000000002,139,2.1
2018,11,12,17,30,128.95,0.15,4.5,0,0,0,0,21.8,82.54,961,0,0,0,0,25,143,3
2018,11,12,18,30,142.74,0.15,4.6000000000000005,0,0,0,0,21.8,87.10000000000001,961,0,0,0,0,24.1,142,3.2
2018,11,12,19,30,155.53,0.15,4.6000000000000005,0,0,0,3,22,92.02,961,0,0,0,0,23.400000000000002,140,3
2018,11,12,20,30,164.48,0.15,4.7,0,0,0,7,22.200000000000003,95.78,961,0,0,0,0,22.900000000000002,139,2.7
2018,11,12,21,30,162.24,0.15,4.800000000000001,0,0,0,6,22.3,97.97,960,0,0,0,0,22.6,138,2.5
2018,11,12,22,30,151.33,0.15,4.9,0,0,0,7,22.400000000000002,99.15,960,0,0,0,0,22.5,138,2.3000000000000003
2018,11,12,23,30,138.06,0.15,5,0,0,0,4,22.400000000000002,99.55,960,0,0,0,0,22.5,136,2.2
2018,11,13,0,30,124.10000000000001,0.16,5,0,0,0,4,22.5,99.85000000000001,960,0,0,0,0,22.5,133,2.1
2018,11,13,1,30,109.91,0.16,5,0,0,0,3,22.5,99.95,960,0,0,0,0,22.5,129,2.1
2018,11,13,2,30,95.64,0.16,4.9,0,0,0,4,22.5,99.86,960,0,0,0,0,22.5,125,2.1
2018,11,13,3,30,81.31,0.16,4.800000000000001,46,362,101,3,22.5,96.99000000000001,961,47,0,0,47,23,122,2.6
2018,11,13,4,30,67.27,0.16,4.6000000000000005,75,692,342,3,22.400000000000002,88.46000000000001,961,149,5,0,151,24.400000000000002,117,3.2
2018,11,13,5,30,53.480000000000004,0.16,4.5,89,829,582,0,21.8,75.13,961,89,829,0,582,26.6,110,3.4000000000000004
2018,11,13,6,30,40.34,0.16,4.4,109,875,776,3,21.200000000000003,62.5,961,416,131,0,516,29.1,102,3.4000000000000004
2018,11,13,7,30,28.8,0.16,4.4,112,916,915,1,20.6,53.42,960,112,916,0,915,31.200000000000003,95,3.4000000000000004
2018,11,13,8,30,21.62,0.16,4.3,114,933,981,0,20.1,47.89,959,114,933,0,981,32.6,91,3.3000000000000003
2018,11,13,9,30,23.29,0.16,4.3,124,915,964,0,19.700000000000003,44.550000000000004,958,124,915,0,964,33.4,91,3.3000000000000003
2018,11,13,10,30,32.46,0.16,4.4,120,891,872,0,19.3,42.88,957,120,891,0,872,33.6,93,3.3000000000000003
2018,11,13,11,30,44.730000000000004,0.16,4.4,111,846,713,0,18.900000000000002,43.17,956,111,846,0,713,33.1,96,3.3000000000000003
2018,11,13,12,30,58.160000000000004,0.16,4.4,97,762,499,3,18.8,44.97,956,232,15,0,240,32.2,99,3.1
2018,11,13,13,30,72.06,0.16,4.5,72,595,256,0,18.8,49.78,956,72,595,0,256,30.5,105,2.4000000000000004
2018,11,13,14,30,86.08,0.16,4.5,25,166,37,8,20.700000000000003,63.25,957,29,2,7,29,28.400000000000002,118,1.6
2018,11,13,15,30,100.51,0.16,4.6000000000000005,0,0,0,1,22.200000000000003,76.14,958,0,0,0,0,26.8,133,1.7000000000000002
2018,11,13,16,30,114.75,0.16,4.6000000000000005,0,0,0,7,21.8,78.84,959,0,0,0,0,25.8,141,2.5
2018,11,13,17,30,128.86,0.16,4.6000000000000005,0,0,0,7,21.700000000000003,82.4,960,0,0,0,0,24.900000000000002,143,3.1
2018,11,13,18,30,142.63,0.16,4.7,0,0,0,0,21.8,86.9,960,0,0,0,0,24.1,142,3.2
2018,11,13,19,30,155.35,0.16,4.7,0,0,0,7,21.900000000000002,91.02,960,0,0,0,0,23.5,141,2.9000000000000004
2018,11,13,20,30,164.21,0.16,4.7,0,0,0,7,22.1,94.73,960,0,0,0,0,23,143,2.5
2018,11,13,21,30,162.04,0.16,4.6000000000000005,0,0,0,4,22.200000000000003,97.18,959,0,0,0,0,22.700000000000003,146,2.3000000000000003
2018,11,13,22,30,151.23,0.16,4.6000000000000005,0,0,0,3,22.3,99.37,958,0,0,0,0,22.400000000000002,146,2.1
2018,11,13,23,30,138.02,0.16,4.5,0,0,0,4,22.3,100,958,0,0,0,0,22.3,142,2.1
2018,11,14,0,30,124.10000000000001,0.16,4.4,0,0,0,3,22.200000000000003,100,958,0,0,0,0,22.200000000000003,135,2.1
2018,11,14,1,30,109.93,0.16,4.3,0,0,0,4,22.1,100,959,0,0,0,0,22.1,129,2.2
2018,11,14,2,30,95.68,0.16,4.2,0,0,0,3,22.200000000000003,100,959,0,0,0,0,22.200000000000003,125,2.5
2018,11,14,3,30,81.38,0.16,4.2,44,388,102,1,22.400000000000002,96.02,960,44,388,0,102,23.1,121,3.2
2018,11,14,4,30,67.36,0.16,4.1000000000000005,74,700,343,0,22.400000000000002,85.34,960,74,700,0,343,25,116,3.8000000000000003
2018,11,14,5,30,53.6,0.16,4.1000000000000005,89,830,582,0,21.700000000000003,70.92,960,89,830,0,582,27.400000000000002,111,3.9000000000000004
2018,11,14,6,30,40.5,0.16,4,97,900,782,1,21,60.01,960,97,900,0,782,29.6,105,3.8000000000000003
2018,11,14,7,30,29.01,0.16,4,100,939,921,1,20.400000000000002,52.25,959,100,939,0,921,31.400000000000002,100,3.6
2018,11,14,8,30,21.88,0.16,4,101,955,987,0,19.8,46.800000000000004,958,101,955,0,987,32.7,98,3.3000000000000003
2018,11,14,9,30,23.51,0.16,4.1000000000000005,105,944,971,0,19.3,43.36,957,105,944,0,971,33.5,99,3
2018,11,14,10,30,32.6,0.16,4.1000000000000005,100,927,881,0,18.900000000000002,41.38,956,100,927,0,881,33.800000000000004,103,2.9000000000000004
2018,11,14,11,30,44.81,0.16,4.1000000000000005,93,885,721,0,18.400000000000002,40.69,955,93,885,0,721,33.6,108,2.7
2018,11,14,12,30,58.19,0.16,4.1000000000000005,104,741,495,0,18.1,41.63,955,104,741,0,495,32.800000000000004,114,2.6
2018,11,14,13,30,72.07000000000001,0.16,4.1000000000000005,76,573,253,0,17.900000000000002,45.42,955,76,573,0,253,31.1,125,2
2018,11,14,14,30,86.07000000000001,0.16,4.1000000000000005,25,160,36,7,20.1,58.9,956,30,3,7,31,28.900000000000002,140,1.5
2018,11,14,15,30,100.47,0.16,4.2,0,0,0,3,21.400000000000002,70.67,957,0,0,0,0,27.200000000000003,151,1.9000000000000001
2018,11,14,16,30,114.69,0.16,4.2,0,0,0,0,20.6,70.48,958,0,0,0,0,26.400000000000002,152,2.8000000000000003
2018,11,14,17,30,128.78,0.16,4.2,0,0,0,0,20.6,74.31,959,0,0,0,0,25.5,148,3.5
2018,11,14,18,30,142.5,0.16,4.3,0,0,0,0,21,80.85000000000001,959,0,0,0,0,24.5,142,3.5
2018,11,14,19,30,155.17000000000002,0.16,4.3,0,0,0,0,21.5,87.31,959,0,0,0,0,23.700000000000003,136,3.1
2018,11,14,20,30,163.95000000000002,0.16,4.3,0,0,0,3,21.8,92.65,959,0,0,0,0,23.1,131,2.7
2018,11,14,21,30,161.84,0.16,4.2,0,0,0,0,22.1,96.58,959,0,0,0,0,22.700000000000003,129,2.6
2018,11,14,22,30,151.14000000000001,0.16,4.2,0,0,0,0,22.3,98.66,958,0,0,0,0,22.5,128,2.5
2018,11,14,23,30,137.98,0.16,4.2,0,0,0,0,22.400000000000002,99.83,958,0,0,0,0,22.400000000000002,127,2.4000000000000004
2018,11,15,0,30,124.09,0.15,4.1000000000000005,0,0,0,0,22.3,100,958,0,0,0,0,22.3,127,2.4000000000000004
2018,11,15,1,30,109.95,0.15,4.1000000000000005,0,0,0,0,22.200000000000003,100,959,0,0,0,0,22.200000000000003,126,2.2
2018,11,15,2,30,95.73,0.15,4,0,0,0,0,22.3,100,960,0,0,0,0,22.3,124,2.3000000000000003
2018,11,15,3,30,81.44,0.15,4,45,372,100,0,22.5,96.19,960,45,372,0,100,23.1,122,2.8000000000000003
2018,11,15,4,30,67.44,0.15,3.9000000000000004,77,687,341,0,22.3,84.86,961,77,687,0,341,25,120,3.2
2018,11,15,5,30,53.72,0.15,3.9000000000000004,93,823,580,0,21.5,69.97,961,93,823,0,580,27.5,117,3.1
2018,11,15,6,30,40.65,0.15,3.9000000000000004,103,891,778,0,20.8,58.800000000000004,961,103,891,0,778,29.700000000000003,113,2.8000000000000003
2018,11,15,7,30,29.22,0.15,3.9000000000000004,105,931,917,0,20.3,51.480000000000004,960,105,931,0,917,31.5,108,2.5
2018,11,15,8,30,22.14,0.15,3.9000000000000004,106,948,984,0,20,47.12,959,106,948,0,984,32.7,106,2.3000000000000003
2018,11,15,9,30,23.72,0.15,4,115,929,965,0,19.6,43.92,958,115,929,0,965,33.5,106,2.2
2018,11,15,10,30,32.730000000000004,0.15,4,110,909,875,0,19.1,41.660000000000004,957,110,909,0,875,33.9,110,2.2
2018,11,15,11,30,44.88,0.15,4,103,866,716,0,18.6,40.92,956,103,866,0,716,33.7,114,2.3000000000000003
2018,11,15,12,30,58.230000000000004,0.15,4,90,781,502,0,18.2,41.410000000000004,956,90,781,0,502,33,118,2.3000000000000003
2018,11,15,13,30,72.07000000000001,0.15,4,68,619,259,1,17.900000000000002,44.51,957,68,619,0,259,31.400000000000002,126,1.9000000000000001
2018,11,15,14,30,86.05,0.15,4,24,199,38,1,19.900000000000002,57.71,957,24,199,0,38,29.1,139,1.4000000000000001
2018,11,15,15,30,100.43,0.15,4.1000000000000005,0,0,0,3,21.5,70.09,958,0,0,0,0,27.400000000000002,149,1.8
2018,11,15,16,30,114.63,0.15,4.1000000000000005,0,0,0,3,20.6,70.10000000000001,959,0,0,0,0,26.5,150,2.8000000000000003
2018,11,15,17,30,128.69,0.15,4.2,0,0,0,3,20.6,74.29,960,0,0,0,0,25.5,148,3.5
2018,11,15,18,30,142.38,0.15,4.2,0,0,0,4,21.1,82.16,960,0,0,0,0,24.3,144,3.5
2018,11,15,19,30,154.99,0.15,4.3,0,0,0,5,21.5,88.78,960,0,0,0,0,23.5,139,3
2018,11,15,20,30,163.70000000000002,0.15,4.4,0,0,0,8,21.900000000000002,93.85000000000001,960,0,0,0,0,22.900000000000002,133,2.5
2018,11,15,21,30,161.65,0.15,4.4,0,0,0,1,22,96.04,960,0,0,0,0,22.700000000000003,127,2.4000000000000004
2018,11,15,22,30,151.05,0.15,4.4,0,0,0,1,22.1,97.81,959,0,0,0,0,22.5,123,2.3000000000000003
2018,11,15,23,30,137.94,0.15,4.4,0,0,0,8,22.3,99.11,959,0,0,0,0,22.400000000000002,120,2.2
2018,11,16,0,30,124.09,0.15,4.5,0,0,0,7,22.3,100,959,0,0,0,0,22.3,117,2.2
2018,11,16,1,30,109.98,0.15,4.5,0,0,0,6,22.200000000000003,100,960,0,0,0,0,22.200000000000003,115,2.3000000000000003
2018,11,16,2,30,95.77,0.15,4.5,0,0,0,6,22.3,100,960,0,0,0,0,22.3,114,2.6
2018,11,16,3,30,81.51,0.15,4.6000000000000005,43,377,99,7,22.400000000000002,95.91,961,3,0,0,3,23.1,113,3.2
2018,11,16,4,30,67.53,0.15,4.7,77,680,336,4,22.3,84.88,961,137,3,0,138,25,112,3.7
2018,11,16,5,30,53.83,0.15,4.800000000000001,92,813,573,4,21.700000000000003,71.59,962,178,1,0,179,27.3,112,3.7
2018,11,16,6,30,40.81,0.15,4.800000000000001,100,884,770,4,21.1,60.76,961,299,3,0,301,29.5,111,3.4000000000000004
2018,11,16,7,30,29.43,0.15,4.9,104,922,907,4,20.8,54.77,961,404,15,0,417,31,109,3.1
2018,11,16,8,30,22.400000000000002,0.15,4.9,105,938,973,4,20.6,50.730000000000004,960,462,83,0,538,32.1,106,2.7
2018,11,16,9,30,23.93,0.15,5,134,890,948,8,20.200000000000003,47.92,959,360,421,0,745,32.7,101,2.6
2018,11,16,10,30,32.85,0.15,5,124,878,861,3,19.8,47.08,958,462,177,0,611,32.5,99,2.4000000000000004
2018,11,16,11,30,44.95,0.15,5.1000000000000005,110,842,705,3,19.6,48.800000000000004,958,385,116,0,467,31.700000000000003,103,2.1
2018,11,16,12,30,58.26,0.15,5.2,94,762,495,3,19.8,52.33,958,274,53,0,302,30.700000000000003,109,1.9000000000000001
2018,11,16,13,30,72.07000000000001,0.15,5.300000000000001,71,593,254,7,20.200000000000003,58.15,958,134,269,0,217,29.3,115,1.6
2018,11,16,14,30,86.03,0.15,5.300000000000001,25,169,37,1,21.8,70.91,959,25,169,0,37,27.5,120,1.1
2018,11,16,15,30,100.39,0.15,5.4,0,0,0,3,23.6,85.45,960,0,0,0,0,26.200000000000003,123,1
2018,11,16,16,30,114.56,0.15,5.4,0,0,0,4,23.5,88.75,961,0,0,0,0,25.5,124,1.3
2018,11,16,17,30,128.6,0.15,5.4,0,0,0,4,23.3,91.88,961,0,0,0,0,24.700000000000003,123,1.7000000000000002
2018,11,16,18,30,142.25,0.15,5.4,0,0,0,3,23.200000000000003,94.44,962,0,0,0,0,24.1,125,2.1
2018,11,16,19,30,154.81,0.15,5.4,0,0,0,4,23.1,97.55,962,0,0,0,0,23.5,128,2.4000000000000004
2018,11,16,20,30,163.45000000000002,0.15,5.4,0,0,0,4,23,99.69,961,0,0,0,0,23.1,131,2.5
2018,11,16,21,30,161.47,0.15,5.4,0,0,0,3,22.900000000000002,100,961,0,0,0,0,22.900000000000002,133,2.5
2018,11,16,22,30,150.96,0.15,5.4,0,0,0,3,22.8,100,961,0,0,0,0,22.8,132,2.5
2018,11,16,23,30,137.91,0.15,5.300000000000001,0,0,0,3,22.6,100,961,0,0,0,0,22.6,129,2.5
2018,11,17,0,30,124.10000000000001,0.16,5.300000000000001,0,0,0,3,22.5,100,961,0,0,0,0,22.5,124,2.5
2018,11,17,1,30,110,0.16,5.2,0,0,0,3,22.3,100,962,0,0,0,0,22.3,119,2.3000000000000003
2018,11,17,2,30,95.82000000000001,0.16,5.1000000000000005,0,0,0,4,22.1,100,962,0,0,0,0,22.1,114,2.2
2018,11,17,3,30,81.58,0.16,5,37,453,103,3,22,98.19,963,48,0,0,48,22.3,109,2.2
2018,11,17,4,30,67.63,0.16,4.9,60,745,344,1,21.700000000000003,90.85000000000001,963,60,745,0,344,23.3,105,2.2
2018,11,17,5,30,53.95,0.16,4.800000000000001,71,866,581,0,21.200000000000003,77.43,963,71,866,0,581,25.400000000000002,102,2.3000000000000003
2018,11,17,6,30,40.97,0.16,4.7,76,929,778,0,20.3,62.61,963,76,929,0,778,28.1,97,2.4000000000000004
2018,11,17,7,30,29.64,0.16,4.5,80,962,916,0,19.400000000000002,51.57,962,80,962,0,916,30.5,92,2.4000000000000004
2018,11,17,8,30,22.650000000000002,0.16,4.4,82,975,982,0,18.8,45.65,961,82,975,0,982,32,91,2.3000000000000003
2018,11,17,9,30,24.14,0.16,4.4,87,967,969,2,18.400000000000002,42.47,960,467,153,0,607,32.800000000000004,94,2.1
2018,11,17,10,30,32.980000000000004,0.16,4.3,84,951,881,2,18.1,41.38,959,440,142,0,559,33,99,1.9000000000000001
2018,11,17,11,30,45.01,0.16,4.3,78,913,724,2,18,41.38,958,368,98,0,437,32.800000000000004,104,1.8
2018,11,17,12,30,58.28,0.16,4.3,74,825,508,5,17.8,42.84,958,119,0,0,119,32,106,1.8
2018,11,17,13,30,72.07000000000001,0.16,4.3,57,676,265,3,17.8,46.07,959,10,0,0,10,30.700000000000003,105,1.4000000000000001
2018,11,17,14,30,86.01,0.16,4.4,22,269,41,7,19.700000000000003,58.57,959,17,0,7,17,28.6,104,0.9
2018,11,17,15,30,100.34,0.16,4.4,0,0,0,3,22.700000000000003,76.99,960,0,0,0,0,27.1,104,0.8
2018,11,17,16,30,114.49000000000001,0.16,4.4,0,0,0,5,22.200000000000003,77.65,961,0,0,0,0,26.400000000000002,106,1
2018,11,17,17,30,128.5,0.16,4.4,0,0,0,3,21.6,78.01,961,0,0,0,0,25.700000000000003,112,1.2000000000000002
2018,11,17,18,30,142.12,0.16,4.4,0,0,0,3,21,78.53,961,0,0,0,0,25,119,1.6
2018,11,17,19,30,154.63,0.16,4.5,0,0,0,3,20.700000000000003,80.23,961,0,0,0,0,24.3,126,2.1
2018,11,17,20,30,163.20000000000002,0.16,4.5,0,0,0,5,20.700000000000003,83.95,961,0,0,0,0,23.6,129,2.4000000000000004
2018,11,17,21,30,161.29,0.16,4.5,0,0,0,7,21.1,88.91,961,0,0,0,0,23,131,2.4000000000000004
2018,11,17,22,30,150.88,0.16,4.5,0,0,0,4,21.400000000000002,93.79,960,0,0,0,0,22.5,131,2.1
2018,11,17,23,30,137.89000000000001,0.16,4.5,0,0,0,3,21.700000000000003,97.17,960,0,0,0,0,22.200000000000003,130,1.8
2018,11,18,0,30,124.10000000000001,0.16,4.5,0,0,0,0,21.900000000000002,99.44,961,0,0,0,0,22,127,1.6
2018,11,18,1,30,110.03,0.16,4.5,0,0,0,0,21.900000000000002,100,961,0,0,0,0,21.900000000000002,123,1.5
2018,11,18,2,30,95.88,0.16,4.5,0,0,0,3,22,99.75,962,0,0,0,0,22,118,1.7000000000000002
2018,11,18,3,30,81.65,0.16,4.4,42,386,98,0,22,92.73,962,42,386,0,98,23.200000000000003,114,2.5
2018,11,18,4,30,67.72,0.16,4.4,74,693,337,3,21.8,80.34,963,203,46,0,221,25.400000000000002,110,3.1
2018,11,18,5,30,54.08,0.16,4.4,90,825,574,3,21.3,67.58,962,285,47,0,313,27.900000000000002,104,3.1
2018,11,18,6,30,41.12,0.16,4.4,112,868,766,1,20.900000000000002,57.07,962,112,868,0,766,30.3,96,2.9000000000000004
2018,11,18,7,30,29.84,0.16,4.4,120,903,903,0,20.200000000000003,49.63,961,120,903,0,903,32,87,2.7
2018,11,18,8,30,22.89,0.16,4.4,124,918,970,0,19.5,44.75,960,124,918,0,970,33.1,80,2.5
2018,11,18,9,30,24.34,0.16,4.4,133,901,954,2,18.900000000000002,41.83,959,481,320,0,773,33.7,78,2.3000000000000003
2018,11,18,10,30,33.09,0.16,4.4,127,881,865,3,18.5,40.300000000000004,958,428,110,0,520,33.9,78,2.1
2018,11,18,11,30,45.07,0.16,4.4,114,842,709,7,18.2,39.79,957,162,2,0,163,33.7,77,2.1
2018,11,18,12,30,58.300000000000004,0.16,4.4,97,762,498,7,17.900000000000002,40.7,957,229,74,0,268,33,77,2
2018,11,18,13,30,72.07000000000001,0.16,4.4,71,602,257,7,17.8,43.730000000000004,957,104,11,0,107,31.6,80,1.5
2018,11,18,14,30,85.98,0.16,4.4,26,176,38,7,20,56.79,958,32,5,7,32,29.5,90,0.9
2018,11,18,15,30,100.29,0.16,4.3,0,0,0,5,23.200000000000003,75.32000000000001,958,0,0,0,0,28,105,0.8
2018,11,18,16,30,114.42,0.16,4.3,0,0,0,3,22.6,76.14,959,0,0,0,0,27.200000000000003,117,1
2018,11,18,17,30,128.41,0.16,4.3,0,0,0,3,21.8,75.5,960,0,0,0,0,26.5,126,1.4000000000000001
2018,11,18,18,30,141.99,0.16,4.3,0,0,0,0,21,74.86,960,0,0,0,0,25.8,131,2.3000000000000003
2018,11,18,19,30,154.44,0.16,4.3,0,0,0,0,20.8,76.99,960,0,0,0,0,25.1,132,3.1
2018,11,18,20,30,162.96,0.16,4.3,0,0,0,1,21.3,83.64,960,0,0,0,0,24.200000000000003,132,3.1
2018,11,18,21,30,161.11,0.16,4.1000000000000005,0,0,0,0,21.900000000000002,91.16,960,0,0,0,0,23.400000000000002,131,2.7
2018,11,18,22,30,150.8,0.16,4,0,0,0,0,22.3,95.76,959,0,0,0,0,23,126,2.3000000000000003
2018,11,18,23,30,137.86,0.16,3.8000000000000003,0,0,0,0,22.5,98.08,959,0,0,0,0,22.8,119,2.2
2018,11,19,0,30,124.11,0.16,3.7,0,0,0,0,22.5,99.04,959,0,0,0,0,22.700000000000003,112,2.2
2018,11,19,1,30,110.07000000000001,0.16,3.6,0,0,0,0,22.5,99.53,960,0,0,0,0,22.6,105,2.4000000000000004
2018,11,19,2,30,95.93,0.16,3.5,0,0,0,0,22.5,99.22,961,0,0,0,0,22.6,98,2.7
2018,11,19,3,30,81.72,0.16,3.4000000000000004,51,304,94,0,22.400000000000002,92.42,962,51,304,0,94,23.700000000000003,92,3.5
2018,11,19,4,30,67.82000000000001,0.16,3.4000000000000004,91,635,331,3,21.8,78.73,962,108,0,0,108,25.8,86,4.2
2018,11,19,5,30,54.2,0.16,3.3000000000000003,111,788,572,1,21.200000000000003,65.64,962,111,788,0,572,28.200000000000003,80,4.3
2018,11,19,6,30,41.28,0.16,3.3000000000000003,118,872,774,3,20.5,55.53,962,325,5,0,329,30.400000000000002,75,4.2
2018,11,19,7,30,30.05,0.16,3.2,120,920,916,0,19.700000000000003,47.32,961,120,920,0,916,32.300000000000004,68,3.9000000000000004
2018,11,19,8,30,23.13,0.16,3.2,122,937,984,2,18.7,41.63,960,518,211,0,711,33.5,62,3.6
2018,11,19,9,30,24.53,0.16,3.2,123,932,971,0,17.8,37.7,959,123,932,0,971,34.300000000000004,58,3.4000000000000004
2018,11,19,10,30,33.2,0.16,3.1,119,913,883,1,17.2,35.49,958,119,913,0,883,34.7,56,3.2
2018,11,19,11,30,45.13,0.16,3.1,111,869,723,2,16.7,34.82,957,402,132,0,496,34.5,58,3.1
2018,11,19,12,30,58.32,0.16,3.1,102,767,505,1,16.3,35.38,957,102,767,0,505,33.7,61,2.9000000000000004
2018,11,19,13,30,72.06,0.16,3,75,605,262,0,16,38.51,957,75,605,0,262,31.900000000000002,67,2.2
2018,11,19,14,30,85.95,0.16,3,26,189,40,0,18.8,53.36,958,26,189,0,40,29.3,76,1.4000000000000001
2018,11,19,15,30,100.24000000000001,0.16,3,0,0,0,0,20.3,64.93,959,0,0,0,0,27.5,83,1.4000000000000001
2018,11,19,16,30,114.35000000000001,0.16,2.9000000000000004,0,0,0,0,19.6,64.79,960,0,0,0,0,26.8,89,1.6
2018,11,19,17,30,128.31,0.16,2.9000000000000004,0,0,0,0,19.200000000000003,66.16,960,0,0,0,0,26,96,1.7000000000000002
2018,11,19,18,30,141.86,0.16,2.9000000000000004,0,0,0,0,19,68.67,960,0,0,0,0,25.200000000000003,106,2.2
2018,11,19,19,30,154.26,0.16,2.9000000000000004,0,0,0,0,19,72.82000000000001,960,0,0,0,0,24.200000000000003,112,2.7
2018,11,19,20,30,162.73,0.16,2.9000000000000004,0,0,0,0,19.400000000000002,79.41,960,0,0,0,0,23.200000000000003,113,3.1
2018,11,19,21,30,160.94,0.16,2.9000000000000004,0,0,0,0,20,86.4,960,0,0,0,0,22.400000000000002,110,3.2
2018,11,19,22,30,150.73,0.16,2.8000000000000003,0,0,0,0,20.5,92.27,959,0,0,0,0,21.8,104,3.1
2018,11,19,23,30,137.84,0.16,2.8000000000000003,0,0,0,0,20.8,96.16,959,0,0,0,0,21.400000000000002,98,3
2018,11,20,0,30,124.13000000000001,0.16,2.7,0,0,0,0,20.900000000000002,97.92,959,0,0,0,0,21.200000000000003,94,2.9000000000000004
2018,11,20,1,30,110.11,0.16,2.6,0,0,0,0,20.8,99.60000000000001,960,0,0,0,0,20.900000000000002,90,2.8000000000000003
2018,11,20,2,30,95.99000000000001,0.16,2.5,0,0,0,0,20.700000000000003,98.93,961,0,0,0,0,20.900000000000002,86,3
2018,11,20,3,30,81.8,0.16,2.5,49,337,97,1,20.6,91.07000000000001,962,49,337,0,97,22.1,81,3.6
2018,11,20,4,30,67.92,0.16,2.5,85,680,340,0,20.1,76.43,962,85,680,0,340,24.5,77,4.2
2018,11,20,5,30,54.33,0.16,2.4000000000000004,99,835,586,0,19.200000000000003,61.13,962,99,835,0,586,27.400000000000002,75,4.4
2018,11,20,6,30,41.44,0.16,2.4000000000000004,108,909,790,0,18.2,49.11,962,108,909,0,790,30,72,4.3
2018,11,20,7,30,30.25,0.16,2.5,113,945,930,0,17,40.56,961,113,945,0,930,32.1,68,3.9000000000000004
2018,11,20,8,30,23.37,0.16,2.5,115,960,997,0,16.2,35.67,960,115,960,0,997,33.5,63,3.5
2018,11,20,9,30,24.72,0.16,2.5,111,965,987,0,15.600000000000001,32.57,959,111,965,0,987,34.4,59,3.2
2018,11,20,10,30,33.31,0.16,2.5,107,945,897,0,15,30.740000000000002,959,107,945,0,897,34.7,57,3
2018,11,20,11,30,45.18,0.16,2.5,99,903,736,0,14.3,29.560000000000002,958,99,903,0,736,34.6,57,2.9000000000000004
2018,11,20,12,30,58.33,0.16,2.5,87,824,519,0,13.600000000000001,29.66,958,87,824,0,519,33.800000000000004,61,2.8000000000000003
2018,11,20,13,30,72.04,0.16,2.5,66,663,271,0,13.200000000000001,32.36,958,66,663,0,271,31.8,65,2.1
2018,11,20,14,30,85.91,0.16,2.4000000000000004,25,236,42,0,17.3,50.43,959,25,236,0,42,28.6,71,1.3
2018,11,20,15,30,100.18,0.16,2.4000000000000004,0,0,0,0,18.7,62.54,959,0,0,0,0,26.400000000000002,75,1.3
2018,11,20,16,30,114.27,0.16,2.3000000000000003,0,0,0,3,17.7,62.81,960,0,0,0,0,25.3,77,1.4000000000000001
2018,11,20,17,30,128.21,0.16,2.3000000000000003,0,0,0,0,16.900000000000002,63.53,961,0,0,0,0,24.3,79,1.5
2018,11,20,18,30,141.73,0.16,2.2,0,0,0,0,16.6,65.88,961,0,0,0,0,23.3,85,1.5
2018,11,20,19,30,154.08,0.16,2.2,0,0,0,0,16.5,69.21000000000001,961,0,0,0,0,22.400000000000002,92,1.5
2018,11,20,20,30,162.49,0.16,2.2,0,0,0,0,16.7,74.17,961,0,0,0,0,21.5,98,1.7000000000000002
2018,11,20,21,30,160.78,0.16,2.2,0,0,0,0,17.2,80.12,961,0,0,0,0,20.8,102,1.8
2018,11,20,22,30,150.66,0.16,2.2,0,0,0,0,18,86.49,960,0,0,0,0,20.3,102,1.9000000000000001
2018,11,20,23,30,137.82,0.16,2.2,0,0,0,0,18.7,92.76,960,0,0,0,0,19.900000000000002,101,2
2018,11,21,0,30,124.14,0.15,2.2,0,0,0,0,19.3,98.03,960,0,0,0,0,19.6,99,2.1
2018,11,21,1,30,110.15,0.15,2.2,0,0,0,0,19.5,100,961,0,0,0,0,19.5,97,2.2
2018,11,21,2,30,96.05,0.15,2.3000000000000003,0,0,0,0,19.700000000000003,100,961,0,0,0,0,19.700000000000003,95,2.5
2018,11,21,3,30,81.88,0.15,2.3000000000000003,48,341,96,3,19.900000000000002,92.06,962,4,0,0,4,21.200000000000003,92,3.1
2018,11,21,4,30,68.02,0.15,2.3000000000000003,86,677,340,1,19.8,77.2,962,86,677,0,340,24,89,3.6
2018,11,21,5,30,54.45,0.15,2.3000000000000003,102,829,584,0,19.1,61.28,962,102,829,0,584,27.200000000000003,84,3.7
2018,11,21,6,30,41.6,0.15,2.4000000000000004,110,904,786,0,17.8,47.06,962,110,904,0,786,30.3,74,3.6
2018,11,21,7,30,30.45,0.15,2.4000000000000004,115,943,929,0,16.2,37.43,961,115,943,0,929,32.6,63,3.4000000000000004
2018,11,21,8,30,23.6,0.15,2.4000000000000004,116,961,997,0,15.5,33.03,960,116,961,0,997,34,56,3.3000000000000003
2018,11,21,9,30,24.900000000000002,0.15,2.4000000000000004,105,975,989,0,14.700000000000001,30.14,959,105,975,0,989,34.800000000000004,52,3.2
2018,11,21,10,30,33.410000000000004,0.15,2.4000000000000004,101,957,899,0,13.9,27.87,958,101,957,0,899,35.2,51,3.1
2018,11,21,11,30,45.22,0.15,2.4000000000000004,95,915,739,0,13,26.52,957,95,915,0,739,35.1,51,3
2018,11,21,12,30,58.34,0.15,2.4000000000000004,89,819,519,0,12.3,26.45,957,89,819,0,519,34.300000000000004,54,2.8000000000000003
2018,11,21,13,30,72.02,0.15,2.3000000000000003,68,660,272,0,11.9,29.12,957,68,660,0,272,32.1,59,2
2018,11,21,14,30,85.87,0.15,2.3000000000000003,26,233,43,0,16.7,48.84,958,26,233,0,43,28.5,66,1.3
2018,11,21,15,30,100.12,0.15,2.3000000000000003,0,0,0,0,17.7,59.93,959,0,0,0,0,26.1,71,1.2000000000000002
2018,11,21,16,30,114.19,0.15,2.3000000000000003,0,0,0,0,16.900000000000002,60.52,960,0,0,0,0,25.1,75,1.3
2018,11,21,17,30,128.1,0.15,2.3000000000000003,0,0,0,0,16.400000000000002,61.95,960,0,0,0,0,24.1,83,1.4000000000000001
2018,11,21,18,30,141.59,0.15,2.3000000000000003,0,0,0,0,16.2,64.66,960,0,0,0,0,23.200000000000003,94,1.5
2018,11,21,19,30,153.9,0.15,2.4000000000000004,0,0,0,0,16.3,68.59,960,0,0,0,0,22.400000000000002,106,1.8
2018,11,21,20,30,162.27,0.15,2.5,0,0,0,0,17,74.06,960,0,0,0,0,21.8,111,2.3000000000000003
2018,11,21,21,30,160.62,0.15,2.6,0,0,0,0,18,81.73,960,0,0,0,0,21.3,110,2.6
2018,11,21,22,30,150.59,0.15,2.6,0,0,0,0,19.1,90.05,959,0,0,0,0,20.8,106,2.6
2018,11,21,23,30,137.81,0.15,2.6,0,0,0,0,19.8,96.63,959,0,0,0,0,20.400000000000002,100,2.4000000000000004
2018,11,22,0,30,124.16,0.15,2.6,0,0,0,0,20.200000000000003,99.9,960,0,0,0,0,20.200000000000003,95,2.4000000000000004
2018,11,22,1,30,110.19,0.15,2.5,0,0,0,0,20,100,960,0,0,0,0,20,89,2.3000000000000003
2018,11,22,2,30,96.11,0.15,2.4000000000000004,0,0,0,0,20.1,100,961,0,0,0,0,20.1,84,2.6
2018,11,22,3,30,81.96000000000001,0.15,2.4000000000000004,49,319,94,0,20.200000000000003,92.28,962,49,319,0,94,21.5,80,3.3000000000000003
2018,11,22,4,30,68.12,0.15,2.3000000000000003,88,667,336,0,20.200000000000003,77.7,962,88,667,0,336,24.3,77,3.9000000000000004
2018,11,22,5,30,54.58,0.15,2.3000000000000003,103,825,581,0,19.6,61.92,962,103,825,0,581,27.5,73,4.2
2018,11,22,6,30,41.76,0.15,2.4000000000000004,109,905,784,0,18.2,47.76,962,109,905,0,784,30.5,68,4.3
2018,11,22,7,30,30.650000000000002,0.15,2.4000000000000004,116,941,925,0,16.5,38.160000000000004,961,116,941,0,925,32.6,63,4.1000000000000005
2018,11,22,8,30,23.82,0.15,2.5,119,954,992,0,15.600000000000001,33.28,960,119,954,0,992,34,60,3.9000000000000004
2018,11,22,9,30,25.07,0.15,2.5,113,960,983,0,15,30.62,958,113,960,0,983,34.800000000000004,58,3.5
2018,11,22,10,30,33.51,0.15,2.6,109,939,891,0,14.5,29,957,109,939,0,891,35.2,59,3.3000000000000003
2018,11,22,11,30,45.26,0.15,2.6,100,898,732,0,14,28.330000000000002,957,100,898,0,732,35.1,62,3.1
2018,11,22,12,30,58.35,0.15,2.7,87,818,516,0,13.700000000000001,29.01,957,87,818,0,516,34.300000000000004,67,3
2018,11,22,13,30,72,0.15,2.7,66,659,270,0,13.600000000000001,32.42,957,66,659,0,270,32.2,71,2.2
2018,11,22,14,30,85.83,0.15,2.7,25,238,43,0,17.400000000000002,49.49,958,25,238,1,43,29,74,1.3
2018,11,22,15,30,100.06,0.15,2.8000000000000003,0,0,0,0,18.8,61.300000000000004,958,0,0,0,0,26.900000000000002,75,1.2000000000000002
2018,11,22,16,30,114.11,0.15,2.8000000000000003,0,0,0,0,18.3,61.7,959,0,0,0,0,26.200000000000003,78,1.3
2018,11,22,17,30,128,0.15,2.8000000000000003,0,0,0,0,17.8,62.49,959,0,0,0,0,25.5,87,1.4000000000000001
2018,11,22,18,30,141.46,0.15,2.9000000000000004,0,0,0,0,17.5,64.02,960,0,0,0,0,24.8,101,1.8
2018,11,22,19,30,153.72,0.15,2.9000000000000004,0,0,0,0,17.5,66.71000000000001,960,0,0,0,0,24.1,111,2.4000000000000004
2018,11,22,20,30,162.04,0.15,3,0,0,0,0,18.2,72.60000000000001,960,0,0,0,0,23.400000000000002,114,2.9000000000000004
2018,11,22,21,30,160.46,0.15,3.1,0,0,0,0,19.200000000000003,80.83,959,0,0,0,0,22.700000000000003,112,3
2018,11,22,22,30,150.53,0.15,3.1,0,0,0,0,20.200000000000003,88.48,959,0,0,0,0,22.200000000000003,106,2.8000000000000003
2018,11,22,23,30,137.8,0.15,3.1,0,0,0,0,20.900000000000002,94.01,959,0,0,0,0,21.900000000000002,99,2.7
2018,11,23,0,30,124.18,0.15,3.1,0,0,0,0,21.3,97.06,960,0,0,0,0,21.8,92,2.8000000000000003
2018,11,23,1,30,110.24000000000001,0.15,3,0,0,0,0,21.5,98.53,960,0,0,0,0,21.700000000000003,86,2.9000000000000004
2018,11,23,2,30,96.18,0.15,3,0,0,0,0,21.400000000000002,98.33,961,0,0,0,0,21.700000000000003,81,3.2
2018,11,23,3,30,82.05,0.15,3,42,377,94,3,21.400000000000002,91.68,962,69,11,7,70,22.8,76,3.8000000000000003
2018,11,23,4,30,68.23,0.15,2.9000000000000004,75,704,336,3,21,77.8,963,102,0,0,102,25.200000000000003,72,4.5
2018,11,23,5,30,54.71,0.15,2.9000000000000004,89,844,577,3,20.400000000000002,62.88,963,270,24,0,284,28.1,69,4.7
2018,11,23,6,30,41.92,0.15,2.9000000000000004,96,916,778,0,19.400000000000002,50.38,963,96,916,0,778,30.900000000000002,66,4.5
2018,11,23,7,30,30.85,0.15,3,100,952,918,0,18.5,42.42,962,100,952,0,918,32.9,62,4.2
2018,11,23,8,30,24.04,0.15,3.1,102,966,985,0,17.7,37.480000000000004,960,102,966,0,985,34.300000000000004,60,3.9000000000000004
2018,11,23,9,30,25.240000000000002,0.15,3.2,110,950,969,0,17.2,34.82,959,110,950,0,969,35,58,3.8000000000000003
2018,11,23,10,30,33.6,0.15,3.3000000000000003,108,925,879,0,16.900000000000002,33.730000000000004,958,108,925,0,879,35.2,58,3.7
2018,11,23,11,30,45.300000000000004,0.15,3.3000000000000003,103,878,721,0,16.6,33.84,957,103,878,0,721,34.9,58,3.5
2018,11,23,12,30,58.35,0.15,3.4000000000000004,92,789,506,0,16.400000000000002,34.9,957,92,789,0,506,34.1,59,3.4000000000000004
2018,11,23,13,30,71.98,0.15,3.5,72,613,261,7,16.400000000000002,38.230000000000004,957,139,243,7,215,32.4,60,2.6
2018,11,23,14,30,85.79,0.15,3.5,27,181,40,0,18.1,49.45,958,27,181,0,40,29.8,62,1.6
2018,11,23,15,30,99.99000000000001,0.15,3.5,0,0,0,0,20.200000000000003,62.1,958,0,0,0,0,28.1,67,1.2000000000000002
2018,11,23,16,30,114.02,0.15,3.6,0,0,0,0,20.1,64.69,959,0,0,0,0,27.3,79,1.2000000000000002
2018,11,23,17,30,127.89,0.15,3.6,0,0,0,3,19.8,66.49,960,0,0,0,0,26.6,97,1.5
2018,11,23,18,30,141.32,0.15,3.6,0,0,0,7,19.5,67.59,960,0,0,0,0,26,114,2.2
2018,11,23,19,30,153.54,0.15,3.7,0,0,0,7,19.700000000000003,71.76,960,0,0,0,0,25.200000000000003,121,3
2018,11,23,20,30,161.83,0.15,3.7,0,0,0,8,20.5,78.92,960,0,0,0,0,24.400000000000002,122,3.2
2018,11,23,21,30,160.31,0.15,3.7,0,0,0,0,21.400000000000002,86.96000000000001,960,0,0,0,0,23.700000000000003,120,3
2018,11,23,22,30,150.48,0.15,3.7,0,0,0,3,22,93,959,0,0,0,0,23.200000000000003,117,2.7
2018,11,23,23,30,137.8,0.15,3.6,0,0,0,0,22.400000000000002,96.74000000000001,960,0,0,0,0,22.900000000000002,114,2.6
2018,11,24,0,30,124.21000000000001,0.15,3.6,0,0,0,0,22.5,98.16,960,0,0,0,0,22.8,110,2.4000000000000004
2018,11,24,1,30,110.28,0.15,3.6,0,0,0,0,22.6,99.91,961,0,0,0,0,22.6,107,2.3000000000000003
2018,11,24,2,30,96.25,0.15,3.5,0,0,0,0,22.6,99.58,961,0,0,0,0,22.700000000000003,103,2.4000000000000004
2018,11,24,3,30,82.13,0.15,3.6,51,253,85,0,22.8,95.04,962,51,253,0,85,23.6,96,3.1
2018,11,24,4,30,68.34,0.15,3.6,95,604,318,0,22.700000000000003,83.28,963,95,604,0,318,25.8,88,3.9000000000000004
2018,11,24,5,30,54.84,0.15,3.8000000000000003,111,770,555,0,22,67.86,963,111,770,0,555,28.5,80,4.4
2018,11,24,6,30,42.08,0.15,3.9000000000000004,116,862,756,0,21.1,56.11,963,116,862,0,756,30.900000000000002,75,4.4
2018,11,24,7,30,31.05,0.15,4,118,907,895,0,20.3,48.35,962,118,907,0,895,32.6,70,4.3
2018,11,24,8,30,24.26,0.15,4.1000000000000005,121,923,962,3,19.5,43.17,961,482,151,0,620,33.800000000000004,67,4.1000000000000005
2018,11,24,9,30,25.41,0.15,4.2,123,915,950,0,19,40.64,960,123,915,0,950,34.300000000000004,66,3.9000000000000004
2018,11,24,10,30,33.69,0.15,4.3,118,894,862,2,18.7,39.58,959,451,139,0,567,34.4,67,3.8000000000000003
2018,11,24,11,30,45.33,0.15,4.4,108,853,707,7,18.5,40.5,958,243,503,7,597,33.800000000000004,71,3.6
2018,11,24,12,30,58.35,0.15,4.5,92,775,498,7,18.6,42.93,958,198,382,0,398,32.800000000000004,76,3.4000000000000004
2018,11,24,13,30,71.95,0.15,4.6000000000000005,69,614,259,3,18.8,47.34,959,108,2,0,109,31.3,82,2.9000000000000004
2018,11,24,14,30,85.74,0.15,4.6000000000000005,26,199,41,1,19.900000000000002,57.160000000000004,959,26,199,0,41,29.200000000000003,94,2.3000000000000003
2018,11,24,15,30,99.93,0.15,4.800000000000001,0,0,0,8,21.200000000000003,68.92,960,0,0,0,0,27.400000000000002,106,2.6
2018,11,24,16,30,113.93,0.15,4.9,0,0,0,8,21.400000000000002,74.98,961,0,0,0,0,26.200000000000003,114,3.3000000000000003
2018,11,24,17,30,127.78,0.15,5,0,0,0,0,21.900000000000002,83.09,962,0,0,0,0,25,117,3.6
2018,11,24,18,30,141.18,0.15,5.1000000000000005,0,0,0,3,22.3,89.66,963,0,0,0,0,24.1,116,3.7
2018,11,24,19,30,153.36,0.15,5.1000000000000005,0,0,0,8,22.5,94.94,962,0,0,0,0,23.400000000000002,115,3.4000000000000004
2018,11,24,20,30,161.61,0.15,5.1000000000000005,0,0,0,0,22.700000000000003,97.5,962,0,0,0,0,23.1,115,3.2
2018,11,24,21,30,160.17000000000002,0.15,4.9,0,0,0,7,22.700000000000003,99.09,961,0,0,0,0,22.900000000000002,116,3.1
2018,11,24,22,30,150.42000000000002,0.15,4.7,0,0,0,7,22.700000000000003,100,961,0,0,0,0,22.700000000000003,116,3.2
2018,11,24,23,30,137.79,0.15,4.5,0,0,0,7,22.5,100,961,0,0,0,0,22.5,114,3.3000000000000003
2018,11,25,0,30,124.24000000000001,0.15,4.2,0,0,0,0,22.200000000000003,100,961,0,0,0,0,22.200000000000003,112,3.3000000000000003
2018,11,25,1,30,110.34,0.15,3.9000000000000004,0,0,0,0,22,100,962,0,0,0,0,22,111,3.2
2018,11,25,2,30,96.32000000000001,0.15,3.7,0,0,0,0,22,100,962,0,0,0,0,22,109,3.1
2018,11,25,3,30,82.22,0.15,3.5,36,433,95,0,22.1,95.67,963,36,433,0,95,22.8,105,3.7
2018,11,25,4,30,68.45,0.15,3.4000000000000004,63,741,335,0,21.5,82.24,964,63,741,0,335,24.700000000000003,101,4.5
2018,11,25,5,30,54.97,0.15,3.3000000000000003,77,867,575,0,20.5,67.03,964,77,867,0,575,27.1,98,4.5
2018,11,25,6,30,42.24,0.15,3.4000000000000004,84,930,773,0,19.5,54.9,963,84,930,0,773,29.5,96,4.4
2018,11,25,7,30,31.240000000000002,0.15,3.4000000000000004,88,964,913,0,18.5,46.13,963,88,964,0,913,31.5,94,4.1000000000000005
2018,11,25,8,30,24.47,0.15,3.5,91,976,979,0,17.6,40.06,961,91,976,0,979,33,94,3.9000000000000004
2018,11,25,9,30,25.560000000000002,0.15,3.6,105,951,963,0,17,36.31,960,105,951,0,963,34,94,3.6
2018,11,25,10,30,33.77,0.15,3.7,101,931,875,0,16.6,34.660000000000004,959,101,931,0,875,34.4,96,3.5
2018,11,25,11,30,45.36,0.15,3.7,94,890,719,0,16.3,34.31,959,94,890,0,719,34.300000000000004,99,3.5
2018,11,25,12,30,58.34,0.15,3.7,87,798,506,0,16.2,35.660000000000004,958,87,798,0,506,33.5,102,3.4000000000000004
2018,11,25,13,30,71.92,0.15,3.7,66,640,265,0,16.3,39.74,959,66,640,0,265,31.700000000000003,106,2.8000000000000003
2018,11,25,14,30,85.69,0.15,3.7,25,236,43,0,18.2,52.51,959,25,236,0,43,28.900000000000002,114,1.8
2018,11,25,15,30,99.85000000000001,0.15,3.7,0,0,0,0,19.900000000000002,65.19,960,0,0,0,0,27,122,1.7000000000000002
2018,11,25,16,30,113.84,0.15,3.7,0,0,0,0,19.5,66.75,960,0,0,0,0,26.200000000000003,130,2.2
2018,11,25,17,30,127.67,0.15,3.7,0,0,0,0,19.400000000000002,69.3,961,0,0,0,0,25.400000000000002,137,2.9000000000000004
2018,11,25,18,30,141.04,0.15,3.8000000000000003,0,0,0,0,19.5,74.72,961,0,0,0,0,24.3,139,3.3000000000000003
2018,11,25,19,30,153.18,0.15,3.8000000000000003,0,0,0,0,20,82.11,961,0,0,0,0,23.200000000000003,139,3.1
2018,11,25,20,30,161.41,0.15,3.8000000000000003,0,0,0,0,20.400000000000002,88.66,961,0,0,0,0,22.400000000000002,136,2.6
2018,11,25,21,30,160.03,0.15,3.8000000000000003,0,0,0,0,20.700000000000003,93.17,960,0,0,0,0,21.900000000000002,130,2.1
2018,11,25,22,30,150.37,0.15,3.8000000000000003,0,0,0,0,21,96.72,960,0,0,0,0,21.5,123,1.8
2018,11,25,23,30,137.8,0.15,3.8000000000000003,0,0,0,0,21,98.95,960,0,0,0,0,21.200000000000003,115,1.8
2018,11,26,0,30,124.27,0.15,3.7,0,0,0,0,21,99.37,960,0,0,0,0,21.1,110,2
2018,11,26,1,30,110.39,0.15,3.6,0,0,0,0,21,99.9,960,0,0,0,0,21,107,2
2018,11,26,2,30,96.39,0.15,3.5,0,0,0,0,21,99.15,961,0,0,0,0,21.1,105,2.3000000000000003
2018,11,26,3,30,82.31,0.15,3.5,36,422,93,1,20.900000000000002,92.64,962,36,422,0,93,22.200000000000003,107,2.9000000000000004
2018,11,26,4,30,68.56,0.15,3.4000000000000004,64,735,333,3,20.400000000000002,77.68,962,139,4,0,140,24.6,111,3.3000000000000003
2018,11,26,5,30,55.1,0.15,3.4000000000000004,77,863,571,0,18.900000000000002,59.28,962,77,863,0,571,27.5,114,3.4000000000000004
2018,11,26,6,30,42.4,0.15,3.4000000000000004,86,926,770,0,17.6,47.09,962,86,926,0,770,30.1,113,3.3000000000000003
2018,11,26,7,30,31.43,0.15,3.4000000000000004,93,958,910,0,17.3,40.95,961,93,958,0,910,32.2,110,3
2018,11,26,8,30,24.67,0.15,3.5,97,967,976,0,17.1,37.53,960,97,967,0,976,33.6,105,2.6
2018,11,26,9,30,25.71,0.15,3.5,102,957,965,2,17,35.300000000000004,958,486,287,0,744,34.5,100,2.4000000000000004
2018,11,26,10,30,33.84,0.15,3.6,99,936,877,1,16.8,34.49,957,99,936,0,877,34.7,98,2.2
2018,11,26,11,30,45.38,0.15,3.6,92,896,721,1,16.6,34.56,957,92,896,0,721,34.5,97,2.2
2018,11,26,12,30,58.33,0.15,3.6,96,775,503,8,16.400000000000002,35.71,956,248,134,7,319,33.7,96,2.1
2018,11,26,13,30,71.88,0.15,3.7,73,608,262,8,16.400000000000002,39,957,5,0,7,5,32.1,96,1.6
2018,11,26,14,30,85.63,0.15,3.7,27,205,42,7,19.400000000000002,53.84,957,37,10,7,38,29.700000000000003,99,1
2018,11,26,15,30,99.78,0.15,3.8000000000000003,0,0,0,7,22.200000000000003,71.34,958,0,0,0,0,27.900000000000002,106,0.9
2018,11,26,16,30,113.75,0.15,3.8000000000000003,0,0,0,0,21.5,72.08,959,0,0,0,0,27,114,1.1
2018,11,26,17,30,127.56,0.15,3.8000000000000003,0,0,0,7,20.8,72.22,959,0,0,0,0,26.200000000000003,121,1.5
2018,11,26,18,30,140.9,0.15,3.9000000000000004,0,0,0,0,20.3,73.37,959,0,0,0,0,25.400000000000002,126,2
2018,11,26,19,30,153.01,0.15,3.9000000000000004,0,0,0,0,20.200000000000003,77.56,959,0,0,0,0,24.400000000000002,126,2.5
2018,11,26,20,30,161.20000000000002,0.15,3.9000000000000004,0,0,0,0,20.5,83.89,959,0,0,1,0,23.400000000000002,124,2.6
2018,11,26,21,30,159.9,0.15,3.9000000000000004,0,0,0,0,20.900000000000002,89.54,958,0,0,0,0,22.700000000000003,121,2.4000000000000004
2018,11,26,22,30,150.33,0.15,3.9000000000000004,0,0,0,0,21.200000000000003,93.9,958,0,0,0,0,22.200000000000003,121,2.2
2018,11,26,23,30,137.8,0.15,3.9000000000000004,0,0,0,1,21.3,97.18,958,0,0,0,0,21.8,123,2.3000000000000003
2018,11,27,0,30,124.31,0.15,3.9000000000000004,0,0,0,0,21.5,99.22,959,0,0,0,0,21.6,125,2.3000000000000003
2018,11,27,1,30,110.45,0.15,3.9000000000000004,0,0,0,3,21.5,100,960,0,0,0,0,21.5,124,2.3000000000000003
2018,11,27,2,30,96.47,0.15,3.8000000000000003,0,0,0,1,21.6,99.69,960,0,0,0,0,21.700000000000003,119,2.3000000000000003
2018,11,27,3,30,82.41,0.15,3.8000000000000003,43,307,84,8,21.700000000000003,94.14,961,65,20,7,68,22.700000000000003,113,2.8000000000000003
2018,11,27,4,30,68.67,0.15,3.8000000000000003,86,629,315,0,21.200000000000003,79.66,962,86,629,0,315,25,108,3.2
2018,11,27,5,30,55.24,0.15,3.8000000000000003,111,768,548,0,19.400000000000002,59.54,962,111,768,0,548,28,102,3.3000000000000003
2018,11,27,6,30,42.56,0.15,3.9000000000000004,130,833,744,0,18.400000000000002,48.06,961,130,833,0,744,30.6,92,3.2
2018,11,27,7,30,31.61,0.15,3.9000000000000004,140,871,882,0,18.3,42.86,960,140,871,0,882,32.6,81,3.1
2018,11,27,8,30,24.87,0.15,3.9000000000000004,142,892,952,0,18.400000000000002,39.76,959,142,892,0,952,34,73,3.2
2018,11,27,9,30,25.86,0.15,4,152,872,937,0,18.5,38.38,957,152,872,0,937,34.7,67,3.3000000000000003
2018,11,27,10,30,33.910000000000004,0.15,4.1000000000000005,145,852,851,1,18.5,37.85,956,145,852,0,851,35,65,3.4000000000000004
2018,11,27,11,30,45.4,0.15,4.2,132,805,697,8,18.400000000000002,38.14,956,307,344,7,549,34.800000000000004,65,3.5
2018,11,27,12,30,58.31,0.15,4.3,112,719,490,7,18.3,39.46,956,57,0,0,57,34,68,3.5
2018,11,27,13,30,71.84,0.15,4.3,84,545,253,7,18.3,43.09,956,147,232,0,220,32.4,74,2.6
2018,11,27,14,30,85.58,0.15,4.3,29,140,40,8,19.900000000000002,54.45,956,35,4,7,35,30.1,86,1.6
2018,11,27,15,30,99.7,0.15,4.2,0,0,0,0,21.700000000000003,66.5,957,0,0,0,0,28.5,100,1.4000000000000001
2018,11,27,16,30,113.66,0.15,4.1000000000000005,0,0,0,0,21,66.28,958,0,0,0,0,27.900000000000002,114,1.9000000000000001
2018,11,27,17,30,127.44,0.15,4.1000000000000005,0,0,0,7,20.3,66.29,959,0,0,0,0,27.1,124,3
2018,11,27,18,30,140.76,0.15,4.1000000000000005,0,0,0,7,20.1,70.49,959,0,0,0,0,25.900000000000002,128,4
2018,11,27,19,30,152.84,0.15,4.1000000000000005,0,0,0,7,20.6,78.66,959,0,0,0,0,24.6,128,4.1000000000000005
2018,11,27,20,30,161.01,0.15,4.2,0,0,0,3,21.200000000000003,86.61,959,0,0,0,0,23.6,124,3.8000000000000003
2018,11,27,21,30,159.78,0.15,4.2,0,0,0,3,21.6,91.32000000000001,959,0,0,0,0,23.1,118,3.4000000000000004
2018,11,27,22,30,150.29,0.15,4.2,0,0,0,8,21.8,94.67,959,0,0,0,0,22.700000000000003,112,3.2
2018,11,27,23,30,137.81,0.15,4.2,0,0,0,8,21.900000000000002,96.32000000000001,959,0,0,0,0,22.5,106,3.1
2018,11,28,0,30,124.35000000000001,0.15,4.2,0,0,0,7,21.900000000000002,97.61,959,0,0,0,0,22.3,101,3.1
2018,11,28,1,30,110.51,0.15,4.2,0,0,0,7,21.900000000000002,98.60000000000001,960,0,0,0,0,22.1,98,3
2018,11,28,2,30,96.55,0.15,4.2,0,0,0,7,21.8,98.31,960,0,0,0,0,22.1,96,2.9000000000000004
2018,11,28,3,30,82.5,0.15,4.3,46,256,80,7,21.900000000000002,93.49,961,61,10,7,62,23,92,3.6
2018,11,28,4,30,68.78,0.15,4.3,89,607,308,7,21.900000000000002,82.03,962,123,14,0,128,25.200000000000003,84,4.800000000000001
2018,11,28,5,30,55.370000000000005,0.15,4.4,106,772,544,8,21.3,67.2,962,216,459,0,477,27.900000000000002,75,5.4
2018,11,28,6,30,42.71,0.15,4.4,113,858,744,0,20.6,56.800000000000004,961,113,858,0,744,30.1,70,5.5
2018,11,28,7,30,31.8,0.15,4.5,117,901,883,7,20.200000000000003,50.53,960,260,584,0,757,31.700000000000003,65,5.300000000000001
2018,11,28,8,30,25.060000000000002,0.15,4.5,120,919,952,7,19.900000000000002,46.7,959,375,361,1,702,32.800000000000004,61,5.2
2018,11,28,9,30,26,0.15,4.5,133,896,938,7,19.700000000000003,44.800000000000004,958,395,282,0,649,33.300000000000004,59,4.9
2018,11,28,10,30,33.980000000000004,0.15,4.5,128,875,854,7,19.400000000000002,43.85,957,376,290,0,616,33.4,58,4.5
2018,11,28,11,30,45.42,0.15,4.5,120,827,700,7,19.1,43.79,957,316,176,0,440,33.1,60,4.1000000000000005
2018,11,28,12,30,58.29,0.15,4.5,136,653,480,7,18.900000000000002,45.25,957,251,255,7,385,32.300000000000004,66,3.6
2018,11,28,13,30,71.8,0.15,4.5,101,464,246,7,19.1,50.050000000000004,957,7,0,0,7,30.700000000000003,73,2.6
2018,11,28,14,30,85.51,0.15,4.5,31,81,37,1,21.3,64.94,958,31,81,0,37,28.5,83,1.7000000000000002
2018,11,28,15,30,99.62,0.15,4.6000000000000005,0,0,0,6,22.1,74.13,959,0,0,0,0,27.1,94,1.9000000000000001
2018,11,28,16,30,113.56,0.15,4.7,0,0,0,6,21.900000000000002,77.04,960,0,0,0,0,26.200000000000003,105,2.4000000000000004
2018,11,28,17,30,127.33,0.15,4.7,0,0,0,7,21.900000000000002,81.24,961,0,0,0,0,25.3,113,2.7
2018,11,28,18,30,140.62,0.15,4.7,0,0,0,6,22.1,86.43,961,0,0,0,0,24.5,116,2.9000000000000004
2018,11,28,19,30,152.66,0.15,4.7,0,0,0,6,22.200000000000003,89.56,961,0,0,0,0,24,112,3
2018,11,28,20,30,160.82,0.15,4.7,0,0,0,6,22.200000000000003,91.67,960,0,0,0,0,23.6,106,3.1
2018,11,28,21,30,159.66,0.15,4.6000000000000005,0,0,0,7,22.1,93.63,960,0,0,0,0,23.200000000000003,101,2.9000000000000004
2018,11,28,22,30,150.26,0.15,4.4,0,0,0,7,22.200000000000003,96.24000000000001,959,0,0,0,0,22.8,98,2.6
2018,11,28,23,30,137.83,0.15,4,0,0,0,7,22.3,98.71000000000001,959,0,0,0,0,22.5,94,2.7
2018,11,29,0,30,124.39,0.15,3.6,0,0,0,8,22.400000000000002,99.78,959,0,0,0,0,22.400000000000002,87,3.2
2018,11,29,1,30,110.58,0.15,3.1,0,0,0,3,22.200000000000003,100,960,0,0,0,0,22.200000000000003,80,3.7
2018,11,29,2,30,96.63,0.15,3,0,0,0,1,21.8,100,960,0,0,0,0,21.8,74,4
2018,11,29,3,30,82.60000000000001,0.15,3,49,249,81,0,21.3,94.14,961,49,249,0,81,22.3,68,4.5
2018,11,29,4,30,68.9,0.15,3,91,619,314,0,20.5,79.47,962,91,619,0,314,24.3,64,5.5
2018,11,29,5,30,55.5,0.15,3,102,805,557,0,18.6,60,962,102,805,0,557,27,61,6.2
2018,11,29,6,30,42.87,0.15,3,102,902,763,0,16.900000000000002,46.7,961,102,902,0,763,29.5,59,6.300000000000001
2018,11,29,7,30,31.98,0.15,3.1,104,944,905,0,15.8,38.38,960,104,944,0,905,31.700000000000003,58,6.1000000000000005
2018,11,29,8,30,25.25,0.15,3.2,105,960,973,0,15,33.230000000000004,959,105,960,0,973,33.4,58,5.800000000000001
2018,11,29,9,30,26.13,0.15,3.4000000000000004,101,960,963,0,14.600000000000001,30.32,958,101,960,0,963,34.5,59,5.6000000000000005
2018,11,29,10,30,34.04,0.15,3.4000000000000004,99,940,878,0,14.3,28.87,957,99,940,0,878,35,61,5.300000000000001
2018,11,29,11,30,45.43,0.15,3.5,94,894,721,0,14,28.53,957,94,894,0,721,34.9,64,5.1000000000000005
2018,11,29,12,30,58.27,0.15,3.6,83,812,510,0,13.8,29.310000000000002,957,83,812,1,510,34.2,67,4.800000000000001
2018,11,29,13,30,71.75,0.15,3.6,66,647,269,0,13.8,32.87,957,66,647,0,269,32.2,69,3.6
2018,11,29,14,30,85.45,0.15,3.6,28,217,45,0,15.700000000000001,44.410000000000004,958,28,217,0,45,29,71,2.2
2018,11,29,15,30,99.54,0.15,3.7,0,0,0,0,17.6,56.660000000000004,958,0,0,0,0,26.900000000000002,73,1.8
2018,11,29,16,30,113.46000000000001,0.15,3.8000000000000003,0,0,0,0,17.6,58.35,959,0,0,0,0,26.400000000000002,81,2
2018,11,29,17,30,127.21000000000001,0.15,3.8000000000000003,0,0,0,0,17.5,59.59,959,0,0,0,0,26,94,2.6
2018,11,29,18,30,140.48,0.15,4,0,0,0,0,17.7,62.6,960,0,0,0,0,25.400000000000002,106,3.3000000000000003
2018,11,29,19,30,152.49,0.15,4,0,0,0,0,18.8,70.49,960,0,0,0,0,24.5,110,3.5
2018,11,29,20,30,160.63,0.15,4,0,0,0,0,20,80.35000000000001,960,0,0,0,0,23.6,108,3.1
2018,11,29,21,30,159.54,0.15,4,0,0,0,0,20.8,87.46000000000001,959,0,0,0,0,23,101,3
2018,11,29,22,30,150.23,0.15,3.8000000000000003,0,0,0,0,21.200000000000003,91.63,959,0,0,0,0,22.6,93,3.1
2018,11,29,23,30,137.84,0.15,3.7,0,0,0,0,21.3,94.38,959,0,0,0,0,22.200000000000003,85,3.2
2018,11,30,0,30,124.44,0.15,3.6,0,0,0,0,21.200000000000003,96.32000000000001,960,0,0,0,0,21.8,80,3
2018,11,30,1,30,110.64,0.15,3.5,0,0,0,0,21,98.14,961,0,0,0,0,21.3,75,2.9000000000000004
2018,11,30,2,30,96.72,0.15,3.5,0,0,0,0,20.700000000000003,97.02,961,0,0,0,0,21.200000000000003,69,3
2018,11,30,3,30,82.69,0.15,3.4000000000000004,47,252,79,0,20.5,90.23,962,47,252,0,79,22.200000000000003,66,3.9000000000000004
2018,11,30,4,30,69.01,0.15,3.4000000000000004,83,644,314,0,20.400000000000002,76.91,962,83,644,0,314,24.700000000000003,64,5.4
2018,11,30,5,30,55.64,0.15,3.4000000000000004,93,819,555,0,19.8,62.86,962,93,819,0,555,27.5,64,6
2018,11,30,6,30,43.03,0.15,3.5,96,904,757,0,19.1,52.2,962,96,904,0,757,30,65,6
2018,11,30,7,30,32.160000000000004,0.15,3.5,97,949,900,0,18.5,44.4,961,97,949,0,900,32.1,67,5.7
2018,11,30,8,30,25.43,0.15,3.6,97,966,969,0,17.8,38.95,960,97,966,0,969,33.7,70,5.300000000000001
2018,11,30,9,30,26.25,0.15,3.7,98,960,959,0,17.1,35.31,959,98,960,0,959,34.7,74,4.9
2018,11,30,10,30,34.09,0.15,3.8000000000000003,97,938,873,2,16.5,33.24,958,458,192,0,618,35.1,78,4.6000000000000005
2018,11,30,11,30,45.43,0.15,3.9000000000000004,92,894,719,2,16.1,32.730000000000004,957,389,133,0,483,34.9,82,4.3
2018,11,30,12,30,58.24,0.15,4,96,772,503,2,15.9,34.04,957,297,121,0,360,34,84,4.1000000000000005
2018,11,30,13,30,71.7,0.15,4.2,77,588,262,0,16.1,38.11,957,77,588,0,262,32.2,87,3.5
2018,11,30,14,30,85.38,0.15,4.4,30,170,44,7,17.400000000000002,47.25,958,38,7,7,39,29.8,89,2.6
2018,11,30,15,30,99.46000000000001,0.15,4.5,0,0,0,3,18.900000000000002,57.5,958,0,0,0,0,28.1,90,2.6
2018,11,30,16,30,113.36,0.15,4.6000000000000005,0,0,0,3,19.200000000000003,61.480000000000004,959,0,0,0,0,27.3,91,3
2018,11,30,17,30,127.09,0.15,4.800000000000001,0,0,0,1,20,68.28,959,0,0,0,0,26.3,92,3.1
2018,11,30,18,30,140.34,0.15,5.1000000000000005,0,0,0,8,20.900000000000002,76.43,960,0,0,0,0,25.3,94,3
2018,11,30,19,30,152.33,0.15,5.4,0,0,0,0,21.6,84.45,959,0,0,0,0,24.400000000000002,99,2.7
2018,11,30,20,30,160.45000000000002,0.15,5.6000000000000005,0,0,0,0,22.3,91.63,959,0,0,0,0,23.700000000000003,104,2.6
2018,11,30,21,30,159.44,0.15,5.7,0,0,0,7,22.700000000000003,96.39,958,0,0,0,0,23.3,106,2.4000000000000004
2018,11,30,22,30,150.20000000000002,0.15,5.6000000000000005,0,0,0,0,23,99.27,958,0,0,0,0,23.1,102,2.4000000000000004
2018,11,30,23,30,137.87,0.15,5.2,0,0,0,0,22.900000000000002,100,958,0,0,0,0,22.900000000000002,96,2.4000000000000004
2018,12,1,0,30,124.49000000000001,0.15,4.9,0,0,0,7,22.6,100,959,0,0,0,0,22.6,88,2.5
2018,12,1,1,30,110.71000000000001,0.15,4.6000000000000005,0,0,0,7,22.3,100,959,0,0,0,0,22.3,82,2.8000000000000003
2018,12,1,2,30,96.8,0.15,4.5,0,0,0,7,22.200000000000003,100,960,0,0,0,0,22.200000000000003,78,2.9000000000000004
2018,12,1,3,30,82.8,0.15,4.5,43,277,78,0,22.3,96.15,961,43,277,0,78,22.900000000000002,74,3.6
2018,12,1,4,30,69.13,0.15,4.5,82,630,306,0,22.200000000000003,85.26,961,82,630,0,306,24.8,71,4.6000000000000005
2018,12,1,5,30,55.77,0.15,4.6000000000000005,96,791,541,0,21.200000000000003,69.5,961,96,791,0,541,27.3,71,5.2
2018,12,1,6,30,43.18,0.15,4.7,104,872,739,0,20.200000000000003,57.49,961,104,872,0,739,29.5,71,5.300000000000001
2018,12,1,7,30,32.33,0.15,4.800000000000001,112,906,877,0,19.700000000000003,50.9,960,112,906,0,877,31.1,72,5.2
2018,12,1,8,30,25.6,0.15,4.800000000000001,121,914,945,0,19.6,47.52,959,121,914,0,945,32.2,72,5
2018,12,1,9,30,26.37,0.15,4.9,125,904,935,2,19.700000000000003,46.59,958,488,166,0,637,32.6,74,4.7
2018,12,1,10,30,34.14,0.15,4.9,122,882,852,8,19.700000000000003,46.53,957,374,71,0,432,32.6,77,4.5
2018,12,1,11,30,45.43,0.15,4.9,113,839,701,8,19.6,47.79,956,262,441,7,572,32,80,4.2
2018,12,1,12,30,58.21,0.15,5,98,758,497,3,19.6,50.45,956,232,16,0,240,31.1,84,3.9000000000000004
2018,12,1,13,30,71.65,0.15,5,73,601,262,3,19.900000000000002,56.39,957,135,6,0,137,29.5,88,3
2018,12,1,14,30,85.31,0.15,5,28,211,46,1,21.3,68.86,957,28,211,0,46,27.5,92,2
2018,12,1,15,30,99.37,0.15,5.1000000000000005,0,0,0,5,22.3,79.78,958,0,0,0,0,26.1,95,1.6
2018,12,1,16,30,113.26,0.15,5.1000000000000005,0,0,0,4,22.5,83.88,959,0,0,0,0,25.400000000000002,98,1.6
2018,12,1,17,30,126.97,0.15,5.1000000000000005,0,0,0,7,22.6,86.89,959,0,0,0,0,24.900000000000002,105,1.8
2018,12,1,18,30,140.20000000000002,0.15,5.2,0,0,0,1,22.6,89.17,960,0,0,0,0,24.5,112,2.1
2018,12,1,19,30,152.16,0.15,5.2,0,0,0,1,22.6,92,960,0,0,0,0,24,116,2.4000000000000004
2018,12,1,20,30,160.28,0.15,5.1000000000000005,0,0,0,1,22.700000000000003,95.26,959,0,0,0,0,23.5,116,2.4000000000000004
2018,12,1,21,30,159.33,0.15,5,0,0,0,0,22.8,98.61,959,0,0,0,0,23,112,2.2
2018,12,1,22,30,150.18,0.15,4.9,0,0,0,1,22.700000000000003,100,958,0,0,0,0,22.700000000000003,106,2.1
2018,12,1,23,30,137.89000000000001,0.15,4.800000000000001,0,0,0,7,22.400000000000002,100,957,0,0,0,0,22.400000000000002,99,2.1
2018,12,2,0,30,124.54,0.15,4.7,0,0,0,1,22.3,100,958,0,0,0,0,22.3,94,2.4000000000000004
2018,12,2,1,30,110.79,0.15,4.6000000000000005,0,0,0,3,22.200000000000003,100,958,0,0,0,0,22.200000000000003,90,2.7
2018,12,2,2,30,96.89,0.15,4.6000000000000005,0,0,0,3,22.3,100,959,0,0,0,0,22.3,88,3.1
2018,12,2,3,30,82.9,0.15,4.6000000000000005,47,219,74,3,22.400000000000002,95.44,960,18,0,7,18,23.200000000000003,87,3.8000000000000003
2018,12,2,4,30,69.25,0.15,4.6000000000000005,94,576,298,3,22.400000000000002,85.07000000000001,960,60,0,0,60,25.1,85,4.800000000000001
2018,12,2,5,30,55.910000000000004,0.15,4.7,113,748,532,4,21.8,71,960,202,1,0,202,27.5,83,5.2
2018,12,2,6,30,43.33,0.15,4.7,123,835,730,4,21.200000000000003,61.46,960,225,1,0,226,29.400000000000002,82,5.1000000000000005
2018,12,2,7,30,32.5,0.15,4.7,131,876,870,8,20.8,55.01,959,391,246,0,598,30.900000000000002,81,4.800000000000001
2018,12,2,8,30,25.77,0.15,4.800000000000001,138,888,938,7,20.5,50.99,958,347,421,0,727,31.900000000000002,82,4.5
2018,12,2,9,30,26.48,0.15,4.800000000000001,155,859,924,7,20.3,48.79,957,329,494,0,771,32.4,84,4.2
2018,12,2,10,30,34.18,0.15,4.9,157,825,840,7,20,48.03,956,286,550,7,741,32.4,86,3.9000000000000004
2018,12,2,11,30,45.42,0.15,4.9,151,764,688,7,19.700000000000003,48.5,955,46,0,0,46,31.900000000000002,87,3.5
2018,12,2,12,30,58.17,0.15,4.9,145,633,479,7,19.5,50.03,955,261,104,0,316,31.1,90,3.2
2018,12,2,13,30,71.59,0.15,4.9,102,466,249,7,19.6,54.58,956,158,193,0,219,29.700000000000003,94,2.3000000000000003
2018,12,2,14,30,85.24,0.15,4.9,33,100,41,7,21.200000000000003,67.19,956,24,0,7,24,27.8,102,1.4000000000000001
2018,12,2,15,30,99.28,0.15,4.9,0,0,0,7,22.3,77.55,957,0,0,0,0,26.5,113,1.3
2018,12,2,16,30,113.15,0.15,4.9,0,0,0,7,21.900000000000002,78.78,958,0,0,0,0,25.900000000000002,124,1.6
2018,12,2,17,30,126.85000000000001,0.15,4.9,0,0,0,7,21.6,79.62,958,0,0,0,0,25.400000000000002,132,2.1
2018,12,2,18,30,140.06,0.15,5,0,0,0,7,21.5,81.88,958,0,0,0,0,24.8,136,2.6
2018,12,2,19,30,152,0.15,5,0,0,0,7,21.700000000000003,86.36,959,0,0,0,0,24.1,137,2.7
2018,12,2,20,30,160.11,0.15,5,0,0,0,7,22,91.21000000000001,958,0,0,0,0,23.5,135,2.4000000000000004
2018,12,2,21,30,159.24,0.15,4.9,0,0,0,6,22.3,95.08,958,0,0,0,0,23.1,131,2.2
2018,12,2,22,30,150.17000000000002,0.15,4.9,0,0,0,7,22.400000000000002,97.77,957,0,0,0,0,22.8,126,2.1
2018,12,2,23,30,137.92000000000002,0.15,4.800000000000001,0,0,0,7,22.5,98.67,957,0,0,0,0,22.700000000000003,119,2.1
2018,12,3,0,30,124.60000000000001,0.15,4.800000000000001,0,0,0,7,22.5,99.34,958,0,0,0,0,22.6,113,2.2
2018,12,3,1,30,110.86,0.15,4.7,0,0,0,8,22.400000000000002,99.55,958,0,0,0,0,22.5,107,2.3000000000000003
2018,12,3,2,30,96.98,0.15,4.7,0,0,0,0,22.3,98.99000000000001,958,0,0,0,0,22.5,100,2.6
2018,12,3,3,30,83,0.15,4.6000000000000005,53,95,64,1,22.3,94.61,959,53,95,0,64,23.200000000000003,95,3.3000000000000003
2018,12,3,4,30,69.37,0.15,4.6000000000000005,133,417,279,3,21.900000000000002,84.08,960,78,0,0,78,24.8,89,4
2018,12,3,5,30,56.04,0.15,4.6000000000000005,166,612,509,3,21.1,70.71000000000001,960,276,30,0,292,26.900000000000002,83,4.4
2018,12,3,6,30,43.480000000000004,0.15,4.6000000000000005,173,740,710,3,20.5,60.07,960,424,136,0,523,29,78,4.5
2018,12,3,7,30,32.67,0.15,4.6000000000000005,177,802,852,3,20.1,52.980000000000004,959,432,66,0,487,30.8,74,4.5
2018,12,3,8,30,25.93,0.15,4.6000000000000005,176,833,925,0,19.900000000000002,48.57,958,176,833,0,925,32.1,71,4.3
2018,12,3,9,30,26.59,0.15,4.6000000000000005,174,834,920,3,19.6,45.61,956,488,135,0,609,32.9,69,4.2
2018,12,3,10,30,34.21,0.15,4.5,166,814,839,7,19.200000000000003,43.54,955,287,573,7,761,33.300000000000004,68,4
2018,12,3,11,30,45.410000000000004,0.15,4.5,153,763,688,2,18.7,42.47,954,366,71,0,416,33.2,70,3.7
2018,12,3,12,30,58.13,0.15,4.4,125,690,489,1,18.2,42.44,954,125,690,0,489,32.6,73,3.4000000000000004
2018,12,3,13,30,71.53,0.15,4.3,95,506,256,0,17.8,44.99,955,95,506,0,256,31.1,76,2.4000000000000004
2018,12,3,14,30,85.17,0.15,4.1000000000000005,33,121,43,0,20,59.46,955,33,121,0,43,28.700000000000003,82,1.3
2018,12,3,15,30,99.19,0.15,4,0,0,0,0,21.3,70.54,956,0,0,0,0,27.1,86,1.2000000000000002
2018,12,3,16,30,113.05,0.15,3.9000000000000004,0,0,0,0,20.6,71.85000000000001,957,0,0,0,0,26.1,86,1.3
2018,12,3,17,30,126.73,0.15,3.8000000000000003,0,0,0,0,19.900000000000002,72.58,957,0,0,0,0,25.200000000000003,90,1.5
2018,12,3,18,30,139.92000000000002,0.15,3.7,0,0,0,0,19.400000000000002,73.82000000000001,958,0,0,0,0,24.400000000000002,98,1.7000000000000002
2018,12,3,19,30,151.84,0.15,3.6,0,0,0,0,19.200000000000003,76.27,957,0,0,0,0,23.6,108,2.1
2018,12,3,20,30,159.94,0.15,3.6,0,0,0,0,19.3,80.4,957,0,0,0,0,22.900000000000002,114,2.4000000000000004
2018,12,3,21,30,159.15,0.15,3.6,0,0,0,0,19.900000000000002,86.25,957,0,0,0,0,22.3,116,2.5
2018,12,3,22,30,150.16,0.15,3.6,0,0,0,0,20.5,92.54,957,0,0,0,0,21.8,114,2.4000000000000004
2018,12,3,23,30,137.96,0.15,3.6,0,0,0,0,21,97.12,957,0,0,0,0,21.5,111,2.3000000000000003
2018,12,4,0,30,124.66,0.15,3.7,0,0,0,0,21.3,99.48,958,0,0,0,0,21.400000000000002,106,2.4000000000000004
2018,12,4,1,30,110.94,0.15,3.7,0,0,0,0,21.400000000000002,100,958,0,0,0,0,21.400000000000002,98,2.5
2018,12,4,2,30,97.08,0.15,3.7,0,0,0,0,21.400000000000002,99.4,959,0,0,0,0,21.5,90,2.8000000000000003
2018,12,4,3,30,83.11,0.15,3.8000000000000003,51,118,65,0,21.400000000000002,92.84,960,51,118,0,65,22.6,81,3.7
2018,12,4,4,30,69.48,0.15,3.8000000000000003,124,458,285,3,21,79.28,961,204,57,0,224,24.8,75,4.7
2018,12,4,5,30,56.17,0.15,3.9000000000000004,150,657,516,0,20.1,64.99,961,150,657,0,516,27.3,70,5
2018,12,4,6,30,43.63,0.15,3.9000000000000004,143,802,724,0,19.3,53.77,961,143,802,0,724,29.700000000000003,66,4.9
2018,12,4,7,30,32.84,0.15,3.9000000000000004,148,857,867,0,18.7,45.980000000000004,960,148,857,0,867,31.700000000000003,64,4.7
2018,12,4,8,30,26.09,0.15,3.9000000000000004,145,887,941,0,18.1,40.69,958,145,887,0,941,33.2,61,4.4
2018,12,4,9,30,26.68,0.15,3.9000000000000004,150,876,933,1,17.5,37.1,957,150,876,0,933,34.2,61,4.1000000000000005
2018,12,4,10,30,34.24,0.15,3.8000000000000003,138,867,856,2,16.900000000000002,34.81,956,461,136,0,573,34.7,62,3.9000000000000004
2018,12,4,11,30,45.4,0.15,3.8000000000000003,124,830,707,0,16.400000000000002,33.85,956,124,830,0,707,34.6,64,3.7
2018,12,4,12,30,58.09,0.15,3.7,105,753,503,0,15.9,34.1,955,105,753,0,503,33.9,66,3.5
2018,12,4,13,30,71.47,0.15,3.7,79,592,267,1,15.700000000000001,37.63,956,79,592,1,267,31.900000000000002,67,2.6
2018,12,4,14,30,85.09,0.15,3.6,31,203,48,0,18.3,53.07,957,31,203,0,48,28.8,68,1.7000000000000002
2018,12,4,15,30,99.09,0.15,3.6,0,0,0,0,19.400000000000002,63.78,958,0,0,0,0,26.8,67,1.6
2018,12,4,16,30,112.94,0.15,3.6,0,0,0,0,18.6,63.86,958,0,0,0,0,26,67,1.8
2018,12,4,17,30,126.61,0.15,3.5,0,0,0,0,18.1,64.95,959,0,0,0,0,25.200000000000003,71,2
2018,12,4,18,30,139.78,0.15,3.5,0,0,0,0,17.900000000000002,66.84,959,0,0,0,0,24.5,80,2.1
2018,12,4,19,30,151.68,0.15,3.6,0,0,0,0,18.1,70.26,959,0,0,0,0,23.8,91,2.4000000000000004
2018,12,4,20,30,159.79,0.15,3.6,0,0,0,0,18.7,75.95,959,0,0,0,0,23.200000000000003,98,2.6
2018,12,4,21,30,159.07,0.15,3.6,0,0,0,0,19.900000000000002,84.01,959,0,0,0,0,22.700000000000003,100,2.6
2018,12,4,22,30,150.16,0.15,3.6,0,0,0,0,21,91.53,958,0,0,0,0,22.400000000000002,97,2.5
2018,12,4,23,30,138,0.15,3.6,0,0,0,0,21.700000000000003,96.44,958,0,0,0,0,22.3,91,2.5
2018,12,5,0,30,124.72,0.16,3.6,0,0,0,0,22.1,98.01,959,0,0,0,0,22.400000000000002,86,2.6
2018,12,5,1,30,111.02,0.16,3.7,0,0,0,0,22.200000000000003,98.64,959,0,0,0,0,22.400000000000002,83,2.6
2018,12,5,2,30,97.17,0.16,3.8000000000000003,0,0,0,0,22.200000000000003,98.08,960,0,0,0,0,22.5,80,2.8000000000000003
2018,12,5,3,30,83.21000000000001,0.16,3.9000000000000004,45,206,70,0,22.200000000000003,92.17,961,45,206,0,70,23.5,78,3.6
2018,12,5,4,30,69.60000000000001,0.16,4.1000000000000005,92,584,295,0,21.900000000000002,80.14,961,92,584,0,295,25.6,75,4.6000000000000005
2018,12,5,5,30,56.31,0.16,4.3,106,765,531,0,21.400000000000002,67.94,961,106,765,0,531,27.900000000000002,73,4.9
2018,12,5,6,30,43.78,0.16,4.4,113,856,731,0,20.8,58.31,961,113,856,0,731,29.900000000000002,71,4.800000000000001
2018,12,5,7,30,33,0.16,4.5,118,900,873,0,20.3,52.13,960,118,900,0,873,31.3,68,4.6000000000000005
2018,12,5,8,30,26.240000000000002,0.16,4.6000000000000005,122,915,943,0,20,49.24,959,122,915,0,943,32,67,4.4
2018,12,5,9,30,26.78,0.16,4.6000000000000005,112,929,942,0,19.900000000000002,48.76,958,112,929,0,942,32,68,4.2
2018,12,5,10,30,34.27,0.16,4.7,112,904,859,0,19.700000000000003,49.61,957,112,904,0,859,31.5,70,4
2018,12,5,11,30,45.38,0.16,4.7,108,854,708,1,19.6,51.89,957,108,854,0,708,30.6,73,3.6
2018,12,5,12,30,58.04,0.16,4.7,103,751,501,8,19.6,54.69,957,220,367,7,415,29.700000000000003,78,3.1
2018,12,5,13,30,71.4,0.16,4.7,79,588,266,0,20,60.31,958,79,588,0,266,28.400000000000002,86,2.1
2018,12,5,14,30,85.01,0.16,4.7,31,206,49,7,21.3,71.58,958,41,7,7,42,26.900000000000002,96,1.5
2018,12,5,15,30,99,0.16,4.7,0,0,0,7,21.700000000000003,77.13,959,0,0,0,0,26,104,1.5
2018,12,5,16,30,112.83,0.16,4.800000000000001,0,0,0,0,21.5,78.48,959,0,0,0,0,25.5,110,1.7000000000000002
2018,12,5,17,30,126.48,0.16,4.800000000000001,0,0,0,1,21.3,80.13,960,0,0,0,0,25,114,1.8
2018,12,5,18,30,139.65,0.16,4.9,0,0,0,7,21.3,81.8,960,0,0,0,0,24.6,116,2
2018,12,5,19,30,151.52,0.16,4.9,0,0,0,0,21.3,84.33,959,0,0,0,0,24.1,119,2
2018,12,5,20,30,159.64000000000001,0.16,4.9,0,0,0,1,21.400000000000002,86.98,959,0,0,0,0,23.700000000000003,122,2
2018,12,5,21,30,158.99,0.16,4.9,0,0,0,7,21.6,90.21000000000001,958,0,0,0,0,23.3,126,1.9000000000000001
2018,12,5,22,30,150.16,0.16,4.9,0,0,0,7,21.900000000000002,94.35000000000001,958,0,0,0,0,22.900000000000002,129,1.7000000000000002
2018,12,5,23,30,138.04,0.16,4.9,0,0,0,7,22.3,97.34,958,0,0,0,0,22.700000000000003,128,1.7000000000000002
2018,12,6,0,30,124.79,0.16,4.9,0,0,0,7,22.400000000000002,99.02,958,0,0,0,0,22.6,124,1.8
2018,12,6,1,30,111.11,0.16,4.9,0,0,0,7,22.6,99.86,959,0,0,0,0,22.6,120,1.9000000000000001
2018,12,6,2,30,97.27,0.16,4.9,0,0,0,8,22.6,100,960,0,0,0,0,22.6,116,2.1
2018,12,6,3,30,83.32000000000001,0.16,4.800000000000001,45,197,68,3,22.700000000000003,98.45,961,51,1,7,51,23,112,2.6
2018,12,6,4,30,69.73,0.16,4.800000000000001,95,560,289,3,22.8,94.03,961,140,5,0,142,23.8,107,3.6
2018,12,6,5,30,56.44,0.16,4.800000000000001,115,738,523,1,22.3,84.33,962,115,738,0,523,25.1,102,4.3
2018,12,6,6,30,43.93,0.16,4.800000000000001,132,815,719,0,21.400000000000002,72.56,961,132,815,0,719,26.700000000000003,100,4.3
2018,12,6,7,30,33.15,0.16,4.800000000000001,139,862,861,1,20.6,63.4,961,139,862,0,861,28.200000000000003,100,3.9000000000000004
2018,12,6,8,30,26.38,0.16,4.7,142,884,934,0,20,57.99,960,142,884,0,934,29.1,100,3.5
2018,12,6,9,30,26.86,0.16,4.7,130,900,934,0,19.700000000000003,55.19,959,130,900,0,934,29.6,98,3.2
2018,12,6,10,30,34.29,0.16,4.6000000000000005,127,879,854,7,19.5,54.17,958,364,331,0,638,29.700000000000003,98,2.9000000000000004
2018,12,6,11,30,45.35,0.16,4.6000000000000005,119,834,705,6,19.3,54.660000000000004,958,298,271,0,489,29.400000000000002,101,2.7
2018,12,6,12,30,57.99,0.16,4.6000000000000005,104,752,502,6,19.3,56.71,958,239,169,0,329,28.700000000000003,108,2.7
2018,12,6,13,30,71.33,0.16,4.6000000000000005,81,578,266,6,19.5,61.910000000000004,958,65,1,0,66,27.400000000000002,119,2.5
2018,12,6,14,30,84.92,0.16,4.6000000000000005,33,178,49,1,20.3,71.2,959,33,178,0,49,25.900000000000002,129,2.3000000000000003
2018,12,6,15,30,98.9,0.16,4.6000000000000005,0,0,0,0,20.8,78.73,960,0,0,0,0,24.700000000000003,133,2.7
2018,12,6,16,30,112.72,0.16,4.5,0,0,0,7,20.900000000000002,83.13,961,0,0,0,0,23.900000000000002,131,2.8000000000000003
2018,12,6,17,30,126.36,0.16,4.5,0,0,0,7,21,87.67,961,0,0,0,0,23.200000000000003,127,2.5
2018,12,6,18,30,139.51,0.16,4.4,0,0,0,7,21.1,90.73,961,0,0,0,0,22.700000000000003,122,2.1
2018,12,6,19,30,151.37,0.16,4.4,0,0,0,7,21.1,93,961,0,0,0,0,22.3,117,1.7000000000000002
2018,12,6,20,30,159.49,0.16,4.3,0,0,0,7,21,94.32000000000001,960,0,0,0,0,22,111,1.4000000000000001
2018,12,6,21,30,158.92000000000002,0.16,4.3,0,0,0,1,20.900000000000002,95.13,959,0,0,0,0,21.700000000000003,105,1.3
2018,12,6,22,30,150.16,0.16,4.2,0,0,0,0,20.6,94.58,958,0,0,0,0,21.5,99,1.2000000000000002
2018,12,6,23,30,138.09,0.16,4.2,0,0,0,0,20.200000000000003,94.17,958,0,0,0,0,21.200000000000003,94,1.1
2018,12,7,0,30,124.86,0.16,4.1000000000000005,0,0,0,0,19.8,92.74,958,0,0,0,0,21,88,1.1
2018,12,7,1,30,111.19,0.16,4.1000000000000005,0,0,0,3,19.400000000000002,91.65,959,0,0,0,0,20.8,82,1.1
2018,12,7,2,30,97.37,0.16,4.1000000000000005,0,0,0,0,19.1,89.13,959,0,0,0,0,21,76,1.3
2018,12,7,3,30,83.43,0.16,4,39,276,71,0,19,80.60000000000001,960,39,276,0,71,22.5,73,2
2018,12,7,4,30,69.85000000000001,0.16,3.9000000000000004,83,620,296,0,18.7,65.5,960,83,620,0,296,25.700000000000003,79,2.8000000000000003
2018,12,7,5,30,56.57,0.16,3.8000000000000003,107,769,530,0,18.8,53.800000000000004,960,107,769,0,530,29.1,84,3.2
2018,12,7,6,30,44.07,0.16,3.7,121,847,730,0,18.6,45.79,960,121,847,0,730,31.700000000000003,80,3.3000000000000003
2018,12,7,7,30,33.3,0.16,3.5,130,891,875,0,18.5,40.84,959,130,891,0,875,33.6,74,3.5
2018,12,7,8,30,26.52,0.16,3.5,133,912,948,0,18.2,37.22,958,133,912,0,948,34.9,69,3.5
2018,12,7,9,30,26.94,0.16,3.4000000000000004,108,952,957,0,17.6,34.45,957,108,952,0,957,35.7,67,3.5
2018,12,7,10,30,34.300000000000004,0.16,3.4000000000000004,105,933,876,0,17.1,32.7,956,105,933,0,876,36,66,3.3000000000000003
2018,12,7,11,30,45.32,0.16,3.4000000000000004,98,893,726,0,16.5,32.07,955,98,893,0,726,35.7,67,3.2
2018,12,7,12,30,57.93,0.16,3.4000000000000004,93,799,517,0,16.1,32.88,955,93,799,0,517,34.800000000000004,69,3
2018,12,7,13,30,71.26,0.16,3.4000000000000004,72,643,278,0,16,36.43,955,72,643,0,278,32.800000000000004,73,2.2
2018,12,7,14,30,84.84,0.16,3.4000000000000004,31,258,54,0,19.6,54.07,956,31,258,0,54,29.900000000000002,79,1.3
2018,12,7,15,30,98.8,0.16,3.5,0,0,0,0,20.900000000000002,64.72,956,0,0,0,0,28.200000000000003,91,1.3
2018,12,7,16,30,112.61,0.16,3.5,0,0,0,0,20.200000000000003,64.18,957,0,0,0,0,27.6,109,1.9000000000000001
2018,12,7,17,30,126.24000000000001,0.16,3.7,0,0,0,0,19.5,63.870000000000005,958,0,0,0,0,26.900000000000002,123,3.1
2018,12,7,18,30,139.37,0.16,3.9000000000000004,0,0,0,0,19.8,69.22,959,0,0,0,0,25.900000000000002,128,3.7
2018,12,7,19,30,151.22,0.16,4,0,0,0,0,20.8,78.65,959,0,0,0,0,24.8,127,3.3000000000000003
2018,12,7,20,30,159.35,0.16,4,0,0,0,0,21.6,86.92,959,0,0,0,0,23.900000000000002,122,2.6
2018,12,7,21,30,158.86,0.16,3.9000000000000004,0,0,0,0,22,92.74,958,0,0,0,0,23.200000000000003,116,2.1
2018,12,7,22,30,150.18,0.16,3.9000000000000004,0,0,0,0,22.1,95.81,958,0,0,0,0,22.8,109,1.9000000000000001
2018,12,7,23,30,138.14000000000001,0.16,3.8000000000000003,0,0,0,0,22.1,97.45,958,0,0,0,0,22.5,100,2
2018,12,8,0,30,124.93,0.16,3.6,0,0,0,0,22,98.28,958,0,0,1,0,22.3,93,2.3000000000000003
2018,12,8,1,30,111.28,0.16,3.5,0,0,0,0,22,98.96000000000001,959,0,0,0,0,22.200000000000003,88,2.4000000000000004
2018,12,8,2,30,97.47,0.16,3.3000000000000003,0,0,0,0,22,98.81,959,0,0,0,0,22.200000000000003,84,2.7
2018,12,8,3,30,83.54,0.16,3.2,37,307,72,0,22,92.16,960,37,307,0,72,23.3,82,3.5
2018,12,8,4,30,69.97,0.16,3.3000000000000003,74,667,303,1,21.5,78.01,960,74,667,0,303,25.6,80,4.2
2018,12,8,5,30,56.71,0.16,3.3000000000000003,93,815,540,3,20.700000000000003,63.33,961,133,0,0,133,28.3,77,4.5
2018,12,8,6,30,44.22,0.16,3.5,101,892,740,3,19.6,50.86,960,113,0,0,113,31,73,4.7
2018,12,8,7,30,33.45,0.16,3.5,108,929,883,1,18.8,42.97,960,108,929,0,883,33,69,4.6000000000000005
2018,12,8,8,30,26.650000000000002,0.16,3.6,113,941,955,1,18,37.94,958,113,941,0,955,34.4,65,4.5
2018,12,8,9,30,27.01,0.16,3.6,111,944,952,3,17.5,35.07,957,406,8,0,413,35.2,61,4.3
2018,12,8,10,30,34.31,0.16,3.7,110,919,869,2,17,33.43,956,458,153,0,584,35.5,59,4.1000000000000005
2018,12,8,11,30,45.29,0.16,3.7,105,875,720,0,16.5,32.89,956,105,875,0,720,35.2,57,3.8000000000000003
2018,12,8,12,30,57.870000000000005,0.16,3.7,95,790,515,3,16,33.21,956,273,42,0,296,34.5,57,3.5
2018,12,8,13,30,71.18,0.16,3.7,75,625,276,3,15.700000000000001,36.480000000000004,956,112,2,0,113,32.5,60,2.5
2018,12,8,14,30,84.75,0.16,3.7,32,233,54,3,18.8,51.74,957,40,1,7,40,29.8,65,1.4000000000000001
2018,12,8,15,30,98.7,0.16,3.8000000000000003,0,0,0,7,20.400000000000002,62.78,958,0,0,0,0,28.200000000000003,74,1.2000000000000002
2018,12,8,16,30,112.5,0.16,3.8000000000000003,0,0,0,0,20.1,64.09,959,0,0,0,0,27.5,87,1.4000000000000001
2018,12,8,17,30,126.12,0.16,3.9000000000000004,0,0,0,0,19.700000000000003,64.33,960,0,0,0,0,27,105,1.8
2018,12,8,18,30,139.24,0.16,4.1000000000000005,0,0,0,0,19.200000000000003,64.82000000000001,960,0,0,0,0,26.400000000000002,119,2.7
2018,12,8,19,30,151.08,0.16,4.3,0,0,0,0,19.700000000000003,69.72,960,0,0,0,0,25.6,125,3.4000000000000004
2018,12,8,20,30,159.22,0.16,4.4,0,0,0,8,20.8,78.51,960,0,0,0,0,24.8,125,3.4000000000000004
2018,12,8,21,30,158.81,0.16,4.5,0,0,0,0,21.8,86.45,960,0,0,0,0,24.200000000000003,122,3.2
2018,12,8,22,30,150.19,0.16,4.5,0,0,0,0,22.400000000000002,91.75,959,0,0,0,0,23.8,117,3
2018,12,8,23,30,138.19,0.16,4.5,0,0,0,1,22.700000000000003,94.52,959,0,0,0,0,23.6,111,3
2018,12,9,0,30,125.01,0.16,4.5,0,0,0,1,22.8,95.60000000000001,959,0,0,0,0,23.5,104,3
2018,12,9,1,30,111.37,0.16,4.5,0,0,0,1,22.700000000000003,96.58,960,0,0,0,0,23.3,96,3.2
2018,12,9,2,30,97.57000000000001,0.16,4.6000000000000005,0,0,0,1,22.6,95.72,960,0,0,0,0,23.3,88,3.4000000000000004
2018,12,9,3,30,83.65,0.16,4.6000000000000005,43,178,63,3,22.400000000000002,90.85000000000001,961,48,1,7,48,24,82,4
2018,12,9,4,30,70.09,0.16,4.7,96,544,281,0,21.8,79.55,962,96,544,0,281,25.6,76,4.7
2018,12,9,5,30,56.84,0.16,4.7,121,717,513,0,20.8,66.68,962,121,717,0,513,27.6,71,4.9
2018,12,9,6,30,44.36,0.16,4.7,136,805,712,0,19.900000000000002,56.83,962,136,805,0,712,29.400000000000002,67,4.9
2018,12,9,7,30,33.6,0.16,4.7,146,849,854,0,19.3,49.77,961,146,849,0,854,31,63,4.7
2018,12,9,8,30,26.77,0.16,4.7,152,867,926,7,18.8,45.44,960,389,366,0,716,32.1,60,4.6000000000000005
2018,12,9,9,30,27.07,0.16,4.7,126,908,934,7,18.400000000000002,42.550000000000004,959,399,307,0,672,32.800000000000004,58,4.4
2018,12,9,10,30,34.31,0.16,4.6000000000000005,115,901,859,1,17.900000000000002,40.31,958,115,901,0,859,33.2,56,4.3
2018,12,9,11,30,45.25,0.16,4.6000000000000005,101,872,714,8,17.3,39.050000000000004,957,231,537,7,609,33.1,55,4
2018,12,9,12,30,57.81,0.16,4.5,113,727,500,7,16.8,38.660000000000004,957,218,400,7,431,32.7,56,3.5
2018,12,9,13,30,71.10000000000001,0.16,4.5,83,577,270,0,16.5,41.300000000000004,957,83,577,0,270,31.200000000000003,59,2.4000000000000004
2018,12,9,14,30,84.66,0.16,4.4,33,217,53,0,18.900000000000002,55.14,958,33,217,0,53,28.8,68,1.4000000000000001
2018,12,9,15,30,98.60000000000001,0.16,4.4,0,0,0,0,20.400000000000002,66.62,959,0,0,0,0,27.1,79,1.2000000000000002
2018,12,9,16,30,112.38,0.16,4.3,0,0,0,0,19.900000000000002,67.1,960,0,0,0,0,26.5,86,1.3
2018,12,9,17,30,125.99000000000001,0.16,4.3,0,0,0,7,19.400000000000002,68.41,960,0,0,0,0,25.700000000000003,94,1.4000000000000001
2018,12,9,18,30,139.11,0.16,4.2,0,0,0,1,19.1,69.59,960,0,0,0,0,25,102,1.8
2018,12,9,19,30,150.94,0.16,4.3,0,0,0,7,18.8,71.21000000000001,960,0,0,0,0,24.3,110,2.3000000000000003
2018,12,9,20,30,159.09,0.16,4.3,0,0,0,7,19,75,960,0,0,0,0,23.700000000000003,113,2.8000000000000003
2018,12,9,21,30,158.76,0.16,4.3,0,0,0,7,19.900000000000002,82.13,959,0,0,0,0,23.1,113,2.9000000000000004
2018,12,9,22,30,150.21,0.16,4.3,0,0,0,8,20.900000000000002,89.37,959,0,0,0,0,22.700000000000003,111,2.6
2018,12,9,23,30,138.25,0.16,4.3,0,0,0,7,21.5,95.45,959,0,0,0,0,22.3,108,2.3000000000000003
2018,12,10,0,30,125.09,0.16,4.2,0,0,0,4,21.8,98.44,959,0,0,0,0,22.1,103,2.2
2018,12,10,1,30,111.46000000000001,0.16,4.2,0,0,0,4,21.900000000000002,100,960,0,0,0,0,21.900000000000002,97,2.2
2018,12,10,2,30,97.67,0.16,4.1000000000000005,0,0,0,5,21.900000000000002,99.21000000000001,961,0,0,0,0,22,89,2.5
2018,12,10,3,30,83.76,0.16,4.1000000000000005,44,158,61,0,21.700000000000003,92,961,44,158,0,61,23.1,82,3.4000000000000004
2018,12,10,4,30,70.21000000000001,0.16,4.2,97,543,281,1,21.200000000000003,78.03,962,97,543,0,281,25.3,77,4.4
2018,12,10,5,30,56.97,0.16,4.2,117,733,516,0,20.200000000000003,63.04,962,117,733,0,516,27.900000000000002,74,4.7
2018,12,10,6,30,44.49,0.16,4.2,130,821,716,0,19.1,51.050000000000004,962,130,821,0,716,30.400000000000002,72,4.7
2018,12,10,7,30,33.74,0.16,4.3,138,866,858,0,18.3,43.1,961,138,866,0,858,32.4,72,4.5
2018,12,10,8,30,26.89,0.16,4.3,141,887,932,0,17.6,38.11,960,141,887,0,932,33.800000000000004,72,4.2
2018,12,10,9,30,27.13,0.16,4.3,142,887,931,0,16.900000000000002,35.17,959,142,887,0,931,34.5,73,4
2018,12,10,10,30,34.300000000000004,0.16,4.3,140,862,852,1,16.3,33.55,958,140,862,0,852,34.7,73,3.8000000000000003
2018,12,10,11,30,45.21,0.16,4.4,131,814,704,7,16,34.07,958,229,622,7,667,34,75,3.7
2018,12,10,12,30,57.74,0.16,4.4,114,730,503,0,15.8,35.72,958,114,730,0,503,33,78,3.5
2018,12,10,13,30,71.02,0.16,4.4,88,560,270,0,15.9,39.43,958,88,560,0,270,31.3,82,2.6
2018,12,10,14,30,84.56,0.16,4.4,36,177,53,0,17.7,50.24,959,36,177,0,53,29.1,89,1.7000000000000002
2018,12,10,15,30,98.49000000000001,0.16,4.4,0,0,0,0,19.1,59.85,960,0,0,0,0,27.6,98,1.6
2018,12,10,16,30,112.27,0.16,4.4,0,0,0,0,18.7,61.370000000000005,961,0,0,0,0,26.8,106,1.8
2018,12,10,17,30,125.87,0.16,4.4,0,0,0,7,18.6,62.84,961,0,0,0,0,26.200000000000003,114,2.1
2018,12,10,18,30,138.97,0.16,4.4,0,0,0,8,18.6,65.68,961,0,0,0,0,25.5,121,2.4000000000000004
2018,12,10,19,30,150.8,0.16,4.5,0,0,0,7,19.1,70.14,961,0,0,0,0,24.900000000000002,125,2.6
2018,12,10,20,30,158.97,0.16,4.5,0,0,0,7,19.900000000000002,76.55,961,0,0,0,0,24.3,126,2.5
2018,12,10,21,30,158.71,0.16,4.5,0,0,0,7,20.700000000000003,83.05,960,0,0,0,0,23.8,125,2.4000000000000004
2018,12,10,22,30,150.24,0.16,4.5,0,0,0,7,21.400000000000002,88.76,960,0,0,0,0,23.400000000000002,122,2.4000000000000004
2018,12,10,23,30,138.31,0.16,4.4,0,0,0,1,21.900000000000002,92.47,960,0,0,0,0,23.200000000000003,118,2.4000000000000004
2018,12,11,0,30,125.17,0.16,4.4,0,0,0,0,22.200000000000003,95.21000000000001,960,0,0,0,0,23,114,2.5
2018,12,11,1,30,111.56,0.16,4.3,0,0,0,3,22.3,96.43,960,0,0,0,0,22.900000000000002,109,2.6
2018,12,11,2,30,97.78,0.16,4.2,0,0,0,3,22.3,97.3,961,0,0,0,0,22.8,106,2.7
2018,12,11,3,30,83.87,0.16,4.1000000000000005,41,204,63,8,22.400000000000002,94.71000000000001,962,44,4,7,45,23.3,102,3.2
2018,12,11,4,30,70.33,0.16,4,90,577,285,3,22.200000000000003,87.49,962,132,5,0,134,24.400000000000002,98,3.8000000000000003
2018,12,11,5,30,57.09,0.16,4,117,736,517,3,21.400000000000002,74.88,963,249,18,0,259,26.200000000000003,94,4.1000000000000005
2018,12,11,6,30,44.63,0.16,3.9000000000000004,135,818,717,0,20.400000000000002,62.84,962,135,818,0,717,28.200000000000003,89,4.1000000000000005
2018,12,11,7,30,33.87,0.16,3.9000000000000004,147,860,861,7,19.6,53.19,962,346,394,0,673,30.200000000000003,86,3.8000000000000003
2018,12,11,8,30,27,0.16,4,152,875,932,7,18.8,46.14,961,379,393,0,729,31.8,84,3.4000000000000004
2018,12,11,9,30,27.18,0.16,4,120,925,943,7,18,41.54,960,358,393,0,708,32.800000000000004,84,2.9000000000000004
2018,12,11,10,30,34.29,0.16,4.1000000000000005,113,910,865,8,17.3,38.81,959,362,306,7,615,33.2,86,2.6
2018,12,11,11,30,45.160000000000004,0.16,4.2,104,872,718,1,16.7,37.800000000000004,959,104,872,0,718,33,90,2.3000000000000003
2018,12,11,12,30,57.67,0.16,4.3,99,771,512,8,16.3,38.03,959,238,67,7,273,32.4,97,2.1
2018,12,11,13,30,70.93,0.16,4.3,78,609,277,3,16.3,41.74,959,78,0,0,78,30.8,107,1.5
2018,12,11,14,30,84.47,0.16,4.4,34,227,56,7,19.700000000000003,58.45,959,21,0,7,21,28.700000000000003,121,1.1
2018,12,11,15,30,98.38,0.16,4.4,0,0,0,7,20.200000000000003,64.74,960,0,0,0,0,27.400000000000002,130,1.2000000000000002
2018,12,11,16,30,112.16,0.16,4.3,0,0,0,7,19.3,63.61,961,0,0,0,0,26.8,133,1.7000000000000002
2018,12,11,17,30,125.75,0.16,4.4,0,0,0,7,18.7,63.730000000000004,962,0,0,0,0,26.1,132,2.2
2018,12,11,18,30,138.84,0.16,4.4,0,0,0,0,18.5,66.49,962,0,0,0,0,25.200000000000003,130,2.4000000000000004
2018,12,11,19,30,150.67000000000002,0.16,4.4,0,0,0,0,18.900000000000002,72.43,962,0,0,0,0,24.200000000000003,127,2.1
2018,12,11,20,30,158.86,0.16,4.4,0,0,0,0,19.700000000000003,80.44,962,0,0,0,0,23.3,123,1.5
2018,12,11,21,30,158.68,0.16,4.4,0,0,0,0,20.400000000000002,86.96000000000001,961,0,0,0,0,22.700000000000003,117,1.1
2018,12,11,22,30,150.27,0.16,4.4,0,0,0,0,20.8,91.21000000000001,961,0,0,0,0,22.3,111,0.9
2018,12,11,23,30,138.38,0.16,4.4,0,0,0,0,20.900000000000002,93.7,961,0,0,0,0,22,107,0.8
2018,12,12,0,30,125.26,0.16,4.4,0,0,0,0,21,95.01,961,0,0,0,0,21.8,108,0.7000000000000001
2018,12,12,1,30,111.66,0.16,4.3,0,0,0,3,21,96.61,961,0,0,0,0,21.6,113,0.8
2018,12,12,2,30,97.89,0.16,4.3,0,0,0,4,21.1,96.19,962,0,0,0,0,21.700000000000003,114,1.2000000000000002
2018,12,12,3,30,83.98,0.16,4.3,37,228,61,3,21.200000000000003,92.12,962,42,1,7,42,22.5,107,2.1
2018,12,12,4,30,70.45,0.16,4.2,87,584,282,4,21.400000000000002,84.62,963,72,0,0,72,24.200000000000003,95,3.3000000000000003
2018,12,12,5,30,57.22,0.16,4.2,113,742,514,3,21.200000000000003,71.34,963,264,33,0,282,26.8,83,3.9000000000000004
2018,12,12,6,30,44.76,0.16,4.2,127,825,713,2,20.3,58.44,963,328,16,0,340,29.3,74,3.9000000000000004
2018,12,12,7,30,34,0.16,4.3,139,866,856,2,19.6,50.25,962,450,122,0,551,31.200000000000003,65,3.7
2018,12,12,8,30,27.11,0.16,4.4,145,881,929,1,19.1,45.61,962,145,881,0,929,32.300000000000004,60,3.6
2018,12,12,9,30,27.22,0.16,4.5,125,910,935,0,18.7,42.97,961,125,910,0,935,32.9,59,3.4000000000000004
2018,12,12,10,30,34.27,0.16,4.6000000000000005,123,888,857,0,18.400000000000002,41.99,960,123,888,0,857,33,60,3.2
2018,12,12,11,30,45.1,0.16,4.6000000000000005,116,842,711,1,18.2,42.49,959,116,842,0,711,32.6,65,3.1
2018,12,12,12,30,57.6,0.16,4.7,111,736,505,6,18.2,44.62,960,11,0,0,11,31.700000000000003,72,2.9000000000000004
2018,12,12,13,30,70.84,0.16,4.7,85,572,273,9,18.400000000000002,49.52,960,50,0,0,50,30.1,80,2.1
2018,12,12,14,30,84.37,0.16,4.7,36,198,56,6,21,65.72,961,14,0,7,14,28,88,1.3
2018,12,12,15,30,98.28,0.16,4.7,0,0,0,6,22.1,77.03,961,0,0,0,0,26.5,94,1.2000000000000002
2018,12,12,16,30,112.04,0.16,4.7,0,0,0,6,22,79.69,962,0,0,0,0,25.8,100,1.4000000000000001
2018,12,12,17,30,125.63000000000001,0.16,4.7,0,0,0,6,21.900000000000002,82.97,963,0,0,0,0,25,106,1.7000000000000002
2018,12,12,18,30,138.72,0.16,4.7,0,0,0,7,21.8,86.67,963,0,0,0,0,24.200000000000003,111,2.1
2018,12,12,19,30,150.54,0.16,4.6000000000000005,0,0,0,7,21.900000000000002,91.45,962,0,0,0,0,23.400000000000002,113,2.3000000000000003
2018,12,12,20,30,158.75,0.16,4.6000000000000005,0,0,0,7,22.200000000000003,96.56,962,0,0,0,0,22.8,113,2.2
2018,12,12,21,30,158.65,0.16,4.5,0,0,0,5,22.5,99.87,962,0,0,0,0,22.5,110,1.9000000000000001
2018,12,12,22,30,150.31,0.16,4.5,0,0,0,5,22.3,100,961,0,0,0,0,22.3,106,1.8
2018,12,12,23,30,138.45000000000002,0.16,4.4,0,0,0,0,22.3,100,961,0,0,0,0,22.3,100,2
2018,12,13,0,30,125.34,0.16,4.4,0,0,0,4,22.200000000000003,100,961,0,0,0,0,22.200000000000003,95,2.2
2018,12,13,1,30,111.76,0.16,4.3,0,0,0,3,22.1,100,962,0,0,0,0,22.1,90,2.5
2018,12,13,2,30,97.99000000000001,0.16,4.2,0,0,0,0,22,100,962,0,0,0,0,22,84,2.8000000000000003
2018,12,13,3,30,84.10000000000001,0.16,4.2,41,162,58,0,22.1,98.69,963,41,162,0,58,22.3,78,3.3000000000000003
2018,12,13,4,30,70.57000000000001,0.16,4.2,94,551,277,0,21.900000000000002,92.01,964,94,551,0,277,23.3,73,4
2018,12,13,5,30,57.35,0.16,4.2,114,735,511,0,21.1,78.71000000000001,964,114,735,0,511,25.1,71,4.5
2018,12,13,6,30,44.89,0.16,4.2,108,864,720,0,19.900000000000002,63.38,964,108,864,0,720,27.5,70,4.6000000000000005
2018,12,13,7,30,34.13,0.16,4.2,114,907,866,0,18.900000000000002,52.35,963,114,907,0,866,29.700000000000003,70,4.5
2018,12,13,8,30,27.21,0.16,4.2,118,926,941,0,18.2,45.77,962,118,926,0,941,31.3,70,4.2
2018,12,13,9,30,27.26,0.16,4.1000000000000005,114,933,944,0,17.8,41.68,961,114,933,0,944,32.5,72,3.9000000000000004
2018,12,13,10,30,34.25,0.16,4.1000000000000005,110,916,867,0,17.6,40.1,960,110,916,0,867,33,75,3.7
2018,12,13,11,30,45.050000000000004,0.16,4.1000000000000005,103,875,722,3,17.6,39.85,959,381,96,0,449,33,80,3.4000000000000004
2018,12,13,12,30,57.52,0.16,4.1000000000000005,92,797,520,3,17.5,41.67,959,247,20,0,258,32.2,84,3
2018,12,13,13,30,70.75,0.16,4.1000000000000005,73,643,285,3,18,47.300000000000004,959,19,0,0,19,30.5,91,2.1
2018,12,13,14,30,84.27,0.16,4.1000000000000005,34,268,61,3,20.700000000000003,64,960,33,0,7,33,28.200000000000003,99,1.4000000000000001
2018,12,13,15,30,98.17,0.16,4.1000000000000005,0,0,0,3,21.200000000000003,71.78,961,0,0,0,0,26.700000000000003,104,1.4000000000000001
2018,12,13,16,30,111.93,0.16,4,0,0,0,0,20.6,71.74,961,0,0,0,0,26.1,108,1.7000000000000002
2018,12,13,17,30,125.5,0.16,3.9000000000000004,0,0,0,0,20.1,72.2,962,0,0,0,0,25.5,113,2.3000000000000003
2018,12,13,18,30,138.59,0.16,3.9000000000000004,0,0,0,0,19.900000000000002,74.60000000000001,962,0,0,0,0,24.700000000000003,117,2.9000000000000004
2018,12,13,19,30,150.41,0.16,3.9000000000000004,0,0,0,0,20.1,80.46000000000001,963,0,0,0,0,23.700000000000003,118,3.2
2018,12,13,20,30,158.65,0.16,3.9000000000000004,0,0,0,0,20.6,86.97,963,0,0,0,0,22.900000000000002,117,3.1
2018,12,13,21,30,158.63,0.16,3.9000000000000004,0,0,0,0,21,93.13,962,0,0,0,0,22.200000000000003,112,2.8000000000000003
2018,12,13,22,30,150.35,0.16,3.9000000000000004,0,0,0,0,21.3,96.33,962,0,0,0,0,21.900000000000002,105,2.6
2018,12,13,23,30,138.52,0.16,3.9000000000000004,0,0,0,0,21.3,98.15,962,0,0,0,0,21.6,97,2.6
2018,12,14,0,30,125.43,0.16,3.9000000000000004,0,0,0,0,21.200000000000003,99.07000000000001,962,0,0,0,0,21.400000000000002,91,2.5
2018,12,14,1,30,111.86,0.16,3.9000000000000004,0,0,0,0,21.200000000000003,99.75,963,0,0,0,0,21.200000000000003,86,2.6
2018,12,14,2,30,98.10000000000001,0.16,3.8000000000000003,0,0,0,0,21,98.61,963,0,0,0,0,21.200000000000003,81,2.9000000000000004
2018,12,14,3,30,84.21000000000001,0.16,3.8000000000000003,40,169,57,0,20.900000000000002,93.81,964,40,169,0,57,21.900000000000002,75,3.8000000000000003
2018,12,14,4,30,70.69,0.16,3.7,92,562,278,0,20.6,81.79,965,92,562,0,278,23.900000000000002,70,4.800000000000001
2018,12,14,5,30,57.47,0.16,3.7,112,747,514,0,19.5,65.62,965,112,747,0,514,26.5,65,5.300000000000001
2018,12,14,6,30,45.01,0.16,3.6,125,840,718,0,18.5,52.77,964,125,840,0,718,29.1,63,5.300000000000001
2018,12,14,7,30,34.25,0.16,3.6,135,882,864,0,17.7,44.56,964,135,882,0,864,31.200000000000003,61,5.1000000000000005
2018,12,14,8,30,27.3,0.16,3.6,142,896,938,7,17.1,39.44,963,315,527,0,783,32.7,60,4.800000000000001
2018,12,14,9,30,27.29,0.16,3.6,111,944,950,1,16.6,36.34,961,111,944,0,950,33.6,59,4.5
2018,12,14,10,30,34.22,0.16,3.6,106,931,875,2,16.2,34.65,960,463,161,0,596,34,61,4.2
2018,12,14,11,30,44.980000000000004,0.16,3.6,96,897,731,7,15.8,34.36,960,215,610,7,646,33.7,63,3.9000000000000004
2018,12,14,12,30,57.44,0.16,3.6,90,811,527,0,15.5,35.08,960,90,811,0,527,32.9,67,3.7
2018,12,14,13,30,70.66,0.16,3.5,71,662,291,3,15.3,38.95,960,104,1,0,104,30.900000000000002,71,2.7
2018,12,14,14,30,84.17,0.16,3.5,34,295,64,5,17.6,53.18,961,47,3,7,47,28,77,1.7000000000000002
2018,12,14,15,30,98.06,0.16,3.4000000000000004,0,0,0,1,18.6,63.63,961,0,0,0,0,26,81,1.6
2018,12,14,16,30,111.81,0.16,3.4000000000000004,0,0,0,0,18,64.79,962,0,0,0,0,25.1,82,1.6
2018,12,14,17,30,125.38000000000001,0.16,3.3000000000000003,0,0,0,0,17.7,66.58,962,0,0,0,0,24.3,82,1.7000000000000002
2018,12,14,18,30,138.46,0.16,3.2,0,0,0,0,17.5,68.61,962,0,0,0,0,23.6,82,1.7000000000000002
2018,12,14,19,30,150.29,0.16,3.2,0,0,0,0,17.400000000000002,71.09,962,0,0,0,0,22.900000000000002,80,1.8
2018,12,14,20,30,158.56,0.16,3.2,0,0,0,0,17.3,73.97,962,0,0,0,0,22.200000000000003,78,2
2018,12,14,21,30,158.61,0.16,3.1,0,0,0,0,17.3,77.22,962,0,0,0,0,21.5,76,2.2
2018,12,14,22,30,150.4,0.16,3.1,0,0,0,0,17.5,80.7,961,0,0,0,0,20.900000000000002,76,2.2
2018,12,14,23,30,138.6,0.16,3,0,0,0,0,17.7,83.92,961,0,0,0,0,20.5,76,2.4000000000000004
2018,12,15,0,30,125.53,0.16,2.9000000000000004,0,0,0,3,18,87.75,961,0,0,0,0,20.1,73,2.5
2018,12,15,1,30,111.96000000000001,0.16,2.8000000000000003,0,0,0,1,18.3,91.11,962,0,0,0,0,19.8,67,2.7
2018,12,15,2,30,98.21000000000001,0.16,2.7,0,0,0,3,18.400000000000002,91.91,962,0,0,0,0,19.8,60,3.1
2018,12,15,3,30,84.32000000000001,0.16,2.7,38,203,58,3,18.5,85.97,963,44,1,7,44,20.900000000000002,56,4.3
2018,12,15,4,30,70.81,0.16,2.7,88,596,283,0,18.3,74.12,964,88,596,0,283,23.200000000000003,55,5.800000000000001
2018,12,15,5,30,57.59,0.16,2.7,110,768,522,0,17.8,60.730000000000004,964,110,768,0,522,26,55,6.300000000000001
2018,12,15,6,30,45.14,0.16,2.7,113,878,732,0,17.2,49.870000000000005,964,113,878,0,732,28.700000000000003,54,6.1000000000000005
2018,12,15,7,30,34.36,0.16,2.7,121,922,881,0,16.400000000000002,41.86,963,121,922,0,881,30.900000000000002,54,5.6000000000000005
2018,12,15,8,30,27.38,0.16,2.6,122,945,962,0,15.600000000000001,36.29,962,122,945,0,962,32.5,53,5.2
2018,12,15,9,30,27.310000000000002,0.16,2.6,118,953,965,0,14.9,32.97,961,118,953,0,965,33.4,52,4.800000000000001
2018,12,15,10,30,34.19,0.16,2.6,115,934,887,0,14.3,31.34,960,115,934,0,887,33.6,54,4.3
2018,12,15,11,30,44.92,0.16,2.6,108,891,739,0,13.700000000000001,30.66,959,108,891,0,739,33.300000000000004,57,3.9000000000000004
2018,12,15,12,30,57.35,0.16,2.6,97,810,534,0,13.3,31.12,959,97,810,0,534,32.6,61,3.4000000000000004
2018,12,15,13,30,70.56,0.16,2.6,76,654,294,0,13.5,35.43,959,76,654,0,294,30.5,66,2.3000000000000003
2018,12,15,14,30,84.07000000000001,0.16,2.6,36,269,64,7,17.6,55.31,960,56,36,7,60,27.3,72,1.4000000000000001
2018,12,15,15,30,97.95,0.16,2.6,0,0,0,3,17.8,63.76,961,0,0,0,0,25.200000000000003,77,1.3
2018,12,15,16,30,111.7,0.16,2.6,0,0,0,8,17.3,65.1,962,0,0,0,0,24.3,81,1.4000000000000001
2018,12,15,17,30,125.26,0.16,2.5,0,0,0,7,16.8,65.96000000000001,962,0,0,0,0,23.5,88,1.6
2018,12,15,18,30,138.34,0.16,2.5,0,0,0,1,16.2,66.81,962,0,0,0,0,22.700000000000003,95,2
2018,12,15,19,30,150.17000000000002,0.16,2.5,0,0,0,1,16,68.91,962,0,0,0,0,22,99,2.6
2018,12,15,20,30,158.47,0.16,2.5,0,0,0,7,16.6,75.10000000000001,962,0,0,0,0,21.200000000000003,100,2.7
2018,12,15,21,30,158.6,0.16,2.5,0,0,0,3,17.6,83.68,962,0,0,0,0,20.5,99,2.4000000000000004
2018,12,15,22,30,150.45000000000002,0.16,2.5,0,0,0,3,18.400000000000002,90.07000000000001,962,0,0,0,0,20.1,94,2.3000000000000003
2018,12,15,23,30,138.68,0.16,2.5,0,0,0,3,18.8,94.11,962,0,0,0,0,19.8,88,2.3000000000000003
2018,12,16,0,30,125.62,0.16,2.5,0,0,0,8,19,96.38,962,0,0,0,0,19.6,81,2.3000000000000003
2018,12,16,1,30,112.06,0.16,2.5,0,0,0,3,19.1,98.10000000000001,963,0,0,0,0,19.400000000000002,75,2.3000000000000003
2018,12,16,2,30,98.32000000000001,0.16,2.5,0,0,0,8,19,97.8,963,0,0,0,0,19.400000000000002,69,2.5
2018,12,16,3,30,84.43,0.16,2.5,42,139,55,3,18.900000000000002,89.71000000000001,964,42,1,7,42,20.700000000000003,66,3.7
2018,12,16,4,30,70.93,0.16,2.5,97,554,278,7,18.6,74.84,965,174,170,0,230,23.3,64,5.300000000000001
2018,12,16,5,30,57.71,0.16,2.4000000000000004,120,751,521,1,17.7,59.54,964,120,751,0,521,26.200000000000003,61,6
2018,12,16,6,30,45.26,0.16,2.4000000000000004,131,850,729,7,17,48.6,964,271,512,0,632,28.900000000000002,57,6
2018,12,16,7,30,34.47,0.16,2.4000000000000004,138,900,880,7,16.400000000000002,41.14,963,351,416,0,694,31.200000000000003,53,5.6000000000000005
2018,12,16,8,30,27.46,0.16,2.4000000000000004,140,922,958,7,15.8,35.71,961,374,415,0,742,33,47,5.2
2018,12,16,9,30,27.32,0.16,2.4000000000000004,125,947,967,6,15.200000000000001,32.08,960,474,101,0,563,34.2,42,4.800000000000001
2018,12,16,10,30,34.15,0.16,2.5,121,926,887,6,14.600000000000001,30.1,959,378,273,0,604,34.7,39,4.4
2018,12,16,11,30,44.85,0.16,2.5,115,884,741,6,14.100000000000001,29.060000000000002,958,308,31,0,330,34.7,38,4
2018,12,16,12,30,57.27,0.16,2.6,119,754,527,6,13.700000000000001,29.48,958,222,26,0,236,34,39,3.7
2018,12,16,13,30,70.46000000000001,0.16,2.6,95,579,288,6,13.8,33.64,958,93,4,0,94,31.700000000000003,42,2.6
2018,12,16,14,30,83.97,0.16,2.7,42,187,62,7,17.6,51.870000000000005,959,50,5,7,51,28.400000000000002,47,1.5
2018,12,16,15,30,97.84,0.16,2.7,0,0,0,7,18.400000000000002,62.24,960,0,0,0,0,26.200000000000003,51,1.5
2018,12,16,16,30,111.58,0.16,2.6,0,0,0,7,17.8,63.27,960,0,0,0,0,25.3,52,1.6
2018,12,16,17,30,125.15,0.16,2.6,0,0,0,7,17.400000000000002,64.47,961,0,0,0,0,24.5,55,1.8
2018,12,16,18,30,138.22,0.16,2.5,0,0,0,7,17,65.96000000000001,961,0,0,0,0,23.700000000000003,61,1.9000000000000001
2018,12,16,19,30,150.05,0.16,2.5,0,0,0,1,16.6,67.75,961,0,0,0,0,22.900000000000002,73,1.9000000000000001
2018,12,16,20,30,158.39000000000001,0.16,2.5,0,0,0,0,16.3,69.67,961,0,0,0,0,22.1,87,2.1
2018,12,16,21,30,158.6,0.16,2.5,0,0,0,0,16.1,71.26,961,0,0,0,0,21.5,98,2.4000000000000004
2018,12,16,22,30,150.51,0.16,2.6,0,0,0,0,16.3,75.13,961,0,0,0,0,20.900000000000002,99,2.7
2018,12,16,23,30,138.77,0.16,2.6,0,0,0,0,16.900000000000002,80.58,961,0,0,0,0,20.400000000000002,92,2.8000000000000003
2018,12,17,0,30,125.72,0.16,2.6,0,0,0,0,17.400000000000002,85.67,962,0,0,0,0,19.900000000000002,81,2.8000000000000003
2018,12,17,1,30,112.17,0.16,2.5,0,0,0,0,17.5,88.10000000000001,962,0,0,0,0,19.5,69,2.8000000000000003
2018,12,17,2,30,98.43,0.16,2.5,0,0,0,0,17.400000000000002,88.2,963,0,0,0,0,19.400000000000002,62,3
2018,12,17,3,30,84.55,0.16,2.4000000000000004,40,141,53,0,17.400000000000002,81.72,964,40,141,0,53,20.6,61,4.2
2018,12,17,4,30,71.05,0.16,2.4000000000000004,104,523,274,0,17.3,69.94,964,104,523,0,274,23.1,61,5.9
2018,12,17,5,30,57.83,0.16,2.4000000000000004,137,700,510,0,16.3,55.17,964,137,700,0,510,26,60,6.6000000000000005
2018,12,17,6,30,45.37,0.16,2.4000000000000004,113,887,736,0,15.200000000000001,44.08,964,113,887,0,736,28.6,57,6.2
2018,12,17,7,30,34.58,0.16,2.4000000000000004,118,935,887,0,14.3,36.95,963,118,935,0,887,30.700000000000003,54,5.6000000000000005
2018,12,17,8,30,27.53,0.16,2.4000000000000004,117,961,969,0,13.700000000000001,32.11,962,117,961,0,969,32.4,49,5
2018,12,17,9,30,27.330000000000002,0.16,2.4000000000000004,124,951,968,0,13,29.01,960,124,951,0,968,33.5,43,4.4
2018,12,17,10,30,34.1,0.16,2.4000000000000004,119,936,893,0,12.5,27.18,959,119,936,0,893,34,37,4
2018,12,17,11,30,44.77,0.16,2.4000000000000004,110,897,747,0,11.9,26.23,958,110,897,0,747,34,33,3.6
2018,12,17,12,30,57.17,0.16,2.4000000000000004,97,822,543,0,11.4,26.54,958,97,822,0,543,33.2,31,3.2
2018,12,17,13,30,70.36,0.16,2.3000000000000003,77,673,303,0,11.200000000000001,29.55,959,77,673,0,303,31,33,2.2
2018,12,17,14,30,83.86,0.16,2.2,37,301,69,0,15.9,49.56,959,37,301,0,69,27.400000000000002,39,1.4000000000000001
2018,12,17,15,30,97.73,0.16,2.1,0,0,0,0,15.8,57.07,960,0,0,0,0,24.900000000000002,44,1.6
2018,12,17,16,30,111.47,0.16,2,0,0,0,0,14,54.13,961,0,0,0,0,23.8,45,1.9000000000000001
2018,12,17,17,30,125.03,0.16,1.9000000000000001,0,0,0,0,12.200000000000001,51.15,961,0,0,0,0,22.8,46,2.1
2018,12,17,18,30,138.11,0.16,1.9000000000000001,0,0,0,0,10.9,49.63,961,0,0,0,0,21.900000000000002,49,2.1
2018,12,17,19,30,149.94,0.16,1.9000000000000001,0,0,0,0,10.4,50.6,961,0,0,0,0,21,55,2
2018,12,17,20,30,158.31,0.16,1.9000000000000001,0,0,0,0,10.3,52.45,961,0,0,0,0,20.3,62,2
2018,12,17,21,30,158.6,0.16,1.9000000000000001,0,0,0,0,10.200000000000001,54.51,960,0,0,0,0,19.6,71,2
2018,12,17,22,30,150.57,0.16,2,0,0,0,0,10.3,57.32,960,0,0,0,0,18.900000000000002,78,2.1
2018,12,17,23,30,138.85,0.16,2,0,0,0,0,10.8,61.75,960,0,0,0,0,18.3,81,2.2
2018,12,18,0,30,125.82000000000001,0.16,2,0,0,0,0,11.9,67.81,961,0,0,0,0,17.900000000000002,80,2.3000000000000003
2018,12,18,1,30,112.28,0.16,2.1,0,0,0,0,13.200000000000001,75.51,962,0,0,0,0,17.6,75,2.6
2018,12,18,2,30,98.54,0.16,2.1,0,0,0,0,14.5,80.78,962,0,0,0,0,17.8,67,3.1
2018,12,18,3,30,84.66,0.16,2.1,39,164,54,0,15.4,77.53,963,39,164,0,54,19.400000000000002,62,4.3
2018,12,18,4,30,71.16,0.16,2.2,94,574,279,0,16,66.48,964,94,574,0,279,22.6,61,5.7
2018,12,18,5,30,57.95,0.16,2.2,119,755,519,0,15.3,51.56,964,119,755,0,519,26,60,6.2
2018,12,18,6,30,45.49,0.16,2.2,134,847,728,0,14.100000000000001,40.71,963,134,847,0,728,28.8,58,5.800000000000001
2018,12,18,7,30,34.68,0.16,2.3000000000000003,144,892,877,0,13.5,34.14,962,144,892,0,877,31.1,54,5.300000000000001
2018,12,18,8,30,27.59,0.16,2.3000000000000003,150,911,957,0,13.100000000000001,30.240000000000002,961,150,911,0,957,32.800000000000004,49,4.7
2018,12,18,9,30,27.330000000000002,0.16,2.3000000000000003,129,944,968,0,12.9,28.02,960,129,944,0,968,33.9,43,4.3
2018,12,18,10,30,34.05,0.16,2.4000000000000004,124,926,891,0,12.600000000000001,26.650000000000002,959,124,926,0,891,34.5,40,4
2018,12,18,11,30,44.69,0.16,2.4000000000000004,114,888,745,0,12.200000000000001,26.18,958,114,888,0,745,34.4,39,3.7
2018,12,18,12,30,57.08,0.16,2.4000000000000004,104,804,541,0,11.8,26.64,958,104,804,0,541,33.6,40,3.5
2018,12,18,13,30,70.26,0.16,2.4000000000000004,82,648,301,0,11.600000000000001,30.02,958,82,648,0,301,31.200000000000003,45,2.5
2018,12,18,14,30,83.75,0.16,2.3000000000000003,39,278,70,0,15.4,46.96,958,39,278,0,70,27.8,51,1.6
2018,12,18,15,30,97.61,0.16,2.3000000000000003,0,0,0,0,15.700000000000001,54.18,959,0,0,0,0,25.6,54,1.7000000000000002
2018,12,18,16,30,111.35000000000001,0.16,2.2,0,0,0,0,14.5,52.92,960,0,0,0,0,24.700000000000003,54,1.9000000000000001
2018,12,18,17,30,124.91,0.16,2.1,0,0,0,0,13.700000000000001,53.1,960,0,0,0,0,23.8,53,2
2018,12,18,18,30,137.99,0.16,2.1,0,0,0,0,13.3,54.71,960,0,0,0,0,22.900000000000002,52,1.9000000000000001
2018,12,18,19,30,149.84,0.16,2,0,0,0,0,13.100000000000001,57.08,960,0,0,0,0,22,53,1.8
2018,12,18,20,30,158.24,0.16,1.9000000000000001,0,0,0,0,12.9,59.57,960,0,0,0,0,21.1,58,1.8
2018,12,18,21,30,158.61,0.16,1.9000000000000001,0,0,0,0,12.600000000000001,61.4,959,0,0,0,0,20.3,67,1.9000000000000001
2018,12,18,22,30,150.64000000000001,0.16,2,0,0,0,0,12.4,63.29,959,0,0,0,0,19.6,79,2
2018,12,18,23,30,138.95000000000002,0.16,2,0,0,0,0,12.9,67.17,960,0,0,0,0,19.1,86,2.2
2018,12,19,0,30,125.93,0.16,2.1,0,0,0,0,14.200000000000001,75.37,960,0,0,0,0,18.6,88,2.3000000000000003
2018,12,19,1,30,112.39,0.16,2.2,0,0,0,0,15.8,84.52,961,0,0,0,0,18.5,85,2.6
2018,12,19,2,30,98.66,0.16,2.3000000000000003,0,0,0,0,17.3,90.93,961,0,0,0,0,18.8,80,3
2018,12,19,3,30,84.77,0.16,2.3000000000000003,38,177,54,0,18.3,86.62,962,38,177,0,54,20.6,74,3.9000000000000004
2018,12,19,4,30,71.28,0.16,2.4000000000000004,88,592,278,0,19,74.81,963,88,592,0,278,23.700000000000003,69,4.7
2018,12,19,5,30,58.06,0.16,2.4000000000000004,108,782,521,0,18.5,59.64,963,108,782,0,521,27,64,5.1000000000000005
2018,12,19,6,30,45.6,0.16,2.5,113,883,731,0,17.1,46.44,962,113,883,0,731,29.8,57,5
2018,12,19,7,30,34.77,0.16,2.5,120,929,883,0,15.700000000000001,37.38,961,120,929,0,883,32.1,49,4.800000000000001
2018,12,19,8,30,27.650000000000002,0.16,2.5,123,949,964,0,14.600000000000001,31.830000000000002,960,123,949,0,964,33.7,42,4.4
2018,12,19,9,30,27.330000000000002,0.16,2.5,123,950,967,0,13.700000000000001,28.26,959,123,950,0,967,34.800000000000004,37,4.1000000000000005
2018,12,19,10,30,33.99,0.16,2.6,120,929,890,0,13,26.16,958,120,929,0,890,35.300000000000004,34,3.8000000000000003
2018,12,19,11,30,44.61,0.16,2.6,114,886,744,0,12.4,25.34,957,114,886,0,744,35.2,34,3.5
2018,12,19,12,30,56.980000000000004,0.16,2.6,99,813,542,0,12,25.6,957,99,813,0,542,34.5,37,3.3000000000000003
2018,12,19,13,30,70.15,0.16,2.6,79,659,302,0,11.8,28.77,958,79,659,0,302,32.2,41,2.4000000000000004
2018,12,19,14,30,83.65,0.16,2.6,39,284,70,0,15.9,46.08,958,39,284,0,70,28.6,44,1.5
2018,12,19,15,30,97.5,0.16,2.6,0,0,0,0,16.3,54.67,959,0,0,0,0,26.1,44,1.5
2018,12,19,16,30,111.24000000000001,0.16,2.5,0,0,0,0,15,53.47,960,0,0,0,0,25.1,40,1.7000000000000002
2018,12,19,17,30,124.8,0.16,2.3000000000000003,0,0,0,0,13.700000000000001,52.370000000000005,960,0,0,0,0,24.1,38,1.8
2018,12,19,18,30,137.88,0.16,2.2,0,0,0,0,12.700000000000001,51.910000000000004,960,0,0,0,0,23.1,39,1.8
2018,12,19,19,30,149.74,0.16,2.1,0,0,0,0,12,52.92,960,0,0,0,0,22,46,1.7000000000000002
2018,12,19,20,30,158.18,0.16,2,0,0,0,0,11.600000000000001,54.72,960,0,0,0,0,21.1,59,1.7000000000000002
2018,12,19,21,30,158.63,0.16,2.1,0,0,0,0,11.600000000000001,56.83,960,0,0,0,0,20.400000000000002,73,1.9000000000000001
2018,12,19,22,30,150.71,0.16,2.2,0,0,0,0,12.200000000000001,60.25,960,0,0,0,0,20.1,82,2.4000000000000004
2018,12,19,23,30,139.04,0.16,2.4000000000000004,0,0,0,0,13.9,67.35,960,0,0,0,0,20.1,82,2.9000000000000004
2018,12,20,0,30,126.03,0.16,2.6,0,0,0,0,15.9,77.02,960,0,0,0,0,20.1,76,3
2018,12,20,1,30,112.5,0.16,2.7,0,0,0,0,17.5,86.46000000000001,961,0,0,0,0,19.8,68,2.8000000000000003
2018,12,20,2,30,98.77,0.16,2.6,0,0,0,0,18.2,89.84,961,0,0,0,0,19.900000000000002,62,3
2018,12,20,3,30,84.88,0.16,2.6,34,220,54,0,18.400000000000002,83.08,962,34,220,1,54,21.400000000000002,60,4.4
2018,12,20,4,30,71.39,0.16,2.6,75,646,281,0,18,68.55,963,75,646,0,281,24.200000000000003,59,6.1000000000000005
2018,12,20,5,30,58.18,0.16,2.6,93,815,523,0,16.8,52.99,963,93,815,0,523,27.200000000000003,57,6.800000000000001
2018,12,20,6,30,45.7,0.16,2.7,103,899,731,0,16.5,44.550000000000004,962,103,899,0,731,29.900000000000002,54,6.6000000000000005
2018,12,20,7,30,34.86,0.16,2.7,109,942,882,0,16.5,39.230000000000004,961,109,942,0,882,32.1,50,6.1000000000000005
2018,12,20,8,30,27.7,0.16,2.7,111,962,963,0,16.1,34.9,960,111,962,0,963,33.7,46,5.6000000000000005
2018,12,20,9,30,27.310000000000002,0.16,2.8000000000000003,112,959,965,0,15.3,31.330000000000002,959,112,959,0,965,34.800000000000004,43,5
2018,12,20,10,30,33.93,0.16,2.8000000000000003,109,943,891,3,14.600000000000001,29.01,958,460,134,0,571,35.300000000000004,42,4.4
2018,12,20,11,30,44.52,0.16,2.8000000000000003,103,904,747,0,13.9,27.97,957,103,904,0,747,35.2,44,4
2018,12,20,12,30,56.88,0.16,2.8000000000000003,92,827,544,3,13.4,28.150000000000002,957,174,1,0,175,34.5,47,3.7
2018,12,20,13,30,70.05,0.16,2.8000000000000003,74,677,305,1,13.100000000000001,30.900000000000002,957,74,677,0,305,32.5,52,2.8000000000000003
2018,12,20,14,30,83.54,0.16,2.8000000000000003,38,311,73,0,15.5,43.31,958,38,311,0,73,29.3,58,1.8
2018,12,20,15,30,97.39,0.16,2.8000000000000003,0,0,0,0,16.5,51.88,959,0,0,0,0,27.200000000000003,62,1.8
2018,12,20,16,30,111.12,0.16,2.7,0,0,0,0,15.5,51.25,959,0,0,0,0,26.400000000000002,63,2.1
2018,12,20,17,30,124.68,0.16,2.6,0,0,0,1,14.9,51.58,960,0,0,0,0,25.6,67,2.3000000000000003
2018,12,20,18,30,137.77,0.16,2.6,0,0,0,0,14.700000000000001,53.410000000000004,960,0,0,0,0,24.8,75,2.5
2018,12,20,19,30,149.64000000000001,0.16,2.7,0,0,0,0,15.200000000000001,57.49,960,0,0,0,0,24.1,86,2.8000000000000003
2018,12,20,20,30,158.13,0.16,2.8000000000000003,0,0,0,0,16.5,64.98,960,0,0,0,0,23.5,93,3.1
2018,12,20,21,30,158.66,0.16,2.9000000000000004,0,0,0,0,18.2,75.13,960,0,0,0,0,22.8,93,3
2018,12,20,22,30,150.79,0.16,2.9000000000000004,0,0,0,0,19.400000000000002,84.14,960,0,0,0,0,22.200000000000003,87,2.8000000000000003
2018,12,20,23,30,139.14000000000001,0.16,2.9000000000000004,0,0,0,0,20,89.56,960,0,0,0,0,21.8,79,2.6
2018,12,21,0,30,126.14,0.16,2.9000000000000004,0,0,0,0,20.1,92.49,960,0,0,0,0,21.400000000000002,73,2.5
2018,12,21,1,30,112.61,0.16,2.9000000000000004,0,0,0,0,20,93.55,961,0,0,0,0,21.1,70,2.7
2018,12,21,2,30,98.88,0.16,2.9000000000000004,0,0,0,0,19.8,92.14,961,0,0,0,0,21.1,67,3.1
2018,12,21,3,30,84.99,0.16,2.9000000000000004,35,159,49,0,19.5,83.72,962,35,159,0,49,22.400000000000002,65,4.4
2018,12,21,4,30,71.51,0.16,2.9000000000000004,85,585,271,0,18.3,65.95,962,85,585,0,271,25.1,63,5.800000000000001
2018,12,21,5,30,58.29,0.16,2.9000000000000004,110,761,510,0,16.3,49.02,962,110,761,0,510,28,60,6.2
2018,12,21,6,30,45.81,0.16,2.9000000000000004,128,842,715,0,15.700000000000001,40.660000000000004,962,128,842,0,715,30.6,58,6.1000000000000005
2018,12,21,7,30,34.95,0.16,3,144,877,863,0,15.700000000000001,36.31,961,144,877,0,863,32.6,54,5.7
2018,12,21,8,30,27.740000000000002,0.16,3,154,887,940,0,15.700000000000001,33.21,959,154,887,0,940,34.1,50,5.2
2018,12,21,9,30,27.29,0.16,3,101,972,966,3,15.4,31.01,958,484,154,0,621,35.1,47,4.6000000000000005
2018,12,21,10,30,33.86,0.16,3.1,96,959,893,1,15.100000000000001,29.89,957,96,959,0,893,35.4,46,4.2
2018,12,21,11,30,44.43,0.16,3.1,89,926,751,3,14.8,29.75,956,392,109,0,470,35.1,47,3.7
2018,12,21,12,30,56.78,0.16,3.2,92,823,543,3,14.600000000000001,30.62,956,276,41,0,298,34.300000000000004,51,3.3000000000000003
2018,12,21,13,30,69.94,0.16,3.2,73,680,307,1,14.5,33.81,956,73,680,0,307,32.5,56,2.4000000000000004
2018,12,21,14,30,83.43,0.16,3.2,37,335,75,2,16.8,44.99,957,55,5,7,55,30,62,1.5
2018,12,21,15,30,97.27,0.16,3.2,0,0,0,3,17.8,53.1,958,0,0,0,0,28.3,65,1.5
2018,12,21,16,30,111.01,0.16,3.1,0,0,0,0,17,52.92,958,0,0,0,0,27.5,66,1.7000000000000002
2018,12,21,17,30,124.57000000000001,0.16,3,0,0,0,0,16.400000000000002,53.63,959,0,0,0,0,26.6,69,1.9000000000000001
2018,12,21,18,30,137.66,0.16,2.9000000000000004,0,0,0,0,16.1,55.96,959,0,0,0,0,25.5,77,2.1
2018,12,21,19,30,149.55,0.16,2.9000000000000004,0,0,0,0,16,58.97,958,0,0,0,0,24.5,89,2.4000000000000004
2018,12,21,20,30,158.08,0.16,2.8000000000000003,0,0,0,0,16.3,63.78,958,0,0,1,0,23.6,97,2.8000000000000003
2018,12,21,21,30,158.69,0.16,2.8000000000000003,0,0,0,0,17.2,71.15,958,0,0,0,0,22.700000000000003,99,2.9000000000000004
2018,12,21,22,30,150.88,0.16,2.8000000000000003,0,0,0,0,18.1,78.63,958,0,0,0,0,22,100,2.7
2018,12,21,23,30,139.24,0.16,2.8000000000000003,0,0,0,0,18.8,85.88,958,0,0,0,0,21.3,97,2.6
2018,12,22,0,30,126.25,0.16,2.8000000000000003,0,0,0,0,19.200000000000003,90.84,958,0,0,0,0,20.8,90,2.5
2018,12,22,1,30,112.72,0.16,2.8000000000000003,0,0,0,0,19.400000000000002,94.01,959,0,0,0,0,20.400000000000002,81,2.6
2018,12,22,2,30,99,0.16,2.8000000000000003,0,0,0,0,19.3,94.17,960,0,0,0,0,20.3,71,3
2018,12,22,3,30,85.11,0.16,2.8000000000000003,35,152,48,0,19.1,85.3,961,35,152,0,48,21.700000000000003,65,4.5
2018,12,22,4,30,71.62,0.16,2.7,85,586,270,0,17.900000000000002,67.27,961,85,586,0,270,24.400000000000002,61,6
2018,12,22,5,30,58.39,0.16,2.7,106,772,511,0,16,49.7,961,106,772,0,511,27.400000000000002,60,6.4
2018,12,22,6,30,45.9,0.16,2.6,106,893,727,0,14.700000000000001,38.97,960,106,893,0,727,30.200000000000003,58,6.2
2018,12,22,7,30,35.03,0.16,2.6,111,939,880,0,14.100000000000001,32.84,959,111,939,0,880,32.5,56,5.7
2018,12,22,8,30,27.78,0.16,2.6,112,963,964,0,13.700000000000001,29.13,958,112,963,0,964,34.2,53,5.1000000000000005
2018,12,22,9,30,27.26,0.16,2.6,107,972,971,0,13.3,26.76,956,107,972,0,971,35.300000000000004,50,4.6000000000000005
2018,12,22,10,30,33.79,0.16,2.6,103,957,899,0,12.9,25.27,956,103,957,0,899,35.800000000000004,48,4.1000000000000005
2018,12,22,11,30,44.33,0.16,2.6,97,921,755,0,12.3,24.38,955,97,921,0,755,35.800000000000004,49,3.8000000000000003
2018,12,22,12,30,56.67,0.16,2.6,87,848,553,0,11.8,24.51,955,87,848,0,553,35.1,51,3.6
2018,12,22,13,30,69.83,0.16,2.6,70,704,313,0,11.5,26.73,955,70,704,0,313,33.1,54,2.8000000000000003
2018,12,22,14,30,83.32000000000001,0.16,2.6,37,343,77,0,13.4,36.97,956,37,343,0,77,29.700000000000003,58,1.9000000000000001
2018,12,22,15,30,97.16,0.16,2.6,0,0,0,0,14.200000000000001,44.71,957,0,0,0,0,27.3,59,1.9000000000000001
2018,12,22,16,30,110.9,0.16,2.5,0,0,0,0,13.100000000000001,43.63,958,0,0,1,0,26.5,57,2.4000000000000004
2018,12,22,17,30,124.46000000000001,0.16,2.4000000000000004,0,0,0,0,12.3,43.4,958,0,0,0,0,25.700000000000003,57,2.7
2018,12,22,18,30,137.56,0.16,2.4000000000000004,0,0,0,0,11.9,44.46,958,0,0,0,0,24.8,60,2.8000000000000003
2018,12,22,19,30,149.46,0.16,2.3000000000000003,0,0,0,0,11.8,46.85,958,0,0,0,0,23.8,67,2.7
2018,12,22,20,30,158.04,0.16,2.3000000000000003,0,0,0,0,12.100000000000001,50.45,958,0,0,0,0,22.900000000000002,76,2.6
2018,12,22,21,30,158.73,0.16,2.4000000000000004,0,0,0,0,13,56.19,958,0,0,0,0,22.1,82,2.5
2018,12,22,22,30,150.96,0.16,2.4000000000000004,0,0,0,0,14.3,63.39,958,0,0,0,0,21.5,83,2.7
2018,12,22,23,30,139.35,0.16,2.5,0,0,0,0,15.600000000000001,71.34,958,0,0,0,0,21,77,2.9000000000000004
2018,12,23,0,30,126.36,0.16,2.6,0,0,0,0,16.8,78.7,959,0,0,0,0,20.6,70,2.9000000000000004
2018,12,23,1,30,112.84,0.16,2.6,0,0,0,0,17.5,84.72,959,0,0,0,0,20.200000000000003,64,2.9000000000000004
2018,12,23,2,30,99.11,0.16,2.7,0,0,0,0,18.2,88.65,960,0,0,0,0,20.1,60,3.3000000000000003
2018,12,23,3,30,85.22,0.16,2.7,33,168,47,0,18.6,84.07000000000001,961,33,168,0,47,21.400000000000002,59,4.800000000000001
2018,12,23,4,30,71.73,0.16,2.8000000000000003,80,604,269,0,18.6,71.2,961,80,604,0,269,24.1,60,6.300000000000001
2018,12,23,5,30,58.5,0.16,2.8000000000000003,99,790,511,0,17.6,55.82,961,99,790,0,511,27.200000000000003,59,6.800000000000001
2018,12,23,6,30,46,0.16,2.9000000000000004,110,875,719,0,16.7,45.17,961,110,875,0,719,29.900000000000002,58,6.7
2018,12,23,7,30,35.1,0.16,2.9000000000000004,119,918,870,0,16.1,38.01,960,119,918,0,870,32.2,57,6.300000000000001
2018,12,23,8,30,27.810000000000002,0.16,3,127,931,950,2,15.5,33.25,959,493,295,0,755,33.9,55,5.800000000000001
2018,12,23,9,30,27.23,0.16,3,122,940,958,0,14.9,30.11,958,122,940,0,958,35,53,5.2
2018,12,23,10,30,33.7,0.16,3.1,121,917,884,0,14.3,28.26,957,121,917,0,884,35.5,53,4.800000000000001
2018,12,23,11,30,44.230000000000004,0.16,3.1,114,874,741,0,13.9,27.63,957,114,874,0,741,35.4,55,4.5
2018,12,23,12,30,56.56,0.16,3.2,107,782,538,0,13.600000000000001,28.19,957,107,782,0,538,34.7,57,4.3
2018,12,23,13,30,69.71000000000001,0.16,3.2,86,624,302,0,13.5,30.79,957,86,624,0,302,33,59,3.6
2018,12,23,14,30,83.2,0.16,3.3000000000000003,42,263,74,0,14.3,37.37,957,42,263,0,74,30.5,61,2.5
2018,12,23,15,30,97.05,0.16,3.3000000000000003,0,0,0,0,15.4,44.14,958,0,0,0,0,28.8,62,2.4000000000000004
2018,12,23,16,30,110.78,0.16,3.3000000000000003,0,0,0,0,15.200000000000001,44.92,959,0,0,0,0,28.3,62,2.9000000000000004
2018,12,23,17,30,124.35000000000001,0.16,3.3000000000000003,0,0,0,0,15.200000000000001,46.36,959,0,0,0,0,27.8,65,3.2
2018,12,23,18,30,137.46,0.16,3.3000000000000003,0,0,0,0,15.5,49.11,959,0,0,0,0,27.1,71,3.3000000000000003
2018,12,23,19,30,149.38,0.16,3.3000000000000003,0,0,0,0,15.9,53.19,959,0,0,0,0,26.200000000000003,79,3.2
2018,12,23,20,30,158,0.16,3.3000000000000003,0,0,0,0,16.6,59.17,959,0,0,0,0,25.1,83,3.1
2018,12,23,21,30,158.77,0.16,3.3000000000000003,0,0,0,0,17.400000000000002,65.6,958,0,0,0,0,24.200000000000003,83,3.1
2018,12,23,22,30,151.06,0.16,3.3000000000000003,0,0,0,0,18.1,72.2,958,0,0,0,0,23.400000000000002,80,3.1
2018,12,23,23,30,139.46,0.16,3.2,0,0,0,0,18.8,77.95,959,0,0,0,0,22.8,76,3.1
2018,12,24,0,30,126.47,0.16,3.2,0,0,0,0,19.1,82.77,959,0,0,0,0,22.200000000000003,73,3.1
2018,12,24,1,30,112.95,0.16,3.2,0,0,0,0,19.3,85.68,960,0,0,0,0,21.8,70,3.4000000000000004
2018,12,24,2,30,99.23,0.16,3.2,0,0,0,0,19.3,86.86,961,0,0,0,0,21.6,66,3.9000000000000004
2018,12,24,3,30,85.32000000000001,0.16,3.2,34,116,43,0,19.200000000000003,81.72,961,34,116,0,43,22.5,62,5.2
2018,12,24,4,30,71.83,0.16,3.2,90,543,260,0,18.6,68.92,962,90,543,0,260,24.700000000000003,59,6.5
2018,12,24,5,30,58.6,0.16,3.2,113,737,498,0,17.5,55.24,962,113,737,0,498,27.3,57,6.7
2018,12,24,6,30,46.09,0.16,3.2,114,859,710,0,16.6,45.15,962,114,859,0,710,29.8,55,6.6000000000000005
2018,12,24,7,30,35.17,0.16,3.3000000000000003,121,907,862,0,15.9,38,961,121,907,0,862,32,54,6.2
2018,12,24,8,30,27.830000000000002,0.16,3.2,119,939,949,0,15.200000000000001,33.04,960,119,939,0,949,33.7,53,5.800000000000001
2018,12,24,9,30,27.19,0.16,3.2,117,945,957,0,14.5,29.580000000000002,958,117,945,0,957,34.800000000000004,53,5.4
2018,12,24,10,30,33.62,0.16,3.2,113,929,887,1,13.700000000000001,27.36,957,113,929,0,887,35.300000000000004,54,5.1000000000000005
2018,12,24,11,30,44.12,0.16,3.1,108,889,746,2,13,26.27,957,384,90,0,448,35.2,56,4.9
2018,12,24,12,30,56.45,0.16,3.1,98,810,545,0,12.3,26.22,957,98,810,0,545,34.5,58,4.800000000000001
2018,12,24,13,30,69.60000000000001,0.16,3,79,660,309,1,11.8,27.72,957,79,660,0,309,32.9,60,4.1000000000000005
2018,12,24,14,30,83.09,0.16,3,41,304,77,1,11.9,32.89,958,41,304,1,77,30,61,2.9000000000000004
2018,12,24,15,30,96.93,0.16,3,0,0,0,0,12.5,38.61,958,0,0,0,0,27.900000000000002,61,2.5
2018,12,24,16,30,110.67,0.16,3,0,0,0,0,11.9,39.19,959,0,0,0,0,27,60,2.7
2018,12,24,17,30,124.25,0.16,2.9000000000000004,0,0,0,0,11.5,39.910000000000004,960,0,0,0,0,26.200000000000003,59,2.8000000000000003
2018,12,24,18,30,137.36,0.16,2.9000000000000004,0,0,0,0,11.100000000000001,40.79,959,0,0,0,0,25.400000000000002,62,2.9000000000000004
2018,12,24,19,30,149.3,0.16,2.9000000000000004,0,0,0,0,10.8,41.78,959,0,0,0,0,24.6,67,3
2018,12,24,20,30,157.97,0.16,2.9000000000000004,0,0,0,0,10.5,43.11,959,0,0,0,0,23.8,72,3
2018,12,24,21,30,158.83,0.16,2.9000000000000004,0,0,0,0,10.600000000000001,45.6,959,0,0,0,0,23,76,2.9000000000000004
2018,12,24,22,30,151.16,0.16,3,0,0,0,3,11.100000000000001,49.15,959,0,0,0,0,22.3,77,2.7
2018,12,24,23,30,139.57,0.16,3,0,0,0,4,11.8,52.82,959,0,0,0,0,21.900000000000002,75,2.8000000000000003
2018,12,25,0,30,126.59,0.16,3.1,0,0,0,4,12.9,57.550000000000004,960,0,0,0,0,21.6,71,3
2018,12,25,1,30,113.06,0.16,3.1,0,0,0,4,14.100000000000001,63.39,961,0,0,0,0,21.3,67,3.2
2018,12,25,2,30,99.34,0.16,3.1,0,0,0,4,15.100000000000001,68.4,962,0,0,0,0,21.1,62,3.8000000000000003
2018,12,25,3,30,85.43,0.16,3.2,34,86,40,4,15.8,68.18,962,22,0,7,22,21.900000000000002,58,5.300000000000001
2018,12,25,4,30,71.94,0.16,3.2,104,471,250,4,16,62.03,963,76,0,0,76,23.700000000000003,56,6.7
2018,12,25,5,30,58.7,0.16,3.3000000000000003,140,661,484,5,15.200000000000001,50.730000000000004,962,286,43,0,308,26.200000000000003,55,6.9
2018,12,25,6,30,46.18,0.16,3.3000000000000003,161,760,687,3,14.100000000000001,41.1,962,413,180,0,537,28.6,54,6.6000000000000005
2018,12,25,7,30,35.230000000000004,0.16,3.4000000000000004,175,811,837,4,12.9,33.65,961,451,105,0,537,30.700000000000003,53,6.2
2018,12,25,8,30,27.85,0.16,3.4000000000000004,183,834,920,8,11.8,28.26,960,386,424,0,760,32.5,52,5.800000000000001
2018,12,25,9,30,27.14,0.16,3.4000000000000004,189,827,925,7,11,25.150000000000002,959,369,464,0,782,33.7,52,5.4
2018,12,25,10,30,33.53,0.16,3.4000000000000004,185,802,854,0,10.600000000000001,23.56,958,185,802,0,854,34.4,52,5.1000000000000005
2018,12,25,11,30,44.01,0.16,3.4000000000000004,171,757,715,0,10.5,23.150000000000002,957,171,757,0,715,34.5,53,4.800000000000001
2018,12,25,12,30,56.34,0.16,3.4000000000000004,141,689,523,0,10.4,23.64,957,141,689,0,523,34,55,4.5
2018,12,25,13,30,69.48,0.16,3.3000000000000003,106,538,295,0,10.3,25.79,958,106,538,0,295,32.4,57,3.6
2018,12,25,14,30,82.98,0.16,3.3000000000000003,48,200,72,3,11,31.94,958,55,1,7,55,29.5,58,2.3000000000000003
2018,12,25,15,30,96.82000000000001,0.16,3.3000000000000003,0,0,0,3,12.200000000000001,39.35,959,0,0,0,0,27.200000000000003,58,1.8
2018,12,25,16,30,110.56,0.16,3.3000000000000003,0,0,0,1,11.9,40.54,960,0,0,0,0,26.400000000000002,59,2
2018,12,25,17,30,124.14,0.16,3.4000000000000004,0,0,0,3,11.700000000000001,41.65,960,0,0,0,0,25.700000000000003,62,2.1
2018,12,25,18,30,137.27,0.16,3.5,0,0,0,5,11.8,43.07,960,0,0,0,0,25.200000000000003,71,2.3000000000000003
2018,12,25,19,30,149.23,0.16,3.7,0,0,0,4,12.3,45.800000000000004,960,0,0,0,0,24.8,82,2.6
2018,12,25,20,30,157.95000000000002,0.16,3.9000000000000004,0,0,0,3,13.700000000000001,51.51,960,0,0,0,0,24.3,89,2.8000000000000003
2018,12,25,21,30,158.89000000000001,0.16,4,0,0,0,4,15.4,59.83,960,0,0,0,0,23.700000000000003,91,2.6
2018,12,25,22,30,151.26,0.16,4,0,0,0,0,17.1,68.8,960,0,0,0,0,23.1,88,2.5
2018,12,25,23,30,139.68,0.16,4,0,0,0,4,18.3,76.49,960,0,0,0,0,22.6,84,2.8000000000000003
2018,12,26,0,30,126.7,0.16,4,0,0,0,4,18.900000000000002,82.29,960,0,0,0,0,22.1,81,3.1
2018,12,26,1,30,113.18,0.16,4.1000000000000005,0,0,0,4,19.400000000000002,87.09,961,0,0,0,0,21.6,77,3.4000000000000004
2018,12,26,2,30,99.45,0.16,4.2,0,0,0,4,19.700000000000003,89.78,962,0,0,0,0,21.400000000000002,74,3.7
2018,12,26,3,30,85.54,0.16,4.2,30,154,42,4,19.8,87.06,962,18,0,7,18,22.1,72,4.6000000000000005
2018,12,26,4,30,72.05,0.16,4.3,81,566,255,4,19.5,75.41,963,16,0,0,16,24.1,71,5.9
2018,12,26,5,30,58.800000000000004,0.16,4.3,107,737,489,3,18.2,60.38,963,289,69,0,325,26.5,70,6.4
2018,12,26,6,30,46.26,0.16,4.2,129,814,692,3,16.900000000000002,47.25,962,352,68,0,399,29.3,70,6.300000000000001
2018,12,26,7,30,35.29,0.16,4,139,866,846,3,15.5,37.1,961,469,179,0,615,32,70,6
2018,12,26,8,30,27.86,0.16,3.9000000000000004,144,887,929,3,14.3,30.72,960,496,158,0,636,33.9,69,5.6000000000000005
2018,12,26,9,30,27.080000000000002,0.16,3.9000000000000004,141,895,938,3,13.5,27.59,959,501,166,0,649,34.9,68,5.300000000000001
2018,12,26,10,30,33.43,0.16,3.9000000000000004,140,873,869,3,13.3,26.810000000000002,958,435,108,0,525,35.2,66,4.9
2018,12,26,11,30,43.9,0.16,4,134,825,728,5,13.4,27.69,958,307,4,0,310,34.800000000000004,64,4.5
2018,12,26,12,30,56.22,0.16,4,117,749,533,3,13.700000000000001,29.42,958,295,48,0,322,34,63,4.2
2018,12,26,13,30,69.37,0.16,4.1000000000000005,92,593,301,4,14,32.480000000000004,958,99,0,0,99,32.6,64,3.5
2018,12,26,14,30,82.86,0.16,4.1000000000000005,46,244,76,0,14.8,38.81,959,46,244,0,76,30.400000000000002,65,2.5
2018,12,26,15,30,96.71000000000001,0.16,4.1000000000000005,0,0,0,5,15.700000000000001,45.35,960,0,0,0,0,28.700000000000003,67,2.3000000000000003
2018,12,26,16,30,110.45,0.16,4.1000000000000005,0,0,0,5,15.8,47.33,960,0,0,0,0,28,69,2.6
2018,12,26,17,30,124.04,0.16,4,0,0,0,7,15.9,50.5,960,0,0,0,0,27.1,73,2.7
2018,12,26,18,30,137.17000000000002,0.16,3.9000000000000004,0,0,0,0,16.3,54.4,960,0,0,0,0,26.200000000000003,82,2.6
2018,12,26,19,30,149.16,0.16,3.9000000000000004,0,0,0,1,16.7,58.13,960,0,0,0,0,25.5,94,2.6
2018,12,26,20,30,157.94,0.16,3.8000000000000003,0,0,0,3,17.1,62.85,960,0,0,0,0,24.700000000000003,101,2.7
2018,12,26,21,30,158.95000000000002,0.16,3.8000000000000003,0,0,0,0,17.8,68.62,960,0,0,0,0,23.900000000000002,103,2.8000000000000003
2018,12,26,22,30,151.37,0.16,3.9000000000000004,0,0,0,0,18.5,75.07000000000001,960,0,0,0,0,23.200000000000003,100,2.8000000000000003
2018,12,26,23,30,139.8,0.16,3.9000000000000004,0,0,0,0,19.200000000000003,81.32000000000001,960,0,0,0,0,22.6,94,2.8000000000000003
2018,12,27,0,30,126.82000000000001,0.16,3.9000000000000004,0,0,0,0,19.8,87.09,961,0,0,0,0,22,87,2.8000000000000003
2018,12,27,1,30,113.3,0.16,3.8000000000000003,0,0,0,0,20,90.31,961,0,0,0,0,21.700000000000003,78,2.8000000000000003
2018,12,27,2,30,99.57000000000001,0.16,3.8000000000000003,0,0,0,0,20.200000000000003,91.7,962,0,0,0,0,21.6,71,3.3000000000000003
2018,12,27,3,30,85.65,0.16,3.8000000000000003,32,117,40,0,20.200000000000003,85.17,963,32,117,0,40,22.8,68,4.3
2018,12,27,4,30,72.15,0.16,3.7,80,577,257,0,19.700000000000003,70.52,963,80,577,0,257,25.400000000000002,67,5.300000000000001
2018,12,27,5,30,58.89,0.16,3.7,95,782,499,0,18.7,56.21,963,95,782,0,499,28.3,67,5.4
2018,12,27,6,30,46.34,0.16,3.6,102,881,710,0,17.900000000000002,45.86,962,102,881,0,710,30.900000000000002,68,5.2
2018,12,27,7,30,35.34,0.16,3.6,106,930,864,0,17.2,38.81,961,106,930,0,864,33.1,70,4.800000000000001
2018,12,27,8,30,27.86,0.16,3.6,109,951,949,0,16.6,34.410000000000004,960,109,951,0,949,34.6,74,4.5
2018,12,27,9,30,27.02,0.16,3.6,108,955,958,0,16.1,31.43,958,108,955,0,958,35.6,80,4.1000000000000005
2018,12,27,10,30,33.33,0.16,3.6,105,939,890,0,15.700000000000001,30.25,957,105,939,0,890,35.800000000000004,86,3.9000000000000004
2018,12,27,11,30,43.79,0.16,3.6,100,900,750,0,15.4,30.18,957,100,900,0,750,35.5,90,3.9000000000000004
2018,12,27,12,30,56.1,0.16,3.7,91,824,551,0,15.200000000000001,31.38,957,91,824,0,551,34.6,93,3.9000000000000004
2018,12,27,13,30,69.25,0.16,3.7,74,681,316,0,15.200000000000001,33.94,958,74,681,0,316,33.2,96,3.6
2018,12,27,14,30,82.75,0.16,3.8000000000000003,40,342,83,0,15.600000000000001,39.06,958,40,342,0,83,31.200000000000003,100,3
2018,12,27,15,30,96.59,0.16,3.8000000000000003,0,0,0,0,16.3,44.12,959,0,0,0,0,29.8,106,2.9000000000000004
2018,12,27,16,30,110.34,0.16,3.9000000000000004,0,0,0,0,16.6,47.11,960,0,0,0,0,29,113,3.3000000000000003
2018,12,27,17,30,123.94,0.16,3.9000000000000004,0,0,0,0,17.2,52.08,960,0,0,0,0,27.900000000000002,119,3.7
2018,12,27,18,30,137.09,0.16,3.9000000000000004,0,0,0,0,18.1,59.1,960,0,0,0,0,26.700000000000003,123,3.8000000000000003
2018,12,27,19,30,149.1,0.16,4,0,0,0,0,19.1,68.01,960,0,0,0,0,25.400000000000002,122,3.7
2018,12,27,20,30,157.93,0.16,4,0,0,0,0,19.900000000000002,76.05,959,0,0,0,0,24.400000000000002,117,3.5
2018,12,27,21,30,159.03,0.16,4,0,0,0,0,20.400000000000002,82.5,959,0,0,0,0,23.6,111,3.3000000000000003
2018,12,27,22,30,151.48,0.16,4,0,0,0,0,20.700000000000003,87.05,959,0,0,0,0,23,105,3.2
2018,12,27,23,30,139.92000000000002,0.16,4,0,0,0,0,20.900000000000002,89.97,959,0,0,0,0,22.6,99,3.2
2018,12,28,0,30,126.94,0.16,3.9000000000000004,0,0,0,0,21,92.39,960,0,0,0,0,22.3,95,3.1
2018,12,28,1,30,113.41,0.16,3.9000000000000004,0,0,0,0,21.1,93.93,960,0,0,0,0,22.1,92,3
2018,12,28,2,30,99.68,0.16,3.8000000000000003,0,0,0,0,21.1,94.24,961,0,0,0,0,22.1,90,3.2
2018,12,28,3,30,85.75,0.16,3.7,30,128,40,0,21.200000000000003,89.7,962,30,128,1,40,23,88,3.8000000000000003
2018,12,28,4,30,72.25,0.16,3.7,81,568,254,1,20.900000000000002,76.82000000000001,962,81,568,0,254,25.3,85,4.6000000000000005
2018,12,28,5,30,58.980000000000004,0.16,3.6,100,767,495,0,20.1,60.67,962,100,767,0,495,28.400000000000002,83,4.800000000000001
2018,12,28,6,30,46.42,0.16,3.5,108,867,706,0,19,48.25,961,108,867,0,706,31.200000000000003,82,4.6000000000000005
2018,12,28,7,30,35.39,0.16,3.5,113,917,861,0,18,40.08,960,113,917,0,861,33.4,81,4.3
2018,12,28,8,30,27.85,0.16,3.5,116,940,947,0,17.1,34.65,958,116,940,0,947,35,81,4
2018,12,28,9,30,26.95,0.16,3.5,107,957,960,0,16.3,31.2,957,107,957,0,960,36,81,3.6
2018,12,28,10,30,33.22,0.16,3.5,106,939,892,0,15.700000000000001,29.48,956,106,939,0,892,36.300000000000004,82,3.4000000000000004
2018,12,28,11,30,43.67,0.16,3.6,101,897,751,0,15.200000000000001,28.91,956,101,897,0,751,36.1,83,3.2
2018,12,28,12,30,55.980000000000004,0.16,3.6,95,816,552,3,14.9,29.75,956,267,24,0,281,35.2,84,3
2018,12,28,13,30,69.13,0.16,3.7,78,670,316,3,14.8,32.230000000000004,957,131,3,0,132,33.7,86,2.4000000000000004
2018,12,28,14,30,82.63,0.16,3.7,42,330,84,3,15.700000000000001,38.45,958,52,1,7,52,31.6,91,1.5
2018,12,28,15,30,96.48,0.16,3.8000000000000003,0,0,0,1,17.3,46.18,959,0,0,0,0,30.1,101,1.4000000000000001
2018,12,28,16,30,110.24000000000001,0.16,3.8000000000000003,0,0,0,1,17.2,47.82,959,0,0,0,0,29.400000000000002,112,2
2018,12,28,17,30,123.84,0.16,3.9000000000000004,0,0,0,0,17.3,51.120000000000005,960,0,0,0,0,28.400000000000002,121,3
2018,12,28,18,30,137,0.16,3.9000000000000004,0,0,0,0,17.900000000000002,56.77,960,0,0,0,0,27.200000000000003,124,3.7
2018,12,28,19,30,149.04,0.16,3.9000000000000004,0,0,0,0,18.7,64.54,960,0,0,0,0,25.900000000000002,122,3.8000000000000003
2018,12,28,20,30,157.93,0.16,3.8000000000000003,0,0,0,0,19.5,72.32000000000001,960,0,0,0,0,24.8,119,3.4000000000000004
2018,12,28,21,30,159.11,0.16,3.8000000000000003,0,0,0,0,20,78.78,959,0,0,0,0,23.900000000000002,115,3
2018,12,28,22,30,151.6,0.16,3.7,0,0,0,0,20.3,83.63,959,0,0,0,0,23.200000000000003,111,2.6
2018,12,28,23,30,140.04,0.16,3.6,0,0,0,0,20.400000000000002,87.51,959,0,0,0,0,22.6,108,2.3000000000000003
2018,12,29,0,30,127.06,0.16,3.6,0,0,0,0,20.5,90.92,959,0,0,0,0,22.1,104,2.3000000000000003
2018,12,29,1,30,113.53,0.16,3.5,0,0,0,0,20.6,93.74,960,0,0,0,0,21.700000000000003,99,2.3000000000000003
2018,12,29,2,30,99.79,0.16,3.5,0,0,0,0,20.700000000000003,94.73,961,0,0,0,0,21.6,94,2.6
2018,12,29,3,30,85.86,0.16,3.5,29,140,39,0,20.8,89.64,961,29,140,0,39,22.6,90,3.5
2018,12,29,4,30,72.35000000000001,0.16,3.5,78,582,255,0,20.6,76.17,962,78,582,0,255,25.1,87,4.3
2018,12,29,5,30,59.07,0.16,3.5,98,773,495,0,19.700000000000003,59.61,962,98,773,0,495,28.3,86,4.5
2018,12,29,6,30,46.49,0.16,3.5,104,875,707,0,18.900000000000002,47.79,961,104,875,0,707,31.3,85,4.3
2018,12,29,7,30,35.43,0.16,3.6,111,920,860,0,18.1,39.75,960,111,920,0,860,33.7,84,3.9000000000000004
2018,12,29,8,30,27.84,0.16,3.6,115,939,946,0,17.5,34.910000000000004,959,115,939,1,946,35.300000000000004,84,3.5
2018,12,29,9,30,26.87,0.16,3.6,112,948,957,0,16.900000000000002,31.94,958,112,948,0,957,36.2,86,3.2
2018,12,29,10,30,33.1,0.16,3.7,111,929,889,2,16.3,30.46,957,472,187,0,629,36.4,89,3.1
2018,12,29,11,30,43.54,0.16,3.7,106,889,750,3,15.8,30.01,956,330,11,0,338,36.1,93,3.1
2018,12,29,12,30,55.85,0.16,3.8000000000000003,96,812,552,6,15.5,31.14,956,214,24,0,228,35.1,98,3.1
2018,12,29,13,30,69.01,0.16,3.8000000000000003,78,670,318,6,15.5,33.74,957,65,1,0,65,33.6,104,2.8000000000000003
2018,12,29,14,30,82.51,0.16,3.9000000000000004,42,330,86,7,15.9,38.44,958,63,24,7,66,31.8,111,2.2
2018,12,29,15,30,96.37,0.16,4,0,0,0,1,16.8,43.980000000000004,959,0,0,0,0,30.400000000000002,121,2.5
2018,12,29,16,30,110.13,0.16,4,0,0,0,3,17,46.910000000000004,960,0,0,0,0,29.5,129,3.6
2018,12,29,17,30,123.74000000000001,0.16,4.1000000000000005,0,0,0,3,17.8,53.7,960,0,0,0,0,28.1,131,4.4
2018,12,29,18,30,136.92000000000002,0.16,4,0,0,0,0,19,63.370000000000005,960,0,0,0,0,26.5,129,4.6000000000000005
2018,12,29,19,30,148.98,0.16,4,0,0,0,0,19.8,71.98,960,0,0,0,0,25.200000000000003,124,4.3
2018,12,29,20,30,157.93,0.16,3.8000000000000003,0,0,0,0,20.1,77.60000000000001,960,0,0,0,0,24.3,118,3.8000000000000003
2018,12,29,21,30,159.19,0.16,3.7,0,0,0,0,20.200000000000003,81.5,960,0,0,1,0,23.6,112,3.5
2018,12,29,22,30,151.72,0.16,3.6,0,0,0,0,20.3,84.3,960,0,0,0,0,23.1,107,3.3000000000000003
2018,12,29,23,30,140.17000000000002,0.16,3.4000000000000004,0,0,0,0,20.400000000000002,87.13,960,0,0,0,0,22.700000000000003,103,3.1
2018,12,30,0,30,127.19,0.16,3.2,0,0,0,0,20.6,89.99,960,0,0,0,0,22.3,99,3
2018,12,30,1,30,113.65,0.16,3.1,0,0,0,0,20.6,91.96000000000001,961,0,0,0,0,22,96,2.9000000000000004
2018,12,30,2,30,99.9,0.16,2.9000000000000004,0,0,0,0,20.6,92.96000000000001,962,0,0,0,0,21.8,92,3.1
2018,12,30,3,30,85.96000000000001,0.16,2.8000000000000003,29,138,39,0,20.5,87.64,963,29,138,0,39,22.700000000000003,88,3.8000000000000003
2018,12,30,4,30,72.45,0.16,2.8000000000000003,81,581,256,0,20.200000000000003,75.03,963,81,581,0,256,24.900000000000002,85,4.4
2018,12,30,5,30,59.160000000000004,0.16,2.7,102,774,499,0,19.5,60.13,963,102,774,0,499,27.900000000000002,81,4.6000000000000005
2018,12,30,6,30,46.56,0.16,2.7,114,869,712,0,18.7,48.120000000000005,962,114,869,0,712,30.900000000000002,77,4.4
2018,12,30,7,30,35.47,0.16,2.7,122,918,869,0,17.6,38.75,961,122,918,0,869,33.5,73,4
2018,12,30,8,30,27.82,0.16,2.7,125,940,957,0,16.400000000000002,32.61,960,125,940,1,957,35.300000000000004,69,3.6
2018,12,30,9,30,26.78,0.16,2.7,102,981,978,0,15.4,28.72,959,102,981,0,978,36.4,67,3.3000000000000003
2018,12,30,10,30,32.980000000000004,0.16,2.8000000000000003,100,962,908,0,14.5,26.38,958,100,962,0,908,36.9,68,3.2
2018,12,30,11,30,43.410000000000004,0.16,2.8000000000000003,95,926,768,0,13.700000000000001,25.27,957,95,926,1,768,36.800000000000004,70,3.2
2018,12,30,12,30,55.730000000000004,0.16,2.9000000000000004,92,841,565,3,13.200000000000001,25.310000000000002,957,271,25,0,285,36.1,73,3.3000000000000003
2018,12,30,13,30,68.88,0.16,2.9000000000000004,76,698,327,3,12.8,26.95,958,137,3,0,138,34.5,76,3
2018,12,30,14,30,82.4,0.16,2.9000000000000004,42,365,90,3,13.200000000000001,32.01,959,68,17,7,70,31.900000000000002,80,2.3000000000000003
2018,12,30,15,30,96.25,0.16,2.9000000000000004,0,0,0,0,14,37.53,959,0,0,0,0,30.1,84,2.2
2018,12,30,16,30,110.03,0.16,2.9000000000000004,0,0,0,0,13.8,38.36,960,0,0,0,0,29.400000000000002,90,2.8000000000000003
2018,12,30,17,30,123.65,0.16,2.9000000000000004,0,0,0,0,14,41.54,960,0,0,0,0,28.3,101,3.4000000000000004
2018,12,30,18,30,136.84,0.16,2.9000000000000004,0,0,0,0,15,48.21,961,0,0,0,0,26.900000000000002,112,4
2018,12,30,19,30,148.93,0.16,3,0,0,0,0,16.8,58.81,961,0,0,0,0,25.400000000000002,116,4.2
2018,12,30,20,30,157.94,0.16,2.9000000000000004,0,0,0,0,18.3,69.48,961,0,0,0,0,24.200000000000003,114,4
2018,12,30,21,30,159.29,0.16,2.8000000000000003,0,0,0,0,19.200000000000003,78.07000000000001,960,0,0,0,0,23.200000000000003,107,3.7
2018,12,30,22,30,151.84,0.16,2.7,0,0,0,0,19.6,83.64,960,0,0,0,0,22.5,100,3.4000000000000004
2018,12,30,23,30,140.3,0.16,2.6,0,0,0,0,19.8,87.27,960,0,0,0,0,22,94,3.3000000000000003
2018,12,31,0,30,127.31,0.16,2.4000000000000004,0,0,0,0,19.900000000000002,90.74,961,0,0,0,0,21.5,88,3.2
2018,12,31,1,30,113.77,0.16,2.3000000000000003,0,0,0,0,20,93.53,962,0,0,0,0,21.1,83,3.2
2018,12,31,2,30,100.02,0.16,2.2,0,0,0,0,20,93.88,962,0,0,0,0,21,79,3.5
2018,12,31,3,30,86.06,0.16,2.2,27,192,40,0,19.900000000000002,88.36,963,27,192,0,40,21.900000000000002,75,4.2
2018,12,31,4,30,72.54,0.16,2.2,68,660,266,1,19.400000000000002,73.67,964,68,660,0,266,24.400000000000002,72,4.800000000000001
2018,12,31,5,30,59.24,0.16,2.3000000000000003,85,836,513,3,18.1,56.300000000000004,963,114,0,0,114,27.6,71,5
2018,12,31,6,30,46.62,0.16,2.3000000000000003,102,906,724,3,16.7,43.38,963,267,1,0,268,30.6,69,4.800000000000001
2018,12,31,7,30,35.5,0.16,2.4000000000000004,110,946,881,1,15.700000000000001,35.42,962,110,946,0,881,33,67,4.5
2018,12,31,8,30,27.8,0.16,2.5,115,962,967,0,15,30.92,960,115,962,0,967,34.6,65,4.2
2018,12,31,9,30,26.69,0.16,2.6,113,966,976,0,14.100000000000001,27.580000000000002,959,113,966,0,976,35.7,64,3.9000000000000004
2018,12,31,10,30,32.86,0.16,2.6,111,950,909,0,13.200000000000001,25.22,958,111,950,0,909,36.2,64,3.7
2018,12,31,11,30,43.28,0.16,2.7,105,911,768,0,12.3,23.96,958,105,911,0,768,36.1,66,3.6
2018,12,31,12,30,55.6,0.16,2.7,94,840,569,0,11.600000000000001,23.76,958,94,840,0,569,35.4,67,3.6
2018,12,31,13,30,68.76,0.16,2.7,77,702,331,1,11.100000000000001,25.21,958,77,702,0,331,33.7,69,3.1
2018,12,31,14,30,82.28,0.16,2.7,43,375,93,1,11.4,30.25,959,43,375,0,93,30.8,72,2.2
2018,12,31,15,30,96.14,0.16,2.6,0,0,0,0,12.200000000000001,36.550000000000004,960,0,0,0,0,28.5,73,1.9000000000000001
2018,12,31,16,30,109.92,0.16,2.6,0,0,0,0,11.8,37.26,961,0,0,0,0,27.700000000000003,72,2.2
2018,12,31,17,30,123.56,0.16,2.7,0,0,0,0,11.700000000000001,39.01,961,0,0,0,0,26.8,74,2.4000000000000004
2018,12,31,18,30,136.76,0.16,2.7,0,0,0,0,12,41.95,961,0,0,0,0,25.900000000000002,84,2.6
2018,12,31,19,30,148.89000000000001,0.16,2.8000000000000003,0,0,0,0,12.9,47.11,961,0,0,0,0,25,95,3.1
2018,12,31,20,30,157.96,0.16,2.8000000000000003,0,0,0,0,14.700000000000001,56.120000000000005,961,0,0,0,0,24,102,3.5
2018,12,31,21,30,159.39000000000001,0.16,2.9000000000000004,0,0,0,0,16.8,67.61,961,0,0,0,0,23.1,102,3.4000000000000004
2018,12,31,22,30,151.98,0.16,2.9000000000000004,0,0,0,0,18.400000000000002,78.54,961,0,0,0,0,22.3,98,3.2
2018,12,31,23,30,140.43,0.16,2.8000000000000003,0,0,0,0,19.5,87.17,961,0,0,0,0,21.700000000000003,92,3.1
