Source,Location ID,City,State,Country,Latitude,Longitude,Time Zone,Elevation,Local Time Zone,Clearsky DHI Units,Clearsky DNI Units,Clearsky GHI Units,Dew Point Units,DHI Units,DNI Units,GHI Units,Solar Zenith Angle Units,Temperature Units,Pressure Units,Relative Humidity Units,Precipitable Water Units,Wind Direction Units,Wind Speed Units,Cloud Type -15,Cloud Type 0,Cloud Type 1,Cloud Type 2,Cloud Type 3,Cloud Type 4,Cloud Type 5,Cloud Type 6,Cloud Type 7,Cloud Type 8,Cloud Type 9,Cloud Type 10,Cloud Type 11,Cloud Type 12,Fill Flag 0,Fill Flag 1,Fill Flag 2,Fill Flag 3,Fill Flag 4,Fill Flag 5,Surface Albedo Units,Version
NSRDB,2266024,-,-,-,3.09,43.62,0,452,3,w/m2,w/m2,w/m2,c,w/m2,w/m2,w/m2,Degree,c,mbar,%,cm,Degrees,m/s,N/A,Clear,Probably Clear,Fog,Water,Super-Cooled Water,Mixed,Opaque Ice,Cirrus,Overlapping,Overshooting,Unknown,Dust,Smoke,N/A,Missing Image,Low Irradiance,Exceeds Clearsky,Missing CLoud Properties,Rayleigh Violation,N/A,4.0.0
Year,Month,Day,Hour,Minute,Solar Zenith Angle,Surface Albedo,Precipitable Water,Clearsky DHI,Clearsky DNI,Clearsky GHI,Cloud Type,Dew Point,Relative Humidity,Pressure,DHI,DNI,Fill Flag,GHI,Temperature,Wind Direction,Wind Speed
2010,1,1,0,30,127.46000000000001,0.16,3.3000000000000003,0,0,0,0,19.200000000000003,98.45,958,0,0,0,0,19.5,103,1.6
2010,1,1,1,30,113.91,0.16,3.3000000000000003,0,0,0,0,19.3,100,959,0,0,0,0,19.3,98,1.6
2010,1,1,2,30,100.15,0.16,3.3000000000000003,0,0,0,0,19.400000000000002,100,960,0,0,0,0,19.400000000000002,92,2
2010,1,1,3,30,86.18,0.16,3.4000000000000004,28,74,33,0,19.5,91.77,960,28,74,0,33,20.900000000000002,86,2.9000000000000004
2010,1,1,4,30,72.65,0.16,3.4000000000000004,92,502,242,1,19.400000000000002,76.76,960,92,502,0,242,23.700000000000003,82,3.8000000000000003
2010,1,1,5,30,59.34,0.16,3.4000000000000004,120,709,481,0,18.7,60.660000000000004,960,120,709,0,481,26.900000000000002,77,4.1000000000000005
2010,1,1,6,30,46.69,0.16,3.4000000000000004,135,813,692,0,17.400000000000002,46.6,960,135,813,0,692,30.1,69,4
2010,1,1,7,30,35.53,0.16,3.4000000000000004,145,865,849,0,16,37,959,145,865,0,849,32.6,63,3.7
2010,1,1,8,30,27.76,0.16,3.4000000000000004,149,889,936,0,15.3,32.36,957,149,889,0,936,34.2,59,3.4000000000000004
2010,1,1,9,30,26.580000000000002,0.16,3.4000000000000004,137,913,953,0,14.9,29.740000000000002,956,137,913,0,953,35.2,58,3.2
2010,1,1,10,30,32.7,0.16,3.4000000000000004,134,896,888,0,14.5,28.45,955,134,896,0,888,35.6,60,3
2010,1,1,11,30,43.12,0.16,3.4000000000000004,126,855,750,0,14.3,28.41,955,126,855,0,750,35.300000000000004,62,2.8000000000000003
2010,1,1,12,30,55.44,0.16,3.4000000000000004,113,777,554,3,14,29.41,955,325,177,0,426,34.4,64,2.7
2010,1,1,13,30,68.61,0.16,3.4000000000000004,90,633,321,0,14,32.86,955,90,633,0,321,32.4,68,2
2010,1,1,14,30,82.14,0.16,3.4000000000000004,48,304,89,0,17.900000000000002,49.88,956,48,304,0,89,29.400000000000002,74,1.4000000000000001
2010,1,1,15,30,96.01,0.16,3.4000000000000004,0,0,0,0,18.6,58.49,957,0,0,0,0,27.5,77,1.5
2010,1,1,16,30,109.8,0.16,3.4000000000000004,0,0,0,0,17.8,58.38,957,0,0,0,0,26.6,76,1.7000000000000002
2010,1,1,17,30,123.45,0.16,3.4000000000000004,0,0,0,1,17.400000000000002,60.51,958,0,0,0,0,25.6,79,1.7000000000000002
2010,1,1,18,30,136.67000000000002,0.16,3.4000000000000004,0,0,0,3,17.400000000000002,64.34,958,0,0,0,0,24.6,90,1.8
2010,1,1,19,30,148.83,0.16,3.5,0,0,0,0,17.5,68.26,958,0,0,0,0,23.700000000000003,106,2.2
2010,1,1,20,30,157.98,0.16,3.6,0,0,0,0,17.8,73.12,958,0,0,0,0,22.900000000000002,117,2.7
2010,1,1,21,30,159.51,0.16,3.6,0,0,0,0,18.6,80.62,958,0,0,0,0,22.1,121,3
2010,1,1,22,30,152.14000000000001,0.16,3.6,0,0,0,0,19.400000000000002,88.62,958,0,0,0,0,21.400000000000002,119,2.8000000000000003
2010,1,1,23,30,140.59,0.16,3.6,0,0,0,3,20.1,94.93,958,0,0,0,0,20.900000000000002,113,2.7
2010,1,2,0,30,127.59,0.16,3.6,0,0,0,0,20.400000000000002,97.96000000000001,959,0,0,0,0,20.700000000000003,104,2.9000000000000004
2010,1,2,1,30,114.03,0.16,3.7,0,0,0,0,20.400000000000002,98.29,959,0,0,0,0,20.700000000000003,91,3.2
2010,1,2,2,30,100.26,0.16,3.7,0,0,0,0,20.400000000000002,97.38,960,0,0,0,0,20.8,79,3.7
2010,1,2,3,30,86.28,0.16,3.7,27,39,30,1,20.3,90.14,961,27,39,0,30,22,69,4.800000000000001
2010,1,2,4,30,72.74,0.16,3.7,105,432,233,3,19.900000000000002,76.08,962,54,0,0,54,24.400000000000002,64,6
2010,1,2,5,30,59.410000000000004,0.16,3.6,136,660,472,0,19,60.86,962,136,660,0,472,27.200000000000003,60,6.300000000000001
2010,1,2,6,30,46.75,0.16,3.6,159,758,678,0,17.900000000000002,48.870000000000005,961,159,758,0,678,29.8,57,6.2
2010,1,2,7,30,35.550000000000004,0.16,3.5,172,815,836,0,16.900000000000002,40.7,960,172,815,0,836,31.900000000000002,54,6
2010,1,2,8,30,27.72,0.16,3.5,180,841,924,0,16.1,35.300000000000004,959,180,841,0,924,33.5,50,5.7
2010,1,2,9,30,26.47,0.16,3.4000000000000004,189,833,935,0,15.3,31.86,958,189,833,0,935,34.5,46,5.4
2010,1,2,10,30,32.57,0.16,3.4000000000000004,184,814,870,2,14.700000000000001,29.66,957,509,207,0,684,35,43,5.1000000000000005
2010,1,2,11,30,42.980000000000004,0.16,3.3000000000000003,171,772,736,0,14.100000000000001,28.68,956,171,772,0,736,34.9,42,4.800000000000001
2010,1,2,12,30,55.31,0.16,3.2,149,691,543,3,13.600000000000001,29.02,956,351,115,0,416,34.1,42,4.5
2010,1,2,13,30,68.49,0.16,3.2,116,536,312,3,13.3,31.830000000000002,956,188,15,0,194,32.1,45,3.4000000000000004
2010,1,2,14,30,82.02,0.16,3.2,57,209,86,1,14.9,42.6,957,57,209,0,86,28.900000000000002,50,2.2
2010,1,2,15,30,95.9,0.16,3.2,0,0,0,3,16.400000000000002,53.160000000000004,958,0,0,0,0,26.700000000000003,53,1.9000000000000001
2010,1,2,16,30,109.7,0.16,3.2,0,0,0,0,16.1,55.04,959,0,0,0,0,25.8,55,2.1
2010,1,2,17,30,123.36,0.16,3.2,0,0,0,0,15.9,56.550000000000004,960,0,0,0,0,25.1,57,2.2
2010,1,2,18,30,136.61,0.16,3.2,0,0,0,0,15.700000000000001,58.620000000000005,960,0,0,0,0,24.3,64,2.5
2010,1,2,19,30,148.8,0.16,3.2,0,0,0,0,15.600000000000001,61.11,960,0,0,0,0,23.5,73,2.9000000000000004
2010,1,2,20,30,158.01,0.16,3.1,0,0,0,0,15.8,64.99,960,0,0,0,0,22.700000000000003,80,3.3000000000000003
2010,1,2,21,30,159.63,0.16,3.1,0,0,0,0,16.400000000000002,70.98,959,0,0,0,0,21.900000000000002,81,3.4000000000000004
2010,1,2,22,30,152.28,0.16,3,0,0,0,0,17.3,78.60000000000001,959,0,0,0,0,21.200000000000003,75,3.4000000000000004
2010,1,2,23,30,140.72,0.16,2.9000000000000004,0,0,0,0,18.1,85.14,959,0,0,0,0,20.700000000000003,67,3.6
2010,1,3,0,30,127.71000000000001,0.16,2.8000000000000003,0,0,0,0,18.3,88.9,960,0,0,0,0,20.200000000000003,61,3.9000000000000004
2010,1,3,1,30,114.15,0.16,2.7,0,0,0,3,17.900000000000002,89.18,961,0,0,0,0,19.700000000000003,59,4.2
2010,1,3,2,30,100.37,0.16,2.7,0,0,0,3,17.2,86.47,961,0,0,0,0,19.5,58,4.5
2010,1,3,3,30,86.37,0.16,2.7,27,81,32,3,16.8,78.82000000000001,962,21,0,7,21,20.6,57,5.800000000000001
2010,1,3,4,30,72.83,0.16,2.8000000000000003,92,513,243,0,16.5,66.22,963,92,513,0,243,23.1,58,7.4
2010,1,3,5,30,59.480000000000004,0.16,2.8000000000000003,120,715,483,0,15.600000000000001,52.96,963,120,715,0,483,25.900000000000002,59,7.9
2010,1,3,6,30,46.800000000000004,0.16,2.9000000000000004,137,815,695,0,14.700000000000001,42.85,962,137,815,0,695,28.5,58,7.6000000000000005
2010,1,3,7,30,35.56,0.16,2.9000000000000004,147,869,854,0,13.700000000000001,35.44,961,147,869,0,854,30.700000000000003,56,7.2
2010,1,3,8,30,27.67,0.16,3,152,892,942,0,12.8,30.27,960,152,892,0,942,32.5,53,6.6000000000000005
2010,1,3,9,30,26.36,0.16,2.9000000000000004,146,909,960,0,12.3,27.35,959,146,909,0,960,33.7,50,6.2
2010,1,3,10,30,32.43,0.16,2.9000000000000004,144,889,895,0,12,26.07,958,144,889,0,895,34.2,48,5.800000000000001
2010,1,3,11,30,42.84,0.16,2.8000000000000003,136,848,757,0,11.700000000000001,25.7,957,136,848,0,757,34.1,47,5.5
2010,1,3,12,30,55.18,0.16,2.7,122,770,561,0,11.3,26.18,957,122,770,0,561,33.300000000000004,49,5.1000000000000005
2010,1,3,13,30,68.36,0.16,2.6,99,615,326,0,10.8,28.27,958,99,615,0,326,31.400000000000002,52,4
2010,1,3,14,30,81.91,0.16,2.5,53,270,91,0,11.600000000000001,35.63,958,53,270,0,91,28.200000000000003,57,2.8000000000000003
2010,1,3,15,30,95.79,0.16,2.4000000000000004,0,0,0,0,12.3,42.730000000000004,959,0,0,0,0,25.900000000000002,61,2.8000000000000003
2010,1,3,16,30,109.60000000000001,0.16,2.2,0,0,0,0,10.9,41.07,960,0,0,0,0,25,61,3.5
2010,1,3,17,30,123.28,0.16,2.1,0,0,0,0,9.5,39.88,961,0,0,0,0,24,62,4
2010,1,3,18,30,136.54,0.16,2,0,0,0,0,8.4,39.31,961,0,0,0,0,23,64,4.3
2010,1,3,19,30,148.77,0.16,1.9000000000000001,0,0,0,0,7.7,40.07,961,0,0,0,0,21.900000000000002,65,4.1000000000000005
2010,1,3,20,30,158.05,0.16,1.9000000000000001,0,0,0,0,7.9,43.410000000000004,961,0,0,0,0,20.8,64,3.7
2010,1,3,21,30,159.75,0.16,2,0,0,0,0,8.8,48.910000000000004,961,0,0,0,0,19.8,62,3.5
2010,1,3,22,30,152.42000000000002,0.16,2,0,0,0,0,10.100000000000001,55.57,960,0,0,0,0,19.200000000000003,61,3.7
2010,1,3,23,30,140.86,0.16,2,0,0,0,0,11.700000000000001,64.24,960,0,0,0,0,18.6,60,3.9000000000000004
2010,1,4,0,30,127.84,0.16,2,0,0,0,0,13.100000000000001,72.37,961,0,0,0,0,18.2,58,4.1000000000000005
2010,1,4,1,30,114.26,0.16,2,0,0,0,0,14.3,79.85000000000001,961,0,0,0,0,17.8,56,4.2
2010,1,4,2,30,100.48,0.16,2,0,0,0,0,15.100000000000001,84.77,962,0,0,0,0,17.7,54,4.4
2010,1,4,3,30,86.46000000000001,0.16,1.9000000000000001,27,86,33,0,15.600000000000001,80.57000000000001,963,27,86,0,33,19,55,5.5
2010,1,4,4,30,72.91,0.16,1.9000000000000001,90,543,250,0,15.600000000000001,66.82000000000001,963,90,543,0,250,22.1,57,6.9
2010,1,4,5,30,59.550000000000004,0.16,1.9000000000000001,118,749,497,0,14.200000000000001,49.78,963,118,749,0,497,25.5,58,7.5
2010,1,4,6,30,46.84,0.16,1.8,134,852,717,0,12.200000000000001,36.85,962,134,852,0,717,28.400000000000002,57,7.300000000000001
2010,1,4,7,30,35.57,0.16,1.8,142,906,879,0,10.3,28.28,962,142,906,0,879,30.8,55,6.800000000000001
2010,1,4,8,30,27.62,0.16,1.8,147,930,972,0,8.9,23.12,960,147,930,0,972,32.6,52,6.2
2010,1,4,9,30,26.240000000000002,0.16,1.8,146,937,987,0,7.7,20.03,959,146,937,0,987,33.7,50,5.7
2010,1,4,10,30,32.28,0.16,1.8,141,924,922,0,6.6000000000000005,18.14,958,141,924,0,922,34.2,49,5.2
2010,1,4,11,30,42.7,0.16,1.8,131,887,783,0,5.7,17.18,957,131,887,0,783,34.1,49,4.800000000000001
2010,1,4,12,30,55.04,0.16,1.8,119,807,581,0,5.1000000000000005,17.150000000000002,957,119,807,0,581,33.300000000000004,50,4.4
2010,1,4,13,30,68.24,0.16,1.8,96,658,340,0,4.800000000000001,19.25,957,96,658,0,340,30.900000000000002,52,3.2
2010,1,4,14,30,81.79,0.16,1.8,53,316,98,0,8,30.12,958,53,316,0,98,27,55,2
2010,1,4,15,30,95.69,0.16,1.8,0,0,0,0,9.600000000000001,39.01,959,0,0,0,0,24.400000000000002,55,1.9000000000000001
2010,1,4,16,30,109.51,0.16,1.8,0,0,0,0,9.3,40.45,959,0,0,0,0,23.5,55,2.1
2010,1,4,17,30,123.19,0.16,1.9000000000000001,0,0,0,0,9.5,43.02,960,0,0,0,0,22.700000000000003,56,2.2
2010,1,4,18,30,136.48,0.16,1.9000000000000001,0,0,0,0,10.100000000000001,46.65,960,0,0,0,0,22,61,2.4000000000000004
2010,1,4,19,30,148.75,0.16,2.1,0,0,0,0,11,51.84,960,0,0,0,0,21.3,69,2.5
2010,1,4,20,30,158.09,0.16,2.2,0,0,0,0,12.4,58.58,960,0,0,0,0,20.8,76,2.6
2010,1,4,21,30,159.88,0.16,2.3000000000000003,0,0,0,0,14,67.28,960,0,0,0,0,20.3,80,2.9000000000000004
2010,1,4,22,30,152.57,0.16,2.5,0,0,0,0,15.700000000000001,76.38,960,0,0,0,0,20,79,3
2010,1,4,23,30,141,0.16,2.5,0,0,0,0,17.2,85.25,960,0,0,0,0,19.700000000000003,75,3
2010,1,5,0,30,127.97,0.16,2.6,0,0,0,0,18.2,92.9,960,0,0,0,0,19.400000000000002,69,2.9000000000000004
2010,1,5,1,30,114.38,0.16,2.6,0,0,0,0,18.900000000000002,97.82000000000001,961,0,0,0,0,19.3,64,3
2010,1,5,2,30,100.58,0.16,2.5,0,0,0,0,19.3,98.56,961,0,0,0,0,19.5,61,3.4000000000000004
2010,1,5,3,30,86.56,0.16,2.5,26,79,31,0,19.3,90.78,962,26,79,0,31,20.900000000000002,60,4.6000000000000005
2010,1,5,4,30,73,0.16,2.4000000000000004,83,564,248,0,19,74.14,962,83,564,0,248,23.900000000000002,62,5.9
2010,1,5,5,30,59.620000000000005,0.16,2.4000000000000004,101,781,496,0,17.8,56.480000000000004,962,101,781,0,496,27.200000000000003,62,6.300000000000001
2010,1,5,6,30,46.88,0.16,2.4000000000000004,111,883,715,0,16,42.86,961,111,883,0,715,30,60,6.1000000000000005
2010,1,5,7,30,35.57,0.16,2.4000000000000004,115,938,878,0,14.700000000000001,34.910000000000004,960,115,938,0,878,32.1,58,5.7
2010,1,5,8,30,27.560000000000002,0.16,2.5,115,964,970,0,13.8,29.89,959,115,964,0,970,33.800000000000004,56,5.300000000000001
2010,1,5,9,30,26.11,0.16,2.5,116,967,984,0,13,26.830000000000002,958,116,967,0,984,34.800000000000004,56,4.800000000000001
2010,1,5,10,30,32.13,0.16,2.5,112,955,921,0,12.3,24.94,957,112,955,0,921,35.300000000000004,56,4.4
2010,1,5,11,30,42.550000000000004,0.16,2.6,104,920,782,0,11.8,24.25,956,104,920,0,782,35.2,58,4.1000000000000005
2010,1,5,12,30,54.9,0.16,2.6,93,854,584,0,11.4,24.7,956,93,854,0,584,34.5,61,3.8000000000000003
2010,1,5,13,30,68.11,0.16,2.7,76,719,344,0,11.3,27.41,956,76,719,0,344,32.5,64,3
2010,1,5,14,30,81.68,0.16,2.7,45,401,103,0,13.200000000000001,37.63,956,45,401,0,103,29.1,69,2
2010,1,5,15,30,95.58,0.16,2.7,0,0,0,0,14.3,46.29,957,0,0,0,0,26.8,71,1.9000000000000001
2010,1,5,16,30,109.42,0.16,2.7,0,0,0,0,13.9,47.57,958,0,0,0,0,25.900000000000002,70,2.3000000000000003
2010,1,5,17,30,123.12,0.16,2.7,0,0,0,0,13.8,49.31,958,0,0,0,0,25.200000000000003,72,2.6
2010,1,5,18,30,136.43,0.16,2.7,0,0,0,0,14.100000000000001,53.09,958,0,0,0,0,24.3,77,2.8000000000000003
2010,1,5,19,30,148.73,0.16,2.7,0,0,0,0,14.9,58.46,958,0,0,0,0,23.5,84,3
2010,1,5,20,30,158.14000000000001,0.16,2.8000000000000003,0,0,0,0,16.1,65.86,958,0,0,0,0,22.8,90,3
2010,1,5,21,30,160.01,0.16,2.9000000000000004,0,0,0,0,17.5,75.3,958,0,0,0,0,22.1,90,3
2010,1,5,22,30,152.72,0.16,3,0,0,0,0,18.8,84.35000000000001,958,0,0,0,0,21.6,85,3
2010,1,5,23,30,141.14000000000001,0.16,3,0,0,0,0,19.900000000000002,92.06,958,0,0,0,0,21.200000000000003,77,2.9000000000000004
2010,1,6,0,30,128.1,0.16,2.9000000000000004,0,0,0,0,20.5,96.73,959,0,0,0,0,21,70,3
2010,1,6,1,30,114.5,0.16,2.8000000000000003,0,0,0,0,20.700000000000003,99.13,959,0,0,0,0,20.8,66,3.1
2010,1,6,2,30,100.69,0.16,2.8000000000000003,0,0,0,0,20.6,98.44,959,0,0,0,0,20.900000000000002,63,3.4000000000000004
2010,1,6,3,30,86.65,0.16,2.7,26,90,31,0,20.5,90.32000000000001,960,26,90,0,31,22.200000000000003,63,4.6000000000000005
2010,1,6,4,30,73.07000000000001,0.16,2.7,77,584,247,0,19.900000000000002,73.3,960,77,584,0,247,25,63,5.7
2010,1,6,5,30,59.68,0.16,2.7,95,792,495,0,18.7,56.28,960,95,792,0,495,28.200000000000003,64,6
2010,1,6,6,30,46.92,0.16,2.7,106,888,712,0,17.3,43.82,960,106,888,0,712,31,62,5.800000000000001
2010,1,6,7,30,35.56,0.16,2.7,113,936,874,0,16.3,36.63,959,113,936,0,874,33.1,60,5.5
2010,1,6,8,30,27.490000000000002,0.16,2.8000000000000003,117,955,964,0,15.700000000000001,32.59,958,117,955,0,964,34.5,57,5.2
2010,1,6,9,30,25.98,0.16,2.8000000000000003,122,952,977,0,15.100000000000001,29.86,957,122,952,0,977,35.4,54,4.800000000000001
2010,1,6,10,30,31.98,0.16,2.8000000000000003,118,939,914,0,14.5,28.04,956,118,939,0,914,35.800000000000004,53,4.6000000000000005
2010,1,6,11,30,42.410000000000004,0.16,2.8000000000000003,111,903,778,1,13.9,27.330000000000002,955,111,903,0,778,35.6,52,4.3
2010,1,6,12,30,54.77,0.16,2.8000000000000003,98,839,582,1,13.5,27.8,955,98,839,0,582,34.800000000000004,53,4.1000000000000005
2010,1,6,13,30,67.98,0.16,2.8000000000000003,81,703,344,3,13.3,30.080000000000002,955,183,345,7,312,33.1,56,3.3000000000000003
2010,1,6,14,30,81.57000000000001,0.16,2.8000000000000003,47,381,103,3,14.3,38.01,955,78,28,7,83,30.200000000000003,62,2.2
2010,1,6,15,30,95.48,0.16,2.8000000000000003,0,0,0,1,15.4,45.730000000000004,956,0,0,0,0,28.200000000000003,67,1.9000000000000001
2010,1,6,16,30,109.32000000000001,0.16,2.8000000000000003,0,0,0,0,15.100000000000001,47,957,0,0,0,0,27.400000000000002,69,2.2
2010,1,6,17,30,123.04,0.16,2.8000000000000003,0,0,0,0,15,49.26,957,0,0,0,0,26.5,71,2.4000000000000004
2010,1,6,18,30,136.37,0.16,2.7,0,0,0,0,15.100000000000001,52.38,957,0,0,0,0,25.6,77,2.6
2010,1,6,19,30,148.71,0.16,2.8000000000000003,0,0,0,0,15.5,56.870000000000005,958,0,0,0,0,24.6,86,2.8000000000000003
2010,1,6,20,30,158.20000000000002,0.16,2.8000000000000003,0,0,0,0,16.2,62.910000000000004,958,0,0,0,0,23.700000000000003,93,3.1
2010,1,6,21,30,160.15,0.16,2.9000000000000004,0,0,0,0,17.400000000000002,71.12,958,0,0,0,0,22.900000000000002,94,3.3000000000000003
2010,1,6,22,30,152.88,0.16,2.9000000000000004,0,0,0,0,18.7,80.82000000000001,958,0,0,0,0,22.200000000000003,88,3.6
2010,1,6,23,30,141.29,0.16,2.9000000000000004,0,0,0,0,19.900000000000002,89.44,958,0,0,0,0,21.700000000000003,80,3.8000000000000003
2010,1,7,0,30,128.22,0.16,2.8000000000000003,0,0,0,0,20.6,94.94,958,0,0,0,0,21.400000000000002,74,3.7
2010,1,7,1,30,114.61,0.16,2.8000000000000003,0,0,0,0,20.8,97.49000000000001,958,0,0,0,0,21.200000000000003,70,3.7
2010,1,7,2,30,100.79,0.16,2.8000000000000003,0,0,0,0,20.8,97.31,959,0,0,0,0,21.200000000000003,69,3.8000000000000003
2010,1,7,3,30,86.73,0.16,2.7,25,61,29,0,20.6,89.82000000000001,959,25,61,0,29,22.400000000000002,68,4.7
2010,1,7,4,30,73.15,0.16,2.7,88,525,240,0,20,74.26,960,88,525,0,240,24.900000000000002,68,5.9
2010,1,7,5,30,59.74,0.16,2.7,112,741,485,0,18.8,58.44,960,112,741,0,485,27.700000000000003,67,6.5
2010,1,7,6,30,46.95,0.16,2.7,117,862,705,0,17.7,47,960,117,862,0,705,30.3,65,6.6000000000000005
2010,1,7,7,30,35.550000000000004,0.16,2.7,123,917,869,0,17.1,40.2,959,123,917,0,869,32.300000000000004,63,6.4
2010,1,7,8,30,27.41,0.16,2.7,125,944,963,0,16.6,35.64,958,125,944,0,963,33.9,60,6.1000000000000005
2010,1,7,9,30,25.830000000000002,0.16,2.8000000000000003,124,947,977,0,16.1,32.61,957,124,947,0,977,34.9,57,5.6000000000000005
2010,1,7,10,30,31.82,0.16,2.8000000000000003,121,933,914,0,15.5,30.68,956,121,933,0,914,35.300000000000004,53,5.2
2010,1,7,11,30,42.25,0.16,2.8000000000000003,114,897,778,0,14.9,29.740000000000002,955,114,897,0,778,35.2,50,4.800000000000001
2010,1,7,12,30,54.63,0.16,2.8000000000000003,101,830,582,0,14.4,30.14,955,101,830,0,582,34.4,49,4.5
2010,1,7,13,30,67.86,0.16,2.8000000000000003,81,701,345,0,14.100000000000001,32.25,956,81,701,0,345,32.800000000000004,49,3.7
2010,1,7,14,30,81.45,0.16,2.7,46,407,106,3,14.5,38.21,956,6,0,0,6,30.3,52,2.6
2010,1,7,15,30,95.38,0.16,2.7,0,0,0,0,15.3,44.97,957,0,0,0,0,28.400000000000002,54,2.4000000000000004
2010,1,7,16,30,109.24000000000001,0.16,2.7,0,0,0,0,15,46.15,957,0,0,0,0,27.6,55,2.9000000000000004
2010,1,7,17,30,122.97,0.16,2.6,0,0,0,0,14.9,48.53,958,0,0,0,0,26.6,56,3
2010,1,7,18,30,136.32,0.16,2.6,0,0,0,0,14.9,51.76,958,0,0,0,0,25.5,60,2.9000000000000004
2010,1,7,19,30,148.70000000000002,0.16,2.6,0,0,0,3,14.9,54.95,958,0,0,0,0,24.6,67,2.9000000000000004
2010,1,7,20,30,158.26,0.16,2.6,0,0,0,0,15.100000000000001,58.25,958,0,0,0,0,23.8,75,3.2
2010,1,7,21,30,160.3,0.16,2.6,0,0,0,0,15.600000000000001,62.940000000000005,958,0,0,0,0,23,82,3.4000000000000004
2010,1,7,22,30,153.04,0.16,2.7,0,0,0,0,16.400000000000002,69.67,958,0,0,0,0,22.200000000000003,85,3.4000000000000004
2010,1,7,23,30,141.43,0.16,2.7,0,0,0,0,17.400000000000002,77.13,958,0,0,0,0,21.6,85,3.3000000000000003
2010,1,8,0,30,128.35,0.16,2.7,0,0,0,0,18.400000000000002,84.9,959,0,0,0,0,21,81,3.4000000000000004
2010,1,8,1,30,114.73,0.16,2.7,0,0,0,0,19,90.63,959,0,0,0,0,20.6,75,3.8000000000000003
2010,1,8,2,30,100.89,0.16,2.7,0,0,0,0,19.3,93.14,960,0,0,0,0,20.400000000000002,69,4.3
2010,1,8,3,30,86.82000000000001,0.16,2.6,24,64,28,0,19,85.56,961,24,64,0,28,21.5,65,5.7
2010,1,8,4,30,73.22,0.16,2.5,88,528,240,0,17.2,67.16,962,88,528,0,240,23.700000000000003,63,7.1000000000000005
2010,1,8,5,30,59.79,0.16,2.4000000000000004,116,735,486,0,14.8,49.07,962,116,735,0,486,26.3,63,7.4
2010,1,8,6,30,46.980000000000004,0.16,2.3000000000000003,133,838,705,0,13.200000000000001,38.410000000000004,962,133,838,0,705,28.8,62,7.2
2010,1,8,7,30,35.54,0.16,2.3000000000000003,144,890,869,0,12.200000000000001,31.64,961,144,890,0,869,31,60,6.800000000000001
2010,1,8,8,30,27.330000000000002,0.16,2.2,149,917,964,0,11.5,27.37,960,149,917,0,964,32.7,57,6.300000000000001
2010,1,8,9,30,25.69,0.16,2.2,140,937,985,0,11,24.8,959,140,937,0,985,33.9,54,5.800000000000001
2010,1,8,10,30,31.650000000000002,0.16,2.2,133,928,923,0,10.600000000000001,23.36,957,133,928,0,923,34.5,51,5.5
2010,1,8,11,30,42.1,0.16,2.2,120,899,787,0,10.200000000000001,22.84,956,120,899,0,787,34.4,49,5.2
2010,1,8,12,30,54.49,0.16,2.1,103,844,593,0,9.700000000000001,23.05,956,103,844,0,593,33.7,47,4.9
2010,1,8,13,30,67.73,0.16,2.1,83,715,354,0,9.3,24.77,956,83,715,0,354,31.900000000000002,47,4.1000000000000005
2010,1,8,14,30,81.34,0.16,2,48,405,109,0,9.700000000000001,30.5,957,48,405,0,109,28.700000000000003,49,2.8000000000000003
2010,1,8,15,30,95.28,0.16,2,0,0,0,0,10.3,36.68,958,0,0,0,0,26.3,50,2.5
2010,1,8,16,30,109.15,0.16,1.9000000000000001,0,0,0,0,9.5,36.59,959,0,0,0,0,25.400000000000002,49,2.9000000000000004
2010,1,8,17,30,122.9,0.16,1.9000000000000001,0,0,0,0,8.8,37.13,959,0,0,0,0,24.400000000000002,49,2.9000000000000004
2010,1,8,18,30,136.28,0.16,1.9000000000000001,0,0,0,0,8.3,38.160000000000004,959,0,0,0,0,23.400000000000002,51,2.9000000000000004
2010,1,8,19,30,148.70000000000002,0.16,1.8,0,0,0,0,7.9,38.800000000000004,959,0,0,0,0,22.6,56,3
2010,1,8,20,30,158.33,0.16,1.9000000000000001,0,0,0,0,7.5,39.480000000000004,959,0,0,0,0,21.900000000000002,62,3.3000000000000003
2010,1,8,21,30,160.45000000000002,0.16,2,0,0,0,0,7.6000000000000005,41.36,959,0,0,0,0,21.200000000000003,69,3.6
2010,1,8,22,30,153.20000000000002,0.16,2.1,0,0,0,0,8.5,46.12,959,0,0,0,0,20.5,72,3.7
2010,1,8,23,30,141.58,0.16,2.1,0,0,0,0,10.4,54.49,959,0,0,0,0,19.8,71,3.6
2010,1,9,0,30,128.48,0.16,2.1,0,0,0,0,12.4,64.93,959,0,0,0,0,19.200000000000003,68,3.6
2010,1,9,1,30,114.84,0.16,2.1,0,0,0,0,14,74.3,960,0,0,0,0,18.7,64,3.8000000000000003
2010,1,9,2,30,100.99000000000001,0.16,2,0,0,0,0,14.9,79.43,961,0,0,0,0,18.5,59,4.2
2010,1,9,3,30,86.9,0.16,2,24,63,27,0,15.200000000000001,75.38,962,24,63,0,27,19.700000000000003,57,5.6000000000000005
2010,1,9,4,30,73.29,0.16,2,88,536,243,0,14.700000000000001,61.25,962,88,536,0,243,22.5,58,7.1000000000000005
2010,1,9,5,30,59.84,0.16,1.9000000000000001,116,749,493,0,13.100000000000001,46.17,963,116,749,0,493,25.5,57,7.4
2010,1,9,6,30,47,0.16,1.9000000000000001,134,848,712,0,11.8,35.93,962,134,848,0,712,28.3,56,6.9
2010,1,9,7,30,35.52,0.16,1.9000000000000001,144,902,878,0,10.600000000000001,28.69,961,144,902,0,878,30.8,54,6.300000000000001
2010,1,9,8,30,27.240000000000002,0.16,1.9000000000000001,148,927,973,0,9.5,23.84,960,148,927,0,973,32.800000000000004,51,5.800000000000001
2010,1,9,9,30,25.53,0.16,1.9000000000000001,150,931,989,0,8.6,21.04,959,150,931,0,989,34,49,5.300000000000001
2010,1,9,10,30,31.48,0.16,1.9000000000000001,147,913,926,0,7.9,19.39,958,147,913,0,926,34.6,47,4.9
2010,1,9,11,30,41.94,0.16,1.8,138,878,791,0,7.300000000000001,18.73,957,138,878,0,791,34.5,46,4.7
2010,1,9,12,30,54.35,0.16,1.8,122,807,592,0,6.800000000000001,18.84,957,122,807,0,592,33.800000000000004,47,4.4
2010,1,9,13,30,67.61,0.16,1.8,97,671,352,0,6.5,20.66,957,97,671,0,352,31.8,48,3.6
2010,1,9,14,30,81.23,0.16,1.7000000000000002,54,358,109,0,7.800000000000001,27.36,958,54,358,0,109,28.400000000000002,50,2.5
2010,1,9,15,30,95.18,0.16,1.7000000000000002,0,0,0,0,8.700000000000001,33.57,958,0,0,0,0,26,50,2.4000000000000004
2010,1,9,16,30,109.06,0.16,1.7000000000000002,0,0,0,0,8.4,34.56,959,0,0,0,0,25.1,48,2.8000000000000003
2010,1,9,17,30,122.83,0.16,1.7000000000000002,0,0,0,0,8.3,36.28,960,0,0,0,0,24.200000000000003,47,3
2010,1,9,18,30,136.24,0.16,1.7000000000000002,0,0,0,0,8.4,38.46,960,0,0,0,0,23.3,47,3
2010,1,9,19,30,148.69,0.16,1.7000000000000002,0,0,0,0,8.4,40.97,960,0,0,0,0,22.3,51,3
2010,1,9,20,30,158.41,0.16,1.7000000000000002,0,0,0,0,8.4,43.18,959,0,0,0,0,21.400000000000002,56,3
2010,1,9,21,30,160.61,0.16,1.7000000000000002,0,0,0,0,8.4,45.68,959,0,0,0,0,20.5,63,3.2
2010,1,9,22,30,153.37,0.16,1.7000000000000002,0,0,0,0,8.6,48.56,959,0,0,0,0,19.8,67,3.4000000000000004
2010,1,9,23,30,141.72,0.16,1.8,0,0,0,0,9.4,53.1,959,0,0,0,0,19.200000000000003,66,3.4000000000000004
2010,1,10,0,30,128.61,0.16,1.9000000000000001,0,0,0,0,10.8,59.94,960,0,0,0,0,18.7,62,3.5
2010,1,10,1,30,114.95,0.16,2,0,0,0,0,12.700000000000001,69.67,960,0,0,0,0,18.3,56,3.7
2010,1,10,2,30,101.09,0.16,2.1,0,0,0,0,14.5,79,961,0,0,0,0,18.2,51,4.3
2010,1,10,3,30,86.98,0.16,2.1,23,65,27,0,15.600000000000001,77.58,962,23,65,0,27,19.6,50,5.9
2010,1,10,4,30,73.36,0.16,2.1,92,508,238,0,15.5,64.83,962,92,508,0,238,22.400000000000002,51,7.5
2010,1,10,5,30,59.89,0.16,2.1,128,707,483,0,13.600000000000001,47.45,962,128,707,0,483,25.6,50,7.800000000000001
2010,1,10,6,30,47.02,0.16,2.1,150,807,700,0,11.8,35.65,961,150,807,0,700,28.5,48,7.4
2010,1,10,7,30,35.49,0.16,2.2,164,857,861,0,10.4,28.16,961,164,857,0,861,31,44,6.9
2010,1,10,8,30,27.150000000000002,0.16,2.2,174,878,955,0,9.5,23.53,959,174,878,0,955,33,41,6.4
2010,1,10,9,30,25.37,0.16,2.3000000000000003,165,896,974,0,8.9,21.01,958,165,896,0,974,34.4,39,5.9
2010,1,10,10,30,31.310000000000002,0.16,2.3000000000000003,160,881,913,0,8.6,19.88,957,160,881,0,913,35,39,5.5
2010,1,10,11,30,41.78,0.16,2.3000000000000003,145,848,778,0,8.3,19.53,956,145,848,0,778,35,40,5.2
2010,1,10,12,30,54.21,0.16,2.3000000000000003,126,781,583,0,8.1,19.95,956,126,781,0,583,34.300000000000004,41,4.9
2010,1,10,13,30,67.48,0.16,2.3000000000000003,99,647,346,0,7.800000000000001,21.81,956,99,647,0,346,32.4,44,4
2010,1,10,14,30,81.12,0.16,2.3000000000000003,55,332,106,0,8.5,27.67,957,55,332,0,106,29,48,2.7
2010,1,10,15,30,95.08,0.16,2.2,0,0,0,0,9,33.26,958,0,0,0,0,26.5,52,2.3000000000000003
2010,1,10,16,30,108.98,0.16,2.1,0,0,0,0,8.200000000000001,33.07,959,0,0,0,0,25.6,55,2.6
2010,1,10,17,30,122.77,0.16,2,0,0,0,0,7.2,32.95,960,0,0,0,0,24.6,58,2.9000000000000004
2010,1,10,18,30,136.2,0.16,1.8,0,0,0,0,6.300000000000001,32.86,960,0,0,0,0,23.6,60,3
2010,1,10,19,30,148.70000000000002,0.16,1.7000000000000002,0,0,0,0,5.4,32.89,960,0,0,0,0,22.5,63,3.2
2010,1,10,20,30,158.49,0.16,1.6,0,0,0,0,4.4,32.61,960,0,0,0,0,21.5,64,3.4000000000000004
2010,1,10,21,30,160.78,0.16,1.6,0,0,0,0,3.4000000000000004,32.4,960,0,0,0,0,20.5,64,3.8000000000000003
2010,1,10,22,30,153.54,0.16,1.7000000000000002,0,0,0,3,2.8000000000000003,32.71,959,0,0,0,0,19.6,62,3.8000000000000003
2010,1,10,23,30,141.87,0.16,1.8,0,0,0,3,3.3000000000000003,35.46,960,0,0,0,0,18.900000000000002,58,3.9000000000000004
2010,1,11,0,30,128.74,0.16,2,0,0,0,0,6.1000000000000005,44.11,960,0,0,0,0,18.5,54,4.1000000000000005
2010,1,11,1,30,115.06,0.16,2.2,0,0,0,0,9.8,57.49,961,0,0,0,0,18.3,51,4.4
2010,1,11,2,30,101.19,0.16,2.3000000000000003,0,0,0,3,12.5,69.13,961,0,0,0,0,18.3,49,4.800000000000001
2010,1,11,3,30,87.06,0.16,2.4000000000000004,21,25,22,3,14.4,72.79,962,18,0,7,18,19.400000000000002,49,6.300000000000001
2010,1,11,4,30,73.42,0.16,2.4000000000000004,105,429,227,0,15.5,68.77,963,105,429,0,227,21.5,49,8
2010,1,11,5,30,59.93,0.16,2.4000000000000004,142,656,471,0,14.600000000000001,55.74,963,142,656,0,471,24,48,8.3
2010,1,11,6,30,47.03,0.16,2.4000000000000004,161,774,688,0,12.9,42.17,962,161,774,0,688,26.8,46,8.1
2010,1,11,7,30,35.46,0.16,2.4000000000000004,171,839,854,0,11.100000000000001,32.31,961,171,839,0,854,29.400000000000002,44,7.6000000000000005
2010,1,11,8,30,27.05,0.16,2.3000000000000003,175,874,953,0,9.600000000000001,25.64,960,175,874,0,953,31.6,41,7.1000000000000005
2010,1,11,9,30,25.21,0.16,2.3000000000000003,177,878,971,0,8.200000000000001,21.61,959,177,878,0,971,33,39,6.6000000000000005
2010,1,11,10,30,31.13,0.16,2.2,173,862,911,0,7,19.35,958,173,862,0,911,33.5,40,6.1000000000000005
2010,1,11,11,30,41.62,0.16,2.1,165,819,777,0,5.9,18.330000000000002,957,165,819,0,777,33.1,43,5.7
2010,1,11,12,30,54.06,0.16,2,149,736,581,0,4.9,18.080000000000002,957,149,736,0,581,32.2,47,5.2
2010,1,11,13,30,67.35,0.16,2,117,587,343,0,4.3,19.09,958,117,587,0,343,30.400000000000002,51,4.2
2010,1,11,14,30,81.01,0.16,1.9000000000000001,62,274,105,0,4.6000000000000005,23.75,958,62,274,0,105,27.1,53,2.7
2010,1,11,15,30,94.98,0.16,1.9000000000000001,0,0,0,0,5.4,29.16,959,0,0,0,0,24.5,55,2.2
2010,1,11,16,30,108.9,0.16,1.8,0,0,0,0,4.9,29.69,960,0,0,0,0,23.6,56,2.3000000000000003
2010,1,11,17,30,122.71000000000001,0.16,1.8,0,0,0,0,4.6000000000000005,30.54,961,0,0,0,0,22.8,59,2.5
2010,1,11,18,30,136.16,0.16,1.8,0,0,0,0,4.5,32.19,961,0,0,0,0,21.900000000000002,62,2.6
2010,1,11,19,30,148.71,0.16,1.8,0,0,0,0,4.9,34.62,961,0,0,0,0,21.1,65,3
2010,1,11,20,30,158.58,0.16,1.9000000000000001,0,0,0,0,5.800000000000001,38.32,961,0,0,0,0,20.5,68,3.2
2010,1,11,21,30,160.96,0.16,2,0,0,0,0,7.6000000000000005,44.92,961,0,0,0,0,19.900000000000002,69,3.3000000000000003
2010,1,11,22,30,153.71,0.16,2,0,0,0,0,9.9,54.54,961,0,0,0,0,19.3,69,3.2
2010,1,11,23,30,142.02,0.16,2.1,0,0,0,0,12.200000000000001,65.18,961,0,0,0,0,18.900000000000002,67,3.4000000000000004
2010,1,12,0,30,128.87,0.16,2.1,0,0,0,0,13.9,75.29,961,0,0,0,0,18.400000000000002,63,3.6
2010,1,12,1,30,115.17,0.16,2.1,0,0,0,0,15,82.84,962,0,0,0,0,18,59,3.8000000000000003
2010,1,12,2,30,101.28,0.16,2.1,0,0,0,0,15.600000000000001,86.55,962,0,0,0,0,17.900000000000002,54,4.1000000000000005
2010,1,12,3,30,87.13,0.16,2,22,38,24,0,15.9,81.2,963,22,38,0,24,19.200000000000003,53,5.6000000000000005
2010,1,12,4,30,73.49,0.16,2,95,489,234,0,15.4,67.17,963,95,489,0,234,21.8,53,7.5
2010,1,12,5,30,59.97,0.16,2,127,707,481,0,14.100000000000001,52.04,963,127,707,0,481,24.6,52,8
2010,1,12,6,30,47.04,0.16,2,142,825,704,0,12.9,41.31,963,142,825,0,704,27.200000000000003,50,7.7
2010,1,12,7,30,35.42,0.16,2,151,883,871,0,11.700000000000001,33.44,962,151,883,0,871,29.5,48,7.300000000000001
2010,1,12,8,30,26.94,0.16,2.1,156,909,966,7,10.600000000000001,27.71,961,319,582,0,838,31.5,45,6.9
2010,1,12,9,30,25.03,0.16,2.1,157,913,984,0,9.600000000000001,23.91,959,157,913,0,984,32.9,44,6.5
2010,1,12,10,30,30.95,0.16,2.2,154,893,920,0,8.6,21.64,958,154,893,0,920,33.5,45,6.2
2010,1,12,11,30,41.46,0.16,2.2,146,852,784,0,7.800000000000001,20.39,958,146,852,0,784,33.5,48,6
2010,1,12,12,30,53.92,0.16,2.2,129,778,587,0,7,20.31,958,129,778,0,587,32.7,51,5.7
2010,1,12,13,30,67.23,0.16,2.1,103,640,351,0,6.6000000000000005,21.79,958,103,640,0,351,30.900000000000002,54,4.9
2010,1,12,14,30,80.9,0.16,2.1,58,320,109,0,6.800000000000001,26.52,959,58,320,0,109,27.8,57,3.5
2010,1,12,15,30,94.89,0.16,2.1,0,0,0,0,7.7,32.19,960,0,0,0,0,25.5,59,2.8000000000000003
2010,1,12,16,30,108.82000000000001,0.16,2.1,0,0,0,0,7.7,34.11,961,0,0,0,0,24.6,60,2.9000000000000004
2010,1,12,17,30,122.65,0.16,2.1,0,0,0,0,7.9,36.04,961,0,0,0,0,23.8,63,3
2010,1,12,18,30,136.13,0.16,2.2,0,0,0,0,8,37.94,961,0,0,0,0,23.1,67,3.2
2010,1,12,19,30,148.72,0.16,2.2,0,0,0,0,8.3,40.82,961,0,0,0,0,22.3,72,3.2
2010,1,12,20,30,158.67000000000002,0.16,2.3000000000000003,0,0,0,0,9.200000000000001,45.58,961,0,0,0,0,21.400000000000002,75,3
2010,1,12,21,30,161.13,0.16,2.4000000000000004,0,0,0,0,10.3,51.32,960,0,0,0,0,20.700000000000003,75,2.9000000000000004
2010,1,12,22,30,153.89000000000001,0.16,2.5,0,0,0,0,11.700000000000001,57.72,960,0,0,0,0,20.3,74,3
2010,1,12,23,30,142.17000000000002,0.16,2.5,0,0,0,0,13.200000000000001,65.2,960,0,0,0,0,19.900000000000002,72,3.1
2010,1,13,0,30,128.99,0.16,2.5,0,0,0,0,14.4,72.32000000000001,961,0,0,0,0,19.5,68,3.2
2010,1,13,1,30,115.28,0.16,2.5,0,0,0,0,15.100000000000001,77.88,961,0,0,0,0,19.1,63,3.3000000000000003
2010,1,13,2,30,101.37,0.16,2.5,0,0,0,0,15.600000000000001,81.25,962,0,0,0,0,18.900000000000002,58,3.7
2010,1,13,3,30,87.2,0.16,2.5,21,41,23,0,15.9,77.02,963,21,41,0,23,20.1,56,5.4
2010,1,13,4,30,73.54,0.16,2.5,93,491,232,0,16,66.79,964,93,491,0,232,22.5,57,7.2
2010,1,13,5,30,60.01,0.16,2.6,122,710,476,0,14.9,52.4,964,122,710,0,476,25.3,57,7.6000000000000005
2010,1,13,6,30,47.04,0.16,2.6,140,815,696,0,13.600000000000001,41.58,963,140,815,0,696,27.8,57,7.4
2010,1,13,7,30,35.38,0.16,2.7,151,868,859,0,12.600000000000001,34.51,962,151,868,0,859,29.900000000000002,58,7
2010,1,13,8,30,26.82,0.16,2.7,158,894,956,0,11.8,29.89,961,158,894,0,956,31.5,59,6.5
2010,1,13,9,30,24.85,0.16,2.8000000000000003,150,909,975,0,11.3,27.13,960,150,909,0,975,32.6,60,6
2010,1,13,10,30,30.77,0.16,2.8000000000000003,145,897,915,0,10.9,25.67,958,145,897,0,915,33.2,61,5.5
2010,1,13,11,30,41.300000000000004,0.16,2.8000000000000003,133,864,782,1,10.8,25.25,958,133,864,0,782,33.300000000000004,62,5.1000000000000005
2010,1,13,12,30,53.78,0.16,2.9000000000000004,118,794,587,1,10.700000000000001,26.07,958,118,794,0,587,32.7,64,4.800000000000001
2010,1,13,13,30,67.11,0.16,3,96,654,350,3,11,28.79,959,225,89,7,260,31.200000000000003,67,4.1000000000000005
2010,1,13,14,30,80.79,0.16,3,56,344,111,0,11.700000000000001,35.44,959,56,344,0,111,28.5,70,2.8000000000000003
2010,1,13,15,30,94.8,0.16,3.1,0,0,0,0,12.9,43.02,960,0,0,0,0,26.5,72,2.4000000000000004
2010,1,13,16,30,108.75,0.16,3.2,0,0,0,0,13.4,46.38,961,0,0,0,0,25.8,73,2.8000000000000003
2010,1,13,17,30,122.59,0.16,3.2,0,0,0,0,14.100000000000001,50.47,962,0,0,0,0,25.1,74,2.9000000000000004
2010,1,13,18,30,136.1,0.16,3.2,0,0,0,0,14.8,55.04,962,0,0,0,0,24.400000000000002,77,2.9000000000000004
2010,1,13,19,30,148.74,0.16,3.3000000000000003,0,0,0,0,15.4,59.89,961,0,0,0,0,23.700000000000003,81,2.6
2010,1,13,20,30,158.77,0.16,3.3000000000000003,0,0,0,0,16.1,65.39,961,0,0,0,0,22.900000000000002,85,2.4000000000000004
2010,1,13,21,30,161.32,0.16,3.3000000000000003,0,0,0,0,16.7,70.45,961,0,0,0,0,22.3,88,2.5
2010,1,13,22,30,154.07,0.16,3.3000000000000003,0,0,0,0,17.3,76.04,961,0,0,0,0,21.700000000000003,87,2.6
2010,1,13,23,30,142.32,0.16,3.2,0,0,0,0,17.900000000000002,81.33,961,0,0,0,0,21.200000000000003,83,2.8000000000000003
2010,1,14,0,30,129.12,0.16,3.2,0,0,0,0,18.3,86.66,962,0,0,0,0,20.6,76,2.9000000000000004
2010,1,14,1,30,115.39,0.16,3.1,0,0,0,0,18.5,89.81,962,0,0,0,0,20.200000000000003,70,3
2010,1,14,2,30,101.46000000000001,0.16,3.1,0,0,0,0,18.5,90.81,963,0,0,0,0,20,65,3.4000000000000004
2010,1,14,3,30,87.27,0.16,3,21,50,23,0,18.3,83.4,964,21,50,0,23,21.200000000000003,61,4.800000000000001
2010,1,14,4,30,73.60000000000001,0.16,3,85,517,231,0,17.5,67.17,964,85,517,0,231,24,61,6.300000000000001
2010,1,14,5,30,60.04,0.16,3,109,741,479,0,16.5,52.26,964,109,741,0,479,27.1,63,6.6000000000000005
2010,1,14,6,30,47.050000000000004,0.16,2.9000000000000004,121,851,701,0,15.8,42.9,964,121,851,0,701,29.700000000000003,64,6.4
2010,1,14,7,30,35.33,0.16,2.9000000000000004,126,909,868,0,15.4,37.22,963,126,909,0,868,31.8,65,6.2
2010,1,14,8,30,26.7,0.16,2.9000000000000004,127,939,966,0,15,33.26,961,127,939,0,966,33.300000000000004,65,5.800000000000001
2010,1,14,9,30,24.67,0.16,2.8000000000000003,125,951,989,0,14.3,30.01,960,125,951,0,989,34.4,66,5.5
2010,1,14,10,30,30.580000000000002,0.16,2.8000000000000003,121,939,929,0,13.700000000000001,27.810000000000002,959,121,939,0,929,35,66,5.1000000000000005
2010,1,14,11,30,41.13,0.16,2.8000000000000003,113,907,796,0,13.200000000000001,27.03,958,113,907,0,796,34.9,66,4.9
2010,1,14,12,30,53.64,0.16,2.8000000000000003,102,841,600,0,12.8,27.48,958,102,841,0,600,34.2,67,4.800000000000001
2010,1,14,13,30,66.98,0.16,2.8000000000000003,84,711,362,1,12.700000000000001,29.650000000000002,959,84,711,0,362,32.7,69,4.2
2010,1,14,14,30,80.69,0.16,2.8000000000000003,51,408,117,0,13,35.39,959,51,408,0,117,30,70,3.1
2010,1,14,15,30,94.71000000000001,0.16,2.8000000000000003,0,0,0,0,13.8,41.550000000000004,960,0,0,0,0,28.1,71,2.8000000000000003
2010,1,14,16,30,108.67,0.16,2.8000000000000003,0,0,0,0,14,43.9,961,0,0,0,0,27.400000000000002,71,3.2
2010,1,14,17,30,122.54,0.16,2.8000000000000003,0,0,0,0,14.4,47,962,0,0,0,0,26.6,74,3.3000000000000003
2010,1,14,18,30,136.08,0.16,2.8000000000000003,0,0,0,0,14.8,50.9,962,0,0,0,0,25.700000000000003,80,3.4000000000000004
2010,1,14,19,30,148.76,0.16,2.8000000000000003,0,0,0,0,15.4,55.730000000000004,962,0,0,0,0,24.8,87,3.4000000000000004
2010,1,14,20,30,158.87,0.16,2.8000000000000003,0,0,0,0,16.2,61.940000000000005,962,0,0,0,0,23.900000000000002,93,3.2
2010,1,14,21,30,161.51,0.16,2.8000000000000003,0,0,0,0,17.1,69.99,961,0,0,0,0,22.900000000000002,94,3.1
2010,1,14,22,30,154.25,0.16,2.7,0,0,0,0,18.1,78.69,961,0,0,0,0,22,89,3
2010,1,14,23,30,142.47,0.16,2.7,0,0,0,0,18.900000000000002,86.67,961,0,0,0,0,21.200000000000003,83,3
2010,1,15,0,30,129.24,0.16,2.6,0,0,0,0,19.3,92.44,961,0,0,0,0,20.6,78,3.1
2010,1,15,1,30,115.5,0.16,2.5,0,0,0,0,19.6,96.08,962,0,0,0,0,20.200000000000003,75,3.3000000000000003
2010,1,15,2,30,101.55,0.16,2.5,0,0,0,0,19.6,97.04,963,0,0,0,0,20.1,72,3.7
2010,1,15,3,30,87.34,0.16,2.4000000000000004,21,76,24,0,19.5,88.85000000000001,963,21,76,0,24,21.400000000000002,71,4.800000000000001
2010,1,15,4,30,73.65,0.16,2.4000000000000004,77,577,240,0,18.900000000000002,72.34,964,77,577,0,240,24.200000000000003,71,5.9
2010,1,15,5,30,60.07,0.16,2.4000000000000004,98,787,491,0,17.900000000000002,56.31,964,98,787,0,491,27.400000000000002,72,6.1000000000000005
2010,1,15,6,30,47.04,0.16,2.4000000000000004,112,882,713,0,16.8,44.410000000000004,963,112,882,0,713,30.3,72,5.9
2010,1,15,7,30,35.28,0.16,2.4000000000000004,123,928,880,0,15.700000000000001,36.15,962,123,928,0,880,32.7,70,5.5
2010,1,15,8,30,26.580000000000002,0.16,2.4000000000000004,132,944,976,0,14.600000000000001,30.48,961,132,944,0,976,34.4,70,5.1000000000000005
2010,1,15,9,30,24.48,0.16,2.4000000000000004,133,949,996,0,13.5,26.580000000000002,960,133,949,0,996,35.6,70,4.800000000000001
2010,1,15,10,30,30.38,0.16,2.4000000000000004,133,930,935,0,12.600000000000001,24.45,959,133,930,0,935,36.1,70,4.4
2010,1,15,11,30,40.96,0.16,2.5,123,896,800,0,12,23.59,958,123,896,0,800,36,72,4.2
2010,1,15,12,30,53.49,0.16,2.5,107,837,605,0,11.600000000000001,23.82,958,107,837,0,605,35.300000000000004,73,4
2010,1,15,13,30,66.86,0.16,2.5,88,707,366,0,11.3,25.8,959,88,707,0,366,33.6,76,3.3000000000000003
2010,1,15,14,30,80.58,0.16,2.6,53,404,119,0,12,32.04,959,53,404,0,119,30.5,80,2.3000000000000003
2010,1,15,15,30,94.62,0.16,2.7,0,0,0,0,12.9,38.79,960,0,0,0,0,28.200000000000003,84,2
2010,1,15,16,30,108.60000000000001,0.16,2.8000000000000003,0,0,0,0,12.9,40.230000000000004,961,0,0,0,0,27.6,90,2.6
2010,1,15,17,30,122.49000000000001,0.16,2.9000000000000004,0,0,0,0,13.4,43.19,962,0,0,0,0,27,100,3.4000000000000004
2010,1,15,18,30,136.06,0.16,3,0,0,0,0,14.700000000000001,49.800000000000004,962,0,0,0,0,26,110,4.3
2010,1,15,19,30,148.78,0.16,3.2,0,0,0,0,16.6,60.01,963,0,0,0,0,24.900000000000002,113,4.6000000000000005
2010,1,15,20,30,158.98,0.16,3.3000000000000003,0,0,0,0,18.1,71.07000000000001,963,0,0,0,0,23.700000000000003,110,4.6000000000000005
2010,1,15,21,30,161.71,0.16,3.3000000000000003,0,0,0,0,19,78.76,963,0,0,0,0,22.900000000000002,105,4.3
2010,1,15,22,30,154.44,0.16,3.3000000000000003,0,0,0,0,19.400000000000002,83.96000000000001,963,0,0,0,0,22.200000000000003,98,4
2010,1,15,23,30,142.62,0.16,3.2,0,0,0,0,19.5,86.67,963,0,0,0,0,21.8,91,4
2010,1,16,0,30,129.37,0.16,3.1,0,0,0,0,19.5,88.23,963,0,0,0,0,21.5,86,4.2
2010,1,16,1,30,115.60000000000001,0.16,3,0,0,0,0,19.400000000000002,89.47,964,0,0,0,0,21.200000000000003,83,4.2
2010,1,16,2,30,101.64,0.16,3,0,0,0,0,19.3,89.29,964,0,0,0,0,21.1,79,4.4
2010,1,16,3,30,87.41,0.16,2.9000000000000004,19,29,20,0,19,83.28,965,19,29,0,20,22,75,5
2010,1,16,4,30,73.7,0.16,2.9000000000000004,95,463,225,0,18.400000000000002,70.08,965,95,463,0,225,24.200000000000003,72,5.5
2010,1,16,5,30,60.09,0.16,2.9000000000000004,123,703,473,0,17.6,56.26,965,123,703,0,473,27.1,70,5.5
2010,1,16,6,30,47.03,0.16,2.9000000000000004,135,822,695,0,16.8,44.69,964,135,822,0,695,30.1,69,5.2
2010,1,16,7,30,35.22,0.16,2.9000000000000004,143,880,863,0,15.8,36.38,963,143,880,0,863,32.6,67,4.800000000000001
2010,1,16,8,30,26.44,0.16,2.9000000000000004,153,901,959,0,14.9,31.04,962,153,901,0,959,34.4,66,4.5
2010,1,16,9,30,24.28,0.16,3,141,923,982,0,14.100000000000001,27.69,961,141,923,0,982,35.6,67,4.3
2010,1,16,10,30,30.19,0.16,3,136,912,924,0,13.5,25.89,960,136,912,0,924,36.1,68,4.2
2010,1,16,11,30,40.79,0.16,3.1,128,873,790,0,13,25.330000000000002,959,128,873,0,790,35.9,70,4.2
2010,1,16,12,30,53.35,0.16,3.1,116,803,595,0,12.600000000000001,25.64,959,116,803,0,595,35.2,72,4.2
2010,1,16,13,30,66.74,0.16,3.1,97,662,358,0,12.3,27.48,959,97,662,0,358,33.6,74,3.9000000000000004
2010,1,16,14,30,80.48,0.16,3.2,57,359,116,2,12.5,31.6,960,24,0,0,24,31.400000000000002,78,3
2010,1,16,15,30,94.53,0.16,3.2,0,0,0,1,13.100000000000001,35.86,961,0,0,0,0,29.8,83,2.8000000000000003
2010,1,16,16,30,108.54,0.16,3.2,0,0,0,3,13,37.49,962,0,0,0,0,29,89,3.4000000000000004
2010,1,16,17,30,122.45,0.16,3.3000000000000003,0,0,0,0,13.4,40.78,963,0,0,0,0,27.900000000000002,99,3.9000000000000004
2010,1,16,18,30,136.04,0.16,3.3000000000000003,0,0,0,0,14.200000000000001,46.730000000000004,963,0,0,0,0,26.5,106,4.2
2010,1,16,19,30,148.82,0.16,3.3000000000000003,0,0,0,0,15.600000000000001,56.34,964,0,0,0,0,24.900000000000002,107,4.2
2010,1,16,20,30,159.1,0.16,3.3000000000000003,0,0,0,1,16.900000000000002,66.29,963,0,0,0,0,23.6,102,3.8000000000000003
2010,1,16,21,30,161.91,0.16,3.2,0,0,0,3,17.900000000000002,75.07000000000001,963,0,0,0,0,22.5,94,3.6
2010,1,16,22,30,154.63,0.16,3.1,0,0,0,0,18.400000000000002,81.06,963,0,0,0,0,21.8,86,3.6
2010,1,16,23,30,142.77,0.16,3,0,0,0,1,18.6,85.88,963,0,0,0,0,21.1,81,3.5
2010,1,17,0,30,129.49,0.16,2.9000000000000004,0,0,0,3,18.7,88.93,963,0,0,0,0,20.6,77,3.5
2010,1,17,1,30,115.7,0.16,2.9000000000000004,0,0,0,1,18.7,91.46000000000001,963,0,0,0,0,20.1,74,3.5
2010,1,17,2,30,101.72,0.16,2.8000000000000003,0,0,0,3,18.5,91.93,964,0,0,0,0,19.900000000000002,71,3.8000000000000003
2010,1,17,3,30,87.47,0.16,2.8000000000000003,20,88,23,0,18.3,85.29,965,20,88,0,23,20.900000000000002,70,4.800000000000001
2010,1,17,4,30,73.74,0.16,2.7,72,590,237,0,17.2,67.57000000000001,965,72,590,0,237,23.6,70,5.7
2010,1,17,5,30,60.11,0.16,2.7,94,790,487,0,15.200000000000001,48.58,965,94,790,0,487,26.900000000000002,72,6
2010,1,17,6,30,47.02,0.16,2.7,108,883,709,0,13.200000000000001,35.64,965,108,883,0,709,30,73,5.9
2010,1,17,7,30,35.160000000000004,0.16,2.7,118,928,877,0,11.9,28.52,964,118,928,0,877,32.5,72,5.7
2010,1,17,8,30,26.3,0.16,2.7,123,951,975,0,11.4,24.93,963,123,951,0,975,34.300000000000004,70,5.4
2010,1,17,9,30,24.07,0.16,2.7,121,960,997,0,11.100000000000001,22.79,962,121,960,0,997,35.5,68,5.1000000000000005
2010,1,17,10,30,29.990000000000002,0.16,2.7,119,946,938,0,10.600000000000001,21.46,960,119,946,0,938,36,67,5
2010,1,17,11,30,40.62,0.16,2.7,113,912,805,0,10.100000000000001,20.86,960,113,912,0,805,35.9,67,4.800000000000001
2010,1,17,12,30,53.21,0.16,2.6,100,852,611,0,9.600000000000001,21.04,960,100,852,0,611,35.2,67,4.7
2010,1,17,13,30,66.62,0.16,2.6,84,724,371,0,9.3,22.650000000000002,960,84,724,0,371,33.5,69,4
2010,1,17,14,30,80.38,0.16,2.6,51,436,124,0,9.700000000000001,27.47,961,51,436,0,124,30.5,74,2.8000000000000003
2010,1,17,15,30,94.45,0.16,2.6,0,0,0,0,10.3,32.99,962,0,0,0,0,28.1,81,2.4000000000000004
2010,1,17,16,30,108.47,0.16,2.6,0,0,0,0,10.200000000000001,34.25,963,0,0,0,0,27.3,88,2.8000000000000003
2010,1,17,17,30,122.4,0.16,2.7,0,0,0,0,10.5,37.19,963,0,0,0,0,26.3,98,3.3000000000000003
2010,1,17,18,30,136.03,0.16,2.8000000000000003,0,0,0,0,12.100000000000001,43.980000000000004,964,0,0,0,0,25.200000000000003,107,3.5
2010,1,17,19,30,148.85,0.16,3,0,0,0,0,14.600000000000001,55.79,963,0,0,0,0,24,111,3.4000000000000004
2010,1,17,20,30,159.22,0.16,3.1,0,0,0,0,17.3,70.17,963,0,0,0,0,23,107,3.1
2010,1,17,21,30,162.12,0.16,3.1,0,0,0,0,19.1,82.75,963,0,0,0,0,22.200000000000003,97,3.1
2010,1,17,22,30,154.81,0.16,3.1,0,0,0,0,20,89.93,962,0,0,0,0,21.700000000000003,88,3.5
2010,1,17,23,30,142.92000000000002,0.16,3.1,0,0,0,0,20.200000000000003,92.54,962,0,0,0,0,21.5,81,4
2010,1,18,0,30,129.61,0.16,3.1,0,0,0,0,20.200000000000003,93.36,962,0,0,0,0,21.3,78,4.2
2010,1,18,1,30,115.8,0.16,3,0,0,0,0,20.1,93.84,963,0,0,0,0,21.1,75,4.3
2010,1,18,2,30,101.8,0.16,2.9000000000000004,0,0,0,0,19.900000000000002,93.03,963,0,0,0,0,21.1,73,4.6000000000000005
2010,1,18,3,30,87.53,0.16,2.9000000000000004,19,77,22,0,19.8,85.89,964,19,77,0,22,22.3,72,5.5
2010,1,18,4,30,73.79,0.16,2.8000000000000003,77,564,234,0,19.5,71.91,965,77,564,0,234,24.900000000000002,71,6.4
2010,1,18,5,30,60.13,0.16,2.8000000000000003,100,769,484,0,18.8,57.26,965,100,769,0,484,28,72,6.6000000000000005
2010,1,18,6,30,47,0.16,2.8000000000000003,126,843,701,0,17.6,45.67,964,126,843,0,701,30.700000000000003,71,6.5
2010,1,18,7,30,35.09,0.16,2.8000000000000003,138,892,868,0,16.5,37.35,963,138,892,0,868,33,71,6.2
2010,1,18,8,30,26.16,0.16,2.8000000000000003,143,918,967,0,15.5,31.86,962,143,918,0,967,34.7,70,5.9
2010,1,18,9,30,23.86,0.16,2.8000000000000003,135,937,992,0,14.5,28.080000000000002,960,135,937,0,992,35.800000000000004,70,5.6000000000000005
2010,1,18,10,30,29.78,0.16,2.8000000000000003,129,928,935,0,13.5,25.580000000000002,959,129,928,0,935,36.300000000000004,71,5.300000000000001
2010,1,18,11,30,40.45,0.16,2.9000000000000004,120,895,801,1,12.700000000000001,24.560000000000002,959,120,895,0,801,36.1,73,5.1000000000000005
2010,1,18,12,30,53.07,0.16,2.9000000000000004,107,832,606,3,12.200000000000001,24.830000000000002,958,319,57,7,353,35.300000000000004,74,5
2010,1,18,13,30,66.5,0.16,3,87,706,368,1,12.100000000000001,26.740000000000002,959,87,706,0,368,33.800000000000004,76,4.5
2010,1,18,14,30,80.28,0.16,3,53,420,123,3,12.5,31.64,959,17,0,0,17,31.3,80,3.5
2010,1,18,15,30,94.37,0.16,3.1,0,0,0,0,13.5,37.83,960,0,0,0,0,29.400000000000002,87,3.2
2010,1,18,16,30,108.41,0.16,3.2,0,0,0,0,14.5,41.95,961,0,0,0,0,28.700000000000003,96,3.8000000000000003
2010,1,18,17,30,122.36,0.16,3.3000000000000003,0,0,0,0,15.700000000000001,48.1,961,0,0,0,0,27.700000000000003,104,4.2
2010,1,18,18,30,136.02,0.16,3.3000000000000003,0,0,0,0,17.1,56.31,962,0,0,0,0,26.5,109,4.1000000000000005
2010,1,18,19,30,148.89000000000001,0.16,3.3000000000000003,0,0,0,0,18.3,66.1,962,0,0,0,0,25.1,111,4
2010,1,18,20,30,159.35,0.16,3.3000000000000003,0,0,0,0,19.3,75.21000000000001,961,0,0,0,0,24,109,3.9000000000000004
2010,1,18,21,30,162.34,0.16,3.2,0,0,0,0,20,82.74,961,0,0,0,0,23.1,105,3.6
2010,1,18,22,30,155.01,0.16,3.2,0,0,0,0,20.400000000000002,87.87,961,0,0,0,0,22.5,99,3.5
2010,1,18,23,30,143.07,0.16,3.1,0,0,0,0,20.6,90.75,961,0,0,0,0,22.200000000000003,95,3.6
2010,1,19,0,30,129.73,0.16,3.1,0,0,0,0,20.700000000000003,92.37,961,0,0,0,0,22,92,3.7
2010,1,19,1,30,115.9,0.16,3,0,0,0,0,20.6,93.19,962,0,0,0,0,21.8,90,3.6
2010,1,19,2,30,101.88,0.16,2.9000000000000004,0,0,0,0,20.5,92.55,962,0,0,0,0,21.8,87,3.7
2010,1,19,3,30,87.58,0.16,2.9000000000000004,19,71,22,0,20.400000000000002,85.8,963,19,71,0,22,22.900000000000002,85,4.3
2010,1,19,4,30,73.82000000000001,0.16,2.9000000000000004,73,578,234,0,19.900000000000002,71.51,963,73,578,0,234,25.400000000000002,83,4.9
2010,1,19,5,30,60.14,0.16,2.9000000000000004,91,795,487,0,19,56.620000000000005,963,91,795,0,487,28.400000000000002,82,5.1000000000000005
2010,1,19,6,30,46.980000000000004,0.16,2.9000000000000004,99,895,710,0,17.8,44.71,963,99,895,0,710,31.200000000000003,81,5
2010,1,19,7,30,35.02,0.16,2.9000000000000004,104,947,879,0,16.7,36.88,962,104,947,0,879,33.4,82,4.7
2010,1,19,8,30,26.01,0.16,2.9000000000000004,106,972,980,0,15.8,31.86,961,106,972,0,980,35,82,4.4
2010,1,19,9,30,23.650000000000002,0.16,3,109,971,999,0,15,28.66,959,109,971,0,999,36,83,4.1000000000000005
2010,1,19,10,30,29.580000000000002,0.16,3,106,961,942,0,14.4,26.78,958,106,961,0,942,36.5,83,3.8000000000000003
2010,1,19,11,30,40.28,0.16,3.1,101,927,808,0,13.9,26.11,957,101,927,0,808,36.4,84,3.7
2010,1,19,12,30,52.93,0.16,3.2,100,841,607,1,13.600000000000001,26.78,957,100,841,0,607,35.6,85,3.6
2010,1,19,13,30,66.38,0.16,3.2,85,709,369,0,13.5,28.900000000000002,958,85,709,0,369,34.1,87,3.4000000000000004
2010,1,19,14,30,80.19,0.16,3.3000000000000003,53,417,124,0,13.9,33.59,958,53,417,0,124,31.900000000000002,93,2.8000000000000003
2010,1,19,15,30,94.29,0.16,3.3000000000000003,0,0,0,0,14.8,38.87,959,0,0,0,0,30.3,101,3
2010,1,19,16,30,108.35000000000001,0.16,3.4000000000000004,0,0,0,0,15.3,41.78,960,0,0,0,0,29.6,107,3.8000000000000003
2010,1,19,17,30,122.33,0.16,3.4000000000000004,0,0,0,0,16.1,47.58,960,0,0,0,0,28.3,114,4.2
2010,1,19,18,30,136.01,0.16,3.4000000000000004,0,0,0,0,17.2,55.4,961,0,0,0,0,26.900000000000002,117,4.4
2010,1,19,19,30,148.93,0.16,3.4000000000000004,0,0,0,0,18.400000000000002,64.82000000000001,961,0,0,0,0,25.5,115,4.2
2010,1,19,20,30,159.48,0.16,3.4000000000000004,0,0,0,0,19.400000000000002,73.49,960,0,0,0,0,24.400000000000002,111,4
2010,1,19,21,30,162.56,0.16,3.4000000000000004,0,0,0,0,20,80.03,960,0,0,0,0,23.6,106,3.7
2010,1,19,22,30,155.20000000000002,0.16,3.4000000000000004,0,0,0,0,20.3,84.71000000000001,960,0,0,0,0,23,102,3.6
2010,1,19,23,30,143.22,0.16,3.4000000000000004,0,0,0,0,20.5,87.93,960,0,0,0,0,22.6,98,3.8000000000000003
2010,1,20,0,30,129.85,0.16,3.4000000000000004,0,0,0,0,20.700000000000003,90.52,960,0,0,0,0,22.3,96,3.9000000000000004
2010,1,20,1,30,115.99000000000001,0.16,3.5,0,0,0,0,20.8,91.92,961,0,0,0,0,22.200000000000003,94,3.8000000000000003
2010,1,20,2,30,101.95,0.16,3.5,0,0,0,0,20.900000000000002,91.9,962,0,0,0,0,22.3,92,3.9000000000000004
2010,1,20,3,30,87.64,0.16,3.5,18,92,22,0,20.900000000000002,85.61,962,18,92,0,22,23.5,89,4.6000000000000005
2010,1,20,4,30,73.86,0.16,3.6,72,568,230,0,20.6,72.01,963,72,568,0,230,26,86,5.300000000000001
2010,1,20,5,30,60.15,0.16,3.6,97,763,477,0,19.8,57.88,963,97,763,0,477,28.900000000000002,84,5.4
2010,1,20,6,30,46.96,0.16,3.6,111,858,696,0,19.1,48.02,962,111,858,0,696,31.400000000000002,83,5.1000000000000005
2010,1,20,7,30,34.94,0.16,3.6,119,909,864,0,18.5,41.4,961,119,909,0,864,33.4,81,4.800000000000001
2010,1,20,8,30,25.85,0.16,3.7,123,933,962,0,17.900000000000002,36.94,960,123,933,0,962,34.7,80,4.4
2010,1,20,9,30,23.42,0.16,3.7,129,930,982,0,17.2,33.75,959,129,930,0,982,35.6,81,4
2010,1,20,10,30,29.37,0.16,3.8000000000000003,123,921,925,0,16.7,32.25,958,123,921,0,925,35.800000000000004,84,3.7
2010,1,20,11,30,40.11,0.16,3.9000000000000004,114,888,794,0,16.2,31.720000000000002,957,114,888,0,794,35.6,87,3.5
2010,1,20,12,30,52.78,0.16,3.9000000000000004,153,706,580,0,15.9,32.7,957,153,706,0,580,34.7,90,3.4000000000000004
2010,1,20,13,30,66.27,0.16,4,122,563,348,0,15.8,34.95,958,122,563,0,348,33.4,93,3.1
2010,1,20,14,30,80.09,0.16,4,67,277,114,2,16.2,39.49,958,21,0,0,21,31.6,96,2.5
2010,1,20,15,30,94.21000000000001,0.16,4,0,0,0,3,16.6,43.87,959,0,0,0,0,30.3,100,2.4000000000000004
2010,1,20,16,30,108.3,0.16,4,0,0,0,3,16.7,45.69,960,0,0,0,0,29.6,106,3.1
2010,1,20,17,30,122.29,0.16,4,0,0,0,3,16.8,48.27,961,0,0,0,0,28.8,112,3.7
2010,1,20,18,30,136.01,0.16,3.9000000000000004,0,0,0,3,17.1,52.63,961,0,0,0,0,27.700000000000003,116,4
2010,1,20,19,30,148.98,0.16,3.9000000000000004,0,0,0,0,17.8,59.230000000000004,961,0,0,0,0,26.400000000000002,117,3.9000000000000004
2010,1,20,20,30,159.62,0.16,3.9000000000000004,0,0,0,0,18.6,66.64,961,0,0,0,0,25.200000000000003,114,3.6
2010,1,20,21,30,162.78,0.16,3.9000000000000004,0,0,0,0,19.200000000000003,73.26,960,0,0,0,0,24.3,108,3.5
2010,1,20,22,30,155.39000000000001,0.16,3.8000000000000003,0,0,0,0,19.700000000000003,78.97,960,0,0,0,0,23.6,102,3.5
2010,1,20,23,30,143.37,0.16,3.8000000000000003,0,0,0,0,20.1,83.83,960,0,0,0,0,23,97,3.4000000000000004
2010,1,21,0,30,129.97,0.16,3.8000000000000003,0,0,0,0,20.400000000000002,87.58,960,0,0,0,0,22.6,92,3.6
2010,1,21,1,30,116.09,0.16,3.8000000000000003,0,0,0,0,20.700000000000003,90.13,961,0,0,0,0,22.400000000000002,87,3.8000000000000003
2010,1,21,2,30,102.03,0.16,3.8000000000000003,0,0,0,0,20.8,90.4,961,0,0,0,0,22.5,84,4.1000000000000005
2010,1,21,3,30,87.69,0.16,3.8000000000000003,17,70,20,0,20.8,83.89,962,17,70,0,20,23.700000000000003,82,4.800000000000001
2010,1,21,4,30,73.89,0.16,3.7,77,540,226,0,20.200000000000003,69.22,962,77,540,0,226,26.3,80,5.5
2010,1,21,5,30,60.160000000000004,0.16,3.7,102,742,472,0,19.200000000000003,54.660000000000004,962,102,742,0,472,29.3,79,5.6000000000000005
2010,1,21,6,30,46.93,0.16,3.7,126,823,688,0,18.5,44.72,962,126,823,0,688,32,78,5.4
2010,1,21,7,30,34.86,0.16,3.6,133,884,858,0,17.900000000000002,37.980000000000004,961,133,884,0,858,34.2,77,5.1000000000000005
2010,1,21,8,30,25.69,0.16,3.6,135,914,959,0,17.1,33.18,959,135,914,0,959,35.800000000000004,77,4.7
2010,1,21,9,30,23.2,0.16,3.7,157,887,972,0,16.400000000000002,30.05,958,157,887,0,972,36.800000000000004,77,4.3
2010,1,21,10,30,29.16,0.16,3.7,152,875,916,0,15.9,28.580000000000002,957,152,875,0,916,37.1,78,4
2010,1,21,11,30,39.94,0.16,3.8000000000000003,145,834,785,7,15.5,28.66,956,303,470,7,663,36.6,80,3.7
2010,1,21,12,30,52.64,0.16,3.8000000000000003,130,762,592,2,15.4,30.17,956,341,77,0,388,35.5,81,3.6
2010,1,21,13,30,66.15,0.16,3.9000000000000004,105,627,358,2,15.5,32.82,957,212,24,0,222,34.1,83,3.2
2010,1,21,14,30,80,0.16,4,61,337,119,3,15.9,37.2,957,26,0,0,26,32.4,88,2.4000000000000004
2010,1,21,15,30,94.14,0.16,4.1000000000000005,0,0,0,3,16.400000000000002,41.12,958,0,0,0,0,31.200000000000003,99,2.3000000000000003
2010,1,21,16,30,108.24000000000001,0.16,4.1000000000000005,0,0,0,3,16.5,43.230000000000004,959,0,0,0,0,30.400000000000002,111,3.3000000000000003
2010,1,21,17,30,122.26,0.16,4.1000000000000005,0,0,0,3,17,47.82,960,0,0,0,0,29.200000000000003,120,4.2
2010,1,21,18,30,136.01,0.16,4.2,0,0,0,3,18.1,56.38,960,0,0,0,0,27.6,120,4.7
2010,1,21,19,30,149.03,0.16,4.1000000000000005,0,0,0,0,19.400000000000002,66.72,961,0,0,0,0,26.1,115,4.7
2010,1,21,20,30,159.76,0.16,4.1000000000000005,0,0,0,0,20.200000000000003,75.10000000000001,960,0,0,0,0,24.900000000000002,108,4.4
2010,1,21,21,30,163.02,0.16,4,0,0,0,0,20.6,80.12,960,0,0,0,0,24.200000000000003,101,4.4
2010,1,21,22,30,155.59,0.16,4,0,0,0,0,20.8,83.57000000000001,960,0,0,0,0,23.700000000000003,95,4.5
2010,1,21,23,30,143.52,0.16,4,0,0,0,0,20.8,85.59,960,0,0,0,0,23.400000000000002,90,4.5
2010,1,22,0,30,130.09,0.16,3.9000000000000004,0,0,0,0,20.900000000000002,86.31,960,0,0,0,0,23.3,87,4.3
2010,1,22,1,30,116.18,0.16,3.8000000000000003,0,0,0,0,20.900000000000002,87.2,961,0,0,0,0,23.1,85,4.2
2010,1,22,2,30,102.10000000000001,0.16,3.8000000000000003,0,0,0,0,20.700000000000003,86.54,961,0,0,0,0,23.1,84,4.3
2010,1,22,3,30,87.73,0.16,3.7,17,48,19,0,20.5,80.75,962,17,48,0,19,24,81,4.9
2010,1,22,4,30,73.92,0.16,3.6,82,508,223,0,19.8,68.25,963,82,508,0,223,26.1,79,5.5
2010,1,22,5,30,60.160000000000004,0.16,3.5,110,725,471,0,18.8,54.38,963,110,725,0,471,28.900000000000002,77,5.7
2010,1,22,6,30,46.89,0.16,3.4000000000000004,125,831,692,0,17.8,43.480000000000004,962,125,831,0,692,31.700000000000003,74,5.7
2010,1,22,7,30,34.77,0.16,3.3000000000000003,134,888,863,0,17,36.32,961,134,888,0,863,34,72,5.5
2010,1,22,8,30,25.52,0.16,3.2,138,917,966,0,16.2,31.46,959,138,917,0,966,35.7,70,5.300000000000001
2010,1,22,9,30,22.96,0.16,3.2,145,915,988,0,15.5,28.32,958,145,915,0,988,36.800000000000004,68,5
2010,1,22,10,30,28.94,0.16,3.2,145,897,930,3,14.9,26.87,957,454,39,0,488,37.1,67,4.7
2010,1,22,11,30,39.76,0.16,3.2,138,858,798,3,14.5,26.68,956,424,67,0,475,36.7,67,4.5
2010,1,22,12,30,52.51,0.16,3.2,132,771,601,3,14.200000000000001,27.67,956,338,66,7,378,35.7,68,4.3
2010,1,22,13,30,66.04,0.16,3.2,106,640,365,3,14.100000000000001,29.97,956,15,0,0,15,34.2,72,3.9000000000000004
2010,1,22,14,30,79.91,0.16,3.3000000000000003,62,347,123,3,14.5,33.78,957,39,0,0,39,32.5,77,3.2
2010,1,22,15,30,94.07000000000001,0.16,3.3000000000000003,0,0,0,3,15,37.550000000000004,958,0,0,0,0,31.200000000000003,84,3.1
2010,1,22,16,30,108.19,0.16,3.2,0,0,0,3,15.4,40.65,958,0,0,0,0,30.200000000000003,93,3.5
2010,1,22,17,30,122.24000000000001,0.16,3.2,0,0,0,2,15.9,45.39,959,0,0,0,0,28.900000000000002,102,4.2
2010,1,22,18,30,136.02,0.16,3.2,0,0,0,0,16.900000000000002,52.64,959,0,0,0,0,27.400000000000002,107,4.6000000000000005
2010,1,22,19,30,149.09,0.16,3.1,0,0,0,1,18,62.29,959,0,0,0,0,25.8,108,4.7
2010,1,22,20,30,159.91,0.16,3.1,0,0,0,0,19,71.48,959,0,0,0,0,24.5,103,4.6000000000000005
2010,1,22,21,30,163.25,0.16,3,0,0,0,0,19.6,78.16,959,0,0,0,0,23.6,97,4.5
2010,1,22,22,30,155.79,0.16,3,0,0,0,0,19.8,82.14,959,0,0,0,0,23,93,4.3
2010,1,22,23,30,143.66,0.16,2.9000000000000004,0,0,0,0,19.900000000000002,84.65,959,0,0,0,0,22.6,91,4.2
2010,1,23,0,30,130.2,0.16,2.8000000000000003,0,0,0,0,19.900000000000002,87.02,960,0,0,0,0,22.200000000000003,88,4.1000000000000005
2010,1,23,1,30,116.27,0.16,2.7,0,0,0,0,20,88.75,960,0,0,0,0,21.900000000000002,84,4.2
2010,1,23,2,30,102.16,0.16,2.6,0,0,0,0,20,89.49,961,0,0,0,0,21.8,80,4.4
2010,1,23,3,30,87.78,0.16,2.5,17,45,19,0,20,84.66,962,17,45,0,19,22.700000000000003,77,4.9
2010,1,23,4,30,73.94,0.16,2.4000000000000004,87,508,228,3,19.700000000000003,72.66,963,17,0,0,17,24.900000000000002,75,5.5
2010,1,23,5,30,60.160000000000004,0.16,2.4000000000000004,118,726,479,3,18.900000000000002,58.88,963,171,1,7,171,27.700000000000003,73,5.800000000000001
2010,1,23,6,30,46.85,0.16,2.4000000000000004,137,830,704,3,17.8,46.52,962,325,14,7,335,30.6,70,5.800000000000001
2010,1,23,7,30,34.67,0.16,2.5,146,887,875,3,16.5,37.19,961,470,94,0,547,33.1,66,5.7
2010,1,23,8,30,25.34,0.16,2.5,152,913,977,0,15.5,31.64,960,152,913,0,977,34.800000000000004,62,5.4
2010,1,23,9,30,22.73,0.16,2.6,150,921,1000,0,14.600000000000001,28.240000000000002,958,150,921,0,1000,35.800000000000004,58,5.1000000000000005
2010,1,23,10,30,28.72,0.16,2.6,144,912,944,0,13.700000000000001,26.12,957,144,912,0,944,36.2,57,4.9
2010,1,23,11,30,39.59,0.16,2.6,134,880,812,0,12.9,24.95,956,134,880,0,812,36.1,58,4.800000000000001
2010,1,23,12,30,52.370000000000005,0.16,2.5,118,819,618,0,12.4,24.96,956,118,819,0,618,35.4,60,4.7
2010,1,23,13,30,65.93,0.16,2.5,94,698,379,0,12.100000000000001,26.59,957,94,698,0,379,33.9,63,4.2
2010,1,23,14,30,79.82000000000001,0.16,2.5,57,416,130,0,12.200000000000001,30.970000000000002,957,57,416,0,130,31.400000000000002,67,3.1
2010,1,23,15,30,94,0.16,2.6,0,0,0,0,12.9,35.88,958,0,0,0,0,29.6,72,2.7
2010,1,23,16,30,108.14,0.16,2.6,0,0,0,0,13.200000000000001,38.33,959,0,0,0,0,28.8,75,3.1
2010,1,23,17,30,122.21000000000001,0.16,2.6,0,0,0,0,13.600000000000001,41.17,959,0,0,0,0,28,79,3.3000000000000003
2010,1,23,18,30,136.03,0.16,2.6,0,0,0,0,14.100000000000001,44.81,959,0,0,0,0,27.1,86,3.5
2010,1,23,19,30,149.15,0.16,2.7,0,0,0,0,14.9,50.08,959,0,0,0,0,26.1,93,3.8000000000000003
2010,1,23,20,30,160.06,0.16,2.7,0,0,0,0,16.1,58.2,959,0,0,0,0,24.900000000000002,96,3.8000000000000003
2010,1,23,21,30,163.5,0.16,2.7,0,0,0,0,17.5,67.66,959,0,0,0,0,23.8,95,3.6
2010,1,23,22,30,155.99,0.16,2.7,0,0,0,0,18.5,76.43,959,0,0,0,0,22.900000000000002,89,3.3000000000000003
2010,1,23,23,30,143.81,0.16,2.6,0,0,0,0,19.3,83.76,959,0,0,0,0,22.200000000000003,82,3.4000000000000004
2010,1,24,0,30,130.31,0.16,2.6,0,0,0,0,19.8,88.34,959,0,0,0,0,21.8,75,3.8000000000000003
2010,1,24,1,30,116.35000000000001,0.16,2.6,0,0,0,0,19.900000000000002,90.55,960,0,0,0,0,21.5,70,4.1000000000000005
2010,1,24,2,30,102.23,0.16,2.6,0,0,0,0,19.700000000000003,90.23,960,0,0,0,0,21.400000000000002,66,4.6000000000000005
2010,1,24,3,30,87.82000000000001,0.16,2.5,17,40,19,0,19.400000000000002,83.24,961,17,40,0,19,22.400000000000002,62,5.5
2010,1,24,4,30,73.96000000000001,0.16,2.5,84,522,228,0,18.5,68.69,962,84,522,0,228,24.6,60,6.4
2010,1,24,5,30,60.15,0.16,2.4000000000000004,109,749,482,0,17.1,53.25,962,109,749,0,482,27.5,58,6.6000000000000005
2010,1,24,6,30,46.81,0.16,2.2,121,866,714,0,15.700000000000001,41.27,961,121,866,0,714,30.3,57,6.4
2010,1,24,7,30,34.58,0.16,2.2,128,924,889,0,14.100000000000001,32.77,960,128,924,0,889,32.6,55,6.2
2010,1,24,8,30,25.16,0.16,2.1,131,954,995,0,12.600000000000001,26.87,959,131,954,0,995,34.4,53,6
2010,1,24,9,30,22.48,0.16,2.1,128,965,1020,0,11.4,23.48,957,128,965,0,1020,35.4,53,5.800000000000001
2010,1,24,10,30,28.5,0.16,2,128,953,965,0,10.5,21.44,956,128,953,0,965,35.9,54,5.7
2010,1,24,11,30,39.42,0.16,2,122,916,830,0,9.700000000000001,20.59,956,122,916,0,830,35.7,55,5.6000000000000005
2010,1,24,12,30,52.230000000000004,0.16,2,112,847,631,0,9.1,20.69,956,112,847,0,631,34.9,57,5.4
2010,1,24,13,30,65.82000000000001,0.16,2,93,719,388,0,8.700000000000001,22.06,956,93,719,0,388,33.2,60,4.9
2010,1,24,14,30,79.73,0.16,2,58,431,134,0,8.6,25.55,957,58,431,0,134,30.5,63,3.7
2010,1,24,15,30,93.93,0.16,2,0,0,0,0,8.9,29.52,958,0,0,0,0,28.400000000000002,67,3.3000000000000003
2010,1,24,16,30,108.10000000000001,0.16,2,0,0,0,0,8.8,30.990000000000002,959,0,0,0,0,27.400000000000002,69,3.7
2010,1,24,17,30,122.19,0.16,2,0,0,0,0,8.700000000000001,32.87,959,0,0,0,0,26.3,73,3.9000000000000004
2010,1,24,18,30,136.04,0.16,2,0,0,0,0,8.9,35.56,960,0,0,0,0,25.200000000000003,80,3.9000000000000004
2010,1,24,19,30,149.21,0.16,2,0,0,0,0,10,41.27,960,0,0,0,0,24,87,4
2010,1,24,20,30,160.22,0.16,2.1,0,0,0,0,12.5,51.910000000000004,960,0,0,0,0,22.900000000000002,90,4.1000000000000005
2010,1,24,21,30,163.74,0.16,2.1,0,0,0,0,15.600000000000001,67.3,959,0,0,0,0,21.900000000000002,87,4.3
2010,1,24,22,30,156.18,0.16,2.1,0,0,0,0,18,81.58,959,0,0,0,0,21.3,83,4.5
2010,1,24,23,30,143.95000000000002,0.16,2.1,0,0,0,0,19.3,89.94,959,0,0,0,0,21,79,4.7
2010,1,25,0,30,130.42000000000002,0.16,2,0,0,0,0,19.6,92.73,959,0,0,0,0,20.8,76,4.7
2010,1,25,1,30,116.43,0.16,1.9000000000000001,0,0,0,0,19.400000000000002,93.7,960,0,0,0,0,20.5,74,4.800000000000001
2010,1,25,2,30,102.29,0.16,1.9000000000000001,0,0,0,0,19.200000000000003,92.66,960,0,0,0,0,20.400000000000002,72,5.1000000000000005
2010,1,25,3,30,87.85000000000001,0.16,1.8,18,66,20,0,18.8,85.34,961,18,66,0,20,21.400000000000002,71,5.800000000000001
2010,1,25,4,30,73.98,0.16,1.8,78,578,238,0,18,69.77,962,78,578,0,238,23.900000000000002,70,6.5
2010,1,25,5,30,60.14,0.16,1.8,102,792,497,0,16.7,53.800000000000004,962,102,792,0,497,26.8,69,6.800000000000001
2010,1,25,6,30,46.76,0.16,1.8,125,874,723,0,15.100000000000001,41.34,961,125,874,0,723,29.6,68,6.7
2010,1,25,7,30,34.47,0.16,1.8,130,934,900,0,13.600000000000001,32.65,960,130,934,0,900,32,68,6.5
2010,1,25,8,30,24.98,0.16,1.8,131,965,1005,0,12.200000000000001,26.93,959,131,965,0,1005,33.800000000000004,69,5.9
2010,1,25,9,30,22.23,0.16,1.9000000000000001,123,980,1030,0,10.9,23.02,957,123,980,0,1030,35.1,70,5.4
2010,1,25,10,30,28.28,0.16,1.9000000000000001,118,972,974,0,9.8,20.69,956,118,972,0,974,35.7,72,4.9
2010,1,25,11,30,39.25,0.16,1.9000000000000001,109,944,840,0,9,19.64,956,109,944,0,840,35.7,74,4.5
2010,1,25,12,30,52.1,0.16,1.9000000000000001,98,886,642,0,8.5,19.7,956,98,886,0,642,35,75,4.2
2010,1,25,13,30,65.71000000000001,0.16,1.9000000000000001,80,773,398,0,8.200000000000001,21.25,956,80,773,0,398,33.300000000000004,75,3.5
2010,1,25,14,30,79.65,0.16,2,50,507,141,0,8.700000000000001,26.19,957,50,507,0,141,30.200000000000003,76,2.3000000000000003
2010,1,25,15,30,93.87,0.16,2,0,0,0,0,9.600000000000001,32.29,958,0,0,0,0,27.700000000000003,76,1.8
2010,1,25,16,30,108.06,0.16,2.1,0,0,0,0,9.9,34.57,958,0,0,0,0,26.8,77,2.1
2010,1,25,17,30,122.18,0.16,2.2,0,0,0,0,10.5,37.94,959,0,0,0,0,25.900000000000002,83,2.4000000000000004
2010,1,25,18,30,136.06,0.16,2.3000000000000003,0,0,0,0,11.600000000000001,43.13,959,0,0,0,0,25,93,2.8000000000000003
2010,1,25,19,30,149.28,0.16,2.4000000000000004,0,0,0,0,13.3,50.910000000000004,959,0,0,0,0,24.1,102,3.1
2010,1,25,20,30,160.38,0.16,2.5,0,0,0,0,15.3,61.44,959,0,0,0,0,23.1,107,3.2
2010,1,25,21,30,164,0.16,2.5,0,0,0,0,17,72.58,959,0,0,0,0,22.200000000000003,106,3.1
2010,1,25,22,30,156.38,0.16,2.5,0,0,0,0,18.3,81.96000000000001,959,0,0,0,0,21.5,99,3.2
2010,1,25,23,30,144.1,0.16,2.4000000000000004,0,0,0,0,19,88.53,959,0,0,0,0,21,90,3.6
2010,1,26,0,30,130.52,0.16,2.4000000000000004,0,0,0,0,19.3,91.89,960,0,0,0,0,20.700000000000003,82,4
2010,1,26,1,30,116.51,0.16,2.3000000000000003,0,0,0,0,19.3,93.59,960,0,0,0,0,20.400000000000002,79,4.1000000000000005
2010,1,26,2,30,102.34,0.16,2.1,0,0,0,0,19.200000000000003,93.08,961,0,0,0,0,20.400000000000002,77,4.4
2010,1,26,3,30,87.89,0.16,2.1,17,64,20,0,19.200000000000003,86.13,962,17,64,0,20,21.6,76,5.2
2010,1,26,4,30,73.99,0.16,2,77,577,236,0,18.8,71.42,962,77,577,0,236,24.3,75,6
2010,1,26,5,30,60.120000000000005,0.16,1.9000000000000001,98,798,496,0,17.900000000000002,55.47,962,98,798,0,496,27.6,73,6.2
2010,1,26,6,30,46.71,0.16,1.9000000000000001,110,898,726,0,16.3,41.82,961,110,898,0,726,30.700000000000003,71,6.1000000000000005
2010,1,26,7,30,34.37,0.16,2,119,946,899,0,14.5,32.39,960,119,946,0,899,33.2,68,5.9
2010,1,26,8,30,24.79,0.16,2,123,970,1004,0,13.100000000000001,27.02,959,123,970,0,1004,34.9,67,5.6000000000000005
2010,1,26,9,30,21.98,0.16,2.1,123,973,1026,0,12.100000000000001,23.62,958,123,973,0,1026,36.1,67,5.300000000000001
2010,1,26,10,30,28.060000000000002,0.16,2.1,121,962,970,0,11.200000000000001,21.67,957,121,962,0,970,36.6,67,5
2010,1,26,11,30,39.08,0.16,2.1,114,931,836,0,10.5,20.77,956,114,931,0,836,36.5,68,4.800000000000001
2010,1,26,12,30,51.96,0.16,2.2,103,866,636,0,10,20.990000000000002,956,103,866,0,636,35.7,68,4.6000000000000005
2010,1,26,13,30,65.61,0.16,2.2,85,748,394,0,9.700000000000001,22.48,956,85,748,0,394,34.1,68,4
2010,1,26,14,30,79.57000000000001,0.16,2.2,53,478,140,0,9.9,26.95,957,53,478,0,140,31.1,68,2.8000000000000003
2010,1,26,15,30,93.81,0.16,2.2,0,0,0,0,10.5,31.98,958,0,0,0,0,28.8,66,2.4000000000000004
2010,1,26,16,30,108.02,0.16,2.1,0,0,0,0,10.4,33.38,959,0,0,0,0,28,64,2.9000000000000004
2010,1,26,17,30,122.16,0.16,2.1,0,0,0,0,10.5,35.33,959,0,0,0,0,27.1,66,3.2
2010,1,26,18,30,136.07,0.16,2,0,0,0,0,10.8,38.22,959,0,0,0,0,26.1,72,3.4000000000000004
2010,1,26,19,30,149.35,0.16,2,0,0,0,0,11.600000000000001,43.34,959,0,0,0,0,24.900000000000002,80,3.5
2010,1,26,20,30,160.55,0.16,2.1,0,0,0,0,13.200000000000001,51.5,959,0,0,0,0,23.8,88,3.6
2010,1,26,21,30,164.25,0.16,2.1,0,0,0,0,15.4,63.31,959,0,0,0,0,22.700000000000003,90,3.7
2010,1,26,22,30,156.58,0.16,2.2,0,0,0,0,17.5,76.67,959,0,0,0,0,21.8,87,3.9000000000000004
2010,1,26,23,30,144.24,0.16,2.2,0,0,0,0,19,86.49,959,0,0,0,0,21.3,83,4.2
2010,1,27,0,30,130.63,0.16,2.2,0,0,0,0,19.5,91.95,959,0,0,0,0,20.900000000000002,79,4.4
2010,1,27,1,30,116.59,0.16,2.2,0,0,0,0,19.6,93.84,960,0,0,0,0,20.6,78,4.5
2010,1,27,2,30,102.4,0.16,2.2,0,0,0,0,19.400000000000002,93.25,961,0,0,0,0,20.5,75,4.7
2010,1,27,3,30,87.92,0.16,2.2,17,54,19,0,19.1,85.62,961,17,54,0,19,21.6,73,5.4
2010,1,27,4,30,74,0.16,2.2,78,565,233,0,18.5,70.35000000000001,962,78,565,0,233,24.200000000000003,71,6.1000000000000005
2010,1,27,5,30,60.11,0.16,2.2,101,780,490,0,17.7,55.97,962,101,780,0,490,27.3,68,6.2
2010,1,27,6,30,46.660000000000004,0.16,2.2,115,879,719,0,17.2,45.32,961,115,879,0,719,30.3,64,6.1000000000000005
2010,1,27,7,30,34.25,0.16,2.3000000000000003,124,929,892,0,16.400000000000002,37.6,960,124,929,0,892,32.7,62,6
2010,1,27,8,30,24.59,0.16,2.3000000000000003,128,955,996,0,15.3,31.490000000000002,959,128,955,0,996,34.6,60,5.7
2010,1,27,9,30,21.72,0.16,2.3000000000000003,141,944,1017,0,14.100000000000001,27.23,958,141,944,0,1017,35.9,59,5.4
2010,1,27,10,30,27.830000000000002,0.16,2.3000000000000003,141,926,960,0,13.100000000000001,24.62,957,141,926,0,960,36.5,59,5.2
2010,1,27,11,30,38.9,0.16,2.3000000000000003,138,882,825,0,12.3,23.46,956,138,882,0,825,36.4,59,5
2010,1,27,12,30,51.83,0.16,2.4000000000000004,144,766,617,0,11.600000000000001,23.43,956,144,766,0,617,35.7,60,4.800000000000001
2010,1,27,13,30,65.51,0.16,2.4000000000000004,124,603,374,0,11.3,24.82,956,124,603,0,374,34.2,61,4.2
2010,1,27,14,30,79.49,0.16,2.4000000000000004,74,285,125,3,11.3,29.16,957,38,0,0,38,31.400000000000002,63,2.9000000000000004
2010,1,27,15,30,93.75,0.16,2.5,0,0,0,0,11.9,34.410000000000004,957,0,0,0,0,29.200000000000003,64,2.2
2010,1,27,16,30,107.98,0.16,2.5,0,0,0,0,12.100000000000001,36.42,958,0,0,0,0,28.400000000000002,66,2.4000000000000004
2010,1,27,17,30,122.15,0.16,2.5,0,0,0,0,12.3,38.75,959,0,0,0,0,27.6,71,2.7
2010,1,27,18,30,136.1,0.16,2.6,0,0,0,0,12.700000000000001,41.97,959,0,0,0,0,26.700000000000003,81,3.1
2010,1,27,19,30,149.42000000000002,0.16,2.7,0,0,0,0,13.600000000000001,47,959,0,0,0,0,25.8,92,3.7
2010,1,27,20,30,160.72,0.16,2.8000000000000003,0,0,0,0,15.200000000000001,55.86,959,0,0,0,0,24.6,97,4.3
2010,1,27,21,30,164.52,0.16,2.8000000000000003,0,0,0,0,17,67.31,959,0,0,0,0,23.400000000000002,98,4.4
2010,1,27,22,30,156.78,0.16,2.8000000000000003,0,0,0,0,18.400000000000002,77.7,959,0,0,0,0,22.5,94,4.4
2010,1,27,23,30,144.38,0.16,2.8000000000000003,0,0,0,0,19.3,85.03,959,0,0,0,0,21.900000000000002,88,4.5
2010,1,28,0,30,130.73,0.16,2.7,0,0,0,0,19.6,87.61,959,0,0,0,0,21.700000000000003,82,4.6000000000000005
2010,1,28,1,30,116.66,0.16,2.6,0,0,0,0,19.5,88.51,960,0,0,0,0,21.5,78,4.6000000000000005
2010,1,28,2,30,102.45,0.16,2.5,0,0,0,0,19.400000000000002,87.73,961,0,0,0,0,21.5,74,4.800000000000001
2010,1,28,3,30,87.94,0.16,2.5,15,21,16,0,19.200000000000003,81.89,962,15,21,0,16,22.400000000000002,71,5.5
2010,1,28,4,30,74.01,0.16,2.5,94,464,222,0,18.6,68.9,963,94,464,0,222,24.700000000000003,68,6.300000000000001
2010,1,28,5,30,60.08,0.16,2.5,125,701,474,0,17.8,55.09,963,125,701,0,474,27.6,66,6.5
2010,1,28,6,30,46.6,0.16,2.5,134,832,705,0,16.8,44.01,962,134,832,0,705,30.400000000000002,63,6.4
2010,1,28,7,30,34.14,0.16,2.5,140,896,882,0,15.700000000000001,36,961,140,896,0,882,32.7,61,6.1000000000000005
2010,1,28,8,30,24.39,0.16,2.4000000000000004,141,931,989,0,14.4,30.04,960,141,931,0,989,34.5,59,5.800000000000001
2010,1,28,9,30,21.45,0.16,2.4000000000000004,134,950,1018,0,13.100000000000001,25.71,958,134,950,0,1018,35.800000000000004,59,5.5
2010,1,28,10,30,27.61,0.16,2.4000000000000004,130,939,962,0,12,23,957,130,939,0,962,36.4,59,5.300000000000001
2010,1,28,11,30,38.730000000000004,0.16,2.4000000000000004,122,908,830,0,10.9,21.64,956,122,908,0,830,36.300000000000004,60,5.1000000000000005
2010,1,28,12,30,51.7,0.16,2.5,110,842,631,0,10.200000000000001,21.32,956,110,842,0,631,35.7,60,5
2010,1,28,13,30,65.41,0.16,2.5,91,717,389,0,9.8,22.57,956,91,717,0,389,34.1,60,4.5
2010,1,28,14,30,79.42,0.16,2.5,57,431,137,0,9.600000000000001,25.95,957,57,431,0,137,31.400000000000002,62,3.3000000000000003
2010,1,28,15,30,93.7,0.16,2.5,0,0,0,0,9.8,29.8,958,0,0,0,0,29.3,64,2.9000000000000004
2010,1,28,16,30,107.95,0.16,2.5,0,0,0,0,9.600000000000001,30.73,959,0,0,0,0,28.5,64,3.5
2010,1,28,17,30,122.14,0.16,2.4000000000000004,0,0,0,0,9.4,32.2,959,0,0,0,0,27.5,67,3.8000000000000003
2010,1,28,18,30,136.12,0.16,2.4000000000000004,0,0,0,0,9.4,34.38,960,0,0,0,0,26.400000000000002,72,3.9000000000000004
2010,1,28,19,30,149.5,0.16,2.4000000000000004,0,0,0,0,9.8,37.6,959,0,0,0,0,25.3,78,3.9000000000000004
2010,1,28,20,30,160.89000000000001,0.16,2.5,0,0,0,0,10.9,43.34,959,0,0,0,0,24.1,84,3.7
2010,1,28,21,30,164.78,0.16,2.5,0,0,0,0,12.4,51.370000000000005,959,0,0,0,0,23,86,3.5
2010,1,28,22,30,156.98,0.16,2.6,0,0,0,1,14.3,61.18,958,0,0,0,0,22.1,85,3.4000000000000004
2010,1,28,23,30,144.51,0.16,2.6,0,0,0,1,16,71.85000000000001,958,0,0,0,0,21.3,82,3.5
2010,1,29,0,30,130.83,0.16,2.6,0,0,0,1,17.2,80.96000000000001,959,0,0,0,0,20.6,77,3.6
2010,1,29,1,30,116.73,0.16,2.7,0,0,0,0,17.7,86.3,959,0,0,0,0,20.1,70,3.7
2010,1,29,2,30,102.5,0.16,2.9000000000000004,0,0,0,0,17.900000000000002,87.71000000000001,960,0,0,0,0,20,64,4.1000000000000005
2010,1,29,3,30,87.97,0.16,3,16,35,17,0,17.900000000000002,80.43,961,16,35,0,17,21.400000000000002,62,5.6000000000000005
2010,1,29,4,30,74.01,0.16,3.1,85,496,222,0,17.5,66.06,962,85,496,0,222,24.200000000000003,62,7.1000000000000005
2010,1,29,5,30,60.06,0.16,3.1,117,712,472,0,16.5,51.18,962,117,712,0,472,27.5,62,7.300000000000001
2010,1,29,6,30,46.53,0.16,3.2,136,815,696,0,15.8,41.42,962,136,815,0,696,30.400000000000002,60,7
2010,1,29,7,30,34.02,0.16,3.2,146,872,869,0,15.3,34.71,961,146,872,0,869,32.9,59,6.6000000000000005
2010,1,29,8,30,24.18,0.16,3.2,150,902,972,0,14.4,29.55,959,150,902,0,972,34.800000000000004,60,6.1000000000000005
2010,1,29,9,30,21.18,0.16,3.1,144,920,1002,0,13.4,25.64,958,144,920,0,1002,36.1,61,5.7
2010,1,29,10,30,27.38,0.16,3.1,141,907,947,0,12.3,23.31,957,141,907,0,947,36.6,63,5.5
2010,1,29,11,30,38.56,0.16,3,134,874,817,0,11.5,22.1,956,134,874,0,817,36.6,66,5.300000000000001
2010,1,29,12,30,51.57,0.16,2.9000000000000004,121,808,623,0,10.9,22.1,956,121,808,0,623,35.800000000000004,69,5.2
2010,1,29,13,30,65.31,0.16,2.9000000000000004,101,673,382,0,10.3,23.09,956,101,673,0,382,34.300000000000004,71,4.7
2010,1,29,14,30,79.34,0.16,2.8000000000000003,63,382,134,0,9.8,25.84,957,63,382,0,134,31.8,73,3.6
2010,1,29,15,30,93.65,0.16,2.8000000000000003,0,0,0,0,9.700000000000001,28.71,958,0,0,0,0,29.8,75,3.3000000000000003
2010,1,29,16,30,107.92,0.16,2.8000000000000003,0,0,0,0,9.5,29.93,959,0,0,0,0,28.8,77,3.8000000000000003
2010,1,29,17,30,122.14,0.16,2.8000000000000003,0,0,0,0,9.8,32.7,959,0,0,0,0,27.700000000000003,83,3.9000000000000004
2010,1,29,18,30,136.15,0.16,2.9000000000000004,0,0,0,0,11.100000000000001,38.2,959,0,0,0,0,26.5,92,4
2010,1,29,19,30,149.58,0.16,3,0,0,0,0,13.200000000000001,47.160000000000004,959,0,0,0,0,25.3,98,4
2010,1,29,20,30,161.07,0.16,3.1,0,0,0,0,15.600000000000001,59,959,0,0,0,0,24.1,95,4
2010,1,29,21,30,165.06,0.16,3.2,0,0,0,0,17.400000000000002,70.32000000000001,959,0,0,0,0,23.1,89,3.9000000000000004
2010,1,29,22,30,157.18,0.16,3.2,0,0,0,0,18.5,78.41,959,0,0,0,0,22.400000000000002,84,3.9000000000000004
2010,1,29,23,30,144.65,0.16,3.2,0,0,0,0,19,84.29,959,0,0,0,0,21.8,81,4
2010,1,30,0,30,130.92000000000002,0.16,3.2,0,0,0,0,19.400000000000002,88.71000000000001,960,0,0,0,0,21.3,79,4.1000000000000005
2010,1,30,1,30,116.8,0.16,3.1,0,0,0,0,19.5,91.85000000000001,960,0,0,0,0,20.900000000000002,75,4.3
2010,1,30,2,30,102.54,0.16,3.1,0,0,0,0,19.6,92.07000000000001,961,0,0,0,0,20.900000000000002,71,4.6000000000000005
2010,1,30,3,30,87.99,0.16,3.1,15,39,17,0,19.5,85.14,962,15,39,0,17,22.1,68,5.7
2010,1,30,4,30,74.01,0.16,3.2,81,522,224,4,18.900000000000002,69.60000000000001,963,8,0,0,8,24.8,67,6.800000000000001
2010,1,30,5,30,60.03,0.16,3.3000000000000003,105,743,477,4,17.900000000000002,54.43,963,152,0,0,152,27.900000000000002,66,7.2
2010,1,30,6,30,46.47,0.16,3.3000000000000003,133,820,697,4,16.900000000000002,43.24,962,370,76,0,422,30.8,64,7.1000000000000005
2010,1,30,7,30,33.89,0.16,3.4000000000000004,136,885,871,3,15.8,35.36,961,459,297,0,705,33.2,62,6.9
2010,1,30,8,30,23.97,0.16,3.4000000000000004,139,915,975,0,14.700000000000001,29.89,960,139,915,0,975,34.9,61,6.6000000000000005
2010,1,30,9,30,20.91,0.16,3.4000000000000004,131,934,1004,0,13.4,25.91,959,131,934,0,1004,36,61,6.300000000000001
2010,1,30,10,30,27.150000000000002,0.16,3.3000000000000003,129,923,950,0,12.3,23.490000000000002,958,129,923,0,950,36.4,63,6
2010,1,30,11,30,38.4,0.16,3.2,124,888,820,0,11.4,22.3,957,124,888,0,820,36.300000000000004,66,5.7
2010,1,30,12,30,51.45,0.16,3.1,114,820,625,3,10.8,22.25,957,336,294,0,519,35.6,68,5.5
2010,1,30,13,30,65.21000000000001,0.16,3,96,692,386,3,10.4,23.39,958,237,155,7,302,34.2,71,4.800000000000001
2010,1,30,14,30,79.27,0.16,3,60,412,136,3,10.200000000000001,26.63,959,20,0,0,20,31.700000000000003,75,3.4000000000000004
2010,1,30,15,30,93.60000000000001,0.16,3,0,0,0,3,10.600000000000001,30.91,960,0,0,0,0,29.6,78,2.6
2010,1,30,16,30,107.89,0.16,3,0,0,0,1,11,33.28,960,0,0,0,0,28.700000000000003,83,3.1
2010,1,30,17,30,122.14,0.16,3.1,0,0,0,1,11.8,36.800000000000004,961,0,0,0,0,27.900000000000002,92,3.6
2010,1,30,18,30,136.18,0.16,3.2,0,0,0,1,13.5,43.52,962,0,0,0,0,26.900000000000002,101,3.9000000000000004
2010,1,30,19,30,149.66,0.16,3.3000000000000003,0,0,0,4,15.700000000000001,53.9,962,0,0,0,0,25.700000000000003,104,4.1000000000000005
2010,1,30,20,30,161.25,0.16,3.3000000000000003,0,0,0,4,17.6,64.99,961,0,0,1,0,24.6,99,4.1000000000000005
2010,1,30,21,30,165.33,0.16,3.2,0,0,0,4,18.7,73.62,961,0,0,0,0,23.700000000000003,92,4.1000000000000005
2010,1,30,22,30,157.38,0.16,3.2,0,0,0,5,19.200000000000003,78.95,961,0,0,1,0,23,87,4.2
2010,1,30,23,30,144.78,0.16,3.1,0,0,0,5,19.3,81.91,961,0,0,1,0,22.5,83,4.4
2010,1,31,0,30,131.01,0.16,3.1,0,0,0,8,19.200000000000003,84.39,961,0,0,1,0,22,80,4.5
2010,1,31,1,30,116.87,0.16,3,0,0,0,8,19.3,86.76,962,0,0,0,0,21.6,77,4.5
2010,1,31,2,30,102.58,0.16,3,0,0,0,5,19.3,88.07000000000001,962,0,0,0,0,21.400000000000002,73,4.7
2010,1,31,3,30,88.01,0.16,2.9000000000000004,15,35,17,7,19.3,81.93,963,11,0,7,11,22.5,69,5.7
2010,1,31,4,30,74,0.16,2.9000000000000004,81,524,225,3,18.3,66.06,963,153,153,0,195,25.1,67,6.6000000000000005
2010,1,31,5,30,60,0.16,2.9000000000000004,106,747,480,0,16.5,48.88,963,106,747,0,480,28.3,65,6.9
2010,1,31,6,30,46.4,0.16,2.8000000000000003,121,853,709,0,14.9,36.99,962,121,853,0,709,31.3,63,6.7
2010,1,31,7,30,33.77,0.16,2.8000000000000003,131,904,883,0,13.700000000000001,29.68,961,131,904,0,883,33.800000000000004,61,6.300000000000001
2010,1,31,8,30,23.75,0.16,2.8000000000000003,139,927,987,0,12.600000000000001,24.990000000000002,960,139,927,0,987,35.7,59,5.800000000000001
2010,1,31,9,30,20.63,0.16,2.8000000000000003,135,941,1015,0,11.600000000000001,21.89,959,135,941,0,1015,36.9,58,5.300000000000001
2010,1,31,10,30,26.92,0.16,2.7,133,929,961,0,10.700000000000001,20,958,133,929,0,961,37.4,58,4.9
2010,1,31,11,30,38.230000000000004,0.16,2.7,126,895,829,0,9.9,18.97,957,126,895,0,829,37.4,59,4.6000000000000005
2010,1,31,12,30,51.32,0.16,2.7,115,828,632,0,9.3,18.96,958,115,828,0,632,36.7,60,4.4
2010,1,31,13,30,65.12,0.16,2.6,96,703,392,0,8.8,20.080000000000002,958,96,703,0,392,35.1,62,3.7
2010,1,31,14,30,79.2,0.16,2.6,60,420,139,0,8.8,23.77,959,60,420,0,139,32,65,2.5
2010,1,31,15,30,93.55,0.16,2.5,0,0,0,0,9.200000000000001,28.07,959,0,0,0,0,29.6,68,2.2
2010,1,31,16,30,107.87,0.16,2.5,0,0,0,0,8.9,29.01,960,0,0,0,0,28.700000000000003,69,2.7
2010,1,31,17,30,122.14,0.16,2.4000000000000004,0,0,0,0,8.8,30.400000000000002,960,0,0,0,0,27.8,72,3.1
2010,1,31,18,30,136.22,0.16,2.4000000000000004,0,0,0,0,9.200000000000001,33.14,960,0,0,0,0,26.700000000000003,80,3.4000000000000004
2010,1,31,19,30,149.75,0.16,2.3000000000000003,0,0,0,0,10.3,38.410000000000004,960,0,0,0,0,25.5,89,3.7
2010,1,31,20,30,161.44,0.16,2.4000000000000004,0,0,0,0,12.4,47.800000000000004,960,0,0,0,0,24.200000000000003,94,3.8000000000000003
2010,1,31,21,30,165.61,0.16,2.4000000000000004,0,0,0,0,14.8,59.730000000000004,960,0,0,0,0,23.1,93,3.7
2010,1,31,22,30,157.58,0.16,2.4000000000000004,0,0,0,0,16.8,72.09,960,0,0,0,0,22.1,87,3.5
2010,1,31,23,30,144.91,0.16,2.3000000000000003,0,0,0,0,18.2,83.05,960,0,0,0,0,21.200000000000003,78,3.7
2010,2,1,0,30,131.1,0.16,2.3000000000000003,0,0,0,0,18.900000000000002,89.88,960,0,0,0,0,20.6,71,4.1000000000000005
2010,2,1,1,30,116.93,0.16,2.2,0,0,0,0,19,93.42,961,0,0,0,0,20.1,68,4.5
2010,2,1,2,30,102.62,0.16,2.2,0,0,0,0,18.900000000000002,93.93,962,0,0,0,0,19.900000000000002,67,5
2010,2,1,3,30,88.02,0.16,2.1,15,31,17,0,18.6,85.68,962,15,31,0,17,21.1,66,6.1000000000000005
2010,2,1,4,30,74,0.16,2.1,83,529,229,0,17.6,68.43,963,83,529,0,229,23.8,66,7.1000000000000005
2010,2,1,5,30,59.96,0.16,2,111,757,490,0,16,50.36,963,111,757,0,490,27.200000000000003,67,7.2
2010,2,1,6,30,46.32,0.16,2,144,826,714,0,14.4,37.96,962,144,826,0,714,30.3,67,7
2010,2,1,7,30,33.63,0.16,2,153,888,892,0,12.9,29.54,961,153,888,0,892,33,64,6.4
2010,2,1,8,30,23.53,0.16,2,157,920,1000,0,11.5,24.150000000000002,959,157,920,0,1000,35,61,5.7
2010,2,1,9,30,20.34,0.16,2,154,931,1027,0,10.4,20.88,958,154,931,0,1027,36.300000000000004,58,5.1000000000000005
2010,2,1,10,30,26.69,0.16,2,149,920,971,0,9.5,18.91,957,149,920,0,971,37,57,4.6000000000000005
2010,2,1,11,30,38.06,0.16,2.1,141,883,836,0,8.8,18.06,957,141,883,0,836,37,57,4.4
2010,2,1,12,30,51.2,0.16,2.1,127,815,637,0,8.3,18.16,957,127,815,0,637,36.300000000000004,56,4.3
2010,2,1,13,30,65.03,0.16,2.1,105,682,393,0,8,19.5,957,105,682,0,393,34.6,57,3.7
2010,2,1,14,30,79.14,0.16,2.1,65,392,139,0,8.1,23.29,958,65,392,0,139,31.5,59,2.6
2010,2,1,15,30,93.51,0.16,2.1,0,0,0,0,8.4,27.61,959,0,0,0,0,29,61,2.3000000000000003
2010,2,1,16,30,107.85000000000001,0.16,2.1,0,0,0,0,8.200000000000001,28.55,959,0,0,0,0,28.1,62,2.8000000000000003
2010,2,1,17,30,122.14,0.16,2,0,0,0,0,8.200000000000001,30.14,960,0,0,0,0,27.200000000000003,65,3.1
2010,2,1,18,30,136.25,0.16,2,0,0,0,0,8.700000000000001,33.26,960,0,0,0,0,26.1,72,3.2
2010,2,1,19,30,149.84,0.16,2,0,0,0,0,9.9,38.84,960,0,0,0,0,24.900000000000002,83,3.5
2010,2,1,20,30,161.63,0.16,2,0,0,0,0,12.100000000000001,48.11,960,0,0,0,0,23.700000000000003,92,3.7
2010,2,1,21,30,165.9,0.16,2,0,0,0,0,14.700000000000001,60.89,959,0,0,0,0,22.6,95,3.7
2010,2,1,22,30,157.77,0.16,2,0,0,0,0,16.900000000000002,75.31,959,0,0,0,0,21.5,94,3.5
2010,2,1,23,30,145.03,0.16,2,0,0,0,0,18.5,86.61,959,0,0,0,0,20.8,87,3.5
2010,2,2,0,30,131.19,0.16,1.9000000000000001,0,0,0,0,19.200000000000003,93.51,960,0,0,0,0,20.3,79,3.6
2010,2,2,1,30,116.98,0.16,1.9000000000000001,0,0,0,0,19.400000000000002,96.91,960,0,0,0,0,19.900000000000002,74,3.6
2010,2,2,2,30,102.65,0.16,1.9000000000000001,0,0,0,0,19.3,96.42,961,0,0,0,0,19.900000000000002,72,4
2010,2,2,3,30,88.03,0.16,1.8,16,42,18,0,19.1,88.09,962,16,42,0,18,21.200000000000003,73,5
2010,2,2,4,30,73.98,0.16,1.8,79,559,234,0,18.5,70.77,962,79,559,0,234,24.1,75,5.9
2010,2,2,5,30,59.92,0.16,1.8,106,776,495,0,17.2,53.120000000000005,962,106,776,0,495,27.6,77,6
2010,2,2,6,30,46.25,0.16,1.9000000000000001,121,875,726,0,15.3,38.92,961,121,875,0,726,30.900000000000002,77,5.7
2010,2,2,7,30,33.5,0.16,1.9000000000000001,132,926,904,0,13.3,29.43,960,132,926,0,904,33.5,74,5.300000000000001
2010,2,2,8,30,23.3,0.16,2,139,945,1008,0,11.700000000000001,23.84,958,139,945,0,1008,35.5,71,4.9
2010,2,2,9,30,20.06,0.16,2,134,961,1037,0,10.700000000000001,20.650000000000002,957,134,961,0,1037,36.800000000000004,69,4.6000000000000005
2010,2,2,10,30,26.46,0.16,2,132,949,981,0,9.9,19.05,956,132,949,0,981,37.4,70,4.4
2010,2,2,11,30,37.9,0.16,2.1,123,916,846,0,9.5,18.490000000000002,955,123,916,0,846,37.4,71,4.3
2010,2,2,12,30,51.08,0.16,2.1,108,861,649,0,9.200000000000001,18.81,955,108,861,0,649,36.7,74,4.3
2010,2,2,13,30,64.94,0.16,2.1,86,753,405,0,9,20.29,956,86,753,0,405,35.1,77,3.8000000000000003
2010,2,2,14,30,79.08,0.16,2.1,54,499,148,0,9,24.07,956,54,499,0,148,32.1,82,2.8000000000000003
2010,2,2,15,30,93.47,0.16,2.1,0,0,0,0,9.5,28.53,957,0,0,0,0,29.700000000000003,88,2.6
2010,2,2,16,30,107.83,0.16,2.1,0,0,0,0,9.9,30.94,958,0,0,0,0,28.700000000000003,94,3.6
2010,2,2,17,30,122.15,0.16,2.2,0,0,0,0,11.4,37.13,958,0,0,0,0,27.3,102,4.4
2010,2,2,18,30,136.29,0.16,2.2,0,0,0,0,14.200000000000001,49.480000000000004,959,0,0,0,0,25.6,107,4.800000000000001
2010,2,2,19,30,149.93,0.16,2.3000000000000003,0,0,0,0,17,64.62,959,0,0,0,0,24.1,104,4.800000000000001
2010,2,2,20,30,161.82,0.16,2.2,0,0,0,0,18.8,77.55,958,0,0,0,0,22.900000000000002,97,4.800000000000001
2010,2,2,21,30,166.19,0.16,2.2,0,0,0,0,19.6,85.61,958,0,0,0,0,22.1,91,4.7
2010,2,2,22,30,157.97,0.16,2.1,0,0,0,0,19.8,89.71000000000001,957,0,0,0,0,21.6,86,4.7
2010,2,2,23,30,145.16,0.16,2.1,0,0,0,0,19.8,91.12,957,0,0,0,0,21.3,83,4.7
2010,2,3,0,30,131.27,0.16,2,0,0,0,0,19.6,91.28,958,0,0,0,0,21.1,81,4.6000000000000005
2010,2,3,1,30,117.04,0.16,1.9000000000000001,0,0,0,0,19.5,92.16,959,0,0,0,0,20.8,82,4.4
2010,2,3,2,30,102.68,0.16,1.9000000000000001,0,0,0,0,19.3,91.96000000000001,959,0,0,0,0,20.700000000000003,83,4.5
2010,2,3,3,30,88.04,0.16,1.8,16,89,19,0,19.200000000000003,85.36,960,16,89,0,19,21.8,83,5
2010,2,3,4,30,73.97,0.16,1.8,69,622,241,0,18.900000000000002,71.75,961,69,622,0,241,24.3,84,5.4
2010,2,3,5,30,59.88,0.16,1.8,92,818,503,0,18.1,56.410000000000004,961,92,818,0,503,27.5,85,5.300000000000001
2010,2,3,6,30,46.160000000000004,0.16,1.9000000000000001,125,868,727,0,16.7,42.7,961,125,868,0,727,30.8,84,4.9
2010,2,3,7,30,33.36,0.16,1.9000000000000001,138,918,904,0,14.8,32.75,960,138,918,0,904,33.4,82,4.4
2010,2,3,8,30,23.07,0.16,1.9000000000000001,146,939,1010,0,13.100000000000001,26.400000000000002,959,146,939,0,1010,35.300000000000004,80,3.8000000000000003
2010,2,3,9,30,19.76,0.16,1.9000000000000001,150,942,1036,0,11.600000000000001,22.25,958,150,942,0,1036,36.6,81,3.4000000000000004
2010,2,3,10,30,26.23,0.16,1.9000000000000001,149,925,979,0,10.200000000000001,19.64,956,149,925,0,979,37.2,85,3
2010,2,3,11,30,37.730000000000004,0.16,1.9000000000000001,141,892,846,0,9.200000000000001,18.27,955,141,892,0,846,37.2,90,2.9000000000000004
2010,2,3,12,30,50.97,0.16,1.9000000000000001,141,792,639,0,8.4,17.98,955,141,792,0,639,36.5,95,2.8000000000000003
2010,2,3,13,30,64.86,0.16,1.9000000000000001,113,667,396,0,7.800000000000001,19,955,113,667,0,396,34.800000000000004,100,2.4000000000000004
2010,2,3,14,30,79.02,0.16,1.9000000000000001,68,387,141,0,8,23.01,956,68,387,0,141,31.6,105,1.7000000000000002
2010,2,3,15,30,93.43,0.16,1.9000000000000001,0,0,0,0,8.5,27.6,957,0,0,0,0,29.1,110,1.8
2010,2,3,16,30,107.82000000000001,0.16,1.9000000000000001,0,0,0,0,8.5,29.07,957,0,0,0,0,28.200000000000003,113,2.4000000000000004
2010,2,3,17,30,122.16,0.16,1.9000000000000001,0,0,0,0,9.700000000000001,33.27,958,0,0,0,0,27.200000000000003,116,3.4000000000000004
2010,2,3,18,30,136.33,0.16,2,0,0,0,0,12,42.550000000000004,958,0,0,0,0,25.700000000000003,118,4.2
2010,2,3,19,30,150.03,0.16,2.1,0,0,0,0,14.8,55.83,958,0,0,0,0,24.200000000000003,117,4.5
2010,2,3,20,30,162.02,0.16,2.2,0,0,0,0,17.1,69.78,958,0,0,0,0,22.900000000000002,113,4.3
2010,2,3,21,30,166.48,0.16,2.3000000000000003,0,0,0,0,18.5,80.47,958,0,0,0,0,22,107,4.2
2010,2,3,22,30,158.16,0.16,2.3000000000000003,0,0,0,0,19.200000000000003,86.9,958,0,0,0,0,21.5,100,4.3
2010,2,3,23,30,145.28,0.16,2.3000000000000003,0,0,0,0,19.5,90.63,958,0,0,0,0,21.1,94,4.4
2010,2,4,0,30,131.35,0.16,2.2,0,0,0,0,19.5,92.51,959,0,0,0,0,20.8,90,4.4
2010,2,4,1,30,117.09,0.16,2.2,0,0,0,0,19.5,92.62,959,0,0,0,0,20.700000000000003,89,4.4
2010,2,4,2,30,102.71000000000001,0.16,2.2,0,0,0,0,19.3,91.94,960,0,0,0,0,20.700000000000003,88,4.5
2010,2,4,3,30,88.05,0.16,2.2,16,72,18,0,19.200000000000003,84.8,961,16,72,0,18,21.900000000000002,87,4.9
2010,2,4,4,30,73.95,0.16,2.2,72,594,236,3,18.8,70.60000000000001,961,144,15,7,148,24.5,88,5.2
2010,2,4,5,30,59.83,0.16,2.1,95,801,498,0,18.2,56.26,962,95,801,0,498,27.700000000000003,89,5.1000000000000005
2010,2,4,6,30,46.08,0.16,2.1,108,897,730,0,17.3,44.03,961,108,897,0,730,31,91,4.7
2010,2,4,7,30,33.22,0.16,2.1,116,949,909,0,16.1,35.08,960,116,949,0,909,33.6,96,4.1000000000000005
2010,2,4,8,30,22.84,0.16,2.1,120,973,1017,0,14.8,29.12,959,120,973,0,1017,35.5,104,3.6
2010,2,4,9,30,19.47,0.16,2.2,140,947,1033,0,13.5,25.07,958,140,947,0,1033,36.7,115,3.2
2010,2,4,10,30,26,0.16,2.2,137,935,978,0,12.4,22.52,957,137,935,0,978,37.300000000000004,123,3.1
2010,2,4,11,30,37.57,0.16,2.2,130,902,845,0,11.600000000000001,21.52,956,130,902,0,845,37.2,127,3.1
2010,2,4,12,30,50.85,0.16,2.2,110,855,649,0,11.100000000000001,21.580000000000002,956,110,855,0,649,36.5,126,3.3000000000000003
2010,2,4,13,30,64.78,0.16,2.3000000000000003,92,728,402,0,10.8,23.04,956,92,728,0,402,35,124,3
2010,2,4,14,30,78.96000000000001,0.16,2.4000000000000004,59,450,145,0,11,27.310000000000002,957,59,450,0,145,32.2,126,2.3000000000000003
2010,2,4,15,30,93.4,0.16,2.4000000000000004,0,0,0,0,11.9,32.76,958,0,0,0,0,30,131,2.6
2010,2,4,16,30,107.8,0.16,2.6,0,0,0,0,12.8,37.12,959,0,0,0,0,28.900000000000002,135,4.4
2010,2,4,17,30,122.17,0.16,2.7,0,0,0,0,15,47.74,960,0,0,0,0,27,135,5.6000000000000005
2010,2,4,18,30,136.38,0.16,2.7,0,0,0,0,17.3,62.51,961,0,0,0,0,25,132,5.6000000000000005
2010,2,4,19,30,150.12,0.16,2.7,0,0,0,0,18.7,73.57000000000001,961,0,0,0,0,23.700000000000003,128,5.1000000000000005
2010,2,4,20,30,162.22,0.16,2.6,0,0,0,0,19.1,79.82000000000001,960,0,0,0,0,22.8,125,4.7
2010,2,4,21,30,166.78,0.16,2.6,0,0,0,0,19.3,83.42,960,0,0,0,0,22.200000000000003,122,4.4
2010,2,4,22,30,158.35,0.16,2.5,0,0,0,0,19.3,86.44,959,0,0,0,0,21.700000000000003,119,4.3
2010,2,4,23,30,145.4,0.16,2.4000000000000004,0,0,0,0,19.400000000000002,88.49,959,0,0,0,0,21.400000000000002,115,4
2010,2,5,0,30,131.43,0.16,2.4000000000000004,0,0,0,0,19.400000000000002,90.28,959,0,0,0,0,21.1,111,3.7
2010,2,5,1,30,117.14,0.16,2.3000000000000003,0,0,0,0,19.5,92.22,960,0,0,0,0,20.8,107,3.5
2010,2,5,2,30,102.74000000000001,0.16,2.3000000000000003,0,0,0,0,19.400000000000002,91.96000000000001,960,0,0,0,0,20.8,104,3.6
2010,2,5,3,30,88.05,0.16,2.3000000000000003,15,111,19,0,19.400000000000002,85.69,961,15,111,0,19,21.900000000000002,102,4.2
2010,2,5,4,30,73.93,0.16,2.3000000000000003,65,629,239,3,18.900000000000002,71.56,962,128,7,0,130,24.400000000000002,103,4.7
2010,2,5,5,30,59.78,0.16,2.3000000000000003,88,817,499,1,17.900000000000002,55.53,962,88,817,0,499,27.6,105,4.7
2010,2,5,6,30,45.99,0.16,2.3000000000000003,99,910,731,0,16.900000000000002,43.39,961,99,910,0,731,30.8,109,4.4
2010,2,5,7,30,33.07,0.16,2.4000000000000004,106,957,907,0,15.8,34.42,960,106,957,0,907,33.6,115,3.8000000000000003
2010,2,5,8,30,22.6,0.16,2.4000000000000004,109,981,1015,0,14.700000000000001,28.89,959,109,981,0,1015,35.5,123,3.3000000000000003
2010,2,5,9,30,19.16,0.16,2.4000000000000004,123,967,1036,0,13.600000000000001,25.21,958,123,967,0,1036,36.7,132,3.1
2010,2,5,10,30,25.76,0.16,2.4000000000000004,119,958,982,0,12.600000000000001,22.92,956,119,958,0,982,37.2,139,3.2
2010,2,5,11,30,37.42,0.16,2.5,110,929,847,0,11.9,22.11,955,110,929,0,847,37,141,3.4000000000000004
2010,2,5,12,30,50.74,0.16,2.5,122,813,637,0,11.4,22.47,955,122,813,0,637,36.2,139,3.5
2010,2,5,13,30,64.7,0.16,2.6,102,682,393,0,11.3,24.240000000000002,955,102,682,0,393,34.7,136,3.1
2010,2,5,14,30,78.91,0.16,2.6,63,399,140,0,11.600000000000001,28.78,956,63,399,0,140,32,134,2.3000000000000003
2010,2,5,15,30,93.37,0.16,2.7,0,0,0,0,12.4,34.18,956,0,0,0,0,29.900000000000002,134,2.5
2010,2,5,16,30,107.79,0.16,2.7,0,0,0,0,12.700000000000001,36.95,957,0,0,0,0,28.900000000000002,134,4
2010,2,5,17,30,122.19,0.16,2.8000000000000003,0,0,0,0,14.100000000000001,44.72,959,0,0,0,0,27.200000000000003,133,4.9
2010,2,5,18,30,136.43,0.16,2.8000000000000003,0,0,0,0,16.3,57.02,959,0,0,0,0,25.400000000000002,130,4.800000000000001
2010,2,5,19,30,150.22,0.16,2.8000000000000003,0,0,0,0,18,69.76,960,0,0,0,0,23.900000000000002,127,4.5
2010,2,5,20,30,162.42000000000002,0.16,2.8000000000000003,0,0,0,0,19.1,79.13,959,0,0,0,0,22.900000000000002,124,4.2
2010,2,5,21,30,167.08,0.16,2.8000000000000003,0,0,0,0,19.6,85.25,959,0,0,0,0,22.200000000000003,121,4
2010,2,5,22,30,158.54,0.16,2.7,0,0,0,0,19.8,89.02,958,0,0,0,0,21.700000000000003,118,3.8000000000000003
2010,2,5,23,30,145.51,0.16,2.7,0,0,0,0,19.900000000000002,91.2,958,0,0,0,0,21.400000000000002,116,3.7
2010,2,6,0,30,131.5,0.16,2.6,0,0,0,0,19.8,92,958,0,0,0,0,21.200000000000003,112,3.5
2010,2,6,1,30,117.18,0.16,2.6,0,0,0,0,19.8,93.12,959,0,0,0,0,21,109,3.3000000000000003
2010,2,6,2,30,102.76,0.16,2.5,0,0,0,0,19.8,93.07000000000001,959,0,0,1,0,21,106,3.4000000000000004
2010,2,6,3,30,88.05,0.16,2.5,15,102,19,0,19.8,86.27,960,15,102,1,19,22.200000000000003,105,4
2010,2,6,4,30,73.91,0.16,2.5,65,623,238,0,19.3,71.74,960,65,623,1,238,24.700000000000003,106,4.6000000000000005
2010,2,6,5,30,59.730000000000004,0.16,2.5,87,813,497,0,18.3,55.82,960,87,813,1,497,27.900000000000002,108,4.800000000000001
2010,2,6,6,30,45.9,0.16,2.5,124,852,717,0,17.3,43.65,960,124,852,1,717,31.1,110,4.800000000000001
2010,2,6,7,30,32.92,0.16,2.5,131,911,896,0,16,34.5,959,131,911,0,896,33.800000000000004,112,4.6000000000000005
2010,2,6,8,30,22.35,0.16,2.5,134,940,1004,0,14.9,28.97,958,134,940,0,1004,35.7,113,4.4
2010,2,6,9,30,18.86,0.16,2.5,131,952,1032,0,13.8,25.29,956,131,952,0,1032,36.9,114,4.3
2010,2,6,10,30,25.53,0.16,2.4000000000000004,128,944,980,0,12.600000000000001,22.75,955,128,944,0,980,37.4,115,4.2
2010,2,6,11,30,37.26,0.16,2.4000000000000004,120,913,847,0,11.600000000000001,21.41,954,120,913,0,847,37.300000000000004,116,4.1000000000000005
2010,2,6,12,30,50.63,0.16,2.4000000000000004,109,850,648,0,10.9,21.36,954,109,850,0,648,36.5,117,4.1000000000000005
2010,2,6,13,30,64.62,0.16,2.5,92,723,402,0,10.5,22.62,955,92,723,0,402,35,119,3.8000000000000003
2010,2,6,14,30,78.86,0.16,2.5,59,445,145,0,10.600000000000001,26.48,956,59,445,0,145,32.300000000000004,126,3.3000000000000003
2010,2,6,15,30,93.34,0.16,2.6,0,0,0,0,11.700000000000001,32.37,956,0,0,0,0,30,133,3.9000000000000004
2010,2,6,16,30,107.79,0.16,2.7,0,0,0,0,13.200000000000001,38.87,958,0,0,0,0,28.5,136,4.9
2010,2,6,17,30,122.2,0.16,2.7,0,0,0,0,15.200000000000001,49.54,959,0,0,0,0,26.6,135,5.2
2010,2,6,18,30,136.48,0.16,2.7,0,0,0,0,17.1,61.5,959,0,0,0,0,25,131,5.300000000000001
2010,2,6,19,30,150.32,0.16,2.6,0,0,0,0,18.400000000000002,72.18,959,0,0,0,0,23.700000000000003,128,5.2
2010,2,6,20,30,162.63,0.16,2.5,0,0,0,0,19.200000000000003,80.48,958,0,0,0,0,22.700000000000003,124,5
2010,2,6,21,30,167.39000000000001,0.16,2.4000000000000004,0,0,0,0,19.700000000000003,86.8,958,0,0,0,0,22,119,4.7
2010,2,6,22,30,158.72,0.16,2.3000000000000003,0,0,0,0,20,91.33,958,0,0,0,0,21.5,115,4.5
2010,2,6,23,30,145.62,0.16,2.2,0,0,0,0,20.1,93.11,958,0,0,0,0,21.3,110,4.3
2010,2,7,0,30,131.57,0.16,2.2,0,0,0,0,20.200000000000003,94.53,958,0,0,0,0,21.1,106,4
2010,2,7,1,30,117.22,0.16,2.1,0,0,0,0,20.200000000000003,95.74000000000001,959,0,0,0,0,20.900000000000002,103,3.9000000000000004
2010,2,7,2,30,102.77,0.16,2.1,0,0,0,0,20.200000000000003,95.67,960,0,0,0,0,20.900000000000002,100,4
2010,2,7,3,30,88.04,0.16,2.1,15,98,19,0,20.1,88.76,960,15,98,0,19,22,98,4.6000000000000005
2010,2,7,4,30,73.88,0.16,2,66,627,241,3,19.400000000000002,73.11,961,146,18,0,151,24.5,99,5.2
2010,2,7,5,30,59.68,0.16,2,88,821,503,0,18.1,55.88,961,88,821,0,503,27.700000000000003,100,5.300000000000001
2010,2,7,6,30,45.81,0.16,2,101,913,737,0,16.5,41.97,961,101,913,0,737,30.900000000000002,102,5.1000000000000005
2010,2,7,7,30,32.77,0.16,2,109,961,917,0,14.5,31.810000000000002,960,109,961,0,917,33.6,105,4.9
2010,2,7,8,30,22.11,0.16,2,112,986,1025,0,12.9,25.73,959,112,986,0,1025,35.5,107,4.6000000000000005
2010,2,7,9,30,18.55,0.16,2,113,992,1053,0,11.600000000000001,22.17,958,113,992,0,1053,36.6,109,4.3
2010,2,7,10,30,25.3,0.16,2,113,977,997,0,10.5,20.05,957,113,977,0,997,37.1,111,4.2
2010,2,7,11,30,37.1,0.16,2,109,945,862,0,9.600000000000001,19.080000000000002,956,109,945,0,862,37,112,4.1000000000000005
2010,2,7,12,30,50.52,0.16,2.1,109,857,654,0,9.1,19.27,956,109,857,0,654,36.2,112,4.1000000000000005
2010,2,7,13,30,64.55,0.16,2.1,91,736,407,0,9,20.81,956,91,736,0,407,34.6,112,3.7
2010,2,7,14,30,78.81,0.16,2.2,58,461,147,0,9.4,25.22,957,58,461,0,147,31.700000000000003,116,2.8000000000000003
2010,2,7,15,30,93.31,0.16,2.3000000000000003,0,0,0,0,10.700000000000001,31.3,958,0,0,0,0,29.5,123,3.2
2010,2,7,16,30,107.78,0.16,2.4000000000000004,0,0,0,0,12.100000000000001,36.6,959,0,0,0,0,28.3,128,4.4
2010,2,7,17,30,122.22,0.16,2.4000000000000004,0,0,0,0,14.3,46.6,959,0,0,0,0,26.700000000000003,128,4.800000000000001
2010,2,7,18,30,136.53,0.16,2.4000000000000004,0,0,0,0,16.6,59.18,960,0,0,0,0,25.1,125,4.6000000000000005
2010,2,7,19,30,150.43,0.16,2.4000000000000004,0,0,0,0,18.1,69.89,960,0,0,0,0,23.900000000000002,122,4.2
2010,2,7,20,30,162.83,0.16,2.3000000000000003,0,0,0,0,19,78.06,960,0,0,0,0,23,120,3.9000000000000004
2010,2,7,21,30,167.70000000000002,0.16,2.2,0,0,0,0,19.700000000000003,85.77,959,0,0,0,0,22.200000000000003,115,3.9000000000000004
2010,2,7,22,30,158.91,0.16,2.2,0,0,0,0,20.3,91.35000000000001,959,0,0,0,0,21.8,110,4
2010,2,7,23,30,145.73,0.16,2.1,0,0,0,0,20.6,94.28,959,0,0,0,0,21.6,105,3.8000000000000003
2010,2,8,0,30,131.63,0.16,2.1,0,0,0,0,20.8,96.49000000000001,959,0,0,0,0,21.400000000000002,101,3.6
2010,2,8,1,30,117.26,0.16,2.1,0,0,0,0,20.900000000000002,97.33,960,0,0,0,0,21.3,98,3.6
2010,2,8,2,30,102.79,0.16,2.1,0,0,0,0,20.900000000000002,96.88,960,0,0,0,0,21.400000000000002,95,3.8000000000000003
2010,2,8,3,30,88.03,0.16,2.1,15,99,19,0,20.900000000000002,89.73,961,15,99,0,19,22.700000000000003,93,4.6000000000000005
2010,2,8,4,30,73.85000000000001,0.16,2.1,66,623,240,0,20.400000000000002,74.58,962,66,623,0,240,25.200000000000003,93,5.2
2010,2,8,5,30,59.620000000000005,0.16,2.1,90,816,502,0,19.1,57.38,962,90,816,0,502,28.3,92,5.2
2010,2,8,6,30,45.71,0.16,2.1,124,862,726,0,17.5,43.5,961,124,862,0,726,31.400000000000002,92,5
2010,2,8,7,30,32.61,0.16,2.2,131,918,905,0,16,34.45,960,131,918,0,905,33.9,92,4.7
2010,2,8,8,30,21.85,0.16,2.2,134,948,1014,0,14.8,28.8,959,134,948,0,1014,35.7,94,4.4
2010,2,8,9,30,18.240000000000002,0.16,2.3000000000000003,130,959,1041,0,13.600000000000001,25.03,958,130,959,0,1041,36.800000000000004,96,4.3
2010,2,8,10,30,25.07,0.16,2.3000000000000003,126,949,986,0,12.5,22.72,957,126,949,0,986,37.300000000000004,98,4.2
2010,2,8,11,30,36.95,0.16,2.4000000000000004,119,916,851,0,11.8,21.72,956,119,916,0,851,37.2,100,4.2
2010,2,8,12,30,50.42,0.16,2.4000000000000004,107,856,652,0,11.200000000000001,21.94,955,107,856,0,652,36.4,101,4.1000000000000005
2010,2,8,13,30,64.48,0.16,2.5,89,736,406,0,11,23.56,956,89,736,1,406,34.800000000000004,103,3.8000000000000003
2010,2,8,14,30,78.76,0.16,2.5,56,475,149,0,11.100000000000001,27.560000000000002,956,56,475,0,149,32.1,107,2.8000000000000003
2010,2,8,15,30,93.29,0.16,2.6,0,0,0,0,11.9,32.85,957,0,0,0,0,30,115,3
2010,2,8,16,30,107.78,0.16,2.6,0,0,0,0,12.4,36.08,958,0,0,0,0,28.900000000000002,120,4.3
2010,2,8,17,30,122.25,0.16,2.7,0,0,0,0,14.100000000000001,44.06,959,0,0,0,0,27.400000000000002,124,5
2010,2,8,18,30,136.58,0.16,2.8000000000000003,0,0,0,0,16.400000000000002,56.5,959,0,0,0,0,25.700000000000003,123,5.1000000000000005
2010,2,8,19,30,150.53,0.16,2.9000000000000004,0,0,0,0,18.400000000000002,69.66,960,0,0,0,0,24.3,119,5.2
2010,2,8,20,30,163.04,0.16,2.9000000000000004,0,0,0,0,19.400000000000002,78.97,959,0,0,0,0,23.3,114,5
2010,2,8,21,30,168.01,0.16,2.9000000000000004,0,0,0,0,20,84.76,959,0,0,0,0,22.700000000000003,109,4.9
2010,2,8,22,30,159.09,0.16,2.9000000000000004,0,0,0,0,20.400000000000002,88.33,959,0,0,0,0,22.400000000000002,104,5
2010,2,8,23,30,145.83,0.16,2.9000000000000004,0,0,0,0,20.5,90.01,959,0,0,0,0,22.200000000000003,99,4.9
2010,2,9,0,30,131.69,0.16,2.9000000000000004,0,0,0,0,20.5,91.28,959,0,0,0,0,22,96,4.800000000000001
2010,2,9,1,30,117.29,0.16,2.9000000000000004,0,0,0,0,20.5,91.73,960,0,0,0,0,21.900000000000002,94,4.7
2010,2,9,2,30,102.8,0.16,2.8000000000000003,0,0,0,0,20.400000000000002,91.77,961,0,0,0,0,21.8,92,4.800000000000001
2010,2,9,3,30,88.02,0.16,2.7,16,80,18,0,20.200000000000003,85.4,961,16,80,0,18,22.8,90,5.5
2010,2,9,4,30,73.81,0.16,2.6,69,595,235,0,19.5,71.65,961,69,595,0,235,25,89,6.1000000000000005
2010,2,9,5,30,59.56,0.16,2.5,94,791,495,0,18.3,56.08,961,94,791,0,495,27.900000000000002,87,6.2
2010,2,9,6,30,45.61,0.16,2.4000000000000004,113,881,729,0,17,43.56,961,113,881,0,729,30.8,84,6.1000000000000005
2010,2,9,7,30,32.45,0.16,2.3000000000000003,125,929,909,0,15.4,34.35,960,125,929,0,909,33.2,82,5.9
2010,2,9,8,30,21.6,0.16,2.3000000000000003,131,951,1015,0,13.700000000000001,27.8,958,131,951,0,1015,35,80,5.6000000000000005
2010,2,9,9,30,17.92,0.16,2.3000000000000003,121,973,1047,0,12.3,23.87,957,121,973,0,1047,36.1,80,5.4
2010,2,9,10,30,24.84,0.16,2.3000000000000003,121,959,992,0,11.200000000000001,21.63,956,121,959,0,992,36.6,81,5.2
2010,2,9,11,30,36.800000000000004,0.16,2.4000000000000004,115,926,856,0,10.5,20.94,956,115,926,0,856,36.4,82,5
2010,2,9,12,30,50.32,0.16,2.5,109,851,652,0,10.3,21.45,956,109,851,0,652,35.7,85,4.9
2010,2,9,13,30,64.41,0.16,2.6,89,735,407,0,10.5,23.68,956,89,735,0,407,34.1,88,4.4
2010,2,9,14,30,78.72,0.16,2.7,57,468,149,0,11.100000000000001,28.44,957,57,468,0,149,31.6,96,3.4000000000000004
2010,2,9,15,30,93.27,0.16,2.8000000000000003,0,0,0,1,12.3,34.58,958,0,0,0,0,29.6,109,3.5
2010,2,9,16,30,107.78,0.16,2.9000000000000004,0,0,0,1,12.9,38.050000000000004,958,0,0,0,0,28.6,119,4.9
2010,2,9,17,30,122.27,0.16,3,0,0,0,3,14.200000000000001,45.4,959,0,0,0,0,27,124,5.6000000000000005
2010,2,9,18,30,136.64000000000001,0.16,3.1,0,0,0,0,16,56.13,960,0,0,0,0,25.400000000000002,124,5.2
2010,2,9,19,30,150.64000000000001,0.16,3.2,0,0,0,0,17.400000000000002,66,960,0,0,0,0,24.1,122,4.800000000000001
2010,2,9,20,30,163.25,0.16,3.2,0,0,0,0,18.1,72.68,959,0,0,0,0,23.3,119,4.5
2010,2,9,21,30,168.32,0.16,3.2,0,0,0,0,18.7,78.41,959,0,0,0,0,22.700000000000003,115,4.3
2010,2,9,22,30,159.26,0.16,3.2,0,0,0,0,19.400000000000002,83.56,959,0,0,0,0,22.3,110,4.1000000000000005
2010,2,9,23,30,145.93,0.16,3.2,0,0,0,0,19.900000000000002,87.45,959,0,0,0,0,22.1,105,4.1000000000000005
2010,2,10,0,30,131.75,0.16,3.2,0,0,0,0,20.3,90.42,959,0,0,0,0,21.900000000000002,101,4.2
2010,2,10,1,30,117.32000000000001,0.16,3.2,0,0,0,0,20.400000000000002,91.07000000000001,960,0,0,0,0,21.900000000000002,97,4.4
2010,2,10,2,30,102.8,0.16,3.2,0,0,0,0,20.400000000000002,90.09,961,0,0,0,0,22.1,92,4.6000000000000005
2010,2,10,3,30,88.01,0.16,3.1,16,47,17,0,20.3,84.02,961,16,47,0,17,23.200000000000003,87,5.2
2010,2,10,4,30,73.78,0.16,3.1,76,549,229,3,19.900000000000002,70.81,962,88,1,0,89,25.6,81,5.7
2010,2,10,5,30,59.49,0.16,3,99,766,488,1,19.1,56.870000000000005,962,99,766,0,488,28.5,77,5.800000000000001
2010,2,10,6,30,45.51,0.16,3,129,832,712,0,18.2,46.04,961,129,832,0,712,31.200000000000003,74,5.6000000000000005
2010,2,10,7,30,32.29,0.16,3.1,134,894,890,0,17.400000000000002,38.44,960,134,894,0,890,33.5,72,5.4
2010,2,10,8,30,21.34,0.16,3.1,136,926,999,0,16.900000000000002,33.74,959,136,926,0,999,35.2,71,5.300000000000001
2010,2,10,9,30,17.6,0.16,3.2,145,918,1021,0,16.3,30.71,958,145,918,0,1021,36.300000000000004,72,5.1000000000000005
2010,2,10,10,30,24.61,0.16,3.2,139,911,967,0,15.700000000000001,28.71,956,139,911,0,967,36.800000000000004,74,5
2010,2,10,11,30,36.660000000000004,0.16,3.2,129,882,837,0,15.100000000000001,27.84,956,129,882,0,837,36.7,78,5
2010,2,10,12,30,50.22,0.16,3.2,115,822,640,0,14.600000000000001,27.96,956,115,822,0,640,36,81,5
2010,2,10,13,30,64.34,0.16,3.2,93,706,399,3,14.200000000000001,29.330000000000002,956,38,0,0,38,34.6,84,4.6000000000000005
2010,2,10,14,30,78.68,0.16,3.1,59,442,146,0,13.9,32.52,957,59,442,0,146,32.5,88,3.5
2010,2,10,15,30,93.25,0.16,3.1,0,0,0,1,14.3,36.63,957,0,0,0,0,30.8,96,3.2
2010,2,10,16,30,107.79,0.16,3.1,0,0,0,3,14.4,38.980000000000004,958,0,0,0,0,29.8,106,3.9000000000000004
2010,2,10,17,30,122.3,0.16,3.2,0,0,0,0,15,44.18,959,0,0,0,0,28.400000000000002,116,4.6000000000000005
2010,2,10,18,30,136.70000000000002,0.16,3.3000000000000003,0,0,0,0,16.6,54.370000000000005,959,0,0,0,0,26.6,121,4.800000000000001
2010,2,10,19,30,150.74,0.16,3.3000000000000003,0,0,0,0,18.400000000000002,66.61,959,0,0,0,0,25.1,119,4.9
2010,2,10,20,30,163.46,0.16,3.3000000000000003,0,0,0,0,19.6,76.41,959,0,0,0,0,24,114,4.9
2010,2,10,21,30,168.64000000000001,0.16,3.3000000000000003,0,0,0,0,20,81.86,959,0,0,0,0,23.3,107,4.9
2010,2,10,22,30,159.43,0.16,3.3000000000000003,0,0,0,0,20.1,84.08,959,0,0,0,0,22.900000000000002,102,5
2010,2,10,23,30,146.02,0.16,3.2,0,0,0,0,20,85.3,960,0,0,0,0,22.6,98,5
2010,2,11,0,30,131.8,0.16,3.2,0,0,0,0,19.900000000000002,85.93,960,0,0,0,0,22.400000000000002,96,4.9
2010,2,11,1,30,117.34,0.16,3.2,0,0,0,0,19.900000000000002,86.57000000000001,961,0,0,0,0,22.200000000000003,93,4.9
2010,2,11,2,30,102.81,0.16,3.1,0,0,0,0,19.700000000000003,85.94,962,0,0,0,0,22.200000000000003,91,5
2010,2,11,3,30,87.99,0.16,3.1,16,40,18,0,19.6,80.46000000000001,962,16,40,0,18,23.1,88,5.5
2010,2,11,4,30,73.74,0.16,3,77,545,230,0,19.1,68.57000000000001,963,77,545,0,230,25.3,85,6
2010,2,11,5,30,59.42,0.16,3,98,769,490,0,18.400000000000002,55.96,963,98,769,0,490,28,82,6.2
2010,2,11,6,30,45.410000000000004,0.16,3,109,874,723,0,17.6,45.64,962,109,874,0,723,30.700000000000003,80,6.1000000000000005
2010,2,11,7,30,32.13,0.16,3,116,927,901,0,16.900000000000002,38.21,961,116,927,0,901,33,79,5.800000000000001
2010,2,11,8,30,21.080000000000002,0.16,3,119,954,1009,0,16.1,32.79,959,119,954,0,1009,34.800000000000004,79,5.5
2010,2,11,9,30,17.27,0.16,3.1,124,952,1033,0,15.3,29.18,958,124,952,0,1033,36,79,5.300000000000001
2010,2,11,10,30,24.39,0.16,3.1,121,942,979,0,14.700000000000001,27.38,957,121,942,0,979,36.5,79,5.1000000000000005
2010,2,11,11,30,36.51,0.16,3.2,114,910,845,0,14.4,26.91,956,114,910,0,845,36.4,80,5
2010,2,11,12,30,50.13,0.16,3.2,121,808,639,0,14.100000000000001,27.55,956,121,808,0,639,35.7,81,4.9
2010,2,11,13,30,64.28,0.16,3.3000000000000003,98,690,397,2,13.9,29.42,956,228,30,0,241,34.300000000000004,83,4.6000000000000005
2010,2,11,14,30,78.65,0.16,3.3000000000000003,61,425,144,0,13.9,32.47,957,61,425,0,144,32.5,87,3.7
2010,2,11,15,30,93.23,0.16,3.3000000000000003,0,0,0,0,14.3,35.96,958,0,0,0,0,31.1,99,3.7
2010,2,11,16,30,107.79,0.16,3.4000000000000004,0,0,0,3,14.9,40.4,959,0,0,0,0,29.8,111,5
2010,2,11,17,30,122.33,0.16,3.5,0,0,0,3,16.7,50.6,960,0,0,0,0,27.900000000000002,117,6.2
2010,2,11,18,30,136.76,0.16,3.6,0,0,0,0,18.8,64.49,960,0,0,0,0,26,116,6.6000000000000005
2010,2,11,19,30,150.85,0.16,3.6,0,0,0,0,19.900000000000002,75.44,961,0,0,0,0,24.5,112,6.300000000000001
2010,2,11,20,30,163.68,0.16,3.5,0,0,0,0,20.200000000000003,80.45,960,0,0,0,0,23.8,108,5.9
2010,2,11,21,30,168.96,0.16,3.5,0,0,0,0,20.400000000000002,83.53,960,0,0,0,0,23.3,103,5.6000000000000005
2010,2,11,22,30,159.6,0.16,3.5,0,0,0,0,20.400000000000002,85.13,960,0,0,0,0,23,99,5.300000000000001
2010,2,11,23,30,146.11,0.16,3.5,0,0,0,0,20.3,86.83,960,0,0,0,0,22.6,93,5.1000000000000005
2010,2,12,0,30,131.85,0.16,3.5,0,0,0,0,20.1,86.7,960,0,0,0,0,22.400000000000002,88,5.1000000000000005
2010,2,12,1,30,117.37,0.16,3.5,0,0,0,0,20,87.77,961,0,0,0,0,22.1,85,5
2010,2,12,2,30,102.81,0.16,3.6,0,0,0,0,20,87.99,962,0,0,0,0,22.1,82,5
2010,2,12,3,30,87.97,0.16,3.5,15,30,16,0,20.1,82.62,962,15,30,0,16,23.200000000000003,79,5.7
2010,2,12,4,30,73.69,0.16,3.5,83,498,223,1,19.700000000000003,69.88,963,83,498,0,223,25.6,75,6.6000000000000005
2010,2,12,5,30,59.35,0.16,3.3000000000000003,113,719,480,0,18.900000000000002,56.42,963,113,719,0,480,28.400000000000002,72,6.800000000000001
2010,2,12,6,30,45.300000000000004,0.16,3.2,133,821,710,0,17.6,44.44,962,133,821,0,710,31.1,70,6.800000000000001
2010,2,12,7,30,31.96,0.16,3.2,145,874,887,0,15.9,35.09,961,145,874,0,887,33.4,69,6.6000000000000005
2010,2,12,8,30,20.81,0.16,3.2,151,900,992,0,14.5,29.25,960,151,900,0,992,35.1,68,6.4
2010,2,12,9,30,16.95,0.16,3.2,144,919,1023,0,13.700000000000001,26.1,958,144,919,0,1023,36.2,68,6.2
2010,2,12,10,30,24.16,0.16,3.2,143,903,967,0,13.200000000000001,24.57,957,143,903,0,967,36.7,68,5.9
2010,2,12,11,30,36.37,0.16,3.2,137,866,835,0,12.8,24.13,956,137,866,0,835,36.6,69,5.800000000000001
2010,2,12,12,30,50.04,0.16,3.2,126,795,637,1,12.600000000000001,24.68,956,126,795,0,637,35.9,70,5.6000000000000005
2010,2,12,13,30,64.22,0.16,3.2,104,668,395,0,12.4,26.37,956,104,668,0,395,34.5,71,5.2
2010,2,12,14,30,78.61,0.16,3.2,65,388,142,0,12.5,29.54,957,65,388,0,142,32.5,75,4.1000000000000005
2010,2,12,15,30,93.22,0.16,3.2,0,0,0,0,12.9,33.44,958,0,0,0,0,30.8,81,3.6
2010,2,12,16,30,107.8,0.16,3.3000000000000003,0,0,0,0,13.3,36.21,959,0,0,0,0,29.900000000000002,89,4.2
2010,2,12,17,30,122.36,0.16,3.3000000000000003,0,0,0,0,14.100000000000001,40.62,959,0,0,0,0,28.8,97,4.800000000000001
2010,2,12,18,30,136.82,0.16,3.4000000000000004,0,0,0,0,15.5,48.550000000000004,960,0,0,0,0,27.3,102,5.1000000000000005
2010,2,12,19,30,150.96,0.16,3.5,0,0,0,0,17.1,58.65,960,0,0,0,0,25.8,101,5.2
2010,2,12,20,30,163.89000000000001,0.16,3.6,0,0,0,0,18.3,68.16,960,0,0,0,0,24.6,96,5.2
2010,2,12,21,30,169.28,0.16,3.7,0,0,0,0,19.200000000000003,75.53,960,0,0,0,0,23.8,91,5.300000000000001
2010,2,12,22,30,159.77,0.16,3.7,0,0,0,0,19.900000000000002,81.05,959,0,0,0,0,23.3,87,5.5
2010,2,12,23,30,146.19,0.16,3.8000000000000003,0,0,0,0,20.400000000000002,85.18,960,0,0,0,0,23,84,5.7
2010,2,13,0,30,131.89000000000001,0.16,3.7,0,0,0,0,20.5,86.84,960,0,0,0,0,22.8,81,5.7
2010,2,13,1,30,117.38,0.16,3.6,0,0,0,0,20.3,87.62,961,0,0,0,0,22.5,79,5.7
2010,2,13,2,30,102.8,0.16,3.5,0,0,0,0,20,86.35000000000001,961,0,0,0,0,22.400000000000002,77,5.9
2010,2,13,3,30,87.95,0.16,3.5,14,10,14,0,19.6,80.04,962,14,10,0,14,23.200000000000003,75,6.5
2010,2,13,4,30,73.65,0.16,3.5,96,434,218,0,18.7,66.02,962,96,434,0,218,25.5,74,7.2
2010,2,13,5,30,59.28,0.16,3.5,127,679,474,0,17.2,51.09,962,127,679,0,474,28.3,74,7.4
2010,2,13,6,30,45.19,0.16,3.5,149,784,702,0,15.9,40.08,962,149,784,0,702,31,73,7.2
2010,2,13,7,30,31.8,0.16,3.6,150,858,880,0,15.100000000000001,33.44,961,150,858,0,880,33.300000000000004,73,7
2010,2,13,8,30,20.55,0.16,3.6,148,899,990,0,14.5,29.36,959,148,899,0,990,35,73,6.7
2010,2,13,9,30,16.62,0.16,3.5,149,908,1019,0,13.9,26.42,958,149,908,0,1019,36.2,73,6.4
2010,2,13,10,30,23.94,0.16,3.5,146,896,964,0,13.200000000000001,24.36,956,146,896,0,964,36.800000000000004,72,6
2010,2,13,11,30,36.24,0.16,3.4000000000000004,136,867,835,0,12.5,23.29,955,136,867,0,835,36.800000000000004,72,5.7
2010,2,13,12,30,49.95,0.16,3.3000000000000003,120,808,640,1,11.9,23.5,955,120,808,0,640,36,73,5.4
2010,2,13,13,30,64.17,0.16,3.2,97,693,399,0,11.600000000000001,24.77,955,97,693,0,399,34.6,74,4.800000000000001
2010,2,13,14,30,78.58,0.16,3.2,61,429,146,0,11.4,27.89,956,61,429,0,146,32.300000000000004,78,3.6
2010,2,13,15,30,93.21000000000001,0.16,3.1,0,0,0,0,11.700000000000001,31.82,956,0,0,0,0,30.3,84,3
2010,2,13,16,30,107.81,0.16,3.2,0,0,0,0,11.8,33.74,957,0,0,0,0,29.400000000000002,94,3.6
2010,2,13,17,30,122.39,0.16,3.3000000000000003,0,0,0,0,12.5,38.02,958,0,0,0,0,28.200000000000003,104,4.4
2010,2,13,18,30,136.88,0.16,3.4000000000000004,0,0,0,0,14.4,46.47,959,0,0,0,0,26.8,111,4.800000000000001
2010,2,13,19,30,151.07,0.16,3.5,0,0,0,0,16.3,57.550000000000004,959,0,0,0,0,25.3,112,4.7
2010,2,13,20,30,164.11,0.16,3.6,0,0,0,0,17.6,66.7,959,0,0,0,0,24.200000000000003,108,4.7
2010,2,13,21,30,169.61,0.16,3.6,0,0,0,0,18.3,73.3,959,0,0,0,0,23.3,104,4.7
2010,2,13,22,30,159.92000000000002,0.16,3.5,0,0,0,0,18.5,77.15,959,0,0,0,0,22.700000000000003,101,4.6000000000000005
2010,2,13,23,30,146.27,0.16,3.5,0,0,0,0,18.6,80.36,959,0,0,0,0,22.1,98,4.5
2010,2,14,0,30,131.94,0.16,3.4000000000000004,0,0,0,0,18.6,82.52,959,0,0,0,0,21.700000000000003,95,4.4
2010,2,14,1,30,117.4,0.16,3.3000000000000003,0,0,0,0,18.6,84.77,960,0,0,0,0,21.3,91,4.5
2010,2,14,2,30,102.8,0.16,3.3000000000000003,0,0,0,0,18.6,85.22,960,0,0,0,0,21.200000000000003,85,4.9
2010,2,14,3,30,87.93,0.16,3.2,12,4,12,0,18.6,79.87,961,12,4,0,12,22.200000000000003,79,6.1000000000000005
2010,2,14,4,30,73.60000000000001,0.16,3.1,112,364,215,0,18,66.46000000000001,962,112,364,0,215,24.700000000000003,75,7.2
2010,2,14,5,30,59.21,0.16,3.1,156,610,468,0,16.900000000000002,52.230000000000004,962,156,610,0,468,27.6,72,7.300000000000001
2010,2,14,6,30,45.08,0.16,3.1,179,735,698,0,16,41.5,961,179,735,0,698,30.5,71,7
2010,2,14,7,30,31.63,0.16,3.1,192,801,874,0,15.200000000000001,34.550000000000004,960,192,801,0,874,32.9,70,6.6000000000000005
2010,2,14,8,30,20.27,0.16,3.1,200,834,982,0,14.600000000000001,29.77,959,200,834,0,982,34.9,69,6.1000000000000005
2010,2,14,9,30,16.28,0.16,3.1,157,905,1026,0,14.100000000000001,26.92,958,157,905,0,1026,36.1,68,5.6000000000000005
2010,2,14,10,30,23.72,0.16,3.1,159,885,969,0,13.600000000000001,25.01,956,159,885,0,969,36.800000000000004,68,5.2
2010,2,14,11,30,36.1,0.16,3.2,151,845,834,0,13.100000000000001,24.330000000000002,955,151,845,0,834,36.800000000000004,68,4.9
2010,2,14,12,30,49.870000000000005,0.16,3.2,141,765,634,0,12.9,24.830000000000002,955,141,765,0,634,36.1,69,4.7
2010,2,14,13,30,64.12,0.16,3.3000000000000003,120,620,391,2,12.700000000000001,26.580000000000002,955,254,65,0,282,34.7,71,4.2
2010,2,14,14,30,78.56,0.16,3.4000000000000004,74,323,139,3,12.8,30.09,956,5,0,0,5,32.6,75,3.2
2010,2,14,15,30,93.21000000000001,0.16,3.4000000000000004,0,0,0,3,13.3,33.86,956,0,0,0,0,31.1,82,2.8000000000000003
2010,2,14,16,30,107.82000000000001,0.16,3.4000000000000004,0,0,0,0,13.600000000000001,36.160000000000004,957,0,0,0,0,30.200000000000003,89,3.4000000000000004
2010,2,14,17,30,122.43,0.16,3.4000000000000004,0,0,0,1,13.9,39.35,957,0,0,0,0,29.1,100,4
2010,2,14,18,30,136.95000000000002,0.16,3.5,0,0,0,0,14.600000000000001,44.87,957,0,0,0,0,27.6,110,4.6000000000000005
2010,2,14,19,30,151.19,0.16,3.6,0,0,0,0,15.8,53.65,958,0,0,0,0,25.900000000000002,113,5
2010,2,14,20,30,164.32,0.16,3.6,0,0,0,0,17.1,63.33,958,0,0,0,0,24.5,109,5
2010,2,14,21,30,169.94,0.16,3.7,0,0,0,0,18,71.71000000000001,957,0,0,0,0,23.400000000000002,103,4.9
2010,2,14,22,30,160.08,0.16,3.7,0,0,0,0,18.5,76.99,957,0,0,0,0,22.700000000000003,98,4.7
2010,2,14,23,30,146.35,0.16,3.6,0,0,0,0,18.6,80.28,957,0,0,0,0,22.200000000000003,94,4.5
2010,2,15,0,30,131.97,0.16,3.6,0,0,0,0,18.7,82.7,958,0,0,0,0,21.8,91,4.3
2010,2,15,1,30,117.41,0.16,3.5,0,0,0,8,18.8,84.89,958,0,0,0,0,21.400000000000002,86,4.2
2010,2,15,2,30,102.78,0.16,3.4000000000000004,0,0,0,0,18.7,85.21000000000001,959,0,0,0,0,21.3,80,4.3
2010,2,15,3,30,87.9,0.16,3.4000000000000004,15,18,16,0,18.5,78.74,960,15,18,0,16,22.400000000000002,74,5.4
2010,2,15,4,30,73.55,0.16,3.3000000000000003,90,474,224,0,17.6,63.43,960,90,474,0,224,25,70,6.4
2010,2,15,5,30,59.13,0.16,3.2,119,709,482,0,16.2,48.45,960,119,709,0,482,28.1,67,6.5
2010,2,15,6,30,44.96,0.16,3.1,153,784,708,0,14.9,37.56,960,153,784,0,708,31.1,65,6.2
2010,2,15,7,30,31.45,0.16,3,159,857,891,0,13.700000000000001,30.01,959,159,857,0,891,33.7,62,5.7
2010,2,15,8,30,20,0.16,3,163,889,999,0,12.8,25.45,957,163,889,0,999,35.6,60,5.2
2010,2,15,9,30,15.950000000000001,0.16,2.9000000000000004,147,923,1034,0,12.200000000000001,22.85,956,147,923,0,1034,36.800000000000004,62,4.800000000000001
2010,2,15,10,30,23.5,0.16,2.9000000000000004,145,910,980,0,11.700000000000001,21.55,955,145,910,0,980,37.300000000000004,66,4.5
2010,2,15,11,30,35.97,0.16,2.9000000000000004,138,875,846,0,11.3,21.01,954,138,875,0,846,37.300000000000004,70,4.4
2010,2,15,12,30,49.79,0.16,2.9000000000000004,125,809,647,3,11,21.35,954,390,120,0,467,36.6,75,4.4
2010,2,15,13,30,64.07000000000001,0.16,2.8000000000000003,103,685,402,7,10.700000000000001,22.75,954,218,216,0,313,35.1,78,4.1000000000000005
2010,2,15,14,30,78.53,0.16,2.8000000000000003,65,407,146,7,10.600000000000001,26.09,955,107,131,7,133,32.5,82,3.1
2010,2,15,15,30,93.2,0.16,2.8000000000000003,0,0,0,1,11,30.150000000000002,956,0,0,0,0,30.400000000000002,86,2.8000000000000003
2010,2,15,16,30,107.84,0.16,2.8000000000000003,0,0,0,0,11,31.82,957,0,0,0,0,29.5,92,3.6
2010,2,15,17,30,122.47,0.16,2.9000000000000004,0,0,0,0,11.600000000000001,35.6,957,0,0,0,0,28.3,102,4.5
2010,2,15,18,30,137.01,0.16,3,0,0,0,0,13.5,44.29,958,0,0,0,0,26.700000000000003,110,5.2
2010,2,15,19,30,151.3,0.16,3.2,0,0,0,0,16.1,57.51,959,0,0,0,0,25.1,110,5.4
2010,2,15,20,30,164.54,0.16,3.2,0,0,0,0,17.900000000000002,69.28,959,0,0,0,0,23.900000000000002,104,5.4
2010,2,15,21,30,170.27,0.16,3.3000000000000003,0,0,0,0,18.7,76.54,958,0,0,0,0,23,97,5.2
2010,2,15,22,30,160.22,0.16,3.3000000000000003,0,0,0,0,18.8,80.11,958,0,0,0,0,22.400000000000002,93,5
2010,2,15,23,30,146.42000000000002,0.16,3.3000000000000003,0,0,0,0,18.8,83,958,0,0,0,0,21.8,89,4.7
2010,2,16,0,30,132,0.16,3.3000000000000003,0,0,0,0,18.8,85.11,959,0,0,0,0,21.400000000000002,85,4.5
2010,2,16,1,30,117.41,0.16,3.3000000000000003,0,0,0,0,18.8,87.23,959,0,0,0,0,21,80,4.4
2010,2,16,2,30,102.77,0.16,3.3000000000000003,0,0,0,0,18.8,87.09,960,0,0,0,0,21,74,4.800000000000001
2010,2,16,3,30,87.86,0.16,3.2,15,11,15,0,18.7,80.84,961,15,11,0,15,22.1,69,5.9
2010,2,16,4,30,73.49,0.16,3.2,99,435,222,0,18.1,66.58,961,99,435,0,222,24.700000000000003,66,6.9
2010,2,16,5,30,59.050000000000004,0.16,3.1,130,680,480,0,17,51.43,961,130,680,0,480,27.900000000000002,64,7
2010,2,16,6,30,44.85,0.16,3,146,801,714,0,15.700000000000001,39.36,961,146,801,0,714,31.1,62,6.6000000000000005
2010,2,16,7,30,31.28,0.16,3,156,863,893,0,14.3,31.04,960,156,863,0,893,33.800000000000004,58,6
2010,2,16,8,30,19.72,0.16,3,161,892,1001,0,13.100000000000001,25.67,958,161,892,0,1001,35.800000000000004,53,5.5
2010,2,16,9,30,15.610000000000001,0.16,3,143,929,1038,0,12.100000000000001,22.41,957,143,929,0,1038,37.1,49,5.1000000000000005
2010,2,16,10,30,23.29,0.16,3,140,916,981,0,11.4,20.56,956,140,916,0,981,37.800000000000004,47,4.800000000000001
2010,2,16,11,30,35.85,0.16,3,132,884,848,0,10.8,19.69,955,132,884,0,848,37.9,47,4.7
2010,2,16,12,30,49.71,0.16,3,121,814,648,0,10.4,19.830000000000002,955,121,814,0,648,37.2,49,4.6000000000000005
2010,2,16,13,30,64.03,0.16,3,99,695,403,7,9.9,20.8,955,196,59,0,222,35.800000000000004,52,4.3
2010,2,16,14,30,78.51,0.16,2.9000000000000004,62,430,147,0,9.600000000000001,23.81,956,62,430,0,147,33,55,3.1
2010,2,16,15,30,93.2,0.16,2.9000000000000004,0,0,0,0,9.8,27.47,957,0,0,0,0,30.700000000000003,56,2.4000000000000004
2010,2,16,16,30,107.86,0.16,2.8000000000000003,0,0,0,0,9.5,28.580000000000002,958,0,0,0,0,29.6,58,2.7
2010,2,16,17,30,122.51,0.16,2.8000000000000003,0,0,0,0,9.4,30.23,959,0,0,0,0,28.5,65,2.8000000000000003
2010,2,16,18,30,137.08,0.16,2.9000000000000004,0,0,0,0,9.8,33.22,959,0,0,0,0,27.400000000000002,83,3.2
2010,2,16,19,30,151.41,0.16,3,0,0,0,0,11.5,40.22,960,0,0,0,0,26.1,101,4
2010,2,16,20,30,164.75,0.16,3.1,0,0,0,0,14.4,52.79,960,0,0,0,0,24.700000000000003,107,4.6000000000000005
2010,2,16,21,30,170.6,0.16,3.2,0,0,0,0,17.1,67.32000000000001,959,0,0,0,0,23.5,105,4.7
2010,2,16,22,30,160.37,0.16,3.3000000000000003,0,0,0,0,18.8,78.77,959,0,0,0,0,22.700000000000003,99,4.5
2010,2,16,23,30,146.48,0.16,3.3000000000000003,0,0,0,0,19.6,85.37,959,0,0,0,0,22.200000000000003,93,4.4
2010,2,17,0,30,132.03,0.16,3.2,0,0,0,0,19.900000000000002,88.55,960,0,0,0,0,21.900000000000002,86,4.4
2010,2,17,1,30,117.42,0.16,3.2,0,0,0,0,20,89.99,960,0,0,0,0,21.700000000000003,80,4.6000000000000005
2010,2,17,2,30,102.75,0.16,3.1,0,0,0,0,19.900000000000002,89.60000000000001,961,0,0,0,0,21.700000000000003,73,5.1000000000000005
2010,2,17,3,30,87.83,0.16,3,15,15,15,0,19.700000000000003,82.14,962,15,15,0,15,22.900000000000002,68,6.1000000000000005
2010,2,17,4,30,73.43,0.16,3,93,466,226,0,18.900000000000002,67.05,963,93,466,0,226,25.5,65,7
2010,2,17,5,30,58.96,0.16,2.9000000000000004,123,705,487,0,17.6,50.99,963,123,705,0,487,28.700000000000003,65,7.300000000000001
2010,2,17,6,30,44.730000000000004,0.16,2.9000000000000004,160,777,711,0,16.2,39.34,962,160,777,0,711,31.700000000000003,65,7.2
2010,2,17,7,30,31.11,0.16,3,168,843,890,0,15.100000000000001,31.810000000000002,961,168,843,0,890,34.2,64,6.9
2010,2,17,8,30,19.45,0.16,3,172,876,999,0,14,26.92,960,172,876,0,999,36,62,6.5
2010,2,17,9,30,15.27,0.16,3,172,886,1027,0,13.100000000000001,23.55,958,172,886,0,1027,37.300000000000004,59,6.2
2010,2,17,10,30,23.080000000000002,0.16,3,167,875,972,0,12.3,21.66,957,167,875,0,972,37.9,56,6
2010,2,17,11,30,35.730000000000004,0.16,3.1,156,838,836,0,11.600000000000001,20.85,956,156,838,0,836,37.800000000000004,55,5.9
2010,2,17,12,30,49.64,0.16,3.1,139,769,637,0,11,20.85,956,139,769,0,637,37.1,57,5.800000000000001
2010,2,17,13,30,63.980000000000004,0.16,3,114,641,395,1,10.5,21.88,956,114,641,0,395,35.6,60,5.2
2010,2,17,14,30,78.49,0.16,3,69,362,142,0,10.200000000000001,24.63,957,69,362,0,142,33.1,66,3.7
2010,2,17,15,30,93.2,0.16,3,0,0,0,1,10.5,28.38,958,0,0,0,0,30.900000000000002,73,2.8000000000000003
2010,2,17,16,30,107.88,0.16,3.1,0,0,0,7,10.9,31.080000000000002,959,0,0,0,0,29.8,81,3
2010,2,17,17,30,122.55,0.16,3.3000000000000003,0,0,0,0,12,34.96,960,0,0,0,0,29,93,3.5
2010,2,17,18,30,137.15,0.16,3.5,0,0,0,0,14.100000000000001,42.69,960,0,0,0,0,28,104,4.2
2010,2,17,19,30,151.52,0.16,3.7,0,0,0,0,17,54.550000000000004,960,0,0,0,0,26.900000000000002,108,4.6000000000000005
2010,2,17,20,30,164.97,0.16,3.9000000000000004,0,0,0,7,19.3,67.22,960,0,0,0,0,25.8,103,4.5
2010,2,17,21,30,170.93,0.16,3.9000000000000004,0,0,0,3,20.5,76.2,960,0,0,0,0,25,95,4.4
2010,2,17,22,30,160.5,0.16,3.9000000000000004,0,0,0,0,21,81.4,960,0,0,0,0,24.400000000000002,88,4.2
2010,2,17,23,30,146.54,0.16,3.8000000000000003,0,0,0,0,21.200000000000003,84.74,960,0,0,0,0,23.900000000000002,83,4.1000000000000005
2010,2,18,0,30,132.05,0.16,3.7,0,0,0,0,21.200000000000003,86.97,960,0,0,0,0,23.5,79,4
2010,2,18,1,30,117.42,0.16,3.6,0,0,0,0,21.200000000000003,89.10000000000001,961,0,0,0,0,23.1,75,4.1000000000000005
2010,2,18,2,30,102.73,0.16,3.6,0,0,0,0,21.200000000000003,88.93,962,0,0,0,0,23.1,72,4.6000000000000005
2010,2,18,3,30,87.79,0.16,3.6,16,25,17,8,21.1,82.24,963,14,0,7,14,24.3,68,5.800000000000001
2010,2,18,4,30,73.37,0.16,3.6,86,497,228,0,20.5,67.61,963,86,497,0,228,27,66,7
2010,2,18,5,30,58.88,0.16,3.6,114,718,485,0,19.6,53.65,963,114,718,0,485,30,66,7.4
2010,2,18,6,30,44.61,0.16,3.7,132,817,714,1,18.8,43.95,962,132,817,0,714,32.6,66,7.4
2010,2,18,7,30,30.93,0.16,3.7,148,865,890,0,18.1,37.62,961,148,865,0,890,34.6,66,7.2
2010,2,18,8,30,19.17,0.16,3.7,158,887,996,0,17.3,33.56,960,158,887,0,996,35.800000000000004,65,6.9
2010,2,18,9,30,14.93,0.16,3.7,154,902,1025,0,16.400000000000002,30.53,959,154,902,0,1025,36.5,65,6.6000000000000005
2010,2,18,10,30,22.87,0.16,3.8000000000000003,153,882,966,0,15.5,28.17,958,153,882,0,966,36.9,65,6.300000000000001
2010,2,18,11,30,35.61,0.16,3.8000000000000003,147,843,832,0,14.700000000000001,26.650000000000002,957,147,843,0,832,37,66,6
2010,2,18,12,30,49.57,0.16,3.8000000000000003,134,772,634,0,14.100000000000001,26.240000000000002,957,134,772,0,634,36.6,66,5.6000000000000005
2010,2,18,13,30,63.95,0.16,3.8000000000000003,107,652,394,3,13.8,27.400000000000002,957,214,20,0,223,35.4,66,5
2010,2,18,14,30,78.48,0.16,3.8000000000000003,65,380,141,0,13.600000000000001,30.26,957,65,380,0,141,33.4,67,3.7
2010,2,18,15,30,93.21000000000001,0.16,3.8000000000000003,0,0,0,7,13.700000000000001,33.38,958,0,0,0,0,31.8,68,2.9000000000000004
2010,2,18,16,30,107.9,0.16,3.8000000000000003,0,0,0,0,13.8,35.62,959,0,0,0,0,30.8,72,3.2
2010,2,18,17,30,122.59,0.16,3.8000000000000003,0,0,0,7,14.200000000000001,38.68,959,0,0,0,0,29.8,80,3.6
2010,2,18,18,30,137.22,0.16,3.9000000000000004,0,0,0,1,15.3,44.4,960,0,0,0,0,28.6,90,4.1000000000000005
2010,2,18,19,30,151.64000000000001,0.16,4,0,0,0,0,16.900000000000002,52.870000000000005,960,0,0,0,0,27.400000000000002,96,4.3
2010,2,18,20,30,165.18,0.16,4,0,0,0,8,18.5,62.24,959,0,0,0,0,26.3,98,4.3
2010,2,18,21,30,171.26,0.16,4,0,0,0,7,19.700000000000003,70.81,959,0,0,0,0,25.400000000000002,96,4.2
2010,2,18,22,30,160.63,0.16,4,0,0,0,7,20.400000000000002,77.23,959,0,0,0,0,24.700000000000003,94,4.1000000000000005
2010,2,18,23,30,146.6,0.16,4,0,0,0,8,20.8,81.9,959,0,0,0,0,24.1,92,3.9000000000000004
2010,2,19,0,30,132.07,0.16,4,0,0,0,7,21,85.22,959,0,0,0,0,23.6,90,3.8000000000000003
2010,2,19,1,30,117.41,0.16,3.9000000000000004,0,0,0,7,21,87.59,960,0,0,0,0,23.200000000000003,86,3.8000000000000003
2010,2,19,2,30,102.71000000000001,0.16,4,0,0,0,5,21,88.16,961,0,0,0,0,23.1,79,4.3
2010,2,19,3,30,87.75,0.16,3.9000000000000004,16,18,17,7,21,82.21000000000001,962,15,0,7,15,24.200000000000003,71,5.5
2010,2,19,4,30,73.31,0.16,3.9000000000000004,91,468,226,0,20.3,67.75,962,91,468,0,226,26.8,66,6.6000000000000005
2010,2,19,5,30,58.79,0.16,3.9000000000000004,119,700,482,1,19.1,52.57,962,119,700,0,482,29.8,64,7
2010,2,19,6,30,44.49,0.16,3.8000000000000003,135,811,713,0,17.900000000000002,41.43,961,135,811,0,713,32.7,62,7
2010,2,19,7,30,30.75,0.16,3.8000000000000003,147,865,890,0,17.2,34.79,960,147,865,0,890,35,61,6.7
2010,2,19,8,30,18.88,0.16,3.8000000000000003,154,890,996,0,16.6,30.47,959,154,890,0,996,36.7,59,6.300000000000001
2010,2,19,9,30,14.58,0.16,3.8000000000000003,155,897,1023,0,15.8,27.22,957,155,897,0,1023,37.9,58,6
2010,2,19,10,30,22.67,0.16,3.8000000000000003,155,878,966,0,15.100000000000001,25.26,956,155,878,0,966,38.400000000000006,58,5.7
2010,2,19,11,30,35.5,0.16,3.8000000000000003,150,837,832,0,14.4,24.35,955,150,837,0,832,38.300000000000004,60,5.6000000000000005
2010,2,19,12,30,49.5,0.16,3.8000000000000003,137,764,634,0,13.8,24.37,955,137,764,0,634,37.6,62,5.5
2010,2,19,13,30,63.910000000000004,0.16,3.7,114,630,391,0,13.4,25.52,955,114,630,0,391,36.2,65,5
2010,2,19,14,30,78.47,0.16,3.7,70,350,140,0,13.100000000000001,28.150000000000002,956,70,350,0,140,34.1,69,3.9000000000000004
2010,2,19,15,30,93.21000000000001,0.16,3.7,0,0,0,0,13.200000000000001,31.11,957,0,0,0,0,32.4,76,3.2
2010,2,19,16,30,107.93,0.16,3.7,0,0,0,0,13.4,33.53,958,0,0,0,0,31.3,89,3.8000000000000003
2010,2,19,17,30,122.64,0.16,3.8000000000000003,0,0,0,0,14.3,38.46,959,0,0,0,0,30,103,5
2010,2,19,18,30,137.29,0.16,4,0,0,0,0,16.900000000000002,50.46,959,0,0,0,0,28.200000000000003,106,5.9
2010,2,19,19,30,151.75,0.16,4.1000000000000005,0,0,0,0,19.400000000000002,65.57000000000001,960,0,0,0,0,26.400000000000002,102,5.800000000000001
2010,2,19,20,30,165.39000000000001,0.16,4,0,0,0,0,20.5,74.78,959,0,0,0,0,25.3,96,5.4
2010,2,19,21,30,171.59,0.16,4,0,0,0,4,20.8,79.69,959,0,0,0,0,24.5,92,5
2010,2,19,22,30,160.75,0.16,3.9000000000000004,0,0,0,7,20.8,82.13,959,0,0,0,0,24,92,4.800000000000001
2010,2,19,23,30,146.65,0.16,3.8000000000000003,0,0,0,3,20.700000000000003,85,959,0,0,0,0,23.400000000000002,92,4.7
2010,2,20,0,30,132.09,0.16,3.8000000000000003,0,0,0,4,20.700000000000003,86.95,959,0,0,0,0,23,91,4.800000000000001
2010,2,20,1,30,117.4,0.16,3.7,0,0,0,1,20.700000000000003,88.52,959,0,0,0,0,22.700000000000003,87,5
2010,2,20,2,30,102.68,0.16,3.7,0,0,0,4,20.700000000000003,88.54,960,0,0,0,0,22.700000000000003,83,5.300000000000001
2010,2,20,3,30,87.71000000000001,0.16,3.7,16,20,17,8,20.6,82.31,961,17,0,7,17,23.8,80,6
2010,2,20,4,30,73.25,0.16,3.6,92,472,228,1,20,68.64,961,92,472,0,228,26.200000000000003,78,6.6000000000000005
2010,2,20,5,30,58.7,0.16,3.6,120,703,485,0,18.900000000000002,53.45,961,120,703,0,485,29.3,78,6.7
2010,2,20,6,30,44.37,0.16,3.6,137,809,716,0,17.5,41.44,961,137,809,0,716,32.300000000000004,77,6.6000000000000005
2010,2,20,7,30,30.57,0.16,3.6,149,864,893,0,16.400000000000002,33.46,960,149,864,0,893,34.800000000000004,77,6.300000000000001
2010,2,20,8,30,18.6,0.16,3.6,158,889,1000,0,15.5,28.61,959,158,889,0,1000,36.6,77,5.9
2010,2,20,9,30,14.23,0.16,3.6,141,922,1034,0,14.8,25.64,957,141,922,0,1034,37.800000000000004,76,5.5
2010,2,20,10,30,22.47,0.16,3.6,141,905,977,0,14.3,24.11,956,141,905,0,977,38.300000000000004,75,5.300000000000001
2010,2,20,11,30,35.39,0.16,3.7,136,866,842,0,13.8,23.57,955,136,866,0,842,38.2,74,5.1000000000000005
2010,2,20,12,30,49.44,0.16,3.7,118,811,645,0,13.5,24.080000000000002,955,118,811,0,645,37.4,73,5.1000000000000005
2010,2,20,13,30,63.88,0.16,3.7,100,681,400,0,13.200000000000001,25.45,955,100,681,0,400,36.1,73,4.800000000000001
2010,2,20,14,30,78.46000000000001,0.16,3.7,65,399,145,0,13.200000000000001,27.97,956,65,399,0,145,34.300000000000004,76,3.9000000000000004
2010,2,20,15,30,93.22,0.16,3.7,0,0,0,0,13.4,30.82,957,0,0,0,0,32.800000000000004,87,3.6
2010,2,20,16,30,107.95,0.16,3.8000000000000003,0,0,0,0,14,34.33,958,0,0,0,0,31.6,102,4.4
2010,2,20,17,30,122.68,0.16,3.9000000000000004,0,0,0,0,15.600000000000001,41.95,959,0,0,0,0,29.900000000000002,112,5.300000000000001
2010,2,20,18,30,137.36,0.16,4,0,0,0,0,17.6,53.230000000000004,959,0,0,0,0,28,113,5.5
2010,2,20,19,30,151.86,0.16,4,0,0,0,0,19,63.47,959,0,0,0,0,26.5,109,5.2
2010,2,20,20,30,165.61,0.16,3.9000000000000004,0,0,0,0,19.700000000000003,70.64,959,0,0,0,0,25.400000000000002,104,4.9
2010,2,20,21,30,171.92000000000002,0.16,3.9000000000000004,0,0,0,0,19.900000000000002,74.87,959,0,0,0,0,24.700000000000003,99,4.6000000000000005
2010,2,20,22,30,160.86,0.16,3.8000000000000003,0,0,0,0,20,78.12,959,0,0,0,0,24.1,96,4.3
2010,2,20,23,30,146.69,0.16,3.7,0,0,0,0,20.1,80.96000000000001,959,0,0,0,0,23.6,95,4.2
2010,2,21,0,30,132.1,0.16,3.6,0,0,0,0,20.3,84.04,959,0,0,0,0,23.1,95,4
2010,2,21,1,30,117.39,0.16,3.6,0,0,0,0,20.400000000000002,86.85000000000001,960,0,0,0,0,22.700000000000003,94,4.1000000000000005
2010,2,21,2,30,102.65,0.16,3.5,0,0,0,0,20.5,87.7,960,0,0,0,0,22.6,91,4.5
2010,2,21,3,30,87.66,0.16,3.5,16,17,17,0,20.400000000000002,81.81,961,16,17,0,17,23.700000000000003,88,5.300000000000001
2010,2,21,4,30,73.18,0.16,3.5,95,459,228,0,19.8,67.76,961,95,459,0,228,26.200000000000003,85,6
2010,2,21,5,30,58.61,0.16,3.5,125,694,486,0,18.400000000000002,51.980000000000004,961,125,694,0,486,29.3,84,6.300000000000001
2010,2,21,6,30,44.24,0.16,3.5,140,807,718,0,16.5,38.69,961,140,807,0,718,32.4,82,6.4
2010,2,21,7,30,30.39,0.16,3.5,149,867,896,0,14.700000000000001,29.87,960,149,867,0,896,34.9,81,6.2
2010,2,21,8,30,18.31,0.16,3.5,152,898,1004,0,13.200000000000001,24.560000000000002,958,152,898,0,1004,36.7,80,5.9
2010,2,21,9,30,13.88,0.16,3.5,163,892,1029,0,12.100000000000001,21.54,957,163,892,0,1029,37.800000000000004,78,5.6000000000000005
2010,2,21,10,30,22.27,0.16,3.5,157,883,974,1,11.5,20.07,956,157,883,0,974,38.300000000000004,77,5.4
2010,2,21,11,30,35.28,0.16,3.5,145,853,841,1,11.100000000000001,19.67,955,145,853,0,841,38.2,76,5.2
2010,2,21,12,30,49.39,0.16,3.5,136,774,640,2,10.9,20.25,955,379,133,0,465,37.4,77,5.1000000000000005
2010,2,21,13,30,63.85,0.16,3.5,112,644,396,3,10.8,21.72,955,78,0,0,78,36,78,4.6000000000000005
2010,2,21,14,30,78.45,0.16,3.5,70,363,142,3,10.8,24.73,956,15,0,0,15,33.7,86,3.4000000000000004
2010,2,21,15,30,93.24,0.16,3.5,0,0,0,3,11.200000000000001,28.330000000000002,956,0,0,0,0,31.8,101,3.2
2010,2,21,16,30,107.98,0.16,3.6,0,0,0,0,12.3,32.8,957,0,0,0,0,30.5,117,4.4
2010,2,21,17,30,122.73,0.16,3.8000000000000003,0,0,0,0,14.600000000000001,42.32,958,0,0,0,0,28.700000000000003,123,5.300000000000001
2010,2,21,18,30,137.43,0.16,3.9000000000000004,0,0,0,0,17.400000000000002,55.620000000000005,959,0,0,0,0,27,121,5.5
2010,2,21,19,30,151.97,0.16,4,0,0,0,0,18.900000000000002,65.68,959,0,0,0,0,25.8,116,5.1000000000000005
2010,2,21,20,30,165.81,0.16,4,0,0,0,0,19.6,72.21000000000001,959,0,0,0,0,24.900000000000002,112,4.7
2010,2,21,21,30,172.25,0.16,4,0,0,0,0,19.900000000000002,76.26,959,0,0,0,0,24.3,110,4.4
2010,2,21,22,30,160.97,0.16,4,0,0,0,0,20,79.65,958,0,0,0,0,23.700000000000003,108,4.2
2010,2,21,23,30,146.73,0.16,3.9000000000000004,0,0,0,0,20.1,82.82000000000001,958,0,0,0,0,23.200000000000003,107,4.1000000000000005
2010,2,22,0,30,132.1,0.16,3.9000000000000004,0,0,0,0,20.3,85.60000000000001,959,0,0,0,0,22.8,106,4
2010,2,22,1,30,117.37,0.16,3.8000000000000003,0,0,0,0,20.400000000000002,88.5,959,0,0,0,0,22.400000000000002,103,4
2010,2,22,2,30,102.61,0.16,3.7,0,0,0,0,20.5,89.26,960,0,0,0,0,22.400000000000002,98,4.3
2010,2,22,3,30,87.62,0.16,3.7,17,24,18,0,20.6,83.79,961,17,24,0,18,23.5,92,5.1000000000000005
2010,2,22,4,30,73.11,0.16,3.6,91,481,231,3,19.700000000000003,68.72,961,149,14,0,153,25.900000000000002,87,5.9
2010,2,22,5,30,58.52,0.16,3.5,118,714,491,0,18.2,52.53,961,118,714,0,491,28.900000000000002,83,6.2
2010,2,22,6,30,44.12,0.16,3.4000000000000004,141,808,721,0,16.7,40.34,961,141,808,0,721,31.8,80,6.2
2010,2,22,7,30,30.21,0.16,3.3000000000000003,159,856,898,0,15.4,32.55,960,159,856,0,898,34.2,78,5.9
2010,2,22,8,30,18.03,0.16,3.2,169,879,1006,0,14.4,27.64,959,169,879,0,1006,36,77,5.5
2010,2,22,9,30,13.530000000000001,0.16,3.2,151,914,1040,0,13.600000000000001,24.52,958,151,914,0,1040,37.2,76,5.1000000000000005
2010,2,22,10,30,22.080000000000002,0.16,3.1,147,905,986,0,12.9,22.68,956,147,905,0,986,37.800000000000004,75,4.800000000000001
2010,2,22,11,30,35.18,0.16,3.1,137,874,852,0,12.4,22.09,956,137,874,0,852,37.7,75,4.6000000000000005
2010,2,22,12,30,49.33,0.16,3.1,122,812,652,0,12.100000000000001,22.3,956,122,812,0,652,37.1,76,4.5
2010,2,22,13,30,63.83,0.16,3.2,100,692,405,0,11.8,23.740000000000002,956,100,692,0,405,35.7,79,4.2
2010,2,22,14,30,78.45,0.16,3.2,63,425,148,0,11.8,26.71,956,63,425,0,148,33.5,85,3.1
2010,2,22,15,30,93.25,0.16,3.2,0,0,0,0,12.100000000000001,29.97,957,0,0,0,0,31.8,95,2.8000000000000003
2010,2,22,16,30,108.02,0.16,3.3000000000000003,0,0,0,0,12.4,32.3,958,0,0,0,0,30.900000000000002,108,3.9000000000000004
2010,2,22,17,30,122.78,0.16,3.4000000000000004,0,0,0,0,13.700000000000001,37.97,958,0,0,0,0,29.5,118,4.9
2010,2,22,18,30,137.5,0.16,3.6,0,0,0,0,15.9,48.7,959,0,0,0,0,27.700000000000003,121,5.300000000000001
2010,2,22,19,30,152.09,0.16,3.6,0,0,0,0,18.1,61.77,959,0,0,0,0,26,119,5.1000000000000005
2010,2,22,20,30,166.02,0.16,3.7,0,0,0,0,19.400000000000002,72.05,959,0,0,0,0,24.8,115,4.7
2010,2,22,21,30,172.58,0.16,3.6,0,0,0,0,20.1,78.2,959,0,0,0,0,24.1,110,4.4
2010,2,22,22,30,161.07,0.16,3.5,0,0,0,0,20.3,82.10000000000001,959,0,0,0,0,23.5,106,4.2
2010,2,22,23,30,146.76,0.16,3.5,0,0,0,0,20.3,84.39,959,0,0,0,0,23.1,103,4.1000000000000005
2010,2,23,0,30,132.1,0.16,3.4000000000000004,0,0,0,0,20.3,86.06,959,0,0,0,0,22.8,101,4.2
2010,2,23,1,30,117.35000000000001,0.16,3.3000000000000003,0,0,0,0,20.3,87.63,960,0,0,0,0,22.5,100,4.3
2010,2,23,2,30,102.58,0.16,3.2,0,0,0,0,20.3,87.60000000000001,961,0,0,0,0,22.5,99,4.4
2010,2,23,3,30,87.56,0.16,3.1,19,42,20,0,20.3,82.21000000000001,961,19,42,0,20,23.5,97,4.9
2010,2,23,4,30,73.04,0.16,3,86,523,238,0,19.8,69.3,962,86,523,0,238,25.900000000000002,94,5.4
2010,2,23,5,30,58.42,0.16,2.9000000000000004,110,749,502,0,19.1,55.51,962,110,749,0,502,28.900000000000002,91,5.6000000000000005
2010,2,23,6,30,43.99,0.16,2.8000000000000003,121,860,739,0,18.1,43.800000000000004,961,121,860,0,739,31.900000000000002,87,5.4
2010,2,23,7,30,30.03,0.16,2.7,127,919,922,0,16.6,34.81,960,127,919,0,922,34.4,82,4.9
2010,2,23,8,30,17.740000000000002,0.16,2.7,129,947,1031,0,15.100000000000001,28.35,959,129,947,0,1031,36.300000000000004,78,4.4
2010,2,23,9,30,13.18,0.16,2.6,120,970,1064,0,13.4,23.830000000000002,957,120,970,0,1064,37.5,74,4
2010,2,23,10,30,21.89,0.16,2.6,118,959,1007,0,12,20.96,956,118,959,0,1007,38.1,73,3.8000000000000003
2010,2,23,11,30,35.09,0.16,2.6,111,928,871,0,10.8,19.41,955,111,928,0,871,38.1,75,3.7
2010,2,23,12,30,49.28,0.16,2.7,107,853,663,0,10,19.11,955,107,853,0,663,37.4,79,3.7
2010,2,23,13,30,63.81,0.16,2.7,89,739,415,0,9.5,20.01,955,89,739,0,415,36,84,3.5
2010,2,23,14,30,78.45,0.16,2.7,57,478,153,0,9.5,23.31,956,57,478,0,153,33.2,92,2.6
2010,2,23,15,30,93.27,0.16,2.8000000000000003,0,0,0,0,10.200000000000001,27.69,957,0,0,0,0,31,102,2.4000000000000004
2010,2,23,16,30,108.05,0.16,2.9000000000000004,0,0,0,0,11,30.66,957,0,0,0,0,30.200000000000003,113,3.7
2010,2,23,17,30,122.83,0.16,3.1,0,0,0,0,12.9,37.64,958,0,0,0,0,28.8,122,4.800000000000001
2010,2,23,18,30,137.58,0.16,3.2,0,0,0,0,15.5,49.22,959,0,0,0,0,27.1,126,5.2
2010,2,23,19,30,152.20000000000002,0.16,3.3000000000000003,0,0,0,0,17.900000000000002,62.870000000000005,959,0,0,0,0,25.5,123,4.9
2010,2,23,20,30,166.22,0.16,3.2,0,0,0,0,19.3,73.33,959,0,0,0,0,24.400000000000002,118,4.5
2010,2,23,21,30,172.91,0.16,3.2,0,0,0,0,20,79.84,959,0,0,0,0,23.700000000000003,113,4.1000000000000005
2010,2,23,22,30,161.16,0.16,3.1,0,0,0,0,20.3,83.8,958,0,0,0,0,23.200000000000003,108,4
2010,2,23,23,30,146.79,0.16,3.1,0,0,0,0,20.5,86.78,958,0,0,0,0,22.8,103,3.9000000000000004
2010,2,24,0,30,132.1,0.16,3,0,0,0,0,20.5,88.18,958,0,0,0,0,22.6,99,3.9000000000000004
2010,2,24,1,30,117.33,0.16,3,0,0,0,0,20.5,89.22,959,0,0,0,0,22.400000000000002,96,3.8000000000000003
2010,2,24,2,30,102.53,0.16,3,0,0,0,0,20.5,89.25,960,0,0,0,0,22.400000000000002,95,3.9000000000000004
2010,2,24,3,30,87.51,0.16,2.9000000000000004,19,63,22,0,20.400000000000002,82.45,960,19,63,0,22,23.6,94,4.4
2010,2,24,4,30,72.96000000000001,0.16,2.9000000000000004,77,572,245,0,19.700000000000003,67.4,960,77,572,0,245,26.200000000000003,95,4.9
2010,2,24,5,30,58.33,0.16,2.8000000000000003,99,782,510,0,18.2,50.94,960,99,782,0,510,29.400000000000002,96,5.1000000000000005
2010,2,24,6,30,43.86,0.16,2.8000000000000003,145,810,729,0,16.3,37.800000000000004,960,145,810,0,729,32.5,97,5
2010,2,24,7,30,29.85,0.16,2.8000000000000003,153,873,910,0,14.700000000000001,29.8,959,153,873,0,910,35,99,4.7
2010,2,24,8,30,17.45,0.16,2.7,157,906,1020,0,13.700000000000001,25.37,957,157,906,0,1020,36.7,104,4.2
2010,2,24,9,30,12.83,0.16,2.8000000000000003,129,951,1057,0,12.8,22.53,956,129,951,0,1057,37.800000000000004,111,4
2010,2,24,10,30,21.71,0.16,2.8000000000000003,129,936,999,0,12.100000000000001,21.01,955,129,936,0,999,38.300000000000004,118,3.9000000000000004
2010,2,24,11,30,35,0.16,2.8000000000000003,124,902,863,0,11.700000000000001,20.650000000000002,954,124,902,0,863,38.1,124,3.9000000000000004
2010,2,24,12,30,49.24,0.16,2.8000000000000003,113,837,660,0,11.5,21.1,953,113,837,0,660,37.4,127,4
2010,2,24,13,30,63.79,0.16,2.9000000000000004,95,712,410,0,11.4,22.73,954,95,712,0,410,35.9,129,3.8000000000000003
2010,2,24,14,30,78.45,0.16,2.9000000000000004,62,435,149,0,11.4,25.97,954,62,435,0,149,33.5,131,3.1
2010,2,24,15,30,93.29,0.16,3,0,0,0,0,11.700000000000001,29.66,955,0,0,0,0,31.6,134,3.4000000000000004
2010,2,24,16,30,108.08,0.16,3,0,0,0,0,12.700000000000001,33.95,956,0,0,0,0,30.3,135,4.9
2010,2,24,17,30,122.88,0.16,3.1,0,0,0,0,14.700000000000001,43.53,957,0,0,0,0,28.3,133,5.4
2010,2,24,18,30,137.65,0.16,3.1,0,0,0,0,17,56.1,958,0,0,0,0,26.5,129,5.300000000000001
2010,2,24,19,30,152.31,0.16,3.1,0,0,0,0,18.5,66.59,958,0,0,0,0,25.200000000000003,125,4.9
2010,2,24,20,30,166.42000000000002,0.16,3.1,0,0,0,0,19.3,73.8,957,0,0,0,0,24.3,122,4.5
2010,2,24,21,30,173.23,0.16,3.1,0,0,0,0,19.900000000000002,79.98,957,0,0,0,0,23.6,119,4.2
2010,2,24,22,30,161.24,0.16,3.1,0,0,0,0,20.5,85.25,957,0,0,0,0,23.1,116,4
2010,2,24,23,30,146.81,0.16,3.1,0,0,0,0,20.900000000000002,89,957,0,0,0,0,22.8,114,4
2010,2,25,0,30,132.09,0.16,3.1,0,0,0,0,21.1,91.33,957,0,0,0,0,22.6,112,4
2010,2,25,1,30,117.3,0.16,3.1,0,0,0,0,21.3,92.82000000000001,958,0,0,0,0,22.5,110,3.8000000000000003
2010,2,25,2,30,102.49000000000001,0.16,3.1,0,0,0,0,21.400000000000002,92.31,958,0,0,0,0,22.700000000000003,109,3.9000000000000004
2010,2,25,3,30,87.45,0.16,3.1,19,83,23,0,21.400000000000002,86.41,959,19,83,0,23,23.8,108,4.5
2010,2,25,4,30,72.88,0.16,3.2,74,584,246,0,20.8,71.63,959,74,584,0,246,26.3,108,5
2010,2,25,5,30,58.230000000000004,0.16,3.2,95,783,508,0,19.5,55.45,959,95,783,0,508,29.3,109,5
2010,2,25,6,30,43.730000000000004,0.16,3.2,108,877,742,0,17.900000000000002,42.01,959,108,877,0,742,32.4,111,4.800000000000001
2010,2,25,7,30,29.67,0.16,3.3000000000000003,117,923,919,0,16.3,32.99,958,117,923,0,919,35,113,4.4
2010,2,25,8,30,17.16,0.16,3.3000000000000003,122,946,1026,0,15.5,28.43,957,122,946,0,1026,36.800000000000004,117,3.9000000000000004
2010,2,25,9,30,12.48,0.16,3.3000000000000003,116,961,1054,0,14.9,25.63,955,116,961,0,1054,37.9,122,3.7
2010,2,25,10,30,21.54,0.16,3.3000000000000003,115,949,997,0,14.200000000000001,24.080000000000002,954,115,949,0,997,38.300000000000004,125,3.7
2010,2,25,11,30,34.910000000000004,0.16,3.3000000000000003,109,917,862,0,13.8,23.66,953,109,917,0,862,38.1,126,3.8000000000000003
2010,2,25,12,30,49.2,0.16,3.3000000000000003,101,855,660,0,13.600000000000001,24.53,953,101,855,0,660,37.2,125,3.9000000000000004
2010,2,25,13,30,63.77,0.16,3.4000000000000004,85,736,411,0,13.600000000000001,26.400000000000002,953,85,736,0,411,35.800000000000004,123,3.9000000000000004
2010,2,25,14,30,78.46000000000001,0.16,3.4000000000000004,56,476,151,0,13.700000000000001,29.42,954,56,476,0,151,34,123,3.6
2010,2,25,15,30,93.31,0.16,3.5,0,0,0,0,14,32.64,955,0,0,0,0,32.5,126,4
2010,2,25,16,30,108.12,0.16,3.5,0,0,0,0,14.600000000000001,36.67,956,0,0,0,0,31.1,129,4.9
2010,2,25,17,30,122.94,0.16,3.5,0,0,0,0,15.9,44.25,957,0,0,0,0,29.3,131,5.300000000000001
2010,2,25,18,30,137.73,0.16,3.6,0,0,0,0,17.7,54.78,957,0,0,0,0,27.6,130,5.4
2010,2,25,19,30,152.41,0.16,3.6,0,0,0,0,19.200000000000003,65.19,957,0,0,0,0,26.3,125,5.300000000000001
2010,2,25,20,30,166.62,0.16,3.7,0,0,0,0,20.1,72.4,957,0,0,0,0,25.400000000000002,122,4.9
2010,2,25,21,30,173.55,0.16,3.7,0,0,0,0,20.400000000000002,77.22,957,0,0,0,0,24.700000000000003,118,4.4
2010,2,25,22,30,161.32,0.16,3.7,0,0,0,0,20.700000000000003,81.24,957,0,0,0,0,24.1,115,4
2010,2,25,23,30,146.82,0.16,3.7,0,0,0,1,20.900000000000002,84.4,957,0,0,0,0,23.700000000000003,111,3.7
2010,2,26,0,30,132.07,0.16,3.8000000000000003,0,0,0,0,21.200000000000003,87.24,957,0,0,0,0,23.400000000000002,109,3.4000000000000004
2010,2,26,1,30,117.27,0.16,3.8000000000000003,0,0,0,0,21.400000000000002,90.22,958,0,0,0,0,23.1,108,3.2
2010,2,26,2,30,102.44,0.16,3.8000000000000003,0,0,0,0,21.700000000000003,91.06,959,0,0,0,0,23.200000000000003,107,3.3000000000000003
2010,2,26,3,30,87.39,0.16,3.8000000000000003,19,122,24,0,21.900000000000002,85.34,960,19,122,0,24,24.5,106,4.1000000000000005
2010,2,26,4,30,72.81,0.16,3.8000000000000003,66,616,248,1,21.5,70.76,960,66,616,0,248,27.3,107,5
2010,2,26,5,30,58.13,0.16,3.8000000000000003,86,800,508,0,20.3,54.79,960,86,800,0,508,30.400000000000002,109,5.2
2010,2,26,6,30,43.6,0.16,3.8000000000000003,155,771,714,0,18.7,42.28,960,155,771,0,714,33.2,111,5.1000000000000005
2010,2,26,7,30,29.490000000000002,0.16,3.8000000000000003,162,840,893,0,17.5,34.58,959,162,840,0,893,35.5,113,4.800000000000001
2010,2,26,8,30,16.88,0.16,3.8000000000000003,161,878,1002,0,16.7,29.830000000000002,957,161,878,0,1002,37.2,114,4.5
2010,2,26,9,30,12.13,0.16,3.8000000000000003,167,878,1026,0,15.8,26.78,956,167,878,0,1026,38.2,114,4.2
2010,2,26,10,30,21.37,0.16,3.7,160,872,972,0,14.9,24.93,954,160,872,0,972,38.5,113,4.1000000000000005
2010,2,26,11,30,34.83,0.16,3.7,148,841,838,0,14.3,24.46,954,148,841,0,838,38.1,114,4
2010,2,26,12,30,49.160000000000004,0.16,3.8000000000000003,132,773,638,0,13.9,25.01,954,132,773,0,638,37.2,118,4.1000000000000005
2010,2,26,13,30,63.76,0.16,3.8000000000000003,110,645,395,3,13.700000000000001,26.73,955,16,0,0,17,35.800000000000004,120,4.2
2010,2,26,14,30,78.46000000000001,0.16,3.9000000000000004,67,366,141,3,14,29.82,956,27,0,0,27,34.1,123,4.3
2010,2,26,15,30,93.33,0.16,4.1000000000000005,0,0,0,3,15.100000000000001,35.26,957,0,0,0,0,32.4,125,5
2010,2,26,16,30,108.16,0.16,4.4,0,0,0,3,17,43.730000000000004,958,0,0,0,0,30.700000000000003,125,5.800000000000001
2010,2,26,17,30,122.99000000000001,0.16,4.6000000000000005,0,0,0,3,19,54.5,959,0,0,0,0,29.1,122,5.9
2010,2,26,18,30,137.8,0.16,4.7,0,0,0,3,20.200000000000003,63.49,959,0,0,0,0,27.8,118,5.4
2010,2,26,19,30,152.52,0.16,4.7,0,0,0,7,20.900000000000002,70.25,959,0,0,0,0,26.8,114,4.9
2010,2,26,20,30,166.81,0.16,4.7,0,0,0,1,21.5,75.68,959,0,0,0,0,26.1,112,4.6000000000000005
2010,2,26,21,30,173.86,0.16,4.6000000000000005,0,0,0,3,21.900000000000002,80.59,958,0,0,0,0,25.5,110,4.3
2010,2,26,22,30,161.38,0.16,4.6000000000000005,0,0,0,0,22.3,84.29,958,0,0,0,0,25.1,108,4.2
2010,2,26,23,30,146.83,0.16,4.5,0,0,0,0,22.5,86.37,958,0,0,0,0,24.900000000000002,106,4.2
2010,2,27,0,30,132.06,0.16,4.5,0,0,0,0,22.6,87.55,958,0,0,0,0,24.8,104,4.1000000000000005
2010,2,27,1,30,117.23,0.16,4.4,0,0,0,1,22.700000000000003,88.53,959,0,0,0,0,24.700000000000003,102,3.9000000000000004
2010,2,27,2,30,102.39,0.16,4.4,0,0,0,7,22.700000000000003,88.14,959,0,0,0,0,24.8,101,3.8000000000000003
2010,2,27,3,30,87.33,0.16,4.3,19,99,24,0,22.700000000000003,84.39,960,19,99,0,24,25.5,100,4
2010,2,27,4,30,72.72,0.16,4.3,72,580,244,3,22.3,74.48,961,163,105,0,194,27.200000000000003,101,4.3
2010,2,27,5,30,58.03,0.16,4.3,94,773,503,7,21.400000000000002,61.660000000000004,961,197,462,0,441,29.5,103,4.4
2010,2,27,6,30,43.47,0.16,4.3,105,867,734,7,20,48.85,960,215,629,0,672,32.1,106,4.5
2010,2,27,7,30,29.310000000000002,0.16,4.3,113,915,911,7,18.6,39.52,959,283,557,0,769,34.300000000000004,111,4.4
2010,2,27,8,30,16.59,0.16,4.3,118,936,1015,7,17.5,34.01,958,260,659,0,892,35.800000000000004,117,4.3
2010,2,27,9,30,11.77,0.16,4.2,133,922,1036,7,16.7,30.78,957,379,446,0,816,36.7,121,4.2
2010,2,27,10,30,21.2,0.16,4.2,136,902,977,0,16.2,29.3,956,136,902,0,977,37,124,4.2
2010,2,27,11,30,34.76,0.16,4.3,136,858,840,0,15.8,29.13,955,136,858,0,840,36.7,126,4.1000000000000005
2010,2,27,12,30,49.13,0.16,4.3,163,704,624,0,15.600000000000001,30.490000000000002,955,163,704,0,624,35.6,127,4.1000000000000005
2010,2,27,13,30,63.76,0.16,4.3,140,541,379,0,15.600000000000001,33.2,956,140,541,0,379,34.1,127,4.4
2010,2,27,14,30,78.47,0.16,4.4,83,245,132,0,15.9,37.22,957,83,245,0,132,32.4,127,4.7
2010,2,27,15,30,93.36,0.16,4.4,0,0,0,3,16.3,41.7,958,0,0,0,0,30.8,126,5.1000000000000005
2010,2,27,16,30,108.2,0.16,4.5,0,0,0,7,16.1,44.94,959,0,0,0,0,29.3,125,5.2
2010,2,27,17,30,123.05,0.16,4.4,0,0,0,6,15.700000000000001,47.32,960,0,0,0,0,27.900000000000002,123,4.7
2010,2,27,18,30,137.87,0.16,4.4,0,0,0,7,15.4,49.64,960,0,0,0,0,26.8,122,4.2
2010,2,27,19,30,152.62,0.16,4.5,0,0,0,7,15.700000000000001,53.22,960,0,0,0,0,25.900000000000002,122,3.9000000000000004
2010,2,27,20,30,167,0.16,4.5,0,0,0,7,16.400000000000002,58.14,959,0,0,0,0,25.200000000000003,123,3.8000000000000003
2010,2,27,21,30,174.17000000000002,0.16,4.4,0,0,0,7,17.400000000000002,64.22,958,0,0,0,0,24.6,123,3.6
2010,2,27,22,30,161.44,0.16,4.4,0,0,0,7,18.3,70.24,958,0,0,0,0,24.1,122,3.4000000000000004
2010,2,27,23,30,146.83,0.16,4.3,0,0,0,7,19.1,75.51,958,0,0,0,0,23.700000000000003,119,3.2
2010,2,28,0,30,132.03,0.16,4.2,0,0,0,6,19.700000000000003,80.16,959,0,0,0,0,23.3,115,2.9000000000000004
2010,2,28,1,30,117.19,0.16,4.1000000000000005,0,0,0,7,20.1,84.22,959,0,0,0,0,22.900000000000002,108,2.5
2010,2,28,2,30,102.34,0.16,4.1000000000000005,0,0,0,7,20.400000000000002,86.57000000000001,960,0,0,0,0,22.8,100,2.4000000000000004
2010,2,28,3,30,87.27,0.16,4.1000000000000005,19,81,23,7,20.6,81.43,961,21,1,7,21,24,94,3.2
2010,2,28,4,30,72.64,0.16,4.1000000000000005,77,558,243,7,20.200000000000003,67.66,961,47,0,0,47,26.700000000000003,93,4.4
2010,2,28,5,30,57.93,0.16,4.2,100,756,502,7,19.6,53.92,961,236,75,0,276,29.900000000000002,92,5.1000000000000005
2010,2,28,6,30,43.34,0.16,4.2,113,851,732,7,18.7,44.050000000000004,961,294,354,0,551,32.5,93,5.2
2010,2,28,7,30,29.13,0.16,4.2,121,902,909,7,18.1,38.44,959,371,208,0,552,34.300000000000004,94,5.1000000000000005
2010,2,28,8,30,16.3,0.16,4.3,126,924,1013,7,17.900000000000002,35.93,958,416,27,0,442,35.300000000000004,96,4.800000000000001
2010,2,28,9,30,11.42,0.16,4.4,129,926,1036,7,17.900000000000002,35.24,957,446,229,0,670,35.6,97,4.6000000000000005
2010,2,28,10,30,21.05,0.16,4.5,127,912,978,7,18,36.15,956,413,344,0,734,35.2,96,4.3
2010,2,28,11,30,34.69,0.16,4.7,122,876,842,7,18.1,38.300000000000004,956,341,374,0,648,34.300000000000004,92,4
2010,2,28,12,30,49.1,0.16,4.800000000000001,112,808,642,7,18.400000000000002,41.94,956,203,625,7,612,33,84,3.7
2010,2,28,13,30,63.75,0.16,5,94,686,397,8,18.900000000000002,47.78,957,188,320,7,330,31.3,75,3.2
2010,2,28,14,30,78.49,0.16,5,59,425,144,7,19.900000000000002,56.44,958,63,6,7,64,29.5,66,2.4000000000000004
2010,2,28,15,30,93.39,0.16,5.1000000000000005,0,0,0,6,21.400000000000002,67.21000000000001,959,0,0,0,0,28,62,2.1
2010,2,28,16,30,108.24000000000001,0.16,5.1000000000000005,0,0,0,7,21.700000000000003,71.88,959,0,0,0,0,27.200000000000003,65,2.2
2010,2,28,17,30,123.10000000000001,0.16,5.2,0,0,0,6,22,75.72,960,0,0,0,0,26.6,72,2.3000000000000003
2010,2,28,18,30,137.95000000000002,0.16,5.2,0,0,0,6,22.200000000000003,79.15,961,0,0,0,0,26.1,79,2.3000000000000003
2010,2,28,19,30,152.73,0.16,5.2,0,0,0,6,22.400000000000002,82.45,961,0,0,0,0,25.6,85,2.3000000000000003
2010,2,28,20,30,167.18,0.16,5,0,0,0,6,22.6,85.87,960,0,0,0,0,25.1,87,2.3000000000000003
2010,2,28,21,30,174.46,0.16,4.9,0,0,0,6,22.700000000000003,88.56,959,0,0,0,0,24.700000000000003,84,2.1
2010,2,28,22,30,161.49,0.16,4.7,0,0,0,7,22.8,91.15,959,0,0,0,0,24.3,79,1.9000000000000001
2010,2,28,23,30,146.83,0.16,4.6000000000000005,0,0,0,7,22.8,92.97,959,0,0,0,0,24,75,1.7000000000000002
2010,3,1,0,30,132.01,0.16,4.6000000000000005,0,0,0,8,22.8,94.79,959,0,0,0,0,23.700000000000003,71,1.6
2010,3,1,1,30,117.15,0.16,4.5,0,0,0,8,22.8,95.7,960,0,0,0,0,23.5,67,1.5
2010,3,1,2,30,102.28,0.16,4.5,0,0,0,7,22.700000000000003,95.24,961,0,0,0,0,23.5,65,1.8
2010,3,1,3,30,87.2,0.16,4.4,19,130,26,0,22.5,90.03,961,19,130,0,26,24.200000000000003,65,2.5
2010,3,1,4,30,72.56,0.16,4.4,67,606,249,0,22,79.26,962,67,606,0,249,25.900000000000002,63,3
2010,3,1,5,30,57.82,0.16,4.4,89,785,508,1,21.200000000000003,65.83,962,89,785,0,508,28.200000000000003,60,3.2
2010,3,1,6,30,43.21,0.16,4.5,117,841,729,1,20.200000000000003,54.34,962,117,841,0,729,30.5,58,3.4000000000000004
2010,3,1,7,30,28.95,0.16,4.5,125,892,905,1,19.400000000000002,46.730000000000004,961,125,892,0,905,32.2,58,3.6
2010,3,1,8,30,16.01,0.16,4.5,130,916,1010,7,18.7,42.050000000000004,959,404,343,0,733,33.300000000000004,60,3.6
2010,3,1,9,30,11.07,0.16,4.4,140,909,1032,7,18.2,39.22,958,427,349,0,769,34,61,3.5
2010,3,1,10,30,20.89,0.16,4.4,135,900,975,7,17.8,37.800000000000004,957,373,438,7,782,34.2,63,3.5
2010,3,1,11,30,34.62,0.16,4.4,127,870,842,0,17.400000000000002,37.29,957,127,870,0,842,34,65,3.5
2010,3,1,12,30,49.07,0.16,4.3,112,813,645,7,17.1,38.18,957,273,363,7,511,33.2,66,3.4000000000000004
2010,3,1,13,30,63.75,0.16,4.3,90,702,401,7,17,41.33,958,203,89,0,243,31.700000000000003,67,2.8000000000000003
2010,3,1,14,30,78.5,0.16,4.3,57,447,146,8,18.8,53.04,958,52,3,7,53,29.400000000000002,69,1.9000000000000001
2010,3,1,15,30,93.42,0.16,4.3,0,0,0,7,21.200000000000003,67.67,959,0,0,0,0,27.700000000000003,71,1.7000000000000002
2010,3,1,16,30,108.28,0.16,4.3,0,0,0,0,21,70.62,960,0,0,0,0,26.8,72,1.8
2010,3,1,17,30,123.16,0.16,4.3,0,0,0,0,20.900000000000002,73.65,960,0,0,0,0,26,72,1.9000000000000001
2010,3,1,18,30,138.02,0.16,4.3,0,0,0,0,20.900000000000002,76.87,960,0,0,0,0,25.3,72,1.9000000000000001
2010,3,1,19,30,152.83,0.16,4.3,0,0,0,0,21,80.07000000000001,960,0,0,0,0,24.700000000000003,73,1.8
2010,3,1,20,30,167.35,0.16,4.3,0,0,0,0,21.1,83.57000000000001,960,0,0,0,0,24.1,74,1.8
2010,3,1,21,30,174.75,0.16,4.3,0,0,0,0,21.200000000000003,86.37,960,0,0,0,0,23.6,76,1.8
2010,3,1,22,30,161.53,0.16,4.4,0,0,0,0,21.200000000000003,88.77,959,0,0,0,0,23.200000000000003,77,1.7000000000000002
2010,3,1,23,30,146.82,0.16,4.4,0,0,0,0,21.400000000000002,91.45,960,0,0,0,0,22.900000000000002,77,1.7000000000000002
2010,3,2,0,30,131.98,0.16,4.4,0,0,0,0,21.700000000000003,93.96000000000001,960,0,0,0,0,22.700000000000003,77,1.6
2010,3,2,1,30,117.10000000000001,0.16,4.3,0,0,0,0,22,96.71000000000001,961,0,0,0,0,22.5,77,1.7000000000000002
2010,3,2,2,30,102.22,0.16,4.2,0,0,0,0,22.200000000000003,96.84,961,0,0,0,0,22.700000000000003,80,2.1
2010,3,2,3,30,87.13,0.16,4.2,20,122,26,0,22.400000000000002,92.36,962,20,122,0,26,23.700000000000003,83,3.2
2010,3,2,4,30,72.47,0.16,4.1000000000000005,69,605,251,3,22.400000000000002,83.15,963,84,1,0,84,25.5,85,4.1000000000000005
2010,3,2,5,30,57.72,0.16,4.1000000000000005,90,789,511,3,21.8,72.08,963,163,0,7,164,27.3,87,4.2
2010,3,2,6,30,43.08,0.16,4.1000000000000005,103,875,742,0,21.200000000000003,64.05,963,103,875,0,742,28.700000000000003,90,4.1000000000000005
2010,3,2,7,30,28.77,0.16,4.1000000000000005,111,920,918,0,20.700000000000003,58.99,962,111,920,0,918,29.6,94,4
2010,3,2,8,30,15.72,0.16,4,116,943,1024,0,20.200000000000003,54.63,961,116,943,0,1024,30.400000000000002,98,3.8000000000000003
2010,3,2,9,30,10.72,0.16,4,124,936,1044,2,19.700000000000003,51.28,960,516,169,0,683,30.900000000000002,101,3.5
2010,3,2,10,30,20.75,0.16,3.9000000000000004,120,928,988,0,19.1,48.5,959,120,928,0,988,31.200000000000003,104,3.4000000000000004
2010,3,2,11,30,34.56,0.16,3.9000000000000004,113,899,853,0,18.5,47.32,959,113,899,0,853,31,107,3.3000000000000003
2010,3,2,12,30,49.050000000000004,0.16,3.8000000000000003,110,822,649,1,18.1,47.72,959,110,822,0,649,30.400000000000002,111,3.3000000000000003
2010,3,2,13,30,63.75,0.16,3.7,88,716,405,7,18,51.75,959,177,405,7,356,28.900000000000002,116,2.7
2010,3,2,14,30,78.52,0.16,3.7,55,465,148,8,19.700000000000003,64.75,960,66,6,7,67,26.900000000000002,120,2
2010,3,2,15,30,93.45,0.16,3.7,0,0,0,7,20.8,75.5,960,0,0,0,0,25.400000000000002,122,1.9000000000000001
2010,3,2,16,30,108.33,0.16,3.7,0,0,0,7,20.6,77.39,961,0,0,0,0,24.8,123,2.1
2010,3,2,17,30,123.22,0.16,3.8000000000000003,0,0,0,6,20.8,80.74,961,0,0,0,0,24.3,124,2.4000000000000004
2010,3,2,18,30,138.09,0.16,3.8000000000000003,0,0,0,6,21.200000000000003,85.14,961,0,0,0,0,23.900000000000002,124,2.7
2010,3,2,19,30,152.93,0.16,3.9000000000000004,0,0,0,6,21.8,90.42,961,0,0,0,0,23.5,124,2.9000000000000004
2010,3,2,20,30,167.52,0.16,4,0,0,0,6,22.400000000000002,95.36,961,0,0,0,0,23.200000000000003,124,2.9000000000000004
2010,3,2,21,30,175.02,0.16,4.1000000000000005,0,0,0,7,22.8,98.79,960,0,0,0,0,23,125,2.7
2010,3,2,22,30,161.55,0.16,4.2,0,0,0,3,23,99.9,960,0,0,0,0,23,125,2.5
2010,3,2,23,30,146.8,0.16,4.3,0,0,0,0,23,100,960,0,0,0,0,23,125,2.5
2010,3,3,0,30,131.94,0.16,4.5,0,0,0,3,23.1,99.86,960,0,0,0,0,23.1,126,2.6
2010,3,3,1,30,117.05,0.16,4.6000000000000005,0,0,0,7,23.1,99.88,961,0,0,0,0,23.1,127,2.7
2010,3,3,2,30,102.16,0.16,4.7,0,0,0,7,23.1,99.27,961,0,0,0,0,23.200000000000003,129,2.7
2010,3,3,3,30,87.06,0.16,4.7,19,195,29,7,23.1,96.64,962,18,1,7,18,23.700000000000003,130,3.1
2010,3,3,4,30,72.38,0.16,4.6000000000000005,58,657,257,0,23,90.06,963,58,657,0,257,24.700000000000003,128,3.6
2010,3,3,5,30,57.61,0.16,4.4,78,817,516,0,22.5,81.2,963,78,817,0,516,26,126,3.6
2010,3,3,6,30,42.95,0.16,4.2,137,806,727,0,22,72.42,963,137,806,0,727,27.400000000000002,124,3.5
2010,3,3,7,30,28.59,0.16,4,140,874,907,0,21.200000000000003,63.190000000000005,962,140,874,0,907,28.900000000000002,123,3.2
2010,3,3,8,30,15.44,0.16,3.9000000000000004,139,909,1016,0,19.8,53.2,961,139,909,0,1016,30.400000000000002,127,3
2010,3,3,9,30,10.370000000000001,0.16,3.9000000000000004,144,909,1038,0,18.1,44.59,960,144,909,0,1038,31.6,134,2.7
2010,3,3,10,30,20.61,0.16,3.9000000000000004,140,898,981,0,16.7,39.58,959,140,898,0,981,32.2,139,2.5
2010,3,3,11,30,34.51,0.16,4,132,863,843,1,16,37.81,958,132,863,0,843,32.2,141,2.2
2010,3,3,12,30,49.03,0.16,4,119,798,643,0,15.9,38.52,958,119,798,0,643,31.700000000000003,138,1.8
2010,3,3,13,30,63.76,0.16,4.1000000000000005,98,674,396,1,16.2,41.800000000000004,958,98,674,0,396,30.6,129,1.2000000000000002
2010,3,3,14,30,78.54,0.16,4.1000000000000005,61,400,141,3,19.200000000000003,55.49,959,6,0,0,6,29,116,0.7000000000000001
2010,3,3,15,30,93.48,0.16,4,0,0,0,3,22,70.92,959,0,0,0,0,27.8,110,0.7000000000000001
2010,3,3,16,30,108.37,0.16,3.9000000000000004,0,0,0,0,21.200000000000003,71.25,960,0,0,0,0,26.8,116,0.9
2010,3,3,17,30,123.27,0.16,3.8000000000000003,0,0,0,0,20.400000000000002,72.46000000000001,961,0,0,0,0,25.700000000000003,127,1.3
2010,3,3,18,30,138.17000000000002,0.16,3.7,0,0,0,0,19.5,73.66,961,0,0,0,0,24.5,133,1.6
2010,3,3,19,30,153.02,0.16,3.6,0,0,0,0,18.900000000000002,75.67,961,0,0,0,0,23.400000000000002,135,1.7000000000000002
2010,3,3,20,30,167.68,0.16,3.5,0,0,0,0,18.8,79.04,961,0,0,0,0,22.6,134,1.5
2010,3,3,21,30,175.28,0.16,3.5,0,0,0,0,19,82.61,960,0,0,0,0,22.1,132,1.2000000000000002
2010,3,3,22,30,161.57,0.16,3.5,0,0,0,0,19.5,87.2,960,0,0,0,0,21.700000000000003,128,0.9
2010,3,3,23,30,146.78,0.16,3.5,0,0,0,0,19.900000000000002,90.96000000000001,960,0,0,0,0,21.400000000000002,123,0.7000000000000001
2010,3,4,0,30,131.9,0.16,3.5,0,0,0,0,20.1,93.26,961,0,0,0,0,21.200000000000003,118,0.7000000000000001
2010,3,4,1,30,117,0.16,3.5,0,0,0,0,20.1,95.46000000000001,961,0,0,0,0,20.900000000000002,111,0.7000000000000001
2010,3,4,2,30,102.10000000000001,0.16,3.5,0,0,0,0,20.200000000000003,94.02,962,0,0,0,0,21.200000000000003,103,0.9
2010,3,4,3,30,86.99,0.16,3.5,21,125,27,0,20.3,85.3,962,21,125,0,27,22.900000000000002,102,1.5
2010,3,4,4,30,72.3,0.16,3.5,70,609,255,0,19.200000000000003,65.47,963,70,609,0,255,26.200000000000003,107,1.8
2010,3,4,5,30,57.51,0.16,3.5,92,792,517,0,16.5,45.19,963,92,792,0,517,29.6,108,1.7000000000000002
2010,3,4,6,30,42.82,0.16,3.6,105,877,748,0,16.1,38.46,962,105,877,0,748,32,112,1.7000000000000002
2010,3,4,7,30,28.42,0.16,3.6,113,924,925,1,16.2,35.24,961,113,924,0,925,33.7,122,1.9000000000000001
2010,3,4,8,30,15.16,0.16,3.7,117,944,1029,1,16.1,32.51,960,117,944,1,1029,35,131,2.1
2010,3,4,9,30,10.02,0.16,3.8000000000000003,114,954,1053,0,15.9,30.740000000000002,959,114,954,0,1053,35.800000000000004,140,2.2
2010,3,4,10,30,20.48,0.16,3.8000000000000003,114,938,993,0,15.8,30.04,958,114,938,0,993,36.1,146,2.3000000000000003
2010,3,4,11,30,34.46,0.16,3.9000000000000004,111,902,854,0,15.700000000000001,30.37,957,111,902,0,854,35.800000000000004,149,2.4000000000000004
2010,3,4,12,30,49.02,0.16,3.9000000000000004,146,739,631,0,15.700000000000001,31.69,957,146,739,0,631,35,148,2.5
2010,3,4,13,30,63.77,0.16,4,120,601,385,1,15.8,34.89,957,120,601,0,385,33.4,146,2.1
2010,3,4,14,30,78.57000000000001,0.16,4,71,317,134,0,18.400000000000002,47.69,958,71,317,0,134,30.8,142,1.5
2010,3,4,15,30,93.52,0.16,4.1000000000000005,0,0,0,0,21.6,64.84,958,0,0,0,0,28.900000000000002,139,1.4000000000000001
2010,3,4,16,30,108.42,0.16,4.1000000000000005,0,0,0,1,20.900000000000002,64.8,959,0,0,0,0,28.1,138,1.8
2010,3,4,17,30,123.33,0.16,4.2,0,0,0,0,20.5,66.86,960,0,0,0,0,27.200000000000003,139,2.1
2010,3,4,18,30,138.24,0.16,4.2,0,0,0,7,20.5,70.54,960,0,0,0,0,26.3,138,2.4000000000000004
2010,3,4,19,30,153.12,0.16,4.3,0,0,0,8,20.8,75.7,960,0,0,0,0,25.400000000000002,136,2.4000000000000004
2010,3,4,20,30,167.84,0.16,4.3,0,0,0,0,21.1,80.97,960,0,0,0,0,24.6,129,2
2010,3,4,21,30,175.52,0.16,4.3,0,0,0,7,21.400000000000002,85.57000000000001,960,0,0,0,0,24,119,1.6
2010,3,4,22,30,161.58,0.16,4.3,0,0,0,7,21.700000000000003,89.34,959,0,0,0,0,23.6,104,1.2000000000000002
2010,3,4,23,30,146.76,0.16,4.3,0,0,0,1,21.900000000000002,92.12,959,0,0,0,0,23.3,90,1.1
2010,3,5,0,30,131.86,0.16,4.3,0,0,0,3,22,94.3,959,0,0,0,0,23,79,1.2000000000000002
2010,3,5,1,30,116.94,0.16,4.2,0,0,0,1,22,95.38,959,0,0,0,0,22.8,71,1.4000000000000001
2010,3,5,2,30,102.03,0.16,4.2,0,0,0,0,22,93.9,960,0,0,0,0,23,65,1.9000000000000001
2010,3,5,3,30,86.92,0.16,4.1000000000000005,21,86,26,0,21.8,85.89,961,21,86,0,26,24.3,64,2.8000000000000003
2010,3,5,4,30,72.21000000000001,0.16,4.1000000000000005,80,548,248,0,20.8,68.19,961,80,548,0,248,27.200000000000003,66,3.3000000000000003
2010,3,5,5,30,57.4,0.16,4,108,739,506,0,19.6,52.4,961,108,739,0,506,30.400000000000002,66,3.3000000000000003
2010,3,5,6,30,42.69,0.16,4,147,788,726,0,19,43.76,961,147,788,0,726,32.9,68,3
2010,3,5,7,30,28.240000000000002,0.16,4,157,846,902,0,18.7,39.19,960,157,846,0,902,34.6,72,2.8000000000000003
2010,3,5,8,30,14.870000000000001,0.16,4.1000000000000005,160,875,1007,0,18.6,37.14,959,160,875,0,1007,35.4,76,2.7
2010,3,5,9,30,9.67,0.16,4.1000000000000005,144,906,1037,0,18.400000000000002,36.46,958,144,906,0,1037,35.6,79,2.8000000000000003
2010,3,5,10,30,20.36,0.16,4.2,143,889,977,0,18.400000000000002,36.95,957,143,889,0,977,35.300000000000004,80,2.9000000000000004
2010,3,5,11,30,34.410000000000004,0.16,4.3,134,855,840,0,18.400000000000002,38.38,956,134,855,0,840,34.6,81,3
2010,3,5,12,30,49.01,0.16,4.4,119,793,639,1,18.5,40.58,956,119,793,0,639,33.7,81,3.1
2010,3,5,13,30,63.78,0.16,4.4,96,675,395,2,18.7,44.56,957,222,27,0,234,32.300000000000004,80,2.6
2010,3,5,14,30,78.59,0.16,4.5,59,409,140,7,20.8,56.86,957,42,1,7,43,30.3,80,1.8
2010,3,5,15,30,93.56,0.16,4.5,0,0,0,7,22.400000000000002,68.58,958,0,0,0,0,28.8,84,1.7000000000000002
2010,3,5,16,30,108.47,0.16,4.5,0,0,0,0,22.1,69.91,959,0,0,0,0,28.1,94,2.1
2010,3,5,17,30,123.39,0.16,4.5,0,0,0,3,21.700000000000003,71.72,960,0,0,0,0,27.3,107,2.7
2010,3,5,18,30,138.31,0.16,4.5,0,0,0,3,21.400000000000002,74.25,960,0,0,0,0,26.400000000000002,117,3.3000000000000003
2010,3,5,19,30,153.21,0.16,4.5,0,0,0,7,21.5,79.58,960,0,0,0,0,25.3,119,3.5
2010,3,5,20,30,167.98,0.16,4.5,0,0,0,8,21.900000000000002,86.02,960,0,0,0,0,24.400000000000002,116,3.2
2010,3,5,21,30,175.74,0.16,4.5,0,0,0,0,22.3,91.39,959,0,0,0,0,23.8,110,2.8000000000000003
2010,3,5,22,30,161.58,0.16,4.5,0,0,0,0,22.6,95.31,959,0,0,0,0,23.400000000000002,103,2.8000000000000003
2010,3,5,23,30,146.72,0.16,4.6000000000000005,0,0,0,3,22.700000000000003,97.24000000000001,959,0,0,0,0,23.200000000000003,96,3.1
2010,3,6,0,30,131.81,0.16,4.6000000000000005,0,0,0,0,22.8,98.24000000000001,959,0,0,0,0,23.1,91,3.2
2010,3,6,1,30,116.88,0.16,4.6000000000000005,0,0,0,3,22.8,99.07000000000001,960,0,0,0,0,23,85,3.4000000000000004
2010,3,6,2,30,101.96000000000001,0.16,4.7,0,0,0,0,22.700000000000003,97.8,960,0,0,0,0,23.1,79,3.8000000000000003
2010,3,6,3,30,86.84,0.16,4.7,22,89,27,0,22.6,91.39,961,22,89,0,27,24.1,75,4.6000000000000005
2010,3,6,4,30,72.12,0.16,4.7,79,552,248,3,22,77.89,962,85,0,0,85,26.200000000000003,74,5.5
2010,3,6,5,30,57.300000000000004,0.16,4.7,105,740,505,1,21,62.99,962,105,740,0,505,28.700000000000003,75,5.9
2010,3,6,6,30,42.56,0.16,4.800000000000001,121,830,733,3,20.400000000000002,53.49,961,261,0,0,261,30.900000000000002,75,6
2010,3,6,7,30,28.07,0.16,4.800000000000001,131,880,907,3,20.3,48.56,960,430,35,0,462,32.5,76,5.800000000000001
2010,3,6,8,30,14.6,0.16,4.800000000000001,135,905,1011,0,20.200000000000003,45.38,959,135,905,0,1011,33.6,76,5.5
2010,3,6,9,30,9.33,0.16,4.800000000000001,141,903,1032,7,20,43.56,958,351,10,0,361,34.1,77,5.2
2010,3,6,10,30,20.240000000000002,0.16,4.800000000000001,137,894,975,7,19.700000000000003,42.86,957,424,235,0,644,34.1,77,4.800000000000001
2010,3,6,11,30,34.37,0.16,4.800000000000001,127,863,840,7,19.5,43.2,956,384,174,0,528,33.7,79,4.5
2010,3,6,12,30,49.01,0.16,4.800000000000001,134,758,631,6,19.400000000000002,44.88,956,296,42,0,324,32.9,82,4.1000000000000005
2010,3,6,13,30,63.79,0.16,4.800000000000001,110,627,387,6,19.5,49.26,957,124,5,0,126,31.400000000000002,85,3.2
2010,3,6,14,30,78.62,0.16,4.800000000000001,68,342,135,7,21.200000000000003,61.65,958,40,1,0,40,29.3,88,2.5
2010,3,6,15,30,93.59,0.16,4.9,0,0,0,7,22.1,70.88,959,0,0,0,0,27.900000000000002,91,2.7
2010,3,6,16,30,108.52,0.16,4.9,0,0,0,7,21.8,72.49,959,0,0,0,0,27.200000000000003,95,3.4000000000000004
2010,3,6,17,30,123.45,0.16,4.9,0,0,0,7,22.1,77.24,960,0,0,0,0,26.400000000000002,99,3.8000000000000003
2010,3,6,18,30,138.38,0.16,4.9,0,0,0,7,22.6,82.82000000000001,961,0,0,0,0,25.700000000000003,101,3.7
2010,3,6,19,30,153.29,0.16,4.9,0,0,0,7,22.900000000000002,88.36,961,0,0,0,0,25,102,3.5
2010,3,6,20,30,168.12,0.16,4.800000000000001,0,0,0,7,23.200000000000003,93.57000000000001,960,0,0,0,0,24.3,102,3.4000000000000004
2010,3,6,21,30,175.93,0.16,4.800000000000001,0,0,0,8,23.3,96.91,959,0,0,0,0,23.8,98,3.7
2010,3,6,22,30,161.57,0.16,4.800000000000001,0,0,0,8,23.200000000000003,98.29,959,0,0,0,0,23.5,93,4
2010,3,6,23,30,146.68,0.16,4.7,0,0,0,7,23.1,98.78,959,0,0,0,0,23.3,88,4.2
2010,3,7,0,30,131.76,0.16,4.6000000000000005,0,0,0,7,23,99.11,960,0,0,0,0,23.1,84,4.2
2010,3,7,1,30,116.82000000000001,0.16,4.6000000000000005,0,0,0,7,22.8,98.67,960,0,0,0,0,23,80,4.3
2010,3,7,2,30,101.89,0.16,4.5,0,0,0,7,22.6,97.62,961,0,0,0,0,23,77,4.5
2010,3,7,3,30,86.76,0.16,4.4,23,78,28,7,22.5,91.94,962,19,0,7,19,23.900000000000002,74,5.4
2010,3,7,4,30,72.02,0.16,4.4,82,546,251,7,22,79.25,962,153,152,0,200,25.900000000000002,73,6.6000000000000005
2010,3,7,5,30,57.19,0.16,4.4,106,744,509,7,21.200000000000003,66.29,962,244,233,0,370,28.1,73,7.1000000000000005
2010,3,7,6,30,42.43,0.16,4.4,121,837,739,7,20.5,56.49,962,259,13,0,269,30.1,75,7.2
2010,3,7,7,30,27.900000000000002,0.16,4.5,133,881,912,8,20,50,961,412,197,0,586,31.700000000000003,77,7.1000000000000005
2010,3,7,8,30,14.32,0.16,4.5,142,899,1013,8,19.8,46.300000000000004,960,372,444,0,802,32.800000000000004,79,6.800000000000001
2010,3,7,9,30,8.99,0.16,4.6000000000000005,157,884,1030,3,19.6,44.92,959,515,99,0,613,33.2,78,6.4
2010,3,7,10,30,20.14,0.16,4.6000000000000005,162,859,968,3,19.5,44.800000000000004,958,482,60,0,539,33.1,78,5.9
2010,3,7,11,30,34.34,0.16,4.6000000000000005,160,811,829,3,19.400000000000002,45.79,958,438,94,0,516,32.6,78,5.5
2010,3,7,12,30,49,0.16,4.6000000000000005,149,728,627,2,19.200000000000003,47.67,958,379,117,0,455,31.700000000000003,78,4.800000000000001
2010,3,7,13,30,63.81,0.16,4.6000000000000005,125,580,381,3,19.3,52.5,958,114,0,0,114,30.1,81,3.6
2010,3,7,14,30,78.65,0.16,4.5,75,282,131,7,20.8,64.69,959,109,78,0,124,28.1,86,2.6
2010,3,7,15,30,93.63,0.16,4.4,0,0,0,6,21.400000000000002,72.67,960,0,0,0,0,26.700000000000003,90,2.7
2010,3,7,16,30,108.56,0.16,4.3,0,0,0,3,20.900000000000002,73.93,960,0,0,0,0,25.900000000000002,93,3.3000000000000003
2010,3,7,17,30,123.5,0.16,4.3,0,0,0,1,20.8,76.99,961,0,0,0,0,25.1,96,3.9000000000000004
2010,3,7,18,30,138.45000000000002,0.16,4.2,0,0,0,0,21,81.77,961,0,0,0,0,24.3,100,4.1000000000000005
2010,3,7,19,30,153.38,0.16,4.2,0,0,0,3,21.3,87.55,961,0,0,0,0,23.5,102,3.9000000000000004
2010,3,7,20,30,168.25,0.16,4.1000000000000005,0,0,0,0,21.6,92.56,961,0,0,0,0,22.900000000000002,99,3.5
2010,3,7,21,30,176.09,0.16,4,0,0,0,0,21.8,95.98,961,0,0,0,0,22.5,93,3.3000000000000003
2010,3,7,22,30,161.56,0.16,3.9000000000000004,0,0,0,0,21.900000000000002,98.17,960,0,0,0,0,22.200000000000003,87,3.3000000000000003
2010,3,7,23,30,146.64000000000001,0.16,3.7,0,0,0,0,21.900000000000002,99.45,960,0,0,0,0,22,82,3.6
2010,3,8,0,30,131.7,0.16,3.5,0,0,0,0,21.8,99.62,960,0,0,0,0,21.900000000000002,77,3.9000000000000004
2010,3,8,1,30,116.76,0.16,3.3000000000000003,0,0,0,3,21.8,99.77,961,0,0,0,0,21.8,73,4
2010,3,8,2,30,101.81,0.16,3.2,0,0,0,0,21.6,99.07000000000001,961,0,0,0,0,21.8,71,4.2
2010,3,8,3,30,86.68,0.16,3.1,24,81,29,0,21.6,91.74,962,24,81,0,29,23,71,5.300000000000001
2010,3,8,4,30,71.93,0.16,3.1,80,576,259,0,21.3,78.34,963,80,576,0,259,25.3,72,6.6000000000000005
2010,3,8,5,30,57.08,0.16,3.1,102,776,524,0,20.6,64.05,963,102,776,0,524,28,73,6.800000000000001
2010,3,8,6,30,42.300000000000004,0.16,3.2,114,868,755,0,19.8,53.63,963,114,868,0,755,30.3,73,6.7
2010,3,8,7,30,27.73,0.16,3.3000000000000003,122,914,931,0,19.1,46.06,962,122,914,0,931,32.2,73,6.4
2010,3,8,8,30,14.05,0.16,3.4000000000000004,127,936,1034,0,18.5,41,961,127,936,0,1034,33.6,73,6.1000000000000005
2010,3,8,9,30,8.65,0.16,3.5,129,936,1055,0,18.1,38.22,959,129,936,0,1055,34.4,74,5.800000000000001
2010,3,8,10,30,20.04,0.16,3.6,123,928,995,0,18,37.68,958,123,928,0,995,34.5,77,5.6000000000000005
2010,3,8,11,30,34.31,0.16,3.7,114,899,856,0,18.1,39.11,958,114,899,0,856,33.9,80,5.6000000000000005
2010,3,8,12,30,49.01,0.16,3.9000000000000004,101,840,652,3,18.400000000000002,43.44,958,346,256,1,514,32.4,84,5.5
2010,3,8,13,30,63.83,0.16,4.2,89,706,400,3,19.1,50.78,959,238,53,7,262,30.400000000000002,89,5
2010,3,8,14,30,78.68,0.16,4.4,58,420,141,1,20.400000000000002,63.54,959,58,420,0,141,28,96,4.1000000000000005
2010,3,8,15,30,93.68,0.16,4.6000000000000005,0,0,0,1,21.700000000000003,75.14,960,0,0,0,0,26.5,102,3.9000000000000004
2010,3,8,16,30,108.61,0.16,4.800000000000001,0,0,0,3,22.5,83.16,961,0,0,0,0,25.6,105,4.1000000000000005
2010,3,8,17,30,123.56,0.16,5,0,0,0,0,23.200000000000003,89.69,962,0,0,0,0,25,106,4.2
2010,3,8,18,30,138.51,0.16,5.2,0,0,0,0,23.6,94.54,962,0,0,0,0,24.5,105,4.2
2010,3,8,19,30,153.46,0.16,5.2,0,0,0,0,23.6,97.26,962,0,0,0,0,24.1,102,4.4
2010,3,8,20,30,168.36,0.16,5,0,0,0,0,23.5,98.57000000000001,962,0,0,0,0,23.700000000000003,98,4.6000000000000005
2010,3,8,21,30,176.22,0.16,4.800000000000001,0,0,0,0,23.200000000000003,98.65,961,0,0,0,0,23.400000000000002,94,4.5
2010,3,8,22,30,161.53,0.16,4.7,0,0,0,0,22.900000000000002,98.95,960,0,0,0,0,23.1,91,4.4
2010,3,8,23,30,146.59,0.16,4.5,0,0,0,0,22.8,99.24000000000001,960,0,0,0,0,22.900000000000002,90,4.3
2010,3,9,0,30,131.64000000000001,0.16,4.4,0,0,0,0,22.6,99.62,961,0,0,0,0,22.700000000000003,89,4.3
2010,3,9,1,30,116.69,0.16,4.2,0,0,0,0,22.5,99.59,961,0,0,0,0,22.6,88,4.2
2010,3,9,2,30,101.74000000000001,0.16,4,0,0,0,0,22.5,99.35000000000001,962,0,0,0,0,22.6,86,4.2
2010,3,9,3,30,86.60000000000001,0.16,3.9000000000000004,25,79,30,0,22.400000000000002,93.27,962,25,79,0,30,23.6,82,5.300000000000001
2010,3,9,4,30,71.84,0.16,3.8000000000000003,85,545,255,0,22,80.52,963,85,545,0,255,25.6,79,6.5
2010,3,9,5,30,56.97,0.16,3.7,110,744,516,0,21.400000000000002,67.79,963,110,744,0,516,27.900000000000002,75,6.7
2010,3,9,6,30,42.17,0.16,3.7,123,844,748,0,20.900000000000002,58.44,963,123,844,0,748,29.900000000000002,73,6.6000000000000005
2010,3,9,7,30,27.560000000000002,0.16,3.7,130,896,925,0,20.5,51.72,962,130,896,0,925,31.6,70,6.4
2010,3,9,8,30,13.780000000000001,0.16,3.7,134,921,1029,0,20.1,47.27,960,134,921,0,1029,32.800000000000004,69,6.1000000000000005
2010,3,9,9,30,8.32,0.16,3.7,159,892,1042,0,19.700000000000003,44.21,959,159,892,0,1042,33.5,69,5.9
2010,3,9,10,30,19.94,0.16,3.7,146,892,985,0,19.1,41.92,958,146,892,0,985,33.800000000000004,71,5.6000000000000005
2010,3,9,11,30,34.29,0.16,3.7,135,863,848,0,18.5,40.83,958,135,863,0,848,33.6,73,5.300000000000001
2010,3,9,12,30,49.01,0.16,3.7,120,802,645,2,17.8,40.78,957,373,146,0,469,32.9,77,5
2010,3,9,13,30,63.85,0.16,3.7,99,678,397,0,17.5,43.95,958,99,678,0,397,31.200000000000003,82,4.1000000000000005
2010,3,9,14,30,78.72,0.16,3.7,62,397,140,0,18.8,55.82,959,62,397,0,140,28.5,91,3
2010,3,9,15,30,93.72,0.16,3.6,0,0,0,0,20.1,67.75,959,0,0,0,0,26.5,99,2.9000000000000004
2010,3,9,16,30,108.66,0.16,3.5,0,0,0,0,20.1,71.85000000000001,960,0,0,0,0,25.6,103,3.2
2010,3,9,17,30,123.62,0.16,3.5,0,0,0,0,20.700000000000003,78.23,961,0,0,0,0,24.700000000000003,104,3.3000000000000003
2010,3,9,18,30,138.58,0.16,3.4000000000000004,0,0,0,0,21.3,85.16,961,0,0,0,0,23.900000000000002,104,3.3000000000000003
2010,3,9,19,30,153.54,0.16,3.4000000000000004,0,0,0,0,21.8,91.72,961,0,0,0,0,23.200000000000003,102,3.2
2010,3,9,20,30,168.47,0.16,3.4000000000000004,0,0,0,0,22.200000000000003,97.09,961,0,0,0,0,22.700000000000003,100,3.1
2010,3,9,21,30,176.3,0.16,3.4000000000000004,0,0,0,0,22.400000000000002,100,960,0,0,0,0,22.400000000000002,96,2.9000000000000004
2010,3,9,22,30,161.49,0.16,3.3000000000000003,0,0,0,0,22.3,100,960,0,0,0,0,22.3,90,3.2
2010,3,9,23,30,146.54,0.16,3.2,0,0,0,0,22,100,960,0,0,0,0,22,83,3.7
2010,3,10,0,30,131.58,0.16,3.1,0,0,0,0,21.6,99.68,960,0,0,0,0,21.700000000000003,78,3.8000000000000003
2010,3,10,1,30,116.62,0.16,3.1,0,0,0,0,21.200000000000003,100,961,0,0,0,0,21.200000000000003,75,3.7
2010,3,10,2,30,101.66,0.16,2.9000000000000004,0,0,0,0,20.900000000000002,98.97,962,0,0,0,0,21.1,70,3.8000000000000003
2010,3,10,3,30,86.52,0.16,2.9000000000000004,21,8,21,0,20.8,92.08,963,21,8,0,21,22.1,66,4.9
2010,3,10,4,30,71.74,0.16,2.8000000000000003,138,315,237,0,20.1,77,963,138,315,0,237,24.400000000000002,64,6.300000000000001
2010,3,10,5,30,56.870000000000005,0.16,2.7,197,533,489,0,18.5,59.19,963,197,533,0,489,27.200000000000003,63,6.800000000000001
2010,3,10,6,30,42.050000000000004,0.16,2.7,280,566,700,0,17.1,46.660000000000004,963,280,566,0,700,29.700000000000003,62,6.800000000000001
2010,3,10,7,30,27.400000000000002,0.16,2.7,295,657,878,0,16.1,38.99,962,295,657,0,878,31.8,62,6.6000000000000005
2010,3,10,8,30,13.52,0.16,2.7,293,713,986,0,15.4,34.06,960,293,713,0,986,33.4,61,6.2
2010,3,10,9,30,7.99,0.16,2.7,195,859,1045,0,14.700000000000001,30.330000000000002,959,195,859,0,1045,34.6,61,5.800000000000001
2010,3,10,10,30,19.86,0.16,2.6,184,855,988,0,13.9,27.98,958,184,855,0,988,35.1,60,5.4
2010,3,10,11,30,34.27,0.16,2.6,166,829,851,0,13.100000000000001,26.62,957,166,829,0,851,35.1,60,5
2010,3,10,12,30,49.02,0.16,2.5,141,776,650,0,12.4,26.54,957,141,776,0,650,34.300000000000004,61,4.7
2010,3,10,13,30,63.88,0.16,2.4000000000000004,111,660,402,0,11.9,28.95,957,111,660,0,402,32.2,62,3.5
2010,3,10,14,30,78.75,0.16,2.4000000000000004,67,381,141,0,15,43.61,958,67,381,0,141,28.6,66,2.2
2010,3,10,15,30,93.76,0.16,2.3000000000000003,0,0,0,0,16.400000000000002,55.43,959,0,0,0,0,26,69,2
2010,3,10,16,30,108.72,0.16,2.3000000000000003,0,0,0,0,15.8,56.83,959,0,0,0,0,24.900000000000002,71,2.2
2010,3,10,17,30,123.68,0.16,2.3000000000000003,0,0,0,0,15.4,58.68,960,0,0,0,0,24,74,2.4000000000000004
2010,3,10,18,30,138.64000000000001,0.16,2.3000000000000003,0,0,0,0,15.4,61.870000000000005,960,0,0,0,0,23.1,79,2.7
2010,3,10,19,30,153.61,0.16,2.3000000000000003,0,0,0,0,15.700000000000001,66.24,960,0,0,0,0,22.3,87,3.1
2010,3,10,20,30,168.57,0.16,2.4000000000000004,0,0,0,0,16.5,72.68,960,0,0,0,0,21.6,92,3.6
2010,3,10,21,30,176.34,0.16,2.6,0,0,0,0,17.8,82.13,960,0,0,0,0,21,94,3.6
2010,3,10,22,30,161.44,0.16,2.7,0,0,0,0,19.200000000000003,91.88,960,0,0,0,0,20.6,91,3.2
2010,3,10,23,30,146.48,0.16,2.7,0,0,0,0,20.1,98.15,960,0,0,0,0,20.400000000000002,85,2.9000000000000004
2010,3,11,0,30,131.51,0.16,2.8000000000000003,0,0,0,0,20.3,100,960,0,0,0,0,20.3,78,2.9000000000000004
2010,3,11,1,30,116.54,0.16,2.8000000000000003,0,0,0,0,20.1,100,961,0,0,0,0,20.1,71,3.1
2010,3,11,2,30,101.58,0.16,2.7,0,0,0,0,20.200000000000003,99.57000000000001,962,0,0,0,0,20.3,65,3.5
2010,3,11,3,30,86.43,0.16,2.6,21,7,21,0,20.1,91.2,963,21,7,0,21,21.6,63,5
2010,3,11,4,30,71.65,0.16,2.5,137,332,241,0,19.700000000000003,76.43,963,137,332,0,241,24.1,63,6.4
2010,3,11,5,30,56.76,0.16,2.5,182,578,499,0,18.6,60.47,963,182,578,0,499,26.900000000000002,63,6.7
2010,3,11,6,30,41.92,0.16,2.4000000000000004,207,708,734,0,17.5,48.56,963,207,708,0,734,29.5,62,6.4
2010,3,11,7,30,27.240000000000002,0.16,2.4000000000000004,222,776,912,0,16.6,40.410000000000004,962,222,776,0,912,31.700000000000003,60,6
2010,3,11,8,30,13.26,0.16,2.4000000000000004,230,808,1016,0,15.8,34.87,961,230,808,0,1016,33.4,58,5.6000000000000005
2010,3,11,9,30,7.67,0.16,2.4000000000000004,231,815,1039,0,14.9,30.72,960,231,815,0,1039,34.6,56,5.1000000000000005
2010,3,11,10,30,19.79,0.16,2.4000000000000004,221,804,978,0,13.9,27.86,959,221,804,0,978,35.2,56,4.800000000000001
2010,3,11,11,30,34.25,0.16,2.3000000000000003,201,773,840,0,13,26.28,958,201,773,0,840,35.2,57,4.5
2010,3,11,12,30,49.04,0.16,2.3000000000000003,129,804,657,0,12.200000000000001,25.76,958,129,804,0,657,34.6,60,4.2
2010,3,11,13,30,63.910000000000004,0.16,2.3000000000000003,108,670,402,0,11.700000000000001,28.240000000000002,958,108,670,0,402,32.4,64,3.2
2010,3,11,14,30,78.79,0.16,2.2,67,378,140,0,15.3,44.06,958,67,378,0,140,28.700000000000003,70,2
2010,3,11,15,30,93.81,0.16,2.2,0,0,0,0,16.6,55.96,959,0,0,0,0,26.1,74,1.9000000000000001
2010,3,11,16,30,108.77,0.16,2.2,0,0,0,0,16,57.33,960,0,0,0,0,25,76,2.2
2010,3,11,17,30,123.73,0.16,2.2,0,0,0,0,15.700000000000001,59.24,960,0,0,0,0,24.1,79,2.4000000000000004
2010,3,11,18,30,138.70000000000002,0.16,2.3000000000000003,0,0,0,0,15.8,62.24,961,0,0,0,0,23.400000000000002,86,3
2010,3,11,19,30,153.68,0.16,2.5,0,0,0,0,16.400000000000002,67.59,961,0,0,0,0,22.700000000000003,93,3.7
2010,3,11,20,30,168.65,0.16,2.6,0,0,0,0,17.8,77.23,961,0,0,0,0,22,97,3.9000000000000004
2010,3,11,21,30,176.34,0.16,2.7,0,0,0,0,19.5,88.93,961,0,0,0,0,21.400000000000002,96,3.6
2010,3,11,22,30,161.38,0.16,2.7,0,0,0,0,20.6,96.89,961,0,0,0,0,21.1,91,3.3000000000000003
2010,3,11,23,30,146.41,0.16,2.7,0,0,0,0,21,99.81,961,0,0,0,0,21,85,3.4000000000000004
2010,3,12,0,30,131.44,0.16,2.7,0,0,0,0,20.900000000000002,100,961,0,0,0,0,20.900000000000002,79,3.7
2010,3,12,1,30,116.46000000000001,0.16,2.6,0,0,0,0,20.700000000000003,99.69,962,0,0,0,0,20.8,75,3.9000000000000004
2010,3,12,2,30,101.5,0.16,2.5,0,0,0,0,20.5,98.2,962,0,0,0,0,20.8,70,4.3
2010,3,12,3,30,86.35000000000001,0.16,2.5,27,42,30,0,20.3,90.17,963,27,42,0,30,22,67,5.6000000000000005
2010,3,12,4,30,71.55,0.16,2.5,105,480,257,0,19.8,75.26,963,105,480,0,257,24.5,65,6.9
2010,3,12,5,30,56.65,0.16,2.5,133,708,522,0,18.8,60.32,963,133,708,0,522,27.200000000000003,64,7.2
2010,3,12,6,30,41.800000000000004,0.16,2.6,157,797,752,0,17.900000000000002,49.13,963,157,797,0,752,29.700000000000003,63,7
2010,3,12,7,30,27.080000000000002,0.16,2.6,158,871,934,0,17.2,41.76,962,158,871,0,934,31.8,62,6.6000000000000005
2010,3,12,8,30,13,0.16,2.7,154,908,1038,0,16.7,36.93,961,154,908,0,1038,33.4,61,6.2
2010,3,12,9,30,7.36,0.16,2.8000000000000003,140,931,1064,0,16.1,33.22,959,140,931,0,1064,34.6,61,5.7
2010,3,12,10,30,19.72,0.16,2.9000000000000004,135,920,1001,0,15.600000000000001,31.240000000000002,958,135,920,0,1001,35.1,61,5.300000000000001
2010,3,12,11,30,34.25,0.16,3,126,887,859,0,15.200000000000001,30.5,958,126,887,0,859,35.1,63,4.9
2010,3,12,12,30,49.050000000000004,0.16,3.1,113,821,652,0,14.9,31.13,957,113,821,0,652,34.4,65,4.6000000000000005
2010,3,12,13,30,63.940000000000005,0.16,3.1,95,695,400,0,14.8,34.42,958,95,695,0,400,32.5,69,3.7
2010,3,12,14,30,78.83,0.16,3.2,59,411,139,0,16.6,45.44,958,59,411,0,139,29.6,74,2.5
2010,3,12,15,30,93.85000000000001,0.16,3.2,0,0,0,0,18.400000000000002,58.13,959,0,0,0,0,27.400000000000002,78,2.2
2010,3,12,16,30,108.82000000000001,0.16,3.2,0,0,0,0,18.1,59.78,960,0,0,0,0,26.6,81,2.5
2010,3,12,17,30,123.79,0.16,3.3000000000000003,0,0,0,0,18.2,62.43,960,0,0,0,0,25.900000000000002,87,3.1
2010,3,12,18,30,138.76,0.16,3.4000000000000004,0,0,0,0,18.5,66.92,960,0,0,0,0,25.1,94,3.8000000000000003
2010,3,12,19,30,153.74,0.16,3.5,0,0,0,0,19.3,74.10000000000001,961,0,0,0,0,24.200000000000003,98,3.9000000000000004
2010,3,12,20,30,168.72,0.16,3.6,0,0,0,0,20.1,82.04,960,0,0,0,0,23.3,96,3.5
2010,3,12,21,30,176.3,0.16,3.6,0,0,0,0,20.5,88.17,960,0,0,0,0,22.6,89,3.1
2010,3,12,22,30,161.32,0.16,3.6,0,0,0,0,20.700000000000003,91.22,960,0,0,0,0,22.200000000000003,81,3
2010,3,12,23,30,146.34,0.16,3.5,0,0,0,0,20.700000000000003,93.43,960,0,0,0,0,21.8,75,3
2010,3,13,0,30,131.36,0.16,3.4000000000000004,0,0,0,0,20.700000000000003,94.42,960,0,0,0,0,21.6,72,3.2
2010,3,13,1,30,116.39,0.16,3.3000000000000003,0,0,0,0,20.700000000000003,95.72,961,0,0,0,0,21.400000000000002,70,3.5
2010,3,13,2,30,101.41,0.16,3.2,0,0,0,0,20.700000000000003,95.17,962,0,0,0,0,21.5,67,4
2010,3,13,3,30,86.26,0.16,3.2,27,80,32,0,20.700000000000003,87.81,962,27,80,0,32,22.8,65,5.4
2010,3,13,4,30,71.45,0.16,3.1,90,541,262,0,20.1,73.10000000000001,962,90,541,0,262,25.3,65,6.7
2010,3,13,5,30,56.550000000000004,0.16,3,117,741,525,0,19.1,58.64,963,117,741,0,525,28,64,6.800000000000001
2010,3,13,6,30,41.68,0.16,3.1,132,836,756,0,18.400000000000002,48.45,962,132,836,0,756,30.5,63,6.6000000000000005
2010,3,13,7,30,26.93,0.16,3.1,142,887,932,0,18,42.15,961,142,887,0,932,32.5,62,6.2
2010,3,13,8,30,12.76,0.16,3.1,145,914,1036,0,17.5,37.62,960,145,914,0,1036,34,61,6
2010,3,13,9,30,7.0600000000000005,0.16,3.2,136,929,1058,0,16.7,33.84,958,136,929,0,1058,35,61,5.7
2010,3,13,10,30,19.66,0.16,3.3000000000000003,133,915,994,0,15.9,31.21,957,133,915,0,994,35.5,62,5.5
2010,3,13,11,30,34.24,0.16,3.3000000000000003,126,881,855,1,15.200000000000001,30.03,957,126,881,0,855,35.4,63,5.300000000000001
2010,3,13,12,30,49.07,0.16,3.4000000000000004,122,797,644,0,14.700000000000001,30.36,957,122,797,0,644,34.6,65,5.1000000000000005
2010,3,13,13,30,63.97,0.16,3.4000000000000004,103,662,394,0,14.4,32.730000000000004,957,103,662,0,394,32.9,68,4.2
2010,3,13,14,30,78.87,0.16,3.5,63,376,136,0,15.600000000000001,42.25,957,63,376,0,136,29.8,71,2.9000000000000004
2010,3,13,15,30,93.9,0.16,3.4000000000000004,0,0,0,0,17.5,54.52,958,0,0,0,0,27.5,73,2.5
2010,3,13,16,30,108.87,0.16,3.4000000000000004,0,0,0,0,17.3,56.480000000000004,959,0,0,0,0,26.700000000000003,75,2.7
2010,3,13,17,30,123.84,0.16,3.5,0,0,0,0,17.5,60.08,959,0,0,0,0,25.8,79,3
2010,3,13,18,30,138.82,0.16,3.5,0,0,0,0,18,64.58,960,0,0,0,0,25.1,86,3.3000000000000003
2010,3,13,19,30,153.8,0.16,3.6,0,0,0,0,18.8,71.39,960,0,0,0,0,24.3,93,3.3000000000000003
2010,3,13,20,30,168.78,0.16,3.6,0,0,0,0,19.8,79.44,959,0,0,0,0,23.6,97,3.2
2010,3,13,21,30,176.21,0.16,3.5,0,0,0,0,20.700000000000003,86.98,959,0,0,0,0,23,94,3.1
2010,3,13,22,30,161.24,0.16,3.4000000000000004,0,0,0,0,21.200000000000003,92.55,958,0,0,0,0,22.5,89,3
2010,3,13,23,30,146.26,0.16,3.2,0,0,0,0,21.5,96.2,958,0,0,0,0,22.1,83,2.8000000000000003
2010,3,14,0,30,131.28,0.15,3.1,0,0,0,0,21.5,99.25,958,0,0,0,0,21.6,78,2.7
2010,3,14,1,30,116.3,0.15,2.9000000000000004,0,0,0,0,21.200000000000003,100,959,0,0,0,0,21.200000000000003,74,2.7
2010,3,14,2,30,101.33,0.15,2.9000000000000004,0,0,0,0,21.200000000000003,99.99000000000001,959,0,0,0,0,21.200000000000003,69,3.2
2010,3,14,3,30,86.18,0.15,2.8000000000000003,27,92,33,0,21,90.60000000000001,960,27,92,0,33,22.6,65,4.7
2010,3,14,4,30,71.36,0.15,2.8000000000000003,92,539,265,0,20.3,73.3,961,92,539,0,265,25.400000000000002,62,6
2010,3,14,5,30,56.44,0.15,2.8000000000000003,121,736,527,0,18.7,55.29,961,121,736,0,527,28.5,59,6.6000000000000005
2010,3,14,6,30,41.56,0.15,2.9000000000000004,145,815,755,0,17.400000000000002,43.58,961,145,815,0,755,31.200000000000003,55,6.9
2010,3,14,7,30,26.78,0.15,2.9000000000000004,154,870,930,0,16.6,36.92,960,154,870,0,930,33.300000000000004,53,6.9
2010,3,14,8,30,12.51,0.15,3.1,155,897,1031,0,15.8,32.31,958,155,897,0,1031,34.800000000000004,53,6.800000000000001
2010,3,14,9,30,6.7700000000000005,0.15,3.2,144,917,1054,0,15.100000000000001,29.37,957,144,917,0,1054,35.7,55,6.5
2010,3,14,10,30,19.61,0.15,3.4000000000000004,137,906,990,0,14.600000000000001,27.75,956,137,906,0,990,36.1,58,6.1000000000000005
2010,3,14,11,30,34.25,0.15,3.5,127,874,849,0,14.4,27.580000000000002,956,127,874,0,849,36,61,5.800000000000001
2010,3,14,12,30,49.1,0.15,3.7,113,809,643,0,14.600000000000001,29.19,956,113,809,0,643,35.2,66,5.5
2010,3,14,13,30,64.01,0.15,3.9000000000000004,96,678,393,3,15.100000000000001,33.34,956,224,32,0,238,33.4,72,4.7
2010,3,14,14,30,78.91,0.15,4.1000000000000005,60,388,135,0,16.6,42.61,957,60,388,0,135,30.8,78,3.6
2010,3,14,15,30,93.95,0.15,4.3,0,0,0,7,18.5,53.300000000000004,957,0,0,0,0,29,84,3.6
2010,3,14,16,30,108.92,0.15,4.5,0,0,0,3,19.200000000000003,58.02,958,0,0,0,0,28.200000000000003,89,4.1000000000000005
2010,3,14,17,30,123.9,0.15,4.7,0,0,0,3,20,64.26,959,0,0,0,0,27.3,91,4.3
2010,3,14,18,30,138.88,0.15,4.800000000000001,0,0,0,3,20.6,70.33,959,0,0,0,0,26.400000000000002,92,4.3
2010,3,14,19,30,153.86,0.15,4.9,0,0,0,0,20.900000000000002,75.51,959,0,0,0,0,25.6,92,4
2010,3,14,20,30,168.83,0.15,4.9,0,0,0,0,21.200000000000003,79.12,959,0,0,0,0,25.1,91,3.7
2010,3,14,21,30,176.08,0.15,5,0,0,0,0,21.5,82.31,959,0,0,0,0,24.700000000000003,87,3.4000000000000004
2010,3,14,22,30,161.16,0.15,4.9,0,0,0,0,21.700000000000003,85.29,958,0,0,0,0,24.3,81,3.4000000000000004
2010,3,14,23,30,146.18,0.15,4.800000000000001,0,0,0,7,21.8,87.43,958,0,0,0,0,24,73,3.4000000000000004
2010,3,15,0,30,131.2,0.15,4.7,0,0,0,7,21.8,88.56,959,0,0,0,0,23.8,67,3.4000000000000004
2010,3,15,1,30,116.22,0.15,4.6000000000000005,0,0,0,3,21.700000000000003,89.01,959,0,0,0,0,23.6,62,3.4000000000000004
2010,3,15,2,30,101.24000000000001,0.15,4.6000000000000005,0,0,0,8,21.5,88.47,960,0,0,0,0,23.5,58,3.5
2010,3,15,3,30,86.09,0.15,4.5,26,151,36,4,21.200000000000003,83.05,961,20,0,7,20,24.3,57,4.5
2010,3,15,4,30,71.26,0.15,4.5,80,572,264,5,20.6,72.81,961,55,0,0,55,25.900000000000002,59,5.800000000000001
2010,3,15,5,30,56.34,0.15,4.5,108,742,520,8,20,62.34,962,261,154,0,347,27.900000000000002,63,6.4
2010,3,15,6,30,41.44,0.15,4.5,128,824,746,7,19.700000000000003,55.25,961,269,483,0,631,29.6,66,6.4
2010,3,15,7,30,26.63,0.15,4.5,140,869,917,7,19.6,51.43,960,164,801,0,880,30.8,68,6.2
2010,3,15,8,30,12.280000000000001,0.15,4.5,147,890,1016,0,19.6,49.1,959,147,890,0,1016,31.6,70,5.800000000000001
2010,3,15,9,30,6.48,0.15,4.5,164,873,1031,0,19.6,47.38,958,164,873,0,1031,32.2,70,5.5
2010,3,15,10,30,19.57,0.15,4.6000000000000005,159,858,968,1,19.5,46.050000000000004,957,159,858,0,968,32.6,71,5.1000000000000005
2010,3,15,11,30,34.25,0.15,4.6000000000000005,149,824,830,0,19.3,45.04,956,149,824,0,830,32.800000000000004,73,4.800000000000001
2010,3,15,12,30,49.120000000000005,0.15,4.7,125,773,631,8,19.1,45.550000000000004,956,234,506,7,566,32.4,77,4.5
2010,3,15,13,30,64.04,0.15,4.800000000000001,102,648,385,1,19.1,48.32,957,102,648,0,385,31.3,83,3.7
2010,3,15,14,30,78.96000000000001,0.15,4.9,62,366,132,7,19.8,56.71,957,96,75,7,110,29.3,90,2.7
2010,3,15,15,30,94,0.15,4.9,0,0,0,0,21.1,66.93,958,0,0,0,0,27.8,97,2.5
2010,3,15,16,30,108.97,0.15,4.9,0,0,0,7,20.900000000000002,68.55,959,0,0,0,0,27.200000000000003,102,3.3000000000000003
2010,3,15,17,30,123.95,0.15,5,0,0,0,0,21,71.63,960,0,0,0,0,26.5,106,4.1000000000000005
2010,3,15,18,30,138.93,0.15,5.1000000000000005,0,0,0,1,21.400000000000002,77.18,960,0,0,0,0,25.700000000000003,108,4.4
2010,3,15,19,30,153.91,0.15,5.2,0,0,0,7,22,83.42,960,0,0,0,0,25,107,4.3
2010,3,15,20,30,168.86,0.15,5.2,0,0,0,7,22.5,88.79,960,0,0,0,0,24.5,105,4
2010,3,15,21,30,175.92000000000002,0.15,5.2,0,0,0,8,22.900000000000002,92.56,959,0,0,0,0,24.200000000000003,104,3.7
2010,3,15,22,30,161.07,0.15,5.2,0,0,0,5,23.200000000000003,95.68,959,0,0,0,0,23.900000000000002,102,3.5
2010,3,15,23,30,146.09,0.15,5.1000000000000005,0,0,0,7,23.3,96.77,959,0,0,0,0,23.8,100,3.6
2010,3,16,0,30,131.11,0.15,5,0,0,0,0,23.200000000000003,97.17,960,0,0,0,0,23.700000000000003,96,3.8000000000000003
2010,3,16,1,30,116.13,0.15,4.9,0,0,0,0,23.1,97.08,960,0,0,0,0,23.6,93,4
2010,3,16,2,30,101.15,0.15,4.7,0,0,0,0,23,96.44,961,0,0,0,0,23.6,90,4.1000000000000005
2010,3,16,3,30,86,0.15,4.5,26,155,37,0,22.900000000000002,90.55,961,26,155,0,37,24.5,89,4.800000000000001
2010,3,16,4,30,71.17,0.15,4.3,71,620,271,3,22.200000000000003,77.22,962,77,0,7,77,26.5,88,5.5
2010,3,16,5,30,56.230000000000004,0.15,4.2,85,809,535,1,20.900000000000002,62.06,962,85,809,0,535,28.900000000000002,90,5.800000000000001
2010,3,16,6,30,41.32,0.15,4.1000000000000005,90,900,766,0,19.6,49.49,961,90,900,0,766,31.400000000000002,91,5.800000000000001
2010,3,16,7,30,26.490000000000002,0.15,4,95,943,940,0,18.8,42.36,960,95,943,0,940,33.300000000000004,91,5.7
2010,3,16,8,30,12.05,0.15,4,99,963,1040,0,18.400000000000002,37.910000000000004,958,99,963,0,1040,34.800000000000004,92,5.5
2010,3,16,9,30,6.22,0.15,4.1000000000000005,104,959,1057,0,18.1,35.36,957,104,959,0,1057,35.800000000000004,93,5.300000000000001
2010,3,16,10,30,19.54,0.15,4.1000000000000005,101,949,995,0,17.900000000000002,34.2,956,101,949,0,995,36.2,95,5.1000000000000005
2010,3,16,11,30,34.27,0.15,4.2,95,918,854,0,17.7,34.15,956,95,918,0,854,36,97,4.9
2010,3,16,12,30,49.15,0.15,4.3,86,862,650,0,17.6,35.49,956,86,862,0,650,35.1,100,4.800000000000001
2010,3,16,13,30,64.08,0.15,4.4,73,750,401,1,17.5,38.660000000000004,956,73,750,0,401,33.5,104,4.1000000000000005
2010,3,16,14,30,79,0.15,4.5,48,489,141,1,18.3,46.800000000000004,957,48,489,0,141,31,110,3
2010,3,16,15,30,94.05,0.15,4.6000000000000005,0,0,0,8,20,57.99,958,0,0,0,0,29.1,116,3
2010,3,16,16,30,109.03,0.15,4.7,0,0,0,0,19.900000000000002,61.2,959,0,0,0,0,28.1,119,3.7
2010,3,16,17,30,124.01,0.15,4.7,0,0,0,7,20.200000000000003,66.47,960,0,0,0,0,27,120,3.9000000000000004
2010,3,16,18,30,138.99,0.15,4.7,0,0,0,0,20.700000000000003,72.91,960,0,0,0,0,25.900000000000002,120,3.7
2010,3,16,19,30,153.96,0.15,4.7,0,0,0,0,21.200000000000003,79.25,960,0,0,0,0,25,119,3.3000000000000003
2010,3,16,20,30,168.88,0.15,4.7,0,0,0,0,21.6,84.89,960,0,0,0,0,24.3,117,3.1
2010,3,16,21,30,175.72,0.15,4.6000000000000005,0,0,0,0,22,89.60000000000001,959,0,0,0,0,23.8,114,2.9000000000000004
2010,3,16,22,30,160.96,0.15,4.5,0,0,0,0,22.400000000000002,93.89,959,0,0,0,0,23.400000000000002,110,2.9000000000000004
2010,3,16,23,30,146,0.15,4.5,0,0,0,0,22.700000000000003,96.73,959,0,0,0,0,23.200000000000003,107,3
2010,3,17,0,30,131.02,0.15,4.4,0,0,0,0,22.8,98.3,959,0,0,0,0,23.1,103,3.2
2010,3,17,1,30,116.04,0.15,4.3,0,0,0,0,22.900000000000002,99.4,960,0,0,0,0,23,101,3.3000000000000003
2010,3,17,2,30,101.06,0.15,4.2,0,0,0,0,22.900000000000002,98.25,960,0,0,0,0,23.200000000000003,99,3.6
2010,3,17,3,30,85.91,0.15,4.1000000000000005,23,276,42,0,22.900000000000002,91.39,961,23,276,0,42,24.400000000000002,98,4.3
2010,3,17,4,30,71.07000000000001,0.15,4,56,698,283,1,22.400000000000002,77.09,961,56,698,0,283,26.700000000000003,98,5
2010,3,17,5,30,56.13,0.15,4,72,844,543,0,21,60.63,961,72,844,0,543,29.400000000000002,98,5.2
2010,3,17,6,30,41.2,0.15,4,89,902,768,0,19.700000000000003,48.81,961,89,902,0,768,31.8,99,5.2
2010,3,17,7,30,26.35,0.15,4,99,937,938,0,18.7,41.22,960,99,937,0,938,33.7,101,5
2010,3,17,8,30,11.83,0.15,4,106,952,1037,0,18.1,36.68,958,106,952,0,1037,35.1,102,4.800000000000001
2010,3,17,9,30,5.96,0.15,4.1000000000000005,123,931,1049,0,17.8,34.53,957,123,931,0,1049,35.9,102,4.7
2010,3,17,10,30,19.51,0.15,4.2,123,912,983,0,17.8,34,956,123,912,0,983,36.1,102,4.6000000000000005
2010,3,17,11,30,34.28,0.15,4.2,119,876,842,0,17.8,34.93,956,119,876,0,842,35.7,103,4.5
2010,3,17,12,30,49.19,0.15,4.3,108,810,638,0,18,37.38,956,108,810,0,638,34.7,103,4.4
2010,3,17,13,30,64.13,0.15,4.4,89,689,390,0,18.400000000000002,42.410000000000004,956,89,689,0,390,32.800000000000004,106,3.8000000000000003
2010,3,17,14,30,79.05,0.15,4.4,55,423,135,3,20,54.38,957,17,0,0,17,30.200000000000003,112,2.9000000000000004
2010,3,17,15,30,94.10000000000001,0.15,4.5,0,0,0,3,21.400000000000002,66.24,958,0,0,0,0,28.3,119,3.1
2010,3,17,16,30,109.08,0.15,4.6000000000000005,0,0,0,8,21.200000000000003,68.77,958,0,0,0,0,27.400000000000002,122,3.9000000000000004
2010,3,17,17,30,124.06,0.15,4.7,0,0,0,7,21.400000000000002,74.66,959,0,0,0,0,26.3,123,4.1000000000000005
2010,3,17,18,30,139.03,0.15,4.800000000000001,0,0,0,7,21.900000000000002,81.34,960,0,0,0,0,25.3,123,3.9000000000000004
2010,3,17,19,30,154,0.15,4.9,0,0,0,8,22.3,86.96000000000001,960,0,0,0,0,24.6,122,3.6
2010,3,17,20,30,168.89000000000001,0.15,4.9,0,0,0,0,22.700000000000003,91.67,959,0,0,0,0,24.1,121,3.6
2010,3,17,21,30,175.49,0.15,4.9,0,0,0,0,23,95.52,959,0,0,1,0,23.8,120,3.6
2010,3,17,22,30,160.85,0.15,4.9,0,0,0,0,23.3,97.71000000000001,958,0,0,1,0,23.700000000000003,118,3.8000000000000003
2010,3,17,23,30,145.91,0.15,4.9,0,0,0,1,23.400000000000002,98.37,958,0,0,0,0,23.700000000000003,115,4
2010,3,18,0,30,130.93,0.15,4.800000000000001,0,0,0,7,23.400000000000002,98.93,959,0,0,0,0,23.6,113,4
2010,3,18,1,30,115.95,0.15,4.800000000000001,0,0,0,1,23.400000000000002,98.66,959,0,0,1,0,23.6,111,3.9000000000000004
2010,3,18,2,30,100.97,0.15,4.800000000000001,0,0,0,1,23.400000000000002,97.94,960,0,0,0,0,23.700000000000003,108,3.9000000000000004
2010,3,18,3,30,85.82000000000001,0.15,4.800000000000001,24,249,42,1,23.400000000000002,92.8,961,24,249,0,42,24.6,105,4.6000000000000005
2010,3,18,4,30,70.97,0.15,4.800000000000001,61,670,279,0,22.900000000000002,81.04,961,61,670,0,279,26.400000000000002,103,5.300000000000001
2010,3,18,5,30,56.03,0.15,4.800000000000001,77,824,537,0,21.900000000000002,67.09,962,77,824,0,537,28.6,103,5.6000000000000005
2010,3,18,6,30,41.09,0.15,4.800000000000001,87,897,763,0,21.1,57.34,961,87,897,0,763,30.5,103,5.6000000000000005
2010,3,18,7,30,26.21,0.15,4.800000000000001,96,933,933,0,21,52.42,961,96,933,0,933,31.900000000000002,103,5.5
2010,3,18,8,30,11.63,0.15,4.800000000000001,102,949,1031,0,20.900000000000002,50.07,960,102,949,1,1031,32.7,104,5.300000000000001
2010,3,18,9,30,5.73,0.15,4.800000000000001,108,944,1047,0,20.900000000000002,49.1,959,108,944,1,1047,33,105,5.1000000000000005
2010,3,18,10,30,19.5,0.15,4.800000000000001,106,931,984,0,20.8,49.43,958,106,931,1,984,32.800000000000004,107,4.9
2010,3,18,11,30,34.31,0.15,4.800000000000001,100,901,845,0,20.8,51.300000000000004,958,100,901,0,845,32.1,109,4.7
2010,3,18,12,30,49.230000000000004,0.15,4.800000000000001,101,823,638,8,20.900000000000002,55.17,958,272,312,7,476,30.900000000000002,112,4.3
2010,3,18,13,30,64.17,0.15,4.9,82,710,391,8,21.1,60.7,958,184,45,0,204,29.5,116,3.6
2010,3,18,14,30,79.10000000000001,0.15,4.9,51,451,136,9,22.1,71.23,959,22,0,0,22,27.8,121,2.8000000000000003
2010,3,18,15,30,94.15,0.15,4.9,0,0,0,6,22.900000000000002,80.17,960,0,0,0,0,26.6,125,2.8000000000000003
2010,3,18,16,30,109.13,0.15,4.9,0,0,0,6,22.900000000000002,83.19,960,0,0,0,0,26,127,3.2
2010,3,18,17,30,124.11,0.15,4.9,0,0,0,6,23.1,87.48,961,0,0,0,0,25.3,127,3.3000000000000003
2010,3,18,18,30,139.08,0.15,5,0,0,0,6,23.200000000000003,92.04,961,0,0,0,0,24.6,126,3.3000000000000003
2010,3,18,19,30,154.03,0.15,5,0,0,0,6,23.3,96.05,961,0,0,0,0,24,124,3.2
2010,3,18,20,30,168.88,0.15,4.9,0,0,0,9,23.400000000000002,98.76,960,0,0,0,0,23.6,122,3
2010,3,18,21,30,175.25,0.15,4.9,0,0,0,9,23.3,100,959,0,0,0,0,23.3,119,2.8000000000000003
2010,3,18,22,30,160.73,0.15,4.800000000000001,0,0,0,7,23.3,100,959,0,0,0,0,23.3,117,2.8000000000000003
2010,3,18,23,30,145.8,0.15,4.7,0,0,0,7,23.200000000000003,100,959,0,0,0,0,23.200000000000003,114,3
2010,3,19,0,30,130.84,0.15,4.6000000000000005,0,0,0,7,23.1,100,959,0,0,0,0,23.1,110,3.1
2010,3,19,1,30,115.86,0.15,4.6000000000000005,0,0,0,7,23,100,959,0,0,0,0,23,107,2.9000000000000004
2010,3,19,2,30,100.88,0.15,4.6000000000000005,0,0,0,7,23.200000000000003,100,960,0,0,0,0,23.200000000000003,103,2.9000000000000004
2010,3,19,3,30,85.73,0.15,4.7,25,229,42,7,23.3,94.2,961,29,2,7,29,24.3,99,3.5
2010,3,19,4,30,70.87,0.15,4.800000000000001,65,652,278,3,23.200000000000003,82.57000000000001,962,133,6,0,134,26.400000000000002,97,4.3
2010,3,19,5,30,55.92,0.15,4.9,82,809,536,8,22.700000000000003,71.31,962,246,206,0,361,28.400000000000002,96,4.6000000000000005
2010,3,19,6,30,40.980000000000004,0.15,5,99,873,758,7,22.400000000000002,64.06,962,328,165,0,452,29.900000000000002,96,4.6000000000000005
2010,3,19,7,30,26.080000000000002,0.15,5,108,912,927,7,22.3,60.5,961,290,531,0,768,30.8,95,4.4
2010,3,19,8,30,11.42,0.15,5.1000000000000005,114,928,1024,7,22.3,58.870000000000005,960,276,609,0,872,31.3,95,4.2
2010,3,19,9,30,5.51,0.15,5.2,142,894,1032,6,22.3,58.4,959,213,1,0,214,31.400000000000002,97,4.1000000000000005
2010,3,19,10,30,19.490000000000002,0.15,5.2,146,870,966,7,22.3,59.5,958,434,151,0,576,31.1,100,4.1000000000000005
2010,3,19,11,30,34.33,0.15,5.2,141,830,826,7,22.5,63.35,958,390,116,0,486,30.200000000000003,105,4
2010,3,19,12,30,49.27,0.15,5.300000000000001,128,758,622,7,22.8,69.21000000000001,958,213,16,0,224,29,110,3.7
2010,3,19,13,30,64.22,0.15,5.300000000000001,106,625,377,9,23.200000000000003,75.98,958,8,0,0,8,27.8,116,3.2
2010,3,19,14,30,79.15,0.15,5.4,64,336,127,9,23.8,84.51,959,3,0,0,3,26.6,119,2.8000000000000003
2010,3,19,15,30,94.2,0.15,5.5,0,0,0,9,24,90.45,960,0,0,0,0,25.700000000000003,121,2.9000000000000004
2010,3,19,16,30,109.18,0.15,5.5,0,0,0,9,24,92.56,960,0,0,0,0,25.3,121,3.2
2010,3,19,17,30,124.16,0.15,5.6000000000000005,0,0,0,6,24,95.31,961,0,0,0,0,24.8,120,3.4000000000000004
2010,3,19,18,30,139.13,0.15,5.6000000000000005,0,0,0,6,23.900000000000002,96.55,961,0,0,0,0,24.5,118,3.5
2010,3,19,19,30,154.07,0.15,5.6000000000000005,0,0,0,7,23.8,98.12,961,0,0,0,0,24.1,116,3.5
2010,3,19,20,30,168.86,0.15,5.5,0,0,0,8,23.700000000000003,99.3,960,0,0,0,0,23.8,113,3.3000000000000003
2010,3,19,21,30,174.98,0.15,5.300000000000001,0,0,0,8,23.6,100,959,0,0,0,0,23.6,108,3.2
2010,3,19,22,30,160.61,0.15,5.2,0,0,0,8,23.400000000000002,100,958,0,0,0,0,23.400000000000002,104,3
2010,3,19,23,30,145.70000000000002,0.15,5.2,0,0,0,5,23.3,100,958,0,0,0,0,23.3,106,2.5
2010,3,20,0,30,130.74,0.15,5.2,0,0,0,7,23.200000000000003,100,959,0,0,0,0,23.200000000000003,110,2.1
2010,3,20,1,30,115.76,0.15,5.1000000000000005,0,0,0,7,23.1,100,960,0,0,0,0,23.1,109,2.1
2010,3,20,2,30,100.78,0.15,5.1000000000000005,0,0,0,3,23.200000000000003,100,961,0,0,0,0,23.200000000000003,105,2.3000000000000003
2010,3,20,3,30,85.64,0.15,5,28,157,40,8,23.3,97.71000000000001,961,26,1,7,26,23.700000000000003,101,3
2010,3,20,4,30,70.78,0.15,5,81,573,270,3,23.200000000000003,90.89,962,59,0,7,59,24.8,98,3.8000000000000003
2010,3,20,5,30,55.82,0.15,5,107,745,525,4,22.8,81.95,962,147,0,0,147,26.1,98,4.1000000000000005
2010,3,20,6,30,40.87,0.15,5,121,832,750,8,22.400000000000002,73.58,962,336,67,0,387,27.5,98,4.2
2010,3,20,7,30,25.95,0.15,5,130,878,920,5,22.1,67.74,961,422,22,0,442,28.700000000000003,99,4.1000000000000005
2010,3,20,8,30,11.23,0.15,5,136,898,1017,7,22,65.3,960,227,730,0,943,29.200000000000003,100,4
2010,3,20,9,30,5.32,0.15,5,141,896,1034,0,22,64.96000000000001,959,141,896,0,1034,29.3,101,3.9000000000000004
2010,3,20,10,30,19.490000000000002,0.15,5.1000000000000005,138,882,969,7,22.1,65.54,959,280,573,0,820,29.200000000000003,102,3.9000000000000004
2010,3,20,11,30,34.37,0.15,5.1000000000000005,129,849,830,7,22,66.47,958,319,422,0,667,28.900000000000002,105,3.7
2010,3,20,12,30,49.31,0.15,5.1000000000000005,187,634,600,7,22,68.60000000000001,958,322,229,0,471,28.3,109,3.4000000000000004
2010,3,20,13,30,64.27,0.15,5.1000000000000005,142,506,362,7,22.1,73.41,959,210,59,0,235,27.3,117,2.8000000000000003
2010,3,20,14,30,79.2,0.15,5.1000000000000005,73,256,121,9,22.8,83.28,959,3,0,0,3,25.900000000000002,128,2.3000000000000003
2010,3,20,15,30,94.25,0.15,5,0,0,0,6,23.3,91.34,960,0,0,0,0,24.8,138,2.3000000000000003
2010,3,20,16,30,109.23,0.15,4.9,0,0,0,6,23.3,94.26,960,0,0,0,0,24.3,142,2.6
2010,3,20,17,30,124.21000000000001,0.15,4.800000000000001,0,0,0,6,23.400000000000002,97.26,961,0,0,0,0,23.900000000000002,143,2.7
2010,3,20,18,30,139.17000000000002,0.15,4.7,0,0,0,6,23.5,100,961,0,0,0,0,23.5,142,2.6
2010,3,20,19,30,154.09,0.15,4.6000000000000005,0,0,0,7,23.3,100,961,0,0,0,0,23.3,140,2.5
2010,3,20,20,30,168.83,0.15,4.5,0,0,0,7,23.1,100,960,0,0,0,0,23.1,138,2.4000000000000004
2010,3,20,21,30,174.69,0.15,4.4,0,0,0,7,23,100,960,0,0,0,0,23,135,2.1
2010,3,20,22,30,160.47,0.15,4.3,0,0,0,7,22.900000000000002,100,959,0,0,0,0,22.900000000000002,131,1.9000000000000001
2010,3,20,23,30,145.59,0.15,4.1000000000000005,0,0,0,4,22.700000000000003,100,959,0,0,0,0,22.700000000000003,128,1.9000000000000001
2010,3,21,0,30,130.64000000000001,0.15,4,0,0,0,8,22.6,100,959,0,0,0,0,22.6,123,1.8
2010,3,21,1,30,115.67,0.15,3.9000000000000004,0,0,0,3,22.5,100,960,0,0,0,0,22.5,118,1.8
2010,3,21,2,30,100.69,0.15,3.8000000000000003,0,0,0,3,22.700000000000003,100,960,0,0,0,0,22.700000000000003,112,2.1
2010,3,21,3,30,85.54,0.15,3.8000000000000003,27,233,45,7,23.1,96.31,961,28,2,7,28,23.700000000000003,105,3
2010,3,21,4,30,70.68,0.15,3.7,69,648,283,0,23,86.03,961,69,648,0,283,25.5,99,3.9000000000000004
2010,3,21,5,30,55.72,0.15,3.7,92,799,542,0,22.200000000000003,72.65,962,92,799,0,542,27.6,96,4.1000000000000005
2010,3,21,6,30,40.77,0.15,3.7,130,830,758,0,21.3,61.07,961,130,830,0,758,29.6,94,4.1000000000000005
2010,3,21,7,30,25.830000000000002,0.15,3.7,150,861,925,0,20.6,53.08,961,150,861,0,925,31.3,93,4
2010,3,21,8,30,11.06,0.15,3.8000000000000003,167,867,1018,0,20,48.03,960,167,867,0,1018,32.4,93,3.8000000000000003
2010,3,21,9,30,5.15,0.15,3.8000000000000003,174,863,1033,2,19.400000000000002,44.31,959,556,208,0,763,33.2,96,3.6
2010,3,21,10,30,19.5,0.15,3.9000000000000004,182,831,965,0,18.900000000000002,42.64,958,182,831,0,965,33.300000000000004,100,3.6
2010,3,21,11,30,34.4,0.15,4,179,777,820,0,18.5,42.39,958,179,777,0,820,33,106,3.6
2010,3,21,12,30,49.36,0.15,4,164,691,614,3,18.2,43.78,958,40,0,7,40,32.1,113,3.6
2010,3,21,13,30,64.32000000000001,0.15,4,134,542,369,4,18.2,48.18,958,57,0,0,57,30.400000000000002,124,3.2
2010,3,21,14,30,79.25,0.15,4.1000000000000005,72,267,122,5,19.700000000000003,61.2,958,61,0,0,61,27.900000000000002,136,2.9000000000000004
2010,3,21,15,30,94.31,0.15,4.1000000000000005,0,0,0,8,20.700000000000003,72.14,959,0,0,0,0,26.1,142,3.1
2010,3,21,16,30,109.28,0.15,4.1000000000000005,0,0,0,0,21.1,78.32000000000001,960,0,0,0,0,25.1,143,3.4000000000000004
2010,3,21,17,30,124.25,0.15,4.2,0,0,0,1,21.6,85.68,961,0,0,0,0,24.200000000000003,142,3.4000000000000004
2010,3,21,18,30,139.21,0.15,4.2,0,0,0,0,22.1,91.48,961,0,0,0,0,23.6,140,3.2
2010,3,21,19,30,154.11,0.15,4.2,0,0,0,0,22.5,97.12,961,0,0,0,0,23,137,2.8000000000000003
2010,3,21,20,30,168.78,0.15,4.1000000000000005,0,0,0,1,22.700000000000003,100,960,0,0,0,0,22.700000000000003,134,2.4000000000000004
2010,3,21,21,30,174.39000000000001,0.15,4.1000000000000005,0,0,0,0,22.6,100,959,0,0,0,0,22.6,132,2.1
2010,3,21,22,30,160.33,0.15,4,0,0,0,0,22.6,100,959,0,0,0,0,22.6,129,1.9000000000000001
2010,3,21,23,30,145.47,0.15,4,0,0,0,0,22.5,100,958,0,0,0,0,22.5,127,1.7000000000000002
2010,3,22,0,30,130.53,0.14,4,0,0,0,0,22.400000000000002,100,958,0,0,0,0,22.400000000000002,126,1.6
2010,3,22,1,30,115.57000000000001,0.14,4,0,0,0,0,22.3,100,959,0,0,0,0,22.3,124,1.5
2010,3,22,2,30,100.59,0.14,4,0,0,0,0,22.5,100,959,0,0,0,0,22.5,119,1.6
2010,3,22,3,30,85.45,0.14,3.9000000000000004,31,115,40,0,22.8,95.66,960,31,115,0,40,23.5,114,2.2
2010,3,22,4,30,70.59,0.14,3.9000000000000004,97,517,269,0,22.5,84.64,960,97,517,0,269,25.3,110,2.7
2010,3,22,5,30,55.63,0.14,3.9000000000000004,126,706,524,0,21.8,70.63,960,126,706,0,524,27.6,105,2.8000000000000003
2010,3,22,6,30,40.660000000000004,0.14,3.9000000000000004,146,796,749,0,20.400000000000002,56.54,960,146,796,0,749,30,99,2.9000000000000004
2010,3,22,7,30,25.72,0.14,3.9000000000000004,160,841,918,0,19.700000000000003,49.03,959,160,841,0,918,31.700000000000003,93,2.8000000000000003
2010,3,22,8,30,10.89,0.14,3.9000000000000004,169,862,1015,0,19.3,44.49,958,169,862,0,1015,33,90,2.8000000000000003
2010,3,22,9,30,5.01,0.14,3.9000000000000004,138,910,1044,0,19,41.86,957,138,910,0,1044,33.7,89,2.8000000000000003
2010,3,22,10,30,19.52,0.14,3.9000000000000004,136,895,979,0,18.6,40.44,956,136,895,0,979,33.9,91,2.8000000000000003
2010,3,22,11,30,34.45,0.14,3.9000000000000004,130,858,838,0,18.3,40.33,955,130,858,0,838,33.6,94,2.8000000000000003
2010,3,22,12,30,49.410000000000004,0.14,4,123,778,629,0,18,41.65,955,123,778,0,629,32.7,99,2.7
2010,3,22,13,30,64.37,0.14,4,101,650,382,2,18.1,46.44,955,236,57,0,260,30.900000000000002,109,2.2
2010,3,22,14,30,79.3,0.14,3.9000000000000004,60,373,129,3,20.6,62.01,956,35,0,0,35,28.6,122,1.6
2010,3,22,15,30,94.36,0.14,3.9000000000000004,0,0,0,3,21.8,73.81,956,0,0,0,0,26.900000000000002,133,1.8
2010,3,22,16,30,109.33,0.14,3.9000000000000004,0,0,0,3,21.200000000000003,75.18,957,0,0,0,0,25.900000000000002,138,2.6
2010,3,22,17,30,124.3,0.14,4,0,0,0,3,21.200000000000003,80.06,958,0,0,0,0,24.900000000000002,136,3.4000000000000004
2010,3,22,18,30,139.25,0.14,4,0,0,0,0,21.900000000000002,88.01,958,0,0,0,0,24,131,3.8000000000000003
2010,3,22,19,30,154.13,0.14,4.1000000000000005,0,0,0,3,22.6,95.12,958,0,0,0,0,23.400000000000002,125,3.5
2010,3,22,20,30,168.72,0.14,4,0,0,0,3,22.900000000000002,98.87,958,0,0,0,0,23.1,121,3.1
2010,3,22,21,30,174.07,0.14,3.9000000000000004,0,0,0,0,22.900000000000002,99.95,957,0,0,0,0,22.900000000000002,118,2.7
2010,3,22,22,30,160.18,0.14,3.8000000000000003,0,0,0,0,22.700000000000003,100,957,0,0,0,0,22.700000000000003,115,2.5
2010,3,22,23,30,145.36,0.14,3.7,0,0,0,0,22.6,100,956,0,0,0,0,22.6,114,2.4000000000000004
2010,3,23,0,30,130.43,0.15,3.7,0,0,0,0,22.5,100,957,0,0,0,0,22.5,112,2.4000000000000004
2010,3,23,1,30,115.47,0.15,3.6,0,0,0,0,22.400000000000002,100,957,0,0,0,0,22.400000000000002,110,2.4000000000000004
2010,3,23,2,30,100.49000000000001,0.15,3.6,0,0,0,0,22.5,99.41,958,0,0,0,0,22.6,107,2.7
2010,3,23,3,30,85.36,0.15,3.6,30,186,45,0,22.5,93.4,958,30,186,0,45,23.6,103,3.5
2010,3,23,4,30,70.49,0.15,3.6,83,588,279,0,22.1,82.11,959,83,588,0,279,25.400000000000002,99,4.1000000000000005
2010,3,23,5,30,55.53,0.15,3.6,111,751,536,0,21.5,69.77,959,111,751,0,536,27.5,95,4.3
2010,3,23,6,30,40.56,0.15,3.7,137,817,757,0,20.900000000000002,59.74,959,137,817,0,757,29.6,91,4.2
2010,3,23,7,30,25.6,0.15,3.8000000000000003,149,860,925,0,20.5,52.64,958,149,860,0,925,31.3,87,4
2010,3,23,8,30,10.73,0.15,3.9000000000000004,157,880,1021,0,20.1,47.660000000000004,956,157,880,0,1021,32.6,83,3.7
2010,3,23,9,30,4.9,0.15,3.9000000000000004,167,870,1034,0,19.6,44.410000000000004,955,167,870,0,1034,33.4,79,3.5
2010,3,23,10,30,19.55,0.15,3.9000000000000004,161,857,969,0,19.1,42.32,954,161,857,0,969,33.7,77,3.2
2010,3,23,11,30,34.49,0.15,4,152,818,826,0,18.7,41.39,953,152,818,0,826,33.6,79,3
2010,3,23,12,30,49.46,0.15,4,138,742,621,0,18.3,41.77,953,138,742,0,621,33,84,2.8000000000000003
2010,3,23,13,30,64.42,0.15,4,112,607,374,0,18.2,45.13,953,112,607,0,374,31.5,96,2.1
2010,3,23,14,30,79.36,0.15,4,65,317,123,0,20.700000000000003,60.550000000000004,954,65,317,0,123,29.1,114,1.5
2010,3,23,15,30,94.41,0.15,4,0,0,0,0,22.200000000000003,73.28,955,0,0,0,0,27.400000000000002,131,1.7000000000000002
2010,3,23,16,30,109.38,0.15,4.1000000000000005,0,0,0,0,21.6,74.49,955,0,0,0,0,26.5,139,2.4000000000000004
2010,3,23,17,30,124.35000000000001,0.15,4.1000000000000005,0,0,0,0,21.6,79.59,956,0,0,0,0,25.400000000000002,140,3.3000000000000003
2010,3,23,18,30,139.28,0.15,4.2,0,0,0,0,22.1,87.27,957,0,0,0,0,24.400000000000002,137,3.8000000000000003
2010,3,23,19,30,154.14000000000001,0.15,4.2,0,0,0,0,22.700000000000003,94.02,957,0,0,0,0,23.700000000000003,132,3.6
2010,3,23,20,30,168.64000000000001,0.15,4.2,0,0,0,0,23,98.2,956,0,0,0,0,23.3,127,3.1
2010,3,23,21,30,173.75,0.15,4.2,0,0,0,0,23.1,99.95,956,0,0,0,0,23.1,122,2.8000000000000003
2010,3,23,22,30,160.03,0.15,4.1000000000000005,0,0,0,0,22.900000000000002,99.52,955,0,0,0,0,23,118,2.9000000000000004
2010,3,23,23,30,145.23,0.15,4,0,0,0,0,22.8,99.78,955,0,0,0,0,22.8,115,2.9000000000000004
2010,3,24,0,30,130.32,0.15,3.9000000000000004,0,0,0,0,22.700000000000003,100,956,0,0,0,0,22.700000000000003,111,2.8000000000000003
2010,3,24,1,30,115.37,0.15,3.9000000000000004,0,0,0,0,22.6,100,957,0,0,0,0,22.6,108,2.6
2010,3,24,2,30,100.4,0.15,3.8000000000000003,0,0,0,0,22.700000000000003,99.7,957,0,0,0,0,22.700000000000003,105,2.8000000000000003
2010,3,24,3,30,85.26,0.15,3.7,32,138,43,0,22.700000000000003,94.13,958,32,138,0,43,23.700000000000003,102,3.6
2010,3,24,4,30,70.4,0.15,3.6,93,544,275,0,22.3,81.71000000000001,959,93,544,0,275,25.700000000000003,97,4.2
2010,3,24,5,30,55.43,0.15,3.5,120,729,534,0,21.900000000000002,68.89,959,120,729,0,534,28.1,92,4.4
2010,3,24,6,30,40.46,0.15,3.4000000000000004,131,831,763,0,21.400000000000002,58.800000000000004,959,131,831,0,763,30.400000000000002,86,4.4
2010,3,24,7,30,25.5,0.15,3.3000000000000003,136,887,937,0,20.900000000000002,51.160000000000004,958,136,887,0,937,32.300000000000004,80,4.3
2010,3,24,8,30,10.59,0.15,3.3000000000000003,136,916,1037,0,20.3,45.38,956,136,916,0,1037,33.7,76,4.2
2010,3,24,9,30,4.82,0.15,3.3000000000000003,135,922,1054,0,19.6,41.38,955,135,922,0,1054,34.6,75,4.1000000000000005
2010,3,24,10,30,19.59,0.15,3.3000000000000003,130,911,988,0,19,39.14,954,130,911,0,988,35,75,3.9000000000000004
2010,3,24,11,30,34.54,0.15,3.3000000000000003,121,880,846,1,18.6,38.6,954,121,880,0,846,34.800000000000004,77,3.7
2010,3,24,12,30,49.51,0.15,3.4000000000000004,122,786,632,3,18.3,39.06,953,362,82,0,416,34.2,81,3.5
2010,3,24,13,30,64.48,0.15,3.4000000000000004,96,669,384,2,18.2,42.82,954,239,66,0,268,32.5,89,2.7
2010,3,24,14,30,79.41,0.15,3.5,56,397,129,0,20.6,57.64,955,56,397,0,129,29.900000000000002,105,1.8
2010,3,24,15,30,94.47,0.15,3.6,0,0,0,0,22.200000000000003,70.35000000000001,956,0,0,0,0,28.1,121,2
2010,3,24,16,30,109.43,0.15,3.7,0,0,0,3,21.8,72.84,957,0,0,0,0,27.1,129,3.1
2010,3,24,17,30,124.39,0.15,3.9000000000000004,0,0,0,3,22,78.85000000000001,958,0,0,0,0,26,131,4.1000000000000005
2010,3,24,18,30,139.31,0.15,4,0,0,0,3,22.700000000000003,86.93,959,0,0,0,0,25,129,4.4
2010,3,24,19,30,154.15,0.15,4,0,0,0,1,23.1,93.45,959,0,0,0,0,24.200000000000003,126,3.9000000000000004
2010,3,24,20,30,168.56,0.15,4,0,0,0,1,23.200000000000003,97.21000000000001,958,0,0,0,0,23.700000000000003,120,3.3000000000000003
2010,3,24,21,30,173.42000000000002,0.15,3.9000000000000004,0,0,0,0,23.200000000000003,99.08,958,0,0,0,0,23.400000000000002,114,3
2010,3,24,22,30,159.86,0.15,3.8000000000000003,0,0,0,0,23.200000000000003,99.44,957,0,0,0,0,23.3,109,2.8000000000000003
2010,3,24,23,30,145.11,0.15,3.7,0,0,0,0,23.200000000000003,100,958,0,0,0,0,23.200000000000003,105,2.8000000000000003
2010,3,25,0,30,130.21,0.15,3.5,0,0,0,0,23.1,100,958,0,0,0,0,23.1,101,3
2010,3,25,1,30,115.26,0.15,3.3000000000000003,0,0,0,0,23,100,959,0,0,0,0,23,98,3.1
2010,3,25,2,30,100.3,0.15,3.1,0,0,0,0,23.1,99.98,959,0,0,0,0,23.1,95,3.3000000000000003
2010,3,25,3,30,85.17,0.15,2.8000000000000003,31,200,48,0,23,93.3,960,31,200,0,48,24.200000000000003,93,4.1000000000000005
2010,3,25,4,30,70.3,0.15,2.6,81,619,289,1,22.5,79.18,960,81,619,0,289,26.400000000000002,92,4.6000000000000005
2010,3,25,5,30,55.34,0.15,2.6,103,789,552,1,21.900000000000002,65.61,960,103,789,0,552,29,91,4.6000000000000005
2010,3,25,6,30,40.37,0.15,2.6,116,874,782,3,20.900000000000002,53.42,960,360,11,0,369,31.5,89,4.4
2010,3,25,7,30,25.400000000000002,0.15,2.7,124,916,952,0,19.6,44.38,959,124,916,0,952,33.4,87,4.3
2010,3,25,8,30,10.46,0.15,2.9000000000000004,129,932,1046,0,18.8,38.9,957,129,932,0,1046,34.800000000000004,87,4.2
2010,3,25,9,30,4.7700000000000005,0.15,3,131,932,1060,0,18.2,35.96,956,131,932,0,1060,35.6,87,4.1000000000000005
2010,3,25,10,30,19.63,0.15,3.1,129,916,992,0,17.8,34.36,955,129,916,0,992,35.9,89,3.9000000000000004
2010,3,25,11,30,34.6,0.15,3.2,123,878,846,3,17.3,33.97,955,204,0,0,204,35.6,93,3.8000000000000003
2010,3,25,12,30,49.57,0.15,3.3000000000000003,116,799,634,3,17,34.89,955,330,62,0,371,34.7,99,3.5
2010,3,25,13,30,64.54,0.15,3.3000000000000003,96,673,385,3,16.900000000000002,39.18,955,239,35,0,254,32.6,110,2.8000000000000003
2010,3,25,14,30,79.47,0.15,3.4000000000000004,56,399,129,3,19.400000000000002,53.120000000000005,956,19,0,0,19,30,127,2.5
2010,3,25,15,30,94.52,0.15,3.5,0,0,0,3,20.400000000000002,63.52,957,0,0,0,0,28,139,3.5
2010,3,25,16,30,109.48,0.15,3.6,0,0,0,0,20.900000000000002,70.48,958,0,0,0,0,26.700000000000003,142,4.5
2010,3,25,17,30,124.43,0.15,3.7,0,0,0,0,22,81.73,959,0,0,0,0,25.3,140,4.800000000000001
2010,3,25,18,30,139.34,0.15,3.8000000000000003,0,0,0,1,22.5,89.83,960,0,0,0,0,24.3,136,4.2
2010,3,25,19,30,154.15,0.15,3.7,0,0,0,3,22.8,94.78,960,0,0,0,0,23.700000000000003,131,3.5
2010,3,25,20,30,168.46,0.15,3.7,0,0,0,7,22.900000000000002,97.57000000000001,959,0,0,0,0,23.3,127,3.2
2010,3,25,21,30,173.08,0.15,3.6,0,0,0,7,22.900000000000002,98.78,959,0,0,0,0,23.1,125,3.2
2010,3,25,22,30,159.69,0.15,3.6,0,0,0,8,22.8,98.9,959,0,0,0,0,23,123,3.2
2010,3,25,23,30,144.98,0.15,3.5,0,0,0,7,22.8,99.17,959,0,0,0,0,22.900000000000002,121,3.1
2010,3,26,0,30,130.09,0.15,3.4000000000000004,0,0,0,1,22.700000000000003,99.43,959,0,0,0,0,22.8,120,3
2010,3,26,1,30,115.16,0.15,3.3000000000000003,0,0,0,1,22.6,99.67,959,0,0,0,0,22.700000000000003,120,2.7
2010,3,26,2,30,100.2,0.15,3.3000000000000003,0,0,0,0,22.6,98.85000000000001,960,0,0,0,0,22.8,120,2.8000000000000003
2010,3,26,3,30,85.08,0.15,3.3000000000000003,31,211,49,0,22.6,92.12,961,31,211,0,49,24,120,3.3000000000000003
2010,3,26,4,30,70.21000000000001,0.15,3.3000000000000003,77,625,288,1,22.200000000000003,79.29,961,77,625,0,288,26.1,121,3.8000000000000003
2010,3,26,5,30,55.25,0.15,3.3000000000000003,97,793,549,0,21.8,66.98,961,97,793,0,549,28.5,120,3.8000000000000003
2010,3,26,6,30,40.28,0.15,3.3000000000000003,124,845,769,0,21.400000000000002,56.86,961,124,845,0,769,30.900000000000002,115,3.5
2010,3,26,7,30,25.3,0.15,3.4000000000000004,129,896,939,0,20.8,49.13,960,129,896,0,939,32.9,106,3.2
2010,3,26,8,30,10.34,0.15,3.4000000000000004,127,927,1038,0,20.200000000000003,44.08,958,127,927,0,1038,34.2,99,3
2010,3,26,9,30,4.76,0.15,3.5,147,900,1045,2,19.6,40.730000000000004,957,541,189,0,730,34.9,95,2.9000000000000004
2010,3,26,10,30,19.68,0.15,3.5,132,904,983,0,19.1,38.89,956,132,904,0,983,35.2,95,2.8000000000000003
2010,3,26,11,30,34.660000000000004,0.15,3.6,120,876,840,0,18.8,38.550000000000004,955,120,876,0,840,35,99,2.8000000000000003
2010,3,26,12,30,49.63,0.15,3.7,106,813,633,7,18.7,40.03,955,278,328,0,490,34.2,106,2.8000000000000003
2010,3,26,13,30,64.6,0.15,3.8000000000000003,86,692,383,7,18.8,43.980000000000004,955,190,54,0,214,32.6,118,2.4000000000000004
2010,3,26,14,30,79.53,0.15,3.8000000000000003,52,416,128,7,20.5,56.160000000000004,956,58,4,0,59,30.200000000000003,131,1.9000000000000001
2010,3,26,15,30,94.57000000000001,0.15,3.9000000000000004,0,0,0,7,22.200000000000003,69.06,957,0,0,0,0,28.400000000000002,143,2.1
2010,3,26,16,30,109.53,0.15,3.9000000000000004,0,0,0,7,21.8,71.32000000000001,957,0,0,0,0,27.400000000000002,148,2.9000000000000004
2010,3,26,17,30,124.47,0.15,3.9000000000000004,0,0,0,8,21.900000000000002,76.45,958,0,0,0,0,26.400000000000002,149,3.6
2010,3,26,18,30,139.36,0.15,4,0,0,0,1,22.5,84.38,958,0,0,0,0,25.3,147,3.8000000000000003
2010,3,26,19,30,154.14000000000001,0.15,4,0,0,0,0,23.1,91.69,958,0,0,0,0,24.5,144,3.4000000000000004
2010,3,26,20,30,168.35,0.15,4,0,0,0,0,23.400000000000002,97.22,958,0,0,0,0,23.900000000000002,141,2.9000000000000004
2010,3,26,21,30,172.74,0.15,4,0,0,0,0,23.5,98.97,958,0,0,0,0,23.700000000000003,138,2.6
2010,3,26,22,30,159.52,0.15,3.9000000000000004,0,0,0,0,23.5,99.85000000000001,957,0,0,0,0,23.5,134,2.5
2010,3,26,23,30,144.84,0.15,3.9000000000000004,0,0,0,0,23.400000000000002,100,957,0,0,0,0,23.400000000000002,132,2.4000000000000004
2010,3,27,0,30,129.98,0.16,3.8000000000000003,0,0,0,0,23.3,100,958,0,0,0,0,23.3,130,2.3000000000000003
2010,3,27,1,30,115.05,0.16,3.8000000000000003,0,0,0,0,23.200000000000003,100,958,0,0,0,0,23.200000000000003,130,2.2
2010,3,27,2,30,100.10000000000001,0.16,3.7,0,0,0,0,23.400000000000002,99.72,959,0,0,0,0,23.400000000000002,130,2.3000000000000003
2010,3,27,3,30,84.98,0.16,3.7,32,172,48,0,23.3,91.78,959,32,172,0,48,24.700000000000003,131,2.9000000000000004
2010,3,27,4,30,70.12,0.16,3.7,86,579,283,1,22.8,78.21000000000001,960,86,579,0,283,26.900000000000002,134,3.2
2010,3,27,5,30,55.160000000000004,0.16,3.7,111,750,539,0,21.900000000000002,64.17,960,111,750,0,539,29.400000000000002,134,3.2
2010,3,27,6,30,40.19,0.16,3.6,127,836,765,0,21.400000000000002,54.86,960,127,836,0,765,31.6,131,3.1
2010,3,27,7,30,25.21,0.16,3.6,137,881,934,0,21,49.17,959,137,881,0,934,33.1,127,2.9000000000000004
2010,3,27,8,30,10.24,0.16,3.6,144,901,1030,0,20.5,44.82,958,144,901,0,1030,34.2,124,2.7
2010,3,27,9,30,4.78,0.16,3.6,155,890,1041,0,20.200000000000003,42.21,957,155,890,0,1041,34.9,123,2.5
2010,3,27,10,30,19.740000000000002,0.16,3.6,152,873,974,0,19.900000000000002,40.87,955,152,873,0,974,35.2,122,2.5
2010,3,27,11,30,34.72,0.16,3.7,145,832,829,0,19.6,40.61,955,145,832,0,829,35,122,2.5
2010,3,27,12,30,49.69,0.16,3.7,132,757,621,7,19.3,41.32,955,242,473,0,548,34.300000000000004,124,2.6
2010,3,27,13,30,64.66,0.16,3.8000000000000003,106,624,373,6,19.1,44.730000000000004,955,163,15,0,170,32.7,132,2.3000000000000003
2010,3,27,14,30,79.58,0.16,3.9000000000000004,61,337,122,6,20.6,55.980000000000004,955,37,1,0,37,30.400000000000002,144,2
2010,3,27,15,30,94.63,0.16,3.9000000000000004,0,0,0,7,22.200000000000003,67.78,956,0,0,0,0,28.700000000000003,153,2.4000000000000004
2010,3,27,16,30,109.58,0.16,4,0,0,0,0,21.8,70.38,957,0,0,0,0,27.700000000000003,156,3.3000000000000003
2010,3,27,17,30,124.51,0.16,4,0,0,0,3,22.200000000000003,77.4,958,0,0,0,0,26.5,155,3.8000000000000003
2010,3,27,18,30,139.39000000000001,0.16,4,0,0,0,0,22.8,85.43,958,0,0,0,0,25.400000000000002,153,3.9000000000000004
2010,3,27,19,30,154.13,0.16,4,0,0,0,0,23.200000000000003,91.9,958,0,0,0,0,24.6,151,3.6
2010,3,27,20,30,168.22,0.16,3.9000000000000004,0,0,0,0,23.400000000000002,96.66,958,0,0,0,0,24,150,3.3000000000000003
2010,3,27,21,30,172.39000000000001,0.16,3.8000000000000003,0,0,0,0,23.5,98.95,957,0,0,0,0,23.700000000000003,150,2.9000000000000004
2010,3,27,22,30,159.34,0.16,3.7,0,0,0,0,23.5,99.67,957,0,0,0,0,23.6,149,2.5
2010,3,27,23,30,144.71,0.16,3.6,0,0,0,0,23.5,100,957,0,0,0,0,23.5,148,2.2
2010,3,28,0,30,129.86,0.16,3.5,0,0,0,0,23.400000000000002,100,957,0,0,0,0,23.400000000000002,148,2
2010,3,28,1,30,114.94,0.16,3.4000000000000004,0,0,0,0,23.3,100,958,0,0,0,0,23.3,148,1.7000000000000002
2010,3,28,2,30,100,0.16,3.3000000000000003,0,0,0,0,23.5,100,959,0,0,0,0,23.5,146,1.9000000000000001
2010,3,28,3,30,84.89,0.16,3.3000000000000003,33,190,50,0,23.6,93.72,960,33,190,0,50,24.700000000000003,144,2.6
2010,3,28,4,30,70.03,0.16,3.3000000000000003,86,588,287,0,23,79.44,960,86,588,0,287,26.900000000000002,144,3
2010,3,28,5,30,55.07,0.16,3.4000000000000004,113,752,544,0,22,64.92,961,113,752,0,544,29.3,140,3
2010,3,28,6,30,40.1,0.16,3.4000000000000004,123,846,770,1,21.400000000000002,55.04,960,123,846,0,770,31.5,133,2.8000000000000003
2010,3,28,7,30,25.13,0.16,3.4000000000000004,131,893,939,0,21,48.84,959,131,893,0,939,33.2,122,2.6
2010,3,28,8,30,10.15,0.16,3.4000000000000004,135,914,1035,0,20.5,43.97,958,135,914,0,1035,34.5,112,2.5
2010,3,28,9,30,4.83,0.16,3.5,148,900,1045,1,19.900000000000002,40.84,957,148,900,0,1045,35.2,105,2.5
2010,3,28,10,30,19.81,0.16,3.6,147,880,975,0,19.6,39.59,956,147,880,0,975,35.4,104,2.6
2010,3,28,11,30,34.79,0.16,3.7,142,835,828,0,19.3,39.54,956,142,835,0,828,35.1,106,2.7
2010,3,28,12,30,49.76,0.16,3.8000000000000003,128,764,621,0,19.1,40.910000000000004,956,128,764,0,621,34.300000000000004,108,2.7
2010,3,28,13,30,64.72,0.16,3.9000000000000004,104,628,372,1,19,44.51,956,104,628,0,372,32.7,113,2.3000000000000003
2010,3,28,14,30,79.64,0.16,3.9000000000000004,60,339,121,7,20.5,55.230000000000004,957,93,52,7,102,30.5,127,1.8
2010,3,28,15,30,94.68,0.16,3.9000000000000004,0,0,0,8,22.5,69.16,957,0,0,0,0,28.700000000000003,143,2
2010,3,28,16,30,109.62,0.16,3.9000000000000004,0,0,0,7,21.8,70.47,958,0,0,0,0,27.700000000000003,151,2.9000000000000004
2010,3,28,17,30,124.54,0.16,4,0,0,0,7,22,76.07000000000001,959,0,0,0,0,26.6,151,3.7
2010,3,28,18,30,139.41,0.16,4,0,0,0,7,22.700000000000003,84.73,959,0,0,0,0,25.5,148,3.9000000000000004
2010,3,28,19,30,154.11,0.16,3.9000000000000004,0,0,0,7,23.3,92.76,960,0,0,0,0,24.6,144,3.7
2010,3,28,20,30,168.09,0.16,3.9000000000000004,0,0,0,1,23.6,97.02,959,0,0,0,0,24.1,140,3.4000000000000004
2010,3,28,21,30,172.03,0.16,3.8000000000000003,0,0,0,7,23.6,98.46000000000001,958,0,0,0,0,23.900000000000002,137,3.1
2010,3,28,22,30,159.15,0.16,3.7,0,0,0,0,23.5,98.32000000000001,958,0,0,0,0,23.8,134,3
2010,3,28,23,30,144.57,0.16,3.6,0,0,0,0,23.5,98.64,958,0,0,0,0,23.700000000000003,130,2.8000000000000003
2010,3,29,0,30,129.74,0.16,3.5,0,0,0,0,23.400000000000002,99.02,959,0,0,0,0,23.6,128,2.6
2010,3,29,1,30,114.83,0.16,3.4000000000000004,0,0,0,0,23.400000000000002,99.88,960,0,0,0,0,23.400000000000002,126,2.5
2010,3,29,2,30,99.9,0.16,3.3000000000000003,0,0,0,0,23.3,98.63,960,0,0,0,0,23.5,125,2.6
2010,3,29,3,30,84.8,0.16,3.3000000000000003,34,171,50,0,23.1,92.05,961,34,171,0,50,24.5,128,3
2010,3,29,4,30,69.94,0.16,3.2,94,559,285,0,22.700000000000003,79.4,962,94,559,0,285,26.6,133,3.2
2010,3,29,5,30,54.980000000000004,0.16,3.2,123,731,542,0,22.3,66.91,962,123,731,0,542,29.1,136,3.1
2010,3,29,6,30,40.02,0.16,3.2,139,822,769,0,21.8,56.230000000000004,961,139,822,0,769,31.6,130,2.8000000000000003
2010,3,29,7,30,25.05,0.16,3.2,149,870,937,0,21.1,48.21,960,149,870,0,937,33.5,117,2.6
2010,3,29,8,30,10.07,0.16,3.3000000000000003,155,890,1031,0,20.200000000000003,42.21,959,155,890,0,1031,34.9,106,2.6
2010,3,29,9,30,4.92,0.16,3.3000000000000003,136,919,1052,0,19.3,38.08,958,136,919,0,1052,35.800000000000004,102,2.8000000000000003
2010,3,29,10,30,19.88,0.16,3.4000000000000004,138,896,981,0,18.6,35.88,957,138,896,0,981,36.1,105,2.9000000000000004
2010,3,29,11,30,34.86,0.16,3.4000000000000004,134,855,835,1,18.2,35.230000000000004,957,134,855,0,835,35.9,108,3
2010,3,29,12,30,49.82,0.16,3.5,124,777,626,3,17.7,35.97,956,358,94,7,419,35,113,3
2010,3,29,13,30,64.78,0.16,3.5,102,642,376,0,17.5,39.38,957,102,642,0,376,33.2,122,2.5
2010,3,29,14,30,79.7,0.16,3.6,60,349,122,1,19.900000000000002,52.660000000000004,958,60,349,0,122,30.700000000000003,138,1.9000000000000001
2010,3,29,15,30,94.73,0.16,3.7,0,0,0,8,21.400000000000002,63.97,959,0,0,0,0,28.900000000000002,152,2.3000000000000003
2010,3,29,16,30,109.67,0.16,3.7,0,0,0,1,21,66.35,959,0,0,0,0,27.900000000000002,156,3.1
2010,3,29,17,30,124.58,0.16,3.8000000000000003,0,0,0,6,21.6,73.53,960,0,0,0,0,26.700000000000003,155,3.5
2010,3,29,18,30,139.42000000000002,0.16,3.9000000000000004,0,0,0,7,22.400000000000002,82.69,961,0,0,0,0,25.6,151,3.6
2010,3,29,19,30,154.09,0.16,4,0,0,0,3,23.1,90.98,961,0,0,1,0,24.700000000000003,146,3.3000000000000003
2010,3,29,20,30,167.94,0.16,4,0,0,0,3,23.6,95.73,961,0,0,0,0,24.3,141,2.8000000000000003
2010,3,29,21,30,171.68,0.16,4,0,0,0,1,23.8,98.53,960,0,0,0,0,24,137,2.4000000000000004
2010,3,29,22,30,158.96,0.16,4,0,0,0,0,23.700000000000003,99.05,960,0,0,0,0,23.900000000000002,136,2.2
2010,3,29,23,30,144.42000000000002,0.16,4,0,0,0,0,23.700000000000003,99.28,959,0,0,0,0,23.8,139,2.2
2010,3,30,0,30,129.62,0.16,4.1000000000000005,0,0,0,0,23.700000000000003,99.3,960,0,0,0,0,23.8,141,2
2010,3,30,1,30,114.73,0.16,4.1000000000000005,0,0,0,0,23.700000000000003,100,960,0,0,0,0,23.700000000000003,143,1.8
2010,3,30,2,30,99.8,0.16,4.1000000000000005,0,0,0,0,23.8,99.84,961,0,0,0,0,23.8,142,1.8
2010,3,30,3,30,84.71000000000001,0.16,4.1000000000000005,34,178,51,0,23.900000000000002,96.2,962,34,178,0,51,24.5,144,2.2
2010,3,30,4,30,69.85000000000001,0.16,4.1000000000000005,90,567,285,3,23.700000000000003,88.52,962,194,59,0,215,25.700000000000003,149,2.4000000000000004
2010,3,30,5,30,54.9,0.16,4.1000000000000005,116,736,539,0,23.3,79.28,962,116,736,0,539,27.200000000000003,151,2.2
2010,3,30,6,30,39.94,0.16,4.1000000000000005,134,818,761,0,22.900000000000002,71.82000000000001,962,134,818,0,761,28.5,147,1.8
2010,3,30,7,30,24.97,0.16,4.1000000000000005,147,859,926,1,22.5,66.24,961,147,859,0,926,29.5,138,1.6
2010,3,30,8,30,10.02,0.16,4.1000000000000005,156,876,1019,2,22.200000000000003,62.18,960,533,298,0,826,30.200000000000003,129,1.6
2010,3,30,9,30,5.03,0.16,4.2,164,869,1029,1,21.8,59.34,960,164,869,0,1029,30.6,125,1.7000000000000002
2010,3,30,10,30,19.97,0.16,4.2,160,852,961,7,21.400000000000002,58.07,959,407,39,0,444,30.6,126,1.7000000000000002
2010,3,30,11,30,34.93,0.16,4.3,151,813,817,7,21.1,57.71,958,334,400,0,661,30.400000000000002,132,1.7000000000000002
2010,3,30,12,30,49.89,0.16,4.3,136,739,612,3,21,58.870000000000005,958,306,47,7,336,29.900000000000002,143,1.7000000000000002
2010,3,30,13,30,64.84,0.16,4.3,110,601,366,7,21.200000000000003,63.08,959,192,319,0,327,28.900000000000002,157,1.5
2010,3,30,14,30,79.76,0.16,4.4,63,306,117,7,22.5,74.61,959,84,17,0,87,27.400000000000002,171,1.1
2010,3,30,15,30,94.78,0.16,4.4,0,0,0,7,23.900000000000002,87.02,960,0,0,0,0,26.200000000000003,179,1.1
2010,3,30,16,30,109.71000000000001,0.16,4.5,0,0,0,7,23.400000000000002,87.35000000000001,960,0,0,0,0,25.700000000000003,179,1.2000000000000002
2010,3,30,17,30,124.61,0.16,4.5,0,0,0,6,23.200000000000003,88.04,961,0,0,0,0,25.3,173,1.4000000000000001
2010,3,30,18,30,139.43,0.16,4.6000000000000005,0,0,0,6,23,89.84,961,0,0,0,0,24.8,163,1.6
2010,3,30,19,30,154.06,0.16,4.6000000000000005,0,0,0,6,23,92.57000000000001,961,0,0,0,0,24.3,151,1.9000000000000001
2010,3,30,20,30,167.78,0.16,4.6000000000000005,0,0,0,7,23.1,95.46000000000001,960,0,0,0,0,23.900000000000002,140,2.1
2010,3,30,21,30,171.32,0.16,4.6000000000000005,0,0,0,7,23.3,98.33,960,0,0,0,0,23.6,133,2.2
2010,3,30,22,30,158.76,0.16,4.6000000000000005,0,0,0,7,23.400000000000002,99.60000000000001,959,0,0,0,0,23.5,128,2.2
2010,3,30,23,30,144.28,0.16,4.6000000000000005,0,0,0,7,23.400000000000002,100,959,0,0,0,0,23.400000000000002,125,2.3000000000000003
2010,3,31,0,30,129.49,0.15,4.7,0,0,0,7,23.400000000000002,100,959,0,0,0,0,23.400000000000002,121,2.3000000000000003
2010,3,31,1,30,114.62,0.15,4.7,0,0,0,7,23.3,100,960,0,0,0,0,23.3,118,2.2
2010,3,31,2,30,99.7,0.15,4.7,0,0,0,3,23.3,100,961,0,0,0,0,23.3,113,2.2
2010,3,31,3,30,84.61,0.15,4.7,37,110,47,0,23.3,97.24000000000001,961,37,110,0,47,23.8,110,2.6
2010,3,31,4,30,69.76,0.15,4.7,111,469,273,2,23.200000000000003,90.28,962,198,70,0,222,24.900000000000002,111,2.9000000000000004
2010,3,31,5,30,54.82,0.15,4.800000000000001,147,650,522,8,22.8,81.31,962,238,447,0,496,26.3,113,2.8000000000000003
2010,3,31,6,30,39.86,0.15,4.800000000000001,169,746,741,8,22.5,73.84,962,330,369,0,613,27.6,116,2.5
2010,3,31,7,30,24.91,0.15,4.800000000000001,183,795,905,7,22.3,68.97,961,201,740,0,872,28.5,119,2.1
2010,3,31,8,30,9.97,0.15,4.800000000000001,194,815,997,3,22.1,65.84,960,567,187,0,751,29.1,122,1.9000000000000001
2010,3,31,9,30,5.17,0.15,4.800000000000001,198,814,1009,3,21.900000000000002,63.71,960,479,30,0,510,29.5,124,1.7000000000000002
2010,3,31,10,30,20.05,0.15,4.800000000000001,199,788,939,1,21.700000000000003,62.65,959,199,788,0,939,29.6,126,1.7000000000000002
2010,3,31,11,30,35.01,0.15,4.800000000000001,185,747,797,7,21.6,63.04,958,298,535,7,736,29.400000000000002,129,1.6
2010,3,31,12,30,49.96,0.15,4.800000000000001,124,757,611,7,21.700000000000003,64.79,958,299,188,0,420,29,131,1.6
2010,3,31,13,30,64.91,0.15,4.800000000000001,102,622,365,7,21.900000000000002,68.55,958,186,72,0,217,28.200000000000003,135,1.4000000000000001
2010,3,31,14,30,79.81,0.15,4.9,59,326,117,7,22.8,78.74,959,61,4,0,61,26.8,140,1
2010,3,31,15,30,94.83,0.15,4.9,0,0,0,7,24.200000000000003,91.29,959,0,0,0,0,25.700000000000003,145,1
2010,3,31,16,30,109.76,0.15,5,0,0,0,9,23.700000000000003,91.29,960,0,0,0,0,25.200000000000003,147,1.3
2010,3,31,17,30,124.64,0.15,5.1000000000000005,0,0,0,6,23.3,91.95,961,0,0,0,0,24.700000000000003,146,1.8
2010,3,31,18,30,139.44,0.15,5.1000000000000005,0,0,0,6,23.200000000000003,93.33,961,0,0,0,0,24.3,143,2.2
2010,3,31,19,30,154.03,0.15,5.1000000000000005,0,0,0,6,23.200000000000003,96.32000000000001,961,0,0,0,0,23.8,141,2.4000000000000004
2010,3,31,20,30,167.62,0.15,5.1000000000000005,0,0,0,6,23.200000000000003,99.02,960,0,0,0,0,23.400000000000002,138,2.4000000000000004
2010,3,31,21,30,170.96,0.15,5.1000000000000005,0,0,0,6,23.200000000000003,100,959,0,0,0,0,23.200000000000003,134,2.4000000000000004
2010,3,31,22,30,158.56,0.15,5.1000000000000005,0,0,0,6,23,100,958,0,0,0,0,23,131,2.5
2010,3,31,23,30,144.13,0.15,5.1000000000000005,0,0,0,7,23,100,958,0,0,0,0,23,128,2.6
2010,4,1,0,30,129.37,0.15,5.2,0,0,0,8,23,100,958,0,0,0,0,23,128,2.5
2010,4,1,1,30,114.51,0.15,5.300000000000001,0,0,0,4,23,100,959,0,0,0,0,23,132,2.1
2010,4,1,2,30,99.60000000000001,0.15,5.4,0,0,0,3,23.1,100,960,0,0,0,0,23.1,136,2
2010,4,1,3,30,84.52,0.15,5.5,37,141,50,0,23.400000000000002,98.56,961,37,141,0,50,23.6,138,2.5
2010,4,1,4,30,69.67,0.15,5.6000000000000005,101,505,276,1,23.200000000000003,93.88,961,101,505,0,276,24.200000000000003,138,3.1
2010,4,1,5,30,54.74,0.15,5.6000000000000005,137,669,523,0,22.6,86.65,962,137,669,0,523,25,140,3.4000000000000004
2010,4,1,6,30,39.79,0.15,5.5,153,768,743,0,22.3,79.94,962,153,768,0,743,26,144,3.5
2010,4,1,7,30,24.84,0.15,5.300000000000001,157,829,910,3,22.3,76.18,961,417,17,0,432,26.900000000000002,148,3.5
2010,4,1,8,30,9.950000000000001,0.15,5.2,155,863,1006,3,22.6,74.15,960,533,204,0,734,27.6,148,3.5
2010,4,1,9,30,5.34,0.15,5.1000000000000005,151,873,1021,0,23,74.63,959,151,873,0,1021,27.900000000000002,147,3.5
2010,4,1,10,30,20.150000000000002,0.15,5.1000000000000005,148,858,953,0,23.3,76.62,958,148,858,0,953,27.8,146,3.4000000000000004
2010,4,1,11,30,35.09,0.15,5.1000000000000005,142,817,810,1,23.6,79.19,958,142,817,0,810,27.5,145,3.2
2010,4,1,12,30,50.03,0.15,5.1000000000000005,126,748,607,0,23.8,82.81,958,126,748,0,607,27,144,2.9000000000000004
2010,4,1,13,30,64.97,0.15,5.2,101,619,363,7,24.200000000000003,88.01,958,147,16,7,154,26.3,142,2.4000000000000004
2010,4,1,14,30,79.87,0.15,5.2,57,336,116,7,24.400000000000002,94.93,959,89,52,0,99,25.3,140,1.9000000000000001
2010,4,1,15,30,94.89,0.15,5.2,0,0,0,7,24.400000000000002,98.62,959,0,0,0,0,24.6,138,1.9000000000000001
2010,4,1,16,30,109.8,0.15,5.1000000000000005,0,0,0,7,24.200000000000003,99.84,960,0,0,0,0,24.200000000000003,135,2.3000000000000003
2010,4,1,17,30,124.67,0.15,5,0,0,0,7,23.900000000000002,100,960,0,0,0,0,23.900000000000002,133,2.7
2010,4,1,18,30,139.45000000000002,0.15,4.9,0,0,0,7,23.6,100,960,0,0,0,0,23.6,131,3
2010,4,1,19,30,153.99,0.15,4.7,0,0,0,7,23.400000000000002,100,960,0,0,0,0,23.400000000000002,130,3
2010,4,1,20,30,167.44,0.15,4.5,0,0,0,7,23.1,100,960,0,0,0,0,23.1,128,3
2010,4,1,21,30,170.6,0.15,4.3,0,0,0,7,22.900000000000002,100,959,0,0,0,0,22.900000000000002,126,2.6
2010,4,1,22,30,158.36,0.15,4.1000000000000005,0,0,0,7,22.700000000000003,100,959,0,0,0,0,22.700000000000003,121,2.3000000000000003
2010,4,1,23,30,143.98,0.15,4,0,0,0,8,22.6,100,959,0,0,0,0,22.6,115,2.2
2010,4,2,0,30,129.24,0.15,3.9000000000000004,0,0,0,0,22.5,100,959,0,0,0,0,22.5,109,2.2
2010,4,2,1,30,114.39,0.15,3.7,0,0,0,0,22.400000000000002,100,960,0,0,0,0,22.400000000000002,103,2.2
2010,4,2,2,30,99.49000000000001,0.15,3.5,0,0,0,0,22.5,100,960,0,0,0,0,22.5,98,2.5
2010,4,2,3,30,84.43,0.15,3.4000000000000004,34,232,57,3,22.900000000000002,97.22,961,37,0,7,37,23.400000000000002,97,3.3000000000000003
2010,4,2,4,30,69.59,0.15,3.3000000000000003,80,620,297,1,23,89.27,962,80,620,0,297,24.900000000000002,98,3.9000000000000004
2010,4,2,5,30,54.660000000000004,0.15,3.2,105,775,554,0,22.8,78.67,962,105,775,0,554,26.8,97,4
2010,4,2,6,30,39.72,0.15,3.1,111,873,783,0,22.5,70.01,962,111,873,0,783,28.5,95,3.9000000000000004
2010,4,2,7,30,24.79,0.15,3,123,909,949,0,22,63.17,961,123,909,0,949,29.8,93,3.8000000000000003
2010,4,2,8,30,9.93,0.15,2.9000000000000004,130,927,1043,0,21.400000000000002,56.85,960,130,927,0,1043,30.900000000000002,92,3.7
2010,4,2,9,30,5.5200000000000005,0.15,2.9000000000000004,141,915,1052,0,20.5,52.27,958,141,915,0,1052,31.5,91,3.5
2010,4,2,10,30,20.25,0.15,2.9000000000000004,136,903,983,1,19.8,49.03,957,136,903,0,983,31.8,92,3.3000000000000003
2010,4,2,11,30,35.17,0.15,2.9000000000000004,127,870,837,0,19.200000000000003,47.24,957,127,870,0,837,31.8,96,3.1
2010,4,2,12,30,50.11,0.15,2.9000000000000004,112,805,629,0,18.6,47.25,957,112,805,0,629,31.200000000000003,100,2.8000000000000003
2010,4,2,13,30,65.04,0.15,2.8000000000000003,91,682,379,7,18.6,51.79,957,192,285,0,312,29.6,108,2.1
2010,4,2,14,30,79.93,0.15,2.8000000000000003,54,395,123,0,20.8,69.11,958,54,395,0,123,26.900000000000002,119,1.4000000000000001
2010,4,2,15,30,94.94,0.15,2.8000000000000003,0,0,0,0,21.5,82.15,958,0,0,0,0,24.8,132,1.2000000000000002
2010,4,2,16,30,109.84,0.15,2.9000000000000004,0,0,0,0,21,84.05,959,0,0,0,0,23.900000000000002,140,1.2000000000000002
2010,4,2,17,30,124.69,0.15,2.9000000000000004,0,0,0,1,20.8,86.58,960,0,0,0,0,23.200000000000003,146,1.3
2010,4,2,18,30,139.45000000000002,0.15,2.9000000000000004,0,0,0,0,20.900000000000002,90.59,960,0,0,0,0,22.5,148,1.3
2010,4,2,19,30,153.95000000000002,0.15,3,0,0,0,0,21.200000000000003,95.65,960,0,0,0,0,21.900000000000002,146,1.4000000000000001
2010,4,2,20,30,167.26,0.15,3.1,0,0,0,0,21.5,100,959,0,0,0,0,21.5,140,1.4000000000000001
2010,4,2,21,30,170.24,0.15,3.1,0,0,0,0,21.200000000000003,100,959,0,0,0,0,21.200000000000003,132,1.4000000000000001
2010,4,2,22,30,158.15,0.15,3.2,0,0,0,0,21.200000000000003,100,958,0,0,0,0,21.200000000000003,122,1.5
2010,4,2,23,30,143.82,0.15,3.2,0,0,0,0,21.1,100,958,0,0,0,0,21.1,111,1.5
2010,4,3,0,30,129.12,0.15,3.3000000000000003,0,0,0,0,21,100,958,0,0,0,0,21,100,1.6
2010,4,3,1,30,114.28,0.15,3.3000000000000003,0,0,0,0,20.900000000000002,100,959,0,0,0,0,20.900000000000002,89,1.8
2010,4,3,2,30,99.39,0.15,3.3000000000000003,0,0,0,0,21.200000000000003,100,959,0,0,0,0,21.200000000000003,79,2.3000000000000003
2010,4,3,3,30,84.34,0.15,3.2,35,234,58,0,21.700000000000003,95.49,960,35,234,0,58,22.5,77,3.2
2010,4,3,4,30,69.51,0.15,3.2,80,625,299,0,22.200000000000003,86.35000000000001,961,80,625,0,299,24.6,80,4
2010,4,3,5,30,54.59,0.15,3.3000000000000003,103,779,554,0,22.200000000000003,74.85000000000001,961,103,779,0,554,27,81,4.2
2010,4,3,6,30,39.660000000000004,0.15,3.3000000000000003,118,856,777,0,22.1,66.54,961,118,856,0,777,29,78,4
2010,4,3,7,30,24.740000000000002,0.15,3.3000000000000003,128,897,942,1,22.1,61.07,960,128,897,0,942,30.5,76,3.9000000000000004
2010,4,3,8,30,9.94,0.15,3.4000000000000004,131,916,1034,0,21.900000000000002,56.49,959,131,916,0,1034,31.6,75,3.8000000000000003
2010,4,3,9,30,5.73,0.15,3.4000000000000004,148,896,1040,0,21.400000000000002,52.43,958,148,896,0,1040,32.4,75,3.8000000000000003
2010,4,3,10,30,20.36,0.15,3.5,145,879,969,0,20.900000000000002,50.17,957,145,879,0,969,32.6,77,3.7
2010,4,3,11,30,35.26,0.15,3.5,136,842,824,0,20.400000000000002,49.04,957,136,842,0,824,32.5,80,3.6
2010,4,3,12,30,50.18,0.15,3.5,140,730,608,0,20,49.49,957,140,730,0,608,31.900000000000002,85,3.4000000000000004
2010,4,3,13,30,65.11,0.15,3.6,113,588,360,0,20.1,54.730000000000004,957,113,588,0,360,30.200000000000003,93,2.5
2010,4,3,14,30,79.99,0.15,3.6,63,287,113,0,22.3,72.22,957,63,287,0,113,27.8,104,1.8
2010,4,3,15,30,94.98,0.15,3.6,0,0,0,0,22.6,81.77,958,0,0,0,0,26,113,1.9000000000000001
2010,4,3,16,30,109.87,0.15,3.6,0,0,0,1,22.3,84.02,959,0,0,0,0,25.200000000000003,116,2.4000000000000004
2010,4,3,17,30,124.71000000000001,0.15,3.6,0,0,0,0,22.3,88.88,959,0,0,0,0,24.3,116,2.8000000000000003
2010,4,3,18,30,139.45000000000002,0.15,3.7,0,0,0,0,22.700000000000003,94.65,960,0,0,0,0,23.6,114,2.9000000000000004
2010,4,3,19,30,153.9,0.15,3.6,0,0,0,0,23,99.56,960,0,0,0,0,23.1,113,2.6
2010,4,3,20,30,167.06,0.15,3.6,0,0,0,1,22.8,100,960,0,0,0,0,22.8,111,2.3000000000000003
2010,4,3,21,30,169.87,0.15,3.5,0,0,0,1,22.5,100,959,0,0,0,0,22.5,108,2.1
2010,4,3,22,30,157.94,0.15,3.5,0,0,0,3,22.400000000000002,100,959,0,0,0,0,22.400000000000002,104,2
2010,4,3,23,30,143.67000000000002,0.15,3.4000000000000004,0,0,0,0,22.3,100,958,0,0,0,0,22.3,99,2.2
2010,4,4,0,30,128.99,0.15,3.4000000000000004,0,0,0,0,22.3,100,959,0,0,0,0,22.3,95,2.7
2010,4,4,1,30,114.17,0.15,3.4000000000000004,0,0,0,0,22.3,100,959,0,0,0,0,22.3,93,2.9000000000000004
2010,4,4,2,30,99.29,0.15,3.4000000000000004,0,0,0,0,22.5,100,960,0,0,0,0,22.5,91,3.2
2010,4,4,3,30,84.25,0.15,3.4000000000000004,36,214,58,0,22.8,95.89,961,36,214,0,58,23.5,89,4
2010,4,4,4,30,69.42,0.15,3.4000000000000004,83,610,297,0,23,86.93,961,83,610,0,297,25.3,88,4.9
2010,4,4,5,30,54.51,0.15,3.5,107,766,551,0,22.6,76.10000000000001,962,107,766,0,551,27.200000000000003,86,5.300000000000001
2010,4,4,6,30,39.6,0.15,3.5,138,814,765,0,22.3,67.06,961,138,814,0,765,29,84,5.300000000000001
2010,4,4,7,30,24.7,0.15,3.5,148,861,930,0,22,61.29,961,148,861,0,930,30.3,83,5.300000000000001
2010,4,4,8,30,9.96,0.15,3.5,151,886,1024,0,21.700000000000003,56.660000000000004,960,151,886,0,1024,31.3,82,5.2
2010,4,4,9,30,5.96,0.15,3.5,166,868,1030,2,21.3,53.51,959,551,206,0,756,31.900000000000002,82,5.1000000000000005
2010,4,4,10,30,20.47,0.15,3.5,158,858,962,0,21,52.410000000000004,958,158,858,0,962,31.900000000000002,83,4.9
2010,4,4,11,30,35.35,0.15,3.5,144,826,818,0,20.8,52.99,958,144,826,0,818,31.5,85,4.7
2010,4,4,12,30,50.26,0.15,3.5,126,760,612,0,20.700000000000003,55.45,958,126,760,0,612,30.6,87,4.4
2010,4,4,13,30,65.17,0.15,3.4000000000000004,101,630,366,0,20.8,61.800000000000004,958,101,630,0,366,28.900000000000002,91,3.6
2010,4,4,14,30,80.05,0.15,3.4000000000000004,58,333,115,0,22.1,75.73,959,58,333,0,115,26.700000000000003,95,2.8000000000000003
2010,4,4,15,30,95.03,0.15,3.4000000000000004,0,0,0,0,22.400000000000002,83.74,959,0,0,0,0,25.3,97,2.6
2010,4,4,16,30,109.91,0.15,3.5,0,0,0,0,22.400000000000002,86.98,960,0,0,0,0,24.700000000000003,98,2.9000000000000004
2010,4,4,17,30,124.73,0.15,3.5,0,0,0,0,22.700000000000003,91.24,960,0,0,0,0,24.200000000000003,100,3
2010,4,4,18,30,139.44,0.15,3.5,0,0,0,0,23.1,96.98,961,0,0,0,0,23.6,101,3
2010,4,4,19,30,153.84,0.15,3.6,0,0,0,0,23.200000000000003,100,961,0,0,0,0,23.200000000000003,103,2.7
2010,4,4,20,30,166.86,0.15,3.6,0,0,0,0,23,100,960,0,0,0,0,23,105,2.5
2010,4,4,21,30,169.51,0.15,3.6,0,0,0,0,22.700000000000003,100,960,0,0,0,0,22.700000000000003,105,2.5
2010,4,4,22,30,157.72,0.15,3.7,0,0,0,0,22.5,100,959,0,0,0,0,22.5,104,2.5
2010,4,4,23,30,143.51,0.15,3.7,0,0,0,0,22.400000000000002,100,959,0,0,0,0,22.400000000000002,101,2.6
2010,4,5,0,30,128.86,0.15,3.7,0,0,0,0,22.200000000000003,100,959,0,0,0,0,22.200000000000003,97,2.7
2010,4,5,1,30,114.06,0.15,3.7,0,0,0,0,22,100,959,0,0,0,0,22,93,2.6
2010,4,5,2,30,99.2,0.15,3.7,0,0,0,0,22.200000000000003,100,960,0,0,0,0,22.200000000000003,90,3
2010,4,5,3,30,84.17,0.15,3.6,32,291,62,0,22.6,95.59,961,32,291,0,62,23.3,88,4
2010,4,5,4,30,69.35000000000001,0.15,3.6,69,668,305,3,22.700000000000003,86.48,961,119,2,7,120,25.1,89,4.7
2010,4,5,5,30,54.44,0.15,3.6,88,812,560,3,22.400000000000002,75.51,962,318,145,0,403,27.1,90,5
2010,4,5,6,30,39.54,0.15,3.6,98,886,782,0,22,66.88,961,98,886,0,782,28.8,90,4.9
2010,4,5,7,30,24.66,0.15,3.7,105,923,944,1,21.8,60.730000000000004,961,105,923,0,944,30.200000000000003,91,4.6000000000000005
2010,4,5,8,30,9.99,0.15,3.7,109,941,1036,0,21.400000000000002,56.51,960,109,941,0,1036,31.1,91,4.3
2010,4,5,9,30,6.19,0.15,3.9000000000000004,133,907,1035,1,21.1,53.36,959,133,907,0,1035,31.700000000000003,93,4
2010,4,5,10,30,20.59,0.15,4,129,894,965,8,20.700000000000003,51.61,958,245,645,0,849,31.900000000000002,95,3.7
2010,4,5,11,30,35.44,0.15,4.1000000000000005,120,859,820,1,20.400000000000002,51.57,958,120,859,0,820,31.6,98,3.4000000000000004
2010,4,5,12,30,50.34,0.15,4.2,116,774,609,2,20.1,52.77,957,360,115,0,434,30.900000000000002,101,3.2
2010,4,5,13,30,65.24,0.15,4.2,94,642,363,0,20.1,57.56,958,94,642,1,363,29.3,107,2.5
2010,4,5,14,30,80.10000000000001,0.15,4.3,54,355,115,0,21.6,71.63,958,54,355,1,115,27.200000000000003,118,1.9000000000000001
2010,4,5,15,30,95.08,0.15,4.3,0,0,0,3,22.5,82.48,959,0,0,1,0,25.700000000000003,127,2
2010,4,5,16,30,109.95,0.15,4.3,0,0,0,3,22.200000000000003,85.01,959,0,0,1,0,24.900000000000002,132,2.5
2010,4,5,17,30,124.75,0.15,4.3,0,0,0,0,22.200000000000003,88.73,960,0,0,0,0,24.200000000000003,134,2.9000000000000004
2010,4,5,18,30,139.44,0.15,4.2,0,0,0,0,22.3,92.60000000000001,960,0,0,1,0,23.6,137,3
2010,4,5,19,30,153.78,0.15,4.2,0,0,0,0,22.5,97.48,960,0,0,0,0,22.900000000000002,140,2.9000000000000004
2010,4,5,20,30,166.65,0.15,4.1000000000000005,0,0,0,0,22.400000000000002,100,960,0,0,0,0,22.400000000000002,142,2.6
2010,4,5,21,30,169.15,0.15,4.1000000000000005,0,0,0,0,22.1,100,959,0,0,0,0,22.1,140,2.2
2010,4,5,22,30,157.5,0.15,4.1000000000000005,0,0,0,0,21.900000000000002,100,959,0,0,0,0,21.900000000000002,135,1.8
2010,4,5,23,30,143.35,0.15,4,0,0,0,0,21.700000000000003,100,959,0,0,0,0,21.700000000000003,128,1.5
2010,4,6,0,30,128.73,0.15,4,0,0,0,0,21.5,100,959,0,0,0,0,21.5,118,1.3
2010,4,6,1,30,113.95,0.15,4,0,0,0,0,21.3,100,959,0,0,0,0,21.3,108,1.3
2010,4,6,2,30,99.10000000000001,0.15,3.9000000000000004,0,0,0,0,21.6,100,960,0,0,0,0,21.6,100,1.7000000000000002
2010,4,6,3,30,84.08,0.15,3.9000000000000004,37,208,59,0,22,94.16,961,37,208,0,59,23,100,2.7
2010,4,6,4,30,69.27,0.15,3.9000000000000004,88,585,295,1,22.200000000000003,83.77,961,88,585,0,295,25.1,104,3.5
2010,4,6,5,30,54.38,0.15,3.9000000000000004,112,748,548,0,22.1,73.61,961,112,748,0,548,27.200000000000003,103,3.6
2010,4,6,6,30,39.49,0.15,3.9000000000000004,138,810,763,0,21.900000000000002,65.35,961,138,810,0,763,29.1,100,3.5
2010,4,6,7,30,24.63,0.15,4,141,866,927,7,21.700000000000003,58.89,960,249,670,0,858,30.700000000000003,99,3.2
2010,4,6,8,30,10.040000000000001,0.15,4.1000000000000005,140,892,1019,0,21.5,54.38,959,140,892,0,1019,31.8,100,3
2010,4,6,9,30,6.45,0.15,4.2,148,884,1026,0,21.1,51.5,958,148,884,0,1026,32.4,101,2.8000000000000003
2010,4,6,10,30,20.71,0.15,4.2,141,872,957,0,20.8,50.25,957,141,872,0,957,32.5,105,2.7
2010,4,6,11,30,35.53,0.15,4.2,131,839,814,0,20.6,50.120000000000005,956,131,839,0,814,32.300000000000004,111,2.7
2010,4,6,12,30,50.42,0.15,4.3,115,774,608,0,20.5,51.980000000000004,956,115,774,0,608,31.5,117,2.7
2010,4,6,13,30,65.31,0.15,4.3,92,649,362,0,20.400000000000002,56.63,956,92,649,0,362,30,127,2.3000000000000003
2010,4,6,14,30,80.16,0.15,4.3,54,351,114,0,21.8,69.78,957,54,351,0,114,27.8,140,1.8
2010,4,6,15,30,95.13,0.15,4.3,0,0,0,1,22.6,80.8,957,0,0,0,0,26.200000000000003,150,1.8
2010,4,6,16,30,109.98,0.15,4.2,0,0,0,7,22.200000000000003,83,958,0,0,1,0,25.3,154,2.2
2010,4,6,17,30,124.77,0.15,4.2,0,0,0,7,22.1,86.76,959,0,0,1,0,24.5,155,2.7
2010,4,6,18,30,139.42000000000002,0.15,4.2,0,0,0,7,22.3,91.46000000000001,959,0,0,1,0,23.8,154,3
2010,4,6,19,30,153.71,0.15,4.2,0,0,0,7,22.6,96.88,959,0,0,1,0,23.1,152,3
2010,4,6,20,30,166.43,0.15,4.1000000000000005,0,0,0,7,22.6,100,959,0,0,1,0,22.6,150,2.6
2010,4,6,21,30,168.78,0.15,4.1000000000000005,0,0,0,7,22.400000000000002,100,958,0,0,1,0,22.400000000000002,146,2.2
2010,4,6,22,30,157.28,0.15,4,0,0,0,7,22.200000000000003,100,958,0,0,1,0,22.200000000000003,142,1.7000000000000002
2010,4,6,23,30,143.19,0.15,3.9000000000000004,0,0,0,7,22,100,958,0,0,1,0,22,136,1.5
2010,4,7,0,30,128.6,0.15,3.8000000000000003,0,0,0,0,21.8,100,958,0,0,0,0,21.8,130,1.4000000000000001
2010,4,7,1,30,113.84,0.15,3.7,0,0,0,0,21.6,100,959,0,0,0,0,21.6,122,1.3
2010,4,7,2,30,99,0.15,3.7,0,0,0,0,21.900000000000002,100,959,0,0,0,0,21.900000000000002,114,1.6
2010,4,7,3,30,84,0.15,3.7,39,189,59,0,22.200000000000003,93.64,960,39,189,0,59,23.3,109,2.5
2010,4,7,4,30,69.19,0.15,3.7,93,568,295,1,22.200000000000003,82.26,961,93,568,0,295,25.400000000000002,107,3.2
2010,4,7,5,30,54.31,0.15,3.7,118,736,548,3,22.200000000000003,72.28,961,327,129,0,402,27.6,101,3.4000000000000004
2010,4,7,6,30,39.44,0.15,3.7,131,825,768,0,22.200000000000003,64.88,960,131,825,0,768,29.5,95,3.4000000000000004
2010,4,7,7,30,24.61,0.15,3.8000000000000003,138,872,931,2,22.200000000000003,59.76,960,444,393,0,801,30.900000000000002,90,3.4000000000000004
2010,4,7,8,30,10.11,0.15,3.9000000000000004,141,893,1021,0,22,56.04,958,141,893,0,1021,31.900000000000002,86,3.3000000000000003
2010,4,7,9,30,6.71,0.15,4,215,793,1003,1,21.900000000000002,53.63,957,215,793,0,1003,32.5,84,3.3000000000000003
2010,4,7,10,30,20.84,0.15,4.1000000000000005,204,781,934,0,21.700000000000003,52.620000000000005,956,204,781,0,934,32.6,85,3.3000000000000003
2010,4,7,11,30,35.63,0.15,4.1000000000000005,190,739,790,0,21.5,53.02,956,190,739,0,790,32.300000000000004,89,3.3000000000000003
2010,4,7,12,30,50.5,0.15,4.2,150,696,593,1,21.400000000000002,54.75,955,150,696,0,593,31.6,97,3.2
2010,4,7,13,30,65.38,0.15,4.3,119,551,349,0,21.6,60.84,956,119,551,0,349,30,109,2.5
2010,4,7,14,30,80.22,0.15,4.3,64,254,107,0,23.1,75.37,956,64,254,0,107,27.900000000000002,126,1.9000000000000001
2010,4,7,15,30,95.17,0.15,4.3,0,0,0,0,23.5,83.85000000000001,957,0,0,0,0,26.5,140,2.1
2010,4,7,16,30,110.01,0.15,4.3,0,0,0,1,23.1,85.73,958,0,0,0,0,25.700000000000003,147,2.8000000000000003
2010,4,7,17,30,124.78,0.15,4.3,0,0,0,7,23.1,89.79,959,0,0,0,0,24.900000000000002,148,3.4000000000000004
2010,4,7,18,30,139.41,0.15,4.3,0,0,0,7,23.3,95.34,959,0,0,0,0,24.1,144,3.7
2010,4,7,19,30,153.64000000000001,0.15,4.3,0,0,0,0,23.400000000000002,98.93,960,0,0,0,0,23.6,139,3.5
2010,4,7,20,30,166.21,0.15,4.3,0,0,0,1,23.200000000000003,100,959,0,0,0,0,23.200000000000003,133,3
2010,4,7,21,30,168.42000000000002,0.15,4.2,0,0,0,1,23,100,959,0,0,0,0,23,127,2.6
2010,4,7,22,30,157.06,0.15,4.1000000000000005,0,0,0,3,22.8,100,958,0,0,0,0,22.8,122,2.4000000000000004
2010,4,7,23,30,143.03,0.15,4,0,0,0,1,22.6,100,958,0,0,0,0,22.6,117,2.3000000000000003
2010,4,8,0,30,128.47,0.15,3.8000000000000003,0,0,0,0,22.5,100,959,0,0,0,0,22.5,113,2.3000000000000003
2010,4,8,1,30,113.72,0.15,3.7,0,0,0,0,22.400000000000002,100,959,0,0,0,0,22.400000000000002,109,2.4000000000000004
2010,4,8,2,30,98.9,0.15,3.5,0,0,0,0,22.6,100,960,0,0,0,0,22.6,106,2.8000000000000003
2010,4,8,3,30,83.91,0.15,3.3000000000000003,43,130,57,0,22.700000000000003,94.82000000000001,961,43,130,0,57,23.6,106,3.5
2010,4,8,4,30,69.12,0.15,3.1,111,506,291,3,22.6,84.57000000000001,961,208,66,0,232,25.400000000000002,106,4.2
2010,4,8,5,30,54.25,0.15,3,141,693,546,0,22.200000000000003,73.35000000000001,961,141,693,0,546,27.400000000000002,105,4.3
2010,4,8,6,30,39.39,0.15,2.9000000000000004,192,727,753,0,21.900000000000002,64.34,961,192,727,0,753,29.3,103,4.3
2010,4,8,7,30,24.59,0.15,3,209,775,914,0,21.5,56.99,960,209,775,0,914,31,99,4.2
2010,4,8,8,30,10.19,0.15,3.1,224,788,999,0,21,52.050000000000004,959,224,788,0,999,32.1,96,4.1000000000000005
2010,4,8,9,30,6.98,0.15,3.2,234,779,1007,0,20.6,48.63,958,234,779,0,1007,32.800000000000004,92,4.1000000000000005
2010,4,8,10,30,20.97,0.15,3.4000000000000004,234,746,931,0,20.1,47.04,958,234,746,0,931,32.9,89,4
2010,4,8,11,30,35.730000000000004,0.15,3.4000000000000004,221,696,786,0,19.700000000000003,46.44,957,221,696,0,786,32.7,89,3.9000000000000004
2010,4,8,12,30,50.58,0.15,3.5,193,610,580,0,19.400000000000002,47.910000000000004,957,193,610,0,580,31.8,93,3.6
2010,4,8,13,30,65.44,0.15,3.5,147,465,340,0,19.8,54.24,958,147,465,0,340,30,104,2.8000000000000003
2010,4,8,14,30,80.27,0.15,3.5,71,188,103,0,21.6,69.86,958,71,188,0,103,27.6,119,2.3000000000000003
2010,4,8,15,30,95.22,0.15,3.6,0,0,0,0,22,79,959,0,0,0,0,25.900000000000002,130,2.6
2010,4,8,16,30,110.04,0.15,3.6,0,0,0,0,22,83.38,960,0,0,0,0,25,135,3.4000000000000004
2010,4,8,17,30,124.79,0.15,3.6,0,0,0,0,22.400000000000002,90.33,961,0,0,0,0,24.1,136,3.8000000000000003
2010,4,8,18,30,139.39000000000001,0.15,3.7,0,0,0,0,22.700000000000003,96.09,961,0,0,0,0,23.400000000000002,136,3.6
2010,4,8,19,30,153.56,0.15,3.7,0,0,0,0,22.900000000000002,99.95,961,0,0,0,0,22.900000000000002,137,3
2010,4,8,20,30,165.98,0.15,3.6,0,0,0,0,22.6,100,961,0,0,0,0,22.6,137,2.5
2010,4,8,21,30,168.06,0.15,3.6,0,0,0,0,22.400000000000002,100,960,0,0,0,0,22.400000000000002,137,2.2
2010,4,8,22,30,156.83,0.15,3.7,0,0,0,0,22.400000000000002,100,960,0,0,0,0,22.400000000000002,136,2.2
2010,4,8,23,30,142.87,0.15,3.7,0,0,0,0,22.400000000000002,100,960,0,0,0,0,22.400000000000002,134,2.3000000000000003
2010,4,9,0,30,128.34,0.15,3.7,0,0,0,1,22.3,100,960,0,0,0,0,22.3,133,2.3000000000000003
2010,4,9,1,30,113.61,0.15,3.7,0,0,0,0,22.200000000000003,100,960,0,0,0,0,22.200000000000003,131,2.2
2010,4,9,2,30,98.81,0.15,3.7,0,0,0,0,22.400000000000002,100,961,0,0,0,0,22.400000000000002,130,2.4000000000000004
2010,4,9,3,30,83.83,0.15,3.6,39,200,61,3,22.8,96.05,962,33,0,7,33,23.5,129,3.1
2010,4,9,4,30,69.05,0.15,3.6,91,578,298,1,22.900000000000002,86.47,962,91,578,0,298,25.3,127,3.6
2010,4,9,5,30,54.19,0.15,3.6,115,743,550,0,22.5,75.31,963,115,743,0,550,27.3,124,3.6
2010,4,9,6,30,39.35,0.15,3.6,129,828,769,0,22.200000000000003,66.23,962,129,828,0,769,29.1,118,3.3000000000000003
2010,4,9,7,30,24.580000000000002,0.15,3.7,139,869,929,0,22,60.72,962,139,869,0,929,30.400000000000002,113,3
2010,4,9,8,30,10.28,0.15,3.7,145,888,1019,0,21.700000000000003,56.550000000000004,960,145,888,0,1019,31.400000000000002,111,2.9000000000000004
2010,4,9,9,30,7.26,0.15,3.7,130,911,1033,2,21.5,54.24,959,519,174,0,691,31.900000000000002,112,2.8000000000000003
2010,4,9,10,30,21.11,0.15,3.7,122,902,964,1,21.3,52.92,958,122,902,0,964,32.1,117,2.9000000000000004
2010,4,9,11,30,35.83,0.15,3.8000000000000003,114,870,819,0,21.1,53.61,957,114,870,0,819,31.700000000000003,123,3
2010,4,9,12,30,50.660000000000004,0.15,3.8000000000000003,115,774,606,2,21.1,55.94,957,342,82,0,393,30.900000000000002,128,3.1
2010,4,9,13,30,65.51,0.15,3.9000000000000004,93,643,360,1,21.200000000000003,61.34,958,93,643,0,360,29.400000000000002,135,2.8000000000000003
2010,4,9,14,30,80.33,0.15,3.9000000000000004,53,349,112,0,22.200000000000003,73.76,958,53,349,0,112,27.3,142,2.3000000000000003
2010,4,9,15,30,95.26,0.15,4,0,0,0,0,22.900000000000002,83.94,959,0,0,0,0,25.8,148,2.3000000000000003
2010,4,9,16,30,110.07000000000001,0.15,4,0,0,0,0,22.8,87.51,960,0,0,0,0,25,150,2.7
2010,4,9,17,30,124.8,0.15,4,0,0,0,0,22.900000000000002,91.22,960,0,0,0,0,24.400000000000002,150,2.8000000000000003
2010,4,9,18,30,139.36,0.15,4,0,0,0,0,23,96.14,961,0,0,0,0,23.700000000000003,150,2.7
2010,4,9,19,30,153.48,0.15,4,0,0,0,0,23.200000000000003,99.77,961,0,0,0,0,23.200000000000003,149,2.5
2010,4,9,20,30,165.74,0.15,4,0,0,0,0,22.900000000000002,100,960,0,0,0,0,22.900000000000002,149,2.3000000000000003
2010,4,9,21,30,167.70000000000002,0.15,4,0,0,0,0,22.700000000000003,100,960,0,0,0,0,22.700000000000003,150,2.1
2010,4,9,22,30,156.61,0.15,4,0,0,0,0,22.5,100,959,0,0,0,0,22.5,151,2
2010,4,9,23,30,142.70000000000002,0.15,4,0,0,0,0,22.400000000000002,100,959,0,0,0,0,22.400000000000002,151,1.9000000000000001
2010,4,10,0,30,128.2,0.15,4,0,0,0,0,22.3,100,959,0,0,0,0,22.3,151,1.9000000000000001
2010,4,10,1,30,113.5,0.15,3.9000000000000004,0,0,0,0,22.200000000000003,100,960,0,0,0,0,22.200000000000003,151,1.8
2010,4,10,2,30,98.71000000000001,0.15,3.9000000000000004,0,0,0,0,22.400000000000002,100,960,0,0,0,0,22.400000000000002,152,2.1
2010,4,10,3,30,83.75,0.15,3.8000000000000003,36,276,66,0,22.8,95.21000000000001,960,36,276,0,66,23.6,155,2.8000000000000003
2010,4,10,4,30,68.98,0.15,3.7,76,641,306,0,22.700000000000003,84.28,961,76,641,0,306,25.6,157,3.2
2010,4,10,5,30,54.14,0.15,3.7,96,789,558,0,22.400000000000002,72.10000000000001,961,96,789,0,558,27.900000000000002,156,3.2
2010,4,10,6,30,39.31,0.15,3.7,108,864,777,0,22.1,63.06,960,108,864,0,777,29.900000000000002,154,3
2010,4,10,7,30,24.580000000000002,0.15,3.7,116,904,938,0,21.900000000000002,57.2,959,116,904,0,938,31.400000000000002,151,2.8000000000000003
2010,4,10,8,30,10.38,0.15,3.8000000000000003,119,923,1027,0,21.700000000000003,53.14,958,119,923,0,1027,32.5,150,2.7
2010,4,10,9,30,7.54,0.15,3.8000000000000003,132,907,1031,1,21.5,51.230000000000004,957,132,907,0,1031,32.9,149,2.7
2010,4,10,10,30,21.25,0.15,3.9000000000000004,126,894,959,2,21.3,50.61,956,502,247,0,732,32.9,150,2.8000000000000003
2010,4,10,11,30,35.93,0.15,4,116,862,814,0,21.1,51.22,955,116,862,0,814,32.5,151,2.8000000000000003
2010,4,10,12,30,50.74,0.15,4.1000000000000005,102,800,608,1,21.1,53.64,955,102,800,0,608,31.6,152,2.9000000000000004
2010,4,10,13,30,65.58,0.15,4.3,82,676,362,6,21.1,58.96,956,46,0,0,47,30,155,2.7
2010,4,10,14,30,80.38,0.15,4.4,48,385,113,7,22.200000000000003,71.27,956,3,0,0,3,27.900000000000002,158,2.4000000000000004
2010,4,10,15,30,95.3,0.15,4.4,0,0,0,6,22.900000000000002,81.11,957,0,0,0,0,26.400000000000002,160,2.7
2010,4,10,16,30,110.09,0.15,4.5,0,0,0,6,22.900000000000002,84.83,958,0,0,0,0,25.6,161,3.3000000000000003
2010,4,10,17,30,124.8,0.15,4.6000000000000005,0,0,0,8,23.1,90.22,958,0,0,0,0,24.8,162,3.6
2010,4,10,18,30,139.34,0.15,4.6000000000000005,0,0,0,8,23.3,95.24,959,0,0,0,0,24.1,162,3.3000000000000003
2010,4,10,19,30,153.39000000000001,0.15,4.7,0,0,0,7,23.5,99.14,959,0,0,0,0,23.6,162,2.9000000000000004
2010,4,10,20,30,165.5,0.15,4.7,0,0,0,6,23.400000000000002,100,958,0,0,0,0,23.400000000000002,164,2.6
2010,4,10,21,30,167.35,0.15,4.6000000000000005,0,0,0,7,23.200000000000003,100,957,0,0,0,0,23.200000000000003,167,2.3000000000000003
2010,4,10,22,30,156.38,0.15,4.6000000000000005,0,0,0,8,23.1,100,957,0,0,0,0,23.1,169,2.1
2010,4,10,23,30,142.54,0.15,4.6000000000000005,0,0,0,5,22.900000000000002,100,957,0,0,0,0,22.900000000000002,171,1.9000000000000001
2010,4,11,0,30,128.07,0.15,4.6000000000000005,0,0,0,8,22.8,100,957,0,0,0,0,22.8,173,1.7000000000000002
2010,4,11,1,30,113.39,0.15,4.5,0,0,0,5,22.700000000000003,100,958,0,0,0,0,22.700000000000003,174,1.6
2010,4,11,2,30,98.62,0.15,4.5,0,0,0,0,22.900000000000002,100,958,0,0,0,0,22.900000000000002,177,1.9000000000000001
2010,4,11,3,30,83.67,0.15,4.5,32,325,68,0,23.3,94.84,959,32,325,0,68,24.200000000000003,180,2.9000000000000004
2010,4,11,4,30,68.91,0.15,4.5,67,673,309,0,23.400000000000002,84.37,959,67,673,0,309,26.200000000000003,183,3.6
2010,4,11,5,30,54.09,0.15,4.5,86,806,558,0,22.700000000000003,71.32000000000001,960,86,806,0,558,28.400000000000002,186,3.8000000000000003
2010,4,11,6,30,39.28,0.15,4.5,122,828,763,1,22.1,61.95,959,122,828,0,763,30.200000000000003,186,3.7
2010,4,11,7,30,24.580000000000002,0.15,4.5,135,864,921,8,21.900000000000002,56.72,958,303,514,0,770,31.5,185,3.6
2010,4,11,8,30,10.5,0.15,4.6000000000000005,145,877,1007,7,21.8,54.410000000000004,957,304,560,0,854,32.2,182,3.4000000000000004
2010,4,11,9,30,7.84,0.15,4.7,178,832,1002,8,21.900000000000002,54.01,956,420,373,0,789,32.4,179,3.2
2010,4,11,10,30,21.39,0.15,4.800000000000001,179,806,929,8,22,55.39,955,437,222,0,644,32.1,176,3.1
2010,4,11,11,30,36.04,0.15,5,174,751,781,6,22.200000000000003,58.84,955,26,0,0,26,31.200000000000003,173,3.1
2010,4,11,12,30,50.83,0.15,5.1000000000000005,157,664,577,6,22.5,64.14,955,134,1,0,134,30,170,3
2010,4,11,13,30,65.65,0.15,5.300000000000001,128,505,336,6,22.900000000000002,71.93,956,132,7,0,135,28.5,168,2.6
2010,4,11,14,30,80.43,0.15,5.4,67,194,99,6,23.900000000000002,83.07000000000001,956,3,0,0,3,27,165,2.1
2010,4,11,15,30,95.34,0.15,5.4,0,0,0,6,24.3,90.16,957,0,0,0,0,26,163,2.2
2010,4,11,16,30,110.12,0.15,5.5,0,0,0,6,24.1,91.85000000000001,957,0,0,0,0,25.5,161,2.6
2010,4,11,17,30,124.81,0.15,5.5,0,0,0,7,24,94.46000000000001,958,0,0,0,0,25,161,2.8000000000000003
2010,4,11,18,30,139.31,0.15,5.5,0,0,0,6,24.1,97.54,958,0,0,0,0,24.5,160,2.8000000000000003
2010,4,11,19,30,153.3,0.15,5.4,0,0,0,6,24.1,100,958,0,0,0,0,24.1,160,2.7
2010,4,11,20,30,165.26,0.15,5.4,0,0,0,7,23.8,100,957,0,0,0,0,23.8,160,2.5
2010,4,11,21,30,166.99,0.15,5.300000000000001,0,0,0,7,23.700000000000003,100,957,0,0,0,0,23.700000000000003,160,2.4000000000000004
2010,4,11,22,30,156.15,0.15,5.300000000000001,0,0,0,7,23.6,100,956,0,0,0,0,23.6,160,2.2
2010,4,11,23,30,142.37,0.15,5.2,0,0,0,6,23.5,100,956,0,0,0,0,23.5,162,2.2
2010,4,12,0,30,127.94,0.15,5.2,0,0,0,7,23.400000000000002,100,957,0,0,0,0,23.400000000000002,165,2.1
2010,4,12,1,30,113.28,0.15,5.2,0,0,0,7,23.3,100,957,0,0,0,0,23.3,169,2
2010,4,12,2,30,98.52,0.15,5.1000000000000005,0,0,0,7,23.400000000000002,100,958,0,0,0,0,23.400000000000002,175,2.1
2010,4,12,3,30,83.59,0.15,5,40,218,64,3,23.700000000000003,98.99000000000001,959,42,0,7,42,23.900000000000002,185,2.7
2010,4,12,4,30,68.85000000000001,0.15,5,87,583,297,3,23.700000000000003,93.44,960,114,1,7,114,24.8,194,3.3000000000000003
2010,4,12,5,30,54.04,0.15,4.9,110,743,546,3,23.200000000000003,85.64,960,291,281,0,456,25.8,200,3.8000000000000003
2010,4,12,6,30,39.25,0.15,4.9,121,827,761,1,22.5,76.7,960,121,827,0,761,26.900000000000002,201,3.9000000000000004
2010,4,12,7,30,24.59,0.15,4.800000000000001,128,872,921,7,21.8,68.64,960,253,602,0,800,28.1,200,3.9000000000000004
2010,4,12,8,30,10.63,0.15,4.9,132,890,1007,8,21.3,63.04,959,388,390,0,771,29.1,200,3.8000000000000003
2010,4,12,9,30,8.13,0.15,4.9,153,863,1008,3,21.200000000000003,60.96,959,500,148,0,647,29.5,202,3.7
2010,4,12,10,30,21.54,0.15,4.9,150,846,937,2,21.200000000000003,60.6,958,497,158,0,644,29.6,203,3.7
2010,4,12,11,30,36.14,0.15,5,139,810,793,7,21.3,62.160000000000004,958,366,240,0,560,29.3,200,3.6
2010,4,12,12,30,50.910000000000004,0.15,5,148,685,580,7,21.6,65.32000000000001,958,205,14,0,214,28.700000000000003,199,3.3000000000000003
2010,4,12,13,30,65.71000000000001,0.15,5,118,537,339,9,21.900000000000002,71.09,958,7,0,0,7,27.6,199,2.7
2010,4,12,14,30,80.49,0.15,5.1000000000000005,63,227,101,9,22.900000000000002,82.35000000000001,959,3,0,0,3,26.1,202,1.8
2010,4,12,15,30,95.38,0.15,5.1000000000000005,0,0,0,9,23.6,91.52,959,0,0,0,0,25.1,204,1.3
2010,4,12,16,30,110.14,0.15,5,0,0,0,9,23.6,94.10000000000001,960,0,0,0,0,24.6,204,1.3
2010,4,12,17,30,124.81,0.15,4.9,0,0,0,6,23.6,96.25,960,0,0,0,0,24.200000000000003,200,1.2000000000000002
2010,4,12,18,30,139.27,0.15,4.9,0,0,0,6,23.6,98.61,960,0,0,0,0,23.8,194,1.1
2010,4,12,19,30,153.20000000000002,0.15,4.800000000000001,0,0,0,6,23.5,100,960,0,0,0,0,23.5,188,1
2010,4,12,20,30,165.01,0.15,4.7,0,0,0,6,23.200000000000003,100,959,0,0,0,0,23.200000000000003,184,1
2010,4,12,21,30,166.63,0.15,4.6000000000000005,0,0,0,7,22.900000000000002,100,959,0,0,0,0,22.900000000000002,184,0.9
2010,4,12,22,30,155.92000000000002,0.15,4.6000000000000005,0,0,0,7,22.8,100,958,0,0,0,0,22.8,186,0.8
2010,4,12,23,30,142.21,0.15,4.5,0,0,0,7,22.700000000000003,100,958,0,0,0,0,22.700000000000003,191,0.8
2010,4,13,0,30,127.81,0.15,4.5,0,0,0,7,22.6,100,958,0,0,0,0,22.6,194,0.8
2010,4,13,1,30,113.17,0.15,4.4,0,0,0,7,22.5,100,959,0,0,0,0,22.5,197,0.8
2010,4,13,2,30,98.43,0.15,4.4,0,0,0,7,22.700000000000003,100,959,0,0,0,0,22.700000000000003,201,1.1
2010,4,13,3,30,83.52,0.15,4.4,40,214,65,8,23.5,97.58,960,52,12,7,54,23.900000000000002,204,1.7000000000000002
2010,4,13,4,30,68.78,0.15,4.4,87,588,300,8,23.900000000000002,89.63,961,171,194,0,242,25.700000000000003,203,2.1
2010,4,13,5,30,53.99,0.15,4.4,106,755,550,1,23.6,79.53,961,106,755,0,550,27.5,204,2
2010,4,13,6,30,39.230000000000004,0.15,4.5,115,839,765,0,23.1,70.91,961,115,839,0,765,28.900000000000002,204,1.9000000000000001
2010,4,13,7,30,24.61,0.15,4.5,122,882,924,0,22.700000000000003,64.94,960,122,882,0,924,30,204,1.8
2010,4,13,8,30,10.77,0.15,4.6000000000000005,126,900,1010,0,22.6,61.63,959,126,900,0,1010,30.8,203,1.9000000000000001
2010,4,13,9,30,8.43,0.15,4.7,137,886,1013,0,22.6,61.13,958,137,886,0,1013,31,202,2
2010,4,13,10,30,21.69,0.15,4.800000000000001,136,867,941,8,22.700000000000003,62.24,957,402,306,0,686,30.8,199,2.1
2010,4,13,11,30,36.25,0.15,4.9,129,828,796,7,22.900000000000002,64.6,957,317,367,0,613,30.3,195,2.1
2010,4,13,12,30,50.99,0.15,5,115,756,591,0,23,68.44,957,115,756,0,591,29.400000000000002,190,2
2010,4,13,13,30,65.78,0.15,5,93,624,349,7,23.5,74.71000000000001,957,164,398,7,327,28.400000000000002,186,1.7000000000000002
2010,4,13,14,30,80.54,0.15,5.1000000000000005,53,326,106,7,23.8,83.41,958,77,32,7,82,26.900000000000002,182,1.3
2010,4,13,15,30,95.42,0.15,5.1000000000000005,0,0,0,7,24.8,94.09,959,0,0,0,0,25.8,178,1
2010,4,13,16,30,110.16,0.15,5.1000000000000005,0,0,0,7,24.400000000000002,95.60000000000001,959,0,0,0,0,25.200000000000003,174,1.1
2010,4,13,17,30,124.8,0.15,5.1000000000000005,0,0,0,7,24.200000000000003,96.65,960,0,0,0,0,24.8,171,1.1
2010,4,13,18,30,139.24,0.15,5.2,0,0,0,7,24.1,98,960,0,0,0,0,24.400000000000002,169,1.2000000000000002
2010,4,13,19,30,153.1,0.15,5.2,0,0,0,7,23.900000000000002,99.69,960,0,0,0,0,24,170,1.2000000000000002
2010,4,13,20,30,164.76,0.15,5.2,0,0,0,1,23.8,100,959,0,0,0,0,23.8,171,1.3
2010,4,13,21,30,166.28,0.15,5.2,0,0,0,0,23.5,100,958,0,0,0,0,23.5,173,1.3
2010,4,13,22,30,155.69,0.15,5.2,0,0,0,0,23.400000000000002,100,958,0,0,0,0,23.400000000000002,176,1.3
2010,4,13,23,30,142.04,0.15,5.2,0,0,0,3,23.3,100,957,0,0,0,0,23.3,179,1.2000000000000002
2010,4,14,0,30,127.68,0.15,5.2,0,0,0,1,23.1,100,957,0,0,0,0,23.1,181,1.2000000000000002
2010,4,14,1,30,113.07000000000001,0.15,5.2,0,0,0,3,23,100,958,0,0,0,0,23,180,1.2000000000000002
2010,4,14,2,30,98.34,0.15,5.2,0,0,0,0,23.200000000000003,100,959,0,0,0,0,23.200000000000003,171,1.3
2010,4,14,3,30,83.44,0.15,5.300000000000001,36,284,68,0,23.900000000000002,99.15,959,36,284,0,68,24,161,1.9000000000000001
2010,4,14,4,30,68.72,0.15,5.300000000000001,75,632,305,2,24.1,94.77,960,190,48,0,207,25,157,2.5
2010,4,14,5,30,53.95,0.15,5.300000000000001,97,771,550,0,24,88.94,960,97,771,0,550,26,156,2.6
2010,4,14,6,30,39.21,0.15,5.300000000000001,111,841,762,0,23.900000000000002,84.19,960,111,841,0,762,26.8,157,2.5
2010,4,14,7,30,24.63,0.15,5.300000000000001,121,877,918,0,23.8,80.38,959,121,877,0,918,27.5,163,2.4000000000000004
2010,4,14,8,30,10.92,0.15,5.300000000000001,127,893,1004,2,23.700000000000003,77.57000000000001,959,484,152,0,634,28,169,2.3000000000000003
2010,4,14,9,30,8.73,0.15,5.300000000000001,150,864,1003,8,23.5,76.27,958,327,518,0,838,28.1,171,2.3000000000000003
2010,4,14,10,30,21.84,0.15,5.2,144,851,934,7,23.5,76.87,957,351,428,0,748,27.900000000000002,173,2.2
2010,4,14,11,30,36.36,0.15,5.2,135,813,790,7,23.6,78.2,957,322,384,0,631,27.700000000000003,179,2
2010,4,14,12,30,51.08,0.15,5.2,107,772,593,7,23.700000000000003,81.41,957,41,0,0,41,27.200000000000003,183,1.8
2010,4,14,13,30,65.85,0.15,5.1000000000000005,87,645,351,7,24.1,87.09,958,190,102,0,232,26.400000000000002,181,1.5
2010,4,14,14,30,80.59,0.15,5.1000000000000005,50,346,107,7,24.3,93.49,958,24,0,0,24,25.400000000000002,177,1.2000000000000002
2010,4,14,15,30,95.45,0.15,5.1000000000000005,0,0,0,7,24.3,98.49000000000001,959,0,0,0,0,24.6,176,1
2010,4,14,16,30,110.18,0.15,5.2,0,0,0,6,24.1,98.95,960,0,0,0,0,24.3,176,1
2010,4,14,17,30,124.8,0.15,5.2,0,0,0,6,24,99.76,960,0,0,0,0,24,174,1
2010,4,14,18,30,139.20000000000002,0.15,5.2,0,0,0,6,23.700000000000003,100,961,0,0,0,0,23.700000000000003,170,1
2010,4,14,19,30,153,0.15,5.1000000000000005,0,0,0,6,23.400000000000002,100,961,0,0,0,0,23.400000000000002,166,0.9
2010,4,14,20,30,164.5,0.15,5.1000000000000005,0,0,0,7,23.1,100,960,0,0,0,0,23.1,163,0.9
2010,4,14,21,30,165.93,0.15,5.1000000000000005,0,0,0,7,22.900000000000002,100,959,0,0,0,0,22.900000000000002,161,0.9
2010,4,14,22,30,155.45000000000002,0.15,5.1000000000000005,0,0,0,7,22.700000000000003,100,959,0,0,0,0,22.700000000000003,160,0.8
2010,4,14,23,30,141.87,0.15,5,0,0,0,7,22.6,100,958,0,0,0,0,22.6,159,0.8
2010,4,15,0,30,127.55,0.15,5,0,0,0,7,22.5,100,959,0,0,0,0,22.5,158,0.8
2010,4,15,1,30,112.96000000000001,0.15,5,0,0,0,7,22.400000000000002,100,959,0,0,0,0,22.400000000000002,160,0.7000000000000001
2010,4,15,2,30,98.25,0.15,5,0,0,0,7,22.6,100,960,0,0,0,0,22.6,163,0.9
2010,4,15,3,30,83.37,0.15,5,45,162,63,7,23.3,100,961,46,4,7,47,23.3,164,1.5
2010,4,15,4,30,68.67,0.15,5,97,544,295,7,23.5,95.48,961,36,0,0,36,24.3,162,2.2
2010,4,15,5,30,53.910000000000004,0.15,5,119,718,542,7,23.5,88.69,961,235,348,0,441,25.5,160,2.5
2010,4,15,6,30,39.19,0.15,5,133,803,755,0,23.3,81.05,961,133,803,0,755,26.8,158,2.5
2010,4,15,7,30,24.650000000000002,0.15,5,141,848,912,7,23.1,76.11,961,171,775,0,875,27.700000000000003,157,2.4000000000000004
2010,4,15,8,30,11.08,0.15,5,145,870,998,7,23.1,73.26,960,198,761,0,945,28.3,157,2.3000000000000003
2010,4,15,9,30,9.03,0.15,5,163,847,999,8,23,72.58,959,337,509,0,840,28.400000000000002,156,2.3000000000000003
2010,4,15,10,30,22,0.15,5,158,831,928,0,23,72.99,959,158,831,0,928,28.3,155,2.3000000000000003
2010,4,15,11,30,36.46,0.15,5.1000000000000005,148,792,784,0,23,74.23,958,148,792,0,784,28,153,2.3000000000000003
2010,4,15,12,30,51.160000000000004,0.15,5.1000000000000005,130,720,582,2,23.1,77.47,958,346,135,0,431,27.400000000000002,151,2.2
2010,4,15,13,30,65.91,0.15,5.1000000000000005,102,588,342,3,23.6,83.94,959,112,0,0,112,26.5,149,1.8
2010,4,15,14,30,80.64,0.15,5,55,300,103,8,23.900000000000002,91.44,959,25,0,7,25,25.400000000000002,147,1.3
2010,4,15,15,30,95.49,0.15,5,0,0,0,7,24.200000000000003,98.37,960,0,0,0,0,24.5,146,1
2010,4,15,16,30,110.19,0.15,5,0,0,0,7,24,99.55,961,0,0,0,0,24.1,146,0.9
2010,4,15,17,30,124.79,0.15,4.9,0,0,0,7,23.8,100,961,0,0,0,0,23.8,147,0.9
2010,4,15,18,30,139.15,0.15,4.9,0,0,0,8,23.5,100,961,0,0,0,0,23.5,150,0.9
2010,4,15,19,30,152.89000000000001,0.15,4.800000000000001,0,0,0,8,23.200000000000003,100,961,0,0,0,0,23.200000000000003,154,0.8
2010,4,15,20,30,164.24,0.15,4.800000000000001,0,0,0,7,22.900000000000002,100,960,0,0,0,0,22.900000000000002,160,0.7000000000000001
2010,4,15,21,30,165.58,0.15,4.7,0,0,0,7,22.6,100,960,0,0,0,0,22.6,169,0.6000000000000001
2010,4,15,22,30,155.22,0.15,4.6000000000000005,0,0,0,7,22.3,100,959,0,0,0,0,22.3,179,0.6000000000000001
2010,4,15,23,30,141.71,0.15,4.6000000000000005,0,0,0,7,22.200000000000003,100,959,0,0,0,0,22.200000000000003,191,0.5
2010,4,16,0,30,127.42,0.15,4.5,0,0,0,7,22.1,100,960,0,0,0,0,22.1,208,0.5
2010,4,16,1,30,112.85000000000001,0.15,4.5,0,0,0,7,22,100,960,0,0,0,0,22,233,0.5
2010,4,16,2,30,98.17,0.15,4.4,0,0,0,7,22.1,98.7,961,0,0,0,0,22.3,262,0.6000000000000001
2010,4,16,3,30,83.3,0.15,4.4,36,314,72,7,22.400000000000002,94.88,962,51,12,7,52,23.3,275,0.9
2010,4,16,4,30,68.61,0.15,4.4,71,662,312,7,22.700000000000003,85.10000000000001,962,146,330,0,266,25.400000000000002,274,1.1
2010,4,16,5,30,53.870000000000005,0.15,4.5,86,805,560,7,22.700000000000003,75.17,962,168,604,0,524,27.5,280,1.1
2010,4,16,6,30,39.18,0.15,4.5,95,876,774,7,22.6,68.7,962,182,699,0,724,28.900000000000002,289,1
2010,4,16,7,30,24.68,0.15,4.5,101,914,931,7,22.5,65.08,962,241,632,0,814,29.8,294,1.1
2010,4,16,8,30,11.25,0.15,4.6000000000000005,103,930,1015,7,22.5,62.620000000000005,961,265,594,0,848,30.400000000000002,299,1.1
2010,4,16,9,30,9.34,0.15,4.7,94,943,1025,7,22.400000000000002,61.18,960,363,420,0,778,30.700000000000003,303,1.1
2010,4,16,10,30,22.16,0.15,4.800000000000001,92,929,952,7,22.200000000000003,60.65,959,261,567,0,786,30.700000000000003,306,1.1
2010,4,16,11,30,36.57,0.15,4.800000000000001,87,898,808,7,22,60.9,958,335,131,0,440,30.400000000000002,312,1
2010,4,16,12,30,51.24,0.15,4.9,124,734,583,6,21.900000000000002,62.190000000000005,958,94,1,0,95,29.900000000000002,322,1
2010,4,16,13,30,65.98,0.15,5,98,600,343,6,22.1,65.62,958,42,0,0,42,29.200000000000003,329,0.8
2010,4,16,14,30,80.69,0.15,5,54,301,103,6,22.6,71.85000000000001,959,5,0,0,5,28.200000000000003,338,0.4
2010,4,16,15,30,95.52,0.15,5.1000000000000005,0,0,0,6,23.700000000000003,79.60000000000001,960,0,0,0,0,27.5,175,0.2
2010,4,16,16,30,110.21000000000001,0.15,5.1000000000000005,0,0,0,7,23.900000000000002,82.69,961,0,0,0,0,27.1,20,0.2
2010,4,16,17,30,124.78,0.15,5.1000000000000005,0,0,0,7,23.400000000000002,81.59,961,0,0,0,0,26.8,73,0.1
2010,4,16,18,30,139.11,0.15,5.1000000000000005,0,0,0,7,23.200000000000003,83.04,961,0,0,0,0,26.3,152,0.1
2010,4,16,19,30,152.77,0.15,5.1000000000000005,0,0,0,8,23.200000000000003,85.38,961,0,0,0,0,25.8,201,0.30000000000000004
2010,4,16,20,30,163.98,0.15,5,0,0,0,0,23.200000000000003,88.83,960,0,0,0,0,25.200000000000003,215,0.4
2010,4,16,21,30,165.24,0.15,5,0,0,0,7,23.5,93.55,960,0,0,0,0,24.6,220,0.5
2010,4,16,22,30,154.99,0.15,4.9,0,0,0,0,23.400000000000002,96.28,959,0,0,0,0,24,223,0.6000000000000001
2010,4,16,23,30,141.54,0.15,4.9,0,0,0,8,23.3,98.43,959,0,0,0,0,23.6,225,0.6000000000000001
2010,4,17,0,30,127.29,0.14,4.9,0,0,0,0,23.200000000000003,99.4,959,0,0,0,0,23.3,227,0.6000000000000001
2010,4,17,1,30,112.75,0.14,4.9,0,0,0,0,23,100,960,0,0,0,0,23,229,0.6000000000000001
2010,4,17,2,30,98.08,0.14,4.9,0,0,0,0,22.900000000000002,98.81,960,0,0,0,0,23.1,232,0.9
2010,4,17,3,30,83.23,0.14,4.9,43,198,66,0,23,93,961,43,198,0,66,24.200000000000003,232,1.5
2010,4,17,4,30,68.56,0.14,4.9,97,547,297,3,23,84.25,962,197,67,0,222,25.900000000000002,229,1.9000000000000001
2010,4,17,5,30,53.83,0.14,4.9,124,706,541,0,23.200000000000003,77.99,962,124,706,0,541,27.400000000000002,225,1.8
2010,4,17,6,30,39.17,0.14,4.9,142,785,751,1,23.3,74.14,962,142,785,0,751,28.400000000000002,219,1.5
2010,4,17,7,30,24.72,0.14,5,155,825,904,1,23.400000000000002,72.14,961,155,825,0,904,28.900000000000002,209,1.1
2010,4,17,8,30,11.43,0.14,5,162,843,988,1,23.3,70.62,960,162,843,0,988,29.200000000000003,192,0.9
2010,4,17,9,30,9.64,0.14,5.1000000000000005,166,839,993,7,23.200000000000003,69.53,959,280,639,0,911,29.400000000000002,171,1
2010,4,17,10,30,22.32,0.14,5.1000000000000005,163,819,921,7,23.1,69.08,959,380,342,0,696,29.400000000000002,154,1.2000000000000002
2010,4,17,11,30,36.68,0.14,5.2,153,777,777,7,23,69.45,958,23,0,0,23,29.200000000000003,145,1.5
2010,4,17,12,30,51.33,0.14,5.300000000000001,135,704,575,6,23.200000000000003,72.56,958,240,47,0,269,28.6,145,1.7000000000000002
2010,4,17,13,30,66.04,0.14,5.300000000000001,108,561,336,6,23.8,79.84,959,146,15,0,152,27.6,148,1.6
2010,4,17,14,30,80.73,0.14,5.4,58,258,99,6,24.3,88.64,960,3,0,0,3,26.3,150,1.3
2010,4,17,15,30,95.55,0.14,5.4,0,0,0,6,24.700000000000003,96.74000000000001,960,0,0,0,0,25.3,152,1.3
2010,4,17,16,30,110.22,0.14,5.4,0,0,0,6,24.5,98.3,961,0,0,0,0,24.8,153,1.4000000000000001
2010,4,17,17,30,124.77,0.14,5.4,0,0,0,6,24.400000000000002,100,962,0,0,0,0,24.400000000000002,155,1.5
2010,4,17,18,30,139.05,0.14,5.300000000000001,0,0,0,6,24.1,100,962,0,0,0,0,24.1,158,1.5
2010,4,17,19,30,152.65,0.14,5.2,0,0,0,7,23.8,100,962,0,0,0,0,23.8,162,1.4000000000000001
2010,4,17,20,30,163.72,0.14,5.2,0,0,0,7,23.6,100,961,0,0,0,0,23.6,167,1.4000000000000001
2010,4,17,21,30,164.89000000000001,0.14,5.1000000000000005,0,0,0,7,23.400000000000002,100,960,0,0,0,0,23.400000000000002,171,1.4000000000000001
2010,4,17,22,30,154.76,0.14,5,0,0,0,8,23.3,100,960,0,0,0,0,23.3,174,1.4000000000000001
2010,4,17,23,30,141.38,0.14,4.9,0,0,0,3,23.1,100,960,0,0,0,0,23.1,177,1.5
2010,4,18,0,30,127.16,0.14,4.800000000000001,0,0,0,3,23,100,960,0,0,0,0,23,183,1.6
2010,4,18,1,30,112.65,0.14,4.800000000000001,0,0,0,0,22.8,100,960,0,0,0,0,22.8,190,1.7000000000000002
2010,4,18,2,30,98,0.14,4.7,0,0,0,3,22.8,100,961,0,0,0,0,22.8,196,1.9000000000000001
2010,4,18,3,30,83.17,0.14,4.7,43,206,68,0,23.3,99.33,962,43,206,0,68,23.400000000000002,199,2.5
2010,4,18,4,30,68.51,0.14,4.6000000000000005,96,556,299,0,23.400000000000002,93.01,962,96,556,0,299,24.6,197,3
2010,4,18,5,30,53.800000000000004,0.14,4.6000000000000005,123,712,543,0,23.400000000000002,83.88,962,123,712,0,543,26.3,193,3
2010,4,18,6,30,39.160000000000004,0.14,4.6000000000000005,149,775,750,0,23.1,75.77,962,149,775,0,750,27.8,188,2.6
2010,4,18,7,30,24.77,0.14,4.5,158,825,906,0,23,70.11,961,158,825,0,906,29,184,2.3000000000000003
2010,4,18,8,30,11.61,0.14,4.5,161,848,992,3,23.1,67.15,960,500,148,0,645,29.8,180,2
2010,4,18,9,30,9.950000000000001,0.14,4.4,165,846,998,0,23.1,65.37,959,165,846,0,998,30.3,173,1.8
2010,4,18,10,30,22.48,0.14,4.4,153,839,928,0,23,64.75,959,153,839,0,928,30.400000000000002,163,1.7000000000000002
2010,4,18,11,30,36.800000000000004,0.14,4.3,139,809,787,0,22.8,65.02,958,139,809,0,787,30.1,155,1.7000000000000002
2010,4,18,12,30,51.410000000000004,0.14,4.3,122,742,584,0,22.6,66.15,958,122,742,0,584,29.6,150,1.8
2010,4,18,13,30,66.1,0.14,4.3,97,607,343,0,22.700000000000003,70.98,958,97,607,0,343,28.5,150,1.6
2010,4,18,14,30,80.78,0.14,4.3,53,311,103,7,23.5,81.92,959,81,40,0,87,26.8,152,1.3
2010,4,18,15,30,95.58,0.14,4.2,0,0,0,7,24.400000000000002,94.04,960,0,0,0,0,25.400000000000002,156,1.2000000000000002
2010,4,18,16,30,110.23,0.14,4.2,0,0,0,6,23.8,95.34,960,0,0,0,0,24.6,159,1.4000000000000001
2010,4,18,17,30,124.75,0.14,4.2,0,0,0,7,23.5,97.14,961,0,0,0,0,24,162,1.5
2010,4,18,18,30,139,0.14,4.2,0,0,0,7,23.400000000000002,99.17,961,0,0,0,0,23.5,164,1.6
2010,4,18,19,30,152.53,0.14,4.2,0,0,0,7,23.1,100,961,0,0,0,0,23.1,167,1.7000000000000002
2010,4,18,20,30,163.45000000000002,0.14,4.2,0,0,0,7,22.8,100,960,0,0,0,0,22.8,171,1.7000000000000002
2010,4,18,21,30,164.55,0.14,4.2,0,0,0,8,22.5,100,960,0,0,0,0,22.5,176,1.6
2010,4,18,22,30,154.53,0.14,4.2,0,0,0,1,22.3,100,959,0,0,0,0,22.3,180,1.5
2010,4,18,23,30,141.21,0.14,4.3,0,0,0,0,22.200000000000003,100,959,0,0,0,0,22.200000000000003,185,1.4000000000000001
2010,4,19,0,30,127.03,0.14,4.3,0,0,0,0,22,100,959,0,0,0,0,22,189,1.3
2010,4,19,1,30,112.54,0.14,4.3,0,0,0,0,21.900000000000002,100,960,0,0,0,0,21.900000000000002,194,1.3
2010,4,19,2,30,97.91,0.14,4.3,0,0,0,0,22.3,100,961,0,0,0,0,22.3,199,1.6
2010,4,19,3,30,83.10000000000001,0.14,4.2,43,230,70,0,23,95.92,961,43,230,0,70,23.700000000000003,203,2.5
2010,4,19,4,30,68.46000000000001,0.14,4.2,91,581,304,0,23.400000000000002,87.08,962,91,581,0,304,25.700000000000003,203,2.9000000000000004
2010,4,19,5,30,53.77,0.14,4.1000000000000005,113,741,551,0,23.5,78.92,962,113,741,0,551,27.5,200,2.5
2010,4,19,6,30,39.160000000000004,0.14,4.1000000000000005,125,824,764,0,23.400000000000002,71.39,962,125,824,0,764,29.1,193,2
2010,4,19,7,30,24.82,0.14,4,133,868,921,0,23.200000000000003,66.17,961,133,868,0,921,30.200000000000003,184,1.8
2010,4,19,8,30,11.81,0.14,4.1000000000000005,137,886,1004,0,22.900000000000002,62.25,960,137,886,0,1004,31,178,1.9000000000000001
2010,4,19,9,30,10.25,0.14,4.1000000000000005,139,884,1010,0,22.6,60.08,959,139,884,0,1010,31.3,176,2
2010,4,19,10,30,22.650000000000002,0.14,4.2,135,867,936,0,22.3,59.06,958,135,867,0,936,31.3,176,2.2
2010,4,19,11,30,36.910000000000004,0.14,4.3,128,828,790,0,22.1,59.61,958,128,828,0,790,30.900000000000002,176,2.4000000000000004
2010,4,19,12,30,51.49,0.14,4.3,127,729,581,0,22,61.230000000000004,958,127,729,0,581,30.3,176,2.5
2010,4,19,13,30,66.17,0.14,4.3,103,585,339,0,22.1,66.34,958,103,585,0,339,29,176,2.2
2010,4,19,14,30,80.82000000000001,0.14,4.3,55,283,101,0,23.1,79.21000000000001,959,55,283,0,101,27,175,1.6
2010,4,19,15,30,95.60000000000001,0.14,4.3,0,0,0,0,23.8,90.17,959,0,0,0,0,25.5,174,1.4000000000000001
2010,4,19,16,30,110.24000000000001,0.14,4.3,0,0,0,0,23.5,92.28,960,0,0,0,0,24.8,174,1.5
2010,4,19,17,30,124.73,0.14,4.3,0,0,0,0,23.3,94.84,961,0,0,0,0,24.200000000000003,175,1.5
2010,4,19,18,30,138.94,0.14,4.2,0,0,0,0,23.200000000000003,97.03,961,0,0,0,0,23.700000000000003,176,1.5
2010,4,19,19,30,152.4,0.14,4.2,0,0,0,0,23.1,98.79,961,0,0,0,0,23.3,177,1.5
2010,4,19,20,30,163.19,0.14,4.1000000000000005,0,0,0,0,22.8,100,960,0,0,0,0,22.8,178,1.5
2010,4,19,21,30,164.22,0.14,4.1000000000000005,0,0,0,0,22.400000000000002,100,959,0,0,0,0,22.400000000000002,179,1.5
2010,4,19,22,30,154.29,0.14,4,0,0,0,0,22.1,100,959,0,0,0,0,22.1,181,1.5
2010,4,19,23,30,141.04,0.14,3.9000000000000004,0,0,0,0,21.8,100,959,0,0,0,0,21.8,185,1.4000000000000001
2010,4,20,0,30,126.91,0.14,3.8000000000000003,0,0,0,0,21.6,100,959,0,0,0,0,21.6,190,1.3
2010,4,20,1,30,112.44,0.14,3.8000000000000003,0,0,0,0,21.400000000000002,100,960,0,0,0,0,21.400000000000002,196,1.3
2010,4,20,2,30,97.83,0.14,3.7,0,0,0,0,21.700000000000003,100,960,0,0,0,0,21.700000000000003,203,1.6
2010,4,20,3,30,83.04,0.14,3.7,41,269,73,3,22.3,94.89,961,41,0,7,41,23.200000000000003,207,2.5
2010,4,20,4,30,68.41,0.14,3.7,84,615,310,3,22.700000000000003,84.52,962,201,103,0,239,25.5,207,3.2
2010,4,20,5,30,53.75,0.14,3.7,107,760,556,3,22.400000000000002,73.05,962,325,102,0,385,27.700000000000003,207,3.3000000000000003
2010,4,20,6,30,39.17,0.14,3.7,118,841,770,1,22.3,65.25,962,118,841,0,770,29.5,207,3.1
2010,4,20,7,30,24.87,0.14,3.8000000000000003,129,875,923,0,22.200000000000003,60.15,961,129,875,0,923,30.8,206,3.1
2010,4,20,8,30,12,0.14,3.8000000000000003,136,890,1006,1,21.900000000000002,56.620000000000005,960,136,890,0,1006,31.6,205,3.1
2010,4,20,9,30,10.55,0.14,3.8000000000000003,149,872,1007,2,21.6,54.25,959,533,223,0,752,32,203,3.2
2010,4,20,10,30,22.81,0.14,3.8000000000000003,149,850,932,2,21.400000000000002,53.42,958,483,303,0,762,32,201,3.3000000000000003
2010,4,20,11,30,37.02,0.14,3.9000000000000004,142,804,785,8,21.200000000000003,53.910000000000004,957,363,158,7,490,31.700000000000003,198,3.4000000000000004
2010,4,20,12,30,51.58,0.14,3.9000000000000004,130,723,579,1,21.1,56.45,957,130,723,0,579,30.8,196,3.3000000000000003
2010,4,20,13,30,66.23,0.14,3.9000000000000004,105,576,338,0,21.200000000000003,62.52,958,105,576,0,338,29.1,192,2.8000000000000003
2010,4,20,14,30,80.87,0.14,3.8000000000000003,55,282,100,0,22.6,77.23,958,55,282,0,100,26.900000000000002,189,2
2010,4,20,15,30,95.63,0.14,3.8000000000000003,0,0,0,0,22.8,86.06,959,0,0,0,0,25.3,186,1.8
2010,4,20,16,30,110.24000000000001,0.14,3.7,0,0,0,0,22.6,89.37,959,0,0,0,0,24.5,185,1.7000000000000002
2010,4,20,17,30,124.71000000000001,0.14,3.7,0,0,0,0,22.6,93.06,960,0,0,0,0,23.8,185,1.6
2010,4,20,18,30,138.88,0.14,3.6,0,0,0,0,22.6,95.84,960,0,0,0,0,23.3,185,1.5
2010,4,20,19,30,152.27,0.14,3.6,0,0,0,0,22.6,98.2,960,0,0,0,0,22.900000000000002,185,1.4000000000000001
2010,4,20,20,30,162.92000000000002,0.14,3.6,0,0,0,0,22.6,100,959,0,0,0,0,22.6,184,1.4000000000000001
2010,4,20,21,30,163.88,0.14,3.7,0,0,0,0,22.200000000000003,100,959,0,0,0,0,22.200000000000003,183,1.5
2010,4,20,22,30,154.06,0.14,3.7,0,0,0,0,22,100,958,0,0,0,0,22,182,1.5
2010,4,20,23,30,140.88,0.14,3.7,0,0,0,0,21.900000000000002,100,958,0,0,0,0,21.900000000000002,181,1.6
2010,4,21,0,30,126.78,0.14,3.8000000000000003,0,0,0,0,21.8,100,958,0,0,0,0,21.8,183,1.6
2010,4,21,1,30,112.34,0.14,3.9000000000000004,0,0,0,0,21.6,100,959,0,0,0,0,21.6,187,1.6
2010,4,21,2,30,97.75,0.14,3.9000000000000004,0,0,0,0,22,100,960,0,0,0,0,22,194,1.9000000000000001
2010,4,21,3,30,82.98,0.14,3.9000000000000004,40,284,75,0,22.8,95.95,960,40,284,0,75,23.5,200,2.9000000000000004
2010,4,21,4,30,68.37,0.14,3.9000000000000004,80,632,313,0,23.200000000000003,87.22,961,80,632,0,313,25.5,201,3.7
2010,4,21,5,30,53.730000000000004,0.14,3.8000000000000003,97,783,561,0,23,76.21000000000001,961,97,783,0,561,27.6,201,3.9000000000000004
2010,4,21,6,30,39.17,0.14,3.8000000000000003,107,860,774,0,22.700000000000003,67.57000000000001,960,107,860,0,774,29.3,201,3.9000000000000004
2010,4,21,7,30,24.93,0.14,3.8000000000000003,112,900,929,0,22.3,61.71,960,112,900,0,929,30.5,202,4
2010,4,21,8,30,12.21,0.14,3.8000000000000003,116,918,1013,0,22,57.51,959,116,918,0,1013,31.400000000000002,203,4.1000000000000005
2010,4,21,9,30,10.86,0.14,3.8000000000000003,114,921,1019,0,21.8,55.52,958,114,921,0,1019,31.8,205,4.1000000000000005
2010,4,21,10,30,22.98,0.14,3.9000000000000004,111,906,945,0,21.6,54.660000000000004,957,111,906,0,945,31.900000000000002,206,4.1000000000000005
2010,4,21,11,30,37.13,0.14,4,105,871,799,2,21.5,55.160000000000004,956,404,286,0,632,31.6,204,3.9000000000000004
2010,4,21,12,30,51.660000000000004,0.14,4,120,746,583,3,21.5,57.56,957,334,82,0,385,30.8,202,3.7
2010,4,21,13,30,66.29,0.14,4,101,593,339,7,21.5,63.38,957,187,244,0,285,29.200000000000003,197,2.9000000000000004
2010,4,21,14,30,80.91,0.14,4,57,267,99,0,22.8,77.36,958,57,267,0,99,27.1,191,2.1
2010,4,21,15,30,95.65,0.14,4,0,0,0,0,23.200000000000003,85.89,958,0,0,0,0,25.700000000000003,185,1.9000000000000001
2010,4,21,16,30,110.24000000000001,0.14,4,0,0,0,0,23,88.32000000000001,959,0,0,0,0,25.1,182,2
2010,4,21,17,30,124.69,0.14,3.9000000000000004,0,0,0,0,23,91.61,959,0,0,0,0,24.5,179,2
2010,4,21,18,30,138.82,0.14,3.9000000000000004,0,0,0,0,23.1,95.75,959,0,0,0,0,23.8,177,1.9000000000000001
2010,4,21,19,30,152.14000000000001,0.14,3.8000000000000003,0,0,0,0,23.1,99.27,959,0,0,0,0,23.200000000000003,175,1.8
2010,4,21,20,30,162.65,0.14,3.8000000000000003,0,0,0,0,22.700000000000003,100,958,0,0,0,0,22.700000000000003,174,1.8
2010,4,21,21,30,163.55,0.14,3.8000000000000003,0,0,0,0,22.400000000000002,100,958,0,0,0,0,22.400000000000002,174,1.6
2010,4,21,22,30,153.83,0.14,3.7,0,0,0,0,22.1,100,958,0,0,0,0,22.1,175,1.4000000000000001
2010,4,21,23,30,140.72,0.14,3.7,0,0,0,1,21.900000000000002,100,957,0,0,0,0,21.900000000000002,177,1.3
2010,4,22,0,30,126.66,0.14,3.6,0,0,0,0,21.700000000000003,100,958,0,0,0,0,21.700000000000003,180,1.3
2010,4,22,1,30,112.24000000000001,0.14,3.6,0,0,0,0,21.5,100,958,0,0,0,0,21.5,184,1.3
2010,4,22,2,30,97.67,0.14,3.6,0,0,0,0,21.900000000000002,100,959,0,0,0,0,21.900000000000002,189,1.6
2010,4,22,3,30,82.92,0.14,3.6,37,337,79,0,22.8,95.38,959,37,337,0,79,23.6,194,2.5
2010,4,22,4,30,68.33,0.14,3.6,68,686,321,0,23.1,85.14,960,68,686,0,321,25.8,198,3.1
2010,4,22,5,30,53.71,0.14,3.7,80,826,569,0,22.6,73.09,960,80,826,0,569,27.900000000000002,201,3.4000000000000004
2010,4,22,6,30,39.18,0.14,3.9000000000000004,90,889,779,0,21.900000000000002,63.15,960,90,889,0,779,29.6,203,3.6
2010,4,22,7,30,24.990000000000002,0.14,4,95,923,932,0,21.6,57.620000000000005,959,95,923,0,932,30.900000000000002,202,3.7
2010,4,22,8,30,12.42,0.14,4.1000000000000005,98,938,1014,0,21.6,55.08,958,98,938,0,1014,31.700000000000003,201,3.7
2010,4,22,9,30,11.16,0.14,4.2,102,932,1016,2,21.700000000000003,54.1,957,506,194,0,696,32.2,200,3.7
2010,4,22,10,30,23.150000000000002,0.14,4.3,101,915,942,3,22,54.480000000000004,956,480,190,0,655,32.300000000000004,199,3.6
2010,4,22,11,30,37.24,0.14,4.4,97,877,795,3,22.200000000000003,56.4,956,407,119,0,502,31.900000000000002,198,3.4000000000000004
2010,4,22,12,30,51.74,0.14,4.6000000000000005,90,807,589,2,22.3,59.58,956,255,473,0,548,31.1,196,3.1
2010,4,22,13,30,66.35,0.14,4.7,76,677,347,0,22.6,65.92,957,76,677,0,347,29.6,191,2.5
2010,4,22,14,30,80.95,0.14,4.800000000000001,45,379,104,0,23.900000000000002,80.11,958,45,379,0,104,27.6,184,1.8
2010,4,22,15,30,95.68,0.14,4.9,0,0,0,0,24.5,90.4,958,0,0,0,0,26.200000000000003,176,1.7000000000000002
2010,4,22,16,30,110.25,0.14,5,0,0,0,0,24.400000000000002,92.83,959,0,0,0,0,25.6,172,2.1
2010,4,22,17,30,124.66,0.14,5,0,0,0,3,24.400000000000002,95.75,959,0,0,0,0,25.1,170,2.4000000000000004
2010,4,22,18,30,138.76,0.14,5,0,0,0,3,24.5,99.2,959,0,0,0,0,24.6,170,2.6
2010,4,22,19,30,152.01,0.14,5,0,0,0,7,24.200000000000003,100,959,0,0,0,0,24.200000000000003,168,2.5
2010,4,22,20,30,162.38,0.14,4.9,0,0,0,7,23.900000000000002,100,958,0,0,0,0,23.900000000000002,163,2.2
2010,4,22,21,30,163.23,0.14,4.9,0,0,0,7,23.700000000000003,100,957,0,0,0,0,23.700000000000003,164,2.1
2010,4,22,22,30,153.61,0.14,5,0,0,0,7,23.5,100,958,0,0,0,0,23.5,179,2.2
2010,4,22,23,30,140.55,0.14,5.1000000000000005,0,0,0,7,23.6,100,959,0,0,0,0,23.6,194,2.7
2010,4,23,0,30,126.53,0.14,5.2,0,0,0,8,23.6,100,959,0,0,0,0,23.6,196,2.8000000000000003
2010,4,23,1,30,112.15,0.14,5.1000000000000005,0,0,0,0,23.6,100,960,0,0,0,0,23.6,195,2.6
2010,4,23,2,30,97.60000000000001,0.14,5.1000000000000005,0,0,0,0,23.700000000000003,100,960,0,0,0,0,23.700000000000003,198,2.6
2010,4,23,3,30,82.86,0.14,5.1000000000000005,39,290,75,0,24.200000000000003,99.39,961,39,290,0,75,24.3,202,3.1
2010,4,23,4,30,68.29,0.14,5.2,78,627,309,7,24.5,95.69,962,164,57,0,185,25.200000000000003,205,3.8000000000000003
2010,4,23,5,30,53.69,0.14,5.2,97,768,552,3,24.3,89,962,304,204,0,425,26.3,204,4.2
2010,4,23,6,30,39.2,0.14,5.300000000000001,108,840,759,3,24.1,81.58,961,380,94,0,452,27.5,204,4.3
2010,4,23,7,30,25.060000000000002,0.14,5.300000000000001,116,879,911,1,23.900000000000002,76.49,961,116,879,0,911,28.400000000000002,204,4.3
2010,4,23,8,30,12.63,0.14,5.300000000000001,120,895,993,3,23.700000000000003,73.74,960,391,4,0,395,28.900000000000002,204,4.2
2010,4,23,9,30,11.46,0.14,5.300000000000001,138,871,991,8,23.700000000000003,72.56,959,446,109,0,553,29.1,206,4.1000000000000005
2010,4,23,10,30,23.31,0.14,5.4,137,850,917,7,23.6,72.60000000000001,959,411,148,0,547,29,207,4
2010,4,23,11,30,37.35,0.14,5.4,130,809,773,6,23.400000000000002,73.16,958,348,98,0,425,28.700000000000003,206,3.9000000000000004
2010,4,23,12,30,51.82,0.14,5.4,121,726,570,7,23.400000000000002,76.54,959,275,94,0,333,27.900000000000002,204,3.6
2010,4,23,13,30,66.41,0.14,5.4,98,585,332,6,23.6,82.82000000000001,959,7,0,0,7,26.8,200,2.9000000000000004
2010,4,23,14,30,80.99,0.14,5.4,54,277,97,7,24.200000000000003,91.62,960,3,0,0,3,25.700000000000003,196,2.1
2010,4,23,15,30,95.7,0.14,5.4,0,0,0,8,24.400000000000002,97.51,960,0,0,0,0,24.8,194,1.9000000000000001
2010,4,23,16,30,110.24000000000001,0.14,5.300000000000001,0,0,0,4,24.3,99.26,960,0,0,0,0,24.400000000000002,193,2
2010,4,23,17,30,124.64,0.14,5.1000000000000005,0,0,0,3,24.1,100,961,0,0,0,0,24.1,193,2.2
2010,4,23,18,30,138.69,0.14,5,0,0,0,6,23.8,100,961,0,0,0,0,23.8,193,2.3000000000000003
2010,4,23,19,30,151.87,0.14,4.800000000000001,0,0,0,6,23.5,100,960,0,0,0,0,23.5,193,2.3000000000000003
2010,4,23,20,30,162.11,0.14,4.7,0,0,0,6,23.200000000000003,100,960,0,0,0,0,23.200000000000003,193,2.1
2010,4,23,21,30,162.9,0.14,4.6000000000000005,0,0,0,6,22.900000000000002,100,959,0,0,0,0,22.900000000000002,196,1.9000000000000001
2010,4,23,22,30,153.38,0.14,4.5,0,0,0,6,22.6,100,959,0,0,0,0,22.6,202,1.6
2010,4,23,23,30,140.39000000000001,0.14,4.5,0,0,0,7,22.400000000000002,100,959,0,0,0,0,22.400000000000002,209,1.6
2010,4,24,0,30,126.41,0.14,4.5,0,0,0,7,22.3,100,960,0,0,0,0,22.3,217,1.6
2010,4,24,1,30,112.05,0.14,4.6000000000000005,0,0,0,7,22.3,100,960,0,0,0,0,22.3,225,1.7000000000000002
2010,4,24,2,30,97.53,0.14,4.6000000000000005,0,0,0,7,22.700000000000003,100,961,0,0,0,0,22.700000000000003,232,2.1
2010,4,24,3,30,82.81,0.14,4.7,45,226,73,3,23.3,97.37,961,51,1,7,51,23.700000000000003,234,2.9000000000000004
2010,4,24,4,30,68.26,0.14,4.7,94,563,303,0,23.900000000000002,91.86,961,94,563,0,303,25.3,227,3.9000000000000004
2010,4,24,5,30,53.68,0.14,4.800000000000001,117,721,544,0,24,83.58,961,117,721,0,544,27,220,4.5
2010,4,24,6,30,39.22,0.14,4.800000000000001,127,809,754,0,23.8,76.41,961,127,809,0,754,28.3,215,4.5
2010,4,24,7,30,25.14,0.14,4.9,131,857,907,0,23.6,71.77,960,131,857,0,907,29.200000000000003,212,4.5
2010,4,24,8,30,12.85,0.14,4.9,128,885,992,3,23.5,69.39,960,487,156,0,639,29.700000000000003,209,4.5
2010,4,24,9,30,11.76,0.14,4.9,123,895,999,8,23.400000000000002,68.19,959,232,655,0,873,29.900000000000002,208,4.4
2010,4,24,10,30,23.48,0.14,5,115,885,927,2,23.400000000000002,68.4,958,473,262,0,713,29.8,208,4.2
2010,4,24,11,30,37.47,0.14,5,105,856,784,8,23.400000000000002,69.74,958,328,67,7,381,29.5,209,4
2010,4,24,12,30,51.9,0.14,5,91,798,584,7,23.5,73.17,958,205,465,0,492,28.8,210,3.7
2010,4,24,13,30,66.46000000000001,0.14,5,72,684,345,8,23.8,79.49,958,6,0,0,6,27.700000000000003,210,3
2010,4,24,14,30,81.03,0.14,4.9,41,405,105,8,24.6,90.71000000000001,959,41,2,0,41,26.200000000000003,211,2.2
2010,4,24,15,30,95.72,0.14,4.800000000000001,0,0,0,4,24.700000000000003,96.46000000000001,960,0,0,0,0,25.3,212,2.2
2010,4,24,16,30,110.24000000000001,0.14,4.7,0,0,0,4,24.6,98.14,960,0,0,0,0,24.900000000000002,213,2.6
2010,4,24,17,30,124.60000000000001,0.14,4.5,0,0,0,4,24.5,100,961,0,0,0,0,24.5,214,2.8000000000000003
2010,4,24,18,30,138.62,0.14,4.4,0,0,0,7,24.1,100,961,0,0,0,0,24.1,214,2.7
2010,4,24,19,30,151.72,0.14,4.4,0,0,0,7,23.900000000000002,100,960,0,0,0,0,23.900000000000002,213,2.6
2010,4,24,20,30,161.84,0.14,4.4,0,0,0,7,23.700000000000003,100,960,0,0,0,0,23.700000000000003,211,2.5
2010,4,24,21,30,162.58,0.14,4.4,0,0,0,7,23.5,100,959,0,0,0,0,23.5,210,2.2
2010,4,24,22,30,153.15,0.14,4.4,0,0,0,7,23.200000000000003,100,959,0,0,0,0,23.200000000000003,210,2
2010,4,24,23,30,140.23,0.14,4.5,0,0,0,7,23.1,100,959,0,0,0,0,23.1,210,2
2010,4,25,0,30,126.29,0.14,4.5,0,0,0,8,23,100,959,0,0,0,0,23,207,2
2010,4,25,1,30,111.96000000000001,0.14,4.6000000000000005,0,0,0,8,22.900000000000002,100,960,0,0,0,0,22.900000000000002,203,2
2010,4,25,2,30,97.45,0.14,4.6000000000000005,0,0,0,3,23,100,961,0,0,0,0,23,199,2.3000000000000003
2010,4,25,3,30,82.76,0.14,4.7,37,337,79,0,23.6,99.36,961,37,337,0,79,23.700000000000003,195,3
2010,4,25,4,30,68.22,0.14,4.6000000000000005,68,672,318,2,24.1,95.19,962,185,167,0,247,24.900000000000002,191,3.9000000000000004
2010,4,25,5,30,53.67,0.14,4.6000000000000005,81,812,562,0,24,88.19,962,81,812,0,562,26.1,190,4.3
2010,4,25,6,30,39.24,0.14,4.6000000000000005,89,881,771,0,22.6,75.88,962,89,881,0,771,27.200000000000003,194,4.3
2010,4,25,7,30,25.21,0.14,4.5,95,916,923,0,21.200000000000003,65.86,961,95,916,0,923,28.200000000000003,202,4.1000000000000005
2010,4,25,8,30,13.07,0.14,4.5,99,930,1004,3,20.5,60.42,960,487,172,0,655,28.900000000000002,209,4
2010,4,25,9,30,12.05,0.14,4.5,108,919,1006,1,20.3,57.9,959,108,919,0,1006,29.5,215,3.9000000000000004
2010,4,25,10,30,23.650000000000002,0.14,4.5,106,903,933,3,20.400000000000002,57.14,958,453,143,0,583,29.8,218,3.8000000000000003
2010,4,25,11,30,37.58,0.14,4.5,100,868,788,7,20.5,57.65,957,226,564,0,673,29.700000000000003,219,3.6
2010,4,25,12,30,51.980000000000004,0.14,4.5,110,756,575,0,20.5,59.92,957,110,756,0,575,29.1,218,3.2
2010,4,25,13,30,66.52,0.14,4.4,90,619,337,8,20.700000000000003,65.2,958,184,214,0,269,27.8,215,2.5
2010,4,25,14,30,81.06,0.14,4.4,51,309,99,8,21.900000000000002,80.12,958,76,49,7,83,25.6,209,1.6
2010,4,25,15,30,95.73,0.14,4.5,0,0,0,7,22.400000000000002,90.16,959,0,0,0,0,24.1,204,1.4000000000000001
2010,4,25,16,30,110.24000000000001,0.14,4.5,0,0,0,7,22.200000000000003,92.31,959,0,0,0,0,23.5,202,1.5
2010,4,25,17,30,124.57000000000001,0.14,4.6000000000000005,0,0,0,7,22.200000000000003,94.56,960,0,0,0,0,23.1,203,1.5
2010,4,25,18,30,138.54,0.14,4.6000000000000005,0,0,0,6,22.200000000000003,97.2,960,0,0,0,0,22.700000000000003,205,1.4000000000000001
2010,4,25,19,30,151.58,0.14,4.7,0,0,0,6,22.3,99.12,959,0,0,0,0,22.400000000000002,207,1.3
2010,4,25,20,30,161.57,0.14,4.800000000000001,0,0,0,6,22.200000000000003,100,959,0,0,0,0,22.200000000000003,209,1.2000000000000002
2010,4,25,21,30,162.26,0.14,4.800000000000001,0,0,0,7,22.1,100,958,0,0,0,0,22.1,210,1.2000000000000002
2010,4,25,22,30,152.93,0.14,4.800000000000001,0,0,0,7,21.900000000000002,100,958,0,0,0,0,21.900000000000002,212,1.2000000000000002
2010,4,25,23,30,140.07,0.14,4.800000000000001,0,0,0,7,21.900000000000002,100,958,0,0,0,0,21.900000000000002,215,1.2000000000000002
2010,4,26,0,30,126.17,0.14,4.800000000000001,0,0,0,0,21.8,100,958,0,0,0,0,21.8,220,1.2000000000000002
2010,4,26,1,30,111.87,0.14,4.800000000000001,0,0,0,0,21.8,100,959,0,0,0,0,21.8,224,1.2000000000000002
2010,4,26,2,30,97.38,0.14,4.800000000000001,0,0,0,0,22.1,100,960,0,0,0,0,22.1,227,1.5
2010,4,26,3,30,82.71000000000001,0.14,4.800000000000001,47,211,73,0,22.700000000000003,97.04,960,47,211,0,73,23.200000000000003,228,2.3000000000000003
2010,4,26,4,30,68.19,0.14,4.800000000000001,92,573,305,0,23.3,90.59,961,92,573,0,305,24.900000000000002,227,2.9000000000000004
2010,4,26,5,30,53.660000000000004,0.14,4.9,108,743,548,0,23.3,81.58,961,108,743,0,548,26.700000000000003,227,3.3000000000000003
2010,4,26,6,30,39.26,0.14,4.9,115,829,757,3,22.900000000000002,72.63,961,360,370,0,646,28.3,226,3.4000000000000004
2010,4,26,7,30,25.3,0.14,5,121,870,907,0,22.6,66.89,961,121,870,0,907,29.400000000000002,223,3.4000000000000004
2010,4,26,8,30,13.290000000000001,0.14,5.1000000000000005,124,887,988,0,22.3,63.17,960,124,887,0,988,30.1,222,3.4000000000000004
2010,4,26,9,30,12.35,0.14,5.2,127,884,990,0,22,61.36,959,127,884,0,990,30.3,221,3.3000000000000003
2010,4,26,10,30,23.82,0.14,5.2,126,864,917,3,21.900000000000002,61.1,958,446,129,0,564,30.200000000000003,219,3.1
2010,4,26,11,30,37.69,0.14,5.300000000000001,121,823,772,1,21.8,62.45,958,121,823,0,772,29.700000000000003,214,3
2010,4,26,12,30,52.06,0.14,5.300000000000001,117,732,567,2,21.8,65.18,958,321,75,0,367,29,207,2.7
2010,4,26,13,30,66.57000000000001,0.14,5.4,94,593,330,3,22,70.28,958,177,14,0,183,27.900000000000002,199,2.1
2010,4,26,14,30,81.10000000000001,0.14,5.4,52,285,96,0,22.900000000000002,81.55,959,52,285,0,96,26.3,190,1.3
2010,4,26,15,30,95.75,0.14,5.4,0,0,0,0,24,92.85000000000001,960,0,0,0,0,25.200000000000003,181,0.9
2010,4,26,16,30,110.23,0.14,5.300000000000001,0,0,0,0,23.8,94.78,961,0,0,0,0,24.700000000000003,176,0.8
2010,4,26,17,30,124.54,0.14,5.300000000000001,0,0,0,0,23.6,96.07000000000001,961,0,0,0,0,24.3,174,0.8
2010,4,26,18,30,138.46,0.14,5.300000000000001,0,0,0,3,23.5,97.7,961,0,0,0,0,23.900000000000002,175,0.8
2010,4,26,19,30,151.43,0.14,5.2,0,0,0,0,23.400000000000002,98.8,961,0,0,0,0,23.6,177,0.8
2010,4,26,20,30,161.31,0.14,5.2,0,0,0,0,23.200000000000003,100,960,0,0,0,0,23.200000000000003,181,0.9
2010,4,26,21,30,161.95000000000002,0.14,5.2,0,0,0,0,22.900000000000002,100,960,0,0,0,0,22.900000000000002,184,0.9
2010,4,26,22,30,152.71,0.14,5.2,0,0,0,0,22.700000000000003,100,959,0,0,0,0,22.700000000000003,187,0.9
2010,4,26,23,30,139.92000000000002,0.14,5.2,0,0,0,0,22.5,100,959,0,0,0,0,22.5,191,0.9
2010,4,27,0,30,126.05,0.14,5.2,0,0,0,0,22.3,100,959,0,0,0,0,22.3,194,0.9
2010,4,27,1,30,111.78,0.14,5.1000000000000005,0,0,0,0,22.200000000000003,100,959,0,0,0,0,22.200000000000003,197,0.8
2010,4,27,2,30,97.32000000000001,0.14,5.1000000000000005,0,0,0,0,22.5,100,960,0,0,0,0,22.5,200,1.1
2010,4,27,3,30,82.66,0.14,5.2,42,275,77,0,23.3,97.54,961,42,275,0,77,23.700000000000003,203,1.6
2010,4,27,4,30,68.17,0.14,5.2,80,615,309,3,23.700000000000003,89.76,961,189,153,0,246,25.5,207,2.1
2010,4,27,5,30,53.660000000000004,0.14,5.2,99,761,550,3,23.6,80.54,962,283,294,0,458,27.200000000000003,215,2.1
2010,4,27,6,30,39.29,0.14,5.300000000000001,105,844,758,3,23.200000000000003,72.57000000000001,962,395,114,0,483,28.6,223,2
2010,4,27,7,30,25.38,0.14,5.4,113,878,907,3,23,68.17,961,462,279,0,714,29.5,228,1.8
2010,4,27,8,30,13.52,0.14,5.5,120,890,985,0,22.900000000000002,65.5,960,120,890,0,985,30.1,230,1.6
2010,4,27,9,30,12.64,0.14,5.5,134,872,984,0,22.8,63.89,959,134,872,0,984,30.400000000000002,226,1.5
2010,4,27,10,30,23.98,0.14,5.5,131,853,911,1,22.6,63.18,958,131,853,0,911,30.400000000000002,217,1.4000000000000001
2010,4,27,11,30,37.800000000000004,0.14,5.5,124,815,768,8,22.5,64.3,958,297,397,7,610,30,204,1.3
2010,4,27,12,30,52.13,0.14,5.5,112,742,567,7,22.700000000000003,67.18,958,246,334,7,451,29.400000000000002,190,1.2000000000000002
2010,4,27,13,30,66.63,0.14,5.6000000000000005,92,600,330,8,22.900000000000002,71.85000000000001,959,169,306,0,291,28.5,175,1.1
2010,4,27,14,30,81.13,0.14,5.7,51,286,95,9,23.5,79.58,959,3,0,0,3,27.3,162,0.8
2010,4,27,15,30,95.76,0.14,5.7,0,0,0,9,24.900000000000002,92.07000000000001,960,0,0,0,0,26.3,151,0.6000000000000001
2010,4,27,16,30,110.22,0.14,5.800000000000001,0,0,0,9,24.700000000000003,93.9,960,0,0,0,0,25.8,142,0.6000000000000001
2010,4,27,17,30,124.5,0.14,5.800000000000001,0,0,0,6,24.5,94.87,961,0,0,0,0,25.400000000000002,136,0.7000000000000001
2010,4,27,18,30,138.39000000000001,0.14,5.800000000000001,0,0,0,9,24.3,95.83,961,0,0,0,0,25,135,0.7000000000000001
2010,4,27,19,30,151.28,0.14,5.7,0,0,0,6,24.1,96.9,961,0,0,0,0,24.6,138,0.7000000000000001
2010,4,27,20,30,161.04,0.14,5.7,0,0,0,6,23.900000000000002,98.04,960,0,0,0,0,24.200000000000003,142,0.7000000000000001
2010,4,27,21,30,161.64000000000001,0.14,5.6000000000000005,0,0,0,6,23.700000000000003,99.45,960,0,0,0,0,23.8,146,0.7000000000000001
2010,4,27,22,30,152.49,0.14,5.4,0,0,0,6,23.400000000000002,100,959,0,0,0,0,23.400000000000002,149,0.6000000000000001
2010,4,27,23,30,139.76,0.14,5.300000000000001,0,0,0,6,23,100,959,0,0,0,0,23,149,0.6000000000000001
2010,4,28,0,30,125.94,0.14,5.2,0,0,0,6,22.6,100,959,0,0,0,0,22.6,146,0.7000000000000001
2010,4,28,1,30,111.69,0.14,5.1000000000000005,0,0,0,7,22.400000000000002,100,960,0,0,0,0,22.400000000000002,143,0.7000000000000001
2010,4,28,2,30,97.25,0.14,5,0,0,0,3,22.700000000000003,100,960,0,0,0,0,22.700000000000003,140,1
2010,4,28,3,30,82.62,0.14,5,44,245,76,7,23.5,97.39,961,62,18,7,64,23.900000000000002,140,1.6
2010,4,28,4,30,68.14,0.14,5,85,597,308,3,24,91.55,961,141,6,0,143,25.5,136,2.2
2010,4,28,5,30,53.660000000000004,0.14,5.1000000000000005,101,756,549,3,24.200000000000003,85.03,961,305,206,0,427,26.900000000000002,127,2.5
2010,4,28,6,30,39.32,0.14,5.2,110,834,756,3,24,79.57000000000001,961,409,172,0,542,27.900000000000002,120,2.6
2010,4,28,7,30,25.47,0.14,5.300000000000001,117,873,905,3,23.900000000000002,75.43,961,468,171,0,623,28.700000000000003,116,2.6
2010,4,28,8,30,13.75,0.14,5.300000000000001,120,891,985,3,23.8,72.96000000000001,960,491,171,0,657,29.1,113,2.6
2010,4,28,9,30,12.93,0.14,5.300000000000001,122,889,988,7,23.5,71,959,361,339,0,691,29.3,112,2.4000000000000004
2010,4,28,10,30,24.150000000000002,0.14,5.300000000000001,116,877,916,6,23.200000000000003,69.23,958,140,0,0,140,29.400000000000002,112,2.3000000000000003
2010,4,28,11,30,37.910000000000004,0.14,5.300000000000001,108,844,774,6,23,69.16,958,245,7,0,250,29.200000000000003,114,2.1
2010,4,28,12,30,52.21,0.14,5.2,122,718,562,6,22.900000000000002,70.41,958,275,146,0,365,28.8,116,1.9000000000000001
2010,4,28,13,30,66.68,0.14,5.1000000000000005,99,577,327,7,23,74.3,958,178,266,0,284,28,120,1.5
2010,4,28,14,30,81.16,0.14,5.1000000000000005,53,266,94,7,23.700000000000003,84.12,958,70,19,7,73,26.6,124,1
2010,4,28,15,30,95.77,0.14,5,0,0,0,7,24.700000000000003,95.13,959,0,0,0,0,25.5,129,0.7000000000000001
2010,4,28,16,30,110.21000000000001,0.14,4.9,0,0,0,6,24.400000000000002,96.31,959,0,0,0,0,25,130,0.7000000000000001
2010,4,28,17,30,124.46000000000001,0.14,4.800000000000001,0,0,0,7,24.1,97.8,960,0,0,0,0,24.5,127,0.8
2010,4,28,18,30,138.3,0.14,4.7,0,0,0,7,23.900000000000002,98.26,960,0,0,0,0,24.200000000000003,126,0.8
2010,4,28,19,30,151.13,0.14,4.7,0,0,0,7,23.700000000000003,99.64,960,0,0,0,0,23.8,127,0.8
2010,4,28,20,30,160.77,0.14,4.7,0,0,0,7,23.400000000000002,100,959,0,0,0,0,23.400000000000002,130,0.7000000000000001
2010,4,28,21,30,161.34,0.14,4.7,0,0,0,7,23,100,958,0,0,0,0,23,138,0.7000000000000001
2010,4,28,22,30,152.27,0.14,4.7,0,0,0,0,22.700000000000003,100,958,0,0,0,0,22.700000000000003,148,0.7000000000000001
2010,4,28,23,30,139.61,0.14,4.7,0,0,0,3,22.400000000000002,100,957,0,0,0,0,22.400000000000002,156,0.6000000000000001
2010,4,29,0,30,125.82000000000001,0.14,4.7,0,0,0,0,22.3,100,958,0,0,0,0,22.3,161,0.6000000000000001
2010,4,29,1,30,111.61,0.14,4.6000000000000005,0,0,0,3,22.3,100,958,0,0,0,0,22.3,165,0.6000000000000001
2010,4,29,2,30,97.19,0.14,4.6000000000000005,0,0,0,7,22.700000000000003,100,959,0,0,0,0,22.700000000000003,168,0.8
2010,4,29,3,30,82.58,0.14,4.6000000000000005,43,267,78,1,23.400000000000002,97.09,959,43,267,0,78,23.900000000000002,166,1.3
2010,4,29,4,30,68.12,0.14,4.6000000000000005,84,607,310,1,24,90.28,960,84,607,0,310,25.700000000000003,164,1.8
2010,4,29,5,30,53.660000000000004,0.14,4.6000000000000005,100,762,552,0,24.1,82.11,960,100,762,0,552,27.400000000000002,159,1.9000000000000001
2010,4,29,6,30,39.36,0.14,4.7,125,810,752,0,23.8,75.27,960,125,810,0,752,28.6,153,1.7000000000000002
2010,4,29,7,30,25.57,0.14,4.800000000000001,133,851,901,8,23.6,70.92,959,336,429,0,723,29.400000000000002,153,1.7000000000000002
2010,4,29,8,30,13.98,0.14,4.9,138,868,980,7,23.400000000000002,68.07000000000001,959,300,550,0,834,29.900000000000002,148,2
2010,4,29,9,30,13.21,0.14,5.1000000000000005,150,849,977,7,23.1,67.52,958,330,500,0,817,29.8,140,2.6
2010,4,29,10,30,24.32,0.14,5.300000000000001,150,824,901,7,22.900000000000002,67.46000000000001,958,344,422,0,729,29.6,138,3
2010,4,29,11,30,38.01,0.14,5.300000000000001,142,781,758,7,22.900000000000002,68.31,957,272,482,0,652,29.3,139,3
2010,4,29,12,30,52.28,0.14,5.300000000000001,123,714,560,7,22.900000000000002,71.33,957,259,292,7,437,28.6,139,2.9000000000000004
2010,4,29,13,30,66.73,0.14,5.4,98,576,325,7,23.200000000000003,77.21000000000001,958,183,211,0,267,27.5,139,2.6
2010,4,29,14,30,81.19,0.14,5.4,53,267,93,7,23.8,87.84,959,69,17,7,72,26,140,2.1
2010,4,29,15,30,95.78,0.14,5.4,0,0,0,7,24.1,94.58,959,0,0,0,0,25,142,2.2
2010,4,29,16,30,110.19,0.14,5.300000000000001,0,0,0,7,24,96.85000000000001,960,0,0,0,0,24.5,146,2.6
2010,4,29,17,30,124.41,0.14,5.300000000000001,0,0,0,7,23.900000000000002,99.4,960,0,0,0,0,24,149,2.7
2010,4,29,18,30,138.22,0.14,5.1000000000000005,0,0,0,7,23.6,100,960,0,0,0,0,23.6,151,2.5
2010,4,29,19,30,150.98,0.14,5,0,0,0,8,23.200000000000003,100,960,0,0,0,0,23.200000000000003,151,2.1
2010,4,29,20,30,160.51,0.14,4.800000000000001,0,0,0,5,23,100,959,0,0,0,0,23,150,1.9000000000000001
2010,4,29,21,30,161.03,0.14,4.7,0,0,0,8,22.700000000000003,100,958,0,0,0,0,22.700000000000003,149,1.8
2010,4,29,22,30,152.05,0.14,4.6000000000000005,0,0,0,3,22.5,100,958,0,0,0,0,22.5,150,1.6
2010,4,29,23,30,139.46,0.14,4.6000000000000005,0,0,0,1,22.3,100,957,0,0,0,0,22.3,155,1.3
2010,4,30,0,30,125.71000000000001,0.14,4.6000000000000005,0,0,0,3,22.200000000000003,100,958,0,0,0,0,22.200000000000003,161,1
2010,4,30,1,30,111.52,0.14,4.7,0,0,0,0,22.1,100,958,0,0,0,0,22.1,164,1.1
2010,4,30,2,30,97.13,0.14,4.7,0,0,0,0,22.3,100,959,0,0,0,0,22.3,163,1.4000000000000001
2010,4,30,3,30,82.53,0.14,4.7,35,382,84,3,22.8,98.33,960,52,2,7,52,23.1,160,1.9000000000000001
2010,4,30,4,30,68.1,0.14,4.800000000000001,63,691,321,1,22.900000000000002,91.98,961,63,691,0,321,24.3,154,2.4000000000000004
2010,4,30,5,30,53.660000000000004,0.14,4.800000000000001,77,816,561,3,22.700000000000003,84.06,961,303,43,0,329,25.6,148,2.6
2010,4,30,6,30,39.4,0.14,4.800000000000001,86,880,766,3,22.400000000000002,76.35000000000001,960,365,61,0,412,26.900000000000002,145,2.7
2010,4,30,7,30,25.67,0.14,4.9,91,913,914,3,22.200000000000003,70.18,959,390,11,0,399,28.1,142,2.8000000000000003
2010,4,30,8,30,14.21,0.14,4.9,93,929,994,3,22.1,65.33,958,498,238,0,728,29.3,139,2.8000000000000003
2010,4,30,9,30,13.49,0.14,4.9,93,931,998,3,22.200000000000003,62.370000000000005,957,468,112,0,576,30.200000000000003,137,2.7
2010,4,30,10,30,24.48,0.14,4.800000000000001,90,918,926,0,22.3,60.910000000000004,957,90,918,0,926,30.700000000000003,134,2.5
2010,4,30,11,30,38.12,0.14,4.800000000000001,85,887,783,0,22.200000000000003,61.06,956,85,887,0,783,30.6,134,2.4000000000000004
2010,4,30,12,30,52.36,0.14,4.800000000000001,101,769,570,1,22.200000000000003,62.9,956,101,769,0,570,30,135,2.3000000000000003
2010,4,30,13,30,66.78,0.14,4.800000000000001,83,633,332,6,22.3,67.83,957,7,0,0,7,28.8,139,1.9000000000000001
2010,4,30,14,30,81.22,0.14,4.7,47,329,97,6,23.1,79.21000000000001,957,3,0,0,3,27,145,1.3
2010,4,30,15,30,95.79,0.14,4.7,0,0,0,6,24,92.05,958,0,0,0,0,25.400000000000002,152,1.2000000000000002
2010,4,30,16,30,110.18,0.14,4.7,0,0,0,7,23.5,92.94,959,0,0,0,0,24.700000000000003,156,1.4000000000000001
2010,4,30,17,30,124.37,0.14,4.7,0,0,0,8,23.200000000000003,94.10000000000001,959,0,0,0,0,24.200000000000003,160,1.6
2010,4,30,18,30,138.13,0.14,4.6000000000000005,0,0,0,8,23,96.09,959,0,0,0,0,23.700000000000003,163,1.6
2010,4,30,19,30,150.83,0.14,4.6000000000000005,0,0,0,8,23,98.76,959,0,0,0,0,23.200000000000003,166,1.6
2010,4,30,20,30,160.24,0.14,4.6000000000000005,0,0,0,0,22.8,100,959,0,0,0,0,22.8,168,1.5
2010,4,30,21,30,160.74,0.14,4.5,0,0,0,0,22.400000000000002,100,958,0,0,0,0,22.400000000000002,170,1.3
2010,4,30,22,30,151.84,0.14,4.4,0,0,0,0,22.200000000000003,100,958,0,0,0,0,22.200000000000003,172,1.2000000000000002
2010,4,30,23,30,139.31,0.14,4.3,0,0,0,0,22,100,958,0,0,0,0,22,175,1
2010,5,1,0,30,125.60000000000001,0.14,4.2,0,0,0,0,21.8,100,958,0,0,0,0,21.8,179,0.9
2010,5,1,1,30,111.44,0.14,4.1000000000000005,0,0,0,0,21.700000000000003,100,959,0,0,0,0,21.700000000000003,185,0.9
2010,5,1,2,30,97.07000000000001,0.14,4,0,0,0,0,22.1,100,959,0,0,0,0,22.1,190,1.2000000000000002
2010,5,1,3,30,82.5,0.14,3.9000000000000004,41,301,81,0,23,96.48,960,41,301,0,81,23.6,192,1.9000000000000001
2010,5,1,4,30,68.08,0.14,3.8000000000000003,78,636,316,1,23.6,88.48,960,78,636,0,316,25.6,188,2.2
2010,5,1,5,30,53.67,0.14,3.8000000000000003,96,780,558,1,23.6,78.23,960,96,780,0,558,27.700000000000003,174,2
2010,5,1,6,30,39.44,0.14,3.7,106,855,766,3,23.400000000000002,69.58,960,339,12,0,349,29.5,157,1.7000000000000002
2010,5,1,7,30,25.77,0.14,3.8000000000000003,112,892,915,1,23.1,64.07000000000001,959,112,892,0,915,30.700000000000003,143,1.7000000000000002
2010,5,1,8,30,14.44,0.14,3.8000000000000003,116,909,996,1,22.900000000000002,60.43,959,116,909,0,996,31.5,135,1.7000000000000002
2010,5,1,9,30,13.77,0.14,3.8000000000000003,122,900,997,3,22.700000000000003,58.13,958,493,162,0,651,31.900000000000002,130,1.7000000000000002
2010,5,1,10,30,24.650000000000002,0.14,3.9000000000000004,119,883,922,0,22.400000000000002,57.370000000000005,957,119,883,0,922,31.900000000000002,126,1.7000000000000002
2010,5,1,11,30,38.230000000000004,0.14,3.9000000000000004,111,849,777,7,22.200000000000003,57.97,956,254,511,0,655,31.5,124,1.9000000000000001
2010,5,1,12,30,52.43,0.14,4,99,780,575,7,22.1,59.97,956,218,422,7,476,30.8,125,2
2010,5,1,13,30,66.82000000000001,0.14,4,81,650,336,7,22.400000000000002,65.26,957,176,152,7,236,29.6,129,1.8
2010,5,1,14,30,81.24,0.14,4,46,347,99,6,23.400000000000002,77.95,957,15,0,0,15,27.6,135,1.4000000000000001
2010,5,1,15,30,95.79,0.14,4.1000000000000005,0,0,0,1,24.400000000000002,90.69,958,0,0,0,0,26,143,1.3
2010,5,1,16,30,110.16,0.14,4.1000000000000005,0,0,0,0,23.900000000000002,91.78,959,0,0,0,0,25.3,151,1.4000000000000001
2010,5,1,17,30,124.32000000000001,0.14,4.1000000000000005,0,0,0,0,23.700000000000003,93.95,960,0,0,0,0,24.700000000000003,158,1.5
2010,5,1,18,30,138.04,0.14,4.1000000000000005,0,0,0,0,23.6,96.98,960,0,0,0,0,24.1,164,1.4000000000000001
2010,5,1,19,30,150.67000000000002,0.14,4.1000000000000005,0,0,0,0,23.6,99.86,960,0,0,0,0,23.6,170,1.3
2010,5,1,20,30,159.98,0.14,4.1000000000000005,0,0,0,7,23.200000000000003,100,959,0,0,0,0,23.200000000000003,176,1.3
2010,5,1,21,30,160.44,0.14,4.1000000000000005,0,0,0,7,22.900000000000002,100,958,0,0,0,0,22.900000000000002,180,1.2000000000000002
2010,5,1,22,30,151.63,0.14,4.1000000000000005,0,0,0,7,22.8,100,958,0,0,0,0,22.8,184,1.2000000000000002
2010,5,1,23,30,139.16,0.14,4.2,0,0,0,7,22.700000000000003,100,958,0,0,0,0,22.700000000000003,188,1.1
2010,5,2,0,30,125.5,0.14,4.2,0,0,0,3,22.6,100,958,0,0,0,0,22.6,192,1.1
2010,5,2,1,30,111.36,0.14,4.3,0,0,0,1,22.400000000000002,100,959,0,0,0,0,22.400000000000002,197,1
2010,5,2,2,30,97.01,0.14,4.3,0,0,0,0,22.8,100,959,0,0,0,0,22.8,205,1.3
2010,5,2,3,30,82.46000000000001,0.14,4.3,39,323,82,3,23.6,97.37,960,57,3,7,58,24,213,2
2010,5,2,4,30,68.07000000000001,0.14,4.3,71,658,317,8,24,89.77,960,172,141,0,225,25.8,215,2.2
2010,5,2,5,30,53.68,0.14,4.3,86,799,559,7,24,79.75,961,182,489,0,472,27.8,206,1.4000000000000001
2010,5,2,6,30,39.480000000000004,0.14,4.3,93,869,764,7,23.6,71.19,960,277,366,0,559,29.400000000000002,150,0.8
2010,5,2,7,30,25.87,0.14,4.3,99,905,914,8,23.3,65.23,960,308,467,0,729,30.6,98,1
2010,5,2,8,30,14.67,0.14,4.4,102,920,992,7,23.200000000000003,62.09,959,305,514,0,802,31.3,96,1.4000000000000001
2010,5,2,9,30,14.040000000000001,0.14,4.5,102,919,994,7,23.1,60.39,958,373,374,0,736,31.700000000000003,104,1.7000000000000002
2010,5,2,10,30,24.810000000000002,0.14,4.6000000000000005,99,904,920,7,23,60.04,957,394,219,0,593,31.700000000000003,114,1.9000000000000001
2010,5,2,11,30,38.33,0.14,4.7,92,872,777,7,22.900000000000002,60.9,957,320,309,0,562,31.3,125,2
2010,5,2,12,30,52.5,0.14,4.7,125,710,557,7,22.8,63.440000000000005,957,259,139,0,343,30.5,135,2.2
2010,5,2,13,30,66.87,0.14,4.800000000000001,99,570,323,7,23.1,69.97,957,146,29,0,157,29.1,144,2.1
2010,5,2,14,30,81.26,0.14,4.800000000000001,53,260,92,7,24,82.10000000000001,958,67,12,7,69,27.3,151,1.8
2010,5,2,15,30,95.79,0.14,4.9,0,0,0,7,24.3,90.59,958,0,0,0,0,26,156,1.8
2010,5,2,16,30,110.14,0.14,4.9,0,0,0,7,24.1,92.56,959,0,0,0,0,25.400000000000002,158,2
2010,5,2,17,30,124.27,0.14,4.9,0,0,0,7,24.1,95.68,960,0,0,0,0,24.8,160,2.1
2010,5,2,18,30,137.95000000000002,0.14,4.9,0,0,0,7,24.1,98.54,960,0,0,0,0,24.3,163,2
2010,5,2,19,30,150.51,0.14,4.9,0,0,0,7,23.900000000000002,100,960,0,0,0,0,23.900000000000002,165,1.9000000000000001
2010,5,2,20,30,159.72,0.14,4.9,0,0,0,7,23.6,100,959,0,0,0,0,23.6,167,1.7000000000000002
2010,5,2,21,30,160.16,0.14,4.9,0,0,0,7,23.400000000000002,100,959,0,0,0,0,23.400000000000002,169,1.5
2010,5,2,22,30,151.42000000000002,0.14,4.9,0,0,0,7,23.200000000000003,100,958,0,0,0,0,23.200000000000003,170,1.5
2010,5,2,23,30,139.01,0.14,4.9,0,0,0,7,23.1,100,958,0,0,0,0,23.1,172,1.4000000000000001
2010,5,3,0,30,125.39,0.14,4.9,0,0,0,7,22.900000000000002,100,958,0,0,0,0,22.900000000000002,175,1.3
2010,5,3,1,30,111.29,0.14,4.9,0,0,0,8,22.8,100,959,0,0,0,0,22.8,179,1.2000000000000002
2010,5,3,2,30,96.96000000000001,0.14,4.800000000000001,0,0,0,7,23,100,959,0,0,0,0,23,185,1.4000000000000001
2010,5,3,3,30,82.43,0.14,4.800000000000001,42,292,80,8,23.6,98.65,960,58,16,7,60,23.8,189,2.1
2010,5,3,4,30,68.06,0.14,4.800000000000001,77,630,313,8,23.700000000000003,91.98,960,5,0,0,5,25.1,192,2.6
2010,5,3,5,30,53.7,0.14,4.800000000000001,95,770,551,5,23.400000000000002,83.14,960,137,0,0,137,26.5,194,2.7
2010,5,3,6,30,39.53,0.14,4.800000000000001,104,844,756,0,23.200000000000003,77.08,960,104,844,0,756,27.6,196,2.5
2010,5,3,7,30,25.98,0.14,4.800000000000001,112,880,903,0,23.200000000000003,73.4,959,112,880,0,903,28.400000000000002,196,2.4000000000000004
2010,5,3,8,30,14.9,0.14,4.800000000000001,117,894,981,1,23.200000000000003,70.78,959,117,894,0,981,29,195,2.3000000000000003
2010,5,3,9,30,14.32,0.14,4.9,118,892,982,7,23.1,69.96000000000001,958,279,557,0,819,29.1,196,2.2
2010,5,3,10,30,24.97,0.14,4.9,115,876,909,2,22.900000000000002,69.83,957,426,367,0,759,29,200,2.2
2010,5,3,11,30,38.43,0.14,5,108,841,766,7,22.900000000000002,70.42,957,265,462,7,627,28.8,202,2.2
2010,5,3,12,30,52.56,0.14,5,99,767,565,2,22.900000000000002,72.05,957,315,77,0,361,28.400000000000002,202,2.2
2010,5,3,13,30,66.91,0.14,5,80,639,330,8,23.1,76.8,957,99,6,7,101,27.5,200,2
2010,5,3,14,30,81.29,0.14,5.1000000000000005,45,337,96,8,23.8,87.34,958,67,21,7,70,26.1,196,1.5
2010,5,3,15,30,95.79,0.14,5.1000000000000005,0,0,0,7,24.1,94.72,958,0,0,0,0,25,191,1.4000000000000001
2010,5,3,16,30,110.11,0.14,5.1000000000000005,0,0,0,6,23.900000000000002,96.07000000000001,959,0,0,0,0,24.6,190,1.6
2010,5,3,17,30,124.22,0.14,5.1000000000000005,0,0,0,9,23.900000000000002,98.05,959,0,0,0,0,24.200000000000003,192,1.6
2010,5,3,18,30,137.86,0.14,5.1000000000000005,0,0,0,6,23.900000000000002,99.9,960,0,0,0,0,23.900000000000002,195,1.5
2010,5,3,19,30,150.35,0.14,5.1000000000000005,0,0,0,7,23.6,100,959,0,0,0,0,23.6,196,1.5
2010,5,3,20,30,159.46,0.14,5.1000000000000005,0,0,0,7,23.400000000000002,100,959,0,0,0,0,23.400000000000002,196,1.6
2010,5,3,21,30,159.87,0.14,5.1000000000000005,0,0,0,7,23.200000000000003,100,958,0,0,0,0,23.200000000000003,195,1.7000000000000002
2010,5,3,22,30,151.22,0.14,5.1000000000000005,0,0,0,7,23.1,100,958,0,0,0,0,23.1,193,2
2010,5,3,23,30,138.87,0.14,5.1000000000000005,0,0,0,7,23.1,100,958,0,0,0,0,23.1,190,2.3000000000000003
2010,5,4,0,30,125.29,0.15,5.1000000000000005,0,0,0,6,23,100,958,0,0,0,0,23,189,2.5
2010,5,4,1,30,111.21000000000001,0.15,5.1000000000000005,0,0,0,7,22.8,100,958,0,0,0,0,22.8,186,2.6
2010,5,4,2,30,96.91,0.15,5,0,0,0,7,22.8,100,959,0,0,0,0,22.8,183,2.7
2010,5,4,3,30,82.4,0.15,5,39,328,83,8,23.200000000000003,99.89,960,58,17,7,60,23.200000000000003,180,3
2010,5,4,4,30,68.05,0.15,4.9,72,653,316,0,23.400000000000002,96.35000000000001,960,72,653,0,316,24,178,3.6
2010,5,4,5,30,53.71,0.15,4.9,88,788,554,3,23.1,89.8,960,326,97,0,383,24.900000000000002,177,3.8000000000000003
2010,5,4,6,30,39.58,0.15,4.9,110,833,752,7,22.700000000000003,81.91,960,280,427,0,609,26,177,3.7
2010,5,4,7,30,26.09,0.15,4.800000000000001,115,875,901,7,22.400000000000002,75.26,960,319,435,0,709,27.200000000000003,180,3.5
2010,5,4,8,30,15.13,0.15,4.9,118,893,979,7,22.400000000000002,71.63,959,305,508,0,795,28,182,3.3000000000000003
2010,5,4,9,30,14.58,0.15,4.9,136,867,975,7,22.400000000000002,70.88,958,324,446,0,755,28.200000000000003,183,3.1
2010,5,4,10,30,25.13,0.15,5,132,849,901,7,22.400000000000002,71.33,958,381,320,0,670,28.1,182,2.9000000000000004
2010,5,4,11,30,38.53,0.15,5,124,811,759,7,22.400000000000002,72.47,957,317,216,0,486,27.8,183,2.7
2010,5,4,12,30,52.63,0.15,5,110,742,561,7,22.400000000000002,74.85000000000001,958,210,466,0,493,27.3,185,2.4000000000000004
2010,5,4,13,30,66.95,0.15,5,89,607,326,7,22.6,79.84,958,172,214,7,256,26.400000000000002,187,2
2010,5,4,14,30,81.3,0.15,5.1000000000000005,49,302,94,6,23.400000000000002,90.11,959,3,0,0,3,25.1,188,1.4000000000000001
2010,5,4,15,30,95.79,0.15,5.1000000000000005,0,0,0,6,23.6,97.28,959,0,0,0,0,24.1,188,1.3
2010,5,4,16,30,110.09,0.15,5.1000000000000005,0,0,0,6,23.400000000000002,98.42,960,0,0,0,0,23.700000000000003,188,1.6
2010,5,4,17,30,124.17,0.15,5.1000000000000005,0,0,0,7,23.3,99.49000000000001,961,0,0,0,0,23.400000000000002,188,1.9000000000000001
2010,5,4,18,30,137.77,0.15,5.1000000000000005,0,0,0,7,23.1,100,961,0,0,0,0,23.1,189,2.1
2010,5,4,19,30,150.19,0.15,5.1000000000000005,0,0,0,7,22.900000000000002,100,961,0,0,0,0,22.900000000000002,191,2.1
2010,5,4,20,30,159.20000000000002,0.15,5,0,0,0,7,22.700000000000003,100,960,0,0,0,0,22.700000000000003,196,2
2010,5,4,21,30,159.59,0.15,4.9,0,0,0,4,22.5,100,959,0,0,0,0,22.5,202,2.2
2010,5,4,22,30,151.02,0.15,4.800000000000001,0,0,0,4,22.400000000000002,100,958,0,0,0,0,22.400000000000002,207,2.3000000000000003
2010,5,4,23,30,138.73,0.15,4.7,0,0,0,7,22.3,100,958,0,0,0,0,22.3,211,2.1
2010,5,5,0,30,125.19,0.15,4.6000000000000005,0,0,0,7,22.200000000000003,100,958,0,0,0,0,22.200000000000003,213,1.9000000000000001
2010,5,5,1,30,111.14,0.15,4.5,0,0,0,5,22,100,958,0,0,0,0,22,214,1.6
2010,5,5,2,30,96.86,0.15,4.4,0,0,0,3,22.1,100,958,0,0,0,0,22.1,214,1.7000000000000002
2010,5,5,3,30,82.37,0.15,4.4,34,409,88,3,22.8,99.11,959,56,3,7,57,22.900000000000002,213,2.4000000000000004
2010,5,5,4,30,68.04,0.15,4.4,60,706,324,3,23,92.2,960,200,90,0,234,24.3,214,3
2010,5,5,5,30,53.730000000000004,0.15,4.5,75,824,562,0,22.5,81.2,960,75,824,0,562,26,218,3.2
2010,5,5,6,30,39.64,0.15,4.5,85,883,764,8,21.8,71.27,960,226,549,0,649,27.5,220,3.2
2010,5,5,7,30,26.21,0.15,4.6000000000000005,92,912,910,7,21.5,65,959,236,597,0,772,28.700000000000003,221,3.2
2010,5,5,8,30,15.370000000000001,0.15,4.7,97,923,987,7,21.400000000000002,62.53,958,346,410,1,742,29.3,220,3.4000000000000004
2010,5,5,9,30,14.84,0.15,4.7,109,906,985,0,21.5,61.480000000000004,957,109,906,1,985,29.700000000000003,218,3.7
2010,5,5,10,30,25.29,0.15,4.800000000000001,107,889,911,7,21.700000000000003,62.29,957,242,621,0,803,29.700000000000003,216,4
2010,5,5,11,30,38.63,0.15,4.800000000000001,102,852,768,0,21.900000000000002,64.57000000000001,956,102,852,0,768,29.3,213,4.2
2010,5,5,12,30,52.69,0.15,4.800000000000001,94,781,568,7,22.1,68.93,956,193,501,0,496,28.400000000000002,211,4.2
2010,5,5,13,30,66.99,0.15,4.7,79,648,332,0,22.400000000000002,75.75,957,79,648,0,332,27,210,3.7
2010,5,5,14,30,81.32000000000001,0.15,4.6000000000000005,45,344,97,0,22.8,86.24,957,45,344,0,97,25.3,209,3
2010,5,5,15,30,95.79,0.15,4.4,0,0,0,0,23.1,93.94,958,0,0,0,0,24.1,210,2.5
2010,5,5,16,30,110.06,0.15,4.2,0,0,0,0,23.1,98.31,959,0,0,0,0,23.400000000000002,214,2.1
2010,5,5,17,30,124.11,0.15,4,0,0,0,0,22.900000000000002,100,959,0,0,0,0,22.900000000000002,218,1.8
2010,5,5,18,30,137.67000000000002,0.15,3.9000000000000004,0,0,0,0,22.6,100,959,0,0,0,0,22.6,224,1.8
2010,5,5,19,30,150.03,0.15,3.7,0,0,0,0,22.400000000000002,100,959,0,0,0,0,22.400000000000002,228,1.8
2010,5,5,20,30,158.95000000000002,0.15,3.7,0,0,0,0,22.200000000000003,100,958,0,0,0,0,22.200000000000003,229,1.8
2010,5,5,21,30,159.32,0.15,3.7,0,0,0,0,22,100,958,0,0,0,0,22,229,1.9000000000000001
2010,5,5,22,30,150.82,0.15,3.8000000000000003,0,0,0,0,21.900000000000002,100,957,0,0,0,0,21.900000000000002,229,2.1
2010,5,5,23,30,138.6,0.15,3.9000000000000004,0,0,0,0,21.8,100,957,0,0,0,0,21.8,230,2.1
2010,5,6,0,30,125.09,0.14,4,0,0,0,0,21.700000000000003,100,958,0,0,0,0,21.700000000000003,234,2.1
2010,5,6,1,30,111.07000000000001,0.14,4.2,0,0,0,0,21.700000000000003,100,958,0,0,0,0,21.700000000000003,240,2.1
2010,5,6,2,30,96.82000000000001,0.14,4.2,0,0,0,0,22,100,959,0,0,0,0,22,245,2.4000000000000004
2010,5,6,3,30,82.35000000000001,0.14,4.2,35,393,88,0,22.5,96.78,959,35,393,0,88,23,247,3.1
2010,5,6,4,30,68.04,0.14,4.2,62,702,324,0,23,90.22,960,62,702,0,324,24.700000000000003,241,3.9000000000000004
2010,5,6,5,30,53.75,0.14,4.1000000000000005,74,830,564,0,23.1,80.95,960,74,830,0,564,26.6,234,4.4
2010,5,6,6,30,39.69,0.14,4.1000000000000005,90,876,764,0,22.8,72.55,960,90,876,0,764,28.200000000000003,229,4.5
2010,5,6,7,30,26.32,0.14,4.1000000000000005,95,912,912,0,22.6,66.93,959,95,912,0,912,29.400000000000002,226,4.5
2010,5,6,8,30,15.6,0.14,4.1000000000000005,98,927,991,0,22.5,63.81,958,98,927,0,991,30.1,224,4.6000000000000005
2010,5,6,9,30,15.1,0.14,4.2,99,924,992,0,22.3,62.13,957,99,924,0,992,30.400000000000002,223,4.6000000000000005
2010,5,6,10,30,25.44,0.14,4.2,95,913,919,0,22.200000000000003,61.92,956,95,913,0,919,30.3,222,4.6000000000000005
2010,5,6,11,30,38.730000000000004,0.14,4.3,89,881,775,1,22.1,63.14,956,89,881,0,775,29.900000000000002,221,4.5
2010,5,6,12,30,52.76,0.14,4.4,79,820,575,0,22.1,65.72,956,79,820,0,575,29.200000000000003,219,4.3
2010,5,6,13,30,67.03,0.14,4.4,65,702,339,2,22.1,70.89,956,203,116,0,249,27.900000000000002,214,3.5
2010,5,6,14,30,81.34,0.14,4.5,39,413,101,0,22.8,81.39,957,39,413,0,101,26.200000000000003,207,2.6
2010,5,6,15,30,95.78,0.14,4.5,0,0,0,0,23.1,89.48,957,0,0,0,0,25,200,2.4000000000000004
2010,5,6,16,30,110.03,0.14,4.5,0,0,0,0,23.200000000000003,93.11,958,0,0,0,0,24.400000000000002,197,2.6
2010,5,6,17,30,124.05,0.14,4.5,0,0,0,0,23.400000000000002,96.76,959,0,0,0,0,23.900000000000002,198,2.5
2010,5,6,18,30,137.57,0.14,4.4,0,0,0,0,23.400000000000002,100,959,0,0,0,0,23.400000000000002,201,2.1
2010,5,6,19,30,149.87,0.14,4.3,0,0,0,0,23,100,959,0,0,0,0,23,208,1.9000000000000001
2010,5,6,20,30,158.70000000000002,0.14,4.2,0,0,0,0,22.6,100,958,0,0,0,0,22.6,214,1.8
2010,5,6,21,30,159.05,0.14,4.1000000000000005,0,0,0,0,22.3,100,958,0,0,0,0,22.3,218,1.9000000000000001
2010,5,6,22,30,150.62,0.14,4.1000000000000005,0,0,0,0,21.900000000000002,100,957,0,0,0,0,21.900000000000002,221,1.9000000000000001
2010,5,6,23,30,138.46,0.14,4.1000000000000005,0,0,0,0,21.700000000000003,100,957,0,0,0,0,21.700000000000003,222,1.8
2010,5,7,0,30,125,0.14,4.1000000000000005,0,0,0,0,21.400000000000002,100,958,0,0,0,0,21.400000000000002,223,1.8
2010,5,7,1,30,111.01,0.14,4.2,0,0,0,0,21.3,100,958,0,0,0,0,21.3,224,1.8
2010,5,7,2,30,96.77,0.14,4.2,0,0,0,1,21.6,100,958,0,0,0,0,21.6,226,2.3000000000000003
2010,5,7,3,30,82.33,0.14,4.2,38,352,85,3,22.200000000000003,95.7,959,62,11,7,64,22.900000000000002,227,3.3000000000000003
2010,5,7,4,30,68.04,0.14,4.2,68,673,320,8,22.900000000000002,88.9,959,169,176,0,235,24.900000000000002,225,4.3
2010,5,7,5,30,53.78,0.14,4.3,83,802,557,7,22.900000000000002,79.27,960,221,378,0,444,26.8,222,4.7
2010,5,7,6,30,39.75,0.14,4.4,94,864,759,7,22.400000000000002,70.48,959,294,374,0,581,28.3,218,4.6000000000000005
2010,5,7,7,30,26.44,0.14,4.5,103,894,903,7,22.3,65.63,959,265,557,0,763,29.400000000000002,215,4.5
2010,5,7,8,30,15.83,0.14,4.7,108,904,978,7,22.3,64.35,958,324,464,0,770,29.8,214,4.4
2010,5,7,9,30,15.36,0.14,4.800000000000001,136,865,970,7,22.400000000000002,64.86,957,392,341,0,720,29.700000000000003,212,4.3
2010,5,7,10,30,25.59,0.14,5,145,827,890,7,22.400000000000002,66.58,956,318,460,0,733,29.3,209,4.1000000000000005
2010,5,7,11,30,38.82,0.14,5.2,149,761,742,7,22.5,69.78,956,337,305,0,574,28.6,205,3.8000000000000003
2010,5,7,12,30,52.81,0.14,5.4,198,533,520,7,22.8,74.26,956,297,187,0,410,27.8,201,3.5
2010,5,7,13,30,67.06,0.14,5.5,159,339,292,7,23.3,80.93,957,214,115,0,259,26.8,196,2.9000000000000004
2010,5,7,14,30,81.35000000000001,0.14,5.6000000000000005,65,66,75,7,23.8,89.39,957,69,4,7,69,25.700000000000003,191,2.3000000000000003
2010,5,7,15,30,95.77,0.14,5.7,0,0,0,7,24.1,94.61,958,0,0,0,0,25,186,2.3000000000000003
2010,5,7,16,30,110,0.14,5.7,0,0,0,7,24.1,97.02,958,0,0,0,0,24.6,184,2.7
2010,5,7,17,30,123.99000000000001,0.14,5.7,0,0,0,8,24.1,99.42,959,0,0,0,0,24.200000000000003,186,3.1
2010,5,7,18,30,137.47,0.14,5.6000000000000005,0,0,0,7,23.900000000000002,100,959,0,0,0,0,23.900000000000002,192,3.3000000000000003
2010,5,7,19,30,149.71,0.14,5.4,0,0,0,6,23.6,100,959,0,0,0,0,23.6,201,3.4000000000000004
2010,5,7,20,30,158.45000000000002,0.14,5.2,0,0,0,7,23.1,100,958,0,0,0,0,23.1,210,3.3000000000000003
2010,5,7,21,30,158.78,0.14,5,0,0,0,7,22.6,99.62,958,0,0,0,0,22.700000000000003,219,2.9000000000000004
2010,5,7,22,30,150.43,0.14,4.9,0,0,0,0,22.200000000000003,100,958,0,0,0,0,22.200000000000003,227,2.5
2010,5,7,23,30,138.33,0.14,4.9,0,0,0,0,22,99.86,958,0,0,0,0,22,233,2.5
2010,5,8,0,30,124.91,0.15,4.800000000000001,0,0,0,0,21.8,100,958,0,0,0,0,21.8,240,2.4000000000000004
2010,5,8,1,30,110.94,0.15,4.800000000000001,0,0,0,8,21.6,100,959,0,0,0,0,21.6,246,2.2
2010,5,8,2,30,96.73,0.15,4.7,0,0,0,7,21.8,100,959,0,0,0,0,21.8,251,2.4000000000000004
2010,5,8,3,30,82.31,0.15,4.6000000000000005,44,277,81,8,22.1,94.51,959,54,9,7,55,23,249,3.3000000000000003
2010,5,8,4,30,68.04,0.15,4.6000000000000005,80,620,312,7,22.5,86.88,960,155,299,0,267,24.8,241,4.1000000000000005
2010,5,8,5,30,53.81,0.15,4.6000000000000005,97,765,548,7,22.400000000000002,77.3,960,184,547,0,507,26.700000000000003,234,4.3
2010,5,8,6,30,39.82,0.15,4.6000000000000005,120,814,745,0,22.1,69.23,960,120,814,0,745,28.3,228,4.2
2010,5,8,7,30,26.560000000000002,0.15,4.7,127,854,891,0,22.1,64.37,959,127,854,0,891,29.5,225,4.1000000000000005
2010,5,8,8,30,16.06,0.15,4.7,131,872,969,7,22.200000000000003,61.870000000000005,958,332,471,0,785,30.3,223,4
2010,5,8,9,30,15.610000000000001,0.15,4.800000000000001,142,856,966,7,22.3,61.370000000000005,957,399,330,0,717,30.6,220,3.9000000000000004
2010,5,8,10,30,25.75,0.15,4.9,138,837,892,7,22.400000000000002,62.04,957,332,388,0,682,30.5,217,3.9000000000000004
2010,5,8,11,30,38.910000000000004,0.15,4.9,129,799,751,7,22.400000000000002,63.88,956,330,227,0,507,30,213,3.7
2010,5,8,12,30,52.870000000000005,0.15,5,115,726,553,7,22.5,66.86,956,253,120,0,326,29.3,208,3.4000000000000004
2010,5,8,13,30,67.09,0.15,5.1000000000000005,92,588,321,7,22.700000000000003,72.77,957,170,47,0,189,28,200,2.8000000000000003
2010,5,8,14,30,81.36,0.15,5.1000000000000005,50,279,92,3,23.400000000000002,84.10000000000001,957,13,0,0,13,26.3,190,2
2010,5,8,15,30,95.76,0.15,5.1000000000000005,0,0,0,8,23.8,92.66,958,0,0,0,0,25.1,181,1.9000000000000001
2010,5,8,16,30,109.97,0.15,5,0,0,0,0,23.8,95.81,959,0,0,0,0,24.5,179,2.2
2010,5,8,17,30,123.93,0.15,5,0,0,0,0,23.900000000000002,99.15,959,0,0,0,0,24,179,2.1
2010,5,8,18,30,137.37,0.15,4.9,0,0,0,0,23.6,100,959,0,0,0,0,23.6,182,2
2010,5,8,19,30,149.55,0.15,4.800000000000001,0,0,0,0,23.400000000000002,100,959,0,0,0,0,23.400000000000002,187,1.9000000000000001
2010,5,8,20,30,158.20000000000002,0.15,4.7,0,0,0,0,23.200000000000003,100,958,0,0,0,0,23.200000000000003,191,1.9000000000000001
2010,5,8,21,30,158.52,0.15,4.7,0,0,0,0,23,100,958,0,0,0,0,23,196,1.9000000000000001
2010,5,8,22,30,150.25,0.15,4.7,0,0,0,0,22.900000000000002,100,957,0,0,0,0,22.900000000000002,199,1.9000000000000001
2010,5,8,23,30,138.20000000000002,0.15,4.7,0,0,0,0,22.700000000000003,100,957,0,0,0,0,22.700000000000003,202,1.9000000000000001
2010,5,9,0,30,124.82000000000001,0.14,4.7,0,0,0,0,22.5,100,958,0,0,0,0,22.5,206,1.7000000000000002
2010,5,9,1,30,110.88,0.14,4.7,0,0,0,0,22.3,100,958,0,0,0,0,22.3,212,1.6
2010,5,9,2,30,96.69,0.14,4.7,0,0,0,0,22.6,100,959,0,0,0,0,22.6,220,1.7000000000000002
2010,5,9,3,30,82.29,0.14,4.7,39,335,84,0,23.200000000000003,96.83,959,39,335,0,84,23.700000000000003,227,2.4000000000000004
2010,5,9,4,30,68.05,0.14,4.800000000000001,72,650,315,2,23.5,89.15,960,197,71,0,223,25.400000000000002,227,3
2010,5,9,5,30,53.84,0.14,4.800000000000001,87,785,551,1,23.6,81.16,960,87,785,0,551,27.1,222,3.2
2010,5,9,6,30,39.88,0.14,4.800000000000001,97,853,752,1,23.6,75.03,959,97,853,0,752,28.5,215,3.4000000000000004
2010,5,9,7,30,26.68,0.14,4.9,104,887,896,0,23.6,70.76,959,104,887,0,896,29.5,210,3.6
2010,5,9,8,30,16.28,0.14,4.9,108,901,973,0,23.5,67.89,958,108,901,0,973,30.1,208,3.9000000000000004
2010,5,9,9,30,15.85,0.14,5,115,891,973,3,23.3,66.36,957,473,152,0,619,30.3,209,4.2
2010,5,9,10,30,25.89,0.14,5,115,871,899,2,23.200000000000003,66.68,956,465,246,0,686,30.1,208,4.3
2010,5,9,11,30,39,0.14,5.1000000000000005,111,829,756,3,23.200000000000003,69.45,956,398,115,0,488,29.400000000000002,207,4.2
2010,5,9,12,30,52.93,0.14,5.1000000000000005,115,723,551,3,23.400000000000002,73.4,956,319,82,0,368,28.6,203,3.8000000000000003
2010,5,9,13,30,67.12,0.14,5.2,95,576,319,0,23.700000000000003,79.58,957,95,576,0,319,27.5,197,3.1
2010,5,9,14,30,81.37,0.14,5.2,53,252,90,3,24.200000000000003,88.71000000000001,958,68,5,7,69,26.200000000000003,190,2.4000000000000004
2010,5,9,15,30,95.75,0.14,5.2,0,0,0,7,24.400000000000002,94.8,958,0,0,0,0,25.3,182,2.3000000000000003
2010,5,9,16,30,109.93,0.14,5.2,0,0,0,7,24.400000000000002,98.11,959,0,0,0,0,24.700000000000003,175,2.6
2010,5,9,17,30,123.87,0.14,5.1000000000000005,0,0,0,6,24.200000000000003,100,959,0,0,0,0,24.200000000000003,171,2.7
2010,5,9,18,30,137.27,0.14,5.1000000000000005,0,0,0,7,23.8,100,959,0,0,0,0,23.8,172,2.6
2010,5,9,19,30,149.38,0.14,5.1000000000000005,0,0,0,8,23.5,100,959,0,0,0,0,23.5,183,2.4000000000000004
2010,5,9,20,30,157.96,0.14,5.1000000000000005,0,0,0,7,23.200000000000003,100,959,0,0,0,0,23.200000000000003,200,2.5
2010,5,9,21,30,158.27,0.14,5.1000000000000005,0,0,0,7,23.1,100,958,0,0,0,0,23.1,212,2.6
2010,5,9,22,30,150.06,0.14,5.1000000000000005,0,0,0,8,23,100,958,0,0,0,0,23,216,2.6
2010,5,9,23,30,138.08,0.14,4.9,0,0,0,3,22.900000000000002,100,958,0,0,0,0,22.900000000000002,214,2.7
2010,5,10,0,30,124.73,0.14,4.7,0,0,0,0,22.8,100,958,0,0,0,0,22.8,213,2.5
2010,5,10,1,30,110.82000000000001,0.14,4.6000000000000005,0,0,0,0,22.6,100,958,0,0,0,0,22.6,214,2.1
2010,5,10,2,30,96.66,0.14,4.5,0,0,0,0,22.700000000000003,100,959,0,0,0,0,22.700000000000003,216,2.2
2010,5,10,3,30,82.28,0.14,4.5,42,313,84,0,23.200000000000003,97.37,960,42,313,0,84,23.6,213,3.1
2010,5,10,4,30,68.05,0.14,4.5,74,645,315,0,23.3,89.61,960,74,645,0,315,25.1,208,4
2010,5,10,5,30,53.870000000000005,0.14,4.5,90,783,551,3,23,80.61,961,189,0,0,189,26.6,204,4.2
2010,5,10,6,30,39.95,0.14,4.5,99,852,752,1,22.700000000000003,74.22,960,99,852,0,752,27.700000000000003,203,4.2
2010,5,10,7,30,26.8,0.14,4.6000000000000005,106,887,897,3,22.6,70.58,960,409,29,0,435,28.5,202,4.2
2010,5,10,8,30,16.51,0.14,4.7,109,902,973,3,22.700000000000003,68.68,959,414,10,0,423,29,201,4.1000000000000005
2010,5,10,9,30,16.09,0.14,4.800000000000001,112,896,974,8,22.700000000000003,67.89,958,384,331,0,702,29.200000000000003,201,4.1000000000000005
2010,5,10,10,30,26.04,0.14,4.9,109,881,900,7,22.6,68.16,957,370,312,0,650,29.1,199,4
2010,5,10,11,30,39.09,0.14,5,103,845,758,7,22.6,69.17,957,296,374,0,586,28.8,197,3.9000000000000004
2010,5,10,12,30,52.980000000000004,0.14,5.1000000000000005,93,778,561,7,22.6,71.96000000000001,957,257,251,0,408,28.1,194,3.6
2010,5,10,13,30,67.15,0.14,5.2,75,652,328,7,22.8,77.69,957,161,281,0,271,27,191,2.9000000000000004
2010,5,10,14,30,81.37,0.14,5.300000000000001,43,357,96,7,23.5,87.58,958,55,8,7,56,25.700000000000003,187,2
2010,5,10,15,30,95.74000000000001,0.14,5.300000000000001,0,0,0,7,23.900000000000002,95.46000000000001,959,0,0,0,0,24.700000000000003,184,1.6
2010,5,10,16,30,109.9,0.14,5.4,0,0,0,7,24,98.09,959,0,0,0,0,24.3,185,1.6
2010,5,10,17,30,123.8,0.14,5.5,0,0,0,7,24,100,960,0,0,0,0,24,187,1.8
2010,5,10,18,30,137.16,0.14,5.6000000000000005,0,0,0,7,23.8,100,960,0,0,0,0,23.8,190,2.1
2010,5,10,19,30,149.22,0.14,5.6000000000000005,0,0,0,7,23.700000000000003,100,959,0,0,0,0,23.700000000000003,195,2.5
2010,5,10,20,30,157.72,0.14,5.6000000000000005,0,0,0,7,23.6,100,959,0,0,0,0,23.6,200,2.9000000000000004
2010,5,10,21,30,158.02,0.14,5.5,0,0,0,7,23.400000000000002,100,958,0,0,0,0,23.400000000000002,204,3
2010,5,10,22,30,149.88,0.14,5.300000000000001,0,0,0,7,23.1,100,958,0,0,0,0,23.1,207,3
2010,5,10,23,30,137.96,0.14,5.300000000000001,0,0,0,7,22.8,100,958,0,0,0,0,22.8,210,2.8000000000000003
2010,5,11,0,30,124.65,0.14,5.2,0,0,0,7,22.6,100,958,0,0,0,0,22.6,213,2.6
2010,5,11,1,30,110.77,0.14,5.300000000000001,0,0,0,7,22.6,100,959,0,0,0,0,22.6,215,2.7
2010,5,11,2,30,96.63,0.14,5.2,0,0,0,8,22.700000000000003,100,959,0,0,0,0,22.700000000000003,215,3.1
2010,5,11,3,30,82.27,0.14,5.2,42,305,83,8,23,98.13,960,55,11,7,56,23.3,215,3.5
2010,5,11,4,30,68.06,0.14,5.1000000000000005,74,639,313,3,23.3,93.46000000000001,960,133,3,7,135,24.400000000000002,213,4.2
2010,5,11,5,30,53.9,0.14,5.1000000000000005,86,784,548,0,23.400000000000002,85.93,960,86,784,0,548,25.900000000000002,209,4.800000000000001
2010,5,11,6,30,40.02,0.14,5.1000000000000005,95,853,748,7,23.1,77.52,960,218,572,0,656,27.400000000000002,208,5
2010,5,11,7,30,26.93,0.14,5.1000000000000005,101,888,893,1,22.900000000000002,72.78,959,101,888,0,893,28.3,208,4.9
2010,5,11,8,30,16.73,0.14,5.1000000000000005,104,904,970,1,22.900000000000002,69.83,959,104,904,0,970,29,207,4.800000000000001
2010,5,11,9,30,16.330000000000002,0.14,5.1000000000000005,141,851,958,7,22.900000000000002,68.06,958,275,568,0,819,29.400000000000002,206,4.7
2010,5,11,10,30,26.18,0.14,5.2,141,826,883,7,22.8,67.34,957,296,499,0,744,29.5,204,4.6000000000000005
2010,5,11,11,30,39.18,0.14,5.2,134,784,742,0,22.700000000000003,68.14,957,134,784,0,742,29.200000000000003,201,4.4
2010,5,11,12,30,53.03,0.14,5.2,106,742,552,7,22.8,71.59,957,227,379,7,455,28.400000000000002,197,4.1000000000000005
2010,5,11,13,30,67.18,0.14,5.300000000000001,87,602,320,7,23.200000000000003,78.68,958,166,253,7,264,27.200000000000003,192,3.5
2010,5,11,14,30,81.38,0.14,5.300000000000001,50,279,92,7,23.900000000000002,89.26,958,57,6,7,58,25.8,187,2.8000000000000003
2010,5,11,15,30,95.72,0.14,5.300000000000001,0,0,0,7,24.3,96.22,959,0,0,0,0,24.900000000000002,184,2.7
2010,5,11,16,30,109.86,0.14,5.4,0,0,0,7,24.400000000000002,100,960,0,0,0,0,24.400000000000002,184,2.9000000000000004
2010,5,11,17,30,123.74000000000001,0.14,5.4,0,0,0,7,24.1,100,960,0,0,0,0,24.1,187,2.9000000000000004
2010,5,11,18,30,137.06,0.14,5.300000000000001,0,0,0,7,23.900000000000002,100,960,0,0,0,0,23.900000000000002,191,2.8000000000000003
2010,5,11,19,30,149.06,0.14,5.300000000000001,0,0,0,7,23.6,100,960,0,0,0,0,23.6,196,2.6
2010,5,11,20,30,157.48,0.14,5.2,0,0,0,3,23.3,100,960,0,0,0,0,23.3,200,2.4000000000000004
2010,5,11,21,30,157.78,0.14,5.2,0,0,0,7,23.1,100,959,0,0,0,0,23.1,203,2.2
2010,5,11,22,30,149.71,0.14,5.1000000000000005,0,0,0,3,22.900000000000002,100,959,0,0,0,0,22.900000000000002,204,2.1
2010,5,11,23,30,137.84,0.14,5,0,0,0,0,22.8,100,959,0,0,0,0,22.8,206,2.2
2010,5,12,0,30,124.57000000000001,0.14,5,0,0,0,0,22.8,100,959,0,0,0,0,22.8,208,2.2
2010,5,12,1,30,110.72,0.14,5,0,0,0,0,22.700000000000003,100,960,0,0,0,0,22.700000000000003,213,2.2
2010,5,12,2,30,96.60000000000001,0.14,4.9,0,0,0,0,22.8,100,960,0,0,0,0,22.8,219,2.5
2010,5,12,3,30,82.26,0.14,4.9,42,301,82,0,23.200000000000003,97.67,961,42,301,0,82,23.6,222,3.4000000000000004
2010,5,12,4,30,68.08,0.14,4.9,76,628,311,3,23.5,91.83,962,145,8,0,148,24.900000000000002,221,4.4
2010,5,12,5,30,53.94,0.14,4.800000000000001,92,771,546,0,23.3,82.56,962,92,771,0,546,26.5,217,5.1000000000000005
2010,5,12,6,30,40.09,0.14,4.800000000000001,101,842,746,0,22.900000000000002,74.85000000000001,962,101,842,0,746,27.8,214,5.300000000000001
2010,5,12,7,30,27.060000000000002,0.14,4.800000000000001,108,878,890,0,22.8,70.33,961,108,878,0,890,28.700000000000003,212,5.4
2010,5,12,8,30,16.95,0.14,4.800000000000001,113,893,967,3,22.700000000000003,67.96000000000001,960,490,179,0,661,29.200000000000003,209,5.4
2010,5,12,9,30,16.56,0.14,4.800000000000001,115,889,968,1,22.6,66.98,959,115,889,0,968,29.400000000000002,208,5.300000000000001
2010,5,12,10,30,26.32,0.14,4.9,114,870,894,7,22.6,66.9,959,267,568,7,777,29.400000000000002,207,5.2
2010,5,12,11,30,39.26,0.14,4.9,109,831,753,7,22.6,67.85,958,254,482,7,627,29.1,205,5
2010,5,12,12,30,53.08,0.14,4.9,108,740,552,8,22.5,70.16,958,229,379,7,456,28.5,203,4.6000000000000005
2010,5,12,13,30,67.2,0.14,4.9,89,597,320,7,22.700000000000003,75.75,959,153,392,7,305,27.400000000000002,198,3.7
2010,5,12,14,30,81.38,0.14,4.9,50,275,92,7,23.400000000000002,85.46000000000001,959,60,7,7,61,26,190,2.7
2010,5,12,15,30,95.7,0.14,4.9,0,0,0,0,23.700000000000003,92.72,960,0,0,0,0,25,185,2.6
2010,5,12,16,30,109.82000000000001,0.14,4.9,0,0,0,0,23.8,96.05,960,0,0,0,0,24.5,183,2.7
2010,5,12,17,30,123.67,0.14,4.800000000000001,0,0,0,0,23.900000000000002,99.36,961,0,0,0,0,24,183,2.7
2010,5,12,18,30,136.95000000000002,0.14,4.7,0,0,0,0,23.6,100,961,0,0,0,0,23.6,184,2.5
2010,5,12,19,30,148.9,0.14,4.6000000000000005,0,0,0,0,23.200000000000003,100,961,0,0,0,0,23.200000000000003,186,2.4000000000000004
2010,5,12,20,30,157.25,0.14,4.5,0,0,0,7,23,100,960,0,0,0,0,23,188,2.4000000000000004
2010,5,12,21,30,157.54,0.14,4.3,0,0,0,8,22.700000000000003,100,959,0,0,0,0,22.700000000000003,191,2.3000000000000003
2010,5,12,22,30,149.54,0.14,4.2,0,0,0,1,22.400000000000002,100,959,0,0,0,0,22.400000000000002,194,2.2
2010,5,12,23,30,137.72,0.14,4.1000000000000005,0,0,0,0,22.200000000000003,100,959,0,0,0,0,22.200000000000003,198,2.2
2010,5,13,0,30,124.49000000000001,0.15,4,0,0,0,1,22,100,960,0,0,0,0,22,201,2.2
2010,5,13,1,30,110.67,0.15,4,0,0,0,3,21.8,100,960,0,0,0,0,21.8,204,1.9000000000000001
2010,5,13,2,30,96.57000000000001,0.15,4.1000000000000005,0,0,0,7,22,100,961,0,0,0,0,22,208,2
2010,5,13,3,30,82.25,0.15,4.1000000000000005,41,320,84,0,22.400000000000002,96.65,962,41,320,0,84,23,210,2.7
2010,5,13,4,30,68.09,0.15,4.2,73,648,315,0,22.8,88.96000000000001,962,73,648,0,315,24.700000000000003,205,3.4000000000000004
2010,5,13,5,30,53.980000000000004,0.15,4.3,87,787,550,0,22.700000000000003,79.11,963,87,787,0,550,26.6,201,3.9000000000000004
2010,5,13,6,30,40.160000000000004,0.15,4.4,88,870,753,0,22.5,71.79,963,88,870,0,753,28.1,199,4.1000000000000005
2010,5,13,7,30,27.18,0.15,4.4,95,903,898,0,22.5,67.23,962,95,903,0,898,29.200000000000003,199,4.3
2010,5,13,8,30,17.17,0.15,4.5,98,916,974,0,22.400000000000002,63.89,961,98,916,0,974,30,199,4.4
2010,5,13,9,30,16.79,0.15,4.5,126,877,966,8,22.3,61.9,960,380,358,0,722,30.400000000000002,200,4.4
2010,5,13,10,30,26.45,0.15,4.6000000000000005,125,856,891,7,22.1,61.77,959,380,302,0,650,30.3,200,4.2
2010,5,13,11,30,39.34,0.15,4.7,119,815,749,7,22,62.72,959,289,414,0,609,29.900000000000002,199,4
2010,5,13,12,30,53.13,0.15,4.7,107,742,553,1,21.900000000000002,65.26,959,107,742,0,553,29.1,196,3.6
2010,5,13,13,30,67.22,0.15,4.800000000000001,87,607,322,0,22.200000000000003,71.4,959,87,607,0,322,27.8,189,2.9000000000000004
2010,5,13,14,30,81.38,0.15,4.800000000000001,48,299,93,0,23,82.69,960,48,299,0,93,26.200000000000003,183,2.2
2010,5,13,15,30,95.68,0.15,4.9,0,0,0,0,23.5,90.95,961,0,0,0,0,25.1,179,2.2
2010,5,13,16,30,109.77,0.15,4.9,0,0,0,0,23.6,94.07000000000001,961,0,0,0,0,24.6,178,2.5
2010,5,13,17,30,123.60000000000001,0.15,4.9,0,0,0,0,23.6,97.31,962,0,0,0,0,24.1,178,2.7
2010,5,13,18,30,136.85,0.15,4.800000000000001,0,0,0,0,23.6,99.94,962,0,0,0,0,23.6,178,2.5
2010,5,13,19,30,148.74,0.15,4.7,0,0,0,0,23.1,100,962,0,0,0,0,23.1,180,2.2
2010,5,13,20,30,157.02,0.15,4.6000000000000005,0,0,0,0,22.700000000000003,100,961,0,0,0,0,22.700000000000003,183,2
2010,5,13,21,30,157.3,0.15,4.4,0,0,0,0,22.3,100,961,0,0,0,0,22.3,187,1.9000000000000001
2010,5,13,22,30,149.37,0.15,4.3,0,0,0,0,22,100,960,0,0,0,0,22,192,1.8
2010,5,13,23,30,137.61,0.15,4.3,0,0,0,0,21.700000000000003,100,960,0,0,0,0,21.700000000000003,195,1.8
2010,5,14,0,30,124.42,0.15,4.2,0,0,0,0,21.6,100,960,0,0,0,0,21.6,198,1.8
2010,5,14,1,30,110.62,0.15,4.2,0,0,0,0,21.6,100,960,0,0,0,0,21.6,202,1.9000000000000001
2010,5,14,2,30,96.55,0.15,4.2,0,0,0,0,21.900000000000002,100,960,0,0,0,0,21.900000000000002,209,2.2
2010,5,14,3,30,82.25,0.15,4.3,36,386,88,0,22.400000000000002,96.35000000000001,961,36,386,0,88,23,214,3
2010,5,14,4,30,68.11,0.15,4.3,64,684,319,0,22.6,87.59,962,64,684,0,319,24.8,217,3.6
2010,5,14,5,30,54.02,0.15,4.4,79,806,553,0,22.200000000000003,76.66,962,79,806,0,553,26.6,217,3.9000000000000004
2010,5,14,6,30,40.230000000000004,0.15,4.4,88,870,752,0,22,69.47,962,88,870,0,752,28.1,215,4
2010,5,14,7,30,27.310000000000002,0.15,4.5,92,905,896,0,22.200000000000003,65.94,961,92,905,0,896,29.200000000000003,211,4.2
2010,5,14,8,30,17.39,0.15,4.6000000000000005,94,920,972,3,22.400000000000002,63.03,960,453,146,0,592,30.200000000000003,207,4.4
2010,5,14,9,30,17.01,0.15,4.6000000000000005,116,890,967,3,22.5,61.15,958,463,143,0,600,30.8,204,4.5
2010,5,14,10,30,26.59,0.15,4.7,114,872,894,2,22.400000000000002,60.85,957,454,279,0,703,30.8,201,4.7
2010,5,14,11,30,39.42,0.15,4.7,110,832,752,2,22.3,62.64,957,410,163,0,536,30.200000000000003,198,4.800000000000001
2010,5,14,12,30,53.17,0.15,4.800000000000001,105,746,553,1,22.200000000000003,66.47,957,105,746,0,553,29.1,195,4.800000000000001
2010,5,14,13,30,67.24,0.15,4.800000000000001,88,602,321,1,22.200000000000003,72.07000000000001,957,88,602,0,321,27.700000000000003,192,4.2
2010,5,14,14,30,81.38,0.15,4.800000000000001,50,279,92,1,22.5,80.08,958,50,279,0,92,26.200000000000003,190,3.3000000000000003
2010,5,14,15,30,95.66,0.15,4.7,0,0,0,0,22.700000000000003,87.13,959,0,0,0,0,25,187,2.9000000000000004
2010,5,14,16,30,109.73,0.15,4.7,0,0,0,0,22.900000000000002,91.86,960,0,0,0,0,24.3,185,3
2010,5,14,17,30,123.53,0.15,4.7,0,0,0,0,23,96.08,961,0,0,0,0,23.700000000000003,184,3
2010,5,14,18,30,136.74,0.15,4.6000000000000005,0,0,0,0,23,99.01,961,0,0,0,0,23.200000000000003,185,3
2010,5,14,19,30,148.58,0.15,4.5,0,0,0,0,22.700000000000003,100,961,0,0,0,0,22.700000000000003,188,2.7
2010,5,14,20,30,156.79,0.15,4.4,0,0,0,0,22.3,100,961,0,0,0,0,22.3,191,2.5
2010,5,14,21,30,157.07,0.15,4.3,0,0,0,0,21.900000000000002,100,960,0,0,0,0,21.900000000000002,194,2.5
2010,5,14,22,30,149.20000000000002,0.15,4.1000000000000005,0,0,0,0,21.6,100,960,0,0,0,0,21.6,198,2.4000000000000004
2010,5,14,23,30,137.5,0.15,3.9000000000000004,0,0,0,0,21.3,100,960,0,0,0,0,21.3,203,2.4000000000000004
2010,5,15,0,30,124.34,0.14,3.8000000000000003,0,0,0,0,21,100,960,0,0,0,0,21,208,2.3000000000000003
2010,5,15,1,30,110.58,0.14,3.6,0,0,0,0,20.8,100,960,0,0,0,0,20.8,214,2.2
2010,5,15,2,30,96.52,0.14,3.6,0,0,0,0,21,100,961,0,0,0,0,21,221,2.5
2010,5,15,3,30,82.25,0.14,3.6,39,356,87,0,21.400000000000002,94.74,961,39,356,0,87,22.3,222,3.5
2010,5,15,4,30,68.13,0.14,3.7,70,668,319,0,21.6,84.4,962,70,668,0,319,24.400000000000002,217,4.6000000000000005
2010,5,15,5,30,54.06,0.14,3.7,85,799,554,0,21.200000000000003,73.43,962,85,799,0,554,26.3,213,5.1000000000000005
2010,5,15,6,30,40.31,0.14,3.8000000000000003,98,859,753,0,20.900000000000002,65.72,961,98,859,0,753,27.900000000000002,211,5.300000000000001
2010,5,15,7,30,27.44,0.14,3.9000000000000004,101,897,898,0,20.8,60.68,961,101,897,0,898,29.200000000000003,210,5.4
2010,5,15,8,30,17.6,0.14,3.9000000000000004,103,915,975,0,20.700000000000003,57.120000000000005,960,103,915,0,975,30.1,211,5.5
2010,5,15,9,30,17.22,0.14,4,101,917,977,0,20.5,54.57,959,101,917,0,977,30.700000000000003,212,5.4
2010,5,15,10,30,26.72,0.14,4,97,904,905,0,20.400000000000002,53.93,958,97,904,0,905,30.8,212,5.300000000000001
2010,5,15,11,30,39.49,0.14,4.1000000000000005,92,870,763,0,20.400000000000002,54.4,957,92,870,0,763,30.6,212,5.1000000000000005
2010,5,15,12,30,53.21,0.14,4.2,82,808,566,3,20.400000000000002,57.03,957,300,236,0,441,29.8,211,4.800000000000001
2010,5,15,13,30,67.26,0.14,4.2,67,687,333,3,20.5,62.29,957,192,34,0,205,28.400000000000002,208,4.1000000000000005
2010,5,15,14,30,81.38,0.14,4.3,40,400,100,0,21.200000000000003,72.67,958,40,400,0,100,26.5,202,3.2
2010,5,15,15,30,95.64,0.14,4.3,0,0,0,0,21.8,81.93,959,0,0,0,0,25.1,196,2.9000000000000004
2010,5,15,16,30,109.68,0.14,4.4,0,0,0,0,22.1,87.19,959,0,0,0,0,24.400000000000002,191,3.2
2010,5,15,17,30,123.46000000000001,0.14,4.4,0,0,0,0,22.5,92.21000000000001,960,0,0,0,0,23.8,188,3.2
2010,5,15,18,30,136.63,0.14,4.4,0,0,0,0,22.6,97.09,961,0,0,0,0,23.1,188,2.9000000000000004
2010,5,15,19,30,148.42000000000002,0.14,4.4,0,0,0,0,22.6,100,961,0,0,0,0,22.6,189,2.5
2010,5,15,20,30,156.57,0.14,4.3,0,0,0,0,22.200000000000003,100,960,0,0,0,0,22.200000000000003,193,2.4000000000000004
2010,5,15,21,30,156.85,0.14,4.2,0,0,0,0,21.8,100,960,0,0,0,0,21.8,199,2.3000000000000003
2010,5,15,22,30,149.05,0.14,4.1000000000000005,0,0,0,0,21.5,100,959,0,0,0,0,21.5,207,2.2
2010,5,15,23,30,137.4,0.14,4,0,0,0,0,21.3,100,959,0,0,0,0,21.3,214,2.2
2010,5,16,0,30,124.28,0.14,3.9000000000000004,0,0,0,0,21.1,100,960,0,0,0,0,21.1,219,2.3000000000000003
2010,5,16,1,30,110.53,0.14,3.8000000000000003,0,0,0,0,21,100,960,0,0,0,0,21,224,2.3000000000000003
2010,5,16,2,30,96.5,0.14,3.8000000000000003,0,0,0,0,21.200000000000003,100,961,0,0,0,0,21.200000000000003,229,2.7
2010,5,16,3,30,82.25,0.14,3.8000000000000003,38,370,88,0,21.6,93.91,961,38,370,0,88,22.6,230,3.8000000000000003
2010,5,16,4,30,68.15,0.14,3.9000000000000004,65,684,320,0,21.8,83.79,961,65,684,0,320,24.700000000000003,226,4.800000000000001
2010,5,16,5,30,54.11,0.14,4,76,816,555,0,21.400000000000002,72.53,961,76,816,0,555,26.700000000000003,223,5.300000000000001
2010,5,16,6,30,40.39,0.14,4.1000000000000005,84,879,754,0,21,64.63,961,84,879,0,754,28.3,222,5.4
2010,5,16,7,30,27.57,0.14,4.2,88,913,897,0,20.900000000000002,59.800000000000004,961,88,913,0,897,29.5,221,5.6000000000000005
2010,5,16,8,30,17.81,0.14,4.3,90,927,972,1,20.700000000000003,56.36,960,90,927,0,972,30.400000000000002,221,5.6000000000000005
2010,5,16,9,30,17.44,0.14,4.4,88,929,974,3,20.8,54.84,959,446,54,0,498,30.900000000000002,220,5.4
2010,5,16,10,30,26.84,0.14,4.4,85,916,903,2,20.8,54.56,958,457,221,0,653,31,218,5.300000000000001
2010,5,16,11,30,39.57,0.14,4.4,81,885,763,2,20.8,55.49,957,347,362,0,626,30.700000000000003,215,5.1000000000000005
2010,5,16,12,30,53.25,0.14,4.4,100,760,555,0,20.8,58.120000000000005,957,100,760,0,555,29.900000000000002,211,4.800000000000001
2010,5,16,13,30,67.27,0.14,4.5,86,609,321,0,20.8,63.120000000000005,957,86,609,0,321,28.5,206,4
2010,5,16,14,30,81.37,0.14,4.5,51,276,92,0,21.400000000000002,73.04,958,51,276,0,92,26.6,197,3
2010,5,16,15,30,95.61,0.14,4.5,0,0,0,3,22,82.05,959,0,0,0,0,25.3,190,2.7
2010,5,16,16,30,109.64,0.14,4.5,0,0,0,0,22.3,87.05,960,0,0,0,0,24.6,187,2.9000000000000004
2010,5,16,17,30,123.38000000000001,0.14,4.5,0,0,0,0,22.5,91.61,961,0,0,0,0,24,185,2.9000000000000004
2010,5,16,18,30,136.52,0.14,4.5,0,0,0,0,22.6,95.51,961,0,0,0,0,23.400000000000002,184,2.8000000000000003
2010,5,16,19,30,148.26,0.14,4.4,0,0,0,0,22.6,98.94,961,0,0,0,0,22.8,186,2.4000000000000004
2010,5,16,20,30,156.35,0.14,4.3,0,0,0,0,22.3,100,960,0,0,0,0,22.3,190,2.2
2010,5,16,21,30,156.63,0.14,4.2,0,0,0,0,21.900000000000002,100,960,0,0,0,0,21.900000000000002,195,2.1
2010,5,16,22,30,148.89000000000001,0.14,4.1000000000000005,0,0,0,0,21.6,100,959,0,0,0,0,21.6,200,2.2
2010,5,16,23,30,137.3,0.14,4,0,0,0,0,21.400000000000002,100,959,0,0,0,0,21.400000000000002,204,2.1
2010,5,17,0,30,124.21000000000001,0.14,3.9000000000000004,0,0,0,0,21.200000000000003,100,959,0,0,0,0,21.200000000000003,207,2.1
2010,5,17,1,30,110.5,0.14,3.9000000000000004,0,0,0,0,21.1,100,960,0,0,0,0,21.1,210,2.1
2010,5,17,2,30,96.49000000000001,0.14,3.9000000000000004,0,0,0,0,21.400000000000002,100,960,0,0,0,0,21.400000000000002,215,2.5
2010,5,17,3,30,82.25,0.14,4,40,340,86,0,21.8,94.03,961,40,340,0,86,22.8,216,3.4000000000000004
2010,5,17,4,30,68.17,0.14,4,73,650,315,0,22,84.08,961,73,650,0,315,24.900000000000002,214,4.4
2010,5,17,5,30,54.160000000000004,0.14,4.1000000000000005,88,784,547,0,21.8,73.27,961,88,784,0,547,27,214,4.9
2010,5,17,6,30,40.47,0.14,4.2,100,848,745,0,21.700000000000003,65.93,961,100,848,0,745,28.700000000000003,215,5
2010,5,17,7,30,27.7,0.14,4.2,103,889,890,0,21.6,60.9,960,103,889,0,890,30,215,5.2
2010,5,17,8,30,18.01,0.14,4.3,104,906,966,0,21.5,57.45,959,104,906,0,966,30.900000000000002,215,5.300000000000001
2010,5,17,9,30,17.64,0.14,4.3,101,912,970,0,21.3,55.230000000000004,958,101,912,0,970,31.400000000000002,215,5.2
2010,5,17,10,30,26.97,0.14,4.3,98,897,898,2,21.200000000000003,54.160000000000004,957,463,198,0,639,31.6,215,5.1000000000000005
2010,5,17,11,30,39.64,0.14,4.4,92,864,757,3,21.1,54.660000000000004,957,397,130,0,496,31.3,215,4.800000000000001
2010,5,17,12,30,53.29,0.14,4.4,82,803,562,3,20.900000000000002,56.07,956,320,86,0,372,30.700000000000003,212,4.4
2010,5,17,13,30,67.29,0.14,4.4,67,684,331,3,20.900000000000002,60.32,957,77,0,0,77,29.400000000000002,205,3.5
2010,5,17,14,30,81.36,0.14,4.5,40,398,99,3,21.700000000000003,71.73,957,68,7,7,69,27.3,194,2.6
2010,5,17,15,30,95.58,0.14,4.7,0,0,0,1,22.6,81.8,958,0,0,0,0,25.900000000000002,183,2.7
2010,5,17,16,30,109.59,0.14,4.800000000000001,0,0,0,3,22.900000000000002,88.01,959,0,0,0,0,25,178,3.4000000000000004
2010,5,17,17,30,123.31,0.14,4.9,0,0,0,0,23.200000000000003,93.82000000000001,959,0,0,0,0,24.3,178,3.6
2010,5,17,18,30,136.42000000000002,0.14,5,0,0,0,0,23.3,97.9,960,0,0,0,0,23.700000000000003,182,3.7
2010,5,17,19,30,148.1,0.14,4.9,0,0,0,0,23.1,99.52,960,0,0,0,0,23.200000000000003,189,3.8000000000000003
2010,5,17,20,30,156.14000000000001,0.14,4.9,0,0,0,0,22.700000000000003,99.39,959,0,0,0,0,22.8,196,3.6
2010,5,17,21,30,156.42000000000002,0.14,4.800000000000001,0,0,0,0,22.400000000000002,99.84,959,0,0,0,0,22.400000000000002,201,3.2
2010,5,17,22,30,148.74,0.14,4.7,0,0,0,1,22.1,100,958,0,0,0,0,22.1,205,2.7
2010,5,17,23,30,137.20000000000002,0.14,4.7,0,0,0,0,21.900000000000002,100,958,0,0,0,0,21.900000000000002,209,2.3000000000000003
2010,5,18,0,30,124.15,0.14,4.7,0,0,0,1,21.8,100,959,0,0,0,0,21.8,211,2.1
2010,5,18,1,30,110.46000000000001,0.14,4.7,0,0,0,0,21.8,100,959,0,0,0,0,21.8,212,2.2
2010,5,18,2,30,96.47,0.14,4.6000000000000005,0,0,0,0,22,100,960,0,0,0,0,22,213,2.7
2010,5,18,3,30,82.26,0.14,4.6000000000000005,42,297,82,1,22.200000000000003,93.83,960,42,297,0,82,23.200000000000003,211,3.9000000000000004
2010,5,18,4,30,68.2,0.14,4.7,78,619,308,3,22.1,83.34,960,198,40,0,213,25.1,208,5.1000000000000005
2010,5,18,5,30,54.21,0.14,4.7,99,751,538,3,21.6,73.4,960,240,10,0,246,26.8,208,5.7
2010,5,18,6,30,40.550000000000004,0.14,4.7,115,812,733,3,21.400000000000002,65.87,960,408,187,0,549,28.400000000000002,209,5.800000000000001
2010,5,18,7,30,27.82,0.14,4.800000000000001,132,836,872,3,21.3,61,959,452,131,0,568,29.6,210,5.800000000000001
2010,5,18,8,30,18.22,0.14,4.9,143,843,944,3,21.200000000000003,58.050000000000004,958,384,4,0,388,30.400000000000002,211,5.7
2010,5,18,9,30,17.84,0.14,5,190,775,928,3,21.1,57.08,958,495,131,0,620,30.6,211,5.4
2010,5,18,10,30,27.080000000000002,0.14,5.1000000000000005,194,740,853,3,21.200000000000003,56.52,957,235,0,0,235,30.8,210,5.1000000000000005
2010,5,18,11,30,39.7,0.14,5.2,187,682,712,3,21.200000000000003,57.63,956,330,7,0,336,30.5,207,4.800000000000001
2010,5,18,12,30,53.32,0.14,5.4,173,577,517,3,21.400000000000002,61.67,956,111,0,0,111,29.5,201,4.4
2010,5,18,13,30,67.3,0.14,5.5,140,397,293,3,21.8,68.49,957,80,0,0,80,28.1,194,3.8000000000000003
2010,5,18,14,30,81.35000000000001,0.14,5.6000000000000005,64,98,79,3,22.5,78.8,958,40,0,7,40,26.5,185,2.9000000000000004
2010,5,18,15,30,95.55,0.14,5.7,0,0,0,3,23.3,88.53,958,0,0,0,0,25.3,178,2.5
2010,5,18,16,30,109.54,0.14,5.7,0,0,0,1,23.700000000000003,93.98,959,0,0,0,0,24.700000000000003,175,2.6
2010,5,18,17,30,123.23,0.14,5.7,0,0,0,3,23.8,97.82000000000001,959,0,0,0,0,24.200000000000003,176,3
2010,5,18,18,30,136.31,0.14,5.6000000000000005,0,0,0,0,23.700000000000003,99.12,960,0,0,0,0,23.8,181,3.3000000000000003
2010,5,18,19,30,147.95000000000002,0.14,5.5,0,0,0,0,23.1,98.76,960,0,0,0,0,23.3,187,3.5
2010,5,18,20,30,155.93,0.14,5.300000000000001,0,0,0,0,22.400000000000002,97.88,960,0,0,0,0,22.8,192,3.6
2010,5,18,21,30,156.22,0.14,5.2,0,0,0,0,21.900000000000002,97.63,959,0,0,0,0,22.3,196,3.6
2010,5,18,22,30,148.6,0.14,5.1000000000000005,0,0,0,0,21.6,98.02,959,0,0,0,0,21.900000000000002,198,3.4000000000000004
2010,5,18,23,30,137.1,0.14,5,0,0,0,0,21.400000000000002,98.65,959,0,0,0,0,21.6,200,3.3000000000000003
2010,5,19,0,30,124.09,0.14,4.9,0,0,0,0,21.200000000000003,99.53,959,0,0,0,0,21.3,201,3.2
2010,5,19,1,30,110.43,0.14,4.800000000000001,0,0,0,3,21.1,99.92,959,0,0,0,0,21.1,202,3.1
2010,5,19,2,30,96.46000000000001,0.14,4.7,0,0,0,3,21,98.61,959,0,0,0,0,21.200000000000003,203,3.2
2010,5,19,3,30,82.26,0.14,4.7,54,144,73,8,21,92.23,960,65,14,7,67,22.3,202,3.8000000000000003
2010,5,19,4,30,68.22,0.14,4.800000000000001,116,463,288,7,20.900000000000002,82.85000000000001,960,186,158,0,245,24,199,4.6000000000000005
2010,5,19,5,30,54.26,0.14,4.800000000000001,148,626,514,3,20.5,74.43,961,320,81,0,367,25.400000000000002,197,4.9
2010,5,19,6,30,40.63,0.14,4.9,167,714,709,8,20.200000000000003,68.55,961,302,413,0,616,26.5,198,4.7
2010,5,19,7,30,27.95,0.14,4.9,178,762,851,8,20,64.52,961,354,403,0,709,27.3,200,4.6000000000000005
2010,5,19,8,30,18.42,0.14,5,183,784,926,7,19.900000000000002,61.67,960,289,562,0,822,27.900000000000002,204,4.4
2010,5,19,9,30,18.04,0.14,5,183,784,929,7,19.8,59.96,959,428,214,0,631,28.3,208,4.4
2010,5,19,10,30,27.2,0.14,5.1000000000000005,177,765,857,8,19.8,59.2,958,401,78,0,470,28.5,210,4.4
2010,5,19,11,30,39.77,0.14,5.1000000000000005,165,722,720,8,19.900000000000002,59.910000000000004,958,238,8,7,244,28.400000000000002,210,4.4
2010,5,19,12,30,53.35,0.14,5.1000000000000005,146,640,528,7,20,61.43,957,269,254,7,420,28.1,208,4.2
2010,5,19,13,30,67.3,0.14,5.2,114,490,304,7,20.3,65.86,958,190,177,0,258,27.200000000000003,204,3.4000000000000004
2010,5,19,14,30,81.34,0.14,5.2,58,184,86,7,21.1,75.83,958,69,14,7,72,25.700000000000003,198,2.1
2010,5,19,15,30,95.52,0.14,5.2,0,0,0,7,22.1,86.17,959,0,0,0,0,24.6,192,1.5
2010,5,19,16,30,109.49000000000001,0.14,5.1000000000000005,0,0,0,7,22.400000000000002,90.06,959,0,0,0,0,24.1,187,1.6
2010,5,19,17,30,123.16,0.14,5,0,0,0,0,22.5,92.24,960,0,0,0,0,23.8,183,2.1
2010,5,19,18,30,136.2,0.14,4.9,0,0,0,0,22.400000000000002,94.75,961,0,0,0,0,23.3,182,2.6
2010,5,19,19,30,147.79,0.14,4.800000000000001,0,0,0,1,22.3,97.4,961,0,0,0,0,22.700000000000003,182,2.6
2010,5,19,20,30,155.72,0.14,4.6000000000000005,0,0,0,0,22.1,100,960,0,0,0,0,22.1,183,2.4000000000000004
2010,5,19,21,30,156.02,0.14,4.6000000000000005,0,0,0,1,21.700000000000003,100,960,0,0,0,0,21.700000000000003,185,2.3000000000000003
2010,5,19,22,30,148.46,0.14,4.5,0,0,0,0,21.5,100,959,0,0,0,0,21.5,188,2.4000000000000004
2010,5,19,23,30,137.01,0.14,4.4,0,0,0,0,21.3,100,959,0,0,0,0,21.3,191,2.5
2010,5,20,0,30,124.04,0.14,4.3,0,0,0,0,21.200000000000003,100,959,0,0,0,0,21.200000000000003,192,2.7
2010,5,20,1,30,110.4,0.14,4.2,0,0,0,0,21.1,100,960,0,0,0,0,21.1,194,2.8000000000000003
2010,5,20,2,30,96.45,0.14,4,0,0,0,0,21.1,100,960,0,0,0,0,21.1,196,3.1
2010,5,20,3,30,82.27,0.14,3.8000000000000003,52,182,76,0,21.200000000000003,93.39,961,52,182,0,76,22.3,197,3.9000000000000004
2010,5,20,4,30,68.25,0.14,3.7,106,516,297,1,20.900000000000002,81.63,961,106,516,0,297,24.200000000000003,197,4.800000000000001
2010,5,20,5,30,54.31,0.14,3.7,129,684,528,1,20.200000000000003,69.71000000000001,962,129,684,0,528,26.200000000000003,197,5.1000000000000005
2010,5,20,6,30,40.71,0.14,3.7,116,822,739,0,19.6,60.64,961,116,822,0,739,27.900000000000002,199,5.2
2010,5,20,7,30,28.080000000000002,0.14,3.8000000000000003,121,864,883,0,19.400000000000002,55.08,961,121,864,0,883,29.3,200,5.1000000000000005
2010,5,20,8,30,18.61,0.14,3.9000000000000004,122,884,959,0,19.3,51.63,960,122,884,0,959,30.400000000000002,202,5.1000000000000005
2010,5,20,9,30,18.22,0.14,4,146,846,950,7,19.400000000000002,49.97,959,129,817,0,904,31,203,5
2010,5,20,10,30,27.310000000000002,0.14,4,141,829,878,0,19.400000000000002,49.550000000000004,958,141,829,0,878,31.200000000000003,204,4.9
2010,5,20,11,30,39.83,0.14,4.1000000000000005,134,786,737,0,19.400000000000002,50.230000000000004,958,134,786,0,737,31,203,4.7
2010,5,20,12,30,53.38,0.14,4.1000000000000005,119,712,544,3,19.5,52.660000000000004,958,323,155,0,415,30.200000000000003,202,4.5
2010,5,20,13,30,67.31,0.14,4.1000000000000005,95,573,316,3,19.6,57.6,958,188,22,0,197,28.8,197,3.7
2010,5,20,14,30,81.33,0.14,4.1000000000000005,52,263,91,2,20.400000000000002,67.67,958,20,0,0,20,26.900000000000002,189,2.8000000000000003
2010,5,20,15,30,95.49,0.14,4.1000000000000005,0,0,0,1,21.3,77.91,959,0,0,0,0,25.400000000000002,181,2.8000000000000003
2010,5,20,16,30,109.43,0.14,4,0,0,0,0,21.6,83.23,959,0,0,0,0,24.6,177,3.1
2010,5,20,17,30,123.08,0.14,3.9000000000000004,0,0,0,0,21.900000000000002,90.15,960,0,0,0,0,23.6,175,3
2010,5,20,18,30,136.09,0.14,3.8000000000000003,0,0,0,8,22.1,95.64,960,0,0,0,0,22.8,176,2.7
2010,5,20,19,30,147.64000000000001,0.14,3.7,0,0,0,0,22,98.97,960,0,0,0,0,22.200000000000003,180,2.6
2010,5,20,20,30,155.52,0.14,3.7,0,0,0,0,21.700000000000003,100,960,0,0,0,0,21.700000000000003,184,2.4000000000000004
2010,5,20,21,30,155.82,0.14,3.6,0,0,0,0,21.3,100,959,0,0,0,0,21.3,188,2.2
2010,5,20,22,30,148.32,0.14,3.6,0,0,0,0,21.1,100,959,0,0,0,0,21.1,191,2
2010,5,20,23,30,136.93,0.14,3.6,0,0,0,0,20.900000000000002,100,959,0,0,0,0,20.900000000000002,194,1.9000000000000001
2010,5,21,0,30,123.98,0.14,3.6,0,0,0,0,20.900000000000002,100,959,0,0,0,0,20.900000000000002,197,2.1
2010,5,21,1,30,110.37,0.14,3.5,0,0,0,0,21,100,960,0,0,0,0,21,199,2.2
2010,5,21,2,30,96.45,0.14,3.5,0,0,0,0,21.400000000000002,100,960,0,0,0,0,21.400000000000002,203,2.4000000000000004
2010,5,21,3,30,82.28,0.14,3.4000000000000004,42,314,84,0,21.700000000000003,94.91,961,42,314,0,84,22.6,205,3.1
2010,5,21,4,30,68.29,0.14,3.4000000000000004,76,638,313,0,22,86.15,961,76,638,0,313,24.5,206,3.9000000000000004
2010,5,21,5,30,54.36,0.14,3.4000000000000004,94,774,545,0,21.700000000000003,74.4,961,94,774,0,545,26.6,209,4.3
2010,5,21,6,30,40.79,0.14,3.3000000000000003,105,847,746,0,21.200000000000003,64.53,961,105,847,0,746,28.5,210,4.4
2010,5,21,7,30,28.21,0.14,3.3000000000000003,111,884,891,0,20.700000000000003,57.63,960,111,884,0,891,30,210,4.6000000000000005
2010,5,21,8,30,18.8,0.14,3.3000000000000003,115,901,968,0,20.3,52.78,959,115,901,0,968,31.1,210,4.6000000000000005
2010,5,21,9,30,18.41,0.14,3.4000000000000004,113,903,970,0,20,49.92,958,113,903,0,970,31.700000000000003,211,4.6000000000000005
2010,5,21,10,30,27.42,0.14,3.5,107,891,898,7,19.700000000000003,48.64,957,325,431,0,707,31.900000000000002,210,4.5
2010,5,21,11,30,39.88,0.14,3.6,100,857,757,7,19.700000000000003,49.21,956,276,437,0,611,31.6,208,4.3
2010,5,21,12,30,53.410000000000004,0.14,3.7,87,797,562,7,19.8,51.57,956,218,404,0,458,30.900000000000002,205,4
2010,5,21,13,30,67.31,0.14,3.9000000000000004,72,668,330,7,20.200000000000003,57.300000000000004,957,173,194,0,248,29.5,199,3.2
2010,5,21,14,30,81.31,0.14,4.1000000000000005,42,373,99,7,21.400000000000002,70.13,957,74,61,7,83,27.3,188,2.3000000000000003
2010,5,21,15,30,95.46000000000001,0.14,4.3,0,0,0,7,22.6,82.67,958,0,0,0,0,25.8,176,2.2
2010,5,21,16,30,109.38,0.14,4.4,0,0,0,7,23,88.77,959,0,0,0,0,25,170,2.8000000000000003
2010,5,21,17,30,123,0.14,4.5,0,0,0,7,23.400000000000002,94.89,959,0,0,0,0,24.3,168,3.2
2010,5,21,18,30,135.98,0.14,4.5,0,0,0,7,23.6,99.5,960,0,0,0,0,23.700000000000003,170,3.3000000000000003
2010,5,21,19,30,147.49,0.14,4.5,0,0,0,7,23.3,100,960,0,0,0,0,23.3,175,3.2
2010,5,21,20,30,155.33,0.14,4.4,0,0,0,7,22.900000000000002,100,959,0,0,0,0,22.900000000000002,181,3.2
2010,5,21,21,30,155.63,0.14,4.3,0,0,0,7,22.400000000000002,100,959,0,0,0,0,22.400000000000002,186,3.1
2010,5,21,22,30,148.19,0.14,4.1000000000000005,0,0,0,8,22.1,100,958,0,0,0,0,22.1,191,2.8000000000000003
2010,5,21,23,30,136.84,0.14,3.9000000000000004,0,0,0,0,21.8,100,958,0,0,0,0,21.8,196,2.7
2010,5,22,0,30,123.93,0.14,3.7,0,0,0,8,21.5,100,958,0,0,0,0,21.5,199,2.7
2010,5,22,1,30,110.35000000000001,0.14,3.6,0,0,0,7,21.3,100,959,0,0,0,0,21.3,203,2.7
2010,5,22,2,30,96.44,0.14,3.5,0,0,0,7,21.400000000000002,100,960,0,0,0,0,21.400000000000002,206,2.9000000000000004
2010,5,22,3,30,82.3,0.14,3.5,44,291,83,0,21.5,94.82000000000001,960,44,291,0,83,22.400000000000002,208,3.6
2010,5,22,4,30,68.32000000000001,0.14,3.6,83,609,308,1,21.6,84.25,961,83,609,0,308,24.400000000000002,207,4.5
2010,5,22,5,30,54.42,0.14,3.6,105,745,538,0,21,71.7,961,105,745,0,538,26.5,205,4.800000000000001
2010,5,22,6,30,40.88,0.14,3.7,116,820,736,7,20.400000000000002,62.33,960,247,515,0,637,28.3,205,4.9
2010,5,22,7,30,28.330000000000002,0.14,3.7,126,855,879,7,19.900000000000002,55.480000000000004,960,244,631,0,800,29.8,205,4.800000000000001
2010,5,22,8,30,18.990000000000002,0.14,3.7,131,871,955,0,19.5,50.35,959,131,871,0,955,31,206,4.7
2010,5,22,9,30,18.59,0.14,3.8000000000000003,157,832,946,7,19.200000000000003,47.54,958,175,770,0,905,31.700000000000003,206,4.6000000000000005
2010,5,22,10,30,27.52,0.14,3.9000000000000004,159,803,871,1,19.1,46.46,957,159,803,0,871,32,206,4.4
2010,5,22,11,30,39.94,0.14,4,154,751,729,0,19.200000000000003,47.15,956,154,751,0,729,31.8,204,4.3
2010,5,22,12,30,53.43,0.14,4.1000000000000005,140,661,534,7,19.3,49.9,956,235,416,0,483,31,200,4.1000000000000005
2010,5,22,13,30,67.32000000000001,0.14,4.2,113,505,307,7,19.700000000000003,55.28,957,174,324,7,299,29.6,195,3.5
2010,5,22,14,30,81.3,0.14,4.3,58,197,88,2,20.700000000000003,66.43,957,20,0,0,20,27.5,185,2.7
2010,5,22,15,30,95.42,0.14,4.3,0,0,0,0,21.6,76.47,958,0,0,0,0,26.1,177,2.7
2010,5,22,16,30,109.33,0.14,4.3,0,0,0,0,21.900000000000002,81.9,959,0,0,0,0,25.200000000000003,171,3.1
2010,5,22,17,30,122.93,0.14,4.2,0,0,0,0,22.200000000000003,87.34,959,0,0,0,0,24.400000000000002,168,3.2
2010,5,22,18,30,135.88,0.14,4.2,0,0,0,0,22.3,91.75,959,0,0,0,0,23.700000000000003,167,3.2
2010,5,22,19,30,147.34,0.14,4.1000000000000005,0,0,0,0,22.3,95.91,959,0,0,0,0,23,167,2.9000000000000004
2010,5,22,20,30,155.13,0.14,4.1000000000000005,0,0,0,0,22.3,98.73,959,0,0,0,0,22.5,169,2.5
2010,5,22,21,30,155.45000000000002,0.14,4,0,0,0,0,22.1,100,958,0,0,0,0,22.1,174,2.1
2010,5,22,22,30,148.06,0.14,3.9000000000000004,0,0,0,0,21.900000000000002,100,958,0,0,0,0,21.900000000000002,180,2.1
2010,5,22,23,30,136.77,0.14,3.9000000000000004,0,0,0,0,21.8,100,958,0,0,0,0,21.8,187,2.3000000000000003
2010,5,23,0,30,123.89,0.14,3.8000000000000003,0,0,0,0,21.700000000000003,100,958,0,0,0,0,21.700000000000003,193,2.4000000000000004
2010,5,23,1,30,110.32000000000001,0.14,3.8000000000000003,0,0,0,0,21.6,100,958,0,0,0,0,21.6,199,2.3000000000000003
2010,5,23,2,30,96.44,0.14,3.8000000000000003,0,0,0,0,21.900000000000002,100,959,0,0,0,0,21.900000000000002,205,2.4000000000000004
2010,5,23,3,30,82.32000000000001,0.14,3.9000000000000004,43,297,82,0,22.1,93.73,959,43,297,0,82,23.200000000000003,210,3.1
2010,5,23,4,30,68.35000000000001,0.14,4,79,618,307,3,22.3,83.61,960,145,8,0,148,25.3,212,3.8000000000000003
2010,5,23,5,30,54.47,0.14,4,97,757,538,0,22,71.84,960,97,757,0,538,27.5,215,4
2010,5,23,6,30,40.96,0.14,4.1000000000000005,108,829,734,0,21.400000000000002,62.57,960,108,829,0,734,29.3,217,4.1000000000000005
2010,5,23,7,30,28.46,0.14,4.2,115,865,876,1,21.200000000000003,56.57,959,115,865,0,876,30.8,217,4.1000000000000005
2010,5,23,8,30,19.17,0.14,4.3,118,882,951,0,21.200000000000003,53.56,958,118,882,0,951,31.8,216,4.1000000000000005
2010,5,23,9,30,18.76,0.14,4.4,131,862,948,0,21.3,51.79,957,131,862,0,948,32.5,214,4
2010,5,23,10,30,27.62,0.14,4.4,126,848,878,0,21.400000000000002,51.47,956,126,848,0,878,32.7,211,4
2010,5,23,11,30,39.99,0.14,4.5,117,812,739,2,21.400000000000002,52.480000000000004,956,407,148,0,520,32.4,207,3.9000000000000004
2010,5,23,12,30,53.46,0.14,4.6000000000000005,108,735,545,0,21.5,55.82,956,108,735,0,545,31.400000000000002,199,3.8000000000000003
2010,5,23,13,30,67.32000000000001,0.14,4.800000000000001,88,594,317,0,21.700000000000003,62.26,956,88,594,0,317,29.700000000000003,189,3.4000000000000004
2010,5,23,14,30,81.28,0.14,4.800000000000001,50,287,93,0,22.400000000000002,72.37,957,50,287,0,93,27.8,178,2.8000000000000003
2010,5,23,15,30,95.38,0.14,4.800000000000001,0,0,0,0,23,82.17,958,0,0,0,0,26.3,170,2.7
2010,5,23,16,30,109.27,0.14,4.800000000000001,0,0,0,0,23.1,87.55,959,0,0,0,0,25.3,164,2.8000000000000003
2010,5,23,17,30,122.85000000000001,0.14,4.7,0,0,0,0,23,91.47,959,0,0,0,0,24.5,160,2.8000000000000003
2010,5,23,18,30,135.77,0.14,4.6000000000000005,0,0,0,0,22.8,94.99,959,0,0,0,0,23.700000000000003,156,2.6
2010,5,23,19,30,147.20000000000002,0.14,4.5,0,0,0,0,22.6,97.76,959,0,0,0,0,23,154,2.5
2010,5,23,20,30,154.95000000000002,0.14,4.4,0,0,0,0,22.5,99.81,959,0,0,0,0,22.5,155,2.2
2010,5,23,21,30,155.27,0.14,4.3,0,0,0,0,22.200000000000003,100,958,0,0,0,0,22.200000000000003,162,1.8
2010,5,23,22,30,147.94,0.14,4.3,0,0,0,0,22.1,100,958,0,0,0,0,22.1,173,1.5
2010,5,23,23,30,136.69,0.14,4.4,0,0,0,0,22.1,100,958,0,0,0,0,22.1,185,1.4000000000000001
2010,5,24,0,30,123.85000000000001,0.14,4.5,0,0,0,0,22.200000000000003,100,959,0,0,0,0,22.200000000000003,196,1.5
2010,5,24,1,30,110.31,0.14,4.6000000000000005,0,0,0,0,22.3,100,959,0,0,0,0,22.3,203,1.7000000000000002
2010,5,24,2,30,96.44,0.14,4.6000000000000005,0,0,0,0,22.6,100,960,0,0,0,0,22.6,205,1.9000000000000001
2010,5,24,3,30,82.33,0.14,4.7,43,287,81,1,22.900000000000002,96.27,960,43,287,0,81,23.5,202,2.5
2010,5,24,4,30,68.39,0.14,4.800000000000001,79,606,303,3,23.1,89.57000000000001,961,108,1,0,109,24.900000000000002,195,3.2
2010,5,24,5,30,54.53,0.14,4.9,98,744,530,1,23,81.45,961,98,744,0,530,26.400000000000002,190,3.8000000000000003
2010,5,24,6,30,41.04,0.14,4.9,126,786,718,1,22.8,74.10000000000001,960,126,786,0,718,27.8,187,4.3
2010,5,24,7,30,28.580000000000002,0.14,5,133,827,860,0,22.700000000000003,68.25,960,133,827,0,860,29.1,185,4.7
2010,5,24,8,30,19.35,0.14,5,139,844,935,2,22.6,64.32000000000001,959,495,179,0,664,30.1,183,5
2010,5,24,9,30,18.93,0.14,5.1000000000000005,157,817,930,7,22.6,62.13,958,411,243,0,641,30.700000000000003,182,5.2
2010,5,24,10,30,27.72,0.14,5.1000000000000005,162,785,857,1,22.5,60.51,957,162,785,0,857,31,180,5.4
2010,5,24,11,30,40.04,0.14,5.2,161,724,716,7,22.200000000000003,61.38,956,330,105,0,411,30.5,179,5.5
2010,5,24,12,30,53.47,0.14,5.2,150,628,523,9,22.1,64.59,956,13,0,0,13,29.5,177,5.4
2010,5,24,13,30,67.31,0.14,5.1000000000000005,118,476,302,6,22.3,71.08,957,6,0,0,6,28,177,4.800000000000001
2010,5,24,14,30,81.26,0.14,5.1000000000000005,60,178,87,6,22.700000000000003,80.10000000000001,958,3,0,0,3,26.400000000000002,178,3.6
2010,5,24,15,30,95.35000000000001,0.14,5.1000000000000005,0,0,0,6,23.200000000000003,88.8,958,0,0,0,0,25.200000000000003,178,2.7
2010,5,24,16,30,109.21000000000001,0.14,5.1000000000000005,0,0,0,7,23.5,93.68,959,0,0,0,0,24.6,180,2.6
2010,5,24,17,30,122.77,0.14,5.1000000000000005,0,0,0,7,23.700000000000003,96.81,960,0,0,0,0,24.200000000000003,181,2.6
2010,5,24,18,30,135.66,0.14,5,0,0,0,7,23.700000000000003,99.62,960,0,0,0,0,23.8,183,2.6
2010,5,24,19,30,147.05,0.14,5,0,0,0,7,23.5,100,960,0,0,0,0,23.5,186,2.6
2010,5,24,20,30,154.77,0.14,4.9,0,0,0,7,23.3,100,959,0,0,0,0,23.3,189,2.7
2010,5,24,21,30,155.1,0.14,4.9,0,0,0,7,23.200000000000003,100,958,0,0,0,0,23.200000000000003,193,2.7
2010,5,24,22,30,147.82,0.14,4.9,0,0,0,8,23,100,958,0,0,0,0,23,196,2.7
2010,5,24,23,30,136.62,0.14,4.9,0,0,0,0,23,100,958,0,0,0,0,23,199,2.6
2010,5,25,0,30,123.81,0.14,5,0,0,0,0,22.900000000000002,100,958,0,0,0,0,22.900000000000002,199,2.6
2010,5,25,1,30,110.29,0.14,5,0,0,0,0,22.8,100,959,0,0,0,0,22.8,201,2.4000000000000004
2010,5,25,2,30,96.44,0.14,5.1000000000000005,0,0,0,3,23,100,959,0,0,0,0,23,205,2.4000000000000004
2010,5,25,3,30,82.35000000000001,0.14,5.1000000000000005,44,268,79,1,23.400000000000002,97.55,960,44,268,0,79,23.8,206,3
2010,5,25,4,30,68.43,0.14,5.1000000000000005,79,606,301,0,23.700000000000003,91.98,960,79,606,0,301,25.1,203,3.9000000000000004
2010,5,25,5,30,54.59,0.14,5.1000000000000005,92,757,531,0,23.6,82.62,961,92,757,0,531,26.8,198,4.5
2010,5,25,6,30,41.13,0.14,5.1000000000000005,100,832,727,1,23.1,73.97,960,100,832,0,727,28.200000000000003,196,4.6000000000000005
2010,5,25,7,30,28.71,0.14,5.1000000000000005,105,871,869,3,22.900000000000002,67.61,960,413,73,0,477,29.5,195,4.5
2010,5,25,8,30,19.53,0.14,5.2,110,884,943,3,22.700000000000003,63.47,959,440,66,0,503,30.400000000000002,194,4.4
2010,5,25,9,30,19.09,0.14,5.2,116,877,944,1,22.3,60.7,958,116,877,0,944,30.8,192,4.3
2010,5,25,10,30,27.810000000000002,0.14,5.2,116,856,873,0,22.1,61.07,958,116,856,0,873,30.5,189,4.3
2010,5,25,11,30,40.08,0.14,5.2,114,812,735,7,22.400000000000002,64.84,958,312,316,0,554,29.700000000000003,186,4.2
2010,5,25,12,30,53.49,0.14,5.2,106,734,542,3,22.8,70.92,957,316,111,0,382,28.6,182,4.1000000000000005
2010,5,25,13,30,67.31,0.14,5.2,89,586,316,7,23.3,78.57000000000001,958,180,114,0,224,27.400000000000002,178,3.6
2010,5,25,14,30,81.23,0.14,5.2,51,271,93,7,23.900000000000002,87.09,958,28,0,7,28,26.200000000000003,173,3.2
2010,5,25,15,30,95.31,0.14,5.2,0,0,0,6,24.1,93.25,959,0,0,0,0,25.3,169,3.3000000000000003
2010,5,25,16,30,109.16,0.14,5.2,0,0,0,6,24.200000000000003,97.55,959,0,0,0,0,24.6,166,3.4000000000000004
2010,5,25,17,30,122.69,0.14,5.2,0,0,0,7,24.1,100,960,0,0,0,0,24.1,166,3.2
2010,5,25,18,30,135.56,0.14,5.2,0,0,0,7,23.700000000000003,100,960,0,0,0,0,23.700000000000003,169,3
2010,5,25,19,30,146.91,0.14,5.2,0,0,0,1,23.5,100,960,0,0,0,0,23.5,176,2.9000000000000004
2010,5,25,20,30,154.59,0.14,5.2,0,0,0,0,23.200000000000003,100,959,0,0,0,0,23.200000000000003,184,2.7
2010,5,25,21,30,154.94,0.14,5.2,0,0,0,0,23,100,959,0,0,0,0,23,193,2.7
2010,5,25,22,30,147.71,0.14,5.2,0,0,0,0,22.8,100,959,0,0,0,0,22.8,200,2.7
2010,5,25,23,30,136.55,0.14,5.2,0,0,0,0,22.6,100,959,0,0,0,0,22.6,205,2.7
2010,5,26,0,30,123.77,0.14,5.2,0,0,0,0,22.5,100,959,0,0,0,0,22.5,207,2.5
2010,5,26,1,30,110.28,0.14,5.1000000000000005,0,0,0,0,22.400000000000002,100,959,0,0,0,0,22.400000000000002,208,2.4000000000000004
2010,5,26,2,30,96.45,0.14,5.2,0,0,0,0,22.5,100,960,0,0,0,0,22.5,209,2.5
2010,5,26,3,30,82.38,0.14,5.2,41,300,81,3,22.700000000000003,96.81,961,60,7,7,61,23.200000000000003,207,3.3000000000000003
2010,5,26,4,30,68.47,0.14,5.2,72,634,304,0,22.700000000000003,87.44,961,72,634,0,304,24.900000000000002,203,4.5
2010,5,26,5,30,54.65,0.14,5.300000000000001,84,777,533,8,22.1,75.42,961,252,134,0,330,26.8,200,5.1000000000000005
2010,5,26,6,30,41.21,0.14,5.4,94,842,727,3,21.700000000000003,67.78,961,251,1,0,251,28.200000000000003,199,5.2
2010,5,26,7,30,28.830000000000002,0.14,5.4,99,878,868,3,21.5,63.45,961,405,55,0,452,29.200000000000003,199,5.2
2010,5,26,8,30,19.7,0.14,5.4,100,897,945,3,21.400000000000002,61.21,960,462,155,0,608,29.700000000000003,199,5.1000000000000005
2010,5,26,9,30,19.240000000000002,0.14,5.4,98,900,948,3,21.3,60.14,959,441,86,0,522,29.900000000000002,198,4.9
2010,5,26,10,30,27.89,0.14,5.300000000000001,96,886,879,3,21.3,60.29,958,452,214,0,641,29.8,196,4.7
2010,5,26,11,30,40.13,0.14,5.300000000000001,91,853,743,3,21.200000000000003,61.85,958,311,4,0,315,29.3,193,4.4
2010,5,26,12,30,53.5,0.14,5.300000000000001,82,792,553,3,21.200000000000003,64.36,958,299,194,0,415,28.6,189,4
2010,5,26,13,30,67.3,0.14,5.2,67,674,327,7,21.3,68.47,958,153,299,0,269,27.6,184,3.4000000000000004
2010,5,26,14,30,81.21000000000001,0.14,5.2,41,390,100,7,21.700000000000003,76.44,959,68,34,7,73,26.200000000000003,175,2.4000000000000004
2010,5,26,15,30,95.27,0.14,5.2,0,0,0,7,22.3,84.57000000000001,959,0,0,0,0,25.1,168,2.1
2010,5,26,16,30,109.10000000000001,0.14,5.1000000000000005,0,0,0,7,22.3,87.65,960,0,0,0,0,24.5,165,2.5
2010,5,26,17,30,122.61,0.14,5,0,0,0,7,22.3,90.68,961,0,0,0,0,23.900000000000002,166,2.8000000000000003
2010,5,26,18,30,135.45,0.14,5,0,0,0,7,22.1,92.41,961,0,0,0,0,23.400000000000002,170,2.9000000000000004
2010,5,26,19,30,146.77,0.14,4.9,0,0,0,7,21.900000000000002,94.7,961,0,0,0,0,22.8,174,2.8000000000000003
2010,5,26,20,30,154.42000000000002,0.14,4.800000000000001,0,0,0,1,21.700000000000003,97.10000000000001,960,0,0,0,0,22.200000000000003,179,2.5
2010,5,26,21,30,154.78,0.14,4.7,0,0,0,7,21.6,99.16,959,0,0,0,0,21.700000000000003,185,2.2
2010,5,26,22,30,147.61,0.14,4.5,0,0,0,7,21.3,100,959,0,0,0,0,21.3,191,1.9000000000000001
2010,5,26,23,30,136.49,0.14,4.4,0,0,0,7,21,100,959,0,0,0,0,21,197,1.7000000000000002
2010,5,27,0,30,123.74000000000001,0.14,4.3,0,0,0,7,20.8,100,959,0,0,0,0,20.8,205,1.6
2010,5,27,1,30,110.27,0.14,4.2,0,0,0,7,20.6,100,960,0,0,0,0,20.6,212,1.4000000000000001
2010,5,27,2,30,96.46000000000001,0.14,4.1000000000000005,0,0,0,7,20.8,100,960,0,0,0,0,20.8,218,1.8
2010,5,27,3,30,82.4,0.14,4,36,369,85,3,21.1,92.65,961,54,2,7,54,22.3,215,2.8000000000000003
2010,5,27,4,30,68.51,0.14,4,64,679,313,3,21.1,81.53,961,191,89,0,224,24.5,207,3.7
2010,5,27,5,30,54.71,0.14,3.9000000000000004,76,810,544,3,20.8,70.44,961,269,295,0,439,26.6,203,4.1000000000000005
2010,5,27,6,30,41.300000000000004,0.14,3.9000000000000004,83,877,741,3,20.400000000000002,61.53,961,387,212,0,546,28.5,200,4.1000000000000005
2010,5,27,7,30,28.95,0.14,3.9000000000000004,86,912,885,8,19.900000000000002,53.95,960,298,454,0,696,30.200000000000003,199,4.1000000000000005
2010,5,27,8,30,19.86,0.14,3.9000000000000004,88,928,961,7,19.3,48.910000000000004,959,256,577,0,798,31.3,197,4.1000000000000005
2010,5,27,9,30,19.39,0.14,4,106,902,957,7,18.900000000000002,45.980000000000004,958,267,554,0,789,32,197,4
2010,5,27,10,30,27.98,0.14,4,103,887,886,7,18.900000000000002,45.57,957,247,569,0,749,32.1,196,3.9000000000000004
2010,5,27,11,30,40.160000000000004,0.14,4.1000000000000005,97,851,748,7,18.900000000000002,46.550000000000004,957,258,456,0,607,31.8,195,3.8000000000000003
2010,5,27,12,30,53.51,0.14,4.1000000000000005,124,698,539,7,19.1,49.33,957,263,272,0,425,30.900000000000002,193,3.6
2010,5,27,13,30,67.29,0.14,4.2,98,561,314,7,19.3,54.620000000000005,957,176,250,0,272,29.400000000000002,189,3
2010,5,27,14,30,81.18,0.14,4.2,53,264,93,7,20.400000000000002,65.56,958,74,34,7,79,27.400000000000002,181,2.2
2010,5,27,15,30,95.22,0.14,4.3,0,0,0,1,21.400000000000002,76.37,959,0,0,0,0,25.900000000000002,174,2.1
2010,5,27,16,30,109.04,0.14,4.3,0,0,0,0,21.400000000000002,79.73,959,0,0,0,0,25.1,169,2.5
2010,5,27,17,30,122.54,0.14,4.4,0,0,0,0,21.5,84.26,960,0,0,0,0,24.3,166,2.8000000000000003
2010,5,27,18,30,135.35,0.14,4.4,0,0,0,0,21.6,89.05,960,0,0,0,0,23.5,166,2.8000000000000003
2010,5,27,19,30,146.64000000000001,0.14,4.5,0,0,0,0,21.700000000000003,93.29,960,0,0,0,0,22.8,169,2.6
2010,5,27,20,30,154.25,0.14,4.5,0,0,0,0,21.700000000000003,97.02,960,0,0,0,0,22.200000000000003,172,2.5
2010,5,27,21,30,154.62,0.14,4.5,0,0,0,3,21.700000000000003,99.33,959,0,0,0,0,21.8,176,2.3000000000000003
2010,5,27,22,30,147.5,0.14,4.5,0,0,0,3,21.5,100,959,0,0,0,0,21.5,179,2.1
2010,5,27,23,30,136.43,0.14,4.4,0,0,0,3,21.400000000000002,100,959,0,0,0,0,21.400000000000002,182,1.9000000000000001
2010,5,28,0,30,123.71000000000001,0.14,4.4,0,0,0,3,21.3,100,959,0,0,0,0,21.3,187,1.8
2010,5,28,1,30,110.26,0.14,4.4,0,0,0,3,21.3,100,960,0,0,0,0,21.3,194,1.8
2010,5,28,2,30,96.47,0.14,4.4,0,0,0,3,21.6,100,960,0,0,0,0,21.6,202,2.2
2010,5,28,3,30,82.42,0.14,4.4,41,303,81,3,21.700000000000003,92.42,961,57,3,7,58,23,206,3
2010,5,28,4,30,68.55,0.14,4.3,75,624,303,3,21.5,81.05,961,26,0,7,26,25,206,3.6
2010,5,28,5,30,54.77,0.14,4.4,93,758,530,0,20.900000000000002,69.34,962,93,758,0,530,27,205,3.8000000000000003
2010,5,28,6,30,41.38,0.14,4.4,103,829,725,0,20.5,60.7,962,103,829,0,725,28.8,204,3.8000000000000003
2010,5,28,7,30,29.07,0.14,4.4,110,867,867,0,20.200000000000003,55.300000000000004,961,110,867,0,867,30.200000000000003,203,3.9000000000000004
2010,5,28,8,30,20.02,0.14,4.4,113,884,944,0,20.1,51.29,960,113,884,0,944,31.400000000000002,201,4
2010,5,28,9,30,19.53,0.14,4.4,121,873,944,0,20.1,48.75,959,121,873,0,944,32.2,199,4
2010,5,28,10,30,28.060000000000002,0.14,4.4,121,853,873,0,20,47.71,958,121,853,0,873,32.5,197,4.1000000000000005
2010,5,28,11,30,40.2,0.14,4.5,115,812,735,0,19.900000000000002,48.34,957,115,812,0,735,32.2,196,4.1000000000000005
2010,5,28,12,30,53.52,0.14,4.5,96,760,548,0,19.900000000000002,50.71,957,96,760,0,548,31.3,193,4
2010,5,28,13,30,67.28,0.14,4.6000000000000005,77,637,323,0,20,55.74,958,77,637,0,323,29.8,190,3.6
2010,5,28,14,30,81.16,0.14,4.6000000000000005,45,345,98,3,20.6,64.66,959,16,0,0,16,27.900000000000002,184,2.9000000000000004
2010,5,28,15,30,95.18,0.14,4.7,0,0,0,0,21.400000000000002,73.97,960,0,0,0,0,26.400000000000002,178,2.7
2010,5,28,16,30,108.98,0.14,4.800000000000001,0,0,0,0,21.5,78.58,960,0,0,0,0,25.5,173,3.1
2010,5,28,17,30,122.46000000000001,0.14,4.800000000000001,0,0,0,0,21.700000000000003,83.38,961,0,0,0,0,24.700000000000003,169,3.1
2010,5,28,18,30,135.25,0.14,4.800000000000001,0,0,0,0,21.900000000000002,88.38,961,0,0,0,0,23.900000000000002,166,2.8000000000000003
2010,5,28,19,30,146.5,0.14,4.800000000000001,0,0,0,1,22,93.18,961,0,0,0,0,23.200000000000003,166,2.5
2010,5,28,20,30,154.09,0.14,4.800000000000001,0,0,0,3,22.200000000000003,96.94,961,0,0,0,0,22.700000000000003,168,2.3000000000000003
2010,5,28,21,30,154.48,0.14,4.7,0,0,0,1,22.3,99.42,960,0,0,0,0,22.400000000000002,171,2.1
2010,5,28,22,30,147.41,0.14,4.6000000000000005,0,0,0,0,22.3,100,959,0,0,0,0,22.3,175,2.1
2010,5,28,23,30,136.38,0.14,4.6000000000000005,0,0,0,0,22.3,100,959,0,0,0,0,22.3,180,2.3000000000000003
2010,5,29,0,30,123.68,0.14,4.6000000000000005,0,0,0,0,22.400000000000002,100,960,0,0,0,0,22.400000000000002,184,2.3000000000000003
2010,5,29,1,30,110.25,0.14,4.7,0,0,0,0,22.3,100,960,0,0,0,0,22.3,186,2.2
2010,5,29,2,30,96.48,0.14,4.7,0,0,0,0,22.6,100,961,0,0,0,0,22.6,187,2.4000000000000004
2010,5,29,3,30,82.45,0.14,4.800000000000001,40,294,79,3,22.8,94.54,961,54,2,7,55,23.700000000000003,187,3.1
2010,5,29,4,30,68.59,0.14,4.800000000000001,75,616,300,3,22.8,84.85000000000001,962,109,0,0,109,25.5,186,3.9000000000000004
2010,5,29,5,30,54.83,0.14,4.9,92,753,526,1,22.3,73.44,962,92,753,0,526,27.5,185,4.3
2010,5,29,6,30,41.46,0.14,5,128,776,709,3,22.1,64.89,961,335,27,0,356,29.400000000000002,186,4.5
2010,5,29,7,30,29.18,0.14,5.2,136,817,849,3,22.1,59.550000000000004,961,452,145,0,578,30.900000000000002,188,4.800000000000001
2010,5,29,8,30,20.18,0.14,5.300000000000001,140,836,924,3,22,57.24,960,493,220,0,699,31.5,191,5
2010,5,29,9,30,19.67,0.14,5.5,185,768,909,7,22,58.160000000000004,959,181,732,0,870,31.200000000000003,196,5.2
2010,5,29,10,30,28.13,0.14,5.6000000000000005,187,739,838,7,22.3,62.89,958,329,446,0,722,30.200000000000003,199,5.300000000000001
2010,5,29,11,30,40.230000000000004,0.14,5.7,179,686,702,8,22.700000000000003,68.33,958,337,275,7,547,29.1,201,5.1000000000000005
2010,5,29,12,30,53.53,0.14,5.800000000000001,161,595,515,8,22.900000000000002,73.76,958,278,226,7,412,28,200,4.800000000000001
2010,5,29,13,30,67.27,0.14,5.800000000000001,128,438,297,0,23.1,79.52,958,128,438,0,297,26.900000000000002,198,4.4
2010,5,29,14,30,81.13,0.14,5.800000000000001,62,150,86,3,23.400000000000002,86.37,959,12,0,0,12,25.8,195,3.8000000000000003
2010,5,29,15,30,95.14,0.14,5.7,0,0,0,7,23.6,92.06,959,0,0,0,0,25,192,3.7
2010,5,29,16,30,108.92,0.14,5.5,0,0,0,8,23.6,95.05,959,0,0,0,0,24.400000000000002,190,3.8000000000000003
2010,5,29,17,30,122.38,0.14,5.300000000000001,0,0,0,3,23.3,96.28,960,0,0,0,0,23.900000000000002,190,3.7
2010,5,29,18,30,135.15,0.14,5.2,0,0,0,3,22.700000000000003,96.72,960,0,0,0,0,23.3,189,3.5
2010,5,29,19,30,146.37,0.14,5.1000000000000005,0,0,0,7,22.200000000000003,95.98,960,0,0,0,0,22.900000000000002,187,3.2
2010,5,29,20,30,153.93,0.14,5,0,0,0,1,22,97.09,961,0,0,0,0,22.5,187,3
2010,5,29,21,30,154.34,0.14,4.9,0,0,0,8,22.1,98.22,960,0,0,0,0,22.400000000000002,191,3
2010,5,29,22,30,147.32,0.14,4.800000000000001,0,0,0,3,22.200000000000003,99.62,960,0,0,0,0,22.3,197,3.1
2010,5,29,23,30,136.33,0.14,4.7,0,0,0,3,22.200000000000003,100,960,0,0,0,0,22.200000000000003,202,3
2010,5,30,0,30,123.66,0.14,4.7,0,0,0,1,22.1,100,960,0,0,0,0,22.1,206,3
2010,5,30,1,30,110.25,0.14,4.7,0,0,0,0,22,100,961,0,0,0,0,22,211,2.9000000000000004
2010,5,30,2,30,96.49000000000001,0.14,4.800000000000001,0,0,0,0,22.1,99.81,961,0,0,0,0,22.1,216,3.1
2010,5,30,3,30,82.48,0.14,4.800000000000001,40,298,79,0,22.1,93.39,962,40,298,0,79,23.200000000000003,218,3.8000000000000003
2010,5,30,4,30,68.64,0.14,4.800000000000001,74,622,300,1,22,83.51,962,74,622,0,300,25,214,4.9
2010,5,30,5,30,54.89,0.14,4.7,89,764,528,0,21.700000000000003,72.77,963,89,764,0,528,27,209,5.5
2010,5,30,6,30,41.550000000000004,0.14,4.7,99,834,723,0,21.400000000000002,65.15,962,99,834,0,723,28.6,206,5.800000000000001
2010,5,30,7,30,29.3,0.14,4.7,106,870,864,1,21.3,59.49,962,106,870,0,864,30,204,5.9
2010,5,30,8,30,20.330000000000002,0.14,4.7,109,887,940,1,21.1,55.95,961,109,887,0,940,30.900000000000002,201,5.800000000000001
2010,5,30,9,30,19.8,0.14,4.7,115,879,942,8,21,54.2,960,274,534,0,776,31.400000000000002,200,5.7
2010,5,30,10,30,28.2,0.14,4.800000000000001,114,860,871,7,20.900000000000002,53.42,959,212,636,0,772,31.5,199,5.5
2010,5,30,11,30,40.26,0.14,4.800000000000001,109,821,735,7,20.8,54.18,959,222,544,0,638,31.1,198,5.300000000000001
2010,5,30,12,30,53.53,0.14,4.9,134,665,529,7,20.700000000000003,56.49,959,235,389,0,466,30.3,195,5
2010,5,30,13,30,67.25,0.14,4.9,113,498,305,0,20.8,61.36,959,113,498,0,305,29,191,4.4
2010,5,30,14,30,81.10000000000001,0.14,5,61,179,88,0,21.400000000000002,70.03,959,61,179,0,88,27.3,185,3.6
2010,5,30,15,30,95.09,0.14,5,0,0,0,0,22,78.68,960,0,0,0,0,26,179,3.3000000000000003
2010,5,30,16,30,108.86,0.14,5,0,0,0,0,22.3,84.39,960,0,0,0,0,25.1,176,3.5
2010,5,30,17,30,122.3,0.14,4.800000000000001,0,0,0,0,22.400000000000002,88.65,961,0,0,0,0,24.400000000000002,176,3.5
2010,5,30,18,30,135.05,0.14,4.7,0,0,0,0,22.400000000000002,92.36,961,0,0,0,0,23.700000000000003,179,3.3000000000000003
2010,5,30,19,30,146.25,0.14,4.5,0,0,0,0,22.3,96.05,961,0,0,0,0,23,183,3
2010,5,30,20,30,153.78,0.14,4.3,0,0,0,0,22.3,98.67,961,0,0,0,0,22.5,189,2.7
2010,5,30,21,30,154.20000000000002,0.14,4.2,0,0,0,0,22.200000000000003,100,960,0,0,0,0,22.200000000000003,196,2.5
2010,5,30,22,30,147.23,0.14,4.1000000000000005,0,0,0,0,22,100,960,0,0,0,0,22,202,2.2
2010,5,30,23,30,136.28,0.14,4.1000000000000005,0,0,0,0,21.900000000000002,100,959,0,0,0,0,21.900000000000002,206,2.2
2010,5,31,0,30,123.64,0.14,4.1000000000000005,0,0,0,0,21.900000000000002,100,960,0,0,0,0,21.900000000000002,208,2.3000000000000003
2010,5,31,1,30,110.25,0.14,4.1000000000000005,0,0,0,0,21.900000000000002,100,960,0,0,0,0,21.900000000000002,210,2.3000000000000003
2010,5,31,2,30,96.51,0.14,4,0,0,0,0,22,100,961,0,0,0,0,22,213,2.5
2010,5,31,3,30,82.51,0.14,3.9000000000000004,42,290,79,0,22,94.38,962,42,290,0,79,23,213,3.5
2010,5,31,4,30,68.68,0.14,3.8000000000000003,78,617,302,0,21.700000000000003,82.69,963,78,617,0,302,24.8,209,4.7
2010,5,31,5,30,54.95,0.14,3.7,100,749,530,0,20.400000000000002,68.88,963,100,749,0,530,26.6,207,5.2
2010,5,31,6,30,41.63,0.14,3.6,106,834,729,0,19.6,59.74,963,106,834,0,729,28.200000000000003,208,5.4
2010,5,31,7,30,29.41,0.14,3.6,112,873,872,0,19.3,53.82,962,112,873,0,872,29.6,208,5.5
2010,5,31,8,30,20.47,0.14,3.5,115,892,951,0,19,49.06,961,115,892,0,951,30.900000000000002,208,5.6000000000000005
2010,5,31,9,30,19.93,0.14,3.5,111,900,957,1,18.7,46.49,960,111,900,0,957,31.6,208,5.6000000000000005
2010,5,31,10,30,28.26,0.14,3.5,108,885,887,0,18.5,45.13,959,108,885,0,887,31.900000000000002,208,5.4
2010,5,31,11,30,40.28,0.14,3.5,102,849,750,1,18.3,44.95,958,102,849,0,750,31.700000000000003,208,5.300000000000001
2010,5,31,12,30,53.53,0.14,3.4000000000000004,92,786,559,0,18.1,45.87,958,92,786,0,559,31.1,206,5.1000000000000005
2010,5,31,13,30,67.23,0.14,3.5,75,661,331,0,18,49.74,959,75,661,0,331,29.6,202,4.4
2010,5,31,14,30,81.06,0.14,3.5,45,368,103,0,18.7,58.57,959,45,368,0,103,27.5,196,3.4000000000000004
2010,5,31,15,30,95.04,0.14,3.5,0,0,0,0,19.6,68.8,960,0,0,0,0,25.8,190,3.3000000000000003
2010,5,31,16,30,108.8,0.14,3.4000000000000004,0,0,0,0,20.1,75.49,961,0,0,0,0,24.700000000000003,186,3.4000000000000004
2010,5,31,17,30,122.22,0.14,3.3000000000000003,0,0,0,0,20.5,82.53,961,0,0,0,0,23.6,185,3.1
2010,5,31,18,30,134.95,0.14,3.2,0,0,0,0,20.700000000000003,88.82000000000001,962,0,0,0,0,22.6,185,2.7
2010,5,31,19,30,146.12,0.14,3,0,0,0,0,20.700000000000003,93.68,962,0,0,0,0,21.8,189,2.5
2010,5,31,20,30,153.64000000000001,0.14,2.9000000000000004,0,0,0,0,20.700000000000003,96.95,961,0,0,0,0,21.200000000000003,196,2.3000000000000003
2010,5,31,21,30,154.08,0.14,2.8000000000000003,0,0,0,0,20.700000000000003,99.74000000000001,961,0,0,0,0,20.700000000000003,203,2.3000000000000003
2010,5,31,22,30,147.15,0.14,2.8000000000000003,0,0,0,0,20.400000000000002,100,960,0,0,0,0,20.400000000000002,211,2.2
2010,5,31,23,30,136.24,0.14,2.9000000000000004,0,0,0,0,20.200000000000003,100,960,0,0,0,0,20.200000000000003,219,2.3000000000000003
2010,6,1,0,30,123.63000000000001,0.14,2.9000000000000004,0,0,0,0,20.1,100,961,0,0,0,0,20.1,226,2.4000000000000004
2010,6,1,1,30,110.26,0.14,3,0,0,0,0,20.1,100,961,0,0,0,0,20.1,231,2.5
2010,6,1,2,30,96.53,0.14,3,0,0,0,0,20.400000000000002,99.92,961,0,0,0,0,20.400000000000002,236,2.9000000000000004
2010,6,1,3,30,82.54,0.14,3.1,42,300,81,0,20.5,91.33,962,42,300,0,81,22,234,3.9000000000000004
2010,6,1,4,30,68.73,0.14,3.1,78,628,306,3,20.8,79.98,962,137,6,7,140,24.5,226,5.1000000000000005
2010,6,1,5,30,55.01,0.14,3.2,94,770,536,3,20.6,69.42,962,300,44,0,326,26.700000000000003,221,5.800000000000001
2010,6,1,6,30,41.71,0.14,3.4000000000000004,105,837,730,3,20.5,61.730000000000004,962,335,22,0,352,28.6,219,5.9
2010,6,1,7,30,29.52,0.14,3.5,114,870,871,3,20.5,56.49,961,462,166,0,606,30.1,218,6
2010,6,1,8,30,20.61,0.14,3.6,120,882,946,3,20.5,52.96,960,422,16,0,437,31.200000000000003,217,6
2010,6,1,9,30,20.04,0.14,3.7,128,870,945,0,20.3,50.5,959,128,870,0,945,31.900000000000002,216,5.9
2010,6,1,10,30,28.32,0.14,3.8000000000000003,127,848,874,0,20.1,49,959,127,848,0,874,32.2,215,5.7
2010,6,1,11,30,40.31,0.14,3.9000000000000004,122,806,736,0,19.900000000000002,49.03,958,122,806,0,736,31.900000000000002,213,5.5
2010,6,1,12,30,53.53,0.14,4,113,725,543,0,19.6,50.46,958,113,725,0,543,31.1,210,5.2
2010,6,1,13,30,67.21000000000001,0.14,4.1000000000000005,94,577,318,0,19.6,54.730000000000004,959,94,577,0,318,29.700000000000003,204,4.6000000000000005
2010,6,1,14,30,81.03,0.14,4.2,54,264,95,0,20.1,63.88,959,54,264,0,95,27.6,196,3.7
2010,6,1,15,30,95,0.14,4.2,0,0,0,0,21,74.18,960,0,0,0,0,26,191,3.6
2010,6,1,16,30,108.74000000000001,0.14,4.3,0,0,0,3,21.6,81.46000000000001,961,0,0,0,0,25,189,3.8000000000000003
2010,6,1,17,30,122.15,0.14,4.3,0,0,0,8,21.900000000000002,87.11,961,0,0,0,0,24.200000000000003,190,3.6
2010,6,1,18,30,134.85,0.14,4.2,0,0,0,0,22.1,91.82000000000001,962,0,0,0,0,23.5,194,3.3000000000000003
2010,6,1,19,30,146,0.14,4.1000000000000005,0,0,0,1,22.1,95.49,961,0,0,0,0,22.900000000000002,199,2.9000000000000004
2010,6,1,20,30,153.5,0.14,4,0,0,0,1,22.1,97.7,961,0,0,0,0,22.5,205,2.6
2010,6,1,21,30,153.96,0.14,4,0,0,0,0,22.1,99.79,961,0,0,0,0,22.1,209,2.5
2010,6,1,22,30,147.08,0.14,4,0,0,0,0,21.900000000000002,100,960,0,0,0,0,21.900000000000002,215,2.7
2010,6,1,23,30,136.2,0.14,4.1000000000000005,0,0,0,0,21.700000000000003,100,960,0,0,0,0,21.700000000000003,221,2.9000000000000004
2010,6,2,0,30,123.61,0.14,4.1000000000000005,0,0,0,0,21.6,100,961,0,0,0,0,21.6,226,3.1
2010,6,2,1,30,110.26,0.14,4.1000000000000005,0,0,0,0,21.5,99.5,961,0,0,0,0,21.6,229,3.4000000000000004
2010,6,2,2,30,96.55,0.14,4.1000000000000005,0,0,0,0,21.5,98.87,961,0,0,0,0,21.700000000000003,228,3.8000000000000003
2010,6,2,3,30,82.58,0.14,4.1000000000000005,47,212,74,1,21.700000000000003,94.07000000000001,962,47,212,0,74,22.700000000000003,223,4.2
2010,6,2,4,30,68.78,0.14,4.1000000000000005,93,547,291,3,22.1,85.52,963,78,0,7,78,24.700000000000003,215,5.1000000000000005
2010,6,2,5,30,55.08,0.14,4.2,113,706,517,1,21.8,73.33,963,113,706,0,517,27,210,5.800000000000001
2010,6,2,6,30,41.800000000000004,0.14,4.2,160,721,697,1,21.3,63.410000000000004,962,160,721,0,697,28.900000000000002,209,5.800000000000001
2010,6,2,7,30,29.63,0.14,4.3,166,776,840,3,21,57.15,962,347,3,0,350,30.400000000000002,209,5.7
2010,6,2,8,30,20.75,0.14,4.4,167,801,917,3,20.8,52.99,961,495,150,0,635,31.5,209,5.5
2010,6,2,9,30,20.16,0.14,4.4,159,815,924,3,20.6,50.76,960,391,5,0,396,32.1,209,5.300000000000001
2010,6,2,10,30,28.38,0.14,4.5,154,797,855,3,20.6,49.99,959,399,21,0,417,32.300000000000004,209,5.1000000000000005
2010,6,2,11,30,40.32,0.14,4.5,143,758,722,7,20.5,50.9,958,340,229,7,515,31.900000000000002,208,4.9
2010,6,2,12,30,53.52,0.14,4.6000000000000005,128,682,533,7,20.400000000000002,53.04,958,251,307,7,433,31.1,204,4.6000000000000005
2010,6,2,13,30,67.19,0.14,4.7,103,538,312,7,20.5,58.26,959,177,59,0,199,29.6,197,4.1000000000000005
2010,6,2,14,30,81,0.14,4.7,57,235,94,8,21.1,67.28,959,75,31,7,80,27.700000000000003,189,3.3000000000000003
2010,6,2,15,30,94.95,0.14,4.800000000000001,0,0,0,7,21.8,76.51,960,0,0,0,0,26.3,182,3.2
2010,6,2,16,30,108.68,0.14,4.9,0,0,0,7,22.1,81.51,961,0,0,0,0,25.5,180,3.4000000000000004
2010,6,2,17,30,122.07000000000001,0.14,4.9,0,0,0,7,22.200000000000003,86.18,962,0,0,0,0,24.700000000000003,179,3.3000000000000003
2010,6,2,18,30,134.76,0.14,4.9,0,0,0,7,22.3,90.19,962,0,0,0,0,24,179,3.1
2010,6,2,19,30,145.88,0.14,4.800000000000001,0,0,0,7,22.3,94.01,962,0,0,0,0,23.3,182,2.8000000000000003
2010,6,2,20,30,153.37,0.14,4.7,0,0,0,7,22.3,97.34,962,0,0,0,0,22.700000000000003,186,2.6
2010,6,2,21,30,153.84,0.14,4.6000000000000005,0,0,0,7,22.200000000000003,99.35000000000001,961,0,0,0,0,22.3,191,2.5
2010,6,2,22,30,147.01,0.14,4.6000000000000005,0,0,0,7,22,100,961,0,0,0,0,22,198,2.3000000000000003
2010,6,2,23,30,136.17000000000002,0.14,4.6000000000000005,0,0,0,7,21.900000000000002,100,961,0,0,0,0,21.900000000000002,205,2.1
2010,6,3,0,30,123.60000000000001,0.15,4.6000000000000005,0,0,0,8,21.900000000000002,100,961,0,0,0,0,21.900000000000002,213,2.2
2010,6,3,1,30,110.27,0.15,4.6000000000000005,0,0,0,8,22,100,961,0,0,0,0,22,219,2.5
2010,6,3,2,30,96.57000000000001,0.15,4.5,0,0,0,8,22.200000000000003,99.36,961,0,0,0,0,22.3,222,3.1
2010,6,3,3,30,82.62,0.15,4.5,45,222,74,3,22.3,93.7,962,55,2,7,56,23.400000000000002,221,4.2
2010,6,3,4,30,68.83,0.15,4.4,89,559,291,8,22.3,83.96000000000001,962,146,27,0,156,25.200000000000003,218,5.300000000000001
2010,6,3,5,30,55.14,0.15,4.4,107,719,518,7,21.8,74.25,963,231,284,0,394,26.8,214,5.7
2010,6,3,6,30,41.88,0.15,4.4,118,799,713,7,21.5,67.7,962,258,407,0,561,28,213,5.7
2010,6,3,7,30,29.740000000000002,0.15,4.4,124,842,855,7,21.3,63.17,962,325,377,0,652,29,213,5.6000000000000005
2010,6,3,8,30,20.88,0.15,4.5,125,863,931,7,21.1,60.15,961,391,314,0,684,29.700000000000003,213,5.5
2010,6,3,9,30,20.26,0.15,4.5,209,741,904,7,21,57.980000000000004,960,450,253,0,687,30.200000000000003,213,5.300000000000001
2010,6,3,10,30,28.43,0.15,4.6000000000000005,201,722,836,7,21,57.13,960,409,266,0,643,30.400000000000002,211,5.2
2010,6,3,11,30,40.34,0.15,4.7,186,679,703,7,20.900000000000002,57.74,959,360,235,0,539,30.1,209,4.9
2010,6,3,12,30,53.52,0.15,4.800000000000001,204,502,502,7,20.8,60.67,959,305,212,0,432,29.200000000000003,205,4.6000000000000005
2010,6,3,13,30,67.17,0.15,4.9,153,348,289,7,21,65.85,959,212,154,0,272,28,200,3.9000000000000004
2010,6,3,14,30,80.96000000000001,0.15,4.9,68,88,82,7,21.6,73.94,960,69,5,7,70,26.6,194,3
2010,6,3,15,30,94.9,0.15,4.9,0,0,0,7,22.200000000000003,82.18,961,0,0,0,0,25.5,188,2.6
2010,6,3,16,30,108.62,0.15,4.9,0,0,0,7,22.5,86.3,961,0,0,0,0,24.900000000000002,185,2.8000000000000003
2010,6,3,17,30,121.99000000000001,0.15,4.9,0,0,0,7,22.5,89.83,962,0,0,0,0,24.3,185,3.1
2010,6,3,18,30,134.67000000000002,0.15,4.800000000000001,0,0,0,7,22.6,92.8,962,0,0,0,0,23.8,186,3.2
2010,6,3,19,30,145.77,0.15,4.7,0,0,0,7,22.5,96.14,962,0,0,0,0,23.200000000000003,189,3.1
2010,6,3,20,30,153.24,0.15,4.6000000000000005,0,0,0,7,22.6,98.57000000000001,962,0,0,0,0,22.8,195,3.1
2010,6,3,21,30,153.73,0.15,4.6000000000000005,0,0,0,7,22.5,99.57000000000001,961,0,0,0,0,22.6,202,3.1
2010,6,3,22,30,146.94,0.15,4.6000000000000005,0,0,0,7,22.5,100,961,0,0,0,0,22.5,207,3.2
2010,6,3,23,30,136.14000000000001,0.15,4.6000000000000005,0,0,0,7,22.5,100,961,0,0,0,0,22.5,209,3.3000000000000003
2010,6,4,0,30,123.60000000000001,0.15,4.6000000000000005,0,0,0,7,22.400000000000002,100,961,0,0,0,0,22.400000000000002,211,3.3000000000000003
2010,6,4,1,30,110.28,0.15,4.5,0,0,0,7,22.3,100,962,0,0,0,0,22.3,212,3.2
2010,6,4,2,30,96.60000000000001,0.15,4.5,0,0,0,7,22.3,100,963,0,0,0,0,22.3,214,3.2
2010,6,4,3,30,82.65,0.15,4.5,52,117,67,8,22.400000000000002,95.87,963,53,4,7,53,23.1,212,4
2010,6,4,4,30,68.88,0.15,4.5,116,446,276,7,22.400000000000002,87.44,964,170,51,0,188,24.6,206,5
2010,6,4,5,30,55.2,0.15,4.5,145,621,499,3,21.8,76.02,964,311,75,0,353,26.400000000000002,201,5.6000000000000005
2010,6,4,6,30,41.96,0.15,4.5,167,705,691,0,21.400000000000002,68.02,964,167,705,0,691,27.8,198,5.5
2010,6,4,7,30,29.84,0.15,4.6000000000000005,178,753,831,0,21.1,62.940000000000005,963,178,753,0,831,28.900000000000002,196,5.4
2010,6,4,8,30,21,0.15,4.7,184,774,906,0,21.1,59.84,962,184,774,0,906,29.700000000000003,194,5.300000000000001
2010,6,4,9,30,20.36,0.15,4.7,184,775,911,0,21,58.58,961,184,775,0,911,30,191,5.2
2010,6,4,10,30,28.47,0.15,4.800000000000001,184,748,842,0,21,58.86,961,184,748,0,842,29.900000000000002,188,5
2010,6,4,11,30,40.35,0.15,4.800000000000001,177,695,707,1,21,60.120000000000005,960,177,695,0,707,29.5,184,4.800000000000001
2010,6,4,12,30,53.51,0.15,4.9,164,596,518,7,21,62.79,960,286,135,0,366,28.8,182,4.6000000000000005
2010,6,4,13,30,67.14,0.15,4.800000000000001,131,435,300,1,21.200000000000003,67.2,961,131,435,0,300,27.8,180,4.2
2010,6,4,14,30,80.92,0.15,4.800000000000001,65,146,88,0,21.400000000000002,73.82000000000001,961,65,146,0,88,26.400000000000002,178,3.5
2010,6,4,15,30,94.85000000000001,0.15,4.7,0,0,0,0,21.6,80.5,962,0,0,0,0,25.200000000000003,176,3.2
2010,6,4,16,30,108.55,0.15,4.6000000000000005,0,0,0,0,21.6,84.59,962,0,0,0,0,24.400000000000002,176,3.2
2010,6,4,17,30,121.92,0.15,4.5,0,0,0,0,21.700000000000003,88.91,963,0,0,0,0,23.6,176,3
2010,6,4,18,30,134.57,0.15,4.4,0,0,0,0,21.700000000000003,93.39,963,0,0,0,0,22.8,180,2.7
2010,6,4,19,30,145.66,0.15,4.4,0,0,0,0,21.700000000000003,96.58,963,0,0,0,0,22.3,186,2.5
2010,6,4,20,30,153.11,0.15,4.3,0,0,0,0,21.8,98.83,963,0,0,0,0,22,191,2.4000000000000004
2010,6,4,21,30,153.63,0.15,4.3,0,0,0,0,21.900000000000002,99.99000000000001,963,0,0,0,0,21.900000000000002,195,2.5
2010,6,4,22,30,146.88,0.15,4.3,0,0,0,1,21.8,100,962,0,0,0,0,21.8,197,2.4000000000000004
2010,6,4,23,30,136.11,0.15,4.3,0,0,0,0,21.8,100,962,0,0,0,0,21.8,199,2.2
2010,6,5,0,30,123.60000000000001,0.15,4.3,0,0,0,1,21.8,100,963,0,0,0,0,21.8,202,2.1
2010,6,5,1,30,110.3,0.15,4.3,0,0,0,1,21.700000000000003,100,963,0,0,0,0,21.700000000000003,205,2
2010,6,5,2,30,96.63,0.15,4.3,0,0,0,0,22,100,964,0,0,0,0,22,209,2.2
2010,6,5,3,30,82.69,0.15,4.3,43,247,75,3,22.3,95.08,964,54,2,7,54,23.1,210,3.1
2010,6,5,4,30,68.93,0.15,4.4,79,596,293,3,22.400000000000002,85.62,964,39,0,7,39,25,205,4.2
2010,6,5,5,30,55.27,0.15,4.4,95,748,521,3,22,74.54,964,251,20,0,262,26.900000000000002,201,4.800000000000001
2010,6,5,6,30,42.04,0.15,4.5,93,844,720,0,21.700000000000003,66.93,964,93,844,0,720,28.400000000000002,199,4.9
2010,6,5,7,30,29.94,0.15,4.5,98,882,862,3,21.5,61.85,963,415,83,0,486,29.6,198,4.9
2010,6,5,8,30,21.12,0.15,4.5,101,898,938,1,21.3,57.49,962,101,898,0,938,30.700000000000003,197,5
2010,6,5,9,30,20.46,0.15,4.5,119,873,937,2,21.200000000000003,54.59,961,478,159,0,626,31.400000000000002,195,4.9
2010,6,5,10,30,28.52,0.15,4.5,121,849,867,0,20.900000000000002,53.27,960,121,849,0,867,31.6,191,4.9
2010,6,5,11,30,40.36,0.15,4.6000000000000005,122,797,730,3,20.900000000000002,55.14,960,375,84,0,440,31,187,4.9
2010,6,5,12,30,53.49,0.15,4.7,119,704,538,3,21.3,59.92,960,279,24,0,293,29.900000000000002,183,4.800000000000001
2010,6,5,13,30,67.11,0.15,4.800000000000001,104,535,312,4,21.700000000000003,67.62,961,123,1,0,123,28.3,177,4.6000000000000005
2010,6,5,14,30,80.88,0.15,4.9,60,210,93,7,22.1,76.10000000000001,961,3,0,0,3,26.700000000000003,172,4.1000000000000005
2010,6,5,15,30,94.8,0.15,4.9,0,0,0,1,22.400000000000002,83.60000000000001,962,0,0,0,0,25.400000000000002,168,4
2010,6,5,16,30,108.49000000000001,0.15,4.800000000000001,0,0,0,1,22.400000000000002,87.49,963,0,0,0,0,24.6,166,4.2
2010,6,5,17,30,121.85000000000001,0.15,4.7,0,0,0,0,22.200000000000003,90.92,963,0,0,0,0,23.8,166,3.9000000000000004
2010,6,5,18,30,134.48,0.15,4.5,0,0,0,3,22.200000000000003,93.97,963,0,0,0,0,23.200000000000003,170,3.5
2010,6,5,19,30,145.55,0.15,4.3,0,0,0,0,22.200000000000003,96.89,963,0,0,0,0,22.700000000000003,178,3.2
2010,6,5,20,30,153,0.15,4.2,0,0,0,0,22.3,98.60000000000001,963,0,0,0,0,22.5,186,3
2010,6,5,21,30,153.54,0.15,4.2,0,0,0,0,22.400000000000002,99.7,962,0,0,0,0,22.400000000000002,192,2.8000000000000003
2010,6,5,22,30,146.83,0.15,4.2,0,0,0,0,22.3,100,962,0,0,0,0,22.3,198,2.8000000000000003
2010,6,5,23,30,136.09,0.15,4.3,0,0,0,0,22.200000000000003,100,962,0,0,0,0,22.200000000000003,204,2.9000000000000004
2010,6,6,0,30,123.60000000000001,0.15,4.3,0,0,0,3,22.200000000000003,100,962,0,0,0,0,22.200000000000003,208,2.8000000000000003
2010,6,6,1,30,110.31,0.15,4.3,0,0,0,3,22.1,100,962,0,0,0,0,22.1,211,2.7
2010,6,6,2,30,96.66,0.15,4.4,0,0,0,3,22.200000000000003,100,963,0,0,0,0,22.200000000000003,212,2.8000000000000003
2010,6,6,3,30,82.73,0.15,4.3,36,343,79,3,22.200000000000003,96.71000000000001,964,55,5,7,56,22.8,213,3.4000000000000004
2010,6,6,4,30,68.98,0.15,4.3,66,652,300,3,22.200000000000003,87.86,964,186,123,0,230,24.3,211,4.6000000000000005
2010,6,6,5,30,55.33,0.15,4.2,80,787,528,1,21.8,77.01,965,80,787,0,528,26.1,207,5.300000000000001
2010,6,6,6,30,42.11,0.15,4.1000000000000005,88,858,724,0,21.3,67.3,964,88,858,0,724,27.900000000000002,206,5.4
2010,6,6,7,30,30.04,0.15,4,93,895,868,0,21,61.28,964,93,895,0,868,29.200000000000003,208,5.4
2010,6,6,8,30,21.240000000000002,0.15,4,96,910,945,0,20.700000000000003,56.84,963,96,910,0,945,30.200000000000003,208,5.4
2010,6,6,9,30,20.54,0.15,4,127,866,938,0,20.400000000000002,55.22,962,127,866,0,938,30.400000000000002,206,5.2
2010,6,6,10,30,28.55,0.15,4.1000000000000005,126,845,868,3,20.1,55.54,961,443,124,0,552,30,204,5
2010,6,6,11,30,40.36,0.15,4.1000000000000005,121,804,733,0,20,56.980000000000004,961,121,804,0,733,29.400000000000002,202,4.800000000000001
2010,6,6,12,30,53.480000000000004,0.15,4.1000000000000005,109,734,545,0,19.900000000000002,59.51,960,109,734,0,545,28.6,199,4.5
2010,6,6,13,30,67.08,0.15,4.2,89,599,322,0,20.1,63.96,961,89,599,0,322,27.5,193,3.8000000000000003
2010,6,6,14,30,80.84,0.15,4.3,52,301,100,0,20.6,72.3,961,52,301,0,100,26,183,2.8000000000000003
2010,6,6,15,30,94.75,0.15,4.3,0,0,0,0,21.400000000000002,81.45,962,0,0,0,0,24.8,175,2.5
2010,6,6,16,30,108.43,0.15,4.3,0,0,0,0,21.8,86.35000000000001,963,0,0,0,0,24.200000000000003,172,2.6
2010,6,6,17,30,121.77,0.15,4.3,0,0,0,0,22,90.93,963,0,0,0,0,23.6,176,2.8000000000000003
2010,6,6,18,30,134.4,0.15,4.2,0,0,0,0,22.1,94.09,963,0,0,0,0,23.1,183,3
2010,6,6,19,30,145.45000000000002,0.15,4.2,0,0,0,0,22.1,96.36,963,0,0,0,0,22.700000000000003,190,2.9000000000000004
2010,6,6,20,30,152.89000000000001,0.15,4.2,0,0,0,0,22.1,98.69,963,0,0,0,0,22.3,197,2.7
2010,6,6,21,30,153.45000000000002,0.15,4.1000000000000005,0,0,0,0,22,100,962,0,0,0,0,22,204,2.7
2010,6,6,22,30,146.78,0.15,4.2,0,0,0,0,21.900000000000002,100,962,0,0,0,0,21.900000000000002,211,2.7
2010,6,6,23,30,136.07,0.15,4.2,0,0,0,0,21.8,100,962,0,0,0,0,21.8,218,2.7
2010,6,7,0,30,123.60000000000001,0.15,4.3,0,0,0,0,21.700000000000003,100,962,0,0,0,0,21.700000000000003,224,2.7
2010,6,7,1,30,110.33,0.15,4.3,0,0,0,0,21.700000000000003,100,963,0,0,0,0,21.700000000000003,230,2.7
2010,6,7,2,30,96.69,0.15,4.4,0,0,0,0,21.700000000000003,99.69,963,0,0,0,0,21.8,234,2.8000000000000003
2010,6,7,3,30,82.77,0.15,4.4,42,249,74,0,21.8,95.69,964,42,249,0,74,22.5,231,3.5
2010,6,7,4,30,69.03,0.15,4.5,79,591,291,0,21.900000000000002,87.91,964,79,591,0,291,24,224,4.7
2010,6,7,5,30,55.39,0.15,4.5,93,750,519,3,21.700000000000003,78.36,964,248,20,0,260,25.700000000000003,215,5.4
2010,6,7,6,30,42.19,0.15,4.6000000000000005,104,821,712,3,21.3,70.42,964,391,139,0,494,27.1,209,5.6000000000000005
2010,6,7,7,30,30.13,0.15,4.6000000000000005,110,860,854,3,21.1,66.5,963,447,225,0,642,27.900000000000002,204,5.6000000000000005
2010,6,7,8,30,21.35,0.15,4.7,113,876,929,3,21.1,64.19,962,483,223,0,690,28.5,200,5.5
2010,6,7,9,30,20.62,0.15,4.7,112,880,936,1,21,62.800000000000004,962,112,880,0,936,28.8,197,5.4
2010,6,7,10,30,28.580000000000002,0.15,4.7,112,861,868,3,20.900000000000002,62.910000000000004,961,449,248,0,667,28.700000000000003,195,5.2
2010,6,7,11,30,40.36,0.15,4.800000000000001,110,818,733,3,21,64.79,961,352,46,0,387,28.3,193,5
2010,6,7,12,30,53.46,0.15,4.800000000000001,103,740,544,3,21.3,68.48,961,307,203,0,427,27.6,192,4.7
2010,6,7,13,30,67.05,0.15,4.800000000000001,88,596,321,3,21.6,73.69,961,139,3,7,140,26.700000000000003,190,4.1000000000000005
2010,6,7,14,30,80.8,0.15,4.800000000000001,54,282,99,3,22.1,81.39,962,48,0,7,48,25.5,185,3.2
2010,6,7,15,30,94.7,0.15,4.800000000000001,0,0,0,0,22.5,88.07000000000001,962,0,0,0,0,24.6,180,3
2010,6,7,16,30,108.37,0.15,4.7,0,0,0,1,22.6,92.12,963,0,0,0,0,24,178,3.3000000000000003
2010,6,7,17,30,121.7,0.15,4.6000000000000005,0,0,0,1,22.6,94.91,963,0,0,0,0,23.5,178,3.3000000000000003
2010,6,7,18,30,134.31,0.15,4.5,0,0,0,0,22.5,97.3,963,0,0,0,0,23,181,3.2
2010,6,7,19,30,145.35,0.15,4.4,0,0,0,0,22.400000000000002,98.98,963,0,0,0,0,22.6,186,3.1
2010,6,7,20,30,152.78,0.15,4.4,0,0,0,1,22.3,99.60000000000001,963,0,0,0,0,22.400000000000002,191,3
2010,6,7,21,30,153.36,0.15,4.3,0,0,0,0,22.3,99.85000000000001,962,0,0,0,0,22.3,196,3
2010,6,7,22,30,146.74,0.15,4.3,0,0,0,0,22.200000000000003,100,962,0,0,0,0,22.200000000000003,200,2.9000000000000004
2010,6,7,23,30,136.06,0.15,4.3,0,0,0,0,22.1,100,962,0,0,0,0,22.1,204,2.9000000000000004
2010,6,8,0,30,123.61,0.15,4.4,0,0,0,0,22,100,962,0,0,0,0,22,208,2.9000000000000004
2010,6,8,1,30,110.35000000000001,0.15,4.4,0,0,0,0,21.900000000000002,100,963,0,0,0,0,21.900000000000002,211,2.9000000000000004
2010,6,8,2,30,96.72,0.15,4.4,0,0,0,0,22.1,99.83,963,0,0,0,0,22.1,213,3.1
2010,6,8,3,30,82.81,0.15,4.3,36,341,78,3,22.1,95.35000000000001,964,46,1,7,46,22.900000000000002,212,3.8000000000000003
2010,6,8,4,30,69.08,0.15,4.3,64,661,300,3,22.1,86.97,964,25,0,7,25,24.400000000000002,209,4.800000000000001
2010,6,8,5,30,55.46,0.15,4.2,77,795,528,3,21.6,75.66,965,58,0,0,58,26.200000000000003,204,5.5
2010,6,8,6,30,42.27,0.15,4.2,85,861,722,3,20.900000000000002,65.93,964,164,0,0,164,27.900000000000002,202,5.7
2010,6,8,7,30,30.22,0.15,4.2,90,895,864,3,20.5,59.35,964,404,61,0,456,29.200000000000003,202,5.800000000000001
2010,6,8,8,30,21.45,0.15,4.2,94,910,940,3,20.1,55.160000000000004,963,444,135,0,569,30.1,202,5.9
2010,6,8,9,30,20.7,0.15,4.2,96,908,946,3,20,53.35,962,208,0,0,209,30.6,203,5.9
2010,6,8,10,30,28.61,0.15,4.2,93,895,879,3,20.1,53.46,961,413,66,0,471,30.6,203,5.800000000000001
2010,6,8,11,30,40.36,0.15,4.3,89,861,745,3,20.1,55.1,961,391,128,0,489,30.1,202,5.6000000000000005
2010,6,8,12,30,53.44,0.15,4.3,109,731,544,3,20.1,58.02,961,318,150,0,407,29.200000000000003,200,5.300000000000001
2010,6,8,13,30,67.02,0.15,4.4,91,590,321,0,20.1,62.72,961,91,590,0,321,27.900000000000002,196,4.7
2010,6,8,14,30,80.76,0.15,4.4,54,287,100,3,20.5,69.87,962,55,0,7,55,26.400000000000002,192,3.7
2010,6,8,15,30,94.64,0.15,4.4,0,0,0,3,21.1,78.05,962,0,0,0,0,25.200000000000003,190,3.1
2010,6,8,16,30,108.31,0.15,4.4,0,0,0,1,21.5,83.52,963,0,0,0,0,24.5,190,3.2
2010,6,8,17,30,121.63,0.15,4.4,0,0,0,0,21.8,88.26,963,0,0,0,0,23.900000000000002,191,3.4000000000000004
2010,6,8,18,30,134.23,0.15,4.4,0,0,0,0,22.1,92.41,963,0,0,0,0,23.400000000000002,195,3.4000000000000004
2010,6,8,19,30,145.26,0.15,4.3,0,0,0,1,22.3,96.32000000000001,963,0,0,0,0,22.900000000000002,201,3.1
2010,6,8,20,30,152.68,0.15,4.3,0,0,0,1,22.3,98.88,963,0,0,0,0,22.5,208,3
2010,6,8,21,30,153.29,0.15,4.3,0,0,0,1,22.200000000000003,99.43,962,0,0,0,0,22.3,215,3
2010,6,8,22,30,146.70000000000002,0.15,4.3,0,0,0,0,22.1,100,962,0,0,0,0,22.1,220,2.9000000000000004
2010,6,8,23,30,136.05,0.15,4.3,0,0,0,1,22,100,962,0,0,0,0,22,224,2.7
2010,6,9,0,30,123.62,0.15,4.3,0,0,0,3,21.900000000000002,100,962,0,0,0,0,21.900000000000002,227,2.6
2010,6,9,1,30,110.38,0.15,4.4,0,0,0,3,21.900000000000002,100,963,0,0,0,0,21.900000000000002,231,2.4000000000000004
2010,6,9,2,30,96.76,0.15,4.4,0,0,0,5,22,99.83,963,0,0,0,0,22,236,2.5
2010,6,9,3,30,82.86,0.15,4.4,40,275,74,3,22,94.26,964,55,4,7,55,23,234,3.4000000000000004
2010,6,9,4,30,69.14,0.15,4.4,75,608,292,0,21.900000000000002,83.68,964,75,608,0,292,24.900000000000002,226,4.4
2010,6,9,5,30,55.52,0.15,4.4,91,754,518,7,21.5,72.68,964,205,399,0,431,26.8,219,4.7
2010,6,9,6,30,42.34,0.15,4.5,107,813,708,0,21.1,64.45,963,107,813,0,708,28.5,213,4.7
2010,6,9,7,30,30.310000000000002,0.15,4.5,110,859,852,7,21,58.9,963,230,621,0,765,29.900000000000002,208,4.800000000000001
2010,6,9,8,30,21.55,0.15,4.6000000000000005,113,877,928,7,20.900000000000002,55.56,962,262,581,0,803,30.8,204,4.800000000000001
2010,6,9,9,30,20.76,0.15,4.7,111,880,934,8,20.8,54.15,961,388,297,0,666,31.200000000000003,202,4.7
2010,6,9,10,30,28.63,0.15,4.7,111,861,867,7,20.8,53.46,960,311,428,0,687,31.400000000000002,201,4.7
2010,6,9,11,30,40.35,0.15,4.7,110,816,733,0,20.8,55.44,959,110,816,0,733,30.8,199,4.6000000000000005
2010,6,9,12,30,53.410000000000004,0.15,4.800000000000001,106,732,543,0,21.1,60.25,959,106,732,0,543,29.6,195,4.6000000000000005
2010,6,9,13,30,66.99,0.15,4.800000000000001,92,581,319,0,21.6,67.66,960,92,581,0,319,28.1,190,4.4
2010,6,9,14,30,80.71000000000001,0.15,4.800000000000001,55,276,99,0,22,76.12,961,55,276,0,99,26.6,184,4
2010,6,9,15,30,94.59,0.15,4.7,0,0,0,0,22.3,83.21000000000001,961,0,0,0,0,25.400000000000002,181,3.6
2010,6,9,16,30,108.25,0.15,4.5,0,0,0,3,22.400000000000002,88.8,962,0,0,0,0,24.400000000000002,181,3.3000000000000003
2010,6,9,17,30,121.56,0.15,4.3,0,0,0,0,22.3,92.48,962,0,0,0,0,23.6,184,3
2010,6,9,18,30,134.15,0.15,4.1000000000000005,0,0,0,0,22.1,95.14,963,0,0,0,0,22.900000000000002,187,2.7
2010,6,9,19,30,145.17000000000002,0.15,4,0,0,0,0,21.900000000000002,97.5,962,0,0,0,0,22.3,187,2.5
2010,6,9,20,30,152.59,0.15,3.9000000000000004,0,0,0,0,21.8,99.03,962,0,0,0,0,22,188,2.4000000000000004
2010,6,9,21,30,153.22,0.15,3.9000000000000004,0,0,0,7,21.900000000000002,99.83,962,0,0,0,0,21.900000000000002,192,2.3000000000000003
2010,6,9,22,30,146.67000000000002,0.15,3.9000000000000004,0,0,0,3,21.900000000000002,100,961,0,0,0,0,21.900000000000002,198,2.5
2010,6,9,23,30,136.05,0.15,3.9000000000000004,0,0,0,0,21.900000000000002,100,961,0,0,0,0,21.900000000000002,204,2.8000000000000003
2010,6,10,0,30,123.63000000000001,0.15,3.9000000000000004,0,0,0,0,22,100,961,0,0,0,0,22,207,3
2010,6,10,1,30,110.41,0.15,3.9000000000000004,0,0,0,0,22,100,962,0,0,0,0,22,208,3.2
2010,6,10,2,30,96.79,0.15,3.9000000000000004,0,0,0,3,22.200000000000003,100,962,0,0,0,0,22.200000000000003,207,3.4000000000000004
2010,6,10,3,30,82.9,0.15,4,43,228,71,3,22.3,94.37,963,51,1,7,51,23.3,204,4.2
2010,6,10,4,30,69.19,0.15,4.1000000000000005,88,553,285,3,22.400000000000002,84.85000000000001,963,132,4,0,134,25.1,200,5.2
2010,6,10,5,30,55.58,0.15,4.2,114,694,507,3,21.8,73.68,963,244,14,0,252,26.900000000000002,197,5.6000000000000005
2010,6,10,6,30,42.410000000000004,0.15,4.3,132,766,698,1,21.5,66.85,963,132,766,0,698,28.200000000000003,197,5.7
2010,6,10,7,30,30.39,0.15,4.4,143,806,838,1,21.3,63.120000000000005,962,143,806,0,838,29,197,5.7
2010,6,10,8,30,21.64,0.15,4.4,150,822,915,3,21.1,60.76,961,463,127,0,581,29.5,198,5.6000000000000005
2010,6,10,9,30,20.830000000000002,0.15,4.5,206,741,899,3,21,59.52,960,520,208,0,715,29.700000000000003,199,5.5
2010,6,10,10,30,28.650000000000002,0.15,4.5,194,731,835,7,20.900000000000002,59.22,960,321,478,0,741,29.700000000000003,201,5.4
2010,6,10,11,30,40.34,0.15,4.5,178,695,707,1,20.8,59.660000000000004,959,178,695,0,707,29.5,200,5.2
2010,6,10,12,30,53.39,0.15,4.6000000000000005,141,651,529,8,20.8,61.75,959,276,112,0,343,28.900000000000002,197,5
2010,6,10,13,30,66.95,0.15,4.6000000000000005,114,504,311,3,20.900000000000002,66.24,960,213,57,0,235,27.8,192,4.5
2010,6,10,14,30,80.67,0.15,4.6000000000000005,62,207,96,3,21.200000000000003,73.51,960,4,0,0,4,26.3,186,3.9000000000000004
2010,6,10,15,30,94.54,0.15,4.6000000000000005,0,0,0,3,21.5,81.19,961,0,0,0,0,25,180,3.7
2010,6,10,16,30,108.18,0.15,4.5,0,0,0,3,21.700000000000003,85.7,962,0,0,0,0,24.200000000000003,177,3.8000000000000003
2010,6,10,17,30,121.49000000000001,0.15,4.4,0,0,0,7,21.700000000000003,90.08,962,0,0,0,0,23.400000000000002,176,3.6
2010,6,10,18,30,134.07,0.15,4.4,0,0,0,3,21.700000000000003,92.9,962,0,0,0,0,22.900000000000002,179,3.4000000000000004
2010,6,10,19,30,145.08,0.15,4.3,0,0,0,1,21.8,96.17,962,0,0,0,0,22.400000000000002,185,3.2
2010,6,10,20,30,152.5,0.15,4.2,0,0,0,0,21.900000000000002,98.08,962,0,0,0,0,22.200000000000003,191,3.1
2010,6,10,21,30,153.16,0.15,4.2,0,0,0,0,22,99.87,961,0,0,0,0,22,196,3.2
2010,6,10,22,30,146.64000000000001,0.15,4.1000000000000005,0,0,0,0,22,100,961,0,0,0,0,22,199,3.5
2010,6,10,23,30,136.05,0.15,4,0,0,0,0,21.8,100,961,0,0,0,0,21.8,199,3.7
2010,6,11,0,30,123.65,0.15,4,0,0,0,1,21.6,100,961,0,0,0,0,21.6,199,3.7
2010,6,11,1,30,110.43,0.15,4,0,0,0,7,21.400000000000002,100,962,0,0,0,0,21.400000000000002,200,3.5
2010,6,11,2,30,96.83,0.15,3.9000000000000004,0,0,0,0,21.3,99.67,962,0,0,0,0,21.400000000000002,202,3.5
2010,6,11,3,30,82.95,0.15,3.9000000000000004,49,108,62,0,21.3,94.15,963,49,108,0,62,22.3,205,4.3
2010,6,11,4,30,69.24,0.15,3.8000000000000003,119,422,268,1,20.900000000000002,82.5,963,119,422,0,268,24.1,205,5.4
2010,6,11,5,30,55.64,0.15,3.8000000000000003,155,593,489,0,20,69.64,963,155,593,0,489,26,205,5.9
2010,6,11,6,30,42.49,0.15,3.8000000000000003,188,664,677,0,19.400000000000002,60.45,963,188,664,0,677,27.8,206,6
2010,6,11,7,30,30.48,0.15,3.7,198,723,821,2,19.1,53.63,962,491,159,0,628,29.5,208,6.2
2010,6,11,8,30,21.72,0.15,3.7,203,751,900,3,18.8,49.15,961,506,129,0,626,30.700000000000003,209,6.2
2010,6,11,9,30,20.88,0.15,3.8000000000000003,201,755,906,3,18.6,46.59,960,313,1,0,313,31.400000000000002,210,6.2
2010,6,11,10,30,28.66,0.15,3.9000000000000004,198,733,840,3,18.5,45.71,959,387,9,0,395,31.6,211,6
2010,6,11,11,30,40.33,0.15,3.9000000000000004,186,685,708,3,18.400000000000002,46.17,958,318,3,0,320,31.3,211,5.7
2010,6,11,12,30,53.36,0.15,4,164,603,523,3,18.400000000000002,48.93,958,289,26,0,305,30.3,208,5.4
2010,6,11,13,30,66.91,0.15,4.1000000000000005,128,453,306,3,18.6,53.88,959,83,0,0,83,28.900000000000002,204,4.800000000000001
2010,6,11,14,30,80.62,0.15,4.1000000000000005,66,164,93,3,19.200000000000003,62.29,959,16,0,0,16,27,197,4.1000000000000005
2010,6,11,15,30,94.48,0.15,4.2,0,0,0,1,20,71.44,960,0,0,0,0,25.5,192,4.1000000000000005
2010,6,11,16,30,108.12,0.15,4.2,0,0,0,3,20.5,78.79,961,0,0,0,0,24.400000000000002,190,4.3
2010,6,11,17,30,121.42,0.15,4.2,0,0,0,3,20.8,84.64,962,0,0,0,0,23.5,191,4.4
2010,6,11,18,30,134,0.15,4.2,0,0,0,0,20.8,87.86,962,0,0,0,0,22.900000000000002,194,4.3
2010,6,11,19,30,145,0.15,4.1000000000000005,0,0,0,0,20.6,89.77,962,0,0,0,0,22.400000000000002,197,4.1000000000000005
2010,6,11,20,30,152.42000000000002,0.15,4.1000000000000005,0,0,0,0,20.5,91.8,962,0,0,0,0,21.900000000000002,201,3.6
2010,6,11,21,30,153.1,0.15,4,0,0,0,0,20.400000000000002,93.66,961,0,0,0,0,21.5,204,3.6
2010,6,11,22,30,146.62,0.15,3.9000000000000004,0,0,0,0,20.400000000000002,95.04,961,0,0,0,0,21.200000000000003,207,3.6
2010,6,11,23,30,136.05,0.15,3.9000000000000004,0,0,0,0,20.400000000000002,96.5,961,0,0,0,0,21,210,3.5
2010,6,12,0,30,123.67,0.15,3.9000000000000004,0,0,0,0,20.6,98.48,961,0,0,0,0,20.8,213,3.3000000000000003
2010,6,12,1,30,110.46000000000001,0.15,3.9000000000000004,0,0,0,0,20.700000000000003,99.15,961,0,0,0,0,20.8,216,3.2
2010,6,12,2,30,96.87,0.15,3.9000000000000004,0,0,0,3,20.700000000000003,98.45,962,0,0,0,0,21,218,3.4000000000000004
2010,6,12,3,30,82.99,0.15,4,50,89,61,3,20.900000000000002,92.23,962,57,2,7,57,22.200000000000003,217,4.2
2010,6,12,4,30,69.3,0.15,4.1000000000000005,121,406,264,3,20.900000000000002,81.88,963,73,0,7,73,24.200000000000003,210,5.300000000000001
2010,6,12,5,30,55.7,0.15,4.1000000000000005,159,577,484,3,20.400000000000002,70.60000000000001,963,189,0,0,188,26.200000000000003,207,5.9
2010,6,12,6,30,42.550000000000004,0.15,4.2,183,666,674,3,20.1,62.550000000000004,962,254,0,0,254,27.900000000000002,206,6
2010,6,12,7,30,30.55,0.15,4.2,201,712,814,1,19.900000000000002,56.76,962,201,712,0,814,29.400000000000002,207,6.1000000000000005
2010,6,12,8,30,21.8,0.15,4.3,210,732,889,3,19.8,52.59,961,300,1,0,301,30.6,207,6.2
2010,6,12,9,30,20.93,0.15,4.3,223,718,894,8,19.700000000000003,50.27,960,443,255,0,682,31.3,207,6.2
2010,6,12,10,30,28.67,0.15,4.4,211,705,830,4,19.700000000000003,49.550000000000004,959,365,4,0,368,31.5,206,6.1000000000000005
2010,6,12,11,30,40.31,0.15,4.5,197,658,699,8,19.700000000000003,51.32,958,355,247,7,544,30.900000000000002,203,5.9
2010,6,12,12,30,53.33,0.15,4.5,224,458,498,7,19.900000000000002,56.01,958,309,105,0,372,29.6,198,5.800000000000001
2010,6,12,13,30,66.87,0.15,4.6000000000000005,172,294,287,7,20.200000000000003,63.160000000000004,958,181,23,0,190,27.900000000000002,193,5.5
2010,6,12,14,30,80.57000000000001,0.15,4.6000000000000005,72,65,83,7,20.6,71.66,959,71,3,7,71,26.1,188,4.800000000000001
2010,6,12,15,30,94.43,0.15,4.5,0,0,0,7,20.8,78.63,960,0,0,0,0,24.8,187,4.4
2010,6,12,16,30,108.06,0.15,4.4,0,0,0,7,20.6,82.04,961,0,0,0,0,23.900000000000002,187,4.4
2010,6,12,17,30,121.35000000000001,0.15,4.3,0,0,0,7,20.3,83.71000000000001,961,0,0,0,0,23.200000000000003,189,4
2010,6,12,18,30,133.92000000000002,0.15,4.2,0,0,0,8,20.1,85.91,962,0,0,0,0,22.6,192,3.7
2010,6,12,19,30,144.92000000000002,0.15,4.1000000000000005,0,0,0,7,20,88.63,962,0,0,0,0,22,196,3.7
2010,6,12,20,30,152.35,0.15,4.1000000000000005,0,0,0,7,20.1,91.87,962,0,0,0,0,21.5,203,3.7
2010,6,12,21,30,153.05,0.15,4.2,0,0,0,7,20.3,95.21000000000001,961,0,0,0,0,21.1,209,3.5
2010,6,12,22,30,146.61,0.15,4.3,0,0,0,7,20.400000000000002,97.17,961,0,0,0,0,20.900000000000002,215,3.4000000000000004
2010,6,12,23,30,136.06,0.15,4.3,0,0,0,7,20.5,98.26,961,0,0,0,0,20.8,221,3.2
2010,6,13,0,30,123.69,0.15,4.4,0,0,0,8,20.6,99.10000000000001,961,0,0,0,0,20.700000000000003,226,3.1
2010,6,13,1,30,110.5,0.15,4.4,0,0,0,8,20.6,99.35000000000001,962,0,0,0,0,20.700000000000003,227,3.1
2010,6,13,2,30,96.91,0.15,4.4,0,0,0,3,20.6,98.29,962,0,0,0,0,20.900000000000002,228,3.2
2010,6,13,3,30,83.04,0.15,4.4,49,42,54,3,20.700000000000003,93.01,963,53,0,7,53,21.900000000000002,223,4.2
2010,6,13,4,30,69.35000000000001,0.15,4.4,143,316,255,3,20.900000000000002,83.37,963,78,0,7,78,23.900000000000002,214,5.5
2010,6,13,5,30,55.76,0.15,4.4,184,513,473,3,20.6,71.7,963,302,34,0,322,26.1,209,6.300000000000001
2010,6,13,6,30,42.62,0.15,4.4,208,621,664,3,20.200000000000003,62.83,963,427,127,0,520,27.900000000000002,208,6.5
2010,6,13,7,30,30.63,0.15,4.4,217,686,807,3,19.900000000000002,56.56,962,462,98,0,547,29.400000000000002,208,6.6000000000000005
2010,6,13,8,30,21.88,0.15,4.4,221,716,886,3,19.6,52.09,961,513,139,0,642,30.5,208,6.6000000000000005
2010,6,13,9,30,20.97,0.15,4.4,221,720,893,3,19.400000000000002,49.46,960,327,1,0,327,31.200000000000003,209,6.5
2010,6,13,10,30,28.67,0.15,4.5,217,695,827,3,19.200000000000003,48.39,959,466,92,0,547,31.400000000000002,210,6.300000000000001
2010,6,13,11,30,40.29,0.15,4.5,211,635,695,3,19.1,49.03,959,410,81,0,471,31.1,209,6.1000000000000005
2010,6,13,12,30,53.300000000000004,0.15,4.6000000000000005,194,531,511,3,19.400000000000002,53,959,255,8,0,259,30,204,5.800000000000001
2010,6,13,13,30,66.83,0.15,4.7,156,353,295,3,19.900000000000002,59.9,959,121,0,7,122,28.400000000000002,198,5.4
2010,6,13,14,30,80.53,0.15,4.800000000000001,73,83,87,3,20.400000000000002,69,960,17,0,0,17,26.6,190,4.7
2010,6,13,15,30,94.38,0.15,4.800000000000001,0,0,0,3,21,77.99,961,0,0,0,0,25.1,184,4.3
2010,6,13,16,30,108.01,0.15,4.7,0,0,0,1,21.1,83.36,962,0,0,0,0,24.1,181,4.3
2010,6,13,17,30,121.29,0.15,4.6000000000000005,0,0,0,0,20.8,85.46000000000001,963,0,0,0,0,23.400000000000002,181,4.1000000000000005
2010,6,13,18,30,133.85,0.15,4.5,0,0,0,0,20.5,86.75,963,0,0,0,0,22.8,185,3.7
2010,6,13,19,30,144.84,0.15,4.3,0,0,0,0,20.3,88.96000000000001,963,0,0,0,0,22.200000000000003,192,3.5
2010,6,13,20,30,152.28,0.15,4.2,0,0,0,1,20.200000000000003,91.96000000000001,962,0,0,0,0,21.6,198,3.3000000000000003
2010,6,13,21,30,153.01,0.15,4.1000000000000005,0,0,0,1,20.3,95.34,962,0,0,0,0,21.1,204,3
2010,6,13,22,30,146.6,0.15,4.1000000000000005,0,0,0,0,20.400000000000002,97.68,961,0,0,0,0,20.8,212,2.8000000000000003
2010,6,13,23,30,136.07,0.15,4.1000000000000005,0,0,0,1,20.5,99.17,961,0,0,0,0,20.6,219,2.6
2010,6,14,0,30,123.72,0.15,4.1000000000000005,0,0,0,0,20.5,99.82000000000001,961,0,0,0,0,20.5,224,2.5
2010,6,14,1,30,110.53,0.15,4.1000000000000005,0,0,0,3,20.5,99.82000000000001,962,0,0,0,0,20.5,228,2.4000000000000004
2010,6,14,2,30,96.95,0.15,4.1000000000000005,0,0,0,3,20.5,98.53,962,0,0,0,0,20.700000000000003,230,2.9000000000000004
2010,6,14,3,30,83.09,0.15,4.1000000000000005,50,54,56,3,20.6,92.62,962,47,0,7,47,21.8,224,3.9000000000000004
2010,6,14,4,30,69.4,0.15,4.1000000000000005,136,348,258,3,20.900000000000002,82.73,963,97,0,7,97,24,214,5
2010,6,14,5,30,55.82,0.15,4.2,173,543,478,3,20.700000000000003,71.57000000000001,963,284,33,0,302,26.200000000000003,206,5.7
2010,6,14,6,30,42.69,0.15,4.3,200,636,667,1,20.200000000000003,62.28,962,200,636,0,667,28.1,203,5.800000000000001
2010,6,14,7,30,30.7,0.15,4.4,213,692,808,2,19.900000000000002,55.79,962,489,183,0,646,29.700000000000003,203,5.800000000000001
2010,6,14,8,30,21.94,0.15,4.5,218,719,886,3,19.700000000000003,51.04,961,442,36,0,475,31,205,5.7
2010,6,14,9,30,21.01,0.15,4.5,289,621,869,3,19.5,48.67,960,529,117,0,639,31.6,207,5.7
2010,6,14,10,30,28.67,0.15,4.5,275,607,807,3,19.3,48.17,959,430,39,0,464,31.6,207,5.7
2010,6,14,11,30,40.27,0.15,4.6000000000000005,250,566,682,3,19.200000000000003,49.54,958,261,0,0,262,31,205,5.6000000000000005
2010,6,14,12,30,53.26,0.15,4.6000000000000005,213,486,504,8,19.200000000000003,52.7,958,298,107,7,362,29.900000000000002,200,5.4
2010,6,14,13,30,66.79,0.15,4.7,163,329,293,7,19.3,58,959,217,162,7,281,28.400000000000002,193,4.9
2010,6,14,14,30,80.48,0.15,4.7,73,79,87,3,19.700000000000003,66.45,960,24,0,0,24,26.5,184,4.1000000000000005
2010,6,14,15,30,94.32000000000001,0.15,4.7,0,0,0,8,20.3,74.94,960,0,0,0,0,25.1,176,3.7
2010,6,14,16,30,107.95,0.15,4.7,0,0,0,8,20.6,80.44,961,0,0,0,0,24.200000000000003,175,3.8000000000000003
2010,6,14,17,30,121.23,0.15,4.6000000000000005,0,0,0,7,20.400000000000002,83.41,962,0,0,0,0,23.400000000000002,178,3.8000000000000003
2010,6,14,18,30,133.79,0.15,4.5,0,0,0,7,20.3,86.86,962,0,0,0,0,22.6,181,3.5
2010,6,14,19,30,144.77,0.15,4.4,0,0,0,7,20.200000000000003,89.87,962,0,0,0,0,21.900000000000002,185,3.3000000000000003
2010,6,14,20,30,152.21,0.15,4.3,0,0,0,7,20.200000000000003,93.19,962,0,0,0,0,21.3,190,3
2010,6,14,21,30,152.97,0.15,4.2,0,0,0,7,20.3,96.38,961,0,0,0,0,20.900000000000002,194,2.9000000000000004
2010,6,14,22,30,146.59,0.15,4.2,0,0,0,7,20.5,98.17,961,0,0,0,0,20.8,198,2.9000000000000004
2010,6,14,23,30,136.09,0.15,4.1000000000000005,0,0,0,7,20.6,99.45,961,0,0,0,0,20.700000000000003,200,3.1
2010,6,15,0,30,123.75,0.15,4,0,0,0,7,20.700000000000003,99.81,961,0,0,0,0,20.700000000000003,201,3.1
2010,6,15,1,30,110.57000000000001,0.15,4,0,0,0,7,20.700000000000003,99.9,961,0,0,0,0,20.700000000000003,203,3.1
2010,6,15,2,30,97,0.15,4,0,0,0,7,20.700000000000003,98.72,961,0,0,0,0,20.900000000000002,208,3.2
2010,6,15,3,30,83.14,0.15,4,49,102,61,7,20.8,93.22,962,38,1,7,38,21.900000000000002,209,4.1000000000000005
2010,6,15,4,30,69.46000000000001,0.15,4,117,424,266,7,20.400000000000002,80.9,962,139,17,0,145,23.900000000000002,206,5.4
2010,6,15,5,30,55.88,0.15,4,158,583,484,7,19.700000000000003,68.08,962,263,209,0,380,26,205,5.9
2010,6,15,6,30,42.75,0.15,4,184,668,675,7,19,58.730000000000004,962,321,279,0,526,27.8,207,6.1000000000000005
2010,6,15,7,30,30.77,0.15,4,198,720,817,7,18.5,52.13,961,402,263,0,628,29.3,208,6.1000000000000005
2010,6,15,8,30,22.01,0.15,4,203,747,896,7,18.1,47.54,960,433,263,0,677,30.5,209,6.1000000000000005
2010,6,15,9,30,21.04,0.15,4,225,719,895,7,17.8,44.800000000000004,959,454,96,0,544,31.200000000000003,209,6
2010,6,15,10,30,28.66,0.15,4,218,699,831,7,17.6,43.83,959,381,40,0,416,31.400000000000002,209,5.800000000000001
2010,6,15,11,30,40.24,0.15,4,205,649,701,7,17.5,44.800000000000004,958,274,13,0,284,30.900000000000002,207,5.5
2010,6,15,12,30,53.230000000000004,0.15,4,182,561,518,7,17.5,47.230000000000004,958,154,3,0,156,30,204,5
2010,6,15,13,30,66.74,0.15,4.1000000000000005,143,404,303,6,17.7,51.45,958,38,0,0,38,28.700000000000003,200,4.4
2010,6,15,14,30,80.43,0.15,4.1000000000000005,71,128,92,8,18.2,58.77,959,30,0,7,30,27,193,3.6
2010,6,15,15,30,94.27,0.15,4.1000000000000005,0,0,0,3,19,67.41,959,0,0,0,0,25.5,185,3.6
2010,6,15,16,30,107.89,0.15,4.1000000000000005,0,0,0,1,19.5,73.69,960,0,0,0,0,24.5,179,4.1000000000000005
2010,6,15,17,30,121.17,0.15,4.1000000000000005,0,0,0,3,19.900000000000002,79.87,961,0,0,0,0,23.6,177,4.2
2010,6,15,18,30,133.72,0.15,4.1000000000000005,0,0,0,0,20.200000000000003,85.24,962,0,0,0,0,22.8,179,3.9000000000000004
2010,6,15,19,30,144.71,0.15,4.1000000000000005,0,0,0,0,20.400000000000002,89.59,962,0,0,0,0,22.200000000000003,184,3.6
2010,6,15,20,30,152.16,0.15,4,0,0,0,0,20.5,92.97,961,0,0,0,0,21.700000000000003,187,3.6
2010,6,15,21,30,152.94,0.15,4,0,0,0,0,20.6,95.89,961,0,0,0,0,21.3,189,3.6
2010,6,15,22,30,146.59,0.15,3.9000000000000004,0,0,0,0,20.700000000000003,97.71000000000001,960,0,0,0,0,21.1,191,3.5
2010,6,15,23,30,136.11,0.15,3.9000000000000004,0,0,0,1,20.8,98.74000000000001,960,0,0,0,0,21,192,3.3000000000000003
2010,6,16,0,30,123.78,0.15,3.9000000000000004,0,0,0,1,20.8,99.38,960,0,0,0,0,20.900000000000002,194,3.2
2010,6,16,1,30,110.61,0.15,3.9000000000000004,0,0,0,0,20.8,99.9,961,0,0,0,0,20.8,196,3.2
2010,6,16,2,30,97.04,0.15,4,0,0,0,3,20.700000000000003,98.37,961,0,0,0,0,21,200,3.5
2010,6,16,3,30,83.18,0.15,4,49,49,55,3,20.8,92.18,962,44,0,7,44,22.1,203,4.4
2010,6,16,4,30,69.51,0.15,4,139,332,255,7,20.5,80.14,962,139,12,0,143,24.1,205,5.5
2010,6,16,5,30,55.94,0.15,4.1000000000000005,182,519,473,7,19.900000000000002,68.43,962,277,232,0,407,26.200000000000003,206,6
2010,6,16,6,30,42.81,0.15,4.1000000000000005,201,635,667,7,19.6,60.11,962,315,401,0,609,28.1,206,6.2
2010,6,16,7,30,30.830000000000002,0.15,4.2,212,696,809,7,19.400000000000002,54.32,961,391,314,0,661,29.6,205,6.300000000000001
2010,6,16,8,30,22.06,0.15,4.2,214,728,889,8,19.200000000000003,50.79,960,417,56,0,470,30.5,204,6.2
2010,6,16,9,30,21.06,0.15,4.2,213,732,897,8,18.900000000000002,48.11,959,310,6,0,316,31.200000000000003,203,6
2010,6,16,10,30,28.650000000000002,0.15,4.3,207,712,832,8,18.8,47.09,958,263,4,0,267,31.400000000000002,203,5.7
2010,6,16,11,30,40.22,0.15,4.3,192,670,703,8,18.7,48.21,958,276,18,7,290,30.900000000000002,202,5.5
2010,6,16,12,30,53.19,0.15,4.3,167,593,522,3,18.900000000000002,51.300000000000004,958,318,57,0,352,30,199,5.2
2010,6,16,13,30,66.7,0.15,4.3,129,453,308,3,19.200000000000003,56.75,958,107,0,7,107,28.6,196,4.800000000000001
2010,6,16,14,30,80.38,0.15,4.3,67,175,96,3,19.700000000000003,64.68,959,27,0,0,27,26.900000000000002,191,4.1000000000000005
2010,6,16,15,30,94.22,0.15,4.3,0,0,0,3,20.3,72.91,959,0,0,0,0,25.5,186,4
2010,6,16,16,30,107.83,0.15,4.3,0,0,0,3,20.6,78.94,960,0,0,0,0,24.5,182,4.2
2010,6,16,17,30,121.11,0.15,4.4,0,0,0,8,20.700000000000003,83.32000000000001,961,0,0,0,0,23.700000000000003,179,4.1000000000000005
2010,6,16,18,30,133.66,0.15,4.4,0,0,0,7,20.700000000000003,86.99,962,0,0,0,0,23,178,3.9000000000000004
2010,6,16,19,30,144.65,0.15,4.3,0,0,0,7,20.6,89.63,962,0,0,0,0,22.400000000000002,181,3.8000000000000003
2010,6,16,20,30,152.11,0.15,4.2,0,0,0,8,20.5,92.62,962,0,0,0,0,21.8,187,3.7
2010,6,16,21,30,152.92000000000002,0.15,4,0,0,0,3,20.5,95.93,961,0,0,0,0,21.200000000000003,193,3.5
2010,6,16,22,30,146.6,0.15,3.9000000000000004,0,0,0,3,20.5,97.60000000000001,961,0,0,0,0,20.900000000000002,197,3.5
2010,6,16,23,30,136.13,0.15,3.8000000000000003,0,0,0,8,20.400000000000002,99.06,961,0,0,0,0,20.6,197,3.2
2010,6,17,0,30,123.81,0.15,3.8000000000000003,0,0,0,7,20.400000000000002,99.46000000000001,961,0,0,0,0,20.5,198,2.9000000000000004
2010,6,17,1,30,110.65,0.15,3.8000000000000003,0,0,0,8,20.3,100,961,0,0,0,0,20.3,203,2.6
2010,6,17,2,30,97.09,0.15,3.8000000000000003,0,0,0,3,20.3,98.91,962,0,0,0,0,20.5,210,2.7
2010,6,17,3,30,83.23,0.15,3.8000000000000003,48,99,60,3,20.3,92.36,962,35,0,7,35,21.6,213,3.7
2010,6,17,4,30,69.56,0.15,3.8000000000000003,116,428,266,7,20,79.57000000000001,962,122,10,0,126,23.700000000000003,210,4.800000000000001
2010,6,17,5,30,55.99,0.15,3.9000000000000004,147,609,488,3,19.5,68.05,962,252,26,0,267,25.8,207,5.4
2010,6,17,6,30,42.87,0.15,4,162,708,681,3,19.1,60.22,962,396,101,0,470,27.5,206,5.7
2010,6,17,7,30,30.89,0.15,4.1000000000000005,171,762,824,3,18.900000000000002,54.35,961,420,95,0,502,29,205,5.9
2010,6,17,8,30,22.11,0.15,4.2,173,788,903,8,18.7,50.85,960,414,283,0,676,30,205,6
2010,6,17,9,30,21.07,0.15,4.3,169,796,911,3,18.7,49.2,960,264,0,0,265,30.6,205,6.1000000000000005
2010,6,17,10,30,28.63,0.15,4.4,168,771,845,3,18.8,49.14,959,219,0,0,219,30.700000000000003,206,6
2010,6,17,11,30,40.18,0.15,4.5,161,723,714,3,18.8,50.28,959,176,0,0,176,30.3,205,5.800000000000001
2010,6,17,12,30,53.15,0.15,4.5,133,671,535,3,18.8,52.93,959,321,182,0,430,29.400000000000002,203,5.5
2010,6,17,13,30,66.65,0.15,4.6000000000000005,106,534,318,8,19,57.730000000000004,959,137,15,7,143,28.1,201,4.800000000000001
2010,6,17,14,30,80.33,0.15,4.6000000000000005,60,250,102,3,19.400000000000002,64.99,959,41,0,0,41,26.5,196,3.9000000000000004
2010,6,17,15,30,94.17,0.15,4.6000000000000005,0,0,0,3,19.900000000000002,72.67,960,0,0,0,0,25.200000000000003,189,3.3000000000000003
2010,6,17,16,30,107.78,0.15,4.6000000000000005,0,0,0,3,20.3,78.16,961,0,0,0,0,24.3,184,3.2
2010,6,17,17,30,121.05,0.15,4.5,0,0,0,0,20.400000000000002,83.18,961,0,0,0,0,23.400000000000002,183,3.2
2010,6,17,18,30,133.6,0.15,4.4,0,0,0,0,20.5,87.75,962,0,0,0,0,22.6,185,3.2
2010,6,17,19,30,144.59,0.15,4.3,0,0,0,7,20.5,91.16,962,0,0,0,0,22,186,3
2010,6,17,20,30,152.07,0.15,4.3,0,0,0,8,20.6,94.38,962,0,0,0,0,21.5,189,2.7
2010,6,17,21,30,152.91,0.15,4.2,0,0,0,8,20.6,96.61,962,0,0,0,0,21.200000000000003,195,3
2010,6,17,22,30,146.61,0.15,4.2,0,0,0,8,20.700000000000003,97.4,961,0,0,0,0,21.1,204,3.1
2010,6,17,23,30,136.16,0.15,4.3,0,0,0,0,20.8,98.49000000000001,961,0,0,0,0,21,212,2.8000000000000003
2010,6,18,0,30,123.85000000000001,0.15,4.3,0,0,0,3,20.8,99.36,961,0,0,0,0,20.900000000000002,221,2.6
2010,6,18,1,30,110.69,0.15,4.3,0,0,0,0,20.8,99.4,961,0,0,0,0,20.900000000000002,228,2.8000000000000003
2010,6,18,2,30,97.13,0.15,4.3,0,0,0,0,20.8,98.29,962,0,0,0,0,21.1,230,3.3000000000000003
2010,6,18,3,30,83.28,0.15,4.3,47,91,58,3,20.900000000000002,92.7,962,45,0,7,45,22.1,227,4.3
2010,6,18,4,30,69.61,0.15,4.2,121,401,261,3,20.8,82.10000000000001,962,179,21,0,186,24,221,5.4
2010,6,18,5,30,56.050000000000004,0.15,4.2,158,577,480,0,20.200000000000003,70.35000000000001,963,158,577,0,480,26,216,5.800000000000001
2010,6,18,6,30,42.92,0.15,4.2,208,619,661,0,19.6,61.18,962,208,619,0,661,27.8,213,5.800000000000001
2010,6,18,7,30,30.94,0.15,4.2,218,685,805,0,19.3,55.39,962,218,685,0,805,29.200000000000003,210,5.800000000000001
2010,6,18,8,30,22.150000000000002,0.15,4.3,221,716,884,0,19.200000000000003,51.56,961,221,716,0,884,30.3,208,5.7
2010,6,18,9,30,21.080000000000002,0.15,4.3,203,745,899,7,19.200000000000003,48.79,960,344,496,0,807,31.200000000000003,207,5.7
2010,6,18,10,30,28.61,0.15,4.4,196,728,835,8,19.1,47.480000000000004,959,312,524,7,772,31.6,205,5.6000000000000005
2010,6,18,11,30,40.15,0.15,4.4,183,686,707,3,19,47.82,959,422,210,0,582,31.400000000000002,202,5.5
2010,6,18,12,30,53.11,0.15,4.5,159,609,525,0,19,50.28,959,159,609,0,525,30.5,199,5.300000000000001
2010,6,18,13,30,66.61,0.15,4.5,125,467,311,1,19.1,54.84,959,125,467,0,311,29.1,196,4.7
2010,6,18,14,30,80.28,0.15,4.6000000000000005,66,188,98,0,19.6,62.74,960,66,188,0,98,27.3,192,3.7
2010,6,18,15,30,94.11,0.15,4.6000000000000005,0,0,0,7,20.400000000000002,71.99,960,0,0,0,0,25.8,188,3.4000000000000004
2010,6,18,16,30,107.73,0.15,4.5,0,0,0,7,20.900000000000002,78.34,961,0,0,0,0,24.900000000000002,186,3.5
2010,6,18,17,30,121,0.15,4.5,0,0,0,0,21.200000000000003,83.81,961,0,0,0,0,24.1,186,3.5
2010,6,18,18,30,133.55,0.15,4.5,0,0,0,0,21.400000000000002,88.56,962,0,0,0,0,23.400000000000002,188,3.2
2010,6,18,19,30,144.54,0.15,4.4,0,0,0,0,21.5,92.43,962,0,0,0,0,22.8,194,3
2010,6,18,20,30,152.03,0.15,4.3,0,0,0,0,21.5,95.43,962,0,0,0,0,22.3,205,3
2010,6,18,21,30,152.9,0.15,4.2,0,0,0,3,21.5,97.15,961,0,0,0,0,22,216,3.3000000000000003
2010,6,18,22,30,146.62,0.15,4.2,0,0,0,8,21.6,98.68,960,0,0,0,0,21.8,221,3.3000000000000003
2010,6,18,23,30,136.19,0.15,4.3,0,0,0,7,21.700000000000003,99.78,960,0,0,0,0,21.700000000000003,222,3.1
2010,6,19,0,30,123.89,0.15,4.3,0,0,0,8,21.700000000000003,99.98,960,0,0,0,0,21.700000000000003,223,3
2010,6,19,1,30,110.74000000000001,0.15,4.3,0,0,0,3,21.6,100,961,0,0,0,0,21.6,222,3.1
2010,6,19,2,30,97.18,0.15,4.3,0,0,0,3,21.6,99.59,961,0,0,0,0,21.700000000000003,222,3.3000000000000003
2010,6,19,3,30,83.33,0.15,4.3,44,151,62,3,21.6,94.88,961,34,0,7,34,22.5,221,4.3
2010,6,19,4,30,69.67,0.15,4.3,101,483,269,3,21.400000000000002,85.15,962,191,79,0,219,24.1,217,5.5
2010,6,19,5,30,56.1,0.15,4.3,130,645,490,0,20.8,72.07000000000001,962,130,645,0,490,26.200000000000003,215,6
2010,6,19,6,30,42.980000000000004,0.15,4.4,147,731,682,3,20.3,62.89,962,247,1,0,248,28,215,6
2010,6,19,7,30,30.990000000000002,0.15,4.5,157,778,824,3,19.900000000000002,55.72,961,447,111,0,541,29.700000000000003,214,6
2010,6,19,8,30,22.19,0.15,4.5,163,799,903,3,19.6,51.43,960,473,131,0,594,30.8,214,6
2010,6,19,9,30,21.09,0.15,4.6000000000000005,235,697,886,3,19.400000000000002,48.99,959,451,43,0,490,31.400000000000002,213,5.9
2010,6,19,10,30,28.59,0.15,4.7,217,693,826,3,19.3,49.18,959,445,89,0,524,31.200000000000003,209,5.800000000000001
2010,6,19,11,30,40.11,0.15,4.800000000000001,196,659,700,8,19.400000000000002,52.01,959,322,41,0,353,30.400000000000002,203,5.6000000000000005
2010,6,19,12,30,53.06,0.15,4.9,163,599,523,3,19.8,56.56,959,301,44,0,328,29.3,197,5.5
2010,6,19,13,30,66.56,0.15,5,139,419,306,3,20.1,63.14,959,41,0,0,41,27.8,193,5.1000000000000005
2010,6,19,14,30,80.23,0.15,4.9,73,127,94,3,20.5,71.33,960,27,0,7,27,26.1,190,4.5
2010,6,19,15,30,94.06,0.15,4.800000000000001,0,0,0,3,20.8,78.11,960,0,0,0,0,24.900000000000002,186,4.2
2010,6,19,16,30,107.67,0.15,4.7,0,0,0,3,20.700000000000003,81.82000000000001,961,0,0,0,0,24,182,4.1000000000000005
2010,6,19,17,30,120.94,0.15,4.5,0,0,0,1,20.400000000000002,84.53,962,0,0,0,0,23.200000000000003,180,3.6
2010,6,19,18,30,133.5,0.15,4.4,0,0,0,8,20.3,87.38,962,0,0,0,0,22.5,182,3.2
2010,6,19,19,30,144.5,0.15,4.4,0,0,0,8,20.200000000000003,90.61,962,0,0,0,0,21.8,186,3.1
2010,6,19,20,30,152,0.15,4.4,0,0,0,7,20.200000000000003,93.13,962,0,0,0,0,21.400000000000002,191,3
2010,6,19,21,30,152.89000000000001,0.15,4.4,0,0,0,7,20.400000000000002,95.79,961,0,0,0,0,21.1,200,3
2010,6,19,22,30,146.65,0.15,4.4,0,0,0,7,20.6,97.44,961,0,0,0,0,21,208,3
2010,6,19,23,30,136.22,0.15,4.4,0,0,0,1,20.700000000000003,98.58,961,0,0,0,0,20.900000000000002,212,3
2010,6,20,0,30,123.93,0.15,4.4,0,0,0,0,20.700000000000003,98.57000000000001,961,0,0,0,0,20.900000000000002,214,3.2
2010,6,20,1,30,110.78,0.15,4.3,0,0,0,0,20.6,98.99000000000001,961,0,0,0,0,20.8,216,3.2
2010,6,20,2,30,97.23,0.15,4.3,0,0,0,0,20.6,98.43,962,0,0,0,0,20.900000000000002,221,3.2
2010,6,20,3,30,83.38,0.15,4.3,47,84,57,3,20.6,93.13,962,33,0,7,33,21.8,222,4
2010,6,20,4,30,69.72,0.15,4.2,121,400,259,3,20.200000000000003,80.87,963,80,0,7,80,23.700000000000003,218,5.1000000000000005
2010,6,20,5,30,56.15,0.15,4.2,154,587,481,3,19.200000000000003,67.16,963,313,120,0,379,25.8,215,5.7
2010,6,20,6,30,43.03,0.15,4.1000000000000005,167,697,677,8,18.6,57.51,962,309,364,0,575,27.700000000000003,214,5.9
2010,6,20,7,30,31.04,0.15,4.1000000000000005,173,758,822,7,18.1,50.980000000000004,962,353,349,0,652,29.3,213,5.9
2010,6,20,8,30,22.22,0.15,4.1000000000000005,174,789,904,7,17.8,46.35,961,375,381,0,728,30.6,213,5.9
2010,6,20,9,30,21.080000000000002,0.15,4,171,796,914,8,17.6,43.49,960,339,11,0,350,31.5,212,5.9
2010,6,20,10,30,28.560000000000002,0.15,4,165,781,851,7,17.400000000000002,42.59,959,396,95,0,480,31.700000000000003,212,5.800000000000001
2010,6,20,11,30,40.07,0.15,4,153,744,723,7,17.3,42.95,958,321,46,0,356,31.400000000000002,209,5.7
2010,6,20,12,30,53.02,0.15,4,140,663,538,6,17.3,45.45,958,182,12,0,189,30.400000000000002,205,5.5
2010,6,20,13,30,66.51,0.15,4,110,531,322,6,17.5,49.96,959,103,6,0,105,29,198,5.1000000000000005
2010,6,20,14,30,80.19,0.15,4,61,256,105,7,18,57.160000000000004,959,24,0,0,24,27.200000000000003,188,4.4
2010,6,20,15,30,94.01,0.15,4,0,0,0,7,18.7,65.91,960,0,0,0,0,25.5,179,4.2
2010,6,20,16,30,107.62,0.15,4,0,0,0,8,19,72.08,961,0,0,0,0,24.400000000000002,177,4.4
2010,6,20,17,30,120.89,0.15,4,0,0,0,8,19.3,77.72,962,0,0,0,0,23.400000000000002,176,4.3
2010,6,20,18,30,133.45,0.15,4,0,0,0,8,19.6,83.5,962,0,0,0,0,22.5,178,3.9000000000000004
2010,6,20,19,30,144.46,0.15,4.1000000000000005,0,0,0,7,19.900000000000002,88.58,962,0,0,0,0,21.900000000000002,184,3.5
2010,6,20,20,30,151.97,0.15,4.1000000000000005,0,0,0,3,20.3,92.83,962,0,0,0,0,21.5,190,3.3000000000000003
2010,6,20,21,30,152.9,0.15,4.2,0,0,0,3,20.6,95.58,961,0,0,0,0,21.3,195,3.2
2010,6,20,22,30,146.67000000000002,0.15,4.3,0,0,0,3,20.8,97.42,961,0,0,0,0,21.200000000000003,198,3.1
2010,6,20,23,30,136.26,0.15,4.4,0,0,0,3,20.900000000000002,98.5,960,0,0,0,0,21.1,200,2.9000000000000004
2010,6,21,0,30,123.97,0.15,4.5,0,0,0,3,20.900000000000002,99.43,961,0,0,0,0,21,203,2.7
2010,6,21,1,30,110.83,0.15,4.5,0,0,0,0,20.900000000000002,100,961,0,0,0,0,20.900000000000002,205,2.7
2010,6,21,2,30,97.28,0.15,4.6000000000000005,0,0,0,1,20.900000000000002,98.93,961,0,0,0,0,21.1,209,3.1
2010,6,21,3,30,83.43,0.15,4.6000000000000005,44,129,59,3,20.900000000000002,93.75,961,39,0,7,39,22,208,4.2
2010,6,21,4,30,69.77,0.15,4.6000000000000005,106,452,263,3,20.700000000000003,83.3,962,31,0,7,31,23.700000000000003,205,5.5
2010,6,21,5,30,56.2,0.15,4.5,139,619,483,3,19.900000000000002,70.44,962,312,112,0,374,25.700000000000003,201,6.2
2010,6,21,6,30,43.08,0.15,4.5,149,725,679,3,19.200000000000003,61.13,962,329,25,0,348,27.400000000000002,200,6.4
2010,6,21,7,30,31.080000000000002,0.15,4.4,157,780,824,3,18.8,54.870000000000005,961,298,1,0,299,28.8,199,6.4
2010,6,21,8,30,22.25,0.15,4.4,160,804,904,0,18.5,50.92,961,160,804,0,904,29.700000000000003,199,6.300000000000001
2010,6,21,9,30,21.07,0.15,4.4,247,680,882,3,18.2,48.96,960,506,115,0,613,30.1,200,6.2
2010,6,21,10,30,28.52,0.15,4.4,215,699,829,3,18,48.1,959,302,1,0,302,30.200000000000003,200,6.1000000000000005
2010,6,21,11,30,40.03,0.15,4.4,181,690,709,7,17.900000000000002,48.85,959,309,404,0,618,29.8,198,5.9
2010,6,21,12,30,52.97,0.15,4.5,149,636,532,3,17.8,50.95,959,116,0,0,116,29,195,5.7
2010,6,21,13,30,66.46000000000001,0.15,4.6000000000000005,115,506,318,3,17.900000000000002,55.68,959,156,2,0,157,27.6,192,5.1000000000000005
2010,6,21,14,30,80.14,0.15,4.7,64,223,102,0,18.3,62.550000000000004,960,64,223,0,102,26,188,4.3
2010,6,21,15,30,93.96000000000001,0.15,4.7,0,0,0,3,18.900000000000002,70.45,960,0,0,0,0,24.6,185,3.9000000000000004
2010,6,21,16,30,107.57000000000001,0.15,4.800000000000001,0,0,0,7,19.200000000000003,75.99,961,0,0,0,0,23.700000000000003,183,3.9000000000000004
2010,6,21,17,30,120.85000000000001,0.15,4.7,0,0,0,3,19.400000000000002,81.38,961,0,0,0,0,22.8,183,3.6
2010,6,21,18,30,133.41,0.15,4.7,0,0,0,3,19.700000000000003,85.84,962,0,0,0,0,22.200000000000003,185,3.2
2010,6,21,19,30,144.42000000000002,0.15,4.7,0,0,0,1,19.900000000000002,89.59,962,0,0,0,0,21.700000000000003,189,2.8000000000000003
2010,6,21,20,30,151.95000000000002,0.15,4.6000000000000005,0,0,0,0,20.1,92.48,961,0,0,0,0,21.400000000000002,194,2.8000000000000003
2010,6,21,21,30,152.91,0.15,4.6000000000000005,0,0,0,3,20.400000000000002,95.26,961,0,0,0,0,21.200000000000003,200,2.9000000000000004
2010,6,21,22,30,146.70000000000002,0.15,4.6000000000000005,0,0,0,3,20.6,97.55,960,0,0,0,0,21,206,2.8000000000000003
2010,6,21,23,30,136.31,0.15,4.7,0,0,0,3,20.700000000000003,98.84,960,0,0,0,0,20.900000000000002,208,2.7
2010,6,22,0,30,124.02,0.15,4.800000000000001,0,0,0,0,20.8,98.62,960,0,0,0,0,21,206,2.7
2010,6,22,1,30,110.88,0.15,4.800000000000001,0,0,0,3,20.900000000000002,99.18,961,0,0,0,0,21,203,2.7
2010,6,22,2,30,97.33,0.15,4.9,0,0,0,1,20.900000000000002,98.33,961,0,0,0,0,21.200000000000003,198,2.7
2010,6,22,3,30,83.48,0.15,4.800000000000001,44,132,59,1,21,95.37,962,44,132,0,59,21.8,194,3.3000000000000003
2010,6,22,4,30,69.82000000000001,0.15,4.800000000000001,102,470,264,3,21.1,88.81,962,52,0,7,52,23,194,4.5
2010,6,22,5,30,56.25,0.15,4.7,128,643,485,3,20.400000000000002,76.99,962,172,0,0,172,24.700000000000003,196,5.800000000000001
2010,6,22,6,30,43.12,0.15,4.6000000000000005,141,739,681,3,19.400000000000002,64.87,962,277,2,0,279,26.6,199,6.4
2010,6,22,7,30,31.12,0.15,4.5,147,794,826,3,18.6,56.19,962,335,3,0,337,28.200000000000003,200,6.6000000000000005
2010,6,22,8,30,22.27,0.15,4.4,151,819,908,3,18,50.5,961,258,0,0,258,29.3,199,6.6000000000000005
2010,6,22,9,30,21.06,0.15,4.4,150,823,918,3,17.6,48.24,960,401,8,0,408,29.700000000000003,199,6.5
2010,6,22,10,30,28.48,0.15,4.3,146,809,857,3,17.400000000000002,47.72,959,461,252,0,682,29.700000000000003,197,6.4
2010,6,22,11,30,39.980000000000004,0.15,4.2,137,773,729,3,17.3,48.5,959,361,47,0,397,29.3,194,6.2
2010,6,22,12,30,52.92,0.15,4.1000000000000005,123,702,546,3,17.3,50.230000000000004,959,77,0,0,77,28.700000000000003,190,5.9
2010,6,22,13,30,66.41,0.15,3.9000000000000004,100,573,329,3,17.5,54.43,959,178,5,0,180,27.5,186,5.5
2010,6,22,14,30,80.09,0.15,3.8000000000000003,58,295,109,3,18,61.97,960,49,0,7,49,25.8,180,4.5
2010,6,22,15,30,93.91,0.15,3.8000000000000003,0,0,0,3,18.7,71.62,961,0,0,0,0,24.200000000000003,175,3.7
2010,6,22,16,30,107.53,0.15,3.8000000000000003,0,0,0,1,19.3,78.71000000000001,962,0,0,0,0,23.200000000000003,173,3.3000000000000003
2010,6,22,17,30,120.8,0.15,3.8000000000000003,0,0,0,3,19.6,84.92,962,0,0,0,0,22.3,173,3
2010,6,22,18,30,133.37,0.15,3.8000000000000003,0,0,0,3,19.900000000000002,90.03,962,0,0,0,0,21.6,176,2.8000000000000003
2010,6,22,19,30,144.39000000000001,0.15,3.8000000000000003,0,0,0,1,20.1,93.86,962,0,0,0,0,21.1,181,2.8000000000000003
2010,6,22,20,30,151.94,0.15,3.8000000000000003,0,0,0,0,20.200000000000003,97.26,962,0,0,0,0,20.700000000000003,188,3.1
2010,6,22,21,30,152.92000000000002,0.15,3.8000000000000003,0,0,0,0,20.400000000000002,98.84,961,0,0,0,0,20.6,195,3.3000000000000003
2010,6,22,22,30,146.74,0.15,3.8000000000000003,0,0,0,0,20.5,100,961,0,0,0,0,20.5,199,3.4000000000000004
2010,6,22,23,30,136.35,0.15,3.9000000000000004,0,0,0,0,20.5,100,960,0,0,0,0,20.5,201,3.1
2010,6,23,0,30,124.07000000000001,0.16,3.9000000000000004,0,0,0,0,20.400000000000002,100,961,0,0,0,0,20.400000000000002,203,2.8000000000000003
2010,6,23,1,30,110.93,0.16,4,0,0,0,0,20.3,100,961,0,0,0,0,20.3,205,2.5
2010,6,23,2,30,97.38,0.16,4,0,0,0,1,20.5,100,962,0,0,0,0,20.5,207,2.6
2010,6,23,3,30,83.53,0.16,4,39,217,64,3,20.700000000000003,94.39,963,42,1,7,43,21.6,206,3.6
2010,6,23,4,30,69.86,0.16,4,82,563,276,3,20.6,84.92,963,59,0,7,59,23.3,202,4.7
2010,6,23,5,30,56.300000000000004,0.16,4,105,711,500,1,20,74.08,964,105,711,0,500,24.900000000000002,199,5.2
2010,6,23,6,30,43.160000000000004,0.16,4,134,761,689,3,19.3,65.92,963,398,140,0,500,26.200000000000003,198,5.4
2010,6,23,7,30,31.16,0.16,4,146,803,832,2,19,60.29,963,461,214,0,643,27.400000000000002,199,5.4
2010,6,23,8,30,22.28,0.16,4.1000000000000005,150,823,912,3,18.8,54.93,962,501,191,0,677,28.8,201,5.5
2010,6,23,9,30,21.03,0.16,4.1000000000000005,182,779,910,2,18.6,51.120000000000005,961,509,164,0,662,29.8,202,5.6000000000000005
2010,6,23,10,30,28.44,0.16,4.1000000000000005,175,766,849,3,18.3,48.94,960,390,11,0,400,30.200000000000003,202,5.7
2010,6,23,11,30,39.93,0.16,4.1000000000000005,159,734,722,3,18,48.51,959,192,0,0,192,30,200,5.6000000000000005
2010,6,23,12,30,52.870000000000005,0.16,4,138,670,542,3,17.6,49.14,959,338,111,0,405,29.400000000000002,196,5.4
2010,6,23,13,30,66.36,0.16,4,108,543,326,3,17.3,51.7,960,217,134,0,271,28.200000000000003,192,4.800000000000001
2010,6,23,14,30,80.04,0.16,4,61,270,108,3,17.3,56.980000000000004,960,43,0,0,43,26.5,186,3.8000000000000003
2010,6,23,15,30,93.87,0.16,3.9000000000000004,0,0,0,3,17.7,64.03,961,0,0,0,0,25,179,3.5
2010,6,23,16,30,107.48,0.16,3.9000000000000004,0,0,0,3,17.900000000000002,68.99,961,0,0,0,0,23.900000000000002,174,3.7
2010,6,23,17,30,120.76,0.16,3.9000000000000004,0,0,0,3,18.2,75.48,962,0,0,0,0,22.8,172,3.5
2010,6,23,18,30,133.33,0.16,3.9000000000000004,0,0,0,4,18.8,82.46000000000001,962,0,0,0,0,21.900000000000002,173,3.1
2010,6,23,19,30,144.36,0.16,3.9000000000000004,0,0,0,4,19.3,88.93,962,0,0,0,0,21.200000000000003,178,2.7
2010,6,23,20,30,151.94,0.16,3.8000000000000003,0,0,0,4,19.700000000000003,93.44,962,0,0,0,0,20.8,187,2.5
2010,6,23,21,30,152.95000000000002,0.16,3.8000000000000003,0,0,0,3,19.900000000000002,96.44,961,0,0,0,0,20.5,198,2.4000000000000004
2010,6,23,22,30,146.78,0.16,3.9000000000000004,0,0,0,3,20,97.61,961,0,0,0,0,20.400000000000002,206,2.5
2010,6,23,23,30,136.4,0.16,3.9000000000000004,0,0,0,3,20.1,98.63,961,0,0,0,0,20.3,211,2.5
2010,6,24,0,30,124.12,0.16,3.9000000000000004,0,0,0,3,20.200000000000003,99.08,961,0,0,0,0,20.3,214,2.4000000000000004
2010,6,24,1,30,110.98,0.16,3.9000000000000004,0,0,0,3,20.200000000000003,99.61,962,0,0,0,0,20.3,217,2.2
2010,6,24,2,30,97.43,0.16,3.9000000000000004,0,0,0,0,20.3,98.60000000000001,962,0,0,0,0,20.5,218,2.3000000000000003
2010,6,24,3,30,83.58,0.16,3.9000000000000004,41,186,62,0,20.400000000000002,92.71000000000001,963,41,186,0,62,21.6,214,3.4000000000000004
2010,6,24,4,30,69.91,0.16,3.9000000000000004,87,544,273,3,20.200000000000003,81.78,963,140,7,0,143,23.5,208,4.4
2010,6,24,5,30,56.34,0.16,3.9000000000000004,109,701,498,1,19.5,69.10000000000001,963,109,701,0,498,25.6,204,4.7
2010,6,24,6,30,43.2,0.16,4,123,782,693,3,19.1,60.08,963,381,99,0,453,27.5,202,4.800000000000001
2010,6,24,7,30,31.18,0.16,4.1000000000000005,131,826,837,3,18.7,53.93,962,457,158,0,592,29,201,4.9
2010,6,24,8,30,22.29,0.16,4.1000000000000005,135,846,918,1,18.5,50.53,961,135,846,0,918,29.900000000000002,201,5
2010,6,24,9,30,21,0.16,4.2,123,866,931,3,18.5,48.620000000000005,961,494,184,0,666,30.5,201,5.1000000000000005
2010,6,24,10,30,28.39,0.16,4.2,119,854,869,3,18.400000000000002,47.78,960,467,211,0,652,30.700000000000003,200,5.2
2010,6,24,11,30,39.88,0.16,4.2,110,822,741,3,18.3,48.33,959,397,103,0,476,30.400000000000002,199,5.2
2010,6,24,12,30,52.82,0.16,4.2,107,741,554,0,18.2,50.550000000000004,959,107,741,0,554,29.5,197,5.2
2010,6,24,13,30,66.31,0.16,4.3,89,611,334,2,18.2,54.86,960,160,7,0,163,28.1,194,5
2010,6,24,14,30,79.99,0.16,4.3,55,330,112,0,18.3,61.22,960,55,330,0,112,26.400000000000002,192,4.2
2010,6,24,15,30,93.82000000000001,0.16,4.2,0,0,0,0,18.7,68.67,961,0,0,0,0,24.900000000000002,193,3.5
2010,6,24,16,30,107.44,0.16,4.1000000000000005,0,0,0,0,19.1,74.12,962,0,0,0,0,24,195,3.2
2010,6,24,17,30,120.72,0.16,4,0,0,0,0,19.3,78.64,962,0,0,0,0,23.200000000000003,197,3
2010,6,24,18,30,133.3,0.16,3.8000000000000003,0,0,0,0,19.400000000000002,82.51,962,0,0,0,0,22.5,199,2.9000000000000004
2010,6,24,19,30,144.34,0.16,3.8000000000000003,0,0,0,0,19.400000000000002,86.19,962,0,0,0,0,21.8,205,2.9000000000000004
2010,6,24,20,30,151.94,0.16,3.7,0,0,0,0,19.400000000000002,89.19,962,0,0,0,0,21.3,213,3
2010,6,24,21,30,152.98,0.16,3.7,0,0,0,0,19.6,92.56,961,0,0,0,0,20.900000000000002,219,3.2
2010,6,24,22,30,146.83,0.16,3.8000000000000003,0,0,0,0,20,95.16,961,0,0,0,0,20.8,222,3.5
2010,6,24,23,30,136.45,0.16,3.8000000000000003,0,0,0,0,20.400000000000002,97.88,961,0,0,0,0,20.700000000000003,220,3.6
2010,6,25,0,30,124.17,0.16,3.9000000000000004,0,0,0,0,20.6,99.28,961,0,0,0,0,20.700000000000003,219,3.4000000000000004
2010,6,25,1,30,111.03,0.16,3.9000000000000004,0,0,0,0,20.700000000000003,99.99000000000001,961,0,0,0,0,20.700000000000003,220,3.3000000000000003
2010,6,25,2,30,97.48,0.16,3.9000000000000004,0,0,0,0,20.8,99.31,961,0,0,0,0,20.900000000000002,222,3.3000000000000003
2010,6,25,3,30,83.62,0.16,4,36,256,65,0,21,94.05,962,36,256,0,65,22,221,3.9000000000000004
2010,6,25,4,30,69.96000000000001,0.16,4.1000000000000005,72,605,279,3,21.3,85.38,962,61,0,0,61,23.900000000000002,214,5
2010,6,25,5,30,56.38,0.16,4.1000000000000005,90,749,505,3,21.1,73.61,962,205,1,0,206,26.200000000000003,207,6.1000000000000005
2010,6,25,6,30,43.24,0.16,4.2,96,833,703,1,20.5,63.46,962,96,833,0,703,28.1,202,6.5
2010,6,25,7,30,31.21,0.16,4.2,105,867,846,0,20.200000000000003,56.7,961,105,867,0,846,29.700000000000003,200,6.6000000000000005
2010,6,25,8,30,22.29,0.16,4.3,113,878,925,3,20,52.620000000000005,960,440,127,0,557,30.8,200,6.7
2010,6,25,9,30,20.97,0.16,4.4,114,877,933,2,20,51.43,959,481,166,0,636,31.200000000000003,201,6.7
2010,6,25,10,30,28.34,0.16,4.5,120,849,867,7,20.1,53.07,958,279,506,0,724,30.8,201,6.800000000000001
2010,6,25,11,30,39.82,0.16,4.6000000000000005,123,795,734,3,20.3,56.9,958,407,189,0,552,29.8,198,6.800000000000001
2010,6,25,12,30,52.76,0.16,4.7,120,706,547,2,20.6,62.68,958,314,206,0,438,28.400000000000002,194,6.5
2010,6,25,13,30,66.26,0.16,4.7,103,556,327,4,20.8,69.85000000000001,959,64,0,0,64,26.8,190,6.1000000000000005
2010,6,25,14,30,79.94,0.16,4.7,61,268,108,3,21,77.60000000000001,960,10,0,0,10,25.200000000000003,187,5.300000000000001
2010,6,25,15,30,93.77,0.16,4.6000000000000005,0,0,0,4,21.200000000000003,84.13,960,0,0,0,0,24,185,4.7
2010,6,25,16,30,107.39,0.16,4.5,0,0,0,4,21.200000000000003,88.58,961,0,0,0,0,23.200000000000003,185,4.5
2010,6,25,17,30,120.68,0.16,4.5,0,0,0,4,21.200000000000003,92.57000000000001,962,0,0,0,0,22.5,187,4.4
2010,6,25,18,30,133.27,0.16,4.5,0,0,0,4,21.3,95.63,962,0,0,0,0,22,190,4.2
2010,6,25,19,30,144.33,0.16,4.5,0,0,0,3,21.3,97.87,962,0,0,0,0,21.700000000000003,196,4.1000000000000005
2010,6,25,20,30,151.95000000000002,0.16,4.5,0,0,0,4,21.3,99.60000000000001,962,0,0,0,0,21.400000000000002,202,4
2010,6,25,21,30,153.01,0.16,4.4,0,0,0,4,21.1,100,961,0,0,0,0,21.1,209,3.9000000000000004
2010,6,25,22,30,146.88,0.16,4.3,0,0,0,4,20.900000000000002,100,961,0,0,0,0,20.900000000000002,214,3.8000000000000003
2010,6,25,23,30,136.51,0.16,4.2,0,0,0,5,20.8,100,961,0,0,0,0,20.8,216,3.8000000000000003
2010,6,26,0,30,124.23,0.16,4.1000000000000005,0,0,0,5,20.700000000000003,100,961,0,0,1,0,20.700000000000003,216,3.8000000000000003
2010,6,26,1,30,111.09,0.16,4,0,0,0,5,20.6,100,962,0,0,1,0,20.6,217,3.7
2010,6,26,2,30,97.53,0.16,3.9000000000000004,0,0,0,5,20.700000000000003,99.79,962,0,0,0,0,20.700000000000003,219,3.4000000000000004
2010,6,26,3,30,83.67,0.16,3.9000000000000004,40,188,61,3,20.700000000000003,94.84,963,45,1,7,45,21.6,219,4.1000000000000005
2010,6,26,4,30,70,0.16,3.8000000000000003,85,551,274,3,20.6,83.07000000000001,963,183,110,0,221,23.6,214,5.2
2010,6,26,5,30,56.43,0.16,3.8000000000000003,104,718,501,0,19.6,68.82000000000001,963,104,718,0,501,25.8,210,5.7
2010,6,26,6,30,43.27,0.16,3.7,114,804,699,8,19,58.71,963,297,338,0,544,27.8,208,5.800000000000001
2010,6,26,7,30,31.23,0.16,3.7,122,845,845,3,18.5,51.89,962,457,168,0,600,29.400000000000002,208,5.7
2010,6,26,8,30,22.28,0.16,3.7,128,863,926,0,18,47.01,960,128,863,0,926,30.6,207,5.7
2010,6,26,9,30,20.93,0.16,3.7,139,848,931,2,17.6,43.99,959,495,252,0,731,31.3,206,5.7
2010,6,26,10,30,28.29,0.16,3.7,136,833,870,2,17.3,42.25,958,475,179,0,633,31.700000000000003,204,5.7
2010,6,26,11,30,39.77,0.16,3.8000000000000003,129,793,739,3,17.2,42.36,958,412,102,0,490,31.5,201,5.5
2010,6,26,12,30,52.71,0.16,3.9000000000000004,117,721,554,2,17.2,44.64,958,331,127,0,408,30.6,198,5.300000000000001
2010,6,26,13,30,66.21000000000001,0.16,3.9000000000000004,97,590,335,2,17.5,50.120000000000005,958,216,49,0,235,28.900000000000002,193,4.9
2010,6,26,14,30,79.89,0.16,4,58,308,112,0,18.2,59.81,959,58,308,0,112,26.700000000000003,189,4.2
2010,6,26,15,30,93.73,0.16,4,0,0,0,0,19.200000000000003,70.04,960,0,0,0,0,25,187,4
2010,6,26,16,30,107.35000000000001,0.16,3.9000000000000004,0,0,0,0,19.5,76.56,961,0,0,0,0,23.900000000000002,186,4
2010,6,26,17,30,120.65,0.16,3.9000000000000004,0,0,0,0,19.700000000000003,82.34,961,0,0,0,0,22.900000000000002,184,3.5
2010,6,26,18,30,133.24,0.16,3.8000000000000003,0,0,0,0,19.900000000000002,87.47,962,0,0,0,0,22.1,182,3.1
2010,6,26,19,30,144.32,0.16,3.7,0,0,0,0,20,91.26,962,0,0,0,0,21.5,183,3
2010,6,26,20,30,151.96,0.16,3.5,0,0,0,0,20.1,94.4,962,0,0,0,0,21,188,3.1
2010,6,26,21,30,153.06,0.16,3.4000000000000004,0,0,0,1,20.1,97.79,961,0,0,0,0,20.5,195,3.1
2010,6,26,22,30,146.94,0.16,3.2,0,0,0,0,20.200000000000003,100,961,0,0,0,0,20.200000000000003,201,3.1
2010,6,26,23,30,136.57,0.16,3.1,0,0,0,0,20,100,961,0,0,0,0,20,206,3
2010,6,27,0,30,124.29,0.16,3.1,0,0,0,0,19.8,100,961,0,0,0,0,19.8,210,2.8000000000000003
2010,6,27,1,30,111.14,0.16,3.1,0,0,0,0,19.700000000000003,100,961,0,0,0,0,19.700000000000003,213,2.8000000000000003
2010,6,27,2,30,97.58,0.16,3,0,0,0,0,20,100,962,0,0,0,0,20,218,3.1
2010,6,27,3,30,83.72,0.16,3,44,128,58,0,20.200000000000003,94.37,962,44,128,0,58,21.1,219,4
2010,6,27,4,30,70.05,0.16,3.1,104,476,267,3,20.3,83.94,963,123,2,7,124,23.200000000000003,215,5.2
2010,6,27,5,30,56.46,0.16,3.2,134,646,491,3,19.3,68.24,963,206,0,0,207,25.6,211,6
2010,6,27,6,30,43.300000000000004,0.16,3.3000000000000003,173,695,679,1,18.6,58.07,962,173,695,0,679,27.6,209,6.1000000000000005
2010,6,27,7,30,31.25,0.16,3.4000000000000004,185,747,824,3,18.400000000000002,52.33,962,434,70,0,494,29.200000000000003,208,6
2010,6,27,8,30,22.27,0.16,3.6,189,773,904,3,18.400000000000002,48.7,961,477,116,0,585,30.400000000000002,205,6
2010,6,27,9,30,20.88,0.16,3.7,186,779,914,3,18.400000000000002,46.99,960,518,234,0,737,31,203,5.9
2010,6,27,10,30,28.23,0.16,3.8000000000000003,180,762,851,2,18.400000000000002,46.92,959,487,214,0,676,31.1,203,5.7
2010,6,27,11,30,39.71,0.16,3.9000000000000004,167,723,723,0,18.6,48.4,959,167,723,0,723,30.700000000000003,203,5.6000000000000005
2010,6,27,12,30,52.65,0.16,4,147,649,541,7,18.8,52.15,958,269,81,7,319,29.6,201,5.4
2010,6,27,13,30,66.16,0.16,4.1000000000000005,119,505,324,7,19.1,58.410000000000004,959,179,40,0,196,28,196,5
2010,6,27,14,30,79.84,0.16,4.2,68,214,106,3,19.700000000000003,68.46000000000001,960,58,0,0,58,26,190,4.3
2010,6,27,15,30,93.68,0.16,4.3,0,0,0,1,20.400000000000002,78.08,960,0,0,0,0,24.5,184,4.1000000000000005
2010,6,27,16,30,107.31,0.16,4.2,0,0,0,1,20.700000000000003,83.58,961,0,0,0,0,23.6,182,4.2
2010,6,27,17,30,120.61,0.16,4.2,0,0,0,1,20.6,87.61,962,0,0,0,0,22.8,183,3.8000000000000003
2010,6,27,18,30,133.22,0.16,4.1000000000000005,0,0,0,3,20.5,90.87,962,0,0,0,0,22.1,185,3.2
2010,6,27,19,30,144.31,0.16,4,0,0,0,1,20.400000000000002,93.63,963,0,0,0,0,21.5,188,2.9000000000000004
2010,6,27,20,30,151.98,0.16,3.9000000000000004,0,0,0,7,20.3,95.75,962,0,0,0,0,21,194,2.9000000000000004
2010,6,27,21,30,153.11,0.16,3.8000000000000003,0,0,0,7,20.200000000000003,97.24000000000001,962,0,0,0,0,20.700000000000003,200,3.1
2010,6,27,22,30,147,0.16,3.8000000000000003,0,0,0,7,20.3,99.51,961,0,0,0,0,20.400000000000002,206,3.1
2010,6,27,23,30,136.63,0.16,3.8000000000000003,0,0,0,7,20.3,100,961,0,0,0,0,20.3,212,3
2010,6,28,0,30,124.35000000000001,0.16,3.7,0,0,0,8,20.3,100,962,0,0,0,0,20.3,216,2.8000000000000003
2010,6,28,1,30,111.2,0.16,3.7,0,0,0,1,20.200000000000003,100,962,0,0,0,0,20.200000000000003,219,2.7
2010,6,28,2,30,97.63,0.16,3.7,0,0,0,3,20.400000000000002,99.93,962,0,0,0,0,20.400000000000002,221,2.8000000000000003
2010,6,28,3,30,83.77,0.16,3.7,44,81,53,0,20.5,94.66,963,44,81,0,53,21.400000000000002,220,3.6
2010,6,28,4,30,70.09,0.16,3.8000000000000003,114,418,257,0,20.6,85.07000000000001,963,114,418,0,257,23.3,214,4.800000000000001
2010,6,28,5,30,56.5,0.16,3.8000000000000003,146,601,478,0,20.1,71.82000000000001,963,146,601,0,478,25.6,209,5.4
2010,6,28,6,30,43.33,0.16,3.9000000000000004,164,699,673,3,19.700000000000003,62.32,963,390,89,0,455,27.6,206,5.6000000000000005
2010,6,28,7,30,31.26,0.16,4,174,753,818,8,19.5,55.9,962,389,276,0,625,29.200000000000003,204,5.7
2010,6,28,8,30,22.25,0.16,4.1000000000000005,177,780,899,8,19.3,51.660000000000004,962,424,81,0,498,30.400000000000002,203,5.800000000000001
2010,6,28,9,30,20.82,0.16,4.2,198,753,901,7,19.200000000000003,49.39,961,310,543,0,818,31,204,5.800000000000001
2010,6,28,10,30,28.16,0.16,4.3,192,737,842,7,19,48.33,960,345,429,0,724,31.200000000000003,204,5.9
2010,6,28,11,30,39.65,0.16,4.4,175,702,716,7,18.900000000000002,49.050000000000004,959,336,328,0,588,30.8,203,5.800000000000001
2010,6,28,12,30,52.6,0.16,4.5,187,552,522,3,18.900000000000002,51.6,959,350,103,0,412,29.900000000000002,200,5.5
2010,6,28,13,30,66.11,0.16,4.6000000000000005,143,417,311,1,19.1,57.07,959,143,417,0,311,28.400000000000002,193,4.800000000000001
2010,6,28,14,30,79.8,0.16,4.7,74,160,102,0,19.900000000000002,67.44,960,74,160,0,102,26.400000000000002,184,3.9000000000000004
2010,6,28,15,30,93.64,0.16,4.800000000000001,0,0,0,3,20.8,78.49,961,0,0,0,0,24.8,176,3.9000000000000004
2010,6,28,16,30,107.28,0.16,4.800000000000001,0,0,0,0,21.200000000000003,84.79,962,0,0,0,0,23.900000000000002,172,4.1000000000000005
2010,6,28,17,30,120.59,0.16,4.800000000000001,0,0,0,0,21.3,89.56,962,0,0,0,0,23.1,173,3.9000000000000004
2010,6,28,18,30,133.2,0.16,4.6000000000000005,0,0,0,0,21.3,93.39,963,0,0,0,0,22.400000000000002,177,3.5
2010,6,28,19,30,144.31,0.16,4.5,0,0,0,0,21.200000000000003,95.83,963,0,0,0,0,21.900000000000002,184,3.2
2010,6,28,20,30,152.01,0.16,4.4,0,0,0,0,21.200000000000003,97.42,962,0,0,0,0,21.6,191,3.2
2010,6,28,21,30,153.16,0.16,4.3,0,0,0,8,21.3,99.29,962,0,0,0,0,21.400000000000002,197,3.4000000000000004
2010,6,28,22,30,147.07,0.16,4.1000000000000005,0,0,0,0,21.400000000000002,99.87,961,0,0,0,0,21.400000000000002,201,3.6
2010,6,28,23,30,136.69,0.16,4.1000000000000005,0,0,0,3,21.3,100,961,0,0,0,0,21.3,205,3.7
2010,6,29,0,30,124.41,0.16,4,0,0,0,3,21.1,100,961,0,0,0,0,21.1,208,3.5
2010,6,29,1,30,111.25,0.16,3.9000000000000004,0,0,0,3,20.900000000000002,100,962,0,0,0,0,20.900000000000002,209,3.3000000000000003
2010,6,29,2,30,97.68,0.16,3.9000000000000004,0,0,0,0,21,100,962,0,0,0,0,21,209,3.5
2010,6,29,3,30,83.81,0.16,3.8000000000000003,41,162,58,0,21,94.91,963,41,162,0,58,21.900000000000002,209,4.3
2010,6,29,4,30,70.13,0.16,3.8000000000000003,90,526,268,0,20.8,83.82000000000001,963,90,526,0,268,23.700000000000003,206,5.5
2010,6,29,5,30,56.54,0.16,3.8000000000000003,117,681,493,0,19.900000000000002,69.62,963,117,681,0,493,25.900000000000002,204,6
2010,6,29,6,30,43.36,0.16,3.8000000000000003,135,762,688,0,19.3,59.88,963,135,762,0,688,27.8,204,6.1000000000000005
2010,6,29,7,30,31.27,0.16,3.9000000000000004,140,813,835,3,18.900000000000002,52.86,962,449,126,0,556,29.5,205,6.1000000000000005
2010,6,29,8,30,22.23,0.16,3.9000000000000004,140,841,919,0,18.6,48.14,961,140,841,0,919,30.8,206,6
2010,6,29,9,30,20.76,0.16,4,173,795,916,2,18.3,45.49,960,508,167,0,664,31.5,206,5.9
2010,6,29,10,30,28.09,0.16,4.1000000000000005,157,795,858,3,18.2,44.38,960,484,200,0,660,31.8,207,5.800000000000001
2010,6,29,11,30,39.58,0.16,4.2,142,766,733,3,18.2,45.550000000000004,959,215,0,0,215,31.400000000000002,208,5.7
2010,6,29,12,30,52.54,0.16,4.3,123,705,552,3,18.400000000000002,48.38,959,322,193,0,440,30.5,207,5.6000000000000005
2010,6,29,13,30,66.05,0.16,4.4,100,575,333,3,18.6,53.78,959,200,26,0,210,28.900000000000002,205,5.1000000000000005
2010,6,29,14,30,79.75,0.16,4.5,60,297,113,0,19.200000000000003,62.74,960,60,297,0,113,26.900000000000002,201,4.3
2010,6,29,15,30,93.60000000000001,0.16,4.5,0,0,0,8,19.900000000000002,72.56,960,0,0,0,0,25.200000000000003,196,4.1000000000000005
2010,6,29,16,30,107.24000000000001,0.16,4.4,0,0,0,1,20.200000000000003,77.89,961,0,0,0,0,24.3,191,4.3
2010,6,29,17,30,120.56,0.16,4.4,0,0,0,7,20.3,82.51,962,0,0,0,0,23.5,190,4.5
2010,6,29,18,30,133.18,0.16,4.3,0,0,0,7,20.400000000000002,86.96000000000001,963,0,0,0,0,22.700000000000003,191,4.5
2010,6,29,19,30,144.31,0.16,4.2,0,0,0,7,20.5,91.10000000000001,963,0,0,0,0,22,196,4.1000000000000005
2010,6,29,20,30,152.04,0.16,4,0,0,0,3,20.5,94.84,962,0,0,0,0,21.400000000000002,204,3.8000000000000003
2010,6,29,21,30,153.22,0.16,3.8000000000000003,0,0,0,7,20.6,97.31,962,0,0,0,0,21,211,3.8000000000000003
2010,6,29,22,30,147.14000000000001,0.16,3.7,0,0,0,7,20.5,98.73,962,0,0,0,0,20.700000000000003,216,3.9000000000000004
2010,6,29,23,30,136.76,0.16,3.5,0,0,0,7,20.400000000000002,99.89,962,0,0,0,0,20.400000000000002,216,3.9000000000000004
2010,6,30,0,30,124.47,0.16,3.4000000000000004,0,0,0,8,20.3,99.99000000000001,962,0,0,0,0,20.3,217,3.6
2010,6,30,1,30,111.31,0.16,3.3000000000000003,0,0,0,0,20.200000000000003,100,962,0,0,0,0,20.200000000000003,218,3.4000000000000004
2010,6,30,2,30,97.74000000000001,0.16,3.2,0,0,0,3,20.3,99.69,963,0,0,0,0,20.3,216,3.6
2010,6,30,3,30,83.86,0.16,3.2,39,201,60,3,20.3,94.27,964,38,0,7,38,21.3,212,4.5
2010,6,30,4,30,70.17,0.16,3.1,81,577,277,3,20.1,82.48,964,185,90,0,215,23.200000000000003,209,5.9
2010,6,30,5,30,56.57,0.16,3.1,107,718,503,0,18.900000000000002,67.91,964,107,718,0,503,25.200000000000003,208,6.6000000000000005
2010,6,30,6,30,43.38,0.16,3,130,784,699,0,18,57.160000000000004,964,130,784,0,699,27.200000000000003,210,6.800000000000001
2010,6,30,7,30,31.27,0.16,3,132,840,850,0,17,48.28,963,132,840,0,850,29,213,6.800000000000001
2010,6,30,8,30,22.19,0.16,2.9000000000000004,133,868,937,7,15.9,41.26,962,267,624,0,844,30.5,214,6.800000000000001
2010,6,30,9,30,20.7,0.16,2.9000000000000004,161,830,937,7,14.9,36.68,961,313,554,0,831,31.5,216,6.7
2010,6,30,10,30,28.02,0.16,2.9000000000000004,158,813,875,7,14.200000000000001,34.13,960,297,530,0,765,32,216,6.6000000000000005
2010,6,30,11,30,39.52,0.16,3,146,776,745,7,13.700000000000001,33.02,959,287,458,0,640,32,216,6.5
2010,6,30,12,30,52.480000000000004,0.16,3,129,710,561,7,13.600000000000001,34.08,959,216,536,7,543,31.3,215,6.1000000000000005
2010,6,30,13,30,66,0.16,3.1,103,583,340,7,14,38.04,959,184,272,7,294,29.8,213,5.300000000000001
2010,6,30,14,30,79.7,0.16,3.2,61,309,116,7,15.100000000000001,47.160000000000004,959,92,79,7,107,27.3,208,3.9000000000000004
2010,6,30,15,30,93.56,0.16,3.3000000000000003,0,0,0,7,16.8,59.27,960,0,0,0,0,25.3,201,3.4000000000000004
2010,6,30,16,30,107.21000000000001,0.16,3.4000000000000004,0,0,0,7,17.900000000000002,67.08,960,0,0,0,0,24.400000000000002,193,3.8000000000000003
2010,6,30,17,30,120.54,0.16,3.4000000000000004,0,0,0,7,19.1,75.8,961,0,0,0,0,23.6,189,3.9000000000000004
2010,6,30,18,30,133.17000000000002,0.16,3.5,0,0,0,7,20.1,85.2,962,0,0,0,0,22.700000000000003,190,3.7
2010,6,30,19,30,144.32,0.16,3.5,0,0,0,3,20.6,91.35000000000001,962,0,0,0,0,22.1,196,3.7
2010,6,30,20,30,152.08,0.16,3.5,0,0,0,1,20.900000000000002,95.62,962,0,0,0,0,21.6,205,3.6
2010,6,30,21,30,153.29,0.16,3.6,0,0,0,0,21,98.07000000000001,961,0,0,0,0,21.3,212,3.6
2010,6,30,22,30,147.21,0.16,3.7,0,0,0,0,21.1,99.10000000000001,961,0,0,0,0,21.200000000000003,217,3.7
2010,6,30,23,30,136.83,0.16,3.8000000000000003,0,0,0,0,21.1,99.7,961,0,0,0,0,21.1,220,3.8000000000000003
2010,7,1,0,30,124.53,0.16,3.9000000000000004,0,0,0,0,21.1,99.78,961,0,0,0,0,21.1,223,3.7
2010,7,1,1,30,111.37,0.16,4,0,0,0,0,21.1,100,961,0,0,0,0,21.1,226,3.6
2010,7,1,2,30,97.79,0.16,4.1000000000000005,0,0,0,0,21.200000000000003,99.12,962,0,0,0,0,21.3,229,3.8000000000000003
2010,7,1,3,30,83.9,0.16,4.1000000000000005,41,133,55,3,21.3,94.44,962,41,133,5,55,22.200000000000003,228,4.6000000000000005
2010,7,1,4,30,70.21000000000001,0.16,4.1000000000000005,96,492,262,3,21.400000000000002,84.69,962,38,0,7,38,24.1,223,5.7
2010,7,1,5,30,56.6,0.16,4.1000000000000005,120,665,487,1,20.900000000000002,72.11,962,120,665,0,487,26.3,216,6.5
2010,7,1,6,30,43.4,0.16,4.1000000000000005,135,755,684,1,20.5,62.95,962,135,755,0,684,28.200000000000003,213,6.7
2010,7,1,7,30,31.27,0.16,4.2,143,804,830,1,20.200000000000003,56.86,961,143,804,0,830,29.700000000000003,211,6.7
2010,7,1,8,30,22.16,0.16,4.3,146,827,912,1,20.1,52.480000000000004,960,146,827,0,912,30.900000000000002,211,6.7
2010,7,1,9,30,20.62,0.16,4.4,145,831,923,3,19.8,49.77,960,386,5,0,390,31.6,211,6.5
2010,7,1,10,30,27.94,0.16,4.5,141,816,862,3,19.6,49.18,959,428,75,0,495,31.6,211,6.300000000000001
2010,7,1,11,30,39.45,0.16,4.6000000000000005,135,774,733,3,19.6,51.120000000000005,958,372,76,0,431,30.900000000000002,207,6.1000000000000005
2010,7,1,12,30,52.42,0.16,4.7,135,673,546,3,19.900000000000002,55.53,958,334,79,0,383,29.700000000000003,201,5.800000000000001
2010,7,1,13,30,65.95,0.16,4.800000000000001,114,524,327,8,20.200000000000003,62.28,958,193,195,7,272,28.1,194,5.300000000000001
2010,7,1,14,30,79.66,0.16,4.800000000000001,67,233,109,3,20.700000000000003,70.93,959,41,0,0,41,26.400000000000002,189,4.7
2010,7,1,15,30,93.52,0.16,4.800000000000001,0,0,0,0,21.1,78.95,960,0,0,0,0,25,185,4.5
2010,7,1,16,30,107.18,0.16,4.7,0,0,0,1,21.1,83.79,961,0,0,0,0,24,184,4.4
2010,7,1,17,30,120.51,0.16,4.7,0,0,0,0,21,87.13,961,0,0,0,0,23.3,184,4.3
2010,7,1,18,30,133.17000000000002,0.16,4.6000000000000005,0,0,0,0,21.1,90.53,962,0,0,0,0,22.700000000000003,186,4.3
2010,7,1,19,30,144.34,0.16,4.5,0,0,0,0,21.3,94.54,962,0,0,0,0,22.200000000000003,190,4.1000000000000005
2010,7,1,20,30,152.13,0.16,4.5,0,0,0,3,21.5,97.66,962,0,0,0,0,21.900000000000002,195,3.9000000000000004
2010,7,1,21,30,153.37,0.16,4.5,0,0,0,1,21.6,99.09,961,0,0,0,0,21.700000000000003,199,3.8000000000000003
2010,7,1,22,30,147.29,0.16,4.5,0,0,0,3,21.5,99.39,961,0,0,0,0,21.6,203,3.8000000000000003
2010,7,1,23,30,136.91,0.16,4.5,0,0,0,0,21.400000000000002,100,961,0,0,0,0,21.400000000000002,207,3.9000000000000004
2010,7,2,0,30,124.60000000000001,0.16,4.5,0,0,0,1,21.3,100,961,0,0,0,0,21.3,209,3.9000000000000004
2010,7,2,1,30,111.43,0.16,4.5,0,0,0,1,21.200000000000003,100,961,0,0,0,0,21.200000000000003,208,4.1000000000000005
2010,7,2,2,30,97.84,0.16,4.4,0,0,0,1,21.1,99.39,962,0,0,0,0,21.200000000000003,210,4.4
2010,7,2,3,30,83.95,0.16,4.4,42,98,52,3,21,94.83,962,27,0,7,27,21.900000000000002,212,5.2
2010,7,2,4,30,70.25,0.16,4.3,110,424,253,3,20.8,84.64,963,51,0,0,51,23.5,210,6.300000000000001
2010,7,2,5,30,56.63,0.16,4.3,146,597,474,3,20,71.60000000000001,963,195,1,0,196,25.5,208,6.9
2010,7,2,6,30,43.410000000000004,0.16,4.3,178,669,665,3,19.400000000000002,61.56,962,407,125,0,498,27.400000000000002,207,7
2010,7,2,7,30,31.26,0.16,4.3,188,731,812,7,18.900000000000002,54.68,961,387,291,0,636,28.900000000000002,206,6.9
2010,7,2,8,30,22.11,0.16,4.2,192,761,897,3,18.5,49.46,960,450,57,0,503,30.200000000000003,205,6.800000000000001
2010,7,2,9,30,20.54,0.16,4.2,187,772,910,8,18.2,46.6,959,438,203,0,628,31,204,6.7
2010,7,2,10,30,27.86,0.16,4.3,179,759,850,8,18.2,45.6,958,406,83,0,479,31.3,201,6.6000000000000005
2010,7,2,11,30,39.38,0.16,4.4,163,726,724,8,18.2,46.79,958,341,268,7,548,30.900000000000002,198,6.4
2010,7,2,12,30,52.36,0.16,4.5,143,656,544,5,18.5,50.89,958,171,0,0,171,29.700000000000003,194,6.2
2010,7,2,13,30,65.9,0.16,4.6000000000000005,115,520,327,3,19,58.46,959,213,22,0,223,27.900000000000002,190,5.9
2010,7,2,14,30,79.61,0.16,4.7,67,241,110,3,19.700000000000003,69.22,960,28,0,0,28,25.8,184,5.2
2010,7,2,15,30,93.48,0.16,4.7,0,0,0,3,20.400000000000002,79.66,960,0,0,0,0,24.1,180,4.800000000000001
2010,7,2,16,30,107.15,0.16,4.6000000000000005,0,0,0,3,20.700000000000003,86.2,961,0,0,0,0,23.1,178,4.6000000000000005
2010,7,2,17,30,120.5,0.16,4.5,0,0,0,3,20.8,90.44,962,0,0,0,0,22.400000000000002,179,4.4
2010,7,2,18,30,133.16,0.16,4.4,0,0,0,3,20.8,94,962,0,0,0,0,21.8,181,4.2
2010,7,2,19,30,144.36,0.16,4.3,0,0,0,1,20.8,96.63,962,0,0,0,0,21.400000000000002,189,4.1000000000000005
2010,7,2,20,30,152.18,0.16,4.1000000000000005,0,0,0,1,20.8,98.02,961,0,0,0,0,21.1,200,4.2
2010,7,2,21,30,153.45000000000002,0.16,3.9000000000000004,0,0,0,1,20.5,98.99000000000001,961,0,0,0,0,20.700000000000003,208,4.1000000000000005
2010,7,2,22,30,147.38,0.16,3.9000000000000004,0,0,0,3,20.3,99.28,961,0,0,0,0,20.400000000000002,214,3.8000000000000003
2010,7,2,23,30,136.98,0.16,3.8000000000000003,0,0,0,3,20.1,99.65,961,0,0,0,0,20.200000000000003,218,3.7
2010,7,3,0,30,124.67,0.16,3.7,0,0,0,1,20,100,961,0,0,0,0,20,222,3.8000000000000003
2010,7,3,1,30,111.49000000000001,0.16,3.6,0,0,0,0,19.8,100,962,0,0,0,0,19.8,224,3.8000000000000003
2010,7,3,2,30,97.89,0.16,3.5,0,0,0,0,19.700000000000003,99.27,962,0,0,0,0,19.8,226,3.9000000000000004
2010,7,3,3,30,83.99,0.16,3.4000000000000004,40,154,56,3,19.6,93.33,963,38,0,7,38,20.700000000000003,225,5
2010,7,3,4,30,70.28,0.16,3.4000000000000004,92,517,267,3,19.200000000000003,81.16,963,34,0,7,34,22.6,219,6.300000000000001
2010,7,3,5,30,56.65,0.16,3.4000000000000004,116,689,494,3,18.400000000000002,67.78,963,110,0,0,110,24.8,216,6.800000000000001
2010,7,3,6,30,43.42,0.16,3.4000000000000004,128,780,694,3,17.900000000000002,58.35,963,283,3,0,285,26.8,214,6.800000000000001
2010,7,3,7,30,31.25,0.16,3.4000000000000004,135,829,843,3,17.6,51.6,962,378,11,0,387,28.5,211,6.7
2010,7,3,8,30,22.07,0.16,3.4000000000000004,137,853,927,3,17.1,46.17,961,497,181,0,665,29.900000000000002,209,6.7
2010,7,3,9,30,20.46,0.16,3.4000000000000004,152,835,934,3,16.400000000000002,42.050000000000004,960,411,8,0,418,30.8,206,6.6000000000000005
2010,7,3,10,30,27.78,0.16,3.5,143,826,874,3,15.9,39.410000000000004,959,349,2,0,351,31.3,203,6.4
2010,7,3,11,30,39.31,0.16,3.5,134,790,746,3,15.5,38.78,959,362,37,0,391,31.200000000000003,200,6.300000000000001
2010,7,3,12,30,52.300000000000004,0.16,3.6,162,625,544,3,15.4,40.35,958,347,117,0,418,30.400000000000002,197,6.300000000000001
2010,7,3,13,30,65.84,0.16,3.6,132,476,327,5,15.600000000000001,44.56,959,141,1,0,141,28.900000000000002,193,5.9
2010,7,3,14,30,79.57000000000001,0.16,3.7,73,201,109,3,16.3,52.43,959,23,0,0,23,26.8,186,5.2
2010,7,3,15,30,93.45,0.16,3.7,0,0,0,3,17.3,62.980000000000004,960,0,0,0,0,24.8,179,4.800000000000001
2010,7,3,16,30,107.12,0.16,3.7,0,0,0,3,18.1,72.66,961,0,0,0,0,23.3,175,4.5
2010,7,3,17,30,120.48,0.16,3.5,0,0,0,3,18.7,80.92,962,0,0,0,0,22.1,177,4.3
2010,7,3,18,30,133.17000000000002,0.16,3.4000000000000004,0,0,0,3,18.900000000000002,86.82000000000001,962,0,0,0,0,21.200000000000003,184,4
2010,7,3,19,30,144.38,0.16,3.4000000000000004,0,0,0,3,19,91.78,962,0,0,0,0,20.400000000000002,189,3.7
2010,7,3,20,30,152.24,0.16,3.4000000000000004,0,0,0,3,19.1,94.69,962,0,0,0,0,20,189,3.4000000000000004
2010,7,3,21,30,153.54,0.16,3.5,0,0,0,8,19.3,97.33,962,0,0,0,0,19.700000000000003,188,3.4000000000000004
2010,7,3,22,30,147.47,0.16,3.6,0,0,0,7,19.400000000000002,98.16,962,0,0,0,0,19.700000000000003,190,3.5
2010,7,3,23,30,137.06,0.16,3.6,0,0,0,7,19.5,99.18,962,0,0,0,0,19.6,195,3.4000000000000004
2010,7,4,0,30,124.74000000000001,0.16,3.6,0,0,0,0,19.400000000000002,100,962,0,0,0,0,19.400000000000002,202,3.1
2010,7,4,1,30,111.54,0.16,3.6,0,0,0,0,19.3,100,962,0,0,0,0,19.3,209,3.1
2010,7,4,2,30,97.94,0.16,3.6,0,0,0,3,19.3,99.55,963,0,0,0,0,19.400000000000002,215,3.4000000000000004
2010,7,4,3,30,84.03,0.16,3.6,41,121,54,3,19.3,93.66,963,41,0,7,41,20.400000000000002,216,4.4
2010,7,4,4,30,70.32000000000001,0.16,3.6,101,474,260,8,19.1,81.59,963,168,120,0,209,22.400000000000002,212,5.7
2010,7,4,5,30,56.68,0.16,3.6,130,647,485,7,18,66.76,964,231,347,0,422,24.6,210,6.4
2010,7,4,6,30,43.43,0.16,3.6,153,728,681,7,17.1,56.04,963,338,225,0,501,26.6,209,6.5
2010,7,4,7,30,31.240000000000002,0.16,3.7,167,772,827,8,16.7,49.78,962,395,232,0,594,28.200000000000003,208,6.6000000000000005
2010,7,4,8,30,22.01,0.16,3.6,176,793,911,8,16.5,45.99,962,434,192,0,611,29.3,209,6.7
2010,7,4,9,30,20.36,0.16,3.6,184,786,920,7,16.2,43.35,961,409,39,0,446,30,209,6.7
2010,7,4,10,30,27.69,0.16,3.6,179,768,860,7,15.700000000000001,41.65,960,417,90,0,496,30.200000000000003,210,6.7
2010,7,4,11,30,39.230000000000004,0.16,3.5,168,731,734,7,15.200000000000001,40.57,959,142,1,0,143,30.1,209,6.6000000000000005
2010,7,4,12,30,52.24,0.16,3.4000000000000004,149,660,553,7,14.8,40.89,959,208,13,0,215,29.5,206,6.4
2010,7,4,13,30,65.79,0.16,3.4000000000000004,119,525,335,7,14.600000000000001,43.32,960,173,30,0,186,28.200000000000003,201,5.9
2010,7,4,14,30,79.53,0.16,3.4000000000000004,69,250,114,7,14.600000000000001,48.63,960,54,3,7,55,26.3,195,5.300000000000001
2010,7,4,15,30,93.41,0.16,3.5,0,0,0,7,15.200000000000001,56.19,961,0,0,0,0,24.5,189,4.9
2010,7,4,16,30,107.10000000000001,0.16,3.5,0,0,0,7,15.9,64.16,962,0,0,0,0,23,186,4.4
2010,7,4,17,30,120.47,0.16,3.4000000000000004,0,0,0,7,16.6,72.78,963,0,0,0,0,21.700000000000003,186,3.9000000000000004
2010,7,4,18,30,133.17000000000002,0.16,3.4000000000000004,0,0,0,7,17.2,79.66,963,0,0,0,0,20.8,190,3.5
2010,7,4,19,30,144.41,0.16,3.3000000000000003,0,0,0,7,17.6,84.83,963,0,0,0,0,20.200000000000003,196,3.2
2010,7,4,20,30,152.31,0.16,3.4000000000000004,0,0,0,7,17.8,89.63,963,0,0,0,0,19.6,202,3
2010,7,4,21,30,153.63,0.16,3.4000000000000004,0,0,0,7,18,92.46000000000001,962,0,0,0,0,19.3,208,3
2010,7,4,22,30,147.56,0.16,3.5,0,0,0,7,18.3,94.91,962,0,0,0,0,19.1,211,3.2
2010,7,4,23,30,137.15,0.16,3.6,0,0,0,7,18.5,96.45,962,0,0,0,0,19.1,211,3.4000000000000004
2010,7,5,0,30,124.81,0.15,3.6,0,0,0,7,18.8,97.9,962,0,0,0,0,19.1,210,3.4000000000000004
2010,7,5,1,30,111.61,0.15,3.7,0,0,0,3,18.900000000000002,98.89,962,0,0,0,0,19.1,213,3.3000000000000003
2010,7,5,2,30,98,0.15,3.7,0,0,0,3,19,98.44,963,0,0,0,0,19.3,217,3.3000000000000003
2010,7,5,3,30,84.07000000000001,0.15,3.7,42,71,49,8,19.200000000000003,93.51,963,46,3,7,46,20.3,217,4.1000000000000005
2010,7,5,4,30,70.35000000000001,0.15,3.8000000000000003,117,396,250,7,19.5,83.58,964,45,0,0,46,22.400000000000002,211,5.6000000000000005
2010,7,5,5,30,56.7,0.15,3.8000000000000003,156,576,472,8,18.900000000000002,70.67,964,135,3,0,137,24.6,205,6.4
2010,7,5,6,30,43.44,0.15,3.8000000000000003,179,673,668,8,18.3,60.79,964,348,180,0,479,26.5,202,6.6000000000000005
2010,7,5,7,30,31.220000000000002,0.15,3.8000000000000003,194,726,814,8,17.900000000000002,54.01,963,383,316,0,654,28.1,201,6.7
2010,7,5,8,30,21.95,0.15,3.8000000000000003,202,750,897,3,17.7,49.29,962,497,131,0,619,29.400000000000002,203,6.9
2010,7,5,9,30,20.27,0.15,3.9000000000000004,213,737,904,3,17.400000000000002,46.2,961,464,66,0,525,30.200000000000003,204,6.800000000000001
2010,7,5,10,30,27.6,0.15,3.9000000000000004,206,721,845,3,17.2,44.83,960,421,33,0,451,30.5,204,6.7
2010,7,5,11,30,39.160000000000004,0.15,4,197,671,717,5,17.1,45.92,959,218,0,0,218,30,202,6.4
2010,7,5,12,30,52.18,0.15,4.2,214,499,520,3,17.3,50.4,959,123,0,0,123,28.6,197,6.2
2010,7,5,13,30,65.74,0.15,4.3,170,337,309,3,17.8,58.09,960,69,0,0,69,26.700000000000003,190,5.800000000000001
2010,7,5,14,30,79.48,0.15,4.3,82,94,99,3,18.3,67.24,961,5,0,0,5,24.8,184,5.1000000000000005
2010,7,5,15,30,93.38,0.15,4.3,0,0,0,8,18.7,75.42,961,0,0,0,0,23.3,181,4.5
2010,7,5,16,30,107.08,0.15,4.3,0,0,0,8,18.7,79.05,962,0,0,0,0,22.5,179,4.4
2010,7,5,17,30,120.46000000000001,0.15,4.2,0,0,0,1,18.5,81.46000000000001,963,0,0,0,0,21.8,179,4.2
2010,7,5,18,30,133.18,0.15,4.2,0,0,0,0,18.5,84.38,963,0,0,0,0,21.200000000000003,181,3.9000000000000004
2010,7,5,19,30,144.45000000000002,0.15,4.2,0,0,0,8,18.6,87.96000000000001,963,0,0,0,0,20.700000000000003,185,3.8000000000000003
2010,7,5,20,30,152.38,0.15,4.2,0,0,0,3,18.900000000000002,91.94,963,0,0,0,0,20.3,190,3.8000000000000003
2010,7,5,21,30,153.73,0.15,4.2,0,0,0,1,19.200000000000003,95.35000000000001,963,0,0,0,0,20,195,3.9000000000000004
2010,7,5,22,30,147.66,0.15,4.2,0,0,0,1,19.3,97.17,962,0,0,0,0,19.8,198,3.9000000000000004
2010,7,5,23,30,137.23,0.15,4.2,0,0,0,3,19.400000000000002,98.63,962,0,0,0,0,19.6,200,3.9000000000000004
2010,7,6,0,30,124.88000000000001,0.15,4.2,0,0,0,3,19.400000000000002,99.32000000000001,962,0,0,0,0,19.5,201,3.8000000000000003
2010,7,6,1,30,111.67,0.15,4.2,0,0,0,8,19.400000000000002,99.84,962,0,0,0,0,19.400000000000002,203,3.8000000000000003
2010,7,6,2,30,98.05,0.15,4.2,0,0,0,7,19.3,99.01,963,0,0,0,0,19.5,204,3.8000000000000003
2010,7,6,3,30,84.11,0.15,4.2,40,33,43,7,19.3,93.64,963,41,1,7,41,20.400000000000002,202,4.6000000000000005
2010,7,6,4,30,70.38,0.15,4.2,136,308,240,7,19.1,82.8,964,143,16,0,148,22.200000000000003,198,5.6000000000000005
2010,7,6,5,30,56.72,0.15,4.2,185,497,458,1,18.3,69.56,964,185,497,0,458,24.200000000000003,196,6
2010,7,6,6,30,43.44,0.15,4.2,215,600,651,0,17.6,59.95,963,215,600,0,651,26,196,6.1000000000000005
2010,7,6,7,30,31.19,0.15,4.2,232,661,797,3,17.2,53.21,962,389,15,0,401,27.6,198,6
2010,7,6,8,30,21.88,0.15,4.2,239,691,880,3,16.900000000000002,48.64,961,371,2,0,373,28.8,200,6
2010,7,6,9,30,20.16,0.15,4.2,240,697,894,3,16.8,46.050000000000004,960,234,0,0,234,29.6,201,6
2010,7,6,10,30,27.5,0.15,4.3,230,682,835,3,16.7,45.29,959,226,0,0,226,29.8,201,5.9
2010,7,6,11,30,39.08,0.15,4.3,212,643,711,3,16.7,46.7,959,351,17,0,364,29.3,200,5.800000000000001
2010,7,6,12,30,52.11,0.15,4.4,185,565,532,3,16.900000000000002,50.03,959,277,18,0,288,28.3,198,5.6000000000000005
2010,7,6,13,30,65.69,0.15,4.4,145,424,319,3,17.2,55.57,959,44,0,0,44,26.8,196,5.2
2010,7,6,14,30,79.44,0.15,4.4,77,161,107,3,17.6,63.050000000000004,960,33,0,0,33,25.1,190,4.5
2010,7,6,15,30,93.35000000000001,0.15,4.4,0,0,0,3,18.1,70.51,961,0,0,0,0,23.8,184,4.2
2010,7,6,16,30,107.06,0.15,4.4,0,0,0,1,18.400000000000002,76.17,962,0,0,0,0,22.8,179,4.4
2010,7,6,17,30,120.46000000000001,0.15,4.3,0,0,0,3,18.400000000000002,80.3,962,0,0,0,0,22,175,4.3
2010,7,6,18,30,133.19,0.15,4.3,0,0,0,0,18.6,84.9,963,0,0,0,0,21.200000000000003,175,4
2010,7,6,19,30,144.49,0.15,4.2,0,0,0,3,18.7,88.7,963,0,0,0,0,20.6,177,3.8000000000000003
2010,7,6,20,30,152.46,0.15,4.2,0,0,0,0,18.900000000000002,92.82000000000001,962,0,0,0,0,20.1,182,3.7
2010,7,6,21,30,153.84,0.15,4.1000000000000005,0,0,0,0,19.200000000000003,95.95,962,0,0,0,0,19.900000000000002,189,3.7
2010,7,6,22,30,147.76,0.15,4.1000000000000005,0,0,0,0,19.5,98.48,961,0,0,0,0,19.700000000000003,194,3.6
2010,7,6,23,30,137.32,0.15,4,0,0,0,0,19.5,99.44,961,0,0,0,0,19.6,197,3.6
2010,7,7,0,30,124.95,0.15,4,0,0,0,1,19.5,99.84,961,0,0,0,0,19.5,199,3.5
2010,7,7,1,30,111.73,0.15,4,0,0,0,0,19.3,100,962,0,0,0,0,19.3,200,3.5
2010,7,7,2,30,98.10000000000001,0.15,4,0,0,0,0,19.3,99.34,962,0,0,0,0,19.400000000000002,201,3.7
2010,7,7,3,30,84.15,0.15,4,38,24,40,3,19.3,93.83,963,38,24,5,40,20.3,200,4.5
2010,7,7,4,30,70.41,0.15,4,142,281,237,2,19,82.77,963,187,30,0,197,22.1,196,5.6000000000000005
2010,7,7,5,30,56.730000000000004,0.15,4,197,469,454,0,18.2,68.98,963,197,469,0,454,24.3,194,6.2
2010,7,7,6,30,43.44,0.15,4,206,619,656,3,17.8,59.38,963,278,1,0,279,26.3,193,6.5
2010,7,7,7,30,31.16,0.15,4.1000000000000005,224,674,801,3,17.6,53.160000000000004,962,423,40,0,458,28,192,6.7
2010,7,7,8,30,21.81,0.15,4.1000000000000005,234,700,883,3,17.5,49.33,961,369,1,0,370,29.200000000000003,193,6.800000000000001
2010,7,7,9,30,20.05,0.15,4.1000000000000005,217,730,902,3,17.5,47.68,960,260,0,0,260,29.8,192,6.9
2010,7,7,10,30,27.400000000000002,0.15,4.2,214,708,842,3,17.6,48.27,959,124,0,0,124,29.700000000000003,191,6.800000000000001
2010,7,7,11,30,39,0.15,4.3,203,659,715,3,17.8,51.42,959,92,0,0,92,28.8,188,6.800000000000001
2010,7,7,12,30,52.050000000000004,0.15,4.3,180,578,535,3,18,56.160000000000004,959,248,5,0,251,27.5,185,6.7
2010,7,7,13,30,65.64,0.15,4.3,143,433,321,3,18.1,61.86,960,77,0,0,77,26,183,6.300000000000001
2010,7,7,14,30,79.4,0.15,4.2,76,174,108,3,18,67.09,960,5,0,0,5,24.5,181,5.5
2010,7,7,15,30,93.32000000000001,0.15,4.1000000000000005,0,0,0,3,17.8,71.51,961,0,0,0,0,23.200000000000003,178,4.9
2010,7,7,16,30,107.04,0.15,4,0,0,0,3,17.5,74.93,962,0,0,0,0,22.200000000000003,177,4.4
2010,7,7,17,30,120.45,0.15,3.8000000000000003,0,0,0,3,17.5,78.98,963,0,0,0,0,21.3,180,3.9000000000000004
2010,7,7,18,30,133.21,0.15,3.7,0,0,0,3,17.5,82.94,963,0,0,0,0,20.5,184,3.6
2010,7,7,19,30,144.53,0.15,3.5,0,0,0,0,17.6,86.92,963,0,0,0,0,19.8,188,3.4000000000000004
2010,7,7,20,30,152.55,0.15,3.5,0,0,0,0,17.6,90.10000000000001,963,0,0,0,0,19.3,191,3.3000000000000003
2010,7,7,21,30,153.95000000000002,0.15,3.5,0,0,0,0,17.6,92.42,962,0,0,0,0,18.900000000000002,196,3.3000000000000003
2010,7,7,22,30,147.87,0.15,3.5,0,0,0,0,17.7,93.86,962,0,0,0,0,18.7,199,3.2
2010,7,7,23,30,137.41,0.15,3.6,0,0,0,0,17.8,95.04,962,0,0,0,0,18.6,202,3.1
2010,7,8,0,30,125.03,0.15,3.7,0,0,0,0,17.900000000000002,96.59,963,0,0,0,0,18.5,205,3
2010,7,8,1,30,111.79,0.15,3.7,0,0,0,3,18.1,97.53,963,0,0,0,0,18.5,208,3
2010,7,8,2,30,98.15,0.15,3.8000000000000003,0,0,0,3,18.3,97.37,964,0,0,0,0,18.7,210,3.4000000000000004
2010,7,8,3,30,84.19,0.15,3.8000000000000003,37,19,39,3,18.5,92.7,964,37,19,5,39,19.700000000000003,210,4.3
2010,7,8,4,30,70.44,0.15,3.8000000000000003,143,280,237,3,18.8,83.46000000000001,964,178,12,0,182,21.700000000000003,207,5.5
2010,7,8,5,30,56.75,0.15,3.9000000000000004,187,496,459,4,18.400000000000002,70.73,964,220,4,0,223,24,204,6.4
2010,7,8,6,30,43.44,0.15,3.9000000000000004,210,614,655,3,17.7,60.160000000000004,964,354,29,0,375,26,204,6.7
2010,7,8,7,30,31.13,0.15,3.9000000000000004,221,681,804,3,17.3,53.32,963,394,12,0,404,27.700000000000003,205,6.800000000000001
2010,7,8,8,30,21.73,0.15,4,225,714,888,3,17,48.28,962,449,38,0,484,29,205,6.800000000000001
2010,7,8,9,30,19.93,0.15,4,224,721,902,3,16.7,45.57,961,424,13,0,435,29.700000000000003,204,6.6000000000000005
2010,7,8,10,30,27.3,0.15,4.1000000000000005,219,702,843,3,16.6,45.4,960,273,0,0,273,29.700000000000003,201,6.4
2010,7,8,11,30,38.92,0.15,4.2,204,659,717,3,16.7,47.15,960,267,1,0,267,29.1,197,6.2
2010,7,8,12,30,51.99,0.15,4.2,179,582,538,3,16.8,50.54,960,25,0,0,25,28,192,5.9
2010,7,8,13,30,65.59,0.15,4.3,142,437,323,3,17,55.800000000000004,960,14,0,0,14,26.5,186,5.4
2010,7,8,14,30,79.37,0.15,4.3,77,171,108,8,17.3,63.02,961,21,0,7,21,24.8,181,4.9
2010,7,8,15,30,93.29,0.15,4.3,0,0,0,8,17.6,70.10000000000001,962,0,0,0,0,23.400000000000002,178,4.5
2010,7,8,16,30,107.03,0.15,4.3,0,0,0,7,17.8,75.47,963,0,0,0,0,22.3,178,4.3
2010,7,8,17,30,120.45,0.15,4.3,0,0,0,6,17.8,80.2,963,0,0,0,0,21.400000000000002,181,4
2010,7,8,18,30,133.23,0.15,4.2,0,0,0,7,17.900000000000002,83.7,963,0,0,0,0,20.8,187,3.6
2010,7,8,19,30,144.59,0.15,4.2,0,0,0,7,18.2,87.58,963,0,0,0,0,20.3,194,3.4000000000000004
2010,7,8,20,30,152.64000000000001,0.15,4.2,0,0,0,8,18.400000000000002,89.99,962,0,0,0,0,20.1,199,3.6
2010,7,8,21,30,154.07,0.15,4.1000000000000005,0,0,0,3,18.7,92.54,962,0,0,0,0,19.900000000000002,203,3.7
2010,7,8,22,30,147.98,0.15,4.1000000000000005,0,0,0,3,18.8,94.13,962,0,0,0,0,19.8,204,3.8000000000000003
2010,7,8,23,30,137.5,0.15,4.1000000000000005,0,0,0,3,18.900000000000002,95.26,962,0,0,0,0,19.700000000000003,205,3.8000000000000003
2010,7,9,0,30,125.10000000000001,0.14,4.1000000000000005,0,0,0,3,19,97.10000000000001,962,0,0,0,0,19.5,207,3.5
2010,7,9,1,30,111.85000000000001,0.14,4,0,0,0,3,19.1,98.36,963,0,0,0,0,19.400000000000002,209,3.1
2010,7,9,2,30,98.2,0.14,3.9000000000000004,0,0,0,7,19.200000000000003,98.04,963,0,0,0,0,19.5,212,3.1
2010,7,9,3,30,84.23,0.14,3.8000000000000003,40,63,47,7,19.200000000000003,92.36,963,41,1,7,41,20.5,210,4.2
2010,7,9,4,30,70.46000000000001,0.14,3.8000000000000003,116,398,249,7,19,80.95,964,57,1,0,57,22.400000000000002,206,5.6000000000000005
2010,7,9,5,30,56.76,0.14,3.7,149,592,474,7,18.1,66.97,964,241,52,0,270,24.6,203,6.300000000000001
2010,7,9,6,30,43.43,0.14,3.7,197,639,661,7,17.400000000000002,57.26,963,336,140,0,438,26.5,202,6.4
2010,7,9,7,30,31.09,0.14,3.7,204,710,812,7,16.900000000000002,50.230000000000004,962,404,197,0,572,28.200000000000003,202,6.5
2010,7,9,8,30,21.64,0.14,3.7,204,748,899,3,16.6,45.7,961,511,131,0,633,29.5,201,6.6000000000000005
2010,7,9,9,30,19.81,0.14,3.8000000000000003,204,751,911,3,16.5,43.4,960,204,0,0,204,30.3,202,6.6000000000000005
2010,7,9,10,30,27.2,0.14,3.8000000000000003,198,736,852,5,16.400000000000002,42.64,959,142,0,0,142,30.5,201,6.6000000000000005
2010,7,9,11,30,38.84,0.14,3.9000000000000004,187,691,725,8,16.2,42.76,958,310,27,0,331,30.3,201,6.5
2010,7,9,12,30,51.92,0.14,3.9000000000000004,168,610,544,8,16.1,45,958,275,62,0,313,29.3,198,6.4
2010,7,9,13,30,65.54,0.14,3.9000000000000004,136,464,328,5,16.3,50,959,141,0,0,141,27.700000000000003,195,6
2010,7,9,14,30,79.33,0.14,3.9000000000000004,75,193,111,5,16.7,57.02,960,5,0,0,5,25.900000000000002,192,5.300000000000001
2010,7,9,15,30,93.27,0.14,3.9000000000000004,0,0,0,3,17.3,64.52,960,0,0,0,0,24.400000000000002,189,4.7
2010,7,9,16,30,107.02,0.14,3.9000000000000004,0,0,0,3,17.7,70.92,961,0,0,0,0,23.3,186,4.2
2010,7,9,17,30,120.46000000000001,0.14,3.8000000000000003,0,0,0,8,18.1,77.37,962,0,0,0,0,22.3,185,3.8000000000000003
2010,7,9,18,30,133.26,0.14,3.7,0,0,0,8,18.5,83.42,962,0,0,0,0,21.400000000000002,187,3.7
2010,7,9,19,30,144.64000000000001,0.14,3.7,0,0,0,8,18.8,88.67,962,0,0,0,0,20.700000000000003,192,3.7
2010,7,9,20,30,152.73,0.14,3.7,0,0,0,8,19.1,92.59,962,0,0,0,0,20.3,198,4
2010,7,9,21,30,154.20000000000002,0.14,3.7,0,0,0,3,19.3,95.06,961,0,0,0,0,20.1,205,4.1000000000000005
2010,7,9,22,30,148.1,0.14,3.8000000000000003,0,0,0,3,19.400000000000002,96.99000000000001,961,0,0,0,0,19.900000000000002,211,4
2010,7,9,23,30,137.59,0.14,3.8000000000000003,0,0,0,0,19.5,97.94,961,0,0,0,0,19.8,215,3.7
2010,7,10,0,30,125.18,0.14,3.9000000000000004,0,0,0,0,19.5,98.94,961,0,0,0,0,19.700000000000003,217,3.4000000000000004
2010,7,10,1,30,111.91,0.14,3.9000000000000004,0,0,0,3,19.6,98.88,962,0,0,0,0,19.8,215,3.4000000000000004
2010,7,10,2,30,98.24000000000001,0.14,3.9000000000000004,0,0,0,3,19.700000000000003,98.09,962,0,0,0,0,20,211,3.7
2010,7,10,3,30,84.26,0.14,3.9000000000000004,39,45,44,3,19.900000000000002,93.81,963,30,0,7,30,20.900000000000002,206,4.6000000000000005
2010,7,10,4,30,70.49,0.14,3.8000000000000003,127,349,243,3,19.8,83.38,963,65,0,7,65,22.8,201,5.7
2010,7,10,5,30,56.77,0.14,3.8000000000000003,171,535,464,3,19.1,70.27,963,290,26,0,304,24.900000000000002,196,6.4
2010,7,10,6,30,43.42,0.14,3.8000000000000003,198,636,660,3,18.400000000000002,60.03,962,207,0,0,207,26.8,195,6.4
2010,7,10,7,30,31.05,0.14,3.8000000000000003,213,695,808,3,17.900000000000002,52.99,961,286,1,0,286,28.400000000000002,195,6.4
2010,7,10,8,30,21.55,0.14,3.8000000000000003,218,726,893,3,17.5,47.93,960,479,70,0,544,29.700000000000003,197,6.4
2010,7,10,9,30,19.68,0.14,3.8000000000000003,258,675,893,3,17.2,44.97,959,396,5,0,400,30.5,198,6.300000000000001
2010,7,10,10,30,27.09,0.14,3.8000000000000003,252,655,834,3,17,43.480000000000004,958,415,19,0,432,30.900000000000002,199,6.1000000000000005
2010,7,10,11,30,38.76,0.14,3.8000000000000003,235,608,709,3,17,44.51,958,104,0,0,104,30.400000000000002,198,6
2010,7,10,12,30,51.86,0.14,3.8000000000000003,253,423,515,7,17,47.910000000000004,958,246,18,0,257,29.200000000000003,195,5.9
2010,7,10,13,30,65.49,0.14,3.8000000000000003,192,271,305,8,17.3,53.09,958,40,0,7,40,27.700000000000003,190,5.5
2010,7,10,14,30,79.3,0.14,3.8000000000000003,84,63,95,3,17.6,59.97,959,5,0,0,5,26,183,5
2010,7,10,15,30,93.25,0.14,3.8000000000000003,0,0,0,3,18,67.32000000000001,959,0,0,0,0,24.5,178,4.7
2010,7,10,16,30,107.01,0.14,3.8000000000000003,0,0,0,7,18.3,72.97,960,0,0,0,0,23.400000000000002,175,4.7
2010,7,10,17,30,120.46000000000001,0.14,3.7,0,0,0,3,18.400000000000002,77.43,961,0,0,0,0,22.5,175,4.6000000000000005
2010,7,10,18,30,133.29,0.14,3.7,0,0,0,1,18.400000000000002,81.96000000000001,961,0,0,0,0,21.6,178,4.1000000000000005
2010,7,10,19,30,144.70000000000002,0.14,3.6,0,0,0,8,18.6,86.77,961,0,0,0,0,20.900000000000002,182,3.7
2010,7,10,20,30,152.84,0.14,3.5,0,0,0,0,18.900000000000002,90.84,961,0,0,0,0,20.400000000000002,187,3.7
2010,7,10,21,30,154.33,0.14,3.5,0,0,0,3,19.1,93.23,961,0,0,0,0,20.200000000000003,192,3.8000000000000003
2010,7,10,22,30,148.22,0.14,3.4000000000000004,0,0,0,3,19.200000000000003,95.03,960,0,0,0,0,20,196,3.6
2010,7,10,23,30,137.69,0.14,3.4000000000000004,0,0,0,3,19.3,96.74000000000001,961,0,0,0,0,19.8,198,3.2
2010,7,11,0,30,125.25,0.14,3.5,0,0,0,3,19.3,97.65,961,0,0,0,0,19.700000000000003,200,2.9000000000000004
2010,7,11,1,30,111.97,0.14,3.5,0,0,0,3,19.400000000000002,98.03,962,0,0,0,0,19.700000000000003,203,2.6
2010,7,11,2,30,98.29,0.14,3.6,0,0,0,3,19.400000000000002,97.23,962,0,0,0,0,19.900000000000002,207,2.5
2010,7,11,3,30,84.3,0.14,3.7,35,17,37,3,19.6,93.23,963,35,17,5,37,20.700000000000003,208,3.2
2010,7,11,4,30,70.51,0.14,3.7,146,263,234,3,19.6,84.7,963,123,2,7,124,22.3,205,4.5
2010,7,11,5,30,56.77,0.14,3.8000000000000003,197,468,454,3,19.200000000000003,74.23,963,154,0,7,154,24.1,203,5.4
2010,7,11,6,30,43.4,0.14,3.8000000000000003,212,610,655,3,18.7,64.32000000000001,963,276,2,0,277,26,201,5.7
2010,7,11,7,30,31,0.14,3.8000000000000003,223,678,805,3,18.3,56.17,962,490,122,0,595,27.8,201,6
2010,7,11,8,30,21.45,0.14,3.8000000000000003,227,714,891,0,17.900000000000002,49.93,961,227,714,0,891,29.400000000000002,200,6.2
2010,7,11,9,30,19.55,0.14,3.8000000000000003,233,711,903,2,17.5,46.08,960,540,168,0,699,30.400000000000002,201,6.300000000000001
2010,7,11,10,30,26.98,0.14,3.8000000000000003,230,688,843,2,17.2,44.62,959,493,124,0,603,30.6,201,6.300000000000001
2010,7,11,11,30,38.68,0.14,3.8000000000000003,217,641,717,3,17.1,45.28,959,418,79,0,479,30.200000000000003,200,6.2
2010,7,11,12,30,51.800000000000004,0.14,3.8000000000000003,191,560,537,3,17.1,47.730000000000004,959,303,33,0,323,29.3,197,6
2010,7,11,13,30,65.44,0.14,3.8000000000000003,150,418,324,2,17.1,52.32,959,183,10,0,188,27.8,193,5.5
2010,7,11,14,30,79.26,0.14,3.8000000000000003,79,162,109,3,17.400000000000002,59.050000000000004,959,22,0,0,22,26,187,4.6000000000000005
2010,7,11,15,30,93.23,0.14,3.7,0,0,0,0,18,67.08,960,0,0,0,0,24.5,180,4.1000000000000005
2010,7,11,16,30,107,0.14,3.7,0,0,0,0,18.5,73.55,960,0,0,0,0,23.5,175,4.2
2010,7,11,17,30,120.48,0.14,3.7,0,0,0,0,18.900000000000002,80.34,961,0,0,0,0,22.5,172,4.2
2010,7,11,18,30,133.32,0.14,3.6,0,0,0,0,19.3,86.4,961,0,0,0,0,21.700000000000003,172,4
2010,7,11,19,30,144.77,0.14,3.6,0,0,0,0,19.700000000000003,92.05,962,0,0,0,0,21,173,3.6
2010,7,11,20,30,152.95000000000002,0.14,3.5,0,0,0,0,19.900000000000002,96.02,962,0,0,0,0,20.6,175,3.1
2010,7,11,21,30,154.46,0.14,3.5,0,0,0,0,20.1,98.34,961,0,0,0,0,20.400000000000002,178,2.8000000000000003
2010,7,11,22,30,148.34,0.14,3.4000000000000004,0,0,0,0,20.200000000000003,99.69,961,0,0,0,0,20.3,179,3
2010,7,11,23,30,137.79,0.14,3.4000000000000004,0,0,0,0,20.3,100,961,0,0,0,0,20.3,180,2.9000000000000004
2010,7,12,0,30,125.33,0.14,3.4000000000000004,0,0,0,0,20.200000000000003,100,961,0,0,0,0,20.200000000000003,181,2.7
2010,7,12,1,30,112.03,0.14,3.3000000000000003,0,0,0,0,20.1,100,962,0,0,0,0,20.1,182,2.7
2010,7,12,2,30,98.34,0.14,3.3000000000000003,0,0,0,0,20.3,100,962,0,0,0,0,20.3,184,3.1
2010,7,12,3,30,84.33,0.14,3.2,39,73,46,0,20.3,95.14,962,39,73,0,46,21.1,186,4.3
2010,7,12,4,30,70.53,0.14,3.2,113,413,250,3,19.900000000000002,82.63,963,11,0,0,11,23,188,5.5
2010,7,12,5,30,56.78,0.14,3.2,149,597,476,1,19,68.64,963,149,597,0,476,25.200000000000003,190,5.9
2010,7,12,6,30,43.38,0.14,3.2,172,695,677,0,18.3,58.04,962,172,695,0,677,27.3,193,5.9
2010,7,12,7,30,30.95,0.14,3.2,186,747,827,0,17.8,50.81,962,186,747,0,827,29,195,5.9
2010,7,12,8,30,21.35,0.14,3.1,193,774,914,0,17.1,44.76,961,193,774,0,914,30.400000000000002,196,5.7
2010,7,12,9,30,19.41,0.14,3.1,199,771,926,0,16.2,40.36,960,199,771,0,926,31.3,196,5.6000000000000005
2010,7,12,10,30,26.86,0.14,3.1,191,758,868,0,15.5,37.72,960,191,758,0,868,31.700000000000003,196,5.6000000000000005
2010,7,12,11,30,38.59,0.14,3,178,723,743,0,15,36.57,959,178,723,0,743,31.6,195,5.5
2010,7,12,12,30,51.730000000000004,0.14,3,135,703,570,0,14.5,37.03,958,135,703,0,570,30.900000000000002,192,5.4
2010,7,12,13,30,65.4,0.14,2.9000000000000004,106,589,351,3,14.4,39.65,959,156,4,0,158,29.5,187,5
2010,7,12,14,30,79.23,0.14,2.9000000000000004,62,338,125,3,14.600000000000001,46.1,959,21,0,0,21,27.200000000000003,177,4.2
2010,7,12,15,30,93.21000000000001,0.14,3,0,0,0,3,15.4,55.550000000000004,960,0,0,0,0,24.900000000000002,165,4
2010,7,12,16,30,107,0.14,3,0,0,0,3,15.8,62.84,961,0,0,0,0,23.3,160,4.2
2010,7,12,17,30,120.49000000000001,0.14,3.1,0,0,0,0,16.400000000000002,71.01,962,0,0,0,0,21.900000000000002,159,4
2010,7,12,18,30,133.36,0.14,3.2,0,0,0,0,17.1,78.74,962,0,0,0,0,20.900000000000002,161,3.8000000000000003
2010,7,12,19,30,144.84,0.14,3.3000000000000003,0,0,0,0,17.8,85.56,962,0,0,0,0,20.3,163,3.6
2010,7,12,20,30,153.07,0.14,3.4000000000000004,0,0,0,0,18.400000000000002,91.27,962,0,0,0,0,19.900000000000002,168,3.4000000000000004
2010,7,12,21,30,154.61,0.14,3.4000000000000004,0,0,0,0,18.900000000000002,95.58,961,0,0,0,0,19.6,175,3.4000000000000004
2010,7,12,22,30,148.46,0.14,3.5,0,0,0,0,19.200000000000003,97.26,961,0,0,0,0,19.6,180,3.4000000000000004
2010,7,12,23,30,137.89000000000001,0.14,3.5,0,0,0,1,19.3,98.07000000000001,961,0,0,0,0,19.6,184,3.7
2010,7,13,0,30,125.41,0.14,3.4000000000000004,0,0,0,1,19.3,98.95,961,0,0,0,0,19.5,188,3.8000000000000003
2010,7,13,1,30,112.09,0.14,3.3000000000000003,0,0,0,3,19.3,99.51,961,0,0,0,0,19.400000000000002,191,3.5
2010,7,13,2,30,98.38,0.14,3.3000000000000003,0,0,0,0,19.3,98.12,962,0,0,0,0,19.6,193,3.4000000000000004
2010,7,13,3,30,84.36,0.14,3.2,39,109,50,0,19.200000000000003,91.17,962,39,109,0,50,20.700000000000003,194,4.2
2010,7,13,4,30,70.55,0.14,3.3000000000000003,99,479,258,3,18.6,77.59,963,49,0,7,49,22.700000000000003,195,5.300000000000001
2010,7,13,5,30,56.78,0.14,3.3000000000000003,125,662,488,3,17.6,63.75,963,220,6,0,223,24.900000000000002,197,5.7
2010,7,13,6,30,43.36,0.14,3.5,137,758,688,3,16.8,53.56,963,363,74,0,417,27,199,5.9
2010,7,13,7,30,30.900000000000002,0.14,3.6,152,796,835,3,16.3,46.77,962,275,1,0,275,28.8,201,6
2010,7,13,8,30,21.240000000000002,0.14,3.7,164,808,917,3,16.1,43.13,961,459,85,0,538,30,201,6
2010,7,13,9,30,19.26,0.14,3.7,170,804,929,7,16,41.25,960,401,320,0,704,30.700000000000003,202,5.9
2010,7,13,10,30,26.75,0.14,3.8000000000000003,159,798,872,7,16,41.35,959,411,92,7,493,30.6,203,6
2010,7,13,11,30,38.51,0.14,3.8000000000000003,142,775,748,8,16,42.71,959,332,79,7,394,30.1,203,6.1000000000000005
2010,7,13,12,30,51.67,0.14,3.8000000000000003,122,718,568,7,16.2,45.14,958,252,57,7,287,29.3,200,6
2010,7,13,13,30,65.35,0.14,3.8000000000000003,98,602,349,7,16.400000000000002,49.35,959,169,47,7,189,28,196,5.6000000000000005
2010,7,13,14,30,79.2,0.14,3.7,59,345,124,8,16.6,54.45,959,94,88,7,111,26.5,189,5
2010,7,13,15,30,93.19,0.14,3.7,0,0,0,7,16.8,59.52,960,0,0,0,0,25.200000000000003,182,4.800000000000001
2010,7,13,16,30,106.99000000000001,0.14,3.6,0,0,0,7,16.7,63.870000000000005,961,0,0,0,0,24,177,5
2010,7,13,17,30,120.51,0.14,3.5,0,0,0,7,16.7,68.95,961,0,0,0,0,22.700000000000003,176,4.9
2010,7,13,18,30,133.4,0.14,3.3000000000000003,0,0,0,7,17,76.01,962,0,0,0,0,21.400000000000002,178,4.5
2010,7,13,19,30,144.92000000000002,0.14,3.2,0,0,0,8,17.7,83.75,962,0,0,0,0,20.5,183,4.2
2010,7,13,20,30,153.19,0.14,3.1,0,0,0,1,18.400000000000002,90.28,961,0,0,0,0,20,189,4.1000000000000005
2010,7,13,21,30,154.75,0.14,3.1,0,0,0,0,18.8,94.75,961,0,0,0,0,19.700000000000003,194,4.2
2010,7,13,22,30,148.59,0.14,3.1,0,0,0,1,19,96.35000000000001,960,0,0,0,0,19.6,198,3.9000000000000004
2010,7,13,23,30,137.99,0.14,3.2,0,0,0,3,19.1,98.02,960,0,0,0,0,19.400000000000002,201,3.6
2010,7,14,0,30,125.49000000000001,0.14,3.2,0,0,0,1,19.1,98.94,960,0,0,0,0,19.3,203,3.4000000000000004
2010,7,14,1,30,112.15,0.14,3.3000000000000003,0,0,0,1,19.1,99.43,960,0,0,0,0,19.200000000000003,206,3.3000000000000003
2010,7,14,2,30,98.43,0.14,3.3000000000000003,0,0,0,3,19.1,97.98,961,0,0,0,0,19.400000000000002,209,3.5
2010,7,14,3,30,84.39,0.14,3.4000000000000004,35,188,54,3,19.1,92.27,962,26,0,7,26,20.400000000000002,209,4.5
2010,7,14,4,30,70.56,0.14,3.5,76,578,269,1,19.1,81.43,963,76,578,0,269,22.400000000000002,206,5.800000000000001
2010,7,14,5,30,56.78,0.14,3.7,96,734,498,3,18.6,68.65,963,158,0,0,158,24.700000000000003,202,6.4
2010,7,14,6,30,43.34,0.14,3.8000000000000003,111,806,697,3,18.1,58.69,962,347,75,0,401,26.900000000000002,198,6.6000000000000005
2010,7,14,7,30,30.84,0.14,3.9000000000000004,122,841,845,3,17.8,51.53,962,396,35,0,426,28.8,196,6.7
2010,7,14,8,30,21.12,0.14,4,129,857,929,3,17.5,46.7,960,396,8,0,403,30.1,194,6.7
2010,7,14,9,30,19.11,0.14,4.1000000000000005,156,821,931,3,17.2,43.86,959,476,138,0,606,30.900000000000002,192,6.7
2010,7,14,10,30,26.63,0.14,4.1000000000000005,149,811,874,3,17,43.660000000000004,958,108,0,0,108,30.8,190,6.6000000000000005
2010,7,14,11,30,38.42,0.14,4.2,138,778,747,3,17,45.5,958,372,55,0,415,30.1,188,6.5
2010,7,14,12,30,51.61,0.14,4.2,144,664,557,2,17.3,49.13,958,338,162,0,439,29.1,187,6.300000000000001
2010,7,14,13,30,65.31,0.14,4.3,115,534,339,2,17.7,54.79,958,223,50,0,244,27.6,184,5.9
2010,7,14,14,30,79.17,0.14,4.3,69,256,117,3,18.1,62.53,959,46,0,7,46,25.8,179,5.300000000000001
2010,7,14,15,30,93.18,0.14,4.3,0,0,0,0,18.6,70.12,960,0,0,0,0,24.400000000000002,174,4.9
2010,7,14,16,30,107,0.14,4.2,0,0,0,1,19,76.15,961,0,0,0,0,23.400000000000002,170,4.800000000000001
2010,7,14,17,30,120.53,0.14,4.2,0,0,0,3,19.200000000000003,81.60000000000001,961,0,0,0,0,22.5,170,4.6000000000000005
2010,7,14,18,30,133.44,0.14,4.1000000000000005,0,0,0,1,19.5,86.55,961,0,0,0,0,21.8,172,4.3
2010,7,14,19,30,145,0.14,4.1000000000000005,0,0,0,0,19.8,91.36,961,0,0,0,0,21.3,175,4
2010,7,14,20,30,153.32,0.14,4.1000000000000005,0,0,0,1,20.1,95.37,961,0,0,0,0,20.900000000000002,179,3.9000000000000004
2010,7,14,21,30,154.91,0.14,4,0,0,0,0,20.200000000000003,96.91,960,0,0,0,0,20.700000000000003,185,3.7
2010,7,14,22,30,148.73,0.14,4,0,0,0,0,20.200000000000003,98.19,960,0,0,0,0,20.5,190,3.4000000000000004
2010,7,14,23,30,138.09,0.14,4,0,0,0,0,20.200000000000003,99.12,960,0,0,0,0,20.3,195,3.2
2010,7,15,0,30,125.56,0.14,4,0,0,0,1,20.1,100,961,0,0,0,0,20.1,198,3.1
2010,7,15,1,30,112.21000000000001,0.14,3.9000000000000004,0,0,0,0,20,100,961,0,0,0,0,20,200,3
2010,7,15,2,30,98.47,0.14,3.9000000000000004,0,0,0,0,20,98.73,962,0,0,0,0,20.200000000000003,201,3.2
2010,7,15,3,30,84.42,0.14,3.9000000000000004,34,191,53,3,20,91.78,963,27,0,7,27,21.400000000000002,200,4.3
2010,7,15,4,30,70.58,0.14,3.9000000000000004,76,571,266,0,19.5,78.45,963,76,571,0,266,23.5,197,5.4
2010,7,15,5,30,56.77,0.14,3.9000000000000004,97,728,496,0,18.8,65.69,963,97,728,0,496,25.700000000000003,195,5.7
2010,7,15,6,30,43.31,0.14,3.9000000000000004,110,805,696,0,18.3,56.72,963,110,805,0,696,27.700000000000003,193,5.9
2010,7,15,7,30,30.77,0.14,3.9000000000000004,119,847,847,1,18,50.68,962,119,847,0,847,29.3,192,5.9
2010,7,15,8,30,21,0.14,4,122,867,932,2,17.7,46.27,961,492,180,0,660,30.5,190,6
2010,7,15,9,30,18.96,0.14,4,122,871,946,3,17.3,43.43,960,412,11,0,423,31.200000000000003,189,6
2010,7,15,10,30,26.51,0.14,4,120,858,887,3,17.1,42.6,959,445,123,0,555,31.3,189,6.1000000000000005
2010,7,15,11,30,38.34,0.14,3.9000000000000004,113,827,762,3,16.900000000000002,43.15,959,351,22,0,368,30.900000000000002,188,6.1000000000000005
2010,7,15,12,30,51.550000000000004,0.14,3.9000000000000004,103,764,578,3,16.900000000000002,45.56,959,228,0,0,228,29.900000000000002,187,6.1000000000000005
2010,7,15,13,30,65.27,0.14,3.9000000000000004,86,644,356,3,16.900000000000002,49.84,959,157,5,7,159,28.400000000000002,184,5.7
2010,7,15,14,30,79.14,0.14,3.9000000000000004,56,379,127,2,17.1,55.300000000000004,960,43,0,0,43,26.8,179,5.1000000000000005
2010,7,15,15,30,93.16,0.14,3.8000000000000003,0,0,0,2,17.400000000000002,61.33,960,0,0,0,0,25.400000000000002,175,4.5
2010,7,15,16,30,107,0.14,3.8000000000000003,0,0,0,1,17.8,67.14,961,0,0,0,0,24.3,173,4.1000000000000005
2010,7,15,17,30,120.55,0.14,3.7,0,0,0,0,18.3,73.79,962,0,0,0,0,23.200000000000003,174,3.9000000000000004
2010,7,15,18,30,133.49,0.14,3.7,0,0,0,0,18.7,80,962,0,0,0,0,22.3,177,3.7
2010,7,15,19,30,145.09,0.14,3.6,0,0,0,0,19.1,86.07000000000001,962,0,0,0,0,21.5,181,3.4000000000000004
2010,7,15,20,30,153.45000000000002,0.14,3.6,0,0,0,0,19.400000000000002,91.08,962,0,0,0,0,20.900000000000002,188,3.1
2010,7,15,21,30,155.07,0.14,3.6,0,0,0,0,19.6,94.65,962,0,0,0,0,20.5,196,3.1
2010,7,15,22,30,148.86,0.14,3.6,0,0,0,0,19.700000000000003,95.99000000000001,961,0,0,0,0,20.400000000000002,204,3.1
2010,7,15,23,30,138.19,0.14,3.6,0,0,0,0,19.8,97.48,961,0,0,0,0,20.200000000000003,212,3
2010,7,16,0,30,125.64,0.14,3.6,0,0,0,0,19.8,98.41,962,0,0,0,0,20.1,219,2.6
2010,7,16,1,30,112.27,0.14,3.6,0,0,0,0,19.900000000000002,99.08,962,0,0,0,0,20,223,2.3000000000000003
2010,7,16,2,30,98.51,0.14,3.6,0,0,0,0,19.900000000000002,97.92,963,0,0,0,0,20.200000000000003,226,2.6
2010,7,16,3,30,84.45,0.14,3.5,33,215,54,0,19.900000000000002,89.92,963,33,215,0,54,21.6,222,3.9000000000000004
2010,7,16,4,30,70.59,0.14,3.5,70,605,272,1,19.6,77.3,964,70,605,0,272,23.8,214,5.2
2010,7,16,5,30,56.77,0.14,3.5,87,761,504,3,19.1,65.5,964,179,0,0,179,26.1,210,5.6000000000000005
2010,7,16,6,30,43.28,0.14,3.5,89,854,710,3,18.900000000000002,56.63,963,340,46,0,374,28.3,207,5.7
2010,7,16,7,30,30.71,0.14,3.5,96,891,862,1,18.7,50.53,962,96,891,0,862,30.1,204,5.800000000000001
2010,7,16,8,30,20.87,0.14,3.5,101,907,948,3,18.6,46.480000000000004,961,442,57,0,495,31.400000000000002,203,5.9
2010,7,16,9,30,18.8,0.14,3.6,119,881,954,1,18.400000000000002,43.85,960,119,881,0,954,32.300000000000004,202,5.9
2010,7,16,10,30,26.38,0.14,3.7,119,863,892,0,18.400000000000002,42.87,959,119,863,0,892,32.6,200,5.800000000000001
2010,7,16,11,30,38.25,0.14,3.8000000000000003,116,823,763,0,18.3,43.77,959,116,823,0,763,32.2,197,5.800000000000001
2010,7,16,12,30,51.49,0.14,3.9000000000000004,108,752,576,3,18.3,46.37,959,332,87,0,386,31.200000000000003,193,5.800000000000001
2010,7,16,13,30,65.22,0.14,4.1000000000000005,90,631,354,0,18.6,51.61,959,90,631,0,354,29.6,188,5.7
2010,7,16,14,30,79.12,0.14,4.1000000000000005,55,383,127,0,19.1,59.69,960,55,383,0,127,27.6,183,5.4
2010,7,16,15,30,93.15,0.14,4.1000000000000005,0,0,0,0,19.5,67.35,961,0,0,0,0,26,179,5.1000000000000005
2010,7,16,16,30,107.01,0.14,4,0,0,0,0,19.700000000000003,72.89,961,0,0,0,0,24.900000000000002,177,5
2010,7,16,17,30,120.58,0.14,3.9000000000000004,0,0,0,0,19.900000000000002,77.71000000000001,962,0,0,0,0,24,177,4.9
2010,7,16,18,30,133.55,0.14,3.8000000000000003,0,0,0,0,20.1,82.99,962,0,0,0,0,23.1,179,4.800000000000001
2010,7,16,19,30,145.18,0.14,3.6,0,0,0,0,20.400000000000002,88.82000000000001,963,0,0,0,0,22.3,183,4.4
2010,7,16,20,30,153.59,0.14,3.5,0,0,0,0,20.700000000000003,93.84,962,0,0,0,0,21.700000000000003,188,3.9000000000000004
2010,7,16,21,30,155.23,0.14,3.4000000000000004,0,0,0,0,20.900000000000002,96.69,962,0,0,0,0,21.400000000000002,196,3.6
2010,7,16,22,30,149,0.14,3.4000000000000004,0,0,0,0,20.900000000000002,98.03,962,0,0,0,0,21.200000000000003,202,3.4000000000000004
2010,7,16,23,30,138.3,0.14,3.3000000000000003,0,0,0,0,20.8,98.96000000000001,961,0,0,0,0,21,207,3
2010,7,17,0,30,125.72,0.14,3.3000000000000003,0,0,0,0,20.8,100,962,0,0,0,0,20.8,211,2.8000000000000003
2010,7,17,1,30,112.33,0.14,3.3000000000000003,0,0,0,0,20.700000000000003,100,962,0,0,0,0,20.700000000000003,213,2.9000000000000004
2010,7,17,2,30,98.55,0.14,3.3000000000000003,0,0,0,0,20.700000000000003,98.85000000000001,962,0,0,0,0,20.900000000000002,215,3.2
2010,7,17,3,30,84.47,0.14,3.3000000000000003,27,344,60,0,20.700000000000003,90.65,963,27,344,0,60,22.3,212,4.4
2010,7,17,4,30,70.60000000000001,0.14,3.3000000000000003,54,689,283,3,20.200000000000003,76.86,963,28,0,0,28,24.5,207,5.4
2010,7,17,5,30,56.75,0.14,3.3000000000000003,67,820,516,0,19.5,64.36,964,67,820,0,516,26.8,204,5.7
2010,7,17,6,30,43.24,0.14,3.4000000000000004,76,881,718,1,19,55.550000000000004,963,76,881,0,718,28.8,204,5.800000000000001
2010,7,17,7,30,30.63,0.14,3.5,83,912,867,2,18.8,49.92,963,439,243,0,648,30.400000000000002,204,6
2010,7,17,8,30,20.740000000000002,0.14,3.6,86,926,953,3,18.5,45.77,961,470,168,0,628,31.6,206,6.1000000000000005
2010,7,17,9,30,18.63,0.14,3.6,87,928,967,1,18.2,42.980000000000004,960,87,928,0,967,32.4,207,6.1000000000000005
2010,7,17,10,30,26.26,0.14,3.7,86,915,906,1,18,41.83,960,86,915,0,906,32.6,206,6.1000000000000005
2010,7,17,11,30,38.160000000000004,0.14,3.8000000000000003,83,884,778,1,17.7,41.800000000000004,959,83,884,0,778,32.300000000000004,204,6.1000000000000005
2010,7,17,12,30,51.43,0.14,3.9000000000000004,78,824,592,1,17.5,43.61,959,78,824,0,592,31.400000000000002,200,6
2010,7,17,13,30,65.18,0.14,3.9000000000000004,67,717,368,0,17.6,47.61,959,67,717,0,368,29.900000000000002,195,5.7
2010,7,17,14,30,79.10000000000001,0.14,4,45,469,134,0,17.900000000000002,54.35,960,45,469,0,134,28,189,5.2
2010,7,17,15,30,93.15,0.14,4,0,0,0,1,18.5,61.07,961,0,0,0,0,26.6,182,4.9
2010,7,17,16,30,107.02,0.14,4,0,0,0,0,18.900000000000002,67.06,961,0,0,0,0,25.5,178,5.1000000000000005
2010,7,17,17,30,120.61,0.14,3.9000000000000004,0,0,0,0,19.3,73.36,962,0,0,0,0,24.400000000000002,178,5.2
2010,7,17,18,30,133.61,0.14,3.8000000000000003,0,0,0,0,19.700000000000003,80.41,963,0,0,0,0,23.3,180,5.2
2010,7,17,19,30,145.28,0.14,3.6,0,0,0,0,20.200000000000003,87.36,963,0,0,0,0,22.400000000000002,184,4.9
2010,7,17,20,30,153.74,0.14,3.5,0,0,0,0,20.6,92.75,963,0,0,0,0,21.8,188,4.5
2010,7,17,21,30,155.4,0.14,3.3000000000000003,0,0,0,0,20.8,96.24000000000001,962,0,0,0,0,21.400000000000002,193,4.1000000000000005
2010,7,17,22,30,149.14000000000001,0.14,3.3000000000000003,0,0,0,0,20.8,97.71000000000001,962,0,0,0,0,21.200000000000003,196,4
2010,7,17,23,30,138.4,0.14,3.2,0,0,0,0,20.8,98.16,962,0,0,0,0,21.1,198,3.9000000000000004
2010,7,18,0,30,125.8,0.14,3.2,0,0,0,0,20.8,98.66,963,0,0,0,0,21,200,3.7
2010,7,18,1,30,112.38,0.14,3.2,0,0,0,0,20.700000000000003,99.02,963,0,0,0,0,20.900000000000002,200,3.6
2010,7,18,2,30,98.59,0.14,3.2,0,0,0,0,20.700000000000003,97.72,964,0,0,0,0,21.1,199,3.9000000000000004
2010,7,18,3,30,84.49,0.14,3.2,27,334,59,0,20.700000000000003,90.42,964,27,334,0,59,22.3,196,4.7
2010,7,18,4,30,70.60000000000001,0.14,3.2,56,679,282,0,19.900000000000002,75.99,965,56,679,0,282,24.400000000000002,194,5.6000000000000005
2010,7,18,5,30,56.74,0.14,3.2,71,810,516,0,19,62.980000000000004,965,71,810,0,516,26.6,193,6.1000000000000005
2010,7,18,6,30,43.21,0.14,3.2,85,868,717,0,18.400000000000002,54.36,964,85,868,0,717,28.5,193,6.300000000000001
2010,7,18,7,30,30.560000000000002,0.14,3.3000000000000003,91,902,868,3,17.900000000000002,47.89,963,431,131,0,544,30.200000000000003,193,6.5
2010,7,18,8,30,20.6,0.14,3.3000000000000003,94,921,956,1,17.400000000000002,43.01,962,94,921,0,956,31.5,193,6.7
2010,7,18,9,30,18.46,0.14,3.3000000000000003,95,923,970,3,16.8,39.56,961,292,1,0,292,32.300000000000004,193,6.800000000000001
2010,7,18,10,30,26.13,0.14,3.3000000000000003,92,913,911,3,16.3,37.6,960,440,125,0,552,32.6,193,7
2010,7,18,11,30,38.08,0.14,3.4000000000000004,87,884,782,3,15.9,37.33,960,378,96,0,453,32.300000000000004,192,7.1000000000000005
2010,7,18,12,30,51.370000000000005,0.14,3.4000000000000004,79,830,597,3,15.600000000000001,38.730000000000004,960,47,0,0,47,31.3,191,7
2010,7,18,13,30,65.15,0.14,3.3000000000000003,67,727,373,3,15.3,41.75,960,229,81,0,263,29.700000000000003,188,6.800000000000001
2010,7,18,14,30,79.07000000000001,0.14,3.3000000000000003,44,494,138,3,15,46.18,961,15,0,0,15,27.6,183,6.2
2010,7,18,15,30,93.14,0.14,3.2,0,0,0,3,14.8,51.160000000000004,962,0,0,0,0,25.6,177,5.4
2010,7,18,16,30,107.03,0.14,3.1,0,0,0,3,15,57,963,0,0,0,0,24,174,4.9
2010,7,18,17,30,120.64,0.14,3,0,0,0,5,15.8,64.93,964,0,0,0,0,22.700000000000003,176,4.6000000000000005
2010,7,18,18,30,133.67000000000002,0.14,2.9000000000000004,0,0,0,3,17.1,74.97,964,0,0,0,0,21.700000000000003,181,4.2
2010,7,18,19,30,145.38,0.14,2.9000000000000004,0,0,0,0,18.3,83.94,965,0,0,0,0,21.1,188,4.1000000000000005
2010,7,18,20,30,153.89000000000001,0.14,3,0,0,0,3,19,89.52,964,0,0,0,0,20.8,193,4
2010,7,18,21,30,155.58,0.14,3.2,0,0,0,5,19.400000000000002,92.8,964,0,0,0,0,20.6,197,4
2010,7,18,22,30,149.29,0.14,3.3000000000000003,0,0,0,3,19.6,94.71000000000001,964,0,0,0,0,20.5,199,4.1000000000000005
2010,7,18,23,30,138.51,0.14,3.3000000000000003,0,0,0,0,19.8,96.68,964,0,0,0,0,20.3,199,3.9000000000000004
2010,7,19,0,30,125.88000000000001,0.14,3.4000000000000004,0,0,0,0,19.8,98.21000000000001,964,0,0,0,0,20.1,200,3.5
2010,7,19,1,30,112.44,0.14,3.5,0,0,0,0,19.8,99.41,965,0,0,0,0,19.900000000000002,200,3.3000000000000003
2010,7,19,2,30,98.63,0.14,3.5,0,0,0,0,19.700000000000003,97.73,965,0,0,0,0,20.1,201,3.6
2010,7,19,3,30,84.51,0.14,3.5,30,283,57,3,19.6,89.65,966,38,1,7,38,21.400000000000002,200,4.9
2010,7,19,4,30,70.61,0.14,3.5,62,647,277,1,18.900000000000002,75.61,966,62,647,0,277,23.5,198,6.2
2010,7,19,5,30,56.730000000000004,0.14,3.5,79,783,509,0,18.1,62.81,966,79,783,0,509,25.700000000000003,196,6.800000000000001
2010,7,19,6,30,43.160000000000004,0.14,3.5,91,851,712,0,17.400000000000002,53.870000000000005,965,91,851,0,712,27.6,196,7.1000000000000005
2010,7,19,7,30,30.48,0.14,3.6,98,887,862,0,17,47.82,964,98,887,0,862,29.200000000000003,195,7.2
2010,7,19,8,30,20.45,0.14,3.7,102,903,948,3,16.8,43.94,963,441,130,0,563,30.400000000000002,195,7.2
2010,7,19,9,30,18.28,0.14,3.7,131,865,952,3,16.7,41.92,962,226,0,0,226,31.1,196,7.2
2010,7,19,10,30,26,0.14,3.8000000000000003,126,853,892,3,16.6,41.49,961,371,5,0,375,31.200000000000003,196,7.2
2010,7,19,11,30,37.99,0.14,3.8000000000000003,115,826,766,3,16.5,42.49,960,120,0,0,120,30.700000000000003,196,7.2
2010,7,19,12,30,51.31,0.14,3.9000000000000004,114,740,576,3,16.6,45.69,960,180,0,0,180,29.5,195,7.1000000000000005
2010,7,19,13,30,65.11,0.14,3.9000000000000004,96,613,354,3,16.8,50.74,960,75,0,0,75,27.900000000000002,195,6.800000000000001
2010,7,19,14,30,79.06,0.14,3.9000000000000004,61,341,125,3,17,56.6,961,5,0,0,5,26.3,193,6.1000000000000005
2010,7,19,15,30,93.14,0.14,3.9000000000000004,0,0,0,3,17.2,61.54,961,0,0,0,0,25.1,190,5.4
2010,7,19,16,30,107.05,0.14,3.8000000000000003,0,0,0,3,17.3,65.57000000000001,962,0,0,0,0,24.200000000000003,187,4.9
2010,7,19,17,30,120.68,0.14,3.7,0,0,0,3,17.400000000000002,69.66,962,0,0,0,0,23.3,184,4.4
2010,7,19,18,30,133.73,0.14,3.6,0,0,0,3,17.6,74.71000000000001,963,0,0,0,0,22.3,183,4
2010,7,19,19,30,145.48,0.14,3.5,0,0,0,3,17.8,79.54,963,0,0,0,0,21.5,187,3.6
2010,7,19,20,30,154.05,0.14,3.4000000000000004,0,0,0,3,18.1,84.69,963,0,0,0,0,20.8,194,3.5
2010,7,19,21,30,155.76,0.14,3.4000000000000004,0,0,0,1,18.400000000000002,89.11,963,0,0,0,0,20.3,201,3.7
2010,7,19,22,30,149.44,0.14,3.5,0,0,0,3,18.7,91.4,962,0,0,0,0,20.1,205,4.1000000000000005
2010,7,19,23,30,138.62,0.14,3.5,0,0,0,8,18.7,92.35000000000001,962,0,0,0,0,20,207,4.2
2010,7,20,0,30,125.95,0.13,3.5,0,0,0,3,18.8,94.02,963,0,0,0,0,19.8,208,4.1000000000000005
2010,7,20,1,30,112.5,0.13,3.5,0,0,0,0,18.900000000000002,96.51,963,0,0,0,0,19.5,211,3.7
2010,7,20,2,30,98.67,0.13,3.5,0,0,0,0,19,96.41,963,0,0,0,0,19.6,214,3.5
2010,7,20,3,30,84.53,0.13,3.6,34,194,52,0,19.1,89.34,964,34,194,0,52,20.900000000000002,213,4.5
2010,7,20,4,30,70.61,0.13,3.6,69,611,272,0,18.400000000000002,74.54,964,69,611,0,272,23.200000000000003,207,5.9
2010,7,20,5,30,56.71,0.13,3.7,82,772,506,3,17.5,61.53,964,296,85,0,343,25.400000000000002,205,6.5
2010,7,20,6,30,43.12,0.13,3.8000000000000003,93,843,708,0,17,53.11,964,93,843,0,708,27.400000000000002,204,6.800000000000001
2010,7,20,7,30,30.39,0.13,3.9000000000000004,102,876,858,3,16.6,46.94,963,439,142,0,561,29.1,204,7.1000000000000005
2010,7,20,8,30,20.3,0.13,4,109,889,942,7,16.3,42.83,962,360,373,0,710,30.3,205,7.300000000000001
2010,7,20,9,30,18.1,0.13,4,114,886,956,3,15.9,40.31,960,315,1,0,316,31,206,7.300000000000001
2010,7,20,10,30,25.87,0.13,4.1000000000000005,115,866,894,3,15.8,39.730000000000004,960,353,3,0,356,31.1,206,7.2
2010,7,20,11,30,37.910000000000004,0.13,4.1000000000000005,112,828,766,3,15.8,41.08,959,360,39,0,391,30.5,204,7.1000000000000005
2010,7,20,12,30,51.26,0.13,4.1000000000000005,104,761,580,3,15.8,43.34,959,212,1,0,212,29.6,203,6.9
2010,7,20,13,30,65.07000000000001,0.13,4.1000000000000005,89,636,357,7,15.700000000000001,46.46,959,185,173,7,258,28.3,201,6.6000000000000005
2010,7,20,14,30,79.04,0.13,4,58,366,127,8,15.5,49.980000000000004,960,30,0,7,30,26.8,199,6
2010,7,20,15,30,93.14,0.13,3.9000000000000004,0,0,0,7,15.3,53.14,960,0,0,0,0,25.5,194,5.4
2010,7,20,16,30,107.07000000000001,0.13,3.9000000000000004,0,0,0,7,15.200000000000001,56.75,961,0,0,0,0,24.3,188,5.1000000000000005
2010,7,20,17,30,120.72,0.13,3.9000000000000004,0,0,0,7,15.3,61.06,962,0,0,0,0,23.200000000000003,185,4.800000000000001
2010,7,20,18,30,133.8,0.13,3.8000000000000003,0,0,0,4,15.700000000000001,66.86,962,0,0,0,0,22.200000000000003,187,4.6000000000000005
2010,7,20,19,30,145.6,0.13,3.7,0,0,0,7,16.5,74.12,963,0,0,0,0,21.3,192,4.4
2010,7,20,20,30,154.22,0.13,3.6,0,0,0,7,17.2,79.86,962,0,0,0,0,20.8,197,4.3
2010,7,20,21,30,155.95000000000002,0.13,3.6,0,0,0,5,17.7,84.4,962,0,0,0,0,20.400000000000002,201,4.4
2010,7,20,22,30,149.59,0.13,3.6,0,0,0,8,17.8,86.29,961,0,0,0,0,20.200000000000003,203,4.4
2010,7,20,23,30,138.73,0.13,3.6,0,0,0,4,17.900000000000002,87.82000000000001,961,0,0,0,0,20,202,4.2
2010,7,21,0,30,126.03,0.14,3.6,0,0,0,4,18,90.19,962,0,0,0,0,19.700000000000003,201,4.1000000000000005
2010,7,21,1,30,112.55,0.14,3.6,0,0,0,4,18.1,91.25,962,0,0,0,0,19.6,200,4.1000000000000005
2010,7,21,2,30,98.7,0.14,3.6,0,0,0,4,18.1,91.33,962,0,0,0,0,19.6,199,4.3
2010,7,21,3,30,84.55,0.14,3.7,37,118,48,4,18.2,85.34,963,21,0,7,21,20.700000000000003,198,5.2
2010,7,21,4,30,70.61,0.14,3.7,92,503,259,4,17.6,73.13,964,20,0,0,20,22.700000000000003,196,6.4
2010,7,21,5,30,56.69,0.14,3.8000000000000003,120,670,488,4,16.7,60.26,964,241,17,0,250,24.900000000000002,197,7.1000000000000005
2010,7,21,6,30,43.07,0.14,3.8000000000000003,136,758,690,3,16.1,52.22,964,379,89,0,444,26.700000000000003,200,7.4
2010,7,21,7,30,30.3,0.14,3.9000000000000004,144,808,842,3,15.4,45.51,963,419,103,0,508,28.3,203,7.4
2010,7,21,8,30,20.150000000000002,0.14,3.9000000000000004,146,834,929,7,14.700000000000001,40.28,962,367,393,0,736,29.6,205,7.5
2010,7,21,9,30,17.91,0.14,3.9000000000000004,187,778,928,7,14,36.42,961,409,326,0,720,30.6,207,7.5
2010,7,21,10,30,25.740000000000002,0.14,3.9000000000000004,191,749,866,8,13.5,34.19,960,410,73,0,476,31.1,208,7.6000000000000005
2010,7,21,11,30,37.82,0.14,3.9000000000000004,186,700,739,8,13.100000000000001,33.660000000000004,959,356,63,0,406,30.900000000000002,207,7.5
2010,7,21,12,30,51.2,0.14,3.8000000000000003,161,636,559,4,12.8,34.550000000000004,959,97,0,0,97,30.1,204,7.300000000000001
2010,7,21,13,30,65.04,0.14,3.8000000000000003,126,509,341,8,12.600000000000001,36.76,959,23,0,0,23,28.8,199,6.800000000000001
2010,7,21,14,30,79.03,0.14,3.8000000000000003,71,258,120,5,12.5,40.28,959,5,0,0,5,27.200000000000003,192,6.2
2010,7,21,15,30,93.15,0.14,3.8000000000000003,0,0,0,4,12.9,45.35,960,0,0,0,0,25.6,186,5.9
2010,7,21,16,30,107.09,0.14,3.8000000000000003,0,0,0,7,13.600000000000001,51.26,961,0,0,0,0,24.3,185,5.6000000000000005
2010,7,21,17,30,120.77,0.14,3.9000000000000004,0,0,0,8,14.5,58.61,962,0,0,0,0,23.1,184,5
2010,7,21,18,30,133.88,0.14,3.9000000000000004,0,0,0,5,15.600000000000001,66.16,962,0,0,0,0,22.200000000000003,185,4.5
2010,7,21,19,30,145.71,0.14,3.9000000000000004,0,0,0,4,16.6,74.07000000000001,963,0,0,0,0,21.400000000000002,190,4.3
2010,7,21,20,30,154.39000000000001,0.14,4,0,0,0,8,17.400000000000002,80.55,962,0,0,0,0,20.900000000000002,194,4.1000000000000005
2010,7,21,21,30,156.14000000000001,0.14,4.1000000000000005,0,0,0,4,18.1,85.67,962,0,0,0,0,20.6,199,4.1000000000000005
2010,7,21,22,30,149.74,0.14,4.2,0,0,0,4,18.5,89.64,962,0,0,0,0,20.3,202,3.9000000000000004
2010,7,21,23,30,138.84,0.14,4.2,0,0,0,4,18.8,92.64,962,0,0,0,0,20,203,3.6
2010,7,22,0,30,126.11,0.14,4.2,0,0,0,4,18.900000000000002,94.61,962,0,0,0,0,19.8,203,3.5
2010,7,22,1,30,112.60000000000001,0.14,4.2,0,0,0,5,19,95.54,962,0,0,0,0,19.700000000000003,202,3.3000000000000003
2010,7,22,2,30,98.73,0.14,4.3,0,0,0,5,19,95.26,963,0,0,0,0,19.8,202,3.4000000000000004
2010,7,22,3,30,84.56,0.14,4.4,37,95,46,3,19.1,90.56,963,37,0,7,37,20.700000000000003,199,4.3
2010,7,22,4,30,70.60000000000001,0.14,4.4,102,449,251,3,19,81.67,963,114,2,7,114,22.3,196,5.5
2010,7,22,5,30,56.660000000000004,0.14,4.4,135,622,477,8,18.5,70.97,963,259,162,0,349,24.1,195,6.4
2010,7,22,6,30,43.02,0.14,4.4,155,715,678,8,17.8,60.38,963,337,158,0,453,26.1,197,7
2010,7,22,7,30,30.21,0.14,4.3,161,776,832,7,17.1,51.79,962,369,303,0,632,27.900000000000002,201,7.300000000000001
2010,7,22,8,30,19.990000000000002,0.14,4.1000000000000005,160,812,922,7,16.2,44.910000000000004,961,377,310,0,668,29.400000000000002,204,7.4
2010,7,22,9,30,17.72,0.14,4,155,824,941,7,15,39.17,960,368,24,0,391,30.400000000000002,207,7.4
2010,7,22,10,30,25.61,0.14,3.9000000000000004,152,813,885,7,13.600000000000001,35.32,959,360,24,0,382,30.700000000000003,208,7.2
2010,7,22,11,30,37.74,0.14,3.9000000000000004,147,769,756,7,12.9,34.33,958,219,4,0,223,30.400000000000002,208,7.1000000000000005
2010,7,22,12,30,51.15,0.14,3.9000000000000004,133,699,572,7,13,36.230000000000004,958,170,6,0,174,29.5,205,6.9
2010,7,22,13,30,65.01,0.14,4,107,575,350,8,13.600000000000001,40.75,959,6,0,0,6,28.200000000000003,201,6.6000000000000005
2010,7,22,14,30,79.01,0.14,4,64,315,124,7,14.3,46.18,959,7,0,7,7,26.8,193,6.2
2010,7,22,15,30,93.15,0.14,4,0,0,0,3,14.700000000000001,51.46,960,0,0,0,0,25.400000000000002,185,5.9
2010,7,22,16,30,107.11,0.14,4,0,0,0,3,14.9,56.4,962,0,0,0,0,24.1,181,5.5
2010,7,22,17,30,120.82000000000001,0.14,4,0,0,0,8,15.3,62.27,963,0,0,0,0,22.900000000000002,181,5
2010,7,22,18,30,133.96,0.14,4,0,0,0,3,16.1,69.56,963,0,0,0,0,21.900000000000002,185,4.6000000000000005
2010,7,22,19,30,145.83,0.14,4,0,0,0,5,16.900000000000002,76.65,963,0,0,0,0,21.200000000000003,189,4.2
2010,7,22,20,30,154.56,0.14,3.9000000000000004,0,0,0,5,17.5,82.13,963,0,0,0,0,20.700000000000003,195,4
2010,7,22,21,30,156.34,0.14,4,0,0,0,4,17.8,85.15,963,0,0,0,0,20.400000000000002,200,3.7
2010,7,22,22,30,149.9,0.14,4,0,0,0,4,17.900000000000002,87.28,962,0,0,0,0,20.1,204,3.3000000000000003
2010,7,22,23,30,138.94,0.14,4,0,0,0,4,18,88.74,962,0,0,0,0,19.900000000000002,207,3.3000000000000003
2010,7,23,0,30,126.18,0.15,3.9000000000000004,0,0,0,4,18,90.04,962,0,0,0,0,19.700000000000003,209,3.3000000000000003
2010,7,23,1,30,112.65,0.15,3.9000000000000004,0,0,0,3,18.1,91.68,962,0,0,0,0,19.5,209,3.3000000000000003
2010,7,23,2,30,98.77,0.15,3.8000000000000003,0,0,0,8,18.3,91.95,963,0,0,0,0,19.6,212,3.6
2010,7,23,3,30,84.58,0.15,3.8000000000000003,37,60,42,4,18.5,88.04,963,29,0,7,29,20.5,213,4.5
2010,7,23,4,30,70.60000000000001,0.15,3.8000000000000003,116,387,245,3,18.3,77.69,963,29,0,7,29,22.400000000000002,210,5.7
2010,7,23,5,30,56.64,0.15,3.8000000000000003,153,580,473,3,17.400000000000002,64.15,964,309,92,7,359,24.6,208,6.5
2010,7,23,6,30,42.96,0.15,3.8000000000000003,144,742,686,7,16.6,53.65,963,258,480,0,609,26.8,208,6.800000000000001
2010,7,23,7,30,30.11,0.15,3.8000000000000003,139,817,846,0,16,46.06,962,139,817,0,846,28.700000000000003,209,7.1000000000000005
2010,7,23,8,30,19.82,0.15,3.8000000000000003,137,851,937,7,15.4,40.64,961,257,591,0,813,30.200000000000003,210,7.2
2010,7,23,9,30,17.52,0.15,3.8000000000000003,144,845,949,7,14.9,37.44,960,294,556,0,824,31.1,210,7.300000000000001
2010,7,23,10,30,25.47,0.15,3.9000000000000004,137,834,890,7,14.5,36,959,344,412,0,716,31.400000000000002,210,7.2
2010,7,23,11,30,37.65,0.15,3.9000000000000004,133,792,761,7,14.3,36.480000000000004,959,348,99,0,427,30.900000000000002,208,7
2010,7,23,12,30,51.1,0.15,4,124,714,573,8,14.3,38.980000000000004,959,128,2,7,129,29.700000000000003,205,6.6000000000000005
2010,7,23,13,30,64.98,0.15,4,104,579,349,7,14.4,42.62,959,108,4,0,110,28.3,200,6.1000000000000005
2010,7,23,14,30,79,0.15,4,64,309,123,5,14.600000000000001,46.86,960,71,0,0,71,26.900000000000002,192,5.5
2010,7,23,15,30,93.16,0.15,3.9000000000000004,0,0,0,7,14.8,51.03,961,0,0,0,0,25.700000000000003,183,5.300000000000001
2010,7,23,16,30,107.14,0.15,3.9000000000000004,0,0,0,8,15,55.1,962,0,0,0,0,24.6,178,5.4
2010,7,23,17,30,120.87,0.15,3.9000000000000004,0,0,0,8,15.200000000000001,59.6,962,0,0,0,0,23.5,178,5.2
2010,7,23,18,30,134.04,0.15,3.9000000000000004,0,0,0,0,15.700000000000001,65.62,963,0,0,0,0,22.5,181,4.800000000000001
2010,7,23,19,30,145.96,0.15,3.8000000000000003,0,0,0,8,16.5,72.53,963,0,0,0,0,21.700000000000003,186,4.4
2010,7,23,20,30,154.75,0.15,3.7,0,0,0,0,17.3,79,963,0,0,0,0,21.1,191,4
2010,7,23,21,30,156.54,0.15,3.7,0,0,0,0,17.8,84.21000000000001,962,0,0,0,0,20.6,196,3.8000000000000003
2010,7,23,22,30,150.05,0.15,3.7,0,0,0,0,18.2,87.53,962,0,0,0,0,20.3,201,3.7
2010,7,23,23,30,139.05,0.15,3.7,0,0,0,1,18.400000000000002,90.26,962,0,0,0,0,20,206,3.5
2010,7,24,0,30,126.26,0.15,3.8000000000000003,0,0,0,0,18.5,92.11,962,0,0,0,0,19.8,208,3.5
2010,7,24,1,30,112.7,0.15,3.8000000000000003,0,0,0,3,18.6,93.42,962,0,0,0,0,19.700000000000003,210,3.6
2010,7,24,2,30,98.8,0.15,3.9000000000000004,0,0,0,3,18.7,93.96000000000001,962,0,0,0,0,19.700000000000003,211,3.9000000000000004
2010,7,24,3,30,84.59,0.15,3.9000000000000004,35,40,39,3,18.8,88.83,963,28,0,7,28,20.700000000000003,210,4.9
2010,7,24,4,30,70.59,0.15,4,126,340,239,3,18.3,77.27,964,68,0,7,68,22.5,207,6.1000000000000005
2010,7,24,5,30,56.61,0.15,4,175,523,463,0,17.2,64.01,964,175,523,0,463,24.5,207,6.800000000000001
2010,7,24,6,30,42.910000000000004,0.15,4.1000000000000005,207,624,664,0,16.3,53.69,963,207,624,0,664,26.5,209,7.2
2010,7,24,7,30,30.01,0.15,4.1000000000000005,222,685,815,3,15.600000000000001,46.47,962,485,107,0,578,28.200000000000003,212,7.5
2010,7,24,8,30,19.650000000000002,0.15,4,223,722,903,3,15.3,41.53,961,546,175,0,710,29.700000000000003,213,7.6000000000000005
2010,7,24,9,30,17.32,0.15,4,223,732,922,3,15,38.2,960,486,86,0,568,30.900000000000002,212,7.7
2010,7,24,10,30,25.34,0.15,4,216,717,864,7,14.8,37.11,959,432,241,0,650,31.200000000000003,210,7.5
2010,7,24,11,30,37.57,0.15,4.1000000000000005,200,677,737,8,14.700000000000001,38.19,959,147,1,7,148,30.6,206,7.300000000000001
2010,7,24,12,30,51.050000000000004,0.15,4.1000000000000005,185,582,551,7,14.8,41.03,959,184,6,0,188,29.400000000000002,202,7.1000000000000005
2010,7,24,13,30,64.96000000000001,0.15,4.2,146,440,333,7,15,45.01,959,103,3,0,104,28,197,6.800000000000001
2010,7,24,14,30,79,0.15,4.2,79,177,113,3,15.200000000000001,50.21,960,67,0,0,68,26.400000000000002,193,6.300000000000001
2010,7,24,15,30,93.17,0.15,4.2,0,0,0,3,15.600000000000001,55.85,961,0,0,0,0,25,190,5.9
2010,7,24,16,30,107.17,0.15,4.3,0,0,0,4,16,61.81,961,0,0,0,0,23.8,187,5.5
2010,7,24,17,30,120.92,0.15,4.3,0,0,0,1,16.6,68.4,962,0,0,0,0,22.700000000000003,187,5.1000000000000005
2010,7,24,18,30,134.13,0.15,4.3,0,0,0,3,17.1,74.14,962,0,0,0,0,21.900000000000002,190,4.6000000000000005
2010,7,24,19,30,146.09,0.15,4.3,0,0,0,3,17.5,78.95,962,0,0,0,0,21.3,193,4.2
2010,7,24,20,30,154.93,0.15,4.3,0,0,0,3,17.8,83.13,962,0,0,0,0,20.8,196,3.9000000000000004
2010,7,24,21,30,156.75,0.15,4.3,0,0,0,3,18.1,85.96000000000001,962,0,0,0,0,20.5,201,3.7
2010,7,24,22,30,150.21,0.15,4.3,0,0,0,4,18.2,87.94,962,0,0,0,0,20.3,205,3.7
2010,7,24,23,30,139.16,0.15,4.4,0,0,0,4,18.400000000000002,89.46000000000001,962,0,0,0,0,20.200000000000003,206,3.8000000000000003
2010,7,25,0,30,126.33,0.15,4.5,0,0,0,4,18.6,91.10000000000001,962,0,0,0,0,20.1,206,3.8000000000000003
2010,7,25,1,30,112.75,0.15,4.5,0,0,0,8,18.8,92.22,962,0,0,0,0,20.1,205,3.7
2010,7,25,2,30,98.82000000000001,0.15,4.6000000000000005,0,0,0,4,19,92.7,962,0,0,0,0,20.200000000000003,204,3.9000000000000004
2010,7,25,3,30,84.60000000000001,0.15,4.6000000000000005,36,45,41,7,19.1,88.55,963,16,0,7,16,21.1,203,4.9
2010,7,25,4,30,70.58,0.15,4.6000000000000005,126,339,239,8,18.7,78.15,963,19,0,0,19,22.700000000000003,202,5.9
2010,7,25,5,30,56.57,0.15,4.6000000000000005,183,501,459,4,17.8,67.2,963,46,0,0,46,24.3,201,6.1000000000000005
2010,7,25,6,30,42.85,0.15,4.6000000000000005,234,569,651,8,17.3,60.04,963,353,92,0,421,25.6,202,6.1000000000000005
2010,7,25,7,30,29.900000000000002,0.15,4.6000000000000005,257,626,799,8,16.900000000000002,54.99,962,427,135,0,544,26.700000000000003,203,6.2
2010,7,25,8,30,19.47,0.15,4.7,265,659,886,8,16.8,52.88,961,447,132,0,572,27.200000000000003,205,6.2
2010,7,25,9,30,17.11,0.15,4.7,257,677,904,7,16.8,51.88,960,411,32,0,442,27.6,207,6.300000000000001
2010,7,25,10,30,25.2,0.15,4.7,232,685,852,4,16.900000000000002,50.85,959,275,0,0,275,28,210,6.4
2010,7,25,11,30,37.49,0.15,4.7,202,667,732,5,16.900000000000002,51.06,959,393,71,0,449,28,209,6.5
2010,7,25,12,30,51,0.15,4.7,169,611,554,7,17.1,53.34,959,268,67,7,310,27.400000000000002,207,6.5
2010,7,25,13,30,64.93,0.15,4.7,131,487,337,5,17.3,57.57,959,198,13,0,203,26.3,203,6.2
2010,7,25,14,30,78.99,0.15,4.7,72,235,117,5,17.400000000000002,62.42,960,23,0,0,23,25.1,199,5.5
2010,7,25,15,30,93.19,0.15,4.6000000000000005,0,0,0,3,17.400000000000002,65.71000000000001,961,0,0,0,0,24.200000000000003,193,4.6000000000000005
2010,7,25,16,30,107.21000000000001,0.15,4.6000000000000005,0,0,0,3,17.2,67.41,962,0,0,0,0,23.6,186,4.1000000000000005
2010,7,25,17,30,120.98,0.15,4.5,0,0,0,0,17.1,69.22,962,0,0,0,0,23,182,3.7
2010,7,25,18,30,134.22,0.15,4.4,0,0,0,0,17,72.08,962,0,0,0,0,22.3,183,3.5
2010,7,25,19,30,146.23,0.15,4.4,0,0,0,0,17.3,75.59,962,0,0,0,0,21.8,185,3.4000000000000004
2010,7,25,20,30,155.13,0.15,4.3,0,0,0,3,17.900000000000002,80.83,962,0,0,0,0,21.3,192,3.7
2010,7,25,21,30,156.96,0.15,4.3,0,0,0,3,18.6,86.19,962,0,0,0,0,21,202,3.8000000000000003
2010,7,25,22,30,150.37,0.15,4.4,0,0,0,3,19,90.08,961,0,0,0,0,20.700000000000003,211,3.8000000000000003
2010,7,25,23,30,139.27,0.15,4.4,0,0,0,3,19.200000000000003,92.17,961,0,0,0,0,20.5,215,3.7
2010,7,26,0,30,126.41,0.13,4.4,0,0,0,4,19.3,93.21000000000001,962,0,0,0,0,20.400000000000002,218,3.6
2010,7,26,1,30,112.8,0.13,4.4,0,0,0,3,19.3,94.12,962,0,0,0,0,20.3,219,3.6
2010,7,26,2,30,98.85000000000001,0.13,4.4,0,0,0,3,19.400000000000002,93.55,963,0,0,0,0,20.5,219,3.8000000000000003
2010,7,26,3,30,84.60000000000001,0.13,4.4,36,62,42,3,19.5,88.03,963,33,0,7,33,21.6,216,5
2010,7,26,4,30,70.57000000000001,0.13,4.4,115,385,243,3,19.3,77.32000000000001,963,125,3,7,126,23.5,210,6.300000000000001
2010,7,26,5,30,56.54,0.13,4.5,156,564,467,3,18.6,65.13,963,117,0,7,117,25.6,205,6.9
2010,7,26,6,30,42.78,0.13,4.5,186,657,668,3,17.7,55.46,963,352,42,0,383,27.400000000000002,203,7.2
2010,7,26,7,30,29.79,0.13,4.5,206,705,817,3,17.1,49.59,962,289,1,0,290,28.700000000000003,203,7.300000000000001
2010,7,26,8,30,19.29,0.13,4.5,219,723,902,3,16.8,46.06,961,316,1,0,317,29.6,203,7.300000000000001
2010,7,26,9,30,16.9,0.13,4.5,264,666,902,3,16.5,44.35,960,291,0,0,291,30,202,7.300000000000001
2010,7,26,10,30,25.07,0.13,4.5,246,664,848,3,16.400000000000002,43.67,960,377,4,0,381,30.1,201,7.2
2010,7,26,11,30,37.410000000000004,0.13,4.4,223,632,725,3,16.2,43.75,959,159,0,0,159,29.8,198,7
2010,7,26,12,30,50.95,0.13,4.3,201,545,545,3,15.9,44.87,960,183,0,7,184,29.1,196,6.800000000000001
2010,7,26,13,30,64.91,0.13,4.3,157,405,328,3,15.700000000000001,47.18,960,66,0,1,66,28,193,6.5
2010,7,26,14,30,78.99,0.13,4.2,83,147,111,3,15.600000000000001,50.550000000000004,961,12,0,1,12,26.700000000000003,188,5.9
2010,7,26,15,30,93.2,0.13,4.1000000000000005,0,0,0,3,15.5,54.28,962,0,0,1,0,25.400000000000002,182,5.300000000000001
2010,7,26,16,30,107.25,0.13,4,0,0,0,3,15.4,58.07,963,0,0,1,0,24.200000000000003,177,4.9
2010,7,26,17,30,121.04,0.13,3.8000000000000003,0,0,0,3,15.600000000000001,63.34,964,0,0,1,0,22.900000000000002,175,4.6000000000000005
2010,7,26,18,30,134.31,0.13,3.6,0,0,0,3,16,69.8,964,0,0,1,0,21.8,178,4.2
2010,7,26,19,30,146.37,0.13,3.6,0,0,0,3,16.8,77.35000000000001,964,0,0,1,0,20.900000000000002,184,4.1000000000000005
2010,7,26,20,30,155.33,0.13,3.6,0,0,0,3,17.6,83.72,964,0,0,1,0,20.400000000000002,191,4
2010,7,26,21,30,157.18,0.13,3.6,0,0,0,3,18.1,88.14,963,0,0,1,0,20.1,197,4
2010,7,26,22,30,150.54,0.13,3.6,0,0,0,3,18.400000000000002,90.31,963,0,0,1,0,20,200,4
2010,7,26,23,30,139.38,0.13,3.6,0,0,0,3,18.5,91.08,963,0,0,1,0,20,203,4
2010,7,27,0,30,126.48,0.13,3.6,0,0,0,0,18.6,92.63,963,0,0,1,0,19.8,205,3.8000000000000003
2010,7,27,1,30,112.84,0.13,3.6,0,0,0,0,18.7,93.75,964,0,0,1,0,19.700000000000003,209,3.7
2010,7,27,2,30,98.87,0.13,3.6,0,0,0,0,18.7,93.60000000000001,964,0,0,1,0,19.8,211,3.9000000000000004
2010,7,27,3,30,84.61,0.13,3.5,35,23,37,0,18.8,87.19,965,35,23,1,37,21,210,4.800000000000001
2010,7,27,4,30,70.55,0.13,3.5,137,308,239,0,18,72.7,965,137,308,1,239,23.200000000000003,207,6
2010,7,27,5,30,56.5,0.13,3.5,180,523,468,0,16.900000000000002,58.86,965,180,523,1,468,25.5,206,6.5
2010,7,27,6,30,42.71,0.13,3.5,225,598,664,0,15.700000000000001,48.08,964,225,598,1,664,27.700000000000003,207,6.6000000000000005
2010,7,27,7,30,29.68,0.13,3.5,231,675,818,0,14.600000000000001,39.82,963,231,675,1,818,29.700000000000003,208,6.7
2010,7,27,8,30,19.1,0.13,3.5,233,714,908,0,13.8,34.4,962,233,714,0,908,31.3,209,6.800000000000001
2010,7,27,9,30,16.69,0.13,3.5,199,770,936,0,13.200000000000001,31.18,961,199,770,0,936,32.4,209,6.7
2010,7,27,10,30,24.93,0.13,3.5,193,754,877,0,12.9,29.7,960,193,754,0,877,32.9,209,6.6000000000000005
2010,7,27,11,30,37.33,0.13,3.6,185,709,749,2,12.8,29.79,960,438,118,0,533,32.7,206,6.5
2010,7,27,12,30,50.9,0.13,3.6,168,626,563,3,12.700000000000001,31.59,960,333,45,0,361,31.6,201,6.2
2010,7,27,13,30,64.89,0.13,3.6,136,483,341,3,12.700000000000001,34.230000000000004,960,65,0,0,65,30.200000000000003,194,5.9
2010,7,27,14,30,78.99,0.13,3.6,76,217,117,3,12.8,38.2,961,11,0,7,11,28.400000000000002,187,5.4
2010,7,27,15,30,93.22,0.13,3.5,0,0,0,3,13.100000000000001,42.99,962,0,0,0,0,26.700000000000003,181,5.300000000000001
2010,7,27,16,30,107.29,0.13,3.5,0,0,0,3,13.700000000000001,49.22,963,0,0,0,0,25.1,178,5.4
2010,7,27,17,30,121.11,0.13,3.5,0,0,0,3,14.700000000000001,57.49,963,0,0,0,0,23.6,180,5.2
2010,7,27,18,30,134.41,0.13,3.5,0,0,0,3,15.9,66.4,964,0,0,0,0,22.5,184,4.800000000000001
2010,7,27,19,30,146.51,0.13,3.4000000000000004,0,0,0,3,16.900000000000002,74.46000000000001,964,0,0,0,0,21.6,189,4.4
2010,7,27,20,30,155.53,0.13,3.3000000000000003,0,0,0,3,17.5,80.31,963,0,0,0,0,21,194,4.2
2010,7,27,21,30,157.4,0.13,3.3000000000000003,0,0,0,3,17.900000000000002,85.54,963,0,0,0,0,20.400000000000002,201,4
2010,7,27,22,30,150.70000000000002,0.13,3.3000000000000003,0,0,0,0,18.2,88.71000000000001,963,0,0,0,0,20.1,207,4
2010,7,27,23,30,139.49,0.13,3.4000000000000004,0,0,0,0,18.400000000000002,91.46000000000001,963,0,0,0,0,19.8,213,3.9000000000000004
2010,7,28,0,30,126.55,0.13,3.5,0,0,0,0,18.5,93.01,963,0,0,0,0,19.700000000000003,216,3.7
2010,7,28,1,30,112.89,0.13,3.6,0,0,0,0,18.7,94.71000000000001,964,0,0,0,0,19.6,218,3.4000000000000004
2010,7,28,2,30,98.9,0.13,3.6,0,0,0,0,18.900000000000002,94.89,964,0,0,0,0,19.700000000000003,219,3.6
2010,7,28,3,30,84.61,0.13,3.7,37,59,43,0,18.900000000000002,88.44,964,37,59,0,43,20.900000000000002,218,4.9
2010,7,28,4,30,70.53,0.13,3.7,116,397,248,3,18.7,76.48,965,171,21,0,178,23.1,212,6.2
2010,7,28,5,30,56.46,0.13,3.7,154,585,477,3,18.400000000000002,64.31,964,264,17,0,273,25.6,209,6.7
2010,7,28,6,30,42.64,0.13,3.7,175,689,682,3,18,54.88,964,418,112,0,501,27.900000000000002,208,7
2010,7,28,7,30,29.560000000000002,0.13,3.8000000000000003,184,747,833,1,17.5,47.85,963,184,747,0,833,29.700000000000003,208,7.2
2010,7,28,8,30,18.91,0.13,3.8000000000000003,188,777,922,0,17,42.53,962,188,777,0,922,31.200000000000003,209,7.2
2010,7,28,9,30,16.47,0.13,3.8000000000000003,191,778,937,0,16.5,39.14,961,191,778,0,937,32.1,211,7.2
2010,7,28,10,30,24.79,0.13,3.8000000000000003,175,779,882,0,16.1,37.480000000000004,960,175,779,0,882,32.4,212,7.2
2010,7,28,11,30,37.25,0.13,3.8000000000000003,157,753,757,3,15.8,37.480000000000004,959,403,88,0,473,32.1,212,7
2010,7,28,12,30,50.86,0.13,3.8000000000000003,177,605,558,3,15.700000000000001,39.4,959,359,81,0,410,31.1,209,6.800000000000001
2010,7,28,13,30,64.87,0.13,3.8000000000000003,138,475,339,3,15.700000000000001,43.31,959,169,8,7,173,29.5,204,6.5
2010,7,28,14,30,78.99,0.13,3.8000000000000003,76,211,117,8,16,48.27,960,104,65,7,116,27.900000000000002,197,6
2010,7,28,15,30,93.24,0.13,3.8000000000000003,0,0,0,3,16.3,53.67,961,0,0,0,0,26.5,191,5.800000000000001
2010,7,28,16,30,107.33,0.13,3.8000000000000003,0,0,0,3,16.7,58.910000000000004,961,0,0,0,0,25.3,187,5.800000000000001
2010,7,28,17,30,121.17,0.13,3.7,0,0,0,3,17,64.13,962,0,0,0,0,24.200000000000003,186,5.7
2010,7,28,18,30,134.51,0.13,3.7,0,0,0,3,17.3,69.84,963,0,0,0,0,23.1,188,5.4
2010,7,28,19,30,146.66,0.13,3.7,0,0,0,1,17.7,75.48,963,0,0,0,0,22.200000000000003,192,5
2010,7,28,20,30,155.74,0.13,3.7,0,0,0,0,18.1,80.33,962,0,0,0,0,21.6,196,4.6000000000000005
2010,7,28,21,30,157.62,0.13,3.6,0,0,0,0,18.5,84.95,962,0,0,0,0,21.1,201,4.3
2010,7,28,22,30,150.87,0.13,3.6,0,0,0,0,18.8,88.21000000000001,961,0,0,0,0,20.8,207,4.1000000000000005
2010,7,28,23,30,139.6,0.13,3.6,0,0,0,0,19,91.19,961,0,0,0,0,20.5,211,3.9000000000000004
2010,7,29,0,30,126.62,0.13,3.7,0,0,0,0,19.200000000000003,93.39,961,0,0,0,0,20.3,214,3.6
2010,7,29,1,30,112.93,0.13,3.7,0,0,0,0,19.400000000000002,94.99,962,0,0,0,0,20.200000000000003,215,3.4000000000000004
2010,7,29,2,30,98.92,0.13,3.7,0,0,0,1,19.5,94.61,962,0,0,0,0,20.400000000000002,214,3.5
2010,7,29,3,30,84.61,0.13,3.7,37,92,46,1,19.6,88.37,963,37,92,0,46,21.6,208,4.800000000000001
2010,7,29,4,30,70.51,0.13,3.8000000000000003,101,464,256,3,19.1,75.41,963,180,80,0,207,23.700000000000003,201,6.2
2010,7,29,5,30,56.42,0.13,3.7,130,649,489,3,18.400000000000002,62.9,963,254,19,0,265,26,199,6.800000000000001
2010,7,29,6,30,42.57,0.13,3.7,156,725,690,3,17.900000000000002,53.910000000000004,962,307,7,0,311,28.1,199,7
2010,7,29,7,30,29.44,0.13,3.7,163,784,846,3,17.5,47.300000000000004,961,478,152,0,610,29.900000000000002,201,7.1000000000000005
2010,7,29,8,30,18.72,0.13,3.7,164,816,937,3,17.1,42.550000000000004,960,464,78,0,538,31.3,203,7.2
2010,7,29,9,30,16.240000000000002,0.13,3.7,161,826,954,3,16.6,39.07,959,432,15,0,446,32.300000000000004,204,7.2
2010,7,29,10,30,24.66,0.13,3.7,155,815,895,3,16.2,37.54,958,494,138,0,619,32.5,205,7.1000000000000005
2010,7,29,11,30,37.17,0.13,3.7,144,782,767,3,15.8,38.050000000000004,957,161,0,0,161,31.900000000000002,204,6.9
2010,7,29,12,30,50.82,0.13,3.7,130,713,580,3,15.700000000000001,39.97,957,215,1,0,216,30.900000000000002,201,6.7
2010,7,29,13,30,64.85,0.13,3.7,107,582,355,3,15.700000000000001,42.97,957,92,0,0,92,29.6,196,6.4
2010,7,29,14,30,79,0.13,3.7,66,302,124,3,15.8,47.71,958,30,0,0,30,27.900000000000002,190,6
2010,7,29,15,30,93.27,0.13,3.7,0,0,0,0,16,52.79,959,0,0,0,0,26.400000000000002,183,6
2010,7,29,16,30,107.38,0.13,3.7,0,0,0,0,16.2,58.65,960,0,0,0,0,24.900000000000002,178,6
2010,7,29,17,30,121.25,0.13,3.7,0,0,0,1,16.5,64.61,961,0,0,0,0,23.6,177,5.9
2010,7,29,18,30,134.61,0.13,3.7,0,0,0,1,16.900000000000002,70.59,962,0,0,0,0,22.5,179,5.6000000000000005
2010,7,29,19,30,146.81,0.13,3.6,0,0,0,8,17.2,75.77,962,0,0,0,0,21.700000000000003,182,5.1000000000000005
2010,7,29,20,30,155.96,0.13,3.6,0,0,0,0,17.6,80.67,962,0,0,0,0,21,183,4.6000000000000005
2010,7,29,21,30,157.85,0.13,3.6,0,0,0,0,17.8,84.51,962,0,0,0,0,20.5,181,4.2
2010,7,29,22,30,151.03,0.13,3.6,0,0,0,0,18,86.51,962,0,0,0,0,20.3,182,4.1000000000000005
2010,7,29,23,30,139.71,0.13,3.6,0,0,0,0,18.1,88.18,962,0,0,0,0,20.1,191,4.2
2010,7,30,0,30,126.69,0.13,3.6,0,0,0,0,18.1,90.11,961,0,0,0,0,19.8,202,3.8000000000000003
2010,7,30,1,30,112.97,0.13,3.5,0,0,0,0,18.2,93.52,962,0,0,0,0,19.3,209,3.2
2010,7,30,2,30,98.93,0.13,3.6,0,0,0,3,18.3,94,962,0,0,0,0,19.3,211,3.2
2010,7,30,3,30,84.61,0.13,3.6,37,83,45,0,18.400000000000002,86.62,962,37,83,0,45,20.700000000000003,207,4.5
2010,7,30,4,30,70.49,0.13,3.6,108,434,253,3,18,73.15,963,180,43,0,194,23.1,202,6
2010,7,30,5,30,56.370000000000005,0.13,3.6,139,628,486,0,17.1,59.68,963,139,628,0,486,25.5,202,6.6000000000000005
2010,7,30,6,30,42.5,0.13,3.7,154,730,692,0,16.1,49.02,963,154,730,0,692,27.8,202,6.800000000000001
2010,7,30,7,30,29.32,0.13,3.7,163,784,847,0,15.3,41.410000000000004,962,163,784,0,847,29.8,204,6.9
2010,7,30,8,30,18.51,0.13,3.8000000000000003,170,806,934,0,14.700000000000001,36.7,961,170,806,0,934,31.3,205,6.9
2010,7,30,9,30,16.02,0.13,3.8000000000000003,151,839,957,0,14.5,34.27,960,151,839,0,957,32.2,207,6.9
2010,7,30,10,30,24.52,0.13,3.8000000000000003,148,823,897,1,14.3,34.15,959,148,823,0,897,32.1,208,6.800000000000001
2010,7,30,11,30,37.1,0.13,3.8000000000000003,139,788,768,3,14.3,35.4,958,312,0,0,313,31.400000000000002,208,6.7
2010,7,30,12,30,50.78,0.13,3.8000000000000003,133,705,578,3,14.3,37.29,958,136,0,0,136,30.5,207,6.6000000000000005
2010,7,30,13,30,64.84,0.13,3.9000000000000004,108,576,353,3,14.3,40.050000000000004,958,146,2,7,147,29.3,203,6.2
2010,7,30,14,30,79,0.13,3.9000000000000004,66,300,123,3,14.5,43.84,959,16,0,7,16,27.900000000000002,196,5.6000000000000005
2010,7,30,15,30,93.3,0.13,3.9000000000000004,0,0,0,3,14.8,48.480000000000004,959,0,0,0,0,26.5,187,5.5
2010,7,30,16,30,107.42,0.13,3.9000000000000004,0,0,0,3,15.100000000000001,53.68,960,0,0,0,0,25.200000000000003,179,5.9
2010,7,30,17,30,121.32000000000001,0.13,3.9000000000000004,0,0,0,1,15.600000000000001,60.08,961,0,0,0,0,23.8,177,6.1000000000000005
2010,7,30,18,30,134.72,0.13,3.9000000000000004,0,0,0,0,16.1,66.76,962,0,0,0,0,22.6,181,5.9
2010,7,30,19,30,146.97,0.13,3.8000000000000003,0,0,0,0,16.6,73.31,962,0,0,0,0,21.6,188,5.5
2010,7,30,20,30,156.18,0.13,3.7,0,0,0,0,17,78.15,961,0,0,0,0,21,192,5
2010,7,30,21,30,158.09,0.13,3.7,0,0,0,0,17.3,82.13,961,0,0,0,0,20.5,194,4.7
2010,7,30,22,30,151.20000000000002,0.13,3.7,0,0,0,0,17.5,84.51,961,0,0,0,0,20.200000000000003,193,4.4
2010,7,30,23,30,139.82,0.13,3.8000000000000003,0,0,0,0,17.6,87.16,961,0,0,0,0,19.8,192,4.1000000000000005
2010,7,31,0,30,126.76,0.13,3.8000000000000003,0,0,0,0,17.7,88.24,962,0,0,0,0,19.700000000000003,193,4.1000000000000005
2010,7,31,1,30,113.01,0.13,3.8000000000000003,0,0,0,0,17.7,88.94,962,0,0,0,0,19.6,196,4.3
2010,7,31,2,30,98.95,0.13,3.8000000000000003,0,0,0,0,17.7,88.52,962,0,0,0,0,19.700000000000003,197,4.3
2010,7,31,3,30,84.60000000000001,0.13,3.8000000000000003,36,116,46,2,17.8,83.09,963,36,116,5,46,20.8,197,5.1000000000000005
2010,7,31,4,30,70.47,0.13,3.8000000000000003,98,474,256,5,17.5,71.82000000000001,964,44,0,7,44,22.900000000000002,195,6.4
2010,7,31,5,30,56.32,0.13,3.8000000000000003,129,647,488,1,16.7,59.32,964,129,647,0,488,25.200000000000003,195,6.9
2010,7,31,6,30,42.42,0.13,3.8000000000000003,148,738,693,0,15.9,49.61,963,148,738,0,693,27.400000000000002,197,7
2010,7,31,7,30,29.2,0.13,3.8000000000000003,161,786,847,1,15.200000000000001,42.49,962,161,786,0,847,29.3,199,6.9
2010,7,31,8,30,18.31,0.13,3.8000000000000003,170,806,935,8,14.700000000000001,37.6,961,406,309,0,700,30.8,201,6.9
2010,7,31,9,30,15.780000000000001,0.13,3.8000000000000003,204,761,937,8,14.3,35.1,960,444,231,0,667,31.6,203,6.9
2010,7,31,10,30,24.38,0.13,3.8000000000000003,201,745,879,3,14.100000000000001,34.2,959,451,66,0,511,31.8,203,6.800000000000001
2010,7,31,11,30,37.02,0.13,3.8000000000000003,189,703,750,3,14,34.88,959,365,19,0,381,31.3,202,6.6000000000000005
2010,7,31,12,30,50.74,0.13,3.8000000000000003,172,618,563,5,13.8,36.21,959,138,0,0,138,30.5,199,6.300000000000001
2010,7,31,13,30,64.83,0.13,3.8000000000000003,139,473,340,7,13.700000000000001,38.11,959,66,0,0,66,29.400000000000002,195,6
2010,7,31,14,30,79.01,0.13,3.7,78,200,116,7,13.4,40.59,959,13,0,7,13,28,188,5.5
2010,7,31,15,30,93.33,0.13,3.6,0,0,0,7,13,43.08,960,0,0,0,0,26.6,180,5.5
2010,7,31,16,30,107.48,0.13,3.6,0,0,0,7,12.600000000000001,45.34,961,0,0,0,0,25.3,175,5.6000000000000005
2010,7,31,17,30,121.4,0.13,3.5,0,0,0,8,12.600000000000001,49.5,962,0,0,0,0,23.8,174,5.2
2010,7,31,18,30,134.83,0.13,3.4000000000000004,0,0,0,8,13.3,56.28,963,0,0,0,0,22.400000000000002,177,4.7
2010,7,31,19,30,147.13,0.13,3.3000000000000003,0,0,0,8,14.4,64.38,963,0,0,0,0,21.400000000000002,182,4.1000000000000005
2010,7,31,20,30,156.4,0.13,3.3000000000000003,0,0,0,8,15.5,72.54,963,0,0,0,0,20.6,190,3.6
2010,7,31,21,30,158.33,0.13,3.2,0,0,0,8,16.3,79.05,962,0,0,0,0,20,199,3.2
2010,7,31,22,30,151.37,0.13,3.3000000000000003,0,0,0,4,16.8,84.15,962,0,0,0,0,19.5,205,2.9000000000000004
2010,7,31,23,30,139.93,0.13,3.4000000000000004,0,0,0,4,17.1,87.51,962,0,0,0,0,19.200000000000003,208,2.8000000000000003
2010,8,1,0,30,126.82000000000001,0.14,3.5,0,0,0,8,17.400000000000002,89.21000000000001,962,0,0,0,0,19.200000000000003,212,3
2010,8,1,1,30,113.05,0.14,3.6,0,0,0,8,17.7,90.85000000000001,962,0,0,0,0,19.200000000000003,216,3
2010,8,1,2,30,98.96000000000001,0.14,3.7,0,0,0,8,17.900000000000002,91.03,963,0,0,0,0,19.400000000000002,218,3
2010,8,1,3,30,84.60000000000001,0.14,3.8000000000000003,36,39,40,3,18.1,85.86,963,30,0,7,30,20.6,214,3.9000000000000004
2010,8,1,4,30,70.44,0.14,3.8000000000000003,132,331,243,3,18.400000000000002,76.41,964,189,50,0,206,22.8,207,5.1000000000000005
2010,8,1,5,30,56.27,0.14,3.9000000000000004,181,521,470,0,18.2,64.63,964,181,521,0,470,25.3,201,5.800000000000001
2010,8,1,6,30,42.34,0.14,4,173,689,683,2,17.8,55.57,964,424,117,0,510,27.5,199,6.1000000000000005
2010,8,1,7,30,29.07,0.14,4,184,748,838,0,17.5,48.800000000000004,963,184,748,0,838,29.400000000000002,198,6.2
2010,8,1,8,30,18.1,0.14,4.1000000000000005,192,771,925,1,17.2,43.76,962,192,771,0,925,31,197,6.2
2010,8,1,9,30,15.55,0.14,4.2,194,774,940,1,16.900000000000002,40.39,961,194,774,0,940,32,198,6.1000000000000005
2010,8,1,10,30,24.25,0.14,4.2,195,749,879,3,16.7,39.300000000000004,960,468,90,0,550,32.300000000000004,198,6
2010,8,1,11,30,36.95,0.14,4.3,190,697,747,3,16.8,40.980000000000004,959,345,5,0,349,31.700000000000003,195,5.9
2010,8,1,12,30,50.71,0.14,4.4,170,616,561,3,17.3,45.71,959,167,0,0,167,30.3,189,5.9
2010,8,1,13,30,64.82000000000001,0.14,4.5,135,480,339,3,17.900000000000002,52.99,960,81,0,0,81,28.400000000000002,183,5.800000000000001
2010,8,1,14,30,79.03,0.14,4.5,75,215,116,3,18.400000000000002,61.06,961,10,0,7,10,26.5,177,5.6000000000000005
2010,8,1,15,30,93.36,0.14,4.5,0,0,0,3,18.7,67.66,962,0,0,0,0,25.1,171,5.4
2010,8,1,16,30,107.53,0.14,4.5,0,0,0,3,18.900000000000002,72.95,963,0,0,0,0,24,168,5.6000000000000005
2010,8,1,17,30,121.48,0.14,4.4,0,0,0,3,18.900000000000002,77.78,964,0,0,0,0,23,170,5.800000000000001
2010,8,1,18,30,134.95,0.14,4.3,0,0,0,3,19.1,82.46000000000001,964,0,0,0,0,22.200000000000003,175,5.5
2010,8,1,19,30,147.29,0.14,4.2,0,0,0,3,19.3,86.3,964,0,0,0,0,21.700000000000003,180,5
2010,8,1,20,30,156.63,0.14,4.1000000000000005,0,0,0,3,19.5,89.34,963,0,0,0,0,21.3,185,4.6000000000000005
2010,8,1,21,30,158.57,0.14,4,0,0,0,3,19.6,91.76,963,0,0,0,0,21,189,4.3
2010,8,1,22,30,151.54,0.14,4,0,0,0,3,19.700000000000003,93.84,962,0,0,0,0,20.700000000000003,194,4.3
2010,8,1,23,30,140.03,0.14,3.9000000000000004,0,0,0,3,19.6,94.19,962,0,0,0,0,20.6,198,4.3
2010,8,2,0,30,126.89,0.14,3.8000000000000003,0,0,0,3,19.6,95.27,963,0,0,0,0,20.400000000000002,200,4.1000000000000005
2010,8,2,1,30,113.09,0.14,3.8000000000000003,0,0,0,3,19.6,96.55,963,0,0,0,0,20.200000000000003,201,3.9000000000000004
2010,8,2,2,30,98.98,0.14,3.8000000000000003,0,0,0,3,19.700000000000003,96.69,964,0,0,0,0,20.200000000000003,201,3.9000000000000004
2010,8,2,3,30,84.59,0.14,3.7,37,109,47,3,19.6,90.13,964,30,0,7,30,21.3,200,4.9
2010,8,2,4,30,70.41,0.14,3.7,98,482,260,3,19,76.53,965,180,30,0,190,23.400000000000002,197,6
2010,8,2,5,30,56.22,0.14,3.7,125,666,495,3,18.1,63.36,965,169,0,0,170,25.6,195,6.5
2010,8,2,6,30,42.25,0.14,3.7,141,758,702,3,17.5,53.44,964,402,120,0,491,27.8,194,6.6000000000000005
2010,8,2,7,30,28.93,0.14,3.7,152,806,858,3,16.900000000000002,46.46,963,469,139,0,591,29.6,193,6.7
2010,8,2,8,30,17.88,0.14,3.7,158,829,947,3,16.5,41.9,962,464,72,0,532,30.900000000000002,194,6.7
2010,8,2,9,30,15.31,0.14,3.8000000000000003,152,841,963,3,16.1,38.95,961,464,70,0,532,31.8,194,6.6000000000000005
2010,8,2,10,30,24.11,0.14,3.8000000000000003,149,825,902,3,15.8,37.63,960,430,39,0,465,32.1,194,6.5
2010,8,2,11,30,36.88,0.14,3.9000000000000004,138,792,772,2,15.700000000000001,38.44,959,433,165,0,564,31.6,192,6.4
2010,8,2,12,30,50.68,0.14,3.9000000000000004,123,727,584,0,15.8,41.12,959,123,727,0,584,30.5,189,6.2
2010,8,2,13,30,64.81,0.14,3.9000000000000004,102,602,358,2,16,44.85,960,167,6,0,170,29.200000000000003,184,6
2010,8,2,14,30,79.04,0.14,4,63,325,125,3,16.2,49.89,961,5,0,0,5,27.6,178,5.7
2010,8,2,15,30,93.4,0.14,4,0,0,0,3,16.400000000000002,55.120000000000005,961,0,0,0,0,26.1,173,5.5
2010,8,2,16,30,107.59,0.14,3.9000000000000004,0,0,0,0,16.6,60.38,963,0,0,0,0,24.8,172,5.5
2010,8,2,17,30,121.56,0.14,3.9000000000000004,0,0,0,3,16.900000000000002,66.24,963,0,0,0,0,23.6,174,5.9
2010,8,2,18,30,135.06,0.14,3.8000000000000003,0,0,0,3,17.5,73.23,964,0,0,0,0,22.5,180,6
2010,8,2,19,30,147.46,0.14,3.6,0,0,0,0,18,79.41,964,0,0,0,0,21.700000000000003,186,5.6000000000000005
2010,8,2,20,30,156.87,0.14,3.4000000000000004,0,0,0,0,18.3,83.87,963,0,0,0,0,21.1,191,5.2
2010,8,2,21,30,158.82,0.14,3.3000000000000003,0,0,0,0,18.400000000000002,86.65,963,0,0,0,0,20.700000000000003,196,5
2010,8,2,22,30,151.71,0.14,3.3000000000000003,0,0,0,0,18.400000000000002,88.38,962,0,0,0,0,20.400000000000002,198,4.800000000000001
2010,8,2,23,30,140.14000000000001,0.14,3.2,0,0,0,0,18.400000000000002,88.64,963,0,0,0,0,20.3,200,4.800000000000001
2010,8,3,0,30,126.95,0.14,3.2,0,0,0,0,18.2,88.67,963,0,0,0,0,20.1,202,4.7
2010,8,3,1,30,113.12,0.14,3.2,0,0,0,0,18,88.48,963,0,0,0,0,20,204,4.4
2010,8,3,2,30,98.99000000000001,0.14,3.2,0,0,0,3,18,88.46000000000001,964,0,0,0,0,20,206,4.2
2010,8,3,3,30,84.58,0.14,3.3000000000000003,37,120,48,3,18.1,83.72,964,31,0,7,31,21,206,5
2010,8,3,4,30,70.38,0.14,3.3000000000000003,97,496,263,3,18,73.54,965,178,40,7,192,23,206,6.1000000000000005
2010,8,3,5,30,56.17,0.14,3.4000000000000004,121,678,499,3,17.6,62.58,965,276,42,7,299,25.200000000000003,204,6.5
2010,8,3,6,30,42.17,0.14,3.4000000000000004,138,767,707,7,17.1,53.78,964,286,413,0,592,27.3,204,6.7
2010,8,3,7,30,28.8,0.14,3.4000000000000004,146,819,864,7,16.8,47.21,964,266,602,0,793,29.200000000000003,204,6.7
2010,8,3,8,30,17.66,0.14,3.4000000000000004,150,843,954,1,16.5,42.25,962,150,843,0,954,30.8,206,6.7
2010,8,3,9,30,15.07,0.14,3.4000000000000004,150,849,970,8,16.3,39.09,961,376,403,0,765,31.900000000000002,209,6.6000000000000005
2010,8,3,10,30,23.98,0.14,3.5,146,836,909,3,16.1,37.64,960,468,136,0,592,32.4,210,6.6000000000000005
2010,8,3,11,30,36.81,0.14,3.5,137,802,778,8,16.1,37.97,959,324,347,7,602,32.2,209,6.5
2010,8,3,12,30,50.65,0.14,3.6,121,738,589,5,16.2,40.45,959,330,71,0,375,31.200000000000003,205,6.5
2010,8,3,13,30,64.81,0.14,3.6,100,611,360,7,16.5,45.39,959,180,289,7,303,29.5,200,6.4
2010,8,3,14,30,79.06,0.14,3.7,62,332,125,3,16.900000000000002,52.120000000000005,960,90,9,7,92,27.6,194,6.2
2010,8,3,15,30,93.44,0.14,3.7,0,0,0,7,17.3,58.22,961,0,0,0,0,26.1,189,6.2
2010,8,3,16,30,107.65,0.14,3.6,0,0,0,7,17.2,62.13,961,0,0,0,0,25,188,6.300000000000001
2010,8,3,17,30,121.65,0.14,3.5,0,0,0,8,16.900000000000002,64.59,962,0,0,0,0,24,189,6.1000000000000005
2010,8,3,18,30,135.18,0.14,3.5,0,0,0,8,16.7,67.08,963,0,0,0,0,23.1,190,5.800000000000001
2010,8,3,19,30,147.63,0.14,3.4000000000000004,0,0,0,0,16.8,71.54,962,0,0,0,0,22.200000000000003,192,5.5
2010,8,3,20,30,157.11,0.14,3.4000000000000004,0,0,0,0,17.5,78.58,962,0,0,0,0,21.400000000000002,195,5.2
2010,8,3,21,30,159.07,0.14,3.5,0,0,0,0,18.400000000000002,86.18,962,0,0,0,0,20.8,198,4.7
2010,8,3,22,30,151.88,0.14,3.6,0,0,0,1,19,91.29,961,0,0,0,0,20.5,202,4
2010,8,3,23,30,140.24,0.14,3.6,0,0,0,0,19.400000000000002,94.60000000000001,961,0,0,0,0,20.3,206,3.6
2010,8,4,0,30,127.02,0.13,3.6,0,0,0,1,19.6,96.97,962,0,0,0,0,20.1,209,3.3000000000000003
2010,8,4,1,30,113.15,0.13,3.5,0,0,0,0,19.700000000000003,97.43,962,0,0,0,0,20.1,211,3.2
2010,8,4,2,30,99,0.13,3.5,0,0,0,1,19.700000000000003,95.97,963,0,0,0,0,20.400000000000002,212,3.7
2010,8,4,3,30,84.57000000000001,0.13,3.5,31,240,54,0,19.700000000000003,88.67,963,31,240,0,54,21.700000000000003,210,4.9
2010,8,4,4,30,70.35000000000001,0.13,3.5,68,625,278,3,19.3,75.26,964,41,0,7,41,23.900000000000002,206,6
2010,8,4,5,30,56.11,0.13,3.5,85,776,517,1,18.6,62.49,964,85,776,0,517,26.3,204,6.5
2010,8,4,6,30,42.08,0.13,3.5,96,849,726,0,18.1,53.28,963,96,849,0,726,28.5,204,6.7
2010,8,4,7,30,28.66,0.13,3.5,104,886,882,1,17.7,46.53,962,104,886,0,882,30.400000000000002,205,6.9
2010,8,4,8,30,17.44,0.13,3.5,109,904,971,1,17.3,41.87,961,109,904,0,971,31.8,207,7
2010,8,4,9,30,14.83,0.13,3.5,102,918,989,3,16.900000000000002,38.63,959,387,4,0,391,32.800000000000004,208,7
2010,8,4,10,30,23.85,0.13,3.5,102,902,927,3,16.6,36.99,958,446,132,0,567,33.2,207,7
2010,8,4,11,30,36.75,0.13,3.5,101,865,794,3,16.3,37.12,958,376,55,0,420,32.9,205,6.800000000000001
2010,8,4,12,30,50.620000000000005,0.13,3.6,103,778,597,3,16.2,38.75,958,295,43,0,322,32,201,6.7
2010,8,4,13,30,64.81,0.13,3.6,89,648,365,3,16.1,41.730000000000004,958,155,4,0,156,30.6,196,6.5
2010,8,4,14,30,79.08,0.13,3.6,58,368,128,1,16.3,46.910000000000004,959,58,368,0,128,28.8,191,6.300000000000001
2010,8,4,15,30,93.48,0.13,3.6,0,0,0,0,16.8,53.44,960,0,0,0,0,27.1,185,6.2
2010,8,4,16,30,107.71000000000001,0.13,3.5,0,0,0,0,17.400000000000002,59.75,961,0,0,0,0,25.8,182,6.2
2010,8,4,17,30,121.74000000000001,0.13,3.5,0,0,0,0,17.900000000000002,67.11,961,0,0,0,0,24.400000000000002,182,6
2010,8,4,18,30,135.31,0.13,3.4000000000000004,0,0,0,0,18.400000000000002,74.15,962,0,0,0,0,23.3,186,5.7
2010,8,4,19,30,147.81,0.13,3.3000000000000003,0,0,0,0,18.900000000000002,81.22,962,0,0,0,0,22.3,192,5.5
2010,8,4,20,30,157.36,0.13,3.3000000000000003,0,0,0,0,19.3,86.78,961,0,0,0,0,21.6,197,5.1000000000000005
2010,8,4,21,30,159.32,0.13,3.3000000000000003,0,0,0,0,19.6,90.43,961,0,0,0,0,21.200000000000003,202,4.800000000000001
2010,8,4,22,30,152.05,0.13,3.3000000000000003,0,0,0,0,19.700000000000003,92.5,961,0,0,0,0,21,205,4.6000000000000005
2010,8,4,23,30,140.35,0.13,3.4000000000000004,0,0,0,0,19.8,94.26,961,0,0,0,0,20.8,208,4.3
2010,8,5,0,30,127.08,0.13,3.4000000000000004,0,0,0,0,19.900000000000002,95.25,961,0,0,0,0,20.700000000000003,212,4.2
2010,8,5,1,30,113.18,0.13,3.5,0,0,0,0,20,95.59,962,0,0,0,0,20.700000000000003,214,4.4
2010,8,5,2,30,99,0.13,3.5,0,0,0,0,20,94.62,962,0,0,0,0,20.900000000000002,214,4.7
2010,8,5,3,30,84.55,0.13,3.6,34,188,52,0,20.1,88.92,963,34,188,0,52,22,213,5.4
2010,8,5,4,30,70.31,0.13,3.6,79,574,272,2,20,78.02,963,176,49,0,193,24.1,208,6.5
2010,8,5,5,30,56.050000000000004,0.13,3.7,101,731,509,1,19.6,65.51,963,101,731,0,509,26.6,201,7.2
2010,8,5,6,30,41.99,0.13,3.7,118,804,716,1,19,55.44,962,118,804,0,716,28.8,196,7.300000000000001
2010,8,5,7,30,28.52,0.13,3.8000000000000003,132,839,869,3,18.5,47.730000000000004,961,400,23,0,420,30.900000000000002,193,7.300000000000001
2010,8,5,8,30,17.21,0.13,3.8000000000000003,142,852,956,1,18.2,42.93,960,142,852,0,956,32.4,190,7.300000000000001
2010,8,5,9,30,14.58,0.13,3.9000000000000004,146,849,968,3,17.900000000000002,40.78,959,359,2,0,361,33,187,7.4
2010,8,5,10,30,23.72,0.13,4,147,828,905,2,17.900000000000002,40.85,958,484,168,0,638,32.9,183,7.6000000000000005
2010,8,5,11,30,36.68,0.13,4.1000000000000005,140,788,772,3,18,43.32,958,362,24,0,381,32,180,7.7
2010,8,5,12,30,50.59,0.13,4.2,126,718,582,2,18.2,47.85,959,343,134,0,429,30.5,177,7.5
2010,8,5,13,30,64.81,0.13,4.3,102,594,355,3,18.400000000000002,53.97,959,222,48,0,242,28.6,174,7.2
2010,8,5,14,30,79.10000000000001,0.13,4.3,61,331,124,3,18.5,61.15,960,45,0,7,45,26.6,173,6.7
2010,8,5,15,30,93.52,0.13,4.3,0,0,0,7,18.6,67.39,961,0,0,0,0,25.1,172,6.4
2010,8,5,16,30,107.78,0.13,4.3,0,0,0,3,18.900000000000002,72.60000000000001,962,0,0,0,0,24.1,173,6.1000000000000005
2010,8,5,17,30,121.83,0.13,4.3,0,0,0,3,19.1,77.98,963,0,0,0,0,23.200000000000003,174,5.800000000000001
2010,8,5,18,30,135.44,0.13,4.3,0,0,0,3,19.400000000000002,82.2,964,0,0,0,0,22.6,176,5.5
2010,8,5,19,30,147.99,0.13,4.2,0,0,0,3,19.700000000000003,86.63,964,0,0,0,0,22,178,5.1000000000000005
2010,8,5,20,30,157.61,0.13,4.2,0,0,0,3,19.900000000000002,90.7,963,0,0,0,0,21.5,181,4.9
2010,8,5,21,30,159.58,0.13,4.2,0,0,0,3,20.1,93.47,963,0,0,0,0,21.200000000000003,185,4.7
2010,8,5,22,30,152.23,0.13,4.1000000000000005,0,0,0,3,20.200000000000003,95,962,0,0,0,0,21,187,4.7
2010,8,5,23,30,140.45000000000002,0.13,4.1000000000000005,0,0,0,4,20.1,95.91,962,0,0,0,0,20.8,189,4.6000000000000005
2010,8,6,0,30,127.13000000000001,0.13,4.1000000000000005,0,0,0,3,20,95.8,963,0,0,0,0,20.700000000000003,192,4.4
2010,8,6,1,30,113.21000000000001,0.13,4,0,0,0,1,19.900000000000002,96.41,963,0,0,0,0,20.5,194,4
2010,8,6,2,30,99.01,0.13,4,0,0,0,0,19.900000000000002,95.55,963,0,0,0,0,20.6,197,4
2010,8,6,3,30,84.54,0.13,3.9000000000000004,32,230,54,1,19.8,88.69,964,32,230,0,54,21.700000000000003,197,4.9
2010,8,6,4,30,70.27,0.13,3.9000000000000004,72,605,276,2,19.1,74.85000000000001,964,172,42,0,187,23.8,194,6
2010,8,6,5,30,55.99,0.13,3.8000000000000003,94,750,513,0,18.400000000000002,62.97,964,94,750,0,513,26,192,6.300000000000001
2010,8,6,6,30,41.89,0.13,3.8000000000000003,110,820,720,0,17.7,53.03,964,110,820,0,720,28.200000000000003,190,6.5
2010,8,6,7,30,28.38,0.13,3.8000000000000003,120,858,875,8,16.900000000000002,45.36,963,384,260,0,613,30,188,6.6000000000000005
2010,8,6,8,30,16.98,0.13,3.9000000000000004,127,873,962,3,16.1,40.01,962,395,5,0,400,31.3,187,6.6000000000000005
2010,8,6,9,30,14.33,0.13,3.9000000000000004,157,835,965,3,15.600000000000001,37.29,961,327,1,0,328,32,186,6.5
2010,8,6,10,30,23.59,0.13,3.9000000000000004,151,823,905,3,15.4,36.85,960,348,2,0,350,32,184,6.5
2010,8,6,11,30,36.62,0.13,4,141,788,773,3,15.4,38.31,960,243,0,0,243,31.3,182,6.4
2010,8,6,12,30,50.57,0.13,4,133,706,581,3,15.600000000000001,40.71,960,267,12,0,275,30.400000000000002,181,6.4
2010,8,6,13,30,64.81,0.13,4,109,574,353,3,15.8,44.46,960,234,50,0,255,29.1,179,6.2
2010,8,6,14,30,79.13,0.13,4.1000000000000005,66,294,121,3,16,49.56,961,25,0,0,25,27.5,176,5.800000000000001
2010,8,6,15,30,93.57000000000001,0.13,4.1000000000000005,0,0,0,3,16.3,55.34,962,0,0,0,0,25.900000000000002,171,5.4
2010,8,6,16,30,107.85000000000001,0.13,4.1000000000000005,0,0,0,3,16.5,60.79,963,0,0,0,0,24.6,167,5.300000000000001
2010,8,6,17,30,121.92,0.13,4.1000000000000005,0,0,0,3,16.900000000000002,66.83,963,0,0,0,0,23.400000000000002,167,5.300000000000001
2010,8,6,18,30,135.57,0.13,4.1000000000000005,0,0,0,3,17.400000000000002,73.33,964,0,0,0,0,22.400000000000002,170,5.2
2010,8,6,19,30,148.17000000000002,0.13,4,0,0,0,1,17.900000000000002,79,964,0,0,0,0,21.700000000000003,174,4.800000000000001
2010,8,6,20,30,157.86,0.13,4,0,0,0,0,18.3,83.96000000000001,963,0,0,0,0,21.1,179,4.4
2010,8,6,21,30,159.84,0.13,3.9000000000000004,0,0,0,0,18.6,87.68,963,0,0,0,0,20.700000000000003,183,4.1000000000000005
2010,8,6,22,30,152.4,0.13,3.9000000000000004,0,0,0,0,18.8,90.10000000000001,963,0,0,0,0,20.5,186,4
2010,8,6,23,30,140.55,0.13,3.9000000000000004,0,0,0,1,18.900000000000002,91.67,963,0,0,0,0,20.3,189,3.9000000000000004
2010,8,7,0,30,127.19,0.13,3.9000000000000004,0,0,0,3,18.900000000000002,92.38,963,0,0,0,0,20.200000000000003,192,3.7
2010,8,7,1,30,113.23,0.13,3.8000000000000003,0,0,0,4,19,93.11,963,0,0,0,0,20.1,195,3.6
2010,8,7,2,30,99.01,0.13,3.8000000000000003,0,0,0,3,19,92.55,964,0,0,0,0,20.200000000000003,196,3.7
2010,8,7,3,30,84.52,0.13,3.8000000000000003,38,92,47,3,18.8,86.49,965,26,0,7,26,21.1,197,4.5
2010,8,7,4,30,70.23,0.13,3.7,106,456,260,4,17.8,73.52,965,12,0,7,12,22.8,197,5.300000000000001
2010,8,7,5,30,55.92,0.13,3.7,138,637,495,3,16.900000000000002,62.31,965,272,23,0,285,24.6,197,5.5
2010,8,7,6,30,41.800000000000004,0.13,3.7,158,731,702,4,16.1,53.1,965,196,0,0,196,26.400000000000002,198,5.6000000000000005
2010,8,7,7,30,28.23,0.13,3.6,166,789,861,4,15.200000000000001,45.15,964,326,1,0,327,28.200000000000003,199,5.7
2010,8,7,8,30,16.75,0.13,3.6,168,818,952,3,14.4,39.660000000000004,963,471,87,0,555,29.6,199,5.800000000000001
2010,8,7,9,30,14.07,0.13,3.6,167,825,967,4,13.8,35.83,962,416,7,0,423,30.700000000000003,199,5.9
2010,8,7,10,30,23.46,0.13,3.6,161,812,906,3,13.4,33.53,961,362,1,0,362,31.400000000000002,196,5.9
2010,8,7,11,30,36.56,0.13,3.7,151,775,773,3,13.3,33.24,960,444,161,0,574,31.400000000000002,192,5.9
2010,8,7,12,30,50.550000000000004,0.13,3.7,135,707,584,3,13.4,34.7,960,352,120,0,428,30.8,189,5.9
2010,8,7,13,30,64.82000000000001,0.13,3.7,107,587,356,3,13.8,37.84,960,79,0,0,79,29.700000000000003,185,5.9
2010,8,7,14,30,79.16,0.13,3.8000000000000003,63,319,123,3,14.3,43.22,961,12,0,7,12,28,178,5.6000000000000005
2010,8,7,15,30,93.62,0.13,3.8000000000000003,0,0,0,3,15,50.39,961,0,0,0,0,26.1,170,5.4
2010,8,7,16,30,107.92,0.13,3.7,0,0,0,1,15.600000000000001,57.46,962,0,0,0,0,24.6,167,5.5
2010,8,7,17,30,122.02,0.13,3.7,0,0,0,1,16.2,64.76,963,0,0,0,0,23.200000000000003,170,5.4
2010,8,7,18,30,135.7,0.13,3.6,0,0,0,0,16.6,70.18,963,0,0,0,0,22.3,174,5.1000000000000005
2010,8,7,19,30,148.36,0.13,3.4000000000000004,0,0,0,0,16.900000000000002,74.78,963,0,0,0,0,21.6,180,4.800000000000001
2010,8,7,20,30,158.12,0.13,3.2,0,0,0,0,17.2,79.13,963,0,0,0,0,21,185,4.6000000000000005
2010,8,7,21,30,160.11,0.13,3.1,0,0,0,0,17.5,83.08,962,0,0,0,0,20.5,192,4.5
2010,8,7,22,30,152.57,0.13,3,0,0,0,0,17.8,87.07000000000001,962,0,0,0,0,20,197,4.4
2010,8,7,23,30,140.65,0.13,2.9000000000000004,0,0,0,1,18,89.9,962,0,0,0,0,19.700000000000003,201,4.2
2010,8,8,0,30,127.25,0.13,2.9000000000000004,0,0,0,3,18.1,91.8,962,0,0,0,0,19.5,203,3.8000000000000003
2010,8,8,1,30,113.26,0.13,3,0,0,0,1,18.3,93.09,963,0,0,0,0,19.400000000000002,206,3.6
2010,8,8,2,30,99.01,0.13,3,0,0,0,0,18.400000000000002,93.08,963,0,0,0,0,19.5,210,3.6
2010,8,8,3,30,84.5,0.13,3,37,146,51,1,18.400000000000002,87.21000000000001,963,37,146,0,51,20.6,210,4.7
2010,8,8,4,30,70.19,0.13,3,89,544,273,3,17.900000000000002,75.47,964,170,22,7,178,22.5,207,6
2010,8,8,5,30,55.86,0.13,3,112,717,514,0,17.2,62.76,964,112,717,0,514,24.8,204,6.5
2010,8,8,6,30,41.7,0.13,3.1,128,798,723,0,16.6,52.47,963,128,798,0,723,27.200000000000003,203,6.6000000000000005
2010,8,8,7,30,28.09,0.13,3.2,134,846,881,0,16,44.68,962,134,846,0,881,29.3,203,6.7
2010,8,8,8,30,16.51,0.13,3.2,137,870,971,0,15.4,39.21,961,137,870,0,971,30.900000000000002,204,6.7
2010,8,8,9,30,13.82,0.13,3.3000000000000003,138,871,984,0,14.8,35.47,960,138,871,0,984,32,204,6.7
2010,8,8,10,30,23.34,0.13,3.3000000000000003,136,855,922,1,14.5,33.86,959,136,855,0,922,32.4,204,6.6000000000000005
2010,8,8,11,30,36.51,0.13,3.4000000000000004,129,818,787,1,14.4,34.04,959,129,818,0,787,32.2,201,6.6000000000000005
2010,8,8,12,30,50.53,0.13,3.5,117,749,593,3,14.5,35.92,958,338,50,0,370,31.400000000000002,196,6.6000000000000005
2010,8,8,13,30,64.83,0.13,3.6,98,617,361,3,14.9,40.14,959,136,1,0,137,29.900000000000002,191,6.6000000000000005
2010,8,8,14,30,79.19,0.13,3.6,62,330,124,3,15.4,45.84,959,5,0,0,5,28.200000000000003,187,6.4
2010,8,8,15,30,93.67,0.13,3.7,0,0,0,3,16,52.29,960,0,0,0,0,26.6,183,6.2
2010,8,8,16,30,107.99000000000001,0.13,3.7,0,0,0,3,16.6,58.83,961,0,0,0,0,25.200000000000003,180,6.300000000000001
2010,8,8,17,30,122.12,0.13,3.7,0,0,0,0,17.1,65.84,962,0,0,0,0,23.900000000000002,179,6.2
2010,8,8,18,30,135.84,0.13,3.7,0,0,0,0,17.7,73.51,963,0,0,0,0,22.700000000000003,180,6
2010,8,8,19,30,148.55,0.13,3.6,0,0,0,0,18.3,79.93,963,0,0,0,0,21.900000000000002,183,5.7
2010,8,8,20,30,158.39000000000001,0.13,3.6,0,0,0,0,18.7,84.93,963,0,0,0,0,21.3,185,5.300000000000001
2010,8,8,21,30,160.38,0.13,3.6,0,0,0,0,18.8,87.52,963,0,0,0,0,21,187,4.9
2010,8,8,22,30,152.74,0.13,3.6,0,0,0,0,19,89.79,962,0,0,0,0,20.700000000000003,189,4.4
2010,8,8,23,30,140.75,0.13,3.6,0,0,0,0,19,91.93,962,0,0,0,0,20.400000000000002,191,4
2010,8,9,0,30,127.3,0.13,3.6,0,0,0,0,19.1,93.95,962,0,0,0,0,20.1,194,3.5
2010,8,9,1,30,113.28,0.13,3.6,0,0,0,0,19.200000000000003,96.25,963,0,0,0,0,19.8,199,3
2010,8,9,2,30,99.01,0.13,3.7,0,0,0,0,19.3,96.71000000000001,963,0,0,0,0,19.8,206,3
2010,8,9,3,30,84.47,0.13,3.7,36,165,51,0,19.200000000000003,89.56,963,36,165,0,51,21,206,4.2
2010,8,9,4,30,70.15,0.13,3.7,86,546,271,1,18.6,75.27,964,86,546,0,271,23.200000000000003,202,5.300000000000001
2010,8,9,5,30,55.79,0.13,3.8000000000000003,111,708,508,3,17.900000000000002,62.480000000000004,964,200,1,0,201,25.6,199,5.9
2010,8,9,6,30,41.6,0.13,3.8000000000000003,127,789,717,3,17.5,53.33,964,355,50,0,392,27.900000000000002,198,6.2
2010,8,9,7,30,27.94,0.13,3.9000000000000004,137,831,871,3,17.2,46.43,963,313,1,0,314,29.900000000000002,198,6.4
2010,8,9,8,30,16.26,0.13,3.9000000000000004,143,851,960,3,16.8,41.51,961,447,33,0,479,31.400000000000002,199,6.4
2010,8,9,9,30,13.56,0.13,4,148,848,972,0,16.5,38.5,960,148,848,1,972,32.4,197,6.5
2010,8,9,10,30,23.22,0.13,4,142,837,911,3,16.400000000000002,38.01,959,351,2,0,353,32.5,193,6.6000000000000005
2010,8,9,11,30,36.46,0.13,4.1000000000000005,133,803,778,3,16.400000000000002,39.47,958,356,17,1,370,31.900000000000002,187,6.800000000000001
2010,8,9,12,30,50.52,0.13,4.1000000000000005,124,725,585,3,16.6,43.53,958,160,0,0,160,30.400000000000002,182,7
2010,8,9,13,30,64.84,0.13,4,105,587,355,3,16.8,49.02,959,96,0,0,96,28.5,178,7
2010,8,9,14,30,79.22,0.13,4,65,298,120,3,16.7,54.480000000000004,960,20,0,7,20,26.6,174,6.7
2010,8,9,15,30,93.72,0.13,3.9000000000000004,0,0,0,1,16.400000000000002,58.63,960,0,0,0,0,25.1,171,6.4
2010,8,9,16,30,108.07000000000001,0.13,3.9000000000000004,0,0,0,1,16.3,62.59,961,0,0,0,0,23.900000000000002,170,6.2
2010,8,9,17,30,122.22,0.13,3.8000000000000003,0,0,0,3,16.6,68,962,0,0,0,0,22.8,172,5.9
2010,8,9,18,30,135.97,0.13,3.8000000000000003,0,0,0,1,17,73.47,962,0,0,0,0,22,176,5.5
2010,8,9,19,30,148.74,0.13,3.7,0,0,0,1,17.400000000000002,77.86,963,0,0,0,0,21.400000000000002,180,5.1000000000000005
2010,8,9,20,30,158.65,0.13,3.7,0,0,0,0,17.5,80.19,962,0,0,0,0,21,185,4.6000000000000005
2010,8,9,21,30,160.65,0.13,3.7,0,0,0,0,17.5,81.88,962,0,0,0,0,20.700000000000003,190,4.2
2010,8,9,22,30,152.91,0.13,3.6,0,0,0,3,17.6,83.77,962,0,0,0,0,20.400000000000002,194,3.7
2010,8,9,23,30,140.84,0.13,3.6,0,0,0,3,17.6,85.64,962,0,0,0,0,20.1,197,3.3000000000000003
2010,8,10,0,30,127.35000000000001,0.13,3.6,0,0,0,3,17.6,87.28,962,0,0,0,0,19.8,200,3
2010,8,10,1,30,113.3,0.13,3.6,0,0,0,0,17.7,89.11,962,0,0,0,0,19.5,204,2.9000000000000004
2010,8,10,2,30,99,0.13,3.6,0,0,0,3,17.7,89.02,963,0,0,0,0,19.6,210,3
2010,8,10,3,30,84.45,0.13,3.7,39,95,48,3,17.900000000000002,83.76,963,34,0,7,34,20.700000000000003,210,4.2
2010,8,10,4,30,70.10000000000001,0.13,3.7,108,449,261,3,18.1,73.68,964,191,58,0,211,23.1,205,5.5
2010,8,10,5,30,55.72,0.13,3.7,142,629,497,1,17.900000000000002,61.76,964,142,629,0,497,25.8,202,6.1000000000000005
2010,8,10,6,30,41.5,0.13,3.6,175,701,701,0,17.400000000000002,51.88,964,175,701,0,701,28.200000000000003,202,6.300000000000001
2010,8,10,7,30,27.79,0.13,3.6,186,759,858,0,16.7,44.21,963,186,759,0,858,30.200000000000003,202,6.5
2010,8,10,8,30,16.02,0.13,3.6,191,788,948,0,15.9,38.37,962,191,788,0,948,31.8,203,6.6000000000000005
2010,8,10,9,30,13.3,0.13,3.6,208,768,956,3,15.100000000000001,34.37,961,541,161,0,698,32.9,202,6.6000000000000005
2010,8,10,10,30,23.1,0.13,3.6,213,736,890,3,14.5,32.160000000000004,959,462,72,0,528,33.4,201,6.6000000000000005
2010,8,10,11,30,36.410000000000004,0.13,3.5,210,677,755,3,14.100000000000001,31.69,959,398,46,0,435,33.2,198,6.5
2010,8,10,12,30,50.51,0.13,3.5,192,584,563,3,13.9,32.56,958,226,0,0,226,32.4,195,6.5
2010,8,10,13,30,64.86,0.13,3.5,153,434,337,3,13.700000000000001,35.160000000000004,959,95,0,0,95,30.900000000000002,190,6.300000000000001
2010,8,10,14,30,79.26,0.13,3.5,80,168,111,3,13.700000000000001,39.2,959,20,0,0,20,29,184,5.9
2010,8,10,15,30,93.78,0.13,3.4000000000000004,0,0,0,3,14.100000000000001,45.11,960,0,0,0,0,27,176,5.5
2010,8,10,16,30,108.15,0.13,3.4000000000000004,0,0,0,1,14.9,52.84,961,0,0,0,0,25.200000000000003,173,5.5
2010,8,10,17,30,122.33,0.13,3.4000000000000004,0,0,0,1,15.9,61.84,962,0,0,1,0,23.700000000000003,174,5.6000000000000005
2010,8,10,18,30,136.12,0.13,3.3000000000000003,0,0,0,0,17,70.53,963,0,0,0,0,22.6,178,5.300000000000001
2010,8,10,19,30,148.94,0.13,3.2,0,0,0,0,17.6,77.22,963,0,0,0,0,21.8,183,4.800000000000001
2010,8,10,20,30,158.93,0.13,3.1,0,0,0,0,18.1,83.11,963,0,0,0,0,21.1,189,4.5
2010,8,10,21,30,160.92000000000002,0.13,3,0,0,0,0,18.5,87.28,963,0,0,0,0,20.700000000000003,195,4.4
2010,8,10,22,30,153.08,0.13,3,0,0,0,0,18.7,90.13,962,0,0,0,0,20.400000000000002,200,4.3
2010,8,10,23,30,140.93,0.13,3,0,0,0,0,18.8,91.95,963,0,0,0,0,20.200000000000003,206,4.1000000000000005
2010,8,11,0,30,127.4,0.13,3,0,0,0,3,18.900000000000002,93.26,963,0,0,0,0,20,212,3.7
2010,8,11,1,30,113.32000000000001,0.13,3,0,0,0,3,18.900000000000002,95.23,963,0,0,0,0,19.700000000000003,218,3.3000000000000003
2010,8,11,2,30,98.99000000000001,0.13,3.1,0,0,0,3,19,95.02,964,0,0,0,0,19.8,223,3.6
2010,8,11,3,30,84.42,0.13,3.1,39,105,49,3,19,88.28,964,31,0,7,31,21,223,4.800000000000001
2010,8,11,4,30,70.05,0.13,3.2,104,477,267,3,18.6,74.4,965,61,0,7,61,23.400000000000002,218,6.1000000000000005
2010,8,11,5,30,55.65,0.13,3.3000000000000003,133,660,505,3,18,61.6,965,235,10,7,241,25.900000000000002,215,6.7
2010,8,11,6,30,41.4,0.13,3.4000000000000004,148,757,716,3,17.6,51.97,964,418,102,0,494,28.400000000000002,213,7
2010,8,11,7,30,27.63,0.13,3.5,155,811,873,0,17.400000000000002,45.37,963,155,811,0,873,30.5,212,7.2
2010,8,11,8,30,15.77,0.13,3.5,156,840,964,0,17,40.13,962,156,840,0,964,32.300000000000004,210,7.300000000000001
2010,8,11,9,30,13.040000000000001,0.13,3.6,141,865,983,0,16.6,36.730000000000004,961,141,865,0,983,33.4,210,7.2
2010,8,11,10,30,22.98,0.13,3.6,138,849,920,0,16.3,35.12,960,138,849,0,920,33.800000000000004,209,7.1000000000000005
2010,8,11,11,30,36.36,0.13,3.6,131,812,786,0,16,34.910000000000004,959,131,812,0,786,33.6,208,6.9
2010,8,11,12,30,50.5,0.13,3.7,117,747,593,2,15.9,36.62,959,290,30,0,310,32.6,205,6.7
2010,8,11,13,30,64.87,0.13,3.7,101,607,358,3,15.9,40.09,960,159,4,0,161,31.1,201,6.4
2010,8,11,14,30,79.3,0.13,3.7,63,310,121,0,16.2,44.79,960,63,310,0,121,29.400000000000002,194,5.9
2010,8,11,15,30,93.84,0.13,3.6,0,0,0,0,16.5,50,961,0,0,0,0,27.900000000000002,187,5.800000000000001
2010,8,11,16,30,108.23,0.13,3.6,0,0,0,0,17.1,55.83,962,0,0,0,0,26.6,182,6
2010,8,11,17,30,122.44,0.13,3.5,0,0,0,0,17.7,63.52,963,0,0,0,0,25.1,182,6
2010,8,11,18,30,136.26,0.13,3.3000000000000003,0,0,0,0,18.2,70.84,963,0,0,0,0,23.8,187,5.9
2010,8,11,19,30,149.14000000000001,0.13,3.2,0,0,0,0,18.5,76.57000000000001,963,0,0,0,0,22.8,193,5.6000000000000005
2010,8,11,20,30,159.20000000000002,0.13,3.2,0,0,0,0,18.6,81.16,963,0,0,0,0,22,200,5.300000000000001
2010,8,11,21,30,161.20000000000002,0.13,3.1,0,0,0,0,18.8,84.99,963,0,0,0,0,21.400000000000002,208,5.1000000000000005
2010,8,11,22,30,153.25,0.13,3.1,0,0,0,0,18.900000000000002,87.91,962,0,0,0,0,21,216,4.9
2010,8,11,23,30,141.03,0.13,3.1,0,0,0,0,19.1,90.49,962,0,0,0,0,20.700000000000003,222,4.800000000000001
2010,8,12,0,30,127.44,0.13,3.1,0,0,0,0,19.3,92.02,963,0,0,0,0,20.6,227,4.800000000000001
2010,8,12,1,30,113.33,0.13,3.2,0,0,0,0,19.400000000000002,93.37,963,0,0,0,0,20.5,228,4.7
2010,8,12,2,30,98.99000000000001,0.13,3.2,0,0,0,0,19.5,93.55,963,0,0,0,0,20.6,228,4.9
2010,8,12,3,30,84.39,0.13,3.3000000000000003,37,165,53,1,19.700000000000003,88.27,964,37,165,0,53,21.700000000000003,226,5.7
2010,8,12,4,30,70,0.13,3.3000000000000003,87,550,275,0,19.6,77.46000000000001,964,87,550,0,275,23.8,220,7
2010,8,12,5,30,55.57,0.13,3.3000000000000003,111,718,517,1,19,64.79,964,111,718,0,517,26.200000000000003,216,7.7
2010,8,12,6,30,41.29,0.13,3.3000000000000003,131,791,726,1,18.7,55.22,964,131,791,0,726,28.5,213,7.800000000000001
2010,8,12,7,30,27.48,0.13,3.4000000000000004,139,838,883,0,18.3,48.4,963,139,838,0,883,30.400000000000002,212,7.7
2010,8,12,8,30,15.52,0.13,3.4000000000000004,146,856,971,3,18,43.97,962,479,103,0,578,31.8,213,7.5
2010,8,12,9,30,12.780000000000001,0.13,3.5,144,863,985,3,17.8,41.11,961,432,12,0,444,32.7,213,7.4
2010,8,12,10,30,22.87,0.13,3.6,145,840,919,2,17.6,39.71,960,485,160,0,632,33.1,211,7.2
2010,8,12,11,30,36.32,0.13,3.8000000000000003,147,785,779,0,17.5,40.54,959,147,785,0,779,32.6,206,7
2010,8,12,12,30,50.49,0.13,3.9000000000000004,142,691,581,2,17.7,44.57,959,350,122,0,428,31.200000000000003,196,7.1000000000000005
2010,8,12,13,30,64.89,0.13,4.1000000000000005,115,552,350,3,18.2,51.83,960,43,0,0,43,29.1,186,7.300000000000001
2010,8,12,14,30,79.34,0.13,4.1000000000000005,64,300,119,3,18.5,60.43,961,15,0,1,15,26.8,181,7.2
2010,8,12,15,30,93.9,0.13,4,0,0,0,3,18.5,66.5,962,0,0,0,0,25.200000000000003,180,6.800000000000001
2010,8,12,16,30,108.31,0.13,3.9000000000000004,0,0,0,0,18.400000000000002,70.11,962,0,0,0,0,24.200000000000003,180,6.5
2010,8,12,17,30,122.55,0.13,3.9000000000000004,0,0,0,1,18.5,73.97,963,0,0,0,0,23.400000000000002,182,6.300000000000001
2010,8,12,18,30,136.4,0.13,3.8000000000000003,0,0,0,0,18.8,79.26,963,0,0,0,0,22.6,186,6
2010,8,12,19,30,149.34,0.13,3.7,0,0,0,0,19.1,84.34,963,0,0,0,0,21.900000000000002,191,5.7
2010,8,12,20,30,159.48,0.13,3.5,0,0,0,0,19.200000000000003,87.02,963,0,0,0,0,21.5,197,5.300000000000001
2010,8,12,21,30,161.48,0.13,3.4000000000000004,0,0,0,0,19.3,89.51,963,0,0,0,0,21.1,201,4.9
2010,8,12,22,30,153.41,0.13,3.3000000000000003,0,0,0,0,19.400000000000002,91.5,962,0,0,0,0,20.8,205,4.6000000000000005
2010,8,12,23,30,141.12,0.13,3.2,0,0,0,0,19.400000000000002,94.16,962,0,0,0,0,20.400000000000002,208,4.4
2010,8,13,0,30,127.49000000000001,0.13,3.2,0,0,0,0,19.5,95.49,962,0,0,0,0,20.200000000000003,210,4.5
2010,8,13,1,30,113.34,0.13,3.2,0,0,0,1,19.5,96.7,963,0,0,0,0,20,212,4.4
2010,8,13,2,30,98.97,0.13,3.2,0,0,0,1,19.5,96.85000000000001,963,0,0,0,0,20,212,4.3
2010,8,13,3,30,84.36,0.13,3.3000000000000003,30,299,59,3,19.5,90.62,964,39,1,7,39,21.1,210,5.300000000000001
2010,8,13,4,30,69.95,0.13,3.4000000000000004,61,673,291,3,19,77.24,964,36,0,0,36,23.200000000000003,209,6.6000000000000005
2010,8,13,5,30,55.5,0.13,3.6,75,810,534,3,18.2,64.07000000000001,965,141,0,0,141,25.5,208,7
2010,8,13,6,30,41.19,0.13,3.7,83,878,744,3,17.5,53.95,964,222,1,0,222,27.700000000000003,209,7.1000000000000005
2010,8,13,7,30,27.32,0.13,3.8000000000000003,88,914,900,7,17.3,47.81,963,366,42,0,403,29.5,210,7.2
2010,8,13,8,30,15.26,0.13,3.9000000000000004,89,931,988,7,17.2,43.86,962,424,128,0,548,30.900000000000002,210,7.2
2010,8,13,9,30,12.52,0.13,4,90,932,1000,7,17.1,41.29,961,371,370,0,732,31.900000000000002,210,7.2
2010,8,13,10,30,22.76,0.13,4.1000000000000005,88,919,936,3,17.2,40.980000000000004,960,356,3,0,359,32.1,208,7.300000000000001
2010,8,13,11,30,36.28,0.13,4.1000000000000005,87,885,801,3,17.400000000000002,43.5,959,386,75,0,446,31.3,205,7.300000000000001
2010,8,13,12,30,50.49,0.13,4.2,168,628,568,3,17.8,48.160000000000004,959,156,0,0,156,29.900000000000002,200,7.1000000000000005
2010,8,13,13,30,64.92,0.13,4.3,140,466,337,3,18.2,55.53,960,16,0,0,16,27.900000000000002,194,6.9
2010,8,13,14,30,79.38,0.13,4.3,75,188,110,3,18.6,63.940000000000005,961,33,0,0,33,25.900000000000002,188,6.6000000000000005
2010,8,13,15,30,93.96000000000001,0.13,4.3,0,0,0,1,18.7,70.38,962,0,0,0,0,24.400000000000002,186,6.4
2010,8,13,16,30,108.4,0.13,4.2,0,0,0,1,18.3,72.72,962,0,0,0,0,23.5,186,6.300000000000001
2010,8,13,17,30,122.66,0.13,4,0,0,0,8,17.8,73.21000000000001,963,0,0,0,0,22.900000000000002,187,6
2010,8,13,18,30,136.55,0.13,3.9000000000000004,0,0,0,3,17.7,75.06,963,0,0,0,0,22.3,187,5.6000000000000005
2010,8,13,19,30,149.54,0.13,3.8000000000000003,0,0,0,0,18,79.39,963,0,0,0,0,21.700000000000003,189,5.2
2010,8,13,20,30,159.77,0.13,3.7,0,0,0,0,18.5,85.37,963,0,0,0,0,21.1,192,4.9
2010,8,13,21,30,161.76,0.13,3.6,0,0,0,0,19,90.39,963,0,0,0,0,20.6,196,4.6000000000000005
2010,8,13,22,30,153.58,0.13,3.5,0,0,0,0,19.1,92.98,962,0,0,0,0,20.3,199,4.4
2010,8,13,23,30,141.20000000000002,0.13,3.5,0,0,0,0,19.200000000000003,95.2,962,0,0,0,0,20,201,4.2
2010,8,14,0,30,127.53,0.13,3.5,0,0,0,0,19.3,96.75,963,0,0,0,0,19.8,203,4
2010,8,14,1,30,113.35000000000001,0.13,3.5,0,0,0,0,19.3,98.07000000000001,963,0,0,0,0,19.6,205,3.8000000000000003
2010,8,14,2,30,98.96000000000001,0.13,3.6,0,0,0,0,19.200000000000003,96.64,963,0,0,0,0,19.8,206,4.1000000000000005
2010,8,14,3,30,84.33,0.13,3.6,34,223,56,0,19.200000000000003,89.54,964,34,223,0,56,21,204,5.5
2010,8,14,4,30,69.9,0.13,3.7,72,618,284,0,18.8,76.64,964,72,618,0,284,23.1,201,6.9
2010,8,14,5,30,55.42,0.13,3.8000000000000003,89,769,526,0,18.3,65.03,964,89,769,0,526,25.3,199,7.4
2010,8,14,6,30,41.08,0.13,3.8000000000000003,104,838,735,0,18,56.99,964,104,838,0,735,27.3,198,7.800000000000001
2010,8,14,7,30,27.17,0.13,3.9000000000000004,111,877,891,3,17.900000000000002,51.83,963,425,80,0,496,28.8,197,8
2010,8,14,8,30,15.01,0.13,3.9000000000000004,114,897,980,3,17.900000000000002,49.230000000000004,962,448,36,0,483,29.700000000000003,196,8.200000000000001
2010,8,14,9,30,12.25,0.13,3.9000000000000004,114,900,994,3,18.1,49.56,961,169,0,0,169,29.8,195,8.200000000000001
2010,8,14,10,30,22.650000000000002,0.13,4,114,883,929,3,18.6,52.58,960,217,0,0,218,29.3,194,8
2010,8,14,11,30,36.24,0.13,4,109,847,793,3,19.1,57,960,173,0,0,173,28.400000000000002,193,7.800000000000001
2010,8,14,12,30,50.49,0.13,4.1000000000000005,100,783,598,3,19.200000000000003,61.36,960,65,0,0,65,27.3,193,7.4
2010,8,14,13,30,64.94,0.13,4.1000000000000005,83,663,364,3,19.200000000000003,65.98,960,89,0,0,89,26,192,6.7
2010,8,14,14,30,79.43,0.13,4,53,393,125,5,19.200000000000003,72.78,961,4,0,0,4,24.400000000000002,191,5.5
2010,8,14,15,30,94.03,0.13,4,0,0,0,5,19.5,80.19,962,0,0,0,0,23.1,190,4.7
2010,8,14,16,30,108.49000000000001,0.13,3.9000000000000004,0,0,0,3,19.6,84.75,962,0,0,0,0,22.3,187,4.5
2010,8,14,17,30,122.77,0.13,3.8000000000000003,0,0,0,3,19.700000000000003,88.7,963,0,0,0,0,21.6,185,4.3
2010,8,14,18,30,136.70000000000002,0.13,3.7,0,0,0,3,19.700000000000003,92.21000000000001,963,0,0,0,0,21,185,4.3
2010,8,14,19,30,149.75,0.13,3.6,0,0,0,3,19.700000000000003,95.24,963,0,0,0,0,20.5,190,4.3
2010,8,14,20,30,160.06,0.13,3.5,0,0,0,3,19.6,97.07000000000001,963,0,0,0,0,20.1,197,4.4
2010,8,14,21,30,162.04,0.13,3.4000000000000004,0,0,0,1,19.6,97.92,962,0,0,0,0,19.900000000000002,201,4.4
2010,8,14,22,30,153.74,0.13,3.4000000000000004,0,0,0,3,19.6,98.73,962,0,0,0,0,19.8,201,4.4
2010,8,14,23,30,141.29,0.13,3.4000000000000004,0,0,0,7,19.700000000000003,99.36,962,0,0,0,0,19.8,199,4.3
2010,8,15,0,30,127.56,0.13,3.4000000000000004,0,0,0,3,19.700000000000003,100,962,0,0,0,0,19.700000000000003,197,4.2
2010,8,15,1,30,113.36,0.13,3.4000000000000004,0,0,0,3,19.5,100,963,0,0,0,0,19.5,198,4
2010,8,15,2,30,98.95,0.13,3.4000000000000004,0,0,0,3,19.5,99.43,963,0,0,0,0,19.6,203,4
2010,8,15,3,30,84.29,0.13,3.4000000000000004,31,275,59,3,19.5,93.08,964,37,1,7,37,20.700000000000003,204,5
2010,8,15,4,30,69.84,0.13,3.4000000000000004,67,645,289,3,19.200000000000003,81.85000000000001,964,159,14,0,164,22.5,202,6.2
2010,8,15,5,30,55.34,0.13,3.4000000000000004,86,786,532,0,18.7,70.62,964,86,786,0,532,24.400000000000002,202,6.6000000000000005
2010,8,15,6,30,40.97,0.13,3.5,98,854,742,0,18.5,63.13,964,98,854,0,742,26.1,203,6.7
2010,8,15,7,30,27.01,0.13,3.6,105,890,898,0,18.6,58.19,963,105,890,0,898,27.5,203,6.7
2010,8,15,8,30,14.75,0.13,3.7,109,908,986,8,18.6,54.730000000000004,962,339,442,0,767,28.6,202,6.7
2010,8,15,9,30,11.99,0.13,3.8000000000000003,140,865,986,7,18.6,52.32,961,434,226,0,655,29.400000000000002,201,6.7
2010,8,15,10,30,22.55,0.13,4,142,840,917,3,18.7,52.620000000000005,960,344,2,0,346,29.400000000000002,199,6.6000000000000005
2010,8,15,11,30,36.21,0.13,4.1000000000000005,141,789,778,7,18.900000000000002,55.45,960,290,15,0,302,28.700000000000003,194,6.7
2010,8,15,12,30,50.49,0.13,4.2,147,672,575,4,19.1,61.11,960,44,0,0,44,27.3,189,6.7
2010,8,15,13,30,64.97,0.13,4.3,120,522,341,4,19.3,68.18,960,75,0,0,75,25.6,185,6.300000000000001
2010,8,15,14,30,79.48,0.13,4.2,67,236,110,4,19.3,75.66,961,4,0,0,4,23.900000000000002,182,5.5
2010,8,15,15,30,94.10000000000001,0.13,4.2,0,0,0,3,19.400000000000002,81.67,961,0,0,0,0,22.700000000000003,180,4.800000000000001
2010,8,15,16,30,108.58,0.13,4.1000000000000005,0,0,0,7,19.400000000000002,86.34,962,0,0,0,0,21.8,179,4.4
2010,8,15,17,30,122.89,0.13,4.1000000000000005,0,0,0,7,19.5,90.48,963,0,0,0,0,21.1,180,4.3
2010,8,15,18,30,136.86,0.13,4.1000000000000005,0,0,0,7,19.5,94.17,963,0,0,0,0,20.5,181,4.2
2010,8,15,19,30,149.96,0.13,4.1000000000000005,0,0,0,7,19.6,97.39,963,0,0,0,0,20,186,4.1000000000000005
2010,8,15,20,30,160.35,0.13,4.1000000000000005,0,0,0,8,19.5,98.81,963,0,0,0,0,19.700000000000003,194,4.2
2010,8,15,21,30,162.33,0.13,4.1000000000000005,0,0,0,7,19.3,98.93,962,0,0,0,0,19.5,199,4.2
2010,8,15,22,30,153.9,0.13,4.2,0,0,0,8,19.200000000000003,99.37,962,0,0,0,0,19.3,202,4
2010,8,15,23,30,141.37,0.13,4.1000000000000005,0,0,0,7,19.1,99.57000000000001,962,0,0,0,0,19.200000000000003,203,3.8000000000000003
2010,8,16,0,30,127.60000000000001,0.13,4.1000000000000005,0,0,0,7,19.1,99.87,963,0,0,0,0,19.1,203,3.7
2010,8,16,1,30,113.37,0.13,4.1000000000000005,0,0,0,8,19,99.98,963,0,0,0,0,19,204,3.5
2010,8,16,2,30,98.93,0.13,4,0,0,0,1,19,99.14,964,0,0,0,0,19.1,206,3.5
2010,8,16,3,30,84.25,0.13,4,37,144,51,0,19,93.46000000000001,964,37,144,0,51,20.1,204,4.6000000000000005
2010,8,16,4,30,69.78,0.13,4,92,524,273,3,18.8,82.26,965,60,0,7,60,22,201,6.1000000000000005
2010,8,16,5,30,55.26,0.13,3.9000000000000004,116,697,513,0,18.3,70.39,965,116,697,0,513,24,200,6.7
2010,8,16,6,30,40.86,0.13,3.9000000000000004,128,789,725,3,18,62.29,964,406,184,0,546,25.700000000000003,201,6.9
2010,8,16,7,30,26.85,0.13,4,137,834,881,3,17.7,56.58,964,458,107,0,554,27.1,203,7.1000000000000005
2010,8,16,8,30,14.49,0.13,4,144,853,970,3,17.6,53.17,963,480,61,0,539,28,204,7.300000000000001
2010,8,16,9,30,11.73,0.13,4,241,720,946,3,17.400000000000002,51.17,962,488,38,0,525,28.5,205,7.300000000000001
2010,8,16,10,30,22.45,0.13,3.9000000000000004,236,704,886,0,17.3,50.7,961,236,704,0,886,28.5,205,7.2
2010,8,16,11,30,36.18,0.13,3.9000000000000004,207,678,754,3,17.1,51.42,960,429,83,0,497,28.1,204,7.1000000000000005
2010,8,16,12,30,50.5,0.13,3.9000000000000004,168,630,569,3,17.1,54.1,960,110,0,0,110,27.200000000000003,200,6.7
2010,8,16,13,30,65,0.13,3.8000000000000003,124,521,344,3,17.2,58.72,961,14,0,0,14,25.900000000000002,194,6
2010,8,16,14,30,79.53,0.13,3.8000000000000003,64,284,115,3,17.5,65.66,961,25,0,7,25,24.3,187,5.1000000000000005
2010,8,16,15,30,94.17,0.13,3.8000000000000003,0,0,0,1,18,73.78,962,0,0,0,0,22.900000000000002,181,4.6000000000000005
2010,8,16,16,30,108.67,0.13,3.8000000000000003,0,0,0,1,18.2,79.48,963,0,0,0,0,21.900000000000002,178,4.7
2010,8,16,17,30,123.01,0.13,3.7,0,0,0,1,18.2,84.28,963,0,0,0,0,21,178,4.4
2010,8,16,18,30,137.01,0.13,3.7,0,0,0,3,18.3,88.45,964,0,0,0,0,20.3,180,4.1000000000000005
2010,8,16,19,30,150.17000000000002,0.13,3.7,0,0,0,1,18.400000000000002,92.71000000000001,964,0,0,0,0,19.6,183,3.8000000000000003
2010,8,16,20,30,160.65,0.13,3.6,0,0,0,3,18.5,95.54,963,0,0,0,0,19.200000000000003,187,3.8000000000000003
2010,8,16,21,30,162.62,0.13,3.6,0,0,0,3,18.6,98.02,963,0,0,0,0,18.900000000000002,191,4
2010,8,16,22,30,154.06,0.13,3.6,0,0,0,3,18.7,99.13,963,0,0,0,0,18.8,194,4.1000000000000005
2010,8,16,23,30,141.45000000000002,0.13,3.6,0,0,0,3,18.7,99.7,963,0,0,0,0,18.7,196,4.2
2010,8,17,0,30,127.63000000000001,0.13,3.6,0,0,0,0,18.6,99.89,963,0,0,0,0,18.6,197,4.1000000000000005
2010,8,17,1,30,113.37,0.13,3.6,0,0,0,0,18.5,100,963,0,0,0,0,18.5,198,4
2010,8,17,2,30,98.91,0.13,3.7,0,0,0,0,18.400000000000002,98.77,964,0,0,0,0,18.6,200,4.2
2010,8,17,3,30,84.21000000000001,0.13,3.7,35,188,54,0,18.400000000000002,92.52,964,35,188,0,54,19.6,202,5.300000000000001
2010,8,17,4,30,69.72,0.13,3.7,85,559,278,1,17.900000000000002,79.7,965,85,559,0,278,21.6,202,6.5
2010,8,17,5,30,55.18,0.13,3.7,106,727,521,0,17.2,67.94,965,106,727,0,521,23.5,205,7.1000000000000005
2010,8,17,6,30,40.75,0.13,3.8000000000000003,125,796,729,1,16.900000000000002,59.980000000000004,964,125,796,0,729,25.200000000000003,208,7.300000000000001
2010,8,17,7,30,26.69,0.13,3.9000000000000004,131,845,886,3,16.900000000000002,55.13,964,475,139,0,600,26.6,210,7.4
2010,8,17,8,30,14.22,0.13,3.9000000000000004,133,869,976,3,17,51.81,962,475,119,0,590,27.8,212,7.4
2010,8,17,9,30,11.46,0.13,3.9000000000000004,144,857,984,3,17.1,49.69,961,489,74,0,562,28.6,214,7.4
2010,8,17,10,30,22.36,0.13,3.9000000000000004,138,847,921,3,17,48.21,960,373,1,0,374,29,215,7.4
2010,8,17,11,30,36.15,0.13,3.8000000000000003,130,812,786,3,16.7,47.86,960,305,1,0,306,28.8,214,7.2
2010,8,17,12,30,50.51,0.13,3.8000000000000003,117,745,591,3,16.2,48.61,959,183,0,0,183,28,212,6.800000000000001
2010,8,17,13,30,65.04,0.13,3.7,97,618,358,3,15.600000000000001,50.29,960,48,0,0,48,26.8,208,6
2010,8,17,14,30,79.59,0.13,3.6,57,341,119,3,15.3,55.1,960,41,0,7,41,24.900000000000002,201,4.7
2010,8,17,15,30,94.25,0.13,3.5,0,0,0,3,15.5,62.620000000000005,960,0,0,0,0,23,192,4.2
2010,8,17,16,30,108.77,0.13,3.4000000000000004,0,0,0,0,15.5,68.11,961,0,0,0,0,21.6,185,4.2
2010,8,17,17,30,123.13000000000001,0.13,3.5,0,0,0,0,15.600000000000001,74.09,962,0,0,0,0,20.400000000000002,182,4.2
2010,8,17,18,30,137.17000000000002,0.13,3.5,0,0,0,0,16,79.99,962,0,0,0,0,19.5,184,4.1000000000000005
2010,8,17,19,30,150.38,0.13,3.5,0,0,0,0,16.5,85.9,962,0,0,0,0,18.900000000000002,188,3.9000000000000004
2010,8,17,20,30,160.95000000000002,0.13,3.5,0,0,0,0,17,91.37,962,0,0,0,0,18.400000000000002,192,3.9000000000000004
2010,8,17,21,30,162.91,0.13,3.5,0,0,0,1,17.3,95.06,961,0,0,0,0,18.1,198,3.8000000000000003
2010,8,17,22,30,154.22,0.13,3.4000000000000004,0,0,0,0,17.5,98.39,961,0,0,0,0,17.8,204,3.7
2010,8,17,23,30,141.52,0.13,3.4000000000000004,0,0,0,3,17.7,99.29,960,0,0,0,0,17.8,210,3.7
2010,8,18,0,30,127.66,0.13,3.5,0,0,0,0,17.8,100,961,0,0,0,0,17.8,215,3.8000000000000003
2010,8,18,1,30,113.37,0.13,3.6,0,0,0,0,17.900000000000002,100,961,0,0,0,0,17.900000000000002,218,3.7
2010,8,18,2,30,98.88,0.13,3.7,0,0,0,0,18,98.73,961,0,0,0,0,18.2,221,3.9000000000000004
2010,8,18,3,30,84.17,0.13,3.8000000000000003,35,199,56,0,18.2,92.27,962,35,199,0,56,19.5,221,5.1000000000000005
2010,8,18,4,30,69.66,0.13,3.9000000000000004,86,554,279,2,18.7,83.08,962,185,100,0,220,21.700000000000003,218,6.9
2010,8,18,5,30,55.1,0.13,3.9000000000000004,111,715,520,0,18.8,73.02,963,111,715,0,520,23.900000000000002,213,8
2010,8,18,6,30,40.64,0.13,4,124,799,731,0,18.6,64.97,962,124,799,0,731,25.700000000000003,210,8.200000000000001
2010,8,18,7,30,26.53,0.13,4.1000000000000005,131,845,887,1,18.7,59.980000000000004,962,131,845,0,887,27.1,209,8.1
2010,8,18,8,30,13.96,0.13,4.1000000000000005,134,867,976,3,18.7,56.24,961,475,106,0,578,28.200000000000003,211,7.9
2010,8,18,9,30,11.200000000000001,0.13,4.1000000000000005,133,873,989,3,18.5,53.83,959,476,71,0,545,28.8,212,7.7
2010,8,18,10,30,22.27,0.13,4.1000000000000005,128,861,925,3,18.400000000000002,52.410000000000004,958,384,2,0,386,29.1,213,7.4
2010,8,18,11,30,36.13,0.13,4.2,120,828,788,3,18.2,51.79,958,344,7,0,350,29.1,211,7.2
2010,8,18,12,30,50.53,0.13,4.2,108,763,593,1,18.1,53.19,957,108,763,0,593,28.5,208,6.9
2010,8,18,13,30,65.08,0.13,4.2,88,646,360,4,18.1,57.89,958,45,0,0,45,27.1,202,6.4
2010,8,18,14,30,79.64,0.13,4.2,53,374,120,3,18.5,66.4,958,7,0,0,7,25.200000000000003,194,5.6000000000000005
2010,8,18,15,30,94.33,0.13,4.2,0,0,0,5,19.1,75.79,959,0,0,0,0,23.6,187,5.4
2010,8,18,16,30,108.86,0.13,4.2,0,0,0,8,19.3,81.59,960,0,0,0,0,22.6,185,5.4
2010,8,18,17,30,123.25,0.13,4.1000000000000005,0,0,0,7,19.3,86.24,960,0,0,0,0,21.700000000000003,185,4.9
2010,8,18,18,30,137.33,0.13,4,0,0,0,7,19.3,90.02,961,0,0,0,0,21,189,4.5
2010,8,18,19,30,150.6,0.13,4,0,0,0,7,19.3,93.2,961,0,0,0,0,20.400000000000002,195,4.3
2010,8,18,20,30,161.25,0.13,3.9000000000000004,0,0,0,8,19.3,96.34,960,0,0,0,0,19.900000000000002,203,4.3
2010,8,18,21,30,163.20000000000002,0.13,3.9000000000000004,0,0,0,0,19.5,98.63,960,0,0,0,0,19.700000000000003,210,4.3
2010,8,18,22,30,154.37,0.13,3.8000000000000003,0,0,0,0,19.6,99.73,959,0,0,0,0,19.6,215,4.4
2010,8,18,23,30,141.59,0.13,3.9000000000000004,0,0,0,0,19.6,99.76,959,0,0,0,0,19.6,216,4.5
2010,8,19,0,30,127.69,0.13,3.9000000000000004,0,0,0,0,19.5,99.68,959,0,0,0,0,19.6,216,4.5
2010,8,19,1,30,113.37,0.13,3.9000000000000004,0,0,0,0,19.6,99.72,960,0,0,0,0,19.6,215,4.4
2010,8,19,2,30,98.86,0.13,3.9000000000000004,0,0,0,0,19.6,98.66,961,0,0,0,0,19.8,215,4.5
2010,8,19,3,30,84.13,0.13,3.9000000000000004,37,183,56,0,19.700000000000003,94.38,961,37,183,0,56,20.6,214,5.300000000000001
2010,8,19,4,30,69.60000000000001,0.13,3.9000000000000004,87,555,281,2,19.8,85.55,962,179,154,0,233,22.3,212,6.6000000000000005
2010,8,19,5,30,55.01,0.13,3.9000000000000004,107,726,523,1,19.5,74.09,962,107,726,0,523,24.400000000000002,209,7.300000000000001
2010,8,19,6,30,40.52,0.13,3.9000000000000004,113,822,738,1,19.3,65.15,961,113,822,0,738,26.400000000000002,206,7.300000000000001
2010,8,19,7,30,26.37,0.13,4,122,860,893,1,19.3,58.71,961,122,860,0,893,28.1,205,7.1000000000000005
2010,8,19,8,30,13.69,0.13,4,127,880,982,1,19.200000000000003,53.800000000000004,960,127,880,0,982,29.5,206,7
2010,8,19,9,30,10.94,0.13,4.1000000000000005,130,879,993,3,19,50.67,959,404,5,0,408,30.400000000000002,206,6.800000000000001
2010,8,19,10,30,22.18,0.13,4.1000000000000005,128,863,927,3,18.900000000000002,49.06,958,261,0,0,262,30.8,205,6.6000000000000005
2010,8,19,11,30,36.12,0.13,4.2,126,817,787,2,18.8,49.300000000000004,957,400,100,0,480,30.6,202,6.4
2010,8,19,12,30,50.54,0.13,4.3,120,736,588,2,18.8,52,957,335,86,0,390,29.700000000000003,197,6.300000000000001
2010,8,19,13,30,65.12,0.13,4.3,102,593,351,2,19.1,57.99,958,169,8,0,173,28.1,190,6
2010,8,19,14,30,79.7,0.13,4.3,61,300,114,3,19.5,67.14,959,5,0,0,5,26.1,183,5.6000000000000005
2010,8,19,15,30,94.4,0.13,4.3,0,0,0,3,20,75.82000000000001,959,0,0,0,0,24.5,178,5.4
2010,8,19,16,30,108.96000000000001,0.13,4.1000000000000005,0,0,0,3,20.1,82.21000000000001,960,0,0,0,0,23.3,177,5.300000000000001
2010,8,19,17,30,123.38000000000001,0.13,4,0,0,0,3,20.1,86.76,961,0,0,0,0,22.400000000000002,178,5.2
2010,8,19,18,30,137.49,0.13,3.8000000000000003,0,0,0,0,20.1,91.03,961,0,0,0,0,21.6,180,5
2010,8,19,19,30,150.81,0.13,3.7,0,0,0,0,20.200000000000003,95.26,961,0,0,0,0,21,183,4.7
2010,8,19,20,30,161.55,0.13,3.7,0,0,0,0,20.3,98.18,961,0,0,0,0,20.6,188,4.5
2010,8,19,21,30,163.49,0.13,3.6,0,0,0,0,20.200000000000003,98.98,961,0,0,0,0,20.400000000000002,192,4.3
2010,8,19,22,30,154.52,0.13,3.6,0,0,0,0,20.1,99.29,960,0,0,0,0,20.200000000000003,194,4.2
2010,8,19,23,30,141.66,0.13,3.5,0,0,0,0,20,99.82000000000001,961,0,0,0,0,20,195,3.9000000000000004
2010,8,20,0,30,127.72,0.15,3.5,0,0,0,0,19.8,100,961,0,0,0,0,19.8,195,3.6
2010,8,20,1,30,113.36,0.15,3.5,0,0,0,0,19.700000000000003,100,962,0,0,0,0,19.700000000000003,195,3.6
2010,8,20,2,30,98.83,0.15,3.5,0,0,0,0,19.700000000000003,99.44,962,0,0,0,0,19.8,196,3.8000000000000003
2010,8,20,3,30,84.08,0.15,3.5,38,175,56,0,19.700000000000003,92.98,963,38,175,0,56,20.900000000000002,196,4.800000000000001
2010,8,20,4,30,69.53,0.15,3.5,90,552,283,1,19.3,80.01,963,90,552,0,283,22.900000000000002,195,6
2010,8,20,5,30,54.93,0.15,3.6,118,707,524,0,18.7,67.57000000000001,964,118,707,0,524,25.1,195,6.300000000000001
2010,8,20,6,30,40.410000000000004,0.15,3.6,135,789,736,0,18.400000000000002,58.82,963,135,789,0,736,27.1,196,6.2
2010,8,20,7,30,26.2,0.15,3.7,146,832,892,0,18.2,52.94,963,146,832,0,892,28.700000000000003,199,6.1000000000000005
2010,8,20,8,30,13.42,0.15,3.8000000000000003,151,852,980,0,18,49.550000000000004,962,151,852,0,980,29.700000000000003,202,6.1000000000000005
2010,8,20,9,30,10.68,0.15,3.8000000000000003,146,862,993,3,17.900000000000002,47.58,960,537,190,0,724,30.3,205,6.1000000000000005
2010,8,20,10,30,22.11,0.15,3.8000000000000003,148,840,926,3,17.900000000000002,46.99,959,505,175,0,667,30.5,205,6.1000000000000005
2010,8,20,11,30,36.1,0.15,3.8000000000000003,143,796,786,3,17.900000000000002,48.13,959,373,18,0,387,30.1,202,6
2010,8,20,12,30,50.56,0.15,3.9000000000000004,129,722,588,3,18.1,51.38,959,317,34,0,338,29.1,197,5.9
2010,8,20,13,30,65.16,0.15,3.9000000000000004,106,585,352,3,18.2,56.09,959,103,0,0,104,27.8,191,5.6000000000000005
2010,8,20,14,30,79.77,0.15,3.9000000000000004,62,292,114,0,18.6,63.7,960,62,292,0,114,26,182,5
2010,8,20,15,30,94.49,0.15,3.8000000000000003,0,0,0,0,19.1,72.2,961,0,0,0,0,24.400000000000002,175,4.9
2010,8,20,16,30,109.06,0.15,3.7,0,0,0,3,19.200000000000003,77.60000000000001,961,0,0,0,0,23.3,171,5.2
2010,8,20,17,30,123.51,0.15,3.7,0,0,0,0,19,81.64,962,0,0,0,0,22.3,171,5.1000000000000005
2010,8,20,18,30,137.65,0.15,3.6,0,0,0,0,18.8,85.2,962,0,0,0,0,21.400000000000002,172,4.7
2010,8,20,19,30,151.03,0.15,3.5,0,0,0,0,18.8,88.78,962,0,0,0,0,20.700000000000003,175,4.3
2010,8,20,20,30,161.86,0.15,3.4000000000000004,0,0,0,0,19,93.18,962,0,0,0,0,20.1,178,3.8000000000000003
2010,8,20,21,30,163.78,0.15,3.4000000000000004,0,0,0,0,19.1,96.55,961,0,0,0,0,19.700000000000003,181,3.7
2010,8,20,22,30,154.67000000000002,0.15,3.4000000000000004,0,0,0,0,19.200000000000003,98.2,961,0,0,0,0,19.5,182,3.7
2010,8,20,23,30,141.73,0.15,3.4000000000000004,0,0,0,0,19.200000000000003,98.58,961,0,0,0,0,19.400000000000002,184,3.8000000000000003
2010,8,21,0,30,127.74000000000001,0.15,3.4000000000000004,0,0,0,0,19.1,98.84,961,0,0,0,0,19.3,186,3.9000000000000004
2010,8,21,1,30,113.36,0.15,3.4000000000000004,0,0,0,0,19.1,99.3,962,0,0,0,0,19.200000000000003,188,3.8000000000000003
2010,8,21,2,30,98.8,0.15,3.5,0,0,0,0,19.1,98.52,962,0,0,0,0,19.3,189,3.8000000000000003
2010,8,21,3,30,84.04,0.15,3.6,38,192,57,0,19.1,92.96000000000001,963,38,192,0,57,20.3,189,4.6000000000000005
2010,8,21,4,30,69.46000000000001,0.15,3.7,89,555,284,3,19,81.87,963,185,44,0,201,22.200000000000003,190,5.7
2010,8,21,5,30,54.84,0.15,3.8000000000000003,113,718,527,0,18.2,69.09,963,113,718,0,527,24.200000000000003,192,6.300000000000001
2010,8,21,6,30,40.29,0.15,3.8000000000000003,201,669,711,0,17.2,58.980000000000004,963,201,669,0,711,25.8,196,6.6000000000000005
2010,8,21,7,30,26.04,0.15,3.9000000000000004,207,736,869,0,16.2,51.26,962,207,736,0,869,27.1,199,6.800000000000001
2010,8,21,8,30,13.15,0.15,3.9000000000000004,208,772,960,0,15.4,46.58,961,208,772,0,960,27.900000000000002,202,7
2010,8,21,9,30,10.42,0.15,4,200,787,974,1,15,43.78,960,200,787,0,974,28.5,205,7.2
2010,8,21,10,30,22.03,0.15,4,186,781,910,7,14.9,42.53,959,342,472,0,780,28.900000000000002,206,7.300000000000001
2010,8,21,11,30,36.09,0.15,4,172,745,774,1,14.9,42.63,959,172,745,0,774,28.900000000000002,207,7.2
2010,8,21,12,30,50.59,0.15,4.1000000000000005,152,669,577,7,14.9,44.34,959,241,492,7,553,28.200000000000003,206,6.9
2010,8,21,13,30,65.21000000000001,0.15,4.1000000000000005,121,531,343,3,14.8,47,959,82,0,0,82,27.1,203,6.1000000000000005
2010,8,21,14,30,79.83,0.15,4.1000000000000005,65,254,110,1,14.9,52.22,960,65,254,0,110,25.400000000000002,196,5
2010,8,21,15,30,94.57000000000001,0.15,4,0,0,0,3,15.4,59.61,960,0,0,0,0,23.700000000000003,187,4.2
2010,8,21,16,30,109.17,0.15,4,0,0,0,3,15.8,65.91,961,0,0,0,0,22.5,178,4.1000000000000005
2010,8,21,17,30,123.63000000000001,0.15,4,0,0,0,1,16.3,72.59,962,0,0,0,0,21.400000000000002,175,4
2010,8,21,18,30,137.81,0.15,3.9000000000000004,0,0,0,3,16.900000000000002,79.5,962,0,0,0,0,20.6,177,3.8000000000000003
2010,8,21,19,30,151.25,0.15,3.8000000000000003,0,0,0,1,17.7,86.48,962,0,0,0,0,20,182,3.5
2010,8,21,20,30,162.18,0.15,3.7,0,0,0,3,18.3,92.62,961,0,0,0,0,19.5,188,3.5
2010,8,21,21,30,164.08,0.15,3.7,0,0,0,3,18.7,96.51,961,0,0,0,0,19.3,195,3.5
2010,8,21,22,30,154.81,0.15,3.8000000000000003,0,0,0,3,19,98.8,960,0,0,0,0,19.200000000000003,201,3.7
2010,8,21,23,30,141.79,0.15,3.9000000000000004,0,0,0,0,19.200000000000003,99.22,960,0,0,0,0,19.3,205,3.9000000000000004
2010,8,22,0,30,127.76,0.15,4,0,0,0,0,19.3,99.45,960,0,0,0,0,19.400000000000002,206,4
2010,8,22,1,30,113.35000000000001,0.15,4,0,0,0,0,19.400000000000002,100,961,0,0,0,0,19.400000000000002,205,3.9000000000000004
2010,8,22,2,30,98.77,0.15,4.1000000000000005,0,0,0,3,19.5,99.19,961,0,0,0,0,19.6,202,4
2010,8,22,3,30,83.99,0.15,4.1000000000000005,38,166,55,8,19.6,93.18,962,48,7,7,49,20.700000000000003,199,5
2010,8,22,4,30,69.4,0.15,4.1000000000000005,97,515,278,5,19.400000000000002,82.25,962,113,1,0,114,22.6,195,6.2
2010,8,22,5,30,54.75,0.15,4.2,127,678,518,3,19,71.11,962,241,9,0,246,24.6,193,6.7
2010,8,22,6,30,40.18,0.15,4.2,140,772,730,3,18.7,62.25,962,357,39,0,387,26.5,195,6.800000000000001
2010,8,22,7,30,25.88,0.15,4.3,146,825,888,3,18.400000000000002,55.49,961,378,6,0,383,28.200000000000003,196,7
2010,8,22,8,30,12.88,0.15,4.4,148,849,975,2,18.400000000000002,50.94,960,504,136,0,637,29.6,196,7.2
2010,8,22,9,30,10.17,0.15,4.6000000000000005,153,845,984,3,18.2,48.27,959,274,0,0,274,30.3,196,7.300000000000001
2010,8,22,10,30,21.96,0.15,4.7,152,824,916,3,17.900000000000002,48.31,958,155,0,0,155,30,196,7.2
2010,8,22,11,30,36.09,0.15,4.800000000000001,145,782,777,3,17.8,50.980000000000004,958,126,0,0,126,29,196,6.9
2010,8,22,12,30,50.620000000000005,0.15,4.800000000000001,151,665,573,3,17.900000000000002,55.02,958,45,0,0,45,27.8,193,6.5
2010,8,22,13,30,65.26,0.15,4.800000000000001,120,524,340,3,18.1,59.93,959,14,0,0,14,26.5,189,5.9
2010,8,22,14,30,79.9,0.15,4.800000000000001,65,245,108,3,18.2,65.64,959,4,0,0,4,25.1,184,5.1000000000000005
2010,8,22,15,30,94.66,0.15,4.7,0,0,0,3,18.5,71.68,960,0,0,0,0,23.900000000000002,178,4.6000000000000005
2010,8,22,16,30,109.27,0.15,4.6000000000000005,0,0,0,4,18.6,76.51,961,0,0,0,0,22.900000000000002,174,4.5
2010,8,22,17,30,123.76,0.15,4.6000000000000005,0,0,0,3,18.5,80.76,961,0,0,0,0,22,171,4.3
2010,8,22,18,30,137.98,0.15,4.5,0,0,0,3,18.7,86.21000000000001,961,0,0,0,0,21.1,171,3.9000000000000004
2010,8,22,19,30,151.47,0.15,4.4,0,0,0,3,19,91.10000000000001,961,0,0,0,0,20.5,174,3.6
2010,8,22,20,30,162.49,0.15,4.4,0,0,0,3,19.400000000000002,95.66,961,0,0,0,0,20.1,178,3.4000000000000004
2010,8,22,21,30,164.37,0.15,4.3,0,0,0,3,19.700000000000003,98.06,960,0,0,0,0,20,184,3.4000000000000004
2010,8,22,22,30,154.96,0.15,4.3,0,0,0,3,19.8,98.41,960,0,0,0,0,20.1,190,3.4000000000000004
2010,8,22,23,30,141.85,0.15,4.3,0,0,0,3,19.900000000000002,99.01,960,0,0,0,0,20.1,195,3.3000000000000003
2010,8,23,0,30,127.77,0.15,4.2,0,0,0,0,20,99.37,960,0,0,0,0,20.1,197,3.3000000000000003
2010,8,23,1,30,113.34,0.15,4.1000000000000005,0,0,0,0,20,100,961,0,0,0,0,20,199,3.3000000000000003
2010,8,23,2,30,98.74000000000001,0.15,4,0,0,0,0,20,99.12,961,0,0,0,0,20.1,200,3.5
2010,8,23,3,30,83.94,0.15,4,34,234,59,1,20,93.35000000000001,962,34,234,0,59,21.1,199,4.5
2010,8,23,4,30,69.33,0.15,4,78,596,288,3,19.6,80.8,962,37,0,7,37,23.1,197,5.5
2010,8,23,5,30,54.660000000000004,0.15,4,100,746,532,3,19,67.62,963,193,1,0,193,25.400000000000002,196,5.800000000000001
2010,8,23,6,30,40.06,0.15,4,119,812,741,3,18.3,57.72,962,413,166,0,540,27.400000000000002,195,5.9
2010,8,23,7,30,25.72,0.15,4.1000000000000005,129,852,896,8,17.900000000000002,50.730000000000004,961,391,281,0,644,29.1,194,6.1000000000000005
2010,8,23,8,30,12.61,0.15,4.1000000000000005,136,870,985,3,17.5,46.35,960,533,196,0,724,30.3,193,6.300000000000001
2010,8,23,9,30,9.92,0.15,4.2,145,859,991,3,17.3,43.81,959,508,168,1,674,31,194,6.4
2010,8,23,10,30,21.900000000000002,0.15,4.2,142,843,924,3,17,42.72,958,483,151,1,623,31.200000000000003,194,6.4
2010,8,23,11,30,36.09,0.15,4.2,137,801,785,3,17,43.63,958,434,140,1,547,30.8,194,6.4
2010,8,23,12,30,50.65,0.15,4.2,124,728,586,3,17,45.980000000000004,958,343,100,1,406,29.900000000000002,193,6.1000000000000005
2010,8,23,13,30,65.31,0.15,4.2,100,600,350,3,17,49.88,958,206,26,1,217,28.5,191,5.5
2010,8,23,14,30,79.97,0.15,4.2,56,320,111,3,17.2,56.04,959,61,1,1,61,26.700000000000003,186,4.5
2010,8,23,15,30,94.74,0.15,4.2,0,0,0,0,17.8,63.76,959,0,0,1,0,25.1,179,4
2010,8,23,16,30,109.38,0.15,4.2,0,0,0,0,18,69.51,960,0,0,1,0,23.900000000000002,173,4.1000000000000005
2010,8,23,17,30,123.9,0.15,4.2,0,0,0,0,18.400000000000002,76.61,961,0,0,1,0,22.700000000000003,170,4
2010,8,23,18,30,138.14000000000001,0.15,4.1000000000000005,0,0,0,0,18.8,83.41,961,0,0,1,0,21.700000000000003,170,3.8000000000000003
2010,8,23,19,30,151.69,0.15,4.1000000000000005,0,0,0,0,19.200000000000003,89.82000000000001,961,0,0,1,0,20.900000000000002,173,3.6
2010,8,23,20,30,162.81,0.15,4,0,0,0,0,19.5,95.25,961,0,0,1,0,20.3,176,3.3000000000000003
2010,8,23,21,30,164.66,0.15,3.9000000000000004,0,0,0,0,19.8,98.51,961,0,0,1,0,20,179,3.2
2010,8,23,22,30,155.09,0.15,3.9000000000000004,0,0,0,3,19.900000000000002,98.56,960,0,0,0,0,20.1,183,3.4000000000000004
2010,8,23,23,30,141.91,0.15,3.9000000000000004,0,0,0,7,20,98.58,961,0,0,0,0,20.200000000000003,186,3.5
2010,8,24,0,30,127.79,0.15,4,0,0,0,3,20.1,99.21000000000001,961,0,0,0,0,20.200000000000003,189,3.4000000000000004
2010,8,24,1,30,113.32000000000001,0.15,4,0,0,0,0,20.200000000000003,99.7,961,0,0,0,0,20.200000000000003,192,3.3000000000000003
2010,8,24,2,30,98.7,0.15,4,0,0,0,1,20.200000000000003,98.8,962,0,0,0,0,20.400000000000002,196,3.5
2010,8,24,3,30,83.89,0.15,3.9000000000000004,37,155,53,3,20.200000000000003,93.16,963,33,0,7,33,21.400000000000002,198,4.4
2010,8,24,4,30,69.26,0.15,3.9000000000000004,105,470,271,1,19.8,80.72,963,105,470,0,271,23.3,200,5.4
2010,8,24,5,30,54.57,0.15,3.9000000000000004,145,627,508,0,19.200000000000003,68.96000000000001,963,145,627,0,508,25.3,202,5.9
2010,8,24,6,30,39.95,0.15,3.9000000000000004,153,745,725,0,18.7,59.38,963,153,745,0,725,27.3,205,6.2
2010,8,24,7,30,25.560000000000002,0.15,3.9000000000000004,169,787,879,1,18,51.63,962,169,787,0,879,29,207,6.4
2010,8,24,8,30,12.34,0.15,3.9000000000000004,181,801,964,0,17.400000000000002,46.54,961,181,801,0,964,30.1,208,6.4
2010,8,24,9,30,9.68,0.15,3.9000000000000004,189,793,971,0,16.900000000000002,43.49,960,189,793,0,971,30.700000000000003,208,6.2
2010,8,24,10,30,21.84,0.15,4,192,762,899,0,16.6,42.2,959,192,762,0,899,30.900000000000002,209,6.1000000000000005
2010,8,24,11,30,36.09,0.15,4,188,707,759,7,16.400000000000002,42.02,959,368,289,7,602,30.8,209,5.9
2010,8,24,12,30,50.68,0.15,4.1000000000000005,168,620,561,8,16.3,43.300000000000004,958,300,120,7,377,30.200000000000003,207,5.6000000000000005
2010,8,24,13,30,65.37,0.15,4.1000000000000005,130,478,329,3,16.400000000000002,46.9,959,135,1,7,136,28.900000000000002,202,4.800000000000001
2010,8,24,14,30,80.04,0.15,4.1000000000000005,62,220,100,3,17,53.730000000000004,959,25,0,0,25,27.200000000000003,192,4
2010,8,24,15,30,94.83,0.15,4.1000000000000005,0,0,0,1,17.7,61.410000000000004,959,0,0,0,0,25.700000000000003,180,4.4
2010,8,24,16,30,109.49000000000001,0.15,4.1000000000000005,0,0,0,3,17.900000000000002,67.1,960,0,0,0,0,24.400000000000002,172,5.2
2010,8,24,17,30,124.03,0.15,4.2,0,0,0,1,18.3,74.76,961,0,0,0,0,23,170,5.300000000000001
2010,8,24,18,30,138.31,0.15,4.2,0,0,0,3,18.8,83.12,962,0,0,0,0,21.8,172,4.9
2010,8,24,19,30,151.92000000000002,0.15,4.2,0,0,0,3,19.200000000000003,89.17,962,0,0,0,0,21.1,177,4.5
2010,8,24,20,30,163.13,0.15,4.1000000000000005,0,0,0,7,19.6,92.60000000000001,961,0,0,0,0,20.8,182,4.3
2010,8,24,21,30,164.96,0.15,4,0,0,0,7,19.8,95.14,961,0,0,0,0,20.6,189,4.5
2010,8,24,22,30,155.23,0.15,3.9000000000000004,0,0,0,1,19.900000000000002,97.14,960,0,0,0,0,20.400000000000002,195,4.800000000000001
2010,8,24,23,30,141.96,0.15,3.8000000000000003,0,0,0,3,19.900000000000002,97.78,960,0,0,0,0,20.3,198,5.1000000000000005
2010,8,25,0,30,127.8,0.15,3.8000000000000003,0,0,0,0,19.8,98.23,961,0,0,0,0,20.1,199,5.1000000000000005
2010,8,25,1,30,113.31,0.15,3.8000000000000003,0,0,0,0,19.700000000000003,97.99000000000001,961,0,0,0,0,20,200,4.5
2010,8,25,2,30,98.67,0.15,3.8000000000000003,0,0,0,3,19.6,97.65,962,0,0,0,0,20,201,4.2
2010,8,25,3,30,83.83,0.15,3.8000000000000003,38,113,51,3,19.6,93.73,963,40,0,7,40,20.6,202,4.7
2010,8,25,4,30,69.19,0.15,3.9000000000000004,118,425,269,3,19.1,84.89,963,35,0,7,35,21.8,205,5.5
2010,8,25,5,30,54.480000000000004,0.15,3.9000000000000004,159,604,510,3,18.400000000000002,74.57000000000001,964,172,0,0,172,23.200000000000003,209,5.9
2010,8,25,6,30,39.83,0.15,4,177,709,721,3,17.8,66.6,964,349,19,0,364,24.400000000000002,214,6.1000000000000005
2010,8,25,7,30,25.400000000000002,0.15,4.2,177,776,878,0,17.400000000000002,60.77,963,177,776,0,878,25.5,217,6.300000000000001
2010,8,25,8,30,12.08,0.15,4.3,168,820,971,7,17.1,56.77,962,292,577,0,856,26.400000000000002,217,6.5
2010,8,25,9,30,9.44,0.15,4.4,227,742,959,7,16.900000000000002,54.02,961,397,446,0,837,27,216,6.7
2010,8,25,10,30,21.79,0.15,4.4,221,719,888,7,16.7,52.13,960,418,335,0,730,27.400000000000002,214,6.9
2010,8,25,11,30,36.1,0.15,4.5,206,673,749,7,16.6,51.59,959,382,253,0,586,27.400000000000002,211,7
2010,8,25,12,30,50.72,0.15,4.4,176,597,554,7,16.5,51.88,959,288,158,0,388,27.200000000000003,208,7
2010,8,25,13,30,65.42,0.15,4.4,136,447,322,6,16.3,53.63,959,164,26,0,175,26.5,204,6.5
2010,8,25,14,30,80.12,0.15,4.3,62,184,94,7,16.400000000000002,58,959,21,0,0,21,25.200000000000003,199,5.300000000000001
2010,8,25,15,30,94.93,0.15,4.2,0,0,0,7,16.8,64.78,960,0,0,0,0,23.8,193,4.3
2010,8,25,16,30,109.60000000000001,0.15,4.2,0,0,0,7,17.3,71.21000000000001,961,0,0,0,0,22.8,187,3.9000000000000004
2010,8,25,17,30,124.16,0.15,4.1000000000000005,0,0,0,0,18,77.39,961,0,0,0,0,22.1,186,3.7
2010,8,25,18,30,138.47,0.15,4,0,0,0,0,18.7,83.86,962,0,0,0,0,21.5,188,3.7
2010,8,25,19,30,152.14000000000001,0.15,4,0,0,0,0,19.3,89.88,961,0,0,0,0,21,193,4
2010,8,25,20,30,163.45000000000002,0.15,4,0,0,0,0,19.700000000000003,94.24,961,0,0,0,0,20.700000000000003,197,4.5
2010,8,25,21,30,165.25,0.15,4,0,0,0,0,20,96.91,960,0,0,0,0,20.5,200,4.5
2010,8,25,22,30,155.36,0.15,4,0,0,0,3,20.200000000000003,98.49000000000001,960,0,0,0,0,20.400000000000002,203,4.3
2010,8,25,23,30,142.01,0.15,4,0,0,0,3,20.200000000000003,98.98,960,0,0,0,0,20.400000000000002,206,4.4
2010,8,26,0,30,127.81,0.15,4,0,0,0,3,20.3,99.49000000000001,960,0,0,0,0,20.400000000000002,208,4.4
2010,8,26,1,30,113.29,0.15,4,0,0,0,0,20.400000000000002,100,961,0,0,0,0,20.400000000000002,210,4.3
2010,8,26,2,30,98.63,0.15,4,0,0,0,0,20.5,98.5,961,0,0,0,0,20.700000000000003,210,4.6000000000000005
2010,8,26,3,30,83.78,0.15,4,35,222,59,3,20.5,92.51,961,44,1,7,45,21.8,207,5.800000000000001
2010,8,26,4,30,69.11,0.15,4.1000000000000005,81,586,290,3,20.3,80.92,962,26,0,7,26,23.8,203,7.1000000000000005
2010,8,26,5,30,54.39,0.15,4.1000000000000005,104,740,535,3,19.900000000000002,69.34,962,156,0,0,157,25.900000000000002,200,7.6000000000000005
2010,8,26,6,30,39.71,0.15,4.1000000000000005,130,793,740,3,19.5,60.92,962,392,83,0,456,27.700000000000003,199,7.7
2010,8,26,7,30,25.240000000000002,0.15,4.1000000000000005,137,842,899,3,19.1,54.2,961,317,1,0,318,29.3,199,7.7
2010,8,26,8,30,11.81,0.15,4.1000000000000005,142,862,986,3,18.7,49.14,960,482,127,0,607,30.6,199,7.7
2010,8,26,9,30,9.200000000000001,0.15,4,144,865,997,3,18.2,45.550000000000004,959,535,197,0,729,31.400000000000002,198,7.7
2010,8,26,10,30,21.75,0.15,4.1000000000000005,140,848,928,3,17.6,43.28,958,451,55,0,501,31.6,197,7.6000000000000005
2010,8,26,11,30,36.11,0.15,4.1000000000000005,135,807,787,8,17.1,42.81,957,355,90,7,428,31.200000000000003,195,7.5
2010,8,26,12,30,50.76,0.15,4.2,125,726,584,3,16.8,44.6,957,348,67,0,390,30.200000000000003,193,7.300000000000001
2010,8,26,13,30,65.48,0.15,4.3,109,567,344,3,16.7,48.68,958,70,0,0,70,28.6,188,6.7
2010,8,26,14,30,80.19,0.15,4.4,61,258,105,3,17.2,55.94,959,4,0,0,4,26.700000000000003,182,6
2010,8,26,15,30,95.02,0.15,4.4,0,0,0,3,17.900000000000002,64.86,959,0,0,0,0,25,176,5.300000000000001
2010,8,26,16,30,109.71000000000001,0.15,4.3,0,0,0,3,18.6,73.29,960,0,0,0,0,23.700000000000003,173,4.800000000000001
2010,8,26,17,30,124.3,0.15,4.1000000000000005,0,0,0,3,19.1,80.25,961,0,0,0,0,22.700000000000003,174,4.4
2010,8,26,18,30,138.64000000000001,0.15,4,0,0,0,3,19.400000000000002,85.44,961,0,0,0,0,22,176,4.1000000000000005
2010,8,26,19,30,152.36,0.15,4,0,0,0,3,19.700000000000003,89.22,961,0,0,0,0,21.6,180,3.9000000000000004
2010,8,26,20,30,163.77,0.15,4,0,0,0,3,20,92.55,961,0,0,0,0,21.3,185,3.9000000000000004
2010,8,26,21,30,165.54,0.15,4,0,0,0,3,20.3,95.2,960,0,0,0,0,21.1,189,3.7
2010,8,26,22,30,155.48,0.15,4.1000000000000005,0,0,0,3,20.5,97.37,960,0,0,0,0,20.900000000000002,192,3.5
2010,8,26,23,30,142.06,0.15,4.1000000000000005,0,0,0,3,20.5,97.76,960,0,0,0,0,20.900000000000002,196,3.5
2010,8,27,0,30,127.81,0.15,4.2,0,0,0,3,20.5,98.29,960,0,0,0,0,20.8,201,3.5
2010,8,27,1,30,113.27,0.15,4.3,0,0,0,3,20.5,98.79,961,0,0,0,0,20.700000000000003,207,3.3000000000000003
2010,8,27,2,30,98.59,0.15,4.4,0,0,0,3,20.5,98.08,961,0,0,0,0,20.8,213,3.3000000000000003
2010,8,27,3,30,83.72,0.15,4.4,34,244,61,3,20.5,93.24,962,39,0,7,39,21.6,214,4.4
2010,8,27,4,30,69.04,0.15,4.4,76,604,292,3,20.1,81.53,962,102,1,7,102,23.400000000000002,208,5.800000000000001
2010,8,27,5,30,54.300000000000004,0.15,4.3,95,759,538,3,19.6,69.63,962,304,72,0,346,25.6,203,6.300000000000001
2010,8,27,6,30,39.6,0.15,4.4,106,834,749,3,19.3,60.63,962,245,1,0,245,27.6,199,6.5
2010,8,27,7,30,25.09,0.15,4.4,114,874,906,4,18.900000000000002,53.63,961,271,1,0,271,29.3,195,6.6000000000000005
2010,8,27,8,30,11.540000000000001,0.15,4.4,119,892,993,4,18.6,49.42,960,327,1,0,328,30.400000000000002,193,6.6000000000000005
2010,8,27,9,30,8.97,0.15,4.5,126,885,1000,4,18.400000000000002,47.68,959,246,0,0,246,30.8,192,6.5
2010,8,27,10,30,21.71,0.15,4.5,127,865,930,4,18.400000000000002,47.47,958,293,1,0,293,30.8,191,6.5
2010,8,27,11,30,36.13,0.15,4.6000000000000005,126,818,786,5,18.3,48.870000000000005,958,376,41,0,409,30.200000000000003,188,6.4
2010,8,27,12,30,50.800000000000004,0.15,4.6000000000000005,119,736,584,4,18.3,52.78,958,195,0,0,195,28.900000000000002,183,6.300000000000001
2010,8,27,13,30,65.55,0.15,4.6000000000000005,97,603,347,4,18.5,58.300000000000004,958,56,0,0,56,27.400000000000002,178,5.9
2010,8,27,14,30,80.27,0.15,4.6000000000000005,55,308,107,4,18.7,65.3,959,4,0,0,4,25.700000000000003,174,5.1000000000000005
2010,8,27,15,30,95.12,0.15,4.6000000000000005,0,0,0,7,19,71.53,960,0,0,0,0,24.5,169,4.4
2010,8,27,16,30,109.83,0.15,4.6000000000000005,0,0,0,7,19.200000000000003,76.55,961,0,0,0,0,23.6,166,4.1000000000000005
2010,8,27,17,30,124.43,0.15,4.5,0,0,0,7,19.400000000000002,81.32000000000001,961,0,0,0,0,22.8,166,4
2010,8,27,18,30,138.81,0.15,4.5,0,0,0,7,19.700000000000003,86.28,962,0,0,0,0,22.1,170,4.2
2010,8,27,19,30,152.59,0.15,4.4,0,0,0,7,19.900000000000002,91.45,961,0,0,0,0,21.400000000000002,176,4.2
2010,8,27,20,30,164.1,0.15,4.4,0,0,0,7,20.200000000000003,94.95,961,0,0,0,0,21,183,4.1000000000000005
2010,8,27,21,30,165.84,0.15,4.3,0,0,0,8,20.200000000000003,97.16,960,0,0,0,0,20.700000000000003,187,3.8000000000000003
2010,8,27,22,30,155.61,0.15,4.3,0,0,0,7,20.200000000000003,97.75,960,0,0,0,0,20.6,188,3.7
2010,8,27,23,30,142.1,0.15,4.3,0,0,0,7,20.1,98.24000000000001,960,0,0,0,0,20.400000000000002,188,3.7
2010,8,28,0,30,127.81,0.15,4.2,0,0,0,7,20,98.5,960,0,0,0,0,20.200000000000003,190,3.6
2010,8,28,1,30,113.24000000000001,0.15,4.2,0,0,0,7,19.900000000000002,98.57000000000001,961,0,0,0,0,20.1,192,3.4000000000000004
2010,8,28,2,30,98.54,0.15,4.2,0,0,0,1,19.8,97.97,961,0,0,0,0,20.1,194,3.5
2010,8,28,3,30,83.66,0.15,4.3,38,209,61,0,19.700000000000003,91.64,962,38,209,0,61,21.1,193,4.4
2010,8,28,4,30,68.96000000000001,0.15,4.3,85,574,291,3,19.1,78.95,962,190,136,0,239,22.900000000000002,192,5.4
2010,8,28,5,30,54.2,0.15,4.3,110,726,535,3,18.5,68.61,963,227,4,0,230,24.700000000000003,192,5.800000000000001
2010,8,28,6,30,39.480000000000004,0.15,4.4,132,793,743,8,18.2,60.75,962,314,359,0,591,26.400000000000002,194,6.1000000000000005
2010,8,28,7,30,24.93,0.15,4.4,143,833,899,7,17.900000000000002,54.9,962,315,477,0,748,27.8,196,6.2
2010,8,28,8,30,11.28,0.15,4.4,148,853,985,5,17.6,50.46,960,421,8,0,429,28.900000000000002,199,6.300000000000001
2010,8,28,9,30,8.75,0.15,4.4,149,855,994,8,17.3,47.47,959,431,39,0,470,29.6,200,6.4
2010,8,28,10,30,21.68,0.15,4.4,146,840,926,7,16.900000000000002,46.01,958,412,64,0,472,29.8,199,6.5
2010,8,28,11,30,36.15,0.15,4.4,138,801,784,7,16.8,46.28,958,143,1,0,144,29.5,197,6.5
2010,8,28,12,30,50.85,0.15,4.4,122,732,584,7,16.7,48.2,958,162,5,0,165,28.700000000000003,194,6.4
2010,8,28,13,30,65.61,0.15,4.4,98,600,346,3,16.7,51.660000000000004,958,48,0,0,48,27.5,189,5.9
2010,8,28,14,30,80.35000000000001,0.15,4.3,55,309,106,3,16.8,57.07,959,4,0,0,4,25.900000000000002,182,5.1000000000000005
2010,8,28,15,30,95.21000000000001,0.15,4.3,0,0,0,3,17.1,64.38,959,0,0,0,0,24.3,176,4.7
2010,8,28,16,30,109.94,0.15,4.3,0,0,0,1,17.5,70.73,960,0,0,0,0,23.1,171,4.7
2010,8,28,17,30,124.57000000000001,0.15,4.2,0,0,0,3,18,77.85000000000001,961,0,0,0,0,22,168,4.4
2010,8,28,18,30,138.98,0.15,4.2,0,0,0,3,18.400000000000002,84.72,962,0,0,0,0,21.1,168,4.2
2010,8,28,19,30,152.81,0.15,4.2,0,0,0,3,18.900000000000002,90.44,962,0,0,0,0,20.5,172,4
2010,8,28,20,30,164.43,0.15,4.1000000000000005,0,0,0,3,19.3,94.36,961,0,0,0,0,20.200000000000003,179,3.7
2010,8,28,21,30,166.13,0.15,4.1000000000000005,0,0,0,3,19.6,97.25,961,0,0,0,0,20,184,3.4000000000000004
2010,8,28,22,30,155.72,0.15,4.1000000000000005,0,0,0,3,19.700000000000003,98.74000000000001,960,0,0,0,0,19.900000000000002,186,3.2
2010,8,28,23,30,142.14000000000001,0.15,4,0,0,0,3,19.8,99.18,960,0,0,0,0,19.900000000000002,187,2.9000000000000004
2010,8,29,0,30,127.81,0.14,4,0,0,0,3,19.8,100,960,0,0,0,0,19.8,188,2.8000000000000003
2010,8,29,1,30,113.22,0.14,4,0,0,0,3,19.700000000000003,100,961,0,0,0,0,19.700000000000003,189,2.8000000000000003
2010,8,29,2,30,98.5,0.14,4,0,0,0,4,19.900000000000002,99.13,961,0,0,0,0,20,190,3.1
2010,8,29,3,30,83.60000000000001,0.14,4.1000000000000005,35,266,65,4,19.900000000000002,93.02,962,24,0,7,24,21.1,190,4.5
2010,8,29,4,30,68.89,0.14,4.1000000000000005,75,621,299,4,19.6,81.36,963,34,0,0,34,23,189,6
2010,8,29,5,30,54.11,0.14,4.1000000000000005,95,768,545,4,19,69.51,963,83,0,0,83,25,189,6.4
2010,8,29,6,30,39.37,0.14,4.2,107,840,756,3,18.5,60.2,963,404,95,0,477,26.900000000000002,191,6.5
2010,8,29,7,30,24.78,0.14,4.2,115,878,912,1,18,53.370000000000005,962,115,878,0,912,28.400000000000002,195,6.5
2010,8,29,8,30,11.02,0.14,4.2,121,894,999,0,17.6,48.68,961,121,894,0,999,29.5,198,6.6000000000000005
2010,8,29,9,30,8.540000000000001,0.14,4.2,122,896,1007,3,17.2,46.21,960,533,184,0,716,30,199,6.6000000000000005
2010,8,29,10,30,21.650000000000002,0.14,4.3,120,877,936,3,17,45.7,959,494,189,0,670,30,198,6.5
2010,8,29,11,30,36.17,0.14,4.3,116,840,794,3,16.900000000000002,46.72,959,432,138,0,544,29.5,196,6.5
2010,8,29,12,30,50.9,0.14,4.3,116,746,587,3,16.900000000000002,49.56,959,111,0,7,111,28.5,194,6.300000000000001
2010,8,29,13,30,65.68,0.14,4.4,94,615,347,3,17.1,53.56,959,220,73,7,250,27.3,189,5.800000000000001
2010,8,29,14,30,80.44,0.14,4.4,54,313,106,3,17.3,59.59,960,23,0,0,23,25.8,182,4.9
2010,8,29,15,30,95.31,0.14,4.3,0,0,0,3,17.8,66.81,961,0,0,0,0,24.400000000000002,175,4.5
2010,8,29,16,30,110.06,0.14,4.2,0,0,0,3,18.1,72.19,961,0,0,0,0,23.400000000000002,172,4.6000000000000005
2010,8,29,17,30,124.71000000000001,0.14,4.1000000000000005,0,0,0,3,18.3,78.10000000000001,962,0,0,0,0,22.3,173,4.7
2010,8,29,18,30,139.15,0.14,4,0,0,0,3,18.5,83.36,963,0,0,0,0,21.400000000000002,176,4.6000000000000005
2010,8,29,19,30,153.03,0.14,3.9000000000000004,0,0,0,3,18.8,88.2,963,0,0,0,0,20.8,181,4.4
2010,8,29,20,30,164.76,0.14,3.7,0,0,0,3,19.1,92.87,962,0,0,0,0,20.3,187,4.2
2010,8,29,21,30,166.42000000000002,0.14,3.7,0,0,0,4,19.400000000000002,95.55,962,0,0,0,0,20.1,193,4
2010,8,29,22,30,155.83,0.14,3.7,0,0,0,4,19.5,97.46000000000001,962,0,0,0,0,19.900000000000002,199,3.9000000000000004
2010,8,29,23,30,142.18,0.14,3.7,0,0,0,3,19.5,98.11,962,0,0,0,0,19.8,201,3.7
2010,8,30,0,30,127.81,0.14,3.7,0,0,0,4,19.5,98.65,962,0,0,0,0,19.700000000000003,202,3.4000000000000004
2010,8,30,1,30,113.19,0.14,3.7,0,0,0,4,19.5,98.84,963,0,0,0,0,19.700000000000003,205,3.2
2010,8,30,2,30,98.45,0.14,3.7,0,0,0,4,19.5,98.11,963,0,0,0,0,19.8,209,3.4000000000000004
2010,8,30,3,30,83.54,0.14,3.8000000000000003,36,267,66,4,19.5,92.9,964,38,0,7,38,20.700000000000003,209,4.5
2010,8,30,4,30,68.81,0.14,3.8000000000000003,74,633,303,4,19.200000000000003,81.26,964,95,0,7,95,22.6,205,5.800000000000001
2010,8,30,5,30,54.02,0.14,3.8000000000000003,90,783,550,3,18.7,69.13,964,313,143,7,398,24.700000000000003,202,6.5
2010,8,30,6,30,39.25,0.14,3.9000000000000004,101,856,763,0,18.2,59.58,963,101,856,0,763,26.700000000000003,201,6.800000000000001
2010,8,30,7,30,24.62,0.14,3.9000000000000004,107,894,920,0,17.8,52.95,962,107,894,0,920,28.3,201,7
2010,8,30,8,30,10.76,0.14,4,112,910,1006,1,17.400000000000002,48.5,961,112,910,0,1006,29.400000000000002,202,7.1000000000000005
2010,8,30,9,30,8.34,0.14,4,119,902,1011,3,17.1,46.47,960,356,1,0,358,29.8,202,7
2010,8,30,10,30,21.63,0.14,4.1000000000000005,116,886,940,3,16.8,45.72,959,460,69,0,524,29.8,203,6.800000000000001
2010,8,30,11,30,36.2,0.14,4.1000000000000005,110,851,797,3,16.7,46.38,958,256,0,0,256,29.400000000000002,202,6.7
2010,8,30,12,30,50.96,0.14,4.1000000000000005,99,787,595,3,16.6,48.1,958,305,34,0,326,28.700000000000003,199,6.5
2010,8,30,13,30,65.75,0.14,4.1000000000000005,81,664,353,3,16.7,52.230000000000004,959,14,0,0,14,27.400000000000002,195,6
2010,8,30,14,30,80.52,0.14,4.1000000000000005,48,377,110,3,17,57.81,959,4,0,0,4,25.900000000000002,189,5.2
2010,8,30,15,30,95.41,0.14,4,0,0,0,3,17.400000000000002,64.89,960,0,0,0,0,24.400000000000002,182,4.800000000000001
2010,8,30,16,30,110.17,0.14,3.9000000000000004,0,0,0,3,17.7,70.71000000000001,961,0,0,0,0,23.3,177,4.5
2010,8,30,17,30,124.84,0.14,3.8000000000000003,0,0,0,3,18.1,77.11,961,0,0,0,0,22.3,176,4.1000000000000005
2010,8,30,18,30,139.32,0.14,3.7,0,0,0,3,18.6,84.69,962,0,0,0,0,21.3,179,3.8000000000000003
2010,8,30,19,30,153.26,0.14,3.6,0,0,0,3,19.1,90.83,962,0,0,0,0,20.700000000000003,186,3.8000000000000003
2010,8,30,20,30,165.09,0.14,3.5,0,0,0,4,19.6,95.56,961,0,0,0,0,20.3,192,3.9000000000000004
2010,8,30,21,30,166.70000000000002,0.14,3.4000000000000004,0,0,0,4,19.8,98.09,961,0,0,0,0,20.1,197,4
2010,8,30,22,30,155.94,0.14,3.4000000000000004,0,0,0,3,19.8,99.56,961,0,0,0,0,19.900000000000002,201,4
2010,8,30,23,30,142.21,0.14,3.4000000000000004,0,0,0,1,19.8,100,961,0,0,0,0,19.8,205,3.9000000000000004
2010,8,31,0,30,127.8,0.14,3.4000000000000004,0,0,0,0,19.700000000000003,100,961,0,0,0,0,19.700000000000003,208,3.8000000000000003
2010,8,31,1,30,113.16,0.14,3.5,0,0,0,0,19.6,100,961,0,0,0,0,19.6,211,3.6
2010,8,31,2,30,98.41,0.14,3.5,0,0,0,0,19.700000000000003,99.17,962,0,0,0,0,19.8,213,3.7
2010,8,31,3,30,83.48,0.14,3.5,38,252,67,0,19.6,93.08,962,38,252,0,67,20.8,212,4.6000000000000005
2010,8,31,4,30,68.74,0.14,3.5,82,607,302,0,19.3,81.38,963,82,607,0,302,22.700000000000003,207,5.7
2010,8,31,5,30,53.93,0.14,3.5,105,755,549,2,18.8,69.12,963,317,163,7,413,24.900000000000002,205,6.1000000000000005
2010,8,31,6,30,39.14,0.14,3.5,118,832,763,0,18.5,59.9,962,118,832,0,763,27,203,6.2
2010,8,31,7,30,24.47,0.14,3.5,127,872,921,2,18.3,53.09,961,475,297,0,745,28.8,203,6.2
2010,8,31,8,30,10.5,0.14,3.5,131,891,1007,3,18,48.120000000000005,960,522,283,0,800,30.200000000000003,203,6.300000000000001
2010,8,31,9,30,8.15,0.14,3.6,146,870,1008,3,17.6,44.86,959,531,265,0,793,31,204,6.4
2010,8,31,10,30,21.62,0.14,3.6,142,856,937,1,17.2,42.81,958,142,856,0,937,31.3,203,6.4
2010,8,31,11,30,36.24,0.14,3.7,134,815,791,0,16.8,42.89,957,134,815,0,791,30.900000000000002,202,6.300000000000001
2010,8,31,12,30,51.01,0.14,3.7,105,778,595,3,16.7,44.77,957,207,1,7,207,30,200,6.1000000000000005
2010,8,31,13,30,65.83,0.14,3.8000000000000003,87,646,351,3,16.8,49.49,957,108,0,7,108,28.400000000000002,195,5.6000000000000005
2010,8,31,14,30,80.61,0.14,3.9000000000000004,51,340,106,1,17.3,56.61,958,51,340,0,106,26.6,187,4.800000000000001
2010,8,31,15,30,95.51,0.14,3.9000000000000004,0,0,0,3,17.900000000000002,64.5,959,0,0,0,0,25.1,179,4.5
2010,8,31,16,30,110.29,0.14,3.9000000000000004,0,0,0,0,18.3,69.97,960,0,0,0,0,24.1,175,4.7
2010,8,31,17,30,124.98,0.14,3.8000000000000003,0,0,0,3,18.400000000000002,74.76,961,0,0,0,0,23.1,174,4.7
2010,8,31,18,30,139.48,0.14,3.7,0,0,0,0,18.5,80.18,961,0,0,0,0,22.1,176,4.6000000000000005
2010,8,31,19,30,153.48,0.14,3.6,0,0,0,0,18.7,86.10000000000001,962,0,0,0,0,21.1,180,4.6000000000000005
2010,8,31,20,30,165.42000000000002,0.14,3.5,0,0,0,0,18.900000000000002,90.9,961,0,0,0,0,20.400000000000002,185,4.5
2010,8,31,21,30,166.99,0.14,3.4000000000000004,0,0,0,0,19,94.81,961,0,0,0,0,19.900000000000002,191,4.4
2010,8,31,22,30,156.05,0.14,3.3000000000000003,0,0,0,0,19.200000000000003,97.27,961,0,0,0,0,19.6,197,4.4
2010,8,31,23,30,142.24,0.14,3.2,0,0,0,0,19.200000000000003,98.53,960,0,0,0,0,19.400000000000002,201,4.3
2010,9,1,0,30,127.79,0.14,3.1,0,0,0,0,19.1,99.58,961,0,0,0,0,19.200000000000003,203,4.1000000000000005
2010,9,1,1,30,113.13,0.14,3.1,0,0,0,0,19.1,99.3,961,0,0,0,0,19.200000000000003,204,3.7
2010,9,1,2,30,98.36,0.14,3.2,0,0,0,0,19.1,98.63,962,0,0,0,0,19.3,205,3.8000000000000003
2010,9,1,3,30,83.42,0.14,3.2,42,216,66,3,19.1,91.51,962,37,0,7,37,20.5,204,4.7
2010,9,1,4,30,68.66,0.14,3.2,93,573,301,3,18.8,78.91,963,137,4,7,138,22.6,203,5.7
2010,9,1,5,30,53.83,0.14,3.3000000000000003,115,734,548,3,18,65.34,963,252,13,0,259,24.900000000000002,202,6.1000000000000005
2010,9,1,6,30,39.03,0.14,3.4000000000000004,128,816,762,3,17.1,54.29,962,430,124,0,526,27.1,201,6.300000000000001
2010,9,1,7,30,24.330000000000002,0.14,3.5,138,857,918,3,16.400000000000002,46.78,962,345,2,0,347,28.900000000000002,200,6.300000000000001
2010,9,1,8,30,10.25,0.14,3.6,143,873,1003,3,16.1,42.57,961,515,160,0,672,30.200000000000003,200,6.300000000000001
2010,9,1,9,30,7.97,0.14,3.7,167,842,1001,0,16.1,40.57,960,167,842,0,1001,31.1,201,6.2
2010,9,1,10,30,21.61,0.14,3.8000000000000003,158,830,930,3,16.3,39.97,958,514,217,0,716,31.6,200,6.2
2010,9,1,11,30,36.27,0.14,4,144,795,785,3,16.6,41.160000000000004,958,437,103,0,520,31.400000000000002,197,6.2
2010,9,1,12,30,51.07,0.14,4.1000000000000005,131,715,580,3,17,44.97,958,298,17,0,309,30.3,192,6.2
2010,9,1,13,30,65.9,0.14,4.2,108,563,338,3,17.7,51.9,959,138,1,7,138,28.5,186,5.9
2010,9,1,14,30,80.7,0.14,4.3,59,242,98,3,18.3,60.75,960,4,0,0,4,26.5,181,5.2
2010,9,1,15,30,95.62,0.14,4.3,0,0,0,3,18.900000000000002,69.05,961,0,0,0,0,25,177,4.6000000000000005
2010,9,1,16,30,110.41,0.14,4.2,0,0,0,3,19.1,74.27,961,0,0,0,0,24,175,4.4
2010,9,1,17,30,125.12,0.14,4.1000000000000005,0,0,0,1,19.200000000000003,78.62,962,0,0,0,0,23.1,172,4.2
2010,9,1,18,30,139.65,0.14,4,0,0,0,0,19.400000000000002,84.05,963,0,0,0,0,22.200000000000003,171,4
2010,9,1,19,30,153.70000000000002,0.14,3.9000000000000004,0,0,0,0,19.700000000000003,90.15,963,0,0,0,0,21.400000000000002,174,4
2010,9,1,20,30,165.76,0.14,3.8000000000000003,0,0,0,0,20.200000000000003,95.55,962,0,0,0,0,20.900000000000002,180,3.9000000000000004
2010,9,1,21,30,167.27,0.14,3.8000000000000003,0,0,0,0,20.400000000000002,98.95,962,0,0,0,0,20.6,187,3.8000000000000003
2010,9,1,22,30,156.14000000000001,0.14,3.7,0,0,0,0,20.400000000000002,99.5,961,0,0,0,0,20.5,197,3.8000000000000003
2010,9,1,23,30,142.26,0.14,3.7,0,0,0,1,20.3,99.4,961,0,0,0,0,20.400000000000002,207,3.8000000000000003
2010,9,2,0,30,127.78,0.14,3.6,0,0,0,1,20.200000000000003,100,962,0,0,0,0,20.200000000000003,214,3.6
2010,9,2,1,30,113.09,0.14,3.6,0,0,0,3,20.1,100,962,0,0,0,0,20.1,220,3.4000000000000004
2010,9,2,2,30,98.31,0.14,3.6,0,0,0,3,20.1,98.93,962,0,0,0,0,20.3,225,3.6
2010,9,2,3,30,83.35000000000001,0.14,3.7,39,241,67,0,20.200000000000003,92.14,963,39,241,0,67,21.5,227,4.7
2010,9,2,4,30,68.58,0.14,3.8000000000000003,82,605,303,3,20,79.98,963,52,0,0,52,23.700000000000003,223,5.800000000000001
2010,9,2,5,30,53.74,0.14,3.8000000000000003,103,758,551,3,19.700000000000003,67.97,963,40,0,7,40,26.1,218,6
2010,9,2,6,30,38.92,0.14,3.9000000000000004,124,817,760,3,19.5,59.38,963,307,3,0,309,28.200000000000003,215,5.9
2010,9,2,7,30,24.18,0.14,4,129,863,916,1,19.400000000000002,53.52,962,129,863,0,916,29.900000000000002,212,5.800000000000001
2010,9,2,8,30,10.01,0.14,4.1000000000000005,131,884,1002,3,19.3,49.24,961,194,0,0,194,31.200000000000003,211,5.6000000000000005
2010,9,2,9,30,7.8,0.14,4.2,132,885,1008,3,19.1,46.46,960,434,10,0,444,32,211,5.4
2010,9,2,10,30,21.62,0.14,4.3,130,866,935,2,19,45.61,959,461,98,0,552,32.2,209,5.2
2010,9,2,11,30,36.32,0.14,4.5,125,823,788,3,19.1,47.24,959,393,88,0,464,31.700000000000003,201,5.1000000000000005
2010,9,2,12,30,51.14,0.14,4.7,115,744,582,3,19.400000000000002,52.79,959,308,44,0,336,30.1,189,5.4
2010,9,2,13,30,65.98,0.14,4.800000000000001,97,597,340,3,19.900000000000002,61.43,959,203,30,7,215,28,178,5.7
2010,9,2,14,30,80.79,0.14,4.800000000000001,55,276,99,2,20.3,70.91,960,14,0,0,14,26,171,5.5
2010,9,2,15,30,95.72,0.14,4.800000000000001,0,0,0,3,20.5,78.64,961,0,0,0,0,24.5,167,5.2
2010,9,2,16,30,110.53,0.14,4.7,0,0,0,3,20.400000000000002,82.79,962,0,0,0,0,23.5,165,5.1000000000000005
2010,9,2,17,30,125.26,0.14,4.6000000000000005,0,0,0,4,20.3,86.14,963,0,0,0,0,22.700000000000003,166,4.9
2010,9,2,18,30,139.82,0.14,4.5,0,0,0,4,20.200000000000003,89.57000000000001,963,0,0,0,0,22,171,4.6000000000000005
2010,9,2,19,30,153.92000000000002,0.14,4.3,0,0,0,0,20.3,93.18,963,0,0,0,0,21.400000000000002,178,4.1000000000000005
2010,9,2,20,30,166.09,0.14,4.1000000000000005,0,0,0,0,20.3,96.13,962,0,0,0,0,20.900000000000002,185,3.7
2010,9,2,21,30,167.55,0.14,4,0,0,0,3,20.200000000000003,98.34,962,0,0,0,0,20.5,190,3.4000000000000004
2010,9,2,22,30,156.24,0.14,3.9000000000000004,0,0,0,4,20.200000000000003,99.26,962,0,0,0,0,20.3,195,3.1
2010,9,2,23,30,142.28,0.14,3.8000000000000003,0,0,0,4,20.1,99.83,962,0,0,0,0,20.1,201,3
2010,9,3,0,30,127.77,0.14,3.8000000000000003,0,0,0,3,19.900000000000002,100,962,0,0,0,0,19.900000000000002,205,2.9000000000000004
2010,9,3,1,30,113.06,0.14,3.7,0,0,0,3,19.700000000000003,100,962,0,0,0,0,19.700000000000003,208,2.7
2010,9,3,2,30,98.25,0.14,3.7,0,0,0,3,19.6,98.75,963,0,0,0,0,19.8,209,2.9000000000000004
2010,9,3,3,30,83.29,0.14,3.6,37,285,70,0,19.400000000000002,90.85000000000001,963,37,285,0,70,21,208,3.7
2010,9,3,4,30,68.5,0.14,3.6,75,641,310,0,18.8,76.91,964,75,641,0,310,23.1,205,4.3
2010,9,3,5,30,53.65,0.14,3.6,93,787,560,1,18.1,63.25,964,93,787,0,560,25.6,204,4.5
2010,9,3,6,30,38.81,0.14,3.6,103,861,774,1,17.2,51.81,963,103,861,0,774,28,205,4.6000000000000005
2010,9,3,7,30,24.04,0.14,3.6,109,900,931,0,16.2,43.76,962,109,900,0,931,29.900000000000002,206,4.7
2010,9,3,8,30,9.77,0.14,3.5,113,919,1019,1,15.700000000000001,38.78,961,113,919,0,1019,31.400000000000002,209,4.7
2010,9,3,9,30,7.65,0.14,3.5,120,911,1023,1,15.4,35.74,960,120,911,0,1023,32.5,210,4.800000000000001
2010,9,3,10,30,21.62,0.14,3.5,113,901,951,3,15.200000000000001,34.25,959,504,203,0,693,33,209,4.800000000000001
2010,9,3,11,30,36.36,0.14,3.5,106,870,806,0,14.9,33.92,958,106,870,0,806,32.9,206,4.800000000000001
2010,9,3,12,30,51.2,0.14,3.4000000000000004,112,767,592,1,14.700000000000001,34.46,958,112,767,0,592,32.300000000000004,202,4.7
2010,9,3,13,30,66.06,0.14,3.4000000000000004,90,634,348,0,14.5,37.1,958,90,634,0,348,30.8,198,4
2010,9,3,14,30,80.88,0.14,3.4000000000000004,51,329,103,0,15.3,46.12,958,51,329,0,103,28,190,2.9000000000000004
2010,9,3,15,30,95.83,0.14,3.4000000000000004,0,0,0,0,17.3,59.44,959,0,0,0,0,25.8,180,2.8000000000000003
2010,9,3,16,30,110.65,0.14,3.4000000000000004,0,0,0,0,17.1,61.81,959,0,0,0,0,24.900000000000002,171,3.7
2010,9,3,17,30,125.4,0.14,3.5,0,0,0,0,17.400000000000002,67.51,960,0,0,0,0,23.8,164,4.3
2010,9,3,18,30,139.99,0.14,3.6,0,0,0,0,18.3,76.65,961,0,0,0,0,22.6,163,4.1000000000000005
2010,9,3,19,30,154.14000000000001,0.14,3.6,0,0,0,0,19.1,85.36,961,0,0,0,0,21.700000000000003,169,3.8000000000000003
2010,9,3,20,30,166.42000000000002,0.14,3.6,0,0,0,0,19.8,92.11,961,0,0,0,0,21.1,177,3.5
2010,9,3,21,30,167.82,0.14,3.6,0,0,0,0,20.200000000000003,96.23,960,0,0,0,0,20.8,184,3.5
2010,9,3,22,30,156.32,0.14,3.6,0,0,0,0,20.5,97.94,960,0,0,0,0,20.8,187,3.7
2010,9,3,23,30,142.3,0.14,3.6,0,0,0,0,20.6,98.88,960,0,0,0,0,20.8,190,3.7
2010,9,4,0,30,127.75,0.14,3.6,0,0,0,0,20.700000000000003,98.97,960,0,0,0,0,20.900000000000002,192,3.5
2010,9,4,1,30,113.02,0.14,3.6,0,0,0,0,20.8,99.46000000000001,961,0,0,0,0,20.900000000000002,194,3.4000000000000004
2010,9,4,2,30,98.2,0.14,3.6,0,0,0,0,20.8,99.02,961,0,0,0,0,21,195,3.5
2010,9,4,3,30,83.23,0.14,3.5,39,267,70,0,20.900000000000002,92.24,962,39,267,0,70,22.200000000000003,195,4.4
2010,9,4,4,30,68.43,0.14,3.5,79,628,310,3,20.6,79.17,962,114,1,0,114,24.400000000000002,193,5.300000000000001
2010,9,4,5,30,53.56,0.14,3.6,98,775,559,0,20,66.64,962,98,775,0,559,26.700000000000003,193,5.4
2010,9,4,6,30,38.7,0.14,3.6,112,847,772,1,19.6,57.2,962,112,847,0,772,28.900000000000002,194,5.300000000000001
2010,9,4,7,30,23.900000000000002,0.14,3.7,118,886,928,3,19.3,51.02,961,444,82,0,519,30.6,195,5.2
2010,9,4,8,30,9.53,0.14,3.7,120,906,1014,1,19,46.56,960,120,906,0,1014,31.900000000000002,198,5.2
2010,9,4,9,30,7.51,0.14,3.8000000000000003,110,920,1023,2,18.7,43.15,959,504,179,0,681,32.9,202,5.2
2010,9,4,10,30,21.64,0.14,3.8000000000000003,107,907,950,3,18.5,41.78,957,447,66,0,508,33.2,203,5.2
2010,9,4,11,30,36.410000000000004,0.14,3.8000000000000003,101,874,804,1,18.3,41.58,957,101,874,0,804,33.1,201,5.2
2010,9,4,12,30,51.27,0.14,3.8000000000000003,91,811,598,2,18.2,43.4,957,329,91,0,385,32.2,196,5.300000000000001
2010,9,4,13,30,66.14,0.14,3.9000000000000004,75,685,352,3,18.2,47.550000000000004,957,171,12,0,176,30.6,187,5.2
2010,9,4,14,30,80.97,0.14,3.9000000000000004,44,393,105,0,18.6,55.44,958,44,393,0,105,28.400000000000002,177,5.1000000000000005
2010,9,4,15,30,95.93,0.14,3.9000000000000004,0,0,0,0,19.400000000000002,64.56,959,0,0,0,0,26.6,169,5.300000000000001
2010,9,4,16,30,110.77,0.14,3.8000000000000003,0,0,0,1,19.700000000000003,71.79,960,0,0,0,0,25.200000000000003,166,5.6000000000000005
2010,9,4,17,30,125.53,0.14,3.7,0,0,0,0,19.900000000000002,78.41,960,0,0,0,0,23.900000000000002,166,5.5
2010,9,4,18,30,140.15,0.14,3.7,0,0,0,0,20,84.37,961,0,0,0,0,22.8,168,5.2
2010,9,4,19,30,154.36,0.14,3.7,0,0,0,0,20.200000000000003,89.72,961,0,0,0,0,22,171,4.9
2010,9,4,20,30,166.76,0.14,3.6,0,0,0,0,20.5,93.96000000000001,961,0,0,0,0,21.5,174,4.6000000000000005
2010,9,4,21,30,168.09,0.14,3.6,0,0,0,0,20.6,96.62,960,0,0,0,0,21.200000000000003,179,4.3
2010,9,4,22,30,156.4,0.14,3.6,0,0,0,0,20.700000000000003,97.89,960,0,0,0,0,21,184,4.2
2010,9,4,23,30,142.31,0.14,3.6,0,0,0,0,20.6,98.06,960,0,0,0,0,20.900000000000002,189,3.9000000000000004
2010,9,5,0,30,127.73,0.14,3.6,0,0,0,0,20.5,98.85000000000001,960,0,0,0,0,20.700000000000003,192,3.6
2010,9,5,1,30,112.98,0.14,3.5,0,0,0,0,20.5,99.22,961,0,0,0,0,20.6,197,3.2
2010,9,5,2,30,98.15,0.14,3.3000000000000003,0,0,0,0,20.400000000000002,98.36,962,0,0,0,0,20.700000000000003,201,3.4000000000000004
2010,9,5,3,30,83.16,0.14,3.3000000000000003,34,359,76,1,20.3,90.76,962,34,359,0,76,21.900000000000002,202,4.5
2010,9,5,4,30,68.35000000000001,0.14,3.2,66,691,321,3,19.6,76.25,963,87,0,7,87,24,200,5.300000000000001
2010,9,5,5,30,53.47,0.14,3.2,82,824,572,0,18.8,63.230000000000004,963,82,824,0,572,26.3,200,5.5
2010,9,5,6,30,38.59,0.14,3.2,91,891,788,0,17.900000000000002,52.61,962,91,891,0,788,28.5,201,5.5
2010,9,5,7,30,23.77,0.14,3.3000000000000003,97,925,943,0,17,44.51,962,97,925,0,943,30.400000000000002,203,5.6000000000000005
2010,9,5,8,30,9.31,0.14,3.3000000000000003,100,941,1029,0,16.2,39.13,960,100,941,0,1029,31.8,204,5.6000000000000005
2010,9,5,9,30,7.390000000000001,0.14,3.3000000000000003,129,903,1025,0,15.700000000000001,35.75,959,129,903,0,1025,32.800000000000004,205,5.6000000000000005
2010,9,5,10,30,21.66,0.14,3.3000000000000003,132,878,948,0,15.3,33.980000000000004,958,132,878,0,948,33.300000000000004,204,5.5
2010,9,5,11,30,36.47,0.14,3.3000000000000003,128,833,798,0,15.100000000000001,33.7,957,128,833,0,798,33.2,203,5.5
2010,9,5,12,30,51.34,0.14,3.3000000000000003,127,733,585,0,14.9,34.480000000000004,957,127,733,0,585,32.6,200,5.5
2010,9,5,13,30,66.23,0.14,3.2,104,583,339,0,14.8,37.34,958,104,583,0,339,31.1,194,5
2010,9,5,14,30,81.07000000000001,0.14,3.2,55,263,96,0,15.200000000000001,44.21,958,55,263,0,96,28.6,184,4.1000000000000005
2010,9,5,15,30,96.04,0.14,3.2,0,0,0,0,16.5,54.71,959,0,0,0,0,26.3,170,4.2
2010,9,5,16,30,110.89,0.14,3.2,0,0,0,0,17,62.050000000000004,960,0,0,0,0,24.8,161,4.9
2010,9,5,17,30,125.67,0.14,3.2,0,0,0,0,18,72.81,961,0,0,0,0,23.200000000000003,160,5.2
2010,9,5,18,30,140.32,0.14,3.1,0,0,0,0,18.900000000000002,82.75,962,0,0,0,0,22,165,5.1000000000000005
2010,9,5,19,30,154.58,0.14,3.1,0,0,0,0,19.400000000000002,89.14,962,0,0,0,0,21.3,172,4.800000000000001
2010,9,5,20,30,167.09,0.14,3,0,0,0,0,19.6,93.14,961,0,0,0,0,20.8,177,4.6000000000000005
2010,9,5,21,30,168.36,0.14,3,0,0,0,0,19.8,95.77,961,0,0,0,0,20.5,179,4.3
2010,9,5,22,30,156.48,0.14,2.9000000000000004,0,0,0,0,19.900000000000002,97.52,961,0,0,0,0,20.3,179,4.1000000000000005
2010,9,5,23,30,142.32,0.14,2.9000000000000004,0,0,0,0,19.900000000000002,97.99000000000001,961,0,0,0,0,20.200000000000003,181,4
2010,9,6,0,30,127.71000000000001,0.14,2.8000000000000003,0,0,0,0,19.8,99,961,0,0,0,0,20,184,3.9000000000000004
2010,9,6,1,30,112.94,0.14,2.7,0,0,0,1,19.8,99.38,962,0,0,0,0,19.900000000000002,188,3.8000000000000003
2010,9,6,2,30,98.09,0.14,2.6,0,0,0,0,19.8,98.53,963,0,0,0,0,20,192,3.8000000000000003
2010,9,6,3,30,83.09,0.14,2.6,43,247,72,0,19.700000000000003,90.75,963,43,247,0,72,21.3,194,4.7
2010,9,6,4,30,68.27,0.14,2.6,90,606,314,1,19.200000000000003,77.02,964,90,606,0,314,23.5,194,5.5
2010,9,6,5,30,53.38,0.14,2.6,115,757,566,0,18.7,64.43,964,115,757,0,566,25.900000000000002,194,5.7
2010,9,6,6,30,38.49,0.14,2.7,129,834,782,0,18.1,54.370000000000005,963,129,834,0,782,28.200000000000003,196,5.7
2010,9,6,7,30,23.64,0.14,2.8000000000000003,140,871,937,0,17.400000000000002,46.230000000000004,962,140,871,0,937,30.200000000000003,197,5.7
2010,9,6,8,30,9.09,0.14,2.8000000000000003,145,887,1021,0,16.6,40.47,961,145,887,0,1021,31.700000000000003,197,5.800000000000001
2010,9,6,9,30,7.29,0.14,2.9000000000000004,123,919,1034,0,16,36.59,960,123,919,0,1034,32.800000000000004,198,5.800000000000001
2010,9,6,10,30,21.69,0.14,3,120,901,957,0,15.5,34.480000000000004,959,120,901,0,957,33.300000000000004,199,5.800000000000001
2010,9,6,11,30,36.53,0.14,3,114,863,808,0,15.200000000000001,34.01,958,114,863,0,808,33.2,199,5.800000000000001
2010,9,6,12,30,51.42,0.14,3.1,103,792,597,0,15,34.730000000000004,958,103,792,0,597,32.6,198,5.7
2010,9,6,13,30,66.31,0.14,3.1,84,658,349,0,15,37.72,958,84,658,0,349,31.1,193,5.1000000000000005
2010,9,6,14,30,81.16,0.14,3.1,48,346,101,0,15.5,44.88,959,48,346,0,101,28.6,182,4.2
2010,9,6,15,30,96.15,0.14,3.2,0,0,0,0,16.7,55.370000000000005,959,0,0,0,0,26.400000000000002,169,4.4
2010,9,6,16,30,111.01,0.14,3.3000000000000003,0,0,0,0,17.3,62.86,960,0,0,0,0,24.900000000000002,162,5.300000000000001
2010,9,6,17,30,125.81,0.14,3.3000000000000003,0,0,0,0,18.3,73.11,961,0,0,0,0,23.400000000000002,162,5.4
2010,9,6,18,30,140.48,0.14,3.3000000000000003,0,0,0,0,19.200000000000003,83.01,962,0,0,0,0,22.200000000000003,164,5.2
2010,9,6,19,30,154.79,0.14,3.3000000000000003,0,0,0,0,19.8,89.86,962,0,0,0,0,21.5,169,5
2010,9,6,20,30,167.42000000000002,0.14,3.2,0,0,0,0,20.1,94.62,961,0,0,0,0,21,174,4.800000000000001
2010,9,6,21,30,168.61,0.14,3.2,0,0,0,0,20.3,97.11,961,0,0,0,0,20.8,179,4.3
2010,9,6,22,30,156.55,0.14,3.1,0,0,0,1,20.400000000000002,98.64,961,0,0,0,0,20.6,185,4
2010,9,6,23,30,142.33,0.14,3.1,0,0,0,3,20.400000000000002,99.2,961,0,0,0,0,20.5,190,3.8000000000000003
2010,9,7,0,30,127.68,0.14,3.2,0,0,0,3,20.3,99.51,961,0,0,0,0,20.400000000000002,194,3.7
2010,9,7,1,30,112.89,0.14,3.2,0,0,0,1,20.3,99.8,961,0,0,0,0,20.3,195,3.3000000000000003
2010,9,7,2,30,98.03,0.14,3.3000000000000003,0,0,0,3,20.3,98.47,962,0,0,0,0,20.5,196,3.3000000000000003
2010,9,7,3,30,83.02,0.14,3.4000000000000004,39,289,74,5,20.200000000000003,90.9,963,55,5,7,56,21.8,197,4.4
2010,9,7,4,30,68.19,0.14,3.5,80,633,315,4,19.8,77.5,964,82,0,0,82,24,197,5.300000000000001
2010,9,7,5,30,53.29,0.14,3.5,101,773,564,3,19.3,65.19,964,339,106,0,402,26.400000000000002,197,5.4
2010,9,7,6,30,38.39,0.14,3.5,116,844,778,0,18.900000000000002,55.84,963,116,844,0,778,28.6,197,5.4
2010,9,7,7,30,23.51,0.14,3.6,126,880,932,0,18.5,49.35,962,126,880,0,932,30.3,195,5.5
2010,9,7,8,30,8.88,0.14,3.6,131,896,1016,0,18,44.410000000000004,961,131,896,0,1016,31.6,194,5.5
2010,9,7,9,30,7.21,0.14,3.6,162,853,1008,0,17.400000000000002,40.25,960,162,853,0,1008,32.6,194,5.4
2010,9,7,10,30,21.73,0.14,3.6,157,836,933,7,16.7,37.42,959,262,664,7,878,33.2,195,5.4
2010,9,7,11,30,36.59,0.14,3.5,148,795,786,0,16.2,36.14,958,148,795,0,786,33.2,194,5.4
2010,9,7,12,30,51.5,0.14,3.5,100,792,594,1,15.700000000000001,36.25,958,100,792,0,594,32.6,192,5.300000000000001
2010,9,7,13,30,66.4,0.14,3.5,85,650,345,7,15.4,38.65,958,157,384,7,311,31.1,187,4.800000000000001
2010,9,7,14,30,81.26,0.14,3.4000000000000004,48,327,98,1,15.600000000000001,44.72,958,48,327,0,98,28.8,177,4.2
2010,9,7,15,30,96.26,0.14,3.4000000000000004,0,0,0,0,16.6,53.72,959,0,0,0,0,26.8,166,4.3
2010,9,7,16,30,111.13,0.14,3.4000000000000004,0,0,0,0,17.2,61.17,960,0,0,0,0,25.200000000000003,161,4.800000000000001
2010,9,7,17,30,125.95,0.14,3.4000000000000004,0,0,0,0,18,70.74,961,0,0,0,0,23.6,160,4.9
2010,9,7,18,30,140.64000000000001,0.14,3.3000000000000003,0,0,0,0,18.7,79.59,961,0,0,0,0,22.400000000000002,163,4.6000000000000005
2010,9,7,19,30,155,0.14,3.3000000000000003,0,0,0,0,19.200000000000003,86.38,961,0,0,0,0,21.6,168,4.2
2010,9,7,20,30,167.76,0.14,3.2,0,0,0,0,19.6,91.81,961,0,0,0,0,21,174,4.1000000000000005
2010,9,7,21,30,168.87,0.14,3.2,0,0,0,8,19.900000000000002,95.8,960,0,0,0,0,20.6,179,4.1000000000000005
2010,9,7,22,30,156.61,0.14,3.2,0,0,0,3,20.1,98.05,960,0,0,0,0,20.400000000000002,184,4
2010,9,7,23,30,142.33,0.14,3.2,0,0,0,3,20.200000000000003,98.56,960,0,0,0,0,20.400000000000002,188,3.8000000000000003
2010,9,8,0,30,127.66,0.14,3.1,0,0,0,8,20.200000000000003,98.75,961,0,0,0,0,20.400000000000002,192,3.6
2010,9,8,1,30,112.85000000000001,0.14,3.1,0,0,0,8,20.200000000000003,99.55,961,0,0,0,0,20.3,196,3.1
2010,9,8,2,30,97.97,0.14,3.1,0,0,0,3,20.200000000000003,99.04,962,0,0,0,0,20.400000000000002,201,3
2010,9,8,3,30,82.96000000000001,0.14,3.1,44,210,70,5,20.3,91.52,962,46,0,7,46,21.700000000000003,202,4.1000000000000005
2010,9,8,4,30,68.11,0.14,3.1,99,562,309,8,20,77.8,963,151,24,0,160,24.1,200,5.300000000000001
2010,9,8,5,30,53.2,0.14,3.1,125,725,559,3,19.400000000000002,64.76,963,331,169,0,433,26.6,199,5.5
2010,9,8,6,30,38.28,0.14,3.2,139,807,773,7,18.7,54.46,963,282,498,0,673,28.8,200,5.5
2010,9,8,7,30,23.39,0.14,3.3000000000000003,150,847,927,0,17.900000000000002,47.160000000000004,962,150,847,0,927,30.400000000000002,201,5.6000000000000005
2010,9,8,8,30,8.69,0.14,3.3000000000000003,158,864,1012,0,17.1,42.99,961,158,864,0,1012,31.200000000000003,203,5.6000000000000005
2010,9,8,9,30,7.140000000000001,0.14,3.4000000000000004,179,834,1007,0,16.6,40.47,960,179,834,0,1007,31.700000000000003,204,5.5
2010,9,8,10,30,21.77,0.14,3.4000000000000004,171,821,933,0,16.3,38.51,959,171,821,0,933,32.2,203,5.4
2010,9,8,11,30,36.660000000000004,0.14,3.4000000000000004,158,782,785,0,16,37.87,958,158,782,0,785,32.2,201,5.300000000000001
2010,9,8,12,30,51.58,0.14,3.4000000000000004,140,704,577,7,15.8,38.44,958,272,332,0,478,31.700000000000003,198,5.2
2010,9,8,13,30,66.49,0.14,3.4000000000000004,107,566,332,0,15.700000000000001,40.54,958,107,566,0,332,30.6,194,4.7
2010,9,8,14,30,81.36,0.14,3.4000000000000004,53,257,92,0,16,46.9,958,53,257,0,92,28.400000000000002,185,3.9000000000000004
2010,9,8,15,30,96.37,0.14,3.4000000000000004,0,0,0,0,16.8,55.08,959,0,0,0,0,26.6,174,4.3
2010,9,8,16,30,111.25,0.14,3.5,0,0,0,7,16.900000000000002,59.85,960,0,0,0,0,25.3,168,5.2
2010,9,8,17,30,126.09,0.14,3.5,0,0,0,1,17.5,67.66,961,0,0,0,0,23.8,167,5
2010,9,8,18,30,140.81,0.14,3.5,0,0,0,7,18.1,75.97,962,0,0,0,0,22.5,171,4.5
2010,9,8,19,30,155.21,0.14,3.4000000000000004,0,0,0,7,18.6,82.95,962,0,0,0,0,21.6,176,4.1000000000000005
2010,9,8,20,30,168.09,0.14,3.3000000000000003,0,0,0,7,19,87.87,961,0,0,0,0,21.1,180,4.1000000000000005
2010,9,8,21,30,169.11,0.14,3.2,0,0,0,7,19.400000000000002,91.69,961,0,0,0,0,20.8,183,4.1000000000000005
2010,9,8,22,30,156.67000000000002,0.14,3.1,0,0,0,7,19.6,94.71000000000001,960,0,0,0,0,20.5,186,4
2010,9,8,23,30,142.33,0.14,3,0,0,0,7,19.700000000000003,95.63,960,0,0,0,0,20.400000000000002,186,3.7
2010,9,9,0,30,127.63000000000001,0.14,3,0,0,0,7,19.700000000000003,96.44,960,0,0,0,0,20.3,188,3.5
2010,9,9,1,30,112.8,0.14,3,0,0,0,7,19.700000000000003,97.24000000000001,961,0,0,0,0,20.200000000000003,192,3.4000000000000004
2010,9,9,2,30,97.91,0.14,3,0,0,0,7,19.8,96.74000000000001,961,0,0,0,0,20.3,195,3.5
2010,9,9,3,30,82.89,0.14,3,49,167,70,3,19.700000000000003,92.48,962,57,3,7,58,21,197,4.3
2010,9,9,4,30,68.03,0.14,3,115,509,305,0,19.3,81.76,963,115,509,0,305,22.6,199,5.2
2010,9,9,5,30,53.11,0.14,3.1,146,677,553,0,18.6,69.73,963,146,677,0,553,24.5,200,5.7
2010,9,9,6,30,38.19,0.14,3.1,170,754,763,0,17.8,58.32,963,170,754,0,763,26.700000000000003,201,6
2010,9,9,7,30,23.27,0.14,3.2,181,803,918,0,17.1,49.370000000000005,962,181,803,0,918,28.700000000000003,203,6.1000000000000005
2010,9,9,8,30,8.5,0.14,3.3000000000000003,188,823,1002,1,16.400000000000002,43.1,961,188,823,0,1002,30.3,205,6.2
2010,9,9,9,30,7.1000000000000005,0.14,3.3000000000000003,162,860,1016,7,15.8,38.910000000000004,960,266,651,0,913,31.5,207,6.1000000000000005
2010,9,9,10,30,21.82,0.14,3.4000000000000004,163,830,934,7,15.5,36.84,959,344,482,0,792,32.1,208,5.9
2010,9,9,11,30,36.730000000000004,0.14,3.4000000000000004,159,777,782,7,15.3,36.03,958,326,392,0,640,32.300000000000004,207,5.7
2010,9,9,12,30,51.660000000000004,0.14,3.5,145,687,571,7,15.3,36.84,958,274,237,0,422,31.900000000000002,203,5.5
2010,9,9,13,30,66.59,0.14,3.5,118,520,325,7,15.5,40.08,958,164,35,0,178,30.6,198,5.1000000000000005
2010,9,9,14,30,81.46000000000001,0.14,3.6,57,197,86,7,16.1,46.5,958,51,2,0,51,28.700000000000003,189,4.6000000000000005
2010,9,9,15,30,96.48,0.14,3.7,0,0,0,7,17.3,55.22,959,0,0,0,0,27,180,4.800000000000001
2010,9,9,16,30,111.37,0.14,3.7,0,0,0,7,18.1,63.190000000000005,960,0,0,0,0,25.6,173,5.2
2010,9,9,17,30,126.22,0.14,3.8000000000000003,0,0,0,7,18.900000000000002,71.86,961,0,0,0,0,24.3,173,5.1000000000000005
2010,9,9,18,30,140.97,0.14,3.7,0,0,0,8,19.5,79.16,961,0,0,0,0,23.3,178,4.7
2010,9,9,19,30,155.42000000000002,0.14,3.7,0,0,0,7,19.900000000000002,84.87,961,0,0,0,0,22.6,180,4.5
2010,9,9,20,30,168.42000000000002,0.14,3.7,0,0,0,7,20.3,89.67,961,0,0,0,0,22.1,182,4.3
2010,9,9,21,30,169.35,0.14,3.6,0,0,0,7,20.700000000000003,93.93,960,0,0,0,0,21.700000000000003,187,4.1000000000000005
2010,9,9,22,30,156.72,0.14,3.6,0,0,0,7,20.900000000000002,96.93,960,0,0,0,0,21.400000000000002,191,3.6
2010,9,9,23,30,142.32,0.14,3.5,0,0,0,7,21,98.05,960,0,0,0,0,21.3,190,3.1
2010,9,10,0,30,127.59,0.14,3.5,0,0,0,7,21,99.3,960,0,0,0,0,21.1,188,2.8000000000000003
2010,9,10,1,30,112.75,0.14,3.5,0,0,0,0,21,99.29,960,0,0,0,0,21.1,187,2.5
2010,9,10,2,30,97.85000000000001,0.14,3.5,0,0,0,3,21,98.74000000000001,961,0,0,0,0,21.200000000000003,189,2.9000000000000004
2010,9,10,3,30,82.82000000000001,0.14,3.5,48,187,71,1,21,91.67,961,48,187,0,71,22.400000000000002,191,4.3
2010,9,10,4,30,67.96000000000001,0.14,3.5,105,540,307,3,20.5,78.13,961,75,0,7,75,24.6,190,5.6000000000000005
2010,9,10,5,30,53.03,0.14,3.6,131,706,555,1,20,65.68,961,131,706,0,555,27,191,6
2010,9,10,6,30,38.09,0.14,3.7,144,795,769,3,19.5,55.76,961,379,49,0,418,29.3,193,6.2
2010,9,10,7,30,23.16,0.14,3.7,150,845,926,0,19,49.050000000000004,960,150,845,0,926,30.900000000000002,193,6.4
2010,9,10,8,30,8.33,0.14,3.8000000000000003,154,864,1008,7,18.400000000000002,44.79,959,418,355,0,769,31.900000000000002,194,6.5
2010,9,10,9,30,7.08,0.14,3.9000000000000004,173,837,1003,8,18,42.95,958,456,267,0,721,32.2,194,6.4
2010,9,10,10,30,21.88,0.14,3.9000000000000004,172,812,925,3,17.8,42.52,957,498,136,0,625,32.1,194,6.2
2010,9,10,11,30,36.800000000000004,0.14,4,164,763,774,7,17.6,43.31,956,373,137,0,483,31.6,192,5.9
2010,9,10,12,30,51.75,0.14,4,140,693,569,7,17.6,45.2,956,232,23,0,246,30.8,189,5.5
2010,9,10,13,30,66.68,0.14,4.1000000000000005,113,533,324,7,17.8,48.71,957,135,11,0,139,29.700000000000003,181,5.2
2010,9,10,14,30,81.56,0.14,4.2,56,202,86,4,18.2,54.56,957,4,0,0,4,28.200000000000003,171,5
2010,9,10,15,30,96.59,0.14,4.1000000000000005,0,0,0,3,18.7,62.18,958,0,0,0,0,26.5,165,5.2
2010,9,10,16,30,111.49000000000001,0.14,4,0,0,0,0,18.900000000000002,69.03,958,0,0,0,0,25,165,5.300000000000001
2010,9,10,17,30,126.36,0.14,3.9000000000000004,0,0,0,0,19.1,75.37,959,0,0,0,0,23.700000000000003,168,4.800000000000001
2010,9,10,18,30,141.12,0.14,3.8000000000000003,0,0,0,0,19.3,81.15,960,0,0,0,0,22.700000000000003,167,4.3
2010,9,10,19,30,155.62,0.14,3.7,0,0,0,0,19.6,86.89,960,0,0,0,0,21.900000000000002,166,4
2010,9,10,20,30,168.74,0.14,3.5,0,0,0,0,20,91.06,959,0,0,0,0,21.5,168,4
2010,9,10,21,30,169.58,0.14,3.4000000000000004,0,0,0,0,20.3,94.99,959,0,0,0,0,21.1,173,4
2010,9,10,22,30,156.77,0.14,3.2,0,0,0,0,20.400000000000002,97.46000000000001,959,0,0,0,0,20.8,177,3.8000000000000003
2010,9,10,23,30,142.31,0.14,3.1,0,0,0,0,20.400000000000002,98.64,958,0,0,0,0,20.6,180,3.5
2010,9,11,0,30,127.56,0.14,3.1,0,0,0,3,20.3,99.07000000000001,959,0,0,0,0,20.5,182,3.3000000000000003
2010,9,11,1,30,112.7,0.14,3.1,0,0,0,0,20.3,99.38,959,0,0,0,0,20.400000000000002,182,3.2
2010,9,11,2,30,97.79,0.14,3.1,0,0,0,0,20.3,98.33,960,0,0,0,0,20.6,184,3.4000000000000004
2010,9,11,3,30,82.75,0.14,3.2,48,209,74,0,20.400000000000002,90.97,960,48,209,0,74,21.900000000000002,189,4.5
2010,9,11,4,30,67.88,0.14,3.2,99,570,314,3,20,77.10000000000001,961,103,0,7,103,24.3,194,5.800000000000001
2010,9,11,5,30,52.94,0.14,3.3000000000000003,123,732,564,3,19.400000000000002,64.02,961,268,13,0,275,26.8,198,6.1000000000000005
2010,9,11,6,30,38,0.14,3.4000000000000004,146,797,774,3,18.900000000000002,53.63,961,330,5,0,334,29.3,199,6.2
2010,9,11,7,30,23.05,0.14,3.4000000000000004,152,846,931,8,18.3,46.02,960,426,224,0,632,31.3,199,6.2
2010,9,11,8,30,8.17,0.14,3.5,157,865,1013,8,17.7,40.63,959,424,352,0,772,32.800000000000004,199,6.1000000000000005
2010,9,11,9,30,7.08,0.14,3.6,148,877,1018,3,17.3,38.11,958,549,224,0,771,33.5,200,6
2010,9,11,10,30,21.94,0.14,3.7,144,858,939,3,17.1,37.53,957,510,151,0,650,33.6,199,5.800000000000001
2010,9,11,11,30,36.88,0.14,3.8000000000000003,134,819,789,0,17,37.74,956,134,819,0,789,33.300000000000004,197,5.6000000000000005
2010,9,11,12,30,51.83,0.14,3.9000000000000004,118,745,579,3,17,39.730000000000004,956,310,56,0,344,32.4,193,5.5
2010,9,11,13,30,66.78,0.14,4,94,603,332,3,17.1,43.7,957,63,0,0,63,30.900000000000002,187,5.5
2010,9,11,14,30,81.66,0.14,4.1000000000000005,50,267,89,3,17.3,49.39,958,68,7,7,69,29,178,5.300000000000001
2010,9,11,15,30,96.7,0.14,4.1000000000000005,0,0,0,0,17.5,55.29,959,0,0,0,0,27.200000000000003,171,5.5
2010,9,11,16,30,111.61,0.14,4.1000000000000005,0,0,0,0,17.3,60.34,960,0,0,0,0,25.5,169,5.800000000000001
2010,9,11,17,30,126.49000000000001,0.14,4,0,0,0,1,17.2,66.15,961,0,0,0,0,23.900000000000002,172,5.6000000000000005
2010,9,11,18,30,141.28,0.14,4,0,0,0,0,17.6,73.56,961,0,0,0,0,22.6,176,5.300000000000001
2010,9,11,19,30,155.82,0.14,4,0,0,0,3,18.400000000000002,81.08,962,0,0,0,0,21.8,181,5
2010,9,11,20,30,169.07,0.14,3.9000000000000004,0,0,0,5,19.1,87.14,961,0,0,0,0,21.3,186,4.9
2010,9,11,21,30,169.81,0.14,3.9000000000000004,0,0,0,7,19.400000000000002,90.76,961,0,0,0,0,21,192,4.800000000000001
2010,9,11,22,30,156.81,0.14,3.8000000000000003,0,0,0,7,19.5,93.07000000000001,960,0,0,0,0,20.700000000000003,197,4.6000000000000005
2010,9,11,23,30,142.3,0.14,3.8000000000000003,0,0,0,7,19.6,94.51,960,0,0,0,0,20.5,200,4.3
2010,9,12,0,30,127.52,0.14,3.7,0,0,0,6,19.6,95.7,961,0,0,0,0,20.3,203,4
2010,9,12,1,30,112.65,0.14,3.8000000000000003,0,0,0,8,19.5,95.91,961,0,0,0,0,20.200000000000003,205,3.7
2010,9,12,2,30,97.73,0.14,3.8000000000000003,0,0,0,3,19.5,95.12,962,0,0,0,0,20.3,209,3.7
2010,9,12,3,30,82.68,0.14,3.8000000000000003,50,165,71,3,19.5,88.47,963,59,4,7,60,21.5,208,4.800000000000001
2010,9,12,4,30,67.8,0.14,3.8000000000000003,113,508,305,3,19.400000000000002,76.19,963,211,103,0,250,23.8,204,6
2010,9,12,5,30,52.86,0.14,3.8000000000000003,142,679,552,8,18.900000000000002,63.31,963,238,29,0,256,26.400000000000002,201,6.300000000000001
2010,9,12,6,30,37.9,0.14,3.8000000000000003,158,770,766,3,18.400000000000002,53.4,963,304,2,0,305,28.8,200,6.4
2010,9,12,7,30,22.95,0.14,3.8000000000000003,164,822,920,7,17.900000000000002,46.12,962,352,409,1,728,30.8,200,6.4
2010,9,12,8,30,8.02,0.14,3.8000000000000003,165,848,1004,3,17.3,40.76,961,515,156,0,669,32.300000000000004,200,6.4
2010,9,12,9,30,7.1000000000000005,0.14,3.9000000000000004,221,772,987,7,16.7,37.64,960,432,380,0,809,33.1,200,6.300000000000001
2010,9,12,10,30,22.01,0.14,3.9000000000000004,226,733,906,2,16.3,36.51,959,511,130,0,632,33.2,200,6.300000000000001
2010,9,12,11,30,36.97,0.14,3.9000000000000004,222,663,752,3,16.1,36.93,958,416,53,0,459,32.7,197,6.300000000000001
2010,9,12,12,30,51.93,0.14,4,198,562,544,3,16.1,39.54,958,190,0,7,190,31.5,192,6.300000000000001
2010,9,12,13,30,66.87,0.14,4,153,387,304,3,16.3,43.94,958,200,16,7,206,29.900000000000002,186,6.2
2010,9,12,14,30,81.77,0.14,4,61,93,75,3,16.5,49.51,959,11,0,7,11,28.1,179,5.9
2010,9,12,15,30,96.81,0.14,4,0,0,0,3,16.8,55.32,960,0,0,0,0,26.5,173,5.9
2010,9,12,16,30,111.74000000000001,0.14,4,0,0,0,3,17.1,60.660000000000004,961,0,0,0,0,25.200000000000003,168,6
2010,9,12,17,30,126.62,0.14,4,0,0,0,0,17.5,67.64,962,0,0,0,0,23.8,167,6
2010,9,12,18,30,141.44,0.14,4,0,0,0,1,18.2,75.60000000000001,962,0,0,0,0,22.700000000000003,169,5.7
2010,9,12,19,30,156.02,0.14,4,0,0,0,0,19,83.55,962,0,0,0,0,21.900000000000002,175,5.6000000000000005
2010,9,12,20,30,169.39000000000001,0.14,4,0,0,0,3,19.5,88.43,962,0,0,0,0,21.5,182,5.5
2010,9,12,21,30,170.02,0.14,3.9000000000000004,0,0,0,8,19.6,90.21000000000001,961,0,0,0,0,21.3,189,5.2
2010,9,12,22,30,156.84,0.14,3.8000000000000003,0,0,0,1,19.700000000000003,92.3,961,0,0,0,0,21,194,4.7
2010,9,12,23,30,142.28,0.14,3.8000000000000003,0,0,0,0,19.8,94,961,0,0,0,0,20.8,199,4.3
2010,9,13,0,30,127.48,0.14,3.8000000000000003,0,0,0,0,19.8,95.44,961,0,0,0,0,20.6,203,3.9000000000000004
2010,9,13,1,30,112.59,0.14,3.8000000000000003,0,0,0,0,19.900000000000002,96.74000000000001,962,0,0,0,0,20.400000000000002,206,3.6
2010,9,13,2,30,97.67,0.14,3.8000000000000003,0,0,0,1,19.900000000000002,96.29,963,0,0,0,0,20.5,209,3.6
2010,9,13,3,30,82.61,0.14,3.7,50,183,73,1,19.8,89.60000000000001,963,50,183,0,73,21.6,208,4.800000000000001
2010,9,13,4,30,67.73,0.14,3.7,105,541,309,3,19.200000000000003,75.77,964,90,0,7,90,23.700000000000003,204,5.9
2010,9,13,5,30,52.78,0.14,3.7,129,710,559,3,18.400000000000002,63,964,236,2,0,238,26,202,6.1000000000000005
2010,9,13,6,30,37.82,0.14,3.7,148,788,770,3,17.8,53.32,963,415,99,0,493,28.200000000000003,202,6.1000000000000005
2010,9,13,7,30,22.85,0.14,3.7,152,841,928,3,17.3,46.33,962,499,148,0,635,30.1,202,6.1000000000000005
2010,9,13,8,30,7.9,0.14,3.6,152,869,1013,1,16.7,40.88,961,152,869,0,1013,31.6,202,6.1000000000000005
2010,9,13,9,30,7.140000000000001,0.14,3.6,139,889,1021,1,16,36.660000000000004,960,139,889,0,1021,32.7,200,5.9
2010,9,13,10,30,22.09,0.14,3.5,137,871,943,2,15.3,34.06,959,483,147,0,619,33.2,198,5.800000000000001
2010,9,13,11,30,37.06,0.14,3.5,129,830,791,1,14.600000000000001,32.97,958,129,830,0,791,33,195,5.800000000000001
2010,9,13,12,30,52.02,0.14,3.4000000000000004,114,759,581,2,14.100000000000001,33.38,958,253,6,0,257,32.2,191,5.7
2010,9,13,13,30,66.97,0.14,3.3000000000000003,91,620,333,1,13.8,35.64,958,91,620,0,333,30.700000000000003,184,5.5
2010,9,13,14,30,81.87,0.14,3.3000000000000003,47,295,89,2,13.9,40.49,958,71,20,7,74,28.6,175,5.1000000000000005
2010,9,13,15,30,96.92,0.14,3.4000000000000004,0,0,0,0,14.600000000000001,47.82,959,0,0,0,0,26.6,165,5.2
2010,9,13,16,30,111.86,0.14,3.4000000000000004,0,0,0,0,15.5,55.9,960,0,0,0,0,24.900000000000002,163,6
2010,9,13,17,30,126.76,0.14,3.5,0,0,0,0,16.5,65.21000000000001,961,0,0,0,0,23.400000000000002,167,6.2
2010,9,13,18,30,141.59,0.14,3.5,0,0,0,0,17.5,74.31,961,0,0,0,0,22.3,172,5.800000000000001
2010,9,13,19,30,156.21,0.14,3.4000000000000004,0,0,0,8,18.400000000000002,81.87,961,0,0,0,0,21.6,175,5.300000000000001
2010,9,13,20,30,169.71,0.14,3.4000000000000004,0,0,0,3,19.1,88.11,961,0,0,0,0,21.1,179,4.800000000000001
2010,9,13,21,30,170.22,0.14,3.4000000000000004,0,0,0,8,19.5,92.39,961,0,0,0,0,20.8,183,4.4
2010,9,13,22,30,156.87,0.14,3.4000000000000004,0,0,0,3,19.8,94.76,960,0,0,0,0,20.700000000000003,186,3.8000000000000003
2010,9,13,23,30,142.26,0.14,3.4000000000000004,0,0,0,1,20,96.62,960,0,0,0,0,20.6,189,3.4000000000000004
2010,9,14,0,30,127.44,0.14,3.4000000000000004,0,0,0,1,20.200000000000003,97.3,961,0,0,0,0,20.6,191,3.3000000000000003
2010,9,14,1,30,112.54,0.14,3.5,0,0,0,1,20.200000000000003,97.55,961,0,0,0,0,20.6,192,3.4000000000000004
2010,9,14,2,30,97.60000000000001,0.14,3.5,0,0,0,0,20.200000000000003,97.01,962,0,0,0,0,20.700000000000003,193,4
2010,9,14,3,30,82.54,0.14,3.5,42,289,80,0,20.1,90.62,962,42,289,0,80,21.700000000000003,195,5.2
2010,9,14,4,30,67.65,0.14,3.5,83,633,324,0,19.400000000000002,76.79,963,83,633,0,324,23.700000000000003,197,6.300000000000001
2010,9,14,5,30,52.7,0.14,3.5,103,778,575,1,18.5,63.81,963,103,778,0,575,25.900000000000002,198,6.7
2010,9,14,6,30,37.730000000000004,0.14,3.5,117,849,788,3,17.900000000000002,53.83,962,386,61,0,434,28.1,197,6.7
2010,9,14,7,30,22.76,0.14,3.5,126,885,942,3,17.400000000000002,47.26,961,449,63,0,508,29.8,195,6.6000000000000005
2010,9,14,8,30,7.79,0.14,3.6,135,896,1022,3,16.8,42.42,960,539,192,0,730,31.1,194,6.4
2010,9,14,9,30,7.2,0.14,3.5,156,868,1017,2,16.2,38.47,959,545,239,0,782,32.1,194,6.1000000000000005
2010,9,14,10,30,22.17,0.14,3.5,146,858,941,3,15.4,35.15,958,512,177,0,676,32.800000000000004,195,6
2010,9,14,11,30,37.15,0.14,3.4000000000000004,136,820,790,3,14.700000000000001,33.58,957,416,72,0,473,32.800000000000004,194,5.9
2010,9,14,12,30,52.120000000000005,0.14,3.4000000000000004,132,718,573,3,14.200000000000001,33.69,957,336,51,0,367,32.2,191,5.9
2010,9,14,13,30,67.07000000000001,0.14,3.4000000000000004,107,558,324,3,14,35.910000000000004,957,198,24,0,208,30.8,187,5.800000000000001
2010,9,14,14,30,81.98,0.14,3.4000000000000004,53,220,83,1,14.100000000000001,40.800000000000004,958,53,220,0,83,28.700000000000003,181,5.4
2010,9,14,15,30,97.03,0.14,3.4000000000000004,0,0,0,0,14.700000000000001,47.58,959,0,0,0,0,26.8,175,5.300000000000001
2010,9,14,16,30,111.98,0.14,3.5,0,0,0,0,15.700000000000001,55.5,959,0,0,0,0,25.200000000000003,171,5.5
2010,9,14,17,30,126.89,0.14,3.5,0,0,0,0,16.7,64.14,960,0,0,0,0,23.900000000000002,171,5.7
2010,9,14,18,30,141.74,0.14,3.5,0,0,0,0,17.6,71.98,961,0,0,0,0,22.900000000000002,174,5.7
2010,9,14,19,30,156.4,0.14,3.5,0,0,0,0,18.2,78.44,961,0,0,0,0,22.1,178,5.4
2010,9,14,20,30,170.02,0.14,3.4000000000000004,0,0,0,0,18.7,84.39,961,0,0,0,0,21.400000000000002,183,5.1000000000000005
2010,9,14,21,30,170.41,0.14,3.4000000000000004,0,0,0,0,19,88.63,961,0,0,0,0,21,188,5
2010,9,14,22,30,156.89000000000001,0.14,3.4000000000000004,0,0,0,0,19.200000000000003,91.35000000000001,960,0,0,0,0,20.700000000000003,193,4.800000000000001
2010,9,14,23,30,142.24,0.14,3.3000000000000003,0,0,0,0,19.3,93.38,961,0,0,0,0,20.400000000000002,198,4.4
2010,9,15,0,30,127.39,0.14,3.3000000000000003,0,0,0,0,19.3,94.8,961,0,0,0,0,20.200000000000003,204,4
2010,9,15,1,30,112.48,0.14,3.2,0,0,0,0,19.400000000000002,96.22,961,0,0,0,0,20,210,3.8000000000000003
2010,9,15,2,30,97.54,0.14,3.2,0,0,0,0,19.400000000000002,96.33,962,0,0,0,0,20,212,3.9000000000000004
2010,9,15,3,30,82.47,0.14,3.2,52,177,75,3,19.3,89.74,962,58,1,7,58,21.1,210,5
2010,9,15,4,30,67.57000000000001,0.14,3.2,111,533,314,0,18.8,76.82000000000001,963,111,533,0,314,23.1,205,5.9
2010,9,15,5,30,52.620000000000005,0.14,3.2,140,698,564,0,18.1,63.07,963,140,698,0,564,25.700000000000003,201,6.1000000000000005
2010,9,15,6,30,37.65,0.14,3.2,157,784,778,0,17.5,52.74,962,157,784,0,778,28.1,200,5.9
2010,9,15,7,30,22.67,0.14,3.2,165,832,933,0,16.8,44.63,961,165,832,0,933,30.200000000000003,200,5.7
2010,9,15,8,30,7.69,0.14,3.2,167,856,1016,0,16,38.56,960,167,856,0,1016,31.8,201,5.6000000000000005
2010,9,15,9,30,7.29,0.14,3.2,166,858,1017,0,15.100000000000001,34.04,959,166,858,0,1017,33,202,5.5
2010,9,15,10,30,22.27,0.14,3.2,162,839,939,0,14.3,31.76,958,162,839,0,939,33.4,202,5.5
2010,9,15,11,30,37.24,0.14,3.2,153,795,786,0,13.8,31.3,957,153,795,0,786,33,199,5.300000000000001
2010,9,15,12,30,52.21,0.14,3.2,136,713,573,0,13.4,32.09,957,136,713,0,573,32.1,193,5.2
2010,9,15,13,30,67.18,0.14,3.1,108,557,324,0,13.100000000000001,34.2,957,108,557,0,324,30.700000000000003,187,5.1000000000000005
2010,9,15,14,30,82.08,0.14,3.1,53,218,83,1,13.100000000000001,37.96,958,53,218,0,83,28.900000000000002,179,5
2010,9,15,15,30,97.15,0.14,3.1,0,0,0,0,13.600000000000001,43.81,959,0,0,0,0,27,171,5.4
2010,9,15,16,30,112.10000000000001,0.14,3.1,0,0,0,0,14.3,51.1,960,0,0,0,0,25.1,167,6.1000000000000005
2010,9,15,17,30,127.02,0.14,3.1,0,0,0,0,15.200000000000001,59.63,961,0,0,0,0,23.5,168,6.2
2010,9,15,18,30,141.88,0.14,3.2,0,0,0,0,16.2,67.9,961,0,0,0,0,22.400000000000002,169,5.9
2010,9,15,19,30,156.58,0.14,3.3000000000000003,0,0,0,0,17.2,75.4,962,0,0,0,0,21.700000000000003,173,5.5
2010,9,15,20,30,170.33,0.14,3.3000000000000003,0,0,0,0,18,81.87,961,0,0,0,0,21.200000000000003,178,5.2
2010,9,15,21,30,170.59,0.14,3.3000000000000003,0,0,0,0,18.6,87.03,961,0,0,0,0,20.8,182,5.1000000000000005
2010,9,15,22,30,156.9,0.14,3.3000000000000003,0,0,0,0,18.900000000000002,90.3,961,0,0,0,0,20.5,183,4.7
2010,9,15,23,30,142.21,0.14,3.3000000000000003,0,0,0,1,19,92.5,961,0,0,0,0,20.3,183,4.3
2010,9,16,0,30,127.35000000000001,0.14,3.2,0,0,0,3,19.200000000000003,94.31,961,0,0,0,0,20.1,185,3.9000000000000004
2010,9,16,1,30,112.42,0.14,3.2,0,0,0,0,19.200000000000003,96.02,962,0,0,0,0,19.900000000000002,188,3.6
2010,9,16,2,30,97.47,0.14,3.1,0,0,0,0,19.3,95.65,962,0,0,0,0,20,192,3.7
2010,9,16,3,30,82.4,0.14,3.1,51,208,78,0,19.200000000000003,88.28,963,51,208,0,78,21.200000000000003,196,4.6000000000000005
2010,9,16,4,30,67.5,0.14,3.1,106,556,319,1,18.400000000000002,73.63,963,106,556,0,319,23.400000000000002,199,5.5
2010,9,16,5,30,52.54,0.14,3.1,133,718,570,0,17.6,60.22,963,133,718,0,570,25.900000000000002,201,5.7
2010,9,16,6,30,37.57,0.14,3.1,148,804,785,0,16.5,48.92,963,148,804,0,785,28.3,201,5.800000000000001
2010,9,16,7,30,22.59,0.14,3.2,158,845,938,0,15.4,40.26,962,158,845,0,938,30.400000000000002,201,5.7
2010,9,16,8,30,7.62,0.14,3.2,164,863,1019,0,14.4,34.76,960,164,863,0,1019,31.8,202,5.7
2010,9,16,9,30,7.390000000000001,0.14,3.2,142,894,1029,2,13.5,31.27,959,548,248,0,794,32.7,204,5.800000000000001
2010,9,16,10,30,22.36,0.14,3.2,134,881,949,3,12.9,29.42,958,509,245,0,736,33.1,205,5.800000000000001
2010,9,16,11,30,37.34,0.14,3.2,124,845,796,1,12.600000000000001,29.09,958,124,845,0,796,32.9,204,5.800000000000001
2010,9,16,12,30,52.32,0.14,3.2,114,762,580,3,12.5,30.32,958,344,180,0,454,32.1,201,5.6000000000000005
2010,9,16,13,30,67.28,0.14,3.3000000000000003,91,615,328,7,12.700000000000001,32.95,958,139,17,0,146,30.8,197,5.2
2010,9,16,14,30,82.19,0.14,3.3000000000000003,47,276,84,1,13,38.13,958,47,276,0,84,28.700000000000003,188,4.1000000000000005
2010,9,16,15,30,97.26,0.14,3.4000000000000004,0,0,0,0,14,45.1,959,0,0,0,0,26.900000000000002,176,4
2010,9,16,16,30,112.21000000000001,0.14,3.5,0,0,0,0,14.8,51.7,960,0,0,0,0,25.5,168,5.1000000000000005
2010,9,16,17,30,127.15,0.14,3.5,0,0,0,0,15.9,60.72,961,0,0,0,0,24,168,5.7
2010,9,16,18,30,142.03,0.14,3.6,0,0,0,0,17,69.63,962,0,0,0,0,22.8,171,5.4
2010,9,16,19,30,156.77,0.14,3.6,0,0,0,0,17.5,75.85000000000001,962,0,0,0,0,22,173,4.6000000000000005
2010,9,16,20,30,170.63,0.14,3.6,0,0,0,0,18,80.34,962,0,0,0,0,21.5,174,4
2010,9,16,21,30,170.75,0.14,3.6,0,0,0,0,18.5,84.38,961,0,0,0,0,21.200000000000003,175,3.7
2010,9,16,22,30,156.91,0.14,3.6,0,0,0,1,19.1,89.33,961,0,0,0,0,20.900000000000002,179,3.5
2010,9,16,23,30,142.18,0.14,3.6,0,0,0,0,19.6,92.81,961,0,0,0,0,20.8,183,3.1
2010,9,17,0,30,127.3,0.14,3.6,0,0,0,3,20,96.12,961,0,0,0,0,20.6,188,2.7
2010,9,17,1,30,112.36,0.14,3.6,0,0,0,3,20.200000000000003,97.81,962,0,0,0,0,20.6,192,2.4000000000000004
2010,9,17,2,30,97.41,0.14,3.6,0,0,0,0,20.400000000000002,97.54,962,0,0,0,0,20.8,195,2.7
2010,9,17,3,30,82.33,0.14,3.6,47,256,81,1,20.5,90.71000000000001,963,47,256,0,81,22.1,196,3.8000000000000003
2010,9,17,4,30,67.43,0.14,3.6,95,594,323,0,20.1,77.53,963,95,594,0,323,24.3,195,4.800000000000001
2010,9,17,5,30,52.46,0.14,3.7,119,741,571,0,19.1,62.88,964,119,741,0,571,26.8,194,5.2
2010,9,17,6,30,37.49,0.14,3.7,135,817,783,0,18.2,52.01,963,135,817,0,783,29,195,5.4
2010,9,17,7,30,22.52,0.14,3.8000000000000003,145,856,936,0,17.5,45.12,962,145,856,0,936,30.700000000000003,198,5.5
2010,9,17,8,30,7.5600000000000005,0.14,3.8000000000000003,148,876,1017,0,17,40.96,961,148,876,0,1017,31.900000000000002,201,5.5
2010,9,17,9,30,7.5200000000000005,0.14,3.8000000000000003,183,827,1003,2,16.8,38.18,960,554,234,0,786,32.9,204,5.4
2010,9,17,10,30,22.47,0.14,3.9000000000000004,171,816,925,0,16.5,36.08,959,171,816,0,925,33.6,204,5.300000000000001
2010,9,17,11,30,37.44,0.14,3.9000000000000004,152,784,775,3,16.2,35.480000000000004,958,441,197,0,598,33.5,200,5.1000000000000005
2010,9,17,12,30,52.42,0.14,3.9000000000000004,158,649,554,1,15.9,36.76,958,158,649,0,554,32.6,194,5
2010,9,17,13,30,67.38,0.14,3.9000000000000004,118,499,310,0,15.9,40.08,958,118,499,0,310,31.1,186,5
2010,9,17,14,30,82.3,0.14,4,52,175,76,0,16.3,44.92,959,52,175,0,76,29.5,176,5.1000000000000005
2010,9,17,15,30,97.37,0.14,4,0,0,0,0,16.900000000000002,51.550000000000004,960,0,0,0,0,27.8,169,5.800000000000001
2010,9,17,16,30,112.33,0.14,4,0,0,0,0,17.6,58.84,961,0,0,0,0,26.3,168,6.4
2010,9,17,17,30,127.27,0.14,4,0,0,0,0,18.2,66.88,962,0,0,0,0,24.8,170,6.300000000000001
2010,9,17,18,30,142.17000000000002,0.14,3.9000000000000004,0,0,0,0,18.7,73.65,962,0,0,0,0,23.700000000000003,174,5.800000000000001
2010,9,17,19,30,156.94,0.14,3.9000000000000004,0,0,0,0,19.200000000000003,79.58,962,0,0,0,0,22.900000000000002,177,5.4
2010,9,17,20,30,170.93,0.14,3.8000000000000003,0,0,0,0,19.6,84.93,962,0,0,0,0,22.3,179,5.1000000000000005
2010,9,17,21,30,170.9,0.14,3.8000000000000003,0,0,0,0,20,89.01,961,0,0,0,0,21.900000000000002,181,4.7
2010,9,17,22,30,156.91,0.14,3.7,0,0,0,0,20.3,92.53,961,0,0,0,0,21.6,185,4.2
2010,9,17,23,30,142.14000000000001,0.14,3.7,0,0,0,0,20.5,95.39,961,0,0,0,0,21.3,188,3.9000000000000004
2010,9,18,0,30,127.24000000000001,0.16,3.6,0,0,0,0,20.6,96.45,961,0,0,0,0,21.200000000000003,192,3.7
2010,9,18,1,30,112.3,0.16,3.6,0,0,0,0,20.6,97.72,962,0,0,0,0,21,196,3.5
2010,9,18,2,30,97.34,0.16,3.5,0,0,0,0,20.6,97.44,962,0,0,0,0,21,201,3.7
2010,9,18,3,30,82.26,0.16,3.5,48,258,82,3,20.5,90.49,963,53,1,7,53,22.1,203,4.800000000000001
2010,9,18,4,30,67.35,0.16,3.4000000000000004,93,608,327,3,19.8,76.14,963,76,0,7,76,24.3,200,5.800000000000001
2010,9,18,5,30,52.39,0.16,3.4000000000000004,115,759,578,0,19,62.440000000000005,963,115,759,0,578,26.8,198,6.2
2010,9,18,6,30,37.42,0.16,3.4000000000000004,138,820,789,0,18.3,52.51,963,138,820,0,789,29,197,6.4
2010,9,18,7,30,22.45,0.16,3.5,148,858,941,2,17.8,46.01,962,512,159,0,659,30.700000000000003,197,6.5
2010,9,18,8,30,7.53,0.16,3.5,153,877,1022,0,17.2,40.95,961,153,877,0,1022,32.1,197,6.4
2010,9,18,9,30,7.66,0.16,3.5,142,892,1026,3,16.6,37.51,959,508,133,0,640,33,198,6.300000000000001
2010,9,18,10,30,22.580000000000002,0.16,3.5,141,869,943,3,16,35.4,958,506,144,0,639,33.4,198,6.1000000000000005
2010,9,18,11,30,37.550000000000004,0.16,3.5,135,823,787,3,15.5,34.64,958,442,114,0,532,33.2,197,5.9
2010,9,18,12,30,52.52,0.16,3.5,120,744,573,3,15.200000000000001,35.4,957,139,0,0,139,32.4,193,5.800000000000001
2010,9,18,13,30,67.49,0.16,3.6,96,591,322,3,15.100000000000001,38.35,958,209,117,7,254,30.900000000000002,188,5.6000000000000005
2010,9,18,14,30,82.4,0.16,3.6,47,246,80,3,15.3,43.49,958,36,0,7,36,29,180,5.4
2010,9,18,15,30,97.48,0.16,3.6,0,0,0,3,15.8,49.5,959,0,0,0,0,27.3,173,5.4
2010,9,18,16,30,112.45,0.16,3.6,0,0,0,3,16.3,55.74,960,0,0,0,0,25.8,169,5.5
2010,9,18,17,30,127.4,0.16,3.5,0,0,0,0,16.8,62.71,961,0,0,0,0,24.400000000000002,169,5.4
2010,9,18,18,30,142.31,0.16,3.5,0,0,0,0,17.5,70.33,961,0,0,0,0,23.200000000000003,172,5.2
2010,9,18,19,30,157.11,0.16,3.4000000000000004,0,0,0,0,18.2,78.18,961,0,0,0,0,22.200000000000003,176,5.1000000000000005
2010,9,18,20,30,171.22,0.16,3.3000000000000003,0,0,0,0,18.8,85.27,961,0,0,0,0,21.400000000000002,179,5
2010,9,18,21,30,171.04,0.16,3.2,0,0,0,0,19.200000000000003,90.51,960,0,0,0,0,20.8,182,4.800000000000001
2010,9,18,22,30,156.91,0.16,3.2,0,0,0,0,19.400000000000002,93.41,960,0,0,0,0,20.5,185,4.3
2010,9,18,23,30,142.1,0.16,3.1,0,0,0,0,19.5,95.09,960,0,0,0,0,20.3,190,3.9000000000000004
2010,9,19,0,30,127.19,0.16,3.1,0,0,0,0,19.6,96.06,960,0,0,0,0,20.200000000000003,196,3.6
2010,9,19,1,30,112.24000000000001,0.16,3.2,0,0,0,0,19.5,96.51,961,0,0,0,0,20.1,198,3.4000000000000004
2010,9,19,2,30,97.27,0.16,3.2,0,0,0,0,19.5,96.54,961,0,0,0,0,20.1,200,3.5
2010,9,19,3,30,82.19,0.16,3.2,48,263,84,0,19.5,89.72,962,48,263,0,84,21.3,199,4.7
2010,9,19,4,30,67.28,0.16,3.2,90,627,332,3,19.1,75.89,962,202,184,0,273,23.6,197,6
2010,9,19,5,30,52.32,0.16,3.3000000000000003,108,778,584,0,18.5,62.440000000000005,962,108,778,0,584,26.200000000000003,197,6.300000000000001
2010,9,19,6,30,37.35,0.16,3.3000000000000003,120,855,799,0,17.900000000000002,51.870000000000005,961,120,855,0,799,28.8,197,6.2
2010,9,19,7,30,22.39,0.16,3.3000000000000003,126,896,954,0,17.3,44.17,960,126,896,0,954,30.900000000000002,199,6
2010,9,19,8,30,7.5200000000000005,0.16,3.4000000000000004,127,914,1034,3,16.5,38.14,959,524,149,0,672,32.6,201,5.800000000000001
2010,9,19,9,30,7.82,0.16,3.4000000000000004,142,893,1027,3,15.700000000000001,34.21,958,500,55,0,554,33.6,203,5.6000000000000005
2010,9,19,10,30,22.7,0.16,3.5,136,877,945,3,15,32.11,956,513,178,0,678,34,203,5.300000000000001
2010,9,19,11,30,37.660000000000004,0.16,3.5,127,837,790,3,14.700000000000001,32.13,956,386,36,0,415,33.6,201,5.1000000000000005
2010,9,19,12,30,52.63,0.16,3.6,121,742,571,2,14.600000000000001,33.74,956,271,18,0,282,32.6,196,5
2010,9,19,13,30,67.6,0.16,3.7,93,596,321,1,14.700000000000001,37.08,956,93,596,0,321,31.1,186,4.9
2010,9,19,14,30,82.51,0.16,3.7,46,256,79,2,15.3,43.11,957,62,7,7,63,29.1,174,4.9
2010,9,19,15,30,97.59,0.16,3.8000000000000003,0,0,0,0,16.2,50.94,958,0,0,0,0,27.200000000000003,164,5.300000000000001
2010,9,19,16,30,112.56,0.16,3.7,0,0,0,3,16.900000000000002,59.44,959,0,0,0,0,25.400000000000002,161,5.9
2010,9,19,17,30,127.52,0.16,3.7,0,0,0,0,17.400000000000002,67.4,960,0,0,0,0,23.8,163,5.9
2010,9,19,18,30,142.45000000000002,0.16,3.6,0,0,0,0,17.7,73.74,960,0,0,0,0,22.6,167,5.4
2010,9,19,19,30,157.28,0.16,3.6,0,0,0,0,18,78.69,960,0,0,0,0,21.900000000000002,171,5
2010,9,19,20,30,171.5,0.16,3.5,0,0,0,0,18.5,83.77,960,0,0,0,0,21.400000000000002,175,4.7
2010,9,19,21,30,171.16,0.16,3.4000000000000004,0,0,0,0,19,88.54,959,0,0,0,0,21,179,4.5
2010,9,19,22,30,156.9,0.16,3.4000000000000004,0,0,0,0,19.3,91.38,959,0,0,0,0,20.8,183,4.4
2010,9,19,23,30,142.06,0.16,3.3000000000000003,0,0,0,0,19.5,93.31,959,0,0,0,0,20.6,186,4.1000000000000005
2010,9,20,0,30,127.14,0.16,3.3000000000000003,0,0,0,0,19.6,95.2,960,0,0,0,0,20.400000000000002,190,3.7
2010,9,20,1,30,112.18,0.16,3.3000000000000003,0,0,0,0,19.700000000000003,96.69,960,0,0,0,0,20.200000000000003,194,3.5
2010,9,20,2,30,97.21000000000001,0.16,3.3000000000000003,0,0,0,0,19.700000000000003,96.28,961,0,0,0,0,20.3,198,3.5
2010,9,20,3,30,82.13,0.16,3.2,47,284,86,0,19.700000000000003,90.15,962,47,284,0,86,21.400000000000002,199,4.3
2010,9,20,4,30,67.21000000000001,0.16,3.3000000000000003,90,627,332,1,19.200000000000003,75.47,962,90,627,0,332,23.8,199,5.300000000000001
2010,9,20,5,30,52.25,0.16,3.3000000000000003,111,773,584,0,18.400000000000002,61.33,962,111,773,0,584,26.400000000000002,199,5.5
2010,9,20,6,30,37.28,0.16,3.3000000000000003,128,841,797,0,17.5,50.43,962,128,841,0,797,28.8,199,5.6000000000000005
2010,9,20,7,30,22.330000000000002,0.16,3.3000000000000003,132,887,953,0,16.6,42.14,961,132,887,0,953,30.900000000000002,200,5.5
2010,9,20,8,30,7.53,0.16,3.3000000000000003,133,909,1034,0,15.600000000000001,36.2,960,133,909,0,1034,32.5,200,5.4
2010,9,20,9,30,8,0.16,3.3000000000000003,131,911,1033,3,14.8,32.410000000000004,958,373,1,0,374,33.6,200,5.300000000000001
2010,9,20,10,30,22.82,0.16,3.3000000000000003,125,897,952,3,14.3,30.330000000000002,957,507,236,0,725,34.2,198,5.2
2010,9,20,11,30,37.77,0.16,3.3000000000000003,116,860,796,3,13.9,29.75,956,439,107,0,524,34.1,195,5.1000000000000005
2010,9,20,12,30,52.74,0.16,3.4000000000000004,101,791,580,3,13.700000000000001,30.68,956,339,178,0,447,33.300000000000004,190,5
2010,9,20,13,30,67.71000000000001,0.16,3.4000000000000004,80,653,328,3,13.8,33.480000000000004,957,205,63,7,229,31.8,182,4.800000000000001
2010,9,20,14,30,82.62,0.16,3.5,41,311,81,0,14.200000000000001,38.59,957,41,311,0,81,29.8,171,4.800000000000001
2010,9,20,15,30,97.7,0.16,3.6,0,0,0,1,15.3,46.550000000000004,958,0,0,0,0,27.8,162,5.5
2010,9,20,16,30,112.68,0.16,3.6,0,0,0,0,16.5,56.160000000000004,959,0,0,0,0,25.900000000000002,159,6.300000000000001
2010,9,20,17,30,127.64,0.16,3.6,0,0,0,0,17.6,67.01,960,0,0,0,0,24.1,160,6.2
2010,9,20,18,30,142.58,0.16,3.6,0,0,0,0,18.3,75.79,960,0,0,0,0,22.8,163,5.7
2010,9,20,19,30,157.44,0.16,3.5,0,0,0,0,18.8,81.67,960,0,0,0,0,22.1,166,5.2
2010,9,20,20,30,171.77,0.16,3.5,0,0,0,0,19.3,86.82000000000001,960,0,0,0,0,21.6,169,5
2010,9,20,21,30,171.26,0.16,3.5,0,0,0,0,19.6,90.01,959,0,0,0,0,21.3,172,4.7
2010,9,20,22,30,156.88,0.16,3.4000000000000004,0,0,0,0,19.700000000000003,92.2,959,0,0,0,0,21,174,4.4
2010,9,20,23,30,142.02,0.16,3.4000000000000004,0,0,0,0,19.700000000000003,93.43,959,0,0,0,0,20.8,177,4.1000000000000005
2010,9,21,0,30,127.08,0.16,3.4000000000000004,0,0,0,0,19.700000000000003,94.69,959,0,0,0,0,20.6,180,3.9000000000000004
2010,9,21,1,30,112.11,0.16,3.3000000000000003,0,0,0,0,19.8,96.41,960,0,0,0,0,20.400000000000002,183,3.7
2010,9,21,2,30,97.14,0.16,3.3000000000000003,0,0,0,0,19.900000000000002,96.25,960,0,0,0,0,20.5,187,3.8000000000000003
2010,9,21,3,30,82.06,0.16,3.3000000000000003,45,316,88,3,19.900000000000002,90.11,961,56,1,7,56,21.6,189,4.6000000000000005
2010,9,21,4,30,67.14,0.16,3.2,84,653,338,3,19.3,75.48,961,219,73,0,248,23.900000000000002,191,5.5
2010,9,21,5,30,52.18,0.16,3.2,104,792,589,3,18.6,61.76,962,340,88,0,394,26.5,192,5.6000000000000005
2010,9,21,6,30,37.22,0.16,3.2,115,865,804,3,17.8,51.230000000000004,961,404,68,0,458,28.900000000000002,193,5.5
2010,9,21,7,30,22.28,0.16,3.2,121,905,959,3,17,43.1,961,463,81,0,539,31,194,5.300000000000001
2010,9,21,8,30,7.55,0.16,3.2,123,924,1039,3,16,36.95,959,415,4,0,419,32.6,195,5.1000000000000005
2010,9,21,9,30,8.19,0.16,3.2,121,927,1038,3,15,32.660000000000004,958,492,70,0,561,33.7,196,4.9
2010,9,21,10,30,22.95,0.16,3.3000000000000003,116,910,954,3,14.4,30.41,957,443,26,0,467,34.2,197,4.7
2010,9,21,11,30,37.89,0.16,3.4000000000000004,108,873,796,3,14.200000000000001,30.02,957,446,190,0,596,34.2,195,4.6000000000000005
2010,9,21,12,30,52.85,0.16,3.5,103,784,577,3,14.3,31.650000000000002,957,347,91,0,402,33.4,191,4.5
2010,9,21,13,30,67.81,0.16,3.6,82,640,324,3,14.600000000000001,35.24,957,203,117,0,247,31.900000000000002,185,4.4
2010,9,21,14,30,82.73,0.16,3.6,41,294,79,3,15.200000000000001,40.94,957,58,5,7,59,29.900000000000002,176,4.2
2010,9,21,15,30,97.82000000000001,0.16,3.7,0,0,0,0,16,47.96,958,0,0,0,0,28.1,166,4.6000000000000005
2010,9,21,16,30,112.79,0.16,3.6,0,0,0,0,16.6,54.980000000000004,959,0,0,0,0,26.400000000000002,161,5.6000000000000005
2010,9,21,17,30,127.76,0.16,3.6,0,0,0,0,17.2,63.83,960,0,0,0,0,24.5,161,5.9
2010,9,21,18,30,142.71,0.16,3.6,0,0,0,0,17.7,71.78,961,0,0,0,0,23.1,164,5.7
2010,9,21,19,30,157.59,0.16,3.6,0,0,0,0,18.2,78.66,961,0,0,0,0,22.1,167,5.300000000000001
2010,9,21,20,30,172.03,0.16,3.6,0,0,0,0,18.7,84.07000000000001,961,0,0,0,0,21.5,170,5.1000000000000005
2010,9,21,21,30,171.35,0.16,3.5,0,0,0,0,19,88.07000000000001,960,0,0,0,0,21.1,173,4.800000000000001
2010,9,21,22,30,156.85,0.16,3.5,0,0,0,0,19.3,90.91,960,0,0,0,0,20.8,175,4.5
2010,9,21,23,30,141.97,0.16,3.4000000000000004,0,0,0,0,19.3,92.51,960,0,0,0,0,20.6,178,4.2
2010,9,22,0,30,127.02,0.16,3.4000000000000004,0,0,0,0,19.400000000000002,94.05,960,0,0,0,0,20.400000000000002,181,3.8000000000000003
2010,9,22,1,30,112.05,0.16,3.3000000000000003,0,0,0,0,19.6,95.52,961,0,0,0,0,20.3,184,3.4000000000000004
2010,9,22,2,30,97.07000000000001,0.16,3.3000000000000003,0,0,0,0,19.6,96.04,961,0,0,0,0,20.3,187,3.5
2010,9,22,3,30,81.99,0.16,3.3000000000000003,44,324,89,0,19.700000000000003,89.45,962,44,324,0,89,21.5,188,4.6000000000000005
2010,9,22,4,30,67.08,0.16,3.2,83,657,339,1,19.1,75.45,963,83,657,0,339,23.700000000000003,188,5.6000000000000005
2010,9,22,5,30,52.120000000000005,0.16,3.2,104,793,591,1,18.3,61.61,963,104,793,0,591,26.3,190,5.7
2010,9,22,6,30,37.160000000000004,0.16,3.2,138,825,796,3,17.7,51.64,963,394,53,0,436,28.6,193,5.7
2010,9,22,7,30,22.240000000000002,0.16,3.2,146,868,950,2,17,44.03,962,526,202,0,713,30.6,196,5.6000000000000005
2010,9,22,8,30,7.6000000000000005,0.16,3.2,149,888,1029,3,16.2,38.15,961,429,5,0,434,32.2,198,5.5
2010,9,22,9,30,8.4,0.16,3.2,147,891,1028,3,15.200000000000001,33.74,959,296,0,0,297,33.300000000000004,199,5.300000000000001
2010,9,22,10,30,23.080000000000002,0.16,3.2,139,877,946,3,14.5,31.3,958,460,55,0,511,33.800000000000004,199,5
2010,9,22,11,30,38.01,0.16,3.3000000000000003,128,837,788,3,14.100000000000001,30.52,957,414,46,0,450,33.800000000000004,197,4.800000000000001
2010,9,22,12,30,52.96,0.16,3.3000000000000003,112,765,573,3,14,31.75,957,347,75,0,392,33,192,4.7
2010,9,22,13,30,67.92,0.16,3.4000000000000004,88,615,319,3,14.200000000000001,34.99,958,201,41,7,216,31.5,183,4.5
2010,9,22,14,30,82.83,0.16,3.5,43,271,76,3,14.9,41.24,958,23,0,7,23,29.400000000000002,171,4.6000000000000005
2010,9,22,15,30,97.93,0.16,3.6,0,0,0,3,16.2,50.44,959,0,0,0,0,27.400000000000002,162,5.300000000000001
2010,9,22,16,30,112.91,0.16,3.6,0,0,0,0,17.400000000000002,60.74,960,0,0,0,0,25.5,159,6.2
2010,9,22,17,30,127.88000000000001,0.16,3.6,0,0,0,0,18.3,71.19,961,0,0,0,0,23.8,161,6.300000000000001
2010,9,22,18,30,142.83,0.16,3.5,0,0,0,0,18.7,78.74,962,0,0,0,0,22.6,164,5.9
2010,9,22,19,30,157.74,0.16,3.4000000000000004,0,0,0,0,18.900000000000002,83.2,962,0,0,0,0,21.900000000000002,167,5.5
2010,9,22,20,30,172.27,0.16,3.4000000000000004,0,0,0,0,19,86.18,962,0,0,0,0,21.400000000000002,171,5.1000000000000005
2010,9,22,21,30,171.42000000000002,0.16,3.3000000000000003,0,0,0,0,18.900000000000002,87.48,961,0,0,0,0,21.1,174,4.800000000000001
2010,9,22,22,30,156.82,0.16,3.3000000000000003,0,0,0,0,18.900000000000002,88.62,961,0,0,0,0,20.8,177,4.5
2010,9,22,23,30,141.92000000000002,0.16,3.2,0,0,0,0,18.7,89.14,961,0,0,0,0,20.6,180,4.3
2010,9,23,0,30,126.96000000000001,0.16,3.2,0,0,0,0,18.7,89.78,961,0,0,0,0,20.400000000000002,182,4.1000000000000005
2010,9,23,1,30,111.99000000000001,0.16,3.1,0,0,0,0,18.6,90.13,962,0,0,0,0,20.3,183,4
2010,9,23,2,30,97.01,0.16,3.1,0,0,0,0,18.6,90.11,962,0,0,0,0,20.3,185,4
2010,9,23,3,30,81.92,0.16,3.1,47,302,90,1,18.7,84.73,963,47,302,0,90,21.400000000000002,187,4.7
2010,9,23,4,30,67.01,0.16,3.2,88,642,339,3,18.400000000000002,72.57000000000001,963,95,0,7,95,23.6,189,5.5
2010,9,23,5,30,52.050000000000004,0.16,3.2,107,788,592,1,17.8,60.68,963,107,788,0,592,26,193,5.6000000000000005
2010,9,23,6,30,37.11,0.16,3.2,117,864,807,0,17.400000000000002,51.78,963,117,864,0,807,28.3,197,5.5
2010,9,23,7,30,22.21,0.16,3.3000000000000003,122,905,959,1,17.1,45.550000000000004,962,122,905,0,959,30.200000000000003,201,5.4
2010,9,23,8,30,7.68,0.16,3.3000000000000003,123,925,1039,0,16.8,40.980000000000004,960,123,925,0,1039,31.700000000000003,205,5.300000000000001
2010,9,23,9,30,8.620000000000001,0.16,3.4000000000000004,136,904,1030,3,16.5,38.02,959,505,136,0,640,32.7,208,5.2
2010,9,23,10,30,23.22,0.16,3.5,125,894,947,3,16.3,36.77,958,426,14,0,439,33,209,5.1000000000000005
2010,9,23,11,30,38.13,0.16,3.6,112,862,790,3,16,36.38,957,368,23,0,386,32.9,207,4.9
2010,9,23,12,30,53.08,0.16,3.8000000000000003,100,786,572,3,16,38.13,957,32,0,7,32,32,201,4.800000000000001
2010,9,23,13,30,68.03,0.16,3.9000000000000004,78,647,320,1,16.1,42.1,958,78,647,0,320,30.400000000000002,192,4.7
2010,9,23,14,30,82.94,0.16,4,39,307,76,0,16.400000000000002,47.27,958,39,307,0,76,28.700000000000003,181,4.7
2010,9,23,15,30,98.03,0.16,3.9000000000000004,0,0,0,0,16.7,53.160000000000004,959,0,0,0,0,27.1,172,5
2010,9,23,16,30,113.02,0.16,3.9000000000000004,0,0,0,0,16.900000000000002,58.15,960,0,0,0,0,25.700000000000003,168,5.6000000000000005
2010,9,23,17,30,127.99000000000001,0.16,3.8000000000000003,0,0,0,0,16.8,63.01,961,0,0,0,0,24.3,169,5.7
2010,9,23,18,30,142.96,0.16,3.7,0,0,0,0,16.900000000000002,68.79,962,0,0,0,0,22.900000000000002,172,5.5
2010,9,23,19,30,157.88,0.16,3.7,0,0,0,0,17.2,74.51,962,0,0,0,0,21.900000000000002,175,5.2
2010,9,23,20,30,172.51,0.16,3.7,0,0,0,0,17.6,80.02,961,0,0,0,0,21.200000000000003,179,5
2010,9,23,21,30,171.48,0.16,3.6,0,0,0,0,18.1,84.39,961,0,0,0,0,20.8,181,4.9
2010,9,23,22,30,156.79,0.16,3.6,0,0,0,0,18.400000000000002,87.25,961,0,0,0,0,20.6,183,4.800000000000001
2010,9,23,23,30,141.86,0.16,3.6,0,0,0,0,18.6,89.44,961,0,0,0,0,20.400000000000002,183,4.6000000000000005
2010,9,24,0,30,126.9,0.16,3.5,0,0,0,3,18.7,90.28,961,0,0,0,0,20.3,183,4.4
2010,9,24,1,30,111.92,0.16,3.5,0,0,0,0,18.7,91.86,961,0,0,0,0,20.1,183,4.1000000000000005
2010,9,24,2,30,96.94,0.16,3.4000000000000004,0,0,0,1,18.8,91.83,962,0,0,0,0,20.200000000000003,185,4.1000000000000005
2010,9,24,3,30,81.86,0.16,3.4000000000000004,46,313,90,3,18.8,85.77,962,4,0,0,4,21.3,188,5
2010,9,24,4,30,66.95,0.16,3.4000000000000004,87,639,338,0,18.2,72.42,963,87,639,0,338,23.400000000000002,192,5.9
2010,9,24,5,30,51.99,0.16,3.5,111,773,587,0,17.400000000000002,59.620000000000005,963,111,773,0,587,25.900000000000002,197,6
2010,9,24,6,30,37.050000000000004,0.16,3.6,127,840,797,0,16.900000000000002,49.980000000000004,962,127,840,0,797,28.3,201,5.9
2010,9,24,7,30,22.18,0.16,3.7,138,875,948,3,16.400000000000002,43.32,961,511,187,0,685,30.200000000000003,205,5.7
2010,9,24,8,30,7.7700000000000005,0.16,3.7,143,891,1025,1,16,39.26,960,143,891,0,1025,31.5,208,5.5
2010,9,24,9,30,8.85,0.16,3.8000000000000003,150,879,1018,3,15.700000000000001,36.79,959,502,65,0,566,32.300000000000004,210,5.1000000000000005
2010,9,24,10,30,23.37,0.16,3.8000000000000003,142,864,935,3,15.4,35.29,958,503,152,0,643,32.7,211,4.800000000000001
2010,9,24,11,30,38.25,0.16,3.8000000000000003,129,828,780,3,15.100000000000001,34.77,957,343,1,0,344,32.6,210,4.5
2010,9,24,12,30,53.19,0.16,3.8000000000000003,121,735,561,3,14.9,35.71,957,32,0,7,32,31.900000000000002,206,4.3
2010,9,24,13,30,68.15,0.16,3.8000000000000003,94,581,311,3,14.8,38.09,957,67,0,0,67,30.700000000000003,199,3.9000000000000004
2010,9,24,14,30,83.05,0.16,3.8000000000000003,44,217,70,4,14.9,42.13,958,9,0,7,9,29.1,186,3.5
2010,9,24,15,30,98.14,0.16,3.8000000000000003,0,0,0,3,15.4,47.480000000000004,958,0,0,0,0,27.6,173,3.9000000000000004
2010,9,24,16,30,113.13,0.16,3.7,0,0,0,0,15.700000000000001,52.01,959,0,0,0,0,26.3,166,5.2
2010,9,24,17,30,128.1,0.16,3.7,0,0,0,0,16.1,58.85,961,0,0,0,0,24.700000000000003,166,5.800000000000001
2010,9,24,18,30,143.07,0.16,3.7,0,0,0,1,16.5,66.13,961,0,0,0,0,23.200000000000003,169,5.5
2010,9,24,19,30,158.01,0.16,3.6,0,0,0,0,16.900000000000002,72.04,962,0,0,0,0,22.200000000000003,173,4.800000000000001
2010,9,24,20,30,172.73,0.16,3.6,0,0,0,0,17.3,77.23,961,0,0,0,0,21.5,176,4.2
2010,9,24,21,30,171.52,0.16,3.6,0,0,0,0,17.900000000000002,82.25,961,0,0,0,0,21,181,3.8000000000000003
2010,9,24,22,30,156.75,0.16,3.6,0,0,0,0,18.3,87.48,961,0,0,0,0,20.5,186,3.4000000000000004
2010,9,24,23,30,141.8,0.16,3.5,0,0,0,0,18.7,91.36,961,0,0,0,0,20.200000000000003,191,3.1
2010,9,25,0,30,126.83,0.16,3.5,0,0,0,0,19,94.15,961,0,0,0,0,20,195,3.1
2010,9,25,1,30,111.85000000000001,0.16,3.5,0,0,0,0,19.200000000000003,95.92,961,0,0,0,0,19.900000000000002,198,3.3000000000000003
2010,9,25,2,30,96.87,0.16,3.4000000000000004,0,0,0,0,19.3,94.71000000000001,962,0,0,0,0,20.200000000000003,201,3.7
2010,9,25,3,30,81.79,0.16,3.4000000000000004,47,306,91,3,19.3,87.5,963,15,0,0,15,21.5,203,4.6000000000000005
2010,9,25,4,30,66.88,0.16,3.5,86,645,339,0,18.8,72.3,963,86,645,0,339,24.1,203,5.5
2010,9,25,5,30,51.94,0.16,3.5,104,789,591,0,17.8,57.42,963,104,789,0,591,26.900000000000002,202,5.9
2010,9,25,6,30,37.01,0.16,3.5,135,828,796,0,17.1,47.36,963,135,828,0,796,29.5,203,5.800000000000001
2010,9,25,7,30,22.16,0.16,3.5,141,872,949,0,16.6,40.550000000000004,962,141,872,0,949,31.6,205,5.7
2010,9,25,8,30,7.88,0.16,3.6,145,889,1025,0,16,35.46,960,145,889,0,1025,33.300000000000004,207,5.4
2010,9,25,9,30,9.09,0.16,3.6,127,913,1029,0,15.5,32.59,959,127,913,0,1029,34.300000000000004,209,5.2
2010,9,25,10,30,23.52,0.16,3.6,126,890,943,3,15.200000000000001,31.48,958,489,160,0,635,34.6,211,5
2010,9,25,11,30,38.38,0.16,3.7,121,843,782,3,15.100000000000001,32.15,957,438,219,0,610,34.1,211,4.800000000000001
2010,9,25,12,30,53.31,0.16,3.7,111,760,565,2,15.200000000000001,34.35,957,310,56,0,344,33,208,4.6000000000000005
2010,9,25,13,30,68.26,0.16,3.8000000000000003,90,595,311,2,15.4,37.69,957,164,10,0,168,31.6,202,4.4
2010,9,25,14,30,83.16,0.16,3.9000000000000004,43,215,69,0,15.8,42.57,958,43,215,0,69,29.900000000000002,192,4.2
2010,9,25,15,30,98.25,0.16,3.9000000000000004,0,0,0,0,16.400000000000002,48.25,959,0,0,0,0,28.400000000000002,183,4.6000000000000005
2010,9,25,16,30,113.23,0.16,3.9000000000000004,0,0,0,3,17,53.85,960,0,0,0,0,27.200000000000003,177,5.300000000000001
2010,9,25,17,30,128.21,0.16,4,0,0,0,2,17.7,60.53,961,0,0,0,0,25.900000000000002,177,5.7
2010,9,25,18,30,143.19,0.16,4,0,0,0,0,18.2,67.54,962,0,0,0,0,24.6,178,5.6000000000000005
2010,9,25,19,30,158.14000000000001,0.16,4,0,0,0,0,18.6,73.62,962,0,0,0,0,23.6,181,5.300000000000001
2010,9,25,20,30,172.93,0.16,3.9000000000000004,0,0,0,0,19.1,79.44,962,0,0,0,0,22.8,184,5
2010,9,25,21,30,171.53,0.16,3.9000000000000004,0,0,0,0,19.5,84.41,961,0,0,0,0,22.3,187,4.6000000000000005
2010,9,25,22,30,156.70000000000002,0.16,3.8000000000000003,0,0,0,0,20,88.3,961,0,0,0,0,22,190,4.3
2010,9,25,23,30,141.74,0.16,3.8000000000000003,0,0,0,0,20.200000000000003,90.73,961,0,0,0,0,21.8,192,4.1000000000000005
2010,9,26,0,30,126.77,0.16,3.8000000000000003,0,0,0,0,20.3,92.47,961,0,0,0,0,21.6,194,3.7
2010,9,26,1,30,111.79,0.16,3.8000000000000003,0,0,0,0,20.5,94.58,961,0,0,0,0,21.400000000000002,196,3.4000000000000004
2010,9,26,2,30,96.81,0.16,3.7,0,0,0,0,20.700000000000003,95.52,962,0,0,0,0,21.400000000000002,198,3.5
2010,9,26,3,30,81.73,0.16,3.7,43,354,94,3,20.700000000000003,88.65,962,54,1,7,54,22.700000000000003,198,4.4
2010,9,26,4,30,66.82000000000001,0.16,3.7,77,680,345,3,20.200000000000003,74.42,963,116,0,0,115,25.1,196,5.2
2010,9,26,5,30,51.88,0.16,3.8000000000000003,93,813,595,3,19.400000000000002,60.44,963,310,58,0,346,27.8,195,5.4
2010,9,26,6,30,36.97,0.16,3.8000000000000003,102,882,807,3,18.900000000000002,50.74,962,262,1,0,263,30.200000000000003,195,5.300000000000001
2010,9,26,7,30,22.150000000000002,0.16,3.9000000000000004,108,917,957,3,18.3,43.53,961,458,89,0,541,32.300000000000004,196,5.2
2010,9,26,8,30,8.01,0.16,3.9000000000000004,111,932,1034,3,17.8,38.92,960,482,54,0,535,33.7,198,5
2010,9,26,9,30,9.35,0.16,4,115,925,1028,1,17.400000000000002,36.69,959,115,925,0,1028,34.300000000000004,199,4.800000000000001
2010,9,26,10,30,23.67,0.16,4.1000000000000005,112,906,942,2,17.1,35.84,958,473,296,0,744,34.4,199,4.5
2010,9,26,11,30,38.51,0.16,4.1000000000000005,105,868,784,7,16.900000000000002,36.19,958,223,608,7,698,34,197,4.3
2010,9,26,12,30,53.43,0.16,4.2,102,774,563,3,16.8,38.09,958,222,2,7,223,33,193,4.2
2010,9,26,13,30,68.37,0.16,4.4,83,615,310,3,17.1,42.45,958,192,33,0,204,31.400000000000002,185,4.2
2010,9,26,14,30,83.26,0.16,4.5,41,235,69,3,17.6,48.34,959,51,2,7,51,29.700000000000003,176,4.1000000000000005
2010,9,26,15,30,98.36,0.16,4.5,0,0,0,3,18.2,54.800000000000004,960,0,0,0,0,28.200000000000003,168,4.5
2010,9,26,16,30,113.34,0.16,4.5,0,0,0,0,18.6,60.22,961,0,0,0,0,27,165,5
2010,9,26,17,30,128.32,0.16,4.5,0,0,0,3,18.8,65.45,962,0,0,0,0,25.8,165,5.300000000000001
2010,9,26,18,30,143.3,0.16,4.4,0,0,0,0,18.900000000000002,69.95,962,0,0,0,0,24.8,167,5.2
2010,9,26,19,30,158.26,0.16,4.4,0,0,0,0,19.200000000000003,74.94,962,0,0,0,0,23.900000000000002,169,5.1000000000000005
2010,9,26,20,30,173.12,0.16,4.4,0,0,0,0,19.6,80.65,962,0,0,0,0,23.1,172,5
2010,9,26,21,30,171.53,0.16,4.3,0,0,0,0,20,85.64,962,0,0,0,0,22.5,174,4.7
2010,9,26,22,30,156.65,0.16,4.2,0,0,0,0,20.200000000000003,88.92,961,0,0,0,0,22.1,177,4.3
2010,9,26,23,30,141.68,0.16,4.1000000000000005,0,0,0,0,20.3,91.45,961,0,0,0,0,21.8,180,4
2010,9,27,0,30,126.7,0.16,3.9000000000000004,0,0,0,0,20.5,93.24,961,0,0,0,0,21.6,181,3.7
2010,9,27,1,30,111.72,0.16,3.8000000000000003,0,0,0,1,20.5,95.42,961,0,0,0,0,21.3,182,3.5
2010,9,27,2,30,96.74000000000001,0.16,3.7,0,0,0,1,20.6,95.32000000000001,962,0,0,0,0,21.400000000000002,182,3.5
2010,9,27,3,30,81.67,0.16,3.7,42,377,96,3,20.6,88.55,963,12,0,0,12,22.6,182,4.4
2010,9,27,4,30,66.76,0.16,3.6,73,698,349,3,20,74.05,963,188,10,0,192,24.900000000000002,183,5.300000000000001
2010,9,27,5,30,51.83,0.16,3.6,89,828,600,7,19.200000000000003,60.52,963,280,122,0,355,27.5,185,5.4
2010,9,27,6,30,36.93,0.16,3.6,104,883,810,3,18.3,49.980000000000004,963,327,3,0,330,29.900000000000002,188,5.4
2010,9,27,7,30,22.14,0.16,3.6,110,918,961,3,17.5,42.230000000000004,962,355,2,0,356,31.900000000000002,190,5.4
2010,9,27,8,30,8.16,0.16,3.6,115,933,1038,3,16.8,37.27,960,381,2,0,383,33.300000000000004,192,5.4
2010,9,27,9,30,9.61,0.16,3.6,150,882,1020,3,16.2,34.04,959,496,78,0,573,34.300000000000004,195,5.300000000000001
2010,9,27,10,30,23.830000000000002,0.16,3.7,146,860,933,7,15.8,32.4,958,422,175,7,582,34.7,197,5.2
2010,9,27,11,30,38.64,0.16,3.7,135,820,775,7,15.5,32.07,957,334,57,7,378,34.5,197,5.2
2010,9,27,12,30,53.550000000000004,0.16,3.8000000000000003,120,736,557,7,15.200000000000001,33.07,957,265,283,7,433,33.7,195,5.2
2010,9,27,13,30,68.48,0.16,3.9000000000000004,96,567,304,7,15.100000000000001,35.94,957,82,3,7,83,32.1,189,5.1000000000000005
2010,9,27,14,30,83.37,0.16,4,44,188,65,3,15.3,40.18,958,48,1,7,48,30.3,181,5.1000000000000005
2010,9,27,15,30,98.46000000000001,0.16,4.1000000000000005,0,0,0,3,15.8,45.800000000000004,959,0,0,0,0,28.6,172,5.4
2010,9,27,16,30,113.44,0.16,4.1000000000000005,0,0,0,3,16.5,53.42,960,0,0,0,0,26.8,168,5.9
2010,9,27,17,30,128.42000000000002,0.16,4.2,0,0,0,0,17.400000000000002,62.47,961,0,0,0,0,25.1,168,5.9
2010,9,27,18,30,143.4,0.16,4.2,0,0,0,3,18.2,70.49,962,0,0,0,0,23.900000000000002,170,5.6000000000000005
2010,9,27,19,30,158.38,0.16,4.3,0,0,0,4,18.8,76.81,962,0,0,0,0,23.1,173,5.300000000000001
2010,9,27,20,30,173.29,0.16,4.2,0,0,0,4,19.3,82.14,961,0,0,0,0,22.5,176,5
2010,9,27,21,30,171.52,0.16,4.2,0,0,0,8,19.700000000000003,86.33,960,0,0,0,0,22.1,178,4.800000000000001
2010,9,27,22,30,156.59,0.16,4.2,0,0,0,4,20,89.03,960,0,0,0,0,21.900000000000002,179,4.5
2010,9,27,23,30,141.61,0.16,4.2,0,0,0,4,20.200000000000003,91.26,960,0,0,0,0,21.700000000000003,180,4.3
2010,9,28,0,30,126.63000000000001,0.16,4.2,0,0,0,4,20.400000000000002,93.19,960,0,0,0,0,21.5,180,4.1000000000000005
2010,9,28,1,30,111.65,0.16,4.2,0,0,0,4,20.5,94.64,960,0,0,0,0,21.400000000000002,180,3.8000000000000003
2010,9,28,2,30,96.68,0.16,4.2,0,0,0,4,20.6,95.44,961,0,0,0,0,21.400000000000002,181,3.8000000000000003
2010,9,28,3,30,81.61,0.16,4.2,44,352,95,5,20.700000000000003,89.32000000000001,962,4,0,0,4,22.5,183,4.9
2010,9,28,4,30,66.71000000000001,0.16,4.3,77,674,344,3,20,75.66,962,13,0,0,13,24.6,186,5.800000000000001
2010,9,28,5,30,51.78,0.16,4.4,94,807,593,3,19.3,62.76,962,215,1,0,216,27,190,5.9
2010,9,28,6,30,36.9,0.16,4.4,104,875,803,3,18.7,52.68,962,247,0,0,248,29.400000000000002,195,5.9
2010,9,28,7,30,22.150000000000002,0.16,4.4,112,907,952,3,18.3,45.62,961,311,1,0,312,31.400000000000002,199,5.800000000000001
2010,9,28,8,30,8.32,0.16,4.4,117,919,1027,3,17.8,41.050000000000004,960,246,0,0,247,32.800000000000004,202,5.800000000000001
2010,9,28,9,30,9.88,0.16,4.4,144,882,1012,3,17.5,38.730000000000004,958,319,1,0,319,33.4,204,5.7
2010,9,28,10,30,23.990000000000002,0.16,4.5,138,863,926,3,17.2,38.410000000000004,958,463,131,0,582,33.300000000000004,203,5.4
2010,9,28,11,30,38.77,0.16,4.5,129,821,769,3,17.1,39.050000000000004,957,432,107,0,516,32.9,199,5.2
2010,9,28,12,30,53.67,0.16,4.5,131,701,546,3,17.2,41.410000000000004,957,327,59,0,362,31.900000000000002,192,5.1000000000000005
2010,9,28,13,30,68.59,0.16,4.6000000000000005,104,525,296,8,17.3,45.03,958,120,10,7,123,30.6,183,5
2010,9,28,14,30,83.47,0.16,4.6000000000000005,45,149,62,3,17.6,50.49,958,47,1,7,47,28.900000000000002,175,4.9
2010,9,28,15,30,98.56,0.16,4.6000000000000005,0,0,0,3,18,56.52,959,0,0,0,0,27.400000000000002,169,5
2010,9,28,16,30,113.54,0.16,4.5,0,0,0,8,18.3,62.24,960,0,0,0,0,26.1,166,5.4
2010,9,28,17,30,128.52,0.16,4.5,0,0,0,7,18.5,68.1,961,0,0,0,0,24.8,166,5.7
2010,9,28,18,30,143.51,0.16,4.5,0,0,0,8,18.7,73.79,962,0,0,0,0,23.700000000000003,167,5.800000000000001
2010,9,28,19,30,158.48,0.16,4.5,0,0,0,8,19,79.26,962,0,0,0,0,22.8,170,5.6000000000000005
2010,9,28,20,30,173.43,0.16,4.4,0,0,0,6,19.3,83.57000000000001,961,0,0,0,0,22.200000000000003,172,5.300000000000001
2010,9,28,21,30,171.48,0.16,4.4,0,0,0,7,19.5,86.59,961,0,0,0,0,21.8,175,5.1000000000000005
2010,9,28,22,30,156.52,0.16,4.3,0,0,0,3,19.400000000000002,88,960,0,0,0,0,21.5,178,4.800000000000001
2010,9,28,23,30,141.55,0.16,4.1000000000000005,0,0,0,0,19.400000000000002,89.21000000000001,960,0,0,0,0,21.200000000000003,181,4.5
2010,9,29,0,30,126.57000000000001,0.16,4,0,0,0,0,19.200000000000003,89.67,960,0,0,0,0,21,184,4.2
2010,9,29,1,30,111.59,0.16,3.8000000000000003,0,0,0,1,19.1,90.46000000000001,961,0,0,0,0,20.700000000000003,187,3.9000000000000004
2010,9,29,2,30,96.61,0.16,3.7,0,0,0,0,18.900000000000002,89.32000000000001,961,0,0,0,0,20.700000000000003,191,3.8000000000000003
2010,9,29,3,30,81.55,0.16,3.6,52,271,92,1,18.7,82.89,962,52,271,0,92,21.700000000000003,193,4.6000000000000005
2010,9,29,4,30,66.65,0.16,3.5,98,608,339,0,18,69.64,963,98,608,0,339,23.900000000000002,194,5.4
2010,9,29,5,30,51.74,0.16,3.5,117,765,591,0,17.400000000000002,57.910000000000004,963,117,765,0,591,26.3,196,5.6000000000000005
2010,9,29,6,30,36.87,0.16,3.4000000000000004,166,781,790,0,16.8,48.44,962,166,781,0,790,28.700000000000003,197,5.5
2010,9,29,7,30,22.16,0.16,3.4000000000000004,170,835,943,0,16.2,41.13,961,170,835,0,943,30.900000000000002,200,5.5
2010,9,29,8,30,8.5,0.16,3.4000000000000004,168,863,1022,0,15.5,35.76,960,168,863,0,1022,32.6,203,5.4
2010,9,29,9,30,10.16,0.16,3.4000000000000004,147,891,1024,2,14.700000000000001,31.76,959,548,251,0,795,33.800000000000004,204,5.4
2010,9,29,10,30,24.16,0.16,3.4000000000000004,138,878,939,2,13.9,29.27,957,488,149,0,624,34.4,203,5.300000000000001
2010,9,29,11,30,38.910000000000004,0.16,3.4000000000000004,126,840,780,3,13.5,28.51,957,454,128,0,554,34.300000000000004,200,5.300000000000001
2010,9,29,12,30,53.79,0.16,3.4000000000000004,112,760,561,3,13.200000000000001,29.34,956,247,7,7,251,33.5,196,5.300000000000001
2010,9,29,13,30,68.7,0.16,3.5,89,599,307,3,13.200000000000001,32.09,957,74,0,0,74,31.900000000000002,189,5.2
2010,9,29,14,30,83.58,0.16,3.5,40,229,66,3,13.4,36.54,957,8,0,7,8,29.900000000000002,181,5.300000000000001
2010,9,29,15,30,98.67,0.16,3.5,0,0,0,3,14.100000000000001,42.68,958,0,0,0,0,27.900000000000002,174,5.800000000000001
2010,9,29,16,30,113.64,0.16,3.5,0,0,0,0,14.8,50.51,960,0,0,0,0,25.900000000000002,173,6.4
2010,9,29,17,30,128.62,0.16,3.5,0,0,0,0,15.600000000000001,59.21,961,0,0,0,0,24.1,175,6.300000000000001
2010,9,29,18,30,143.6,0.16,3.6,0,0,0,0,16.3,66.36,961,0,0,0,0,22.900000000000002,179,5.9
2010,9,29,19,30,158.58,0.16,3.6,0,0,0,0,16.8,72.11,961,0,0,0,0,22.1,181,5.5
2010,9,29,20,30,173.56,0.16,3.6,0,0,0,0,17.3,77.61,961,0,0,0,0,21.400000000000002,184,5.1000000000000005
2010,9,29,21,30,171.43,0.16,3.6,0,0,0,0,17.7,82.13,961,0,0,0,0,20.900000000000002,186,4.9
2010,9,29,22,30,156.46,0.16,3.5,0,0,0,0,18,85.46000000000001,960,0,0,0,0,20.5,190,4.800000000000001
2010,9,29,23,30,141.48,0.16,3.4000000000000004,0,0,0,0,18.1,88.19,961,0,0,0,0,20.1,194,4.5
2010,9,30,0,30,126.5,0.16,3.2,0,0,0,0,18.1,89.86,961,0,0,0,0,19.8,199,4.2
2010,9,30,1,30,111.52,0.16,3.1,0,0,0,0,18.1,91.49,961,0,0,0,0,19.5,204,4
2010,9,30,2,30,96.55,0.16,3,0,0,0,0,18,91.05,962,0,0,0,0,19.5,208,4.2
2010,9,30,3,30,81.49,0.16,2.9000000000000004,47,352,99,0,17.900000000000002,83.82000000000001,962,47,352,0,99,20.700000000000003,208,5
2010,9,30,4,30,66.6,0.16,2.8000000000000003,84,675,352,0,17.3,69.96000000000001,963,84,675,0,352,23.1,206,5.800000000000001
2010,9,30,5,30,51.7,0.16,2.8000000000000003,101,818,607,0,16.5,56.96,963,101,818,0,607,25.700000000000003,206,6
2010,9,30,6,30,36.85,0.16,2.8000000000000003,107,895,823,0,15.600000000000001,46.46,962,107,895,0,823,28.200000000000003,207,6
2010,9,30,7,30,22.18,0.16,2.8000000000000003,112,933,975,0,14.600000000000001,38.38,961,112,933,0,975,30.3,208,5.9
2010,9,30,8,30,8.700000000000001,0.16,2.8000000000000003,114,949,1052,0,13.600000000000001,32.64,960,114,949,0,1052,32,208,5.800000000000001
2010,9,30,9,30,10.44,0.16,2.9000000000000004,127,928,1039,3,12.8,29.07,958,527,141,0,666,33.2,209,5.6000000000000005
2010,9,30,10,30,24.330000000000002,0.16,3,128,900,948,3,12.4,27.38,957,442,19,0,459,33.800000000000004,209,5.300000000000001
2010,9,30,11,30,39.04,0.16,3.1,127,844,783,3,12.3,27.3,957,457,152,0,575,33.7,208,5
2010,9,30,12,30,53.910000000000004,0.16,3.2,163,641,540,3,12.4,28.73,956,355,128,0,431,32.9,207,4.7
2010,9,30,13,30,68.81,0.16,3.3000000000000003,137,404,283,3,12.700000000000001,31.98,957,116,1,7,116,31.400000000000002,201,4.2
2010,9,30,14,30,83.68,0.16,3.4000000000000004,47,51,53,3,13.3,36.36,957,49,0,7,49,29.8,192,3.7
2010,9,30,15,30,98.77,0.16,3.4000000000000004,0,0,0,3,14.100000000000001,41.83,958,0,0,0,0,28.3,181,3.9000000000000004
2010,9,30,16,30,113.74000000000001,0.16,3.4000000000000004,0,0,0,3,14.8,47.58,959,0,0,0,0,26.900000000000002,174,4.800000000000001
2010,9,30,17,30,128.71,0.16,3.4000000000000004,0,0,0,0,15.600000000000001,54.83,960,0,0,0,0,25.3,172,5.5
2010,9,30,18,30,143.69,0.16,3.4000000000000004,0,0,0,0,16.2,62.35,961,0,0,0,0,23.8,173,5.6000000000000005
2010,9,30,19,30,158.67000000000002,0.16,3.4000000000000004,0,0,0,0,16.6,69.10000000000001,961,0,0,0,0,22.6,176,5.2
2010,9,30,20,30,173.65,0.16,3.4000000000000004,0,0,0,0,17.1,74.23,961,0,0,0,0,21.900000000000002,181,4.800000000000001
2010,9,30,21,30,171.36,0.16,3.4000000000000004,0,0,0,0,17.6,78.93,960,0,0,0,0,21.400000000000002,185,4.5
2010,9,30,22,30,156.38,0.16,3.4000000000000004,0,0,0,0,18.1,83.37,960,0,0,0,0,21,190,4.3
2010,9,30,23,30,141.4,0.16,3.4000000000000004,0,0,0,0,18.400000000000002,86.87,960,0,0,0,0,20.700000000000003,195,4.1000000000000005
2010,10,1,0,30,126.43,0.16,3.4000000000000004,0,0,0,0,18.7,88.79,960,0,0,0,0,20.6,199,4
2010,10,1,1,30,111.45,0.16,3.4000000000000004,0,0,0,0,18.900000000000002,90.35000000000001,961,0,0,0,0,20.5,202,3.9000000000000004
2010,10,1,2,30,96.49000000000001,0.16,3.4000000000000004,0,0,0,0,19,90.28,961,0,0,0,0,20.6,203,4
2010,10,1,3,30,81.43,0.16,3.4000000000000004,56,247,93,0,19.1,84.39,962,56,247,0,93,21.8,203,5
2010,10,1,4,30,66.55,0.16,3.5,105,584,338,0,18.7,72.21000000000001,962,105,584,0,338,24,202,5.9
2010,10,1,5,30,51.660000000000004,0.16,3.6,131,735,586,0,18,58.74,962,131,735,0,586,26.700000000000003,204,6
2010,10,1,6,30,36.83,0.16,3.7,148,809,795,0,17.1,48.24,961,148,809,0,795,29.1,207,5.9
2010,10,1,7,30,22.2,0.16,3.8000000000000003,159,846,943,0,16.2,41.76,960,159,846,0,943,30.700000000000003,212,5.6000000000000005
2010,10,1,8,30,8.91,0.16,3.8000000000000003,164,864,1018,0,15.600000000000001,38.43,959,164,864,0,1018,31.5,217,5.2
2010,10,1,9,30,10.73,0.16,3.8000000000000003,160,867,1012,3,15.200000000000001,36.07,958,556,212,0,765,32.1,221,5
2010,10,1,10,30,24.5,0.16,3.7,149,857,929,3,14.8,34.7,957,504,151,0,641,32.300000000000004,223,4.7
2010,10,1,11,30,39.18,0.16,3.7,133,823,771,2,14.4,34.03,957,432,175,0,568,32.2,222,4.5
2010,10,1,12,30,54.03,0.16,3.6,112,755,556,3,14,34.160000000000004,956,34,0,7,34,31.700000000000003,217,4.2
2010,10,1,13,30,68.93,0.16,3.6,84,613,304,3,13.700000000000001,35.33,957,181,22,7,189,30.8,209,3.6
2010,10,1,14,30,83.78,0.16,3.6,37,253,65,3,13.700000000000001,38.74,957,46,2,7,46,29.200000000000003,193,2.7
2010,10,1,15,30,98.87,0.16,3.6,0,0,0,1,14.5,44.04,958,0,0,0,0,27.900000000000002,173,2.7
2010,10,1,16,30,113.83,0.16,3.7,0,0,0,3,15.100000000000001,48.550000000000004,959,0,0,0,0,26.8,162,4
2010,10,1,17,30,128.8,0.16,3.7,0,0,0,3,16,56.25,960,0,0,0,0,25.3,161,5
2010,10,1,18,30,143.78,0.16,3.6,0,0,0,3,17,65.68,960,0,0,0,0,23.8,165,5.2
2010,10,1,19,30,158.76,0.16,3.6,0,0,0,0,17.6,73.57000000000001,960,0,0,0,0,22.6,170,4.800000000000001
2010,10,1,20,30,173.73,0.16,3.5,0,0,0,0,18,78.65,960,0,0,0,0,21.900000000000002,175,4.3
2010,10,1,21,30,171.28,0.16,3.5,0,0,0,0,18.400000000000002,82.96000000000001,959,0,0,0,0,21.400000000000002,179,4.2
2010,10,1,22,30,156.3,0.16,3.5,0,0,0,0,18.8,87.01,959,0,0,0,0,21,182,4.3
2010,10,1,23,30,141.33,0.16,3.5,0,0,0,0,19,89.5,959,0,0,0,0,20.8,185,4.1000000000000005
2010,10,2,0,30,126.36,0.17,3.5,0,0,0,0,19.200000000000003,91.55,959,0,0,0,0,20.6,186,3.7
2010,10,2,1,30,111.39,0.17,3.5,0,0,0,0,19.400000000000002,93.27,960,0,0,0,0,20.5,188,3.5
2010,10,2,2,30,96.42,0.17,3.5,0,0,0,0,19.5,93.38,961,0,0,0,0,20.6,189,3.6
2010,10,2,3,30,81.38,0.17,3.5,47,345,99,0,19.5,86.99,961,47,345,0,99,21.8,191,4.4
2010,10,2,4,30,66.5,0.17,3.4000000000000004,85,664,350,0,19,73.25,961,85,664,0,350,24.1,194,5.300000000000001
2010,10,2,5,30,51.620000000000005,0.17,3.4000000000000004,105,800,602,0,18.2,58.78,961,105,800,0,602,26.900000000000002,199,5.4
2010,10,2,6,30,36.81,0.17,3.4000000000000004,114,874,814,0,17.3,47.67,961,114,874,0,814,29.6,204,5.300000000000001
2010,10,2,7,30,22.240000000000002,0.17,3.5,122,908,962,0,16.6,39.9,960,122,908,0,962,31.900000000000002,207,5
2010,10,2,8,30,9.13,0.17,3.5,128,919,1036,0,16.1,35.25,958,128,919,0,1036,33.5,209,4.7
2010,10,2,9,30,11.03,0.17,3.6,174,852,1011,0,15.700000000000001,33.230000000000004,957,174,852,0,1011,34.2,210,4.3
2010,10,2,10,30,24.68,0.17,3.7,171,824,921,0,15.700000000000001,33.03,956,171,824,0,921,34.2,211,4.1000000000000005
2010,10,2,11,30,39.32,0.17,3.8000000000000003,161,772,758,1,15.700000000000001,34.42,956,161,772,0,758,33.5,210,3.9000000000000004
2010,10,2,12,30,54.15,0.17,3.9000000000000004,125,718,546,3,15.8,36.47,956,41,0,7,41,32.6,206,3.8000000000000003
2010,10,2,13,30,69.04,0.17,4,99,544,293,0,16,39.26,956,99,544,0,293,31.5,198,3.6
2010,10,2,14,30,83.89,0.17,4,42,158,58,3,16.2,43.49,957,40,0,7,40,30,183,3.4000000000000004
2010,10,2,15,30,98.96000000000001,0.17,4,0,0,0,3,16.7,48.800000000000004,958,0,0,0,0,28.5,168,3.8000000000000003
2010,10,2,16,30,113.92,0.17,4,0,0,0,3,17.1,54.34,959,0,0,0,0,27.1,161,4.800000000000001
2010,10,2,17,30,128.89000000000001,0.17,4,0,0,0,3,17.5,61.07,960,0,0,0,0,25.6,161,5.4
2010,10,2,18,30,143.86,0.17,4,0,0,0,3,17.900000000000002,68.43,961,0,0,0,0,24.1,163,5.2
2010,10,2,19,30,158.83,0.17,4,0,0,0,0,18.2,73.99,961,0,0,0,0,23.1,165,4.800000000000001
2010,10,2,20,30,173.78,0.17,4,0,0,0,0,18.5,78.5,960,0,0,0,0,22.400000000000002,167,4.5
2010,10,2,21,30,171.18,0.17,3.9000000000000004,0,0,0,0,18.8,82.42,960,0,0,0,0,21.900000000000002,169,4.5
2010,10,2,22,30,156.22,0.17,3.9000000000000004,0,0,0,0,18.900000000000002,84.23,960,0,0,0,0,21.700000000000003,170,4.4
2010,10,2,23,30,141.25,0.17,3.7,0,0,0,0,19,86.14,960,0,0,0,0,21.400000000000002,171,4.3
2010,10,3,0,30,126.28,0.17,3.6,0,0,0,0,19.1,87.67,960,0,0,0,0,21.200000000000003,171,4
2010,10,3,1,30,111.32000000000001,0.17,3.5,0,0,0,0,19.200000000000003,90.04,960,0,0,0,0,20.900000000000002,171,3.7
2010,10,3,2,30,96.36,0.17,3.4000000000000004,0,0,0,0,19.400000000000002,91.24,961,0,0,0,0,20.900000000000002,173,3.6
2010,10,3,3,30,81.32000000000001,0.17,3.4000000000000004,50,325,99,1,19.6,85.92,961,50,325,0,99,22.1,178,4.3
2010,10,3,4,30,66.46000000000001,0.17,3.4000000000000004,88,653,349,3,19.200000000000003,72.56,961,61,0,7,61,24.5,182,5.2
2010,10,3,5,30,51.59,0.17,3.4000000000000004,107,795,601,3,18.400000000000002,58.25,961,120,0,0,120,27.3,187,5.5
2010,10,3,6,30,36.800000000000004,0.17,3.5,119,864,810,3,17.400000000000002,47.15,961,232,0,0,232,29.900000000000002,191,5.5
2010,10,3,7,30,22.28,0.17,3.6,128,897,958,3,16.7,39.46,960,481,124,0,595,32.2,196,5.300000000000001
2010,10,3,8,30,9.36,0.17,3.6,133,911,1032,3,16.2,34.86,958,511,98,0,607,33.9,199,4.9
2010,10,3,9,30,11.32,0.17,3.7,130,912,1024,3,16,32.47,957,501,87,0,586,34.9,202,4.5
2010,10,3,10,30,24.86,0.17,3.7,125,895,936,3,15.9,31.650000000000002,956,504,177,0,665,35.2,202,4.2
2010,10,3,11,30,39.46,0.17,3.8000000000000003,116,852,774,1,15.8,32.46,956,116,852,0,774,34.7,199,4
2010,10,3,12,30,54.27,0.17,3.9000000000000004,103,773,554,3,15.9,34.87,956,29,0,7,29,33.5,192,4
2010,10,3,13,30,69.15,0.17,4,81,617,300,3,16.1,38.5,956,73,0,0,73,32,182,4.2
2010,10,3,14,30,83.99,0.17,4.1000000000000005,36,245,61,3,16.6,43.92,957,44,1,7,44,30.200000000000003,172,4.6000000000000005
2010,10,3,15,30,99.06,0.17,4.1000000000000005,0,0,0,3,17.2,50.5,958,0,0,0,0,28.5,165,5.300000000000001
2010,10,3,16,30,114.01,0.17,4.1000000000000005,0,0,0,0,17.900000000000002,57.83,959,0,0,0,0,26.900000000000002,163,5.7
2010,10,3,17,30,128.98,0.17,4,0,0,0,0,18.400000000000002,64.47,960,0,0,0,0,25.6,165,5.5
2010,10,3,18,30,143.94,0.17,3.9000000000000004,0,0,0,0,18.8,70.98,961,0,0,0,0,24.400000000000002,167,4.9
2010,10,3,19,30,158.9,0.17,3.9000000000000004,0,0,0,0,19.200000000000003,76.37,961,0,0,0,0,23.6,167,4.5
2010,10,3,20,30,173.8,0.17,3.9000000000000004,0,0,0,0,19.6,81.43,961,0,0,0,0,23,167,4.2
2010,10,3,21,30,171.06,0.17,3.9000000000000004,0,0,0,0,20,85.96000000000001,960,0,0,0,0,22.5,169,4
2010,10,3,22,30,156.13,0.17,3.8000000000000003,0,0,0,0,20.3,89.11,960,0,0,0,0,22.200000000000003,170,3.8000000000000003
2010,10,3,23,30,141.17000000000002,0.17,3.7,0,0,0,0,20.5,91.85000000000001,960,0,0,0,0,21.900000000000002,173,3.6
2010,10,4,0,30,126.21000000000001,0.16,3.6,0,0,0,0,20.6,93.44,960,0,0,0,0,21.700000000000003,176,3.4000000000000004
2010,10,4,1,30,111.25,0.16,3.5,0,0,0,0,20.700000000000003,95.03,961,0,0,0,0,21.5,180,3.2
2010,10,4,2,30,96.3,0.16,3.4000000000000004,0,0,0,0,20.8,94.94,961,0,0,0,0,21.6,183,3.3000000000000003
2010,10,4,3,30,81.27,0.16,3.3000000000000003,47,367,102,3,20.700000000000003,88.17,961,70,5,7,71,22.8,186,4.2
2010,10,4,4,30,66.42,0.16,3.3000000000000003,81,684,355,3,20.1,73.25,962,94,0,7,95,25.200000000000003,190,5
2010,10,4,5,30,51.56,0.16,3.4000000000000004,99,815,606,1,19.3,59.44,962,99,815,0,606,27.900000000000002,192,5.300000000000001
2010,10,4,6,30,36.800000000000004,0.16,3.4000000000000004,104,892,819,1,18.3,48.19,961,104,892,0,819,30.5,195,5.300000000000001
2010,10,4,7,30,22.330000000000002,0.16,3.5,111,924,966,0,17.400000000000002,40.1,960,111,924,0,966,32.7,198,5.1000000000000005
2010,10,4,8,30,9.61,0.16,3.5,117,934,1038,0,16.7,35.29,959,117,934,0,1038,34.2,200,4.9
2010,10,4,9,30,11.63,0.16,3.6,118,930,1029,3,16.2,32.52,957,539,223,0,757,35.1,202,4.6000000000000005
2010,10,4,10,30,25.05,0.16,3.7,117,907,938,3,15.9,31.5,957,460,125,0,573,35.300000000000004,203,4.3
2010,10,4,11,30,39.61,0.16,3.7,112,861,776,3,15.700000000000001,32.13,956,434,151,0,551,34.7,200,4.2
2010,10,4,12,30,54.4,0.16,3.8000000000000003,100,780,554,3,15.600000000000001,33.84,956,57,0,7,57,33.7,195,4.2
2010,10,4,13,30,69.26,0.16,3.9000000000000004,79,623,300,3,15.600000000000001,36.5,956,190,52,7,209,32.4,188,4.2
2010,10,4,14,30,84.09,0.16,3.9000000000000004,35,244,61,3,15.8,40.36,957,21,0,7,21,30.8,178,4.2
2010,10,4,15,30,99.15,0.16,3.9000000000000004,0,0,0,0,16.1,45,958,0,0,0,0,29.200000000000003,168,4.6000000000000005
2010,10,4,16,30,114.10000000000001,0.16,3.9000000000000004,0,0,0,0,16.5,50.69,958,0,0,0,0,27.6,164,5.4
2010,10,4,17,30,129.06,0.16,3.8000000000000003,0,0,0,0,17.2,59.29,959,0,0,0,0,25.700000000000003,164,5.7
2010,10,4,18,30,144.01,0.16,3.8000000000000003,0,0,0,0,17.900000000000002,67.89,960,0,0,0,0,24.200000000000003,165,5.4
2010,10,4,19,30,158.96,0.16,3.9000000000000004,0,0,0,0,18.400000000000002,74.53,960,0,0,0,0,23.200000000000003,167,4.9
2010,10,4,20,30,173.8,0.16,3.8000000000000003,0,0,0,0,18.8,79.46000000000001,960,0,0,0,0,22.5,170,4.6000000000000005
2010,10,4,21,30,170.94,0.16,3.8000000000000003,0,0,0,0,19,83.02,959,0,0,0,0,22,173,4.5
2010,10,4,22,30,156.04,0.16,3.8000000000000003,0,0,0,0,19.1,85.06,959,0,0,0,0,21.700000000000003,175,4.5
2010,10,4,23,30,141.09,0.16,3.7,0,0,0,0,19.1,86.83,959,0,0,0,0,21.400000000000002,178,4.3
2010,10,5,0,30,126.14,0.19,3.7,0,0,0,0,19.200000000000003,87.68,960,0,0,0,0,21.3,180,4
2010,10,5,1,30,111.19,0.19,3.7,0,0,0,0,19.1,88.62,960,0,0,0,0,21.1,183,3.7
2010,10,5,2,30,96.25,0.19,3.7,0,0,0,0,19.200000000000003,88.32000000000001,961,0,0,0,0,21.200000000000003,187,3.6
2010,10,5,3,30,81.22,0.19,3.7,51,323,100,0,19.1,81.75,962,51,323,0,100,22.400000000000002,189,4.4
2010,10,5,4,30,66.38,0.19,3.8000000000000003,89,648,349,0,18.5,68.66,962,89,648,0,349,24.6,190,5.300000000000001
2010,10,5,5,30,51.54,0.19,3.9000000000000004,106,793,599,0,17.7,56.06,962,106,793,0,599,27.200000000000003,192,5.5
2010,10,5,6,30,36.800000000000004,0.19,3.9000000000000004,115,869,811,0,16.900000000000002,45.480000000000004,962,115,869,0,811,29.900000000000002,196,5.5
2010,10,5,7,30,22.39,0.19,4,122,903,957,0,15.9,37.77,960,122,903,0,957,32.1,200,5.6000000000000005
2010,10,5,8,30,9.86,0.19,4,128,915,1030,0,15.200000000000001,32.6,959,128,915,0,1030,33.9,204,5.7
2010,10,5,9,30,11.94,0.19,4.1000000000000005,160,868,1009,0,14.8,29.990000000000002,958,160,868,0,1009,34.9,207,5.7
2010,10,5,10,30,25.23,0.19,4.1000000000000005,155,846,920,3,14.600000000000001,29.11,957,488,126,0,602,35.2,209,5.5
2010,10,5,11,30,39.75,0.19,4.2,143,800,758,3,14.5,29.96,956,436,195,0,587,34.6,210,5.1000000000000005
2010,10,5,12,30,54.52,0.19,4.3,125,713,539,3,14.600000000000001,31.87,956,169,0,0,169,33.6,207,4.5
2010,10,5,13,30,69.37,0.19,4.4,96,544,288,3,14.8,34.96,956,60,0,0,60,32.2,199,3.9000000000000004
2010,10,5,14,30,84.18,0.19,4.4,39,168,56,3,15.200000000000001,38.99,957,14,0,7,14,30.700000000000003,184,3.5
2010,10,5,15,30,99.24000000000001,0.19,4.5,0,0,0,3,15.700000000000001,43.87,958,0,0,0,0,29.200000000000003,169,3.7
2010,10,5,16,30,114.18,0.19,4.5,0,0,0,3,16.1,48.86,959,0,0,0,0,27.8,162,4.5
2010,10,5,17,30,129.13,0.19,4.6000000000000005,0,0,0,0,16.5,55.18,960,0,0,0,0,26.200000000000003,163,5
2010,10,5,18,30,144.08,0.19,4.6000000000000005,0,0,0,0,16.900000000000002,61.79,960,0,0,0,0,24.700000000000003,167,4.800000000000001
2010,10,5,19,30,159.01,0.19,4.6000000000000005,0,0,0,0,17.2,67.43,960,0,0,0,0,23.6,171,4.5
2010,10,5,20,30,173.77,0.19,4.6000000000000005,0,0,0,0,17.5,71.71000000000001,960,0,0,0,0,22.900000000000002,175,4.2
2010,10,5,21,30,170.79,0.19,4.6000000000000005,0,0,0,0,17.8,75.57000000000001,960,0,0,0,0,22.3,179,4.1000000000000005
2010,10,5,22,30,155.95000000000002,0.19,4.5,0,0,0,0,18,78.29,959,0,0,0,0,21.900000000000002,184,4.2
2010,10,5,23,30,141.01,0.19,4.4,0,0,0,3,18.1,79.84,959,0,0,0,0,21.700000000000003,189,4.3
2010,10,6,0,30,126.07000000000001,0.19,4.3,0,0,0,3,18.1,80.98,960,0,0,0,0,21.5,192,4.3
2010,10,6,1,30,111.12,0.19,4.2,0,0,0,3,18.2,81.81,961,0,0,0,0,21.400000000000002,195,4.2
2010,10,6,2,30,96.19,0.19,4.2,0,0,0,5,18.2,82.15,961,0,0,0,0,21.400000000000002,198,4.1000000000000005
2010,10,6,3,30,81.18,0.19,4.1000000000000005,55,266,96,5,18.3,77.94,962,4,0,0,4,22.3,199,4.7
2010,10,6,4,30,66.34,0.19,4.1000000000000005,103,590,340,3,17.900000000000002,68.47,962,231,81,0,263,24.1,200,5.4
2010,10,6,5,30,51.52,0.19,4.1000000000000005,125,746,589,4,17.1,56.910000000000004,963,184,0,0,184,26.3,200,5.7
2010,10,6,6,30,36.81,0.19,4.1000000000000005,131,836,800,4,15.9,46.11,962,400,62,0,450,28.6,200,5.800000000000001
2010,10,6,7,30,22.46,0.19,4.1000000000000005,139,875,947,3,14.9,38.49,962,502,160,0,650,30.6,200,5.9
2010,10,6,8,30,10.13,0.19,4.1000000000000005,143,890,1020,3,14.200000000000001,34.08,961,522,166,0,685,32,200,5.9
2010,10,6,9,30,12.25,0.19,4.2,140,891,1011,3,13.9,31.76,960,539,192,0,727,32.9,200,5.800000000000001
2010,10,6,10,30,25.42,0.19,4.2,138,868,922,3,13.8,31,959,459,124,0,571,33.2,201,5.7
2010,10,6,11,30,39.9,0.19,4.2,129,823,761,3,13.8,31.51,958,435,143,0,545,32.9,201,5.5
2010,10,6,12,30,54.64,0.19,4.2,111,747,543,3,13.9,33.14,958,321,54,0,353,32.1,201,5.300000000000001
2010,10,6,13,30,69.47,0.19,4.2,84,593,292,3,14,35.800000000000004,958,160,11,7,164,30.900000000000002,198,4.9
2010,10,6,14,30,84.28,0.19,4.2,34,226,57,3,14.3,39.77,959,31,0,7,31,29.400000000000002,191,4.4
2010,10,6,15,30,99.33,0.19,4.2,0,0,0,3,14.8,44.62,959,0,0,0,0,28,182,4.3
2010,10,6,16,30,114.26,0.19,4.2,0,0,0,3,15.600000000000001,50.74,960,0,0,0,0,26.700000000000003,175,4.7
2010,10,6,17,30,129.2,0.19,4.2,0,0,0,3,16.6,58.99,961,0,0,0,0,25.200000000000003,173,4.9
2010,10,6,18,30,144.14000000000001,0.19,4.1000000000000005,0,0,0,0,17.400000000000002,67.02,961,0,0,0,0,23.900000000000002,175,4.800000000000001
2010,10,6,19,30,159.05,0.19,4,0,0,0,0,17.8,73.06,961,0,0,0,0,22.900000000000002,179,4.5
2010,10,6,20,30,173.72,0.19,4,0,0,0,0,18,77.44,961,0,0,0,0,22.1,182,4
2010,10,6,21,30,170.64000000000001,0.19,3.9000000000000004,0,0,0,0,18.1,80.51,961,0,0,0,0,21.6,185,3.6
2010,10,6,22,30,155.85,0.19,3.8000000000000003,0,0,0,0,18.3,84,960,0,0,0,0,21.1,188,3.3000000000000003
2010,10,6,23,30,140.93,0.19,3.7,0,0,0,0,18.6,87.57000000000001,960,0,0,0,0,20.700000000000003,191,3.2
2010,10,7,0,30,126,0.19,3.5,0,0,0,0,18.8,90.74,961,0,0,0,0,20.400000000000002,193,3.2
2010,10,7,1,30,111.06,0.19,3.4000000000000004,0,0,0,7,19,93.44,961,0,0,0,0,20.1,196,3.3000000000000003
2010,10,7,2,30,96.13,0.19,3.3000000000000003,0,0,0,3,19.1,93.32000000000001,962,0,0,0,0,20.200000000000003,199,3.6
2010,10,7,3,30,81.13,0.19,3.2,48,358,104,3,19,85.7,962,60,1,0,60,21.5,202,4.4
2010,10,7,4,30,66.31,0.19,3.2,84,679,356,0,18.2,69.2,963,84,679,0,356,24.200000000000003,204,5.2
2010,10,7,5,30,51.5,0.19,3.1,101,817,610,0,16.400000000000002,51.14,963,101,817,0,610,27.400000000000002,207,5.6000000000000005
2010,10,7,6,30,36.82,0.19,3.1,114,882,820,0,14.200000000000001,37.25,962,114,882,0,820,30.400000000000002,210,5.800000000000001
2010,10,7,7,30,22.53,0.19,3.1,123,915,968,0,12.600000000000001,29.32,961,123,915,0,968,32.800000000000004,213,5.800000000000001
2010,10,7,8,30,10.4,0.19,3.2,129,924,1039,0,11.9,25.38,960,129,924,0,1039,34.5,216,5.7
2010,10,7,9,30,12.56,0.19,3.2,139,908,1025,0,11.700000000000001,23.71,959,139,908,0,1025,35.6,218,5.5
2010,10,7,10,30,25.62,0.19,3.3000000000000003,139,880,933,0,12,23.51,958,139,880,0,933,36,219,5.2
2010,10,7,11,30,40.04,0.19,3.3000000000000003,135,826,767,0,12.200000000000001,24.1,957,135,826,0,767,35.800000000000004,219,5
2010,10,7,12,30,54.76,0.19,3.4000000000000004,145,674,534,0,12.3,25.560000000000002,957,145,674,0,534,34.9,218,4.800000000000001
2010,10,7,13,30,69.58,0.19,3.4000000000000004,112,484,281,0,12.4,27.75,957,112,484,0,281,33.5,215,4.2
2010,10,7,14,30,84.37,0.19,3.4000000000000004,39,113,50,3,12.4,31.04,958,45,1,7,45,31.6,208,3.3000000000000003
2010,10,7,15,30,99.42,0.19,3.3000000000000003,0,0,0,7,12.700000000000001,34.4,959,0,0,0,0,30.1,195,3
2010,10,7,16,30,114.34,0.19,3.3000000000000003,0,0,0,7,12.700000000000001,36.95,959,0,0,0,0,28.900000000000002,184,3.9000000000000004
2010,10,7,17,30,129.27,0.19,3.3000000000000003,0,0,0,7,13.4,42.230000000000004,960,0,0,0,0,27.3,177,4.6000000000000005
2010,10,7,18,30,144.19,0.19,3.3000000000000003,0,0,0,0,14.8,51.59,961,0,0,0,0,25.5,178,4.800000000000001
2010,10,7,19,30,159.08,0.19,3.3000000000000003,0,0,0,0,16.3,62.02,961,0,0,0,0,24,181,4.3
2010,10,7,20,30,173.64000000000001,0.19,3.3000000000000003,0,0,0,3,17.3,70.89,961,0,0,0,0,22.900000000000002,183,3.8000000000000003
2010,10,7,21,30,170.47,0.19,3.3000000000000003,0,0,0,7,18.1,78.18,961,0,0,0,0,22.1,185,3.5
2010,10,7,22,30,155.74,0.19,3.4000000000000004,0,0,0,7,18.8,83.95,960,0,0,0,0,21.6,186,3.4000000000000004
2010,10,7,23,30,140.85,0.19,3.4000000000000004,0,0,0,1,19.400000000000002,89.74,960,0,0,0,0,21.200000000000003,189,3.6
2010,10,8,0,30,125.92,0.19,3.4000000000000004,0,0,0,8,20,94.10000000000001,960,0,0,0,0,21,192,3.9000000000000004
2010,10,8,1,30,111,0.19,3.4000000000000004,0,0,0,7,20.400000000000002,96.35000000000001,961,0,0,0,0,21,193,3.9000000000000004
2010,10,8,2,30,96.08,0.19,3.5,0,0,0,7,20.6,96.57000000000001,961,0,0,0,0,21.200000000000003,195,4.1000000000000005
2010,10,8,3,30,81.09,0.19,3.5,53,292,98,7,20.8,89.93,962,73,20,7,77,22.5,196,5
2010,10,8,4,30,66.28,0.19,3.5,99,614,346,7,20.400000000000002,75.33,962,101,3,0,102,25.1,195,5.7
2010,10,8,5,30,51.49,0.19,3.6,121,762,595,7,19.200000000000003,58.58,963,298,183,0,412,28.1,195,5.800000000000001
2010,10,8,6,30,36.84,0.19,3.6,182,754,785,7,17.400000000000002,44.02,962,267,594,0,742,31.1,198,5.7
2010,10,8,7,30,22.61,0.19,3.6,190,805,934,0,15.9,34.76,961,190,805,0,934,33.6,204,5.4
2010,10,8,8,30,10.68,0.19,3.6,189,833,1008,0,15,29.67,960,189,833,0,1008,35.4,209,5.2
2010,10,8,9,30,12.870000000000001,0.19,3.6,137,904,1018,0,14.5,27.14,959,137,904,0,1018,36.4,213,5.1000000000000005
2010,10,8,10,30,25.810000000000002,0.19,3.6,134,883,928,0,14.200000000000001,26.26,957,134,883,0,928,36.6,214,4.9
2010,10,8,11,30,40.19,0.19,3.6,126,836,765,0,14,26.75,957,126,836,0,765,36.1,213,4.7
2010,10,8,12,30,54.88,0.19,3.7,112,750,544,7,14.100000000000001,28.52,957,271,169,7,368,35,211,4.4
2010,10,8,13,30,69.69,0.19,3.8000000000000003,87,582,289,0,14.3,31.45,957,87,582,0,289,33.5,204,3.9000000000000004
2010,10,8,14,30,84.47,0.19,3.9000000000000004,35,198,54,7,14.8,35.81,958,46,12,7,47,31.8,192,3.6
2010,10,8,15,30,99.5,0.19,4,0,0,0,7,15.8,41.800000000000004,959,0,0,0,0,30.200000000000003,179,4.1000000000000005
2010,10,8,16,30,114.42,0.19,4.1000000000000005,0,0,0,3,17.1,49.45,960,0,0,0,0,28.700000000000003,171,5.1000000000000005
2010,10,8,17,30,129.34,0.19,4.2,0,0,0,7,18.6,60.06,961,0,0,0,0,27,170,5.6000000000000005
2010,10,8,18,30,144.25,0.19,4.1000000000000005,0,0,0,7,19.700000000000003,70.43,961,0,0,0,0,25.5,173,5.4
2010,10,8,19,30,159.11,0.19,4,0,0,0,7,20.3,77.60000000000001,961,0,0,0,0,24.5,176,4.9
2010,10,8,20,30,173.54,0.19,3.9000000000000004,0,0,0,0,20.700000000000003,82.76,961,0,0,0,0,23.8,179,4.5
2010,10,8,21,30,170.3,0.19,3.7,0,0,0,1,21,87.44,960,0,0,0,0,23.200000000000003,182,4.3
2010,10,8,22,30,155.64000000000001,0.19,3.6,0,0,0,8,21.3,91.26,960,0,0,0,0,22.8,183,4
2010,10,8,23,30,140.76,0.19,3.5,0,0,0,7,21.5,93.66,960,0,0,0,0,22.6,184,3.7
2010,10,9,0,30,125.85000000000001,0.2,3.4000000000000004,0,0,0,8,21.700000000000003,95.7,960,0,0,0,0,22.400000000000002,184,3.5
2010,10,9,1,30,110.93,0.2,3.3000000000000003,0,0,0,8,21.8,97.4,960,0,0,0,0,22.200000000000003,185,3.4000000000000004
2010,10,9,2,30,96.03,0.2,3.2,0,0,0,7,21.8,97.16,961,0,0,0,0,22.3,187,3.6
2010,10,9,3,30,81.05,0.2,3.2,46,388,106,7,21.700000000000003,90.46000000000001,961,3,0,0,3,23.400000000000002,189,4.4
2010,10,9,4,30,66.25,0.2,3.3000000000000003,85,674,357,8,21.1,75.5,962,127,10,0,131,25.8,191,5.2
2010,10,9,5,30,51.480000000000004,0.2,3.3000000000000003,109,798,606,8,20.3,60.730000000000004,962,248,416,0,507,28.6,195,5.300000000000001
2010,10,9,6,30,36.86,0.2,3.4000000000000004,124,862,813,7,19.400000000000002,49.19,962,170,756,0,775,31.3,200,5.2
2010,10,9,7,30,22.7,0.2,3.5,133,895,959,0,18.6,41.29,961,133,895,0,959,33.5,205,5
2010,10,9,8,30,10.96,0.2,3.6,136,908,1028,1,17.900000000000002,36.12,959,136,908,0,1028,35.1,209,4.7
2010,10,9,9,30,13.19,0.2,3.6,125,922,1023,0,17.2,33,958,125,922,0,1023,36,211,4.3
2010,10,9,10,30,26,0.2,3.7,126,893,929,7,16.6,31.240000000000002,957,375,378,7,714,36.300000000000004,211,4
2010,10,9,11,30,40.34,0.2,3.7,123,842,765,7,16.1,30.77,956,321,325,7,568,36,211,3.8000000000000003
2010,10,9,12,30,55.01,0.2,3.8000000000000003,126,715,535,7,15.8,31.720000000000002,956,277,216,0,401,35.1,208,3.7
2010,10,9,13,30,69.79,0.2,3.9000000000000004,97,536,282,7,15.700000000000001,33.980000000000004,956,173,162,7,228,33.800000000000004,203,3.5
2010,10,9,14,30,84.56,0.2,3.9000000000000004,36,154,50,7,15.9,37.77,957,44,7,7,45,32.1,191,3.2
2010,10,9,15,30,99.58,0.2,4,0,0,0,7,16.400000000000002,42.42,958,0,0,0,0,30.6,176,3.8000000000000003
2010,10,9,16,30,114.49000000000001,0.2,4.1000000000000005,0,0,0,7,17.1,48.94,959,0,0,0,0,28.900000000000002,168,5.2
2010,10,9,17,30,129.4,0.2,4.1000000000000005,0,0,0,7,18.3,59.33,960,0,0,1,0,26.900000000000002,168,5.7
2010,10,9,18,30,144.29,0.2,4.1000000000000005,0,0,0,7,19.3,70.33,960,0,0,0,0,25.1,171,5.2
2010,10,9,19,30,159.12,0.2,4,0,0,0,6,19.900000000000002,77.74,960,0,0,0,0,24,174,4.6000000000000005
2010,10,9,20,30,173.41,0.2,3.9000000000000004,0,0,0,7,20.1,81.67,959,0,0,0,0,23.400000000000002,177,4.1000000000000005
2010,10,9,21,30,170.11,0.2,3.8000000000000003,0,0,0,7,20.200000000000003,84.66,959,0,0,0,0,22.900000000000002,180,3.8000000000000003
2010,10,9,22,30,155.53,0.2,3.7,0,0,0,7,20.200000000000003,86.96000000000001,958,0,0,0,0,22.5,181,3.5
2010,10,9,23,30,140.67000000000002,0.2,3.6,0,0,0,1,20.3,89.44,958,0,0,0,0,22.1,181,3.4000000000000004
2010,10,10,0,30,125.78,0.2,3.5,0,0,0,7,20.400000000000002,91.75,958,0,0,0,0,21.8,180,3.3000000000000003
2010,10,10,1,30,110.87,0.2,3.4000000000000004,0,0,0,0,20.5,93.25,959,0,0,0,0,21.6,178,3.3000000000000003
2010,10,10,2,30,95.98,0.2,3.3000000000000003,0,0,0,1,20.5,93.44,959,0,0,0,0,21.6,177,3.5
2010,10,10,3,30,81.01,0.2,3.3000000000000003,51,334,103,3,20.5,87.34,960,4,0,0,4,22.700000000000003,178,4.1000000000000005
2010,10,10,4,30,66.22,0.2,3.3000000000000003,94,639,352,1,19.700000000000003,71.7,961,94,639,0,352,25.200000000000003,180,4.800000000000001
2010,10,10,5,30,51.47,0.2,3.3000000000000003,122,768,600,0,18.1,54.370000000000005,961,122,768,0,600,28.200000000000003,183,5.1000000000000005
2010,10,10,6,30,36.88,0.2,3.4000000000000004,146,822,804,0,16.8,42.02,960,146,822,0,804,31.200000000000003,188,5.2
2010,10,10,7,30,22.79,0.2,3.4000000000000004,160,856,949,0,16.1,34.730000000000004,959,160,856,0,949,33.800000000000004,192,4.9
2010,10,10,8,30,11.26,0.2,3.5,165,872,1021,0,15.700000000000001,30.63,958,165,872,0,1021,35.6,197,4.5
2010,10,10,9,30,13.51,0.2,3.5,183,845,1004,0,15.3,28.09,957,183,845,0,1004,36.7,201,4.1000000000000005
2010,10,10,10,30,26.2,0.2,3.5,170,831,915,8,14.9,26.61,955,314,547,0,805,37.2,202,3.9000000000000004
2010,10,10,11,30,40.480000000000004,0.2,3.6,152,789,752,0,14.600000000000001,26.53,955,152,789,0,752,36.9,201,3.6
2010,10,10,12,30,55.13,0.2,3.6,130,706,533,0,14.3,27.43,954,130,706,0,533,36,197,3.5
2010,10,10,13,30,69.89,0.2,3.7,96,540,282,7,14.3,29.54,955,163,209,7,235,34.6,190,3.3000000000000003
2010,10,10,14,30,84.65,0.2,3.7,35,164,50,7,14.4,32.92,955,45,9,7,46,32.800000000000004,177,3
2010,10,10,15,30,99.66,0.2,3.7,0,0,0,7,15,37.62,956,0,0,0,0,31.1,164,3.7
2010,10,10,16,30,114.56,0.2,3.7,0,0,0,7,15.700000000000001,43.37,957,0,0,0,0,29.400000000000002,158,4.9
2010,10,10,17,30,129.45,0.2,3.7,0,0,0,7,16.900000000000002,52.93,958,0,0,1,0,27.3,158,5.300000000000001
2010,10,10,18,30,144.33,0.2,3.6,0,0,0,3,17.900000000000002,62.870000000000005,959,0,0,0,0,25.5,160,4.800000000000001
2010,10,10,19,30,159.13,0.2,3.6,0,0,0,3,18.5,70.41,959,0,0,0,0,24.200000000000003,161,4.3
2010,10,10,20,30,173.27,0.2,3.5,0,0,0,8,18.8,75.53,959,0,0,0,0,23.400000000000002,162,4.1000000000000005
2010,10,10,21,30,169.92000000000002,0.2,3.4000000000000004,0,0,0,0,19.200000000000003,80.51,959,0,0,0,0,22.700000000000003,163,4
2010,10,10,22,30,155.42000000000002,0.2,3.4000000000000004,0,0,0,0,19.5,84.8,958,0,0,0,0,22.200000000000003,164,4
2010,10,10,23,30,140.59,0.2,3.4000000000000004,0,0,0,0,19.8,88.48,958,0,0,0,0,21.8,165,4
2010,10,11,0,30,125.71000000000001,0.21,3.3000000000000003,0,0,0,1,20,90.18,959,0,0,0,0,21.700000000000003,166,3.9000000000000004
2010,10,11,1,30,110.81,0.21,3.3000000000000003,0,0,0,1,20,90.77,959,0,0,0,0,21.6,167,3.9000000000000004
2010,10,11,2,30,95.93,0.21,3.3000000000000003,0,0,0,3,20,89.97,960,0,0,0,0,21.700000000000003,169,3.9000000000000004
2010,10,11,3,30,80.97,0.21,3.4000000000000004,57,273,100,3,19.900000000000002,83.5,960,83,28,0,88,22.8,171,4.3
2010,10,11,4,30,66.2,0.21,3.5,112,573,344,0,19.3,70.22,961,112,573,0,344,25.1,173,4.6000000000000005
2010,10,11,5,30,51.47,0.21,3.5,144,712,587,0,18.400000000000002,55.28,961,144,712,0,587,28.200000000000003,176,4.6000000000000005
2010,10,11,6,30,36.92,0.21,3.6,112,878,814,0,17.3,43.04,960,112,878,0,814,31.400000000000002,179,4.5
2010,10,11,7,30,22.89,0.21,3.7,125,904,958,0,16.2,34.39,960,125,904,0,958,34.1,181,4.3
2010,10,11,8,30,11.55,0.21,3.8000000000000003,135,910,1026,0,15.200000000000001,29.03,958,135,910,0,1026,36,181,3.9000000000000004
2010,10,11,9,30,13.82,0.21,3.8000000000000003,245,754,978,0,14.8,27.02,957,245,754,0,978,36.9,178,3.5
2010,10,11,10,30,26.400000000000002,0.21,3.9000000000000004,232,731,887,0,14.8,26.73,956,232,731,0,887,37,173,3.4000000000000004
2010,10,11,11,30,40.63,0.21,3.9000000000000004,210,680,726,7,14.8,27.650000000000002,956,384,119,0,474,36.4,168,3.3000000000000003
2010,10,11,12,30,55.25,0.21,4,177,581,509,7,14.8,29.16,955,293,209,7,412,35.5,162,3.2
2010,10,11,13,30,70,0.21,4,127,400,263,7,14.9,31.39,956,121,8,0,124,34.300000000000004,156,3.1
2010,10,11,14,30,84.73,0.21,4.1000000000000005,36,67,42,7,15.100000000000001,34.87,956,25,0,7,25,32.6,150,3.1
2010,10,11,15,30,99.74000000000001,0.21,4.1000000000000005,0,0,0,7,15.4,39.25,957,0,0,0,0,30.900000000000002,146,3.7
2010,10,11,16,30,114.62,0.21,4.1000000000000005,0,0,0,8,15.8,44.410000000000004,958,0,0,0,0,29.200000000000003,146,4.7
2010,10,11,17,30,129.51,0.21,4,0,0,0,7,16.8,53.33,959,0,0,0,0,27.1,147,4.9
2010,10,11,18,30,144.37,0.21,4,0,0,0,7,17.900000000000002,62.660000000000004,959,0,0,0,0,25.5,149,4.6000000000000005
2010,10,11,19,30,159.13,0.21,3.9000000000000004,0,0,0,7,18.7,70.79,959,0,0,0,0,24.3,150,4.2
2010,10,11,20,30,173.1,0.21,3.9000000000000004,0,0,0,7,19.200000000000003,76.38,959,0,0,0,0,23.6,152,4
2010,10,11,21,30,169.72,0.21,3.8000000000000003,0,0,0,7,19.5,80.87,958,0,0,0,0,23,155,3.8000000000000003
2010,10,11,22,30,155.3,0.21,3.8000000000000003,0,0,0,7,19.700000000000003,84.4,958,0,0,0,0,22.5,157,3.7
2010,10,11,23,30,140.5,0.21,3.7,0,0,0,4,19.8,85.69,958,0,0,0,0,22.3,159,3.7
2010,10,12,0,30,125.63000000000001,0.21,3.6,0,0,0,3,19.700000000000003,86.46000000000001,959,0,0,0,0,22.1,160,3.6
2010,10,12,1,30,110.75,0.21,3.6,0,0,0,0,19.700000000000003,87.3,960,0,0,0,0,21.900000000000002,160,3.6
2010,10,12,2,30,95.88,0.21,3.5,0,0,0,0,19.6,87.06,960,0,0,0,0,21.900000000000002,160,3.7
2010,10,12,3,30,80.93,0.21,3.6,54,297,101,1,19.6,81.77,961,54,297,0,101,22.900000000000002,159,4.1000000000000005
2010,10,12,4,30,66.18,0.21,3.6,102,608,347,3,19.3,69.66,961,173,9,7,177,25.200000000000003,160,4.6000000000000005
2010,10,12,5,30,51.47,0.21,3.7,129,745,594,3,18.7,56.870000000000005,962,248,2,7,250,28,161,4.7
2010,10,12,6,30,36.95,0.21,3.8000000000000003,148,814,799,2,18,46.19,961,451,254,0,653,30.900000000000002,164,4.7
2010,10,12,7,30,23,0.21,3.8000000000000003,162,850,944,0,17.400000000000002,38.54,960,162,850,0,944,33.4,166,4.5
2010,10,12,8,30,11.85,0.21,3.9000000000000004,167,865,1014,0,16.8,33.52,959,167,865,0,1014,35.300000000000004,167,4.1000000000000005
2010,10,12,9,30,14.14,0.21,4,211,801,988,0,16.6,31.41,958,211,801,0,988,36.2,166,3.8000000000000003
2010,10,12,10,30,26.6,0.21,4.1000000000000005,205,772,895,0,16.6,31.51,957,205,772,0,895,36.1,162,3.5
2010,10,12,11,30,40.78,0.21,4.2,187,720,732,2,16.6,33.46,956,356,12,0,365,35.1,159,3.4000000000000004
2010,10,12,12,30,55.370000000000005,0.21,4.3,155,635,516,0,16.900000000000002,36.38,956,155,635,0,516,33.9,157,3.5
2010,10,12,13,30,70.10000000000001,0.21,4.4,113,455,268,0,17.3,40.4,957,113,455,0,268,32.5,155,3.6
2010,10,12,14,30,84.82000000000001,0.21,4.5,36,91,44,2,17.7,45.34,957,38,0,7,38,30.900000000000002,153,3.9000000000000004
2010,10,12,15,30,99.82000000000001,0.21,4.6000000000000005,0,0,0,3,17.900000000000002,50.13,958,0,0,0,0,29.400000000000002,150,4.5
2010,10,12,16,30,114.69,0.21,4.6000000000000005,0,0,0,4,18,55.1,959,0,0,0,0,27.8,148,5
2010,10,12,17,30,129.55,0.21,4.6000000000000005,0,0,0,3,18.1,61.06,960,0,0,0,0,26.200000000000003,147,5
2010,10,12,18,30,144.39000000000001,0.21,4.6000000000000005,0,0,0,3,18.400000000000002,67.37,961,0,0,0,0,24.900000000000002,146,4.6000000000000005
2010,10,12,19,30,159.12,0.21,4.6000000000000005,0,0,0,3,18.8,72.39,961,0,0,0,0,24.1,145,4.2
2010,10,12,20,30,172.92000000000002,0.21,4.6000000000000005,0,0,0,3,19.1,76.3,960,0,0,0,0,23.5,144,4
2010,10,12,21,30,169.51,0.21,4.6000000000000005,0,0,0,3,19.3,79.06,960,0,0,0,0,23.1,145,4.1000000000000005
2010,10,12,22,30,155.18,0.21,4.6000000000000005,0,0,0,0,19.3,80.3,959,0,0,0,0,22.900000000000002,147,4.1000000000000005
2010,10,12,23,30,140.41,0.21,4.6000000000000005,0,0,0,0,19.3,81.85000000000001,959,0,0,0,0,22.6,148,4.2
2010,10,13,0,30,125.56,0.18,4.5,0,0,0,3,19.400000000000002,83.13,960,0,0,0,0,22.400000000000002,150,4.3
2010,10,13,1,30,110.7,0.18,4.4,0,0,0,0,19.400000000000002,83.85000000000001,960,0,0,0,0,22.3,154,4.3
2010,10,13,2,30,95.83,0.18,4.3,0,0,0,0,19.5,84.35000000000001,961,0,0,0,0,22.3,158,4.4
2010,10,13,3,30,80.9,0.18,4.2,58,249,98,1,19.700000000000003,80.98,961,58,249,0,98,23.1,160,4.7
2010,10,13,4,30,66.16,0.18,4.2,112,564,340,3,19.3,70.7,962,145,2,7,146,25,160,4.9
2010,10,13,5,30,51.480000000000004,0.18,4.1000000000000005,142,711,584,3,18.400000000000002,57.6,962,277,4,0,279,27.5,160,4.800000000000001
2010,10,13,6,30,36.99,0.18,4.1000000000000005,187,744,781,3,17.5,47.02,961,293,0,0,293,30,161,4.5
2010,10,13,7,30,23.11,0.18,4.1000000000000005,204,783,924,3,16.8,40.13,960,445,18,0,462,32,164,4.3
2010,10,13,8,30,12.16,0.18,4.1000000000000005,213,798,993,3,16.3,35.75,959,516,126,0,639,33.5,168,4.1000000000000005
2010,10,13,9,30,14.46,0.18,4.1000000000000005,187,830,990,0,15.9,33.06,958,187,830,0,990,34.5,171,4
2010,10,13,10,30,26.8,0.18,4,179,809,901,3,15.700000000000001,32.02,957,477,121,0,585,34.800000000000004,172,3.9000000000000004
2010,10,13,11,30,40.93,0.18,4.1000000000000005,164,759,738,1,15.600000000000001,32.3,957,164,759,0,738,34.5,170,3.9000000000000004
2010,10,13,12,30,55.49,0.18,4.1000000000000005,142,666,519,1,15.5,33.72,957,142,666,0,519,33.7,166,3.9000000000000004
2010,10,13,13,30,70.2,0.18,4.1000000000000005,107,482,270,3,15.600000000000001,36.47,957,144,5,7,146,32.4,160,4
2010,10,13,14,30,84.9,0.18,4.2,35,104,45,0,15.9,40.83,958,35,104,0,45,30.700000000000003,154,4.1000000000000005
2010,10,13,15,30,99.89,0.18,4.2,0,0,0,0,16.400000000000002,46.22,959,0,0,0,0,29.1,150,4.7
2010,10,13,16,30,114.75,0.18,4.1000000000000005,0,0,0,3,17.1,53.58,960,0,0,0,0,27.400000000000002,149,5.300000000000001
2010,10,13,17,30,129.6,0.18,4.1000000000000005,0,0,0,0,17.900000000000002,62.25,961,0,0,0,0,25.700000000000003,150,5.300000000000001
2010,10,13,18,30,144.42000000000002,0.18,4.1000000000000005,0,0,0,0,18.5,69.04,961,0,0,0,0,24.5,150,4.800000000000001
2010,10,13,19,30,159.1,0.18,4.1000000000000005,0,0,0,0,18.8,73.82000000000001,961,0,0,0,0,23.700000000000003,151,4.3
2010,10,13,20,30,172.72,0.18,4.1000000000000005,0,0,0,0,18.900000000000002,76.93,960,0,0,0,0,23.200000000000003,154,4
2010,10,13,21,30,169.29,0.18,4.1000000000000005,0,0,0,0,19.1,79.54,960,0,0,0,0,22.8,157,3.9000000000000004
2010,10,13,22,30,155.06,0.18,4.1000000000000005,0,0,0,0,19.200000000000003,82.04,959,0,0,0,0,22.400000000000002,159,3.9000000000000004
2010,10,13,23,30,140.32,0.18,4.1000000000000005,0,0,0,0,19.3,84,959,0,0,0,0,22.1,160,3.8000000000000003
2010,10,14,0,30,125.49000000000001,0.16,4,0,0,0,0,19.400000000000002,86.15,960,0,0,0,0,21.8,160,3.8000000000000003
2010,10,14,1,30,110.64,0.16,4,0,0,0,3,19.5,87.13,960,0,0,0,0,21.700000000000003,159,3.7
2010,10,14,2,30,95.79,0.16,3.9000000000000004,0,0,0,3,19.5,87.32000000000001,961,0,0,0,0,21.700000000000003,158,3.7
2010,10,14,3,30,80.87,0.16,3.9000000000000004,59,259,100,3,19.5,82.02,961,18,0,0,18,22.700000000000003,157,4.1000000000000005
2010,10,14,4,30,66.15,0.16,3.9000000000000004,110,576,343,3,18.900000000000002,69.59,962,164,5,7,166,24.8,157,4.4
2010,10,14,5,30,51.49,0.16,3.8000000000000003,136,728,590,3,18.2,57.63,962,313,47,0,342,27.3,158,4.3
2010,10,14,6,30,37.04,0.16,3.8000000000000003,149,811,796,3,17.5,47.77,961,205,0,0,205,29.8,161,4.1000000000000005
2010,10,14,7,30,23.240000000000002,0.16,3.8000000000000003,157,853,941,3,16.900000000000002,40.18,960,236,0,0,237,32.1,164,3.9000000000000004
2010,10,14,8,30,12.47,0.16,3.8000000000000003,165,867,1011,3,16.3,35.03,959,449,11,0,460,33.9,166,3.7
2010,10,14,9,30,14.780000000000001,0.16,3.8000000000000003,170,856,997,3,16,32.93,958,497,45,0,540,34.7,166,3.4000000000000004
2010,10,14,10,30,27,0.16,3.9000000000000004,167,826,903,0,16,32.85,956,167,826,0,903,34.7,164,3.2
2010,10,14,11,30,41.07,0.16,4,157,770,738,0,16.1,34.1,956,157,770,0,738,34.1,160,3.2
2010,10,14,12,30,55.6,0.16,4.1000000000000005,142,663,516,3,16.3,36.83,956,46,0,0,46,33,157,3.3000000000000003
2010,10,14,13,30,70.3,0.16,4.2,107,475,267,0,16.7,40.53,956,107,475,0,267,31.700000000000003,155,3.6
2010,10,14,14,30,84.98,0.16,4.3,35,95,43,0,17.1,45.4,957,35,95,0,43,30.200000000000003,153,3.9000000000000004
2010,10,14,15,30,99.96000000000001,0.16,4.3,0,0,0,0,17.5,50.26,958,0,0,0,0,28.900000000000002,153,4.6000000000000005
2010,10,14,16,30,114.8,0.16,4.4,0,0,0,0,17.8,55.52,959,0,0,0,0,27.5,152,5.2
2010,10,14,17,30,129.64000000000001,0.16,4.3,0,0,0,3,18,61.19,960,0,0,0,0,26.1,152,5.300000000000001
2010,10,14,18,30,144.44,0.16,4.3,0,0,0,3,18.2,66.51,960,0,0,0,0,24.900000000000002,151,5
2010,10,14,19,30,159.07,0.16,4.3,0,0,0,3,18.5,71.63,960,0,0,0,0,23.900000000000002,150,4.6000000000000005
2010,10,14,20,30,172.51,0.16,4.3,0,0,0,3,18.7,75.99,960,0,0,0,0,23.200000000000003,148,4.3
2010,10,14,21,30,169.07,0.16,4.4,0,0,0,1,19,79.19,959,0,0,0,0,22.8,146,4
2010,10,14,22,30,154.94,0.16,4.4,0,0,0,0,19.200000000000003,81.86,959,0,0,0,0,22.5,145,3.7
2010,10,14,23,30,140.23,0.16,4.4,0,0,0,0,19.400000000000002,83.7,959,0,0,0,0,22.3,144,3.4000000000000004
2010,10,15,0,30,125.42,0.16,4.4,0,0,0,0,19.5,85.48,960,0,0,0,0,22.1,145,3.1
2010,10,15,1,30,110.58,0.16,4.4,0,0,0,0,19.700000000000003,86.79,960,0,0,0,0,22,147,2.8000000000000003
2010,10,15,2,30,95.75,0.16,4.3,0,0,0,0,19.900000000000002,87.15,961,0,0,0,0,22.1,151,2.8000000000000003
2010,10,15,3,30,80.84,0.16,4.2,63,212,97,0,20,84.5,962,63,212,1,97,22.700000000000003,156,3.1
2010,10,15,4,30,66.14,0.16,4.1000000000000005,119,543,338,3,19.5,75.11,962,49,0,7,49,24.200000000000003,160,3.6
2010,10,15,5,30,51.5,0.16,3.9000000000000004,144,710,586,3,18.8,62.9,962,270,5,0,273,26.400000000000002,164,3.9000000000000004
2010,10,15,6,30,37.09,0.16,3.7,157,799,795,3,17.8,51.2,962,400,40,0,432,28.900000000000002,168,4
2010,10,15,7,30,23.36,0.16,3.5,165,846,941,3,16.8,41.99,961,390,3,0,393,31.200000000000003,170,3.9000000000000004
2010,10,15,8,30,12.780000000000001,0.16,3.4000000000000004,170,864,1012,3,15.9,35.94,960,500,85,0,583,33,169,3.5
2010,10,15,9,30,15.1,0.16,3.4000000000000004,186,839,996,3,15.3,32.27,959,530,141,0,667,34.2,163,3.1
2010,10,15,10,30,27.2,0.16,3.4000000000000004,181,812,903,0,14.8,30.35,957,181,812,0,903,34.7,154,2.7
2010,10,15,11,30,41.22,0.16,3.5,168,757,738,0,14.3,29.7,957,168,757,0,738,34.6,145,2.6
2010,10,15,12,30,55.72,0.16,3.5,146,660,518,0,14.100000000000001,30.63,957,146,660,0,518,33.800000000000004,140,2.7
2010,10,15,13,30,70.39,0.16,3.6,108,475,268,0,14.100000000000001,32.51,957,108,475,0,268,32.7,138,3
2010,10,15,14,30,85.06,0.16,3.7,35,91,43,8,14.3,36.33,957,41,4,7,42,31,141,3.5
2010,10,15,15,30,100.02,0.16,3.7,0,0,0,7,15,42.19,958,0,0,0,0,29.200000000000003,144,4.6000000000000005
2010,10,15,16,30,114.85000000000001,0.16,3.7,0,0,0,8,16.3,50.980000000000004,959,0,0,0,0,27.3,145,5.6000000000000005
2010,10,15,17,30,129.68,0.16,3.7,0,0,0,3,17.6,62.04,960,0,0,0,0,25.400000000000002,146,5.6000000000000005
2010,10,15,18,30,144.45000000000002,0.16,3.6,0,0,0,0,18.400000000000002,71.03,961,0,0,0,0,24,146,5.1000000000000005
2010,10,15,19,30,159.04,0.16,3.6,0,0,0,0,18.8,76.36,961,0,0,0,0,23.200000000000003,147,4.5
2010,10,15,20,30,172.29,0.16,3.5,0,0,0,0,19.1,80.32000000000001,961,0,0,0,0,22.700000000000003,148,4.2
2010,10,15,21,30,168.84,0.16,3.4000000000000004,0,0,0,0,19.400000000000002,83.8,960,0,0,0,0,22.3,148,3.9000000000000004
2010,10,15,22,30,154.81,0.16,3.3000000000000003,0,0,0,0,19.6,86.03,960,0,0,0,0,22,148,3.7
2010,10,15,23,30,140.14000000000001,0.16,3.2,0,0,0,0,19.6,87.26,960,0,0,0,0,21.8,147,3.5
2010,10,16,0,30,125.35000000000001,0.15,3,0,0,0,0,19.6,87.71000000000001,960,0,0,0,0,21.700000000000003,147,3.3000000000000003
2010,10,16,1,30,110.53,0.15,2.9000000000000004,0,0,0,0,19.5,88.67,960,0,0,0,0,21.5,146,3.1
2010,10,16,2,30,95.71000000000001,0.15,2.8000000000000003,0,0,0,3,19.5,87.99,961,0,0,0,0,21.6,146,3.3000000000000003
2010,10,16,3,30,80.82000000000001,0.15,2.8000000000000003,55,316,106,0,19.5,82.67,962,55,316,0,106,22.6,146,3.9000000000000004
2010,10,16,4,30,66.13,0.15,2.8000000000000003,99,635,356,1,19,69.83,962,99,635,0,356,24.900000000000002,147,4.4
2010,10,16,5,30,51.52,0.15,2.9000000000000004,121,776,604,0,18.2,56,963,121,776,0,604,27.8,149,4.6000000000000005
2010,10,16,6,30,37.15,0.15,2.9000000000000004,135,850,813,0,17.1,44.26,962,135,850,0,813,30.700000000000003,150,4.5
2010,10,16,7,30,23.5,0.15,3,144,886,956,0,16.2,36.51,961,144,886,0,956,33,152,4.2
2010,10,16,8,30,13.09,0.15,3.1,149,898,1024,0,15.600000000000001,32.04,960,149,898,0,1024,34.7,153,3.8000000000000003
2010,10,16,9,30,15.42,0.15,3.2,139,909,1015,0,15.200000000000001,29.77,959,139,909,0,1015,35.6,153,3.3000000000000003
2010,10,16,10,30,27.41,0.15,3.3000000000000003,134,886,920,0,15,29.17,958,134,886,0,920,35.7,150,3
2010,10,16,11,30,41.37,0.15,3.4000000000000004,125,838,754,3,14.8,29.53,957,418,216,0,580,35.2,147,2.8000000000000003
2010,10,16,12,30,55.84,0.15,3.5,106,761,533,0,14.700000000000001,30.88,957,106,761,0,533,34.300000000000004,145,3
2010,10,16,13,30,70.49,0.15,3.6,82,591,279,3,14.8,33.730000000000004,957,122,3,0,123,32.9,145,3.2
2010,10,16,14,30,85.14,0.15,3.6,32,181,47,3,15.200000000000001,37.68,958,29,0,7,29,31.3,146,3.4000000000000004
2010,10,16,15,30,100.09,0.15,3.7,0,0,0,4,15.5,41.84,959,0,0,0,0,29.900000000000002,148,3.9000000000000004
2010,10,16,16,30,114.9,0.15,3.7,0,0,0,3,16,46.95,960,0,0,0,0,28.400000000000002,149,4.800000000000001
2010,10,16,17,30,129.71,0.15,3.7,0,0,0,3,16.6,54.04,960,0,0,0,0,26.700000000000003,150,5.1000000000000005
2010,10,16,18,30,144.45000000000002,0.15,3.7,0,0,0,0,17.400000000000002,62.300000000000004,961,0,0,0,0,25.1,150,4.7
2010,10,16,19,30,159,0.15,3.7,0,0,0,0,18,69.37,961,0,0,0,0,24,151,4.2
2010,10,16,20,30,172.05,0.15,3.7,0,0,0,0,18.6,75.66,960,0,0,0,0,23.1,153,3.9000000000000004
2010,10,16,21,30,168.61,0.15,3.7,0,0,0,0,19,80.05,960,0,0,0,0,22.6,155,3.7
2010,10,16,22,30,154.68,0.15,3.7,0,0,0,0,19.3,83.5,959,0,0,0,0,22.200000000000003,157,3.6
2010,10,16,23,30,140.05,0.15,3.6,0,0,0,0,19.400000000000002,85.92,959,0,0,0,0,21.900000000000002,160,3.5
2010,10,17,0,30,125.28,0.15,3.6,0,0,0,0,19.6,87.15,960,0,0,0,0,21.8,162,3.4000000000000004
2010,10,17,1,30,110.48,0.15,3.6,0,0,0,0,19.700000000000003,88.21000000000001,960,0,0,0,0,21.700000000000003,164,3.3000000000000003
2010,10,17,2,30,95.67,0.15,3.6,0,0,0,0,19.700000000000003,88.58,961,0,0,0,0,21.700000000000003,167,3.4000000000000004
2010,10,17,3,30,80.8,0.15,3.6,52,342,107,3,19.700000000000003,83.24,961,36,0,0,36,22.700000000000003,168,3.9000000000000004
2010,10,17,4,30,66.13,0.15,3.6,93,645,354,0,19.200000000000003,71.77,962,93,645,0,354,24.6,170,4.5
2010,10,17,5,30,51.54,0.15,3.6,117,777,600,0,18.1,57.95,962,117,777,0,600,27.1,170,4.800000000000001
2010,10,17,6,30,37.21,0.15,3.6,171,776,789,0,16.8,45.67,962,171,776,0,789,29.8,171,5
2010,10,17,7,30,23.64,0.15,3.6,180,822,933,0,15.700000000000001,36.82,961,180,822,0,933,32.300000000000004,171,5.1000000000000005
2010,10,17,8,30,13.41,0.15,3.7,182,843,1002,0,15.200000000000001,32.28,959,182,843,0,1002,34.1,171,5
2010,10,17,9,30,15.74,0.15,3.7,176,847,991,8,15.100000000000001,30.330000000000002,958,305,618,7,899,35.1,171,4.9
2010,10,17,10,30,27.61,0.15,3.7,165,831,901,3,15.100000000000001,29.94,957,457,82,0,530,35.300000000000004,171,4.7
2010,10,17,11,30,41.52,0.15,3.8000000000000003,149,787,738,3,15.100000000000001,31.080000000000002,957,244,1,0,244,34.6,169,4.7
2010,10,17,12,30,55.95,0.15,3.8000000000000003,128,699,519,2,15.100000000000001,33.47,957,319,98,0,374,33.300000000000004,166,4.800000000000001
2010,10,17,13,30,70.58,0.15,3.9000000000000004,97,518,269,0,15.3,37.1,957,97,518,0,269,31.700000000000003,162,4.9
2010,10,17,14,30,85.21000000000001,0.15,4,33,119,43,1,15.600000000000001,41.65,958,33,119,0,43,30,157,4.9
2010,10,17,15,30,100.15,0.15,4,0,0,0,3,15.9,46.480000000000004,959,0,0,0,0,28.5,153,5.1000000000000005
2010,10,17,16,30,114.95,0.15,4,0,0,0,0,16.5,52.43,960,0,0,0,0,27.1,151,5.300000000000001
2010,10,17,17,30,129.73,0.15,4,0,0,0,4,17.6,61.11,961,0,0,0,0,25.700000000000003,150,5.1000000000000005
2010,10,17,18,30,144.46,0.15,4,0,0,0,4,18.900000000000002,71.03,961,0,0,0,0,24.5,150,4.5
2010,10,17,19,30,158.95000000000002,0.15,3.9000000000000004,0,0,0,4,19.900000000000002,79.09,961,0,0,0,0,23.700000000000003,151,4
2010,10,17,20,30,171.81,0.15,3.8000000000000003,0,0,0,3,20.400000000000002,84.13,961,0,0,0,0,23.200000000000003,152,3.6
2010,10,17,21,30,168.37,0.15,3.8000000000000003,0,0,0,3,20.6,86.7,960,0,0,0,0,22.900000000000002,153,3.2
2010,10,17,22,30,154.56,0.15,3.7,0,0,0,4,20.700000000000003,89.27,959,0,0,0,0,22.6,154,2.9000000000000004
2010,10,17,23,30,139.96,0.15,3.7,0,0,0,4,20.900000000000002,90.82000000000001,959,0,0,0,0,22.5,154,2.8000000000000003
2010,10,18,0,30,125.21000000000001,0.14,3.8000000000000003,0,0,0,4,21.1,92.72,959,0,0,0,0,22.3,155,2.7
2010,10,18,1,30,110.42,0.14,3.8000000000000003,0,0,0,4,21.200000000000003,94.34,960,0,0,0,0,22.200000000000003,155,2.6
2010,10,18,2,30,95.63,0.14,3.8000000000000003,0,0,0,4,21.400000000000002,95.38,961,0,0,0,0,22.200000000000003,157,2.7
2010,10,18,3,30,80.78,0.14,3.8000000000000003,48,377,108,4,21.400000000000002,91.72,961,4,0,0,4,22.8,162,3.2
2010,10,18,4,30,66.13,0.14,3.8000000000000003,84,676,357,3,20.6,81.33,962,169,10,0,173,24,166,3.6
2010,10,18,5,30,51.56,0.14,3.8000000000000003,105,798,601,0,19.700000000000003,70.68,962,105,798,0,601,25.400000000000002,171,3.5
2010,10,18,6,30,37.27,0.14,3.8000000000000003,121,860,805,0,18.8,61.59,962,121,860,0,805,26.8,177,3.4000000000000004
2010,10,18,7,30,23.78,0.14,3.8000000000000003,132,891,948,0,17.6,52.93,961,132,891,0,948,28.1,182,3.2
2010,10,18,8,30,13.72,0.14,3.8000000000000003,139,902,1015,0,16.3,45.87,960,139,902,0,1015,29.1,186,3
2010,10,18,9,30,16.05,0.14,3.8000000000000003,132,907,1004,0,15.200000000000001,41.01,959,132,907,0,1004,29.900000000000002,189,2.9000000000000004
2010,10,18,10,30,27.810000000000002,0.14,3.8000000000000003,129,883,910,3,14.600000000000001,37.97,958,445,81,0,516,30.5,190,2.8000000000000003
2010,10,18,11,30,41.660000000000004,0.14,3.8000000000000003,121,837,746,3,14.3,36.56,958,417,135,0,518,30.8,188,2.8000000000000003
2010,10,18,12,30,56.06,0.14,3.7,106,753,526,4,14.100000000000001,36.42,957,73,0,0,73,30.700000000000003,185,2.8000000000000003
2010,10,18,13,30,70.67,0.14,3.7,81,585,275,4,14.100000000000001,38.160000000000004,957,11,0,0,11,29.900000000000002,180,2.6
2010,10,18,14,30,85.28,0.14,3.8000000000000003,30,170,44,4,14.3,42.480000000000004,958,15,0,7,15,28.200000000000003,172,1.8
2010,10,18,15,30,100.21000000000001,0.14,3.8000000000000003,0,0,0,3,14.700000000000001,47.89,958,0,0,0,0,26.6,162,1.5
2010,10,18,16,30,114.99000000000001,0.14,3.8000000000000003,0,0,0,0,15.100000000000001,50.620000000000005,959,0,0,0,0,26.1,158,2.3000000000000003
2010,10,18,17,30,129.76,0.14,3.8000000000000003,0,0,0,3,15.600000000000001,54.74,960,0,0,0,0,25.400000000000002,158,3.3000000000000003
2010,10,18,18,30,144.45000000000002,0.14,3.8000000000000003,0,0,0,3,16.7,62.4,960,0,0,0,0,24.3,160,3.7
2010,10,18,19,30,158.89000000000001,0.14,3.9000000000000004,0,0,0,0,17.8,71.83,960,0,0,0,0,23.200000000000003,163,3.6
2010,10,18,20,30,171.55,0.14,3.9000000000000004,0,0,0,0,18.900000000000002,79.94,960,0,0,0,0,22.5,167,3.6
2010,10,18,21,30,168.13,0.14,3.9000000000000004,0,0,0,0,19.700000000000003,86.63,959,0,0,0,0,22,171,3.7
2010,10,18,22,30,154.43,0.14,3.8000000000000003,0,0,0,0,20.200000000000003,90.62,959,0,0,0,0,21.8,175,3.7
2010,10,18,23,30,139.87,0.14,3.8000000000000003,0,0,0,0,20.400000000000002,91.73,959,0,0,0,0,21.8,177,3.6
2010,10,19,0,30,125.15,0.14,3.7,0,0,0,0,20.400000000000002,92.24,959,0,0,0,0,21.700000000000003,179,3.5
2010,10,19,1,30,110.37,0.14,3.7,0,0,0,0,20.400000000000002,93.32000000000001,960,0,0,0,0,21.5,179,3.3000000000000003
2010,10,19,2,30,95.60000000000001,0.14,3.6,0,0,0,0,20.400000000000002,93.55,960,0,0,0,0,21.5,181,3.3000000000000003
2010,10,19,3,30,80.76,0.14,3.6,51,354,108,2,20.400000000000002,87.60000000000001,961,63,1,0,63,22.6,182,4
2010,10,19,4,30,66.13,0.14,3.7,89,659,356,3,19.8,73.55,962,230,84,0,264,24.900000000000002,182,4.6000000000000005
2010,10,19,5,30,51.59,0.14,3.7,108,793,601,3,18.900000000000002,59.050000000000004,962,322,52,0,354,27.6,183,4.6000000000000005
2010,10,19,6,30,37.34,0.14,3.7,120,862,806,3,17.6,46.46,961,378,22,0,396,30.3,184,4.4
2010,10,19,7,30,23.93,0.14,3.7,130,896,949,3,16.3,37.75,960,483,125,0,598,32.5,186,4.2
2010,10,19,8,30,14.040000000000001,0.14,3.7,135,909,1017,1,15.4,32.63,959,135,909,0,1017,34.1,188,3.9000000000000004
2010,10,19,9,30,16.37,0.14,3.7,136,904,1003,1,14.9,30.310000000000002,957,136,904,0,1003,34.9,187,3.6
2010,10,19,10,30,28.02,0.14,3.7,132,882,910,3,14.700000000000001,30.46,956,440,72,0,504,34.6,184,3.3000000000000003
2010,10,19,11,30,41.81,0.14,3.8000000000000003,121,838,746,1,14.8,31.88,956,121,838,0,746,33.800000000000004,180,3.1
2010,10,19,12,30,56.18,0.14,3.8000000000000003,130,690,514,0,14.9,33.64,956,130,690,0,514,33,176,3.2
2010,10,19,13,30,70.76,0.14,3.9000000000000004,97,510,265,0,15.100000000000001,36.480000000000004,956,97,510,0,265,31.8,170,3.2
2010,10,19,14,30,85.35000000000001,0.14,3.9000000000000004,33,107,41,3,15.4,40.56,956,32,0,7,32,30.3,163,3.3000000000000003
2010,10,19,15,30,100.26,0.14,4,0,0,0,3,15.9,45.74,957,0,0,0,0,28.8,156,4
2010,10,19,16,30,115.03,0.14,4,0,0,0,3,16.6,52.35,959,0,0,0,0,27.200000000000003,153,4.9
2010,10,19,17,30,129.78,0.14,4,0,0,0,3,17.2,59.94,959,0,0,0,0,25.6,154,5.2
2010,10,19,18,30,144.44,0.14,4,0,0,0,3,17.7,66.73,960,0,0,0,0,24.3,155,4.9
2010,10,19,19,30,158.82,0.14,4,0,0,0,3,18,71.78,960,0,0,0,0,23.400000000000002,156,4.4
2010,10,19,20,30,171.29,0.14,4,0,0,0,4,18.2,74.96000000000001,960,0,0,0,0,22.900000000000002,158,4.1000000000000005
2010,10,19,21,30,167.89000000000001,0.14,4,0,0,0,3,18.400000000000002,77.57000000000001,959,0,0,0,0,22.5,159,3.9000000000000004
2010,10,19,22,30,154.29,0.14,4,0,0,0,3,18.5,79.65,959,0,0,0,0,22.200000000000003,159,3.8000000000000003
2010,10,19,23,30,139.78,0.14,4,0,0,0,4,18.6,80.84,959,0,0,0,0,22,158,3.6
2010,10,20,0,30,125.08,0.14,3.9000000000000004,0,0,0,3,18.6,81.89,959,0,0,0,0,21.8,157,3.5
2010,10,20,1,30,110.33,0.14,3.8000000000000003,0,0,0,3,18.6,83.08,960,0,0,0,0,21.6,156,3.4000000000000004
2010,10,20,2,30,95.57000000000001,0.14,3.7,0,0,0,4,18.7,83.32000000000001,960,0,0,0,0,21.6,156,3.3000000000000003
2010,10,20,3,30,80.75,0.14,3.6,53,335,107,3,18.7,78.31,961,27,0,0,27,22.700000000000003,156,3.8000000000000003
2010,10,20,4,30,66.14,0.14,3.6,92,651,355,3,18.3,66.53,961,152,4,7,154,25,157,4.2
2010,10,20,5,30,51.620000000000005,0.14,3.6,111,791,602,3,17.3,53.03,962,304,349,0,520,27.700000000000003,160,4.2
2010,10,20,6,30,37.42,0.14,3.6,117,871,808,0,15.9,41.92,961,117,871,0,808,30.3,163,3.9000000000000004
2010,10,20,7,30,24.09,0.14,3.6,125,905,952,8,15.200000000000001,35.43,960,229,676,0,846,32.4,166,3.6
2010,10,20,8,30,14.36,0.14,3.6,130,917,1019,0,15,32.35,959,130,917,0,1019,33.800000000000004,169,3.3000000000000003
2010,10,20,9,30,16.68,0.14,3.6,159,873,995,3,15,31.27,958,546,193,0,731,34.4,170,3.3000000000000003
2010,10,20,10,30,28.22,0.14,3.7,153,849,900,3,15,31.77,957,435,49,0,479,34.2,170,3.4000000000000004
2010,10,20,11,30,41.95,0.14,3.7,142,800,736,3,15.200000000000001,33.53,956,422,185,0,559,33.4,168,3.7
2010,10,20,12,30,56.29,0.14,3.8000000000000003,123,707,516,4,15.5,36.59,956,100,0,0,100,32.2,165,4
2010,10,20,13,30,70.85000000000001,0.14,3.9000000000000004,93,527,266,4,15.9,40.93,957,11,0,0,11,30.700000000000003,162,4.2
2010,10,20,14,30,85.42,0.14,4.1000000000000005,31,124,41,4,16.400000000000002,46.36,958,6,0,7,6,29.1,158,4.3
2010,10,20,15,30,100.31,0.14,4.2,0,0,0,3,16.900000000000002,51.86,959,0,0,0,0,27.700000000000003,152,4.5
2010,10,20,16,30,115.06,0.14,4.3,0,0,0,3,17.3,56.6,960,0,0,0,0,26.6,148,4.800000000000001
2010,10,20,17,30,129.79,0.14,4.4,0,0,0,3,17.6,61.39,961,0,0,0,0,25.6,146,4.7
2010,10,20,18,30,144.43,0.14,4.4,0,0,0,3,18,66.74,961,0,0,0,0,24.6,145,4.4
2010,10,20,19,30,158.75,0.14,4.5,0,0,0,4,18.5,72.15,961,0,0,0,0,23.8,145,3.9000000000000004
2010,10,20,20,30,171.02,0.14,4.5,0,0,0,4,19,77.31,961,0,0,0,0,23.200000000000003,147,3.5
2010,10,20,21,30,167.65,0.14,4.5,0,0,0,4,19.400000000000002,81.28,960,0,0,0,0,22.8,150,3.1
2010,10,20,22,30,154.16,0.14,4.4,0,0,0,4,19.8,84.57000000000001,960,0,0,0,0,22.5,153,2.7
2010,10,20,23,30,139.69,0.14,4.4,0,0,0,4,20,86.33,960,0,0,0,0,22.400000000000002,155,2.5
2010,10,21,0,30,125.02,0.14,4.3,0,0,0,3,20.200000000000003,88.29,960,0,0,0,0,22.200000000000003,155,2.4000000000000004
2010,10,21,1,30,110.28,0.14,4.2,0,0,0,3,20.3,89.59,961,0,0,0,0,22.1,156,2.4000000000000004
2010,10,21,2,30,95.54,0.14,4.1000000000000005,0,0,0,0,20.400000000000002,90.36,961,0,0,0,0,22.1,155,2.6
2010,10,21,3,30,80.74,0.14,4,53,328,106,3,20.6,87.21000000000001,961,4,0,0,4,22.8,154,3.2
2010,10,21,4,30,66.14,0.14,4,99,620,349,4,19.900000000000002,75.33,962,53,0,0,53,24.6,154,3.8000000000000003
2010,10,21,5,30,51.660000000000004,0.14,3.9000000000000004,127,749,591,4,18.3,59.5,962,168,0,0,168,26.900000000000002,153,4
2010,10,21,6,30,37.49,0.14,4,145,816,792,5,17.1,48.1,962,379,33,0,405,29.200000000000003,153,3.9000000000000004
2010,10,21,7,30,24.25,0.14,4,154,856,934,3,16.6,41.61,961,503,248,0,729,31.200000000000003,152,3.8000000000000003
2010,10,21,8,30,14.68,0.14,4,155,877,1003,3,16.400000000000002,37.800000000000004,960,530,193,0,716,32.6,152,3.5
2010,10,21,9,30,16.990000000000002,0.14,4,154,873,989,8,16.2,36.13,959,436,70,0,502,33.2,152,3.3000000000000003
2010,10,21,10,30,28.42,0.14,4.1000000000000005,143,859,898,5,16.1,36.02,958,418,26,0,441,33.2,152,3.2
2010,10,21,11,30,42.09,0.14,4.2,128,818,735,2,16.2,37.44,957,404,114,0,489,32.6,151,3
2010,10,21,12,30,56.39,0.14,4.2,110,735,517,7,16.400000000000002,39.800000000000004,957,122,3,0,124,31.700000000000003,148,2.8000000000000003
2010,10,21,13,30,70.93,0.14,4.3,84,558,267,6,16.5,43.02,958,11,0,0,11,30.5,143,2.6
2010,10,21,14,30,85.48,0.14,4.3,30,139,41,7,16.7,46.96,958,8,0,7,8,29.200000000000003,138,2.3000000000000003
2010,10,21,15,30,100.36,0.14,4.4,0,0,0,4,17.1,51.29,959,0,0,0,0,28.1,133,2.4000000000000004
2010,10,21,16,30,115.09,0.14,4.4,0,0,0,6,17.400000000000002,54.78,960,0,0,0,0,27.3,133,3
2010,10,21,17,30,129.8,0.14,4.4,0,0,0,6,17.8,59.42,960,0,0,0,0,26.3,136,3.5
2010,10,21,18,30,144.41,0.14,4.4,0,0,0,7,18.2,64.95,960,0,0,0,0,25.3,140,3.8000000000000003
2010,10,21,19,30,158.67000000000002,0.14,4.4,0,0,0,7,18.8,71.57000000000001,960,0,0,0,0,24.3,143,3.9000000000000004
2010,10,21,20,30,170.75,0.14,4.3,0,0,0,4,19.5,77.66,959,0,0,0,0,23.6,145,3.8000000000000003
2010,10,21,21,30,167.4,0.14,4.3,0,0,0,4,20,83.16,958,0,0,0,0,23,147,3.8000000000000003
2010,10,21,22,30,154.03,0.14,4.3,0,0,0,4,20.3,86.86,958,0,0,0,0,22.6,149,3.6
2010,10,21,23,30,139.6,0.14,4.2,0,0,0,4,20.5,89.62,958,0,0,0,0,22.3,152,3.5
2010,10,22,0,30,124.95,0.13,4.2,0,0,0,4,20.6,90.87,958,0,0,0,0,22.200000000000003,155,3.4000000000000004
2010,10,22,1,30,110.24000000000001,0.13,4.1000000000000005,0,0,0,4,20.700000000000003,91.8,959,0,0,0,0,22.1,157,3.2
2010,10,22,2,30,95.51,0.13,4.1000000000000005,0,0,0,4,20.8,92.31,959,0,0,0,0,22.1,157,3.2
2010,10,22,3,30,80.73,0.13,4.1000000000000005,49,363,108,4,20.900000000000002,87.43,960,4,0,0,4,23.1,156,3.6
2010,10,22,4,30,66.16,0.13,4.1000000000000005,85,665,354,4,20.3,73.5,961,47,0,0,47,25.400000000000002,155,4.1000000000000005
2010,10,22,5,30,51.7,0.13,4.1000000000000005,105,795,598,4,19.400000000000002,59.51,960,197,1,0,198,28,155,4.1000000000000005
2010,10,22,6,30,37.58,0.13,4.2,120,857,798,3,18.400000000000002,48.56,960,407,104,0,489,30.5,156,4
2010,10,22,7,30,24.41,0.13,4.3,130,887,937,3,17.7,41.95,959,460,128,0,577,32.300000000000004,158,3.7
2010,10,22,8,30,15,0.13,4.3,137,897,1004,3,17.3,39.01,958,476,81,0,555,33.1,159,3.4000000000000004
2010,10,22,9,30,17.3,0.13,4.4,139,890,988,1,17.1,38.480000000000004,957,139,890,0,988,33.1,156,3.1
2010,10,22,10,30,28.62,0.13,4.5,136,864,894,1,17.1,39.5,956,136,864,0,894,32.6,149,2.7
2010,10,22,11,30,42.230000000000004,0.13,4.6000000000000005,127,814,730,1,17.2,41.76,955,127,814,0,730,31.8,140,2.6
2010,10,22,12,30,56.5,0.13,4.800000000000001,111,723,511,4,17.5,45.64,956,28,0,0,28,30.6,131,2.8000000000000003
2010,10,22,13,30,71.01,0.13,4.9,86,541,262,7,18,51.14,956,74,2,0,75,29.1,126,3.1
2010,10,22,14,30,85.54,0.13,4.9,30,129,40,6,18.5,58.13,957,3,0,7,3,27.5,125,3.4000000000000004
2010,10,22,15,30,100.41,0.13,5,0,0,0,6,19.1,65.11,958,0,0,0,0,26.200000000000003,126,3.8000000000000003
2010,10,22,16,30,115.12,0.13,5,0,0,0,6,19.5,70.26,959,0,0,0,0,25.3,128,4.1000000000000005
2010,10,22,17,30,129.81,0.13,4.9,0,0,0,6,19.6,73.76,960,0,0,0,0,24.6,130,4.2
2010,10,22,18,30,144.38,0.13,4.9,0,0,0,4,19.6,76.18,960,0,0,0,0,24.1,132,4.2
2010,10,22,19,30,158.58,0.13,4.800000000000001,0,0,0,4,19.8,79.05,960,0,0,0,0,23.6,134,4
2010,10,22,20,30,170.47,0.13,4.7,0,0,0,5,19.900000000000002,81.46000000000001,959,0,0,0,0,23.3,137,3.7
2010,10,22,21,30,167.15,0.13,4.6000000000000005,0,0,0,4,20.200000000000003,84.37,958,0,0,0,0,23,140,3.4000000000000004
2010,10,22,22,30,153.9,0.13,4.6000000000000005,0,0,0,4,20.5,86.81,958,0,0,0,0,22.8,144,3.1
2010,10,22,23,30,139.51,0.13,4.5,0,0,0,4,20.700000000000003,89.13,958,0,0,0,0,22.6,149,2.8000000000000003
2010,10,23,0,30,124.89,0.13,4.4,0,0,0,4,20.900000000000002,91.36,958,0,0,0,0,22.400000000000002,153,2.5
2010,10,23,1,30,110.2,0.13,4.4,0,0,0,4,21.200000000000003,93.95,959,0,0,0,0,22.200000000000003,155,2.3000000000000003
2010,10,23,2,30,95.49,0.13,4.3,0,0,0,3,21.400000000000002,95.2,959,0,0,0,0,22.200000000000003,154,2.4000000000000004
2010,10,23,3,30,80.72,0.13,4.3,53,320,105,3,21.6,91.10000000000001,960,4,0,0,4,23.1,152,3.1
2010,10,23,4,30,66.17,0.13,4.3,94,630,348,5,21.200000000000003,78.65,961,101,0,0,101,25.200000000000003,151,4
2010,10,23,5,30,51.74,0.13,4.3,115,768,591,3,20.3,64.75,961,293,31,0,312,27.5,152,4.3
2010,10,23,6,30,37.67,0.13,4.4,130,836,791,3,19.5,55.2,960,432,134,0,538,29.400000000000002,153,4.5
2010,10,23,7,30,24.580000000000002,0.13,4.4,139,872,931,1,19.3,51.35,959,139,872,0,931,30.5,154,4.5
2010,10,23,8,30,15.32,0.13,4.5,143,885,996,3,19.6,51.18,958,433,11,0,444,30.900000000000002,155,4.3
2010,10,23,9,30,17.61,0.13,4.5,144,880,982,4,20,53.56,957,360,2,0,362,30.5,156,4.2
2010,10,23,10,30,28.82,0.13,4.6000000000000005,137,859,889,3,20.5,58.910000000000004,956,431,73,0,495,29.400000000000002,157,4.3
2010,10,23,11,30,42.37,0.13,4.7,127,813,727,3,21.400000000000002,66.87,956,401,211,0,557,28.1,158,4.4
2010,10,23,12,30,56.6,0.13,4.7,121,697,505,0,22,74.46000000000001,956,121,697,0,505,26.900000000000002,158,4.4
2010,10,23,13,30,71.09,0.13,4.7,89,527,260,7,22.200000000000003,80.39,957,145,345,7,257,25.8,158,4.1000000000000005
2010,10,23,14,30,85.60000000000001,0.13,4.7,29,128,39,8,22.3,86.35000000000001,957,18,0,7,18,24.700000000000003,157,3.6
2010,10,23,15,30,100.45,0.13,4.7,0,0,0,7,22.200000000000003,91.58,958,0,0,0,0,23.700000000000003,155,3.4000000000000004
2010,10,23,16,30,115.14,0.13,4.7,0,0,0,7,22,93.44,959,0,0,0,0,23.1,152,3.4000000000000004
2010,10,23,17,30,129.81,0.13,4.6000000000000005,0,0,0,7,21.8,96.16,959,0,0,0,0,22.400000000000002,150,3.3000000000000003
2010,10,23,18,30,144.35,0.13,4.6000000000000005,0,0,0,8,21.6,98.35000000000001,960,0,0,0,0,21.900000000000002,149,3.3000000000000003
2010,10,23,19,30,158.49,0.13,4.6000000000000005,0,0,0,3,21.6,99.26,959,0,0,0,0,21.700000000000003,150,3.2
2010,10,23,20,30,170.19,0.13,4.6000000000000005,0,0,0,3,21.6,99.56,959,0,0,0,0,21.700000000000003,152,2.8000000000000003
2010,10,23,21,30,166.9,0.13,4.6000000000000005,0,0,0,4,21.6,100,959,0,0,0,0,21.6,157,2.4000000000000004
2010,10,23,22,30,153.76,0.13,4.7,0,0,0,7,21.6,100,958,0,0,0,0,21.6,162,2
2010,10,23,23,30,139.43,0.13,4.7,0,0,0,7,21.5,100,958,0,0,0,0,21.5,166,1.9000000000000001
2010,10,24,0,30,124.83,0.14,4.800000000000001,0,0,0,7,21.400000000000002,100,959,0,0,0,0,21.400000000000002,167,1.7000000000000002
2010,10,24,1,30,110.16,0.14,4.7,0,0,0,7,21.3,100,959,0,0,0,0,21.3,166,1.5
2010,10,24,2,30,95.47,0.14,4.7,0,0,0,5,21.5,100,960,0,0,0,0,21.5,165,1.7000000000000002
2010,10,24,3,30,80.72,0.14,4.7,49,355,107,4,21.700000000000003,96.78,960,4,0,0,4,22.200000000000003,164,2.6
2010,10,24,4,30,66.19,0.14,4.7,85,658,351,3,21.6,87.8,961,111,0,0,111,23.700000000000003,161,3.4000000000000004
2010,10,24,5,30,51.79,0.14,4.6000000000000005,103,793,594,3,21,75.91,961,315,62,0,353,25.6,159,3.8000000000000003
2010,10,24,6,30,37.76,0.14,4.6000000000000005,122,849,793,3,20.5,65.98,961,433,167,0,565,27.400000000000002,158,4
2010,10,24,7,30,24.76,0.14,4.6000000000000005,130,884,933,3,20.1,59.38,960,466,139,0,593,28.8,159,4
2010,10,24,8,30,15.64,0.14,4.6000000000000005,132,899,998,3,19.900000000000002,55.19,959,449,20,0,468,29.900000000000002,160,4
2010,10,24,9,30,17.91,0.14,4.6000000000000005,121,912,989,3,19.900000000000002,52.86,958,334,1,0,335,30.6,160,4
2010,10,24,10,30,29.02,0.14,4.5,113,899,899,3,19.8,52.22,957,438,83,0,510,30.700000000000003,159,4
2010,10,24,11,30,42.51,0.14,4.5,101,863,737,7,19.700000000000003,53.11,956,206,632,7,672,30.3,157,4
2010,10,24,12,30,56.71,0.14,4.5,86,790,520,2,19.6,56.11,956,281,230,0,407,29.3,154,3.9000000000000004
2010,10,24,13,30,71.17,0.14,4.4,65,641,272,2,19.700000000000003,61.57,957,145,10,0,148,27.8,153,3.5
2010,10,24,14,30,85.66,0.14,4.4,25,233,42,3,20.400000000000002,71.84,957,18,0,7,18,25.900000000000002,152,2.8000000000000003
2010,10,24,15,30,100.49000000000001,0.14,4.3,0,0,0,1,21.1,81.36,958,0,0,0,0,24.5,151,2.9000000000000004
2010,10,24,16,30,115.16,0.14,4.2,0,0,0,1,21,85.23,959,0,0,0,0,23.6,149,3.3000000000000003
2010,10,24,17,30,129.8,0.14,4.1000000000000005,0,0,0,1,21,89.89,960,0,0,0,0,22.700000000000003,146,3.2
2010,10,24,18,30,144.31,0.14,4,0,0,0,0,21,94.41,960,0,0,0,0,21.900000000000002,144,3
2010,10,24,19,30,158.38,0.14,3.9000000000000004,0,0,0,0,21,97.82000000000001,960,0,0,0,0,21.400000000000002,144,2.7
2010,10,24,20,30,169.9,0.14,3.9000000000000004,0,0,0,0,21.200000000000003,99.73,960,0,0,0,0,21.200000000000003,144,2.6
2010,10,24,21,30,166.66,0.14,3.8000000000000003,0,0,0,0,21.200000000000003,100,959,0,0,0,0,21.200000000000003,146,2.6
2010,10,24,22,30,153.63,0.14,3.8000000000000003,0,0,0,1,21.200000000000003,100,959,0,0,0,0,21.200000000000003,147,2.6
2010,10,24,23,30,139.34,0.14,3.7,0,0,0,3,21.200000000000003,100,958,0,0,0,0,21.200000000000003,147,2.5
2010,10,25,0,30,124.77,0.14,3.6,0,0,0,3,21.1,100,958,0,0,0,0,21.1,147,2.5
2010,10,25,1,30,110.12,0.14,3.6,0,0,0,3,21.1,100,959,0,0,0,0,21.1,147,2.5
2010,10,25,2,30,95.45,0.14,3.6,0,0,0,3,21.200000000000003,100,959,0,0,0,0,21.200000000000003,147,2.6
2010,10,25,3,30,80.72,0.14,3.5,42,446,114,3,21.5,95.72,960,4,0,0,4,22.200000000000003,148,3.4000000000000004
2010,10,25,4,30,66.21000000000001,0.14,3.5,71,727,365,0,21.400000000000002,85.19,961,71,727,0,365,24,148,4.1000000000000005
2010,10,25,5,30,51.84,0.14,3.5,89,842,609,1,20.700000000000003,71.76,961,89,842,0,609,26.200000000000003,148,4.1000000000000005
2010,10,25,6,30,37.86,0.14,3.5,100,902,812,3,20.1,61.17,960,346,8,0,352,28.3,149,3.8000000000000003
2010,10,25,7,30,24.93,0.14,3.5,107,933,953,3,19.5,53.230000000000004,960,393,6,0,398,30,151,3.5
2010,10,25,8,30,15.96,0.14,3.5,111,944,1019,3,18.8,47.53,959,493,117,0,605,31.3,153,3.2
2010,10,25,9,30,18.22,0.14,3.6,94,964,1010,3,18.400000000000002,44.18,957,514,208,0,712,32.1,156,3
2010,10,25,10,30,29.21,0.14,3.7,91,944,915,2,18.1,42.71,957,466,167,0,611,32.4,159,2.9000000000000004
2010,10,25,11,30,42.65,0.14,3.8000000000000003,85,903,750,2,17.8,42.480000000000004,956,385,249,0,568,32.2,160,2.8000000000000003
2010,10,25,12,30,56.81,0.14,3.9000000000000004,76,827,529,3,17.7,44.01,956,275,36,0,295,31.400000000000002,159,2.8000000000000003
2010,10,25,13,30,71.24,0.14,4,59,676,277,3,17.6,47.94,956,138,9,0,141,29.8,157,2.4000000000000004
2010,10,25,14,30,85.71000000000001,0.14,4,23,271,44,2,19.1,60.65,957,31,1,7,31,27.400000000000002,156,1.9000000000000001
2010,10,25,15,30,100.52,0.14,4,0,0,0,3,20.700000000000003,73.79,958,0,0,0,0,25.700000000000003,154,2.2
2010,10,25,16,30,115.18,0.14,4,0,0,0,3,20.200000000000003,76.54,959,0,0,0,0,24.6,150,3
2010,10,25,17,30,129.8,0.14,4,0,0,0,3,20,80.94,960,0,0,0,0,23.5,147,3.5
2010,10,25,18,30,144.27,0.14,4,0,0,0,0,20,85.69,960,0,0,0,0,22.5,146,3.4000000000000004
2010,10,25,19,30,158.28,0.14,4,0,0,0,0,20,90.23,960,0,0,0,0,21.700000000000003,145,3
2010,10,25,20,30,169.61,0.14,4,0,0,0,3,20.1,94.17,960,0,0,0,0,21.1,145,2.6
2010,10,25,21,30,166.41,0.14,4,0,0,0,3,20.3,96.75,959,0,0,0,0,20.8,146,2.4000000000000004
2010,10,25,22,30,153.5,0.14,4,0,0,0,3,20.400000000000002,98.92,959,0,0,0,0,20.6,146,2.4000000000000004
2010,10,25,23,30,139.26,0.14,4,0,0,0,3,20.5,99.51,958,0,0,0,0,20.6,146,2.4000000000000004
2010,10,26,0,30,124.72,0.14,4,0,0,0,0,20.6,99.98,959,0,0,0,0,20.6,147,2.6
2010,10,26,1,30,110.08,0.14,4,0,0,0,0,20.700000000000003,99.76,959,0,0,0,0,20.700000000000003,148,2.7
2010,10,26,2,30,95.43,0.14,3.9000000000000004,0,0,0,0,20.700000000000003,98.85000000000001,960,0,0,0,0,20.900000000000002,149,2.9000000000000004
2010,10,26,3,30,80.72,0.14,3.9000000000000004,43,431,113,1,20.700000000000003,92.01,961,43,431,0,113,22.1,152,3.4000000000000004
2010,10,26,4,30,66.24,0.14,3.9000000000000004,74,711,361,1,20.400000000000002,79.69,961,74,711,0,361,24.1,155,3.7
2010,10,26,5,30,51.9,0.14,3.9000000000000004,92,830,604,0,19.900000000000002,69.33,962,92,830,0,604,26,157,3.5
2010,10,26,6,30,37.96,0.14,3.9000000000000004,106,887,805,0,19.3,60.4,961,106,887,0,805,27.700000000000003,159,3.1
2010,10,26,7,30,25.12,0.14,3.8000000000000003,116,916,945,0,18.6,53.01,961,116,916,0,945,29.200000000000003,158,2.8000000000000003
2010,10,26,8,30,16.27,0.14,3.8000000000000003,122,925,1010,0,18.1,47.34,960,122,925,0,1010,30.6,157,2.4000000000000004
2010,10,26,9,30,18.52,0.14,3.7,123,922,997,0,17.7,43.32,958,123,922,0,997,31.700000000000003,153,2.1
2010,10,26,10,30,29.41,0.14,3.7,118,901,903,2,17.3,40.660000000000004,957,467,147,0,595,32.4,146,1.8
2010,10,26,11,30,42.78,0.14,3.7,110,857,739,1,16.900000000000002,39.67,957,110,857,0,739,32.4,139,1.6
2010,10,26,12,30,56.9,0.14,3.6,98,771,519,2,16.7,40.31,957,281,49,0,307,31.8,134,1.7000000000000002
2010,10,26,13,30,71.31,0.14,3.6,75,603,268,3,16.5,43.54,957,11,0,0,11,30.3,132,1.5
2010,10,26,14,30,85.76,0.14,3.6,27,179,40,3,18.900000000000002,58.31,958,18,0,7,18,27.8,134,1.1
2010,10,26,15,30,100.55,0.14,3.6,0,0,0,4,21.6,77.87,958,0,0,0,0,25.8,139,1.2000000000000002
2010,10,26,16,30,115.19,0.14,3.6,0,0,0,3,20.5,76.86,959,0,0,0,0,24.8,142,2
2010,10,26,17,30,129.79,0.14,3.7,0,0,0,3,19.700000000000003,78.08,960,0,0,0,0,23.8,142,3
2010,10,26,18,30,144.23,0.14,3.8000000000000003,0,0,0,3,20,84.26,961,0,0,0,0,22.8,140,3.6
2010,10,26,19,30,158.16,0.14,3.9000000000000004,0,0,0,3,20.8,92.98,961,0,0,0,0,22,139,3.3000000000000003
2010,10,26,20,30,169.32,0.14,4,0,0,0,0,21.400000000000002,98.16,960,0,0,0,0,21.700000000000003,137,2.9000000000000004
2010,10,26,21,30,166.16,0.14,3.9000000000000004,0,0,0,1,21.6,99.33,960,0,0,0,0,21.700000000000003,135,2.6
2010,10,26,22,30,153.36,0.14,3.9000000000000004,0,0,0,3,21.6,99.9,959,0,0,0,0,21.6,133,2.2
2010,10,26,23,30,139.17000000000002,0.14,3.8000000000000003,0,0,0,3,21.5,100,959,0,0,0,0,21.5,132,1.9000000000000001
2010,10,27,0,30,124.66,0.14,3.7,0,0,0,0,21.400000000000002,100,959,0,0,0,0,21.400000000000002,132,1.9000000000000001
2010,10,27,1,30,110.05,0.14,3.7,0,0,0,0,21.3,100,960,0,0,0,0,21.3,133,2.1
2010,10,27,2,30,95.42,0.14,3.7,0,0,0,0,21.5,99.8,960,0,0,0,0,21.5,134,2.6
2010,10,27,3,30,80.73,0.14,3.8000000000000003,46,400,111,1,21.6,95.05,961,46,400,0,111,22.400000000000002,136,3.3000000000000003
2010,10,27,4,30,66.27,0.14,3.8000000000000003,80,689,357,3,21.400000000000002,85.44,962,225,118,0,272,24,138,3.8000000000000003
2010,10,27,5,30,51.96,0.14,3.9000000000000004,99,812,599,0,20.6,73.25,962,99,812,0,599,25.8,141,3.8000000000000003
2010,10,27,6,30,38.06,0.14,3.9000000000000004,131,841,793,0,19.900000000000002,63.14,962,131,841,0,793,27.5,145,3.7
2010,10,27,7,30,25.3,0.14,4,145,868,930,0,19.200000000000003,56.44,961,145,868,0,930,28.700000000000003,148,3.6
2010,10,27,8,30,16.59,0.14,4,155,875,993,1,18.7,52.42,960,155,875,0,993,29.5,152,3.6
2010,10,27,9,30,18.81,0.14,4,157,867,978,1,18.5,50.160000000000004,959,157,867,0,978,30,155,3.6
2010,10,27,10,30,29.6,0.14,4,150,846,886,2,18.400000000000002,48.78,958,438,75,0,503,30.400000000000002,157,3.6
2010,10,27,11,30,42.910000000000004,0.14,4,136,803,723,7,18.5,49.18,957,250,554,7,656,30.3,158,3.6
2010,10,27,12,30,57,0.14,4,115,719,506,0,18.5,51.77,957,115,719,0,506,29.5,157,3.6
2010,10,27,13,30,71.38,0.14,4,86,543,260,3,18.7,57.2,958,10,0,0,10,28,155,2.9000000000000004
2010,10,27,14,30,85.8,0.14,4.1000000000000005,29,122,38,8,20,70.09,958,23,0,7,23,25.900000000000002,152,2.1
2010,10,27,15,30,100.58,0.14,4.1000000000000005,0,0,0,7,21,80.88,959,0,0,0,0,24.5,148,2.2
2010,10,27,16,30,115.2,0.14,4.1000000000000005,0,0,0,4,20.700000000000003,83.76,960,0,0,0,0,23.6,144,2.7
2010,10,27,17,30,129.77,0.14,4.1000000000000005,0,0,0,3,20.700000000000003,88.11,960,0,0,0,0,22.8,141,2.8000000000000003
2010,10,27,18,30,144.17000000000002,0.14,4,0,0,0,3,20.900000000000002,93.48,961,0,0,0,0,22,138,2.8000000000000003
2010,10,27,19,30,158.04,0.14,4,0,0,0,4,21.1,97.3,960,0,0,0,0,21.5,135,2.5
2010,10,27,20,30,169.03,0.14,4,0,0,0,3,21.1,100,960,0,0,0,0,21.1,131,2.2
2010,10,27,21,30,165.91,0.14,3.9000000000000004,0,0,0,3,21,100,959,0,0,0,0,21,127,1.9000000000000001
2010,10,27,22,30,153.23,0.14,3.9000000000000004,0,0,0,1,21,100,959,0,0,0,0,21,124,2
2010,10,27,23,30,139.09,0.14,3.8000000000000003,0,0,0,3,21,100,959,0,0,0,0,21,122,2.1
2010,10,28,0,30,124.61,0.14,3.8000000000000003,0,0,0,1,20.900000000000002,100,959,0,0,0,0,20.900000000000002,120,2.1
2010,10,28,1,30,110.02,0.14,3.8000000000000003,0,0,0,0,20.900000000000002,100,959,0,0,0,0,20.900000000000002,118,2.1
2010,10,28,2,30,95.41,0.14,3.7,0,0,0,3,21.1,99.95,960,0,0,0,0,21.1,116,2.3000000000000003
2010,10,28,3,30,80.74,0.14,3.7,46,406,111,1,21.200000000000003,94.97,961,46,406,0,111,22,115,2.9000000000000004
2010,10,28,4,30,66.3,0.14,3.7,78,700,359,3,20.900000000000002,83.60000000000001,961,116,0,7,117,23.8,115,3.2
2010,10,28,5,30,52.02,0.14,3.7,94,827,603,3,20.3,70.79,961,328,75,0,374,26,113,3.2
2010,10,28,6,30,38.17,0.14,3.7,103,895,806,0,19.6,58.160000000000004,961,103,895,0,806,28.6,112,2.9000000000000004
2010,10,28,7,30,25.490000000000002,0.14,3.7,109,928,947,1,18.5,47.82,960,109,928,0,947,30.8,113,2.7
2010,10,28,8,30,16.91,0.14,3.7,113,940,1013,1,17.8,42.12,959,113,940,0,1013,32.300000000000004,117,2.6
2010,10,28,9,30,19.11,0.14,3.8000000000000003,167,857,977,0,17.7,39.99,958,167,857,0,977,33.1,122,2.5
2010,10,28,10,30,29.79,0.14,3.8000000000000003,164,828,882,0,17.7,39.79,957,164,828,0,882,33.2,127,2.4000000000000004
2010,10,28,11,30,43.04,0.14,3.9000000000000004,152,774,717,1,17.7,41.18,957,152,774,0,717,32.6,129,2.4000000000000004
2010,10,28,12,30,57.09,0.14,4,156,613,489,7,17.8,43.96,957,10,0,0,10,31.5,129,2.3000000000000003
2010,10,28,13,30,71.45,0.14,4.1000000000000005,112,420,246,7,18,48.21,957,80,3,0,81,30.1,130,1.9000000000000001
2010,10,28,14,30,85.85000000000001,0.14,4.2,29,48,33,7,20,61.86,958,28,0,7,28,28,133,1.3
2010,10,28,15,30,100.61,0.14,4.2,0,0,0,1,21.6,74.04,959,0,0,0,0,26.6,138,1.4000000000000001
2010,10,28,16,30,115.2,0.14,4.3,0,0,0,0,21.1,76.08,959,0,0,0,0,25.6,143,2.1
2010,10,28,17,30,129.75,0.14,4.3,0,0,0,0,20.8,79.32000000000001,960,0,0,0,0,24.6,145,2.8000000000000003
2010,10,28,18,30,144.12,0.14,4.3,0,0,0,0,20.8,85.27,961,0,0,0,0,23.400000000000002,143,3.2
2010,10,28,19,30,157.92000000000002,0.14,4.4,0,0,0,0,20.8,89.91,960,0,0,0,0,22.5,140,3.3000000000000003
2010,10,28,20,30,168.74,0.14,4.4,0,0,0,0,20.700000000000003,92.86,960,0,0,0,0,21.900000000000002,137,3.2
2010,10,28,21,30,165.66,0.14,4.4,0,0,0,0,20.700000000000003,94.73,959,0,0,0,0,21.6,136,2.8000000000000003
2010,10,28,22,30,153.1,0.14,4.4,0,0,0,0,20.8,96.16,959,0,0,0,0,21.400000000000002,135,2.5
2010,10,28,23,30,139.01,0.14,4.4,0,0,0,0,20.8,97.04,959,0,0,0,0,21.3,132,2.3000000000000003
2010,10,29,0,30,124.56,0.14,4.4,0,0,0,0,20.8,97.84,959,0,0,0,0,21.200000000000003,128,2.2
2010,10,29,1,30,109.99000000000001,0.14,4.4,0,0,0,0,20.8,97.82000000000001,960,0,0,0,0,21.200000000000003,125,2.1
2010,10,29,2,30,95.4,0.14,4.4,0,0,0,0,20.8,97.85000000000001,961,0,0,0,0,21.200000000000003,122,2.2
2010,10,29,3,30,80.75,0.14,4.4,57,280,103,0,20.8,93.66,962,57,280,0,103,21.900000000000002,121,2.7
2010,10,29,4,30,66.34,0.14,4.3,102,601,344,0,20.400000000000002,83.33,962,102,601,0,344,23.400000000000002,123,3.1
2010,10,29,5,30,52.09,0.14,4.2,124,752,586,3,19.900000000000002,71.13,962,348,79,0,396,25.5,125,3.1
2010,10,29,6,30,38.28,0.14,4.1000000000000005,153,799,781,0,19.6,60.84,962,153,799,0,781,27.8,126,2.7
2010,10,29,7,30,25.68,0.14,4.1000000000000005,157,849,922,2,19.3,53.51,961,514,174,0,671,29.8,123,2.2
2010,10,29,8,30,17.22,0.14,4,155,876,992,3,19.1,48.95,960,470,45,0,512,31.1,115,1.8
2010,10,29,9,30,19.400000000000002,0.14,4,161,861,973,3,18.900000000000002,46.2,959,475,71,0,542,31.900000000000002,106,1.5
2010,10,29,10,30,29.98,0.14,4,151,843,882,3,18.8,44.76,957,433,64,0,489,32.300000000000004,102,1.5
2010,10,29,11,30,43.17,0.14,4,138,797,719,2,18.6,44.5,957,322,10,0,329,32.2,104,1.7000000000000002
2010,10,29,12,30,57.18,0.14,4.1000000000000005,118,708,501,2,18.5,46.28,957,302,76,0,343,31.400000000000002,110,2
2010,10,29,13,30,71.51,0.14,4.1000000000000005,86,533,256,0,18.6,50.53,957,86,533,0,256,30,117,1.9000000000000001
2010,10,29,14,30,85.89,0.14,4.2,28,112,36,0,19.900000000000002,61.09,958,28,112,0,36,28.1,126,1.6
2010,10,29,15,30,100.63,0.14,4.2,0,0,0,0,21.700000000000003,74.3,959,0,0,0,0,26.6,134,1.8
2010,10,29,16,30,115.2,0.14,4.2,0,0,0,0,21.1,75.73,960,0,0,0,0,25.700000000000003,138,2.5
2010,10,29,17,30,129.72,0.14,4.2,0,0,0,0,21,79.43,960,0,0,0,0,24.8,140,3
2010,10,29,18,30,144.06,0.14,4.1000000000000005,0,0,0,0,21.1,84.3,961,0,0,0,0,23.900000000000002,140,3.2
2010,10,29,19,30,157.79,0.14,4.1000000000000005,0,0,0,0,21.1,88.63,961,0,0,0,0,23.1,139,3.2
2010,10,29,20,30,168.45000000000002,0.14,4,0,0,0,0,21.1,92.79,960,0,0,0,0,22.3,138,2.9000000000000004
2010,10,29,21,30,165.42000000000002,0.14,4,0,0,0,0,21,95.36,960,0,0,0,0,21.8,136,2.5
2010,10,29,22,30,152.97,0.14,3.9000000000000004,0,0,0,0,21,97.65,960,0,0,0,0,21.400000000000002,134,2
2010,10,29,23,30,138.93,0.14,3.9000000000000004,0,0,0,0,21,99.52,960,0,0,0,0,21.1,133,1.7000000000000002
2010,10,30,0,30,124.51,0.14,3.8000000000000003,0,0,0,0,20.900000000000002,100,960,0,0,0,0,20.900000000000002,130,1.5
2010,10,30,1,30,109.97,0.14,3.8000000000000003,0,0,0,0,20.8,100,961,0,0,0,0,20.8,128,1.5
2010,10,30,2,30,95.4,0.14,3.7,0,0,0,0,20.900000000000002,99.53,962,0,0,0,0,21,125,1.9000000000000001
2010,10,30,3,30,80.77,0.14,3.7,50,359,108,0,20.8,92.60000000000001,962,50,359,0,108,22.1,122,2.7
2010,10,30,4,30,66.38,0.14,3.7,87,664,353,0,20.6,79.89,963,87,664,0,353,24.3,120,3.1
2010,10,30,5,30,52.160000000000004,0.14,3.7,106,799,596,1,20.200000000000003,66.84,963,106,799,0,596,26.900000000000002,115,2.9000000000000004
2010,10,30,6,30,38.4,0.14,3.7,115,872,799,1,20,56.88,962,115,872,0,799,29.400000000000002,103,2.6
2010,10,30,7,30,25.88,0.14,3.8000000000000003,119,911,939,2,19.6,50.29,961,441,389,0,791,31.200000000000003,86,2.3000000000000003
2010,10,30,8,30,17.53,0.14,3.9000000000000004,119,928,1005,2,19.200000000000003,45.77,960,517,210,0,717,32.4,75,2.2
2010,10,30,9,30,19.69,0.14,3.9000000000000004,158,869,976,1,18.8,42.72,959,158,869,0,976,33.2,71,2.2
2010,10,30,10,30,30.17,0.14,4,149,849,883,2,18.5,40.87,958,445,85,0,518,33.6,73,2.2
2010,10,30,11,30,43.300000000000004,0.14,4,135,803,719,2,18.2,40.550000000000004,958,391,262,0,582,33.4,78,2.3000000000000003
2010,10,30,12,30,57.27,0.14,4.1000000000000005,100,756,509,2,18,42.17,958,291,66,0,326,32.5,86,2.4000000000000004
2010,10,30,13,30,71.57000000000001,0.14,4.1000000000000005,72,600,262,8,18,46.37,958,134,334,0,240,30.8,97,2
2010,10,30,14,30,85.92,0.14,4.1000000000000005,25,184,38,3,19.6,57.86,959,27,0,7,27,28.700000000000003,112,1.6
2010,10,30,15,30,100.64,0.14,4.2,0,0,0,0,21.1,69.84,960,0,0,0,0,27.1,127,1.9000000000000001
2010,10,30,16,30,115.2,0.14,4.1000000000000005,0,0,0,0,20.5,70.88,961,0,0,0,0,26.200000000000003,137,2.7
2010,10,30,17,30,129.69,0.14,4.1000000000000005,0,0,0,3,20.5,75.71000000000001,962,0,0,0,0,25.1,143,3.5
2010,10,30,18,30,143.99,0.14,4.1000000000000005,0,0,0,0,20.8,82.13,962,0,0,0,0,24,145,3.7
2010,10,30,19,30,157.65,0.14,4,0,0,0,0,21.1,89.4,962,0,0,0,0,22.900000000000002,144,3.4000000000000004
2010,10,30,20,30,168.15,0.14,3.9000000000000004,0,0,0,0,21.3,94.54,962,0,0,0,0,22.200000000000003,140,3.2
2010,10,30,21,30,165.17000000000002,0.14,3.8000000000000003,0,0,0,0,21.3,96.35000000000001,962,0,0,0,0,21.900000000000002,135,3
2010,10,30,22,30,152.84,0.14,3.7,0,0,0,8,21.200000000000003,96.86,961,0,0,0,0,21.700000000000003,129,2.8000000000000003
2010,10,30,23,30,138.85,0.14,3.5,0,0,0,0,21.1,97.23,961,0,0,0,0,21.6,125,2.6
2010,10,31,0,30,124.46000000000001,0.14,3.4000000000000004,0,0,0,0,21.1,98.44,962,0,0,0,0,21.400000000000002,120,2.4000000000000004
2010,10,31,1,30,109.94,0.14,3.2,0,0,0,0,21.1,99.08,962,0,0,0,0,21.200000000000003,117,2.3000000000000003
2010,10,31,2,30,95.39,0.14,3.1,0,0,0,0,21,97.98,963,0,0,0,0,21.3,112,2.6
2010,10,31,3,30,80.79,0.14,3.1,44,433,113,0,20.900000000000002,91,963,44,433,0,113,22.400000000000002,109,3.2
2010,10,31,4,30,66.42,0.14,3.1,74,723,364,0,20.400000000000002,77.35000000000001,964,74,723,0,364,24.6,107,3.7
2010,10,31,5,30,52.230000000000004,0.14,3.1,90,848,610,0,19.900000000000002,64.41,964,90,848,0,610,27.200000000000003,106,3.7
2010,10,31,6,30,38.52,0.14,3.1,130,856,800,0,19.5,54.21,963,130,856,0,800,29.700000000000003,102,3.4000000000000004
2010,10,31,7,30,26.080000000000002,0.14,3.2,135,895,939,0,19,47.21,962,135,895,0,939,31.6,94,3.1
2010,10,31,8,30,17.84,0.14,3.3000000000000003,134,917,1006,1,18.400000000000002,42.34,961,134,917,0,1006,32.9,85,2.8000000000000003
2010,10,31,9,30,19.97,0.14,3.3000000000000003,149,890,985,0,17.8,39.08,960,149,890,0,985,33.6,77,2.6
2010,10,31,10,30,30.35,0.14,3.4000000000000004,143,866,890,3,17.2,37.39,959,467,132,0,581,33.800000000000004,73,2.6
2010,10,31,11,30,43.42,0.14,3.4000000000000004,132,818,726,0,16.900000000000002,36.9,958,132,818,0,726,33.6,72,2.5
2010,10,31,12,30,57.35,0.14,3.5,114,727,506,1,16.6,37.71,958,114,727,0,506,32.9,75,2.4000000000000004
2010,10,31,13,30,71.63,0.14,3.5,84,551,258,0,16.5,41.33,958,84,551,0,258,31.200000000000003,83,1.9000000000000001
2010,10,31,14,30,85.96000000000001,0.14,3.5,28,124,36,0,19.400000000000002,56.39,959,28,124,0,36,28.900000000000002,97,1.3
2010,10,31,15,30,100.66,0.14,3.5,0,0,0,0,20.900000000000002,68.64,959,0,0,0,0,27.200000000000003,110,1.4000000000000001
2010,10,31,16,30,115.19,0.14,3.5,0,0,0,0,20.200000000000003,68.64,960,0,0,0,0,26.400000000000002,120,2
2010,10,31,17,30,129.66,0.14,3.4000000000000004,0,0,0,0,19.8,71.25,960,0,0,0,0,25.400000000000002,128,2.7
2010,10,31,18,30,143.92000000000002,0.14,3.4000000000000004,0,0,0,0,20,76.77,961,0,0,0,0,24.3,133,3.4000000000000004
2010,10,31,19,30,157.51,0.14,3.3000000000000003,0,0,0,0,20.400000000000002,84.83,961,0,0,0,0,23.1,133,3.5
2010,10,31,20,30,167.86,0.14,3.2,0,0,0,0,20.900000000000002,92.13,961,0,0,0,0,22.200000000000003,130,3.2
2010,10,31,21,30,164.93,0.14,3.2,0,0,0,0,21.1,97.02,960,0,0,0,0,21.6,123,2.9000000000000004
2010,10,31,22,30,152.71,0.14,3.1,0,0,0,0,21,98.44,960,0,0,0,0,21.3,116,2.6
2010,10,31,23,30,138.78,0.14,3,0,0,0,0,20.900000000000002,99.28,960,0,0,0,0,21,108,2.5
2010,11,1,0,30,124.42,0.14,2.9000000000000004,0,0,0,0,20.700000000000003,99.13,960,0,0,0,0,20.8,103,2.6
2010,11,1,1,30,109.92,0.14,2.7,0,0,0,0,20.5,99.79,961,0,0,0,0,20.5,100,2.5
2010,11,1,2,30,95.4,0.14,2.6,0,0,0,0,20.3,98.16,961,0,0,0,0,20.6,98,2.8000000000000003
2010,11,1,3,30,80.81,0.14,2.5,49,402,113,0,20.200000000000003,90.55,962,49,402,0,113,21.8,99,3.5
2010,11,1,4,30,66.47,0.14,2.5,83,706,365,0,19.700000000000003,76.22,962,83,706,0,365,24.1,100,4.1000000000000005
2010,11,1,5,30,52.31,0.14,2.5,101,835,611,0,18.8,61.160000000000004,962,101,835,0,611,26.900000000000002,99,4.1000000000000005
2010,11,1,6,30,38.64,0.14,2.6,112,898,814,0,18.2,50.800000000000004,961,112,898,0,814,29.5,95,3.9000000000000004
2010,11,1,7,30,26.28,0.14,2.7,119,931,954,0,17.7,43.49,960,119,931,0,954,31.6,88,3.4000000000000004
2010,11,1,8,30,18.150000000000002,0.14,2.8000000000000003,119,947,1019,0,17.1,38.65,959,119,947,0,1019,33,78,3
2010,11,1,9,30,20.25,0.14,2.8000000000000003,111,956,1008,0,16.400000000000002,35.64,958,111,956,0,1008,33.7,69,2.7
2010,11,1,10,30,30.53,0.14,2.9000000000000004,103,940,913,1,15.8,33.67,956,103,940,0,913,34,63,2.6
2010,11,1,11,30,43.54,0.14,2.9000000000000004,94,903,749,0,15.4,33.26,956,94,903,0,749,33.800000000000004,61,2.4000000000000004
2010,11,1,12,30,57.43,0.14,2.9000000000000004,84,820,526,0,15,33.94,956,84,820,0,526,33,63,2.3000000000000003
2010,11,1,13,30,71.68,0.14,2.8000000000000003,63,673,274,0,14.8,36.660000000000004,956,63,673,0,274,31.400000000000002,71,1.7000000000000002
2010,11,1,14,30,85.99,0.14,2.8000000000000003,24,250,41,0,17.900000000000002,51.33,956,24,250,0,41,28.900000000000002,87,1.1
2010,11,1,15,30,100.67,0.14,2.8000000000000003,0,0,0,0,20.700000000000003,68.09,957,0,0,0,0,27.1,103,1.2000000000000002
2010,11,1,16,30,115.18,0.14,2.8000000000000003,0,0,0,3,19.6,67.01,958,0,0,0,0,26.200000000000003,115,1.6
2010,11,1,17,30,129.62,0.14,2.8000000000000003,0,0,0,0,18.900000000000002,67.71000000000001,958,0,0,0,0,25.3,125,2.3000000000000003
2010,11,1,18,30,143.84,0.14,2.8000000000000003,0,0,0,0,18.900000000000002,72.44,959,0,0,0,0,24.200000000000003,131,3.1
2010,11,1,19,30,157.36,0.14,2.9000000000000004,0,0,0,0,19.700000000000003,80.8,959,0,0,0,0,23.200000000000003,134,3.5
2010,11,1,20,30,167.57,0.14,2.9000000000000004,0,0,0,0,20.5,89.48,959,0,0,0,0,22.3,134,3.4000000000000004
2010,11,1,21,30,164.69,0.14,2.8000000000000003,0,0,0,0,20.900000000000002,94.91,958,0,0,0,0,21.8,130,3
2010,11,1,22,30,152.58,0.14,2.7,0,0,0,0,21.1,97.55,958,0,0,0,0,21.5,124,2.6
2010,11,1,23,30,138.70000000000002,0.14,2.7,0,0,0,0,21.1,98.95,958,0,0,0,0,21.3,117,2.3000000000000003
2010,11,2,0,30,124.38000000000001,0.14,2.6,0,0,0,0,21.1,100,958,0,0,0,0,21.1,112,2.1
2010,11,2,1,30,109.91,0.14,2.5,0,0,0,0,21,100,958,0,0,0,0,21,109,1.9000000000000001
2010,11,2,2,30,95.4,0.14,2.5,0,0,0,0,21,99,959,0,0,0,0,21.200000000000003,107,2.2
2010,11,2,3,30,80.83,0.14,2.5,43,460,116,0,21,92.23,960,43,460,0,116,22.3,104,2.9000000000000004
2010,11,2,4,30,66.52,0.14,2.5,72,750,370,0,20.6,78.24,960,72,750,0,370,24.6,102,3.4000000000000004
2010,11,2,5,30,52.39,0.14,2.5,86,871,618,0,20.1,64.61,961,86,871,0,618,27.400000000000002,100,3.5
2010,11,2,6,30,38.77,0.14,2.6,97,928,820,0,19.1,52.06,960,97,928,0,820,30,94,3.2
2010,11,2,7,30,26.48,0.14,2.6,102,960,962,3,17.6,42.03,959,440,32,0,469,32.1,87,2.8000000000000003
2010,11,2,8,30,18.46,0.14,2.7,105,970,1025,0,16.6,36.87,958,105,970,0,1025,33.300000000000004,79,2.6
2010,11,2,9,30,20.53,0.14,2.7,108,962,1009,0,15.8,33.68,957,108,962,0,1009,34,74,2.4000000000000004
2010,11,2,10,30,30.71,0.14,2.8000000000000003,107,937,912,2,15.200000000000001,31.810000000000002,956,481,188,0,642,34.300000000000004,71,2.2
2010,11,2,11,30,43.660000000000004,0.14,2.8000000000000003,102,890,745,2,14.700000000000001,31.44,955,407,141,0,509,34,76,2.1
2010,11,2,12,30,57.51,0.14,2.8000000000000003,90,805,523,3,14.4,32.4,955,36,0,0,36,33.1,86,2
2010,11,2,13,30,71.73,0.14,2.9000000000000004,69,638,269,3,14.3,35.54,955,141,8,0,144,31.400000000000002,98,1.6
2010,11,2,14,30,86.02,0.14,2.9000000000000004,25,201,39,3,17.7,50.69,956,28,1,7,28,28.900000000000002,112,1.2000000000000002
2010,11,2,15,30,100.67,0.14,2.9000000000000004,0,0,0,0,19.8,64.95,956,0,0,0,0,27,123,1.3
2010,11,2,16,30,115.16,0.14,2.9000000000000004,0,0,0,0,18.5,62.61,957,0,0,0,0,26.200000000000003,129,2
2010,11,2,17,30,129.58,0.14,2.9000000000000004,0,0,0,8,17.900000000000002,64.11,958,0,0,0,0,25.200000000000003,133,2.9000000000000004
2010,11,2,18,30,143.76,0.14,2.9000000000000004,0,0,0,0,18.5,71.5,958,0,0,0,0,24,133,3.7
2010,11,2,19,30,157.21,0.14,3,0,0,0,0,19.700000000000003,82.07000000000001,959,0,0,0,0,22.900000000000002,131,3.8000000000000003
2010,11,2,20,30,167.28,0.14,3,0,0,0,0,20.6,91.08,959,0,0,0,0,22.1,126,3.5
2010,11,2,21,30,164.45000000000002,0.14,3,0,0,0,0,21,95.42,958,0,0,0,0,21.8,119,3.1
2010,11,2,22,30,152.46,0.14,2.9000000000000004,0,0,0,0,21.200000000000003,97.67,958,0,0,0,0,21.6,112,2.9000000000000004
2010,11,2,23,30,138.63,0.14,2.9000000000000004,0,0,0,0,21.1,98.44,958,0,0,0,0,21.400000000000002,106,2.9000000000000004
2010,11,3,0,30,124.34,0.14,2.8000000000000003,0,0,0,0,21,98.28,959,0,0,0,0,21.3,102,2.9000000000000004
2010,11,3,1,30,109.89,0.14,2.8000000000000003,0,0,0,0,20.900000000000002,98.67,959,0,0,0,0,21.1,98,2.9000000000000004
2010,11,3,2,30,95.41,0.14,2.7,0,0,0,0,20.700000000000003,97.19,960,0,0,0,0,21.200000000000003,94,3.1
2010,11,3,3,30,80.86,0.14,2.6,46,430,114,0,20.5,90.27,961,46,430,0,114,22.200000000000003,90,3.7
2010,11,3,4,30,66.57000000000001,0.14,2.6,75,733,366,0,19.8,76.09,961,75,733,0,366,24.3,88,4.1000000000000005
2010,11,3,5,30,52.480000000000004,0.14,2.5,89,864,615,0,19.200000000000003,61.57,962,89,864,0,615,27.200000000000003,84,4.1000000000000005
2010,11,3,6,30,38.9,0.14,2.5,97,929,820,0,17.7,47.84,961,97,929,0,820,30,78,3.9000000000000004
2010,11,3,7,30,26.69,0.14,2.6,102,959,959,0,16.2,38.45,960,102,959,0,959,32.1,72,3.7
2010,11,3,8,30,18.76,0.14,2.6,105,972,1026,0,15.100000000000001,33.15,959,105,972,0,1026,33.5,69,3.5
2010,11,3,9,30,20.8,0.14,2.6,124,941,1003,0,14.4,30.060000000000002,958,124,941,0,1003,34.4,67,3.3000000000000003
2010,11,3,10,30,30.89,0.14,2.7,112,930,910,3,13.8,28.57,957,484,238,0,689,34.7,67,3.2
2010,11,3,11,30,43.77,0.14,2.7,99,898,747,3,13.4,28.17,956,372,332,0,611,34.5,69,3.1
2010,11,3,12,30,57.59,0.14,2.7,81,835,528,3,13.200000000000001,28.830000000000002,956,301,99,0,354,33.800000000000004,72,3.1
2010,11,3,13,30,71.78,0.14,2.7,61,683,275,3,13.100000000000001,32.13,956,150,13,7,155,31.8,77,2.3000000000000003
2010,11,3,14,30,86.04,0.14,2.7,24,254,41,3,16.6,47.94,957,28,1,7,28,28.700000000000003,85,1.5
2010,11,3,15,30,100.68,0.14,2.7,0,0,0,0,18.400000000000002,60.730000000000004,958,0,0,0,0,26.6,93,1.5
2010,11,3,16,30,115.15,0.14,2.7,0,0,0,3,17.7,61.19,958,0,0,0,0,25.700000000000003,101,1.8
2010,11,3,17,30,129.53,0.14,2.8000000000000003,0,0,0,3,17.400000000000002,63.39,959,0,0,0,0,24.8,111,2.5
2010,11,3,18,30,143.68,0.14,2.9000000000000004,0,0,0,0,17.8,69.48,960,0,0,0,0,23.700000000000003,119,3.4000000000000004
2010,11,3,19,30,157.06,0.14,3,0,0,0,0,19,80.29,960,0,0,0,0,22.6,121,3.7
2010,11,3,20,30,166.99,0.14,3.1,0,0,0,0,20.200000000000003,90.13,960,0,0,0,0,21.900000000000002,119,3.5
2010,11,3,21,30,164.22,0.14,3.1,0,0,0,0,20.900000000000002,95.75,959,0,0,0,0,21.6,112,3.1
2010,11,3,22,30,152.34,0.14,3.1,0,0,0,0,21.1,97.86,959,0,0,0,0,21.5,105,2.9000000000000004
2010,11,3,23,30,138.56,0.14,3.1,0,0,0,0,21.200000000000003,98.52,959,0,0,0,0,21.400000000000002,100,2.8000000000000003
2010,11,4,0,30,124.31,0.14,3,0,0,0,0,21.1,99.06,959,0,0,0,0,21.3,96,2.8000000000000003
2010,11,4,1,30,109.88,0.14,3,0,0,0,0,21.1,99.57000000000001,960,0,0,0,0,21.200000000000003,94,2.6
2010,11,4,2,30,95.42,0.14,3,0,0,0,0,21.1,98.09,960,0,0,0,0,21.400000000000002,93,2.8000000000000003
2010,11,4,3,30,80.89,0.14,2.9000000000000004,53,339,107,0,21.1,91.60000000000001,961,53,339,0,107,22.5,91,3.6
2010,11,4,4,30,66.63,0.14,3,98,634,350,0,20.6,77.62,962,98,634,0,350,24.8,89,4.3
2010,11,4,5,30,52.56,0.14,3,126,765,590,0,20.1,64.52,962,126,765,0,590,27.400000000000002,87,4.5
2010,11,4,6,30,39.03,0.14,3,140,837,791,0,19.6,53.94,962,140,837,0,791,29.900000000000002,84,4.5
2010,11,4,7,30,26.89,0.14,3,149,877,931,3,18.8,46.160000000000004,961,450,53,0,498,31.8,79,4.3
2010,11,4,8,30,19.06,0.14,3,153,892,997,1,17.8,40.04,960,153,892,0,997,33.2,74,4.1000000000000005
2010,11,4,9,30,21.07,0.14,3.1,164,872,977,0,16.8,35.95,959,164,872,0,977,34,70,3.9000000000000004
2010,11,4,10,30,31.060000000000002,0.14,3.1,165,836,881,0,16.1,33.89,958,165,836,0,881,34.2,69,3.7
2010,11,4,11,30,43.88,0.14,3.2,157,771,713,3,15.600000000000001,33.57,957,424,182,0,555,33.800000000000004,70,3.5
2010,11,4,12,30,57.660000000000004,0.14,3.2,136,671,495,3,15.3,34.660000000000004,957,309,47,0,334,32.9,74,3.3000000000000003
2010,11,4,13,30,71.82000000000001,0.14,3.2,101,474,249,2,15.3,38.5,958,120,3,0,121,31.1,82,2.6
2010,11,4,14,30,86.06,0.14,3.2,28,70,32,0,17.3,50.300000000000004,958,28,70,0,32,28.6,95,1.8
2010,11,4,15,30,100.68,0.14,3.3000000000000003,0,0,0,0,18.8,60.93,959,0,0,0,0,27,110,2.2
2010,11,4,16,30,115.12,0.14,3.3000000000000003,0,0,0,1,18.3,62.160000000000004,960,0,0,0,0,26.1,120,3.2
2010,11,4,17,30,129.48,0.14,3.3000000000000003,0,0,0,3,18.7,68.43,961,0,0,0,0,24.900000000000002,125,4
2010,11,4,18,30,143.59,0.14,3.3000000000000003,0,0,0,0,19.6,78.11,961,0,0,0,0,23.6,125,4
2010,11,4,19,30,156.9,0.14,3.3000000000000003,0,0,0,0,20.3,86.99,961,0,0,0,0,22.6,121,3.7
2010,11,4,20,30,166.70000000000002,0.14,3.2,0,0,0,0,20.700000000000003,92.05,961,0,0,0,0,22.1,115,3.4000000000000004
2010,11,4,21,30,163.99,0.14,3.2,0,0,0,0,20.900000000000002,94.83,960,0,0,0,0,21.8,108,3.2
2010,11,4,22,30,152.21,0.14,3.1,0,0,0,0,21,96.61,960,0,0,0,0,21.6,103,3
2010,11,4,23,30,138.5,0.14,3,0,0,0,0,21.1,98.04,960,0,0,0,0,21.400000000000002,100,2.9000000000000004
2010,11,5,0,30,124.27,0.13,2.9000000000000004,0,0,0,0,21.1,98.67,960,0,0,0,0,21.3,99,2.9000000000000004
2010,11,5,1,30,109.87,0.13,2.9000000000000004,0,0,0,0,21.1,99.2,961,0,0,0,0,21.200000000000003,98,2.9000000000000004
2010,11,5,2,30,95.43,0.13,2.8000000000000003,0,0,0,0,21,98.23,961,0,0,0,0,21.3,97,3.1
2010,11,5,3,30,80.93,0.13,2.9000000000000004,59,279,102,0,20.900000000000002,91.45,962,59,279,0,102,22.400000000000002,94,3.8000000000000003
2010,11,5,4,30,66.69,0.13,2.9000000000000004,109,592,343,3,20.400000000000002,77.53,963,111,0,7,111,24.6,88,4.5
2010,11,5,5,30,52.65,0.13,3,139,731,582,0,19.900000000000002,64.3,963,139,731,0,582,27.200000000000003,83,4.7
2010,11,5,6,30,39.17,0.13,3.1,130,853,792,0,19.3,53.620000000000005,963,130,853,0,792,29.700000000000003,78,4.5
2010,11,5,7,30,27.1,0.13,3.1,139,889,931,0,18.6,45.97,962,139,889,0,931,31.6,73,4.2
2010,11,5,8,30,19.36,0.13,3.2,143,904,996,0,17.8,40.65,960,143,904,0,996,32.9,70,3.8000000000000003
2010,11,5,9,30,21.330000000000002,0.13,3.3000000000000003,163,867,971,3,17,37.12,959,538,175,0,701,33.7,66,3.4000000000000004
2010,11,5,10,30,31.23,0.13,3.3000000000000003,157,843,878,3,16.400000000000002,35.230000000000004,958,437,46,0,476,33.9,65,3.1
2010,11,5,11,30,43.99,0.13,3.4000000000000004,146,787,713,3,16,35.01,958,347,17,0,360,33.5,67,2.8000000000000003
2010,11,5,12,30,57.730000000000004,0.13,3.5,127,688,494,3,15.700000000000001,36.35,958,310,66,0,345,32.6,73,2.6
2010,11,5,13,30,71.86,0.13,3.5,93,502,250,3,15.8,39.660000000000004,958,171,40,0,184,31.1,81,1.9000000000000001
2010,11,5,14,30,86.07000000000001,0.13,3.5,27,88,33,1,18.5,53.870000000000005,959,27,88,0,33,28.8,96,1.3
2010,11,5,15,30,100.67,0.13,3.5,0,0,0,0,20.400000000000002,66.61,960,0,0,0,0,27.1,114,1.4000000000000001
2010,11,5,16,30,115.09,0.13,3.5,0,0,0,1,19.3,65.53,960,0,0,0,0,26.3,126,2.4000000000000004
2010,11,5,17,30,129.43,0.13,3.5,0,0,0,3,18.900000000000002,68.16,961,0,0,0,0,25.200000000000003,132,3.3000000000000003
2010,11,5,18,30,143.5,0.13,3.4000000000000004,0,0,0,0,19.400000000000002,75.9,962,0,0,0,0,23.900000000000002,133,3.6
2010,11,5,19,30,156.74,0.13,3.4000000000000004,0,0,0,0,20,84.49,961,0,0,0,0,22.700000000000003,130,3.2
2010,11,5,20,30,166.41,0.13,3.3000000000000003,0,0,0,0,20.3,90.9,961,0,0,0,0,21.900000000000002,125,2.8000000000000003
2010,11,5,21,30,163.76,0.13,3.2,0,0,0,0,20.5,94.76,961,0,0,0,0,21.400000000000002,120,2.5
2010,11,5,22,30,152.1,0.13,3.1,0,0,0,0,20.5,96.32000000000001,960,0,0,0,0,21.1,114,2.6
2010,11,5,23,30,138.43,0.13,3,0,0,0,0,20.400000000000002,97.14,960,0,0,0,0,20.900000000000002,109,2.8000000000000003
2010,11,6,0,30,124.24000000000001,0.15,3,0,0,0,0,20.400000000000002,97.4,960,0,0,0,0,20.8,107,3
2010,11,6,1,30,109.87,0.15,2.9000000000000004,0,0,0,0,20.400000000000002,98.02,961,0,0,0,0,20.700000000000003,107,3
2010,11,6,2,30,95.45,0.15,2.8000000000000003,0,0,0,0,20.400000000000002,97.3,961,0,0,0,0,20.8,106,3.1
2010,11,6,3,30,80.97,0.15,2.8000000000000003,55,317,105,0,20.3,90.78,962,55,317,0,105,21.900000000000002,105,3.7
2010,11,6,4,30,66.75,0.15,2.8000000000000003,98,639,350,1,19.8,77.06,962,98,639,0,350,24.1,101,4.2
2010,11,6,5,30,52.75,0.15,2.9000000000000004,118,782,592,0,19.400000000000002,64.12,963,118,782,0,592,26.700000000000003,96,4.3
2010,11,6,6,30,39.31,0.15,2.9000000000000004,129,862,796,0,18.900000000000002,53.83,962,129,862,0,796,29.200000000000003,90,4
2010,11,6,7,30,27.310000000000002,0.15,2.9000000000000004,133,906,938,0,18.3,45.92,961,133,906,0,938,31.3,83,3.7
2010,11,6,8,30,19.650000000000002,0.15,3,133,924,1003,0,17.5,40.050000000000004,960,133,924,0,1003,32.800000000000004,76,3.2
2010,11,6,9,30,21.59,0.15,3,162,875,976,1,16.5,35.87,958,162,875,0,976,33.7,69,2.9000000000000004
2010,11,6,10,30,31.400000000000002,0.15,3,156,851,882,3,15.8,33.52,957,494,236,0,695,34.1,66,2.5
2010,11,6,11,30,44.09,0.15,3.1,145,795,716,3,15.3,32.53,956,432,141,0,534,34.1,68,2.2
2010,11,6,12,30,57.79,0.15,3.2,109,745,505,3,15,32.910000000000004,956,92,0,0,92,33.5,75,2
2010,11,6,13,30,71.9,0.15,3.2,81,566,257,1,14.9,35.71,956,81,566,0,257,31.900000000000002,88,1.5
2010,11,6,14,30,86.09,0.15,3.3000000000000003,26,130,35,3,17.8,49.64,957,24,0,7,24,29.400000000000002,106,1.1
2010,11,6,15,30,100.66,0.15,3.3000000000000003,0,0,0,3,20.400000000000002,64.48,958,0,0,0,0,27.700000000000003,124,1.2000000000000002
2010,11,6,16,30,115.06,0.15,3.3000000000000003,0,0,0,3,19.200000000000003,62.660000000000004,959,0,0,0,0,26.900000000000002,135,1.9000000000000001
2010,11,6,17,30,129.37,0.15,3.3000000000000003,0,0,0,0,18.6,63.92,959,0,0,0,0,26,140,2.7
2010,11,6,18,30,143.4,0.15,3.4000000000000004,0,0,0,0,19,70.10000000000001,960,0,0,0,0,24.8,142,3.3000000000000003
2010,11,6,19,30,156.57,0.15,3.4000000000000004,0,0,0,0,19.6,78.8,960,0,0,0,0,23.5,142,3.4000000000000004
2010,11,6,20,30,166.13,0.15,3.4000000000000004,0,0,0,0,20.3,87.25,959,0,0,0,0,22.5,139,3.1
2010,11,6,21,30,163.53,0.15,3.3000000000000003,0,0,0,0,20.8,93.84,959,0,0,0,0,21.8,133,2.7
2010,11,6,22,30,151.98,0.15,3.3000000000000003,0,0,0,3,21,96.37,958,0,0,0,0,21.6,128,2.6
2010,11,6,23,30,138.37,0.15,3.2,0,0,0,0,21,96.71000000000001,958,0,0,0,0,21.5,124,2.8000000000000003
2010,11,7,0,30,124.21000000000001,0.15,3.1,0,0,0,0,20.900000000000002,97.62,959,0,0,0,0,21.3,122,2.7
2010,11,7,1,30,109.87,0.15,3.1,0,0,0,0,20.900000000000002,97.98,959,0,0,0,0,21.200000000000003,120,2.6
2010,11,7,2,30,95.47,0.15,3,0,0,0,0,20.900000000000002,96.79,960,0,0,0,0,21.400000000000002,119,2.7
2010,11,7,3,30,81.01,0.15,3,53,333,105,0,20.8,90.28,960,53,333,0,105,22.5,117,3.3000000000000003
2010,11,7,4,30,66.81,0.15,3,93,651,349,0,20.200000000000003,75.96000000000001,961,93,651,0,349,24.700000000000003,116,3.7
2010,11,7,5,30,52.84,0.15,3.1,112,793,591,0,19.5,62.29,961,112,793,0,591,27.3,115,3.7
2010,11,7,6,30,39.45,0.15,3.1,140,836,786,1,18.8,51.82,961,140,836,0,786,29.8,111,3.4000000000000004
2010,11,7,7,30,27.52,0.15,3.2,151,870,923,3,18.2,44.21,960,228,0,0,229,31.900000000000002,104,3
2010,11,7,8,30,19.94,0.15,3.3000000000000003,160,879,986,0,17.6,39.49,958,160,879,0,986,33.2,95,2.7
2010,11,7,9,30,21.85,0.15,3.4000000000000004,184,835,960,0,17,36.79,957,184,835,0,960,33.800000000000004,89,2.4000000000000004
2010,11,7,10,30,31.560000000000002,0.15,3.4000000000000004,177,811,868,1,16.5,35.17,956,177,811,0,868,34.1,89,2.1
2010,11,7,11,30,44.2,0.15,3.5,163,755,704,1,16.3,34.94,956,163,755,0,704,33.9,92,2
2010,11,7,12,30,57.85,0.15,3.5,141,652,488,0,16,35.96,956,141,652,0,488,33.1,97,1.9000000000000001
2010,11,7,13,30,71.93,0.15,3.6,102,458,244,2,16,38.980000000000004,956,97,1,0,97,31.6,103,1.6
2010,11,7,14,30,86.10000000000001,0.15,3.6,27,65,31,3,18.1,50.75,957,25,0,7,25,29.400000000000002,113,1.1
2010,11,7,15,30,100.65,0.15,3.6,0,0,0,3,20.5,64.44,957,0,0,0,0,27.8,125,1.2000000000000002
2010,11,7,16,30,115.03,0.15,3.6,0,0,0,4,19.400000000000002,63.13,958,0,0,0,0,27,133,1.8
2010,11,7,17,30,129.31,0.15,3.6,0,0,0,4,18.900000000000002,64.42,959,0,0,0,0,26.1,138,2.7
2010,11,7,18,30,143.3,0.15,3.6,0,0,0,3,19,69.8,959,0,0,0,0,24.900000000000002,141,3.2
2010,11,7,19,30,156.41,0.15,3.6,0,0,0,3,19.400000000000002,77.28,959,0,0,0,0,23.6,143,3.2
2010,11,7,20,30,165.85,0.15,3.6,0,0,0,1,19.8,84.23,958,0,0,0,0,22.6,143,2.7
2010,11,7,21,30,163.31,0.15,3.6,0,0,0,0,20.1,89.19,958,0,0,0,0,22,141,2.2
2010,11,7,22,30,151.87,0.15,3.6,0,0,0,1,20.400000000000002,93.42,958,0,0,0,0,21.5,137,1.9000000000000001
2010,11,7,23,30,138.31,0.15,3.6,0,0,0,1,20.5,96.66,958,0,0,0,0,21.1,131,1.6
2010,11,8,0,30,124.19,0.15,3.6,0,0,0,0,20.6,98.83,958,0,0,0,0,20.8,125,1.5
2010,11,8,1,30,109.87,0.15,3.5,0,0,0,3,20.6,100,959,0,0,0,0,20.6,119,1.5
2010,11,8,2,30,95.49,0.15,3.5,0,0,0,3,20.6,98.81,959,0,0,0,0,20.8,113,1.8
2010,11,8,3,30,81.05,0.15,3.5,57,270,99,3,20.6,90.60000000000001,960,4,0,0,4,22.200000000000003,107,2.7
2010,11,8,4,30,66.88,0.15,3.5,105,594,339,3,20,74.26,960,228,105,0,269,24.900000000000002,104,3.3000000000000003
2010,11,8,5,30,52.94,0.15,3.5,130,744,578,0,19.400000000000002,60.22,961,130,744,0,578,27.8,100,3.3000000000000003
2010,11,8,6,30,39.59,0.15,3.5,144,824,779,0,18.900000000000002,50.08,960,144,824,0,779,30.5,93,3
2010,11,8,7,30,27.73,0.15,3.6,151,865,917,3,18.3,42.67,960,413,13,0,424,32.6,86,2.7
2010,11,8,8,30,20.23,0.15,3.6,152,885,982,0,17.5,37.65,958,152,885,0,982,34,82,2.4000000000000004
2010,11,8,9,30,22.1,0.15,3.7,120,927,979,0,16.900000000000002,34.5,957,120,927,0,979,34.800000000000004,83,2.2
2010,11,8,10,30,31.720000000000002,0.15,3.7,117,904,886,0,16.400000000000002,33.11,956,117,904,0,886,35,86,2
2010,11,8,11,30,44.29,0.15,3.7,111,855,723,0,16,33.12,956,111,855,0,723,34.6,92,2
2010,11,8,12,30,57.910000000000004,0.15,3.8000000000000003,109,734,499,0,15.8,34.5,955,109,734,0,499,33.6,98,2
2010,11,8,13,30,71.96000000000001,0.15,3.8000000000000003,82,553,253,0,15.8,37.76,956,82,553,0,253,32,106,1.7000000000000002
2010,11,8,14,30,86.10000000000001,0.15,3.8000000000000003,27,123,35,0,17.900000000000002,48.74,956,27,123,0,35,29.900000000000002,119,1.2000000000000002
2010,11,8,15,30,100.64,0.15,3.8000000000000003,0,0,0,0,19.700000000000003,59.2,957,0,0,0,0,28.400000000000002,133,1.6
2010,11,8,16,30,114.99000000000001,0.15,3.8000000000000003,0,0,0,0,18.7,59.04,958,0,0,0,0,27.400000000000002,141,2.7
2010,11,8,17,30,129.24,0.15,3.8000000000000003,0,0,0,0,18.7,63.84,959,0,0,0,0,26.1,144,3.6
2010,11,8,18,30,143.19,0.15,3.7,0,0,0,0,19.200000000000003,71.5,959,0,0,0,0,24.700000000000003,144,3.8000000000000003
2010,11,8,19,30,156.24,0.15,3.6,0,0,0,0,19.700000000000003,79.81,959,0,0,0,0,23.400000000000002,141,3.4000000000000004
2010,11,8,20,30,165.57,0.15,3.5,0,0,0,0,20.1,85.73,959,0,0,0,0,22.6,138,2.9000000000000004
2010,11,8,21,30,163.09,0.15,3.4000000000000004,0,0,0,0,20.3,90.27,959,0,0,0,0,22,134,2.5
2010,11,8,22,30,151.75,0.15,3.3000000000000003,0,0,0,0,20.5,93.35000000000001,958,0,0,0,0,21.6,130,2.4000000000000004
2010,11,8,23,30,138.26,0.15,3.2,0,0,0,0,20.6,95.21000000000001,958,0,0,0,0,21.400000000000002,127,2.5
2010,11,9,0,30,124.17,0.16,3.2,0,0,0,0,20.700000000000003,96.47,959,0,0,0,0,21.3,124,2.7
2010,11,9,1,30,109.87,0.16,3.1,0,0,0,0,20.8,97.34,959,0,0,0,0,21.200000000000003,121,2.6
2010,11,9,2,30,95.51,0.16,3.1,0,0,0,0,20.8,96.94,960,0,0,0,0,21.3,118,2.7
2010,11,9,3,30,81.10000000000001,0.16,3.2,54,307,102,0,20.8,89.91,961,54,307,0,102,22.5,113,3.4000000000000004
2010,11,9,4,30,66.95,0.16,3.2,100,619,343,0,20.1,74.57000000000001,961,100,619,0,343,24.900000000000002,110,4
2010,11,9,5,30,53.050000000000004,0.16,3.3000000000000003,126,756,581,0,19.3,60.95,962,126,756,0,581,27.5,108,4
2010,11,9,6,30,39.74,0.16,3.4000000000000004,203,718,755,1,18.7,51.19,961,203,718,0,755,29.900000000000002,106,3.8000000000000003
2010,11,9,7,30,27.94,0.16,3.4000000000000004,219,763,892,0,18.400000000000002,44.95,961,219,763,0,892,31.8,104,3.4000000000000004
2010,11,9,8,30,20.51,0.16,3.5,219,789,958,0,17.900000000000002,40.57,960,219,789,0,958,33.1,100,3
2010,11,9,9,30,22.34,0.16,3.5,242,749,935,0,17.400000000000002,37.63,958,242,749,0,935,33.800000000000004,95,2.7
2010,11,9,10,30,31.87,0.16,3.6,228,725,843,3,16.900000000000002,35.92,958,504,114,0,601,34.1,94,2.5
2010,11,9,11,30,44.39,0.16,3.6,207,667,683,0,16.6,35.57,957,207,667,0,683,33.9,97,2.5
2010,11,9,12,30,57.97,0.16,3.6,175,557,471,2,16.3,36.660000000000004,957,270,27,0,284,33.1,102,2.5
2010,11,9,13,30,71.99,0.16,3.7,121,363,233,0,16.2,39.63,957,121,363,1,233,31.6,109,2.3000000000000003
2010,11,9,14,30,86.11,0.16,3.7,26,26,28,3,17.1,47.07,958,26,26,5,28,29.6,121,1.7000000000000002
2010,11,9,15,30,100.62,0.16,3.6,0,0,0,0,18.7,56.59,959,0,0,0,0,28.1,133,1.9000000000000001
2010,11,9,16,30,114.95,0.16,3.6,0,0,0,0,18.1,57.24,960,0,0,0,0,27.3,141,2.9000000000000004
2010,11,9,17,30,129.17000000000002,0.16,3.6,0,0,0,0,18.3,61.88,961,0,0,0,0,26.200000000000003,144,3.6
2010,11,9,18,30,143.09,0.16,3.5,0,0,0,0,18.900000000000002,69.86,961,0,0,0,0,24.8,144,3.8000000000000003
2010,11,9,19,30,156.06,0.16,3.5,0,0,0,0,19.6,78.43,962,0,0,0,0,23.6,141,3.5
2010,11,9,20,30,165.29,0.16,3.5,0,0,0,0,20.200000000000003,85.13,962,0,0,0,0,22.8,136,3
2010,11,9,21,30,162.87,0.16,3.5,0,0,0,0,20.5,89.71000000000001,961,0,0,0,0,22.3,131,2.8000000000000003
2010,11,9,22,30,151.65,0.16,3.4000000000000004,0,0,0,0,20.8,92.13,961,0,0,0,0,22.1,125,2.8000000000000003
2010,11,9,23,30,138.20000000000002,0.16,3.3000000000000003,0,0,0,0,20.900000000000002,94.07000000000001,961,0,0,0,0,21.900000000000002,121,2.8000000000000003
2010,11,10,0,30,124.15,0.16,3.3000000000000003,0,0,0,0,21,95,961,0,0,0,0,21.8,118,2.8000000000000003
2010,11,10,1,30,109.88,0.16,3.2,0,0,0,0,21,95.74000000000001,962,0,0,0,0,21.700000000000003,115,2.7
2010,11,10,2,30,95.54,0.16,3.1,0,0,0,0,20.900000000000002,94.9,962,0,0,0,0,21.8,112,2.8000000000000003
2010,11,10,3,30,81.15,0.16,3,58,267,99,0,20.900000000000002,88.28,963,58,267,0,99,22.900000000000002,109,3.3000000000000003
2010,11,10,4,30,67.03,0.16,3,106,598,340,0,20.200000000000003,73.85000000000001,963,106,598,0,340,25.200000000000003,108,3.7
2010,11,10,5,30,53.15,0.16,3,129,754,582,0,19.400000000000002,59.660000000000004,963,129,754,0,582,28,107,3.8000000000000003
2010,11,10,6,30,39.88,0.16,3,142,837,784,0,18.7,49.06,963,142,837,0,784,30.6,104,3.7
2010,11,10,7,30,28.16,0.16,3,145,885,926,0,18,41.63,962,145,885,0,926,32.7,98,3.5
2010,11,10,8,30,20.79,0.16,3.1,142,909,992,0,17.1,36.29,961,142,909,0,992,34.2,91,3.2
2010,11,10,9,30,22.580000000000002,0.16,3.1,121,936,986,0,16.2,32.45,960,121,936,0,986,35.2,85,3
2010,11,10,10,30,32.03,0.16,3.1,115,918,894,0,15.5,30.27,959,115,918,0,894,35.6,81,2.9000000000000004
2010,11,10,11,30,44.480000000000004,0.16,3.1,106,876,731,0,14.8,29.17,958,106,876,1,731,35.5,80,2.9000000000000004
2010,11,10,12,30,58.02,0.16,3.1,100,772,508,0,14.3,29.32,958,100,772,0,508,34.800000000000004,81,2.8000000000000003
2010,11,10,13,30,72.01,0.16,3.1,77,588,259,2,14,31.34,958,163,22,0,170,33.2,84,2.3000000000000003
2010,11,10,14,30,86.11,0.16,3.1,27,141,36,1,15.4,39.39,958,27,141,0,36,30.8,91,1.5
2010,11,10,15,30,100.59,0.16,3.2,0,0,0,3,17.1,48.79,959,0,0,0,0,29,103,1.4000000000000001
2010,11,10,16,30,114.9,0.16,3.2,0,0,0,3,16.7,49.67,960,0,0,0,0,28.200000000000003,116,2
2010,11,10,17,30,129.1,0.16,3.2,0,0,0,0,16.8,53.29,961,0,0,0,0,27.1,129,2.9000000000000004
2010,11,10,18,30,142.98,0.16,3.3000000000000003,0,0,0,0,17.7,61.43,962,0,0,0,0,25.700000000000003,137,3.4000000000000004
2010,11,10,19,30,155.89000000000001,0.16,3.3000000000000003,0,0,0,0,18.8,70.88,962,0,0,0,0,24.400000000000002,141,3.5
2010,11,10,20,30,165.02,0.16,3.3000000000000003,0,0,0,8,19.700000000000003,79.55,962,0,0,0,0,23.400000000000002,143,3.4000000000000004
2010,11,10,21,30,162.66,0.16,3.3000000000000003,0,0,0,3,20.3,86.48,962,0,0,0,0,22.700000000000003,139,3.1
2010,11,10,22,30,151.54,0.16,3.3000000000000003,0,0,0,7,20.8,90.98,961,0,0,0,0,22.3,132,2.9000000000000004
2010,11,10,23,30,138.15,0.16,3.2,0,0,0,3,21,93.31,961,0,0,0,0,22.1,127,2.7
2010,11,11,0,30,124.13000000000001,0.16,3.1,0,0,0,0,21,94.9,961,0,0,0,0,21.900000000000002,123,2.6
2010,11,11,1,30,109.89,0.16,3,0,0,0,0,21,95.27,962,0,0,0,0,21.8,119,2.6
2010,11,11,2,30,95.57000000000001,0.16,2.9000000000000004,0,0,0,0,21,94.42,962,0,0,0,0,21.900000000000002,116,2.8000000000000003
2010,11,11,3,30,81.2,0.16,2.8000000000000003,54,315,102,0,20.900000000000002,88.01,963,54,315,0,102,23,112,3.3000000000000003
2010,11,11,4,30,67.11,0.16,2.8000000000000003,97,639,345,0,20.400000000000002,74.2,963,97,639,0,345,25.3,106,3.8000000000000003
2010,11,11,5,30,53.26,0.16,2.8000000000000003,118,785,588,3,19.8,61.14,963,347,113,7,415,28,100,3.9000000000000004
2010,11,11,6,30,40.03,0.16,2.9000000000000004,131,859,789,0,18.900000000000002,49.28,963,131,859,0,789,30.8,92,3.8000000000000003
2010,11,11,7,30,28.37,0.16,2.9000000000000004,141,894,928,0,17.7,40.33,962,141,894,0,928,33,86,3.7
2010,11,11,8,30,21.07,0.16,3,147,905,991,0,16.8,34.85,961,147,905,0,991,34.5,81,3.4000000000000004
2010,11,11,9,30,22.82,0.16,3,161,878,971,0,16,31.71,959,161,878,0,971,35.300000000000004,78,3.2
2010,11,11,10,30,32.17,0.16,3.1,157,849,876,0,15.3,29.94,958,157,849,0,876,35.6,76,3.1
2010,11,11,11,30,44.57,0.16,3.1,146,798,714,0,14.8,29.37,957,146,798,0,714,35.300000000000004,78,2.9000000000000004
2010,11,11,12,30,58.07,0.16,3.2,130,689,495,0,14.4,30.21,957,130,689,0,495,34.4,82,2.8000000000000003
2010,11,11,13,30,72.03,0.16,3.2,95,503,250,2,14.3,32.78,957,120,2,0,121,32.800000000000004,89,2.2
2010,11,11,14,30,86.10000000000001,0.16,3.2,28,94,34,0,15.600000000000001,40.06,958,28,94,0,34,30.700000000000003,101,1.5
2010,11,11,15,30,100.57000000000001,0.16,3.2,0,0,0,1,17.1,48.27,958,0,0,0,0,29.1,116,1.5
2010,11,11,16,30,114.85000000000001,0.16,3.2,0,0,0,3,16.5,48.980000000000004,959,0,0,0,0,28.200000000000003,129,2.5
2010,11,11,17,30,129.03,0.16,3.2,0,0,0,1,16.900000000000002,53.85,959,0,0,0,0,27,136,3.6
2010,11,11,18,30,142.86,0.16,3.2,0,0,0,0,18.2,64.35,960,0,0,0,0,25.400000000000002,139,4.2
2010,11,11,19,30,155.71,0.16,3.2,0,0,0,0,19.5,75.96000000000001,960,0,0,0,0,24,137,4.2
2010,11,11,20,30,164.75,0.16,3.2,0,0,0,0,20.400000000000002,84.54,960,0,0,0,0,23.1,132,3.8000000000000003
2010,11,11,21,30,162.45000000000002,0.16,3.1,0,0,0,0,20.700000000000003,88.76,959,0,0,0,0,22.700000000000003,125,3.6
2010,11,11,22,30,151.44,0.16,3.1,0,0,0,0,20.8,90.15,959,0,0,0,0,22.5,119,3.5
2010,11,11,23,30,138.11,0.16,3.1,0,0,0,0,20.8,91.47,959,0,0,0,0,22.3,115,3.2
2010,11,12,0,30,124.12,0.17,3.1,0,0,0,0,20.900000000000002,92.87,959,0,0,0,0,22.1,113,3
2010,11,12,1,30,109.9,0.17,3.1,0,0,0,0,21,95.11,959,0,0,0,0,21.8,112,2.8000000000000003
2010,11,12,2,30,95.61,0.17,3.1,0,0,0,0,21.1,95.72,960,0,0,0,0,21.8,112,2.8000000000000003
2010,11,12,3,30,81.26,0.17,3.1,55,296,100,0,21.200000000000003,90.55,960,55,296,0,100,22.8,112,3.4000000000000004
2010,11,12,4,30,67.19,0.17,3.1,102,616,341,0,20.900000000000002,77.79,961,102,616,0,341,25,110,3.9000000000000004
2010,11,12,5,30,53.370000000000005,0.17,3.1,121,775,583,0,20.200000000000003,63.24,961,121,775,0,583,27.8,106,4.1000000000000005
2010,11,12,6,30,40.19,0.17,3.2,140,839,781,0,19.400000000000002,51.86,960,140,839,0,781,30.400000000000002,100,3.9000000000000004
2010,11,12,7,30,28.580000000000002,0.17,3.2,143,889,923,0,18.3,43,959,143,889,0,923,32.5,93,3.7
2010,11,12,8,30,21.34,0.17,3.3000000000000003,144,905,987,0,17.2,37.15,958,144,905,0,987,33.9,86,3.5
2010,11,12,9,30,23.05,0.17,3.4000000000000004,138,907,973,2,16.5,34.03,957,511,165,0,663,34.6,83,3.3000000000000003
2010,11,12,10,30,32.32,0.17,3.5,131,886,880,2,16.1,33.08,956,459,128,0,567,34.7,83,3.2
2010,11,12,11,30,44.65,0.17,3.6,121,837,717,1,16,33.57,955,121,837,0,717,34.300000000000004,85,3.1
2010,11,12,12,30,58.11,0.17,3.7,105,749,501,2,16,35.56,955,238,16,0,247,33.300000000000004,88,3
2010,11,12,13,30,72.05,0.17,3.8000000000000003,78,575,255,3,16.2,39.08,955,10,0,0,10,31.8,92,2.6
2010,11,12,14,30,86.09,0.17,3.9000000000000004,26,156,36,0,17,46.480000000000004,956,26,156,0,36,29.700000000000003,102,1.8
2010,11,12,15,30,100.54,0.17,3.9000000000000004,0,0,0,3,18.8,57.160000000000004,957,0,0,0,0,28.1,117,1.8
2010,11,12,16,30,114.8,0.17,4,0,0,0,3,18.8,59.71,957,0,0,0,0,27.3,128,2.7
2010,11,12,17,30,128.95,0.17,4,0,0,0,0,19,64.26,958,0,0,0,0,26.3,135,3.4000000000000004
2010,11,12,18,30,142.75,0.17,4,0,0,0,0,19.5,70.14,958,0,0,0,0,25.3,138,3.5
2010,11,12,19,30,155.53,0.17,4,0,0,0,0,19.900000000000002,76.65,958,0,0,0,0,24.3,139,3.2
2010,11,12,20,30,164.49,0.17,3.9000000000000004,0,0,0,0,20.3,82.29,958,0,0,0,0,23.5,139,2.8000000000000003
2010,11,12,21,30,162.25,0.17,3.9000000000000004,0,0,0,0,20.6,86.64,957,0,0,0,0,22.900000000000002,136,2.3000000000000003
2010,11,12,22,30,151.34,0.17,3.8000000000000003,0,0,0,0,20.700000000000003,89.69,956,0,0,0,0,22.5,131,2.1
2010,11,12,23,30,138.06,0.17,3.8000000000000003,0,0,0,0,20.8,91.98,956,0,0,0,0,22.200000000000003,124,2.2
2010,11,13,0,30,124.11,0.16,3.8000000000000003,0,0,0,0,20.900000000000002,93.12,957,0,0,0,0,22.1,119,2.3000000000000003
2010,11,13,1,30,109.91,0.16,3.7,0,0,0,0,21,94.74,957,0,0,0,0,21.900000000000002,116,2.2
2010,11,13,2,30,95.65,0.16,3.7,0,0,0,0,21.1,94.7,958,0,0,0,0,22,113,2.4000000000000004
2010,11,13,3,30,81.32000000000001,0.16,3.7,48,352,101,0,21.1,88.18,959,48,352,0,101,23.200000000000003,107,3
2010,11,13,4,30,67.27,0.16,3.7,86,663,342,0,20.700000000000003,74.37,959,86,663,0,342,25.6,100,3.4000000000000004
2010,11,13,5,30,53.480000000000004,0.16,3.6,102,807,582,1,20.1,61.160000000000004,960,102,807,0,582,28.3,91,3.6
2010,11,13,6,30,40.34,0.16,3.6,111,881,783,0,19.1,49.56,959,111,881,0,783,30.900000000000002,83,3.6
2010,11,13,7,30,28.79,0.16,3.6,117,919,923,0,17.8,40.36,958,117,919,0,923,33,76,3.6
2010,11,13,8,30,21.61,0.16,3.6,122,933,989,0,16.5,34.24,957,122,933,0,989,34.5,74,3.5
2010,11,13,9,30,23.28,0.16,3.6,167,861,958,1,15.600000000000001,30.7,956,167,861,0,958,35.4,75,3.3000000000000003
2010,11,13,10,30,32.46,0.16,3.6,159,840,868,1,14.8,28.7,955,159,840,0,868,35.800000000000004,77,3.2
2010,11,13,11,30,44.730000000000004,0.16,3.6,144,794,708,8,14.3,27.97,954,251,567,7,654,35.6,78,3.2
2010,11,13,12,30,58.15,0.16,3.6,152,624,481,7,13.9,28.7,954,265,246,7,395,34.7,78,3.2
2010,11,13,13,30,72.06,0.16,3.6,108,433,242,8,13.8,31.09,955,168,142,0,211,33.1,78,2.6
2010,11,13,14,30,86.08,0.16,3.6,27,65,32,7,14.600000000000001,37.27,956,29,1,7,29,30.900000000000002,81,1.8
2010,11,13,15,30,100.51,0.16,3.6,0,0,0,7,16.2,45.45,957,0,0,0,0,29.200000000000003,88,1.4000000000000001
2010,11,13,16,30,114.75,0.16,3.6,0,0,0,0,16.1,46.87,957,0,0,0,0,28.5,101,1.6
2010,11,13,17,30,128.86,0.16,3.6,0,0,0,1,16.1,48.93,958,0,0,0,0,27.8,118,2.3000000000000003
2010,11,13,18,30,142.63,0.16,3.6,0,0,0,0,16.400000000000002,52.86,959,0,0,0,0,26.8,131,3.1
2010,11,13,19,30,155.36,0.16,3.6,0,0,0,0,17.400000000000002,60.51,959,0,0,0,0,25.6,136,3.5
2010,11,13,20,30,164.22,0.16,3.6,0,0,0,0,18.6,70.16,959,0,0,0,0,24.400000000000002,135,3.5
2010,11,13,21,30,162.05,0.16,3.6,0,0,0,0,19.6,79.17,958,0,0,0,0,23.400000000000002,131,3.2
2010,11,13,22,30,151.24,0.16,3.5,0,0,0,0,20.200000000000003,85.68,958,0,0,0,0,22.700000000000003,126,2.7
2010,11,13,23,30,138.02,0.16,3.4000000000000004,0,0,0,0,20.400000000000002,89.77,958,0,0,0,0,22.200000000000003,120,2.5
2010,11,14,0,30,124.10000000000001,0.16,3.3000000000000003,0,0,0,0,20.5,92.25,958,0,0,0,0,21.8,112,2.3000000000000003
2010,11,14,1,30,109.93,0.16,3.2,0,0,0,3,20.400000000000002,93.51,959,0,0,0,0,21.5,105,2.2
2010,11,14,2,30,95.69,0.16,3,0,0,0,3,20.3,93.02,960,0,0,0,0,21.5,99,2.5
2010,11,14,3,30,81.38,0.16,2.9000000000000004,61,226,95,3,20.200000000000003,86.28,961,56,0,0,56,22.6,94,3.4000000000000004
2010,11,14,4,30,67.36,0.16,2.9000000000000004,122,540,330,7,19.6,72.13,962,201,194,0,276,25,90,4.1000000000000005
2010,11,14,5,30,53.6,0.16,2.8000000000000003,156,697,569,7,18.6,57.08,962,258,431,0,514,27.900000000000002,89,4.4
2010,11,14,6,30,40.49,0.16,2.8000000000000003,226,686,748,7,17.400000000000002,44.71,961,342,484,0,710,30.8,87,4.5
2010,11,14,7,30,29,0.16,2.8000000000000003,247,729,884,1,16.2,36.410000000000004,960,247,729,0,884,33.1,86,4.4
2010,11,14,8,30,21.87,0.16,2.8000000000000003,255,749,950,1,15.3,31.3,959,255,749,0,950,34.800000000000004,84,4.2
2010,11,14,9,30,23.5,0.16,2.8000000000000003,255,742,936,7,14.600000000000001,28.29,958,387,509,0,854,35.800000000000004,82,4
2010,11,14,10,30,32.59,0.16,2.9000000000000004,243,712,843,7,14,26.46,957,407,385,0,731,36.300000000000004,81,3.9000000000000004
2010,11,14,11,30,44.800000000000004,0.16,3.1,225,640,679,7,13.5,25.92,956,342,406,7,630,36.1,81,3.8000000000000003
2010,11,14,12,30,58.19,0.16,3.2,195,512,465,7,13.200000000000001,26.54,956,295,176,0,388,35.300000000000004,84,3.7
2010,11,14,13,30,72.07000000000001,0.16,3.3000000000000003,134,304,228,7,13.100000000000001,29.02,957,176,124,7,215,33.6,87,3
2010,11,14,14,30,86.07000000000001,0.16,3.4000000000000004,23,20,24,7,13.9,34.57,957,23,20,5,24,31.400000000000002,96,2.2
2010,11,14,15,30,100.47,0.16,3.5,0,0,0,8,15.100000000000001,40.33,958,0,0,0,0,30,112,2.8000000000000003
2010,11,14,16,30,114.69,0.16,3.6,0,0,0,7,15.100000000000001,43.47,959,0,0,0,0,28.8,126,4.2
2010,11,14,17,30,128.78,0.16,3.8000000000000003,0,0,0,7,16.7,53.25,960,0,0,0,0,27,132,5.1000000000000005
2010,11,14,18,30,142.51,0.16,3.9000000000000004,0,0,0,7,18.400000000000002,65.75,961,0,0,0,0,25.3,130,5
2010,11,14,19,30,155.18,0.16,3.9000000000000004,0,0,0,8,19.3,73.78,962,0,0,0,0,24.3,124,4.6000000000000005
2010,11,14,20,30,163.96,0.16,3.9000000000000004,0,0,0,7,19.6,78.44,962,0,0,0,0,23.6,118,4.2
2010,11,14,21,30,161.85,0.16,3.8000000000000003,0,0,0,1,19.700000000000003,81.23,961,0,0,0,0,23.1,115,4
2010,11,14,22,30,151.15,0.16,3.7,0,0,0,0,19.8,83.27,961,0,0,0,0,22.8,113,4
2010,11,14,23,30,137.98,0.16,3.5,0,0,0,0,19.900000000000002,85.24,961,0,0,0,0,22.5,113,4
2010,11,15,0,30,124.10000000000001,0.15,3.4000000000000004,0,0,0,0,19.900000000000002,86.23,961,0,0,0,0,22.3,113,3.8000000000000003
2010,11,15,1,30,109.95,0.15,3.3000000000000003,0,0,0,0,19.8,86.86,962,0,0,0,0,22.1,111,3.6
2010,11,15,2,30,95.73,0.15,3.1,0,0,0,0,19.700000000000003,86.8,963,0,0,0,0,22,109,3.6
2010,11,15,3,30,81.44,0.15,3,57,251,94,0,19.6,82.01,963,57,251,0,94,22.8,106,4
2010,11,15,4,30,67.44,0.15,2.8000000000000003,109,585,333,0,19.1,70.41,964,109,585,0,333,24.8,104,4.5
2010,11,15,5,30,53.71,0.15,2.7,134,745,575,0,17.900000000000002,55.99,964,134,745,0,575,27.5,102,4.6000000000000005
2010,11,15,6,30,40.65,0.15,2.6,149,830,779,0,16,42.01,963,149,830,0,779,30.3,99,4.6000000000000005
2010,11,15,7,30,29.21,0.15,2.5,157,876,922,0,13.8,31.98,962,157,876,0,922,32.7,97,4.5
2010,11,15,8,30,22.13,0.15,2.5,161,894,989,0,12.3,26.27,961,161,894,0,989,34.4,95,4.3
2010,11,15,9,30,23.71,0.15,2.6,135,926,983,0,11.3,23.3,960,135,926,0,983,35.4,92,4.1000000000000005
2010,11,15,10,30,32.72,0.15,2.6,134,898,890,0,10.8,21.990000000000002,959,134,898,0,890,35.800000000000004,89,3.9000000000000004
2010,11,15,11,30,44.88,0.15,2.7,126,844,724,0,10.5,21.87,958,126,844,0,724,35.6,87,3.7
2010,11,15,12,30,58.22,0.15,2.7,97,792,514,0,10.4,22.84,958,97,792,0,514,34.7,86,3.5
2010,11,15,13,30,72.07000000000001,0.15,2.8000000000000003,75,614,264,0,10.4,25.13,958,75,614,0,264,33,89,2.9000000000000004
2010,11,15,14,30,86.05,0.15,2.8000000000000003,26,187,39,0,11.200000000000001,29.92,959,26,187,0,39,30.8,102,2.2
2010,11,15,15,30,100.43,0.15,2.9000000000000004,0,0,0,1,12.600000000000001,36.230000000000004,959,0,0,0,0,29.1,120,2.8000000000000003
2010,11,15,16,30,114.63,0.15,3,0,0,0,0,13.100000000000001,39.83,960,0,0,0,0,28,131,4.1000000000000005
2010,11,15,17,30,128.69,0.15,3.1,0,0,0,0,14.8,49.6,961,0,0,0,0,26.200000000000003,134,4.7
2010,11,15,18,30,142.38,0.15,3.1,0,0,0,0,16.7,61.300000000000004,962,0,0,0,0,24.6,132,4.2
2010,11,15,19,30,154.99,0.15,3.1,0,0,0,0,17.7,70,962,0,0,0,0,23.5,128,3.4000000000000004
2010,11,15,20,30,163.71,0.15,3,0,0,0,0,18.3,76.06,961,0,0,0,0,22.700000000000003,124,2.8000000000000003
2010,11,15,21,30,161.66,0.15,3,0,0,0,0,18.6,80.78,961,0,0,0,0,22.1,121,2.5
2010,11,15,22,30,151.06,0.15,2.9000000000000004,0,0,0,0,19.1,85.58,960,0,0,0,0,21.6,120,2.5
2010,11,15,23,30,137.95000000000002,0.15,2.8000000000000003,0,0,0,0,19.6,90.12,960,0,0,0,0,21.3,118,2.6
2010,11,16,0,30,124.10000000000001,0.14,2.8000000000000003,0,0,0,0,20,93.54,960,0,0,0,0,21.1,117,2.4000000000000004
2010,11,16,1,30,109.98,0.14,2.7,0,0,0,0,20.3,96.92,961,0,0,0,0,20.8,119,2.1
2010,11,16,2,30,95.78,0.14,2.7,0,0,0,0,20.400000000000002,97.21000000000001,961,0,0,0,0,20.900000000000002,123,2.2
2010,11,16,3,30,81.51,0.14,2.6,52,323,99,0,20.5,91.25,962,52,323,0,99,22,127,2.8000000000000003
2010,11,16,4,30,67.53,0.14,2.6,96,641,340,0,19.900000000000002,76.52,962,96,641,0,340,24.3,131,3.4000000000000004
2010,11,16,5,30,53.83,0.14,2.7,119,781,580,0,18.7,59.24,962,119,781,0,580,27.3,131,3.5
2010,11,16,6,30,40.800000000000004,0.14,2.7,137,848,779,0,17.2,45.5,962,137,848,0,779,30.3,125,3.2
2010,11,16,7,30,29.42,0.14,2.7,146,888,919,0,15.700000000000001,35.85,961,146,888,0,919,32.800000000000004,113,2.7
2010,11,16,8,30,22.39,0.14,2.8000000000000003,150,902,984,0,14.5,30.41,959,150,902,0,984,34.4,102,2.3000000000000003
2010,11,16,9,30,23.92,0.14,2.8000000000000003,166,875,966,0,13.700000000000001,27.46,958,166,875,0,966,35.300000000000004,93,2
2010,11,16,10,30,32.85,0.14,2.9000000000000004,161,847,872,0,13.100000000000001,25.94,956,161,847,0,872,35.6,91,1.8
2010,11,16,11,30,44.94,0.14,2.9000000000000004,147,799,712,3,12.700000000000001,25.64,956,404,102,0,476,35.300000000000004,95,1.8
2010,11,16,12,30,58.25,0.14,3,126,703,496,2,12.5,26.560000000000002,955,307,130,0,376,34.4,103,1.8
2010,11,16,13,30,72.07000000000001,0.14,3,93,521,253,3,12.5,29.19,956,10,0,0,10,32.800000000000004,113,1.5
2010,11,16,14,30,86.03,0.14,3.1,28,107,36,3,14.5,37.45,956,28,0,7,28,30.700000000000003,127,1.3
2010,11,16,15,30,100.39,0.14,3.2,0,0,0,3,16.1,45.01,957,0,0,0,0,29.200000000000003,137,2
2010,11,16,16,30,114.56,0.14,3.4000000000000004,0,0,0,3,15.9,47.35,958,0,0,0,0,28.200000000000003,141,3.4000000000000004
2010,11,16,17,30,128.6,0.14,3.6,0,0,0,0,17,55.230000000000004,959,0,0,0,0,26.700000000000003,140,4.4
2010,11,16,18,30,142.26,0.14,3.7,0,0,0,0,18.400000000000002,65.42,960,0,0,0,0,25.3,138,4.5
2010,11,16,19,30,154.81,0.14,3.7,0,0,0,0,19.3,74.06,960,0,0,0,0,24.200000000000003,136,4
2010,11,16,20,30,163.46,0.14,3.7,0,0,0,3,19.700000000000003,78.82000000000001,959,0,0,0,0,23.6,133,3.5
2010,11,16,21,30,161.48,0.14,3.7,0,0,0,0,19.900000000000002,82.07000000000001,959,0,0,0,0,23.1,131,3.2
2010,11,16,22,30,150.97,0.14,3.6,0,0,0,0,19.900000000000002,83.96000000000001,958,0,0,0,0,22.8,130,3
2010,11,16,23,30,137.92000000000002,0.14,3.5,0,0,0,0,20,86.04,958,0,0,0,0,22.5,129,2.9000000000000004
2010,11,17,0,30,124.10000000000001,0.14,3.5,0,0,0,0,20.200000000000003,88.36,958,0,0,0,0,22.200000000000003,127,2.9000000000000004
2010,11,17,1,30,110.01,0.14,3.4000000000000004,0,0,0,0,20.3,90.14,959,0,0,0,0,22,126,2.8000000000000003
2010,11,17,2,30,95.82000000000001,0.14,3.3000000000000003,0,0,0,0,20.3,90.34,959,0,0,0,0,22,125,3
2010,11,17,3,30,81.58,0.14,3.2,53,288,95,0,20.3,84.62,960,53,288,0,95,23,123,3.5
2010,11,17,4,30,67.63,0.14,3.1,100,615,333,0,19.700000000000003,71.55,960,100,615,0,333,25.200000000000003,121,3.8000000000000003
2010,11,17,5,30,53.95,0.14,3,123,765,574,0,18.900000000000002,57.96,960,123,765,0,574,27.900000000000002,119,3.8000000000000003
2010,11,17,6,30,40.96,0.14,3,136,845,774,0,18,47.24,960,136,845,0,774,30.5,114,3.5
2010,11,17,7,30,29.63,0.14,3,141,889,914,0,17,39.03,959,141,889,0,914,32.7,105,3.1
2010,11,17,8,30,22.64,0.14,3.1,143,906,979,0,15.8,33.43,958,143,906,0,979,34.2,95,2.6
2010,11,17,9,30,24.13,0.14,3.2,119,939,975,0,14.9,30.36,956,119,939,0,975,34.9,86,2.3000000000000003
2010,11,17,10,30,32.97,0.14,3.3000000000000003,116,914,883,2,14.600000000000001,30,955,470,194,0,633,34.7,79,2.1
2010,11,17,11,30,45.01,0.14,3.4000000000000004,107,869,721,3,14.5,30.54,955,402,128,0,492,34.300000000000004,76,2
2010,11,17,12,30,58.28,0.14,3.5,185,534,466,3,14.600000000000001,32.07,955,247,6,0,250,33.5,76,2
2010,11,17,13,30,72.07000000000001,0.14,3.6,126,347,233,3,14.8,35.06,955,117,2,0,118,32.2,82,1.7000000000000002
2010,11,17,14,30,86.01,0.14,3.7,26,34,29,3,15.700000000000001,40.77,956,17,0,7,17,30.5,97,1.2000000000000002
2010,11,17,15,30,100.34,0.14,3.7,0,0,0,3,17.2,48.660000000000004,957,0,0,0,0,29.1,118,1.3
2010,11,17,16,30,114.49000000000001,0.14,3.7,0,0,0,1,16.900000000000002,50.14,958,0,0,0,0,28.3,134,2.3000000000000003
2010,11,17,17,30,128.51,0.14,3.6,0,0,0,3,17.1,54.03,959,0,0,0,0,27.200000000000003,141,3.3000000000000003
2010,11,17,18,30,142.13,0.14,3.6,0,0,0,0,17.900000000000002,61.6,959,0,0,0,0,25.8,143,3.9000000000000004
2010,11,17,19,30,154.63,0.14,3.5,0,0,0,0,18.8,70.55,959,0,0,0,0,24.5,140,4
2010,11,17,20,30,163.21,0.14,3.4000000000000004,0,0,0,0,19.6,78.61,959,0,0,0,0,23.5,135,3.8000000000000003
2010,11,17,21,30,161.3,0.14,3.3000000000000003,0,0,0,0,20.1,84.67,958,0,0,0,0,22.8,129,3.5
2010,11,17,22,30,150.89000000000001,0.14,3.1,0,0,0,0,20.3,87.58,958,0,0,0,0,22.5,122,3.4000000000000004
2010,11,17,23,30,137.89000000000001,0.14,3,0,0,0,0,20.3,88.44,958,0,0,0,0,22.3,117,3.3000000000000003
2010,11,18,0,30,124.11,0.14,2.9000000000000004,0,0,0,0,20.1,88.59,958,0,0,0,0,22.1,113,3.3000000000000003
2010,11,18,1,30,110.04,0.14,2.8000000000000003,0,0,0,0,20,89.27,959,0,0,0,0,21.8,109,3.2
2010,11,18,2,30,95.88,0.14,2.7,0,0,0,0,19.8,88.93,960,0,0,0,0,21.700000000000003,105,3.2
2010,11,18,3,30,81.65,0.14,2.7,55,275,95,0,19.6,83.04,961,55,275,0,95,22.6,100,3.7
2010,11,18,4,30,67.72,0.14,2.7,106,597,332,0,18.900000000000002,69.75,961,106,597,0,332,24.8,95,4.3
2010,11,18,5,30,54.07,0.14,2.7,133,748,571,0,18.2,56.870000000000005,961,133,748,0,571,27.5,89,4.5
2010,11,18,6,30,41.12,0.14,2.7,143,838,774,0,17.3,45.62,961,143,838,0,774,30.3,81,4.5
2010,11,18,7,30,29.84,0.14,2.7,155,874,913,0,16.3,37.78,960,155,874,0,913,32.5,73,4.4
2010,11,18,8,30,22.88,0.14,2.8000000000000003,161,887,978,0,15.4,32.62,958,161,887,0,978,34.1,66,4.2
2010,11,18,9,30,24.330000000000002,0.14,2.8000000000000003,168,872,962,0,14.5,29.330000000000002,957,168,872,0,962,35,59,4.1000000000000005
2010,11,18,10,30,33.08,0.14,2.8000000000000003,162,847,872,0,13.700000000000001,27.46,956,162,847,0,872,35.300000000000004,56,4
2010,11,18,11,30,45.07,0.14,2.8000000000000003,149,797,712,0,13.100000000000001,26.68,955,149,797,0,712,35.1,55,3.9000000000000004
2010,11,18,12,30,58.300000000000004,0.14,2.8000000000000003,127,704,497,1,12.700000000000001,26.89,955,127,704,0,497,34.4,56,3.7
2010,11,18,13,30,72.06,0.14,2.8000000000000003,94,517,254,2,12.200000000000001,28.310000000000002,956,137,6,0,138,33,57,3.2
2010,11,18,14,30,85.98,0.14,2.7,29,109,37,0,12.3,32.35,957,29,109,0,37,30.700000000000003,61,2.1
2010,11,18,15,30,100.29,0.14,2.7,0,0,0,0,13.200000000000001,37.74,957,0,0,0,0,29.1,66,1.7000000000000002
2010,11,18,16,30,114.42,0.14,2.7,0,0,0,0,13,38.72,958,0,0,0,0,28.400000000000002,70,1.9000000000000001
2010,11,18,17,30,128.41,0.14,2.7,0,0,0,1,13,40.65,959,0,0,0,0,27.6,76,1.9000000000000001
2010,11,18,18,30,142,0.14,2.7,0,0,0,0,13.4,44.27,959,0,0,0,0,26.5,88,1.8
2010,11,18,19,30,154.45000000000002,0.14,2.7,0,0,0,0,13.9,48.730000000000004,959,0,0,0,0,25.5,103,2.1
2010,11,18,20,30,162.97,0.14,2.8000000000000003,0,0,0,0,15,55.72,959,0,0,0,0,24.400000000000002,114,2.7
2010,11,18,21,30,161.12,0.14,2.9000000000000004,0,0,0,0,16.6,65.95,959,0,0,0,0,23.3,118,3
2010,11,18,22,30,150.81,0.14,3,0,0,0,0,18.2,76.79,959,0,0,0,0,22.5,117,3.2
2010,11,18,23,30,137.87,0.14,3,0,0,0,0,19.5,86.22,959,0,0,0,0,21.900000000000002,113,3.2
2010,11,19,0,30,124.11,0.14,3,0,0,0,0,20.200000000000003,91.33,959,0,0,0,0,21.700000000000003,107,3.2
2010,11,19,1,30,110.07000000000001,0.14,3,0,0,0,0,20.5,93.77,960,0,0,0,0,21.5,101,3.2
2010,11,19,2,30,95.93,0.14,2.9000000000000004,0,0,0,0,20.400000000000002,92.83,961,0,0,0,0,21.6,94,3.3000000000000003
2010,11,19,3,30,81.72,0.14,3,54,278,94,0,20.3,86.34,962,54,278,0,94,22.700000000000003,89,3.9000000000000004
2010,11,19,4,30,67.82000000000001,0.14,3,100,613,331,0,19.8,72.36,962,100,613,0,331,25.1,86,4.6000000000000005
2010,11,19,5,30,54.2,0.14,3.1,121,767,569,0,19,58.47,962,121,767,0,569,27.900000000000002,83,4.7
2010,11,19,6,30,41.28,0.14,3.1,131,852,771,0,18.2,47.56,962,131,852,0,771,30.6,80,4.6000000000000005
2010,11,19,7,30,30.04,0.14,3.2,137,893,910,0,17.400000000000002,39.800000000000004,961,137,893,0,910,32.800000000000004,75,4.3
2010,11,19,8,30,23.12,0.14,3.2,138,913,977,0,16.6,34.910000000000004,959,138,913,0,977,34.300000000000004,70,4
2010,11,19,9,30,24.52,0.14,3.3000000000000003,137,909,964,0,16.1,32.1,958,137,909,0,964,35.2,67,4
2010,11,19,10,30,33.2,0.14,3.4000000000000004,129,891,874,0,15.700000000000001,30.75,957,129,891,0,874,35.6,68,3.9000000000000004
2010,11,19,11,30,45.12,0.14,3.5,117,848,715,1,15.4,30.42,956,117,848,0,715,35.4,70,3.9000000000000004
2010,11,19,12,30,58.32,0.14,3.5,99,771,503,3,15.200000000000001,31.150000000000002,956,189,1,0,190,34.7,72,3.8000000000000003
2010,11,19,13,30,72.05,0.14,3.6,73,611,261,0,15,33.19,956,73,611,0,261,33.4,75,3.3000000000000003
2010,11,19,14,30,85.95,0.14,3.6,25,206,40,0,15.100000000000001,37.5,957,25,206,0,40,31.3,80,2.2
2010,11,19,15,30,100.24000000000001,0.14,3.6,0,0,0,0,15.8,42.81,958,0,0,0,0,29.8,90,1.5
2010,11,19,16,30,114.35000000000001,0.14,3.6,0,0,0,0,15.9,44.78,959,0,0,0,0,29.1,105,2
2010,11,19,17,30,128.31,0.14,3.6,0,0,0,0,16.1,47.75,959,0,0,0,0,28.200000000000003,118,3.1
2010,11,19,18,30,141.87,0.14,3.7,0,0,0,0,17,54.56,959,0,0,0,0,26.900000000000002,123,4
2010,11,19,19,30,154.27,0.14,3.7,0,0,0,0,18.3,65.35,960,0,0,0,0,25.3,122,4.2
2010,11,19,20,30,162.74,0.14,3.7,0,0,0,0,19.400000000000002,75.64,959,0,0,0,0,24,116,4
2010,11,19,21,30,160.95000000000002,0.14,3.7,0,0,0,0,20,82.42,959,0,0,0,0,23.200000000000003,109,3.8000000000000003
2010,11,19,22,30,150.74,0.14,3.7,0,0,0,0,20.3,85.82000000000001,959,0,0,0,0,22.8,103,3.7
2010,11,19,23,30,137.84,0.14,3.7,0,0,0,0,20.400000000000002,87.24,959,0,0,0,0,22.6,99,3.6
2010,11,20,0,30,124.13000000000001,0.14,3.7,0,0,0,0,20.400000000000002,87.96000000000001,959,0,0,0,0,22.5,97,3.5
2010,11,20,1,30,110.11,0.14,3.7,0,0,0,0,20.5,88.84,959,0,0,0,0,22.400000000000002,95,3.4000000000000004
2010,11,20,2,30,95.99000000000001,0.14,3.6,0,0,0,0,20.5,88.61,960,0,0,0,0,22.5,93,3.5
2010,11,20,3,30,81.8,0.14,3.7,46,342,95,0,20.5,82.77,961,46,342,0,95,23.6,89,4
2010,11,20,4,30,67.92,0.14,3.7,83,662,332,0,20.1,71.44,961,83,662,0,332,25.700000000000003,85,4.5
2010,11,20,5,30,54.32,0.14,3.7,102,802,570,3,19.6,58.94,961,196,0,0,196,28.400000000000002,81,4.6000000000000005
2010,11,20,6,30,41.44,0.14,3.7,114,873,768,3,19,48.78,960,148,0,0,148,31,79,4.4
2010,11,20,7,30,30.240000000000002,0.14,3.7,121,910,907,3,18.2,40.89,959,463,114,0,561,33.300000000000004,78,4.1000000000000005
2010,11,20,8,30,23.36,0.14,3.8000000000000003,125,922,972,0,17.5,35.61,958,125,922,0,972,34.9,78,3.8000000000000003
2010,11,20,9,30,24.71,0.14,3.8000000000000003,126,917,959,2,16.8,32.47,956,500,172,0,657,35.800000000000004,79,3.5
2010,11,20,10,30,33.3,0.14,3.8000000000000003,124,892,870,0,16.3,30.73,955,124,892,0,870,36.2,81,3.4000000000000004
2010,11,20,11,30,45.17,0.14,3.8000000000000003,119,839,711,0,15.8,30.37,954,119,839,0,711,35.9,84,3.2
2010,11,20,12,30,58.33,0.14,3.8000000000000003,109,736,496,0,15.5,31.32,954,109,736,0,496,35,85,3.1
2010,11,20,13,30,72.04,0.14,3.9000000000000004,84,548,253,3,15.4,33.67,955,109,2,0,109,33.6,86,2.6
2010,11,20,14,30,85.91,0.14,3.9000000000000004,28,142,38,5,15.600000000000001,37.95,955,12,0,7,12,31.700000000000003,90,1.8
2010,11,20,15,30,100.18,0.14,3.9000000000000004,0,0,0,8,16.6,43.86,956,0,0,0,0,30.3,101,1.6
2010,11,20,16,30,114.27,0.14,4,0,0,0,4,16.7,46.02,957,0,0,0,0,29.5,115,2.6
2010,11,20,17,30,128.21,0.14,4.1000000000000005,0,0,0,4,16.7,49.07,958,0,0,0,0,28.400000000000002,125,3.9000000000000004
2010,11,20,18,30,141.73,0.14,4.1000000000000005,0,0,0,4,17.5,56.34,958,0,0,0,0,26.900000000000002,128,4.4
2010,11,20,19,30,154.09,0.14,4.1000000000000005,0,0,0,4,18.5,65.6,958,0,0,0,0,25.400000000000002,125,4.3
2010,11,20,20,30,162.5,0.14,4.1000000000000005,0,0,0,3,19.200000000000003,73.27,958,0,0,0,0,24.3,121,4
2010,11,20,21,30,160.78,0.14,4.1000000000000005,0,0,0,3,19.6,78.82000000000001,957,0,0,0,0,23.5,118,3.7
2010,11,20,22,30,150.66,0.14,4.1000000000000005,0,0,0,0,19.900000000000002,82,957,0,0,0,0,23.1,115,3.6
2010,11,20,23,30,137.83,0.14,4.1000000000000005,0,0,0,0,20,84.98,957,0,0,0,0,22.700000000000003,113,3.5
2010,11,21,0,30,124.14,0.14,4,0,0,0,0,20.200000000000003,87.04,957,0,0,0,0,22.5,113,3.4000000000000004
2010,11,21,1,30,110.15,0.14,4,0,0,0,0,20.400000000000002,88.69,958,0,0,0,0,22.400000000000002,114,3.2
2010,11,21,2,30,96.05,0.14,3.9000000000000004,0,0,0,0,20.6,89.73,958,0,0,0,0,22.400000000000002,115,3.2
2010,11,21,3,30,81.88,0.14,3.9000000000000004,51,280,90,0,20.8,85.31,959,51,280,0,90,23.400000000000002,113,3.7
2010,11,21,4,30,68.02,0.14,3.9000000000000004,97,603,323,0,20.6,73.4,959,97,603,0,323,25.700000000000003,109,4.3
2010,11,21,5,30,54.45,0.14,3.8000000000000003,119,757,559,0,20.1,60.370000000000005,959,119,757,0,559,28.5,105,4.4
2010,11,21,6,30,41.6,0.14,3.8000000000000003,118,862,763,0,19.5,49.79,959,118,862,0,763,31.200000000000003,102,4.3
2010,11,21,7,30,30.45,0.14,3.9000000000000004,125,900,901,0,18.7,41.94,958,125,900,0,901,33.4,100,4.1000000000000005
2010,11,21,8,30,23.59,0.14,3.9000000000000004,127,918,968,0,17.900000000000002,36.65,956,127,918,0,968,34.9,99,3.9000000000000004
2010,11,21,9,30,24.89,0.14,4,162,859,941,0,17.2,33.53,955,162,859,0,941,35.7,100,3.7
2010,11,21,10,30,33.410000000000004,0.14,4.1000000000000005,155,835,852,0,16.7,32.4,954,155,835,0,852,35.800000000000004,101,3.6
2010,11,21,11,30,45.22,0.14,4.2,148,773,693,0,16.5,32.63,953,148,773,0,693,35.4,103,3.5
2010,11,21,12,30,58.34,0.14,4.3,133,663,481,0,16.5,34.94,953,133,663,0,481,34.2,105,3.4000000000000004
2010,11,21,13,30,72.02,0.14,4.5,102,455,242,2,16.8,38.92,954,124,4,0,125,32.6,107,3.3000000000000003
2010,11,21,14,30,85.87,0.14,4.6000000000000005,29,67,34,7,17.3,43.68,955,32,1,7,32,31.1,111,3.1
2010,11,21,15,30,100.12,0.14,4.7,0,0,0,7,17.8,48.25,955,0,0,0,0,29.900000000000002,117,3.2
2010,11,21,16,30,114.19,0.14,4.7,0,0,0,4,18.1,52.34,956,0,0,0,0,28.8,123,3.8000000000000003
2010,11,21,17,30,128.11,0.14,4.6000000000000005,0,0,0,8,18,55.93,957,0,0,0,0,27.6,124,4.4
2010,11,21,18,30,141.6,0.14,4.6000000000000005,0,0,0,9,17.900000000000002,59.32,957,0,0,0,0,26.5,124,4.5
2010,11,21,19,30,153.9,0.14,4.5,0,0,0,6,18.1,64.05,957,0,0,0,0,25.400000000000002,123,4.3
2010,11,21,20,30,162.27,0.14,4.4,0,0,0,6,18.6,69.49,957,0,0,0,0,24.5,124,4
2010,11,21,21,30,160.62,0.14,4.3,0,0,0,7,19.1,75.33,956,0,0,0,0,23.700000000000003,124,3.7
2010,11,21,22,30,150.6,0.14,4.2,0,0,0,3,19.6,80.06,956,0,0,0,0,23.200000000000003,123,3.4000000000000004
2010,11,21,23,30,137.81,0.14,4,0,0,0,0,20,84.15,956,0,0,0,0,22.8,122,3.1
2010,11,22,0,30,124.16,0.13,3.9000000000000004,0,0,0,0,20.3,87.05,956,0,0,0,0,22.6,121,2.9000000000000004
2010,11,22,1,30,110.19,0.13,3.7,0,0,0,0,20.6,90.33,957,0,0,0,0,22.3,120,2.8000000000000003
2010,11,22,2,30,96.11,0.13,3.6,0,0,0,0,20.8,91.47,957,0,0,0,0,22.3,119,2.8000000000000003
2010,11,22,3,30,81.96000000000001,0.13,3.5,53,251,88,0,20.900000000000002,86.85000000000001,958,53,251,0,88,23.200000000000003,117,3.3000000000000003
2010,11,22,4,30,68.12,0.13,3.5,104,578,320,0,20.3,73.41,959,104,578,0,320,25.400000000000002,115,3.7
2010,11,22,5,30,54.58,0.13,3.5,131,731,555,0,18.8,56.4,959,131,731,0,555,28.3,113,4
2010,11,22,6,30,41.76,0.13,3.5,150,807,751,0,16.900000000000002,42.33,959,150,807,0,751,31.200000000000003,111,4.1000000000000005
2010,11,22,7,30,30.650000000000002,0.13,3.5,161,847,890,0,15.9,34.87,958,161,847,0,890,33.5,110,3.9000000000000004
2010,11,22,8,30,23.81,0.13,3.5,166,864,957,0,15.5,31.1,956,166,864,0,957,35.1,110,3.7
2010,11,22,9,30,25.07,0.13,3.6,175,845,940,0,15.200000000000001,29.09,955,175,845,0,940,36,111,3.5
2010,11,22,10,30,33.5,0.13,3.6,179,803,849,0,15.100000000000001,28.32,954,179,803,0,849,36.300000000000004,114,3.4000000000000004
2010,11,22,11,30,45.26,0.13,3.7,174,729,688,0,14.9,29.02,953,174,729,0,688,35.7,117,3.5
2010,11,22,12,30,58.34,0.13,3.7,201,491,459,0,14.9,31.04,953,201,491,0,459,34.5,121,3.5
2010,11,22,13,30,72,0.13,3.9000000000000004,139,285,227,3,15.200000000000001,34.4,953,91,0,0,91,33,125,3.3000000000000003
2010,11,22,14,30,85.83,0.13,4,26,16,27,3,15.8,39.51,954,18,0,7,18,31.200000000000003,129,3.1
2010,11,22,15,30,100.06,0.13,4,0,0,0,3,16.6,45.01,955,0,0,0,0,29.8,133,3.3000000000000003
2010,11,22,16,30,114.11,0.13,4.1000000000000005,0,0,0,6,16.900000000000002,49.22,956,0,0,0,0,28.6,136,3.8000000000000003
2010,11,22,17,30,128,0.13,4.1000000000000005,0,0,0,6,17.2,53.9,957,0,0,0,0,27.3,136,4.3
2010,11,22,18,30,141.46,0.13,4.1000000000000005,0,0,0,6,17.400000000000002,59.18,957,0,0,0,0,26,134,4.5
2010,11,22,19,30,153.72,0.13,4.2,0,0,0,7,18.1,65.93,957,0,0,0,0,24.900000000000002,131,4.2
2010,11,22,20,30,162.05,0.13,4.1000000000000005,0,0,0,3,19,73.18,957,0,0,0,0,24.1,129,3.9000000000000004
2010,11,22,21,30,160.47,0.13,4,0,0,0,3,19.700000000000003,79.3,957,0,0,0,0,23.5,128,3.6
2010,11,22,22,30,150.54,0.13,3.9000000000000004,0,0,0,1,20,82.93,956,0,0,0,0,23.1,128,3.2
2010,11,22,23,30,137.8,0.13,3.8000000000000003,0,0,0,0,20.200000000000003,85.84,956,0,0,0,0,22.700000000000003,127,2.9000000000000004
2010,11,23,0,30,124.18,0.13,3.6,0,0,0,0,20.5,88.89,956,0,0,0,0,22.400000000000002,127,2.5
2010,11,23,1,30,110.24000000000001,0.13,3.5,0,0,0,0,20.8,91.55,957,0,0,0,0,22.200000000000003,127,2.3000000000000003
2010,11,23,2,30,96.18,0.13,3.4000000000000004,0,0,0,0,20.700000000000003,91.39,958,0,0,0,0,22.200000000000003,128,2.3000000000000003
2010,11,23,3,30,82.04,0.13,3.3000000000000003,49,296,90,0,20.6,86.41,959,49,296,0,90,23,129,2.6
2010,11,23,4,30,68.23,0.13,3.3000000000000003,91,633,326,0,20.200000000000003,74.95,960,91,633,0,326,25,131,2.9000000000000004
2010,11,23,5,30,54.71,0.13,3.2,111,786,565,0,19.200000000000003,59.04,960,111,786,0,565,27.900000000000002,133,2.9000000000000004
2010,11,23,6,30,41.92,0.13,3.2,121,867,765,0,17.2,43.730000000000004,959,121,867,0,765,31,133,3
2010,11,23,7,30,30.84,0.13,3.2,130,902,905,0,15.600000000000001,34.43,959,130,902,0,905,33.4,133,3
2010,11,23,8,30,24.03,0.13,3.3000000000000003,134,915,970,0,15,30.12,957,134,915,0,970,35.1,134,2.9000000000000004
2010,11,23,9,30,25.240000000000002,0.13,3.3000000000000003,171,855,945,0,14.8,28.29,956,171,855,0,945,36,136,2.8000000000000003
2010,11,23,10,30,33.59,0.13,3.3000000000000003,167,827,856,0,14.600000000000001,27.67,955,167,827,0,856,36.2,137,2.6
2010,11,23,11,30,45.300000000000004,0.13,3.3000000000000003,158,768,698,0,14.4,27.810000000000002,954,158,768,0,698,35.9,138,2.5
2010,11,23,12,30,58.35,0.13,3.4000000000000004,138,665,487,0,14.4,29.26,954,138,665,0,487,34.9,138,2.4000000000000004
2010,11,23,13,30,71.98,0.13,3.5,101,476,248,0,14.5,32.15,954,101,476,0,248,33.4,139,2
2010,11,23,14,30,85.79,0.13,3.5,30,88,37,0,15.700000000000001,38.75,955,30,88,0,37,31.400000000000002,144,1.4000000000000001
2010,11,23,15,30,100,0.13,3.5,0,0,0,3,17.6,47.870000000000005,956,0,0,0,0,29.8,148,1.5
2010,11,23,16,30,114.02,0.13,3.5,0,0,0,0,17.6,50.910000000000004,957,0,0,0,0,28.8,149,2.4000000000000004
2010,11,23,17,30,127.89,0.13,3.5,0,0,0,0,17.6,54.28,958,0,0,0,0,27.700000000000003,146,3.4000000000000004
2010,11,23,18,30,141.32,0.13,3.5,0,0,0,0,18.1,60.230000000000004,958,0,0,0,0,26.400000000000002,143,3.6
2010,11,23,19,30,153.54,0.13,3.5,0,0,0,0,18.8,67.96000000000001,958,0,0,0,0,25.1,138,3.2
2010,11,23,20,30,161.83,0.13,3.4000000000000004,0,0,0,1,19.3,74.35000000000001,958,0,0,0,0,24.200000000000003,131,2.6
2010,11,23,21,30,160.32,0.13,3.4000000000000004,0,0,0,0,19.8,79.52,958,0,0,0,0,23.5,123,2.1
2010,11,23,22,30,150.48,0.13,3.3000000000000003,0,0,0,0,20,83.89,957,0,0,0,0,22.900000000000002,117,1.9000000000000001
2010,11,23,23,30,137.8,0.13,3.2,0,0,0,0,20.200000000000003,87.61,957,0,0,0,0,22.400000000000002,111,1.8
2010,11,24,0,30,124.21000000000001,0.13,3.1,0,0,0,0,20.400000000000002,90.64,957,0,0,0,0,22,105,1.8
2010,11,24,1,30,110.28,0.13,3.1,0,0,0,0,20.5,93.7,958,0,0,0,0,21.6,99,1.9000000000000001
2010,11,24,2,30,96.25,0.13,3,0,0,0,0,20.700000000000003,94.34,958,0,0,0,0,21.6,92,2.2
2010,11,24,3,30,82.13,0.13,2.9000000000000004,52,258,87,0,20.8,87.22,959,52,258,0,87,23,91,3
2010,11,24,4,30,68.33,0.13,2.9000000000000004,105,583,320,0,20.1,70.27,960,105,583,0,320,25.900000000000002,95,3.7
2010,11,24,5,30,54.84,0.13,2.9000000000000004,133,734,556,0,17.400000000000002,49.33,961,133,734,0,556,29.1,96,3.8000000000000003
2010,11,24,6,30,42.08,0.13,2.9000000000000004,150,816,755,0,15,35.89,960,150,816,0,755,32,94,3.8000000000000003
2010,11,24,7,30,31.04,0.13,2.9000000000000004,159,861,896,0,14.100000000000001,30.05,960,159,861,0,896,34.1,91,3.6
2010,11,24,8,30,24.25,0.13,2.9000000000000004,163,878,964,0,13.600000000000001,26.810000000000002,958,163,878,0,964,35.6,90,3.4000000000000004
2010,11,24,9,30,25.400000000000002,0.13,2.9000000000000004,155,888,957,0,13.3,24.98,957,155,888,0,957,36.5,92,3.3000000000000003
2010,11,24,10,30,33.68,0.13,2.9000000000000004,152,861,868,0,13.100000000000001,24.27,956,152,861,0,868,36.800000000000004,95,3.3000000000000003
2010,11,24,11,30,45.33,0.13,3,143,804,708,1,13,24.47,955,143,804,0,708,36.5,99,3.3000000000000003
2010,11,24,12,30,58.34,0.13,3,110,749,504,0,12.9,25.79,955,110,749,0,504,35.5,102,3.2
2010,11,24,13,30,71.95,0.13,3.1,86,561,259,7,13.200000000000001,28.76,955,141,325,7,241,33.800000000000004,105,2.6
2010,11,24,14,30,85.74,0.13,3.2,30,143,40,7,14.3,35.03,956,37,7,7,37,31.6,113,1.8
2010,11,24,15,30,99.93,0.13,3.3000000000000003,0,0,0,3,15.8,42.39,957,0,0,0,0,30,124,2
2010,11,24,16,30,113.94,0.13,3.3000000000000003,0,0,0,3,15.9,45.07,958,0,0,0,0,29,133,3.2
2010,11,24,17,30,127.78,0.13,3.4000000000000004,0,0,0,3,16.5,50.85,959,0,0,0,0,27.6,138,4.1000000000000005
2010,11,24,18,30,141.19,0.13,3.4000000000000004,0,0,0,0,17.6,59.79,960,0,0,0,0,26,139,4.3
2010,11,24,19,30,153.37,0.13,3.4000000000000004,0,0,0,0,18.5,68.47,960,0,0,0,0,24.700000000000003,135,3.8000000000000003
2010,11,24,20,30,161.62,0.13,3.4000000000000004,0,0,0,0,19.200000000000003,74.78,960,0,0,0,0,23.900000000000002,129,3.3000000000000003
2010,11,24,21,30,160.18,0.13,3.3000000000000003,0,0,0,0,19.5,79.3,959,0,0,0,0,23.3,120,3
2010,11,24,22,30,150.43,0.13,3.3000000000000003,0,0,0,0,19.8,82.55,959,0,0,0,0,22.900000000000002,113,3.1
2010,11,24,23,30,137.8,0.13,3.3000000000000003,0,0,0,0,20.1,85.56,959,0,0,0,0,22.6,107,3.3000000000000003
2010,11,25,0,30,124.24000000000001,0.14,3.2,0,0,0,0,20.3,88.48,960,0,0,0,0,22.3,103,3.4000000000000004
2010,11,25,1,30,110.34,0.14,3.2,0,0,0,0,20.5,90.55,960,0,0,0,0,22.1,101,3.4000000000000004
2010,11,25,2,30,96.32000000000001,0.14,3.2,0,0,0,0,20.6,91.65,961,0,0,0,0,22,98,3.4000000000000004
2010,11,25,3,30,82.22,0.14,3.1,58,165,80,0,20.700000000000003,87.75,962,58,165,0,80,22.8,95,4
2010,11,25,4,30,68.44,0.14,3.1,123,505,309,0,20.1,74.45,962,123,505,0,309,25,93,4.7
2010,11,25,5,30,54.97,0.14,3,148,695,547,3,18.7,57.83,962,290,27,0,306,27.8,91,5
2010,11,25,6,30,42.24,0.14,3,153,809,752,0,17.5,45.550000000000004,962,153,809,0,752,30.6,88,5
2010,11,25,7,30,31.23,0.14,3,161,856,893,0,16.8,38.33,961,161,856,0,893,32.800000000000004,84,4.800000000000001
2010,11,25,8,30,24.46,0.14,3,164,877,962,0,16.1,33.480000000000004,959,164,877,0,962,34.5,80,4.5
2010,11,25,9,30,25.560000000000002,0.14,3,193,830,941,0,15.5,30.6,958,193,830,0,941,35.4,78,4.2
2010,11,25,10,30,33.76,0.14,3.1,191,793,850,0,15,29.07,956,191,793,0,850,35.7,78,4
2010,11,25,11,30,45.36,0.14,3.1,177,735,693,0,14.5,28.78,956,177,735,0,693,35.4,80,3.9000000000000004
2010,11,25,12,30,58.34,0.14,3.2,151,635,484,3,14.200000000000001,29.57,955,264,28,7,279,34.5,84,3.8000000000000003
2010,11,25,13,30,71.92,0.14,3.2,111,437,246,3,14.100000000000001,31.8,956,134,4,7,135,33.1,89,3.4000000000000004
2010,11,25,14,30,85.69,0.14,3.3000000000000003,31,59,35,3,14.3,35.67,957,32,0,7,32,31.3,98,2.7
2010,11,25,15,30,99.86,0.14,3.3000000000000003,0,0,0,3,14.9,40.47,958,0,0,0,0,29.8,111,2.8000000000000003
2010,11,25,16,30,113.85000000000001,0.14,3.4000000000000004,0,0,0,0,15.5,44.95,959,0,0,0,0,28.6,122,3.6
2010,11,25,17,30,127.67,0.14,3.4000000000000004,0,0,0,0,16.6,52.24,960,0,0,0,0,27.200000000000003,127,4.2
2010,11,25,18,30,141.05,0.14,3.5,0,0,0,0,17.8,61.68,960,0,0,0,0,25.700000000000003,125,4.5
2010,11,25,19,30,153.19,0.14,3.4000000000000004,0,0,0,0,18.8,70.44,960,0,0,0,0,24.5,118,4.4
2010,11,25,20,30,161.41,0.14,3.3000000000000003,0,0,0,0,19.200000000000003,76.53,960,0,0,0,0,23.6,112,4
2010,11,25,21,30,160.04,0.14,3.2,0,0,0,0,19.400000000000002,80.35000000000001,960,0,0,0,0,23,107,3.7
2010,11,25,22,30,150.38,0.14,3.1,0,0,0,0,19.6,83.10000000000001,959,0,0,0,0,22.6,104,3.6
2010,11,25,23,30,137.8,0.14,3,0,0,0,0,19.8,86.35000000000001,959,0,0,0,0,22.200000000000003,100,3.6
2010,11,26,0,30,124.27,0.14,2.9000000000000004,0,0,0,0,20,88.96000000000001,960,0,0,0,0,21.900000000000002,98,3.6
2010,11,26,1,30,110.39,0.14,2.8000000000000003,0,0,0,0,20,90.60000000000001,960,0,0,0,0,21.6,96,3.5
2010,11,26,2,30,96.39,0.14,2.7,0,0,0,0,19.900000000000002,90.72,961,0,0,0,0,21.5,93,3.6
2010,11,26,3,30,82.31,0.14,2.8000000000000003,54,219,83,0,19.900000000000002,86.23,961,54,219,0,83,22.3,90,4.3
2010,11,26,4,30,68.55,0.14,2.8000000000000003,111,557,315,1,19.5,74.09,962,111,557,0,315,24.400000000000002,87,5.1000000000000005
2010,11,26,5,30,55.1,0.14,2.9000000000000004,141,714,550,0,18.5,59.370000000000005,962,141,714,0,550,27.1,85,5.4
2010,11,26,6,30,42.39,0.14,2.9000000000000004,161,795,748,1,17.5,47.7,962,161,795,0,748,29.8,84,5.300000000000001
2010,11,26,7,30,31.42,0.14,3,175,833,886,1,16.7,39.99,961,175,833,0,886,32,82,5
2010,11,26,8,30,24.66,0.14,3,177,858,956,0,16,34.95,960,177,858,0,956,33.6,81,4.5
2010,11,26,9,30,25.71,0.14,3,190,834,941,0,15.200000000000001,31.62,959,190,834,0,941,34.5,78,4
2010,11,26,10,30,33.84,0.14,3,178,816,856,0,14.5,29.6,957,178,816,0,856,34.800000000000004,75,3.6
2010,11,26,11,30,45.38,0.14,3,163,765,701,0,13.9,28.97,957,163,765,0,701,34.5,74,3.3000000000000003
2010,11,26,12,30,58.33,0.14,3,156,626,485,0,13.5,29.740000000000002,957,156,626,0,485,33.6,74,3
2010,11,26,13,30,71.88,0.14,3,113,434,248,0,13.5,32.33,957,113,434,0,248,32.1,76,2.3000000000000003
2010,11,26,14,30,85.63,0.14,3.1,32,64,37,0,14.5,39.160000000000004,957,32,64,0,37,29.900000000000002,84,1.5
2010,11,26,15,30,99.78,0.14,3.1,0,0,0,1,16.3,48.06,958,0,0,0,0,28.3,95,1.4000000000000001
2010,11,26,16,30,113.75,0.14,3.1,0,0,0,0,16.5,51.39,959,0,0,0,0,27.400000000000002,105,1.8
2010,11,26,17,30,127.56,0.14,3.1,0,0,0,1,16.8,55.230000000000004,959,0,0,0,0,26.5,116,2.5
2010,11,26,18,30,140.91,0.14,3.1,0,0,0,1,17.400000000000002,61.07,960,0,0,0,0,25.400000000000002,124,3
2010,11,26,19,30,153.01,0.14,3.1,0,0,0,0,18.2,68.73,960,0,0,0,0,24.3,127,3.3000000000000003
2010,11,26,20,30,161.21,0.14,3.1,0,0,0,0,19,76.91,960,0,0,0,0,23.3,127,3.3000000000000003
2010,11,26,21,30,159.91,0.14,3.1,0,0,0,0,19.6,83.78,959,0,0,0,0,22.5,123,3.1
2010,11,26,22,30,150.33,0.14,3.1,0,0,0,0,20,88.22,959,0,0,0,0,22,117,2.9000000000000004
2010,11,26,23,30,137.8,0.14,3.1,0,0,0,0,20.1,90.77,959,0,0,0,0,21.700000000000003,111,3
2010,11,27,0,30,124.31,0.14,3,0,0,0,0,20.1,92.24,959,0,0,0,0,21.400000000000002,105,3.2
2010,11,27,1,30,110.45,0.14,3,0,0,0,0,20,93.04,960,0,0,0,0,21.200000000000003,99,3.3000000000000003
2010,11,27,2,30,96.47,0.14,2.9000000000000004,0,0,0,0,19.900000000000002,93.48,961,0,0,0,0,21,91,3.5
2010,11,27,3,30,82.4,0.14,2.8000000000000003,59,142,78,0,19.700000000000003,87.84,962,59,142,0,78,21.8,84,4.3
2010,11,27,4,30,68.67,0.14,2.7,126,495,306,0,18.8,73.34,962,126,495,0,306,23.900000000000002,79,4.9
2010,11,27,5,30,55.230000000000004,0.14,2.7,152,690,546,0,17.6,58.33,962,152,690,0,546,26.400000000000002,75,5
2010,11,27,6,30,42.550000000000004,0.14,2.6,161,801,751,0,16.3,46.38,962,161,801,0,751,29,71,4.6000000000000005
2010,11,27,7,30,31.61,0.14,2.5,166,860,898,0,15.100000000000001,37.61,961,166,860,0,898,31.3,66,4
2010,11,27,8,30,24.86,0.14,2.4000000000000004,167,886,971,0,14,31.78,960,167,886,0,971,33,59,3.5
2010,11,27,9,30,25.85,0.14,2.4000000000000004,163,887,962,0,12.9,27.830000000000002,958,163,887,0,962,34.1,53,3.2
2010,11,27,10,30,33.910000000000004,0.14,2.3000000000000003,155,872,878,0,11.8,25.080000000000002,957,155,872,0,878,34.7,50,2.9000000000000004
2010,11,27,11,30,45.4,0.14,2.3000000000000003,140,828,722,0,10.9,23.51,956,140,828,0,722,34.7,50,2.7
2010,11,27,12,30,58.31,0.14,2.2,121,741,510,0,10.100000000000001,23.2,956,121,741,0,510,34,55,2.6
2010,11,27,13,30,71.84,0.14,2.2,91,560,266,2,9.600000000000001,24.96,956,176,32,0,186,32.1,61,2
2010,11,27,14,30,85.58,0.14,2.2,32,138,43,3,11.9,35.06,957,32,138,5,43,28.900000000000002,70,1.3
2010,11,27,15,30,99.71000000000001,0.14,2.2,0,0,0,1,13.5,44.72,958,0,0,0,0,26.5,78,1.2000000000000002
2010,11,27,16,30,113.66,0.14,2.2,0,0,0,3,13.100000000000001,46.44,958,0,0,0,0,25.400000000000002,81,1.4000000000000001
2010,11,27,17,30,127.45,0.14,2.2,0,0,0,0,13.100000000000001,48.9,959,0,0,0,0,24.5,87,1.5
2010,11,27,18,30,140.77,0.14,2.2,0,0,0,1,13.4,52.93,960,0,0,0,0,23.6,98,1.7000000000000002
2010,11,27,19,30,152.84,0.14,2.3000000000000003,0,0,0,1,14.200000000000001,58.22,960,0,0,0,0,22.8,111,1.9000000000000001
2010,11,27,20,30,161.01,0.14,2.5,0,0,0,0,15.4,65.67,960,0,0,0,0,22.1,119,2.3000000000000003
2010,11,27,21,30,159.78,0.14,2.5,0,0,0,0,16.900000000000002,74.47,959,0,0,0,0,21.6,120,2.6
2010,11,27,22,30,150.29,0.14,2.5,0,0,0,0,18.3,83.84,959,0,0,0,0,21.1,116,2.6
2010,11,27,23,30,137.81,0.14,2.5,0,0,0,0,19.3,91.42,959,0,0,0,0,20.700000000000003,108,2.7
2010,11,28,0,30,124.35000000000001,0.14,2.4000000000000004,0,0,0,0,19.8,95.97,959,0,0,0,0,20.5,101,2.8000000000000003
2010,11,28,1,30,110.51,0.14,2.3000000000000003,0,0,0,0,20.1,98.33,960,0,0,0,0,20.400000000000002,96,3
2010,11,28,2,30,96.55,0.14,2.2,0,0,0,0,20.1,99.07000000000001,960,0,0,0,0,20.3,90,3.3000000000000003
2010,11,28,3,30,82.5,0.14,2.2,55,203,82,0,20.1,92.16,961,55,203,0,82,21.400000000000002,85,4
2010,11,28,4,30,68.78,0.14,2.1,112,566,317,0,19.700000000000003,77.22,962,112,566,0,317,23.900000000000002,81,4.800000000000001
2010,11,28,5,30,55.370000000000005,0.14,2.1,133,751,560,0,18.3,59.39,962,133,751,0,560,26.900000000000002,77,5.1000000000000005
2010,11,28,6,30,42.71,0.14,2.1,142,850,766,0,16.6,45.07,961,142,850,0,766,29.8,73,4.800000000000001
2010,11,28,7,30,31.79,0.14,2.1,146,900,912,0,14.8,35.09,960,146,900,0,912,32.1,69,4.3
2010,11,28,8,30,25.05,0.14,2.1,148,921,983,0,12.9,28.51,959,148,921,0,983,33.7,64,3.8000000000000003
2010,11,28,9,30,25.990000000000002,0.14,2.1,138,935,978,0,11.5,24.52,958,138,935,0,978,34.7,61,3.3000000000000003
2010,11,28,10,30,33.97,0.14,2.2,131,915,889,0,10.600000000000001,22.580000000000002,957,131,915,0,889,35.1,62,2.9000000000000004
2010,11,28,11,30,45.410000000000004,0.14,2.2,120,873,733,0,10,21.830000000000002,956,120,873,0,733,35,64,2.7
2010,11,28,12,30,58.29,0.14,2.3000000000000003,103,789,518,0,9.600000000000001,22.26,956,103,789,0,518,34.2,68,2.6
2010,11,28,13,30,71.8,0.14,2.3000000000000003,79,622,273,0,9.4,24.19,956,79,622,0,273,32.5,72,2.1
2010,11,28,14,30,85.52,0.14,2.3000000000000003,31,202,46,0,11,32.08,957,31,202,0,46,29.400000000000002,78,1.4000000000000001
2010,11,28,15,30,99.63,0.14,2.3000000000000003,0,0,0,3,12.4,40.04,958,0,0,0,0,27.200000000000003,82,1.3
2010,11,28,16,30,113.56,0.14,2.4000000000000004,0,0,0,3,11.700000000000001,39.52,959,0,0,0,0,26.6,82,1.6
2010,11,28,17,30,127.33,0.14,2.4000000000000004,0,0,0,1,11.4,40.230000000000004,959,0,0,0,0,26,84,1.8
2010,11,28,18,30,140.63,0.14,2.4000000000000004,0,0,0,0,11.700000000000001,42.71,959,0,0,0,0,25.3,89,2.1
2010,11,28,19,30,152.67000000000002,0.14,2.5,0,0,0,0,12.4,46.5,959,0,0,0,0,24.6,97,2.4000000000000004
2010,11,28,20,30,160.82,0.14,2.5,0,0,0,0,13.700000000000001,53.44,959,0,0,0,0,23.700000000000003,103,2.7
2010,11,28,21,30,159.66,0.14,2.6,0,0,0,0,15.4,62.9,959,0,0,0,0,22.8,105,2.7
2010,11,28,22,30,150.26,0.14,2.6,0,0,0,0,16.900000000000002,73.08,959,0,0,0,0,21.900000000000002,103,2.4000000000000004
2010,11,28,23,30,137.83,0.14,2.6,0,0,0,0,18,82,959,0,0,0,0,21.200000000000003,98,2.3000000000000003
2010,11,29,0,30,124.39,0.14,2.5,0,0,0,0,18.900000000000002,89.89,959,0,0,0,0,20.6,92,2.3000000000000003
2010,11,29,1,30,110.58,0.14,2.5,0,0,0,0,19.5,95.10000000000001,960,0,0,0,0,20.3,84,2.5
2010,11,29,2,30,96.63,0.14,2.4000000000000004,0,0,0,0,19.8,96.42,960,0,0,0,0,20.400000000000002,77,3
2010,11,29,3,30,82.59,0.14,2.3000000000000003,49,280,85,0,19.900000000000002,90.3,961,49,280,0,85,21.6,72,3.9000000000000004
2010,11,29,4,30,68.89,0.14,2.2,93,638,323,0,19.6,74.03,961,93,638,0,323,24.5,68,4.7
2010,11,29,5,30,55.5,0.14,2.2,113,800,566,0,17.900000000000002,54.34,961,113,800,0,566,28,63,4.800000000000001
2010,11,29,6,30,42.87,0.14,2.2,126,878,769,0,15.700000000000001,39.63,961,126,878,0,769,31,59,4.5
2010,11,29,7,30,31.98,0.14,2.2,134,918,913,0,13.9,31.28,960,134,918,0,913,33.1,55,4.1000000000000005
2010,11,29,8,30,25.240000000000002,0.14,2.2,138,935,983,0,12.600000000000001,26.47,958,138,935,0,983,34.6,52,3.6
2010,11,29,9,30,26.12,0.14,2.2,135,934,975,0,11.600000000000001,23.56,957,135,934,0,975,35.5,51,3.1
2010,11,29,10,30,34.03,0.14,2.2,130,914,888,0,10.8,21.72,956,130,914,0,888,36,53,2.8000000000000003
2010,11,29,11,30,45.42,0.14,2.3000000000000003,121,866,729,0,10.100000000000001,21.05,955,121,866,0,729,35.800000000000004,56,2.6
2010,11,29,12,30,58.27,0.14,2.3000000000000003,107,778,516,0,9.700000000000001,21.21,955,107,778,0,516,35.1,61,2.6
2010,11,29,13,30,71.75,0.14,2.3000000000000003,82,602,271,3,9.4,23.02,955,91,0,0,91,33.300000000000004,67,2.1
2010,11,29,14,30,85.45,0.14,2.4000000000000004,32,173,45,3,10.700000000000001,30.12,956,35,1,7,35,30.1,73,1.5
2010,11,29,15,30,99.54,0.14,2.4000000000000004,0,0,0,3,11.9,37.32,956,0,0,0,0,27.8,76,1.6
2010,11,29,16,30,113.46000000000001,0.14,2.4000000000000004,0,0,0,3,11.9,39.03,957,0,0,0,0,27,75,2
2010,11,29,17,30,127.21000000000001,0.14,2.4000000000000004,0,0,0,1,12.4,43,958,0,0,0,0,25.900000000000002,76,2.3000000000000003
2010,11,29,18,30,140.49,0.14,2.4000000000000004,0,0,0,0,12.8,46.88,958,0,0,0,0,24.900000000000002,81,2.5
2010,11,29,19,30,152.5,0.14,2.5,0,0,0,0,13.4,51.9,958,0,0,0,0,23.900000000000002,89,2.7
2010,11,29,20,30,160.64000000000001,0.14,2.5,0,0,0,0,14.4,57.94,958,0,0,0,0,23.1,97,2.9000000000000004
2010,11,29,21,30,159.55,0.14,2.6,0,0,0,0,15.600000000000001,65.53,958,0,0,0,0,22.400000000000002,101,2.9000000000000004
2010,11,29,22,30,150.23,0.14,2.5,0,0,0,0,17,74.46000000000001,958,0,0,0,0,21.700000000000003,99,2.9000000000000004
2010,11,29,23,30,137.85,0.14,2.5,0,0,0,0,18.2,83.19,958,0,0,0,0,21.200000000000003,92,3
2010,11,30,0,30,124.44,0.14,2.4000000000000004,0,0,0,0,19,90.24,958,0,0,0,0,20.700000000000003,83,3.2
2010,11,30,1,30,110.64,0.14,2.3000000000000003,0,0,0,0,19.3,94.07000000000001,959,0,0,0,0,20.3,74,3.4000000000000004
2010,11,30,2,30,96.71000000000001,0.14,2.2,0,0,0,0,19.200000000000003,94.53,960,0,0,0,0,20.1,65,3.7
2010,11,30,3,30,82.69,0.14,2.1,54,192,79,0,18.8,86.39,961,54,192,0,79,21.200000000000003,59,4.6000000000000005
2010,11,30,4,30,69.01,0.14,2,107,580,315,0,17.7,68.91,961,107,580,0,315,23.8,57,5.6000000000000005
2010,11,30,5,30,55.63,0.14,2,130,758,557,0,15.9,50.58,961,130,758,0,557,27,59,5.800000000000001
2010,11,30,6,30,43.02,0.14,2,144,845,762,0,14.200000000000001,37.99,960,144,845,0,762,30.1,60,5.5
2010,11,30,7,30,32.15,0.14,2,154,888,906,0,12.9,30.5,960,154,888,0,906,32.4,59,5
2010,11,30,8,30,25.42,0.14,2,160,904,976,0,11.700000000000001,25.73,958,160,904,0,976,34.1,56,4.5
2010,11,30,9,30,26.25,0.14,2,148,920,973,0,10.8,22.84,957,148,920,0,973,35.1,53,4
2010,11,30,10,30,34.09,0.14,2,140,903,888,0,9.9,20.95,956,140,903,0,888,35.6,53,3.7
2010,11,30,11,30,45.43,0.14,2.1,128,858,730,0,9.200000000000001,20.06,955,128,858,0,730,35.5,55,3.5
2010,11,30,12,30,58.24,0.14,2.1,109,774,517,0,8.5,20.01,955,109,774,0,517,34.800000000000004,58,3.4000000000000004
2010,11,30,13,30,71.7,0.14,2.1,83,603,272,0,8.1,21.400000000000002,955,83,603,0,272,33,62,2.8000000000000003
2010,11,30,14,30,85.39,0.14,2,32,185,47,0,8.6,26.95,956,32,185,0,47,29.6,66,1.9000000000000001
2010,11,30,15,30,99.46000000000001,0.14,2,0,0,0,0,9.4,32.93,956,0,0,0,0,27.1,68,1.8
2010,11,30,16,30,113.36,0.14,2,0,0,0,3,8.700000000000001,32.95,957,0,0,0,0,26.3,66,2.1
2010,11,30,17,30,127.09,0.14,1.9000000000000001,0,0,0,0,8.200000000000001,33.44,958,0,0,0,0,25.5,64,2.4000000000000004
2010,11,30,18,30,140.35,0.14,1.9000000000000001,0,0,0,0,8,34.59,958,0,0,0,0,24.6,65,2.6
2010,11,30,19,30,152.33,0.14,1.9000000000000001,0,0,0,0,7.9,36.72,958,0,0,0,0,23.6,70,2.6
2010,11,30,20,30,160.46,0.14,1.8,0,0,0,0,8.4,39.94,958,0,0,0,0,22.700000000000003,75,2.6
2010,11,30,21,30,159.44,0.14,1.8,0,0,0,0,9.5,45.550000000000004,957,0,0,0,0,21.8,79,2.7
2010,11,30,22,30,150.21,0.14,1.8,0,0,0,0,11.4,54.08,957,0,0,0,0,21,80,2.8000000000000003
2010,11,30,23,30,137.87,0.14,1.8,0,0,0,0,13.5,65.14,957,0,0,0,0,20.3,78,2.9000000000000004
2010,12,1,0,30,124.49000000000001,0.14,1.8,0,0,0,0,15.5,76.94,957,0,0,0,0,19.700000000000003,74,3.1
2010,12,1,1,30,110.71000000000001,0.14,1.8,0,0,0,0,17.1,86.99,958,0,0,0,0,19.3,68,3.3000000000000003
2010,12,1,2,30,96.8,0.14,1.8,0,0,0,0,18,92.96000000000001,959,0,0,0,0,19.200000000000003,62,3.6
2010,12,1,3,30,82.79,0.14,1.8,53,212,79,0,18.400000000000002,87.21000000000001,960,53,212,0,79,20.6,57,4.800000000000001
2010,12,1,4,30,69.13,0.14,1.8,103,600,316,0,17.900000000000002,71.12,961,103,600,0,316,23.400000000000002,56,5.9
2010,12,1,5,30,55.77,0.14,1.8,124,777,561,0,16.2,52.69,961,124,777,0,561,26.700000000000003,57,6
2010,12,1,6,30,43.18,0.14,1.7000000000000002,138,865,769,0,14.600000000000001,39.83,960,138,865,0,769,29.700000000000003,57,5.7
2010,12,1,7,30,32.33,0.14,1.7000000000000002,148,906,914,0,13.100000000000001,31.470000000000002,959,148,906,0,914,32.1,55,5.2
2010,12,1,8,30,25.6,0.14,1.8,154,919,982,0,11.5,25.55,958,154,919,0,982,34,51,4.7
2010,12,1,9,30,26.37,0.14,1.8,152,920,976,0,10,21.580000000000002,956,152,920,0,976,35.2,48,4.3
2010,12,1,10,30,34.13,0.14,1.8,147,898,890,0,8.700000000000001,19.2,955,147,898,0,890,35.7,48,4
2010,12,1,11,30,45.43,0.14,1.8,136,850,732,0,7.7,17.92,954,136,850,0,732,35.7,49,3.8000000000000003
2010,12,1,12,30,58.21,0.14,1.8,119,758,519,0,6.9,17.71,954,119,758,0,519,35,52,3.7
2010,12,1,13,30,71.65,0.14,1.8,93,569,272,0,6.4,19.16,955,93,569,0,272,33,56,2.9000000000000004
2010,12,1,14,30,85.32000000000001,0.14,1.8,35,140,47,0,7,24.17,956,35,140,0,47,29.6,61,2
2010,12,1,15,30,99.37,0.14,1.8,0,0,0,0,7.800000000000001,29.64,956,0,0,0,0,27,62,1.8
2010,12,1,16,30,113.26,0.14,1.8,0,0,0,0,7.300000000000001,30.28,957,0,0,0,0,26.1,60,2.1
2010,12,1,17,30,126.97,0.14,1.7000000000000002,0,0,0,0,7.1000000000000005,31.45,958,0,0,0,0,25.200000000000003,58,2.2
2010,12,1,18,30,140.21,0.14,1.7000000000000002,0,0,0,0,7,33.25,958,0,0,0,0,24.200000000000003,58,2.2
2010,12,1,19,30,152.16,0.14,1.7000000000000002,0,0,0,0,7.1000000000000005,35.59,958,0,0,0,0,23.200000000000003,63,2.1
2010,12,1,20,30,160.28,0.14,1.7000000000000002,0,0,0,0,7.5,38.62,958,0,0,0,0,22.3,72,2.1
2010,12,1,21,30,159.34,0.14,1.7000000000000002,0,0,0,0,8.6,43.35,958,0,0,0,0,21.6,82,2.3000000000000003
2010,12,1,22,30,150.19,0.14,1.9000000000000001,0,0,0,0,10.700000000000001,51.69,957,0,0,0,0,21,87,2.6
2010,12,1,23,30,137.89000000000001,0.14,2,0,0,0,0,13.600000000000001,64.81,958,0,0,0,0,20.400000000000002,86,2.9000000000000004
2010,12,2,0,30,124.54,0.14,2.1,0,0,0,0,16,78.44,958,0,0,0,0,19.900000000000002,78,2.9000000000000004
2010,12,2,1,30,110.79,0.14,2.2,0,0,0,0,17.8,89.65,959,0,0,0,0,19.5,68,3
2010,12,2,2,30,96.89,0.14,2.2,0,0,0,0,18.7,94.29,960,0,0,0,0,19.6,60,3.4000000000000004
2010,12,2,3,30,82.89,0.14,2.2,55,147,73,0,18.900000000000002,88.43,961,55,147,0,73,20.900000000000002,58,4.800000000000001
2010,12,2,4,30,69.24,0.14,2.2,121,515,303,0,18.3,71.7,961,121,515,0,303,23.700000000000003,59,6.300000000000001
2010,12,2,5,30,55.9,0.14,2.3000000000000003,149,699,541,0,16.8,54.61,961,149,699,0,541,26.700000000000003,61,6.5
2010,12,2,6,30,43.33,0.14,2.3000000000000003,137,851,756,0,15.5,42.59,961,137,851,0,756,29.5,61,6.1000000000000005
2010,12,2,7,30,32.5,0.14,2.3000000000000003,143,899,901,0,14.200000000000001,34.33,960,143,899,0,901,31.900000000000002,61,5.5
2010,12,2,8,30,25.76,0.14,2.3000000000000003,144,922,974,0,13,28.6,959,144,922,0,974,33.7,59,4.9
2010,12,2,9,30,26.48,0.14,2.3000000000000003,148,913,965,0,11.700000000000001,24.62,957,148,913,0,965,34.9,55,4.4
2010,12,2,10,30,34.18,0.14,2.2,141,898,884,0,10.5,22,956,141,898,0,884,35.5,51,4.1000000000000005
2010,12,2,11,30,45.42,0.14,2.2,129,855,729,0,9.5,20.62,956,129,855,0,729,35.4,49,3.9000000000000004
2010,12,2,12,30,58.17,0.14,2.2,113,768,518,0,8.6,20.22,955,113,768,0,518,34.7,49,3.7
2010,12,2,13,30,71.59,0.14,2.2,87,591,274,0,8,21.41,956,87,591,0,274,32.9,50,3
2010,12,2,14,30,85.24,0.14,2.2,34,172,48,0,8.1,26.02,956,34,172,0,48,29.6,53,2
2010,12,2,15,30,99.28,0.14,2.2,0,0,0,0,8.8,31.740000000000002,957,0,0,0,0,27,55,1.7000000000000002
2010,12,2,16,30,113.16,0.14,2.1,0,0,0,0,8.4,32.64,958,0,0,0,0,26.1,53,1.9000000000000001
2010,12,2,17,30,126.85000000000001,0.14,2.1,0,0,0,0,8.200000000000001,33.82,959,0,0,0,0,25.3,52,2.1
2010,12,2,18,30,140.07,0.14,2.1,0,0,0,0,8.200000000000001,35.67,959,0,0,0,0,24.400000000000002,53,2.1
2010,12,2,19,30,152,0.14,2.1,0,0,0,0,8.4,37.92,959,0,0,0,0,23.6,58,1.9000000000000001
2010,12,2,20,30,160.11,0.14,2.2,0,0,0,0,8.8,41.21,958,0,0,0,0,22.700000000000003,68,1.9000000000000001
2010,12,2,21,30,159.24,0.14,2.2,0,0,0,0,9.700000000000001,45.550000000000004,958,0,0,0,0,22,81,2
2010,12,2,22,30,150.17000000000002,0.14,2.3000000000000003,0,0,0,0,11.3,52.14,958,0,0,0,0,21.5,91,2.4000000000000004
2010,12,2,23,30,137.92000000000002,0.14,2.4000000000000004,0,0,0,0,13.5,62.04,958,0,0,0,0,21,94,2.7
2010,12,3,0,30,124.60000000000001,0.14,2.4000000000000004,0,0,0,0,15.600000000000001,74.06,959,0,0,0,0,20.400000000000002,91,2.8000000000000003
2010,12,3,1,30,110.86,0.14,2.5,0,0,0,0,17.1,84.16,959,0,0,0,0,19.900000000000002,84,2.8000000000000003
2010,12,3,2,30,96.98,0.14,2.4000000000000004,0,0,0,0,18,89.15,960,0,0,0,0,19.8,75,3.2
2010,12,3,3,30,83,0.14,2.4000000000000004,49,227,77,0,18.2,82.99,961,49,227,0,77,21.200000000000003,67,4.2
2010,12,3,4,30,69.36,0.14,2.4000000000000004,93,619,312,0,18.1,69.47,962,93,619,0,312,24,61,5.2
2010,12,3,5,30,56.04,0.14,2.4000000000000004,111,794,554,0,16.6,52.19,962,111,794,0,554,27.200000000000003,59,5.6000000000000005
2010,12,3,6,30,43.480000000000004,0.14,2.4000000000000004,123,876,758,0,14.600000000000001,38.85,961,123,876,0,758,30.1,59,5.4
2010,12,3,7,30,32.67,0.14,2.4000000000000004,132,914,902,0,12.9,30.52,960,132,914,0,902,32.4,58,4.9
2010,12,3,8,30,25.93,0.14,2.5,141,922,970,0,11.4,24.990000000000002,959,141,922,0,970,34.2,55,4.4
2010,12,3,9,30,26.580000000000002,0.14,2.4000000000000004,138,926,967,0,10.100000000000001,21.79,957,138,926,0,967,35.2,50,3.9000000000000004
2010,12,3,10,30,34.21,0.14,2.4000000000000004,135,903,882,0,9.200000000000001,19.830000000000002,956,135,903,0,882,35.7,47,3.7
2010,12,3,11,30,45.410000000000004,0.14,2.4000000000000004,125,858,728,0,8.3,18.84,955,125,858,0,728,35.6,46,3.5
2010,12,3,12,30,58.13,0.14,2.3000000000000003,111,769,517,0,7.6000000000000005,18.7,955,111,769,0,517,34.800000000000004,47,3.4000000000000004
2010,12,3,13,30,71.53,0.14,2.3000000000000003,82,612,276,0,6.9,19.81,956,82,612,0,276,33,49,2.7
2010,12,3,14,30,85.17,0.14,2.2,32,216,51,0,7.2,24.42,956,32,216,0,51,29.700000000000003,53,1.7000000000000002
2010,12,3,15,30,99.19,0.14,2.2,0,0,0,0,7.7,29.12,957,0,0,0,0,27.200000000000003,56,1.6
2010,12,3,16,30,113.05,0.14,2.1,0,0,0,0,7,29.27,958,0,0,0,0,26.3,55,1.9000000000000001
2010,12,3,17,30,126.73,0.14,2.1,0,0,0,0,6.4,29.72,959,0,0,0,0,25.400000000000002,55,2.2
2010,12,3,18,30,139.93,0.14,2,0,0,0,0,6.1000000000000005,30.63,959,0,0,0,0,24.5,59,2.3000000000000003
2010,12,3,19,30,151.84,0.14,2,0,0,0,0,6.1000000000000005,32.59,959,0,0,0,0,23.5,66,2.2
2010,12,3,20,30,159.95000000000002,0.14,2,0,0,0,0,6.800000000000001,35.86,958,0,0,0,0,22.700000000000003,76,2.3000000000000003
2010,12,3,21,30,159.15,0.14,2.1,0,0,0,0,8.5,42.36,958,0,0,0,0,21.900000000000002,85,2.5
2010,12,3,22,30,150.16,0.14,2.1,0,0,0,0,11.200000000000001,52.81,958,0,0,0,0,21.200000000000003,87,2.8000000000000003
2010,12,3,23,30,137.96,0.14,2.2,0,0,0,0,13.700000000000001,65,958,0,0,0,0,20.5,81,2.9000000000000004
2010,12,4,0,30,124.66,0.14,2.1,0,0,0,0,15.600000000000001,76.24,958,0,0,0,0,19.900000000000002,71,3.2
2010,12,4,1,30,110.94,0.14,2.1,0,0,0,0,16.7,84.96000000000001,959,0,0,0,0,19.3,62,3.3000000000000003
2010,12,4,2,30,97.07000000000001,0.14,2,0,0,0,0,17.2,88.58,960,0,0,0,0,19.1,55,3.5
2010,12,4,3,30,83.10000000000001,0.14,2,46,264,78,0,17.3,82.60000000000001,960,46,264,0,78,20.400000000000002,54,4.7
2010,12,4,4,30,69.48,0.14,2,93,631,314,0,17.5,69.35000000000001,961,93,631,0,314,23.400000000000002,57,6
2010,12,4,5,30,56.17,0.14,2,117,789,556,0,16.2,52.93,961,117,789,0,556,26.6,59,6.2
2010,12,4,6,30,43.63,0.14,2.1,153,822,749,0,14.4,39.550000000000004,960,153,822,0,749,29.6,60,5.6000000000000005
2010,12,4,7,30,32.83,0.14,2.2,165,864,891,0,12.9,31.35,959,165,864,0,891,32,59,4.800000000000001
2010,12,4,8,30,26.080000000000002,0.14,2.2,171,881,963,0,11.600000000000001,25.77,958,171,881,0,963,33.9,57,4.1000000000000005
2010,12,4,9,30,26.68,0.14,2.3000000000000003,178,866,952,0,10.3,22.1,957,178,866,0,952,35.1,54,3.5
2010,12,4,10,30,34.24,0.14,2.3000000000000003,177,834,867,0,9.200000000000001,19.85,956,177,834,0,867,35.7,52,3.2
2010,12,4,11,30,45.4,0.14,2.4000000000000004,167,773,710,0,8.4,18.91,955,167,773,0,710,35.6,53,3.1
2010,12,4,12,30,58.09,0.14,2.4000000000000004,170,608,491,0,7.800000000000001,18.900000000000002,955,170,608,0,491,34.9,55,3
2010,12,4,13,30,71.47,0.14,2.4000000000000004,123,417,256,0,7.4,20.45,956,123,417,0,256,33,60,2.5
2010,12,4,14,30,85.09,0.14,2.4000000000000004,38,60,43,0,7.9,25.39,956,38,60,0,43,29.8,67,1.7000000000000002
2010,12,4,15,30,99.10000000000001,0.14,2.5,0,0,0,0,8.6,30.560000000000002,957,0,0,0,0,27.400000000000002,72,1.6
2010,12,4,16,30,112.94,0.14,2.6,0,0,0,0,8.4,31.39,958,0,0,0,0,26.700000000000003,73,1.9000000000000001
2010,12,4,17,30,126.61,0.14,2.6,0,0,0,0,8.4,32.61,958,0,0,0,0,26.1,76,2.2
2010,12,4,18,30,139.79,0.14,2.8000000000000003,0,0,0,0,8.8,34.9,958,0,0,0,0,25.400000000000002,83,2.5
2010,12,4,19,30,151.68,0.14,2.9000000000000004,0,0,0,0,9.8,39.300000000000004,958,0,0,0,0,24.6,93,2.9000000000000004
2010,12,4,20,30,159.79,0.14,3,0,0,0,0,11.9,47.550000000000004,958,0,0,0,0,23.700000000000003,100,3.1
2010,12,4,21,30,159.07,0.14,3.1,0,0,0,0,14.4,59.63,957,0,0,0,0,22.700000000000003,101,3
2010,12,4,22,30,150.16,0.14,3.1,0,0,0,0,16.5,72.08,957,0,0,0,0,21.8,95,2.7
2010,12,4,23,30,138,0.14,3.1,0,0,0,0,17.900000000000002,82.19,957,0,0,0,0,21.1,87,2.6
2010,12,5,0,30,124.72,0.14,3,0,0,0,0,18.7,88.8,957,0,0,0,0,20.6,80,2.6
2010,12,5,1,30,111.02,0.14,3,0,0,0,0,19,92.84,957,0,0,0,0,20.200000000000003,75,2.6
2010,12,5,2,30,97.17,0.14,2.9000000000000004,0,0,0,0,19.1,94.03,958,0,0,0,0,20.1,71,2.9000000000000004
2010,12,5,3,30,83.21000000000001,0.14,2.9000000000000004,48,201,72,0,19.1,86.68,959,48,201,0,72,21.400000000000002,69,4.1000000000000005
2010,12,5,4,30,69.60000000000001,0.14,2.8000000000000003,96,590,302,0,18.2,69.35000000000001,959,96,590,0,302,24.200000000000003,68,5.300000000000001
2010,12,5,5,30,56.31,0.14,2.8000000000000003,115,767,541,0,16.2,50.2,959,115,767,0,541,27.5,67,5.300000000000001
2010,12,5,6,30,43.78,0.14,2.7,128,855,745,0,14.3,37.21,959,128,855,0,745,30.5,66,4.800000000000001
2010,12,5,7,30,32.99,0.14,2.7,136,898,889,0,12.600000000000001,29.05,958,136,898,0,889,33,64,4.2
2010,12,5,8,30,26.23,0.14,2.7,142,913,961,0,11.3,24,957,142,913,0,961,34.800000000000004,62,3.5
2010,12,5,9,30,26.77,0.14,2.7,152,898,953,0,10.100000000000001,21.02,955,152,898,0,953,35.800000000000004,60,3.1
2010,12,5,10,30,34.27,0.14,2.6,147,877,871,0,9.3,19.42,954,147,877,0,871,36.300000000000004,59,2.8000000000000003
2010,12,5,11,30,45.38,0.14,2.6,137,828,718,0,8.9,19.12,954,137,828,0,718,36.1,60,2.8000000000000003
2010,12,5,12,30,58.04,0.14,2.6,119,739,510,0,8.700000000000001,19.69,954,119,739,0,510,35.300000000000004,62,2.8000000000000003
2010,12,5,13,30,71.4,0.14,2.6,90,565,271,0,8.6,21.42,954,90,565,0,271,33.6,63,2.4000000000000004
2010,12,5,14,30,85.01,0.14,2.6,35,163,49,0,8.9,26.17,954,35,163,0,49,30.5,64,1.8
2010,12,5,15,30,99,0.14,2.6,0,0,0,0,9.5,31.16,955,0,0,0,0,28.1,63,1.8
2010,12,5,16,30,112.83,0.14,2.6,0,0,0,0,9,31.740000000000002,956,0,0,0,0,27.3,62,2.2
2010,12,5,17,30,126.49000000000001,0.14,2.6,0,0,0,0,8.8,32.9,956,0,0,0,0,26.400000000000002,64,2.3000000000000003
2010,12,5,18,30,139.65,0.14,2.6,0,0,0,0,8.8,34.99,957,0,0,0,0,25.400000000000002,72,2.2
2010,12,5,19,30,151.53,0.14,2.6,0,0,0,0,9.3,38.13,956,0,0,0,0,24.5,87,2.3000000000000003
2010,12,5,20,30,159.64000000000001,0.14,2.7,0,0,0,0,11,44.4,956,0,0,0,0,23.8,102,2.8000000000000003
2010,12,5,21,30,159,0.14,2.9000000000000004,0,0,0,0,13.700000000000001,56.59,956,0,0,0,0,22.8,108,3
2010,12,5,22,30,150.16,0.14,2.9000000000000004,0,0,0,0,16.400000000000002,71.09,956,0,0,0,0,21.900000000000002,106,3
2010,12,5,23,30,138.04,0.14,2.9000000000000004,0,0,0,0,18.6,85.34,956,0,0,0,0,21.200000000000003,98,3.2
2010,12,6,0,30,124.79,0.14,2.9000000000000004,0,0,0,0,19.6,92.74,956,0,0,0,0,20.8,92,3.3000000000000003
2010,12,6,1,30,111.10000000000001,0.14,2.8000000000000003,0,0,0,0,19.8,95.78,956,0,0,0,0,20.5,86,3.3000000000000003
2010,12,6,2,30,97.27,0.14,2.8000000000000003,0,0,0,0,19.700000000000003,95.96000000000001,957,0,0,0,0,20.400000000000002,81,3.5
2010,12,6,3,30,83.32000000000001,0.14,2.8000000000000003,52,106,64,0,19.5,88.38,958,52,106,0,64,21.5,76,4.4
2010,12,6,4,30,69.72,0.14,2.7,122,477,288,0,18.6,71.66,958,122,477,0,288,24,74,5.2
2010,12,6,5,30,56.44,0.14,2.7,149,681,526,0,16.8,53.5,959,149,681,0,526,27.1,73,5.300000000000001
2010,12,6,6,30,43.93,0.14,2.6,162,788,730,0,15,40,958,162,788,0,730,30.1,73,4.9
2010,12,6,7,30,33.15,0.14,2.6,170,843,875,0,13.4,31.07,957,170,843,0,875,32.7,71,4.4
2010,12,6,8,30,26.38,0.14,2.6,173,866,949,0,12.100000000000001,25.57,956,173,866,0,949,34.6,69,3.8000000000000003
2010,12,6,9,30,26.86,0.14,2.6,162,883,949,0,10.9,22.1,954,162,883,0,949,35.9,68,3.3000000000000003
2010,12,6,10,30,34.29,0.14,2.6,153,866,869,0,10,20.27,953,153,866,0,869,36.4,68,2.9000000000000004
2010,12,6,11,30,45.35,0.14,2.6,140,821,717,0,9.4,19.38,953,140,821,0,717,36.4,69,2.8000000000000003
2010,12,6,12,30,57.99,0.14,2.6,147,662,498,0,8.9,19.56,952,147,662,0,498,35.6,72,2.9000000000000004
2010,12,6,13,30,71.33,0.14,2.6,114,457,260,0,8.6,21.09,953,114,457,0,260,33.9,74,2.5
2010,12,6,14,30,84.93,0.14,2.6,37,78,44,0,8.9,25.67,953,37,78,0,44,30.8,79,1.9000000000000001
2010,12,6,15,30,98.9,0.14,2.6,0,0,0,0,9.5,30.36,954,0,0,0,0,28.6,83,1.9000000000000001
2010,12,6,16,30,112.72,0.14,2.6,0,0,0,0,9.600000000000001,31.79,955,0,0,1,0,27.900000000000002,88,2.5
2010,12,6,17,30,126.36,0.14,2.6,0,0,0,0,10.4,35.480000000000004,956,0,0,0,0,26.900000000000002,97,3.2
2010,12,6,18,30,139.51,0.14,2.7,0,0,0,0,12.3,43.52,956,0,0,0,0,25.6,106,3.7
2010,12,6,19,30,151.38,0.14,2.8000000000000003,0,0,0,0,14.8,55.5,956,0,0,0,0,24.3,111,3.6
2010,12,6,20,30,159.5,0.14,2.9000000000000004,0,0,0,0,16.900000000000002,67.91,956,0,0,0,0,23.200000000000003,112,3.3000000000000003
2010,12,6,21,30,158.93,0.14,2.9000000000000004,0,0,0,0,18.400000000000002,78.63,956,0,0,0,0,22.3,108,3.1
2010,12,6,22,30,150.16,0.14,2.8000000000000003,0,0,0,0,19.1,85.9,956,0,0,0,0,21.6,103,3
2010,12,6,23,30,138.09,0.14,2.8000000000000003,0,0,0,0,19.400000000000002,90.02,956,0,0,0,0,21.1,98,2.9000000000000004
2010,12,7,0,30,124.86,0.14,2.7,0,0,0,0,19.400000000000002,92.47,956,0,0,0,0,20.700000000000003,92,2.9000000000000004
2010,12,7,1,30,111.19,0.14,2.6,0,0,0,0,19.400000000000002,94.09,957,0,0,0,0,20.400000000000002,87,3
2010,12,7,2,30,97.36,0.14,2.6,0,0,0,0,19.400000000000002,94.08,958,0,0,0,0,20.400000000000002,81,3.3000000000000003
2010,12,7,3,30,83.43,0.14,2.6,50,137,65,0,19.400000000000002,87.39,959,50,137,0,65,21.6,77,4.4
2010,12,7,4,30,69.84,0.14,2.6,116,504,290,0,19,73.28,959,116,504,0,290,24.1,74,5.300000000000001
2010,12,7,5,30,56.57,0.14,2.6,143,697,526,0,18,57.35,959,143,697,0,526,27.200000000000003,72,5.5
2010,12,7,6,30,44.07,0.14,2.6,127,858,744,0,16.8,44.77,959,127,858,0,744,30.1,71,5.2
2010,12,7,7,30,33.3,0.14,2.7,130,908,889,0,15.4,35.64,958,130,908,0,889,32.6,70,4.6000000000000005
2010,12,7,8,30,26.52,0.14,2.7,130,933,964,0,14.100000000000001,29.46,957,130,933,0,964,34.5,69,4.1000000000000005
2010,12,7,9,30,26.94,0.14,2.8000000000000003,147,903,951,0,13,25.7,956,147,903,0,951,35.6,70,3.7
2010,12,7,10,30,34.300000000000004,0.14,2.8000000000000003,138,889,872,0,12,23.400000000000002,955,138,889,0,872,36.2,71,3.5
2010,12,7,11,30,45.32,0.14,2.8000000000000003,125,850,722,0,11.4,22.52,954,125,850,0,722,36.1,74,3.4000000000000004
2010,12,7,12,30,57.94,0.14,2.8000000000000003,107,770,516,0,11,22.89,954,107,770,0,516,35.300000000000004,77,3.5
2010,12,7,13,30,71.26,0.14,2.8000000000000003,81,609,277,0,10.700000000000001,24.62,954,81,609,0,277,33.7,81,3.1
2010,12,7,14,30,84.84,0.14,2.8000000000000003,34,214,53,0,10.8,28.94,955,34,214,0,53,30.900000000000002,86,2.2
2010,12,7,15,30,98.8,0.14,2.8000000000000003,0,0,0,0,11.3,33.53,956,0,0,0,0,28.900000000000002,92,2
2010,12,7,16,30,112.61,0.14,2.7,0,0,0,0,11.5,35.65,957,0,0,0,0,28.1,99,2.7
2010,12,7,17,30,126.24000000000001,0.14,2.8000000000000003,0,0,0,0,12.5,40.64,957,0,0,0,0,27,110,3.4000000000000004
2010,12,7,18,30,139.38,0.14,2.9000000000000004,0,0,0,0,14.600000000000001,50.92,958,0,0,0,0,25.5,117,3.8000000000000003
2010,12,7,19,30,151.23,0.14,2.9000000000000004,0,0,0,0,16.900000000000002,63.96,958,0,0,0,0,24.1,118,3.8000000000000003
2010,12,7,20,30,159.36,0.14,3,0,0,0,0,18.5,75.58,958,0,0,0,0,23.1,114,3.8000000000000003
2010,12,7,21,30,158.86,0.14,2.9000000000000004,0,0,0,0,19.6,83.49,957,0,0,0,0,22.5,106,3.8000000000000003
2010,12,7,22,30,150.18,0.14,2.9000000000000004,0,0,0,0,20,87.71000000000001,957,0,0,0,0,22.1,101,3.7
2010,12,7,23,30,138.14000000000001,0.14,2.9000000000000004,0,0,0,0,20.1,89.81,958,0,0,0,0,21.8,98,3.6
2010,12,8,0,30,124.93,0.15,2.8000000000000003,0,0,0,0,20,91.18,958,0,0,0,0,21.5,97,3.5
2010,12,8,1,30,111.28,0.15,2.8000000000000003,0,0,0,0,19.900000000000002,91.78,959,0,0,0,0,21.3,95,3.4000000000000004
2010,12,8,2,30,97.47,0.15,2.8000000000000003,0,0,0,0,19.8,91.39,960,0,0,0,0,21.3,92,3.5
2010,12,8,3,30,83.54,0.15,2.7,43,249,70,0,19.700000000000003,85.87,960,43,249,0,70,22.200000000000003,88,3.9000000000000004
2010,12,8,4,30,69.96000000000001,0.15,2.7,88,623,301,3,19.3,73.11,961,203,77,0,229,24.400000000000002,84,4.3
2010,12,8,5,30,56.7,0.15,2.6,106,794,542,3,18.400000000000002,57.56,961,300,54,7,330,27.5,80,4.4
2010,12,8,6,30,44.21,0.15,2.6,116,881,747,0,17,44.39,960,116,881,0,747,30.5,76,4.2
2010,12,8,7,30,33.45,0.15,2.6,122,924,893,0,15.5,34.93,959,122,924,0,893,33,73,4
2010,12,8,8,30,26.650000000000002,0.15,2.6,125,943,968,0,14.3,29.21,958,125,943,0,968,34.800000000000004,70,3.8000000000000003
2010,12,8,9,30,27.01,0.15,2.7,137,920,957,0,13.4,25.8,957,137,920,0,957,36,69,3.8000000000000003
2010,12,8,10,30,34.31,0.15,2.7,132,902,877,0,12.8,24.17,955,132,902,0,877,36.5,69,3.8000000000000003
2010,12,8,11,30,45.29,0.15,2.7,121,860,727,0,12.4,23.73,955,121,860,0,727,36.4,71,3.9000000000000004
2010,12,8,12,30,57.88,0.15,2.8000000000000003,110,764,516,0,12.200000000000001,24.38,955,110,764,0,516,35.6,74,4
2010,12,8,13,30,71.18,0.15,2.8000000000000003,88,582,276,0,12,26.38,955,88,582,0,276,34,77,3.7
2010,12,8,14,30,84.75,0.15,2.9000000000000004,36,175,52,0,12,30.02,956,36,175,0,52,31.700000000000003,81,2.9000000000000004
2010,12,8,15,30,98.7,0.15,2.8000000000000003,0,0,0,0,12.3,33.8,957,0,0,0,0,29.900000000000002,85,2.7
2010,12,8,16,30,112.5,0.15,2.8000000000000003,0,0,0,0,12.4,36.22,958,0,0,0,0,28.900000000000002,92,3
2010,12,8,17,30,126.12,0.15,2.8000000000000003,0,0,0,0,13,40.57,958,0,0,0,0,27.6,103,3.5
2010,12,8,18,30,139.24,0.15,2.9000000000000004,0,0,0,0,14.5,48.94,959,0,0,0,0,26.1,113,3.8000000000000003
2010,12,8,19,30,151.08,0.15,2.9000000000000004,0,0,0,0,16.6,61.03,959,0,0,0,0,24.6,115,3.8000000000000003
2010,12,8,20,30,159.22,0.15,2.9000000000000004,0,0,0,0,18.3,72.61,959,0,0,0,0,23.5,113,3.7
2010,12,8,21,30,158.81,0.15,2.9000000000000004,0,0,0,0,19.3,81.81,959,0,0,0,0,22.6,108,3.5
2010,12,8,22,30,150.19,0.15,2.8000000000000003,0,0,0,0,19.8,86.86,958,0,0,0,0,22.1,103,3.3000000000000003
2010,12,8,23,30,138.19,0.15,2.8000000000000003,0,0,0,0,20,89.69,958,0,0,0,0,21.8,99,3.3000000000000003
2010,12,9,0,30,125.01,0.15,2.8000000000000003,0,0,0,0,20.1,91.47,959,0,0,0,0,21.6,97,3.3000000000000003
2010,12,9,1,30,111.37,0.15,2.8000000000000003,0,0,0,0,20.200000000000003,92.14,959,0,0,0,0,21.5,95,3.3000000000000003
2010,12,9,2,30,97.57000000000001,0.15,2.7,0,0,0,0,20.1,91.19,960,0,0,0,0,21.6,93,3.5
2010,12,9,3,30,83.65,0.15,2.7,41,245,68,0,20.1,85.59,961,41,245,0,68,22.6,92,4
2010,12,9,4,30,70.09,0.15,2.7,88,615,297,0,19.700000000000003,72.83,961,88,615,0,297,24.900000000000002,90,4.4
2010,12,9,5,30,56.83,0.15,2.7,110,777,535,0,18.900000000000002,58.31,961,110,777,0,535,27.8,87,4.5
2010,12,9,6,30,44.35,0.15,2.7,117,874,742,0,17.7,45.480000000000004,961,117,874,0,742,30.8,84,4.4
2010,12,9,7,30,33.59,0.15,2.7,124,917,888,0,16.400000000000002,36.57,960,124,917,0,888,33.2,82,4.1000000000000005
2010,12,9,8,30,26.77,0.15,2.8000000000000003,127,934,961,0,15.200000000000001,30.72,959,127,934,0,961,35,80,3.7
2010,12,9,9,30,27.07,0.15,2.8000000000000003,126,934,958,0,14.3,27.05,958,126,934,0,958,36.2,80,3.4000000000000004
2010,12,9,10,30,34.31,0.15,2.8000000000000003,122,916,879,0,13.600000000000001,25.18,956,122,916,0,879,36.7,81,3.3000000000000003
2010,12,9,11,30,45.25,0.15,2.9000000000000004,114,871,727,0,13.100000000000001,24.72,956,114,871,0,727,36.5,83,3.2
2010,12,9,12,30,57.81,0.15,2.9000000000000004,101,789,521,0,12.8,25.07,955,101,789,0,521,35.800000000000004,84,3.2
2010,12,9,13,30,71.10000000000001,0.15,3,78,628,281,1,12.5,26.86,956,78,628,1,281,34.300000000000004,86,2.9000000000000004
2010,12,9,14,30,84.66,0.15,3,33,242,56,1,12.5,30.21,956,33,242,1,56,32.2,92,2.1
2010,12,9,15,30,98.60000000000001,0.15,3,0,0,0,3,12.9,33.53,957,0,0,0,0,30.8,103,2.4000000000000004
2010,12,9,16,30,112.39,0.15,3,0,0,0,0,13.3,36.38,958,0,0,0,0,29.8,114,3.5
2010,12,9,17,30,126,0.15,3,0,0,0,0,14.700000000000001,43.69,959,0,0,0,0,28.200000000000003,122,4.3
2010,12,9,18,30,139.11,0.15,3,0,0,0,0,16.900000000000002,56.96,959,0,0,0,0,26.1,125,4.6000000000000005
2010,12,9,19,30,150.94,0.15,3.1,0,0,0,0,18.900000000000002,71.18,959,0,0,0,0,24.5,123,4.5
2010,12,9,20,30,159.1,0.15,3,0,0,0,0,20.200000000000003,81.53,959,0,0,1,0,23.5,118,4.2
2010,12,9,21,30,158.76,0.15,3,0,0,0,0,20.700000000000003,86.91,959,0,0,0,0,23,111,3.9000000000000004
2010,12,9,22,30,150.21,0.15,2.9000000000000004,0,0,0,0,20.8,89.17,959,0,0,0,0,22.700000000000003,107,3.7
2010,12,9,23,30,138.25,0.15,2.9000000000000004,0,0,0,0,20.900000000000002,91.11,959,0,0,0,0,22.400000000000002,103,3.4000000000000004
2010,12,10,0,30,125.09,0.15,2.8000000000000003,0,0,0,0,20.8,92.51,959,0,0,0,0,22.1,100,3.2
2010,12,10,1,30,111.46000000000001,0.15,2.7,0,0,0,0,20.700000000000003,93.2,960,0,0,0,0,21.8,98,3.1
2010,12,10,2,30,97.67,0.15,2.6,0,0,0,0,20.400000000000002,92.94,960,0,0,0,0,21.6,95,3.1
2010,12,10,3,30,83.76,0.15,2.5,40,266,69,0,20.200000000000003,87.85000000000001,961,40,266,0,69,22.3,92,3.6
2010,12,10,4,30,70.21000000000001,0.15,2.5,82,648,301,0,19.700000000000003,75.61,962,82,648,0,301,24.3,89,4.2
2010,12,10,5,30,56.96,0.15,2.5,100,812,542,0,18.900000000000002,60.54,962,100,812,0,542,27.200000000000003,87,4.3
2010,12,10,6,30,44.49,0.15,2.5,109,896,748,0,18,47.96,961,109,896,0,748,30.200000000000003,84,4.2
2010,12,10,7,30,33.730000000000004,0.15,2.5,115,937,895,0,16.7,38.24,960,115,937,0,895,32.800000000000004,81,3.9000000000000004
2010,12,10,8,30,26.89,0.15,2.5,119,955,970,0,15.5,32.05,959,119,955,0,970,34.6,79,3.5
2010,12,10,9,30,27.13,0.15,2.5,117,956,968,0,14.3,27.79,958,117,956,0,968,35.800000000000004,79,3.3000000000000003
2010,12,10,10,30,34.300000000000004,0.15,2.5,115,936,888,0,13.200000000000001,25.17,956,115,936,0,888,36.300000000000004,82,3.2
2010,12,10,11,30,45.21,0.15,2.6,108,890,735,0,12.4,23.900000000000002,955,108,890,0,735,36.2,86,3.3000000000000003
2010,12,10,12,30,57.75,0.15,2.6,109,771,521,0,11.700000000000001,23.95,955,109,771,0,521,35.4,89,3.4000000000000004
2010,12,10,13,30,71.02,0.15,2.6,86,600,281,0,11.3,25.43,955,86,600,0,281,33.800000000000004,92,3
2010,12,10,14,30,84.57000000000001,0.15,2.6,36,203,55,0,11.3,29.39,956,36,203,0,55,31.200000000000003,98,2.3000000000000003
2010,12,10,15,30,98.49000000000001,0.15,2.6,0,0,0,0,12.200000000000001,34.63,957,0,0,0,0,29.400000000000002,107,2.4000000000000004
2010,12,10,16,30,112.27,0.15,2.7,0,0,0,0,13,38.81,958,0,0,0,0,28.400000000000002,116,3.6
2010,12,10,17,30,125.87,0.15,2.8000000000000003,0,0,0,0,14.600000000000001,46.99,959,0,0,0,0,26.900000000000002,123,4.4
2010,12,10,18,30,138.98,0.15,2.9000000000000004,0,0,0,0,17.1,61.59,959,0,0,0,0,25,125,4.4
2010,12,10,19,30,150.8,0.15,3,0,0,0,0,18.900000000000002,74.91,959,0,0,0,0,23.6,122,4.1000000000000005
2010,12,10,20,30,158.98,0.15,3,0,0,0,0,19.8,83.69,959,0,0,0,0,22.700000000000003,115,3.9000000000000004
2010,12,10,21,30,158.71,0.15,2.9000000000000004,0,0,0,0,20.200000000000003,88.29,959,0,0,0,0,22.200000000000003,109,3.8000000000000003
2010,12,10,22,30,150.24,0.15,2.9000000000000004,0,0,0,0,20.3,90.44,958,0,0,0,0,21.900000000000002,105,3.7
2010,12,10,23,30,138.31,0.15,2.8000000000000003,0,0,0,0,20.3,91.83,958,0,0,0,0,21.700000000000003,102,3.5
2010,12,11,0,30,125.17,0.15,2.8000000000000003,0,0,0,0,20.400000000000002,93.79,958,0,0,0,0,21.400000000000002,100,3.3000000000000003
2010,12,11,1,30,111.56,0.15,2.7,0,0,0,0,20.5,95.77,959,0,0,0,0,21.200000000000003,100,3
2010,12,11,2,30,97.78,0.15,2.6,0,0,0,0,20.6,96.32000000000001,959,0,0,0,0,21.200000000000003,100,3.1
2010,12,11,3,30,83.87,0.15,2.5,42,216,65,0,20.700000000000003,91.54,960,42,216,0,65,22.1,99,3.7
2010,12,11,4,30,70.33,0.15,2.4000000000000004,92,600,294,0,20.3,78.42,961,92,600,0,294,24.3,98,4.3
2010,12,11,5,30,57.09,0.15,2.4000000000000004,116,769,534,0,19.5,62.43,961,116,769,0,534,27.3,98,4.3
2010,12,11,6,30,44.62,0.15,2.4000000000000004,128,860,740,0,18.5,49.51,960,128,860,0,740,30.200000000000003,97,4.1000000000000005
2010,12,11,7,30,33.87,0.15,2.4000000000000004,134,906,887,0,17.2,39.82,959,134,906,0,887,32.6,96,3.9000000000000004
2010,12,11,8,30,27,0.15,2.4000000000000004,137,927,963,0,15.8,33.15,958,137,927,0,963,34.300000000000004,96,3.6
2010,12,11,9,30,27.18,0.15,2.4000000000000004,139,924,961,0,14.4,28.51,956,139,924,0,961,35.4,96,3.5
2010,12,11,10,30,34.29,0.15,2.4000000000000004,137,900,880,0,13.200000000000001,25.61,955,137,900,0,880,35.9,97,3.5
2010,12,11,11,30,45.160000000000004,0.15,2.5,131,847,728,0,12.200000000000001,24.2,954,131,847,0,728,35.800000000000004,98,3.7
2010,12,11,12,30,57.67,0.15,2.5,116,758,522,0,11.600000000000001,24.21,954,116,758,0,522,35,99,3.8000000000000003
2010,12,11,13,30,70.93,0.15,2.5,92,578,281,0,11.100000000000001,25.71,954,92,578,0,281,33.4,101,3.5
2010,12,11,14,30,84.47,0.15,2.6,39,181,56,0,11.100000000000001,29.14,955,39,181,0,56,31.1,108,2.9000000000000004
2010,12,11,15,30,98.39,0.15,2.6,0,0,0,0,11.9,34.08,956,0,0,0,0,29.3,118,3.4000000000000004
2010,12,11,16,30,112.16,0.15,2.8000000000000003,0,0,0,0,13.5,41.1,957,0,0,0,0,27.900000000000002,125,4.6000000000000005
2010,12,11,17,30,125.75,0.15,2.9000000000000004,0,0,0,0,15.9,53.58,958,0,0,0,0,26,127,5
2010,12,11,18,30,138.85,0.15,2.9000000000000004,0,0,0,0,17.7,66.06,958,0,0,0,0,24.400000000000002,124,4.7
2010,12,11,19,30,150.67000000000002,0.15,2.8000000000000003,0,0,0,0,18.6,75.14,958,0,0,0,0,23.200000000000003,119,4.1000000000000005
2010,12,11,20,30,158.86,0.15,2.7,0,0,0,0,19,80.68,957,0,0,0,0,22.5,113,3.8000000000000003
2010,12,11,21,30,158.68,0.15,2.6,0,0,0,0,19.3,85.36,957,0,0,0,0,21.900000000000002,109,3.7
2010,12,11,22,30,150.27,0.15,2.5,0,0,0,0,19.6,88.46000000000001,957,0,0,0,0,21.6,105,3.7
2010,12,11,23,30,138.38,0.15,2.4000000000000004,0,0,0,0,19.8,90.58,957,0,0,0,0,21.400000000000002,104,3.5
2010,12,12,0,30,125.25,0.15,2.4000000000000004,0,0,0,0,19.900000000000002,92.44,957,0,0,1,0,21.200000000000003,103,3.4000000000000004
2010,12,12,1,30,111.65,0.15,2.3000000000000003,0,0,0,0,20.1,93.84,957,0,0,1,0,21.1,103,3.3000000000000003
2010,12,12,2,30,97.88,0.15,2.2,0,0,0,0,20.200000000000003,93.86,958,0,0,1,0,21.200000000000003,103,3.3000000000000003
2010,12,12,3,30,83.98,0.15,2.2,38,273,66,0,20.3,88.29,959,38,273,0,66,22.3,102,3.9000000000000004
2010,12,12,4,30,70.45,0.15,2.2,79,658,300,0,19.700000000000003,74.13,959,79,658,0,300,24.6,101,4.4
2010,12,12,5,30,57.22,0.15,2.1,98,823,544,0,18.8,59.6,959,98,823,0,544,27.400000000000002,100,4.5
2010,12,12,6,30,44.76,0.15,2.2,107,904,749,0,17.6,47.160000000000004,959,107,904,0,749,30.1,98,4.3
2010,12,12,7,30,34,0.15,2.2,112,949,899,0,16,37.26,958,112,949,0,899,32.4,97,4.2
2010,12,12,8,30,27.11,0.15,2.2,114,969,976,0,14.3,30.64,957,114,969,0,976,34,95,4.1000000000000005
2010,12,12,9,30,27.22,0.15,2.3000000000000003,130,940,966,0,12.9,26.29,955,130,940,0,966,35.1,94,4.1000000000000005
2010,12,12,10,30,34.28,0.15,2.3000000000000003,125,922,887,0,11.8,23.97,954,125,922,0,887,35.5,93,4.1000000000000005
2010,12,12,11,30,45.11,0.15,2.3000000000000003,117,881,738,0,11,22.94,954,117,881,0,738,35.300000000000004,93,4.2
2010,12,12,12,30,57.6,0.15,2.3000000000000003,111,776,527,0,10.3,22.97,954,111,776,0,527,34.5,93,4.2
2010,12,12,13,30,70.84,0.15,2.3000000000000003,86,615,287,0,9.8,24.12,954,86,615,0,287,33,95,3.7
2010,12,12,14,30,84.38,0.15,2.3000000000000003,36,230,59,0,9.600000000000001,27.7,955,36,230,0,59,30.3,101,2.7
2010,12,12,15,30,98.28,0.15,2.3000000000000003,0,0,0,0,9.9,31.970000000000002,956,0,0,0,0,28.200000000000003,111,2.6
2010,12,12,16,30,112.05,0.15,2.3000000000000003,0,0,0,0,10.5,35.52,957,0,0,0,0,27.1,120,3.4000000000000004
2010,12,12,17,30,125.63000000000001,0.15,2.3000000000000003,0,0,0,0,12.200000000000001,43.14,958,0,0,0,0,25.700000000000003,126,3.7
2010,12,12,18,30,138.72,0.15,2.4000000000000004,0,0,0,0,14.5,54.72,958,0,0,0,0,24.200000000000003,127,3.4000000000000004
2010,12,12,19,30,150.54,0.15,2.3000000000000003,0,0,0,0,16.6,67.66,958,0,0,0,0,22.900000000000002,123,2.9000000000000004
2010,12,12,20,30,158.76,0.15,2.3000000000000003,0,0,0,0,18,78.47,958,0,0,0,0,21.900000000000002,118,2.6
2010,12,12,21,30,158.65,0.15,2.3000000000000003,0,0,0,0,18.8,85.99,958,0,0,0,0,21.200000000000003,112,2.6
2010,12,12,22,30,150.31,0.15,2.2,0,0,0,0,19.3,90.9,957,0,0,0,0,20.8,108,2.8000000000000003
2010,12,12,23,30,138.45000000000002,0.15,2.2,0,0,0,0,19.6,93.91,958,0,0,0,0,20.6,105,2.9000000000000004
2010,12,13,0,30,125.34,0.15,2.2,0,0,0,0,19.700000000000003,95.15,958,0,0,0,0,20.5,103,2.9000000000000004
2010,12,13,1,30,111.75,0.15,2.2,0,0,0,0,19.700000000000003,96.49000000000001,959,0,0,0,0,20.3,101,2.7
2010,12,13,2,30,97.99000000000001,0.15,2.2,0,0,0,0,19.8,96.12,959,0,0,0,0,20.400000000000002,99,2.8000000000000003
2010,12,13,3,30,84.09,0.15,2.2,37,283,66,0,19.700000000000003,88.94,960,37,283,0,66,21.6,99,3.4000000000000004
2010,12,13,4,30,70.57000000000001,0.15,2.2,79,656,297,0,18.8,72.41,961,79,656,0,297,24.1,99,3.9000000000000004
2010,12,13,5,30,57.34,0.15,2.2,102,809,538,0,17.5,55.410000000000004,961,102,809,0,538,27.200000000000003,97,4
2010,12,13,6,30,44.89,0.15,2.3000000000000003,117,881,741,0,15.8,41.88,961,117,881,0,741,30.200000000000003,93,4
2010,12,13,7,30,34.12,0.15,2.3000000000000003,128,920,889,0,14.200000000000001,32.94,960,128,920,0,889,32.6,89,3.9000000000000004
2010,12,13,8,30,27.2,0.15,2.4000000000000004,134,933,963,0,13,27.61,959,134,933,0,963,34.300000000000004,84,3.9000000000000004
2010,12,13,9,30,27.26,0.15,2.4000000000000004,170,874,947,0,11.9,24.17,958,170,874,0,947,35.4,81,3.9000000000000004
2010,12,13,10,30,34.25,0.15,2.4000000000000004,165,852,869,0,10.9,22.01,957,165,852,0,869,35.9,79,4
2010,12,13,11,30,45.050000000000004,0.15,2.4000000000000004,153,803,720,0,10.100000000000001,21.09,956,153,803,0,720,35.7,79,4.1000000000000005
2010,12,13,12,30,57.52,0.15,2.4000000000000004,122,745,522,0,9.5,21.07,956,122,745,0,522,35,79,4.2
2010,12,13,13,30,70.75,0.15,2.3000000000000003,92,585,285,0,9.1,22.48,956,92,585,0,285,33.4,80,3.7
2010,12,13,14,30,84.28,0.15,2.3000000000000003,39,207,59,0,9.1,26.43,957,39,207,0,59,30.5,84,2.6
2010,12,13,15,30,98.17,0.15,2.3000000000000003,0,0,0,0,9.5,30.900000000000002,958,0,0,0,0,28.3,92,2.2
2010,12,13,16,30,111.93,0.15,2.3000000000000003,0,0,0,0,9.9,33.47,959,0,0,0,0,27.400000000000002,105,2.9000000000000004
2010,12,13,17,30,125.51,0.15,2.4000000000000004,0,0,0,0,11.200000000000001,39.43,960,0,0,0,0,26.1,117,3.7
2010,12,13,18,30,138.59,0.15,2.5,0,0,0,0,13.700000000000001,50.81,960,0,0,0,0,24.6,124,3.9000000000000004
2010,12,13,19,30,150.41,0.15,2.6,0,0,0,0,16.3,65.15,960,0,0,0,0,23.200000000000003,125,3.6
2010,12,13,20,30,158.65,0.15,2.6,0,0,0,0,18.2,77.99,960,0,0,0,0,22.200000000000003,119,3.3000000000000003
2010,12,13,21,30,158.63,0.15,2.5,0,0,0,0,19.3,86.05,960,0,0,0,0,21.700000000000003,110,3.4000000000000004
2010,12,13,22,30,150.35,0.15,2.5,0,0,0,0,19.700000000000003,90.10000000000001,960,0,0,0,0,21.400000000000002,102,3.4000000000000004
2010,12,13,23,30,138.52,0.15,2.4000000000000004,0,0,0,0,19.8,91.16,959,0,0,0,0,21.3,97,3.2
2010,12,14,0,30,125.43,0.15,2.4000000000000004,0,0,0,0,19.700000000000003,91.96000000000001,960,0,0,0,0,21.1,93,3.2
2010,12,14,1,30,111.85000000000001,0.15,2.3000000000000003,0,0,0,0,19.6,92.15,960,0,0,0,0,20.900000000000002,91,3.2
2010,12,14,2,30,98.10000000000001,0.15,2.3000000000000003,0,0,0,0,19.400000000000002,91.27,960,0,0,0,0,20.900000000000002,89,3.5
2010,12,14,3,30,84.2,0.15,2.3000000000000003,39,229,62,0,19.3,85.63,961,39,229,0,62,21.8,87,4.1000000000000005
2010,12,14,4,30,70.69,0.15,2.3000000000000003,87,617,291,0,18.8,72.07000000000001,961,87,617,0,291,24.1,84,4.7
2010,12,14,5,30,57.47,0.15,2.3000000000000003,106,793,533,0,17.8,57.15,961,106,793,0,533,27,80,5
2010,12,14,6,30,45.01,0.15,2.3000000000000003,142,828,728,0,16.2,43.96,960,142,828,0,728,29.8,75,5.1000000000000005
2010,12,14,7,30,34.24,0.15,2.2,145,892,882,0,14.4,33.8,960,145,892,0,882,32.300000000000004,72,5.300000000000001
2010,12,14,8,30,27.3,0.15,2.2,141,926,964,0,12.4,26.77,958,141,926,0,964,34.2,70,5.4
2010,12,14,9,30,27.29,0.15,2.1,132,944,971,0,10.700000000000001,22.3,957,132,944,0,971,35.4,69,5.5
2010,12,14,10,30,34.22,0.15,2.1,123,933,895,0,9.3,19.79,956,123,933,0,895,35.9,69,5.5
2010,12,14,11,30,44.99,0.15,2.1,110,901,748,0,8.4,18.79,955,110,901,0,748,35.7,69,5.4
2010,12,14,12,30,57.44,0.15,2.1,94,835,543,0,7.800000000000001,18.95,955,94,835,0,543,34.9,69,5.300000000000001
2010,12,14,13,30,70.66,0.15,2.1,71,699,302,0,7.6000000000000005,20.41,956,71,699,0,302,33.300000000000004,70,4.6000000000000005
2010,12,14,14,30,84.18,0.15,2.1,33,341,68,0,7.7,24.22,957,33,341,0,68,30.400000000000002,73,3.1
2010,12,14,15,30,98.06,0.15,2.2,0,0,0,0,8.3,28.71,958,0,0,0,0,28.1,80,2.4000000000000004
2010,12,14,16,30,111.82000000000001,0.15,2.3000000000000003,0,0,0,0,9,31.990000000000002,959,0,0,0,0,27.1,94,3
2010,12,14,17,30,125.39,0.15,2.4000000000000004,0,0,0,0,10.8,38.660000000000004,960,0,0,0,0,25.900000000000002,108,3.6
2010,12,14,18,30,138.47,0.15,2.5,0,0,0,0,13.200000000000001,49.39,960,0,0,0,0,24.5,114,3.7
2010,12,14,19,30,150.29,0.15,2.6,0,0,0,0,15.4,61.49,960,0,0,0,0,23.200000000000003,112,3.3000000000000003
2010,12,14,20,30,158.56,0.15,2.5,0,0,0,0,16.900000000000002,71.93,960,0,0,0,0,22.200000000000003,106,2.9000000000000004
2010,12,14,21,30,158.61,0.15,2.5,0,0,0,0,17.7,79.88,960,0,0,0,0,21.3,101,2.6
2010,12,14,22,30,150.4,0.15,2.4000000000000004,0,0,0,0,18,85.09,959,0,0,0,0,20.6,99,2.2
2010,12,14,23,30,138.6,0.15,2.4000000000000004,0,0,0,0,18.2,89.17,959,0,0,0,0,20,99,1.9000000000000001
2010,12,15,0,30,125.52,0.15,2.4000000000000004,0,0,0,0,18.3,92.64,959,0,0,0,0,19.5,99,1.7000000000000002
2010,12,15,1,30,111.96000000000001,0.15,2.4000000000000004,0,0,0,0,18.400000000000002,95.64,960,0,0,0,0,19.1,95,1.8
2010,12,15,2,30,98.21000000000001,0.15,2.3000000000000003,0,0,0,0,18.5,96.03,960,0,0,0,0,19.1,88,2.3000000000000003
2010,12,15,3,30,84.32000000000001,0.15,2.3000000000000003,40,198,59,0,18.5,88.17,961,40,198,0,59,20.5,79,3.5
2010,12,15,4,30,70.81,0.15,2.3000000000000003,90,600,287,0,17.900000000000002,71.29,961,90,600,0,287,23.400000000000002,72,4.800000000000001
2010,12,15,5,30,57.59,0.15,2.3000000000000003,112,777,529,0,15.9,51.620000000000005,961,112,777,0,529,26.700000000000003,65,5.5
2010,12,15,6,30,45.13,0.15,2.4000000000000004,126,861,733,0,14.100000000000001,38.67,961,126,861,0,733,29.6,59,5.7
2010,12,15,7,30,34.36,0.15,2.4000000000000004,135,906,883,0,13.4,32.47,960,135,906,0,883,31.900000000000002,55,5.6000000000000005
2010,12,15,8,30,27.38,0.15,2.5,138,925,959,0,12.9,28.53,958,138,925,0,959,33.6,52,5.6000000000000005
2010,12,15,9,30,27.310000000000002,0.15,2.5,148,910,956,0,12.4,26.01,957,148,910,0,956,34.7,50,5.5
2010,12,15,10,30,34.19,0.15,2.6,146,882,876,0,12,24.77,956,146,882,0,876,35.1,49,5.300000000000001
2010,12,15,11,30,44.92,0.15,2.6,136,838,729,0,11.700000000000001,24.5,955,136,838,0,729,34.9,49,5.1000000000000005
2010,12,15,12,30,57.36,0.15,2.6,145,682,513,0,11.3,25.080000000000002,955,145,682,0,513,34.1,50,4.9
2010,12,15,13,30,70.56,0.15,2.6,107,518,279,0,11.100000000000001,26.67,956,107,518,0,279,32.7,53,4.2
2010,12,15,14,30,84.08,0.15,2.6,43,152,59,0,10.9,29.67,956,43,152,0,59,30.6,58,3.2
2010,12,15,15,30,97.95,0.15,2.5,0,0,0,0,10.8,32.17,957,0,0,0,0,29.1,63,2.8000000000000003
2010,12,15,16,30,111.7,0.15,2.4000000000000004,0,0,0,0,10.5,33.1,958,0,0,0,0,28.200000000000003,67,3.1
2010,12,15,17,30,125.27,0.15,2.3000000000000003,0,0,0,0,10,34.39,959,0,0,0,0,27,73,3.3000000000000003
2010,12,15,18,30,138.35,0.15,2.2,0,0,0,0,9.600000000000001,36.44,959,0,0,0,0,25.6,84,3.5
2010,12,15,19,30,150.17000000000002,0.15,2.2,0,0,0,0,10,40.58,959,0,0,0,0,24.200000000000003,97,3.7
2010,12,15,20,30,158.47,0.15,2.2,0,0,0,0,11.700000000000001,49.63,959,0,0,0,0,22.8,103,3.6
2010,12,15,21,30,158.6,0.15,2.2,0,0,0,0,14.200000000000001,63.31,959,0,0,0,0,21.5,99,3.4000000000000004
2010,12,15,22,30,150.45000000000002,0.15,2.2,0,0,0,0,16.1,75.87,959,0,0,0,0,20.5,89,3.3000000000000003
2010,12,15,23,30,138.68,0.15,2.1,0,0,0,0,16.8,82.27,959,0,0,0,0,19.900000000000002,81,3.3000000000000003
2010,12,16,0,30,125.62,0.15,2.1,0,0,0,0,16.900000000000002,86.21000000000001,959,0,0,0,0,19.3,75,3.5
2010,12,16,1,30,112.06,0.15,2,0,0,0,0,16.8,87.74,960,0,0,0,0,18.900000000000002,68,3.8000000000000003
2010,12,16,2,30,98.32000000000001,0.15,2,0,0,0,0,16.5,87.29,961,0,0,0,0,18.7,62,4.2
2010,12,16,3,30,84.43,0.15,2,43,89,51,0,16.2,79.77,962,43,89,0,51,19.8,60,5.4
2010,12,16,4,30,70.93,0.15,1.9000000000000001,124,446,270,0,15.4,64.79,962,124,446,0,270,22.400000000000002,61,6.9
2010,12,16,5,30,57.71,0.15,1.9000000000000001,168,634,507,0,14,49.45,962,168,634,0,507,25.3,61,7.2
2010,12,16,6,30,45.25,0.15,1.9000000000000001,156,812,728,0,12.600000000000001,38.39,962,156,812,0,728,28.1,59,6.800000000000001
2010,12,16,7,30,34.47,0.15,2,156,880,881,0,11.5,30.84,961,156,880,0,881,30.6,56,6.2
2010,12,16,8,30,27.46,0.15,2,152,915,964,0,10.5,25.79,959,152,915,0,964,32.6,52,5.6000000000000005
2010,12,16,9,30,27.330000000000002,0.15,2.1,148,919,965,0,9.700000000000001,22.78,958,148,919,0,965,33.9,48,5
2010,12,16,10,30,34.15,0.15,2.1,147,893,887,0,9.200000000000001,21.080000000000002,957,147,893,0,887,34.6,46,4.6000000000000005
2010,12,16,11,30,44.85,0.15,2.1,146,831,735,0,8.700000000000001,20.6,956,146,831,0,735,34.5,45,4.4
2010,12,16,12,30,57.27,0.15,2.1,138,713,523,0,8.4,20.96,956,138,713,0,523,33.800000000000004,46,4.1000000000000005
2010,12,16,13,30,70.47,0.15,2.1,114,495,280,0,8.1,22.51,956,114,495,0,280,32.2,48,3.4000000000000004
2010,12,16,14,30,83.97,0.15,2.1,45,100,56,0,8,26.46,957,45,100,0,56,29.200000000000003,53,2.3000000000000003
2010,12,16,15,30,97.84,0.15,2,0,0,0,0,7.9,30.13,958,0,0,0,0,26.900000000000002,56,2.1
2010,12,16,16,30,111.58,0.15,1.9000000000000001,0,0,0,0,7.300000000000001,30.12,958,0,0,0,0,26.200000000000003,57,2.6
2010,12,16,17,30,125.15,0.15,1.8,0,0,0,0,6.6000000000000005,30.26,959,0,0,0,0,25.3,58,3
2010,12,16,18,30,138.23,0.15,1.7000000000000002,0,0,0,0,5.9,30.63,959,0,0,0,0,24.3,61,3.3000000000000003
2010,12,16,19,30,150.06,0.15,1.6,0,0,0,0,5.5,31.71,959,0,0,0,0,23.200000000000003,65,3.3000000000000003
2010,12,16,20,30,158.39000000000001,0.15,1.6,0,0,0,0,5.7,34.52,959,0,0,0,0,22.1,70,3.3000000000000003
2010,12,16,21,30,158.6,0.15,1.6,0,0,0,0,7.1000000000000005,40.11,958,0,0,0,0,21.200000000000003,73,3.3000000000000003
2010,12,16,22,30,150.51,0.15,1.7000000000000002,0,0,0,0,9.5,49.230000000000004,958,0,0,0,0,20.5,74,3.4000000000000004
2010,12,16,23,30,138.76,0.15,1.7000000000000002,0,0,0,0,12.100000000000001,60.64,958,0,0,0,0,19.900000000000002,71,3.6
2010,12,17,0,30,125.72,0.15,1.7000000000000002,0,0,0,0,14.200000000000001,72.21000000000001,959,0,0,0,0,19.3,67,3.6
2010,12,17,1,30,112.17,0.15,1.7000000000000002,0,0,0,0,15.600000000000001,81.5,960,0,0,0,0,18.8,61,3.4000000000000004
2010,12,17,2,30,98.43,0.15,1.7000000000000002,0,0,0,0,16.3,85.93,960,0,0,0,0,18.7,56,3.5
2010,12,17,3,30,84.54,0.15,1.6,42,108,53,0,16.5,80.5,961,42,108,0,53,20,55,4.6000000000000005
2010,12,17,4,30,71.04,0.15,1.6,116,488,275,0,16.1,65.59,962,116,488,0,275,22.900000000000002,56,6.1000000000000005
2010,12,17,5,30,57.83,0.15,1.6,158,669,514,0,14.600000000000001,49.550000000000004,962,158,669,0,514,26,56,6.4
2010,12,17,6,30,45.37,0.15,1.5,187,761,722,0,13.100000000000001,38.11,961,187,761,0,722,28.8,55,6.1000000000000005
2010,12,17,7,30,34.57,0.15,1.5,207,807,871,0,11.4,29.86,960,207,807,0,871,31.1,52,5.6000000000000005
2010,12,17,8,30,27.53,0.15,1.5,218,825,950,0,9.600000000000001,23.73,959,218,825,0,950,33,50,5.1000000000000005
2010,12,17,9,30,27.330000000000002,0.15,1.5,220,824,952,0,8,19.93,958,220,824,0,952,34.2,48,4.7
2010,12,17,10,30,34.11,0.15,1.5,202,819,880,0,6.7,17.64,957,202,819,0,880,34.800000000000004,49,4.4
2010,12,17,11,30,44.78,0.15,1.5,178,785,735,0,5.6000000000000005,16.45,956,178,785,0,735,34.7,50,4.2
2010,12,17,12,30,57.18,0.15,1.5,150,704,532,0,4.7,16.15,956,150,704,0,532,33.9,53,4.1000000000000005
2010,12,17,13,30,70.37,0.15,1.5,114,529,291,0,4,17.080000000000002,956,114,529,0,291,32,57,3.4000000000000004
2010,12,17,14,30,83.87,0.15,1.4000000000000001,48,142,63,0,3.7,20.43,957,48,142,0,63,28.6,62,2.4000000000000004
2010,12,17,15,30,97.73,0.15,1.4000000000000001,0,0,0,0,4,23.98,958,0,0,0,0,26.200000000000003,64,2.2
2010,12,17,16,30,111.47,0.15,1.4000000000000001,0,0,0,0,4.1000000000000005,25.23,959,0,0,0,0,25.400000000000002,65,2.7
2010,12,17,17,30,125.03,0.15,1.4000000000000001,0,0,0,0,4.4,27.04,959,0,0,0,0,24.6,68,3
2010,12,17,18,30,138.11,0.15,1.4000000000000001,0,0,0,0,5,30.080000000000002,960,0,0,0,0,23.6,74,3.2
2010,12,17,19,30,149.95000000000002,0.15,1.5,0,0,0,0,6.300000000000001,35.08,959,0,0,0,0,22.5,81,3.2
2010,12,17,20,30,158.31,0.15,1.5,0,0,0,0,8.5,43.35,959,0,0,0,0,21.5,85,3.2
2010,12,17,21,30,158.6,0.15,1.5,0,0,0,0,11.200000000000001,54.82,959,0,0,0,0,20.6,84,3.4000000000000004
2010,12,17,22,30,150.57,0.15,1.6,0,0,0,0,13.700000000000001,67.4,958,0,0,0,0,19.900000000000002,79,3.5
2010,12,17,23,30,138.85,0.15,1.6,0,0,0,0,15.600000000000001,79.26,958,0,0,0,0,19.3,74,3.6
2010,12,18,0,30,125.82000000000001,0.15,1.5,0,0,0,0,17,88.74,959,0,0,0,0,18.900000000000002,71,3.4000000000000004
2010,12,18,1,30,112.27,0.15,1.5,0,0,0,0,17.900000000000002,95.55,960,0,0,0,0,18.6,67,3.4000000000000004
2010,12,18,2,30,98.54,0.15,1.5,0,0,0,0,18.3,97.36,960,0,0,0,0,18.7,63,3.7
2010,12,18,3,30,84.65,0.15,1.5,42,56,47,0,18.3,90.18,961,42,56,0,47,20,60,4.5
2010,12,18,4,30,71.16,0.15,1.5,124,453,270,0,17.8,72.96000000000001,962,124,453,0,270,22.900000000000002,59,5.5
2010,12,18,5,30,57.95,0.15,1.5,152,686,516,0,16.1,53.89,962,152,686,0,516,26.200000000000003,59,5.800000000000001
2010,12,18,6,30,45.480000000000004,0.15,1.5,157,822,733,0,13.8,39.43,961,157,822,0,733,29,58,5.6000000000000005
2010,12,18,7,30,34.68,0.15,1.5,160,887,890,0,11.9,30.55,960,160,887,0,890,31.3,57,5.2
2010,12,18,8,30,27.59,0.15,1.6,157,920,972,0,10.600000000000001,25.34,959,157,920,0,972,33,56,4.7
2010,12,18,9,30,27.330000000000002,0.15,1.6,150,931,977,0,9.5,22.1,958,150,931,0,977,34.2,57,4.2
2010,12,18,10,30,34.05,0.15,1.7000000000000002,141,917,901,0,8.700000000000001,20.21,957,141,917,0,901,34.800000000000004,59,3.8000000000000003
2010,12,18,11,30,44.7,0.15,1.8,129,875,751,0,8,19.330000000000002,956,129,875,0,751,34.800000000000004,62,3.6
2010,12,18,12,30,57.08,0.15,1.8,114,795,545,0,7.6000000000000005,19.5,956,114,795,0,545,34.1,66,3.4000000000000004
2010,12,18,13,30,70.26,0.15,1.9000000000000001,89,628,302,0,7.300000000000001,21.19,956,89,628,0,302,32.300000000000004,69,2.9000000000000004
2010,12,18,14,30,83.76,0.15,1.9000000000000001,43,239,69,0,7.5,25.7,957,43,239,0,69,29.1,70,2
2010,12,18,15,30,97.62,0.15,1.9000000000000001,0,0,0,0,7.9,30.52,958,0,0,0,0,26.700000000000003,70,1.8
2010,12,18,16,30,111.35000000000001,0.15,1.9000000000000001,0,0,0,0,8,32.18,958,0,0,0,0,25.900000000000002,67,2.2
2010,12,18,17,30,124.92,0.15,1.9000000000000001,0,0,0,0,8.200000000000001,34.12,959,0,0,0,0,25.1,66,2.5
2010,12,18,18,30,137.99,0.15,1.9000000000000001,0,0,0,0,8.5,37.06,959,0,0,0,0,24.1,70,2.5
2010,12,18,19,30,149.84,0.15,1.9000000000000001,0,0,0,0,9.4,41.64,959,0,0,0,0,23.1,78,2.5
2010,12,18,20,30,158.25,0.15,1.9000000000000001,0,0,0,0,11,48.9,958,0,0,0,0,22.200000000000003,86,2.7
2010,12,18,21,30,158.61,0.15,1.9000000000000001,0,0,0,0,13,59.28,958,0,0,0,0,21.3,87,2.9000000000000004
2010,12,18,22,30,150.64000000000001,0.15,1.9000000000000001,0,0,0,0,14.8,69.87,958,0,0,0,0,20.5,84,3
2010,12,18,23,30,138.94,0.15,1.9000000000000001,0,0,0,0,16,78.97,958,0,0,0,0,19.8,79,3
2010,12,19,0,30,125.92,0.15,1.8,0,0,0,0,16.8,86.14,958,0,0,0,0,19.200000000000003,74,3.1
2010,12,19,1,30,112.38,0.15,1.8,0,0,0,0,17.3,91.03,959,0,0,0,0,18.8,69,3.3000000000000003
2010,12,19,2,30,98.65,0.15,1.7000000000000002,0,0,0,0,17.5,92.84,959,0,0,0,0,18.7,63,3.7
2010,12,19,3,30,84.77,0.15,1.6,41,85,49,0,17.6,85.44,960,41,85,0,49,20.1,58,4.4
2010,12,19,4,30,71.27,0.15,1.6,115,484,271,0,17.2,69.62,960,115,484,0,271,23.1,56,5.1000000000000005
2010,12,19,5,30,58.06,0.15,1.5,150,691,515,0,15.9,51.52,960,150,691,0,515,26.700000000000003,56,5.4
2010,12,19,6,30,45.59,0.15,1.5,169,795,726,0,13.5,37.09,960,169,795,0,726,29.700000000000003,56,5.2
2010,12,19,7,30,34.77,0.15,1.5,182,848,879,0,11.5,28.62,959,182,848,0,879,31.900000000000002,55,4.800000000000001
2010,12,19,8,30,27.650000000000002,0.15,1.6,190,867,958,0,10.100000000000001,23.96,958,190,867,0,958,33.5,54,4.4
2010,12,19,9,30,27.330000000000002,0.15,1.7000000000000002,145,935,975,0,9.200000000000001,21.080000000000002,956,145,935,0,975,34.6,52,4.1000000000000005
2010,12,19,10,30,34,0.15,1.7000000000000002,137,923,902,0,8.4,19.54,955,137,923,0,902,35.1,50,4
2010,12,19,11,30,44.61,0.15,1.8,124,884,754,0,7.9,18.97,955,124,884,0,754,35,49,3.9000000000000004
2010,12,19,12,30,56.99,0.15,1.8,109,807,548,0,7.5,19.13,955,109,807,0,548,34.300000000000004,50,3.9000000000000004
2010,12,19,13,30,70.16,0.15,1.8,86,650,306,0,7.1000000000000005,20.46,955,86,650,0,306,32.6,51,3.3000000000000003
2010,12,19,14,30,83.65,0.15,1.8,41,271,71,0,6.9,24.25,956,41,271,0,71,29.400000000000002,52,2.4000000000000004
2010,12,19,15,30,97.5,0.15,1.8,0,0,0,0,7,28.13,957,0,0,0,0,27,53,2.3000000000000003
2010,12,19,16,30,111.24000000000001,0.15,1.8,0,0,0,0,6.9,29.09,958,0,0,0,0,26.3,52,2.9000000000000004
2010,12,19,17,30,124.8,0.15,1.8,0,0,0,0,6.9,30.78,958,0,0,0,0,25.400000000000002,52,3.1
2010,12,19,18,30,137.88,0.15,1.8,0,0,0,0,7.2,33.2,959,0,0,0,0,24.400000000000002,56,2.9000000000000004
2010,12,19,19,30,149.74,0.15,1.8,0,0,0,0,7.5,36.14,958,0,0,0,0,23.400000000000002,62,2.8000000000000003
2010,12,19,20,30,158.18,0.15,1.9000000000000001,0,0,0,0,8.200000000000001,39.88,958,0,0,0,0,22.5,70,2.8000000000000003
2010,12,19,21,30,158.63,0.15,1.9000000000000001,0,0,0,0,9.4,45.35,958,0,0,0,0,21.700000000000003,77,3
2010,12,19,22,30,150.71,0.15,2,0,0,0,0,11.200000000000001,53.67,958,0,0,0,0,20.900000000000002,81,3.2
2010,12,19,23,30,139.04,0.15,2,0,0,0,0,13.3,64.98,958,0,0,0,0,20.1,79,3.3000000000000003
2010,12,20,0,30,126.03,0.15,2.1,0,0,0,0,15.3,76.16,958,0,0,0,0,19.6,75,3.4000000000000004
2010,12,20,1,30,112.49000000000001,0.15,2.1,0,0,0,0,16.8,86.13,959,0,0,0,0,19.200000000000003,68,3.6
2010,12,20,2,30,98.77,0.15,2.1,0,0,0,0,17.900000000000002,91.4,960,0,0,0,0,19.3,63,4
2010,12,20,3,30,84.88,0.15,2.2,39,127,50,0,18.400000000000002,86.13,960,39,127,0,50,20.8,62,4.800000000000001
2010,12,20,4,30,71.39,0.15,2.2,97,548,272,0,18.2,71.29,961,97,548,0,272,23.700000000000003,63,5.5
2010,12,20,5,30,58.17,0.15,2.2,124,742,515,0,17.3,56.21,961,124,742,0,515,26.8,63,5.800000000000001
2010,12,20,6,30,45.7,0.15,2.3000000000000003,177,758,706,0,16.5,45.75,960,177,758,0,706,29.400000000000002,60,5.800000000000001
2010,12,20,7,30,34.86,0.15,2.3000000000000003,178,834,862,0,15.5,38.18,959,178,834,0,862,31.5,56,5.6000000000000005
2010,12,20,8,30,27.7,0.15,2.3000000000000003,175,873,948,0,14.4,32.28,958,175,873,0,948,33.2,51,5.300000000000001
2010,12,20,9,30,27.310000000000002,0.15,2.3000000000000003,162,893,955,0,13.3,28.29,957,162,893,0,955,34.300000000000004,48,5.1000000000000005
2010,12,20,10,30,33.93,0.15,2.3000000000000003,150,885,884,0,12.3,25.77,956,150,885,0,884,34.800000000000004,46,4.800000000000001
2010,12,20,11,30,44.52,0.15,2.3000000000000003,136,849,741,0,11.5,24.490000000000002,955,136,849,0,741,34.7,46,4.7
2010,12,20,12,30,56.89,0.15,2.3000000000000003,117,774,539,0,10.8,24.3,955,117,774,0,539,34,47,4.5
2010,12,20,13,30,70.05,0.15,2.2,90,624,303,0,10.200000000000001,25.52,956,90,624,0,303,32.5,49,3.9000000000000004
2010,12,20,14,30,83.54,0.15,2.2,42,260,71,0,10,29.39,956,42,260,0,71,29.700000000000003,52,2.7
2010,12,20,15,30,97.39,0.15,2.2,0,0,0,0,10.100000000000001,33.82,957,0,0,0,0,27.400000000000002,53,2.1
2010,12,20,16,30,111.13,0.15,2.2,0,0,0,0,10.100000000000001,35.45,958,0,0,0,0,26.6,54,2.4000000000000004
2010,12,20,17,30,124.69,0.15,2.2,0,0,0,0,10.100000000000001,37.26,958,0,0,0,0,25.8,57,2.6
2010,12,20,18,30,137.77,0.15,2.2,0,0,0,0,10.3,39.86,958,0,0,0,0,24.900000000000002,67,2.7
2010,12,20,19,30,149.64000000000001,0.15,2.3000000000000003,0,0,0,0,11.100000000000001,44.31,958,0,0,0,0,24,79,2.8000000000000003
2010,12,20,20,30,158.13,0.15,2.4000000000000004,0,0,0,0,12.8,52.44,958,0,0,0,0,23.1,89,3
2010,12,20,21,30,158.65,0.15,2.5,0,0,0,0,15.100000000000001,63.77,958,0,0,0,0,22.3,91,3.1
2010,12,20,22,30,150.79,0.15,2.6,0,0,0,0,16.900000000000002,74.55,958,0,0,0,0,21.6,87,3
2010,12,20,23,30,139.14000000000001,0.15,2.6,0,0,0,0,17.900000000000002,81.8,958,0,0,0,0,21.1,81,2.8000000000000003
2010,12,21,0,30,126.13000000000001,0.15,2.6,0,0,0,0,18.2,86.22,959,0,0,0,0,20.6,75,2.7
2010,12,21,1,30,112.60000000000001,0.15,2.6,0,0,0,0,18.1,87.47,960,0,0,0,0,20.3,70,3
2010,12,21,2,30,98.88,0.15,2.7,0,0,0,1,18.1,86.01,960,0,0,0,0,20.5,66,3.5
2010,12,21,3,30,84.99,0.15,2.7,35,172,50,0,18.3,79.93,961,35,172,0,50,21.900000000000002,64,4.6000000000000005
2010,12,21,4,30,71.5,0.15,2.7,84,594,273,0,18.7,70.27,962,84,594,0,273,24.5,62,5.7
2010,12,21,5,30,58.28,0.15,2.8000000000000003,104,777,513,0,18.3,58.31,962,104,777,0,513,27.200000000000003,60,6
2010,12,21,6,30,45.800000000000004,0.15,2.9000000000000004,118,862,719,0,17.5,48.44,961,118,862,0,719,29.5,57,5.9
2010,12,21,7,30,34.95,0.15,2.9000000000000004,129,903,870,0,16.7,41.22,960,129,903,0,870,31.400000000000002,54,5.7
2010,12,21,8,30,27.75,0.15,2.9000000000000004,134,923,951,0,15.600000000000001,35.88,959,134,923,0,951,32.7,53,5.4
2010,12,21,9,30,27.29,0.15,2.9000000000000004,138,917,953,0,14.700000000000001,32.37,958,138,917,0,953,33.5,52,5.1000000000000005
2010,12,21,10,30,33.86,0.15,2.9000000000000004,134,898,880,0,14.200000000000001,30.53,957,134,898,0,880,33.9,53,4.800000000000001
2010,12,21,11,30,44.43,0.15,2.8000000000000003,125,859,738,0,13.8,29.92,956,125,859,0,738,33.800000000000004,55,4.5
2010,12,21,12,30,56.78,0.15,2.8000000000000003,124,741,531,1,13.4,30.11,956,124,741,0,531,33.2,56,4.2
2010,12,21,13,30,69.94,0.15,2.8000000000000003,95,589,297,2,12.9,31.5,956,155,8,0,158,31.900000000000002,58,3.6
2010,12,21,14,30,83.43,0.15,2.7,43,240,71,3,12.600000000000001,34.45,957,57,5,7,57,30,62,2.6
2010,12,21,15,30,97.28,0.15,2.7,0,0,0,0,12.5,37.26,958,0,0,0,0,28.5,65,2.2
2010,12,21,16,30,111.01,0.15,2.6,0,0,0,0,12.3,38.08,958,0,0,0,0,27.900000000000002,65,2.6
2010,12,21,17,30,124.58,0.15,2.5,0,0,0,0,12.100000000000001,39.37,959,0,0,0,0,27.1,65,2.9000000000000004
2010,12,21,18,30,137.67000000000002,0.15,2.4000000000000004,0,0,0,0,11.9,41.68,959,0,0,0,0,25.900000000000002,66,3
2010,12,21,19,30,149.55,0.15,2.3000000000000003,0,0,0,0,11.8,44.4,958,0,0,0,0,24.700000000000003,72,3
2010,12,21,20,30,158.08,0.15,2.3000000000000003,0,0,0,0,12.100000000000001,48.34,958,0,0,0,0,23.6,80,2.9000000000000004
2010,12,21,21,30,158.69,0.15,2.3000000000000003,0,0,0,0,13.100000000000001,55.07,958,0,0,0,0,22.6,87,3
2010,12,21,22,30,150.87,0.15,2.3000000000000003,0,0,0,0,14.9,65.15,958,0,0,0,0,21.700000000000003,88,3.1
2010,12,21,23,30,139.24,0.15,2.3000000000000003,0,0,0,0,16.6,75.36,958,0,0,0,0,21.1,85,3
2010,12,22,0,30,126.24000000000001,0.15,2.3000000000000003,0,0,0,0,17.8,84.65,959,0,0,0,0,20.5,79,3
2010,12,22,1,30,112.72,0.15,2.4000000000000004,0,0,0,0,18.5,90.79,959,0,0,0,0,20.1,72,2.7
2010,12,22,2,30,98.99000000000001,0.15,2.4000000000000004,0,0,0,0,18.900000000000002,93.98,960,0,0,0,0,19.900000000000002,66,2.7
2010,12,22,3,30,85.10000000000001,0.15,2.5,36,132,48,0,18.900000000000002,86.37,961,36,132,0,48,21.3,62,3.8000000000000003
2010,12,22,4,30,71.61,0.15,2.6,92,555,267,0,18,68.73,961,92,555,0,267,24.1,61,5.2
2010,12,22,5,30,58.39,0.15,2.7,117,742,506,0,16.6,52.69,962,117,742,0,506,27.1,59,5.6000000000000005
2010,12,22,6,30,45.9,0.15,2.7,134,833,713,0,15.8,42.800000000000004,961,134,833,0,713,29.8,56,5.4
2010,12,22,7,30,35.03,0.15,2.8000000000000003,147,873,862,0,15.4,37.02,960,147,873,0,862,31.900000000000002,54,5.2
2010,12,22,8,30,27.78,0.15,2.8000000000000003,158,885,941,0,15,32.92,959,158,885,0,941,33.5,53,4.9
2010,12,22,9,30,27.27,0.15,2.8000000000000003,157,889,947,0,14.4,29.88,957,157,889,0,947,34.6,54,4.7
2010,12,22,10,30,33.79,0.15,2.8000000000000003,148,877,877,0,13.8,27.86,956,148,877,0,877,35.1,57,4.6000000000000005
2010,12,22,11,30,44.33,0.15,2.9000000000000004,135,837,734,0,13.200000000000001,26.89,955,135,837,0,734,35,60,4.4
2010,12,22,12,30,56.68,0.15,2.9000000000000004,145,690,524,0,12.600000000000001,26.97,955,145,690,0,524,34.300000000000004,64,4.2
2010,12,22,13,30,69.83,0.15,2.9000000000000004,114,510,290,0,12.200000000000001,28.38,955,114,510,0,290,32.9,67,3.8000000000000003
2010,12,22,14,30,83.32000000000001,0.15,2.9000000000000004,50,150,67,3,12,31.560000000000002,956,59,5,7,60,30.8,72,2.8000000000000003
2010,12,22,15,30,97.16,0.15,2.9000000000000004,0,0,0,1,12.100000000000001,34.67,957,0,0,0,0,29.3,76,2.5
2010,12,22,16,30,110.9,0.15,2.9000000000000004,0,0,0,0,12.200000000000001,36.300000000000004,957,0,0,0,0,28.6,79,2.9000000000000004
2010,12,22,17,30,124.47,0.15,2.8000000000000003,0,0,0,0,12.3,38.730000000000004,958,0,0,0,0,27.6,85,3.2
2010,12,22,18,30,137.56,0.15,2.8000000000000003,0,0,0,0,12.5,42.17,958,0,0,0,0,26.400000000000002,95,3.6
2010,12,22,19,30,149.46,0.15,2.9000000000000004,0,0,0,0,13.4,48.52,958,0,0,0,0,25,102,3.8000000000000003
2010,12,22,20,30,158.04,0.15,2.9000000000000004,0,0,0,0,15.200000000000001,59.18,958,0,0,0,0,23.6,103,3.7
2010,12,22,21,30,158.72,0.15,2.9000000000000004,0,0,0,0,16.900000000000002,70.56,958,0,0,0,0,22.5,99,3.3000000000000003
2010,12,22,22,30,150.96,0.15,2.9000000000000004,0,0,0,0,18.2,80.79,957,0,0,0,0,21.6,94,3
2010,12,22,23,30,139.34,0.15,2.9000000000000004,0,0,0,0,18.900000000000002,87.99,957,0,0,0,0,21,89,2.9000000000000004
2010,12,23,0,30,126.35000000000001,0.15,2.9000000000000004,0,0,0,0,19.3,92.17,958,0,0,0,0,20.6,83,2.9000000000000004
2010,12,23,1,30,112.83,0.15,2.9000000000000004,0,0,0,0,19.400000000000002,95.06,958,0,0,0,0,20.200000000000003,76,3
2010,12,23,2,30,99.11,0.15,2.9000000000000004,0,0,0,0,19.400000000000002,95.08,959,0,0,0,0,20.200000000000003,70,3.4000000000000004
2010,12,23,3,30,85.21000000000001,0.15,2.9000000000000004,35,117,45,0,19.3,87.14,959,35,117,0,45,21.5,67,4.5
2010,12,23,4,30,71.72,0.15,2.9000000000000004,90,554,264,0,18.5,70.49,960,90,554,0,264,24.200000000000003,66,5.6000000000000005
2010,12,23,5,30,58.5,0.15,2.8000000000000003,110,759,507,0,16.6,51.870000000000005,960,110,759,0,507,27.400000000000002,67,5.800000000000001
2010,12,23,6,30,46,0.15,2.8000000000000003,127,844,713,0,14.700000000000001,38.550000000000004,959,127,844,0,713,30.400000000000002,68,5.5
2010,12,23,7,30,35.1,0.15,2.8000000000000003,131,900,868,0,13.600000000000001,31.220000000000002,958,131,900,0,868,32.9,68,5.1000000000000005
2010,12,23,8,30,27.810000000000002,0.15,2.8000000000000003,132,928,952,0,13.100000000000001,27.39,957,132,928,0,952,34.6,68,4.7
2010,12,23,9,30,27.23,0.15,2.8000000000000003,127,937,960,0,12.5,24.72,956,127,937,0,960,35.800000000000004,70,4.2
2010,12,23,10,30,33.71,0.15,2.8000000000000003,122,922,889,0,11.8,22.92,955,122,922,0,889,36.300000000000004,73,3.9000000000000004
2010,12,23,11,30,44.230000000000004,0.15,2.8000000000000003,113,884,746,0,11.100000000000001,21.97,954,113,884,0,746,36.2,77,3.7
2010,12,23,12,30,56.57,0.15,2.8000000000000003,100,810,546,0,10.5,21.92,954,100,810,0,546,35.5,80,3.6
2010,12,23,13,30,69.72,0.15,2.8000000000000003,80,658,308,0,10,23.2,954,80,658,0,308,33.9,82,3.1
2010,12,23,14,30,83.21000000000001,0.15,2.8000000000000003,41,297,76,0,9.8,27.11,955,41,297,0,76,30.900000000000002,86,2.2
2010,12,23,15,30,97.05,0.15,2.8000000000000003,0,0,0,0,10,31.220000000000002,956,0,0,0,0,28.700000000000003,90,2.1
2010,12,23,16,30,110.79,0.15,2.8000000000000003,0,0,0,0,10.3,33.08,957,0,0,0,0,28,95,2.8000000000000003
2010,12,23,17,30,124.36,0.15,2.9000000000000004,0,0,0,0,11,36.92,958,0,0,0,0,27,102,3.5
2010,12,23,18,30,137.46,0.15,3,0,0,0,0,12.700000000000001,44.79,958,0,0,0,0,25.6,106,3.7
2010,12,23,19,30,149.38,0.15,3.1,0,0,0,0,14.8,55.92,958,0,0,0,0,24.200000000000003,106,3.5
2010,12,23,20,30,158,0.15,3.2,0,0,0,0,16.8,67.8,958,0,0,0,0,23.1,103,3.3000000000000003
2010,12,23,21,30,158.77,0.15,3.2,0,0,0,1,18.400000000000002,78.06,957,0,0,0,0,22.400000000000002,96,3.4000000000000004
2010,12,23,22,30,151.05,0.15,3.2,0,0,0,0,19.5,86.26,957,0,0,0,0,21.900000000000002,89,3.6
2010,12,23,23,30,139.45000000000002,0.15,3.2,0,0,0,0,20.1,91.13,957,0,0,0,0,21.6,86,3.7
2010,12,24,0,30,126.47,0.15,3.2,0,0,0,0,20.3,93.5,958,0,0,0,0,21.400000000000002,85,3.6
2010,12,24,1,30,112.94,0.15,3.2,0,0,0,0,20.400000000000002,94.39,958,0,0,0,0,21.3,85,3.5
2010,12,24,2,30,99.22,0.15,3.2,0,0,0,0,20.400000000000002,94.48,959,0,0,0,0,21.3,83,3.6
2010,12,24,3,30,85.32000000000001,0.15,3.2,34,139,45,0,20.400000000000002,88.2,960,34,139,0,45,22.400000000000002,81,4.3
2010,12,24,4,30,71.83,0.15,3.2,83,581,264,0,19.8,73.09,960,83,581,0,264,25,79,5
2010,12,24,5,30,58.6,0.15,3.1,98,784,507,1,18.8,57.14,960,98,784,0,507,28.1,77,5.2
2010,12,24,6,30,46.09,0.15,3.1,106,880,717,0,17.400000000000002,43.980000000000004,960,106,880,0,717,31.1,74,4.9
2010,12,24,7,30,35.17,0.15,3.2,112,926,868,0,15.9,34.800000000000004,959,112,926,0,868,33.6,71,4.5
2010,12,24,8,30,27.830000000000002,0.15,3.2,116,945,952,0,14.8,29.43,958,116,945,0,952,35.300000000000004,68,4.1000000000000005
2010,12,24,9,30,27.19,0.15,3.2,123,935,955,0,13.9,26.09,956,123,935,0,955,36.4,67,3.6
2010,12,24,10,30,33.62,0.15,3.3000000000000003,121,915,883,0,13.200000000000001,24.36,955,121,915,0,883,36.800000000000004,69,3.3000000000000003
2010,12,24,11,30,44.13,0.15,3.3000000000000003,114,874,741,0,12.600000000000001,23.740000000000002,954,114,874,0,741,36.6,71,3.1
2010,12,24,12,30,56.46,0.15,3.3000000000000003,114,763,536,0,12.200000000000001,24.12,954,114,763,0,536,35.800000000000004,73,3
2010,12,24,13,30,69.61,0.15,3.4000000000000004,91,603,301,0,11.9,25.78,955,91,603,0,301,34.300000000000004,76,2.6
2010,12,24,14,30,83.10000000000001,0.15,3.4000000000000004,45,249,75,0,11.9,29.04,955,45,249,0,75,32.1,83,1.9000000000000001
2010,12,24,15,30,96.94,0.15,3.4000000000000004,0,0,0,1,12.100000000000001,31.87,956,0,0,0,0,30.700000000000003,92,1.9000000000000001
2010,12,24,16,30,110.68,0.15,3.4000000000000004,0,0,0,8,12.3,33.67,957,0,0,0,0,30,103,3
2010,12,24,17,30,124.25,0.15,3.5,0,0,0,3,13.4,39.08,958,0,0,0,0,28.700000000000003,113,4.1000000000000005
2010,12,24,18,30,137.36,0.15,3.7,0,0,0,0,15.8,50.480000000000004,958,0,0,0,0,26.900000000000002,116,4.6000000000000005
2010,12,24,19,30,149.3,0.15,3.8000000000000003,0,0,0,0,18.2,65.26,958,0,0,0,0,25.200000000000003,115,4.5
2010,12,24,20,30,157.97,0.15,3.8000000000000003,0,0,0,0,19.8,76.81,958,0,0,0,0,24.1,110,4.2
2010,12,24,21,30,158.82,0.15,3.8000000000000003,0,0,0,7,20.5,83.86,958,0,0,0,0,23.400000000000002,105,4
2010,12,24,22,30,151.15,0.15,3.7,0,0,0,0,20.8,87.62,958,0,0,0,0,23,100,3.9000000000000004
2010,12,24,23,30,139.56,0.15,3.6,0,0,0,0,21,89.39,957,0,0,0,0,22.8,95,3.8000000000000003
2010,12,25,0,30,126.58,0.15,3.5,0,0,0,3,21,90.92,958,0,0,0,0,22.6,91,3.6
2010,12,25,1,30,113.06,0.15,3.4000000000000004,0,0,0,3,20.900000000000002,90.8,958,0,0,0,0,22.5,87,3.5
2010,12,25,2,30,99.33,0.15,3.3000000000000003,0,0,0,1,20.8,89.86,959,0,0,0,0,22.5,85,3.6
2010,12,25,3,30,85.43,0.15,3.2,34,114,43,1,20.6,84.15,960,34,114,0,43,23.400000000000002,85,4.1000000000000005
2010,12,25,4,30,71.94,0.15,3.1,90,547,260,2,20.1,71.64,960,175,43,0,188,25.6,85,4.6000000000000005
2010,12,25,5,30,58.7,0.15,3,110,754,501,0,19.400000000000002,58.46,960,110,754,0,501,28.3,84,4.6000000000000005
2010,12,25,6,30,46.18,0.15,3,128,838,708,0,18.2,46.550000000000004,960,128,838,0,708,31,81,4.4
2010,12,25,7,30,35.230000000000004,0.15,3,135,890,862,0,16.900000000000002,37.56,959,135,890,0,862,33.300000000000004,78,4
2010,12,25,8,30,27.85,0.15,3,139,914,946,0,15.600000000000001,31.62,958,139,914,0,946,34.9,76,3.5
2010,12,25,9,30,27.14,0.15,3,145,905,950,0,14.3,27.47,956,145,905,0,950,36,75,3.2
2010,12,25,10,30,33.53,0.15,3,143,883,879,1,13.3,25.2,955,143,883,0,879,36.4,76,3.1
2010,12,25,11,30,44.02,0.15,3.1,138,832,736,1,12.600000000000001,24.18,955,138,832,0,736,36.300000000000004,78,3.1
2010,12,25,12,30,56.34,0.15,3.1,126,740,536,3,12.100000000000001,24.47,955,336,128,0,407,35.5,81,3.2
2010,12,25,13,30,69.49,0.15,3.1,101,571,301,1,11.9,25.98,955,101,571,0,301,34.1,83,3
2010,12,25,14,30,82.98,0.15,3.2,49,205,74,3,11.9,28.94,956,61,6,7,62,32.2,88,2.3000000000000003
2010,12,25,15,30,96.82000000000001,0.15,3.2,0,0,0,3,12.3,31.91,957,0,0,0,0,30.900000000000002,97,2.4000000000000004
2010,12,25,16,30,110.57000000000001,0.15,3.3000000000000003,0,0,0,3,12.8,34.92,958,0,0,0,0,30,108,3.4000000000000004
2010,12,25,17,30,124.15,0.15,3.4000000000000004,0,0,0,0,14.3,41.62,958,0,0,0,0,28.6,117,4.4
2010,12,25,18,30,137.27,0.15,3.5,0,0,0,0,16.8,54.44,959,0,0,0,0,26.700000000000003,121,4.9
2010,12,25,19,30,149.23,0.15,3.6,0,0,0,0,19,69.14,959,0,0,0,0,25,120,4.9
2010,12,25,20,30,157.95000000000002,0.15,3.6,0,0,0,0,20.1,79.22,959,0,0,0,0,23.900000000000002,116,4.6000000000000005
2010,12,25,21,30,158.88,0.15,3.6,0,0,0,0,20.5,83.65,958,0,0,0,0,23.400000000000002,111,4.4
2010,12,25,22,30,151.25,0.15,3.6,0,0,0,0,20.5,85.53,958,0,0,0,0,23.1,108,4.3
2010,12,25,23,30,139.68,0.15,3.5,0,0,0,0,20.6,86.72,958,0,0,0,0,22.900000000000002,105,4.2
2010,12,26,0,30,126.7,0.15,3.4000000000000004,0,0,0,0,20.6,87.83,958,0,0,0,0,22.700000000000003,102,4
2010,12,26,1,30,113.18,0.15,3.3000000000000003,0,0,0,0,20.6,89.56,959,0,0,0,0,22.400000000000002,99,3.8000000000000003
2010,12,26,2,30,99.45,0.15,3.3000000000000003,0,0,0,0,20.6,89.33,959,0,0,0,0,22.400000000000002,95,3.7
2010,12,26,3,30,85.54,0.15,3.2,33,105,41,0,20.5,84.09,960,33,105,0,41,23.3,91,4.1000000000000005
2010,12,26,4,30,72.04,0.15,3.1,91,531,255,0,20,72.11,961,91,531,0,255,25.400000000000002,86,4.6000000000000005
2010,12,26,5,30,58.800000000000004,0.15,3.1,114,736,495,0,19.400000000000002,58.6,961,114,736,0,495,28.3,81,4.6000000000000005
2010,12,26,6,30,46.26,0.15,3.1,126,837,705,0,18.400000000000002,46.57,960,126,837,0,705,31.200000000000003,76,4.5
2010,12,26,7,30,35.29,0.15,3.1,135,887,859,0,17.2,37.44,959,135,887,0,859,33.7,71,4.2
2010,12,26,8,30,27.86,0.15,3.2,140,906,941,0,16.1,31.89,958,140,906,0,941,35.4,68,3.9000000000000004
2010,12,26,9,30,27.09,0.15,3.2,134,919,952,0,15.3,28.41,956,134,919,0,952,36.5,67,3.7
2010,12,26,10,30,33.44,0.15,3.2,128,905,883,0,14.600000000000001,26.580000000000002,955,128,905,0,883,36.9,68,3.6
2010,12,26,11,30,43.910000000000004,0.15,3.3000000000000003,119,864,742,3,14,25.94,955,414,89,0,479,36.7,71,3.6
2010,12,26,12,30,56.22,0.15,3.3000000000000003,114,766,540,0,13.600000000000001,26.54,954,114,766,0,540,35.800000000000004,74,3.7
2010,12,26,13,30,69.37,0.15,3.4000000000000004,90,612,306,3,13.4,28.330000000000002,955,105,1,0,105,34.4,77,3.4000000000000004
2010,12,26,14,30,82.87,0.15,3.4000000000000004,45,265,78,0,13.5,31.54,956,45,265,0,78,32.5,82,2.6
2010,12,26,15,30,96.71000000000001,0.15,3.4000000000000004,0,0,0,1,13.600000000000001,34.34,956,0,0,0,0,31.200000000000003,94,2.7
2010,12,26,16,30,110.46000000000001,0.15,3.4000000000000004,0,0,0,0,14.100000000000001,37.69,957,0,0,0,0,30.1,110,3.9000000000000004
2010,12,26,17,30,124.04,0.15,3.5,0,0,0,0,15.600000000000001,46.08,958,0,0,0,0,28.3,119,4.9
2010,12,26,18,30,137.18,0.15,3.5,0,0,0,0,17.8,59.300000000000004,959,0,0,0,0,26.400000000000002,120,5.1000000000000005
2010,12,26,19,30,149.16,0.15,3.5,0,0,0,0,19.3,71.08,959,0,0,0,0,24.900000000000002,116,4.800000000000001
2010,12,26,20,30,157.93,0.15,3.5,0,0,0,0,19.900000000000002,78.07000000000001,958,0,0,0,0,24,110,4.4
2010,12,26,21,30,158.95000000000002,0.15,3.4000000000000004,0,0,0,0,20.200000000000003,82.18,958,0,0,0,0,23.400000000000002,105,4.3
2010,12,26,22,30,151.36,0.15,3.3000000000000003,0,0,0,0,20.3,84.04,958,0,0,0,0,23.1,102,4.3
2010,12,26,23,30,139.79,0.15,3.2,0,0,0,0,20.200000000000003,85.54,958,0,0,0,0,22.8,99,4.2
2010,12,27,0,30,126.82000000000001,0.15,3.1,0,0,0,0,20.3,87.13,958,0,0,0,0,22.5,97,4
2010,12,27,1,30,113.29,0.15,3,0,0,0,0,20.3,89.16,958,0,0,0,0,22.200000000000003,95,3.9000000000000004
2010,12,27,2,30,99.56,0.15,3,0,0,0,0,20.200000000000003,89.76,959,0,0,0,0,22,92,4.1000000000000005
2010,12,27,3,30,85.64,0.15,2.9000000000000004,32,105,40,1,20,85.5,960,32,105,0,40,22.6,88,4.7
2010,12,27,4,30,72.15,0.15,2.9000000000000004,93,528,255,3,19.400000000000002,73.87,960,171,30,7,180,24.400000000000002,84,5.4
2010,12,27,5,30,58.89,0.15,2.9000000000000004,118,728,494,3,18.5,59.61,960,223,8,0,227,27,81,5.5
2010,12,27,6,30,46.34,0.15,2.9000000000000004,127,840,707,7,17.400000000000002,47.730000000000004,960,256,539,0,628,29.700000000000003,78,5.5
2010,12,27,7,30,35.34,0.15,2.9000000000000004,134,892,862,0,16.400000000000002,39.09,959,134,892,0,862,32.1,76,5.300000000000001
2010,12,27,8,30,27.86,0.15,3,138,914,946,0,15.600000000000001,33.72,957,138,914,0,946,33.800000000000004,75,5.1000000000000005
2010,12,27,9,30,27.02,0.15,3,162,879,945,0,14.9,30.330000000000002,956,162,879,0,945,34.9,74,4.9
2010,12,27,10,30,33.33,0.15,3,161,857,876,0,14.3,28.580000000000002,955,161,857,0,876,35.2,75,4.7
2010,12,27,11,30,43.79,0.15,3,152,808,736,0,13.600000000000001,27.810000000000002,954,152,808,0,736,34.9,75,4.6000000000000005
2010,12,27,12,30,56.1,0.15,3,135,721,538,0,12.9,27.830000000000002,954,135,721,0,538,34.1,75,4.4
2010,12,27,13,30,69.25,0.15,2.9000000000000004,107,557,304,0,12.200000000000001,28.810000000000002,954,107,557,0,304,32.7,75,4
2010,12,27,14,30,82.75,0.15,2.9000000000000004,51,211,78,0,11.600000000000001,30.48,955,51,211,0,78,31,75,3.2
2010,12,27,15,30,96.60000000000001,0.15,2.8000000000000003,0,0,0,0,11.3,32.19,956,0,0,0,0,29.6,77,2.9000000000000004
2010,12,27,16,30,110.35000000000001,0.15,2.7,0,0,0,0,10.9,33.42,957,0,0,0,0,28.6,81,3.3000000000000003
2010,12,27,17,30,123.94,0.15,2.7,0,0,0,0,10.9,35.82,958,0,0,0,0,27.400000000000002,88,3.7
2010,12,27,18,30,137.09,0.15,2.7,0,0,0,0,11.5,40.4,958,0,0,0,0,26,95,3.9000000000000004
2010,12,27,19,30,149.1,0.15,2.7,0,0,0,0,12.8,48.39,958,0,0,0,0,24.400000000000002,97,3.9000000000000004
2010,12,27,20,30,157.92000000000002,0.15,2.7,0,0,0,0,14.4,58.07,958,0,0,0,0,23.1,93,3.8000000000000003
2010,12,27,21,30,159.02,0.15,2.8000000000000003,0,0,0,0,15.9,68.04,958,0,0,0,0,22.1,88,3.7
2010,12,27,22,30,151.47,0.15,2.8000000000000003,0,0,0,0,17,76.46000000000001,958,0,0,0,0,21.3,84,3.6
2010,12,27,23,30,139.91,0.15,2.8000000000000003,0,0,0,0,17.6,82.59,958,0,0,0,0,20.700000000000003,81,3.5
2010,12,28,0,30,126.94,0.15,2.8000000000000003,0,0,0,0,18,86.97,958,0,0,0,0,20.200000000000003,79,3.5
2010,12,28,1,30,113.41,0.15,2.8000000000000003,0,0,0,0,18.1,89.57000000000001,959,0,0,0,0,19.900000000000002,77,3.5
2010,12,28,2,30,99.68,0.15,2.7,0,0,0,0,18.2,90.3,959,0,0,0,0,19.8,75,3.9000000000000004
2010,12,28,3,30,85.75,0.15,2.7,32,99,39,0,18.1,84.45,960,32,99,0,39,20.8,73,4.800000000000001
2010,12,28,4,30,72.25,0.15,2.6,93,530,254,0,17.5,69.79,961,93,530,0,254,23.3,71,5.7
2010,12,28,5,30,58.980000000000004,0.15,2.6,120,729,496,0,16.2,53.58,961,120,729,0,496,26.400000000000002,70,5.9
2010,12,28,6,30,46.42,0.15,2.6,138,823,705,0,14.9,41.300000000000004,961,138,823,0,705,29.400000000000002,69,5.7
2010,12,28,7,30,35.39,0.15,2.6,151,870,860,0,13.700000000000001,33.35,960,151,870,0,860,31.8,68,5.4
2010,12,28,8,30,27.86,0.15,2.6,158,890,945,0,12.8,28.37,958,158,890,0,945,33.6,67,4.9
2010,12,28,9,30,26.95,0.15,2.6,154,901,957,0,12.100000000000001,25.330000000000002,957,154,901,0,957,34.800000000000004,68,4.5
2010,12,28,10,30,33.22,0.15,2.7,144,889,888,0,11.5,23.67,956,144,889,0,888,35.300000000000004,69,4.1000000000000005
2010,12,28,11,30,43.67,0.15,2.7,132,854,750,0,11,23.06,955,132,854,0,750,35.2,70,3.8000000000000003
2010,12,28,12,30,55.980000000000004,0.15,2.7,120,768,549,0,10.600000000000001,23.54,955,120,768,0,549,34.4,70,3.7
2010,12,28,13,30,69.13,0.15,2.7,94,617,314,0,10.4,25.01,955,94,617,0,314,33,71,3.2
2010,12,28,14,30,82.64,0.15,2.7,47,276,83,0,10.3,28.52,956,47,276,0,83,30.6,74,2.4000000000000004
2010,12,28,15,30,96.48,0.15,2.6,0,0,0,0,10.5,31.900000000000002,956,0,0,0,0,28.900000000000002,78,2.3000000000000003
2010,12,28,16,30,110.24000000000001,0.15,2.6,0,0,0,0,10.4,33.01,957,0,0,0,0,28.200000000000003,80,2.9000000000000004
2010,12,28,17,30,123.84,0.15,2.6,0,0,0,0,10.5,35.38,958,0,0,0,0,27.1,85,3.4000000000000004
2010,12,28,18,30,137,0.15,2.5,0,0,0,0,10.9,39.2,958,0,0,0,0,25.8,93,3.6
2010,12,28,19,30,149.04,0.15,2.6,0,0,0,0,12,45.77,958,0,0,0,0,24.400000000000002,102,3.7
2010,12,28,20,30,157.92000000000002,0.15,2.6,0,0,0,0,13.600000000000001,55.09,958,0,0,0,0,23.1,105,3.6
2010,12,28,21,30,159.1,0.15,2.6,0,0,0,0,15.5,66.61,958,0,0,0,0,22,101,3.4000000000000004
2010,12,28,22,30,151.59,0.15,2.7,0,0,0,0,17,77.43,957,0,0,0,0,21.1,94,3.2
2010,12,28,23,30,140.04,0.15,2.7,0,0,0,0,17.8,84.66,957,0,0,0,0,20.5,85,3.1
2010,12,29,0,30,127.06,0.15,2.7,0,0,0,0,18.2,89.12,958,0,0,0,0,20,79,3.1
2010,12,29,1,30,113.53,0.15,2.7,0,0,0,0,18.2,91.46000000000001,959,0,0,0,0,19.6,74,3.2
2010,12,29,2,30,99.79,0.15,2.7,0,0,0,0,18,90.98,959,0,0,0,0,19.5,70,3.6
2010,12,29,3,30,85.85000000000001,0.15,2.7,31,60,35,0,17.6,82.93,960,31,60,0,35,20.6,66,4.800000000000001
2010,12,29,4,30,72.35000000000001,0.15,2.7,104,468,246,0,16.3,64.76,961,104,468,0,246,23.3,65,6
2010,12,29,5,30,59.07,0.15,2.7,136,678,485,0,14.700000000000001,48.53,961,136,678,0,485,26.400000000000002,65,6.2
2010,12,29,6,30,46.49,0.15,2.7,148,799,698,0,13.5,37.85,960,148,799,0,698,29.400000000000002,65,6
2010,12,29,7,30,35.43,0.15,2.7,158,854,854,0,12.700000000000001,31.03,959,158,854,0,854,31.900000000000002,64,5.6000000000000005
2010,12,29,8,30,27.85,0.15,2.7,164,878,941,0,12,26.78,958,164,878,0,941,33.7,64,5.2
2010,12,29,9,30,26.87,0.15,2.7,188,844,941,0,11.4,24.11,957,188,844,0,941,34.9,65,4.800000000000001
2010,12,29,10,30,33.11,0.15,2.6,182,828,876,0,10.9,22.66,956,182,828,0,876,35.4,68,4.5
2010,12,29,11,30,43.550000000000004,0.15,2.6,171,780,736,0,10.5,22.27,955,171,780,0,736,35.2,72,4.2
2010,12,29,12,30,55.86,0.15,2.6,180,617,526,0,10.200000000000001,22.79,955,180,617,0,526,34.4,75,4.1000000000000005
2010,12,29,13,30,69.01,0.15,2.6,134,454,297,0,10,24.51,956,134,454,0,297,32.9,78,3.5
2010,12,29,14,30,82.52,0.15,2.6,57,137,75,0,10,28.39,956,57,137,0,75,30.3,81,2.4000000000000004
2010,12,29,15,30,96.37,0.15,2.7,0,0,0,0,10.3,32.38,957,0,0,0,0,28.400000000000002,83,2.2
2010,12,29,16,30,110.13,0.15,2.7,0,0,0,0,10.5,33.93,958,0,0,0,0,27.8,87,2.9000000000000004
2010,12,29,17,30,123.75,0.15,2.7,0,0,0,0,10.9,37.06,959,0,0,0,0,26.8,95,3.6
2010,12,29,18,30,136.92000000000002,0.15,2.8000000000000003,0,0,0,0,11.9,43.01,959,0,0,0,0,25.400000000000002,103,3.9000000000000004
2010,12,29,19,30,148.98,0.15,2.8000000000000003,0,0,0,0,13.600000000000001,52.410000000000004,959,0,0,0,0,23.900000000000002,104,4.1000000000000005
2010,12,29,20,30,157.93,0.15,2.8000000000000003,0,0,0,0,15.600000000000001,64.94,959,0,0,0,0,22.5,99,4.2
2010,12,29,21,30,159.19,0.15,2.9000000000000004,0,0,0,0,16.8,74.03,959,0,0,0,0,21.6,93,4.1000000000000005
2010,12,29,22,30,151.71,0.15,2.9000000000000004,0,0,0,0,17.400000000000002,80.32000000000001,959,0,0,0,0,20.900000000000002,90,4
2010,12,29,23,30,140.16,0.15,2.9000000000000004,0,0,0,0,17.7,84.25,959,0,0,0,0,20.400000000000002,87,3.9000000000000004
2010,12,30,0,30,127.18,0.15,2.9000000000000004,0,0,0,0,17.7,86.79,959,0,0,0,0,20,85,3.8000000000000003
2010,12,30,1,30,113.65,0.15,2.9000000000000004,0,0,0,0,17.7,88.96000000000001,960,0,0,0,0,19.6,83,3.6
2010,12,30,2,30,99.9,0.15,2.9000000000000004,0,0,0,0,17.7,89.08,961,0,0,0,0,19.5,80,3.8000000000000003
2010,12,30,3,30,85.95,0.15,2.9000000000000004,30,64,35,0,17.5,82.48,962,30,64,0,35,20.6,76,4.800000000000001
2010,12,30,4,30,72.44,0.15,2.9000000000000004,99,483,245,3,16.7,67.43,962,98,1,0,98,23.1,74,5.9
2010,12,30,5,30,59.160000000000004,0.15,2.9000000000000004,127,699,485,0,15.3,51.72,962,127,699,0,485,26,73,6.1000000000000005
2010,12,30,6,30,46.56,0.15,2.8000000000000003,139,815,699,0,14,40.230000000000004,962,139,815,0,699,28.900000000000002,73,5.9
2010,12,30,7,30,35.47,0.15,2.8000000000000003,146,873,857,0,13,32.52,961,146,873,0,857,31.400000000000002,73,5.4
2010,12,30,8,30,27.830000000000002,0.15,2.8000000000000003,149,900,945,0,12.100000000000001,27.77,960,149,900,0,945,33.2,72,5
2010,12,30,9,30,26.79,0.15,2.8000000000000003,158,890,952,0,11.5,24.91,958,158,890,0,952,34.4,73,4.5
2010,12,30,10,30,32.99,0.15,2.8000000000000003,153,873,885,0,11.100000000000001,23.61,957,153,873,0,885,34.9,75,4.1000000000000005
2010,12,30,11,30,43.42,0.15,2.8000000000000003,145,830,747,0,10.9,23.36,957,145,830,0,747,34.800000000000004,77,3.9000000000000004
2010,12,30,12,30,55.730000000000004,0.15,2.7,129,749,551,0,10.700000000000001,24.14,957,129,749,0,551,34,78,3.8000000000000003
2010,12,30,13,30,68.89,0.15,2.7,102,593,316,0,10.5,25.87,957,102,593,0,316,32.6,79,3.3000000000000003
2010,12,30,14,30,82.4,0.15,2.7,52,252,85,0,10.5,29.22,958,52,252,0,85,30.400000000000002,82,2.3000000000000003
2010,12,30,15,30,96.26,0.15,2.6,0,0,0,0,10.600000000000001,32.7,958,0,0,0,0,28.6,86,2
2010,12,30,16,30,110.03,0.15,2.6,0,0,0,0,10.5,33.87,959,0,0,0,0,27.900000000000002,89,2.7
2010,12,30,17,30,123.65,0.15,2.6,0,0,0,0,10.700000000000001,36.33,960,0,0,0,0,26.900000000000002,96,3.3000000000000003
2010,12,30,18,30,136.84,0.15,2.7,0,0,0,0,11.5,41.53,960,0,0,0,0,25.5,103,3.8000000000000003
2010,12,30,19,30,148.93,0.15,2.7,0,0,0,0,12.9,49.89,960,0,0,0,0,24,105,3.9000000000000004
2010,12,30,20,30,157.94,0.15,2.8000000000000003,0,0,0,0,14.5,59.77,960,0,0,0,0,22.700000000000003,102,3.6
2010,12,30,21,30,159.28,0.15,2.8000000000000003,0,0,0,0,15.700000000000001,69.14,960,0,0,0,0,21.6,95,3.4000000000000004
2010,12,30,22,30,151.84,0.15,2.8000000000000003,0,0,0,0,16.400000000000002,76.11,960,0,0,0,0,20.8,87,3.4000000000000004
2010,12,30,23,30,140.29,0.15,2.7,0,0,0,0,16.8,81.08,960,0,0,0,0,20.1,82,3.3000000000000003
2010,12,31,0,30,127.31,0.15,2.7,0,0,0,0,16.900000000000002,84.19,960,0,0,0,0,19.6,78,3.3000000000000003
2010,12,31,1,30,113.76,0.15,2.7,0,0,0,0,16.900000000000002,86.53,960,0,0,0,0,19.200000000000003,75,3.3000000000000003
2010,12,31,2,30,100.01,0.15,2.7,0,0,0,0,16.900000000000002,87.33,961,0,0,0,0,19.1,72,3.6
2010,12,31,3,30,86.05,0.15,2.7,29,88,35,0,17,81.60000000000001,962,29,88,0,35,20.200000000000003,70,4.7
2010,12,31,4,30,72.54,0.15,2.6,92,522,249,0,16.5,67.33,962,92,522,0,249,22.900000000000002,68,5.800000000000001
2010,12,31,5,30,59.24,0.15,2.6,121,722,490,0,15.4,51.870000000000005,962,121,722,0,490,26.1,67,5.9
2010,12,31,6,30,46.62,0.15,2.5,138,822,703,0,14.200000000000001,39.94,962,138,822,0,703,29.200000000000003,66,5.5
2010,12,31,7,30,35.5,0.15,2.5,149,874,861,0,12.8,31.42,960,149,874,0,861,31.8,65,4.9
2010,12,31,8,30,27.8,0.15,2.5,154,899,950,0,11.5,25.8,959,154,899,0,950,33.800000000000004,64,4.4
2010,12,31,9,30,26.7,0.15,2.4000000000000004,181,863,952,0,10.5,22.580000000000002,958,181,863,0,952,35,63,4
2010,12,31,10,30,32.87,0.15,2.4000000000000004,175,846,886,0,9.700000000000001,20.85,956,175,846,0,886,35.5,65,3.7
2010,12,31,11,30,43.29,0.15,2.3000000000000003,162,807,749,0,9.200000000000001,20.1,956,162,807,0,749,35.5,67,3.6
2010,12,31,12,30,55.6,0.15,2.3000000000000003,142,724,551,0,8.8,20.44,955,142,724,0,551,34.7,70,3.5
2010,12,31,13,30,68.77,0.15,2.3000000000000003,113,559,315,0,8.5,21.97,956,113,559,0,315,33.1,73,3.1
2010,12,31,14,30,82.29,0.15,2.2,56,209,84,0,8.5,26.01,956,56,209,0,84,30.1,76,2.1
2010,12,31,15,30,96.15,0.15,2.2,0,0,0,0,8.8,30.27,957,0,0,0,0,27.8,78,1.9000000000000001
2010,12,31,16,30,109.93,0.15,2.2,0,0,0,0,8.700000000000001,31.67,958,0,0,0,0,27,78,2.4000000000000004
2010,12,31,17,30,123.56,0.15,2.2,0,0,0,0,8.9,33.79,958,0,0,0,0,26.1,82,2.7
2010,12,31,18,30,136.76,0.15,2.2,0,0,0,0,9.5,37.42,958,0,0,0,0,25,90,2.9000000000000004
2010,12,31,19,30,148.89000000000001,0.15,2.3000000000000003,0,0,0,0,10.700000000000001,43.47,958,0,0,0,0,23.900000000000002,100,3.1
2010,12,31,20,30,157.95000000000002,0.15,2.4000000000000004,0,0,0,0,12.600000000000001,53.06,958,0,0,0,0,22.700000000000003,107,3.2
2010,12,31,21,30,159.38,0.15,2.4000000000000004,0,0,0,0,14.9,65.6,958,0,0,0,0,21.6,108,3.1
2010,12,31,22,30,151.97,0.15,2.4000000000000004,0,0,0,0,16.6,76.97,958,0,0,0,0,20.8,104,3
2010,12,31,23,30,140.42000000000002,0.15,2.4000000000000004,0,0,0,0,17.7,85.53,958,0,0,0,0,20.200000000000003,98,2.9000000000000004
