Source,Location ID,City,State,Country,Latitude,Longitude,Time Zone,Elevation,Local Time Zone,Clearsky DHI Units,Clearsky DNI Units,Clearsky GHI Units,Dew Point Units,DHI Units,DNI Units,GHI Units,Solar Zenith Angle Units,Temperature Units,Pressure Units,Relative Humidity Units,Precipitable Water Units,Wind Direction Units,Wind Speed Units,Cloud Type -15,Cloud Type 0,Cloud Type 1,Cloud Type 2,Cloud Type 3,Cloud Type 4,Cloud Type 5,Cloud Type 6,Cloud Type 7,Cloud Type 8,Cloud Type 9,Cloud Type 10,Cloud Type 11,Cloud Type 12,Fill Flag 0,Fill Flag 1,Fill Flag 2,Fill Flag 3,Fill Flag 4,Fill Flag 5,Surface Albedo Units,Version
NSRDB,354149,-,-,-,5.65,-0.22,0,50,0,w/m2,w/m2,w/m2,c,w/m2,w/m2,w/m2,Degree,c,mbar,%,cm,Degrees,m/s,N/A,Clear,Probably Clear,Fog,Water,Super-Cooled Water,Mixed,Opaque Ice,Cirrus,Overlapping,Overshooting,Unknown,Dust,Smoke,N/A,Missing Image,Low Irradiance,Exceeds Clearsky,Missing CLoud Properties,Rayleigh Violation,N/A,4.0.0
Year,Month,Day,Hour,Minute,Solar Zenith Angle,Surface Albedo,Precipitable Water,Clearsky DHI,Clearsky DNI,Clearsky GHI,Cloud Type,Dew Point,Relative Humidity,Pressure,DHI,DNI,Fill Flag,GHI,Temperature,Wind Direction,Wind Speed
2015,1,1,0,30,161.52,0.18,3.6,0,0,0,7,22.8,87.17,1007,0,0,0,0,25.1,220,2.7
2015,1,1,1,30,152.97,0.18,3.6,0,0,0,7,22.8,88.65,1007,0,0,0,0,24.8,227,2.6
2015,1,1,2,30,140.8,0.18,3.6,0,0,0,7,22.700000000000003,89.94,1007,0,0,0,0,24.5,236,2.4000000000000004
2015,1,1,3,30,127.52,0.18,3.6,0,0,0,7,22.700000000000003,91.14,1007,0,0,0,0,24.200000000000003,246,2.3000000000000003
2015,1,1,4,30,113.85000000000001,0.18,3.5,0,0,0,7,22.6,92.26,1007,0,0,0,0,23.900000000000002,256,2.3000000000000003
2015,1,1,5,30,100.06,0.18,3.5,0,0,0,7,22.400000000000002,92.64,1008,0,0,0,0,23.700000000000003,266,2.4000000000000004
2015,1,1,6,30,86.12,0.18,3.4000000000000004,14,10,15,0,22.3,87.89,1009,14,10,0,15,24.400000000000002,273,2.8000000000000003
2015,1,1,7,30,72.71000000000001,0.18,3.3000000000000003,133,210,195,3,21.700000000000003,77.77,1009,147,2,0,148,25.900000000000002,278,3
2015,1,1,8,30,59.61,0.18,3.2,215,395,415,4,19.900000000000002,62.31,1009,168,0,0,168,27.8,282,2.9000000000000004
2015,1,1,9,30,47.32,0.18,3.1,262,516,612,5,17.400000000000002,47.88,1009,373,40,0,400,29.6,286,2.4000000000000004
2015,1,1,10,30,36.75,0.18,3,289,590,761,3,15.200000000000001,38.31,1008,514,105,0,599,31.1,286,1.9000000000000001
2015,1,1,11,30,29.84,0.18,3,299,627,843,7,14.100000000000001,33.160000000000004,1007,299,627,5,843,32.300000000000004,274,1.3
2015,1,1,12,30,29.32,0.18,3,277,668,859,7,12.8,29.46,1006,277,668,5,859,32.9,237,1
2015,1,1,13,30,35.47,0.18,3,264,646,790,5,13,29.77,1005,479,84,0,548,33,200,1.2000000000000002
2015,1,1,14,30,45.660000000000004,0.18,3,241,588,652,4,13.600000000000001,31.43,1005,285,1,0,286,32.7,185,1.6
2015,1,1,15,30,57.77,0.18,3,217,439,451,7,14.200000000000001,34.34,1005,217,439,5,451,31.900000000000002,181,2.1
2015,1,1,16,30,70.79,0.18,3.1,144,270,233,7,15.600000000000001,40.910000000000004,1006,144,270,5,233,30.3,181,2.4000000000000004
2015,1,1,17,30,84.21000000000001,0.18,3.1,32,37,36,5,18.2,53.7,1006,35,0,7,35,28.5,183,2.6
2015,1,1,18,30,98.08,0.18,3.2,0,0,0,4,19.200000000000003,60.89,1008,0,0,0,0,27.400000000000002,187,2.7
2015,1,1,19,30,111.87,0.18,3.2,0,0,0,8,20.1,66.82000000000001,1008,0,0,0,0,26.8,192,2.6
2015,1,1,20,30,125.59,0.18,3.2,0,0,0,7,20.900000000000002,72.06,1009,0,0,0,0,26.3,197,2.5
2015,1,1,21,30,138.96,0.18,3.2,0,0,0,7,21.5,77.27,1009,0,0,0,0,25.8,201,2.4000000000000004
2015,1,1,22,30,151.39000000000001,0.18,3.2,0,0,0,8,22,81.61,1008,0,0,0,0,25.400000000000002,205,2.3000000000000003
2015,1,1,23,30,160.79,0.18,3.2,0,0,0,5,22.400000000000002,85.74,1008,0,0,0,0,25,210,2.2
2015,1,2,0,30,161.64000000000001,0.18,3.2,0,0,0,8,22.8,88.98,1007,0,0,0,0,24.700000000000003,214,2.1
2015,1,2,1,30,153.1,0.18,3.1,0,0,0,7,23,92.02,1007,0,0,0,0,24.400000000000002,216,2.1
2015,1,2,2,30,140.94,0.18,3.1,0,0,0,0,23.200000000000003,94.63,1007,0,0,0,0,24.1,219,2.1
2015,1,2,3,30,127.65,0.18,3.1,0,0,0,0,23.3,95.97,1007,0,0,0,0,24,223,2.1
2015,1,2,4,30,113.96000000000001,0.18,3.2,0,0,0,0,23.400000000000002,97.21000000000001,1007,0,0,0,0,23.900000000000002,227,2
2015,1,2,5,30,100.16,0.18,3.2,0,0,0,0,23.5,96.60000000000001,1008,0,0,0,0,24.1,228,1.8
2015,1,2,6,30,86.21000000000001,0.18,3.3000000000000003,18,18,19,0,23.6,90.71000000000001,1009,18,18,0,19,25.200000000000003,224,1.7000000000000002
2015,1,2,7,30,72.8,0.18,3.3000000000000003,121,297,209,0,23.5,80.97,1009,121,297,0,209,27,211,1.6
2015,1,2,8,30,59.67,0.18,3.4000000000000004,179,504,433,0,22.3,67.75,1009,179,504,0,433,28.900000000000002,185,1.4000000000000001
2015,1,2,9,30,47.36,0.18,3.5,230,580,623,0,20.5,55.24,1009,230,580,0,623,30.5,162,1.5
2015,1,2,10,30,36.76,0.18,3.6,254,643,769,0,19.900000000000002,50.300000000000004,1008,254,643,0,769,31.5,154,1.7000000000000002
2015,1,2,11,30,29.8,0.18,3.6,267,670,848,0,19.700000000000003,47.83,1007,267,670,0,848,32.1,154,1.9000000000000001
2015,1,2,12,30,29.21,0.18,3.7,303,611,837,0,19.6,46.84,1007,303,611,0,837,32.4,156,2
2015,1,2,13,30,35.33,0.18,3.7,292,584,768,0,19.700000000000003,47.01,1006,292,584,0,768,32.4,158,2.1
2015,1,2,14,30,45.52,0.18,3.7,269,525,636,0,19.8,48.56,1006,269,525,0,636,32,162,2.3000000000000003
2015,1,2,15,30,57.64,0.18,3.8000000000000003,223,418,447,0,20,51.04,1006,223,418,0,447,31.3,168,2.4000000000000004
2015,1,2,16,30,70.67,0.18,3.8000000000000003,149,249,231,0,20.400000000000002,56.33,1007,149,249,0,231,30,175,2.6
2015,1,2,17,30,84.09,0.18,3.7,31,31,34,0,21.6,66.47,1008,31,31,0,34,28.400000000000002,179,2.7
2015,1,2,18,30,97.96000000000001,0.18,3.7,0,0,0,0,22.5,75.28,1008,0,0,0,0,27.3,181,2.6
2015,1,2,19,30,111.77,0.18,3.6,0,0,0,0,23.200000000000003,81.38,1009,0,0,0,0,26.700000000000003,186,2.4000000000000004
2015,1,2,20,30,125.5,0.18,3.5,0,0,0,3,23.700000000000003,86.05,1009,0,0,0,0,26.200000000000003,191,2.2
2015,1,2,21,30,138.89000000000001,0.18,3.5,0,0,0,0,23.900000000000002,89.68,1009,0,0,0,0,25.700000000000003,193,2
2015,1,2,22,30,151.35,0.18,3.4000000000000004,0,0,0,1,24,92.25,1009,0,0,0,0,25.3,198,1.8
2015,1,2,23,30,160.82,0.18,3.4000000000000004,0,0,0,1,24,94,1009,0,0,0,0,25,208,1.7000000000000002
2015,1,3,0,30,161.76,0.18,3.3000000000000003,0,0,0,0,23.900000000000002,95.43,1009,0,0,0,0,24.700000000000003,216,1.6
2015,1,3,1,30,153.24,0.18,3.2,0,0,0,0,23.8,95.33,1008,0,0,0,0,24.6,212,1.4000000000000001
2015,1,3,2,30,141.07,0.18,3.1,0,0,0,0,23.6,94.93,1008,0,0,0,0,24.5,203,1.1
2015,1,3,3,30,127.77,0.18,3,0,0,0,0,23.5,95.25,1008,0,0,0,0,24.3,204,0.8
2015,1,3,4,30,114.08,0.18,2.9000000000000004,0,0,0,0,23.400000000000002,95.27,1009,0,0,0,0,24.200000000000003,224,0.9
2015,1,3,5,30,100.27,0.18,2.9000000000000004,0,0,0,0,23.3,96.01,1010,0,0,0,0,24,245,1.1
2015,1,3,6,30,86.3,0.18,2.9000000000000004,17,16,18,0,23.3,91.24,1010,17,16,0,18,24.8,255,1.4000000000000001
2015,1,3,7,30,72.88,0.18,2.9000000000000004,125,277,206,0,23.1,81.09,1011,125,277,0,206,26.6,262,1.3
2015,1,3,8,30,59.74,0.18,2.9000000000000004,187,486,432,0,21.900000000000002,67.42,1011,187,486,0,432,28.5,266,0.8
2015,1,3,9,30,47.4,0.18,3,224,603,632,0,19.900000000000002,53.96,1011,224,603,0,632,30.3,198,0.5
2015,1,3,10,30,36.76,0.18,3,247,666,781,0,19.1,47.730000000000004,1010,247,666,0,781,31.5,124,0.8
2015,1,3,11,30,29.740000000000002,0.18,3.1,256,694,858,0,18.900000000000002,45.42,1009,256,694,0,858,32.2,123,1.5
2015,1,3,12,30,29.1,0.18,3.2,201,790,891,0,19,44.5,1008,201,790,0,891,32.6,129,2
2015,1,3,13,30,35.19,0.18,3.2,196,764,821,0,19.1,45.19,1007,196,764,0,821,32.5,134,2.4000000000000004
2015,1,3,14,30,45.38,0.18,3.3000000000000003,186,704,680,0,19.400000000000002,46.980000000000004,1007,186,704,0,680,32.1,138,2.6
2015,1,3,15,30,57.5,0.18,3.4000000000000004,219,440,455,0,19.700000000000003,49.910000000000004,1007,219,440,0,455,31.400000000000002,143,2.9000000000000004
2015,1,3,16,30,70.54,0.18,3.5,151,249,234,0,20.200000000000003,55.76,1007,151,249,0,234,30,148,3
2015,1,3,17,30,83.97,0.18,3.7,32,21,35,0,21.3,65.52,1008,32,21,0,35,28.400000000000002,151,3.1
2015,1,3,18,30,97.85000000000001,0.18,3.7,0,0,0,0,22.3,73.67,1009,0,0,0,0,27.400000000000002,152,3
2015,1,3,19,30,111.67,0.18,3.8000000000000003,0,0,0,0,23,78.88,1010,0,0,0,0,27,152,2.8000000000000003
2015,1,3,20,30,125.41,0.18,3.7,0,0,0,0,23.5,83.16,1011,0,0,0,0,26.6,150,2.4000000000000004
2015,1,3,21,30,138.82,0.18,3.7,0,0,0,0,23.8,86.10000000000001,1011,0,0,0,0,26.3,143,2
2015,1,3,22,30,151.31,0.18,3.6,0,0,0,0,23.900000000000002,88.94,1010,0,0,0,0,25.900000000000002,133,1.8
2015,1,3,23,30,160.86,0.18,3.5,0,0,0,0,24,91.42,1010,0,0,0,0,25.5,121,1.6
2015,1,4,0,30,161.89000000000001,0.18,3.5,0,0,0,0,24,92.46000000000001,1009,0,0,0,0,25.3,109,1.5
2015,1,4,1,30,153.39000000000001,0.18,3.5,0,0,0,0,24,92.9,1009,0,0,0,0,25.200000000000003,98,1.2000000000000002
2015,1,4,2,30,141.20000000000002,0.18,3.5,0,0,0,0,23.900000000000002,93.15,1009,0,0,0,0,25.1,84,0.9
2015,1,4,3,30,127.89,0.18,3.4000000000000004,0,0,0,0,23.8,93.24,1009,0,0,0,0,25,66,0.6000000000000001
2015,1,4,4,30,114.19,0.18,3.4000000000000004,0,0,0,0,23.700000000000003,94.4,1009,0,0,0,0,24.700000000000003,47,0.7000000000000001
2015,1,4,5,30,100.37,0.18,3.4000000000000004,0,0,0,0,23.700000000000003,95.28,1010,0,0,0,0,24.5,35,1
2015,1,4,6,30,86.39,0.18,3.4000000000000004,5,0,5,0,23.700000000000003,91.92,1011,5,0,0,5,25.1,32,1.7000000000000002
2015,1,4,7,30,72.95,0.18,3.4000000000000004,145,81,168,0,23.700000000000003,85.51,1012,145,81,0,168,26.3,34,2.4000000000000004
2015,1,4,8,30,59.800000000000004,0.18,3.3000000000000003,270,224,383,0,23,76.34,1012,270,224,0,383,27.5,39,3.1
2015,1,4,9,30,47.44,0.18,3.2,336,367,584,0,21.700000000000003,66.37,1011,336,367,0,584,28.6,42,3.4000000000000004
2015,1,4,10,30,36.76,0.18,3,371,454,735,0,20.1,56.43,1010,371,454,0,735,29.700000000000003,47,3.5
2015,1,4,11,30,29.68,0.18,2.8000000000000003,388,498,821,0,18.3,47.52,1009,388,498,0,821,30.700000000000003,53,3.3000000000000003
2015,1,4,12,30,28.98,0.18,2.6,386,512,834,0,16.900000000000002,41.85,1008,386,512,0,834,31.400000000000002,61,3
2015,1,4,13,30,35.050000000000004,0.18,2.4000000000000004,374,481,768,0,15.8,38.13,1008,374,481,0,768,31.8,72,2.9000000000000004
2015,1,4,14,30,45.230000000000004,0.18,2.3000000000000003,344,408,631,0,14.9,36.300000000000004,1007,344,408,0,631,31.700000000000003,83,2.8000000000000003
2015,1,4,15,30,57.36,0.18,2.3000000000000003,282,293,440,0,14.600000000000001,36.550000000000004,1007,282,293,0,440,31.200000000000003,94,2.7
2015,1,4,16,30,70.41,0.18,2.2,178,124,219,0,15.3,41.79,1008,178,124,0,219,29.6,105,2.4000000000000004
2015,1,4,17,30,83.85000000000001,0.18,2.3000000000000003,22,2,22,0,17.5,54.24,1008,22,2,0,22,27.6,111,2.4000000000000004
2015,1,4,18,30,97.74000000000001,0.18,2.3000000000000003,0,0,0,0,17.900000000000002,59.61,1009,0,0,0,0,26.400000000000002,112,2.5
2015,1,4,19,30,111.57000000000001,0.18,2.4000000000000004,0,0,0,0,18.8,65.82000000000001,1010,0,0,0,0,25.700000000000003,112,2.4000000000000004
2015,1,4,20,30,125.32000000000001,0.18,2.5,0,0,0,0,19.700000000000003,71.84,1010,0,0,0,0,25.1,111,2.2
2015,1,4,21,30,138.75,0.18,2.5,0,0,0,0,20.1,74.61,1010,0,0,0,0,24.900000000000002,109,1.9000000000000001
2015,1,4,22,30,151.28,0.18,2.5,0,0,0,0,20.1,75.01,1010,0,0,0,0,24.8,107,1.5
2015,1,4,23,30,160.9,0.18,2.5,0,0,0,0,19.900000000000002,74.25,1010,0,0,0,0,24.8,107,1
2015,1,5,0,30,162.02,0.18,2.5,0,0,0,0,19.6,72.76,1009,0,0,0,0,24.8,111,0.5
2015,1,5,1,30,153.53,0.18,2.5,0,0,0,0,19.3,73.31,1009,0,0,0,0,24.400000000000002,204,0.30000000000000004
2015,1,5,2,30,141.34,0.18,2.5,0,0,0,0,19.1,75.14,1009,0,0,0,0,23.8,303,0.5
2015,1,5,3,30,128.01,0.18,2.5,0,0,0,0,19.1,78.87,1009,0,0,0,0,23,321,1
2015,1,5,4,30,114.3,0.18,2.6,0,0,0,0,19.200000000000003,82.57000000000001,1009,0,0,0,0,22.3,334,1.5
2015,1,5,5,30,100.47,0.18,2.7,0,0,0,0,19.200000000000003,83.98,1010,0,0,0,0,22,344,2
2015,1,5,6,30,86.47,0.18,2.7,4,0,4,0,19.200000000000003,80.09,1011,4,0,0,4,22.8,353,2.7
2015,1,5,7,30,73.03,0.18,2.8000000000000003,147,86,172,0,18.900000000000002,70.75,1011,147,86,0,172,24.6,187,3.1
2015,1,5,8,30,59.86,0.18,2.7,267,248,392,0,17.1,54.94,1011,267,248,0,392,26.900000000000002,23,3.4000000000000004
2015,1,5,9,30,47.47,0.18,2.7,329,393,594,0,14.4,41.51,1011,329,393,0,594,28.8,36,3.6
2015,1,5,10,30,36.75,0.18,2.6,367,471,744,0,12.700000000000001,33.97,1010,367,471,0,744,30.3,47,3.6
2015,1,5,11,30,29.61,0.18,2.5,389,504,827,0,11.9,30.57,1009,389,504,0,827,31.200000000000003,57,3.3000000000000003
2015,1,5,12,30,28.85,0.18,2.4000000000000004,458,399,807,0,11.9,29.8,1008,458,399,0,807,31.700000000000003,69,3
2015,1,5,13,30,34.9,0.18,2.3000000000000003,439,370,743,0,12,29.75,1007,439,370,0,743,31.8,81,2.9000000000000004
2015,1,5,14,30,45.09,0.18,2.2,392,308,610,0,12,30.13,1007,392,308,0,610,31.6,94,2.7
2015,1,5,15,30,57.230000000000004,0.18,2.2,310,207,422,0,12.3,31.98,1007,310,207,0,422,30.900000000000002,106,2.5
2015,1,5,16,30,70.28,0.18,2.2,172,77,198,0,13.600000000000001,38.35,1007,172,77,0,198,29.200000000000003,118,2.1
2015,1,5,17,30,83.74,0.18,2.2,14,1,15,0,16.1,50.56,1008,14,1,0,15,27.200000000000003,124,2.1
2015,1,5,18,30,97.63,0.18,2.2,0,0,0,0,16.5,55.84,1008,0,0,0,0,26,124,2.2
2015,1,5,19,30,111.47,0.18,2.3000000000000003,0,0,0,0,17.6,62.370000000000005,1009,0,0,0,0,25.3,123,2.1
2015,1,5,20,30,125.24000000000001,0.18,2.3000000000000003,0,0,0,0,18.6,69.02,1009,0,0,0,0,24.700000000000003,121,2
2015,1,5,21,30,138.69,0.18,2.3000000000000003,0,0,0,0,19.3,73.22,1009,0,0,0,0,24.400000000000002,119,1.8
2015,1,5,22,30,151.25,0.18,2.3000000000000003,0,0,0,0,19.700000000000003,76.26,1009,0,0,0,0,24.1,119,1.6
2015,1,5,23,30,160.95000000000002,0.18,2.3000000000000003,0,0,0,0,20,78.67,1009,0,0,0,0,23.900000000000002,123,1.4000000000000001
2015,1,6,0,30,162.16,0.18,2.3000000000000003,0,0,0,0,20.200000000000003,80.11,1008,0,0,0,0,23.8,133,1.2000000000000002
2015,1,6,1,30,153.68,0.18,2.3000000000000003,0,0,0,0,20.3,81.97,1008,0,0,0,0,23.6,153,0.9
2015,1,6,2,30,141.47,0.18,2.4000000000000004,0,0,0,0,20.5,83.76,1008,0,0,0,0,23.400000000000002,185,0.7000000000000001
2015,1,6,3,30,128.14000000000001,0.18,2.4000000000000004,0,0,0,0,20.5,85.54,1008,0,0,0,0,23.1,229,0.7000000000000001
2015,1,6,4,30,114.41,0.18,2.5,0,0,0,0,20.6,87.71000000000001,1009,0,0,0,0,22.700000000000003,284,0.7000000000000001
2015,1,6,5,30,100.57000000000001,0.18,2.5,0,0,0,0,20.5,89.49,1009,0,0,0,0,22.3,331,1
2015,1,6,6,30,86.56,0.18,2.6,2,0,2,0,20.400000000000002,86.58,1010,2,0,0,2,22.8,175,1.5
2015,1,6,7,30,73.10000000000001,0.18,2.6,139,47,152,0,20.400000000000002,78.10000000000001,1011,139,47,0,152,24.5,8,1.9000000000000001
2015,1,6,8,30,59.910000000000004,0.18,2.5,286,169,371,0,19.8,67.15,1011,286,169,0,371,26.400000000000002,19,2
2015,1,6,9,30,47.5,0.18,2.4000000000000004,379,283,570,0,18.2,54.6,1010,379,283,0,570,28.200000000000003,32,2.1
2015,1,6,10,30,36.74,0.18,2.3000000000000003,427,369,723,0,16.5,44.93,1009,427,369,0,723,29.700000000000003,51,2
2015,1,6,11,30,29.53,0.18,2.3000000000000003,443,420,809,0,15.700000000000001,40.28,1008,443,420,0,809,30.700000000000003,78,1.9000000000000001
2015,1,6,12,30,28.71,0.18,2.2,428,455,827,0,15.4,38.17,1007,428,455,0,827,31.3,102,2.1
2015,1,6,13,30,34.74,0.18,2.2,406,434,763,0,15.100000000000001,37.32,1006,406,434,0,763,31.400000000000002,118,2.4000000000000004
2015,1,6,14,30,44.94,0.18,2.2,364,373,628,0,15.100000000000001,37.980000000000004,1006,364,373,0,628,31.1,127,2.5
2015,1,6,15,30,57.09,0.18,2.2,318,180,415,0,15.4,40.42,1006,318,180,0,415,30.3,133,2.6
2015,1,6,16,30,70.15,0.18,2.2,176,59,195,0,16.1,46.300000000000004,1006,176,59,0,195,28.8,137,2.4000000000000004
2015,1,6,17,30,83.62,0.18,2.3000000000000003,12,0,12,0,17.8,57.36,1007,12,0,0,12,26.900000000000002,141,2.2
2015,1,6,18,30,97.53,0.18,2.3000000000000003,0,0,0,0,18.8,65.59,1008,0,0,0,0,25.700000000000003,144,2.1
2015,1,6,19,30,111.38,0.18,2.3000000000000003,0,0,0,0,19.900000000000002,72.83,1009,0,0,0,0,25.1,145,2
2015,1,6,20,30,125.16,0.18,2.4000000000000004,0,0,0,0,20.700000000000003,78.77,1009,0,0,0,0,24.6,144,1.9000000000000001
2015,1,6,21,30,138.63,0.18,2.4000000000000004,0,0,0,0,21.1,82.87,1009,0,0,0,0,24.200000000000003,141,1.8
2015,1,6,22,30,151.23,0.18,2.4000000000000004,0,0,0,0,21.3,85.63,1009,0,0,0,0,23.900000000000002,136,1.7000000000000002
2015,1,6,23,30,161.01,0.18,2.5,0,0,0,0,21.5,87.62,1009,0,0,0,0,23.700000000000003,131,1.7000000000000002
2015,1,7,0,30,162.31,0.18,2.5,0,0,0,0,21.6,88.67,1008,0,0,0,0,23.6,126,1.6
2015,1,7,1,30,153.83,0.18,2.5,0,0,0,0,21.700000000000003,89.54,1007,0,0,0,0,23.5,123,1.5
2015,1,7,2,30,141.61,0.18,2.4000000000000004,0,0,0,0,21.700000000000003,90.34,1007,0,0,0,0,23.400000000000002,122,1.4000000000000001
2015,1,7,3,30,128.26,0.18,2.4000000000000004,0,0,0,0,21.700000000000003,90.41,1007,0,0,0,0,23.400000000000002,120,1.4000000000000001
2015,1,7,4,30,114.52,0.18,2.4000000000000004,0,0,0,0,21.700000000000003,90.98,1008,0,0,0,0,23.3,114,1.3
2015,1,7,5,30,100.66,0.18,2.4000000000000004,0,0,0,0,21.700000000000003,91.53,1009,0,0,0,0,23.200000000000003,100,1.3
2015,1,7,6,30,86.64,0.18,2.4000000000000004,0,0,0,0,21.700000000000003,88.83,1010,0,0,0,0,23.700000000000003,82,1.5
2015,1,7,7,30,73.17,0.18,2.4000000000000004,103,8,106,0,21.700000000000003,82.18,1010,103,8,0,106,25,70,1.8
2015,1,7,8,30,59.96,0.18,2.4000000000000004,292,56,320,0,21.200000000000003,72.49,1010,292,56,0,320,26.6,66,2
2015,1,7,9,30,47.52,0.18,2.5,432,145,530,0,19.900000000000002,61.03,1010,432,145,0,530,28.1,64,2.3000000000000003
2015,1,7,10,30,36.71,0.18,2.4000000000000004,520,194,675,0,18.2,51.09,1009,520,194,0,675,29.400000000000002,68,2.4000000000000004
2015,1,7,11,30,29.44,0.18,2.4000000000000004,554,215,741,0,17.2,45.89,1008,554,215,0,741,30.1,75,2.4000000000000004
2015,1,7,12,30,28.57,0.18,2.4000000000000004,586,97,671,0,16.6,43.730000000000004,1007,586,97,0,671,30.3,83,2.3000000000000003
2015,1,7,13,30,34.58,0.18,2.4000000000000004,538,82,606,0,16.3,42.96,1006,538,82,0,606,30.3,89,2.4000000000000004
2015,1,7,14,30,44.78,0.18,2.4000000000000004,434,54,472,0,16.2,43.27,1006,434,54,0,472,30.1,95,2.4000000000000004
2015,1,7,15,30,56.95,0.18,2.4000000000000004,274,22,286,0,16.400000000000002,45.52,1006,274,22,0,286,29.400000000000002,103,2.3000000000000003
2015,1,7,16,30,70.03,0.18,2.4000000000000004,89,2,90,0,17.8,53.910000000000004,1007,89,2,0,90,28,111,2.2
2015,1,7,17,30,83.51,0.18,2.5,1,0,1,0,19.1,63.440000000000005,1008,1,0,0,1,26.6,116,2.3000000000000003
2015,1,7,18,30,97.42,0.18,2.5,0,0,0,0,19.900000000000002,69.56,1008,0,0,0,0,25.900000000000002,119,2.4000000000000004
2015,1,7,19,30,111.29,0.18,2.5,0,0,0,0,20.900000000000002,75.97,1009,0,0,0,0,25.400000000000002,120,2.3000000000000003
2015,1,7,20,30,125.08,0.18,2.5,0,0,0,0,21.6,80.88,1009,0,0,0,0,25.1,122,2.2
2015,1,7,21,30,138.58,0.18,2.5,0,0,0,0,22,84.64,1010,0,0,0,0,24.8,122,2.1
2015,1,7,22,30,151.22,0.18,2.5,0,0,0,0,22.3,87.35000000000001,1009,0,0,0,0,24.5,122,2
2015,1,7,23,30,161.07,0.18,2.5,0,0,0,0,22.400000000000002,89.14,1009,0,0,0,0,24.3,123,1.8
2015,1,8,0,30,162.46,0.18,2.5,0,0,0,0,22.5,90.09,1009,0,0,0,0,24.200000000000003,124,1.7000000000000002
2015,1,8,1,30,153.99,0.18,2.5,0,0,0,0,22.5,90.62,1008,0,0,0,0,24.1,128,1.5
2015,1,8,2,30,141.75,0.18,2.5,0,0,0,0,22.400000000000002,89.57000000000001,1008,0,0,0,0,24.200000000000003,134,1.3
2015,1,8,3,30,128.38,0.18,2.5,0,0,0,0,22.3,89.03,1008,0,0,0,0,24.200000000000003,145,1
2015,1,8,4,30,114.63,0.18,2.5,0,0,0,0,22.200000000000003,88.67,1009,0,0,0,0,24.200000000000003,161,0.8
2015,1,8,5,30,100.76,0.18,2.5,0,0,0,0,22.200000000000003,88.96000000000001,1010,0,0,0,0,24.1,181,0.6000000000000001
2015,1,8,6,30,86.72,0.18,2.6,0,0,0,0,22.1,87.68,1011,0,0,0,0,24.3,202,0.5
2015,1,8,7,30,73.24,0.18,2.6,51,1,51,0,22.1,82.99,1011,51,1,0,51,25.200000000000003,208,0.4
2015,1,8,8,30,60,0.18,2.7,226,15,234,0,21.700000000000003,75.41,1011,226,15,0,234,26.400000000000002,168,0.4
2015,1,8,9,30,47.54,0.18,2.8000000000000003,395,45,425,0,19.900000000000002,61.75,1011,395,45,0,425,27.900000000000002,116,0.6000000000000001
2015,1,8,10,30,36.69,0.18,2.9000000000000004,512,74,571,0,18.2,51.51,1010,512,74,0,571,29.200000000000003,99,1
2015,1,8,11,30,29.35,0.18,2.9000000000000004,574,93,655,0,17.8,47.45,1009,574,93,0,655,30.200000000000003,101,1.4000000000000001
2015,1,8,12,30,28.42,0.18,3,577,149,708,0,17.400000000000002,44.97,1008,577,149,0,708,30.700000000000003,109,1.8
2015,1,8,13,30,34.42,0.18,3,532,152,658,0,17.3,44.07,1007,532,152,0,658,30.900000000000002,116,2.2
2015,1,8,14,30,44.63,0.18,3.1,446,129,538,0,17.400000000000002,45.22,1007,446,129,0,538,30.6,122,2.5
2015,1,8,15,30,56.800000000000004,0.18,3.1,301,42,324,0,17.8,48.21,1007,301,42,0,324,29.900000000000002,127,2.5
2015,1,8,16,30,69.9,0.18,3.2,124,7,127,0,18.900000000000002,55.85,1008,124,7,0,127,28.6,132,2.4000000000000004
2015,1,8,17,30,83.39,0.18,3.2,2,0,2,0,20.400000000000002,66.31,1008,2,0,0,2,27.200000000000003,134,2.2
2015,1,8,18,30,97.32000000000001,0.18,3.3000000000000003,0,0,0,0,21.1,72.91,1009,0,0,0,0,26.3,135,2.2
2015,1,8,19,30,111.19,0.18,3.3000000000000003,0,0,0,3,21.8,78.84,1010,0,0,0,0,25.8,135,2.1
2015,1,8,20,30,125,0.18,3.3000000000000003,0,0,0,0,22.400000000000002,83.65,1010,0,0,0,0,25.400000000000002,134,2
2015,1,8,21,30,138.52,0.18,3.2,0,0,0,0,22.8,87.45,1010,0,0,0,0,25,130,1.9000000000000001
2015,1,8,22,30,151.20000000000002,0.18,3.2,0,0,0,0,22.900000000000002,89.83,1010,0,0,0,0,24.700000000000003,126,1.8
2015,1,8,23,30,161.14000000000001,0.18,3.1,0,0,0,0,23,91.28,1009,0,0,0,0,24.5,125,1.7000000000000002
2015,1,9,0,30,162.62,0.18,3.1,0,0,0,0,23,92,1008,0,0,0,0,24.400000000000002,127,1.5
2015,1,9,1,30,154.15,0.18,3.1,0,0,0,0,23,91.9,1008,0,0,0,0,24.400000000000002,134,1.3
2015,1,9,2,30,141.88,0.18,3.1,0,0,0,0,23,92.46000000000001,1008,0,0,0,0,24.3,143,1
2015,1,9,3,30,128.5,0.18,3.1,0,0,0,0,23,92.38,1008,0,0,0,0,24.3,147,0.8
2015,1,9,4,30,114.73,0.18,3.2,0,0,0,0,23,92.25,1009,0,0,0,0,24.3,129,0.7000000000000001
2015,1,9,5,30,100.85000000000001,0.18,3.2,0,0,0,0,22.900000000000002,93.10000000000001,1010,0,0,0,0,24.1,100,0.9
2015,1,9,6,30,86.79,0.18,3.2,0,0,0,0,22.900000000000002,90.91,1011,0,0,0,0,24.5,79,1.4000000000000001
2015,1,9,7,30,73.3,0.18,3.3000000000000003,100,10,103,0,22.900000000000002,85.23,1012,100,10,0,103,25.6,68,1.9000000000000001
2015,1,9,8,30,60.050000000000004,0.18,3.3000000000000003,282,73,318,0,22.3,74.97,1012,282,73,0,318,27.1,63,2.4000000000000004
2015,1,9,9,30,47.550000000000004,0.18,3.3000000000000003,408,172,524,0,21,63.43,1011,408,172,0,524,28.6,62,2.8000000000000003
2015,1,9,10,30,36.65,0.18,3.2,480,243,675,0,19.8,55.01,1010,480,243,0,675,29.8,65,3
2015,1,9,11,30,29.26,0.18,3.1,510,288,761,0,19,49.89,1009,510,288,0,761,30.6,70,3
2015,1,9,12,30,28.27,0.18,3,566,186,730,0,18.1,45.800000000000004,1008,566,186,0,730,31.1,80,3.1
2015,1,9,13,30,34.25,0.18,2.9000000000000004,516,208,688,0,17.3,43.2,1007,516,208,0,688,31.3,90,3.2
2015,1,9,14,30,44.47,0.18,2.8000000000000003,439,183,569,0,16.8,42.12,1007,439,183,0,569,31.200000000000003,99,3.4000000000000004
2015,1,9,15,30,56.660000000000004,0.18,2.7,327,112,389,0,16.6,43.31,1007,327,112,0,389,30.5,106,3.5
2015,1,9,16,30,69.77,0.18,2.7,159,27,168,0,17.1,48.78,1007,159,27,0,168,29,110,3.3000000000000003
2015,1,9,17,30,83.28,0.18,2.6,5,0,5,0,18.5,58.57,1008,5,0,0,5,27.3,110,3.2
2015,1,9,18,30,97.21000000000001,0.18,2.6,0,0,0,0,19.400000000000002,66.13,1009,0,0,0,0,26.200000000000003,106,3.1
2015,1,9,19,30,111.10000000000001,0.18,2.5,0,0,0,0,20.200000000000003,72.51,1010,0,0,0,0,25.5,103,2.9000000000000004
2015,1,9,20,30,124.93,0.18,2.5,0,0,0,0,20.700000000000003,77.69,1010,0,0,0,0,24.900000000000002,103,2.5
2015,1,9,21,30,138.47,0.18,2.4000000000000004,0,0,0,0,21,80.35000000000001,1011,0,0,0,0,24.6,108,2
2015,1,9,22,30,151.19,0.18,2.3000000000000003,0,0,0,0,21,81.34,1011,0,0,0,0,24.400000000000002,119,1.6
2015,1,9,23,30,161.21,0.18,2.3000000000000003,0,0,0,0,20.900000000000002,81.42,1010,0,0,0,0,24.3,131,1.2000000000000002
2015,1,10,0,30,162.79,0.18,2.2,0,0,0,0,20.900000000000002,81.95,1010,0,0,0,0,24.200000000000003,135,0.8
2015,1,10,1,30,154.31,0.18,2.1,0,0,0,0,21,83.10000000000001,1009,0,0,0,0,24,124,0.7000000000000001
2015,1,10,2,30,142.02,0.18,2.1,0,0,0,0,21,84.88,1009,0,0,0,0,23.700000000000003,100,0.8
2015,1,10,3,30,128.62,0.18,2.1,0,0,0,0,21,88.07000000000001,1009,0,0,0,0,23.1,76,1.3
2015,1,10,4,30,114.84,0.18,2.1,0,0,0,0,21,92.62,1010,0,0,0,0,22.3,62,2.1
2015,1,10,5,30,100.94,0.18,2.2,0,0,0,0,21,93.67,1011,0,0,0,0,22.1,53,2.8000000000000003
2015,1,10,6,30,86.86,0.18,2.2,1,0,1,0,20.8,88.68,1012,1,0,0,1,22.8,47,3.5
2015,1,10,7,30,73.36,0.18,2.1,125,26,133,0,20.200000000000003,77.69,1013,125,26,0,133,24.3,45,4.1000000000000005
2015,1,10,8,30,60.08,0.18,2,294,122,355,0,17.400000000000002,59.620000000000005,1013,294,122,0,355,25.900000000000002,47,4.4
2015,1,10,9,30,47.56,0.18,1.8,409,219,557,0,14.200000000000001,44.19,1012,409,219,0,557,27.5,50,4.3
2015,1,10,10,30,36.61,0.18,1.7000000000000002,477,291,710,0,12.100000000000001,35.230000000000004,1011,477,291,0,710,29,57,4
2015,1,10,11,30,29.150000000000002,0.18,1.6,507,334,799,0,10.9,30.62,1010,507,334,0,799,30.1,67,3.9000000000000004
2015,1,10,12,30,28.11,0.18,1.5,575,218,767,0,10.5,28.93,1009,575,218,0,767,30.6,77,3.9000000000000004
2015,1,10,13,30,34.08,0.18,1.5,545,183,697,0,10.700000000000001,29.11,1008,545,183,0,697,30.700000000000003,85,3.9000000000000004
2015,1,10,14,30,44.31,0.18,1.5,466,131,560,0,11.100000000000001,30.57,1008,466,131,0,560,30.3,90,4
2015,1,10,15,30,56.52,0.18,1.5,331,66,367,0,11.700000000000001,33.53,1008,331,66,0,367,29.400000000000002,92,3.9000000000000004
2015,1,10,16,30,69.64,0.18,1.5,141,12,145,0,13.100000000000001,40.36,1008,141,12,0,145,27.8,94,3.4000000000000004
2015,1,10,17,30,83.16,0.18,1.5,3,0,3,0,15.100000000000001,51,1009,3,0,0,3,26,94,2.9000000000000004
2015,1,10,18,30,97.11,0.18,1.5,0,0,0,0,16.3,58.83,1010,0,0,0,0,24.900000000000002,93,2.7
2015,1,10,19,30,111.02,0.18,1.5,0,0,0,0,17.2,64.38,1010,0,0,0,0,24.400000000000002,93,2.6
2015,1,10,20,30,124.86,0.18,1.5,0,0,0,0,18,69.45,1011,0,0,0,0,23.900000000000002,92,2.6
2015,1,10,21,30,138.43,0.18,1.5,0,0,0,0,18.400000000000002,73.52,1011,0,0,0,0,23.400000000000002,90,2.5
2015,1,10,22,30,151.19,0.18,1.5,0,0,0,0,18.6,75.68,1011,0,0,0,0,23.1,88,2.4000000000000004
2015,1,10,23,30,161.29,0.18,1.5,0,0,0,0,18.6,77.32000000000001,1010,0,0,0,0,22.8,86,2.3000000000000003
2015,1,11,0,30,162.96,0.18,1.5,0,0,0,0,18.6,78.03,1010,0,0,0,0,22.6,82,2.2
2015,1,11,1,30,154.48,0.18,1.5,0,0,0,0,18.400000000000002,77.73,1009,0,0,0,0,22.5,76,2
2015,1,11,2,30,142.16,0.18,1.6,0,0,0,0,18.2,78.16,1009,0,0,0,0,22.200000000000003,68,1.8
2015,1,11,3,30,128.74,0.18,1.6,0,0,0,0,18,79.13,1010,0,0,0,0,21.8,62,1.8
2015,1,11,4,30,114.94,0.18,1.7000000000000002,0,0,0,0,17.8,81.15,1010,0,0,0,0,21.200000000000003,58,1.9000000000000001
2015,1,11,5,30,101.03,0.18,1.7000000000000002,0,0,0,0,17.7,82.08,1011,0,0,0,0,20.900000000000002,52,2
2015,1,11,6,30,86.93,0.18,1.8,1,0,1,0,17.7,78.03,1012,1,0,0,1,21.700000000000003,46,2.4000000000000004
2015,1,11,7,30,73.41,0.18,1.9000000000000001,132,32,141,0,17.6,69.56,1013,132,32,0,141,23.5,44,2.9000000000000004
2015,1,11,8,30,60.120000000000005,0.18,1.9000000000000001,294,133,360,0,16.400000000000002,57.21,1013,294,133,0,360,25.5,46,3.3000000000000003
2015,1,11,9,30,47.56,0.18,1.9000000000000001,405,227,559,0,14.3,44.27,1012,405,227,0,559,27.5,47,3.5
2015,1,11,10,30,36.57,0.18,1.8,475,292,709,0,12.4,35.83,1011,475,292,0,709,29,49,3.6
2015,1,11,11,30,29.04,0.18,1.8,509,326,794,0,11,30.8,1010,509,326,0,794,30.1,54,3.4000000000000004
2015,1,11,12,30,27.94,0.18,1.7000000000000002,513,334,808,0,10.3,28.26,1008,513,334,0,808,30.8,63,3.2
2015,1,11,13,30,33.9,0.18,1.7000000000000002,486,312,745,0,10.5,28.240000000000002,1007,486,312,0,745,31,73,3.1
2015,1,11,14,30,44.15,0.18,1.7000000000000002,429,256,613,0,10.600000000000001,28.73,1007,429,256,0,613,30.8,82,3
2015,1,11,15,30,56.370000000000005,0.18,1.8,332,165,423,0,10.9,30.54,1007,332,165,0,423,30.1,89,2.8000000000000003
2015,1,11,16,30,69.51,0.18,1.9000000000000001,183,55,202,0,12.100000000000001,36.36,1007,183,55,0,202,28.5,94,2.5
2015,1,11,17,30,83.05,0.18,1.9000000000000001,15,0,15,0,14.3,47.230000000000004,1008,15,0,0,15,26.400000000000002,96,2.4000000000000004
2015,1,11,18,30,97.01,0.18,2,0,0,0,0,14.9,52.93,1009,0,0,0,0,25.200000000000003,95,2.6
2015,1,11,19,30,110.93,0.18,2.1,0,0,0,0,15.9,58.56,1010,0,0,0,0,24.6,91,2.6
2015,1,11,20,30,124.79,0.18,2.1,0,0,0,0,16.7,63.52,1010,0,0,0,0,24.1,86,2.5
2015,1,11,21,30,138.38,0.18,2.2,0,0,0,0,17.2,67.56,1010,0,0,0,0,23.6,78,2.5
2015,1,11,22,30,151.19,0.18,2.2,0,0,0,0,17.5,70.13,1010,0,0,0,0,23.200000000000003,68,2.4000000000000004
2015,1,11,23,30,161.37,0.18,2.3000000000000003,0,0,0,0,17.5,72.16,1009,0,0,0,0,22.8,60,2.4000000000000004
2015,1,12,0,30,163.13,0.19,2.3000000000000003,0,0,0,0,17.5,73.95,1008,0,0,0,0,22.400000000000002,53,2.4000000000000004
2015,1,12,1,30,154.64000000000001,0.19,2.2,0,0,0,0,17.5,75.58,1008,0,0,0,0,22,46,2.4000000000000004
2015,1,12,2,30,142.3,0.19,2.2,0,0,0,0,17.400000000000002,76.38,1008,0,0,0,0,21.700000000000003,40,2.5
2015,1,12,3,30,128.86,0.19,2.2,0,0,0,0,17.1,76.51,1008,0,0,0,0,21.400000000000002,34,2.6
2015,1,12,4,30,115.04,0.19,2.1,0,0,0,0,16.8,75.8,1008,0,0,0,0,21.200000000000003,30,2.7
2015,1,12,5,30,101.12,0.19,2,0,0,0,0,16.400000000000002,74.75,1009,0,0,0,0,21.1,27,2.8000000000000003
2015,1,12,6,30,87,0.19,2,0,0,0,0,16.1,69.78,1010,0,0,0,0,21.900000000000002,26,3.1
2015,1,12,7,30,73.46000000000001,0.19,1.9000000000000001,126,19,131,0,15.5,60.63,1010,126,19,0,131,23.5,30,3.7
2015,1,12,8,30,60.15,0.19,1.9000000000000001,304,107,357,0,13.5,46.730000000000004,1010,304,107,0,357,25.700000000000003,38,4.3
2015,1,12,9,30,47.56,0.19,1.8,424,204,562,0,10.4,33.29,1010,424,204,0,562,28,44,4.7
2015,1,12,10,30,36.52,0.19,1.8,493,278,716,0,8.6,26.86,1009,493,278,0,716,29.700000000000003,50,4.6000000000000005
2015,1,12,11,30,28.92,0.19,1.8,521,324,805,0,8.3,24.46,1008,521,324,0,805,30.900000000000002,56,4.2
2015,1,12,12,30,27.76,0.19,1.8,553,262,785,7,9.1,24.87,1007,553,262,5,785,31.6,63,3.6
2015,1,12,13,30,33.72,0.19,1.8,517,252,727,0,9.8,25.69,1006,517,252,0,727,31.900000000000002,70,3.2
2015,1,12,14,30,43.980000000000004,0.19,1.8,448,210,599,0,10.4,26.740000000000002,1005,448,210,0,599,31.8,79,2.9000000000000004
2015,1,12,15,30,56.22,0.19,1.8,340,107,399,0,11,29,1005,340,107,0,399,31.1,90,2.6
2015,1,12,16,30,69.38,0.19,1.8,170,30,181,0,13.100000000000001,36.76,1005,170,30,0,181,29.400000000000002,102,2.3000000000000003
2015,1,12,17,30,82.94,0.19,1.9000000000000001,9,0,9,0,15.600000000000001,48.63,1006,9,0,0,9,27.400000000000002,109,2.3000000000000003
2015,1,12,18,30,96.91,0.19,1.9000000000000001,0,0,0,0,15.8,52.32,1007,0,0,0,0,26.3,110,2.5
2015,1,12,19,30,110.85000000000001,0.19,1.9000000000000001,0,0,0,0,16.2,56.1,1008,0,0,0,0,25.6,106,2.5
2015,1,12,20,30,124.73,0.19,1.9000000000000001,0,0,0,0,16.900000000000002,60.7,1009,0,0,0,0,25,98,2.2
2015,1,12,21,30,138.34,0.19,1.9000000000000001,0,0,0,0,17.3,64.13,1009,0,0,0,0,24.5,84,2
2015,1,12,22,30,151.19,0.19,1.9000000000000001,0,0,0,0,17.3,66.55,1008,0,0,0,0,23.900000000000002,66,1.8
2015,1,12,23,30,161.46,0.19,1.8,0,0,0,0,17.2,68.8,1008,0,0,0,0,23.200000000000003,45,1.7000000000000002
2015,1,13,0,30,163.32,0.19,1.8,0,0,0,0,16.900000000000002,70.59,1007,0,0,0,0,22.5,22,1.8
2015,1,13,1,30,154.81,0.19,1.7000000000000002,0,0,0,0,16.400000000000002,71.11,1007,0,0,0,0,21.900000000000002,185,2.1
2015,1,13,2,30,142.44,0.19,1.7000000000000002,0,0,0,0,16,71.16,1007,0,0,0,0,21.400000000000002,358,2.4000000000000004
2015,1,13,3,30,128.98,0.19,1.6,0,0,0,0,15.700000000000001,72.65,1007,0,0,0,0,20.8,358,2.5
2015,1,13,4,30,115.14,0.19,1.6,0,0,0,0,15.600000000000001,74.42,1008,0,0,0,0,20.3,184,2.5
2015,1,13,5,30,101.2,0.19,1.6,0,0,0,0,15.3,74.12,1009,0,0,0,0,20.1,13,2.5
2015,1,13,6,30,87.07000000000001,0.19,1.5,0,0,0,0,15.100000000000001,69.67,1010,0,0,0,0,20.8,24,2.8000000000000003
2015,1,13,7,30,73.51,0.19,1.5,103,13,107,0,14.5,60.63,1011,103,13,0,107,22.5,36,3.3000000000000003
2015,1,13,8,30,60.17,0.19,1.5,286,79,325,0,12.9,48.04,1011,286,79,0,325,24.6,47,4
2015,1,13,9,30,47.550000000000004,0.19,1.4000000000000001,431,160,540,0,10.3,35.63,1010,431,160,0,540,26.8,54,4.6000000000000005
2015,1,13,10,30,36.46,0.19,1.4000000000000001,513,227,695,0,8.8,29.080000000000002,1009,513,227,0,695,28.5,60,4.800000000000001
2015,1,13,11,30,28.8,0.19,1.4000000000000001,551,267,785,0,8.4,26.36,1008,551,267,0,785,29.700000000000003,67,4.6000000000000005
2015,1,13,12,30,27.580000000000002,0.19,1.4000000000000001,498,375,831,0,8.6,25.61,1007,498,375,0,831,30.5,74,4.2
2015,1,13,13,30,33.54,0.19,1.4000000000000001,478,345,766,0,9.3,26.57,1006,478,345,0,766,30.700000000000003,81,3.8000000000000003
2015,1,13,14,30,43.82,0.19,1.5,427,279,628,0,10,28.21,1006,427,279,0,628,30.5,88,3.6
2015,1,13,15,30,56.08,0.19,1.5,342,146,423,0,10.700000000000001,30.88,1006,342,146,0,423,29.700000000000003,94,3.2
2015,1,13,16,30,69.25,0.19,1.5,184,47,200,0,12.100000000000001,37.47,1006,184,47,0,200,27.900000000000002,101,2.8000000000000003
2015,1,13,17,30,82.82000000000001,0.19,1.6,14,0,14,0,14.5,49.410000000000004,1007,14,0,0,14,25.900000000000002,105,2.7
2015,1,13,18,30,96.81,0.19,1.6,0,0,0,0,15.600000000000001,56.99,1008,0,0,0,0,24.700000000000003,105,2.7
2015,1,13,19,30,110.76,0.19,1.7000000000000002,0,0,0,0,16.8,63.7,1008,0,0,0,0,24.1,104,2.6
2015,1,13,20,30,124.66,0.19,1.7000000000000002,0,0,0,0,17.7,70.07000000000001,1009,0,0,0,0,23.5,102,2.5
2015,1,13,21,30,138.31,0.19,1.7000000000000002,0,0,0,0,18.400000000000002,74.82000000000001,1009,0,0,0,0,23.1,101,2.5
2015,1,13,22,30,151.20000000000002,0.19,1.7000000000000002,0,0,0,0,18.8,78.61,1009,0,0,0,0,22.700000000000003,100,2.4000000000000004
2015,1,13,23,30,161.56,0.19,1.7000000000000002,0,0,0,0,19,81.27,1008,0,0,0,0,22.400000000000002,101,2.3000000000000003
2015,1,14,0,30,163.51,0.19,1.7000000000000002,0,0,0,0,19.200000000000003,82.45,1008,0,0,0,0,22.3,103,2
2015,1,14,1,30,154.98,0.19,1.7000000000000002,0,0,0,0,19.200000000000003,82.54,1007,0,0,0,0,22.3,108,1.7000000000000002
2015,1,14,2,30,142.58,0.19,1.7000000000000002,0,0,0,0,19.1,82.37,1007,0,0,0,0,22.3,115,1.4000000000000001
2015,1,14,3,30,129.09,0.19,1.7000000000000002,0,0,0,0,19.1,82.02,1007,0,0,0,0,22.3,123,1.2000000000000002
2015,1,14,4,30,115.24000000000001,0.19,1.8,0,0,0,0,19,81.9,1008,0,0,0,0,22.200000000000003,130,1
2015,1,14,5,30,101.28,0.19,1.8,0,0,0,0,18.900000000000002,81.76,1008,0,0,0,0,22.200000000000003,133,0.9
2015,1,14,6,30,87.13,0.19,1.8,0,0,0,0,19,79.57000000000001,1009,0,0,0,0,22.700000000000003,128,0.8
2015,1,14,7,30,73.56,0.19,1.8,120,21,126,0,19.1,74.17,1010,120,21,0,126,24,120,0.9
2015,1,14,8,30,60.19,0.19,1.9000000000000001,295,109,349,0,18.5,62.620000000000005,1010,295,109,0,349,26.200000000000003,111,1.2000000000000002
2015,1,14,9,30,47.54,0.19,1.9000000000000001,413,208,553,0,16.2,48.2,1009,413,208,0,553,28.200000000000003,101,1.5
2015,1,14,10,30,36.4,0.19,2,484,271,703,0,15.100000000000001,41.43,1009,484,271,0,703,29.6,99,1.7000000000000002
2015,1,14,11,30,28.67,0.19,2.1,521,303,786,0,14.8,38.69,1008,521,303,0,786,30.400000000000002,103,1.9000000000000001
2015,1,14,12,30,27.400000000000002,0.19,2.2,553,253,778,0,14.5,37.49,1007,553,253,0,778,30.700000000000003,111,2.2
2015,1,14,13,30,33.35,0.19,2.2,522,233,717,0,14.600000000000001,37.51,1006,522,233,0,717,30.700000000000003,117,2.4000000000000004
2015,1,14,14,30,43.65,0.19,2.3000000000000003,453,184,586,0,14.700000000000001,38.84,1006,453,184,0,586,30.3,123,2.6
2015,1,14,15,30,55.93,0.19,2.3000000000000003,338,111,401,0,15,41.45,1006,338,111,0,401,29.5,129,2.6
2015,1,14,16,30,69.12,0.19,2.3000000000000003,173,33,184,0,15.9,48.04,1006,173,33,0,184,27.900000000000002,136,2.5
2015,1,14,17,30,82.71000000000001,0.19,2.3000000000000003,11,0,11,0,17.2,58.02,1007,11,0,0,11,26.1,141,2.2
2015,1,14,18,30,96.72,0.19,2.3000000000000003,0,0,0,0,18.2,66.23,1008,0,0,0,0,24.900000000000002,144,2
2015,1,14,19,30,110.69,0.19,2.2,0,0,0,0,19.1,72.93,1009,0,0,0,0,24.3,142,1.8
2015,1,14,20,30,124.60000000000001,0.19,2.2,0,0,0,0,19.8,78.3,1009,0,0,0,0,23.8,138,1.6
2015,1,14,21,30,138.28,0.19,2.2,0,0,0,0,20.200000000000003,81.56,1009,0,0,0,0,23.5,131,1.4000000000000001
2015,1,14,22,30,151.21,0.19,2.2,0,0,0,0,20.3,83.45,1009,0,0,0,0,23.3,119,1.2000000000000002
2015,1,14,23,30,161.66,0.19,2.2,0,0,0,0,20.5,85.15,1009,0,0,0,0,23.1,102,1.1
2015,1,15,0,30,163.70000000000002,0.19,2.1,0,0,0,1,20.5,85.86,1008,0,0,0,0,23,84,1.1
2015,1,15,1,30,155.15,0.19,2.1,0,0,0,0,20.400000000000002,86.5,1008,0,0,0,0,22.8,67,1.1
2015,1,15,2,30,142.72,0.19,2.1,0,0,0,0,20.3,86.93,1007,0,0,0,0,22.6,53,0.9
2015,1,15,3,30,129.21,0.19,2.1,0,0,0,0,20.200000000000003,87.11,1008,0,0,0,0,22.400000000000002,39,0.7000000000000001
2015,1,15,4,30,115.34,0.19,2.1,0,0,0,0,19.900000000000002,87.03,1008,0,0,0,0,22.200000000000003,17,0.6000000000000001
2015,1,15,5,30,101.36,0.19,2.1,0,0,0,0,19.700000000000003,86.48,1008,0,0,0,0,22.1,164,0.5
2015,1,15,6,30,87.19,0.19,2.1,0,0,0,0,19.6,83.47,1009,0,0,0,0,22.5,311,0.6000000000000001
2015,1,15,7,30,73.60000000000001,0.19,2.2,123,26,131,0,19.5,75.43,1010,123,26,0,131,24.1,283,0.6000000000000001
2015,1,15,8,30,60.21,0.19,2.2,291,125,353,0,18.1,59.72,1010,291,125,0,353,26.6,191,0.5
2015,1,15,9,30,47.52,0.19,2.3000000000000003,401,228,556,0,14.9,42.09,1010,401,228,0,556,29.1,109,0.7000000000000001
2015,1,15,10,30,36.33,0.19,2.3000000000000003,463,308,711,0,14.100000000000001,36.76,1009,463,308,0,711,30.5,108,1.2000000000000002
2015,1,15,11,30,28.53,0.19,2.4000000000000004,486,358,800,0,13.8,34.62,1008,486,358,0,800,31.3,115,1.6
2015,1,15,12,30,27.2,0.19,2.5,464,404,823,0,14,34.07,1007,464,404,0,823,31.700000000000003,122,2
2015,1,15,13,30,33.15,0.19,2.6,437,389,763,0,14.3,34.86,1007,437,389,0,763,31.700000000000003,127,2.4000000000000004
2015,1,15,14,30,43.480000000000004,0.19,2.6,386,342,635,0,14.700000000000001,36.85,1006,386,342,0,635,31.200000000000003,129,2.7
2015,1,15,15,30,55.78,0.19,2.7,335,138,413,0,15.3,40.28,1006,335,138,0,413,30.3,132,2.8000000000000003
2015,1,15,16,30,69,0.19,2.8000000000000003,182,52,200,0,16.6,48.11,1007,182,52,0,200,28.6,136,2.6
2015,1,15,17,30,82.60000000000001,0.19,2.8000000000000003,18,1,18,0,18,58.65,1007,18,1,0,18,26.8,141,2.3000000000000003
2015,1,15,18,30,96.62,0.19,2.8000000000000003,0,0,0,1,19.200000000000003,67.86,1008,0,0,0,0,25.6,144,2.2
2015,1,15,19,30,110.61,0.19,2.8000000000000003,0,0,0,0,20.400000000000002,76.13,1009,0,0,0,0,24.900000000000002,144,2
2015,1,15,20,30,124.55,0.19,2.9000000000000004,0,0,0,0,21.3,82.88,1009,0,0,0,0,24.400000000000002,142,1.9000000000000001
2015,1,15,21,30,138.25,0.19,2.9000000000000004,0,0,0,0,21.900000000000002,88.15,1009,0,0,0,0,24,141,1.8
2015,1,15,22,30,151.23,0.19,2.9000000000000004,0,0,0,0,22.3,91.53,1009,0,0,0,0,23.8,140,1.7000000000000002
2015,1,15,23,30,161.77,0.19,3,0,0,0,0,22.6,93.23,1009,0,0,0,0,23.8,141,1.4000000000000001
2015,1,16,0,30,163.9,0.19,3,0,0,0,0,22.8,94.24,1009,0,0,0,0,23.8,146,1
2015,1,16,1,30,155.33,0.19,3,0,0,0,0,22.900000000000002,94.43,1008,0,0,0,0,23.8,155,0.7000000000000001
2015,1,16,2,30,142.86,0.19,3,0,0,0,0,22.8,94.29,1008,0,0,0,0,23.8,168,0.5
2015,1,16,3,30,129.32,0.19,3,0,0,0,0,22.8,95.05,1008,0,0,0,0,23.6,185,0.5
2015,1,16,4,30,115.43,0.19,2.9000000000000004,0,0,0,0,22.700000000000003,95.75,1008,0,0,0,0,23.400000000000002,202,0.6000000000000001
2015,1,16,5,30,101.44,0.19,2.9000000000000004,0,0,0,0,22.6,95.41,1009,0,0,0,0,23.400000000000002,214,0.6000000000000001
2015,1,16,6,30,87.24,0.19,2.9000000000000004,1,0,1,3,22.5,92.16,1009,1,0,5,1,23.900000000000002,225,0.8
2015,1,16,7,30,73.64,0.19,2.9000000000000004,119,34,129,0,22.5,84.4,1010,119,34,0,129,25.3,231,1
2015,1,16,8,30,60.22,0.19,2.9000000000000004,278,134,344,3,21.5,70.8,1010,292,6,0,295,27.3,222,0.9
2015,1,16,9,30,47.5,0.19,2.9000000000000004,392,210,534,0,19.3,54.910000000000004,1010,392,210,0,534,29.3,194,0.8
2015,1,16,10,30,36.26,0.19,2.9000000000000004,460,280,686,0,17.8,46.24,1009,460,280,0,686,30.700000000000003,163,0.9
2015,1,16,11,30,28.38,0.19,2.9000000000000004,492,321,774,0,17.3,43.01,1008,492,321,0,774,31.400000000000002,152,1.3
2015,1,16,12,30,27.01,0.19,2.9000000000000004,542,260,774,0,17.3,42.25,1007,542,260,0,774,31.700000000000003,156,1.7000000000000002
2015,1,16,13,30,32.95,0.19,3,494,276,726,0,17.6,42.910000000000004,1006,494,276,0,726,31.700000000000003,161,2.1
2015,1,16,14,30,43.300000000000004,0.19,3,424,252,607,0,17.900000000000002,44.81,1006,424,252,0,607,31.3,163,2.4000000000000004
2015,1,16,15,30,55.64,0.19,3,325,186,430,0,18.3,48.14,1006,325,186,0,430,30.5,164,2.6
2015,1,16,16,30,68.87,0.19,3.1,189,82,218,0,19.200000000000003,55.4,1007,189,82,0,218,29,169,2.7
2015,1,16,17,30,82.5,0.19,3.2,26,3,26,0,20.5,66.38,1007,26,3,0,26,27.3,175,2.6
2015,1,16,18,30,96.53,0.19,3.2,0,0,0,0,21.400000000000002,75.08,1008,0,0,0,0,26.200000000000003,181,2.4000000000000004
2015,1,16,19,30,110.53,0.19,3.3000000000000003,0,0,0,0,22.3,82.23,1009,0,0,0,0,25.6,186,2.2
2015,1,16,20,30,124.49000000000001,0.19,3.3000000000000003,0,0,0,0,23,87.92,1009,0,0,0,0,25.1,189,1.9000000000000001
2015,1,16,21,30,138.22,0.19,3.4000000000000004,0,0,0,0,23.3,92.21000000000001,1009,0,0,0,0,24.700000000000003,192,1.7000000000000002
2015,1,16,22,30,151.25,0.19,3.4000000000000004,0,0,0,0,23.6,95.29,1009,0,0,0,0,24.400000000000002,198,1.6
2015,1,16,23,30,161.88,0.19,3.4000000000000004,0,0,0,0,23.700000000000003,97.13,1008,0,0,0,0,24.200000000000003,206,1.5
2015,1,17,0,30,164.11,0.19,3.4000000000000004,0,0,0,0,23.8,98.07000000000001,1008,0,0,0,0,24.1,215,1.4000000000000001
2015,1,17,1,30,155.5,0.19,3.4000000000000004,0,0,0,0,23.8,99.36,1008,0,0,0,0,23.900000000000002,224,1.4000000000000001
2015,1,17,2,30,143,0.19,3.4000000000000004,0,0,0,0,23.8,99.93,1008,0,0,0,0,23.8,231,1.4000000000000001
2015,1,17,3,30,129.44,0.19,3.4000000000000004,0,0,0,0,23.700000000000003,100,1008,0,0,0,0,23.700000000000003,236,1.5
2015,1,17,4,30,115.53,0.19,3.4000000000000004,0,0,0,0,23.5,100,1008,0,0,0,0,23.5,240,1.5
2015,1,17,5,30,101.51,0.19,3.4000000000000004,0,0,0,0,23.5,100,1009,0,0,0,0,23.5,243,1.6
2015,1,17,6,30,87.3,0.19,3.4000000000000004,1,0,1,0,23.700000000000003,95.84,1009,1,0,0,1,24.400000000000002,244,1.7000000000000002
2015,1,17,7,30,73.67,0.19,3.4000000000000004,126,50,140,0,23.700000000000003,87.38,1010,126,50,0,140,26,245,2
2015,1,17,8,30,60.230000000000004,0.19,3.4000000000000004,270,177,357,0,23,75.31,1010,270,177,0,357,27.8,243,1.9000000000000001
2015,1,17,9,30,47.47,0.19,3.4000000000000004,368,289,563,0,21.8,63.160000000000004,1010,368,289,0,563,29.5,242,1.6
2015,1,17,10,30,36.18,0.19,3.4000000000000004,421,365,715,0,20.6,54.28,1009,421,365,0,715,30.900000000000002,240,1.5
2015,1,17,11,30,28.23,0.19,3.5,447,402,801,0,19.700000000000003,48.370000000000005,1008,447,402,0,801,31.900000000000002,232,1.4000000000000001
2015,1,17,12,30,26.8,0.19,3.5,440,425,820,0,19.1,45.18,1008,440,425,0,820,32.5,218,1.5
2015,1,17,13,30,32.75,0.19,3.5,422,401,759,0,18.900000000000002,44.33,1007,422,401,0,759,32.6,206,1.8
2015,1,17,14,30,43.13,0.19,3.5,379,345,631,0,18.900000000000002,45.230000000000004,1006,379,345,0,631,32.300000000000004,197,2.1
2015,1,17,15,30,55.49,0.19,3.6,313,223,440,0,19.200000000000003,47.99,1006,313,223,0,440,31.5,192,2.4000000000000004
2015,1,17,16,30,68.74,0.19,3.6,189,104,227,0,19.8,53.67,1007,189,104,0,227,30.200000000000003,189,2.7
2015,1,17,17,30,82.39,0.19,3.6,30,5,31,0,21.3,64.61,1007,30,5,0,31,28.6,189,2.9000000000000004
2015,1,17,18,30,96.44,0.19,3.7,0,0,0,0,22.1,72.66,1008,0,0,0,0,27.400000000000002,190,3.1
2015,1,17,19,30,110.46000000000001,0.19,3.7,0,0,0,0,22.900000000000002,79.89,1009,0,0,0,0,26.700000000000003,194,2.9000000000000004
2015,1,17,20,30,124.44,0.19,3.6,0,0,0,0,23.5,85.87,1009,0,0,0,0,26.1,200,2.6
2015,1,17,21,30,138.20000000000002,0.19,3.6,0,0,0,0,23.900000000000002,90.58,1009,0,0,0,0,25.6,206,2.3000000000000003
2015,1,17,22,30,151.27,0.19,3.6,0,0,0,0,24.3,94.5,1009,0,0,0,0,25.200000000000003,210,2.2
2015,1,17,23,30,162,0.19,3.6,0,0,0,0,24.400000000000002,97.34,1009,0,0,0,0,24.900000000000002,213,2.1
2015,1,18,0,30,164.32,0.19,3.6,0,0,0,3,24.5,98.93,1008,0,0,0,0,24.700000000000003,214,2
2015,1,18,1,30,155.68,0.19,3.6,0,0,0,3,24.5,100,1008,0,0,0,0,24.5,214,1.9000000000000001
2015,1,18,2,30,143.14000000000001,0.19,3.6,0,0,0,3,24.3,100,1008,0,0,0,0,24.3,212,2
2015,1,18,3,30,129.55,0.19,3.6,0,0,0,0,24.200000000000003,100,1008,0,0,0,0,24.200000000000003,208,2.1
2015,1,18,4,30,115.61,0.19,3.6,0,0,0,0,24,100,1008,0,0,0,0,24,206,2.2
2015,1,18,5,30,101.58,0.19,3.6,0,0,0,1,24.200000000000003,100,1009,0,0,0,0,24.200000000000003,205,2.3000000000000003
2015,1,18,6,30,87.35000000000001,0.19,3.5,2,0,2,0,24.400000000000002,95.96000000000001,1010,2,0,0,2,25.1,206,2.6
2015,1,18,7,30,73.7,0.19,3.5,136,78,158,0,24.5,87.9,1011,136,78,0,158,26.700000000000003,208,2.8000000000000003
2015,1,18,8,30,60.24,0.19,3.5,265,222,375,0,24,77.86,1011,265,222,0,375,28.200000000000003,211,2.7
2015,1,18,9,30,47.44,0.19,3.6,342,347,577,0,23.200000000000003,68.2,1011,342,347,0,577,29.700000000000003,215,2.4000000000000004
2015,1,18,10,30,36.1,0.19,3.6,393,413,727,0,22.5,60.89,1010,393,413,0,727,30.900000000000002,217,2.2
2015,1,18,11,30,28.080000000000002,0.19,3.6,420,445,813,0,21.8,55.43,1009,420,445,0,813,31.8,215,2.2
2015,1,18,12,30,26.59,0.19,3.6,440,426,820,0,21.3,52.480000000000004,1008,440,426,0,820,32.2,209,2.3000000000000003
2015,1,18,13,30,32.55,0.19,3.7,420,403,760,0,21,51.33,1007,420,403,0,760,32.300000000000004,203,2.6
2015,1,18,14,30,42.96,0.19,3.7,376,350,632,0,21,52.49,1006,376,350,0,632,31.900000000000002,198,2.9000000000000004
2015,1,18,15,30,55.34,0.19,3.7,304,257,450,0,21.200000000000003,55.32,1006,304,257,0,450,31.200000000000003,195,3.2
2015,1,18,16,30,68.62,0.19,3.8000000000000003,190,123,235,0,21.700000000000003,61.35,1007,190,123,0,235,29.900000000000002,194,3.3000000000000003
2015,1,18,17,30,82.29,0.19,3.8000000000000003,35,7,35,0,22.700000000000003,71.46000000000001,1007,35,7,0,35,28.400000000000002,194,3.5
2015,1,18,18,30,96.35000000000001,0.19,3.8000000000000003,0,0,0,0,23.5,79.55,1008,0,0,0,0,27.3,196,3.5
2015,1,18,19,30,110.39,0.19,3.8000000000000003,0,0,0,0,24,85.39,1008,0,0,0,0,26.700000000000003,199,3.4000000000000004
2015,1,18,20,30,124.39,0.19,3.8000000000000003,0,0,0,0,24.5,89.84,1009,0,0,0,0,26.3,203,3.2
2015,1,18,21,30,138.18,0.19,3.8000000000000003,0,0,0,0,24.700000000000003,93.32000000000001,1009,0,0,0,0,25.900000000000002,208,2.9000000000000004
2015,1,18,22,30,151.3,0.19,3.8000000000000003,0,0,0,0,24.8,94.91,1008,0,0,0,0,25.700000000000003,213,2.7
2015,1,18,23,30,162.12,0.19,3.9000000000000004,0,0,0,0,24.900000000000002,96.23,1008,0,0,0,0,25.5,217,2.6
2015,1,19,0,30,164.53,0.19,3.9000000000000004,0,0,0,0,24.8,97.27,1008,0,0,0,0,25.3,221,2.5
2015,1,19,1,30,155.86,0.19,3.9000000000000004,0,0,0,0,24.8,97.46000000000001,1007,0,0,0,0,25.200000000000003,225,2.5
2015,1,19,2,30,143.27,0.19,3.9000000000000004,0,0,0,0,24.700000000000003,98.32000000000001,1007,0,0,0,0,25,227,2.4000000000000004
2015,1,19,3,30,129.66,0.19,3.9000000000000004,0,0,0,0,24.700000000000003,98.54,1007,0,0,0,0,24.900000000000002,226,2.4000000000000004
2015,1,19,4,30,115.7,0.19,4,0,0,0,0,24.6,98.85000000000001,1008,0,0,0,0,24.8,224,2.4000000000000004
2015,1,19,5,30,101.65,0.19,4,0,0,0,0,24.5,98.41,1008,0,0,0,0,24.8,223,2.4000000000000004
2015,1,19,6,30,87.39,0.19,4,2,0,2,0,24.5,94.42,1009,2,0,0,2,25.5,224,2.7
2015,1,19,7,30,73.73,0.19,4,138,78,160,0,24.5,87.44,1009,138,78,0,160,26.8,225,3
2015,1,19,8,30,60.24,0.19,4.1000000000000005,266,229,380,0,23.8,76.86,1010,266,229,0,380,28.3,227,2.9000000000000004
2015,1,19,9,30,47.410000000000004,0.19,4.1000000000000005,345,347,579,0,23.1,68.32000000000001,1009,345,347,0,579,29.6,227,2.6
2015,1,19,10,30,36.01,0.19,4,390,424,733,0,22.8,62.65,1009,390,424,0,733,30.700000000000003,225,2.4000000000000004
2015,1,19,11,30,27.91,0.19,4,411,465,822,0,22.3,58.39,1008,411,465,0,822,31.5,219,2.2
2015,1,19,12,30,26.37,0.19,4,364,548,855,0,22,55.480000000000004,1007,364,548,0,855,32,212,2.3000000000000003
2015,1,19,13,30,32.34,0.19,4,347,531,796,0,21.700000000000003,54.26,1006,347,531,0,796,32.1,205,2.4000000000000004
2015,1,19,14,30,42.78,0.19,4,316,478,667,0,21.6,55.11,1006,316,478,0,667,31.700000000000003,199,2.6
2015,1,19,15,30,55.19,0.19,4,293,289,458,0,21.6,56.97,1005,293,289,0,458,31.1,195,2.8000000000000003
2015,1,19,16,30,68.49,0.19,4,188,153,244,0,21.8,61.99,1006,188,153,0,244,29.900000000000002,192,3.1
2015,1,19,17,30,82.18,0.19,4,40,13,42,0,22.8,70.76,1006,40,13,0,42,28.6,192,3.4000000000000004
2015,1,19,18,30,96.26,0.19,4,0,0,0,0,23.3,77.58,1007,0,0,0,0,27.6,193,3.6
2015,1,19,19,30,110.32000000000001,0.19,4,0,0,0,0,23.8,82.46000000000001,1007,0,0,0,0,27,197,3.5
2015,1,19,20,30,124.35000000000001,0.19,4,0,0,0,0,24.1,86.25,1007,0,0,0,0,26.6,200,3.3000000000000003
2015,1,19,21,30,138.16,0.19,4,0,0,0,0,24.400000000000002,89.64,1007,0,0,0,0,26.200000000000003,201,2.9000000000000004
2015,1,19,22,30,151.33,0.19,4,0,0,0,0,24.5,91.91,1007,0,0,0,0,25.900000000000002,202,2.6
2015,1,19,23,30,162.25,0.19,4,0,0,0,0,24.5,93.26,1007,0,0,0,0,25.700000000000003,203,2.5
2015,1,20,0,30,164.76,0.19,4,0,0,0,0,24.5,94.35000000000001,1006,0,0,0,0,25.5,206,2.4000000000000004
2015,1,20,1,30,156.04,0.19,4,0,0,0,0,24.5,95.31,1005,0,0,0,0,25.3,208,2.4000000000000004
2015,1,20,2,30,143.41,0.19,4,0,0,0,0,24.5,96.28,1005,0,0,0,0,25.1,207,2.3000000000000003
2015,1,20,3,30,129.76,0.19,4,0,0,0,0,24.400000000000002,97.26,1005,0,0,0,0,24.900000000000002,206,2.3000000000000003
2015,1,20,4,30,115.79,0.19,4,0,0,0,0,24.400000000000002,97.69,1005,0,0,0,0,24.8,205,2.2
2015,1,20,5,30,101.72,0.19,4,0,0,0,0,24.400000000000002,97.52,1006,0,0,0,0,24.8,203,2.2
2015,1,20,6,30,87.44,0.19,4,4,0,4,0,24.400000000000002,93.24,1007,4,0,0,4,25.6,202,2.3000000000000003
2015,1,20,7,30,73.76,0.19,4,135,121,169,0,24.400000000000002,86.33,1007,135,121,0,169,26.900000000000002,201,2.5
2015,1,20,8,30,60.24,0.19,4,241,299,390,0,23.8,75.78,1008,241,299,0,390,28.5,199,2.4000000000000004
2015,1,20,9,30,47.37,0.19,4.1000000000000005,306,420,591,0,23.3,68.15,1007,306,420,0,591,29.8,195,2.1
2015,1,20,10,30,35.92,0.19,4.1000000000000005,345,493,744,0,23,62.67,1007,345,493,0,744,30.900000000000002,190,2.1
2015,1,20,11,30,27.740000000000002,0.19,4.2,363,531,833,3,22.6,59.15,1006,483,39,0,517,31.5,185,2.2
2015,1,20,12,30,26.150000000000002,0.19,4.3,357,549,850,0,22.200000000000003,57.36,1005,357,549,0,850,31.700000000000003,181,2.5
2015,1,20,13,30,32.13,0.19,4.3,346,524,789,0,22.1,57.27,1005,346,524,0,789,31.6,180,2.8000000000000003
2015,1,20,14,30,42.6,0.19,4.3,317,465,659,0,22.1,58.95,1004,317,465,0,659,31.1,179,3.1
2015,1,20,15,30,55.050000000000004,0.19,4.3,267,359,473,0,22.3,62.190000000000005,1005,267,359,0,473,30.3,179,3.2
2015,1,20,16,30,68.37,0.19,4.3,181,206,257,3,22.5,66.65,1005,198,6,0,201,29.3,181,3.3000000000000003
2015,1,20,17,30,82.08,0.19,4.3,47,25,50,7,22.900000000000002,73.46000000000001,1006,47,25,5,50,28.1,184,3.2
2015,1,20,18,30,96.18,0.19,4.3,0,0,0,8,23.6,80.5,1006,0,0,0,0,27.200000000000003,187,3.1
2015,1,20,19,30,110.26,0.19,4.2,0,0,0,0,24,85.29,1007,0,0,0,0,26.700000000000003,190,2.9000000000000004
2015,1,20,20,30,124.31,0.19,4.2,0,0,0,0,24.3,88.86,1007,0,0,0,0,26.3,193,2.7
2015,1,20,21,30,138.15,0.19,4.2,0,0,0,8,24.5,91.29,1007,0,0,0,0,26,197,2.6
2015,1,20,22,30,151.37,0.19,4.2,0,0,0,3,24.5,92.77,1007,0,0,0,0,25.8,201,2.5
2015,1,20,23,30,162.38,0.19,4.2,0,0,0,0,24.6,94.02,1007,0,0,0,0,25.6,202,2.4000000000000004
2015,1,21,0,30,164.98,0.19,4.1000000000000005,0,0,0,0,24.5,95.05,1006,0,0,0,0,25.400000000000002,203,2.4000000000000004
2015,1,21,1,30,156.22,0.19,4.1000000000000005,0,0,0,0,24.5,96.10000000000001,1006,0,0,0,0,25.200000000000003,205,2.4000000000000004
2015,1,21,2,30,143.54,0.19,4.1000000000000005,0,0,0,0,24.5,97.03,1006,0,0,0,0,25,206,2.3000000000000003
2015,1,21,3,30,129.87,0.19,4,0,0,0,0,24.5,97.35000000000001,1006,0,0,0,0,24.900000000000002,205,2.3000000000000003
2015,1,21,4,30,115.87,0.19,3.9000000000000004,0,0,0,0,24.400000000000002,98.18,1006,0,0,0,0,24.700000000000003,202,2.2
2015,1,21,5,30,101.78,0.19,3.9000000000000004,0,0,0,0,24.3,97.34,1007,0,0,0,0,24.8,199,2.2
2015,1,21,6,30,87.48,0.19,3.8000000000000003,4,1,5,0,24.400000000000002,93.15,1007,4,1,0,5,25.6,196,2.5
2015,1,21,7,30,73.78,0.19,3.8000000000000003,134,144,174,0,24.6,87.03,1008,134,144,0,174,26.900000000000002,193,2.8000000000000003
2015,1,21,8,30,60.230000000000004,0.19,3.8000000000000003,233,331,397,0,23.900000000000002,76,1008,233,331,0,397,28.5,189,2.7
2015,1,21,9,30,47.32,0.19,3.8000000000000003,274,494,609,0,22.900000000000002,65.64,1008,274,494,0,609,30,185,2.5
2015,1,21,10,30,35.82,0.19,3.8000000000000003,308,563,764,0,22.5,60.620000000000005,1008,308,563,0,764,31,182,2.5
2015,1,21,11,30,27.57,0.19,3.8000000000000003,326,596,854,0,22.200000000000003,57.71,1007,326,596,0,854,31.6,179,2.6
2015,1,21,12,30,25.92,0.19,3.9000000000000004,365,544,854,0,22.1,56.77,1006,365,544,0,854,31.700000000000003,178,2.8000000000000003
2015,1,21,13,30,31.92,0.19,3.9000000000000004,352,520,794,0,22,56.79,1006,352,520,0,794,31.6,179,3
2015,1,21,14,30,42.42,0.19,3.9000000000000004,321,466,664,0,22,58.17,1006,321,466,0,664,31.200000000000003,181,3.1
2015,1,21,15,30,54.9,0.19,3.9000000000000004,266,371,480,0,22.1,60.730000000000004,1006,266,371,0,480,30.5,184,3.1
2015,1,21,16,30,68.25,0.19,3.8000000000000003,181,222,263,0,22.200000000000003,64.86,1006,181,222,0,263,29.5,187,3.1
2015,1,21,17,30,81.98,0.19,3.8000000000000003,50,33,55,0,22.6,71.42,1007,50,33,0,55,28.3,189,2.9000000000000004
2015,1,21,18,30,96.10000000000001,0.19,3.9000000000000004,0,0,0,0,23.200000000000003,77.46000000000001,1008,0,0,0,0,27.5,191,2.7
2015,1,21,19,30,110.2,0.19,3.9000000000000004,0,0,0,7,23.6,81.7,1009,0,0,0,0,27,193,2.5
2015,1,21,20,30,124.27,0.19,3.9000000000000004,0,0,0,7,23.900000000000002,85.10000000000001,1009,0,0,0,0,26.6,193,2.4000000000000004
2015,1,21,21,30,138.14000000000001,0.19,4,0,0,0,0,24.1,87.73,1009,0,0,0,0,26.3,193,2.3000000000000003
2015,1,21,22,30,151.41,0.19,4,0,0,0,8,24.200000000000003,90.05,1009,0,0,0,0,26,194,2.2
2015,1,21,23,30,162.52,0.19,4.1000000000000005,0,0,0,8,24.3,92.05,1009,0,0,0,0,25.700000000000003,195,2.2
2015,1,22,0,30,165.22,0.19,4.1000000000000005,0,0,0,0,24.3,93.21000000000001,1008,0,0,0,0,25.5,198,2.2
2015,1,22,1,30,156.4,0.19,4.1000000000000005,0,0,0,1,24.3,94.33,1008,0,0,0,0,25.3,202,2.2
2015,1,22,2,30,143.68,0.19,4.1000000000000005,0,0,0,0,24.3,94.69,1007,0,0,0,0,25.200000000000003,205,2.2
2015,1,22,3,30,129.97,0.19,4.1000000000000005,0,0,0,0,24.3,95.65,1007,0,0,0,0,25,206,2.2
2015,1,22,4,30,115.95,0.19,4.1000000000000005,0,0,0,0,24.200000000000003,96.09,1008,0,0,0,0,24.900000000000002,207,2.1
2015,1,22,5,30,101.84,0.19,4,0,0,0,0,24.200000000000003,95.81,1008,0,0,0,0,24.900000000000002,210,2
2015,1,22,6,30,87.51,0.19,4,8,2,8,0,24.3,91.73,1009,8,2,0,8,25.700000000000003,215,2.2
2015,1,22,7,30,73.79,0.19,3.9000000000000004,125,220,187,0,24.3,84.85000000000001,1010,125,220,0,187,27.1,218,2.2
2015,1,22,8,30,60.22,0.19,3.9000000000000004,199,427,411,0,23.700000000000003,74.21000000000001,1010,199,427,0,411,28.700000000000003,217,1.7000000000000002
2015,1,22,9,30,47.27,0.19,4,244,548,616,0,22.900000000000002,64.36,1009,244,548,0,616,30.400000000000002,208,1.2000000000000002
2015,1,22,10,30,35.71,0.19,4,275,611,772,0,22.1,56.870000000000005,1009,275,611,0,772,31.700000000000003,192,1.1
2015,1,22,11,30,27.39,0.19,4.1000000000000005,294,638,860,0,21.700000000000003,52.88,1008,294,638,0,860,32.5,177,1.4000000000000001
2015,1,22,12,30,25.69,0.19,4.2,342,570,855,0,21.5,51.44,1007,342,570,0,855,32.800000000000004,171,1.8
2015,1,22,13,30,31.7,0.19,4.2,331,546,795,0,21.5,51.84,1006,331,546,0,795,32.7,171,2.3000000000000003
2015,1,22,14,30,42.25,0.19,4.3,305,485,664,0,21.6,53.76,1005,305,485,0,664,32.2,174,2.7
2015,1,22,15,30,54.75,0.19,4.4,255,388,478,0,21.900000000000002,56.77,1005,255,388,0,478,31.5,179,3
2015,1,22,16,30,68.13,0.19,4.4,175,230,261,0,22.200000000000003,62.14,1006,175,230,0,261,30.3,185,3.2
2015,1,22,17,30,81.88,0.19,4.5,48,35,53,0,23.1,71.12,1007,48,35,0,53,28.900000000000002,191,3.5
2015,1,22,18,30,96.02,0.19,4.5,0,0,0,6,23.8,78.47,1007,0,0,0,0,27.900000000000002,196,3.6
2015,1,22,19,30,110.14,0.19,4.5,0,0,0,7,24.3,83.81,1008,0,0,0,0,27.3,199,3.6
2015,1,22,20,30,124.23,0.19,4.5,0,0,0,0,24.700000000000003,87.86,1009,0,0,0,0,26.900000000000002,199,3.5
2015,1,22,21,30,138.13,0.19,4.6000000000000005,0,0,0,7,25,90.87,1009,0,0,0,0,26.6,199,3.2
2015,1,22,22,30,151.45000000000002,0.19,4.6000000000000005,0,0,0,0,25.1,92.61,1009,0,0,0,0,26.400000000000002,198,3
2015,1,22,23,30,162.66,0.19,4.6000000000000005,0,0,0,3,25.1,93.27,1008,0,0,0,0,26.3,201,2.8000000000000003
2015,1,23,0,30,165.45000000000002,0.19,4.6000000000000005,0,0,0,0,25.1,94.37,1008,0,0,0,0,26.1,208,2.6
2015,1,23,1,30,156.58,0.19,4.5,0,0,0,7,25.1,95.36,1007,0,0,0,0,25.900000000000002,219,2.6
2015,1,23,2,30,143.81,0.19,4.4,0,0,0,1,25.1,95.91,1007,0,0,0,0,25.8,230,2.6
2015,1,23,3,30,130.07,0.19,4.4,0,0,0,1,25.1,96.37,1007,0,0,0,0,25.700000000000003,239,2.8000000000000003
2015,1,23,4,30,116.02,0.19,4.4,0,0,0,0,25,96.78,1007,0,0,0,0,25.6,249,2.9000000000000004
2015,1,23,5,30,101.89,0.19,4.3,0,0,0,7,25,96.55,1007,0,0,0,0,25.6,258,3
2015,1,23,6,30,87.55,0.19,4.3,4,1,4,0,25,93.81,1008,4,1,0,4,26.1,265,3.2
2015,1,23,7,30,73.81,0.19,4.3,129,129,165,7,25,87.60000000000001,1008,129,129,5,165,27.200000000000003,265,3.3000000000000003
2015,1,23,8,30,60.2,0.19,4.4,234,304,385,7,24.400000000000002,77.66,1009,234,304,5,385,28.700000000000003,261,3
2015,1,23,9,30,47.22,0.19,4.4,298,425,587,1,23.900000000000002,69.29,1008,298,425,0,587,30.1,257,2.6
2015,1,23,10,30,35.6,0.19,4.5,336,498,741,1,23.400000000000002,63.46,1008,336,498,0,741,31.200000000000003,253,2.3000000000000003
2015,1,23,11,30,27.2,0.19,4.6000000000000005,353,538,831,7,23,58.88,1007,353,538,5,831,32,244,2
2015,1,23,12,30,25.45,0.19,4.7,390,488,831,8,22.400000000000002,55.65,1006,533,300,7,804,32.4,232,1.8
2015,1,23,13,30,31.48,0.19,4.800000000000001,377,471,779,2,22,53.94,1005,555,89,0,632,32.5,219,1.8
2015,1,23,14,30,42.07,0.19,4.9,339,422,653,0,21.8,54.370000000000005,1005,339,422,0,653,32.2,209,2.1
2015,1,23,15,30,54.61,0.19,5,276,338,472,0,21.900000000000002,56.89,1005,276,338,0,472,31.5,205,2.5
2015,1,23,16,30,68.01,0.19,5,183,198,257,0,22.3,61.910000000000004,1005,183,198,0,257,30.400000000000002,204,2.9000000000000004
2015,1,23,17,30,81.79,0.19,5,47,32,52,0,23.5,72.41,1006,47,32,0,52,29,205,3.2
2015,1,23,18,30,95.94,0.19,5,0,0,0,7,24.1,79.24,1006,0,0,0,0,28,207,3.5
2015,1,23,19,30,110.08,0.19,5,0,0,0,7,24.5,84.28,1007,0,0,0,0,27.400000000000002,210,3.5
2015,1,23,20,30,124.19,0.19,5,0,0,0,7,24.900000000000002,88.21000000000001,1007,0,0,0,0,27,214,3.3000000000000003
2015,1,23,21,30,138.13,0.19,4.9,0,0,0,7,25.1,90.98,1007,0,0,0,0,26.700000000000003,216,3.1
2015,1,23,22,30,151.5,0.19,4.9,0,0,0,7,25.3,92.87,1007,0,0,0,0,26.5,217,2.9000000000000004
2015,1,23,23,30,162.81,0.19,4.800000000000001,0,0,0,7,25.3,94.41,1006,0,0,0,0,26.3,219,2.8000000000000003
2015,1,24,0,30,165.70000000000002,0.19,4.7,0,0,0,7,25.400000000000002,95.85000000000001,1006,0,0,0,0,26.1,219,2.7
2015,1,24,1,30,156.76,0.19,4.7,0,0,0,7,25.400000000000002,96.97,1005,0,0,0,0,25.900000000000002,218,2.6
2015,1,24,2,30,143.94,0.19,4.6000000000000005,0,0,0,4,25.3,97.94,1005,0,0,0,0,25.700000000000003,216,2.6
2015,1,24,3,30,130.17000000000002,0.19,4.6000000000000005,0,0,0,7,25.3,98.19,1005,0,0,0,0,25.6,214,2.5
2015,1,24,4,30,116.10000000000001,0.19,4.7,0,0,0,4,25.200000000000003,98.4,1005,0,0,0,0,25.5,212,2.5
2015,1,24,5,30,101.95,0.19,4.7,0,0,0,5,25.200000000000003,97.53,1006,0,0,0,0,25.6,213,2.6
2015,1,24,6,30,87.58,0.19,4.7,4,1,4,7,25.200000000000003,94.86,1007,4,1,5,4,26.1,216,3
2015,1,24,7,30,73.81,0.19,4.7,134,128,169,7,25.200000000000003,89.43,1007,134,128,5,169,27.1,220,3.4000000000000004
2015,1,24,8,30,60.18,0.19,4.7,244,298,392,7,24.8,82.39,1008,274,41,7,294,28.1,224,3.6
2015,1,24,9,30,47.160000000000004,0.19,4.7,314,411,593,7,24.3,75.35000000000001,1007,314,411,5,593,29.1,229,3.6
2015,1,24,10,30,35.49,0.19,4.800000000000001,358,476,745,2,23.900000000000002,70.41,1007,522,84,0,591,29.900000000000002,235,3.4000000000000004
2015,1,24,11,30,27.01,0.19,4.9,380,509,834,0,23.5,66.37,1006,380,509,0,834,30.5,238,3.2
2015,1,24,12,30,25.2,0.19,5,407,480,841,2,23.1,63.54,1005,576,86,0,654,30.8,238,3
2015,1,24,13,30,31.26,0.19,5.1000000000000005,388,462,783,0,22.700000000000003,61.79,1004,388,462,0,783,30.900000000000002,234,2.8000000000000003
2015,1,24,14,30,41.89,0.19,5.2,346,420,659,1,22.5,61.160000000000004,1003,346,420,0,659,30.8,228,2.8000000000000003
2015,1,24,15,30,54.46,0.19,5.2,279,345,480,0,22.3,61.910000000000004,1003,279,345,0,480,30.400000000000002,221,2.8000000000000003
2015,1,24,16,30,67.89,0.19,5.2,181,213,262,6,22.400000000000002,65.11,1004,45,0,0,45,29.6,214,2.9000000000000004
2015,1,24,17,30,81.69,0.19,5.1000000000000005,50,41,56,9,23.3,73.83,1004,3,0,0,3,28.400000000000002,210,3.1
2015,1,24,18,30,95.87,0.19,5,0,0,0,9,23.8,80.27,1005,0,0,0,0,27.5,207,3.4000000000000004
2015,1,24,19,30,110.03,0.19,4.9,0,0,0,9,24.200000000000003,84.2,1006,0,0,0,0,27.1,207,3.6
2015,1,24,20,30,124.16,0.19,4.800000000000001,0,0,0,9,24.5,87.91,1006,0,0,0,0,26.700000000000003,208,3.5
2015,1,24,21,30,138.13,0.19,4.800000000000001,0,0,0,9,24.8,91.05,1007,0,0,0,0,26.400000000000002,209,3.3000000000000003
2015,1,24,22,30,151.55,0.19,4.800000000000001,0,0,0,6,25,93.45,1006,0,0,0,0,26.1,211,3.2
2015,1,24,23,30,162.96,0.19,4.7,0,0,0,6,25,94.84,1006,0,0,0,0,25.900000000000002,212,3.1
2015,1,25,0,30,165.94,0.19,4.7,0,0,0,7,25,95.85000000000001,1005,0,0,0,0,25.700000000000003,215,2.9000000000000004
2015,1,25,1,30,156.94,0.19,4.7,0,0,0,7,24.900000000000002,96.65,1005,0,0,0,0,25.5,218,2.9000000000000004
2015,1,25,2,30,144.07,0.19,4.7,0,0,0,7,24.8,96.67,1004,0,0,0,0,25.400000000000002,221,2.9000000000000004
2015,1,25,3,30,130.26,0.19,4.7,0,0,0,7,24.700000000000003,96.11,1004,0,0,0,0,25.400000000000002,222,3.1
2015,1,25,4,30,116.17,0.19,4.6000000000000005,0,0,0,7,24.6,96.06,1005,0,0,0,0,25.3,223,3.2
2015,1,25,5,30,102,0.19,4.6000000000000005,0,0,0,1,24.5,95.01,1005,0,0,0,0,25.400000000000002,224,3.2
2015,1,25,6,30,87.60000000000001,0.19,4.6000000000000005,5,1,5,8,24.6,92.47,1006,5,1,5,5,25.900000000000002,224,3.6
2015,1,25,7,30,73.82000000000001,0.19,4.5,129,168,176,8,24.6,86.39,1007,129,168,5,176,27.1,225,4
2015,1,25,8,30,60.160000000000004,0.19,4.6000000000000005,225,359,403,0,24.200000000000003,78.06,1007,225,359,0,403,28.400000000000002,225,4
2015,1,25,9,30,47.1,0.19,4.6000000000000005,278,485,609,1,23.8,71.24,1007,278,485,0,609,29.6,223,3.6
2015,1,25,10,30,35.37,0.19,4.7,313,554,764,0,23.700000000000003,66.58,1006,313,554,0,764,30.6,219,3.1
2015,1,25,11,30,26.810000000000002,0.19,4.800000000000001,334,582,853,2,23.400000000000002,63.39,1006,498,78,0,568,31.200000000000003,214,2.9000000000000004
2015,1,25,12,30,24.96,0.19,5,357,556,861,1,23.1,60.79,1005,357,556,0,861,31.6,210,2.8000000000000003
2015,1,25,13,30,31.04,0.19,5.1000000000000005,347,530,801,0,22.8,60.11,1004,347,530,0,801,31.5,206,2.8000000000000003
2015,1,25,14,30,41.71,0.19,5.2,323,465,670,0,22.700000000000003,61.09,1004,323,465,0,670,31.1,204,2.9000000000000004
2015,1,25,15,30,54.32,0.19,5.300000000000001,274,360,484,0,22.8,64.18,1004,274,360,0,484,30.3,205,3.1
2015,1,25,16,30,67.78,0.19,5.4,186,215,267,7,23,68.51,1004,186,215,5,267,29.400000000000002,208,3.3000000000000003
2015,1,25,17,30,81.60000000000001,0.19,5.4,52,40,58,7,23.6,75.71000000000001,1005,52,40,5,58,28.3,209,3.4000000000000004
2015,1,25,18,30,95.79,0.19,5.4,0,0,0,6,24.200000000000003,82.15,1006,0,0,0,0,27.5,211,3.4000000000000004
2015,1,25,19,30,109.97,0.19,5.4,0,0,0,6,24.5,85.83,1006,0,0,0,0,27.1,214,3.5
2015,1,25,20,30,124.14,0.19,5.4,0,0,0,7,24.8,89.22,1007,0,0,0,0,26.700000000000003,217,3.4000000000000004
2015,1,25,21,30,138.13,0.19,5.4,0,0,0,7,24.900000000000002,90.97,1007,0,0,0,0,26.5,220,3.3000000000000003
2015,1,25,22,30,151.6,0.19,5.4,0,0,0,7,25,91.81,1007,0,0,0,0,26.400000000000002,221,3.2
2015,1,25,23,30,163.11,0.19,5.4,0,0,0,7,25,92.46000000000001,1007,0,0,0,0,26.3,222,3
2015,1,26,0,30,166.19,0.19,5.4,0,0,0,8,25,93.5,1006,0,0,0,0,26.1,224,2.8000000000000003
2015,1,26,1,30,157.12,0.19,5.4,0,0,0,7,25,93.97,1006,0,0,0,0,26,225,2.6
2015,1,26,2,30,144.19,0.19,5.300000000000001,0,0,0,0,24.900000000000002,94.33,1005,0,0,0,0,25.900000000000002,226,2.4000000000000004
2015,1,26,3,30,130.35,0.19,5.300000000000001,0,0,0,0,24.900000000000002,94.83,1005,0,0,0,0,25.8,226,2.3000000000000003
2015,1,26,4,30,116.23,0.19,5.300000000000001,0,0,0,0,24.900000000000002,95.4,1006,0,0,0,0,25.700000000000003,227,2.3000000000000003
2015,1,26,5,30,102.04,0.19,5.2,0,0,0,0,24.900000000000002,95.41,1007,0,0,0,0,25.700000000000003,228,2.3000000000000003
2015,1,26,6,30,87.63,0.19,5.2,6,3,6,0,24.900000000000002,92.76,1007,6,3,0,6,26.200000000000003,230,2.6
2015,1,26,7,30,73.82000000000001,0.19,5.1000000000000005,125,192,179,0,25,88.60000000000001,1008,125,192,0,179,27,231,2.8000000000000003
2015,1,26,8,30,60.13,0.19,5.1000000000000005,210,389,404,0,24.6,81.26,1009,210,389,0,404,28.1,232,2.9000000000000004
2015,1,26,9,30,47.03,0.19,5,261,511,609,7,24,73.61,1008,261,511,5,609,29.200000000000003,232,2.6
2015,1,26,10,30,35.24,0.19,5,292,580,766,3,23.700000000000003,68.52,1008,518,125,0,620,30.1,232,2.3000000000000003
2015,1,26,11,30,26.6,0.19,5,309,613,858,8,23.200000000000003,64.04,1007,442,431,7,827,30.8,230,2
2015,1,26,12,30,24.7,0.19,5,287,657,884,0,22.8,60.620000000000005,1006,287,657,0,884,31.3,226,1.9000000000000001
2015,1,26,13,30,30.810000000000002,0.19,5,280,634,824,3,22.5,58.83,1006,455,48,0,496,31.5,220,1.9000000000000001
2015,1,26,14,30,41.53,0.19,5,260,579,694,0,22.3,58.6,1005,260,579,0,694,31.400000000000002,216,1.9000000000000001
2015,1,26,15,30,54.18,0.19,5,243,434,497,7,22.200000000000003,59.52,1005,259,29,0,276,31,213,2.1
2015,1,26,16,30,67.66,0.19,5,170,286,279,6,22.3,62.6,1005,43,0,0,43,30.200000000000003,212,2.4000000000000004
2015,1,26,17,30,81.51,0.19,5,56,69,67,6,23.3,71.25,1006,13,0,0,13,29,210,2.7
2015,1,26,18,30,95.73,0.19,5,0,0,0,6,23.900000000000002,78.65,1007,0,0,0,0,28,211,3.1
2015,1,26,19,30,109.93,0.19,5,0,0,0,7,24.1,82.12,1007,0,0,0,0,27.400000000000002,213,3.3000000000000003
2015,1,26,20,30,124.11,0.19,5,0,0,0,6,24.3,85.41,1008,0,0,0,0,27,216,3.4000000000000004
2015,1,26,21,30,138.14000000000001,0.19,5,0,0,0,6,24.6,88.73,1008,0,0,0,0,26.6,219,3.3000000000000003
2015,1,26,22,30,151.66,0.19,5,0,0,0,7,24.8,91.27,1008,0,0,0,0,26.3,220,3.1
2015,1,26,23,30,163.27,0.19,5,0,0,0,7,24.900000000000002,92.9,1007,0,0,0,0,26.1,222,3
2015,1,27,0,30,166.45000000000002,0.19,5,0,0,0,7,24.900000000000002,94.97,1007,0,0,0,0,25.8,224,2.8000000000000003
2015,1,27,1,30,157.3,0.19,5,0,0,0,7,25,96.29,1006,0,0,0,0,25.6,227,2.6
2015,1,27,2,30,144.31,0.19,5,0,0,0,7,25,97.49000000000001,1006,0,0,0,0,25.400000000000002,229,2.5
2015,1,27,3,30,130.44,0.19,5,0,0,0,7,25,97.99000000000001,1006,0,0,0,0,25.3,230,2.4000000000000004
2015,1,27,4,30,116.3,0.19,5,0,0,0,7,24.900000000000002,98.44,1006,0,0,0,0,25.200000000000003,231,2.4000000000000004
2015,1,27,5,30,102.08,0.19,5.1000000000000005,0,0,0,0,24.900000000000002,97.7,1006,0,0,0,0,25.3,232,2.4000000000000004
2015,1,27,6,30,87.65,0.19,5.1000000000000005,6,2,6,3,25,94.04,1007,6,2,5,6,26,233,2.7
2015,1,27,7,30,73.82000000000001,0.19,5.2,130,175,178,3,25,89.02,1008,31,0,0,31,27,234,2.9000000000000004
2015,1,27,8,30,60.1,0.19,5.2,222,364,403,0,24.700000000000003,81.18,1008,222,364,0,403,28.200000000000003,236,2.8000000000000003
2015,1,27,9,30,46.96,0.19,5.300000000000001,277,485,608,0,24.200000000000003,73.85000000000001,1008,277,485,0,608,29.3,238,2.5
2015,1,27,10,30,35.11,0.19,5.300000000000001,308,559,765,0,23.700000000000003,68.04,1008,308,559,0,765,30.3,239,2.3000000000000003
2015,1,27,11,30,26.39,0.19,5.2,324,597,858,0,23.3,63.22,1007,324,597,0,858,31.1,237,2.1
2015,1,27,12,30,24.44,0.19,5.2,343,579,870,0,22.900000000000002,60.21,1006,343,579,0,870,31.5,231,2.1
2015,1,27,13,30,30.580000000000002,0.19,5.1000000000000005,329,561,813,0,22.6,59.17,1005,329,561,0,813,31.5,224,2.4000000000000004
2015,1,27,14,30,41.35,0.19,5.1000000000000005,295,515,681,0,22.5,59.800000000000004,1005,295,515,0,681,31.200000000000003,218,2.8000000000000003
2015,1,27,15,30,54.04,0.19,5,243,437,500,0,22.5,61.65,1005,243,437,0,500,30.700000000000003,215,3.2
2015,1,27,16,30,67.55,0.19,5,169,298,282,3,22.8,66.78,1005,161,4,0,163,29.6,213,3.5
2015,1,27,17,30,81.42,0.19,5,57,79,69,7,23.6,75.22,1006,57,79,5,69,28.400000000000002,213,3.8000000000000003
2015,1,27,18,30,95.66,0.19,5,0,0,0,7,24.200000000000003,81.74,1006,0,0,0,0,27.6,213,4
2015,1,27,19,30,109.88,0.19,5,0,0,0,7,24.6,86.44,1007,0,0,0,0,27.1,214,4
2015,1,27,20,30,124.09,0.19,5,0,0,0,7,25,89.64,1007,0,0,0,0,26.8,215,3.9000000000000004
2015,1,27,21,30,138.14000000000001,0.19,5,0,0,0,7,25.1,92.25,1007,0,0,0,0,26.5,216,3.8000000000000003
2015,1,27,22,30,151.71,0.19,4.9,0,0,0,7,25.200000000000003,93.69,1007,0,0,0,0,26.3,217,3.8000000000000003
2015,1,27,23,30,163.43,0.19,4.9,0,0,0,7,25.200000000000003,94.35000000000001,1007,0,0,0,0,26.200000000000003,219,3.7
2015,1,28,0,30,166.71,0.18,4.800000000000001,0,0,0,0,25.200000000000003,95.16,1006,0,0,0,0,26,222,3.7
2015,1,28,1,30,157.48,0.18,4.6000000000000005,0,0,0,1,25,94.98,1005,0,0,0,0,25.900000000000002,225,3.6
2015,1,28,2,30,144.43,0.18,4.6000000000000005,0,0,0,7,24.8,94.95,1005,0,0,0,0,25.700000000000003,226,3.5
2015,1,28,3,30,130.53,0.18,4.5,0,0,0,7,24.6,94.35000000000001,1005,0,0,0,0,25.6,226,3.2
2015,1,28,4,30,116.36,0.18,4.5,0,0,0,7,24.400000000000002,94.45,1006,0,0,0,0,25.400000000000002,226,3
2015,1,28,5,30,102.12,0.18,4.5,0,0,0,8,24.3,93.37,1006,0,0,0,0,25.400000000000002,228,2.8000000000000003
2015,1,28,6,30,87.66,0.18,4.5,7,3,7,7,24.200000000000003,89.64,1007,7,3,5,7,26,234,3
2015,1,28,7,30,73.81,0.18,4.5,124,219,185,7,24,82.56,1008,153,33,7,162,27.200000000000003,242,3.2
2015,1,28,8,30,60.06,0.18,4.5,201,424,412,7,23.400000000000002,74.15,1008,275,87,0,319,28.5,250,3.1
2015,1,28,9,30,46.89,0.18,4.5,247,546,620,7,23.200000000000003,67.59,1008,375,261,0,554,29.8,257,2.8000000000000003
2015,1,28,10,30,34.980000000000004,0.18,4.5,274,618,780,7,22.900000000000002,62.33,1007,409,391,0,729,30.900000000000002,258,2.4000000000000004
2015,1,28,11,30,26.18,0.18,4.5,285,657,874,0,22.3,56.480000000000004,1006,285,657,0,874,32,251,2.1
2015,1,28,12,30,24.18,0.18,4.5,276,681,897,7,21.400000000000002,50.88,1005,276,653,0,872,32.9,233,2
2015,1,28,13,30,30.35,0.18,4.5,268,660,837,7,20.6,47.660000000000004,1004,260,645,0,816,33.2,213,2.1
2015,1,28,14,30,41.17,0.18,4.5,252,602,705,1,20.200000000000003,47.13,1004,252,602,0,705,33,199,2.5
2015,1,28,15,30,53.9,0.18,4.6000000000000005,238,454,505,0,20.200000000000003,49.29,1004,238,454,0,505,32.2,193,3
2015,1,28,16,30,67.44,0.18,4.6000000000000005,171,293,284,0,20.6,54.43,1004,171,293,0,284,30.8,190,3.4000000000000004
2015,1,28,17,30,81.34,0.18,4.6000000000000005,58,70,69,0,22.200000000000003,66.75,1005,58,70,0,69,29,191,3.8000000000000003
2015,1,28,18,30,95.59,0.18,4.7,0,0,0,1,23,74.99,1006,0,0,0,0,27.8,195,4
2015,1,28,19,30,109.84,0.18,4.7,0,0,0,0,23.6,80.81,1007,0,0,0,0,27.200000000000003,199,4
2015,1,28,20,30,124.07000000000001,0.18,4.6000000000000005,0,0,0,0,24.1,85.16,1007,0,0,0,0,26.8,203,3.8000000000000003
2015,1,28,21,30,138.16,0.18,4.5,0,0,0,0,24.400000000000002,88.47,1007,0,0,0,0,26.5,206,3.6
2015,1,28,22,30,151.78,0.18,4.4,0,0,0,0,24.6,90.63,1007,0,0,0,0,26.3,208,3.5
2015,1,28,23,30,163.6,0.18,4.3,0,0,0,0,24.700000000000003,92.28,1007,0,0,0,0,26.1,211,3.3000000000000003
2015,1,29,0,30,166.97,0.18,4.2,0,0,0,0,24.8,93,1006,0,0,0,0,26,215,3.2
2015,1,29,1,30,157.66,0.18,4.1000000000000005,0,0,0,0,24.8,93.46000000000001,1005,0,0,0,0,25.900000000000002,219,3.2
2015,1,29,2,30,144.55,0.18,4,0,0,0,0,24.700000000000003,93.91,1005,0,0,0,0,25.8,221,3.2
2015,1,29,3,30,130.61,0.18,4,0,0,0,0,24.700000000000003,94.47,1005,0,0,0,0,25.700000000000003,222,3.2
2015,1,29,4,30,116.42,0.18,4,0,0,0,0,24.8,95.08,1005,0,0,0,0,25.6,223,3.1
2015,1,29,5,30,102.16,0.18,4,0,0,0,0,24.8,94.69,1006,0,0,0,0,25.700000000000003,224,3
2015,1,29,6,30,87.67,0.18,4,7,2,7,0,24.8,92.11,1006,7,2,0,7,26.200000000000003,225,3.2
2015,1,29,7,30,73.8,0.18,4,125,214,185,0,24.8,86.73,1007,125,214,0,185,27.200000000000003,226,3.4000000000000004
2015,1,29,8,30,60.02,0.18,4.1000000000000005,206,424,417,0,24.400000000000002,79.59,1008,206,424,0,417,28.3,226,3.3000000000000003
2015,1,29,9,30,46.81,0.18,4.1000000000000005,249,553,628,0,24.1,73.62,1008,249,553,0,628,29.3,224,3.1
2015,1,29,10,30,34.84,0.18,4.2,271,632,790,0,23.8,68.91,1007,271,632,0,790,30.1,220,3
2015,1,29,11,30,25.96,0.18,4.2,278,677,886,0,23.400000000000002,65.21000000000001,1006,278,677,0,886,30.700000000000003,216,3
2015,1,29,12,30,23.91,0.18,4.3,298,655,897,1,23.1,62.64,1006,298,655,0,897,31.1,213,3
2015,1,29,13,30,30.12,0.18,4.3,283,639,835,0,22.900000000000002,61.81,1005,283,639,0,835,31.1,210,3.2
2015,1,29,14,30,40.99,0.18,4.3,261,588,705,0,22.8,62.38,1005,261,588,0,705,30.8,209,3.3000000000000003
2015,1,29,15,30,53.76,0.18,4.3,231,477,513,0,22.8,64.54,1005,231,477,0,513,30.200000000000003,209,3.3000000000000003
2015,1,29,16,30,67.33,0.18,4.4,168,316,289,0,23,68.74,1005,168,316,0,289,29.3,208,3.3000000000000003
2015,1,29,17,30,81.26,0.18,4.4,59,80,71,0,23.5,75.19,1006,59,80,0,71,28.3,206,3.3000000000000003
2015,1,29,18,30,95.53,0.18,4.4,0,0,0,0,24,81.28,1006,0,0,0,0,27.5,204,3.3000000000000003
2015,1,29,19,30,109.8,0.18,4.4,0,0,0,0,24.400000000000002,85.93,1007,0,0,0,0,27,204,3.3000000000000003
2015,1,29,20,30,124.05,0.18,4.3,0,0,0,0,24.8,89.84,1008,0,0,0,0,26.6,205,3.2
2015,1,29,21,30,138.17000000000002,0.18,4.3,0,0,0,0,25,92.47,1008,0,0,0,0,26.3,207,2.9000000000000004
2015,1,29,22,30,151.84,0.18,4.3,0,0,0,0,25,93.95,1007,0,0,0,0,26.1,209,2.7
2015,1,29,23,30,163.77,0.18,4.2,0,0,0,0,25.1,95.22,1007,0,0,0,0,25.900000000000002,211,2.5
2015,1,30,0,30,167.24,0.18,4.2,0,0,0,0,25,96.16,1006,0,0,0,0,25.700000000000003,213,2.4000000000000004
2015,1,30,1,30,157.83,0.18,4.2,0,0,0,0,25,96.59,1006,0,0,0,0,25.6,216,2.3000000000000003
2015,1,30,2,30,144.66,0.18,4.2,0,0,0,0,24.900000000000002,96.75,1005,0,0,0,0,25.5,220,2.3000000000000003
2015,1,30,3,30,130.69,0.18,4.2,0,0,0,0,24.900000000000002,97.13,1006,0,0,0,0,25.400000000000002,222,2.4000000000000004
2015,1,30,4,30,116.47,0.18,4.3,0,0,0,0,24.900000000000002,96.91,1006,0,0,0,0,25.400000000000002,223,2.4000000000000004
2015,1,30,5,30,102.19,0.18,4.3,0,0,0,0,24.900000000000002,96.25,1007,0,0,0,0,25.5,224,2.5
2015,1,30,6,30,87.68,0.18,4.4,6,3,7,0,24.900000000000002,92.38,1007,6,3,0,7,26.200000000000003,224,2.6
2015,1,30,7,30,73.79,0.18,4.4,121,221,183,0,24.8,85.81,1008,121,221,0,183,27.400000000000002,221,2.6
2015,1,30,8,30,59.980000000000004,0.18,4.4,196,432,412,0,24.400000000000002,78.10000000000001,1008,196,432,0,412,28.6,216,2.3000000000000003
2015,1,30,9,30,46.72,0.18,4.5,262,509,610,0,24.1,71.79,1008,262,509,0,610,29.700000000000003,212,2
2015,1,30,10,30,34.7,0.18,4.6000000000000005,290,583,770,0,23.700000000000003,66.62,1008,290,583,0,770,30.6,208,1.9000000000000001
2015,1,30,11,30,25.73,0.18,4.7,310,617,866,0,23.3,63.13,1007,310,617,0,866,31.1,204,1.9000000000000001
2015,1,30,12,30,23.63,0.18,4.800000000000001,387,510,854,0,23,61.7,1006,387,510,0,854,31.200000000000003,201,2.1
2015,1,30,13,30,29.89,0.18,4.800000000000001,374,487,796,0,22.8,61.11,1005,374,487,0,796,31.200000000000003,200,2.4000000000000004
2015,1,30,14,30,40.82,0.18,4.9,338,438,669,0,22.8,62.01,1005,338,438,0,669,30.900000000000002,197,2.7
2015,1,30,15,30,53.620000000000005,0.18,4.9,277,356,488,0,22.900000000000002,64.86,1005,277,356,0,488,30.200000000000003,196,3
2015,1,30,16,30,67.23,0.18,5,185,228,273,0,23.200000000000003,70,1006,185,228,0,273,29.200000000000003,195,3.2
2015,1,30,17,30,81.18,0.18,5,55,50,63,7,23.700000000000003,77.01,1006,55,50,5,63,28.1,197,3.4000000000000004
2015,1,30,18,30,95.47,0.18,5,0,0,0,7,24.3,83.14,1007,0,0,0,0,27.400000000000002,198,3.4000000000000004
2015,1,30,19,30,109.76,0.18,5.1000000000000005,0,0,0,7,24.700000000000003,87.9,1008,0,0,0,0,26.900000000000002,200,3.4000000000000004
2015,1,30,20,30,124.04,0.18,5.1000000000000005,0,0,0,7,25,90.37,1008,0,0,0,0,26.700000000000003,201,3.2
2015,1,30,21,30,138.19,0.18,5.1000000000000005,0,0,0,0,25.1,92.8,1008,0,0,0,0,26.400000000000002,203,3
2015,1,30,22,30,151.91,0.18,5.1000000000000005,0,0,0,0,25.200000000000003,93.68,1008,0,0,0,0,26.3,206,2.8000000000000003
2015,1,30,23,30,163.94,0.18,5.1000000000000005,0,0,0,0,25.200000000000003,94.98,1008,0,0,0,0,26.1,209,2.6
2015,1,31,0,30,167.51,0.18,5.1000000000000005,0,0,0,0,25.200000000000003,95.56,1007,0,0,0,0,26,213,2.6
2015,1,31,1,30,158,0.18,5.2,0,0,0,0,25.200000000000003,96,1006,0,0,0,0,25.900000000000002,215,2.6
2015,1,31,2,30,144.78,0.18,5.2,0,0,0,0,25.200000000000003,96.51,1006,0,0,0,0,25.8,216,2.7
2015,1,31,3,30,130.76,0.18,5.2,0,0,0,0,25.200000000000003,96.42,1006,0,0,0,0,25.8,218,2.7
2015,1,31,4,30,116.52,0.18,5.300000000000001,0,0,0,0,25.200000000000003,96.89,1007,0,0,0,0,25.700000000000003,220,2.7
2015,1,31,5,30,102.22,0.18,5.300000000000001,0,0,0,0,25.1,96.04,1007,0,0,0,0,25.8,221,2.6
2015,1,31,6,30,87.69,0.18,5.300000000000001,5,2,5,0,25.1,94.43,1008,5,2,0,5,26.1,223,2.7
2015,1,31,7,30,73.77,0.18,5.300000000000001,127,174,175,0,25.1,91.75,1009,127,174,0,175,26.6,223,2.9000000000000004
2015,1,31,8,30,59.93,0.18,5.300000000000001,219,364,401,0,24.900000000000002,87.36,1009,219,364,0,401,27.200000000000003,223,3
2015,1,31,9,30,46.63,0.18,5.2,274,486,607,0,24.6,82.57000000000001,1009,274,486,0,607,27.8,223,2.8000000000000003
2015,1,31,10,30,34.550000000000004,0.18,5.2,306,557,765,0,24.3,79.47,1008,306,557,0,765,28.200000000000003,221,2.5
2015,1,31,11,30,25.5,0.18,5.2,325,590,858,1,24.200000000000003,77.92,1008,325,590,0,858,28.400000000000002,218,2.3000000000000003
2015,1,31,12,30,23.35,0.18,5.300000000000001,334,587,873,3,24.1,76.49,1007,279,0,0,279,28.6,216,2.1
2015,1,31,13,30,29.650000000000002,0.18,5.300000000000001,327,559,814,3,24,76.13,1007,482,72,0,544,28.6,216,1.9000000000000001
2015,1,31,14,30,40.64,0.18,5.300000000000001,302,504,685,7,23.900000000000002,75.92,1007,341,34,0,367,28.6,216,1.8
2015,1,31,15,30,53.49,0.18,5.300000000000001,266,385,495,6,23.900000000000002,77.26,1007,309,47,0,337,28.3,215,1.8
2015,1,31,16,30,67.13,0.18,5.300000000000001,181,251,279,7,24.1,80.41,1007,241,91,0,276,27.8,211,1.7000000000000002
2015,1,31,17,30,81.10000000000001,0.18,5.300000000000001,58,61,67,7,24.700000000000003,86.4,1007,58,61,5,67,27.200000000000003,209,1.7000000000000002
2015,1,31,18,30,95.42,0.18,5.300000000000001,0,0,0,7,24.8,89.28,1008,0,0,0,0,26.700000000000003,208,1.9000000000000001
2015,1,31,19,30,109.72,0.18,5.300000000000001,0,0,0,7,24.900000000000002,90.84,1008,0,0,0,0,26.5,209,2
2015,1,31,20,30,124.03,0.18,5.300000000000001,0,0,0,0,25,92.84,1009,0,0,0,0,26.3,211,2.1
2015,1,31,21,30,138.21,0.18,5.300000000000001,0,0,0,0,25.1,93.9,1008,0,0,0,0,26.200000000000003,214,2.2
2015,1,31,22,30,151.98,0.18,5.2,0,0,0,0,25.200000000000003,95.37,1008,0,0,0,0,26,218,2.2
2015,1,31,23,30,164.12,0.18,5.2,0,0,0,0,25.200000000000003,96.01,1007,0,0,0,0,25.900000000000002,221,2.3000000000000003
2015,2,1,0,30,167.79,0.18,5.1000000000000005,0,0,0,0,25.200000000000003,96.60000000000001,1006,0,0,0,0,25.8,223,2.4000000000000004
2015,2,1,1,30,158.17000000000002,0.18,5.1000000000000005,0,0,0,0,25.200000000000003,97.24000000000001,1006,0,0,0,0,25.700000000000003,224,2.5
2015,2,1,2,30,144.88,0.18,5,0,0,0,0,25.200000000000003,97.75,1006,0,0,0,0,25.6,224,2.5
2015,2,1,3,30,130.84,0.18,4.9,0,0,0,0,25.200000000000003,98.02,1006,0,0,0,0,25.5,225,2.4000000000000004
2015,2,1,4,30,116.56,0.18,4.9,0,0,0,0,25.1,98.18,1006,0,0,0,0,25.400000000000002,226,2.4000000000000004
2015,2,1,5,30,102.24000000000001,0.18,4.800000000000001,0,0,0,0,25,97.77,1006,0,0,0,0,25.400000000000002,228,2.4000000000000004
2015,2,1,6,30,87.69,0.18,4.800000000000001,7,5,7,0,25.1,94.64,1007,7,5,0,7,26,230,2.7
2015,2,1,7,30,73.75,0.18,4.9,120,222,182,0,25.1,89.06,1008,120,222,0,182,27.1,231,2.9000000000000004
2015,2,1,8,30,59.88,0.18,4.9,198,422,410,0,24.8,81.15,1008,198,422,0,410,28.3,230,2.8000000000000003
2015,2,1,9,30,46.54,0.18,4.9,243,546,619,0,24.400000000000002,73.9,1008,243,546,0,619,29.5,231,2.3000000000000003
2015,2,1,10,30,34.4,0.18,5,263,628,781,2,24,68.36,1007,474,86,0,545,30.5,233,1.9000000000000001
2015,2,1,11,30,25.26,0.18,5.1000000000000005,271,670,877,0,23.6,64.21000000000001,1006,271,670,0,877,31.200000000000003,233,1.7000000000000002
2015,2,1,12,30,23.07,0.18,5.1000000000000005,305,633,887,2,23.3,60.99,1005,513,95,0,601,31.700000000000003,230,1.6
2015,2,1,13,30,29.42,0.18,5.1000000000000005,299,607,828,3,23,59.38,1005,450,34,0,480,31.900000000000002,224,1.6
2015,2,1,14,30,40.46,0.18,5.1000000000000005,275,557,699,0,22.8,59.03,1004,275,557,0,699,31.8,218,1.7000000000000002
2015,2,1,15,30,53.36,0.18,5.1000000000000005,226,477,511,0,22.8,60.68,1004,226,477,0,511,31.3,214,1.9000000000000001
2015,2,1,16,30,67.03,0.18,5,161,337,292,0,23,64.84,1005,161,337,0,292,30.400000000000002,213,2.1
2015,2,1,17,30,81.02,0.18,5,61,99,76,0,24.200000000000003,74.57000000000001,1005,61,99,0,76,29.200000000000003,213,2.4000000000000004
2015,2,1,18,30,95.36,0.18,4.9,0,0,0,0,24.8,81.13,1006,0,0,0,0,28.3,213,2.6
2015,2,1,19,30,109.69,0.18,4.9,0,0,0,0,24.900000000000002,84.65,1006,0,0,0,0,27.700000000000003,214,2.9000000000000004
2015,2,1,20,30,124.02,0.18,4.9,0,0,0,0,25.1,88.10000000000001,1007,0,0,0,0,27.200000000000003,216,3
2015,2,1,21,30,138.23,0.18,4.9,0,0,0,0,25.200000000000003,91.21000000000001,1007,0,0,0,0,26.8,220,3.1
2015,2,1,22,30,152.05,0.18,4.9,0,0,0,0,25.400000000000002,93.59,1007,0,0,0,0,26.5,223,3.2
2015,2,1,23,30,164.3,0.18,4.9,0,0,0,0,25.400000000000002,94.97,1006,0,0,0,0,26.3,227,3.3000000000000003
2015,2,2,0,30,168.07,0.18,4.9,0,0,0,0,25.400000000000002,96.10000000000001,1006,0,0,0,0,26.1,230,3.3000000000000003
2015,2,2,1,30,158.34,0.18,4.9,0,0,0,0,25.400000000000002,96.87,1005,0,0,0,0,25.900000000000002,232,3.3000000000000003
2015,2,2,2,30,144.99,0.18,4.9,0,0,0,1,25.3,97.04,1005,0,0,0,0,25.8,235,3.2
2015,2,2,3,30,130.9,0.18,5,0,0,0,1,25.200000000000003,97.76,1005,0,0,0,0,25.6,238,3.1
2015,2,2,4,30,116.61,0.18,5,0,0,0,0,25.1,97.88,1005,0,0,0,0,25.5,241,2.9000000000000004
2015,2,2,5,30,102.26,0.18,5,0,0,0,3,25.1,96.91,1006,0,0,0,0,25.6,244,2.9000000000000004
2015,2,2,6,30,87.69,0.18,5.1000000000000005,6,3,6,3,25.1,93.5,1006,6,3,5,6,26.200000000000003,248,3.1
2015,2,2,7,30,73.72,0.18,5.1000000000000005,126,187,179,0,25.1,87.09,1007,126,187,0,179,27.400000000000002,250,3.3000000000000003
2015,2,2,8,30,59.83,0.18,5.2,221,356,400,3,24.5,76.96000000000001,1007,277,18,0,286,29,250,3.1
2015,2,2,9,30,46.45,0.18,5.2,295,442,599,3,24.1,69.03,1007,407,49,0,440,30.400000000000002,246,2.5
2015,2,2,10,30,34.24,0.18,5.300000000000001,358,477,753,3,23.700000000000003,63.25,1006,530,90,0,604,31.5,236,1.9000000000000001
2015,2,2,11,30,25.02,0.18,5.4,391,496,841,2,23.200000000000003,59.02,1005,580,100,0,671,32.2,219,1.7000000000000002
2015,2,2,12,30,22.78,0.18,5.5,414,475,852,0,22.8,56.76,1005,414,475,0,852,32.5,200,1.9000000000000001
2015,2,2,13,30,29.18,0.18,5.5,393,453,789,1,22.8,57.5,1004,393,453,0,789,32.2,189,2.4000000000000004
2015,2,2,14,30,40.29,0.18,5.6000000000000005,347,420,667,0,23,60.28,1004,347,420,0,667,31.6,187,2.9000000000000004
2015,2,2,15,30,53.230000000000004,0.18,5.6000000000000005,258,405,501,0,23.200000000000003,64.17,1004,258,405,0,501,30.8,191,3.2
2015,2,2,16,30,66.93,0.18,5.6000000000000005,179,268,284,0,23.5,69.2,1004,179,268,0,284,29.8,195,3.4000000000000004
2015,2,2,17,30,80.95,0.18,5.6000000000000005,60,65,70,0,24.200000000000003,77.66,1005,60,65,0,70,28.5,199,3.5
2015,2,2,18,30,95.31,0.18,5.5,0,0,0,0,24.700000000000003,84.16,1006,0,0,0,0,27.6,204,3.6
2015,2,2,19,30,109.66,0.18,5.5,0,0,0,0,24.900000000000002,87.35000000000001,1006,0,0,0,0,27.200000000000003,209,3.6
2015,2,2,20,30,124.01,0.18,5.4,0,0,0,0,25,89.96000000000001,1007,0,0,0,0,26.8,213,3.5
2015,2,2,21,30,138.25,0.18,5.300000000000001,0,0,0,0,25,90.87,1007,0,0,0,0,26.6,215,3.4000000000000004
2015,2,2,22,30,152.12,0.18,5.2,0,0,0,0,24.900000000000002,91.63,1007,0,0,0,0,26.400000000000002,218,3.2
2015,2,2,23,30,164.48,0.18,5.1000000000000005,0,0,0,0,24.8,92.21000000000001,1006,0,0,0,0,26.200000000000003,220,3.2
2015,2,3,0,30,168.35,0.18,5,0,0,0,3,24.700000000000003,92.82000000000001,1006,0,0,0,0,26,222,3.1
2015,2,3,1,30,158.51,0.18,4.9,0,0,0,3,24.6,93.32000000000001,1005,0,0,0,0,25.8,224,3.1
2015,2,3,2,30,145.09,0.18,4.800000000000001,0,0,0,8,24.6,93.49,1005,0,0,0,0,25.700000000000003,226,3
2015,2,3,3,30,130.97,0.18,4.7,0,0,0,1,24.5,94.4,1005,0,0,0,0,25.5,226,3
2015,2,3,4,30,116.65,0.18,4.7,0,0,0,0,24.5,95.31,1005,0,0,0,0,25.3,227,3
2015,2,3,5,30,102.28,0.18,4.7,0,0,0,0,24.5,94.73,1006,0,0,0,0,25.400000000000002,228,3.1
2015,2,3,6,30,87.68,0.18,4.7,6,3,7,7,24.6,91.38,1007,6,3,5,7,26.1,229,3.5
2015,2,3,7,30,73.69,0.18,4.7,125,208,183,3,24.5,84.38,1007,62,0,0,62,27.400000000000002,229,3.9000000000000004
2015,2,3,8,30,59.77,0.18,4.7,207,406,412,3,24.1,75.93,1008,251,15,0,259,28.8,227,3.9000000000000004
2015,2,3,9,30,46.35,0.18,4.800000000000001,263,514,617,0,24,70.67,1008,263,514,0,617,29.900000000000002,225,3.6
2015,2,3,10,30,34.08,0.18,4.9,293,584,777,2,24,67.74,1007,478,80,0,544,30.6,221,3.3000000000000003
2015,2,3,11,30,24.77,0.18,5.1000000000000005,311,621,875,0,23.900000000000002,65.85,1006,311,621,0,875,31,216,3.1
2015,2,3,12,30,22.490000000000002,0.18,5.2,321,615,890,0,23.8,65.14,1006,321,615,0,890,31.1,211,3.1
2015,2,3,13,30,28.95,0.18,5.300000000000001,313,592,831,0,23.700000000000003,65.92,1005,313,592,0,831,30.8,207,3.2
2015,2,3,14,30,40.12,0.18,5.4,287,543,702,0,23.700000000000003,67.78,1004,287,543,0,702,30.3,206,3.3000000000000003
2015,2,3,15,30,53.1,0.18,5.4,243,456,516,0,23.8,71.11,1005,243,456,0,516,29.6,209,3.5
2015,2,3,16,30,66.83,0.18,5.300000000000001,175,307,295,0,24,75.26,1005,175,307,0,295,28.8,210,3.6
2015,2,3,17,30,80.88,0.18,5.300000000000001,65,79,77,0,24.400000000000002,81.07000000000001,1005,65,79,0,77,27.900000000000002,209,3.4000000000000004
2015,2,3,18,30,95.26,0.18,5.2,0,0,0,3,24.8,86.61,1006,0,0,0,0,27.200000000000003,208,3.2
2015,2,3,19,30,109.63,0.18,5.2,0,0,0,7,25,89.32000000000001,1007,0,0,0,0,26.900000000000002,208,3.2
2015,2,3,20,30,124.01,0.18,5.1000000000000005,0,0,0,7,25.1,91.69,1007,0,0,0,0,26.6,207,3.2
2015,2,3,21,30,138.28,0.18,5.1000000000000005,0,0,0,7,25.200000000000003,93.26,1007,0,0,0,0,26.400000000000002,206,3.1
2015,2,3,22,30,152.20000000000002,0.18,5,0,0,0,7,25.3,94.10000000000001,1007,0,0,0,0,26.3,205,3
2015,2,3,23,30,164.67000000000002,0.18,4.9,0,0,0,7,25.3,95.43,1007,0,0,0,0,26.1,207,3
2015,2,4,0,30,168.64000000000001,0.18,4.9,0,0,0,7,25.3,95.89,1006,0,0,0,0,26,211,3
2015,2,4,1,30,158.67000000000002,0.18,4.9,0,0,0,1,25.3,96.25,1005,0,0,0,0,25.900000000000002,215,2.9000000000000004
2015,2,4,2,30,145.19,0.18,4.9,0,0,0,0,25.200000000000003,97.21000000000001,1005,0,0,0,0,25.700000000000003,218,2.9000000000000004
2015,2,4,3,30,131.03,0.18,4.9,0,0,0,0,25.200000000000003,97.58,1005,0,0,0,0,25.6,220,2.9000000000000004
2015,2,4,4,30,116.68,0.18,4.9,0,0,0,0,25.200000000000003,97.95,1006,0,0,0,0,25.5,221,2.8000000000000003
2015,2,4,5,30,102.29,0.18,4.9,0,0,0,0,25.1,97.02,1006,0,0,0,0,25.6,223,2.8000000000000003
2015,2,4,6,30,87.68,0.18,4.9,5,2,6,0,25.1,94.4,1007,5,2,0,6,26.1,224,3.1
2015,2,4,7,30,73.66,0.18,4.9,124,195,179,0,25.200000000000003,88.62,1008,124,195,0,179,27.200000000000003,224,3.4000000000000004
2015,2,4,8,30,59.71,0.18,5,207,394,406,0,24.700000000000003,80.38,1008,207,394,0,406,28.400000000000002,224,3.5
2015,2,4,9,30,46.24,0.18,5,257,519,615,3,24.200000000000003,72.77,1008,411,64,0,455,29.6,225,3.2
2015,2,4,10,30,33.910000000000004,0.18,5,286,591,776,3,23.900000000000002,67.78,1007,480,81,0,548,30.5,225,2.9000000000000004
2015,2,4,11,30,24.52,0.18,5.1000000000000005,301,625,870,0,23.6,64.04,1007,301,625,0,870,31.200000000000003,223,2.6
2015,2,4,12,30,22.2,0.18,5.1000000000000005,315,615,884,0,23.3,61.68,1006,315,615,0,884,31.6,219,2.5
2015,2,4,13,30,28.71,0.18,5.1000000000000005,308,590,825,0,23.1,60.92,1005,308,590,0,825,31.6,215,2.5
2015,2,4,14,30,39.95,0.18,5.1000000000000005,285,535,696,0,23,61.550000000000004,1004,285,535,0,696,31.3,211,2.6
2015,2,4,15,30,52.980000000000004,0.18,5.2,260,397,499,0,23,64.05,1004,260,397,0,499,30.6,210,2.8000000000000003
2015,2,4,16,30,66.74,0.18,5.2,180,254,281,0,23.200000000000003,68.28,1005,180,254,0,281,29.700000000000003,211,2.8000000000000003
2015,2,4,17,30,80.82000000000001,0.18,5.2,58,59,68,0,24,76.17,1006,58,59,0,68,28.6,211,2.8000000000000003
2015,2,4,18,30,95.22,0.18,5.300000000000001,0,0,0,7,24.6,83.23,1006,0,0,0,0,27.700000000000003,211,3
2015,2,4,19,30,109.61,0.18,5.300000000000001,0,0,0,7,24.900000000000002,86.68,1007,0,0,0,0,27.3,212,3
2015,2,4,20,30,124.01,0.18,5.300000000000001,0,0,0,7,25.1,89.99,1007,0,0,0,0,26.900000000000002,213,3
2015,2,4,21,30,138.31,0.18,5.4,0,0,0,7,25.3,91.91,1007,0,0,0,0,26.700000000000003,213,3
2015,2,4,22,30,152.28,0.18,5.4,0,0,0,8,25.400000000000002,94.09,1007,0,0,0,0,26.400000000000002,212,3
2015,2,4,23,30,164.85,0.18,5.5,0,0,0,8,25.400000000000002,94.86,1006,0,0,0,0,26.3,212,3
2015,2,5,0,30,168.93,0.18,5.5,0,0,0,7,25.400000000000002,96.08,1006,0,0,0,0,26.1,213,3
2015,2,5,1,30,158.83,0.18,5.5,0,0,0,7,25.400000000000002,96.47,1005,0,0,0,0,26,213,3
2015,2,5,2,30,145.28,0.18,5.6000000000000005,0,0,0,8,25.400000000000002,96.92,1005,0,0,0,0,25.900000000000002,215,3
2015,2,5,3,30,131.09,0.18,5.6000000000000005,0,0,0,8,25.400000000000002,96.8,1005,0,0,0,0,25.900000000000002,218,3.2
2015,2,5,4,30,116.71000000000001,0.18,5.6000000000000005,0,0,0,7,25.3,97.22,1005,0,0,0,0,25.8,221,3.3000000000000003
2015,2,5,5,30,102.3,0.18,5.6000000000000005,0,0,0,7,25.3,96.52,1006,0,0,0,0,25.900000000000002,224,3.5
2015,2,5,6,30,87.67,0.18,5.6000000000000005,4,1,4,1,25.3,93.55,1006,4,1,0,4,26.400000000000002,225,3.8000000000000003
2015,2,5,7,30,73.62,0.18,5.5,129,138,168,0,25.1,88.55,1007,129,138,0,168,27.200000000000003,225,4.1000000000000005
2015,2,5,8,30,59.64,0.18,5.4,232,312,389,0,24.6,81.29,1007,232,312,0,389,28.1,224,4
2015,2,5,9,30,46.14,0.18,5.4,294,435,596,1,24.1,74.5,1007,294,435,0,596,29.1,222,3.7
2015,2,5,10,30,33.75,0.18,5.4,336,509,760,3,23.900000000000002,69.97,1007,494,72,0,554,30,221,3.2
2015,2,5,11,30,24.27,0.18,5.300000000000001,356,546,854,1,23.8,66.68,1006,356,546,0,854,30.700000000000003,220,3
2015,2,5,12,30,21.900000000000002,0.18,5.300000000000001,361,551,872,0,23.6,64.5,1005,361,551,0,872,31.1,219,2.8000000000000003
2015,2,5,13,30,28.47,0.18,5.300000000000001,349,530,815,0,23.400000000000002,63.480000000000004,1004,349,530,0,815,31.200000000000003,217,2.7
2015,2,5,14,30,39.78,0.18,5.300000000000001,316,485,689,0,23.3,63.65,1004,316,485,0,689,31,212,2.8000000000000003
2015,2,5,15,30,52.85,0.18,5.300000000000001,261,407,507,0,23.3,65.33,1004,261,407,0,507,30.5,210,3.1
2015,2,5,16,30,66.65,0.18,5.300000000000001,182,268,288,0,23.3,69,1004,182,268,0,288,29.6,208,3.3000000000000003
2015,2,5,17,30,80.75,0.18,5.300000000000001,62,67,73,0,23.700000000000003,75,1005,62,67,0,73,28.6,208,3.4000000000000004
2015,2,5,18,30,95.17,0.18,5.2,0,0,0,0,24.200000000000003,81.27,1006,0,0,0,0,27.700000000000003,208,3.4000000000000004
2015,2,5,19,30,109.59,0.18,5.2,0,0,0,0,24.5,84.65,1007,0,0,0,0,27.3,208,3.3000000000000003
2015,2,5,20,30,124.01,0.18,5.2,0,0,0,0,24.700000000000003,87.3,1007,0,0,0,0,27,210,3.1
2015,2,5,21,30,138.34,0.18,5.300000000000001,0,0,0,0,24.900000000000002,89.66,1007,0,0,0,0,26.700000000000003,213,3
2015,2,5,22,30,152.36,0.18,5.300000000000001,0,0,0,0,25,91.24,1007,0,0,0,0,26.5,215,3
2015,2,5,23,30,165.04,0.18,5.300000000000001,0,0,0,1,25,92.12,1007,0,0,0,0,26.400000000000002,216,2.9000000000000004
2015,2,6,0,30,169.22,0.18,5.4,0,0,0,7,25,93.37,1006,0,0,0,0,26.200000000000003,218,2.9000000000000004
2015,2,6,1,30,158.98,0.18,5.4,0,0,0,7,25,94.5,1005,0,0,0,0,26,219,2.8000000000000003
2015,2,6,2,30,145.37,0.18,5.4,0,0,0,0,25.1,95.11,1005,0,0,0,0,25.900000000000002,220,2.7
2015,2,6,3,30,131.14000000000001,0.18,5.4,0,0,0,0,25.1,95.69,1005,0,0,0,0,25.8,220,2.7
2015,2,6,4,30,116.74000000000001,0.18,5.4,0,0,0,0,25,96.2,1005,0,0,0,0,25.700000000000003,219,2.6
2015,2,6,5,30,102.3,0.18,5.5,0,0,0,3,25.1,95.67,1006,0,0,0,0,25.8,220,2.7
2015,2,6,6,30,87.65,0.18,5.5,7,4,7,0,25.1,92.45,1006,7,4,0,7,26.400000000000002,222,3
2015,2,6,7,30,73.58,0.18,5.5,125,208,183,0,25,87.38,1007,125,208,0,183,27.3,223,3.3000000000000003
2015,2,6,8,30,59.57,0.18,5.5,207,404,412,0,24.6,80.04,1007,207,404,0,412,28.400000000000002,222,3.4000000000000004
2015,2,6,9,30,46.03,0.18,5.5,251,536,623,3,24.200000000000003,74.56,1007,420,79,0,475,29.200000000000003,221,3.2
2015,2,6,10,30,33.57,0.18,5.5,284,605,787,3,24,71.28,1006,428,37,0,459,29.8,219,3
2015,2,6,11,30,24.01,0.18,5.5,300,638,882,2,24,69.44,1006,543,117,0,650,30.200000000000003,217,2.8000000000000003
2015,2,6,12,30,21.59,0.18,5.5,362,558,880,0,23.900000000000002,68.58,1005,362,558,0,880,30.3,214,2.7
2015,2,6,13,30,28.23,0.18,5.4,356,528,821,0,23.8,68.57000000000001,1004,356,528,0,821,30.200000000000003,212,2.7
2015,2,6,14,30,39.61,0.18,5.4,330,470,692,0,23.700000000000003,69.62,1004,330,470,0,692,29.900000000000002,210,2.8000000000000003
2015,2,6,15,30,52.730000000000004,0.18,5.4,277,379,507,8,23.8,71.36,1004,277,379,5,507,29.5,209,3
2015,2,6,16,30,66.56,0.18,5.4,192,237,286,7,23.900000000000002,74.69,1005,192,237,5,286,28.8,210,3
2015,2,6,17,30,80.69,0.18,5.5,61,55,70,0,24.200000000000003,79.24,1005,61,55,0,70,28.1,210,2.9000000000000004
2015,2,6,18,30,95.13,0.18,5.5,0,0,0,0,24.5,83.57000000000001,1006,0,0,0,0,27.5,211,2.8000000000000003
2015,2,6,19,30,109.57000000000001,0.18,5.5,0,0,0,0,24.6,85.91,1006,0,0,0,0,27.200000000000003,210,2.8000000000000003
2015,2,6,20,30,124.01,0.18,5.5,0,0,0,0,24.8,87.84,1007,0,0,0,0,27,210,2.9000000000000004
2015,2,6,21,30,138.37,0.18,5.4,0,0,0,0,24.900000000000002,89.60000000000001,1007,0,0,0,0,26.8,211,3
2015,2,6,22,30,152.44,0.18,5.4,0,0,0,0,25.1,91.27,1007,0,0,0,0,26.6,212,3
2015,2,6,23,30,165.23,0.18,5.300000000000001,0,0,0,1,25.1,92.72,1006,0,0,0,0,26.400000000000002,214,3.1
2015,2,7,0,30,169.51,0.18,5.2,0,0,0,1,25.200000000000003,93.52,1006,0,0,0,0,26.3,215,3
2015,2,7,1,30,159.13,0.18,5.2,0,0,0,1,25.200000000000003,94.09,1005,0,0,0,0,26.200000000000003,216,3
2015,2,7,2,30,145.45000000000002,0.18,5.1000000000000005,0,0,0,7,25.200000000000003,94.71000000000001,1005,0,0,0,0,26.1,216,3
2015,2,7,3,30,131.19,0.18,5.1000000000000005,0,0,0,7,25.200000000000003,95.29,1005,0,0,0,0,26,217,3
2015,2,7,4,30,116.76,0.18,5.2,0,0,0,7,25.200000000000003,95.83,1005,0,0,0,0,25.900000000000002,218,3
2015,2,7,5,30,102.31,0.18,5.2,0,0,0,0,25.200000000000003,95.39,1006,0,0,0,0,26,219,3.1
2015,2,7,6,30,87.63,0.18,5.2,7,5,7,0,25.200000000000003,92.8,1006,7,5,0,7,26.5,220,3.3000000000000003
2015,2,7,7,30,73.54,0.18,5.2,126,222,189,0,25.200000000000003,87.15,1007,126,222,0,189,27.5,220,3.7
2015,2,7,8,30,59.5,0.18,5.2,202,430,421,1,24.700000000000003,78.95,1008,202,430,0,421,28.700000000000003,219,3.7
2015,2,7,9,30,45.910000000000004,0.18,5.2,244,560,634,7,24.1,71.68,1008,372,260,0,553,29.8,218,3.5
2015,2,7,10,30,33.4,0.18,5.300000000000001,268,633,796,0,23.8,66.79,1007,268,633,0,796,30.700000000000003,217,3.1
2015,2,7,11,30,23.740000000000002,0.18,5.300000000000001,282,667,892,8,23.6,63.49,1006,456,328,7,756,31.400000000000002,215,2.9000000000000004
2015,2,7,12,30,21.28,0.18,5.300000000000001,293,660,908,3,23.5,61.730000000000004,1005,526,103,0,622,31.700000000000003,212,2.8000000000000003
2015,2,7,13,30,28,0.18,5.4,284,641,850,7,23.3,61.1,1005,361,550,0,847,31.700000000000003,208,2.8000000000000003
2015,2,7,14,30,39.44,0.18,5.4,262,593,720,7,23.200000000000003,61.730000000000004,1004,395,278,7,609,31.400000000000002,205,2.9000000000000004
2015,2,7,15,30,52.61,0.18,5.4,246,456,523,6,23.200000000000003,64.25,1004,45,0,0,45,30.700000000000003,205,3.1
2015,2,7,16,30,66.48,0.18,5.4,176,311,300,9,23.3,68.06,1005,59,0,0,59,29.8,207,3.3000000000000003
2015,2,7,17,30,80.63,0.18,5.4,67,89,81,9,23.700000000000003,74.2,1005,13,0,0,13,28.700000000000003,208,3.4000000000000004
2015,2,7,18,30,95.10000000000001,0.18,5.4,0,0,0,6,24.200000000000003,80.51,1006,0,0,0,0,27.900000000000002,209,3.4000000000000004
2015,2,7,19,30,109.55,0.18,5.4,0,0,0,6,24.6,84.07000000000001,1006,0,0,0,0,27.5,211,3.4000000000000004
2015,2,7,20,30,124.02,0.18,5.4,0,0,0,6,24.8,87.28,1006,0,0,0,0,27.1,213,3.3000000000000003
2015,2,7,21,30,138.41,0.18,5.4,0,0,0,6,25,89.16,1007,0,0,0,0,26.900000000000002,216,3.2
2015,2,7,22,30,152.52,0.18,5.4,0,0,0,7,25,90.58,1006,0,0,0,0,26.700000000000003,218,3.1
2015,2,7,23,30,165.42000000000002,0.18,5.4,0,0,0,7,25.1,91.97,1006,0,0,0,0,26.5,220,3
2015,2,8,0,30,169.81,0.18,5.4,0,0,0,7,25.1,92.59,1005,0,0,0,0,26.400000000000002,221,3
2015,2,8,1,30,159.28,0.18,5.4,0,0,0,7,25.1,93.24,1005,0,0,0,0,26.3,223,3
2015,2,8,2,30,145.53,0.18,5.4,0,0,0,7,25.1,93.9,1005,0,0,0,0,26.200000000000003,223,3
2015,2,8,3,30,131.23,0.18,5.4,0,0,0,0,25.200000000000003,94.59,1005,0,0,0,0,26.1,221,3.1
2015,2,8,4,30,116.78,0.18,5.4,0,0,0,0,25.200000000000003,95.27,1005,0,0,0,0,26,219,3.1
2015,2,8,5,30,102.3,0.18,5.4,0,0,0,0,25.200000000000003,94.8,1005,0,0,0,0,26.1,217,3.2
2015,2,8,6,30,87.61,0.18,5.4,8,6,8,0,25.200000000000003,91.2,1006,8,6,0,8,26.8,217,3.4000000000000004
2015,2,8,7,30,73.49,0.18,5.4,124,238,191,0,25.1,84.75,1007,124,238,0,191,27.900000000000002,217,3.6
2015,2,8,8,30,59.42,0.18,5.4,200,438,423,0,24.6,76.39,1007,200,438,0,423,29.200000000000003,216,3.4000000000000004
2015,2,8,9,30,45.800000000000004,0.18,5.4,192,661,653,0,24.3,69.86,1007,192,661,0,653,30.400000000000002,214,3
2015,2,8,10,30,33.22,0.18,5.4,218,716,817,0,24.1,65.29,1007,218,716,0,817,31.400000000000002,210,2.7
2015,2,8,11,30,23.47,0.18,5.4,235,738,912,1,23.900000000000002,62.190000000000005,1006,235,738,0,912,32,205,2.6
2015,2,8,12,30,20.97,0.18,5.4,308,633,899,0,23.6,60.75,1005,308,633,0,899,32.1,200,2.7
2015,2,8,13,30,27.76,0.18,5.300000000000001,304,606,840,0,23.400000000000002,60.910000000000004,1005,304,606,0,840,31.900000000000002,197,2.9000000000000004
2015,2,8,14,30,39.28,0.18,5.300000000000001,285,546,708,0,23.400000000000002,62.22,1004,285,546,0,708,31.5,198,3.1
2015,2,8,15,30,52.5,0.18,5.300000000000001,245,452,520,0,23.400000000000002,64.95,1004,245,452,0,520,30.8,201,3.3000000000000003
2015,2,8,16,30,66.39,0.18,5.300000000000001,175,307,298,0,23.6,68.95,1005,175,307,0,298,29.900000000000002,204,3.5
2015,2,8,17,30,80.57000000000001,0.18,5.2,65,90,80,0,23.900000000000002,74.97,1006,65,90,0,80,28.8,205,3.7
2015,2,8,18,30,95.06,0.18,5.2,0,0,0,0,24.5,81.72,1006,0,0,0,0,27.900000000000002,204,3.7
2015,2,8,19,30,109.54,0.18,5.2,0,0,0,0,24.900000000000002,85.93,1007,0,0,0,0,27.5,202,3.7
2015,2,8,20,30,124.03,0.18,5.2,0,0,0,8,25.200000000000003,88.91,1007,0,0,0,0,27.200000000000003,199,3.7
2015,2,8,21,30,138.45000000000002,0.18,5.2,0,0,0,0,25.400000000000002,91.45,1007,0,0,0,0,26.900000000000002,196,3.6
2015,2,8,22,30,152.61,0.18,5.2,0,0,0,0,25.5,92.61,1007,0,0,0,0,26.8,192,3.7
2015,2,8,23,30,165.61,0.18,5.300000000000001,0,0,0,1,25.5,93.36,1007,0,0,0,0,26.700000000000003,189,3.8000000000000003
2015,2,9,0,30,170.1,0.18,5.300000000000001,0,0,0,1,25.5,93.21000000000001,1006,0,0,0,0,26.700000000000003,187,4
2015,2,9,1,30,159.42000000000002,0.18,5.2,0,0,0,0,25.5,93.09,1006,0,0,0,0,26.700000000000003,186,4
2015,2,9,2,30,145.61,0.18,5.2,0,0,0,7,25.400000000000002,92.86,1006,0,0,0,0,26.700000000000003,188,4.1000000000000005
2015,2,9,3,30,131.27,0.18,5.1000000000000005,0,0,0,7,25.400000000000002,92.99,1006,0,0,0,0,26.6,192,4.1000000000000005
2015,2,9,4,30,116.8,0.18,4.9,0,0,0,7,25.3,92.33,1006,0,0,0,0,26.6,199,4
2015,2,9,5,30,102.3,0.18,4.800000000000001,0,0,0,0,25.1,91.52,1006,0,0,0,0,26.6,210,4
2015,2,9,6,30,87.59,0.18,4.6000000000000005,8,7,9,7,25,89.4,1006,8,7,5,9,26.900000000000002,222,4.1000000000000005
2015,2,9,7,30,73.44,0.18,4.5,116,273,194,0,24.8,84.46000000000001,1006,116,273,0,194,27.700000000000003,232,4.5
2015,2,9,8,30,59.34,0.18,4.4,177,499,432,8,24.200000000000003,76,1006,256,58,7,286,28.900000000000002,237,4.5
2015,2,9,9,30,45.68,0.18,4.4,209,631,650,7,23.5,67.93,1006,313,468,7,639,30.1,237,4.2
2015,2,9,10,30,33.04,0.18,4.4,230,699,816,7,23,61.67,1005,281,632,0,811,31.200000000000003,233,3.7
2015,2,9,11,30,23.2,0.18,4.5,243,727,911,7,22.6,58,1005,314,633,0,895,31.900000000000002,224,3.2
2015,2,9,12,30,20.66,0.18,4.6000000000000005,300,648,906,2,22.3,55.71,1004,581,145,0,717,32.300000000000004,211,3
2015,2,9,13,30,27.52,0.18,4.7,295,620,845,1,22.200000000000003,55.32,1004,295,620,0,845,32.300000000000004,199,3.2
2015,2,9,14,30,39.12,0.18,4.800000000000001,274,565,713,7,22.200000000000003,56.95,1004,274,565,5,713,31.8,192,3.6
2015,2,9,15,30,52.38,0.18,4.800000000000001,258,427,518,7,22.3,60.050000000000004,1004,258,427,5,518,31,190,4
2015,2,9,16,30,66.31,0.18,4.800000000000001,181,287,297,0,22.700000000000003,65.41,1005,181,287,0,297,29.900000000000002,190,4.2
2015,2,9,17,30,80.52,0.18,4.800000000000001,65,79,78,0,23.400000000000002,72.68,1005,65,79,0,78,28.8,192,4.1000000000000005
2015,2,9,18,30,95.03,0.18,4.800000000000001,0,0,0,7,24.1,78.74,1006,0,0,0,0,28.1,195,4
2015,2,9,19,30,109.52,0.18,4.800000000000001,0,0,0,7,24.5,82.8,1007,0,0,0,0,27.700000000000003,199,3.9000000000000004
2015,2,9,20,30,124.04,0.18,4.7,0,0,0,7,24.8,85.39,1008,0,0,0,0,27.5,203,3.8000000000000003
2015,2,9,21,30,138.49,0.18,4.7,0,0,0,7,25.1,87.58,1008,0,0,0,0,27.3,206,3.6
2015,2,9,22,30,152.69,0.18,4.7,0,0,0,7,25.200000000000003,89.42,1007,0,0,0,0,27.1,207,3.4000000000000004
2015,2,9,23,30,165.8,0.18,4.7,0,0,0,1,25.3,91.16,1007,0,0,0,0,26.900000000000002,206,3.2
2015,2,10,0,30,170.4,0.18,4.800000000000001,0,0,0,7,25.400000000000002,92.67,1006,0,0,0,0,26.700000000000003,205,3
2015,2,10,1,30,159.56,0.18,4.800000000000001,0,0,0,1,25.5,94.04,1005,0,0,0,0,26.5,204,2.7
2015,2,10,2,30,145.68,0.18,4.9,0,0,0,0,25.5,94.81,1005,0,0,0,0,26.400000000000002,204,2.6
2015,2,10,3,30,131.31,0.18,4.9,0,0,0,0,25.5,95.47,1005,0,0,0,0,26.3,207,2.5
2015,2,10,4,30,116.81,0.18,5,0,0,0,7,25.5,96.04,1005,0,0,0,0,26.200000000000003,211,2.4000000000000004
2015,2,10,5,30,102.29,0.18,5,0,0,0,0,25.5,96.06,1006,0,0,0,0,26.200000000000003,214,2.4000000000000004
2015,2,10,6,30,87.56,0.18,5.1000000000000005,8,6,8,0,25.6,94.03,1006,8,6,0,8,26.6,215,2.5
2015,2,10,7,30,73.39,0.18,5.2,123,232,190,0,25.6,90.01,1007,123,232,0,190,27.400000000000002,215,2.8000000000000003
2015,2,10,8,30,59.26,0.18,5.2,202,428,421,0,25.3,84.26,1007,202,428,0,421,28.200000000000003,214,2.9000000000000004
2015,2,10,9,30,45.550000000000004,0.18,5.2,194,665,659,0,24.6,77.21000000000001,1007,194,665,0,659,29,214,2.9000000000000004
2015,2,10,10,30,32.85,0.18,5.2,211,731,825,0,23.900000000000002,71.24,1006,211,731,0,825,29.700000000000003,210,2.7
2015,2,10,11,30,22.92,0.18,5.2,217,764,921,0,23.5,67.59,1006,217,764,0,921,30.200000000000003,205,2.6
2015,2,10,12,30,20.34,0.18,5.2,289,664,912,1,23.3,65.47,1005,289,664,0,912,30.5,197,2.5
2015,2,10,13,30,27.29,0.18,5.1000000000000005,277,652,856,0,23.200000000000003,64.78,1005,277,652,0,856,30.6,191,2.5
2015,2,10,14,30,38.96,0.18,5.1000000000000005,252,612,727,0,23.200000000000003,65.03,1004,252,612,0,727,30.5,187,2.6
2015,2,10,15,30,52.27,0.18,5.1000000000000005,212,536,540,0,23.200000000000003,66.56,1004,212,536,0,540,30.1,187,2.6
2015,2,10,16,30,66.24,0.18,5,155,395,314,0,23.3,69.56,1005,155,395,0,314,29.400000000000002,190,2.5
2015,2,10,17,30,80.47,0.18,4.9,65,143,89,0,23.700000000000003,75.81,1005,65,143,0,89,28.400000000000002,193,2.3000000000000003
2015,2,10,18,30,95,0.18,4.800000000000001,0,0,0,0,24.3,81.42,1006,0,0,0,0,27.8,192,2.3000000000000003
2015,2,10,19,30,109.51,0.18,4.800000000000001,0,0,0,0,24.6,84.66,1007,0,0,0,0,27.400000000000002,190,2.3000000000000003
2015,2,10,20,30,124.05,0.18,4.800000000000001,0,0,0,0,24.8,86.91,1007,0,0,0,0,27.200000000000003,189,2.3000000000000003
2015,2,10,21,30,138.53,0.18,4.800000000000001,0,0,0,0,25,89.52,1007,0,0,0,0,26.900000000000002,189,2.3000000000000003
2015,2,10,22,30,152.78,0.18,4.800000000000001,0,0,0,0,25.200000000000003,92.01,1007,0,0,0,0,26.6,193,2.2
2015,2,10,23,30,166,0.18,4.9,0,0,0,0,25.3,93.74,1006,0,0,0,0,26.400000000000002,199,2.2
2015,2,11,0,30,170.70000000000002,0.18,4.9,0,0,0,0,25.400000000000002,95.3,1005,0,0,0,0,26.200000000000003,207,2.2
2015,2,11,1,30,159.69,0.18,5,0,0,0,0,25.400000000000002,96.71000000000001,1005,0,0,0,0,26,218,2.2
2015,2,11,2,30,145.75,0.18,5.1000000000000005,0,0,0,0,25.400000000000002,97.3,1004,0,0,0,0,25.900000000000002,229,2.4000000000000004
2015,2,11,3,30,131.34,0.18,5.2,0,0,0,0,25.400000000000002,97.93,1005,0,0,0,0,25.8,237,2.5
2015,2,11,4,30,116.82000000000001,0.18,5.300000000000001,0,0,0,0,25.400000000000002,98.27,1005,0,0,0,0,25.700000000000003,241,2.5
2015,2,11,5,30,102.28,0.18,5.4,0,0,0,7,25.400000000000002,97.51,1006,0,0,0,0,25.8,241,2.7
2015,2,11,6,30,87.52,0.18,5.4,10,10,11,7,25.400000000000002,94.4,1006,8,0,7,8,26.400000000000002,240,3
2015,2,11,7,30,73.33,0.18,5.5,115,290,198,7,25.5,89.3,1007,157,73,7,178,27.400000000000002,240,3.4000000000000004
2015,2,11,8,30,59.17,0.18,5.6000000000000005,178,496,432,7,24.900000000000002,80.59,1007,178,496,5,432,28.6,239,3.5
2015,2,11,9,30,45.43,0.18,5.6000000000000005,218,613,648,7,24.200000000000003,72.62,1007,319,437,7,625,29.6,236,3.5
2015,2,11,10,30,32.67,0.18,5.7,241,678,812,7,23.8,69.06,1007,253,644,0,795,30.1,233,3.4000000000000004
2015,2,11,11,30,22.64,0.18,5.7,254,708,908,7,23.700000000000003,67.76,1007,290,647,0,887,30.3,228,3.3000000000000003
2015,2,11,12,30,20.02,0.18,5.7,326,613,901,8,23.700000000000003,67.67,1006,352,580,0,897,30.3,221,3.4000000000000004
2015,2,11,13,30,27.05,0.18,5.800000000000001,334,564,836,0,23.700000000000003,69.07000000000001,1006,334,564,0,836,30,214,3.6
2015,2,11,14,30,38.800000000000004,0.18,5.800000000000001,323,485,701,0,23.8,71.35000000000001,1006,323,485,0,701,29.5,209,3.9000000000000004
2015,2,11,15,30,52.17,0.18,5.800000000000001,293,347,506,6,23.900000000000002,74.39,1006,265,18,0,276,28.900000000000002,205,4.1000000000000005
2015,2,11,16,30,66.16,0.18,5.800000000000001,203,197,283,6,24.1,78.31,1006,61,0,0,61,28.200000000000003,198,4
2015,2,11,17,30,80.42,0.18,5.800000000000001,59,32,65,6,24.3,82.39,1007,5,0,0,5,27.6,189,3.7
2015,2,11,18,30,94.97,0.18,5.800000000000001,0,0,0,6,24.3,84.9,1007,0,0,0,0,27.1,178,3.5
2015,2,11,19,30,109.51,0.18,5.7,0,0,0,6,24.200000000000003,85.62,1008,0,0,0,0,26.8,169,3.2
2015,2,11,20,30,124.06,0.18,5.7,0,0,0,6,23.900000000000002,85.63,1009,0,0,0,0,26.5,163,3
2015,2,11,21,30,138.57,0.18,5.7,0,0,0,6,23.700000000000003,85.91,1009,0,0,0,0,26.200000000000003,159,2.8000000000000003
2015,2,11,22,30,152.86,0.18,5.6000000000000005,0,0,0,6,23.400000000000002,86.83,1009,0,0,0,0,25.8,160,2.6
2015,2,11,23,30,166.19,0.18,5.5,0,0,0,9,23.3,88.32000000000001,1008,0,0,0,0,25.400000000000002,167,2.5
2015,2,12,0,30,171,0.18,5.4,0,0,0,9,23.200000000000003,89.94,1008,0,0,0,0,25,176,2.5
2015,2,12,1,30,159.82,0.18,5.4,0,0,0,9,23.200000000000003,91.15,1007,0,0,0,0,24.700000000000003,183,2.3000000000000003
2015,2,12,2,30,145.81,0.18,5.4,0,0,0,9,23.1,92.04,1007,0,0,0,0,24.5,192,2.2
2015,2,12,3,30,131.37,0.18,5.5,0,0,0,6,23.1,92.46000000000001,1007,0,0,0,0,24.400000000000002,205,2.2
2015,2,12,4,30,116.82000000000001,0.18,5.5,0,0,0,6,23.1,92.54,1007,0,0,0,0,24.400000000000002,216,2.2
2015,2,12,5,30,102.26,0.18,5.6000000000000005,0,0,0,7,23.200000000000003,92.25,1007,0,0,0,0,24.5,224,2.2
2015,2,12,6,30,87.49,0.18,5.6000000000000005,4,1,4,6,23.3,91.33,1008,4,1,5,4,24.8,231,2.4000000000000004
2015,2,12,7,30,73.27,0.18,5.7,138,129,175,7,23.3,88.36,1009,36,0,0,36,25.400000000000002,236,2.5
2015,2,12,8,30,59.09,0.18,5.6000000000000005,246,306,403,7,23.200000000000003,83.18,1009,321,152,0,399,26.3,239,2.6
2015,2,12,9,30,45.300000000000004,0.18,5.6000000000000005,283,475,617,7,23.1,78.10000000000001,1009,303,442,0,614,27.200000000000003,241,2.5
2015,2,12,10,30,32.47,0.18,5.5,302,573,785,7,22.900000000000002,73,1009,448,302,0,702,28.200000000000003,244,2.3000000000000003
2015,2,12,11,30,22.35,0.18,5.4,309,623,885,7,22.700000000000003,69.01,1008,466,367,0,806,29,248,2.1
2015,2,12,12,30,19.69,0.18,5.300000000000001,290,663,915,7,22.700000000000003,66.43,1007,271,630,0,864,29.6,250,1.9000000000000001
2015,2,12,13,30,26.82,0.18,5.300000000000001,286,643,859,0,22.900000000000002,66.48,1007,286,643,0,859,29.8,249,1.7000000000000002
2015,2,12,14,30,38.65,0.18,5.2,266,592,729,0,22.8,65.66,1006,266,592,0,729,29.900000000000002,243,1.7000000000000002
2015,2,12,15,30,52.06,0.18,5.2,231,499,538,0,22.8,66.59,1007,231,499,0,538,29.700000000000003,235,1.9000000000000001
2015,2,12,16,30,66.09,0.18,5.1000000000000005,172,341,310,0,23,69.85000000000001,1007,172,341,0,310,29.1,227,2
2015,2,12,17,30,80.37,0.18,5.1000000000000005,70,94,86,0,23.900000000000002,77.48,1008,70,94,0,86,28.200000000000003,221,2.3000000000000003
2015,2,12,18,30,94.95,0.18,5.1000000000000005,0,0,0,0,24.3,82.88,1008,0,0,0,0,27.5,218,2.6
2015,2,12,19,30,109.5,0.18,5.1000000000000005,0,0,0,8,24.3,84.54,1009,0,0,0,0,27.1,218,2.7
2015,2,12,20,30,124.08,0.18,5.1000000000000005,0,0,0,0,24.200000000000003,85.94,1009,0,0,0,0,26.8,218,2.8000000000000003
2015,2,12,21,30,138.61,0.18,5,0,0,0,0,24.200000000000003,87.41,1010,0,0,0,0,26.5,219,2.9000000000000004
2015,2,12,22,30,152.95000000000002,0.18,5,0,0,0,8,24.200000000000003,88.84,1009,0,0,0,0,26.200000000000003,220,3
2015,2,12,23,30,166.38,0.18,5.1000000000000005,0,0,0,7,24.200000000000003,89.9,1009,0,0,0,0,26,222,3
2015,2,13,0,30,171.3,0.18,5.1000000000000005,0,0,0,1,24.200000000000003,90.85000000000001,1008,0,0,0,0,25.8,225,2.9000000000000004
2015,2,13,1,30,159.94,0.18,5.1000000000000005,0,0,0,7,24.200000000000003,91.83,1008,0,0,0,0,25.6,230,2.9000000000000004
2015,2,13,2,30,145.86,0.18,5,0,0,0,7,24.1,92.18,1007,0,0,0,0,25.5,234,2.8000000000000003
2015,2,13,3,30,131.39000000000001,0.18,5,0,0,0,7,24.1,93.22,1008,0,0,0,0,25.3,238,2.8000000000000003
2015,2,13,4,30,116.82000000000001,0.18,4.9,0,0,0,8,24.1,94.14,1008,0,0,0,0,25.1,239,2.7
2015,2,13,5,30,102.24000000000001,0.18,4.9,0,0,0,8,24.1,93.95,1008,0,0,0,0,25.1,238,2.8000000000000003
2015,2,13,6,30,87.45,0.18,4.800000000000001,10,4,10,0,24,92.22,1009,10,4,0,10,25.400000000000002,238,3
2015,2,13,7,30,73.21000000000001,0.18,4.800000000000001,129,243,199,0,24,87.33,1010,129,243,0,199,26.3,238,3.4000000000000004
2015,2,13,8,30,59,0.18,4.7,204,447,434,0,23.700000000000003,80.93,1010,204,447,0,434,27.3,238,3.6
2015,2,13,9,30,45.17,0.18,4.7,253,559,647,0,23.400000000000002,74.78,1010,253,559,0,647,28.3,240,3.8000000000000003
2015,2,13,10,30,32.28,0.18,4.7,288,615,808,0,23.200000000000003,71.09,1010,288,615,0,808,29,241,3.7
2015,2,13,11,30,22.06,0.18,4.7,311,638,902,0,23.1,68.59,1009,311,638,0,902,29.5,241,3.7
2015,2,13,12,30,19.37,0.18,4.7,262,720,941,0,23,67.5,1008,262,720,0,941,29.700000000000003,241,3.5
2015,2,13,13,30,26.59,0.18,4.7,250,708,883,0,23,67.02,1008,250,708,0,883,29.8,241,3.3000000000000003
2015,2,13,14,30,38.5,0.18,4.800000000000001,230,665,751,0,23,66.88,1007,230,665,0,751,29.8,239,3.2
2015,2,13,15,30,51.96,0.18,4.800000000000001,249,468,538,0,23,68.05,1007,249,468,0,538,29.5,234,3.2
2015,2,13,16,30,66.02,0.18,4.800000000000001,182,308,307,0,23.1,71.49,1008,182,308,0,307,28.8,228,3.1
2015,2,13,17,30,80.33,0.18,4.800000000000001,71,69,83,0,23.900000000000002,79.42,1008,71,69,0,83,27.8,223,3.1
2015,2,13,18,30,94.92,0.18,4.800000000000001,0,0,0,8,24.3,84.53,1009,0,0,0,0,27.1,220,3.3000000000000003
2015,2,13,19,30,109.5,0.18,4.800000000000001,0,0,0,3,24.400000000000002,86.82000000000001,1009,0,0,0,0,26.8,219,3.5
2015,2,13,20,30,124.10000000000001,0.18,4.800000000000001,0,0,0,0,24.6,89.31,1010,0,0,0,0,26.5,220,3.5
2015,2,13,21,30,138.66,0.18,4.800000000000001,0,0,0,0,24.700000000000003,90.47,1010,0,0,0,0,26.400000000000002,223,3.6
2015,2,13,22,30,153.04,0.18,4.800000000000001,0,0,0,7,24.8,91.99,1010,0,0,0,0,26.200000000000003,226,3.6
2015,2,13,23,30,166.57,0.18,4.800000000000001,0,0,0,7,24.8,92.7,1009,0,0,0,0,26.1,229,3.7
2015,2,14,0,30,171.6,0.18,4.7,0,0,0,7,24.8,93.29,1008,0,0,0,0,26,230,3.7
2015,2,14,1,30,160.05,0.18,4.7,0,0,0,3,24.900000000000002,94.52,1007,0,0,0,0,25.8,230,3.5
2015,2,14,2,30,145.91,0.18,4.7,0,0,0,3,24.900000000000002,95.25,1007,0,0,0,0,25.700000000000003,231,3.3000000000000003
2015,2,14,3,30,131.41,0.18,4.6000000000000005,0,0,0,3,24.900000000000002,95.98,1007,0,0,0,0,25.6,232,3.1
2015,2,14,4,30,116.82000000000001,0.18,4.6000000000000005,0,0,0,8,24.900000000000002,96.63,1007,0,0,0,0,25.5,233,2.9000000000000004
2015,2,14,5,30,102.22,0.18,4.6000000000000005,0,0,0,7,24.900000000000002,96.18,1008,0,0,0,0,25.6,233,2.8000000000000003
2015,2,14,6,30,87.41,0.18,4.7,5,0,5,2,25,93.77,1009,5,0,5,5,26.1,231,3
2015,2,14,7,30,73.14,0.18,4.7,140,149,184,8,25.200000000000003,90.17,1009,140,149,5,184,26.900000000000002,228,3.3000000000000003
2015,2,14,8,30,58.9,0.18,4.7,234,351,416,0,25.1,84.55,1010,234,351,0,416,27.900000000000002,227,3.5
2015,2,14,9,30,45.04,0.18,4.6000000000000005,286,487,630,0,24.700000000000003,78.69,1010,286,487,0,630,28.8,227,3.6
2015,2,14,10,30,32.09,0.18,4.6000000000000005,314,568,796,0,24.400000000000002,74.31,1009,314,568,0,796,29.5,228,3.6
2015,2,14,11,30,21.77,0.18,4.6000000000000005,329,608,893,0,24.200000000000003,71.61,1008,329,608,0,893,29.900000000000002,228,3.4000000000000004
2015,2,14,12,30,19.04,0.18,4.6000000000000005,332,621,919,0,24,70.08,1007,332,621,0,919,30.1,226,3.1
2015,2,14,13,30,26.36,0.18,4.6000000000000005,323,598,859,0,24,69.8,1007,323,598,0,859,30.1,222,2.9000000000000004
2015,2,14,14,30,38.35,0.18,4.7,300,544,726,0,24,70.96000000000001,1006,300,544,0,726,29.8,216,2.8000000000000003
2015,2,14,15,30,51.86,0.18,4.7,243,483,542,0,24,72.74,1006,243,483,0,542,29.400000000000002,211,2.8000000000000003
2015,2,14,16,30,65.96000000000001,0.18,4.800000000000001,181,324,313,0,24.200000000000003,76.69,1007,181,324,0,313,28.700000000000003,208,2.8000000000000003
2015,2,14,17,30,80.29,0.18,4.800000000000001,74,78,87,0,25,84.68,1007,74,78,0,87,27.8,207,2.8000000000000003
2015,2,14,18,30,94.9,0.18,4.9,0,0,0,0,25.200000000000003,88.32000000000001,1008,0,0,0,0,27.3,207,2.8000000000000003
2015,2,14,19,30,109.5,0.18,4.9,0,0,0,0,25.200000000000003,89.56,1009,0,0,0,0,27.1,208,2.9000000000000004
2015,2,14,20,30,124.12,0.18,4.9,0,0,0,0,25.3,91.41,1009,0,0,0,0,26.8,209,2.8000000000000003
2015,2,14,21,30,138.70000000000002,0.18,4.9,0,0,0,0,25.3,92.63,1009,0,0,0,0,26.6,210,2.8000000000000003
2015,2,14,22,30,153.13,0.18,4.800000000000001,0,0,0,0,25.3,93.71000000000001,1009,0,0,0,0,26.400000000000002,211,2.7
2015,2,14,23,30,166.76,0.18,4.7,0,0,0,0,25.3,94.60000000000001,1008,0,0,0,0,26.200000000000003,211,2.7
2015,2,15,0,30,171.9,0.18,4.6000000000000005,0,0,0,0,25.200000000000003,94.93,1007,0,0,0,0,26.1,211,2.6
2015,2,15,1,30,160.16,0.18,4.6000000000000005,0,0,0,0,25.200000000000003,95.92,1007,0,0,0,0,25.900000000000002,209,2.6
2015,2,15,2,30,145.96,0.18,4.5,0,0,0,0,25.200000000000003,96.34,1006,0,0,0,0,25.8,207,2.5
2015,2,15,3,30,131.43,0.18,4.5,0,0,0,0,25.200000000000003,96.86,1006,0,0,0,0,25.700000000000003,206,2.5
2015,2,15,4,30,116.81,0.18,4.5,0,0,0,0,25.200000000000003,96.95,1007,0,0,0,0,25.700000000000003,204,2.5
2015,2,15,5,30,102.19,0.18,4.6000000000000005,0,0,0,0,25.200000000000003,95.73,1007,0,0,0,0,25.900000000000002,203,2.6
2015,2,15,6,30,87.37,0.18,4.6000000000000005,10,2,10,0,25.200000000000003,93.41,1008,10,2,0,10,26.400000000000002,204,2.9000000000000004
2015,2,15,7,30,73.08,0.18,4.6000000000000005,128,254,202,0,25.3,90.11,1009,128,254,0,202,27.1,204,3.3000000000000003
2015,2,15,8,30,58.81,0.18,4.6000000000000005,195,475,441,0,25.1,84.12,1009,195,475,0,441,28,204,3.5
2015,2,15,9,30,44.9,0.18,4.7,230,605,658,1,24.700000000000003,78.36,1009,230,605,0,658,28.8,204,3.5
2015,2,15,10,30,31.89,0.18,4.7,256,668,823,1,24.400000000000002,74.43,1009,256,668,0,823,29.400000000000002,205,3.4000000000000004
2015,2,15,11,30,21.48,0.18,4.7,272,696,920,0,24.1,71.7,1008,272,696,0,920,29.8,206,3.2
2015,2,15,12,30,18.7,0.18,4.7,367,570,907,0,23.900000000000002,70.41,1007,367,570,0,907,29.900000000000002,208,3.1
2015,2,15,13,30,26.13,0.18,4.6000000000000005,356,550,850,0,23.8,69.9,1006,356,550,0,850,29.900000000000002,209,2.9000000000000004
2015,2,15,14,30,38.2,0.18,4.6000000000000005,326,500,719,0,23.700000000000003,69.95,1006,326,500,0,719,29.8,210,2.9000000000000004
2015,2,15,15,30,51.77,0.18,4.6000000000000005,278,406,530,0,23.700000000000003,71.35000000000001,1006,278,406,0,530,29.400000000000002,211,2.9000000000000004
2015,2,15,16,30,65.9,0.18,4.6000000000000005,200,253,304,0,23.8,74.69,1006,200,253,0,304,28.700000000000003,212,2.8000000000000003
2015,2,15,17,30,80.25,0.18,4.6000000000000005,73,45,81,0,24.400000000000002,81.91,1007,73,45,0,81,27.8,213,2.6
2015,2,15,18,30,94.89,0.18,4.6000000000000005,0,0,0,8,24.700000000000003,86.28,1007,0,0,0,0,27.200000000000003,214,2.6
2015,2,15,19,30,109.5,0.18,4.6000000000000005,0,0,0,7,24.8,88.36,1008,0,0,0,0,26.900000000000002,216,2.7
2015,2,15,20,30,124.14,0.18,4.7,0,0,0,7,24.900000000000002,89.91,1009,0,0,0,0,26.700000000000003,219,2.7
2015,2,15,21,30,138.75,0.18,4.800000000000001,0,0,0,8,25,91.3,1009,0,0,0,0,26.5,222,2.6
2015,2,15,22,30,153.21,0.18,4.800000000000001,0,0,0,3,25,92.52,1009,0,0,0,0,26.3,227,2.6
2015,2,15,23,30,166.95000000000002,0.18,4.9,0,0,0,1,25,92.98,1008,0,0,0,0,26.200000000000003,231,2.6
2015,2,16,0,30,172.20000000000002,0.18,5,0,0,0,0,24.900000000000002,93.93,1007,0,0,0,0,26,235,2.6
2015,2,16,1,30,160.26,0.18,5,0,0,0,0,24.900000000000002,94.86,1007,0,0,0,0,25.8,238,2.5
2015,2,16,2,30,146,0.18,5.1000000000000005,0,0,0,0,24.900000000000002,95.12,1006,0,0,0,0,25.700000000000003,241,2.5
2015,2,16,3,30,131.44,0.18,5.1000000000000005,0,0,0,1,24.8,96.08,1006,0,0,0,0,25.5,241,2.5
2015,2,16,4,30,116.8,0.18,5.1000000000000005,0,0,0,1,24.8,96.01,1006,0,0,0,0,25.5,240,2.6
2015,2,16,5,30,102.16,0.18,5.1000000000000005,0,0,0,0,24.8,95.51,1007,0,0,0,0,25.6,239,2.6
2015,2,16,6,30,87.32000000000001,0.18,5.2,11,4,12,0,24.900000000000002,93.13,1007,11,4,0,12,26.1,239,2.9000000000000004
2015,2,16,7,30,73,0.18,5.2,126,268,204,1,25,88.52,1008,126,268,0,204,27.1,239,3.3000000000000003
2015,2,16,8,30,58.71,0.18,5.300000000000001,191,479,440,8,24.8,81.95,1008,269,316,0,434,28.200000000000003,239,3.5
2015,2,16,9,30,44.76,0.18,5.300000000000001,231,598,656,8,24.400000000000002,75.41,1008,360,196,7,500,29.200000000000003,240,3.5
2015,2,16,10,30,31.69,0.18,5.4,257,662,820,7,24.1,71.23,1008,298,605,0,813,29.900000000000002,241,3.3000000000000003
2015,2,16,11,30,21.18,0.18,5.4,272,691,916,0,24,68.59,1007,272,691,0,916,30.400000000000002,240,3
2015,2,16,12,30,18.37,0.18,5.4,245,739,947,2,23.900000000000002,67.69,1006,474,32,0,504,30.6,236,2.7
2015,2,16,13,30,25.900000000000002,0.18,5.4,240,720,887,0,23.900000000000002,67.53,1005,240,720,0,887,30.6,232,2.6
2015,2,16,14,30,38.06,0.18,5.4,225,671,753,0,23.900000000000002,68.21000000000001,1005,225,671,0,753,30.400000000000002,226,2.6
2015,2,16,15,30,51.67,0.18,5.4,216,541,552,7,23.900000000000002,69.83,1005,327,261,0,489,30,222,2.6
2015,2,16,16,30,65.84,0.18,5.4,165,379,321,7,24.1,73.42,1005,216,59,0,240,29.3,219,2.6
2015,2,16,17,30,80.22,0.18,5.4,74,109,92,7,24.8,81.01,1006,84,9,7,85,28.400000000000002,216,2.6
2015,2,16,18,30,94.87,0.18,5.4,0,0,0,7,25.1,85.92,1006,0,0,0,0,27.700000000000003,215,2.8000000000000003
2015,2,16,19,30,109.5,0.18,5.4,0,0,0,7,25.200000000000003,88.39,1007,0,0,0,0,27.3,214,2.9000000000000004
2015,2,16,20,30,124.16,0.18,5.4,0,0,0,6,25.3,90.02,1008,0,0,0,0,27.1,215,2.9000000000000004
2015,2,16,21,30,138.8,0.18,5.300000000000001,0,0,0,7,25.400000000000002,91.55,1008,0,0,0,0,26.900000000000002,216,2.9000000000000004
2015,2,16,22,30,153.3,0.18,5.2,0,0,0,7,25.400000000000002,92.81,1007,0,0,0,0,26.700000000000003,218,3
2015,2,16,23,30,167.14000000000001,0.18,5.2,0,0,0,7,25.5,94.02,1007,0,0,0,0,26.5,220,3
2015,2,17,0,30,172.5,0.18,5.1000000000000005,0,0,0,7,25.400000000000002,95.06,1006,0,0,0,0,26.3,223,3
2015,2,17,1,30,160.36,0.18,5.1000000000000005,0,0,0,8,25.400000000000002,95.44,1005,0,0,0,0,26.200000000000003,225,3
2015,2,17,2,30,146.04,0.18,5.1000000000000005,0,0,0,8,25.400000000000002,96.45,1005,0,0,0,0,26,228,3
2015,2,17,3,30,131.44,0.18,5.1000000000000005,0,0,0,3,25.400000000000002,96.9,1005,0,0,0,0,25.900000000000002,230,3
2015,2,17,4,30,116.78,0.18,5.1000000000000005,0,0,0,3,25.3,97.35000000000001,1006,0,0,0,0,25.8,233,3
2015,2,17,5,30,102.12,0.18,5.1000000000000005,0,0,0,0,25.3,96.48,1006,0,0,0,0,25.900000000000002,236,3.1
2015,2,17,6,30,87.27,0.18,5.1000000000000005,11,4,11,0,25.3,93.94,1007,11,4,0,11,26.400000000000002,239,3.4000000000000004
2015,2,17,7,30,72.93,0.18,5.1000000000000005,125,266,203,0,25.400000000000002,88.84,1007,125,266,0,203,27.400000000000002,240,3.6
2015,2,17,8,30,58.61,0.18,5.1000000000000005,192,476,439,0,25.1,82.45,1007,192,476,0,439,28.400000000000002,241,3.6
2015,2,17,9,30,44.62,0.18,5.1000000000000005,198,662,669,0,24.700000000000003,76.06,1007,198,662,0,669,29.400000000000002,242,3.3000000000000003
2015,2,17,10,30,31.490000000000002,0.18,5.2,218,724,835,0,24.6,72.71000000000001,1007,218,724,0,835,30,242,3
2015,2,17,11,30,20.88,0.18,5.2,230,754,935,8,24.400000000000002,70.85000000000001,1006,254,698,0,906,30.3,242,2.8000000000000003
2015,2,17,12,30,18.03,0.18,5.2,234,757,954,1,24.3,69.53,1005,234,757,0,954,30.5,241,2.7
2015,2,17,13,30,25.68,0.18,5.2,230,737,894,2,24.200000000000003,69.63,1005,462,55,0,511,30.400000000000002,237,2.6
2015,2,17,14,30,37.92,0.18,5.2,216,689,759,0,24.200000000000003,70.24,1004,216,689,0,759,30.200000000000003,233,2.6
2015,2,17,15,30,51.59,0.18,5.2,189,605,565,7,24.200000000000003,72.07000000000001,1004,313,261,0,475,29.8,231,2.6
2015,2,17,16,30,65.78,0.18,5.2,145,455,332,7,24.5,76.19,1004,207,59,0,231,29.1,228,2.6
2015,2,17,17,30,80.19,0.18,5.1000000000000005,71,170,100,6,25.400000000000002,84.61,1005,26,0,0,26,28.200000000000003,226,2.6
2015,2,17,18,30,94.86,0.18,5,0,0,0,7,25.5,88.98,1005,0,0,0,0,27.5,224,2.7
2015,2,17,19,30,109.51,0.18,4.9,0,0,0,7,25.6,90.75,1006,0,0,0,0,27.200000000000003,224,2.9000000000000004
2015,2,17,20,30,124.19,0.18,4.800000000000001,0,0,0,7,25.6,92.47,1006,0,0,0,0,26.900000000000002,226,3
2015,2,17,21,30,138.84,0.18,4.800000000000001,0,0,0,7,25.6,94.12,1006,0,0,0,0,26.6,227,3.2
2015,2,17,22,30,153.39000000000001,0.18,4.800000000000001,0,0,0,7,25.6,95.3,1006,0,0,0,0,26.400000000000002,229,3.3000000000000003
2015,2,17,23,30,167.32,0.18,4.800000000000001,0,0,0,7,25.6,96.35000000000001,1005,0,0,0,0,26.200000000000003,230,3.4000000000000004
2015,2,18,0,30,172.79,0.18,4.800000000000001,0,0,0,1,25.6,96.86,1005,0,0,0,0,26.1,233,3.4000000000000004
2015,2,18,1,30,160.44,0.18,4.9,0,0,0,8,25.5,97.73,1004,0,0,0,0,25.900000000000002,234,3.4000000000000004
2015,2,18,2,30,146.07,0.18,4.9,0,0,0,8,25.5,97.4,1004,0,0,0,0,25.900000000000002,235,3.4000000000000004
2015,2,18,3,30,131.44,0.18,4.800000000000001,0,0,0,1,25.400000000000002,97.68,1004,0,0,0,0,25.8,235,3.4000000000000004
2015,2,18,4,30,116.76,0.18,4.800000000000001,0,0,0,0,25.400000000000002,97.38,1004,0,0,0,0,25.8,234,3.5
2015,2,18,5,30,102.09,0.18,4.800000000000001,0,0,0,0,25.3,96.53,1004,0,0,0,0,25.900000000000002,233,3.6
2015,2,18,6,30,87.22,0.18,4.800000000000001,17,15,18,0,25.3,95.06,1005,17,15,0,18,26.200000000000003,232,3.8000000000000003
2015,2,18,7,30,72.85000000000001,0.18,4.9,111,368,219,0,25.5,92.46000000000001,1006,111,368,0,219,26.8,230,4.1000000000000005
2015,2,18,8,30,58.5,0.18,4.9,157,585,463,0,25.400000000000002,88.42,1006,157,585,0,463,27.5,226,4.3
2015,2,18,9,30,44.480000000000004,0.18,4.9,184,700,684,0,25.1,83.8,1006,184,700,0,684,28.1,222,4.2
2015,2,18,10,30,31.28,0.18,4.9,201,762,852,0,24.8,79.76,1006,201,762,0,852,28.6,218,4
2015,2,18,11,30,20.57,0.18,5,211,788,949,1,24.5,77.2,1005,211,788,0,949,28.900000000000002,213,3.8000000000000003
2015,2,18,12,30,17.69,0.18,5,217,788,967,2,24.400000000000002,76.14,1004,510,95,0,600,29,209,3.7
2015,2,18,13,30,25.45,0.18,5.1000000000000005,216,763,905,0,24.3,76.34,1004,216,763,0,905,28.900000000000002,204,3.6
2015,2,18,14,30,37.79,0.18,5.2,209,710,770,0,24.400000000000002,78.34,1004,209,710,0,770,28.5,199,3.7
2015,2,18,15,30,51.5,0.18,5.300000000000001,185,623,573,0,24.5,81.42,1005,185,623,0,573,28,193,3.7
2015,2,18,16,30,65.73,0.18,5.300000000000001,142,479,339,0,24.8,86.32000000000001,1005,142,479,0,339,27.3,187,3.7
2015,2,18,17,30,80.16,0.18,5.300000000000001,69,203,104,0,25.200000000000003,91.31,1006,69,203,0,104,26.700000000000003,181,3.7
2015,2,18,18,30,94.85000000000001,0.18,5.2,0,0,0,7,25.200000000000003,93.07000000000001,1007,0,0,0,0,26.400000000000002,176,3.8000000000000003
2015,2,18,19,30,109.52,0.18,5.1000000000000005,0,0,0,7,25,92.87,1008,0,0,0,0,26.200000000000003,176,3.7
2015,2,18,20,30,124.21000000000001,0.18,5,0,0,0,7,24.5,91.21000000000001,1008,0,0,0,0,26,179,3.4000000000000004
2015,2,18,21,30,138.89000000000001,0.18,4.9,0,0,0,7,23.8,89.14,1008,0,0,0,0,25.700000000000003,185,2.9000000000000004
2015,2,18,22,30,153.47,0.18,4.800000000000001,0,0,0,9,23.200000000000003,88.39,1007,0,0,0,0,25.3,191,2.6
2015,2,18,23,30,167.5,0.18,4.800000000000001,0,0,0,9,22.900000000000002,87.62,1007,0,0,0,0,25.1,197,2.4000000000000004
2015,2,19,0,30,173.08,0.18,4.7,0,0,0,9,22.6,87.56,1005,0,0,0,0,24.8,200,2.2
2015,2,19,1,30,160.52,0.18,4.7,0,0,0,9,22.3,86.54,1005,0,0,1,0,24.700000000000003,202,2.1
2015,2,19,2,30,146.09,0.18,4.7,0,0,0,9,22.1,85.42,1004,0,0,1,0,24.700000000000003,202,2
2015,2,19,3,30,131.44,0.18,4.7,0,0,0,9,21.900000000000002,85.16,1004,0,0,1,0,24.6,202,2
2015,2,19,4,30,116.74000000000001,0.18,4.800000000000001,0,0,0,9,21.8,84.42,1005,0,0,1,0,24.6,202,1.9000000000000001
2015,2,19,5,30,102.04,0.18,4.800000000000001,0,0,0,9,21.700000000000003,82.4,1006,0,0,1,0,24.900000000000002,198,1.8
2015,2,19,6,30,87.16,0.18,4.9,19,69,22,9,22,79.28,1006,11,0,1,11,25.900000000000002,192,1.8
2015,2,19,7,30,72.77,0.18,5,83,500,231,9,22.1,72.22,1007,104,12,1,107,27.6,183,1.9000000000000001
2015,2,19,8,30,58.4,0.18,5,118,687,478,7,21.3,62.72,1007,210,430,1,435,29.1,176,1.9000000000000001
2015,2,19,9,30,44.34,0.18,5.1000000000000005,140,780,698,7,20.700000000000003,56.370000000000005,1007,240,575,1,651,30.400000000000002,172,1.8
2015,2,19,10,30,31.080000000000002,0.18,5.1000000000000005,155,829,865,7,20.6,53.17,1007,260,640,1,808,31.3,172,1.8
2015,2,19,11,30,20.27,0.18,5.2,163,851,962,7,21,52.49,1006,311,593,1,867,31.900000000000002,174,2
2015,2,19,12,30,17.35,0.18,5.2,169,851,981,7,21,52.02,1005,292,609,1,874,32.1,175,2.3000000000000003
2015,2,19,13,30,25.23,0.18,5.2,169,830,919,7,21,52.31,1004,279,637,1,855,32,176,2.7
2015,2,19,14,30,37.65,0.18,5.300000000000001,163,781,781,7,21,53.550000000000004,1004,270,553,0,708,31.6,178,3.1
2015,2,19,15,30,51.42,0.18,5.300000000000001,147,698,583,7,21,56.06,1004,148,684,0,575,30.8,180,3.3000000000000003
2015,2,19,16,30,65.68,0.18,5.300000000000001,118,549,345,7,21.1,59.9,1004,194,306,0,320,29.700000000000003,184,3.3000000000000003
2015,2,19,17,30,80.13,0.18,5.300000000000001,64,245,106,7,21.5,65.81,1005,88,38,7,94,28.5,190,3.1
2015,2,19,18,30,94.84,0.18,5.2,0,0,0,7,22.3,72.9,1005,0,0,0,0,27.6,197,2.9000000000000004
2015,2,19,19,30,109.53,0.18,5.2,0,0,0,7,22.8,77.26,1006,0,0,0,0,27.1,205,3
2015,2,19,20,30,124.24000000000001,0.18,5.2,0,0,0,7,23.1,80.38,1006,0,0,0,0,26.8,213,3
2015,2,19,21,30,138.94,0.18,5.2,0,0,0,7,23.400000000000002,82.88,1007,0,0,0,0,26.6,218,3
2015,2,19,22,30,153.56,0.18,5.2,0,0,0,7,23.700000000000003,85.47,1006,0,0,0,0,26.3,224,3
2015,2,19,23,30,167.68,0.18,5.1000000000000005,0,0,0,7,23.8,87.32000000000001,1006,0,0,0,0,26.1,229,3
2015,2,20,0,30,173.36,0.18,5.1000000000000005,0,0,0,7,23.900000000000002,88.75,1005,0,0,0,0,25.900000000000002,235,3
2015,2,20,1,30,160.6,0.18,5.1000000000000005,0,0,0,0,23.900000000000002,90.46000000000001,1005,0,0,0,0,25.6,240,2.9000000000000004
2015,2,20,2,30,146.11,0.18,5,0,0,0,0,23.900000000000002,91.29,1004,0,0,0,0,25.400000000000002,243,2.8000000000000003
2015,2,20,3,30,131.43,0.18,5,0,0,0,0,23.8,92.79,1004,0,0,0,0,25.1,246,2.8000000000000003
2015,2,20,4,30,116.71000000000001,0.18,5,0,0,0,0,23.8,93.79,1004,0,0,0,0,24.900000000000002,249,2.6
2015,2,20,5,30,102,0.18,5,0,0,0,0,23.8,93.14,1005,0,0,0,0,25,252,2.6
2015,2,20,6,30,87.10000000000001,0.18,5,17,25,19,0,23.8,88.25,1005,17,25,0,19,25.900000000000002,254,2.7
2015,2,20,7,30,72.69,0.18,4.9,102,405,223,0,23.6,78.65,1006,102,405,0,223,27.6,253,2.8000000000000003
2015,2,20,8,30,58.29,0.18,4.9,143,621,469,0,22.700000000000003,68.1,1006,143,621,0,469,29.200000000000003,248,2.5
2015,2,20,9,30,44.19,0.18,4.9,164,735,691,0,21.900000000000002,59.9,1006,164,735,0,691,30.6,240,2.2
2015,2,20,10,30,30.87,0.18,4.9,175,799,861,0,21.8,55.95,1005,175,799,0,861,31.700000000000003,229,2
2015,2,20,11,30,19.96,0.18,4.9,178,832,960,1,21.700000000000003,53.49,1004,178,832,0,960,32.4,216,2.1
2015,2,20,12,30,17.01,0.18,4.9,195,814,973,0,21.6,51.95,1003,195,814,0,973,32.800000000000004,204,2.4000000000000004
2015,2,20,13,30,25.02,0.18,4.9,191,798,914,0,21.6,51.86,1002,191,798,0,914,32.800000000000004,195,2.8000000000000003
2015,2,20,14,30,37.53,0.18,4.9,180,754,778,0,21.700000000000003,53.24,1002,180,754,0,778,32.4,189,3.1
2015,2,20,15,30,51.34,0.18,4.9,161,671,580,0,21.8,55.68,1002,161,671,0,580,31.700000000000003,186,3.5
2015,2,20,16,30,65.63,0.18,4.9,128,519,342,0,21.900000000000002,60.35,1002,128,519,0,342,30.400000000000002,184,3.7
2015,2,20,17,30,80.11,0.18,4.9,67,217,104,0,22.400000000000002,67.93,1003,67,217,0,104,28.900000000000002,184,3.6
2015,2,20,18,30,94.83,0.18,5,0,0,0,0,23.3,76.38,1004,0,0,0,0,27.8,188,3.4000000000000004
2015,2,20,19,30,109.54,0.18,5,0,0,0,7,23.8,81.41,1005,0,0,0,0,27.3,194,3.3000000000000003
2015,2,20,20,30,124.27,0.18,5.1000000000000005,0,0,0,7,24.200000000000003,85.2,1006,0,0,0,0,26.900000000000002,201,3.1
2015,2,20,21,30,138.99,0.18,5.2,0,0,0,0,24.400000000000002,87.26,1006,0,0,0,0,26.700000000000003,208,3
2015,2,20,22,30,153.64000000000001,0.18,5.2,0,0,0,7,24.5,88.73,1006,0,0,0,0,26.5,215,2.9000000000000004
2015,2,20,23,30,167.85,0.18,5.2,0,0,0,0,24.5,89.81,1005,0,0,0,0,26.3,221,2.8000000000000003
2015,2,21,0,30,173.63,0.18,5.2,0,0,0,0,24.5,90.85000000000001,1005,0,0,0,0,26.1,227,2.8000000000000003
2015,2,21,1,30,160.66,0.18,5.2,0,0,0,1,24.5,91.75,1004,0,0,0,0,25.900000000000002,231,2.7
2015,2,21,2,30,146.12,0.18,5.2,0,0,0,0,24.400000000000002,92.71000000000001,1004,0,0,0,0,25.700000000000003,235,2.6
2015,2,21,3,30,131.42000000000002,0.18,5.2,0,0,0,0,24.400000000000002,93.23,1004,0,0,0,0,25.6,238,2.5
2015,2,21,4,30,116.68,0.18,5.300000000000001,0,0,0,8,24.400000000000002,93.84,1004,0,0,0,0,25.5,240,2.5
2015,2,21,5,30,101.95,0.18,5.300000000000001,0,0,0,0,24.400000000000002,93.83,1005,0,0,0,0,25.5,244,2.6
2015,2,21,6,30,87.04,0.18,5.300000000000001,18,29,20,1,24.5,90.13,1005,18,29,0,20,26.200000000000003,247,3
2015,2,21,7,30,72.61,0.18,5.4,102,411,225,0,24.3,83.51,1006,102,411,0,225,27.3,248,3.3000000000000003
2015,2,21,8,30,58.18,0.18,5.4,143,620,470,0,23.6,74.35000000000001,1006,143,620,0,470,28.6,248,3.4000000000000004
2015,2,21,9,30,44.04,0.18,5.5,168,727,690,0,23.1,67.75,1006,168,727,0,690,29.700000000000003,246,3.3000000000000003
2015,2,21,10,30,30.66,0.18,5.5,183,784,858,0,22.900000000000002,64.46000000000001,1006,183,784,0,858,30.400000000000002,242,3.1
2015,2,21,11,30,19.64,0.18,5.5,190,813,956,1,22.900000000000002,62.67,1005,190,813,0,956,30.8,236,3.1
2015,2,21,12,30,16.66,0.18,5.6000000000000005,194,817,976,8,22.700000000000003,61.56,1004,331,549,7,857,31,230,3.2
2015,2,21,13,30,24.810000000000002,0.18,5.6000000000000005,188,801,916,2,22.700000000000003,61.620000000000005,1004,507,153,0,646,30.900000000000002,224,3.4000000000000004
2015,2,21,14,30,37.4,0.18,5.6000000000000005,177,759,780,7,22.6,62.95,1003,175,734,0,758,30.5,220,3.7
2015,2,21,15,30,51.26,0.18,5.7,157,680,583,0,22.700000000000003,65.55,1004,157,680,0,583,29.900000000000002,216,4
2015,2,21,16,30,65.59,0.18,5.800000000000001,125,532,345,0,23,70.39,1004,125,532,0,345,28.900000000000002,214,4.2
2015,2,21,17,30,80.08,0.18,5.800000000000001,66,236,107,7,23.5,77.22,1005,83,21,7,87,27.900000000000002,213,4.2
2015,2,21,18,30,94.83,0.18,5.9,0,0,0,7,24.1,83.73,1006,0,0,0,0,27.1,214,4.2
2015,2,21,19,30,109.55,0.18,5.9,0,0,0,7,24.3,86.73,1007,0,0,0,0,26.700000000000003,216,4.3
2015,2,21,20,30,124.3,0.18,5.800000000000001,0,0,0,7,24.400000000000002,88.64,1007,0,0,0,0,26.400000000000002,221,4.2
2015,2,21,21,30,139.04,0.18,5.7,0,0,0,7,24.400000000000002,89.58,1007,0,0,0,0,26.200000000000003,226,4.2
2015,2,21,22,30,153.72,0.18,5.6000000000000005,0,0,0,7,24.3,89.7,1007,0,0,0,0,26.1,232,4.1000000000000005
2015,2,21,23,30,168.02,0.18,5.5,0,0,0,7,24.200000000000003,90.28,1006,0,0,0,0,25.900000000000002,238,4.1000000000000005
2015,2,22,0,30,173.9,0.19,5.5,0,0,0,7,24.1,90.45,1006,0,0,0,0,25.8,244,4
2015,2,22,1,30,160.71,0.19,5.4,0,0,0,7,24.1,91.18,1005,0,0,0,0,25.6,251,3.9000000000000004
2015,2,22,2,30,146.13,0.19,5.5,0,0,0,7,24,91.49,1005,0,0,0,0,25.5,260,3.7
2015,2,22,3,30,131.4,0.19,5.5,0,0,0,7,24,92.51,1006,0,0,0,0,25.3,269,3.5
2015,2,22,4,30,116.65,0.19,5.6000000000000005,0,0,0,7,24,92.89,1006,0,0,0,0,25.200000000000003,278,3.3000000000000003
2015,2,22,5,30,101.9,0.19,5.7,0,0,0,7,24,93.41,1007,0,0,0,0,25.1,286,3.2
2015,2,22,6,30,86.97,0.19,5.7,18,22,19,7,24,91.24,1008,14,0,7,14,25.5,293,3.3000000000000003
2015,2,22,7,30,72.52,0.19,5.800000000000001,112,362,220,0,23.900000000000002,85.55,1008,112,362,0,220,26.5,297,3.5
2015,2,22,8,30,58.06,0.19,5.800000000000001,162,564,460,7,23.3,77.23,1008,274,187,0,372,27.700000000000003,300,3.6
2015,2,22,9,30,43.89,0.19,5.7,254,554,653,7,22.700000000000003,69.65,1008,366,337,0,609,28.8,303,3.4000000000000004
2015,2,22,10,30,30.45,0.19,5.7,282,620,817,7,22.400000000000002,64.39,1007,432,340,0,725,29.8,302,2.9000000000000004
2015,2,22,11,30,19.330000000000002,0.19,5.7,296,654,914,7,22.200000000000003,61.14,1006,290,647,0,901,30.5,295,2.4000000000000004
2015,2,22,12,30,16.32,0.19,5.7,312,647,933,7,22,59.1,1005,493,197,7,681,30.900000000000002,283,2.1
2015,2,22,13,30,24.6,0.19,5.7,307,620,871,7,21.900000000000002,58.08,1005,494,200,0,676,31.1,268,1.8
2015,2,22,14,30,37.28,0.19,5.7,290,562,737,7,21.8,58.2,1004,438,225,0,617,31,249,1.6
2015,2,22,15,30,51.19,0.19,5.7,252,466,544,7,21.8,59.32,1004,353,145,0,445,30.6,230,1.7000000000000002
2015,2,22,16,30,65.55,0.19,5.800000000000001,187,304,313,7,22.200000000000003,63.61,1005,238,77,0,270,29.8,217,2
2015,2,22,17,30,80.07000000000001,0.19,5.800000000000001,74,69,86,7,23.5,73.61,1005,85,5,7,86,28.700000000000003,213,2.3000000000000003
2015,2,22,18,30,94.83,0.19,5.800000000000001,0,0,0,7,24.200000000000003,80.47,1006,0,0,0,0,27.900000000000002,214,2.6
2015,2,22,19,30,109.57000000000001,0.19,5.9,0,0,0,7,24.1,81.87,1007,0,0,0,0,27.5,217,2.8000000000000003
2015,2,22,20,30,124.33,0.19,5.9,0,0,0,7,24.400000000000002,85.04,1008,0,0,0,0,27.1,221,2.8000000000000003
2015,2,22,21,30,139.09,0.19,5.9,0,0,0,7,24.700000000000003,88.04,1008,0,0,0,0,26.8,226,2.7
2015,2,22,22,30,153.8,0.19,5.9,0,0,0,7,24.8,90.25,1008,0,0,0,0,26.5,231,2.6
2015,2,22,23,30,168.18,0.19,5.9,0,0,0,7,24.8,91.48,1007,0,0,0,0,26.3,237,2.5
2015,2,23,0,30,174.15,0.19,5.800000000000001,0,0,0,7,24.8,92.88,1006,0,0,0,0,26,242,2.5
2015,2,23,1,30,160.76,0.19,5.800000000000001,0,0,0,7,24.700000000000003,93.65,1006,0,0,0,0,25.8,246,2.4000000000000004
2015,2,23,2,30,146.13,0.19,5.800000000000001,0,0,0,7,24.6,93.74,1005,0,0,0,0,25.700000000000003,248,2.3000000000000003
2015,2,23,3,30,131.38,0.19,5.800000000000001,0,0,0,0,24.5,94.47,1005,0,0,0,0,25.5,250,2.2
2015,2,23,4,30,116.61,0.19,5.800000000000001,0,0,0,0,24.5,94.75,1006,0,0,0,0,25.400000000000002,252,2.1
2015,2,23,5,30,101.85000000000001,0.19,5.9,0,0,0,7,24.5,94.56,1007,0,0,0,0,25.400000000000002,252,2
2015,2,23,6,30,86.9,0.19,5.9,11,3,11,8,24.400000000000002,92.15,1007,11,3,5,11,25.8,251,2
2015,2,23,7,30,72.43,0.19,5.9,138,220,205,7,24.400000000000002,87.57000000000001,1008,138,220,5,205,26.6,249,2.1
2015,2,23,8,30,57.95,0.19,6,216,424,441,7,24.1,81.26,1008,220,16,0,228,27.6,248,2
2015,2,23,9,30,43.74,0.19,6,262,545,656,7,23.700000000000003,75.48,1008,391,250,0,572,28.5,252,1.8
2015,2,23,10,30,30.240000000000002,0.19,6,291,611,819,6,23.5,71.81,1008,370,16,0,384,29.1,257,1.5
2015,2,23,11,30,19.01,0.19,6,312,636,913,6,23.6,71.33,1008,456,41,0,495,29.3,257,1.3
2015,2,23,12,30,15.97,0.19,6,334,615,925,6,23.5,70.03,1007,430,17,0,446,29.5,253,1.1
2015,2,23,13,30,24.39,0.19,5.9,324,596,866,6,23.3,69.36,1006,502,96,0,589,29.5,249,1
2015,2,23,14,30,37.17,0.19,5.9,297,549,735,7,23.200000000000003,69.12,1005,427,196,0,583,29.5,246,1
2015,2,23,15,30,51.13,0.19,5.800000000000001,251,461,540,7,23.200000000000003,69.77,1005,336,129,0,417,29.3,242,1
2015,2,23,16,30,65.51,0.19,5.7,183,310,312,7,23.200000000000003,71.38,1006,231,62,0,257,28.900000000000002,235,1.1
2015,2,23,17,30,80.05,0.19,5.6000000000000005,73,73,86,7,24.1,78.58,1006,80,4,7,80,28.200000000000003,227,1.3
2015,2,23,18,30,94.83,0.19,5.5,0,0,0,7,24.6,83.53,1007,0,0,0,0,27.6,222,1.7000000000000002
2015,2,23,19,30,109.58,0.19,5.4,0,0,0,7,24.400000000000002,85,1008,0,0,0,0,27.1,219,2.1
2015,2,23,20,30,124.36,0.19,5.300000000000001,0,0,0,7,24.400000000000002,87.36,1008,0,0,0,0,26.700000000000003,218,2.2
2015,2,23,21,30,139.14000000000001,0.19,5.1000000000000005,0,0,0,8,24.5,89.37,1008,0,0,0,0,26.400000000000002,220,2.3000000000000003
2015,2,23,22,30,153.88,0.19,5,0,0,0,7,24.6,91.48,1008,0,0,0,0,26.1,223,2.3000000000000003
2015,2,23,23,30,168.34,0.19,5,0,0,0,7,24.700000000000003,93.41,1007,0,0,0,0,25.8,225,2.2
2015,2,24,0,30,174.4,0.19,4.9,0,0,0,7,24.700000000000003,95.3,1006,0,0,0,0,25.5,226,2.2
2015,2,24,1,30,160.8,0.19,4.800000000000001,0,0,0,7,24.700000000000003,96.57000000000001,1006,0,0,0,0,25.3,230,2.1
2015,2,24,2,30,146.13,0.19,4.800000000000001,0,0,0,7,24.700000000000003,97.45,1006,0,0,0,0,25.1,236,2.1
2015,2,24,3,30,131.35,0.19,4.800000000000001,0,0,0,7,24.6,97.54,1006,0,0,0,0,25,243,2
2015,2,24,4,30,116.56,0.19,4.800000000000001,0,0,0,7,24.5,97.2,1006,0,0,0,0,25,250,2
2015,2,24,5,30,101.79,0.19,4.800000000000001,0,0,0,7,24.5,96.47,1007,0,0,0,0,25.1,259,2.1
2015,2,24,6,30,86.83,0.19,4.800000000000001,4,0,4,7,24.6,93.4,1008,4,0,5,4,25.700000000000003,268,2.3000000000000003
2015,2,24,7,30,72.34,0.19,4.800000000000001,151,109,184,7,24.6,87.74,1009,151,109,5,184,26.8,274,2.4000000000000004
2015,2,24,8,30,57.83,0.19,4.7,266,284,417,7,24.1,77.93,1009,343,136,0,415,28.3,281,2.3000000000000003
2015,2,24,9,30,43.59,0.19,4.7,364,350,617,0,22.900000000000002,66.33,1009,364,350,0,617,29.900000000000002,288,2.1
2015,2,24,10,30,30.03,0.19,4.7,411,425,779,7,22,57.67,1008,411,425,5,779,31.3,293,1.8
2015,2,24,11,30,18.7,0.19,4.7,434,465,874,7,21.1,51.49,1007,434,465,5,874,32.4,288,1.5
2015,2,24,12,30,15.620000000000001,0.19,4.7,385,547,912,7,20.700000000000003,47.89,1005,385,547,5,912,33.2,258,1.1
2015,2,24,13,30,24.19,0.19,4.7,370,530,853,7,20.400000000000002,46.69,1004,370,530,5,853,33.4,211,1.1
2015,2,24,14,30,37.06,0.19,4.800000000000001,340,476,720,0,20.6,48.33,1004,340,476,0,720,32.9,184,1.7000000000000002
2015,2,24,15,30,51.06,0.19,4.800000000000001,289,379,528,0,21,51.84,1004,289,379,0,528,32.1,181,2.4000000000000004
2015,2,24,16,30,65.47,0.19,4.9,206,224,300,7,21.700000000000003,58.79,1004,206,224,5,300,30.700000000000003,184,2.8000000000000003
2015,2,24,17,30,80.04,0.19,5,70,33,75,7,23.400000000000002,71.78,1005,70,33,5,75,29,189,3.1
2015,2,24,18,30,94.83,0.19,5,0,0,0,7,24,80.02,1005,0,0,0,0,27.8,194,3.2
2015,2,24,19,30,109.60000000000001,0.19,5,0,0,0,7,24.5,85.3,1006,0,0,0,0,27.200000000000003,203,3.1
2015,2,24,20,30,124.4,0.19,5,0,0,0,7,24.900000000000002,88.77,1007,0,0,0,0,26.900000000000002,213,2.9000000000000004
2015,2,24,21,30,139.20000000000002,0.19,5,0,0,0,0,25.1,91.42,1007,0,0,0,0,26.6,221,2.8000000000000003
2015,2,24,22,30,153.96,0.19,4.9,0,0,0,3,25.200000000000003,93.09,1007,0,0,0,0,26.400000000000002,228,2.6
2015,2,24,23,30,168.49,0.19,4.800000000000001,0,0,0,3,25.200000000000003,94.41,1006,0,0,0,0,26.200000000000003,233,2.5
2015,2,25,0,30,174.63,0.19,4.800000000000001,0,0,0,1,25.200000000000003,95.55,1005,0,0,0,0,26,234,2.4000000000000004
2015,2,25,1,30,160.83,0.19,4.800000000000001,0,0,0,3,25.200000000000003,96.54,1005,0,0,0,0,25.8,234,2.2
2015,2,25,2,30,146.12,0.19,4.7,0,0,0,7,25.200000000000003,96.8,1004,0,0,0,0,25.700000000000003,232,2.1
2015,2,25,3,30,131.32,0.19,4.7,0,0,0,7,25.1,97.08,1004,0,0,0,0,25.6,232,2.1
2015,2,25,4,30,116.52,0.19,4.7,0,0,0,7,25.1,97.43,1005,0,0,0,0,25.5,233,2.1
2015,2,25,5,30,101.73,0.19,4.7,0,0,0,7,25,96.49000000000001,1005,0,0,0,0,25.6,237,2.2
2015,2,25,6,30,86.76,0.19,4.7,7,0,7,7,25,93.13,1006,7,0,5,7,26.200000000000003,243,2.5
2015,2,25,7,30,72.24,0.19,4.7,148,162,197,7,24.8,86.22,1006,148,162,5,197,27.3,246,2.7
2015,2,25,8,30,57.72,0.19,4.6000000000000005,239,366,434,7,24.200000000000003,76.12,1007,239,366,5,434,28.8,246,2.5
2015,2,25,9,30,43.44,0.19,4.6000000000000005,289,499,651,1,23.5,67.38,1006,289,499,0,651,30.200000000000003,247,2.2
2015,2,25,10,30,29.82,0.19,4.6000000000000005,316,579,818,1,22.8,60.15,1006,316,579,0,818,31.5,248,2.1
2015,2,25,11,30,18.38,0.19,4.6000000000000005,328,620,916,7,22.1,54.34,1005,317,610,0,896,32.5,246,2
2015,2,25,12,30,15.280000000000001,0.19,4.6000000000000005,398,530,910,7,21.400000000000002,49.78,1004,424,497,0,903,33.300000000000004,236,1.9000000000000001
2015,2,25,13,30,24,0.19,4.6000000000000005,382,514,851,7,21,47.93,1003,504,346,0,820,33.5,220,2
2015,2,25,14,30,36.95,0.19,4.6000000000000005,349,463,719,0,20.900000000000002,48.410000000000004,1002,349,463,0,719,33.2,207,2.2
2015,2,25,15,30,51,0.19,4.6000000000000005,312,330,519,0,21,51.230000000000004,1002,312,330,0,519,32.4,198,2.6
2015,2,25,16,30,65.44,0.19,4.7,216,182,292,0,21.8,58.25,1003,216,182,0,292,31,194,3.2
2015,2,25,17,30,80.03,0.19,4.7,65,21,69,7,23.5,70.54,1003,65,21,5,69,29.400000000000002,195,3.6
2015,2,25,18,30,94.84,0.19,4.7,0,0,0,7,24.200000000000003,78.4,1004,0,0,0,0,28.3,199,3.8000000000000003
2015,2,25,19,30,109.62,0.19,4.7,0,0,0,7,24.6,83.33,1005,0,0,0,0,27.700000000000003,206,3.9000000000000004
2015,2,25,20,30,124.43,0.19,4.7,0,0,0,7,25,87.04,1005,0,0,0,0,27.3,214,3.8000000000000003
2015,2,25,21,30,139.25,0.19,4.7,0,0,0,7,25.200000000000003,89.93,1006,0,0,0,0,27,220,3.6
2015,2,25,22,30,154.04,0.19,4.7,0,0,0,7,25.3,91.98,1005,0,0,0,0,26.700000000000003,226,3.5
2015,2,25,23,30,168.64000000000001,0.19,4.6000000000000005,0,0,0,7,25.3,93.01,1005,0,0,0,0,26.5,231,3.4000000000000004
2015,2,26,0,30,174.84,0.19,4.5,0,0,0,7,25.200000000000003,93.77,1004,0,0,0,0,26.3,235,3.4000000000000004
2015,2,26,1,30,160.85,0.19,4.4,0,0,0,7,25.200000000000003,94.54,1004,0,0,0,0,26.1,238,3.3000000000000003
2015,2,26,2,30,146.1,0.19,4.4,0,0,0,7,25.1,95.33,1003,0,0,0,0,25.900000000000002,240,3.2
2015,2,26,3,30,131.28,0.19,4.3,0,0,0,7,25.1,96.37,1004,0,0,0,0,25.700000000000003,240,3.1
2015,2,26,4,30,116.46000000000001,0.19,4.3,0,0,0,7,25.1,97.41,1004,0,0,0,0,25.5,239,2.9000000000000004
2015,2,26,5,30,101.66,0.19,4.2,0,0,0,7,25.1,96.83,1005,0,0,0,0,25.6,236,3
2015,2,26,6,30,86.68,0.19,4.3,10,1,10,7,25.1,92.51,1005,10,1,5,10,26.400000000000002,234,3.3000000000000003
2015,2,26,7,30,72.15,0.19,4.3,145,196,205,7,25,85.84,1006,145,196,5,205,27.6,232,3.8000000000000003
2015,2,26,8,30,57.6,0.19,4.4,227,405,443,7,24.6,78.07000000000001,1006,309,117,0,372,28.8,231,3.8000000000000003
2015,2,26,9,30,43.29,0.19,4.4,273,533,661,7,24.200000000000003,71.67,1006,399,277,0,600,29.900000000000002,232,3.6
2015,2,26,10,30,29.61,0.19,4.5,304,605,830,7,24,67,1006,464,296,0,721,30.8,231,3.4000000000000004
2015,2,26,11,30,18.06,0.19,4.6000000000000005,319,639,926,7,23.700000000000003,63.54,1005,492,314,0,791,31.400000000000002,228,3.2
2015,2,26,12,30,14.93,0.19,4.6000000000000005,301,675,952,7,23.3,60.96,1004,483,265,0,739,31.8,224,3.1
2015,2,26,13,30,23.81,0.19,4.7,290,657,891,7,23.1,59.96,1003,472,310,0,755,31.8,218,3.2
2015,2,26,14,30,36.85,0.19,4.800000000000001,268,608,755,7,22.900000000000002,60.480000000000004,1003,268,608,5,755,31.5,213,3.3000000000000003
2015,2,26,15,30,50.95,0.19,4.800000000000001,233,516,558,7,22.900000000000002,62.78,1003,348,226,0,490,30.8,209,3.5
2015,2,26,16,30,65.42,0.19,4.800000000000001,177,353,324,7,23.1,66.8,1003,218,47,0,237,29.900000000000002,208,3.6
2015,2,26,17,30,80.02,0.19,4.9,77,94,93,7,23.700000000000003,74.39,1004,77,94,5,93,28.700000000000003,208,3.6
2015,2,26,18,30,94.85000000000001,0.19,4.9,0,0,0,7,24.400000000000002,81.24,1004,0,0,0,0,27.900000000000002,208,3.6
2015,2,26,19,30,109.64,0.19,4.9,0,0,0,7,24.8,85.38,1005,0,0,0,0,27.5,211,3.6
2015,2,26,20,30,124.47,0.19,4.9,0,0,0,7,25.1,88.42,1005,0,0,0,0,27.200000000000003,214,3.4000000000000004
2015,2,26,21,30,139.3,0.19,4.9,0,0,0,7,25.3,90.88,1005,0,0,0,0,26.900000000000002,216,3.4000000000000004
2015,2,26,22,30,154.11,0.19,4.9,0,0,0,7,25.400000000000002,91.98,1005,0,0,0,0,26.8,217,3.4000000000000004
2015,2,26,23,30,168.78,0.19,4.9,0,0,0,7,25.400000000000002,93.4,1005,0,0,0,0,26.6,217,3.3000000000000003
2015,2,27,0,30,175.03,0.19,4.9,0,0,0,7,25.5,94.63,1004,0,0,0,0,26.400000000000002,218,3.2
2015,2,27,1,30,160.86,0.19,5,0,0,0,7,25.5,95.18,1004,0,0,0,0,26.3,218,3.1
2015,2,27,2,30,146.08,0.19,5,0,0,0,7,25.400000000000002,96.11,1004,0,0,0,0,26.1,216,2.9000000000000004
2015,2,27,3,30,131.24,0.19,5,0,0,0,7,25.400000000000002,96.44,1004,0,0,0,0,26,213,2.8000000000000003
2015,2,27,4,30,116.41,0.19,5,0,0,0,7,25.3,96.68,1004,0,0,0,0,25.900000000000002,210,2.7
2015,2,27,5,30,101.59,0.19,5.1000000000000005,0,0,0,7,25.3,95.86,1005,0,0,0,0,26,208,2.7
2015,2,27,6,30,86.61,0.19,5.1000000000000005,12,2,12,7,25.3,92.63,1006,12,0,7,12,26.6,207,3
2015,2,27,7,30,72.05,0.19,5.1000000000000005,145,207,209,7,25.200000000000003,87.31,1006,145,207,5,209,27.5,207,3.2
2015,2,27,8,30,57.480000000000004,0.19,5.2,226,410,446,7,24.700000000000003,80.64,1007,226,410,5,446,28.400000000000002,208,3.1
2015,2,27,9,30,43.13,0.19,5.2,273,533,662,8,24.3,75.46000000000001,1007,273,533,5,662,29.1,211,2.7
2015,2,27,10,30,29.39,0.19,5.2,303,601,827,7,24,71.08,1007,433,376,7,761,29.8,216,2.3000000000000003
2015,2,27,11,30,17.740000000000002,0.19,5.2,320,632,922,8,23.700000000000003,67.88,1006,445,439,7,863,30.3,219,2
2015,2,27,12,30,14.58,0.19,5.300000000000001,348,603,931,7,23.3,64.94,1005,486,376,0,849,30.700000000000003,217,1.8
2015,2,27,13,30,23.62,0.19,5.300000000000001,344,572,868,8,23,62.79,1004,344,572,5,868,30.900000000000002,209,1.7000000000000002
2015,2,27,14,30,36.75,0.19,5.300000000000001,324,509,732,9,22.700000000000003,62.22,1004,227,2,0,229,30.8,196,1.7000000000000002
2015,2,27,15,30,50.89,0.19,5.300000000000001,306,350,527,6,22.700000000000003,63.81,1004,145,1,0,145,30.3,183,1.9000000000000001
2015,2,27,16,30,65.39,0.19,5.300000000000001,213,214,302,7,22.900000000000002,67.16,1005,201,16,0,208,29.6,176,2
2015,2,27,17,30,80.01,0.19,5.300000000000001,72,33,77,7,23.6,74.73,1005,72,33,5,77,28.5,172,2
2015,2,27,18,30,94.86,0.19,5.300000000000001,0,0,0,7,24.1,81.02,1006,0,0,0,0,27.700000000000003,169,2.1
2015,2,27,19,30,109.67,0.19,5.300000000000001,0,0,0,7,24.3,83.9,1007,0,0,0,0,27.3,167,2.1
2015,2,27,20,30,124.5,0.19,5.300000000000001,0,0,0,7,24.6,86.66,1008,0,0,0,0,27,166,2.1
2015,2,27,21,30,139.35,0.19,5.300000000000001,0,0,0,7,24.700000000000003,89.04,1008,0,0,0,0,26.700000000000003,166,2
2015,2,27,22,30,154.18,0.19,5.2,0,0,0,7,24.8,90.52,1008,0,0,0,0,26.5,168,2
2015,2,27,23,30,168.9,0.19,5.2,0,0,0,7,24.8,91.63,1007,0,0,0,0,26.3,171,2
2015,2,28,0,30,175.20000000000002,0.19,5.2,0,0,0,7,24.8,92.59,1006,0,0,0,0,26.1,174,1.9000000000000001
2015,2,28,1,30,160.86,0.19,5.1000000000000005,0,0,0,7,24.8,93.49,1006,0,0,0,0,25.900000000000002,177,1.9000000000000001
2015,2,28,2,30,146.05,0.19,5,0,0,0,7,24.700000000000003,94.17,1005,0,0,0,0,25.700000000000003,178,1.9000000000000001
2015,2,28,3,30,131.2,0.19,5,0,0,0,7,24.6,94.47,1005,0,0,0,0,25.6,178,1.9000000000000001
2015,2,28,4,30,116.35000000000001,0.19,4.9,0,0,0,8,24.6,94.95,1006,0,0,0,0,25.5,176,1.9000000000000001
2015,2,28,5,30,101.52,0.19,4.800000000000001,0,0,0,1,24.6,94.3,1006,0,0,0,0,25.6,176,1.9000000000000001
2015,2,28,6,30,86.52,0.19,4.7,6,0,6,3,24.700000000000003,90.34,1007,6,0,5,6,26.400000000000002,178,2.1
2015,2,28,7,30,71.95,0.19,4.7,159,114,194,0,24.5,83.01,1008,159,114,0,194,27.6,178,2.2
2015,2,28,8,30,57.35,0.19,4.6000000000000005,275,285,429,0,23.700000000000003,74.02,1008,275,285,0,429,28.8,175,2.1
2015,2,28,9,30,42.980000000000004,0.19,4.6000000000000005,338,409,637,0,23.200000000000003,67.16,1008,338,409,0,637,30,172,1.9000000000000001
2015,2,28,10,30,29.18,0.19,4.6000000000000005,374,489,801,0,23.1,63.06,1007,374,489,0,801,30.900000000000002,169,1.9000000000000001
2015,2,28,11,30,17.41,0.19,4.6000000000000005,389,533,898,3,22.6,59.120000000000005,1006,525,49,0,572,31.6,167,2
2015,2,28,12,30,14.23,0.19,4.7,364,580,926,8,22.3,57.07,1006,488,424,7,899,31.900000000000002,167,2.2
2015,2,28,13,30,23.44,0.19,4.7,351,566,871,0,22.200000000000003,56.21,1005,351,566,0,871,32,168,2.4000000000000004
2015,2,28,14,30,36.660000000000004,0.19,4.800000000000001,321,518,737,0,22.200000000000003,57.09,1004,321,518,0,737,31.700000000000003,169,2.6
2015,2,28,15,30,50.85,0.19,4.800000000000001,273,428,543,6,22.200000000000003,59.67,1005,293,28,0,311,31,171,2.9000000000000004
2015,2,28,16,30,65.37,0.19,4.9,199,271,312,6,22.400000000000002,64.23,1005,121,2,0,122,29.900000000000002,174,3.2
2015,2,28,17,30,80.01,0.19,4.9,76,50,84,6,23,71.81,1006,14,0,0,14,28.6,178,3.2
2015,2,28,18,30,94.87,0.19,4.800000000000001,0,0,0,7,23.8,79.66,1007,0,0,0,0,27.6,182,3.1
2015,2,28,19,30,109.69,0.19,4.800000000000001,0,0,0,7,24.3,84.52,1007,0,0,0,0,27.1,186,3
2015,2,28,20,30,124.54,0.19,4.800000000000001,0,0,0,7,24.6,88.24,1008,0,0,0,0,26.700000000000003,190,2.7
2015,2,28,21,30,139.4,0.19,4.800000000000001,0,0,0,7,24.700000000000003,90.08,1008,0,0,0,0,26.5,195,2.5
2015,2,28,22,30,154.25,0.19,4.7,0,0,0,7,24.8,91.41,1007,0,0,0,0,26.3,202,2.3000000000000003
2015,2,28,23,30,169.02,0.19,4.7,0,0,0,0,24.8,92.62,1007,0,0,0,0,26.1,210,2.2
2015,3,1,0,30,175.35,0.19,4.7,0,0,0,0,24.8,93.01,1006,0,0,0,0,26,219,2.2
2015,3,1,1,30,160.85,0.19,4.7,0,0,0,1,24.700000000000003,93.84,1005,0,0,0,0,25.8,226,2.1
2015,3,1,2,30,146.01,0.19,4.800000000000001,0,0,0,3,24.700000000000003,94.17,1005,0,0,0,0,25.700000000000003,231,2.2
2015,3,1,3,30,131.15,0.19,4.800000000000001,0,0,0,3,24.6,94.48,1005,0,0,0,0,25.6,233,2.2
2015,3,1,4,30,116.29,0.19,4.800000000000001,0,0,0,3,24.6,94.84,1006,0,0,0,0,25.5,236,2.1
2015,3,1,5,30,101.45,0.19,4.9,0,0,0,0,24.6,94.03,1007,0,0,0,0,25.6,239,2.2
2015,3,1,6,30,86.44,0.19,4.9,8,0,8,0,24.5,90.01,1007,8,0,0,8,26.3,240,2.3000000000000003
2015,3,1,7,30,71.85000000000001,0.19,4.800000000000001,157,141,201,0,24.3,83.26,1008,157,141,0,201,27.400000000000002,237,2.4000000000000004
2015,3,1,8,30,57.230000000000004,0.19,4.800000000000001,259,327,436,3,23.700000000000003,73.78,1008,254,7,0,257,28.8,233,2.4000000000000004
2015,3,1,9,30,42.82,0.19,4.800000000000001,314,453,646,7,23.1,65.85,1008,315,446,0,643,30.200000000000003,232,2.1
2015,3,1,10,30,28.97,0.19,4.800000000000001,346,531,810,0,22.8,60.34,1007,346,531,0,810,31.400000000000002,232,1.8
2015,3,1,11,30,17.09,0.19,4.9,361,571,906,0,22.3,54.980000000000004,1006,361,571,0,906,32.5,227,1.5
2015,3,1,12,30,13.88,0.19,4.9,346,601,930,0,21.700000000000003,51.01,1005,346,601,0,930,33.2,215,1.4000000000000001
2015,3,1,13,30,23.26,0.19,4.9,332,586,870,0,21.3,49.28,1004,332,586,0,870,33.4,199,1.6
2015,3,1,14,30,36.57,0.19,5,305,534,735,0,21.3,49.980000000000004,1003,305,534,0,735,33.1,188,2
2015,3,1,15,30,50.800000000000004,0.19,4.9,317,313,515,0,21.400000000000002,52.74,1003,317,313,0,515,32.300000000000004,184,2.5
2015,3,1,16,30,65.35,0.19,4.9,217,172,289,0,21.700000000000003,57.410000000000004,1003,217,172,0,289,31.1,184,2.8000000000000003
2015,3,1,17,30,80.01,0.19,4.9,63,18,66,0,22.700000000000003,66.71000000000001,1004,63,18,0,66,29.5,185,3.1
2015,3,1,18,30,94.88,0.19,4.9,0,0,0,0,23.5,75.14,1005,0,0,0,0,28.3,187,3.3000000000000003
2015,3,1,19,30,109.72,0.19,4.9,0,0,0,0,24,80.46000000000001,1006,0,0,0,0,27.700000000000003,191,3.2
2015,3,1,20,30,124.57000000000001,0.19,4.9,0,0,0,3,24.400000000000002,84.17,1006,0,0,0,0,27.3,195,3
2015,3,1,21,30,139.45000000000002,0.19,4.9,0,0,0,3,24.6,86.84,1007,0,0,0,0,27,197,2.8000000000000003
2015,3,1,22,30,154.32,0.19,5,0,0,0,0,24.700000000000003,87.88,1007,0,0,0,0,26.900000000000002,201,2.6
2015,3,1,23,30,169.14000000000001,0.19,5,0,0,0,8,24.700000000000003,88.93,1006,0,0,0,0,26.700000000000003,206,2.5
2015,3,2,0,30,175.46,0.19,5,0,0,0,0,24.700000000000003,89.22,1005,0,0,0,0,26.6,213,2.4000000000000004
2015,3,2,1,30,160.83,0.19,5,0,0,0,0,24.6,89.55,1005,0,0,0,0,26.5,219,2.3000000000000003
2015,3,2,2,30,145.97,0.19,5,0,0,0,0,24.6,89.86,1005,0,0,0,0,26.400000000000002,225,2.3000000000000003
2015,3,2,3,30,131.09,0.19,5.1000000000000005,0,0,0,0,24.6,90.32000000000001,1005,0,0,0,0,26.3,229,2.4000000000000004
2015,3,2,4,30,116.22,0.19,5,0,0,0,0,24.6,91.37,1005,0,0,0,0,26.1,232,2.5
2015,3,2,5,30,101.37,0.19,5,0,0,0,0,24.6,91.4,1006,0,0,0,0,26.1,235,2.6
2015,3,2,6,30,86.36,0.19,4.800000000000001,4,0,4,0,24.6,88.8,1006,4,0,0,4,26.6,237,2.9000000000000004
2015,3,2,7,30,71.74,0.19,4.7,157,81,182,0,24.400000000000002,82.46000000000001,1007,157,81,0,182,27.700000000000003,239,3.1
2015,3,2,8,30,57.1,0.19,4.6000000000000005,286,242,417,0,23.700000000000003,72.5,1007,286,242,0,417,29.200000000000003,240,2.9000000000000004
2015,3,2,9,30,42.67,0.19,4.5,360,368,630,0,23.200000000000003,64.12,1007,360,368,0,630,30.8,241,2.3000000000000003
2015,3,2,10,30,28.76,0.19,4.5,398,452,795,0,22.400000000000002,56.39,1006,398,452,0,795,32.2,238,1.7000000000000002
2015,3,2,11,30,16.77,0.19,4.4,415,498,892,0,21.3,49.1,1005,415,498,0,892,33.4,226,1.5
2015,3,2,12,30,13.540000000000001,0.19,4.4,372,571,927,0,20.6,45.47,1004,372,571,0,927,34,207,1.6
2015,3,2,13,30,23.09,0.19,4.4,358,551,866,0,20.400000000000002,45.01,1003,358,551,0,866,34,192,2
2015,3,2,14,30,36.480000000000004,0.19,4.4,330,497,730,0,20.5,46.33,1003,330,497,0,730,33.6,186,2.5
2015,3,2,15,30,50.76,0.19,4.4,278,410,538,0,20.700000000000003,49.050000000000004,1003,278,410,0,538,32.800000000000004,184,2.9000000000000004
2015,3,2,16,30,65.34,0.19,4.5,200,255,306,0,21.1,54.54,1003,200,255,0,306,31.400000000000002,185,3.3000000000000003
2015,3,2,17,30,80.01,0.19,4.5,72,44,80,0,22.400000000000002,65.25,1004,72,44,0,80,29.6,189,3.6
2015,3,2,18,30,94.9,0.19,4.6000000000000005,0,0,0,0,23.400000000000002,74.78,1005,0,0,0,0,28.3,196,3.6
2015,3,2,19,30,109.74000000000001,0.19,4.6000000000000005,0,0,0,7,24,80.12,1005,0,0,0,0,27.700000000000003,202,3.5
2015,3,2,20,30,124.61,0.19,4.6000000000000005,0,0,0,7,24.400000000000002,84.56,1006,0,0,0,0,27.200000000000003,207,3.3000000000000003
2015,3,2,21,30,139.49,0.19,4.6000000000000005,0,0,0,3,24.6,87.46000000000001,1006,0,0,0,0,26.900000000000002,210,3.2
2015,3,2,22,30,154.38,0.19,4.6000000000000005,0,0,0,1,24.8,89.58,1006,0,0,0,0,26.700000000000003,212,3
2015,3,2,23,30,169.24,0.19,4.5,0,0,0,8,25,91.24,1006,0,0,0,0,26.5,214,2.8000000000000003
2015,3,3,0,30,175.55,0.19,4.5,0,0,0,7,25,92.53,1005,0,0,0,0,26.3,216,2.7
2015,3,3,1,30,160.81,0.19,4.4,0,0,0,8,25,93.06,1004,0,0,0,0,26.200000000000003,217,2.7
2015,3,3,2,30,145.92000000000002,0.19,4.4,0,0,0,0,25,93.59,1004,0,0,0,0,26.1,217,2.6
2015,3,3,3,30,131.04,0.19,4.4,0,0,0,0,25,94.64,1004,0,0,0,0,25.900000000000002,217,2.6
2015,3,3,4,30,116.15,0.19,4.3,0,0,0,0,25,95.79,1005,0,0,0,0,25.700000000000003,216,2.5
2015,3,3,5,30,101.29,0.19,4.4,0,0,0,0,25,95.08,1005,0,0,0,0,25.8,216,2.6
2015,3,3,6,30,86.27,0.19,4.4,10,0,10,1,25,91.65,1006,10,0,0,10,26.5,214,2.9000000000000004
2015,3,3,7,30,71.64,0.19,4.5,159,147,205,0,24.900000000000002,84.91,1007,159,147,0,205,27.700000000000003,209,3.1
2015,3,3,8,30,56.980000000000004,0.19,4.6000000000000005,259,333,441,8,24.3,75.38,1007,259,333,5,441,29.1,204,3.1
2015,3,3,9,30,42.51,0.19,4.6000000000000005,354,392,642,0,23.8,68.54,1007,354,392,0,642,30.200000000000003,199,2.9000000000000004
2015,3,3,10,30,28.54,0.19,4.7,396,465,804,0,23.5,64.34,1007,396,465,0,804,31,195,2.7
2015,3,3,11,30,16.44,0.19,4.800000000000001,416,502,898,0,23.200000000000003,61.71,1006,416,502,0,898,31.400000000000002,194,2.7
2015,3,3,12,30,13.19,0.19,4.9,445,472,905,0,22.900000000000002,60.69,1005,445,472,1,905,31.400000000000002,193,2.8000000000000003
2015,3,3,13,30,22.93,0.19,4.9,430,449,844,0,22.8,60.88,1005,430,449,0,844,31.200000000000003,194,2.8000000000000003
2015,3,3,14,30,36.410000000000004,0.19,5,395,389,709,0,22.700000000000003,62.02,1005,395,389,0,709,30.8,197,2.8000000000000003
2015,3,3,15,30,50.72,0.19,5,333,289,516,0,22.700000000000003,64.17,1005,333,289,0,516,30.200000000000003,199,2.9000000000000004
2015,3,3,16,30,65.32000000000001,0.19,5,227,146,287,0,22.8,67.78,1005,227,146,0,287,29.400000000000002,201,2.9000000000000004
2015,3,3,17,30,80.02,0.19,4.9,60,12,62,0,23.3,73.55,1006,60,12,0,62,28.5,203,2.8000000000000003
2015,3,3,18,30,94.92,0.19,4.9,0,0,0,0,24,79.45,1007,0,0,0,0,27.900000000000002,206,2.8000000000000003
2015,3,3,19,30,109.77,0.19,4.9,0,0,0,1,24.400000000000002,83.39,1007,0,0,0,0,27.5,208,2.8000000000000003
2015,3,3,20,30,124.65,0.19,4.800000000000001,0,0,0,0,24.8,86.63,1008,0,0,0,0,27.200000000000003,210,2.8000000000000003
2015,3,3,21,30,139.54,0.19,4.800000000000001,0,0,0,0,25,88.86,1008,0,0,0,0,27,210,2.8000000000000003
2015,3,3,22,30,154.44,0.19,4.800000000000001,0,0,0,0,25.1,90.63,1007,0,0,0,0,26.8,211,2.8000000000000003
2015,3,3,23,30,169.33,0.19,4.7,0,0,0,1,25.200000000000003,92.71000000000001,1007,0,0,0,0,26.5,213,2.7
2015,3,4,0,30,175.6,0.19,4.7,0,0,0,0,25.200000000000003,93.9,1006,0,0,0,0,26.3,214,2.6
2015,3,4,1,30,160.77,0.19,4.7,0,0,0,0,25.200000000000003,94.89,1005,0,0,0,0,26.1,215,2.5
2015,3,4,2,30,145.87,0.19,4.6000000000000005,0,0,0,0,25.200000000000003,95.36,1005,0,0,0,0,26,213,2.3000000000000003
2015,3,4,3,30,130.97,0.19,4.6000000000000005,0,0,0,8,25.200000000000003,95.74000000000001,1005,0,0,0,0,25.900000000000002,211,2.2
2015,3,4,4,30,116.08,0.19,4.6000000000000005,0,0,0,7,25.1,96.11,1005,0,0,0,0,25.8,207,2.1
2015,3,4,5,30,101.21000000000001,0.19,4.5,0,0,0,8,25.1,95.49,1006,0,0,0,0,25.900000000000002,203,2.1
2015,3,4,6,30,86.18,0.19,4.5,5,0,5,8,25.200000000000003,92.98,1007,5,0,5,5,26.400000000000002,199,2.3000000000000003
2015,3,4,7,30,71.53,0.19,4.5,164,83,190,1,25.1,88.41,1007,164,83,0,190,27.200000000000003,194,2.5
2015,3,4,8,30,56.85,0.19,4.5,292,246,427,0,24.700000000000003,81.42,1008,292,246,0,427,28.200000000000003,188,2.4000000000000004
2015,3,4,9,30,42.35,0.19,4.6000000000000005,367,368,639,0,24,73.7,1008,367,368,0,639,29.200000000000003,182,2.3000000000000003
2015,3,4,10,30,28.330000000000002,0.19,4.7,412,441,800,0,23.5,68.12,1008,412,441,0,800,30,180,2.1
2015,3,4,11,30,16.12,0.19,4.7,436,476,893,1,23.200000000000003,65.04,1007,436,476,0,893,30.5,179,2
2015,3,4,12,30,12.85,0.19,4.800000000000001,402,532,922,7,23,63.53,1006,401,527,0,914,30.700000000000003,179,2.1
2015,3,4,13,30,22.77,0.19,4.800000000000001,381,522,862,7,22.8,63.07,1006,391,498,0,850,30.6,178,2.3000000000000003
2015,3,4,14,30,36.33,0.19,4.800000000000001,344,478,729,7,22.6,63.47,1005,344,478,5,729,30.3,176,2.4000000000000004
2015,3,4,15,30,50.69,0.19,4.7,315,334,527,7,22.6,65.72,1005,402,157,0,501,29.700000000000003,176,2.6
2015,3,4,16,30,65.31,0.19,4.7,214,191,294,8,22.8,69.82000000000001,1006,214,191,5,294,28.900000000000002,178,2.5
2015,3,4,17,30,80.02,0.19,4.7,66,23,70,7,23.400000000000002,76.27,1006,66,23,5,70,28,181,2.3000000000000003
2015,3,4,18,30,94.94,0.19,4.6000000000000005,0,0,0,7,24.1,82.08,1007,0,0,0,0,27.400000000000002,185,2.3000000000000003
2015,3,4,19,30,109.8,0.19,4.6000000000000005,0,0,0,8,24.400000000000002,85.64,1007,0,0,0,0,27,190,2.3000000000000003
2015,3,4,20,30,124.69,0.19,4.6000000000000005,0,0,0,7,24.6,87.91,1008,0,0,0,0,26.8,196,2.2
2015,3,4,21,30,139.59,0.19,4.6000000000000005,0,0,0,0,24.8,89.65,1008,0,0,0,0,26.6,201,2.2
2015,3,4,22,30,154.5,0.19,4.7,0,0,0,0,24.8,91.15,1008,0,0,0,0,26.400000000000002,207,2.1
2015,3,4,23,30,169.41,0.19,4.7,0,0,0,0,24.900000000000002,92.44,1007,0,0,0,0,26.200000000000003,212,2.1
2015,3,5,0,30,175.61,0.19,4.7,0,0,0,0,24.900000000000002,93.53,1006,0,0,0,0,26,215,2.1
2015,3,5,1,30,160.73,0.19,4.800000000000001,0,0,0,0,24.900000000000002,94.11,1006,0,0,0,0,25.900000000000002,216,2
2015,3,5,2,30,145.81,0.19,4.800000000000001,0,0,0,0,24.8,94.48,1005,0,0,0,0,25.8,215,2
2015,3,5,3,30,130.9,0.19,4.800000000000001,0,0,0,0,24.8,94.88,1005,0,0,0,0,25.700000000000003,210,2
2015,3,5,4,30,116.01,0.19,4.800000000000001,0,0,0,8,24.8,95.43,1006,0,0,0,0,25.6,205,2.1
2015,3,5,5,30,101.13,0.19,4.800000000000001,0,0,0,8,24.8,94.28,1006,0,0,0,0,25.8,202,2.2
2015,3,5,6,30,86.09,0.19,4.800000000000001,9,0,9,1,24.900000000000002,91.03,1007,9,0,0,9,26.5,200,2.4000000000000004
2015,3,5,7,30,71.42,0.19,4.9,158,136,201,0,24.900000000000002,86.26,1007,158,136,0,201,27.400000000000002,199,2.6
2015,3,5,8,30,56.730000000000004,0.19,5,267,315,440,0,24.400000000000002,78.67,1008,267,315,0,440,28.5,197,2.5
2015,3,5,9,30,42.2,0.19,5.1000000000000005,284,519,669,0,23.900000000000002,71.77,1008,284,519,0,669,29.5,194,2.2
2015,3,5,10,30,28.12,0.19,5.2,305,601,835,7,23.400000000000002,66.74,1007,482,216,0,672,30.3,191,1.9000000000000001
2015,3,5,11,30,15.790000000000001,0.19,5.2,310,647,933,7,23.200000000000003,64.07000000000001,1006,422,468,0,872,30.8,189,1.6
2015,3,5,12,30,12.5,0.19,5.2,437,473,899,7,23,62.08,1005,581,274,0,849,31.1,186,1.4000000000000001
2015,3,5,13,30,22.62,0.19,5.2,415,461,840,7,22.700000000000003,60.120000000000005,1005,535,306,0,818,31.400000000000002,181,1.3
2015,3,5,14,30,36.26,0.19,5.2,374,415,708,7,22.6,59.92,1004,495,167,0,629,31.3,176,1.4000000000000001
2015,3,5,15,30,50.660000000000004,0.19,5.2,312,324,517,6,22.6,61.29,1004,262,11,0,269,30.900000000000002,177,1.7000000000000002
2015,3,5,16,30,65.31,0.19,5.1000000000000005,216,177,290,6,22.700000000000003,64.26,1004,94,0,0,94,30.200000000000003,182,1.9000000000000001
2015,3,5,17,30,80.03,0.19,5.1000000000000005,63,17,66,6,23.400000000000002,71.53,1005,20,0,0,20,29.1,188,2.2
2015,3,5,18,30,94.96000000000001,0.19,5.1000000000000005,0,0,0,6,24,77.91,1006,0,0,0,0,28.200000000000003,192,2.4000000000000004
2015,3,5,19,30,109.83,0.19,5,0,0,0,7,24.200000000000003,80.85000000000001,1006,0,0,0,0,27.8,196,2.5
2015,3,5,20,30,124.73,0.19,5.1000000000000005,0,0,0,0,24.400000000000002,83.95,1007,0,0,0,0,27.400000000000002,199,2.5
2015,3,5,21,30,139.63,0.19,5.1000000000000005,0,0,0,7,24.6,86.26,1007,0,0,0,0,27.1,201,2.4000000000000004
2015,3,5,22,30,154.55,0.19,5.1000000000000005,0,0,0,7,24.700000000000003,87.7,1007,0,0,0,0,26.900000000000002,202,2.3000000000000003
2015,3,5,23,30,169.47,0.19,5.1000000000000005,0,0,0,8,24.700000000000003,89.42,1006,0,0,0,0,26.6,203,2.3000000000000003
2015,3,6,0,30,175.59,0.19,5.1000000000000005,0,0,0,0,24.700000000000003,90.59,1006,0,0,0,0,26.400000000000002,205,2.3000000000000003
2015,3,6,1,30,160.67000000000002,0.19,5.1000000000000005,0,0,0,0,24.700000000000003,92.25,1005,0,0,0,0,26.1,206,2.3000000000000003
2015,3,6,2,30,145.75,0.19,5.1000000000000005,0,0,0,0,24.700000000000003,92.83,1004,0,0,0,0,26,209,2.3000000000000003
2015,3,6,3,30,130.83,0.19,5.1000000000000005,0,0,0,0,24.8,93.56,1005,0,0,0,0,25.900000000000002,213,2.4000000000000004
2015,3,6,4,30,115.93,0.19,5.1000000000000005,0,0,0,3,24.8,94.04,1005,0,0,0,0,25.8,216,2.3000000000000003
2015,3,6,5,30,101.04,0.19,5.1000000000000005,0,0,0,1,24.8,92.9,1006,0,0,0,0,26,216,2.4000000000000004
2015,3,6,6,30,85.99,0.19,5.1000000000000005,2,0,2,3,24.8,90.04,1007,2,0,5,2,26.6,212,2.5
2015,3,6,7,30,71.31,0.19,5.1000000000000005,156,36,168,8,24.700000000000003,83.86,1008,156,36,5,168,27.700000000000003,204,2.7
2015,3,6,8,30,56.6,0.19,5.1000000000000005,324,134,398,0,24.1,75.14,1008,324,134,0,398,28.900000000000002,194,2.6
2015,3,6,9,30,42.04,0.19,5,440,223,606,1,23.6,68.39,1008,440,223,0,606,30.1,185,2.4000000000000004
2015,3,6,10,30,27.91,0.19,4.9,510,288,764,1,23.6,65.14,1007,510,288,0,764,30.900000000000002,179,2
2015,3,6,11,30,15.47,0.19,4.9,543,326,857,0,23.400000000000002,61.9,1006,543,326,0,857,31.6,177,1.8
2015,3,6,12,30,12.16,0.19,4.800000000000001,479,429,898,0,23.1,59.550000000000004,1005,479,429,0,898,32,181,1.7000000000000002
2015,3,6,13,30,22.47,0.19,4.800000000000001,461,407,837,0,22.900000000000002,58.300000000000004,1005,461,407,0,837,32.1,188,1.7000000000000002
2015,3,6,14,30,36.2,0.19,4.800000000000001,420,350,702,7,22.700000000000003,58.050000000000004,1004,525,191,0,679,32,193,1.9000000000000001
2015,3,6,15,30,50.63,0.19,4.800000000000001,342,270,513,6,22.700000000000003,59.54,1004,151,1,0,151,31.5,194,2.2
2015,3,6,16,30,65.3,0.19,4.800000000000001,229,132,285,6,22.700000000000003,62.910000000000004,1004,97,0,0,97,30.6,193,2.4000000000000004
2015,3,6,17,30,80.04,0.19,4.800000000000001,57,8,59,6,23.400000000000002,70.41,1005,12,0,0,12,29.3,192,2.7
2015,3,6,18,30,94.98,0.19,4.7,0,0,0,6,24,77.72,1006,0,0,0,0,28.3,192,3
2015,3,6,19,30,109.86,0.19,4.7,0,0,0,7,24.400000000000002,81.75,1006,0,0,0,0,27.8,193,3
2015,3,6,20,30,124.76,0.19,4.7,0,0,0,7,24.700000000000003,85.2,1007,0,0,0,0,27.400000000000002,195,2.9000000000000004
2015,3,6,21,30,139.68,0.19,4.7,0,0,0,3,24.900000000000002,87.57000000000001,1007,0,0,0,0,27.1,196,2.8000000000000003
2015,3,6,22,30,154.6,0.19,4.800000000000001,0,0,0,0,25,89.2,1007,0,0,0,0,26.900000000000002,196,2.7
2015,3,6,23,30,169.53,0.19,4.800000000000001,0,0,0,1,25,91.12,1006,0,0,0,0,26.6,197,2.7
2015,3,7,0,30,175.53,0.19,4.9,0,0,0,0,25.1,92.41,1005,0,0,0,0,26.400000000000002,198,2.7
2015,3,7,1,30,160.61,0.19,4.9,0,0,0,0,25.1,93.11,1005,0,0,0,0,26.3,201,2.7
2015,3,7,2,30,145.68,0.19,4.9,0,0,0,0,25.1,94.09,1004,0,0,0,0,26.1,203,2.6
2015,3,7,3,30,130.76,0.19,4.800000000000001,0,0,0,0,25.1,94.54,1004,0,0,0,0,26,206,2.6
2015,3,7,4,30,115.84,0.19,4.6000000000000005,0,0,0,7,25,95.01,1005,0,0,0,0,25.900000000000002,206,2.5
2015,3,7,5,30,100.95,0.19,4.5,0,0,0,7,25,94.31,1005,0,0,0,0,26,205,2.5
2015,3,7,6,30,85.9,0.19,4.4,3,0,3,7,25.1,91.36,1006,3,0,5,3,26.6,204,2.7
2015,3,7,7,30,71.2,0.19,4.3,163,46,178,7,25,85.06,1007,163,46,5,178,27.700000000000003,202,2.9000000000000004
2015,3,7,8,30,56.47,0.19,4.2,321,166,413,7,24.400000000000002,76.83,1007,321,166,5,413,28.900000000000002,199,2.9000000000000004
2015,3,7,9,30,41.88,0.19,4.2,410,295,630,7,24.1,70.12,1007,410,295,5,630,30.1,195,2.6
2015,3,7,10,30,27.71,0.19,4.2,463,371,791,7,23.900000000000002,65.63,1006,524,65,7,582,31.1,192,2.2
2015,3,7,11,30,15.15,0.19,4.3,486,413,884,8,23.8,62.36,1006,604,196,7,794,31.900000000000002,191,2
2015,3,7,12,30,11.82,0.19,4.3,475,440,906,0,23.5,59.85,1005,475,440,0,906,32.300000000000004,189,2
2015,3,7,13,30,22.330000000000002,0.19,4.4,457,416,842,0,23.200000000000003,58.5,1004,457,416,0,842,32.4,188,2.2
2015,3,7,14,30,36.14,0.19,4.4,416,360,707,7,23.1,58.730000000000004,1004,526,186,0,677,32.2,188,2.4000000000000004
2015,3,7,15,30,50.61,0.19,4.5,345,266,514,7,23.1,60.65,1004,341,43,0,368,31.6,190,2.5
2015,3,7,16,30,65.3,0.19,4.5,230,131,285,9,23.1,64.83,1004,164,4,0,166,30.5,194,2.7
2015,3,7,17,30,80.06,0.19,4.6000000000000005,58,8,59,7,23.5,71.02,1005,58,8,5,59,29.3,197,2.9000000000000004
2015,3,7,18,30,95,0.19,4.6000000000000005,0,0,0,7,24.1,77.98,1005,0,0,0,0,28.3,200,3
2015,3,7,19,30,109.89,0.19,4.6000000000000005,0,0,0,3,24.5,82.41,1006,0,0,0,0,27.8,202,3.1
2015,3,7,20,30,124.8,0.19,4.6000000000000005,0,0,0,8,24.8,85.3,1006,0,0,0,0,27.5,205,3
2015,3,7,21,30,139.72,0.19,4.6000000000000005,0,0,0,8,25,87.71000000000001,1006,0,0,0,0,27.200000000000003,208,2.8000000000000003
2015,3,7,22,30,154.65,0.19,4.6000000000000005,0,0,0,8,25.1,89.31,1006,0,0,0,0,27,212,2.7
2015,3,7,23,30,169.57,0.19,4.5,0,0,0,8,25.1,90.61,1005,0,0,0,0,26.8,217,2.6
2015,3,8,0,30,175.44,0.19,4.5,0,0,0,0,25.200000000000003,91.81,1005,0,0,0,0,26.6,222,2.6
2015,3,8,1,30,160.53,0.19,4.5,0,0,0,1,25.1,92.74,1004,0,0,0,0,26.400000000000002,227,2.6
2015,3,8,2,30,145.6,0.19,4.6000000000000005,0,0,0,8,25.1,93.19,1004,0,0,0,0,26.3,230,2.7
2015,3,8,3,30,130.68,0.19,4.6000000000000005,0,0,0,8,25.1,94.17,1004,0,0,0,0,26.1,230,2.7
2015,3,8,4,30,115.76,0.19,4.6000000000000005,0,0,0,8,25.1,94.64,1004,0,0,0,0,26,230,2.7
2015,3,8,5,30,100.86,0.19,4.5,0,0,0,8,25.1,93.97,1004,0,0,0,0,26.1,231,2.8000000000000003
2015,3,8,6,30,85.8,0.19,4.5,2,0,2,3,25.1,90.78,1005,2,0,5,2,26.700000000000003,232,3.1
2015,3,8,7,30,71.09,0.19,4.5,162,41,175,0,24.8,83.49,1006,162,41,0,175,27.900000000000002,232,3.3000000000000003
2015,3,8,8,30,56.34,0.19,4.5,322,166,414,0,24.200000000000003,74.13,1006,322,166,0,414,29.3,229,3.3000000000000003
2015,3,8,9,30,41.730000000000004,0.19,4.5,416,282,627,0,23.8,67.59,1006,416,282,0,627,30.5,226,3
2015,3,8,10,30,27.5,0.19,4.5,465,365,789,1,23.700000000000003,63.6,1005,465,365,0,789,31.400000000000002,224,2.7
2015,3,8,11,30,14.83,0.19,4.6000000000000005,483,414,884,0,23.5,60.34,1005,483,414,0,884,32.1,222,2.6
2015,3,8,12,30,11.49,0.19,4.6000000000000005,396,544,930,0,23.200000000000003,58.11,1004,396,544,0,930,32.5,219,2.7
2015,3,8,13,30,22.2,0.19,4.6000000000000005,381,525,867,0,23,57.06,1003,381,525,0,867,32.6,215,2.9000000000000004
2015,3,8,14,30,36.08,0.19,4.6000000000000005,350,471,730,7,22.900000000000002,57.79,1003,350,471,5,730,32.300000000000004,211,3.2
2015,3,8,15,30,50.59,0.19,4.6000000000000005,316,332,527,7,23,60.22,1003,316,332,5,527,31.6,209,3.5
2015,3,8,16,30,65.3,0.19,4.7,220,185,297,7,23.1,63.93,1003,223,21,0,232,30.700000000000003,209,3.8000000000000003
2015,3,8,17,30,80.07000000000001,0.19,4.7,67,20,71,7,23.5,70.39,1004,67,20,5,71,29.5,208,3.9000000000000004
2015,3,8,18,30,95.03,0.19,4.7,0,0,0,7,24.3,77.87,1005,0,0,0,0,28.5,207,3.9000000000000004
2015,3,8,19,30,109.92,0.19,4.7,0,0,0,7,24.700000000000003,82.51,1005,0,0,0,0,28,207,3.9000000000000004
2015,3,8,20,30,124.84,0.19,4.800000000000001,0,0,0,7,25.1,85.68,1006,0,0,0,0,27.700000000000003,208,3.7
2015,3,8,21,30,139.76,0.19,4.800000000000001,0,0,0,8,25.200000000000003,87.53,1006,0,0,0,0,27.5,210,3.5
2015,3,8,22,30,154.69,0.19,4.800000000000001,0,0,0,0,25.3,88.98,1006,0,0,0,0,27.3,214,3.3000000000000003
2015,3,8,23,30,169.6,0.19,4.9,0,0,0,0,25.400000000000002,90.19,1006,0,0,0,0,27.1,220,3.2
2015,3,9,0,30,175.32,0.19,4.9,0,0,0,0,25.3,90.62,1005,0,0,0,0,27,224,3
2015,3,9,1,30,160.45000000000002,0.19,4.9,0,0,0,0,25.3,91.60000000000001,1004,0,0,0,0,26.8,227,2.9000000000000004
2015,3,9,2,30,145.52,0.19,4.9,0,0,0,0,25.3,92.01,1004,0,0,0,0,26.700000000000003,226,2.8000000000000003
2015,3,9,3,30,130.59,0.19,4.9,0,0,0,0,25.3,93.06,1004,0,0,0,0,26.5,224,2.7
2015,3,9,4,30,115.67,0.19,4.9,0,0,0,0,25.3,93.76,1005,0,0,0,0,26.400000000000002,221,2.7
2015,3,9,5,30,100.76,0.19,5,0,0,0,0,25.3,93.2,1005,0,0,0,0,26.5,219,2.7
2015,3,9,6,30,85.7,0.19,5,13,1,13,0,25.400000000000002,91.29,1006,13,1,0,13,26.900000000000002,217,2.9000000000000004
2015,3,9,7,30,70.98,0.19,5.1000000000000005,164,146,212,0,25.3,86.49,1007,164,146,0,212,27.8,214,3.2
2015,3,9,8,30,56.21,0.19,5.1000000000000005,267,324,447,0,24.900000000000002,80.17,1007,267,324,0,447,28.700000000000003,209,3.2
2015,3,9,9,30,41.58,0.19,5.1000000000000005,330,440,659,0,24.6,74.87,1007,330,440,0,659,29.5,205,3.1
2015,3,9,10,30,27.3,0.19,5.1000000000000005,369,507,820,2,24.400000000000002,71.66,1007,481,43,0,519,30.1,200,3
2015,3,9,11,30,14.51,0.19,5.1000000000000005,390,539,912,3,24.3,70.06,1006,591,102,0,690,30.400000000000002,195,2.8000000000000003
2015,3,9,12,30,11.16,0.19,5.1000000000000005,400,535,925,3,24.200000000000003,69.67,1006,621,114,0,732,30.400000000000002,191,2.8000000000000003
2015,3,9,13,30,22.07,0.19,5.1000000000000005,387,512,861,0,24.1,69.59,1005,387,512,0,861,30.3,188,3
2015,3,9,14,30,36.03,0.19,5.2,355,457,724,0,24.1,70.93,1005,355,457,0,724,29.900000000000002,188,3.2
2015,3,9,15,30,50.58,0.19,5.2,298,367,531,0,24.1,73.34,1005,298,367,0,531,29.400000000000002,191,3.4000000000000004
2015,3,9,16,30,65.31,0.19,5.2,211,214,301,0,24.3,76.88,1005,211,214,0,301,28.8,196,3.3000000000000003
2015,3,9,17,30,80.09,0.19,5.2,69,27,74,7,24.700000000000003,81.89,1006,46,0,0,46,28.1,202,3
2015,3,9,18,30,95.05,0.19,5.1000000000000005,0,0,0,6,25.1,86.32000000000001,1006,0,0,0,0,27.6,208,2.8000000000000003
2015,3,9,19,30,109.96000000000001,0.19,5.1000000000000005,0,0,0,3,25.400000000000002,88.67,1007,0,0,0,0,27.400000000000002,213,2.8000000000000003
2015,3,9,20,30,124.88000000000001,0.19,5,0,0,0,0,25.5,90.66,1007,0,0,0,0,27.200000000000003,217,2.8000000000000003
2015,3,9,21,30,139.8,0.19,4.9,0,0,0,0,25.700000000000003,92.43,1007,0,0,0,0,27,221,2.8000000000000003
2015,3,9,22,30,154.73,0.19,4.800000000000001,0,0,0,0,25.8,94.01,1007,0,0,0,0,26.8,225,2.8000000000000003
2015,3,9,23,30,169.62,0.19,4.7,0,0,0,0,25.8,94.8,1006,0,0,0,0,26.700000000000003,228,2.8000000000000003
2015,3,10,0,30,175.16,0.19,4.7,0,0,0,3,25.8,96.11,1006,0,0,0,0,26.5,231,2.9000000000000004
2015,3,10,1,30,160.36,0.19,4.6000000000000005,0,0,0,0,25.8,97.15,1005,0,0,0,0,26.3,232,2.9000000000000004
2015,3,10,2,30,145.44,0.19,4.5,0,0,0,0,25.8,97.49000000000001,1004,0,0,0,0,26.200000000000003,233,2.9000000000000004
2015,3,10,3,30,130.51,0.19,4.5,0,0,0,7,25.700000000000003,97.81,1004,0,0,0,0,26.1,235,2.9000000000000004
2015,3,10,4,30,115.58,0.19,4.6000000000000005,0,0,0,0,25.700000000000003,98.14,1005,0,0,0,0,26,238,2.9000000000000004
2015,3,10,5,30,100.67,0.19,4.6000000000000005,0,0,0,0,25.6,96.66,1005,0,0,0,0,26.200000000000003,240,2.9000000000000004
2015,3,10,6,30,85.60000000000001,0.19,4.7,13,1,13,0,25.700000000000003,93.98,1006,13,1,0,13,26.700000000000003,242,3.1
2015,3,10,7,30,70.86,0.19,4.7,167,142,213,0,25.700000000000003,88.77,1007,167,142,0,213,27.700000000000003,242,3.4000000000000004
2015,3,10,8,30,56.08,0.19,4.800000000000001,270,322,449,0,25.200000000000003,80.53,1007,270,322,0,449,28.900000000000002,240,3.4000000000000004
2015,3,10,9,30,41.42,0.19,4.800000000000001,319,464,667,0,24.400000000000002,70.89,1007,319,464,0,667,30.3,236,3.2
2015,3,10,10,30,27.1,0.19,4.800000000000001,341,553,833,3,24,65.09,1007,498,76,0,566,31.3,229,2.9000000000000004
2015,3,10,11,30,14.19,0.19,4.9,346,601,929,1,23.8,62.230000000000004,1006,346,601,0,929,31.900000000000002,223,2.7
2015,3,10,12,30,10.83,0.19,4.9,339,620,948,0,23.6,60.83,1005,339,620,0,948,32.1,216,2.6
2015,3,10,13,30,21.95,0.19,4.9,328,598,883,0,23.5,60.43,1005,328,598,0,883,32.1,211,2.7
2015,3,10,14,30,35.99,0.19,5,303,545,744,0,23.400000000000002,60.95,1004,303,545,0,744,31.900000000000002,208,2.9000000000000004
2015,3,10,15,30,50.57,0.19,5,261,450,547,0,23.5,62.79,1004,261,450,0,547,31.400000000000002,206,3.1
2015,3,10,16,30,65.32000000000001,0.19,5.1000000000000005,192,288,313,0,23.6,66.27,1005,192,288,0,313,30.6,205,3.4000000000000004
2015,3,10,17,30,80.11,0.19,5.2,74,55,83,0,24.200000000000003,73.05,1005,74,55,0,83,29.5,205,3.4000000000000004
2015,3,10,18,30,95.08,0.19,5.2,0,0,0,0,24.900000000000002,79.97,1006,0,0,0,0,28.700000000000003,206,3.5
2015,3,10,19,30,109.99000000000001,0.19,5.300000000000001,0,0,0,0,25.400000000000002,84.15,1007,0,0,0,0,28.3,207,3.6
2015,3,10,20,30,124.91,0.19,5.4,0,0,0,0,25.700000000000003,86.61,1007,0,0,0,0,28.1,209,3.6
2015,3,10,21,30,139.84,0.19,5.5,0,0,0,0,25.900000000000002,88.68,1008,0,0,0,0,27.900000000000002,210,3.5
2015,3,10,22,30,154.76,0.19,5.6000000000000005,0,0,0,0,26,90.23,1007,0,0,0,0,27.700000000000003,212,3.4000000000000004
2015,3,10,23,30,169.62,0.19,5.6000000000000005,0,0,0,7,26,91.13,1007,0,0,0,0,27.6,215,3.2
2015,3,11,0,30,174.98,0.19,5.7,0,0,0,0,26,92.28,1006,0,0,0,0,27.400000000000002,216,3.1
2015,3,11,1,30,160.26,0.19,5.800000000000001,0,0,0,1,26,92.8,1005,0,0,0,0,27.3,217,3
2015,3,11,2,30,145.34,0.19,5.800000000000001,0,0,0,0,26,93.37,1005,0,0,0,0,27.200000000000003,215,3
2015,3,11,3,30,130.42000000000002,0.19,5.800000000000001,0,0,0,0,26,94.48,1005,0,0,0,0,27,214,3.1
2015,3,11,4,30,115.49000000000001,0.19,5.800000000000001,0,0,0,1,26,94.39,1006,0,0,0,0,27,213,3.1
2015,3,11,5,30,100.57000000000001,0.19,5.800000000000001,0,0,0,3,26,94.71000000000001,1006,0,0,0,0,26.900000000000002,213,3.1
2015,3,11,6,30,85.5,0.19,5.7,21,6,22,8,26,93.05,1007,21,6,5,22,27.200000000000003,212,3.2
2015,3,11,7,30,70.75,0.19,5.7,150,237,228,0,26,90.83,1008,150,237,0,228,27.6,210,3.4000000000000004
2015,3,11,8,30,55.95,0.19,5.7,223,437,468,1,25.700000000000003,86.9,1008,223,437,0,468,28.1,208,3.4000000000000004
2015,3,11,9,30,41.27,0.19,5.7,266,555,683,8,25.200000000000003,81.96000000000001,1009,390,149,7,502,28.6,209,3.2
2015,3,11,10,30,26.900000000000002,0.19,5.7,291,622,846,3,24.700000000000003,77.78,1008,540,128,0,654,29,212,3
2015,3,11,11,30,13.88,0.19,5.7,303,655,939,0,24.400000000000002,74.99,1008,303,655,0,939,29.3,212,2.8000000000000003
2015,3,11,12,30,10.51,0.19,5.6000000000000005,305,661,955,0,24.200000000000003,73.10000000000001,1007,305,661,0,955,29.5,208,2.5
2015,3,11,13,30,21.84,0.19,5.6000000000000005,288,651,892,0,24,72.29,1007,288,651,0,892,29.5,200,2.4000000000000004
2015,3,11,14,30,35.95,0.19,5.6000000000000005,260,613,756,0,23.8,72.11,1006,260,613,0,756,29.400000000000002,193,2.4000000000000004
2015,3,11,15,30,50.56,0.19,5.5,268,431,541,0,23.8,72.79,1006,268,431,0,541,29.200000000000003,193,2.6
2015,3,11,16,30,65.33,0.19,5.4,193,282,311,0,23.900000000000002,75.42,1006,193,282,0,311,28.700000000000003,200,2.6
2015,3,11,17,30,80.13,0.19,5.300000000000001,74,58,84,0,24.400000000000002,80.37,1006,74,58,0,84,28.1,208,2.4000000000000004
2015,3,11,18,30,95.11,0.19,5.2,0,0,0,8,24.8,85.14,1007,0,0,0,0,27.5,208,2.1
2015,3,11,19,30,110.02,0.19,5.1000000000000005,0,0,0,6,24.900000000000002,86.91,1007,0,0,0,0,27.3,199,2
2015,3,11,20,30,124.95,0.19,5.1000000000000005,0,0,0,6,25.1,88.72,1007,0,0,0,0,27.1,192,1.9000000000000001
2015,3,11,21,30,139.87,0.19,5.1000000000000005,0,0,0,6,25.200000000000003,90.64,1008,0,0,0,0,26.900000000000002,191,2
2015,3,11,22,30,154.79,0.19,5.1000000000000005,0,0,0,7,25.400000000000002,92.34,1007,0,0,0,0,26.700000000000003,196,1.9000000000000001
2015,3,11,23,30,169.61,0.19,5,0,0,0,8,25.400000000000002,93.33,1006,0,0,0,0,26.6,203,1.9000000000000001
2015,3,12,0,30,174.77,0.19,5,0,0,0,0,25.5,94.28,1006,0,0,0,0,26.5,209,1.9000000000000001
2015,3,12,1,30,160.15,0.19,4.800000000000001,0,0,0,1,25.5,95.58,1005,0,0,0,0,26.3,213,1.9000000000000001
2015,3,12,2,30,145.25,0.19,4.7,0,0,0,3,25.5,96.08,1004,0,0,0,0,26.200000000000003,215,1.9000000000000001
2015,3,12,3,30,130.32,0.19,4.6000000000000005,0,0,0,8,25.5,97.08,1004,0,0,0,0,26,217,1.9000000000000001
2015,3,12,4,30,115.39,0.19,4.5,0,0,0,3,25.400000000000002,97.31,1004,0,0,0,0,25.900000000000002,220,1.8
2015,3,12,5,30,100.47,0.19,4.5,0,0,0,8,25.400000000000002,96.48,1005,0,0,0,0,26,224,1.9000000000000001
2015,3,12,6,30,85.39,0.19,4.4,15,1,15,1,25.5,93.17,1005,15,1,0,15,26.700000000000003,224,2.1
2015,3,12,7,30,70.63,0.19,4.4,163,162,217,0,25.6,87.55,1006,163,162,0,217,27.900000000000002,217,2.4000000000000004
2015,3,12,8,30,55.83,0.19,4.4,258,350,455,1,25,76.79,1006,258,350,0,455,29.5,203,2.5
2015,3,12,9,30,41.12,0.19,4.5,287,521,679,0,24.200000000000003,67.62,1006,287,521,0,679,30.900000000000002,190,2.7
2015,3,12,10,30,26.7,0.19,4.7,323,576,837,0,24.1,63.82,1006,323,576,0,837,31.8,182,2.8000000000000003
2015,3,12,11,30,13.57,0.19,4.9,346,596,925,0,24.1,62.21,1005,346,596,0,925,32.2,179,3
2015,3,12,12,30,10.19,0.19,5.1000000000000005,386,554,931,0,24,61.78,1004,386,554,0,931,32.300000000000004,179,3.1
2015,3,12,13,30,21.740000000000002,0.19,5.2,377,525,864,0,24.1,62.690000000000005,1003,377,525,0,864,32.1,180,3.2
2015,3,12,14,30,35.910000000000004,0.19,5.4,350,463,725,0,24.200000000000003,64.85,1003,350,463,0,725,31.6,182,3.3000000000000003
2015,3,12,15,30,50.550000000000004,0.19,5.5,299,360,528,0,24.200000000000003,68.06,1003,299,360,0,528,30.8,185,3.2
2015,3,12,16,30,65.34,0.19,5.6000000000000005,211,207,298,0,24.400000000000002,72.63,1004,211,207,0,298,29.8,189,3.1
2015,3,12,17,30,80.15,0.19,5.6000000000000005,68,27,73,8,24.8,79.99,1004,68,27,5,73,28.6,191,2.9000000000000004
2015,3,12,18,30,95.14,0.19,5.5,0,0,0,6,25.400000000000002,87.17,1005,0,0,0,0,27.700000000000003,191,2.8000000000000003
2015,3,12,19,30,110.06,0.19,5.5,0,0,0,6,25.6,90.55,1005,0,0,0,0,27.3,190,2.8000000000000003
2015,3,12,20,30,124.98,0.19,5.4,0,0,0,6,25.8,93.23,1006,0,0,0,0,27,189,2.8000000000000003
2015,3,12,21,30,139.91,0.19,5.300000000000001,0,0,0,6,25.900000000000002,94.34,1006,0,0,0,0,26.900000000000002,191,2.8000000000000003
2015,3,12,22,30,154.81,0.19,5.300000000000001,0,0,0,6,26,95.7,1006,0,0,0,0,26.700000000000003,194,2.9000000000000004
2015,3,12,23,30,169.59,0.19,5.2,0,0,0,6,26,96.24000000000001,1005,0,0,0,0,26.6,197,3
2015,3,13,0,30,174.54,0.19,5,0,0,0,6,25.900000000000002,95.99000000000001,1004,0,0,0,0,26.6,198,3
2015,3,13,1,30,160.03,0.19,4.9,0,0,0,7,25.8,96.2,1003,0,0,0,0,26.5,199,3
2015,3,13,2,30,145.15,0.19,4.800000000000001,0,0,0,7,25.8,96.49000000000001,1003,0,0,0,0,26.400000000000002,202,3
2015,3,13,3,30,130.22,0.19,4.800000000000001,0,0,0,7,25.700000000000003,96.21000000000001,1003,0,0,0,0,26.400000000000002,204,3
2015,3,13,4,30,115.29,0.19,4.800000000000001,0,0,0,7,25.700000000000003,96.42,1003,0,0,0,0,26.3,204,2.9000000000000004
2015,3,13,5,30,100.37,0.19,4.800000000000001,0,0,0,7,25.700000000000003,95.14,1004,0,0,0,0,26.5,204,2.9000000000000004
2015,3,13,6,30,85.29,0.19,4.800000000000001,26,12,27,6,25.8,92.53,1005,5,0,7,5,27.1,203,3.2
2015,3,13,7,30,70.52,0.19,4.9,145,280,238,6,25.700000000000003,85.96000000000001,1005,32,0,0,32,28.3,201,3.4000000000000004
2015,3,13,8,30,55.7,0.19,4.9,208,485,481,7,25.3,77.64,1005,243,28,0,259,29.6,198,3.3000000000000003
2015,3,13,9,30,40.97,0.19,5,243,604,699,7,24.900000000000002,70.66,1005,379,310,0,614,30.8,196,3.1
2015,3,13,10,30,26.51,0.19,5,264,669,863,7,24.6,66.01,1005,298,617,0,850,31.700000000000003,194,2.8000000000000003
2015,3,13,11,30,13.26,0.19,5.1000000000000005,277,697,955,7,24.400000000000002,63.35,1004,462,311,0,765,32.2,190,2.6
2015,3,13,12,30,9.88,0.19,5.2,300,671,961,3,24.1,61.86,1003,558,122,0,678,32.4,185,2.6
2015,3,13,13,30,21.64,0.19,5.300000000000001,301,633,890,7,24,61.53,1002,477,51,7,525,32.300000000000004,181,2.6
2015,3,13,14,30,35.88,0.19,5.4,289,564,747,7,23.900000000000002,62.93,1002,422,281,7,650,31.8,178,2.6
2015,3,13,15,30,50.550000000000004,0.19,5.4,258,453,545,7,23.900000000000002,65.87,1002,258,453,5,545,31,177,2.7
2015,3,13,16,30,65.35,0.19,5.4,192,285,311,1,24,70.34,1002,192,285,0,311,30,178,2.8000000000000003
2015,3,13,17,30,80.18,0.19,5.4,73,52,82,0,24.6,77.64,1003,73,52,0,82,28.900000000000002,183,2.8000000000000003
2015,3,13,18,30,95.17,0.19,5.4,0,0,0,3,25.3,85.22,1004,0,0,0,0,28,189,2.8000000000000003
2015,3,13,19,30,110.09,0.19,5.300000000000001,0,0,0,0,25.6,88.76,1004,0,0,0,0,27.6,194,2.8000000000000003
2015,3,13,20,30,125.02,0.19,5.300000000000001,0,0,0,0,25.8,91.34,1004,0,0,0,0,27.3,198,2.7
2015,3,13,21,30,139.94,0.19,5.300000000000001,0,0,0,3,25.900000000000002,93.66,1005,0,0,0,0,27,204,2.4000000000000004
2015,3,13,22,30,154.83,0.19,5.300000000000001,0,0,0,1,25.900000000000002,94.21000000000001,1004,0,0,0,0,26.900000000000002,212,2.1
2015,3,13,23,30,169.55,0.19,5.300000000000001,0,0,0,0,25.900000000000002,95.18,1004,0,0,0,0,26.700000000000003,220,2
2015,3,14,0,30,174.28,0.19,5.300000000000001,0,0,0,0,25.8,96.03,1003,0,0,0,0,26.5,228,1.9000000000000001
2015,3,14,1,30,159.91,0.19,5.2,0,0,0,0,25.700000000000003,96.76,1002,0,0,0,0,26.3,238,1.8
2015,3,14,2,30,145.04,0.19,5.2,0,0,0,0,25.700000000000003,96.89,1002,0,0,0,0,26.200000000000003,243,1.9000000000000001
2015,3,14,3,30,130.12,0.19,5.1000000000000005,0,0,0,0,25.6,97.01,1002,0,0,0,0,26.1,242,2.1
2015,3,14,4,30,115.19,0.19,5,0,0,0,0,25.5,97.24000000000001,1003,0,0,0,0,26,239,2.2
2015,3,14,5,30,100.26,0.19,4.9,0,0,0,0,25.5,96.26,1003,0,0,0,0,26.1,233,2.3000000000000003
2015,3,14,6,30,85.18,0.19,4.9,19,2,19,0,25.6,93.04,1004,19,2,0,19,26.8,227,2.5
2015,3,14,7,30,70.4,0.19,4.9,167,169,223,0,25.6,87.37,1005,167,169,0,223,27.900000000000002,223,2.8000000000000003
2015,3,14,8,30,55.57,0.19,5.1000000000000005,264,345,458,0,25.1,77.88,1005,264,345,0,458,29.400000000000002,221,2.8000000000000003
2015,3,14,9,30,40.82,0.19,5.2,288,522,682,0,24.6,69.8,1005,288,522,0,682,30.8,220,2.6
2015,3,14,10,30,26.32,0.19,5.2,316,589,844,0,24.3,64.71000000000001,1005,316,589,0,844,31.8,217,2.2
2015,3,14,11,30,12.950000000000001,0.19,5.300000000000001,330,621,936,3,24.200000000000003,61.97,1004,515,54,0,567,32.4,213,2
2015,3,14,12,30,9.57,0.19,5.300000000000001,359,590,940,2,23.900000000000002,60.19,1003,595,118,0,711,32.6,208,2
2015,3,14,13,30,21.55,0.19,5.300000000000001,346,569,875,0,23.8,59.74,1002,346,569,0,875,32.6,204,2.2
2015,3,14,14,30,35.86,0.19,5.300000000000001,317,518,737,6,23.8,61.09,1002,119,0,0,119,32.2,204,2.5
2015,3,14,15,30,50.550000000000004,0.19,5.300000000000001,270,425,540,6,23.8,63.54,1002,277,22,0,291,31.6,206,2.8000000000000003
2015,3,14,16,30,65.37,0.19,5.300000000000001,196,268,308,7,24,67.92,1002,148,5,0,150,30.6,206,3
2015,3,14,17,30,80.2,0.19,5.300000000000001,72,46,80,6,24.6,75.61,1003,13,0,0,13,29.400000000000002,207,3
2015,3,14,18,30,95.2,0.19,5.300000000000001,0,0,0,6,25.400000000000002,83.38,1004,0,0,0,0,28.5,212,3
2015,3,14,19,30,110.12,0.19,5.300000000000001,0,0,0,6,25.5,86.54,1004,0,0,0,0,28,218,3.1
2015,3,14,20,30,125.05,0.19,5.300000000000001,0,0,0,6,25.700000000000003,88.93,1005,0,0,0,0,27.700000000000003,224,3.1
2015,3,14,21,30,139.97,0.19,5.4,0,0,0,7,25.8,90.67,1005,0,0,0,0,27.5,230,3.1
2015,3,14,22,30,154.85,0.19,5.4,0,0,0,7,25.900000000000002,92.22,1005,0,0,0,0,27.3,235,3.1
2015,3,14,23,30,169.5,0.19,5.4,0,0,0,7,25.900000000000002,93.43,1004,0,0,0,0,27.1,237,3.2
2015,3,15,0,30,174.02,0.19,5.4,0,0,0,7,26,94.55,1003,0,0,0,0,26.900000000000002,239,3.1
2015,3,15,1,30,159.77,0.19,5.4,0,0,0,8,25.900000000000002,95.08,1003,0,0,0,0,26.8,242,3.1
2015,3,15,2,30,144.93,0.19,5.4,0,0,0,7,25.900000000000002,95.94,1002,0,0,0,0,26.6,243,3.1
2015,3,15,3,30,130.02,0.19,5.4,0,0,0,1,25.8,96.23,1002,0,0,0,0,26.5,244,3
2015,3,15,4,30,115.09,0.19,5.4,0,0,0,0,25.8,95.93,1003,0,0,0,0,26.5,244,3
2015,3,15,5,30,100.16,0.19,5.5,0,0,0,1,25.700000000000003,94.93,1003,0,0,0,0,26.6,246,3.1
2015,3,15,6,30,85.08,0.19,5.5,19,3,20,7,25.700000000000003,92.31,1004,19,3,5,20,27.1,248,3.3000000000000003
2015,3,15,7,30,70.29,0.19,5.5,168,162,223,7,25.700000000000003,86.8,1005,190,27,7,199,28.1,250,3.7
2015,3,15,8,30,55.44,0.19,5.6000000000000005,273,319,454,7,25.200000000000003,79.14,1005,273,319,5,454,29.200000000000003,251,3.9000000000000004
2015,3,15,9,30,40.67,0.19,5.6000000000000005,353,402,658,0,24.8,73.17,1005,353,402,0,658,30.1,253,3.9000000000000004
2015,3,15,10,30,26.13,0.19,5.6000000000000005,418,434,808,7,24.6,70.06,1005,438,410,0,806,30.700000000000003,254,3.7
2015,3,15,11,30,12.65,0.19,5.6000000000000005,469,429,888,0,24.6,68.4,1004,469,429,0,888,31.1,253,3.5
2015,3,15,12,30,9.28,0.19,5.6000000000000005,445,471,910,7,24.6,67.76,1003,441,456,0,891,31.3,248,3.3000000000000003
2015,3,15,13,30,21.47,0.19,5.7,438,433,841,1,24.700000000000003,67.89,1003,438,433,0,841,31.3,243,3.2
2015,3,15,14,30,35.84,0.19,5.7,400,375,705,0,24.700000000000003,69.18,1003,400,375,0,705,31,239,3.1
2015,3,15,15,30,50.56,0.19,5.7,338,268,509,7,24.8,71.72,1003,338,268,5,509,30.5,232,2.9000000000000004
2015,3,15,16,30,65.39,0.19,5.7,224,142,283,0,25.3,77.12,1003,224,142,0,283,29.700000000000003,225,2.7
2015,3,15,17,30,80.23,0.19,5.7,60,13,62,8,26,85.09,1004,60,13,5,62,28.8,219,2.8000000000000003
2015,3,15,18,30,95.23,0.19,5.7,0,0,0,7,26.200000000000003,89.05,1005,0,0,0,0,28.200000000000003,217,2.9000000000000004
2015,3,15,19,30,110.16,0.19,5.6000000000000005,0,0,0,7,26.200000000000003,90.99,1006,0,0,0,0,27.8,219,3.1
2015,3,15,20,30,125.08,0.19,5.5,0,0,0,7,26.200000000000003,92.13,1006,0,0,0,0,27.6,220,3.3000000000000003
2015,3,15,21,30,140,0.19,5.4,0,0,0,7,26.3,93.46000000000001,1007,0,0,0,0,27.400000000000002,221,3.5
2015,3,15,22,30,154.86,0.19,5.2,0,0,0,7,26.200000000000003,94,1006,0,0,0,0,27.3,220,3.8000000000000003
2015,3,15,23,30,169.43,0.19,5.1000000000000005,0,0,0,6,26.200000000000003,94.98,1006,0,0,0,0,27.1,218,4.1000000000000005
2015,3,16,0,30,173.73,0.19,5.1000000000000005,0,0,0,6,26.200000000000003,95.28,1005,0,0,0,0,27,217,4.3
2015,3,16,1,30,159.63,0.19,5,0,0,0,9,26.1,95.95,1004,0,0,0,0,26.8,216,4.4
2015,3,16,2,30,144.81,0.19,5,0,0,0,6,26,95.86,1004,0,0,0,0,26.700000000000003,213,4.3
2015,3,16,3,30,129.91,0.19,5,0,0,0,6,25.8,95.53,1004,0,0,0,0,26.6,206,3.9000000000000004
2015,3,16,4,30,114.98,0.19,5.1000000000000005,0,0,0,6,25.700000000000003,95.22,1005,0,0,0,0,26.5,196,3.5
2015,3,16,5,30,100.05,0.19,5.1000000000000005,0,0,0,6,25.5,94.42,1006,0,0,0,0,26.5,190,3.3000000000000003
2015,3,16,6,30,84.97,0.19,5.2,16,1,17,9,25.5,92.09,1007,3,0,7,3,26.900000000000002,190,3.3000000000000003
2015,3,16,7,30,70.17,0.19,5.2,175,116,215,6,25.5,88.84,1007,36,0,0,36,27.5,196,3.5
2015,3,16,8,30,55.32,0.19,5.2,297,261,446,6,25.200000000000003,84.25,1007,247,14,0,255,28.1,205,3.6
2015,3,16,9,30,40.53,0.19,5.2,384,350,650,6,24.8,78.86,1007,288,6,0,292,28.8,212,3.5
2015,3,16,10,30,25.95,0.19,5.2,454,384,799,6,24.3,74.26,1006,389,8,0,396,29.400000000000002,217,3.4000000000000004
2015,3,16,11,30,12.36,0.19,5.2,503,385,880,6,24,70.58,1005,536,55,0,589,29.900000000000002,218,3.2
2015,3,16,12,30,8.99,0.19,5.300000000000001,530,358,884,6,23.8,67.72,1004,583,98,0,680,30.400000000000002,215,3
2015,3,16,13,30,21.39,0.19,5.4,523,311,812,6,23.700000000000003,66.99,1004,593,82,0,669,30.5,211,2.8000000000000003
2015,3,16,14,30,35.82,0.19,5.4,477,241,672,7,23.6,67.1,1004,531,90,0,603,30.400000000000002,207,2.7
2015,3,16,15,30,50.57,0.19,5.5,382,147,475,7,23.6,68.15,1004,382,147,5,475,30.1,206,2.6
2015,3,16,16,30,65.41,0.19,5.5,222,47,242,7,23.700000000000003,71.60000000000001,1005,222,47,5,242,29.400000000000002,207,2.4000000000000004
2015,3,16,17,30,80.26,0.19,5.5,27,1,27,6,24.5,79.57000000000001,1005,27,1,5,27,28.400000000000002,208,2.1
2015,3,16,18,30,95.26,0.19,5.5,0,0,0,7,25,84.68,1006,0,0,0,0,27.8,208,2
2015,3,16,19,30,110.19,0.19,5.4,0,0,0,7,25.1,86.11,1007,0,0,0,0,27.6,208,2
2015,3,16,20,30,125.11,0.19,5.4,0,0,0,7,25.200000000000003,87.68,1007,0,0,0,0,27.400000000000002,209,2
2015,3,16,21,30,140.02,0.19,5.4,0,0,0,7,25.3,89.34,1007,0,0,0,0,27.200000000000003,210,2.1
2015,3,16,22,30,154.86,0.19,5.4,0,0,0,7,25.400000000000002,91.13,1007,0,0,0,0,27,211,2.1
2015,3,16,23,30,169.35,0.19,5.300000000000001,0,0,0,7,25.5,92.67,1007,0,0,0,0,26.8,215,2.1
2015,3,17,0,30,173.44,0.19,5.300000000000001,0,0,0,8,25.5,93.84,1006,0,0,0,0,26.6,220,2.2
2015,3,17,1,30,159.48,0.19,5.300000000000001,0,0,0,7,25.5,95.01,1005,0,0,0,0,26.400000000000002,225,2.4000000000000004
2015,3,17,2,30,144.69,0.19,5.2,0,0,0,0,25.6,96.23,1004,0,0,0,0,26.200000000000003,230,2.4000000000000004
2015,3,17,3,30,129.8,0.19,5.2,0,0,0,7,25.6,96.84,1004,0,0,0,0,26.1,231,2.4000000000000004
2015,3,17,4,30,114.87,0.19,5.1000000000000005,0,0,0,7,25.5,97.24000000000001,1005,0,0,0,0,26,229,2.2
2015,3,17,5,30,99.94,0.19,5.1000000000000005,0,0,0,7,25.5,96.33,1006,0,0,0,0,26.1,226,2.1
2015,3,17,6,30,84.86,0.19,5.1000000000000005,1,0,1,7,25.5,94.51,1007,1,0,5,1,26.5,224,2.3000000000000003
2015,3,17,7,30,70.06,0.19,5.2,137,10,140,0,25.700000000000003,90.86,1007,137,10,0,140,27.3,223,2.5
2015,3,17,8,30,55.19,0.19,5.2,340,74,383,0,25.5,85.57000000000001,1007,340,74,0,383,28.200000000000003,223,2.7
2015,3,17,9,30,40.39,0.19,5.300000000000001,475,161,598,0,25.200000000000003,79.5,1007,475,161,0,598,29.1,222,2.8000000000000003
2015,3,17,10,30,25.77,0.19,5.4,547,235,759,1,24.900000000000002,75.64,1007,547,235,0,759,29.700000000000003,220,2.9000000000000004
2015,3,17,11,30,12.06,0.19,5.5,573,284,851,0,24.8,73.62,1006,573,284,0,851,30,217,2.9000000000000004
2015,3,17,12,30,8.700000000000001,0.19,5.6000000000000005,515,376,887,0,24.700000000000003,72.43,1005,515,376,0,887,30.200000000000003,214,3
2015,3,17,13,30,21.32,0.19,5.6000000000000005,485,365,825,3,24.6,72.55,1004,529,37,0,564,30.1,210,3
2015,3,17,14,30,35.81,0.19,5.6000000000000005,433,319,692,3,24.6,73.67,1004,305,1,0,305,29.8,207,3.1
2015,3,17,15,30,50.58,0.19,5.6000000000000005,361,209,494,0,24.700000000000003,76.15,1004,361,209,0,494,29.3,205,3.1
2015,3,17,16,30,65.43,0.19,5.6000000000000005,228,93,267,0,24.900000000000002,80.43,1004,228,93,0,267,28.6,203,3
2015,3,17,17,30,80.28,0.19,5.6000000000000005,46,4,46,0,25.3,86.53,1005,46,4,0,46,27.8,202,2.8000000000000003
2015,3,17,18,30,95.29,0.19,5.6000000000000005,0,0,0,0,25.6,90.24,1006,0,0,0,0,27.3,201,2.7
2015,3,17,19,30,110.22,0.19,5.6000000000000005,0,0,0,0,25.6,91.43,1006,0,0,0,0,27.1,202,2.7
2015,3,17,20,30,125.14,0.19,5.6000000000000005,0,0,0,0,25.6,92.71000000000001,1007,0,0,0,0,26.900000000000002,206,2.6
2015,3,17,21,30,140.04,0.19,5.6000000000000005,0,0,0,7,25.6,93.24,1007,0,0,0,0,26.8,211,2.4000000000000004
2015,3,17,22,30,154.86,0.19,5.6000000000000005,0,0,0,7,25.6,94.23,1007,0,0,0,0,26.6,216,2.4000000000000004
2015,3,17,23,30,169.25,0.19,5.6000000000000005,0,0,0,7,25.6,94.60000000000001,1007,0,0,0,0,26.5,222,2.3000000000000003
2015,3,18,0,30,173.13,0.19,5.6000000000000005,0,0,0,7,25.5,95.36,1006,0,0,0,0,26.3,227,2.3000000000000003
2015,3,18,1,30,159.33,0.19,5.5,0,0,0,6,25.400000000000002,95.43,1005,0,0,0,0,26.200000000000003,231,2.2
2015,3,18,2,30,144.57,0.19,5.4,0,0,0,6,25.3,96.06,1005,0,0,0,0,26,234,2.2
2015,3,18,3,30,129.68,0.19,5.4,0,0,0,6,25.200000000000003,96.06,1005,0,0,0,0,25.900000000000002,238,2.2
2015,3,18,4,30,114.76,0.19,5.300000000000001,0,0,0,6,25.1,96.5,1005,0,0,0,0,25.700000000000003,243,2.3000000000000003
2015,3,18,5,30,99.83,0.19,5.2,0,0,0,6,25,95.34,1006,0,0,0,0,25.8,246,2.4000000000000004
2015,3,18,6,30,84.75,0.19,5.2,14,1,14,7,25,92.82000000000001,1006,7,0,7,7,26.3,249,2.7
2015,3,18,7,30,69.94,0.19,5.2,177,122,219,7,25.1,88.67,1006,14,0,0,14,27.1,249,2.9000000000000004
2015,3,18,8,30,55.07,0.19,5.2,283,302,457,7,24.5,80,1006,173,4,0,176,28.3,246,3
2015,3,18,9,30,40.25,0.19,5.1000000000000005,351,412,666,7,23.6,70.57000000000001,1006,315,13,0,325,29.5,243,2.8000000000000003
2015,3,18,10,30,25.59,0.19,5.1000000000000005,412,449,817,7,23.1,64.51,1005,517,152,0,654,30.5,239,2.4000000000000004
2015,3,18,11,30,11.78,0.19,5.1000000000000005,470,432,893,7,22.900000000000002,61.29,1005,572,173,0,741,31.200000000000003,233,2
2015,3,18,12,30,8.43,0.19,5,507,392,895,7,22.8,59.96,1004,596,95,0,690,31.5,226,1.6
2015,3,18,13,30,21.27,0.19,5,513,328,819,7,22.700000000000003,59.19,1003,562,73,0,630,31.6,217,1.5
2015,3,18,14,30,35.800000000000004,0.19,5,471,256,678,7,22.6,59.46,1003,477,49,0,517,31.5,206,1.5
2015,3,18,15,30,50.59,0.19,5,372,185,489,7,22.700000000000003,61.4,1002,372,185,5,489,31,195,1.6
2015,3,18,16,30,65.46000000000001,0.19,5,228,74,259,7,23.1,66.21000000000001,1003,214,6,0,216,30.1,190,1.9000000000000001
2015,3,18,17,30,80.32000000000001,0.19,5,40,2,40,7,24.1,75.57000000000001,1003,40,2,5,40,28.900000000000002,190,2.3000000000000003
2015,3,18,18,30,95.33,0.19,5.1000000000000005,0,0,0,7,24.900000000000002,83.14,1004,0,0,0,0,28,193,2.6
2015,3,18,19,30,110.26,0.19,5.1000000000000005,0,0,0,7,25.1,86.22,1005,0,0,0,0,27.6,199,2.7
2015,3,18,20,30,125.17,0.19,5,0,0,0,7,25.3,89.31,1005,0,0,0,0,27.200000000000003,207,2.7
2015,3,18,21,30,140.06,0.19,5,0,0,0,7,25.400000000000002,90.77,1005,0,0,0,0,27,216,2.6
2015,3,18,22,30,154.85,0.19,4.800000000000001,0,0,0,7,25.400000000000002,91.87,1005,0,0,0,0,26.8,223,2.5
2015,3,18,23,30,169.15,0.19,4.7,0,0,0,7,25.3,92.29,1004,0,0,0,0,26.700000000000003,229,2.5
2015,3,19,0,30,172.81,0.2,4.6000000000000005,0,0,0,1,25.3,93.34,1004,0,0,0,0,26.5,234,2.4000000000000004
2015,3,19,1,30,159.17000000000002,0.2,4.5,0,0,0,7,25.3,94.24,1003,0,0,0,0,26.3,239,2.2
2015,3,19,2,30,144.44,0.2,4.4,0,0,0,7,25.3,95.16,1003,0,0,0,0,26.1,240,2.1
2015,3,19,3,30,129.56,0.2,4.5,0,0,0,1,25.200000000000003,96.05,1002,0,0,0,0,25.900000000000002,238,2.1
2015,3,19,4,30,114.65,0.2,4.5,0,0,0,8,25.200000000000003,96.64,1003,0,0,0,0,25.8,237,2.2
2015,3,19,5,30,99.72,0.2,4.6000000000000005,0,0,0,0,25.200000000000003,96.08,1004,0,0,0,0,25.900000000000002,241,2.5
2015,3,19,6,30,84.64,0.2,4.6000000000000005,7,0,7,0,25.3,93.96000000000001,1005,7,0,0,7,26.400000000000002,247,2.9000000000000004
2015,3,19,7,30,69.83,0.2,4.6000000000000005,178,51,195,0,25.400000000000002,89.44,1005,178,51,0,195,27.3,251,3.2
2015,3,19,8,30,54.95,0.2,4.6000000000000005,333,171,431,0,24.900000000000002,81.52,1006,333,171,0,431,28.400000000000002,253,3.2
2015,3,19,9,30,40.11,0.2,4.5,408,318,651,0,24.1,71.8,1005,408,318,0,651,29.700000000000003,256,2.8000000000000003
2015,3,19,10,30,25.42,0.2,4.4,445,409,814,0,23.8,66.59,1005,445,409,0,814,30.700000000000003,261,2.3000000000000003
2015,3,19,11,30,11.5,0.2,4.3,455,464,909,0,23.700000000000003,63.31,1004,455,464,0,909,31.5,259,1.8
2015,3,19,12,30,8.17,0.2,4.3,489,426,910,0,23.3,59.56,1003,489,426,0,910,32.2,242,1.4000000000000001
2015,3,19,13,30,21.21,0.2,4.3,461,413,846,3,23,57.42,1002,636,96,0,725,32.5,216,1.4000000000000001
2015,3,19,14,30,35.800000000000004,0.2,4.4,412,366,709,0,22.900000000000002,57.39,1002,412,366,0,709,32.4,199,1.8
2015,3,19,15,30,50.61,0.2,4.5,339,276,514,7,23,59.57,1002,339,276,5,514,31.8,195,2.3000000000000003
2015,3,19,16,30,65.48,0.2,4.6000000000000005,225,140,283,7,23.3,64.83,1002,225,140,5,283,30.700000000000003,196,2.7
2015,3,19,17,30,80.35000000000001,0.2,4.7,57,10,59,3,24.3,75.51,1003,16,0,0,16,29.1,198,3
2015,3,19,18,30,95.36,0.2,4.800000000000001,0,0,0,0,24.900000000000002,82.87,1003,0,0,0,0,28.1,201,3.1
2015,3,19,19,30,110.29,0.2,4.800000000000001,0,0,0,7,25.1,86.33,1004,0,0,0,0,27.6,204,3.2
2015,3,19,20,30,125.2,0.2,4.9,0,0,0,6,25.400000000000002,89.75,1005,0,0,0,0,27.200000000000003,208,3.1
2015,3,19,21,30,140.08,0.2,4.9,0,0,0,7,25.5,91.74,1005,0,0,0,0,27,213,3
2015,3,19,22,30,154.84,0.2,5,0,0,0,7,25.700000000000003,93.49,1005,0,0,0,0,26.8,218,2.8000000000000003
2015,3,19,23,30,169.03,0.2,5,0,0,0,7,25.700000000000003,94.29,1004,0,0,0,0,26.700000000000003,220,2.7
2015,3,20,0,30,172.48,0.2,5,0,0,0,7,25.700000000000003,95.41,1004,0,0,0,0,26.5,220,2.7
2015,3,20,1,30,159,0.2,5,0,0,0,7,25.700000000000003,95.75,1003,0,0,0,0,26.400000000000002,219,2.7
2015,3,20,2,30,144.3,0.2,5,0,0,0,8,25.6,96.63,1003,0,0,0,0,26.200000000000003,217,2.7
2015,3,20,3,30,129.44,0.2,5,0,0,0,0,25.5,96.78,1003,0,0,0,0,26.1,215,2.8000000000000003
2015,3,20,4,30,114.54,0.2,5,0,0,0,0,25.5,96.9,1003,0,0,0,0,26,213,2.7
2015,3,20,5,30,99.61,0.2,5,0,0,0,0,25.400000000000002,96,1004,0,0,0,0,26.1,212,2.8000000000000003
2015,3,20,6,30,84.54,0.2,4.9,22,3,23,0,25.5,93.19,1004,22,3,0,23,26.700000000000003,212,3.1
2015,3,20,7,30,69.71000000000001,0.2,4.9,174,169,232,0,25.700000000000003,89.73,1005,174,169,0,232,27.5,213,3.4000000000000004
2015,3,20,8,30,54.82,0.2,4.9,267,354,471,0,25.5,84.2,1005,267,354,0,471,28.400000000000002,213,3.6
2015,3,20,9,30,39.97,0.2,4.9,320,473,683,0,25.200000000000003,78.48,1005,320,473,0,683,29.3,210,3.5
2015,3,20,10,30,25.25,0.2,5,349,545,843,0,25,74.68,1004,349,545,0,843,30,207,3.4000000000000004
2015,3,20,11,30,11.23,0.2,5.1000000000000005,361,583,933,0,24.900000000000002,72.92,1004,361,583,0,933,30.3,206,3.2
2015,3,20,12,30,7.930000000000001,0.2,5.300000000000001,473,437,906,0,24.8,72.52,1003,473,437,0,906,30.3,207,3
2015,3,20,13,30,21.17,0.2,5.4,448,421,841,0,24.8,72.45,1002,448,421,0,841,30.3,209,3
2015,3,20,14,30,35.800000000000004,0.2,5.5,401,374,705,0,24.8,73.37,1002,401,374,0,705,30.1,212,3
2015,3,20,15,30,50.63,0.2,5.5,329,289,512,0,24.900000000000002,75.27,1002,329,289,0,512,29.700000000000003,214,3
2015,3,20,16,30,65.51,0.2,5.5,222,148,283,7,25.1,79.31,1002,191,9,0,195,29,213,2.9000000000000004
2015,3,20,17,30,80.38,0.2,5.5,57,10,59,0,25.6,86.5,1003,57,10,0,59,28.1,212,2.6
2015,3,20,18,30,95.4,0.2,5.5,0,0,0,0,25.900000000000002,90.99,1004,0,0,0,0,27.5,211,2.6
2015,3,20,19,30,110.32000000000001,0.2,5.5,0,0,0,7,25.900000000000002,92.02,1004,0,0,0,0,27.3,212,2.6
2015,3,20,20,30,125.23,0.2,5.6000000000000005,0,0,0,6,25.900000000000002,93.24,1005,0,0,0,0,27.1,214,2.7
2015,3,20,21,30,140.09,0.2,5.6000000000000005,0,0,0,6,25.900000000000002,94.31,1005,0,0,0,0,26.900000000000002,217,2.7
2015,3,20,22,30,154.82,0.2,5.6000000000000005,0,0,0,7,25.900000000000002,94.75,1005,0,0,0,0,26.8,219,2.8000000000000003
2015,3,20,23,30,168.89000000000001,0.2,5.6000000000000005,0,0,0,7,25.900000000000002,95.18,1005,0,0,0,0,26.700000000000003,221,2.8000000000000003
2015,3,21,0,30,172.15,0.2,5.6000000000000005,0,0,0,6,25.8,96.05,1004,0,0,0,0,26.5,221,2.9000000000000004
2015,3,21,1,30,158.82,0.2,5.7,0,0,0,6,25.8,96.4,1004,0,0,0,0,26.400000000000002,219,2.9000000000000004
2015,3,21,2,30,144.16,0.2,5.7,0,0,0,6,25.700000000000003,96.19,1004,0,0,0,0,26.400000000000002,217,2.9000000000000004
2015,3,21,3,30,129.32,0.2,5.7,0,0,0,9,25.700000000000003,96.52,1004,0,0,0,0,26.3,217,2.8000000000000003
2015,3,21,4,30,114.42,0.2,5.7,0,0,0,6,25.6,96.16,1004,0,0,0,0,26.3,217,2.7
2015,3,21,5,30,99.5,0.2,5.7,0,0,0,6,25.6,95.35000000000001,1005,0,0,0,0,26.400000000000002,218,2.7
2015,3,21,6,30,84.42,0.2,5.7,25,4,25,7,25.700000000000003,93.75,1005,25,0,7,25,26.8,220,2.9000000000000004
2015,3,21,7,30,69.60000000000001,0.2,5.6000000000000005,173,190,239,7,25.900000000000002,92.15,1006,181,29,7,191,27.3,221,3
2015,3,21,8,30,54.7,0.2,5.6000000000000005,258,381,478,7,25.900000000000002,88.9,1006,338,222,0,467,27.900000000000002,222,3
2015,3,21,9,30,39.84,0.2,5.6000000000000005,300,512,693,8,25.6,84.41,1007,409,298,7,638,28.5,222,2.9000000000000004
2015,3,21,10,30,25.09,0.2,5.6000000000000005,317,595,855,7,25.3,80.3,1006,478,233,7,689,29,224,2.9000000000000004
2015,3,21,11,30,10.96,0.2,5.6000000000000005,310,649,947,8,25,78.26,1006,501,232,7,728,29.200000000000003,228,2.9000000000000004
2015,3,21,12,30,7.69,0.2,5.5,460,453,909,1,24.900000000000002,77.81,1005,460,453,0,909,29.200000000000003,230,3
2015,3,21,13,30,21.13,0.2,5.4,422,458,850,0,24.900000000000002,78.25,1004,422,458,0,850,29.1,231,3.1
2015,3,21,14,30,35.81,0.2,5.4,364,437,719,7,25,79.43,1004,364,437,5,719,28.900000000000002,230,3
2015,3,21,15,30,50.65,0.2,5.300000000000001,291,376,529,7,25.1,81.93,1004,291,376,5,529,28.5,228,2.9000000000000004
2015,3,21,16,30,65.54,0.2,5.300000000000001,199,248,302,7,25.400000000000002,85.67,1004,250,79,0,283,28,228,2.7
2015,3,21,17,30,80.41,0.2,5.4,70,44,77,7,25.8,91.35000000000001,1004,70,44,5,77,27.3,226,2.6
2015,3,21,18,30,95.43,0.2,5.5,0,0,0,7,25.8,93.61,1005,0,0,0,0,26.900000000000002,224,2.4000000000000004
2015,3,21,19,30,110.35000000000001,0.2,5.6000000000000005,0,0,0,8,25.8,94.04,1006,0,0,0,0,26.8,223,2.3000000000000003
2015,3,21,20,30,125.25,0.2,5.7,0,0,0,7,25.8,95.15,1007,0,0,0,0,26.6,225,2.1
2015,3,21,21,30,140.1,0.2,5.7,0,0,0,7,25.700000000000003,95.27,1007,0,0,0,0,26.5,225,1.7000000000000002
2015,3,21,22,30,154.8,0.2,5.7,0,0,0,6,25.5,94.29,1007,0,0,0,0,26.5,223,1.2000000000000002
2015,3,21,23,30,168.75,0.2,5.7,0,0,0,9,25.3,93.51,1007,0,0,0,0,26.400000000000002,218,0.8
2015,3,22,0,30,171.81,0.2,5.7,0,0,0,6,25.1,93.65,1006,0,0,0,0,26.200000000000003,182,0.4
2015,3,22,1,30,158.64000000000001,0.2,5.7,0,0,0,7,25,94.19,1006,0,0,0,0,26,137,0.5
2015,3,22,2,30,144.02,0.2,5.6000000000000005,0,0,0,7,24.900000000000002,94.18,1005,0,0,0,0,25.900000000000002,143,0.6000000000000001
2015,3,22,3,30,129.2,0.2,5.6000000000000005,0,0,0,7,24.8,94.25,1005,0,0,0,0,25.8,189,0.8
2015,3,22,4,30,114.3,0.2,5.6000000000000005,0,0,0,8,24.8,94.53,1005,0,0,0,0,25.700000000000003,219,1.2000000000000002
2015,3,22,5,30,99.38,0.2,5.6000000000000005,0,0,0,7,24.8,94.65,1006,0,0,0,0,25.700000000000003,226,1.4000000000000001
2015,3,22,6,30,84.31,0.2,5.6000000000000005,30,8,31,7,25,93.05,1006,21,0,7,21,26.200000000000003,227,1.6
2015,3,22,7,30,69.48,0.2,5.6000000000000005,167,213,241,7,25.200000000000003,90.54,1007,72,1,0,72,26.900000000000002,223,1.7000000000000002
2015,3,22,8,30,54.58,0.2,5.6000000000000005,247,399,479,7,25.200000000000003,86.21000000000001,1008,262,28,0,279,27.700000000000003,218,1.6
2015,3,22,9,30,39.71,0.2,5.7,294,515,690,8,24.900000000000002,80.29,1008,415,115,0,504,28.6,213,1.5
2015,3,22,10,30,24.93,0.2,5.7,322,581,849,7,24.6,75.42,1007,474,107,0,571,29.400000000000002,209,1.4000000000000001
2015,3,22,11,30,10.700000000000001,0.2,5.7,337,611,937,7,24.400000000000002,72.39,1006,533,179,0,708,29.900000000000002,205,1.4000000000000001
2015,3,22,12,30,7.47,0.2,5.800000000000001,232,762,988,7,24.3,70.63,1005,224,1,7,225,30.200000000000003,201,1.4000000000000001
2015,3,22,13,30,21.11,0.2,5.800000000000001,228,738,917,8,24.200000000000003,70,1005,463,164,0,616,30.3,195,1.5
2015,3,22,14,30,35.82,0.2,5.9,219,681,771,7,24.200000000000003,71.01,1004,402,134,0,511,30,192,1.7000000000000002
2015,3,22,15,30,50.68,0.2,5.9,211,552,561,7,24.3,73.63,1004,292,50,0,324,29.5,193,2.2
2015,3,22,16,30,65.58,0.2,5.9,169,364,319,7,24.700000000000003,78.48,1005,231,109,0,276,28.8,196,2.6
2015,3,22,17,30,80.45,0.2,5.9,71,79,84,7,25.1,85.45,1005,74,4,7,74,27.8,197,2.9000000000000004
2015,3,22,18,30,95.46000000000001,0.2,5.800000000000001,0,0,0,7,25.3,89.53,1006,0,0,0,0,27.200000000000003,200,3.2
2015,3,22,19,30,110.38,0.2,5.7,0,0,0,7,25.400000000000002,90.73,1006,0,0,0,0,27,206,3.4000000000000004
2015,3,22,20,30,125.28,0.2,5.6000000000000005,0,0,0,6,25.400000000000002,92.69,1007,0,0,0,0,26.700000000000003,213,3.4000000000000004
2015,3,22,21,30,140.11,0.2,5.4,0,0,0,7,25.400000000000002,93.91,1007,0,0,0,0,26.5,220,3.2
2015,3,22,22,30,154.77,0.2,5.2,0,0,0,1,25.400000000000002,94.22,1006,0,0,0,0,26.400000000000002,226,3.1
2015,3,22,23,30,168.59,0.2,5,0,0,0,8,25.3,95.06,1006,0,0,0,0,26.200000000000003,233,3
2015,3,23,0,30,171.46,0.2,4.9,0,0,0,8,25.3,95.78,1005,0,0,0,0,26,240,2.8000000000000003
2015,3,23,1,30,158.45000000000002,0.2,4.800000000000001,0,0,0,1,25.200000000000003,95.87,1004,0,0,0,0,25.900000000000002,249,2.6
2015,3,23,2,30,143.88,0.2,4.800000000000001,0,0,0,8,25.1,96.52,1004,0,0,0,0,25.700000000000003,254,2.4000000000000004
2015,3,23,3,30,129.07,0.2,4.9,0,0,0,7,25,96.61,1004,0,0,0,0,25.6,255,2.1
2015,3,23,4,30,114.19,0.2,4.9,0,0,0,0,24.900000000000002,96.7,1005,0,0,0,0,25.5,253,1.9000000000000001
2015,3,23,5,30,99.27,0.2,5,0,0,0,8,24.8,95.38,1006,0,0,0,0,25.6,251,1.8
2015,3,23,6,30,84.2,0.2,5,19,1,19,3,25,92.87,1007,19,1,5,19,26.200000000000003,248,2
2015,3,23,7,30,69.37,0.2,4.9,183,127,228,0,25.1,88.31,1007,183,127,0,228,27.200000000000003,244,2.2
2015,3,23,8,30,54.47,0.2,4.9,289,303,465,0,24.900000000000002,81.83,1007,289,303,0,465,28.3,239,2.2
2015,3,23,9,30,39.58,0.2,5,455,228,630,7,24.6,75.73,1007,455,228,5,630,29.3,237,2.2
2015,3,23,10,30,24.78,0.2,5,518,294,785,0,24.5,72.02,1007,518,294,0,785,30.1,236,2
2015,3,23,11,30,10.46,0.2,5.1000000000000005,548,329,871,7,24.6,70.25,1006,548,322,0,864,30.6,236,2
2015,3,23,12,30,7.2700000000000005,0.2,5.1000000000000005,530,362,889,7,24.5,68.65,1005,531,356,0,885,30.900000000000002,234,2.1
2015,3,23,13,30,21.09,0.2,5.1000000000000005,505,340,822,7,24.400000000000002,68.22,1004,505,340,5,822,30.900000000000002,233,2.2
2015,3,23,14,30,35.84,0.2,5.2,450,290,685,0,24.400000000000002,68.60000000000001,1004,450,290,0,685,30.8,229,2.3000000000000003
2015,3,23,15,30,50.71,0.2,5.2,362,206,492,0,24.400000000000002,70.32000000000001,1003,362,206,0,492,30.400000000000002,224,2.5
2015,3,23,16,30,65.61,0.2,5.300000000000001,227,91,264,0,24.700000000000003,75.06,1004,227,91,0,264,29.6,218,2.7
2015,3,23,17,30,80.48,0.2,5.300000000000001,44,3,44,0,25.200000000000003,82.13,1004,44,3,0,44,28.6,215,2.8000000000000003
2015,3,23,18,30,95.5,0.2,5.4,0,0,0,7,25.6,87.25,1005,0,0,0,0,27.900000000000002,214,2.9000000000000004
2015,3,23,19,30,110.41,0.2,5.5,0,0,0,7,25.700000000000003,89.60000000000001,1006,0,0,0,0,27.6,214,3
2015,3,23,20,30,125.3,0.2,5.5,0,0,0,0,25.900000000000002,92.16,1007,0,0,0,0,27.3,215,3
2015,3,23,21,30,140.11,0.2,5.5,0,0,0,0,26,93.89,1007,0,0,0,0,27.1,219,2.9000000000000004
2015,3,23,22,30,154.74,0.2,5.5,0,0,0,0,26.1,94.61,1007,0,0,0,0,27,225,2.9000000000000004
2015,3,23,23,30,168.42000000000002,0.2,5.5,0,0,0,0,26,95.63,1007,0,0,0,0,26.8,231,2.9000000000000004
2015,3,24,0,30,171.11,0.2,5.6000000000000005,0,0,0,0,26,95.94,1006,0,0,0,0,26.700000000000003,237,3
2015,3,24,1,30,158.26,0.2,5.6000000000000005,0,0,0,0,25.900000000000002,96.13,1005,0,0,0,0,26.6,240,2.9000000000000004
2015,3,24,2,30,143.73,0.2,5.6000000000000005,0,0,0,0,25.900000000000002,96.26,1005,0,0,0,0,26.5,241,2.8000000000000003
2015,3,24,3,30,128.94,0.2,5.6000000000000005,0,0,0,0,25.8,96.34,1005,0,0,0,0,26.400000000000002,239,2.7
2015,3,24,4,30,114.07000000000001,0.2,5.5,0,0,0,0,25.700000000000003,96.39,1005,0,0,0,0,26.3,236,2.6
2015,3,24,5,30,99.16,0.2,5.5,0,0,0,0,25.6,96.07000000000001,1006,0,0,0,0,26.3,233,2.5
2015,3,24,6,30,84.09,0.2,5.4,16,1,16,0,25.700000000000003,94.63,1006,16,1,0,16,26.6,232,2.7
2015,3,24,7,30,69.26,0.2,5.300000000000001,186,95,220,0,25.8,92.47,1006,186,95,0,220,27.1,233,3.2
2015,3,24,8,30,54.35,0.2,5.2,308,254,456,0,25.700000000000003,87.65,1006,308,254,0,456,27.900000000000002,235,3.7
2015,3,24,9,30,39.45,0.2,5.1000000000000005,374,381,667,0,25.3,81.45,1006,374,381,0,667,28.8,236,4.1000000000000005
2015,3,24,10,30,24.63,0.2,5,407,462,827,0,24.900000000000002,76.35000000000001,1005,407,462,0,827,29.5,235,4.1000000000000005
2015,3,24,11,30,10.22,0.2,4.9,424,500,916,0,24.700000000000003,73.36,1005,424,500,0,916,30,231,4
2015,3,24,12,30,7.09,0.2,4.800000000000001,257,732,983,0,24.700000000000003,72.03,1004,257,732,0,983,30.3,226,4
2015,3,24,13,30,21.07,0.2,4.800000000000001,253,706,912,0,24.700000000000003,72.11,1003,253,706,0,912,30.3,222,4
2015,3,24,14,30,35.86,0.2,4.9,240,648,765,0,24.8,73.7,1003,240,648,0,765,30,219,4
2015,3,24,15,30,50.74,0.2,5,280,400,533,0,24.900000000000002,76.32000000000001,1003,280,400,0,533,29.5,217,4.1000000000000005
2015,3,24,16,30,65.65,0.2,5.2,200,239,299,0,25.200000000000003,80.86,1003,200,239,0,299,28.8,216,3.8000000000000003
2015,3,24,17,30,80.52,0.2,5.4,67,37,73,0,25.700000000000003,86.74,1004,67,37,0,73,28.1,217,3.6
2015,3,24,18,30,95.53,0.2,5.5,0,0,0,0,25.900000000000002,89.95,1005,0,0,0,0,27.700000000000003,220,3.5
2015,3,24,19,30,110.44,0.2,5.6000000000000005,0,0,0,0,26,91.51,1006,0,0,0,0,27.5,224,3.5
2015,3,24,20,30,125.32000000000001,0.2,5.6000000000000005,0,0,0,7,26,92.8,1006,0,0,0,0,27.3,229,3.4000000000000004
2015,3,24,21,30,140.12,0.2,5.6000000000000005,0,0,0,7,26,93.37,1006,0,0,0,0,27.200000000000003,233,3.2
2015,3,24,22,30,154.70000000000002,0.2,5.5,0,0,0,7,26,94.33,1006,0,0,0,0,27,237,3.1
2015,3,24,23,30,168.24,0.2,5.4,0,0,0,7,25.900000000000002,95.04,1005,0,0,0,0,26.8,239,3
2015,3,25,0,30,170.76,0.2,5.4,0,0,0,7,25.900000000000002,96.01,1005,0,0,0,0,26.6,238,3
2015,3,25,1,30,158.06,0.2,5.4,0,0,0,7,25.900000000000002,96.82000000000001,1004,0,0,0,0,26.400000000000002,237,3
2015,3,25,2,30,143.58,0.2,5.4,0,0,0,7,25.8,97.03,1004,0,0,0,0,26.3,237,2.9000000000000004
2015,3,25,3,30,128.81,0.2,5.4,0,0,0,6,25.700000000000003,97.08,1004,0,0,0,0,26.200000000000003,236,2.8000000000000003
2015,3,25,4,30,113.94,0.2,5.4,0,0,0,7,25.6,97.13,1005,0,0,0,0,26.1,235,2.7
2015,3,25,5,30,99.04,0.2,5.5,0,0,0,7,25.5,95.76,1005,0,0,0,0,26.200000000000003,231,2.7
2015,3,25,6,30,83.98,0.2,5.5,41,48,47,7,25.6,94.07000000000001,1006,29,0,7,29,26.6,226,2.8000000000000003
2015,3,25,7,30,69.14,0.2,5.6000000000000005,139,365,270,9,25.700000000000003,91.66,1006,6,0,0,6,27.200000000000003,224,3
2015,3,25,8,30,54.230000000000004,0.2,5.6000000000000005,188,559,514,1,25.700000000000003,89.13,1007,188,559,0,514,27.700000000000003,226,3.3000000000000003
2015,3,25,9,30,39.33,0.2,5.6000000000000005,217,663,730,1,25.5,84.95,1007,217,663,0,730,28.3,230,3.7
2015,3,25,10,30,24.490000000000002,0.2,5.6000000000000005,238,715,889,9,25.400000000000002,82.22,1007,75,0,0,75,28.700000000000003,233,3.9000000000000004
2015,3,25,11,30,9.99,0.2,5.6000000000000005,251,736,976,6,25.3,80.81,1006,274,2,0,276,28.900000000000002,236,4
2015,3,25,12,30,6.92,0.2,5.7,257,732,983,7,25.1,80.19,1005,459,246,0,703,28.900000000000002,237,3.9000000000000004
2015,3,25,13,30,21.07,0.2,5.7,253,706,911,6,25,80,1005,480,56,0,532,28.8,237,3.8000000000000003
2015,3,25,14,30,35.88,0.2,5.800000000000001,236,655,767,6,24.900000000000002,80.83,1005,381,57,0,427,28.5,236,3.6
2015,3,25,15,30,50.77,0.2,5.9,205,562,561,7,24.900000000000002,83.44,1005,310,208,0,442,28,233,3.4000000000000004
2015,3,25,16,30,65.68,0.2,5.9,157,401,322,7,25.200000000000003,87.7,1005,225,126,0,277,27.400000000000002,230,3.2
2015,3,25,17,30,80.56,0.2,6,70,118,89,6,25.5,91.83,1006,14,0,0,14,26.900000000000002,229,3
2015,3,25,18,30,95.57000000000001,0.2,6,0,0,0,7,25.5,94.08,1007,0,0,0,0,26.5,230,3
2015,3,25,19,30,110.47,0.2,5.9,0,0,0,7,25.400000000000002,94.47,1007,0,0,0,0,26.400000000000002,233,3.1
2015,3,25,20,30,125.34,0.2,5.800000000000001,0,0,0,7,25.400000000000002,94.82000000000001,1008,0,0,0,0,26.3,238,3.1
2015,3,25,21,30,140.12,0.2,5.7,0,0,0,8,25.400000000000002,95.11,1008,0,0,0,0,26.200000000000003,241,3.1
2015,3,25,22,30,154.66,0.2,5.6000000000000005,0,0,0,7,25.3,94.93,1008,0,0,0,0,26.200000000000003,243,3.2
2015,3,25,23,30,168.06,0.2,5.6000000000000005,0,0,0,7,25.3,95.33,1008,0,0,0,0,26.1,245,3.3000000000000003
2015,3,26,0,30,170.4,0.2,5.5,0,0,0,7,25.3,95.75,1007,0,0,0,0,26,246,3.3000000000000003
2015,3,26,1,30,157.85,0.2,5.4,0,0,0,7,25.200000000000003,96.72,1006,0,0,0,0,25.8,247,3.1
2015,3,26,2,30,143.42000000000002,0.2,5.300000000000001,0,0,0,0,25.200000000000003,97.07000000000001,1006,0,0,0,0,25.700000000000003,246,3.1
2015,3,26,3,30,128.67000000000002,0.2,5.300000000000001,0,0,0,0,25.1,96.77,1006,0,0,0,0,25.700000000000003,244,3.1
2015,3,26,4,30,113.82000000000001,0.2,5.2,0,0,0,7,25,96.78,1006,0,0,0,0,25.6,241,3
2015,3,26,5,30,98.92,0.2,5.2,0,0,0,7,24.900000000000002,95.45,1007,0,0,0,0,25.700000000000003,237,3
2015,3,26,6,30,83.87,0.2,5.2,41,113,53,7,25,93.42,1008,42,2,7,42,26.1,232,3
2015,3,26,7,30,69.03,0.2,5.2,112,471,281,7,25.1,90.72,1009,177,226,7,258,26.700000000000003,228,3.1
2015,3,26,8,30,54.120000000000005,0.2,5.2,149,648,528,0,24.900000000000002,86.52,1009,149,648,0,528,27.3,224,3
2015,3,26,9,30,39.21,0.2,5.2,255,585,708,7,24.3,79.66,1009,255,585,5,708,28.200000000000003,222,3
2015,3,26,10,30,24.35,0.2,5.300000000000001,275,650,867,7,23.8,73.44,1009,317,593,0,857,29,220,2.8000000000000003
2015,3,26,11,30,9.77,0.2,5.4,283,681,955,7,23.5,69.61,1008,272,661,0,924,29.6,219,2.6
2015,3,26,12,30,6.7700000000000005,0.2,5.4,276,696,967,7,23.3,67.35,1007,433,433,7,864,30,218,2.3000000000000003
2015,3,26,13,30,21.07,0.2,5.5,268,676,899,8,23.200000000000003,66.75,1007,414,447,7,831,30.1,216,2.1
2015,3,26,14,30,35.910000000000004,0.2,5.6000000000000005,249,624,755,0,23.3,67.74,1006,249,624,0,755,29.900000000000002,213,2
2015,3,26,15,30,50.81,0.2,5.7,216,533,553,0,23.5,69.62,1006,216,533,0,553,29.6,212,2
2015,3,26,16,30,65.72,0.2,5.7,163,372,316,0,23.900000000000002,73.65,1007,163,372,0,316,29.1,210,2
2015,3,26,17,30,80.59,0.2,5.7,69,99,85,0,24.5,79.68,1007,69,99,0,85,28.3,207,2
2015,3,26,18,30,95.60000000000001,0.2,5.7,0,0,0,0,25,85.58,1008,0,0,0,0,27.6,207,2.1
2015,3,26,19,30,110.5,0.2,5.7,0,0,0,0,25,87.31,1009,0,0,0,0,27.3,210,2.4000000000000004
2015,3,26,20,30,125.35000000000001,0.2,5.7,0,0,0,3,25.1,88.74,1009,0,0,0,0,27.1,217,2.6
2015,3,26,21,30,140.11,0.2,5.7,0,0,0,4,25.200000000000003,90.44,1010,0,0,0,0,26.900000000000002,225,2.8000000000000003
2015,3,26,22,30,154.61,0.2,5.6000000000000005,0,0,0,5,25.3,92.01,1009,0,0,0,0,26.700000000000003,234,3.1
2015,3,26,23,30,167.86,0.2,5.6000000000000005,0,0,0,8,25.400000000000002,93.02,1009,0,0,0,0,26.6,243,3.3000000000000003
2015,3,27,0,30,170.04,0.2,5.5,0,0,0,8,25.400000000000002,94.3,1008,0,0,0,0,26.400000000000002,251,3.6
2015,3,27,1,30,157.64000000000001,0.2,5.5,0,0,0,0,25.400000000000002,94.98,1008,0,0,0,0,26.3,257,3.6
2015,3,27,2,30,143.26,0.2,5.4,0,0,0,8,25.400000000000002,95.9,1007,0,0,0,0,26.1,260,3.6
2015,3,27,3,30,128.54,0.2,5.4,0,0,0,1,25.3,96.15,1008,0,0,0,0,26,261,3.5
2015,3,27,4,30,113.7,0.2,5.4,0,0,0,0,25.200000000000003,96.53,1008,0,0,0,0,25.8,261,3.3000000000000003
2015,3,27,5,30,98.81,0.2,5.4,0,0,0,7,25,95.64,1009,0,0,0,0,25.8,261,3.1
2015,3,27,6,30,83.76,0.2,5.300000000000001,42,66,49,8,25,93.38,1009,34,0,7,34,26.200000000000003,260,3.1
2015,3,27,7,30,68.92,0.2,5.4,132,387,272,7,25.200000000000003,90.73,1010,132,387,5,272,26.8,257,3.3000000000000003
2015,3,27,8,30,54.01,0.2,5.4,179,574,516,7,25,86.36,1010,279,323,0,469,27.5,255,3.4000000000000004
2015,3,27,9,30,39.1,0.2,5.4,206,677,731,7,24.700000000000003,81.48,1010,373,292,0,600,28.200000000000003,252,3.3000000000000003
2015,3,27,10,30,24.22,0.2,5.5,221,733,890,7,24.6,77.61,1010,433,306,0,712,28.900000000000002,248,3.1
2015,3,27,11,30,9.57,0.2,5.6000000000000005,228,761,978,7,24.6,75.67,1009,393,462,0,849,29.3,243,2.9000000000000004
2015,3,27,12,30,6.65,0.2,5.7,189,820,1003,7,24.5,73.9,1008,402,425,0,824,29.700000000000003,238,2.8000000000000003
2015,3,27,13,30,21.080000000000002,0.2,5.800000000000001,184,801,931,7,24.6,73.53,1008,180,795,0,922,29.8,233,2.6
2015,3,27,14,30,35.94,0.2,5.9,175,753,784,0,24.6,74.12,1007,175,753,0,784,29.700000000000003,228,2.5
2015,3,27,15,30,50.85,0.2,5.9,184,606,567,0,24.6,75.92,1007,184,606,1,567,29.3,224,2.5
2015,3,27,16,30,65.76,0.2,6,143,447,326,0,25,80.86,1008,143,447,0,326,28.6,221,2.6
2015,3,27,17,30,80.63,0.2,6,67,150,92,7,25.3,86.4,1008,59,3,7,59,27.8,218,2.7
2015,3,27,18,30,95.64,0.2,6,0,0,0,7,25.6,90.24,1009,0,0,0,0,27.3,218,2.8000000000000003
2015,3,27,19,30,110.53,0.2,6.1000000000000005,0,0,0,7,25.5,91.53,1010,0,0,0,0,27,220,2.8000000000000003
2015,3,27,20,30,125.37,0.2,6.1000000000000005,0,0,0,7,25.5,92.58,1011,0,0,0,0,26.8,222,2.9000000000000004
2015,3,27,21,30,140.1,0.2,6.1000000000000005,0,0,0,7,25.5,93.63,1011,0,0,0,0,26.6,224,2.8000000000000003
2015,3,27,22,30,154.55,0.2,6.1000000000000005,0,0,0,7,25.5,94.13,1011,0,0,0,0,26.5,227,2.8000000000000003
2015,3,27,23,30,167.65,0.2,6,0,0,0,7,25.400000000000002,95.04,1010,0,0,0,0,26.3,230,2.7
2015,3,28,0,30,169.68,0.2,5.9,0,0,0,6,25.400000000000002,95.31,1009,0,0,0,0,26.200000000000003,233,2.7
2015,3,28,1,30,157.43,0.2,5.800000000000001,0,0,0,6,25.3,95.45,1008,0,0,0,0,26.1,235,2.7
2015,3,28,2,30,143.1,0.2,5.7,0,0,0,7,25.200000000000003,95.60000000000001,1008,0,0,0,0,26,234,2.8000000000000003
2015,3,28,3,30,128.4,0.2,5.5,0,0,0,7,25.200000000000003,95.68,1007,0,0,0,0,25.900000000000002,232,3
2015,3,28,4,30,113.57000000000001,0.2,5.300000000000001,0,0,0,7,25.1,96.01,1008,0,0,0,0,25.8,230,3.1
2015,3,28,5,30,98.69,0.2,5.2,0,0,0,7,25.1,95.12,1008,0,0,0,0,25.900000000000002,230,3.2
2015,3,28,6,30,83.65,0.2,5.1000000000000005,42,35,46,7,25.1,93.73,1008,15,0,7,15,26.200000000000003,232,3.4000000000000004
2015,3,28,7,30,68.81,0.2,5,157,287,261,7,25.3,90.87,1009,192,43,0,207,26.900000000000002,236,3.5
2015,3,28,8,30,53.9,0.2,5,228,461,499,7,25.3,87.10000000000001,1009,228,461,5,499,27.6,238,3.5
2015,3,28,9,30,38.980000000000004,0.2,5,288,535,703,7,25,81.7,1009,288,535,5,703,28.400000000000002,239,3.2
2015,3,28,10,30,24.09,0.2,5.1000000000000005,304,613,863,7,24.8,77.56,1009,484,191,0,658,29.1,240,2.8000000000000003
2015,3,28,11,30,9.370000000000001,0.2,5.2,302,661,954,7,24.8,75.71000000000001,1008,485,231,0,713,29.5,242,2.4000000000000004
2015,3,28,12,30,6.54,0.2,5.300000000000001,350,599,945,6,24.8,74.72,1008,485,36,0,521,29.8,244,2.2
2015,3,28,13,30,21.1,0.2,5.300000000000001,325,593,879,6,24.8,74.2,1007,529,78,0,602,29.900000000000002,244,2
2015,3,28,14,30,35.980000000000004,0.2,5.4,287,561,740,8,24.8,74.63,1006,419,309,0,669,29.8,242,2
2015,3,28,15,30,50.89,0.2,5.4,234,492,544,7,24.900000000000002,76.43,1006,342,240,0,494,29.5,236,2.1
2015,3,28,16,30,65.8,0.2,5.300000000000001,167,355,312,7,25.3,80.72,1006,161,13,0,166,28.900000000000002,228,2.3000000000000003
2015,3,28,17,30,80.67,0.2,5.2,69,101,85,8,25.6,86.36,1007,81,10,7,83,28.1,223,2.5
2015,3,28,18,30,95.67,0.2,5.2,0,0,0,1,25.6,89.38,1007,0,0,0,0,27.5,221,2.8000000000000003
2015,3,28,19,30,110.55,0.2,5.1000000000000005,0,0,0,0,25.6,90.77,1008,0,0,0,0,27.200000000000003,221,2.9000000000000004
2015,3,28,20,30,125.38000000000001,0.2,5.1000000000000005,0,0,0,0,25.5,91.66,1008,0,0,0,0,27,223,2.9000000000000004
2015,3,28,21,30,140.09,0.2,5.1000000000000005,0,0,0,0,25.5,93.29,1009,0,0,0,0,26.700000000000003,225,2.9000000000000004
2015,3,28,22,30,154.49,0.2,5,0,0,0,0,25.5,94.38,1009,0,0,0,0,26.5,226,2.9000000000000004
2015,3,28,23,30,167.43,0.2,5,0,0,0,0,25.5,95.34,1008,0,0,0,0,26.3,227,2.9000000000000004
2015,3,29,0,30,169.32,0.2,5,0,0,0,0,25.400000000000002,96.21000000000001,1007,0,0,0,0,26.1,228,2.9000000000000004
2015,3,29,1,30,157.21,0.2,5,0,0,0,0,25.400000000000002,96.48,1006,0,0,0,0,26,228,2.8000000000000003
2015,3,29,2,30,142.94,0.2,4.9,0,0,0,0,25.3,97.33,1006,0,0,0,0,25.8,227,2.8000000000000003
2015,3,29,3,30,128.26,0.2,4.800000000000001,0,0,0,8,25.3,97.51,1005,0,0,0,0,25.700000000000003,227,2.8000000000000003
2015,3,29,4,30,113.45,0.2,4.800000000000001,0,0,0,8,25.200000000000003,97.32000000000001,1006,0,0,0,0,25.700000000000003,227,2.8000000000000003
2015,3,29,5,30,98.57000000000001,0.2,4.7,0,0,0,0,25.200000000000003,96.49000000000001,1006,0,0,0,0,25.8,228,2.7
2015,3,29,6,30,83.54,0.2,4.7,46,77,54,0,25.3,94.52,1007,46,77,0,54,26.3,230,2.7
2015,3,29,7,30,68.71000000000001,0.2,4.800000000000001,134,399,279,0,25.6,91.94,1007,134,399,0,279,27,234,2.8000000000000003
2015,3,29,8,30,53.79,0.2,4.800000000000001,182,578,523,0,25.6,87.99,1008,182,578,0,523,27.8,238,2.9000000000000004
2015,3,29,9,30,38.87,0.2,4.9,212,675,737,0,25.400000000000002,83.10000000000001,1008,212,675,0,737,28.6,241,2.9000000000000004
2015,3,29,10,30,23.97,0.2,4.9,229,730,896,0,25.3,79.66,1007,229,730,0,896,29.200000000000003,243,2.8000000000000003
2015,3,29,11,30,9.200000000000001,0.2,4.9,236,758,984,0,25.3,77.14,1007,236,758,0,984,29.700000000000003,244,2.7
2015,3,29,12,30,6.46,0.2,4.9,198,813,1006,0,25.200000000000003,75.98,1006,198,813,0,1006,29.900000000000002,243,2.6
2015,3,29,13,30,21.12,0.2,5,189,798,933,0,25.1,75.03,1005,189,798,0,933,30,241,2.5
2015,3,29,14,30,36.02,0.2,5,172,761,788,0,25,75.22,1005,172,761,0,788,29.900000000000002,236,2.5
2015,3,29,15,30,50.93,0.2,5,187,600,565,0,25.1,77.15,1005,187,600,0,565,29.5,229,2.6
2015,3,29,16,30,65.85,0.2,5,143,443,324,0,25.3,81.63,1005,143,443,0,324,28.8,222,2.7
2015,3,29,17,30,80.71000000000001,0.2,5,66,145,90,0,25.8,87.75,1006,66,145,0,90,28,218,2.8000000000000003
2015,3,29,18,30,95.71000000000001,0.2,5.1000000000000005,0,0,0,0,25.8,91.07000000000001,1006,0,0,0,0,27.400000000000002,217,2.9000000000000004
2015,3,29,19,30,110.58,0.2,5.1000000000000005,0,0,0,1,25.8,92.84,1007,0,0,0,0,27.1,218,3
2015,3,29,20,30,125.39,0.2,5.1000000000000005,0,0,0,0,25.900000000000002,94.25,1007,0,0,0,0,26.900000000000002,220,3
2015,3,29,21,30,140.08,0.2,5.1000000000000005,0,0,0,0,25.900000000000002,95.51,1007,0,0,0,0,26.700000000000003,223,3
2015,3,29,22,30,154.43,0.2,5.1000000000000005,0,0,0,0,25.900000000000002,95.99000000000001,1007,0,0,0,0,26.6,225,3.1
2015,3,29,23,30,167.21,0.2,5.1000000000000005,0,0,0,0,25.900000000000002,96.35000000000001,1007,0,0,0,0,26.5,226,3.1
2015,3,30,0,30,168.95000000000002,0.2,5.1000000000000005,0,0,0,0,25.8,96.54,1006,0,0,0,0,26.400000000000002,226,3.2
2015,3,30,1,30,156.99,0.2,5.1000000000000005,0,0,0,0,25.700000000000003,96.74000000000001,1005,0,0,0,0,26.3,226,3.2
2015,3,30,2,30,142.77,0.2,5.1000000000000005,0,0,0,0,25.700000000000003,97.04,1005,0,0,0,0,26.200000000000003,224,3.2
2015,3,30,3,30,128.12,0.2,5.1000000000000005,0,0,0,0,25.6,97.36,1005,0,0,0,0,26.1,223,3.1
2015,3,30,4,30,113.32000000000001,0.2,5,0,0,0,0,25.6,97.60000000000001,1005,0,0,0,0,26,221,3
2015,3,30,5,30,98.46000000000001,0.2,5,0,0,0,0,25.6,96.81,1006,0,0,0,0,26.1,220,2.9000000000000004
2015,3,30,6,30,83.43,0.2,5,46,100,58,0,25.700000000000003,94.21000000000001,1006,46,100,0,58,26.700000000000003,220,3
2015,3,30,7,30,68.60000000000001,0.2,5,122,446,285,0,25.900000000000002,91.74,1007,122,446,0,285,27.400000000000002,220,3.1
2015,3,30,8,30,53.69,0.2,5,161,627,532,7,25.8,86.29,1007,192,570,0,530,28.3,221,3.2
2015,3,30,9,30,38.77,0.2,5.1000000000000005,180,730,749,7,25.3,80.68,1007,347,340,0,612,29,221,3.2
2015,3,30,10,30,23.85,0.2,5.1000000000000005,196,778,907,7,25,76.55,1007,418,327,0,717,29.6,221,3.1
2015,3,30,11,30,9.03,0.2,5.2,206,796,992,6,24.900000000000002,74.11,1007,449,243,0,689,30,221,3
2015,3,30,12,30,6.41,0.2,5.4,240,750,986,6,24.700000000000003,73.01,1006,491,127,0,617,30.1,221,2.9000000000000004
2015,3,30,13,30,21.150000000000002,0.2,5.5,233,728,913,6,24.6,72.3,1005,482,216,0,684,30.1,220,2.8000000000000003
2015,3,30,14,30,36.06,0.2,5.6000000000000005,217,679,766,7,24.400000000000002,72.42,1005,380,248,0,581,29.900000000000002,219,2.8000000000000003
2015,3,30,15,30,50.980000000000004,0.2,5.7,186,600,564,7,24.200000000000003,73.83,1005,317,225,0,459,29.400000000000002,218,2.8000000000000003
2015,3,30,16,30,65.89,0.2,5.7,139,451,323,7,24.200000000000003,76.81,1006,187,35,0,202,28.700000000000003,217,2.7
2015,3,30,17,30,80.75,0.2,5.800000000000001,65,154,89,7,24.6,83.34,1006,59,3,7,59,27.700000000000003,216,2.6
2015,3,30,18,30,95.74000000000001,0.2,5.800000000000001,0,0,0,8,25,89.08,1007,0,0,0,0,27,216,2.5
2015,3,30,19,30,110.60000000000001,0.2,5.9,0,0,0,8,25,90.43,1008,0,0,0,0,26.700000000000003,216,2.6
2015,3,30,20,30,125.4,0.2,5.800000000000001,0,0,0,8,24.900000000000002,91.01,1008,0,0,0,0,26.5,219,2.6
2015,3,30,21,30,140.06,0.2,5.800000000000001,0,0,0,7,24.8,91.65,1009,0,0,0,0,26.3,223,2.5
2015,3,30,22,30,154.35,0.2,5.7,0,0,0,7,24.700000000000003,92.12,1008,0,0,0,0,26.1,229,2.4000000000000004
2015,3,30,23,30,166.98,0.2,5.6000000000000005,0,0,0,8,24.700000000000003,92.86,1008,0,0,0,0,25.900000000000002,234,2.3000000000000003
2015,3,31,0,30,168.58,0.2,5.5,0,0,0,1,24.6,93.48,1007,0,0,0,0,25.700000000000003,238,2.2
2015,3,31,1,30,156.76,0.2,5.4,0,0,0,0,24.5,94.15,1007,0,0,0,0,25.5,240,2.1
2015,3,31,2,30,142.6,0.2,5.300000000000001,0,0,0,1,24.400000000000002,94.13,1006,0,0,0,0,25.400000000000002,238,2
2015,3,31,3,30,127.98,0.2,5.300000000000001,0,0,0,7,24.3,94.64,1006,0,0,0,0,25.200000000000003,232,2
2015,3,31,4,30,113.19,0.2,5.2,0,0,0,0,24.200000000000003,94.07000000000001,1006,0,0,0,0,25.200000000000003,224,2
2015,3,31,5,30,98.34,0.2,5.2,0,0,0,0,24.1,93.2,1007,0,0,0,0,25.3,217,2.1
2015,3,31,6,30,83.32000000000001,0.2,5.2,43,164,62,0,24.400000000000002,91.2,1008,43,164,0,62,25.900000000000002,214,2.3000000000000003
2015,3,31,7,30,68.49,0.2,5.2,104,517,294,7,24.6,88.13,1008,104,517,5,294,26.700000000000003,214,2.5
2015,3,31,8,30,53.59,0.2,5.2,139,676,540,0,24.5,83.12,1009,139,676,0,540,27.6,213,2.4000000000000004
2015,3,31,9,30,38.660000000000004,0.2,5.2,163,756,754,0,24.1,78.19,1009,163,756,0,754,28.3,210,2.2
2015,3,31,10,30,23.740000000000002,0.2,5.2,180,798,910,0,23.900000000000002,75.22,1009,180,798,0,910,28.700000000000003,205,1.8
2015,3,31,11,30,8.88,0.2,5.2,192,814,997,2,23.700000000000003,73.21000000000001,1008,500,132,0,630,29,196,1.6
2015,3,31,12,30,6.37,0.2,5.300000000000001,179,834,1008,1,23.6,72.37,1008,179,834,0,1008,29.1,179,1.5
2015,3,31,13,30,21.19,0.2,5.300000000000001,175,812,932,0,23.5,71.93,1007,175,812,0,932,29.1,160,1.7000000000000002
2015,3,31,14,30,36.11,0.2,5.2,166,766,785,7,23.400000000000002,72.32000000000001,1006,159,750,0,765,28.900000000000002,148,2
2015,3,31,15,30,51.03,0.2,5.2,207,546,550,3,23.400000000000002,74.42,1006,157,0,0,157,28.400000000000002,143,2.2
2015,3,31,16,30,65.94,0.2,5.2,154,388,313,8,23.6,78.46000000000001,1007,78,1,0,78,27.700000000000003,141,2.2
2015,3,31,17,30,80.79,0.2,5.2,66,110,83,7,24.1,85.06,1007,20,0,0,20,26.8,141,2
2015,3,31,18,30,95.77,0.2,5.2,0,0,0,6,24.3,89.41,1008,0,0,0,0,26.200000000000003,140,1.9000000000000001
2015,3,31,19,30,110.63,0.2,5.2,0,0,0,6,24.400000000000002,90.8,1009,0,0,0,0,26,140,1.9000000000000001
2015,3,31,20,30,125.41,0.2,5.2,0,0,0,6,24.400000000000002,92,1009,0,0,0,0,25.8,140,1.7000000000000002
2015,3,31,21,30,140.04,0.2,5.2,0,0,0,6,24.400000000000002,92.96000000000001,1009,0,0,0,0,25.6,141,1.5
2015,3,31,22,30,154.28,0.2,5.2,0,0,0,6,24.3,92.98,1009,0,0,0,0,25.5,143,1.2000000000000002
2015,3,31,23,30,166.74,0.2,5.2,0,0,0,6,24.1,92.51,1008,0,0,0,0,25.400000000000002,149,1
2015,4,1,0,30,168.22,0.2,5.300000000000001,0,0,0,6,23.900000000000002,91.66,1007,0,0,0,0,25.400000000000002,162,0.7000000000000001
2015,4,1,1,30,156.53,0.2,5.300000000000001,0,0,0,6,23.900000000000002,91.16,1007,0,0,0,0,25.400000000000002,195,0.5
2015,4,1,2,30,142.43,0.2,5.4,0,0,0,7,23.8,91.36,1006,0,0,0,0,25.3,232,0.4
2015,4,1,3,30,127.83,0.2,5.5,0,0,0,7,23.8,91.19,1006,0,0,0,0,25.3,238,0.4
2015,4,1,4,30,113.07000000000001,0.2,5.6000000000000005,0,0,0,8,23.8,91.18,1007,0,0,0,0,25.3,230,0.5
2015,4,1,5,30,98.22,0.2,5.7,0,0,0,4,23.8,91.26,1008,0,0,0,0,25.3,222,0.5
2015,4,1,6,30,83.22,0.2,5.800000000000001,47,85,57,5,24,90.23,1009,23,0,7,23,25.700000000000003,211,0.6000000000000001
2015,4,1,7,30,68.39,0.2,5.9,127,422,282,8,24.3,89.60000000000001,1009,195,149,0,250,26.1,197,0.8
2015,4,1,8,30,53.49,0.2,5.9,164,612,528,8,24.3,86.97,1010,267,55,0,300,26.6,178,0.9
2015,4,1,9,30,38.56,0.2,6,182,717,742,8,23.8,82.19,1010,291,12,7,300,27.1,153,1
2015,4,1,10,30,23.64,0.2,6,190,776,901,7,23.5,79.44,1009,425,272,7,674,27.400000000000002,131,1.2000000000000002
2015,4,1,11,30,8.75,0.2,6,194,804,988,1,23.3,78.52,1009,194,804,0,988,27.400000000000002,119,1.5
2015,4,1,12,30,6.37,0.2,6,193,807,995,0,23.200000000000003,78.49,1008,193,807,0,995,27.3,114,1.8
2015,4,1,13,30,21.23,0.2,6,188,787,922,4,23.3,79.07000000000001,1008,469,72,0,536,27.200000000000003,114,2
2015,4,1,14,30,36.160000000000004,0.2,6,175,744,776,4,23.3,80.74,1007,369,14,0,380,26.900000000000002,117,2.1
2015,4,1,15,30,51.08,0.2,6,153,665,571,4,23.400000000000002,82.14,1007,141,0,0,141,26.700000000000003,121,2
2015,4,1,16,30,65.98,0.2,5.9,118,522,331,4,23.5,84.73,1008,85,0,0,85,26.3,128,1.8
2015,4,1,17,30,80.83,0.2,5.9,58,224,94,4,23.8,88.48,1008,10,0,0,10,25.8,134,1.5
2015,4,1,18,30,95.81,0.2,5.800000000000001,0,0,0,4,23.900000000000002,91.13,1009,0,0,0,0,25.5,139,1.3
2015,4,1,19,30,110.65,0.2,5.6000000000000005,0,0,0,4,23.900000000000002,91.56,1009,0,0,0,0,25.400000000000002,147,1.3
2015,4,1,20,30,125.41,0.2,5.5,0,0,0,4,23.900000000000002,91.92,1010,0,0,0,0,25.3,158,1.2000000000000002
2015,4,1,21,30,140.02,0.2,5.300000000000001,0,0,0,3,23.8,91.41,1010,0,0,0,0,25.3,167,1.2000000000000002
2015,4,1,22,30,154.20000000000002,0.2,5.1000000000000005,0,0,0,5,23.6,91.05,1009,0,0,0,0,25.200000000000003,173,1.1
2015,4,1,23,30,166.5,0.2,4.9,0,0,0,5,23.5,90.67,1008,0,0,0,0,25.1,174,0.9
2015,4,2,0,30,167.85,0.2,4.800000000000001,0,0,0,5,23.3,90,1007,0,0,0,0,25.1,170,0.7000000000000001
2015,4,2,1,30,156.3,0.2,4.6000000000000005,0,0,0,8,23.200000000000003,89.24,1006,0,0,0,0,25.1,148,0.5
2015,4,2,2,30,142.25,0.2,4.6000000000000005,0,0,0,7,23.1,88.9,1006,0,0,0,0,25.1,119,0.4
2015,4,2,3,30,127.69,0.2,4.6000000000000005,0,0,0,7,23.1,89.14,1006,0,0,0,0,25,110,0.30000000000000004
2015,4,2,4,30,112.94,0.2,4.6000000000000005,0,0,0,7,23.1,89.54,1006,0,0,0,0,24.900000000000002,137,0.2
2015,4,2,5,30,98.11,0.2,4.7,0,0,0,7,23.1,89.54,1007,0,0,0,0,24.900000000000002,197,0.2
2015,4,2,6,30,83.11,0.2,4.800000000000001,47,92,58,5,23.3,87.2,1008,25,0,7,25,25.6,219,0.30000000000000004
2015,4,2,7,30,68.29,0.2,4.9,127,425,284,4,23.5,81.07000000000001,1008,53,0,0,53,27,192,0.6000000000000001
2015,4,2,8,30,53.39,0.2,5,168,604,528,7,23.1,72.93,1009,301,193,0,416,28.400000000000002,172,0.9
2015,4,2,9,30,38.47,0.2,5,192,703,742,7,22.8,67.86,1008,384,140,0,493,29.400000000000002,164,1.2000000000000002
2015,4,2,10,30,23.54,0.2,5.1000000000000005,205,757,899,7,23,65.71000000000001,1008,372,432,7,768,30.1,158,1.4000000000000001
2015,4,2,11,30,8.63,0.2,5.2,211,782,984,3,22.8,63.910000000000004,1007,508,87,0,594,30.400000000000002,154,1.6
2015,4,2,12,30,6.38,0.2,5.300000000000001,395,529,921,3,22.6,63.300000000000004,1007,609,107,0,715,30.400000000000002,155,1.7000000000000002
2015,4,2,13,30,21.29,0.2,5.300000000000001,396,480,843,7,22.6,63.36,1006,400,462,0,830,30.3,158,1.6
2015,4,2,14,30,36.21,0.2,5.300000000000001,378,392,695,8,22.6,64.45,1006,378,392,5,695,30,159,1.5
2015,4,2,15,30,51.13,0.2,5.2,329,257,490,8,22.6,66.62,1006,375,61,0,414,29.5,159,1.3
2015,4,2,16,30,66.03,0.2,5.1000000000000005,215,108,259,8,22.900000000000002,70.53,1006,241,22,7,250,28.8,159,1.2000000000000002
2015,4,2,17,30,80.87,0.2,5,40,3,41,3,23.400000000000002,76.92,1007,40,3,5,41,27.8,163,1.3
2015,4,2,18,30,95.84,0.2,4.800000000000001,0,0,0,7,23.900000000000002,83.43,1007,0,0,0,0,26.900000000000002,168,1.6
2015,4,2,19,30,110.67,0.2,4.7,0,0,0,8,23.900000000000002,85.57000000000001,1008,0,0,0,0,26.5,173,1.9000000000000001
2015,4,2,20,30,125.42,0.2,4.6000000000000005,0,0,0,0,24,87.69,1008,0,0,0,0,26.200000000000003,177,2
2015,4,2,21,30,139.99,0.2,4.5,0,0,0,0,24.1,89.92,1008,0,0,0,0,25.900000000000002,181,2
2015,4,2,22,30,154.11,0.2,4.5,0,0,0,0,24.200000000000003,91.37,1008,0,0,0,0,25.700000000000003,187,1.9000000000000001
2015,4,2,23,30,166.25,0.2,4.4,0,0,0,7,24.200000000000003,92.97,1007,0,0,0,0,25.400000000000002,196,1.9000000000000001
2015,4,3,0,30,167.48,0.2,4.4,0,0,0,4,24.200000000000003,93.62,1007,0,0,0,0,25.3,205,2
2015,4,3,1,30,156.06,0.2,4.4,0,0,0,8,24.200000000000003,94.32000000000001,1006,0,0,0,0,25.200000000000003,211,2
2015,4,3,2,30,142.08,0.2,4.4,0,0,0,5,24.3,94.60000000000001,1006,0,0,0,0,25.200000000000003,214,2
2015,4,3,3,30,127.54,0.2,4.4,0,0,0,4,24.3,95.39,1006,0,0,0,0,25.1,214,2
2015,4,3,4,30,112.81,0.2,4.5,0,0,0,5,24.3,96.12,1006,0,0,0,0,25,214,2
2015,4,3,5,30,97.99000000000001,0.2,4.5,0,0,0,5,24.400000000000002,95.09,1006,0,0,0,0,25.200000000000003,215,2.1
2015,4,3,6,30,83,0.2,4.6000000000000005,28,3,29,5,24.6,92.09,1007,26,0,7,26,26,215,2.4000000000000004
2015,4,3,7,30,68.19,0.2,4.7,195,128,243,8,24.900000000000002,88.95,1007,182,7,7,185,26.900000000000002,213,2.6
2015,4,3,8,30,53.29,0.2,4.7,307,281,475,7,24.8,83.9,1007,307,281,5,475,27.8,209,2.7
2015,4,3,9,30,38.38,0.2,4.800000000000001,378,382,677,7,24.5,78.33,1008,482,216,7,651,28.6,205,2.7
2015,4,3,10,30,23.45,0.2,4.9,425,437,826,3,24.3,75.3,1007,615,113,0,719,29.1,201,2.7
2015,4,3,11,30,8.53,0.2,5,451,460,905,2,24.3,74.04,1007,563,57,0,620,29.400000000000002,198,2.6
2015,4,3,12,30,6.42,0.2,5,497,401,896,0,24.3,73.73,1006,497,401,0,896,29.5,195,2.6
2015,4,3,13,30,21.34,0.2,5.1000000000000005,476,374,824,0,24.400000000000002,73.9,1005,476,374,0,824,29.5,191,2.6
2015,4,3,14,30,36.27,0.2,5.1000000000000005,427,319,684,0,24.400000000000002,74.51,1005,427,319,0,684,29.400000000000002,189,2.6
2015,4,3,15,30,51.18,0.2,5.1000000000000005,336,238,485,7,24.400000000000002,76.48,1005,336,238,5,485,29,190,2.5
2015,4,3,16,30,66.08,0.2,5,215,105,257,7,24.700000000000003,81.23,1005,241,20,0,249,28.200000000000003,193,2.3000000000000003
2015,4,3,17,30,80.91,0.2,4.9,41,4,42,7,25.1,87.41,1005,41,4,5,42,27.400000000000002,197,2.2
2015,4,3,18,30,95.87,0.2,4.800000000000001,0,0,0,7,25.200000000000003,91.13,1006,0,0,0,0,26.8,200,2.1
2015,4,3,19,30,110.69,0.2,4.800000000000001,0,0,0,7,25.3,92.49,1006,0,0,0,0,26.6,203,2.1
2015,4,3,20,30,125.42,0.2,4.7,0,0,0,7,25.3,93.88,1007,0,0,0,0,26.400000000000002,204,2.1
2015,4,3,21,30,139.96,0.2,4.800000000000001,0,0,0,7,25.400000000000002,95.16,1007,0,0,0,0,26.200000000000003,205,2
2015,4,3,22,30,154.02,0.2,4.800000000000001,0,0,0,7,25.400000000000002,95.89,1007,0,0,0,0,26.1,208,1.9000000000000001
2015,4,3,23,30,165.99,0.2,4.800000000000001,0,0,0,7,25.400000000000002,96.45,1006,0,0,0,0,26,212,1.9000000000000001
2015,4,4,0,30,167.12,0.2,4.800000000000001,0,0,0,7,25.400000000000002,97.08,1006,0,0,0,0,25.900000000000002,218,1.9000000000000001
2015,4,4,1,30,155.82,0.2,4.7,0,0,0,8,25.400000000000002,97.49000000000001,1005,0,0,0,0,25.8,224,1.8
2015,4,4,2,30,141.9,0.2,4.7,0,0,0,0,25.3,97.8,1004,0,0,0,0,25.700000000000003,229,1.9000000000000001
2015,4,4,3,30,127.39,0.2,4.6000000000000005,0,0,0,3,25.3,98.2,1004,0,0,0,0,25.6,232,2.1
2015,4,4,4,30,112.68,0.2,4.6000000000000005,0,0,0,0,25.3,98.58,1005,0,0,0,0,25.5,232,2.1
2015,4,4,5,30,97.87,0.2,4.5,0,0,0,0,25.200000000000003,97.66,1005,0,0,0,0,25.6,231,2.1
2015,4,4,6,30,82.9,0.2,4.5,16,0,16,0,25.3,95.55,1005,16,0,0,16,26.1,228,2.3000000000000003
2015,4,4,7,30,68.09,0.2,4.4,196,54,216,3,25.6,93.37,1006,196,54,5,216,26.8,223,2.4000000000000004
2015,4,4,8,30,53.2,0.2,4.4,353,155,446,3,25.700000000000003,89.75,1006,378,17,0,388,27.5,216,2.5
2015,4,4,9,30,38.29,0.2,4.4,450,256,651,3,25.400000000000002,84.81,1006,489,33,0,515,28.200000000000003,210,2.5
2015,4,4,10,30,23.37,0.2,4.4,520,301,796,0,25.200000000000003,80.75,1006,520,301,0,796,28.8,206,2.4000000000000004
2015,4,4,11,30,8.44,0.2,4.4,560,316,873,0,25,78.83,1005,560,316,0,873,29.1,204,2.3000000000000003
2015,4,4,12,30,6.48,0.2,4.5,534,355,887,0,25,78.16,1005,534,355,0,887,29.200000000000003,204,2.4000000000000004
2015,4,4,13,30,21.41,0.2,4.6000000000000005,513,323,814,0,24.900000000000002,78.34,1004,513,323,0,814,29.1,205,2.4000000000000004
2015,4,4,14,30,36.33,0.2,4.6000000000000005,459,264,672,0,25,79.79,1004,459,264,0,672,28.8,206,2.4000000000000004
2015,4,4,15,30,51.230000000000004,0.2,4.7,366,176,476,0,25,81.94,1004,366,176,0,476,28.400000000000002,208,2.3000000000000003
2015,4,4,16,30,66.12,0.2,4.7,219,68,247,0,25.3,86.14,1004,219,68,0,247,27.8,208,2.3000000000000003
2015,4,4,17,30,80.95,0.2,4.7,33,1,34,0,25.6,90.98,1005,33,1,0,34,27.200000000000003,209,2.3000000000000003
2015,4,4,18,30,95.9,0.2,4.7,0,0,0,0,25.6,93.77,1005,0,0,0,0,26.700000000000003,210,2.4000000000000004
2015,4,4,19,30,110.7,0.2,4.7,0,0,0,0,25.700000000000003,95.11,1006,0,0,0,0,26.5,211,2.4000000000000004
2015,4,4,20,30,125.42,0.2,4.800000000000001,0,0,0,0,25.700000000000003,95.83,1006,0,0,0,0,26.400000000000002,212,2.4000000000000004
2015,4,4,21,30,139.93,0.2,4.800000000000001,0,0,0,0,25.700000000000003,96.58,1007,0,0,0,0,26.3,215,2.4000000000000004
2015,4,4,22,30,153.92000000000002,0.2,4.800000000000001,0,0,0,0,25.700000000000003,97.17,1007,0,0,0,0,26.200000000000003,218,2.3000000000000003
2015,4,4,23,30,165.73,0.2,4.800000000000001,0,0,0,0,25.700000000000003,97.56,1006,0,0,0,0,26.1,222,2.3000000000000003
2015,4,5,0,30,166.75,0.2,4.9,0,0,0,8,25.6,97.84,1005,0,0,0,0,26,225,2.3000000000000003
2015,4,5,1,30,155.58,0.2,4.9,0,0,0,3,25.6,98.10000000000001,1005,0,0,0,0,25.900000000000002,226,2.4000000000000004
2015,4,5,2,30,141.72,0.2,4.9,0,0,0,3,25.5,98.18,1004,0,0,0,0,25.8,226,2.6
2015,4,5,3,30,127.25,0.2,4.9,0,0,0,3,25.400000000000002,97.85000000000001,1004,0,0,0,0,25.8,224,2.8000000000000003
2015,4,5,4,30,112.55,0.2,5,0,0,0,0,25.400000000000002,98,1005,0,0,0,0,25.700000000000003,223,2.9000000000000004
2015,4,5,5,30,97.76,0.2,5,0,0,0,3,25.200000000000003,96.67,1005,0,0,0,0,25.8,222,3
2015,4,5,6,30,82.79,0.2,5,31,3,32,3,25.200000000000003,94.3,1006,31,3,5,32,26.200000000000003,221,3.1
2015,4,5,7,30,67.99,0.2,5,196,132,245,8,25.3,92.23,1006,196,132,5,245,26.700000000000003,220,3.2
2015,4,5,8,30,53.11,0.2,5,303,291,478,8,25.3,89.12,1007,303,291,5,478,27.200000000000003,219,3.2
2015,4,5,9,30,38.21,0.2,5,364,406,683,0,24.8,83.05,1007,364,406,0,683,27.900000000000002,216,3.1
2015,4,5,10,30,23.29,0.2,5,397,476,835,0,24.1,77.10000000000001,1006,397,476,0,835,28.5,211,2.8000000000000003
2015,4,5,11,30,8.38,0.2,5.1000000000000005,411,511,917,0,23.8,73.88,1006,411,511,0,917,28.900000000000002,204,2.6
2015,4,5,12,30,6.5600000000000005,0.2,5.1000000000000005,480,422,899,0,23.700000000000003,72.23,1005,480,422,0,899,29.200000000000003,198,2.5
2015,4,5,13,30,21.48,0.2,5.2,459,396,827,0,23.700000000000003,72.37,1005,459,396,0,827,29.200000000000003,194,2.6
2015,4,5,14,30,36.39,0.2,5.2,412,341,687,0,23.8,73.39,1004,412,341,0,687,29,192,2.7
2015,4,5,15,30,51.29,0.2,5.2,347,222,485,0,23.900000000000002,75.55,1004,347,222,0,485,28.6,192,2.8000000000000003
2015,4,5,16,30,66.17,0.2,5.1000000000000005,219,101,260,0,24.1,79.38,1004,219,101,0,260,28,193,2.7
2015,4,5,17,30,80.99,0.2,5,42,4,43,0,24.6,85.7,1005,42,4,0,43,27.200000000000003,195,2.6
2015,4,5,18,30,95.93,0.2,5,0,0,0,0,24.8,89.84,1006,0,0,0,0,26.6,198,2.5
2015,4,5,19,30,110.72,0.2,5,0,0,0,0,24.8,91.19,1006,0,0,0,0,26.400000000000002,201,2.6
2015,4,5,20,30,125.41,0.2,5,0,0,0,0,24.900000000000002,92.61,1007,0,0,0,0,26.200000000000003,206,2.5
2015,4,5,21,30,139.89000000000001,0.2,5,0,0,0,0,24.900000000000002,93.27,1007,0,0,0,0,26.1,211,2.5
2015,4,5,22,30,153.82,0.2,5.1000000000000005,0,0,0,0,24.900000000000002,94.38,1007,0,0,0,0,25.900000000000002,215,2.4000000000000004
2015,4,5,23,30,165.47,0.2,5.1000000000000005,0,0,0,0,24.900000000000002,95.31,1006,0,0,0,0,25.700000000000003,219,2.3000000000000003
2015,4,6,0,30,166.38,0.2,5.1000000000000005,0,0,0,0,24.900000000000002,95.7,1006,0,0,0,0,25.6,223,2.3000000000000003
2015,4,6,1,30,155.34,0.2,5,0,0,0,0,24.8,96.48,1005,0,0,0,0,25.400000000000002,225,2.2
2015,4,6,2,30,141.54,0.2,5,0,0,0,0,24.700000000000003,96.73,1005,0,0,0,0,25.3,226,2.2
2015,4,6,3,30,127.10000000000001,0.2,5,0,0,0,0,24.700000000000003,96.97,1005,0,0,0,0,25.200000000000003,227,2.2
2015,4,6,4,30,112.42,0.2,5,0,0,0,7,24.6,96.69,1005,0,0,0,0,25.200000000000003,227,2.2
2015,4,6,5,30,97.64,0.2,5,0,0,0,0,24.6,95.84,1005,0,0,0,0,25.3,225,2.2
2015,4,6,6,30,82.69,0.2,5.1000000000000005,31,3,31,0,24.8,94.55,1006,31,3,0,31,25.700000000000003,223,2.3000000000000003
2015,4,6,7,30,67.9,0.2,5.2,198,122,243,0,25,91.91,1006,198,122,0,243,26.400000000000002,220,2.5
2015,4,6,8,30,53.02,0.2,5.2,309,276,475,0,25,87.64,1007,309,276,0,475,27.200000000000003,218,2.5
2015,4,6,9,30,38.13,0.2,5.300000000000001,304,507,703,0,24.700000000000003,82.23,1007,304,507,0,703,28,216,2.5
2015,4,6,10,30,23.22,0.2,5.300000000000001,331,569,855,0,24.400000000000002,77.99,1007,331,569,0,855,28.6,214,2.4000000000000004
2015,4,6,11,30,8.33,0.2,5.4,348,593,935,0,24.3,75.63,1006,348,593,0,935,29,214,2.4000000000000004
2015,4,6,12,30,6.67,0.2,5.4,337,610,943,0,24.200000000000003,74.48,1005,337,610,0,943,29.200000000000003,215,2.4000000000000004
2015,4,6,13,30,21.55,0.2,5.4,332,576,867,0,24.200000000000003,74.3,1005,332,576,0,867,29.200000000000003,216,2.4000000000000004
2015,4,6,14,30,36.45,0.2,5.300000000000001,309,513,722,0,24.1,75,1004,309,513,0,722,29,217,2.4000000000000004
2015,4,6,15,30,51.35,0.2,5.300000000000001,266,408,521,0,24.200000000000003,76.03,1004,266,408,0,521,28.8,216,2.4000000000000004
2015,4,6,16,30,66.22,0.2,5.300000000000001,191,243,289,0,24.400000000000002,79.9,1005,191,243,0,289,28.200000000000003,214,2.3000000000000003
2015,4,6,17,30,81.03,0.2,5.300000000000001,62,31,67,0,24.8,86.4,1005,62,31,0,67,27.3,212,2.2
2015,4,6,18,30,95.96000000000001,0.2,5.300000000000001,0,0,0,0,25.1,90.97,1006,0,0,0,0,26.700000000000003,211,2.2
2015,4,6,19,30,110.73,0.2,5.300000000000001,0,0,0,0,25.1,92.49,1007,0,0,0,0,26.400000000000002,211,2.3000000000000003
2015,4,6,20,30,125.41,0.2,5.300000000000001,0,0,0,0,25.1,93.7,1007,0,0,0,0,26.200000000000003,212,2.2
2015,4,6,21,30,139.85,0.2,5.2,0,0,0,0,25.1,94.37,1008,0,0,0,0,26.1,215,2.1
2015,4,6,22,30,153.71,0.2,5.2,0,0,0,0,25.1,95.33,1008,0,0,0,0,25.900000000000002,219,2
2015,4,6,23,30,165.20000000000002,0.2,5.2,0,0,0,0,25,95.57000000000001,1007,0,0,0,0,25.8,223,2
2015,4,7,0,30,166.02,0.2,5.2,0,0,0,0,25,95.83,1006,0,0,0,0,25.700000000000003,227,2
2015,4,7,1,30,155.1,0.2,5.2,0,0,0,0,25,96.22,1006,0,0,0,0,25.6,230,2
2015,4,7,2,30,141.36,0.2,5.2,0,0,0,8,24.900000000000002,96.48,1005,0,0,0,0,25.5,231,2.1
2015,4,7,3,30,126.95,0.2,5.2,0,0,0,0,24.900000000000002,96.85000000000001,1005,0,0,0,0,25.400000000000002,233,2.2
2015,4,7,4,30,112.3,0.2,5.2,0,0,0,0,24.8,97.25,1006,0,0,0,0,25.3,234,2.2
2015,4,7,5,30,97.53,0.2,5.300000000000001,0,0,0,0,24.8,95.8,1006,0,0,0,0,25.5,235,2.2
2015,4,7,6,30,82.59,0.2,5.300000000000001,45,15,47,0,25,93.69,1007,45,15,0,47,26.1,236,2.3000000000000003
2015,4,7,7,30,67.8,0.2,5.4,181,219,263,0,25.200000000000003,91.23,1007,181,219,0,263,26.8,234,2.4000000000000004
2015,4,7,8,30,52.94,0.2,5.5,260,391,496,0,25.3,87.64,1008,260,391,0,496,27.5,230,2.4000000000000004
2015,4,7,9,30,38.050000000000004,0.2,5.6000000000000005,307,499,700,0,25.1,83.18,1008,307,499,0,700,28.200000000000003,224,2.3000000000000003
2015,4,7,10,30,23.16,0.2,5.5,331,568,853,0,24.900000000000002,79.49,1008,331,568,0,853,28.8,217,2.2
2015,4,7,11,30,8.3,0.2,5.5,335,609,938,1,24.8,76.67,1007,335,609,0,938,29.3,210,2.1
2015,4,7,12,30,6.79,0.2,5.4,290,673,958,0,24.700000000000003,74.99,1006,290,673,0,958,29.6,204,2.1
2015,4,7,13,30,21.63,0.2,5.4,275,658,886,0,24.6,74.27,1005,275,658,0,886,29.700000000000003,198,2.1
2015,4,7,14,30,36.52,0.2,5.300000000000001,252,610,742,0,24.6,75.43,1005,252,610,0,742,29.400000000000002,194,2.2
2015,4,7,15,30,51.4,0.2,5.300000000000001,244,456,529,0,24.6,77.29,1005,244,456,0,529,29,191,2.2
2015,4,7,16,30,66.27,0.2,5.300000000000001,177,296,296,0,24.8,81.58,1005,177,296,0,296,28.3,190,2.1
2015,4,7,17,30,81.07000000000001,0.2,5.300000000000001,65,54,73,0,25.3,87.63,1006,65,54,0,73,27.5,190,2
2015,4,7,18,30,95.99000000000001,0.2,5.2,0,0,0,0,25.3,90.54,1006,0,0,0,0,27,189,2.1
2015,4,7,19,30,110.75,0.2,5.2,0,0,0,0,25.3,91.59,1007,0,0,0,0,26.8,186,2.1
2015,4,7,20,30,125.4,0.2,5.2,0,0,0,0,25.3,92.75,1008,0,0,0,0,26.6,183,2.1
2015,4,7,21,30,139.81,0.2,5.2,0,0,0,0,25.3,93.34,1008,0,0,0,0,26.5,181,2.1
2015,4,7,22,30,153.6,0.2,5.2,0,0,0,8,25.3,93.92,1008,0,0,0,0,26.400000000000002,182,2.2
2015,4,7,23,30,164.92000000000002,0.2,5.1000000000000005,0,0,0,0,25.3,94.39,1007,0,0,0,0,26.3,186,2.3000000000000003
2015,4,8,0,30,165.66,0.2,5.1000000000000005,0,0,0,7,25.3,94.85000000000001,1006,0,0,0,0,26.200000000000003,192,2.3000000000000003
2015,4,8,1,30,154.85,0.2,5.1000000000000005,0,0,0,7,25.3,95.29,1005,0,0,0,0,26.1,198,2.3000000000000003
2015,4,8,2,30,141.18,0.2,5.1000000000000005,0,0,0,7,25.3,95.77,1005,0,0,0,0,26,202,2.3000000000000003
2015,4,8,3,30,126.8,0.2,5.1000000000000005,0,0,0,7,25.3,96.28,1005,0,0,0,0,25.900000000000002,204,2.3000000000000003
2015,4,8,4,30,112.17,0.2,5.1000000000000005,0,0,0,7,25.200000000000003,96.77,1005,0,0,0,0,25.8,205,2.3000000000000003
2015,4,8,5,30,97.42,0.2,5.1000000000000005,0,0,0,7,25.200000000000003,95.51,1005,0,0,0,0,26,205,2.3000000000000003
2015,4,8,6,30,82.49,0.2,5.1000000000000005,50,28,53,7,25.5,93.42,1006,48,0,7,48,26.6,204,2.5
2015,4,8,7,30,67.71000000000001,0.2,5.1000000000000005,174,253,270,0,25.8,91.07000000000001,1007,174,253,0,270,27.400000000000002,203,2.7
2015,4,8,8,30,52.85,0.2,5.2,254,408,501,7,25.8,87.60000000000001,1007,254,408,5,501,28.1,200,2.8000000000000003
2015,4,8,9,30,37.980000000000004,0.2,5.300000000000001,312,493,701,7,25.6,83.53,1008,312,493,5,701,28.700000000000003,197,2.8000000000000003
2015,4,8,10,30,23.1,0.2,5.4,349,542,848,7,25.5,81.46000000000001,1007,505,220,7,707,29,195,2.8000000000000003
2015,4,8,11,30,8.290000000000001,0.2,5.6000000000000005,369,563,925,7,25.5,80.49,1007,362,552,0,908,29.200000000000003,194,2.8000000000000003
2015,4,8,12,30,6.93,0.2,5.7,348,592,935,0,25.5,80.39,1006,348,592,0,935,29.200000000000003,197,2.8000000000000003
2015,4,8,13,30,21.71,0.2,5.800000000000001,336,565,861,0,25.400000000000002,80.61,1005,336,565,0,861,29.1,201,2.7
2015,4,8,14,30,36.59,0.2,5.9,311,504,716,0,25.400000000000002,81.48,1005,311,504,0,716,28.900000000000002,203,2.5
2015,4,8,15,30,51.46,0.2,5.9,267,399,516,7,25.400000000000002,83.06,1005,267,399,5,516,28.6,203,2.4000000000000004
2015,4,8,16,30,66.32000000000001,0.2,5.9,192,231,285,1,25.6,86.54,1006,192,231,0,285,28.1,204,2.2
2015,4,8,17,30,81.11,0.2,6,59,25,63,3,25.900000000000002,91.18,1006,59,25,5,63,27.5,207,2.1
2015,4,8,18,30,96.01,0.2,6,0,0,0,7,26,93.59,1007,0,0,0,0,27.1,211,2.1
2015,4,8,19,30,110.76,0.2,6,0,0,0,7,26,94.66,1008,0,0,0,0,26.900000000000002,218,2.2
2015,4,8,20,30,125.39,0.2,6,0,0,0,7,26,95.69,1008,0,0,0,0,26.700000000000003,223,2.2
2015,4,8,21,30,139.76,0.2,6,0,0,0,7,25.900000000000002,96.08,1008,0,0,0,0,26.6,226,2.2
2015,4,8,22,30,153.48,0.2,5.9,0,0,0,7,25.900000000000002,96.42,1008,0,0,0,0,26.5,228,2.3000000000000003
2015,4,8,23,30,164.64000000000001,0.2,5.9,0,0,0,7,25.8,97.21000000000001,1007,0,0,0,0,26.3,230,2.3000000000000003
2015,4,9,0,30,165.29,0.2,5.800000000000001,0,0,0,7,25.8,97.52,1007,0,0,0,0,26.200000000000003,231,2.4000000000000004
2015,4,9,1,30,154.61,0.2,5.800000000000001,0,0,0,7,25.700000000000003,97.59,1006,0,0,0,0,26.1,231,2.4000000000000004
2015,4,9,2,30,140.99,0.2,5.7,0,0,0,7,25.6,97.69,1006,0,0,0,0,26,229,2.5
2015,4,9,3,30,126.65,0.2,5.7,0,0,0,7,25.5,97.22,1006,0,0,0,0,26,226,2.7
2015,4,9,4,30,112.04,0.2,5.7,0,0,0,7,25.400000000000002,97.21000000000001,1006,0,0,0,0,25.900000000000002,223,2.8000000000000003
2015,4,9,5,30,97.31,0.2,5.7,0,0,0,1,25.3,95.73,1006,0,0,0,0,26,221,3
2015,4,9,6,30,82.39,0.2,5.7,52,41,58,8,25.3,94.12,1007,52,41,5,58,26.3,219,3.3000000000000003
2015,4,9,7,30,67.62,0.2,5.6000000000000005,159,315,279,0,25.400000000000002,91.53,1007,159,315,0,279,26.900000000000002,217,3.5
2015,4,9,8,30,52.78,0.2,5.6000000000000005,215,498,516,3,25.200000000000003,87.27,1007,342,50,0,372,27.5,214,3.5
2015,4,9,9,30,37.910000000000004,0.2,5.6000000000000005,251,596,722,7,24.700000000000003,81.35000000000001,1008,336,22,7,353,28.200000000000003,209,3.3000000000000003
2015,4,9,10,30,23.05,0.2,5.7,276,647,871,8,24.5,77.88,1007,387,23,7,408,28.700000000000003,205,2.9000000000000004
2015,4,9,11,30,8.3,0.2,5.7,289,670,951,7,24.400000000000002,76.49,1007,513,218,0,729,29,202,2.7
2015,4,9,12,30,7.09,0.2,5.7,333,611,939,6,24.5,76.74,1006,182,0,0,182,29,200,2.7
2015,4,9,13,30,21.8,0.2,5.7,312,599,868,6,24.6,78.09,1006,232,1,0,233,28.8,197,2.7
2015,4,9,14,30,36.660000000000004,0.2,5.7,280,557,727,6,24.700000000000003,79.41,1005,313,12,0,322,28.6,195,2.7
2015,4,9,15,30,51.52,0.2,5.7,256,424,520,7,24.8,81.52,1005,345,213,0,477,28.3,194,2.5
2015,4,9,16,30,66.37,0.2,5.7,184,261,289,7,25,84.94,1006,230,68,0,257,27.8,194,2.2
2015,4,9,17,30,81.14,0.2,5.7,62,40,68,7,25.3,89.54,1006,62,40,5,68,27.200000000000003,195,1.9000000000000001
2015,4,9,18,30,96.04,0.2,5.7,0,0,0,7,25.3,91.65,1007,0,0,0,0,26.8,199,1.8
2015,4,9,19,30,110.77,0.2,5.7,0,0,0,7,25.3,92.41,1008,0,0,0,0,26.6,205,1.9000000000000001
2015,4,9,20,30,125.37,0.2,5.6000000000000005,0,0,0,8,25.200000000000003,92.74,1008,0,0,0,0,26.5,211,1.9000000000000001
2015,4,9,21,30,139.71,0.2,5.5,0,0,0,0,25.200000000000003,93.13,1008,0,0,0,0,26.400000000000002,215,2
2015,4,9,22,30,153.36,0.2,5.300000000000001,0,0,0,8,25.200000000000003,94.01,1008,0,0,0,0,26.200000000000003,218,2
2015,4,9,23,30,164.36,0.2,5.2,0,0,0,1,25.1,94.33,1007,0,0,0,0,26.1,220,2.1
2015,4,10,0,30,164.93,0.2,5.1000000000000005,0,0,0,3,25.1,95.15,1006,0,0,0,0,25.900000000000002,223,2.1
2015,4,10,1,30,154.36,0.2,5,0,0,0,0,25,95.41,1005,0,0,0,0,25.8,224,2.1
2015,4,10,2,30,140.81,0.2,5,0,0,0,0,25,96.28,1005,0,0,0,0,25.6,224,2.2
2015,4,10,3,30,126.5,0.2,5,0,0,0,0,24.900000000000002,96.01,1005,0,0,0,0,25.6,224,2.3000000000000003
2015,4,10,4,30,111.91,0.2,5,0,0,0,0,24.900000000000002,96.32000000000001,1005,0,0,0,0,25.5,224,2.3000000000000003
2015,4,10,5,30,97.19,0.2,5,0,0,0,0,24.8,95.03,1006,0,0,0,0,25.700000000000003,224,2.2
2015,4,10,6,30,82.3,0.2,5.1000000000000005,53,41,59,0,25.1,93.2,1007,53,41,0,59,26.3,226,2.3000000000000003
2015,4,10,7,30,67.54,0.2,5.2,164,299,278,1,25.400000000000002,91.2,1008,164,299,0,278,27,226,2.5
2015,4,10,8,30,52.7,0.2,5.300000000000001,225,477,514,7,25.5,87.27,1008,319,310,0,506,27.8,223,2.6
2015,4,10,9,30,37.85,0.2,5.4,263,577,719,8,25.3,82.89,1008,393,322,0,647,28.5,218,2.6
2015,4,10,10,30,23.01,0.2,5.5,288,631,868,7,25.200000000000003,80.35000000000001,1008,471,276,0,725,28.900000000000002,211,2.6
2015,4,10,11,30,8.32,0.2,5.5,301,654,948,8,25.1,79.75,1007,436,453,7,884,29,204,2.6
2015,4,10,12,30,7.26,0.2,5.6000000000000005,301,654,950,7,25.200000000000003,79.83,1007,290,643,0,928,29,198,2.7
2015,4,10,13,30,21.900000000000002,0.2,5.7,291,628,874,1,25.200000000000003,81.01,1006,291,628,0,874,28.8,194,2.8000000000000003
2015,4,10,14,30,36.730000000000004,0.2,5.7,267,578,730,0,25.3,82.95,1006,267,578,0,730,28.5,192,2.8000000000000003
2015,4,10,15,30,51.58,0.2,5.7,229,483,529,7,25.5,86.5,1006,232,477,0,529,28,193,2.8000000000000003
2015,4,10,16,30,66.42,0.2,5.6000000000000005,167,322,296,0,25.8,90.62,1006,167,322,0,296,27.5,195,2.7
2015,4,10,17,30,81.18,0.2,5.5,64,65,74,7,26,94.33,1006,64,65,5,74,27,199,2.5
2015,4,10,18,30,96.06,0.2,5.4,0,0,0,7,25.900000000000002,95.44,1007,0,0,0,0,26.700000000000003,205,2.5
2015,4,10,19,30,110.77,0.2,5.2,0,0,0,0,25.8,96.10000000000001,1007,0,0,0,0,26.5,211,2.3000000000000003
2015,4,10,20,30,125.36,0.2,5.2,0,0,0,0,25.8,96.24000000000001,1008,0,0,0,0,26.400000000000002,215,2
2015,4,10,21,30,139.66,0.2,5.2,0,0,0,1,25.700000000000003,96.26,1008,0,0,0,0,26.3,221,1.7000000000000002
2015,4,10,22,30,153.23,0.2,5.300000000000001,0,0,0,7,25.6,95.71000000000001,1008,0,0,0,0,26.3,228,1.5
2015,4,10,23,30,164.08,0.2,5.300000000000001,0,0,0,0,25.5,95.74000000000001,1007,0,0,0,0,26.200000000000003,235,1.4000000000000001
2015,4,11,0,30,164.57,0.2,5.4,0,0,0,0,25.400000000000002,95.85000000000001,1006,0,0,0,0,26.1,239,1.3
2015,4,11,1,30,154.11,0.2,5.5,0,0,0,0,25.3,95.98,1005,0,0,0,0,26,238,1.2000000000000002
2015,4,11,2,30,140.63,0.2,5.6000000000000005,0,0,0,0,25.200000000000003,96.15,1005,0,0,0,0,25.900000000000002,232,1.3
2015,4,11,3,30,126.35000000000001,0.2,5.6000000000000005,0,0,0,8,25.200000000000003,96.55,1005,0,0,0,0,25.8,224,1.4000000000000001
2015,4,11,4,30,111.79,0.2,5.6000000000000005,0,0,0,0,25.200000000000003,96.36,1005,0,0,0,0,25.8,218,1.5
2015,4,11,5,30,97.09,0.2,5.6000000000000005,0,0,0,0,25.200000000000003,95.73,1006,0,0,0,0,25.900000000000002,213,1.7000000000000002
2015,4,11,6,30,82.2,0.2,5.6000000000000005,54,50,61,3,25.400000000000002,94.09,1007,33,0,7,33,26.400000000000002,209,2
2015,4,11,7,30,67.45,0.2,5.6000000000000005,159,319,281,3,25.700000000000003,92.87,1007,198,9,0,201,27,206,2.3000000000000003
2015,4,11,8,30,52.63,0.2,5.6000000000000005,218,491,516,0,25.900000000000002,90.26,1008,218,491,0,516,27.6,200,2.4000000000000004
2015,4,11,9,30,37.79,0.2,5.6000000000000005,257,586,720,2,25.700000000000003,86.88,1008,462,97,0,538,28.1,195,2.6
2015,4,11,10,30,22.97,0.2,5.6000000000000005,283,636,869,8,25.5,85.05,1008,470,186,7,641,28.3,191,2.8000000000000003
2015,4,11,11,30,8.36,0.2,5.7,300,653,946,7,25.400000000000002,83.59,1007,487,325,0,809,28.5,190,3
2015,4,11,12,30,7.44,0.2,5.7,381,545,921,7,25.400000000000002,83.78,1006,384,540,0,919,28.400000000000002,191,3.2
2015,4,11,13,30,22,0.2,5.800000000000001,371,511,845,1,25.400000000000002,84.7,1006,371,511,0,845,28.200000000000003,193,3.3000000000000003
2015,4,11,14,30,36.81,0.2,5.800000000000001,342,449,701,7,25.400000000000002,85.57000000000001,1005,342,449,5,701,28,195,3.2
2015,4,11,15,30,51.64,0.2,5.800000000000001,288,347,504,8,25.400000000000002,87.78,1005,270,20,7,282,27.6,196,3
2015,4,11,16,30,66.46000000000001,0.2,5.800000000000001,198,194,276,7,25.6,91.41,1006,115,2,7,115,27.1,198,2.6
2015,4,11,17,30,81.22,0.2,5.800000000000001,56,18,59,9,25.8,95.24,1007,33,0,0,33,26.6,197,2.2
2015,4,11,18,30,96.08,0.2,5.7,0,0,0,9,25.700000000000003,96.32000000000001,1008,0,0,0,0,26.3,196,2
2015,4,11,19,30,110.78,0.2,5.7,0,0,0,6,25.6,96.35000000000001,1008,0,0,0,0,26.200000000000003,196,1.9000000000000001
2015,4,11,20,30,125.34,0.2,5.7,0,0,0,6,25.5,96.57000000000001,1009,0,0,0,0,26.1,197,1.9000000000000001
2015,4,11,21,30,139.6,0.2,5.7,0,0,0,6,25.400000000000002,96.21000000000001,1009,0,0,0,0,26.1,199,1.8
2015,4,11,22,30,153.1,0.2,5.7,0,0,0,7,25.400000000000002,96.5,1009,0,0,0,0,26,204,1.8
2015,4,11,23,30,163.8,0.2,5.7,0,0,0,6,25.3,97.26,1008,0,0,0,0,25.8,210,1.8
2015,4,12,0,30,164.21,0.2,5.6000000000000005,0,0,0,6,25.3,97.47,1007,0,0,0,0,25.700000000000003,214,1.9000000000000001
2015,4,12,1,30,153.86,0.2,5.6000000000000005,0,0,0,7,25.200000000000003,97.79,1007,0,0,0,0,25.6,215,1.9000000000000001
2015,4,12,2,30,140.44,0.2,5.6000000000000005,0,0,0,6,25.200000000000003,97.53,1006,0,0,0,0,25.6,211,2
2015,4,12,3,30,126.21000000000001,0.2,5.6000000000000005,0,0,0,6,25.200000000000003,97.45,1006,0,0,0,0,25.6,203,2.2
2015,4,12,4,30,111.66,0.2,5.7,0,0,0,6,25.200000000000003,97.63,1007,0,0,0,0,25.6,196,2.2
2015,4,12,5,30,96.98,0.2,5.800000000000001,0,0,0,9,25.200000000000003,97.03,1008,0,0,0,0,25.700000000000003,190,2.2
2015,4,12,6,30,82.11,0.2,5.800000000000001,55,50,62,9,25.400000000000002,95.58,1009,3,0,7,3,26.200000000000003,184,2.3000000000000003
2015,4,12,7,30,67.37,0.2,5.9,159,318,282,9,25.8,95.02,1010,7,0,0,7,26.700000000000003,179,2.4000000000000004
2015,4,12,8,30,52.56,0.2,5.9,216,494,517,9,25.900000000000002,93.26,1010,15,0,0,15,27.1,176,2.6
2015,4,12,9,30,37.74,0.2,5.800000000000001,254,589,720,6,25.700000000000003,90.01,1010,126,0,0,127,27.5,175,2.8000000000000003
2015,4,12,10,30,22.94,0.2,5.7,293,619,864,6,25.5,87.2,1010,293,3,0,296,27.8,176,3.1
2015,4,12,11,30,8.42,0.2,5.6000000000000005,354,579,927,7,25.3,85.7,1009,512,177,0,687,27.900000000000002,178,3.4000000000000004
2015,4,12,12,30,7.640000000000001,0.2,5.4,425,486,907,7,25,83.96000000000001,1008,542,142,0,683,28,180,3.5
2015,4,12,13,30,22.1,0.2,5.300000000000001,465,377,815,8,24.700000000000003,82.43,1007,543,89,0,625,28,181,3.4000000000000004
2015,4,12,14,30,36.89,0.2,5.2,445,272,662,7,24.5,82.13,1007,533,119,0,628,27.8,176,3
2015,4,12,15,30,51.7,0.2,5.1000000000000005,359,170,465,7,24.3,82.18,1007,299,17,0,309,27.6,169,2.5
2015,4,12,16,30,66.51,0.2,5,213,65,239,7,24.3,84.11,1008,207,6,7,209,27.200000000000003,163,2
2015,4,12,17,30,81.25,0.2,4.9,31,1,31,0,24.5,88.37,1008,31,1,0,31,26.6,157,1.5
2015,4,12,18,30,96.11,0.2,4.800000000000001,0,0,0,0,24.400000000000002,88.56,1009,0,0,0,0,26.400000000000002,146,1.2000000000000002
2015,4,12,19,30,110.78,0.2,4.7,0,0,0,0,24.1,87.25,1009,0,0,0,0,26.400000000000002,131,1.1
2015,4,12,20,30,125.31,0.2,4.7,0,0,0,0,23.900000000000002,86.28,1010,0,0,0,0,26.400000000000002,120,1
2015,4,12,21,30,139.54,0.2,4.7,0,0,0,1,23.8,85.57000000000001,1010,0,0,0,0,26.400000000000002,114,0.9
2015,4,12,22,30,152.97,0.2,4.7,0,0,0,8,23.6,85.36,1009,0,0,0,0,26.3,98,0.6000000000000001
2015,4,12,23,30,163.51,0.2,4.7,0,0,0,7,23.6,86.44,1009,0,0,0,0,26,46,0.5
2015,4,13,0,30,163.86,0.2,4.800000000000001,0,0,0,7,23.5,88.09,1008,0,0,0,0,25.6,176,0.7000000000000001
2015,4,13,1,30,153.61,0.2,4.800000000000001,0,0,0,0,23.5,90.59,1007,0,0,0,0,25.1,341,1.1
2015,4,13,2,30,140.26,0.2,4.9,0,0,0,0,23.5,92.35000000000001,1007,0,0,0,0,24.8,336,1.3
2015,4,13,3,30,126.06,0.2,4.9,0,0,0,0,23.5,93.53,1007,0,0,0,0,24.6,330,1.3
2015,4,13,4,30,111.54,0.2,4.9,0,0,0,0,23.5,94.55,1008,0,0,0,0,24.400000000000002,323,1.3
2015,4,13,5,30,96.87,0.2,4.9,0,0,0,0,23.400000000000002,92.61,1008,0,0,0,0,24.700000000000003,312,1.3
2015,4,13,6,30,82.02,0.2,4.9,30,1,30,0,23.6,89.5,1009,30,1,0,30,25.5,300,1.3
2015,4,13,7,30,67.29,0.2,4.9,204,62,228,0,23.900000000000002,84.67,1010,204,62,0,228,26.700000000000003,280,1.1
2015,4,13,8,30,52.49,0.2,5,362,129,440,0,23.6,76.77,1010,362,129,0,440,28.1,231,0.6000000000000001
2015,4,13,9,30,37.69,0.2,5,470,214,639,0,23.3,70.13,1010,470,214,0,639,29.3,169,0.8
2015,4,13,10,30,22.92,0.2,5,548,247,776,2,23.200000000000003,67.16,1009,680,74,0,748,30,142,1.4000000000000001
2015,4,13,11,30,8.5,0.2,5,595,254,846,0,23.5,66.96000000000001,1009,595,254,0,846,30.3,141,1.8
2015,4,13,12,30,7.84,0.2,5.1000000000000005,661,133,793,0,23.6,67.93,1008,661,133,0,793,30.200000000000003,144,2.2
2015,4,13,13,30,22.21,0.2,5.1000000000000005,613,114,719,3,23.8,69.48,1007,613,114,5,719,30,148,2.6
2015,4,13,14,30,36.96,0.2,5.1000000000000005,512,80,576,8,24,71.95,1007,512,80,5,576,29.6,153,2.8000000000000003
2015,4,13,15,30,51.77,0.2,5.1000000000000005,360,45,388,0,24.200000000000003,75.47,1007,360,45,0,388,29,159,2.8000000000000003
2015,4,13,16,30,66.56,0.2,5.1000000000000005,165,10,169,0,24.5,80.45,1007,165,10,0,169,28.200000000000003,165,2.7
2015,4,13,17,30,81.29,0.2,5,8,0,8,0,25,86.53,1008,8,0,0,8,27.400000000000002,171,2.5
2015,4,13,18,30,96.13,0.2,4.9,0,0,0,0,25.1,90.68,1009,0,0,0,0,26.8,176,2.4000000000000004
2015,4,13,19,30,110.78,0.2,4.800000000000001,0,0,0,7,25.200000000000003,92.16,1009,0,0,0,0,26.6,180,2.3000000000000003
2015,4,13,20,30,125.29,0.2,4.7,0,0,0,7,25.200000000000003,93.4,1009,0,0,0,0,26.400000000000002,185,2.1
2015,4,13,21,30,139.48,0.2,4.6000000000000005,0,0,0,7,25.200000000000003,94.33,1009,0,0,0,0,26.200000000000003,192,1.9000000000000001
2015,4,13,22,30,152.83,0.2,4.5,0,0,0,8,25.200000000000003,95.12,1009,0,0,0,0,26,199,1.8
2015,4,13,23,30,163.22,0.2,4.4,0,0,0,7,25.1,95.22,1008,0,0,0,0,25.900000000000002,207,1.7000000000000002
2015,4,14,0,30,163.51,0.2,4.3,0,0,0,7,25,95.89,1007,0,0,0,0,25.700000000000003,214,1.7000000000000002
2015,4,14,1,30,153.36,0.2,4.2,0,0,0,7,24.900000000000002,96.71000000000001,1007,0,0,0,0,25.5,220,1.7000000000000002
2015,4,14,2,30,140.07,0.2,4.1000000000000005,0,0,0,7,24.900000000000002,96.93,1006,0,0,0,0,25.400000000000002,223,1.8
2015,4,14,3,30,125.91,0.2,4.1000000000000005,0,0,0,7,24.8,97.29,1006,0,0,0,0,25.3,225,1.8
2015,4,14,4,30,111.42,0.2,4.2,0,0,0,7,24.8,97.77,1007,0,0,0,0,25.200000000000003,227,1.9000000000000001
2015,4,14,5,30,96.77,0.2,4.2,0,0,0,7,24.8,96.39,1007,0,0,0,0,25.400000000000002,229,2
2015,4,14,6,30,81.93,0.2,4.2,9,0,9,0,25,93.58,1008,9,0,0,9,26.1,231,2.2
2015,4,14,7,30,67.21000000000001,0.2,4.2,178,18,185,8,25.200000000000003,90.02,1008,178,18,5,185,27,231,2.3000000000000003
2015,4,14,8,30,52.43,0.2,4.3,368,78,416,7,25.200000000000003,84.95,1008,368,78,5,416,28,229,2.2
2015,4,14,9,30,37.64,0.2,4.3,501,147,617,7,25,79.75,1008,501,147,5,617,28.900000000000002,227,1.9000000000000001
2015,4,14,10,30,22.900000000000002,0.2,4.4,578,201,763,7,24.8,75.16,1008,578,201,5,763,29.700000000000003,227,1.5
2015,4,14,11,30,8.59,0.2,4.6000000000000005,610,234,841,7,24.8,72.48,1007,711,111,0,821,30.3,228,1.2000000000000002
2015,4,14,12,30,8.06,0.2,4.7,593,260,850,7,24.700000000000003,71,1006,663,95,0,757,30.6,226,1.1
2015,4,14,13,30,22.31,0.2,4.800000000000001,551,248,781,7,24.6,70.18,1006,633,94,0,720,30.700000000000003,219,1.3
2015,4,14,14,30,37.04,0.2,4.800000000000001,479,207,644,7,24.6,70.86,1005,461,47,0,499,30.5,212,1.5
2015,4,14,15,30,51.83,0.2,4.800000000000001,371,67,412,7,24.700000000000003,72.89,1005,358,12,0,365,30.1,207,1.9000000000000001
2015,4,14,16,30,66.61,0.2,4.7,176,14,182,7,24.900000000000002,76.74,1005,176,14,5,182,29.400000000000002,205,2.1
2015,4,14,17,30,81.32000000000001,0.2,4.6000000000000005,9,0,9,8,25.400000000000002,84.25,1005,9,0,5,9,28.3,204,2.3000000000000003
2015,4,14,18,30,96.14,0.2,4.6000000000000005,0,0,0,1,25.6,89.55,1006,0,0,0,0,27.5,203,2.5
2015,4,14,19,30,110.78,0.2,4.5,0,0,0,1,25.6,91.68,1006,0,0,0,0,27.1,203,2.6
2015,4,14,20,30,125.26,0.2,4.5,0,0,0,0,25.8,93.48,1007,0,0,0,0,26.900000000000002,204,2.6
2015,4,14,21,30,139.41,0.2,4.5,0,0,0,0,25.8,94.88,1007,0,0,0,0,26.700000000000003,206,2.5
2015,4,14,22,30,152.68,0.2,4.5,0,0,0,0,25.8,95.43,1007,0,0,0,0,26.6,208,2.3000000000000003
2015,4,14,23,30,162.93,0.2,4.5,0,0,0,0,25.8,96.43,1007,0,0,0,0,26.400000000000002,211,2.2
2015,4,15,0,30,163.16,0.2,4.5,0,0,0,0,25.700000000000003,96.73,1006,0,0,0,0,26.3,214,2.2
2015,4,15,1,30,153.11,0.2,4.5,0,0,0,0,25.700000000000003,97,1005,0,0,0,0,26.200000000000003,215,2.2
2015,4,15,2,30,139.89000000000001,0.2,4.5,0,0,0,0,25.700000000000003,97.38,1005,0,0,0,0,26.1,215,2.2
2015,4,15,3,30,125.76,0.2,4.4,0,0,0,0,25.6,97.81,1005,0,0,0,0,26,215,2.2
2015,4,15,4,30,111.29,0.2,4.4,0,0,0,1,25.6,98.2,1005,0,0,0,0,25.900000000000002,215,2.2
2015,4,15,5,30,96.66,0.2,4.3,0,0,0,0,25.6,96.87,1006,0,0,0,0,26.1,216,2.3000000000000003
2015,4,15,6,30,81.84,0.2,4.3,13,0,13,0,25.700000000000003,94.49,1006,13,0,0,13,26.700000000000003,216,2.5
2015,4,15,7,30,67.14,0.2,4.2,191,28,202,3,26,91.98,1007,191,28,5,202,27.400000000000002,216,2.7
2015,4,15,8,30,52.370000000000005,0.2,4.2,370,103,432,3,26,87.72,1007,319,6,0,322,28.200000000000003,214,2.8000000000000003
2015,4,15,9,30,37.6,0.2,4.2,493,172,629,0,25.8,83.25,1007,493,172,0,629,28.900000000000002,213,2.7
2015,4,15,10,30,22.900000000000002,0.2,4.1000000000000005,566,226,774,0,25.6,80.27,1007,566,226,0,774,29.400000000000002,211,2.5
2015,4,15,11,30,8.700000000000001,0.2,4.1000000000000005,598,256,852,0,25.6,78.5,1006,598,256,0,852,29.700000000000003,210,2.4000000000000004
2015,4,15,12,30,8.28,0.2,4.2,665,132,796,0,25.400000000000002,77.34,1005,665,132,0,796,29.8,209,2.4000000000000004
2015,4,15,13,30,22.43,0.2,4.2,616,114,722,0,25.3,77.29,1005,616,114,0,722,29.700000000000003,207,2.5
2015,4,15,14,30,37.12,0.2,4.3,514,79,577,0,25.200000000000003,77.73,1004,514,79,0,577,29.5,205,2.6
2015,4,15,15,30,51.89,0.2,4.3,354,37,377,0,25.200000000000003,79.76,1005,354,37,0,377,29.1,204,2.7
2015,4,15,16,30,66.66,0.2,4.3,147,6,149,0,25.5,84.29,1005,147,6,0,149,28.400000000000002,204,2.7
2015,4,15,17,30,81.35000000000001,0.2,4.3,4,0,4,0,25.8,89.32000000000001,1005,4,0,0,4,27.700000000000003,205,2.7
2015,4,15,18,30,96.16,0.2,4.2,0,0,0,0,25.8,92.16,1006,0,0,0,0,27.200000000000003,207,2.8000000000000003
2015,4,15,19,30,110.78,0.2,4.1000000000000005,0,0,0,0,25.8,93.18,1007,0,0,0,0,27,210,2.9000000000000004
2015,4,15,20,30,125.24000000000001,0.2,4,0,0,0,0,25.8,94.16,1007,0,0,0,0,26.8,213,2.8000000000000003
2015,4,15,21,30,139.34,0.2,4,0,0,0,0,25.700000000000003,94.48,1007,0,0,0,0,26.700000000000003,215,2.8000000000000003
2015,4,15,22,30,152.54,0.2,4,0,0,0,0,25.700000000000003,95.35000000000001,1007,0,0,0,0,26.5,217,2.7
2015,4,15,23,30,162.64000000000001,0.2,4,0,0,0,0,25.6,95.60000000000001,1007,0,0,0,0,26.400000000000002,218,2.6
2015,4,16,0,30,162.81,0.2,4,0,0,0,0,25.6,96.28,1006,0,0,0,0,26.200000000000003,220,2.5
2015,4,16,1,30,152.86,0.2,4,0,0,0,0,25.5,96.47,1006,0,0,0,0,26.1,220,2.4000000000000004
2015,4,16,2,30,139.71,0.2,4,0,0,0,0,25.400000000000002,96.59,1006,0,0,0,0,26,220,2.3000000000000003
2015,4,16,3,30,125.62,0.2,4,0,0,0,0,25.400000000000002,96.81,1006,0,0,0,0,25.900000000000002,219,2.3000000000000003
2015,4,16,4,30,111.17,0.2,4,0,0,0,0,25.3,97.10000000000001,1006,0,0,0,0,25.8,218,2.2
2015,4,16,5,30,96.56,0.2,4,0,0,0,0,25.3,96.36,1007,0,0,0,0,25.900000000000002,218,2.2
2015,4,16,6,30,81.75,0.2,4,7,0,7,0,25.5,94.31,1007,7,0,0,7,26.5,218,2.3000000000000003
2015,4,16,7,30,67.07000000000001,0.2,4,174,15,179,0,25.8,91.69,1008,174,15,0,179,27.3,218,2.4000000000000004
2015,4,16,8,30,52.32,0.2,4,370,76,417,0,25.8,87.05,1008,370,76,0,417,28.200000000000003,217,2.4000000000000004
2015,4,16,9,30,37.56,0.2,4,501,154,623,0,25.6,81.43,1008,501,154,0,623,29.1,216,2.3000000000000003
2015,4,16,10,30,22.89,0.2,4.1000000000000005,569,220,772,1,25.400000000000002,77.78,1008,569,220,0,772,29.700000000000003,213,2.1
2015,4,16,11,30,8.81,0.2,4.1000000000000005,591,266,854,3,25.3,75.19,1007,656,51,0,706,30.200000000000003,211,1.9000000000000001
2015,4,16,12,30,8.51,0.2,4.2,554,319,870,2,25.3,74.3,1006,593,41,0,634,30.400000000000002,210,1.8
2015,4,16,13,30,22.54,0.2,4.3,521,298,797,0,25.200000000000003,73.85000000000001,1005,521,298,0,797,30.400000000000002,207,1.8
2015,4,16,14,30,37.21,0.2,4.3,458,250,657,1,25.200000000000003,74.96000000000001,1005,458,250,0,657,30.1,206,2
2015,4,16,15,30,51.95,0.2,4.3,369,133,451,0,25.1,76.54,1005,369,133,0,451,29.700000000000003,206,2.2
2015,4,16,16,30,66.7,0.2,4.3,207,46,225,0,25.3,80.54,1005,207,46,0,225,29,207,2.4000000000000004
2015,4,16,17,30,81.38,0.2,4.3,23,0,23,1,25.700000000000003,86.64,1006,23,0,0,23,28.1,209,2.4000000000000004
2015,4,16,18,30,96.18,0.2,4.3,0,0,0,7,25.8,91.03,1006,0,0,0,0,27.400000000000002,211,2.4000000000000004
2015,4,16,19,30,110.78,0.2,4.3,0,0,0,8,25.8,92.64,1007,0,0,0,0,27.1,213,2.4000000000000004
2015,4,16,20,30,125.2,0.2,4.3,0,0,0,0,25.8,93.8,1008,0,0,0,0,26.900000000000002,214,2.4000000000000004
2015,4,16,21,30,139.26,0.2,4.3,0,0,0,0,25.8,94.66,1008,0,0,0,0,26.700000000000003,216,2.3000000000000003
2015,4,16,22,30,152.39000000000001,0.2,4.4,0,0,0,0,25.700000000000003,94.85000000000001,1008,0,0,0,0,26.6,217,2.2
2015,4,16,23,30,162.34,0.2,4.4,0,0,0,0,25.6,95.57000000000001,1008,0,0,0,0,26.400000000000002,219,2.2
2015,4,17,0,30,162.46,0.2,4.5,0,0,0,0,25.5,95.63,1007,0,0,0,0,26.3,221,2.2
2015,4,17,1,30,152.62,0.2,4.5,0,0,0,0,25.400000000000002,95.64,1006,0,0,0,0,26.200000000000003,222,2.1
2015,4,17,2,30,139.52,0.2,4.5,0,0,0,0,25.400000000000002,95.7,1006,0,0,0,0,26.1,221,2.1
2015,4,17,3,30,125.47,0.2,4.5,0,0,0,0,25.3,96.28,1006,0,0,0,0,25.900000000000002,218,2
2015,4,17,4,30,111.05,0.2,4.4,0,0,0,0,25.200000000000003,96.33,1007,0,0,0,0,25.8,214,1.9000000000000001
2015,4,17,5,30,96.46000000000001,0.2,4.4,0,0,0,0,25.1,94.53,1007,0,0,0,0,26,209,1.9000000000000001
2015,4,17,6,30,81.67,0.2,4.3,36,3,36,0,25.400000000000002,92.33,1008,36,3,0,36,26.700000000000003,204,2
2015,4,17,7,30,67,0.2,4.3,210,101,249,0,25.700000000000003,88.67,1008,210,101,0,249,27.700000000000003,199,2.2
2015,4,17,8,30,52.26,0.2,4.2,335,231,476,0,25.5,82.92,1009,335,231,0,476,28.700000000000003,195,2.3000000000000003
2015,4,17,9,30,37.53,0.2,4.2,402,348,678,0,25,76.58,1009,402,348,0,678,29.6,192,2.3000000000000003
2015,4,17,10,30,22.900000000000002,0.2,4.2,446,408,822,0,24.8,72.67,1008,446,408,0,822,30.3,190,2.3000000000000003
2015,4,17,11,30,8.950000000000001,0.2,4.3,466,436,897,0,24.700000000000003,71,1008,466,436,0,897,30.6,189,2.3000000000000003
2015,4,17,12,30,8.74,0.2,4.3,556,314,866,0,24.700000000000003,69.97,1007,556,314,0,866,30.8,189,2.3000000000000003
2015,4,17,13,30,22.66,0.2,4.4,519,299,795,0,24.6,69.71000000000001,1006,519,299,0,795,30.8,190,2.4000000000000004
2015,4,17,14,30,37.29,0.2,4.4,451,260,658,0,24.5,70.57000000000001,1006,451,260,0,658,30.5,193,2.5
2015,4,17,15,30,52.02,0.2,4.5,351,190,468,7,24.5,72.25,1006,351,190,5,468,30,197,2.6
2015,4,17,16,30,66.75,0.2,4.5,212,85,246,7,24.6,76.97,1006,212,85,5,246,29.1,202,2.6
2015,4,17,17,30,81.41,0.2,4.5,37,3,37,8,25.1,83.76,1007,37,3,5,37,28.1,206,2.5
2015,4,17,18,30,96.19,0.2,4.4,0,0,0,6,25.3,88.67,1007,0,0,0,0,27.3,210,2.4000000000000004
2015,4,17,19,30,110.77,0.2,4.4,0,0,0,7,25.3,90.26,1008,0,0,0,0,27,213,2.3000000000000003
2015,4,17,20,30,125.17,0.2,4.4,0,0,0,7,25.200000000000003,91.71000000000001,1008,0,0,0,0,26.700000000000003,215,2.2
2015,4,17,21,30,139.19,0.2,4.4,0,0,0,8,25.200000000000003,92.48,1009,0,0,0,0,26.5,216,2.1
2015,4,17,22,30,152.24,0.2,4.3,0,0,0,0,25.1,92.95,1008,0,0,0,0,26.3,217,2
2015,4,17,23,30,162.05,0.2,4.3,0,0,0,3,25,93.53,1008,0,0,0,0,26.1,218,2
2015,4,18,0,30,162.12,0.2,4.3,0,0,0,8,24.900000000000002,93.46000000000001,1007,0,0,0,0,26,219,2
2015,4,18,1,30,152.37,0.2,4.2,0,0,0,7,24.700000000000003,93.93,1006,0,0,0,0,25.8,221,2
2015,4,18,2,30,139.34,0.2,4.2,0,0,0,7,24.6,93.87,1006,0,0,0,0,25.700000000000003,223,2
2015,4,18,3,30,125.33,0.2,4.2,0,0,0,3,24.6,94.54,1006,0,0,0,0,25.5,224,2
2015,4,18,4,30,110.94,0.2,4.2,0,0,0,0,24.5,94.81,1006,0,0,0,0,25.400000000000002,225,2
2015,4,18,5,30,96.36,0.2,4.3,0,0,0,0,24.5,92.95,1007,0,0,0,0,25.700000000000003,227,2
2015,4,18,6,30,81.59,0.2,4.3,43,6,44,0,24.900000000000002,91.34,1008,43,6,0,44,26.400000000000002,229,2.1
2015,4,18,7,30,66.93,0.2,4.4,207,132,259,0,25.3,88.21000000000001,1008,207,132,0,259,27.400000000000002,226,2.2
2015,4,18,8,30,52.21,0.2,4.5,316,277,485,0,25.1,82.04,1008,316,277,0,485,28.5,220,2.3000000000000003
2015,4,18,9,30,37.5,0.2,4.6000000000000005,382,378,682,0,24.8,76.02,1008,382,378,0,682,29.5,212,2.4000000000000004
2015,4,18,10,30,22.91,0.2,4.7,416,445,826,0,24.900000000000002,73.31,1008,416,445,0,826,30.200000000000003,206,2.4000000000000004
2015,4,18,11,30,9.09,0.2,4.800000000000001,427,483,904,0,24.900000000000002,71.39,1007,427,483,0,904,30.700000000000003,200,2.4000000000000004
2015,4,18,12,30,8.98,0.2,4.800000000000001,373,556,922,0,25,71.13,1006,373,556,0,922,30.8,197,2.4000000000000004
2015,4,18,13,30,22.78,0.2,4.800000000000001,351,540,849,0,25,71.53,1006,351,540,0,849,30.700000000000003,195,2.5
2015,4,18,14,30,37.37,0.2,4.7,317,490,706,0,24.900000000000002,72.64,1005,317,490,0,706,30.400000000000002,194,2.6
2015,4,18,15,30,52.08,0.2,4.7,294,329,496,0,24.900000000000002,75.22,1005,294,329,0,496,29.8,194,2.5
2015,4,18,16,30,66.79,0.2,4.7,200,174,269,0,25.1,79.60000000000001,1005,200,174,0,269,29,195,2.4000000000000004
2015,4,18,17,30,81.44,0.2,4.6000000000000005,51,12,53,0,25.5,86.46000000000001,1006,51,12,0,53,28,194,2.2
2015,4,18,18,30,96.2,0.2,4.6000000000000005,0,0,0,0,25.700000000000003,91.13,1007,0,0,0,0,27.3,194,2.2
2015,4,18,19,30,110.76,0.2,4.5,0,0,0,0,25.8,92.99,1008,0,0,0,0,27,193,2.2
2015,4,18,20,30,125.13000000000001,0.2,4.5,0,0,0,0,25.8,94.17,1008,0,0,0,0,26.8,193,2.1
2015,4,18,21,30,139.11,0.2,4.5,0,0,0,0,25.8,95.11,1008,0,0,0,0,26.6,195,2
2015,4,18,22,30,152.08,0.2,4.5,0,0,0,0,25.700000000000003,95.42,1008,0,0,0,0,26.5,200,2
2015,4,18,23,30,161.76,0.2,4.4,0,0,0,0,25.6,95.62,1007,0,0,0,0,26.400000000000002,206,2
2015,4,19,0,30,161.78,0.2,4.4,0,0,0,0,25.6,96.42,1007,0,0,0,0,26.200000000000003,212,2
2015,4,19,1,30,152.12,0.2,4.4,0,0,0,0,25.5,96.49000000000001,1006,0,0,0,0,26.1,217,2.1
2015,4,19,2,30,139.16,0.2,4.4,0,0,0,0,25.400000000000002,97.10000000000001,1006,0,0,0,0,25.900000000000002,221,2.1
2015,4,19,3,30,125.19,0.2,4.4,0,0,0,0,25.3,97.17,1006,0,0,0,0,25.8,223,2.1
2015,4,19,4,30,110.82000000000001,0.2,4.4,0,0,0,0,25.200000000000003,97.23,1006,0,0,0,0,25.700000000000003,224,2.1
2015,4,19,5,30,96.27,0.2,4.4,0,0,0,0,25.1,96.19,1006,0,0,0,0,25.8,223,2.1
2015,4,19,6,30,81.51,0.2,4.5,52,13,54,0,25.400000000000002,94.24,1007,52,13,0,54,26.400000000000002,223,2.2
2015,4,19,7,30,66.87,0.2,4.5,198,182,270,0,25.700000000000003,91.54,1007,198,182,0,270,27.200000000000003,220,2.3000000000000003
2015,4,19,8,30,52.17,0.2,4.6000000000000005,288,342,498,0,25.6,86.34,1007,288,342,0,498,28.1,215,2.3000000000000003
2015,4,19,9,30,37.480000000000004,0.2,4.6000000000000005,341,448,697,0,25.1,79.92,1007,341,448,0,697,28.900000000000002,208,2.2
2015,4,19,10,30,22.93,0.2,4.6000000000000005,373,509,841,0,24.8,75.36,1007,373,509,0,841,29.6,201,2.2
2015,4,19,11,30,9.24,0.2,4.6000000000000005,390,534,917,0,24.6,72.21000000000001,1006,390,534,0,917,30.200000000000003,195,2.2
2015,4,19,12,30,9.23,0.2,4.5,433,478,904,0,24.6,70.9,1005,433,478,0,904,30.5,190,2.2
2015,4,19,13,30,22.91,0.2,4.5,418,445,827,0,24.6,71.23,1005,418,445,0,827,30.400000000000002,187,2.3000000000000003
2015,4,19,14,30,37.46,0.2,4.4,385,375,683,0,24.6,71.9,1004,385,375,0,683,30.200000000000003,187,2.4000000000000004
2015,4,19,15,30,52.14,0.2,4.4,347,196,468,0,24.6,74.23,1004,347,196,0,468,29.700000000000003,189,2.4000000000000004
2015,4,19,16,30,66.84,0.2,4.3,211,75,241,0,24.900000000000002,79.07000000000001,1005,211,75,0,241,28.900000000000002,192,2.3000000000000003
2015,4,19,17,30,81.47,0.2,4.3,30,1,30,0,25.3,85.55,1005,30,1,0,30,28,195,2.2
2015,4,19,18,30,96.21000000000001,0.2,4.2,0,0,0,0,25.5,89.46000000000001,1006,0,0,0,0,27.400000000000002,197,2.2
2015,4,19,19,30,110.75,0.2,4.2,0,0,0,0,25.6,90.77,1006,0,0,0,0,27.200000000000003,198,2.2
2015,4,19,20,30,125.09,0.2,4.3,0,0,0,0,25.6,92.11,1007,0,0,0,0,27,199,2.2
2015,4,19,21,30,139.03,0.2,4.3,0,0,0,0,25.6,92.73,1007,0,0,0,0,26.900000000000002,201,2.2
2015,4,19,22,30,151.92000000000002,0.2,4.4,0,0,0,0,25.6,93.27,1007,0,0,0,0,26.8,203,2.2
2015,4,19,23,30,161.46,0.2,4.5,0,0,0,0,25.6,94.17,1006,0,0,0,0,26.6,204,2.2
2015,4,20,0,30,161.44,0.2,4.6000000000000005,0,0,0,0,25.6,94.56,1006,0,0,0,0,26.5,205,2.2
2015,4,20,1,30,151.88,0.2,4.6000000000000005,0,0,0,0,25.5,94.8,1005,0,0,0,0,26.400000000000002,204,2.2
2015,4,20,2,30,138.98,0.2,4.7,0,0,0,0,25.400000000000002,95.61,1005,0,0,0,0,26.200000000000003,204,2.2
2015,4,20,3,30,125.05,0.2,4.7,0,0,0,0,25.400000000000002,95.95,1005,0,0,0,0,26.1,204,2.2
2015,4,20,4,30,110.71000000000001,0.2,4.6000000000000005,0,0,0,0,25.400000000000002,96.27,1005,0,0,0,0,26,204,2.2
2015,4,20,5,30,96.17,0.2,4.6000000000000005,0,0,0,0,25.3,95.49,1006,0,0,0,0,26.1,203,2.2
2015,4,20,6,30,81.44,0.2,4.6000000000000005,44,6,45,0,25.5,93.34,1007,44,6,0,45,26.700000000000003,201,2.3000000000000003
2015,4,20,7,30,66.81,0.2,4.6000000000000005,207,137,261,0,25.900000000000002,91.52,1007,207,137,0,261,27.400000000000002,198,2.4000000000000004
2015,4,20,8,30,52.120000000000005,0.2,4.6000000000000005,312,286,488,0,25.900000000000002,88.69,1008,312,286,0,488,27.900000000000002,195,2.4000000000000004
2015,4,20,9,30,37.46,0.2,4.6000000000000005,383,376,681,0,25.6,84.17,1008,383,376,0,681,28.5,192,2.5
2015,4,20,10,30,22.95,0.2,4.6000000000000005,429,427,822,0,25.3,81.11,1007,429,427,0,822,28.900000000000002,190,2.5
2015,4,20,11,30,9.41,0.2,4.6000000000000005,453,448,895,0,25.3,79.91,1007,453,448,1,895,29.1,188,2.4000000000000004
2015,4,20,12,30,9.48,0.2,4.6000000000000005,454,447,895,0,25.200000000000003,79.29,1006,454,447,0,895,29.200000000000003,188,2.4000000000000004
2015,4,20,13,30,23.03,0.2,4.6000000000000005,427,429,822,0,25.200000000000003,79.62,1005,427,429,0,822,29.1,188,2.4000000000000004
2015,4,20,14,30,37.54,0.2,4.6000000000000005,379,381,682,0,25.200000000000003,81.07000000000001,1005,379,381,0,682,28.8,188,2.4000000000000004
2015,4,20,15,30,52.2,0.2,4.7,307,294,488,0,25.3,82.84,1005,307,294,0,488,28.5,188,2.3000000000000003
2015,4,20,16,30,66.88,0.2,4.7,203,156,264,0,25.5,86.41,1005,203,156,0,264,28,187,2.1
2015,4,20,17,30,81.5,0.2,4.7,49,11,51,0,25.8,91.52,1006,49,11,0,51,27.3,187,2
2015,4,20,18,30,96.22,0.2,4.800000000000001,0,0,0,0,25.700000000000003,93.33,1006,0,0,0,0,26.900000000000002,189,2
2015,4,20,19,30,110.74000000000001,0.2,4.800000000000001,0,0,0,8,25.700000000000003,94.27,1007,0,0,0,0,26.700000000000003,192,2
2015,4,20,20,30,125.05,0.2,4.800000000000001,0,0,0,7,25.700000000000003,94.65,1007,0,0,0,0,26.6,196,2.1
2015,4,20,21,30,138.94,0.2,4.800000000000001,0,0,0,7,25.6,94.95,1007,0,0,0,0,26.5,201,2.1
2015,4,20,22,30,151.76,0.2,4.800000000000001,0,0,0,7,25.6,94.7,1007,0,0,0,0,26.5,207,2.1
2015,4,20,23,30,161.17000000000002,0.2,4.7,0,0,0,7,25.5,94.81,1006,0,0,0,0,26.400000000000002,212,2.2
2015,4,21,0,30,161.11,0.2,4.7,0,0,0,7,25.400000000000002,94.93,1005,0,0,0,0,26.3,216,2.2
2015,4,21,1,30,151.63,0.2,4.7,0,0,0,8,25.3,95.08,1005,0,0,0,0,26.200000000000003,218,2.2
2015,4,21,2,30,138.8,0.2,4.7,0,0,0,8,25.3,95.09,1004,0,0,0,0,26.1,218,2.2
2015,4,21,3,30,124.91,0.2,4.7,0,0,0,7,25.200000000000003,95.4,1005,0,0,0,0,26,217,2.3000000000000003
2015,4,21,4,30,110.59,0.2,4.7,0,0,0,7,25.200000000000003,95.67,1005,0,0,0,0,25.900000000000002,216,2.3000000000000003
2015,4,21,5,30,96.08,0.2,4.800000000000001,0,0,0,7,25.1,94.27,1005,0,0,0,0,26.1,215,2.3000000000000003
2015,4,21,6,30,81.36,0.2,4.800000000000001,58,26,62,8,25.400000000000002,92.89,1006,58,26,5,62,26.6,214,2.4000000000000004
2015,4,21,7,30,66.75,0.2,4.9,187,235,279,7,25.700000000000003,90.99,1007,231,94,7,268,27.3,212,2.5
2015,4,21,8,30,52.09,0.2,4.9,259,406,509,7,25.8,87.78,1007,259,406,5,509,28,209,2.6
2015,4,21,9,30,37.45,0.2,4.9,301,513,708,8,25.6,83.42,1007,440,205,0,602,28.700000000000003,206,2.6
2015,4,21,10,30,22.98,0.2,4.9,326,573,853,3,25.400000000000002,80.17,1007,495,61,0,551,29.200000000000003,202,2.4000000000000004
2015,4,21,11,30,9.58,0.2,4.9,338,600,929,0,25.3,77.82000000000001,1007,338,600,0,929,29.6,197,2.2
2015,4,21,12,30,9.73,0.2,4.800000000000001,457,439,890,0,25.200000000000003,76.95,1006,457,439,0,890,29.700000000000003,193,2.1
2015,4,21,13,30,23.16,0.2,4.800000000000001,435,415,816,0,25.200000000000003,76.67,1005,435,415,0,816,29.700000000000003,189,2.1
2015,4,21,14,30,37.63,0.2,4.800000000000001,389,361,675,0,25.200000000000003,77.53,1005,389,361,0,675,29.5,188,2.1
2015,4,21,15,30,52.26,0.2,4.7,308,290,486,0,25.200000000000003,78.96000000000001,1005,308,290,0,486,29.200000000000003,189,2.1
2015,4,21,16,30,66.92,0.2,4.7,203,150,262,0,25.3,82.54,1005,203,150,0,262,28.6,192,2.1
2015,4,21,17,30,81.52,0.2,4.6000000000000005,48,10,49,0,25.700000000000003,88.31,1006,48,10,0,49,27.8,196,2
2015,4,21,18,30,96.23,0.2,4.6000000000000005,0,0,0,0,25.8,91.81,1006,0,0,0,0,27.200000000000003,200,2
2015,4,21,19,30,110.72,0.2,4.5,0,0,0,1,25.700000000000003,93.39,1007,0,0,0,0,26.900000000000002,204,2.1
2015,4,21,20,30,125.01,0.2,4.5,0,0,0,0,25.700000000000003,93.89,1008,0,0,0,0,26.8,209,2
2015,4,21,21,30,138.85,0.2,4.5,0,0,0,0,25.700000000000003,94.15,1008,0,0,0,0,26.700000000000003,214,2
2015,4,21,22,30,151.59,0.2,4.5,0,0,0,0,25.6,94.93,1008,0,0,0,0,26.5,218,2
2015,4,21,23,30,160.88,0.2,4.5,0,0,0,0,25.5,95.04,1007,0,0,0,0,26.400000000000002,220,2
2015,4,22,0,30,160.78,0.2,4.5,0,0,0,0,25.5,95.13,1006,0,0,0,0,26.3,221,2.1
2015,4,22,1,30,151.39000000000001,0.2,4.5,0,0,0,7,25.400000000000002,94.72,1006,0,0,0,0,26.3,219,2.1
2015,4,22,2,30,138.62,0.2,4.6000000000000005,0,0,0,7,25.3,94.78,1005,0,0,0,0,26.200000000000003,216,2.1
2015,4,22,3,30,124.77,0.2,4.6000000000000005,0,0,0,7,25.3,95.11,1005,0,0,0,0,26.1,213,2.2
2015,4,22,4,30,110.48,0.2,4.7,0,0,0,7,25.3,95.66,1006,0,0,0,0,26,210,2.3000000000000003
2015,4,22,5,30,95.99000000000001,0.2,4.9,0,0,0,8,25.200000000000003,94.52,1006,0,0,0,0,26.200000000000003,208,2.4000000000000004
2015,4,22,6,30,81.29,0.2,5.1000000000000005,59,29,63,8,25.6,92.91,1007,62,1,7,62,26.8,207,2.7
2015,4,22,7,30,66.7,0.2,5.300000000000001,186,236,279,7,25.900000000000002,90.59,1007,186,236,5,279,27.6,205,2.9000000000000004
2015,4,22,8,30,52.050000000000004,0.2,5.4,257,406,507,8,26,87.31,1008,257,406,5,507,28.3,204,3.1
2015,4,22,9,30,37.44,0.2,5.5,291,525,708,7,25.8,83.18,1008,290,518,0,701,28.900000000000002,204,3.2
2015,4,22,10,30,23.01,0.2,5.5,302,602,856,7,25.6,80.39,1007,300,581,0,835,29.3,205,3.2
2015,4,22,11,30,9.77,0.2,5.5,302,643,935,2,25.6,79.36,1007,586,153,0,737,29.5,207,3.1
2015,4,22,12,30,9.98,0.2,5.6000000000000005,363,559,913,2,25.5,79.06,1006,604,128,0,731,29.5,209,2.9000000000000004
2015,4,22,13,30,23.29,0.2,5.6000000000000005,339,547,841,0,25.400000000000002,78.8,1006,339,547,0,841,29.5,210,2.7
2015,4,22,14,30,37.71,0.2,5.6000000000000005,305,497,699,0,25.400000000000002,79.49,1005,305,497,0,699,29.3,212,2.6
2015,4,22,15,30,52.32,0.2,5.6000000000000005,256,402,502,0,25.400000000000002,81.45,1005,256,402,0,502,28.900000000000002,216,2.5
2015,4,22,16,30,66.97,0.2,5.6000000000000005,181,242,276,0,25.6,85.37,1006,181,242,0,276,28.3,218,2.4000000000000004
2015,4,22,17,30,81.55,0.2,5.5,57,31,61,0,25.900000000000002,90.34,1006,57,31,0,61,27.6,222,2.4000000000000004
2015,4,22,18,30,96.23,0.2,5.5,0,0,0,7,25.8,92.31,1007,0,0,0,0,27.200000000000003,226,2.5
2015,4,22,19,30,110.71000000000001,0.2,5.4,0,0,0,7,25.8,93.35000000000001,1008,0,0,0,0,27,229,2.6
2015,4,22,20,30,124.96000000000001,0.2,5.4,0,0,0,7,25.8,94.4,1008,0,0,0,0,26.8,232,2.7
2015,4,22,21,30,138.76,0.2,5.300000000000001,0,0,0,6,25.8,95.31,1008,0,0,0,0,26.6,235,2.6
2015,4,22,22,30,151.43,0.2,5.300000000000001,0,0,0,7,25.700000000000003,96.07000000000001,1008,0,0,0,0,26.400000000000002,239,2.6
2015,4,22,23,30,160.58,0.2,5.2,0,0,0,7,25.6,96.12,1007,0,0,0,0,26.3,241,2.6
2015,4,23,0,30,160.45000000000002,0.2,5.2,0,0,0,7,25.5,96.62,1006,0,0,0,0,26.1,243,2.6
2015,4,23,1,30,151.15,0.2,5.1000000000000005,0,0,0,7,25.400000000000002,97.01,1005,0,0,0,0,25.900000000000002,242,2.6
2015,4,23,2,30,138.44,0.2,5.1000000000000005,0,0,0,7,25.3,96.84,1005,0,0,0,0,25.8,241,2.6
2015,4,23,3,30,124.63000000000001,0.2,5.1000000000000005,0,0,0,7,25.1,96.59,1005,0,0,0,0,25.700000000000003,239,2.6
2015,4,23,4,30,110.37,0.2,5.1000000000000005,0,0,0,7,25,96.37,1006,0,0,0,0,25.6,238,2.5
2015,4,23,5,30,95.9,0.2,5.2,0,0,0,0,24.8,94.84,1006,0,0,0,0,25.700000000000003,239,2.4000000000000004
2015,4,23,6,30,81.22,0.2,5.2,63,59,72,0,24.900000000000002,92.29,1007,63,59,0,72,26.3,241,2.5
2015,4,23,7,30,66.65,0.2,5.300000000000001,166,314,291,0,25,88.93,1007,166,314,0,291,27,241,2.5
2015,4,23,8,30,52.02,0.2,5.300000000000001,223,484,521,7,24.700000000000003,82.73,1008,323,253,0,479,27.900000000000002,239,2.4000000000000004
2015,4,23,9,30,37.43,0.2,5.300000000000001,256,585,721,7,24.200000000000003,76.03,1008,404,237,0,592,28.8,233,2.3000000000000003
2015,4,23,10,30,23.05,0.2,5.300000000000001,274,644,867,7,23.900000000000002,72.04,1008,446,332,0,751,29.5,224,2.4000000000000004
2015,4,23,11,30,9.96,0.2,5.300000000000001,281,672,943,7,23.900000000000002,70.37,1007,464,354,0,813,29.900000000000002,218,2.6
2015,4,23,12,30,10.23,0.2,5.4,342,587,920,0,24,69.85000000000001,1006,342,587,0,920,30.1,215,2.8000000000000003
2015,4,23,13,30,23.42,0.2,5.4,329,561,844,0,24.1,70.66,1006,329,561,0,844,30,215,2.9000000000000004
2015,4,23,14,30,37.800000000000004,0.2,5.4,301,504,700,7,24.200000000000003,72.36,1006,301,504,5,700,29.700000000000003,215,3
2015,4,23,15,30,52.38,0.2,5.4,255,406,503,7,24.400000000000002,74.8,1006,255,406,5,503,29.3,214,3
2015,4,23,16,30,67.01,0.2,5.5,181,241,275,0,24.700000000000003,79.55,1006,181,241,0,275,28.6,211,3
2015,4,23,17,30,81.57000000000001,0.2,5.5,56,31,61,0,25.200000000000003,86.13,1007,56,31,0,61,27.700000000000003,208,2.9000000000000004
2015,4,23,18,30,96.24000000000001,0.2,5.5,0,0,0,7,25.3,89.42,1007,0,0,0,0,27.200000000000003,207,2.9000000000000004
2015,4,23,19,30,110.69,0.2,5.5,0,0,0,7,25.400000000000002,90.98,1008,0,0,0,0,27,207,2.9000000000000004
2015,4,23,20,30,124.91,0.2,5.5,0,0,0,9,25.5,92.37,1009,0,0,0,0,26.8,206,2.8000000000000003
2015,4,23,21,30,138.67000000000002,0.2,5.4,0,0,0,9,25.5,92.97,1009,0,0,0,0,26.700000000000003,204,2.6
2015,4,23,22,30,151.26,0.2,5.300000000000001,0,0,0,9,25.5,94.07000000000001,1009,0,0,0,0,26.5,201,2.5
2015,4,23,23,30,160.29,0.2,5.2,0,0,0,9,25.5,95.09,1008,0,0,0,0,26.3,200,2.5
2015,4,24,0,30,160.12,0.2,5.1000000000000005,0,0,0,6,25.5,95.73,1008,0,0,0,0,26.200000000000003,200,2.6
2015,4,24,1,30,150.91,0.2,5,0,0,0,6,25.5,96.29,1007,0,0,0,0,26.1,201,2.8000000000000003
2015,4,24,2,30,138.27,0.2,4.9,0,0,0,7,25.5,96.34,1007,0,0,0,0,26.1,202,3.1
2015,4,24,3,30,124.49000000000001,0.2,4.9,0,0,0,7,25.5,96.29,1007,0,0,0,0,26.1,204,3.4000000000000004
2015,4,24,4,30,110.26,0.2,4.800000000000001,0,0,0,7,25.400000000000002,96.17,1007,0,0,0,0,26.1,207,3.6
2015,4,24,5,30,95.81,0.2,4.7,0,0,0,8,25.400000000000002,94.55,1007,0,0,0,0,26.3,211,3.7
2015,4,24,6,30,81.15,0.2,4.7,64,44,71,7,25.400000000000002,92.59,1008,42,0,7,42,26.700000000000003,215,3.7
2015,4,24,7,30,66.6,0.2,4.7,181,274,290,8,25.6,90.21000000000001,1008,181,274,5,290,27.3,218,3.7
2015,4,24,8,30,51.99,0.2,4.7,248,442,520,0,25.400000000000002,85.85000000000001,1009,248,442,0,520,28,218,3.6
2015,4,24,9,30,37.43,0.2,4.7,323,476,701,0,25,80.36,1008,323,476,0,701,28.700000000000003,215,3.4000000000000004
2015,4,24,10,30,23.1,0.2,4.6000000000000005,354,533,844,7,24.700000000000003,76.33,1008,354,533,5,844,29.3,213,3.3000000000000003
2015,4,24,11,30,10.15,0.2,4.6000000000000005,368,559,918,7,24.6,73.65,1007,386,526,0,904,29.8,213,3.1
2015,4,24,12,30,10.49,0.2,4.6000000000000005,318,625,933,7,24.5,72.16,1007,445,455,0,892,30.1,212,3
2015,4,24,13,30,23.55,0.2,4.6000000000000005,303,605,857,7,24.5,71.46000000000001,1006,322,569,0,844,30.200000000000003,210,2.8000000000000003
2015,4,24,14,30,37.89,0.2,4.6000000000000005,277,552,712,7,24.400000000000002,71.21000000000001,1006,418,255,0,619,30.200000000000003,207,2.7
2015,4,24,15,30,52.44,0.2,4.6000000000000005,235,456,513,7,24.400000000000002,72.32000000000001,1006,325,283,0,497,29.900000000000002,204,2.6
2015,4,24,16,30,67.05,0.2,4.7,171,288,283,0,24.5,75.99,1006,171,288,0,283,29.200000000000003,199,2.5
2015,4,24,17,30,81.59,0.2,4.800000000000001,59,45,65,8,25,82.88,1007,59,45,5,65,28.200000000000003,195,2.4000000000000004
2015,4,24,18,30,96.24000000000001,0.2,4.800000000000001,0,0,0,0,25.1,86.95,1007,0,0,0,0,27.5,193,2.4000000000000004
2015,4,24,19,30,110.67,0.2,4.9,0,0,0,7,25.1,88.45,1008,0,0,0,0,27.200000000000003,193,2.5
2015,4,24,20,30,124.86,0.2,4.9,0,0,0,7,25.200000000000003,89.66,1009,0,0,0,0,27,193,2.5
2015,4,24,21,30,138.57,0.2,4.9,0,0,0,7,25.200000000000003,90.75,1009,0,0,0,0,26.8,191,2.5
2015,4,24,22,30,151.09,0.2,5,0,0,0,6,25.200000000000003,91.47,1009,0,0,0,0,26.700000000000003,188,2.5
2015,4,24,23,30,160,0.2,5,0,0,0,6,25.200000000000003,92.27,1009,0,0,0,0,26.6,188,2.6
2015,4,25,0,30,159.8,0.2,4.9,0,0,0,7,25.3,93.47,1008,0,0,0,0,26.400000000000002,192,2.6
2015,4,25,1,30,150.67000000000002,0.2,4.9,0,0,0,7,25.3,94.07000000000001,1008,0,0,0,0,26.3,201,2.7
2015,4,25,2,30,138.09,0.2,4.9,0,0,0,7,25.3,94.02,1007,0,0,0,0,26.3,211,2.9000000000000004
2015,4,25,3,30,124.36,0.2,4.800000000000001,0,0,0,7,25.3,94.73,1007,0,0,0,0,26.200000000000003,221,3.3000000000000003
2015,4,25,4,30,110.16,0.2,4.800000000000001,0,0,0,7,25.3,94.89,1007,0,0,0,0,26.200000000000003,227,3.5
2015,4,25,5,30,95.73,0.2,4.7,0,0,0,7,25.3,94.39,1007,0,0,0,0,26.3,228,3.6
2015,4,25,6,30,81.09,0.2,4.7,66,80,79,3,25.400000000000002,93.42,1007,67,1,7,67,26.6,226,3.5
2015,4,25,7,30,66.55,0.2,4.7,169,322,297,0,25.700000000000003,91.53,1008,169,322,0,297,27.200000000000003,220,3.3000000000000003
2015,4,25,8,30,51.96,0.2,4.7,243,452,522,7,25.8,87.72,1009,243,452,5,522,28,213,3.1
2015,4,25,9,30,37.43,0.2,4.800000000000001,302,517,712,7,25.6,83.17,1009,433,144,0,547,28.700000000000003,210,3
2015,4,25,10,30,23.150000000000002,0.2,4.800000000000001,343,553,851,7,25.3,79.19,1009,496,267,0,742,29.3,211,2.9000000000000004
2015,4,25,11,30,10.35,0.2,4.9,364,567,921,0,25.200000000000003,77.07000000000001,1009,364,567,0,921,29.6,213,2.7
2015,4,25,12,30,10.75,0.2,4.9,336,603,928,8,25,76.06,1008,396,531,0,918,29.700000000000003,216,2.6
2015,4,25,13,30,23.68,0.2,5,320,580,852,0,24.900000000000002,75.55,1007,320,580,0,852,29.700000000000003,219,2.4000000000000004
2015,4,25,14,30,37.97,0.2,5,283,543,710,7,24.8,75.92,1007,283,543,5,710,29.5,221,2.2
2015,4,25,15,30,52.5,0.2,5.1000000000000005,240,438,507,7,24.700000000000003,76.42,1007,336,133,0,416,29.3,221,2.2
2015,4,25,16,30,67.09,0.2,5.1000000000000005,171,280,280,7,24.900000000000002,79.7,1007,164,14,0,170,28.8,219,2.1
2015,4,25,17,30,81.61,0.2,5.1000000000000005,59,46,66,7,25.3,85.43,1007,55,1,7,55,28,218,2.1
2015,4,25,18,30,96.24000000000001,0.2,5.1000000000000005,0,0,0,8,25.3,88.58,1008,0,0,0,0,27.400000000000002,216,2.2
2015,4,25,19,30,110.65,0.2,5.1000000000000005,0,0,0,7,25.3,89.81,1008,0,0,0,0,27.1,216,2.4000000000000004
2015,4,25,20,30,124.81,0.2,5.1000000000000005,0,0,0,7,25.3,90.28,1008,0,0,0,0,27,217,2.4000000000000004
2015,4,25,21,30,138.48,0.2,5.1000000000000005,0,0,0,0,25.3,91.57000000000001,1009,0,0,0,0,26.8,219,2.4000000000000004
2015,4,25,22,30,150.91,0.2,5.2,0,0,0,0,25.3,92.75,1008,0,0,0,0,26.6,221,2.4000000000000004
2015,4,25,23,30,159.72,0.2,5.2,0,0,0,0,25.400000000000002,94.05,1008,0,0,0,0,26.400000000000002,223,2.4000000000000004
2015,4,26,0,30,159.49,0.2,5.2,0,0,0,0,25.400000000000002,94.72,1007,0,0,0,0,26.3,223,2.4000000000000004
2015,4,26,1,30,150.44,0.2,5.2,0,0,0,0,25.400000000000002,95.84,1006,0,0,0,0,26.1,222,2.4000000000000004
2015,4,26,2,30,137.92000000000002,0.2,5.2,0,0,0,0,25.400000000000002,96.42,1006,0,0,0,0,26,219,2.4000000000000004
2015,4,26,3,30,124.23,0.2,5.1000000000000005,0,0,0,0,25.400000000000002,96.93,1006,0,0,0,0,25.900000000000002,217,2.4000000000000004
2015,4,26,4,30,110.05,0.2,5.1000000000000005,0,0,0,0,25.400000000000002,97.46000000000001,1007,0,0,0,0,25.8,215,2.4000000000000004
2015,4,26,5,30,95.65,0.2,5.1000000000000005,0,0,0,0,25.3,96.17,1007,0,0,0,0,26,213,2.4000000000000004
2015,4,26,6,30,81.03,0.2,5.1000000000000005,66,51,74,0,25.5,93.93,1008,66,51,0,74,26.6,211,2.5
2015,4,26,7,30,66.51,0.2,5,179,284,292,0,25.900000000000002,92.4,1009,179,284,0,292,27.200000000000003,209,2.7
2015,4,26,8,30,51.94,0.2,5,245,445,519,0,25.900000000000002,90.17,1009,245,445,0,519,27.700000000000003,205,2.9000000000000004
2015,4,26,9,30,37.43,0.2,5,288,538,715,0,25.8,85.72,1009,288,538,0,715,28.400000000000002,198,3.1
2015,4,26,10,30,23.21,0.2,5,318,586,856,2,25.5,82.22,1009,491,85,0,569,28.8,191,3.3000000000000003
2015,4,26,11,30,10.56,0.2,5,336,602,928,0,25.3,79.89,1008,336,602,0,928,29.1,185,3.3000000000000003
2015,4,26,12,30,11,0.2,5,341,594,924,7,25.200000000000003,78.92,1008,436,457,0,885,29.200000000000003,182,3.3000000000000003
2015,4,26,13,30,23.81,0.2,5,335,558,845,1,25.1,79.4,1007,335,558,0,845,29,182,3.2
2015,4,26,14,30,38.06,0.2,4.9,313,490,699,6,25,80.01,1007,280,6,0,285,28.8,180,3.1
2015,4,26,15,30,52.56,0.2,4.9,263,386,498,6,24.900000000000002,81.60000000000001,1007,134,1,0,135,28.400000000000002,176,2.8000000000000003
2015,4,26,16,30,67.12,0.2,4.800000000000001,187,216,271,6,25,84.29,1007,62,0,0,62,27.900000000000002,171,2.4000000000000004
2015,4,26,17,30,81.63,0.2,4.800000000000001,53,19,56,6,25.200000000000003,88.36,1007,6,0,0,6,27.3,167,2
2015,4,26,18,30,96.24000000000001,0.2,4.7,0,0,0,6,25.1,90.09,1008,0,0,0,0,26.900000000000002,165,1.8
2015,4,26,19,30,110.62,0.2,4.7,0,0,0,7,25,90.49,1009,0,0,0,0,26.700000000000003,161,1.6
2015,4,26,20,30,124.76,0.2,4.6000000000000005,0,0,0,7,24.8,89.92,1009,0,0,0,0,26.6,159,1.4000000000000001
2015,4,26,21,30,138.38,0.2,4.7,0,0,0,8,24.6,88.63,1009,0,0,0,0,26.6,160,1.2000000000000002
2015,4,26,22,30,150.74,0.2,4.7,0,0,0,0,24.400000000000002,87.55,1009,0,0,0,0,26.6,167,1
2015,4,26,23,30,159.43,0.2,4.7,0,0,0,0,24.200000000000003,87.83,1008,0,0,0,0,26.400000000000002,182,0.9
2015,4,27,0,30,159.17000000000002,0.2,4.7,0,0,0,0,24.1,88.33,1007,0,0,0,0,26.200000000000003,204,0.9
2015,4,27,1,30,150.21,0.2,4.7,0,0,0,0,24.1,89.11,1007,0,0,0,0,26,224,1
2015,4,27,2,30,137.75,0.2,4.6000000000000005,0,0,0,0,24,89.92,1006,0,0,0,0,25.8,236,1.1
2015,4,27,3,30,124.10000000000001,0.2,4.6000000000000005,0,0,0,8,24,91.02,1006,0,0,0,0,25.6,244,1.3
2015,4,27,4,30,109.95,0.2,4.5,0,0,0,0,24.1,92.26,1006,0,0,0,0,25.400000000000002,247,1.5
2015,4,27,5,30,95.57000000000001,0.2,4.5,0,0,0,0,24.1,91.27,1007,0,0,0,0,25.6,249,1.5
2015,4,27,6,30,80.97,0.2,4.4,53,11,55,0,24.400000000000002,89.41,1008,53,11,0,55,26.3,249,1.6
2015,4,27,7,30,66.46000000000001,0.2,4.4,207,154,269,0,24.8,86.16,1008,207,154,0,269,27.3,246,1.6
2015,4,27,8,30,51.92,0.2,4.4,306,302,492,0,24.700000000000003,80.21000000000001,1009,306,302,0,492,28.400000000000002,237,1.5
2015,4,27,9,30,37.44,0.2,4.5,231,634,735,0,24.3,74.03,1008,231,634,0,735,29.400000000000002,225,1.4000000000000001
2015,4,27,10,30,23.27,0.2,4.5,249,685,878,0,24.1,69.92,1008,249,685,0,878,30.200000000000003,213,1.4000000000000001
2015,4,27,11,30,10.77,0.2,4.6000000000000005,262,701,950,0,24.1,67.77,1007,262,701,0,950,30.700000000000003,207,1.6
2015,4,27,12,30,11.26,0.2,4.7,335,598,922,0,24,66.85,1006,335,598,0,922,30.900000000000002,206,1.7000000000000002
2015,4,27,13,30,23.94,0.2,4.800000000000001,326,566,843,0,24,66.74,1006,326,566,0,843,30.900000000000002,206,1.9000000000000001
2015,4,27,14,30,38.14,0.2,4.9,300,504,697,0,24,67.78,1005,300,504,0,697,30.6,208,2
2015,4,27,15,30,52.620000000000005,0.2,5,255,402,499,0,24,69.69,1005,255,402,0,499,30.200000000000003,211,2
2015,4,27,16,30,67.16,0.2,5.1000000000000005,181,238,273,0,24.3,73.75,1006,181,238,0,273,29.5,214,1.9000000000000001
2015,4,27,17,30,81.65,0.2,5.1000000000000005,56,29,60,0,24.700000000000003,80,1006,56,29,0,60,28.5,217,1.9000000000000001
2015,4,27,18,30,96.24000000000001,0.2,5.2,0,0,0,0,25.200000000000003,85.94,1007,0,0,0,0,27.8,219,1.9000000000000001
2015,4,27,19,30,110.59,0.2,5.2,0,0,0,7,25.200000000000003,88.05,1008,0,0,0,0,27.400000000000002,222,2
2015,4,27,20,30,124.7,0.2,5.2,0,0,0,7,25.3,89.73,1008,0,0,0,0,27.1,225,2
2015,4,27,21,30,138.27,0.2,5.2,0,0,0,7,25.3,90.82000000000001,1008,0,0,0,0,26.900000000000002,228,2
2015,4,27,22,30,150.56,0.2,5.2,0,0,0,7,25.3,91.25,1008,0,0,0,0,26.8,231,2.1
2015,4,27,23,30,159.14000000000001,0.2,5.2,0,0,0,0,25.200000000000003,92.12,1008,0,0,0,0,26.6,233,2.1
2015,4,28,0,30,158.87,0.2,5.2,0,0,0,8,25.200000000000003,92.89,1007,0,0,0,0,26.400000000000002,233,2.1
2015,4,28,1,30,149.97,0.2,5.1000000000000005,0,0,0,0,25.1,93.09,1006,0,0,0,0,26.3,231,2.1
2015,4,28,2,30,137.58,0.2,5,0,0,0,0,25.1,93.41,1006,0,0,0,0,26.200000000000003,230,2.2
2015,4,28,3,30,123.97,0.2,5,0,0,0,0,25,94.29,1005,0,0,0,0,26,229,2.2
2015,4,28,4,30,109.85000000000001,0.2,4.9,0,0,0,0,25,95,1006,0,0,0,0,25.900000000000002,228,2.2
2015,4,28,5,30,95.49,0.2,4.9,0,0,0,0,25,94.49,1006,0,0,0,0,26,228,2.2
2015,4,28,6,30,80.91,0.2,4.9,66,91,80,0,25.3,93.04,1007,66,91,0,80,26.5,227,2.3000000000000003
2015,4,28,7,30,66.43,0.2,4.9,155,366,301,0,25.5,91.18,1007,155,366,0,301,27.1,225,2.4000000000000004
2015,4,28,8,30,51.9,0.2,4.9,205,528,531,0,25.6,88.51,1007,205,528,1,531,27.700000000000003,222,2.4000000000000004
2015,4,28,9,30,37.46,0.2,4.9,238,618,728,0,25.5,84.43,1007,238,618,0,728,28.400000000000002,219,2.4000000000000004
2015,4,28,10,30,23.34,0.2,4.9,259,666,870,2,25.3,80.14,1007,486,97,0,575,29.1,217,2.3000000000000003
2015,4,28,11,30,10.99,0.2,4.9,270,686,943,0,25.200000000000003,77.56,1007,270,686,0,943,29.5,218,2.2
2015,4,28,12,30,11.51,0.2,5,342,586,916,0,25,75.96000000000001,1006,342,586,1,916,29.700000000000003,218,2.1
2015,4,28,13,30,24.080000000000002,0.2,5,326,562,839,0,24.900000000000002,75.06,1006,326,562,0,839,29.8,216,1.9000000000000001
2015,4,28,14,30,38.230000000000004,0.2,5,296,509,696,0,24.8,74.47,1005,296,509,0,696,29.8,215,1.9000000000000001
2015,4,28,15,30,52.68,0.2,4.9,278,347,489,6,24.700000000000003,75.18,1005,163,2,0,164,29.6,217,2
2015,4,28,16,30,67.19,0.2,4.9,191,193,265,9,25,78.94,1005,42,0,0,42,29,218,2.1
2015,4,28,17,30,81.66,0.2,4.800000000000001,52,18,55,6,25.400000000000002,85.33,1006,3,0,0,3,28.1,219,2.2
2015,4,28,18,30,96.23,0.2,4.800000000000001,0,0,0,6,25.5,89.54,1006,0,0,0,0,27.400000000000002,220,2.3000000000000003
2015,4,28,19,30,110.57000000000001,0.2,4.7,0,0,0,6,25.5,90.45,1007,0,0,0,0,27.200000000000003,221,2.5
2015,4,28,20,30,124.64,0.2,4.7,0,0,0,6,25.5,91.61,1007,0,0,0,0,27,221,2.6
2015,4,28,21,30,138.17000000000002,0.2,4.7,0,0,0,7,25.6,92.9,1008,0,0,0,0,26.8,221,2.6
2015,4,28,22,30,150.39000000000001,0.2,4.7,0,0,0,7,25.6,94.05,1007,0,0,0,0,26.6,220,2.7
2015,4,28,23,30,158.86,0.2,4.7,0,0,0,7,25.6,95.22,1007,0,0,0,0,26.400000000000002,220,2.7
2015,4,29,0,30,158.56,0.2,4.7,0,0,0,7,25.5,96.14,1006,0,0,0,0,26.200000000000003,220,2.7
2015,4,29,1,30,149.75,0.2,4.7,0,0,0,7,25.5,96.4,1006,0,0,0,0,26.1,220,2.8000000000000003
2015,4,29,2,30,137.42000000000002,0.2,4.7,0,0,0,7,25.400000000000002,96.38,1005,0,0,0,0,26,221,2.8000000000000003
2015,4,29,3,30,123.85000000000001,0.2,4.7,0,0,0,8,25.3,96.46000000000001,1006,0,0,0,0,25.900000000000002,222,2.8000000000000003
2015,4,29,4,30,109.76,0.2,4.7,0,0,0,7,25.200000000000003,95.78,1006,0,0,0,0,25.900000000000002,224,2.7
2015,4,29,5,30,95.42,0.2,4.800000000000001,0,0,0,1,25.1,93.99,1006,0,0,0,0,26.1,227,2.7
2015,4,29,6,30,80.86,0.2,4.800000000000001,66,65,77,0,25.3,91.64,1007,66,65,0,77,26.8,230,2.9000000000000004
2015,4,29,7,30,66.39,0.2,4.9,167,322,296,0,25.6,87.66,1007,167,322,0,296,27.8,230,3.1
2015,4,29,8,30,51.89,0.2,5,220,492,524,0,25.3,81.5,1008,220,492,0,524,28.8,226,3.1
2015,4,29,9,30,37.47,0.2,5,182,718,751,0,24.8,74.65,1008,182,718,0,751,29.8,218,3
2015,4,29,10,30,23.41,0.2,5.1000000000000005,191,768,895,0,24.6,71.25,1007,191,768,0,895,30.400000000000002,210,3
2015,4,29,11,30,11.21,0.2,5.1000000000000005,197,788,970,0,24.6,69.7,1006,197,788,0,970,30.8,204,3.2
2015,4,29,12,30,11.76,0.2,5.1000000000000005,229,743,956,0,24.700000000000003,70,1006,229,743,0,956,30.8,201,3.4000000000000004
2015,4,29,13,30,24.21,0.2,5.1000000000000005,220,721,878,0,24.8,70.69,1005,220,721,0,878,30.700000000000003,200,3.5
2015,4,29,14,30,38.31,0.2,5,205,672,732,0,24.8,72.61,1005,205,672,0,732,30.3,201,3.6
2015,4,29,15,30,52.730000000000004,0.2,4.800000000000001,177,585,532,0,24.900000000000002,74.91,1005,177,585,0,532,29.8,206,3.4000000000000004
2015,4,29,16,30,67.23,0.2,4.7,132,431,298,0,24.900000000000002,78.76,1005,132,431,0,298,29,216,3
2015,4,29,17,30,81.68,0.2,4.6000000000000005,58,134,77,0,25.200000000000003,84.76,1006,58,134,0,77,28,229,2.4000000000000004
2015,4,29,18,30,96.23,0.2,4.4,0,0,0,7,25.400000000000002,89.75,1006,0,0,0,0,27.200000000000003,243,2
2015,4,29,19,30,110.54,0.2,4.4,0,0,0,7,25.400000000000002,91.84,1006,0,0,0,0,26.8,251,1.9000000000000001
2015,4,29,20,30,124.58,0.2,4.3,0,0,0,3,25.3,93.41,1007,0,0,0,0,26.5,252,1.8
2015,4,29,21,30,138.06,0.2,4.4,0,0,0,7,25.3,94.26,1007,0,0,0,0,26.3,248,1.7000000000000002
2015,4,29,22,30,150.21,0.2,4.4,0,0,0,8,25.200000000000003,94.44,1007,0,0,0,0,26.200000000000003,242,1.7000000000000002
2015,4,29,23,30,158.58,0.2,4.5,0,0,0,7,25.200000000000003,94.72,1007,0,0,0,0,26.1,237,1.7000000000000002
2015,4,30,0,30,158.26,0.2,4.5,0,0,0,0,25.1,95.47,1006,0,0,0,0,25.900000000000002,232,1.7000000000000002
2015,4,30,1,30,149.52,0.2,4.5,0,0,0,0,25,95.64,1006,0,0,0,0,25.8,226,1.7000000000000002
2015,4,30,2,30,137.25,0.2,4.5,0,0,0,0,24.900000000000002,95.57000000000001,1005,0,0,0,0,25.700000000000003,222,1.7000000000000002
2015,4,30,3,30,123.72,0.2,4.5,0,0,0,0,24.900000000000002,95.98,1006,0,0,0,0,25.6,220,1.8
2015,4,30,4,30,109.66,0.2,4.4,0,0,0,0,24.900000000000002,96.45,1006,0,0,0,0,25.5,219,1.9000000000000001
2015,4,30,5,30,95.34,0.2,4.4,0,0,0,0,24.900000000000002,94.66,1006,0,0,0,0,25.8,217,2
2015,4,30,6,30,80.8,0.2,4.4,61,194,92,0,25.200000000000003,91.4,1006,61,194,0,92,26.700000000000003,213,2.3000000000000003
2015,4,30,7,30,66.36,0.2,4.5,119,505,321,0,25.5,87.44,1007,119,505,0,321,27.8,207,2.6
2015,4,30,8,30,51.88,0.2,4.6000000000000005,147,663,557,0,25.3,80.4,1007,147,663,0,557,29,201,2.9000000000000004
2015,4,30,9,30,37.49,0.2,4.7,164,747,757,0,24.8,73.89,1007,164,747,0,757,30,197,3
2015,4,30,10,30,23.48,0.2,4.800000000000001,174,793,901,0,24.6,69.72,1006,174,793,0,901,30.8,195,3
2015,4,30,11,30,11.43,0.2,4.9,177,814,975,0,24.6,67.93,1006,177,814,0,975,31.200000000000003,193,3
2015,4,30,12,30,12.01,0.2,4.9,254,706,944,0,24.5,67.2,1005,254,706,0,944,31.3,190,3
2015,4,30,13,30,24.34,0.2,5,250,673,863,0,24.5,67.51,1004,250,673,0,863,31.200000000000003,189,3.1
2015,4,30,14,30,38.39,0.2,5,234,616,716,0,24.5,69.71000000000001,1004,234,616,0,716,30.700000000000003,189,3.1
2015,4,30,15,30,52.78,0.2,5,167,603,532,0,24.6,72.62,1004,167,603,0,532,30.1,190,3.1
2015,4,30,16,30,67.26,0.2,5.1000000000000005,129,436,298,0,24.8,76.91,1004,129,436,0,298,29.3,194,3
2015,4,30,17,30,81.69,0.2,5.1000000000000005,58,126,76,0,25.200000000000003,83.69,1004,58,126,0,76,28.200000000000003,198,2.6
2015,4,30,18,30,96.22,0.2,5.1000000000000005,0,0,0,7,25.5,89.38,1005,0,0,0,0,27.400000000000002,200,2.4000000000000004
2015,4,30,19,30,110.5,0.2,5.1000000000000005,0,0,0,6,25.6,91.99,1006,0,0,0,0,27,200,2.3000000000000003
2015,4,30,20,30,124.52,0.2,5.1000000000000005,0,0,0,6,25.6,93.34,1006,0,0,0,0,26.8,203,2.2
2015,4,30,21,30,137.96,0.2,5.1000000000000005,0,0,0,7,25.6,93.91,1006,0,0,0,0,26.700000000000003,209,2.1
2015,4,30,22,30,150.03,0.2,5,0,0,0,7,25.6,94.37,1006,0,0,0,0,26.6,215,2.2
2015,4,30,23,30,158.3,0.2,5,0,0,0,7,25.6,94.83,1006,0,0,0,0,26.5,220,2.2
2015,5,1,0,30,157.96,0.2,5,0,0,0,7,25.5,94.51,1005,0,0,0,0,26.5,222,2.3000000000000003
2015,5,1,1,30,149.3,0.2,4.9,0,0,0,3,25.5,94.72,1004,0,0,0,0,26.400000000000002,222,2.4000000000000004
2015,5,1,2,30,137.09,0.2,4.9,0,0,0,0,25.400000000000002,94.99,1004,0,0,0,0,26.3,220,2.4000000000000004
2015,5,1,3,30,123.60000000000001,0.2,4.9,0,0,0,0,25.400000000000002,95.89,1004,0,0,0,0,26.1,216,2.5
2015,5,1,4,30,109.57000000000001,0.2,4.9,0,0,0,1,25.400000000000002,96.34,1004,0,0,0,0,26,211,2.5
2015,5,1,5,30,95.27,0.2,5,0,0,0,0,25.400000000000002,95.21000000000001,1005,0,0,0,0,26.200000000000003,208,2.5
2015,5,1,6,30,80.76,0.2,5.1000000000000005,65,139,87,0,25.700000000000003,93.29,1005,65,139,0,87,26.900000000000002,208,2.7
2015,5,1,7,30,66.33,0.2,5.1000000000000005,141,425,312,0,26,90.69,1006,141,425,0,312,27.700000000000003,208,2.9000000000000004
2015,5,1,8,30,51.870000000000005,0.2,5.2,184,579,541,0,25.900000000000002,85.98,1006,184,579,0,541,28.5,208,3.1
2015,5,1,9,30,37.52,0.2,5.2,221,644,731,0,25.700000000000003,81.77,1007,221,644,0,731,29.1,209,3
2015,5,1,10,30,23.56,0.2,5.2,242,688,872,2,25.5,78.75,1006,477,74,0,545,29.6,210,3
2015,5,1,11,30,11.65,0.2,5.1000000000000005,253,709,948,0,25.5,77.10000000000001,1006,253,709,0,948,29.900000000000002,209,2.9000000000000004
2015,5,1,12,30,12.26,0.2,5.1000000000000005,253,708,945,0,25.3,76.2,1005,253,708,0,945,30,206,2.9000000000000004
2015,5,1,13,30,24.48,0.2,5,239,693,870,0,25.3,76.05,1005,239,693,0,870,30,202,2.9000000000000004
2015,5,1,14,30,38.480000000000004,0.2,5,217,648,725,0,25.3,77.10000000000001,1004,217,648,0,725,29.700000000000003,197,2.9000000000000004
2015,5,1,15,30,52.84,0.2,5,185,560,523,7,25.200000000000003,78.79,1004,263,416,0,514,29.3,194,2.8000000000000003
2015,5,1,16,30,67.29,0.2,5.1000000000000005,139,398,292,6,25.3,81.4,1005,150,16,0,156,28.8,193,2.5
2015,5,1,17,30,81.7,0.2,5.1000000000000005,58,108,74,6,25.5,86.55,1005,3,0,0,3,28,194,2.2
2015,5,1,18,30,96.21000000000001,0.2,5.1000000000000005,0,0,0,6,25.6,89.4,1005,0,0,0,0,27.5,195,2
2015,5,1,19,30,110.47,0.2,5.1000000000000005,0,0,0,6,25.6,90.36,1006,0,0,0,0,27.3,197,2
2015,5,1,20,30,124.45,0.2,5,0,0,0,6,25.6,91.29,1006,0,0,0,0,27.1,202,2
2015,5,1,21,30,137.85,0.2,5,0,0,0,7,25.5,91.62,1006,0,0,0,0,27,215,1.9000000000000001
2015,5,1,22,30,149.85,0.2,4.9,0,0,0,6,25.5,92.39,1006,0,0,0,0,26.8,229,1.9000000000000001
2015,5,1,23,30,158.02,0.2,4.800000000000001,0,0,0,6,25.400000000000002,92.57000000000001,1005,0,0,0,0,26.700000000000003,239,2
2015,5,2,0,30,157.67000000000002,0.2,4.7,0,0,0,6,25.400000000000002,93.52,1005,0,0,0,0,26.5,244,2.1
2015,5,2,1,30,149.08,0.2,4.7,0,0,0,7,25.3,93.76,1004,0,0,0,0,26.400000000000002,243,2.2
2015,5,2,2,30,136.93,0.2,4.7,0,0,0,7,25.3,94.56,1004,0,0,0,0,26.200000000000003,236,2.2
2015,5,2,3,30,123.48,0.2,4.7,0,0,0,7,25.200000000000003,94.93,1004,0,0,0,0,26.1,228,2.2
2015,5,2,4,30,109.48,0.2,4.800000000000001,0,0,0,7,25.200000000000003,95.47,1004,0,0,0,0,26,222,2.2
2015,5,2,5,30,95.21000000000001,0.2,4.9,0,0,0,7,25.200000000000003,94.42,1005,0,0,0,0,26.200000000000003,218,2.4000000000000004
2015,5,2,6,30,80.71000000000001,0.2,5,65,146,88,7,25.5,92.7,1006,52,1,7,52,26.8,214,2.6
2015,5,2,7,30,66.3,0.2,5,135,440,312,7,25.8,89.67,1006,150,14,0,156,27.700000000000003,210,3.1
2015,5,2,8,30,51.870000000000005,0.2,4.9,174,598,544,6,25.8,84.98,1006,239,24,0,253,28.6,206,3.5
2015,5,2,9,30,37.550000000000004,0.2,4.800000000000001,201,681,741,7,25.6,79.89,1006,360,268,0,572,29.400000000000002,203,3.8000000000000003
2015,5,2,10,30,23.650000000000002,0.2,4.7,221,723,882,7,25.400000000000002,76.01,1006,379,438,0,780,30.1,203,3.9000000000000004
2015,5,2,11,30,11.88,0.2,4.7,232,738,954,0,25.3,73.32000000000001,1005,232,738,0,954,30.6,205,3.7
2015,5,2,12,30,12.51,0.2,4.7,277,675,935,0,25.1,71.14,1004,277,675,0,935,30.900000000000002,203,3.2
2015,5,2,13,30,24.61,0.2,4.7,268,648,857,0,24.900000000000002,70.29,1004,268,648,0,857,30.900000000000002,196,2.8000000000000003
2015,5,2,14,30,38.56,0.2,4.800000000000001,240,605,713,0,24.8,70.66,1004,240,605,0,713,30.700000000000003,189,2.5
2015,5,2,15,30,52.89,0.2,4.9,159,624,536,0,24.8,72.8,1004,159,624,0,536,30.200000000000003,187,2.5
2015,5,2,16,30,67.32000000000001,0.2,5,127,449,300,0,25,76.86,1004,127,449,0,300,29.5,188,2.5
2015,5,2,17,30,81.71000000000001,0.2,5,59,128,77,0,25.400000000000002,83.58,1005,59,128,0,77,28.5,192,2.3000000000000003
2015,5,2,18,30,96.19,0.2,5,0,0,0,0,25.700000000000003,87.78,1005,0,0,0,0,27.900000000000002,198,2.3000000000000003
2015,5,2,19,30,110.43,0.2,5,0,0,0,0,25.700000000000003,89.63,1006,0,0,0,0,27.6,204,2.4000000000000004
2015,5,2,20,30,124.38000000000001,0.2,5,0,0,0,0,25.8,90.83,1006,0,0,0,0,27.400000000000002,209,2.4000000000000004
2015,5,2,21,30,137.74,0.2,5,0,0,0,0,25.8,91.86,1007,0,0,0,0,27.200000000000003,213,2.4000000000000004
2015,5,2,22,30,149.67000000000002,0.2,5,0,0,0,0,25.700000000000003,92.64,1007,0,0,0,0,27,215,2.3000000000000003
2015,5,2,23,30,157.75,0.2,5,0,0,0,0,25.6,92.83,1006,0,0,0,0,26.900000000000002,218,2.3000000000000003
2015,5,3,0,30,157.38,0.2,5,0,0,0,0,25.6,93.52,1005,0,0,0,0,26.700000000000003,223,2.3000000000000003
2015,5,3,1,30,148.86,0.2,5,0,0,0,0,25.5,93.74,1005,0,0,0,0,26.6,226,2.3000000000000003
2015,5,3,2,30,136.78,0.2,5,0,0,0,0,25.400000000000002,94.39,1004,0,0,0,0,26.400000000000002,227,2.3000000000000003
2015,5,3,3,30,123.36,0.2,5,0,0,0,0,25.400000000000002,94.75,1004,0,0,0,0,26.3,228,2.4000000000000004
2015,5,3,4,30,109.39,0.2,5,0,0,0,0,25.400000000000002,95.26,1005,0,0,0,0,26.200000000000003,230,2.4000000000000004
2015,5,3,5,30,95.14,0.2,5.1000000000000005,0,0,0,0,25.3,94.51,1005,0,0,0,0,26.3,231,2.4000000000000004
2015,5,3,6,30,80.67,0.2,5.1000000000000005,67,107,85,0,25.6,92.82000000000001,1006,67,107,0,85,26.900000000000002,232,2.5
2015,5,3,7,30,66.28,0.2,5.2,152,379,304,0,25.900000000000002,90.02,1006,152,379,0,304,27.700000000000003,230,2.8000000000000003
2015,5,3,8,30,51.870000000000005,0.2,5.2,201,534,531,0,25.900000000000002,84.85000000000001,1007,201,534,0,531,28.700000000000003,225,3
2015,5,3,9,30,37.58,0.2,5.2,237,615,724,0,25.6,80.04,1007,237,615,0,724,29.400000000000002,218,3.1
2015,5,3,10,30,23.73,0.2,5.2,261,657,862,0,25.5,76.71000000000001,1006,261,657,0,862,30,212,3.2
2015,5,3,11,30,12.1,0.2,5.2,275,673,933,0,25.5,74.99,1006,275,673,0,933,30.400000000000002,207,3.3000000000000003
2015,5,3,12,30,12.76,0.2,5.2,272,675,931,0,25.5,74.52,1005,272,675,0,931,30.5,205,3.4000000000000004
2015,5,3,13,30,24.740000000000002,0.2,5.300000000000001,266,645,851,0,25.5,75.52,1005,266,645,0,851,30.3,204,3.3000000000000003
2015,5,3,14,30,38.64,0.2,5.300000000000001,248,586,706,0,25.5,77.06,1004,248,586,0,706,30,205,3.2
2015,5,3,15,30,52.94,0.2,5.300000000000001,215,485,507,0,25.6,79.27,1004,215,485,0,507,29.6,205,3
2015,5,3,16,30,67.35,0.2,5.4,159,315,280,0,25.900000000000002,83.29,1005,159,315,0,280,29,201,2.7
2015,5,3,17,30,81.71000000000001,0.2,5.4,60,56,68,0,26.3,88.73,1005,60,56,0,68,28.3,196,2.5
2015,5,3,18,30,96.18,0.2,5.5,0,0,0,7,26.3,91.81,1006,0,0,0,0,27.8,192,2.5
2015,5,3,19,30,110.4,0.2,5.5,0,0,0,6,26.400000000000002,92.53,1007,0,0,0,0,27.700000000000003,189,2.5
2015,5,3,20,30,124.32000000000001,0.2,5.6000000000000005,0,0,0,9,26.400000000000002,93.14,1008,0,0,0,0,27.6,186,2.5
2015,5,3,21,30,137.62,0.2,5.6000000000000005,0,0,0,6,26.400000000000002,93.47,1008,0,0,0,0,27.5,185,2.4000000000000004
2015,5,3,22,30,149.49,0.2,5.6000000000000005,0,0,0,6,26.3,93.57000000000001,1008,0,0,0,0,27.400000000000002,187,2.2
2015,5,3,23,30,157.48,0.2,5.6000000000000005,0,0,0,6,26.200000000000003,94.07000000000001,1007,0,0,0,0,27.200000000000003,191,2
2015,5,4,0,30,157.1,0.2,5.6000000000000005,0,0,0,7,26.1,94.12,1006,0,0,0,0,27.1,197,2
2015,5,4,1,30,148.65,0.2,5.5,0,0,0,9,26,94.29,1006,0,0,0,0,27,207,2
2015,5,4,2,30,136.62,0.2,5.4,0,0,0,9,25.900000000000002,94.54,1005,0,0,0,0,26.900000000000002,219,2.2
2015,5,4,3,30,123.25,0.2,5.2,0,0,0,9,25.900000000000002,95.03,1005,0,0,0,0,26.8,231,2.5
2015,5,4,4,30,109.31,0.2,5.1000000000000005,0,0,0,6,25.900000000000002,96.07000000000001,1005,0,0,0,0,26.6,239,2.7
2015,5,4,5,30,95.08,0.2,4.9,0,0,0,6,25.900000000000002,95.3,1005,0,0,0,0,26.700000000000003,244,2.6
2015,5,4,6,30,80.62,0.2,4.9,68,53,77,6,26,93.84,1006,3,0,0,3,27.1,245,2.5
2015,5,4,7,30,66.26,0.2,4.9,181,272,290,6,26.3,91.99,1007,89,1,0,89,27.700000000000003,245,2.6
2015,5,4,8,30,51.870000000000005,0.2,4.9,251,423,512,6,26.200000000000003,87.22,1007,258,24,0,273,28.5,242,2.8000000000000003
2015,5,4,9,30,37.61,0.2,5,299,508,701,7,25.6,81.13,1007,418,186,0,565,29.200000000000003,238,3.1
2015,5,4,10,30,23.82,0.2,5.1000000000000005,332,552,837,7,25.200000000000003,76.21000000000001,1007,475,192,0,650,29.8,234,3.1
2015,5,4,11,30,12.33,0.2,5.2,347,572,906,7,24.900000000000002,72.95,1006,361,541,0,889,30.3,230,3
2015,5,4,12,30,13,0.2,5.4,316,612,912,7,24.8,71.14,1006,367,548,0,901,30.6,224,2.8000000000000003
2015,5,4,13,30,24.87,0.2,5.5,298,594,837,7,24.6,70.51,1005,292,580,0,818,30.6,218,2.7
2015,5,4,14,30,38.72,0.2,5.7,273,537,693,0,24.5,70.95,1005,273,537,0,693,30.400000000000002,214,2.6
2015,5,4,15,30,52.99,0.2,5.7,252,395,490,7,24.5,72.43,1005,342,170,0,445,30,212,2.6
2015,5,4,16,30,67.37,0.2,5.800000000000001,175,247,270,7,24.700000000000003,76.09,1005,175,247,5,270,29.3,212,2.5
2015,5,4,17,30,81.72,0.2,5.800000000000001,57,37,62,7,25,82.02,1006,57,37,5,62,28.400000000000002,212,2.4000000000000004
2015,5,4,18,30,96.17,0.2,5.9,0,0,0,7,25.400000000000002,87.09,1007,0,0,0,0,27.700000000000003,211,2.4000000000000004
2015,5,4,19,30,110.36,0.2,5.9,0,0,0,7,25.3,88.48,1007,0,0,0,0,27.400000000000002,211,2.4000000000000004
2015,5,4,20,30,124.25,0.2,5.9,0,0,0,7,25.3,90.07000000000001,1008,0,0,0,0,27.1,212,2.4000000000000004
2015,5,4,21,30,137.51,0.2,5.9,0,0,0,7,25.3,90.93,1008,0,0,0,0,26.900000000000002,216,2.2
2015,5,4,22,30,149.3,0.2,5.9,0,0,0,0,25.200000000000003,92.13,1008,0,0,0,0,26.6,222,2.1
2015,5,4,23,30,157.21,0.2,5.9,0,0,0,7,25.1,92.81,1008,0,0,0,0,26.400000000000002,228,2
2015,5,5,0,30,156.82,0.2,5.800000000000001,0,0,0,4,25.1,93.52,1007,0,0,0,0,26.200000000000003,234,1.9000000000000001
2015,5,5,1,30,148.44,0.2,5.800000000000001,0,0,0,6,25,94.3,1007,0,0,0,0,26,238,1.9000000000000001
2015,5,5,2,30,136.47,0.2,5.800000000000001,0,0,0,6,24.900000000000002,94.96000000000001,1006,0,0,0,0,25.8,239,1.9000000000000001
2015,5,5,3,30,123.14,0.2,5.7,0,0,0,6,24.900000000000002,95.75,1007,0,0,0,0,25.6,234,1.9000000000000001
2015,5,5,4,30,109.22,0.2,5.7,0,0,0,5,24.8,95.8,1007,0,0,0,0,25.5,229,2
2015,5,5,5,30,95.02,0.2,5.7,0,0,0,7,24.700000000000003,95.37,1007,0,0,0,0,25.5,224,2.1
2015,5,5,6,30,80.59,0.2,5.7,69,110,87,5,24.8,94.46000000000001,1008,11,0,0,11,25.8,221,2.4000000000000004
2015,5,5,7,30,66.24,0.2,5.7,150,389,307,0,25,92.09,1008,150,389,0,307,26.400000000000002,218,2.7
2015,5,5,8,30,51.88,0.2,5.7,191,556,535,7,24.900000000000002,87.93,1008,294,303,0,481,27.1,216,2.8000000000000003
2015,5,5,9,30,37.65,0.2,5.7,215,652,731,7,24.400000000000002,81.28,1008,356,305,7,598,27.900000000000002,213,2.8000000000000003
2015,5,5,10,30,23.92,0.2,5.7,227,706,872,7,23.900000000000002,75.18,1008,412,340,0,723,28.700000000000003,211,2.6
2015,5,5,11,30,12.56,0.2,5.7,231,731,945,7,23.700000000000003,72.33,1007,411,32,7,442,29.200000000000003,209,2.6
2015,5,5,12,30,13.24,0.2,5.7,233,727,941,8,23.8,72.15,1007,262,661,0,905,29.3,207,2.6
2015,5,5,13,30,25,0.2,5.7,221,711,865,0,23.8,72.39,1006,221,711,0,865,29.3,205,2.6
2015,5,5,14,30,38.79,0.2,5.7,202,666,721,7,23.900000000000002,73.89,1006,375,247,0,567,29,204,2.5
2015,5,5,15,30,53.04,0.2,5.7,174,581,523,6,23.900000000000002,75.8,1006,232,23,0,245,28.6,207,2.4000000000000004
2015,5,5,16,30,67.4,0.2,5.7,131,425,294,6,24,78.59,1006,167,35,0,180,28.1,209,2.2
2015,5,5,17,30,81.72,0.2,5.7,58,130,77,6,24.400000000000002,83.58,1007,5,0,0,5,27.400000000000002,208,1.9000000000000001
2015,5,5,18,30,96.15,0.2,5.7,0,0,0,6,24.6,86.82000000000001,1008,0,0,0,0,27,206,1.8
2015,5,5,19,30,110.32000000000001,0.2,5.7,0,0,0,6,24.700000000000003,88.59,1008,0,0,0,0,26.700000000000003,202,1.8
2015,5,5,20,30,124.17,0.2,5.7,0,0,0,9,24.700000000000003,89.37,1009,0,0,0,0,26.6,198,1.8
2015,5,5,21,30,137.39000000000001,0.2,5.7,0,0,0,6,24.700000000000003,90.56,1009,0,0,0,0,26.400000000000002,195,1.7000000000000002
2015,5,5,22,30,149.12,0.2,5.7,0,0,0,6,24.8,92.37,1009,0,0,0,0,26.1,195,1.6
2015,5,5,23,30,156.95000000000002,0.2,5.7,0,0,0,9,24.700000000000003,93.31,1008,0,0,0,0,25.900000000000002,200,1.5
2015,5,6,0,30,156.55,0.2,5.7,0,0,0,6,24.700000000000003,94.85000000000001,1007,0,0,0,0,25.6,209,1.5
2015,5,6,1,30,148.24,0.2,5.7,0,0,0,6,24.700000000000003,95.44,1007,0,0,0,0,25.5,217,1.7000000000000002
2015,5,6,2,30,136.32,0.2,5.7,0,0,0,6,24.700000000000003,95.9,1006,0,0,0,0,25.400000000000002,223,1.8
2015,5,6,3,30,123.03,0.2,5.6000000000000005,0,0,0,7,24.700000000000003,95.85000000000001,1006,0,0,0,0,25.400000000000002,226,2
2015,5,6,4,30,109.14,0.2,5.6000000000000005,0,0,0,7,24.700000000000003,95.81,1006,0,0,0,0,25.400000000000002,229,2
2015,5,6,5,30,94.96000000000001,0.2,5.6000000000000005,0,0,0,7,24.700000000000003,94.52,1007,0,0,0,0,25.6,233,2.2
2015,5,6,6,30,80.55,0.2,5.6000000000000005,62,207,96,7,24.700000000000003,92.25,1007,58,3,7,59,26.1,236,2.4000000000000004
2015,5,6,7,30,66.22,0.2,5.6000000000000005,120,497,321,8,24.8,88.19,1008,199,188,0,275,26.900000000000002,238,2.7
2015,5,6,8,30,51.88,0.2,5.6000000000000005,158,629,546,7,24.5,83.28,1008,264,376,0,496,27.6,237,2.8000000000000003
2015,5,6,9,30,37.69,0.2,5.6000000000000005,204,667,732,7,24.200000000000003,78.41,1008,266,587,0,731,28.3,235,2.7
2015,5,6,10,30,24.02,0.2,5.6000000000000005,222,710,870,7,24,75.41,1008,235,669,0,846,28.8,233,2.5
2015,5,6,11,30,12.780000000000001,0.2,5.6000000000000005,228,732,942,7,23.900000000000002,73.35000000000001,1008,468,197,0,661,29.200000000000003,231,2.4000000000000004
2015,5,6,12,30,13.48,0.2,5.6000000000000005,242,711,934,7,23.900000000000002,72.3,1007,465,267,0,725,29.400000000000002,230,2.3000000000000003
2015,5,6,13,30,25.12,0.2,5.5,231,692,858,7,23.900000000000002,72.41,1007,436,224,0,640,29.400000000000002,230,2.3000000000000003
2015,5,6,14,30,38.87,0.2,5.5,213,642,713,7,24,72.61,1006,364,195,0,516,29.400000000000002,230,2.3000000000000003
2015,5,6,15,30,53.08,0.2,5.4,187,546,515,7,24.1,73.91,1006,304,145,0,391,29.200000000000003,232,2.3000000000000003
2015,5,6,16,30,67.42,0.2,5.4,142,377,287,7,24.3,77.18,1006,198,139,7,252,28.700000000000003,234,2.3000000000000003
2015,5,6,17,30,81.72,0.2,5.300000000000001,58,95,72,7,24.8,82.84,1006,70,6,0,71,28,237,2.2
2015,5,6,18,30,96.13,0.2,5.300000000000001,0,0,0,0,25.1,87.29,1007,0,0,0,0,27.400000000000002,240,2.3000000000000003
2015,5,6,19,30,110.27,0.2,5.300000000000001,0,0,0,1,25.200000000000003,89.11,1007,0,0,0,0,27.1,242,2.3000000000000003
2015,5,6,20,30,124.10000000000001,0.2,5.300000000000001,0,0,0,0,25.200000000000003,90.15,1008,0,0,0,0,27,243,2.3000000000000003
2015,5,6,21,30,137.28,0.2,5.300000000000001,0,0,0,0,25.3,91.57000000000001,1008,0,0,0,0,26.8,245,2.3000000000000003
2015,5,6,22,30,148.94,0.2,5.2,0,0,0,0,25.400000000000002,92.99,1008,0,0,0,0,26.6,248,2.4000000000000004
2015,5,6,23,30,156.68,0.2,5.1000000000000005,0,0,0,0,25.400000000000002,94.35000000000001,1007,0,0,0,0,26.400000000000002,251,2.4000000000000004
2015,5,7,0,30,156.28,0.2,5,0,0,0,0,25.5,95.66,1007,0,0,0,0,26.200000000000003,254,2.5
2015,5,7,1,30,148.03,0.2,4.9,0,0,0,0,25.400000000000002,96.67,1006,0,0,0,0,26,257,2.5
2015,5,7,2,30,136.18,0.2,4.800000000000001,0,0,0,0,25.400000000000002,97.46000000000001,1006,0,0,0,0,25.8,259,2.6
2015,5,7,3,30,122.93,0.2,4.7,0,0,0,0,25.3,98.03,1006,0,0,0,0,25.6,260,2.6
2015,5,7,4,30,109.07000000000001,0.2,4.6000000000000005,0,0,0,0,25.1,97.9,1006,0,0,0,0,25.5,260,2.6
2015,5,7,5,30,94.91,0.2,4.5,0,0,0,0,25,96.15,1007,0,0,0,0,25.700000000000003,261,2.7
2015,5,7,6,30,80.52,0.2,4.4,62,208,96,0,25.200000000000003,92.73,1007,62,208,0,96,26.5,261,3
2015,5,7,7,30,66.21000000000001,0.2,4.4,119,506,323,0,25.400000000000002,87.44,1008,119,506,0,323,27.700000000000003,260,3.3000000000000003
2015,5,7,8,30,51.9,0.2,4.4,151,654,555,0,25.200000000000003,80.24,1008,151,654,0,555,29,256,3.3000000000000003
2015,5,7,9,30,37.730000000000004,0.2,4.5,172,732,751,0,25,74.63,1008,172,732,0,751,30,249,3.1
2015,5,7,10,30,24.12,0.2,4.6000000000000005,186,772,890,0,24.900000000000002,71.11,1008,186,772,0,890,30.700000000000003,240,3
2015,5,7,11,30,13.01,0.2,4.7,195,785,960,0,24.8,69.13,1007,195,785,0,960,31.1,232,3
2015,5,7,12,30,13.71,0.2,4.800000000000001,259,693,932,0,24.700000000000003,68.51,1007,259,693,0,932,31.200000000000003,226,3.2
2015,5,7,13,30,25.25,0.2,4.9,257,656,851,8,24.700000000000003,69.12,1006,278,623,0,841,31,221,3.4000000000000004
2015,5,7,14,30,38.94,0.2,5,243,593,704,0,24.700000000000003,70.88,1006,243,593,0,704,30.6,219,3.6
2015,5,7,15,30,53.120000000000005,0.2,4.9,205,507,509,1,24.8,73.74,1005,205,507,0,509,30,219,3.7
2015,5,7,16,30,67.44,0.2,4.9,152,342,283,0,25.1,78.48,1006,152,342,0,283,29.200000000000003,219,3.6
2015,5,7,17,30,81.72,0.2,4.9,59,72,69,0,25.400000000000002,85,1006,59,72,0,69,28.200000000000003,219,3.4000000000000004
2015,5,7,18,30,96.11,0.2,4.800000000000001,0,0,0,0,25.700000000000003,89.26,1007,0,0,0,0,27.6,220,3.3000000000000003
2015,5,7,19,30,110.23,0.2,4.800000000000001,0,0,0,0,25.8,91.38,1008,0,0,0,0,27.3,221,3.3000000000000003
2015,5,7,20,30,124.02,0.2,4.800000000000001,0,0,0,0,25.8,92.67,1008,0,0,0,0,27.1,222,3.2
2015,5,7,21,30,137.16,0.2,4.9,0,0,0,0,25.8,93.26,1009,0,0,0,0,27,223,3.1
2015,5,7,22,30,148.76,0.2,4.9,0,0,0,0,25.8,94.24,1009,0,0,0,0,26.8,224,3
2015,5,7,23,30,156.42000000000002,0.2,4.9,0,0,0,0,25.700000000000003,94.53,1008,0,0,0,0,26.700000000000003,225,3
2015,5,8,0,30,156.01,0.2,4.9,0,0,0,0,25.700000000000003,94.77,1007,0,0,0,0,26.6,226,2.9000000000000004
2015,5,8,1,30,147.84,0.2,4.9,0,0,0,0,25.700000000000003,95.14,1007,0,0,0,0,26.5,227,2.9000000000000004
2015,5,8,2,30,136.04,0.2,5,0,0,0,1,25.6,95.54,1007,0,0,0,0,26.400000000000002,227,2.9000000000000004
2015,5,8,3,30,122.82000000000001,0.2,5,0,0,0,0,25.6,95.35000000000001,1007,0,0,0,0,26.400000000000002,227,2.9000000000000004
2015,5,8,4,30,108.99000000000001,0.2,5,0,0,0,0,25.5,95.64,1007,0,0,0,0,26.3,226,2.9000000000000004
2015,5,8,5,30,94.86,0.2,5,0,0,0,0,25.5,94.37,1008,0,0,0,0,26.5,225,2.9000000000000004
2015,5,8,6,30,80.49,0.2,5,70,118,89,3,25.700000000000003,92.74,1008,67,1,7,67,27,223,3.1
2015,5,8,7,30,66.2,0.2,5,147,403,310,0,26,90.63,1009,147,403,0,310,27.700000000000003,221,3.4000000000000004
2015,5,8,8,30,51.910000000000004,0.2,5,187,569,538,8,26.1,87.23,1009,282,260,7,442,28.400000000000002,219,3.6
2015,5,8,9,30,37.78,0.2,5.1000000000000005,193,690,739,3,25.8,82.25,1009,448,135,0,554,29.1,217,3.7
2015,5,8,10,30,24.22,0.2,5.2,208,735,878,8,25.400000000000002,78.12,1009,244,660,0,847,29.6,216,3.6
2015,5,8,11,30,13.24,0.2,5.2,216,753,949,0,25.1,75.56,1008,216,753,0,949,29.900000000000002,216,3.5
2015,5,8,12,30,13.94,0.2,5.300000000000001,213,755,946,0,24.900000000000002,74.31,1008,213,755,0,946,30,216,3.4000000000000004
2015,5,8,13,30,25.37,0.2,5.300000000000001,215,719,865,0,24.8,74.06,1007,215,719,0,865,29.900000000000002,215,3.3000000000000003
2015,5,8,14,30,39.02,0.2,5.2,205,660,718,0,24.700000000000003,74.51,1007,205,660,0,718,29.700000000000003,215,3.1
2015,5,8,15,30,53.17,0.2,5.2,181,563,519,0,24.700000000000003,75.73,1007,181,563,0,519,29.400000000000002,214,2.9000000000000004
2015,5,8,16,30,67.46000000000001,0.2,5,138,398,291,0,24.8,78.66,1007,138,398,0,291,28.900000000000002,213,2.6
2015,5,8,17,30,81.72,0.2,4.9,58,105,73,0,25.200000000000003,84.37,1007,58,105,0,73,28.1,212,2.3000000000000003
2015,5,8,18,30,96.08,0.2,4.800000000000001,0,0,0,0,25.3,87.16,1008,0,0,0,0,27.6,212,2.1
2015,5,8,19,30,110.18,0.2,4.6000000000000005,0,0,0,0,25.3,88.15,1008,0,0,0,0,27.400000000000002,212,2.1
2015,5,8,20,30,123.95,0.2,4.5,0,0,0,0,25.3,89.25,1009,0,0,0,0,27.200000000000003,213,2
2015,5,8,21,30,137.04,0.2,4.5,0,0,0,0,25.200000000000003,90.15,1009,0,0,0,0,27,216,1.9000000000000001
2015,5,8,22,30,148.58,0.2,4.6000000000000005,0,0,0,0,25.200000000000003,91.04,1009,0,0,0,0,26.8,220,1.8
2015,5,8,23,30,156.17000000000002,0.2,4.6000000000000005,0,0,0,0,25.200000000000003,91.87,1008,0,0,0,0,26.6,226,1.8
2015,5,9,0,30,155.75,0.2,4.6000000000000005,0,0,0,0,25.1,93.33,1008,0,0,0,0,26.3,231,1.8
2015,5,9,1,30,147.64000000000001,0.2,4.7,0,0,0,1,25.1,94.21000000000001,1007,0,0,0,0,26.1,236,1.8
2015,5,9,2,30,135.9,0.2,4.7,0,0,0,0,25.1,95.15,1007,0,0,0,0,25.900000000000002,240,1.9000000000000001
2015,5,9,3,30,122.72,0.2,4.7,0,0,0,0,25,96.10000000000001,1007,0,0,0,0,25.700000000000003,241,1.9000000000000001
2015,5,9,4,30,108.92,0.2,4.7,0,0,0,0,25,96.59,1007,0,0,0,0,25.6,241,1.9000000000000001
2015,5,9,5,30,94.81,0.2,4.7,0,0,0,0,25,94.81,1008,0,0,0,0,25.900000000000002,239,2
2015,5,9,6,30,80.46000000000001,0.2,4.7,62,215,97,0,25.3,90.72,1008,62,215,0,97,26.900000000000002,234,2.3000000000000003
2015,5,9,7,30,66.2,0.2,4.7,115,519,324,0,25.5,85.63,1009,115,519,0,324,28.1,227,2.5
2015,5,9,8,30,51.93,0.2,4.800000000000001,142,670,555,0,25.200000000000003,78.81,1009,142,670,0,555,29.3,220,2.6
2015,5,9,9,30,37.83,0.2,4.9,160,748,750,0,25,74,1009,160,748,0,750,30.1,216,2.6
2015,5,9,10,30,24.330000000000002,0.2,5,174,787,891,0,24.900000000000002,71.2,1009,174,787,0,891,30.700000000000003,213,2.5
2015,5,9,11,30,13.46,0.2,5.1000000000000005,182,801,961,3,24.8,69.4,1008,472,47,0,518,31.1,212,2.5
2015,5,9,12,30,14.16,0.2,5.2,164,824,963,0,24.8,68.71000000000001,1008,164,824,0,963,31.200000000000003,212,2.6
2015,5,9,13,30,25.5,0.2,5.300000000000001,163,797,883,0,24.6,68.54,1007,163,797,0,883,31.1,212,2.6
2015,5,9,14,30,39.09,0.2,5.300000000000001,154,750,736,0,24.5,69.39,1007,154,750,0,736,30.8,214,2.8000000000000003
2015,5,9,15,30,53.21,0.2,5.2,162,604,524,0,24.5,70.82000000000001,1006,162,604,0,524,30.400000000000002,217,2.9000000000000004
2015,5,9,16,30,67.47,0.2,5.1000000000000005,125,444,295,0,24.6,74.73,1007,125,444,0,295,29.6,219,2.9000000000000004
2015,5,9,17,30,81.72,0.2,5,56,141,77,0,25,81.53,1007,56,141,0,77,28.5,221,2.8000000000000003
2015,5,9,18,30,96.06,0.2,4.9,0,0,0,0,25.400000000000002,87.71000000000001,1007,0,0,0,0,27.6,222,2.8000000000000003
2015,5,9,19,30,110.13,0.2,4.7,0,0,0,0,25.400000000000002,89.96000000000001,1008,0,0,0,0,27.200000000000003,224,2.9000000000000004
2015,5,9,20,30,123.87,0.2,4.7,0,0,0,0,25.400000000000002,91.78,1008,0,0,0,0,26.900000000000002,225,2.9000000000000004
2015,5,9,21,30,136.92000000000002,0.2,4.7,0,0,0,0,25.5,92.95,1009,0,0,0,0,26.700000000000003,226,2.9000000000000004
2015,5,9,22,30,148.4,0.2,4.7,0,0,0,0,25.400000000000002,93.88,1008,0,0,0,0,26.5,226,2.8000000000000003
2015,5,9,23,30,155.92000000000002,0.2,4.800000000000001,0,0,0,0,25.400000000000002,94.88,1008,0,0,0,0,26.3,227,2.8000000000000003
2015,5,10,0,30,155.5,0.2,4.800000000000001,0,0,0,0,25.400000000000002,95.14,1007,0,0,0,0,26.200000000000003,227,2.8000000000000003
2015,5,10,1,30,147.45000000000002,0.2,4.800000000000001,0,0,0,0,25.3,95.47,1007,0,0,0,0,26.1,226,2.8000000000000003
2015,5,10,2,30,135.76,0.2,4.9,0,0,0,0,25.3,95.68,1006,0,0,0,0,26,225,2.7
2015,5,10,3,30,122.63,0.2,4.9,0,0,0,0,25.3,95.69,1007,0,0,0,0,26,226,2.6
2015,5,10,4,30,108.85000000000001,0.2,4.9,0,0,0,0,25.200000000000003,96.01,1007,0,0,0,0,25.900000000000002,227,2.5
2015,5,10,5,30,94.77,0.2,4.9,0,0,0,0,25.200000000000003,94.69,1008,0,0,0,0,26.1,229,2.5
2015,5,10,6,30,80.44,0.2,4.9,65,171,94,0,25.400000000000002,93.08,1008,65,171,0,94,26.6,231,2.6
2015,5,10,7,30,66.19,0.2,4.9,130,461,316,0,25.6,89.8,1009,130,461,0,316,27.400000000000002,232,2.8000000000000003
2015,5,10,8,30,51.95,0.2,4.9,165,613,543,0,25.5,84.63,1009,165,613,0,543,28.3,230,2.9000000000000004
2015,5,10,9,30,37.88,0.2,5,194,685,735,0,25.1,78.63,1009,194,685,0,735,29.200000000000003,227,2.9000000000000004
2015,5,10,10,30,24.43,0.2,5,207,733,874,0,24.8,75.23,1008,207,733,0,874,29.700000000000003,225,2.9000000000000004
2015,5,10,11,30,13.68,0.2,5.1000000000000005,212,754,945,0,24.700000000000003,73.79,1008,212,754,0,945,29.900000000000002,223,2.9000000000000004
2015,5,10,12,30,14.39,0.2,5.1000000000000005,206,762,944,0,24.6,73.43,1007,206,762,0,944,29.900000000000002,222,2.8000000000000003
2015,5,10,13,30,25.62,0.2,5.2,201,738,867,0,24.6,74.08,1007,201,738,0,867,29.700000000000003,221,2.8000000000000003
2015,5,10,14,30,39.160000000000004,0.2,5.2,186,691,722,0,24.6,75.8,1006,186,691,0,722,29.3,222,2.7
2015,5,10,15,30,53.24,0.2,5.2,161,605,523,7,24.700000000000003,77.96000000000001,1006,161,605,5,523,28.900000000000002,222,2.7
2015,5,10,16,30,67.49,0.2,5.2,123,450,295,0,24.900000000000002,81.34,1006,123,450,0,295,28.400000000000002,222,2.6
2015,5,10,17,30,81.71000000000001,0.2,5.2,56,149,77,0,25.3,86.59,1007,56,149,0,77,27.700000000000003,222,2.4000000000000004
2015,5,10,18,30,96.03,0.2,5.2,0,0,0,0,25.400000000000002,89.21000000000001,1007,0,0,0,0,27.3,223,2.4000000000000004
2015,5,10,19,30,110.08,0.2,5.2,0,0,0,0,25.400000000000002,90.5,1008,0,0,1,0,27.1,223,2.5
2015,5,10,20,30,123.79,0.2,5.2,0,0,0,0,25.400000000000002,91.17,1008,0,0,0,0,27,224,2.5
2015,5,10,21,30,136.8,0.2,5.2,0,0,0,0,25.400000000000002,92.32000000000001,1008,0,0,0,0,26.8,224,2.4000000000000004
2015,5,10,22,30,148.22,0.2,5.300000000000001,0,0,0,1,25.400000000000002,92.82000000000001,1008,0,0,0,0,26.700000000000003,225,2.3000000000000003
2015,5,10,23,30,155.67000000000002,0.2,5.300000000000001,0,0,0,8,25.400000000000002,93.24,1008,0,0,0,0,26.6,226,2.3000000000000003
2015,5,11,0,30,155.25,0.2,5.300000000000001,0,0,0,8,25.400000000000002,94.12,1007,0,0,0,0,26.400000000000002,229,2.2
2015,5,11,1,30,147.27,0.2,5.300000000000001,0,0,0,0,25.3,94.45,1007,0,0,0,0,26.3,231,2.2
2015,5,11,2,30,135.63,0.2,5.300000000000001,0,0,0,0,25.3,95.16,1006,0,0,0,0,26.1,234,2.1
2015,5,11,3,30,122.53,0.2,5.300000000000001,0,0,0,0,25.200000000000003,95.43,1006,0,0,0,0,26,237,2.1
2015,5,11,4,30,108.79,0.2,5.300000000000001,0,0,0,0,25.200000000000003,95.76,1007,0,0,0,0,25.900000000000002,240,2
2015,5,11,5,30,94.72,0.2,5.2,0,0,0,8,25.1,94.82000000000001,1007,0,0,0,0,26,239,2
2015,5,11,6,30,80.41,0.2,5.2,62,222,99,8,25.400000000000002,93.05,1008,76,15,7,79,26.6,236,2.1
2015,5,11,7,30,66.19,0.2,5.2,116,514,323,0,25.6,90.45,1008,116,514,0,323,27.3,231,2.3000000000000003
2015,5,11,8,30,51.97,0.2,5.2,145,662,552,0,25.5,85.82000000000001,1009,145,662,0,552,28.1,227,2.5
2015,5,11,9,30,37.94,0.2,5.2,161,743,747,0,25.200000000000003,81.22,1009,161,743,0,747,28.700000000000003,226,2.6
2015,5,11,10,30,24.54,0.2,5.2,171,788,887,0,24.900000000000002,77.64,1008,171,788,0,887,29.200000000000003,228,2.7
2015,5,11,11,30,13.9,0.2,5.2,174,809,959,1,24.8,75.89,1008,174,809,0,959,29.5,231,2.8000000000000003
2015,5,11,12,30,14.6,0.2,5.2,141,856,969,2,24.8,74.82000000000001,1007,473,141,0,610,29.700000000000003,234,2.8000000000000003
2015,5,11,13,30,25.73,0.2,5.1000000000000005,137,839,892,0,24.700000000000003,74.75,1006,137,839,0,892,29.700000000000003,236,2.8000000000000003
2015,5,11,14,30,39.22,0.2,5.1000000000000005,127,799,746,0,24.8,75.26,1006,127,799,0,746,29.6,238,2.8000000000000003
2015,5,11,15,30,53.28,0.2,5.1000000000000005,126,692,540,7,24.8,76.84,1006,127,679,0,533,29.3,237,2.7
2015,5,11,16,30,67.5,0.2,5,100,546,309,7,25,80.04,1006,162,344,0,294,28.8,234,2.5
2015,5,11,17,30,81.7,0.2,5,50,236,85,7,25.5,86.72,1007,62,11,7,64,27.900000000000002,232,2.3000000000000003
2015,5,11,18,30,96,0.2,4.9,0,0,0,7,25.6,90.72,1007,0,0,0,0,27.3,230,2.3000000000000003
2015,5,11,19,30,110.03,0.2,4.800000000000001,0,0,0,0,25.700000000000003,92.37,1008,0,0,0,0,27,230,2.4000000000000004
2015,5,11,20,30,123.71000000000001,0.2,4.800000000000001,0,0,0,0,25.700000000000003,93.67,1008,0,0,0,0,26.8,231,2.5
2015,5,11,21,30,136.68,0.2,4.800000000000001,0,0,0,0,25.700000000000003,94.91,1008,0,0,0,0,26.6,233,2.4000000000000004
2015,5,11,22,30,148.04,0.2,4.9,0,0,0,0,25.700000000000003,95.42,1008,0,0,0,0,26.5,235,2.4000000000000004
2015,5,11,23,30,155.42000000000002,0.2,5,0,0,0,0,25.700000000000003,96.49000000000001,1008,0,0,0,0,26.3,238,2.4000000000000004
2015,5,12,0,30,155.01,0.2,5,0,0,0,0,25.6,96.75,1007,0,0,0,0,26.200000000000003,241,2.4000000000000004
2015,5,12,1,30,147.08,0.2,5.1000000000000005,0,0,0,0,25.6,96.97,1007,0,0,0,0,26.1,244,2.4000000000000004
2015,5,12,2,30,135.5,0.2,5.2,0,0,0,0,25.5,97.09,1006,0,0,0,0,26,246,2.4000000000000004
2015,5,12,3,30,122.44,0.2,5.2,0,0,0,0,25.5,97.4,1007,0,0,0,0,25.900000000000002,247,2.3000000000000003
2015,5,12,4,30,108.73,0.2,5.2,0,0,0,0,25.400000000000002,97.52,1007,0,0,0,0,25.8,246,2.2
2015,5,12,5,30,94.68,0.2,5.2,0,0,0,0,25.3,96.06,1008,0,0,0,0,26,246,2.2
2015,5,12,6,30,80.4,0.2,5.2,54,306,105,0,25.5,93.95,1008,54,306,0,105,26.6,245,2.3000000000000003
2015,5,12,7,30,66.19,0.2,5.2,95,593,334,0,25.8,91,1009,95,593,0,334,27.400000000000002,240,2.4000000000000004
2015,5,12,8,30,51.99,0.2,5.2,117,728,565,0,25.700000000000003,86.07000000000001,1009,117,728,0,565,28.3,232,2.5
2015,5,12,9,30,37.99,0.2,5.2,131,798,760,0,25.5,80.82000000000001,1009,131,798,0,760,29.1,224,2.6
2015,5,12,10,30,24.66,0.2,5.2,142,833,898,0,25.3,77.17,1009,142,833,0,898,29.700000000000003,217,2.7
2015,5,12,11,30,14.120000000000001,0.2,5.2,148,847,969,0,25.200000000000003,75.58,1009,148,847,0,969,30,212,2.9000000000000004
2015,5,12,12,30,14.82,0.2,5.2,153,838,963,0,25.200000000000003,75.07000000000001,1008,153,838,0,963,30.1,208,3
2015,5,12,13,30,25.85,0.2,5.300000000000001,151,815,884,0,25.200000000000003,75.88,1007,151,815,0,884,29.900000000000002,205,3
2015,5,12,14,30,39.29,0.2,5.2,142,771,739,0,25.200000000000003,77.41,1007,142,771,0,739,29.6,205,3
2015,5,12,15,30,53.31,0.2,5.2,135,671,536,7,25.3,79.47,1007,135,671,5,536,29.200000000000003,205,3
2015,5,12,16,30,67.51,0.2,5.2,105,525,306,7,25.5,83.13,1007,105,525,5,306,28.6,206,2.8000000000000003
2015,5,12,17,30,81.7,0.2,5.2,52,216,83,7,25.8,88.33,1007,65,10,7,67,27.900000000000002,206,2.5
2015,5,12,18,30,95.97,0.2,5.2,0,0,0,7,26,92.03,1008,0,0,0,0,27.400000000000002,205,2.4000000000000004
2015,5,12,19,30,109.98,0.2,5.1000000000000005,0,0,0,7,26,93.35000000000001,1008,0,0,0,0,27.200000000000003,205,2.3000000000000003
2015,5,12,20,30,123.63000000000001,0.2,5.2,0,0,0,7,26.1,94.16,1009,0,0,0,0,27.1,205,2.3000000000000003
2015,5,12,21,30,136.56,0.2,5.2,0,0,0,7,26.1,94.64,1009,0,0,0,0,27,208,2.1
2015,5,12,22,30,147.86,0.2,5.2,0,0,0,0,26,95.58,1009,0,0,0,0,26.8,213,2
2015,5,12,23,30,155.18,0.2,5.2,0,0,0,7,26,95.78,1008,0,0,0,0,26.700000000000003,217,1.9000000000000001
2015,5,13,0,30,154.77,0.2,5.300000000000001,0,0,0,7,25.900000000000002,96.39,1007,0,0,0,0,26.5,219,1.8
2015,5,13,1,30,146.91,0.2,5.300000000000001,0,0,0,7,25.8,96.44,1007,0,0,0,0,26.400000000000002,221,1.6
2015,5,13,2,30,135.38,0.2,5.300000000000001,0,0,0,0,25.700000000000003,96.28,1006,0,0,0,0,26.3,222,1.4000000000000001
2015,5,13,3,30,122.36,0.2,5.300000000000001,0,0,0,7,25.6,96.3,1006,0,0,0,0,26.200000000000003,224,1.4000000000000001
2015,5,13,4,30,108.67,0.2,5.300000000000001,0,0,0,0,25.5,96.41,1006,0,0,0,0,26.1,227,1.4000000000000001
2015,5,13,5,30,94.65,0.2,5.300000000000001,0,0,0,0,25.400000000000002,95.56,1007,0,0,0,0,26.200000000000003,230,1.5
2015,5,13,6,30,80.38,0.2,5.300000000000001,59,253,101,0,25.700000000000003,93.82000000000001,1007,59,253,0,101,26.8,234,1.7000000000000002
2015,5,13,7,30,66.2,0.2,5.300000000000001,109,538,326,7,26,91.21000000000001,1008,109,538,5,326,27.6,234,2
2015,5,13,8,30,52.02,0.2,5.300000000000001,139,673,553,0,26,86.28,1008,139,673,0,553,28.5,231,2
2015,5,13,9,30,38.050000000000004,0.2,5.4,131,795,758,7,25.5,79.59,1008,122,782,0,737,29.400000000000002,224,2
2015,5,13,10,30,24.77,0.2,5.4,142,829,894,0,25.1,73.87,1008,142,829,0,894,30.3,216,2
2015,5,13,11,30,14.34,0.2,5.4,148,842,964,0,25,71.08,1007,148,842,0,964,30.8,207,2
2015,5,13,12,30,15.030000000000001,0.2,5.4,175,802,949,0,24.900000000000002,69.57000000000001,1007,175,802,0,949,31.1,200,2.1
2015,5,13,13,30,25.96,0.2,5.4,170,779,871,0,24.8,69.33,1006,170,779,0,871,31.1,195,2.1
2015,5,13,14,30,39.35,0.2,5.4,159,734,727,0,24.8,70.33,1006,159,734,0,727,30.8,195,2.1
2015,5,13,15,30,53.35,0.2,5.4,139,654,529,0,24.8,71.86,1005,139,654,0,529,30.400000000000002,197,2.2
2015,5,13,16,30,67.52,0.2,5.4,108,505,301,0,24.900000000000002,75.41,1006,108,505,0,301,29.700000000000003,200,2.1
2015,5,13,17,30,81.68,0.2,5.4,53,193,81,0,25.200000000000003,81.58,1006,53,193,0,81,28.700000000000003,203,2.1
2015,5,13,18,30,95.94,0.2,5.4,0,0,0,9,25.6,87.56,1006,0,0,0,0,27.900000000000002,205,2.1
2015,5,13,19,30,109.92,0.2,5.4,0,0,0,9,25.700000000000003,89.72,1007,0,0,0,0,27.5,206,2.2
2015,5,13,20,30,123.54,0.2,5.4,0,0,0,6,25.700000000000003,91.12,1007,0,0,0,0,27.3,209,2.2
2015,5,13,21,30,136.44,0.2,5.4,0,0,0,6,25.8,92.4,1007,0,0,0,0,27.1,212,2.1
2015,5,13,22,30,147.69,0.2,5.4,0,0,0,6,25.8,92.98,1007,0,0,0,0,27,216,2
2015,5,13,23,30,154.95000000000002,0.2,5.4,0,0,0,7,25.8,94.09,1007,0,0,0,0,26.8,219,2
2015,5,14,0,30,154.53,0.2,5.4,0,0,0,7,25.700000000000003,94.47,1006,0,0,0,0,26.700000000000003,221,2
2015,5,14,1,30,146.73,0.2,5.4,0,0,0,7,25.700000000000003,94.85000000000001,1006,0,0,0,0,26.6,224,2
2015,5,14,2,30,135.26,0.2,5.300000000000001,0,0,0,7,25.6,95.62,1005,0,0,0,0,26.400000000000002,226,2.1
2015,5,14,3,30,122.27,0.2,5.300000000000001,0,0,0,6,25.6,95.94,1005,0,0,0,0,26.3,225,2.2
2015,5,14,4,30,108.61,0.2,5.300000000000001,0,0,0,7,25.6,96.39,1006,0,0,0,0,26.200000000000003,223,2.2
2015,5,14,5,30,94.61,0.2,5.300000000000001,0,0,0,7,25.5,94.98,1006,0,0,0,0,26.400000000000002,222,2.3000000000000003
2015,5,14,6,30,80.37,0.2,5.300000000000001,65,176,94,7,25.8,92.95,1006,36,0,7,36,27,221,2.5
2015,5,14,7,30,66.2,0.2,5.300000000000001,127,466,315,7,26,89.89,1007,183,36,7,197,27.8,218,2.7
2015,5,14,8,30,52.050000000000004,0.2,5.4,159,622,541,7,25.900000000000002,84.36,1007,159,622,5,541,28.8,213,2.9000000000000004
2015,5,14,9,30,38.12,0.2,5.5,177,709,734,7,25.6,79.08,1007,327,377,0,623,29.6,210,3
2015,5,14,10,30,24.89,0.2,5.6000000000000005,188,754,872,1,25.400000000000002,75.45,1007,188,754,0,872,30.200000000000003,208,3
2015,5,14,11,30,14.56,0.2,5.7,196,770,941,0,25.3,73.68,1006,196,770,0,941,30.5,207,3
2015,5,14,12,30,15.23,0.2,5.800000000000001,215,740,930,0,25.200000000000003,73.07000000000001,1006,215,740,0,930,30.6,207,3
2015,5,14,13,30,26.07,0.2,5.9,213,713,853,0,25.200000000000003,73.76,1005,213,713,0,853,30.400000000000002,207,2.9000000000000004
2015,5,14,14,30,39.410000000000004,0.2,5.9,194,667,709,0,25.200000000000003,75.03,1005,194,667,0,709,30.1,206,2.8000000000000003
2015,5,14,15,30,53.370000000000005,0.2,6,245,399,483,0,25.200000000000003,77.8,1005,245,399,0,483,29.5,205,2.5
2015,5,14,16,30,67.53,0.2,6,171,251,267,3,25.400000000000002,81.82000000000001,1005,196,6,0,199,28.8,202,2.2
2015,5,14,17,30,81.67,0.2,6,57,42,63,0,25.700000000000003,87.31,1006,57,42,0,63,28,198,1.9000000000000001
2015,5,14,18,30,95.91,0.2,6,0,0,0,7,26,92.04,1007,0,0,0,0,27.400000000000002,193,1.7000000000000002
2015,5,14,19,30,109.87,0.2,6,0,0,0,6,26,93.53,1007,0,0,0,0,27.1,189,1.7000000000000002
2015,5,14,20,30,123.46000000000001,0.2,6,0,0,0,6,26,94.56,1008,0,0,0,0,26.900000000000002,185,1.7000000000000002
2015,5,14,21,30,136.32,0.2,6.1000000000000005,0,0,0,7,25.900000000000002,94.79,1008,0,0,0,0,26.8,186,1.7000000000000002
2015,5,14,22,30,147.51,0.2,6.1000000000000005,0,0,0,7,25.8,95.27,1008,0,0,0,0,26.6,191,1.6
2015,5,14,23,30,154.72,0.2,6.1000000000000005,0,0,0,7,25.6,95.5,1008,0,0,0,0,26.400000000000002,202,1.5
2015,5,15,0,30,154.31,0.2,6.1000000000000005,0,0,0,7,25.400000000000002,95.60000000000001,1007,0,0,0,0,26.200000000000003,213,1.4000000000000001
2015,5,15,1,30,146.56,0.2,6,0,0,0,7,25.3,95.22,1006,0,0,0,0,26.1,219,1.4000000000000001
2015,5,15,2,30,135.14000000000001,0.2,6,0,0,0,7,25.1,95.64,1006,0,0,0,0,25.900000000000002,220,1.3
2015,5,15,3,30,122.19,0.2,6,0,0,0,7,25,94.84,1006,0,0,0,0,25.900000000000002,216,1.3
2015,5,15,4,30,108.56,0.2,6,0,0,0,6,24.900000000000002,94.64,1006,0,0,0,0,25.8,209,1.3
2015,5,15,5,30,94.58,0.2,6,0,0,0,7,24.8,92.86,1007,0,0,0,0,26,198,1.3
2015,5,15,6,30,80.36,0.2,6.1000000000000005,63,208,97,7,25,90.73,1007,7,0,0,7,26.6,187,1.4000000000000001
2015,5,15,7,30,66.21000000000001,0.2,6.1000000000000005,115,510,321,7,25.1,88.25,1008,121,10,0,125,27.200000000000003,177,1.6
2015,5,15,8,30,52.09,0.2,6.1000000000000005,138,668,549,7,24.8,83.03,1008,283,222,0,419,27.900000000000002,169,1.7000000000000002
2015,5,15,9,30,38.18,0.2,6,143,768,746,7,24.200000000000003,77.09,1008,269,481,0,646,28.6,162,1.7000000000000002
2015,5,15,10,30,25,0.2,6,147,816,886,4,23.900000000000002,73.5,1008,248,0,0,248,29.1,154,1.8
2015,5,15,11,30,14.77,0.2,5.9,148,838,958,5,23.8,71.48,1008,498,160,0,653,29.5,149,1.9000000000000001
2015,5,15,12,30,15.43,0.2,5.9,142,845,957,8,23.8,70.62,1007,419,54,0,471,29.700000000000003,149,2
2015,5,15,13,30,26.18,0.2,5.800000000000001,138,828,881,8,23.8,70.63,1007,373,328,0,667,29.700000000000003,151,2.1
2015,5,15,14,30,39.47,0.2,5.800000000000001,127,790,737,7,23.700000000000003,71.23,1006,122,784,0,727,29.5,154,2.2
2015,5,15,15,30,53.4,0.2,5.800000000000001,111,723,541,0,23.700000000000003,72.45,1006,111,723,0,541,29.200000000000003,156,2.2
2015,5,15,16,30,67.53,0.2,5.800000000000001,86,593,313,0,23.8,75,1007,86,593,0,313,28.700000000000003,157,2
2015,5,15,17,30,81.66,0.2,5.800000000000001,45,302,89,7,24.1,79.82000000000001,1007,55,7,7,56,27.900000000000002,161,1.7000000000000002
2015,5,15,18,30,95.87,0.2,5.800000000000001,0,0,0,7,24.5,85.16,1007,0,0,0,0,27.200000000000003,172,1.4000000000000001
2015,5,15,19,30,109.81,0.2,5.800000000000001,0,0,0,7,24.5,86.23,1008,0,0,0,0,27,190,1.3
2015,5,15,20,30,123.38000000000001,0.2,5.7,0,0,0,7,24.400000000000002,86.98,1008,0,0,0,0,26.8,213,1.3
2015,5,15,21,30,136.19,0.2,5.7,0,0,0,7,24.400000000000002,87.94,1009,0,0,0,0,26.6,232,1.4000000000000001
2015,5,15,22,30,147.34,0.2,5.6000000000000005,0,0,0,0,24.400000000000002,88.84,1008,0,0,0,0,26.400000000000002,245,1.6
2015,5,15,23,30,154.49,0.2,5.5,0,0,0,7,24.400000000000002,89.98,1008,0,0,0,0,26.200000000000003,252,1.7000000000000002
2015,5,16,0,30,154.08,0.2,5.5,0,0,0,8,24.400000000000002,91.03,1007,0,0,0,0,26,256,1.7000000000000002
2015,5,16,1,30,146.4,0.2,5.5,0,0,0,0,24.400000000000002,91.49,1007,0,0,0,0,25.900000000000002,256,1.7000000000000002
2015,5,16,2,30,135.03,0.2,5.5,0,0,0,0,24.400000000000002,92.37,1006,0,0,0,0,25.700000000000003,254,1.7000000000000002
2015,5,16,3,30,122.12,0.2,5.5,0,0,0,0,24.400000000000002,93.44,1007,0,0,0,0,25.5,252,1.6
2015,5,16,4,30,108.51,0.2,5.6000000000000005,0,0,0,0,24.3,93.82000000000001,1007,0,0,0,0,25.400000000000002,253,1.6
2015,5,16,5,30,94.56,0.2,5.6000000000000005,0,0,0,7,24.3,92.53,1007,0,0,0,0,25.6,257,1.7000000000000002
2015,5,16,6,30,80.35000000000001,0.2,5.6000000000000005,43,415,112,7,24.700000000000003,89.65,1008,74,31,7,79,26.5,261,1.8
2015,5,16,7,30,66.23,0.2,5.6000000000000005,72,674,343,7,24.900000000000002,84.73,1009,72,674,5,343,27.700000000000003,260,1.7000000000000002
2015,5,16,8,30,52.120000000000005,0.2,5.6000000000000005,88,788,572,7,24.5,76.39,1009,89,785,0,570,29.1,254,1.3
2015,5,16,9,30,38.25,0.2,5.6000000000000005,100,846,764,7,23.900000000000002,68.74,1009,205,588,0,668,30.3,239,1
2015,5,16,10,30,25.12,0.2,5.6000000000000005,109,874,901,7,23.6,64.24,1009,354,313,0,638,31.1,215,1
2015,5,16,11,30,14.98,0.2,5.7,115,884,969,7,23.400000000000002,62.370000000000005,1008,345,423,0,754,31.5,195,1.3
2015,5,16,12,30,15.63,0.2,5.7,164,812,947,7,23.5,62.440000000000005,1008,359,433,0,776,31.5,187,1.8
2015,5,16,13,30,26.28,0.2,5.7,164,785,868,7,23.5,63.28,1007,424,181,0,587,31.3,185,2.2
2015,5,16,14,30,39.52,0.2,5.7,159,730,722,7,23.5,65.32000000000001,1007,332,325,0,583,30.8,184,2.5
2015,5,16,15,30,53.43,0.2,5.7,257,370,477,7,23.6,68.03,1007,257,370,5,477,30.200000000000003,184,2.6
2015,5,16,16,30,67.54,0.2,5.800000000000001,185,186,256,7,23.900000000000002,72.47,1007,185,186,5,256,29.400000000000002,181,2.7
2015,5,16,17,30,81.64,0.2,5.800000000000001,48,12,50,7,24.400000000000002,79.01,1008,48,12,5,50,28.400000000000002,177,2.6
2015,5,16,18,30,95.84,0.2,5.800000000000001,0,0,0,0,24.8,84.41,1008,0,0,0,0,27.700000000000003,174,2.5
2015,5,16,19,30,109.75,0.2,5.800000000000001,0,0,0,7,24.900000000000002,86.31,1009,0,0,0,0,27.400000000000002,177,2.3000000000000003
2015,5,16,20,30,123.29,0.2,5.800000000000001,0,0,0,7,25,87.84,1009,0,0,0,0,27.200000000000003,182,2.1
2015,5,16,21,30,136.07,0.2,5.800000000000001,0,0,0,7,25.1,89.4,1009,0,0,0,0,27,186,2
2015,5,16,22,30,147.17000000000002,0.2,5.9,0,0,0,7,25.200000000000003,90.38,1009,0,0,0,0,26.900000000000002,187,2.1
2015,5,16,23,30,154.26,0.2,5.9,0,0,0,7,25.200000000000003,91.77,1008,0,0,0,0,26.700000000000003,188,2.2
2015,5,17,0,30,153.87,0.2,6,0,0,0,7,25.3,92.66,1008,0,0,0,0,26.6,191,2.3000000000000003
2015,5,17,1,30,146.24,0.2,6,0,0,0,7,25.3,93.29,1007,0,0,0,0,26.5,197,2.3000000000000003
2015,5,17,2,30,134.92000000000002,0.2,6.1000000000000005,0,0,0,7,25.3,93.77,1007,0,0,0,0,26.400000000000002,204,2.2
2015,5,17,3,30,122.04,0.2,6.1000000000000005,0,0,0,7,25.3,94.21000000000001,1007,0,0,0,0,26.3,213,2.1
2015,5,17,4,30,108.46000000000001,0.2,6.1000000000000005,0,0,0,8,25.3,94.61,1007,0,0,0,0,26.200000000000003,220,2
2015,5,17,5,30,94.53,0.2,6.1000000000000005,0,0,0,0,25.3,94.16,1008,0,0,0,0,26.3,226,2.1
2015,5,17,6,30,80.34,0.2,6,70,65,81,3,25.5,92.34,1008,69,0,7,69,26.8,229,2.4000000000000004
2015,5,17,7,30,66.24,0.2,6,168,306,292,1,25.5,89.49,1009,168,306,0,292,27.400000000000002,230,2.8000000000000003
2015,5,17,8,30,52.160000000000004,0.2,6,222,471,511,0,25.400000000000002,85.09,1009,222,471,0,511,28.1,229,2.9000000000000004
2015,5,17,9,30,38.31,0.2,6,257,561,697,0,25.200000000000003,81.02,1009,257,561,0,697,28.8,225,2.8000000000000003
2015,5,17,10,30,25.240000000000002,0.2,6,270,629,839,0,25.200000000000003,78.07000000000001,1009,270,629,0,839,29.400000000000002,219,2.6
2015,5,17,11,30,15.18,0.2,6.1000000000000005,267,664,908,1,25.1,76.59,1008,267,664,0,908,29.700000000000003,214,2.5
2015,5,17,12,30,15.82,0.2,6.1000000000000005,340,560,879,0,25.1,76.4,1007,340,560,0,879,29.700000000000003,209,2.4000000000000004
2015,5,17,13,30,26.38,0.2,6.2,316,549,807,0,25.1,77.43,1007,316,549,0,807,29.5,205,2.4000000000000004
2015,5,17,14,30,39.58,0.2,6.2,278,512,673,0,25.200000000000003,79,1006,278,512,0,673,29.200000000000003,202,2.4000000000000004
2015,5,17,15,30,53.45,0.2,6.2,228,434,487,7,25.3,81.25,1006,228,434,5,487,28.8,200,2.5
2015,5,17,16,30,67.54,0.2,6.300000000000001,160,290,271,7,25.5,85.83,1007,182,28,7,192,28.1,200,2.5
2015,5,17,17,30,81.62,0.2,6.300000000000001,59,60,67,7,25.700000000000003,90.61,1007,47,1,7,48,27.400000000000002,200,2.5
2015,5,17,18,30,95.8,0.2,6.2,0,0,0,7,25.8,94.3,1008,0,0,0,0,26.8,202,2.6
2015,5,17,19,30,109.69,0.2,6.2,0,0,0,7,25.700000000000003,94.9,1008,0,0,0,0,26.6,206,2.7
2015,5,17,20,30,123.2,0.2,6.2,0,0,0,7,25.700000000000003,95.22,1009,0,0,0,0,26.5,211,2.6
2015,5,17,21,30,135.95,0.2,6.1000000000000005,0,0,0,7,25.6,95.38,1009,0,0,0,0,26.400000000000002,218,2.5
2015,5,17,22,30,146.99,0.2,6.1000000000000005,0,0,0,6,25.5,94.89,1009,0,0,0,0,26.400000000000002,224,2.3000000000000003
2015,5,17,23,30,154.04,0.2,6.1000000000000005,0,0,0,7,25.400000000000002,94.84,1008,0,0,0,0,26.3,230,2.1
2015,5,18,0,30,153.66,0.2,6.1000000000000005,0,0,0,7,25.3,94.84,1008,0,0,0,0,26.200000000000003,235,2
2015,5,18,1,30,146.09,0.2,6,0,0,0,7,25.200000000000003,94.72,1007,0,0,0,0,26.1,237,1.9000000000000001
2015,5,18,2,30,134.82,0.2,6,0,0,0,7,25.1,94.67,1007,0,0,0,0,26,235,1.8
2015,5,18,3,30,121.97,0.2,6,0,0,0,7,25,94.77,1007,0,0,0,0,25.900000000000002,229,1.8
2015,5,18,4,30,108.42,0.2,6,0,0,0,8,25,95.11,1008,0,0,0,0,25.8,222,1.8
2015,5,18,5,30,94.51,0.2,6,0,0,0,7,24.900000000000002,94.68,1008,0,0,0,0,25.8,217,2
2015,5,18,6,30,80.34,0.2,5.9,71,104,88,7,25.1,93.44,1009,46,1,7,46,26.200000000000003,215,2.4000000000000004
2015,5,18,7,30,66.26,0.2,5.9,156,358,301,7,25.200000000000003,91.92,1010,203,77,7,233,26.6,215,3
2015,5,18,8,30,52.2,0.2,5.800000000000001,203,514,518,0,24.900000000000002,86.61,1010,203,514,0,518,27.3,213,3.4000000000000004
2015,5,18,9,30,38.38,0.2,5.800000000000001,235,600,706,7,24.400000000000002,81.47,1010,235,600,5,706,27.900000000000002,208,3.4000000000000004
2015,5,18,10,30,25.36,0.2,5.800000000000001,258,642,839,3,24.3,79.24,1010,528,163,0,675,28.200000000000003,202,3.3000000000000003
2015,5,18,11,30,15.39,0.2,5.800000000000001,276,652,905,7,24.3,78.73,1009,268,631,0,876,28.3,196,3.1
2015,5,18,12,30,16.01,0.2,5.800000000000001,240,702,914,7,24.200000000000003,79.06,1008,300,615,0,891,28.200000000000003,192,2.9000000000000004
2015,5,18,13,30,26.48,0.2,5.800000000000001,248,653,833,3,24.200000000000003,79.78,1008,480,100,0,570,28,189,2.7
2015,5,18,14,30,39.63,0.2,5.800000000000001,238,584,688,7,24.1,80.51,1007,252,558,0,682,27.8,190,2.5
2015,5,18,15,30,53.47,0.2,5.800000000000001,218,460,492,7,24.1,82.15,1007,303,280,7,470,27.400000000000002,196,2.4000000000000004
2015,5,18,16,30,67.53,0.2,5.800000000000001,161,293,272,7,24.1,84.10000000000001,1008,211,115,7,255,27,204,2.2
2015,5,18,17,30,81.60000000000001,0.2,5.7,58,53,66,7,24.3,88.14,1008,34,0,7,34,26.400000000000002,210,2
2015,5,18,18,30,95.76,0.2,5.7,0,0,0,7,24.400000000000002,91.16,1008,0,0,0,0,26,214,1.9000000000000001
2015,5,18,19,30,109.63,0.2,5.7,0,0,0,7,24.5,92.55,1009,0,0,0,0,25.8,215,1.9000000000000001
2015,5,18,20,30,123.12,0.2,5.7,0,0,0,7,24.5,93.24,1009,0,0,0,0,25.700000000000003,216,1.9000000000000001
2015,5,18,21,30,135.83,0.2,5.7,0,0,0,7,24.5,93.86,1009,0,0,0,0,25.6,216,1.9000000000000001
2015,5,18,22,30,146.83,0.2,5.7,0,0,0,7,24.6,94.51,1009,0,0,0,0,25.5,217,1.9000000000000001
2015,5,18,23,30,153.83,0.2,5.7,0,0,0,7,24.5,95.05,1009,0,0,0,0,25.400000000000002,221,1.9000000000000001
2015,5,19,0,30,153.45000000000002,0.2,5.6000000000000005,0,0,0,7,24.5,95.4,1008,0,0,0,0,25.3,228,2
2015,5,19,1,30,145.94,0.2,5.6000000000000005,0,0,0,7,24.5,95.8,1007,0,0,0,0,25.200000000000003,235,2.2
2015,5,19,2,30,134.71,0.2,5.5,0,0,0,7,24.5,95.74000000000001,1007,0,0,0,0,25.200000000000003,241,2.3000000000000003
2015,5,19,3,30,121.91,0.2,5.5,0,0,0,7,24.400000000000002,96.13,1007,0,0,0,0,25.1,244,2.2
2015,5,19,4,30,108.38,0.2,5.5,0,0,0,7,24.400000000000002,96.26,1007,0,0,0,0,25,246,2.1
2015,5,19,5,30,94.49,0.2,5.6000000000000005,0,0,0,7,24.3,95.32000000000001,1008,0,0,0,0,25.1,246,2.1
2015,5,19,6,30,80.34,0.2,5.7,70,63,80,7,24.5,93.01,1008,58,1,7,58,25.700000000000003,246,2.2
2015,5,19,7,30,66.28,0.2,5.800000000000001,169,302,291,8,24.6,89.36,1009,174,17,0,181,26.5,241,2.3000000000000003
2015,5,19,8,30,52.24,0.2,5.9,224,464,508,8,24.400000000000002,83.62,1009,309,306,7,496,27.400000000000002,231,2.3000000000000003
2015,5,19,9,30,38.46,0.2,5.9,258,558,695,7,24,78.55,1009,258,558,5,695,28.1,221,2.3000000000000003
2015,5,19,10,30,25.48,0.2,6,279,609,829,7,23.8,75,1009,408,386,7,757,28.700000000000003,216,2.3000000000000003
2015,5,19,11,30,15.59,0.2,6,289,631,897,7,23.700000000000003,73.74,1009,367,536,0,883,28.900000000000002,217,2.5
2015,5,19,12,30,16.19,0.2,6,289,631,894,7,23.700000000000003,73.47,1008,468,256,0,714,28.900000000000002,222,2.6
2015,5,19,13,30,26.580000000000002,0.2,5.9,277,608,820,7,23.700000000000003,73.83,1007,429,333,0,727,28.8,227,2.8000000000000003
2015,5,19,14,30,39.67,0.2,5.9,255,554,681,7,23.700000000000003,75.39,1007,255,554,5,681,28.5,231,2.8000000000000003
2015,5,19,15,30,53.49,0.2,5.800000000000001,219,456,491,7,23.8,77.2,1006,219,456,5,491,28.200000000000003,234,2.7
2015,5,19,16,30,67.53,0.2,5.800000000000001,161,291,272,7,24,80.55,1007,206,97,7,244,27.700000000000003,238,2.5
2015,5,19,17,30,81.58,0.2,5.800000000000001,58,51,66,0,24.400000000000002,85.60000000000001,1007,58,51,0,66,27,240,2.2
2015,5,19,18,30,95.72,0.2,5.800000000000001,0,0,0,7,24.6,89.48,1008,0,0,0,0,26.5,241,2
2015,5,19,19,30,109.57000000000001,0.2,5.7,0,0,0,7,24.700000000000003,90.68,1008,0,0,0,0,26.3,243,2
2015,5,19,20,30,123.03,0.2,5.7,0,0,0,0,24.700000000000003,91.47,1009,0,0,0,0,26.200000000000003,244,2
2015,5,19,21,30,135.71,0.2,5.7,0,0,0,0,24.700000000000003,92.71000000000001,1009,0,0,0,0,26,244,2.1
2015,5,19,22,30,146.66,0.2,5.6000000000000005,0,0,0,0,24.700000000000003,93.39,1009,0,0,0,0,25.900000000000002,244,2.1
2015,5,19,23,30,153.62,0.2,5.6000000000000005,0,0,0,0,24.700000000000003,93.94,1008,0,0,0,0,25.8,245,2.1
2015,5,20,0,30,153.25,0.2,5.5,0,0,0,1,24.8,94.61,1008,0,0,0,0,25.700000000000003,246,2.1
2015,5,20,1,30,145.79,0.2,5.5,0,0,0,7,24.8,95.69,1007,0,0,0,0,25.5,247,2.1
2015,5,20,2,30,134.62,0.2,5.6000000000000005,0,0,0,7,24.700000000000003,96.19,1007,0,0,0,0,25.400000000000002,248,2.1
2015,5,20,3,30,121.84,0.2,5.6000000000000005,0,0,0,7,24.700000000000003,96.52,1007,0,0,0,0,25.3,250,2
2015,5,20,4,30,108.34,0.2,5.6000000000000005,0,0,0,7,24.700000000000003,96.27,1008,0,0,0,0,25.3,252,1.9000000000000001
2015,5,20,5,30,94.47,0.2,5.7,0,0,0,0,24.6,94.78,1008,0,0,0,0,25.5,253,1.9000000000000001
2015,5,20,6,30,80.34,0.2,5.7,69,101,86,0,24.8,93.35000000000001,1008,69,101,0,86,26,251,2
2015,5,20,7,30,66.3,0.2,5.7,152,366,299,0,25.1,89.76,1009,152,366,0,299,26.900000000000002,246,2.1
2015,5,20,8,30,52.28,0.2,5.7,196,528,519,7,25.1,84.73,1009,196,528,5,519,27.900000000000002,239,2.1
2015,5,20,9,30,38.53,0.2,5.7,223,619,708,7,24.900000000000002,79.58,1009,223,619,5,708,28.8,231,1.9000000000000001
2015,5,20,10,30,25.59,0.2,5.7,243,668,845,7,24.8,76.56,1009,235,658,0,829,29.3,222,1.8
2015,5,20,11,30,15.780000000000001,0.2,5.7,252,689,914,7,24.700000000000003,75.32000000000001,1009,439,328,0,755,29.5,217,1.9000000000000001
2015,5,20,12,30,16.37,0.2,5.7,189,775,933,7,24.700000000000003,75.24,1008,291,606,0,873,29.5,216,1.9000000000000001
2015,5,20,13,30,26.67,0.2,5.7,194,738,853,7,24.6,75.54,1008,400,308,0,675,29.400000000000002,218,1.9000000000000001
2015,5,20,14,30,39.72,0.2,5.6000000000000005,193,669,707,7,24.6,76.16,1007,286,525,0,690,29.200000000000003,223,1.8
2015,5,20,15,30,53.51,0.2,5.5,200,509,502,7,24.6,77.5,1007,300,110,0,365,28.900000000000002,228,1.8
2015,5,20,16,30,67.53,0.2,5.5,153,325,277,6,24.8,80.75,1007,134,12,0,139,28.400000000000002,227,2
2015,5,20,17,30,81.55,0.2,5.5,60,64,69,7,25.1,85.8,1007,64,2,7,64,27.700000000000003,223,2.2
2015,5,20,18,30,95.67,0.2,5.5,0,0,0,7,25.3,90.35000000000001,1007,0,0,0,0,27,221,2.5
2015,5,20,19,30,109.5,0.2,5.5,0,0,0,7,25.200000000000003,90.97,1008,0,0,0,0,26.8,221,2.7
2015,5,20,20,30,122.94,0.2,5.5,0,0,0,7,25.200000000000003,92.17,1009,0,0,0,0,26.6,222,2.7
2015,5,20,21,30,135.59,0.2,5.5,0,0,0,7,25.200000000000003,93.36,1009,0,0,0,0,26.400000000000002,222,2.6
2015,5,20,22,30,146.5,0.2,5.5,0,0,0,7,25.3,94.54,1009,0,0,0,0,26.200000000000003,224,2.5
2015,5,20,23,30,153.42000000000002,0.2,5.5,0,0,0,7,25.200000000000003,95.03,1008,0,0,0,0,26.1,226,2.4000000000000004
2015,5,21,0,30,153.06,0.2,5.5,0,0,0,7,25.200000000000003,95.55,1008,0,0,0,0,26,229,2.4000000000000004
2015,5,21,1,30,145.65,0.2,5.4,0,0,0,7,25.200000000000003,95.98,1007,0,0,0,0,25.900000000000002,232,2.3000000000000003
2015,5,21,2,30,134.52,0.2,5.4,0,0,0,7,25.200000000000003,97.04,1007,0,0,0,0,25.700000000000003,233,2.3000000000000003
2015,5,21,3,30,121.78,0.2,5.300000000000001,0,0,0,1,25.200000000000003,96.87,1007,0,0,0,0,25.700000000000003,234,2.2
2015,5,21,4,30,108.31,0.2,5.2,0,0,0,7,25.1,97.23,1007,0,0,0,0,25.6,233,2.1
2015,5,21,5,30,94.46000000000001,0.2,5.1000000000000005,0,0,0,7,25.1,95.91,1008,0,0,0,0,25.8,231,2
2015,5,21,6,30,80.35000000000001,0.2,5.1000000000000005,68,132,90,0,25.3,93.85000000000001,1009,68,132,0,90,26.400000000000002,229,2.1
2015,5,21,7,30,66.32000000000001,0.2,5,143,403,305,0,25.6,90.22,1009,143,403,0,305,27.3,226,2.2
2015,5,21,8,30,52.33,0.2,5,188,550,525,0,25.5,84.23,1010,188,550,0,525,28.400000000000002,223,2.2
2015,5,21,9,30,38.6,0.2,5,223,624,711,0,25.1,78.58,1009,223,624,0,711,29.200000000000003,218,2.2
2015,5,21,10,30,25.71,0.2,5,251,656,842,0,24.900000000000002,75.15,1009,251,656,0,842,29.8,211,2.2
2015,5,21,11,30,15.97,0.2,5.1000000000000005,268,666,908,0,24.900000000000002,73.68,1009,268,666,0,908,30.1,205,2.3000000000000003
2015,5,21,12,30,16.54,0.2,5.2,248,692,911,0,24.8,73.51,1008,248,692,0,911,30.1,200,2.4000000000000004
2015,5,21,13,30,26.76,0.2,5.300000000000001,246,656,832,0,24.8,73.82000000000001,1008,246,656,0,832,30,198,2.4000000000000004
2015,5,21,14,30,39.76,0.2,5.300000000000001,228,603,692,0,24.8,74.47,1007,228,603,0,692,29.8,198,2.5
2015,5,21,15,30,53.52,0.2,5.4,183,549,509,0,24.8,76.16,1007,183,549,0,509,29.400000000000002,199,2.4000000000000004
2015,5,21,16,30,67.52,0.2,5.5,137,393,287,0,24.8,79.26,1008,137,393,0,287,28.8,202,2.2
2015,5,21,17,30,81.53,0.2,5.6000000000000005,60,116,77,0,25.1,84.76,1008,60,116,0,77,27.900000000000002,205,2
2015,5,21,18,30,95.63,0.2,5.6000000000000005,0,0,0,0,25.400000000000002,89.23,1009,0,0,0,0,27.3,204,1.9000000000000001
2015,5,21,19,30,109.44,0.2,5.7,0,0,0,2,25.400000000000002,90.88,1009,0,0,0,0,27,203,2
2015,5,21,20,30,122.85000000000001,0.2,5.7,0,0,0,7,25.400000000000002,92.22,1010,0,0,0,0,26.8,203,2
2015,5,21,21,30,135.47,0.2,5.7,0,0,0,0,25.5,92.9,1010,0,0,0,0,26.700000000000003,205,2.1
2015,5,21,22,30,146.34,0.2,5.7,0,0,0,0,25.5,93.46000000000001,1010,0,0,0,0,26.6,210,2.1
2015,5,21,23,30,153.22,0.2,5.7,0,0,0,7,25.400000000000002,93.85000000000001,1009,0,0,0,0,26.5,216,2.2
2015,5,22,0,30,152.87,0.2,5.6000000000000005,0,0,0,7,25.400000000000002,94.84,1008,0,0,0,0,26.3,223,2.4000000000000004
2015,5,22,1,30,145.51,0.2,5.6000000000000005,0,0,0,7,25.400000000000002,95.31,1008,0,0,0,0,26.200000000000003,229,2.5
2015,5,22,2,30,134.43,0.2,5.6000000000000005,0,0,0,8,25.400000000000002,95.66,1007,0,0,0,0,26.1,234,2.6
2015,5,22,3,30,121.73,0.2,5.6000000000000005,0,0,0,7,25.3,96.06,1007,0,0,0,0,26,238,2.6
2015,5,22,4,30,108.27,0.2,5.7,0,0,0,7,25.3,96.49000000000001,1008,0,0,0,0,25.900000000000002,239,2.4000000000000004
2015,5,22,5,30,94.45,0.2,5.7,0,0,0,7,25.200000000000003,95.61,1008,0,0,0,0,26,239,2.4000000000000004
2015,5,22,6,30,80.35000000000001,0.2,5.800000000000001,65,186,96,7,25.5,93.71000000000001,1009,58,3,7,59,26.6,237,2.4000000000000004
2015,5,22,7,30,66.35,0.2,5.800000000000001,124,471,313,7,25.700000000000003,91.15,1010,189,131,7,242,27.3,232,2.4000000000000004
2015,5,22,8,30,52.370000000000005,0.2,5.9,155,624,536,7,25.700000000000003,87.69,1010,289,217,0,421,27.900000000000002,223,2.4000000000000004
2015,5,22,9,30,38.68,0.2,6.1000000000000005,150,751,736,0,25.400000000000002,84.06,1010,150,751,0,736,28.400000000000002,214,2.6
2015,5,22,10,30,25.830000000000002,0.2,6.1000000000000005,166,782,870,3,25.400000000000002,81.73,1010,434,104,0,528,28.8,207,2.9000000000000004
2015,5,22,11,30,16.16,0.2,6.2,176,790,935,8,25.5,81.79,1010,222,705,0,899,28.900000000000002,204,3.2
2015,5,22,12,30,16.7,0.2,6.1000000000000005,265,665,901,7,25.6,82.92,1009,325,582,0,883,28.8,206,3.5
2015,5,22,13,30,26.84,0.2,6.1000000000000005,252,645,828,0,25.700000000000003,84.59,1009,252,645,0,828,28.6,209,3.7
2015,5,22,14,30,39.800000000000004,0.2,6,226,605,691,7,25.8,86.01,1008,341,370,0,625,28.400000000000002,212,3.8000000000000003
2015,5,22,15,30,53.53,0.2,5.9,186,536,505,7,25.900000000000002,87.91,1008,291,252,0,441,28.1,214,3.8000000000000003
2015,5,22,16,30,67.51,0.2,5.9,136,396,287,7,26,90.56,1008,177,37,0,191,27.700000000000003,214,3.7
2015,5,22,17,30,81.5,0.2,5.800000000000001,60,122,77,7,26.1,93.82000000000001,1009,73,10,0,74,27.200000000000003,213,3.4000000000000004
2015,5,22,18,30,95.59,0.2,5.7,0,0,0,6,26,95.07000000000001,1009,0,0,0,0,26.900000000000002,214,3.3000000000000003
2015,5,22,19,30,109.37,0.2,5.6000000000000005,0,0,0,6,25.900000000000002,94.89,1009,0,0,0,0,26.8,215,3.2
2015,5,22,20,30,122.76,0.2,5.5,0,0,0,7,25.8,95.18,1010,0,0,0,0,26.6,216,3
2015,5,22,21,30,135.35,0.2,5.5,0,0,0,7,25.6,94.68,1010,0,0,0,0,26.5,219,2.7
2015,5,22,22,30,146.18,0.2,5.5,0,0,0,7,25.400000000000002,94.33,1010,0,0,0,0,26.400000000000002,223,2.5
2015,5,22,23,30,153.02,0.2,5.5,0,0,0,7,25.3,94.7,1009,0,0,0,0,26.200000000000003,228,2.5
2015,5,23,0,30,152.69,0.19,5.5,0,0,0,6,25.200000000000003,94.8,1008,0,0,0,0,26.1,234,2.6
2015,5,23,1,30,145.38,0.19,5.5,0,0,0,7,25.200000000000003,95.18,1008,0,0,0,0,26,239,2.7
2015,5,23,2,30,134.35,0.19,5.5,0,0,0,6,25.1,95.56,1007,0,0,0,0,25.900000000000002,242,2.7
2015,5,23,3,30,121.68,0.19,5.5,0,0,0,6,25.1,95.96000000000001,1007,0,0,0,0,25.8,243,2.5
2015,5,23,4,30,108.25,0.19,5.6000000000000005,0,0,0,7,25.1,96.88,1008,0,0,0,0,25.6,242,2.4000000000000004
2015,5,23,5,30,94.44,0.19,5.6000000000000005,0,0,0,7,25,95.82000000000001,1008,0,0,0,0,25.700000000000003,239,2.3000000000000003
2015,5,23,6,30,80.36,0.19,5.6000000000000005,58,266,102,7,25.1,93.79,1009,73,15,7,75,26.200000000000003,236,2.5
2015,5,23,7,30,66.37,0.19,5.6000000000000005,104,549,324,7,25.200000000000003,91.2,1009,185,171,7,253,26.8,231,2.8000000000000003
2015,5,23,8,30,52.42,0.19,5.6000000000000005,129,686,548,7,25.1,87.07000000000001,1010,280,168,0,383,27.400000000000002,224,3
2015,5,23,9,30,38.75,0.19,5.6000000000000005,145,760,738,7,24.700000000000003,82.91,1010,361,87,7,429,27.900000000000002,217,3.3000000000000003
2015,5,23,10,30,25.95,0.19,5.6000000000000005,155,801,874,7,24.6,80.63,1009,432,124,7,544,28.3,213,3.5
2015,5,23,11,30,16.35,0.19,5.7,156,822,945,7,24.700000000000003,80.19,1009,425,192,0,609,28.400000000000002,209,3.6
2015,5,23,12,30,16.86,0.19,5.7,152,826,943,7,24.6,80.4,1009,444,125,0,564,28.3,207,3.6
2015,5,23,13,30,26.92,0.19,5.7,145,812,869,7,24.5,81.26,1008,301,495,0,743,28,204,3.5
2015,5,23,14,30,39.84,0.19,5.800000000000001,135,771,727,7,24.400000000000002,83,1008,326,297,0,554,27.5,201,3.2
2015,5,23,15,30,53.54,0.19,5.800000000000001,120,695,533,6,24.200000000000003,84.81,1008,145,5,0,148,27,198,2.9000000000000004
2015,5,23,16,30,67.5,0.19,5.800000000000001,95,557,308,9,24.200000000000003,87.52,1008,36,0,0,36,26.400000000000002,195,2.6
2015,5,23,17,30,81.47,0.19,5.800000000000001,50,257,88,6,24.3,91.35000000000001,1009,3,0,0,3,25.8,193,2.3000000000000003
2015,5,23,18,30,95.54,0.19,5.9,0,0,0,7,24.400000000000002,94.58,1009,0,0,0,0,25.3,192,2.2
2015,5,23,19,30,109.31,0.19,5.9,0,0,0,7,24.400000000000002,96.14,1010,0,0,0,0,25.1,192,2.1
2015,5,23,20,30,122.68,0.19,6,0,0,0,8,24.5,96.57000000000001,1011,0,0,0,0,25.1,196,2
2015,5,23,21,30,135.23,0.19,6,0,0,0,7,24.5,97.15,1011,0,0,0,0,25,209,1.9000000000000001
2015,5,23,22,30,146.02,0.19,6,0,0,0,7,24.5,96.95,1011,0,0,0,0,25,225,1.9000000000000001
2015,5,23,23,30,152.83,0.19,6,0,0,0,7,24.400000000000002,97.34,1010,0,0,0,0,24.900000000000002,242,2.1
2015,5,24,0,30,152.51,0.19,6,0,0,0,7,24.400000000000002,97.22,1009,0,0,0,0,24.900000000000002,255,2.4000000000000004
2015,5,24,1,30,145.26,0.19,6,0,0,0,5,24.400000000000002,97.82000000000001,1009,0,0,0,0,24.8,265,2.6
2015,5,24,2,30,134.27,0.19,6,0,0,0,5,24.400000000000002,97.57000000000001,1009,0,0,0,0,24.8,269,2.7
2015,5,24,3,30,121.63,0.19,6,0,0,0,7,24.3,97.60000000000001,1009,0,0,0,0,24.700000000000003,267,2.8000000000000003
2015,5,24,4,30,108.22,0.19,6,0,0,0,8,24.200000000000003,97.52,1009,0,0,0,0,24.6,262,2.8000000000000003
2015,5,24,5,30,94.43,0.19,5.9,0,0,0,8,24.1,96.41,1009,0,0,0,0,24.700000000000003,258,3
2015,5,24,6,30,80.37,0.19,5.9,57,260,101,5,24.200000000000003,94.96000000000001,1010,4,0,0,4,25.1,252,3.4000000000000004
2015,5,24,7,30,66.4,0.19,5.800000000000001,105,538,320,7,24.3,92.16,1010,105,538,5,320,25.700000000000003,247,3.7
2015,5,24,8,30,52.47,0.19,5.800000000000001,133,673,543,7,24.200000000000003,88.07000000000001,1010,281,175,0,388,26.3,243,4
2015,5,24,9,30,38.83,0.19,5.800000000000001,127,788,741,7,23.700000000000003,82.39,1010,348,157,0,470,27,238,4
2015,5,24,10,30,26.07,0.19,5.800000000000001,133,830,878,7,23.5,78.54,1010,407,241,0,623,27.6,234,3.9000000000000004
2015,5,24,11,30,16.52,0.19,5.800000000000001,136,847,949,7,23.5,76.35000000000001,1009,328,456,0,765,28,230,3.9000000000000004
2015,5,24,12,30,17.02,0.19,5.800000000000001,145,834,942,7,23.400000000000002,75.49,1009,368,380,0,731,28.1,229,3.8000000000000003
2015,5,24,13,30,27,0.19,5.800000000000001,143,812,866,7,23.200000000000003,74.99,1008,156,761,0,833,28.1,229,3.8000000000000003
2015,5,24,14,30,39.87,0.19,5.800000000000001,139,762,724,7,23.200000000000003,75.92,1008,222,576,0,664,27.8,228,3.7
2015,5,24,15,30,53.550000000000004,0.19,5.9,125,679,529,7,23.1,77.37,1008,206,475,0,488,27.400000000000002,225,3.4000000000000004
2015,5,24,16,30,67.49,0.19,5.800000000000001,101,531,304,7,23.1,79.96000000000001,1008,169,46,0,187,26.900000000000002,221,3.1
2015,5,24,17,30,81.44,0.19,5.800000000000001,52,225,85,7,23.400000000000002,84.25,1009,72,21,0,76,26.3,218,2.7
2015,5,24,18,30,95.49,0.19,5.800000000000001,0,0,0,7,23.6,87.42,1009,0,0,0,0,25.8,214,2.6
2015,5,24,19,30,109.24000000000001,0.19,5.7,0,0,0,7,23.6,88.57000000000001,1010,0,0,0,0,25.6,213,2.6
2015,5,24,20,30,122.59,0.19,5.6000000000000005,0,0,0,7,23.5,88.93,1010,0,0,0,0,25.5,213,2.5
2015,5,24,21,30,135.11,0.19,5.5,0,0,0,7,23.5,89.09,1010,0,0,0,0,25.400000000000002,217,2.3000000000000003
2015,5,24,22,30,145.87,0.19,5.4,0,0,0,7,23.400000000000002,89.12,1009,0,0,0,0,25.3,223,2.1
2015,5,24,23,30,152.65,0.19,5.300000000000001,0,0,0,7,23.3,89.25,1009,0,0,0,0,25.200000000000003,231,1.8
2015,5,25,0,30,152.34,0.19,5.300000000000001,0,0,0,7,23.200000000000003,89.86,1008,0,0,0,0,25,242,1.6
2015,5,25,1,30,145.14000000000001,0.19,5.2,0,0,0,7,23.1,89.86,1007,0,0,0,0,24.900000000000002,257,1.4000000000000001
2015,5,25,2,30,134.19,0.19,5.2,0,0,0,7,23,89.88,1007,0,0,0,0,24.8,273,1.2000000000000002
2015,5,25,3,30,121.58,0.19,5.2,0,0,0,7,23,89.52,1007,0,0,0,0,24.8,281,1.1
2015,5,25,4,30,108.2,0.19,5.2,0,0,0,7,22.900000000000002,89.95,1008,0,0,0,0,24.700000000000003,276,1
2015,5,25,5,30,94.43,0.19,5.300000000000001,0,0,0,7,22.900000000000002,88.8,1008,0,0,0,0,24.900000000000002,255,1
2015,5,25,6,30,80.39,0.19,5.300000000000001,53,293,102,7,23.3,85.86,1009,5,0,0,5,25.8,227,1.1
2015,5,25,7,30,66.43,0.19,5.4,94,575,324,7,23.3,79.51,1009,109,6,0,111,27.200000000000003,207,1.6
2015,5,25,8,30,52.52,0.19,5.4,118,707,548,0,23.200000000000003,72.47,1010,118,707,0,548,28.6,197,2
2015,5,25,9,30,38.9,0.19,5.5,133,776,737,0,23.200000000000003,68.46000000000001,1010,133,776,0,737,29.6,194,2.2
2015,5,25,10,30,26.19,0.19,5.6000000000000005,144,811,872,0,23.3,66.31,1009,144,811,0,872,30.3,193,2.3000000000000003
2015,5,25,11,30,16.7,0.19,5.7,151,824,941,3,23.5,65.72,1008,460,128,0,582,30.6,194,2.3000000000000003
2015,5,25,12,30,17.17,0.19,5.800000000000001,197,756,919,1,23.6,65.89,1007,197,756,0,919,30.700000000000003,194,2.3000000000000003
2015,5,25,13,30,27.080000000000002,0.19,5.9,197,724,842,0,23.6,66.88,1007,197,724,0,842,30.5,195,2.4000000000000004
2015,5,25,14,30,39.9,0.19,6,188,667,700,0,23.6,68.64,1006,188,667,0,700,30,197,2.5
2015,5,25,15,30,53.550000000000004,0.19,6,154,607,514,0,23.6,71.10000000000001,1006,154,607,0,514,29.400000000000002,200,2.7
2015,5,25,16,30,67.47,0.19,6,120,449,292,0,23.8,75.26,1007,120,449,0,292,28.6,202,2.8000000000000003
2015,5,25,17,30,81.41,0.19,6,57,158,80,0,24.1,80.72,1007,57,158,0,80,27.700000000000003,204,2.6
2015,5,25,18,30,95.44,0.19,6,0,0,0,0,24.400000000000002,85.60000000000001,1007,0,0,0,0,27,206,2.5
2015,5,25,19,30,109.18,0.19,6,0,0,0,0,24.5,87.57000000000001,1008,0,0,0,0,26.700000000000003,210,2.5
2015,5,25,20,30,122.5,0.19,6,0,0,0,0,24.5,88.78,1008,0,0,0,0,26.5,214,2.5
2015,5,25,21,30,135,0.19,6,0,0,0,0,24.5,90.01,1009,0,0,0,0,26.3,218,2.5
2015,5,25,22,30,145.72,0.19,6,0,0,0,0,24.5,91.15,1008,0,0,0,0,26.1,222,2.4000000000000004
2015,5,25,23,30,152.47,0.19,5.9,0,0,0,0,24.6,91.83,1008,0,0,0,0,26,225,2.4000000000000004
2015,5,26,0,30,152.18,0.19,5.9,0,0,0,0,24.6,92.96000000000001,1007,0,0,0,0,25.8,226,2.4000000000000004
2015,5,26,1,30,145.02,0.19,5.9,0,0,0,3,24.6,93.67,1007,0,0,0,0,25.700000000000003,226,2.4000000000000004
2015,5,26,2,30,134.12,0.19,5.800000000000001,0,0,0,7,24.6,94.17,1006,0,0,0,0,25.6,225,2.3000000000000003
2015,5,26,3,30,121.54,0.19,5.800000000000001,0,0,0,0,24.6,94.7,1006,0,0,0,0,25.5,225,2.2
2015,5,26,4,30,108.18,0.19,5.7,0,0,0,0,24.6,95.21000000000001,1006,0,0,0,0,25.400000000000002,223,2.2
2015,5,26,5,30,94.43,0.19,5.7,0,0,0,7,24.6,94.15,1007,0,0,0,0,25.6,220,2.3000000000000003
2015,5,26,6,30,80.4,0.19,5.6000000000000005,60,216,96,8,24.8,91.18,1007,76,16,7,78,26.400000000000002,218,2.6
2015,5,26,7,30,66.47,0.19,5.5,117,491,313,7,25,87.18,1008,117,491,5,313,27.3,215,3
2015,5,26,8,30,52.57,0.19,5.5,150,629,533,7,24.8,81.58,1008,261,313,7,451,28.3,213,3.2
2015,5,26,9,30,38.980000000000004,0.19,5.5,170,709,721,7,24.700000000000003,77.17,1008,344,108,7,428,29.1,212,3.3000000000000003
2015,5,26,10,30,26.3,0.19,5.5,186,747,855,7,24.700000000000003,74.85000000000001,1008,198,702,0,827,29.6,210,3.3000000000000003
2015,5,26,11,30,16.87,0.19,5.5,192,765,924,0,24.700000000000003,74.05,1008,192,765,0,924,29.8,210,3.4000000000000004
2015,5,26,12,30,17.31,0.19,5.5,216,730,913,1,24.700000000000003,73.24,1007,216,730,0,913,30,210,3.3000000000000003
2015,5,26,13,30,27.150000000000002,0.19,5.5,208,708,838,7,24.700000000000003,73.63,1006,211,705,0,838,29.900000000000002,210,3.3000000000000003
2015,5,26,14,30,39.93,0.19,5.5,193,661,699,0,24.700000000000003,74.54,1006,193,661,0,699,29.700000000000003,210,3.2
2015,5,26,15,30,53.56,0.19,5.6000000000000005,168,573,508,0,24.700000000000003,76.95,1006,168,573,0,508,29.200000000000003,210,3.2
2015,5,26,16,30,67.45,0.19,5.6000000000000005,130,413,288,7,24.900000000000002,80.27,1006,130,413,5,288,28.6,209,3.1
2015,5,26,17,30,81.38,0.19,5.6000000000000005,59,124,78,0,25.1,85.85000000000001,1006,59,124,0,78,27.700000000000003,209,2.9000000000000004
2015,5,26,18,30,95.39,0.19,5.6000000000000005,0,0,0,7,25.3,90.09,1007,0,0,0,0,27.1,209,2.7
2015,5,26,19,30,109.11,0.19,5.7,0,0,0,7,25.3,91.7,1007,0,0,0,0,26.8,209,2.7
2015,5,26,20,30,122.41,0.19,5.7,0,0,0,3,25.400000000000002,92.39,1008,0,0,0,0,26.700000000000003,209,2.7
2015,5,26,21,30,134.88,0.19,5.800000000000001,0,0,0,7,25.400000000000002,93.52,1008,0,0,0,0,26.5,211,2.7
2015,5,26,22,30,145.57,0.19,5.800000000000001,0,0,0,7,25.400000000000002,93.52,1008,0,0,0,0,26.5,212,2.7
2015,5,26,23,30,152.29,0.19,5.9,0,0,0,7,25.400000000000002,94.03,1007,0,0,0,0,26.400000000000002,213,2.7
2015,5,27,0,30,152.02,0.19,5.9,0,0,0,7,25.400000000000002,94.75,1007,0,0,0,0,26.3,215,2.6
2015,5,27,1,30,144.91,0.19,5.800000000000001,0,0,0,7,25.400000000000002,95.36,1006,0,0,0,0,26.200000000000003,216,2.7
2015,5,27,2,30,134.05,0.19,5.800000000000001,0,0,0,7,25.400000000000002,95.43,1006,0,0,0,0,26.200000000000003,216,2.7
2015,5,27,3,30,121.5,0.19,5.800000000000001,0,0,0,7,25.400000000000002,96.01,1006,0,0,0,0,26.1,214,2.7
2015,5,27,4,30,108.16,0.19,5.7,0,0,0,7,25.400000000000002,95.92,1006,0,0,0,0,26.1,213,2.7
2015,5,27,5,30,94.43,0.19,5.6000000000000005,0,0,0,7,25.400000000000002,95.37,1007,0,0,0,0,26.200000000000003,211,2.8000000000000003
2015,5,27,6,30,80.42,0.19,5.6000000000000005,67,148,92,8,25.5,94.29,1007,68,5,7,68,26.5,209,2.9000000000000004
2015,5,27,7,30,66.5,0.19,5.5,136,422,305,7,25.700000000000003,92.60000000000001,1008,136,422,5,305,27,206,3.1
2015,5,27,8,30,52.63,0.19,5.5,176,571,523,7,25.700000000000003,90.12,1008,297,209,0,424,27.5,203,3.3000000000000003
2015,5,27,9,30,39.06,0.19,5.5,202,654,710,7,25.6,87.22,1008,368,118,0,460,27.900000000000002,200,3.5
2015,5,27,10,30,26.42,0.19,5.5,219,697,844,7,25.400000000000002,84.3,1008,211,677,0,817,28.3,197,3.6
2015,5,27,11,30,17.04,0.19,5.5,227,718,913,7,25.3,82.19,1008,219,691,0,879,28.6,196,3.6
2015,5,27,12,30,17.45,0.19,5.5,222,723,912,1,25.200000000000003,81.19,1007,222,723,0,912,28.700000000000003,194,3.6
2015,5,27,13,30,27.22,0.19,5.6000000000000005,211,707,839,0,25.1,81.93,1007,211,707,0,839,28.5,194,3.5
2015,5,27,14,30,39.96,0.19,5.6000000000000005,187,673,703,1,25.1,82.8,1006,187,673,0,703,28.3,195,3.4000000000000004
2015,5,27,15,30,53.56,0.19,5.6000000000000005,192,522,502,0,25.1,85,1006,192,522,0,502,27.900000000000002,197,3.3000000000000003
2015,5,27,16,30,67.44,0.19,5.6000000000000005,149,346,282,6,25.3,88.76,1007,7,0,0,7,27.3,200,3
2015,5,27,17,30,81.34,0.19,5.6000000000000005,62,82,75,7,25.5,92.94,1007,58,2,7,59,26.700000000000003,203,2.7
2015,5,27,18,30,95.34,0.19,5.6000000000000005,0,0,0,7,25.5,95.19,1008,0,0,0,0,26.3,206,2.6
2015,5,27,19,30,109.04,0.19,5.6000000000000005,0,0,0,7,25.400000000000002,96.08,1008,0,0,0,0,26.1,208,2.5
2015,5,27,20,30,122.32000000000001,0.19,5.6000000000000005,0,0,0,7,25.400000000000002,96.32000000000001,1009,0,0,0,0,26,209,2.5
2015,5,27,21,30,134.77,0.19,5.7,0,0,0,7,25.3,96.47,1009,0,0,0,0,25.900000000000002,210,2.5
2015,5,27,22,30,145.43,0.19,5.7,0,0,0,7,25.200000000000003,97.01,1009,0,0,0,0,25.700000000000003,211,2.4000000000000004
2015,5,27,23,30,152.12,0.19,5.7,0,0,0,7,25,96.60000000000001,1009,0,0,0,0,25.6,212,2.3000000000000003
2015,5,28,0,30,151.87,0.19,5.800000000000001,0,0,0,7,24.8,96.37,1008,0,0,0,0,25.400000000000002,214,2.3000000000000003
2015,5,28,1,30,144.81,0.19,5.800000000000001,0,0,0,6,24.6,95.71000000000001,1008,0,0,0,0,25.3,217,2.2
2015,5,28,2,30,133.99,0.19,5.800000000000001,0,0,0,7,24.400000000000002,95.19,1007,0,0,0,0,25.200000000000003,220,2.1
2015,5,28,3,30,121.46000000000001,0.19,5.800000000000001,0,0,0,7,24.200000000000003,95.51,1007,0,0,0,0,25,222,1.9000000000000001
2015,5,28,4,30,108.15,0.19,5.9,0,0,0,7,24.1,95.36,1007,0,0,0,0,24.900000000000002,221,1.8
2015,5,28,5,30,94.44,0.19,5.9,0,0,0,7,24,94.4,1008,0,0,0,0,25,218,1.9000000000000001
2015,5,28,6,30,80.44,0.19,5.9,56,268,100,6,24.3,93.31,1008,3,0,0,3,25.5,214,2.1
2015,5,28,7,30,66.54,0.19,5.9,99,557,321,6,24.5,90.32000000000001,1008,21,0,0,21,26.200000000000003,210,2.4000000000000004
2015,5,28,8,30,52.68,0.19,6,119,702,544,6,24,84.36,1009,52,0,0,52,26.900000000000002,205,2.7
2015,5,28,9,30,39.14,0.19,6,130,780,735,6,23.700000000000003,78.24,1009,25,0,0,25,27.8,199,2.8000000000000003
2015,5,28,10,30,26.53,0.19,6.1000000000000005,135,822,871,6,23.6,75.24,1009,306,6,0,311,28.400000000000002,192,2.9000000000000004
2015,5,28,11,30,17.2,0.19,6.2,138,841,942,7,23.700000000000003,75.08,1008,398,249,0,636,28.5,188,3.1
2015,5,28,12,30,17.580000000000002,0.19,6.2,139,839,939,7,23.700000000000003,75.73,1008,407,241,0,637,28.400000000000002,187,3.1
2015,5,28,13,30,27.28,0.19,6.300000000000001,137,818,864,7,23.700000000000003,77.13,1007,385,164,7,531,28.1,187,3.1
2015,5,28,14,30,39.980000000000004,0.19,6.300000000000001,131,774,724,7,23.8,79.25,1007,123,765,0,709,27.700000000000003,189,3.1
2015,5,28,15,30,53.550000000000004,0.19,6.300000000000001,116,701,532,7,23.900000000000002,81.79,1007,250,103,0,311,27.3,193,3
2015,5,28,16,30,67.42,0.19,6.2,91,569,310,7,24.1,85.21000000000001,1007,158,318,0,280,26.8,195,2.8000000000000003
2015,5,28,17,30,81.31,0.19,6.2,49,281,91,7,24.400000000000002,89.28,1007,40,2,7,40,26.3,197,2.4000000000000004
2015,5,28,18,30,95.29,0.19,6.2,0,0,0,7,24.700000000000003,92.87,1007,0,0,0,0,25.900000000000002,198,2.2
2015,5,28,19,30,108.98,0.19,6.1000000000000005,0,0,0,7,24.8,94.55,1008,0,0,0,0,25.700000000000003,199,2.2
2015,5,28,20,30,122.24000000000001,0.19,6.1000000000000005,0,0,0,7,24.8,95.41,1008,0,0,0,0,25.6,202,2.1
2015,5,28,21,30,134.66,0.19,6.1000000000000005,0,0,0,7,24.8,96.07000000000001,1008,0,0,0,0,25.5,207,2.1
2015,5,28,22,30,145.29,0.19,6.1000000000000005,0,0,0,7,24.8,96.45,1008,0,0,0,0,25.400000000000002,214,2
2015,5,28,23,30,151.96,0.19,6.1000000000000005,0,0,0,7,24.700000000000003,96.68,1007,0,0,0,0,25.3,222,1.9000000000000001
2015,5,29,0,30,151.72,0.19,6,0,0,0,7,24.700000000000003,96.91,1007,0,0,0,0,25.200000000000003,231,1.8
2015,5,29,1,30,144.71,0.19,6,0,0,0,7,24.6,97.06,1006,0,0,0,0,25.1,239,1.8
2015,5,29,2,30,133.93,0.19,6,0,0,0,7,24.5,97.31,1006,0,0,0,0,25,244,1.7000000000000002
2015,5,29,3,30,121.43,0.19,6,0,0,0,7,24.5,97.18,1007,0,0,0,0,25,244,1.7000000000000002
2015,5,29,4,30,108.14,0.19,6,0,0,0,7,24.5,97.61,1007,0,0,0,0,24.900000000000002,241,1.8
2015,5,29,5,30,94.44,0.19,6,0,0,0,7,24.5,96.35000000000001,1007,0,0,0,0,25.1,237,1.9000000000000001
2015,5,29,6,30,80.46000000000001,0.19,6,55,272,100,7,24.6,93.66,1007,50,3,7,50,25.700000000000003,233,2.2
2015,5,29,7,30,66.58,0.19,6,103,540,318,7,24.700000000000003,90.22,1008,169,37,0,184,26.400000000000002,230,2.4000000000000004
2015,5,29,8,30,52.74,0.19,6.1000000000000005,135,663,536,6,24.5,85.5,1008,263,96,0,321,27.1,228,2.4000000000000004
2015,5,29,9,30,39.21,0.19,6.1000000000000005,175,696,715,6,24.200000000000003,80.65,1008,342,170,0,474,27.8,224,2.2
2015,5,29,10,30,26.64,0.19,6.1000000000000005,198,725,846,7,24,77.89,1008,333,14,0,345,28.200000000000003,221,2.1
2015,5,29,11,30,17.35,0.19,6.1000000000000005,212,733,912,7,23.900000000000002,76.56,1007,415,111,0,521,28.400000000000002,218,2.1
2015,5,29,12,30,17.71,0.19,6.1000000000000005,246,684,898,6,23.900000000000002,76.53,1007,451,104,0,550,28.400000000000002,215,2.1
2015,5,29,13,30,27.34,0.19,6.1000000000000005,230,673,828,6,23.900000000000002,77.09,1006,419,48,0,461,28.3,211,2.2
2015,5,29,14,30,40,0.19,6.1000000000000005,202,644,695,7,24,78.41,1006,341,210,0,502,28.1,211,2.2
2015,5,29,15,30,53.550000000000004,0.19,6,165,583,511,7,24.1,80.75,1006,276,122,0,349,27.700000000000003,213,2
2015,5,29,16,30,67.39,0.19,5.9,120,458,296,7,24.3,83.51,1006,103,6,0,106,27.3,215,1.8
2015,5,29,17,30,81.27,0.19,5.9,56,192,85,7,24.6,88.58,1006,6,0,0,6,26.6,217,1.6
2015,5,29,18,30,95.24,0.19,5.800000000000001,0,0,0,7,24.8,91.82000000000001,1007,0,0,0,0,26.200000000000003,221,1.6
2015,5,29,19,30,108.91,0.19,5.7,0,0,0,7,24.700000000000003,92.66,1007,0,0,0,0,26,226,1.8
2015,5,29,20,30,122.15,0.19,5.6000000000000005,0,0,0,7,24.700000000000003,93.85000000000001,1008,0,0,0,0,25.8,234,2
2015,5,29,21,30,134.55,0.19,5.5,0,0,0,7,24.700000000000003,94.47,1008,0,0,0,0,25.700000000000003,243,2.1
2015,5,29,22,30,145.15,0.19,5.4,0,0,0,7,24.700000000000003,95.52,1007,0,0,0,0,25.5,251,2
2015,5,29,23,30,151.8,0.19,5.4,0,0,0,7,24.700000000000003,96.49000000000001,1007,0,0,0,0,25.3,257,1.9000000000000001
2015,5,30,0,30,151.58,0.19,5.4,0,0,0,8,24.6,97.15,1006,0,0,0,0,25.1,263,1.7000000000000002
2015,5,30,1,30,144.61,0.19,5.4,0,0,0,8,24.5,96.99000000000001,1006,0,0,0,0,25,266,1.7000000000000002
2015,5,30,2,30,133.87,0.19,5.4,0,0,0,5,24.400000000000002,97.60000000000001,1006,0,0,0,0,24.8,267,1.8
2015,5,30,3,30,121.41,0.19,5.4,0,0,0,7,24.3,97.77,1006,0,0,0,0,24.700000000000003,266,1.8
2015,5,30,4,30,108.13,0.19,5.4,0,0,0,7,24.3,98,1006,0,0,0,0,24.6,262,1.8
2015,5,30,5,30,94.45,0.19,5.4,0,0,0,7,24.200000000000003,96.10000000000001,1007,0,0,0,0,24.900000000000002,257,1.9000000000000001
2015,5,30,6,30,80.49,0.19,5.5,60,214,95,8,24.5,92.37,1008,27,0,7,27,25.8,250,2
2015,5,30,7,30,66.62,0.19,5.5,115,491,310,0,24.6,87.25,1008,115,491,0,310,26.900000000000002,239,2.1
2015,5,30,8,30,52.79,0.19,5.5,150,626,529,0,24.5,81.22,1008,150,626,0,529,28,227,2.2
2015,5,30,9,30,39.29,0.19,5.5,174,698,715,0,24.3,76.17,1008,174,698,0,715,28.900000000000002,217,2.4000000000000004
2015,5,30,10,30,26.75,0.19,5.5,190,737,848,0,24.200000000000003,72.79,1008,190,737,0,848,29.6,211,2.6
2015,5,30,11,30,17.5,0.19,5.5,200,754,919,0,24.200000000000003,71.09,1007,200,754,0,919,30,206,2.8000000000000003
2015,5,30,12,30,17.830000000000002,0.19,5.5,183,777,923,0,24.200000000000003,69.9,1007,183,777,0,923,30.3,202,3
2015,5,30,13,30,27.39,0.19,5.4,179,755,849,0,24.200000000000003,69.88,1006,179,755,0,849,30.3,202,3.2
2015,5,30,14,30,40.02,0.19,5.4,168,708,710,0,24.200000000000003,71.07000000000001,1006,168,708,0,710,30,204,3.3000000000000003
2015,5,30,15,30,53.54,0.19,5.4,166,582,512,0,24.200000000000003,73.19,1006,166,582,0,512,29.5,209,3.4000000000000004
2015,5,30,16,30,67.37,0.19,5.4,130,421,292,0,24.3,77.03,1006,130,421,0,292,28.700000000000003,214,3.4000000000000004
2015,5,30,17,30,81.23,0.19,5.4,61,139,82,0,24.6,83.15,1007,61,139,0,82,27.700000000000003,217,3.1
2015,5,30,18,30,95.19,0.19,5.4,0,0,0,0,24.900000000000002,88.98,1007,0,0,0,0,26.900000000000002,217,2.9000000000000004
2015,5,30,19,30,108.84,0.19,5.4,0,0,0,7,25.1,91.89,1008,0,0,0,0,26.5,216,3
2015,5,30,20,30,122.07000000000001,0.19,5.5,0,0,0,8,25.200000000000003,93.53,1009,0,0,0,0,26.3,215,2.9000000000000004
2015,5,30,21,30,134.44,0.19,5.6000000000000005,0,0,0,7,25.200000000000003,94.3,1009,0,0,0,0,26.200000000000003,214,2.9000000000000004
2015,5,30,22,30,145.01,0.19,5.7,0,0,0,7,25.200000000000003,95.54,1009,0,0,0,0,26,213,2.9000000000000004
2015,5,30,23,30,151.65,0.19,5.7,0,0,0,7,25.200000000000003,95.48,1008,0,0,0,0,26,213,2.9000000000000004
2015,5,31,0,30,151.45000000000002,0.19,5.7,0,0,0,7,25.200000000000003,95.98,1007,0,0,0,0,25.900000000000002,213,2.8000000000000003
2015,5,31,1,30,144.52,0.19,5.800000000000001,0,0,0,7,25.200000000000003,96.49000000000001,1007,0,0,0,0,25.8,211,2.8000000000000003
2015,5,31,2,30,133.82,0.19,5.800000000000001,0,0,0,7,25.200000000000003,96.43,1007,0,0,0,0,25.8,210,2.7
2015,5,31,3,30,121.38,0.19,5.9,0,0,0,6,25.200000000000003,96.87,1007,0,0,0,0,25.700000000000003,208,2.7
2015,5,31,4,30,108.13,0.19,5.9,0,0,0,6,25.1,96.68,1007,0,0,0,0,25.700000000000003,208,2.6
2015,5,31,5,30,94.46000000000001,0.19,5.9,0,0,0,6,25.1,96.05,1008,0,0,0,0,25.8,209,2.6
2015,5,31,6,30,80.51,0.19,5.800000000000001,64,189,95,7,25.3,94.72,1009,3,0,0,3,26.200000000000003,210,2.9000000000000004
2015,5,31,7,30,66.66,0.19,5.7,125,463,308,6,25.5,93.93,1009,106,4,0,107,26.6,212,3.3000000000000003
2015,5,31,8,30,52.85,0.19,5.7,161,601,524,6,25.6,91.75,1009,175,6,0,179,27.1,212,3.6
2015,5,31,9,30,39.37,0.19,5.7,199,655,705,6,25.5,88.57000000000001,1009,156,1,0,157,27.6,208,3.6
2015,5,31,10,30,26.86,0.19,5.800000000000001,222,689,836,9,25.400000000000002,85.09,1009,57,0,0,57,28.1,204,3.5
2015,5,31,11,30,17.650000000000002,0.19,5.800000000000001,236,700,903,6,25.200000000000003,82.79,1008,198,1,0,199,28.400000000000002,200,3.2
2015,5,31,12,30,17.95,0.19,5.9,241,691,899,6,25.1,82.32000000000001,1008,220,1,0,221,28.400000000000002,198,2.9000000000000004
2015,5,31,13,30,27.44,0.19,6,238,660,824,6,25,82.27,1007,289,4,0,292,28.3,198,2.6
2015,5,31,14,30,40.03,0.19,6,222,607,687,7,24.900000000000002,83.36,1007,363,70,0,417,28,199,2.4000000000000004
2015,5,31,15,30,53.54,0.19,6,191,522,501,7,24.900000000000002,85,1007,291,253,0,441,27.700000000000003,199,2.2
2015,5,31,16,30,67.35,0.19,5.9,140,382,287,7,25.1,88.51,1007,160,20,0,168,27.200000000000003,200,2.1
2015,5,31,17,30,81.19,0.19,5.9,61,130,81,7,25.3,92.02,1007,9,0,0,9,26.700000000000003,200,1.9000000000000001
2015,5,31,18,30,95.14,0.19,5.800000000000001,0,0,0,8,25.200000000000003,93.76,1007,0,0,0,0,26.3,194,1.8
2015,5,31,19,30,108.77,0.19,5.800000000000001,0,0,0,7,25.1,94.49,1008,0,0,0,0,26.1,183,1.7000000000000002
2015,5,31,20,30,121.98,0.19,5.9,0,0,0,7,25.1,94.56,1009,0,0,0,0,26,172,1.7000000000000002
2015,5,31,21,30,134.34,0.19,5.9,0,0,0,8,25,94.58,1009,0,0,0,0,25.900000000000002,168,1.6
2015,5,31,22,30,144.88,0.19,5.9,0,0,0,0,24.900000000000002,95.21000000000001,1009,0,0,0,0,25.700000000000003,174,1.4000000000000001
2015,5,31,23,30,151.5,0.19,5.800000000000001,0,0,0,1,24.700000000000003,95.03,1008,0,0,0,0,25.6,188,1.3
2015,6,1,0,30,151.32,0.19,5.7,0,0,0,1,24.6,94.84,1007,0,0,0,0,25.5,207,1.3
2015,6,1,1,30,144.44,0.19,5.6000000000000005,0,0,0,0,24.5,95.5,1007,0,0,0,0,25.3,218,1.5
2015,6,1,2,30,133.77,0.19,5.5,0,0,0,0,24.400000000000002,96.17,1006,0,0,0,0,25.1,220,1.6
2015,6,1,3,30,121.36,0.19,5.5,0,0,0,0,24.400000000000002,95.89,1006,0,0,0,0,25.1,218,1.7000000000000002
2015,6,1,4,30,108.12,0.19,5.6000000000000005,0,0,0,0,24.400000000000002,96.31,1007,0,0,0,0,25,214,1.7000000000000002
2015,6,1,5,30,94.48,0.19,5.7,0,0,0,0,24.3,94.23,1008,0,0,0,0,25.3,211,1.7000000000000002
2015,6,1,6,30,80.54,0.19,5.800000000000001,56,258,99,0,24.700000000000003,93.47,1008,56,258,0,99,25.8,207,1.9000000000000001
2015,6,1,7,30,66.7,0.19,5.800000000000001,99,550,317,1,25,92.02,1009,99,550,0,317,26.400000000000002,202,2.1
2015,6,1,8,30,52.910000000000004,0.19,5.9,119,697,540,7,25,89.66,1009,119,685,0,532,26.8,197,2.5
2015,6,1,9,30,39.45,0.19,5.9,131,776,730,7,24.900000000000002,85.65,1009,299,21,7,315,27.5,194,2.9000000000000004
2015,6,1,10,30,26.97,0.19,5.9,139,815,866,7,24.700000000000003,82.35000000000001,1008,384,273,0,627,28,193,3.3000000000000003
2015,6,1,11,30,17.79,0.19,5.9,147,826,934,7,24.700000000000003,80.28,1008,142,787,0,891,28.400000000000002,195,3.7
2015,6,1,12,30,18.06,0.19,5.9,159,809,928,7,24.700000000000003,80.27,1007,409,268,0,664,28.400000000000002,199,4.1000000000000005
2015,6,1,13,30,27.490000000000002,0.19,5.800000000000001,167,772,852,7,24.700000000000003,80.67,1006,407,231,0,612,28.3,204,4.3
2015,6,1,14,30,40.04,0.19,5.800000000000001,166,711,711,7,24.700000000000003,82.07000000000001,1006,352,132,0,453,28,208,4.4
2015,6,1,15,30,53.52,0.19,5.800000000000001,152,618,519,7,24.700000000000003,83.63,1005,281,202,0,401,27.700000000000003,211,4.3
2015,6,1,16,30,67.32000000000001,0.19,5.800000000000001,119,469,299,7,24.8,86.96000000000001,1006,186,217,0,270,27.200000000000003,213,4
2015,6,1,17,30,81.15,0.19,5.800000000000001,59,177,87,7,25.1,91.27,1006,51,3,7,51,26.6,214,3.6
2015,6,1,18,30,95.08,0.19,5.800000000000001,0,0,0,7,25.1,93.76,1007,0,0,0,0,26.200000000000003,215,3.4000000000000004
2015,6,1,19,30,108.7,0.19,5.800000000000001,0,0,0,7,25.1,94.13,1007,0,0,0,0,26.1,215,3.3000000000000003
2015,6,1,20,30,121.9,0.19,5.9,0,0,0,7,25.1,94.52,1008,0,0,0,0,26,215,3.2
2015,6,1,21,30,134.24,0.19,5.9,0,0,0,7,25,94.8,1008,0,0,0,0,25.900000000000002,214,3.2
2015,6,1,22,30,144.76,0.19,5.9,0,0,0,7,25,95.15,1008,0,0,0,0,25.8,212,3.1
2015,6,1,23,30,151.36,0.19,5.9,0,0,0,7,24.900000000000002,95.43,1007,0,0,0,0,25.700000000000003,212,3.1
2015,6,2,0,30,151.20000000000002,0.19,5.800000000000001,0,0,0,7,24.900000000000002,95.22,1006,0,0,0,0,25.700000000000003,211,3.1
2015,6,2,1,30,144.36,0.19,5.800000000000001,0,0,0,7,24.900000000000002,95.67,1006,0,0,0,0,25.6,210,3.1
2015,6,2,2,30,133.73,0.19,5.7,0,0,0,7,24.8,95.42,1005,0,0,0,0,25.6,209,3
2015,6,2,3,30,121.34,0.19,5.7,0,0,0,7,24.8,95.86,1006,0,0,0,0,25.5,209,2.9000000000000004
2015,6,2,4,30,108.13,0.19,5.6000000000000005,0,0,0,7,24.700000000000003,95.61,1006,0,0,0,0,25.5,209,2.8000000000000003
2015,6,2,5,30,94.49,0.19,5.6000000000000005,0,0,0,6,24.700000000000003,94.18,1006,0,0,0,0,25.700000000000003,210,2.8000000000000003
2015,6,2,6,30,80.57000000000001,0.19,5.5,67,151,91,9,25,93.11,1007,3,0,0,3,26.200000000000003,211,2.9000000000000004
2015,6,2,7,30,66.74,0.19,5.5,132,438,305,6,25.3,92,1007,10,0,0,10,26.700000000000003,209,3.1
2015,6,2,8,30,52.96,0.19,5.5,166,593,524,6,25.400000000000002,89.85000000000001,1008,134,2,0,135,27.200000000000003,205,3.3000000000000003
2015,6,2,9,30,39.52,0.19,5.6000000000000005,210,639,703,9,25.200000000000003,86.29,1008,33,0,0,33,27.700000000000003,198,3.5
2015,6,2,10,30,27.07,0.19,5.7,228,683,836,9,25,83.7,1008,56,0,0,56,28,194,3.7
2015,6,2,11,30,17.93,0.19,5.7,238,701,904,9,24.8,82.08,1008,72,0,0,72,28.200000000000003,192,3.8000000000000003
2015,6,2,12,30,18.16,0.19,5.7,237,701,903,6,24.8,82.13,1008,122,0,0,122,28.1,193,3.9000000000000004
2015,6,2,13,30,27.53,0.19,5.7,227,682,832,6,24.700000000000003,83.22,1007,224,1,0,225,27.8,195,3.8000000000000003
2015,6,2,14,30,40.050000000000004,0.19,5.7,206,641,697,6,24.700000000000003,85.13,1007,205,3,0,207,27.400000000000002,198,3.5
2015,6,2,15,30,53.51,0.19,5.6000000000000005,172,573,513,6,24.700000000000003,87.36,1007,226,21,0,239,27,202,3.1
2015,6,2,16,30,67.29,0.19,5.5,126,445,298,7,24.8,89.87,1007,184,60,0,207,26.6,206,2.6
2015,6,2,17,30,81.11,0.19,5.5,60,181,88,7,24.900000000000002,92.9,1008,57,4,7,57,26.1,209,2.4000000000000004
2015,6,2,18,30,95.03,0.19,5.4,0,0,0,7,24.700000000000003,93.56,1008,0,0,0,0,25.8,211,2.4000000000000004
2015,6,2,19,30,108.64,0.19,5.300000000000001,0,0,0,7,24.6,94.38,1009,0,0,0,0,25.6,210,2.5
2015,6,2,20,30,121.82000000000001,0.19,5.300000000000001,0,0,0,7,24.6,94.69,1009,0,0,0,0,25.5,208,2.5
2015,6,2,21,30,134.13,0.19,5.300000000000001,0,0,0,7,24.5,94.91,1009,0,0,0,0,25.400000000000002,208,2.6
2015,6,2,22,30,144.64000000000001,0.19,5.300000000000001,0,0,0,7,24.5,95.21000000000001,1009,0,0,0,0,25.3,211,2.8000000000000003
2015,6,2,23,30,151.23,0.19,5.4,0,0,0,7,24.400000000000002,95.01,1008,0,0,0,0,25.3,214,2.9000000000000004
2015,6,3,0,30,151.09,0.19,5.4,0,0,0,7,24.400000000000002,95.39,1007,0,0,0,0,25.200000000000003,217,3
2015,6,3,1,30,144.29,0.19,5.4,0,0,0,7,24.400000000000002,95.19,1007,0,0,0,0,25.200000000000003,217,2.9000000000000004
2015,6,3,2,30,133.69,0.19,5.5,0,0,0,7,24.3,95.26,1006,0,0,0,0,25.1,217,2.7
2015,6,3,3,30,121.33,0.19,5.5,0,0,0,7,24.200000000000003,94.99,1007,0,0,0,0,25.1,217,2.5
2015,6,3,4,30,108.13,0.19,5.6000000000000005,0,0,0,7,24.200000000000003,95.17,1007,0,0,0,0,25,217,2.4000000000000004
2015,6,3,5,30,94.51,0.19,5.7,0,0,0,7,24.1,93.17,1007,0,0,0,0,25.3,217,2.3000000000000003
2015,6,3,6,30,80.60000000000001,0.19,5.9,58,232,96,7,24.5,92.73,1008,54,3,7,54,25.8,217,2.4000000000000004
2015,6,3,7,30,66.78,0.19,6,106,522,312,7,24.900000000000002,91.43,1009,183,70,0,210,26.400000000000002,214,2.6
2015,6,3,8,30,53.02,0.19,6.2,134,661,531,8,25,90.31,1009,262,141,7,347,26.700000000000003,210,2.7
2015,6,3,9,30,39.6,0.19,6.2,151,736,718,8,24.900000000000002,87.9,1009,337,83,7,401,27.1,208,2.8000000000000003
2015,6,3,10,30,27.17,0.19,6.2,163,777,854,7,24.8,85.75,1009,404,166,0,551,27.400000000000002,210,2.9000000000000004
2015,6,3,11,30,18.06,0.19,6.2,168,793,922,7,24.8,84.01,1009,401,304,0,690,27.700000000000003,212,3.2
2015,6,3,12,30,18.26,0.19,6.1000000000000005,174,785,920,7,24.700000000000003,82.8,1008,423,177,0,592,27.900000000000002,214,3.4000000000000004
2015,6,3,13,30,27.57,0.19,6,162,776,850,8,24.700000000000003,82.56,1008,382,54,0,430,27.900000000000002,214,3.4000000000000004
2015,6,3,14,30,40.06,0.19,6,149,739,714,7,24.6,83.44,1007,334,278,0,546,27.700000000000003,214,3.4000000000000004
2015,6,3,15,30,53.5,0.19,6,139,644,522,7,24.700000000000003,85.72,1007,227,26,0,242,27.3,216,3.2
2015,6,3,16,30,67.26,0.19,6.1000000000000005,106,510,304,7,24.900000000000002,89.36,1007,139,22,0,148,26.8,218,3
2015,6,3,17,30,81.07000000000001,0.19,6.1000000000000005,55,227,90,9,25.1,93.48,1008,3,0,0,3,26.200000000000003,220,2.7
2015,6,3,18,30,94.97,0.19,6.1000000000000005,0,0,0,9,25,95.56,1009,0,0,0,0,25.8,221,2.6
2015,6,3,19,30,108.57000000000001,0.19,6.2,0,0,0,9,25,96.25,1009,0,0,0,0,25.6,223,2.6
2015,6,3,20,30,121.73,0.19,6.2,0,0,0,9,24.900000000000002,96.57000000000001,1010,0,0,0,0,25.5,222,2.6
2015,6,3,21,30,134.04,0.19,6.2,0,0,0,9,24.900000000000002,96.86,1010,0,0,0,0,25.400000000000002,220,2.6
2015,6,3,22,30,144.52,0.19,6.300000000000001,0,0,0,9,24.8,97.62,1010,0,0,0,0,25.200000000000003,217,2.5
2015,6,3,23,30,151.1,0.19,6.300000000000001,0,0,0,9,24.700000000000003,97.74000000000001,1009,0,0,0,0,25.1,215,2.6
2015,6,4,0,30,150.98,0.19,6.4,0,0,0,6,24.700000000000003,97.97,1009,0,0,0,0,25,214,2.7
2015,6,4,1,30,144.22,0.19,6.4,0,0,0,6,24.6,98.06,1008,0,0,0,0,24.900000000000002,213,2.7
2015,6,4,2,30,133.66,0.19,6.4,0,0,0,6,24.5,97.67,1008,0,0,0,0,24.900000000000002,214,2.6
2015,6,4,3,30,121.32000000000001,0.19,6.4,0,0,0,7,24.5,97.94,1008,0,0,0,0,24.8,217,2.6
2015,6,4,4,30,108.14,0.19,6.4,0,0,0,7,24.400000000000002,97.71000000000001,1008,0,0,0,0,24.8,220,2.6
2015,6,4,5,30,94.53,0.19,6.300000000000001,0,0,0,6,24.400000000000002,97.42,1008,0,0,0,0,24.8,224,2.6
2015,6,4,6,30,80.64,0.19,6.300000000000001,52,292,99,7,24.5,96.7,1009,3,0,0,3,25.1,227,2.6
2015,6,4,7,30,66.83,0.19,6.300000000000001,94,568,317,7,24.8,96.47,1010,76,1,0,76,25.400000000000002,228,2.7
2015,6,4,8,30,53.08,0.19,6.300000000000001,120,694,537,7,25,95.92,1010,58,0,0,58,25.700000000000003,227,2.9000000000000004
2015,6,4,9,30,39.68,0.19,6.300000000000001,137,762,724,7,25.1,94.83,1010,245,7,0,251,26,224,3
2015,6,4,10,30,27.27,0.19,6.300000000000001,148,799,858,7,25,92.75,1010,360,18,0,375,26.3,218,3.1
2015,6,4,11,30,18.18,0.19,6.4,155,812,927,7,24.900000000000002,90.94,1009,417,52,0,467,26.5,212,3.2
2015,6,4,12,30,18.35,0.19,6.4,165,798,923,7,24.8,90.08,1008,427,73,0,496,26.6,207,3.2
2015,6,4,13,30,27.61,0.19,6.5,172,762,846,5,24.8,90,1008,418,46,0,459,26.6,204,3.3000000000000003
2015,6,4,14,30,40.06,0.19,6.5,169,704,707,0,24.8,91.10000000000001,1007,169,704,0,707,26.400000000000002,202,3.2
2015,6,4,15,30,53.480000000000004,0.19,6.5,150,621,519,3,24.900000000000002,92.10000000000001,1007,326,93,0,382,26.3,201,3
2015,6,4,16,30,67.23,0.19,6.5,120,464,300,3,25,94.5,1007,202,31,0,214,26,201,2.7
2015,6,4,17,30,81.03,0.19,6.5,60,178,88,3,25.200000000000003,96.99000000000001,1008,9,0,0,9,25.700000000000003,202,2.5
2015,6,4,18,30,94.92,0.19,6.4,0,0,0,1,25.1,97.55,1008,0,0,0,0,25.5,205,2.4000000000000004
2015,6,4,19,30,108.5,0.19,6.4,0,0,0,2,25,97.05,1009,0,0,0,0,25.5,209,2.4000000000000004
2015,6,4,20,30,121.65,0.19,6.300000000000001,0,0,0,0,25,96.8,1010,0,0,0,0,25.5,214,2.4000000000000004
2015,6,4,21,30,133.94,0.19,6.2,0,0,0,0,24.900000000000002,97.05,1010,0,0,0,0,25.400000000000002,220,2.5
2015,6,4,22,30,144.4,0.19,6.1000000000000005,0,0,0,8,24.8,97.19,1010,0,0,0,0,25.3,226,2.6
2015,6,4,23,30,150.98,0.19,6,0,0,0,7,24.700000000000003,97.25,1009,0,0,0,0,25.200000000000003,232,2.6
2015,6,5,0,30,150.88,0.2,5.9,0,0,0,7,24.6,97.09,1008,0,0,0,0,25.1,239,2.6
2015,6,5,1,30,144.16,0.2,5.9,0,0,0,7,24.5,97.37,1008,0,0,0,0,24.900000000000002,246,2.5
2015,6,5,2,30,133.63,0.2,5.9,0,0,0,7,24.3,97.54,1007,0,0,0,0,24.700000000000003,253,2.5
2015,6,5,3,30,121.31,0.2,5.9,0,0,0,7,24.1,97.27,1008,0,0,0,0,24.6,257,2.4000000000000004
2015,6,5,4,30,108.15,0.2,5.9,0,0,0,5,24,97.51,1008,0,0,0,0,24.400000000000002,258,2.4000000000000004
2015,6,5,5,30,94.56,0.2,5.9,0,0,0,4,23.900000000000002,96.35000000000001,1009,0,0,0,0,24.5,258,2.5
2015,6,5,6,30,80.67,0.2,5.9,57,244,97,7,24,95.41,1009,3,0,0,3,24.8,258,2.6
2015,6,5,7,30,66.88,0.2,5.9,104,532,313,7,24.3,94.02,1010,120,9,0,123,25.3,255,2.8000000000000003
2015,6,5,8,30,53.14,0.2,5.800000000000001,127,681,535,7,24.5,91.87,1010,253,75,0,298,25.900000000000002,250,2.9000000000000004
2015,6,5,9,30,39.75,0.2,5.800000000000001,139,763,725,6,24.5,89.06,1010,166,1,0,167,26.5,244,3
2015,6,5,10,30,27.37,0.2,5.800000000000001,146,805,861,6,24.5,86.45,1009,179,1,0,180,27,238,3.2
2015,6,5,11,30,18.3,0.2,5.800000000000001,151,822,931,6,24.5,84.91,1009,341,10,0,350,27.3,234,3.3000000000000003
2015,6,5,12,30,18.44,0.2,5.9,154,816,929,6,24.5,83.81,1008,265,3,0,268,27.5,232,3.3000000000000003
2015,6,5,13,30,27.64,0.2,5.9,155,789,855,6,24.5,83.76,1008,352,16,0,366,27.5,230,3.2
2015,6,5,14,30,40.06,0.2,5.9,152,737,716,6,24.5,84.58,1007,193,2,0,195,27.3,229,3.1
2015,6,5,15,30,53.46,0.2,6,138,650,525,6,24.5,86.73,1007,180,7,0,185,26.900000000000002,228,2.8000000000000003
2015,6,5,16,30,67.19,0.2,6,111,501,305,6,24.6,90.5,1007,96,3,0,97,26.3,229,2.4000000000000004
2015,6,5,17,30,80.98,0.2,6,58,211,91,6,24.700000000000003,94.28,1008,3,0,0,3,25.700000000000003,231,2.2
2015,6,5,18,30,94.86,0.2,6,0,0,0,7,24.700000000000003,96.34,1008,0,0,0,0,25.3,234,2.1
2015,6,5,19,30,108.44,0.2,6,0,0,0,7,24.6,96.83,1009,0,0,0,0,25.1,237,2.1
2015,6,5,20,30,121.57000000000001,0.2,5.9,0,0,0,7,24.5,97.51,1009,0,0,0,0,24.900000000000002,238,2.2
2015,6,5,21,30,133.84,0.2,5.9,0,0,0,7,24.400000000000002,97.25,1009,0,0,0,0,24.900000000000002,237,2.5
2015,6,5,22,30,144.29,0.2,5.800000000000001,0,0,0,7,24.400000000000002,97.62,1009,0,0,0,0,24.8,237,2.7
2015,6,5,23,30,150.86,0.2,5.800000000000001,0,0,0,7,24.3,97.73,1008,0,0,0,0,24.700000000000003,239,2.7
2015,6,6,0,30,150.78,0.19,5.800000000000001,0,0,0,8,24.200000000000003,97.7,1007,0,0,0,0,24.6,241,2.7
2015,6,6,1,30,144.1,0.19,5.800000000000001,0,0,0,4,24.1,97.7,1007,0,0,0,0,24.5,243,2.6
2015,6,6,2,30,133.6,0.19,5.800000000000001,0,0,0,5,24,97.65,1007,0,0,0,0,24.400000000000002,245,2.4000000000000004
2015,6,6,3,30,121.31,0.19,5.800000000000001,0,0,0,4,23.900000000000002,97.58,1007,0,0,0,0,24.3,246,2.2
2015,6,6,4,30,108.16,0.19,5.9,0,0,0,4,23.8,97.59,1007,0,0,0,0,24.200000000000003,245,2.1
2015,6,6,5,30,94.58,0.19,5.9,0,0,0,4,23.700000000000003,96.14,1008,0,0,0,0,24.400000000000002,243,2.1
2015,6,6,6,30,80.71000000000001,0.19,5.9,59,225,95,4,24,95.32000000000001,1009,4,0,0,4,24.8,241,2.2
2015,6,6,7,30,66.92,0.19,5.9,113,498,308,5,24.200000000000003,93.65,1009,125,0,0,125,25.3,238,2.4000000000000004
2015,6,6,8,30,53.2,0.19,5.9,150,625,524,3,24.3,90.92,1010,315,62,0,353,25.900000000000002,233,2.5
2015,6,6,9,30,39.83,0.19,5.9,174,696,709,5,24.3,87.5,1009,376,53,0,417,26.5,228,2.5
2015,6,6,10,30,27.46,0.19,5.9,187,741,844,8,24.200000000000003,84.85000000000001,1009,332,442,0,724,27,223,2.5
2015,6,6,11,30,18.42,0.19,5.9,186,769,916,0,24.200000000000003,83.35000000000001,1008,186,769,0,916,27.3,220,2.5
2015,6,6,12,30,18.52,0.19,5.800000000000001,200,748,909,0,24.200000000000003,82.96000000000001,1008,200,748,0,909,27.400000000000002,219,2.4000000000000004
2015,6,6,13,30,27.66,0.19,5.800000000000001,190,733,839,7,24.200000000000003,83.42,1007,391,259,7,619,27.3,221,2.3000000000000003
2015,6,6,14,30,40.050000000000004,0.19,5.800000000000001,175,691,704,1,24.200000000000003,84.28,1007,175,691,0,704,27.1,226,2.2
2015,6,6,15,30,53.44,0.19,5.7,149,621,519,3,24.3,86.01,1007,313,44,0,339,26.8,232,2.3000000000000003
2015,6,6,16,30,67.16,0.19,5.7,117,473,301,0,24.5,89.28,1007,117,473,0,301,26.400000000000002,236,2.3000000000000003
2015,6,6,17,30,80.94,0.19,5.7,60,181,88,7,24.6,93.32000000000001,1007,60,5,7,61,25.8,237,2.3000000000000003
2015,6,6,18,30,94.81,0.19,5.7,0,0,0,7,24.6,95.28,1008,0,0,0,0,25.400000000000002,236,2.4000000000000004
2015,6,6,19,30,108.37,0.19,5.7,0,0,0,0,24.5,95.91,1008,0,0,0,0,25.200000000000003,235,2.6
2015,6,6,20,30,121.5,0.19,5.6000000000000005,0,0,0,0,24.5,96.89,1009,0,0,0,0,25,233,2.8000000000000003
2015,6,6,21,30,133.75,0.19,5.6000000000000005,0,0,0,1,24.5,97.38,1009,0,0,0,0,24.900000000000002,230,3
2015,6,6,22,30,144.19,0.19,5.5,0,0,0,3,24.400000000000002,97.68,1009,0,0,0,0,24.8,227,2.9000000000000004
2015,6,6,23,30,150.75,0.19,5.5,0,0,0,8,24.3,97.62,1008,0,0,0,0,24.700000000000003,226,2.8000000000000003
2015,6,7,0,30,150.70000000000002,0.19,5.5,0,0,0,7,24.200000000000003,97.47,1008,0,0,0,0,24.6,225,2.7
2015,6,7,1,30,144.05,0.19,5.6000000000000005,0,0,0,7,24.1,97.44,1008,0,0,0,0,24.5,223,2.6
2015,6,7,2,30,133.58,0.19,5.6000000000000005,0,0,0,7,24,97.39,1008,0,0,0,0,24.400000000000002,221,2.6
2015,6,7,3,30,121.31,0.19,5.6000000000000005,0,0,0,7,23.900000000000002,97.41,1008,0,0,0,0,24.3,220,2.7
2015,6,7,4,30,108.17,0.19,5.6000000000000005,0,0,0,7,23.8,96.89,1008,0,0,0,0,24.3,222,2.7
2015,6,7,5,30,94.61,0.19,5.6000000000000005,0,0,0,7,23.700000000000003,95.41,1008,0,0,0,0,24.5,223,2.8000000000000003
2015,6,7,6,30,80.74,0.19,5.6000000000000005,61,190,91,7,24,94.10000000000001,1009,22,0,7,22,25,225,3
2015,6,7,7,30,66.97,0.19,5.6000000000000005,117,477,304,7,24.200000000000003,92.13,1009,170,37,7,184,25.6,225,3.1
2015,6,7,8,30,53.26,0.19,5.6000000000000005,155,613,522,7,24.200000000000003,88.03,1010,281,223,0,414,26.3,224,3.1
2015,6,7,9,30,39.9,0.19,5.6000000000000005,140,758,722,7,24,84.34,1009,327,218,0,494,26.900000000000002,220,3
2015,6,7,10,30,27.560000000000002,0.19,5.6000000000000005,159,784,854,7,24,82.12,1009,375,273,0,617,27.3,214,2.9000000000000004
2015,6,7,11,30,18.53,0.19,5.6000000000000005,172,790,920,7,24,81.04,1008,366,280,0,631,27.5,209,2.9000000000000004
2015,6,7,12,30,18.59,0.19,5.6000000000000005,227,709,900,7,23.900000000000002,81.44,1008,431,196,0,617,27.400000000000002,206,3
2015,6,7,13,30,27.69,0.19,5.5,220,688,829,6,23.900000000000002,82.38,1007,259,3,0,262,27.200000000000003,204,3
2015,6,7,14,30,40.050000000000004,0.19,5.5,205,639,694,7,24,83.98,1007,357,79,0,417,26.900000000000002,201,3
2015,6,7,15,30,53.410000000000004,0.19,5.6000000000000005,178,553,508,6,24,85.9,1007,244,32,0,263,26.6,199,2.9000000000000004
2015,6,7,16,30,67.12,0.19,5.6000000000000005,138,401,294,7,24.200000000000003,89.26,1007,163,28,0,174,26.1,199,2.6
2015,6,7,17,30,80.89,0.19,5.6000000000000005,65,131,86,6,24.400000000000002,93.16,1008,4,0,0,4,25.6,199,2.4000000000000004
2015,6,7,18,30,94.75,0.19,5.7,0,0,0,6,24.400000000000002,94.9,1009,0,0,0,0,25.3,199,2.2
2015,6,7,19,30,108.3,0.19,5.7,0,0,0,6,24.400000000000002,95.7,1009,0,0,0,0,25.1,198,2.2
2015,6,7,20,30,121.42,0.19,5.800000000000001,0,0,0,6,24.3,95.56,1010,0,0,0,0,25.1,197,2.1
2015,6,7,21,30,133.66,0.19,5.800000000000001,0,0,0,7,24.3,95.87,1010,0,0,0,0,25,199,2.1
2015,6,7,22,30,144.09,0.19,5.7,0,0,0,7,24.200000000000003,96.07000000000001,1009,0,0,0,0,24.900000000000002,201,2.1
2015,6,7,23,30,150.65,0.19,5.7,0,0,0,7,24.200000000000003,96.28,1009,0,0,0,0,24.8,203,2
2015,6,8,0,30,150.61,0.2,5.7,0,0,0,7,24.1,96.42,1008,0,0,0,0,24.700000000000003,206,2
2015,6,8,1,30,144.01,0.2,5.7,0,0,0,8,24,96.65,1008,0,0,0,0,24.6,211,2
2015,6,8,2,30,133.56,0.2,5.7,0,0,0,8,24,96.39,1008,0,0,0,0,24.6,215,2
2015,6,8,3,30,121.31,0.2,5.7,0,0,0,8,24,96.28,1008,0,0,0,0,24.6,219,2.1
2015,6,8,4,30,108.19,0.2,5.6000000000000005,0,0,0,2,24,96.77,1008,0,0,0,0,24.5,221,2.1
2015,6,8,5,30,94.64,0.2,5.6000000000000005,0,0,0,7,23.900000000000002,95.49,1008,0,0,0,0,24.700000000000003,221,2.1
2015,6,8,6,30,80.78,0.2,5.6000000000000005,63,177,91,0,24.200000000000003,94.82000000000001,1009,63,177,0,91,25.1,220,2.2
2015,6,8,7,30,67.02,0.2,5.6000000000000005,121,467,303,7,24.5,93.43,1009,121,467,5,303,25.6,216,2.3000000000000003
2015,6,8,8,30,53.32,0.2,5.6000000000000005,152,619,522,7,24.6,90.68,1010,153,614,0,520,26.200000000000003,207,2.2
2015,6,8,9,30,39.97,0.2,5.7,171,702,709,2,24.400000000000002,87.39,1010,421,139,0,528,26.700000000000003,196,2.2
2015,6,8,10,30,27.64,0.2,5.7,184,746,845,3,24.3,84.14,1010,482,153,0,617,27.200000000000003,186,2.1
2015,6,8,11,30,18.63,0.2,5.7,187,769,916,3,24.200000000000003,82.33,1009,475,127,0,596,27.5,182,2.1
2015,6,8,12,30,18.66,0.2,5.800000000000001,160,807,925,0,24.1,81.89,1009,160,807,0,925,27.5,182,2.3000000000000003
2015,6,8,13,30,27.7,0.2,5.800000000000001,147,802,857,7,24,82.14,1008,147,797,0,853,27.3,183,2.5
2015,6,8,14,30,40.04,0.2,5.800000000000001,132,772,723,7,24,83.93,1008,295,378,0,584,26.900000000000002,186,2.7
2015,6,8,15,30,53.39,0.2,5.800000000000001,119,698,535,7,24.1,87.29,1008,270,183,0,379,26.400000000000002,191,2.8000000000000003
2015,6,8,16,30,67.09,0.2,5.800000000000001,92,576,316,7,24.3,91.07000000000001,1008,142,17,7,148,25.900000000000002,194,2.8000000000000003
2015,6,8,17,30,80.84,0.2,5.800000000000001,51,295,98,7,24.400000000000002,94.39,1008,35,1,7,35,25.400000000000002,196,2.8000000000000003
2015,6,8,18,30,94.69,0.2,5.9,0,0,0,3,24.3,95.52,1008,0,0,0,0,25.1,196,2.8000000000000003
2015,6,8,19,30,108.24000000000001,0.2,5.9,0,0,0,8,24.3,95.69,1009,0,0,0,0,25,196,2.8000000000000003
2015,6,8,20,30,121.34,0.2,5.9,0,0,0,8,24.200000000000003,95.87,1010,0,0,0,0,24.900000000000002,195,2.8000000000000003
2015,6,8,21,30,133.58,0.2,6,0,0,0,3,24.1,95.31,1010,0,0,0,0,24.900000000000002,194,2.7
2015,6,8,22,30,143.99,0.2,6,0,0,0,8,24,95.4,1010,0,0,0,0,24.8,194,2.7
2015,6,8,23,30,150.55,0.2,6,0,0,0,3,23.900000000000002,94.99,1009,0,0,0,0,24.8,194,2.8000000000000003
2015,6,9,0,30,150.54,0.2,6,0,0,0,3,23.900000000000002,95.28,1008,0,0,0,0,24.700000000000003,195,2.9000000000000004
2015,6,9,1,30,143.97,0.2,5.9,0,0,0,3,23.900000000000002,95.69,1008,0,0,0,0,24.6,196,3
2015,6,9,2,30,133.55,0.2,5.800000000000001,0,0,0,8,23.8,95.39,1007,0,0,0,0,24.6,196,3.1
2015,6,9,3,30,121.32000000000001,0.2,5.7,0,0,0,8,23.8,95.21000000000001,1007,0,0,0,0,24.6,194,3.2
2015,6,9,4,30,108.21000000000001,0.2,5.7,0,0,0,8,23.8,95.68,1008,0,0,0,0,24.5,194,3.2
2015,6,9,5,30,94.67,0.2,5.7,0,0,0,4,23.700000000000003,94.2,1008,0,0,0,0,24.700000000000003,194,3.1
2015,6,9,6,30,80.82000000000001,0.2,5.7,55,250,95,7,23.900000000000002,92.79,1009,7,0,0,7,25.200000000000003,193,3.1
2015,6,9,7,30,67.07000000000001,0.2,5.800000000000001,101,538,311,7,24.200000000000003,91.31,1009,32,0,0,32,25.700000000000003,193,3.2
2015,6,9,8,30,53.38,0.2,5.800000000000001,125,682,532,7,24.200000000000003,88.18,1010,183,9,0,189,26.3,193,3.3000000000000003
2015,6,9,9,30,40.04,0.2,5.9,143,751,718,8,24,83.63,1010,220,5,7,224,27,194,3.3000000000000003
2015,6,9,10,30,27.73,0.2,5.9,152,793,854,8,23.8,80.96000000000001,1009,396,117,7,499,27.400000000000002,196,3.4000000000000004
2015,6,9,11,30,18.73,0.2,6,157,810,924,7,23.8,79.9,1009,263,4,7,267,27.6,197,3.4000000000000004
2015,6,9,12,30,18.72,0.2,6,157,810,924,7,23.8,79.48,1008,389,257,7,632,27.700000000000003,199,3.5
2015,6,9,13,30,27.72,0.2,6,152,792,853,7,23.8,80.3,1008,231,3,7,234,27.5,202,3.6
2015,6,9,14,30,40.02,0.2,6,142,753,718,7,23.8,81.58,1008,289,18,7,303,27.200000000000003,204,3.6
2015,6,9,15,30,53.36,0.2,6,125,680,531,7,23.700000000000003,83.31,1007,254,292,0,429,26.8,206,3.5
2015,6,9,16,30,67.05,0.2,5.9,100,543,312,7,23.8,86.19,1008,176,80,7,207,26.3,207,3.3000000000000003
2015,6,9,17,30,80.8,0.2,5.9,55,258,96,7,24,90.19,1008,37,1,7,37,25.700000000000003,208,3
2015,6,9,18,30,94.64,0.2,5.9,0,0,0,7,24,92.35000000000001,1009,0,0,0,0,25.3,207,2.8000000000000003
2015,6,9,19,30,108.17,0.2,5.800000000000001,0,0,0,7,23.900000000000002,93,1009,0,0,0,0,25.1,205,2.7
2015,6,9,20,30,121.27,0.2,5.800000000000001,0,0,0,7,23.8,93.3,1010,0,0,0,0,25,202,2.6
2015,6,9,21,30,133.49,0.2,5.800000000000001,0,0,0,7,23.8,93.63,1010,0,0,0,0,24.900000000000002,200,2.5
2015,6,9,22,30,143.9,0.2,5.7,0,0,0,7,23.8,94.01,1010,0,0,0,0,24.8,200,2.4000000000000004
2015,6,9,23,30,150.45000000000002,0.2,5.7,0,0,0,7,23.8,94.47,1009,0,0,0,0,24.700000000000003,201,2.4000000000000004
2015,6,10,0,30,150.47,0.2,5.7,0,0,0,7,23.700000000000003,95.02,1009,0,0,0,0,24.6,203,2.3000000000000003
2015,6,10,1,30,143.93,0.2,5.7,0,0,0,8,23.700000000000003,95.41,1008,0,0,0,0,24.5,205,2.3000000000000003
2015,6,10,2,30,133.54,0.2,5.7,0,0,0,4,23.700000000000003,95.21000000000001,1008,0,0,0,0,24.5,207,2.2
2015,6,10,3,30,121.33,0.2,5.7,0,0,0,7,23.6,95.55,1008,0,0,0,0,24.400000000000002,208,2.2
2015,6,10,4,30,108.23,0.2,5.7,0,0,0,7,23.6,95.88,1009,0,0,0,0,24.3,210,2.1
2015,6,10,5,30,94.7,0.2,5.7,0,0,0,7,23.5,94.32000000000001,1009,0,0,0,0,24.5,211,2.1
2015,6,10,6,30,80.86,0.2,5.7,58,220,93,3,23.900000000000002,93.42,1010,61,1,7,61,25,211,2.3000000000000003
2015,6,10,7,30,67.12,0.2,5.7,108,511,307,3,24.1,91.46000000000001,1010,203,25,0,213,25.6,208,2.4000000000000004
2015,6,10,8,30,53.44,0.2,5.7,134,659,527,5,24.1,88.86,1011,212,2,0,213,26.1,205,2.5
2015,6,10,9,30,40.11,0.2,5.7,148,743,716,3,23.900000000000002,85.79,1011,297,3,0,299,26.5,204,2.6
2015,6,10,10,30,27.810000000000002,0.2,5.7,155,789,853,3,23.8,83.47,1010,316,1,0,317,26.8,203,2.6
2015,6,10,11,30,18.82,0.2,5.7,156,812,925,5,23.700000000000003,82.35000000000001,1010,379,4,0,382,27,203,2.6
2015,6,10,12,30,18.77,0.2,5.7,152,818,927,3,23.700000000000003,82.88,1009,484,150,0,625,26.900000000000002,202,2.6
2015,6,10,13,30,27.72,0.2,5.7,146,803,857,8,23.8,83.54,1009,387,110,7,485,26.8,203,2.5
2015,6,10,14,30,40.01,0.2,5.7,135,767,722,7,23.8,84.51,1008,272,386,7,568,26.6,206,2.5
2015,6,10,15,30,53.33,0.2,5.7,118,699,535,6,23.8,86.18,1008,182,8,0,187,26.3,210,2.5
2015,6,10,16,30,67.01,0.2,5.6000000000000005,95,566,316,7,23.900000000000002,88.82000000000001,1009,154,26,0,164,25.900000000000002,215,2.3000000000000003
2015,6,10,17,30,80.75,0.2,5.6000000000000005,53,278,98,7,24,92.77,1009,5,0,0,5,25.3,218,2.2
2015,6,10,18,30,94.58,0.2,5.5,0,0,0,7,24,95.11,1010,0,0,0,0,24.8,219,2.1
2015,6,10,19,30,108.11,0.2,5.5,0,0,0,7,23.8,95.60000000000001,1010,0,0,0,0,24.6,220,2.1
2015,6,10,20,30,121.2,0.2,5.5,0,0,0,7,23.8,95.79,1011,0,0,0,0,24.5,220,2.1
2015,6,10,21,30,133.41,0.2,5.5,0,0,0,7,23.700000000000003,95.94,1011,0,0,0,0,24.400000000000002,221,2.1
2015,6,10,22,30,143.81,0.2,5.5,0,0,0,7,23.6,95.52,1011,0,0,0,0,24.400000000000002,221,2
2015,6,10,23,30,150.37,0.2,5.5,0,0,0,8,23.6,95.07000000000001,1010,0,0,0,0,24.400000000000002,224,2
2015,6,11,0,30,150.41,0.2,5.5,0,0,0,7,23.5,95.44,1010,0,0,0,0,24.3,229,2
2015,6,11,1,30,143.91,0.2,5.4,0,0,0,7,23.5,95.24,1010,0,0,0,0,24.3,237,2.2
2015,6,11,2,30,133.54,0.2,5.300000000000001,0,0,0,0,23.5,95.66,1009,0,0,0,0,24.200000000000003,244,2.7
2015,6,11,3,30,121.34,0.2,5.2,0,0,0,0,23.5,96.89,1009,0,0,0,0,24,248,2.9000000000000004
2015,6,11,4,30,108.26,0.2,5.2,0,0,0,0,23.5,97.33,1009,0,0,0,0,23.900000000000002,250,2.7
2015,6,11,5,30,94.74,0.2,5.300000000000001,0,0,0,0,23.3,96.14,1009,0,0,0,0,24,252,2.4000000000000004
2015,6,11,6,30,80.91,0.2,5.300000000000001,63,151,86,0,23.5,93.8,1010,63,151,0,86,24.6,250,2.2
2015,6,11,7,30,67.17,0.2,5.4,131,421,295,0,23.700000000000003,90.51,1010,131,421,0,295,25.400000000000002,240,2.1
2015,6,11,8,30,53.5,0.2,5.5,173,566,509,0,23.8,86.92,1010,173,566,0,509,26.1,224,2.1
2015,6,11,9,30,40.18,0.2,5.5,202,644,693,7,23.400000000000002,81.58,1010,209,619,0,682,26.8,207,2.2
2015,6,11,10,30,27.89,0.2,5.5,223,683,826,7,23.200000000000003,78.15,1010,255,629,0,811,27.3,200,2.4000000000000004
2015,6,11,11,30,18.900000000000002,0.2,5.5,235,698,896,7,23.200000000000003,77.10000000000001,1009,411,351,0,744,27.6,202,2.5
2015,6,11,12,30,18.82,0.2,5.5,238,694,895,7,23.400000000000002,77.06,1009,418,338,0,738,27.8,204,2.4000000000000004
2015,6,11,13,30,27.73,0.2,5.5,232,670,825,7,23.5,77.23,1008,364,436,0,750,27.900000000000002,204,2.4000000000000004
2015,6,11,14,30,39.99,0.2,5.5,215,622,691,7,23.6,78.47,1007,367,264,0,569,27.700000000000003,204,2.4000000000000004
2015,6,11,15,30,53.300000000000004,0.2,5.6000000000000005,189,530,505,7,23.700000000000003,80.61,1007,283,77,0,329,27.3,207,2.6
2015,6,11,16,30,66.96000000000001,0.2,5.6000000000000005,147,366,290,7,23.900000000000002,84.41,1008,201,117,7,246,26.700000000000003,210,2.6
2015,6,11,17,30,80.7,0.2,5.5,68,98,83,8,24.1,89.56,1008,56,2,7,56,26,211,2.6
2015,6,11,18,30,94.52,0.2,5.5,0,0,0,3,24.3,92.93,1009,0,0,0,0,25.5,213,2.6
2015,6,11,19,30,108.05,0.2,5.5,0,0,0,7,24.3,94.02,1009,0,0,0,0,25.3,216,2.6
2015,6,11,20,30,121.13,0.2,5.4,0,0,0,0,24.3,95.24,1010,0,0,0,0,25.1,218,2.5
2015,6,11,21,30,133.33,0.2,5.4,0,0,0,0,24.3,95.62,1010,0,0,0,0,25,219,2.4000000000000004
2015,6,11,22,30,143.72,0.2,5.4,0,0,0,0,24.200000000000003,96.13,1010,0,0,0,0,24.900000000000002,218,2.3000000000000003
2015,6,11,23,30,150.29,0.2,5.5,0,0,0,1,24.200000000000003,96.66,1010,0,0,0,0,24.8,217,2.2
2015,6,12,0,30,150.35,0.2,5.5,0,0,0,1,24.200000000000003,96.49000000000001,1009,0,0,0,0,24.8,215,2.2
2015,6,12,1,30,143.88,0.2,5.6000000000000005,0,0,0,3,24.200000000000003,96.33,1009,0,0,0,0,24.8,212,2.2
2015,6,12,2,30,133.54,0.2,5.7,0,0,0,3,24.200000000000003,96.23,1009,0,0,0,0,24.8,209,2.2
2015,6,12,3,30,121.36,0.2,5.7,0,0,0,3,24.200000000000003,96.87,1009,0,0,0,0,24.700000000000003,206,2.2
2015,6,12,4,30,108.29,0.2,5.6000000000000005,0,0,0,3,24.200000000000003,97.46000000000001,1009,0,0,0,0,24.6,204,2.2
2015,6,12,5,30,94.77,0.2,5.5,0,0,0,3,24.200000000000003,96.33,1009,0,0,0,0,24.8,203,2.4000000000000004
2015,6,12,6,30,80.95,0.2,5.4,60,183,88,0,24.5,94.51,1009,60,183,0,88,25.400000000000002,204,2.7
2015,6,12,7,30,67.22,0.2,5.300000000000001,123,452,298,0,24.8,92.9,1010,123,452,0,298,26,203,2.9000000000000004
2015,6,12,8,30,53.56,0.2,5.300000000000001,161,592,513,0,24.700000000000003,89.59,1010,161,592,0,513,26.6,198,2.8000000000000003
2015,6,12,9,30,40.25,0.2,5.4,186,671,698,0,24.6,85.77,1010,186,671,0,698,27.200000000000003,193,2.7
2015,6,12,10,30,27.97,0.2,5.5,200,717,833,3,24.5,83.37,1010,438,68,0,498,27.6,189,2.7
2015,6,12,11,30,18.98,0.2,5.6000000000000005,208,736,904,2,24.5,82.23,1009,463,68,0,528,27.8,188,2.7
2015,6,12,12,30,18.87,0.2,5.7,311,590,869,0,24.5,82.85000000000001,1009,311,590,0,869,27.700000000000003,189,2.8000000000000003
2015,6,12,13,30,27.73,0.2,5.7,298,568,801,3,24.6,84.03,1008,438,37,0,471,27.5,192,2.9000000000000004
2015,6,12,14,30,39.97,0.2,5.7,269,519,667,3,24.6,85.66,1008,372,29,0,395,27.200000000000003,195,2.9000000000000004
2015,6,12,15,30,53.26,0.2,5.7,251,378,478,0,24.6,87.97,1008,251,378,0,478,26.8,197,2.9000000000000004
2015,6,12,16,30,66.92,0.2,5.7,184,211,267,8,24.700000000000003,91.08,1008,220,59,7,243,26.3,198,2.8000000000000003
2015,6,12,17,30,80.65,0.2,5.6000000000000005,62,28,67,7,24.8,94.31,1008,38,0,7,38,25.8,198,2.6
2015,6,12,18,30,94.47,0.2,5.6000000000000005,0,0,0,8,24.8,95.64,1009,0,0,0,0,25.5,198,2.4000000000000004
2015,6,12,19,30,107.98,0.2,5.6000000000000005,0,0,0,7,24.700000000000003,96.3,1009,0,0,0,0,25.3,199,2.4000000000000004
2015,6,12,20,30,121.06,0.2,5.5,0,0,0,8,24.6,96.48,1009,0,0,0,0,25.200000000000003,202,2.3000000000000003
2015,6,12,21,30,133.26,0.2,5.5,0,0,0,7,24.6,96.82000000000001,1010,0,0,0,0,25.1,209,2.3000000000000003
2015,6,12,22,30,143.64000000000001,0.2,5.5,0,0,0,0,24.5,97.08,1009,0,0,0,0,25,215,2.2
2015,6,12,23,30,150.21,0.2,5.6000000000000005,0,0,0,7,24.5,97.53,1009,0,0,0,0,24.900000000000002,220,2.3000000000000003
2015,6,13,0,30,150.3,0.2,5.6000000000000005,0,0,0,7,24.400000000000002,97.8,1008,0,0,0,0,24.8,223,2.3000000000000003
2015,6,13,1,30,143.86,0.2,5.6000000000000005,0,0,0,7,24.400000000000002,98.14,1008,0,0,0,0,24.700000000000003,225,2.4000000000000004
2015,6,13,2,30,133.55,0.2,5.6000000000000005,0,0,0,7,24.3,98.49000000000001,1008,0,0,0,0,24.6,224,2.4000000000000004
2015,6,13,3,30,121.38,0.2,5.6000000000000005,0,0,0,7,24.3,98.24000000000001,1008,0,0,0,0,24.6,218,2.5
2015,6,13,4,30,108.32000000000001,0.2,5.6000000000000005,0,0,0,7,24.3,97.95,1008,0,0,0,0,24.6,213,2.7
2015,6,13,5,30,94.81,0.2,5.5,0,0,0,7,24.200000000000003,96.48,1008,0,0,0,0,24.8,208,2.8000000000000003
2015,6,13,6,30,81,0.2,5.5,65,63,75,7,24.400000000000002,95.5,1009,33,0,7,33,25.200000000000003,203,3
2015,6,13,7,30,67.27,0.2,5.5,165,289,277,8,24.700000000000003,93.4,1010,114,4,7,115,25.8,198,3.2
2015,6,13,8,30,53.61,0.2,5.5,226,439,487,8,24.6,90.86,1010,170,3,7,172,26.200000000000003,194,3.4000000000000004
2015,6,13,9,30,40.31,0.2,5.5,269,522,668,8,24.5,87.55,1010,272,8,7,277,26.700000000000003,194,3.6
2015,6,13,10,30,28.04,0.2,5.5,302,562,798,8,24.400000000000002,85.62,1010,403,27,7,427,27,194,3.7
2015,6,13,11,30,19.06,0.2,5.6000000000000005,326,570,864,7,24.3,84.75,1009,451,329,7,762,27.1,192,3.7
2015,6,13,12,30,18.900000000000002,0.2,5.6000000000000005,359,524,855,3,24.3,84.60000000000001,1009,502,60,0,559,27.1,189,3.5
2015,6,13,13,30,27.72,0.2,5.5,346,499,787,3,24.200000000000003,85.25,1008,400,8,0,407,26.900000000000002,188,3.3000000000000003
2015,6,13,14,30,39.94,0.2,5.4,308,459,660,0,24.200000000000003,86.27,1008,308,459,0,660,26.700000000000003,188,3.1
2015,6,13,15,30,53.22,0.2,5.4,254,382,483,0,24.3,88.66,1008,254,382,0,483,26.3,189,3
2015,6,13,16,30,66.88,0.2,5.300000000000001,180,245,276,0,24.400000000000002,90.79,1008,180,245,0,276,26,191,2.7
2015,6,13,17,30,80.60000000000001,0.2,5.300000000000001,68,46,76,3,24.5,94.15,1008,53,0,7,53,25.5,193,2.4000000000000004
2015,6,13,18,30,94.41,0.2,5.300000000000001,0,0,0,3,24.400000000000002,95.84,1009,0,0,0,0,25.1,193,2.2
2015,6,13,19,30,107.92,0.2,5.300000000000001,0,0,0,0,24.3,96.03,1009,0,0,0,0,25,192,2.2
2015,6,13,20,30,120.99000000000001,0.2,5.300000000000001,0,0,0,0,24.3,96.47,1010,0,0,0,0,24.900000000000002,191,2.1
2015,6,13,21,30,133.19,0.2,5.300000000000001,0,0,0,0,24.3,96.85000000000001,1010,0,0,0,0,24.8,193,2
2015,6,13,22,30,143.57,0.2,5.300000000000001,0,0,0,2,24.200000000000003,97.19,1010,0,0,0,0,24.700000000000003,199,2
2015,6,13,23,30,150.15,0.2,5.300000000000001,0,0,0,0,24.200000000000003,97.43,1009,0,0,0,0,24.6,209,2.1
2015,6,14,0,30,150.26,0.2,5.2,0,0,0,0,24.1,97.77,1008,0,0,0,0,24.5,219,2.3000000000000003
2015,6,14,1,30,143.85,0.2,5.1000000000000005,0,0,0,1,24.1,98.06,1007,0,0,0,0,24.400000000000002,224,2.3000000000000003
2015,6,14,2,30,133.55,0.2,4.9,0,0,0,1,24,98.27,1007,0,0,0,0,24.3,227,2.3000000000000003
2015,6,14,3,30,121.4,0.2,4.9,0,0,0,0,23.900000000000002,98.24000000000001,1008,0,0,0,0,24.200000000000003,225,2.1
2015,6,14,4,30,108.35000000000001,0.2,4.9,0,0,0,0,23.8,98.01,1008,0,0,0,0,24.1,222,2
2015,6,14,5,30,94.85000000000001,0.2,5,0,0,0,0,23.700000000000003,95.66,1008,0,0,0,0,24.400000000000002,216,2.1
2015,6,14,6,30,81.04,0.2,5.1000000000000005,61,144,83,0,24.1,94.27,1009,61,144,0,83,25.1,209,2.3000000000000003
2015,6,14,7,30,67.32000000000001,0.2,5.2,124,437,293,3,24.5,91.88,1009,212,92,7,248,25.900000000000002,202,2.7
2015,6,14,8,30,53.67,0.2,5.300000000000001,157,597,511,6,24.5,87.69,1010,75,0,0,75,26.700000000000003,198,3
2015,6,14,9,30,40.38,0.2,5.300000000000001,175,687,699,6,24.400000000000002,83.66,1010,25,0,0,25,27.400000000000002,194,3.2
2015,6,14,10,30,28.12,0.2,5.4,190,732,836,7,24.400000000000002,81.29,1009,97,0,0,97,27.900000000000002,193,3.4000000000000004
2015,6,14,11,30,19.13,0.2,5.4,198,750,907,7,24.400000000000002,80.58,1009,424,50,0,471,28.1,191,3.6
2015,6,14,12,30,18.93,0.2,5.4,223,715,899,7,24.400000000000002,80.59,1008,418,103,0,515,28.1,188,3.7
2015,6,14,13,30,27.72,0.2,5.4,215,695,831,7,24.400000000000002,81.9,1008,415,186,0,580,27.8,186,3.7
2015,6,14,14,30,39.910000000000004,0.2,5.4,202,646,697,8,24.400000000000002,83.51,1007,371,165,0,498,27.400000000000002,183,3.6
2015,6,14,15,30,53.19,0.2,5.4,180,554,511,7,24.3,86.65,1007,207,12,0,214,26.700000000000003,181,3.2
2015,6,14,16,30,66.83,0.2,5.4,140,395,296,8,24.3,90.12,1007,164,21,0,173,26,179,2.8000000000000003
2015,6,14,17,30,80.55,0.2,5.4,67,125,88,7,24.3,94.2,1008,3,0,0,3,25.3,177,2.4000000000000004
2015,6,14,18,30,94.36,0.2,5.300000000000001,0,0,0,6,24.3,96.4,1008,0,0,0,0,24.900000000000002,175,2.1
2015,6,14,19,30,107.86,0.2,5.300000000000001,0,0,0,6,24.200000000000003,97.64,1009,0,0,0,0,24.6,173,2
2015,6,14,20,30,120.93,0.2,5.300000000000001,0,0,0,6,24.1,97.64,1010,0,0,0,0,24.5,174,1.9000000000000001
2015,6,14,21,30,133.12,0.2,5.2,0,0,0,6,24,98.22,1010,0,0,0,0,24.3,182,2
2015,6,14,22,30,143.5,0.2,5.2,0,0,0,7,23.900000000000002,97.9,1010,0,0,0,0,24.3,190,2
2015,6,14,23,30,150.09,0.2,5.2,0,0,0,7,23.900000000000002,98.02,1009,0,0,0,0,24.200000000000003,198,2.1
2015,6,15,0,30,150.23,0.2,5.2,0,0,0,7,23.8,98.12,1009,0,0,0,0,24.1,204,2.1
2015,6,15,1,30,143.85,0.2,5.300000000000001,0,0,0,7,23.700000000000003,98.08,1008,0,0,0,0,24,208,2.1
2015,6,15,2,30,133.57,0.2,5.4,0,0,0,7,23.6,98.17,1008,0,0,0,0,23.900000000000002,210,2.1
2015,6,15,3,30,121.43,0.2,5.4,0,0,0,7,23.5,97.62,1008,0,0,0,0,23.900000000000002,208,2.1
2015,6,15,4,30,108.39,0.2,5.4,0,0,0,8,23.400000000000002,97.3,1009,0,0,0,0,23.900000000000002,204,2.1
2015,6,15,5,30,94.89,0.2,5.4,0,0,0,8,23.400000000000002,95.17,1009,0,0,0,0,24.200000000000003,199,2.2
2015,6,15,6,30,81.09,0.2,5.4,57,197,88,0,23.8,94.04,1010,57,197,0,88,24.8,194,2.5
2015,6,15,7,30,67.38,0.2,5.300000000000001,113,485,299,3,24.1,91.31,1010,156,7,7,159,25.6,189,2.8000000000000003
2015,6,15,8,30,53.730000000000004,0.2,5.300000000000001,145,630,517,0,24.200000000000003,87.48,1011,145,630,0,517,26.400000000000002,185,3.1
2015,6,15,9,30,40.44,0.2,5.300000000000001,167,704,703,3,24,82.92,1010,295,2,0,297,27.200000000000003,182,3.3000000000000003
2015,6,15,10,30,28.18,0.2,5.2,180,748,840,3,24.1,80.21000000000001,1010,440,102,0,530,27.8,181,3.4000000000000004
2015,6,15,11,30,19.19,0.2,5.2,187,768,912,3,24.1,78.81,1009,452,47,0,497,28.1,181,3.5
2015,6,15,12,30,18.95,0.2,5.2,222,718,901,3,24.1,77.91,1009,454,38,0,490,28.3,182,3.5
2015,6,15,13,30,27.7,0.2,5.1000000000000005,214,699,833,3,24,77.64,1008,496,148,0,627,28.3,182,3.4000000000000004
2015,6,15,14,30,39.88,0.2,5.1000000000000005,201,650,699,2,23.900000000000002,78.53,1008,430,116,0,519,28,184,3.5
2015,6,15,15,30,53.15,0.2,5.2,180,553,512,3,23.8,80.33,1008,292,34,0,313,27.5,188,3.5
2015,6,15,16,30,66.79,0.2,5.2,141,397,297,7,23.700000000000003,83.76,1008,201,126,7,250,26.700000000000003,193,3.5
2015,6,15,17,30,80.5,0.2,5.2,68,129,89,0,23.700000000000003,87.89,1009,68,129,0,89,25.900000000000002,197,3.3000000000000003
2015,6,15,18,30,94.3,0.2,5.2,0,0,0,5,23.700000000000003,90.8,1009,0,0,0,0,25.3,199,3.1
2015,6,15,19,30,107.81,0.2,5.2,0,0,0,0,23.6,91.82000000000001,1010,0,0,0,0,25,202,3
2015,6,15,20,30,120.87,0.2,5.2,0,0,0,0,23.400000000000002,92.7,1011,0,0,0,0,24.700000000000003,205,2.9000000000000004
2015,6,15,21,30,133.06,0.2,5.2,0,0,0,0,23.3,92.31,1011,0,0,0,0,24.6,209,2.8000000000000003
2015,6,15,22,30,143.44,0.2,5.1000000000000005,0,0,0,0,23.1,92.56,1010,0,0,0,0,24.400000000000002,212,2.7
2015,6,15,23,30,150.03,0.2,5.1000000000000005,0,0,0,0,23,93.10000000000001,1010,0,0,0,0,24.200000000000003,215,2.7
2015,6,16,0,30,150.20000000000002,0.2,5,0,0,0,0,22.900000000000002,93.06,1009,0,0,0,0,24.1,216,2.6
2015,6,16,1,30,143.85,0.2,4.9,0,0,0,1,22.8,93.77,1009,0,0,0,0,23.900000000000002,216,2.6
2015,6,16,2,30,133.59,0.2,4.9,0,0,0,1,22.8,93.99,1009,0,0,0,0,23.8,215,2.6
2015,6,16,3,30,121.46000000000001,0.2,4.9,0,0,0,1,22.700000000000003,93.73,1009,0,0,0,0,23.8,215,2.6
2015,6,16,4,30,108.42,0.2,4.9,0,0,0,3,22.700000000000003,94.09,1009,0,0,0,0,23.700000000000003,216,2.6
2015,6,16,5,30,94.94,0.2,4.9,0,0,0,3,22.700000000000003,92.34,1010,0,0,0,0,24,218,2.8000000000000003
2015,6,16,6,30,81.13,0.2,4.9,61,155,85,3,22.900000000000002,89.89,1010,33,0,7,33,24.700000000000003,220,3.1
2015,6,16,7,30,67.43,0.2,5,126,437,293,3,23,86.32000000000001,1010,60,0,0,60,25.5,222,3.5
2015,6,16,8,30,53.78,0.2,5.1000000000000005,163,587,510,3,22.900000000000002,81.78,1010,203,0,0,203,26.3,223,3.6
2015,6,16,9,30,40.5,0.2,5.1000000000000005,193,659,694,3,23,79.35000000000001,1010,417,100,0,493,26.900000000000002,223,3.5
2015,6,16,10,30,28.25,0.2,5.2,203,714,831,2,23.200000000000003,77.94,1010,447,98,0,533,27.400000000000002,221,3.4000000000000004
2015,6,16,11,30,19.240000000000002,0.2,5.2,203,742,903,2,23.400000000000002,76.4,1009,472,84,0,551,27.900000000000002,217,3.3000000000000003
2015,6,16,12,30,18.97,0.2,5.300000000000001,258,662,884,2,23.5,75.93,1008,548,184,0,722,28.1,211,3.3000000000000003
2015,6,16,13,30,27.69,0.2,5.300000000000001,248,641,816,0,23.5,76.01,1008,248,641,0,816,28.1,207,3.4000000000000004
2015,6,16,14,30,39.85,0.2,5.4,229,592,684,0,23.400000000000002,77.14,1007,229,592,0,684,27.8,205,3.6
2015,6,16,15,30,53.11,0.2,5.4,198,505,502,0,23.400000000000002,79.74,1007,198,505,0,502,27.200000000000003,206,3.7
2015,6,16,16,30,66.74,0.2,5.4,149,358,291,0,23.400000000000002,83.12,1007,149,358,0,291,26.5,209,3.7
2015,6,16,17,30,80.45,0.2,5.4,67,114,86,0,23.5,87.05,1008,67,114,0,86,25.8,212,3.4000000000000004
2015,6,16,18,30,94.25,0.2,5.5,0,0,0,5,23.5,90.42,1008,0,0,0,0,25.200000000000003,214,3.1
2015,6,16,19,30,107.75,0.2,5.5,0,0,0,3,23.5,91.88,1009,0,0,0,0,24.900000000000002,215,3
2015,6,16,20,30,120.81,0.2,5.5,0,0,0,3,23.400000000000002,92.69,1010,0,0,0,0,24.700000000000003,215,2.9000000000000004
2015,6,16,21,30,132.99,0.2,5.6000000000000005,0,0,0,0,23.400000000000002,92.89,1010,0,0,0,0,24.6,215,2.8000000000000003
2015,6,16,22,30,143.38,0.2,5.5,0,0,0,0,23.3,93.18,1010,0,0,0,0,24.5,217,2.8000000000000003
2015,6,16,23,30,149.98,0.2,5.5,0,0,0,0,23.3,93.41,1009,0,0,0,0,24.400000000000002,220,2.7
2015,6,17,0,30,150.18,0.2,5.5,0,0,0,1,23.200000000000003,94.27,1008,0,0,0,0,24.200000000000003,225,2.7
2015,6,17,1,30,143.85,0.2,5.4,0,0,0,4,23.200000000000003,94.67,1008,0,0,0,0,24.1,229,2.7
2015,6,17,2,30,133.61,0.2,5.300000000000001,0,0,0,5,23.1,94.97,1007,0,0,0,0,24,233,2.7
2015,6,17,3,30,121.49000000000001,0.2,5.300000000000001,0,0,0,4,23.1,95.33,1007,0,0,0,0,23.900000000000002,234,2.7
2015,6,17,4,30,108.46000000000001,0.2,5.2,0,0,0,7,23.1,96.29,1008,0,0,0,0,23.700000000000003,233,2.6
2015,6,17,5,30,94.98,0.2,5.1000000000000005,0,0,0,7,23,94.21000000000001,1008,0,0,0,0,24,232,2.6
2015,6,17,6,30,81.18,0.2,5.1000000000000005,60,141,81,4,23.200000000000003,91.11,1009,4,0,0,4,24.8,230,2.8000000000000003
2015,6,17,7,30,67.48,0.2,5.1000000000000005,128,419,289,4,23.3,85.77,1009,70,0,0,70,25.900000000000002,227,3
2015,6,17,8,30,53.84,0.2,5.2,168,570,504,3,23.3,81.17,1010,330,80,0,377,26.8,225,3
2015,6,17,9,30,40.56,0.2,5.2,193,655,690,5,23.5,79.14,1010,321,7,0,326,27.400000000000002,224,3
2015,6,17,10,30,28.310000000000002,0.2,5.2,207,704,826,0,23.700000000000003,77.36,1009,207,704,0,826,28,223,3.1
2015,6,17,11,30,19.3,0.2,5.2,210,731,900,3,23.900000000000002,76.74,1008,430,16,0,446,28.400000000000002,221,3.1
2015,6,17,12,30,18.98,0.2,5.2,205,740,904,3,24.1,76.47,1007,328,1,0,329,28.6,219,3.2
2015,6,17,13,30,27.66,0.2,5.2,196,723,837,0,24.1,76.97,1006,196,723,0,837,28.5,217,3.4000000000000004
2015,6,17,14,30,39.82,0.2,5.2,181,681,704,2,24,77.74,1006,417,102,0,495,28.3,216,3.5
2015,6,17,15,30,53.06,0.2,5.1000000000000005,170,575,516,0,24,80.01,1006,170,575,0,516,27.8,215,3.6
2015,6,17,16,30,66.69,0.2,5.1000000000000005,133,423,300,0,24.1,83.29,1006,133,423,0,300,27.200000000000003,214,3.6
2015,6,17,17,30,80.4,0.2,5.1000000000000005,66,149,91,0,24.3,88.04,1006,66,149,0,91,26.400000000000002,214,3.4000000000000004
2015,6,17,18,30,94.19,0.2,5,0,0,0,0,24.3,91.81,1007,0,0,0,0,25.700000000000003,215,3.3000000000000003
2015,6,17,19,30,107.69,0.2,5,0,0,0,0,24.200000000000003,92.85000000000001,1008,0,0,0,0,25.400000000000002,216,3.3000000000000003
2015,6,17,20,30,120.75,0.2,5.1000000000000005,0,0,0,0,24.1,93.48,1008,0,0,0,0,25.200000000000003,218,3.2
2015,6,17,21,30,132.94,0.2,5.2,0,0,0,0,24,93.60000000000001,1008,0,0,0,0,25.1,221,3.2
2015,6,17,22,30,143.32,0.2,5.2,0,0,0,0,23.900000000000002,94.36,1008,0,0,0,0,24.900000000000002,225,3.2
2015,6,17,23,30,149.94,0.2,5.300000000000001,0,0,0,0,23.900000000000002,94.54,1008,0,0,0,0,24.8,228,3.3000000000000003
2015,6,18,0,30,150.16,0.2,5.300000000000001,0,0,0,0,23.8,94.7,1007,0,0,0,0,24.700000000000003,231,3.3000000000000003
2015,6,18,1,30,143.86,0.2,5.4,0,0,0,0,23.8,95.60000000000001,1007,0,0,0,0,24.5,233,3.4000000000000004
2015,6,18,2,30,133.63,0.2,5.300000000000001,0,0,0,0,23.700000000000003,95.89,1007,0,0,0,0,24.400000000000002,235,3.4000000000000004
2015,6,18,3,30,121.52,0.2,5.300000000000001,0,0,0,0,23.6,95.38,1007,0,0,0,0,24.400000000000002,235,3.5
2015,6,18,4,30,108.5,0.2,5.2,0,0,0,3,23.5,95.54,1007,0,0,0,0,24.3,235,3.5
2015,6,18,5,30,95.03,0.2,5.2,0,0,0,0,23.5,94.86,1008,0,0,0,0,24.400000000000002,234,3.5
2015,6,18,6,30,81.23,0.2,5.2,63,75,74,0,23.700000000000003,93.01,1008,63,75,0,74,24.900000000000002,233,3.8000000000000003
2015,6,18,7,30,67.53,0.2,5.2,154,322,278,3,23.900000000000002,89.79,1009,213,36,7,227,25.700000000000003,231,4.2
2015,6,18,8,30,53.89,0.2,5.300000000000001,205,483,490,3,23.900000000000002,85.79,1009,204,0,0,204,26.5,229,4.4
2015,6,18,9,30,40.61,0.2,5.4,257,540,667,2,24,82.94,1009,404,61,0,450,27.1,225,4.5
2015,6,18,10,30,28.36,0.2,5.5,273,602,803,8,24.1,81.05,1008,433,151,7,566,27.6,221,4.5
2015,6,18,11,30,19.34,0.2,5.5,274,640,878,7,24.200000000000003,80.23,1008,463,204,0,656,27.900000000000002,217,4.5
2015,6,18,12,30,18.990000000000002,0.2,5.6000000000000005,285,626,876,8,24.200000000000003,80.36,1007,422,100,7,516,27.900000000000002,214,4.5
2015,6,18,13,30,27.64,0.2,5.6000000000000005,265,617,812,8,24.200000000000003,81.21000000000001,1007,415,123,7,525,27.700000000000003,210,4.4
2015,6,18,14,30,39.78,0.2,5.6000000000000005,240,582,687,7,24.1,82.38,1006,381,137,0,486,27.400000000000002,208,4.4
2015,6,18,15,30,53.02,0.2,5.6000000000000005,203,506,507,7,24.1,84.98,1006,254,40,0,278,26.8,208,4.4
2015,6,18,16,30,66.64,0.2,5.6000000000000005,149,367,295,7,24,87.28,1007,170,22,0,179,26.3,209,4.3
2015,6,18,17,30,80.35000000000001,0.2,5.6000000000000005,68,128,90,7,23.900000000000002,90.04,1007,49,1,7,49,25.700000000000003,210,4
2015,6,18,18,30,94.14,0.2,5.6000000000000005,0,0,0,3,23.8,91.25,1008,0,0,0,0,25.3,213,3.9000000000000004
2015,6,18,19,30,107.64,0.2,5.6000000000000005,0,0,0,8,23.6,91.98,1009,0,0,0,0,25,215,3.8000000000000003
2015,6,18,20,30,120.69,0.2,5.6000000000000005,0,0,0,3,23.5,91.84,1009,0,0,0,0,24.900000000000002,217,3.6
2015,6,18,21,30,132.88,0.2,5.5,0,0,0,5,23.400000000000002,92.5,1009,0,0,0,0,24.700000000000003,219,3.4000000000000004
2015,6,18,22,30,143.27,0.2,5.5,0,0,0,1,23.400000000000002,92.82000000000001,1009,0,0,0,0,24.6,222,3.3000000000000003
2015,6,18,23,30,149.91,0.2,5.5,0,0,0,3,23.3,93.03,1008,0,0,0,0,24.5,225,3.2
2015,6,19,0,30,150.15,0.2,5.5,0,0,0,3,23.3,93.35000000000001,1008,0,0,0,0,24.400000000000002,228,3.2
2015,6,19,1,30,143.87,0.2,5.5,0,0,0,3,23.200000000000003,93.78,1007,0,0,0,0,24.3,230,3
2015,6,19,2,30,133.66,0.2,5.5,0,0,0,8,23.200000000000003,94.36,1007,0,0,0,0,24.200000000000003,231,2.9000000000000004
2015,6,19,3,30,121.56,0.2,5.5,0,0,0,4,23.3,95.03,1008,0,0,0,0,24.1,231,2.8000000000000003
2015,6,19,4,30,108.55,0.2,5.5,0,0,0,4,23.200000000000003,94.92,1008,0,0,0,0,24.1,229,2.7
2015,6,19,5,30,95.07000000000001,0.2,5.5,0,0,0,3,23.200000000000003,93.73,1009,0,0,0,0,24.3,228,2.8000000000000003
2015,6,19,6,30,81.28,0.2,5.4,60,129,80,4,23.400000000000002,91.56,1009,4,0,0,4,24.900000000000002,226,3.1
2015,6,19,7,30,67.58,0.2,5.4,130,413,287,3,23.5,87.39,1010,171,6,0,174,25.8,222,3.4000000000000004
2015,6,19,8,30,53.95,0.2,5.300000000000001,168,570,504,0,23.5,82.59,1010,168,570,0,504,26.700000000000003,217,3.6
2015,6,19,9,30,40.67,0.2,5.300000000000001,192,658,691,3,23.6,79.73,1009,192,0,0,192,27.400000000000002,213,3.6
2015,6,19,10,30,28.41,0.2,5.2,201,715,830,0,23.8,78.06,1009,201,715,0,830,28,209,3.6
2015,6,19,11,30,19.38,0.2,5.2,203,743,904,3,24,77.34,1008,427,16,0,442,28.3,207,3.6
2015,6,19,12,30,18.990000000000002,0.2,5.2,218,723,902,1,24,76.82000000000001,1008,218,723,0,902,28.5,205,3.6
2015,6,19,13,30,27.61,0.2,5.2,209,706,834,1,24,77.56,1007,209,706,0,834,28.3,204,3.7
2015,6,19,14,30,39.74,0.2,5.2,193,664,703,0,24,78.76,1007,193,664,0,703,28,204,3.8000000000000003
2015,6,19,15,30,52.97,0.2,5.1000000000000005,188,538,512,0,23.900000000000002,80.83,1007,188,538,0,512,27.5,206,3.8000000000000003
2015,6,19,16,30,66.59,0.2,5.1000000000000005,143,396,300,0,23.900000000000002,83.62,1007,143,396,0,300,26.900000000000002,209,3.6
2015,6,19,17,30,80.3,0.2,5.1000000000000005,69,139,92,0,24,88.12,1008,69,139,0,92,26.1,211,3.3000000000000003
2015,6,19,18,30,94.09,0.2,5.1000000000000005,0,0,0,0,24,91.47,1009,0,0,0,0,25.5,214,3
2015,6,19,19,30,107.58,0.2,5.1000000000000005,0,0,0,1,23.900000000000002,92.62,1009,0,0,0,0,25.200000000000003,217,3
2015,6,19,20,30,120.64,0.2,5.1000000000000005,0,0,0,0,23.8,93.15,1010,0,0,0,0,25,220,3.1
2015,6,19,21,30,132.83,0.2,5.2,0,0,0,0,23.700000000000003,93.08,1010,0,0,0,0,24.900000000000002,223,3
2015,6,19,22,30,143.23,0.2,5.2,0,0,0,0,23.6,93.58,1010,0,0,0,0,24.700000000000003,227,3
2015,6,19,23,30,149.88,0.2,5.300000000000001,0,0,0,0,23.5,94.16,1010,0,0,0,0,24.5,230,3
2015,6,20,0,30,150.15,0.2,5.300000000000001,0,0,0,3,23.400000000000002,94.19,1009,0,0,0,0,24.400000000000002,233,3
2015,6,20,1,30,143.89000000000001,0.2,5.4,0,0,0,3,23.3,94.34,1008,0,0,0,0,24.3,236,3.1
2015,6,20,2,30,133.7,0.2,5.5,0,0,0,3,23.3,94.63,1008,0,0,0,0,24.200000000000003,238,3.1
2015,6,20,3,30,121.60000000000001,0.2,5.5,0,0,0,0,23.200000000000003,94.88,1008,0,0,0,0,24.1,239,3.1
2015,6,20,4,30,108.59,0.2,5.6000000000000005,0,0,0,3,23.200000000000003,95.35000000000001,1009,0,0,0,0,24,239,3
2015,6,20,5,30,95.12,0.2,5.6000000000000005,0,0,0,3,23.200000000000003,94.74,1010,0,0,0,0,24.1,239,3
2015,6,20,6,30,81.33,0.2,5.6000000000000005,58,168,84,0,23.400000000000002,93.28,1010,58,168,0,84,24.6,238,3
2015,6,20,7,30,67.63,0.2,5.6000000000000005,117,465,294,3,23.700000000000003,91.14,1011,175,13,7,180,25.3,236,3.1
2015,6,20,8,30,54,0.2,5.6000000000000005,146,623,512,3,23.8,87.2,1011,279,26,0,294,26.1,233,3.2
2015,6,20,9,30,40.72,0.2,5.5,165,706,701,3,23.8,83.43,1011,393,83,0,455,26.8,229,3.2
2015,6,20,10,30,28.46,0.2,5.5,177,752,838,2,23.8,80.94,1010,436,76,0,503,27.400000000000002,224,3.2
2015,6,20,11,30,19.41,0.2,5.5,180,776,912,3,24,79.46000000000001,1010,390,5,0,394,27.900000000000002,219,3.2
2015,6,20,12,30,18.98,0.2,5.5,177,782,916,0,24.200000000000003,79.25,1009,177,782,0,916,28.1,215,3.2
2015,6,20,13,30,27.580000000000002,0.2,5.6000000000000005,169,767,849,7,24.3,79.66,1009,379,318,0,661,28.1,212,3.2
2015,6,20,14,30,39.69,0.2,5.6000000000000005,157,727,717,7,24.3,80.58,1009,200,660,0,708,27.900000000000002,208,3.2
2015,6,20,15,30,52.92,0.2,5.7,140,649,532,8,24.200000000000003,83.26,1009,266,158,7,361,27.3,206,3.3000000000000003
2015,6,20,16,30,66.55,0.2,5.800000000000001,114,503,314,7,24.3,87.74,1009,116,7,0,119,26.5,204,3.3000000000000003
2015,6,20,17,30,80.25,0.2,5.800000000000001,62,224,100,6,24.400000000000002,91.72,1010,3,0,0,3,25.8,203,3
2015,6,20,18,30,94.04,0.2,5.9,0,0,0,6,24.3,94.72,1010,0,0,0,0,25.200000000000003,203,2.9000000000000004
2015,6,20,19,30,107.53,0.2,5.9,0,0,0,6,24.1,95.51,1011,0,0,0,0,24.900000000000002,205,2.9000000000000004
2015,6,20,20,30,120.59,0.2,5.800000000000001,0,0,0,7,24,95.96000000000001,1012,0,0,0,0,24.700000000000003,208,2.7
2015,6,20,21,30,132.78,0.2,5.800000000000001,0,0,0,7,23.900000000000002,96.4,1012,0,0,0,0,24.5,215,2.5
2015,6,20,22,30,143.19,0.2,5.7,0,0,0,7,23.8,96.84,1012,0,0,0,0,24.3,223,2.3000000000000003
2015,6,20,23,30,149.86,0.2,5.7,0,0,0,7,23.700000000000003,96.95,1011,0,0,0,0,24.200000000000003,233,2.2
2015,6,21,0,30,150.15,0.2,5.6000000000000005,0,0,0,4,23.6,97.25,1010,0,0,0,0,24.1,242,2.2
2015,6,21,1,30,143.92000000000002,0.2,5.6000000000000005,0,0,0,4,23.6,97.72,1010,0,0,0,0,24,247,2.3000000000000003
2015,6,21,2,30,133.73,0.2,5.5,0,0,0,4,23.6,97.56,1009,0,0,0,0,24,248,2.4000000000000004
2015,6,21,3,30,121.65,0.2,5.4,0,0,0,5,23.6,97.52,1009,0,0,0,0,24,246,2.6
2015,6,21,4,30,108.64,0.2,5.300000000000001,0,0,0,3,23.6,98.03,1009,0,0,0,0,23.900000000000002,242,2.7
2015,6,21,5,30,95.17,0.2,5.2,0,0,0,4,23.5,96.66,1010,0,0,0,0,24.1,237,2.9000000000000004
2015,6,21,6,30,81.38,0.2,5,53,225,87,0,23.700000000000003,95.5,1010,53,225,0,87,24.5,233,3.1
2015,6,21,7,30,67.68,0.2,4.9,105,511,299,0,24,93.85000000000001,1011,105,511,0,299,25.1,229,3.1
2015,6,21,8,30,54.050000000000004,0.2,4.9,137,647,517,0,24.200000000000003,90.36,1011,137,647,0,517,25.900000000000002,226,3
2015,6,21,9,30,40.77,0.2,4.9,160,719,704,3,24.200000000000003,86,1011,399,94,0,471,26.700000000000003,222,2.8000000000000003
2015,6,21,10,30,28.51,0.2,4.9,173,761,841,0,24.1,82.33,1011,173,761,0,841,27.400000000000002,217,2.8000000000000003
2015,6,21,11,30,19.43,0.2,5,177,784,916,2,24.200000000000003,80.64,1011,473,95,0,562,27.8,214,3
2015,6,21,12,30,18.96,0.2,5,140,838,933,0,24.1,79.37,1010,140,838,0,933,28,211,3.4000000000000004
2015,6,21,13,30,27.54,0.2,5,144,810,862,0,24,79.28,1009,144,810,0,862,27.900000000000002,209,3.7
2015,6,21,14,30,39.65,0.2,5,143,756,725,0,23.900000000000002,80.78,1009,143,756,0,725,27.5,207,3.9000000000000004
2015,6,21,15,30,52.88,0.2,5,148,637,532,0,23.900000000000002,82.63,1009,148,637,0,532,27.1,207,3.9000000000000004
2015,6,21,16,30,66.5,0.2,5.1000000000000005,117,496,315,0,24,86.5,1009,117,496,0,315,26.400000000000002,206,3.6
2015,6,21,17,30,80.2,0.2,5.2,63,226,101,0,24.1,91.09,1010,63,226,0,101,25.700000000000003,206,3.3000000000000003
2015,6,21,18,30,93.99,0.2,5.2,0,0,0,3,24.1,94.35000000000001,1011,0,0,0,0,25.1,206,3.1
2015,6,21,19,30,107.48,0.2,5.300000000000001,0,0,0,8,24.1,95.64,1011,0,0,0,0,24.8,207,3
2015,6,21,20,30,120.54,0.2,5.300000000000001,0,0,0,3,24,96.3,1012,0,0,0,0,24.6,207,2.9000000000000004
2015,6,21,21,30,132.74,0.2,5.4,0,0,0,3,23.900000000000002,96.83,1012,0,0,0,0,24.400000000000002,206,2.9000000000000004
2015,6,21,22,30,143.15,0.2,5.4,0,0,0,3,23.8,96.79,1012,0,0,0,0,24.3,206,2.9000000000000004
2015,6,21,23,30,149.84,0.2,5.4,0,0,0,8,23.700000000000003,96.76,1012,0,0,0,0,24.200000000000003,208,3
2015,6,22,0,30,150.16,0.2,5.4,0,0,0,7,23.5,97.17,1011,0,0,0,0,24,210,3.1
2015,6,22,1,30,143.95000000000002,0.2,5.4,0,0,0,8,23.400000000000002,97.18,1011,0,0,0,0,23.900000000000002,212,3.1
2015,6,22,2,30,133.77,0.2,5.5,0,0,0,5,23.3,97.13,1011,0,0,0,0,23.8,212,3.1
2015,6,22,3,30,121.69,0.2,5.5,0,0,0,4,23.200000000000003,96.5,1011,0,0,0,0,23.8,211,3.1
2015,6,22,4,30,108.69,0.2,5.5,0,0,0,4,23.1,96.46000000000001,1011,0,0,0,0,23.700000000000003,211,3.1
2015,6,22,5,30,95.22,0.2,5.5,0,0,0,5,23,95.41,1012,0,0,0,0,23.8,211,3.2
2015,6,22,6,30,81.43,0.2,5.5,51,242,87,3,23.3,93.78,1012,33,0,7,33,24.400000000000002,211,3.6
2015,6,22,7,30,67.73,0.2,5.6000000000000005,96,541,301,4,23.6,91.39,1012,12,0,0,12,25.1,211,3.9000000000000004
2015,6,22,8,30,54.1,0.2,5.6000000000000005,123,676,520,3,23.5,87.38,1013,228,5,0,231,25.8,211,4.1000000000000005
2015,6,22,9,30,40.81,0.2,5.7,141,747,707,3,23.400000000000002,83.84,1013,262,1,0,263,26.400000000000002,210,4.1000000000000005
2015,6,22,10,30,28.55,0.2,5.7,153,786,844,3,23.400000000000002,81.68,1012,247,0,0,247,26.8,209,4.1000000000000005
2015,6,22,11,30,19.45,0.2,5.7,159,804,917,3,23.400000000000002,81.08,1012,441,40,0,479,26.900000000000002,209,4.1000000000000005
2015,6,22,12,30,18.94,0.2,5.7,163,800,919,3,23.3,80.38,1011,261,0,0,261,27,210,4.1000000000000005
2015,6,22,13,30,27.5,0.2,5.7,159,781,852,3,23.3,80.29,1011,287,1,0,287,27,211,4.1000000000000005
2015,6,22,14,30,39.6,0.2,5.7,148,742,719,3,23.3,80.57000000000001,1010,366,52,0,406,26.900000000000002,212,3.9000000000000004
2015,6,22,15,30,52.83,0.2,5.7,144,634,527,2,23.200000000000003,82.35000000000001,1010,305,48,0,333,26.5,213,3.7
2015,6,22,16,30,66.45,0.2,5.6000000000000005,113,501,313,5,23.3,84.87,1010,46,0,0,46,26,213,3.3000000000000003
2015,6,22,17,30,80.15,0.2,5.6000000000000005,60,240,101,8,23.400000000000002,89.27,1011,69,9,7,71,25.3,215,2.8000000000000003
2015,6,22,18,30,93.94,0.2,5.5,0,0,0,8,23.400000000000002,91.94,1011,0,0,0,0,24.8,217,2.5
2015,6,22,19,30,107.44,0.2,5.5,0,0,0,1,23.3,92.86,1012,0,0,0,0,24.5,220,2.5
2015,6,22,20,30,120.5,0.2,5.5,0,0,0,0,23.1,93.21000000000001,1012,0,0,0,0,24.3,222,2.4000000000000004
2015,6,22,21,30,132.7,0.2,5.5,0,0,0,0,23,93.24,1013,0,0,0,0,24.200000000000003,223,2.4000000000000004
2015,6,22,22,30,143.12,0.2,5.5,0,0,0,0,23,93.88,1013,0,0,0,0,24,224,2.3000000000000003
2015,6,22,23,30,149.83,0.2,5.4,0,0,0,0,22.900000000000002,94.06,1012,0,0,0,0,23.900000000000002,225,2.3000000000000003
2015,6,23,0,30,150.18,0.2,5.4,0,0,0,0,22.8,94.37,1011,0,0,0,0,23.8,226,2.3000000000000003
2015,6,23,1,30,143.99,0.2,5.4,0,0,0,1,22.8,94.85000000000001,1011,0,0,0,0,23.700000000000003,226,2.3000000000000003
2015,6,23,2,30,133.82,0.2,5.300000000000001,0,0,0,4,22.8,95.3,1011,0,0,0,0,23.6,226,2.3000000000000003
2015,6,23,3,30,121.74000000000001,0.2,5.4,0,0,0,3,22.8,95.19,1011,0,0,0,0,23.6,224,2.4000000000000004
2015,6,23,4,30,108.74000000000001,0.2,5.4,0,0,0,1,22.8,95.63,1011,0,0,0,0,23.5,223,2.4000000000000004
2015,6,23,5,30,95.27,0.2,5.4,0,0,0,3,22.8,93.96000000000001,1012,0,0,0,0,23.8,222,2.6
2015,6,23,6,30,81.48,0.2,5.4,51,222,84,3,23.1,92.51,1012,35,0,7,35,24.400000000000002,221,2.8000000000000003
2015,6,23,7,30,67.78,0.2,5.4,100,516,295,3,23.400000000000002,90.55,1013,193,21,0,201,25.1,220,3
2015,6,23,8,30,54.14,0.2,5.4,125,665,515,3,23.5,85.98,1013,262,33,0,281,26,218,3.1
2015,6,23,9,30,40.86,0.2,5.4,153,721,698,3,23.400000000000002,81.95,1013,363,69,0,416,26.700000000000003,217,3.1
2015,6,23,10,30,28.580000000000002,0.2,5.4,163,768,837,2,23.400000000000002,79.21000000000001,1012,432,77,0,499,27.3,215,3.1
2015,6,23,11,30,19.47,0.2,5.4,165,792,912,0,23.5,77.85000000000001,1012,165,792,0,912,27.700000000000003,213,3.1
2015,6,23,12,30,18.92,0.2,5.4,219,711,892,0,23.5,77.61,1011,219,711,0,892,27.8,213,3.1
2015,6,23,13,30,27.45,0.2,5.300000000000001,206,701,828,0,23.5,77.57000000000001,1010,206,701,0,828,27.8,213,3.1
2015,6,23,14,30,39.550000000000004,0.2,5.300000000000001,187,664,699,4,23.5,78.21000000000001,1010,314,4,0,317,27.6,213,3.1
2015,6,23,15,30,52.78,0.2,5.2,158,600,521,5,23.400000000000002,79.95,1010,279,34,0,299,27.200000000000003,211,3.1
2015,6,23,16,30,66.4,0.2,5.2,116,478,308,4,23.6,83.94,1010,120,0,0,120,26.5,210,3
2015,6,23,17,30,80.10000000000001,0.2,5,58,233,98,4,23.8,89.13,1010,8,0,0,8,25.700000000000003,210,2.8000000000000003
2015,6,23,18,30,93.89,0.2,4.9,0,0,0,3,23.700000000000003,92.18,1011,0,0,0,0,25.1,212,2.7
2015,6,23,19,30,107.39,0.2,4.800000000000001,0,0,0,0,23.6,93.57000000000001,1011,0,0,0,0,24.700000000000003,215,2.7
2015,6,23,20,30,120.46000000000001,0.2,4.7,0,0,0,2,23.5,94.11,1012,0,0,0,0,24.5,218,2.6
2015,6,23,21,30,132.67000000000002,0.2,4.6000000000000005,0,0,0,0,23.400000000000002,94.68,1012,0,0,0,0,24.3,221,2.6
2015,6,23,22,30,143.1,0.2,4.6000000000000005,0,0,0,0,23.3,95.39,1012,0,0,0,0,24.1,223,2.6
2015,6,23,23,30,149.83,0.2,4.5,0,0,0,0,23.3,96.17,1011,0,0,0,0,23.900000000000002,226,2.7
2015,6,24,0,30,150.21,0.2,4.5,0,0,0,0,23.200000000000003,96.45,1011,0,0,0,0,23.8,229,2.8000000000000003
2015,6,24,1,30,144.03,0.2,4.5,0,0,0,1,23.1,97.14,1010,0,0,0,0,23.6,233,2.9000000000000004
2015,6,24,2,30,133.87,0.2,4.5,0,0,0,0,23,97.3,1010,0,0,0,0,23.5,236,2.8000000000000003
2015,6,24,3,30,121.79,0.2,4.5,0,0,0,0,23,96.91,1011,0,0,0,0,23.5,238,2.8000000000000003
2015,6,24,4,30,108.79,0.2,4.6000000000000005,0,0,0,0,22.900000000000002,96.92,1011,0,0,0,0,23.400000000000002,239,2.7
2015,6,24,5,30,95.32000000000001,0.2,4.6000000000000005,0,0,0,0,22.8,94.82000000000001,1012,0,0,0,0,23.700000000000003,240,2.6
2015,6,24,6,30,81.53,0.2,4.6000000000000005,52,170,77,0,23.1,93.31,1012,52,170,0,77,24.3,240,2.7
2015,6,24,7,30,67.83,0.2,4.7,116,446,284,0,23.5,90.32000000000001,1013,116,446,0,284,25.200000000000003,236,2.8000000000000003
2015,6,24,8,30,54.19,0.2,4.7,155,593,502,0,23.5,85.74,1013,155,593,0,502,26.1,231,2.9000000000000004
2015,6,24,9,30,40.9,0.2,4.800000000000001,179,675,688,3,23.400000000000002,80.84,1013,351,29,0,372,27,230,2.9000000000000004
2015,6,24,10,30,28.61,0.2,4.800000000000001,192,722,826,1,23.6,78.64,1013,192,722,0,826,27.6,230,2.9000000000000004
2015,6,24,11,30,19.47,0.2,4.800000000000001,201,742,900,0,23.700000000000003,77.47,1012,201,742,0,900,28,230,3
2015,6,24,12,30,18.88,0.2,4.800000000000001,237,690,889,0,23.8,76.96000000000001,1011,237,690,0,889,28.200000000000003,230,3.1
2015,6,24,13,30,27.400000000000002,0.2,4.9,229,668,822,0,23.8,77.13,1011,229,668,0,822,28.200000000000003,229,3.1
2015,6,24,14,30,39.5,0.2,5,215,621,694,0,23.8,77.61,1010,215,621,0,694,28.1,228,3.1
2015,6,24,15,30,52.72,0.2,5,167,584,520,0,23.8,79.47,1010,167,584,0,520,27.700000000000003,225,3.1
2015,6,24,16,30,66.35,0.2,5,130,437,306,0,24,83.97,1011,130,437,0,306,26.900000000000002,220,3.2
2015,6,24,17,30,80.05,0.2,5,66,176,96,3,24.1,89.54,1011,10,0,0,10,26,217,3.2
2015,6,24,18,30,93.84,0.2,5,0,0,0,0,24.1,93.16,1012,0,0,0,0,25.3,216,3.3000000000000003
2015,6,24,19,30,107.35000000000001,0.2,5,0,0,0,0,23.900000000000002,93.72,1012,0,0,0,0,25,217,3.6
2015,6,24,20,30,120.42,0.2,4.9,0,0,0,0,23.8,94.26,1013,0,0,0,0,24.8,218,3.7
2015,6,24,21,30,132.63,0.2,4.9,0,0,0,0,23.700000000000003,94.75,1013,0,0,0,0,24.6,219,3.7
2015,6,24,22,30,143.08,0.2,4.9,0,0,0,1,23.6,94.71000000000001,1013,0,0,0,0,24.5,220,3.7
2015,6,24,23,30,149.83,0.2,5,0,0,0,0,23.5,94.83,1013,0,0,0,0,24.400000000000002,222,3.7
2015,6,25,0,30,150.24,0.2,5,0,0,0,1,23.400000000000002,94.99,1013,0,0,0,0,24.3,224,3.7
2015,6,25,1,30,144.07,0.2,5,0,0,0,3,23.3,94.98,1012,0,0,0,0,24.200000000000003,225,3.6
2015,6,25,2,30,133.92000000000002,0.2,5,0,0,0,3,23.3,95.21000000000001,1012,0,0,0,0,24.1,227,3.5
2015,6,25,3,30,121.84,0.2,5.1000000000000005,0,0,0,3,23.200000000000003,95.49,1012,0,0,0,0,24,229,3.5
2015,6,25,4,30,108.84,0.2,5.1000000000000005,0,0,0,1,23.200000000000003,95.73,1012,0,0,0,0,23.900000000000002,230,3.4000000000000004
2015,6,25,5,30,95.37,0.2,5,0,0,0,0,23.1,94.86,1013,0,0,0,0,24,230,3.5
2015,6,25,6,30,81.58,0.2,5,54,173,80,0,23.3,93.09,1013,54,173,0,80,24.5,229,3.7
2015,6,25,7,30,67.88,0.2,5,111,479,291,0,23.6,90.16,1014,111,479,0,291,25.3,226,4
2015,6,25,8,30,54.230000000000004,0.2,5,139,635,511,0,23.6,85.89,1014,139,635,0,511,26.1,224,4.2
2015,6,25,9,30,40.94,0.2,5,198,643,684,3,23.5,81.99,1014,219,0,0,219,26.8,222,4.2
2015,6,25,10,30,28.64,0.2,5.1000000000000005,211,697,822,3,23.6,79.56,1013,277,0,0,278,27.400000000000002,221,4.1000000000000005
2015,6,25,11,30,19.48,0.2,5.1000000000000005,215,723,897,3,23.700000000000003,78.23,1013,451,38,0,486,27.8,219,4
2015,6,25,12,30,18.85,0.2,5.1000000000000005,259,663,886,1,23.700000000000003,77.65,1012,259,663,0,886,28,217,3.9000000000000004
2015,6,25,13,30,27.35,0.2,5.2,242,654,823,1,23.700000000000003,78.08,1011,242,654,0,823,27.900000000000002,216,3.8000000000000003
2015,6,25,14,30,39.44,0.2,5.2,219,617,695,0,23.700000000000003,79.39,1011,219,617,0,695,27.6,214,3.8000000000000003
2015,6,25,15,30,52.67,0.2,5.2,185,544,516,2,23.700000000000003,81.13,1011,271,11,0,277,27.200000000000003,213,3.8000000000000003
2015,6,25,16,30,66.29,0.2,5.2,138,417,305,0,23.700000000000003,84.55,1011,138,417,0,305,26.5,212,3.7
2015,6,25,17,30,80,0.2,5.2,65,182,97,3,23.8,89.67,1011,79,3,7,80,25.6,212,3.4000000000000004
2015,6,25,18,30,93.8,0.2,5.2,0,0,0,7,23.8,92.87,1012,0,0,0,0,25,212,3.2
2015,6,25,19,30,107.31,0.2,5.2,0,0,0,7,23.700000000000003,93.97,1013,0,0,0,0,24.700000000000003,212,3.2
2015,6,25,20,30,120.38,0.2,5.2,0,0,0,0,23.5,94.25,1013,0,0,0,0,24.5,213,3.2
2015,6,25,21,30,132.61,0.2,5.2,0,0,0,0,23.400000000000002,94.29,1014,0,0,0,0,24.400000000000002,214,3.2
2015,6,25,22,30,143.07,0.2,5.2,0,0,0,0,23.3,94.37,1014,0,0,0,0,24.3,216,3.2
2015,6,25,23,30,149.84,0.2,5.2,0,0,0,4,23.3,94.63,1013,0,0,0,0,24.200000000000003,219,3.2
2015,6,26,0,30,150.27,0.2,5.2,0,0,0,4,23.200000000000003,95.48,1012,0,0,0,0,24,222,3.2
2015,6,26,1,30,144.13,0.2,5.2,0,0,0,8,23.200000000000003,95.84,1012,0,0,0,0,23.900000000000002,226,3.1
2015,6,26,2,30,133.98,0.2,5.2,0,0,0,4,23.1,96.11,1012,0,0,0,0,23.8,230,3
2015,6,26,3,30,121.9,0.2,5.2,0,0,0,5,23.1,96.45,1012,0,0,0,0,23.700000000000003,233,3
2015,6,26,4,30,108.9,0.2,5.2,0,0,0,3,23.1,96.79,1012,0,0,0,0,23.6,235,2.9000000000000004
2015,6,26,5,30,95.42,0.2,5.2,0,0,0,3,23,95.27,1012,0,0,0,0,23.8,236,2.9000000000000004
2015,6,26,6,30,81.63,0.2,5.300000000000001,52,195,81,3,23.3,92.88,1012,26,0,7,26,24.5,236,3.1
2015,6,26,7,30,67.93,0.2,5.300000000000001,108,486,291,3,23.5,89.49,1013,139,2,0,139,25.400000000000002,233,3.2
2015,6,26,8,30,54.28,0.2,5.4,139,631,508,3,23.5,84.85000000000001,1013,261,15,0,270,26.3,229,3.2
2015,6,26,9,30,40.97,0.2,5.4,162,706,695,3,23.6,81.28,1013,199,0,0,199,27.1,224,3.2
2015,6,26,10,30,28.66,0.2,5.4,172,756,835,2,23.8,79.92,1012,427,70,0,489,27.6,219,3.1
2015,6,26,11,30,19.47,0.2,5.4,174,781,911,3,24,79.7,1011,461,84,0,541,27.8,214,3.2
2015,6,26,12,30,18.8,0.2,5.5,195,752,907,0,24,79.44,1010,195,752,0,907,27.900000000000002,211,3.3000000000000003
2015,6,26,13,30,27.29,0.2,5.5,186,737,842,0,24,79.53,1010,186,737,0,842,27.900000000000002,208,3.5
2015,6,26,14,30,39.39,0.2,5.5,170,701,712,0,24,80.77,1009,170,701,0,712,27.6,206,3.6
2015,6,26,15,30,52.620000000000005,0.2,5.5,199,511,509,1,24,83.14,1009,199,511,0,509,27.1,206,3.6
2015,6,26,16,30,66.24,0.2,5.5,149,375,300,0,24,86.85000000000001,1009,149,375,0,300,26.400000000000002,206,3.4000000000000004
2015,6,26,17,30,79.96000000000001,0.2,5.5,70,137,94,0,24.1,91.7,1010,70,137,0,94,25.6,207,3
2015,6,26,18,30,93.76,0.2,5.4,0,0,0,0,24.1,94.31,1010,0,0,0,0,25.1,209,2.7
2015,6,26,19,30,107.27,0.2,5.4,0,0,0,0,24,95.5,1011,0,0,0,0,24.8,212,2.7
2015,6,26,20,30,120.35000000000001,0.2,5.300000000000001,0,0,0,0,23.900000000000002,96.09,1012,0,0,1,0,24.6,214,2.6
2015,6,26,21,30,132.58,0.2,5.300000000000001,0,0,0,0,23.8,96.13,1012,0,0,0,0,24.5,216,2.5
2015,6,26,22,30,143.06,0.2,5.300000000000001,0,0,0,0,23.8,96.88,1012,0,0,0,0,24.3,218,2.4000000000000004
2015,6,26,23,30,149.86,0.2,5.300000000000001,0,0,0,0,23.700000000000003,97.08,1011,0,0,0,0,24.200000000000003,220,2.4000000000000004
2015,6,27,0,30,150.32,0.2,5.300000000000001,0,0,0,1,23.6,97.28,1010,0,0,0,0,24.1,223,2.3000000000000003
2015,6,27,1,30,144.18,0.2,5.300000000000001,0,0,0,1,23.6,97.60000000000001,1010,0,0,0,0,24,226,2.3000000000000003
2015,6,27,2,30,134.03,0.2,5.300000000000001,0,0,0,1,23.5,97.82000000000001,1009,0,0,0,0,23.900000000000002,229,2.3000000000000003
2015,6,27,3,30,121.96000000000001,0.2,5.300000000000001,0,0,0,0,23.5,98.06,1009,0,0,0,0,23.8,230,2.4000000000000004
2015,6,27,4,30,108.95,0.2,5.4,0,0,0,3,23.400000000000002,97.75,1010,0,0,0,0,23.8,231,2.4000000000000004
2015,6,27,5,30,95.48,0.2,5.4,0,0,0,0,23.400000000000002,96.21000000000001,1010,0,0,0,0,24,232,2.5
2015,6,27,6,30,81.67,0.2,5.5,53,167,77,3,23.700000000000003,94.25,1011,62,2,7,63,24.700000000000003,231,2.8000000000000003
2015,6,27,7,30,67.97,0.2,5.5,110,468,286,0,24,91.59,1011,110,468,0,286,25.5,230,3.1
2015,6,27,8,30,54.32,0.2,5.6000000000000005,140,624,504,3,24,87.29,1011,170,0,0,170,26.3,226,3.3000000000000003
2015,6,27,9,30,41.01,0.2,5.6000000000000005,158,710,694,2,24,83.62,1011,377,77,0,436,27,220,3.2
2015,6,27,10,30,28.68,0.2,5.6000000000000005,168,761,835,3,24,81.44,1010,334,2,0,335,27.5,214,3
2015,6,27,11,30,19.46,0.2,5.7,170,786,910,2,24.1,79.96000000000001,1010,507,195,0,692,27.900000000000002,207,3
2015,6,27,12,30,18.75,0.2,5.7,241,684,888,0,24.1,79.38,1009,241,684,0,888,28,203,3.1
2015,6,27,13,30,27.23,0.2,5.800000000000001,232,665,823,1,24,79.55,1008,232,665,0,823,27.900000000000002,199,3.2
2015,6,27,14,30,39.33,0.2,5.800000000000001,216,617,694,0,24,80.62,1008,216,617,0,694,27.6,199,3.3000000000000003
2015,6,27,15,30,52.56,0.2,5.800000000000001,188,536,513,0,24,83.47,1008,188,536,0,513,27,201,3.4000000000000004
2015,6,27,16,30,66.19,0.2,5.9,143,393,302,0,24,87.35000000000001,1009,143,393,0,302,26.3,204,3.4000000000000004
2015,6,27,17,30,79.91,0.2,5.9,70,146,95,0,24.1,91.63,1009,70,146,0,95,25.6,207,3.1
2015,6,27,18,30,93.71000000000001,0.2,5.9,0,0,0,0,24.200000000000003,94.56,1010,0,0,0,0,25.1,210,2.9000000000000004
2015,6,27,19,30,107.23,0.2,5.9,0,0,0,0,24.1,95.92,1010,0,0,0,0,24.8,212,2.8000000000000003
2015,6,27,20,30,120.32000000000001,0.2,5.9,0,0,0,0,24,96.66,1011,0,0,0,0,24.6,214,2.7
2015,6,27,21,30,132.57,0.2,5.9,0,0,0,0,23.900000000000002,96.74000000000001,1011,0,0,0,0,24.5,217,2.6
2015,6,27,22,30,143.06,0.2,5.9,0,0,0,0,23.900000000000002,96.85000000000001,1011,0,0,0,0,24.400000000000002,220,2.5
2015,6,27,23,30,149.89000000000001,0.2,5.9,0,0,0,0,23.8,96.89,1010,0,0,0,0,24.3,223,2.6
2015,6,28,0,30,150.37,0.2,5.9,0,0,0,0,23.700000000000003,97.09,1010,0,0,0,0,24.200000000000003,227,2.6
2015,6,28,1,30,144.24,0.2,5.9,0,0,0,2,23.6,97.27,1009,0,0,0,0,24.1,230,2.6
2015,6,28,2,30,134.1,0.2,6,0,0,0,1,23.6,97.01,1009,0,0,0,0,24.1,232,2.7
2015,6,28,3,30,122.02,0.2,6,0,0,0,1,23.6,97.4,1010,0,0,0,0,24,231,2.7
2015,6,28,4,30,109.01,0.2,6,0,0,0,0,23.5,97.04,1010,0,0,0,0,24,230,2.7
2015,6,28,5,30,95.53,0.2,6,0,0,0,7,23.5,96.25,1011,0,0,0,0,24.1,228,2.7
2015,6,28,6,30,81.72,0.2,6,52,200,80,7,23.700000000000003,95.51,1011,6,0,0,6,24.5,225,2.9000000000000004
2015,6,28,7,30,68.02,0.2,6.1000000000000005,102,504,291,8,24,94.10000000000001,1011,33,0,0,33,25,222,3.2
2015,6,28,8,30,54.36,0.2,6.1000000000000005,128,657,511,8,24,92.23,1011,189,14,7,197,25.400000000000002,217,3.5
2015,6,28,9,30,41.04,0.2,6.1000000000000005,145,735,700,8,23.900000000000002,88.91,1011,260,13,0,270,25.900000000000002,212,3.7
2015,6,28,10,30,28.7,0.2,6.1000000000000005,155,779,838,7,23.900000000000002,85.92,1011,279,7,0,285,26.400000000000002,208,3.9000000000000004
2015,6,28,11,30,19.44,0.2,6.1000000000000005,162,798,914,8,23.8,84.19,1010,370,201,7,559,26.700000000000003,205,4
2015,6,28,12,30,18.69,0.2,6.1000000000000005,164,797,919,7,23.8,83.93,1010,427,110,0,532,26.700000000000003,204,4.1000000000000005
2015,6,28,13,30,27.17,0.2,6.1000000000000005,160,778,853,8,23.700000000000003,84.26,1009,402,191,0,573,26.6,204,4.1000000000000005
2015,6,28,14,30,39.27,0.2,6.1000000000000005,149,741,723,8,23.8,86.03,1009,300,27,0,321,26.3,205,4.1000000000000005
2015,6,28,15,30,52.51,0.2,6.1000000000000005,139,655,537,8,23.8,87.68,1009,225,23,0,239,26,207,3.8000000000000003
2015,6,28,16,30,66.14,0.2,6.1000000000000005,108,528,321,7,23.8,90,1009,66,1,0,66,25.6,208,3.4000000000000004
2015,6,28,17,30,79.86,0.2,6.1000000000000005,60,269,107,7,24,93.59,1010,35,1,7,35,25.1,209,2.8000000000000003
2015,6,28,18,30,93.67,0.2,6.1000000000000005,0,0,0,7,24,95.66,1010,0,0,0,0,24.700000000000003,210,2.5
2015,6,28,19,30,107.2,0.2,6.1000000000000005,0,0,0,4,23.900000000000002,96.32000000000001,1011,0,0,0,0,24.5,211,2.4000000000000004
2015,6,28,20,30,120.3,0.2,6,0,0,0,3,23.8,96.43,1011,0,0,0,0,24.400000000000002,212,2.3000000000000003
2015,6,28,21,30,132.55,0.2,6,0,0,0,3,23.700000000000003,96.43,1011,0,0,0,0,24.3,213,2.4000000000000004
2015,6,28,22,30,143.07,0.2,6,0,0,0,3,23.6,96.39,1011,0,0,0,0,24.200000000000003,215,2.4000000000000004
2015,6,28,23,30,149.92000000000002,0.2,6,0,0,0,1,23.5,96.67,1011,0,0,0,0,24.1,215,2.4000000000000004
2015,6,29,0,30,150.42000000000002,0.2,5.9,0,0,0,3,23.5,96.98,1010,0,0,0,0,24,216,2.5
2015,6,29,1,30,144.31,0.2,5.9,0,0,0,4,23.5,97.36,1010,0,0,0,0,23.900000000000002,216,2.6
2015,6,29,2,30,134.16,0.2,5.9,0,0,0,4,23.400000000000002,97.71000000000001,1010,0,0,0,0,23.8,216,2.6
2015,6,29,3,30,122.08,0.2,5.800000000000001,0,0,0,4,23.3,97.29,1010,0,0,0,0,23.8,215,2.6
2015,6,29,4,30,109.06,0.2,5.800000000000001,0,0,0,5,23.3,97.44,1010,0,0,0,0,23.700000000000003,213,2.5
2015,6,29,5,30,95.58,0.2,5.800000000000001,0,0,0,5,23.200000000000003,96.04,1011,0,0,0,0,23.900000000000002,209,2.6
2015,6,29,6,30,81.77,0.2,5.7,50,217,81,4,23.5,95.02,1011,3,0,0,3,24.400000000000002,206,2.8000000000000003
2015,6,29,7,30,68.06,0.2,5.7,99,517,293,4,23.8,93.19,1012,13,0,0,13,25,203,3
2015,6,29,8,30,54.39,0.2,5.7,126,663,512,3,23.8,89.36,1012,194,1,0,195,25.700000000000003,203,3.2
2015,6,29,9,30,41.07,0.2,5.7,142,742,702,4,23.700000000000003,85.75,1012,189,0,0,189,26.3,205,3.3000000000000003
2015,6,29,10,30,28.71,0.2,5.7,151,787,841,3,23.700000000000003,82.71000000000001,1012,270,1,0,271,26.900000000000002,207,3.4000000000000004
2015,6,29,11,30,19.42,0.2,5.7,156,807,917,4,23.700000000000003,81.24,1011,359,3,0,362,27.200000000000003,208,3.5
2015,6,29,12,30,18.63,0.2,5.7,156,808,922,4,23.700000000000003,80.19,1010,367,3,0,370,27.400000000000002,207,3.5
2015,6,29,13,30,27.1,0.2,5.7,152,794,858,3,23.700000000000003,80.29,1010,429,111,0,528,27.400000000000002,205,3.5
2015,6,29,14,30,39.21,0.2,5.7,141,759,728,3,23.700000000000003,81.54,1009,414,146,0,527,27.1,203,3.6
2015,6,29,15,30,52.45,0.2,5.6000000000000005,123,693,545,3,23.700000000000003,84.01,1009,327,115,0,397,26.6,202,3.5
2015,6,29,16,30,66.09,0.2,5.6000000000000005,99,565,328,3,23.700000000000003,87.26,1009,197,17,0,203,26,201,3.3000000000000003
2015,6,29,17,30,79.82000000000001,0.2,5.6000000000000005,57,301,110,3,23.8,91.59,1010,7,0,0,7,25.3,202,2.9000000000000004
2015,6,29,18,30,93.64,0.2,5.5,0,0,0,4,23.8,94.9,1010,0,0,0,0,24.700000000000003,205,2.6
2015,6,29,19,30,107.17,0.2,5.5,0,0,0,4,23.8,96.19,1011,0,0,0,0,24.400000000000002,207,2.5
2015,6,29,20,30,120.27,0.2,5.5,0,0,0,4,23.700000000000003,96.8,1011,0,0,0,0,24.200000000000003,209,2.4000000000000004
2015,6,29,21,30,132.54,0.2,5.4,0,0,0,3,23.6,96.92,1011,0,0,0,0,24.1,210,2.3000000000000003
2015,6,29,22,30,143.07,0.2,5.4,0,0,0,3,23.5,97.10000000000001,1011,0,0,0,0,24,213,2.3000000000000003
2015,6,29,23,30,149.95000000000002,0.2,5.4,0,0,0,3,23.5,97.36,1011,0,0,0,0,23.900000000000002,216,2.3000000000000003
2015,6,30,0,30,150.48,0.2,5.4,0,0,0,4,23.400000000000002,96.99000000000001,1010,0,0,0,0,23.900000000000002,219,2.4000000000000004
2015,6,30,1,30,144.38,0.2,5.4,0,0,0,4,23.3,97.31,1010,0,0,0,0,23.8,222,2.4000000000000004
2015,6,30,2,30,134.23,0.2,5.4,0,0,0,4,23.3,97.62,1010,0,0,0,0,23.700000000000003,224,2.4000000000000004
2015,6,30,3,30,122.14,0.2,5.4,0,0,0,5,23.200000000000003,97.27,1010,0,0,0,0,23.700000000000003,225,2.4000000000000004
2015,6,30,4,30,109.12,0.2,5.5,0,0,0,5,23.200000000000003,97.67,1011,0,0,0,0,23.6,225,2.4000000000000004
2015,6,30,5,30,95.64,0.2,5.5,0,0,0,4,23.200000000000003,96.28,1011,0,0,0,0,23.8,226,2.6
2015,6,30,6,30,81.82000000000001,0.2,5.5,46,270,84,4,23.5,94.92,1011,26,0,7,26,24.400000000000002,227,2.9000000000000004
2015,6,30,7,30,68.1,0.2,5.6000000000000005,86,572,299,3,23.900000000000002,93.04,1012,121,2,7,121,25.1,227,3.2
2015,6,30,8,30,54.43,0.2,5.6000000000000005,106,712,521,3,24,89.09,1012,182,0,0,183,25.900000000000002,226,3.2
2015,6,30,9,30,41.09,0.2,5.6000000000000005,121,782,711,3,23.900000000000002,85.22,1012,247,1,0,247,26.6,225,3.2
2015,6,30,10,30,28.72,0.2,5.6000000000000005,132,818,850,4,24,82.96000000000001,1011,282,1,0,282,27.1,224,3.2
2015,6,30,11,30,19.39,0.2,5.6000000000000005,140,831,924,4,24,81.24,1011,345,2,0,347,27.5,221,3.2
2015,6,30,12,30,18.56,0.2,5.6000000000000005,148,821,926,5,24,80.59,1010,450,62,0,508,27.6,218,3.3000000000000003
2015,6,30,13,30,27.03,0.2,5.6000000000000005,148,798,859,3,24,81.13,1009,469,159,0,611,27.5,216,3.5
2015,6,30,14,30,39.15,0.2,5.6000000000000005,143,754,728,5,24,82.7,1009,344,19,0,359,27.200000000000003,215,3.6
2015,6,30,15,30,52.4,0.2,5.6000000000000005,129,679,543,4,24,85.29,1009,158,0,0,158,26.700000000000003,213,3.7
2015,6,30,16,30,66.04,0.2,5.5,104,547,327,4,24.1,88.54,1009,25,0,0,25,26.1,212,3.5
2015,6,30,17,30,79.78,0.2,5.5,59,284,110,4,24.1,93.34,1009,4,0,0,4,25.3,212,3.2
2015,6,30,18,30,93.60000000000001,0.2,5.4,0,0,0,4,24.1,96.7,1010,0,0,0,0,24.700000000000003,213,2.9000000000000004
2015,6,30,19,30,107.14,0.2,5.4,0,0,0,3,24.1,97.36,1010,0,0,0,0,24.5,214,2.8000000000000003
2015,6,30,20,30,120.25,0.2,5.300000000000001,0,0,0,3,24,98.05,1011,0,0,0,0,24.3,214,2.7
2015,6,30,21,30,132.53,0.2,5.300000000000001,0,0,0,4,23.900000000000002,98.2,1011,0,0,0,0,24.200000000000003,215,2.6
2015,6,30,22,30,143.09,0.2,5.300000000000001,0,0,0,3,23.8,98.44,1011,0,0,0,0,24.1,216,2.6
2015,6,30,23,30,150,0.2,5.2,0,0,0,4,23.8,98.17,1010,0,0,0,0,24.1,217,2.7
2015,7,1,0,30,150.55,0.2,5.2,0,0,0,4,23.8,98.09,1010,0,0,1,0,24.1,218,2.7
2015,7,1,1,30,144.45000000000002,0.2,5.2,0,0,0,4,23.700000000000003,97.92,1009,0,0,0,0,24.1,219,2.6
2015,7,1,2,30,134.3,0.2,5.2,0,0,0,4,23.700000000000003,97.85000000000001,1009,0,0,0,0,24.1,221,2.5
2015,7,1,3,30,122.21000000000001,0.2,5.2,0,0,0,4,23.700000000000003,97.74000000000001,1009,0,0,0,0,24.1,221,2.4000000000000004
2015,7,1,4,30,109.18,0.2,5.300000000000001,0,0,0,4,23.700000000000003,97.8,1010,0,0,0,0,24.1,221,2.5
2015,7,1,5,30,95.69,0.2,5.300000000000001,0,0,0,4,23.700000000000003,97.2,1010,0,0,0,0,24.200000000000003,221,2.7
2015,7,1,6,30,81.87,0.2,5.300000000000001,43,293,85,4,23.900000000000002,96.03,1011,3,0,0,3,24.6,220,3.1
2015,7,1,7,30,68.14,0.2,5.2,84,581,300,3,24.1,93.52,1011,189,39,7,204,25.200000000000003,220,3.6
2015,7,1,8,30,54.46,0.2,5.2,112,700,518,2,23.8,88.79,1011,299,55,0,331,25.8,219,3.9000000000000004
2015,7,1,9,30,41.11,0.2,5.2,135,757,706,3,23.400000000000002,83.8,1011,191,0,0,191,26.400000000000002,220,3.8000000000000003
2015,7,1,10,30,28.72,0.2,5.2,150,791,843,2,23.3,80.75,1011,427,75,0,493,26.900000000000002,223,3.6
2015,7,1,11,30,19.35,0.2,5.2,156,809,919,1,23.400000000000002,78.62,1010,156,809,0,919,27.400000000000002,226,3.2
2015,7,1,12,30,18.48,0.2,5.2,159,807,924,3,23.5,77.04,1009,451,52,0,500,27.900000000000002,226,2.9000000000000004
2015,7,1,13,30,26.96,0.2,5.2,155,789,858,0,23.6,77.22,1008,155,789,0,858,28,225,2.7
2015,7,1,14,30,39.08,0.2,5.2,146,748,726,0,23.700000000000003,78.11,1008,146,748,0,726,27.900000000000002,223,2.6
2015,7,1,15,30,52.34,0.2,5.1000000000000005,188,540,518,2,23.700000000000003,80.04,1007,312,37,0,335,27.5,220,2.5
2015,7,1,16,30,66,0.2,5.1000000000000005,142,403,306,0,23.900000000000002,84.16,1008,142,403,0,306,26.8,217,2.4000000000000004
2015,7,1,17,30,79.74,0.2,5.1000000000000005,67,167,96,0,24.1,89.69,1008,67,167,0,96,25.900000000000002,214,2.4000000000000004
2015,7,1,18,30,93.56,0.2,5.1000000000000005,0,0,0,0,24.1,93.56,1009,0,0,0,0,25.200000000000003,212,2.5
2015,7,1,19,30,107.11,0.2,5.1000000000000005,0,0,0,0,24,95.14,1010,0,0,0,0,24.8,213,2.7
2015,7,1,20,30,120.24000000000001,0.2,5,0,0,0,0,23.900000000000002,96.55,1010,0,0,0,0,24.5,214,2.8000000000000003
2015,7,1,21,30,132.53,0.2,5,0,0,0,0,23.900000000000002,97.57000000000001,1011,0,0,0,0,24.3,216,2.8000000000000003
2015,7,1,22,30,143.11,0.2,5,0,0,0,0,23.8,97.92,1011,0,0,0,0,24.200000000000003,218,2.8000000000000003
2015,7,1,23,30,150.05,0.2,4.9,0,0,0,0,23.8,98.24000000000001,1010,0,0,0,0,24.1,222,2.8000000000000003
2015,7,2,0,30,150.63,0.2,4.9,0,0,0,0,23.8,98.55,1009,0,0,0,0,24,225,2.8000000000000003
2015,7,2,1,30,144.53,0.2,4.9,0,0,0,0,23.700000000000003,98.44,1009,0,0,0,0,24,227,2.8000000000000003
2015,7,2,2,30,134.38,0.2,4.9,0,0,0,0,23.700000000000003,98.32000000000001,1009,0,0,0,0,24,228,2.7
2015,7,2,3,30,122.27,0.2,4.9,0,0,0,3,23.700000000000003,98.09,1009,0,0,0,0,24,229,2.7
2015,7,2,4,30,109.24000000000001,0.2,4.9,0,0,0,0,23.6,97.87,1009,0,0,0,0,24,230,2.8000000000000003
2015,7,2,5,30,95.74000000000001,0.2,5,0,0,0,0,23.6,96.66,1010,0,0,0,0,24.200000000000003,231,2.9000000000000004
2015,7,2,6,30,81.91,0.2,5,51,166,75,0,23.900000000000002,94.52,1010,51,166,0,75,24.8,231,3.3000000000000003
2015,7,2,7,30,68.18,0.2,5.1000000000000005,112,459,282,0,24.1,91.74,1010,112,459,0,282,25.5,230,3.8000000000000003
2015,7,2,8,30,54.49,0.2,5.2,146,610,500,0,24,87.35000000000001,1011,146,610,0,500,26.3,228,4
2015,7,2,9,30,41.13,0.2,5.2,168,695,692,3,24,83.33,1010,361,63,0,408,27.1,227,3.9000000000000004
2015,7,2,10,30,28.71,0.2,5.300000000000001,186,732,829,3,24.1,80.9,1010,381,9,0,388,27.700000000000003,225,3.8000000000000003
2015,7,2,11,30,19.31,0.2,5.4,197,747,902,3,24.3,79.66,1009,452,44,0,493,28.1,223,3.8000000000000003
2015,7,2,12,30,18.400000000000002,0.2,5.5,229,703,896,2,24.3,79.53,1009,469,67,0,532,28.200000000000003,221,3.9000000000000004
2015,7,2,13,30,26.88,0.2,5.6000000000000005,228,674,829,0,24.3,79.97,1008,228,674,0,829,28.1,220,4
2015,7,2,14,30,39.02,0.2,5.7,215,623,699,1,24.3,81.22,1008,215,623,0,699,27.8,217,4
2015,7,2,15,30,52.29,0.2,5.800000000000001,188,538,518,3,24.3,84.53,1008,278,19,0,290,27.1,214,4.1000000000000005
2015,7,2,16,30,65.95,0.2,5.9,146,392,306,0,24.3,88.19,1008,146,392,0,306,26.400000000000002,212,4
2015,7,2,17,30,79.69,0.2,5.9,71,146,97,3,24.400000000000002,92.91,1009,7,0,0,7,25.6,212,3.6
2015,7,2,18,30,93.53,0.2,6,0,0,0,3,24.400000000000002,96.22,1009,0,0,0,0,25,213,3.4000000000000004
2015,7,2,19,30,107.08,0.2,6,0,0,0,4,24.3,96.79,1010,0,0,0,0,24.8,215,3.4000000000000004
2015,7,2,20,30,120.22,0.2,5.9,0,0,0,8,24.1,97.08,1010,0,0,0,0,24.6,218,3.4000000000000004
2015,7,2,21,30,132.54,0.2,5.9,0,0,0,7,24,97.06,1011,0,0,0,0,24.5,218,3.2
2015,7,2,22,30,143.14000000000001,0.2,5.9,0,0,0,8,23.900000000000002,97.79,1010,0,0,0,0,24.3,218,3
2015,7,2,23,30,150.11,0.2,5.800000000000001,0,0,0,4,23.900000000000002,98.51,1010,0,0,0,0,24.1,219,2.9000000000000004
2015,7,3,0,30,150.71,0.2,5.800000000000001,0,0,0,5,23.8,98.60000000000001,1009,0,0,0,0,24,221,2.8000000000000003
2015,7,3,1,30,144.62,0.2,5.7,0,0,0,4,23.700000000000003,98.67,1008,0,0,0,0,23.900000000000002,223,2.8000000000000003
2015,7,3,2,30,134.45,0.2,5.7,0,0,0,4,23.6,98.99000000000001,1008,0,0,0,0,23.8,224,2.8000000000000003
2015,7,3,3,30,122.34,0.2,5.800000000000001,0,0,0,4,23.6,98.78,1008,0,0,0,0,23.8,226,2.8000000000000003
2015,7,3,4,30,109.3,0.2,5.800000000000001,0,0,0,5,23.6,98.56,1008,0,0,0,0,23.8,226,2.8000000000000003
2015,7,3,5,30,95.8,0.2,5.9,0,0,0,3,23.6,96.98,1009,0,0,0,0,24.1,225,2.9000000000000004
2015,7,3,6,30,81.96000000000001,0.2,5.9,53,157,75,5,23.900000000000002,95.41,1010,28,0,7,28,24.700000000000003,223,3
2015,7,3,7,30,68.22,0.2,5.9,114,455,283,8,24.200000000000003,93.34,1010,102,7,7,105,25.400000000000002,218,3.1
2015,7,3,8,30,54.52,0.2,6,146,611,501,5,24.400000000000002,90.16,1011,192,1,0,192,26.1,212,3.2
2015,7,3,9,30,41.15,0.2,6,165,698,691,5,24.3,86.61,1010,219,0,0,220,26.700000000000003,208,3.4000000000000004
2015,7,3,10,30,28.71,0.2,6.1000000000000005,174,751,833,3,24.3,84.45,1010,329,2,0,331,27.1,205,3.6
2015,7,3,11,30,19.26,0.2,6.1000000000000005,172,781,910,5,24.200000000000003,83.27,1009,350,2,0,351,27.3,204,3.9000000000000004
2015,7,3,12,30,18.32,0.2,6.1000000000000005,162,799,920,5,24.200000000000003,83.14,1009,442,34,0,474,27.3,204,4.1000000000000005
2015,7,3,13,30,26.8,0.2,6.1000000000000005,151,791,858,3,24.200000000000003,85,1008,247,0,0,247,26.900000000000002,204,4.3
2015,7,3,14,30,38.95,0.2,6.1000000000000005,139,759,729,8,24.200000000000003,87.18,1008,311,36,0,339,26.5,204,4.3
2015,7,3,15,30,52.230000000000004,0.2,6.1000000000000005,122,695,547,8,24.200000000000003,89.95,1008,156,4,0,158,26,204,4
2015,7,3,16,30,65.9,0.2,6.1000000000000005,96,575,331,4,24.3,92.94,1008,50,0,0,50,25.5,202,3.6
2015,7,3,17,30,79.65,0.2,6.1000000000000005,55,317,112,5,24.3,96.03,1008,4,0,0,4,25,200,3
2015,7,3,18,30,93.5,0.2,6,0,0,0,5,24.3,97.96000000000001,1009,0,0,0,0,24.6,197,2.7
2015,7,3,19,30,107.06,0.2,6,0,0,0,4,24.200000000000003,98.62,1010,0,0,0,0,24.400000000000002,194,2.5
2015,7,3,20,30,120.21000000000001,0.2,6,0,0,0,8,24.1,98.65,1010,0,0,0,0,24.3,193,2.6
2015,7,3,21,30,132.54,0.2,6,0,0,0,8,24,98.18,1011,0,0,0,0,24.3,194,2.6
2015,7,3,22,30,143.17000000000002,0.2,6.1000000000000005,0,0,0,7,23.900000000000002,98.44,1011,0,0,0,0,24.200000000000003,195,2.6
2015,7,3,23,30,150.17000000000002,0.2,6.1000000000000005,0,0,0,7,23.900000000000002,98.68,1010,0,0,0,0,24.1,197,2.6
2015,7,4,0,30,150.8,0.2,6,0,0,0,3,23.8,98.81,1009,0,0,0,0,24,200,2.6
2015,7,4,1,30,144.71,0.2,6,0,0,0,3,23.700000000000003,98.45,1009,0,0,0,0,24,203,2.7
2015,7,4,2,30,134.53,0.2,6,0,0,0,3,23.700000000000003,98.63,1009,0,0,0,0,23.900000000000002,204,2.7
2015,7,4,3,30,122.41,0.2,6,0,0,0,8,23.6,98.32000000000001,1009,0,0,0,0,23.900000000000002,203,2.7
2015,7,4,4,30,109.37,0.2,6,0,0,0,4,23.6,98.08,1009,0,0,0,0,23.900000000000002,201,2.6
2015,7,4,5,30,95.85000000000001,0.2,6.1000000000000005,0,0,0,4,23.5,97.31,1010,0,0,0,0,24,198,2.7
2015,7,4,6,30,82,0.2,6.1000000000000005,42,283,82,7,23.700000000000003,96.13,1010,16,0,7,16,24.400000000000002,196,2.8000000000000003
2015,7,4,7,30,68.26,0.2,6.1000000000000005,83,573,295,4,24,94.53,1011,38,0,0,38,24.900000000000002,194,3
2015,7,4,8,30,54.550000000000004,0.2,6,107,705,516,7,24,91.76,1011,172,9,7,177,25.400000000000002,193,3
2015,7,4,9,30,41.160000000000004,0.2,6,124,772,705,4,23.900000000000002,88.12,1011,197,0,0,197,26,193,3.1
2015,7,4,10,30,28.7,0.2,6,136,809,845,4,23.900000000000002,85.42,1011,169,0,0,169,26.5,194,3.2
2015,7,4,11,30,19.2,0.2,5.9,143,824,921,4,23.8,83.83,1010,143,0,0,143,26.8,197,3.3000000000000003
2015,7,4,12,30,18.22,0.2,5.9,221,713,899,5,23.8,83.2,1009,507,135,0,636,26.900000000000002,199,3.4000000000000004
2015,7,4,13,30,26.71,0.2,5.9,212,697,835,7,23.8,83.16,1009,414,75,7,481,26.900000000000002,200,3.4000000000000004
2015,7,4,14,30,38.88,0.2,5.9,197,655,707,7,23.8,84.41,1008,312,409,7,630,26.6,202,3.3000000000000003
2015,7,4,15,30,52.17,0.2,5.9,171,579,527,7,23.700000000000003,86.36,1008,280,134,7,363,26.200000000000003,204,3.1
2015,7,4,16,30,65.85,0.2,5.800000000000001,128,454,314,8,23.700000000000003,88.87,1008,149,14,7,155,25.700000000000003,206,2.8000000000000003
2015,7,4,17,30,79.62,0.2,5.800000000000001,65,216,104,7,23.8,92.46000000000001,1008,36,1,7,36,25.1,207,2.4000000000000004
2015,7,4,18,30,93.47,0.2,5.800000000000001,0,0,0,5,23.8,95.32000000000001,1009,0,0,0,0,24.6,208,2.1
2015,7,4,19,30,107.04,0.2,5.800000000000001,0,0,0,7,23.700000000000003,96.43,1010,0,0,0,0,24.3,208,2.1
2015,7,4,20,30,120.21000000000001,0.2,5.7,0,0,0,8,23.6,96.26,1010,0,0,0,0,24.200000000000003,209,2.1
2015,7,4,21,30,132.55,0.2,5.7,0,0,0,3,23.5,96.76,1010,0,0,0,0,24,211,2.1
2015,7,4,22,30,143.20000000000002,0.2,5.7,0,0,0,3,23.400000000000002,96.96000000000001,1010,0,0,0,0,23.900000000000002,214,2.1
2015,7,4,23,30,150.24,0.2,5.6000000000000005,0,0,0,3,23.3,97.14,1009,0,0,0,0,23.8,217,2.1
2015,7,5,0,30,150.89000000000001,0.2,5.6000000000000005,0,0,0,5,23.3,97.45,1009,0,0,0,0,23.700000000000003,219,2.2
2015,7,5,1,30,144.8,0.2,5.5,0,0,0,4,23.200000000000003,97.60000000000001,1008,0,0,0,0,23.6,222,2.2
2015,7,5,2,30,134.62,0.2,5.5,0,0,0,8,23.200000000000003,97.34,1008,0,0,0,0,23.6,223,2.3000000000000003
2015,7,5,3,30,122.49000000000001,0.2,5.5,0,0,0,3,23.1,97.81,1008,0,0,0,0,23.5,223,2.3000000000000003
2015,7,5,4,30,109.43,0.2,5.5,0,0,0,1,23.1,97.72,1008,0,0,0,0,23.5,224,2.3000000000000003
2015,7,5,5,30,95.91,0.2,5.5,0,0,0,0,23.1,95.99000000000001,1009,0,0,0,0,23.8,225,2.4000000000000004
2015,7,5,6,30,82.05,0.2,5.5,49,194,76,0,23.400000000000002,94.78,1009,49,194,0,76,24.3,226,2.6
2015,7,5,7,30,68.3,0.2,5.5,106,484,285,0,23.700000000000003,91.81,1010,106,484,0,285,25.1,227,2.8000000000000003
2015,7,5,8,30,54.57,0.2,5.5,136,636,505,0,23.700000000000003,87.49,1010,136,636,0,505,25.900000000000002,226,2.8000000000000003
2015,7,5,9,30,41.17,0.2,5.5,155,718,696,0,23.700000000000003,84.24,1010,155,718,0,696,26.6,220,2.7
2015,7,5,10,30,28.68,0.2,5.5,162,770,838,3,23.900000000000002,82.11,1009,394,17,0,408,27.200000000000003,213,2.6
2015,7,5,11,30,19.14,0.2,5.5,163,798,917,3,24,80.84,1009,454,70,0,521,27.6,207,2.7
2015,7,5,12,30,18.12,0.2,5.5,164,799,923,3,24,80.05,1008,423,14,0,437,27.8,204,2.7
2015,7,5,13,30,26.63,0.2,5.5,157,786,859,3,24.1,80.59,1007,420,44,0,459,27.700000000000003,203,2.7
2015,7,5,14,30,38.81,0.2,5.5,146,750,730,0,24,81.38,1007,146,750,0,730,27.5,201,2.7
2015,7,5,15,30,52.120000000000005,0.2,5.5,192,532,518,0,24,83.99,1007,192,532,0,518,26.900000000000002,202,2.8000000000000003
2015,7,5,16,30,65.81,0.2,5.5,139,418,310,0,24,87.7,1007,139,418,0,310,26.200000000000003,203,2.7
2015,7,5,17,30,79.58,0.2,5.5,66,203,103,0,24,92.07000000000001,1007,66,203,0,103,25.400000000000002,205,2.5
2015,7,5,18,30,93.44,0.2,5.4,0,0,0,0,24,95.33,1008,0,0,0,0,24.8,208,2.3000000000000003
2015,7,5,19,30,107.03,0.2,5.4,0,0,0,2,23.900000000000002,96.88,1008,0,0,0,0,24.400000000000002,210,2.2
2015,7,5,20,30,120.2,0.2,5.4,0,0,0,0,23.8,97.47,1009,0,0,0,0,24.200000000000003,212,2.1
2015,7,5,21,30,132.57,0.2,5.4,0,0,0,1,23.700000000000003,98.14,1009,0,0,0,0,24,213,2
2015,7,5,22,30,143.25,0.2,5.4,0,0,0,0,23.6,98.36,1009,0,0,0,0,23.900000000000002,213,2
2015,7,5,23,30,150.32,0.2,5.300000000000001,0,0,0,0,23.6,98.60000000000001,1008,0,0,0,0,23.8,214,2
2015,7,6,0,30,150.99,0.2,5.300000000000001,0,0,0,0,23.5,98.95,1008,0,0,0,0,23.700000000000003,215,2
2015,7,6,1,30,144.9,0.2,5.300000000000001,0,0,0,0,23.5,98.62,1007,0,0,0,0,23.700000000000003,215,2
2015,7,6,2,30,134.7,0.2,5.300000000000001,0,0,0,0,23.400000000000002,98.42,1007,0,0,0,0,23.700000000000003,214,2.1
2015,7,6,3,30,122.56,0.2,5.300000000000001,0,0,0,3,23.400000000000002,98.35000000000001,1007,0,0,0,0,23.700000000000003,212,2.1
2015,7,6,4,30,109.49000000000001,0.2,5.300000000000001,0,0,0,3,23.400000000000002,98.28,1007,0,0,0,0,23.700000000000003,209,2.2
2015,7,6,5,30,95.96000000000001,0.2,5.300000000000001,0,0,0,3,23.400000000000002,96.55,1008,0,0,0,0,24,206,2.3000000000000003
2015,7,6,6,30,82.09,0.2,5.300000000000001,49,180,74,3,23.700000000000003,95.58,1009,19,0,7,19,24.5,203,2.4000000000000004
2015,7,6,7,30,68.33,0.2,5.300000000000001,111,465,283,3,24,93.3,1009,41,0,0,41,25.200000000000003,198,2.4000000000000004
2015,7,6,8,30,54.6,0.2,5.2,142,619,501,0,24.1,90.51,1010,142,619,0,501,25.8,192,2.3000000000000003
2015,7,6,9,30,41.18,0.2,5.1000000000000005,164,701,692,3,24.1,87.39,1010,269,1,0,270,26.400000000000002,188,2.3000000000000003
2015,7,6,10,30,28.66,0.2,5.1000000000000005,180,746,834,3,24.200000000000003,85.48,1009,414,38,0,448,26.8,186,2.3000000000000003
2015,7,6,11,30,19.080000000000002,0.2,5,184,769,911,3,24.200000000000003,84.12,1009,393,5,0,398,27.1,186,2.3000000000000003
2015,7,6,12,30,18.02,0.2,4.9,197,753,913,3,24.200000000000003,83.97,1008,463,62,0,522,27.1,188,2.3000000000000003
2015,7,6,13,30,26.54,0.2,4.800000000000001,192,735,849,3,24.1,84.59,1007,452,108,0,549,26.900000000000002,190,2.4000000000000004
2015,7,6,14,30,38.74,0.2,4.7,179,694,720,0,24,85.74,1007,179,694,0,720,26.6,191,2.3000000000000003
2015,7,6,15,30,52.06,0.2,4.6000000000000005,156,623,539,3,24,88.19,1007,338,85,0,391,26.1,191,2.2
2015,7,6,16,30,65.76,0.2,4.6000000000000005,120,497,324,3,24,90.39,1007,206,20,0,215,25.700000000000003,191,1.9000000000000001
2015,7,6,17,30,79.54,0.2,4.6000000000000005,62,255,108,0,24.1,94.63,1007,62,255,0,108,25,191,1.6
2015,7,6,18,30,93.42,0.2,4.6000000000000005,0,0,0,3,24,97.01,1008,0,0,0,0,24.5,191,1.4000000000000001
2015,7,6,19,30,107.01,0.2,4.7,0,0,0,3,23.900000000000002,97.51,1008,0,0,0,0,24.3,193,1.3
2015,7,6,20,30,120.2,0.2,4.7,0,0,0,3,23.8,98.42,1009,0,0,0,0,24.1,196,1.2000000000000002
2015,7,6,21,30,132.59,0.2,4.800000000000001,0,0,0,0,23.8,98.60000000000001,1009,0,0,0,0,24,202,1.2000000000000002
2015,7,6,22,30,143.29,0.2,4.800000000000001,0,0,0,0,23.700000000000003,99.33,1009,0,0,0,0,23.8,208,1.3
2015,7,6,23,30,150.4,0.2,4.9,0,0,0,0,23.6,99.4,1008,0,0,0,0,23.700000000000003,215,1.3
2015,7,7,0,30,151.1,0.2,4.9,0,0,0,0,23.5,99.59,1008,0,0,0,0,23.6,221,1.4000000000000001
2015,7,7,1,30,145,0.2,4.9,0,0,0,0,23.5,99.76,1007,0,0,0,0,23.5,224,1.5
2015,7,7,2,30,134.79,0.2,4.9,0,0,0,0,23.400000000000002,100,1007,0,0,0,0,23.400000000000002,227,1.6
2015,7,7,3,30,122.64,0.2,4.9,0,0,0,0,23.3,100,1007,0,0,0,0,23.3,228,1.6
2015,7,7,4,30,109.55,0.2,5,0,0,0,0,23.3,100,1008,0,0,0,0,23.3,227,1.6
2015,7,7,5,30,96.01,0.2,5,0,0,0,0,23.3,98.03,1008,0,0,0,0,23.6,227,1.7000000000000002
2015,7,7,6,30,82.14,0.2,5,44,241,77,0,23.6,95.34,1009,44,241,0,77,24.400000000000002,226,1.9000000000000001
2015,7,7,7,30,68.36,0.2,5.1000000000000005,91,542,290,0,23.900000000000002,91.89,1010,91,542,0,290,25.3,221,2
2015,7,7,8,30,54.620000000000005,0.2,5.1000000000000005,115,686,512,0,23.900000000000002,87.31,1010,115,686,0,512,26.200000000000003,214,2
2015,7,7,9,30,41.18,0.2,5.2,132,760,704,1,23.900000000000002,83.75,1010,132,760,0,704,26.900000000000002,206,2.1
2015,7,7,10,30,28.64,0.2,5.300000000000001,143,799,844,3,23.900000000000002,81.83,1009,334,2,0,336,27.3,200,2.2
2015,7,7,11,30,19,0.2,5.300000000000001,147,820,922,3,24,81.54,1009,452,128,0,573,27.400000000000002,197,2.4000000000000004
2015,7,7,12,30,17.91,0.2,5.4,143,827,930,3,24,81.56,1008,483,147,0,623,27.400000000000002,196,2.5
2015,7,7,13,30,26.45,0.2,5.4,136,817,867,3,23.900000000000002,82.41,1007,415,36,0,447,27.200000000000003,196,2.6
2015,7,7,14,30,38.67,0.2,5.4,125,787,740,3,23.900000000000002,83.72,1007,389,96,0,464,26.900000000000002,197,2.5
2015,7,7,15,30,52,0.2,5.4,131,676,547,3,23.900000000000002,85.21000000000001,1007,256,11,0,263,26.6,197,2.3000000000000003
2015,7,7,16,30,65.72,0.2,5.300000000000001,102,558,331,3,23.900000000000002,87.91,1007,130,0,0,130,26.1,199,2.1
2015,7,7,17,30,79.51,0.2,5.300000000000001,57,313,114,0,24.1,92.3,1007,57,313,0,114,25.400000000000002,200,1.8
2015,7,7,18,30,93.39,0.2,5.300000000000001,0,0,0,0,24.1,95.62,1008,0,0,0,0,24.8,200,1.6
2015,7,7,19,30,107,0.2,5.300000000000001,0,0,0,0,23.900000000000002,96.55,1008,0,0,0,0,24.5,200,1.6
2015,7,7,20,30,120.21000000000001,0.2,5.300000000000001,0,0,0,0,23.900000000000002,97.47,1009,0,0,0,0,24.3,201,1.6
2015,7,7,21,30,132.61,0.2,5.4,0,0,0,0,23.900000000000002,98.52,1009,0,0,0,0,24.1,206,1.6
2015,7,7,22,30,143.35,0.2,5.6000000000000005,0,0,0,0,23.8,98.42,1009,0,0,0,0,24.1,213,1.6
2015,7,7,23,30,150.49,0.2,5.7,0,0,0,3,23.8,98.9,1008,0,0,0,0,24,218,1.6
2015,7,8,0,30,151.21,0.2,5.7,0,0,0,7,23.8,98.89,1008,0,0,0,0,24,223,1.7000000000000002
2015,7,8,1,30,145.11,0.2,5.7,0,0,0,3,23.8,98.43,1008,0,0,0,0,24.1,226,1.7000000000000002
2015,7,8,2,30,134.88,0.2,5.6000000000000005,0,0,0,0,23.8,98.98,1008,0,0,0,0,24,228,1.7000000000000002
2015,7,8,3,30,122.71000000000001,0.2,5.5,0,0,0,0,23.8,98.87,1008,0,0,0,0,24,228,1.8
2015,7,8,4,30,109.62,0.2,5.4,0,0,0,0,23.8,99.24000000000001,1008,0,0,0,0,23.900000000000002,229,1.9000000000000001
2015,7,8,5,30,96.06,0.2,5.4,0,0,0,1,23.700000000000003,97.25,1009,0,0,0,0,24.200000000000003,229,2
2015,7,8,6,30,82.18,0.2,5.4,46,217,76,0,24,95.37,1009,46,217,0,76,24.8,229,2.2
2015,7,8,7,30,68.39,0.2,5.300000000000001,96,520,288,3,24.200000000000003,91.44,1010,54,0,0,54,25.700000000000003,227,2.4000000000000004
2015,7,8,8,30,54.64,0.2,5.300000000000001,122,671,510,0,24.1,86.87,1010,122,671,0,510,26.5,224,2.4000000000000004
2015,7,8,9,30,41.18,0.2,5.4,141,746,702,3,24.1,82.81,1009,240,1,0,241,27.3,222,2.4000000000000004
2015,7,8,10,30,28.61,0.2,5.4,153,786,843,3,24.200000000000003,80.88,1009,378,9,0,386,27.8,219,2.5
2015,7,8,11,30,18.92,0.2,5.4,159,805,920,2,24.3,79.83,1008,461,127,0,581,28.1,216,2.6
2015,7,8,12,30,17.79,0.2,5.5,158,808,927,0,24.400000000000002,79.22,1008,158,808,0,927,28.3,212,2.8000000000000003
2015,7,8,13,30,26.35,0.2,5.6000000000000005,152,793,863,0,24.3,79.63,1007,152,793,0,863,28.200000000000003,210,2.8000000000000003
2015,7,8,14,30,38.6,0.2,5.7,143,755,733,0,24.3,81.41,1007,143,755,0,733,27.8,208,2.8000000000000003
2015,7,8,15,30,51.95,0.2,5.800000000000001,155,621,538,0,24.3,84.4,1007,155,621,0,538,27.200000000000003,208,2.8000000000000003
2015,7,8,16,30,65.67,0.2,5.9,121,489,323,0,24.400000000000002,88.14,1007,121,489,0,323,26.5,208,2.7
2015,7,8,17,30,79.48,0.2,5.9,64,242,109,0,24.400000000000002,92.56,1007,64,242,0,109,25.700000000000003,210,2.6
2015,7,8,18,30,93.37,0.2,5.800000000000001,0,0,0,0,24.400000000000002,95.92,1008,0,0,0,0,25.1,211,2.6
2015,7,8,19,30,106.99000000000001,0.2,5.7,0,0,0,0,24.3,97.31,1008,0,0,0,0,24.8,212,2.6
2015,7,8,20,30,120.22,0.2,5.6000000000000005,0,0,0,8,24.3,97.57000000000001,1009,0,0,0,0,24.700000000000003,212,2.5
2015,7,8,21,30,132.64000000000001,0.2,5.6000000000000005,0,0,0,7,24.200000000000003,97.55,1009,0,0,0,0,24.6,216,2.4000000000000004
2015,7,8,22,30,143.41,0.2,5.5,0,0,0,3,24.1,97.77,1009,0,0,0,0,24.5,220,2.4000000000000004
2015,7,8,23,30,150.58,0.2,5.6000000000000005,0,0,0,8,24.1,98.19,1009,0,0,0,0,24.400000000000002,224,2.3000000000000003
2015,7,9,0,30,151.33,0.2,5.6000000000000005,0,0,0,8,24,98.5,1008,0,0,0,0,24.3,227,2.2
2015,7,9,1,30,145.22,0.2,5.6000000000000005,0,0,0,7,24,98.36,1008,0,0,0,0,24.3,229,2.1
2015,7,9,2,30,134.98,0.2,5.7,0,0,0,0,24,98.77,1008,0,0,0,0,24.200000000000003,229,2
2015,7,9,3,30,122.79,0.2,5.7,0,0,0,8,23.900000000000002,98.48,1008,0,0,0,0,24.200000000000003,225,2
2015,7,9,4,30,109.68,0.2,5.7,0,0,0,7,23.900000000000002,98.83,1008,0,0,0,0,24.1,221,1.9000000000000001
2015,7,9,5,30,96.12,0.2,5.7,0,0,0,7,23.900000000000002,97.44,1008,0,0,0,0,24.3,216,2.1
2015,7,9,6,30,82.22,0.2,5.7,47,199,74,8,24.1,95.41,1009,30,0,7,30,24.900000000000002,212,2.3000000000000003
2015,7,9,7,30,68.42,0.2,5.800000000000001,105,483,283,7,24.3,93.03,1010,109,7,0,111,25.5,209,2.5
2015,7,9,8,30,54.65,0.2,5.800000000000001,140,622,501,7,24.200000000000003,89.53,1010,268,110,0,331,26.1,208,2.5
2015,7,9,9,30,41.18,0.2,5.800000000000001,185,663,685,0,24.200000000000003,87.14,1010,185,663,0,685,26.5,210,2.4000000000000004
2015,7,9,10,30,28.580000000000002,0.2,5.800000000000001,203,708,824,3,24.200000000000003,85.02,1010,431,93,0,513,26.900000000000002,212,2.4000000000000004
2015,7,9,11,30,18.84,0.2,5.7,209,733,903,0,24.200000000000003,83.60000000000001,1010,209,733,0,903,27.200000000000003,212,2.4000000000000004
2015,7,9,12,30,17.67,0.2,5.7,205,742,912,0,24.200000000000003,82.17,1009,205,742,0,912,27.5,212,2.4000000000000004
2015,7,9,13,30,26.25,0.2,5.6000000000000005,192,735,851,0,24.200000000000003,82.18,1008,192,735,0,851,27.5,211,2.3000000000000003
2015,7,9,14,30,38.52,0.2,5.5,172,706,725,0,24.200000000000003,82.62,1008,172,706,0,725,27.400000000000002,211,2.3000000000000003
2015,7,9,15,30,51.89,0.2,5.4,147,645,545,0,24.200000000000003,84.66,1008,147,645,0,545,27,214,2.4000000000000004
2015,7,9,16,30,65.63,0.2,5.4,113,527,330,7,24.3,87.62,1008,113,527,5,330,26.5,218,2.4000000000000004
2015,7,9,17,30,79.45,0.2,5.300000000000001,62,285,114,7,24.400000000000002,92.58,1008,84,26,7,89,25.700000000000003,223,2.3000000000000003
2015,7,9,18,30,93.35000000000001,0.2,5.300000000000001,0,0,0,7,24.400000000000002,95.75,1009,0,0,0,0,25.1,227,2.3000000000000003
2015,7,9,19,30,106.99000000000001,0.2,5.4,0,0,0,7,24.200000000000003,96.19,1009,0,0,0,0,24.900000000000002,231,2.3000000000000003
2015,7,9,20,30,120.23,0.2,5.4,0,0,0,7,24.200000000000003,97.13,1010,0,0,0,0,24.700000000000003,233,2.4000000000000004
2015,7,9,21,30,132.67000000000002,0.2,5.4,0,0,0,7,24.200000000000003,97.99000000000001,1010,0,0,0,0,24.5,234,2.3000000000000003
2015,7,9,22,30,143.47,0.2,5.4,0,0,0,7,24.1,98.27,1010,0,0,0,0,24.400000000000002,233,2.3000000000000003
2015,7,9,23,30,150.69,0.2,5.4,0,0,0,7,24,98.44,1009,0,0,0,0,24.3,232,2.2
2015,7,10,0,30,151.45000000000002,0.2,5.4,0,0,0,7,24,98.66,1009,0,0,0,0,24.200000000000003,231,2.2
2015,7,10,1,30,145.34,0.2,5.4,0,0,0,7,23.900000000000002,98.2,1009,0,0,0,0,24.200000000000003,231,2.3000000000000003
2015,7,10,2,30,135.07,0.2,5.5,0,0,0,7,23.8,98.4,1009,0,0,0,0,24.1,231,2.4000000000000004
2015,7,10,3,30,122.87,0.2,5.5,0,0,0,0,23.8,98.21000000000001,1009,0,0,0,0,24.1,232,2.5
2015,7,10,4,30,109.75,0.2,5.5,0,0,0,7,23.8,98.59,1009,0,0,0,0,24,235,2.5
2015,7,10,5,30,96.17,0.2,5.6000000000000005,0,0,0,7,23.700000000000003,97.18,1009,0,0,0,0,24.200000000000003,240,2.8000000000000003
2015,7,10,6,30,82.26,0.2,5.6000000000000005,48,175,72,7,24,95.78,1010,30,0,7,30,24.700000000000003,244,3
2015,7,10,7,30,68.45,0.2,5.6000000000000005,112,458,280,7,24.3,92.87,1010,169,283,0,273,25.5,242,2.8000000000000003
2015,7,10,8,30,54.67,0.2,5.7,151,600,498,7,24.400000000000002,89.28,1011,273,204,0,391,26.3,237,2.5
2015,7,10,9,30,41.17,0.2,5.800000000000001,177,677,687,7,24.400000000000002,86.28,1011,320,107,7,400,26.900000000000002,235,2.3000000000000003
2015,7,10,10,30,28.54,0.2,5.800000000000001,193,723,828,7,24.5,84.62,1010,407,227,0,606,27.3,234,2.2
2015,7,10,11,30,18.75,0.2,5.9,199,746,905,7,24.6,84.66,1010,409,309,0,702,27.400000000000002,233,2.1
2015,7,10,12,30,17.54,0.2,6,201,746,912,7,24.700000000000003,85.10000000000001,1010,199,710,0,876,27.400000000000002,231,2
2015,7,10,13,30,26.150000000000002,0.2,6,195,728,848,7,24.8,86.68,1009,363,392,0,715,27.200000000000003,230,2
2015,7,10,14,30,38.45,0.2,6.1000000000000005,184,683,719,6,24.900000000000002,88.91,1009,83,0,0,83,26.900000000000002,227,1.9000000000000001
2015,7,10,15,30,51.83,0.2,6.1000000000000005,164,603,537,9,25.1,91.94,1009,95,0,0,95,26.5,223,1.9000000000000001
2015,7,10,16,30,65.59,0.2,6.2,130,464,322,9,25.200000000000003,95.01,1009,45,0,0,45,26.1,220,1.9000000000000001
2015,7,10,17,30,79.42,0.2,6.2,69,215,108,9,25.200000000000003,97.33,1009,3,0,0,3,25.700000000000003,218,2
2015,7,10,18,30,93.34,0.2,6.1000000000000005,0,0,0,6,25,98.42,1010,0,0,0,0,25.3,218,2
2015,7,10,19,30,106.98,0.2,6.1000000000000005,0,0,0,6,24.900000000000002,98.2,1010,0,0,0,0,25.200000000000003,220,2.1
2015,7,10,20,30,120.24000000000001,0.2,6.1000000000000005,0,0,0,7,24.8,98.94,1011,0,0,0,0,25,224,2.1
2015,7,10,21,30,132.71,0.2,6,0,0,0,7,24.8,99.14,1011,0,0,0,0,24.900000000000002,230,2
2015,7,10,22,30,143.54,0.2,6,0,0,0,7,24.700000000000003,99.33,1011,0,0,0,0,24.8,237,1.9000000000000001
2015,7,10,23,30,150.8,0.2,5.9,0,0,0,7,24.6,99.52,1011,0,0,0,0,24.700000000000003,244,1.9000000000000001
2015,7,11,0,30,151.58,0.2,5.800000000000001,0,0,0,7,24.5,99.55,1010,0,0,0,0,24.6,249,2
2015,7,11,1,30,145.46,0.2,5.7,0,0,0,7,24.5,99.75,1009,0,0,0,0,24.5,250,2.2
2015,7,11,2,30,135.17000000000002,0.2,5.6000000000000005,0,0,0,6,24.400000000000002,99.48,1008,0,0,0,0,24.5,248,2.4000000000000004
2015,7,11,3,30,122.95,0.2,5.5,0,0,0,8,24.400000000000002,99.32000000000001,1008,0,0,0,0,24.5,246,2.4000000000000004
2015,7,11,4,30,109.81,0.2,5.5,0,0,0,7,24.400000000000002,99.71000000000001,1009,0,0,0,0,24.400000000000002,247,2.4000000000000004
2015,7,11,5,30,96.22,0.2,5.5,0,0,0,5,24.200000000000003,98.43,1010,0,0,0,0,24.5,249,2.3000000000000003
2015,7,11,6,30,82.3,0.2,5.5,49,153,70,7,24.5,97.25,1010,34,1,7,34,25,251,2.3000000000000003
2015,7,11,7,30,68.48,0.2,5.6000000000000005,118,435,277,7,24.900000000000002,95.72,1011,156,27,0,166,25.6,249,2.3000000000000003
2015,7,11,8,30,54.68,0.2,5.6000000000000005,158,583,495,7,25,93.85000000000001,1012,277,137,0,357,26.1,245,2.1
2015,7,11,9,30,41.160000000000004,0.2,5.7,189,653,681,7,25,90.32000000000001,1012,359,176,0,492,26.700000000000003,242,1.9000000000000001
2015,7,11,10,30,28.5,0.2,5.7,204,703,822,7,24.900000000000002,87.23,1011,311,496,0,747,27.200000000000003,237,1.8
2015,7,11,11,30,18.650000000000002,0.2,5.6000000000000005,211,728,901,7,24.8,84.65,1010,217,688,0,870,27.6,232,1.9000000000000001
2015,7,11,12,30,17.41,0.2,5.6000000000000005,193,756,915,8,24.700000000000003,83.11,1009,305,551,7,830,27.8,228,2
2015,7,11,13,30,26.05,0.2,5.6000000000000005,192,733,850,0,24.6,83.18,1009,192,733,0,850,27.700000000000003,226,2.3000000000000003
2015,7,11,14,30,38.37,0.2,5.5,184,687,722,0,24.5,84.33,1008,184,687,0,722,27.400000000000002,226,2.5
2015,7,11,15,30,51.78,0.2,5.4,162,611,540,0,24.6,86.82000000000001,1008,162,611,0,540,27,227,2.8000000000000003
2015,7,11,16,30,65.55,0.2,5.300000000000001,127,479,325,0,24.8,90.19,1008,127,479,0,325,26.5,229,2.8000000000000003
2015,7,11,17,30,79.39,0.2,5.1000000000000005,68,232,111,0,24.900000000000002,94.69,1009,68,232,0,111,25.8,230,2.7
2015,7,11,18,30,93.32000000000001,0.2,5,0,0,0,0,24.700000000000003,96.65,1009,0,0,0,0,25.3,231,2.7
2015,7,11,19,30,106.98,0.2,5,0,0,0,0,24.6,97.26,1010,0,0,0,0,25.1,231,2.6
2015,7,11,20,30,120.26,0.2,4.9,0,0,0,0,24.6,97.96000000000001,1010,0,0,0,0,24.900000000000002,230,2.5
2015,7,11,21,30,132.75,0.2,4.9,0,0,0,0,24.5,98.72,1010,0,0,0,0,24.700000000000003,230,2.4000000000000004
2015,7,11,22,30,143.61,0.2,4.9,0,0,0,3,24.400000000000002,98.9,1010,0,0,0,0,24.6,229,2.3000000000000003
2015,7,11,23,30,150.91,0.2,4.9,0,0,0,0,24.3,99.03,1010,0,0,0,0,24.5,231,2.2
2015,7,12,0,30,151.72,0.2,4.9,0,0,0,0,24.200000000000003,99.02,1009,0,0,0,0,24.400000000000002,234,2.2
2015,7,12,1,30,145.58,0.2,4.9,0,0,0,0,24.200000000000003,99.14,1009,0,0,0,0,24.3,238,2.2
2015,7,12,2,30,135.27,0.2,4.9,0,0,0,8,24.1,99.25,1009,0,0,0,0,24.200000000000003,241,2.2
2015,7,12,3,30,123.03,0.2,5,0,0,0,7,24,98.75,1009,0,0,0,0,24.200000000000003,243,2.3000000000000003
2015,7,12,4,30,109.88,0.2,5,0,0,0,7,23.900000000000002,98.84,1009,0,0,0,0,24.1,244,2.3000000000000003
2015,7,12,5,30,96.27,0.2,5.1000000000000005,0,0,0,7,23.8,97.18,1010,0,0,0,0,24.3,243,2.4000000000000004
2015,7,12,6,30,82.33,0.2,5.1000000000000005,45,224,75,0,24.1,95.9,1010,45,224,0,75,24.8,241,2.7
2015,7,12,7,30,68.5,0.2,5.2,97,522,288,7,24.5,93.98,1011,170,110,7,211,25.5,238,3
2015,7,12,8,30,54.69,0.2,5.2,124,668,511,7,24.6,91.01,1011,124,668,5,511,26.200000000000003,233,3.2
2015,7,12,9,30,41.15,0.2,5.2,142,746,704,1,24.6,87.37,1011,142,746,0,704,26.900000000000002,227,3.1
2015,7,12,10,30,28.46,0.2,5.300000000000001,151,791,847,0,24.6,84.96000000000001,1011,151,791,0,847,27.400000000000002,223,3
2015,7,12,11,30,18.55,0.2,5.300000000000001,154,815,927,3,24.6,82.71000000000001,1010,239,0,0,239,27.8,221,2.9000000000000004
2015,7,12,12,30,17.27,0.2,5.300000000000001,174,788,927,8,24.5,81.81,1010,404,184,7,580,27.900000000000002,219,2.9000000000000004
2015,7,12,13,30,25.95,0.2,5.4,169,772,863,7,24.400000000000002,81.78,1009,175,730,0,832,27.8,216,2.8000000000000003
2015,7,12,14,30,38.300000000000004,0.2,5.5,159,732,733,7,24.400000000000002,82.53,1009,183,683,0,720,27.6,213,2.8000000000000003
2015,7,12,15,30,51.72,0.2,5.5,155,627,544,7,24.400000000000002,85.08,1008,272,290,7,451,27.1,210,2.8000000000000003
2015,7,12,16,30,65.51,0.2,5.5,124,490,327,7,24.6,89.65,1008,200,165,7,269,26.400000000000002,207,2.8000000000000003
2015,7,12,17,30,79.37,0.2,5.5,69,233,112,7,24.700000000000003,94,1009,73,7,7,74,25.700000000000003,206,2.7
2015,7,12,18,30,93.31,0.2,5.5,0,0,0,7,24.6,96.72,1009,0,0,0,0,25.200000000000003,205,2.7
2015,7,12,19,30,106.99000000000001,0.2,5.5,0,0,0,7,24.5,97.34,1010,0,0,0,0,25,205,2.7
2015,7,12,20,30,120.28,0.2,5.6000000000000005,0,0,0,7,24.5,98.07000000000001,1010,0,0,0,0,24.8,206,2.6
2015,7,12,21,30,132.8,0.2,5.6000000000000005,0,0,0,1,24.400000000000002,98.21000000000001,1010,0,0,0,0,24.700000000000003,209,2.6
2015,7,12,22,30,143.69,0.2,5.6000000000000005,0,0,0,3,24.3,98.37,1010,0,0,0,0,24.6,213,2.6
2015,7,12,23,30,151.03,0.2,5.6000000000000005,0,0,0,3,24.3,97.94,1010,0,0,0,0,24.6,215,2.7
2015,7,13,0,30,151.86,0.2,5.6000000000000005,0,0,0,0,24.200000000000003,98.09,1009,0,0,0,0,24.5,217,2.8000000000000003
2015,7,13,1,30,145.71,0.2,5.6000000000000005,0,0,0,0,24.1,98.31,1008,0,0,0,0,24.400000000000002,219,2.8000000000000003
2015,7,13,2,30,135.37,0.2,5.6000000000000005,0,0,0,7,24.1,98.55,1008,0,0,0,0,24.3,219,2.8000000000000003
2015,7,13,3,30,123.11,0.2,5.6000000000000005,0,0,0,3,24,98.17,1008,0,0,0,0,24.3,219,2.7
2015,7,13,4,30,109.94,0.2,5.6000000000000005,0,0,0,3,23.900000000000002,98.31,1008,0,0,0,0,24.200000000000003,217,2.6
2015,7,13,5,30,96.32000000000001,0.2,5.6000000000000005,0,0,0,3,23.8,97.3,1009,0,0,0,0,24.3,216,2.6
2015,7,13,6,30,82.37,0.2,5.6000000000000005,50,165,72,0,24.1,95.83,1009,50,165,0,72,24.8,215,2.7
2015,7,13,7,30,68.53,0.2,5.7,111,463,281,3,24.400000000000002,94.49,1010,29,0,0,29,25.3,213,2.8000000000000003
2015,7,13,8,30,54.69,0.2,5.7,145,617,502,0,24.400000000000002,91.45,1010,145,617,0,502,25.900000000000002,211,3
2015,7,13,9,30,41.14,0.2,5.7,165,704,695,3,24.3,87.77,1010,228,0,0,228,26.5,211,3
2015,7,13,10,30,28.41,0.2,5.6000000000000005,171,761,840,3,24.3,85.09,1010,283,1,0,284,27,210,2.9000000000000004
2015,7,13,11,30,18.44,0.2,5.6000000000000005,168,794,920,0,24.3,83.15,1009,168,794,0,920,27.400000000000002,210,2.9000000000000004
2015,7,13,12,30,17.13,0.2,5.5,169,795,929,1,24.200000000000003,82,1008,169,795,0,929,27.6,211,3
2015,7,13,13,30,25.84,0.2,5.5,161,783,866,0,24.200000000000003,82.29,1008,161,783,0,866,27.5,210,3
2015,7,13,14,30,38.22,0.2,5.5,149,750,738,0,24.200000000000003,83.04,1007,149,750,0,738,27.3,208,3
2015,7,13,15,30,51.67,0.2,5.4,130,685,555,0,24.200000000000003,85.07000000000001,1007,130,685,0,555,26.900000000000002,206,3
2015,7,13,16,30,65.47,0.2,5.4,104,561,337,0,24.200000000000003,87.95,1008,104,561,0,337,26.400000000000002,205,2.9000000000000004
2015,7,13,17,30,79.34,0.2,5.4,60,308,117,0,24.400000000000002,92.98,1008,60,308,0,117,25.6,204,2.6
2015,7,13,18,30,93.3,0.2,5.300000000000001,0,0,0,0,24.400000000000002,96.36,1009,0,0,0,0,25,205,2.3000000000000003
2015,7,13,19,30,106.99000000000001,0.2,5.300000000000001,0,0,0,0,24.3,97.41,1009,0,0,0,0,24.700000000000003,208,2.3000000000000003
2015,7,13,20,30,120.31,0.2,5.2,0,0,0,0,24.200000000000003,97.56,1010,0,0,0,0,24.6,212,2.3000000000000003
2015,7,13,21,30,132.85,0.2,5.2,0,0,0,0,24.1,98.21000000000001,1010,0,0,0,0,24.400000000000002,219,2.3000000000000003
2015,7,13,22,30,143.78,0.2,5.2,0,0,0,0,24,98.36,1010,0,0,0,0,24.3,225,2.4000000000000004
2015,7,13,23,30,151.16,0.2,5.300000000000001,0,0,0,0,23.900000000000002,98.44,1009,0,0,0,0,24.200000000000003,229,2.5
2015,7,14,0,30,152.01,0.2,5.300000000000001,0,0,0,0,23.900000000000002,98.58,1009,0,0,0,0,24.1,233,2.6
2015,7,14,1,30,145.84,0.2,5.300000000000001,0,0,0,0,23.8,98.57000000000001,1008,0,0,0,0,24,235,2.6
2015,7,14,2,30,135.48,0.2,5.300000000000001,0,0,0,0,23.700000000000003,98.57000000000001,1008,0,0,0,0,23.900000000000002,237,2.5
2015,7,14,3,30,123.19,0.2,5.300000000000001,0,0,0,0,23.5,98.5,1008,0,0,0,0,23.8,238,2.5
2015,7,14,4,30,110.01,0.2,5.300000000000001,0,0,0,1,23.5,98.54,1008,0,0,0,0,23.700000000000003,239,2.4000000000000004
2015,7,14,5,30,96.37,0.2,5.2,0,0,0,0,23.400000000000002,97.10000000000001,1009,0,0,0,0,23.900000000000002,240,2.5
2015,7,14,6,30,82.41,0.2,5.2,43,253,77,0,23.8,95.19,1009,43,253,0,77,24.6,241,2.8000000000000003
2015,7,14,7,30,68.55,0.2,5.2,87,559,292,0,24.1,92.63,1010,87,559,0,292,25.400000000000002,239,3.1
2015,7,14,8,30,54.7,0.2,5.300000000000001,112,697,515,0,24.1,88.5,1010,112,697,0,515,26.200000000000003,235,3.2
2015,7,14,9,30,41.12,0.2,5.300000000000001,129,770,709,0,24.200000000000003,84.54,1010,129,770,0,709,27,230,3.1
2015,7,14,10,30,28.35,0.2,5.300000000000001,139,810,852,0,24.200000000000003,82.88,1009,139,810,0,852,27.400000000000002,225,3.1
2015,7,14,11,30,18.32,0.2,5.300000000000001,145,828,931,1,24.3,81.68,1008,145,828,0,931,27.700000000000003,220,3.1
2015,7,14,12,30,16.98,0.2,5.4,173,790,929,0,24.3,81.51,1008,173,790,0,929,27.8,213,3.1
2015,7,14,13,30,25.73,0.2,5.4,168,773,865,0,24.400000000000002,82.08,1007,168,773,0,865,27.700000000000003,208,3.2
2015,7,14,14,30,38.15,0.2,5.5,159,731,734,0,24.400000000000002,84.19,1007,159,731,0,734,27.3,204,3.4000000000000004
2015,7,14,15,30,51.620000000000005,0.2,5.5,182,569,535,0,24.400000000000002,87.37,1007,182,569,0,535,26.700000000000003,203,3.5
2015,7,14,16,30,65.43,0.2,5.5,140,435,321,1,24.5,90.81,1007,140,435,0,321,26.1,202,3.5
2015,7,14,17,30,79.32000000000001,0.2,5.5,72,191,108,0,24.5,94.89,1008,72,191,0,108,25.400000000000002,202,3.2
2015,7,14,18,30,93.29,0.2,5.5,0,0,0,0,24.400000000000002,96.61,1008,0,0,0,0,25,203,3.1
2015,7,14,19,30,107,0.2,5.5,0,0,0,0,24.3,97.15,1009,0,0,0,0,24.8,205,3
2015,7,14,20,30,120.33,0.2,5.5,0,0,0,0,24.200000000000003,97.7,1009,0,0,0,0,24.6,210,2.9000000000000004
2015,7,14,21,30,132.91,0.2,5.5,0,0,0,0,24.1,97.91,1010,0,0,0,0,24.5,215,2.8000000000000003
2015,7,14,22,30,143.87,0.2,5.5,0,0,0,0,24.1,97.97,1009,0,0,0,0,24.400000000000002,221,2.9000000000000004
2015,7,14,23,30,151.29,0.2,5.4,0,0,0,0,24,98.13,1009,0,0,0,0,24.3,227,2.9000000000000004
2015,7,15,0,30,152.16,0.2,5.4,0,0,0,0,23.900000000000002,98.18,1008,0,0,0,0,24.200000000000003,233,2.9000000000000004
2015,7,15,1,30,145.97,0.2,5.300000000000001,0,0,0,0,23.8,97.56,1007,0,0,0,0,24.200000000000003,236,2.9000000000000004
2015,7,15,2,30,135.58,0.2,5.300000000000001,0,0,0,1,23.700000000000003,97.57000000000001,1007,0,0,0,0,24.1,237,2.9000000000000004
2015,7,15,3,30,123.27,0.2,5.4,0,0,0,3,23.6,97.62,1007,0,0,0,0,24,236,2.9000000000000004
2015,7,15,4,30,110.07000000000001,0.2,5.5,0,0,0,4,23.5,97.7,1008,0,0,0,0,23.900000000000002,235,2.8000000000000003
2015,7,15,5,30,96.42,0.2,5.5,0,0,0,4,23.400000000000002,96.64,1008,0,0,0,0,24,234,2.8000000000000003
2015,7,15,6,30,82.44,0.2,5.6000000000000005,49,167,71,4,23.6,94.99,1009,26,0,7,26,24.5,232,3
2015,7,15,7,30,68.57000000000001,0.2,5.7,110,468,281,0,23.900000000000002,92.84,1010,110,468,0,281,25.1,229,3.2
2015,7,15,8,30,54.7,0.2,5.800000000000001,143,621,502,3,23.900000000000002,89.14,1010,262,29,0,278,25.8,225,3.4000000000000004
2015,7,15,9,30,41.1,0.2,5.9,164,704,695,5,23.900000000000002,86.05,1010,277,2,0,279,26.400000000000002,220,3.5
2015,7,15,10,30,28.3,0.2,5.9,178,749,837,3,23.900000000000002,84.29,1010,391,14,0,404,26.8,216,3.6
2015,7,15,11,30,18.2,0.2,5.9,188,766,915,3,24,83.51,1009,237,0,0,237,27,212,3.7
2015,7,15,12,30,16.830000000000002,0.2,5.9,193,762,922,5,24,84.17,1008,439,22,0,460,26.900000000000002,210,3.8000000000000003
2015,7,15,13,30,25.62,0.2,6,189,742,858,2,24.1,85.46000000000001,1008,445,79,0,516,26.700000000000003,209,3.9000000000000004
2015,7,15,14,30,38.07,0.2,5.9,178,699,729,2,24.1,86.62,1008,407,91,0,478,26.5,208,4
2015,7,15,15,30,51.56,0.2,5.9,156,628,546,0,24,88.46000000000001,1007,156,628,0,546,26.1,208,4
2015,7,15,16,30,65.4,0.2,5.9,123,498,330,0,24,90.92,1008,123,498,0,330,25.6,208,3.8000000000000003
2015,7,15,17,30,79.3,0.2,5.800000000000001,67,248,113,0,24,94.08,1008,67,248,0,113,25,208,3.5
2015,7,15,18,30,93.29,0.2,5.800000000000001,0,0,0,7,23.900000000000002,95.8,1009,0,0,0,0,24.6,208,3.4000000000000004
2015,7,15,19,30,107.02,0.2,5.800000000000001,0,0,0,7,23.700000000000003,96.15,1009,0,0,0,0,24.400000000000002,209,3.4000000000000004
2015,7,15,20,30,120.37,0.2,5.7,0,0,0,3,23.6,96.15,1010,0,0,0,0,24.3,210,3.4000000000000004
2015,7,15,21,30,132.96,0.2,5.6000000000000005,0,0,0,0,23.6,96.3,1010,0,0,0,0,24.200000000000003,210,3.2
2015,7,15,22,30,143.97,0.2,5.6000000000000005,0,0,0,0,23.5,96.15,1010,0,0,0,0,24.200000000000003,209,3.2
2015,7,15,23,30,151.44,0.2,5.5,0,0,0,3,23.5,96.49000000000001,1009,0,0,0,0,24.1,206,3.2
2015,7,16,0,30,152.32,0.2,5.5,0,0,0,5,23.5,96.3,1008,0,0,0,0,24.1,204,3.3000000000000003
2015,7,16,1,30,146.11,0.2,5.5,0,0,0,4,23.400000000000002,96.68,1008,0,0,0,0,24,201,3.2
2015,7,16,2,30,135.69,0.2,5.5,0,0,0,4,23.400000000000002,96.51,1008,0,0,0,0,24,202,3.1
2015,7,16,3,30,123.36,0.2,5.6000000000000005,0,0,0,4,23.400000000000002,96.48,1008,0,0,0,0,24,207,3.1
2015,7,16,4,30,110.13,0.2,5.6000000000000005,0,0,0,4,23.400000000000002,97,1009,0,0,0,0,23.900000000000002,213,3
2015,7,16,5,30,96.47,0.2,5.6000000000000005,0,0,0,5,23.400000000000002,96.26,1009,0,0,0,0,24,216,2.9000000000000004
2015,7,16,6,30,82.47,0.2,5.5,50,153,70,5,23.5,95.02,1010,21,0,7,21,24.400000000000002,215,3.1
2015,7,16,7,30,68.58,0.2,5.5,112,460,280,5,23.8,93.91,1010,112,1,7,113,24.8,211,3.3000000000000003
2015,7,16,8,30,54.7,0.2,5.6000000000000005,142,625,503,3,23.8,91.16,1011,78,0,0,78,25.3,208,3.5
2015,7,16,9,30,41.08,0.2,5.6000000000000005,165,705,696,3,23.6,88.33,1011,202,0,0,202,25.700000000000003,206,3.7
2015,7,16,10,30,28.240000000000002,0.2,5.7,179,749,838,3,23.5,85.77,1011,372,6,0,378,26.1,204,3.7
2015,7,16,11,30,18.080000000000002,0.2,5.7,183,774,919,3,23.5,84.16,1010,446,36,0,480,26.400000000000002,202,3.8000000000000003
2015,7,16,12,30,16.67,0.2,5.7,180,780,926,3,23.5,83.60000000000001,1009,343,1,0,344,26.5,200,3.8000000000000003
2015,7,16,13,30,25.51,0.2,5.7,172,767,864,3,23.5,83.58,1009,331,1,0,333,26.5,199,3.8000000000000003
2015,7,16,14,30,38,0.2,5.7,155,739,737,8,23.5,83.97,1008,356,126,0,455,26.400000000000002,198,3.7
2015,7,16,15,30,51.51,0.2,5.6000000000000005,132,681,556,3,23.400000000000002,85.27,1008,267,17,0,278,26.1,198,3.5
2015,7,16,16,30,65.37,0.2,5.5,103,566,339,8,23.400000000000002,87.64,1008,195,144,0,255,25.6,197,3.2
2015,7,16,17,30,79.28,0.2,5.5,59,318,118,0,23.5,91.71000000000001,1009,59,318,0,118,24.900000000000002,197,2.7
2015,7,16,18,30,93.29,0.2,5.4,0,0,0,0,23.5,95.24,1009,0,0,0,0,24.3,199,2.3000000000000003
2015,7,16,19,30,107.03,0.2,5.300000000000001,0,0,0,0,23.400000000000002,96.12,1010,0,0,0,0,24.1,200,2.2
2015,7,16,20,30,120.4,0.2,5.300000000000001,0,0,0,3,23.400000000000002,96.93,1010,0,0,0,0,23.900000000000002,202,2.1
2015,7,16,21,30,133.03,0.2,5.2,0,0,0,1,23.3,97.15,1011,0,0,0,0,23.8,204,2
2015,7,16,22,30,144.07,0.2,5.1000000000000005,0,0,0,1,23.200000000000003,97.67,1010,0,0,0,0,23.6,207,1.9000000000000001
2015,7,16,23,30,151.58,0.2,5.1000000000000005,0,0,0,0,23.1,97.75,1010,0,0,0,0,23.5,208,1.9000000000000001
2015,7,17,0,30,152.49,0.2,5,0,0,0,0,23,97.82000000000001,1009,0,0,0,0,23.400000000000002,210,1.9000000000000001
2015,7,17,1,30,146.25,0.2,5,0,0,0,0,23,97.96000000000001,1009,0,0,0,0,23.3,211,1.8
2015,7,17,2,30,135.8,0.2,5,0,0,0,0,22.900000000000002,98.14,1009,0,0,0,0,23.200000000000003,211,1.9000000000000001
2015,7,17,3,30,123.44,0.2,5,0,0,0,0,22.8,97.75,1009,0,0,0,0,23.200000000000003,210,1.9000000000000001
2015,7,17,4,30,110.2,0.2,5.1000000000000005,0,0,0,0,22.8,97.95,1009,0,0,0,0,23.1,211,1.9000000000000001
2015,7,17,5,30,96.51,0.2,5.1000000000000005,0,0,0,0,22.700000000000003,95.37,1010,0,0,0,0,23.5,212,1.9000000000000001
2015,7,17,6,30,82.5,0.2,5.1000000000000005,42,251,75,0,23.1,92.81,1010,42,251,0,75,24.3,210,2.1
2015,7,17,7,30,68.60000000000001,0.2,5.2,87,557,290,0,23.200000000000003,88.32000000000001,1011,87,557,0,290,25.3,204,2.3000000000000003
2015,7,17,8,30,54.7,0.2,5.2,114,693,515,3,23.200000000000003,83.49,1011,238,12,0,245,26.200000000000003,200,2.3000000000000003
2015,7,17,9,30,41.050000000000004,0.2,5.2,130,770,710,1,23.3,80.67,1011,130,770,0,710,26.900000000000002,198,2.3000000000000003
2015,7,17,10,30,28.17,0.2,5.2,139,812,855,1,23.5,79.32000000000001,1010,139,812,0,855,27.400000000000002,198,2.3000000000000003
2015,7,17,11,30,17.95,0.2,5.1000000000000005,139,838,936,3,23.6,78.48,1010,414,10,0,423,27.700000000000003,199,2.4000000000000004
2015,7,17,12,30,16.51,0.2,5.1000000000000005,140,839,945,2,23.700000000000003,78.2,1009,469,332,0,787,27.8,200,2.4000000000000004
2015,7,17,13,30,25.400000000000002,0.2,5,133,831,883,1,23.700000000000003,78.29,1008,133,831,0,883,27.8,200,2.5
2015,7,17,14,30,37.92,0.2,5,124,798,753,0,23.700000000000003,79.7,1007,124,798,0,753,27.5,201,2.6
2015,7,17,15,30,51.46,0.2,5,114,725,566,0,23.700000000000003,81.2,1007,114,725,0,566,27.200000000000003,202,2.7
2015,7,17,16,30,65.33,0.2,5,93,603,345,0,23.700000000000003,84.76,1007,93,603,0,345,26.5,203,2.7
2015,7,17,17,30,79.27,0.2,5,56,347,120,0,23.8,89.44,1008,56,347,0,120,25.700000000000003,204,2.6
2015,7,17,18,30,93.29,0.2,5.1000000000000005,0,0,0,0,23.900000000000002,93.17,1008,0,0,0,0,25.1,204,2.6
2015,7,17,19,30,107.05,0.2,5.1000000000000005,0,0,0,0,23.8,94.29,1009,0,0,0,0,24.8,206,2.6
2015,7,17,20,30,120.44,0.2,5.2,0,0,0,0,23.8,95.23,1010,0,0,0,0,24.6,208,2.6
2015,7,17,21,30,133.1,0.2,5.2,0,0,0,0,23.700000000000003,95.3,1010,0,0,0,0,24.5,212,2.6
2015,7,17,22,30,144.18,0.2,5.2,0,0,0,0,23.6,95.56,1010,0,0,0,0,24.400000000000002,215,2.6
2015,7,17,23,30,151.73,0.2,5.2,0,0,0,0,23.6,96.4,1009,0,0,0,0,24.200000000000003,219,2.6
2015,7,18,0,30,152.66,0.2,5.300000000000001,0,0,0,0,23.6,96.84,1009,0,0,0,0,24.1,221,2.7
2015,7,18,1,30,146.39000000000001,0.2,5.300000000000001,0,0,0,0,23.5,96.73,1009,0,0,0,0,24.1,222,2.8000000000000003
2015,7,18,2,30,135.91,0.2,5.4,0,0,0,0,23.5,97.24000000000001,1009,0,0,0,0,24,221,2.8000000000000003
2015,7,18,3,30,123.52,0.2,5.4,0,0,0,1,23.5,97.16,1009,0,0,0,0,24,220,2.8000000000000003
2015,7,18,4,30,110.26,0.2,5.4,0,0,0,0,23.5,97.71000000000001,1009,0,0,0,0,23.900000000000002,219,2.8000000000000003
2015,7,18,5,30,96.56,0.2,5.5,0,0,0,1,23.5,96.34,1010,0,0,0,0,24.1,218,3
2015,7,18,6,30,82.53,0.2,5.5,49,144,68,1,23.6,94.27,1010,49,144,0,68,24.6,218,3.2
2015,7,18,7,30,68.61,0.2,5.5,112,453,277,3,23.700000000000003,91.51,1011,12,0,0,12,25.200000000000003,219,3.4000000000000004
2015,7,18,8,30,54.69,0.2,5.5,144,616,501,0,23.6,87.87,1011,144,616,0,501,25.8,219,3.5
2015,7,18,9,30,41.02,0.2,5.4,156,720,699,1,23.700000000000003,84.92,1011,156,720,0,699,26.400000000000002,217,3.4000000000000004
2015,7,18,10,30,28.1,0.2,5.4,167,769,845,3,23.8,83.52,1010,174,0,0,174,26.8,214,3.3000000000000003
2015,7,18,11,30,17.81,0.2,5.300000000000001,170,793,925,2,23.900000000000002,82.58,1009,449,39,0,486,27.1,209,3.4000000000000004
2015,7,18,12,30,16.34,0.2,5.300000000000001,187,773,928,2,23.900000000000002,81.9,1008,452,34,0,484,27.3,205,3.5
2015,7,18,13,30,25.28,0.2,5.4,183,753,864,1,23.900000000000002,81.86,1008,183,753,0,864,27.3,202,3.6
2015,7,18,14,30,37.85,0.2,5.4,173,709,733,0,23.900000000000002,83.46000000000001,1008,173,709,0,733,26.900000000000002,202,3.9000000000000004
2015,7,18,15,30,51.410000000000004,0.2,5.4,156,630,548,7,23.8,86.09,1008,276,261,7,439,26.3,204,4
2015,7,18,16,30,65.3,0.2,5.4,126,486,329,7,23.700000000000003,89.26,1008,199,115,7,247,25.6,207,4
2015,7,18,17,30,79.26,0.2,5.4,70,222,111,3,23.6,92.71000000000001,1008,5,0,0,5,24.900000000000002,210,3.7
2015,7,18,18,30,93.29,0.2,5.4,0,0,0,3,23.6,95.38,1009,0,0,0,0,24.400000000000002,212,3.4000000000000004
2015,7,18,19,30,107.07000000000001,0.2,5.4,0,0,0,0,23.6,96.26,1010,0,0,0,0,24.200000000000003,213,3.3000000000000003
2015,7,18,20,30,120.49000000000001,0.2,5.300000000000001,0,0,0,0,23.5,96.5,1010,0,0,0,0,24.1,214,3.2
2015,7,18,21,30,133.17000000000002,0.2,5.300000000000001,0,0,0,0,23.400000000000002,96.74000000000001,1010,0,0,0,0,24,215,3.1
2015,7,18,22,30,144.29,0.2,5.300000000000001,0,0,0,0,23.400000000000002,97.02,1010,0,0,0,0,23.900000000000002,216,3
2015,7,18,23,30,151.89000000000001,0.2,5.2,0,0,0,0,23.400000000000002,97.39,1010,0,0,0,0,23.8,218,3
2015,7,19,0,30,152.83,0.2,5.2,0,0,0,0,23.3,97.65,1009,0,0,0,0,23.700000000000003,220,3
2015,7,19,1,30,146.54,0.2,5.1000000000000005,0,0,0,0,23.3,97.41,1009,0,0,0,0,23.700000000000003,221,3
2015,7,19,2,30,136.02,0.2,5.1000000000000005,0,0,0,0,23.200000000000003,97.66,1008,0,0,0,0,23.6,222,3
2015,7,19,3,30,123.61,0.2,5.1000000000000005,0,0,0,1,23.200000000000003,97.4,1008,0,0,0,0,23.6,222,2.9000000000000004
2015,7,19,4,30,110.32000000000001,0.2,5.1000000000000005,0,0,0,0,23.1,97.76,1009,0,0,0,0,23.5,221,2.8000000000000003
2015,7,19,5,30,96.60000000000001,0.2,5.1000000000000005,0,0,0,0,23.1,96.29,1009,0,0,0,0,23.700000000000003,221,2.8000000000000003
2015,7,19,6,30,82.56,0.2,5.1000000000000005,48,159,69,3,23.3,94.19,1010,31,0,7,31,24.3,221,3.2
2015,7,19,7,30,68.62,0.2,5.2,107,476,280,3,23.5,91.3,1010,44,0,0,44,25,219,3.6
2015,7,19,8,30,54.68,0.2,5.2,136,638,505,3,23.400000000000002,87.25,1010,264,26,0,279,25.700000000000003,218,3.8000000000000003
2015,7,19,9,30,40.99,0.2,5.2,155,722,701,3,23.400000000000002,83.73,1010,323,9,0,330,26.400000000000002,216,3.8000000000000003
2015,7,19,10,30,28.03,0.2,5.300000000000001,166,770,845,2,23.5,81.75,1009,399,18,0,414,26.900000000000002,214,3.8000000000000003
2015,7,19,11,30,17.67,0.2,5.300000000000001,170,794,926,2,23.6,80.72,1008,515,195,0,701,27.200000000000003,212,3.9000000000000004
2015,7,19,12,30,16.17,0.2,5.4,175,789,933,3,23.700000000000003,80.58,1008,439,21,0,459,27.3,208,3.9000000000000004
2015,7,19,13,30,25.17,0.2,5.4,172,770,869,2,23.700000000000003,81.09,1007,443,78,0,513,27.200000000000003,206,4
2015,7,19,14,30,37.78,0.2,5.5,164,725,737,0,23.6,82.89,1007,164,725,0,737,26.8,207,4
2015,7,19,15,30,51.370000000000005,0.2,5.6000000000000005,230,466,521,0,23.5,85.32000000000001,1007,230,466,0,521,26.200000000000003,208,4
2015,7,19,16,30,65.28,0.2,5.6000000000000005,170,336,311,0,23.5,88.48,1008,170,336,0,311,25.5,210,3.8000000000000003
2015,7,19,17,30,79.25,0.2,5.6000000000000005,77,128,101,0,23.400000000000002,92.10000000000001,1008,77,128,0,101,24.8,212,3.4000000000000004
2015,7,19,18,30,93.3,0.2,5.6000000000000005,0,0,0,0,23.400000000000002,94.16,1008,0,0,0,0,24.400000000000002,215,3.2
2015,7,19,19,30,107.10000000000001,0.2,5.6000000000000005,0,0,0,0,23.3,95.57000000000001,1009,0,0,0,0,24.1,217,3.1
2015,7,19,20,30,120.53,0.2,5.6000000000000005,0,0,0,0,23.3,95.78,1010,0,0,0,0,24,219,3.2
2015,7,19,21,30,133.25,0.2,5.5,0,0,0,0,23.200000000000003,95.9,1010,0,0,0,0,23.900000000000002,220,3.2
2015,7,19,22,30,144.41,0.2,5.5,0,0,0,0,23.1,96.62,1010,0,0,0,0,23.700000000000003,222,3.2
2015,7,19,23,30,152.06,0.2,5.5,0,0,0,0,23.1,96.74000000000001,1010,0,0,0,0,23.6,224,3.3000000000000003
2015,7,20,0,30,153.01,0.2,5.4,0,0,0,3,23,97,1009,0,0,0,0,23.5,226,3.3000000000000003
2015,7,20,1,30,146.69,0.2,5.300000000000001,0,0,0,3,23,97.33,1009,0,0,0,0,23.400000000000002,227,3.4000000000000004
2015,7,20,2,30,136.14000000000001,0.2,5.1000000000000005,0,0,0,3,22.8,97.31,1008,0,0,0,0,23.3,228,3.5
2015,7,20,3,30,123.69,0.2,5,0,0,0,0,22.8,97.46000000000001,1008,0,0,0,0,23.200000000000003,229,3.4000000000000004
2015,7,20,4,30,110.38,0.2,4.800000000000001,0,0,0,3,22.700000000000003,97.63,1008,0,0,0,0,23.1,228,3.4000000000000004
2015,7,20,5,30,96.65,0.2,4.7,0,0,0,3,22.700000000000003,96.22,1009,0,0,0,0,23.3,228,3.4000000000000004
2015,7,20,6,30,82.58,0.2,4.7,49,107,63,0,22.8,93.83,1010,49,107,0,63,23.900000000000002,228,3.4000000000000004
2015,7,20,7,30,68.63,0.2,4.7,129,385,270,3,23,90.29,1010,34,0,0,34,24.700000000000003,229,3.6
2015,7,20,8,30,54.67,0.2,4.7,174,548,491,3,22.900000000000002,85.05,1011,101,0,0,101,25.6,228,3.9000000000000004
2015,7,20,9,30,40.95,0.2,4.6000000000000005,224,600,677,3,22.900000000000002,81.37,1011,285,1,0,287,26.3,225,4.1000000000000005
2015,7,20,10,30,27.95,0.2,4.6000000000000005,242,656,822,3,22.900000000000002,79.79,1010,306,1,0,307,26.700000000000003,222,4.3
2015,7,20,11,30,17.52,0.2,4.6000000000000005,245,692,905,3,23,79.18,1009,464,40,0,502,26.900000000000002,220,4.5
2015,7,20,12,30,15.99,0.2,4.6000000000000005,310,604,891,3,23,78.93,1008,460,20,0,479,27,219,4.5
2015,7,20,13,30,25.05,0.2,4.5,293,595,832,7,23,78.98,1008,466,246,0,688,27,219,4.5
2015,7,20,14,30,37.7,0.2,4.5,263,561,707,7,23,80.26,1007,409,225,0,587,26.700000000000003,218,4.5
2015,7,20,15,30,51.32,0.2,4.5,223,485,527,7,23,82.71000000000001,1007,329,206,0,458,26.200000000000003,217,4.3
2015,7,20,16,30,65.25,0.2,4.5,166,353,313,7,23,86.29,1007,211,53,0,233,25.5,214,4
2015,7,20,17,30,79.24,0.2,4.4,74,137,100,7,23.1,90.92,1008,69,3,7,70,24.700000000000003,210,3.7
2015,7,20,18,30,93.31,0.2,4.4,0,0,0,3,23.1,94.15,1009,0,0,0,0,24.1,209,3.6
2015,7,20,19,30,107.12,0.2,4.5,0,0,0,3,23,95.52,1009,0,0,0,0,23.8,210,3.6
2015,7,20,20,30,120.58,0.2,4.5,0,0,0,8,23,96.16,1010,0,0,0,0,23.6,213,3.7
2015,7,20,21,30,133.33,0.2,4.4,0,0,0,8,22.900000000000002,96.15,1010,0,0,0,0,23.5,215,3.7
2015,7,20,22,30,144.53,0.2,4.4,0,0,0,3,22.8,96.8,1010,0,0,0,0,23.3,218,3.7
2015,7,20,23,30,152.23,0.2,4.4,0,0,0,5,22.700000000000003,96.97,1010,0,0,0,0,23.200000000000003,221,3.6
2015,7,21,0,30,153.20000000000002,0.2,4.4,0,0,0,5,22.6,97.14,1009,0,0,0,0,23.1,224,3.4000000000000004
2015,7,21,1,30,146.84,0.2,4.3,0,0,0,3,22.6,97.33,1009,0,0,0,0,23,226,3.2
2015,7,21,2,30,136.25,0.2,4.3,0,0,0,3,22.5,97.46000000000001,1009,0,0,0,0,22.900000000000002,227,3.2
2015,7,21,3,30,123.78,0.2,4.3,0,0,0,8,22.400000000000002,97.71000000000001,1009,0,0,0,0,22.8,225,3.2
2015,7,21,4,30,110.44,0.2,4.3,0,0,0,8,22.400000000000002,97.96000000000001,1009,0,0,0,0,22.700000000000003,222,3.2
2015,7,21,5,30,96.69,0.2,4.3,0,0,0,7,22.3,95.76,1010,0,0,0,0,23,219,3.3000000000000003
2015,7,21,6,30,82.61,0.2,4.3,48,122,63,3,22.5,92.99,1010,25,0,7,25,23.700000000000003,218,3.6
2015,7,21,7,30,68.64,0.2,4.3,123,408,272,3,22.6,88.39,1011,113,0,0,113,24.700000000000003,217,3.8000000000000003
2015,7,21,8,30,54.660000000000004,0.2,4.3,169,565,496,0,22.5,83,1011,169,565,0,496,25.6,217,3.9000000000000004
2015,7,21,9,30,40.910000000000004,0.2,4.3,194,659,692,3,22.5,79.82000000000001,1011,347,20,0,362,26.3,216,3.7
2015,7,21,10,30,27.87,0.2,4.3,208,714,838,3,22.700000000000003,77.84,1011,488,130,0,604,26.900000000000002,213,3.5
2015,7,21,11,30,17.37,0.2,4.3,213,741,920,0,22.8,76.57000000000001,1010,213,741,0,920,27.3,208,3.4000000000000004
2015,7,21,12,30,15.81,0.2,4.3,208,752,932,2,22.900000000000002,76.82000000000001,1010,537,216,0,745,27.3,204,3.4000000000000004
2015,7,21,13,30,24.94,0.2,4.3,193,745,869,0,22.8,77.37,1009,193,745,0,869,27.1,203,3.4000000000000004
2015,7,21,14,30,37.63,0.2,4.2,176,713,740,0,22.700000000000003,78.60000000000001,1009,176,713,0,740,26.700000000000003,204,3.5
2015,7,21,15,30,51.28,0.2,4.2,214,497,525,0,22.6,80.86,1009,214,497,0,525,26.1,206,3.4000000000000004
2015,7,21,16,30,65.23,0.2,4.1000000000000005,157,371,313,0,22.5,83.84,1009,157,371,0,313,25.400000000000002,208,3.2
2015,7,21,17,30,79.23,0.2,4.1000000000000005,72,154,101,0,22.5,87.9,1009,72,154,0,101,24.6,209,2.9000000000000004
2015,7,21,18,30,93.32000000000001,0.2,4,0,0,0,0,22.5,91.64,1010,0,0,0,0,23.900000000000002,209,2.7
2015,7,21,19,30,107.16,0.2,4,0,0,0,0,22.3,92.5,1011,0,0,0,0,23.6,209,2.7
2015,7,21,20,30,120.64,0.2,4,0,0,0,0,22.200000000000003,93.28,1011,0,0,0,0,23.3,209,2.7
2015,7,21,21,30,133.41,0.2,3.9000000000000004,0,0,0,0,22,93.69,1012,0,0,0,0,23.1,211,2.7
2015,7,21,22,30,144.66,0.2,3.9000000000000004,0,0,0,0,21.900000000000002,94.28,1012,0,0,0,0,22.900000000000002,214,2.7
2015,7,21,23,30,152.41,0.2,3.9000000000000004,0,0,0,0,21.8,94.35000000000001,1011,0,0,0,0,22.8,217,2.7
2015,7,22,0,30,153.39000000000001,0.2,3.9000000000000004,0,0,0,0,21.8,95.07000000000001,1011,0,0,0,0,22.6,219,2.7
2015,7,22,1,30,147,0.2,3.9000000000000004,0,0,0,0,21.700000000000003,95.13,1010,0,0,0,0,22.5,220,2.5
2015,7,22,2,30,136.36,0.2,3.9000000000000004,0,0,0,0,21.6,95.25,1010,0,0,0,0,22.400000000000002,220,2.3000000000000003
2015,7,22,3,30,123.86,0.2,3.9000000000000004,0,0,0,0,21.5,95.48,1010,0,0,0,0,22.3,217,2.2
2015,7,22,4,30,110.5,0.2,3.9000000000000004,0,0,0,1,21.5,96.25,1010,0,0,0,0,22.1,213,2.1
2015,7,22,5,30,96.73,0.2,3.9000000000000004,0,0,0,1,21.400000000000002,94.27,1011,0,0,0,0,22.400000000000002,210,2.1
2015,7,22,6,30,82.63,0.2,3.9000000000000004,45,142,64,0,21.700000000000003,90.69,1011,45,142,0,64,23.3,209,2.3000000000000003
2015,7,22,7,30,68.64,0.2,3.8000000000000003,113,447,276,0,21.8,84.8,1012,113,447,0,276,24.5,209,2.5
2015,7,22,8,30,54.64,0.2,3.8000000000000003,148,611,502,0,21.6,79.07000000000001,1012,148,611,0,502,25.5,209,2.5
2015,7,22,9,30,40.87,0.2,3.8000000000000003,215,613,679,3,21.8,76.3,1012,435,103,0,513,26.3,210,2.4000000000000004
2015,7,22,10,30,27.79,0.2,3.8000000000000003,232,671,825,0,22.1,74.87,1011,232,671,0,825,26.900000000000002,211,2.4000000000000004
2015,7,22,11,30,17.21,0.2,3.8000000000000003,240,698,907,0,22.3,73.96000000000001,1011,240,698,0,907,27.3,211,2.5
2015,7,22,12,30,15.620000000000001,0.2,3.8000000000000003,216,739,927,0,22.3,73.38,1010,216,739,0,927,27.5,210,2.6
2015,7,22,13,30,24.82,0.2,3.8000000000000003,209,721,863,0,22.3,73.35000000000001,1010,209,721,0,863,27.5,210,2.7
2015,7,22,14,30,37.56,0.2,3.8000000000000003,192,683,733,0,22.200000000000003,74.09,1009,192,683,0,733,27.200000000000003,211,2.9000000000000004
2015,7,22,15,30,51.24,0.2,3.8000000000000003,167,608,548,0,22.1,75.75,1009,167,608,0,548,26.700000000000003,211,3
2015,7,22,16,30,65.21000000000001,0.2,3.7,127,480,328,0,22,79.12,1009,127,480,0,328,25.900000000000002,210,2.9000000000000004
2015,7,22,17,30,79.23,0.2,3.7,65,234,109,0,22.1,85.54,1009,65,234,0,109,24.700000000000003,208,2.8000000000000003
2015,7,22,18,30,93.33,0.2,3.7,0,0,0,0,22.1,90.35000000000001,1010,0,0,0,0,23.8,208,2.7
2015,7,22,19,30,107.19,0.2,3.7,0,0,0,7,22,92.51,1011,0,0,0,0,23.3,209,2.8000000000000003
2015,7,22,20,30,120.7,0.2,3.8000000000000003,0,0,0,7,21.900000000000002,93.60000000000001,1011,0,0,0,0,23,211,2.8000000000000003
2015,7,22,21,30,133.5,0.2,3.8000000000000003,0,0,0,0,21.8,93.75,1012,0,0,0,0,22.900000000000002,214,2.7
2015,7,22,22,30,144.79,0.2,3.9000000000000004,0,0,0,0,21.8,94.54,1012,0,0,0,0,22.700000000000003,219,2.7
2015,7,22,23,30,152.59,0.2,3.9000000000000004,0,0,0,0,21.700000000000003,95.3,1011,0,0,0,0,22.5,224,2.6
2015,7,23,0,30,153.59,0.2,3.9000000000000004,0,0,0,0,21.6,95.48,1010,0,0,0,0,22.400000000000002,229,2.6
2015,7,23,1,30,147.16,0.2,3.9000000000000004,0,0,0,0,21.6,96.28,1010,0,0,0,0,22.200000000000003,233,2.6
2015,7,23,2,30,136.48,0.2,3.9000000000000004,0,0,0,1,21.5,97.11,1010,0,0,0,0,22,236,2.6
2015,7,23,3,30,123.94,0.2,3.9000000000000004,0,0,0,3,21.5,97.41,1010,0,0,0,0,21.900000000000002,237,2.5
2015,7,23,4,30,110.56,0.2,4,0,0,0,3,21.400000000000002,97.01,1010,0,0,0,0,21.900000000000002,237,2.5
2015,7,23,5,30,96.77,0.2,4,0,0,0,3,21.3,94.88,1011,0,0,0,0,22.200000000000003,237,2.6
2015,7,23,6,30,82.65,0.2,4,44,173,66,3,21.5,90.75,1011,35,0,7,36,23.1,236,2.8000000000000003
2015,7,23,7,30,68.64,0.2,4,105,480,280,3,21.700000000000003,85.82000000000001,1012,117,1,0,117,24.200000000000003,235,3.1
2015,7,23,8,30,54.63,0.2,4,139,638,508,0,21.700000000000003,80.86,1012,139,638,0,508,25.200000000000003,232,3
2015,7,23,9,30,40.82,0.2,4,158,725,707,1,21.8,77.87,1012,158,725,0,707,26,229,2.8000000000000003
2015,7,23,10,30,27.7,0.2,4,168,776,855,3,22,76.55,1012,463,114,0,565,26.5,225,2.6
2015,7,23,11,30,17.04,0.2,4,170,803,938,0,22.200000000000003,74.82000000000001,1011,170,803,0,938,27,222,2.5
2015,7,23,12,30,15.43,0.2,4,182,789,943,0,22.3,73.62,1010,182,789,0,943,27.400000000000002,220,2.5
2015,7,23,13,30,24.7,0.2,4,174,777,880,0,22.3,73.21000000000001,1009,174,777,0,880,27.5,217,2.6
2015,7,23,14,30,37.49,0.2,4,162,738,748,0,22.200000000000003,73.63,1008,162,738,0,748,27.3,214,2.7
2015,7,23,15,30,51.2,0.2,4.1000000000000005,160,626,552,0,22.1,75,1008,160,626,0,552,26.900000000000002,210,2.9000000000000004
2015,7,23,16,30,65.19,0.2,4.1000000000000005,122,502,333,1,22.1,78.84,1008,122,502,0,333,26.1,206,3
2015,7,23,17,30,79.23,0.2,4.1000000000000005,65,255,113,0,22.400000000000002,85.37,1009,65,255,0,113,25,202,3.1
2015,7,23,18,30,93.35000000000001,0.2,4.1000000000000005,0,0,0,0,22.400000000000002,90.4,1009,0,0,0,0,24.1,200,3.2
2015,7,23,19,30,107.23,0.2,4.1000000000000005,0,0,0,1,22.400000000000002,92.56,1010,0,0,0,0,23.700000000000003,201,3.2
2015,7,23,20,30,120.76,0.2,4.2,0,0,0,1,22.400000000000002,93.79,1011,0,0,0,0,23.5,205,3.1
2015,7,23,21,30,133.6,0.2,4.2,0,0,0,0,22.400000000000002,94.88,1011,0,0,0,0,23.3,211,2.9000000000000004
2015,7,23,22,30,144.93,0.2,4.2,0,0,0,0,22.400000000000002,96.06,1011,0,0,0,0,23.1,217,2.9000000000000004
2015,7,23,23,30,152.78,0.2,4.3,0,0,0,8,22.400000000000002,96.51,1010,0,0,0,0,23,222,3
2015,7,24,0,30,153.79,0.2,4.3,0,0,0,7,22.3,96.64,1009,0,0,0,0,22.900000000000002,225,3.1
2015,7,24,1,30,147.32,0.2,4.3,0,0,0,7,22.3,96.53,1009,0,0,0,0,22.900000000000002,227,3.1
2015,7,24,2,30,136.59,0.2,4.3,0,0,0,7,22.3,96.73,1009,0,0,0,0,22.8,227,3.2
2015,7,24,3,30,124.02,0.2,4.3,0,0,0,3,22.200000000000003,96.45,1009,0,0,0,0,22.8,226,3.1
2015,7,24,4,30,110.62,0.2,4.4,0,0,0,0,22.1,96.66,1009,0,0,0,0,22.700000000000003,225,3
2015,7,24,5,30,96.8,0.2,4.4,0,0,0,0,22.1,95.8,1010,0,0,0,0,22.8,225,2.9000000000000004
2015,7,24,6,30,82.67,0.2,4.4,47,158,67,0,22.200000000000003,92.89,1010,47,158,0,67,23.400000000000002,224,3
2015,7,24,7,30,68.64,0.2,4.4,109,473,281,0,22.3,88.95,1011,109,473,0,281,24.200000000000003,224,3
2015,7,24,8,30,54.61,0.2,4.5,140,634,507,0,22.200000000000003,83.78,1011,140,634,0,507,25.1,224,3
2015,7,24,9,30,40.77,0.2,4.5,161,718,705,3,22.200000000000003,79.98,1011,237,0,0,238,25.900000000000002,224,3
2015,7,24,10,30,27.61,0.2,4.6000000000000005,173,765,851,3,22.3,77.43,1010,294,1,0,295,26.6,221,2.9000000000000004
2015,7,24,11,30,16.87,0.2,4.7,178,788,932,2,22.400000000000002,76.18,1009,475,93,0,564,27,218,2.9000000000000004
2015,7,24,12,30,15.24,0.2,4.7,218,735,927,2,22.5,75.62,1009,483,79,0,560,27.200000000000003,214,2.9000000000000004
2015,7,24,13,30,24.59,0.2,4.800000000000001,210,717,863,0,22.5,76.06,1008,210,717,0,863,27.1,210,3
2015,7,24,14,30,37.43,0.2,4.9,196,675,732,0,22.5,77.77,1008,196,675,0,732,26.700000000000003,207,3.1
2015,7,24,15,30,51.160000000000004,0.2,4.9,192,553,538,0,22.5,80.17,1008,192,553,0,538,26.200000000000003,206,3.1
2015,7,24,16,30,65.17,0.2,5,146,418,322,0,22.6,83.77,1008,146,418,0,322,25.5,205,3
2015,7,24,17,30,79.23,0.2,5,74,174,106,0,22.6,88.72,1008,74,174,0,106,24.6,204,2.8000000000000003
2015,7,24,18,30,93.37,0.2,5,0,0,0,0,22.6,92.09,1009,0,0,0,0,24,204,2.7
2015,7,24,19,30,107.27,0.2,5,0,0,0,0,22.6,94.19,1010,0,0,0,0,23.6,205,2.6
2015,7,24,20,30,120.83,0.2,5,0,0,0,0,22.6,95.05,1010,0,0,0,0,23.400000000000002,209,2.6
2015,7,24,21,30,133.69,0.2,4.9,0,0,0,0,22.5,95.53,1011,0,0,0,0,23.3,213,2.5
2015,7,24,22,30,145.07,0.2,4.9,0,0,0,0,22.5,96.44,1010,0,0,0,0,23.1,218,2.5
2015,7,24,23,30,152.97,0.2,4.800000000000001,0,0,0,0,22.5,96.89,1010,0,0,0,0,23,221,2.4000000000000004
2015,7,25,0,30,153.99,0.2,4.7,0,0,0,0,22.400000000000002,97.25,1009,0,0,0,0,22.900000000000002,222,2.4000000000000004
2015,7,25,1,30,147.48,0.2,4.7,0,0,0,0,22.400000000000002,97.71000000000001,1009,0,0,0,0,22.8,219,2.3000000000000003
2015,7,25,2,30,136.71,0.2,4.7,0,0,0,0,22.400000000000002,97.49000000000001,1008,0,0,0,0,22.8,217,2.3000000000000003
2015,7,25,3,30,124.11,0.2,4.7,0,0,0,0,22.3,97.16,1009,0,0,0,0,22.8,216,2.3000000000000003
2015,7,25,4,30,110.68,0.2,4.800000000000001,0,0,0,0,22.200000000000003,96.58,1009,0,0,0,0,22.8,215,2.4000000000000004
2015,7,25,5,30,96.84,0.2,4.800000000000001,0,0,0,3,22.200000000000003,95.81,1010,0,0,0,0,22.900000000000002,213,2.4000000000000004
2015,7,25,6,30,82.68,0.2,4.800000000000001,46,172,68,1,22.3,93.8,1010,46,172,0,68,23.400000000000002,210,2.6
2015,7,25,7,30,68.64,0.2,4.9,103,492,282,1,22.5,91.08,1011,103,492,0,282,24,207,2.9000000000000004
2015,7,25,8,30,54.58,0.2,4.9,134,648,509,0,22.3,86.71000000000001,1011,134,648,0,509,24.700000000000003,205,3
2015,7,25,9,30,40.72,0.2,4.800000000000001,236,580,676,3,22.200000000000003,82.71000000000001,1011,290,1,0,291,25.400000000000002,202,2.9000000000000004
2015,7,25,10,30,27.51,0.2,4.800000000000001,249,647,823,2,22.3,79.75,1011,459,69,0,520,26.1,200,2.8000000000000003
2015,7,25,11,30,16.7,0.2,4.7,252,684,907,1,22.400000000000002,78.18,1010,252,684,0,907,26.5,198,2.8000000000000003
2015,7,25,12,30,15.040000000000001,0.2,4.7,222,730,927,0,22.400000000000002,76.97,1009,222,730,0,927,26.8,197,2.8000000000000003
2015,7,25,13,30,24.47,0.2,4.6000000000000005,207,723,865,0,22.400000000000002,76.8,1008,207,723,0,865,26.8,197,2.9000000000000004
2015,7,25,14,30,37.36,0.2,4.5,186,693,737,0,22.3,77.83,1008,186,693,0,737,26.5,200,3
2015,7,25,15,30,51.120000000000005,0.2,4.4,159,630,554,2,22.200000000000003,79.27,1008,345,70,0,389,26.1,205,3.1
2015,7,25,16,30,65.16,0.2,4.4,120,506,333,0,22.200000000000003,82.28,1008,120,506,0,333,25.400000000000002,210,3
2015,7,25,17,30,79.24,0.2,4.3,64,260,113,0,22.200000000000003,87.16,1008,64,260,0,113,24.5,214,2.8000000000000003
2015,7,25,18,30,93.4,0.2,4.2,0,0,0,0,22.3,92.02,1009,0,0,0,0,23.700000000000003,217,2.6
2015,7,25,19,30,107.31,0.2,4.2,0,0,0,0,22.3,93.5,1010,0,0,0,0,23.400000000000002,218,2.5
2015,7,25,20,30,120.89,0.2,4.2,0,0,0,0,22.200000000000003,94.91,1011,0,0,0,0,23.1,218,2.4000000000000004
2015,7,25,21,30,133.8,0.2,4.2,0,0,0,0,22.200000000000003,95.83,1011,0,0,0,0,22.900000000000002,218,2.3000000000000003
2015,7,25,22,30,145.22,0.2,4.2,0,0,0,0,22.200000000000003,96.96000000000001,1011,0,0,0,0,22.700000000000003,220,2.2
2015,7,25,23,30,153.17000000000002,0.2,4.2,0,0,0,0,22.200000000000003,97.49000000000001,1011,0,0,0,0,22.6,222,2.2
2015,7,26,0,30,154.20000000000002,0.2,4.2,0,0,0,0,22.1,98.44,1010,0,0,0,0,22.400000000000002,226,2.2
2015,7,26,1,30,147.64000000000001,0.2,4.2,0,0,0,0,22.1,98.85000000000001,1010,0,0,0,0,22.3,228,2.3000000000000003
2015,7,26,2,30,136.83,0.2,4.2,0,0,0,0,22.1,99.13,1009,0,0,0,0,22.200000000000003,228,2.2
2015,7,26,3,30,124.19,0.2,4.2,0,0,0,0,22,98.9,1009,0,0,0,0,22.200000000000003,226,2.2
2015,7,26,4,30,110.73,0.2,4.3,0,0,0,0,22,99.29,1010,0,0,0,0,22.1,224,2.1
2015,7,26,5,30,96.87,0.2,4.3,0,0,0,0,21.900000000000002,96.58,1010,0,0,0,0,22.5,223,2
2015,7,26,6,30,82.7,0.2,4.3,43,205,69,0,22.200000000000003,92.38,1011,43,205,0,69,23.5,222,2.4000000000000004
2015,7,26,7,30,68.64,0.2,4.3,96,521,285,0,22.3,86.27,1011,96,521,0,285,24.700000000000003,222,2.7
2015,7,26,8,30,54.56,0.2,4.2,126,672,516,0,22.1,80.33,1011,126,672,0,516,25.700000000000003,222,2.8000000000000003
2015,7,26,9,30,40.67,0.2,4.2,144,753,715,3,22.1,76.85000000000001,1011,326,9,0,333,26.5,222,2.8000000000000003
2015,7,26,10,30,27.42,0.2,4.2,156,797,863,3,22.200000000000003,74.73,1011,410,22,0,430,27.1,221,2.8000000000000003
2015,7,26,11,30,16.52,0.2,4.2,160,819,946,2,22.3,73.24,1010,467,69,0,533,27.5,221,2.9000000000000004
2015,7,26,12,30,14.83,0.2,4.1000000000000005,209,753,937,7,22.3,72.78,1009,193,738,0,907,27.6,221,3
2015,7,26,13,30,24.35,0.2,4.1000000000000005,197,745,875,1,22.200000000000003,73,1008,197,745,0,875,27.5,221,3.1
2015,7,26,14,30,37.29,0.2,4.1000000000000005,179,709,743,0,22.200000000000003,74.11,1008,179,709,0,743,27.200000000000003,221,3.2
2015,7,26,15,30,51.09,0.2,4,154,643,558,2,22.200000000000003,75.79,1007,352,96,0,412,26.8,221,3.2
2015,7,26,16,30,65.15,0.2,4,121,509,335,0,22.200000000000003,79.74,1008,121,509,0,335,26,219,3
2015,7,26,17,30,79.25,0.2,4,66,251,112,0,22.400000000000002,85.45,1008,66,251,0,112,25,216,2.7
2015,7,26,18,30,93.43,0.2,4,0,0,0,0,22.400000000000002,90.4,1009,0,0,0,0,24.1,215,2.6
2015,7,26,19,30,107.36,0.2,4,0,0,0,0,22.3,92.08,1010,0,0,0,0,23.700000000000003,216,2.7
2015,7,26,20,30,120.97,0.2,3.9000000000000004,0,0,0,0,22.3,93.28,1010,0,0,0,0,23.400000000000002,218,2.8000000000000003
2015,7,26,21,30,133.9,0.2,3.9000000000000004,0,0,0,0,22.200000000000003,94.57000000000001,1010,0,0,0,0,23.1,218,2.8000000000000003
2015,7,26,22,30,145.37,0.2,4,0,0,0,0,22.1,95.29,1010,0,0,0,0,22.900000000000002,219,2.7
2015,7,26,23,30,153.38,0.2,4,0,0,0,0,22,95.46000000000001,1010,0,0,0,0,22.8,220,2.7
2015,7,27,0,30,154.42000000000002,0.2,4,0,0,0,0,22,95.69,1009,0,0,0,0,22.700000000000003,221,2.8000000000000003
2015,7,27,1,30,147.81,0.2,4,0,0,0,0,21.900000000000002,95.96000000000001,1009,0,0,0,0,22.6,222,2.7
2015,7,27,2,30,136.94,0.2,4,0,0,0,0,21.8,96.05,1008,0,0,0,0,22.5,221,2.6
2015,7,27,3,30,124.27,0.2,4,0,0,0,0,21.8,96.85000000000001,1009,0,0,0,0,22.3,219,2.5
2015,7,27,4,30,110.78,0.2,4,0,0,0,7,21.700000000000003,97.14,1009,0,0,0,0,22.200000000000003,219,2.5
2015,7,27,5,30,96.9,0.2,4,0,0,0,0,21.700000000000003,95.10000000000001,1009,0,0,0,0,22.5,222,2.6
2015,7,27,6,30,82.71000000000001,0.2,4,44,203,70,0,21.8,90.98,1010,44,203,0,70,23.400000000000002,224,3
2015,7,27,7,30,68.63,0.2,4,98,520,288,3,21.8,84.92,1010,48,0,0,48,24.5,223,3.3000000000000003
2015,7,27,8,30,54.53,0.2,4.1000000000000005,130,663,515,3,21.700000000000003,80.87,1011,253,16,0,262,25.200000000000003,221,3.1
2015,7,27,9,30,40.61,0.2,4.2,246,569,678,2,21.700000000000003,78.75,1011,388,56,0,431,25.700000000000003,218,2.9000000000000004
2015,7,27,10,30,27.310000000000002,0.2,4.3,271,619,821,3,21.8,77.72,1011,429,26,0,452,26,216,3
2015,7,27,11,30,16.34,0.2,4.3,279,650,903,2,21.900000000000002,76.18,1010,553,133,0,681,26.400000000000002,215,3.4000000000000004
2015,7,27,12,30,14.63,0.2,4.3,272,665,916,8,21.900000000000002,75.47,1009,481,170,0,646,26.6,216,3.8000000000000003
2015,7,27,13,30,24.240000000000002,0.2,4.3,255,657,855,8,21.900000000000002,75.75,1008,447,203,7,632,26.5,217,4.1000000000000005
2015,7,27,14,30,37.230000000000004,0.2,4.4,232,618,724,1,21.8,76.55,1008,232,618,0,724,26.200000000000003,218,4.3
2015,7,27,15,30,51.06,0.2,4.4,199,543,541,0,21.6,78.35000000000001,1008,199,543,0,541,25.700000000000003,219,4.3
2015,7,27,16,30,65.14,0.2,4.4,152,406,322,0,21.6,81.52,1008,152,406,0,322,25,218,4
2015,7,27,17,30,79.26,0.2,4.4,74,161,104,0,21.700000000000003,85.62,1009,74,161,0,104,24.3,216,3.6
2015,7,27,18,30,93.46000000000001,0.2,4.4,0,0,0,7,21.8,89.21000000000001,1010,0,0,0,0,23.700000000000003,216,3.4000000000000004
2015,7,27,19,30,107.41,0.2,4.4,0,0,0,7,21.8,90.63,1010,0,0,0,0,23.400000000000002,218,3.4000000000000004
2015,7,27,20,30,121.04,0.2,4.5,0,0,0,7,21.700000000000003,92.07000000000001,1011,0,0,0,0,23.1,219,3.3000000000000003
2015,7,27,21,30,134.01,0.2,4.4,0,0,0,7,21.700000000000003,92.4,1011,0,0,0,0,23,221,3.2
2015,7,27,22,30,145.53,0.2,4.4,0,0,0,3,21.700000000000003,93.35000000000001,1011,0,0,0,0,22.8,222,3.1
2015,7,27,23,30,153.59,0.2,4.4,0,0,0,7,21.6,94.26,1010,0,0,0,0,22.6,223,3.2
2015,7,28,0,30,154.64000000000001,0.2,4.3,0,0,0,0,21.6,94.51,1009,0,0,0,0,22.5,224,3.2
2015,7,28,1,30,147.98,0.2,4.3,0,0,0,1,21.5,94.84,1009,0,0,0,0,22.400000000000002,225,3.2
2015,7,28,2,30,137.06,0.2,4.3,0,0,0,0,21.5,95,1009,0,0,0,0,22.3,225,3.2
2015,7,28,3,30,124.35000000000001,0.2,4.3,0,0,0,0,21.400000000000002,94.51,1009,0,0,0,0,22.3,224,3.2
2015,7,28,4,30,110.84,0.2,4.3,0,0,0,7,21.3,94.96000000000001,1009,0,0,0,0,22.1,223,3.2
2015,7,28,5,30,96.93,0.2,4.3,0,0,0,7,21.200000000000003,93.23,1010,0,0,0,0,22.3,222,3.3000000000000003
2015,7,28,6,30,82.72,0.2,4.3,47,154,67,3,21.3,89.71000000000001,1010,33,0,7,33,23.1,220,3.6
2015,7,28,7,30,68.62,0.2,4.3,109,475,282,0,21.400000000000002,84.94,1011,109,475,0,282,24.1,219,3.9000000000000004
2015,7,28,8,30,54.5,0.2,4.3,142,633,510,0,21.200000000000003,79.43,1011,142,633,0,510,25,218,4.1000000000000005
2015,7,28,9,30,40.550000000000004,0.2,4.3,163,719,709,2,21.200000000000003,76.03,1011,350,24,0,368,25.700000000000003,218,4.1000000000000005
2015,7,28,10,30,27.21,0.2,4.3,175,768,858,3,21.200000000000003,74.41,1011,290,1,0,290,26.1,216,4
2015,7,28,11,30,16.15,0.2,4.3,177,797,942,2,21.200000000000003,73.35000000000001,1010,484,132,0,611,26.400000000000002,214,4.1000000000000005
2015,7,28,12,30,14.42,0.2,4.3,178,799,951,0,21.3,72.76,1010,178,799,0,951,26.6,211,4.1000000000000005
2015,7,28,13,30,24.12,0.2,4.2,168,791,890,0,21.3,73.38,1009,168,791,0,890,26.400000000000002,210,4.2
2015,7,28,14,30,37.17,0.2,4.2,154,757,756,0,21.200000000000003,74.43,1009,154,757,1,756,26.1,212,4.3
2015,7,28,15,30,51.03,0.2,4.1000000000000005,172,600,550,0,21.1,76.24,1008,172,600,0,550,25.6,216,4.2
2015,7,28,16,30,65.13,0.2,4.1000000000000005,130,479,331,0,21.1,79.43,1009,130,479,0,331,24.900000000000002,217,3.8000000000000003
2015,7,28,17,30,79.27,0.2,4.1000000000000005,67,234,110,0,21.200000000000003,84.22,1009,67,234,0,110,24,219,3.1
2015,7,28,18,30,93.49,0.2,4.1000000000000005,0,0,0,0,21.3,89.2,1010,0,0,0,0,23.200000000000003,220,2.7
2015,7,28,19,30,107.47,0.2,4.1000000000000005,0,0,0,0,21.3,91.28,1010,0,0,0,0,22.8,220,2.5
2015,7,28,20,30,121.12,0.2,4.1000000000000005,0,0,0,0,21.3,92.87,1011,0,0,0,0,22.5,217,2.4000000000000004
2015,7,28,21,30,134.13,0.2,4.1000000000000005,0,0,0,0,21.3,93.89,1012,0,0,0,0,22.3,217,2.4000000000000004
2015,7,28,22,30,145.69,0.2,4.1000000000000005,0,0,0,0,21.200000000000003,94.88,1011,0,0,0,0,22.1,219,2.4000000000000004
2015,7,28,23,30,153.8,0.2,4.1000000000000005,0,0,0,0,21.200000000000003,95.51,1011,0,0,0,0,22,219,2.4000000000000004
2015,7,29,0,30,154.86,0.2,4.1000000000000005,0,0,0,0,21.3,96.71000000000001,1011,0,0,0,0,21.8,217,2.3000000000000003
2015,7,29,1,30,148.15,0.2,4.2,0,0,0,0,21.200000000000003,97.13,1010,0,0,0,0,21.700000000000003,214,2.2
2015,7,29,2,30,137.18,0.2,4.3,0,0,0,0,21.200000000000003,96.96000000000001,1010,0,0,0,0,21.700000000000003,213,2.3000000000000003
2015,7,29,3,30,124.43,0.2,4.3,0,0,0,0,21.200000000000003,96.84,1011,0,0,0,0,21.700000000000003,216,2.3000000000000003
2015,7,29,4,30,110.89,0.2,4.3,0,0,0,0,21.200000000000003,97.48,1011,0,0,0,0,21.6,221,2.3000000000000003
2015,7,29,5,30,96.96000000000001,0.2,4.3,0,0,0,0,21.200000000000003,95.18,1011,0,0,0,0,22,225,2.3000000000000003
2015,7,29,6,30,82.73,0.2,4.4,44,190,68,0,21.400000000000002,90.77,1012,44,190,0,68,23,224,2.5
2015,7,29,7,30,68.61,0.2,4.4,100,506,285,0,21.400000000000002,84.28,1013,100,506,0,285,24.200000000000003,223,2.7
2015,7,29,8,30,54.47,0.2,4.4,132,656,513,0,21.200000000000003,79.12,1013,132,656,0,513,25.1,225,2.6
2015,7,29,9,30,40.49,0.2,4.4,181,684,701,0,21.3,76.27,1012,181,684,0,701,25.8,227,2.5
2015,7,29,10,30,27.1,0.2,4.4,189,741,849,2,21.400000000000002,74.08,1012,438,63,0,494,26.400000000000002,229,2.3000000000000003
2015,7,29,11,30,15.96,0.2,4.4,189,774,934,1,21.5,72.42,1011,189,774,0,934,26.900000000000002,228,2.4000000000000004
2015,7,29,12,30,14.21,0.2,4.4,213,743,934,0,21.6,70.94,1010,213,743,0,934,27.3,226,2.4000000000000004
2015,7,29,13,30,24.01,0.2,4.5,200,732,868,0,21.6,70.56,1009,200,732,0,868,27.400000000000002,224,2.5
2015,7,29,14,30,37.11,0.2,4.5,183,696,738,0,21.5,70.82000000000001,1009,183,696,0,738,27.3,221,2.5
2015,7,29,15,30,51,0.2,4.5,158,626,552,0,21.5,72.36,1009,158,626,0,552,26.900000000000002,217,2.6
2015,7,29,16,30,65.13,0.2,4.5,121,501,332,0,21.6,76.24,1009,121,501,0,332,26.1,213,2.7
2015,7,29,17,30,79.29,0.2,4.6000000000000005,63,258,111,0,21.8,82.96000000000001,1009,63,258,0,111,24.900000000000002,207,2.8000000000000003
2015,7,29,18,30,93.52,0.2,4.6000000000000005,0,0,0,0,21.8,88.16,1010,0,0,0,0,23.900000000000002,205,2.9000000000000004
2015,7,29,19,30,107.53,0.2,4.6000000000000005,0,0,0,0,21.700000000000003,90.05,1010,0,0,0,0,23.400000000000002,208,3
2015,7,29,20,30,121.21000000000001,0.2,4.7,0,0,0,0,21.6,92.02,1011,0,0,0,0,23,212,3
2015,7,29,21,30,134.25,0.2,4.7,0,0,0,0,21.6,92.78,1011,0,0,0,0,22.8,216,2.8000000000000003
2015,7,29,22,30,145.86,0.2,4.800000000000001,0,0,0,0,21.5,93.51,1011,0,0,0,0,22.6,221,2.7
2015,7,29,23,30,154.03,0.2,4.800000000000001,0,0,0,0,21.5,94.43,1011,0,0,0,0,22.400000000000002,224,2.6
2015,7,30,0,30,155.09,0.2,4.9,0,0,0,1,21.400000000000002,94.78,1011,0,0,0,0,22.3,227,2.7
2015,7,30,1,30,148.32,0.2,4.9,0,0,0,3,21.400000000000002,94.43,1010,0,0,0,0,22.3,231,2.8000000000000003
2015,7,30,2,30,137.29,0.2,4.9,0,0,0,3,21.400000000000002,95.04,1010,0,0,0,0,22.200000000000003,235,2.8000000000000003
2015,7,30,3,30,124.5,0.2,4.9,0,0,0,3,21.400000000000002,95.2,1010,0,0,0,0,22.200000000000003,238,2.7
2015,7,30,4,30,110.94,0.2,5,0,0,0,3,21.400000000000002,95.64,1010,0,0,0,0,22.1,238,2.6
2015,7,30,5,30,96.99000000000001,0.2,5,0,0,0,2,21.3,94.25,1011,0,0,0,0,22.3,237,2.6
2015,7,30,6,30,82.74,0.2,5,44,187,67,4,21.5,90.5,1012,11,0,7,11,23.1,236,2.9000000000000004
2015,7,30,7,30,68.60000000000001,0.2,5,100,498,282,0,21.5,84.81,1012,100,498,0,282,24.200000000000003,235,3.2
2015,7,30,8,30,54.43,0.2,5,129,657,511,0,21.6,80.33,1012,129,657,0,511,25.200000000000003,235,3.2
2015,7,30,9,30,40.43,0.2,5,146,742,711,2,21.8,77.18,1012,328,9,0,335,26.1,234,3
2015,7,30,10,30,26.990000000000002,0.2,5,156,791,860,2,22,74.56,1011,413,29,0,439,26.900000000000002,231,2.9000000000000004
2015,7,30,11,30,15.76,0.2,4.9,159,817,944,0,22.1,72.92,1010,159,817,0,944,27.400000000000002,225,2.9000000000000004
2015,7,30,12,30,13.99,0.2,4.9,208,748,935,1,22.200000000000003,71.87,1009,208,748,0,935,27.700000000000003,219,3
2015,7,30,13,30,23.900000000000002,0.2,5,197,738,872,3,22.200000000000003,71.86,1009,414,15,0,428,27.700000000000003,213,3.1
2015,7,30,14,30,37.050000000000004,0.2,5,180,704,741,0,22.1,73.22,1008,180,704,0,741,27.3,210,3.3000000000000003
2015,7,30,15,30,50.980000000000004,0.2,5.1000000000000005,189,558,540,0,22,75.96000000000001,1008,189,558,0,540,26.6,210,3.5
2015,7,30,16,30,65.13,0.2,5.1000000000000005,139,442,325,0,22,80.01,1008,139,442,0,325,25.700000000000003,211,3.6
2015,7,30,17,30,79.31,0.2,5.1000000000000005,70,210,109,0,22.1,85.33,1009,70,210,0,109,24.700000000000003,213,3.5
2015,7,30,18,30,93.56,0.2,5.1000000000000005,0,0,0,0,22.1,89.89,1010,0,0,0,0,23.900000000000002,215,3.4000000000000004
2015,7,30,19,30,107.59,0.2,5,0,0,0,0,22.1,91.96000000000001,1010,0,0,0,0,23.5,218,3.4000000000000004
2015,7,30,20,30,121.3,0.2,5,0,0,0,0,22.1,94.24,1011,0,0,0,0,23.1,221,3.2
2015,7,30,21,30,134.37,0.2,4.9,0,0,0,0,22.1,95.45,1011,0,0,0,0,22.900000000000002,224,3.1
2015,7,30,22,30,146.03,0.2,4.9,0,0,0,0,22.1,96.55,1011,0,0,0,0,22.700000000000003,226,3
2015,7,30,23,30,154.26,0.2,4.800000000000001,0,0,0,0,22.1,96.86,1010,0,0,0,0,22.6,228,3
2015,7,31,0,30,155.32,0.2,4.7,0,0,0,0,22,97.15,1010,0,0,0,0,22.5,230,3
2015,7,31,1,30,148.49,0.2,4.7,0,0,0,0,21.900000000000002,97.18,1009,0,0,0,0,22.400000000000002,231,3
2015,7,31,2,30,137.41,0.2,4.6000000000000005,0,0,0,0,21.900000000000002,97.35000000000001,1009,0,0,0,0,22.3,233,3
2015,7,31,3,30,124.58,0.2,4.6000000000000005,0,0,0,0,21.8,97.60000000000001,1009,0,0,0,0,22.200000000000003,234,2.9000000000000004
2015,7,31,4,30,110.98,0.2,4.6000000000000005,0,0,0,0,21.8,97.96000000000001,1010,0,0,0,0,22.1,235,2.9000000000000004
2015,7,31,5,30,97.01,0.2,4.6000000000000005,0,0,0,1,21.700000000000003,96.47,1010,0,0,0,0,22.3,236,2.9000000000000004
2015,7,31,6,30,82.74,0.2,4.6000000000000005,43,215,70,0,21.8,91.9,1010,43,215,0,70,23.200000000000003,235,3.2
2015,7,31,7,30,68.58,0.2,4.6000000000000005,92,536,288,0,21.8,85.7,1011,92,536,0,288,24.400000000000002,234,3.3000000000000003
2015,7,31,8,30,54.39,0.2,4.6000000000000005,121,684,519,3,21.900000000000002,80.78,1011,207,1,0,208,25.400000000000002,231,3.1
2015,7,31,9,30,40.36,0.2,4.6000000000000005,139,761,719,3,22,77.38,1011,236,0,0,236,26.3,228,2.9000000000000004
2015,7,31,10,30,26.88,0.2,4.6000000000000005,149,805,868,3,22.200000000000003,75.56,1011,389,9,0,397,26.900000000000002,224,2.9000000000000004
2015,7,31,11,30,15.56,0.2,4.6000000000000005,154,827,950,3,22.3,73.82000000000001,1010,373,1,0,373,27.400000000000002,220,3
2015,7,31,12,30,13.77,0.2,4.6000000000000005,171,805,953,2,22.400000000000002,73.21000000000001,1009,491,140,0,627,27.6,216,3.1
2015,7,31,13,30,23.79,0.2,4.6000000000000005,165,791,889,3,22.400000000000002,73.16,1008,482,139,0,608,27.6,213,3.3000000000000003
2015,7,31,14,30,37,0.2,4.7,153,754,755,3,22.3,74.36,1008,376,40,0,407,27.3,213,3.3000000000000003
2015,7,31,15,30,50.95,0.2,4.7,134,687,567,3,22.3,76.95,1008,314,51,0,346,26.700000000000003,214,3.3000000000000003
2015,7,31,16,30,65.13,0.2,4.7,105,563,342,3,22.400000000000002,80.38,1008,96,0,0,96,26,216,3.1
2015,7,31,17,30,79.33,0.2,4.7,59,309,116,0,22.5,85.96000000000001,1008,59,309,0,116,25,218,2.8000000000000003
2015,7,31,18,30,93.61,0.2,4.7,0,0,0,3,22.6,90.97,1009,0,0,0,0,24.200000000000003,220,2.6
2015,7,31,19,30,107.65,0.2,4.7,0,0,0,3,22.6,93.64,1009,0,0,0,0,23.700000000000003,223,2.5
2015,7,31,20,30,121.39,0.2,4.7,0,0,0,0,22.6,95.39,1010,0,0,0,0,23.400000000000002,228,2.5
2015,7,31,21,30,134.49,0.2,4.7,0,0,0,0,22.6,96.92,1010,0,0,0,0,23.1,232,2.5
2015,7,31,22,30,146.20000000000002,0.2,4.6000000000000005,0,0,0,0,22.5,97.81,1010,0,0,0,0,22.900000000000002,235,2.5
2015,7,31,23,30,154.49,0.2,4.6000000000000005,0,0,0,0,22.5,97.95,1009,0,0,0,0,22.8,238,2.5
2015,8,1,0,30,155.56,0.2,4.6000000000000005,0,0,0,0,22.400000000000002,98.03,1009,0,0,0,0,22.700000000000003,241,2.5
2015,8,1,1,30,148.66,0.2,4.5,0,0,0,0,22.200000000000003,97.19,1008,0,0,0,0,22.700000000000003,244,2.7
2015,8,1,2,30,137.53,0.2,4.5,0,0,0,0,22.1,97.23,1008,0,0,0,0,22.6,246,2.8000000000000003
2015,8,1,3,30,124.66,0.2,4.5,0,0,0,0,22.1,97.38,1008,0,0,0,0,22.5,245,2.9000000000000004
2015,8,1,4,30,111.03,0.2,4.4,0,0,0,0,22,98.2,1009,0,0,0,0,22.3,243,2.8000000000000003
2015,8,1,5,30,97.04,0.2,4.5,0,0,0,1,21.900000000000002,96.64,1009,0,0,0,0,22.5,241,2.7
2015,8,1,6,30,82.74,0.2,4.5,42,220,70,3,22,92.64,1010,29,0,7,29,23.3,239,2.7
2015,8,1,7,30,68.57000000000001,0.2,4.5,92,542,290,3,22.200000000000003,86.82000000000001,1011,64,0,0,64,24.5,237,2.5
2015,8,1,8,30,54.35,0.2,4.6000000000000005,118,691,521,0,22.200000000000003,82.12,1011,118,691,0,521,25.5,234,2.3000000000000003
2015,8,1,9,30,40.29,0.2,4.6000000000000005,140,759,719,3,22.400000000000002,78.52,1011,384,82,0,446,26.400000000000002,229,2.4000000000000004
2015,8,1,10,30,26.76,0.2,4.6000000000000005,149,807,869,3,22.5,75.56,1010,465,132,0,583,27.200000000000003,224,2.5
2015,8,1,11,30,15.35,0.2,4.7,152,829,952,0,22.6,73.78,1009,152,829,0,952,27.700000000000003,220,2.7
2015,8,1,12,30,13.55,0.2,4.7,212,747,937,2,22.6,72.97,1008,490,88,0,576,27.900000000000002,216,2.9000000000000004
2015,8,1,13,30,23.68,0.2,4.7,197,741,876,2,22.6,73.33,1007,510,180,0,675,27.8,214,3.1
2015,8,1,14,30,36.95,0.2,4.800000000000001,178,709,745,0,22.6,75.06,1007,178,709,0,745,27.400000000000002,213,3.3000000000000003
2015,8,1,15,30,50.93,0.2,4.800000000000001,152,645,559,1,22.6,77.92,1007,152,645,0,559,26.8,213,3.3000000000000003
2015,8,1,16,30,65.14,0.2,4.9,117,521,336,2,22.700000000000003,82.59,1007,226,34,0,240,25.900000000000002,212,3.2
2015,8,1,17,30,79.35000000000001,0.2,4.9,63,269,113,1,22.8,88.24,1007,63,269,0,113,24.900000000000002,211,3
2015,8,1,18,30,93.65,0.2,5,0,0,0,0,22.900000000000002,93.22,1008,0,0,0,0,24.1,210,2.8000000000000003
2015,8,1,19,30,107.72,0.2,5.1000000000000005,0,0,0,0,23,95.61,1009,0,0,0,0,23.700000000000003,210,2.8000000000000003
2015,8,1,20,30,121.48,0.2,5.1000000000000005,0,0,0,0,22.900000000000002,97,1009,0,0,0,0,23.400000000000002,212,2.7
2015,8,1,21,30,134.62,0.2,5.1000000000000005,0,0,0,0,22.8,97.28,1010,0,0,0,0,23.3,215,2.6
2015,8,1,22,30,146.38,0.2,5.1000000000000005,0,0,0,0,22.8,97.38,1010,0,0,0,0,23.200000000000003,218,2.6
2015,8,1,23,30,154.73,0.2,5.1000000000000005,0,0,0,3,22.700000000000003,97.46000000000001,1009,0,0,0,0,23.1,220,2.6
2015,8,2,0,30,155.8,0.2,5.1000000000000005,0,0,0,3,22.6,97.60000000000001,1008,0,0,0,0,23,221,2.5
2015,8,2,1,30,148.84,0.2,5.1000000000000005,0,0,0,0,22.6,97.93,1008,0,0,0,0,22.900000000000002,221,2.5
2015,8,2,2,30,137.64000000000001,0.2,5.1000000000000005,0,0,0,1,22.5,97.62,1008,0,0,0,0,22.900000000000002,221,2.4000000000000004
2015,8,2,3,30,124.73,0.2,5.1000000000000005,0,0,0,8,22.5,98.05,1008,0,0,0,0,22.8,219,2.3000000000000003
2015,8,2,4,30,111.08,0.2,5.1000000000000005,0,0,0,0,22.5,97.95,1008,0,0,0,0,22.8,216,2.2
2015,8,2,5,30,97.06,0.2,5.1000000000000005,0,0,0,7,22.5,97.33,1009,0,0,0,0,22.900000000000002,215,2.3000000000000003
2015,8,2,6,30,82.74,0.2,5,41,243,71,3,22.5,94.21000000000001,1009,41,0,7,41,23.5,215,2.4000000000000004
2015,8,2,7,30,68.55,0.2,5,86,561,292,7,22.5,89.12,1010,131,20,7,138,24.400000000000002,213,2.4000000000000004
2015,8,2,8,30,54.31,0.2,5,113,701,522,8,22.400000000000002,84.25,1010,250,88,7,301,25.200000000000003,208,2.2
2015,8,2,9,30,40.22,0.2,5,133,771,721,7,22.3,80.65,1010,342,218,0,508,25.900000000000002,198,2.1
2015,8,2,10,30,26.64,0.2,5,145,810,869,7,22.400000000000002,78.95,1010,361,357,0,681,26.3,190,2.3000000000000003
2015,8,2,11,30,15.14,0.2,5,151,828,951,7,22.400000000000002,77.7,1009,405,314,0,709,26.6,189,2.6
2015,8,2,12,30,13.33,0.2,4.9,152,831,961,7,22.400000000000002,76.79,1008,139,798,0,916,26.8,192,2.8000000000000003
2015,8,2,13,30,23.57,0.2,4.800000000000001,148,816,896,7,22.400000000000002,77.59,1008,199,723,0,862,26.6,195,2.9000000000000004
2015,8,2,14,30,36.9,0.2,4.7,139,780,763,7,22.3,78.7,1007,344,275,7,563,26.3,199,2.9000000000000004
2015,8,2,15,30,50.92,0.2,4.7,124,711,573,7,22.3,80.97,1007,288,191,0,408,25.8,202,2.8000000000000003
2015,8,2,16,30,65.14,0.2,4.7,101,583,346,7,22.3,84.06,1008,198,112,0,245,25.200000000000003,206,2.6
2015,8,2,17,30,79.38,0.2,4.7,57,322,116,7,22.400000000000002,88.54,1008,69,7,7,70,24.400000000000002,208,2.2
2015,8,2,18,30,93.7,0.2,4.6000000000000005,0,0,0,7,22.6,93.36,1009,0,0,0,0,23.700000000000003,209,1.8
2015,8,2,19,30,107.79,0.2,4.6000000000000005,0,0,0,7,22.6,96.11,1010,0,0,0,0,23.3,209,1.6
2015,8,2,20,30,121.58,0.2,4.6000000000000005,0,0,0,7,22.6,97.29,1010,0,0,0,0,23.1,211,1.6
2015,8,2,21,30,134.76,0.2,4.6000000000000005,0,0,0,6,22.6,98.3,1011,0,0,0,0,22.900000000000002,214,1.6
2015,8,2,22,30,146.57,0.2,4.6000000000000005,0,0,0,7,22.6,99.16,1011,0,0,0,0,22.700000000000003,217,1.6
2015,8,2,23,30,154.97,0.2,4.6000000000000005,0,0,0,7,22.5,99.41,1010,0,0,0,0,22.6,218,1.8
2015,8,3,0,30,156.04,0.2,4.5,0,0,0,7,22.400000000000002,99.07000000000001,1009,0,0,0,0,22.6,217,1.9000000000000001
2015,8,3,1,30,149.02,0.2,4.5,0,0,0,7,22.400000000000002,99.5,1009,0,0,0,0,22.5,217,2
2015,8,3,2,30,137.76,0.2,4.5,0,0,0,7,22.400000000000002,99.84,1008,0,0,0,0,22.400000000000002,214,2
2015,8,3,3,30,124.8,0.2,4.4,0,0,0,7,22.3,100,1008,0,0,0,0,22.3,209,2
2015,8,3,4,30,111.12,0.2,4.4,0,0,0,8,22.200000000000003,100,1009,0,0,0,0,22.200000000000003,205,2
2015,8,3,5,30,97.08,0.2,4.4,0,0,0,7,22.400000000000002,98.55,1009,0,0,0,0,22.6,203,2
2015,8,3,6,30,82.74,0.2,4.4,42,211,69,3,22.6,94.46000000000001,1010,34,0,7,34,23.5,204,2.2
2015,8,3,7,30,68.53,0.2,4.3,97,521,288,8,22.6,89.2,1010,139,15,7,145,24.5,205,2.5
2015,8,3,8,30,54.27,0.2,4.3,128,667,518,8,22.5,83.4,1011,262,111,7,327,25.5,205,2.6
2015,8,3,9,30,40.15,0.2,4.3,199,651,697,3,22.400000000000002,79.37,1011,316,4,0,319,26.3,205,2.7
2015,8,3,10,30,26.52,0.2,4.4,225,692,844,3,22.5,76.28,1010,357,2,0,359,27,204,2.8000000000000003
2015,8,3,11,30,14.93,0.2,4.4,236,714,925,3,22.5,74.71000000000001,1010,484,67,0,548,27.400000000000002,204,2.9000000000000004
2015,8,3,12,30,13.11,0.2,4.4,254,691,928,3,22.5,74.33,1009,447,13,0,459,27.5,203,3
2015,8,3,13,30,23.46,0.2,4.5,244,675,863,8,22.6,74.45,1009,417,49,0,462,27.5,202,3.2
2015,8,3,14,30,36.85,0.2,4.5,226,630,730,8,22.5,76.21000000000001,1008,361,51,0,402,27.1,202,3.4000000000000004
2015,8,3,15,30,50.9,0.2,4.5,193,552,541,7,22.5,78.89,1008,315,125,0,394,26.5,202,3.5
2015,8,3,16,30,65.15,0.2,4.5,143,425,322,7,22.6,83.31,1009,213,73,7,243,25.6,203,3.3000000000000003
2015,8,3,17,30,79.41,0.2,4.4,67,200,104,7,22.6,88.89,1009,76,8,7,78,24.6,204,3.1
2015,8,3,18,30,93.75,0.2,4.4,0,0,0,7,22.8,94.2,1010,0,0,0,0,23.8,206,2.8000000000000003
2015,8,3,19,30,107.86,0.2,4.3,0,0,0,7,22.900000000000002,96.88,1010,0,0,0,0,23.400000000000002,210,2.5
2015,8,3,20,30,121.68,0.2,4.3,0,0,0,7,22.900000000000002,97.98,1011,0,0,0,0,23.200000000000003,216,2.3000000000000003
2015,8,3,21,30,134.89000000000001,0.2,4.2,0,0,0,7,22.8,98.81,1011,0,0,0,0,23,221,2.1
2015,8,3,22,30,146.76,0.2,4.2,0,0,0,7,22.700000000000003,99.65,1011,0,0,0,0,22.8,225,1.9000000000000001
2015,8,3,23,30,155.22,0.2,4.2,0,0,0,7,22.6,100,1011,0,0,0,0,22.6,226,1.9000000000000001
2015,8,4,0,30,156.29,0.2,4.2,0,0,0,7,22.5,100,1010,0,0,0,0,22.5,224,1.8
2015,8,4,1,30,149.19,0.2,4.2,0,0,0,7,22.400000000000002,100,1010,0,0,0,0,22.400000000000002,220,1.8
2015,8,4,2,30,137.87,0.2,4.2,0,0,0,7,22.3,100,1009,0,0,0,0,22.3,216,1.8
2015,8,4,3,30,124.88000000000001,0.2,4.2,0,0,0,7,22.3,100,1009,0,0,0,0,22.3,213,1.9000000000000001
2015,8,4,4,30,111.16,0.2,4.3,0,0,0,7,22.3,100,1009,0,0,0,0,22.3,211,2
2015,8,4,5,30,97.10000000000001,0.2,4.3,0,0,0,7,22.400000000000002,98.64,1009,0,0,0,0,22.6,209,2.1
2015,8,4,6,30,82.74,0.2,4.3,43,182,66,7,22.6,93.87,1010,19,0,7,19,23.6,209,2.4000000000000004
2015,8,4,7,30,68.5,0.2,4.4,109,474,283,7,22.6,88.48,1010,96,3,7,97,24.6,210,2.7
2015,8,4,8,30,54.22,0.2,4.4,149,618,511,8,22.5,82.8,1011,182,9,7,187,25.6,210,2.6
2015,8,4,9,30,40.07,0.2,4.6000000000000005,184,684,707,7,22.5,78.63,1011,241,7,0,246,26.5,209,2.6
2015,8,4,10,30,26.400000000000002,0.2,4.7,204,725,853,8,22.5,75.68,1011,241,3,0,243,27.200000000000003,208,2.7
2015,8,4,11,30,14.71,0.2,4.7,206,756,937,8,22.5,73.99,1010,425,42,0,466,27.6,207,3
2015,8,4,12,30,12.88,0.2,4.800000000000001,199,768,948,7,22.5,73.51,1009,393,19,0,412,27.700000000000003,207,3.2
2015,8,4,13,30,23.36,0.2,4.9,187,760,884,3,22.5,73.72,1008,285,1,0,285,27.6,207,3.4000000000000004
2015,8,4,14,30,36.81,0.2,4.9,169,728,752,3,22.5,75.33,1008,273,1,0,274,27.200000000000003,208,3.6
2015,8,4,15,30,50.89,0.2,4.9,146,661,563,8,22.400000000000002,77.79,1007,254,37,7,278,26.6,210,3.6
2015,8,4,16,30,65.17,0.2,4.9,113,538,338,7,22.400000000000002,81.67,1008,164,24,0,174,25.8,212,3.5
2015,8,4,17,30,79.45,0.2,4.9,61,285,113,1,22.5,86.88,1008,61,285,0,113,24.8,213,3.3000000000000003
2015,8,4,18,30,93.8,0.2,4.9,0,0,0,1,22.6,91.09,1009,0,0,0,0,24.1,214,3
2015,8,4,19,30,107.94,0.2,4.9,0,0,0,0,22.6,94.17,1009,0,0,0,0,23.6,217,2.9000000000000004
2015,8,4,20,30,121.78,0.2,4.9,0,0,0,0,22.6,95.5,1010,0,0,0,0,23.400000000000002,221,2.7
2015,8,4,21,30,135.03,0.2,4.9,0,0,0,0,22.6,96.7,1011,0,0,0,0,23.200000000000003,226,2.6
2015,8,4,22,30,146.95000000000002,0.2,4.9,0,0,0,0,22.6,97.04,1010,0,0,0,0,23.1,231,2.5
2015,8,4,23,30,155.47,0.2,4.9,0,0,0,0,22.6,97.4,1010,0,0,0,0,23,235,2.5
2015,8,5,0,30,156.54,0.2,4.800000000000001,0,0,0,3,22.5,97.66,1009,0,0,0,0,22.900000000000002,239,2.5
2015,8,5,1,30,149.37,0.2,4.800000000000001,0,0,0,3,22.5,97.98,1009,0,0,0,0,22.8,242,2.4000000000000004
2015,8,5,2,30,137.98,0.2,4.800000000000001,0,0,0,3,22.400000000000002,98.26,1008,0,0,0,0,22.700000000000003,243,2.4000000000000004
2015,8,5,3,30,124.95,0.2,4.800000000000001,0,0,0,3,22.400000000000002,98.7,1009,0,0,0,0,22.6,242,2.4000000000000004
2015,8,5,4,30,111.2,0.2,4.800000000000001,0,0,0,3,22.3,99.04,1009,0,0,0,0,22.5,242,2.3000000000000003
2015,8,5,5,30,97.11,0.2,4.800000000000001,0,0,0,3,22.3,97.67,1010,0,0,0,0,22.700000000000003,243,2.3000000000000003
2015,8,5,6,30,82.74,0.2,4.800000000000001,43,186,67,0,22.400000000000002,93.25,1010,43,186,0,67,23.6,244,2.7
2015,8,5,7,30,68.48,0.2,4.800000000000001,107,475,281,3,22.5,86.64,1011,117,0,0,117,24.900000000000002,243,3
2015,8,5,8,30,54.17,0.2,4.800000000000001,147,618,508,1,22.5,80.43,1011,147,618,0,508,26.1,241,3
2015,8,5,9,30,40,0.2,4.800000000000001,173,697,707,0,22.5,76.14,1011,173,697,0,707,27.1,239,2.8000000000000003
2015,8,5,10,30,26.27,0.2,4.800000000000001,191,738,854,1,22.6,73,1010,191,738,0,854,27.900000000000002,236,2.8000000000000003
2015,8,5,11,30,14.49,0.2,4.800000000000001,202,756,934,3,22.6,71.42,1009,486,121,0,603,28.3,231,2.9000000000000004
2015,8,5,12,30,12.65,0.2,4.800000000000001,240,709,932,2,22.6,70.17,1008,554,179,0,728,28.6,226,3.1
2015,8,5,13,30,23.26,0.2,4.800000000000001,233,689,866,8,22.6,70.59,1007,353,473,0,787,28.5,223,3.3000000000000003
2015,8,5,14,30,36.77,0.2,4.9,217,643,732,8,22.700000000000003,71.63,1007,256,5,7,260,28.3,222,3.5
2015,8,5,15,30,50.89,0.2,4.9,188,565,544,7,22.700000000000003,74.39,1006,313,141,0,402,27.700000000000003,221,3.6
2015,8,5,16,30,65.18,0.2,5,141,433,323,8,22.900000000000002,79.15,1007,211,87,0,248,26.8,220,3.5
2015,8,5,17,30,79.48,0.2,5,68,199,104,7,23.1,85.82000000000001,1007,85,16,7,88,25.700000000000003,219,3.3000000000000003
2015,8,5,18,30,93.86,0.2,5.1000000000000005,0,0,0,1,23.3,91.66,1008,0,0,0,0,24.8,218,3.2
2015,8,5,19,30,108.02,0.2,5.1000000000000005,0,0,0,0,23.400000000000002,94.84,1008,0,0,0,0,24.3,219,3.2
2015,8,5,20,30,121.89,0.2,5.1000000000000005,0,0,0,0,23.400000000000002,96.64,1009,0,0,0,0,24,221,3.1
2015,8,5,21,30,135.18,0.2,5.1000000000000005,0,0,0,0,23.400000000000002,96.93,1009,0,0,0,0,23.900000000000002,224,2.9000000000000004
2015,8,5,22,30,147.15,0.2,5.1000000000000005,0,0,0,0,23.3,97.68,1009,0,0,0,0,23.700000000000003,227,2.8000000000000003
2015,8,5,23,30,155.73,0.2,5,0,0,0,0,23.200000000000003,97.67,1009,0,0,0,0,23.6,231,2.8000000000000003
2015,8,6,0,30,156.8,0.2,5,0,0,0,0,23.1,98.07000000000001,1008,0,0,0,0,23.400000000000002,234,2.7
2015,8,6,1,30,149.55,0.2,5,0,0,0,0,23,98.58,1008,0,0,0,0,23.200000000000003,238,2.7
2015,8,6,2,30,138.1,0.2,5,0,0,0,0,22.8,98.44,1008,0,0,0,0,23.1,241,2.6
2015,8,6,3,30,125.01,0.2,5,0,0,0,0,22.700000000000003,98.22,1008,0,0,0,0,23,241,2.6
2015,8,6,4,30,111.24000000000001,0.2,5,0,0,0,0,22.5,98.46000000000001,1008,0,0,0,0,22.8,240,2.6
2015,8,6,5,30,97.13,0.2,5,0,0,0,0,22.5,96.78,1009,0,0,0,0,23,238,2.6
2015,8,6,6,30,82.73,0.2,5,42,203,68,0,22.6,93.85000000000001,1009,42,203,0,68,23.700000000000003,236,2.8000000000000003
2015,8,6,7,30,68.45,0.2,5,98,511,286,3,22.8,88.53,1010,118,1,0,119,24.8,236,3
2015,8,6,8,30,54.120000000000005,0.2,5,129,661,517,3,22.700000000000003,81.5,1010,263,31,0,281,26.1,234,3
2015,8,6,9,30,39.92,0.2,5,149,741,717,0,22.700000000000003,77.12,1010,149,741,0,717,27.1,231,2.9000000000000004
2015,8,6,10,30,26.14,0.2,5,161,785,866,0,22.8,74.43,1009,161,785,0,866,27.8,228,2.9000000000000004
2015,8,6,11,30,14.26,0.2,5,169,806,950,0,22.900000000000002,73.25,1008,169,806,0,950,28.1,225,2.9000000000000004
2015,8,6,12,30,12.42,0.2,5,203,760,945,0,22.8,73.16,1007,203,760,0,945,28.1,222,2.9000000000000004
2015,8,6,13,30,23.16,0.2,5,196,744,880,2,22.8,73.85000000000001,1006,511,165,0,662,27.900000000000002,220,3
2015,8,6,14,30,36.730000000000004,0.2,5,183,702,746,0,22.8,75.23,1006,183,702,0,746,27.6,218,3.1
2015,8,6,15,30,50.88,0.2,5,175,594,550,0,22.900000000000002,78.37,1006,175,594,0,550,27,217,3.2
2015,8,6,16,30,65.2,0.2,5,134,460,327,1,23,82.28,1006,134,460,0,327,26.3,216,3.2
2015,8,6,17,30,79.52,0.2,5,66,214,105,0,23.200000000000003,87.32000000000001,1007,66,214,0,105,25.5,215,3.1
2015,8,6,18,30,93.92,0.2,5,0,0,0,0,23.400000000000002,92.28,1008,0,0,0,0,24.700000000000003,215,3.1
2015,8,6,19,30,108.10000000000001,0.2,5,0,0,0,7,23.400000000000002,94.48,1008,0,0,0,0,24.3,216,3.1
2015,8,6,20,30,122,0.2,5,0,0,0,7,23.400000000000002,96.34,1009,0,0,0,0,24,218,3.1
2015,8,6,21,30,135.32,0.2,5,0,0,0,1,23.3,96.63,1009,0,0,0,0,23.900000000000002,221,3.1
2015,8,6,22,30,147.35,0.2,5,0,0,0,0,23.3,97.42,1009,0,0,0,0,23.700000000000003,224,3.2
2015,8,6,23,30,155.99,0.2,5,0,0,0,0,23.200000000000003,97.53,1009,0,0,0,0,23.6,226,3.2
2015,8,7,0,30,157.06,0.2,5,0,0,0,3,23.1,97.65,1008,0,0,0,0,23.5,228,3.1
2015,8,7,1,30,149.73,0.2,5,0,0,0,1,23,97.79,1007,0,0,0,0,23.400000000000002,230,3
2015,8,7,2,30,138.21,0.2,4.9,0,0,0,3,23,98,1007,0,0,0,0,23.3,231,2.9000000000000004
2015,8,7,3,30,125.08,0.2,4.9,0,0,0,0,22.900000000000002,98.39,1007,0,0,0,0,23.200000000000003,230,2.6
2015,8,7,4,30,111.27,0.2,4.9,0,0,0,0,22.900000000000002,98.87,1007,0,0,0,0,23.1,226,2.4000000000000004
2015,8,7,5,30,97.14,0.2,4.9,0,0,0,0,22.900000000000002,97.66,1008,0,0,0,0,23.3,221,2.5
2015,8,7,6,30,82.72,0.2,4.9,44,191,69,0,23,95.48,1008,44,191,0,69,23.8,217,2.9000000000000004
2015,8,7,7,30,68.42,0.2,4.9,105,493,286,0,23.200000000000003,92.33,1009,105,493,0,286,24.5,214,3.4000000000000004
2015,8,7,8,30,54.07,0.2,4.9,142,637,516,1,23,87.21000000000001,1009,142,637,0,516,25.3,212,3.7
2015,8,7,9,30,39.83,0.2,4.9,168,715,717,3,22.900000000000002,83.54,1009,308,3,0,311,25.900000000000002,210,3.8000000000000003
2015,8,7,10,30,26.02,0.2,4.9,182,761,866,0,22.900000000000002,81.49,1009,182,761,0,866,26.3,209,4
2015,8,7,11,30,14.030000000000001,0.2,5,189,782,947,2,22.900000000000002,79.94,1008,486,96,0,579,26.6,209,4.1000000000000005
2015,8,7,12,30,12.19,0.2,5,193,779,955,8,22.8,79.26,1007,395,352,7,739,26.700000000000003,210,4.1000000000000005
2015,8,7,13,30,23.07,0.2,5,188,761,888,0,22.8,79.17,1007,188,761,0,888,26.700000000000003,212,3.9000000000000004
2015,8,7,14,30,36.69,0.2,5,175,719,751,0,22.8,80.18,1007,175,719,0,751,26.5,213,3.7
2015,8,7,15,30,50.88,0.2,4.9,153,648,562,0,22.8,82.17,1007,153,648,0,562,26.1,213,3.4000000000000004
2015,8,7,16,30,65.22,0.2,4.9,119,518,336,0,22.8,85.21000000000001,1007,119,518,0,336,25.5,211,3.1
2015,8,7,17,30,79.56,0.2,4.800000000000001,62,265,110,0,22.900000000000002,89.82000000000001,1007,62,265,0,110,24.700000000000003,208,2.7
2015,8,7,18,30,93.98,0.2,4.7,0,0,0,0,23.1,93.92,1007,0,0,0,0,24.1,205,2.4000000000000004
2015,8,7,19,30,108.18,0.2,4.7,0,0,0,0,23.1,96.68,1008,0,0,0,0,23.700000000000003,201,2.4000000000000004
2015,8,7,20,30,122.11,0.2,4.7,0,0,0,0,23.200000000000003,97.97,1009,0,0,0,0,23.5,199,2.3000000000000003
2015,8,7,21,30,135.47,0.2,4.6000000000000005,0,0,0,0,23.1,98.35000000000001,1009,0,0,0,0,23.400000000000002,198,2.2
2015,8,7,22,30,147.55,0.2,4.6000000000000005,0,0,0,0,23.1,98.7,1009,0,0,0,0,23.3,199,2.1
2015,8,7,23,30,156.26,0.2,4.6000000000000005,0,0,0,0,23,99.01,1009,0,0,0,0,23.200000000000003,200,2.1
2015,8,8,0,30,157.32,0.2,4.6000000000000005,0,0,0,0,23,99.11,1008,0,0,0,0,23.1,202,2.2
2015,8,8,1,30,149.9,0.2,4.6000000000000005,0,0,0,0,22.900000000000002,99.88,1008,0,0,0,0,22.900000000000002,204,2.1
2015,8,8,2,30,138.32,0.2,4.6000000000000005,0,0,0,1,22.8,99.52,1008,0,0,0,0,22.900000000000002,204,2.1
2015,8,8,3,30,125.15,0.2,4.7,0,0,0,1,22.8,99.78,1008,0,0,0,0,22.8,204,2.2
2015,8,8,4,30,111.31,0.2,4.7,0,0,0,1,22.700000000000003,99.47,1008,0,0,0,0,22.8,203,2.2
2015,8,8,5,30,97.15,0.2,4.800000000000001,0,0,0,0,22.700000000000003,97.47,1009,0,0,0,0,23.1,201,2.3000000000000003
2015,8,8,6,30,82.71000000000001,0.2,4.800000000000001,44,190,68,0,22.900000000000002,94.06,1009,44,190,0,68,23.900000000000002,199,2.6
2015,8,8,7,30,68.39,0.2,4.9,103,499,287,0,23,89.13,1010,103,499,0,287,24.900000000000002,196,3
2015,8,8,8,30,54.02,0.2,4.800000000000001,135,653,519,0,22.8,82.60000000000001,1011,135,653,0,519,26,194,3.2
2015,8,8,9,30,39.75,0.2,4.800000000000001,153,739,721,1,22.700000000000003,78.4,1010,153,739,0,721,26.8,192,3.2
2015,8,8,10,30,25.88,0.2,4.7,167,782,871,1,22.700000000000003,75.62,1010,167,782,0,871,27.400000000000002,191,3.3000000000000003
2015,8,8,11,30,13.8,0.2,4.6000000000000005,175,801,954,2,22.700000000000003,73.82000000000001,1009,474,67,0,538,27.8,190,3.3000000000000003
2015,8,8,12,30,11.96,0.2,4.6000000000000005,195,776,954,2,22.700000000000003,72.82000000000001,1008,481,68,0,548,28,190,3.3000000000000003
2015,8,8,13,30,22.97,0.2,4.5,192,756,888,0,22.6,73.03,1007,192,756,0,888,27.900000000000002,191,3.3000000000000003
2015,8,8,14,30,36.660000000000004,0.2,4.4,181,712,752,0,22.6,74.57000000000001,1007,181,712,0,752,27.5,191,3.1
2015,8,8,15,30,50.88,0.2,4.4,160,635,560,0,22.5,76.48,1007,160,635,0,560,27,192,2.9000000000000004
2015,8,8,16,30,65.25,0.2,4.4,127,492,333,0,22.5,80.05,1007,127,492,0,333,26.200000000000003,194,2.6
2015,8,8,17,30,79.61,0.2,4.4,65,231,107,0,22.6,85.99,1008,65,231,0,107,25.1,196,2.2
2015,8,8,18,30,94.05,0.2,4.4,0,0,0,0,22.8,91.43,1009,0,0,0,0,24.3,199,1.9000000000000001
2015,8,8,19,30,108.27,0.2,4.4,0,0,0,0,22.900000000000002,94.73,1009,0,0,0,0,23.8,203,1.8
2015,8,8,20,30,122.23,0.2,4.4,0,0,0,0,22.900000000000002,97.3,1010,0,0,0,0,23.400000000000002,208,1.8
2015,8,8,21,30,135.63,0.2,4.4,0,0,0,0,22.900000000000002,98.34,1010,0,0,0,0,23.200000000000003,215,1.7000000000000002
2015,8,8,22,30,147.76,0.2,4.4,0,0,0,0,22.900000000000002,99.26,1010,0,0,0,0,23,219,1.7000000000000002
2015,8,8,23,30,156.54,0.2,4.4,0,0,0,0,22.8,99.5,1010,0,0,0,0,22.900000000000002,222,1.8
2015,8,9,0,30,157.59,0.2,4.3,0,0,0,0,22.700000000000003,100,1009,0,0,0,0,22.700000000000003,224,1.8
2015,8,9,1,30,150.08,0.2,4.3,0,0,0,3,22.6,100,1009,0,0,0,0,22.6,224,1.8
2015,8,9,2,30,138.43,0.2,4.3,0,0,0,0,22.5,100,1008,0,0,0,0,22.5,223,1.9000000000000001
2015,8,9,3,30,125.21000000000001,0.2,4.3,0,0,0,3,22.400000000000002,100,1008,0,0,0,0,22.400000000000002,222,1.9000000000000001
2015,8,9,4,30,111.34,0.2,4.3,0,0,0,0,22.3,100,1009,0,0,0,0,22.3,221,1.9000000000000001
2015,8,9,5,30,97.16,0.2,4.3,0,0,0,0,22.5,98.79,1010,0,0,0,0,22.700000000000003,222,1.9000000000000001
2015,8,9,6,30,82.7,0.2,4.3,43,193,68,0,22.700000000000003,94.18,1010,43,193,0,68,23.700000000000003,223,2.2
2015,8,9,7,30,68.36,0.2,4.3,106,493,288,0,22.8,87.85000000000001,1011,106,493,0,288,25,222,2.4000000000000004
2015,8,9,8,30,53.96,0.2,4.3,142,642,520,1,22.700000000000003,80.91,1011,142,642,0,520,26.200000000000003,221,2.3000000000000003
2015,8,9,9,30,39.67,0.2,4.3,163,728,723,1,22.6,76.09,1011,163,728,0,723,27.200000000000003,219,2.1
2015,8,9,10,30,25.75,0.2,4.3,173,778,874,3,22.6,72.59,1010,290,1,0,291,28,215,2.1
2015,8,9,11,30,13.57,0.2,4.4,176,803,957,3,22.6,70.42,1009,355,1,0,356,28.5,211,2.2
2015,8,9,12,30,11.73,0.2,4.4,182,797,963,3,22.6,69.47,1008,451,18,0,468,28.700000000000003,208,2.3000000000000003
2015,8,9,13,30,22.88,0.2,4.5,175,782,896,3,22.5,69.77,1007,400,7,0,406,28.6,206,2.4000000000000004
2015,8,9,14,30,36.63,0.2,4.6000000000000005,164,741,758,3,22.5,70.98,1007,328,4,0,331,28.3,204,2.5
2015,8,9,15,30,50.88,0.2,4.6000000000000005,156,641,561,3,22.5,73.57000000000001,1007,204,0,0,204,27.700000000000003,204,2.7
2015,8,9,16,30,65.27,0.2,4.7,123,506,335,0,22.700000000000003,78.74,1007,123,506,0,335,26.700000000000003,204,2.8000000000000003
2015,8,9,17,30,79.65,0.2,4.800000000000001,64,246,108,0,23,85.83,1007,64,246,0,108,25.5,206,2.9000000000000004
2015,8,9,18,30,94.12,0.2,4.9,0,0,0,0,23.200000000000003,91.97,1008,0,0,0,0,24.6,208,3
2015,8,9,19,30,108.36,0.2,5,0,0,0,0,23.3,95.16,1008,0,0,0,0,24.1,211,3
2015,8,9,20,30,122.34,0.2,5,0,0,0,0,23.3,96.39,1009,0,0,0,0,23.900000000000002,214,2.8000000000000003
2015,8,9,21,30,135.78,0.2,5.1000000000000005,0,0,0,0,23.200000000000003,97.13,1009,0,0,0,0,23.700000000000003,216,2.6
2015,8,9,22,30,147.97,0.2,5.2,0,0,0,0,23.1,97.18,1009,0,0,0,0,23.6,219,2.5
2015,8,9,23,30,156.81,0.2,5.2,0,0,0,0,23,97.16,1008,0,0,0,0,23.5,221,2.5
2015,8,10,0,30,157.85,0.2,5.300000000000001,0,0,0,0,23,97.42,1008,0,0,0,0,23.400000000000002,223,2.6
2015,8,10,1,30,150.26,0.2,5.300000000000001,0,0,0,3,22.900000000000002,97.05,1007,0,0,0,0,23.400000000000002,224,2.7
2015,8,10,2,30,138.53,0.2,5.4,0,0,0,3,22.900000000000002,97.41,1007,0,0,0,0,23.3,225,2.7
2015,8,10,3,30,125.27,0.2,5.4,0,0,0,1,22.8,97.22,1007,0,0,0,0,23.3,223,2.7
2015,8,10,4,30,111.37,0.2,5.5,0,0,0,1,22.900000000000002,97.98,1008,0,0,0,0,23.200000000000003,219,2.6
2015,8,10,5,30,97.16,0.2,5.6000000000000005,0,0,0,3,22.900000000000002,97.43,1008,0,0,0,0,23.3,214,2.6
2015,8,10,6,30,82.68,0.2,5.6000000000000005,43,213,70,0,23,96.57000000000001,1008,43,213,0,70,23.6,209,2.7
2015,8,10,7,30,68.32000000000001,0.2,5.7,95,533,292,3,23.200000000000003,94.72,1009,52,0,0,52,24.1,208,3
2015,8,10,8,30,53.910000000000004,0.2,5.800000000000001,121,684,524,3,23.1,90.81,1009,227,2,0,228,24.700000000000003,209,3.3000000000000003
2015,8,10,9,30,39.58,0.2,5.800000000000001,139,761,726,3,22.900000000000002,86.69,1009,135,0,0,135,25.3,210,3.6
2015,8,10,10,30,25.62,0.2,5.800000000000001,148,806,875,3,22.8,84.07000000000001,1009,324,1,0,325,25.700000000000003,212,3.8000000000000003
2015,8,10,11,30,13.33,0.2,5.800000000000001,153,827,957,3,22.700000000000003,82.69,1008,425,10,0,434,25.900000000000002,214,4
2015,8,10,12,30,11.49,0.2,5.800000000000001,156,827,966,3,22.700000000000003,82.67,1007,307,1,0,307,25.900000000000002,216,4.1000000000000005
2015,8,10,13,30,22.8,0.2,5.7,154,806,897,3,22.700000000000003,82.75,1007,330,1,0,331,25.900000000000002,218,4.1000000000000005
2015,8,10,14,30,36.6,0.2,5.6000000000000005,146,767,761,3,22.700000000000003,83.11,1006,224,0,0,225,25.8,219,4
2015,8,10,15,30,50.89,0.2,5.6000000000000005,130,694,568,3,22.700000000000003,84.55,1006,160,0,0,160,25.5,220,3.9000000000000004
2015,8,10,16,30,65.3,0.2,5.5,104,565,340,0,22.700000000000003,87.33,1006,104,565,0,340,25,219,3.5
2015,8,10,17,30,79.7,0.2,5.5,58,302,112,0,22.900000000000002,91.43,1007,58,302,0,112,24.400000000000002,217,3
2015,8,10,18,30,94.19,0.2,5.4,0,0,0,0,23.1,95.64,1008,0,0,0,0,23.8,215,2.8000000000000003
2015,8,10,19,30,108.46000000000001,0.2,5.4,0,0,0,0,23.1,96.82000000000001,1008,0,0,0,0,23.6,214,2.8000000000000003
2015,8,10,20,30,122.46000000000001,0.2,5.300000000000001,0,0,0,1,23.1,98.16,1009,0,0,0,0,23.400000000000002,214,2.7
2015,8,10,21,30,135.94,0.2,5.2,0,0,0,1,23.1,98.71000000000001,1009,0,0,0,0,23.3,214,2.5
2015,8,10,22,30,148.18,0.2,5.1000000000000005,0,0,0,1,23,99.02,1009,0,0,0,0,23.200000000000003,215,2.5
2015,8,10,23,30,157.1,0.2,5,0,0,0,0,23,99.26,1008,0,0,0,0,23.1,216,2.6
2015,8,11,0,30,158.13,0.2,4.9,0,0,0,0,22.900000000000002,98.83,1008,0,0,0,0,23.1,217,2.7
2015,8,11,1,30,150.44,0.2,4.800000000000001,0,0,0,0,22.8,98.75,1007,0,0,0,0,23,219,2.6
2015,8,11,2,30,138.64000000000001,0.2,4.7,0,0,0,1,22.700000000000003,98.8,1007,0,0,0,0,22.900000000000002,221,2.4000000000000004
2015,8,11,3,30,125.33,0.2,4.7,0,0,0,0,22.6,98.4,1007,0,0,0,0,22.900000000000002,222,2.3000000000000003
2015,8,11,4,30,111.4,0.2,4.6000000000000005,0,0,0,1,22.6,98.77,1008,0,0,0,0,22.8,218,2.4000000000000004
2015,8,11,5,30,97.17,0.2,4.5,0,0,0,0,22.6,97.33,1008,0,0,0,0,23,213,2.5
2015,8,11,6,30,82.67,0.2,4.5,42,224,71,0,22.900000000000002,95.64,1009,42,224,0,71,23.6,210,2.9000000000000004
2015,8,11,7,30,68.29,0.2,4.5,96,529,292,0,23.1,92.15,1010,96,529,0,292,24.5,210,3.3000000000000003
2015,8,11,8,30,53.85,0.2,4.4,132,668,526,3,22.900000000000002,85.13,1010,188,0,0,188,25.6,211,3.4000000000000004
2015,8,11,9,30,39.49,0.2,4.4,156,741,728,2,22.6,78.03,1010,381,54,0,423,26.8,212,3.3000000000000003
2015,8,11,10,30,25.48,0.2,4.5,171,780,876,3,22.6,73.84,1009,376,4,0,380,27.700000000000003,212,3.2
2015,8,11,11,30,13.09,0.2,4.5,180,799,957,2,22.6,71.31,1009,532,189,0,716,28.3,212,3.2
2015,8,11,12,30,11.26,0.2,4.5,219,746,951,0,22.5,70.21000000000001,1008,219,746,0,951,28.5,211,3.3000000000000003
2015,8,11,13,30,22.72,0.2,4.6000000000000005,214,723,881,0,22.5,70.4,1007,214,723,0,881,28.400000000000002,209,3.3000000000000003
2015,8,11,14,30,36.58,0.2,4.6000000000000005,201,676,744,0,22.5,72.02,1007,201,676,0,744,28,208,3.4000000000000004
2015,8,11,15,30,50.9,0.2,4.7,169,611,555,0,22.5,74.64,1007,169,611,0,555,27.400000000000002,208,3.4000000000000004
2015,8,11,16,30,65.34,0.2,4.7,130,470,326,0,22.6,79.13,1008,130,470,0,326,26.5,209,3.3000000000000003
2015,8,11,17,30,79.76,0.2,4.7,64,218,102,0,22.8,85.4,1008,64,218,0,102,25.400000000000002,210,2.9000000000000004
2015,8,11,18,30,94.26,0.2,4.7,0,0,0,1,23,91.48,1009,0,0,0,0,24.5,211,2.7
2015,8,11,19,30,108.55,0.2,4.7,0,0,0,0,23.1,94.98,1010,0,0,0,0,24,212,2.6
2015,8,11,20,30,122.59,0.2,4.7,0,0,0,1,23.200000000000003,96.93,1010,0,0,0,0,23.700000000000003,213,2.5
2015,8,11,21,30,136.1,0.2,4.7,0,0,0,0,23.200000000000003,98.61,1011,0,0,0,0,23.400000000000002,214,2.4000000000000004
2015,8,11,22,30,148.4,0.2,4.7,0,0,0,1,23.1,98.85000000000001,1011,0,0,0,0,23.3,216,2.2
2015,8,11,23,30,157.38,0.2,4.7,0,0,0,3,23,99.59,1010,0,0,0,0,23.1,219,2.2
2015,8,12,0,30,158.4,0.2,4.800000000000001,0,0,0,3,23,99.78,1010,0,0,0,0,23,221,2.1
2015,8,12,1,30,150.61,0.2,4.800000000000001,0,0,0,3,22.900000000000002,99.83,1009,0,0,0,0,22.900000000000002,223,2
2015,8,12,2,30,138.74,0.2,4.800000000000001,0,0,0,0,22.8,100,1009,0,0,0,0,22.8,223,2.1
2015,8,12,3,30,125.39,0.2,4.800000000000001,0,0,0,0,22.700000000000003,99.66,1010,0,0,0,0,22.8,224,2.2
2015,8,12,4,30,111.43,0.2,4.800000000000001,0,0,0,1,22.700000000000003,99.85000000000001,1010,0,0,0,0,22.700000000000003,225,2.2
2015,8,12,5,30,97.17,0.2,4.800000000000001,0,0,0,3,22.6,97.84,1011,0,0,0,0,23,228,2.3000000000000003
2015,8,12,6,30,82.65,0.2,4.7,44,167,66,0,22.8,94.06,1011,44,167,0,66,23.8,232,2.5
2015,8,12,7,30,68.25,0.2,4.7,112,461,283,0,22.8,88.09,1012,112,461,0,283,24.900000000000002,235,2.6
2015,8,12,8,30,53.79,0.2,4.800000000000001,150,618,514,0,22.5,81.13,1012,150,618,0,514,26,237,2.5
2015,8,12,9,30,39.410000000000004,0.2,4.800000000000001,186,679,711,0,22.400000000000002,75.49,1012,186,679,0,711,27.1,237,2.2
2015,8,12,10,30,25.35,0.2,4.9,199,732,860,0,22.3,71.81,1011,199,732,0,860,27.900000000000002,235,2.1
2015,8,12,11,30,12.85,0.2,5,201,761,943,1,22.3,68.75,1010,201,761,0,943,28.6,232,2.1
2015,8,12,12,30,11.03,0.2,5,196,771,953,2,22.200000000000003,66.98,1009,496,129,0,623,29,229,2.4000000000000004
2015,8,12,13,30,22.64,0.2,5.1000000000000005,187,757,886,0,22.200000000000003,65.99,1008,187,757,0,886,29.200000000000003,225,2.6
2015,8,12,14,30,36.56,0.2,5.2,173,717,749,0,22.200000000000003,66.61,1008,173,717,0,749,29,222,2.9000000000000004
2015,8,12,15,30,50.910000000000004,0.2,5.300000000000001,155,637,557,0,22.200000000000003,69.09,1008,155,637,0,557,28.400000000000002,219,3
2015,8,12,16,30,65.37,0.2,5.4,123,494,329,0,22.3,73.97,1008,123,494,0,329,27.400000000000002,217,2.9000000000000004
2015,8,12,17,30,79.81,0.2,5.5,63,229,103,3,22.8,82.31,1009,4,0,0,4,26.1,217,2.6
2015,8,12,18,30,94.34,0.2,5.5,0,0,0,3,23.3,89.06,1009,0,0,0,0,25.200000000000003,218,2.3000000000000003
2015,8,12,19,30,108.65,0.2,5.6000000000000005,0,0,0,3,23.400000000000002,92.25,1010,0,0,0,0,24.700000000000003,219,2.2
2015,8,12,20,30,122.71000000000001,0.2,5.6000000000000005,0,0,0,0,23.400000000000002,94.93,1011,0,0,0,0,24.3,222,2.2
2015,8,12,21,30,136.27,0.2,5.6000000000000005,0,0,0,3,23.5,96.26,1011,0,0,0,0,24.1,225,2.1
2015,8,12,22,30,148.62,0.2,5.6000000000000005,0,0,0,0,23.5,97.37,1010,0,0,0,0,23.900000000000002,230,2.1
2015,8,12,23,30,157.67000000000002,0.2,5.5,0,0,0,3,23.400000000000002,98.44,1010,0,0,0,0,23.700000000000003,235,1.9000000000000001
2015,8,13,0,30,158.68,0.2,5.5,0,0,0,3,23.400000000000002,99.29,1009,0,0,0,0,23.5,240,1.7000000000000002
2015,8,13,1,30,150.79,0.2,5.5,0,0,0,0,23.3,99.60000000000001,1009,0,0,0,0,23.400000000000002,241,1.6
2015,8,13,2,30,138.84,0.2,5.5,0,0,0,3,23.3,99.78,1008,0,0,0,0,23.3,236,1.7000000000000002
2015,8,13,3,30,125.45,0.2,5.6000000000000005,0,0,0,3,23.200000000000003,100,1009,0,0,0,0,23.200000000000003,229,1.8
2015,8,13,4,30,111.45,0.2,5.6000000000000005,0,0,0,3,23.1,99.59,1009,0,0,0,0,23.200000000000003,223,1.9000000000000001
2015,8,13,5,30,97.17,0.2,5.6000000000000005,0,0,0,8,23.1,98.17,1010,0,0,0,0,23.400000000000002,220,2.1
2015,8,13,6,30,82.63,0.2,5.7,46,185,70,3,23.3,95.23,1010,23,0,7,23,24.1,221,2.6
2015,8,13,7,30,68.21000000000001,0.2,5.7,106,494,289,3,23.400000000000002,90.45,1011,136,3,7,138,25.1,224,2.9000000000000004
2015,8,13,8,30,53.72,0.2,5.7,139,648,522,3,23.400000000000002,84.96000000000001,1011,279,37,0,301,26.1,225,3
2015,8,13,9,30,39.32,0.2,5.800000000000001,157,730,722,2,23.3,80.39,1011,322,4,0,326,27,223,3
2015,8,13,10,30,25.21,0.2,5.800000000000001,168,778,872,3,23.3,77.17,1011,444,111,0,544,27.700000000000003,221,2.9000000000000004
2015,8,13,11,30,12.6,0.2,5.800000000000001,172,802,955,3,23.3,75.69,1010,471,127,0,596,28,217,2.8000000000000003
2015,8,13,12,30,10.8,0.2,5.9,170,806,962,2,23.3,75.09,1009,473,63,0,535,28.1,213,2.8000000000000003
2015,8,13,13,30,22.57,0.2,5.9,163,793,895,2,23.200000000000003,75.71000000000001,1008,436,39,0,472,27.900000000000002,209,2.9000000000000004
2015,8,13,14,30,36.550000000000004,0.2,5.9,150,758,759,0,23.200000000000003,77.51,1007,150,758,0,759,27.5,209,3
2015,8,13,15,30,50.93,0.2,5.800000000000001,156,636,557,3,23.3,80.83,1007,339,72,0,384,26.900000000000002,209,3
2015,8,13,16,30,65.41,0.2,5.800000000000001,121,503,330,1,23.5,84.96000000000001,1007,121,503,0,330,26.200000000000003,210,2.9000000000000004
2015,8,13,17,30,79.87,0.2,5.800000000000001,63,235,104,8,23.700000000000003,90.10000000000001,1008,32,0,7,32,25.400000000000002,210,2.7
2015,8,13,18,30,94.42,0.2,5.9,0,0,0,3,23.8,94.92,1008,0,0,0,0,24.700000000000003,210,2.6
2015,8,13,19,30,108.75,0.2,5.9,0,0,0,3,23.8,96.47,1009,0,0,0,0,24.400000000000002,212,2.7
2015,8,13,20,30,122.84,0.2,5.9,0,0,0,3,23.700000000000003,97.33,1010,0,0,0,0,24.200000000000003,213,2.8000000000000003
2015,8,13,21,30,136.43,0.2,6,0,0,0,3,23.700000000000003,97.49000000000001,1010,0,0,0,0,24.1,214,2.9000000000000004
2015,8,13,22,30,148.85,0.2,6,0,0,0,1,23.6,97.8,1010,0,0,0,0,24,215,2.9000000000000004
2015,8,13,23,30,157.97,0.2,6,0,0,0,3,23.6,97.61,1010,0,0,0,0,24,215,2.9000000000000004
2015,8,14,0,30,158.95000000000002,0.2,5.9,0,0,0,0,23.5,97.86,1009,0,0,0,0,23.900000000000002,216,2.8000000000000003
2015,8,14,1,30,150.97,0.2,5.9,0,0,0,0,23.5,98.17,1008,0,0,0,0,23.8,217,2.5
2015,8,14,2,30,138.94,0.2,5.9,0,0,0,0,23.400000000000002,98.46000000000001,1008,0,0,0,0,23.700000000000003,217,2.3000000000000003
2015,8,14,3,30,125.5,0.2,5.9,0,0,0,3,23.400000000000002,98.2,1008,0,0,0,0,23.700000000000003,217,2.1
2015,8,14,4,30,111.47,0.2,5.9,0,0,0,1,23.400000000000002,98.53,1008,0,0,0,0,23.6,215,2
2015,8,14,5,30,97.17,0.2,5.9,0,0,0,1,23.3,97.81,1009,0,0,0,0,23.700000000000003,214,2.1
2015,8,14,6,30,82.61,0.2,5.9,48,165,69,3,23.400000000000002,95.47,1009,27,0,7,27,24.200000000000003,214,2.3000000000000003
2015,8,14,7,30,68.17,0.2,5.9,115,463,288,3,23.5,92.03,1010,21,0,0,21,24.900000000000002,215,2.7
2015,8,14,8,30,53.660000000000004,0.2,6,156,610,517,3,23.3,86.83,1010,125,0,0,125,25.700000000000003,215,3
2015,8,14,9,30,39.22,0.2,6,178,699,719,3,23.200000000000003,82.48,1010,169,0,0,169,26.400000000000002,213,3.1
2015,8,14,10,30,25.07,0.2,6,183,760,871,3,23.200000000000003,80.04,1009,235,0,0,235,26.900000000000002,209,3.3000000000000003
2015,8,14,11,30,12.36,0.2,6,179,795,956,3,23.200000000000003,79.78,1009,422,9,0,431,27,206,3.5
2015,8,14,12,30,10.58,0.2,6.1000000000000005,181,794,962,8,23.3,80.93,1008,456,105,0,559,26.8,202,3.7
2015,8,14,13,30,22.5,0.2,6.1000000000000005,169,787,896,8,23.3,83.01,1007,404,28,7,430,26.400000000000002,199,3.9000000000000004
2015,8,14,14,30,36.54,0.2,6.2,158,749,759,8,23.3,85.05,1007,311,20,7,326,26,198,3.9000000000000004
2015,8,14,15,30,50.95,0.2,6.2,141,674,565,7,23.200000000000003,87.36,1007,264,56,0,300,25.5,199,3.9000000000000004
2015,8,14,16,30,65.45,0.2,6.2,113,533,334,7,23.200000000000003,90.35000000000001,1008,181,43,0,199,24.900000000000002,201,3.7
2015,8,14,17,30,79.93,0.2,6.2,61,253,106,7,23.200000000000003,93.03,1008,27,0,7,27,24.400000000000002,204,3.4000000000000004
2015,8,14,18,30,94.5,0.2,6.1000000000000005,0,0,0,7,23.200000000000003,94.85000000000001,1008,0,0,0,0,24.1,208,3.1
2015,8,14,19,30,108.85000000000001,0.2,6.1000000000000005,0,0,0,1,23.200000000000003,95.93,1009,0,0,0,0,23.900000000000002,210,3.1
2015,8,14,20,30,122.97,0.2,6,0,0,0,1,23.200000000000003,96.26,1009,0,0,0,0,23.8,211,2.9000000000000004
2015,8,14,21,30,136.6,0.2,6,0,0,0,0,23.1,96.71000000000001,1010,0,0,0,0,23.700000000000003,212,2.8000000000000003
2015,8,14,22,30,149.07,0.2,5.9,0,0,0,0,23.1,96.98,1010,0,0,0,0,23.6,213,2.7
2015,8,14,23,30,158.27,0.2,5.800000000000001,0,0,0,0,23,97.04,1009,0,0,0,0,23.5,216,2.7
2015,8,15,0,30,159.24,0.2,5.7,0,0,0,0,22.900000000000002,97.18,1008,0,0,0,0,23.400000000000002,222,2.4000000000000004
2015,8,15,1,30,151.14000000000001,0.2,5.6000000000000005,0,0,0,0,22.900000000000002,98.10000000000001,1008,0,0,0,0,23.200000000000003,230,2.2
2015,8,15,2,30,139.04,0.2,5.4,0,0,0,0,22.8,98.28,1008,0,0,0,0,23.1,238,2
2015,8,15,3,30,125.55,0.2,5.4,0,0,0,0,22.700000000000003,98.35000000000001,1008,0,0,0,0,23,239,2
2015,8,15,4,30,111.5,0.2,5.300000000000001,0,0,0,1,22.6,98.44,1008,0,0,0,0,22.900000000000002,234,2.1
2015,8,15,5,30,97.17,0.2,5.300000000000001,0,0,0,0,22.6,96.83,1009,0,0,0,0,23.1,229,2.4000000000000004
2015,8,15,6,30,82.58,0.2,5.300000000000001,45,194,70,0,22.700000000000003,94.19,1009,45,194,0,70,23.700000000000003,226,2.7
2015,8,15,7,30,68.12,0.2,5.300000000000001,105,498,291,1,22.8,89.29,1010,105,498,0,291,24.700000000000003,224,2.8000000000000003
2015,8,15,8,30,53.6,0.2,5.300000000000001,141,645,523,3,22.6,83.24,1010,154,0,0,154,25.700000000000003,220,2.8000000000000003
2015,8,15,9,30,39.13,0.2,5.300000000000001,167,722,726,3,22.5,77.88,1010,202,0,0,202,26.700000000000003,216,2.8000000000000003
2015,8,15,10,30,24.94,0.2,5.2,182,764,875,3,22.5,74.75,1010,437,51,0,484,27.400000000000002,210,2.8000000000000003
2015,8,15,11,30,12.11,0.2,5.1000000000000005,189,786,958,2,22.6,72.74,1009,504,140,0,641,27.900000000000002,204,3
2015,8,15,12,30,10.35,0.2,5,183,799,968,0,22.6,72.34,1008,183,799,0,968,28,200,3.2
2015,8,15,13,30,22.43,0.2,4.9,178,781,900,0,22.6,73.22,1008,178,781,0,900,27.8,198,3.5
2015,8,15,14,30,36.53,0.2,4.800000000000001,160,750,763,0,22.5,74.84,1007,160,750,0,763,27.400000000000002,200,3.5
2015,8,15,15,30,50.97,0.2,4.800000000000001,169,616,556,0,22.5,77.51,1007,169,616,0,556,26.8,203,3.4000000000000004
2015,8,15,16,30,65.5,0.2,4.7,128,486,329,0,22.6,81.4,1008,128,486,0,329,26,207,3.1
2015,8,15,17,30,80,0.2,4.7,62,232,102,0,22.6,86.25,1008,62,232,0,102,25.1,211,2.7
2015,8,15,18,30,94.58,0.2,4.7,0,0,0,1,22.8,90.99,1009,0,0,0,0,24.400000000000002,213,2.3000000000000003
2015,8,15,19,30,108.96000000000001,0.2,4.800000000000001,0,0,0,3,22.900000000000002,93.85000000000001,1010,0,0,0,0,24,215,2.1
2015,8,15,20,30,123.11,0.2,4.800000000000001,0,0,0,3,23,95.96000000000001,1011,0,0,0,0,23.700000000000003,218,2
2015,8,15,21,30,136.78,0.2,4.800000000000001,0,0,0,3,23.1,97.38,1012,0,0,0,0,23.5,221,2
2015,8,15,22,30,149.3,0.2,4.800000000000001,0,0,0,3,23,97.78,1011,0,0,0,0,23.400000000000002,225,2.1
2015,8,15,23,30,158.57,0.2,4.800000000000001,0,0,0,3,23,98.19,1011,0,0,0,0,23.3,226,2.3000000000000003
2015,8,16,0,30,159.52,0.2,4.7,0,0,0,0,23,99.11,1010,0,0,0,0,23.1,227,2.3000000000000003
2015,8,16,1,30,151.31,0.2,4.7,0,0,0,1,22.900000000000002,99.5,1010,0,0,0,0,23,227,2.1
2015,8,16,2,30,139.14000000000001,0.2,4.7,0,0,0,4,22.900000000000002,99.77,1009,0,0,0,0,22.900000000000002,225,1.9000000000000001
2015,8,16,3,30,125.60000000000001,0.2,4.7,0,0,0,5,22.8,100,1009,0,0,0,0,22.8,222,1.8
2015,8,16,4,30,111.51,0.2,4.7,0,0,0,4,22.8,100,1010,0,0,0,0,22.8,219,1.6
2015,8,16,5,30,97.16,0.2,4.7,0,0,0,4,22.8,98.27,1010,0,0,0,0,23.1,218,1.7000000000000002
2015,8,16,6,30,82.56,0.2,4.7,44,189,69,4,23,94.18,1011,21,0,7,21,24,221,2.1
2015,8,16,7,30,68.08,0.2,4.7,106,492,290,7,23.1,87.94,1012,129,8,7,132,25.200000000000003,223,2.4000000000000004
2015,8,16,8,30,53.53,0.2,4.7,143,639,523,4,22.900000000000002,80.93,1012,216,0,0,216,26.400000000000002,225,2.5
2015,8,16,9,30,39.04,0.2,4.7,168,717,725,1,22.8,75.63,1012,168,717,0,725,27.5,224,2.4000000000000004
2015,8,16,10,30,24.8,0.2,4.7,180,766,875,3,22.8,71.8,1011,398,9,0,405,28.400000000000002,221,2.4000000000000004
2015,8,16,11,30,11.86,0.2,4.7,184,792,959,3,22.8,69.8,1010,466,33,0,499,28.900000000000002,217,2.5
2015,8,16,12,30,10.13,0.2,4.800000000000001,189,786,963,2,22.8,68.56,1009,532,263,0,791,29.200000000000003,213,2.6
2015,8,16,13,30,22.38,0.2,4.9,181,771,894,3,22.8,68.74,1008,466,87,0,546,29.1,210,2.8000000000000003
2015,8,16,14,30,36.53,0.2,5,168,729,754,0,22.700000000000003,70.26,1008,168,729,0,754,28.700000000000003,208,3
2015,8,16,15,30,51,0.2,5,154,641,557,0,22.8,73.72,1008,154,641,0,557,27.900000000000002,206,3.2
2015,8,16,16,30,65.55,0.2,5,120,499,327,0,22.8,78.88,1008,120,499,0,327,26.8,203,3.4000000000000004
2015,8,16,17,30,80.07000000000001,0.2,5.1000000000000005,60,229,100,0,23,85.58,1009,60,229,0,100,25.6,201,3.4000000000000004
2015,8,16,18,30,94.67,0.2,5,0,0,0,0,23.1,91.64,1010,0,0,0,0,24.6,202,3.4000000000000004
2015,8,16,19,30,109.07000000000001,0.2,5,0,0,0,0,23.200000000000003,94.69,1011,0,0,0,0,24.1,206,3.4000000000000004
2015,8,16,20,30,123.24000000000001,0.2,4.9,0,0,0,0,23.200000000000003,96.23,1011,0,0,0,0,23.8,212,3.2
2015,8,16,21,30,136.95000000000002,0.2,4.9,0,0,0,1,23.1,97.03,1011,0,0,0,0,23.6,216,2.9000000000000004
2015,8,16,22,30,149.53,0.2,4.800000000000001,0,0,0,7,23,97.3,1011,0,0,0,0,23.5,219,2.7
2015,8,16,23,30,158.88,0.2,4.800000000000001,0,0,0,3,23,97.53,1011,0,0,0,0,23.400000000000002,222,2.7
2015,8,17,0,30,159.8,0.2,4.800000000000001,0,0,0,7,22.900000000000002,97.53,1010,0,0,0,0,23.3,227,2.8000000000000003
2015,8,17,1,30,151.48,0.2,4.9,0,0,0,3,22.8,97.06,1009,0,0,0,0,23.3,231,2.8000000000000003
2015,8,17,2,30,139.23,0.2,4.9,0,0,0,0,22.8,97.41,1009,0,0,0,0,23.200000000000003,234,2.7
2015,8,17,3,30,125.65,0.2,5,0,0,0,7,22.700000000000003,97.8,1009,0,0,0,0,23.1,234,2.6
2015,8,17,4,30,111.53,0.2,5.1000000000000005,0,0,0,7,22.700000000000003,98.33,1010,0,0,0,0,23,233,2.4000000000000004
2015,8,17,5,30,97.15,0.2,5.2,0,0,0,0,22.700000000000003,96.95,1010,0,0,0,0,23.200000000000003,233,2.5
2015,8,17,6,30,82.53,0.2,5.2,46,178,69,3,22.8,93.62,1011,28,0,7,28,23.900000000000002,232,2.7
2015,8,17,7,30,68.03,0.2,5.300000000000001,110,477,289,7,22.8,87.77,1011,141,17,0,148,25,231,2.8000000000000003
2015,8,17,8,30,53.46,0.2,5.300000000000001,148,630,523,7,22.700000000000003,81,1011,279,112,0,346,26.200000000000003,228,2.9000000000000004
2015,8,17,9,30,38.95,0.2,5.300000000000001,156,739,731,8,22.700000000000003,77.06,1011,326,288,7,550,27.1,223,3.1
2015,8,17,10,30,24.66,0.2,5.300000000000001,167,786,881,3,22.900000000000002,74.12,1010,424,29,0,451,27.900000000000002,219,3.3000000000000003
2015,8,17,11,30,11.61,0.2,5.300000000000001,174,806,963,3,22.900000000000002,73.15,1009,373,2,0,375,28.200000000000003,215,3.4000000000000004
2015,8,17,12,30,9.91,0.2,5.4,210,757,956,3,22.900000000000002,72.33,1008,480,57,0,536,28.400000000000002,211,3.4000000000000004
2015,8,17,13,30,22.32,0.2,5.4,203,739,886,3,22.900000000000002,73.07000000000001,1008,478,116,0,585,28.200000000000003,208,3.4000000000000004
2015,8,17,14,30,36.53,0.2,5.5,188,696,748,3,22.900000000000002,75.09,1008,412,83,0,478,27.700000000000003,206,3.5
2015,8,17,15,30,51.03,0.2,5.6000000000000005,165,616,553,5,22.900000000000002,78.87,1008,241,3,0,243,26.900000000000002,207,3.5
2015,8,17,16,30,65.6,0.2,5.6000000000000005,128,474,324,5,23,83.43,1008,156,3,0,158,26,209,3.5
2015,8,17,17,30,80.13,0.2,5.7,63,212,99,0,23,87.82000000000001,1008,63,212,0,99,25.200000000000003,213,3.4000000000000004
2015,8,17,18,30,94.76,0.2,5.7,0,0,0,3,23.1,92.02,1009,0,0,0,0,24.5,216,3.5
2015,8,17,19,30,109.18,0.2,5.7,0,0,0,3,23.1,93.58,1009,0,0,0,0,24.200000000000003,220,3.7
2015,8,17,20,30,123.38000000000001,0.2,5.6000000000000005,0,0,0,3,23,94.36,1010,0,0,0,0,24,222,3.7
2015,8,17,21,30,137.13,0.2,5.6000000000000005,0,0,0,3,23,94.44,1010,0,0,0,0,23.900000000000002,222,3.6
2015,8,17,22,30,149.77,0.2,5.6000000000000005,0,0,0,3,22.900000000000002,95.12,1010,0,0,0,0,23.700000000000003,223,3.5
2015,8,17,23,30,159.19,0.2,5.6000000000000005,0,0,0,3,22.8,95.49,1010,0,0,0,0,23.6,222,3.3000000000000003
2015,8,18,0,30,160.09,0.2,5.5,0,0,0,3,22.8,96.07000000000001,1009,0,0,0,0,23.5,222,3.1
2015,8,18,1,30,151.65,0.2,5.5,0,0,0,3,22.8,96.63,1008,0,0,0,0,23.400000000000002,223,3
2015,8,18,2,30,139.32,0.2,5.4,0,0,0,0,22.8,97.24000000000001,1008,0,0,0,0,23.3,224,3
2015,8,18,3,30,125.69,0.2,5.4,0,0,0,1,22.8,97.17,1008,0,0,0,0,23.3,224,3
2015,8,18,4,30,111.54,0.2,5.300000000000001,0,0,0,3,22.8,97.41,1008,0,0,0,0,23.200000000000003,221,3
2015,8,18,5,30,97.14,0.2,5.2,0,0,0,3,22.8,96.76,1008,0,0,0,0,23.3,217,3
2015,8,18,6,30,82.5,0.2,5.2,46,193,71,0,22.900000000000002,93.96000000000001,1009,46,193,0,71,23.900000000000002,215,3.2
2015,8,18,7,30,67.98,0.2,5.2,104,509,295,3,23,89.47,1010,178,16,7,184,24.8,216,3.3000000000000003
2015,8,18,8,30,53.4,0.2,5.300000000000001,135,662,530,0,22.700000000000003,83.25,1010,135,662,0,530,25.8,218,3.3000000000000003
2015,8,18,9,30,38.85,0.2,5.300000000000001,152,746,733,3,22.6,78.48,1010,298,2,0,300,26.700000000000003,218,3.1
2015,8,18,10,30,24.52,0.2,5.300000000000001,163,792,883,3,22.700000000000003,74.67,1010,325,1,0,326,27.6,217,3
2015,8,18,11,30,11.370000000000001,0.2,5.300000000000001,168,813,965,3,22.700000000000003,72.59,1009,436,12,0,448,28.1,214,3
2015,8,18,12,30,9.700000000000001,0.2,5.300000000000001,250,701,940,2,22.700000000000003,71.53,1008,541,139,0,678,28.3,212,3
2015,8,18,13,30,22.27,0.2,5.300000000000001,238,685,872,3,22.700000000000003,71.49,1007,435,21,0,455,28.3,211,3
2015,8,18,14,30,36.53,0.2,5.4,219,642,734,0,22.700000000000003,73.43,1007,219,642,0,734,27.900000000000002,210,3
2015,8,18,15,30,51.06,0.2,5.4,224,483,527,0,22.8,76.33,1006,224,483,0,527,27.3,211,3.1
2015,8,18,16,30,65.65,0.2,5.5,161,347,304,0,22.900000000000002,81.19,1007,161,347,0,304,26.400000000000002,213,3
2015,8,18,17,30,80.21000000000001,0.2,5.5,64,131,87,0,23.1,87.14,1007,64,131,0,87,25.400000000000002,214,2.9000000000000004
2015,8,18,18,30,94.85000000000001,0.2,5.6000000000000005,0,0,0,0,23.3,92.14,1008,0,0,0,0,24.700000000000003,215,2.9000000000000004
2015,8,18,19,30,109.29,0.2,5.6000000000000005,0,0,0,1,23.400000000000002,94.63,1008,0,0,0,0,24.3,218,3.1
2015,8,18,20,30,123.52,0.2,5.6000000000000005,0,0,0,0,23.400000000000002,95.76,1009,0,0,0,0,24.1,221,3.1
2015,8,18,21,30,137.3,0.2,5.7,0,0,0,0,23.400000000000002,96.29,1009,0,0,0,0,24,222,3
2015,8,18,22,30,150.01,0.2,5.7,0,0,0,0,23.3,96.69,1009,0,0,0,0,23.900000000000002,223,2.8000000000000003
2015,8,18,23,30,159.5,0.2,5.7,0,0,0,0,23.3,96.85000000000001,1009,0,0,0,0,23.8,224,2.7
2015,8,19,0,30,160.38,0.2,5.7,0,0,0,0,23.200000000000003,97.58,1008,0,0,0,0,23.6,225,2.5
2015,8,19,1,30,151.82,0.2,5.7,0,0,0,0,23.1,97.88,1008,0,0,0,0,23.5,226,2.4000000000000004
2015,8,19,2,30,139.41,0.2,5.7,0,0,0,0,23.1,97.47,1007,0,0,0,0,23.5,228,2.3000000000000003
2015,8,19,3,30,125.74000000000001,0.2,5.7,0,0,0,1,23,97.87,1008,0,0,0,0,23.400000000000002,227,2.2
2015,8,19,4,30,111.56,0.2,5.800000000000001,0,0,0,0,23,97.73,1008,0,0,0,0,23.400000000000002,227,2.1
2015,8,19,5,30,97.13,0.2,5.800000000000001,0,0,0,3,23,97.08,1008,0,0,0,0,23.5,227,2.1
2015,8,19,6,30,82.47,0.2,5.800000000000001,48,136,66,3,23.1,95.71000000000001,1009,21,0,7,21,23.8,227,2.2
2015,8,19,7,30,67.93,0.2,5.800000000000001,130,405,282,3,23.1,93.07000000000001,1010,69,0,0,69,24.3,228,2.3000000000000003
2015,8,19,8,30,53.33,0.2,5.800000000000001,180,559,514,3,22.900000000000002,88.82000000000001,1010,140,0,0,140,24.900000000000002,229,2.3000000000000003
2015,8,19,9,30,38.76,0.2,5.800000000000001,211,646,714,3,22.700000000000003,84.11,1010,385,48,0,422,25.6,232,2.3000000000000003
2015,8,19,10,30,24.39,0.2,5.800000000000001,222,705,864,3,22.6,80.7,1009,425,23,0,446,26.200000000000003,234,2.3000000000000003
2015,8,19,11,30,11.120000000000001,0.2,5.7,220,740,946,3,22.6,78.27,1009,467,32,0,498,26.700000000000003,234,2.4000000000000004
2015,8,19,12,30,9.49,0.2,5.7,212,754,955,3,22.6,75.92,1008,495,84,0,577,27.200000000000003,233,2.5
2015,8,19,13,30,22.23,0.2,5.7,199,744,888,3,22.6,75.05,1007,412,11,0,423,27.400000000000002,232,2.7
2015,8,19,14,30,36.54,0.2,5.6000000000000005,177,713,750,3,22.6,75.09,1006,316,3,0,318,27.400000000000002,229,2.9000000000000004
2015,8,19,15,30,51.1,0.2,5.6000000000000005,151,645,556,3,22.6,76.48,1006,198,1,0,198,27.1,226,3
2015,8,19,16,30,65.71000000000001,0.2,5.6000000000000005,115,509,325,3,22.700000000000003,80.43,1006,129,1,0,129,26.3,223,3
2015,8,19,17,30,80.28,0.2,5.6000000000000005,57,247,98,0,22.8,85.65,1007,57,247,0,98,25.400000000000002,220,2.9000000000000004
2015,8,19,18,30,94.94,0.2,5.6000000000000005,0,0,0,3,23.1,91.16,1007,0,0,0,0,24.6,218,2.8000000000000003
2015,8,19,19,30,109.41,0.2,5.6000000000000005,0,0,0,3,23.200000000000003,93.91,1008,0,0,0,0,24.200000000000003,216,2.9000000000000004
2015,8,19,20,30,123.66,0.2,5.6000000000000005,0,0,0,3,23.200000000000003,96.13,1009,0,0,0,0,23.900000000000002,216,2.8000000000000003
2015,8,19,21,30,137.48,0.2,5.6000000000000005,0,0,0,1,23.3,97.53,1009,0,0,0,0,23.700000000000003,218,2.8000000000000003
2015,8,19,22,30,150.25,0.2,5.5,0,0,0,1,23.3,97.34,1009,0,0,0,0,23.700000000000003,221,2.7
2015,8,19,23,30,159.82,0.2,5.5,0,0,0,3,23.200000000000003,97.69,1009,0,0,0,0,23.6,222,2.5
2015,8,20,0,30,160.67000000000002,0.2,5.5,0,0,0,7,23.1,97.75,1008,0,0,0,0,23.5,223,2.4000000000000004
2015,8,20,1,30,151.99,0.2,5.4,0,0,0,7,23,97.8,1007,0,0,0,0,23.400000000000002,223,2.5
2015,8,20,2,30,139.5,0.2,5.4,0,0,0,7,23,97.98,1007,0,0,0,0,23.3,224,2.5
2015,8,20,3,30,125.78,0.2,5.4,0,0,0,1,22.900000000000002,98.25,1007,0,0,0,0,23.200000000000003,222,2.5
2015,8,20,4,30,111.56,0.2,5.4,0,0,0,3,22.900000000000002,98.59,1007,0,0,0,0,23.1,221,2.6
2015,8,20,5,30,97.12,0.2,5.4,0,0,0,3,22.8,97.31,1008,0,0,0,0,23.3,219,2.7
2015,8,20,6,30,82.44,0.2,5.5,44,235,75,3,23,94.89,1008,14,0,7,14,23.900000000000002,218,2.9000000000000004
2015,8,20,7,30,67.88,0.2,5.5,93,553,301,3,23.200000000000003,90.43,1009,40,0,0,40,24.900000000000002,216,3
2015,8,20,8,30,53.26,0.2,5.5,120,699,538,3,23.1,84.38,1009,193,1,0,194,25.900000000000002,212,3.1
2015,8,20,9,30,38.660000000000004,0.2,5.6000000000000005,136,776,742,3,22.900000000000002,78.92,1009,316,4,0,320,26.900000000000002,207,3.2
2015,8,20,10,30,24.25,0.2,5.6000000000000005,147,816,892,3,22.900000000000002,76.57000000000001,1008,453,120,0,562,27.400000000000002,203,3.5
2015,8,20,11,30,10.870000000000001,0.2,5.7,155,833,973,3,22.900000000000002,75.53,1007,439,14,0,453,27.6,201,3.7
2015,8,20,12,30,9.290000000000001,0.2,5.800000000000001,158,830,977,3,22.900000000000002,75.85000000000001,1007,474,134,0,607,27.5,201,3.8000000000000003
2015,8,20,13,30,22.19,0.2,5.9,155,811,906,2,22.8,77.47,1006,458,126,0,575,27.1,201,3.8000000000000003
2015,8,20,14,30,36.550000000000004,0.2,6,146,769,764,3,22.8,80.14,1006,415,105,0,499,26.5,202,3.7
2015,8,20,15,30,51.14,0.2,6,170,607,551,3,22.8,83.51,1006,299,38,0,324,25.8,205,3.4000000000000004
2015,8,20,16,30,65.77,0.2,6,128,472,321,3,22.900000000000002,87.4,1006,133,1,0,133,25.1,208,3.1
2015,8,20,17,30,80.36,0.2,6,61,209,96,0,23,91.42,1007,61,209,0,96,24.5,210,2.8000000000000003
2015,8,20,18,30,95.04,0.2,6,0,0,0,3,23.1,94.37,1007,0,0,0,0,24.1,212,2.7
2015,8,20,19,30,109.53,0.2,6,0,0,0,1,23.200000000000003,95.66,1008,0,0,0,0,23.900000000000002,214,2.8000000000000003
2015,8,20,20,30,123.81,0.2,5.9,0,0,0,3,23.200000000000003,96.78,1008,0,0,0,0,23.700000000000003,216,2.8000000000000003
2015,8,20,21,30,137.67000000000002,0.2,5.9,0,0,0,1,23.200000000000003,97.39,1009,0,0,0,0,23.6,215,2.8000000000000003
2015,8,20,22,30,150.49,0.2,5.800000000000001,0,0,0,3,23.1,97.81,1009,0,0,0,0,23.5,215,2.7
2015,8,20,23,30,160.14000000000001,0.2,5.800000000000001,0,0,0,0,23.1,98.09,1008,0,0,0,0,23.400000000000002,216,2.7
2015,8,21,0,30,160.96,0.2,5.7,0,0,0,1,23,98.35000000000001,1007,0,0,0,0,23.3,218,2.6
2015,8,21,1,30,152.15,0.2,5.7,0,0,0,3,23,98.63,1007,0,0,0,0,23.200000000000003,221,2.6
2015,8,21,2,30,139.58,0.2,5.6000000000000005,0,0,0,3,22.900000000000002,98.84,1006,0,0,0,0,23.1,220,2.6
2015,8,21,3,30,125.81,0.2,5.6000000000000005,0,0,0,3,22.900000000000002,98.65,1006,0,0,0,0,23.1,217,2.6
2015,8,21,4,30,111.57000000000001,0.2,5.6000000000000005,0,0,0,3,22.900000000000002,99.19,1007,0,0,0,0,23,213,2.5
2015,8,21,5,30,97.10000000000001,0.2,5.6000000000000005,0,0,0,3,22.8,97.72,1007,0,0,0,0,23.200000000000003,210,2.5
2015,8,21,6,30,82.41,0.2,5.6000000000000005,47,178,70,3,23.1,95.06,1008,29,0,7,29,23.900000000000002,209,2.8000000000000003
2015,8,21,7,30,67.83,0.2,5.7,112,479,293,3,23.200000000000003,90.11,1009,48,0,0,48,24.900000000000002,210,3
2015,8,21,8,30,53.19,0.2,5.7,151,625,525,3,22.900000000000002,82.56,1010,129,0,0,129,26.1,212,3.1
2015,8,21,9,30,38.57,0.2,5.7,176,705,727,7,22.700000000000003,77.54,1010,361,197,7,515,27,213,3.1
2015,8,21,10,30,24.11,0.2,5.7,189,753,877,8,22.700000000000003,74.37,1009,371,17,7,387,27.700000000000003,213,3.2
2015,8,21,11,30,10.620000000000001,0.2,5.6000000000000005,196,776,958,8,22.700000000000003,73.07000000000001,1008,433,181,7,611,28,212,3.3000000000000003
2015,8,21,12,30,9.09,0.2,5.6000000000000005,196,777,964,7,22.700000000000003,72.56,1007,380,13,0,393,28.1,213,3.5
2015,8,21,13,30,22.16,0.2,5.6000000000000005,190,758,893,5,22.700000000000003,73.41,1007,352,2,0,354,27.900000000000002,214,3.7
2015,8,21,14,30,36.57,0.2,5.6000000000000005,178,715,752,2,22.700000000000003,75.2,1006,420,95,0,496,27.5,215,3.7
2015,8,21,15,30,51.18,0.2,5.6000000000000005,157,636,555,2,22.8,78.17,1006,317,46,0,346,26.900000000000002,215,3.7
2015,8,21,16,30,65.84,0.2,5.6000000000000005,122,491,323,3,22.900000000000002,82.37,1007,144,2,0,145,26.1,214,3.6
2015,8,21,17,30,80.44,0.2,5.5,61,211,96,3,23,87.58,1008,6,0,0,6,25.200000000000003,212,3.3000000000000003
2015,8,21,18,30,95.14,0.2,5.5,0,0,0,0,23.1,92.08,1008,0,0,0,0,24.5,211,3.1
2015,8,21,19,30,109.65,0.2,5.4,0,0,0,0,23.200000000000003,94.77,1009,0,0,0,0,24.1,212,3
2015,8,21,20,30,123.95,0.2,5.300000000000001,0,0,0,0,23.200000000000003,96.07000000000001,1010,0,0,0,0,23.900000000000002,214,2.9000000000000004
2015,8,21,21,30,137.85,0.2,5.300000000000001,0,0,0,0,23.200000000000003,96.89,1010,0,0,0,0,23.700000000000003,217,2.9000000000000004
2015,8,21,22,30,150.73,0.2,5.2,0,0,0,0,23.1,97.4,1010,0,0,0,0,23.5,220,3
2015,8,21,23,30,160.47,0.2,5,0,0,0,0,22.900000000000002,97.04,1009,0,0,0,0,23.400000000000002,223,3.2
2015,8,22,0,30,161.25,0.2,4.9,0,0,0,1,22.700000000000003,97.09,1008,0,0,0,0,23.200000000000003,226,3.3000000000000003
2015,8,22,1,30,152.31,0.2,4.800000000000001,0,0,0,0,22.6,97.49000000000001,1007,0,0,0,0,23,227,3.3000000000000003
2015,8,22,2,30,139.66,0.2,4.7,0,0,0,0,22.5,97.55,1007,0,0,0,0,22.900000000000002,228,3.1
2015,8,22,3,30,125.85000000000001,0.2,4.7,0,0,0,0,22.400000000000002,97.63,1007,0,0,0,0,22.8,230,2.9000000000000004
2015,8,22,4,30,111.58,0.2,4.7,0,0,0,3,22.400000000000002,97.31,1008,0,0,0,0,22.8,233,2.7
2015,8,22,5,30,97.09,0.2,4.7,0,0,0,8,22.3,96.49000000000001,1009,0,0,0,0,22.900000000000002,237,2.6
2015,8,22,6,30,82.37,0.2,4.800000000000001,48,161,69,1,22.400000000000002,92.52,1009,48,161,0,69,23.700000000000003,239,3
2015,8,22,7,30,67.78,0.2,4.800000000000001,120,453,291,8,22.3,85.66,1010,150,20,7,158,24.900000000000002,237,3.3000000000000003
2015,8,22,8,30,53.11,0.2,4.800000000000001,162,603,524,1,22.1,78.09,1010,162,603,0,524,26.200000000000003,233,3.2
2015,8,22,9,30,38.47,0.2,4.800000000000001,187,692,728,3,22,72.92,1010,284,1,0,285,27.3,228,3
2015,8,22,10,30,23.98,0.2,4.800000000000001,197,744,877,3,22,69.39,1009,355,2,0,357,28.1,223,2.8000000000000003
2015,8,22,11,30,10.370000000000001,0.2,4.9,203,768,958,3,21.900000000000002,66.52,1008,433,8,0,441,28.8,217,2.7
2015,8,22,12,30,8.9,0.2,4.9,203,770,963,3,21.900000000000002,65.31,1007,461,20,0,481,29.1,211,2.7
2015,8,22,13,30,22.14,0.2,5,197,751,893,2,21.900000000000002,65.21000000000001,1007,472,85,0,551,29.1,207,2.8000000000000003
2015,8,22,14,30,36.59,0.2,5,182,708,750,2,21.900000000000002,65.76,1006,423,94,0,498,28.900000000000002,205,2.8000000000000003
2015,8,22,15,30,51.230000000000004,0.2,5.1000000000000005,114,734,574,3,21.8,68.07000000000001,1006,324,63,0,363,28.3,206,2.8000000000000003
2015,8,22,16,30,65.9,0.2,5.2,90,608,338,1,21.900000000000002,72.51,1007,90,608,0,338,27.3,207,2.9000000000000004
2015,8,22,17,30,80.52,0.2,5.300000000000001,49,332,103,0,22.1,78.87,1008,49,332,0,103,26.1,209,2.9000000000000004
2015,8,22,18,30,95.24,0.2,5.300000000000001,0,0,0,0,22.400000000000002,85.02,1008,0,0,0,0,25.1,214,3
2015,8,22,19,30,109.77,0.2,5.4,0,0,0,0,22.5,88.58,1009,0,0,0,0,24.5,220,3.2
2015,8,22,20,30,124.10000000000001,0.2,5.4,0,0,0,0,22.6,91.18,1009,0,0,0,0,24.1,225,3.2
2015,8,22,21,30,138.04,0.2,5.4,0,0,0,0,22.6,93,1009,0,0,0,0,23.8,229,3.2
2015,8,22,22,30,150.98,0.2,5.300000000000001,0,0,0,0,22.6,94.02,1009,0,0,0,0,23.6,233,3.2
2015,8,22,23,30,160.8,0.2,5.4,0,0,0,0,22.5,94.83,1008,0,0,0,0,23.400000000000002,236,3
2015,8,23,0,30,161.54,0.2,5.4,0,0,0,0,22.400000000000002,94.97,1008,0,0,0,0,23.3,238,2.8000000000000003
2015,8,23,1,30,152.47,0.2,5.5,0,0,0,3,22.3,94.51,1008,0,0,0,0,23.200000000000003,240,2.8000000000000003
2015,8,23,2,30,139.74,0.2,5.5,0,0,0,3,22.1,93.72,1008,0,0,0,0,23.200000000000003,242,2.9000000000000004
2015,8,23,3,30,125.88000000000001,0.2,5.6000000000000005,0,0,0,4,22.1,94.51,1008,0,0,0,0,23,244,2.9000000000000004
2015,8,23,4,30,111.58,0.2,5.6000000000000005,0,0,0,4,22,94.8,1008,0,0,0,0,22.900000000000002,246,2.8000000000000003
2015,8,23,5,30,97.07000000000001,0.2,5.7,0,0,0,4,22,94.07000000000001,1009,0,0,0,0,23,250,2.7
2015,8,23,6,30,82.33,0.2,5.7,49,195,75,4,22,91.37,1009,22,0,7,22,23.5,255,2.9000000000000004
2015,8,23,7,30,67.72,0.2,5.800000000000001,111,497,299,4,22,85.91,1010,25,0,0,25,24.5,259,2.9000000000000004
2015,8,23,8,30,53.04,0.2,5.800000000000001,146,644,533,8,21.900000000000002,79.54,1010,208,14,7,217,25.700000000000003,261,2.8000000000000003
2015,8,23,9,30,38.38,0.2,5.7,168,727,737,4,22.1,75.61,1010,305,2,0,307,26.8,261,2.5
2015,8,23,10,30,23.84,0.2,5.7,178,774,886,3,22.400000000000002,71.88,1009,474,129,0,592,27.900000000000002,257,2.3000000000000003
2015,8,23,11,30,10.13,0.2,5.7,183,796,967,0,22.5,69.18,1008,183,796,0,967,28.700000000000003,250,2.1
2015,8,23,12,30,8.73,0.2,5.7,215,754,960,3,22.5,67.64,1007,473,34,0,507,29.1,242,2
2015,8,23,13,30,22.12,0.2,5.7,209,734,889,4,22.400000000000002,67.03,1006,368,2,0,370,29.200000000000003,234,2
2015,8,23,14,30,36.62,0.2,5.7,195,687,747,4,22.400000000000002,67.91,1005,263,1,0,264,28.900000000000002,226,2
2015,8,23,15,30,51.28,0.2,5.7,172,604,549,4,22.400000000000002,70.51,1005,161,0,0,161,28.3,220,2.2
2015,8,23,16,30,65.97,0.2,5.800000000000001,134,449,317,3,22.8,75.88,1006,140,1,0,140,27.400000000000002,215,2.3000000000000003
2015,8,23,17,30,80.61,0.2,5.800000000000001,65,155,90,7,23.200000000000003,83.31,1006,30,0,7,30,26.3,213,2.3000000000000003
2015,8,23,18,30,95.34,0.2,5.800000000000001,0,0,0,7,23.700000000000003,89.8,1007,0,0,0,0,25.5,213,2.5
2015,8,23,19,30,109.89,0.2,5.800000000000001,0,0,0,7,23.6,92.03,1008,0,0,0,0,25,216,2.6
2015,8,23,20,30,124.25,0.2,5.800000000000001,0,0,0,7,23.6,94.17,1009,0,0,1,0,24.6,222,2.7
2015,8,23,21,30,138.22,0.2,5.7,0,0,0,0,23.6,95.2,1009,0,0,0,0,24.400000000000002,227,2.7
2015,8,23,22,30,151.22,0.2,5.7,0,0,0,0,23.5,95.92,1009,0,0,0,0,24.200000000000003,232,2.7
2015,8,23,23,30,161.13,0.2,5.6000000000000005,0,0,0,3,23.400000000000002,96.51,1008,0,0,0,0,24,235,2.8000000000000003
2015,8,24,0,30,161.83,0.2,5.5,0,0,0,5,23.3,97.18,1008,0,0,0,0,23.8,238,2.8000000000000003
2015,8,24,1,30,152.62,0.2,5.4,0,0,0,0,23.200000000000003,97.73,1007,0,0,0,0,23.6,240,2.8000000000000003
2015,8,24,2,30,139.81,0.2,5.5,0,0,0,3,23.1,97.82000000000001,1007,0,0,0,0,23.5,240,2.7
2015,8,24,3,30,125.91,0.2,5.5,0,0,0,3,23.1,97.48,1007,0,0,0,0,23.5,238,2.6
2015,8,24,4,30,111.58,0.2,5.6000000000000005,0,0,0,0,23,97.31,1007,0,0,0,0,23.5,236,2.6
2015,8,24,5,30,97.05,0.2,5.6000000000000005,0,0,0,0,23,96.66,1008,0,0,0,0,23.6,234,2.7
2015,8,24,6,30,82.3,0.2,5.7,53,47,59,0,23.1,93.72,1008,53,47,0,59,24.200000000000003,232,3
2015,8,24,7,30,67.67,0.2,5.7,158,308,275,0,23.200000000000003,89.3,1009,158,308,0,275,25.1,230,3
2015,8,24,8,30,52.97,0.2,5.7,208,499,509,2,23.1,83.82000000000001,1009,229,0,0,229,26.1,227,2.9000000000000004
2015,8,24,9,30,38.28,0.2,5.6000000000000005,230,616,714,1,23,78.76,1009,230,616,0,714,27,222,2.9000000000000004
2015,8,24,10,30,23.71,0.2,5.5,240,683,866,2,22.900000000000002,75.45,1009,442,32,0,471,27.6,218,3.2
2015,8,24,11,30,9.89,0.2,5.4,239,722,950,0,22.8,73.8,1008,239,722,0,950,27.900000000000002,215,3.6
2015,8,24,12,30,8.56,0.2,5.2,246,716,954,1,22.700000000000003,73.59,1007,246,716,0,954,27.900000000000002,213,3.9000000000000004
2015,8,24,13,30,22.1,0.2,5,238,697,883,0,22.700000000000003,73.95,1007,238,697,0,883,27.8,212,4
2015,8,24,14,30,36.65,0.2,4.9,219,650,740,0,22.700000000000003,74.69,1006,219,650,0,740,27.6,210,4
2015,8,24,15,30,51.34,0.2,4.800000000000001,209,523,535,0,22.700000000000003,77.37,1006,209,523,0,535,27,209,4
2015,8,24,16,30,66.05,0.2,4.800000000000001,157,365,305,0,22.700000000000003,81.19,1007,157,365,0,305,26.200000000000003,209,3.9000000000000004
2015,8,24,17,30,80.7,0.2,4.7,66,103,83,0,22.8,85.87,1008,66,103,0,83,25.3,209,3.6
2015,8,24,18,30,95.45,0.2,4.7,0,0,0,7,22.900000000000002,90.71000000000001,1009,0,0,0,0,24.5,209,3.4000000000000004
2015,8,24,19,30,110.02,0.2,4.7,0,0,0,7,23,93.43,1009,0,0,0,0,24.1,211,3.2
2015,8,24,20,30,124.4,0.2,4.7,0,0,0,0,23.1,95.03,1010,0,0,0,0,23.900000000000002,214,2.9000000000000004
2015,8,24,21,30,138.41,0.2,4.7,0,0,0,0,23.1,96.34,1011,0,0,0,0,23.700000000000003,220,2.7
2015,8,24,22,30,151.47,0.2,4.7,0,0,0,3,23,96.64,1011,0,0,0,0,23.6,227,2.7
2015,8,24,23,30,161.46,0.2,4.7,0,0,0,8,22.900000000000002,97.27,1010,0,0,0,0,23.400000000000002,234,2.7
2015,8,25,0,30,162.13,0.2,4.7,0,0,0,1,22.900000000000002,97.44,1009,0,0,0,0,23.3,240,2.7
2015,8,25,1,30,152.77,0.2,4.7,0,0,0,8,22.8,97.63,1009,0,0,0,0,23.200000000000003,244,2.6
2015,8,25,2,30,139.89000000000001,0.2,4.7,0,0,0,1,22.700000000000003,97.78,1009,0,0,0,0,23.1,245,2.6
2015,8,25,3,30,125.94,0.2,4.7,0,0,0,3,22.6,97.85000000000001,1009,0,0,0,0,23,245,2.5
2015,8,25,4,30,111.58,0.2,4.7,0,0,0,0,22.6,97.48,1009,0,0,0,0,23,244,2.3000000000000003
2015,8,25,5,30,97.02,0.2,4.7,0,0,0,0,22.6,96.73,1009,0,0,0,0,23.1,243,2.3000000000000003
2015,8,25,6,30,82.26,0.2,4.6000000000000005,53,100,66,0,22.700000000000003,93.41,1010,53,100,0,66,23.8,241,2.7
2015,8,25,7,30,67.61,0.2,4.6000000000000005,137,394,287,0,22.700000000000003,87,1010,137,394,0,287,25,237,3.1
2015,8,25,8,30,52.9,0.2,4.6000000000000005,178,573,524,0,22.5,79.8,1010,178,573,0,524,26.3,231,3.1
2015,8,25,9,30,38.19,0.2,4.5,199,678,732,1,22.5,74.81,1010,199,678,0,732,27.400000000000002,223,3.1
2015,8,25,10,30,23.580000000000002,0.2,4.5,208,738,884,3,22.6,71.17,1010,451,49,0,496,28.3,217,3.2
2015,8,25,11,30,9.65,0.2,4.5,210,769,967,3,22.6,68.78,1009,496,83,0,578,28.900000000000002,211,3.4000000000000004
2015,8,25,12,30,8.4,0.2,4.5,206,776,973,3,22.6,68.01,1008,493,69,0,561,29.1,207,3.5
2015,8,25,13,30,22.1,0.2,4.5,195,763,901,3,22.6,68.23,1007,497,132,0,620,29,204,3.6
2015,8,25,14,30,36.69,0.2,4.5,177,723,757,3,22.5,69.71000000000001,1007,444,123,0,543,28.6,203,3.7
2015,8,25,15,30,51.4,0.2,4.5,155,643,556,3,22.5,73.03,1007,341,72,0,386,27.8,205,3.6
2015,8,25,16,30,66.12,0.2,4.5,121,495,321,1,22.6,77.64,1007,121,495,0,321,26.8,208,3.5
2015,8,25,17,30,80.79,0.2,4.5,59,199,91,0,22.700000000000003,83.5,1008,59,199,0,91,25.700000000000003,210,3.3000000000000003
2015,8,25,18,30,95.56,0.2,4.4,0,0,0,1,22.900000000000002,88.75,1009,0,0,0,0,24.900000000000002,212,3
2015,8,25,19,30,110.14,0.2,4.4,0,0,0,1,23.1,92.78,1009,0,0,0,0,24.3,215,2.9000000000000004
2015,8,25,20,30,124.55,0.2,4.4,0,0,0,0,23.1,94.99,1010,0,0,0,0,24,219,2.8000000000000003
2015,8,25,21,30,138.6,0.2,4.4,0,0,0,0,23.200000000000003,96.19,1010,0,0,0,0,23.8,224,2.7
2015,8,25,22,30,151.72,0.2,4.3,0,0,0,0,23.1,97.11,1010,0,0,0,0,23.6,226,2.6
2015,8,25,23,30,161.8,0.2,4.4,0,0,0,0,23,97.81,1009,0,0,0,0,23.400000000000002,227,2.5
2015,8,26,0,30,162.42000000000002,0.2,4.4,0,0,0,0,23,97.97,1009,0,0,0,0,23.3,226,2.4000000000000004
2015,8,26,1,30,152.92000000000002,0.2,4.4,0,0,0,3,22.900000000000002,98.09,1008,0,0,0,0,23.200000000000003,226,2.4000000000000004
2015,8,26,2,30,139.96,0.2,4.4,0,0,0,0,22.8,97.8,1008,0,0,0,0,23.200000000000003,226,2.4000000000000004
2015,8,26,3,30,125.96000000000001,0.2,4.4,0,0,0,0,22.8,98.14,1008,0,0,0,0,23.1,225,2.4000000000000004
2015,8,26,4,30,111.57000000000001,0.2,4.4,0,0,0,0,22.8,98.58,1009,0,0,0,0,23,222,2.4000000000000004
2015,8,26,5,30,97,0.2,4.4,0,0,0,0,22.700000000000003,97.25,1009,0,0,0,0,23.200000000000003,218,2.5
2015,8,26,6,30,82.21000000000001,0.2,4.4,49,161,71,0,22.8,93.21000000000001,1010,49,161,0,71,24,217,2.9000000000000004
2015,8,26,7,30,67.56,0.2,4.4,118,463,295,0,22.8,87.5,1010,118,463,0,295,25,219,3.4000000000000004
2015,8,26,8,30,52.82,0.2,4.5,159,615,530,1,22.5,81.48,1011,159,615,0,530,25.900000000000002,224,3.5
2015,8,26,9,30,38.09,0.2,4.6000000000000005,205,661,725,0,22.400000000000002,77.21000000000001,1011,205,661,0,725,26.700000000000003,230,3.3000000000000003
2015,8,26,10,30,23.45,0.2,4.6000000000000005,219,715,875,2,22.3,72.97,1010,440,28,0,466,27.6,237,3.1
2015,8,26,11,30,9.41,0.2,4.5,223,745,958,0,22.3,69.39,1009,223,745,0,958,28.400000000000002,239,3
2015,8,26,12,30,8.25,0.2,4.5,217,756,965,0,22.200000000000003,66.79,1008,217,756,0,965,29,237,2.9000000000000004
2015,8,26,13,30,22.1,0.2,4.5,208,739,892,0,22.200000000000003,65.44,1007,208,739,0,892,29.3,231,2.8000000000000003
2015,8,26,14,30,36.730000000000004,0.2,4.5,189,700,750,0,22.1,65.48,1007,189,700,0,750,29.200000000000003,225,2.7
2015,8,26,15,30,51.46,0.2,4.6000000000000005,163,620,549,3,22,67.15,1007,323,49,0,354,28.700000000000003,219,2.7
2015,8,26,16,30,66.2,0.2,4.6000000000000005,125,478,317,3,22,70.43,1007,174,6,0,177,27.900000000000002,214,2.7
2015,8,26,17,30,80.88,0.2,4.7,58,196,89,0,22.5,78.12,1008,58,196,0,89,26.6,210,2.7
2015,8,26,18,30,95.67,0.2,4.7,0,0,0,0,23.1,86.02,1008,0,0,0,0,25.6,209,2.9000000000000004
2015,8,26,19,30,110.27,0.2,4.7,0,0,0,0,23.1,89.03,1009,0,0,0,0,25,211,3.1
2015,8,26,20,30,124.71000000000001,0.2,4.7,0,0,0,0,23.1,92.05,1009,0,0,0,0,24.5,216,3.2
2015,8,26,21,30,138.79,0.2,4.7,0,0,0,3,23.200000000000003,93.98,1010,0,0,0,0,24.200000000000003,222,3.1
2015,8,26,22,30,151.97,0.2,4.7,0,0,0,3,23.1,95.47,1009,0,0,0,0,23.900000000000002,227,3
2015,8,26,23,30,162.14000000000001,0.2,4.7,0,0,0,0,23.1,96.28,1009,0,0,0,0,23.700000000000003,230,3
2015,8,27,0,30,162.71,0.2,4.7,0,0,0,0,23,96.87,1008,0,0,0,0,23.5,232,2.9000000000000004
2015,8,27,1,30,153.07,0.2,4.800000000000001,0,0,0,1,22.900000000000002,97.55,1008,0,0,0,0,23.3,233,2.9000000000000004
2015,8,27,2,30,140.02,0.2,4.800000000000001,0,0,0,3,22.8,97.62,1008,0,0,0,0,23.200000000000003,232,2.9000000000000004
2015,8,27,3,30,125.99000000000001,0.2,4.9,0,0,0,3,22.700000000000003,97.2,1008,0,0,0,0,23.200000000000003,231,2.9000000000000004
2015,8,27,4,30,111.57000000000001,0.2,4.9,0,0,0,3,22.700000000000003,96.86,1008,0,0,0,0,23.200000000000003,229,2.9000000000000004
2015,8,27,5,30,96.97,0.2,4.9,0,0,0,3,22.6,96.64,1009,0,0,0,0,23.200000000000003,229,3
2015,8,27,6,30,82.17,0.2,4.9,54,132,72,0,22.700000000000003,94.53,1009,54,132,0,72,23.6,231,3.2
2015,8,27,7,30,67.5,0.2,4.9,127,441,296,0,22.700000000000003,89.72,1009,127,441,0,296,24.5,233,3.5
2015,8,27,8,30,52.75,0.2,4.9,166,606,533,3,22.6,83.51,1010,201,0,0,201,25.6,234,3.4000000000000004
2015,8,27,9,30,38,0.2,4.9,186,702,739,3,22.6,77.83,1009,265,1,0,265,26.8,232,3.3000000000000003
2015,8,27,10,30,23.32,0.2,4.800000000000001,194,760,892,3,22.700000000000003,73.78,1009,231,0,0,232,27.8,226,3.3000000000000003
2015,8,27,11,30,9.18,0.2,4.9,195,789,974,3,22.6,70.83,1008,496,83,0,578,28.400000000000002,220,3.3000000000000003
2015,8,27,12,30,8.120000000000001,0.2,4.9,301,648,943,2,22.400000000000002,69.27,1007,516,107,0,622,28.6,214,3.4000000000000004
2015,8,27,13,30,22.11,0.2,5,274,648,874,2,22.3,69.71000000000001,1006,449,27,0,474,28.400000000000002,209,3.7
2015,8,27,14,30,36.77,0.2,5.1000000000000005,237,622,736,1,22.3,71.78,1006,237,622,0,736,27.900000000000002,206,3.9000000000000004
2015,8,27,15,30,51.52,0.2,5.1000000000000005,195,550,538,0,22.400000000000002,75.55,1006,195,550,0,538,27.1,207,4
2015,8,27,16,30,66.28,0.2,5.2,141,418,309,0,22.5,79.54,1006,141,418,0,309,26.3,210,3.9000000000000004
2015,8,27,17,30,80.98,0.2,5.300000000000001,61,155,85,0,22.6,84.33,1007,61,155,0,85,25.400000000000002,214,3.7
2015,8,27,18,30,95.78,0.2,5.300000000000001,0,0,0,0,22.700000000000003,88.53,1007,0,0,0,0,24.700000000000003,217,3.5
2015,8,27,19,30,110.4,0.2,5.300000000000001,0,0,0,0,22.8,91.19,1008,0,0,0,0,24.3,219,3.4000000000000004
2015,8,27,20,30,124.86,0.2,5.300000000000001,0,0,0,1,22.8,93.10000000000001,1009,0,0,0,0,24,220,3.4000000000000004
2015,8,27,21,30,138.98,0.2,5.300000000000001,0,0,0,0,22.8,94.26,1009,0,0,0,0,23.8,221,3.4000000000000004
2015,8,27,22,30,152.23,0.2,5.300000000000001,0,0,0,0,22.8,95.32000000000001,1009,0,0,0,0,23.6,223,3.4000000000000004
2015,8,27,23,30,162.48,0.2,5.2,0,0,0,0,22.700000000000003,95.48,1008,0,0,0,0,23.5,225,3.5
2015,8,28,0,30,163,0.2,5.2,0,0,0,0,22.6,96.07000000000001,1007,0,0,0,0,23.3,226,3.4000000000000004
2015,8,28,1,30,153.21,0.2,5.1000000000000005,0,0,0,1,22.5,96.12,1007,0,0,0,0,23.200000000000003,226,3.3000000000000003
2015,8,28,2,30,140.08,0.2,5.1000000000000005,0,0,0,1,22.5,96.78,1007,0,0,0,0,23,224,3.1
2015,8,28,3,30,126,0.2,5.1000000000000005,0,0,0,0,22.400000000000002,97,1007,0,0,0,0,22.900000000000002,221,3
2015,8,28,4,30,111.56,0.2,5.1000000000000005,0,0,0,1,22.400000000000002,96.87,1007,0,0,0,0,22.900000000000002,219,2.8000000000000003
2015,8,28,5,30,96.94,0.2,5.1000000000000005,0,0,0,1,22.400000000000002,95.24,1008,0,0,0,0,23.200000000000003,217,2.9000000000000004
2015,8,28,6,30,82.13,0.2,5.2,51,172,74,0,22.5,91.48,1008,51,172,0,74,24,216,3.2
2015,8,28,7,30,67.44,0.2,5.2,117,476,299,0,22.400000000000002,85.17,1009,117,476,0,299,25.1,215,3.5
2015,8,28,8,30,52.67,0.2,5.2,158,620,534,1,22.200000000000003,79.07000000000001,1009,158,620,0,534,26.1,212,3.5
2015,8,28,9,30,37.9,0.2,5.300000000000001,195,685,735,2,22.200000000000003,74.57000000000001,1009,396,52,0,436,27.1,209,3.4000000000000004
2015,8,28,10,30,23.2,0.2,5.4,210,733,884,2,22.3,71.86,1009,417,13,0,429,27.8,207,3.4000000000000004
2015,8,28,11,30,8.96,0.2,5.4,216,756,964,0,22.3,70.69,1008,216,756,0,964,28.1,206,3.6
2015,8,28,12,30,8,0.2,5.5,240,726,958,0,22.3,70.35000000000001,1007,240,726,0,958,28.200000000000003,205,3.7
2015,8,28,13,30,22.12,0.2,5.5,225,713,886,0,22.3,71.79,1007,225,713,0,886,27.900000000000002,205,3.8000000000000003
2015,8,28,14,30,36.82,0.2,5.6000000000000005,205,669,741,3,22.400000000000002,74.59,1006,434,95,0,510,27.3,205,3.9000000000000004
2015,8,28,15,30,51.59,0.2,5.6000000000000005,176,588,542,0,22.5,77.64,1007,176,588,0,542,26.700000000000003,206,3.9000000000000004
2015,8,28,16,30,66.36,0.2,5.5,131,449,311,0,22.5,81.63,1007,131,449,0,311,25.900000000000002,207,3.9000000000000004
2015,8,28,17,30,81.07000000000001,0.2,5.5,58,176,86,0,22.6,86.53,1007,58,176,0,86,25,207,3.7
2015,8,28,18,30,95.89,0.2,5.4,0,0,0,0,22.8,90.65,1008,0,0,0,0,24.400000000000002,207,3.5
2015,8,28,19,30,110.53,0.2,5.4,0,0,0,0,22.900000000000002,93.61,1009,0,0,0,0,24,208,3.5
2015,8,28,20,30,125.02,0.2,5.300000000000001,0,0,0,0,22.900000000000002,94.94,1009,0,0,0,0,23.8,211,3.3000000000000003
2015,8,28,21,30,139.17000000000002,0.2,5.2,0,0,0,0,22.900000000000002,96,1010,0,0,0,0,23.6,215,3.1
2015,8,28,22,30,152.48,0.2,5.1000000000000005,0,0,0,0,22.900000000000002,96.83,1010,0,0,0,0,23.400000000000002,220,2.9000000000000004
2015,8,28,23,30,162.83,0.2,5,0,0,0,0,22.8,96.95,1009,0,0,0,0,23.3,223,2.8000000000000003
2015,8,29,0,30,163.29,0.2,4.9,0,0,0,0,22.700000000000003,97.66,1009,0,0,0,0,23.1,223,2.7
2015,8,29,1,30,153.35,0.2,4.9,0,0,0,1,22.6,97.65,1008,0,0,0,0,23,225,2.5
2015,8,29,2,30,140.14000000000001,0.2,4.9,0,0,0,3,22.5,97.75,1008,0,0,0,0,22.900000000000002,229,2.4000000000000004
2015,8,29,3,30,126.02,0.2,4.9,0,0,0,4,22.5,97.42,1009,0,0,0,0,22.900000000000002,231,2.3000000000000003
2015,8,29,4,30,111.55,0.2,5,0,0,0,5,22.400000000000002,96.99000000000001,1009,0,0,0,0,22.900000000000002,229,2.3000000000000003
2015,8,29,5,30,96.91,0.2,5,0,0,0,5,22.400000000000002,96.22,1010,0,0,0,0,23,226,2.5
2015,8,29,6,30,82.08,0.2,5,48,215,78,7,22.5,93.56,1011,27,0,7,27,23.6,224,2.9000000000000004
2015,8,29,7,30,67.38,0.2,5,102,537,309,3,22.6,88.5,1012,157,2,0,158,24.6,221,3.3000000000000003
2015,8,29,8,30,52.6,0.2,5,127,695,550,3,22.3,81.76,1012,245,6,0,248,25.700000000000003,218,3.5
2015,8,29,9,30,37.81,0.2,5,143,776,756,3,22.200000000000003,75.79,1012,324,4,0,328,26.8,215,3.6
2015,8,29,10,30,23.07,0.2,5,153,819,907,2,22.1,72.21000000000001,1012,489,158,0,634,27.6,212,3.6
2015,8,29,11,30,8.74,0.2,5,157,839,986,3,22.1,70.09,1011,478,59,0,536,28.1,209,3.6
2015,8,29,12,30,7.890000000000001,0.2,4.9,188,797,977,3,22.1,68.72,1010,501,99,0,599,28.400000000000002,207,3.7
2015,8,29,13,30,22.14,0.2,4.9,177,785,904,0,22.1,68.98,1009,177,785,0,904,28.3,205,3.8000000000000003
2015,8,29,14,30,36.87,0.2,4.9,162,746,758,0,22.1,70.21000000000001,1009,162,746,0,758,28,206,3.9000000000000004
2015,8,29,15,30,51.660000000000004,0.2,4.9,160,623,547,0,22.1,72.67,1009,160,623,0,547,27.400000000000002,207,3.8000000000000003
2015,8,29,16,30,66.45,0.2,4.800000000000001,123,474,312,0,22.1,76.65,1009,123,474,0,312,26.5,208,3.7
2015,8,29,17,30,81.17,0.2,4.800000000000001,54,194,84,0,22.200000000000003,81.87,1010,54,194,0,84,25.5,210,3.4000000000000004
2015,8,29,18,30,96.01,0.2,4.7,0,0,0,0,22.400000000000002,87.32000000000001,1010,0,0,0,0,24.6,213,3.2
2015,8,29,19,30,110.67,0.2,4.6000000000000005,0,0,0,0,22.5,90.74,1011,0,0,0,0,24.1,216,3.1
2015,8,29,20,30,125.17,0.2,4.6000000000000005,0,0,0,0,22.6,93.29,1011,0,0,0,0,23.700000000000003,219,2.9000000000000004
2015,8,29,21,30,139.36,0.2,4.6000000000000005,0,0,0,0,22.6,94.41,1011,0,0,0,0,23.5,223,2.7
2015,8,29,22,30,152.73,0.2,4.6000000000000005,0,0,0,0,22.5,95.25,1011,0,0,0,0,23.3,227,2.6
2015,8,29,23,30,163.18,0.2,4.6000000000000005,0,0,0,0,22.400000000000002,96.02,1011,0,0,0,0,23.1,230,2.5
2015,8,30,0,30,163.58,0.2,4.6000000000000005,0,0,0,0,22.400000000000002,96.76,1010,0,0,0,0,22.900000000000002,233,2.4000000000000004
2015,8,30,1,30,153.48,0.2,4.6000000000000005,0,0,0,0,22.3,96.34,1010,0,0,0,0,22.900000000000002,235,2.4000000000000004
2015,8,30,2,30,140.20000000000002,0.2,4.6000000000000005,0,0,0,1,22.200000000000003,96.62,1010,0,0,0,0,22.8,236,2.3000000000000003
2015,8,30,3,30,126.03,0.2,4.6000000000000005,0,0,0,1,22.200000000000003,96.97,1010,0,0,0,0,22.700000000000003,236,2.3000000000000003
2015,8,30,4,30,111.54,0.2,4.6000000000000005,0,0,0,3,22.200000000000003,97.49000000000001,1011,0,0,0,0,22.6,237,2.3000000000000003
2015,8,30,5,30,96.88,0.2,4.6000000000000005,0,0,0,3,22.200000000000003,95.64,1011,0,0,0,0,22.900000000000002,238,2.5
2015,8,30,6,30,82.04,0.2,4.6000000000000005,47,206,75,1,22.3,91.74,1012,47,206,0,75,23.700000000000003,237,2.8000000000000003
2015,8,30,7,30,67.32000000000001,0.2,4.6000000000000005,108,508,304,3,22.3,85.37,1013,127,1,7,128,24.900000000000002,234,3
2015,8,30,8,30,52.52,0.2,4.7,141,660,542,3,22,78.39,1013,295,26,0,311,26.1,230,3
2015,8,30,9,30,37.72,0.2,4.7,193,686,736,2,22,73.46000000000001,1013,401,49,0,439,27.200000000000003,225,2.9000000000000004
2015,8,30,10,30,22.95,0.2,4.7,203,743,887,2,22.1,69.79,1012,446,38,0,482,28.1,221,3
2015,8,30,11,30,8.52,0.2,4.7,205,772,969,0,22,67.24,1011,205,772,0,969,28.700000000000003,217,3
2015,8,30,12,30,7.8,0.2,4.7,241,723,957,0,22,66.27,1010,241,723,0,957,28.900000000000002,212,3.2
2015,8,30,13,30,22.17,0.2,4.800000000000001,223,714,885,0,21.900000000000002,66.1,1009,223,714,0,885,28.900000000000002,210,3.3000000000000003
2015,8,30,14,30,36.93,0.2,4.800000000000001,199,680,743,0,21.900000000000002,67.54,1009,199,680,0,743,28.5,209,3.4000000000000004
2015,8,30,15,30,51.74,0.2,4.800000000000001,168,607,543,0,21.900000000000002,70.36,1009,168,607,0,543,27.8,210,3.5
2015,8,30,16,30,66.54,0.2,4.800000000000001,122,475,311,0,22,74.9,1009,122,475,0,311,26.8,211,3.6
2015,8,30,17,30,81.27,0.2,4.800000000000001,53,207,85,0,22.200000000000003,80.96000000000001,1010,53,207,0,85,25.700000000000003,211,3.5
2015,8,30,18,30,96.12,0.2,4.800000000000001,0,0,0,0,22.5,86.81,1011,0,0,0,0,24.8,212,3.5
2015,8,30,19,30,110.8,0.2,4.800000000000001,0,0,0,3,22.6,90.27,1011,0,0,0,0,24.3,215,3.5
2015,8,30,20,30,125.33,0.2,4.800000000000001,0,0,0,0,22.700000000000003,92.46000000000001,1012,0,0,0,0,24,219,3.5
2015,8,30,21,30,139.56,0.2,4.800000000000001,0,0,0,0,22.700000000000003,93.55,1012,0,0,0,0,23.8,223,3.4000000000000004
2015,8,30,22,30,152.98,0.2,4.9,0,0,0,0,22.700000000000003,94.01,1012,0,0,0,0,23.700000000000003,228,3.4000000000000004
2015,8,30,23,30,163.53,0.2,4.9,0,0,0,0,22.700000000000003,94.44,1012,0,0,0,0,23.6,232,3.3000000000000003
2015,8,31,0,30,163.87,0.2,4.9,0,0,0,0,22.6,94.7,1011,0,0,0,0,23.5,235,3.3000000000000003
2015,8,31,1,30,153.61,0.2,4.9,0,0,0,0,22.5,95.54,1010,0,0,0,0,23.3,239,3.3000000000000003
2015,8,31,2,30,140.25,0.2,4.9,0,0,0,0,22.5,95.73,1009,0,0,0,0,23.200000000000003,241,3.2
2015,8,31,3,30,126.05,0.2,5,0,0,0,0,22.400000000000002,95.91,1009,0,0,0,0,23.1,241,3.1
2015,8,31,4,30,111.52,0.2,5.1000000000000005,0,0,0,1,22.400000000000002,96.3,1010,0,0,0,0,23,239,2.9000000000000004
2015,8,31,5,30,96.85000000000001,0.2,5.2,0,0,0,0,22.3,95.43,1010,0,0,0,0,23.1,238,2.9000000000000004
2015,8,31,6,30,81.99,0.2,5.300000000000001,46,254,82,0,22.400000000000002,92.92,1011,46,254,0,82,23.6,239,3.1
2015,8,31,7,30,67.26,0.2,5.300000000000001,98,557,314,3,22.400000000000002,87.88,1012,101,0,0,101,24.5,241,3.3000000000000003
2015,8,31,8,30,52.45,0.2,5.4,129,695,552,3,22.1,81.64,1013,224,2,0,225,25.5,241,3.4000000000000004
2015,8,31,9,30,37.63,0.2,5.4,148,768,757,2,22,75.78,1012,419,112,0,507,26.6,239,3.5
2015,8,31,10,30,22.84,0.2,5.4,157,813,907,2,21.900000000000002,71.32000000000001,1012,447,67,0,509,27.6,236,3.6
2015,8,31,11,30,8.32,0.2,5.4,161,834,986,3,21.900000000000002,68.07000000000001,1011,476,52,0,527,28.400000000000002,231,3.7
2015,8,31,12,30,7.73,0.2,5.4,269,689,952,3,21.900000000000002,66.72,1010,482,25,0,506,28.700000000000003,226,3.9000000000000004
2015,8,31,13,30,22.2,0.2,5.5,242,691,882,2,21.900000000000002,66.62,1009,533,190,0,709,28.700000000000003,222,4.1000000000000005
2015,8,31,14,30,36.99,0.2,5.5,218,652,739,3,21.900000000000002,68.57000000000001,1008,249,0,0,250,28.200000000000003,220,4.2
2015,8,31,15,30,51.82,0.2,5.6000000000000005,182,580,540,3,21.900000000000002,71.7,1008,106,0,0,106,27.5,219,4.2
2015,8,31,16,30,66.63,0.2,5.6000000000000005,135,434,307,3,22.1,76.72,1009,89,0,0,90,26.5,220,4.1000000000000005
2015,8,31,17,30,81.38,0.2,5.7,58,157,82,3,22.3,82.59,1009,25,0,7,25,25.5,220,3.9000000000000004
2015,8,31,18,30,96.24000000000001,0.2,5.6000000000000005,0,0,0,3,22.6,88.60000000000001,1010,0,0,0,0,24.6,222,3.8000000000000003
2015,8,31,19,30,110.94,0.2,5.6000000000000005,0,0,0,3,22.700000000000003,91.95,1011,0,0,0,0,24.1,223,3.8000000000000003
2015,8,31,20,30,125.49000000000001,0.2,5.6000000000000005,0,0,0,3,22.700000000000003,93.83,1011,0,0,0,0,23.8,225,3.6
2015,8,31,21,30,139.75,0.2,5.5,0,0,0,3,22.8,95.08,1011,0,0,0,0,23.6,227,3.4000000000000004
2015,8,31,22,30,153.24,0.2,5.5,0,0,0,4,22.700000000000003,96.7,1011,0,0,0,0,23.3,230,3.2
2015,8,31,23,30,163.88,0.2,5.5,0,0,0,4,22.700000000000003,96.88,1010,0,0,0,0,23.200000000000003,233,3.2
2015,9,1,0,30,164.16,0.2,5.4,0,0,0,8,22.6,97.4,1010,0,0,0,0,23,236,3.3000000000000003
2015,9,1,1,30,153.74,0.2,5.4,0,0,0,8,22.400000000000002,97.63,1009,0,0,0,0,22.8,240,3.2
2015,9,1,2,30,140.3,0.2,5.4,0,0,0,7,22.3,97.44,1009,0,0,0,0,22.700000000000003,243,3.1
2015,9,1,3,30,126.05,0.2,5.4,0,0,0,7,22.1,97.7,1009,0,0,0,0,22.5,246,3
2015,9,1,4,30,111.51,0.2,5.4,0,0,0,1,22,97.42,1009,0,0,0,0,22.400000000000002,249,2.7
2015,9,1,5,30,96.81,0.2,5.4,0,0,0,3,21.900000000000002,96.54,1010,0,0,0,0,22.5,249,2.7
2015,9,1,6,30,81.94,0.2,5.4,51,184,77,0,22,93.66,1010,51,184,0,77,23.1,245,3.1
2015,9,1,7,30,67.2,0.2,5.300000000000001,113,499,306,0,22.1,87.60000000000001,1011,113,499,0,306,24.3,240,3.6
2015,9,1,8,30,52.38,0.2,5.300000000000001,146,654,545,0,21.700000000000003,78.27,1011,146,654,0,545,25.8,236,3.7
2015,9,1,9,30,37.54,0.2,5.300000000000001,170,730,749,1,21.6,71.84,1011,170,730,0,749,27.1,230,3.6
2015,9,1,10,30,22.72,0.2,5.300000000000001,188,768,896,3,21.700000000000003,68.55,1010,439,33,0,469,28,223,3.5
2015,9,1,11,30,8.13,0.2,5.300000000000001,199,784,975,3,21.8,67.29,1010,477,27,0,504,28.400000000000002,218,3.6
2015,9,1,12,30,7.67,0.2,5.300000000000001,199,785,976,3,21.8,66.68,1009,490,72,0,561,28.6,213,3.9000000000000004
2015,9,1,13,30,22.240000000000002,0.2,5.300000000000001,193,764,900,2,21.8,68.04,1008,468,116,0,575,28.3,211,4
2015,9,1,14,30,37.06,0.2,5.300000000000001,178,721,754,2,21.900000000000002,71.19,1007,400,79,0,463,27.6,212,4.1000000000000005
2015,9,1,15,30,51.9,0.2,5.300000000000001,154,644,551,3,22,74.55,1007,131,0,0,131,26.900000000000002,214,4.1000000000000005
2015,9,1,16,30,66.73,0.2,5.2,118,499,315,0,22.1,78.56,1007,118,499,0,315,26.1,216,3.9000000000000004
2015,9,1,17,30,81.48,0.2,5.2,55,203,85,1,22.200000000000003,84.16,1008,55,203,0,85,25.1,216,3.6
2015,9,1,18,30,96.36,0.2,5.1000000000000005,0,0,0,3,22.5,89.05,1009,0,0,0,0,24.400000000000002,216,3.3000000000000003
2015,9,1,19,30,111.07000000000001,0.2,5.1000000000000005,0,0,0,8,22.6,91.83,1009,0,0,0,0,24,215,3.2
2015,9,1,20,30,125.65,0.2,5,0,0,0,3,22.700000000000003,94.57000000000001,1010,0,0,0,0,23.6,215,3.1
2015,9,1,21,30,139.94,0.2,5,0,0,0,3,22.700000000000003,95.83,1010,0,0,0,0,23.400000000000002,214,3
2015,9,1,22,30,153.49,0.2,4.9,0,0,0,3,22.700000000000003,96.84,1010,0,0,0,0,23.200000000000003,213,2.9000000000000004
2015,9,1,23,30,164.24,0.2,4.9,0,0,0,3,22.6,97.27,1010,0,0,0,0,23.1,212,2.9000000000000004
2015,9,2,0,30,164.44,0.2,4.800000000000001,0,0,0,3,22.6,97.63,1009,0,0,0,0,23,212,2.9000000000000004
2015,9,2,1,30,153.86,0.2,4.7,0,0,0,1,22.6,98.11,1008,0,0,0,0,22.900000000000002,212,3
2015,9,2,2,30,140.34,0.2,4.7,0,0,0,3,22.6,98.03,1008,0,0,0,0,22.900000000000002,214,3
2015,9,2,3,30,126.06,0.2,4.6000000000000005,0,0,0,1,22.5,98.42,1008,0,0,0,0,22.8,217,2.9000000000000004
2015,9,2,4,30,111.49000000000001,0.2,4.5,0,0,0,3,22.5,98.19,1009,0,0,0,0,22.8,221,2.8000000000000003
2015,9,2,5,30,96.78,0.2,4.5,0,0,0,1,22.400000000000002,97.28,1009,0,0,0,0,22.900000000000002,222,2.9000000000000004
2015,9,2,6,30,81.89,0.2,4.4,45,291,86,0,22.6,93.46000000000001,1010,45,291,0,86,23.700000000000003,220,3.2
2015,9,2,7,30,67.13,0.2,4.4,87,609,323,0,22.6,87.2,1011,87,609,0,323,24.900000000000002,216,3.6
2015,9,2,8,30,52.300000000000004,0.2,4.3,111,746,568,0,22.200000000000003,78.84,1011,111,746,0,568,26.200000000000003,214,3.6
2015,9,2,9,30,37.45,0.2,4.3,179,724,754,1,22.1,72.78,1011,179,724,0,754,27.400000000000002,211,3.5
2015,9,2,10,30,22.61,0.2,4.3,196,765,902,3,22.1,69.34,1010,424,14,0,436,28.200000000000003,208,3.4000000000000004
2015,9,2,11,30,7.94,0.2,4.3,204,785,981,3,22,67.69,1010,497,72,0,568,28.6,204,3.4000000000000004
2015,9,2,12,30,7.63,0.2,4.3,203,787,982,2,22,66.68,1009,556,192,0,747,28.8,201,3.6
2015,9,2,13,30,22.29,0.2,4.3,194,770,906,2,21.900000000000002,66.77,1008,481,122,0,593,28.700000000000003,198,3.8000000000000003
2015,9,2,14,30,37.13,0.2,4.3,177,730,759,1,21.900000000000002,68.1,1008,177,730,0,759,28.3,197,3.9000000000000004
2015,9,2,15,30,51.980000000000004,0.2,4.3,151,655,555,0,21.8,71.17,1008,151,655,0,555,27.5,198,3.9000000000000004
2015,9,2,16,30,66.82000000000001,0.2,4.3,115,509,315,0,21.8,76.27,1008,115,509,0,315,26.3,200,3.8000000000000003
2015,9,2,17,30,81.59,0.2,4.3,53,208,84,0,21.8,81.66,1009,53,208,0,84,25.200000000000003,202,3.5
2015,9,2,18,30,96.48,0.2,4.3,0,0,0,0,22,86.82000000000001,1009,0,0,0,0,24.3,204,3.2
2015,9,2,19,30,111.21000000000001,0.2,4.3,0,0,0,0,22.1,90.2,1010,0,0,0,0,23.8,206,2.9000000000000004
2015,9,2,20,30,125.81,0.2,4.3,0,0,0,0,22.200000000000003,93,1011,0,0,0,0,23.400000000000002,209,2.6
2015,9,2,21,30,140.13,0.2,4.4,0,0,0,0,22.3,94.54,1011,0,0,0,0,23.200000000000003,213,2.4000000000000004
2015,9,2,22,30,153.74,0.2,4.4,0,0,0,0,22.3,95.98,1011,0,0,0,0,23,218,2.2
2015,9,2,23,30,164.59,0.2,4.4,0,0,0,0,22.3,96.65,1010,0,0,0,0,22.900000000000002,223,2.1
2015,9,3,0,30,164.72,0.2,4.5,0,0,0,0,22.3,97.89,1010,0,0,0,0,22.700000000000003,229,2
2015,9,3,1,30,153.97,0.2,4.5,0,0,0,1,22.3,98.37,1009,0,0,0,0,22.6,233,1.9000000000000001
2015,9,3,2,30,140.39000000000001,0.2,4.6000000000000005,0,0,0,1,22.3,98.91,1009,0,0,0,0,22.5,236,1.7000000000000002
2015,9,3,3,30,126.06,0.2,4.6000000000000005,0,0,0,1,22.3,99.39,1009,0,0,0,0,22.400000000000002,238,1.6
2015,9,3,4,30,111.47,0.2,4.7,0,0,0,0,22.3,99.93,1010,0,0,0,0,22.3,238,1.5
2015,9,3,5,30,96.74000000000001,0.2,4.7,0,0,0,0,22.3,97.93,1010,0,0,0,0,22.6,239,1.5
2015,9,3,6,30,81.84,0.2,4.800000000000001,50,227,82,0,22.3,92.15,1011,50,227,0,82,23.700000000000003,238,1.7000000000000002
2015,9,3,7,30,67.07000000000001,0.2,4.800000000000001,104,541,315,0,22.200000000000003,84.2,1011,104,541,0,315,25.1,235,1.9000000000000001
2015,9,3,8,30,52.230000000000004,0.2,4.800000000000001,133,691,556,0,22.1,76.59,1011,133,691,0,556,26.5,231,1.9000000000000001
2015,9,3,9,30,37.37,0.2,4.800000000000001,148,774,764,0,22,70.84,1010,148,774,0,764,27.8,224,1.9000000000000001
2015,9,3,10,30,22.51,0.2,4.800000000000001,158,818,914,0,22,66.76,1010,158,818,0,914,28.8,216,2
2015,9,3,11,30,7.7700000000000005,0.2,4.800000000000001,164,835,992,1,21.900000000000002,63.76,1009,164,835,0,992,29.5,208,2.2
2015,9,3,12,30,7.61,0.2,4.800000000000001,179,815,987,0,21.8,61.910000000000004,1008,179,815,0,987,29.900000000000002,203,2.5
2015,9,3,13,30,22.35,0.2,4.800000000000001,174,795,909,0,21.700000000000003,61.870000000000005,1007,174,795,0,909,29.8,200,2.9000000000000004
2015,9,3,14,30,37.21,0.2,4.9,162,751,760,0,21.6,63,1007,162,751,0,760,29.400000000000002,198,3.1
2015,9,3,15,30,52.07,0.2,4.9,153,645,550,0,21.6,66.31,1007,153,645,0,550,28.5,199,3.3000000000000003
2015,9,3,16,30,66.92,0.2,5,115,497,310,0,21.700000000000003,70.97,1007,115,497,0,310,27.400000000000002,201,3.3000000000000003
2015,9,3,17,30,81.7,0.2,5,52,199,80,7,21.900000000000002,77.59,1008,63,10,7,64,26.1,203,3.3000000000000003
2015,9,3,18,30,96.61,0.2,5,0,0,0,0,22.1,83.87,1009,0,0,0,0,25,205,3.2
2015,9,3,19,30,111.35000000000001,0.2,5,0,0,0,0,22.200000000000003,87.4,1009,0,0,0,0,24.400000000000002,209,3.1
2015,9,3,20,30,125.97,0.2,5.1000000000000005,0,0,0,0,22.3,90.13,1010,0,0,0,0,24,213,2.9000000000000004
2015,9,3,21,30,140.33,0.2,5.1000000000000005,0,0,0,1,22.400000000000002,92.21000000000001,1010,0,0,0,0,23.700000000000003,217,2.7
2015,9,3,22,30,154,0.2,5.1000000000000005,0,0,0,1,22.400000000000002,93.7,1010,0,0,0,0,23.5,221,2.5
2015,9,3,23,30,164.95000000000002,0.2,5.1000000000000005,0,0,0,1,22.5,95.16,1010,0,0,0,0,23.3,225,2.5
2015,9,4,0,30,165,0.2,5.1000000000000005,0,0,0,1,22.5,95.74000000000001,1009,0,0,0,0,23.200000000000003,229,2.7
2015,9,4,1,30,154.09,0.2,5.1000000000000005,0,0,0,3,22.5,96.28,1009,0,0,0,0,23.1,232,2.9000000000000004
2015,9,4,2,30,140.43,0.2,5.1000000000000005,0,0,0,3,22.400000000000002,95.87,1008,0,0,0,0,23.1,235,3.1
2015,9,4,3,30,126.07000000000001,0.2,5.1000000000000005,0,0,0,3,22.400000000000002,96.3,1008,0,0,0,0,23,236,3.1
2015,9,4,4,30,111.45,0.2,5.1000000000000005,0,0,0,3,22.400000000000002,96.29,1009,0,0,0,0,23,237,2.8000000000000003
2015,9,4,5,30,96.7,0.2,5.1000000000000005,0,0,0,1,22.3,94.91,1009,0,0,0,0,23.200000000000003,238,2.7
2015,9,4,6,30,81.79,0.2,5.2,53,192,80,0,22.3,90.29,1010,53,192,0,80,24,240,2.8000000000000003
2015,9,4,7,30,67.01,0.2,5.1000000000000005,116,498,311,3,22.200000000000003,83.41,1011,158,4,0,159,25.200000000000003,240,2.8000000000000003
2015,9,4,8,30,52.160000000000004,0.2,5.1000000000000005,148,657,551,3,22.200000000000003,77.10000000000001,1011,225,2,0,226,26.5,237,2.5
2015,9,4,9,30,37.28,0.2,5.1000000000000005,219,654,739,3,22.200000000000003,72.04,1011,326,3,0,328,27.700000000000003,229,2.3000000000000003
2015,9,4,10,30,22.41,0.2,5.1000000000000005,227,718,890,2,22.200000000000003,68.37,1010,445,29,0,472,28.6,219,2.3000000000000003
2015,9,4,11,30,7.61,0.2,5.1000000000000005,223,755,971,0,22.200000000000003,65.91,1009,223,755,0,971,29.200000000000003,211,2.5
2015,9,4,12,30,7.61,0.2,5.1000000000000005,246,721,961,2,22.1,64.9,1008,570,183,0,751,29.400000000000002,207,2.7
2015,9,4,13,30,22.41,0.2,5.1000000000000005,229,711,886,0,22.1,65.05,1007,229,711,0,886,29.3,205,2.8000000000000003
2015,9,4,14,30,37.29,0.2,5.1000000000000005,206,671,740,0,22,66.51,1007,206,671,0,740,28.900000000000002,205,2.9000000000000004
2015,9,4,15,30,52.160000000000004,0.2,5.1000000000000005,173,597,539,0,22.1,69.59,1007,173,597,0,539,28.200000000000003,205,3
2015,9,4,16,30,67.02,0.2,5.1000000000000005,128,450,303,0,22.3,73.99,1007,128,450,0,303,27.3,206,3
2015,9,4,17,30,81.81,0.2,5.1000000000000005,54,161,77,0,22.6,80.51,1008,54,161,0,77,26.200000000000003,207,3.1
2015,9,4,18,30,96.73,0.2,5.1000000000000005,0,0,0,0,22.900000000000002,86.60000000000001,1009,0,0,0,0,25.3,208,3.2
2015,9,4,19,30,111.49000000000001,0.2,5,0,0,0,0,22.900000000000002,89.56,1009,0,0,0,0,24.700000000000003,210,3.2
2015,9,4,20,30,126.13000000000001,0.2,5,0,0,0,0,22.900000000000002,91.95,1010,0,0,0,0,24.3,213,3.2
2015,9,4,21,30,140.52,0.2,4.9,0,0,0,0,22.900000000000002,93.84,1010,0,0,0,0,24,215,3
2015,9,4,22,30,154.25,0.2,4.9,0,0,0,0,22.900000000000002,94.43,1010,0,0,0,0,23.900000000000002,218,3
2015,9,4,23,30,165.31,0.2,4.800000000000001,0,0,0,0,22.900000000000002,95.55,1010,0,0,0,0,23.700000000000003,220,2.9000000000000004
2015,9,5,0,30,165.28,0.2,4.800000000000001,0,0,0,0,22.900000000000002,95.95,1009,0,0,0,0,23.6,223,2.9000000000000004
2015,9,5,1,30,154.19,0.2,4.800000000000001,0,0,0,1,22.900000000000002,96.21000000000001,1009,0,0,0,0,23.5,225,3
2015,9,5,2,30,140.46,0.2,4.800000000000001,0,0,0,3,22.8,96.08,1009,0,0,0,0,23.5,228,3
2015,9,5,3,30,126.06,0.2,4.9,0,0,0,3,22.8,96.52,1009,0,0,0,0,23.400000000000002,229,3
2015,9,5,4,30,111.42,0.2,5,0,0,0,7,22.8,96.91,1009,0,0,0,0,23.3,231,3.1
2015,9,5,5,30,96.66,0.2,5,0,0,0,3,22.8,96.17,1010,0,0,0,0,23.400000000000002,232,3.1
2015,9,5,6,30,81.74,0.2,5.1000000000000005,53,203,82,3,22.8,92.78,1010,25,0,7,25,24,233,3.4000000000000004
2015,9,5,7,30,66.95,0.2,5.2,109,526,315,7,22.6,86.64,1011,126,9,0,129,25,233,3.4000000000000004
2015,9,5,8,30,52.09,0.2,5.2,136,685,557,1,22.3,79.85000000000001,1011,136,685,0,557,26.1,232,3.3000000000000003
2015,9,5,9,30,37.2,0.2,5.2,151,770,764,8,22.3,74.54,1011,359,257,0,564,27.200000000000003,228,3
2015,9,5,10,30,22.31,0.2,5.2,157,820,915,6,22.3,70.31,1010,444,103,0,539,28.200000000000003,222,2.9000000000000004
2015,9,5,11,30,7.47,0.2,5.2,158,844,994,7,22.3,67.43,1009,435,104,0,537,28.900000000000002,216,3
2015,9,5,12,30,7.63,0.2,5.1000000000000005,155,848,996,7,22.200000000000003,66.1,1008,437,69,0,505,29.200000000000003,213,3.2
2015,9,5,13,30,22.48,0.2,5.1000000000000005,149,832,917,7,22.200000000000003,65.91,1007,430,160,0,578,29.200000000000003,211,3.4000000000000004
2015,9,5,14,30,37.37,0.2,5.1000000000000005,139,791,768,7,22.200000000000003,67.37,1007,364,184,0,510,28.8,210,3.6
2015,9,5,15,30,52.26,0.2,5.2,135,682,553,7,22.200000000000003,70.29,1007,263,319,0,459,28.1,212,3.7
2015,9,5,16,30,67.12,0.2,5.2,106,531,312,7,22.3,74.94,1007,122,8,0,125,27.1,213,3.7
2015,9,5,17,30,81.92,0.2,5.300000000000001,50,210,80,0,22.5,80.39,1008,50,210,0,80,26.1,212,3.5
2015,9,5,18,30,96.85000000000001,0.2,5.300000000000001,0,0,0,3,22.700000000000003,86.08,1009,0,0,0,0,25.200000000000003,211,3.4000000000000004
2015,9,5,19,30,111.62,0.2,5.4,0,0,0,2,22.900000000000002,89.57000000000001,1010,0,0,0,0,24.700000000000003,213,3.5
2015,9,5,20,30,126.28,0.2,5.4,0,0,0,0,23,91.85000000000001,1011,0,0,0,0,24.400000000000002,216,3.5
2015,9,5,21,30,140.71,0.2,5.4,0,0,0,0,23,93.25,1011,0,0,0,0,24.200000000000003,220,3.5
2015,9,5,22,30,154.5,0.2,5.300000000000001,0,0,0,3,23,94.41,1011,0,0,0,0,24,223,3.5
2015,9,5,23,30,165.67000000000002,0.2,5.300000000000001,0,0,0,3,23,95.26,1010,0,0,0,0,23.8,226,3.3000000000000003
2015,9,6,0,30,165.55,0.2,5.2,0,0,0,3,22.900000000000002,96.11,1009,0,0,0,0,23.6,229,3.1
2015,9,6,1,30,154.3,0.2,5.1000000000000005,0,0,0,3,22.900000000000002,96.83,1008,0,0,0,0,23.400000000000002,230,2.9000000000000004
2015,9,6,2,30,140.49,0.2,5.1000000000000005,0,0,0,3,22.8,97.07000000000001,1008,0,0,0,0,23.3,231,2.8000000000000003
2015,9,6,3,30,126.06,0.2,5.1000000000000005,0,0,0,5,22.700000000000003,97.84,1008,0,0,0,0,23.1,230,2.6
2015,9,6,4,30,111.4,0.2,5.1000000000000005,0,0,0,5,22.700000000000003,97.64,1009,0,0,0,0,23.1,230,2.6
2015,9,6,5,30,96.62,0.2,5.1000000000000005,0,0,0,4,22.6,96.01,1009,0,0,0,0,23.3,231,2.7
2015,9,6,6,30,81.69,0.2,5.1000000000000005,51,225,83,4,22.700000000000003,92.59,1010,30,0,7,30,24,230,3
2015,9,6,7,30,66.89,0.2,5.1000000000000005,106,542,318,3,22.700000000000003,86.14,1011,13,0,0,13,25.200000000000003,227,3.3000000000000003
2015,9,6,8,30,52.02,0.2,5.1000000000000005,132,697,561,3,22.400000000000002,78.45,1011,215,0,0,214,26.5,222,3.5
2015,9,6,9,30,37.12,0.2,5.1000000000000005,144,783,769,3,22.400000000000002,73.23,1011,224,0,0,224,27.6,217,3.6
2015,9,6,10,30,22.22,0.2,5.2,150,830,918,3,22.400000000000002,69.84,1011,232,0,0,232,28.400000000000002,213,3.8000000000000003
2015,9,6,11,30,7.34,0.2,5.2,152,853,997,3,22.3,67.76,1010,484,76,0,559,28.900000000000002,211,4.1000000000000005
2015,9,6,12,30,7.67,0.2,5.300000000000001,250,715,958,3,22.3,67.73,1009,396,2,0,398,28.900000000000002,210,4.3
2015,9,6,13,30,22.55,0.2,5.300000000000001,231,706,884,1,22.3,68.58,1008,231,706,0,884,28.700000000000003,210,4.4
2015,9,6,14,30,37.46,0.2,5.4,209,663,736,0,22.400000000000002,70.72,1008,209,663,0,736,28.200000000000003,210,4.3
2015,9,6,15,30,52.35,0.2,5.4,178,582,533,0,22.400000000000002,74.28,1008,178,582,0,533,27.400000000000002,210,4.2
2015,9,6,16,30,67.23,0.2,5.5,130,433,298,0,22.5,78.77,1009,130,433,0,298,26.5,210,3.9000000000000004
2015,9,6,17,30,82.03,0.2,5.5,52,153,73,0,22.700000000000003,84.53,1010,52,153,0,73,25.5,209,3.5
2015,9,6,18,30,96.98,0.2,5.5,0,0,0,0,22.900000000000002,89.42,1010,0,0,0,0,24.8,207,3.2
2015,9,6,19,30,111.76,0.2,5.5,0,0,0,0,23.1,92.47,1011,0,0,0,0,24.400000000000002,206,3
2015,9,6,20,30,126.44,0.2,5.5,0,0,0,0,23.200000000000003,94.12,1012,0,0,0,0,24.200000000000003,206,2.7
2015,9,6,21,30,140.9,0.2,5.5,0,0,0,7,23.200000000000003,95.56,1012,0,0,0,0,24,208,2.4000000000000004
2015,9,6,22,30,154.75,0.2,5.5,0,0,0,0,23.3,96.23,1012,0,0,0,0,23.900000000000002,214,2.3000000000000003
2015,9,6,23,30,166.03,0.2,5.5,0,0,0,8,23.200000000000003,96.61,1011,0,0,0,0,23.8,222,2.4000000000000004
2015,9,7,0,30,165.82,0.2,5.5,0,0,0,5,23.200000000000003,96.83,1010,0,0,0,0,23.700000000000003,231,2.5
2015,9,7,1,30,154.4,0.2,5.4,0,0,0,5,23.1,97.54,1009,0,0,0,0,23.5,238,2.6
2015,9,7,2,30,140.52,0.2,5.4,0,0,0,4,23,97.64,1009,0,0,0,0,23.400000000000002,243,2.6
2015,9,7,3,30,126.05,0.2,5.4,0,0,0,4,22.900000000000002,97.69,1009,0,0,0,0,23.3,244,2.5
2015,9,7,4,30,111.37,0.2,5.4,0,0,0,4,22.8,98.33,1009,0,0,0,0,23.1,243,2.2
2015,9,7,5,30,96.58,0.2,5.300000000000001,0,0,0,4,22.8,96.75,1010,0,0,0,0,23.3,242,2.1
2015,9,7,6,30,81.64,0.2,5.300000000000001,47,280,88,4,22.8,92.36,1011,4,0,0,4,24.1,242,2.2
2015,9,7,7,30,66.83,0.2,5.300000000000001,96,577,323,0,22.6,85.16,1012,96,577,0,323,25.3,242,2.3000000000000003
2015,9,7,8,30,51.95,0.2,5.300000000000001,124,713,563,7,22.3,77.92,1012,265,300,0,450,26.5,239,2.3000000000000003
2015,9,7,9,30,37.04,0.2,5.300000000000001,140,789,770,8,22.200000000000003,72.56,1012,314,25,7,334,27.6,232,2.4000000000000004
2015,9,7,10,30,22.13,0.2,5.300000000000001,149,830,918,3,22.200000000000003,69.12,1011,452,71,0,518,28.400000000000002,225,2.5
2015,9,7,11,30,7.22,0.2,5.4,153,849,995,3,22.200000000000003,67.09,1010,428,7,0,435,28.900000000000002,218,2.6
2015,9,7,12,30,7.72,0.2,5.4,151,850,994,3,22.200000000000003,65.9,1009,482,73,0,554,29.200000000000003,211,2.7
2015,9,7,13,30,22.64,0.2,5.4,147,834,916,3,22.1,66.17,1008,413,12,0,424,29.1,206,2.9000000000000004
2015,9,7,14,30,37.550000000000004,0.2,5.4,135,794,764,3,22.200000000000003,67.36,1007,241,0,0,241,28.8,203,3
2015,9,7,15,30,52.45,0.2,5.4,157,629,540,3,22.200000000000003,70.42,1007,328,61,0,365,28.1,203,3.1
2015,9,7,16,30,67.34,0.2,5.300000000000001,115,488,304,1,22.3,74.78,1008,115,488,0,304,27.200000000000003,204,3.2
2015,9,7,17,30,82.15,0.2,5.300000000000001,49,188,75,0,22.6,81.64,1008,49,188,0,75,26,205,3.2
2015,9,7,18,30,97.11,0.2,5.2,0,0,0,0,22.900000000000002,87.81,1009,0,0,0,0,25.1,206,3.2
2015,9,7,19,30,111.9,0.2,5.2,0,0,0,0,23,91.49,1010,0,0,0,0,24.5,208,3.1
2015,9,7,20,30,126.60000000000001,0.2,5.2,0,0,0,3,23.1,93.67,1010,0,0,0,0,24.200000000000003,211,2.8000000000000003
2015,9,7,21,30,141.09,0.2,5.1000000000000005,0,0,0,3,23.1,95.5,1010,0,0,0,0,23.900000000000002,215,2.5
2015,9,7,22,30,154.99,0.2,5.1000000000000005,0,0,0,0,23.1,96.64,1010,0,0,0,0,23.700000000000003,217,2.2
2015,9,7,23,30,166.39000000000001,0.2,5.1000000000000005,0,0,0,1,23.1,97.59,1009,0,0,0,0,23.5,217,2
2015,9,8,0,30,166.08,0.2,5,0,0,0,3,23.1,97.98,1009,0,0,0,0,23.400000000000002,218,1.9000000000000001
2015,9,8,1,30,154.49,0.2,5,0,0,0,8,23,98.9,1008,0,0,0,0,23.200000000000003,219,1.8
2015,9,8,2,30,140.55,0.2,5.1000000000000005,0,0,0,5,23,99.29,1008,0,0,0,0,23.1,221,1.8
2015,9,8,3,30,126.05,0.2,5.1000000000000005,0,0,0,4,22.900000000000002,99.65,1008,0,0,0,0,23,225,1.8
2015,9,8,4,30,111.34,0.2,5.2,0,0,0,7,22.900000000000002,100,1008,0,0,0,0,22.900000000000002,229,1.9000000000000001
2015,9,8,5,30,96.54,0.2,5.2,0,0,0,8,22.900000000000002,98.08,1009,0,0,0,0,23.200000000000003,235,2
2015,9,8,6,30,81.59,0.2,5.300000000000001,50,250,86,0,23,93.92,1009,50,250,0,86,24,240,2.4000000000000004
2015,9,8,7,30,66.76,0.2,5.4,100,562,321,3,22.900000000000002,87.75,1009,203,33,7,216,25.1,244,2.5
2015,9,8,8,30,51.88,0.2,5.4,127,706,563,0,22.8,80.56,1010,127,706,0,563,26.400000000000002,246,2.4000000000000004
2015,9,8,9,30,36.97,0.2,5.4,177,723,755,2,22.700000000000003,75.3,1009,444,132,0,550,27.5,246,2.2
2015,9,8,10,30,22.05,0.2,5.4,185,776,905,2,22.6,70.03,1009,452,51,0,498,28.6,243,2
2015,9,8,11,30,7.13,0.2,5.4,185,804,983,3,22.3,66.03,1008,389,2,0,391,29.3,237,1.9000000000000001
2015,9,8,12,30,7.8,0.2,5.4,216,761,970,2,22,63.07,1007,506,94,0,600,29.8,227,2
2015,9,8,13,30,22.73,0.2,5.4,206,744,892,0,21.900000000000002,62.1,1006,206,744,0,892,29.900000000000002,219,2.2
2015,9,8,14,30,37.65,0.2,5.4,185,705,743,0,21.8,62.980000000000004,1005,185,705,0,743,29.6,212,2.6
2015,9,8,15,30,52.56,0.2,5.4,158,626,538,0,21.900000000000002,66.22,1005,158,626,0,538,28.8,210,2.9000000000000004
2015,9,8,16,30,67.45,0.2,5.4,118,473,300,0,22.1,71.48,1005,118,473,0,300,27.700000000000003,210,3.3000000000000003
2015,9,8,17,30,82.27,0.2,5.5,50,162,72,0,22.6,79.74,1006,50,162,0,72,26.400000000000002,211,3.5
2015,9,8,18,30,97.23,0.2,5.5,0,0,0,0,23.400000000000002,88.51,1007,0,0,0,0,25.400000000000002,213,3.7
2015,9,8,19,30,112.04,0.2,5.5,0,0,0,0,23.5,93.14,1008,0,0,0,0,24.700000000000003,215,3.8000000000000003
2015,9,8,20,30,126.76,0.2,5.5,0,0,0,0,23.5,94.69,1008,0,0,0,0,24.400000000000002,218,3.8000000000000003
2015,9,8,21,30,141.28,0.2,5.5,0,0,0,0,23.5,95.72,1009,0,0,0,0,24.200000000000003,220,3.6
2015,9,8,22,30,155.24,0.2,5.4,0,0,0,1,23.400000000000002,96.10000000000001,1008,0,0,0,0,24.1,221,3.5
2015,9,8,23,30,166.76,0.2,5.4,0,0,0,1,23.400000000000002,97.07000000000001,1008,0,0,0,0,23.900000000000002,223,3.6
2015,9,9,0,30,166.35,0.2,5.300000000000001,0,0,0,0,23.3,97.12,1007,0,0,0,0,23.8,225,3.6
2015,9,9,1,30,154.58,0.2,5.300000000000001,0,0,0,1,23.3,97.37,1007,0,0,0,0,23.700000000000003,226,3.5
2015,9,9,2,30,140.57,0.2,5.2,0,0,0,3,23.200000000000003,97.55,1006,0,0,0,0,23.6,226,3.3000000000000003
2015,9,9,3,30,126.04,0.2,5.1000000000000005,0,0,0,1,23.200000000000003,98.01,1007,0,0,0,0,23.5,225,3.1
2015,9,9,4,30,111.31,0.2,5.1000000000000005,0,0,0,3,23.1,97.71000000000001,1007,0,0,0,0,23.5,223,3
2015,9,9,5,30,96.5,0.2,5,0,0,0,3,23.1,97.01,1008,0,0,0,0,23.6,221,2.9000000000000004
2015,9,9,6,30,81.53,0.2,5,52,223,85,0,23.200000000000003,94.2,1008,52,223,0,85,24.200000000000003,219,3
2015,9,9,7,30,66.7,0.2,5,108,531,318,0,23.3,89.31,1009,108,531,0,318,25.200000000000003,218,3.3000000000000003
2015,9,9,8,30,51.81,0.2,5,140,677,559,3,23,81.81,1009,210,0,0,210,26.400000000000002,216,3.4000000000000004
2015,9,9,9,30,36.9,0.2,4.9,161,755,764,3,22.8,76,1009,203,0,0,203,27.400000000000002,212,3.4000000000000004
2015,9,9,10,30,21.97,0.2,4.9,173,798,912,3,22.700000000000003,72.13,1009,385,4,0,389,28.200000000000003,207,3.5
2015,9,9,11,30,7.05,0.2,4.9,178,818,989,3,22.6,70.14,1008,354,1,0,355,28.6,203,3.6
2015,9,9,12,30,7.9,0.2,4.9,243,725,961,3,22.5,68.94,1007,491,45,0,536,28.8,201,3.7
2015,9,9,13,30,22.82,0.2,4.800000000000001,228,713,885,2,22.5,69.01,1006,481,81,0,555,28.700000000000003,199,3.7
2015,9,9,14,30,37.75,0.2,4.800000000000001,208,666,735,1,22.400000000000002,70.36,1005,208,666,0,735,28.3,197,3.7
2015,9,9,15,30,52.660000000000004,0.2,4.800000000000001,170,593,530,0,22.400000000000002,73.77,1005,170,593,0,530,27.5,197,3.6
2015,9,9,16,30,67.56,0.2,4.800000000000001,124,443,293,0,22.5,78.19,1006,124,443,0,293,26.6,198,3.4000000000000004
2015,9,9,17,30,82.38,0.2,4.800000000000001,47,154,68,0,22.6,84.09,1007,47,154,0,68,25.5,199,3
2015,9,9,18,30,97.36,0.2,4.800000000000001,0,0,0,0,22.8,88.92,1008,0,0,0,0,24.8,198,2.7
2015,9,9,19,30,112.18,0.2,4.800000000000001,0,0,0,0,23,92.58,1009,0,0,0,0,24.3,198,2.5
2015,9,9,20,30,126.92,0.2,4.800000000000001,0,0,0,0,23.1,94.35000000000001,1010,0,0,0,0,24.1,199,2.2
2015,9,9,21,30,141.46,0.2,4.800000000000001,0,0,0,0,23.200000000000003,95.96000000000001,1010,0,0,0,0,23.900000000000002,201,2
2015,9,9,22,30,155.48,0.2,4.800000000000001,0,0,0,0,23.200000000000003,97.17,1010,0,0,0,0,23.700000000000003,206,2
2015,9,9,23,30,167.12,0.2,4.800000000000001,0,0,0,0,23.200000000000003,97.37,1009,0,0,0,0,23.6,211,2
2015,9,10,0,30,166.6,0.2,4.800000000000001,0,0,0,0,23.1,98.21000000000001,1008,0,0,0,0,23.400000000000002,215,2
2015,9,10,1,30,154.66,0.2,4.7,0,0,0,0,23,99,1008,0,0,0,0,23.200000000000003,218,1.9000000000000001
2015,9,10,2,30,140.59,0.2,4.7,0,0,0,0,22.900000000000002,99.10000000000001,1007,0,0,0,0,23.1,217,1.7000000000000002
2015,9,10,3,30,126.02,0.2,4.7,0,0,0,0,22.900000000000002,99.94,1007,0,0,0,0,22.900000000000002,215,1.7000000000000002
2015,9,10,4,30,111.28,0.2,4.7,0,0,0,0,22.8,100,1007,0,0,0,0,22.8,213,1.7000000000000002
2015,9,10,5,30,96.45,0.2,4.7,0,0,0,0,22.8,98.25,1008,0,0,0,0,23.1,215,1.8
2015,9,10,6,30,81.48,0.2,4.7,51,211,82,0,22.900000000000002,93.51,1008,51,211,0,82,24,217,2.2
2015,9,10,7,30,66.64,0.2,4.7,116,495,313,0,22.700000000000003,85.10000000000001,1009,116,495,0,313,25.400000000000002,218,2.3000000000000003
2015,9,10,8,30,51.74,0.2,4.7,156,637,550,0,22.400000000000002,76.88,1009,156,637,0,550,26.8,216,2.2
2015,9,10,9,30,36.83,0.2,4.7,182,714,754,2,22.3,71.13,1009,405,78,0,467,28,209,2.1
2015,9,10,10,30,21.900000000000002,0.2,4.800000000000001,199,755,899,3,22.200000000000003,67.09,1009,451,38,0,487,28.900000000000002,201,2.1
2015,9,10,11,30,6.99,0.2,4.800000000000001,208,772,974,0,22.1,64.77,1008,208,772,0,974,29.400000000000002,197,2.3000000000000003
2015,9,10,12,30,8.01,0.2,4.800000000000001,219,755,966,0,22,63.68,1007,219,755,0,966,29.6,196,2.6
2015,9,10,13,30,22.92,0.2,4.9,211,731,885,0,21.900000000000002,64.11,1007,211,731,0,885,29.400000000000002,197,2.9000000000000004
2015,9,10,14,30,37.85,0.2,4.9,193,686,735,2,21.8,65.66,1006,439,109,0,525,28.900000000000002,199,3
2015,9,10,15,30,52.77,0.2,5,177,575,525,0,21.900000000000002,68.89,1006,177,575,0,525,28.1,202,3.1
2015,9,10,16,30,67.67,0.2,5,126,430,289,1,22,73.48,1007,126,430,0,289,27.1,205,3.1
2015,9,10,17,30,82.5,0.2,5.1000000000000005,46,150,66,0,22.200000000000003,79.63,1008,46,150,0,66,26,208,3.2
2015,9,10,18,30,97.49000000000001,0.2,5.2,0,0,0,0,22.5,85.9,1008,0,0,0,0,25,210,3.2
2015,9,10,19,30,112.32000000000001,0.2,5.2,0,0,0,0,22.6,89.60000000000001,1009,0,0,0,0,24.400000000000002,214,3.2
2015,9,10,20,30,127.07000000000001,0.2,5.2,0,0,0,0,22.700000000000003,91.86,1010,0,0,0,0,24.1,218,3.1
2015,9,10,21,30,141.65,0.2,5.2,0,0,0,0,22.8,93.99,1010,0,0,0,0,23.8,222,2.9000000000000004
2015,9,10,22,30,155.73,0.2,5.2,0,0,0,0,22.8,95.38,1010,0,0,0,0,23.6,226,2.7
2015,9,10,23,30,167.48,0.2,5.1000000000000005,0,0,0,0,22.8,96.07000000000001,1009,0,0,0,0,23.5,231,2.6
2015,9,11,0,30,166.85,0.2,5.1000000000000005,0,0,0,1,22.8,96.36,1008,0,0,0,0,23.400000000000002,235,2.7
2015,9,11,1,30,154.74,0.2,5,0,0,0,0,22.8,96.74000000000001,1008,0,0,0,0,23.3,237,2.7
2015,9,11,2,30,140.6,0.2,5,0,0,0,0,22.700000000000003,97.31,1008,0,0,0,0,23.200000000000003,239,2.6
2015,9,11,3,30,126.01,0.2,5,0,0,0,0,22.8,97.33,1008,0,0,0,0,23.200000000000003,241,2.6
2015,9,11,4,30,111.25,0.2,5.1000000000000005,0,0,0,0,22.700000000000003,97.87,1008,0,0,0,0,23.1,244,2.6
2015,9,11,5,30,96.41,0.2,5.2,0,0,0,0,22.700000000000003,96.71000000000001,1009,0,0,0,0,23.3,247,2.8000000000000003
2015,9,11,6,30,81.43,0.2,5.2,52,244,89,8,22.8,92.43,1009,50,3,7,50,24.1,251,3.1
2015,9,11,7,30,66.58,0.2,5.300000000000001,105,551,324,0,22.8,84.63,1010,105,551,0,324,25.6,254,3.1
2015,9,11,8,30,51.68,0.2,5.300000000000001,133,697,565,8,22.8,77.25,1010,271,178,7,381,27.1,255,2.7
2015,9,11,9,30,36.76,0.2,5.4,201,685,750,0,22.700000000000003,71.43,1010,201,685,0,750,28.400000000000002,253,2.2
2015,9,11,10,30,21.84,0.2,5.4,207,746,899,3,22.6,66.73,1009,469,78,0,542,29.400000000000002,243,1.7000000000000002
2015,9,11,11,30,6.96,0.2,5.5,207,775,976,3,22.400000000000002,63.730000000000004,1008,430,6,0,437,30,225,1.4000000000000001
2015,9,11,12,30,8.14,0.2,5.5,288,663,944,1,22.3,62.56,1007,288,663,0,944,30.200000000000003,206,1.6
2015,9,11,13,30,23.03,0.2,5.5,273,643,865,2,22.200000000000003,63.07,1006,494,99,0,586,30,195,1.9000000000000001
2015,9,11,14,30,37.96,0.2,5.5,245,599,717,0,22.3,65.14,1006,245,599,0,717,29.5,190,2.3000000000000003
2015,9,11,15,30,52.88,0.2,5.5,205,513,514,0,22.400000000000002,69.15,1006,205,513,0,514,28.6,189,2.6
2015,9,11,16,30,67.78,0.2,5.6000000000000005,147,351,279,0,22.6,74.32000000000001,1006,147,351,0,279,27.6,192,2.7
2015,9,11,17,30,82.62,0.2,5.6000000000000005,49,81,60,0,23,81.81,1007,49,81,0,60,26.400000000000002,197,2.7
2015,9,11,18,30,97.62,0.2,5.6000000000000005,0,0,0,3,23.3,87.86,1008,0,0,0,0,25.5,202,2.7
2015,9,11,19,30,112.46000000000001,0.2,5.6000000000000005,0,0,0,7,23.3,90.95,1008,0,0,0,0,24.900000000000002,207,2.7
2015,9,11,20,30,127.23,0.2,5.6000000000000005,0,0,0,7,23.3,92.63,1009,0,0,0,0,24.6,212,2.6
2015,9,11,21,30,141.83,0.2,5.6000000000000005,0,0,0,0,23.3,94.23,1009,0,0,0,0,24.3,216,2.4000000000000004
2015,9,11,22,30,155.96,0.2,5.6000000000000005,0,0,0,1,23.3,95.28,1009,0,0,0,0,24.1,219,2.3000000000000003
2015,9,11,23,30,167.85,0.2,5.5,0,0,0,1,23.3,95.69,1009,0,0,0,0,24,222,2.4000000000000004
2015,9,12,0,30,167.09,0.2,5.5,0,0,0,7,23.200000000000003,95.72,1008,0,0,0,0,23.900000000000002,226,2.4000000000000004
2015,9,12,1,30,154.81,0.2,5.5,0,0,0,1,23.1,96.69,1007,0,0,0,0,23.700000000000003,230,2.3000000000000003
2015,9,12,2,30,140.61,0.2,5.4,0,0,0,0,23.1,97.25,1007,0,0,0,0,23.6,233,2.2
2015,9,12,3,30,125.99000000000001,0.2,5.300000000000001,0,0,0,0,23.1,97.75,1007,0,0,0,0,23.5,234,2.1
2015,9,12,4,30,111.21000000000001,0.2,5.2,0,0,0,0,23.1,98.18,1007,0,0,0,0,23.400000000000002,233,2.1
2015,9,12,5,30,96.36,0.2,5.1000000000000005,0,0,0,0,23.1,96.9,1008,0,0,0,0,23.6,232,2.2
2015,9,12,6,30,81.37,0.2,5.1000000000000005,54,229,88,0,23.1,92.61,1008,54,229,0,88,24.400000000000002,229,2.4000000000000004
2015,9,12,7,30,66.53,0.2,5,107,547,325,0,23.1,85.34,1008,107,547,0,325,25.700000000000003,224,2.5
2015,9,12,8,30,51.620000000000005,0.2,4.9,133,702,569,0,22.900000000000002,78.53,1009,133,702,0,569,27,217,2.4000000000000004
2015,9,12,9,30,36.7,0.2,4.800000000000001,146,789,778,1,22.8,72.62,1008,146,789,0,778,28.200000000000003,208,2.4000000000000004
2015,9,12,10,30,21.78,0.2,4.800000000000001,152,835,927,2,22.700000000000003,67.99,1008,506,173,0,667,29.200000000000003,200,2.6
2015,9,12,11,30,6.94,0.2,4.800000000000001,153,856,1003,1,22.5,65.1,1007,153,856,0,1003,29.8,195,2.9000000000000004
2015,9,12,12,30,8.290000000000001,0.2,4.800000000000001,182,815,988,0,22.400000000000002,64.19,1006,182,815,0,988,29.900000000000002,192,3.2
2015,9,12,13,30,23.150000000000002,0.2,4.800000000000001,179,789,905,0,22.3,64.71000000000001,1006,179,789,0,905,29.700000000000003,192,3.5
2015,9,12,14,30,38.07,0.2,4.9,169,736,749,0,22.3,66.8,1005,169,736,0,749,29.1,193,3.8000000000000003
2015,9,12,15,30,52.99,0.2,4.9,117,727,555,0,22.400000000000002,70.66,1006,117,727,0,555,28.200000000000003,194,3.8000000000000003
2015,9,12,16,30,67.9,0.2,5,92,575,308,0,22.5,76.51,1006,92,575,0,308,27,196,3.8000000000000003
2015,9,12,17,30,82.74,0.2,5,43,244,73,0,22.8,82.89,1007,43,244,0,73,25.900000000000002,198,3.6
2015,9,12,18,30,97.75,0.2,5.1000000000000005,0,0,0,1,23,88.24,1008,0,0,0,0,25.1,200,3.4000000000000004
2015,9,12,19,30,112.60000000000001,0.2,5.1000000000000005,0,0,0,1,23.200000000000003,91.15,1008,0,0,0,0,24.700000000000003,201,3.2
2015,9,12,20,30,127.39,0.2,5,0,0,0,3,23.3,93.43,1009,0,0,0,0,24.400000000000002,203,3
2015,9,12,21,30,142.01,0.2,5,0,0,0,3,23.3,94.98,1009,0,0,0,0,24.200000000000003,207,2.8000000000000003
2015,9,12,22,30,156.20000000000002,0.2,4.9,0,0,0,0,23.400000000000002,96.34,1009,0,0,0,0,24,212,2.6
2015,9,12,23,30,168.21,0.2,4.9,0,0,0,3,23.400000000000002,96.76,1008,0,0,0,0,23.900000000000002,216,2.6
2015,9,13,0,30,167.33,0.19,4.9,0,0,0,3,23.3,97.61,1008,0,0,0,0,23.700000000000003,219,2.5
2015,9,13,1,30,154.88,0.19,4.9,0,0,0,3,23.200000000000003,97.85000000000001,1007,0,0,0,0,23.6,223,2.4000000000000004
2015,9,13,2,30,140.62,0.19,4.9,0,0,0,0,23.200000000000003,98.22,1007,0,0,0,0,23.5,224,2.3000000000000003
2015,9,13,3,30,125.97,0.19,4.9,0,0,0,3,23.200000000000003,98.04,1007,0,0,0,0,23.5,223,2.4000000000000004
2015,9,13,4,30,111.18,0.19,5,0,0,0,3,23.1,97.89,1008,0,0,0,0,23.5,221,2.4000000000000004
2015,9,13,5,30,96.32000000000001,0.19,5,0,0,0,1,23.1,97.08,1008,0,0,0,0,23.6,220,2.6
2015,9,13,6,30,81.32000000000001,0.19,5,50,282,93,0,23.200000000000003,93.76,1009,50,282,0,93,24.3,219,3
2015,9,13,7,30,66.47,0.19,5,95,593,332,0,23.200000000000003,87.33,1010,95,593,0,332,25.5,217,3.4000000000000004
2015,9,13,8,30,51.56,0.19,5,119,735,575,1,22.900000000000002,79.32000000000001,1010,119,735,0,575,26.8,213,3.5
2015,9,13,9,30,36.64,0.19,5,131,812,783,1,22.8,73.22,1010,131,812,0,783,28,209,3.5
2015,9,13,10,30,21.73,0.19,5,139,853,931,3,22.700000000000003,69.47,1009,258,0,0,258,28.8,206,3.7
2015,9,13,11,30,6.95,0.19,5,142,871,1006,3,22.6,67.54,1008,401,4,0,405,29.200000000000003,204,3.9000000000000004
2015,9,13,12,30,8.45,0.19,5,142,870,1002,2,22.5,66.86,1007,481,146,0,626,29.3,204,4
2015,9,13,13,30,23.27,0.19,4.9,138,851,920,1,22.5,67.58,1007,138,851,0,920,29.1,204,4.1000000000000005
2015,9,13,14,30,38.18,0.19,4.9,129,809,765,0,22.5,69.59,1007,129,809,0,765,28.6,205,4
2015,9,13,15,30,53.11,0.19,4.9,113,733,553,0,22.5,72.59,1007,113,733,0,553,27.900000000000002,206,3.8000000000000003
2015,9,13,16,30,68.02,0.19,4.9,89,585,308,0,22.5,76.62,1007,89,585,0,308,27,206,3.6
2015,9,13,17,30,82.86,0.19,4.9,42,247,72,0,22.6,82.7,1008,42,247,0,72,25.8,205,3.3000000000000003
2015,9,13,18,30,97.88,0.19,5,0,0,0,0,22.900000000000002,88.55,1009,0,0,0,0,24.900000000000002,203,3
2015,9,13,19,30,112.74000000000001,0.19,5,0,0,0,0,23,92.14,1010,0,0,0,0,24.400000000000002,203,2.9000000000000004
2015,9,13,20,30,127.54,0.19,5,0,0,0,0,23.1,94.34,1011,0,0,0,0,24.1,205,2.9000000000000004
2015,9,13,21,30,142.19,0.19,5,0,0,0,0,23.1,94.99,1011,0,0,0,0,24,209,2.8000000000000003
2015,9,13,22,30,156.43,0.19,5.1000000000000005,0,0,0,0,23.200000000000003,96.37,1011,0,0,0,0,23.8,215,2.5
2015,9,13,23,30,168.57,0.19,5,0,0,0,0,23.200000000000003,96.99000000000001,1010,0,0,0,0,23.700000000000003,221,2.4000000000000004
2015,9,14,0,30,167.56,0.19,5,0,0,0,0,23.200000000000003,97.33,1009,0,0,0,0,23.6,228,2.4000000000000004
2015,9,14,1,30,154.94,0.19,5,0,0,0,0,23.1,97.64,1009,0,0,0,0,23.5,235,2.3000000000000003
2015,9,14,2,30,140.63,0.19,5,0,0,0,1,23,98.29,1008,0,0,0,0,23.3,237,2.2
2015,9,14,3,30,125.95,0.19,5.1000000000000005,0,0,0,8,22.900000000000002,98.49000000000001,1008,0,0,0,0,23.200000000000003,236,2.1
2015,9,14,4,30,111.14,0.19,5.1000000000000005,0,0,0,3,22.900000000000002,98.27,1009,0,0,0,0,23.200000000000003,234,2
2015,9,14,5,30,96.27,0.19,5.1000000000000005,0,0,0,3,22.900000000000002,96.9,1009,0,0,0,0,23.400000000000002,232,2.1
2015,9,14,6,30,81.27,0.19,5.2,44,345,97,3,23,92.96000000000001,1010,23,0,7,23,24.200000000000003,230,2.5
2015,9,14,7,30,66.41,0.19,5.2,81,647,339,3,23,85.91,1011,95,0,0,95,25.5,227,2.8000000000000003
2015,9,14,8,30,51.5,0.19,5.2,101,773,583,3,22.6,77.54,1011,335,98,0,396,26.900000000000002,223,2.9000000000000004
2015,9,14,9,30,36.58,0.19,5.300000000000001,115,838,788,8,22.6,71.47,1011,286,374,7,586,28.200000000000003,220,3
2015,9,14,10,30,21.68,0.19,5.300000000000001,124,872,934,7,22.5,68.07000000000001,1010,433,100,0,526,29,216,3.1
2015,9,14,11,30,6.98,0.19,5.4,130,884,1008,2,22.5,65.88,1009,512,183,0,694,29.5,213,3.3000000000000003
2015,9,14,12,30,8.63,0.19,5.4,136,875,1001,3,22.400000000000002,65.32000000000001,1008,478,75,0,553,29.6,211,3.5
2015,9,14,13,30,23.400000000000002,0.19,5.4,134,853,917,0,22.400000000000002,66.43,1007,134,853,0,917,29.3,211,3.6
2015,9,14,14,30,38.300000000000004,0.19,5.4,126,811,762,0,22.400000000000002,68.94,1007,126,811,0,762,28.700000000000003,211,3.6
2015,9,14,15,30,53.22,0.19,5.4,119,714,546,0,22.5,72.05,1007,119,714,0,546,28,211,3.6
2015,9,14,16,30,68.14,0.19,5.300000000000001,92,564,302,0,22.6,76.28,1007,92,564,1,302,27.1,212,3.5
2015,9,14,17,30,82.98,0.19,5.300000000000001,42,218,68,0,22.700000000000003,82.31,1008,42,218,0,68,26,213,3.3000000000000003
2015,9,14,18,30,98,0.19,5.300000000000001,0,0,0,0,23.1,87.93,1008,0,0,1,0,25.200000000000003,214,3.1
2015,9,14,19,30,112.88,0.19,5.300000000000001,0,0,0,0,23.200000000000003,91.49,1009,0,0,0,0,24.700000000000003,215,3
2015,9,14,20,30,127.69,0.19,5.300000000000001,0,0,0,0,23.3,94.19,1010,0,0,0,0,24.3,218,3
2015,9,14,21,30,142.37,0.19,5.300000000000001,0,0,0,3,23.3,95.45,1010,0,0,0,0,24.1,221,3
2015,9,14,22,30,156.66,0.19,5.300000000000001,0,0,0,3,23.3,96.43,1010,0,0,0,0,23.900000000000002,223,3
2015,9,14,23,30,168.94,0.19,5.300000000000001,0,0,0,3,23.200000000000003,96.61,1010,0,0,0,0,23.8,225,3
2015,9,15,0,30,167.78,0.19,5.300000000000001,0,0,0,3,23.1,96.66,1009,0,0,0,0,23.700000000000003,227,3.1
2015,9,15,1,30,154.99,0.19,5.300000000000001,0,0,0,3,23,96.69,1009,0,0,0,0,23.6,229,3.3000000000000003
2015,9,15,2,30,140.63,0.19,5.300000000000001,0,0,0,3,23,96.78,1008,0,0,0,0,23.5,230,3.4000000000000004
2015,9,15,3,30,125.92,0.19,5.4,0,0,0,3,22.900000000000002,96.44,1008,0,0,0,0,23.5,231,3.4000000000000004
2015,9,15,4,30,111.10000000000001,0.19,5.4,0,0,0,3,22.900000000000002,96.83,1009,0,0,0,0,23.400000000000002,233,3.4000000000000004
2015,9,15,5,30,96.22,0.19,5.5,0,0,0,3,22.900000000000002,96.28,1010,0,0,0,0,23.5,234,3.4000000000000004
2015,9,15,6,30,81.22,0.19,5.6000000000000005,48,302,95,3,22.900000000000002,94.89,1010,17,0,7,17,23.8,235,3.5
2015,9,15,7,30,66.35,0.19,5.6000000000000005,90,610,335,3,23.1,92.33,1011,130,1,7,131,24.400000000000002,236,3.6
2015,9,15,8,30,51.44,0.19,5.6000000000000005,113,746,578,3,22.900000000000002,86.26,1011,128,0,0,128,25.400000000000002,236,3.7
2015,9,15,9,30,36.52,0.19,5.6000000000000005,126,818,783,3,22.700000000000003,79.7,1011,306,2,0,307,26.5,235,3.6
2015,9,15,10,30,21.64,0.19,5.6000000000000005,135,855,929,3,22.6,75.16,1011,458,94,0,545,27.400000000000002,232,3.5
2015,9,15,11,30,7.03,0.19,5.6000000000000005,139,871,1003,3,22.6,71.92,1010,491,109,0,599,28.1,229,3.5
2015,9,15,12,30,8.82,0.19,5.6000000000000005,178,816,984,2,22.5,70.41,1008,487,84,0,570,28.400000000000002,226,3.4000000000000004
2015,9,15,13,30,23.53,0.19,5.5,170,798,902,3,22.5,70.78,1008,422,18,0,439,28.3,223,3.3000000000000003
2015,9,15,14,30,38.42,0.19,5.6000000000000005,157,754,747,1,22.5,72.19,1007,157,754,0,747,28,220,3.2
2015,9,15,15,30,53.34,0.19,5.6000000000000005,137,668,536,0,22.700000000000003,75.34,1007,137,668,0,536,27.400000000000002,218,3.2
2015,9,15,16,30,68.26,0.19,5.6000000000000005,105,509,293,0,22.900000000000002,79.94,1007,105,509,0,293,26.6,217,3.1
2015,9,15,17,30,83.10000000000001,0.19,5.6000000000000005,44,171,65,0,23.200000000000003,86.77,1008,44,171,0,65,25.6,216,3
2015,9,15,18,30,98.13,0.19,5.7,0,0,0,0,23.5,91.91,1009,0,0,0,0,24.900000000000002,216,3.1
2015,9,15,19,30,113.02,0.19,5.7,0,0,0,0,23.6,94.46000000000001,1009,0,0,0,0,24.5,218,3.2
2015,9,15,20,30,127.84,0.19,5.7,0,0,0,0,23.6,96.51,1010,0,0,0,0,24.200000000000003,222,3.2
2015,9,15,21,30,142.55,0.19,5.7,0,0,0,0,23.6,97,1010,0,0,0,0,24.1,225,3.2
2015,9,15,22,30,156.89000000000001,0.19,5.7,0,0,0,0,23.5,97.87,1010,0,0,0,0,23.900000000000002,229,3.2
2015,9,15,23,30,169.3,0.19,5.7,0,0,0,1,23.400000000000002,97.88,1009,0,0,0,0,23.8,233,3.2
2015,9,16,0,30,168,0.19,5.6000000000000005,0,0,0,3,23.3,97.73,1008,0,0,0,0,23.700000000000003,237,3.4000000000000004
2015,9,16,1,30,155.05,0.19,5.6000000000000005,0,0,0,3,23.1,97.32000000000001,1008,0,0,0,0,23.6,241,3.5
2015,9,16,2,30,140.62,0.19,5.6000000000000005,0,0,0,8,23,97.31,1007,0,0,0,0,23.5,244,3.3000000000000003
2015,9,16,3,30,125.9,0.19,5.7,0,0,0,7,23,97.03,1008,0,0,0,0,23.5,245,3
2015,9,16,4,30,111.06,0.19,5.7,0,0,0,7,22.900000000000002,96.72,1008,0,0,0,0,23.5,244,2.8000000000000003
2015,9,16,5,30,96.17,0.19,5.800000000000001,0,0,0,7,22.900000000000002,96.67,1009,0,0,0,0,23.5,243,2.8000000000000003
2015,9,16,6,30,81.16,0.19,5.800000000000001,49,303,95,4,23,95.77,1010,4,0,0,4,23.700000000000003,244,3
2015,9,16,7,30,66.3,0.19,5.800000000000001,92,605,335,5,23.1,93.4,1010,93,0,0,94,24.200000000000003,248,3.4000000000000004
2015,9,16,8,30,51.39,0.19,5.800000000000001,118,734,576,7,22.900000000000002,89.39,1011,253,39,0,277,24.8,253,3.7
2015,9,16,9,30,36.47,0.19,5.800000000000001,136,798,778,7,22.6,83.14,1011,342,128,0,445,25.700000000000003,254,3.7
2015,9,16,10,30,21.6,0.19,5.7,147,835,924,7,22.400000000000002,76.97,1010,416,147,0,552,26.8,253,3.4000000000000004
2015,9,16,11,30,7.1000000000000005,0.19,5.7,152,852,997,3,22.400000000000002,72.53,1009,471,37,0,507,27.8,249,3.2
2015,9,16,12,30,9.03,0.19,5.6000000000000005,153,849,992,2,22.400000000000002,69.96000000000001,1008,451,17,0,468,28.400000000000002,242,3.1
2015,9,16,13,30,23.67,0.19,5.6000000000000005,150,826,907,2,22.400000000000002,69.07000000000001,1007,439,49,0,484,28.6,235,3.1
2015,9,16,14,30,38.550000000000004,0.19,5.5,143,777,751,3,22.400000000000002,69.87,1006,411,99,0,488,28.400000000000002,229,3.1
2015,9,16,15,30,53.47,0.19,5.5,190,541,512,3,22.400000000000002,72.17,1006,335,57,0,369,27.900000000000002,224,3.2
2015,9,16,16,30,68.38,0.19,5.4,135,380,275,3,22.6,76.45,1006,153,4,0,154,27.1,220,3.1
2015,9,16,17,30,83.23,0.19,5.4,44,95,55,3,23.200000000000003,84.65,1007,27,0,7,27,26,217,3
2015,9,16,18,30,98.26,0.19,5.4,0,0,0,0,23.5,90.43,1008,0,0,0,0,25.200000000000003,218,3.1
2015,9,16,19,30,113.15,0.19,5.300000000000001,0,0,0,3,23.5,93.25,1008,0,0,0,0,24.700000000000003,220,3.3000000000000003
2015,9,16,20,30,127.99000000000001,0.19,5.300000000000001,0,0,0,3,23.5,95.33,1009,0,0,0,0,24.3,224,3.4000000000000004
2015,9,16,21,30,142.72,0.19,5.300000000000001,0,0,0,4,23.400000000000002,96.03,1009,0,0,0,0,24.1,230,3.4000000000000004
2015,9,16,22,30,157.11,0.19,5.2,0,0,0,4,23.400000000000002,96.78,1009,0,0,0,0,23.900000000000002,235,3.4000000000000004
2015,9,16,23,30,169.66,0.19,5.1000000000000005,0,0,0,4,23.3,97.52,1009,0,0,0,0,23.700000000000003,239,3.4000000000000004
2015,9,17,0,30,168.20000000000002,0.19,5.1000000000000005,0,0,0,4,23.200000000000003,98,1008,0,0,0,0,23.5,243,3.4000000000000004
2015,9,17,1,30,155.09,0.19,5,0,0,0,4,23.1,97.94,1008,0,0,0,0,23.400000000000002,247,3.3000000000000003
2015,9,17,2,30,140.62,0.19,5,0,0,0,4,22.900000000000002,97.75,1007,0,0,0,0,23.3,249,3.3000000000000003
2015,9,17,3,30,125.87,0.19,5,0,0,0,4,22.8,97.74000000000001,1008,0,0,0,0,23.200000000000003,250,3.3000000000000003
2015,9,17,4,30,111.02,0.19,5.1000000000000005,0,0,0,4,22.700000000000003,97.64,1008,0,0,0,0,23.1,251,3.2
2015,9,17,5,30,96.12,0.19,5.2,0,0,0,4,22.6,97.18,1009,0,0,0,0,23.1,252,3.1
2015,9,17,6,30,81.11,0.19,5.2,58,163,84,4,22.700000000000003,95.19,1009,4,0,0,4,23.5,253,3.1
2015,9,17,7,30,66.24,0.19,5.300000000000001,135,442,313,4,22.8,90.95,1010,33,0,0,33,24.400000000000002,254,3.1
2015,9,17,8,30,51.33,0.19,5.300000000000001,178,595,550,4,22.700000000000003,84.08,1010,150,0,0,150,25.6,254,2.9000000000000004
2015,9,17,9,30,36.43,0.19,5.300000000000001,201,687,753,4,22.5,76.5,1010,229,0,0,230,27,251,2.6
2015,9,17,10,30,21.580000000000002,0.19,5.300000000000001,209,743,901,4,22.400000000000002,70.49,1009,424,13,0,436,28.3,246,2.5
2015,9,17,11,30,7.19,0.19,5.2,210,770,974,3,22.3,66.3,1008,505,92,0,596,29.200000000000003,240,2.4000000000000004
2015,9,17,12,30,9.25,0.19,5.2,211,766,967,3,22.1,63.75,1007,536,151,0,686,29.700000000000003,236,2.3000000000000003
2015,9,17,13,30,23.81,0.19,5.2,199,749,885,8,21.900000000000002,62.28,1006,430,207,7,620,29.900000000000002,232,2.4000000000000004
2015,9,17,14,30,38.68,0.19,5.2,180,706,731,2,21.700000000000003,62.15,1005,429,103,0,510,29.700000000000003,229,2.4000000000000004
2015,9,17,15,30,53.59,0.19,5.1000000000000005,163,598,518,0,21.5,62.95,1005,163,598,0,518,29.3,227,2.5
2015,9,17,16,30,68.5,0.19,5.1000000000000005,118,440,279,0,21.5,66.08,1005,118,440,0,279,28.400000000000002,223,2.5
2015,9,17,17,30,83.35000000000001,0.19,5,41,130,56,0,22.200000000000003,75.34,1005,41,130,0,56,26.900000000000002,217,2.6
2015,9,17,18,30,98.39,0.19,5,0,0,0,0,22.900000000000002,84.59,1006,0,0,0,0,25.700000000000003,214,2.8000000000000003
2015,9,17,19,30,113.29,0.19,4.9,0,0,0,0,22.8,87.79,1007,0,0,0,0,25,213,3.1
2015,9,17,20,30,128.14000000000001,0.19,4.9,0,0,0,0,23,91.10000000000001,1008,0,0,0,0,24.5,215,3.2
2015,9,17,21,30,142.89000000000001,0.19,4.800000000000001,0,0,0,0,23,93.78,1008,0,0,0,0,24.1,217,3.1
2015,9,17,22,30,157.33,0.19,4.800000000000001,0,0,0,0,23,95.89,1008,0,0,0,0,23.700000000000003,221,3
2015,9,17,23,30,170.01,0.19,4.7,0,0,0,0,22.900000000000002,96.67,1008,0,0,0,0,23.5,224,2.9000000000000004
2015,9,18,0,30,168.4,0.19,4.7,0,0,0,0,22.8,97.29,1007,0,0,0,0,23.3,228,2.8000000000000003
2015,9,18,1,30,155.13,0.19,4.7,0,0,0,0,22.8,98.01,1007,0,0,0,0,23.1,232,2.7
2015,9,18,2,30,140.61,0.19,4.7,0,0,0,3,22.700000000000003,98.14,1006,0,0,0,0,23,234,2.6
2015,9,18,3,30,125.84,0.19,4.7,0,0,0,1,22.700000000000003,97.95,1007,0,0,0,0,23,235,2.6
2015,9,18,4,30,110.98,0.19,4.7,0,0,0,3,22.6,98.26,1007,0,0,0,0,22.900000000000002,236,2.6
2015,9,18,5,30,96.08,0.19,4.7,0,0,0,1,22.6,96.75,1007,0,0,0,0,23.1,236,2.8000000000000003
2015,9,18,6,30,81.06,0.19,4.7,59,176,86,0,22.6,93.7,1008,59,176,0,86,23.700000000000003,237,3.2
2015,9,18,7,30,66.19,0.19,4.7,129,472,319,1,22.6,87.8,1009,129,472,0,319,24.8,238,3.4000000000000004
2015,9,18,8,30,51.28,0.19,4.800000000000001,166,628,559,1,22.5,80.12,1009,166,628,0,559,26.200000000000003,237,3.2
2015,9,18,9,30,36.38,0.19,4.800000000000001,225,650,748,2,22.400000000000002,73.83,1009,409,68,0,464,27.5,234,3
2015,9,18,10,30,21.56,0.19,4.9,239,703,893,2,22.3,68.65,1008,440,18,0,457,28.6,230,3
2015,9,18,11,30,7.3100000000000005,0.19,4.9,243,730,967,3,22.1,65.44,1007,492,46,0,537,29.3,225,3.1
2015,9,18,12,30,9.48,0.19,4.9,263,699,953,2,22,63.550000000000004,1006,470,20,0,490,29.700000000000003,220,3.2
2015,9,18,13,30,23.96,0.19,5,247,681,869,3,22,62.93,1005,467,95,0,554,29.8,214,3.3000000000000003
2015,9,18,14,30,38.81,0.19,5,222,634,717,3,22,64.36,1005,422,80,0,485,29.400000000000002,209,3.5
2015,9,18,15,30,53.72,0.19,5.1000000000000005,186,544,508,3,22,67.27,1005,134,0,0,134,28.700000000000003,206,3.5
2015,9,18,16,30,68.63,0.19,5.1000000000000005,132,379,271,3,22.200000000000003,73.32000000000001,1006,79,0,0,79,27.400000000000002,204,3.6
2015,9,18,17,30,83.47,0.19,5.2,41,90,51,0,22.6,81.57000000000001,1006,41,90,0,51,26,203,3.6
2015,9,18,18,30,98.52,0.19,5.2,0,0,0,3,23,89.38,1008,0,0,0,0,24.900000000000002,205,3.7
2015,9,18,19,30,113.43,0.19,5.2,0,0,0,3,23.1,93.06,1009,0,0,0,0,24.3,207,3.6
2015,9,18,20,30,128.29,0.19,5.2,0,0,0,1,23.200000000000003,95.02,1009,0,0,0,0,24,211,3.5
2015,9,18,21,30,143.06,0.19,5.2,0,0,0,3,23.1,96.08,1010,0,0,0,0,23.8,216,3.4000000000000004
2015,9,18,22,30,157.54,0.19,5.2,0,0,0,3,23.1,96.32000000000001,1010,0,0,0,0,23.700000000000003,220,3.3000000000000003
2015,9,18,23,30,170.37,0.19,5.2,0,0,0,0,23,96.60000000000001,1009,0,0,0,0,23.6,223,3.3000000000000003
2015,9,19,0,30,168.58,0.19,5.2,0,0,0,0,23,97.07000000000001,1009,0,0,0,0,23.5,226,3.1
2015,9,19,1,30,155.16,0.19,5.1000000000000005,0,0,0,0,23,97.45,1008,0,0,0,0,23.400000000000002,229,3
2015,9,19,2,30,140.6,0.19,5.1000000000000005,0,0,0,0,22.900000000000002,97.87,1008,0,0,0,0,23.3,232,2.9000000000000004
2015,9,19,3,30,125.81,0.19,5,0,0,0,0,22.900000000000002,97.56,1008,0,0,0,0,23.3,233,2.9000000000000004
2015,9,19,4,30,110.93,0.19,4.9,0,0,0,0,22.8,97.83,1008,0,0,0,0,23.200000000000003,232,2.8000000000000003
2015,9,19,5,30,96.03,0.19,4.9,0,0,0,0,22.8,97.02,1009,0,0,0,0,23.3,232,2.8000000000000003
2015,9,19,6,30,81.01,0.19,4.9,55,238,92,0,22.900000000000002,94.73,1010,55,238,0,92,23.8,232,2.8000000000000003
2015,9,19,7,30,66.14,0.19,4.800000000000001,109,546,330,0,23,89.34,1010,109,546,0,330,24.900000000000002,233,2.9000000000000004
2015,9,19,8,30,51.230000000000004,0.19,4.800000000000001,137,695,573,1,22.8,81.09,1011,137,695,0,573,26.3,233,2.8000000000000003
2015,9,19,9,30,36.34,0.19,4.800000000000001,152,776,777,3,22.6,74.46000000000001,1011,366,17,0,380,27.5,227,2.6
2015,9,19,10,30,21.55,0.19,4.800000000000001,161,820,924,0,22.5,69.52,1010,161,820,0,924,28.6,218,2.5
2015,9,19,11,30,7.44,0.19,4.800000000000001,166,840,998,0,22.400000000000002,66.38,1009,166,840,0,998,29.3,209,2.6
2015,9,19,12,30,9.72,0.19,4.800000000000001,229,749,967,2,22.3,64.81,1008,524,135,0,657,29.6,201,2.7
2015,9,19,13,30,24.12,0.19,4.800000000000001,208,739,883,1,22.200000000000003,64.49,1008,208,739,0,883,29.6,195,2.9000000000000004
2015,9,19,14,30,38.95,0.19,4.7,186,700,730,0,22.1,66.04,1007,186,700,0,730,29.1,192,3
2015,9,19,15,30,53.84,0.19,4.7,167,589,515,0,22.1,69.62,1007,167,589,0,515,28.200000000000003,191,3
2015,9,19,16,30,68.75,0.19,4.7,119,434,276,0,22.200000000000003,74.7,1008,119,434,0,276,27.1,192,2.9000000000000004
2015,9,19,17,30,83.60000000000001,0.19,4.6000000000000005,39,131,54,0,22.400000000000002,81.05,1008,39,131,0,54,25.900000000000002,194,2.9000000000000004
2015,9,19,18,30,98.65,0.19,4.6000000000000005,0,0,0,0,22.6,87.48,1009,0,0,0,0,24.8,197,2.8000000000000003
2015,9,19,19,30,113.56,0.19,4.6000000000000005,0,0,0,0,22.700000000000003,91.27,1010,0,0,0,0,24.200000000000003,202,2.7
2015,9,19,20,30,128.43,0.19,4.6000000000000005,0,0,0,1,22.8,93.99,1011,0,0,0,0,23.8,207,2.5
2015,9,19,21,30,143.22,0.19,4.7,0,0,0,0,22.8,95.39,1011,0,0,0,0,23.6,212,2.2
2015,9,19,22,30,157.75,0.19,4.7,0,0,0,1,22.900000000000002,96.16,1011,0,0,0,0,23.5,216,2
2015,9,19,23,30,170.72,0.19,4.800000000000001,0,0,0,3,22.8,97.27,1010,0,0,0,0,23.3,219,1.9000000000000001
2015,9,20,0,30,168.76,0.19,4.9,0,0,0,0,22.8,97.77,1010,0,0,0,0,23.200000000000003,221,1.8
2015,9,20,1,30,155.19,0.19,5,0,0,0,0,22.8,98.16,1009,0,0,0,0,23.1,225,1.7000000000000002
2015,9,20,2,30,140.58,0.19,5,0,0,0,3,22.8,98.64,1009,0,0,0,0,23,228,1.7000000000000002
2015,9,20,3,30,125.77,0.19,5,0,0,0,7,22.8,99.10000000000001,1009,0,0,0,0,22.900000000000002,229,1.8
2015,9,20,4,30,110.89,0.19,5,0,0,0,0,22.700000000000003,99.02,1010,0,0,0,0,22.900000000000002,229,1.8
2015,9,20,5,30,95.98,0.19,5.1000000000000005,0,0,0,0,22.700000000000003,97.68,1010,0,0,0,0,23.1,228,1.9000000000000001
2015,9,20,6,30,80.96000000000001,0.19,5.1000000000000005,56,205,88,3,22.8,93.01,1011,33,0,7,33,24,226,2.2
2015,9,20,7,30,66.09,0.19,5.1000000000000005,123,492,322,0,22.8,85.49,1012,123,492,0,322,25.400000000000002,222,2.3000000000000003
2015,9,20,8,30,51.18,0.19,5,158,649,564,3,22.6,78.26,1012,329,55,0,363,26.700000000000003,216,2.2
2015,9,20,9,30,36.31,0.19,4.9,188,717,765,3,22.5,73.09,1012,444,97,0,522,27.8,209,2.2
2015,9,20,10,30,21.54,0.19,4.800000000000001,192,774,912,0,22.5,69.43,1011,192,774,0,912,28.6,202,2.2
2015,9,20,11,30,7.59,0.19,4.7,191,804,988,0,22.3,67.34,1010,191,804,0,988,29,197,2.4000000000000004
2015,9,20,12,30,9.98,0.19,4.6000000000000005,245,725,959,0,22.200000000000003,66.47,1009,245,725,0,959,29.1,194,2.6
2015,9,20,13,30,24.28,0.19,4.7,228,710,875,0,22.1,66.46000000000001,1008,228,710,0,875,29,191,2.7
2015,9,20,14,30,39.08,0.19,4.800000000000001,206,666,723,0,22.1,68.72,1008,206,666,0,723,28.400000000000002,191,2.7
2015,9,20,15,30,53.97,0.19,4.9,171,582,514,0,22.1,71.74,1008,171,582,0,514,27.700000000000003,191,2.7
2015,9,20,16,30,68.88,0.19,5.1000000000000005,119,431,275,0,22.3,76.77,1008,119,431,0,275,26.700000000000003,192,2.7
2015,9,20,17,30,83.72,0.19,5.300000000000001,39,135,54,0,22.6,82.98,1009,39,135,0,54,25.700000000000003,194,2.6
2015,9,20,18,30,98.78,0.19,5.4,0,0,0,0,22.900000000000002,88.19,1010,0,0,0,0,25,196,2.6
2015,9,20,19,30,113.69,0.19,5.5,0,0,0,0,23.1,91.96000000000001,1010,0,0,0,0,24.5,199,2.5
2015,9,20,20,30,128.58,0.19,5.5,0,0,0,0,23.3,93.98,1011,0,0,0,0,24.3,201,2.3000000000000003
2015,9,20,21,30,143.38,0.19,5.5,0,0,0,0,23.3,95.57000000000001,1011,0,0,0,0,24.1,204,2.2
2015,9,20,22,30,157.96,0.19,5.5,0,0,0,0,23.400000000000002,96.35000000000001,1011,0,0,0,0,24,208,2.1
2015,9,20,23,30,171.07,0.19,5.5,0,0,0,0,23.400000000000002,96.88,1010,0,0,0,0,23.900000000000002,213,2.1
2015,9,21,0,30,168.92000000000002,0.19,5.5,0,0,0,0,23.400000000000002,97.4,1010,0,0,0,0,23.8,220,2
2015,9,21,1,30,155.21,0.19,5.5,0,0,0,1,23.3,97.74000000000001,1009,0,0,0,0,23.700000000000003,227,1.9000000000000001
2015,9,21,2,30,140.56,0.19,5.5,0,0,0,3,23.3,98.12,1009,0,0,0,0,23.6,232,1.8
2015,9,21,3,30,125.74000000000001,0.19,5.6000000000000005,0,0,0,3,23.200000000000003,98.44,1009,0,0,0,0,23.5,236,1.7000000000000002
2015,9,21,4,30,110.85000000000001,0.19,5.6000000000000005,0,0,0,3,23.200000000000003,98.74000000000001,1009,0,0,0,0,23.400000000000002,237,1.6
2015,9,21,5,30,95.93,0.19,5.6000000000000005,0,0,0,0,23.200000000000003,97.39,1010,0,0,0,0,23.6,237,1.6
2015,9,21,6,30,80.91,0.19,5.6000000000000005,47,341,100,3,23.200000000000003,94.34,1011,55,1,7,56,24.200000000000003,235,1.8
2015,9,21,7,30,66.04,0.19,5.6000000000000005,85,638,344,0,23.200000000000003,88.26,1011,85,638,0,344,25.3,227,1.8
2015,9,21,8,30,51.14,0.19,5.6000000000000005,102,776,588,5,22.900000000000002,80.86,1011,260,9,0,266,26.5,214,1.7000000000000002
2015,9,21,9,30,36.28,0.19,5.6000000000000005,110,850,795,3,22.6,74.19,1011,393,53,0,436,27.6,200,1.7000000000000002
2015,9,21,10,30,21.54,0.19,5.6000000000000005,114,888,941,3,22.400000000000002,70.35000000000001,1010,361,2,0,363,28.3,189,1.9000000000000001
2015,9,21,11,30,7.76,0.19,5.6000000000000005,116,905,1013,3,22.3,68.05,1009,450,18,0,468,28.8,183,2.1
2015,9,21,12,30,10.24,0.19,5.6000000000000005,115,905,1005,7,22.3,68,1008,409,224,0,629,28.8,180,2.3000000000000003
2015,9,21,13,30,24.45,0.19,5.5,110,889,920,8,22.3,68.55,1007,404,163,0,552,28.700000000000003,182,2.4000000000000004
2015,9,21,14,30,39.230000000000004,0.19,5.5,103,852,762,7,22.400000000000002,70.36,1007,343,165,0,471,28.3,185,2.4000000000000004
2015,9,21,15,30,54.1,0.19,5.4,108,738,541,7,22.400000000000002,73.06,1007,267,135,0,346,27.700000000000003,188,2.5
2015,9,21,16,30,69,0.19,5.4,81,595,294,0,22.6,77.16,1008,81,595,0,294,26.900000000000002,192,2.5
2015,9,21,17,30,83.84,0.19,5.4,35,248,61,0,22.8,83.12,1008,35,248,0,61,25.900000000000002,197,2.4000000000000004
2015,9,21,18,30,98.91,0.19,5.4,0,0,0,0,23.200000000000003,88.77,1009,0,0,0,0,25.200000000000003,202,2.4000000000000004
2015,9,21,19,30,113.83,0.19,5.4,0,0,0,0,23.400000000000002,92.52,1010,0,0,0,0,24.700000000000003,207,2.5
2015,9,21,20,30,128.72,0.19,5.4,0,0,0,0,23.5,94.98,1010,0,0,0,0,24.400000000000002,211,2.4000000000000004
2015,9,21,21,30,143.54,0.19,5.4,0,0,0,0,23.6,96.57000000000001,1011,0,0,0,0,24.200000000000003,214,2.4000000000000004
2015,9,21,22,30,158.16,0.19,5.4,0,0,0,3,23.6,97.2,1011,0,0,0,0,24.1,216,2.4000000000000004
2015,9,21,23,30,171.41,0.19,5.4,0,0,0,0,23.6,97.52,1010,0,0,0,0,24,218,2.4000000000000004
2015,9,22,0,30,169.08,0.19,5.5,0,0,0,7,23.5,97.74000000000001,1009,0,0,0,0,23.900000000000002,220,2.5
2015,9,22,1,30,155.23,0.19,5.5,0,0,0,8,23.5,97.46000000000001,1009,0,0,0,0,23.900000000000002,222,2.5
2015,9,22,2,30,140.54,0.19,5.5,0,0,0,0,23.400000000000002,97.60000000000001,1008,0,0,0,0,23.8,223,2.4000000000000004
2015,9,22,3,30,125.7,0.19,5.5,0,0,0,0,23.400000000000002,97.94,1008,0,0,0,0,23.700000000000003,224,2.2
2015,9,22,4,30,110.8,0.19,5.5,0,0,0,0,23.3,98.24000000000001,1008,0,0,0,0,23.6,225,2
2015,9,22,5,30,95.88,0.19,5.5,0,0,0,0,23.3,96.92,1009,0,0,0,0,23.8,227,2
2015,9,22,6,30,80.86,0.19,5.4,42,405,106,0,23.400000000000002,92.79,1009,42,405,0,106,24.6,227,2.2
2015,9,22,7,30,65.99,0.19,5.4,74,683,352,0,23.3,85.42,1010,74,683,0,352,25.900000000000002,225,2.3000000000000003
2015,9,22,8,30,51.1,0.19,5.4,93,800,596,0,23,77.32000000000001,1010,93,800,0,596,27.3,220,2.1
2015,9,22,9,30,36.25,0.19,5.300000000000001,106,861,800,1,22.700000000000003,71.09,1010,106,861,0,800,28.5,213,2
2015,9,22,10,30,21.55,0.19,5.300000000000001,114,892,944,2,22.6,66.66,1009,424,18,0,441,29.400000000000002,206,2.1
2015,9,22,11,30,7.95,0.19,5.300000000000001,119,905,1015,2,22.400000000000002,63.77,1008,481,94,0,574,30,200,2.3000000000000003
2015,9,22,12,30,10.51,0.19,5.300000000000001,168,834,988,0,22.3,62.57,1007,168,834,0,988,30.200000000000003,194,2.5
2015,9,22,13,30,24.62,0.19,5.4,162,812,900,0,22.200000000000003,62.67,1007,162,812,0,900,30.1,190,2.7
2015,9,22,14,30,39.37,0.19,5.4,150,766,742,0,22.200000000000003,64.51,1007,150,766,0,742,29.6,187,3
2015,9,22,15,30,54.24,0.19,5.4,130,681,528,0,22.3,68.39,1007,130,681,0,528,28.700000000000003,185,3.1
2015,9,22,16,30,69.13,0.19,5.5,99,514,282,0,22.5,74.29,1007,99,514,0,282,27.5,186,3.2
2015,9,22,17,30,83.97,0.19,5.5,39,153,55,0,22.8,81.34,1008,39,153,0,55,26.3,189,3.2
2015,9,22,18,30,99.03,0.19,5.5,0,0,0,0,23.200000000000003,87.62,1009,0,0,0,0,25.400000000000002,193,3.1
2015,9,22,19,30,113.96000000000001,0.19,5.5,0,0,0,0,23.400000000000002,91.54,1009,0,0,0,0,24.900000000000002,199,2.9000000000000004
2015,9,22,20,30,128.86,0.19,5.5,0,0,0,0,23.6,94.09,1010,0,0,0,0,24.6,203,2.7
2015,9,22,21,30,143.70000000000002,0.19,5.5,0,0,0,0,23.6,95.56,1010,0,0,0,0,24.400000000000002,207,2.6
2015,9,22,22,30,158.35,0.19,5.4,0,0,0,0,23.6,96.71000000000001,1010,0,0,0,0,24.200000000000003,209,2.5
2015,9,22,23,30,171.75,0.19,5.4,0,0,0,1,23.6,96.78,1009,0,0,0,0,24.1,212,2.5
2015,9,23,0,30,169.22,0.19,5.4,0,0,0,4,23.5,97.11,1009,0,0,0,0,24,214,2.4000000000000004
2015,9,23,1,30,155.24,0.19,5.4,0,0,0,3,23.400000000000002,97.21000000000001,1008,0,0,0,0,23.900000000000002,216,2.3000000000000003
2015,9,23,2,30,140.52,0.19,5.4,0,0,0,4,23.400000000000002,97.55,1008,0,0,0,0,23.8,219,2.2
2015,9,23,3,30,125.66,0.19,5.4,0,0,0,1,23.400000000000002,97.35000000000001,1009,0,0,0,0,23.8,224,2.2
2015,9,23,4,30,110.75,0.19,5.5,0,0,0,3,23.3,97.61,1009,0,0,0,0,23.700000000000003,228,2.2
2015,9,23,5,30,95.83,0.19,5.5,0,0,0,3,23.3,96.79,1009,0,0,0,0,23.8,232,2.4000000000000004
2015,9,23,6,30,80.81,0.19,5.5,50,321,101,0,23.3,93.21000000000001,1010,50,321,0,101,24.5,235,2.7
2015,9,23,7,30,65.94,0.19,5.5,90,624,345,1,23.200000000000003,85.72,1010,90,624,0,345,25.8,234,2.9000000000000004
2015,9,23,8,30,51.06,0.19,5.5,111,759,588,0,22.900000000000002,77.43,1010,111,759,0,588,27.200000000000003,231,2.7
2015,9,23,9,30,36.22,0.19,5.5,123,830,793,1,22.8,71.25,1010,123,830,0,793,28.5,227,2.3000000000000003
2015,9,23,10,30,21.57,0.19,5.5,130,868,937,2,22.6,66.54,1009,449,65,0,509,29.5,221,2.1
2015,9,23,11,30,8.15,0.19,5.4,133,885,1009,2,22.400000000000002,62.910000000000004,1008,489,110,0,598,30.3,215,2.1
2015,9,23,12,30,10.790000000000001,0.19,5.4,132,884,1000,1,22.3,60.94,1007,132,884,0,1000,30.700000000000003,208,2.1
2015,9,23,13,30,24.79,0.19,5.4,127,866,913,2,22.200000000000003,60.230000000000004,1006,484,201,0,667,30.8,202,2.3000000000000003
2015,9,23,14,30,39.52,0.19,5.5,117,823,753,0,22.200000000000003,61.13,1006,117,823,0,753,30.5,198,2.5
2015,9,23,15,30,54.370000000000005,0.19,5.5,149,630,516,0,22.200000000000003,63.690000000000005,1005,149,630,0,516,29.8,197,2.7
2015,9,23,16,30,69.26,0.19,5.5,108,468,274,0,22.3,68.04,1006,108,468,0,274,28.8,197,2.9000000000000004
2015,9,23,17,30,84.09,0.19,5.5,38,123,51,0,22.700000000000003,75.75,1006,38,123,0,51,27.400000000000002,198,3.1
2015,9,23,18,30,99.16,0.19,5.4,0,0,0,0,23.200000000000003,83.24,1007,0,0,0,0,26.3,200,3.4000000000000004
2015,9,23,19,30,114.09,0.19,5.4,0,0,0,0,23.3,87.88,1008,0,0,0,0,25.5,203,3.5
2015,9,23,20,30,128.99,0.19,5.300000000000001,0,0,0,0,23.5,90.83,1009,0,0,0,0,25.1,207,3.4000000000000004
2015,9,23,21,30,143.85,0.19,5.300000000000001,0,0,0,0,23.6,92.95,1010,0,0,0,0,24.8,211,3.3000000000000003
2015,9,23,22,30,158.54,0.19,5.2,0,0,0,0,23.6,94.28,1010,0,0,0,0,24.6,214,3.2
2015,9,23,23,30,172.08,0.19,5.2,0,0,0,3,23.6,94.74,1010,0,0,0,0,24.5,219,3.1
2015,9,24,0,30,169.35,0.19,5.1000000000000005,0,0,0,0,23.6,95.69,1009,0,0,0,0,24.3,224,3
2015,9,24,1,30,155.24,0.19,5.1000000000000005,0,0,0,0,23.5,96.11,1008,0,0,0,0,24.200000000000003,229,2.8000000000000003
2015,9,24,2,30,140.49,0.19,5,0,0,0,0,23.5,96.64,1008,0,0,0,0,24.1,233,2.7
2015,9,24,3,30,125.62,0.19,5,0,0,0,1,23.5,96.53,1008,0,0,0,0,24.1,234,2.7
2015,9,24,4,30,110.71000000000001,0.19,5.1000000000000005,0,0,0,7,23.5,96.77,1008,0,0,0,0,24,234,2.7
2015,9,24,5,30,95.78,0.19,5.1000000000000005,0,0,0,7,23.400000000000002,96,1009,0,0,0,0,24.1,234,2.8000000000000003
2015,9,24,6,30,80.76,0.19,5.1000000000000005,57,251,98,0,23.400000000000002,92.16,1009,57,251,0,98,24.8,236,3.1
2015,9,24,7,30,65.9,0.19,5.1000000000000005,108,561,338,1,23.3,84.72,1009,108,561,0,338,26.1,237,3.3000000000000003
2015,9,24,8,30,51.02,0.19,5.1000000000000005,136,706,580,7,23.1,76.32000000000001,1009,136,706,5,580,27.6,236,3.1
2015,9,24,9,30,36.2,0.19,5.1000000000000005,168,756,778,2,23,70.53,1009,399,82,0,465,28.900000000000002,233,2.8000000000000003
2015,9,24,10,30,21.59,0.19,5.2,178,799,921,3,22.900000000000002,66.06,1008,461,60,0,516,29.900000000000002,227,2.6
2015,9,24,11,30,8.370000000000001,0.19,5.300000000000001,183,817,991,2,22.700000000000003,63.53,1007,512,139,0,650,30.400000000000002,220,2.5
2015,9,24,12,30,11.07,0.19,5.5,207,779,971,2,22.6,62.690000000000005,1007,495,87,0,580,30.5,212,2.5
2015,9,24,13,30,24.97,0.19,5.7,203,748,881,0,22.5,63.85,1006,203,748,0,881,30.1,205,2.5
2015,9,24,14,30,39.660000000000004,0.19,5.800000000000001,190,690,721,0,22.5,66.62,1006,190,690,0,721,29.400000000000002,200,2.5
2015,9,24,15,30,54.51,0.19,5.9,168,584,507,7,22.700000000000003,70.85000000000001,1007,168,584,5,507,28.5,200,2.6
2015,9,24,16,30,69.39,0.19,6,125,395,264,0,22.900000000000002,76.21000000000001,1007,125,395,0,264,27.5,203,2.5
2015,9,24,17,30,84.22,0.19,6,39,66,45,3,23.3,82.10000000000001,1008,19,0,7,19,26.6,210,2.5
2015,9,24,18,30,99.29,0.19,6,0,0,0,5,23.5,86.85000000000001,1008,0,0,0,0,25.900000000000002,217,2.6
2015,9,24,19,30,114.21000000000001,0.19,5.9,0,0,0,7,23.700000000000003,89.60000000000001,1009,0,0,0,0,25.5,221,2.7
2015,9,24,20,30,129.13,0.19,5.9,0,0,0,7,23.8,91.91,1010,0,0,0,0,25.200000000000003,222,2.8000000000000003
2015,9,24,21,30,144,0.19,5.9,0,0,0,7,23.900000000000002,93.42,1010,0,0,0,0,25,221,2.9000000000000004
2015,9,24,22,30,158.72,0.19,5.9,0,0,0,7,23.900000000000002,94.86,1010,0,0,0,0,24.8,221,2.9000000000000004
2015,9,24,23,30,172.41,0.19,5.9,0,0,0,7,23.900000000000002,95.48,1009,0,0,0,0,24.700000000000003,223,2.9000000000000004
2015,9,25,0,30,169.46,0.19,5.9,0,0,0,7,23.900000000000002,95.99000000000001,1009,0,0,0,0,24.6,224,3
2015,9,25,1,30,155.24,0.19,5.9,0,0,0,7,23.900000000000002,96.36,1008,0,0,0,0,24.5,224,3.1
2015,9,25,2,30,140.46,0.19,5.9,0,0,0,7,23.900000000000002,96.2,1008,0,0,0,0,24.5,225,3.1
2015,9,25,3,30,125.58,0.19,5.9,0,0,0,3,23.8,96.66,1008,0,0,0,0,24.400000000000002,226,3
2015,9,25,4,30,110.66,0.19,6,0,0,0,8,23.8,96.45,1008,0,0,0,0,24.400000000000002,227,2.9000000000000004
2015,9,25,5,30,95.73,0.19,6,0,0,0,3,23.8,96.28,1008,0,0,0,0,24.400000000000002,226,3
2015,9,25,6,30,80.71000000000001,0.19,6,68,138,90,8,23.8,95.22,1009,31,0,7,31,24.6,222,3.2
2015,9,25,7,30,65.86,0.19,6,142,441,323,7,23.8,91.75,1009,173,25,7,183,25.200000000000003,217,3.7
2015,9,25,8,30,50.99,0.19,6,174,618,564,5,23.6,85.61,1009,208,1,0,208,26.200000000000003,212,3.9000000000000004
2015,9,25,9,30,36.19,0.19,6,188,719,768,3,23.400000000000002,78.91,1009,307,1,0,308,27.400000000000002,209,3.6
2015,9,25,10,30,21.62,0.19,6,195,773,913,4,23.3,75.26,1009,371,2,0,373,28.1,207,3.3000000000000003
2015,9,25,11,30,8.6,0.19,5.9,195,798,984,3,23.200000000000003,73.10000000000001,1008,286,0,0,286,28.5,206,3.2
2015,9,25,12,30,11.36,0.19,5.800000000000001,187,805,976,5,23.200000000000003,72.08,1008,297,1,0,297,28.700000000000003,205,3.2
2015,9,25,13,30,25.16,0.19,5.7,174,791,890,3,23.1,71.99,1007,451,78,0,522,28.700000000000003,205,3.3000000000000003
2015,9,25,14,30,39.82,0.19,5.7,159,749,734,5,23.1,72.53,1006,408,100,0,485,28.5,206,3.3000000000000003
2015,9,25,15,30,54.64,0.19,5.6000000000000005,124,693,525,8,23.1,74.79,1006,200,420,7,443,28,208,3.3000000000000003
2015,9,25,16,30,69.52,0.19,5.5,95,526,279,8,23.200000000000003,78.56,1007,152,333,0,269,27.3,209,3.2
2015,9,25,17,30,84.34,0.19,5.4,37,146,52,0,23.6,84.89,1007,37,146,0,52,26.3,210,3
2015,9,25,18,30,99.41,0.19,5.300000000000001,0,0,0,0,23.8,90.06,1008,0,0,0,0,25.6,210,2.9000000000000004
2015,9,25,19,30,114.34,0.19,5.300000000000001,0,0,0,0,24,92.9,1009,0,0,0,0,25.200000000000003,211,2.9000000000000004
2015,9,25,20,30,129.26,0.19,5.2,0,0,0,0,24.1,95.13,1010,0,0,0,0,24.900000000000002,213,2.9000000000000004
2015,9,25,21,30,144.14000000000001,0.19,5.1000000000000005,0,0,0,0,24.1,95.9,1010,0,0,0,0,24.8,215,2.8000000000000003
2015,9,25,22,30,158.9,0.19,4.9,0,0,0,7,24.1,97,1010,0,0,0,0,24.6,218,2.8000000000000003
2015,9,25,23,30,172.73,0.19,4.800000000000001,0,0,0,3,24,97.08,1009,0,0,0,0,24.5,221,2.8000000000000003
2015,9,26,0,30,169.56,0.19,4.7,0,0,0,1,23.900000000000002,97,1008,0,0,0,0,24.400000000000002,223,2.8000000000000003
2015,9,26,1,30,155.23,0.19,4.6000000000000005,0,0,0,3,23.8,97.66,1008,0,0,0,0,24.200000000000003,225,2.7
2015,9,26,2,30,140.43,0.19,4.5,0,0,0,3,23.700000000000003,97.81,1008,0,0,0,0,24.1,226,2.6
2015,9,26,3,30,125.53,0.19,4.5,0,0,0,1,23.700000000000003,98.07000000000001,1008,0,0,0,0,24,227,2.4000000000000004
2015,9,26,4,30,110.61,0.19,4.5,0,0,0,0,23.6,98.36,1008,0,0,0,0,23.900000000000002,227,2.3000000000000003
2015,9,26,5,30,95.68,0.19,4.5,0,0,0,0,23.6,96.84,1008,0,0,0,0,24.1,227,2.4000000000000004
2015,9,26,6,30,80.67,0.19,4.5,46,387,108,0,23.700000000000003,94.29,1009,46,387,0,108,24.700000000000003,228,2.7
2015,9,26,7,30,65.82000000000001,0.19,4.6000000000000005,78,680,356,0,23.8,88.14,1010,78,680,0,356,25.900000000000002,229,2.9000000000000004
2015,9,26,8,30,50.96,0.19,4.6000000000000005,93,807,602,0,23.5,79.61,1010,93,807,0,602,27.3,226,2.9000000000000004
2015,9,26,9,30,36.18,0.19,4.6000000000000005,102,876,808,0,23.200000000000003,72.72,1009,102,876,0,808,28.6,220,2.7
2015,9,26,10,30,21.66,0.19,4.6000000000000005,107,910,953,3,23,68.21000000000001,1009,451,68,0,514,29.5,213,2.7
2015,9,26,11,30,8.84,0.19,4.7,110,923,1021,2,22.8,65.11,1008,488,113,0,599,30.1,207,2.8000000000000003
2015,9,26,12,30,11.66,0.19,4.7,127,895,1004,3,22.700000000000003,63.4,1007,475,50,0,523,30.400000000000002,203,3
2015,9,26,13,30,25.35,0.19,4.7,123,876,915,2,22.5,63.26,1006,453,131,0,572,30.3,200,3.1
2015,9,26,14,30,39.97,0.19,4.800000000000001,115,833,753,0,22.5,64.09,1005,115,833,0,753,30,199,3.2
2015,9,26,15,30,54.78,0.19,4.800000000000001,109,734,532,0,22.5,66.67,1005,109,734,0,532,29.3,200,3.3000000000000003
2015,9,26,16,30,69.65,0.19,4.800000000000001,83,574,283,0,22.5,71.41,1006,83,574,1,283,28.200000000000003,201,3.3000000000000003
2015,9,26,17,30,84.46000000000001,0.19,4.800000000000001,33,194,52,0,22.8,77.72,1006,33,194,1,52,27,204,3.3000000000000003
2015,9,26,18,30,99.53,0.19,4.800000000000001,0,0,0,0,23.1,84.21000000000001,1007,0,0,1,0,26,206,3.3000000000000003
2015,9,26,19,30,114.46000000000001,0.19,4.7,0,0,0,0,23.3,88.22,1008,0,0,1,0,25.400000000000002,210,3.3000000000000003
2015,9,26,20,30,129.39000000000001,0.19,4.7,0,0,0,0,23.400000000000002,91.09,1008,0,0,1,0,25,214,3.2
2015,9,26,21,30,144.28,0.19,4.6000000000000005,0,0,0,0,23.5,92.5,1008,0,0,1,0,24.8,218,3.1
2015,9,26,22,30,159.07,0.19,4.6000000000000005,0,0,0,0,23.5,93.71000000000001,1008,0,0,1,0,24.6,222,3
2015,9,26,23,30,173.04,0.19,4.5,0,0,0,0,23.5,94.66,1007,0,0,1,0,24.400000000000002,226,3
2015,9,27,0,30,169.65,0.19,4.5,0,0,0,6,23.400000000000002,94.98,1007,0,0,8,0,24.3,230,3
2015,9,27,1,30,155.22,0.19,4.5,0,0,0,6,23.400000000000002,95.11,1006,0,0,8,0,24.200000000000003,234,2.9000000000000004
2015,9,27,2,30,140.39000000000001,0.19,4.5,0,0,0,6,23.3,95.99000000000001,1006,0,0,8,0,24,237,2.8000000000000003
2015,9,27,3,30,125.49000000000001,0.19,4.5,0,0,0,6,23.3,96.26,1006,0,0,8,0,23.900000000000002,241,2.7
2015,9,27,4,30,110.57000000000001,0.19,4.5,0,0,0,6,23.200000000000003,96,1006,0,0,8,0,23.900000000000002,244,2.6
2015,9,27,5,30,95.64,0.19,4.6000000000000005,0,0,0,6,23.200000000000003,94.61,1007,0,0,8,0,24.1,246,2.6
2015,9,27,6,30,80.62,0.19,4.6000000000000005,58,267,101,6,23.200000000000003,90.13,1008,30,0,8,30,24.900000000000002,247,2.9000000000000004
2015,9,27,7,30,65.78,0.19,4.6000000000000005,107,574,343,6,23,82.34,1008,89,2,8,90,26.200000000000003,246,2.9000000000000004
2015,9,27,8,30,50.93,0.19,4.6000000000000005,132,722,587,6,22.8,74.95,1009,133,1,8,134,27.6,240,2.7
2015,9,27,9,30,36.17,0.19,4.6000000000000005,146,801,792,6,22.8,69.64,1008,144,1,8,145,28.900000000000002,232,2.3000000000000003
2015,9,27,10,30,21.71,0.19,4.6000000000000005,154,841,936,6,22.700000000000003,64.8,1008,164,0,8,164,30,223,2.2
2015,9,27,11,30,9.1,0.19,4.7,160,855,1004,6,22.400000000000002,61.4,1006,178,1,8,178,30.700000000000003,215,2.4000000000000004
2015,9,27,12,30,11.96,0.19,4.7,226,756,966,6,22.3,59.44,1005,165,0,8,166,31.1,208,2.6
2015,9,27,13,30,25.54,0.19,4.800000000000001,210,740,878,6,22.200000000000003,59.45,1005,127,0,8,127,31,203,2.9000000000000004
2015,9,27,14,30,40.13,0.19,4.800000000000001,191,690,719,6,22.1,60.99,1004,81,0,8,81,30.5,202,3.1
2015,9,27,15,30,54.92,0.19,4.9,163,595,505,6,22.200000000000003,64.54,1004,46,0,8,47,29.6,204,3.3000000000000003
2015,9,27,16,30,69.78,0.19,5,119,415,263,6,22.400000000000002,69.62,1005,24,0,8,24,28.5,209,3.4000000000000004
2015,9,27,17,30,84.58,0.19,5,36,74,43,6,22.700000000000003,76.60000000000001,1005,9,0,8,9,27.200000000000003,214,3.5
2015,9,27,18,30,99.66,0.19,5,0,0,0,6,23.1,83.11,1006,0,0,8,0,26.200000000000003,219,3.6
2015,9,27,19,30,114.59,0.19,5.1000000000000005,0,0,0,6,23.200000000000003,86.83,1007,0,0,8,0,25.6,223,3.7
2015,9,27,20,30,129.51,0.19,5.1000000000000005,0,0,0,6,23.400000000000002,89.60000000000001,1008,0,0,8,0,25.200000000000003,225,3.6
2015,9,27,21,30,144.42000000000002,0.19,5.1000000000000005,0,0,0,6,23.400000000000002,91.02,1008,0,0,8,0,25,228,3.5
2015,9,27,22,30,159.23,0.19,5.1000000000000005,0,0,0,6,23.400000000000002,92.17,1008,0,0,8,0,24.8,230,3.3000000000000003
2015,9,27,23,30,173.34,0.19,5.1000000000000005,0,0,0,6,23.5,93.42,1008,0,0,8,0,24.6,233,3.2
2015,9,28,0,30,169.73,0.19,5.2,0,0,0,0,23.5,94.54,1007,0,0,1,0,24.400000000000002,237,3.1
2015,9,28,1,30,155.21,0.19,5.2,0,0,0,0,23.5,95.79,1007,0,0,1,0,24.200000000000003,240,3
2015,9,28,2,30,140.35,0.19,5.2,0,0,0,0,23.5,96.23,1006,0,0,1,0,24.1,242,2.9000000000000004
2015,9,28,3,30,125.44,0.19,5.2,0,0,0,0,23.400000000000002,96.67,1006,0,0,1,0,24,243,2.8000000000000003
2015,9,28,4,30,110.52,0.19,5.2,0,0,0,0,23.400000000000002,96.58,1007,0,0,1,0,24,243,2.7
2015,9,28,5,30,95.59,0.19,5.2,0,0,0,0,23.400000000000002,95.78,1007,0,0,1,0,24.1,242,2.8000000000000003
2015,9,28,6,30,80.58,0.19,5.300000000000001,63,197,96,0,23.5,93.59,1008,63,197,1,96,24.6,239,3
2015,9,28,7,30,65.74,0.19,5.300000000000001,126,501,332,0,23.6,87.49,1008,126,501,1,332,25.8,236,3.3000000000000003
2015,9,28,8,30,50.9,0.19,5.300000000000001,159,655,572,0,23.200000000000003,78.57000000000001,1008,159,655,1,572,27.3,232,3.1
2015,9,28,9,30,36.17,0.19,5.300000000000001,178,740,775,0,23.1,71.87,1008,178,740,1,775,28.700000000000003,225,2.8000000000000003
2015,9,28,10,30,21.76,0.19,5.300000000000001,187,787,918,0,23.1,68.03,1007,187,787,1,918,29.6,219,2.6
2015,9,28,11,30,9.36,0.19,5.4,189,809,987,0,23,65.76,1006,189,809,1,987,30.1,213,2.6
2015,9,28,12,30,12.27,0.19,5.4,188,808,978,0,22.900000000000002,64.81,1005,188,808,1,978,30.3,208,2.8000000000000003
2015,9,28,13,30,25.73,0.19,5.4,179,788,889,0,22.900000000000002,65.35,1004,179,788,1,889,30.1,204,3
2015,9,28,14,30,40.28,0.19,5.5,161,743,728,0,22.900000000000002,67.78,1004,161,743,1,728,29.5,202,3.3000000000000003
2015,9,28,15,30,55.06,0.19,5.5,153,617,506,0,23,71.49,1004,153,617,0,506,28.700000000000003,203,3.5
2015,9,28,16,30,69.9,0.19,5.6000000000000005,112,436,262,7,23.200000000000003,77.13,1005,167,106,7,204,27.6,205,3.7
2015,9,28,17,30,84.7,0.19,5.6000000000000005,35,83,43,2,23.5,84.11,1005,27,0,7,27,26.400000000000002,208,3.7
2015,9,28,18,30,99.78,0.19,5.5,0,0,0,7,23.700000000000003,89.38,1006,0,0,0,0,25.6,211,3.6
2015,9,28,19,30,114.71000000000001,0.19,5.5,0,0,0,6,23.8,92.52,1007,0,0,0,0,25.1,214,3.5
2015,9,28,20,30,129.64000000000001,0.19,5.5,0,0,0,7,23.8,94.44,1007,0,0,0,0,24.8,218,3.3000000000000003
2015,9,28,21,30,144.55,0.19,5.5,0,0,0,7,23.900000000000002,95.69,1008,0,0,0,0,24.6,222,3
2015,9,28,22,30,159.39000000000001,0.19,5.5,0,0,0,3,23.900000000000002,96.78,1008,0,0,0,0,24.400000000000002,225,2.8000000000000003
2015,9,28,23,30,173.63,0.19,5.4,0,0,0,4,23.8,97.01,1007,0,0,0,0,24.3,228,2.7
2015,9,29,0,30,169.79,0.19,5.4,0,0,0,7,23.700000000000003,97.25,1007,0,0,0,0,24.200000000000003,229,2.5
2015,9,29,1,30,155.18,0.19,5.4,0,0,0,4,23.6,97.32000000000001,1006,0,0,0,0,24.1,229,2.4000000000000004
2015,9,29,2,30,140.31,0.19,5.4,0,0,0,7,23.6,97.5,1006,0,0,0,0,24,229,2.3000000000000003
2015,9,29,3,30,125.4,0.19,5.4,0,0,0,4,23.5,97.78,1006,0,0,0,0,23.900000000000002,228,2.3000000000000003
2015,9,29,4,30,110.47,0.19,5.4,0,0,0,3,23.5,97.46000000000001,1006,0,0,0,0,23.900000000000002,228,2.3000000000000003
2015,9,29,5,30,95.54,0.19,5.4,0,0,0,1,23.400000000000002,96.66,1007,0,0,0,0,24,229,2.6
2015,9,29,6,30,80.54,0.19,5.4,58,256,100,3,23.700000000000003,94.67,1008,31,0,7,31,24.6,230,3
2015,9,29,7,30,65.7,0.19,5.5,107,565,340,7,24,91.24,1008,198,95,7,237,25.5,231,3.4000000000000004
2015,9,29,8,30,50.88,0.19,5.5,134,709,581,7,23.8,84.02,1009,296,141,0,385,26.700000000000003,229,3.6
2015,9,29,9,30,36.17,0.19,5.5,148,790,786,7,23.400000000000002,76.72,1009,362,69,0,418,27.900000000000002,225,3.6
2015,9,29,10,30,21.82,0.19,5.6000000000000005,157,830,928,7,23.3,72.11,1008,417,69,0,481,28.8,220,3.7
2015,9,29,11,30,9.63,0.19,5.6000000000000005,163,844,995,6,23.1,69.81,1007,461,80,0,540,29.200000000000003,216,4
2015,9,29,12,30,12.58,0.19,5.6000000000000005,173,827,980,7,23,69.31,1006,402,255,0,651,29.200000000000003,213,4.2
2015,9,29,13,30,25.93,0.19,5.6000000000000005,169,800,888,7,23,69.92,1005,385,348,0,698,29,212,4.4
2015,9,29,14,30,40.44,0.19,5.6000000000000005,157,748,727,7,23,71.63,1005,328,342,0,588,28.6,212,4.4
2015,9,29,15,30,55.2,0.19,5.6000000000000005,137,656,511,8,23,74.5,1005,249,325,0,434,28,213,4.2
2015,9,29,16,30,70.03,0.19,5.7,103,476,265,0,23.1,78.43,1005,103,476,0,265,27.200000000000003,212,4
2015,9,29,17,30,84.82000000000001,0.19,5.7,34,100,43,3,23.3,83.48,1006,16,0,7,16,26.3,212,3.6
2015,9,29,18,30,99.9,0.19,5.7,0,0,0,1,23.5,88.23,1007,0,0,0,0,25.6,212,3.4000000000000004
2015,9,29,19,30,114.83,0.19,5.7,0,0,0,0,23.6,90.74,1007,0,0,0,0,25.200000000000003,213,3.4000000000000004
2015,9,29,20,30,129.76,0.19,5.7,0,0,0,0,23.700000000000003,92.25,1008,0,0,0,0,25,214,3.3000000000000003
2015,9,29,21,30,144.67000000000002,0.19,5.800000000000001,0,0,0,0,23.700000000000003,93.54,1008,0,0,0,0,24.8,214,3.3000000000000003
2015,9,29,22,30,159.54,0.19,5.800000000000001,0,0,0,0,23.700000000000003,93.98,1008,0,0,0,0,24.700000000000003,215,3.3000000000000003
2015,9,29,23,30,173.9,0.19,5.800000000000001,0,0,0,0,23.6,94.39,1007,0,0,0,0,24.6,215,3.2
2015,9,30,0,30,169.84,0.19,5.800000000000001,0,0,0,0,23.6,94.89,1006,0,0,0,0,24.5,214,3.1
2015,9,30,1,30,155.16,0.19,5.800000000000001,0,0,0,1,23.6,95.3,1006,0,0,0,0,24.400000000000002,211,3
2015,9,30,2,30,140.27,0.19,5.9,0,0,0,1,23.5,95.53,1005,0,0,0,0,24.3,208,2.9000000000000004
2015,9,30,3,30,125.35000000000001,0.19,5.9,0,0,0,3,23.5,95.33,1006,0,0,0,0,24.3,207,2.8000000000000003
2015,9,30,4,30,110.42,0.19,5.9,0,0,0,3,23.5,95.15,1006,0,0,0,0,24.3,208,2.6
2015,9,30,5,30,95.5,0.19,5.9,0,0,0,3,23.5,94.51,1007,0,0,0,0,24.400000000000002,210,2.5
2015,9,30,6,30,80.5,0.19,6,61,228,99,5,23.5,92.49,1008,30,0,7,30,24.8,211,2.6
2015,9,30,7,30,65.67,0.19,6,115,540,338,3,23.5,89.15,1008,185,7,0,188,25.400000000000002,211,2.8000000000000003
2015,9,30,8,30,50.86,0.19,5.9,145,686,578,7,23.200000000000003,83.14,1009,242,431,7,515,26.3,211,2.9000000000000004
2015,9,30,9,30,36.18,0.19,5.9,167,758,779,1,23,78.13,1009,167,758,0,779,27.1,209,3.1
2015,9,30,10,30,21.89,0.19,5.800000000000001,179,799,920,3,22.900000000000002,74.87,1008,457,54,0,507,27.8,207,3.3000000000000003
2015,9,30,11,30,9.92,0.19,5.800000000000001,182,819,988,3,22.900000000000002,72.52,1007,374,2,0,375,28.3,206,3.6
2015,9,30,12,30,12.89,0.19,5.800000000000001,180,815,975,3,22.8,71.47,1006,512,147,0,655,28.5,206,3.8000000000000003
2015,9,30,13,30,26.13,0.19,5.7,175,790,884,0,22.8,72.15,1006,175,790,0,884,28.3,207,4
2015,9,30,14,30,40.6,0.19,5.7,162,740,723,0,22.8,73.31,1006,162,740,0,723,28,207,4
2015,9,30,15,30,55.34,0.19,5.7,184,537,490,0,22.8,75.86,1006,184,537,0,490,27.400000000000002,207,4
2015,9,30,16,30,70.16,0.19,5.7,126,362,249,0,22.8,79.62,1006,126,362,0,249,26.6,207,3.8000000000000003
2015,9,30,17,30,84.94,0.19,5.7,32,53,37,7,23,84.91,1007,18,0,7,18,25.700000000000003,206,3.4000000000000004
2015,9,30,18,30,100.01,0.19,5.7,0,0,0,7,23.200000000000003,88.88,1007,0,0,0,0,25.200000000000003,205,3.1
2015,9,30,19,30,114.94,0.19,5.7,0,0,0,3,23.400000000000002,91.86,1008,0,0,0,0,24.8,203,2.9000000000000004
2015,9,30,20,30,129.87,0.19,5.800000000000001,0,0,0,7,23.5,92.88,1008,0,0,0,0,24.700000000000003,202,2.7
2015,9,30,21,30,144.8,0.19,5.800000000000001,0,0,0,7,23.5,93.57000000000001,1008,0,0,0,0,24.6,205,2.5
2015,9,30,22,30,159.68,0.19,5.800000000000001,0,0,0,7,23.5,94.25,1008,0,0,0,0,24.5,210,2.4000000000000004
2015,9,30,23,30,174.16,0.19,5.800000000000001,0,0,0,8,23.5,94.86,1008,0,0,0,0,24.400000000000002,217,2.4000000000000004
2015,10,1,0,30,169.87,0.19,5.800000000000001,0,0,0,8,23.5,95.81,1007,0,0,0,0,24.200000000000003,224,2.3000000000000003
2015,10,1,1,30,155.13,0.19,5.800000000000001,0,0,0,3,23.400000000000002,96.09,1006,0,0,0,0,24.1,228,2.2
2015,10,1,2,30,140.23,0.19,5.800000000000001,0,0,0,0,23.400000000000002,96.36,1006,0,0,0,0,24,229,2.1
2015,10,1,3,30,125.3,0.19,5.7,0,0,0,3,23.3,97.13,1006,0,0,0,0,23.8,227,2
2015,10,1,4,30,110.37,0.19,5.7,0,0,0,5,23.200000000000003,97.26,1006,0,0,0,0,23.700000000000003,222,1.9000000000000001
2015,10,1,5,30,95.45,0.19,5.6000000000000005,0,0,0,5,23.200000000000003,95.81,1007,0,0,0,0,23.900000000000002,217,2
2015,10,1,6,30,80.46000000000001,0.19,5.5,60,244,100,8,23.3,92.69,1007,77,17,7,79,24.6,212,2.4000000000000004
2015,10,1,7,30,65.64,0.19,5.5,112,553,340,8,23.400000000000002,86.92,1008,166,40,7,183,25.700000000000003,208,2.7
2015,10,1,8,30,50.85,0.19,5.5,138,702,581,1,23,78.31,1008,138,702,0,581,27.1,203,2.8000000000000003
2015,10,1,9,30,36.19,0.19,5.5,163,766,781,3,22.8,72.13,1008,309,1,0,310,28.3,199,2.8000000000000003
2015,10,1,10,30,21.97,0.19,5.5,174,807,922,3,22.900000000000002,69.09,1007,454,52,0,502,29.1,198,2.9000000000000004
2015,10,1,11,30,10.21,0.19,5.5,179,822,989,2,22.900000000000002,67.58,1006,505,109,0,613,29.5,198,3.2
2015,10,1,12,30,13.21,0.19,5.5,252,717,950,2,22.8,66.72,1005,516,91,0,604,29.700000000000003,198,3.4000000000000004
2015,10,1,13,30,26.34,0.19,5.5,249,678,857,1,22.8,66.93,1005,249,678,0,857,29.6,199,3.6
2015,10,1,14,30,40.76,0.19,5.5,234,609,695,0,22.8,68.75,1005,234,609,0,695,29.1,200,3.8000000000000003
2015,10,1,15,30,55.480000000000004,0.19,5.4,199,499,482,3,22.8,71.97,1005,326,47,0,352,28.3,202,3.8000000000000003
2015,10,1,16,30,70.29,0.19,5.300000000000001,138,313,244,0,22.8,75.95,1005,138,313,0,244,27.400000000000002,204,3.7
2015,10,1,17,30,85.06,0.19,5.2,31,28,33,0,22.900000000000002,81.07000000000001,1006,31,28,0,33,26.400000000000002,206,3.4000000000000004
2015,10,1,18,30,100.13,0.19,5.1000000000000005,0,0,0,0,23.1,86.16,1007,0,0,0,0,25.6,208,3.2
2015,10,1,19,30,115.05,0.19,5,0,0,0,0,23.3,89.59,1008,0,0,0,0,25.1,210,3
2015,10,1,20,30,129.99,0.19,4.9,0,0,0,0,23.400000000000002,91.78,1008,0,0,0,0,24.8,212,2.8000000000000003
2015,10,1,21,30,144.91,0.19,4.9,0,0,0,0,23.400000000000002,93.2,1008,0,0,0,0,24.6,214,2.6
2015,10,1,22,30,159.81,0.19,4.9,0,0,0,1,23.5,94.48,1008,0,0,0,0,24.400000000000002,217,2.4000000000000004
2015,10,1,23,30,174.41,0.19,4.9,0,0,0,0,23.5,95.07000000000001,1008,0,0,0,0,24.3,220,2.4000000000000004
2015,10,2,0,30,169.89000000000001,0.19,4.9,0,0,0,0,23.5,95.64,1007,0,0,0,0,24.200000000000003,223,2.4000000000000004
2015,10,2,1,30,155.09,0.19,4.9,0,0,0,0,23.400000000000002,95.47,1006,0,0,0,0,24.200000000000003,225,2.4000000000000004
2015,10,2,2,30,140.18,0.19,4.9,0,0,0,8,23.400000000000002,96.12,1006,0,0,0,0,24.1,226,2.4000000000000004
2015,10,2,3,30,125.25,0.19,4.9,0,0,0,0,23.5,96.23,1006,0,0,0,0,24.1,226,2.4000000000000004
2015,10,2,4,30,110.32000000000001,0.19,4.800000000000001,0,0,0,0,23.5,96.9,1007,0,0,0,0,24,226,2.4000000000000004
2015,10,2,5,30,95.41,0.19,4.800000000000001,0,0,0,0,23.5,96.26,1007,0,0,0,0,24.1,225,2.5
2015,10,2,6,30,80.42,0.19,4.7,67,186,98,0,23.6,92.81,1008,67,186,0,98,24.8,225,2.7
2015,10,2,7,30,65.61,0.19,4.7,128,498,334,0,23.5,86.01,1008,128,498,0,334,26,223,2.8000000000000003
2015,10,2,8,30,50.84,0.19,4.6000000000000005,162,654,575,0,23.1,77.92,1008,162,654,0,575,27.3,220,2.7
2015,10,2,9,30,36.21,0.19,4.6000000000000005,182,741,780,0,23.1,72.62,1007,182,741,0,780,28.5,214,2.5
2015,10,2,10,30,22.05,0.19,4.6000000000000005,191,789,922,1,23.1,68.59,1007,191,789,0,922,29.5,208,2.5
2015,10,2,11,30,10.5,0.19,4.7,195,808,989,2,23.1,66.04,1006,511,89,0,599,30.1,201,2.7
2015,10,2,12,30,13.530000000000001,0.19,4.7,265,702,947,0,23,64.92,1005,265,702,0,947,30.3,194,3
2015,10,2,13,30,26.55,0.19,4.7,253,675,856,0,22.900000000000002,64.55,1004,253,675,0,856,30.3,192,3.3000000000000003
2015,10,2,14,30,40.93,0.19,4.7,230,621,699,0,22.8,66.64,1004,230,621,0,699,29.700000000000003,192,3.7
2015,10,2,15,30,55.620000000000005,0.19,4.800000000000001,180,550,490,0,22.8,70.25,1004,180,550,0,490,28.8,194,3.9000000000000004
2015,10,2,16,30,70.42,0.19,4.800000000000001,128,359,248,0,22.900000000000002,75.34,1005,128,359,0,248,27.700000000000003,198,3.9000000000000004
2015,10,2,17,30,85.18,0.19,4.800000000000001,31,33,34,0,23.1,81.57000000000001,1006,31,33,0,34,26.5,201,3.8000000000000003
2015,10,2,18,30,100.24000000000001,0.19,4.800000000000001,0,0,0,0,23.3,87.22,1007,0,0,0,0,25.6,203,3.5
2015,10,2,19,30,115.17,0.19,4.9,0,0,0,0,23.5,90.29,1008,0,0,0,0,25.200000000000003,205,3.4000000000000004
2015,10,2,20,30,130.1,0.19,4.9,0,0,0,0,23.6,92.57000000000001,1009,0,0,0,0,24.900000000000002,208,3.2
2015,10,2,21,30,145.02,0.19,4.9,0,0,0,0,23.700000000000003,93.38,1009,0,0,0,0,24.8,211,3
2015,10,2,22,30,159.94,0.19,4.9,0,0,0,0,23.700000000000003,94.54,1009,0,0,0,0,24.6,216,2.8000000000000003
2015,10,2,23,30,174.63,0.19,4.800000000000001,0,0,0,3,23.700000000000003,95.05,1008,0,0,0,0,24.5,220,2.7
2015,10,3,0,30,169.89000000000001,0.19,4.9,0,0,0,3,23.6,96.11,1007,0,0,0,0,24.3,224,2.7
2015,10,3,1,30,155.05,0.19,4.9,0,0,0,7,23.6,96.61,1007,0,0,0,0,24.200000000000003,227,2.6
2015,10,3,2,30,140.13,0.19,4.9,0,0,0,7,23.6,97.04,1007,0,0,0,0,24.1,228,2.6
2015,10,3,3,30,125.2,0.19,5,0,0,0,7,23.6,97.44,1007,0,0,0,0,24,228,2.6
2015,10,3,4,30,110.28,0.19,5,0,0,0,7,23.5,97.24000000000001,1007,0,0,0,0,24,227,2.6
2015,10,3,5,30,95.36,0.19,5,0,0,0,8,23.5,96.42,1007,0,0,0,0,24.1,226,2.7
2015,10,3,6,30,80.39,0.19,5.1000000000000005,65,195,97,3,23.700000000000003,93.97,1008,34,0,7,34,24.700000000000003,225,2.9000000000000004
2015,10,3,7,30,65.59,0.19,5.1000000000000005,126,504,334,3,23.8,88.44,1009,133,0,0,133,25.900000000000002,222,3.1
2015,10,3,8,30,50.83,0.19,5.2,161,656,575,3,23.6,80.15,1009,343,66,0,384,27.3,218,3
2015,10,3,9,30,36.230000000000004,0.19,5.2,180,739,776,5,23.400000000000002,73.8,1009,291,1,0,292,28.5,213,2.9000000000000004
2015,10,3,10,30,22.150000000000002,0.19,5.300000000000001,190,784,916,8,23.3,70.25,1009,437,95,7,525,29.3,208,3
2015,10,3,11,30,10.81,0.19,5.300000000000001,194,803,983,7,23.3,68.39,1008,455,113,7,566,29.700000000000003,204,3.2
2015,10,3,12,30,13.85,0.19,5.4,192,800,969,4,23.200000000000003,67.81,1007,491,86,0,574,29.8,202,3.4000000000000004
2015,10,3,13,30,26.76,0.19,5.4,184,777,878,7,23.200000000000003,67.95,1006,192,738,0,850,29.700000000000003,201,3.6
2015,10,3,14,30,41.09,0.19,5.4,170,724,715,7,23.1,69.75,1006,226,644,0,712,29.200000000000003,201,3.7
2015,10,3,15,30,55.76,0.19,5.4,146,627,499,0,23.1,72.48,1006,146,627,0,499,28.5,202,3.7
2015,10,3,16,30,70.55,0.19,5.4,107,441,254,0,23.1,76.57000000000001,1006,107,441,0,254,27.6,203,3.7
2015,10,3,17,30,85.29,0.19,5.4,32,67,37,0,23.3,82.65,1007,32,67,0,37,26.5,204,3.6
2015,10,3,18,30,100.36,0.19,5.300000000000001,0,0,0,0,23.6,88.04,1008,0,0,0,0,25.700000000000003,206,3.4000000000000004
2015,10,3,19,30,115.27,0.19,5.300000000000001,0,0,0,0,23.700000000000003,90.87,1008,0,0,0,0,25.3,208,3.3000000000000003
2015,10,3,20,30,130.2,0.19,5.300000000000001,0,0,0,0,23.8,93.02,1009,0,0,0,0,25,210,3.2
2015,10,3,21,30,145.13,0.19,5.300000000000001,0,0,0,0,23.900000000000002,94.49,1009,0,0,0,0,24.8,214,2.9000000000000004
2015,10,3,22,30,160.05,0.19,5.300000000000001,0,0,0,0,23.900000000000002,95.3,1009,0,0,0,0,24.700000000000003,219,2.8000000000000003
2015,10,3,23,30,174.83,0.19,5.300000000000001,0,0,0,0,23.900000000000002,95.97,1009,0,0,1,0,24.6,224,2.7
2015,10,4,0,30,169.88,0.19,5.300000000000001,0,0,0,0,23.900000000000002,97.13,1009,0,0,0,0,24.400000000000002,230,2.6
2015,10,4,1,30,155,0.19,5.300000000000001,0,0,0,0,23.900000000000002,97.46000000000001,1008,0,0,0,0,24.3,235,2.6
2015,10,4,2,30,140.08,0.19,5.300000000000001,0,0,0,0,23.8,97.8,1008,0,0,0,0,24.200000000000003,239,2.5
2015,10,4,3,30,125.15,0.19,5.4,0,0,0,0,23.8,98.05,1008,0,0,0,0,24.1,242,2.4000000000000004
2015,10,4,4,30,110.23,0.19,5.4,0,0,0,0,23.700000000000003,98.27,1009,0,0,0,0,24,244,2.3000000000000003
2015,10,4,5,30,95.32000000000001,0.19,5.4,0,0,0,0,23.6,96.63,1009,0,0,0,0,24.200000000000003,246,2.3000000000000003
2015,10,4,6,30,80.35000000000001,0.19,5.5,58,276,104,0,23.8,93.57000000000001,1010,58,276,0,104,24.900000000000002,246,2.5
2015,10,4,7,30,65.57000000000001,0.19,5.5,104,585,346,0,23.900000000000002,87.10000000000001,1010,104,585,0,346,26.200000000000003,242,2.7
2015,10,4,8,30,50.82,0.19,5.5,129,727,588,0,23.5,77.83,1010,129,727,0,588,27.700000000000003,237,2.4000000000000004
2015,10,4,9,30,36.26,0.19,5.5,148,792,787,8,23.3,71.35000000000001,1010,346,296,7,584,29,230,2
2015,10,4,10,30,22.240000000000002,0.19,5.5,156,834,928,3,23,66.33,1010,456,71,0,522,30,221,1.7000000000000002
2015,10,4,11,30,11.120000000000001,0.19,5.5,158,852,994,8,22.700000000000003,62.5,1009,416,324,7,735,30.700000000000003,210,1.7000000000000002
2015,10,4,12,30,14.18,0.19,5.5,218,764,958,0,22.5,60.75,1008,218,764,0,958,31,201,1.9000000000000001
2015,10,4,13,30,26.97,0.19,5.5,208,739,867,0,22.5,60.52,1007,208,739,0,867,31,194,2.1
2015,10,4,14,30,41.26,0.19,5.5,191,684,705,0,22.5,61.92,1007,191,684,0,705,30.6,190,2.3000000000000003
2015,10,4,15,30,55.9,0.19,5.5,163,583,489,0,22.700000000000003,65.92,1007,163,583,0,489,29.700000000000003,189,2.6
2015,10,4,16,30,70.67,0.19,5.5,117,391,247,0,23,71.65,1007,117,391,0,247,28.6,190,2.9000000000000004
2015,10,4,17,30,85.41,0.19,5.5,30,41,34,0,23.5,79.7,1008,30,41,0,34,27.3,192,3
2015,10,4,18,30,100.47,0.19,5.4,0,0,0,0,24,87.43,1009,0,0,1,0,26.3,195,3.2
2015,10,4,19,30,115.38,0.19,5.4,0,0,0,0,24.1,91,1009,0,0,1,0,25.700000000000003,199,3.2
2015,10,4,20,30,130.3,0.19,5.300000000000001,0,0,0,0,24.200000000000003,93.56,1010,0,0,1,0,25.3,205,3.1
2015,10,4,21,30,145.23,0.19,5.300000000000001,0,0,0,0,24.200000000000003,94.5,1010,0,0,1,0,25.1,210,2.9000000000000004
2015,10,4,22,30,160.16,0.19,5.2,0,0,0,1,24.1,94.66,1010,0,0,0,0,25,216,2.8000000000000003
2015,10,4,23,30,175.01,0.19,5.1000000000000005,0,0,0,0,24,95.39,1010,0,0,0,0,24.8,220,2.7
2015,10,5,0,30,169.86,0.19,5.1000000000000005,0,0,0,0,23.900000000000002,95.38,1009,0,0,0,0,24.700000000000003,223,2.7
2015,10,5,1,30,154.95000000000002,0.19,5,0,0,0,0,23.8,95.95,1009,0,0,0,0,24.5,226,2.7
2015,10,5,2,30,140.03,0.19,5,0,0,0,0,23.700000000000003,95.89,1008,0,0,0,0,24.400000000000002,227,2.6
2015,10,5,3,30,125.10000000000001,0.19,5,0,0,0,0,23.6,96.47,1008,0,0,0,0,24.200000000000003,227,2.5
2015,10,5,4,30,110.18,0.19,5,0,0,0,0,23.5,96.63,1009,0,0,0,0,24.1,226,2.5
2015,10,5,5,30,95.28,0.19,5,0,0,0,0,23.400000000000002,94.92,1009,0,0,0,0,24.3,226,2.5
2015,10,5,6,30,80.32000000000001,0.19,5.1000000000000005,64,224,101,0,23.6,92.51,1010,64,224,0,101,24.900000000000002,226,2.6
2015,10,5,7,30,65.55,0.19,5.2,121,529,340,0,23.700000000000003,87.34,1010,121,529,0,340,26,226,2.6
2015,10,5,8,30,50.82,0.19,5.300000000000001,151,678,579,3,23.5,79.55,1010,82,0,0,82,27.3,223,2.4000000000000004
2015,10,5,9,30,36.29,0.19,5.300000000000001,165,765,781,3,23.200000000000003,72.76,1010,390,45,0,426,28.6,216,2.1
2015,10,5,10,30,22.35,0.19,5.4,171,812,922,3,23.200000000000003,69.03,1009,373,2,0,376,29.5,207,2.1
2015,10,5,11,30,11.43,0.19,5.4,172,834,989,0,23.1,66.71000000000001,1008,172,834,0,989,30,198,2.3000000000000003
2015,10,5,12,30,14.51,0.19,5.5,172,828,974,0,23.1,66.14,1008,172,828,0,974,30.1,193,2.7
2015,10,5,13,30,27.18,0.19,5.5,166,805,883,0,23,67.15,1007,166,805,0,883,29.8,190,3.1
2015,10,5,14,30,41.42,0.19,5.5,153,755,720,0,23.1,69.94,1007,153,755,0,720,29.1,189,3.3000000000000003
2015,10,5,15,30,56.04,0.19,5.6000000000000005,125,681,505,0,23.1,74.08,1007,125,681,0,505,28.200000000000003,191,3.4000000000000004
2015,10,5,16,30,70.8,0.19,5.6000000000000005,93,504,258,0,23.3,78.66,1007,93,504,0,258,27.3,194,3.3000000000000003
2015,10,5,17,30,85.52,0.19,5.6000000000000005,30,110,38,0,23.400000000000002,83.74,1008,30,110,0,38,26.400000000000002,198,3
2015,10,5,18,30,100.57000000000001,0.19,5.6000000000000005,0,0,0,0,23.6,88.28,1009,0,0,0,0,25.700000000000003,201,2.8000000000000003
2015,10,5,19,30,115.48,0.19,5.6000000000000005,0,0,0,0,23.700000000000003,90.24,1009,0,0,0,0,25.400000000000002,203,2.6
2015,10,5,20,30,130.4,0.19,5.6000000000000005,0,0,0,0,23.700000000000003,91.58,1010,0,0,0,0,25.200000000000003,206,2.5
2015,10,5,21,30,145.33,0.19,5.6000000000000005,0,0,0,0,23.700000000000003,92.64,1010,0,0,0,0,25,209,2.4000000000000004
2015,10,5,22,30,160.26,0.19,5.6000000000000005,0,0,0,0,23.700000000000003,93.15,1010,0,0,0,0,24.900000000000002,212,2.2
2015,10,5,23,30,175.15,0.19,5.7,0,0,0,0,23.700000000000003,94.09,1009,0,0,0,0,24.700000000000003,216,2.1
2015,10,6,0,30,169.82,0.19,5.7,0,0,0,0,23.700000000000003,94.60000000000001,1009,0,0,0,0,24.6,220,2.1
2015,10,6,1,30,154.9,0.19,5.800000000000001,0,0,0,0,23.700000000000003,95.05,1008,0,0,0,0,24.5,225,2.1
2015,10,6,2,30,139.97,0.19,5.9,0,0,0,1,23.700000000000003,95.60000000000001,1008,0,0,0,0,24.400000000000002,228,2.1
2015,10,6,3,30,125.05,0.19,5.9,0,0,0,1,23.6,95.54,1008,0,0,0,0,24.400000000000002,230,2.1
2015,10,6,4,30,110.14,0.19,6,0,0,0,0,23.6,96.06,1008,0,0,0,0,24.3,232,2.1
2015,10,6,5,30,95.24,0.19,6,0,0,0,3,23.700000000000003,95.62,1009,0,0,0,0,24.400000000000002,233,2.1
2015,10,6,6,30,80.29,0.19,6.1000000000000005,56,302,107,1,23.8,94.11,1009,56,302,0,107,24.8,233,2.2
2015,10,6,7,30,65.53,0.19,6.1000000000000005,98,603,348,1,24,92.46000000000001,1010,98,603,0,348,25.3,231,2.2
2015,10,6,8,30,50.83,0.19,6.2,120,742,589,8,24,88.57000000000001,1010,269,268,7,439,26,229,2.2
2015,10,6,9,30,36.33,0.19,6.2,134,812,788,3,23.700000000000003,82.44,1010,252,0,0,252,26.900000000000002,229,2.2
2015,10,6,10,30,22.46,0.19,6.1000000000000005,138,856,929,3,23.3,77.01,1009,416,13,0,428,27.700000000000003,232,2.1
2015,10,6,11,30,11.75,0.19,6,138,877,996,1,23.200000000000003,72.46000000000001,1008,138,877,0,996,28.6,233,2
2015,10,6,12,30,14.83,0.19,5.9,175,820,967,3,23.1,69.58,1007,310,1,0,310,29.200000000000003,227,1.9000000000000001
2015,10,6,13,30,27.400000000000002,0.19,5.800000000000001,166,799,876,7,23,68,1007,327,471,7,746,29.5,218,1.9000000000000001
2015,10,6,14,30,41.59,0.19,5.7,154,749,715,8,23,68.76,1007,207,4,0,210,29.3,211,2.1
2015,10,6,15,30,56.18,0.19,5.7,134,653,497,7,23.1,71.39,1007,259,88,0,308,28.8,208,2.3000000000000003
2015,10,6,16,30,70.92,0.19,5.800000000000001,99,465,251,0,23.400000000000002,76.25,1007,99,465,0,251,28,207,2.5
2015,10,6,17,30,85.63,0.19,5.800000000000001,29,78,35,3,23.900000000000002,82.64,1008,12,0,7,12,27.1,208,2.7
2015,10,6,18,30,100.68,0.19,5.800000000000001,0,0,0,0,24.400000000000002,89.05,1009,0,0,0,0,26.3,209,2.8000000000000003
2015,10,6,19,30,115.58,0.19,5.800000000000001,0,0,0,0,24.400000000000002,92.24,1009,0,0,0,0,25.8,213,2.9000000000000004
2015,10,6,20,30,130.5,0.19,5.800000000000001,0,0,0,0,24.5,94.41,1010,0,0,0,0,25.5,217,3
2015,10,6,21,30,145.42000000000002,0.19,5.800000000000001,0,0,0,0,24.6,95.7,1010,0,0,0,0,25.3,221,3
2015,10,6,22,30,160.35,0.19,5.800000000000001,0,0,0,0,24.5,96.74000000000001,1010,0,0,0,0,25.1,226,3.1
2015,10,6,23,30,175.27,0.19,5.7,0,0,0,0,24.5,96.87,1009,0,0,0,0,25,231,3.2
2015,10,7,0,30,169.77,0.18,5.7,0,0,0,0,24.400000000000002,97.04,1009,0,0,0,0,24.900000000000002,234,3.2
2015,10,7,1,30,154.84,0.18,5.7,0,0,0,0,24.3,97.63,1008,0,0,0,0,24.700000000000003,237,3.2
2015,10,7,2,30,139.92000000000002,0.18,5.7,0,0,0,3,24.200000000000003,97.7,1008,0,0,0,0,24.6,239,3.2
2015,10,7,3,30,125,0.18,5.7,0,0,0,3,24.1,97.74000000000001,1008,0,0,0,0,24.5,240,3
2015,10,7,4,30,110.09,0.18,5.7,0,0,0,1,24,97.79,1008,0,0,0,0,24.400000000000002,240,2.8000000000000003
2015,10,7,5,30,95.21000000000001,0.18,5.7,0,0,0,1,23.900000000000002,96.75,1009,0,0,0,0,24.5,240,2.8000000000000003
2015,10,7,6,30,80.26,0.18,5.7,64,222,102,3,24,95,1009,60,0,7,60,24.900000000000002,240,2.8000000000000003
2015,10,7,7,30,65.51,0.18,5.7,120,529,339,3,24.3,92.55,1010,125,1,7,126,25.6,239,2.8000000000000003
2015,10,7,8,30,50.83,0.18,5.7,147,684,579,3,24.3,87.92,1010,342,65,0,383,26.5,240,2.7
2015,10,7,9,30,36.37,0.18,5.7,161,768,780,3,24.1,81.96000000000001,1010,354,9,0,361,27.5,243,2.3000000000000003
2015,10,7,10,30,22.580000000000002,0.18,5.7,167,815,920,1,24.1,78.51,1009,167,815,0,920,28.200000000000003,246,1.9000000000000001
2015,10,7,11,30,12.07,0.18,5.7,167,838,986,3,24,76.04,1008,508,151,0,656,28.6,247,1.8
2015,10,7,12,30,15.16,0.18,5.7,164,839,974,0,23.700000000000003,74.21000000000001,1007,164,839,0,974,28.8,247,1.6
2015,10,7,13,30,27.61,0.18,5.7,156,819,881,0,23.6,72.97,1007,156,819,0,881,28.900000000000002,246,1.4000000000000001
2015,10,7,14,30,41.76,0.18,5.800000000000001,141,773,717,7,23.400000000000002,73.26,1006,334,269,0,535,28.700000000000003,243,1.3
2015,10,7,15,30,56.33,0.18,5.800000000000001,139,636,492,6,23.5,75.53,1006,160,6,0,163,28.200000000000003,236,1.4000000000000001
2015,10,7,16,30,71.05,0.18,5.800000000000001,99,463,249,6,23.8,79.72,1007,50,0,0,50,27.6,230,1.5
2015,10,7,17,30,85.74,0.18,5.7,28,81,34,6,24.200000000000003,85.36,1008,5,0,7,5,26.900000000000002,229,1.8
2015,10,7,18,30,100.78,0.18,5.7,0,0,0,7,24.5,89.93,1008,0,0,0,0,26.3,230,2
2015,10,7,19,30,115.68,0.18,5.7,0,0,0,7,24.3,90.37,1009,0,0,0,0,26,232,2.3000000000000003
2015,10,7,20,30,130.59,0.18,5.7,0,0,0,7,24.3,92.77,1010,0,0,0,0,25.6,235,2.4000000000000004
2015,10,7,21,30,145.51,0.18,5.7,0,0,0,7,24.3,94.25,1010,0,0,0,0,25.3,239,2.3000000000000003
2015,10,7,22,30,160.43,0.18,5.6000000000000005,0,0,0,7,24.200000000000003,94.85000000000001,1009,0,0,0,0,25.1,244,2.1
2015,10,7,23,30,175.36,0.18,5.6000000000000005,0,0,0,8,24.1,95.25,1009,0,0,0,0,24.900000000000002,249,2
2015,10,8,0,30,169.71,0.18,5.6000000000000005,0,0,0,7,24,95.64,1008,0,0,0,0,24.700000000000003,254,1.8
2015,10,8,1,30,154.78,0.18,5.6000000000000005,0,0,0,8,23.8,96.14,1007,0,0,0,0,24.5,260,1.6
2015,10,8,2,30,139.86,0.18,5.5,0,0,0,8,23.700000000000003,96.11,1007,0,0,0,0,24.400000000000002,263,1.5
2015,10,8,3,30,124.95,0.18,5.6000000000000005,0,0,0,5,23.6,96.01,1007,0,0,0,0,24.3,259,1.6
2015,10,8,4,30,110.05,0.18,5.6000000000000005,0,0,0,4,23.5,96.06,1007,0,0,0,0,24.200000000000003,254,1.7000000000000002
2015,10,8,5,30,95.17,0.18,5.6000000000000005,0,0,0,7,23.5,95.78,1008,0,0,0,0,24.200000000000003,249,1.8
2015,10,8,6,30,80.24,0.18,5.6000000000000005,53,337,110,7,23.8,94.51,1008,60,6,7,61,24.700000000000003,245,2
2015,10,8,7,30,65.5,0.18,5.7,91,635,354,7,24.1,92.24,1009,165,362,7,315,25.5,240,2
2015,10,8,8,30,50.84,0.18,5.7,110,769,596,7,24.1,87.44,1009,110,769,5,596,26.400000000000002,235,1.9000000000000001
2015,10,8,9,30,36.42,0.18,5.800000000000001,120,840,796,1,23.700000000000003,79.71000000000001,1009,120,840,0,796,27.5,227,1.6
2015,10,8,10,30,22.71,0.18,5.800000000000001,127,876,935,1,23.200000000000003,73.83,1009,127,876,0,935,28.3,216,1.5
2015,10,8,11,30,12.4,0.18,5.9,130,890,999,5,23.200000000000003,72.57000000000001,1008,481,147,0,625,28.6,204,1.5
2015,10,8,12,30,15.49,0.18,5.9,129,887,983,7,23.200000000000003,72.48,1007,362,398,7,746,28.6,195,1.8
2015,10,8,13,30,27.830000000000002,0.18,5.800000000000001,124,866,890,8,23.200000000000003,73.3,1007,228,669,7,820,28.400000000000002,190,2
2015,10,8,14,30,41.92,0.18,5.800000000000001,115,822,726,8,23.200000000000003,74.65,1007,136,763,0,704,28.1,188,2.2
2015,10,8,15,30,56.47,0.18,5.800000000000001,100,739,508,3,23.200000000000003,77.16,1007,298,55,0,328,27.6,189,2.5
2015,10,8,16,30,71.17,0.18,5.7,75,572,260,2,23.3,80.83,1007,53,0,0,53,26.900000000000002,191,2.6
2015,10,8,17,30,85.85000000000001,0.18,5.7,26,158,37,8,23.700000000000003,86.98,1007,17,0,7,17,26,194,2.4000000000000004
2015,10,8,18,30,100.89,0.18,5.7,0,0,0,3,24.1,92.28,1008,0,0,0,0,25.400000000000002,198,2.4000000000000004
2015,10,8,19,30,115.77,0.18,5.7,0,0,0,0,24.200000000000003,94.81,1009,0,0,0,0,25.1,201,2.4000000000000004
2015,10,8,20,30,130.67000000000002,0.18,5.6000000000000005,0,0,0,3,24.3,96.58,1009,0,0,0,0,24.900000000000002,204,2.3000000000000003
2015,10,8,21,30,145.59,0.18,5.7,0,0,0,7,24.400000000000002,97.44,1009,0,0,0,0,24.8,206,2.3000000000000003
2015,10,8,22,30,160.51,0.18,5.7,0,0,0,7,24.400000000000002,98.16,1009,0,0,0,0,24.700000000000003,209,2.4000000000000004
2015,10,8,23,30,175.42000000000002,0.18,5.7,0,0,0,7,24.400000000000002,98.27,1009,0,0,0,0,24.700000000000003,212,2.4000000000000004
2015,10,9,0,30,169.64000000000001,0.19,5.7,0,0,0,3,24.400000000000002,98.67,1008,0,0,0,0,24.6,215,2.5
2015,10,9,1,30,154.72,0.19,5.7,0,0,0,7,24.3,98.31,1007,0,0,0,0,24.6,218,2.5
2015,10,9,2,30,139.8,0.19,5.7,0,0,0,6,24.3,98.52,1007,0,0,0,0,24.5,220,2.4000000000000004
2015,10,9,3,30,124.9,0.19,5.800000000000001,0,0,0,6,24.200000000000003,98.67,1007,0,0,0,0,24.400000000000002,221,2.4000000000000004
2015,10,9,4,30,110,0.19,5.800000000000001,0,0,0,7,24.1,98.82000000000001,1008,0,0,0,0,24.3,221,2.3000000000000003
2015,10,9,5,30,95.13,0.19,5.800000000000001,0,0,0,5,24,97.17,1008,0,0,0,0,24.5,222,2.2
2015,10,9,6,30,80.21000000000001,0.19,5.800000000000001,50,364,112,3,24.3,95.69,1009,59,1,7,59,25,221,2.3000000000000003
2015,10,9,7,30,65.49,0.19,5.800000000000001,87,650,357,3,24.6,94.17,1009,91,0,0,91,25.6,219,2.4000000000000004
2015,10,9,8,30,50.85,0.19,5.800000000000001,106,778,598,0,24.6,90.38,1010,106,778,0,598,26.3,215,2.4000000000000004
2015,10,9,9,30,36.47,0.19,5.800000000000001,118,845,798,3,24.3,84.82000000000001,1010,269,1,0,270,27.1,209,2.4000000000000004
2015,10,9,10,30,22.84,0.19,5.800000000000001,127,879,936,7,24,80.01,1009,180,1,0,180,27.8,204,2.4000000000000004
2015,10,9,11,30,12.73,0.19,5.800000000000001,131,891,1000,7,23.900000000000002,77.76,1008,363,10,0,372,28.1,201,2.6
2015,10,9,12,30,15.82,0.19,5.800000000000001,129,889,985,7,23.8,76.9,1007,377,19,0,395,28.200000000000003,200,2.7
2015,10,9,13,30,28.05,0.19,5.800000000000001,126,865,890,3,23.700000000000003,77.13,1007,462,146,0,591,28.1,199,2.9000000000000004
2015,10,9,14,30,42.09,0.19,5.800000000000001,118,818,725,0,23.700000000000003,78.24,1006,118,818,0,725,27.8,199,3
2015,10,9,15,30,56.6,0.19,5.800000000000001,123,679,497,2,23.700000000000003,80.12,1007,297,66,0,333,27.400000000000002,199,3.1
2015,10,9,16,30,71.29,0.19,5.800000000000001,90,503,251,0,23.8,83.92,1007,90,503,0,251,26.700000000000003,200,2.9000000000000004
2015,10,9,17,30,85.95,0.19,5.7,27,103,34,0,24.1,89.77,1008,27,103,1,34,25.900000000000002,201,2.5
2015,10,9,18,30,100.98,0.19,5.7,0,0,0,3,24.400000000000002,94.17,1009,0,0,0,0,25.400000000000002,202,2.2
2015,10,9,19,30,115.86,0.19,5.6000000000000005,0,0,0,4,24.400000000000002,96.19,1009,0,0,0,0,25.1,204,2.1
2015,10,9,20,30,130.76,0.19,5.6000000000000005,0,0,0,3,24.5,96.86,1010,0,0,0,0,25,206,2.1
2015,10,9,21,30,145.66,0.19,5.5,0,0,0,5,24.400000000000002,97.9,1010,0,0,0,0,24.8,210,2.1
2015,10,9,22,30,160.57,0.19,5.5,0,0,0,4,24.400000000000002,98.22,1010,0,0,0,0,24.700000000000003,215,2.1
2015,10,9,23,30,175.44,0.19,5.5,0,0,0,4,24.3,98.4,1009,0,0,0,0,24.6,221,2.1
2015,10,10,0,30,169.55,0.18,5.4,0,0,0,4,24.3,98.54,1008,0,0,0,0,24.5,228,2.2
2015,10,10,1,30,154.65,0.18,5.4,0,0,0,1,24.200000000000003,98.17,1008,0,0,0,0,24.5,235,2.2
2015,10,10,2,30,139.74,0.18,5.4,0,0,0,1,24.1,98.42,1008,0,0,0,0,24.400000000000002,239,2.3000000000000003
2015,10,10,3,30,124.85000000000001,0.18,5.4,0,0,0,1,24.1,98.57000000000001,1008,0,0,0,0,24.3,242,2.3000000000000003
2015,10,10,4,30,109.96000000000001,0.18,5.4,0,0,0,1,24,98.64,1008,0,0,0,0,24.200000000000003,243,2.2
2015,10,10,5,30,95.10000000000001,0.18,5.300000000000001,0,0,0,0,23.900000000000002,97.01,1009,0,0,0,0,24.400000000000002,242,2.2
2015,10,10,6,30,80.19,0.18,5.4,45,420,117,0,24.200000000000003,95.09,1009,45,420,0,117,25,241,2.4000000000000004
2015,10,10,7,30,65.49,0.18,5.4,76,694,364,0,24.5,91.96000000000001,1010,76,694,0,364,25.900000000000002,238,2.4000000000000004
2015,10,10,8,30,50.870000000000005,0.18,5.4,92,813,605,0,24.3,84.8,1010,92,813,0,605,27.1,234,2.2
2015,10,10,9,30,36.53,0.18,5.4,102,876,805,2,23.8,76.5,1010,355,12,0,365,28.3,226,1.9000000000000001
2015,10,10,10,30,22.98,0.18,5.4,107,908,943,2,23.6,71.92,1009,444,64,0,503,29.200000000000003,216,1.8
2015,10,10,11,30,13.06,0.18,5.4,110,920,1007,2,23.5,69.84,1008,471,74,0,543,29.6,207,2
2015,10,10,12,30,16.15,0.18,5.4,138,876,979,0,23.400000000000002,68.75,1007,138,876,0,979,29.8,200,2.3000000000000003
2015,10,10,13,30,28.27,0.18,5.5,135,850,883,0,23.400000000000002,68.96000000000001,1007,135,850,0,883,29.700000000000003,196,2.5
2015,10,10,14,30,42.26,0.18,5.5,126,801,718,0,23.400000000000002,70.47,1007,126,801,0,718,29.3,193,2.6
2015,10,10,15,30,56.74,0.18,5.5,110,709,499,0,23.400000000000002,72.93,1007,110,709,0,499,28.700000000000003,192,2.8000000000000003
2015,10,10,16,30,71.41,0.18,5.6000000000000005,82,531,251,7,23.400000000000002,77.23,1007,140,301,0,236,27.8,194,2.9000000000000004
2015,10,10,17,30,86.06,0.18,5.6000000000000005,25,114,33,7,23.8,83.93,1008,15,0,1,15,26.700000000000003,198,2.7
2015,10,10,18,30,101.08,0.18,5.6000000000000005,0,0,0,8,24.1,89.34,1008,0,0,0,0,26,204,2.5
2015,10,10,19,30,115.95,0.18,5.7,0,0,0,2,24.3,92.38,1009,0,0,0,0,25.6,210,2.3000000000000003
2015,10,10,20,30,130.83,0.18,5.7,0,0,0,0,24.400000000000002,94.23,1010,0,0,0,0,25.400000000000002,217,2.2
2015,10,10,21,30,145.73,0.18,5.7,0,0,0,0,24.5,95.69,1010,0,0,0,0,25.200000000000003,224,2.2
2015,10,10,22,30,160.62,0.18,5.7,0,0,0,0,24.5,96.85000000000001,1010,0,0,0,0,25,230,2.2
2015,10,10,23,30,175.42000000000002,0.18,5.6000000000000005,0,0,0,0,24.400000000000002,97.18,1009,0,0,0,0,24.900000000000002,233,2.2
2015,10,11,0,30,169.45000000000002,0.18,5.6000000000000005,0,0,0,0,24.400000000000002,97.49000000000001,1009,0,0,0,0,24.8,236,2.2
2015,10,11,1,30,154.58,0.18,5.6000000000000005,0,0,0,0,24.3,97.62,1008,0,0,0,0,24.700000000000003,236,2.2
2015,10,11,2,30,139.68,0.18,5.5,0,0,0,0,24.200000000000003,97.8,1008,0,0,0,0,24.6,235,2.1
2015,10,11,3,30,124.79,0.18,5.5,0,0,0,0,24.200000000000003,97.95,1008,0,0,0,0,24.5,232,2
2015,10,11,4,30,109.92,0.18,5.5,0,0,0,0,24.1,98.10000000000001,1008,0,0,0,0,24.400000000000002,227,2
2015,10,11,5,30,95.07000000000001,0.18,5.4,0,0,0,0,24,96.68,1009,0,0,0,0,24.6,222,2
2015,10,11,6,30,80.17,0.18,5.4,53,339,111,0,24.3,94.51,1009,53,339,0,111,25.200000000000003,220,2.2
2015,10,11,7,30,65.48,0.18,5.4,93,631,354,0,24.5,91.11,1010,93,631,0,354,26.1,218,2.4000000000000004
2015,10,11,8,30,50.89,0.18,5.4,113,763,595,0,24.400000000000002,85.2,1010,113,763,0,595,27.1,215,2.3000000000000003
2015,10,11,9,30,36.59,0.18,5.5,126,831,793,0,24.1,78.26,1010,126,831,0,793,28.200000000000003,213,2.2
2015,10,11,10,30,23.13,0.18,5.5,134,867,931,1,23.8,74.17,1009,134,867,0,931,28.900000000000002,210,2
2015,10,11,11,30,13.39,0.18,5.5,139,880,995,0,23.900000000000002,72.15,1008,139,880,0,995,29.400000000000002,207,2
2015,10,11,12,30,16.48,0.18,5.5,127,892,983,0,23.8,70.64,1007,127,892,0,983,29.700000000000003,203,2.2
2015,10,11,13,30,28.490000000000002,0.18,5.5,123,869,887,0,23.700000000000003,69.91,1007,123,869,0,887,29.8,199,2.3000000000000003
2015,10,11,14,30,42.43,0.18,5.5,116,820,721,0,23.6,70.42,1006,116,820,0,721,29.6,196,2.4000000000000004
2015,10,11,15,30,56.88,0.18,5.4,107,716,499,0,23.6,71.88,1006,107,716,0,499,29.200000000000003,193,2.4000000000000004
2015,10,11,16,30,71.53,0.18,5.4,78,549,252,0,23.6,75.47,1007,78,549,0,252,28.400000000000002,191,2.4000000000000004
2015,10,11,17,30,86.16,0.18,5.300000000000001,24,142,33,0,23.900000000000002,81.7,1007,24,142,1,33,27.3,189,2.2
2015,10,11,18,30,101.17,0.18,5.2,0,0,0,0,24.3,88.4,1008,0,0,0,0,26.400000000000002,189,2.1
2015,10,11,19,30,116.03,0.18,5.1000000000000005,0,0,0,0,24.5,91.75,1009,0,0,0,0,25.900000000000002,191,2
2015,10,11,20,30,130.91,0.18,5.1000000000000005,0,0,0,0,24.6,94.58,1009,0,0,0,0,25.5,195,1.8
2015,10,11,21,30,145.79,0.18,5,0,0,0,0,24.6,96.57000000000001,1009,0,0,0,0,25.200000000000003,201,1.7000000000000002
2015,10,11,22,30,160.67000000000002,0.18,4.9,0,0,0,0,24.6,97.66,1009,0,0,0,0,25,208,1.7000000000000002
2015,10,11,23,30,175.37,0.18,4.9,0,0,0,0,24.6,98.04,1009,0,0,0,0,24.900000000000002,215,1.8
2015,10,12,0,30,169.34,0.18,4.9,0,0,0,0,24.5,98.82000000000001,1008,0,0,0,0,24.700000000000003,220,1.8
2015,10,12,1,30,154.5,0.18,4.9,0,0,0,0,24.400000000000002,98.71000000000001,1007,0,0,0,0,24.6,224,1.8
2015,10,12,2,30,139.62,0.18,5,0,0,0,0,24.3,98.54,1007,0,0,0,0,24.5,226,1.8
2015,10,12,3,30,124.74000000000001,0.18,5.1000000000000005,0,0,0,0,24.200000000000003,98.21000000000001,1008,0,0,0,0,24.5,225,1.8
2015,10,12,4,30,109.88,0.18,5.2,0,0,0,0,24.200000000000003,97.97,1008,0,0,0,0,24.5,223,1.8
2015,10,12,5,30,95.04,0.18,5.300000000000001,0,0,0,0,24.1,96.08,1009,0,0,0,0,24.8,220,1.8
2015,10,12,6,30,80.15,0.18,5.5,54,332,111,0,24.400000000000002,93.5,1010,54,332,0,111,25.5,217,1.9000000000000001
2015,10,12,7,30,65.48,0.18,5.6000000000000005,98,610,351,0,24.700000000000003,90.19,1011,98,610,0,351,26.400000000000002,211,1.9000000000000001
2015,10,12,8,30,50.92,0.18,5.6000000000000005,123,740,589,0,24.5,84.15,1011,123,740,0,589,27.400000000000002,201,1.9000000000000001
2015,10,12,9,30,36.660000000000004,0.18,5.6000000000000005,136,812,787,0,24.1,76.9,1011,136,812,0,787,28.5,190,1.9000000000000001
2015,10,12,10,30,23.28,0.18,5.6000000000000005,142,852,925,2,23.900000000000002,73.21000000000001,1010,450,74,0,518,29.200000000000003,182,2
2015,10,12,11,30,13.73,0.18,5.6000000000000005,145,868,988,0,23.900000000000002,71.9,1009,145,868,0,988,29.5,177,2.3000000000000003
2015,10,12,12,30,16.81,0.18,5.7,146,861,970,0,23.8,71.18,1008,146,861,0,970,29.6,173,2.5
2015,10,12,13,30,28.72,0.18,5.7,142,835,874,0,23.8,71.79,1008,142,835,0,874,29.400000000000002,171,2.5
2015,10,12,14,30,42.59,0.18,5.6000000000000005,131,787,710,0,23.700000000000003,73.34,1007,131,787,0,710,29,171,2.5
2015,10,12,15,30,57.02,0.18,5.6000000000000005,127,657,485,0,23.700000000000003,75,1007,127,657,0,485,28.6,174,2.4000000000000004
2015,10,12,16,30,71.65,0.18,5.5,89,487,242,0,23.700000000000003,78.01,1007,89,487,0,242,27.900000000000002,181,2.3000000000000003
2015,10,12,17,30,86.26,0.18,5.5,24,93,30,0,23.900000000000002,83.19,1008,24,93,0,30,27,188,2.2
2015,10,12,18,30,101.26,0.18,5.5,0,0,0,0,24.3,88.67,1008,0,0,0,0,26.3,194,2.1
2015,10,12,19,30,116.11,0.18,5.5,0,0,0,0,24.400000000000002,91.22,1009,0,0,0,0,25.900000000000002,196,2.1
2015,10,12,20,30,130.98,0.18,5.5,0,0,0,0,24.400000000000002,93.28,1010,0,0,0,0,25.6,200,2
2015,10,12,21,30,145.85,0.18,5.5,0,0,0,0,24.5,94.62,1010,0,0,0,0,25.400000000000002,204,1.9000000000000001
2015,10,12,22,30,160.71,0.18,5.4,0,0,0,0,24.5,95.87,1010,0,0,0,0,25.200000000000003,211,1.8
2015,10,12,23,30,175.29,0.18,5.4,0,0,0,0,24.5,96.85000000000001,1009,0,0,0,0,25,218,1.8
2015,10,13,0,30,169.23,0.18,5.300000000000001,0,0,0,0,24.400000000000002,97.7,1009,0,0,0,0,24.8,224,1.8
2015,10,13,1,30,154.43,0.18,5.2,0,0,0,0,24.3,98.33,1008,0,0,0,0,24.6,229,1.8
2015,10,13,2,30,139.56,0.18,5.2,0,0,0,0,24.200000000000003,98.41,1008,0,0,0,0,24.5,232,1.8
2015,10,13,3,30,124.69,0.18,5.2,0,0,0,0,24.200000000000003,98.53,1008,0,0,0,0,24.400000000000002,230,1.9000000000000001
2015,10,13,4,30,109.84,0.18,5.2,0,0,0,0,24.1,98.75,1008,0,0,0,0,24.3,225,1.9000000000000001
2015,10,13,5,30,95.01,0.18,5.2,0,0,0,0,24,97.21000000000001,1008,0,0,0,0,24.5,218,2.1
2015,10,13,6,30,80.14,0.18,5.300000000000001,55,321,110,0,24.3,93.46000000000001,1009,55,321,0,110,25.400000000000002,213,2.4000000000000004
2015,10,13,7,30,65.49,0.18,5.4,98,608,350,0,24.5,88.4,1010,98,608,0,350,26.6,210,2.6
2015,10,13,8,30,50.95,0.18,5.4,123,739,589,0,24.200000000000003,79.86,1010,123,739,0,589,28,209,2.8000000000000003
2015,10,13,9,30,36.730000000000004,0.18,5.5,143,799,784,0,23.8,73.24,1010,143,799,0,784,29.1,208,2.7
2015,10,13,10,30,23.44,0.18,5.5,152,838,920,2,23.700000000000003,69.60000000000001,1009,460,126,0,576,29.900000000000002,207,2.7
2015,10,13,11,30,14.06,0.18,5.5,155,855,985,2,23.700000000000003,67.96000000000001,1008,488,96,0,581,30.3,204,2.8000000000000003
2015,10,13,12,30,17.14,0.18,5.5,189,800,954,0,23.700000000000003,67.46000000000001,1007,189,800,0,954,30.400000000000002,201,2.9000000000000004
2015,10,13,13,30,28.94,0.18,5.5,180,776,859,0,23.700000000000003,67.87,1007,180,776,0,859,30.3,200,3
2015,10,13,14,30,42.76,0.18,5.5,163,726,696,0,23.700000000000003,69.44,1006,163,726,0,696,29.900000000000002,200,3.1
2015,10,13,15,30,57.15,0.18,5.5,138,630,479,0,23.700000000000003,72.02,1006,138,630,0,479,29.3,202,3.1
2015,10,13,16,30,71.76,0.18,5.4,98,444,237,0,23.8,76.2,1007,98,444,0,237,28.400000000000002,204,3.1
2015,10,13,17,30,86.35000000000001,0.18,5.300000000000001,23,58,27,0,24,82.15,1007,23,58,0,27,27.3,206,3
2015,10,13,18,30,101.35000000000001,0.18,5.2,0,0,0,0,24.3,87.99,1008,0,0,0,0,26.5,208,2.9000000000000004
2015,10,13,19,30,116.19,0.18,5.1000000000000005,0,0,0,0,24.5,91.14,1009,0,0,0,0,26.1,210,2.9000000000000004
2015,10,13,20,30,131.04,0.18,5,0,0,0,0,24.700000000000003,94.2,1010,0,0,0,0,25.700000000000003,212,2.8000000000000003
2015,10,13,21,30,145.9,0.18,5,0,0,0,0,24.8,95.81,1010,0,0,0,0,25.5,214,2.6
2015,10,13,22,30,160.73,0.18,5,0,0,0,0,24.8,96.35000000000001,1009,0,0,0,0,25.400000000000002,216,2.6
2015,10,13,23,30,175.19,0.18,4.9,0,0,0,0,24.700000000000003,96.76,1008,0,0,0,0,25.3,218,2.5
2015,10,14,0,30,169.1,0.18,4.9,0,0,0,0,24.700000000000003,97.04,1007,0,0,0,0,25.200000000000003,220,2.4000000000000004
2015,10,14,1,30,154.35,0.18,5,0,0,0,1,24.6,97.26,1007,0,0,0,0,25.1,222,2.4000000000000004
2015,10,14,2,30,139.5,0.18,5.1000000000000005,0,0,0,0,24.6,97.35000000000001,1006,0,0,0,0,25,223,2.4000000000000004
2015,10,14,3,30,124.64,0.18,5.2,0,0,0,0,24.5,97.67,1007,0,0,0,0,24.900000000000002,223,2.3000000000000003
2015,10,14,4,30,109.8,0.18,5.300000000000001,0,0,0,1,24.400000000000002,97.27,1007,0,0,0,0,24.900000000000002,222,2.3000000000000003
2015,10,14,5,30,94.99,0.18,5.5,0,0,0,0,24.400000000000002,96.44,1008,0,0,0,0,25,220,2.3000000000000003
2015,10,14,6,30,80.13,0.18,5.6000000000000005,57,296,108,0,24.5,93.81,1009,57,296,0,108,25.6,221,2.5
2015,10,14,7,30,65.49,0.18,5.7,103,590,348,0,24.6,89.53,1009,103,590,0,348,26.5,221,2.6
2015,10,14,8,30,50.980000000000004,0.18,5.7,129,727,587,0,24.400000000000002,82.31,1010,129,727,0,587,27.700000000000003,219,2.6
2015,10,14,9,30,36.800000000000004,0.18,5.7,145,798,784,0,24.1,76.02,1009,145,798,0,784,28.700000000000003,214,2.4000000000000004
2015,10,14,10,30,23.61,0.18,5.7,154,836,921,3,24,73.26,1009,402,8,0,409,29.3,209,2.4000000000000004
2015,10,14,11,30,14.4,0.18,5.7,157,853,983,3,23.900000000000002,71.71000000000001,1007,480,89,0,566,29.6,204,2.5
2015,10,14,12,30,17.47,0.18,5.6000000000000005,155,851,967,0,23.900000000000002,71.34,1006,155,851,0,967,29.6,200,2.7
2015,10,14,13,30,29.16,0.18,5.6000000000000005,149,828,872,0,23.8,72.8,1006,149,828,0,872,29.200000000000003,198,2.9000000000000004
2015,10,14,14,30,42.93,0.18,5.6000000000000005,136,780,707,7,23.8,75.03,1005,265,479,0,615,28.700000000000003,198,3
2015,10,14,15,30,57.29,0.18,5.7,147,605,475,7,24,78.72,1006,250,188,0,352,28,198,2.9000000000000004
2015,10,14,16,30,71.87,0.18,5.800000000000001,105,411,232,7,24.200000000000003,83.04,1006,143,31,0,153,27.3,198,2.7
2015,10,14,17,30,86.45,0.18,5.9,23,42,25,7,24.5,88.7,1007,12,0,7,12,26.5,198,2.5
2015,10,14,18,30,101.44,0.18,6,0,0,0,6,24.700000000000003,92.56,1008,0,0,0,0,26,199,2.3000000000000003
2015,10,14,19,30,116.26,0.18,6.1000000000000005,0,0,0,6,24.8,94.11,1009,0,0,0,0,25.8,199,2.2
2015,10,14,20,30,131.1,0.18,6.1000000000000005,0,0,0,6,24.8,95.46000000000001,1009,0,0,0,0,25.6,199,2.1
2015,10,14,21,30,145.95000000000002,0.18,6.1000000000000005,0,0,0,7,24.8,96.66,1009,0,0,1,0,25.400000000000002,200,2
2015,10,14,22,30,160.75,0.18,6.1000000000000005,0,0,0,6,24.8,97.11,1009,0,0,0,0,25.3,203,1.8
2015,10,14,23,30,175.05,0.18,6.1000000000000005,0,0,0,7,24.8,97.45,1009,0,0,0,0,25.200000000000003,207,1.7000000000000002
2015,10,15,0,30,168.96,0.18,6,0,0,0,7,24.700000000000003,98.07000000000001,1008,0,0,0,0,25,211,1.5
2015,10,15,1,30,154.26,0.18,6,0,0,0,7,24.6,97.94,1007,0,0,0,0,24.900000000000002,213,1.4000000000000001
2015,10,15,2,30,139.44,0.18,5.9,0,0,0,8,24.400000000000002,97.87,1007,0,0,0,0,24.8,213,1.2000000000000002
2015,10,15,3,30,124.60000000000001,0.18,5.800000000000001,0,0,0,4,24.3,97.7,1007,0,0,0,0,24.700000000000003,214,1.2000000000000002
2015,10,15,4,30,109.76,0.18,5.7,0,0,0,4,24.200000000000003,97.64,1007,0,0,0,0,24.6,212,1.2000000000000002
2015,10,15,5,30,94.96000000000001,0.18,5.6000000000000005,0,0,0,5,24.1,96.44,1008,0,0,0,0,24.700000000000003,209,1.3
2015,10,15,6,30,80.12,0.18,5.6000000000000005,54,337,112,5,24.3,94.66,1008,39,0,7,39,25.200000000000003,207,1.5
2015,10,15,7,30,65.5,0.18,5.5,92,635,355,8,24.6,92.65,1009,185,221,7,277,25.900000000000002,203,1.6
2015,10,15,8,30,51.02,0.18,5.5,111,769,595,3,24.6,88.31,1009,311,48,0,341,26.700000000000003,195,1.7000000000000002
2015,10,15,9,30,36.88,0.18,5.6000000000000005,124,835,792,0,24.3,81.54,1009,124,835,0,792,27.700000000000003,186,1.7000000000000002
2015,10,15,10,30,23.77,0.18,5.6000000000000005,131,872,929,2,23.900000000000002,76.07000000000001,1008,444,124,0,558,28.5,183,1.9000000000000001
2015,10,15,11,30,14.74,0.18,5.7,134,884,990,3,23.700000000000003,73.14,1007,364,1,0,365,29,184,2
2015,10,15,12,30,17.79,0.18,5.7,141,870,969,7,23.700000000000003,72.25,1006,325,475,7,777,29.200000000000003,187,2.2
2015,10,15,13,30,29.38,0.18,5.800000000000001,135,846,873,7,23.6,72.36,1006,173,767,0,841,29.1,190,2.3000000000000003
2015,10,15,14,30,43.09,0.18,5.800000000000001,127,796,708,0,23.6,72.99,1006,127,796,0,708,28.900000000000002,195,2.3000000000000003
2015,10,15,15,30,57.42,0.18,5.7,110,705,490,3,23.5,74.06,1006,291,65,0,326,28.6,200,2.3000000000000003
2015,10,15,16,30,71.99,0.18,5.6000000000000005,80,529,244,3,23.5,77.11,1006,142,10,0,145,27.900000000000002,204,2.3000000000000003
2015,10,15,17,30,86.54,0.18,5.5,22,110,29,3,23.8,82.75,1006,12,0,7,12,27,206,2.3000000000000003
2015,10,15,18,30,101.52,0.18,5.4,0,0,0,0,24.200000000000003,88.84,1007,0,0,0,0,26.200000000000003,207,2.3000000000000003
2015,10,15,19,30,116.33,0.18,5.4,0,0,0,0,24.3,90.98,1008,0,0,0,0,25.900000000000002,208,2.3000000000000003
2015,10,15,20,30,131.16,0.18,5.300000000000001,0,0,0,0,24.400000000000002,92.72,1008,0,0,0,0,25.700000000000003,211,2.3000000000000003
2015,10,15,21,30,145.99,0.18,5.300000000000001,0,0,0,0,24.5,94.38,1008,0,0,0,0,25.5,216,2.3000000000000003
2015,10,15,22,30,160.76,0.18,5.4,0,0,0,1,24.6,95.84,1008,0,0,0,0,25.3,222,2.3000000000000003
2015,10,15,23,30,174.89000000000001,0.18,5.4,0,0,0,0,24.6,96.54,1008,0,0,0,0,25.200000000000003,228,2.3000000000000003
2015,10,16,0,30,168.82,0.18,5.4,0,0,0,1,24.6,97.01,1007,0,0,1,0,25.1,233,2.3000000000000003
2015,10,16,1,30,154.18,0.18,5.4,0,0,0,1,24.6,97.37,1006,0,0,0,0,25,236,2.3000000000000003
2015,10,16,2,30,139.37,0.18,5.4,0,0,0,0,24.5,97.12,1006,0,0,0,0,25,236,2.4000000000000004
2015,10,16,3,30,124.55,0.18,5.4,0,0,0,0,24.5,97.44,1006,0,0,0,0,24.900000000000002,236,2.4000000000000004
2015,10,16,4,30,109.73,0.18,5.300000000000001,0,0,0,0,24.400000000000002,97.82000000000001,1007,0,0,0,0,24.8,235,2.3000000000000003
2015,10,16,5,30,94.94,0.18,5.300000000000001,0,0,0,0,24.400000000000002,96.39,1007,0,0,0,0,25,235,2.4000000000000004
2015,10,16,6,30,80.11,0.18,5.4,64,229,104,0,24.5,93.62,1008,64,229,0,104,25.6,237,2.6
2015,10,16,7,30,65.52,0.18,5.4,124,516,338,0,24.6,89.19,1008,124,516,0,338,26.5,238,2.8000000000000003
2015,10,16,8,30,51.06,0.18,5.5,159,657,572,0,24.400000000000002,82.55,1009,159,657,0,572,27.6,236,2.6
2015,10,16,9,30,36.97,0.18,5.5,181,734,768,0,24.1,76.51,1009,181,734,0,768,28.6,231,2.2
2015,10,16,10,30,23.95,0.18,5.6000000000000005,196,772,901,3,24.1,73.44,1008,459,108,0,557,29.3,224,1.9000000000000001
2015,10,16,11,30,15.08,0.18,5.6000000000000005,205,786,964,1,24,71.88,1007,205,786,0,964,29.6,214,1.9000000000000001
2015,10,16,12,30,18.12,0.18,5.7,196,792,948,0,24,71.79,1006,196,792,0,948,29.6,205,2
2015,10,16,13,30,29.6,0.18,5.7,190,762,852,0,24,72.78,1006,190,762,0,852,29.400000000000002,198,2.3000000000000003
2015,10,16,14,30,43.26,0.18,5.7,174,704,687,7,24.1,74.91,1006,192,669,0,679,29,195,2.5
2015,10,16,15,30,57.550000000000004,0.18,5.7,138,627,475,7,24.200000000000003,77.88,1006,261,187,0,361,28.400000000000002,195,2.7
2015,10,16,16,30,72.10000000000001,0.18,5.6000000000000005,99,433,232,0,24.200000000000003,81.46000000000001,1006,99,433,0,232,27.700000000000003,197,2.7
2015,10,16,17,30,86.63,0.18,5.5,22,48,25,0,24.5,86.96000000000001,1007,22,48,0,25,26.900000000000002,200,2.6
2015,10,16,18,30,101.60000000000001,0.18,5.4,0,0,0,8,24.700000000000003,90.65,1008,0,0,0,0,26.400000000000002,203,2.6
2015,10,16,19,30,116.4,0.18,5.4,0,0,0,7,24.8,92.55,1009,0,0,0,0,26.1,206,2.5
2015,10,16,20,30,131.21,0.18,5.300000000000001,0,0,0,7,24.8,93.68,1009,0,0,0,0,25.900000000000002,211,2.5
2015,10,16,21,30,146.02,0.18,5.2,0,0,0,0,24.8,94.71000000000001,1009,0,0,0,0,25.700000000000003,216,2.5
2015,10,16,22,30,160.76,0.18,5.2,0,0,0,0,24.8,95.19,1009,0,0,0,0,25.6,222,2.5
2015,10,16,23,30,174.70000000000002,0.18,5.2,0,0,0,0,24.700000000000003,96.06,1008,0,0,0,0,25.400000000000002,226,2.5
2015,10,17,0,30,168.67000000000002,0.18,5.1000000000000005,0,0,0,1,24.700000000000003,96.31,1007,0,0,0,0,25.3,229,2.5
2015,10,17,1,30,154.09,0.18,5.1000000000000005,0,0,0,0,24.6,96.66,1007,0,0,0,0,25.200000000000003,231,2.4000000000000004
2015,10,17,2,30,139.31,0.18,5.2,0,0,0,1,24.6,96.91,1006,0,0,0,0,25.1,231,2.4000000000000004
2015,10,17,3,30,124.5,0.18,5.2,0,0,0,0,24.5,97.31,1007,0,0,0,0,25,230,2.4000000000000004
2015,10,17,4,30,109.69,0.18,5.300000000000001,0,0,0,0,24.5,97.14,1007,0,0,0,0,25,228,2.3000000000000003
2015,10,17,5,30,94.92,0.18,5.300000000000001,0,0,0,0,24.5,96.51,1007,0,0,0,0,25.1,226,2.4000000000000004
2015,10,17,6,30,80.11,0.18,5.300000000000001,63,254,107,0,24.700000000000003,94.57000000000001,1008,63,254,0,107,25.6,224,2.5
2015,10,17,7,30,65.53,0.18,5.300000000000001,115,555,345,3,24.900000000000002,92.03,1009,107,0,0,107,26.3,221,2.7
2015,10,17,8,30,51.1,0.18,5.300000000000001,142,700,582,1,24.8,86.94,1009,142,700,0,582,27.200000000000003,215,2.7
2015,10,17,9,30,37.06,0.18,5.300000000000001,160,776,779,3,24.6,81.7,1009,386,43,0,420,28,210,2.7
2015,10,17,10,30,24.13,0.18,5.300000000000001,169,817,915,2,24.3,77.77,1008,509,202,0,693,28.6,206,2.7
2015,10,17,11,30,15.42,0.18,5.300000000000001,172,835,977,3,24.200000000000003,76.31,1008,491,99,0,587,28.8,204,2.8000000000000003
2015,10,17,12,30,18.44,0.18,5.300000000000001,197,792,948,0,24.200000000000003,75.60000000000001,1007,197,792,0,948,28.900000000000002,204,2.9000000000000004
2015,10,17,13,30,29.82,0.18,5.300000000000001,186,769,853,0,24.1,75.42,1006,186,769,0,853,28.900000000000002,205,3
2015,10,17,14,30,43.42,0.18,5.300000000000001,168,718,689,0,24.1,76.63,1006,168,718,0,689,28.6,206,3.1
2015,10,17,15,30,57.68,0.18,5.300000000000001,141,620,473,0,24.1,78.60000000000001,1006,141,620,0,473,28.200000000000003,207,3.1
2015,10,17,16,30,72.2,0.18,5.300000000000001,100,424,230,0,24.3,82.05,1007,100,424,0,230,27.6,207,2.9000000000000004
2015,10,17,17,30,86.72,0.18,5.300000000000001,21,38,24,0,24.6,87.53,1008,21,38,0,24,26.8,207,2.6
2015,10,17,18,30,101.67,0.18,5.300000000000001,0,0,0,0,24.8,92.05,1008,0,0,0,0,26.200000000000003,206,2.5
2015,10,17,19,30,116.46000000000001,0.18,5.300000000000001,0,0,0,0,24.900000000000002,93.5,1009,0,0,0,0,26,205,2.5
2015,10,17,20,30,131.26,0.18,5.4,0,0,0,0,24.900000000000002,94.82000000000001,1010,0,0,0,0,25.8,205,2.5
2015,10,17,21,30,146.05,0.18,5.4,0,0,0,0,24.900000000000002,95.86,1010,0,0,0,0,25.6,206,2.6
2015,10,17,22,30,160.75,0.18,5.300000000000001,0,0,0,0,24.8,96.2,1010,0,0,0,0,25.5,208,2.6
2015,10,17,23,30,174.5,0.18,5.300000000000001,0,0,0,0,24.8,97.04,1010,0,0,0,0,25.3,210,2.6
2015,10,18,0,30,168.51,0.18,5.300000000000001,0,0,0,0,24.700000000000003,97.17,1009,0,0,0,0,25.200000000000003,212,2.6
2015,10,18,1,30,154,0.18,5.2,0,0,0,0,24.6,97.27,1008,0,0,0,0,25.1,215,2.6
2015,10,18,2,30,139.25,0.18,5.2,0,0,0,0,24.6,97.44,1008,0,0,0,0,25,219,2.6
2015,10,18,3,30,124.45,0.18,5.1000000000000005,0,0,0,0,24.5,97.52,1008,0,0,0,0,24.900000000000002,222,2.5
2015,10,18,4,30,109.66,0.18,5.1000000000000005,0,0,0,0,24.400000000000002,97.54,1008,0,0,0,0,24.8,225,2.4000000000000004
2015,10,18,5,30,94.9,0.18,5.1000000000000005,0,0,0,0,24.3,95.97,1009,0,0,0,0,25,228,2.4000000000000004
2015,10,18,6,30,80.11,0.18,5.1000000000000005,65,240,106,0,24.5,93.78,1010,65,240,0,106,25.6,230,2.5
2015,10,18,7,30,65.55,0.18,5.1000000000000005,118,546,344,0,24.8,90.07000000000001,1010,118,546,0,344,26.6,230,2.7
2015,10,18,8,30,51.15,0.18,5.1000000000000005,146,694,581,0,24.700000000000003,83.99,1010,146,694,0,581,27.700000000000003,227,2.6
2015,10,18,9,30,37.15,0.18,5.2,161,774,778,0,24.400000000000002,77.68,1010,161,774,0,778,28.700000000000003,220,2.3000000000000003
2015,10,18,10,30,24.310000000000002,0.18,5.2,170,816,914,0,24.3,74.10000000000001,1010,170,816,0,914,29.400000000000002,211,2
2015,10,18,11,30,15.76,0.18,5.2,174,833,975,2,24.3,72.74,1009,478,71,0,547,29.700000000000003,203,2
2015,10,18,12,30,18.77,0.18,5.2,180,817,954,0,24.200000000000003,71.91,1008,180,817,0,954,29.8,197,2.1
2015,10,18,13,30,30.05,0.18,5.2,171,793,858,0,24.1,72.08,1007,171,793,0,858,29.700000000000003,194,2.2
2015,10,18,14,30,43.59,0.18,5.2,155,743,693,0,24.200000000000003,73.47,1007,155,743,0,693,29.400000000000002,193,2.4000000000000004
2015,10,18,15,30,57.81,0.18,5.2,131,647,476,7,24.200000000000003,76,1007,242,294,0,399,28.900000000000002,196,2.5
2015,10,18,16,30,72.31,0.18,5.2,93,455,232,7,24.3,80.11,1007,148,248,0,223,28.1,200,2.5
2015,10,18,17,30,86.8,0.18,5.2,21,50,24,7,24.700000000000003,86.11,1008,12,0,7,12,27.200000000000003,203,2.3000000000000003
2015,10,18,18,30,101.75,0.18,5.2,0,0,0,7,24.900000000000002,90.91,1008,0,0,0,0,26.5,207,2.3000000000000003
2015,10,18,19,30,116.52,0.18,5.2,0,0,0,7,24.900000000000002,92.5,1009,0,0,0,0,26.200000000000003,210,2.3000000000000003
2015,10,18,20,30,131.3,0.18,5.2,0,0,0,0,24.900000000000002,93.55,1009,0,0,0,0,26,215,2.4000000000000004
2015,10,18,21,30,146.07,0.18,5.300000000000001,0,0,0,0,24.900000000000002,94.54,1010,0,0,0,0,25.8,221,2.4000000000000004
2015,10,18,22,30,160.73,0.18,5.2,0,0,0,0,24.8,94.79,1010,0,0,0,0,25.700000000000003,227,2.4000000000000004
2015,10,18,23,30,174.28,0.18,5.2,0,0,0,0,24.8,95.08,1009,0,0,0,0,25.6,233,2.4000000000000004
2015,10,19,0,30,168.34,0.18,5.2,0,0,0,0,24.700000000000003,95.9,1008,0,0,0,0,25.400000000000002,238,2.5
2015,10,19,1,30,153.91,0.18,5.1000000000000005,0,0,0,1,24.700000000000003,96.22,1008,0,0,0,0,25.3,242,2.4000000000000004
2015,10,19,2,30,139.18,0.18,5.1000000000000005,0,0,0,0,24.6,97.02,1008,0,0,0,0,25.1,243,2.3000000000000003
2015,10,19,3,30,124.41,0.18,5.1000000000000005,0,0,0,0,24.5,97.10000000000001,1008,0,0,0,0,25,243,2.2
2015,10,19,4,30,109.63,0.18,5.1000000000000005,0,0,0,0,24.400000000000002,97.71000000000001,1008,0,0,0,0,24.8,243,2.1
2015,10,19,5,30,94.88,0.18,5.2,0,0,0,0,24.3,96.15,1009,0,0,0,0,25,242,2.1
2015,10,19,6,30,80.11,0.18,5.2,59,295,110,0,24.5,93.91,1010,59,295,0,110,25.6,241,2.3000000000000003
2015,10,19,7,30,65.57000000000001,0.18,5.2,105,592,350,2,24.8,90.56,1010,135,1,0,136,26.5,237,2.5
2015,10,19,8,30,51.2,0.18,5.300000000000001,129,730,587,0,24.8,84.7,1010,129,730,0,587,27.6,231,2.4000000000000004
2015,10,19,9,30,37.25,0.18,5.300000000000001,144,803,784,0,24.6,79.27,1010,144,803,0,784,28.5,222,2.3000000000000003
2015,10,19,10,30,24.5,0.18,5.300000000000001,153,841,919,2,24.400000000000002,75.88,1009,441,45,0,482,29.1,214,2.3000000000000003
2015,10,19,11,30,16.1,0.18,5.300000000000001,158,855,979,2,24.3,74.16,1008,474,66,0,538,29.400000000000002,208,2.5
2015,10,19,12,30,19.09,0.18,5.300000000000001,158,848,960,0,24.3,73.92,1008,158,848,0,960,29.400000000000002,205,2.7
2015,10,19,13,30,30.27,0.18,5.300000000000001,153,822,863,0,24.200000000000003,74.61,1007,153,822,0,863,29.200000000000003,203,2.9000000000000004
2015,10,19,14,30,43.75,0.18,5.300000000000001,142,768,696,0,24.200000000000003,76.4,1007,142,768,0,696,28.8,202,3.1
2015,10,19,15,30,57.94,0.18,5.300000000000001,127,655,475,0,24.3,79.49,1007,127,655,0,475,28.200000000000003,203,3.2
2015,10,19,16,30,72.41,0.18,5.300000000000001,94,454,231,0,24.5,84.11,1007,94,454,0,231,27.400000000000002,205,3.2
2015,10,19,17,30,86.88,0.18,5.300000000000001,21,46,24,0,24.700000000000003,88.84,1008,21,46,0,24,26.700000000000003,206,3
2015,10,19,18,30,101.82000000000001,0.18,5.4,0,0,0,0,24.8,92.27,1009,0,0,0,0,26.200000000000003,208,2.9000000000000004
2015,10,19,19,30,116.57000000000001,0.18,5.4,0,0,0,0,24.900000000000002,93.43,1009,0,0,0,0,26,210,2.8000000000000003
2015,10,19,20,30,131.34,0.18,5.5,0,0,0,0,24.900000000000002,94.60000000000001,1010,0,0,0,0,25.8,213,2.7
2015,10,19,21,30,146.09,0.18,5.5,0,0,0,0,24.8,94.94,1010,0,0,0,0,25.700000000000003,216,2.6
2015,10,19,22,30,160.70000000000002,0.18,5.6000000000000005,0,0,0,0,24.8,95.13,1009,0,0,0,0,25.6,220,2.6
2015,10,19,23,30,174.05,0.18,5.6000000000000005,0,0,0,0,24.700000000000003,95.96000000000001,1009,0,0,0,0,25.400000000000002,224,2.6
2015,10,20,0,30,168.17000000000002,0.19,5.6000000000000005,0,0,0,0,24.6,96.10000000000001,1008,0,0,0,0,25.3,228,2.5
2015,10,20,1,30,153.82,0.19,5.7,0,0,0,0,24.6,96.23,1007,0,0,0,0,25.200000000000003,230,2.5
2015,10,20,2,30,139.12,0.19,5.7,0,0,0,1,24.5,96.38,1007,0,0,0,0,25.1,230,2.4000000000000004
2015,10,20,3,30,124.36,0.19,5.800000000000001,0,0,0,1,24.400000000000002,96.60000000000001,1007,0,0,0,0,25,229,2.3000000000000003
2015,10,20,4,30,109.60000000000001,0.19,5.800000000000001,0,0,0,7,24.400000000000002,96.41,1008,0,0,0,0,25,228,2.3000000000000003
2015,10,20,5,30,94.87,0.19,5.9,0,0,0,8,24.3,95.57000000000001,1008,0,0,0,0,25.1,227,2.3000000000000003
2015,10,20,6,30,80.11,0.19,5.9,64,245,106,0,24.5,94.41,1009,64,245,0,106,25.5,227,2.5
2015,10,20,7,30,65.6,0.19,5.9,116,548,343,3,24.8,92.71000000000001,1010,118,0,0,118,26.1,228,2.7
2015,10,20,8,30,51.25,0.19,5.800000000000001,143,697,579,8,24.900000000000002,89.09,1010,285,287,0,465,26.8,228,2.8000000000000003
2015,10,20,9,30,37.36,0.19,5.800000000000001,181,737,767,7,24.6,84.34,1010,231,4,0,234,27.5,228,2.7
2015,10,20,10,30,24.69,0.19,5.800000000000001,193,779,900,6,24.400000000000002,79.67,1009,112,0,0,112,28.200000000000003,226,2.5
2015,10,20,11,30,16.43,0.19,5.800000000000001,198,794,960,6,24.200000000000003,77.11,1008,259,2,0,261,28.6,223,2.3000000000000003
2015,10,20,12,30,19.41,0.19,5.800000000000001,254,707,921,7,24.200000000000003,76.19,1007,408,342,0,731,28.8,222,2
2015,10,20,13,30,30.48,0.19,5.800000000000001,238,683,827,7,24.200000000000003,75.88,1007,247,650,0,807,28.900000000000002,222,1.9000000000000001
2015,10,20,14,30,43.910000000000004,0.19,5.7,211,631,666,7,24.200000000000003,76.17,1006,211,631,5,666,28.8,223,2
2015,10,20,15,30,58.06,0.19,5.6000000000000005,170,532,452,0,24.200000000000003,77.21000000000001,1006,170,532,0,452,28.6,224,2.2
2015,10,20,16,30,72.51,0.19,5.6000000000000005,114,337,215,1,24.3,80.10000000000001,1006,114,337,0,215,28.1,224,2.4000000000000004
2015,10,20,17,30,86.96000000000001,0.19,5.5,17,14,18,0,24.700000000000003,85.52,1007,17,14,0,18,27.3,223,2.6
2015,10,20,18,30,101.88,0.19,5.6000000000000005,0,0,0,0,24.8,89.7,1007,0,0,0,0,26.6,221,2.7
2015,10,20,19,30,116.62,0.19,5.6000000000000005,0,0,0,0,24.8,91.60000000000001,1008,0,0,0,0,26.3,221,2.8000000000000003
2015,10,20,20,30,131.37,0.19,5.7,0,0,0,0,24.900000000000002,92.97,1009,0,0,0,0,26.1,222,2.8000000000000003
2015,10,20,21,30,146.1,0.19,5.9,0,0,0,0,24.900000000000002,94.22,1009,0,0,0,0,25.900000000000002,225,2.8000000000000003
2015,10,20,22,30,160.67000000000002,0.19,5.9,0,0,0,0,24.900000000000002,95.93,1009,0,0,0,0,25.6,229,2.8000000000000003
2015,10,20,23,30,173.8,0.19,6,0,0,0,0,24.900000000000002,96.92,1009,0,0,0,0,25.400000000000002,233,2.9000000000000004
2015,10,21,0,30,168,0.19,6.1000000000000005,0,0,0,0,24.8,97.14,1008,0,0,0,0,25.3,237,2.9000000000000004
2015,10,21,1,30,153.73,0.19,6.1000000000000005,0,0,0,0,24.700000000000003,97.25,1007,0,0,0,0,25.200000000000003,239,2.8000000000000003
2015,10,21,2,30,139.06,0.19,6.1000000000000005,0,0,0,1,24.700000000000003,97.5,1007,0,0,0,0,25.1,240,2.8000000000000003
2015,10,21,3,30,124.32000000000001,0.19,6.1000000000000005,0,0,0,0,24.6,97.82000000000001,1007,0,0,0,0,25,240,2.8000000000000003
2015,10,21,4,30,109.57000000000001,0.19,6.1000000000000005,0,0,0,0,24.6,97.58,1007,0,0,0,0,25,240,2.7
2015,10,21,5,30,94.86,0.19,6.1000000000000005,0,0,0,3,24.5,96.73,1007,0,0,0,0,25.1,241,2.7
2015,10,21,6,30,80.12,0.19,6.2,74,128,95,1,24.700000000000003,95.83,1008,74,128,0,95,25.400000000000002,243,2.8000000000000003
2015,10,21,7,30,65.62,0.19,6.2,161,388,322,0,24.900000000000002,93.92,1008,161,388,0,322,26,245,2.8000000000000003
2015,10,21,8,30,51.31,0.19,6.300000000000001,219,526,547,0,25,91.66,1009,219,526,0,547,26.5,248,2.7
2015,10,21,9,30,37.46,0.19,6.4,260,598,735,0,24.900000000000002,88.43,1009,260,598,0,735,27,249,2.6
2015,10,21,10,30,24.89,0.19,6.4,287,636,864,8,24.8,86.4,1008,426,385,7,775,27.3,247,2.3000000000000003
2015,10,21,11,30,16.77,0.19,6.5,301,652,925,7,24.8,85.75,1007,475,181,0,648,27.400000000000002,239,1.9000000000000001
2015,10,21,12,30,19.72,0.19,6.5,284,665,910,7,24.8,85.88,1007,376,12,0,387,27.400000000000002,223,1.5
2015,10,21,13,30,30.7,0.19,6.5,264,644,817,7,24.900000000000002,86.65,1006,400,38,0,432,27.3,201,1.4000000000000001
2015,10,21,14,30,44.07,0.19,6.4,230,595,658,7,25,88.46000000000001,1006,303,41,0,332,27.1,186,1.5
2015,10,21,15,30,58.19,0.19,6.300000000000001,180,513,450,6,25.200000000000003,90.3,1006,139,3,0,140,26.900000000000002,184,1.7000000000000002
2015,10,21,16,30,72.61,0.19,6.2,117,329,216,6,25.3,93.85000000000001,1006,42,0,0,42,26.400000000000002,193,2
2015,10,21,17,30,87.04,0.19,6.1000000000000005,18,18,19,6,25.5,96.95,1007,8,0,7,8,26,204,2.3000000000000003
2015,10,21,18,30,101.95,0.19,6,0,0,0,6,25.3,97.72,1007,0,0,0,0,25.700000000000003,210,2.7
2015,10,21,19,30,116.67,0.19,6.1000000000000005,0,0,0,7,25.3,98.10000000000001,1008,0,0,0,0,25.6,213,3
2015,10,21,20,30,131.4,0.19,6.1000000000000005,0,0,0,7,25.200000000000003,98.48,1008,0,0,0,0,25.5,215,2.9000000000000004
2015,10,21,21,30,146.1,0.19,6.2,0,0,0,7,25.200000000000003,98.68,1008,0,0,0,0,25.400000000000002,217,2.8000000000000003
2015,10,21,22,30,160.62,0.19,6.2,0,0,0,7,25.1,98.8,1008,0,0,0,0,25.3,219,2.7
2015,10,21,23,30,173.54,0.19,6.1000000000000005,0,0,0,7,25,98.25,1007,0,0,0,0,25.3,221,2.6
2015,10,22,0,30,167.82,0.19,6.1000000000000005,0,0,0,7,24.900000000000002,98.4,1007,0,0,0,0,25.200000000000003,223,2.5
2015,10,22,1,30,153.63,0.19,6.1000000000000005,0,0,0,7,24.8,98.4,1006,0,0,0,0,25.1,223,2.4000000000000004
2015,10,22,2,30,138.99,0.19,6.1000000000000005,0,0,0,7,24.700000000000003,98.51,1006,0,0,0,0,25,221,2.4000000000000004
2015,10,22,3,30,124.28,0.19,6.1000000000000005,0,0,0,8,24.700000000000003,98.75,1007,0,0,0,0,24.900000000000002,219,2.5
2015,10,22,4,30,109.55,0.19,6.1000000000000005,0,0,0,4,24.6,98.31,1007,0,0,0,0,24.900000000000002,215,2.5
2015,10,22,5,30,94.85000000000001,0.19,6,0,0,0,4,24.6,97.36,1008,0,0,0,0,25,212,2.5
2015,10,22,6,30,80.12,0.19,6,62,268,108,4,24.700000000000003,95.87,1008,4,0,0,4,25.400000000000002,211,2.7
2015,10,22,7,30,65.65,0.19,5.9,112,566,345,3,25,94.71000000000001,1009,143,1,0,144,25.900000000000002,211,3
2015,10,22,8,30,51.370000000000005,0.19,5.9,139,707,581,3,25,90.72,1009,281,20,0,294,26.6,209,3.1
2015,10,22,9,30,37.57,0.19,5.9,162,771,773,8,24.700000000000003,85.84,1009,355,62,0,404,27.3,207,3.1
2015,10,22,10,30,25.09,0.19,5.800000000000001,176,805,906,3,24.400000000000002,81.54,1009,495,149,0,630,27.900000000000002,204,3
2015,10,22,11,30,17.11,0.19,5.800000000000001,187,812,963,7,24.200000000000003,79.18,1008,308,581,7,864,28.200000000000003,201,2.9000000000000004
2015,10,22,12,30,20.04,0.19,5.800000000000001,190,802,943,7,24.200000000000003,78.45,1007,412,369,7,759,28.3,198,2.9000000000000004
2015,10,22,13,30,30.92,0.19,5.9,183,772,845,1,24.200000000000003,78.42,1006,183,772,0,845,28.3,194,2.9000000000000004
2015,10,22,14,30,44.22,0.19,5.9,166,717,680,0,24.200000000000003,79.46000000000001,1006,166,717,0,680,28.1,192,2.9000000000000004
2015,10,22,15,30,58.31,0.19,5.800000000000001,140,618,465,0,24.3,82.03,1006,140,618,0,465,27.6,192,2.8000000000000003
2015,10,22,16,30,72.71000000000001,0.19,5.800000000000001,97,426,224,0,24.400000000000002,85.79,1006,97,426,0,224,27,194,2.6
2015,10,22,17,30,87.11,0.19,5.800000000000001,20,36,22,0,24.700000000000003,90.76,1007,20,36,0,22,26.3,196,2.4000000000000004
2015,10,22,18,30,102.01,0.19,5.800000000000001,0,0,0,0,24.8,93.51,1008,0,0,0,0,25.900000000000002,195,2.3000000000000003
2015,10,22,19,30,116.71000000000001,0.19,5.7,0,0,0,0,24.8,94.7,1009,0,0,0,0,25.700000000000003,195,2.3000000000000003
2015,10,22,20,30,131.43,0.19,5.7,0,0,0,0,24.8,95.31,1010,0,0,0,0,25.6,196,2.3000000000000003
2015,10,22,21,30,146.1,0.19,5.6000000000000005,0,0,0,0,24.8,95.78,1010,0,0,0,0,25.5,198,2.3000000000000003
2015,10,22,22,30,160.57,0.19,5.5,0,0,0,0,24.700000000000003,96.15,1010,0,0,0,0,25.400000000000002,201,2.2
2015,10,22,23,30,173.28,0.19,5.4,0,0,0,0,24.700000000000003,96.83,1009,0,0,0,0,25.200000000000003,204,2.2
2015,10,23,0,30,167.63,0.19,5.300000000000001,0,0,0,0,24.6,96.98,1008,0,0,0,0,25.1,209,2.1
2015,10,23,1,30,153.54,0.19,5.2,0,0,0,0,24.5,97.3,1008,0,0,0,0,25,215,2.1
2015,10,23,2,30,138.93,0.19,5.1000000000000005,0,0,0,0,24.5,96.93,1007,0,0,0,0,25,220,2.1
2015,10,23,3,30,124.23,0.19,5,0,0,0,0,24.400000000000002,97.21000000000001,1007,0,0,0,0,24.900000000000002,225,2.1
2015,10,23,4,30,109.52,0.19,5,0,0,0,0,24.400000000000002,96.96000000000001,1007,0,0,0,0,24.900000000000002,229,2.2
2015,10,23,5,30,94.84,0.19,4.9,0,0,0,0,24.400000000000002,96.23,1008,0,0,0,0,25,231,2.3000000000000003
2015,10,23,6,30,80.14,0.19,4.800000000000001,57,327,113,0,24.5,94.27,1009,57,327,0,113,25.5,231,2.4000000000000004
2015,10,23,7,30,65.69,0.19,4.800000000000001,97,630,356,0,24.700000000000003,91.18,1010,97,630,0,356,26.3,229,2.6
2015,10,23,8,30,51.44,0.19,4.800000000000001,115,769,594,0,24.6,85.42,1010,115,769,0,594,27.3,225,2.6
2015,10,23,9,30,37.69,0.19,4.800000000000001,125,842,792,0,24.400000000000002,78.93,1010,125,842,0,792,28.400000000000002,219,2.5
2015,10,23,10,30,25.29,0.19,4.800000000000001,131,882,928,0,24.3,74.78,1009,131,882,0,928,29.200000000000003,212,2.4000000000000004
2015,10,23,11,30,17.44,0.19,4.800000000000001,133,897,988,1,24.400000000000002,73.14,1008,133,897,0,988,29.700000000000003,205,2.4000000000000004
2015,10,23,12,30,20.35,0.19,4.800000000000001,148,869,962,1,24.400000000000002,72.21000000000001,1007,148,869,0,962,29.900000000000002,201,2.6
2015,10,23,13,30,31.13,0.19,4.9,139,848,865,0,24.3,71.83,1006,139,848,0,865,29.900000000000002,198,2.8000000000000003
2015,10,23,14,30,44.38,0.19,4.9,127,800,698,0,24.200000000000003,72.68,1006,127,800,0,698,29.6,196,2.9000000000000004
2015,10,23,15,30,58.43,0.19,4.9,124,664,472,0,24.1,74.9,1006,124,664,0,472,29,195,2.9000000000000004
2015,10,23,16,30,72.8,0.19,4.9,88,474,228,0,24.1,78.59,1006,88,474,0,228,28.200000000000003,195,2.7
2015,10,23,17,30,87.18,0.19,4.9,19,51,22,0,24.400000000000002,84.48,1007,19,51,0,22,27.200000000000003,195,2.5
2015,10,23,18,30,102.06,0.19,4.9,0,0,0,0,24.6,89.10000000000001,1008,0,0,0,0,26.5,195,2.4000000000000004
2015,10,23,19,30,116.75,0.19,4.9,0,0,0,0,24.6,91.36,1009,0,0,0,0,26.1,198,2.4000000000000004
2015,10,23,20,30,131.45,0.19,4.800000000000001,0,0,0,0,24.6,92.56,1009,0,0,0,0,25.900000000000002,201,2.4000000000000004
2015,10,23,21,30,146.09,0.19,4.800000000000001,0,0,0,0,24.6,93.64,1009,0,0,0,0,25.700000000000003,205,2.4000000000000004
2015,10,23,22,30,160.51,0.19,4.800000000000001,0,0,0,0,24.6,94.62,1009,0,0,0,0,25.5,209,2.4000000000000004
2015,10,23,23,30,173.01,0.19,4.7,0,0,0,0,24.5,95.44,1008,0,0,0,0,25.3,213,2.5
2015,10,24,0,30,167.45000000000002,0.19,4.7,0,0,0,0,24.5,95.74000000000001,1008,0,0,0,0,25.200000000000003,218,2.5
2015,10,24,1,30,153.44,0.19,4.7,0,0,0,0,24.400000000000002,96.45,1007,0,0,0,0,25,222,2.5
2015,10,24,2,30,138.87,0.19,4.800000000000001,0,0,0,0,24.3,96.68,1007,0,0,0,0,24.900000000000002,225,2.4000000000000004
2015,10,24,3,30,124.19,0.19,4.800000000000001,0,0,0,0,24.3,96.28,1007,0,0,0,0,24.900000000000002,228,2.4000000000000004
2015,10,24,4,30,109.5,0.19,4.9,0,0,0,0,24.200000000000003,96.55,1008,0,0,0,0,24.8,229,2.4000000000000004
2015,10,24,5,30,94.84,0.19,5,0,0,0,0,24.200000000000003,95.69,1008,0,0,0,0,24.900000000000002,230,2.5
2015,10,24,6,30,80.15,0.19,5.1000000000000005,61,273,108,0,24.3,93.10000000000001,1009,61,273,0,108,25.5,230,2.7
2015,10,24,7,30,65.73,0.19,5.1000000000000005,111,570,346,0,24.5,89.82000000000001,1010,111,570,0,346,26.3,229,2.9000000000000004
2015,10,24,8,30,51.51,0.19,5.2,138,711,581,0,24.400000000000002,84.87,1010,138,711,0,581,27.200000000000003,225,2.8000000000000003
2015,10,24,9,30,37.81,0.19,5.2,154,788,777,1,24.3,80.31,1010,154,788,0,777,28,219,2.6
2015,10,24,10,30,25.5,0.19,5.300000000000001,161,830,911,1,24.200000000000003,76.98,1009,161,830,0,911,28.6,212,2.5
2015,10,24,11,30,17.78,0.19,5.300000000000001,162,850,971,1,24.1,75.56,1008,162,850,0,971,28.8,206,2.4000000000000004
2015,10,24,12,30,20.66,0.19,5.2,235,738,925,0,24,74.48,1008,235,738,0,925,29,202,2.4000000000000004
2015,10,24,13,30,31.35,0.19,5.2,218,717,830,0,23.900000000000002,74.60000000000001,1007,218,717,0,830,28.900000000000002,200,2.4000000000000004
2015,10,24,14,30,44.53,0.19,5.2,195,663,667,0,23.900000000000002,75.21000000000001,1007,195,663,0,667,28.700000000000003,199,2.5
2015,10,24,15,30,58.550000000000004,0.19,5.1000000000000005,162,557,452,0,23.8,76.31,1007,162,557,0,452,28.400000000000002,200,2.6
2015,10,24,16,30,72.89,0.19,5.1000000000000005,110,354,214,0,23.900000000000002,80.06,1007,110,354,0,214,27.700000000000003,202,2.5
2015,10,24,17,30,87.25,0.19,5.1000000000000005,16,13,16,7,24.3,85.53,1007,14,0,7,14,26.900000000000002,205,2.4000000000000004
2015,10,24,18,30,102.12,0.19,5.1000000000000005,0,0,0,7,24.5,89.64,1008,0,0,0,0,26.3,207,2.4000000000000004
2015,10,24,19,30,116.79,0.19,5.1000000000000005,0,0,0,7,24.5,91.42,1009,0,0,0,0,26,210,2.5
2015,10,24,20,30,131.46,0.19,5.1000000000000005,0,0,0,1,24.5,92.65,1009,0,0,0,0,25.8,213,2.6
2015,10,24,21,30,146.08,0.19,5.1000000000000005,0,0,0,0,24.5,93.7,1009,0,0,0,0,25.6,217,2.6
2015,10,24,22,30,160.44,0.19,5.1000000000000005,0,0,0,0,24.5,94.13,1009,0,0,0,0,25.5,220,2.6
2015,10,24,23,30,172.73,0.19,5.1000000000000005,0,0,0,0,24.5,94.49,1008,0,0,0,0,25.400000000000002,222,2.6
2015,10,25,0,30,167.26,0.19,5.1000000000000005,0,0,0,0,24.400000000000002,94.92,1008,0,0,0,0,25.3,224,2.5
2015,10,25,1,30,153.34,0.19,5.2,0,0,0,7,24.400000000000002,95.25,1007,0,0,0,0,25.200000000000003,225,2.5
2015,10,25,2,30,138.81,0.19,5.2,0,0,0,7,24.3,95.42,1007,0,0,0,0,25.1,225,2.4000000000000004
2015,10,25,3,30,124.16,0.19,5.300000000000001,0,0,0,7,24.3,95.66,1007,0,0,0,0,25,225,2.3000000000000003
2015,10,25,4,30,109.48,0.19,5.4,0,0,0,3,24.200000000000003,95.54,1008,0,0,0,0,25,224,2.2
2015,10,25,5,30,94.83,0.19,5.5,0,0,0,1,24.200000000000003,94.79,1008,0,0,0,0,25.1,223,2.2
2015,10,25,6,30,80.17,0.19,5.6000000000000005,66,214,102,0,24.400000000000002,92.35000000000001,1009,66,214,0,102,25.700000000000003,222,2.4000000000000004
2015,10,25,7,30,65.77,0.19,5.7,124,514,335,3,24.5,88.47,1010,187,9,0,190,26.6,220,2.6
2015,10,25,8,30,51.58,0.19,5.800000000000001,156,663,568,0,24.400000000000002,82.8,1010,156,663,0,568,27.6,214,2.6
2015,10,25,9,30,37.93,0.19,5.800000000000001,175,744,762,4,24.200000000000003,78.23,1010,351,10,0,359,28.400000000000002,208,2.6
2015,10,25,10,30,25.71,0.19,5.9,186,785,894,3,24.200000000000003,75.38,1009,451,62,0,507,29,202,2.6
2015,10,25,11,30,18.11,0.19,5.9,192,801,953,4,24.200000000000003,74.52,1008,473,57,0,527,29.200000000000003,197,2.6
2015,10,25,12,30,20.97,0.19,5.9,186,801,934,3,24.1,74.19,1008,496,131,0,618,29.200000000000003,193,2.7
2015,10,25,13,30,31.560000000000002,0.19,5.9,179,772,837,7,24,74,1007,281,598,7,791,29.1,189,2.8000000000000003
2015,10,25,14,30,44.69,0.19,5.9,162,718,673,3,23.900000000000002,75.4,1007,399,99,0,469,28.700000000000003,189,2.8000000000000003
2015,10,25,15,30,58.660000000000004,0.19,5.7,133,626,459,8,24,78.3,1007,238,62,0,270,28.1,193,2.7
2015,10,25,16,30,72.98,0.19,5.6000000000000005,92,435,219,7,24.1,82.28,1008,146,131,7,184,27.400000000000002,201,2.6
2015,10,25,17,30,87.31,0.19,5.5,17,37,19,0,24.400000000000002,87.84,1008,17,37,0,19,26.6,208,2.5
2015,10,25,18,30,102.16,0.19,5.300000000000001,0,0,0,0,24.6,92,1008,0,0,0,0,26,212,2.3000000000000003
2015,10,25,19,30,116.82000000000001,0.19,5.2,0,0,0,0,24.6,93.78,1009,0,0,0,0,25.700000000000003,214,2.2
2015,10,25,20,30,131.48,0.19,5.1000000000000005,0,0,0,0,24.6,94.87,1009,0,0,0,0,25.5,215,2.1
2015,10,25,21,30,146.06,0.19,5.1000000000000005,0,0,0,0,24.6,95.91,1010,0,0,0,0,25.3,218,2.1
2015,10,25,22,30,160.37,0.19,5.1000000000000005,0,0,0,0,24.5,96.67,1009,0,0,0,0,25.1,222,2.1
2015,10,25,23,30,172.44,0.19,5.1000000000000005,0,0,0,1,24.5,96.81,1008,0,0,0,0,25,229,2.1
2015,10,26,0,30,167.06,0.19,5.1000000000000005,0,0,0,0,24.400000000000002,97.62,1008,0,0,0,0,24.8,236,2.2
2015,10,26,1,30,153.24,0.19,5.1000000000000005,0,0,0,0,24.3,97.7,1007,0,0,0,0,24.700000000000003,242,2.2
2015,10,26,2,30,138.75,0.19,5.1000000000000005,0,0,0,0,24.200000000000003,97.81,1007,0,0,0,0,24.6,247,2.2
2015,10,26,3,30,124.12,0.19,5.2,0,0,0,0,24.1,97.82000000000001,1007,0,0,0,0,24.5,251,2.1
2015,10,26,4,30,109.46000000000001,0.19,5.2,0,0,0,0,24.1,97.98,1008,0,0,0,0,24.400000000000002,253,2
2015,10,26,5,30,94.83,0.19,5.2,0,0,0,0,24,96.31,1008,0,0,0,0,24.6,254,2
2015,10,26,6,30,80.19,0.19,5.300000000000001,65,223,103,0,24.1,93.36,1009,65,223,0,103,25.3,252,2.2
2015,10,26,7,30,65.81,0.19,5.300000000000001,124,517,336,0,24.400000000000002,88.37,1010,124,517,0,336,26.5,246,2.4000000000000004
2015,10,26,8,30,51.660000000000004,0.19,5.300000000000001,157,665,569,0,24.3,80.73,1010,157,665,0,569,27.900000000000002,236,2.2
2015,10,26,9,30,38.06,0.19,5.300000000000001,182,735,760,0,23.900000000000002,74.10000000000001,1010,182,735,0,760,29,224,1.9000000000000001
2015,10,26,10,30,25.92,0.19,5.300000000000001,195,776,893,0,23.900000000000002,70.3,1009,195,776,0,893,29.900000000000002,212,1.8
2015,10,26,11,30,18.44,0.19,5.2,202,791,952,1,23.8,68.43,1008,202,791,0,952,30.3,202,1.8
2015,10,26,12,30,21.27,0.19,5.2,249,713,913,2,23.8,67.52,1007,496,81,0,571,30.5,196,2
2015,10,26,13,30,31.77,0.19,5.2,236,683,817,0,23.8,67.75,1006,236,683,0,817,30.400000000000002,195,2.2
2015,10,26,14,30,44.83,0.19,5.1000000000000005,213,622,654,0,23.8,68.5,1006,213,622,0,654,30.200000000000003,198,2.3000000000000003
2015,10,26,15,30,58.77,0.19,5.1000000000000005,176,509,440,0,23.8,70.61,1006,176,509,0,440,29.700000000000003,202,2.4000000000000004
2015,10,26,16,30,73.07000000000001,0.19,5.1000000000000005,115,302,203,0,23.900000000000002,74.84,1006,115,302,0,203,28.8,206,2.4000000000000004
2015,10,26,17,30,87.37,0.19,5.1000000000000005,12,7,13,0,24.200000000000003,81.92,1007,12,7,0,13,27.6,208,2.4000000000000004
2015,10,26,18,30,102.21000000000001,0.19,5.1000000000000005,0,0,0,0,24.5,87.48,1008,0,0,0,0,26.8,208,2.4000000000000004
2015,10,26,19,30,116.85000000000001,0.19,5.1000000000000005,0,0,0,0,24.6,90.54,1008,0,0,0,0,26.3,209,2.4000000000000004
2015,10,26,20,30,131.48,0.19,5.2,0,0,0,0,24.700000000000003,92.8,1009,0,0,0,0,26,210,2.4000000000000004
2015,10,26,21,30,146.04,0.19,5.2,0,0,0,0,24.8,94.76,1009,0,0,0,0,25.700000000000003,213,2.3000000000000003
2015,10,26,22,30,160.29,0.19,5.2,0,0,0,0,24.8,95.42,1009,0,0,0,0,25.6,216,2.2
2015,10,26,23,30,172.16,0.19,5.300000000000001,0,0,0,0,24.8,96.5,1009,0,0,0,0,25.400000000000002,221,2.2
2015,10,27,0,30,166.87,0.19,5.300000000000001,0,0,0,0,24.8,96.85000000000001,1008,0,0,0,0,25.3,226,2.2
2015,10,27,1,30,153.14000000000001,0.19,5.300000000000001,0,0,0,1,24.700000000000003,97.09,1007,0,0,0,0,25.200000000000003,232,2.3000000000000003
2015,10,27,2,30,138.69,0.19,5.4,0,0,0,0,24.6,97.9,1007,0,0,0,0,25,237,2.4000000000000004
2015,10,27,3,30,124.08,0.19,5.4,0,0,0,7,24.6,98.13,1007,0,0,0,0,24.900000000000002,240,2.4000000000000004
2015,10,27,4,30,109.45,0.19,5.5,0,0,0,0,24.5,97.75,1008,0,0,0,0,24.900000000000002,241,2.3000000000000003
2015,10,27,5,30,94.84,0.19,5.5,0,0,0,0,24.5,96.77,1009,0,0,0,0,25,240,2.3000000000000003
2015,10,27,6,30,80.21000000000001,0.19,5.6000000000000005,65,219,102,3,24.6,93.52,1009,4,0,0,4,25.700000000000003,237,2.5
2015,10,27,7,30,65.86,0.19,5.6000000000000005,123,519,335,4,24.8,88.77,1010,70,0,0,70,26.8,233,2.6
2015,10,27,8,30,51.74,0.19,5.6000000000000005,152,672,569,3,24.700000000000003,82.11,1010,203,1,0,204,28,228,2.7
2015,10,27,9,30,38.19,0.19,5.6000000000000005,169,755,763,0,24.400000000000002,76.24,1010,169,755,0,763,29,223,2.6
2015,10,27,10,30,26.14,0.19,5.6000000000000005,178,799,896,3,24.200000000000003,72.13,1009,217,0,0,217,29.8,219,2.5
2015,10,27,11,30,18.76,0.19,5.6000000000000005,183,812,952,8,24.1,70.04,1008,335,506,0,814,30.200000000000003,215,2.4000000000000004
2015,10,27,12,30,21.57,0.19,5.6000000000000005,299,631,886,3,24,68.55,1007,566,243,0,792,30.400000000000002,212,2.2
2015,10,27,13,30,31.98,0.19,5.6000000000000005,291,586,788,0,23.8,67.94,1006,291,586,0,788,30.400000000000002,210,2
2015,10,27,14,30,44.980000000000004,0.19,5.6000000000000005,267,506,624,0,23.700000000000003,68.21000000000001,1006,267,506,0,624,30.200000000000003,207,1.7000000000000002
2015,10,27,15,30,58.88,0.19,5.7,157,553,443,0,23.700000000000003,69.74,1006,157,553,0,443,29.8,200,1.7000000000000002
2015,10,27,16,30,73.15,0.19,5.7,105,352,207,8,24,74.7,1007,154,170,7,204,28.900000000000002,193,1.7000000000000002
2015,10,27,17,30,87.43,0.19,5.800000000000001,14,15,15,7,24.3,81.31,1007,12,0,7,12,27.8,189,1.9000000000000001
2015,10,27,18,30,102.25,0.19,5.800000000000001,0,0,0,7,24.700000000000003,87.9,1008,0,0,0,0,26.900000000000002,188,2.1
2015,10,27,19,30,116.87,0.19,5.800000000000001,0,0,0,7,24.8,90.46000000000001,1009,0,0,0,0,26.5,190,2.2
2015,10,27,20,30,131.48,0.19,5.800000000000001,0,0,0,7,24.900000000000002,93.33,1010,0,0,0,0,26.1,193,2.2
2015,10,27,21,30,146.01,0.19,5.800000000000001,0,0,0,7,25,94.78,1010,0,0,0,0,25.900000000000002,198,1.9000000000000001
2015,10,27,22,30,160.20000000000002,0.19,5.7,0,0,0,7,25,95.9,1010,0,0,0,0,25.700000000000003,202,1.7000000000000002
2015,10,27,23,30,171.87,0.19,5.7,0,0,0,7,24.900000000000002,96.69,1009,0,0,0,0,25.5,208,1.5
2015,10,28,0,30,166.67000000000002,0.19,5.7,0,0,0,7,24.8,96.68,1008,0,0,0,0,25.400000000000002,213,1.3
2015,10,28,1,30,153.05,0.19,5.6000000000000005,0,0,0,7,24.700000000000003,97.09,1008,0,0,0,0,25.200000000000003,218,1.1
2015,10,28,2,30,138.63,0.19,5.6000000000000005,0,0,0,7,24.5,96.64,1007,0,0,0,0,25.1,217,0.9
2015,10,28,3,30,124.05,0.19,5.5,0,0,0,7,24.3,96.11,1007,0,0,0,0,25,210,0.8
2015,10,28,4,30,109.44,0.19,5.5,0,0,0,8,24.1,95.49,1007,0,0,0,0,24.900000000000002,200,0.8
2015,10,28,5,30,94.84,0.19,5.5,0,0,0,7,23.900000000000002,93.74,1008,0,0,0,0,25,193,0.9
2015,10,28,6,30,80.23,0.19,5.5,60,248,103,8,24,91.53,1009,25,0,7,25,25.5,190,1.2000000000000002
2015,10,28,7,30,65.91,0.19,5.4,117,536,336,7,24.3,89.09,1009,198,69,0,226,26.200000000000003,189,1.6
2015,10,28,8,30,51.82,0.19,5.4,153,668,566,7,24,83.49,1010,270,340,7,480,27,186,1.8
2015,10,28,9,30,38.32,0.19,5.4,182,730,755,7,23.1,74.86,1010,334,396,0,644,28,182,1.8
2015,10,28,10,30,26.35,0.19,5.4,207,753,882,8,22.400000000000002,68.43,1009,400,371,7,732,28.8,179,1.8
2015,10,28,11,30,19.09,0.19,5.4,228,747,934,8,22,64.8,1008,399,392,7,770,29.3,176,1.7000000000000002
2015,10,28,12,30,21.87,0.19,5.300000000000001,243,717,908,3,21.8,63.27,1007,541,148,0,679,29.5,173,1.7000000000000002
2015,10,28,13,30,32.18,0.19,5.300000000000001,247,660,805,3,21.6,62.74,1006,438,54,0,483,29.5,171,1.7000000000000002
2015,10,28,14,30,45.13,0.19,5.2,235,572,638,0,21.5,62.690000000000005,1005,235,572,0,638,29.400000000000002,170,1.6
2015,10,28,15,30,58.99,0.19,5.2,199,435,423,0,21.5,64,1005,199,435,0,423,29,172,1.6
2015,10,28,16,30,73.23,0.19,5.1000000000000005,129,208,189,0,21.700000000000003,67.92,1006,129,208,0,189,28.200000000000003,177,1.5
2015,10,28,17,30,87.49,0.19,5.1000000000000005,6,0,6,0,22.400000000000002,75.32000000000001,1006,6,0,0,6,27.1,182,1.4000000000000001
2015,10,28,18,30,102.29,0.19,5.1000000000000005,0,0,0,0,22.900000000000002,81.95,1007,0,0,0,0,26.200000000000003,186,1.4000000000000001
2015,10,28,19,30,116.89,0.19,5.1000000000000005,0,0,0,0,22.900000000000002,84.21000000000001,1008,0,0,0,0,25.8,189,1.5
2015,10,28,20,30,131.48,0.19,5.1000000000000005,0,0,0,0,23.1,86.39,1008,0,0,0,0,25.5,194,1.6
2015,10,28,21,30,145.98,0.19,5.1000000000000005,0,0,0,0,23.200000000000003,88.41,1009,0,0,0,0,25.3,201,1.7000000000000002
2015,10,28,22,30,160.1,0.19,5.2,0,0,0,0,23.400000000000002,89.81,1008,0,0,0,0,25.200000000000003,210,1.9000000000000001
2015,10,28,23,30,171.58,0.19,5.2,0,0,0,0,23.6,91.3,1008,0,0,0,0,25.1,219,2
2015,10,29,0,30,166.47,0.19,5.300000000000001,0,0,0,7,23.700000000000003,92.65,1007,0,0,0,0,25,228,2.2
2015,10,29,1,30,152.95000000000002,0.19,5.300000000000001,0,0,0,0,23.900000000000002,93.4,1007,0,0,0,0,25,236,2.3000000000000003
2015,10,29,2,30,138.57,0.19,5.300000000000001,0,0,0,0,23.900000000000002,94.33,1006,0,0,0,0,24.900000000000002,243,2.3000000000000003
2015,10,29,3,30,124.02,0.19,5.300000000000001,0,0,0,7,24,95.12,1006,0,0,0,0,24.8,250,2.2
2015,10,29,4,30,109.42,0.19,5.300000000000001,0,0,0,7,24,95.73,1006,0,0,0,0,24.700000000000003,255,2.2
2015,10,29,5,30,94.85000000000001,0.19,5.300000000000001,0,0,0,0,24,95.21000000000001,1007,0,0,0,0,24.8,259,2.1
2015,10,29,6,30,80.26,0.19,5.4,71,104,89,0,24.1,92.45,1008,71,104,0,89,25.400000000000002,262,2.2
2015,10,29,7,30,65.96000000000001,0.19,5.4,158,382,314,7,24.200000000000003,88.43,1009,158,382,5,314,26.3,262,2.3000000000000003
2015,10,29,8,30,51.910000000000004,0.19,5.4,202,552,543,7,24.200000000000003,83.09,1009,202,552,5,543,27.3,260,2.2
2015,10,29,9,30,38.46,0.19,5.4,195,707,748,7,24,77.96000000000001,1009,349,353,7,626,28.200000000000003,256,2
2015,10,29,10,30,26.57,0.19,5.4,203,758,882,8,23.900000000000002,74.26,1008,404,357,7,724,28.900000000000002,251,1.7000000000000002
2015,10,29,11,30,19.41,0.19,5.4,207,781,943,8,24,73,1007,335,540,7,845,29.3,245,1.5
2015,10,29,12,30,22.16,0.19,5.4,241,722,909,1,23.900000000000002,72.15,1006,241,722,0,909,29.400000000000002,238,1.4000000000000001
2015,10,29,13,30,32.38,0.19,5.4,227,695,814,0,23.700000000000003,71.35000000000001,1005,227,695,0,814,29.400000000000002,231,1.4000000000000001
2015,10,29,14,30,45.27,0.19,5.4,205,633,651,1,23.6,71.78,1005,205,633,0,651,29.200000000000003,224,1.4000000000000001
2015,10,29,15,30,59.09,0.19,5.4,170,521,437,0,23.700000000000003,74.2,1005,170,521,0,437,28.8,217,1.5
2015,10,29,16,30,73.3,0.19,5.4,113,311,202,3,23.900000000000002,77.65,1005,134,5,7,136,28.200000000000003,211,1.8
2015,10,29,17,30,87.54,0.19,5.4,12,6,12,7,24.5,84.72,1006,8,0,7,8,27.3,208,2
2015,10,29,18,30,102.33,0.19,5.4,0,0,0,6,24.8,90.12,1007,0,0,0,0,26.6,208,2.1
2015,10,29,19,30,116.91,0.19,5.4,0,0,0,9,24.900000000000002,92.63,1008,0,0,0,0,26.200000000000003,210,2.2
2015,10,29,20,30,131.47,0.19,5.4,0,0,0,6,25,94.57000000000001,1008,0,0,0,0,25.900000000000002,214,2.2
2015,10,29,21,30,145.94,0.19,5.5,0,0,0,6,25,95.85000000000001,1008,0,0,0,0,25.700000000000003,218,2.2
2015,10,29,22,30,160,0.19,5.5,0,0,0,6,25,96.91,1008,0,0,0,0,25.5,221,2.2
2015,10,29,23,30,171.28,0.19,5.4,0,0,0,6,24.900000000000002,97.74000000000001,1007,0,0,0,0,25.3,225,2.2
2015,10,30,0,30,166.28,0.19,5.4,0,0,0,7,24.900000000000002,98.01,1007,0,0,0,0,25.200000000000003,227,2.1
2015,10,30,1,30,152.85,0.19,5.4,0,0,0,7,24.8,98.66,1006,0,0,0,0,25,229,2.1
2015,10,30,2,30,138.52,0.19,5.4,0,0,0,7,24.700000000000003,98.73,1005,0,0,0,0,24.900000000000002,231,2.1
2015,10,30,3,30,123.99000000000001,0.19,5.300000000000001,0,0,0,7,24.6,98.26,1005,0,0,0,0,24.900000000000002,233,2
2015,10,30,4,30,109.42,0.19,5.300000000000001,0,0,0,7,24.5,98.46000000000001,1006,0,0,0,0,24.8,235,2
2015,10,30,5,30,94.86,0.19,5.300000000000001,0,0,0,8,24.5,96.87,1006,0,0,0,0,25,238,2
2015,10,30,6,30,80.29,0.19,5.300000000000001,69,162,97,0,24.700000000000003,95.19,1007,69,162,0,97,25.5,242,2.2
2015,10,30,7,30,66.02,0.19,5.4,140,455,325,0,25.1,93.41,1008,140,455,0,325,26.200000000000003,243,2.3000000000000003
2015,10,30,8,30,52,0.19,5.4,178,611,555,0,25.200000000000003,89.74,1008,178,611,0,555,27,242,2.2
2015,10,30,9,30,38.59,0.19,5.4,202,696,746,0,24.900000000000002,84.23,1008,202,696,0,746,27.8,238,2.1
2015,10,30,10,30,26.8,0.19,5.4,216,741,877,7,24.5,79.06,1007,230,697,0,852,28.5,234,1.9000000000000001
2015,10,30,11,30,19.73,0.19,5.4,221,760,936,8,24.200000000000003,75.79,1007,325,556,0,848,28.900000000000002,227,1.8
2015,10,30,12,30,22.45,0.19,5.5,281,661,892,7,24,73.94,1006,281,661,5,892,29.1,222,1.8
2015,10,30,13,30,32.58,0.19,5.4,266,630,797,0,23.900000000000002,73.72,1005,266,630,0,797,29.1,217,1.9000000000000001
2015,10,30,14,30,45.410000000000004,0.19,5.4,236,570,636,0,24,74.72,1005,236,570,0,636,28.900000000000002,214,2
2015,10,30,15,30,59.19,0.19,5.4,170,518,435,7,24.1,77.02,1005,170,518,5,435,28.5,212,2.1
2015,10,30,16,30,73.38,0.19,5.4,112,315,202,7,24.400000000000002,81.09,1005,112,315,5,202,27.900000000000002,213,2.1
2015,10,30,17,30,87.59,0.19,5.5,12,7,13,7,24.8,87.08,1005,12,0,7,12,27.1,214,2
2015,10,30,18,30,102.36,0.19,5.5,0,0,0,8,25,92.23,1006,0,0,0,0,26.400000000000002,215,2
2015,10,30,19,30,116.92,0.19,5.5,0,0,0,7,25,93.74,1007,0,0,0,0,26.1,216,2.1
2015,10,30,20,30,131.46,0.19,5.6000000000000005,0,0,0,7,25,94.85000000000001,1007,0,0,0,0,25.900000000000002,217,2.1
2015,10,30,21,30,145.89000000000001,0.19,5.6000000000000005,0,0,0,7,25,95.95,1007,0,0,0,0,25.700000000000003,219,2.1
2015,10,30,22,30,159.89000000000001,0.19,5.6000000000000005,0,0,0,8,25,96.32000000000001,1007,0,0,0,0,25.6,222,2
2015,10,30,23,30,170.99,0.19,5.6000000000000005,0,0,0,1,24.900000000000002,96.66,1007,0,0,0,0,25.5,224,2
2015,10,31,0,30,166.08,0.19,5.6000000000000005,0,0,0,7,24.900000000000002,96.8,1006,0,0,0,0,25.400000000000002,226,2
2015,10,31,1,30,152.75,0.19,5.6000000000000005,0,0,0,3,24.8,97.52,1006,0,0,0,0,25.200000000000003,228,1.9000000000000001
2015,10,31,2,30,138.46,0.19,5.6000000000000005,0,0,0,3,24.700000000000003,97.57000000000001,1005,0,0,0,0,25.1,228,1.9000000000000001
2015,10,31,3,30,123.96000000000001,0.19,5.6000000000000005,0,0,0,0,24.6,97.76,1005,0,0,0,0,25,226,1.9000000000000001
2015,10,31,4,30,109.41,0.19,5.5,0,0,0,0,24.6,97.5,1006,0,0,0,0,25,224,1.9000000000000001
2015,10,31,5,30,94.88,0.19,5.5,0,0,0,3,24.5,96.72,1007,0,0,0,0,25.1,221,2
2015,10,31,6,30,80.33,0.19,5.5,69,164,96,0,24.8,94.76,1007,69,164,0,96,25.700000000000003,220,2.3000000000000003
2015,10,31,7,30,66.08,0.19,5.5,141,450,323,0,25.3,93.23,1008,141,450,0,323,26.5,219,2.5
2015,10,31,8,30,52.09,0.19,5.5,183,600,552,0,25.400000000000002,89.84,1008,183,600,0,552,27.200000000000003,214,2.5
2015,10,31,9,30,38.74,0.19,5.5,212,681,743,0,25.1,84.85000000000001,1008,212,681,0,743,27.900000000000002,205,2.3000000000000003
2015,10,31,10,30,27.02,0.19,5.5,225,730,875,3,24.8,81.03,1008,493,117,0,597,28.400000000000002,194,2.2
2015,10,31,11,30,20.05,0.19,5.5,227,752,934,3,24.6,79.67,1007,523,133,0,647,28.5,184,2.2
2015,10,31,12,30,22.740000000000002,0.19,5.5,248,709,902,1,24.5,79.18,1006,248,709,0,902,28.5,175,2.4000000000000004
2015,10,31,13,30,32.78,0.19,5.5,235,679,806,8,24.5,80.54,1005,333,537,7,784,28.200000000000003,168,2.5
2015,10,31,14,30,45.550000000000004,0.19,5.5,212,616,644,7,24.5,82.49,1005,216,599,0,636,27.8,163,2.6
2015,10,31,15,30,59.29,0.19,5.5,178,500,433,3,24.6,84.86,1005,276,33,0,293,27.400000000000002,167,2.5
2015,10,31,16,30,73.44,0.19,5.6000000000000005,118,284,199,0,24.8,88.96000000000001,1006,118,284,0,199,26.8,182,2.4000000000000004
2015,10,31,17,30,87.63,0.19,5.7,11,3,11,1,25.1,93.63,1007,11,3,0,11,26.200000000000003,199,2.3000000000000003
2015,10,31,18,30,102.38,0.19,5.7,0,0,0,1,25.1,95.73,1007,0,0,0,0,25.8,208,2.2
2015,10,31,19,30,116.92,0.19,5.7,0,0,0,1,25,96.64,1008,0,0,0,0,25.6,210,2.2
2015,10,31,20,30,131.44,0.19,5.7,0,0,0,0,25,96.95,1009,0,0,0,0,25.5,213,2.2
2015,10,31,21,30,145.84,0.19,5.7,0,0,0,0,24.900000000000002,97.17,1009,0,0,0,0,25.400000000000002,217,2.1
2015,10,31,22,30,159.77,0.19,5.7,0,0,0,7,24.8,97.31,1009,0,0,0,0,25.3,223,2
2015,10,31,23,30,170.70000000000002,0.19,5.7,0,0,0,0,24.8,97.39,1008,0,0,0,0,25.200000000000003,228,1.9000000000000001
2015,11,1,0,30,165.88,0.19,5.7,0,0,0,7,24.700000000000003,97.4,1008,0,0,0,0,25.1,233,1.9000000000000001
2015,11,1,1,30,152.66,0.19,5.7,0,0,0,3,24.5,97.76,1007,0,0,0,0,24.900000000000002,238,1.8
2015,11,1,2,30,138.41,0.19,5.7,0,0,0,7,24.400000000000002,97.65,1007,0,0,0,0,24.8,243,1.7000000000000002
2015,11,1,3,30,123.94,0.19,5.6000000000000005,0,0,0,7,24.3,96.9,1007,0,0,0,0,24.8,244,1.6
2015,11,1,4,30,109.41,0.19,5.6000000000000005,0,0,0,7,24.1,96.07000000000001,1007,0,0,0,0,24.8,241,1.4000000000000001
2015,11,1,5,30,94.89,0.19,5.6000000000000005,0,0,0,6,24,94.29,1008,0,0,0,0,25,234,1.2000000000000002
2015,11,1,6,30,80.37,0.19,5.6000000000000005,59,280,106,7,24.1,92.49,1008,3,0,0,3,25.400000000000002,224,0.9
2015,11,1,7,30,66.14,0.19,5.6000000000000005,105,587,342,7,24.5,90.4,1009,7,0,0,7,26.200000000000003,194,0.7000000000000001
2015,11,1,8,30,52.18,0.19,5.6000000000000005,128,731,576,6,24.3,85.2,1009,15,0,0,15,27,165,0.7000000000000001
2015,11,1,9,30,38.88,0.19,5.6000000000000005,143,804,769,7,23.8,79.89,1009,209,5,0,212,27.6,170,1
2015,11,1,10,30,27.240000000000002,0.19,5.6000000000000005,154,840,901,7,23.8,77.49,1009,414,72,0,479,28.1,185,1.2000000000000002
2015,11,1,11,30,20.37,0.19,5.5,160,853,959,6,24,77.53,1008,473,48,0,519,28.3,192,1.6
2015,11,1,12,30,23.02,0.19,5.5,155,853,940,8,24.200000000000003,78.79,1007,275,4,0,279,28.200000000000003,195,1.9000000000000001
2015,11,1,13,30,32.97,0.19,5.5,151,823,842,8,24.3,80.71000000000001,1006,387,120,0,487,27.900000000000002,197,2.1
2015,11,1,14,30,45.68,0.19,5.5,141,764,675,7,24.400000000000002,83.28,1006,247,22,0,263,27.5,199,2.2
2015,11,1,15,30,59.38,0.19,5.5,141,604,448,7,24.6,86.36,1006,208,37,0,227,27.1,202,2.3000000000000003
2015,11,1,16,30,73.51,0.19,5.5,99,387,209,7,24.900000000000002,90.69,1007,93,6,0,94,26.5,205,2.2
2015,11,1,17,30,87.67,0.19,5.5,14,14,15,8,25,94.76,1007,8,0,7,8,25.900000000000002,207,2.1
2015,11,1,18,30,102.41,0.19,5.5,0,0,0,7,24.900000000000002,95.92,1008,0,0,0,0,25.6,210,2.2
2015,11,1,19,30,116.93,0.19,5.5,0,0,0,8,24.8,96.15,1009,0,0,0,0,25.5,213,2.2
2015,11,1,20,30,131.42000000000002,0.19,5.4,0,0,0,8,24.8,96.86,1009,0,0,0,0,25.3,217,2.2
2015,11,1,21,30,145.78,0.19,5.4,0,0,0,7,24.700000000000003,96.95,1009,0,0,0,0,25.200000000000003,222,2.1
2015,11,1,22,30,159.65,0.19,5.4,0,0,0,7,24.6,97.05,1009,0,0,0,0,25.1,228,2.1
2015,11,1,23,30,170.4,0.19,5.5,0,0,0,7,24.5,97.12,1008,0,0,0,0,25,234,2.1
2015,11,2,0,30,165.68,0.19,5.5,0,0,0,8,24.400000000000002,97.23,1007,0,0,0,0,24.900000000000002,240,2.1
2015,11,2,1,30,152.56,0.19,5.5,0,0,0,0,24.400000000000002,97.51,1007,0,0,0,0,24.8,247,2.2
2015,11,2,2,30,138.36,0.19,5.5,0,0,0,8,24.3,97.7,1006,0,0,0,0,24.700000000000003,253,2.3000000000000003
2015,11,2,3,30,123.91,0.19,5.5,0,0,0,7,24.3,97.47,1006,0,0,0,0,24.700000000000003,256,2.4000000000000004
2015,11,2,4,30,109.4,0.19,5.6000000000000005,0,0,0,7,24.200000000000003,97.16,1006,0,0,0,0,24.700000000000003,258,2.5
2015,11,2,5,30,94.91,0.19,5.6000000000000005,0,0,0,7,24.200000000000003,96.89,1007,0,0,0,0,24.700000000000003,259,2.5
2015,11,2,6,30,80.41,0.19,5.6000000000000005,70,110,88,0,24.3,95.65,1008,70,110,0,88,25,260,2.6
2015,11,2,7,30,66.2,0.19,5.6000000000000005,156,384,311,7,24.5,93.82000000000001,1009,219,89,0,255,25.6,257,2.6
2015,11,2,8,30,52.28,0.19,5.7,203,545,537,7,24.700000000000003,91.77,1009,322,141,0,408,26.1,250,2.5
2015,11,2,9,30,39.03,0.19,5.7,224,651,729,8,24.6,88.37,1009,363,116,7,454,26.700000000000003,240,2.3000000000000003
2015,11,2,10,30,27.47,0.19,5.800000000000001,237,702,859,7,24.400000000000002,84.78,1009,250,663,0,838,27.200000000000003,230,2.3000000000000003
2015,11,2,11,30,20.68,0.19,5.800000000000001,242,725,920,0,24.200000000000003,82.84,1008,242,725,0,920,27.400000000000002,222,2.3000000000000003
2015,11,2,12,30,23.3,0.19,5.800000000000001,242,716,899,3,24.1,82.05,1007,475,66,0,535,27.400000000000002,218,2.3000000000000003
2015,11,2,13,30,33.17,0.19,5.9,236,674,801,8,23.900000000000002,82.39,1007,374,386,7,697,27.200000000000003,216,2.2
2015,11,2,14,30,45.81,0.19,5.9,226,586,634,7,23.8,83.38,1006,350,305,0,563,26.900000000000002,214,2.1
2015,11,2,15,30,59.480000000000004,0.19,5.9,196,438,419,7,23.900000000000002,85.65,1007,43,0,0,43,26.5,213,1.9000000000000001
2015,11,2,16,30,73.57000000000001,0.19,5.9,127,216,188,6,24.1,89.19,1007,92,3,0,93,26,211,1.8
2015,11,2,17,30,87.71000000000001,0.19,5.800000000000001,6,1,7,7,24.3,93,1008,6,1,5,7,25.5,208,1.7000000000000002
2015,11,2,18,30,102.43,0.19,5.7,0,0,0,7,24.200000000000003,95.01,1008,0,0,0,0,25.1,205,1.7000000000000002
2015,11,2,19,30,116.92,0.19,5.7,0,0,0,7,24.200000000000003,95.74000000000001,1009,0,0,0,0,24.900000000000002,201,1.6
2015,11,2,20,30,131.4,0.19,5.7,0,0,0,7,24.1,96.49000000000001,1010,0,0,0,0,24.700000000000003,198,1.5
2015,11,2,21,30,145.72,0.19,5.6000000000000005,0,0,0,7,23.900000000000002,95.56,1010,0,0,0,0,24.700000000000003,197,1.3
2015,11,2,22,30,159.52,0.19,5.6000000000000005,0,0,0,6,23.700000000000003,95,1009,0,0,0,0,24.6,199,1.1
2015,11,2,23,30,170.11,0.19,5.5,0,0,0,7,23.5,93.87,1008,0,0,0,0,24.6,206,1
2015,11,3,0,30,165.48,0.18,5.5,0,0,0,8,23.400000000000002,93.06,1008,0,0,0,0,24.6,222,0.8
2015,11,3,1,30,152.47,0.18,5.5,0,0,0,5,23.200000000000003,91.66,1007,0,0,0,0,24.700000000000003,254,0.6000000000000001
2015,11,3,2,30,138.31,0.18,5.5,0,0,0,3,23.1,91.04,1006,0,0,0,0,24.700000000000003,297,0.6000000000000001
2015,11,3,3,30,123.89,0.18,5.5,0,0,0,4,23.1,91.2,1006,0,0,0,0,24.6,327,0.6000000000000001
2015,11,3,4,30,109.41,0.18,5.6000000000000005,0,0,0,3,23,91.58,1007,0,0,0,0,24.5,339,0.7000000000000001
2015,11,3,5,30,94.93,0.18,5.6000000000000005,0,0,0,3,23,90.81,1007,0,0,0,0,24.6,338,0.5
2015,11,3,6,30,80.45,0.18,5.6000000000000005,68,122,88,0,23.200000000000003,88.60000000000001,1008,68,122,0,88,25.200000000000003,235,0.30000000000000004
2015,11,3,7,30,66.27,0.18,5.7,140,434,315,0,23.5,84.37,1008,140,434,0,315,26.3,127,0.5
2015,11,3,8,30,52.39,0.18,5.7,167,625,548,0,23.200000000000003,77.55,1009,167,625,0,548,27.5,117,1.2000000000000002
2015,11,3,9,30,39.18,0.18,5.7,176,735,746,2,23.200000000000003,74.12,1008,429,103,0,509,28.3,117,1.7000000000000002
2015,11,3,10,30,27.7,0.18,5.7,178,794,881,3,23.400000000000002,72.4,1008,498,162,0,641,28.900000000000002,119,2
2015,11,3,11,30,20.990000000000002,0.18,5.7,177,818,941,1,23.6,71.85000000000001,1007,177,818,0,941,29.200000000000003,121,2.2
2015,11,3,12,30,23.57,0.18,5.7,155,847,931,1,23.700000000000003,71.48,1006,155,847,0,931,29.400000000000002,125,2.3000000000000003
2015,11,3,13,30,33.35,0.18,5.6000000000000005,149,821,835,0,23.700000000000003,72,1005,149,821,0,835,29.3,129,2.4000000000000004
2015,11,3,14,30,45.94,0.18,5.6000000000000005,137,766,670,0,23.700000000000003,73.5,1005,137,766,0,670,28.900000000000002,133,2.5
2015,11,3,15,30,59.56,0.18,5.5,128,634,449,0,23.700000000000003,76.11,1005,128,634,0,449,28.3,137,2.4000000000000004
2015,11,3,16,30,73.63,0.18,5.5,88,433,210,0,23.900000000000002,80.45,1006,88,433,0,210,27.6,142,2.2
2015,11,3,17,30,87.74,0.18,5.5,14,25,15,2,24.3,86.86,1007,12,0,7,12,26.700000000000003,147,1.9000000000000001
2015,11,3,18,30,102.44,0.18,5.4,0,0,0,7,24.400000000000002,90.76,1007,0,0,0,0,26,149,1.9000000000000001
2015,11,3,19,30,116.92,0.18,5.4,0,0,0,7,24.3,92.24,1008,0,0,0,0,25.700000000000003,150,1.8
2015,11,3,20,30,131.37,0.18,5.4,0,0,0,3,24.3,93.03,1009,0,0,0,0,25.5,151,1.8
2015,11,3,21,30,145.66,0.18,5.4,0,0,0,7,24.200000000000003,94.26,1009,0,0,0,0,25.200000000000003,153,1.7000000000000002
2015,11,3,22,30,159.39000000000001,0.18,5.4,0,0,0,7,24.1,94.97,1009,0,0,0,0,25,155,1.6
2015,11,3,23,30,169.82,0.18,5.300000000000001,0,0,0,0,24.1,95.64,1008,0,0,0,0,24.8,159,1.6
2015,11,4,0,30,165.29,0.18,5.300000000000001,0,0,0,7,24,96.25,1007,0,0,0,0,24.6,163,1.5
2015,11,4,1,30,152.38,0.18,5.300000000000001,0,0,0,7,23.8,96.02,1007,0,0,0,0,24.5,165,1.5
2015,11,4,2,30,138.27,0.18,5.2,0,0,0,7,23.700000000000003,95.77,1006,0,0,0,0,24.400000000000002,167,1.5
2015,11,4,3,30,123.87,0.18,5.2,0,0,0,1,23.6,95.67,1006,0,0,0,0,24.3,169,1.5
2015,11,4,4,30,109.41,0.18,5.2,0,0,0,1,23.5,95.23,1007,0,0,0,0,24.3,170,1.5
2015,11,4,5,30,94.96000000000001,0.18,5.2,0,0,0,1,23.400000000000002,93.18,1007,0,0,0,0,24.6,173,1.6
2015,11,4,6,30,80.49,0.18,5.2,54,313,106,3,23.700000000000003,90.34,1008,6,0,0,6,25.400000000000002,176,1.8
2015,11,4,7,30,66.35,0.18,5.300000000000001,96,613,341,8,24.200000000000003,86.2,1009,159,425,0,330,26.700000000000003,178,2
2015,11,4,8,30,52.49,0.18,5.300000000000001,118,751,575,0,24.200000000000003,80.8,1009,118,751,0,575,27.8,178,2.2
2015,11,4,9,30,39.34,0.18,5.4,131,823,767,0,24.1,76.35000000000001,1009,131,823,0,767,28.700000000000003,179,2.4000000000000004
2015,11,4,10,30,27.93,0.18,5.4,138,860,898,0,24.200000000000003,74.29,1008,138,860,0,898,29.200000000000003,179,2.6
2015,11,4,11,30,21.29,0.18,5.4,141,876,956,0,24.200000000000003,73.26,1008,141,876,0,956,29.5,181,2.8000000000000003
2015,11,4,12,30,23.84,0.18,5.4,148,858,932,0,24.200000000000003,72.92,1007,148,858,0,932,29.6,183,3
2015,11,4,13,30,33.54,0.18,5.300000000000001,143,831,835,1,24.200000000000003,73.61,1006,143,831,0,835,29.400000000000002,185,3.1
2015,11,4,14,30,46.06,0.18,5.300000000000001,132,775,670,7,24.1,74.69,1006,180,704,0,668,29.1,188,3.1
2015,11,4,15,30,59.65,0.18,5.2,120,654,451,0,24.1,77.27,1006,120,654,0,451,28.5,192,3
2015,11,4,16,30,73.69,0.18,5.1000000000000005,85,449,211,3,24.200000000000003,81.21000000000001,1006,77,0,0,77,27.700000000000003,198,2.8000000000000003
2015,11,4,17,30,87.77,0.18,5,14,26,15,8,24.5,87.62,1007,14,26,5,15,26.700000000000003,203,2.5
2015,11,4,18,30,102.45,0.18,4.800000000000001,0,0,0,8,24.6,91.97,1008,0,0,0,0,26,205,2.3000000000000003
2015,11,4,19,30,116.91,0.18,4.7,0,0,0,8,24.6,94.04,1008,0,0,0,0,25.6,206,2.2
2015,11,4,20,30,131.33,0.18,4.6000000000000005,0,0,0,7,24.6,95.16,1009,0,0,0,0,25.400000000000002,206,2.1
2015,11,4,21,30,145.59,0.18,4.5,0,0,0,0,24.5,96.18,1009,0,0,0,0,25.200000000000003,206,2
2015,11,4,22,30,159.25,0.18,4.5,0,0,0,0,24.5,97.02,1008,0,0,0,0,25,207,1.9000000000000001
2015,11,4,23,30,169.53,0.18,4.5,0,0,0,0,24.400000000000002,97.34,1008,0,0,0,0,24.900000000000002,209,1.9000000000000001
2015,11,5,0,30,165.09,0.18,4.5,0,0,0,0,24.400000000000002,97.48,1007,0,0,0,0,24.8,215,1.8
2015,11,5,1,30,152.29,0.18,4.5,0,0,0,0,24.3,97.73,1007,0,0,0,0,24.700000000000003,221,1.8
2015,11,5,2,30,138.22,0.18,4.5,0,0,0,0,24.200000000000003,97.91,1007,0,0,0,0,24.6,228,1.8
2015,11,5,3,30,123.86,0.18,4.5,0,0,0,0,24.200000000000003,98.17,1007,0,0,0,0,24.5,232,1.9000000000000001
2015,11,5,4,30,109.42,0.18,4.6000000000000005,0,0,0,0,24.1,97.88,1007,0,0,0,0,24.5,235,2
2015,11,5,5,30,94.99,0.18,4.6000000000000005,0,0,0,0,24.1,96.52,1008,0,0,0,0,24.700000000000003,236,2
2015,11,5,6,30,80.54,0.18,4.7,62,228,99,0,24.3,93.46000000000001,1009,62,228,0,99,25.400000000000002,237,2.2
2015,11,5,7,30,66.42,0.18,4.800000000000001,118,528,330,0,24.6,89.18,1009,118,528,0,330,26.5,235,2.3000000000000003
2015,11,5,8,30,52.6,0.18,4.9,151,671,559,0,24.5,84.46000000000001,1010,151,671,0,559,27.400000000000002,231,2.2
2015,11,5,9,30,39.49,0.18,5,138,814,766,0,24.3,79,1010,138,814,0,766,28.3,226,1.9000000000000001
2015,11,5,10,30,28.150000000000002,0.18,5,143,855,897,0,24.1,75.27,1009,143,855,0,897,28.900000000000002,219,1.6
2015,11,5,11,30,21.6,0.18,5.1000000000000005,145,871,955,0,23.900000000000002,73.08,1008,145,871,0,955,29.200000000000003,211,1.5
2015,11,5,12,30,24.11,0.18,5.1000000000000005,212,760,906,0,23.700000000000003,71.58,1007,212,760,0,906,29.400000000000002,203,1.6
2015,11,5,13,30,33.72,0.18,5.1000000000000005,198,737,811,0,23.700000000000003,71.64,1007,198,737,0,811,29.400000000000002,195,1.7000000000000002
2015,11,5,14,30,46.18,0.18,5.1000000000000005,175,686,650,8,23.8,72.81,1006,273,506,7,623,29.200000000000003,188,1.9000000000000001
2015,11,5,15,30,59.730000000000004,0.18,5.1000000000000005,144,582,438,7,23.8,74.55,1006,256,178,0,346,28.8,185,2.1
2015,11,5,16,30,73.74,0.18,5.1000000000000005,97,375,203,7,24.1,79.35000000000001,1007,97,375,5,203,28,185,2.3000000000000003
2015,11,5,17,30,87.8,0.18,5,13,12,13,7,24.5,86.4,1007,13,12,5,13,27,188,2.3000000000000003
2015,11,5,18,30,102.46000000000001,0.18,5,0,0,0,0,24.700000000000003,90.26,1008,0,0,0,0,26.400000000000002,191,2.3000000000000003
2015,11,5,19,30,116.9,0.18,5,0,0,0,1,24.700000000000003,92.11,1009,0,0,0,0,26.1,194,2.4000000000000004
2015,11,5,20,30,131.29,0.18,5,0,0,0,0,24.700000000000003,93.34,1009,0,0,0,0,25.900000000000002,197,2.3000000000000003
2015,11,5,21,30,145.51,0.18,5.1000000000000005,0,0,0,0,24.700000000000003,94.37,1009,0,0,0,0,25.700000000000003,200,2.2
2015,11,5,22,30,159.11,0.18,5.1000000000000005,0,0,0,0,24.700000000000003,95.22,1009,0,0,0,0,25.5,202,2.1
2015,11,5,23,30,169.24,0.18,5.1000000000000005,0,0,0,0,24.6,95.91,1008,0,0,0,0,25.3,202,2
2015,11,6,0,30,164.9,0.18,5.1000000000000005,0,0,0,0,24.5,96.08,1008,0,0,0,0,25.200000000000003,203,1.9000000000000001
2015,11,6,1,30,152.20000000000002,0.18,5.1000000000000005,0,0,0,0,24.400000000000002,96.68,1007,0,0,0,0,25,204,1.8
2015,11,6,2,30,138.18,0.18,5.1000000000000005,0,0,0,0,24.3,96.69,1007,0,0,0,0,24.900000000000002,203,1.7000000000000002
2015,11,6,3,30,123.85000000000001,0.18,5,0,0,0,0,24.200000000000003,96.67,1007,0,0,0,0,24.8,204,1.6
2015,11,6,4,30,109.43,0.18,5,0,0,0,0,24.1,96.57000000000001,1007,0,0,0,0,24.700000000000003,206,1.6
2015,11,6,5,30,95.02,0.18,5,0,0,0,0,24,94.79,1008,0,0,0,0,24.900000000000002,209,1.6
2015,11,6,6,30,80.60000000000001,0.18,5,62,210,97,0,24.200000000000003,92.02,1008,62,210,0,97,25.6,214,1.8
2015,11,6,7,30,66.5,0.18,5,124,503,324,0,24.700000000000003,88.63,1009,124,503,0,324,26.700000000000003,215,1.9000000000000001
2015,11,6,8,30,52.71,0.18,5.1000000000000005,161,644,551,0,24.6,83.24,1009,161,644,0,551,27.700000000000003,211,1.7000000000000002
2015,11,6,9,30,39.65,0.18,5.2,186,719,739,0,24.3,77.03,1009,186,719,0,739,28.700000000000003,203,1.3
2015,11,6,10,30,28.38,0.18,5.2,202,757,868,0,23.900000000000002,72.02,1009,202,757,0,868,29.5,191,1.1
2015,11,6,11,30,21.900000000000002,0.18,5.300000000000001,210,770,924,1,23.900000000000002,70.31,1008,210,770,0,924,29.900000000000002,180,1.2000000000000002
2015,11,6,12,30,24.37,0.18,5.300000000000001,208,765,904,0,23.900000000000002,69.86,1007,208,765,0,904,30,171,1.5
2015,11,6,13,30,33.89,0.18,5.300000000000001,199,733,808,1,23.900000000000002,70.19,1006,199,733,0,808,29.900000000000002,166,1.7000000000000002
2015,11,6,14,30,46.300000000000004,0.18,5.4,185,667,645,0,23.900000000000002,71.46000000000001,1006,185,667,0,645,29.6,164,2
2015,11,6,15,30,59.81,0.18,5.4,177,490,423,0,23.900000000000002,74.18,1006,177,490,0,423,29,164,2.3000000000000003
2015,11,6,16,30,73.79,0.18,5.5,116,270,191,7,24.200000000000003,79.56,1006,157,71,0,177,28.1,167,2.4000000000000004
2015,11,6,17,30,87.82000000000001,0.18,5.5,9,2,9,8,24.6,85.96000000000001,1007,9,2,5,9,27.200000000000003,170,2.3000000000000003
2015,11,6,18,30,102.47,0.18,5.6000000000000005,0,0,0,3,24.900000000000002,90.82000000000001,1008,0,0,0,0,26.5,173,2.2
2015,11,6,19,30,116.88,0.18,5.6000000000000005,0,0,0,7,24.900000000000002,92.65,1008,0,0,0,0,26.200000000000003,177,2.1
2015,11,6,20,30,131.25,0.18,5.6000000000000005,0,0,0,3,24.900000000000002,93.93,1009,0,0,0,0,26,182,2
2015,11,6,21,30,145.43,0.18,5.6000000000000005,0,0,0,3,24.900000000000002,94.9,1009,0,0,0,0,25.8,187,1.9000000000000001
2015,11,6,22,30,158.96,0.18,5.6000000000000005,0,0,0,0,24.900000000000002,95.69,1008,0,0,0,0,25.6,191,1.9000000000000001
2015,11,6,23,30,168.96,0.18,5.6000000000000005,0,0,0,1,24.8,95.95,1008,0,0,0,0,25.5,195,1.8
2015,11,7,0,30,164.71,0.18,5.6000000000000005,0,0,0,3,24.700000000000003,96.15,1007,0,0,0,0,25.400000000000002,198,1.8
2015,11,7,1,30,152.11,0.18,5.5,0,0,0,6,24.700000000000003,96.44,1007,0,0,0,0,25.3,199,1.8
2015,11,7,2,30,138.14000000000001,0.18,5.5,0,0,0,6,24.6,96.64,1006,0,0,0,0,25.200000000000003,199,1.8
2015,11,7,3,30,123.84,0.18,5.5,0,0,0,6,24.6,96.87,1006,0,0,0,0,25.1,196,1.8
2015,11,7,4,30,109.44,0.18,5.4,0,0,0,6,24.5,97.06,1007,0,0,0,0,25,194,1.8
2015,11,7,5,30,95.05,0.18,5.4,0,0,0,6,24.400000000000002,95.98,1007,0,0,0,0,25.1,191,1.8
2015,11,7,6,30,80.65,0.18,5.4,70,69,81,6,24.6,93.75,1008,3,0,0,3,25.700000000000003,189,2
2015,11,7,7,30,66.58,0.18,5.4,174,315,299,7,24.900000000000002,91.18,1008,75,1,0,76,26.5,186,2.1
2015,11,7,8,30,52.82,0.18,5.5,228,480,518,7,24.900000000000002,86.54,1009,286,47,0,314,27.3,180,2
2015,11,7,9,30,39.81,0.18,5.6000000000000005,268,570,706,7,24.5,80.61,1008,409,143,0,519,28.200000000000003,170,1.8
2015,11,7,10,30,28.61,0.18,5.6000000000000005,279,636,838,8,24.3,77.01,1008,459,152,0,592,28.700000000000003,159,1.7000000000000002
2015,11,7,11,30,22.19,0.18,5.7,274,675,899,4,24,74.59,1007,373,2,0,375,29,153,1.7000000000000002
2015,11,7,12,30,24.63,0.18,5.7,260,684,883,4,23.900000000000002,74.32000000000001,1007,345,1,0,346,28.900000000000002,154,1.8
2015,11,7,13,30,34.07,0.18,5.7,238,668,791,5,23.8,75.02,1006,425,53,0,469,28.700000000000003,158,1.9000000000000001
2015,11,7,14,30,46.410000000000004,0.18,5.7,208,618,634,3,23.900000000000002,76.61,1006,394,80,0,449,28.400000000000002,163,1.9000000000000001
2015,11,7,15,30,59.88,0.18,5.7,165,520,426,8,24,79.07000000000001,1006,256,97,0,304,28,170,2
2015,11,7,16,30,73.83,0.18,5.6000000000000005,107,322,197,7,24.3,82.98,1006,144,57,7,159,27.400000000000002,177,1.9000000000000001
2015,11,7,17,30,87.84,0.18,5.6000000000000005,11,6,11,8,24.6,88.91,1007,5,0,7,5,26.6,184,1.8
2015,11,7,18,30,102.47,0.18,5.5,0,0,0,4,24.700000000000003,92.59,1007,0,0,0,0,26,188,1.8
2015,11,7,19,30,116.86,0.18,5.5,0,0,0,3,24.700000000000003,93.46000000000001,1008,0,0,0,0,25.8,189,1.8
2015,11,7,20,30,131.2,0.18,5.4,0,0,0,5,24.6,94.26,1008,0,0,0,0,25.6,188,1.7000000000000002
2015,11,7,21,30,145.35,0.18,5.4,0,0,0,4,24.5,94.97,1008,0,0,0,0,25.400000000000002,186,1.7000000000000002
2015,11,7,22,30,158.81,0.18,5.4,0,0,0,3,24.400000000000002,95.5,1008,0,0,0,0,25.200000000000003,185,1.7000000000000002
2015,11,7,23,30,168.67000000000002,0.18,5.300000000000001,0,0,0,0,24.3,95.98,1007,0,0,0,0,25,187,1.6
2015,11,8,0,30,164.52,0.18,5.300000000000001,0,0,0,0,24.200000000000003,96.07000000000001,1007,0,0,0,0,24.900000000000002,192,1.6
2015,11,8,1,30,152.03,0.18,5.300000000000001,0,0,0,0,24.1,96.10000000000001,1007,0,0,0,0,24.8,201,1.7000000000000002
2015,11,8,2,30,138.1,0.18,5.300000000000001,0,0,0,0,24,96.14,1007,0,0,0,0,24.700000000000003,211,1.7000000000000002
2015,11,8,3,30,123.83,0.18,5.300000000000001,0,0,0,4,24,96.28,1007,0,0,0,0,24.6,220,1.7000000000000002
2015,11,8,4,30,109.45,0.18,5.300000000000001,0,0,0,4,23.900000000000002,95.83,1007,0,0,0,0,24.6,225,1.7000000000000002
2015,11,8,5,30,95.09,0.18,5.300000000000001,0,0,0,4,23.8,94.88,1008,0,0,0,0,24.700000000000003,226,1.6
2015,11,8,6,30,80.71000000000001,0.18,5.300000000000001,67,153,91,3,24.1,92.3,1009,10,0,0,10,25.400000000000002,224,1.7000000000000002
2015,11,8,7,30,66.66,0.18,5.300000000000001,139,444,315,0,24.5,89.18,1009,139,444,0,315,26.400000000000002,220,1.7000000000000002
2015,11,8,8,30,52.94,0.18,5.4,180,600,541,0,24.400000000000002,83.91,1010,180,600,0,541,27.400000000000002,212,1.6
2015,11,8,9,30,39.97,0.18,5.4,203,689,730,0,24.1,77.38,1010,203,689,0,730,28.400000000000002,203,1.5
2015,11,8,10,30,28.84,0.18,5.4,214,738,861,0,23.8,73.13,1009,214,738,0,861,29.1,193,1.5
2015,11,8,11,30,22.48,0.18,5.4,219,758,919,0,23.700000000000003,71.06,1008,219,758,0,919,29.5,187,1.7000000000000002
2015,11,8,12,30,24.88,0.18,5.4,232,729,893,0,23.700000000000003,70.67,1008,232,729,0,893,29.6,185,2
2015,11,8,13,30,34.24,0.18,5.4,219,701,798,0,23.700000000000003,71.18,1007,219,701,0,798,29.5,185,2.2
2015,11,8,14,30,46.52,0.18,5.4,197,640,638,0,23.700000000000003,72.08,1007,197,640,0,638,29.3,188,2.4000000000000004
2015,11,8,15,30,59.95,0.18,5.4,157,544,430,0,23.900000000000002,74.69,1007,157,544,0,430,28.8,193,2.4000000000000004
2015,11,8,16,30,73.87,0.18,5.4,104,338,198,0,24.1,79.49,1008,104,338,0,198,28,197,2.3000000000000003
2015,11,8,17,30,87.86,0.18,5.4,11,7,12,7,24.6,86.19,1009,10,0,7,10,27.1,201,2.1
2015,11,8,18,30,102.46000000000001,0.18,5.4,0,0,0,7,24.700000000000003,90.49,1009,0,0,0,0,26.400000000000002,204,2
2015,11,8,19,30,116.83,0.18,5.4,0,0,0,7,24.700000000000003,91.46000000000001,1010,0,0,0,0,26.200000000000003,205,2
2015,11,8,20,30,131.15,0.18,5.4,0,0,0,7,24.700000000000003,92.37,1010,0,0,0,0,26,205,2
2015,11,8,21,30,145.26,0.18,5.4,0,0,0,7,24.6,93.28,1010,0,0,0,0,25.8,204,1.9000000000000001
2015,11,8,22,30,158.66,0.18,5.4,0,0,0,7,24.6,94.26,1010,0,0,0,0,25.6,202,1.9000000000000001
2015,11,8,23,30,168.39000000000001,0.18,5.300000000000001,0,0,0,7,24.6,94.66,1010,0,0,0,0,25.5,201,1.9000000000000001
2015,11,9,0,30,164.33,0.18,5.300000000000001,0,0,0,8,24.5,95.47,1009,0,0,0,0,25.3,198,1.9000000000000001
2015,11,9,1,30,151.94,0.18,5.300000000000001,0,0,0,0,24.5,95.65,1008,0,0,0,0,25.200000000000003,193,1.8
2015,11,9,2,30,138.07,0.18,5.300000000000001,0,0,0,0,24.400000000000002,96,1008,0,0,0,0,25.1,189,1.8
2015,11,9,3,30,123.82000000000001,0.18,5.300000000000001,0,0,0,0,24.400000000000002,96.35000000000001,1008,0,0,0,0,25,189,1.8
2015,11,9,4,30,109.47,0.18,5.300000000000001,0,0,0,0,24.400000000000002,96.22,1009,0,0,0,0,25,194,1.8
2015,11,9,5,30,95.12,0.18,5.300000000000001,0,0,0,0,24.3,95.54,1010,0,0,0,0,25.1,201,1.8
2015,11,9,6,30,80.77,0.18,5.300000000000001,64,178,93,0,24.5,93.47,1010,64,178,0,93,25.6,205,1.9000000000000001
2015,11,9,7,30,66.75,0.18,5.2,128,487,320,0,24.900000000000002,91.42,1011,128,487,0,320,26.400000000000002,204,2.1
2015,11,9,8,30,53.06,0.18,5.2,159,650,550,0,24.900000000000002,88.27,1011,159,650,0,550,27,198,2
2015,11,9,9,30,40.14,0.18,5.1000000000000005,175,741,742,0,24.6,83.15,1011,175,741,0,742,27.700000000000003,190,1.9000000000000001
2015,11,9,10,30,29.07,0.18,5.1000000000000005,181,793,874,0,24.3,79.2,1010,181,793,0,874,28.200000000000003,184,1.8
2015,11,9,11,30,22.77,0.18,5.1000000000000005,181,817,934,3,24.1,76.99,1009,414,8,0,422,28.5,178,1.9000000000000001
2015,11,9,12,30,25.12,0.18,5.1000000000000005,253,698,886,0,24,76.62,1009,253,698,0,886,28.5,173,2
2015,11,9,13,30,34.4,0.18,5.1000000000000005,237,673,792,0,23.900000000000002,76.86,1008,237,673,0,792,28.400000000000002,169,2.1
2015,11,9,14,30,46.63,0.18,5.1000000000000005,210,616,633,7,24,78.26,1008,211,611,0,631,28.1,168,2.2
2015,11,9,15,30,60.02,0.18,5.1000000000000005,170,509,424,7,24,80.3,1008,263,124,0,325,27.700000000000003,173,2.2
2015,11,9,16,30,73.91,0.18,5.1000000000000005,110,302,194,6,24.200000000000003,84.64,1009,49,1,0,50,27,180,2
2015,11,9,17,30,87.87,0.18,5.1000000000000005,10,4,10,7,24.5,89.97,1009,8,0,7,8,26.3,187,1.9000000000000001
2015,11,9,18,30,102.45,0.18,5.1000000000000005,0,0,0,7,24.6,92.54,1010,0,0,0,0,25.900000000000002,194,1.9000000000000001
2015,11,9,19,30,116.8,0.18,5.1000000000000005,0,0,0,7,24.6,93.63,1010,0,0,0,0,25.700000000000003,201,1.9000000000000001
2015,11,9,20,30,131.09,0.18,5.1000000000000005,0,0,0,7,24.6,94.11,1011,0,0,0,0,25.6,208,1.9000000000000001
2015,11,9,21,30,145.17000000000002,0.18,5.1000000000000005,0,0,0,7,24.5,94.41,1011,0,0,0,0,25.5,215,1.8
2015,11,9,22,30,158.5,0.18,5.1000000000000005,0,0,0,3,24.5,94.52,1010,0,0,0,0,25.400000000000002,223,1.8
2015,11,9,23,30,168.11,0.18,5.2,0,0,0,7,24.400000000000002,95.29,1010,0,0,0,0,25.200000000000003,232,1.7000000000000002
2015,11,10,0,30,164.15,0.18,5.2,0,0,0,1,24.3,95.38,1009,0,0,0,0,25.1,239,1.7000000000000002
2015,11,10,1,30,151.86,0.18,5.2,0,0,0,0,24.200000000000003,95.35000000000001,1008,0,0,0,0,25,244,1.6
2015,11,10,2,30,138.03,0.18,5.2,0,0,0,0,24.1,95.95,1008,0,0,0,0,24.8,246,1.6
2015,11,10,3,30,123.82000000000001,0.18,5.2,0,0,0,0,24,96.14,1008,0,0,0,0,24.700000000000003,247,1.6
2015,11,10,4,30,109.49000000000001,0.18,5.2,0,0,0,0,24,96.32000000000001,1008,0,0,0,0,24.6,247,1.6
2015,11,10,5,30,95.17,0.18,5.300000000000001,0,0,0,0,23.900000000000002,95.3,1009,0,0,0,0,24.700000000000003,247,1.5
2015,11,10,6,30,80.83,0.18,5.300000000000001,66,145,89,0,24.1,92.9,1009,66,145,0,89,25.3,248,1.6
2015,11,10,7,30,66.84,0.18,5.300000000000001,140,436,312,0,24.5,90.86,1010,140,436,0,312,26.1,247,1.6
2015,11,10,8,30,53.18,0.18,5.300000000000001,180,597,538,0,24.5,85.31,1010,180,597,0,538,27.200000000000003,240,1.4000000000000001
2015,11,10,9,30,40.300000000000004,0.18,5.300000000000001,203,687,727,0,24.1,78,1010,203,687,0,727,28.3,225,1.1
2015,11,10,10,30,29.3,0.18,5.300000000000001,214,739,858,0,23.700000000000003,71.83,1009,214,739,0,858,29.3,203,1.1
2015,11,10,11,30,23.05,0.18,5.2,215,764,918,0,23.5,68.52,1008,215,764,0,918,29.900000000000002,185,1.3
2015,11,10,12,30,25.37,0.18,5.2,176,815,913,0,23.400000000000002,67.58,1007,176,815,0,913,30.1,176,1.7000000000000002
2015,11,10,13,30,34.56,0.18,5.2,165,794,819,0,23.5,67.94,1007,165,794,0,819,30.1,175,2.1
2015,11,10,14,30,46.730000000000004,0.18,5.1000000000000005,147,745,658,0,23.6,69.52,1006,147,745,0,658,29.8,177,2.4000000000000004
2015,11,10,15,30,60.08,0.18,5.1000000000000005,162,531,427,0,23.8,72.68,1006,162,531,0,427,29.200000000000003,181,2.6
2015,11,10,16,30,73.95,0.18,5.1000000000000005,108,317,195,0,24.1,78.04,1007,108,317,0,195,28.3,187,2.6
2015,11,10,17,30,87.88,0.18,5.1000000000000005,10,5,11,0,24.6,85.68,1007,10,5,0,11,27.200000000000003,191,2.4000000000000004
2015,11,10,18,30,102.44,0.18,5.1000000000000005,0,0,0,0,24.8,90.2,1008,0,0,0,0,26.5,193,2.3000000000000003
2015,11,10,19,30,116.77,0.18,5.1000000000000005,0,0,0,0,24.8,92.12,1009,0,0,0,0,26.200000000000003,194,2.3000000000000003
2015,11,10,20,30,131.03,0.18,5.1000000000000005,0,0,0,0,24.8,93.31,1009,0,0,0,0,26,195,2.2
2015,11,10,21,30,145.08,0.18,5.1000000000000005,0,0,0,0,24.8,94.4,1010,0,0,0,0,25.8,198,2.1
2015,11,10,22,30,158.34,0.18,5.1000000000000005,0,0,0,1,24.8,95.14,1009,0,0,0,0,25.6,202,2
2015,11,10,23,30,167.84,0.18,5.1000000000000005,0,0,0,0,24.700000000000003,95.17,1009,0,0,0,0,25.5,205,1.9000000000000001
2015,11,11,0,30,163.97,0.18,5.1000000000000005,0,0,0,0,24.5,95.04,1008,0,0,0,0,25.400000000000002,209,1.9000000000000001
2015,11,11,1,30,151.78,0.18,5,0,0,0,0,24.400000000000002,95.42,1007,0,0,0,0,25.200000000000003,210,1.9000000000000001
2015,11,11,2,30,138,0.18,5,0,0,0,0,24.3,95.36,1007,0,0,0,0,25.1,211,1.9000000000000001
2015,11,11,3,30,123.82000000000001,0.18,4.9,0,0,0,0,24.200000000000003,95.23,1006,0,0,0,0,25,212,1.8
2015,11,11,4,30,109.52,0.18,4.9,0,0,0,0,24.1,95.29,1007,0,0,0,0,24.900000000000002,214,1.7000000000000002
2015,11,11,5,30,95.21000000000001,0.18,4.800000000000001,0,0,0,0,24,94.02,1007,0,0,0,0,25,217,1.6
2015,11,11,6,30,80.9,0.18,4.800000000000001,64,152,88,0,24.1,90.54,1008,64,152,0,88,25.8,220,1.5
2015,11,11,7,30,66.93,0.18,4.800000000000001,136,449,312,0,24.6,87.83,1008,136,449,0,312,26.8,216,1.4000000000000001
2015,11,11,8,30,53.300000000000004,0.18,4.800000000000001,175,610,539,0,24.3,81.44,1008,175,610,0,539,27.8,198,1.2000000000000002
2015,11,11,9,30,40.47,0.18,4.9,157,771,744,0,23.900000000000002,74.84,1008,157,771,0,744,28.8,170,1.2000000000000002
2015,11,11,10,30,29.53,0.18,4.9,168,811,874,0,23.6,70.77,1008,168,811,0,874,29.5,150,1.3
2015,11,11,11,30,23.330000000000002,0.18,5,177,822,931,0,23.400000000000002,68.38,1007,177,822,0,931,29.900000000000002,144,1.5
2015,11,11,12,30,25.6,0.18,5,215,754,895,0,23.3,66.86,1006,215,754,0,895,30.1,146,1.6
2015,11,11,13,30,34.72,0.18,5,207,720,799,0,23.200000000000003,66.53,1005,207,720,0,799,30.1,150,1.7000000000000002
2015,11,11,14,30,46.83,0.18,5,190,653,637,0,23.200000000000003,67.6,1005,190,653,0,637,29.8,155,1.8
2015,11,11,15,30,60.14,0.18,4.9,159,536,426,0,23.200000000000003,69.92,1005,159,536,0,426,29.3,162,1.8
2015,11,11,16,30,73.98,0.18,4.9,106,316,194,6,23.6,74.74,1005,107,10,0,109,28.5,169,1.8
2015,11,11,17,30,87.89,0.18,4.9,10,5,10,6,24.1,82.87,1006,7,0,7,7,27.3,175,1.8
2015,11,11,18,30,102.43,0.18,4.9,0,0,0,7,24.3,87.28,1006,0,0,0,0,26.6,180,1.9000000000000001
2015,11,11,19,30,116.73,0.18,4.9,0,0,0,7,24.400000000000002,89.24,1007,0,0,0,0,26.3,184,1.9000000000000001
2015,11,11,20,30,130.97,0.18,4.800000000000001,0,0,0,7,24.400000000000002,91.16,1007,0,0,0,0,26,186,1.9000000000000001
2015,11,11,21,30,144.98,0.18,4.800000000000001,0,0,0,7,24.5,92.38,1008,0,0,0,0,25.8,188,1.9000000000000001
2015,11,11,22,30,158.18,0.18,4.800000000000001,0,0,0,8,24.5,93.41,1007,0,0,0,0,25.6,191,1.9000000000000001
2015,11,11,23,30,167.57,0.18,4.800000000000001,0,0,0,0,24.400000000000002,93.85000000000001,1007,0,0,0,0,25.5,197,1.8
2015,11,12,0,30,163.79,0.19,4.800000000000001,0,0,0,0,24.400000000000002,94.83,1006,0,0,0,0,25.3,206,1.8
2015,11,12,1,30,151.71,0.19,4.800000000000001,0,0,0,0,24.400000000000002,95.21000000000001,1005,0,0,0,0,25.200000000000003,216,1.8
2015,11,12,2,30,137.98,0.19,4.800000000000001,0,0,0,0,24.400000000000002,96.21000000000001,1005,0,0,0,0,25,226,1.9000000000000001
2015,11,12,3,30,123.82000000000001,0.19,4.800000000000001,0,0,0,0,24.3,96.72,1005,0,0,0,0,24.900000000000002,234,1.9000000000000001
2015,11,12,4,30,109.54,0.19,4.800000000000001,0,0,0,0,24.400000000000002,97.39,1006,0,0,0,0,24.8,239,2
2015,11,12,5,30,95.26,0.19,4.9,0,0,0,0,24.3,96.68,1006,0,0,0,0,24.900000000000002,242,2
2015,11,12,6,30,80.97,0.19,5,64,139,86,0,24.400000000000002,92.79,1007,64,139,0,86,25.700000000000003,244,2.1
2015,11,12,7,30,67.02,0.19,5,141,427,308,0,24.6,87.16,1008,141,427,0,308,26.900000000000002,243,2
2015,11,12,8,30,53.43,0.19,5,181,593,534,0,24.400000000000002,81.17,1008,181,593,0,534,27.900000000000002,240,1.6
2015,11,12,9,30,40.64,0.19,5,202,688,724,0,24.200000000000003,75.67,1008,202,688,0,724,28.900000000000002,234,1.1
2015,11,12,10,30,29.76,0.19,5,212,741,856,0,23.900000000000002,71.01,1007,212,741,0,856,29.700000000000003,207,0.7000000000000001
2015,11,12,11,30,23.61,0.19,5,215,764,915,2,23.900000000000002,68.59,1006,484,83,0,560,30.3,175,0.8
2015,11,12,12,30,25.84,0.19,5,170,826,913,2,23.900000000000002,67.32000000000001,1005,465,86,0,543,30.6,163,1.2000000000000002
2015,11,12,13,30,34.87,0.19,5,164,796,817,8,23.8,66.99,1005,254,647,7,785,30.6,162,1.6
2015,11,12,14,30,46.92,0.19,5,153,732,653,6,23.700000000000003,67.51,1004,202,4,0,205,30.400000000000002,162,1.9000000000000001
2015,11,12,15,30,60.19,0.19,5,182,469,415,6,23.700000000000003,69.43,1005,160,6,0,163,29.900000000000002,163,2.1
2015,11,12,16,30,74,0.19,4.9,116,256,187,7,23.900000000000002,74.38,1005,161,79,0,183,28.900000000000002,165,2.1
2015,11,12,17,30,87.89,0.19,4.9,7,2,7,0,24.400000000000002,82.32000000000001,1006,7,2,0,7,27.700000000000003,169,2.1
2015,11,12,18,30,102.41,0.19,4.800000000000001,0,0,0,0,24.6,87.17,1007,0,0,0,0,26.900000000000002,171,2.1
2015,11,12,19,30,116.69,0.19,4.7,0,0,0,0,24.700000000000003,89.61,1008,0,0,0,0,26.5,171,2.1
2015,11,12,20,30,130.9,0.19,4.7,0,0,0,0,24.700000000000003,92.21000000000001,1008,0,0,0,0,26.1,170,2
2015,11,12,21,30,144.87,0.19,4.6000000000000005,0,0,0,0,24.8,94.15,1009,0,0,0,0,25.8,169,1.9000000000000001
2015,11,12,22,30,158.01,0.19,4.5,0,0,0,0,24.8,95.07000000000001,1008,0,0,0,0,25.6,171,1.8
2015,11,12,23,30,167.3,0.19,4.5,0,0,0,0,24.700000000000003,96.48,1008,0,0,0,0,25.3,177,1.7000000000000002
2015,11,13,0,30,163.61,0.19,4.4,0,0,0,0,24.6,97.24000000000001,1007,0,0,0,0,25.1,186,1.7000000000000002
2015,11,13,1,30,151.63,0.19,4.3,0,0,0,0,24.6,97.59,1007,0,0,0,0,25,197,1.7000000000000002
2015,11,13,2,30,137.95000000000002,0.19,4.3,0,0,0,0,24.6,97.93,1007,0,0,0,0,24.900000000000002,208,1.7000000000000002
2015,11,13,3,30,123.83,0.19,4.2,0,0,0,0,24.5,98.18,1007,0,0,0,0,24.8,218,1.8
2015,11,13,4,30,109.57000000000001,0.19,4.3,0,0,0,0,24.400000000000002,98.49000000000001,1008,0,0,0,0,24.700000000000003,225,1.8
2015,11,13,5,30,95.31,0.19,4.3,0,0,0,0,24.400000000000002,97.01,1008,0,0,0,0,24.900000000000002,233,1.8
2015,11,13,6,30,81.04,0.19,4.3,63,61,73,0,24.5,93.11,1009,63,61,0,73,25.700000000000003,240,1.9000000000000001
2015,11,13,7,30,67.12,0.19,4.4,171,298,287,0,24.700000000000003,87.41,1010,171,298,0,287,27,245,1.8
2015,11,13,8,30,53.56,0.19,4.5,233,462,507,0,24.5,80.62,1010,233,462,0,507,28.200000000000003,251,1.4000000000000001
2015,11,13,9,30,40.81,0.19,4.5,268,563,694,0,24.200000000000003,73.51,1010,268,563,0,694,29.400000000000002,263,1
2015,11,13,10,30,29.98,0.19,4.5,287,620,824,0,23.6,67.19,1009,287,620,0,824,30.400000000000002,275,0.7000000000000001
2015,11,13,11,30,23.88,0.19,4.5,295,641,881,0,23.200000000000003,62.93,1008,295,641,0,881,31.1,263,0.6000000000000001
2015,11,13,12,30,26.060000000000002,0.19,4.5,336,566,845,0,22.8,60.01,1007,336,566,0,845,31.5,225,0.6000000000000001
2015,11,13,13,30,35.02,0.19,4.5,321,524,750,0,22.6,58.46,1006,321,524,0,750,31.700000000000003,198,0.9
2015,11,13,14,30,47.01,0.19,4.5,289,443,591,0,22.6,59.13,1006,289,443,0,591,31.6,193,1.2000000000000002
2015,11,13,15,30,60.24,0.19,4.5,263,199,361,0,23,62.190000000000005,1006,263,199,0,361,31.1,194,1.6
2015,11,13,16,30,74.02,0.19,4.5,126,53,141,0,23.1,66.25,1006,126,53,0,141,30.1,196,2.1
2015,11,13,17,30,87.89,0.19,4.6000000000000005,0,0,0,0,24.5,78.13,1007,0,0,0,0,28.700000000000003,199,2.4000000000000004
2015,11,13,18,30,102.38,0.19,4.6000000000000005,0,0,0,0,24.900000000000002,84.9,1007,0,0,0,0,27.700000000000003,203,2.5
2015,11,13,19,30,116.64,0.19,4.6000000000000005,0,0,0,0,25.1,87.64,1008,0,0,0,0,27.3,208,2.4000000000000004
2015,11,13,20,30,130.83,0.19,4.6000000000000005,0,0,0,0,25.200000000000003,90.37,1009,0,0,0,0,26.900000000000002,213,2.3000000000000003
2015,11,13,21,30,144.77,0.19,4.6000000000000005,0,0,0,0,25.200000000000003,91.68,1009,0,0,0,0,26.700000000000003,217,2.2
2015,11,13,22,30,157.85,0.19,4.5,0,0,0,0,25.200000000000003,92.98,1008,0,0,0,0,26.400000000000002,220,2.2
2015,11,13,23,30,167.04,0.19,4.4,0,0,0,0,25.200000000000003,94.04,1008,0,0,0,0,26.200000000000003,223,2.2
2015,11,14,0,30,163.44,0.18,4.3,0,0,0,0,25.1,95.59,1007,0,0,0,0,25.900000000000002,226,2.2
2015,11,14,1,30,151.56,0.18,4.3,0,0,0,0,25.1,96.42,1007,0,0,0,0,25.700000000000003,229,2.3000000000000003
2015,11,14,2,30,137.93,0.18,4.2,0,0,0,0,25,97.13,1007,0,0,0,0,25.5,232,2.4000000000000004
2015,11,14,3,30,123.84,0.18,4.1000000000000005,0,0,0,0,24.900000000000002,97.58,1007,0,0,0,0,25.3,234,2.4000000000000004
2015,11,14,4,30,109.60000000000001,0.18,4.1000000000000005,0,0,0,0,24.700000000000003,97.92,1007,0,0,0,0,25.1,236,2.4000000000000004
2015,11,14,5,30,95.36,0.18,4,0,0,0,0,24.6,97,1008,0,0,0,0,25.1,239,2.5
2015,11,14,6,30,81.11,0.18,4,50,12,52,0,24.5,94.37,1009,50,12,0,52,25.5,242,2.7
2015,11,14,7,30,67.22,0.18,4,203,153,263,0,24.400000000000002,88.52,1009,203,153,0,263,26.5,244,2.9000000000000004
2015,11,14,8,30,53.68,0.18,4,302,300,480,0,24.200000000000003,81.26,1010,302,300,0,480,27.700000000000003,247,2.9000000000000004
2015,11,14,9,30,40.980000000000004,0.18,4,302,510,687,3,23.8,73.97,1009,486,109,0,568,28.900000000000002,250,2.7
2015,11,14,10,30,30.21,0.18,4,323,570,816,7,23.400000000000002,67.99,1009,491,208,0,671,29.900000000000002,253,2.4000000000000004
2015,11,14,11,30,24.14,0.18,4.1000000000000005,330,596,874,7,23.200000000000003,64.65,1008,480,341,0,791,30.6,252,2.1
2015,11,14,12,30,26.28,0.18,4.1000000000000005,377,512,836,0,23,62.46,1007,377,512,0,836,31,247,1.9000000000000001
2015,11,14,13,30,35.160000000000004,0.18,4.2,354,477,743,0,22.8,60.870000000000005,1006,354,477,0,743,31.200000000000003,238,1.9000000000000001
2015,11,14,14,30,47.1,0.18,4.3,311,405,587,0,22.700000000000003,61.1,1006,311,405,0,587,31.1,229,2
2015,11,14,15,30,60.29,0.18,4.3,244,283,384,0,22.900000000000002,63.14,1006,244,283,0,384,30.700000000000003,222,2.2
2015,11,14,16,30,74.04,0.18,4.4,134,106,163,0,23.1,67.81,1007,134,106,0,163,29.700000000000003,217,2.5
2015,11,14,17,30,87.88,0.18,4.5,2,0,2,0,24.200000000000003,77.92,1008,2,0,0,2,28.400000000000002,214,2.7
2015,11,14,18,30,102.36,0.18,4.6000000000000005,0,0,0,7,24.5,84.42,1008,0,0,0,0,27.400000000000002,213,2.9000000000000004
2015,11,14,19,30,116.59,0.18,4.7,0,0,0,8,24.8,87.75,1009,0,0,0,0,27,213,3.1
2015,11,14,20,30,130.76,0.18,4.800000000000001,0,0,0,1,25,90.32000000000001,1010,0,0,0,0,26.700000000000003,213,3.1
2015,11,14,21,30,144.66,0.18,4.9,0,0,0,1,25,92.27,1010,0,0,0,0,26.400000000000002,215,3
2015,11,14,22,30,157.68,0.18,4.9,0,0,0,8,25,93.19,1009,0,0,0,0,26.200000000000003,217,2.9000000000000004
2015,11,14,23,30,166.78,0.18,4.9,0,0,0,0,25,94.01,1009,0,0,0,0,26,219,2.9000000000000004
2015,11,15,0,30,163.27,0.18,4.9,0,0,0,3,24.900000000000002,94.73,1008,0,0,4,0,25.8,222,2.8000000000000003
2015,11,15,1,30,151.49,0.18,4.800000000000001,0,0,0,7,24.8,95.42,1007,0,0,4,0,25.6,225,2.7
2015,11,15,2,30,137.91,0.18,4.800000000000001,0,0,0,8,24.8,95.65,1007,0,0,4,0,25.5,228,2.7
2015,11,15,3,30,123.85000000000001,0.18,4.7,0,0,0,8,24.700000000000003,95.81,1007,0,0,4,0,25.400000000000002,230,2.7
2015,11,15,4,30,109.64,0.18,4.7,0,0,0,8,24.6,96.03,1007,0,0,4,0,25.3,233,2.6
2015,11,15,5,30,95.42,0.18,4.6000000000000005,0,0,0,8,24.6,95.8,1008,0,0,4,0,25.3,235,2.6
2015,11,15,6,30,81.19,0.18,4.6000000000000005,62,43,68,8,24.6,93.28,1008,66,1,4,66,25.8,238,2.8000000000000003
2015,11,15,7,30,67.32000000000001,0.18,4.6000000000000005,177,276,283,8,24.8,89.41,1009,208,45,4,226,26.700000000000003,240,3.1
2015,11,15,8,30,53.82,0.18,4.6000000000000005,237,453,505,8,24.700000000000003,84.47,1009,330,128,4,405,27.6,243,3.1
2015,11,15,9,30,41.15,0.18,4.7,270,559,691,8,24.5,78.84,1009,403,230,4,577,28.5,247,3
2015,11,15,10,30,30.43,0.18,4.9,288,616,819,8,24.1,73.84,1009,428,335,4,717,29.3,251,2.8000000000000003
2015,11,15,11,30,24.400000000000002,0.18,5,298,639,880,8,23.900000000000002,70.60000000000001,1008,431,382,4,779,29.8,252,2.6
2015,11,15,12,30,26.5,0.18,5.1000000000000005,286,645,864,8,23.700000000000003,68.58,1007,447,350,4,760,30.1,250,2.3000000000000003
2015,11,15,13,30,35.300000000000004,0.18,5.2,271,612,770,8,23.5,67.65,1006,403,306,4,652,30.1,243,2.2
2015,11,15,14,30,47.18,0.18,5.300000000000001,243,544,613,8,23.400000000000002,68.11,1006,365,180,4,488,29.900000000000002,235,2.2
2015,11,15,15,30,60.33,0.18,5.300000000000001,208,393,403,8,23.400000000000002,69.69,1006,271,81,4,311,29.5,228,2.4000000000000004
2015,11,15,16,30,74.05,0.18,5.300000000000001,124,193,177,8,23.6,73.83,1006,129,16,4,133,28.700000000000003,224,2.6
2015,11,15,17,30,87.87,0.18,5.2,5,1,5,8,24.400000000000002,82.72,1007,5,1,5,5,27.6,223,2.7
2015,11,15,18,30,102.33,0.18,5.2,0,0,0,8,24.400000000000002,86.29,1007,0,0,4,0,26.900000000000002,223,2.8000000000000003
2015,11,15,19,30,116.54,0.18,5.1000000000000005,0,0,0,8,24.400000000000002,88.36,1008,0,0,4,0,26.5,223,2.8000000000000003
2015,11,15,20,30,130.68,0.18,5.1000000000000005,0,0,0,8,24.5,90.22,1008,0,0,4,0,26.200000000000003,224,2.7
2015,11,15,21,30,144.55,0.18,5,0,0,0,8,24.5,92.10000000000001,1008,0,0,4,0,25.900000000000002,224,2.5
2015,11,15,22,30,157.51,0.18,4.9,0,0,0,8,24.5,93.31,1008,0,0,4,0,25.700000000000003,225,2.3000000000000003
2015,11,15,23,30,166.52,0.18,4.800000000000001,0,0,0,8,24.5,94.91,1007,0,0,4,0,25.400000000000002,226,2.2
2015,11,16,0,30,163.11,0.18,4.800000000000001,0,0,0,6,24.5,96.07000000000001,1007,0,0,8,0,25.200000000000003,228,2.2
2015,11,16,1,30,151.43,0.18,4.7,0,0,0,6,24.5,96.48,1006,0,0,8,0,25.1,231,2.1
2015,11,16,2,30,137.9,0.18,4.7,0,0,0,6,24.5,97.51,1006,0,0,8,0,24.900000000000002,234,2.1
2015,11,16,3,30,123.86,0.18,4.6000000000000005,0,0,0,6,24.400000000000002,98.47,1006,0,0,8,0,24.700000000000003,237,2.1
2015,11,16,4,30,109.68,0.18,4.6000000000000005,0,0,0,6,24.400000000000002,98.71000000000001,1006,0,0,8,0,24.6,241,2.1
2015,11,16,5,30,95.48,0.18,4.5,0,0,0,6,24.3,97.8,1007,0,0,8,0,24.700000000000003,245,2.1
2015,11,16,6,30,81.27,0.18,4.5,63,87,77,6,24.400000000000002,93.39,1007,16,0,8,16,25.5,249,2.3000000000000003
2015,11,16,7,30,67.42,0.18,4.4,155,367,295,6,24.5,87.03,1008,42,0,8,42,26.8,250,2.5
2015,11,16,8,30,53.95,0.18,4.4,201,542,520,6,24.200000000000003,79.51,1008,80,0,8,80,28.1,249,2.3000000000000003
2015,11,16,9,30,41.32,0.18,4.5,212,670,715,6,23.700000000000003,72.5,1008,114,0,8,115,29.200000000000003,245,1.8
2015,11,16,10,30,30.650000000000002,0.18,4.6000000000000005,224,722,845,6,23.5,67.71000000000001,1007,97,0,8,98,30.1,236,1.5
2015,11,16,11,30,24.66,0.18,4.7,228,743,903,6,23.200000000000003,64.72,1006,75,0,8,75,30.6,222,1.4000000000000001
2015,11,16,12,30,26.71,0.18,4.800000000000001,316,597,849,6,23,63.17,1006,62,0,8,62,30.8,210,1.6
2015,11,16,13,30,35.43,0.18,4.9,298,563,757,6,22.900000000000002,63.33,1005,46,0,8,46,30.700000000000003,202,2
2015,11,16,14,30,47.26,0.18,5,267,489,599,6,23,64.59,1004,36,0,8,36,30.400000000000002,198,2.4000000000000004
2015,11,16,15,30,60.370000000000005,0.18,5,214,367,396,6,23.1,67.93,1005,28,0,8,28,29.700000000000003,197,2.7
2015,11,16,16,30,74.07000000000001,0.18,5.1000000000000005,127,172,174,6,23.400000000000002,73.11,1005,15,0,8,15,28.700000000000003,198,2.9000000000000004
2015,11,16,17,30,87.86,0.18,5.1000000000000005,5,1,5,6,24,81.66,1006,4,0,8,4,27.400000000000002,201,2.9000000000000004
2015,11,16,18,30,102.29,0.18,5.1000000000000005,0,0,0,6,24.3,87.32000000000001,1006,0,0,8,0,26.6,204,2.9000000000000004
2015,11,16,19,30,116.49000000000001,0.18,5.2,0,0,0,6,24.5,90.49,1007,0,0,8,0,26.200000000000003,206,2.9000000000000004
2015,11,16,20,30,130.6,0.18,5.2,0,0,0,6,24.700000000000003,92.28,1007,0,0,8,0,26,209,2.8000000000000003
2015,11,16,21,30,144.43,0.18,5.2,0,0,0,6,24.700000000000003,93.28,1008,0,0,8,0,25.900000000000002,211,2.6
2015,11,16,22,30,157.34,0.18,5.2,0,0,0,6,24.700000000000003,94.26,1007,0,0,8,0,25.700000000000003,213,2.5
2015,11,16,23,30,166.27,0.18,5.300000000000001,0,0,0,6,24.700000000000003,94.78,1007,0,0,8,0,25.6,215,2.4000000000000004
2015,11,17,0,30,162.95000000000002,0.18,5.300000000000001,0,0,0,6,24.700000000000003,95.14,1006,0,0,8,0,25.5,217,2.3000000000000003
2015,11,17,1,30,151.37,0.18,5.300000000000001,0,0,0,6,24.6,95.57000000000001,1006,0,0,8,0,25.400000000000002,220,2.2
2015,11,17,2,30,137.88,0.18,5.300000000000001,0,0,0,6,24.6,95.79,1005,0,0,8,0,25.3,222,2.2
2015,11,17,3,30,123.88000000000001,0.18,5.300000000000001,0,0,0,6,24.6,95.71000000000001,1005,0,0,8,0,25.3,225,2.2
2015,11,17,4,30,109.72,0.18,5.300000000000001,0,0,0,6,24.6,96.31,1006,0,0,8,0,25.200000000000003,228,2.2
2015,11,17,5,30,95.54,0.18,5.300000000000001,0,0,0,6,24.5,95.60000000000001,1006,0,0,8,0,25.3,232,2.3000000000000003
2015,11,17,6,30,81.35000000000001,0.18,5.2,60,69,71,6,24.6,94.29,1007,6,0,8,6,25.6,239,2.6
2015,11,17,7,30,67.53,0.18,5.2,163,322,286,6,24.700000000000003,90.98,1008,12,0,8,12,26.3,243,2.8000000000000003
2015,11,17,8,30,54.08,0.18,5.2,214,503,508,6,24.6,85.55,1008,27,0,8,27,27.200000000000003,245,2.8000000000000003
2015,11,17,9,30,41.49,0.18,5.2,240,609,696,6,24.1,78.45,1008,34,0,8,34,28.200000000000003,246,2.4000000000000004
2015,11,17,10,30,30.87,0.18,5.2,254,667,826,6,23.700000000000003,72.2,1008,36,0,8,36,29.200000000000003,242,1.8
2015,11,17,11,30,24.91,0.18,5.1000000000000005,260,690,886,6,23.5,68.75,1007,42,0,8,42,29.900000000000002,229,1.4000000000000001
2015,11,17,12,30,26.92,0.18,5.1000000000000005,245,704,873,6,23.5,66.89,1006,40,0,8,40,30.3,211,1.4000000000000001
2015,11,17,13,30,35.56,0.18,5,224,689,784,6,23.3,66.15,1005,31,0,8,31,30.3,197,1.6
2015,11,17,14,30,47.33,0.18,5,195,639,629,6,23.200000000000003,66.76,1004,27,0,8,28,30.1,194,1.8
2015,11,17,15,30,60.410000000000004,0.18,5,171,490,413,6,23.3,69.15,1004,25,0,8,25,29.6,195,1.9000000000000001
2015,11,17,16,30,74.07000000000001,0.18,5,109,285,188,6,23.5,72.53,1005,19,0,8,19,28.900000000000002,198,1.8
2015,11,17,17,30,87.85000000000001,0.18,5,9,6,9,6,23.900000000000002,79.41,1005,5,0,8,5,27.8,201,1.7000000000000002
2015,11,17,18,30,102.26,0.18,5,0,0,0,6,24.400000000000002,85.83,1006,0,0,8,0,27,202,1.6
2015,11,17,19,30,116.43,0.18,4.9,0,0,0,6,24.400000000000002,87.96000000000001,1007,0,0,8,0,26.6,203,1.6
2015,11,17,20,30,130.52,0.18,4.800000000000001,0,0,0,6,24.400000000000002,90.10000000000001,1007,0,0,8,0,26.200000000000003,203,1.5
2015,11,17,21,30,144.32,0.18,4.800000000000001,0,0,0,6,24.400000000000002,91.41,1007,0,0,8,0,25.900000000000002,205,1.5
2015,11,17,22,30,157.16,0.18,4.7,0,0,0,6,24.3,92.13,1007,0,0,8,0,25.700000000000003,207,1.5
2015,11,17,23,30,166.02,0.18,4.7,0,0,0,6,24.3,92.93,1006,0,0,8,0,25.5,211,1.6
2015,11,18,0,30,162.79,0.18,4.7,0,0,0,0,24.200000000000003,94.35000000000001,1006,0,0,1,0,25.200000000000003,215,1.7000000000000002
2015,11,18,1,30,151.31,0.18,4.7,0,0,0,0,24.1,94.99,1005,0,0,1,0,25,216,1.9000000000000001
2015,11,18,2,30,137.87,0.18,4.7,0,0,0,0,24.1,95.39,1005,0,0,1,0,24.900000000000002,213,2
2015,11,18,3,30,123.9,0.18,4.7,0,0,0,0,24.1,95.93,1005,0,0,1,0,24.8,207,2.1
2015,11,18,4,30,109.76,0.18,4.7,0,0,0,0,24.1,96.43,1005,0,0,1,0,24.700000000000003,200,2.2
2015,11,18,5,30,95.60000000000001,0.18,4.7,0,0,0,0,24.1,95.33,1006,0,0,1,0,24.900000000000002,197,2.3000000000000003
2015,11,18,6,30,81.43,0.18,4.7,58,174,83,0,24.3,92.60000000000001,1006,58,174,1,83,25.6,198,2.5
2015,11,18,7,30,67.63,0.18,4.7,124,474,305,0,24.6,87.85000000000001,1007,124,474,1,305,26.8,198,2.6
2015,11,18,8,30,54.22,0.18,4.7,162,630,530,0,24.400000000000002,80.68,1007,162,630,1,530,28,194,2.3000000000000003
2015,11,18,9,30,41.660000000000004,0.18,4.800000000000001,170,742,724,0,23.900000000000002,73.34,1007,170,742,1,724,29.200000000000003,183,1.9000000000000001
2015,11,18,10,30,31.09,0.18,4.800000000000001,183,784,854,0,23.6,68.26,1006,183,784,1,854,30.1,168,1.8
2015,11,18,11,30,25.16,0.18,4.800000000000001,190,797,912,0,23.5,65.92,1005,190,797,1,912,30.6,156,2.1
2015,11,18,12,30,27.11,0.18,4.800000000000001,203,769,888,0,23.5,65.31,1004,203,769,0,888,30.8,149,2.5
2015,11,18,13,30,35.68,0.18,4.800000000000001,197,737,796,0,23.6,65.75,1003,197,737,0,796,30.700000000000003,147,2.8000000000000003
2015,11,18,14,30,47.4,0.18,4.800000000000001,183,668,635,0,23.6,67,1003,183,668,0,635,30.400000000000002,147,3
2015,11,18,15,30,60.44,0.18,4.9,155,545,424,0,23.6,69.99,1003,155,545,0,424,29.700000000000003,153,2.9000000000000004
2015,11,18,16,30,74.07000000000001,0.18,4.9,104,331,195,0,23.8,74.99,1004,104,331,0,195,28.700000000000003,162,2.6
2015,11,18,17,30,87.83,0.18,5,10,11,11,0,24.200000000000003,82,1005,10,11,0,11,27.6,175,2.2
2015,11,18,18,30,102.22,0.18,5,0,0,0,0,24.6,87.64,1006,0,0,0,0,26.8,189,2
2015,11,18,19,30,116.37,0.18,5,0,0,0,0,24.700000000000003,90.52,1006,0,0,0,0,26.400000000000002,204,1.9000000000000001
2015,11,18,20,30,130.43,0.18,5,0,0,0,0,24.8,92.76,1007,0,0,0,0,26.1,215,1.8
2015,11,18,21,30,144.20000000000002,0.18,5,0,0,0,0,24.900000000000002,94.08,1007,0,0,0,0,25.900000000000002,222,1.8
2015,11,18,22,30,156.99,0.18,5,0,0,0,0,24.900000000000002,95.64,1006,0,0,0,0,25.6,225,1.8
2015,11,18,23,30,165.78,0.18,5.1000000000000005,0,0,0,0,24.8,96.60000000000001,1006,0,0,0,0,25.400000000000002,226,1.8
2015,11,19,0,30,162.64000000000001,0.19,5.1000000000000005,0,0,0,0,24.700000000000003,96.75,1005,0,0,0,0,25.3,226,1.8
2015,11,19,1,30,151.25,0.19,5.1000000000000005,0,0,0,0,24.700000000000003,97.51,1005,0,0,0,0,25.1,226,1.8
2015,11,19,2,30,137.87,0.19,5.1000000000000005,0,0,0,0,24.6,97.69,1005,0,0,0,0,25,225,1.9000000000000001
2015,11,19,3,30,123.93,0.19,5.1000000000000005,0,0,0,0,24.5,97.88,1005,0,0,0,0,24.900000000000002,225,1.9000000000000001
2015,11,19,4,30,109.81,0.19,5.2,0,0,0,0,24.5,98.09,1005,0,0,0,0,24.8,223,1.8
2015,11,19,5,30,95.67,0.19,5.2,0,0,0,0,24.400000000000002,97.16,1006,0,0,0,0,24.900000000000002,222,1.8
2015,11,19,6,30,81.52,0.19,5.2,59,152,81,0,24.6,93.96000000000001,1007,59,152,0,81,25.6,218,1.9000000000000001
2015,11,19,7,30,67.74,0.19,5.1000000000000005,128,451,299,0,24.8,89.34,1007,128,451,0,299,26.700000000000003,212,1.9000000000000001
2015,11,19,8,30,54.35,0.19,5.1000000000000005,166,615,524,0,24.6,81.87,1008,166,615,0,524,28,205,1.5
2015,11,19,9,30,41.84,0.19,5.1000000000000005,187,706,713,0,24.200000000000003,74.58,1007,187,706,0,713,29.200000000000003,193,1.1
2015,11,19,10,30,31.310000000000002,0.19,5,200,754,844,0,23.8,69.18,1006,200,754,0,844,30.1,178,1
2015,11,19,11,30,25.400000000000002,0.19,5,204,774,904,1,23.900000000000002,67.02,1005,204,774,0,904,30.700000000000003,168,1.1
2015,11,19,12,30,27.310000000000002,0.19,5,157,843,906,0,23.700000000000003,65.75,1005,157,843,0,906,30.900000000000002,164,1.5
2015,11,19,13,30,35.800000000000004,0.19,5,151,815,812,0,23.700000000000003,65.46000000000001,1004,151,815,0,812,30.900000000000002,165,1.9000000000000001
2015,11,19,14,30,47.46,0.19,5,142,754,652,0,23.700000000000003,66.63,1004,142,754,0,652,30.6,168,2.3000000000000003
2015,11,19,15,30,60.46,0.19,5,150,563,427,0,23.700000000000003,69.09,1004,150,563,0,427,30,170,2.5
2015,11,19,16,30,74.07000000000001,0.19,5,102,344,196,0,23.8,73.36,1005,102,344,0,196,29.1,174,2.6
2015,11,19,17,30,87.81,0.19,5,11,10,11,0,24.400000000000002,81.22,1006,11,10,0,11,27.900000000000002,178,2.5
2015,11,19,18,30,102.17,0.19,4.9,0,0,0,0,24.700000000000003,86.88,1007,0,0,0,0,27.1,181,2.4000000000000004
2015,11,19,19,30,116.3,0.19,4.9,0,0,0,1,24.8,89.59,1007,0,0,0,0,26.700000000000003,184,2.3000000000000003
2015,11,19,20,30,130.34,0.19,4.800000000000001,0,0,0,0,25,91.76,1008,0,0,0,0,26.400000000000002,187,2.2
2015,11,19,21,30,144.07,0.19,4.800000000000001,0,0,0,0,25,93.46000000000001,1007,0,0,0,0,26.1,190,2
2015,11,19,22,30,156.82,0.19,4.800000000000001,0,0,0,0,24.900000000000002,94.97,1007,0,0,0,0,25.8,194,1.8
2015,11,19,23,30,165.54,0.19,4.7,0,0,0,0,24.900000000000002,95.77,1006,0,0,0,0,25.6,199,1.8
2015,11,20,0,30,162.49,0.19,4.7,0,0,0,0,24.8,96.54,1006,0,0,0,0,25.400000000000002,205,1.7000000000000002
2015,11,20,1,30,151.20000000000002,0.19,4.7,0,0,0,0,24.700000000000003,97.21000000000001,1005,0,0,0,0,25.200000000000003,209,1.7000000000000002
2015,11,20,2,30,137.86,0.19,4.6000000000000005,0,0,0,0,24.700000000000003,97.36,1005,0,0,0,0,25.1,210,1.7000000000000002
2015,11,20,3,30,123.95,0.19,4.6000000000000005,0,0,0,0,24.6,98.15,1005,0,0,0,0,24.900000000000002,208,1.7000000000000002
2015,11,20,4,30,109.86,0.19,4.6000000000000005,0,0,0,0,24.5,98.48,1006,0,0,0,0,24.8,208,1.7000000000000002
2015,11,20,5,30,95.74000000000001,0.19,4.6000000000000005,0,0,0,0,24.5,97.54,1006,0,0,0,0,24.900000000000002,210,1.8
2015,11,20,6,30,81.61,0.19,4.6000000000000005,60,113,77,0,24.6,93.34,1007,60,113,0,77,25.8,213,1.9000000000000001
2015,11,20,7,30,67.85,0.19,4.6000000000000005,141,398,291,0,24.900000000000002,88.54,1007,141,398,0,291,27,214,1.9000000000000001
2015,11,20,8,30,54.49,0.19,4.7,188,564,516,0,24.6,80.55,1008,188,564,0,516,28.3,212,1.6
2015,11,20,9,30,42.01,0.19,4.7,233,623,697,0,24,72.45,1008,233,623,0,697,29.5,207,1.2000000000000002
2015,11,20,10,30,31.52,0.19,4.7,250,677,827,0,23.400000000000002,66,1007,250,677,0,827,30.5,200,1.1
2015,11,20,11,30,25.63,0.19,4.7,256,699,886,2,23.3,63.68,1006,498,105,0,593,31,194,1.1
2015,11,20,12,30,27.5,0.19,4.7,298,624,851,0,23.3,62.43,1005,298,624,0,851,31.3,189,1.3
2015,11,20,13,30,35.92,0.19,4.7,285,586,759,0,23.200000000000003,62.17,1005,285,586,0,759,31.3,185,1.6
2015,11,20,14,30,47.52,0.19,4.7,258,511,603,0,23.200000000000003,63.22,1004,258,511,0,603,31,182,2
2015,11,20,15,30,60.480000000000004,0.19,4.7,210,384,399,0,23.200000000000003,65.57000000000001,1004,210,384,0,399,30.400000000000002,181,2.4000000000000004
2015,11,20,16,30,74.07000000000001,0.19,4.7,128,174,176,0,23.400000000000002,70.44,1005,128,174,0,176,29.3,183,2.6
2015,11,20,17,30,87.78,0.19,4.7,4,0,4,0,24.1,79.33,1005,4,0,0,4,28,187,2.7
2015,11,20,18,30,102.12,0.19,4.7,0,0,0,7,24.400000000000002,85.23,1006,0,0,0,0,27.1,190,2.6
2015,11,20,19,30,116.23,0.19,4.7,0,0,0,7,24.6,88.77,1007,0,0,0,0,26.6,193,2.6
2015,11,20,20,30,130.25,0.19,4.7,0,0,0,7,24.8,91.86,1007,0,0,0,0,26.200000000000003,196,2.5
2015,11,20,21,30,143.95000000000002,0.19,4.6000000000000005,0,0,0,7,24.900000000000002,94.07000000000001,1007,0,0,0,0,25.900000000000002,202,2.3000000000000003
2015,11,20,22,30,156.64000000000001,0.19,4.6000000000000005,0,0,0,8,24.900000000000002,95.34,1007,0,0,0,0,25.700000000000003,207,2.2
2015,11,20,23,30,165.31,0.19,4.5,0,0,0,7,24.900000000000002,96.33,1006,0,0,0,0,25.5,209,2.1
2015,11,21,0,30,162.35,0.19,4.5,0,0,0,8,24.8,97.22,1005,0,0,0,0,25.3,207,2
2015,11,21,1,30,151.15,0.19,4.4,0,0,0,0,24.700000000000003,97.92,1005,0,0,0,0,25.1,207,2
2015,11,21,2,30,137.86,0.19,4.4,0,0,0,3,24.700000000000003,98.07000000000001,1005,0,0,0,0,25,210,2
2015,11,21,3,30,123.98,0.19,4.4,0,0,0,0,24.6,97.54,1005,0,0,0,0,25,214,2.1
2015,11,21,4,30,109.91,0.19,4.4,0,0,0,0,24.5,97.25,1005,0,0,0,0,25,218,2.1
2015,11,21,5,30,95.81,0.19,4.4,0,0,0,1,24.5,96.63,1006,0,0,0,0,25.1,221,2
2015,11,21,6,30,81.7,0.19,4.3,52,19,55,0,24.6,94.35000000000001,1006,52,19,0,55,25.6,224,2
2015,11,21,7,30,67.97,0.19,4.3,190,191,261,0,24.8,89.86,1007,190,191,0,261,26.6,224,2.1
2015,11,21,8,30,54.63,0.19,4.3,278,341,476,0,24.5,82.88,1007,278,341,0,476,27.700000000000003,220,1.9000000000000001
2015,11,21,9,30,42.18,0.19,4.3,359,387,647,0,23.900000000000002,74.22,1006,359,387,0,647,29,208,1.5
2015,11,21,10,30,31.73,0.19,4.3,393,446,773,0,23.6,68.43,1006,393,446,0,773,30,190,1.3
2015,11,21,11,30,25.86,0.19,4.3,405,475,832,2,23.5,65.88,1005,511,47,0,553,30.6,175,1.4000000000000001
2015,11,21,12,30,27.68,0.19,4.4,375,515,831,0,23.6,65.57000000000001,1004,375,515,0,831,30.8,168,1.6
2015,11,21,13,30,36.02,0.19,4.5,348,488,743,0,23.5,65.63,1003,348,488,0,743,30.700000000000003,166,2
2015,11,21,14,30,47.57,0.19,4.5,305,422,590,1,23.5,66.63,1003,305,422,0,590,30.400000000000002,168,2.3000000000000003
2015,11,21,15,30,60.5,0.19,4.6000000000000005,239,307,390,0,23.5,68.84,1003,239,307,0,390,29.8,172,2.6
2015,11,21,16,30,74.06,0.19,4.7,136,126,171,7,23.6,73.75,1004,136,126,5,171,28.8,176,2.6
2015,11,21,17,30,87.75,0.19,4.7,3,0,3,7,24.1,81.41,1004,3,0,5,3,27.6,180,2.4000000000000004
2015,11,21,18,30,102.07000000000001,0.19,4.800000000000001,0,0,0,7,24.5,87.11,1005,0,0,0,0,26.8,184,2.3000000000000003
2015,11,21,19,30,116.16,0.19,4.9,0,0,0,0,24.6,89.95,1006,0,0,0,0,26.400000000000002,187,2.2
2015,11,21,20,30,130.16,0.19,4.9,0,0,0,0,24.700000000000003,91.96000000000001,1006,0,0,0,0,26.1,190,2
2015,11,21,21,30,143.83,0.19,4.9,0,0,0,0,24.700000000000003,93.79,1007,0,0,0,0,25.8,197,1.9000000000000001
2015,11,21,22,30,156.47,0.19,4.9,0,0,0,0,24.700000000000003,94.69,1006,0,0,0,0,25.6,204,1.9000000000000001
2015,11,21,23,30,165.08,0.19,4.800000000000001,0,0,0,0,24.700000000000003,95.66,1006,0,0,0,0,25.400000000000002,212,1.9000000000000001
2015,11,22,0,30,162.21,0.19,4.800000000000001,0,0,0,0,24.6,96.45,1005,0,0,0,0,25.200000000000003,221,1.9000000000000001
2015,11,22,1,30,151.11,0.19,4.800000000000001,0,0,0,0,24.5,96.71000000000001,1005,0,0,0,0,25.1,229,2
2015,11,22,2,30,137.86,0.19,4.7,0,0,0,0,24.400000000000002,97.32000000000001,1004,0,0,0,0,24.900000000000002,234,2
2015,11,22,3,30,124.01,0.19,4.7,0,0,0,0,24.3,97.32000000000001,1004,0,0,0,0,24.8,237,2
2015,11,22,4,30,109.96000000000001,0.19,4.6000000000000005,0,0,0,0,24.200000000000003,97.87,1004,0,0,0,0,24.6,238,1.9000000000000001
2015,11,22,5,30,95.88,0.19,4.6000000000000005,0,0,0,0,24.1,96.08,1004,0,0,0,0,24.8,239,1.9000000000000001
2015,11,22,6,30,81.79,0.19,4.6000000000000005,59,64,68,0,24.3,92.97,1005,59,64,0,68,25.5,242,1.9000000000000001
2015,11,22,7,30,68.08,0.19,4.6000000000000005,159,325,280,0,24.5,88.47,1005,159,325,0,280,26.6,246,2
2015,11,22,8,30,54.77,0.19,4.6000000000000005,215,494,500,0,24.200000000000003,80.05,1006,215,494,0,500,28,253,1.9000000000000001
2015,11,22,9,30,42.35,0.19,4.7,251,588,685,0,23.700000000000003,71.46000000000001,1006,251,588,0,685,29.400000000000002,258,1.6
2015,11,22,10,30,31.94,0.19,4.7,271,640,814,0,23.5,66.67,1005,271,640,0,814,30.400000000000002,250,1.2000000000000002
2015,11,22,11,30,26.09,0.19,4.800000000000001,277,664,873,0,23.200000000000003,63.4,1004,277,664,0,873,31,223,1
2015,11,22,12,30,27.85,0.19,4.800000000000001,349,543,829,1,23,61.36,1004,349,543,0,829,31.3,198,1.2000000000000002
2015,11,22,13,30,36.13,0.19,4.9,334,499,737,2,23,61.88,1003,480,67,0,534,31.200000000000003,189,1.7000000000000002
2015,11,22,14,30,47.62,0.19,4.9,301,418,583,0,23.1,63.68,1003,301,418,0,583,30.8,187,2
2015,11,22,15,30,60.52,0.19,5,255,237,371,0,23.3,66.49,1003,255,237,0,371,30.200000000000003,187,2.3000000000000003
2015,11,22,16,30,74.05,0.19,5.1000000000000005,133,78,155,0,23.5,71.53,1003,133,78,0,155,29.200000000000003,188,2.5
2015,11,22,17,30,87.72,0.19,5.2,1,0,1,0,24.200000000000003,79.77,1004,1,0,0,1,28,193,2.5
2015,11,22,18,30,102.02,0.19,5.2,0,0,0,7,24.6,85.06,1005,0,0,0,0,27.3,199,2.5
2015,11,22,19,30,116.09,0.19,5.300000000000001,0,0,0,7,24.700000000000003,87.63,1006,0,0,0,0,26.900000000000002,205,2.5
2015,11,22,20,30,130.06,0.19,5.300000000000001,0,0,0,0,24.8,89.94,1006,0,0,0,0,26.6,210,2.4000000000000004
2015,11,22,21,30,143.70000000000002,0.19,5.300000000000001,0,0,0,0,24.900000000000002,91.51,1007,0,0,0,0,26.400000000000002,214,2.4000000000000004
2015,11,22,22,30,156.29,0.19,5.300000000000001,0,0,0,7,24.900000000000002,92.07000000000001,1006,0,0,0,0,26.3,219,2.3000000000000003
2015,11,22,23,30,164.85,0.19,5.300000000000001,0,0,0,7,24.900000000000002,93.08,1006,0,0,0,0,26.1,222,2.3000000000000003
2015,11,23,0,30,162.08,0.19,5.300000000000001,0,0,0,7,24.8,93.9,1005,0,0,0,0,25.900000000000002,225,2.2
2015,11,23,1,30,151.07,0.19,5.2,0,0,0,8,24.8,94.02,1004,0,0,0,0,25.8,226,2.1
2015,11,23,2,30,137.87,0.19,5.2,0,0,0,0,24.700000000000003,94.2,1004,0,0,0,0,25.700000000000003,226,2
2015,11,23,3,30,124.05,0.19,5.2,0,0,0,1,24.6,95.03,1004,0,0,0,0,25.5,226,2
2015,11,23,4,30,110.02,0.19,5.2,0,0,0,0,24.6,95.46000000000001,1005,0,0,0,0,25.400000000000002,225,1.9000000000000001
2015,11,23,5,30,95.96000000000001,0.19,5.300000000000001,0,0,0,0,24.6,94.76,1006,0,0,0,0,25.5,224,1.9000000000000001
2015,11,23,6,30,81.88,0.19,5.300000000000001,47,14,49,3,24.700000000000003,92.8,1006,47,14,5,49,26,224,2
2015,11,23,7,30,68.2,0.19,5.300000000000001,187,182,254,4,25,89.84,1007,59,0,0,59,26.8,223,2.1
2015,11,23,8,30,54.910000000000004,0.19,5.300000000000001,271,346,469,4,24.900000000000002,84.08,1007,268,8,0,272,27.8,221,1.9000000000000001
2015,11,23,9,30,42.52,0.19,5.4,280,526,667,3,24.400000000000002,77.25,1007,409,53,0,448,28.8,220,1.7000000000000002
2015,11,23,10,30,32.14,0.19,5.4,302,582,795,3,24,71.64,1006,505,94,0,584,29.700000000000003,217,1.4000000000000001
2015,11,23,11,30,26.310000000000002,0.19,5.4,316,599,852,7,23.900000000000002,69.63,1005,312,582,0,833,30.1,211,1.3
2015,11,23,12,30,28.02,0.19,5.5,378,499,819,0,23.900000000000002,68.76,1005,378,499,0,819,30.3,204,1.5
2015,11,23,13,30,36.230000000000004,0.19,5.5,362,454,729,2,23.8,68.7,1004,537,115,0,630,30.200000000000003,201,1.9000000000000001
2015,11,23,14,30,47.67,0.19,5.5,322,379,577,0,23.8,69.81,1004,322,379,0,577,29.900000000000002,201,2.2
2015,11,23,15,30,60.53,0.19,5.5,251,262,380,1,23.900000000000002,72.15,1004,251,262,0,380,29.400000000000002,203,2.4000000000000004
2015,11,23,16,30,74.03,0.19,5.6000000000000005,136,98,163,0,24.1,77.17,1005,136,98,0,163,28.5,206,2.5
2015,11,23,17,30,87.68,0.19,5.6000000000000005,2,0,2,0,24.700000000000003,84.72,1006,2,0,0,2,27.5,210,2.3000000000000003
2015,11,23,18,30,101.96000000000001,0.19,5.6000000000000005,0,0,0,7,25,89.62,1007,0,0,0,0,26.900000000000002,212,2.3000000000000003
2015,11,23,19,30,116.01,0.19,5.6000000000000005,0,0,0,0,25.1,91.27,1007,0,0,0,0,26.6,215,2.4000000000000004
2015,11,23,20,30,129.96,0.19,5.6000000000000005,0,0,0,0,25.1,92.62,1008,0,0,0,0,26.400000000000002,219,2.4000000000000004
2015,11,23,21,30,143.57,0.19,5.5,0,0,0,0,25.1,93.7,1008,0,0,0,0,26.200000000000003,223,2.3000000000000003
2015,11,23,22,30,156.12,0.19,5.5,0,0,0,0,25.1,94.54,1007,0,0,0,0,26,225,2.3000000000000003
2015,11,23,23,30,164.64000000000001,0.19,5.5,0,0,0,0,25,94.85000000000001,1007,0,0,0,0,25.900000000000002,227,2.3000000000000003
2015,11,24,0,30,161.95000000000002,0.19,5.4,0,0,0,3,25,95.66,1007,0,0,0,0,25.700000000000003,230,2.3000000000000003
2015,11,24,1,30,151.03,0.19,5.4,0,0,0,7,24.900000000000002,95.77,1006,0,0,0,0,25.6,233,2.3000000000000003
2015,11,24,2,30,137.88,0.19,5.300000000000001,0,0,0,7,24.8,96.49000000000001,1006,0,0,0,0,25.400000000000002,235,2.3000000000000003
2015,11,24,3,30,124.09,0.19,5.300000000000001,0,0,0,3,24.700000000000003,96.65,1006,0,0,0,0,25.3,235,2.2
2015,11,24,4,30,110.08,0.19,5.300000000000001,0,0,0,8,24.700000000000003,97.01,1007,0,0,0,0,25.200000000000003,234,2.2
2015,11,24,5,30,96.04,0.19,5.300000000000001,0,0,0,7,24.6,96.07000000000001,1007,0,0,0,0,25.3,234,2.1
2015,11,24,6,30,81.98,0.19,5.300000000000001,53,40,59,3,24.8,94.06,1008,53,0,7,53,25.8,235,2.2
2015,11,24,7,30,68.31,0.19,5.300000000000001,171,254,265,0,25,90.11,1009,171,254,0,265,26.8,235,2.3000000000000003
2015,11,24,8,30,55.050000000000004,0.19,5.300000000000001,240,422,482,0,25,84.21000000000001,1009,240,422,0,482,27.900000000000002,235,2.2
2015,11,24,9,30,42.69,0.19,5.300000000000001,277,530,667,0,24.6,76.67,1008,277,530,0,667,29.1,233,1.8
2015,11,24,10,30,32.35,0.19,5.300000000000001,297,591,796,0,24.3,71.58,1008,297,591,0,796,30,221,1.3
2015,11,24,11,30,26.52,0.19,5.2,306,615,856,1,24.3,69.47,1007,306,615,0,856,30.5,200,1.1
2015,11,24,12,30,28.19,0.19,5.2,288,634,846,0,24,67.18,1006,288,634,0,846,30.8,181,1.4000000000000001
2015,11,24,13,30,36.32,0.19,5.1000000000000005,276,597,757,0,23.900000000000002,67.19,1006,276,597,0,757,30.700000000000003,172,1.9000000000000001
2015,11,24,14,30,47.71,0.19,5.1000000000000005,248,528,603,0,23.900000000000002,68.7,1006,248,528,0,603,30.3,167,2.5
2015,11,24,15,30,60.53,0.19,5,189,445,408,0,24,72.18,1006,189,445,0,408,29.5,166,2.8000000000000003
2015,11,24,16,30,74.01,0.19,5,120,237,185,0,24.400000000000002,78.75,1007,120,237,0,185,28.400000000000002,168,2.9000000000000004
2015,11,24,17,30,87.64,0.19,4.9,8,3,8,0,24.8,85.14,1007,8,3,0,8,27.5,170,2.7
2015,11,24,18,30,101.9,0.19,4.800000000000001,0,0,0,8,25,89.23,1008,0,0,0,0,26.900000000000002,169,2.5
2015,11,24,19,30,115.93,0.19,4.800000000000001,0,0,0,1,25.1,91.45,1008,0,0,0,0,26.6,166,2.4000000000000004
2015,11,24,20,30,129.86,0.19,4.7,0,0,0,0,25.200000000000003,93.07000000000001,1009,0,0,0,0,26.400000000000002,162,2.3000000000000003
2015,11,24,21,30,143.44,0.19,4.7,0,0,0,0,25.200000000000003,94.23,1008,0,0,0,0,26.200000000000003,159,2.1
2015,11,24,22,30,155.95000000000002,0.19,4.7,0,0,0,0,25.200000000000003,94.67,1008,0,0,0,0,26.1,159,2
2015,11,24,23,30,164.42000000000002,0.19,4.7,0,0,0,0,25.200000000000003,95.65,1008,0,0,0,0,25.900000000000002,160,1.9000000000000001
2015,11,25,0,30,161.83,0.19,4.7,0,0,0,0,25.1,95.93,1007,0,0,0,0,25.8,163,1.8
2015,11,25,1,30,151,0.19,4.800000000000001,0,0,0,0,25,96.15,1006,0,0,0,0,25.700000000000003,165,1.8
2015,11,25,2,30,137.89000000000001,0.19,4.800000000000001,0,0,0,0,25,96.46000000000001,1006,0,0,0,0,25.6,168,1.8
2015,11,25,3,30,124.13000000000001,0.19,5,0,0,0,0,24.900000000000002,96.66,1006,0,0,0,0,25.5,172,1.8
2015,11,25,4,30,110.14,0.19,5.1000000000000005,0,0,0,0,24.900000000000002,96.5,1007,0,0,0,0,25.5,176,1.8
2015,11,25,5,30,96.12,0.19,5.2,0,0,0,0,24.900000000000002,95.74000000000001,1007,0,0,0,0,25.6,178,1.8
2015,11,25,6,30,82.08,0.19,5.300000000000001,54,106,69,0,25,92.97,1008,54,106,0,69,26.200000000000003,179,1.8
2015,11,25,7,30,68.43,0.19,5.4,137,394,281,0,25.400000000000002,91.05,1008,137,394,0,281,27,178,1.8
2015,11,25,8,30,55.19,0.19,5.4,181,564,503,0,25.3,86.31,1009,181,564,0,503,27.8,171,1.6
2015,11,25,9,30,42.86,0.19,5.4,175,722,704,0,24.8,79.77,1009,175,722,0,704,28.6,155,1.4000000000000001
2015,11,25,10,30,32.54,0.19,5.4,185,772,836,2,24.3,74.33,1008,436,66,0,491,29.3,136,1.3
2015,11,25,11,30,26.73,0.19,5.4,190,791,897,1,23.900000000000002,70.14,1007,190,791,0,897,29.900000000000002,123,1.3
2015,11,25,12,30,28.34,0.19,5.5,255,678,852,0,23.6,67.53,1006,255,678,0,852,30.3,119,1.4000000000000001
2015,11,25,13,30,36.410000000000004,0.19,5.5,240,651,764,0,23.6,67.15,1006,240,651,0,764,30.400000000000002,123,1.5
2015,11,25,14,30,47.75,0.19,5.5,214,592,612,0,23.6,67.58,1005,214,592,0,612,30.3,132,1.7000000000000002
2015,11,25,15,30,60.53,0.19,5.5,173,482,411,3,23.6,68.97,1005,185,2,0,185,29.900000000000002,142,1.9000000000000001
2015,11,25,16,30,73.99,0.19,5.5,110,287,189,0,23.8,73.78,1006,110,287,0,189,29,152,1.9000000000000001
2015,11,25,17,30,87.60000000000001,0.19,5.5,11,11,11,7,24.5,81.93,1006,11,0,7,11,27.900000000000002,160,1.9000000000000001
2015,11,25,18,30,101.84,0.19,5.5,0,0,0,7,24.700000000000003,86.33,1007,0,0,0,0,27.200000000000003,165,2
2015,11,25,19,30,115.85000000000001,0.19,5.4,0,0,0,0,24.8,88.49,1007,0,0,0,0,26.900000000000002,170,1.9000000000000001
2015,11,25,20,30,129.76,0.19,5.4,0,0,0,7,24.900000000000002,90.65,1008,0,0,0,0,26.6,180,1.8
2015,11,25,21,30,143.31,0.19,5.300000000000001,0,0,0,0,25,92.04,1008,0,0,0,0,26.400000000000002,193,1.8
2015,11,25,22,30,155.78,0.19,5.2,0,0,0,0,25,92.72,1007,0,0,0,0,26.3,202,1.8
2015,11,25,23,30,164.22,0.19,5,0,0,0,0,25.1,93.96000000000001,1007,0,0,0,0,26.1,207,1.9000000000000001
2015,11,26,0,30,161.71,0.19,4.9,0,0,0,3,25.1,95.21000000000001,1006,0,0,0,0,25.900000000000002,208,2.1
2015,11,26,1,30,150.97,0.19,4.9,0,0,0,3,25.1,96.03,1006,0,0,0,0,25.8,208,2.2
2015,11,26,2,30,137.91,0.19,4.800000000000001,0,0,0,0,25.1,97.25,1005,0,0,0,0,25.6,210,2.2
2015,11,26,3,30,124.17,0.19,4.9,0,0,0,0,25.1,97.14,1005,0,0,0,0,25.6,211,2.3000000000000003
2015,11,26,4,30,110.21000000000001,0.19,4.9,0,0,0,0,25.1,97.5,1006,0,0,0,0,25.5,210,2.3000000000000003
2015,11,26,5,30,96.2,0.19,5,0,0,0,0,25,96.15,1006,0,0,0,0,25.700000000000003,207,2.2
2015,11,26,6,30,82.18,0.19,5.1000000000000005,53,154,74,2,25.200000000000003,94.34,1007,56,1,7,56,26.200000000000003,204,2.2
2015,11,26,7,30,68.55,0.19,5.2,123,459,291,0,25.5,92.04,1007,123,459,0,291,26.900000000000002,201,2.3000000000000003
2015,11,26,8,30,55.33,0.19,5.2,160,622,514,0,25.400000000000002,87.33,1008,160,622,0,514,27.700000000000003,197,2.2
2015,11,26,9,30,43.02,0.19,5.2,183,711,702,0,25.1,81.43,1008,183,711,0,702,28.6,193,1.9000000000000001
2015,11,26,10,30,32.74,0.19,5.2,195,759,834,0,24.8,76.38,1007,195,759,0,834,29.400000000000002,188,1.6
2015,11,26,11,30,26.93,0.19,5.1000000000000005,202,779,897,0,24.5,72.61,1006,202,779,0,897,30,183,1.4000000000000001
2015,11,26,12,30,28.490000000000002,0.19,5.1000000000000005,240,713,867,0,24.400000000000002,70.89,1005,240,713,0,867,30.3,179,1.3
2015,11,26,13,30,36.49,0.19,5.2,225,689,779,0,24.400000000000002,70.67,1004,225,689,0,779,30.3,178,1.4000000000000001
2015,11,26,14,30,47.78,0.19,5.2,200,634,626,2,24.3,70.8,1004,396,81,0,450,30.200000000000003,179,1.5
2015,11,26,15,30,60.53,0.19,5.2,164,521,420,8,24.3,72.38,1004,244,349,7,416,29.8,182,1.7000000000000002
2015,11,26,16,30,73.96000000000001,0.19,5.2,107,320,195,0,24.400000000000002,76.11,1004,107,320,0,195,29,185,1.8
2015,11,26,17,30,87.56,0.19,5.300000000000001,12,13,13,7,24.8,82.85000000000001,1005,10,0,7,10,28,188,1.9000000000000001
2015,11,26,18,30,101.77,0.19,5.300000000000001,0,0,0,7,25.3,89.17,1005,0,0,0,0,27.200000000000003,190,2
2015,11,26,19,30,115.76,0.19,5.300000000000001,0,0,0,6,25.200000000000003,91.19,1006,0,0,0,0,26.8,193,2.1
2015,11,26,20,30,129.65,0.19,5.300000000000001,0,0,0,1,25.3,92.97,1007,0,0,0,0,26.5,197,2.2
2015,11,26,21,30,143.18,0.19,5.2,0,0,0,0,25.3,93.99,1007,0,0,0,0,26.3,202,2.3000000000000003
2015,11,26,22,30,155.61,0.19,5.2,0,0,0,3,25.200000000000003,94.85000000000001,1007,0,0,0,0,26.1,207,2.4000000000000004
2015,11,26,23,30,164.01,0.19,5.1000000000000005,0,0,0,3,25.1,94.95,1006,0,0,0,0,26,210,2.4000000000000004
2015,11,27,0,30,161.59,0.19,5.1000000000000005,0,0,0,0,25,95.58,1006,0,0,0,0,25.8,215,2.4000000000000004
2015,11,27,1,30,150.94,0.19,5.1000000000000005,0,0,0,0,24.900000000000002,95.62,1005,0,0,0,0,25.700000000000003,222,2.4000000000000004
2015,11,27,2,30,137.93,0.19,5,0,0,0,0,24.900000000000002,96.28,1005,0,0,0,0,25.5,226,2.4000000000000004
2015,11,27,3,30,124.22,0.19,5,0,0,0,0,24.8,96.84,1005,0,0,0,0,25.3,225,2.4000000000000004
2015,11,27,4,30,110.28,0.19,5,0,0,0,0,24.700000000000003,96.93,1005,0,0,0,0,25.200000000000003,226,2.4000000000000004
2015,11,27,5,30,96.29,0.19,5,0,0,0,0,24.6,96.03,1006,0,0,0,0,25.3,229,2.4000000000000004
2015,11,27,6,30,82.28,0.19,5,52,154,72,0,24.8,92.98,1006,52,154,0,72,26,231,2.6
2015,11,27,7,30,68.67,0.19,5,119,466,289,0,25.1,88.25,1007,119,466,0,289,27.200000000000003,228,2.7
2015,11,27,8,30,55.47,0.19,5,155,632,513,0,24.900000000000002,81.14,1007,155,632,0,513,28.5,225,2.6
2015,11,27,9,30,43.19,0.19,5,170,734,705,0,24.6,74.09,1007,170,734,0,705,29.700000000000003,224,2.3000000000000003
2015,11,27,10,30,32.93,0.19,5,183,778,836,1,24.3,69.33,1007,183,778,0,836,30.6,224,1.9000000000000001
2015,11,27,11,30,27.13,0.19,5.1000000000000005,192,792,897,0,24.3,67.36,1006,192,792,0,897,31.1,223,1.7000000000000002
2015,11,27,12,30,28.64,0.19,5.1000000000000005,214,750,873,1,24.200000000000003,65.63,1005,214,750,0,873,31.400000000000002,219,1.7000000000000002
2015,11,27,13,30,36.56,0.19,5.1000000000000005,206,719,783,0,24,64.9,1005,206,719,0,783,31.400000000000002,214,1.8
2015,11,27,14,30,47.800000000000004,0.19,5.1000000000000005,185,660,629,0,23.900000000000002,65.44,1004,185,660,0,629,31.1,210,2
2015,11,27,15,30,60.52,0.19,5.1000000000000005,155,549,425,0,23.900000000000002,67.43,1004,155,549,0,425,30.6,207,2.2
2015,11,27,16,30,73.93,0.19,5.2,104,339,198,0,24.200000000000003,72.18,1005,104,339,0,198,29.700000000000003,205,2.5
2015,11,27,17,30,87.51,0.19,5.2,13,16,14,0,24.6,78.82000000000001,1005,13,16,0,14,28.6,205,2.6
2015,11,27,18,30,101.7,0.19,5.2,0,0,0,3,25.200000000000003,86.48,1006,0,0,0,0,27.700000000000003,205,2.6
2015,11,27,19,30,115.68,0.19,5.2,0,0,0,7,25.200000000000003,88.64,1007,0,0,0,0,27.200000000000003,205,2.7
2015,11,27,20,30,129.54,0.19,5.2,0,0,0,7,25.200000000000003,90.41,1008,0,0,0,0,26.900000000000002,205,2.7
2015,11,27,21,30,143.04,0.19,5.2,0,0,0,7,25.3,92.5,1008,0,0,0,0,26.6,206,2.7
2015,11,27,22,30,155.44,0.19,5.2,0,0,0,0,25.3,93.69,1008,0,0,0,0,26.400000000000002,206,2.7
2015,11,27,23,30,163.82,0.19,5.2,0,0,0,8,25.3,94.65,1007,0,0,0,0,26.200000000000003,208,2.6
2015,11,28,0,30,161.49,0.18,5.2,0,0,0,7,25.200000000000003,94.96000000000001,1007,0,0,0,0,26.1,210,2.5
2015,11,28,1,30,150.92000000000002,0.18,5.1000000000000005,0,0,0,0,25.200000000000003,95.68,1006,0,0,0,0,25.900000000000002,212,2.4000000000000004
2015,11,28,2,30,137.95000000000002,0.18,5.1000000000000005,0,0,0,0,25.1,95.83,1006,0,0,0,0,25.8,213,2.3000000000000003
2015,11,28,3,30,124.27,0.18,5,0,0,0,0,25,96.45,1006,0,0,0,0,25.6,213,2.2
2015,11,28,4,30,110.35000000000001,0.18,4.9,0,0,0,0,24.900000000000002,97.04,1006,0,0,0,0,25.400000000000002,213,2.2
2015,11,28,5,30,96.38,0.18,4.800000000000001,0,0,0,0,24.8,95.99000000000001,1007,0,0,0,0,25.5,213,2.1
2015,11,28,6,30,82.38,0.18,4.7,52,158,73,1,25,92.92,1007,52,158,0,73,26.200000000000003,213,2.3000000000000003
2015,11,28,7,30,68.79,0.18,4.7,118,477,290,0,25.200000000000003,88.51,1008,118,477,0,290,27.3,212,2.5
2015,11,28,8,30,55.61,0.18,4.7,152,644,515,0,25,81.95,1009,152,644,0,515,28.400000000000002,210,2.3000000000000003
2015,11,28,9,30,43.36,0.18,4.7,173,732,705,0,24.5,74.73,1008,173,732,0,705,29.5,206,2
2015,11,28,10,30,33.12,0.18,4.7,189,774,838,2,24.200000000000003,69.93,1008,441,98,0,523,30.3,199,1.8
2015,11,28,11,30,27.32,0.18,4.7,197,790,898,2,23.900000000000002,67.19,1007,467,111,0,565,30.700000000000003,193,1.8
2015,11,28,12,30,28.77,0.18,4.7,201,776,882,0,23.8,65.85,1006,201,776,0,882,30.900000000000002,187,2.1
2015,11,28,13,30,36.63,0.18,4.6000000000000005,192,750,794,0,23.700000000000003,66.04,1006,192,750,0,794,30.8,183,2.4000000000000004
2015,11,28,14,30,47.83,0.18,4.6000000000000005,173,694,639,0,23.700000000000003,67.4,1005,173,694,0,639,30.400000000000002,181,2.6
2015,11,28,15,30,60.51,0.18,4.6000000000000005,155,556,429,0,23.8,70.15,1005,155,556,0,429,29.8,183,2.8000000000000003
2015,11,28,16,30,73.89,0.18,4.5,104,356,203,0,24.1,75.75,1006,104,356,0,203,28.8,187,2.7
2015,11,28,17,30,87.45,0.18,4.4,15,19,16,0,24.6,83.19,1007,15,19,0,16,27.700000000000003,191,2.5
2015,11,28,18,30,101.63,0.18,4.3,0,0,0,0,24.900000000000002,88.46000000000001,1007,0,0,0,0,27,194,2.4000000000000004
2015,11,28,19,30,115.59,0.18,4.2,0,0,0,0,25.1,91.38,1008,0,0,0,0,26.6,196,2.4000000000000004
2015,11,28,20,30,129.44,0.18,4.2,0,0,0,0,25.200000000000003,93.10000000000001,1009,0,0,0,0,26.400000000000002,198,2.3000000000000003
2015,11,28,21,30,142.91,0.18,4.2,0,0,0,0,25.200000000000003,94.31,1009,0,0,0,0,26.200000000000003,199,2.2
2015,11,28,22,30,155.27,0.18,4.2,0,0,0,0,25.200000000000003,95.2,1009,0,0,0,0,26,199,2.1
2015,11,28,23,30,163.62,0.18,4.2,0,0,0,0,25.1,95.31,1008,0,0,0,0,25.900000000000002,199,2
2015,11,29,0,30,161.39000000000001,0.18,4.2,0,0,0,0,25,96.05,1008,0,0,0,0,25.700000000000003,199,1.9000000000000001
2015,11,29,1,30,150.91,0.18,4.2,0,0,0,0,24.900000000000002,96.03,1007,0,0,0,0,25.6,200,1.9000000000000001
2015,11,29,2,30,137.98,0.18,4.2,0,0,0,0,24.8,95.9,1007,0,0,0,0,25.5,202,1.9000000000000001
2015,11,29,3,30,124.32000000000001,0.18,4.2,0,0,0,0,24.700000000000003,96.51,1007,0,0,0,0,25.3,206,1.9000000000000001
2015,11,29,4,30,110.42,0.18,4.1000000000000005,0,0,0,0,24.6,96.59,1007,0,0,0,0,25.200000000000003,211,1.9000000000000001
2015,11,29,5,30,96.46000000000001,0.18,4.1000000000000005,0,0,0,0,24.5,95.61,1008,0,0,0,0,25.3,215,1.9000000000000001
2015,11,29,6,30,82.48,0.18,4,48,222,77,0,24.700000000000003,91.66,1008,48,222,0,77,26.200000000000003,219,2.1
2015,11,29,7,30,68.91,0.18,4,100,555,300,0,25.1,86.72,1009,100,555,0,300,27.5,220,2.1
2015,11,29,8,30,55.75,0.18,4,127,712,528,0,24.700000000000003,78.15,1010,127,712,0,528,28.900000000000002,218,1.8
2015,11,29,9,30,43.52,0.18,4,145,792,719,0,24.1,70.10000000000001,1009,145,792,0,719,30.200000000000003,211,1.3
2015,11,29,10,30,33.31,0.18,4.1000000000000005,156,832,851,1,23.700000000000003,64.8,1009,156,832,0,851,31.1,197,1.1
2015,11,29,11,30,27.5,0.18,4.1000000000000005,162,847,913,0,23.5,62.42,1008,162,847,0,913,31.6,183,1.2000000000000002
2015,11,29,12,30,28.91,0.18,4.2,177,815,891,0,23.3,60.49,1007,177,815,0,891,31.900000000000002,176,1.5
2015,11,29,13,30,36.7,0.18,4.2,171,786,801,0,23.3,60.68,1007,171,786,0,801,31.8,173,1.9000000000000001
2015,11,29,14,30,47.84,0.18,4.3,157,725,644,0,23.3,61.75,1006,157,725,0,644,31.5,171,2.2
2015,11,29,15,30,60.49,0.18,4.4,139,598,434,0,23.3,63.68,1007,139,598,0,434,31,170,2.4000000000000004
2015,11,29,16,30,73.85000000000001,0.18,4.4,96,392,205,0,23.5,68.78,1007,96,392,0,205,29.900000000000002,170,2.4000000000000004
2015,11,29,17,30,87.4,0.18,4.4,15,29,16,0,24.3,77.84,1007,15,29,0,16,28.5,172,2.4000000000000004
2015,11,29,18,30,101.55,0.18,4.4,0,0,0,0,24.700000000000003,84.02,1008,0,0,0,0,27.6,172,2.3000000000000003
2015,11,29,19,30,115.49000000000001,0.18,4.4,0,0,0,0,24.900000000000002,87.77,1009,0,0,0,0,27.1,170,2.2
2015,11,29,20,30,129.32,0.18,4.4,0,0,0,0,25.1,91.01,1009,0,0,0,0,26.700000000000003,170,2.1
2015,11,29,21,30,142.78,0.18,4.4,0,0,0,0,25.200000000000003,92.64,1009,0,0,0,0,26.5,171,2
2015,11,29,22,30,155.1,0.18,4.4,0,0,0,0,25.200000000000003,93.81,1009,0,0,0,0,26.3,175,1.9000000000000001
2015,11,29,23,30,163.44,0.18,4.5,0,0,0,0,25.200000000000003,94.75,1009,0,0,0,0,26.1,181,1.8
2015,11,30,0,30,161.29,0.18,4.5,0,0,0,0,25.1,95,1008,0,0,0,0,26,191,1.8
2015,11,30,1,30,150.9,0.18,4.5,0,0,0,0,25.1,95.75,1008,0,0,0,0,25.8,202,1.8
2015,11,30,2,30,138.01,0.18,4.4,0,0,0,0,25,95.89,1008,0,0,0,0,25.700000000000003,212,1.9000000000000001
2015,11,30,3,30,124.38000000000001,0.18,4.4,0,0,0,0,25,96.78,1008,0,0,0,0,25.5,217,2
2015,11,30,4,30,110.49000000000001,0.18,4.4,0,0,0,0,24.900000000000002,97.72,1008,0,0,0,0,25.3,220,2.1
2015,11,30,5,30,96.56,0.18,4.4,0,0,0,0,24.900000000000002,96.34,1009,0,0,0,0,25.5,222,2.2
2015,11,30,6,30,82.59,0.18,4.4,46,194,71,0,25,92.7,1010,46,194,0,71,26.3,224,2.4000000000000004
2015,11,30,7,30,69.04,0.18,4.4,106,515,290,0,25.3,87.79,1010,106,515,0,290,27.5,225,2.6
2015,11,30,8,30,55.89,0.18,4.5,138,672,515,0,24.900000000000002,79.65,1011,138,672,0,515,28.8,226,2.5
2015,11,30,9,30,43.68,0.18,4.6000000000000005,157,756,704,0,24.5,73.26,1011,157,756,0,704,29.8,226,2.3000000000000003
2015,11,30,10,30,33.49,0.18,4.6000000000000005,172,795,835,1,24.200000000000003,69.3,1010,172,795,0,835,30.5,224,2
2015,11,30,11,30,27.68,0.18,4.6000000000000005,181,810,898,3,24.1,67.36,1009,429,22,0,449,30.900000000000002,219,1.8
2015,11,30,12,30,29.03,0.18,4.7,198,775,876,0,24,66.18,1008,198,775,0,876,31.1,214,1.8
2015,11,30,13,30,36.76,0.18,4.7,191,744,787,0,23.8,65.7,1007,191,744,0,787,31,209,1.9000000000000001
2015,11,30,14,30,47.85,0.18,4.7,175,683,633,0,23.700000000000003,65.93,1007,175,683,0,633,30.8,205,2.1
2015,11,30,15,30,60.47,0.18,4.7,145,577,430,0,23.6,67.17,1007,145,577,0,430,30.400000000000002,203,2.4000000000000004
2015,11,30,16,30,73.81,0.18,4.7,98,380,204,0,23.8,71.37,1008,98,380,0,204,29.5,201,2.5
2015,11,30,17,30,87.34,0.18,4.800000000000001,15,32,16,0,24.400000000000002,80.01,1008,15,32,0,16,28.200000000000003,200,2.5
2015,11,30,18,30,101.47,0.18,4.800000000000001,0,0,0,7,24.8,85.85000000000001,1009,0,0,0,0,27.400000000000002,199,2.6
2015,11,30,19,30,115.4,0.18,4.800000000000001,0,0,0,7,25,88.61,1009,0,0,0,0,27,199,2.7
2015,11,30,20,30,129.21,0.18,4.9,0,0,0,0,25.1,91.23,1010,0,0,0,0,26.700000000000003,199,2.7
2015,11,30,21,30,142.64000000000001,0.18,4.9,0,0,0,0,25.200000000000003,92.67,1010,0,0,0,0,26.5,200,2.5
2015,11,30,22,30,154.94,0.18,5,0,0,0,0,25.200000000000003,93.78,1010,0,0,0,0,26.3,201,2.3000000000000003
2015,11,30,23,30,163.26,0.18,5.1000000000000005,0,0,0,0,25.200000000000003,94.14,1009,0,0,0,0,26.200000000000003,203,2.2
2015,12,1,0,30,161.20000000000002,0.18,5.1000000000000005,0,0,0,0,25.1,95.01,1008,0,0,0,0,26,205,2.1
2015,12,1,1,30,150.89000000000001,0.18,5,0,0,0,0,25.1,95.88,1008,0,0,0,0,25.8,207,2.1
2015,12,1,2,30,138.05,0.18,5,0,0,0,0,25,96.15,1008,0,0,0,0,25.700000000000003,210,2
2015,12,1,3,30,124.44,0.18,5,0,0,0,0,25,96.4,1008,0,0,0,0,25.6,212,2.1
2015,12,1,4,30,110.57000000000001,0.18,4.9,0,0,0,0,24.900000000000002,96.61,1008,0,0,0,0,25.5,214,2.1
2015,12,1,5,30,96.65,0.18,4.9,0,0,0,0,24.900000000000002,96.3,1009,0,0,0,0,25.5,216,2.1
2015,12,1,6,30,82.7,0.18,4.800000000000001,47,167,68,0,25,93.15,1009,47,167,0,68,26.200000000000003,219,2.3000000000000003
2015,12,1,7,30,69.16,0.18,4.7,111,486,284,0,25.3,89.48,1010,111,486,0,284,27.200000000000003,221,2.5
2015,12,1,8,30,56.03,0.18,4.7,143,655,509,0,25.1,82.35000000000001,1010,143,655,0,509,28.400000000000002,220,2.4000000000000004
2015,12,1,9,30,43.84,0.18,4.7,162,746,700,0,24.6,75,1010,162,746,0,700,29.5,217,2.1
2015,12,1,10,30,33.67,0.18,4.7,172,795,833,0,24.200000000000003,69.56,1009,172,795,0,833,30.400000000000002,212,1.9000000000000001
2015,12,1,11,30,27.85,0.18,4.7,175,817,897,3,23.900000000000002,66.16,1008,456,71,0,519,31,206,1.9000000000000001
2015,12,1,12,30,29.150000000000002,0.18,4.7,204,762,870,1,23.8,64.67,1007,204,762,0,870,31.3,200,2.1
2015,12,1,13,30,36.81,0.18,4.6000000000000005,192,740,785,1,23.700000000000003,64.03,1006,192,740,0,785,31.3,196,2.6
2015,12,1,14,30,47.86,0.18,4.6000000000000005,174,683,632,0,23.6,64.79,1006,174,683,0,632,31,193,3
2015,12,1,15,30,60.45,0.18,4.6000000000000005,154,548,424,0,23.6,67.43,1006,154,548,0,424,30.3,192,3.3000000000000003
2015,12,1,16,30,73.76,0.18,4.6000000000000005,104,336,198,0,23.8,72.48,1007,104,336,0,198,29.3,192,3.3000000000000003
2015,12,1,17,30,87.28,0.18,4.6000000000000005,13,17,14,0,24.400000000000002,80.73,1007,13,17,0,14,28,193,3
2015,12,1,18,30,101.39,0.18,4.5,0,0,0,0,24.8,86.12,1008,0,0,0,0,27.3,194,2.8000000000000003
2015,12,1,19,30,115.3,0.18,4.5,0,0,0,0,25,89.35000000000001,1009,0,0,0,0,26.900000000000002,194,2.6
2015,12,1,20,30,129.1,0.18,4.5,0,0,0,0,25.1,91.49,1009,0,0,0,0,26.6,194,2.5
2015,12,1,21,30,142.51,0.18,4.4,0,0,0,0,25.1,92.72,1009,0,0,0,0,26.400000000000002,196,2.3000000000000003
2015,12,1,22,30,154.78,0.18,4.4,0,0,0,0,25.1,93.74,1009,0,0,0,0,26.200000000000003,200,2.2
2015,12,1,23,30,163.08,0.18,4.4,0,0,0,0,25.1,94.63,1009,0,0,0,0,26,206,2.1
2015,12,2,0,30,161.11,0.18,4.4,0,0,0,0,25,95.31,1008,0,0,0,0,25.8,212,2.1
2015,12,2,1,30,150.89000000000001,0.18,4.4,0,0,0,0,24.900000000000002,95.44,1008,0,0,0,0,25.700000000000003,218,2.1
2015,12,2,2,30,138.09,0.18,4.4,0,0,0,0,24.8,95.98,1007,0,0,0,0,25.5,224,2
2015,12,2,3,30,124.5,0.18,4.4,0,0,0,0,24.700000000000003,96.13,1008,0,0,0,0,25.400000000000002,227,2
2015,12,2,4,30,110.65,0.18,4.4,0,0,0,0,24.6,96.18,1008,0,0,0,0,25.3,230,2
2015,12,2,5,30,96.75,0.18,4.4,0,0,0,0,24.6,95.10000000000001,1009,0,0,0,0,25.400000000000002,231,1.9000000000000001
2015,12,2,6,30,82.8,0.18,4.3,48,107,62,0,24.700000000000003,92.43,1009,48,107,0,62,26,232,2
2015,12,2,7,30,69.28,0.18,4.3,128,409,272,0,25,88.01,1010,128,409,0,272,27.200000000000003,229,2
2015,12,2,8,30,56.17,0.18,4.4,170,583,494,0,24.6,79.95,1010,170,583,0,494,28.400000000000002,223,1.6
2015,12,2,9,30,44,0.18,4.4,213,642,675,0,23.8,71.22,1010,213,642,0,675,29.6,207,1.2000000000000002
2015,12,2,10,30,33.84,0.18,4.4,233,693,809,0,23.3,65.8,1009,233,693,0,809,30.400000000000002,185,1
2015,12,2,11,30,28.02,0.18,4.5,240,714,871,3,23.200000000000003,63.99,1008,433,19,0,450,30.8,170,1.2000000000000002
2015,12,2,12,30,29.26,0.18,4.5,279,644,841,2,23.3,63.49,1007,468,57,0,518,31,165,1.4000000000000001
2015,12,2,13,30,36.86,0.18,4.5,264,614,756,0,23.200000000000003,63.21,1006,264,614,0,756,31,164,1.8
2015,12,2,14,30,47.86,0.18,4.5,239,545,605,0,23.200000000000003,64.63,1006,239,545,0,605,30.6,166,2
2015,12,2,15,30,60.42,0.18,4.6000000000000005,197,422,405,0,23.200000000000003,66.63,1006,197,422,0,405,30.1,168,2.3000000000000003
2015,12,2,16,30,73.71000000000001,0.18,4.6000000000000005,124,219,185,0,23.400000000000002,71.33,1007,124,219,0,185,29.1,171,2.4000000000000004
2015,12,2,17,30,87.21000000000001,0.18,4.7,9,2,9,3,24.1,79.73,1007,9,2,5,9,27.900000000000002,174,2.3000000000000003
2015,12,2,18,30,101.31,0.18,4.7,0,0,0,3,24.5,85.4,1008,0,0,0,0,27.200000000000003,176,2.2
2015,12,2,19,30,115.2,0.18,4.800000000000001,0,0,0,0,24.6,87.92,1009,0,0,0,0,26.8,177,2.1
2015,12,2,20,30,128.98,0.18,4.800000000000001,0,0,0,0,24.700000000000003,89.86,1009,0,0,0,0,26.5,179,2
2015,12,2,21,30,142.37,0.18,4.9,0,0,0,0,24.700000000000003,91.72,1010,0,0,0,0,26.200000000000003,180,1.8
2015,12,2,22,30,154.61,0.18,4.9,0,0,0,0,24.700000000000003,92.62,1009,0,0,0,0,26,181,1.6
2015,12,2,23,30,162.92000000000002,0.18,4.9,0,0,0,0,24.6,92.57000000000001,1009,0,0,0,0,25.900000000000002,181,1.5
2015,12,3,0,30,161.03,0.18,5,0,0,0,0,24.400000000000002,92.16,1008,0,0,0,0,25.8,182,1.3
2015,12,3,1,30,150.89000000000001,0.18,5,0,0,0,0,24.3,91.26,1007,0,0,0,0,25.8,183,1.2000000000000002
2015,12,3,2,30,138.13,0.18,5,0,0,0,1,24.1,89.9,1006,0,0,0,0,25.900000000000002,179,1
2015,12,3,3,30,124.57000000000001,0.18,5,0,0,0,8,24,89.35000000000001,1007,0,0,0,0,25.900000000000002,163,0.7000000000000001
2015,12,3,4,30,110.74000000000001,0.18,5,0,0,0,7,23.900000000000002,88.8,1007,0,0,0,0,25.900000000000002,136,0.5
2015,12,3,5,30,96.84,0.18,5,0,0,0,8,23.8,88.88,1008,0,0,0,0,25.8,100,0.5
2015,12,3,6,30,82.91,0.18,5,48,52,54,3,24,87.72,1009,51,0,7,51,26.200000000000003,72,0.7000000000000001
2015,12,3,7,30,69.41,0.18,5,156,282,255,4,24.400000000000002,85.46000000000001,1009,43,0,0,43,27,66,1.1
2015,12,3,8,30,56.31,0.18,5,229,428,467,6,24.1,79.33,1010,119,1,0,120,28,71,1.5
2015,12,3,9,30,44.160000000000004,0.18,5,281,510,647,6,23.6,73.06,1009,237,4,0,240,28.900000000000002,80,2
2015,12,3,10,30,34.01,0.18,5,314,555,773,7,23.3,69.07000000000001,1009,428,166,0,565,29.6,88,2.5
2015,12,3,11,30,28.18,0.18,5.1000000000000005,331,569,832,7,23.200000000000003,66.97,1008,343,541,0,820,30,95,2.9000000000000004
2015,12,3,12,30,29.36,0.18,5.1000000000000005,386,483,807,7,23.1,65.9,1007,513,195,0,683,30.200000000000003,100,3.2
2015,12,3,13,30,36.9,0.18,5.1000000000000005,371,438,721,7,23.200000000000003,66.41,1007,486,160,0,614,30.1,104,3.3000000000000003
2015,12,3,14,30,47.86,0.18,5.1000000000000005,335,354,572,0,23.200000000000003,67.45,1007,335,354,0,572,29.900000000000002,107,3.3000000000000003
2015,12,3,15,30,60.39,0.18,5.1000000000000005,267,217,375,1,23.3,69.66,1007,267,217,0,375,29.400000000000002,108,3.2
2015,12,3,16,30,73.65,0.18,5.1000000000000005,138,46,151,0,23.5,73.85000000000001,1007,138,46,0,151,28.6,110,2.8000000000000003
2015,12,3,17,30,87.14,0.18,5,1,0,1,1,24,80.47,1007,1,0,0,1,27.700000000000003,112,2.5
2015,12,3,18,30,101.22,0.18,4.9,0,0,0,8,24.3,84.69,1008,0,0,0,0,27.1,112,2.5
2015,12,3,19,30,115.10000000000001,0.18,4.800000000000001,0,0,0,7,24.400000000000002,86.42,1009,0,0,0,0,26.900000000000002,111,2.4000000000000004
2015,12,3,20,30,128.87,0.18,4.800000000000001,0,0,0,8,24.6,88.09,1009,0,0,0,0,26.700000000000003,109,2.3000000000000003
2015,12,3,21,30,142.24,0.18,4.7,0,0,0,7,24.700000000000003,89.73,1009,0,0,0,0,26.5,105,2
2015,12,3,22,30,154.46,0.18,4.7,0,0,0,8,24.700000000000003,91.11,1009,0,0,0,0,26.3,98,1.8
2015,12,3,23,30,162.75,0.18,4.6000000000000005,0,0,0,7,24.700000000000003,91.58,1009,0,0,0,0,26.200000000000003,89,1.6
2015,12,4,0,30,160.96,0.18,4.6000000000000005,0,0,0,7,24.6,92.10000000000001,1008,0,0,0,0,26,78,1.5
2015,12,4,1,30,150.89000000000001,0.18,4.5,0,0,0,7,24.5,92.65,1007,0,0,0,0,25.8,66,1.5
2015,12,4,2,30,138.17000000000002,0.18,4.5,0,0,0,7,24.5,94,1007,0,0,0,0,25.5,55,1.5
2015,12,4,3,30,124.64,0.18,4.5,0,0,0,3,24.400000000000002,95.29,1007,0,0,0,0,25.200000000000003,50,1.6
2015,12,4,4,30,110.82000000000001,0.18,4.5,0,0,0,8,24.3,95.75,1008,0,0,0,0,25,49,1.8
2015,12,4,5,30,96.94,0.18,4.5,0,0,0,4,24.1,94.75,1009,0,0,0,0,25,49,2.1
2015,12,4,6,30,83.02,0.18,4.4,1,0,1,4,24,91.8,1010,1,0,5,1,25.400000000000002,49,2.5
2015,12,4,7,30,69.53,0.18,4.4,109,3,110,4,23.700000000000003,86.52,1010,25,0,0,25,26.1,51,3.1
2015,12,4,8,30,56.45,0.18,4.3,302,25,316,5,22.5,75.87,1011,231,0,0,231,27.1,54,3.6
2015,12,4,9,30,44.31,0.18,4.2,464,73,517,3,20.6,63.620000000000005,1010,490,10,0,497,28.1,57,3.8000000000000003
2015,12,4,10,30,34.18,0.18,4.1000000000000005,558,111,650,0,18.900000000000002,53.86,1009,558,111,0,650,29.200000000000003,59,3.8000000000000003
2015,12,4,11,30,28.330000000000002,0.18,4,599,133,716,3,18,48.75,1008,597,21,0,615,29.900000000000002,62,3.5
2015,12,4,12,30,29.46,0.18,4,596,102,685,3,17.5,46.32,1007,619,17,0,633,30.3,65,3.1
2015,12,4,13,30,36.93,0.18,3.9000000000000004,536,83,602,0,17.5,46.160000000000004,1007,536,83,0,602,30.400000000000002,71,2.6
2015,12,4,14,30,47.85,0.18,3.9000000000000004,419,51,453,0,17.8,47.300000000000004,1006,419,51,0,453,30.3,77,2.3000000000000003
2015,12,4,15,30,60.35,0.18,3.9000000000000004,247,17,256,0,17.8,48.67,1006,247,17,0,256,29.8,83,2
2015,12,4,16,30,73.59,0.18,4,59,1,59,0,19,56.03,1007,59,1,0,59,28.6,90,1.9000000000000001
2015,12,4,17,30,87.07000000000001,0.18,4,0,0,0,2,20.900000000000002,67.66,1008,0,0,5,0,27.400000000000002,95,2
2015,12,4,18,30,101.13,0.18,4,0,0,0,0,21,70.43,1009,0,0,0,0,26.8,98,2.2
2015,12,4,19,30,115,0.18,4,0,0,0,0,21.400000000000002,73.83,1009,0,0,0,0,26.400000000000002,99,2.2
2015,12,4,20,30,128.75,0.18,4,0,0,0,0,21.8,77.17,1010,0,0,0,0,26.1,99,2.2
2015,12,4,21,30,142.1,0.18,4,0,0,0,0,22.200000000000003,80.45,1010,0,0,0,0,25.8,98,2.1
2015,12,4,22,30,154.3,0.18,4,0,0,0,0,22.400000000000002,82.75,1009,0,0,0,0,25.6,97,2.1
2015,12,4,23,30,162.6,0.18,4,0,0,0,0,22.6,84.04,1009,0,0,0,0,25.5,94,2
2015,12,5,0,30,160.89000000000001,0.18,4,0,0,0,0,22.6,83.77,1008,0,0,0,0,25.5,89,1.8
2015,12,5,1,30,150.9,0.18,4,0,0,0,0,22.400000000000002,83.41,1008,0,0,0,0,25.400000000000002,78,1.5
2015,12,5,2,30,138.22,0.18,4,0,0,0,0,22.200000000000003,83.69,1008,0,0,0,0,25.200000000000003,69,1.3
2015,12,5,3,30,124.71000000000001,0.18,4,0,0,0,0,22.1,83.87,1008,0,0,0,0,25,66,1.3
2015,12,5,4,30,110.91,0.18,3.9000000000000004,0,0,0,0,21.900000000000002,84.15,1008,0,0,0,0,24.8,65,1.4000000000000001
2015,12,5,5,30,97.04,0.18,3.9000000000000004,0,0,0,0,21.900000000000002,84.75,1009,0,0,0,0,24.6,64,1.6
2015,12,5,6,30,83.14,0.18,3.9000000000000004,1,0,1,0,22,84.25,1010,1,0,0,1,24.8,62,1.9000000000000001
2015,12,5,7,30,69.66,0.18,3.9000000000000004,109,3,110,0,21.900000000000002,80.38,1010,109,3,0,110,25.5,61,2.3000000000000003
2015,12,5,8,30,56.59,0.18,3.8000000000000003,303,26,317,0,21.400000000000002,74.12,1010,303,26,0,317,26.400000000000002,63,2.6
2015,12,5,9,30,44.46,0.18,3.8000000000000003,459,60,503,0,20.6,66.68,1010,459,60,0,503,27.3,64,2.7
2015,12,5,10,30,34.34,0.18,3.8000000000000003,559,90,634,0,19.6,59.95,1009,559,90,0,634,28.1,66,2.4000000000000004
2015,12,5,11,30,28.48,0.18,3.8000000000000003,604,105,696,0,19,54.43,1008,604,105,0,696,29.1,74,2.1
2015,12,5,12,30,29.55,0.18,3.8000000000000003,580,168,727,0,18.8,51.42,1007,580,168,0,727,29.900000000000002,86,1.8
2015,12,5,13,30,36.96,0.18,3.8000000000000003,531,142,644,0,19.3,52.5,1006,531,142,0,644,30.1,101,1.6
2015,12,5,14,30,47.83,0.18,3.9000000000000004,433,92,495,0,19.5,53.35,1006,433,92,0,495,30,115,1.5
2015,12,5,15,30,60.31,0.18,3.9000000000000004,275,34,292,0,19.700000000000003,55.74,1006,275,34,0,292,29.5,127,1.6
2015,12,5,16,30,73.53,0.18,4,80,2,81,0,20,59.96,1007,80,2,0,81,28.5,136,1.7000000000000002
2015,12,5,17,30,87,0.18,4,0,0,0,0,21.6,71.93,1008,0,0,0,0,27.1,140,1.8
2015,12,5,18,30,101.04,0.18,4.1000000000000005,0,0,0,0,21.900000000000002,76.82000000000001,1009,0,0,0,0,26.3,141,1.9000000000000001
2015,12,5,19,30,114.9,0.18,4.1000000000000005,0,0,0,0,22.3,80.49,1010,0,0,0,0,25.900000000000002,140,1.9000000000000001
2015,12,5,20,30,128.63,0.18,4.1000000000000005,0,0,0,0,22.6,83.77,1010,0,0,0,0,25.6,137,1.8
2015,12,5,21,30,141.97,0.18,4.1000000000000005,0,0,0,0,22.900000000000002,86.17,1010,0,0,0,0,25.400000000000002,135,1.6
2015,12,5,22,30,154.15,0.18,4,0,0,0,0,23.1,87.37,1010,0,0,0,0,25.3,137,1.4000000000000001
2015,12,5,23,30,162.45000000000002,0.18,4,0,0,0,0,23,87.23,1009,0,0,0,0,25.3,145,1.1
2015,12,6,0,30,160.83,0.18,4,0,0,0,0,23,86.89,1009,0,0,0,0,25.3,170,0.7000000000000001
2015,12,6,1,30,150.92000000000002,0.18,4,0,0,0,0,22.8,88.34,1008,0,0,0,0,24.900000000000002,235,0.6000000000000001
2015,12,6,2,30,138.27,0.18,4,0,0,0,0,22.700000000000003,90.46000000000001,1008,0,0,0,0,24.400000000000002,294,0.9
2015,12,6,3,30,124.79,0.18,4,0,0,0,1,22.700000000000003,91.9,1008,0,0,0,0,24.1,314,1.3
2015,12,6,4,30,111,0.18,4,0,0,0,0,22.700000000000003,93.38,1008,0,0,0,0,23.8,324,1.5
2015,12,6,5,30,97.15,0.18,4,0,0,0,0,22.6,93.48,1009,0,0,0,0,23.700000000000003,331,1.7000000000000002
2015,12,6,6,30,83.25,0.18,3.9000000000000004,4,0,4,0,22.5,90.18,1009,4,0,0,4,24.200000000000003,336,1.9000000000000001
2015,12,6,7,30,69.78,0.18,3.9000000000000004,149,13,153,0,22.3,83.09,1010,149,13,0,153,25.400000000000002,340,2
2015,12,6,8,30,56.730000000000004,0.18,3.9000000000000004,333,66,369,0,21.900000000000002,73.19,1010,333,66,0,369,27.1,342,1.8
2015,12,6,9,30,44.61,0.18,3.8000000000000003,458,152,566,0,20.5,60.660000000000004,1010,458,152,0,566,28.900000000000002,346,1.5
2015,12,6,10,30,34.5,0.18,3.8000000000000003,527,205,696,0,19.900000000000002,54.58,1010,527,205,0,696,30,180,1
2015,12,6,11,30,28.62,0.18,3.7,555,235,762,0,19,49.33,1009,555,235,0,762,30.8,48,0.7000000000000001
2015,12,6,12,30,29.64,0.18,3.6,566,174,717,0,18.8,48.13,1008,566,174,0,717,31.1,103,0.8
2015,12,6,13,30,36.980000000000004,0.18,3.6,517,153,639,0,18.900000000000002,48.1,1007,517,153,0,639,31.200000000000003,128,1.2000000000000002
2015,12,6,14,30,47.82,0.18,3.5,424,108,496,0,19,48.86,1006,424,108,0,496,31,136,1.5
2015,12,6,15,30,60.26,0.18,3.5,275,43,296,0,19.400000000000002,51.77,1006,275,43,0,296,30.400000000000002,140,1.7000000000000002
2015,12,6,16,30,73.47,0.18,3.6,88,4,89,0,19.700000000000003,56.69,1006,88,4,0,89,29.200000000000003,141,1.7000000000000002
2015,12,6,17,30,86.92,0.18,3.6,0,0,0,0,21.6,69.18,1007,0,0,0,0,27.8,141,1.6
2015,12,6,18,30,100.95,0.18,3.6,0,0,0,5,21.900000000000002,73.88,1008,0,0,0,0,27,139,1.6
2015,12,6,19,30,114.79,0.18,3.7,0,0,0,7,22.3,77.8,1009,0,0,0,0,26.5,137,1.6
2015,12,6,20,30,128.51,0.18,3.7,0,0,0,7,22.700000000000003,80.94,1010,0,0,0,0,26.200000000000003,137,1.6
2015,12,6,21,30,141.83,0.18,3.8000000000000003,0,0,0,7,22.900000000000002,83.05,1010,0,0,0,0,26,139,1.5
2015,12,6,22,30,154,0.18,3.8000000000000003,0,0,0,8,23,83.83,1010,0,0,0,0,25.900000000000002,145,1.2000000000000002
2015,12,6,23,30,162.3,0.18,3.9000000000000004,0,0,0,1,22.8,83.03,1009,0,0,0,0,25.900000000000002,157,0.9
2015,12,7,0,30,160.78,0.18,3.9000000000000004,0,0,0,7,22.6,82.29,1009,0,0,0,0,25.8,200,0.6000000000000001
2015,12,7,1,30,150.94,0.18,3.9000000000000004,0,0,0,7,22.400000000000002,82.39,1008,0,0,0,0,25.6,258,0.6000000000000001
2015,12,7,2,30,138.33,0.18,3.9000000000000004,0,0,0,8,22.3,83.97,1008,0,0,0,0,25.200000000000003,285,0.9
2015,12,7,3,30,124.86,0.18,4,0,0,0,1,22.3,85.47,1008,0,0,0,0,24.900000000000002,286,1.1
2015,12,7,4,30,111.09,0.18,4,0,0,0,3,22.3,86.46000000000001,1008,0,0,0,0,24.700000000000003,282,1.2000000000000002
2015,12,7,5,30,97.25,0.18,4.1000000000000005,0,0,0,1,22.3,86.89,1009,0,0,0,0,24.6,279,1.2000000000000002
2015,12,7,6,30,83.36,0.18,4.1000000000000005,1,0,1,1,22.400000000000002,85.62,1010,1,0,0,1,25,283,1.1
2015,12,7,7,30,69.91,0.18,4.1000000000000005,101,2,102,0,22.400000000000002,80.74,1010,101,2,0,102,26,294,1
2015,12,7,8,30,56.870000000000005,0.18,4.1000000000000005,293,23,306,7,22,72.13,1011,293,23,5,306,27.5,154,0.8
2015,12,7,9,30,44.76,0.18,4.1000000000000005,463,99,534,0,21.1,62.620000000000005,1010,463,99,0,534,29,24,1.1
2015,12,7,10,30,34.65,0.18,4,546,152,671,0,20.6,56.75,1009,546,152,0,671,30.1,49,1.6
2015,12,7,11,30,28.75,0.18,4,576,187,741,0,20.6,54.5,1008,576,187,0,741,30.8,60,1.8
2015,12,7,12,30,29.71,0.18,3.9000000000000004,572,183,732,0,20.5,53.1,1007,572,183,0,732,31.200000000000003,71,1.9000000000000001
2015,12,7,13,30,37,0.18,3.9000000000000004,515,185,663,0,20.200000000000003,51.56,1006,515,185,0,663,31.400000000000002,80,1.9000000000000001
2015,12,7,14,30,47.79,0.18,3.8000000000000003,427,148,526,0,20,50.99,1006,427,148,0,526,31.3,91,1.8
2015,12,7,15,30,60.21,0.18,3.8000000000000003,297,81,337,0,19.8,52.08,1006,297,81,0,337,30.8,105,1.7000000000000002
2015,12,7,16,30,73.4,0.18,3.7,120,14,124,0,20.1,56.870000000000005,1007,120,14,0,124,29.5,121,1.7000000000000002
2015,12,7,17,30,86.84,0.18,3.7,0,0,0,0,21.5,67.77,1007,0,0,0,0,28,134,1.9000000000000001
2015,12,7,18,30,100.85000000000001,0.18,3.7,0,0,0,1,21.400000000000002,71.44,1008,0,0,0,0,27,141,2
2015,12,7,19,30,114.68,0.18,3.7,0,0,0,0,21.8,75.28,1009,0,0,0,0,26.5,142,2
2015,12,7,20,30,128.39000000000001,0.18,3.7,0,0,0,0,22.1,78.72,1010,0,0,0,0,26.1,140,1.8
2015,12,7,21,30,141.70000000000002,0.18,3.6,0,0,0,0,22.3,81.21000000000001,1010,0,0,0,0,25.8,137,1.5
2015,12,7,22,30,153.85,0.18,3.6,0,0,0,1,22.3,81.59,1010,0,0,0,0,25.700000000000003,138,1.2000000000000002
2015,12,7,23,30,162.16,0.18,3.5,0,0,0,0,22.1,80.92,1009,0,0,0,0,25.6,158,0.7000000000000001
2015,12,8,0,30,160.73,0.18,3.5,0,0,0,0,21.900000000000002,80.92,1009,0,0,0,0,25.400000000000002,221,0.6000000000000001
2015,12,8,1,30,150.96,0.18,3.4000000000000004,0,0,0,0,21.900000000000002,82.77,1008,0,0,0,0,25,279,0.8
2015,12,8,2,30,138.39000000000001,0.18,3.3000000000000003,0,0,0,8,22,85.26,1008,0,0,0,0,24.6,299,1.1
2015,12,8,3,30,124.94,0.18,3.3000000000000003,0,0,0,1,22,87.61,1008,0,0,0,0,24.200000000000003,311,1.2000000000000002
2015,12,8,4,30,111.19,0.18,3.3000000000000003,0,0,0,8,22,89.92,1008,0,0,0,0,23.8,323,1.3
2015,12,8,5,30,97.36,0.18,3.3000000000000003,0,0,0,7,22.1,90.59,1009,0,0,0,0,23.700000000000003,333,1.4000000000000001
2015,12,8,6,30,83.47,0.18,3.3000000000000003,12,0,12,0,22.1,88.18,1009,12,0,0,12,24.200000000000003,341,1.4000000000000001
2015,12,8,7,30,70.03,0.18,3.2,178,57,197,0,22.1,80.79,1010,178,57,0,197,25.6,177,1.4000000000000001
2015,12,8,8,30,57,0.18,3.2,315,186,416,0,21,67.96000000000001,1010,315,186,1,416,27.400000000000002,21,1.5
2015,12,8,9,30,44.910000000000004,0.18,3.1,390,304,606,0,19.6,57.26,1009,390,304,1,606,28.900000000000002,40,2
2015,12,8,10,30,34.800000000000004,0.18,3.1,424,388,743,0,18.6,50.04,1008,424,388,1,743,30.1,52,2.5
2015,12,8,11,30,28.88,0.18,3,431,437,813,0,17.900000000000002,45.95,1008,431,437,1,813,30.900000000000002,62,2.8000000000000003
2015,12,8,12,30,29.78,0.18,2.9000000000000004,424,442,808,0,17.6,43.76,1007,424,442,1,808,31.400000000000002,73,2.8000000000000003
2015,12,8,13,30,37.01,0.18,2.9000000000000004,400,408,726,0,17.3,42.42,1006,400,408,1,726,31.6,83,2.8000000000000003
2015,12,8,14,30,47.76,0.18,2.9000000000000004,357,328,577,0,17.1,42.56,1006,357,328,1,577,31.3,95,2.8000000000000003
2015,12,8,15,30,60.160000000000004,0.18,2.9000000000000004,282,191,377,0,17.2,44.63,1006,282,191,1,377,30.6,109,2.6
2015,12,8,16,30,73.33,0.18,2.8000000000000003,143,50,157,0,17.7,50.83,1006,143,50,1,157,28.900000000000002,124,2.4000000000000004
2015,12,8,17,30,86.76,0.18,2.8000000000000003,1,0,1,0,19.5,63.56,1007,1,0,1,1,27,134,2.3000000000000003
2015,12,8,18,30,100.76,0.18,2.8000000000000003,0,0,0,0,20,69.33,1008,0,0,1,0,26,140,2.2
2015,12,8,19,30,114.58,0.18,2.8000000000000003,0,0,0,0,20.5,74.01,1009,0,0,1,0,25.5,144,2.1
2015,12,8,20,30,128.27,0.18,2.8000000000000003,0,0,0,0,21,78.09,1009,0,0,1,0,25.1,147,2
2015,12,8,21,30,141.57,0.18,2.8000000000000003,0,0,0,0,21.3,80.58,1009,0,0,1,0,24.900000000000002,152,1.9000000000000001
2015,12,8,22,30,153.70000000000002,0.18,2.8000000000000003,0,0,0,0,21.5,82.52,1009,0,0,1,0,24.700000000000003,158,1.8
2015,12,8,23,30,162.03,0.18,2.8000000000000003,0,0,0,0,21.6,83.29,1009,0,0,1,0,24.6,163,1.7000000000000002
2015,12,9,0,30,160.69,0.18,2.8000000000000003,0,0,0,0,21.6,83.7,1009,0,0,8,0,24.5,167,1.6
2015,12,9,1,30,150.99,0.18,2.9000000000000004,0,0,0,0,21.5,83.93,1008,0,0,8,0,24.400000000000002,172,1.4000000000000001
2015,12,9,2,30,138.46,0.18,2.9000000000000004,0,0,0,0,21.5,84.67,1008,0,0,8,0,24.200000000000003,183,1.2000000000000002
2015,12,9,3,30,125.03,0.18,2.9000000000000004,0,0,0,0,21.400000000000002,86.41,1008,0,0,8,0,23.8,206,1
2015,12,9,4,30,111.28,0.18,2.9000000000000004,0,0,0,0,21.400000000000002,88.43,1009,0,0,8,0,23.400000000000002,242,0.9
2015,12,9,5,30,97.46000000000001,0.18,3,0,0,0,0,21.3,89.35000000000001,1009,0,0,8,0,23.200000000000003,280,1
2015,12,9,6,30,83.59,0.18,3,13,0,13,0,21.400000000000002,86.47,1010,13,0,8,13,23.8,311,1.3
2015,12,9,7,30,70.16,0.18,3.1,176,54,194,0,21.6,80.49,1011,176,54,8,194,25.200000000000003,336,1.4000000000000001
2015,12,9,8,30,57.14,0.18,3.1,319,165,409,0,21.200000000000003,70.69,1011,319,165,8,409,27,182,1.2000000000000002
2015,12,9,9,30,45.050000000000004,0.18,3.2,406,265,593,6,20.400000000000002,61.51,1010,407,260,8,591,28.5,29,1.2000000000000002
2015,12,9,10,30,34.94,0.18,3.2,455,329,725,6,19.6,54.75,1010,451,323,8,715,29.700000000000003,49,1.3
2015,12,9,11,30,29,0.18,3.3000000000000003,475,360,789,6,19.3,51.21,1009,467,352,8,775,30.5,66,1.3
2015,12,9,12,30,29.85,0.18,3.3000000000000003,516,280,759,6,19.3,49.74,1008,512,273,8,748,31,84,1.4000000000000001
2015,12,9,13,30,37.02,0.18,3.3000000000000003,466,279,689,6,19.1,48.44,1007,469,269,8,684,31.3,100,1.6
2015,12,9,14,30,47.730000000000004,0.18,3.3000000000000003,390,242,553,6,19.200000000000003,48.89,1007,390,242,5,553,31.200000000000003,114,1.8
2015,12,9,15,30,60.1,0.18,3.3000000000000003,286,164,367,6,19.5,51.54,1007,286,164,5,367,30.6,127,1.9000000000000001
2015,12,9,16,30,73.25,0.18,3.3000000000000003,142,55,158,6,20,57.800000000000004,1007,142,55,5,158,29.200000000000003,138,2.1
2015,12,9,17,30,86.68,0.18,3.3000000000000003,3,0,3,6,21.700000000000003,70.35000000000001,1008,3,0,5,3,27.6,147,2.2
2015,12,9,18,30,100.66,0.18,3.4000000000000004,0,0,0,6,22.1,76.73,1008,0,0,8,0,26.5,151,2.3000000000000003
2015,12,9,19,30,114.47,0.18,3.4000000000000004,0,0,0,0,22.6,81.8,1009,0,0,8,0,26,154,2.3000000000000003
2015,12,9,20,30,128.15,0.18,3.3000000000000003,0,0,0,0,23.1,85.88,1010,0,0,8,0,25.6,154,2.1
2015,12,9,21,30,141.44,0.18,3.3000000000000003,0,0,0,0,23.3,88.59,1010,0,0,8,0,25.3,153,1.9000000000000001
2015,12,9,22,30,153.56,0.18,3.3000000000000003,0,0,0,0,23.400000000000002,89.57000000000001,1010,0,0,8,0,25.200000000000003,153,1.6
2015,12,9,23,30,161.9,0.18,3.3000000000000003,0,0,0,0,23.3,88.66,1009,0,0,8,0,25.3,157,1.1
2015,12,10,0,30,160.65,0.18,3.3000000000000003,0,0,0,0,23.200000000000003,88.53,1008,0,0,8,0,25.200000000000003,180,0.7000000000000001
2015,12,10,1,30,151.03,0.18,3.3000000000000003,0,0,0,6,23.1,90.57000000000001,1008,0,0,8,0,24.700000000000003,240,0.6000000000000001
2015,12,10,2,30,138.52,0.18,3.3000000000000003,0,0,0,6,22.900000000000002,93.17,1008,0,0,8,0,24.1,285,0.9
2015,12,10,3,30,125.11,0.18,3.3000000000000003,0,0,0,6,22.8,95.29,1008,0,0,8,0,23.6,292,1.2000000000000002
2015,12,10,4,30,111.38,0.18,3.3000000000000003,0,0,0,6,22.6,96.43,1008,0,0,8,0,23.200000000000003,293,1.5
2015,12,10,5,30,97.57000000000001,0.18,3.3000000000000003,0,0,0,6,22.3,95.44,1009,0,0,8,0,23.1,294,1.8
2015,12,10,6,30,83.7,0.18,3.2,25,4,26,6,22,89.86,1010,25,4,5,26,23.8,295,2
2015,12,10,7,30,70.28,0.18,3.2,174,124,215,6,21.6,79.83,1010,111,2,8,111,25.3,296,1.9000000000000001
2015,12,10,8,30,57.27,0.18,3.1,282,271,429,6,20.6,67.36,1010,265,15,8,273,27.200000000000003,294,1.5
2015,12,10,9,30,45.19,0.18,3.1,348,378,614,6,19.3,55.4,1010,449,192,8,584,29.1,284,1
2015,12,10,10,30,35.08,0.18,3.2,382,445,747,6,18.400000000000002,49.15,1010,382,445,5,747,30.3,244,0.6000000000000001
2015,12,10,11,30,29.11,0.18,3.2,395,480,814,6,18.8,47.94,1009,395,480,5,814,31.1,195,0.8
2015,12,10,12,30,29.900000000000002,0.18,3.3000000000000003,416,436,794,6,18.8,46.95,1008,416,436,3,794,31.5,175,1.2000000000000002
2015,12,10,13,30,37.02,0.18,3.4000000000000004,392,402,713,0,19.1,47.44,1007,392,402,8,713,31.6,171,1.7000000000000002
2015,12,10,14,30,47.69,0.18,3.5,346,330,568,0,19.5,49.550000000000004,1007,346,330,8,568,31.3,170,2
2015,12,10,15,30,60.03,0.18,3.5,279,193,375,0,19.8,52.63,1007,279,193,8,375,30.6,169,2.3000000000000003
2015,12,10,16,30,73.17,0.18,3.6,143,58,159,6,20.3,58.77,1007,143,58,5,159,29.200000000000003,170,2.3000000000000003
2015,12,10,17,30,86.59,0.18,3.6,3,0,3,6,22,71.88,1008,3,0,5,3,27.5,173,2.3000000000000003
2015,12,10,18,30,100.55,0.18,3.7,0,0,0,6,22.6,78.58,1009,0,0,8,0,26.6,177,2.2
2015,12,10,19,30,114.36,0.18,3.7,0,0,0,3,23.1,83.13,1009,0,0,8,0,26.200000000000003,183,2.1
2015,12,10,20,30,128.03,0.18,3.7,0,0,0,3,23.5,86.78,1010,0,0,8,0,25.900000000000002,188,1.9000000000000001
2015,12,10,21,30,141.31,0.18,3.7,0,0,0,3,23.700000000000003,89.44,1010,0,0,8,0,25.6,193,1.7000000000000002
2015,12,10,22,30,153.43,0.18,3.7,0,0,0,3,23.8,90.69,1010,0,0,8,0,25.400000000000002,199,1.6
2015,12,10,23,30,161.78,0.18,3.7,0,0,0,3,23.700000000000003,91.8,1009,0,0,8,0,25.1,208,1.5
2015,12,11,0,30,160.62,0.18,3.7,0,0,0,3,23.5,92.02,1009,0,0,8,0,24.900000000000002,219,1.5
2015,12,11,1,30,151.07,0.18,3.6,0,0,0,0,23.400000000000002,92.88,1009,0,0,8,0,24.6,232,1.5
2015,12,11,2,30,138.59,0.18,3.6,0,0,0,0,23.200000000000003,93.65,1009,0,0,8,0,24.3,245,1.6
2015,12,11,3,30,125.2,0.18,3.5,0,0,0,0,23,94.37,1009,0,0,8,0,24,255,1.7000000000000002
2015,12,11,4,30,111.48,0.18,3.5,0,0,0,0,22.900000000000002,95.16,1009,0,0,8,0,23.700000000000003,262,1.8
2015,12,11,5,30,97.68,0.18,3.5,0,0,0,0,22.700000000000003,94.60000000000001,1010,0,0,8,0,23.6,270,1.9000000000000001
2015,12,11,6,30,83.82000000000001,0.18,3.5,11,0,11,0,22.5,90.29,1011,11,0,8,11,24.200000000000003,278,2.1
2015,12,11,7,30,70.41,0.18,3.4000000000000004,169,47,185,0,22.200000000000003,81.99,1011,169,47,8,185,25.5,281,2.2
2015,12,11,8,30,57.4,0.18,3.4000000000000004,318,145,396,0,21.400000000000002,69.9,1011,318,145,8,396,27.400000000000002,280,1.9000000000000001
2015,12,11,9,30,45.32,0.18,3.5,401,265,588,0,20.3,58.64,1011,401,265,8,588,29.200000000000003,281,1.4000000000000001
2015,12,11,10,30,35.21,0.18,3.5,453,325,719,0,19.5,51.97,1010,453,325,8,719,30.5,286,0.9
2015,12,11,11,30,29.22,0.18,3.5,473,357,785,0,19.5,49.7,1009,473,357,8,785,31.200000000000003,225,0.5
2015,12,11,12,30,29.95,0.18,3.5,596,118,698,0,19.400000000000002,49.050000000000004,1008,596,118,8,698,31.400000000000002,157,0.8
2015,12,11,13,30,37.01,0.18,3.5,540,96,617,0,19.700000000000003,49.47,1007,540,96,8,617,31.5,152,1.4000000000000001
2015,12,11,14,30,47.65,0.18,3.6,429,60,470,0,20.1,51.76,1007,429,60,8,470,31.200000000000003,153,1.9000000000000001
2015,12,11,15,30,59.97,0.18,3.6,265,23,277,0,20.5,55.33,1007,265,23,8,277,30.5,156,2.4000000000000004
2015,12,11,16,30,73.09,0.18,3.6,77,2,77,0,21.200000000000003,62.38,1008,77,2,8,77,29.1,161,2.5
2015,12,11,17,30,86.5,0.18,3.7,0,0,0,0,22.5,73.57000000000001,1009,0,0,8,0,27.700000000000003,167,2.5
2015,12,11,18,30,100.45,0.18,3.6,0,0,0,0,22.900000000000002,78.95,1009,0,0,8,0,26.900000000000002,173,2.4000000000000004
2015,12,11,19,30,114.24000000000001,0.18,3.6,0,0,0,0,23.3,83.16,1010,0,0,8,0,26.400000000000002,178,2.3000000000000003
2015,12,11,20,30,127.91,0.18,3.6,0,0,0,0,23.6,86.02,1011,0,0,8,0,26.1,182,2.1
2015,12,11,21,30,141.18,0.18,3.6,0,0,0,6,23.8,89.05,1011,0,0,8,0,25.700000000000003,188,1.9000000000000001
2015,12,11,22,30,153.29,0.18,3.6,0,0,0,6,23.900000000000002,90.79,1010,0,0,8,0,25.5,195,1.7000000000000002
2015,12,11,23,30,161.67000000000002,0.18,3.6,0,0,0,6,23.900000000000002,91.93,1010,0,0,8,0,25.3,207,1.5
2015,12,12,0,30,160.6,0.18,3.6,0,0,0,6,23.8,92.7,1010,0,0,8,0,25.1,223,1.5
2015,12,12,1,30,151.11,0.18,3.6,0,0,0,6,23.8,93.66,1009,0,0,8,0,24.900000000000002,241,1.5
2015,12,12,2,30,138.67000000000002,0.18,3.6,0,0,0,6,23.8,96,1009,0,0,8,0,24.5,255,1.7000000000000002
2015,12,12,3,30,125.29,0.18,3.6,0,0,0,6,23.8,97.29,1009,0,0,8,0,24.3,264,2
2015,12,12,4,30,111.58,0.18,3.7,0,0,0,6,23.8,98.96000000000001,1009,0,0,8,0,24,272,2.2
2015,12,12,5,30,97.79,0.18,3.7,0,0,0,6,23.700000000000003,98.71000000000001,1009,0,0,8,0,23.900000000000002,279,2.3000000000000003
2015,12,12,6,30,83.93,0.18,3.7,6,0,6,6,23.5,94.13,1010,6,0,5,6,24.5,285,2.4000000000000004
2015,12,12,7,30,70.53,0.18,3.8000000000000003,156,29,166,6,23.200000000000003,85.84,1011,149,1,8,150,25.8,287,2.2
2015,12,12,8,30,57.53,0.18,3.8000000000000003,319,113,379,6,22.6,74.89,1011,248,5,8,250,27.400000000000002,287,1.8
2015,12,12,9,30,45.46,0.18,3.8000000000000003,425,199,564,6,21.700000000000003,65.35,1011,451,47,8,485,28.900000000000002,287,1.4000000000000001
2015,12,12,10,30,35.34,0.18,3.7,483,265,699,6,21.1,58.47,1010,483,265,5,699,30.1,276,1
2015,12,12,11,30,29.32,0.18,3.7,503,304,768,6,20.900000000000002,55.11,1009,503,304,5,768,31,240,0.8
2015,12,12,12,30,30,0.18,3.6,449,388,785,6,20.700000000000003,52.68,1008,461,363,8,776,31.5,200,1
2015,12,12,13,30,37,0.18,3.6,420,362,709,6,20.700000000000003,52.21,1007,434,341,8,707,31.700000000000003,181,1.4000000000000001
2015,12,12,14,30,47.6,0.18,3.6,367,297,567,6,20.8,53.19,1006,367,297,5,567,31.5,175,1.8
2015,12,12,15,30,59.9,0.18,3.6,278,202,379,6,21,55.77,1006,278,202,5,379,30.900000000000002,175,2.2
2015,12,12,16,30,73.01,0.18,3.7,146,65,165,6,21.5,61.68,1007,146,65,5,165,29.6,178,2.5
2015,12,12,17,30,86.41,0.18,3.7,4,0,4,6,22.8,73.41,1007,4,0,5,4,28,182,2.7
2015,12,12,18,30,100.35000000000001,0.18,3.7,0,0,0,6,23.5,80.65,1008,0,0,8,0,27.1,187,2.9000000000000004
2015,12,12,19,30,114.13,0.18,3.7,0,0,0,6,24.1,86.26,1009,0,0,8,0,26.6,193,2.9000000000000004
2015,12,12,20,30,127.79,0.18,3.7,0,0,0,6,24.5,90.62,1009,0,0,8,0,26.200000000000003,198,2.7
2015,12,12,21,30,141.05,0.18,3.7,0,0,0,6,24.8,93.62,1009,0,0,8,0,25.900000000000002,202,2.6
2015,12,12,22,30,153.16,0.18,3.7,0,0,0,6,24.900000000000002,95.2,1009,0,0,8,0,25.700000000000003,206,2.5
2015,12,12,23,30,161.56,0.18,3.6,0,0,0,6,24.900000000000002,96.84,1009,0,0,8,0,25.400000000000002,210,2.4000000000000004
2015,12,13,0,30,160.58,0.18,3.6,0,0,0,6,24.8,98.07000000000001,1008,0,0,8,0,25.1,216,2.3000000000000003
2015,12,13,1,30,151.16,0.18,3.6,0,0,0,6,24.700000000000003,98.65,1008,0,0,8,0,24.900000000000002,222,2.2
2015,12,13,2,30,138.75,0.18,3.6,0,0,0,6,24.5,99.53,1008,0,0,8,0,24.6,231,2.1
2015,12,13,3,30,125.38000000000001,0.18,3.6,0,0,0,6,24.400000000000002,99.76,1008,0,0,8,0,24.400000000000002,242,2.1
2015,12,13,4,30,111.69,0.18,3.6,0,0,0,6,24.200000000000003,99.94,1008,0,0,8,0,24.200000000000003,252,2.1
2015,12,13,5,30,97.9,0.18,3.6,0,0,0,6,24,98.77,1009,0,0,8,0,24.200000000000003,261,2.2
2015,12,13,6,30,84.05,0.18,3.6,18,1,18,6,23.8,93.37,1009,18,1,5,18,24.900000000000002,268,2.4000000000000004
2015,12,13,7,30,70.65,0.18,3.6,174,97,206,6,23.5,85.22,1009,174,97,5,206,26.200000000000003,271,2.5
2015,12,13,8,30,57.660000000000004,0.18,3.6,291,240,419,6,23.1,76.16,1010,346,75,8,386,27.700000000000003,270,2.4000000000000004
2015,12,13,9,30,45.59,0.18,3.6,354,363,607,6,22.400000000000002,67.37,1009,444,142,8,544,29.1,266,2
2015,12,13,10,30,35.46,0.18,3.6,391,430,741,6,21.8,61.07,1009,494,229,8,680,30.1,254,1.5
2015,12,13,11,30,29.42,0.18,3.7,407,460,807,6,21.700000000000003,58.300000000000004,1008,513,110,8,609,30.8,234,1.3
2015,12,13,12,30,30.03,0.18,3.7,478,339,771,6,21.3,56.120000000000005,1007,428,15,8,441,31.1,212,1.4000000000000001
2015,12,13,13,30,36.980000000000004,0.18,3.8000000000000003,447,308,693,6,21.200000000000003,55.53,1006,290,3,8,293,31.200000000000003,197,1.7000000000000002
2015,12,13,14,30,47.54,0.18,3.9000000000000004,387,244,552,6,21.3,56.730000000000004,1006,194,1,8,194,30.900000000000002,189,2.1
2015,12,13,15,30,59.82,0.18,3.9000000000000004,288,150,364,6,21.400000000000002,59.31,1006,159,1,8,160,30.200000000000003,184,2.5
2015,12,13,16,30,72.92,0.18,4,139,42,151,6,21.8,64.66,1006,125,1,8,126,29.1,181,2.8000000000000003
2015,12,13,17,30,86.31,0.18,4.1000000000000005,2,0,2,6,22.900000000000002,74.5,1007,2,0,5,2,27.8,179,2.8000000000000003
2015,12,13,18,30,100.24000000000001,0.18,4.1000000000000005,0,0,0,6,23.400000000000002,81.33,1007,0,0,8,0,26.900000000000002,179,2.8000000000000003
2015,12,13,19,30,114.02,0.18,4.1000000000000005,0,0,0,6,23.8,85.26,1008,0,0,8,0,26.5,179,2.7
2015,12,13,20,30,127.67,0.18,4.2,0,0,0,6,24.1,88.38,1009,0,0,8,0,26.200000000000003,179,2.5
2015,12,13,21,30,140.93,0.18,4.2,0,0,0,6,24.3,90.94,1009,0,0,8,0,25.900000000000002,179,2.3000000000000003
2015,12,13,22,30,153.03,0.18,4.2,0,0,0,6,24.400000000000002,92.48,1009,0,0,8,0,25.700000000000003,179,2.2
2015,12,13,23,30,161.46,0.18,4.2,0,0,0,6,24.400000000000002,93.54,1008,0,0,8,0,25.5,181,2.1
2015,12,14,0,30,160.57,0.18,4.2,0,0,0,0,24.3,94.36,1008,0,0,1,0,25.3,184,2
2015,12,14,1,30,151.21,0.18,4.2,0,0,0,0,24.200000000000003,94.83,1007,0,0,1,0,25.1,187,1.9000000000000001
2015,12,14,2,30,138.83,0.18,4.2,0,0,0,0,24.1,95.36,1007,0,0,1,0,24.900000000000002,188,1.8
2015,12,14,3,30,125.48,0.18,4.1000000000000005,0,0,0,0,24,95.14,1007,0,0,1,0,24.8,186,1.7000000000000002
2015,12,14,4,30,111.79,0.18,4.1000000000000005,0,0,0,0,23.8,94.16,1007,0,0,1,0,24.8,186,1.6
2015,12,14,5,30,98.01,0.18,4,0,0,0,0,23.6,92.75,1008,0,0,1,0,24.900000000000002,187,1.4000000000000001
2015,12,14,6,30,84.17,0.18,3.9000000000000004,17,1,17,0,23.6,88.17,1008,17,1,1,17,25.700000000000003,185,1.3
2015,12,14,7,30,70.78,0.18,3.8000000000000003,172,99,204,0,23.5,81.5,1009,172,99,1,204,26.900000000000002,174,1.2000000000000002
2015,12,14,8,30,57.78,0.18,3.7,287,247,419,0,22.8,72.58,1009,287,247,1,419,28.200000000000003,150,1.1
2015,12,14,9,30,45.71,0.18,3.6,353,363,606,0,22,64.63,1009,353,363,1,606,29.400000000000002,126,1.2000000000000002
2015,12,14,10,30,35.58,0.18,3.6,387,436,742,0,21.400000000000002,58.67,1008,387,436,1,742,30.400000000000002,117,1.5
2015,12,14,11,30,29.5,0.18,3.5,398,477,813,0,21.1,55.67,1008,398,477,1,813,31,117,1.8
2015,12,14,12,30,30.060000000000002,0.18,3.5,392,482,809,0,21,54.21,1007,392,482,1,809,31.400000000000002,123,2
2015,12,14,13,30,36.95,0.18,3.5,370,452,731,0,20.900000000000002,53.78,1006,370,452,1,731,31.400000000000002,129,2.2
2015,12,14,14,30,47.49,0.18,3.5,329,384,589,0,20.900000000000002,54.27,1006,329,384,1,589,31.200000000000003,135,2.4000000000000004
2015,12,14,15,30,59.75,0.18,3.5,277,214,385,0,20.8,56.38,1006,277,214,0,385,30.5,140,2.5
2015,12,14,16,30,72.83,0.18,3.5,149,73,171,0,21.1,61.480000000000004,1006,149,73,0,171,29.3,144,2.5
2015,12,14,17,30,86.22,0.18,3.5,5,0,5,0,22.200000000000003,71.28,1007,5,0,0,5,27.900000000000002,148,2.4000000000000004
2015,12,14,18,30,100.13,0.18,3.5,0,0,0,0,22.8,77.98,1007,0,0,0,0,27,149,2.3000000000000003
2015,12,14,19,30,113.9,0.18,3.5,0,0,0,0,23.200000000000003,81.71000000000001,1008,0,0,0,0,26.6,148,2.1
2015,12,14,20,30,127.56,0.18,3.4000000000000004,0,0,0,0,23.5,85.4,1009,0,0,0,0,26.1,146,1.9000000000000001
2015,12,14,21,30,140.8,0.18,3.3000000000000003,0,0,0,0,23.6,87.04,1009,0,0,0,0,25.900000000000002,143,1.6
2015,12,14,22,30,152.91,0.18,3.3000000000000003,0,0,0,0,23.5,87.2,1009,0,0,0,0,25.8,142,1.2000000000000002
2015,12,14,23,30,161.37,0.18,3.2,0,0,0,0,23.3,86.3,1009,0,0,0,0,25.8,145,0.8
2015,12,15,0,30,160.57,0.18,3.2,0,0,0,0,23.200000000000003,86.96000000000001,1008,0,0,0,0,25.5,215,0.4
2015,12,15,1,30,151.27,0.18,3.2,0,0,0,0,23.1,89.23,1008,0,0,0,0,25,294,0.6000000000000001
2015,12,15,2,30,138.91,0.18,3.2,0,0,0,0,23.1,92.38,1007,0,0,0,0,24.400000000000002,305,1
2015,12,15,3,30,125.58,0.18,3.1,0,0,0,0,23.1,94.54,1007,0,0,0,0,24,305,1.4000000000000001
2015,12,15,4,30,111.9,0.18,3,0,0,0,0,23,95.77,1008,0,0,0,0,23.700000000000003,306,1.7000000000000002
2015,12,15,5,30,98.13,0.18,3,0,0,0,0,22.8,95.46000000000001,1008,0,0,0,0,23.6,310,1.9000000000000001
2015,12,15,6,30,84.28,0.18,2.9000000000000004,17,2,17,0,22.6,90.79,1009,17,2,0,17,24.200000000000003,317,2.2
2015,12,15,7,30,70.9,0.18,2.9000000000000004,169,104,203,0,22.200000000000003,80.88,1010,169,104,0,203,25.700000000000003,324,2.2
2015,12,15,8,30,57.910000000000004,0.18,2.9000000000000004,284,250,417,0,21.3,68.03,1010,284,250,0,417,27.700000000000003,337,1.9000000000000001
2015,12,15,9,30,45.84,0.18,2.8000000000000003,356,358,605,0,19.8,55.71,1010,356,358,0,605,29.6,180,1.8
2015,12,15,10,30,35.69,0.18,2.8000000000000003,395,426,741,0,18.7,47.89,1009,395,426,0,741,31,27,1.7000000000000002
2015,12,15,11,30,29.580000000000002,0.18,2.7,413,458,811,0,18.5,44.76,1008,413,458,0,811,32,52,1.8
2015,12,15,12,30,30.080000000000002,0.18,2.7,384,501,818,0,18.1,42.06,1007,384,501,0,818,32.6,74,2
2015,12,15,13,30,36.92,0.18,2.6,368,466,740,0,17.900000000000002,41.14,1006,368,466,0,740,32.800000000000004,90,2.2
2015,12,15,14,30,47.42,0.18,2.6,331,390,594,0,17.7,40.93,1006,331,390,0,594,32.7,103,2.4000000000000004
2015,12,15,15,30,59.660000000000004,0.18,2.5,273,237,393,0,17.8,42.77,1006,273,237,0,393,32,117,2.4000000000000004
2015,12,15,16,30,72.74,0.18,2.4000000000000004,150,83,175,0,18.3,49.04,1006,150,83,0,175,30.200000000000003,129,2.4000000000000004
2015,12,15,17,30,86.12,0.18,2.4000000000000004,5,0,5,0,20.1,61.43,1007,5,0,0,5,28.200000000000003,136,2.4000000000000004
2015,12,15,18,30,100.02,0.18,2.3000000000000003,0,0,0,0,20.400000000000002,67.21000000000001,1007,0,0,0,0,27,136,2.4000000000000004
2015,12,15,19,30,113.79,0.18,2.3000000000000003,0,0,0,0,21,72.16,1008,0,0,0,0,26.400000000000002,135,2.2
2015,12,15,20,30,127.44,0.18,2.3000000000000003,0,0,0,0,21.3,75.77,1009,0,0,0,0,25.900000000000002,132,2
2015,12,15,21,30,140.68,0.18,2.3000000000000003,0,0,0,0,21.400000000000002,77.21000000000001,1009,0,0,0,0,25.700000000000003,130,1.8
2015,12,15,22,30,152.79,0.18,2.2,0,0,0,0,21.400000000000002,77.7,1009,0,0,0,0,25.6,126,1.5
2015,12,15,23,30,161.28,0.18,2.2,0,0,0,0,21.200000000000003,77.15,1009,0,0,0,0,25.5,114,1
2015,12,16,0,30,160.57,0.18,2.2,0,0,0,0,20.900000000000002,77.33,1008,0,0,0,0,25.1,65,0.6000000000000001
2015,12,16,1,30,151.33,0.18,2.2,0,0,0,0,20.5,79.59,1008,0,0,0,0,24.3,184,0.8
2015,12,16,2,30,139,0.18,2.2,0,0,0,0,20.400000000000002,82.15,1008,0,0,0,0,23.6,337,1.3
2015,12,16,3,30,125.68,0.18,2.1,0,0,0,0,20.200000000000003,84.32000000000001,1008,0,0,0,0,23,330,1.6
2015,12,16,4,30,112.01,0.18,2.1,0,0,0,0,20,85.86,1008,0,0,0,0,22.5,330,1.8
2015,12,16,5,30,98.24000000000001,0.18,2.1,0,0,0,0,19.8,85.73,1009,0,0,0,0,22.3,336,1.8
2015,12,16,6,30,84.39,0.18,2.1,16,1,16,0,19.700000000000003,81.75,1010,16,1,0,16,23,348,2
2015,12,16,7,30,71.02,0.18,2.1,176,100,208,0,19.5,72.4,1011,176,100,0,208,24.8,182,2
2015,12,16,8,30,58.03,0.18,2.1,295,252,428,0,18.7,60.67,1011,295,252,0,428,26.900000000000002,14,1.9000000000000001
2015,12,16,9,30,45.95,0.18,2,334,422,628,0,17.5,50.43,1010,334,422,0,628,28.8,21,1.9000000000000001
2015,12,16,10,30,35.800000000000004,0.18,2,366,496,768,0,16.3,43.02,1010,366,496,0,768,30.3,29,1.8
2015,12,16,11,30,29.650000000000002,0.18,1.9000000000000001,378,534,843,0,15.200000000000001,37.7,1009,378,534,0,843,31.3,40,1.6
2015,12,16,12,30,30.09,0.18,1.8,412,478,826,0,14.5,34.83,1008,412,478,0,826,31.900000000000002,59,1.3
2015,12,16,13,30,36.88,0.18,1.7000000000000002,392,446,749,0,14.4,34.37,1007,392,446,0,749,32.1,89,1.1
2015,12,16,14,30,47.35,0.18,1.7000000000000002,349,374,603,0,14,33.69,1006,349,374,0,603,31.900000000000002,121,1.3
2015,12,16,15,30,59.58,0.18,1.7000000000000002,276,255,405,0,14.100000000000001,35.27,1006,276,255,0,405,31.3,142,1.6
2015,12,16,16,30,72.64,0.18,1.7000000000000002,155,96,184,0,14.8,40.46,1007,155,96,0,184,29.6,153,1.9000000000000001
2015,12,16,17,30,86.02,0.18,1.7000000000000002,6,0,6,0,17.5,54.27,1007,6,0,0,6,27.6,159,2.2
2015,12,16,18,30,99.92,0.18,1.8,0,0,0,0,18.2,60.7,1008,0,0,0,0,26.400000000000002,163,2.3000000000000003
2015,12,16,19,30,113.68,0.18,1.8,0,0,0,0,19.1,66.99,1009,0,0,0,0,25.700000000000003,167,2.2
2015,12,16,20,30,127.32000000000001,0.18,1.9000000000000001,0,0,0,0,20,72.32000000000001,1009,0,0,0,0,25.3,170,2.1
2015,12,16,21,30,140.56,0.18,1.9000000000000001,0,0,0,0,20.5,76.53,1009,0,0,0,0,24.900000000000002,172,1.9000000000000001
2015,12,16,22,30,152.67000000000002,0.18,1.9000000000000001,0,0,0,0,20.700000000000003,78,1009,0,0,0,0,24.8,175,1.6
2015,12,16,23,30,161.20000000000002,0.18,1.9000000000000001,0,0,0,0,20.700000000000003,78.04,1009,0,0,0,0,24.8,181,1.4000000000000001
2015,12,17,0,30,160.58,0.18,2,0,0,0,0,20.5,77.26,1008,0,0,0,0,24.8,193,1.1
2015,12,17,1,30,151.4,0.18,2,0,0,0,0,20.400000000000002,77.60000000000001,1007,0,0,0,0,24.6,217,0.9
2015,12,17,2,30,139.09,0.18,2,0,0,0,0,20.400000000000002,79.26,1007,0,0,0,0,24.200000000000003,245,0.9
2015,12,17,3,30,125.78,0.18,2.1,0,0,0,0,20.400000000000002,81.8,1007,0,0,0,0,23.700000000000003,265,1
2015,12,17,4,30,112.11,0.18,2.1,0,0,0,0,20.5,84.56,1008,0,0,0,0,23.200000000000003,279,1.2000000000000002
2015,12,17,5,30,98.35000000000001,0.18,2.1,0,0,0,0,20.400000000000002,85.4,1009,0,0,0,0,23,292,1.4000000000000001
2015,12,17,6,30,84.51,0.18,2.2,16,2,16,0,20.400000000000002,82.69,1009,16,2,0,16,23.5,304,1.6
2015,12,17,7,30,71.14,0.18,2.2,168,109,204,0,20.5,75.98,1010,168,109,0,204,25,312,1.7000000000000002
2015,12,17,8,30,58.15,0.18,2.3000000000000003,283,263,422,0,20.1,66.86,1010,283,263,0,422,26.8,318,1.4000000000000001
2015,12,17,9,30,46.07,0.18,2.4000000000000004,349,378,612,0,19.400000000000002,57.53,1010,349,378,0,612,28.6,323,1.1
2015,12,17,10,30,35.9,0.18,2.4000000000000004,385,451,751,0,18,48.59,1010,385,451,0,751,30,317,0.8
2015,12,17,11,30,29.72,0.18,2.5,398,487,821,0,16.8,42.730000000000004,1009,398,487,0,821,30.900000000000002,266,0.6000000000000001
2015,12,17,12,30,30.1,0.18,2.6,384,505,821,0,17,42.44,1008,384,505,0,821,31.3,211,0.8
2015,12,17,13,30,36.84,0.18,2.6,363,476,744,0,17.1,42.13,1007,363,476,0,744,31.5,196,1.4000000000000001
2015,12,17,14,30,47.28,0.18,2.7,322,410,600,0,17.400000000000002,43.63,1007,322,410,0,600,31.200000000000003,192,1.9000000000000001
2015,12,17,15,30,59.49,0.18,2.8000000000000003,271,243,394,0,17.7,46.28,1007,271,243,0,394,30.5,189,2.4000000000000004
2015,12,17,16,30,72.54,0.18,2.9000000000000004,150,96,179,0,18.3,52.06,1007,150,96,0,179,29.1,189,2.5
2015,12,17,17,30,85.91,0.18,3,8,1,8,0,20.3,65.31,1008,8,1,0,8,27.400000000000002,191,2.4000000000000004
2015,12,17,18,30,99.8,0.18,3.1,0,0,0,0,21,72.36,1009,0,0,0,0,26.400000000000002,194,2.4000000000000004
2015,12,17,19,30,113.56,0.18,3.2,0,0,0,3,21.6,77.17,1009,0,0,0,0,25.900000000000002,197,2.3000000000000003
2015,12,17,20,30,127.2,0.18,3.2,0,0,0,0,22,80.91,1010,0,0,0,0,25.5,201,2.3000000000000003
2015,12,17,21,30,140.44,0.18,3.3000000000000003,0,0,0,0,22.200000000000003,83.55,1010,0,0,0,0,25.200000000000003,208,2.2
2015,12,17,22,30,152.56,0.18,3.3000000000000003,0,0,0,0,22.3,85.66,1010,0,0,0,0,24.900000000000002,217,2.2
2015,12,17,23,30,161.12,0.18,3.3000000000000003,0,0,0,0,22.3,87.25,1010,0,0,0,0,24.6,227,2.1
2015,12,18,0,30,160.59,0.18,3.4000000000000004,0,0,0,0,22.3,88.37,1009,0,0,0,0,24.3,238,2.1
2015,12,18,1,30,151.47,0.18,3.4000000000000004,0,0,0,0,22.1,89.39,1009,0,0,0,0,24,249,2.2
2015,12,18,2,30,139.18,0.18,3.5,0,0,0,1,21.900000000000002,89.9,1009,0,0,0,0,23.700000000000003,261,2.3000000000000003
2015,12,18,3,30,125.88000000000001,0.18,3.4000000000000004,0,0,0,3,21.6,89.58,1009,0,0,0,0,23.400000000000002,272,2.2
2015,12,18,4,30,112.22,0.18,3.4000000000000004,0,0,0,0,21.1,89.47,1009,0,0,0,0,22.900000000000002,284,2.2
2015,12,18,5,30,98.47,0.18,3.3000000000000003,0,0,0,0,20.400000000000002,87.58,1010,0,0,0,0,22.6,294,2.3000000000000003
2015,12,18,6,30,84.62,0.18,3.2,16,4,17,0,19.700000000000003,82.23,1011,16,4,0,17,22.900000000000002,301,2.6
2015,12,18,7,30,71.25,0.18,3.1,158,125,198,0,18.8,71.43,1011,158,125,0,198,24.3,302,2.7
2015,12,18,8,30,58.26,0.18,2.9000000000000004,267,280,414,0,18.1,60.44,1011,267,280,0,414,26.400000000000002,302,2.8000000000000003
2015,12,18,9,30,46.18,0.18,2.8000000000000003,312,438,615,0,17.2,49.97,1011,312,438,0,615,28.6,305,2.8000000000000003
2015,12,18,10,30,36,0.18,2.7,340,514,756,0,15.4,40.71,1010,340,514,0,756,30.200000000000003,311,2.5
2015,12,18,11,30,29.78,0.18,2.6,344,556,827,0,13.700000000000001,34.18,1009,344,556,0,827,31.3,315,2
2015,12,18,12,30,30.1,0.18,2.5,359,531,818,0,13.100000000000001,31.44,1008,359,531,0,818,32.1,313,1.4000000000000001
2015,12,18,13,30,36.79,0.18,2.4000000000000004,340,505,744,0,11.200000000000001,27.21,1007,340,505,0,744,32.5,273,0.9
2015,12,18,14,30,47.21,0.18,2.4000000000000004,300,445,603,0,11.200000000000001,27.330000000000002,1007,300,445,0,603,32.4,206,0.8
2015,12,18,15,30,59.4,0.18,2.4000000000000004,239,338,411,0,12.5,30.77,1007,239,338,0,411,31.8,175,1.2000000000000002
2015,12,18,16,30,72.44,0.18,2.5,143,168,193,0,13.8,36.25,1007,143,168,0,193,30.400000000000002,170,1.7000000000000002
2015,12,18,17,30,85.81,0.18,2.6,13,5,14,7,16.400000000000002,47.74,1008,13,5,5,14,28.6,168,2.1
2015,12,18,18,30,99.69,0.18,2.7,0,0,0,5,17.5,54.980000000000004,1009,0,0,0,0,27.3,169,2.3000000000000003
2015,12,18,19,30,113.45,0.18,2.8000000000000003,0,0,0,4,18.400000000000002,60.96,1010,0,0,0,0,26.5,170,2.2
2015,12,18,20,30,127.09,0.18,2.9000000000000004,0,0,0,3,18.900000000000002,65.04,1010,0,0,0,0,26,172,2
2015,12,18,21,30,140.33,0.18,3,0,0,0,3,19.200000000000003,67.32000000000001,1010,0,0,0,0,25.700000000000003,173,1.7000000000000002
2015,12,18,22,30,152.45000000000002,0.18,3,0,0,0,3,19.200000000000003,68.78,1010,0,0,0,0,25.400000000000002,171,1.4000000000000001
2015,12,18,23,30,161.06,0.18,3,0,0,0,3,19.1,68.79,1010,0,0,0,0,25.200000000000003,170,1.2000000000000002
2015,12,19,0,30,160.61,0.18,3,0,0,0,0,18.8,68.39,1009,0,0,0,0,25,175,1
2015,12,19,1,30,151.55,0.18,3,0,0,0,0,18.5,67.89,1008,0,0,0,0,24.8,191,0.8
2015,12,19,2,30,139.28,0.18,3,0,0,0,0,18.2,68.39,1008,0,0,0,0,24.400000000000002,215,0.9
2015,12,19,3,30,125.99000000000001,0.18,3,0,0,0,0,18.1,69.93,1008,0,0,0,0,23.900000000000002,235,1
2015,12,19,4,30,112.34,0.18,3,0,0,0,0,18,71.81,1008,0,0,0,0,23.400000000000002,250,1.1
2015,12,19,5,30,98.58,0.18,3,0,0,0,0,18,72.92,1009,0,0,0,0,23.1,264,1.1
2015,12,19,6,30,84.74,0.18,3.1,22,9,22,0,18.1,71.2,1010,22,9,0,22,23.6,287,1.1
2015,12,19,7,30,71.37,0.18,3.1,154,179,211,0,17.8,64.41,1010,154,179,0,211,25,315,0.9
2015,12,19,8,30,58.38,0.18,3.2,244,345,425,0,17.7,56.75,1011,244,345,0,425,27,228,0.6000000000000001
2015,12,19,9,30,46.29,0.18,3.3000000000000003,298,456,613,0,17.6,50.52,1010,298,456,0,613,28.900000000000002,129,0.8
2015,12,19,10,30,36.09,0.18,3.4000000000000004,327,524,750,0,17.3,46.09,1009,327,524,0,750,30.200000000000003,131,1.2000000000000002
2015,12,19,11,30,29.830000000000002,0.18,3.5,340,554,820,0,17.2,43.59,1009,340,554,0,820,31,140,1.5
2015,12,19,12,30,30.09,0.18,3.6,364,510,805,0,17.2,42.63,1008,364,510,0,805,31.400000000000002,149,1.6
2015,12,19,13,30,36.74,0.18,3.6,349,473,728,0,17.6,43.67,1007,349,473,0,728,31.400000000000002,155,1.8
2015,12,19,14,30,47.12,0.18,3.7,314,399,586,0,17.8,44.910000000000004,1007,314,399,0,586,31.200000000000003,159,2
2015,12,19,15,30,59.300000000000004,0.18,3.8000000000000003,245,303,400,0,17.900000000000002,46.77,1007,245,303,0,400,30.6,164,2.2
2015,12,19,16,30,72.34,0.18,3.8000000000000003,145,134,186,0,18.3,51.5,1007,145,134,0,186,29.3,169,2.3000000000000003
2015,12,19,17,30,85.7,0.18,3.8000000000000003,11,3,11,0,19.900000000000002,62.2,1008,11,3,0,11,27.8,172,2.2
2015,12,19,18,30,99.58,0.18,3.8000000000000003,0,0,0,0,20.700000000000003,68.84,1009,0,0,0,0,26.900000000000002,174,2.3000000000000003
2015,12,19,19,30,113.33,0.18,3.8000000000000003,0,0,0,3,21.200000000000003,73.22,1009,0,0,0,0,26.400000000000002,176,2.3000000000000003
2015,12,19,20,30,126.97,0.18,3.7,0,0,0,3,21.6,76.82000000000001,1010,0,0,0,0,26,179,2.3000000000000003
2015,12,19,21,30,140.21,0.18,3.7,0,0,0,3,21.900000000000002,80.12,1010,0,0,0,0,25.6,182,2.3000000000000003
2015,12,19,22,30,152.35,0.18,3.7,0,0,0,8,22.200000000000003,82.77,1009,0,0,0,0,25.3,187,2.3000000000000003
2015,12,19,23,30,160.99,0.18,3.7,0,0,0,0,22.3,84.97,1009,0,0,0,0,25,194,2.2
2015,12,20,0,30,160.64000000000001,0.18,3.7,0,0,0,1,22.400000000000002,85.91,1009,0,0,0,0,24.900000000000002,203,2.1
2015,12,20,1,30,151.63,0.18,3.7,0,0,0,3,22.400000000000002,85.89,1008,0,0,0,0,24.900000000000002,212,2
2015,12,20,2,30,139.38,0.18,3.7,0,0,0,3,22.3,86.09,1008,0,0,0,0,24.8,221,1.9000000000000001
2015,12,20,3,30,126.10000000000001,0.18,3.7,0,0,0,3,22.200000000000003,86.33,1008,0,0,0,0,24.6,228,1.8
2015,12,20,4,30,112.45,0.18,3.6,0,0,0,0,22,86.96000000000001,1009,0,0,0,0,24.3,236,1.6
2015,12,20,5,30,98.69,0.18,3.6,0,0,0,3,21.8,86.28,1009,0,0,0,0,24.200000000000003,247,1.4000000000000001
2015,12,20,6,30,84.85000000000001,0.18,3.6,14,3,14,0,21.6,83.13,1010,14,3,0,14,24.700000000000003,261,1.3
2015,12,20,7,30,71.48,0.18,3.5,158,105,191,0,21.400000000000002,75.16,1011,158,105,0,191,26.1,260,1.1
2015,12,20,8,30,58.49,0.18,3.5,276,245,404,0,20.900000000000002,65.56,1011,276,245,0,404,27.900000000000002,231,0.8
2015,12,20,9,30,46.39,0.18,3.5,339,371,595,0,20.1,57.39,1010,339,371,0,595,29.400000000000002,198,0.9
2015,12,20,10,30,36.18,0.18,3.6,377,438,731,0,19.6,52.36,1010,377,438,0,731,30.400000000000002,178,1.3
2015,12,20,11,30,29.87,0.18,3.6,394,471,802,0,19.3,50.050000000000004,1009,394,471,0,802,30.900000000000002,169,1.7000000000000002
2015,12,20,12,30,30.080000000000002,0.18,3.7,481,320,758,0,19.3,49.65,1008,481,320,0,758,31.1,165,2
2015,12,20,13,30,36.67,0.18,3.7,438,317,693,0,19.5,50.300000000000004,1007,438,317,0,693,31,164,2.4000000000000004
2015,12,20,14,30,47.04,0.18,3.8000000000000003,372,279,562,0,19.6,52,1007,372,279,0,562,30.6,164,2.6
2015,12,20,15,30,59.2,0.18,3.8000000000000003,278,200,381,0,20,55.46,1007,278,200,0,381,29.900000000000002,164,2.8000000000000003
2015,12,20,16,30,72.23,0.18,3.8000000000000003,149,83,174,3,20.8,62.56,1007,134,0,0,134,28.6,165,2.7
2015,12,20,17,30,85.60000000000001,0.18,3.9000000000000004,9,1,9,5,21.900000000000002,72.54,1008,9,1,5,9,27.3,166,2.5
2015,12,20,18,30,99.47,0.18,3.9000000000000004,0,0,0,3,22.700000000000003,78.99,1009,0,0,0,0,26.6,167,2.4000000000000004
2015,12,20,19,30,113.22,0.18,3.9000000000000004,0,0,0,0,23.200000000000003,83.38,1010,0,0,0,0,26.200000000000003,167,2.4000000000000004
2015,12,20,20,30,126.86,0.18,3.9000000000000004,0,0,0,0,23.5,86.61,1010,0,0,0,0,25.900000000000002,169,2.3000000000000003
2015,12,20,21,30,140.1,0.18,3.9000000000000004,0,0,0,1,23.700000000000003,89.16,1010,0,0,0,0,25.6,172,2.1
2015,12,20,22,30,152.25,0.18,3.9000000000000004,0,0,0,7,23.700000000000003,91.02,1010,0,0,0,0,25.3,176,1.9000000000000001
2015,12,20,23,30,160.94,0.18,3.9000000000000004,0,0,0,0,23.6,90.58,1009,0,0,0,0,25.3,180,1.7000000000000002
2015,12,21,0,30,160.68,0.18,3.8000000000000003,0,0,0,0,23.5,89.85000000000001,1009,0,0,0,0,25.3,184,1.5
2015,12,21,1,30,151.71,0.18,3.8000000000000003,0,0,0,3,23.400000000000002,88.52,1008,0,0,0,0,25.400000000000002,192,1.3
2015,12,21,2,30,139.48,0.18,3.8000000000000003,0,0,0,0,23.200000000000003,88.24,1008,0,0,0,0,25.3,205,1.1
2015,12,21,3,30,126.21000000000001,0.18,3.7,0,0,0,0,23.200000000000003,89.51,1008,0,0,0,0,25,218,1.1
2015,12,21,4,30,112.56,0.18,3.7,0,0,0,0,23.1,91.04,1008,0,0,0,0,24.700000000000003,231,1.1
2015,12,21,5,30,98.81,0.18,3.7,0,0,0,0,23.1,91.37,1009,0,0,0,0,24.6,244,1
2015,12,21,6,30,84.96000000000001,0.18,3.7,13,2,13,0,23,87.88,1010,13,2,0,13,25.200000000000003,261,0.8
2015,12,21,7,30,71.59,0.18,3.7,153,113,189,0,23,80.22,1010,153,113,1,189,26.700000000000003,299,0.5
2015,12,21,8,30,58.6,0.18,3.7,263,266,401,0,22.200000000000003,70.15,1010,263,266,0,401,28.200000000000003,195,0.4
2015,12,21,9,30,46.49,0.18,3.7,325,386,591,0,21.1,60.480000000000004,1010,325,386,0,591,29.5,80,0.8
2015,12,21,10,30,36.26,0.18,3.7,356,464,730,0,20.200000000000003,53.980000000000004,1009,356,464,0,730,30.6,106,1.2000000000000002
2015,12,21,11,30,29.91,0.18,3.7,373,504,809,2,19.8,50.4,1009,502,66,0,560,31.3,123,1.7000000000000002
2015,12,21,12,30,30.05,0.18,3.7,360,523,813,0,19.700000000000003,49.02,1008,360,523,0,813,31.700000000000003,134,2
2015,12,21,13,30,36.61,0.18,3.8000000000000003,345,489,737,0,19.8,49.26,1007,345,489,0,737,31.700000000000003,142,2.3000000000000003
2015,12,21,14,30,46.95,0.18,3.8000000000000003,309,424,598,0,19.900000000000002,50.69,1006,309,424,0,598,31.3,145,2.7
2015,12,21,15,30,59.1,0.18,3.8000000000000003,261,273,401,0,20.1,53.800000000000004,1006,261,273,0,401,30.5,147,2.8000000000000003
2015,12,21,16,30,72.12,0.18,3.9000000000000004,152,123,190,0,20.6,59.88,1007,152,123,0,190,29.200000000000003,151,2.8000000000000003
2015,12,21,17,30,85.49,0.18,4,13,2,13,0,21.8,69.7,1008,13,2,0,13,27.8,157,2.6
2015,12,21,18,30,99.36,0.18,4,0,0,0,0,22.5,76.78,1008,0,0,0,0,26.900000000000002,161,2.4000000000000004
2015,12,21,19,30,113.11,0.18,4,0,0,0,0,23,81.58,1009,0,0,0,0,26.400000000000002,161,2.2
2015,12,21,20,30,126.74000000000001,0.18,4,0,0,0,0,23.3,85.3,1010,0,0,0,0,26,162,2
2015,12,21,21,30,139.99,0.18,4,0,0,0,7,23.5,87.68,1010,0,0,0,0,25.700000000000003,167,1.7000000000000002
2015,12,21,22,30,152.15,0.18,4,0,0,0,8,23.5,88.06,1010,0,0,0,0,25.6,175,1.4000000000000001
2015,12,21,23,30,160.89000000000001,0.18,3.9000000000000004,0,0,0,7,23.3,86.99,1009,0,0,0,0,25.6,193,1.1
2015,12,22,0,30,160.72,0.18,3.9000000000000004,0,0,0,3,23.1,86.05,1009,0,0,0,0,25.6,225,0.8
2015,12,22,1,30,151.8,0.18,3.8000000000000003,0,0,0,0,23,86.45,1008,0,0,0,0,25.400000000000002,260,0.7000000000000001
2015,12,22,2,30,139.59,0.18,3.7,0,0,0,0,22.900000000000002,88.16,1008,0,0,0,0,25,285,0.7000000000000001
2015,12,22,3,30,126.32000000000001,0.18,3.6,0,0,0,3,22.8,89.78,1008,0,0,0,0,24.6,305,0.7000000000000001
2015,12,22,4,30,112.67,0.18,3.6,0,0,0,1,22.700000000000003,91.27,1008,0,0,0,0,24.200000000000003,326,0.8
2015,12,22,5,30,98.92,0.18,3.5,0,0,0,0,22.6,91.79,1009,0,0,0,0,24,345,1.1
2015,12,22,6,30,85.07000000000001,0.18,3.5,16,4,16,0,22.5,87.57000000000001,1009,16,4,0,16,24.700000000000003,177,1.7000000000000002
2015,12,22,7,30,71.71000000000001,0.18,3.5,153,134,195,0,22.400000000000002,79.15,1010,153,134,0,195,26.3,6,2
2015,12,22,8,30,58.7,0.18,3.5,257,289,407,0,21.700000000000003,67.7,1010,257,289,0,407,28.200000000000003,16,2
2015,12,22,9,30,46.59,0.18,3.5,325,387,591,0,20.3,56.52,1010,325,387,0,591,29.900000000000002,25,1.8
2015,12,22,10,30,36.33,0.18,3.5,364,453,728,0,19,48.29,1009,364,453,1,728,31.200000000000003,39,1.5
2015,12,22,11,30,29.94,0.18,3.5,379,488,802,0,18.400000000000002,44.15,1008,379,488,0,802,32.1,66,1.2000000000000002
2015,12,22,12,30,30.03,0.18,3.5,410,434,786,0,18.2,42.74,1007,410,434,1,786,32.5,104,1.3
2015,12,22,13,30,36.54,0.18,3.4000000000000004,393,399,713,0,18.1,41.93,1007,393,399,0,713,32.7,131,1.7000000000000002
2015,12,22,14,30,46.85,0.18,3.4000000000000004,351,325,573,0,18.2,42.83,1006,351,325,0,573,32.4,142,2.2
2015,12,22,15,30,59,0.18,3.3000000000000003,271,229,389,0,18.3,45.28,1006,271,229,0,389,31.6,149,2.5
2015,12,22,16,30,72.01,0.18,3.3000000000000003,150,80,175,0,18.8,51.42,1006,150,80,0,175,29.900000000000002,158,2.5
2015,12,22,17,30,85.38,0.18,3.3000000000000003,7,0,7,0,20.5,63.5,1007,7,0,0,7,28.1,166,2.4000000000000004
2015,12,22,18,30,99.24000000000001,0.18,3.3000000000000003,0,0,0,0,21.5,71.76,1008,0,0,0,0,27,171,2.3000000000000003
2015,12,22,19,30,112.99000000000001,0.18,3.3000000000000003,0,0,0,3,22.200000000000003,77.06,1009,0,0,0,0,26.5,172,2.1
2015,12,22,20,30,126.63000000000001,0.18,3.3000000000000003,0,0,0,1,22.6,81.49,1010,0,0,0,0,26,168,2
2015,12,22,21,30,139.89000000000001,0.18,3.3000000000000003,0,0,0,0,22.8,84.17,1010,0,0,0,0,25.700000000000003,160,1.9000000000000001
2015,12,22,22,30,152.06,0.18,3.3000000000000003,0,0,0,0,22.900000000000002,86.31,1009,0,0,0,0,25.400000000000002,150,1.8
2015,12,22,23,30,160.85,0.18,3.3000000000000003,0,0,0,0,23,87.66,1009,0,0,0,0,25.200000000000003,144,1.8
2015,12,23,0,30,160.77,0.18,3.2,0,0,0,1,23,88.51,1008,0,0,0,0,25,144,1.7000000000000002
2015,12,23,1,30,151.9,0.18,3.2,0,0,0,0,22.900000000000002,88.51,1008,0,0,0,0,24.900000000000002,156,1.4000000000000001
2015,12,23,2,30,139.69,0.18,3.2,0,0,0,0,22.700000000000003,88.24,1007,0,0,0,0,24.8,181,1.3
2015,12,23,3,30,126.43,0.18,3.2,0,0,0,0,22.700000000000003,89.07000000000001,1007,0,0,0,0,24.6,210,1.2000000000000002
2015,12,23,4,30,112.79,0.18,3.2,0,0,0,0,22.8,90.54,1008,0,0,0,0,24.400000000000002,233,1.2000000000000002
2015,12,23,5,30,99.04,0.18,3.3000000000000003,0,0,0,0,22.8,91.18,1008,0,0,0,0,24.3,256,1.1
2015,12,23,6,30,85.18,0.18,3.3000000000000003,5,0,5,0,22.8,87.7,1009,5,0,0,5,25,279,1.3
2015,12,23,7,30,71.81,0.18,3.4000000000000004,151,53,168,0,23,81.41,1010,151,53,0,168,26.400000000000002,294,1.4000000000000001
2015,12,23,8,30,58.81,0.18,3.4000000000000004,290,182,384,0,22.400000000000002,72.27,1010,290,182,0,384,27.900000000000002,306,1.3
2015,12,23,9,30,46.68,0.18,3.4000000000000004,336,376,594,0,21.3,61.620000000000005,1009,336,376,0,594,29.400000000000002,328,1
2015,12,23,10,30,36.4,0.18,3.3000000000000003,368,457,736,0,19.6,51.44,1009,368,457,0,736,30.8,192,0.7000000000000001
2015,12,23,11,30,29.97,0.18,3.2,379,501,813,0,18.400000000000002,45.22,1008,379,501,0,813,31.700000000000003,77,0.8
2015,12,23,12,30,29.990000000000002,0.18,3.2,410,451,800,0,18.400000000000002,44,1007,410,451,0,800,32.2,124,1.2000000000000002
2015,12,23,13,30,36.46,0.18,3.1,387,427,730,0,18.2,42.99,1006,387,427,0,730,32.4,142,1.7000000000000002
2015,12,23,14,30,46.76,0.18,3.1,344,362,592,0,18.1,43.15,1006,344,362,0,592,32.2,152,2.2
2015,12,23,15,30,58.89,0.18,3.1,273,252,403,0,18.2,45.46,1006,273,252,0,403,31.400000000000002,160,2.6
2015,12,23,16,30,71.9,0.18,3.2,157,99,188,0,18.7,51.25,1006,157,99,0,188,29.900000000000002,166,2.7
2015,12,23,17,30,85.27,0.18,3.2,10,1,10,0,20.5,63.410000000000004,1007,10,1,0,10,28.1,174,2.7
2015,12,23,18,30,99.13,0.18,3.2,0,0,0,0,21.6,72.18,1008,0,0,0,0,27,179,2.6
2015,12,23,19,30,112.88,0.18,3.2,0,0,0,0,22.3,77.76,1009,0,0,0,0,26.5,184,2.5
2015,12,23,20,30,126.52,0.18,3.2,0,0,0,0,22.8,82.5,1010,0,0,0,0,26,188,2.3000000000000003
2015,12,23,21,30,139.78,0.18,3.3000000000000003,0,0,0,0,23.1,86.05,1010,0,0,0,0,25.6,191,2.2
2015,12,23,22,30,151.98,0.18,3.3000000000000003,0,0,0,0,23.3,88.57000000000001,1010,0,0,0,0,25.3,193,2
2015,12,23,23,30,160.81,0.18,3.3000000000000003,0,0,0,0,23.3,89.82000000000001,1009,0,0,0,0,25.1,194,1.8
2015,12,24,0,30,160.82,0.18,3.3000000000000003,0,0,0,0,23.200000000000003,89.97,1009,0,0,0,0,25,198,1.6
2015,12,24,1,30,151.99,0.18,3.3000000000000003,0,0,0,0,23.1,90.29,1008,0,0,0,0,24.8,205,1.3
2015,12,24,2,30,139.8,0.18,3.3000000000000003,0,0,0,0,22.900000000000002,90.48,1008,0,0,0,0,24.6,220,1.1
2015,12,24,3,30,126.54,0.18,3.3000000000000003,0,0,0,0,22.8,91.74,1008,0,0,0,0,24.200000000000003,249,1
2015,12,24,4,30,112.9,0.18,3.4000000000000004,0,0,0,0,22.6,92.65,1008,0,0,0,0,23.900000000000002,285,1.1
2015,12,24,5,30,99.15,0.18,3.5,0,0,0,0,22.5,92.59,1009,0,0,0,0,23.8,317,1.4000000000000001
2015,12,24,6,30,85.29,0.18,3.6,7,0,7,0,22.5,88.46000000000001,1010,7,0,0,7,24.5,337,1.8
2015,12,24,7,30,71.92,0.18,3.7,156,64,176,0,22.400000000000002,80.9,1011,156,64,0,176,25.900000000000002,173,2
2015,12,24,8,30,58.910000000000004,0.18,3.7,290,195,391,0,22.1,73.16,1011,290,195,0,391,27.3,7,1.9000000000000001
2015,12,24,9,30,46.77,0.18,3.7,370,307,580,0,21.200000000000003,64.49,1011,370,307,0,580,28.6,19,1.8
2015,12,24,10,30,36.46,0.18,3.6,411,387,722,0,20.200000000000003,56.29,1010,411,387,0,722,29.8,32,1.7000000000000002
2015,12,24,11,30,29.98,0.18,3.5,420,429,792,0,19.1,50.02,1009,420,429,0,792,30.700000000000003,48,1.7000000000000002
2015,12,24,12,30,29.95,0.18,3.4000000000000004,422,427,792,0,18.400000000000002,46.27,1008,422,427,0,792,31.3,68,1.6
2015,12,24,13,30,36.37,0.18,3.3000000000000003,398,403,723,0,18.2,45.230000000000004,1007,398,403,0,723,31.5,87,1.6
2015,12,24,14,30,46.65,0.18,3.2,353,342,588,0,17.8,44.24,1007,353,342,0,588,31.400000000000002,104,1.8
2015,12,24,15,30,58.78,0.18,3.1,294,170,383,0,17.5,44.730000000000004,1007,294,170,0,383,30.900000000000002,118,1.9000000000000001
2015,12,24,16,30,71.79,0.18,3,154,55,171,0,17.7,48.96,1007,154,55,0,171,29.5,130,1.9000000000000001
2015,12,24,17,30,85.16,0.18,3,6,0,6,0,19.200000000000003,59.800000000000004,1008,6,0,0,6,27.700000000000003,138,2
2015,12,24,18,30,99.01,0.18,3,0,0,0,0,19.700000000000003,65.75,1008,0,0,0,0,26.6,140,2.1
2015,12,24,19,30,112.77,0.18,3,0,0,0,0,20.3,70.53,1009,0,0,0,0,26.1,141,2
2015,12,24,20,30,126.41,0.18,3.1,0,0,0,7,20.8,74.99,1010,0,0,0,0,25.6,138,1.8
2015,12,24,21,30,139.68,0.18,3.1,0,0,0,7,21.1,77.06,1010,0,0,0,0,25.400000000000002,130,1.7000000000000002
2015,12,24,22,30,151.89000000000001,0.18,3.2,0,0,0,7,21.1,77.82000000000001,1010,0,0,0,0,25.3,117,1.6
2015,12,24,23,30,160.78,0.18,3.2,0,0,0,4,21.1,78.61,1010,0,0,0,0,25.1,101,1.5
2015,12,25,0,30,160.88,0.18,3.3000000000000003,0,0,0,4,21,78.48,1009,0,0,0,0,25,83,1.4000000000000001
2015,12,25,1,30,152.1,0.18,3.3000000000000003,0,0,0,4,20.8,78.33,1008,0,0,0,0,24.8,63,1.3
2015,12,25,2,30,139.92000000000002,0.18,3.3000000000000003,0,0,0,7,20.5,79.12,1008,0,0,0,0,24.400000000000002,41,1.3
2015,12,25,3,30,126.66,0.18,3.3000000000000003,0,0,0,7,20.400000000000002,80.61,1008,0,0,0,0,23.900000000000002,27,1.4000000000000001
2015,12,25,4,30,113.02,0.18,3.2,0,0,0,5,20.200000000000003,81.98,1009,0,0,0,0,23.5,26,1.8
2015,12,25,5,30,99.26,0.18,3.2,0,0,0,8,20.1,82.33,1009,0,0,0,0,23.3,32,2.3000000000000003
2015,12,25,6,30,85.39,0.18,3.1,1,0,1,7,20.1,79.45,1010,1,0,5,1,23.900000000000002,34,2.9000000000000004
2015,12,25,7,30,72.02,0.18,3,110,8,112,8,19.700000000000003,72.10000000000001,1011,110,8,5,112,25.1,36,3.4000000000000004
2015,12,25,8,30,59,0.18,2.9000000000000004,288,39,308,0,17.6,58.21,1011,288,39,0,308,26.5,40,3.8000000000000003
2015,12,25,9,30,46.85,0.18,2.8000000000000003,426,181,550,5,14.9,44.19,1011,363,6,0,367,28.200000000000003,47,3.9000000000000004
2015,12,25,10,30,36.52,0.18,2.7,503,228,686,7,13,36.07,1010,503,228,5,686,29.6,57,3.7
2015,12,25,11,30,29.990000000000002,0.18,2.7,542,248,757,7,12.200000000000001,32.62,1009,542,248,5,757,30.400000000000002,68,3.5
2015,12,25,12,30,29.900000000000002,0.18,2.7,590,121,695,0,11.9,31.2,1008,590,121,0,695,30.900000000000002,79,3.4000000000000004
2015,12,25,13,30,36.28,0.18,2.7,538,130,643,0,12.100000000000001,31.48,1007,538,130,0,643,31,90,3.4000000000000004
2015,12,25,14,30,46.550000000000004,0.18,2.8000000000000003,443,114,522,0,12.600000000000001,32.94,1006,443,114,0,522,30.8,98,3.3000000000000003
2015,12,25,15,30,58.67,0.18,2.8000000000000003,309,71,347,0,13.4,36.230000000000004,1007,309,71,0,347,30,103,2.9000000000000004
2015,12,25,16,30,71.67,0.18,2.9000000000000004,136,17,141,0,15.3,44.910000000000004,1007,136,17,0,141,28.400000000000002,106,2.4000000000000004
2015,12,25,17,30,85.04,0.18,2.9000000000000004,2,0,2,0,17.3,55.88,1008,2,0,0,2,26.8,108,2.1
2015,12,25,18,30,98.9,0.18,2.9000000000000004,0,0,0,0,18,61.6,1008,0,0,0,0,25.900000000000002,108,2
2015,12,25,19,30,112.65,0.18,2.9000000000000004,0,0,0,0,18.7,65.92,1009,0,0,0,0,25.5,107,2
2015,12,25,20,30,126.31,0.18,2.8000000000000003,0,0,0,0,19.200000000000003,68.9,1009,0,0,0,0,25.3,104,1.9000000000000001
2015,12,25,21,30,139.58,0.18,2.8000000000000003,0,0,0,0,19.400000000000002,69.66,1010,0,0,0,0,25.3,100,1.8
2015,12,25,22,30,151.82,0.18,2.8000000000000003,0,0,0,0,19.200000000000003,69.51,1009,0,0,0,0,25.200000000000003,93,1.5
2015,12,25,23,30,160.76,0.18,2.8000000000000003,0,0,0,0,19,70.74,1009,0,0,0,0,24.700000000000003,72,1.2000000000000002
2015,12,26,0,30,160.95000000000002,0.18,2.9000000000000004,0,0,0,0,18.8,73.33,1009,0,0,0,0,23.900000000000002,205,1.1
2015,12,26,1,30,152.20000000000002,0.18,2.9000000000000004,0,0,0,0,18.5,74.38,1008,0,0,0,0,23.3,341,1.4000000000000001
2015,12,26,2,30,140.03,0.18,2.9000000000000004,0,0,0,0,18.1,74.73,1008,0,0,0,0,22.8,330,1.8
2015,12,26,3,30,126.78,0.18,2.8000000000000003,0,0,0,0,17.7,75.33,1008,0,0,0,0,22.3,335,2.1
2015,12,26,4,30,113.13,0.18,2.8000000000000003,0,0,0,0,17.400000000000002,75.63,1009,0,0,0,0,21.900000000000002,343,2.5
2015,12,26,5,30,99.37,0.18,2.8000000000000003,0,0,0,0,17.2,75.39,1010,0,0,0,0,21.700000000000003,350,2.8000000000000003
2015,12,26,6,30,85.5,0.18,2.7,0,0,0,0,16.900000000000002,71.95,1010,0,0,0,0,22.200000000000003,179,3.1
2015,12,26,7,30,72.13,0.18,2.6,97,6,98,0,16.3,64,1011,97,6,0,98,23.5,13,3.3000000000000003
2015,12,26,8,30,59.1,0.18,2.6,280,41,301,0,15,53.04,1011,280,41,0,301,25.3,29,3.5
2015,12,26,9,30,46.93,0.18,2.6,440,91,503,0,13.200000000000001,41.63,1010,440,91,0,503,27.400000000000002,41,3.5
2015,12,26,10,30,36.57,0.18,2.6,536,135,645,0,12.200000000000001,35.08,1009,536,135,0,645,29.200000000000003,49,3.3000000000000003
2015,12,26,11,30,29.990000000000002,0.18,2.6,581,163,722,0,11.700000000000001,31.38,1008,581,163,0,722,30.6,57,3
2015,12,26,12,30,29.84,0.18,2.7,532,268,765,0,12,30.35,1007,532,268,0,765,31.5,69,2.5
2015,12,26,13,30,36.19,0.18,2.7,500,240,694,0,12.600000000000001,31.02,1006,500,240,0,694,31.8,87,2.2
2015,12,26,14,30,46.44,0.18,2.7,431,183,557,0,12.9,32.01,1005,431,183,0,557,31.6,108,2
2015,12,26,15,30,58.550000000000004,0.18,2.7,280,29,295,0,13.3,34.76,1006,280,29,0,295,30.6,127,1.9000000000000001
2015,12,26,16,30,71.56,0.18,2.7,87,3,88,0,14.700000000000001,42.31,1006,87,3,0,88,28.8,140,1.9000000000000001
2015,12,26,17,30,84.93,0.18,2.7,0,0,0,0,16.400000000000002,52.300000000000004,1007,0,0,0,0,27,142,2
2015,12,26,18,30,98.78,0.18,2.7,0,0,0,0,16.8,56.800000000000004,1007,0,0,0,0,26,138,2.1
2015,12,26,19,30,112.54,0.18,2.7,0,0,0,0,17.6,62.15,1008,0,0,0,0,25.400000000000002,133,2
2015,12,26,20,30,126.2,0.18,2.7,0,0,0,0,18.3,66.04,1008,0,0,0,0,25.1,127,1.8
2015,12,26,21,30,139.49,0.18,2.8000000000000003,0,0,0,0,18.6,67.63,1008,0,0,0,0,25,116,1.6
2015,12,26,22,30,151.74,0.18,2.8000000000000003,0,0,0,0,18.6,67.78,1008,0,0,0,0,25,102,1.4000000000000001
2015,12,26,23,30,160.75,0.18,2.8000000000000003,0,0,0,3,18.5,68.63,1008,0,0,0,0,24.700000000000003,88,1.2000000000000002
2015,12,27,0,30,161.03,0.18,2.8000000000000003,0,0,0,7,18.5,70.64,1008,0,0,0,0,24.200000000000003,70,1.1
2015,12,27,1,30,152.32,0.18,2.8000000000000003,0,0,0,7,18.5,73.18,1007,0,0,0,0,23.6,35,1
2015,12,27,2,30,140.15,0.18,2.8000000000000003,0,0,0,0,18.400000000000002,74.93,1007,0,0,0,0,23.1,174,1.2000000000000002
2015,12,27,3,30,126.89,0.18,2.8000000000000003,0,0,0,0,18.2,75.55,1008,0,0,0,0,22.700000000000003,336,1.5
2015,12,27,4,30,113.25,0.18,2.8000000000000003,0,0,0,0,17.8,75.64,1008,0,0,0,0,22.3,339,1.6
2015,12,27,5,30,99.49000000000001,0.18,2.8000000000000003,0,0,0,0,17.5,74.52,1008,0,0,0,0,22.200000000000003,347,1.8
2015,12,27,6,30,85.60000000000001,0.18,2.7,0,0,0,0,17.3,71.67,1009,0,0,0,0,22.700000000000003,355,2.2
2015,12,27,7,30,72.23,0.18,2.7,88,3,89,0,17,64.69,1009,88,3,0,89,24.1,184,2.4000000000000004
2015,12,27,8,30,59.19,0.18,2.7,277,32,294,0,16.2,55.370000000000005,1009,277,32,0,294,25.8,16,2.3000000000000003
2015,12,27,9,30,47,0.18,2.7,416,46,447,0,14.700000000000001,45.25,1009,416,46,0,447,27.6,28,2.2
2015,12,27,10,30,36.61,0.18,2.6,515,73,574,0,13.5,38.67,1008,515,73,0,574,29,37,2
2015,12,27,11,30,29.990000000000002,0.18,2.6,572,89,649,0,12.9,35.15,1007,572,89,0,649,29.900000000000002,45,1.8
2015,12,27,12,30,29.77,0.18,2.6,571,86,645,0,13.3,35.54,1006,571,86,0,645,30.200000000000003,52,1.4000000000000001
2015,12,27,13,30,36.09,0.18,2.6,515,71,573,0,13.5,35.730000000000004,1006,515,71,0,573,30.400000000000002,62,1.1
2015,12,27,14,30,46.32,0.18,2.7,403,45,434,0,13.100000000000001,35.160000000000004,1005,403,45,0,434,30.200000000000003,79,0.8
2015,12,27,15,30,58.43,0.18,2.7,240,18,249,0,14.100000000000001,39.300000000000004,1005,240,18,0,249,29.400000000000002,102,0.7000000000000001
2015,12,27,16,30,71.44,0.18,2.7,66,2,67,0,17,49.96,1005,66,2,0,67,28.400000000000002,121,0.8
2015,12,27,17,30,84.82000000000001,0.18,2.7,0,0,0,0,17,52.370000000000005,1006,0,0,0,0,27.6,132,1.1
2015,12,27,18,30,98.67,0.18,2.8000000000000003,0,0,0,0,15.9,50.58,1007,0,0,0,0,27,136,1.3
2015,12,27,19,30,112.43,0.18,2.8000000000000003,0,0,0,0,16,52.58,1007,0,0,0,0,26.5,139,1.3
2015,12,27,20,30,126.10000000000001,0.18,2.8000000000000003,0,0,0,0,16.6,55.13,1008,0,0,0,0,26.3,148,1.3
2015,12,27,21,30,139.4,0.18,2.8000000000000003,0,0,0,0,16.8,56.43,1008,0,0,0,0,26.1,165,1.2000000000000002
2015,12,27,22,30,151.67000000000002,0.18,2.9000000000000004,0,0,0,0,17.1,59.28,1009,0,0,0,0,25.6,193,1.2000000000000002
2015,12,27,23,30,160.74,0.18,2.9000000000000004,0,0,0,0,17.6,64.1,1009,0,0,0,0,24.900000000000002,221,1.3
2015,12,28,0,30,161.11,0.18,2.9000000000000004,0,0,0,0,18.2,69.21000000000001,1008,0,0,0,0,24.200000000000003,244,1.6
2015,12,28,1,30,152.43,0.18,3,0,0,0,0,18.5,72.88,1008,0,0,0,0,23.700000000000003,260,1.9000000000000001
2015,12,28,2,30,140.27,0.18,3,0,0,0,0,18.5,74.58,1008,0,0,0,0,23.3,273,2.2
2015,12,28,3,30,127.01,0.18,2.9000000000000004,0,0,0,0,18.3,74.85000000000001,1008,0,0,0,0,23,284,2.4000000000000004
2015,12,28,4,30,113.36,0.18,2.8000000000000003,0,0,0,0,17.900000000000002,74.77,1008,0,0,0,0,22.6,292,2.5
2015,12,28,5,30,99.60000000000001,0.18,2.8000000000000003,0,0,0,0,17.5,74.25,1009,0,0,0,0,22.3,295,2.4000000000000004
2015,12,28,6,30,85.7,0.18,2.7,0,0,0,0,17.2,71.62,1010,0,0,0,0,22.6,299,2.4000000000000004
2015,12,28,7,30,72.32000000000001,0.18,2.6,60,1,60,0,16.7,65.74,1010,60,1,0,60,23.5,308,2.2
2015,12,28,8,30,59.27,0.18,2.5,236,17,245,0,15.700000000000001,56.58,1010,236,17,0,245,24.900000000000002,322,1.8
2015,12,28,9,30,47.07,0.18,2.4000000000000004,403,46,434,0,14.8,47.63,1010,403,46,0,434,26.900000000000002,344,1.4000000000000001
2015,12,28,10,30,36.65,0.18,2.4000000000000004,517,74,576,0,13.600000000000001,39.07,1009,517,74,0,576,28.900000000000002,194,1
2015,12,28,11,30,29.98,0.18,2.3000000000000003,575,90,653,0,13.8,36.89,1008,575,90,0,653,30.1,58,0.8
2015,12,28,12,30,29.7,0.18,2.3000000000000003,577,91,656,0,13.600000000000001,35,1007,577,91,0,656,30.8,101,0.9
2015,12,28,13,30,35.980000000000004,0.18,2.4000000000000004,523,75,584,0,13.700000000000001,34.660000000000004,1006,523,75,0,584,31.1,126,1.2000000000000002
2015,12,28,14,30,46.2,0.18,2.4000000000000004,416,51,451,0,14.200000000000001,35.97,1006,416,51,0,451,31,142,1.4000000000000001
2015,12,28,15,30,58.31,0.18,2.4000000000000004,288,42,310,0,14.8,39.51,1006,288,42,0,310,30.1,157,1.6
2015,12,28,16,30,71.32000000000001,0.18,2.4000000000000004,104,6,106,0,16.900000000000002,49.63,1006,104,6,0,106,28.400000000000002,170,1.8
2015,12,28,17,30,84.7,0.18,2.4000000000000004,1,0,1,0,17.8,58,1007,1,0,0,1,26.8,179,2.1
2015,12,28,18,30,98.56,0.18,2.4000000000000004,0,0,0,0,18.400000000000002,63.89,1008,0,0,0,0,25.8,188,2.3000000000000003
2015,12,28,19,30,112.32000000000001,0.18,2.4000000000000004,0,0,0,0,19.400000000000002,70.24,1009,0,0,0,0,25.200000000000003,197,2.4000000000000004
2015,12,28,20,30,126,0.18,2.5,0,0,0,0,20.200000000000003,76.65,1010,0,0,0,0,24.6,204,2.4000000000000004
2015,12,28,21,30,139.31,0.18,2.5,0,0,0,0,20.8,81.42,1010,0,0,0,0,24.200000000000003,210,2.3000000000000003
2015,12,28,22,30,151.61,0.18,2.5,0,0,0,0,21.200000000000003,84.35000000000001,1010,0,0,0,0,24,218,2.2
2015,12,28,23,30,160.73,0.18,2.6,0,0,0,8,21.400000000000002,86.63,1010,0,0,0,0,23.8,228,2.2
2015,12,29,0,30,161.19,0.18,2.6,0,0,0,0,21.5,88.55,1009,0,0,0,0,23.5,241,2.3000000000000003
2015,12,29,1,30,152.55,0.18,2.6,0,0,0,0,21.400000000000002,90.34,1009,0,0,0,0,23.1,255,2.3000000000000003
2015,12,29,2,30,140.39000000000001,0.18,2.6,0,0,0,0,21.1,90.37,1009,0,0,0,0,22.8,266,2.4000000000000004
2015,12,29,3,30,127.13000000000001,0.18,2.6,0,0,0,0,20.6,89.09,1009,0,0,0,0,22.5,273,2.5
2015,12,29,4,30,113.48,0.18,2.6,0,0,0,0,20,87.76,1009,0,0,0,0,22.1,277,2.5
2015,12,29,5,30,99.71000000000001,0.18,2.5,0,0,0,0,19.3,85.84,1010,0,0,0,0,21.8,280,2.4000000000000004
2015,12,29,6,30,85.8,0.18,2.5,1,0,1,0,18.8,80.06,1010,1,0,0,1,22.400000000000002,287,2.5
2015,12,29,7,30,72.42,0.18,2.5,113,13,117,0,18.2,71.13,1011,113,13,0,117,23.700000000000003,298,2.5
2015,12,29,8,30,59.36,0.18,2.5,293,74,330,0,17.3,59.68,1011,293,74,0,330,25.700000000000003,313,2.2
2015,12,29,9,30,47.14,0.18,2.4000000000000004,399,238,561,0,16.1,48.03,1011,399,238,0,561,28.1,330,1.9000000000000001
2015,12,29,10,30,36.69,0.18,2.4000000000000004,458,308,704,0,15.100000000000001,40.33,1010,458,308,0,704,30,346,1.5
2015,12,29,11,30,29.96,0.18,2.3000000000000003,484,345,784,0,15.4,38.300000000000004,1009,484,345,0,784,31.3,197,1.2000000000000002
2015,12,29,12,30,29.62,0.18,2.3000000000000003,547,230,747,0,15,35.84,1008,547,230,0,747,32,70,1.1
2015,12,29,13,30,35.87,0.18,2.3000000000000003,512,206,678,0,14.600000000000001,34.24,1007,512,206,0,678,32.4,113,1.4000000000000001
2015,12,29,14,30,46.08,0.18,2.3000000000000003,436,155,543,0,15,35.410000000000004,1006,436,155,0,543,32.2,136,1.7000000000000002
2015,12,29,15,30,58.19,0.18,2.3000000000000003,311,85,356,0,15.600000000000001,38.94,1006,311,85,0,356,31.200000000000003,153,2
2015,12,29,16,30,71.19,0.18,2.4000000000000004,136,19,142,0,17.3,48.38,1007,136,19,0,142,29.3,167,2.2
2015,12,29,17,30,84.58,0.18,2.4000000000000004,3,0,3,0,18.5,58.24,1008,3,0,0,3,27.400000000000002,175,2.5
2015,12,29,18,30,98.44,0.18,2.4000000000000004,0,0,0,0,19,64.34,1009,0,0,0,0,26.3,181,2.6
2015,12,29,19,30,112.22,0.18,2.4000000000000004,0,0,0,0,20,71.18,1010,0,0,0,0,25.6,185,2.6
2015,12,29,20,30,125.9,0.18,2.4000000000000004,0,0,0,0,20.900000000000002,77.42,1010,0,0,0,0,25.1,188,2.5
2015,12,29,21,30,139.22,0.18,2.5,0,0,0,0,21.6,83.51,1010,0,0,0,0,24.6,189,2.4000000000000004
2015,12,29,22,30,151.55,0.18,2.5,0,0,0,0,22.3,88.99,1010,0,0,0,0,24.200000000000003,191,2.3000000000000003
2015,12,29,23,30,160.74,0.18,2.6,0,0,0,0,22.8,92.92,1009,0,0,0,0,24,197,2.3000000000000003
2015,12,30,0,30,161.29,0.18,2.7,0,0,0,0,23.200000000000003,97.15,1009,0,0,0,0,23.700000000000003,205,2.3000000000000003
2015,12,30,1,30,152.68,0.18,2.7,0,0,0,0,23.400000000000002,100,1008,0,0,0,0,23.400000000000002,214,2.3000000000000003
2015,12,30,2,30,140.52,0.18,2.8000000000000003,0,0,0,0,23.3,100,1008,0,0,0,0,23.3,222,2.3000000000000003
2015,12,30,3,30,127.25,0.18,2.8000000000000003,0,0,0,0,23.200000000000003,100,1008,0,0,0,0,23.200000000000003,229,2.2
2015,12,30,4,30,113.59,0.18,2.8000000000000003,0,0,0,0,23.1,100,1008,0,0,0,0,23.1,237,2.2
2015,12,30,5,30,99.82000000000001,0.18,2.9000000000000004,0,0,0,0,23.1,100,1009,0,0,0,0,23.1,247,2.1
2015,12,30,6,30,85.9,0.18,3,5,0,5,0,23.8,98.53,1010,5,0,0,5,24,260,2.2
2015,12,30,7,30,72.51,0.18,3.1,150,57,167,0,23.5,87.23,1011,150,57,0,167,25.8,265,2.4000000000000004
2015,12,30,8,30,59.44,0.18,3.2,291,179,382,0,23,76.35000000000001,1011,291,179,0,382,27.5,264,2.2
2015,12,30,9,30,47.2,0.18,3.3000000000000003,379,285,573,0,22,65.68,1011,379,285,0,573,29.1,266,1.8
2015,12,30,10,30,36.71,0.18,3.3000000000000003,427,360,716,0,21.200000000000003,57.97,1010,427,360,0,716,30.400000000000002,269,1.2000000000000002
2015,12,30,11,30,29.93,0.18,3.3000000000000003,444,406,796,0,20,50.43,1009,444,406,0,796,31.5,256,0.8
2015,12,30,12,30,29.54,0.18,3.3000000000000003,492,331,779,0,19,45.61,1008,492,331,0,779,32.2,224,0.8
2015,12,30,13,30,35.75,0.18,3.3000000000000003,461,311,714,0,18.6,43.71,1007,461,311,0,714,32.5,199,1.1
2015,12,30,14,30,45.95,0.18,3.4000000000000004,395,255,572,0,18.6,44.45,1007,395,255,0,572,32.2,192,1.5
2015,12,30,15,30,58.06,0.18,3.5,306,125,372,0,18.900000000000002,47.15,1007,306,125,0,372,31.5,191,2
2015,12,30,16,30,71.07000000000001,0.18,3.6,149,35,161,0,19.700000000000003,53.69,1007,149,35,0,161,30.1,191,2.4000000000000004
2015,12,30,17,30,84.47,0.18,3.8000000000000003,5,0,5,0,21.3,65.21000000000001,1008,5,0,0,5,28.5,192,2.7
2015,12,30,18,30,98.33,0.18,3.9000000000000004,0,0,0,3,21.8,71.31,1009,0,0,0,0,27.5,195,2.9000000000000004
2015,12,30,19,30,112.11,0.18,4,0,0,0,0,22.6,77.27,1010,0,0,0,0,26.900000000000002,200,2.9000000000000004
2015,12,30,20,30,125.8,0.18,4,0,0,0,7,23.200000000000003,82.38,1010,0,0,0,0,26.400000000000002,204,2.7
2015,12,30,21,30,139.14000000000001,0.18,4,0,0,0,8,23.6,86.45,1010,0,0,0,0,26,208,2.5
2015,12,30,22,30,151.5,0.18,4,0,0,0,8,23.8,89.97,1010,0,0,0,0,25.6,213,2.4000000000000004
2015,12,30,23,30,160.75,0.18,4,0,0,0,8,24,92.77,1009,0,0,0,0,25.3,219,2.4000000000000004
2015,12,31,0,30,161.39000000000001,0.18,4.1000000000000005,0,0,0,8,24.200000000000003,94.8,1009,0,0,0,0,25.1,224,2.4000000000000004
2015,12,31,1,30,152.8,0.18,4.1000000000000005,0,0,0,7,24.3,96.86,1008,0,0,0,0,24.8,229,2.4000000000000004
2015,12,31,2,30,140.65,0.18,4.1000000000000005,0,0,0,7,24.3,97.95,1008,0,0,0,0,24.6,233,2.3000000000000003
2015,12,31,3,30,127.37,0.18,4.1000000000000005,0,0,0,7,24.200000000000003,98.55,1008,0,0,0,0,24.400000000000002,237,2.3000000000000003
2015,12,31,4,30,113.71000000000001,0.18,4.1000000000000005,0,0,0,5,24,98.96000000000001,1008,0,0,0,0,24.200000000000003,242,2.4000000000000004
2015,12,31,5,30,99.92,0.18,4.1000000000000005,0,0,0,8,23.900000000000002,97.98,1009,0,0,0,0,24.200000000000003,248,2.5
2015,12,31,6,30,86,0.18,4.1000000000000005,3,0,3,7,23.6,92.7,1010,3,0,5,3,24.900000000000002,253,2.7
2015,12,31,7,30,72.60000000000001,0.18,4.1000000000000005,142,46,155,0,23.3,84.63,1010,142,46,0,155,26.1,256,2.9000000000000004
2015,12,31,8,30,59.51,0.18,4.1000000000000005,289,162,371,0,22.900000000000002,75.35000000000001,1010,289,162,0,371,27.700000000000003,257,2.8000000000000003
2015,12,31,9,30,47.26,0.18,4,367,284,560,0,22.3,65.89,1010,367,284,0,560,29.3,257,2.4000000000000004
2015,12,31,10,30,36.74,0.18,4,414,359,702,0,21.6,58.93,1009,414,359,0,702,30.5,253,1.9000000000000001
2015,12,31,11,30,29.900000000000002,0.18,4,436,397,780,0,20.8,53.15,1008,436,397,0,780,31.5,242,1.6
2015,12,31,12,30,29.45,0.18,4,430,411,788,0,20.200000000000003,49.76,1007,430,411,0,788,32,227,1.7000000000000002
2015,12,31,13,30,35.63,0.18,4,409,382,720,3,19.900000000000002,48.4,1006,459,30,0,484,32.2,216,2.1
2015,12,31,14,30,45.82,0.18,4,364,319,587,3,19.900000000000002,49.15,1006,322,3,0,324,31.900000000000002,208,2.5
2015,12,31,15,30,57.93,0.18,4,300,158,384,0,20.1,52.11,1006,300,158,0,384,31.1,201,2.9000000000000004
2015,12,31,16,30,70.95,0.18,4,157,55,175,0,20.8,59.04,1006,157,55,0,175,29.700000000000003,196,3.1
2015,12,31,17,30,84.35000000000001,0.18,4,9,1,9,1,22.5,71.15,1007,9,1,0,9,28.200000000000003,194,3.3000000000000003
2015,12,31,18,30,98.21000000000001,0.18,4,0,0,0,4,23.200000000000003,78.99,1007,0,0,0,0,27.200000000000003,197,3.3000000000000003
2015,12,31,19,30,112,0.18,4,0,0,0,4,23.900000000000002,84.55,1008,0,0,0,0,26.700000000000003,201,3.1
2015,12,31,20,30,125.7,0.18,4,0,0,0,4,24.3,88.27,1009,0,0,0,0,26.400000000000002,206,2.9000000000000004
2015,12,31,21,30,139.06,0.18,4.1000000000000005,0,0,0,5,24.6,90.91,1009,0,0,0,0,26.200000000000003,209,2.6
2015,12,31,22,30,151.45000000000002,0.18,4.1000000000000005,0,0,0,5,24.8,92.94,1009,0,0,0,0,26,211,2.4000000000000004
2015,12,31,23,30,160.76,0.18,4.2,0,0,0,8,24.8,94.49,1008,0,0,0,0,25.8,215,2.2
